"DATE_NAME","GEOGRAPHY_CODE","GEOGRAPHY_NAME","OBS_VALUE","OBS_STATUS","OBS_STATUS_NAME"
"2011","E06000001","Hartlepool",32000,"A","Normal Value"
"2011","E06000002","Middlesbrough",65000,"A","Normal Value"
"2011","E06000003","Redcar and Cleveland",42000,"A","Normal Value"
"2011","E06000004","Stockton-on-Tees",89000,"A","Normal Value"
"2011","E06000005","Darlington",53000,"A","Normal Value"
"2011","E06000047","County Durham",186000,"A","Normal Value"
"2011","E06000057","Northumberland",122000,"A","Normal Value"
"2011","E08000021","Newcastle upon Tyne",190000,"A","Normal Value"
"2011","E08000022","North Tyneside",77000,"A","Normal Value"
"2011","E08000023","South Tyneside",48000,"A","Normal Value"
"2011","E08000024","Sunderland",126000,"A","Normal Value"
"2011","E08000037","Gateshead",101000,"A","Normal Value"
"2011","E06000006","Halton",59000,"A","Normal Value"
"2011","E06000007","Warrington",129000,"A","Normal Value"
"2011","E06000008","Blackburn with Darwen",64000,"A","Normal Value"
"2011","E06000009","Blackpool",64000,"A","Normal Value"
"2011","E06000049","Cheshire East",192000,"A","Normal Value"
"2011","E06000050","Cheshire West and Chester",168000,"A","Normal Value"
"2011","E06000063","Cumberland",133000,"A","Normal Value"
"2011","E06000064","Westmorland and Furness",121000,"A","Normal Value"
"2011","E07000117","Burnley",40000,"A","Normal Value"
"2011","E07000118","Chorley",48000,"A","Normal Value"
"2011","E07000119","Fylde",45000,"A","Normal Value"
"2011","E07000120","Hyndburn",31000,"A","Normal Value"
"2011","E07000121","Lancaster",65000,"A","Normal Value"
"2011","E07000122","Pendle",37000,"A","Normal Value"
"2011","E07000123","Preston",96000,"A","Normal Value"
"2011","E07000124","Ribble Valley",35000,"A","Normal Value"
"2011","E07000125","Rossendale",24000,"A","Normal Value"
"2011","E07000126","South Ribble",63000,"A","Normal Value"
"2011","E07000127","West Lancashire",51000,"A","Normal Value"
"2011","E07000128","Wyre",41000,"A","Normal Value"
"2011","E08000001","Bolton",113000,"A","Normal Value"
"2011","E08000002","Bury",72000,"A","Normal Value"
"2011","E08000003","Manchester",343000,"A","Normal Value"
"2011","E08000004","Oldham",83000,"A","Normal Value"
"2011","E08000005","Rochdale",78000,"A","Normal Value"
"2011","E08000006","Salford",126000,"A","Normal Value"
"2011","E08000007","Stockport",140000,"A","Normal Value"
"2011","E08000008","Tameside",77000,"A","Normal Value"
"2011","E08000009","Trafford",142000,"A","Normal Value"
"2011","E08000010","Wigan",112000,"A","Normal Value"
"2011","E08000011","Knowsley",61000,"A","Normal Value"
"2011","E08000012","Liverpool",250000,"A","Normal Value"
"2011","E08000013","St. Helens",66000,"A","Normal Value"
"2011","E08000014","Sefton",101000,"A","Normal Value"
"2011","E08000015","Wirral",112000,"A","Normal Value"
"2011","E06000010","Kingston upon Hull, City of",128000,"A","Normal Value"
"2011","E06000011","East Riding of Yorkshire",135000,"A","Normal Value"
"2011","E06000012","North East Lincolnshire",74000,"A","Normal Value"
"2011","E06000013","North Lincolnshire",75000,"A","Normal Value"
"2011","E06000014","York",117000,"A","Normal Value"
"2011","E06000065","North Yorkshire",310000,"A","Normal Value"
"2011","E08000016","Barnsley",81000,"A","Normal Value"
"2011","E08000017","Doncaster",124000,"A","Normal Value"
"2011","E08000018","Rotherham",105000,"A","Normal Value"
"2011","E08000019","Sheffield",274000,"A","Normal Value"
"2011","E08000032","Bradford",218000,"A","Normal Value"
"2011","E08000033","Calderdale",101000,"A","Normal Value"
"2011","E08000034","Kirklees",172000,"A","Normal Value"
"2011","E08000035","Leeds",452000,"A","Normal Value"
"2011","E08000036","Wakefield",148000,"A","Normal Value"
"2011","E06000015","Derby",131000,"A","Normal Value"
"2011","E06000016","Leicester",175000,"A","Normal Value"
"2011","E06000017","Rutland",20000,"A","Normal Value"
"2011","E06000018","Nottingham",212000,"A","Normal Value"
"2011","E06000061","North Northamptonshire",147000,"A","Normal Value"
"2011","E06000062","West Northamptonshire",218000,"A","Normal Value"
"2011","E07000032","Amber Valley",57000,"A","Normal Value"
"2011","E07000033","Bolsover",32000,"A","Normal Value"
"2011","E07000034","Chesterfield",55000,"A","Normal Value"
"2011","E07000035","Derbyshire Dales",47000,"A","Normal Value"
"2011","E07000036","Erewash",41000,"A","Normal Value"
"2011","E07000037","High Peak",38000,"A","Normal Value"
"2011","E07000038","North East Derbyshire",31000,"A","Normal Value"
"2011","E07000039","South Derbyshire",34000,"A","Normal Value"
"2011","E07000129","Blaby",53000,"A","Normal Value"
"2011","E07000130","Charnwood",70000,"A","Normal Value"
"2011","E07000131","Harborough",43000,"A","Normal Value"
"2011","E07000132","Hinckley and Bosworth",44000,"A","Normal Value"
"2011","E07000133","Melton",25000,"A","Normal Value"
"2011","E07000134","North West Leicestershire",55000,"A","Normal Value"
"2011","E07000135","Oadby and Wigston",21000,"A","Normal Value"
"2011","E07000136","Boston",34000,"A","Normal Value"
"2011","E07000137","East Lindsey",58000,"A","Normal Value"
"2011","E07000138","Lincoln",59000,"A","Normal Value"
"2011","E07000139","North Kesteven",49000,"A","Normal Value"
"2011","E07000140","South Holland",43000,"A","Normal Value"
"2011","E07000141","South Kesteven",62000,"A","Normal Value"
"2011","E07000142","West Lindsey",30000,"A","Normal Value"
"2011","E07000170","Ashfield",49000,"A","Normal Value"
"2011","E07000171","Bassetlaw",51000,"A","Normal Value"
"2011","E07000172","Broxtowe",42000,"A","Normal Value"
"2011","E07000173","Gedling",33000,"A","Normal Value"
"2011","E07000174","Mansfield",42000,"A","Normal Value"
"2011","E07000175","Newark and Sherwood",53000,"A","Normal Value"
"2011","E07000176","Rushcliffe",45000,"A","Normal Value"
"2011","E06000019","Herefordshire, County of",92000,"A","Normal Value"
"2011","E06000020","Telford and Wrekin",85000,"A","Normal Value"
"2011","E06000021","Stoke-on-Trent",118000,"A","Normal Value"
"2011","E06000051","Shropshire",142000,"A","Normal Value"
"2011","E07000192","Cannock Chase",39000,"A","Normal Value"
"2011","E07000193","East Staffordshire",64000,"A","Normal Value"
"2011","E07000194","Lichfield",47000,"A","Normal Value"
"2011","E07000195","Newcastle-under-Lyme",46000,"A","Normal Value"
"2011","E07000196","South Staffordshire",36000,"A","Normal Value"
"2011","E07000197","Stafford",68000,"A","Normal Value"
"2011","E07000198","Staffordshire Moorlands",34000,"A","Normal Value"
"2011","E07000199","Tamworth",30000,"A","Normal Value"
"2011","E07000218","North Warwickshire",44000,"A","Normal Value"
"2011","E07000219","Nuneaton and Bedworth",49000,"A","Normal Value"
"2011","E07000220","Rugby",50000,"A","Normal Value"
"2011","E07000221","Stratford-on-Avon",70000,"A","Normal Value"
"2011","E07000222","Warwick",91000,"A","Normal Value"
"2011","E07000234","Bromsgrove",37000,"A","Normal Value"
"2011","E07000235","Malvern Hills",31000,"A","Normal Value"
"2011","E07000236","Redditch",41000,"A","Normal Value"
"2011","E07000237","Worcester",58000,"A","Normal Value"
"2011","E07000238","Wychavon",55000,"A","Normal Value"
"2011","E07000239","Wyre Forest",39000,"A","Normal Value"
"2011","E08000025","Birmingham",526000,"A","Normal Value"
"2011","E08000026","Coventry",156000,"A","Normal Value"
"2011","E08000027","Dudley",125000,"A","Normal Value"
"2011","E08000028","Sandwell",125000,"A","Normal Value"
"2011","E08000029","Solihull",108000,"A","Normal Value"
"2011","E08000030","Walsall",103000,"A","Normal Value"
"2011","E08000031","Wolverhampton",125000,"A","Normal Value"
"2011","E06000031","Peterborough",104000,"A","Normal Value"
"2011","E06000032","Luton",94000,"A","Normal Value"
"2011","E06000033","Southend-on-Sea",74000,"A","Normal Value"
"2011","E06000034","Thurrock",66000,"A","Normal Value"
"2011","E06000055","Bedford",80000,"A","Normal Value"
"2011","E06000056","Central Bedfordshire",109000,"A","Normal Value"
"2011","E07000008","Cambridge",98000,"A","Normal Value"
"2011","E07000009","East Cambridgeshire",29000,"A","Normal Value"
"2011","E07000010","Fenland",35000,"A","Normal Value"
"2011","E07000011","Huntingdonshire",81000,"A","Normal Value"
"2011","E07000012","South Cambridgeshire",80000,"A","Normal Value"
"2011","E07000066","Basildon",86000,"A","Normal Value"
"2011","E07000067","Braintree",57000,"A","Normal Value"
"2011","E07000068","Brentwood",36000,"A","Normal Value"
"2011","E07000069","Castle Point",26000,"A","Normal Value"
"2011","E07000070","Chelmsford",97000,"A","Normal Value"
"2011","E07000071","Colchester",91000,"A","Normal Value"
"2011","E07000072","Epping Forest",53000,"A","Normal Value"
"2011","E07000073","Harlow",43000,"A","Normal Value"
"2011","E07000074","Maldon",22000,"A","Normal Value"
"2011","E07000075","Rochford",29000,"A","Normal Value"
"2011","E07000076","Tendring",47000,"A","Normal Value"
"2011","E07000077","Uttlesford",42000,"A","Normal Value"
"2011","E07000095","Broxbourne",44000,"A","Normal Value"
"2011","E07000096","Dacorum",71000,"A","Normal Value"
"2011","E07000098","Hertsmere",51000,"A","Normal Value"
"2011","E07000099","North Hertfordshire",53000,"A","Normal Value"
"2011","E07000102","Three Rivers",37000,"A","Normal Value"
"2011","E07000103","Watford",74000,"A","Normal Value"
"2011","E07000143","Breckland",51000,"A","Normal Value"
"2011","E07000144","Broadland",51000,"A","Normal Value"
"2011","E07000145","Great Yarmouth",41000,"A","Normal Value"
"2011","E07000146","King's Lynn and West Norfolk",63000,"A","Normal Value"
"2011","E07000147","North Norfolk",40000,"A","Normal Value"
"2011","E07000148","Norwich",94000,"A","Normal Value"
"2011","E07000149","South Norfolk",57000,"A","Normal Value"
"2011","E07000200","Babergh",37000,"A","Normal Value"
"2011","E07000202","Ipswich",76000,"A","Normal Value"
"2011","E07000203","Mid Suffolk",44000,"A","Normal Value"
"2011","E07000240","St Albans",77000,"A","Normal Value"
"2011","E07000241","Welwyn Hatfield",75000,"A","Normal Value"
"2011","E07000242","East Hertfordshire",63000,"A","Normal Value"
"2011","E07000243","Stevenage",47000,"A","Normal Value"
"2011","E07000244","East Suffolk",110000,"A","Normal Value"
"2011","E07000245","West Suffolk",96000,"A","Normal Value"
"2011","E09000001","City of London",436000,"A","Normal Value"
"2011","E09000002","Barking and Dagenham",54000,"A","Normal Value"
"2011","E09000003","Barnet",147000,"A","Normal Value"
"2011","E09000004","Bexley",78000,"A","Normal Value"
"2011","E09000005","Brent",115000,"A","Normal Value"
"2011","E09000006","Bromley",119000,"A","Normal Value"
"2011","E09000007","Camden",331000,"A","Normal Value"
"2011","E09000008","Croydon",136000,"A","Normal Value"
"2011","E09000009","Ealing",148000,"A","Normal Value"
"2011","E09000010","Enfield",110000,"A","Normal Value"
"2011","E09000011","Greenwich",81000,"A","Normal Value"
"2011","E09000012","Hackney",113000,"A","Normal Value"
"2011","E09000013","Hammersmith and Fulham",140000,"A","Normal Value"
"2011","E09000014","Haringey",74000,"A","Normal Value"
"2011","E09000015","Harrow",76000,"A","Normal Value"
"2011","E09000016","Havering",82000,"A","Normal Value"
"2011","E09000017","Hillingdon",202000,"A","Normal Value"
"2011","E09000018","Hounslow",150000,"A","Normal Value"
"2011","E09000019","Islington",201000,"A","Normal Value"
"2011","E09000020","Kensington and Chelsea",137000,"A","Normal Value"
"2011","E09000021","Kingston upon Thames",80000,"A","Normal Value"
"2011","E09000022","Lambeth",150000,"A","Normal Value"
"2011","E09000023","Lewisham",75000,"A","Normal Value"
"2011","E09000024","Merton",86000,"A","Normal Value"
"2011","E09000025","Newham",89000,"A","Normal Value"
"2011","E09000026","Redbridge",77000,"A","Normal Value"
"2011","E09000027","Richmond upon Thames",95000,"A","Normal Value"
"2011","E09000028","Southwark",247000,"A","Normal Value"
"2011","E09000029","Sutton",78000,"A","Normal Value"
"2011","E09000030","Tower Hamlets",251000,"A","Normal Value"
"2011","E09000031","Waltham Forest",71000,"A","Normal Value"
"2011","E09000032","Wandsworth",125000,"A","Normal Value"
"2011","E09000033","Westminster",674000,"A","Normal Value"
"2011","E06000035","Medway",96000,"A","Normal Value"
"2011","E06000036","Bracknell Forest",67000,"A","Normal Value"
"2011","E06000037","West Berkshire",100000,"A","Normal Value"
"2011","E06000038","Reading",105000,"A","Normal Value"
"2011","E06000039","Slough",87000,"A","Normal Value"
"2011","E06000040","Windsor and Maidenhead",89000,"A","Normal Value"
"2011","E06000041","Wokingham",81000,"A","Normal Value"
"2011","E06000042","Milton Keynes",161000,"A","Normal Value"
"2011","E06000043","Brighton and Hove",147000,"A","Normal Value"
"2011","E06000044","Portsmouth",123000,"A","Normal Value"
"2011","E06000045","Southampton",118000,"A","Normal Value"
"2011","E06000046","Isle of Wight",59000,"A","Normal Value"
"2011","E06000060","Buckinghamshire",246000,"A","Normal Value"
"2011","E07000061","Eastbourne",43000,"A","Normal Value"
"2011","E07000062","Hastings",37000,"A","Normal Value"
"2011","E07000063","Lewes",36000,"A","Normal Value"
"2011","E07000064","Rother",32000,"A","Normal Value"
"2011","E07000065","Wealden",57000,"A","Normal Value"
"2011","E07000084","Basingstoke and Deane",95000,"A","Normal Value"
"2011","E07000085","East Hampshire",58000,"A","Normal Value"
"2011","E07000086","Eastleigh",69000,"A","Normal Value"
"2011","E07000087","Fareham",58000,"A","Normal Value"
"2011","E07000088","Gosport",25000,"A","Normal Value"
"2011","E07000089","Hart",46000,"A","Normal Value"
"2011","E07000090","Havant",47000,"A","Normal Value"
"2011","E07000091","New Forest",79000,"A","Normal Value"
"2011","E07000092","Rushmoor",51000,"A","Normal Value"
"2011","E07000093","Test Valley",62000,"A","Normal Value"
"2011","E07000094","Winchester",83000,"A","Normal Value"
"2011","E07000105","Ashford",60000,"A","Normal Value"
"2011","E07000106","Canterbury",74000,"A","Normal Value"
"2011","E07000107","Dartford",58000,"A","Normal Value"
"2011","E07000108","Dover",37000,"A","Normal Value"
"2011","E07000109","Gravesham",33000,"A","Normal Value"
"2011","E07000110","Maidstone",84000,"A","Normal Value"
"2011","E07000111","Sevenoaks",55000,"A","Normal Value"
"2011","E07000112","Folkestone and Hythe",49000,"A","Normal Value"
"2011","E07000113","Swale",54000,"A","Normal Value"
"2011","E07000114","Thanet",48000,"A","Normal Value"
"2011","E07000115","Tonbridge and Malling",66000,"A","Normal Value"
"2011","E07000116","Tunbridge Wells",59000,"A","Normal Value"
"2011","E07000177","Cherwell",76000,"A","Normal Value"
"2011","E07000178","Oxford",118000,"A","Normal Value"
"2011","E07000179","South Oxfordshire",67000,"A","Normal Value"
"2011","E07000180","Vale of White Horse",64000,"A","Normal Value"
"2011","E07000181","West Oxfordshire",52000,"A","Normal Value"
"2011","E07000207","Elmbridge",67000,"A","Normal Value"
"2011","E07000208","Epsom and Ewell",37000,"A","Normal Value"
"2011","E07000209","Guildford",89000,"A","Normal Value"
"2011","E07000210","Mole Valley",52000,"A","Normal Value"
"2011","E07000211","Reigate and Banstead",74000,"A","Normal Value"
"2011","E07000212","Runnymede",61000,"A","Normal Value"
"2011","E07000213","Spelthorne",41000,"A","Normal Value"
"2011","E07000214","Surrey Heath",51000,"A","Normal Value"
"2011","E07000215","Tandridge",38000,"A","Normal Value"
"2011","E07000216","Waverley",61000,"A","Normal Value"
"2011","E07000217","Woking",53000,"A","Normal Value"
"2011","E07000223","Adur",21000,"A","Normal Value"
"2011","E07000224","Arun",49000,"A","Normal Value"
"2011","E07000225","Chichester",71000,"A","Normal Value"
"2011","E07000226","Crawley",84000,"A","Normal Value"
"2011","E07000227","Horsham",63000,"A","Normal Value"
"2011","E07000228","Mid Sussex",65000,"A","Normal Value"
"2011","E07000229","Worthing",54000,"A","Normal Value"
"2011","E06000022","Bath and North East Somerset",98000,"A","Normal Value"
"2011","E06000023","Bristol, City of",269000,"A","Normal Value"
"2011","E06000024","North Somerset",92000,"A","Normal Value"
"2011","E06000025","South Gloucestershire",157000,"A","Normal Value"
"2011","E06000026","Plymouth",128000,"A","Normal Value"
"2011","E06000027","Torbay",57000,"A","Normal Value"
"2011","E06000030","Swindon",120000,"A","Normal Value"
"2011","E06000052","Cornwall",259000,"A","Normal Value"
"2011","E06000053","Isles of Scilly",1000,"A","Normal Value"
"2011","E06000054","Wiltshire",231000,"A","Normal Value"
"2011","E06000058","Bournemouth, Christchurch and Poole",190000,"A","Normal Value"
"2011","E06000059","Dorset",170000,"A","Normal Value"
"2011","E07000040","East Devon",59000,"A","Normal Value"
"2011","E07000041","Exeter",87000,"A","Normal Value"
"2011","E07000042","Mid Devon",32000,"A","Normal Value"
"2011","E07000043","North Devon",51000,"A","Normal Value"
"2011","E07000044","South Hams",47000,"A","Normal Value"
"2011","E07000045","Teignbridge",55000,"A","Normal Value"
"2011","E07000046","Torridge",24000,"A","Normal Value"
"2011","E07000047","West Devon",18000,"A","Normal Value"
"2011","E07000078","Cheltenham",72000,"A","Normal Value"
"2011","E07000079","Cotswold",46000,"A","Normal Value"
"2011","E07000080","Forest of Dean",33000,"A","Normal Value"
"2011","E07000081","Gloucester",66000,"A","Normal Value"
"2011","E07000082","Stroud",57000,"A","Normal Value"
"2011","E07000083","Tewkesbury",44000,"A","Normal Value"
"2011","E06000066","Somerset",256000,"A","Normal Value"
"2011","W06000001","Isle of Anglesey",25000,"A","Normal Value"
"2011","W06000002","Gwynedd",60000,"A","Normal Value"
"2011","W06000003","Conwy",46000,"A","Normal Value"
"2011","W06000004","Denbighshire",43000,"A","Normal Value"
"2011","W06000005","Flintshire",76000,"A","Normal Value"
"2011","W06000006","Wrexham",61000,"A","Normal Value"
"2011","W06000008","Ceredigion",35000,"A","Normal Value"
"2011","W06000009","Pembrokeshire",55000,"A","Normal Value"
"2011","W06000010","Carmarthenshire",74000,"A","Normal Value"
"2011","W06000011","Swansea",114000,"A","Normal Value"
"2011","W06000012","Neath Port Talbot",50000,"A","Normal Value"
"2011","W06000013","Bridgend",60000,"A","Normal Value"
"2011","W06000014","Vale of Glamorgan",45000,"A","Normal Value"
"2011","W06000015","Cardiff",214000,"A","Normal Value"
"2011","W06000016","Rhondda Cynon Taf",81000,"A","Normal Value"
"2011","W06000018","Caerphilly",57000,"A","Normal Value"
"2011","W06000019","Blaenau Gwent",20000,"A","Normal Value"
"2011","W06000020","Torfaen",37000,"A","Normal Value"
"2011","W06000021","Monmouthshire",40000,"A","Normal Value"
"2011","W06000022","Newport",79000,"A","Normal Value"
"2011","W06000023","Powys",64000,"A","Normal Value"
"2011","W06000024","Merthyr Tydfil",25000,"A","Normal Value"
"2011","S12000005","Clackmannanshire",16000,"A","Normal Value"
"2011","S12000006","Dumfries and Galloway",70000,"A","Normal Value"
"2011","S12000008","East Ayrshire",46000,"A","Normal Value"
"2011","S12000010","East Lothian",33000,"A","Normal Value"
"2011","S12000011","East Renfrewshire",23000,"A","Normal Value"
"2011","S12000013","Na h-Eileanan Siar",12000,"A","Normal Value"
"2011","S12000014","Falkirk",66000,"A","Normal Value"
"2011","S12000017","Highland",125000,"A","Normal Value"
"2011","S12000018","Inverclyde",33000,"A","Normal Value"
"2011","S12000019","Midlothian",31000,"A","Normal Value"
"2011","S12000020","Moray",43000,"A","Normal Value"
"2011","S12000021","North Ayrshire",44000,"A","Normal Value"
"2011","S12000023","Orkney Islands",12000,"A","Normal Value"
"2011","S12000026","Scottish Borders",52000,"A","Normal Value"
"2011","S12000027","Shetland Islands",15000,"A","Normal Value"
"2011","S12000028","South Ayrshire",52000,"A","Normal Value"
"2011","S12000029","South Lanarkshire",133000,"A","Normal Value"
"2011","S12000030","Stirling",46000,"A","Normal Value"
"2011","S12000033","Aberdeen City",186000,"A","Normal Value"
"2011","S12000034","Aberdeenshire",118000,"A","Normal Value"
"2011","S12000035","Argyll and Bute",47000,"A","Normal Value"
"2011","S12000036","City of Edinburgh",349000,"A","Normal Value"
"2011","S12000038","Renfrewshire",79000,"A","Normal Value"
"2011","S12000039","West Dunbartonshire",35000,"A","Normal Value"
"2011","S12000040","West Lothian",80000,"A","Normal Value"
"2011","S12000041","Angus",43000,"A","Normal Value"
"2011","S12000042","Dundee City",78000,"A","Normal Value"
"2011","S12000045","East Dunbartonshire",27000,"A","Normal Value"
"2011","S12000047","Fife",146000,"A","Normal Value"
"2011","S12000048","Perth and Kinross",71000,"A","Normal Value"
"2011","S12000049","Glasgow City",423000,"A","Normal Value"
"2011","S12000050","North Lanarkshire",129000,"A","Normal Value"
"2011","N09000001","Antrim and Newtownabbey",,"Q","These figures are missing."
"2011","N09000002","Armagh City, Banbridge and Craigavon",,"Q","These figures are missing."
"2011","N09000003","Belfast",,"Q","These figures are missing."
"2011","N09000004","Causeway Coast and Glens",,"Q","These figures are missing."
"2011","N09000005","Derry City and Strabane",,"Q","These figures are missing."
"2011","N09000006","Fermanagh and Omagh",,"Q","These figures are missing."
"2011","N09000007","Lisburn and Castlereagh",,"Q","These figures are missing."
"2011","N09000008","Mid and East Antrim",,"Q","These figures are missing."
"2011","N09000009","Mid Ulster",,"Q","These figures are missing."
"2011","N09000010","Newry, Mourne and Down",,"Q","These figures are missing."
"2011","N09000011","Ards and North Down",,"Q","These figures are missing."
"2012","E06000001","Hartlepool",30000,"A","Normal Value"
"2012","E06000002","Middlesbrough",66000,"A","Normal Value"
"2012","E06000003","Redcar and Cleveland",45000,"A","Normal Value"
"2012","E06000004","Stockton-on-Tees",85000,"A","Normal Value"
"2012","E06000005","Darlington",55000,"A","Normal Value"
"2012","E06000047","County Durham",180000,"A","Normal Value"
"2012","E06000057","Northumberland",117000,"A","Normal Value"
"2012","E08000021","Newcastle upon Tyne",191000,"A","Normal Value"
"2012","E08000022","North Tyneside",79000,"A","Normal Value"
"2012","E08000023","South Tyneside",49000,"A","Normal Value"
"2012","E08000024","Sunderland",127000,"A","Normal Value"
"2012","E08000037","Gateshead",97000,"A","Normal Value"
"2012","E06000006","Halton",61000,"A","Normal Value"
"2012","E06000007","Warrington",129000,"A","Normal Value"
"2012","E06000008","Blackburn with Darwen",67000,"A","Normal Value"
"2012","E06000009","Blackpool",64000,"A","Normal Value"
"2012","E06000049","Cheshire East",196000,"A","Normal Value"
"2012","E06000050","Cheshire West and Chester",168000,"A","Normal Value"
"2012","E06000063","Cumberland",145000,"A","Normal Value"
"2012","E06000064","Westmorland and Furness",120000,"A","Normal Value"
"2012","E07000117","Burnley",38000,"A","Normal Value"
"2012","E07000118","Chorley",48000,"A","Normal Value"
"2012","E07000119","Fylde",46000,"A","Normal Value"
"2012","E07000120","Hyndburn",32000,"A","Normal Value"
"2012","E07000121","Lancaster",60000,"A","Normal Value"
"2012","E07000122","Pendle",36000,"A","Normal Value"
"2012","E07000123","Preston",91000,"A","Normal Value"
"2012","E07000124","Ribble Valley",35000,"A","Normal Value"
"2012","E07000125","Rossendale",25000,"A","Normal Value"
"2012","E07000126","South Ribble",60000,"A","Normal Value"
"2012","E07000127","West Lancashire",50000,"A","Normal Value"
"2012","E07000128","Wyre",37000,"A","Normal Value"
"2012","E08000001","Bolton",113000,"A","Normal Value"
"2012","E08000002","Bury",73000,"A","Normal Value"
"2012","E08000003","Manchester",354000,"A","Normal Value"
"2012","E08000004","Oldham",84000,"A","Normal Value"
"2012","E08000005","Rochdale",81000,"A","Normal Value"
"2012","E08000006","Salford",127000,"A","Normal Value"
"2012","E08000007","Stockport",140000,"A","Normal Value"
"2012","E08000008","Tameside",76000,"A","Normal Value"
"2012","E08000009","Trafford",142000,"A","Normal Value"
"2012","E08000010","Wigan",112000,"A","Normal Value"
"2012","E08000011","Knowsley",63000,"A","Normal Value"
"2012","E08000012","Liverpool",249000,"A","Normal Value"
"2012","E08000013","St. Helens",68000,"A","Normal Value"
"2012","E08000014","Sefton",97000,"A","Normal Value"
"2012","E08000015","Wirral",111000,"A","Normal Value"
"2012","E06000010","Kingston upon Hull, City of",126000,"A","Normal Value"
"2012","E06000011","East Riding of Yorkshire",131000,"A","Normal Value"
"2012","E06000012","North East Lincolnshire",70000,"A","Normal Value"
"2012","E06000013","North Lincolnshire",74000,"A","Normal Value"
"2012","E06000014","York",117000,"A","Normal Value"
"2012","E06000065","North Yorkshire",314000,"A","Normal Value"
"2012","E08000016","Barnsley",78000,"A","Normal Value"
"2012","E08000017","Doncaster",122000,"A","Normal Value"
"2012","E08000018","Rotherham",105000,"A","Normal Value"
"2012","E08000019","Sheffield",270000,"A","Normal Value"
"2012","E08000032","Bradford",213000,"A","Normal Value"
"2012","E08000033","Calderdale",97000,"A","Normal Value"
"2012","E08000034","Kirklees",168000,"A","Normal Value"
"2012","E08000035","Leeds",442000,"A","Normal Value"
"2012","E08000036","Wakefield",151000,"A","Normal Value"
"2012","E06000015","Derby",133000,"A","Normal Value"
"2012","E06000016","Leicester",174000,"A","Normal Value"
"2012","E06000017","Rutland",18000,"A","Normal Value"
"2012","E06000018","Nottingham",213000,"A","Normal Value"
"2012","E06000061","North Northamptonshire",148000,"A","Normal Value"
"2012","E06000062","West Northamptonshire",220000,"A","Normal Value"
"2012","E07000032","Amber Valley",56000,"A","Normal Value"
"2012","E07000033","Bolsover",30000,"A","Normal Value"
"2012","E07000034","Chesterfield",59000,"A","Normal Value"
"2012","E07000035","Derbyshire Dales",46000,"A","Normal Value"
"2012","E07000036","Erewash",44000,"A","Normal Value"
"2012","E07000037","High Peak",39000,"A","Normal Value"
"2012","E07000038","North East Derbyshire",30000,"A","Normal Value"
"2012","E07000039","South Derbyshire",39000,"A","Normal Value"
"2012","E07000129","Blaby",55000,"A","Normal Value"
"2012","E07000130","Charnwood",67000,"A","Normal Value"
"2012","E07000131","Harborough",42000,"A","Normal Value"
"2012","E07000132","Hinckley and Bosworth",42000,"A","Normal Value"
"2012","E07000133","Melton",25000,"A","Normal Value"
"2012","E07000134","North West Leicestershire",62000,"A","Normal Value"
"2012","E07000135","Oadby and Wigston",20000,"A","Normal Value"
"2012","E07000136","Boston",35000,"A","Normal Value"
"2012","E07000137","East Lindsey",55000,"A","Normal Value"
"2012","E07000138","Lincoln",58000,"A","Normal Value"
"2012","E07000139","North Kesteven",44000,"A","Normal Value"
"2012","E07000140","South Holland",41000,"A","Normal Value"
"2012","E07000141","South Kesteven",60000,"A","Normal Value"
"2012","E07000142","West Lindsey",30000,"A","Normal Value"
"2012","E07000170","Ashfield",50000,"A","Normal Value"
"2012","E07000171","Bassetlaw",51000,"A","Normal Value"
"2012","E07000172","Broxtowe",40000,"A","Normal Value"
"2012","E07000173","Gedling",32000,"A","Normal Value"
"2012","E07000174","Mansfield",39000,"A","Normal Value"
"2012","E07000175","Newark and Sherwood",50000,"A","Normal Value"
"2012","E07000176","Rushcliffe",45000,"A","Normal Value"
"2012","E06000019","Herefordshire, County of",96000,"A","Normal Value"
"2012","E06000020","Telford and Wrekin",88000,"A","Normal Value"
"2012","E06000021","Stoke-on-Trent",121000,"A","Normal Value"
"2012","E06000051","Shropshire",141000,"A","Normal Value"
"2012","E07000192","Cannock Chase",42000,"A","Normal Value"
"2012","E07000193","East Staffordshire",61000,"A","Normal Value"
"2012","E07000194","Lichfield",51000,"A","Normal Value"
"2012","E07000195","Newcastle-under-Lyme",49000,"A","Normal Value"
"2012","E07000196","South Staffordshire",35000,"A","Normal Value"
"2012","E07000197","Stafford",69000,"A","Normal Value"
"2012","E07000198","Staffordshire Moorlands",34000,"A","Normal Value"
"2012","E07000199","Tamworth",33000,"A","Normal Value"
"2012","E07000218","North Warwickshire",42000,"A","Normal Value"
"2012","E07000219","Nuneaton and Bedworth",45000,"A","Normal Value"
"2012","E07000220","Rugby",52000,"A","Normal Value"
"2012","E07000221","Stratford-on-Avon",71000,"A","Normal Value"
"2012","E07000222","Warwick",89000,"A","Normal Value"
"2012","E07000234","Bromsgrove",40000,"A","Normal Value"
"2012","E07000235","Malvern Hills",33000,"A","Normal Value"
"2012","E07000236","Redditch",40000,"A","Normal Value"
"2012","E07000237","Worcester",57000,"A","Normal Value"
"2012","E07000238","Wychavon",58000,"A","Normal Value"
"2012","E07000239","Wyre Forest",38000,"A","Normal Value"
"2012","E08000025","Birmingham",522000,"A","Normal Value"
"2012","E08000026","Coventry",158000,"A","Normal Value"
"2012","E08000027","Dudley",124000,"A","Normal Value"
"2012","E08000028","Sandwell",131000,"A","Normal Value"
"2012","E08000029","Solihull",113000,"A","Normal Value"
"2012","E08000030","Walsall",105000,"A","Normal Value"
"2012","E08000031","Wolverhampton",122000,"A","Normal Value"
"2012","E06000031","Peterborough",107000,"A","Normal Value"
"2012","E06000032","Luton",91000,"A","Normal Value"
"2012","E06000033","Southend-on-Sea",75000,"A","Normal Value"
"2012","E06000034","Thurrock",65000,"A","Normal Value"
"2012","E06000055","Bedford",79000,"A","Normal Value"
"2012","E06000056","Central Bedfordshire",103000,"A","Normal Value"
"2012","E07000008","Cambridge",100000,"A","Normal Value"
"2012","E07000009","East Cambridgeshire",33000,"A","Normal Value"
"2012","E07000010","Fenland",36000,"A","Normal Value"
"2012","E07000011","Huntingdonshire",81000,"A","Normal Value"
"2012","E07000012","South Cambridgeshire",74000,"A","Normal Value"
"2012","E07000066","Basildon",87000,"A","Normal Value"
"2012","E07000067","Braintree",57000,"A","Normal Value"
"2012","E07000068","Brentwood",39000,"A","Normal Value"
"2012","E07000069","Castle Point",29000,"A","Normal Value"
"2012","E07000070","Chelmsford",94000,"A","Normal Value"
"2012","E07000071","Colchester",92000,"A","Normal Value"
"2012","E07000072","Epping Forest",56000,"A","Normal Value"
"2012","E07000073","Harlow",48000,"A","Normal Value"
"2012","E07000074","Maldon",27000,"A","Normal Value"
"2012","E07000075","Rochford",31000,"A","Normal Value"
"2012","E07000076","Tendring",49000,"A","Normal Value"
"2012","E07000077","Uttlesford",46000,"A","Normal Value"
"2012","E07000095","Broxbourne",44000,"A","Normal Value"
"2012","E07000096","Dacorum",70000,"A","Normal Value"
"2012","E07000098","Hertsmere",54000,"A","Normal Value"
"2012","E07000099","North Hertfordshire",52000,"A","Normal Value"
"2012","E07000102","Three Rivers",39000,"A","Normal Value"
"2012","E07000103","Watford",76000,"A","Normal Value"
"2012","E07000143","Breckland",51000,"A","Normal Value"
"2012","E07000144","Broadland",56000,"A","Normal Value"
"2012","E07000145","Great Yarmouth",43000,"A","Normal Value"
"2012","E07000146","King's Lynn and West Norfolk",68000,"A","Normal Value"
"2012","E07000147","North Norfolk",42000,"A","Normal Value"
"2012","E07000148","Norwich",97000,"A","Normal Value"
"2012","E07000149","South Norfolk",58000,"A","Normal Value"
"2012","E07000200","Babergh",37000,"A","Normal Value"
"2012","E07000202","Ipswich",73000,"A","Normal Value"
"2012","E07000203","Mid Suffolk",43000,"A","Normal Value"
"2012","E07000240","St Albans",79000,"A","Normal Value"
"2012","E07000241","Welwyn Hatfield",79000,"A","Normal Value"
"2012","E07000242","East Hertfordshire",64000,"A","Normal Value"
"2012","E07000243","Stevenage",47000,"A","Normal Value"
"2012","E07000244","East Suffolk",108000,"A","Normal Value"
"2012","E07000245","West Suffolk",93000,"A","Normal Value"
"2012","E09000001","City of London",449000,"A","Normal Value"
"2012","E09000002","Barking and Dagenham",55000,"A","Normal Value"
"2012","E09000003","Barnet",154000,"A","Normal Value"
"2012","E09000004","Bexley",78000,"A","Normal Value"
"2012","E09000005","Brent",123000,"A","Normal Value"
"2012","E09000006","Bromley",122000,"A","Normal Value"
"2012","E09000007","Camden",344000,"A","Normal Value"
"2012","E09000008","Croydon",141000,"A","Normal Value"
"2012","E09000009","Ealing",148000,"A","Normal Value"
"2012","E09000010","Enfield",117000,"A","Normal Value"
"2012","E09000011","Greenwich",82000,"A","Normal Value"
"2012","E09000012","Hackney",112000,"A","Normal Value"
"2012","E09000013","Hammersmith and Fulham",147000,"A","Normal Value"
"2012","E09000014","Haringey",80000,"A","Normal Value"
"2012","E09000015","Harrow",79000,"A","Normal Value"
"2012","E09000016","Havering",84000,"A","Normal Value"
"2012","E09000017","Hillingdon",213000,"A","Normal Value"
"2012","E09000018","Hounslow",160000,"A","Normal Value"
"2012","E09000019","Islington",206000,"A","Normal Value"
"2012","E09000020","Kensington and Chelsea",144000,"A","Normal Value"
"2012","E09000021","Kingston upon Thames",81000,"A","Normal Value"
"2012","E09000022","Lambeth",152000,"A","Normal Value"
"2012","E09000023","Lewisham",78000,"A","Normal Value"
"2012","E09000024","Merton",89000,"A","Normal Value"
"2012","E09000025","Newham",97000,"A","Normal Value"
"2012","E09000026","Redbridge",88000,"A","Normal Value"
"2012","E09000027","Richmond upon Thames",92000,"A","Normal Value"
"2012","E09000028","Southwark",270000,"A","Normal Value"
"2012","E09000029","Sutton",79000,"A","Normal Value"
"2012","E09000030","Tower Hamlets",253000,"A","Normal Value"
"2012","E09000031","Waltham Forest",77000,"A","Normal Value"
"2012","E09000032","Wandsworth",136000,"A","Normal Value"
"2012","E09000033","Westminster",698000,"A","Normal Value"
"2012","E06000035","Medway",100000,"A","Normal Value"
"2012","E06000036","Bracknell Forest",66000,"A","Normal Value"
"2012","E06000037","West Berkshire",104000,"A","Normal Value"
"2012","E06000038","Reading",108000,"A","Normal Value"
"2012","E06000039","Slough",88000,"A","Normal Value"
"2012","E06000040","Windsor and Maidenhead",85000,"A","Normal Value"
"2012","E06000041","Wokingham",81000,"A","Normal Value"
"2012","E06000042","Milton Keynes",162000,"A","Normal Value"
"2012","E06000043","Brighton and Hove",152000,"A","Normal Value"
"2012","E06000044","Portsmouth",123000,"A","Normal Value"
"2012","E06000045","Southampton",122000,"A","Normal Value"
"2012","E06000046","Isle of Wight",59000,"A","Normal Value"
"2012","E06000060","Buckinghamshire",254000,"A","Normal Value"
"2012","E07000061","Eastbourne",46000,"A","Normal Value"
"2012","E07000062","Hastings",38000,"A","Normal Value"
"2012","E07000063","Lewes",39000,"A","Normal Value"
"2012","E07000064","Rother",32000,"A","Normal Value"
"2012","E07000065","Wealden",62000,"A","Normal Value"
"2012","E07000084","Basingstoke and Deane",92000,"A","Normal Value"
"2012","E07000085","East Hampshire",56000,"A","Normal Value"
"2012","E07000086","Eastleigh",68000,"A","Normal Value"
"2012","E07000087","Fareham",58000,"A","Normal Value"
"2012","E07000088","Gosport",24000,"A","Normal Value"
"2012","E07000089","Hart",47000,"A","Normal Value"
"2012","E07000090","Havant",46000,"A","Normal Value"
"2012","E07000091","New Forest",78000,"A","Normal Value"
"2012","E07000092","Rushmoor",52000,"A","Normal Value"
"2012","E07000093","Test Valley",63000,"A","Normal Value"
"2012","E07000094","Winchester",90000,"A","Normal Value"
"2012","E07000105","Ashford",59000,"A","Normal Value"
"2012","E07000106","Canterbury",70000,"A","Normal Value"
"2012","E07000107","Dartford",62000,"A","Normal Value"
"2012","E07000108","Dover",37000,"A","Normal Value"
"2012","E07000109","Gravesham",32000,"A","Normal Value"
"2012","E07000110","Maidstone",83000,"A","Normal Value"
"2012","E07000111","Sevenoaks",55000,"A","Normal Value"
"2012","E07000112","Folkestone and Hythe",46000,"A","Normal Value"
"2012","E07000113","Swale",52000,"A","Normal Value"
"2012","E07000114","Thanet",48000,"A","Normal Value"
"2012","E07000115","Tonbridge and Malling",60000,"A","Normal Value"
"2012","E07000116","Tunbridge Wells",56000,"A","Normal Value"
"2012","E07000177","Cherwell",77000,"A","Normal Value"
"2012","E07000178","Oxford",118000,"A","Normal Value"
"2012","E07000179","South Oxfordshire",69000,"A","Normal Value"
"2012","E07000180","Vale of White Horse",66000,"A","Normal Value"
"2012","E07000181","West Oxfordshire",52000,"A","Normal Value"
"2012","E07000207","Elmbridge",66000,"A","Normal Value"
"2012","E07000208","Epsom and Ewell",35000,"A","Normal Value"
"2012","E07000209","Guildford",86000,"A","Normal Value"
"2012","E07000210","Mole Valley",54000,"A","Normal Value"
"2012","E07000211","Reigate and Banstead",74000,"A","Normal Value"
"2012","E07000212","Runnymede",61000,"A","Normal Value"
"2012","E07000213","Spelthorne",44000,"A","Normal Value"
"2012","E07000214","Surrey Heath",57000,"A","Normal Value"
"2012","E07000215","Tandridge",39000,"A","Normal Value"
"2012","E07000216","Waverley",58000,"A","Normal Value"
"2012","E07000217","Woking",54000,"A","Normal Value"
"2012","E07000223","Adur",24000,"A","Normal Value"
"2012","E07000224","Arun",54000,"A","Normal Value"
"2012","E07000225","Chichester",69000,"A","Normal Value"
"2012","E07000226","Crawley",86000,"A","Normal Value"
"2012","E07000227","Horsham",57000,"A","Normal Value"
"2012","E07000228","Mid Sussex",67000,"A","Normal Value"
"2012","E07000229","Worthing",55000,"A","Normal Value"
"2012","E06000022","Bath and North East Somerset",100000,"A","Normal Value"
"2012","E06000023","Bristol, City of",270000,"A","Normal Value"
"2012","E06000024","North Somerset",87000,"A","Normal Value"
"2012","E06000025","South Gloucestershire",147000,"A","Normal Value"
"2012","E06000026","Plymouth",130000,"A","Normal Value"
"2012","E06000027","Torbay",59000,"A","Normal Value"
"2012","E06000030","Swindon",115000,"A","Normal Value"
"2012","E06000052","Cornwall",255000,"A","Normal Value"
"2012","E06000053","Isles of Scilly",1000,"A","Normal Value"
"2012","E06000054","Wiltshire",213000,"A","Normal Value"
"2012","E06000058","Bournemouth, Christchurch and Poole",195000,"A","Normal Value"
"2012","E06000059","Dorset",171000,"A","Normal Value"
"2012","E07000040","East Devon",56000,"A","Normal Value"
"2012","E07000041","Exeter",89000,"A","Normal Value"
"2012","E07000042","Mid Devon",31000,"A","Normal Value"
"2012","E07000043","North Devon",50000,"A","Normal Value"
"2012","E07000044","South Hams",48000,"A","Normal Value"
"2012","E07000045","Teignbridge",56000,"A","Normal Value"
"2012","E07000046","Torridge",25000,"A","Normal Value"
"2012","E07000047","West Devon",22000,"A","Normal Value"
"2012","E07000078","Cheltenham",72000,"A","Normal Value"
"2012","E07000079","Cotswold",47000,"A","Normal Value"
"2012","E07000080","Forest of Dean",32000,"A","Normal Value"
"2012","E07000081","Gloucester",67000,"A","Normal Value"
"2012","E07000082","Stroud",60000,"A","Normal Value"
"2012","E07000083","Tewkesbury",45000,"A","Normal Value"
"2012","E06000066","Somerset",250000,"A","Normal Value"
"2012","W06000001","Isle of Anglesey",26000,"A","Normal Value"
"2012","W06000002","Gwynedd",63000,"A","Normal Value"
"2012","W06000003","Conwy",47000,"A","Normal Value"
"2012","W06000004","Denbighshire",44000,"A","Normal Value"
"2012","W06000005","Flintshire",77000,"A","Normal Value"
"2012","W06000006","Wrexham",61000,"A","Normal Value"
"2012","W06000008","Ceredigion",34000,"A","Normal Value"
"2012","W06000009","Pembrokeshire",56000,"A","Normal Value"
"2012","W06000010","Carmarthenshire",75000,"A","Normal Value"
"2012","W06000011","Swansea",110000,"A","Normal Value"
"2012","W06000012","Neath Port Talbot",52000,"A","Normal Value"
"2012","W06000013","Bridgend",60000,"A","Normal Value"
"2012","W06000014","Vale of Glamorgan",45000,"A","Normal Value"
"2012","W06000015","Cardiff",213000,"A","Normal Value"
"2012","W06000016","Rhondda Cynon Taf",84000,"A","Normal Value"
"2012","W06000018","Caerphilly",57000,"A","Normal Value"
"2012","W06000019","Blaenau Gwent",21000,"A","Normal Value"
"2012","W06000020","Torfaen",38000,"A","Normal Value"
"2012","W06000021","Monmouthshire",41000,"A","Normal Value"
"2012","W06000022","Newport",76000,"A","Normal Value"
"2012","W06000023","Powys",66000,"A","Normal Value"
"2012","W06000024","Merthyr Tydfil",24000,"A","Normal Value"
"2012","S12000005","Clackmannanshire",16000,"A","Normal Value"
"2012","S12000006","Dumfries and Galloway",68000,"A","Normal Value"
"2012","S12000008","East Ayrshire",44000,"A","Normal Value"
"2012","S12000010","East Lothian",31000,"A","Normal Value"
"2012","S12000011","East Renfrewshire",21000,"A","Normal Value"
"2012","S12000013","Na h-Eileanan Siar",12000,"A","Normal Value"
"2012","S12000014","Falkirk",66000,"A","Normal Value"
"2012","S12000017","Highland",120000,"A","Normal Value"
"2012","S12000018","Inverclyde",30000,"A","Normal Value"
"2012","S12000019","Midlothian",32000,"A","Normal Value"
"2012","S12000020","Moray",42000,"A","Normal Value"
"2012","S12000021","North Ayrshire",42000,"A","Normal Value"
"2012","S12000023","Orkney Islands",12000,"A","Normal Value"
"2012","S12000026","Scottish Borders",50000,"A","Normal Value"
"2012","S12000027","Shetland Islands",14000,"A","Normal Value"
"2012","S12000028","South Ayrshire",50000,"A","Normal Value"
"2012","S12000029","South Lanarkshire",130000,"A","Normal Value"
"2012","S12000030","Stirling",48000,"A","Normal Value"
"2012","S12000033","Aberdeen City",191000,"A","Normal Value"
"2012","S12000034","Aberdeenshire",116000,"A","Normal Value"
"2012","S12000035","Argyll and Bute",48000,"A","Normal Value"
"2012","S12000036","City of Edinburgh",363000,"A","Normal Value"
"2012","S12000038","Renfrewshire",75000,"A","Normal Value"
"2012","S12000039","West Dunbartonshire",32000,"A","Normal Value"
"2012","S12000040","West Lothian",82000,"A","Normal Value"
"2012","S12000041","Angus",41000,"A","Normal Value"
"2012","S12000042","Dundee City",77000,"A","Normal Value"
"2012","S12000045","East Dunbartonshire",29000,"A","Normal Value"
"2012","S12000047","Fife",144000,"A","Normal Value"
"2012","S12000048","Perth and Kinross",70000,"A","Normal Value"
"2012","S12000049","Glasgow City",416000,"A","Normal Value"
"2012","S12000050","North Lanarkshire",132000,"A","Normal Value"
"2012","N09000001","Antrim and Newtownabbey",,"Q","These figures are missing."
"2012","N09000002","Armagh City, Banbridge and Craigavon",,"Q","These figures are missing."
"2012","N09000003","Belfast",,"Q","These figures are missing."
"2012","N09000004","Causeway Coast and Glens",,"Q","These figures are missing."
"2012","N09000005","Derry City and Strabane",,"Q","These figures are missing."
"2012","N09000006","Fermanagh and Omagh",,"Q","These figures are missing."
"2012","N09000007","Lisburn and Castlereagh",,"Q","These figures are missing."
"2012","N09000008","Mid and East Antrim",,"Q","These figures are missing."
"2012","N09000009","Mid Ulster",,"Q","These figures are missing."
"2012","N09000010","Newry, Mourne and Down",,"Q","These figures are missing."
"2012","N09000011","Ards and North Down",,"Q","These figures are missing."
"2013","E06000001","Hartlepool",32000,"A","Normal Value"
"2013","E06000002","Middlesbrough",65000,"A","Normal Value"
"2013","E06000003","Redcar and Cleveland",46000,"A","Normal Value"
"2013","E06000004","Stockton-on-Tees",88000,"A","Normal Value"
"2013","E06000005","Darlington",54000,"A","Normal Value"
"2013","E06000047","County Durham",189000,"A","Normal Value"
"2013","E06000057","Northumberland",121000,"A","Normal Value"
"2013","E08000021","Newcastle upon Tyne",190000,"A","Normal Value"
"2013","E08000022","North Tyneside",77000,"A","Normal Value"
"2013","E08000023","South Tyneside",50000,"A","Normal Value"
"2013","E08000024","Sunderland",124000,"A","Normal Value"
"2013","E08000037","Gateshead",96000,"A","Normal Value"
"2013","E06000006","Halton",55000,"A","Normal Value"
"2013","E06000007","Warrington",134000,"A","Normal Value"
"2013","E06000008","Blackburn with Darwen",71000,"A","Normal Value"
"2013","E06000009","Blackpool",64000,"A","Normal Value"
"2013","E06000049","Cheshire East",201000,"A","Normal Value"
"2013","E06000050","Cheshire West and Chester",173000,"A","Normal Value"
"2013","E06000063","Cumberland",141000,"A","Normal Value"
"2013","E06000064","Westmorland and Furness",126000,"A","Normal Value"
"2013","E07000117","Burnley",38000,"A","Normal Value"
"2013","E07000118","Chorley",46000,"A","Normal Value"
"2013","E07000119","Fylde",47000,"A","Normal Value"
"2013","E07000120","Hyndburn",32000,"A","Normal Value"
"2013","E07000121","Lancaster",64000,"A","Normal Value"
"2013","E07000122","Pendle",34000,"A","Normal Value"
"2013","E07000123","Preston",91000,"A","Normal Value"
"2013","E07000124","Ribble Valley",36000,"A","Normal Value"
"2013","E07000125","Rossendale",24000,"A","Normal Value"
"2013","E07000126","South Ribble",63000,"A","Normal Value"
"2013","E07000127","West Lancashire",52000,"A","Normal Value"
"2013","E07000128","Wyre",39000,"A","Normal Value"
"2013","E08000001","Bolton",117000,"A","Normal Value"
"2013","E08000002","Bury",75000,"A","Normal Value"
"2013","E08000003","Manchester",378000,"A","Normal Value"
"2013","E08000004","Oldham",88000,"A","Normal Value"
"2013","E08000005","Rochdale",78000,"A","Normal Value"
"2013","E08000006","Salford",128000,"A","Normal Value"
"2013","E08000007","Stockport",136000,"A","Normal Value"
"2013","E08000008","Tameside",76000,"A","Normal Value"
"2013","E08000009","Trafford",147000,"A","Normal Value"
"2013","E08000010","Wigan",113000,"A","Normal Value"
"2013","E08000011","Knowsley",64000,"A","Normal Value"
"2013","E08000012","Liverpool",253000,"A","Normal Value"
"2013","E08000013","St. Helens",66000,"A","Normal Value"
"2013","E08000014","Sefton",103000,"A","Normal Value"
"2013","E08000015","Wirral",113000,"A","Normal Value"
"2013","E06000010","Kingston upon Hull, City of",128000,"A","Normal Value"
"2013","E06000011","East Riding of Yorkshire",131000,"A","Normal Value"
"2013","E06000012","North East Lincolnshire",70000,"A","Normal Value"
"2013","E06000013","North Lincolnshire",75000,"A","Normal Value"
"2013","E06000014","York",114000,"A","Normal Value"
"2013","E06000065","North Yorkshire",324000,"A","Normal Value"
"2013","E08000016","Barnsley",85000,"A","Normal Value"
"2013","E08000017","Doncaster",126000,"A","Normal Value"
"2013","E08000018","Rotherham",102000,"A","Normal Value"
"2013","E08000019","Sheffield",270000,"A","Normal Value"
"2013","E08000032","Bradford",221000,"A","Normal Value"
"2013","E08000033","Calderdale",102000,"A","Normal Value"
"2013","E08000034","Kirklees",166000,"A","Normal Value"
"2013","E08000035","Leeds",454000,"A","Normal Value"
"2013","E08000036","Wakefield",156000,"A","Normal Value"
"2013","E06000015","Derby",134000,"A","Normal Value"
"2013","E06000016","Leicester",178000,"A","Normal Value"
"2013","E06000017","Rutland",19000,"A","Normal Value"
"2013","E06000018","Nottingham",222000,"A","Normal Value"
"2013","E06000061","North Northamptonshire",149000,"A","Normal Value"
"2013","E06000062","West Northamptonshire",219000,"A","Normal Value"
"2013","E07000032","Amber Valley",56000,"A","Normal Value"
"2013","E07000033","Bolsover",35000,"A","Normal Value"
"2013","E07000034","Chesterfield",50000,"A","Normal Value"
"2013","E07000035","Derbyshire Dales",39000,"A","Normal Value"
"2013","E07000036","Erewash",43000,"A","Normal Value"
"2013","E07000037","High Peak",35000,"A","Normal Value"
"2013","E07000038","North East Derbyshire",30000,"A","Normal Value"
"2013","E07000039","South Derbyshire",36000,"A","Normal Value"
"2013","E07000129","Blaby",53000,"A","Normal Value"
"2013","E07000130","Charnwood",68000,"A","Normal Value"
"2013","E07000131","Harborough",42000,"A","Normal Value"
"2013","E07000132","Hinckley and Bosworth",47000,"A","Normal Value"
"2013","E07000133","Melton",26000,"A","Normal Value"
"2013","E07000134","North West Leicestershire",56000,"A","Normal Value"
"2013","E07000135","Oadby and Wigston",19000,"A","Normal Value"
"2013","E07000136","Boston",36000,"A","Normal Value"
"2013","E07000137","East Lindsey",49000,"A","Normal Value"
"2013","E07000138","Lincoln",59000,"A","Normal Value"
"2013","E07000139","North Kesteven",43000,"A","Normal Value"
"2013","E07000140","South Holland",41000,"A","Normal Value"
"2013","E07000141","South Kesteven",61000,"A","Normal Value"
"2013","E07000142","West Lindsey",30000,"A","Normal Value"
"2013","E07000170","Ashfield",52000,"A","Normal Value"
"2013","E07000171","Bassetlaw",51000,"A","Normal Value"
"2013","E07000172","Broxtowe",39000,"A","Normal Value"
"2013","E07000173","Gedling",34000,"A","Normal Value"
"2013","E07000174","Mansfield",38000,"A","Normal Value"
"2013","E07000175","Newark and Sherwood",52000,"A","Normal Value"
"2013","E07000176","Rushcliffe",44000,"A","Normal Value"
"2013","E06000019","Herefordshire, County of",100000,"A","Normal Value"
"2013","E06000020","Telford and Wrekin",87000,"A","Normal Value"
"2013","E06000021","Stoke-on-Trent",124000,"A","Normal Value"
"2013","E06000051","Shropshire",143000,"A","Normal Value"
"2013","E07000192","Cannock Chase",42000,"A","Normal Value"
"2013","E07000193","East Staffordshire",62000,"A","Normal Value"
"2013","E07000194","Lichfield",51000,"A","Normal Value"
"2013","E07000195","Newcastle-under-Lyme",52000,"A","Normal Value"
"2013","E07000196","South Staffordshire",39000,"A","Normal Value"
"2013","E07000197","Stafford",68000,"A","Normal Value"
"2013","E07000198","Staffordshire Moorlands",34000,"A","Normal Value"
"2013","E07000199","Tamworth",34000,"A","Normal Value"
"2013","E07000218","North Warwickshire",38000,"A","Normal Value"
"2013","E07000219","Nuneaton and Bedworth",48000,"A","Normal Value"
"2013","E07000220","Rugby",53000,"A","Normal Value"
"2013","E07000221","Stratford-on-Avon",72000,"A","Normal Value"
"2013","E07000222","Warwick",88000,"A","Normal Value"
"2013","E07000234","Bromsgrove",41000,"A","Normal Value"
"2013","E07000235","Malvern Hills",31000,"A","Normal Value"
"2013","E07000236","Redditch",41000,"A","Normal Value"
"2013","E07000237","Worcester",57000,"A","Normal Value"
"2013","E07000238","Wychavon",56000,"A","Normal Value"
"2013","E07000239","Wyre Forest",36000,"A","Normal Value"
"2013","E08000025","Birmingham",541000,"A","Normal Value"
"2013","E08000026","Coventry",167000,"A","Normal Value"
"2013","E08000027","Dudley",123000,"A","Normal Value"
"2013","E08000028","Sandwell",131000,"A","Normal Value"
"2013","E08000029","Solihull",111000,"A","Normal Value"
"2013","E08000030","Walsall",106000,"A","Normal Value"
"2013","E08000031","Wolverhampton",122000,"A","Normal Value"
"2013","E06000031","Peterborough",109000,"A","Normal Value"
"2013","E06000032","Luton",96000,"A","Normal Value"
"2013","E06000033","Southend-on-Sea",74000,"A","Normal Value"
"2013","E06000034","Thurrock",68000,"A","Normal Value"
"2013","E06000055","Bedford",79000,"A","Normal Value"
"2013","E06000056","Central Bedfordshire",109000,"A","Normal Value"
"2013","E07000008","Cambridge",108000,"A","Normal Value"
"2013","E07000009","East Cambridgeshire",37000,"A","Normal Value"
"2013","E07000010","Fenland",38000,"A","Normal Value"
"2013","E07000011","Huntingdonshire",82000,"A","Normal Value"
"2013","E07000012","South Cambridgeshire",75000,"A","Normal Value"
"2013","E07000066","Basildon",86000,"A","Normal Value"
"2013","E07000067","Braintree",56000,"A","Normal Value"
"2013","E07000068","Brentwood",41000,"A","Normal Value"
"2013","E07000069","Castle Point",24000,"A","Normal Value"
"2013","E07000070","Chelmsford",92000,"A","Normal Value"
"2013","E07000071","Colchester",91000,"A","Normal Value"
"2013","E07000072","Epping Forest",54000,"A","Normal Value"
"2013","E07000073","Harlow",45000,"A","Normal Value"
"2013","E07000074","Maldon",24000,"A","Normal Value"
"2013","E07000075","Rochford",31000,"A","Normal Value"
"2013","E07000076","Tendring",45000,"A","Normal Value"
"2013","E07000077","Uttlesford",42000,"A","Normal Value"
"2013","E07000095","Broxbourne",48000,"A","Normal Value"
"2013","E07000096","Dacorum",69000,"A","Normal Value"
"2013","E07000098","Hertsmere",53000,"A","Normal Value"
"2013","E07000099","North Hertfordshire",56000,"A","Normal Value"
"2013","E07000102","Three Rivers",39000,"A","Normal Value"
"2013","E07000103","Watford",82000,"A","Normal Value"
"2013","E07000143","Breckland",49000,"A","Normal Value"
"2013","E07000144","Broadland",54000,"A","Normal Value"
"2013","E07000145","Great Yarmouth",44000,"A","Normal Value"
"2013","E07000146","King's Lynn and West Norfolk",61000,"A","Normal Value"
"2013","E07000147","North Norfolk",41000,"A","Normal Value"
"2013","E07000148","Norwich",96000,"A","Normal Value"
"2013","E07000149","South Norfolk",58000,"A","Normal Value"
"2013","E07000200","Babergh",37000,"A","Normal Value"
"2013","E07000202","Ipswich",74000,"A","Normal Value"
"2013","E07000203","Mid Suffolk",45000,"A","Normal Value"
"2013","E07000240","St Albans",80000,"A","Normal Value"
"2013","E07000241","Welwyn Hatfield",83000,"A","Normal Value"
"2013","E07000242","East Hertfordshire",69000,"A","Normal Value"
"2013","E07000243","Stevenage",45000,"A","Normal Value"
"2013","E07000244","East Suffolk",103000,"A","Normal Value"
"2013","E07000245","West Suffolk",96000,"A","Normal Value"
"2013","E09000001","City of London",463000,"A","Normal Value"
"2013","E09000002","Barking and Dagenham",54000,"A","Normal Value"
"2013","E09000003","Barnet",159000,"A","Normal Value"
"2013","E09000004","Bexley",80000,"A","Normal Value"
"2013","E09000005","Brent",125000,"A","Normal Value"
"2013","E09000006","Bromley",129000,"A","Normal Value"
"2013","E09000007","Camden",355000,"A","Normal Value"
"2013","E09000008","Croydon",130000,"A","Normal Value"
"2013","E09000009","Ealing",152000,"A","Normal Value"
"2013","E09000010","Enfield",118000,"A","Normal Value"
"2013","E09000011","Greenwich",86000,"A","Normal Value"
"2013","E09000012","Hackney",111000,"A","Normal Value"
"2013","E09000013","Hammersmith and Fulham",141000,"A","Normal Value"
"2013","E09000014","Haringey",84000,"A","Normal Value"
"2013","E09000015","Harrow",78000,"A","Normal Value"
"2013","E09000016","Havering",91000,"A","Normal Value"
"2013","E09000017","Hillingdon",213000,"A","Normal Value"
"2013","E09000018","Hounslow",167000,"A","Normal Value"
"2013","E09000019","Islington",220000,"A","Normal Value"
"2013","E09000020","Kensington and Chelsea",141000,"A","Normal Value"
"2013","E09000021","Kingston upon Thames",80000,"A","Normal Value"
"2013","E09000022","Lambeth",168000,"A","Normal Value"
"2013","E09000023","Lewisham",82000,"A","Normal Value"
"2013","E09000024","Merton",96000,"A","Normal Value"
"2013","E09000025","Newham",104000,"A","Normal Value"
"2013","E09000026","Redbridge",84000,"A","Normal Value"
"2013","E09000027","Richmond upon Thames",95000,"A","Normal Value"
"2013","E09000028","Southwark",256000,"A","Normal Value"
"2013","E09000029","Sutton",77000,"A","Normal Value"
"2013","E09000030","Tower Hamlets",269000,"A","Normal Value"
"2013","E09000031","Waltham Forest",81000,"A","Normal Value"
"2013","E09000032","Wandsworth",134000,"A","Normal Value"
"2013","E09000033","Westminster",717000,"A","Normal Value"
"2013","E06000035","Medway",98000,"A","Normal Value"
"2013","E06000036","Bracknell Forest",65000,"A","Normal Value"
"2013","E06000037","West Berkshire",100000,"A","Normal Value"
"2013","E06000038","Reading",109000,"A","Normal Value"
"2013","E06000039","Slough",89000,"A","Normal Value"
"2013","E06000040","Windsor and Maidenhead",88000,"A","Normal Value"
"2013","E06000041","Wokingham",84000,"A","Normal Value"
"2013","E06000042","Milton Keynes",173000,"A","Normal Value"
"2013","E06000043","Brighton and Hove",155000,"A","Normal Value"
"2013","E06000044","Portsmouth",123000,"A","Normal Value"
"2013","E06000045","Southampton",126000,"A","Normal Value"
"2013","E06000046","Isle of Wight",61000,"A","Normal Value"
"2013","E06000060","Buckinghamshire",253000,"A","Normal Value"
"2013","E07000061","Eastbourne",47000,"A","Normal Value"
"2013","E07000062","Hastings",37000,"A","Normal Value"
"2013","E07000063","Lewes",41000,"A","Normal Value"
"2013","E07000064","Rother",35000,"A","Normal Value"
"2013","E07000065","Wealden",62000,"A","Normal Value"
"2013","E07000084","Basingstoke and Deane",94000,"A","Normal Value"
"2013","E07000085","East Hampshire",51000,"A","Normal Value"
"2013","E07000086","Eastleigh",67000,"A","Normal Value"
"2013","E07000087","Fareham",57000,"A","Normal Value"
"2013","E07000088","Gosport",26000,"A","Normal Value"
"2013","E07000089","Hart",50000,"A","Normal Value"
"2013","E07000090","Havant",53000,"A","Normal Value"
"2013","E07000091","New Forest",81000,"A","Normal Value"
"2013","E07000092","Rushmoor",53000,"A","Normal Value"
"2013","E07000093","Test Valley",64000,"A","Normal Value"
"2013","E07000094","Winchester",92000,"A","Normal Value"
"2013","E07000105","Ashford",62000,"A","Normal Value"
"2013","E07000106","Canterbury",71000,"A","Normal Value"
"2013","E07000107","Dartford",64000,"A","Normal Value"
"2013","E07000108","Dover",42000,"A","Normal Value"
"2013","E07000109","Gravesham",31000,"A","Normal Value"
"2013","E07000110","Maidstone",85000,"A","Normal Value"
"2013","E07000111","Sevenoaks",57000,"A","Normal Value"
"2013","E07000112","Folkestone and Hythe",47000,"A","Normal Value"
"2013","E07000113","Swale",54000,"A","Normal Value"
"2013","E07000114","Thanet",51000,"A","Normal Value"
"2013","E07000115","Tonbridge and Malling",64000,"A","Normal Value"
"2013","E07000116","Tunbridge Wells",57000,"A","Normal Value"
"2013","E07000177","Cherwell",83000,"A","Normal Value"
"2013","E07000178","Oxford",121000,"A","Normal Value"
"2013","E07000179","South Oxfordshire",71000,"A","Normal Value"
"2013","E07000180","Vale of White Horse",66000,"A","Normal Value"
"2013","E07000181","West Oxfordshire",58000,"A","Normal Value"
"2013","E07000207","Elmbridge",68000,"A","Normal Value"
"2013","E07000208","Epsom and Ewell",34000,"A","Normal Value"
"2013","E07000209","Guildford",91000,"A","Normal Value"
"2013","E07000210","Mole Valley",50000,"A","Normal Value"
"2013","E07000211","Reigate and Banstead",76000,"A","Normal Value"
"2013","E07000212","Runnymede",56000,"A","Normal Value"
"2013","E07000213","Spelthorne",42000,"A","Normal Value"
"2013","E07000214","Surrey Heath",58000,"A","Normal Value"
"2013","E07000215","Tandridge",42000,"A","Normal Value"
"2013","E07000216","Waverley",60000,"A","Normal Value"
"2013","E07000217","Woking",52000,"A","Normal Value"
"2013","E07000223","Adur",23000,"A","Normal Value"
"2013","E07000224","Arun",50000,"A","Normal Value"
"2013","E07000225","Chichester",71000,"A","Normal Value"
"2013","E07000226","Crawley",89000,"A","Normal Value"
"2013","E07000227","Horsham",63000,"A","Normal Value"
"2013","E07000228","Mid Sussex",67000,"A","Normal Value"
"2013","E07000229","Worthing",56000,"A","Normal Value"
"2013","E06000022","Bath and North East Somerset",97000,"A","Normal Value"
"2013","E06000023","Bristol, City of",279000,"A","Normal Value"
"2013","E06000024","North Somerset",87000,"A","Normal Value"
"2013","E06000025","South Gloucestershire",151000,"A","Normal Value"
"2013","E06000026","Plymouth",129000,"A","Normal Value"
"2013","E06000027","Torbay",58000,"A","Normal Value"
"2013","E06000030","Swindon",120000,"A","Normal Value"
"2013","E06000052","Cornwall",258000,"A","Normal Value"
"2013","E06000053","Isles of Scilly",1000,"A","Normal Value"
"2013","E06000054","Wiltshire",223000,"A","Normal Value"
"2013","E06000058","Bournemouth, Christchurch and Poole",202000,"A","Normal Value"
"2013","E06000059","Dorset",174000,"A","Normal Value"
"2013","E07000040","East Devon",54000,"A","Normal Value"
"2013","E07000041","Exeter",95000,"A","Normal Value"
"2013","E07000042","Mid Devon",30000,"A","Normal Value"
"2013","E07000043","North Devon",53000,"A","Normal Value"
"2013","E07000044","South Hams",43000,"A","Normal Value"
"2013","E07000045","Teignbridge",54000,"A","Normal Value"
"2013","E07000046","Torridge",27000,"A","Normal Value"
"2013","E07000047","West Devon",22000,"A","Normal Value"
"2013","E07000078","Cheltenham",73000,"A","Normal Value"
"2013","E07000079","Cotswold",51000,"A","Normal Value"
"2013","E07000080","Forest of Dean",30000,"A","Normal Value"
"2013","E07000081","Gloucester",66000,"A","Normal Value"
"2013","E07000082","Stroud",58000,"A","Normal Value"
"2013","E07000083","Tewkesbury",45000,"A","Normal Value"
"2013","E06000066","Somerset",265000,"A","Normal Value"
"2013","W06000001","Isle of Anglesey",25000,"A","Normal Value"
"2013","W06000002","Gwynedd",65000,"A","Normal Value"
"2013","W06000003","Conwy",48000,"A","Normal Value"
"2013","W06000004","Denbighshire",45000,"A","Normal Value"
"2013","W06000005","Flintshire",76000,"A","Normal Value"
"2013","W06000006","Wrexham",63000,"A","Normal Value"
"2013","W06000008","Ceredigion",35000,"A","Normal Value"
"2013","W06000009","Pembrokeshire",56000,"A","Normal Value"
"2013","W06000010","Carmarthenshire",78000,"A","Normal Value"
"2013","W06000011","Swansea",117000,"A","Normal Value"
"2013","W06000012","Neath Port Talbot",51000,"A","Normal Value"
"2013","W06000013","Bridgend",62000,"A","Normal Value"
"2013","W06000014","Vale of Glamorgan",45000,"A","Normal Value"
"2013","W06000015","Cardiff",216000,"A","Normal Value"
"2013","W06000016","Rhondda Cynon Taf",85000,"A","Normal Value"
"2013","W06000018","Caerphilly",61000,"A","Normal Value"
"2013","W06000019","Blaenau Gwent",21000,"A","Normal Value"
"2013","W06000020","Torfaen",40000,"A","Normal Value"
"2013","W06000021","Monmouthshire",41000,"A","Normal Value"
"2013","W06000022","Newport",74000,"A","Normal Value"
"2013","W06000023","Powys",67000,"A","Normal Value"
"2013","W06000024","Merthyr Tydfil",23000,"A","Normal Value"
"2013","S12000005","Clackmannanshire",16000,"A","Normal Value"
"2013","S12000006","Dumfries and Galloway",70000,"A","Normal Value"
"2013","S12000008","East Ayrshire",43000,"A","Normal Value"
"2013","S12000010","East Lothian",33000,"A","Normal Value"
"2013","S12000011","East Renfrewshire",23000,"A","Normal Value"
"2013","S12000013","Na h-Eileanan Siar",13000,"A","Normal Value"
"2013","S12000014","Falkirk",70000,"A","Normal Value"
"2013","S12000017","Highland",130000,"A","Normal Value"
"2013","S12000018","Inverclyde",31000,"A","Normal Value"
"2013","S12000019","Midlothian",33000,"A","Normal Value"
"2013","S12000020","Moray",41000,"A","Normal Value"
"2013","S12000021","North Ayrshire",44000,"A","Normal Value"
"2013","S12000023","Orkney Islands",12000,"A","Normal Value"
"2013","S12000026","Scottish Borders",52000,"A","Normal Value"
"2013","S12000027","Shetland Islands",15000,"A","Normal Value"
"2013","S12000028","South Ayrshire",52000,"A","Normal Value"
"2013","S12000029","South Lanarkshire",131000,"A","Normal Value"
"2013","S12000030","Stirling",50000,"A","Normal Value"
"2013","S12000033","Aberdeen City",195000,"A","Normal Value"
"2013","S12000034","Aberdeenshire",114000,"A","Normal Value"
"2013","S12000035","Argyll and Bute",46000,"A","Normal Value"
"2013","S12000036","City of Edinburgh",346000,"A","Normal Value"
"2013","S12000038","Renfrewshire",77000,"A","Normal Value"
"2013","S12000039","West Dunbartonshire",33000,"A","Normal Value"
"2013","S12000040","West Lothian",78000,"A","Normal Value"
"2013","S12000041","Angus",42000,"A","Normal Value"
"2013","S12000042","Dundee City",77000,"A","Normal Value"
"2013","S12000045","East Dunbartonshire",30000,"A","Normal Value"
"2013","S12000047","Fife",145000,"A","Normal Value"
"2013","S12000048","Perth and Kinross",72000,"A","Normal Value"
"2013","S12000049","Glasgow City",386000,"A","Normal Value"
"2013","S12000050","North Lanarkshire",133000,"A","Normal Value"
"2013","N09000001","Antrim and Newtownabbey",,"Q","These figures are missing."
"2013","N09000002","Armagh City, Banbridge and Craigavon",,"Q","These figures are missing."
"2013","N09000003","Belfast",,"Q","These figures are missing."
"2013","N09000004","Causeway Coast and Glens",,"Q","These figures are missing."
"2013","N09000005","Derry City and Strabane",,"Q","These figures are missing."
"2013","N09000006","Fermanagh and Omagh",,"Q","These figures are missing."
"2013","N09000007","Lisburn and Castlereagh",,"Q","These figures are missing."
"2013","N09000008","Mid and East Antrim",,"Q","These figures are missing."
"2013","N09000009","Mid Ulster",,"Q","These figures are missing."
"2013","N09000010","Newry, Mourne and Down",,"Q","These figures are missing."
"2013","N09000011","Ards and North Down",,"Q","These figures are missing."
"2014","E06000001","Hartlepool",34000,"A","Normal Value"
"2014","E06000002","Middlesbrough",66000,"A","Normal Value"
"2014","E06000003","Redcar and Cleveland",47000,"A","Normal Value"
"2014","E06000004","Stockton-on-Tees",90000,"A","Normal Value"
"2014","E06000005","Darlington",55000,"A","Normal Value"
"2014","E06000047","County Durham",191000,"A","Normal Value"
"2014","E06000057","Northumberland",120000,"A","Normal Value"
"2014","E08000021","Newcastle upon Tyne",195000,"A","Normal Value"
"2014","E08000022","North Tyneside",84000,"A","Normal Value"
"2014","E08000023","South Tyneside",49000,"A","Normal Value"
"2014","E08000024","Sunderland",129000,"A","Normal Value"
"2014","E08000037","Gateshead",101000,"A","Normal Value"
"2014","E06000006","Halton",60000,"A","Normal Value"
"2014","E06000007","Warrington",135000,"A","Normal Value"
"2014","E06000008","Blackburn with Darwen",72000,"A","Normal Value"
"2014","E06000009","Blackpool",67000,"A","Normal Value"
"2014","E06000049","Cheshire East",207000,"A","Normal Value"
"2014","E06000050","Cheshire West and Chester",176000,"A","Normal Value"
"2014","E06000063","Cumberland",141000,"A","Normal Value"
"2014","E06000064","Westmorland and Furness",126000,"A","Normal Value"
"2014","E07000117","Burnley",40000,"A","Normal Value"
"2014","E07000118","Chorley",48000,"A","Normal Value"
"2014","E07000119","Fylde",49000,"A","Normal Value"
"2014","E07000120","Hyndburn",31000,"A","Normal Value"
"2014","E07000121","Lancaster",67000,"A","Normal Value"
"2014","E07000122","Pendle",37000,"A","Normal Value"
"2014","E07000123","Preston",95000,"A","Normal Value"
"2014","E07000124","Ribble Valley",29000,"A","Normal Value"
"2014","E07000125","Rossendale",23000,"A","Normal Value"
"2014","E07000126","South Ribble",58000,"A","Normal Value"
"2014","E07000127","West Lancashire",51000,"A","Normal Value"
"2014","E07000128","Wyre",37000,"A","Normal Value"
"2014","E08000001","Bolton",119000,"A","Normal Value"
"2014","E08000002","Bury",75000,"A","Normal Value"
"2014","E08000003","Manchester",385000,"A","Normal Value"
"2014","E08000004","Oldham",87000,"A","Normal Value"
"2014","E08000005","Rochdale",82000,"A","Normal Value"
"2014","E08000006","Salford",129000,"A","Normal Value"
"2014","E08000007","Stockport",140000,"A","Normal Value"
"2014","E08000008","Tameside",77000,"A","Normal Value"
"2014","E08000009","Trafford",154000,"A","Normal Value"
"2014","E08000010","Wigan",117000,"A","Normal Value"
"2014","E08000011","Knowsley",67000,"A","Normal Value"
"2014","E08000012","Liverpool",258000,"A","Normal Value"
"2014","E08000013","St. Helens",68000,"A","Normal Value"
"2014","E08000014","Sefton",101000,"A","Normal Value"
"2014","E08000015","Wirral",112000,"A","Normal Value"
"2014","E06000010","Kingston upon Hull, City of",129000,"A","Normal Value"
"2014","E06000011","East Riding of Yorkshire",138000,"A","Normal Value"
"2014","E06000012","North East Lincolnshire",73000,"A","Normal Value"
"2014","E06000013","North Lincolnshire",77000,"A","Normal Value"
"2014","E06000014","York",118000,"A","Normal Value"
"2014","E06000065","North Yorkshire",320000,"A","Normal Value"
"2014","E08000016","Barnsley",87000,"A","Normal Value"
"2014","E08000017","Doncaster",127000,"A","Normal Value"
"2014","E08000018","Rotherham",110000,"A","Normal Value"
"2014","E08000019","Sheffield",284000,"A","Normal Value"
"2014","E08000032","Bradford",219000,"A","Normal Value"
"2014","E08000033","Calderdale",109000,"A","Normal Value"
"2014","E08000034","Kirklees",177000,"A","Normal Value"
"2014","E08000035","Leeds",459000,"A","Normal Value"
"2014","E08000036","Wakefield",157000,"A","Normal Value"
"2014","E06000015","Derby",137000,"A","Normal Value"
"2014","E06000016","Leicester",182000,"A","Normal Value"
"2014","E06000017","Rutland",18000,"A","Normal Value"
"2014","E06000018","Nottingham",229000,"A","Normal Value"
"2014","E06000061","North Northamptonshire",151000,"A","Normal Value"
"2014","E06000062","West Northamptonshire",222000,"A","Normal Value"
"2014","E07000032","Amber Valley",59000,"A","Normal Value"
"2014","E07000033","Bolsover",30000,"A","Normal Value"
"2014","E07000034","Chesterfield",52000,"A","Normal Value"
"2014","E07000035","Derbyshire Dales",37000,"A","Normal Value"
"2014","E07000036","Erewash",40000,"A","Normal Value"
"2014","E07000037","High Peak",36000,"A","Normal Value"
"2014","E07000038","North East Derbyshire",31000,"A","Normal Value"
"2014","E07000039","South Derbyshire",34000,"A","Normal Value"
"2014","E07000129","Blaby",55000,"A","Normal Value"
"2014","E07000130","Charnwood",72000,"A","Normal Value"
"2014","E07000131","Harborough",42000,"A","Normal Value"
"2014","E07000132","Hinckley and Bosworth",48000,"A","Normal Value"
"2014","E07000133","Melton",23000,"A","Normal Value"
"2014","E07000134","North West Leicestershire",56000,"A","Normal Value"
"2014","E07000135","Oadby and Wigston",19000,"A","Normal Value"
"2014","E07000136","Boston",34000,"A","Normal Value"
"2014","E07000137","East Lindsey",51000,"A","Normal Value"
"2014","E07000138","Lincoln",63000,"A","Normal Value"
"2014","E07000139","North Kesteven",47000,"A","Normal Value"
"2014","E07000140","South Holland",40000,"A","Normal Value"
"2014","E07000141","South Kesteven",63000,"A","Normal Value"
"2014","E07000142","West Lindsey",31000,"A","Normal Value"
"2014","E07000170","Ashfield",55000,"A","Normal Value"
"2014","E07000171","Bassetlaw",55000,"A","Normal Value"
"2014","E07000172","Broxtowe",39000,"A","Normal Value"
"2014","E07000173","Gedling",37000,"A","Normal Value"
"2014","E07000174","Mansfield",42000,"A","Normal Value"
"2014","E07000175","Newark and Sherwood",56000,"A","Normal Value"
"2014","E07000176","Rushcliffe",47000,"A","Normal Value"
"2014","E06000019","Herefordshire, County of",93000,"A","Normal Value"
"2014","E06000020","Telford and Wrekin",92000,"A","Normal Value"
"2014","E06000021","Stoke-on-Trent",121000,"A","Normal Value"
"2014","E06000051","Shropshire",148000,"A","Normal Value"
"2014","E07000192","Cannock Chase",41000,"A","Normal Value"
"2014","E07000193","East Staffordshire",64000,"A","Normal Value"
"2014","E07000194","Lichfield",50000,"A","Normal Value"
"2014","E07000195","Newcastle-under-Lyme",51000,"A","Normal Value"
"2014","E07000196","South Staffordshire",35000,"A","Normal Value"
"2014","E07000197","Stafford",65000,"A","Normal Value"
"2014","E07000198","Staffordshire Moorlands",37000,"A","Normal Value"
"2014","E07000199","Tamworth",34000,"A","Normal Value"
"2014","E07000218","North Warwickshire",45000,"A","Normal Value"
"2014","E07000219","Nuneaton and Bedworth",47000,"A","Normal Value"
"2014","E07000220","Rugby",53000,"A","Normal Value"
"2014","E07000221","Stratford-on-Avon",77000,"A","Normal Value"
"2014","E07000222","Warwick",98000,"A","Normal Value"
"2014","E07000234","Bromsgrove",40000,"A","Normal Value"
"2014","E07000235","Malvern Hills",33000,"A","Normal Value"
"2014","E07000236","Redditch",43000,"A","Normal Value"
"2014","E07000237","Worcester",57000,"A","Normal Value"
"2014","E07000238","Wychavon",62000,"A","Normal Value"
"2014","E07000239","Wyre Forest",35000,"A","Normal Value"
"2014","E08000025","Birmingham",553000,"A","Normal Value"
"2014","E08000026","Coventry",171000,"A","Normal Value"
"2014","E08000027","Dudley",124000,"A","Normal Value"
"2014","E08000028","Sandwell",139000,"A","Normal Value"
"2014","E08000029","Solihull",115000,"A","Normal Value"
"2014","E08000030","Walsall",109000,"A","Normal Value"
"2014","E08000031","Wolverhampton",112000,"A","Normal Value"
"2014","E06000031","Peterborough",115000,"A","Normal Value"
"2014","E06000032","Luton",101000,"A","Normal Value"
"2014","E06000033","Southend-on-Sea",76000,"A","Normal Value"
"2014","E06000034","Thurrock",68000,"A","Normal Value"
"2014","E06000055","Bedford",83000,"A","Normal Value"
"2014","E06000056","Central Bedfordshire",113000,"A","Normal Value"
"2014","E07000008","Cambridge",113000,"A","Normal Value"
"2014","E07000009","East Cambridgeshire",37000,"A","Normal Value"
"2014","E07000010","Fenland",35000,"A","Normal Value"
"2014","E07000011","Huntingdonshire",84000,"A","Normal Value"
"2014","E07000012","South Cambridgeshire",84000,"A","Normal Value"
"2014","E07000066","Basildon",93000,"A","Normal Value"
"2014","E07000067","Braintree",61000,"A","Normal Value"
"2014","E07000068","Brentwood",38000,"A","Normal Value"
"2014","E07000069","Castle Point",25000,"A","Normal Value"
"2014","E07000070","Chelmsford",92000,"A","Normal Value"
"2014","E07000071","Colchester",97000,"A","Normal Value"
"2014","E07000072","Epping Forest",53000,"A","Normal Value"
"2014","E07000073","Harlow",44000,"A","Normal Value"
"2014","E07000074","Maldon",25000,"A","Normal Value"
"2014","E07000075","Rochford",27000,"A","Normal Value"
"2014","E07000076","Tendring",45000,"A","Normal Value"
"2014","E07000077","Uttlesford",43000,"A","Normal Value"
"2014","E07000095","Broxbourne",45000,"A","Normal Value"
"2014","E07000096","Dacorum",72000,"A","Normal Value"
"2014","E07000098","Hertsmere",54000,"A","Normal Value"
"2014","E07000099","North Hertfordshire",60000,"A","Normal Value"
"2014","E07000102","Three Rivers",46000,"A","Normal Value"
"2014","E07000103","Watford",87000,"A","Normal Value"
"2014","E07000143","Breckland",54000,"A","Normal Value"
"2014","E07000144","Broadland",53000,"A","Normal Value"
"2014","E07000145","Great Yarmouth",43000,"A","Normal Value"
"2014","E07000146","King's Lynn and West Norfolk",67000,"A","Normal Value"
"2014","E07000147","North Norfolk",40000,"A","Normal Value"
"2014","E07000148","Norwich",99000,"A","Normal Value"
"2014","E07000149","South Norfolk",57000,"A","Normal Value"
"2014","E07000200","Babergh",37000,"A","Normal Value"
"2014","E07000202","Ipswich",74000,"A","Normal Value"
"2014","E07000203","Mid Suffolk",45000,"A","Normal Value"
"2014","E07000240","St Albans",83000,"A","Normal Value"
"2014","E07000241","Welwyn Hatfield",84000,"A","Normal Value"
"2014","E07000242","East Hertfordshire",74000,"A","Normal Value"
"2014","E07000243","Stevenage",47000,"A","Normal Value"
"2014","E07000244","East Suffolk",110000,"A","Normal Value"
"2014","E07000245","West Suffolk",98000,"A","Normal Value"
"2014","E09000001","City of London",498000,"A","Normal Value"
"2014","E09000002","Barking and Dagenham",59000,"A","Normal Value"
"2014","E09000003","Barnet",165000,"A","Normal Value"
"2014","E09000004","Bexley",80000,"A","Normal Value"
"2014","E09000005","Brent",131000,"A","Normal Value"
"2014","E09000006","Bromley",127000,"A","Normal Value"
"2014","E09000007","Camden",379000,"A","Normal Value"
"2014","E09000008","Croydon",142000,"A","Normal Value"
"2014","E09000009","Ealing",159000,"A","Normal Value"
"2014","E09000010","Enfield",127000,"A","Normal Value"
"2014","E09000011","Greenwich",95000,"A","Normal Value"
"2014","E09000012","Hackney",131000,"A","Normal Value"
"2014","E09000013","Hammersmith and Fulham",148000,"A","Normal Value"
"2014","E09000014","Haringey",90000,"A","Normal Value"
"2014","E09000015","Harrow",89000,"A","Normal Value"
"2014","E09000016","Havering",90000,"A","Normal Value"
"2014","E09000017","Hillingdon",220000,"A","Normal Value"
"2014","E09000018","Hounslow",164000,"A","Normal Value"
"2014","E09000019","Islington",231000,"A","Normal Value"
"2014","E09000020","Kensington and Chelsea",141000,"A","Normal Value"
"2014","E09000021","Kingston upon Thames",82000,"A","Normal Value"
"2014","E09000022","Lambeth",180000,"A","Normal Value"
"2014","E09000023","Lewisham",88000,"A","Normal Value"
"2014","E09000024","Merton",97000,"A","Normal Value"
"2014","E09000025","Newham",112000,"A","Normal Value"
"2014","E09000026","Redbridge",89000,"A","Normal Value"
"2014","E09000027","Richmond upon Thames",95000,"A","Normal Value"
"2014","E09000028","Southwark",282000,"A","Normal Value"
"2014","E09000029","Sutton",78000,"A","Normal Value"
"2014","E09000030","Tower Hamlets",278000,"A","Normal Value"
"2014","E09000031","Waltham Forest",84000,"A","Normal Value"
"2014","E09000032","Wandsworth",134000,"A","Normal Value"
"2014","E09000033","Westminster",737000,"A","Normal Value"
"2014","E06000035","Medway",99000,"A","Normal Value"
"2014","E06000036","Bracknell Forest",69000,"A","Normal Value"
"2014","E06000037","West Berkshire",104000,"A","Normal Value"
"2014","E06000038","Reading",113000,"A","Normal Value"
"2014","E06000039","Slough",87000,"A","Normal Value"
"2014","E06000040","Windsor and Maidenhead",89000,"A","Normal Value"
"2014","E06000041","Wokingham",85000,"A","Normal Value"
"2014","E06000042","Milton Keynes",175000,"A","Normal Value"
"2014","E06000043","Brighton and Hove",161000,"A","Normal Value"
"2014","E06000044","Portsmouth",121000,"A","Normal Value"
"2014","E06000045","Southampton",131000,"A","Normal Value"
"2014","E06000046","Isle of Wight",58000,"A","Normal Value"
"2014","E06000060","Buckinghamshire",266000,"A","Normal Value"
"2014","E07000061","Eastbourne",47000,"A","Normal Value"
"2014","E07000062","Hastings",35000,"A","Normal Value"
"2014","E07000063","Lewes",40000,"A","Normal Value"
"2014","E07000064","Rother",35000,"A","Normal Value"
"2014","E07000065","Wealden",60000,"A","Normal Value"
"2014","E07000084","Basingstoke and Deane",88000,"A","Normal Value"
"2014","E07000085","East Hampshire",55000,"A","Normal Value"
"2014","E07000086","Eastleigh",67000,"A","Normal Value"
"2014","E07000087","Fareham",58000,"A","Normal Value"
"2014","E07000088","Gosport",27000,"A","Normal Value"
"2014","E07000089","Hart",51000,"A","Normal Value"
"2014","E07000090","Havant",54000,"A","Normal Value"
"2014","E07000091","New Forest",79000,"A","Normal Value"
"2014","E07000092","Rushmoor",53000,"A","Normal Value"
"2014","E07000093","Test Valley",69000,"A","Normal Value"
"2014","E07000094","Winchester",91000,"A","Normal Value"
"2014","E07000105","Ashford",61000,"A","Normal Value"
"2014","E07000106","Canterbury",77000,"A","Normal Value"
"2014","E07000107","Dartford",66000,"A","Normal Value"
"2014","E07000108","Dover",40000,"A","Normal Value"
"2014","E07000109","Gravesham",32000,"A","Normal Value"
"2014","E07000110","Maidstone",88000,"A","Normal Value"
"2014","E07000111","Sevenoaks",55000,"A","Normal Value"
"2014","E07000112","Folkestone and Hythe",50000,"A","Normal Value"
"2014","E07000113","Swale",53000,"A","Normal Value"
"2014","E07000114","Thanet",46000,"A","Normal Value"
"2014","E07000115","Tonbridge and Malling",67000,"A","Normal Value"
"2014","E07000116","Tunbridge Wells",65000,"A","Normal Value"
"2014","E07000177","Cherwell",82000,"A","Normal Value"
"2014","E07000178","Oxford",133000,"A","Normal Value"
"2014","E07000179","South Oxfordshire",73000,"A","Normal Value"
"2014","E07000180","Vale of White Horse",69000,"A","Normal Value"
"2014","E07000181","West Oxfordshire",54000,"A","Normal Value"
"2014","E07000207","Elmbridge",70000,"A","Normal Value"
"2014","E07000208","Epsom and Ewell",36000,"A","Normal Value"
"2014","E07000209","Guildford",95000,"A","Normal Value"
"2014","E07000210","Mole Valley",50000,"A","Normal Value"
"2014","E07000211","Reigate and Banstead",77000,"A","Normal Value"
"2014","E07000212","Runnymede",58000,"A","Normal Value"
"2014","E07000213","Spelthorne",43000,"A","Normal Value"
"2014","E07000214","Surrey Heath",61000,"A","Normal Value"
"2014","E07000215","Tandridge",43000,"A","Normal Value"
"2014","E07000216","Waverley",63000,"A","Normal Value"
"2014","E07000217","Woking",57000,"A","Normal Value"
"2014","E07000223","Adur",21000,"A","Normal Value"
"2014","E07000224","Arun",54000,"A","Normal Value"
"2014","E07000225","Chichester",74000,"A","Normal Value"
"2014","E07000226","Crawley",91000,"A","Normal Value"
"2014","E07000227","Horsham",60000,"A","Normal Value"
"2014","E07000228","Mid Sussex",68000,"A","Normal Value"
"2014","E07000229","Worthing",55000,"A","Normal Value"
"2014","E06000022","Bath and North East Somerset",101000,"A","Normal Value"
"2014","E06000023","Bristol, City of",294000,"A","Normal Value"
"2014","E06000024","North Somerset",90000,"A","Normal Value"
"2014","E06000025","South Gloucestershire",159000,"A","Normal Value"
"2014","E06000026","Plymouth",131000,"A","Normal Value"
"2014","E06000027","Torbay",58000,"A","Normal Value"
"2014","E06000030","Swindon",124000,"A","Normal Value"
"2014","E06000052","Cornwall",266000,"A","Normal Value"
"2014","E06000053","Isles of Scilly",3000,"A","Normal Value"
"2014","E06000054","Wiltshire",251000,"A","Normal Value"
"2014","E06000058","Bournemouth, Christchurch and Poole",207000,"A","Normal Value"
"2014","E06000059","Dorset",175000,"A","Normal Value"
"2014","E07000040","East Devon",59000,"A","Normal Value"
"2014","E07000041","Exeter",101000,"A","Normal Value"
"2014","E07000042","Mid Devon",35000,"A","Normal Value"
"2014","E07000043","North Devon",53000,"A","Normal Value"
"2014","E07000044","South Hams",44000,"A","Normal Value"
"2014","E07000045","Teignbridge",52000,"A","Normal Value"
"2014","E07000046","Torridge",23000,"A","Normal Value"
"2014","E07000047","West Devon",22000,"A","Normal Value"
"2014","E07000078","Cheltenham",75000,"A","Normal Value"
"2014","E07000079","Cotswold",51000,"A","Normal Value"
"2014","E07000080","Forest of Dean",31000,"A","Normal Value"
"2014","E07000081","Gloucester",68000,"A","Normal Value"
"2014","E07000082","Stroud",60000,"A","Normal Value"
"2014","E07000083","Tewkesbury",49000,"A","Normal Value"
"2014","E06000066","Somerset",266000,"A","Normal Value"
"2014","W06000001","Isle of Anglesey",25000,"A","Normal Value"
"2014","W06000002","Gwynedd",62000,"A","Normal Value"
"2014","W06000003","Conwy",48000,"A","Normal Value"
"2014","W06000004","Denbighshire",43000,"A","Normal Value"
"2014","W06000005","Flintshire",80000,"A","Normal Value"
"2014","W06000006","Wrexham",62000,"A","Normal Value"
"2014","W06000008","Ceredigion",34000,"A","Normal Value"
"2014","W06000009","Pembrokeshire",55000,"A","Normal Value"
"2014","W06000010","Carmarthenshire",78000,"A","Normal Value"
"2014","W06000011","Swansea",121000,"A","Normal Value"
"2014","W06000012","Neath Port Talbot",51000,"A","Normal Value"
"2014","W06000013","Bridgend",65000,"A","Normal Value"
"2014","W06000014","Vale of Glamorgan",47000,"A","Normal Value"
"2014","W06000015","Cardiff",217000,"A","Normal Value"
"2014","W06000016","Rhondda Cynon Taf",84000,"A","Normal Value"
"2014","W06000018","Caerphilly",60000,"A","Normal Value"
"2014","W06000019","Blaenau Gwent",21000,"A","Normal Value"
"2014","W06000020","Torfaen",39000,"A","Normal Value"
"2014","W06000021","Monmouthshire",41000,"A","Normal Value"
"2014","W06000022","Newport",74000,"A","Normal Value"
"2014","W06000023","Powys",64000,"A","Normal Value"
"2014","W06000024","Merthyr Tydfil",23000,"A","Normal Value"
"2014","S12000005","Clackmannanshire",17000,"A","Normal Value"
"2014","S12000006","Dumfries and Galloway",70000,"A","Normal Value"
"2014","S12000008","East Ayrshire",45000,"A","Normal Value"
"2014","S12000010","East Lothian",35000,"A","Normal Value"
"2014","S12000011","East Renfrewshire",24000,"A","Normal Value"
"2014","S12000013","Na h-Eileanan Siar",12000,"A","Normal Value"
"2014","S12000014","Falkirk",70000,"A","Normal Value"
"2014","S12000017","Highland",130000,"A","Normal Value"
"2014","S12000018","Inverclyde",33000,"A","Normal Value"
"2014","S12000019","Midlothian",35000,"A","Normal Value"
"2014","S12000020","Moray",42000,"A","Normal Value"
"2014","S12000021","North Ayrshire",45000,"A","Normal Value"
"2014","S12000023","Orkney Islands",12000,"A","Normal Value"
"2014","S12000026","Scottish Borders",50000,"A","Normal Value"
"2014","S12000027","Shetland Islands",16000,"A","Normal Value"
"2014","S12000028","South Ayrshire",50000,"A","Normal Value"
"2014","S12000029","South Lanarkshire",128000,"A","Normal Value"
"2014","S12000030","Stirling",49000,"A","Normal Value"
"2014","S12000033","Aberdeen City",203000,"A","Normal Value"
"2014","S12000034","Aberdeenshire",116000,"A","Normal Value"
"2014","S12000035","Argyll and Bute",46000,"A","Normal Value"
"2014","S12000036","City of Edinburgh",345000,"A","Normal Value"
"2014","S12000038","Renfrewshire",81000,"A","Normal Value"
"2014","S12000039","West Dunbartonshire",36000,"A","Normal Value"
"2014","S12000040","West Lothian",84000,"A","Normal Value"
"2014","S12000041","Angus",41000,"A","Normal Value"
"2014","S12000042","Dundee City",80000,"A","Normal Value"
"2014","S12000045","East Dunbartonshire",30000,"A","Normal Value"
"2014","S12000047","Fife",152000,"A","Normal Value"
"2014","S12000048","Perth and Kinross",72000,"A","Normal Value"
"2014","S12000049","Glasgow City",440000,"A","Normal Value"
"2014","S12000050","North Lanarkshire",143000,"A","Normal Value"
"2014","N09000001","Antrim and Newtownabbey",,"Q","These figures are missing."
"2014","N09000002","Armagh City, Banbridge and Craigavon",,"Q","These figures are missing."
"2014","N09000003","Belfast",,"Q","These figures are missing."
"2014","N09000004","Causeway Coast and Glens",,"Q","These figures are missing."
"2014","N09000005","Derry City and Strabane",,"Q","These figures are missing."
"2014","N09000006","Fermanagh and Omagh",,"Q","These figures are missing."
"2014","N09000007","Lisburn and Castlereagh",,"Q","These figures are missing."
"2014","N09000008","Mid and East Antrim",,"Q","These figures are missing."
"2014","N09000009","Mid Ulster",,"Q","These figures are missing."
"2014","N09000010","Newry, Mourne and Down",,"Q","These figures are missing."
"2014","N09000011","Ards and North Down",,"Q","These figures are missing."
"2015","E06000001","Hartlepool",34000,"A","Normal Value"
"2015","E06000002","Middlesbrough",67000,"A","Normal Value"
"2015","E06000003","Redcar and Cleveland",47000,"A","Normal Value"
"2015","E06000004","Stockton-on-Tees",93000,"A","Normal Value"
"2015","E06000005","Darlington",57000,"A","Normal Value"
"2015","E06000047","County Durham",199000,"A","Normal Value"
"2015","E06000057","Northumberland",125000,"A","Normal Value"
"2015","E08000021","Newcastle upon Tyne",199000,"A","Normal Value"
"2015","E08000022","North Tyneside",89000,"A","Normal Value"
"2015","E08000023","South Tyneside",52000,"A","Normal Value"
"2015","E08000024","Sunderland",129000,"A","Normal Value"
"2015","E08000037","Gateshead",106000,"A","Normal Value"
"2015","E06000006","Halton",62000,"A","Normal Value"
"2015","E06000007","Warrington",136000,"A","Normal Value"
"2015","E06000008","Blackburn with Darwen",72000,"A","Normal Value"
"2015","E06000009","Blackpool",67000,"A","Normal Value"
"2015","E06000049","Cheshire East",217000,"A","Normal Value"
"2015","E06000050","Cheshire West and Chester",185000,"A","Normal Value"
"2015","E06000063","Cumberland",146000,"A","Normal Value"
"2015","E06000064","Westmorland and Furness",127000,"A","Normal Value"
"2015","E07000117","Burnley",43000,"A","Normal Value"
"2015","E07000118","Chorley",46000,"A","Normal Value"
"2015","E07000119","Fylde",48000,"A","Normal Value"
"2015","E07000120","Hyndburn",33000,"A","Normal Value"
"2015","E07000121","Lancaster",62000,"A","Normal Value"
"2015","E07000122","Pendle",33000,"A","Normal Value"
"2015","E07000123","Preston",97000,"A","Normal Value"
"2015","E07000124","Ribble Valley",33000,"A","Normal Value"
"2015","E07000125","Rossendale",27000,"A","Normal Value"
"2015","E07000126","South Ribble",58000,"A","Normal Value"
"2015","E07000127","West Lancashire",52000,"A","Normal Value"
"2015","E07000128","Wyre",39000,"A","Normal Value"
"2015","E08000001","Bolton",121000,"A","Normal Value"
"2015","E08000002","Bury",76000,"A","Normal Value"
"2015","E08000003","Manchester",400000,"A","Normal Value"
"2015","E08000004","Oldham",91000,"A","Normal Value"
"2015","E08000005","Rochdale",81000,"A","Normal Value"
"2015","E08000006","Salford",129000,"A","Normal Value"
"2015","E08000007","Stockport",140000,"A","Normal Value"
"2015","E08000008","Tameside",79000,"A","Normal Value"
"2015","E08000009","Trafford",161000,"A","Normal Value"
"2015","E08000010","Wigan",118000,"A","Normal Value"
"2015","E08000011","Knowsley",69000,"A","Normal Value"
"2015","E08000012","Liverpool",265000,"A","Normal Value"
"2015","E08000013","St. Helens",67000,"A","Normal Value"
"2015","E08000014","Sefton",101000,"A","Normal Value"
"2015","E08000015","Wirral",119000,"A","Normal Value"
"2015","E06000010","Kingston upon Hull, City of",131000,"A","Normal Value"
"2015","E06000011","East Riding of Yorkshire",139000,"A","Normal Value"
"2015","E06000012","North East Lincolnshire",77000,"A","Normal Value"
"2015","E06000013","North Lincolnshire",78000,"A","Normal Value"
"2015","E06000014","York",117000,"A","Normal Value"
"2015","E06000065","North Yorkshire",346000,"A","Normal Value"
"2015","E08000016","Barnsley",89000,"A","Normal Value"
"2015","E08000017","Doncaster",138000,"A","Normal Value"
"2015","E08000018","Rotherham",113000,"A","Normal Value"
"2015","E08000019","Sheffield",285000,"A","Normal Value"
"2015","E08000032","Bradford",230000,"A","Normal Value"
"2015","E08000033","Calderdale",113000,"A","Normal Value"
"2015","E08000034","Kirklees",186000,"A","Normal Value"
"2015","E08000035","Leeds",487000,"A","Normal Value"
"2015","E08000036","Wakefield",164000,"A","Normal Value"
"2015","E06000015","Derby",140000,"A","Normal Value"
"2015","E06000016","Leicester",196000,"A","Normal Value"
"2015","E06000017","Rutland",19000,"A","Normal Value"
"2015","E06000018","Nottingham",243000,"A","Normal Value"
"2015","E06000061","North Northamptonshire",153000,"A","Normal Value"
"2015","E06000062","West Northamptonshire",224000,"A","Normal Value"
"2015","E07000032","Amber Valley",61000,"A","Normal Value"
"2015","E07000033","Bolsover",36000,"A","Normal Value"
"2015","E07000034","Chesterfield",53000,"A","Normal Value"
"2015","E07000035","Derbyshire Dales",38000,"A","Normal Value"
"2015","E07000036","Erewash",42000,"A","Normal Value"
"2015","E07000037","High Peak",35000,"A","Normal Value"
"2015","E07000038","North East Derbyshire",33000,"A","Normal Value"
"2015","E07000039","South Derbyshire",33000,"A","Normal Value"
"2015","E07000129","Blaby",57000,"A","Normal Value"
"2015","E07000130","Charnwood",73000,"A","Normal Value"
"2015","E07000131","Harborough",43000,"A","Normal Value"
"2015","E07000132","Hinckley and Bosworth",47000,"A","Normal Value"
"2015","E07000133","Melton",26000,"A","Normal Value"
"2015","E07000134","North West Leicestershire",61000,"A","Normal Value"
"2015","E07000135","Oadby and Wigston",21000,"A","Normal Value"
"2015","E07000136","Boston",33000,"A","Normal Value"
"2015","E07000137","East Lindsey",56000,"A","Normal Value"
"2015","E07000138","Lincoln",64000,"A","Normal Value"
"2015","E07000139","North Kesteven",48000,"A","Normal Value"
"2015","E07000140","South Holland",42000,"A","Normal Value"
"2015","E07000141","South Kesteven",62000,"A","Normal Value"
"2015","E07000142","West Lindsey",31000,"A","Normal Value"
"2015","E07000170","Ashfield",57000,"A","Normal Value"
"2015","E07000171","Bassetlaw",53000,"A","Normal Value"
"2015","E07000172","Broxtowe",41000,"A","Normal Value"
"2015","E07000173","Gedling",38000,"A","Normal Value"
"2015","E07000174","Mansfield",45000,"A","Normal Value"
"2015","E07000175","Newark and Sherwood",55000,"A","Normal Value"
"2015","E07000176","Rushcliffe",47000,"A","Normal Value"
"2015","E06000019","Herefordshire, County of",95000,"A","Normal Value"
"2015","E06000020","Telford and Wrekin",93000,"A","Normal Value"
"2015","E06000021","Stoke-on-Trent",125000,"A","Normal Value"
"2015","E06000051","Shropshire",148000,"A","Normal Value"
"2015","E07000192","Cannock Chase",44000,"A","Normal Value"
"2015","E07000193","East Staffordshire",70000,"A","Normal Value"
"2015","E07000194","Lichfield",53000,"A","Normal Value"
"2015","E07000195","Newcastle-under-Lyme",51000,"A","Normal Value"
"2015","E07000196","South Staffordshire",40000,"A","Normal Value"
"2015","E07000197","Stafford",65000,"A","Normal Value"
"2015","E07000198","Staffordshire Moorlands",35000,"A","Normal Value"
"2015","E07000199","Tamworth",37000,"A","Normal Value"
"2015","E07000218","North Warwickshire",48000,"A","Normal Value"
"2015","E07000219","Nuneaton and Bedworth",52000,"A","Normal Value"
"2015","E07000220","Rugby",52000,"A","Normal Value"
"2015","E07000221","Stratford-on-Avon",78000,"A","Normal Value"
"2015","E07000222","Warwick",93000,"A","Normal Value"
"2015","E07000234","Bromsgrove",41000,"A","Normal Value"
"2015","E07000235","Malvern Hills",32000,"A","Normal Value"
"2015","E07000236","Redditch",42000,"A","Normal Value"
"2015","E07000237","Worcester",59000,"A","Normal Value"
"2015","E07000238","Wychavon",63000,"A","Normal Value"
"2015","E07000239","Wyre Forest",37000,"A","Normal Value"
"2015","E08000025","Birmingham",563000,"A","Normal Value"
"2015","E08000026","Coventry",174000,"A","Normal Value"
"2015","E08000027","Dudley",127000,"A","Normal Value"
"2015","E08000028","Sandwell",144000,"A","Normal Value"
"2015","E08000029","Solihull",122000,"A","Normal Value"
"2015","E08000030","Walsall",119000,"A","Normal Value"
"2015","E08000031","Wolverhampton",114000,"A","Normal Value"
"2015","E06000031","Peterborough",122000,"A","Normal Value"
"2015","E06000032","Luton",98000,"A","Normal Value"
"2015","E06000033","Southend-on-Sea",76000,"A","Normal Value"
"2015","E06000034","Thurrock",72000,"A","Normal Value"
"2015","E06000055","Bedford",83000,"A","Normal Value"
"2015","E06000056","Central Bedfordshire",112000,"A","Normal Value"
"2015","E07000008","Cambridge",114000,"A","Normal Value"
"2015","E07000009","East Cambridgeshire",37000,"A","Normal Value"
"2015","E07000010","Fenland",37000,"A","Normal Value"
"2015","E07000011","Huntingdonshire",87000,"A","Normal Value"
"2015","E07000012","South Cambridgeshire",87000,"A","Normal Value"
"2015","E07000066","Basildon",93000,"A","Normal Value"
"2015","E07000067","Braintree",63000,"A","Normal Value"
"2015","E07000068","Brentwood",42000,"A","Normal Value"
"2015","E07000069","Castle Point",27000,"A","Normal Value"
"2015","E07000070","Chelmsford",95000,"A","Normal Value"
"2015","E07000071","Colchester",99000,"A","Normal Value"
"2015","E07000072","Epping Forest",55000,"A","Normal Value"
"2015","E07000073","Harlow",46000,"A","Normal Value"
"2015","E07000074","Maldon",28000,"A","Normal Value"
"2015","E07000075","Rochford",30000,"A","Normal Value"
"2015","E07000076","Tendring",44000,"A","Normal Value"
"2015","E07000077","Uttlesford",46000,"A","Normal Value"
"2015","E07000095","Broxbourne",45000,"A","Normal Value"
"2015","E07000096","Dacorum",76000,"A","Normal Value"
"2015","E07000098","Hertsmere",60000,"A","Normal Value"
"2015","E07000099","North Hertfordshire",60000,"A","Normal Value"
"2015","E07000102","Three Rivers",50000,"A","Normal Value"
"2015","E07000103","Watford",91000,"A","Normal Value"
"2015","E07000143","Breckland",56000,"A","Normal Value"
"2015","E07000144","Broadland",54000,"A","Normal Value"
"2015","E07000145","Great Yarmouth",42000,"A","Normal Value"
"2015","E07000146","King's Lynn and West Norfolk",67000,"A","Normal Value"
"2015","E07000147","North Norfolk",42000,"A","Normal Value"
"2015","E07000148","Norwich",100000,"A","Normal Value"
"2015","E07000149","South Norfolk",63000,"A","Normal Value"
"2015","E07000200","Babergh",39000,"A","Normal Value"
"2015","E07000202","Ipswich",77000,"A","Normal Value"
"2015","E07000203","Mid Suffolk",46000,"A","Normal Value"
"2015","E07000240","St Albans",88000,"A","Normal Value"
"2015","E07000241","Welwyn Hatfield",79000,"A","Normal Value"
"2015","E07000242","East Hertfordshire",73000,"A","Normal Value"
"2015","E07000243","Stevenage",48000,"A","Normal Value"
"2015","E07000244","East Suffolk",108000,"A","Normal Value"
"2015","E07000245","West Suffolk",96000,"A","Normal Value"
"2015","E09000001","City of London",541000,"A","Normal Value"
"2015","E09000002","Barking and Dagenham",62000,"A","Normal Value"
"2015","E09000003","Barnet",168000,"A","Normal Value"
"2015","E09000004","Bexley",86000,"A","Normal Value"
"2015","E09000005","Brent",136000,"A","Normal Value"
"2015","E09000006","Bromley",124000,"A","Normal Value"
"2015","E09000007","Camden",383000,"A","Normal Value"
"2015","E09000008","Croydon",144000,"A","Normal Value"
"2015","E09000009","Ealing",163000,"A","Normal Value"
"2015","E09000010","Enfield",133000,"A","Normal Value"
"2015","E09000011","Greenwich",96000,"A","Normal Value"
"2015","E09000012","Hackney",136000,"A","Normal Value"
"2015","E09000013","Hammersmith and Fulham",154000,"A","Normal Value"
"2015","E09000014","Haringey",93000,"A","Normal Value"
"2015","E09000015","Harrow",88000,"A","Normal Value"
"2015","E09000016","Havering",93000,"A","Normal Value"
"2015","E09000017","Hillingdon",202000,"A","Normal Value"
"2015","E09000018","Hounslow",187000,"A","Normal Value"
"2015","E09000019","Islington",250000,"A","Normal Value"
"2015","E09000020","Kensington and Chelsea",150000,"A","Normal Value"
"2015","E09000021","Kingston upon Thames",95000,"A","Normal Value"
"2015","E09000022","Lambeth",185000,"A","Normal Value"
"2015","E09000023","Lewisham",83000,"A","Normal Value"
"2015","E09000024","Merton",98000,"A","Normal Value"
"2015","E09000025","Newham",114000,"A","Normal Value"
"2015","E09000026","Redbridge",92000,"A","Normal Value"
"2015","E09000027","Richmond upon Thames",102000,"A","Normal Value"
"2015","E09000028","Southwark",289000,"A","Normal Value"
"2015","E09000029","Sutton",80000,"A","Normal Value"
"2015","E09000030","Tower Hamlets",298000,"A","Normal Value"
"2015","E09000031","Waltham Forest",86000,"A","Normal Value"
"2015","E09000032","Wandsworth",144000,"A","Normal Value"
"2015","E09000033","Westminster",756000,"A","Normal Value"
"2015","E06000035","Medway",102000,"A","Normal Value"
"2015","E06000036","Bracknell Forest",71000,"A","Normal Value"
"2015","E06000037","West Berkshire",107000,"A","Normal Value"
"2015","E06000038","Reading",118000,"A","Normal Value"
"2015","E06000039","Slough",88000,"A","Normal Value"
"2015","E06000040","Windsor and Maidenhead",91000,"A","Normal Value"
"2015","E06000041","Wokingham",89000,"A","Normal Value"
"2015","E06000042","Milton Keynes",189000,"A","Normal Value"
"2015","E06000043","Brighton and Hove",166000,"A","Normal Value"
"2015","E06000044","Portsmouth",121000,"A","Normal Value"
"2015","E06000045","Southampton",135000,"A","Normal Value"
"2015","E06000046","Isle of Wight",62000,"A","Normal Value"
"2015","E06000060","Buckinghamshire",272000,"A","Normal Value"
"2015","E07000061","Eastbourne",49000,"A","Normal Value"
"2015","E07000062","Hastings",37000,"A","Normal Value"
"2015","E07000063","Lewes",47000,"A","Normal Value"
"2015","E07000064","Rother",37000,"A","Normal Value"
"2015","E07000065","Wealden",65000,"A","Normal Value"
"2015","E07000084","Basingstoke and Deane",93000,"A","Normal Value"
"2015","E07000085","East Hampshire",60000,"A","Normal Value"
"2015","E07000086","Eastleigh",74000,"A","Normal Value"
"2015","E07000087","Fareham",59000,"A","Normal Value"
"2015","E07000088","Gosport",28000,"A","Normal Value"
"2015","E07000089","Hart",53000,"A","Normal Value"
"2015","E07000090","Havant",50000,"A","Normal Value"
"2015","E07000091","New Forest",84000,"A","Normal Value"
"2015","E07000092","Rushmoor",58000,"A","Normal Value"
"2015","E07000093","Test Valley",77000,"A","Normal Value"
"2015","E07000094","Winchester",96000,"A","Normal Value"
"2015","E07000105","Ashford",67000,"A","Normal Value"
"2015","E07000106","Canterbury",78000,"A","Normal Value"
"2015","E07000107","Dartford",69000,"A","Normal Value"
"2015","E07000108","Dover",40000,"A","Normal Value"
"2015","E07000109","Gravesham",33000,"A","Normal Value"
"2015","E07000110","Maidstone",91000,"A","Normal Value"
"2015","E07000111","Sevenoaks",58000,"A","Normal Value"
"2015","E07000112","Folkestone and Hythe",48000,"A","Normal Value"
"2015","E07000113","Swale",58000,"A","Normal Value"
"2015","E07000114","Thanet",48000,"A","Normal Value"
"2015","E07000115","Tonbridge and Malling",67000,"A","Normal Value"
"2015","E07000116","Tunbridge Wells",73000,"A","Normal Value"
"2015","E07000177","Cherwell",82000,"A","Normal Value"
"2015","E07000178","Oxford",134000,"A","Normal Value"
"2015","E07000179","South Oxfordshire",74000,"A","Normal Value"
"2015","E07000180","Vale of White Horse",72000,"A","Normal Value"
"2015","E07000181","West Oxfordshire",58000,"A","Normal Value"
"2015","E07000207","Elmbridge",71000,"A","Normal Value"
"2015","E07000208","Epsom and Ewell",36000,"A","Normal Value"
"2015","E07000209","Guildford",95000,"A","Normal Value"
"2015","E07000210","Mole Valley",52000,"A","Normal Value"
"2015","E07000211","Reigate and Banstead",80000,"A","Normal Value"
"2015","E07000212","Runnymede",59000,"A","Normal Value"
"2015","E07000213","Spelthorne",43000,"A","Normal Value"
"2015","E07000214","Surrey Heath",62000,"A","Normal Value"
"2015","E07000215","Tandridge",41000,"A","Normal Value"
"2015","E07000216","Waverley",69000,"A","Normal Value"
"2015","E07000217","Woking",57000,"A","Normal Value"
"2015","E07000223","Adur",25000,"A","Normal Value"
"2015","E07000224","Arun",55000,"A","Normal Value"
"2015","E07000225","Chichester",76000,"A","Normal Value"
"2015","E07000226","Crawley",98000,"A","Normal Value"
"2015","E07000227","Horsham",62000,"A","Normal Value"
"2015","E07000228","Mid Sussex",70000,"A","Normal Value"
"2015","E07000229","Worthing",55000,"A","Normal Value"
"2015","E06000022","Bath and North East Somerset",102000,"A","Normal Value"
"2015","E06000023","Bristol, City of",301000,"A","Normal Value"
"2015","E06000024","North Somerset",94000,"A","Normal Value"
"2015","E06000025","South Gloucestershire",159000,"A","Normal Value"
"2015","E06000026","Plymouth",135000,"A","Normal Value"
"2015","E06000027","Torbay",58000,"A","Normal Value"
"2015","E06000030","Swindon",126000,"A","Normal Value"
"2015","E06000052","Cornwall",266000,"A","Normal Value"
"2015","E06000053","Isles of Scilly",3000,"A","Normal Value"
"2015","E06000054","Wiltshire",254000,"A","Normal Value"
"2015","E06000058","Bournemouth, Christchurch and Poole",207000,"A","Normal Value"
"2015","E06000059","Dorset",174000,"A","Normal Value"
"2015","E07000040","East Devon",67000,"A","Normal Value"
"2015","E07000041","Exeter",103000,"A","Normal Value"
"2015","E07000042","Mid Devon",36000,"A","Normal Value"
"2015","E07000043","North Devon",58000,"A","Normal Value"
"2015","E07000044","South Hams",45000,"A","Normal Value"
"2015","E07000045","Teignbridge",56000,"A","Normal Value"
"2015","E07000046","Torridge",24000,"A","Normal Value"
"2015","E07000047","West Devon",24000,"A","Normal Value"
"2015","E07000078","Cheltenham",76000,"A","Normal Value"
"2015","E07000079","Cotswold",51000,"A","Normal Value"
"2015","E07000080","Forest of Dean",32000,"A","Normal Value"
"2015","E07000081","Gloucester",69000,"A","Normal Value"
"2015","E07000082","Stroud",61000,"A","Normal Value"
"2015","E07000083","Tewkesbury",50000,"A","Normal Value"
"2015","E06000066","Somerset",272000,"A","Normal Value"
"2015","W06000001","Isle of Anglesey",26000,"A","Normal Value"
"2015","W06000002","Gwynedd",67000,"A","Normal Value"
"2015","W06000003","Conwy",51000,"A","Normal Value"
"2015","W06000004","Denbighshire",45000,"A","Normal Value"
"2015","W06000005","Flintshire",82000,"A","Normal Value"
"2015","W06000006","Wrexham",61000,"A","Normal Value"
"2015","W06000008","Ceredigion",37000,"A","Normal Value"
"2015","W06000009","Pembrokeshire",54000,"A","Normal Value"
"2015","W06000010","Carmarthenshire",81000,"A","Normal Value"
"2015","W06000011","Swansea",120000,"A","Normal Value"
"2015","W06000012","Neath Port Talbot",53000,"A","Normal Value"
"2015","W06000013","Bridgend",67000,"A","Normal Value"
"2015","W06000014","Vale of Glamorgan",47000,"A","Normal Value"
"2015","W06000015","Cardiff",223000,"A","Normal Value"
"2015","W06000016","Rhondda Cynon Taf",86000,"A","Normal Value"
"2015","W06000018","Caerphilly",62000,"A","Normal Value"
"2015","W06000019","Blaenau Gwent",21000,"A","Normal Value"
"2015","W06000020","Torfaen",38000,"A","Normal Value"
"2015","W06000021","Monmouthshire",43000,"A","Normal Value"
"2015","W06000022","Newport",77000,"A","Normal Value"
"2015","W06000023","Powys",69000,"A","Normal Value"
"2015","W06000024","Merthyr Tydfil",23000,"A","Normal Value"
"2015","S12000005","Clackmannanshire",16000,"A","Normal Value"
"2015","S12000006","Dumfries and Galloway",71000,"A","Normal Value"
"2015","S12000008","East Ayrshire",45000,"A","Normal Value"
"2015","S12000010","East Lothian",35000,"A","Normal Value"
"2015","S12000011","East Renfrewshire",25000,"A","Normal Value"
"2015","S12000013","Na h-Eileanan Siar",13000,"A","Normal Value"
"2015","S12000014","Falkirk",71000,"A","Normal Value"
"2015","S12000017","Highland",126000,"A","Normal Value"
"2015","S12000018","Inverclyde",33000,"A","Normal Value"
"2015","S12000019","Midlothian",35000,"A","Normal Value"
"2015","S12000020","Moray",42000,"A","Normal Value"
"2015","S12000021","North Ayrshire",46000,"A","Normal Value"
"2015","S12000023","Orkney Islands",12000,"A","Normal Value"
"2015","S12000026","Scottish Borders",50000,"A","Normal Value"
"2015","S12000027","Shetland Islands",17000,"A","Normal Value"
"2015","S12000028","South Ayrshire",52000,"A","Normal Value"
"2015","S12000029","South Lanarkshire",132000,"A","Normal Value"
"2015","S12000030","Stirling",50000,"A","Normal Value"
"2015","S12000033","Aberdeen City",197000,"A","Normal Value"
"2015","S12000034","Aberdeenshire",120000,"A","Normal Value"
"2015","S12000035","Argyll and Bute",46000,"A","Normal Value"
"2015","S12000036","City of Edinburgh",354000,"A","Normal Value"
"2015","S12000038","Renfrewshire",91000,"A","Normal Value"
"2015","S12000039","West Dunbartonshire",34000,"A","Normal Value"
"2015","S12000040","West Lothian",83000,"A","Normal Value"
"2015","S12000041","Angus",42000,"A","Normal Value"
"2015","S12000042","Dundee City",80000,"A","Normal Value"
"2015","S12000045","East Dunbartonshire",30000,"A","Normal Value"
"2015","S12000047","Fife",151000,"A","Normal Value"
"2015","S12000048","Perth and Kinross",73000,"A","Normal Value"
"2015","S12000049","Glasgow City",443000,"A","Normal Value"
"2015","S12000050","North Lanarkshire",143000,"A","Normal Value"
"2015","N09000001","Antrim and Newtownabbey",,"Q","These figures are missing."
"2015","N09000002","Armagh City, Banbridge and Craigavon",,"Q","These figures are missing."
"2015","N09000003","Belfast",,"Q","These figures are missing."
"2015","N09000004","Causeway Coast and Glens",,"Q","These figures are missing."
"2015","N09000005","Derry City and Strabane",,"Q","These figures are missing."
"2015","N09000006","Fermanagh and Omagh",,"Q","These figures are missing."
"2015","N09000007","Lisburn and Castlereagh",,"Q","These figures are missing."
"2015","N09000008","Mid and East Antrim",,"Q","These figures are missing."
"2015","N09000009","Mid Ulster",,"Q","These figures are missing."
"2015","N09000010","Newry, Mourne and Down",,"Q","These figures are missing."
"2015","N09000011","Ards and North Down",,"Q","These figures are missing."
"2016","E06000001","Hartlepool",34000,"A","Normal Value"
"2016","E06000002","Middlesbrough",66000,"A","Normal Value"
"2016","E06000003","Redcar and Cleveland",46000,"A","Normal Value"
"2016","E06000004","Stockton-on-Tees",90000,"A","Normal Value"
"2016","E06000005","Darlington",56000,"A","Normal Value"
"2016","E06000047","County Durham",190000,"A","Normal Value"
"2016","E06000057","Northumberland",122000,"A","Normal Value"
"2016","E08000021","Newcastle upon Tyne",200000,"A","Normal Value"
"2016","E08000022","North Tyneside",89000,"A","Normal Value"
"2016","E08000023","South Tyneside",47000,"A","Normal Value"
"2016","E08000024","Sunderland",128000,"A","Normal Value"
"2016","E08000037","Gateshead",105000,"A","Normal Value"
"2016","E06000006","Halton",65000,"A","Normal Value"
"2016","E06000007","Warrington",154000,"A","Normal Value"
"2016","E06000008","Blackburn with Darwen",76000,"A","Normal Value"
"2016","E06000009","Blackpool",68000,"A","Normal Value"
"2016","E06000049","Cheshire East",210000,"A","Normal Value"
"2016","E06000050","Cheshire West and Chester",199000,"A","Normal Value"
"2016","E06000063","Cumberland",145000,"A","Normal Value"
"2016","E06000064","Westmorland and Furness",132000,"A","Normal Value"
"2016","E07000117","Burnley",45000,"A","Normal Value"
"2016","E07000118","Chorley",46000,"A","Normal Value"
"2016","E07000119","Fylde",49000,"A","Normal Value"
"2016","E07000120","Hyndburn",32000,"A","Normal Value"
"2016","E07000121","Lancaster",68000,"A","Normal Value"
"2016","E07000122","Pendle",38000,"A","Normal Value"
"2016","E07000123","Preston",94000,"A","Normal Value"
"2016","E07000124","Ribble Valley",35000,"A","Normal Value"
"2016","E07000125","Rossendale",28000,"A","Normal Value"
"2016","E07000126","South Ribble",59000,"A","Normal Value"
"2016","E07000127","West Lancashire",60000,"A","Normal Value"
"2016","E07000128","Wyre",41000,"A","Normal Value"
"2016","E08000001","Bolton",126000,"A","Normal Value"
"2016","E08000002","Bury",83000,"A","Normal Value"
"2016","E08000003","Manchester",429000,"A","Normal Value"
"2016","E08000004","Oldham",95000,"A","Normal Value"
"2016","E08000005","Rochdale",82000,"A","Normal Value"
"2016","E08000006","Salford",130000,"A","Normal Value"
"2016","E08000007","Stockport",145000,"A","Normal Value"
"2016","E08000008","Tameside",79000,"A","Normal Value"
"2016","E08000009","Trafford",163000,"A","Normal Value"
"2016","E08000010","Wigan",120000,"A","Normal Value"
"2016","E08000011","Knowsley",74000,"A","Normal Value"
"2016","E08000012","Liverpool",272000,"A","Normal Value"
"2016","E08000013","St. Helens",68000,"A","Normal Value"
"2016","E08000014","Sefton",104000,"A","Normal Value"
"2016","E08000015","Wirral",113000,"A","Normal Value"
"2016","E06000010","Kingston upon Hull, City of",132000,"A","Normal Value"
"2016","E06000011","East Riding of Yorkshire",148000,"A","Normal Value"
"2016","E06000012","North East Lincolnshire",76000,"A","Normal Value"
"2016","E06000013","North Lincolnshire",81000,"A","Normal Value"
"2016","E06000014","York",117000,"A","Normal Value"
"2016","E06000065","North Yorkshire",349000,"A","Normal Value"
"2016","E08000016","Barnsley",90000,"A","Normal Value"
"2016","E08000017","Doncaster",139000,"A","Normal Value"
"2016","E08000018","Rotherham",121000,"A","Normal Value"
"2016","E08000019","Sheffield",295000,"A","Normal Value"
"2016","E08000032","Bradford",231000,"A","Normal Value"
"2016","E08000033","Calderdale",117000,"A","Normal Value"
"2016","E08000034","Kirklees",185000,"A","Normal Value"
"2016","E08000035","Leeds",483000,"A","Normal Value"
"2016","E08000036","Wakefield",170000,"A","Normal Value"
"2016","E06000015","Derby",143000,"A","Normal Value"
"2016","E06000016","Leicester",205000,"A","Normal Value"
"2016","E06000017","Rutland",21000,"A","Normal Value"
"2016","E06000018","Nottingham",246000,"A","Normal Value"
"2016","E06000061","North Northamptonshire",165000,"A","Normal Value"
"2016","E06000062","West Northamptonshire",235000,"A","Normal Value"
"2016","E07000032","Amber Valley",57000,"A","Normal Value"
"2016","E07000033","Bolsover",36000,"A","Normal Value"
"2016","E07000034","Chesterfield",56000,"A","Normal Value"
"2016","E07000035","Derbyshire Dales",42000,"A","Normal Value"
"2016","E07000036","Erewash",45000,"A","Normal Value"
"2016","E07000037","High Peak",38000,"A","Normal Value"
"2016","E07000038","North East Derbyshire",33000,"A","Normal Value"
"2016","E07000039","South Derbyshire",37000,"A","Normal Value"
"2016","E07000129","Blaby",60000,"A","Normal Value"
"2016","E07000130","Charnwood",79000,"A","Normal Value"
"2016","E07000131","Harborough",43000,"A","Normal Value"
"2016","E07000132","Hinckley and Bosworth",51000,"A","Normal Value"
"2016","E07000133","Melton",27000,"A","Normal Value"
"2016","E07000134","North West Leicestershire",61000,"A","Normal Value"
"2016","E07000135","Oadby and Wigston",21000,"A","Normal Value"
"2016","E07000136","Boston",37000,"A","Normal Value"
"2016","E07000137","East Lindsey",60000,"A","Normal Value"
"2016","E07000138","Lincoln",62000,"A","Normal Value"
"2016","E07000139","North Kesteven",51000,"A","Normal Value"
"2016","E07000140","South Holland",44000,"A","Normal Value"
"2016","E07000141","South Kesteven",62000,"A","Normal Value"
"2016","E07000142","West Lindsey",33000,"A","Normal Value"
"2016","E07000170","Ashfield",58000,"A","Normal Value"
"2016","E07000171","Bassetlaw",56000,"A","Normal Value"
"2016","E07000172","Broxtowe",43000,"A","Normal Value"
"2016","E07000173","Gedling",36000,"A","Normal Value"
"2016","E07000174","Mansfield",46000,"A","Normal Value"
"2016","E07000175","Newark and Sherwood",56000,"A","Normal Value"
"2016","E07000176","Rushcliffe",51000,"A","Normal Value"
"2016","E06000019","Herefordshire, County of",103000,"A","Normal Value"
"2016","E06000020","Telford and Wrekin",95000,"A","Normal Value"
"2016","E06000021","Stoke-on-Trent",130000,"A","Normal Value"
"2016","E06000051","Shropshire",157000,"A","Normal Value"
"2016","E07000192","Cannock Chase",48000,"A","Normal Value"
"2016","E07000193","East Staffordshire",66000,"A","Normal Value"
"2016","E07000194","Lichfield",56000,"A","Normal Value"
"2016","E07000195","Newcastle-under-Lyme",53000,"A","Normal Value"
"2016","E07000196","South Staffordshire",41000,"A","Normal Value"
"2016","E07000197","Stafford",72000,"A","Normal Value"
"2016","E07000198","Staffordshire Moorlands",36000,"A","Normal Value"
"2016","E07000199","Tamworth",32000,"A","Normal Value"
"2016","E07000218","North Warwickshire",49000,"A","Normal Value"
"2016","E07000219","Nuneaton and Bedworth",50000,"A","Normal Value"
"2016","E07000220","Rugby",54000,"A","Normal Value"
"2016","E07000221","Stratford-on-Avon",80000,"A","Normal Value"
"2016","E07000222","Warwick",98000,"A","Normal Value"
"2016","E07000234","Bromsgrove",53000,"A","Normal Value"
"2016","E07000235","Malvern Hills",33000,"A","Normal Value"
"2016","E07000236","Redditch",40000,"A","Normal Value"
"2016","E07000237","Worcester",59000,"A","Normal Value"
"2016","E07000238","Wychavon",64000,"A","Normal Value"
"2016","E07000239","Wyre Forest",41000,"A","Normal Value"
"2016","E08000025","Birmingham",575000,"A","Normal Value"
"2016","E08000026","Coventry",170000,"A","Normal Value"
"2016","E08000027","Dudley",128000,"A","Normal Value"
"2016","E08000028","Sandwell",141000,"A","Normal Value"
"2016","E08000029","Solihull",128000,"A","Normal Value"
"2016","E08000030","Walsall",117000,"A","Normal Value"
"2016","E08000031","Wolverhampton",114000,"A","Normal Value"
"2016","E06000031","Peterborough",127000,"A","Normal Value"
"2016","E06000032","Luton",105000,"A","Normal Value"
"2016","E06000033","Southend-on-Sea",79000,"A","Normal Value"
"2016","E06000034","Thurrock",75000,"A","Normal Value"
"2016","E06000055","Bedford",86000,"A","Normal Value"
"2016","E06000056","Central Bedfordshire",106000,"A","Normal Value"
"2016","E07000008","Cambridge",115000,"A","Normal Value"
"2016","E07000009","East Cambridgeshire",42000,"A","Normal Value"
"2016","E07000010","Fenland",44000,"A","Normal Value"
"2016","E07000011","Huntingdonshire",88000,"A","Normal Value"
"2016","E07000012","South Cambridgeshire",91000,"A","Normal Value"
"2016","E07000066","Basildon",100000,"A","Normal Value"
"2016","E07000067","Braintree",70000,"A","Normal Value"
"2016","E07000068","Brentwood",45000,"A","Normal Value"
"2016","E07000069","Castle Point",26000,"A","Normal Value"
"2016","E07000070","Chelmsford",98000,"A","Normal Value"
"2016","E07000071","Colchester",99000,"A","Normal Value"
"2016","E07000072","Epping Forest",61000,"A","Normal Value"
"2016","E07000073","Harlow",49000,"A","Normal Value"
"2016","E07000074","Maldon",25000,"A","Normal Value"
"2016","E07000075","Rochford",28000,"A","Normal Value"
"2016","E07000076","Tendring",47000,"A","Normal Value"
"2016","E07000077","Uttlesford",50000,"A","Normal Value"
"2016","E07000095","Broxbourne",44000,"A","Normal Value"
"2016","E07000096","Dacorum",81000,"A","Normal Value"
"2016","E07000098","Hertsmere",62000,"A","Normal Value"
"2016","E07000099","North Hertfordshire",66000,"A","Normal Value"
"2016","E07000102","Three Rivers",47000,"A","Normal Value"
"2016","E07000103","Watford",104000,"A","Normal Value"
"2016","E07000143","Breckland",56000,"A","Normal Value"
"2016","E07000144","Broadland",58000,"A","Normal Value"
"2016","E07000145","Great Yarmouth",45000,"A","Normal Value"
"2016","E07000146","King's Lynn and West Norfolk",67000,"A","Normal Value"
"2016","E07000147","North Norfolk",45000,"A","Normal Value"
"2016","E07000148","Norwich",104000,"A","Normal Value"
"2016","E07000149","South Norfolk",61000,"A","Normal Value"
"2016","E07000200","Babergh",37000,"A","Normal Value"
"2016","E07000202","Ipswich",81000,"A","Normal Value"
"2016","E07000203","Mid Suffolk",44000,"A","Normal Value"
"2016","E07000240","St Albans",81000,"A","Normal Value"
"2016","E07000241","Welwyn Hatfield",87000,"A","Normal Value"
"2016","E07000242","East Hertfordshire",76000,"A","Normal Value"
"2016","E07000243","Stevenage",50000,"A","Normal Value"
"2016","E07000244","East Suffolk",109000,"A","Normal Value"
"2016","E07000245","West Suffolk",100000,"A","Normal Value"
"2016","E09000001","City of London",586000,"A","Normal Value"
"2016","E09000002","Barking and Dagenham",63000,"A","Normal Value"
"2016","E09000003","Barnet",169000,"A","Normal Value"
"2016","E09000004","Bexley",86000,"A","Normal Value"
"2016","E09000005","Brent",148000,"A","Normal Value"
"2016","E09000006","Bromley",134000,"A","Normal Value"
"2016","E09000007","Camden",394000,"A","Normal Value"
"2016","E09000008","Croydon",149000,"A","Normal Value"
"2016","E09000009","Ealing",168000,"A","Normal Value"
"2016","E09000010","Enfield",129000,"A","Normal Value"
"2016","E09000011","Greenwich",96000,"A","Normal Value"
"2016","E09000012","Hackney",143000,"A","Normal Value"
"2016","E09000013","Hammersmith and Fulham",157000,"A","Normal Value"
"2016","E09000014","Haringey",92000,"A","Normal Value"
"2016","E09000015","Harrow",93000,"A","Normal Value"
"2016","E09000016","Havering",100000,"A","Normal Value"
"2016","E09000017","Hillingdon",204000,"A","Normal Value"
"2016","E09000018","Hounslow",197000,"A","Normal Value"
"2016","E09000019","Islington",251000,"A","Normal Value"
"2016","E09000020","Kensington and Chelsea",153000,"A","Normal Value"
"2016","E09000021","Kingston upon Thames",99000,"A","Normal Value"
"2016","E09000022","Lambeth",175000,"A","Normal Value"
"2016","E09000023","Lewisham",84000,"A","Normal Value"
"2016","E09000024","Merton",94000,"A","Normal Value"
"2016","E09000025","Newham",125000,"A","Normal Value"
"2016","E09000026","Redbridge",94000,"A","Normal Value"
"2016","E09000027","Richmond upon Thames",108000,"A","Normal Value"
"2016","E09000028","Southwark",307000,"A","Normal Value"
"2016","E09000029","Sutton",84000,"A","Normal Value"
"2016","E09000030","Tower Hamlets",303000,"A","Normal Value"
"2016","E09000031","Waltham Forest",86000,"A","Normal Value"
"2016","E09000032","Wandsworth",146000,"A","Normal Value"
"2016","E09000033","Westminster",765000,"A","Normal Value"
"2016","E06000035","Medway",108000,"A","Normal Value"
"2016","E06000036","Bracknell Forest",72000,"A","Normal Value"
"2016","E06000037","West Berkshire",112000,"A","Normal Value"
"2016","E06000038","Reading",119000,"A","Normal Value"
"2016","E06000039","Slough",92000,"A","Normal Value"
"2016","E06000040","Windsor and Maidenhead",96000,"A","Normal Value"
"2016","E06000041","Wokingham",94000,"A","Normal Value"
"2016","E06000042","Milton Keynes",203000,"A","Normal Value"
"2016","E06000043","Brighton and Hove",176000,"A","Normal Value"
"2016","E06000044","Portsmouth",128000,"A","Normal Value"
"2016","E06000045","Southampton",133000,"A","Normal Value"
"2016","E06000046","Isle of Wight",64000,"A","Normal Value"
"2016","E06000060","Buckinghamshire",288000,"A","Normal Value"
"2016","E07000061","Eastbourne",46000,"A","Normal Value"
"2016","E07000062","Hastings",39000,"A","Normal Value"
"2016","E07000063","Lewes",47000,"A","Normal Value"
"2016","E07000064","Rother",36000,"A","Normal Value"
"2016","E07000065","Wealden",68000,"A","Normal Value"
"2016","E07000084","Basingstoke and Deane",96000,"A","Normal Value"
"2016","E07000085","East Hampshire",53000,"A","Normal Value"
"2016","E07000086","Eastleigh",75000,"A","Normal Value"
"2016","E07000087","Fareham",62000,"A","Normal Value"
"2016","E07000088","Gosport",25000,"A","Normal Value"
"2016","E07000089","Hart",49000,"A","Normal Value"
"2016","E07000090","Havant",48000,"A","Normal Value"
"2016","E07000091","New Forest",84000,"A","Normal Value"
"2016","E07000092","Rushmoor",61000,"A","Normal Value"
"2016","E07000093","Test Valley",76000,"A","Normal Value"
"2016","E07000094","Winchester",95000,"A","Normal Value"
"2016","E07000105","Ashford",70000,"A","Normal Value"
"2016","E07000106","Canterbury",83000,"A","Normal Value"
"2016","E07000107","Dartford",74000,"A","Normal Value"
"2016","E07000108","Dover",42000,"A","Normal Value"
"2016","E07000109","Gravesham",39000,"A","Normal Value"
"2016","E07000110","Maidstone",88000,"A","Normal Value"
"2016","E07000111","Sevenoaks",61000,"A","Normal Value"
"2016","E07000112","Folkestone and Hythe",46000,"A","Normal Value"
"2016","E07000113","Swale",59000,"A","Normal Value"
"2016","E07000114","Thanet",56000,"A","Normal Value"
"2016","E07000115","Tonbridge and Malling",70000,"A","Normal Value"
"2016","E07000116","Tunbridge Wells",66000,"A","Normal Value"
"2016","E07000177","Cherwell",86000,"A","Normal Value"
"2016","E07000178","Oxford",137000,"A","Normal Value"
"2016","E07000179","South Oxfordshire",78000,"A","Normal Value"
"2016","E07000180","Vale of White Horse",75000,"A","Normal Value"
"2016","E07000181","West Oxfordshire",62000,"A","Normal Value"
"2016","E07000207","Elmbridge",80000,"A","Normal Value"
"2016","E07000208","Epsom and Ewell",37000,"A","Normal Value"
"2016","E07000209","Guildford",93000,"A","Normal Value"
"2016","E07000210","Mole Valley",52000,"A","Normal Value"
"2016","E07000211","Reigate and Banstead",84000,"A","Normal Value"
"2016","E07000212","Runnymede",64000,"A","Normal Value"
"2016","E07000213","Spelthorne",44000,"A","Normal Value"
"2016","E07000214","Surrey Heath",56000,"A","Normal Value"
"2016","E07000215","Tandridge",39000,"A","Normal Value"
"2016","E07000216","Waverley",69000,"A","Normal Value"
"2016","E07000217","Woking",56000,"A","Normal Value"
"2016","E07000223","Adur",23000,"A","Normal Value"
"2016","E07000224","Arun",55000,"A","Normal Value"
"2016","E07000225","Chichester",79000,"A","Normal Value"
"2016","E07000226","Crawley",98000,"A","Normal Value"
"2016","E07000227","Horsham",69000,"A","Normal Value"
"2016","E07000228","Mid Sussex",74000,"A","Normal Value"
"2016","E07000229","Worthing",58000,"A","Normal Value"
"2016","E06000022","Bath and North East Somerset",102000,"A","Normal Value"
"2016","E06000023","Bristol, City of",303000,"A","Normal Value"
"2016","E06000024","North Somerset",100000,"A","Normal Value"
"2016","E06000025","South Gloucestershire",165000,"A","Normal Value"
"2016","E06000026","Plymouth",131000,"A","Normal Value"
"2016","E06000027","Torbay",57000,"A","Normal Value"
"2016","E06000030","Swindon",131000,"A","Normal Value"
"2016","E06000052","Cornwall",275000,"A","Normal Value"
"2016","E06000053","Isles of Scilly",1000,"A","Normal Value"
"2016","E06000054","Wiltshire",265000,"A","Normal Value"
"2016","E06000058","Bournemouth, Christchurch and Poole",211000,"A","Normal Value"
"2016","E06000059","Dorset",181000,"A","Normal Value"
"2016","E07000040","East Devon",64000,"A","Normal Value"
"2016","E07000041","Exeter",104000,"A","Normal Value"
"2016","E07000042","Mid Devon",38000,"A","Normal Value"
"2016","E07000043","North Devon",51000,"A","Normal Value"
"2016","E07000044","South Hams",45000,"A","Normal Value"
"2016","E07000045","Teignbridge",57000,"A","Normal Value"
"2016","E07000046","Torridge",27000,"A","Normal Value"
"2016","E07000047","West Devon",23000,"A","Normal Value"
"2016","E07000078","Cheltenham",68000,"A","Normal Value"
"2016","E07000079","Cotswold",55000,"A","Normal Value"
"2016","E07000080","Forest of Dean",31000,"A","Normal Value"
"2016","E07000081","Gloucester",67000,"A","Normal Value"
"2016","E07000082","Stroud",61000,"A","Normal Value"
"2016","E07000083","Tewkesbury",54000,"A","Normal Value"
"2016","E06000066","Somerset",276000,"A","Normal Value"
"2016","W06000001","Isle of Anglesey",27000,"A","Normal Value"
"2016","W06000002","Gwynedd",68000,"A","Normal Value"
"2016","W06000003","Conwy",54000,"A","Normal Value"
"2016","W06000004","Denbighshire",46000,"A","Normal Value"
"2016","W06000005","Flintshire",83000,"A","Normal Value"
"2016","W06000006","Wrexham",62000,"A","Normal Value"
"2016","W06000008","Ceredigion",39000,"A","Normal Value"
"2016","W06000009","Pembrokeshire",59000,"A","Normal Value"
"2016","W06000010","Carmarthenshire",84000,"A","Normal Value"
"2016","W06000011","Swansea",123000,"A","Normal Value"
"2016","W06000012","Neath Port Talbot",56000,"A","Normal Value"
"2016","W06000013","Bridgend",63000,"A","Normal Value"
"2016","W06000014","Vale of Glamorgan",47000,"A","Normal Value"
"2016","W06000015","Cardiff",232000,"A","Normal Value"
"2016","W06000016","Rhondda Cynon Taf",82000,"A","Normal Value"
"2016","W06000018","Caerphilly",63000,"A","Normal Value"
"2016","W06000019","Blaenau Gwent",22000,"A","Normal Value"
"2016","W06000020","Torfaen",39000,"A","Normal Value"
"2016","W06000021","Monmouthshire",45000,"A","Normal Value"
"2016","W06000022","Newport",82000,"A","Normal Value"
"2016","W06000023","Powys",72000,"A","Normal Value"
"2016","W06000024","Merthyr Tydfil",24000,"A","Normal Value"
"2016","S12000005","Clackmannanshire",17000,"A","Normal Value"
"2016","S12000006","Dumfries and Galloway",76000,"A","Normal Value"
"2016","S12000008","East Ayrshire",48000,"A","Normal Value"
"2016","S12000010","East Lothian",35000,"A","Normal Value"
"2016","S12000011","East Renfrewshire",25000,"A","Normal Value"
"2016","S12000013","Na h-Eileanan Siar",13000,"A","Normal Value"
"2016","S12000014","Falkirk",74000,"A","Normal Value"
"2016","S12000017","Highland",136000,"A","Normal Value"
"2016","S12000018","Inverclyde",35000,"A","Normal Value"
"2016","S12000019","Midlothian",35000,"A","Normal Value"
"2016","S12000020","Moray",45000,"A","Normal Value"
"2016","S12000021","North Ayrshire",49000,"A","Normal Value"
"2016","S12000023","Orkney Islands",13000,"A","Normal Value"
"2016","S12000026","Scottish Borders",53000,"A","Normal Value"
"2016","S12000027","Shetland Islands",15000,"A","Normal Value"
"2016","S12000028","South Ayrshire",55000,"A","Normal Value"
"2016","S12000029","South Lanarkshire",135000,"A","Normal Value"
"2016","S12000030","Stirling",53000,"A","Normal Value"
"2016","S12000033","Aberdeen City",192000,"A","Normal Value"
"2016","S12000034","Aberdeenshire",122000,"A","Normal Value"
"2016","S12000035","Argyll and Bute",49000,"A","Normal Value"
"2016","S12000036","City of Edinburgh",366000,"A","Normal Value"
"2016","S12000038","Renfrewshire",92000,"A","Normal Value"
"2016","S12000039","West Dunbartonshire",34000,"A","Normal Value"
"2016","S12000040","West Lothian",84000,"A","Normal Value"
"2016","S12000041","Angus",44000,"A","Normal Value"
"2016","S12000042","Dundee City",85000,"A","Normal Value"
"2016","S12000045","East Dunbartonshire",31000,"A","Normal Value"
"2016","S12000047","Fife",159000,"A","Normal Value"
"2016","S12000048","Perth and Kinross",77000,"A","Normal Value"
"2016","S12000049","Glasgow City",458000,"A","Normal Value"
"2016","S12000050","North Lanarkshire",144000,"A","Normal Value"
"2016","N09000001","Antrim and Newtownabbey",,"Q","These figures are missing."
"2016","N09000002","Armagh City, Banbridge and Craigavon",,"Q","These figures are missing."
"2016","N09000003","Belfast",,"Q","These figures are missing."
"2016","N09000004","Causeway Coast and Glens",,"Q","These figures are missing."
"2016","N09000005","Derry City and Strabane",,"Q","These figures are missing."
"2016","N09000006","Fermanagh and Omagh",,"Q","These figures are missing."
"2016","N09000007","Lisburn and Castlereagh",,"Q","These figures are missing."
"2016","N09000008","Mid and East Antrim",,"Q","These figures are missing."
"2016","N09000009","Mid Ulster",,"Q","These figures are missing."
"2016","N09000010","Newry, Mourne and Down",,"Q","These figures are missing."
"2016","N09000011","Ards and North Down",,"Q","These figures are missing."
"2017","E06000001","Hartlepool",34000,"A","Normal Value"
"2017","E06000002","Middlesbrough",68000,"A","Normal Value"
"2017","E06000003","Redcar and Cleveland",44000,"A","Normal Value"
"2017","E06000004","Stockton-on-Tees",93000,"A","Normal Value"
"2017","E06000005","Darlington",54000,"A","Normal Value"
"2017","E06000047","County Durham",201000,"A","Normal Value"
"2017","E06000057","Northumberland",130000,"A","Normal Value"
"2017","E08000021","Newcastle upon Tyne",205000,"A","Normal Value"
"2017","E08000022","North Tyneside",93000,"A","Normal Value"
"2017","E08000023","South Tyneside",49000,"A","Normal Value"
"2017","E08000024","Sunderland",133000,"A","Normal Value"
"2017","E08000037","Gateshead",104000,"A","Normal Value"
"2017","E06000006","Halton",69000,"A","Normal Value"
"2017","E06000007","Warrington",151000,"A","Normal Value"
"2017","E06000008","Blackburn with Darwen",74000,"A","Normal Value"
"2017","E06000009","Blackpool",68000,"A","Normal Value"
"2017","E06000049","Cheshire East",214000,"A","Normal Value"
"2017","E06000050","Cheshire West and Chester",204000,"A","Normal Value"
"2017","E06000063","Cumberland",146000,"A","Normal Value"
"2017","E06000064","Westmorland and Furness",126000,"A","Normal Value"
"2017","E07000117","Burnley",44000,"A","Normal Value"
"2017","E07000118","Chorley",46000,"A","Normal Value"
"2017","E07000119","Fylde",47000,"A","Normal Value"
"2017","E07000120","Hyndburn",32000,"A","Normal Value"
"2017","E07000121","Lancaster",66000,"A","Normal Value"
"2017","E07000122","Pendle",37000,"A","Normal Value"
"2017","E07000123","Preston",99000,"A","Normal Value"
"2017","E07000124","Ribble Valley",34000,"A","Normal Value"
"2017","E07000125","Rossendale",24000,"A","Normal Value"
"2017","E07000126","South Ribble",61000,"A","Normal Value"
"2017","E07000127","West Lancashire",56000,"A","Normal Value"
"2017","E07000128","Wyre",41000,"A","Normal Value"
"2017","E08000001","Bolton",128000,"A","Normal Value"
"2017","E08000002","Bury",79000,"A","Normal Value"
"2017","E08000003","Manchester",442000,"A","Normal Value"
"2017","E08000004","Oldham",101000,"A","Normal Value"
"2017","E08000005","Rochdale",85000,"A","Normal Value"
"2017","E08000006","Salford",141000,"A","Normal Value"
"2017","E08000007","Stockport",145000,"A","Normal Value"
"2017","E08000008","Tameside",77000,"A","Normal Value"
"2017","E08000009","Trafford",164000,"A","Normal Value"
"2017","E08000010","Wigan",125000,"A","Normal Value"
"2017","E08000011","Knowsley",71000,"A","Normal Value"
"2017","E08000012","Liverpool",280000,"A","Normal Value"
"2017","E08000013","St. Helens",72000,"A","Normal Value"
"2017","E08000014","Sefton",107000,"A","Normal Value"
"2017","E08000015","Wirral",125000,"A","Normal Value"
"2017","E06000010","Kingston upon Hull, City of",140000,"A","Normal Value"
"2017","E06000011","East Riding of Yorkshire",150000,"A","Normal Value"
"2017","E06000012","North East Lincolnshire",77000,"A","Normal Value"
"2017","E06000013","North Lincolnshire",83000,"A","Normal Value"
"2017","E06000014","York",122000,"A","Normal Value"
"2017","E06000065","North Yorkshire",344000,"A","Normal Value"
"2017","E08000016","Barnsley",91000,"A","Normal Value"
"2017","E08000017","Doncaster",141000,"A","Normal Value"
"2017","E08000018","Rotherham",113000,"A","Normal Value"
"2017","E08000019","Sheffield",294000,"A","Normal Value"
"2017","E08000032","Bradford",236000,"A","Normal Value"
"2017","E08000033","Calderdale",105000,"A","Normal Value"
"2017","E08000034","Kirklees",191000,"A","Normal Value"
"2017","E08000035","Leeds",501000,"A","Normal Value"
"2017","E08000036","Wakefield",170000,"A","Normal Value"
"2017","E06000015","Derby",145000,"A","Normal Value"
"2017","E06000016","Leicester",190000,"A","Normal Value"
"2017","E06000017","Rutland",21000,"A","Normal Value"
"2017","E06000018","Nottingham",219000,"A","Normal Value"
"2017","E06000061","North Northamptonshire",167000,"A","Normal Value"
"2017","E06000062","West Northamptonshire",245000,"A","Normal Value"
"2017","E07000032","Amber Valley",58000,"A","Normal Value"
"2017","E07000033","Bolsover",33000,"A","Normal Value"
"2017","E07000034","Chesterfield",57000,"A","Normal Value"
"2017","E07000035","Derbyshire Dales",43000,"A","Normal Value"
"2017","E07000036","Erewash",44000,"A","Normal Value"
"2017","E07000037","High Peak",37000,"A","Normal Value"
"2017","E07000038","North East Derbyshire",33000,"A","Normal Value"
"2017","E07000039","South Derbyshire",36000,"A","Normal Value"
"2017","E07000129","Blaby",64000,"A","Normal Value"
"2017","E07000130","Charnwood",74000,"A","Normal Value"
"2017","E07000131","Harborough",48000,"A","Normal Value"
"2017","E07000132","Hinckley and Bosworth",50000,"A","Normal Value"
"2017","E07000133","Melton",25000,"A","Normal Value"
"2017","E07000134","North West Leicestershire",66000,"A","Normal Value"
"2017","E07000135","Oadby and Wigston",22000,"A","Normal Value"
"2017","E07000136","Boston",39000,"A","Normal Value"
"2017","E07000137","East Lindsey",58000,"A","Normal Value"
"2017","E07000138","Lincoln",62000,"A","Normal Value"
"2017","E07000139","North Kesteven",50000,"A","Normal Value"
"2017","E07000140","South Holland",43000,"A","Normal Value"
"2017","E07000141","South Kesteven",70000,"A","Normal Value"
"2017","E07000142","West Lindsey",32000,"A","Normal Value"
"2017","E07000170","Ashfield",58000,"A","Normal Value"
"2017","E07000171","Bassetlaw",58000,"A","Normal Value"
"2017","E07000172","Broxtowe",48000,"A","Normal Value"
"2017","E07000173","Gedling",40000,"A","Normal Value"
"2017","E07000174","Mansfield",45000,"A","Normal Value"
"2017","E07000175","Newark and Sherwood",58000,"A","Normal Value"
"2017","E07000176","Rushcliffe",49000,"A","Normal Value"
"2017","E06000019","Herefordshire, County of",107000,"A","Normal Value"
"2017","E06000020","Telford and Wrekin",97000,"A","Normal Value"
"2017","E06000021","Stoke-on-Trent",133000,"A","Normal Value"
"2017","E06000051","Shropshire",161000,"A","Normal Value"
"2017","E07000192","Cannock Chase",46000,"A","Normal Value"
"2017","E07000193","East Staffordshire",68000,"A","Normal Value"
"2017","E07000194","Lichfield",54000,"A","Normal Value"
"2017","E07000195","Newcastle-under-Lyme",54000,"A","Normal Value"
"2017","E07000196","South Staffordshire",44000,"A","Normal Value"
"2017","E07000197","Stafford",76000,"A","Normal Value"
"2017","E07000198","Staffordshire Moorlands",34000,"A","Normal Value"
"2017","E07000199","Tamworth",32000,"A","Normal Value"
"2017","E07000218","North Warwickshire",53000,"A","Normal Value"
"2017","E07000219","Nuneaton and Bedworth",53000,"A","Normal Value"
"2017","E07000220","Rugby",58000,"A","Normal Value"
"2017","E07000221","Stratford-on-Avon",88000,"A","Normal Value"
"2017","E07000222","Warwick",101000,"A","Normal Value"
"2017","E07000234","Bromsgrove",68000,"A","Normal Value"
"2017","E07000235","Malvern Hills",33000,"A","Normal Value"
"2017","E07000236","Redditch",43000,"A","Normal Value"
"2017","E07000237","Worcester",60000,"A","Normal Value"
"2017","E07000238","Wychavon",66000,"A","Normal Value"
"2017","E07000239","Wyre Forest",41000,"A","Normal Value"
"2017","E08000025","Birmingham",589000,"A","Normal Value"
"2017","E08000026","Coventry",179000,"A","Normal Value"
"2017","E08000027","Dudley",134000,"A","Normal Value"
"2017","E08000028","Sandwell",144000,"A","Normal Value"
"2017","E08000029","Solihull",133000,"A","Normal Value"
"2017","E08000030","Walsall",125000,"A","Normal Value"
"2017","E08000031","Wolverhampton",115000,"A","Normal Value"
"2017","E06000031","Peterborough",132000,"A","Normal Value"
"2017","E06000032","Luton",106000,"A","Normal Value"
"2017","E06000033","Southend-on-Sea",80000,"A","Normal Value"
"2017","E06000034","Thurrock",76000,"A","Normal Value"
"2017","E06000055","Bedford",86000,"A","Normal Value"
"2017","E06000056","Central Bedfordshire",104000,"A","Normal Value"
"2017","E07000008","Cambridge",118000,"A","Normal Value"
"2017","E07000009","East Cambridgeshire",40000,"A","Normal Value"
"2017","E07000010","Fenland",43000,"A","Normal Value"
"2017","E07000011","Huntingdonshire",83000,"A","Normal Value"
"2017","E07000012","South Cambridgeshire",97000,"A","Normal Value"
"2017","E07000066","Basildon",96000,"A","Normal Value"
"2017","E07000067","Braintree",70000,"A","Normal Value"
"2017","E07000068","Brentwood",39000,"A","Normal Value"
"2017","E07000069","Castle Point",26000,"A","Normal Value"
"2017","E07000070","Chelmsford",104000,"A","Normal Value"
"2017","E07000071","Colchester",103000,"A","Normal Value"
"2017","E07000072","Epping Forest",62000,"A","Normal Value"
"2017","E07000073","Harlow",48000,"A","Normal Value"
"2017","E07000074","Maldon",27000,"A","Normal Value"
"2017","E07000075","Rochford",31000,"A","Normal Value"
"2017","E07000076","Tendring",47000,"A","Normal Value"
"2017","E07000077","Uttlesford",53000,"A","Normal Value"
"2017","E07000095","Broxbourne",43000,"A","Normal Value"
"2017","E07000096","Dacorum",81000,"A","Normal Value"
"2017","E07000098","Hertsmere",62000,"A","Normal Value"
"2017","E07000099","North Hertfordshire",60000,"A","Normal Value"
"2017","E07000102","Three Rivers",51000,"A","Normal Value"
"2017","E07000103","Watford",105000,"A","Normal Value"
"2017","E07000143","Breckland",55000,"A","Normal Value"
"2017","E07000144","Broadland",62000,"A","Normal Value"
"2017","E07000145","Great Yarmouth",42000,"A","Normal Value"
"2017","E07000146","King's Lynn and West Norfolk",74000,"A","Normal Value"
"2017","E07000147","North Norfolk",41000,"A","Normal Value"
"2017","E07000148","Norwich",102000,"A","Normal Value"
"2017","E07000149","South Norfolk",63000,"A","Normal Value"
"2017","E07000200","Babergh",38000,"A","Normal Value"
"2017","E07000202","Ipswich",81000,"A","Normal Value"
"2017","E07000203","Mid Suffolk",46000,"A","Normal Value"
"2017","E07000240","St Albans",86000,"A","Normal Value"
"2017","E07000241","Welwyn Hatfield",100000,"A","Normal Value"
"2017","E07000242","East Hertfordshire",85000,"A","Normal Value"
"2017","E07000243","Stevenage",51000,"A","Normal Value"
"2017","E07000244","East Suffolk",111000,"A","Normal Value"
"2017","E07000245","West Suffolk",108000,"A","Normal Value"
"2017","E09000001","City of London",626000,"A","Normal Value"
"2017","E09000002","Barking and Dagenham",66000,"A","Normal Value"
"2017","E09000003","Barnet",176000,"A","Normal Value"
"2017","E09000004","Bexley",91000,"A","Normal Value"
"2017","E09000005","Brent",157000,"A","Normal Value"
"2017","E09000006","Bromley",134000,"A","Normal Value"
"2017","E09000007","Camden",398000,"A","Normal Value"
"2017","E09000008","Croydon",155000,"A","Normal Value"
"2017","E09000009","Ealing",168000,"A","Normal Value"
"2017","E09000010","Enfield",126000,"A","Normal Value"
"2017","E09000011","Greenwich",102000,"A","Normal Value"
"2017","E09000012","Hackney",139000,"A","Normal Value"
"2017","E09000013","Hammersmith and Fulham",159000,"A","Normal Value"
"2017","E09000014","Haringey",92000,"A","Normal Value"
"2017","E09000015","Harrow",97000,"A","Normal Value"
"2017","E09000016","Havering",103000,"A","Normal Value"
"2017","E09000017","Hillingdon",216000,"A","Normal Value"
"2017","E09000018","Hounslow",186000,"A","Normal Value"
"2017","E09000019","Islington",247000,"A","Normal Value"
"2017","E09000020","Kensington and Chelsea",166000,"A","Normal Value"
"2017","E09000021","Kingston upon Thames",100000,"A","Normal Value"
"2017","E09000022","Lambeth",188000,"A","Normal Value"
"2017","E09000023","Lewisham",88000,"A","Normal Value"
"2017","E09000024","Merton",104000,"A","Normal Value"
"2017","E09000025","Newham",125000,"A","Normal Value"
"2017","E09000026","Redbridge",97000,"A","Normal Value"
"2017","E09000027","Richmond upon Thames",106000,"A","Normal Value"
"2017","E09000028","Southwark",317000,"A","Normal Value"
"2017","E09000029","Sutton",85000,"A","Normal Value"
"2017","E09000030","Tower Hamlets",317000,"A","Normal Value"
"2017","E09000031","Waltham Forest",88000,"A","Normal Value"
"2017","E09000032","Wandsworth",151000,"A","Normal Value"
"2017","E09000033","Westminster",754000,"A","Normal Value"
"2017","E06000035","Medway",109000,"A","Normal Value"
"2017","E06000036","Bracknell Forest",72000,"A","Normal Value"
"2017","E06000037","West Berkshire",109000,"A","Normal Value"
"2017","E06000038","Reading",121000,"A","Normal Value"
"2017","E06000039","Slough",92000,"A","Normal Value"
"2017","E06000040","Windsor and Maidenhead",93000,"A","Normal Value"
"2017","E06000041","Wokingham",95000,"A","Normal Value"
"2017","E06000042","Milton Keynes",197000,"A","Normal Value"
"2017","E06000043","Brighton and Hove",174000,"A","Normal Value"
"2017","E06000044","Portsmouth",128000,"A","Normal Value"
"2017","E06000045","Southampton",132000,"A","Normal Value"
"2017","E06000046","Isle of Wight",62000,"A","Normal Value"
"2017","E06000060","Buckinghamshire",285000,"A","Normal Value"
"2017","E07000061","Eastbourne",52000,"A","Normal Value"
"2017","E07000062","Hastings",41000,"A","Normal Value"
"2017","E07000063","Lewes",41000,"A","Normal Value"
"2017","E07000064","Rother",36000,"A","Normal Value"
"2017","E07000065","Wealden",67000,"A","Normal Value"
"2017","E07000084","Basingstoke and Deane",91000,"A","Normal Value"
"2017","E07000085","East Hampshire",50000,"A","Normal Value"
"2017","E07000086","Eastleigh",75000,"A","Normal Value"
"2017","E07000087","Fareham",58000,"A","Normal Value"
"2017","E07000088","Gosport",27000,"A","Normal Value"
"2017","E07000089","Hart",50000,"A","Normal Value"
"2017","E07000090","Havant",48000,"A","Normal Value"
"2017","E07000091","New Forest",82000,"A","Normal Value"
"2017","E07000092","Rushmoor",57000,"A","Normal Value"
"2017","E07000093","Test Valley",66000,"A","Normal Value"
"2017","E07000094","Winchester",95000,"A","Normal Value"
"2017","E07000105","Ashford",73000,"A","Normal Value"
"2017","E07000106","Canterbury",84000,"A","Normal Value"
"2017","E07000107","Dartford",67000,"A","Normal Value"
"2017","E07000108","Dover",44000,"A","Normal Value"
"2017","E07000109","Gravesham",40000,"A","Normal Value"
"2017","E07000110","Maidstone",86000,"A","Normal Value"
"2017","E07000111","Sevenoaks",65000,"A","Normal Value"
"2017","E07000112","Folkestone and Hythe",44000,"A","Normal Value"
"2017","E07000113","Swale",58000,"A","Normal Value"
"2017","E07000114","Thanet",57000,"A","Normal Value"
"2017","E07000115","Tonbridge and Malling",65000,"A","Normal Value"
"2017","E07000116","Tunbridge Wells",65000,"A","Normal Value"
"2017","E07000177","Cherwell",86000,"A","Normal Value"
"2017","E07000178","Oxford",135000,"A","Normal Value"
"2017","E07000179","South Oxfordshire",76000,"A","Normal Value"
"2017","E07000180","Vale of White Horse",74000,"A","Normal Value"
"2017","E07000181","West Oxfordshire",61000,"A","Normal Value"
"2017","E07000207","Elmbridge",70000,"A","Normal Value"
"2017","E07000208","Epsom and Ewell",34000,"A","Normal Value"
"2017","E07000209","Guildford",93000,"A","Normal Value"
"2017","E07000210","Mole Valley",50000,"A","Normal Value"
"2017","E07000211","Reigate and Banstead",76000,"A","Normal Value"
"2017","E07000212","Runnymede",63000,"A","Normal Value"
"2017","E07000213","Spelthorne",44000,"A","Normal Value"
"2017","E07000214","Surrey Heath",67000,"A","Normal Value"
"2017","E07000215","Tandridge",39000,"A","Normal Value"
"2017","E07000216","Waverley",67000,"A","Normal Value"
"2017","E07000217","Woking",54000,"A","Normal Value"
"2017","E07000223","Adur",22000,"A","Normal Value"
"2017","E07000224","Arun",54000,"A","Normal Value"
"2017","E07000225","Chichester",80000,"A","Normal Value"
"2017","E07000226","Crawley",99000,"A","Normal Value"
"2017","E07000227","Horsham",71000,"A","Normal Value"
"2017","E07000228","Mid Sussex",73000,"A","Normal Value"
"2017","E07000229","Worthing",54000,"A","Normal Value"
"2017","E06000022","Bath and North East Somerset",105000,"A","Normal Value"
"2017","E06000023","Bristol, City of",318000,"A","Normal Value"
"2017","E06000024","North Somerset",101000,"A","Normal Value"
"2017","E06000025","South Gloucestershire",161000,"A","Normal Value"
"2017","E06000026","Plymouth",132000,"A","Normal Value"
"2017","E06000027","Torbay",59000,"A","Normal Value"
"2017","E06000030","Swindon",128000,"A","Normal Value"
"2017","E06000052","Cornwall",286000,"A","Normal Value"
"2017","E06000053","Isles of Scilly",1000,"A","Normal Value"
"2017","E06000054","Wiltshire",258000,"A","Normal Value"
"2017","E06000058","Bournemouth, Christchurch and Poole",218000,"A","Normal Value"
"2017","E06000059","Dorset",179000,"A","Normal Value"
"2017","E07000040","East Devon",62000,"A","Normal Value"
"2017","E07000041","Exeter",105000,"A","Normal Value"
"2017","E07000042","Mid Devon",37000,"A","Normal Value"
"2017","E07000043","North Devon",62000,"A","Normal Value"
"2017","E07000044","South Hams",48000,"A","Normal Value"
"2017","E07000045","Teignbridge",59000,"A","Normal Value"
"2017","E07000046","Torridge",26000,"A","Normal Value"
"2017","E07000047","West Devon",24000,"A","Normal Value"
"2017","E07000078","Cheltenham",75000,"A","Normal Value"
"2017","E07000079","Cotswold",52000,"A","Normal Value"
"2017","E07000080","Forest of Dean",28000,"A","Normal Value"
"2017","E07000081","Gloucester",70000,"A","Normal Value"
"2017","E07000082","Stroud",60000,"A","Normal Value"
"2017","E07000083","Tewkesbury",53000,"A","Normal Value"
"2017","E06000066","Somerset",282000,"A","Normal Value"
"2017","W06000001","Isle of Anglesey",26000,"A","Normal Value"
"2017","W06000002","Gwynedd",68000,"A","Normal Value"
"2017","W06000003","Conwy",52000,"A","Normal Value"
"2017","W06000004","Denbighshire",47000,"A","Normal Value"
"2017","W06000005","Flintshire",80000,"A","Normal Value"
"2017","W06000006","Wrexham",65000,"A","Normal Value"
"2017","W06000008","Ceredigion",35000,"A","Normal Value"
"2017","W06000009","Pembrokeshire",55000,"A","Normal Value"
"2017","W06000010","Carmarthenshire",84000,"A","Normal Value"
"2017","W06000011","Swansea",123000,"A","Normal Value"
"2017","W06000012","Neath Port Talbot",53000,"A","Normal Value"
"2017","W06000013","Bridgend",63000,"A","Normal Value"
"2017","W06000014","Vale of Glamorgan",50000,"A","Normal Value"
"2017","W06000015","Cardiff",238000,"A","Normal Value"
"2017","W06000016","Rhondda Cynon Taf",83000,"A","Normal Value"
"2017","W06000018","Caerphilly",59000,"A","Normal Value"
"2017","W06000019","Blaenau Gwent",21000,"A","Normal Value"
"2017","W06000020","Torfaen",40000,"A","Normal Value"
"2017","W06000021","Monmouthshire",47000,"A","Normal Value"
"2017","W06000022","Newport",84000,"A","Normal Value"
"2017","W06000023","Powys",68000,"A","Normal Value"
"2017","W06000024","Merthyr Tydfil",24000,"A","Normal Value"
"2017","S12000005","Clackmannanshire",16000,"A","Normal Value"
"2017","S12000006","Dumfries and Galloway",76000,"A","Normal Value"
"2017","S12000008","East Ayrshire",51000,"A","Normal Value"
"2017","S12000010","East Lothian",36000,"A","Normal Value"
"2017","S12000011","East Renfrewshire",24000,"A","Normal Value"
"2017","S12000013","Na h-Eileanan Siar",13000,"A","Normal Value"
"2017","S12000014","Falkirk",73000,"A","Normal Value"
"2017","S12000017","Highland",129000,"A","Normal Value"
"2017","S12000018","Inverclyde",32000,"A","Normal Value"
"2017","S12000019","Midlothian",35000,"A","Normal Value"
"2017","S12000020","Moray",46000,"A","Normal Value"
"2017","S12000021","North Ayrshire",48000,"A","Normal Value"
"2017","S12000023","Orkney Islands",14000,"A","Normal Value"
"2017","S12000026","Scottish Borders",53000,"A","Normal Value"
"2017","S12000027","Shetland Islands",15000,"A","Normal Value"
"2017","S12000028","South Ayrshire",53000,"A","Normal Value"
"2017","S12000029","South Lanarkshire",132000,"A","Normal Value"
"2017","S12000030","Stirling",54000,"A","Normal Value"
"2017","S12000033","Aberdeen City",188000,"A","Normal Value"
"2017","S12000034","Aberdeenshire",129000,"A","Normal Value"
"2017","S12000035","Argyll and Bute",47000,"A","Normal Value"
"2017","S12000036","City of Edinburgh",368000,"A","Normal Value"
"2017","S12000038","Renfrewshire",93000,"A","Normal Value"
"2017","S12000039","West Dunbartonshire",35000,"A","Normal Value"
"2017","S12000040","West Lothian",84000,"A","Normal Value"
"2017","S12000041","Angus",45000,"A","Normal Value"
"2017","S12000042","Dundee City",84000,"A","Normal Value"
"2017","S12000045","East Dunbartonshire",31000,"A","Normal Value"
"2017","S12000047","Fife",153000,"A","Normal Value"
"2017","S12000048","Perth and Kinross",74000,"A","Normal Value"
"2017","S12000049","Glasgow City",454000,"A","Normal Value"
"2017","S12000050","North Lanarkshire",147000,"A","Normal Value"
"2017","N09000001","Antrim and Newtownabbey",,"Q","These figures are missing."
"2017","N09000002","Armagh City, Banbridge and Craigavon",,"Q","These figures are missing."
"2017","N09000003","Belfast",,"Q","These figures are missing."
"2017","N09000004","Causeway Coast and Glens",,"Q","These figures are missing."
"2017","N09000005","Derry City and Strabane",,"Q","These figures are missing."
"2017","N09000006","Fermanagh and Omagh",,"Q","These figures are missing."
"2017","N09000007","Lisburn and Castlereagh",,"Q","These figures are missing."
"2017","N09000008","Mid and East Antrim",,"Q","These figures are missing."
"2017","N09000009","Mid Ulster",,"Q","These figures are missing."
"2017","N09000010","Newry, Mourne and Down",,"Q","These figures are missing."
"2017","N09000011","Ards and North Down",,"Q","These figures are missing."
"2018","E06000001","Hartlepool",33000,"A","Normal Value"
"2018","E06000002","Middlesbrough",67000,"A","Normal Value"
"2018","E06000003","Redcar and Cleveland",45000,"A","Normal Value"
"2018","E06000004","Stockton-on-Tees",92000,"A","Normal Value"
"2018","E06000005","Darlington",54000,"A","Normal Value"
"2018","E06000047","County Durham",203000,"A","Normal Value"
"2018","E06000057","Northumberland",128000,"A","Normal Value"
"2018","E08000021","Newcastle upon Tyne",207000,"A","Normal Value"
"2018","E08000022","North Tyneside",94000,"A","Normal Value"
"2018","E08000023","South Tyneside",48000,"A","Normal Value"
"2018","E08000024","Sunderland",130000,"A","Normal Value"
"2018","E08000037","Gateshead",104000,"A","Normal Value"
"2018","E06000006","Halton",70000,"A","Normal Value"
"2018","E06000007","Warrington",149000,"A","Normal Value"
"2018","E06000008","Blackburn with Darwen",79000,"A","Normal Value"
"2018","E06000009","Blackpool",72000,"A","Normal Value"
"2018","E06000049","Cheshire East",217000,"A","Normal Value"
"2018","E06000050","Cheshire West and Chester",199000,"A","Normal Value"
"2018","E06000063","Cumberland",150000,"A","Normal Value"
"2018","E06000064","Westmorland and Furness",126000,"A","Normal Value"
"2018","E07000117","Burnley",42000,"A","Normal Value"
"2018","E07000118","Chorley",45000,"A","Normal Value"
"2018","E07000119","Fylde",46000,"A","Normal Value"
"2018","E07000120","Hyndburn",34000,"A","Normal Value"
"2018","E07000121","Lancaster",64000,"A","Normal Value"
"2018","E07000122","Pendle",39000,"A","Normal Value"
"2018","E07000123","Preston",98000,"A","Normal Value"
"2018","E07000124","Ribble Valley",31000,"A","Normal Value"
"2018","E07000125","Rossendale",26000,"A","Normal Value"
"2018","E07000126","South Ribble",58000,"A","Normal Value"
"2018","E07000127","West Lancashire",58000,"A","Normal Value"
"2018","E07000128","Wyre",40000,"A","Normal Value"
"2018","E08000001","Bolton",132000,"A","Normal Value"
"2018","E08000002","Bury",85000,"A","Normal Value"
"2018","E08000003","Manchester",450000,"A","Normal Value"
"2018","E08000004","Oldham",98000,"A","Normal Value"
"2018","E08000005","Rochdale",88000,"A","Normal Value"
"2018","E08000006","Salford",145000,"A","Normal Value"
"2018","E08000007","Stockport",155000,"A","Normal Value"
"2018","E08000008","Tameside",80000,"A","Normal Value"
"2018","E08000009","Trafford",167000,"A","Normal Value"
"2018","E08000010","Wigan",127000,"A","Normal Value"
"2018","E08000011","Knowsley",69000,"A","Normal Value"
"2018","E08000012","Liverpool",285000,"A","Normal Value"
"2018","E08000013","St. Helens",69000,"A","Normal Value"
"2018","E08000014","Sefton",103000,"A","Normal Value"
"2018","E08000015","Wirral",118000,"A","Normal Value"
"2018","E06000010","Kingston upon Hull, City of",141000,"A","Normal Value"
"2018","E06000011","East Riding of Yorkshire",149000,"A","Normal Value"
"2018","E06000012","North East Lincolnshire",76000,"A","Normal Value"
"2018","E06000013","North Lincolnshire",83000,"A","Normal Value"
"2018","E06000014","York",126000,"A","Normal Value"
"2018","E06000065","North Yorkshire",346000,"A","Normal Value"
"2018","E08000016","Barnsley",97000,"A","Normal Value"
"2018","E08000017","Doncaster",139000,"A","Normal Value"
"2018","E08000018","Rotherham",114000,"A","Normal Value"
"2018","E08000019","Sheffield",291000,"A","Normal Value"
"2018","E08000032","Bradford",229000,"A","Normal Value"
"2018","E08000033","Calderdale",109000,"A","Normal Value"
"2018","E08000034","Kirklees",185000,"A","Normal Value"
"2018","E08000035","Leeds",514000,"A","Normal Value"
"2018","E08000036","Wakefield",168000,"A","Normal Value"
"2018","E06000015","Derby",151000,"A","Normal Value"
"2018","E06000016","Leicester",179000,"A","Normal Value"
"2018","E06000017","Rutland",20000,"A","Normal Value"
"2018","E06000018","Nottingham",220000,"A","Normal Value"
"2018","E06000061","North Northamptonshire",164000,"A","Normal Value"
"2018","E06000062","West Northamptonshire",246000,"A","Normal Value"
"2018","E07000032","Amber Valley",56000,"A","Normal Value"
"2018","E07000033","Bolsover",33000,"A","Normal Value"
"2018","E07000034","Chesterfield",60000,"A","Normal Value"
"2018","E07000035","Derbyshire Dales",43000,"A","Normal Value"
"2018","E07000036","Erewash",47000,"A","Normal Value"
"2018","E07000037","High Peak",42000,"A","Normal Value"
"2018","E07000038","North East Derbyshire",35000,"A","Normal Value"
"2018","E07000039","South Derbyshire",37000,"A","Normal Value"
"2018","E07000129","Blaby",65000,"A","Normal Value"
"2018","E07000130","Charnwood",74000,"A","Normal Value"
"2018","E07000131","Harborough",49000,"A","Normal Value"
"2018","E07000132","Hinckley and Bosworth",47000,"A","Normal Value"
"2018","E07000133","Melton",24000,"A","Normal Value"
"2018","E07000134","North West Leicestershire",69000,"A","Normal Value"
"2018","E07000135","Oadby and Wigston",22000,"A","Normal Value"
"2018","E07000136","Boston",38000,"A","Normal Value"
"2018","E07000137","East Lindsey",60000,"A","Normal Value"
"2018","E07000138","Lincoln",64000,"A","Normal Value"
"2018","E07000139","North Kesteven",50000,"A","Normal Value"
"2018","E07000140","South Holland",42000,"A","Normal Value"
"2018","E07000141","South Kesteven",66000,"A","Normal Value"
"2018","E07000142","West Lindsey",31000,"A","Normal Value"
"2018","E07000170","Ashfield",59000,"A","Normal Value"
"2018","E07000171","Bassetlaw",58000,"A","Normal Value"
"2018","E07000172","Broxtowe",43000,"A","Normal Value"
"2018","E07000173","Gedling",35000,"A","Normal Value"
"2018","E07000174","Mansfield",45000,"A","Normal Value"
"2018","E07000175","Newark and Sherwood",59000,"A","Normal Value"
"2018","E07000176","Rushcliffe",52000,"A","Normal Value"
"2018","E06000019","Herefordshire, County of",105000,"A","Normal Value"
"2018","E06000020","Telford and Wrekin",96000,"A","Normal Value"
"2018","E06000021","Stoke-on-Trent",135000,"A","Normal Value"
"2018","E06000051","Shropshire",157000,"A","Normal Value"
"2018","E07000192","Cannock Chase",48000,"A","Normal Value"
"2018","E07000193","East Staffordshire",69000,"A","Normal Value"
"2018","E07000194","Lichfield",55000,"A","Normal Value"
"2018","E07000195","Newcastle-under-Lyme",55000,"A","Normal Value"
"2018","E07000196","South Staffordshire",38000,"A","Normal Value"
"2018","E07000197","Stafford",73000,"A","Normal Value"
"2018","E07000198","Staffordshire Moorlands",36000,"A","Normal Value"
"2018","E07000199","Tamworth",35000,"A","Normal Value"
"2018","E07000218","North Warwickshire",54000,"A","Normal Value"
"2018","E07000219","Nuneaton and Bedworth",55000,"A","Normal Value"
"2018","E07000220","Rugby",53000,"A","Normal Value"
"2018","E07000221","Stratford-on-Avon",83000,"A","Normal Value"
"2018","E07000222","Warwick",102000,"A","Normal Value"
"2018","E07000234","Bromsgrove",58000,"A","Normal Value"
"2018","E07000235","Malvern Hills",35000,"A","Normal Value"
"2018","E07000236","Redditch",44000,"A","Normal Value"
"2018","E07000237","Worcester",62000,"A","Normal Value"
"2018","E07000238","Wychavon",62000,"A","Normal Value"
"2018","E07000239","Wyre Forest",43000,"A","Normal Value"
"2018","E08000025","Birmingham",584000,"A","Normal Value"
"2018","E08000026","Coventry",180000,"A","Normal Value"
"2018","E08000027","Dudley",131000,"A","Normal Value"
"2018","E08000028","Sandwell",137000,"A","Normal Value"
"2018","E08000029","Solihull",154000,"A","Normal Value"
"2018","E08000030","Walsall",121000,"A","Normal Value"
"2018","E08000031","Wolverhampton",120000,"A","Normal Value"
"2018","E06000031","Peterborough",129000,"A","Normal Value"
"2018","E06000032","Luton",105000,"A","Normal Value"
"2018","E06000033","Southend-on-Sea",83000,"A","Normal Value"
"2018","E06000034","Thurrock",78000,"A","Normal Value"
"2018","E06000055","Bedford",86000,"A","Normal Value"
"2018","E06000056","Central Bedfordshire",124000,"A","Normal Value"
"2018","E07000008","Cambridge",122000,"A","Normal Value"
"2018","E07000009","East Cambridgeshire",39000,"A","Normal Value"
"2018","E07000010","Fenland",42000,"A","Normal Value"
"2018","E07000011","Huntingdonshire",85000,"A","Normal Value"
"2018","E07000012","South Cambridgeshire",93000,"A","Normal Value"
"2018","E07000066","Basildon",96000,"A","Normal Value"
"2018","E07000067","Braintree",66000,"A","Normal Value"
"2018","E07000068","Brentwood",41000,"A","Normal Value"
"2018","E07000069","Castle Point",29000,"A","Normal Value"
"2018","E07000070","Chelmsford",103000,"A","Normal Value"
"2018","E07000071","Colchester",98000,"A","Normal Value"
"2018","E07000072","Epping Forest",65000,"A","Normal Value"
"2018","E07000073","Harlow",47000,"A","Normal Value"
"2018","E07000074","Maldon",28000,"A","Normal Value"
"2018","E07000075","Rochford",29000,"A","Normal Value"
"2018","E07000076","Tendring",50000,"A","Normal Value"
"2018","E07000077","Uttlesford",55000,"A","Normal Value"
"2018","E07000095","Broxbourne",41000,"A","Normal Value"
"2018","E07000096","Dacorum",80000,"A","Normal Value"
"2018","E07000098","Hertsmere",62000,"A","Normal Value"
"2018","E07000099","North Hertfordshire",63000,"A","Normal Value"
"2018","E07000102","Three Rivers",52000,"A","Normal Value"
"2018","E07000103","Watford",98000,"A","Normal Value"
"2018","E07000143","Breckland",57000,"A","Normal Value"
"2018","E07000144","Broadland",57000,"A","Normal Value"
"2018","E07000145","Great Yarmouth",41000,"A","Normal Value"
"2018","E07000146","King's Lynn and West Norfolk",69000,"A","Normal Value"
"2018","E07000147","North Norfolk",43000,"A","Normal Value"
"2018","E07000148","Norwich",106000,"A","Normal Value"
"2018","E07000149","South Norfolk",65000,"A","Normal Value"
"2018","E07000200","Babergh",37000,"A","Normal Value"
"2018","E07000202","Ipswich",83000,"A","Normal Value"
"2018","E07000203","Mid Suffolk",47000,"A","Normal Value"
"2018","E07000240","St Albans",91000,"A","Normal Value"
"2018","E07000241","Welwyn Hatfield",101000,"A","Normal Value"
"2018","E07000242","East Hertfordshire",94000,"A","Normal Value"
"2018","E07000243","Stevenage",52000,"A","Normal Value"
"2018","E07000244","East Suffolk",115000,"A","Normal Value"
"2018","E07000245","West Suffolk",110000,"A","Normal Value"
"2018","E09000001","City of London",638000,"A","Normal Value"
"2018","E09000002","Barking and Dagenham",66000,"A","Normal Value"
"2018","E09000003","Barnet",169000,"A","Normal Value"
"2018","E09000004","Bexley",87000,"A","Normal Value"
"2018","E09000005","Brent",157000,"A","Normal Value"
"2018","E09000006","Bromley",127000,"A","Normal Value"
"2018","E09000007","Camden",403000,"A","Normal Value"
"2018","E09000008","Croydon",149000,"A","Normal Value"
"2018","E09000009","Ealing",148000,"A","Normal Value"
"2018","E09000010","Enfield",133000,"A","Normal Value"
"2018","E09000011","Greenwich",106000,"A","Normal Value"
"2018","E09000012","Hackney",151000,"A","Normal Value"
"2018","E09000013","Hammersmith and Fulham",155000,"A","Normal Value"
"2018","E09000014","Haringey",91000,"A","Normal Value"
"2018","E09000015","Harrow",91000,"A","Normal Value"
"2018","E09000016","Havering",104000,"A","Normal Value"
"2018","E09000017","Hillingdon",209000,"A","Normal Value"
"2018","E09000018","Hounslow",178000,"A","Normal Value"
"2018","E09000019","Islington",255000,"A","Normal Value"
"2018","E09000020","Kensington and Chelsea",164000,"A","Normal Value"
"2018","E09000021","Kingston upon Thames",96000,"A","Normal Value"
"2018","E09000022","Lambeth",177000,"A","Normal Value"
"2018","E09000023","Lewisham",84000,"A","Normal Value"
"2018","E09000024","Merton",106000,"A","Normal Value"
"2018","E09000025","Newham",139000,"A","Normal Value"
"2018","E09000026","Redbridge",92000,"A","Normal Value"
"2018","E09000027","Richmond upon Thames",111000,"A","Normal Value"
"2018","E09000028","Southwark",329000,"A","Normal Value"
"2018","E09000029","Sutton",78000,"A","Normal Value"
"2018","E09000030","Tower Hamlets",333000,"A","Normal Value"
"2018","E09000031","Waltham Forest",88000,"A","Normal Value"
"2018","E09000032","Wandsworth",147000,"A","Normal Value"
"2018","E09000033","Westminster",777000,"A","Normal Value"
"2018","E06000035","Medway",111000,"A","Normal Value"
"2018","E06000036","Bracknell Forest",71000,"A","Normal Value"
"2018","E06000037","West Berkshire",113000,"A","Normal Value"
"2018","E06000038","Reading",119000,"A","Normal Value"
"2018","E06000039","Slough",98000,"A","Normal Value"
"2018","E06000040","Windsor and Maidenhead",98000,"A","Normal Value"
"2018","E06000041","Wokingham",93000,"A","Normal Value"
"2018","E06000042","Milton Keynes",198000,"A","Normal Value"
"2018","E06000043","Brighton and Hove",173000,"A","Normal Value"
"2018","E06000044","Portsmouth",128000,"A","Normal Value"
"2018","E06000045","Southampton",130000,"A","Normal Value"
"2018","E06000046","Isle of Wight",63000,"A","Normal Value"
"2018","E06000060","Buckinghamshire",282000,"A","Normal Value"
"2018","E07000061","Eastbourne",50000,"A","Normal Value"
"2018","E07000062","Hastings",38000,"A","Normal Value"
"2018","E07000063","Lewes",47000,"A","Normal Value"
"2018","E07000064","Rother",34000,"A","Normal Value"
"2018","E07000065","Wealden",67000,"A","Normal Value"
"2018","E07000084","Basingstoke and Deane",94000,"A","Normal Value"
"2018","E07000085","East Hampshire",57000,"A","Normal Value"
"2018","E07000086","Eastleigh",73000,"A","Normal Value"
"2018","E07000087","Fareham",56000,"A","Normal Value"
"2018","E07000088","Gosport",26000,"A","Normal Value"
"2018","E07000089","Hart",47000,"A","Normal Value"
"2018","E07000090","Havant",48000,"A","Normal Value"
"2018","E07000091","New Forest",83000,"A","Normal Value"
"2018","E07000092","Rushmoor",60000,"A","Normal Value"
"2018","E07000093","Test Valley",71000,"A","Normal Value"
"2018","E07000094","Winchester",97000,"A","Normal Value"
"2018","E07000105","Ashford",76000,"A","Normal Value"
"2018","E07000106","Canterbury",83000,"A","Normal Value"
"2018","E07000107","Dartford",67000,"A","Normal Value"
"2018","E07000108","Dover",42000,"A","Normal Value"
"2018","E07000109","Gravesham",38000,"A","Normal Value"
"2018","E07000110","Maidstone",94000,"A","Normal Value"
"2018","E07000111","Sevenoaks",60000,"A","Normal Value"
"2018","E07000112","Folkestone and Hythe",41000,"A","Normal Value"
"2018","E07000113","Swale",64000,"A","Normal Value"
"2018","E07000114","Thanet",54000,"A","Normal Value"
"2018","E07000115","Tonbridge and Malling",69000,"A","Normal Value"
"2018","E07000116","Tunbridge Wells",62000,"A","Normal Value"
"2018","E07000177","Cherwell",86000,"A","Normal Value"
"2018","E07000178","Oxford",144000,"A","Normal Value"
"2018","E07000179","South Oxfordshire",72000,"A","Normal Value"
"2018","E07000180","Vale of White Horse",72000,"A","Normal Value"
"2018","E07000181","West Oxfordshire",56000,"A","Normal Value"
"2018","E07000207","Elmbridge",73000,"A","Normal Value"
"2018","E07000208","Epsom and Ewell",34000,"A","Normal Value"
"2018","E07000209","Guildford",98000,"A","Normal Value"
"2018","E07000210","Mole Valley",55000,"A","Normal Value"
"2018","E07000211","Reigate and Banstead",79000,"A","Normal Value"
"2018","E07000212","Runnymede",64000,"A","Normal Value"
"2018","E07000213","Spelthorne",47000,"A","Normal Value"
"2018","E07000214","Surrey Heath",63000,"A","Normal Value"
"2018","E07000215","Tandridge",44000,"A","Normal Value"
"2018","E07000216","Waverley",63000,"A","Normal Value"
"2018","E07000217","Woking",57000,"A","Normal Value"
"2018","E07000223","Adur",25000,"A","Normal Value"
"2018","E07000224","Arun",60000,"A","Normal Value"
"2018","E07000225","Chichester",76000,"A","Normal Value"
"2018","E07000226","Crawley",101000,"A","Normal Value"
"2018","E07000227","Horsham",64000,"A","Normal Value"
"2018","E07000228","Mid Sussex",67000,"A","Normal Value"
"2018","E07000229","Worthing",59000,"A","Normal Value"
"2018","E06000022","Bath and North East Somerset",104000,"A","Normal Value"
"2018","E06000023","Bristol, City of",312000,"A","Normal Value"
"2018","E06000024","North Somerset",102000,"A","Normal Value"
"2018","E06000025","South Gloucestershire",167000,"A","Normal Value"
"2018","E06000026","Plymouth",130000,"A","Normal Value"
"2018","E06000027","Torbay",57000,"A","Normal Value"
"2018","E06000030","Swindon",129000,"A","Normal Value"
"2018","E06000052","Cornwall",285000,"A","Normal Value"
"2018","E06000053","Isles of Scilly",1000,"A","Normal Value"
"2018","E06000054","Wiltshire",262000,"A","Normal Value"
"2018","E06000058","Bournemouth, Christchurch and Poole",223000,"A","Normal Value"
"2018","E06000059","Dorset",185000,"A","Normal Value"
"2018","E07000040","East Devon",65000,"A","Normal Value"
"2018","E07000041","Exeter",110000,"A","Normal Value"
"2018","E07000042","Mid Devon",32000,"A","Normal Value"
"2018","E07000043","North Devon",60000,"A","Normal Value"
"2018","E07000044","South Hams",51000,"A","Normal Value"
"2018","E07000045","Teignbridge",56000,"A","Normal Value"
"2018","E07000046","Torridge",27000,"A","Normal Value"
"2018","E07000047","West Devon",21000,"A","Normal Value"
"2018","E07000078","Cheltenham",71000,"A","Normal Value"
"2018","E07000079","Cotswold",56000,"A","Normal Value"
"2018","E07000080","Forest of Dean",33000,"A","Normal Value"
"2018","E07000081","Gloucester",73000,"A","Normal Value"
"2018","E07000082","Stroud",63000,"A","Normal Value"
"2018","E07000083","Tewkesbury",55000,"A","Normal Value"
"2018","E06000066","Somerset",287000,"A","Normal Value"
"2018","W06000001","Isle of Anglesey",28000,"A","Normal Value"
"2018","W06000002","Gwynedd",68000,"A","Normal Value"
"2018","W06000003","Conwy",50000,"A","Normal Value"
"2018","W06000004","Denbighshire",49000,"A","Normal Value"
"2018","W06000005","Flintshire",84000,"A","Normal Value"
"2018","W06000006","Wrexham",68000,"A","Normal Value"
"2018","W06000008","Ceredigion",35000,"A","Normal Value"
"2018","W06000009","Pembrokeshire",58000,"A","Normal Value"
"2018","W06000010","Carmarthenshire",81000,"A","Normal Value"
"2018","W06000011","Swansea",125000,"A","Normal Value"
"2018","W06000012","Neath Port Talbot",53000,"A","Normal Value"
"2018","W06000013","Bridgend",65000,"A","Normal Value"
"2018","W06000014","Vale of Glamorgan",51000,"A","Normal Value"
"2018","W06000015","Cardiff",241000,"A","Normal Value"
"2018","W06000016","Rhondda Cynon Taf",86000,"A","Normal Value"
"2018","W06000018","Caerphilly",60000,"A","Normal Value"
"2018","W06000019","Blaenau Gwent",22000,"A","Normal Value"
"2018","W06000020","Torfaen",38000,"A","Normal Value"
"2018","W06000021","Monmouthshire",46000,"A","Normal Value"
"2018","W06000022","Newport",89000,"A","Normal Value"
"2018","W06000023","Powys",70000,"A","Normal Value"
"2018","W06000024","Merthyr Tydfil",25000,"A","Normal Value"
"2018","S12000005","Clackmannanshire",17000,"A","Normal Value"
"2018","S12000006","Dumfries and Galloway",77000,"A","Normal Value"
"2018","S12000008","East Ayrshire",47000,"A","Normal Value"
"2018","S12000010","East Lothian",38000,"A","Normal Value"
"2018","S12000011","East Renfrewshire",26000,"A","Normal Value"
"2018","S12000013","Na h-Eileanan Siar",14000,"A","Normal Value"
"2018","S12000014","Falkirk",71000,"A","Normal Value"
"2018","S12000017","Highland",132000,"A","Normal Value"
"2018","S12000018","Inverclyde",31000,"A","Normal Value"
"2018","S12000019","Midlothian",35000,"A","Normal Value"
"2018","S12000020","Moray",46000,"A","Normal Value"
"2018","S12000021","North Ayrshire",47000,"A","Normal Value"
"2018","S12000023","Orkney Islands",14000,"A","Normal Value"
"2018","S12000026","Scottish Borders",53000,"A","Normal Value"
"2018","S12000027","Shetland Islands",16000,"A","Normal Value"
"2018","S12000028","South Ayrshire",53000,"A","Normal Value"
"2018","S12000029","South Lanarkshire",132000,"A","Normal Value"
"2018","S12000030","Stirling",53000,"A","Normal Value"
"2018","S12000033","Aberdeen City",191000,"A","Normal Value"
"2018","S12000034","Aberdeenshire",120000,"A","Normal Value"
"2018","S12000035","Argyll and Bute",49000,"A","Normal Value"
"2018","S12000036","City of Edinburgh",386000,"A","Normal Value"
"2018","S12000038","Renfrewshire",95000,"A","Normal Value"
"2018","S12000039","West Dunbartonshire",35000,"A","Normal Value"
"2018","S12000040","West Lothian",86000,"A","Normal Value"
"2018","S12000041","Angus",45000,"A","Normal Value"
"2018","S12000042","Dundee City",83000,"A","Normal Value"
"2018","S12000045","East Dunbartonshire",30000,"A","Normal Value"
"2018","S12000047","Fife",153000,"A","Normal Value"
"2018","S12000048","Perth and Kinross",75000,"A","Normal Value"
"2018","S12000049","Glasgow City",458000,"A","Normal Value"
"2018","S12000050","North Lanarkshire",151000,"A","Normal Value"
"2018","N09000001","Antrim and Newtownabbey",,"Q","These figures are missing."
"2018","N09000002","Armagh City, Banbridge and Craigavon",,"Q","These figures are missing."
"2018","N09000003","Belfast",,"Q","These figures are missing."
"2018","N09000004","Causeway Coast and Glens",,"Q","These figures are missing."
"2018","N09000005","Derry City and Strabane",,"Q","These figures are missing."
"2018","N09000006","Fermanagh and Omagh",,"Q","These figures are missing."
"2018","N09000007","Lisburn and Castlereagh",,"Q","These figures are missing."
"2018","N09000008","Mid and East Antrim",,"Q","These figures are missing."
"2018","N09000009","Mid Ulster",,"Q","These figures are missing."
"2018","N09000010","Newry, Mourne and Down",,"Q","These figures are missing."
"2018","N09000011","Ards and North Down",,"Q","These figures are missing."
"2019","E06000001","Hartlepool",35000,"A","Normal Value"
"2019","E06000002","Middlesbrough",71000,"A","Normal Value"
"2019","E06000003","Redcar and Cleveland",44000,"A","Normal Value"
"2019","E06000004","Stockton-on-Tees",95000,"A","Normal Value"
"2019","E06000005","Darlington",55000,"A","Normal Value"
"2019","E06000047","County Durham",206000,"A","Normal Value"
"2019","E06000057","Northumberland",132000,"A","Normal Value"
"2019","E08000021","Newcastle upon Tyne",211000,"A","Normal Value"
"2019","E08000022","North Tyneside",94000,"A","Normal Value"
"2019","E08000023","South Tyneside",48000,"A","Normal Value"
"2019","E08000024","Sunderland",131000,"A","Normal Value"
"2019","E08000037","Gateshead",104000,"A","Normal Value"
"2019","E06000006","Halton",72000,"A","Normal Value"
"2019","E06000007","Warrington",154000,"A","Normal Value"
"2019","E06000008","Blackburn with Darwen",73000,"A","Normal Value"
"2019","E06000009","Blackpool",74000,"A","Normal Value"
"2019","E06000049","Cheshire East",222000,"A","Normal Value"
"2019","E06000050","Cheshire West and Chester",201000,"A","Normal Value"
"2019","E06000063","Cumberland",148000,"A","Normal Value"
"2019","E06000064","Westmorland and Furness",135000,"A","Normal Value"
"2019","E07000117","Burnley",45000,"A","Normal Value"
"2019","E07000118","Chorley",48000,"A","Normal Value"
"2019","E07000119","Fylde",47000,"A","Normal Value"
"2019","E07000120","Hyndburn",34000,"A","Normal Value"
"2019","E07000121","Lancaster",66000,"A","Normal Value"
"2019","E07000122","Pendle",40000,"A","Normal Value"
"2019","E07000123","Preston",102000,"A","Normal Value"
"2019","E07000124","Ribble Valley",36000,"A","Normal Value"
"2019","E07000125","Rossendale",26000,"A","Normal Value"
"2019","E07000126","South Ribble",63000,"A","Normal Value"
"2019","E07000127","West Lancashire",57000,"A","Normal Value"
"2019","E07000128","Wyre",39000,"A","Normal Value"
"2019","E08000001","Bolton",134000,"A","Normal Value"
"2019","E08000002","Bury",86000,"A","Normal Value"
"2019","E08000003","Manchester",460000,"A","Normal Value"
"2019","E08000004","Oldham",94000,"A","Normal Value"
"2019","E08000005","Rochdale",88000,"A","Normal Value"
"2019","E08000006","Salford",151000,"A","Normal Value"
"2019","E08000007","Stockport",158000,"A","Normal Value"
"2019","E08000008","Tameside",84000,"A","Normal Value"
"2019","E08000009","Trafford",172000,"A","Normal Value"
"2019","E08000010","Wigan",129000,"A","Normal Value"
"2019","E08000011","Knowsley",80000,"A","Normal Value"
"2019","E08000012","Liverpool",299000,"A","Normal Value"
"2019","E08000013","St. Helens",69000,"A","Normal Value"
"2019","E08000014","Sefton",103000,"A","Normal Value"
"2019","E08000015","Wirral",119000,"A","Normal Value"
"2019","E06000010","Kingston upon Hull, City of",138000,"A","Normal Value"
"2019","E06000011","East Riding of Yorkshire",150000,"A","Normal Value"
"2019","E06000012","North East Lincolnshire",74000,"A","Normal Value"
"2019","E06000013","North Lincolnshire",85000,"A","Normal Value"
"2019","E06000014","York",124000,"A","Normal Value"
"2019","E06000065","North Yorkshire",341000,"A","Normal Value"
"2019","E08000016","Barnsley",98000,"A","Normal Value"
"2019","E08000017","Doncaster",140000,"A","Normal Value"
"2019","E08000018","Rotherham",112000,"A","Normal Value"
"2019","E08000019","Sheffield",300000,"A","Normal Value"
"2019","E08000032","Bradford",228000,"A","Normal Value"
"2019","E08000033","Calderdale",108000,"A","Normal Value"
"2019","E08000034","Kirklees",190000,"A","Normal Value"
"2019","E08000035","Leeds",525000,"A","Normal Value"
"2019","E08000036","Wakefield",173000,"A","Normal Value"
"2019","E06000015","Derby",158000,"A","Normal Value"
"2019","E06000016","Leicester",200000,"A","Normal Value"
"2019","E06000017","Rutland",19000,"A","Normal Value"
"2019","E06000018","Nottingham",223000,"A","Normal Value"
"2019","E06000061","North Northamptonshire",181000,"A","Normal Value"
"2019","E06000062","West Northamptonshire",244000,"A","Normal Value"
"2019","E07000032","Amber Valley",59000,"A","Normal Value"
"2019","E07000033","Bolsover",32000,"A","Normal Value"
"2019","E07000034","Chesterfield",57000,"A","Normal Value"
"2019","E07000035","Derbyshire Dales",47000,"A","Normal Value"
"2019","E07000036","Erewash",48000,"A","Normal Value"
"2019","E07000037","High Peak",42000,"A","Normal Value"
"2019","E07000038","North East Derbyshire",32000,"A","Normal Value"
"2019","E07000039","South Derbyshire",40000,"A","Normal Value"
"2019","E07000129","Blaby",68000,"A","Normal Value"
"2019","E07000130","Charnwood",77000,"A","Normal Value"
"2019","E07000131","Harborough",47000,"A","Normal Value"
"2019","E07000132","Hinckley and Bosworth",47000,"A","Normal Value"
"2019","E07000133","Melton",23000,"A","Normal Value"
"2019","E07000134","North West Leicestershire",69000,"A","Normal Value"
"2019","E07000135","Oadby and Wigston",21000,"A","Normal Value"
"2019","E07000136","Boston",35000,"A","Normal Value"
"2019","E07000137","East Lindsey",58000,"A","Normal Value"
"2019","E07000138","Lincoln",61000,"A","Normal Value"
"2019","E07000139","North Kesteven",53000,"A","Normal Value"
"2019","E07000140","South Holland",45000,"A","Normal Value"
"2019","E07000141","South Kesteven",66000,"A","Normal Value"
"2019","E07000142","West Lindsey",34000,"A","Normal Value"
"2019","E07000170","Ashfield",60000,"A","Normal Value"
"2019","E07000171","Bassetlaw",60000,"A","Normal Value"
"2019","E07000172","Broxtowe",43000,"A","Normal Value"
"2019","E07000173","Gedling",34000,"A","Normal Value"
"2019","E07000174","Mansfield",44000,"A","Normal Value"
"2019","E07000175","Newark and Sherwood",59000,"A","Normal Value"
"2019","E07000176","Rushcliffe",52000,"A","Normal Value"
"2019","E06000019","Herefordshire, County of",107000,"A","Normal Value"
"2019","E06000020","Telford and Wrekin",99000,"A","Normal Value"
"2019","E06000021","Stoke-on-Trent",134000,"A","Normal Value"
"2019","E06000051","Shropshire",163000,"A","Normal Value"
"2019","E07000192","Cannock Chase",48000,"A","Normal Value"
"2019","E07000193","East Staffordshire",65000,"A","Normal Value"
"2019","E07000194","Lichfield",57000,"A","Normal Value"
"2019","E07000195","Newcastle-under-Lyme",49000,"A","Normal Value"
"2019","E07000196","South Staffordshire",41000,"A","Normal Value"
"2019","E07000197","Stafford",70000,"A","Normal Value"
"2019","E07000198","Staffordshire Moorlands",40000,"A","Normal Value"
"2019","E07000199","Tamworth",36000,"A","Normal Value"
"2019","E07000218","North Warwickshire",53000,"A","Normal Value"
"2019","E07000219","Nuneaton and Bedworth",54000,"A","Normal Value"
"2019","E07000220","Rugby",56000,"A","Normal Value"
"2019","E07000221","Stratford-on-Avon",88000,"A","Normal Value"
"2019","E07000222","Warwick",100000,"A","Normal Value"
"2019","E07000234","Bromsgrove",54000,"A","Normal Value"
"2019","E07000235","Malvern Hills",37000,"A","Normal Value"
"2019","E07000236","Redditch",45000,"A","Normal Value"
"2019","E07000237","Worcester",62000,"A","Normal Value"
"2019","E07000238","Wychavon",63000,"A","Normal Value"
"2019","E07000239","Wyre Forest",43000,"A","Normal Value"
"2019","E08000025","Birmingham",601000,"A","Normal Value"
"2019","E08000026","Coventry",183000,"A","Normal Value"
"2019","E08000027","Dudley",132000,"A","Normal Value"
"2019","E08000028","Sandwell",137000,"A","Normal Value"
"2019","E08000029","Solihull",154000,"A","Normal Value"
"2019","E08000030","Walsall",118000,"A","Normal Value"
"2019","E08000031","Wolverhampton",119000,"A","Normal Value"
"2019","E06000031","Peterborough",123000,"A","Normal Value"
"2019","E06000032","Luton",104000,"A","Normal Value"
"2019","E06000033","Southend-on-Sea",81000,"A","Normal Value"
"2019","E06000034","Thurrock",77000,"A","Normal Value"
"2019","E06000055","Bedford",89000,"A","Normal Value"
"2019","E06000056","Central Bedfordshire",127000,"A","Normal Value"
"2019","E07000008","Cambridge",123000,"A","Normal Value"
"2019","E07000009","East Cambridgeshire",40000,"A","Normal Value"
"2019","E07000010","Fenland",41000,"A","Normal Value"
"2019","E07000011","Huntingdonshire",90000,"A","Normal Value"
"2019","E07000012","South Cambridgeshire",99000,"A","Normal Value"
"2019","E07000066","Basildon",100000,"A","Normal Value"
"2019","E07000067","Braintree",67000,"A","Normal Value"
"2019","E07000068","Brentwood",42000,"A","Normal Value"
"2019","E07000069","Castle Point",29000,"A","Normal Value"
"2019","E07000070","Chelmsford",103000,"A","Normal Value"
"2019","E07000071","Colchester",99000,"A","Normal Value"
"2019","E07000072","Epping Forest",65000,"A","Normal Value"
"2019","E07000073","Harlow",45000,"A","Normal Value"
"2019","E07000074","Maldon",26000,"A","Normal Value"
"2019","E07000075","Rochford",31000,"A","Normal Value"
"2019","E07000076","Tendring",52000,"A","Normal Value"
"2019","E07000077","Uttlesford",56000,"A","Normal Value"
"2019","E07000095","Broxbourne",40000,"A","Normal Value"
"2019","E07000096","Dacorum",111000,"A","Normal Value"
"2019","E07000098","Hertsmere",65000,"A","Normal Value"
"2019","E07000099","North Hertfordshire",66000,"A","Normal Value"
"2019","E07000102","Three Rivers",54000,"A","Normal Value"
"2019","E07000103","Watford",72000,"A","Normal Value"
"2019","E07000143","Breckland",56000,"A","Normal Value"
"2019","E07000144","Broadland",59000,"A","Normal Value"
"2019","E07000145","Great Yarmouth",43000,"A","Normal Value"
"2019","E07000146","King's Lynn and West Norfolk",66000,"A","Normal Value"
"2019","E07000147","North Norfolk",43000,"A","Normal Value"
"2019","E07000148","Norwich",106000,"A","Normal Value"
"2019","E07000149","South Norfolk",63000,"A","Normal Value"
"2019","E07000200","Babergh",36000,"A","Normal Value"
"2019","E07000202","Ipswich",80000,"A","Normal Value"
"2019","E07000203","Mid Suffolk",48000,"A","Normal Value"
"2019","E07000240","St Albans",87000,"A","Normal Value"
"2019","E07000241","Welwyn Hatfield",104000,"A","Normal Value"
"2019","E07000242","East Hertfordshire",84000,"A","Normal Value"
"2019","E07000243","Stevenage",54000,"A","Normal Value"
"2019","E07000244","East Suffolk",109000,"A","Normal Value"
"2019","E07000245","West Suffolk",111000,"A","Normal Value"
"2019","E09000001","City of London",674000,"A","Normal Value"
"2019","E09000002","Barking and Dagenham",67000,"A","Normal Value"
"2019","E09000003","Barnet",166000,"A","Normal Value"
"2019","E09000004","Bexley",91000,"A","Normal Value"
"2019","E09000005","Brent",155000,"A","Normal Value"
"2019","E09000006","Bromley",133000,"A","Normal Value"
"2019","E09000007","Camden",402000,"A","Normal Value"
"2019","E09000008","Croydon",144000,"A","Normal Value"
"2019","E09000009","Ealing",158000,"A","Normal Value"
"2019","E09000010","Enfield",135000,"A","Normal Value"
"2019","E09000011","Greenwich",107000,"A","Normal Value"
"2019","E09000012","Hackney",156000,"A","Normal Value"
"2019","E09000013","Hammersmith and Fulham",159000,"A","Normal Value"
"2019","E09000014","Haringey",89000,"A","Normal Value"
"2019","E09000015","Harrow",90000,"A","Normal Value"
"2019","E09000016","Havering",98000,"A","Normal Value"
"2019","E09000017","Hillingdon",206000,"A","Normal Value"
"2019","E09000018","Hounslow",185000,"A","Normal Value"
"2019","E09000019","Islington",263000,"A","Normal Value"
"2019","E09000020","Kensington and Chelsea",161000,"A","Normal Value"
"2019","E09000021","Kingston upon Thames",91000,"A","Normal Value"
"2019","E09000022","Lambeth",184000,"A","Normal Value"
"2019","E09000023","Lewisham",86000,"A","Normal Value"
"2019","E09000024","Merton",100000,"A","Normal Value"
"2019","E09000025","Newham",130000,"A","Normal Value"
"2019","E09000026","Redbridge",96000,"A","Normal Value"
"2019","E09000027","Richmond upon Thames",103000,"A","Normal Value"
"2019","E09000028","Southwark",320000,"A","Normal Value"
"2019","E09000029","Sutton",84000,"A","Normal Value"
"2019","E09000030","Tower Hamlets",342000,"A","Normal Value"
"2019","E09000031","Waltham Forest",92000,"A","Normal Value"
"2019","E09000032","Wandsworth",153000,"A","Normal Value"
"2019","E09000033","Westminster",803000,"A","Normal Value"
"2019","E06000035","Medway",107000,"A","Normal Value"
"2019","E06000036","Bracknell Forest",71000,"A","Normal Value"
"2019","E06000037","West Berkshire",116000,"A","Normal Value"
"2019","E06000038","Reading",125000,"A","Normal Value"
"2019","E06000039","Slough",94000,"A","Normal Value"
"2019","E06000040","Windsor and Maidenhead",98000,"A","Normal Value"
"2019","E06000041","Wokingham",99000,"A","Normal Value"
"2019","E06000042","Milton Keynes",204000,"A","Normal Value"
"2019","E06000043","Brighton and Hove",173000,"A","Normal Value"
"2019","E06000044","Portsmouth",129000,"A","Normal Value"
"2019","E06000045","Southampton",132000,"A","Normal Value"
"2019","E06000046","Isle of Wight",64000,"A","Normal Value"
"2019","E06000060","Buckinghamshire",294000,"A","Normal Value"
"2019","E07000061","Eastbourne",46000,"A","Normal Value"
"2019","E07000062","Hastings",44000,"A","Normal Value"
"2019","E07000063","Lewes",49000,"A","Normal Value"
"2019","E07000064","Rother",38000,"A","Normal Value"
"2019","E07000065","Wealden",73000,"A","Normal Value"
"2019","E07000084","Basingstoke and Deane",98000,"A","Normal Value"
"2019","E07000085","East Hampshire",59000,"A","Normal Value"
"2019","E07000086","Eastleigh",74000,"A","Normal Value"
"2019","E07000087","Fareham",57000,"A","Normal Value"
"2019","E07000088","Gosport",27000,"A","Normal Value"
"2019","E07000089","Hart",43000,"A","Normal Value"
"2019","E07000090","Havant",51000,"A","Normal Value"
"2019","E07000091","New Forest",84000,"A","Normal Value"
"2019","E07000092","Rushmoor",59000,"A","Normal Value"
"2019","E07000093","Test Valley",72000,"A","Normal Value"
"2019","E07000094","Winchester",101000,"A","Normal Value"
"2019","E07000105","Ashford",76000,"A","Normal Value"
"2019","E07000106","Canterbury",87000,"A","Normal Value"
"2019","E07000107","Dartford",68000,"A","Normal Value"
"2019","E07000108","Dover",43000,"A","Normal Value"
"2019","E07000109","Gravesham",37000,"A","Normal Value"
"2019","E07000110","Maidstone",91000,"A","Normal Value"
"2019","E07000111","Sevenoaks",64000,"A","Normal Value"
"2019","E07000112","Folkestone and Hythe",47000,"A","Normal Value"
"2019","E07000113","Swale",63000,"A","Normal Value"
"2019","E07000114","Thanet",57000,"A","Normal Value"
"2019","E07000115","Tonbridge and Malling",75000,"A","Normal Value"
"2019","E07000116","Tunbridge Wells",65000,"A","Normal Value"
"2019","E07000177","Cherwell",95000,"A","Normal Value"
"2019","E07000178","Oxford",142000,"A","Normal Value"
"2019","E07000179","South Oxfordshire",74000,"A","Normal Value"
"2019","E07000180","Vale of White Horse",80000,"A","Normal Value"
"2019","E07000181","West Oxfordshire",57000,"A","Normal Value"
"2019","E07000207","Elmbridge",72000,"A","Normal Value"
"2019","E07000208","Epsom and Ewell",37000,"A","Normal Value"
"2019","E07000209","Guildford",103000,"A","Normal Value"
"2019","E07000210","Mole Valley",55000,"A","Normal Value"
"2019","E07000211","Reigate and Banstead",86000,"A","Normal Value"
"2019","E07000212","Runnymede",69000,"A","Normal Value"
"2019","E07000213","Spelthorne",50000,"A","Normal Value"
"2019","E07000214","Surrey Heath",59000,"A","Normal Value"
"2019","E07000215","Tandridge",47000,"A","Normal Value"
"2019","E07000216","Waverley",64000,"A","Normal Value"
"2019","E07000217","Woking",58000,"A","Normal Value"
"2019","E07000223","Adur",26000,"A","Normal Value"
"2019","E07000224","Arun",57000,"A","Normal Value"
"2019","E07000225","Chichester",81000,"A","Normal Value"
"2019","E07000226","Crawley",103000,"A","Normal Value"
"2019","E07000227","Horsham",70000,"A","Normal Value"
"2019","E07000228","Mid Sussex",72000,"A","Normal Value"
"2019","E07000229","Worthing",58000,"A","Normal Value"
"2019","E06000022","Bath and North East Somerset",108000,"A","Normal Value"
"2019","E06000023","Bristol, City of",326000,"A","Normal Value"
"2019","E06000024","North Somerset",102000,"A","Normal Value"
"2019","E06000025","South Gloucestershire",185000,"A","Normal Value"
"2019","E06000026","Plymouth",134000,"A","Normal Value"
"2019","E06000027","Torbay",59000,"A","Normal Value"
"2019","E06000030","Swindon",128000,"A","Normal Value"
"2019","E06000052","Cornwall",282000,"A","Normal Value"
"2019","E06000053","Isles of Scilly",1000,"A","Normal Value"
"2019","E06000054","Wiltshire",274000,"A","Normal Value"
"2019","E06000058","Bournemouth, Christchurch and Poole",224000,"A","Normal Value"
"2019","E06000059","Dorset",184000,"A","Normal Value"
"2019","E07000040","East Devon",64000,"A","Normal Value"
"2019","E07000041","Exeter",110000,"A","Normal Value"
"2019","E07000042","Mid Devon",34000,"A","Normal Value"
"2019","E07000043","North Devon",60000,"A","Normal Value"
"2019","E07000044","South Hams",47000,"A","Normal Value"
"2019","E07000045","Teignbridge",58000,"A","Normal Value"
"2019","E07000046","Torridge",30000,"A","Normal Value"
"2019","E07000047","West Devon",20000,"A","Normal Value"
"2019","E07000078","Cheltenham",75000,"A","Normal Value"
"2019","E07000079","Cotswold",56000,"A","Normal Value"
"2019","E07000080","Forest of Dean",33000,"A","Normal Value"
"2019","E07000081","Gloucester",76000,"A","Normal Value"
"2019","E07000082","Stroud",61000,"A","Normal Value"
"2019","E07000083","Tewkesbury",58000,"A","Normal Value"
"2019","E06000066","Somerset",287000,"A","Normal Value"
"2019","W06000001","Isle of Anglesey",27000,"A","Normal Value"
"2019","W06000002","Gwynedd",67000,"A","Normal Value"
"2019","W06000003","Conwy",49000,"A","Normal Value"
"2019","W06000004","Denbighshire",47000,"A","Normal Value"
"2019","W06000005","Flintshire",85000,"A","Normal Value"
"2019","W06000006","Wrexham",68000,"A","Normal Value"
"2019","W06000008","Ceredigion",37000,"A","Normal Value"
"2019","W06000009","Pembrokeshire",59000,"A","Normal Value"
"2019","W06000010","Carmarthenshire",82000,"A","Normal Value"
"2019","W06000011","Swansea",125000,"A","Normal Value"
"2019","W06000012","Neath Port Talbot",56000,"A","Normal Value"
"2019","W06000013","Bridgend",62000,"A","Normal Value"
"2019","W06000014","Vale of Glamorgan",48000,"A","Normal Value"
"2019","W06000015","Cardiff",242000,"A","Normal Value"
"2019","W06000016","Rhondda Cynon Taf",83000,"A","Normal Value"
"2019","W06000018","Caerphilly",64000,"A","Normal Value"
"2019","W06000019","Blaenau Gwent",22000,"A","Normal Value"
"2019","W06000020","Torfaen",40000,"A","Normal Value"
"2019","W06000021","Monmouthshire",45000,"A","Normal Value"
"2019","W06000022","Newport",88000,"A","Normal Value"
"2019","W06000023","Powys",68000,"A","Normal Value"
"2019","W06000024","Merthyr Tydfil",25000,"A","Normal Value"
"2019","S12000005","Clackmannanshire",16000,"A","Normal Value"
"2019","S12000006","Dumfries and Galloway",74000,"A","Normal Value"
"2019","S12000008","East Ayrshire",47000,"A","Normal Value"
"2019","S12000010","East Lothian",36000,"A","Normal Value"
"2019","S12000011","East Renfrewshire",25000,"A","Normal Value"
"2019","S12000013","Na h-Eileanan Siar",14000,"A","Normal Value"
"2019","S12000014","Falkirk",72000,"A","Normal Value"
"2019","S12000017","Highland",133000,"A","Normal Value"
"2019","S12000018","Inverclyde",28000,"A","Normal Value"
"2019","S12000019","Midlothian",35000,"A","Normal Value"
"2019","S12000020","Moray",46000,"A","Normal Value"
"2019","S12000021","North Ayrshire",47000,"A","Normal Value"
"2019","S12000023","Orkney Islands",14000,"A","Normal Value"
"2019","S12000026","Scottish Borders",55000,"A","Normal Value"
"2019","S12000027","Shetland Islands",15000,"A","Normal Value"
"2019","S12000028","South Ayrshire",54000,"A","Normal Value"
"2019","S12000029","South Lanarkshire",133000,"A","Normal Value"
"2019","S12000030","Stirling",55000,"A","Normal Value"
"2019","S12000033","Aberdeen City",192000,"A","Normal Value"
"2019","S12000034","Aberdeenshire",119000,"A","Normal Value"
"2019","S12000035","Argyll and Bute",51000,"A","Normal Value"
"2019","S12000036","City of Edinburgh",389000,"A","Normal Value"
"2019","S12000038","Renfrewshire",94000,"A","Normal Value"
"2019","S12000039","West Dunbartonshire",36000,"A","Normal Value"
"2019","S12000040","West Lothian",85000,"A","Normal Value"
"2019","S12000041","Angus",44000,"A","Normal Value"
"2019","S12000042","Dundee City",84000,"A","Normal Value"
"2019","S12000045","East Dunbartonshire",30000,"A","Normal Value"
"2019","S12000047","Fife",152000,"A","Normal Value"
"2019","S12000048","Perth and Kinross",81000,"A","Normal Value"
"2019","S12000049","Glasgow City",463000,"A","Normal Value"
"2019","S12000050","North Lanarkshire",146000,"A","Normal Value"
"2019","N09000001","Antrim and Newtownabbey",,"Q","These figures are missing."
"2019","N09000002","Armagh City, Banbridge and Craigavon",,"Q","These figures are missing."
"2019","N09000003","Belfast",,"Q","These figures are missing."
"2019","N09000004","Causeway Coast and Glens",,"Q","These figures are missing."
"2019","N09000005","Derry City and Strabane",,"Q","These figures are missing."
"2019","N09000006","Fermanagh and Omagh",,"Q","These figures are missing."
"2019","N09000007","Lisburn and Castlereagh",,"Q","These figures are missing."
"2019","N09000008","Mid and East Antrim",,"Q","These figures are missing."
"2019","N09000009","Mid Ulster",,"Q","These figures are missing."
"2019","N09000010","Newry, Mourne and Down",,"Q","These figures are missing."
"2019","N09000011","Ards and North Down",,"Q","These figures are missing."
"2020","E06000001","Hartlepool",33000,"A","Normal Value"
"2020","E06000002","Middlesbrough",66000,"A","Normal Value"
"2020","E06000003","Redcar and Cleveland",43000,"A","Normal Value"
"2020","E06000004","Stockton-on-Tees",97000,"A","Normal Value"
"2020","E06000005","Darlington",57000,"A","Normal Value"
"2020","E06000047","County Durham",201000,"A","Normal Value"
"2020","E06000057","Northumberland",122000,"A","Normal Value"
"2020","E08000021","Newcastle upon Tyne",200000,"A","Normal Value"
"2020","E08000022","North Tyneside",89000,"A","Normal Value"
"2020","E08000023","South Tyneside",46000,"A","Normal Value"
"2020","E08000024","Sunderland",131000,"A","Normal Value"
"2020","E08000037","Gateshead",98000,"A","Normal Value"
"2020","E06000006","Halton",70000,"A","Normal Value"
"2020","E06000007","Warrington",153000,"A","Normal Value"
"2020","E06000008","Blackburn with Darwen",76000,"A","Normal Value"
"2020","E06000009","Blackpool",73000,"A","Normal Value"
"2020","E06000049","Cheshire East",219000,"A","Normal Value"
"2020","E06000050","Cheshire West and Chester",187000,"A","Normal Value"
"2020","E06000063","Cumberland",143000,"A","Normal Value"
"2020","E06000064","Westmorland and Furness",128000,"A","Normal Value"
"2020","E07000117","Burnley",43000,"A","Normal Value"
"2020","E07000118","Chorley",46000,"A","Normal Value"
"2020","E07000119","Fylde",42000,"A","Normal Value"
"2020","E07000120","Hyndburn",33000,"A","Normal Value"
"2020","E07000121","Lancaster",66000,"A","Normal Value"
"2020","E07000122","Pendle",39000,"A","Normal Value"
"2020","E07000123","Preston",99000,"A","Normal Value"
"2020","E07000124","Ribble Valley",36000,"A","Normal Value"
"2020","E07000125","Rossendale",23000,"A","Normal Value"
"2020","E07000126","South Ribble",60000,"A","Normal Value"
"2020","E07000127","West Lancashire",58000,"A","Normal Value"
"2020","E07000128","Wyre",39000,"A","Normal Value"
"2020","E08000001","Bolton",133000,"A","Normal Value"
"2020","E08000002","Bury",76000,"A","Normal Value"
"2020","E08000003","Manchester",455000,"A","Normal Value"
"2020","E08000004","Oldham",91000,"A","Normal Value"
"2020","E08000005","Rochdale",85000,"A","Normal Value"
"2020","E08000006","Salford",143000,"A","Normal Value"
"2020","E08000007","Stockport",149000,"A","Normal Value"
"2020","E08000008","Tameside",79000,"A","Normal Value"
"2020","E08000009","Trafford",165000,"A","Normal Value"
"2020","E08000010","Wigan",124000,"A","Normal Value"
"2020","E08000011","Knowsley",72000,"A","Normal Value"
"2020","E08000012","Liverpool",284000,"A","Normal Value"
"2020","E08000013","St. Helens",69000,"A","Normal Value"
"2020","E08000014","Sefton",104000,"A","Normal Value"
"2020","E08000015","Wirral",112000,"A","Normal Value"
"2020","E06000010","Kingston upon Hull, City of",138000,"A","Normal Value"
"2020","E06000011","East Riding of Yorkshire",141000,"A","Normal Value"
"2020","E06000012","North East Lincolnshire",73000,"A","Normal Value"
"2020","E06000013","North Lincolnshire",85000,"A","Normal Value"
"2020","E06000014","York",124000,"A","Normal Value"
"2020","E06000065","North Yorkshire",326000,"A","Normal Value"
"2020","E08000016","Barnsley",92000,"A","Normal Value"
"2020","E08000017","Doncaster",136000,"A","Normal Value"
"2020","E08000018","Rotherham",118000,"A","Normal Value"
"2020","E08000019","Sheffield",292000,"A","Normal Value"
"2020","E08000032","Bradford",226000,"A","Normal Value"
"2020","E08000033","Calderdale",103000,"A","Normal Value"
"2020","E08000034","Kirklees",175000,"A","Normal Value"
"2020","E08000035","Leeds",503000,"A","Normal Value"
"2020","E08000036","Wakefield",171000,"A","Normal Value"
"2020","E06000015","Derby",156000,"A","Normal Value"
"2020","E06000016","Leicester",188000,"A","Normal Value"
"2020","E06000017","Rutland",20000,"A","Normal Value"
"2020","E06000018","Nottingham",223000,"A","Normal Value"
"2020","E06000061","North Northamptonshire",179000,"A","Normal Value"
"2020","E06000062","West Northamptonshire",239000,"A","Normal Value"
"2020","E07000032","Amber Valley",54000,"A","Normal Value"
"2020","E07000033","Bolsover",29000,"A","Normal Value"
"2020","E07000034","Chesterfield",53000,"A","Normal Value"
"2020","E07000035","Derbyshire Dales",43000,"A","Normal Value"
"2020","E07000036","Erewash",45000,"A","Normal Value"
"2020","E07000037","High Peak",38000,"A","Normal Value"
"2020","E07000038","North East Derbyshire",30000,"A","Normal Value"
"2020","E07000039","South Derbyshire",35000,"A","Normal Value"
"2020","E07000129","Blaby",61000,"A","Normal Value"
"2020","E07000130","Charnwood",80000,"A","Normal Value"
"2020","E07000131","Harborough",46000,"A","Normal Value"
"2020","E07000132","Hinckley and Bosworth",50000,"A","Normal Value"
"2020","E07000133","Melton",25000,"A","Normal Value"
"2020","E07000134","North West Leicestershire",73000,"A","Normal Value"
"2020","E07000135","Oadby and Wigston",21000,"A","Normal Value"
"2020","E07000136","Boston",35000,"A","Normal Value"
"2020","E07000137","East Lindsey",59000,"A","Normal Value"
"2020","E07000138","Lincoln",61000,"A","Normal Value"
"2020","E07000139","North Kesteven",52000,"A","Normal Value"
"2020","E07000140","South Holland",44000,"A","Normal Value"
"2020","E07000141","South Kesteven",69000,"A","Normal Value"
"2020","E07000142","West Lindsey",33000,"A","Normal Value"
"2020","E07000170","Ashfield",54000,"A","Normal Value"
"2020","E07000171","Bassetlaw",58000,"A","Normal Value"
"2020","E07000172","Broxtowe",40000,"A","Normal Value"
"2020","E07000173","Gedling",35000,"A","Normal Value"
"2020","E07000174","Mansfield",47000,"A","Normal Value"
"2020","E07000175","Newark and Sherwood",60000,"A","Normal Value"
"2020","E07000176","Rushcliffe",51000,"A","Normal Value"
"2020","E06000019","Herefordshire, County of",104000,"A","Normal Value"
"2020","E06000020","Telford and Wrekin",96000,"A","Normal Value"
"2020","E06000021","Stoke-on-Trent",132000,"A","Normal Value"
"2020","E06000051","Shropshire",156000,"A","Normal Value"
"2020","E07000192","Cannock Chase",43000,"A","Normal Value"
"2020","E07000193","East Staffordshire",73000,"A","Normal Value"
"2020","E07000194","Lichfield",55000,"A","Normal Value"
"2020","E07000195","Newcastle-under-Lyme",51000,"A","Normal Value"
"2020","E07000196","South Staffordshire",41000,"A","Normal Value"
"2020","E07000197","Stafford",66000,"A","Normal Value"
"2020","E07000198","Staffordshire Moorlands",41000,"A","Normal Value"
"2020","E07000199","Tamworth",33000,"A","Normal Value"
"2020","E07000218","North Warwickshire",50000,"A","Normal Value"
"2020","E07000219","Nuneaton and Bedworth",50000,"A","Normal Value"
"2020","E07000220","Rugby",57000,"A","Normal Value"
"2020","E07000221","Stratford-on-Avon",82000,"A","Normal Value"
"2020","E07000222","Warwick",102000,"A","Normal Value"
"2020","E07000234","Bromsgrove",56000,"A","Normal Value"
"2020","E07000235","Malvern Hills",34000,"A","Normal Value"
"2020","E07000236","Redditch",42000,"A","Normal Value"
"2020","E07000237","Worcester",62000,"A","Normal Value"
"2020","E07000238","Wychavon",63000,"A","Normal Value"
"2020","E07000239","Wyre Forest",43000,"A","Normal Value"
"2020","E08000025","Birmingham",598000,"A","Normal Value"
"2020","E08000026","Coventry",183000,"A","Normal Value"
"2020","E08000027","Dudley",126000,"A","Normal Value"
"2020","E08000028","Sandwell",129000,"A","Normal Value"
"2020","E08000029","Solihull",151000,"A","Normal Value"
"2020","E08000030","Walsall",115000,"A","Normal Value"
"2020","E08000031","Wolverhampton",118000,"A","Normal Value"
"2020","E06000031","Peterborough",131000,"A","Normal Value"
"2020","E06000032","Luton",102000,"A","Normal Value"
"2020","E06000033","Southend-on-Sea",80000,"A","Normal Value"
"2020","E06000034","Thurrock",82000,"A","Normal Value"
"2020","E06000055","Bedford",91000,"A","Normal Value"
"2020","E06000056","Central Bedfordshire",116000,"A","Normal Value"
"2020","E07000008","Cambridge",121000,"A","Normal Value"
"2020","E07000009","East Cambridgeshire",41000,"A","Normal Value"
"2020","E07000010","Fenland",44000,"A","Normal Value"
"2020","E07000011","Huntingdonshire",86000,"A","Normal Value"
"2020","E07000012","South Cambridgeshire",96000,"A","Normal Value"
"2020","E07000066","Basildon",94000,"A","Normal Value"
"2020","E07000067","Braintree",67000,"A","Normal Value"
"2020","E07000068","Brentwood",42000,"A","Normal Value"
"2020","E07000069","Castle Point",30000,"A","Normal Value"
"2020","E07000070","Chelmsford",100000,"A","Normal Value"
"2020","E07000071","Colchester",93000,"A","Normal Value"
"2020","E07000072","Epping Forest",65000,"A","Normal Value"
"2020","E07000073","Harlow",44000,"A","Normal Value"
"2020","E07000074","Maldon",26000,"A","Normal Value"
"2020","E07000075","Rochford",28000,"A","Normal Value"
"2020","E07000076","Tendring",52000,"A","Normal Value"
"2020","E07000077","Uttlesford",57000,"A","Normal Value"
"2020","E07000095","Broxbourne",44000,"A","Normal Value"
"2020","E07000096","Dacorum",115000,"A","Normal Value"
"2020","E07000098","Hertsmere",62000,"A","Normal Value"
"2020","E07000099","North Hertfordshire",65000,"A","Normal Value"
"2020","E07000102","Three Rivers",50000,"A","Normal Value"
"2020","E07000103","Watford",80000,"A","Normal Value"
"2020","E07000143","Breckland",57000,"A","Normal Value"
"2020","E07000144","Broadland",52000,"A","Normal Value"
"2020","E07000145","Great Yarmouth",45000,"A","Normal Value"
"2020","E07000146","King's Lynn and West Norfolk",69000,"A","Normal Value"
"2020","E07000147","North Norfolk",47000,"A","Normal Value"
"2020","E07000148","Norwich",98000,"A","Normal Value"
"2020","E07000149","South Norfolk",62000,"A","Normal Value"
"2020","E07000200","Babergh",40000,"A","Normal Value"
"2020","E07000202","Ipswich",80000,"A","Normal Value"
"2020","E07000203","Mid Suffolk",50000,"A","Normal Value"
"2020","E07000240","St Albans",83000,"A","Normal Value"
"2020","E07000241","Welwyn Hatfield",94000,"A","Normal Value"
"2020","E07000242","East Hertfordshire",84000,"A","Normal Value"
"2020","E07000243","Stevenage",52000,"A","Normal Value"
"2020","E07000244","East Suffolk",110000,"A","Normal Value"
"2020","E07000245","West Suffolk",110000,"A","Normal Value"
"2020","E09000001","City of London",630000,"A","Normal Value"
"2020","E09000002","Barking and Dagenham",71000,"A","Normal Value"
"2020","E09000003","Barnet",163000,"A","Normal Value"
"2020","E09000004","Bexley",85000,"A","Normal Value"
"2020","E09000005","Brent",149000,"A","Normal Value"
"2020","E09000006","Bromley",129000,"A","Normal Value"
"2020","E09000007","Camden",391000,"A","Normal Value"
"2020","E09000008","Croydon",144000,"A","Normal Value"
"2020","E09000009","Ealing",160000,"A","Normal Value"
"2020","E09000010","Enfield",126000,"A","Normal Value"
"2020","E09000011","Greenwich",102000,"A","Normal Value"
"2020","E09000012","Hackney",152000,"A","Normal Value"
"2020","E09000013","Hammersmith and Fulham",165000,"A","Normal Value"
"2020","E09000014","Haringey",94000,"A","Normal Value"
"2020","E09000015","Harrow",90000,"A","Normal Value"
"2020","E09000016","Havering",95000,"A","Normal Value"
"2020","E09000017","Hillingdon",206000,"A","Normal Value"
"2020","E09000018","Hounslow",169000,"A","Normal Value"
"2020","E09000019","Islington",247000,"A","Normal Value"
"2020","E09000020","Kensington and Chelsea",149000,"A","Normal Value"
"2020","E09000021","Kingston upon Thames",89000,"A","Normal Value"
"2020","E09000022","Lambeth",175000,"A","Normal Value"
"2020","E09000023","Lewisham",84000,"A","Normal Value"
"2020","E09000024","Merton",97000,"A","Normal Value"
"2020","E09000025","Newham",136000,"A","Normal Value"
"2020","E09000026","Redbridge",90000,"A","Normal Value"
"2020","E09000027","Richmond upon Thames",100000,"A","Normal Value"
"2020","E09000028","Southwark",310000,"A","Normal Value"
"2020","E09000029","Sutton",82000,"A","Normal Value"
"2020","E09000030","Tower Hamlets",321000,"A","Normal Value"
"2020","E09000031","Waltham Forest",85000,"A","Normal Value"
"2020","E09000032","Wandsworth",147000,"A","Normal Value"
"2020","E09000033","Westminster",747000,"A","Normal Value"
"2020","E06000035","Medway",112000,"A","Normal Value"
"2020","E06000036","Bracknell Forest",69000,"A","Normal Value"
"2020","E06000037","West Berkshire",107000,"A","Normal Value"
"2020","E06000038","Reading",122000,"A","Normal Value"
"2020","E06000039","Slough",91000,"A","Normal Value"
"2020","E06000040","Windsor and Maidenhead",93000,"A","Normal Value"
"2020","E06000041","Wokingham",94000,"A","Normal Value"
"2020","E06000042","Milton Keynes",191000,"A","Normal Value"
"2020","E06000043","Brighton and Hove",163000,"A","Normal Value"
"2020","E06000044","Portsmouth",123000,"A","Normal Value"
"2020","E06000045","Southampton",129000,"A","Normal Value"
"2020","E06000046","Isle of Wight",60000,"A","Normal Value"
"2020","E06000060","Buckinghamshire",284000,"A","Normal Value"
"2020","E07000061","Eastbourne",47000,"A","Normal Value"
"2020","E07000062","Hastings",37000,"A","Normal Value"
"2020","E07000063","Lewes",46000,"A","Normal Value"
"2020","E07000064","Rother",35000,"A","Normal Value"
"2020","E07000065","Wealden",63000,"A","Normal Value"
"2020","E07000084","Basingstoke and Deane",95000,"A","Normal Value"
"2020","E07000085","East Hampshire",55000,"A","Normal Value"
"2020","E07000086","Eastleigh",70000,"A","Normal Value"
"2020","E07000087","Fareham",60000,"A","Normal Value"
"2020","E07000088","Gosport",24000,"A","Normal Value"
"2020","E07000089","Hart",41000,"A","Normal Value"
"2020","E07000090","Havant",50000,"A","Normal Value"
"2020","E07000091","New Forest",78000,"A","Normal Value"
"2020","E07000092","Rushmoor",58000,"A","Normal Value"
"2020","E07000093","Test Valley",73000,"A","Normal Value"
"2020","E07000094","Winchester",94000,"A","Normal Value"
"2020","E07000105","Ashford",68000,"A","Normal Value"
"2020","E07000106","Canterbury",80000,"A","Normal Value"
"2020","E07000107","Dartford",80000,"A","Normal Value"
"2020","E07000108","Dover",42000,"A","Normal Value"
"2020","E07000109","Gravesham",37000,"A","Normal Value"
"2020","E07000110","Maidstone",88000,"A","Normal Value"
"2020","E07000111","Sevenoaks",59000,"A","Normal Value"
"2020","E07000112","Folkestone and Hythe",47000,"A","Normal Value"
"2020","E07000113","Swale",57000,"A","Normal Value"
"2020","E07000114","Thanet",53000,"A","Normal Value"
"2020","E07000115","Tonbridge and Malling",76000,"A","Normal Value"
"2020","E07000116","Tunbridge Wells",66000,"A","Normal Value"
"2020","E07000177","Cherwell",95000,"A","Normal Value"
"2020","E07000178","Oxford",133000,"A","Normal Value"
"2020","E07000179","South Oxfordshire",73000,"A","Normal Value"
"2020","E07000180","Vale of White Horse",77000,"A","Normal Value"
"2020","E07000181","West Oxfordshire",58000,"A","Normal Value"
"2020","E07000207","Elmbridge",69000,"A","Normal Value"
"2020","E07000208","Epsom and Ewell",37000,"A","Normal Value"
"2020","E07000209","Guildford",90000,"A","Normal Value"
"2020","E07000210","Mole Valley",50000,"A","Normal Value"
"2020","E07000211","Reigate and Banstead",74000,"A","Normal Value"
"2020","E07000212","Runnymede",67000,"A","Normal Value"
"2020","E07000213","Spelthorne",45000,"A","Normal Value"
"2020","E07000214","Surrey Heath",59000,"A","Normal Value"
"2020","E07000215","Tandridge",37000,"A","Normal Value"
"2020","E07000216","Waverley",68000,"A","Normal Value"
"2020","E07000217","Woking",55000,"A","Normal Value"
"2020","E07000223","Adur",26000,"A","Normal Value"
"2020","E07000224","Arun",53000,"A","Normal Value"
"2020","E07000225","Chichester",78000,"A","Normal Value"
"2020","E07000226","Crawley",99000,"A","Normal Value"
"2020","E07000227","Horsham",65000,"A","Normal Value"
"2020","E07000228","Mid Sussex",72000,"A","Normal Value"
"2020","E07000229","Worthing",58000,"A","Normal Value"
"2020","E06000022","Bath and North East Somerset",110000,"A","Normal Value"
"2020","E06000023","Bristol, City of",318000,"A","Normal Value"
"2020","E06000024","North Somerset",101000,"A","Normal Value"
"2020","E06000025","South Gloucestershire",173000,"A","Normal Value"
"2020","E06000026","Plymouth",133000,"A","Normal Value"
"2020","E06000027","Torbay",57000,"A","Normal Value"
"2020","E06000030","Swindon",126000,"A","Normal Value"
"2020","E06000052","Cornwall",281000,"A","Normal Value"
"2020","E06000053","Isles of Scilly",1000,"A","Normal Value"
"2020","E06000054","Wiltshire",273000,"A","Normal Value"
"2020","E06000058","Bournemouth, Christchurch and Poole",215000,"A","Normal Value"
"2020","E06000059","Dorset",177000,"A","Normal Value"
"2020","E07000040","East Devon",62000,"A","Normal Value"
"2020","E07000041","Exeter",105000,"A","Normal Value"
"2020","E07000042","Mid Devon",34000,"A","Normal Value"
"2020","E07000043","North Devon",51000,"A","Normal Value"
"2020","E07000044","South Hams",51000,"A","Normal Value"
"2020","E07000045","Teignbridge",58000,"A","Normal Value"
"2020","E07000046","Torridge",31000,"A","Normal Value"
"2020","E07000047","West Devon",24000,"A","Normal Value"
"2020","E07000078","Cheltenham",76000,"A","Normal Value"
"2020","E07000079","Cotswold",55000,"A","Normal Value"
"2020","E07000080","Forest of Dean",30000,"A","Normal Value"
"2020","E07000081","Gloucester",73000,"A","Normal Value"
"2020","E07000082","Stroud",59000,"A","Normal Value"
"2020","E07000083","Tewkesbury",53000,"A","Normal Value"
"2020","E06000066","Somerset",277000,"A","Normal Value"
"2020","W06000001","Isle of Anglesey",27000,"A","Normal Value"
"2020","W06000002","Gwynedd",66000,"A","Normal Value"
"2020","W06000003","Conwy",52000,"A","Normal Value"
"2020","W06000004","Denbighshire",48000,"A","Normal Value"
"2020","W06000005","Flintshire",82000,"A","Normal Value"
"2020","W06000006","Wrexham",70000,"A","Normal Value"
"2020","W06000008","Ceredigion",36000,"A","Normal Value"
"2020","W06000009","Pembrokeshire",58000,"A","Normal Value"
"2020","W06000010","Carmarthenshire",81000,"A","Normal Value"
"2020","W06000011","Swansea",122000,"A","Normal Value"
"2020","W06000012","Neath Port Talbot",55000,"A","Normal Value"
"2020","W06000013","Bridgend",61000,"A","Normal Value"
"2020","W06000014","Vale of Glamorgan",47000,"A","Normal Value"
"2020","W06000015","Cardiff",239000,"A","Normal Value"
"2020","W06000016","Rhondda Cynon Taf",85000,"A","Normal Value"
"2020","W06000018","Caerphilly",62000,"A","Normal Value"
"2020","W06000019","Blaenau Gwent",20000,"A","Normal Value"
"2020","W06000020","Torfaen",41000,"A","Normal Value"
"2020","W06000021","Monmouthshire",42000,"A","Normal Value"
"2020","W06000022","Newport",86000,"A","Normal Value"
"2020","W06000023","Powys",66000,"A","Normal Value"
"2020","W06000024","Merthyr Tydfil",27000,"A","Normal Value"
"2020","S12000005","Clackmannanshire",16000,"A","Normal Value"
"2020","S12000006","Dumfries and Galloway",69000,"A","Normal Value"
"2020","S12000008","East Ayrshire",46000,"A","Normal Value"
"2020","S12000010","East Lothian",38000,"A","Normal Value"
"2020","S12000011","East Renfrewshire",24000,"A","Normal Value"
"2020","S12000013","Na h-Eileanan Siar",14000,"A","Normal Value"
"2020","S12000014","Falkirk",71000,"A","Normal Value"
"2020","S12000017","Highland",131000,"A","Normal Value"
"2020","S12000018","Inverclyde",30000,"A","Normal Value"
"2020","S12000019","Midlothian",34000,"A","Normal Value"
"2020","S12000020","Moray",44000,"A","Normal Value"
"2020","S12000021","North Ayrshire",43000,"A","Normal Value"
"2020","S12000023","Orkney Islands",13000,"A","Normal Value"
"2020","S12000026","Scottish Borders",53000,"A","Normal Value"
"2020","S12000027","Shetland Islands",17000,"A","Normal Value"
"2020","S12000028","South Ayrshire",50000,"A","Normal Value"
"2020","S12000029","South Lanarkshire",134000,"A","Normal Value"
"2020","S12000030","Stirling",52000,"A","Normal Value"
"2020","S12000033","Aberdeen City",173000,"A","Normal Value"
"2020","S12000034","Aberdeenshire",117000,"A","Normal Value"
"2020","S12000035","Argyll and Bute",46000,"A","Normal Value"
"2020","S12000036","City of Edinburgh",380000,"A","Normal Value"
"2020","S12000038","Renfrewshire",93000,"A","Normal Value"
"2020","S12000039","West Dunbartonshire",34000,"A","Normal Value"
"2020","S12000040","West Lothian",87000,"A","Normal Value"
"2020","S12000041","Angus",41000,"A","Normal Value"
"2020","S12000042","Dundee City",82000,"A","Normal Value"
"2020","S12000045","East Dunbartonshire",28000,"A","Normal Value"
"2020","S12000047","Fife",148000,"A","Normal Value"
"2020","S12000048","Perth and Kinross",71000,"A","Normal Value"
"2020","S12000049","Glasgow City",459000,"A","Normal Value"
"2020","S12000050","North Lanarkshire",145000,"A","Normal Value"
"2020","N09000001","Antrim and Newtownabbey",71000,"A","Normal Value"
"2020","N09000002","Armagh City, Banbridge and Craigavon",91000,"A","Normal Value"
"2020","N09000003","Belfast",265000,"A","Normal Value"
"2020","N09000004","Causeway Coast and Glens",51000,"A","Normal Value"
"2020","N09000005","Derry City and Strabane",75000,"A","Normal Value"
"2020","N09000006","Fermanagh and Omagh",52000,"A","Normal Value"
"2020","N09000007","Lisburn and Castlereagh",71000,"A","Normal Value"
"2020","N09000008","Mid and East Antrim",56000,"A","Normal Value"
"2020","N09000009","Mid Ulster",72000,"A","Normal Value"
"2020","N09000010","Newry, Mourne and Down",70000,"A","Normal Value"
"2020","N09000011","Ards and North Down",52000,"A","Normal Value"
"2021","E06000001","Hartlepool",36000,"A","Normal Value"
"2021","E06000002","Middlesbrough",73000,"A","Normal Value"
"2021","E06000003","Redcar and Cleveland",45000,"A","Normal Value"
"2021","E06000004","Stockton-on-Tees",93000,"A","Normal Value"
"2021","E06000005","Darlington",58000,"A","Normal Value"
"2021","E06000047","County Durham",209000,"A","Normal Value"
"2021","E06000057","Northumberland",126000,"A","Normal Value"
"2021","E08000021","Newcastle upon Tyne",207000,"A","Normal Value"
"2021","E08000022","North Tyneside",92000,"A","Normal Value"
"2021","E08000023","South Tyneside",49000,"A","Normal Value"
"2021","E08000024","Sunderland",134000,"A","Normal Value"
"2021","E08000037","Gateshead",103000,"A","Normal Value"
"2021","E06000006","Halton",69000,"A","Normal Value"
"2021","E06000007","Warrington",155000,"A","Normal Value"
"2021","E06000008","Blackburn with Darwen",77000,"A","Normal Value"
"2021","E06000009","Blackpool",75000,"A","Normal Value"
"2021","E06000049","Cheshire East",222000,"A","Normal Value"
"2021","E06000050","Cheshire West and Chester",191000,"A","Normal Value"
"2021","E06000063","Cumberland",146000,"A","Normal Value"
"2021","E06000064","Westmorland and Furness",122000,"A","Normal Value"
"2021","E07000117","Burnley",44000,"A","Normal Value"
"2021","E07000118","Chorley",49000,"A","Normal Value"
"2021","E07000119","Fylde",46000,"A","Normal Value"
"2021","E07000120","Hyndburn",32000,"A","Normal Value"
"2021","E07000121","Lancaster",62000,"A","Normal Value"
"2021","E07000122","Pendle",35000,"A","Normal Value"
"2021","E07000123","Preston",104000,"A","Normal Value"
"2021","E07000124","Ribble Valley",30000,"A","Normal Value"
"2021","E07000125","Rossendale",22000,"A","Normal Value"
"2021","E07000126","South Ribble",54000,"A","Normal Value"
"2021","E07000127","West Lancashire",58000,"A","Normal Value"
"2021","E07000128","Wyre",38000,"A","Normal Value"
"2021","E08000001","Bolton",137000,"A","Normal Value"
"2021","E08000002","Bury",83000,"A","Normal Value"
"2021","E08000003","Manchester",470000,"A","Normal Value"
"2021","E08000004","Oldham",94000,"A","Normal Value"
"2021","E08000005","Rochdale",84000,"A","Normal Value"
"2021","E08000006","Salford",154000,"A","Normal Value"
"2021","E08000007","Stockport",158000,"A","Normal Value"
"2021","E08000008","Tameside",82000,"A","Normal Value"
"2021","E08000009","Trafford",179000,"A","Normal Value"
"2021","E08000010","Wigan",125000,"A","Normal Value"
"2021","E08000011","Knowsley",80000,"A","Normal Value"
"2021","E08000012","Liverpool",295000,"A","Normal Value"
"2021","E08000013","St. Helens",73000,"A","Normal Value"
"2021","E08000014","Sefton",105000,"A","Normal Value"
"2021","E08000015","Wirral",120000,"A","Normal Value"
"2021","E06000010","Kingston upon Hull, City of",137000,"A","Normal Value"
"2021","E06000011","East Riding of Yorkshire",146000,"A","Normal Value"
"2021","E06000012","North East Lincolnshire",78000,"A","Normal Value"
"2021","E06000013","North Lincolnshire",90000,"A","Normal Value"
"2021","E06000014","York",128000,"A","Normal Value"
"2021","E06000065","North Yorkshire",337000,"A","Normal Value"
"2021","E08000016","Barnsley",96000,"A","Normal Value"
"2021","E08000017","Doncaster",138000,"A","Normal Value"
"2021","E08000018","Rotherham",117000,"A","Normal Value"
"2021","E08000019","Sheffield",295000,"A","Normal Value"
"2021","E08000032","Bradford",234000,"A","Normal Value"
"2021","E08000033","Calderdale",104000,"A","Normal Value"
"2021","E08000034","Kirklees",189000,"A","Normal Value"
"2021","E08000035","Leeds",513000,"A","Normal Value"
"2021","E08000036","Wakefield",172000,"A","Normal Value"
"2021","E06000015","Derby",152000,"A","Normal Value"
"2021","E06000016","Leicester",180000,"A","Normal Value"
"2021","E06000017","Rutland",21000,"A","Normal Value"
"2021","E06000018","Nottingham",229000,"A","Normal Value"
"2021","E06000061","North Northamptonshire",172000,"A","Normal Value"
"2021","E06000062","West Northamptonshire",260000,"A","Normal Value"
"2021","E07000032","Amber Valley",55000,"A","Normal Value"
"2021","E07000033","Bolsover",35000,"A","Normal Value"
"2021","E07000034","Chesterfield",57000,"A","Normal Value"
"2021","E07000035","Derbyshire Dales",39000,"A","Normal Value"
"2021","E07000036","Erewash",41000,"A","Normal Value"
"2021","E07000037","High Peak",37000,"A","Normal Value"
"2021","E07000038","North East Derbyshire",35000,"A","Normal Value"
"2021","E07000039","South Derbyshire",37000,"A","Normal Value"
"2021","E07000129","Blaby",65000,"A","Normal Value"
"2021","E07000130","Charnwood",82000,"A","Normal Value"
"2021","E07000131","Harborough",47000,"A","Normal Value"
"2021","E07000132","Hinckley and Bosworth",50000,"A","Normal Value"
"2021","E07000133","Melton",26000,"A","Normal Value"
"2021","E07000134","North West Leicestershire",73000,"A","Normal Value"
"2021","E07000135","Oadby and Wigston",23000,"A","Normal Value"
"2021","E07000136","Boston",34000,"A","Normal Value"
"2021","E07000137","East Lindsey",53000,"A","Normal Value"
"2021","E07000138","Lincoln",62000,"A","Normal Value"
"2021","E07000139","North Kesteven",54000,"A","Normal Value"
"2021","E07000140","South Holland",46000,"A","Normal Value"
"2021","E07000141","South Kesteven",67000,"A","Normal Value"
"2021","E07000142","West Lindsey",35000,"A","Normal Value"
"2021","E07000170","Ashfield",57000,"A","Normal Value"
"2021","E07000171","Bassetlaw",57000,"A","Normal Value"
"2021","E07000172","Broxtowe",44000,"A","Normal Value"
"2021","E07000173","Gedling",36000,"A","Normal Value"
"2021","E07000174","Mansfield",42000,"A","Normal Value"
"2021","E07000175","Newark and Sherwood",57000,"A","Normal Value"
"2021","E07000176","Rushcliffe",51000,"A","Normal Value"
"2021","E06000019","Herefordshire, County of",107000,"A","Normal Value"
"2021","E06000020","Telford and Wrekin",98000,"A","Normal Value"
"2021","E06000021","Stoke-on-Trent",140000,"A","Normal Value"
"2021","E06000051","Shropshire",162000,"A","Normal Value"
"2021","E07000192","Cannock Chase",47000,"A","Normal Value"
"2021","E07000193","East Staffordshire",68000,"A","Normal Value"
"2021","E07000194","Lichfield",58000,"A","Normal Value"
"2021","E07000195","Newcastle-under-Lyme",50000,"A","Normal Value"
"2021","E07000196","South Staffordshire",40000,"A","Normal Value"
"2021","E07000197","Stafford",75000,"A","Normal Value"
"2021","E07000198","Staffordshire Moorlands",39000,"A","Normal Value"
"2021","E07000199","Tamworth",32000,"A","Normal Value"
"2021","E07000218","North Warwickshire",46000,"A","Normal Value"
"2021","E07000219","Nuneaton and Bedworth",54000,"A","Normal Value"
"2021","E07000220","Rugby",55000,"A","Normal Value"
"2021","E07000221","Stratford-on-Avon",82000,"A","Normal Value"
"2021","E07000222","Warwick",100000,"A","Normal Value"
"2021","E07000234","Bromsgrove",46000,"A","Normal Value"
"2021","E07000235","Malvern Hills",36000,"A","Normal Value"
"2021","E07000236","Redditch",41000,"A","Normal Value"
"2021","E07000237","Worcester",63000,"A","Normal Value"
"2021","E07000238","Wychavon",61000,"A","Normal Value"
"2021","E07000239","Wyre Forest",43000,"A","Normal Value"
"2021","E08000025","Birmingham",588000,"A","Normal Value"
"2021","E08000026","Coventry",184000,"A","Normal Value"
"2021","E08000027","Dudley",136000,"A","Normal Value"
"2021","E08000028","Sandwell",133000,"A","Normal Value"
"2021","E08000029","Solihull",155000,"A","Normal Value"
"2021","E08000030","Walsall",115000,"A","Normal Value"
"2021","E08000031","Wolverhampton",118000,"A","Normal Value"
"2021","E06000031","Peterborough",128000,"A","Normal Value"
"2021","E06000032","Luton",106000,"A","Normal Value"
"2021","E06000033","Southend-on-Sea",81000,"A","Normal Value"
"2021","E06000034","Thurrock",85000,"A","Normal Value"
"2021","E06000055","Bedford",91000,"A","Normal Value"
"2021","E06000056","Central Bedfordshire",119000,"A","Normal Value"
"2021","E07000008","Cambridge",118000,"A","Normal Value"
"2021","E07000009","East Cambridgeshire",39000,"A","Normal Value"
"2021","E07000010","Fenland",45000,"A","Normal Value"
"2021","E07000011","Huntingdonshire",88000,"A","Normal Value"
"2021","E07000012","South Cambridgeshire",98000,"A","Normal Value"
"2021","E07000066","Basildon",98000,"A","Normal Value"
"2021","E07000067","Braintree",66000,"A","Normal Value"
"2021","E07000068","Brentwood",39000,"A","Normal Value"
"2021","E07000069","Castle Point",26000,"A","Normal Value"
"2021","E07000070","Chelmsford",100000,"A","Normal Value"
"2021","E07000071","Colchester",94000,"A","Normal Value"
"2021","E07000072","Epping Forest",66000,"A","Normal Value"
"2021","E07000073","Harlow",48000,"A","Normal Value"
"2021","E07000074","Maldon",26000,"A","Normal Value"
"2021","E07000075","Rochford",28000,"A","Normal Value"
"2021","E07000076","Tendring",54000,"A","Normal Value"
"2021","E07000077","Uttlesford",56000,"A","Normal Value"
"2021","E07000095","Broxbourne",40000,"A","Normal Value"
"2021","E07000096","Dacorum",133000,"A","Normal Value"
"2021","E07000098","Hertsmere",69000,"A","Normal Value"
"2021","E07000099","North Hertfordshire",64000,"A","Normal Value"
"2021","E07000102","Three Rivers",50000,"A","Normal Value"
"2021","E07000103","Watford",83000,"A","Normal Value"
"2021","E07000143","Breckland",56000,"A","Normal Value"
"2021","E07000144","Broadland",54000,"A","Normal Value"
"2021","E07000145","Great Yarmouth",44000,"A","Normal Value"
"2021","E07000146","King's Lynn and West Norfolk",71000,"A","Normal Value"
"2021","E07000147","North Norfolk",43000,"A","Normal Value"
"2021","E07000148","Norwich",97000,"A","Normal Value"
"2021","E07000149","South Norfolk",64000,"A","Normal Value"
"2021","E07000200","Babergh",39000,"A","Normal Value"
"2021","E07000202","Ipswich",81000,"A","Normal Value"
"2021","E07000203","Mid Suffolk",49000,"A","Normal Value"
"2021","E07000240","St Albans",86000,"A","Normal Value"
"2021","E07000241","Welwyn Hatfield",96000,"A","Normal Value"
"2021","E07000242","East Hertfordshire",79000,"A","Normal Value"
"2021","E07000243","Stevenage",52000,"A","Normal Value"
"2021","E07000244","East Suffolk",111000,"A","Normal Value"
"2021","E07000245","West Suffolk",113000,"A","Normal Value"
"2021","E09000001","City of London",672000,"A","Normal Value"
"2021","E09000002","Barking and Dagenham",72000,"A","Normal Value"
"2021","E09000003","Barnet",176000,"A","Normal Value"
"2021","E09000004","Bexley",85000,"A","Normal Value"
"2021","E09000005","Brent",146000,"A","Normal Value"
"2021","E09000006","Bromley",124000,"A","Normal Value"
"2021","E09000007","Camden",418000,"A","Normal Value"
"2021","E09000008","Croydon",142000,"A","Normal Value"
"2021","E09000009","Ealing",158000,"A","Normal Value"
"2021","E09000010","Enfield",123000,"A","Normal Value"
"2021","E09000011","Greenwich",102000,"A","Normal Value"
"2021","E09000012","Hackney",175000,"A","Normal Value"
"2021","E09000013","Hammersmith and Fulham",152000,"A","Normal Value"
"2021","E09000014","Haringey",93000,"A","Normal Value"
"2021","E09000015","Harrow",85000,"A","Normal Value"
"2021","E09000016","Havering",105000,"A","Normal Value"
"2021","E09000017","Hillingdon",203000,"A","Normal Value"
"2021","E09000018","Hounslow",168000,"A","Normal Value"
"2021","E09000019","Islington",267000,"A","Normal Value"
"2021","E09000020","Kensington and Chelsea",158000,"A","Normal Value"
"2021","E09000021","Kingston upon Thames",89000,"A","Normal Value"
"2021","E09000022","Lambeth",176000,"A","Normal Value"
"2021","E09000023","Lewisham",89000,"A","Normal Value"
"2021","E09000024","Merton",92000,"A","Normal Value"
"2021","E09000025","Newham",145000,"A","Normal Value"
"2021","E09000026","Redbridge",93000,"A","Normal Value"
"2021","E09000027","Richmond upon Thames",97000,"A","Normal Value"
"2021","E09000028","Southwark",303000,"A","Normal Value"
"2021","E09000029","Sutton",95000,"A","Normal Value"
"2021","E09000030","Tower Hamlets",310000,"A","Normal Value"
"2021","E09000031","Waltham Forest",83000,"A","Normal Value"
"2021","E09000032","Wandsworth",149000,"A","Normal Value"
"2021","E09000033","Westminster",805000,"A","Normal Value"
"2021","E06000035","Medway",113000,"A","Normal Value"
"2021","E06000036","Bracknell Forest",68000,"A","Normal Value"
"2021","E06000037","West Berkshire",105000,"A","Normal Value"
"2021","E06000038","Reading",131000,"A","Normal Value"
"2021","E06000039","Slough",94000,"A","Normal Value"
"2021","E06000040","Windsor and Maidenhead",90000,"A","Normal Value"
"2021","E06000041","Wokingham",100000,"A","Normal Value"
"2021","E06000042","Milton Keynes",196000,"A","Normal Value"
"2021","E06000043","Brighton and Hove",172000,"A","Normal Value"
"2021","E06000044","Portsmouth",125000,"A","Normal Value"
"2021","E06000045","Southampton",132000,"A","Normal Value"
"2021","E06000046","Isle of Wight",61000,"A","Normal Value"
"2021","E06000060","Buckinghamshire",288000,"A","Normal Value"
"2021","E07000061","Eastbourne",48000,"A","Normal Value"
"2021","E07000062","Hastings",40000,"A","Normal Value"
"2021","E07000063","Lewes",49000,"A","Normal Value"
"2021","E07000064","Rother",38000,"A","Normal Value"
"2021","E07000065","Wealden",61000,"A","Normal Value"
"2021","E07000084","Basingstoke and Deane",98000,"A","Normal Value"
"2021","E07000085","East Hampshire",49000,"A","Normal Value"
"2021","E07000086","Eastleigh",70000,"A","Normal Value"
"2021","E07000087","Fareham",57000,"A","Normal Value"
"2021","E07000088","Gosport",24000,"A","Normal Value"
"2021","E07000089","Hart",40000,"A","Normal Value"
"2021","E07000090","Havant",46000,"A","Normal Value"
"2021","E07000091","New Forest",79000,"A","Normal Value"
"2021","E07000092","Rushmoor",56000,"A","Normal Value"
"2021","E07000093","Test Valley",73000,"A","Normal Value"
"2021","E07000094","Winchester",99000,"A","Normal Value"
"2021","E07000105","Ashford",72000,"A","Normal Value"
"2021","E07000106","Canterbury",82000,"A","Normal Value"
"2021","E07000107","Dartford",74000,"A","Normal Value"
"2021","E07000108","Dover",45000,"A","Normal Value"
"2021","E07000109","Gravesham",38000,"A","Normal Value"
"2021","E07000110","Maidstone",87000,"A","Normal Value"
"2021","E07000111","Sevenoaks",63000,"A","Normal Value"
"2021","E07000112","Folkestone and Hythe",46000,"A","Normal Value"
"2021","E07000113","Swale",61000,"A","Normal Value"
"2021","E07000114","Thanet",57000,"A","Normal Value"
"2021","E07000115","Tonbridge and Malling",78000,"A","Normal Value"
"2021","E07000116","Tunbridge Wells",71000,"A","Normal Value"
"2021","E07000177","Cherwell",93000,"A","Normal Value"
"2021","E07000178","Oxford",127000,"A","Normal Value"
"2021","E07000179","South Oxfordshire",71000,"A","Normal Value"
"2021","E07000180","Vale of White Horse",75000,"A","Normal Value"
"2021","E07000181","West Oxfordshire",62000,"A","Normal Value"
"2021","E07000207","Elmbridge",70000,"A","Normal Value"
"2021","E07000208","Epsom and Ewell",36000,"A","Normal Value"
"2021","E07000209","Guildford",99000,"A","Normal Value"
"2021","E07000210","Mole Valley",53000,"A","Normal Value"
"2021","E07000211","Reigate and Banstead",84000,"A","Normal Value"
"2021","E07000212","Runnymede",60000,"A","Normal Value"
"2021","E07000213","Spelthorne",43000,"A","Normal Value"
"2021","E07000214","Surrey Heath",58000,"A","Normal Value"
"2021","E07000215","Tandridge",39000,"A","Normal Value"
"2021","E07000216","Waverley",63000,"A","Normal Value"
"2021","E07000217","Woking",49000,"A","Normal Value"
"2021","E07000223","Adur",24000,"A","Normal Value"
"2021","E07000224","Arun",58000,"A","Normal Value"
"2021","E07000225","Chichester",76000,"A","Normal Value"
"2021","E07000226","Crawley",89000,"A","Normal Value"
"2021","E07000227","Horsham",64000,"A","Normal Value"
"2021","E07000228","Mid Sussex",67000,"A","Normal Value"
"2021","E07000229","Worthing",59000,"A","Normal Value"
"2021","E06000022","Bath and North East Somerset",110000,"A","Normal Value"
"2021","E06000023","Bristol, City of",323000,"A","Normal Value"
"2021","E06000024","North Somerset",104000,"A","Normal Value"
"2021","E06000025","South Gloucestershire",174000,"A","Normal Value"
"2021","E06000026","Plymouth",136000,"A","Normal Value"
"2021","E06000027","Torbay",59000,"A","Normal Value"
"2021","E06000030","Swindon",126000,"A","Normal Value"
"2021","E06000052","Cornwall",289000,"A","Normal Value"
"2021","E06000053","Isles of Scilly",1000,"A","Normal Value"
"2021","E06000054","Wiltshire",258000,"A","Normal Value"
"2021","E06000058","Bournemouth, Christchurch and Poole",220000,"A","Normal Value"
"2021","E06000059","Dorset",183000,"A","Normal Value"
"2021","E07000040","East Devon",62000,"A","Normal Value"
"2021","E07000041","Exeter",108000,"A","Normal Value"
"2021","E07000042","Mid Devon",31000,"A","Normal Value"
"2021","E07000043","North Devon",56000,"A","Normal Value"
"2021","E07000044","South Hams",51000,"A","Normal Value"
"2021","E07000045","Teignbridge",62000,"A","Normal Value"
"2021","E07000046","Torridge",28000,"A","Normal Value"
"2021","E07000047","West Devon",25000,"A","Normal Value"
"2021","E07000078","Cheltenham",74000,"A","Normal Value"
"2021","E07000079","Cotswold",54000,"A","Normal Value"
"2021","E07000080","Forest of Dean",30000,"A","Normal Value"
"2021","E07000081","Gloucester",75000,"A","Normal Value"
"2021","E07000082","Stroud",56000,"A","Normal Value"
"2021","E07000083","Tewkesbury",52000,"A","Normal Value"
"2021","E06000066","Somerset",273000,"A","Normal Value"
"2021","W06000001","Isle of Anglesey",26000,"A","Normal Value"
"2021","W06000002","Gwynedd",61000,"A","Normal Value"
"2021","W06000003","Conwy",48000,"A","Normal Value"
"2021","W06000004","Denbighshire",47000,"A","Normal Value"
"2021","W06000005","Flintshire",81000,"A","Normal Value"
"2021","W06000006","Wrexham",69000,"A","Normal Value"
"2021","W06000008","Ceredigion",36000,"A","Normal Value"
"2021","W06000009","Pembrokeshire",55000,"A","Normal Value"
"2021","W06000010","Carmarthenshire",80000,"A","Normal Value"
"2021","W06000011","Swansea",117000,"A","Normal Value"
"2021","W06000012","Neath Port Talbot",55000,"A","Normal Value"
"2021","W06000013","Bridgend",63000,"A","Normal Value"
"2021","W06000014","Vale of Glamorgan",47000,"A","Normal Value"
"2021","W06000015","Cardiff",241000,"A","Normal Value"
"2021","W06000016","Rhondda Cynon Taf",87000,"A","Normal Value"
"2021","W06000018","Caerphilly",64000,"A","Normal Value"
"2021","W06000019","Blaenau Gwent",20000,"A","Normal Value"
"2021","W06000020","Torfaen",39000,"A","Normal Value"
"2021","W06000021","Monmouthshire",42000,"A","Normal Value"
"2021","W06000022","Newport",84000,"A","Normal Value"
"2021","W06000023","Powys",65000,"A","Normal Value"
"2021","W06000024","Merthyr Tydfil",25000,"A","Normal Value"
"2021","S12000005","Clackmannanshire",17000,"A","Normal Value"
"2021","S12000006","Dumfries and Galloway",70000,"A","Normal Value"
"2021","S12000008","East Ayrshire",48000,"A","Normal Value"
"2021","S12000010","East Lothian",42000,"A","Normal Value"
"2021","S12000011","East Renfrewshire",23000,"A","Normal Value"
"2021","S12000013","Na h-Eileanan Siar",14000,"A","Normal Value"
"2021","S12000014","Falkirk",74000,"A","Normal Value"
"2021","S12000017","Highland",128000,"A","Normal Value"
"2021","S12000018","Inverclyde",29000,"A","Normal Value"
"2021","S12000019","Midlothian",38000,"A","Normal Value"
"2021","S12000020","Moray",46000,"A","Normal Value"
"2021","S12000021","North Ayrshire",46000,"A","Normal Value"
"2021","S12000023","Orkney Islands",14000,"A","Normal Value"
"2021","S12000026","Scottish Borders",53000,"A","Normal Value"
"2021","S12000027","Shetland Islands",16000,"A","Normal Value"
"2021","S12000028","South Ayrshire",53000,"A","Normal Value"
"2021","S12000029","South Lanarkshire",135000,"A","Normal Value"
"2021","S12000030","Stirling",51000,"A","Normal Value"
"2021","S12000033","Aberdeen City",173000,"A","Normal Value"
"2021","S12000034","Aberdeenshire",119000,"A","Normal Value"
"2021","S12000035","Argyll and Bute",47000,"A","Normal Value"
"2021","S12000036","City of Edinburgh",395000,"A","Normal Value"
"2021","S12000038","Renfrewshire",90000,"A","Normal Value"
"2021","S12000039","West Dunbartonshire",38000,"A","Normal Value"
"2021","S12000040","West Lothian",86000,"A","Normal Value"
"2021","S12000041","Angus",41000,"A","Normal Value"
"2021","S12000042","Dundee City",85000,"A","Normal Value"
"2021","S12000045","East Dunbartonshire",30000,"A","Normal Value"
"2021","S12000047","Fife",152000,"A","Normal Value"
"2021","S12000048","Perth and Kinross",77000,"A","Normal Value"
"2021","S12000049","Glasgow City",465000,"A","Normal Value"
"2021","S12000050","North Lanarkshire",142000,"A","Normal Value"
"2021","N09000001","Antrim and Newtownabbey",66000,"A","Normal Value"
"2021","N09000002","Armagh City, Banbridge and Craigavon",88000,"A","Normal Value"
"2021","N09000003","Belfast",258000,"A","Normal Value"
"2021","N09000004","Causeway Coast and Glens",49000,"A","Normal Value"
"2021","N09000005","Derry City and Strabane",72000,"A","Normal Value"
"2021","N09000006","Fermanagh and Omagh",50000,"A","Normal Value"
"2021","N09000007","Lisburn and Castlereagh",70000,"A","Normal Value"
"2021","N09000008","Mid and East Antrim",52000,"A","Normal Value"
"2021","N09000009","Mid Ulster",70000,"A","Normal Value"
"2021","N09000010","Newry, Mourne and Down",69000,"A","Normal Value"
"2021","N09000011","Ards and North Down",50000,"A","Normal Value"
"2022","E06000001","Hartlepool",34000,"A","Normal Value"
"2022","E06000002","Middlesbrough",71000,"A","Normal Value"
"2022","E06000003","Redcar and Cleveland",45000,"A","Normal Value"
"2022","E06000004","Stockton-on-Tees",94000,"A","Normal Value"
"2022","E06000005","Darlington",58000,"A","Normal Value"
"2022","E06000047","County Durham",201000,"A","Normal Value"
"2022","E06000057","Northumberland",126000,"A","Normal Value"
"2022","E08000021","Newcastle upon Tyne",208000,"A","Normal Value"
"2022","E08000022","North Tyneside",94000,"A","Normal Value"
"2022","E08000023","South Tyneside",47000,"A","Normal Value"
"2022","E08000024","Sunderland",126000,"A","Normal Value"
"2022","E08000037","Gateshead",101000,"A","Normal Value"
"2022","E06000006","Halton",67000,"A","Normal Value"
"2022","E06000007","Warrington",153000,"A","Normal Value"
"2022","E06000008","Blackburn with Darwen",79000,"A","Normal Value"
"2022","E06000009","Blackpool",72000,"A","Normal Value"
"2022","E06000049","Cheshire East",225000,"A","Normal Value"
"2022","E06000050","Cheshire West and Chester",191000,"A","Normal Value"
"2022","E06000063","Cumberland",145000,"A","Normal Value"
"2022","E06000064","Westmorland and Furness",123000,"A","Normal Value"
"2022","E07000117","Burnley",43000,"A","Normal Value"
"2022","E07000118","Chorley",49000,"A","Normal Value"
"2022","E07000119","Fylde",49000,"A","Normal Value"
"2022","E07000120","Hyndburn",31000,"A","Normal Value"
"2022","E07000121","Lancaster",67000,"A","Normal Value"
"2022","E07000122","Pendle",38000,"A","Normal Value"
"2022","E07000123","Preston",107000,"A","Normal Value"
"2022","E07000124","Ribble Valley",33000,"A","Normal Value"
"2022","E07000125","Rossendale",22000,"A","Normal Value"
"2022","E07000126","South Ribble",53000,"A","Normal Value"
"2022","E07000127","West Lancashire",54000,"A","Normal Value"
"2022","E07000128","Wyre",37000,"A","Normal Value"
"2022","E08000001","Bolton",131000,"A","Normal Value"
"2022","E08000002","Bury",78000,"A","Normal Value"
"2022","E08000003","Manchester",480000,"A","Normal Value"
"2022","E08000004","Oldham",100000,"A","Normal Value"
"2022","E08000005","Rochdale",90000,"A","Normal Value"
"2022","E08000006","Salford",166000,"A","Normal Value"
"2022","E08000007","Stockport",149000,"A","Normal Value"
"2022","E08000008","Tameside",79000,"A","Normal Value"
"2022","E08000009","Trafford",183000,"A","Normal Value"
"2022","E08000010","Wigan",120000,"A","Normal Value"
"2022","E08000011","Knowsley",79000,"A","Normal Value"
"2022","E08000012","Liverpool",309000,"A","Normal Value"
"2022","E08000013","St. Helens",73000,"A","Normal Value"
"2022","E08000014","Sefton",102000,"A","Normal Value"
"2022","E08000015","Wirral",124000,"A","Normal Value"
"2022","E06000010","Kingston upon Hull, City of",139000,"A","Normal Value"
"2022","E06000011","East Riding of Yorkshire",149000,"A","Normal Value"
"2022","E06000012","North East Lincolnshire",74000,"A","Normal Value"
"2022","E06000013","North Lincolnshire",87000,"A","Normal Value"
"2022","E06000014","York",125000,"A","Normal Value"
"2022","E06000065","North Yorkshire",339000,"A","Normal Value"
"2022","E08000016","Barnsley",94000,"A","Normal Value"
"2022","E08000017","Doncaster",151000,"A","Normal Value"
"2022","E08000018","Rotherham",114000,"A","Normal Value"
"2022","E08000019","Sheffield",301000,"A","Normal Value"
"2022","E08000032","Bradford",232000,"A","Normal Value"
"2022","E08000033","Calderdale",105000,"A","Normal Value"
"2022","E08000034","Kirklees",177000,"A","Normal Value"
"2022","E08000035","Leeds",546000,"A","Normal Value"
"2022","E08000036","Wakefield",178000,"A","Normal Value"
"2022","E06000015","Derby",156000,"A","Normal Value"
"2022","E06000016","Leicester",198000,"A","Normal Value"
"2022","E06000017","Rutland",20000,"A","Normal Value"
"2022","E06000018","Nottingham",237000,"A","Normal Value"
"2022","E06000061","North Northamptonshire",170000,"A","Normal Value"
"2022","E06000062","West Northamptonshire",256000,"A","Normal Value"
"2022","E07000032","Amber Valley",55000,"A","Normal Value"
"2022","E07000033","Bolsover",37000,"A","Normal Value"
"2022","E07000034","Chesterfield",54000,"A","Normal Value"
"2022","E07000035","Derbyshire Dales",39000,"A","Normal Value"
"2022","E07000036","Erewash",44000,"A","Normal Value"
"2022","E07000037","High Peak",39000,"A","Normal Value"
"2022","E07000038","North East Derbyshire",34000,"A","Normal Value"
"2022","E07000039","South Derbyshire",42000,"A","Normal Value"
"2022","E07000129","Blaby",67000,"A","Normal Value"
"2022","E07000130","Charnwood",85000,"A","Normal Value"
"2022","E07000131","Harborough",48000,"A","Normal Value"
"2022","E07000132","Hinckley and Bosworth",48000,"A","Normal Value"
"2022","E07000133","Melton",27000,"A","Normal Value"
"2022","E07000134","North West Leicestershire",76000,"A","Normal Value"
"2022","E07000135","Oadby and Wigston",22000,"A","Normal Value"
"2022","E07000136","Boston",34000,"A","Normal Value"
"2022","E07000137","East Lindsey",56000,"A","Normal Value"
"2022","E07000138","Lincoln",67000,"A","Normal Value"
"2022","E07000139","North Kesteven",52000,"A","Normal Value"
"2022","E07000140","South Holland",44000,"A","Normal Value"
"2022","E07000141","South Kesteven",67000,"A","Normal Value"
"2022","E07000142","West Lindsey",35000,"A","Normal Value"
"2022","E07000170","Ashfield",61000,"A","Normal Value"
"2022","E07000171","Bassetlaw",55000,"A","Normal Value"
"2022","E07000172","Broxtowe",43000,"A","Normal Value"
"2022","E07000173","Gedling",38000,"A","Normal Value"
"2022","E07000174","Mansfield",51000,"A","Normal Value"
"2022","E07000175","Newark and Sherwood",63000,"A","Normal Value"
"2022","E07000176","Rushcliffe",51000,"A","Normal Value"
"2022","E06000019","Herefordshire, County of",103000,"A","Normal Value"
"2022","E06000020","Telford and Wrekin",103000,"A","Normal Value"
"2022","E06000021","Stoke-on-Trent",136000,"A","Normal Value"
"2022","E06000051","Shropshire",165000,"A","Normal Value"
"2022","E07000192","Cannock Chase",45000,"A","Normal Value"
"2022","E07000193","East Staffordshire",70000,"A","Normal Value"
"2022","E07000194","Lichfield",61000,"A","Normal Value"
"2022","E07000195","Newcastle-under-Lyme",52000,"A","Normal Value"
"2022","E07000196","South Staffordshire",45000,"A","Normal Value"
"2022","E07000197","Stafford",76000,"A","Normal Value"
"2022","E07000198","Staffordshire Moorlands",42000,"A","Normal Value"
"2022","E07000199","Tamworth",33000,"A","Normal Value"
"2022","E07000218","North Warwickshire",54000,"A","Normal Value"
"2022","E07000219","Nuneaton and Bedworth",50000,"A","Normal Value"
"2022","E07000220","Rugby",62000,"A","Normal Value"
"2022","E07000221","Stratford-on-Avon",86000,"A","Normal Value"
"2022","E07000222","Warwick",111000,"A","Normal Value"
"2022","E07000234","Bromsgrove",47000,"A","Normal Value"
"2022","E07000235","Malvern Hills",38000,"A","Normal Value"
"2022","E07000236","Redditch",45000,"A","Normal Value"
"2022","E07000237","Worcester",62000,"A","Normal Value"
"2022","E07000238","Wychavon",62000,"A","Normal Value"
"2022","E07000239","Wyre Forest",40000,"A","Normal Value"
"2022","E08000025","Birmingham",618000,"A","Normal Value"
"2022","E08000026","Coventry",180000,"A","Normal Value"
"2022","E08000027","Dudley",126000,"A","Normal Value"
"2022","E08000028","Sandwell",139000,"A","Normal Value"
"2022","E08000029","Solihull",157000,"A","Normal Value"
"2022","E08000030","Walsall",111000,"A","Normal Value"
"2022","E08000031","Wolverhampton",123000,"A","Normal Value"
"2022","E06000031","Peterborough",129000,"A","Normal Value"
"2022","E06000032","Luton",122000,"A","Normal Value"
"2022","E06000033","Southend-on-Sea",80000,"A","Normal Value"
"2022","E06000034","Thurrock",86000,"A","Normal Value"
"2022","E06000055","Bedford",96000,"A","Normal Value"
"2022","E06000056","Central Bedfordshire",118000,"A","Normal Value"
"2022","E07000008","Cambridge",122000,"A","Normal Value"
"2022","E07000009","East Cambridgeshire",39000,"A","Normal Value"
"2022","E07000010","Fenland",42000,"A","Normal Value"
"2022","E07000011","Huntingdonshire",86000,"A","Normal Value"
"2022","E07000012","South Cambridgeshire",96000,"A","Normal Value"
"2022","E07000066","Basildon",100000,"A","Normal Value"
"2022","E07000067","Braintree",65000,"A","Normal Value"
"2022","E07000068","Brentwood",38000,"A","Normal Value"
"2022","E07000069","Castle Point",33000,"A","Normal Value"
"2022","E07000070","Chelmsford",103000,"A","Normal Value"
"2022","E07000071","Colchester",96000,"A","Normal Value"
"2022","E07000072","Epping Forest",62000,"A","Normal Value"
"2022","E07000073","Harlow",46000,"A","Normal Value"
"2022","E07000074","Maldon",27000,"A","Normal Value"
"2022","E07000075","Rochford",27000,"A","Normal Value"
"2022","E07000076","Tendring",50000,"A","Normal Value"
"2022","E07000077","Uttlesford",54000,"A","Normal Value"
"2022","E07000095","Broxbourne",44000,"A","Normal Value"
"2022","E07000096","Dacorum",131000,"A","Normal Value"
"2022","E07000098","Hertsmere",66000,"A","Normal Value"
"2022","E07000099","North Hertfordshire",65000,"A","Normal Value"
"2022","E07000102","Three Rivers",50000,"A","Normal Value"
"2022","E07000103","Watford",69000,"A","Normal Value"
"2022","E07000143","Breckland",59000,"A","Normal Value"
"2022","E07000144","Broadland",55000,"A","Normal Value"
"2022","E07000145","Great Yarmouth",44000,"A","Normal Value"
"2022","E07000146","King's Lynn and West Norfolk",74000,"A","Normal Value"
"2022","E07000147","North Norfolk",42000,"A","Normal Value"
"2022","E07000148","Norwich",103000,"A","Normal Value"
"2022","E07000149","South Norfolk",66000,"A","Normal Value"
"2022","E07000200","Babergh",40000,"A","Normal Value"
"2022","E07000202","Ipswich",77000,"A","Normal Value"
"2022","E07000203","Mid Suffolk",47000,"A","Normal Value"
"2022","E07000240","St Albans",75000,"A","Normal Value"
"2022","E07000241","Welwyn Hatfield",87000,"A","Normal Value"
"2022","E07000242","East Hertfordshire",76000,"A","Normal Value"
"2022","E07000243","Stevenage",54000,"A","Normal Value"
"2022","E07000244","East Suffolk",114000,"A","Normal Value"
"2022","E07000245","West Suffolk",109000,"A","Normal Value"
"2022","E09000001","City of London",702000,"A","Normal Value"
"2022","E09000002","Barking and Dagenham",75000,"A","Normal Value"
"2022","E09000003","Barnet",166000,"A","Normal Value"
"2022","E09000004","Bexley",91000,"A","Normal Value"
"2022","E09000005","Brent",147000,"A","Normal Value"
"2022","E09000006","Bromley",137000,"A","Normal Value"
"2022","E09000007","Camden",432000,"A","Normal Value"
"2022","E09000008","Croydon",151000,"A","Normal Value"
"2022","E09000009","Ealing",159000,"A","Normal Value"
"2022","E09000010","Enfield",129000,"A","Normal Value"
"2022","E09000011","Greenwich",106000,"A","Normal Value"
"2022","E09000012","Hackney",182000,"A","Normal Value"
"2022","E09000013","Hammersmith and Fulham",160000,"A","Normal Value"
"2022","E09000014","Haringey",108000,"A","Normal Value"
"2022","E09000015","Harrow",91000,"A","Normal Value"
"2022","E09000016","Havering",110000,"A","Normal Value"
"2022","E09000017","Hillingdon",218000,"A","Normal Value"
"2022","E09000018","Hounslow",179000,"A","Normal Value"
"2022","E09000019","Islington",278000,"A","Normal Value"
"2022","E09000020","Kensington and Chelsea",160000,"A","Normal Value"
"2022","E09000021","Kingston upon Thames",92000,"A","Normal Value"
"2022","E09000022","Lambeth",194000,"A","Normal Value"
"2022","E09000023","Lewisham",95000,"A","Normal Value"
"2022","E09000024","Merton",91000,"A","Normal Value"
"2022","E09000025","Newham",159000,"A","Normal Value"
"2022","E09000026","Redbridge",96000,"A","Normal Value"
"2022","E09000027","Richmond upon Thames",100000,"A","Normal Value"
"2022","E09000028","Southwark",337000,"A","Normal Value"
"2022","E09000029","Sutton",105000,"A","Normal Value"
"2022","E09000030","Tower Hamlets",333000,"A","Normal Value"
"2022","E09000031","Waltham Forest",95000,"A","Normal Value"
"2022","E09000032","Wandsworth",153000,"A","Normal Value"
"2022","E09000033","Westminster",836000,"A","Normal Value"
"2022","E06000035","Medway",115000,"A","Normal Value"
"2022","E06000036","Bracknell Forest",63000,"A","Normal Value"
"2022","E06000037","West Berkshire",115000,"A","Normal Value"
"2022","E06000038","Reading",131000,"A","Normal Value"
"2022","E06000039","Slough",94000,"A","Normal Value"
"2022","E06000040","Windsor and Maidenhead",103000,"A","Normal Value"
"2022","E06000041","Wokingham",102000,"A","Normal Value"
"2022","E06000042","Milton Keynes",194000,"A","Normal Value"
"2022","E06000043","Brighton and Hove",180000,"A","Normal Value"
"2022","E06000044","Portsmouth",127000,"A","Normal Value"
"2022","E06000045","Southampton",133000,"A","Normal Value"
"2022","E06000046","Isle of Wight",61000,"A","Normal Value"
"2022","E06000060","Buckinghamshire",297000,"A","Normal Value"
"2022","E07000061","Eastbourne",57000,"A","Normal Value"
"2022","E07000062","Hastings",39000,"A","Normal Value"
"2022","E07000063","Lewes",45000,"A","Normal Value"
"2022","E07000064","Rother",39000,"A","Normal Value"
"2022","E07000065","Wealden",66000,"A","Normal Value"
"2022","E07000084","Basingstoke and Deane",93000,"A","Normal Value"
"2022","E07000085","East Hampshire",50000,"A","Normal Value"
"2022","E07000086","Eastleigh",72000,"A","Normal Value"
"2022","E07000087","Fareham",57000,"A","Normal Value"
"2022","E07000088","Gosport",24000,"A","Normal Value"
"2022","E07000089","Hart",43000,"A","Normal Value"
"2022","E07000090","Havant",47000,"A","Normal Value"
"2022","E07000091","New Forest",88000,"A","Normal Value"
"2022","E07000092","Rushmoor",62000,"A","Normal Value"
"2022","E07000093","Test Valley",68000,"A","Normal Value"
"2022","E07000094","Winchester",102000,"A","Normal Value"
"2022","E07000105","Ashford",73000,"A","Normal Value"
"2022","E07000106","Canterbury",87000,"A","Normal Value"
"2022","E07000107","Dartford",72000,"A","Normal Value"
"2022","E07000108","Dover",45000,"A","Normal Value"
"2022","E07000109","Gravesham",37000,"A","Normal Value"
"2022","E07000110","Maidstone",89000,"A","Normal Value"
"2022","E07000111","Sevenoaks",66000,"A","Normal Value"
"2022","E07000112","Folkestone and Hythe",50000,"A","Normal Value"
"2022","E07000113","Swale",65000,"A","Normal Value"
"2022","E07000114","Thanet",57000,"A","Normal Value"
"2022","E07000115","Tonbridge and Malling",77000,"A","Normal Value"
"2022","E07000116","Tunbridge Wells",65000,"A","Normal Value"
"2022","E07000177","Cherwell",94000,"A","Normal Value"
"2022","E07000178","Oxford",131000,"A","Normal Value"
"2022","E07000179","South Oxfordshire",74000,"A","Normal Value"
"2022","E07000180","Vale of White Horse",81000,"A","Normal Value"
"2022","E07000181","West Oxfordshire",64000,"A","Normal Value"
"2022","E07000207","Elmbridge",70000,"A","Normal Value"
"2022","E07000208","Epsom and Ewell",35000,"A","Normal Value"
"2022","E07000209","Guildford",101000,"A","Normal Value"
"2022","E07000210","Mole Valley",54000,"A","Normal Value"
"2022","E07000211","Reigate and Banstead",77000,"A","Normal Value"
"2022","E07000212","Runnymede",66000,"A","Normal Value"
"2022","E07000213","Spelthorne",44000,"A","Normal Value"
"2022","E07000214","Surrey Heath",60000,"A","Normal Value"
"2022","E07000215","Tandridge",40000,"A","Normal Value"
"2022","E07000216","Waverley",62000,"A","Normal Value"
"2022","E07000217","Woking",48000,"A","Normal Value"
"2022","E07000223","Adur",24000,"A","Normal Value"
"2022","E07000224","Arun",60000,"A","Normal Value"
"2022","E07000225","Chichester",69000,"A","Normal Value"
"2022","E07000226","Crawley",93000,"A","Normal Value"
"2022","E07000227","Horsham",73000,"A","Normal Value"
"2022","E07000228","Mid Sussex",73000,"A","Normal Value"
"2022","E07000229","Worthing",60000,"A","Normal Value"
"2022","E06000022","Bath and North East Somerset",110000,"A","Normal Value"
"2022","E06000023","Bristol, City of",336000,"A","Normal Value"
"2022","E06000024","North Somerset",105000,"A","Normal Value"
"2022","E06000025","South Gloucestershire",184000,"A","Normal Value"
"2022","E06000026","Plymouth",139000,"A","Normal Value"
"2022","E06000027","Torbay",62000,"A","Normal Value"
"2022","E06000030","Swindon",123000,"A","Normal Value"
"2022","E06000052","Cornwall",282000,"A","Normal Value"
"2022","E06000053","Isles of Scilly",1000,"A","Normal Value"
"2022","E06000054","Wiltshire",261000,"A","Normal Value"
"2022","E06000058","Bournemouth, Christchurch and Poole",221000,"A","Normal Value"
"2022","E06000059","Dorset",184000,"A","Normal Value"
"2022","E07000040","East Devon",65000,"A","Normal Value"
"2022","E07000041","Exeter",111000,"A","Normal Value"
"2022","E07000042","Mid Devon",36000,"A","Normal Value"
"2022","E07000043","North Devon",58000,"A","Normal Value"
"2022","E07000044","South Hams",47000,"A","Normal Value"
"2022","E07000045","Teignbridge",57000,"A","Normal Value"
"2022","E07000046","Torridge",29000,"A","Normal Value"
"2022","E07000047","West Devon",27000,"A","Normal Value"
"2022","E07000078","Cheltenham",74000,"A","Normal Value"
"2022","E07000079","Cotswold",55000,"A","Normal Value"
"2022","E07000080","Forest of Dean",31000,"A","Normal Value"
"2022","E07000081","Gloucester",73000,"A","Normal Value"
"2022","E07000082","Stroud",56000,"A","Normal Value"
"2022","E07000083","Tewkesbury",59000,"A","Normal Value"
"2022","E06000066","Somerset",285000,"A","Normal Value"
"2022","W06000001","Isle of Anglesey",29000,"A","Normal Value"
"2022","W06000002","Gwynedd",65000,"A","Normal Value"
"2022","W06000003","Conwy",52000,"A","Normal Value"
"2022","W06000004","Denbighshire",49000,"A","Normal Value"
"2022","W06000005","Flintshire",79000,"A","Normal Value"
"2022","W06000006","Wrexham",67000,"A","Normal Value"
"2022","W06000008","Ceredigion",36000,"A","Normal Value"
"2022","W06000009","Pembrokeshire",58000,"A","Normal Value"
"2022","W06000010","Carmarthenshire",80000,"A","Normal Value"
"2022","W06000011","Swansea",121000,"A","Normal Value"
"2022","W06000012","Neath Port Talbot",55000,"A","Normal Value"
"2022","W06000013","Bridgend",64000,"A","Normal Value"
"2022","W06000014","Vale of Glamorgan",49000,"A","Normal Value"
"2022","W06000015","Cardiff",243000,"A","Normal Value"
"2022","W06000016","Rhondda Cynon Taf",90000,"A","Normal Value"
"2022","W06000018","Caerphilly",61000,"A","Normal Value"
"2022","W06000019","Blaenau Gwent",22000,"A","Normal Value"
"2022","W06000020","Torfaen",41000,"A","Normal Value"
"2022","W06000021","Monmouthshire",41000,"A","Normal Value"
"2022","W06000022","Newport",83000,"A","Normal Value"
"2022","W06000023","Powys",65000,"A","Normal Value"
"2022","W06000024","Merthyr Tydfil",24000,"A","Normal Value"
"2022","S12000005","Clackmannanshire",16000,"A","Normal Value"
"2022","S12000006","Dumfries and Galloway",71000,"A","Normal Value"
"2022","S12000008","East Ayrshire",44000,"A","Normal Value"
"2022","S12000010","East Lothian",40000,"A","Normal Value"
"2022","S12000011","East Renfrewshire",25000,"A","Normal Value"
"2022","S12000013","Na h-Eileanan Siar",15000,"A","Normal Value"
"2022","S12000014","Falkirk",72000,"A","Normal Value"
"2022","S12000017","Highland",136000,"A","Normal Value"
"2022","S12000018","Inverclyde",29000,"A","Normal Value"
"2022","S12000019","Midlothian",37000,"A","Normal Value"
"2022","S12000020","Moray",46000,"A","Normal Value"
"2022","S12000021","North Ayrshire",46000,"A","Normal Value"
"2022","S12000023","Orkney Islands",13000,"A","Normal Value"
"2022","S12000026","Scottish Borders",53000,"A","Normal Value"
"2022","S12000027","Shetland Islands",15000,"A","Normal Value"
"2022","S12000028","South Ayrshire",52000,"A","Normal Value"
"2022","S12000029","South Lanarkshire",131000,"A","Normal Value"
"2022","S12000030","Stirling",52000,"A","Normal Value"
"2022","S12000033","Aberdeen City",172000,"A","Normal Value"
"2022","S12000034","Aberdeenshire",119000,"A","Normal Value"
"2022","S12000035","Argyll and Bute",47000,"A","Normal Value"
"2022","S12000036","City of Edinburgh",392000,"A","Normal Value"
"2022","S12000038","Renfrewshire",89000,"A","Normal Value"
"2022","S12000039","West Dunbartonshire",37000,"A","Normal Value"
"2022","S12000040","West Lothian",85000,"A","Normal Value"
"2022","S12000041","Angus",43000,"A","Normal Value"
"2022","S12000042","Dundee City",81000,"A","Normal Value"
"2022","S12000045","East Dunbartonshire",29000,"A","Normal Value"
"2022","S12000047","Fife",160000,"A","Normal Value"
"2022","S12000048","Perth and Kinross",75000,"A","Normal Value"
"2022","S12000049","Glasgow City",481000,"A","Normal Value"
"2022","S12000050","North Lanarkshire",141000,"A","Normal Value"
"2022","N09000001","Antrim and Newtownabbey",69000,"A","Normal Value"
"2022","N09000002","Armagh City, Banbridge and Craigavon",93000,"A","Normal Value"
"2022","N09000003","Belfast",269000,"A","Normal Value"
"2022","N09000004","Causeway Coast and Glens",52000,"A","Normal Value"
"2022","N09000005","Derry City and Strabane",75000,"A","Normal Value"
"2022","N09000006","Fermanagh and Omagh",52000,"A","Normal Value"
"2022","N09000007","Lisburn and Castlereagh",74000,"A","Normal Value"
"2022","N09000008","Mid and East Antrim",53000,"A","Normal Value"
"2022","N09000009","Mid Ulster",72000,"A","Normal Value"
"2022","N09000010","Newry, Mourne and Down",72000,"A","Normal Value"
"2022","N09000011","Ards and North Down",52000,"A","Normal Value"
"2023","E06000001","Hartlepool",33000,"A","Normal Value"
"2023","E06000002","Middlesbrough",72000,"A","Normal Value"
"2023","E06000003","Redcar and Cleveland",45000,"A","Normal Value"
"2023","E06000004","Stockton-on-Tees",92000,"A","Normal Value"
"2023","E06000005","Darlington",60000,"A","Normal Value"
"2023","E06000047","County Durham",214000,"A","Normal Value"
"2023","E06000057","Northumberland",125000,"A","Normal Value"
"2023","E08000021","Newcastle upon Tyne",224000,"A","Normal Value"
"2023","E08000022","North Tyneside",95000,"A","Normal Value"
"2023","E08000023","South Tyneside",48000,"A","Normal Value"
"2023","E08000024","Sunderland",131000,"A","Normal Value"
"2023","E08000037","Gateshead",102000,"A","Normal Value"
"2023","E06000006","Halton",70000,"A","Normal Value"
"2023","E06000007","Warrington",165000,"A","Normal Value"
"2023","E06000008","Blackburn with Darwen",80000,"A","Normal Value"
"2023","E06000009","Blackpool",70000,"A","Normal Value"
"2023","E06000049","Cheshire East",227000,"A","Normal Value"
"2023","E06000050","Cheshire West and Chester",192000,"A","Normal Value"
"2023","E06000063","Cumberland",146000,"A","Normal Value"
"2023","E06000064","Westmorland and Furness",124000,"A","Normal Value"
"2023","E07000117","Burnley",40000,"A","Normal Value"
"2023","E07000118","Chorley",49000,"A","Normal Value"
"2023","E07000119","Fylde",53000,"A","Normal Value"
"2023","E07000120","Hyndburn",35000,"A","Normal Value"
"2023","E07000121","Lancaster",66000,"A","Normal Value"
"2023","E07000122","Pendle",34000,"A","Normal Value"
"2023","E07000123","Preston",103000,"A","Normal Value"
"2023","E07000124","Ribble Valley",34000,"A","Normal Value"
"2023","E07000125","Rossendale",24000,"A","Normal Value"
"2023","E07000126","South Ribble",55000,"A","Normal Value"
"2023","E07000127","West Lancashire",59000,"A","Normal Value"
"2023","E07000128","Wyre",39000,"A","Normal Value"
"2023","E08000001","Bolton",127000,"A","Normal Value"
"2023","E08000002","Bury",84000,"A","Normal Value"
"2023","E08000003","Manchester",496000,"A","Normal Value"
"2023","E08000004","Oldham",101000,"A","Normal Value"
"2023","E08000005","Rochdale",93000,"A","Normal Value"
"2023","E08000006","Salford",181000,"A","Normal Value"
"2023","E08000007","Stockport",149000,"A","Normal Value"
"2023","E08000008","Tameside",73000,"A","Normal Value"
"2023","E08000009","Trafford",176000,"A","Normal Value"
"2023","E08000010","Wigan",122000,"A","Normal Value"
"2023","E08000011","Knowsley",70000,"A","Normal Value"
"2023","E08000012","Liverpool",309000,"A","Normal Value"
"2023","E08000013","St. Helens",75000,"A","Normal Value"
"2023","E08000014","Sefton",98000,"A","Normal Value"
"2023","E08000015","Wirral",120000,"A","Normal Value"
"2023","E06000010","Kingston upon Hull, City of",138000,"A","Normal Value"
"2023","E06000011","East Riding of Yorkshire",152000,"A","Normal Value"
"2023","E06000012","North East Lincolnshire",76000,"A","Normal Value"
"2023","E06000013","North Lincolnshire",86000,"A","Normal Value"
"2023","E06000014","York",132000,"A","Normal Value"
"2023","E06000065","North Yorkshire",359000,"A","Normal Value"
"2023","E08000016","Barnsley",94000,"A","Normal Value"
"2023","E08000017","Doncaster",145000,"A","Normal Value"
"2023","E08000018","Rotherham",104000,"A","Normal Value"
"2023","E08000019","Sheffield",312000,"A","Normal Value"
"2023","E08000032","Bradford",226000,"A","Normal Value"
"2023","E08000033","Calderdale",109000,"A","Normal Value"
"2023","E08000034","Kirklees",182000,"A","Normal Value"
"2023","E08000035","Leeds",545000,"A","Normal Value"
"2023","E08000036","Wakefield",187000,"A","Normal Value"
"2023","E06000015","Derby",148000,"A","Normal Value"
"2023","E06000016","Leicester",189000,"A","Normal Value"
"2023","E06000017","Rutland",21000,"A","Normal Value"
"2023","E06000018","Nottingham",230000,"A","Normal Value"
"2023","E06000061","North Northamptonshire",174000,"A","Normal Value"
"2023","E06000062","West Northamptonshire",243000,"A","Normal Value"
"2023","E07000032","Amber Valley",53000,"A","Normal Value"
"2023","E07000033","Bolsover",37000,"A","Normal Value"
"2023","E07000034","Chesterfield",56000,"A","Normal Value"
"2023","E07000035","Derbyshire Dales",42000,"A","Normal Value"
"2023","E07000036","Erewash",47000,"A","Normal Value"
"2023","E07000037","High Peak",38000,"A","Normal Value"
"2023","E07000038","North East Derbyshire",33000,"A","Normal Value"
"2023","E07000039","South Derbyshire",41000,"A","Normal Value"
"2023","E07000129","Blaby",70000,"A","Normal Value"
"2023","E07000130","Charnwood",84000,"A","Normal Value"
"2023","E07000131","Harborough",46000,"A","Normal Value"
"2023","E07000132","Hinckley and Bosworth",49000,"A","Normal Value"
"2023","E07000133","Melton",26000,"A","Normal Value"
"2023","E07000134","North West Leicestershire",79000,"A","Normal Value"
"2023","E07000135","Oadby and Wigston",22000,"A","Normal Value"
"2023","E07000136","Boston",37000,"A","Normal Value"
"2023","E07000137","East Lindsey",58000,"A","Normal Value"
"2023","E07000138","Lincoln",65000,"A","Normal Value"
"2023","E07000139","North Kesteven",50000,"A","Normal Value"
"2023","E07000140","South Holland",42000,"A","Normal Value"
"2023","E07000141","South Kesteven",66000,"A","Normal Value"
"2023","E07000142","West Lindsey",34000,"A","Normal Value"
"2023","E07000170","Ashfield",61000,"A","Normal Value"
"2023","E07000171","Bassetlaw",53000,"A","Normal Value"
"2023","E07000172","Broxtowe",41000,"A","Normal Value"
"2023","E07000173","Gedling",40000,"A","Normal Value"
"2023","E07000174","Mansfield",51000,"A","Normal Value"
"2023","E07000175","Newark and Sherwood",58000,"A","Normal Value"
"2023","E07000176","Rushcliffe",55000,"A","Normal Value"
"2023","E06000019","Herefordshire, County of",105000,"A","Normal Value"
"2023","E06000020","Telford and Wrekin",103000,"A","Normal Value"
"2023","E06000021","Stoke-on-Trent",136000,"A","Normal Value"
"2023","E06000051","Shropshire",165000,"A","Normal Value"
"2023","E07000192","Cannock Chase",44000,"A","Normal Value"
"2023","E07000193","East Staffordshire",70000,"A","Normal Value"
"2023","E07000194","Lichfield",59000,"A","Normal Value"
"2023","E07000195","Newcastle-under-Lyme",50000,"A","Normal Value"
"2023","E07000196","South Staffordshire",38000,"A","Normal Value"
"2023","E07000197","Stafford",79000,"A","Normal Value"
"2023","E07000198","Staffordshire Moorlands",38000,"A","Normal Value"
"2023","E07000199","Tamworth",33000,"A","Normal Value"
"2023","E07000218","North Warwickshire",57000,"A","Normal Value"
"2023","E07000219","Nuneaton and Bedworth",50000,"A","Normal Value"
"2023","E07000220","Rugby",61000,"A","Normal Value"
"2023","E07000221","Stratford-on-Avon",88000,"A","Normal Value"
"2023","E07000222","Warwick",104000,"A","Normal Value"
"2023","E07000234","Bromsgrove",45000,"A","Normal Value"
"2023","E07000235","Malvern Hills",37000,"A","Normal Value"
"2023","E07000236","Redditch",40000,"A","Normal Value"
"2023","E07000237","Worcester",69000,"A","Normal Value"
"2023","E07000238","Wychavon",62000,"A","Normal Value"
"2023","E07000239","Wyre Forest",37000,"A","Normal Value"
"2023","E08000025","Birmingham",627000,"A","Normal Value"
"2023","E08000026","Coventry",192000,"A","Normal Value"
"2023","E08000027","Dudley",131000,"A","Normal Value"
"2023","E08000028","Sandwell",137000,"A","Normal Value"
"2023","E08000029","Solihull",156000,"A","Normal Value"
"2023","E08000030","Walsall",121000,"A","Normal Value"
"2023","E08000031","Wolverhampton",124000,"A","Normal Value"
"2023","E06000031","Peterborough",135000,"A","Normal Value"
"2023","E06000032","Luton",125000,"A","Normal Value"
"2023","E06000033","Southend-on-Sea",72000,"A","Normal Value"
"2023","E06000034","Thurrock",86000,"A","Normal Value"
"2023","E06000055","Bedford",93000,"A","Normal Value"
"2023","E06000056","Central Bedfordshire",127000,"A","Normal Value"
"2023","E07000008","Cambridge",122000,"A","Normal Value"
"2023","E07000009","East Cambridgeshire",38000,"A","Normal Value"
"2023","E07000010","Fenland",43000,"A","Normal Value"
"2023","E07000011","Huntingdonshire",98000,"A","Normal Value"
"2023","E07000012","South Cambridgeshire",98000,"A","Normal Value"
"2023","E07000066","Basildon",105000,"A","Normal Value"
"2023","E07000067","Braintree",60000,"A","Normal Value"
"2023","E07000068","Brentwood",38000,"A","Normal Value"
"2023","E07000069","Castle Point",27000,"A","Normal Value"
"2023","E07000070","Chelmsford",103000,"A","Normal Value"
"2023","E07000071","Colchester",107000,"A","Normal Value"
"2023","E07000072","Epping Forest",65000,"A","Normal Value"
"2023","E07000073","Harlow",46000,"A","Normal Value"
"2023","E07000074","Maldon",24000,"A","Normal Value"
"2023","E07000075","Rochford",27000,"A","Normal Value"
"2023","E07000076","Tendring",48000,"A","Normal Value"
"2023","E07000077","Uttlesford",54000,"A","Normal Value"
"2023","E07000095","Broxbourne",41000,"A","Normal Value"
"2023","E07000096","Dacorum",144000,"A","Normal Value"
"2023","E07000098","Hertsmere",74000,"A","Normal Value"
"2023","E07000099","North Hertfordshire",58000,"A","Normal Value"
"2023","E07000102","Three Rivers",48000,"A","Normal Value"
"2023","E07000103","Watford",74000,"A","Normal Value"
"2023","E07000143","Breckland",58000,"A","Normal Value"
"2023","E07000144","Broadland",61000,"A","Normal Value"
"2023","E07000145","Great Yarmouth",43000,"A","Normal Value"
"2023","E07000146","King's Lynn and West Norfolk",72000,"A","Normal Value"
"2023","E07000147","North Norfolk",43000,"A","Normal Value"
"2023","E07000148","Norwich",107000,"A","Normal Value"
"2023","E07000149","South Norfolk",65000,"A","Normal Value"
"2023","E07000200","Babergh",39000,"A","Normal Value"
"2023","E07000202","Ipswich",83000,"A","Normal Value"
"2023","E07000203","Mid Suffolk",47000,"A","Normal Value"
"2023","E07000240","St Albans",80000,"A","Normal Value"
"2023","E07000241","Welwyn Hatfield",88000,"A","Normal Value"
"2023","E07000242","East Hertfordshire",75000,"A","Normal Value"
"2023","E07000243","Stevenage",57000,"A","Normal Value"
"2023","E07000244","East Suffolk",120000,"A","Normal Value"
"2023","E07000245","West Suffolk",115000,"A","Normal Value"
"2023","E09000001","City of London",755000,"A","Normal Value"
"2023","E09000002","Barking and Dagenham",68000,"A","Normal Value"
"2023","E09000003","Barnet",159000,"A","Normal Value"
"2023","E09000004","Bexley",88000,"A","Normal Value"
"2023","E09000005","Brent",154000,"A","Normal Value"
"2023","E09000006","Bromley",130000,"A","Normal Value"
"2023","E09000007","Camden",441000,"A","Normal Value"
"2023","E09000008","Croydon",148000,"A","Normal Value"
"2023","E09000009","Ealing",167000,"A","Normal Value"
"2023","E09000010","Enfield",133000,"A","Normal Value"
"2023","E09000011","Greenwich",105000,"A","Normal Value"
"2023","E09000012","Hackney",193000,"A","Normal Value"
"2023","E09000013","Hammersmith and Fulham",160000,"A","Normal Value"
"2023","E09000014","Haringey",95000,"A","Normal Value"
"2023","E09000015","Harrow",98000,"A","Normal Value"
"2023","E09000016","Havering",105000,"A","Normal Value"
"2023","E09000017","Hillingdon",206000,"A","Normal Value"
"2023","E09000018","Hounslow",179000,"A","Normal Value"
"2023","E09000019","Islington",279000,"A","Normal Value"
"2023","E09000020","Kensington and Chelsea",153000,"A","Normal Value"
"2023","E09000021","Kingston upon Thames",92000,"A","Normal Value"
"2023","E09000022","Lambeth",180000,"A","Normal Value"
"2023","E09000023","Lewisham",91000,"A","Normal Value"
"2023","E09000024","Merton",102000,"A","Normal Value"
"2023","E09000025","Newham",155000,"A","Normal Value"
"2023","E09000026","Redbridge",97000,"A","Normal Value"
"2023","E09000027","Richmond upon Thames",93000,"A","Normal Value"
"2023","E09000028","Southwark",362000,"A","Normal Value"
"2023","E09000029","Sutton",84000,"A","Normal Value"
"2023","E09000030","Tower Hamlets",363000,"A","Normal Value"
"2023","E09000031","Waltham Forest",113000,"A","Normal Value"
"2023","E09000032","Wandsworth",151000,"A","Normal Value"
"2023","E09000033","Westminster",848000,"A","Normal Value"
"2023","E06000035","Medway",117000,"A","Normal Value"
"2023","E06000036","Bracknell Forest",69000,"A","Normal Value"
"2023","E06000037","West Berkshire",118000,"A","Normal Value"
"2023","E06000038","Reading",139000,"A","Normal Value"
"2023","E06000039","Slough",92000,"A","Normal Value"
"2023","E06000040","Windsor and Maidenhead",109000,"A","Normal Value"
"2023","E06000041","Wokingham",101000,"A","Normal Value"
"2023","E06000042","Milton Keynes",201000,"A","Normal Value"
"2023","E06000043","Brighton and Hove",175000,"A","Normal Value"
"2023","E06000044","Portsmouth",126000,"A","Normal Value"
"2023","E06000045","Southampton",130000,"A","Normal Value"
"2023","E06000046","Isle of Wight",65000,"A","Normal Value"
"2023","E06000060","Buckinghamshire",291000,"A","Normal Value"
"2023","E07000061","Eastbourne",49000,"A","Normal Value"
"2023","E07000062","Hastings",39000,"A","Normal Value"
"2023","E07000063","Lewes",40000,"A","Normal Value"
"2023","E07000064","Rother",41000,"A","Normal Value"
"2023","E07000065","Wealden",62000,"A","Normal Value"
"2023","E07000084","Basingstoke and Deane",99000,"A","Normal Value"
"2023","E07000085","East Hampshire",52000,"A","Normal Value"
"2023","E07000086","Eastleigh",70000,"A","Normal Value"
"2023","E07000087","Fareham",55000,"A","Normal Value"
"2023","E07000088","Gosport",26000,"A","Normal Value"
"2023","E07000089","Hart",44000,"A","Normal Value"
"2023","E07000090","Havant",45000,"A","Normal Value"
"2023","E07000091","New Forest",84000,"A","Normal Value"
"2023","E07000092","Rushmoor",61000,"A","Normal Value"
"2023","E07000093","Test Valley",74000,"A","Normal Value"
"2023","E07000094","Winchester",105000,"A","Normal Value"
"2023","E07000105","Ashford",78000,"A","Normal Value"
"2023","E07000106","Canterbury",79000,"A","Normal Value"
"2023","E07000107","Dartford",75000,"A","Normal Value"
"2023","E07000108","Dover",43000,"A","Normal Value"
"2023","E07000109","Gravesham",45000,"A","Normal Value"
"2023","E07000110","Maidstone",97000,"A","Normal Value"
"2023","E07000111","Sevenoaks",59000,"A","Normal Value"
"2023","E07000112","Folkestone and Hythe",43000,"A","Normal Value"
"2023","E07000113","Swale",69000,"A","Normal Value"
"2023","E07000114","Thanet",58000,"A","Normal Value"
"2023","E07000115","Tonbridge and Malling",76000,"A","Normal Value"
"2023","E07000116","Tunbridge Wells",67000,"A","Normal Value"
"2023","E07000177","Cherwell",96000,"A","Normal Value"
"2023","E07000178","Oxford",139000,"A","Normal Value"
"2023","E07000179","South Oxfordshire",68000,"A","Normal Value"
"2023","E07000180","Vale of White Horse",81000,"A","Normal Value"
"2023","E07000181","West Oxfordshire",60000,"A","Normal Value"
"2023","E07000207","Elmbridge",74000,"A","Normal Value"
"2023","E07000208","Epsom and Ewell",35000,"A","Normal Value"
"2023","E07000209","Guildford",97000,"A","Normal Value"
"2023","E07000210","Mole Valley",54000,"A","Normal Value"
"2023","E07000211","Reigate and Banstead",75000,"A","Normal Value"
"2023","E07000212","Runnymede",62000,"A","Normal Value"
"2023","E07000213","Spelthorne",43000,"A","Normal Value"
"2023","E07000214","Surrey Heath",60000,"A","Normal Value"
"2023","E07000215","Tandridge",36000,"A","Normal Value"
"2023","E07000216","Waverley",57000,"A","Normal Value"
"2023","E07000217","Woking",55000,"A","Normal Value"
"2023","E07000223","Adur",23000,"A","Normal Value"
"2023","E07000224","Arun",55000,"A","Normal Value"
"2023","E07000225","Chichester",79000,"A","Normal Value"
"2023","E07000226","Crawley",91000,"A","Normal Value"
"2023","E07000227","Horsham",74000,"A","Normal Value"
"2023","E07000228","Mid Sussex",76000,"A","Normal Value"
"2023","E07000229","Worthing",62000,"A","Normal Value"
"2023","E06000022","Bath and North East Somerset",112000,"A","Normal Value"
"2023","E06000023","Bristol, City of",345000,"A","Normal Value"
"2023","E06000024","North Somerset",105000,"A","Normal Value"
"2023","E06000025","South Gloucestershire",183000,"A","Normal Value"
"2023","E06000026","Plymouth",137000,"A","Normal Value"
"2023","E06000027","Torbay",59000,"A","Normal Value"
"2023","E06000030","Swindon",123000,"A","Normal Value"
"2023","E06000052","Cornwall",294000,"A","Normal Value"
"2023","E06000053","Isles of Scilly",1000,"A","Normal Value"
"2023","E06000054","Wiltshire",267000,"A","Normal Value"
"2023","E06000058","Bournemouth, Christchurch and Poole",219000,"A","Normal Value"
"2023","E06000059","Dorset",184000,"A","Normal Value"
"2023","E07000040","East Devon",63000,"A","Normal Value"
"2023","E07000041","Exeter",107000,"A","Normal Value"
"2023","E07000042","Mid Devon",37000,"A","Normal Value"
"2023","E07000043","North Devon",53000,"A","Normal Value"
"2023","E07000044","South Hams",50000,"A","Normal Value"
"2023","E07000045","Teignbridge",57000,"A","Normal Value"
"2023","E07000046","Torridge",33000,"A","Normal Value"
"2023","E07000047","West Devon",26000,"A","Normal Value"
"2023","E07000078","Cheltenham",76000,"A","Normal Value"
"2023","E07000079","Cotswold",57000,"A","Normal Value"
"2023","E07000080","Forest of Dean",36000,"A","Normal Value"
"2023","E07000081","Gloucester",76000,"A","Normal Value"
"2023","E07000082","Stroud",62000,"A","Normal Value"
"2023","E07000083","Tewkesbury",56000,"A","Normal Value"
"2023","E06000066","Somerset",297000,"A","Normal Value"
"2023","W06000001","Isle of Anglesey",27000,"A","Normal Value"
"2023","W06000002","Gwynedd",67000,"A","Normal Value"
"2023","W06000003","Conwy",52000,"A","Normal Value"
"2023","W06000004","Denbighshire",49000,"A","Normal Value"
"2023","W06000005","Flintshire",79000,"A","Normal Value"
"2023","W06000006","Wrexham",66000,"A","Normal Value"
"2023","W06000008","Ceredigion",36000,"A","Normal Value"
"2023","W06000009","Pembrokeshire",58000,"A","Normal Value"
"2023","W06000010","Carmarthenshire",85000,"A","Normal Value"
"2023","W06000011","Swansea",121000,"A","Normal Value"
"2023","W06000012","Neath Port Talbot",54000,"A","Normal Value"
"2023","W06000013","Bridgend",62000,"A","Normal Value"
"2023","W06000014","Vale of Glamorgan",50000,"A","Normal Value"
"2023","W06000015","Cardiff",252000,"A","Normal Value"
"2023","W06000016","Rhondda Cynon Taf",92000,"A","Normal Value"
"2023","W06000018","Caerphilly",61000,"A","Normal Value"
"2023","W06000019","Blaenau Gwent",22000,"A","Normal Value"
"2023","W06000020","Torfaen",41000,"A","Normal Value"
"2023","W06000021","Monmouthshire",43000,"A","Normal Value"
"2023","W06000022","Newport",82000,"A","Normal Value"
"2023","W06000023","Powys",68000,"A","Normal Value"
"2023","W06000024","Merthyr Tydfil",25000,"A","Normal Value"
"2023","S12000005","Clackmannanshire",16000,"A","Normal Value"
"2023","S12000006","Dumfries and Galloway",77000,"A","Normal Value"
"2023","S12000008","East Ayrshire",46000,"A","Normal Value"
"2023","S12000010","East Lothian",42000,"A","Normal Value"
"2023","S12000011","East Renfrewshire",23000,"A","Normal Value"
"2023","S12000013","Na h-Eileanan Siar",14000,"A","Normal Value"
"2023","S12000014","Falkirk",79000,"A","Normal Value"
"2023","S12000017","Highland",137000,"A","Normal Value"
"2023","S12000018","Inverclyde",28000,"A","Normal Value"
"2023","S12000019","Midlothian",39000,"A","Normal Value"
"2023","S12000020","Moray",44000,"A","Normal Value"
"2023","S12000021","North Ayrshire",51000,"A","Normal Value"
"2023","S12000023","Orkney Islands",14000,"A","Normal Value"
"2023","S12000026","Scottish Borders",55000,"A","Normal Value"
"2023","S12000027","Shetland Islands",15000,"A","Normal Value"
"2023","S12000028","South Ayrshire",54000,"A","Normal Value"
"2023","S12000029","South Lanarkshire",140000,"A","Normal Value"
"2023","S12000030","Stirling",52000,"A","Normal Value"
"2023","S12000033","Aberdeen City",174000,"A","Normal Value"
"2023","S12000034","Aberdeenshire",124000,"A","Normal Value"
"2023","S12000035","Argyll and Bute",45000,"A","Normal Value"
"2023","S12000036","City of Edinburgh",402000,"A","Normal Value"
"2023","S12000038","Renfrewshire",91000,"A","Normal Value"
"2023","S12000039","West Dunbartonshire",36000,"A","Normal Value"
"2023","S12000040","West Lothian",84000,"A","Normal Value"
"2023","S12000041","Angus",44000,"A","Normal Value"
"2023","S12000042","Dundee City",85000,"A","Normal Value"
"2023","S12000045","East Dunbartonshire",30000,"A","Normal Value"
"2023","S12000047","Fife",153000,"A","Normal Value"
"2023","S12000048","Perth and Kinross",80000,"A","Normal Value"
"2023","S12000049","Glasgow City",473000,"A","Normal Value"
"2023","S12000050","North Lanarkshire",140000,"A","Normal Value"
"2023","N09000001","Antrim and Newtownabbey",,"Q","These figures are missing."
"2023","N09000002","Armagh City, Banbridge and Craigavon",,"Q","These figures are missing."
"2023","N09000003","Belfast",,"Q","These figures are missing."
"2023","N09000004","Causeway Coast and Glens",,"Q","These figures are missing."
"2023","N09000005","Derry City and Strabane",,"Q","These figures are missing."
"2023","N09000006","Fermanagh and Omagh",,"Q","These figures are missing."
"2023","N09000007","Lisburn and Castlereagh",,"Q","These figures are missing."
"2023","N09000008","Mid and East Antrim",,"Q","These figures are missing."
"2023","N09000009","Mid Ulster",,"Q","These figures are missing."
"2023","N09000010","Newry, Mourne and Down",,"Q","These figures are missing."
"2023","N09000011","Ards and North Down",,"Q","These figures are missing."
"2024","E06000001","Hartlepool",34000,"A","Normal Value"
"2024","E06000002","Middlesbrough",73000,"A","Normal Value"
"2024","E06000003","Redcar and Cleveland",45000,"A","Normal Value"
"2024","E06000004","Stockton-on-Tees",93000,"A","Normal Value"
"2024","E06000005","Darlington",61000,"A","Normal Value"
"2024","E06000047","County Durham",212000,"A","Normal Value"
"2024","E06000057","Northumberland",131000,"A","Normal Value"
"2024","E08000021","Newcastle upon Tyne",214000,"A","Normal Value"
"2024","E08000022","North Tyneside",95000,"A","Normal Value"
"2024","E08000023","South Tyneside",47000,"A","Normal Value"
"2024","E08000024","Sunderland",130000,"A","Normal Value"
"2024","E08000037","Gateshead",104000,"A","Normal Value"
"2024","E06000006","Halton",70000,"A","Normal Value"
"2024","E06000007","Warrington",165000,"A","Normal Value"
"2024","E06000008","Blackburn with Darwen",79000,"A","Normal Value"
"2024","E06000009","Blackpool",72000,"A","Normal Value"
"2024","E06000049","Cheshire East",229000,"A","Normal Value"
"2024","E06000050","Cheshire West and Chester",196000,"A","Normal Value"
"2024","E06000063","Cumberland",149000,"A","Normal Value"
"2024","E06000064","Westmorland and Furness",127000,"A","Normal Value"
"2024","E07000117","Burnley",44000,"A","Normal Value"
"2024","E07000118","Chorley",47000,"A","Normal Value"
"2024","E07000119","Fylde",46000,"A","Normal Value"
"2024","E07000120","Hyndburn",31000,"A","Normal Value"
"2024","E07000121","Lancaster",69000,"A","Normal Value"
"2024","E07000122","Pendle",33000,"A","Normal Value"
"2024","E07000123","Preston",104000,"A","Normal Value"
"2024","E07000124","Ribble Valley",33000,"A","Normal Value"
"2024","E07000125","Rossendale",23000,"A","Normal Value"
"2024","E07000126","South Ribble",57000,"A","Normal Value"
"2024","E07000127","West Lancashire",63000,"A","Normal Value"
"2024","E07000128","Wyre",42000,"A","Normal Value"
"2024","E08000001","Bolton",132000,"A","Normal Value"
"2024","E08000002","Bury",81000,"A","Normal Value"
"2024","E08000003","Manchester",504000,"A","Normal Value"
"2024","E08000004","Oldham",103000,"A","Normal Value"
"2024","E08000005","Rochdale",95000,"A","Normal Value"
"2024","E08000006","Salford",182000,"A","Normal Value"
"2024","E08000007","Stockport",151000,"A","Normal Value"
"2024","E08000008","Tameside",81000,"A","Normal Value"
"2024","E08000009","Trafford",177000,"A","Normal Value"
"2024","E08000010","Wigan",124000,"A","Normal Value"
"2024","E08000011","Knowsley",70000,"A","Normal Value"
"2024","E08000012","Liverpool",317000,"A","Normal Value"
"2024","E08000013","St. Helens",71000,"A","Normal Value"
"2024","E08000014","Sefton",101000,"A","Normal Value"
"2024","E08000015","Wirral",122000,"A","Normal Value"
"2024","E06000010","Kingston upon Hull, City of",136000,"A","Normal Value"
"2024","E06000011","East Riding of Yorkshire",154000,"A","Normal Value"
"2024","E06000012","North East Lincolnshire",75000,"A","Normal Value"
"2024","E06000013","North Lincolnshire",85000,"A","Normal Value"
"2024","E06000014","York",133000,"A","Normal Value"
"2024","E06000065","North Yorkshire",351000,"A","Normal Value"
"2024","E08000016","Barnsley",97000,"A","Normal Value"
"2024","E08000017","Doncaster",154000,"A","Normal Value"
"2024","E08000018","Rotherham",111000,"A","Normal Value"
"2024","E08000019","Sheffield",300000,"A","Normal Value"
"2024","E08000032","Bradford",230000,"A","Normal Value"
"2024","E08000033","Calderdale",107000,"A","Normal Value"
"2024","E08000034","Kirklees",190000,"A","Normal Value"
"2024","E08000035","Leeds",541000,"A","Normal Value"
"2024","E08000036","Wakefield",180000,"A","Normal Value"
"2024","E06000015","Derby",155000,"A","Normal Value"
"2024","E06000016","Leicester",196000,"A","Normal Value"
"2024","E06000017","Rutland",20000,"A","Normal Value"
"2024","E06000018","Nottingham",235000,"A","Normal Value"
"2024","E06000061","North Northamptonshire",167000,"A","Normal Value"
"2024","E06000062","West Northamptonshire",246000,"A","Normal Value"
"2024","E07000032","Amber Valley",55000,"A","Normal Value"
"2024","E07000033","Bolsover",34000,"A","Normal Value"
"2024","E07000034","Chesterfield",64000,"A","Normal Value"
"2024","E07000035","Derbyshire Dales",40000,"A","Normal Value"
"2024","E07000036","Erewash",46000,"A","Normal Value"
"2024","E07000037","High Peak",37000,"A","Normal Value"
"2024","E07000038","North East Derbyshire",34000,"A","Normal Value"
"2024","E07000039","South Derbyshire",37000,"A","Normal Value"
"2024","E07000129","Blaby",75000,"A","Normal Value"
"2024","E07000130","Charnwood",84000,"A","Normal Value"
"2024","E07000131","Harborough",46000,"A","Normal Value"
"2024","E07000132","Hinckley and Bosworth",52000,"A","Normal Value"
"2024","E07000133","Melton",25000,"A","Normal Value"
"2024","E07000134","North West Leicestershire",80000,"A","Normal Value"
"2024","E07000135","Oadby and Wigston",20000,"A","Normal Value"
"2024","E07000136","Boston",34000,"A","Normal Value"
"2024","E07000137","East Lindsey",54000,"A","Normal Value"
"2024","E07000138","Lincoln",64000,"A","Normal Value"
"2024","E07000139","North Kesteven",54000,"A","Normal Value"
"2024","E07000140","South Holland",43000,"A","Normal Value"
"2024","E07000141","South Kesteven",67000,"A","Normal Value"
"2024","E07000142","West Lindsey",37000,"A","Normal Value"
"2024","E07000170","Ashfield",61000,"A","Normal Value"
"2024","E07000171","Bassetlaw",60000,"A","Normal Value"
"2024","E07000172","Broxtowe",43000,"A","Normal Value"
"2024","E07000173","Gedling",40000,"A","Normal Value"
"2024","E07000174","Mansfield",49000,"A","Normal Value"
"2024","E07000175","Newark and Sherwood",65000,"A","Normal Value"
"2024","E07000176","Rushcliffe",58000,"A","Normal Value"
"2024","E06000019","Herefordshire, County of",103000,"A","Normal Value"
"2024","E06000020","Telford and Wrekin",99000,"A","Normal Value"
"2024","E06000021","Stoke-on-Trent",137000,"A","Normal Value"
"2024","E06000051","Shropshire",162000,"A","Normal Value"
"2024","E07000192","Cannock Chase",46000,"A","Normal Value"
"2024","E07000193","East Staffordshire",69000,"A","Normal Value"
"2024","E07000194","Lichfield",58000,"A","Normal Value"
"2024","E07000195","Newcastle-under-Lyme",59000,"A","Normal Value"
"2024","E07000196","South Staffordshire",48000,"A","Normal Value"
"2024","E07000197","Stafford",70000,"A","Normal Value"
"2024","E07000198","Staffordshire Moorlands",41000,"A","Normal Value"
"2024","E07000199","Tamworth",32000,"A","Normal Value"
"2024","E07000218","North Warwickshire",59000,"A","Normal Value"
"2024","E07000219","Nuneaton and Bedworth",49000,"A","Normal Value"
"2024","E07000220","Rugby",57000,"A","Normal Value"
"2024","E07000221","Stratford-on-Avon",90000,"A","Normal Value"
"2024","E07000222","Warwick",108000,"A","Normal Value"
"2024","E07000234","Bromsgrove",47000,"A","Normal Value"
"2024","E07000235","Malvern Hills",36000,"A","Normal Value"
"2024","E07000236","Redditch",42000,"A","Normal Value"
"2024","E07000237","Worcester",58000,"A","Normal Value"
"2024","E07000238","Wychavon",69000,"A","Normal Value"
"2024","E07000239","Wyre Forest",40000,"A","Normal Value"
"2024","E08000025","Birmingham",627000,"A","Normal Value"
"2024","E08000026","Coventry",179000,"A","Normal Value"
"2024","E08000027","Dudley",121000,"A","Normal Value"
"2024","E08000028","Sandwell",134000,"A","Normal Value"
"2024","E08000029","Solihull",156000,"A","Normal Value"
"2024","E08000030","Walsall",114000,"A","Normal Value"
"2024","E08000031","Wolverhampton",127000,"A","Normal Value"
"2024","E06000031","Peterborough",130000,"A","Normal Value"
"2024","E06000032","Luton",119000,"A","Normal Value"
"2024","E06000033","Southend-on-Sea",78000,"A","Normal Value"
"2024","E06000034","Thurrock",85000,"A","Normal Value"
"2024","E06000055","Bedford",94000,"A","Normal Value"
"2024","E06000056","Central Bedfordshire",129000,"A","Normal Value"
"2024","E07000008","Cambridge",131000,"A","Normal Value"
"2024","E07000009","East Cambridgeshire",39000,"A","Normal Value"
"2024","E07000010","Fenland",45000,"A","Normal Value"
"2024","E07000011","Huntingdonshire",91000,"A","Normal Value"
"2024","E07000012","South Cambridgeshire",90000,"A","Normal Value"
"2024","E07000066","Basildon",97000,"A","Normal Value"
"2024","E07000067","Braintree",61000,"A","Normal Value"
"2024","E07000068","Brentwood",38000,"A","Normal Value"
"2024","E07000069","Castle Point",29000,"A","Normal Value"
"2024","E07000070","Chelmsford",108000,"A","Normal Value"
"2024","E07000071","Colchester",105000,"A","Normal Value"
"2024","E07000072","Epping Forest",64000,"A","Normal Value"
"2024","E07000073","Harlow",48000,"A","Normal Value"
"2024","E07000074","Maldon",24000,"A","Normal Value"
"2024","E07000075","Rochford",31000,"A","Normal Value"
"2024","E07000076","Tendring",51000,"A","Normal Value"
"2024","E07000077","Uttlesford",59000,"A","Normal Value"
"2024","E07000095","Broxbourne",42000,"A","Normal Value"
"2024","E07000096","Dacorum",149000,"A","Normal Value"
"2024","E07000098","Hertsmere",67000,"A","Normal Value"
"2024","E07000099","North Hertfordshire",60000,"A","Normal Value"
"2024","E07000102","Three Rivers",52000,"A","Normal Value"
"2024","E07000103","Watford",76000,"A","Normal Value"
"2024","E07000143","Breckland",66000,"A","Normal Value"
"2024","E07000144","Broadland",56000,"A","Normal Value"
"2024","E07000145","Great Yarmouth",42000,"A","Normal Value"
"2024","E07000146","King's Lynn and West Norfolk",75000,"A","Normal Value"
"2024","E07000147","North Norfolk",42000,"A","Normal Value"
"2024","E07000148","Norwich",106000,"A","Normal Value"
"2024","E07000149","South Norfolk",72000,"A","Normal Value"
"2024","E07000200","Babergh",40000,"A","Normal Value"
"2024","E07000202","Ipswich",78000,"A","Normal Value"
"2024","E07000203","Mid Suffolk",51000,"A","Normal Value"
"2024","E07000240","St Albans",87000,"A","Normal Value"
"2024","E07000241","Welwyn Hatfield",86000,"A","Normal Value"
"2024","E07000242","East Hertfordshire",79000,"A","Normal Value"
"2024","E07000243","Stevenage",58000,"A","Normal Value"
"2024","E07000244","East Suffolk",116000,"A","Normal Value"
"2024","E07000245","West Suffolk",119000,"A","Normal Value"
"2024","E09000001","City of London",740000,"A","Normal Value"
"2024","E09000002","Barking and Dagenham",65000,"A","Normal Value"
"2024","E09000003","Barnet",174000,"A","Normal Value"
"2024","E09000004","Bexley",85000,"A","Normal Value"
"2024","E09000005","Brent",153000,"A","Normal Value"
"2024","E09000006","Bromley",122000,"A","Normal Value"
"2024","E09000007","Camden",473000,"A","Normal Value"
"2024","E09000008","Croydon",138000,"A","Normal Value"
"2024","E09000009","Ealing",148000,"A","Normal Value"
"2024","E09000010","Enfield",143000,"A","Normal Value"
"2024","E09000011","Greenwich",120000,"A","Normal Value"
"2024","E09000012","Hackney",211000,"A","Normal Value"
"2024","E09000013","Hammersmith and Fulham",161000,"A","Normal Value"
"2024","E09000014","Haringey",97000,"A","Normal Value"
"2024","E09000015","Harrow",92000,"A","Normal Value"
"2024","E09000016","Havering",102000,"A","Normal Value"
"2024","E09000017","Hillingdon",217000,"A","Normal Value"
"2024","E09000018","Hounslow",182000,"A","Normal Value"
"2024","E09000019","Islington",291000,"A","Normal Value"
"2024","E09000020","Kensington and Chelsea",154000,"A","Normal Value"
"2024","E09000021","Kingston upon Thames",92000,"A","Normal Value"
"2024","E09000022","Lambeth",179000,"A","Normal Value"
"2024","E09000023","Lewisham",95000,"A","Normal Value"
"2024","E09000024","Merton",94000,"A","Normal Value"
"2024","E09000025","Newham",154000,"A","Normal Value"
"2024","E09000026","Redbridge",97000,"A","Normal Value"
"2024","E09000027","Richmond upon Thames",106000,"A","Normal Value"
"2024","E09000028","Southwark",394000,"A","Normal Value"
"2024","E09000029","Sutton",85000,"A","Normal Value"
"2024","E09000030","Tower Hamlets",376000,"A","Normal Value"
"2024","E09000031","Waltham Forest",104000,"A","Normal Value"
"2024","E09000032","Wandsworth",149000,"A","Normal Value"
"2024","E09000033","Westminster",866000,"A","Normal Value"
"2024","E06000035","Medway",114000,"A","Normal Value"
"2024","E06000036","Bracknell Forest",76000,"A","Normal Value"
"2024","E06000037","West Berkshire",118000,"A","Normal Value"
"2024","E06000038","Reading",136000,"A","Normal Value"
"2024","E06000039","Slough",84000,"A","Normal Value"
"2024","E06000040","Windsor and Maidenhead",113000,"A","Normal Value"
"2024","E06000041","Wokingham",101000,"A","Normal Value"
"2024","E06000042","Milton Keynes",214000,"A","Normal Value"
"2024","E06000043","Brighton and Hove",174000,"A","Normal Value"
"2024","E06000044","Portsmouth",123000,"A","Normal Value"
"2024","E06000045","Southampton",127000,"A","Normal Value"
"2024","E06000046","Isle of Wight",67000,"A","Normal Value"
"2024","E06000060","Buckinghamshire",284000,"A","Normal Value"
"2024","E07000061","Eastbourne",46000,"A","Normal Value"
"2024","E07000062","Hastings",38000,"A","Normal Value"
"2024","E07000063","Lewes",45000,"A","Normal Value"
"2024","E07000064","Rother",39000,"A","Normal Value"
"2024","E07000065","Wealden",69000,"A","Normal Value"
"2024","E07000084","Basingstoke and Deane",95000,"A","Normal Value"
"2024","E07000085","East Hampshire",55000,"A","Normal Value"
"2024","E07000086","Eastleigh",71000,"A","Normal Value"
"2024","E07000087","Fareham",57000,"A","Normal Value"
"2024","E07000088","Gosport",23000,"A","Normal Value"
"2024","E07000089","Hart",43000,"A","Normal Value"
"2024","E07000090","Havant",46000,"A","Normal Value"
"2024","E07000091","New Forest",77000,"A","Normal Value"
"2024","E07000092","Rushmoor",58000,"A","Normal Value"
"2024","E07000093","Test Valley",72000,"A","Normal Value"
"2024","E07000094","Winchester",111000,"A","Normal Value"
"2024","E07000105","Ashford",77000,"A","Normal Value"
"2024","E07000106","Canterbury",82000,"A","Normal Value"
"2024","E07000107","Dartford",72000,"A","Normal Value"
"2024","E07000108","Dover",45000,"A","Normal Value"
"2024","E07000109","Gravesham",43000,"A","Normal Value"
"2024","E07000110","Maidstone",102000,"A","Normal Value"
"2024","E07000111","Sevenoaks",58000,"A","Normal Value"
"2024","E07000112","Folkestone and Hythe",43000,"A","Normal Value"
"2024","E07000113","Swale",62000,"A","Normal Value"
"2024","E07000114","Thanet",56000,"A","Normal Value"
"2024","E07000115","Tonbridge and Malling",73000,"A","Normal Value"
"2024","E07000116","Tunbridge Wells",66000,"A","Normal Value"
"2024","E07000177","Cherwell",98000,"A","Normal Value"
"2024","E07000178","Oxford",140000,"A","Normal Value"
"2024","E07000179","South Oxfordshire",70000,"A","Normal Value"
"2024","E07000180","Vale of White Horse",79000,"A","Normal Value"
"2024","E07000181","West Oxfordshire",61000,"A","Normal Value"
"2024","E07000207","Elmbridge",76000,"A","Normal Value"
"2024","E07000208","Epsom and Ewell",39000,"A","Normal Value"
"2024","E07000209","Guildford",99000,"A","Normal Value"
"2024","E07000210","Mole Valley",54000,"A","Normal Value"
"2024","E07000211","Reigate and Banstead",76000,"A","Normal Value"
"2024","E07000212","Runnymede",62000,"A","Normal Value"
"2024","E07000213","Spelthorne",48000,"A","Normal Value"
"2024","E07000214","Surrey Heath",58000,"A","Normal Value"
"2024","E07000215","Tandridge",39000,"A","Normal Value"
"2024","E07000216","Waverley",66000,"A","Normal Value"
"2024","E07000217","Woking",55000,"A","Normal Value"
"2024","E07000223","Adur",24000,"A","Normal Value"
"2024","E07000224","Arun",62000,"A","Normal Value"
"2024","E07000225","Chichester",78000,"A","Normal Value"
"2024","E07000226","Crawley",97000,"A","Normal Value"
"2024","E07000227","Horsham",72000,"A","Normal Value"
"2024","E07000228","Mid Sussex",74000,"A","Normal Value"
"2024","E07000229","Worthing",58000,"A","Normal Value"
"2024","E06000022","Bath and North East Somerset",117000,"A","Normal Value"
"2024","E06000023","Bristol, City of",352000,"A","Normal Value"
"2024","E06000024","North Somerset",107000,"A","Normal Value"
"2024","E06000025","South Gloucestershire",186000,"A","Normal Value"
"2024","E06000026","Plymouth",136000,"A","Normal Value"
"2024","E06000027","Torbay",59000,"A","Normal Value"
"2024","E06000030","Swindon",123000,"A","Normal Value"
"2024","E06000052","Cornwall",296000,"A","Normal Value"
"2024","E06000053","Isles of Scilly",1000,"A","Normal Value"
"2024","E06000054","Wiltshire",270000,"A","Normal Value"
"2024","E06000058","Bournemouth, Christchurch and Poole",216000,"A","Normal Value"
"2024","E06000059","Dorset",187000,"A","Normal Value"
"2024","E07000040","East Devon",67000,"A","Normal Value"
"2024","E07000041","Exeter",110000,"A","Normal Value"
"2024","E07000042","Mid Devon",36000,"A","Normal Value"
"2024","E07000043","North Devon",55000,"A","Normal Value"
"2024","E07000044","South Hams",54000,"A","Normal Value"
"2024","E07000045","Teignbridge",61000,"A","Normal Value"
"2024","E07000046","Torridge",33000,"A","Normal Value"
"2024","E07000047","West Devon",22000,"A","Normal Value"
"2024","E07000078","Cheltenham",79000,"A","Normal Value"
"2024","E07000079","Cotswold",57000,"A","Normal Value"
"2024","E07000080","Forest of Dean",33000,"A","Normal Value"
"2024","E07000081","Gloucester",78000,"A","Normal Value"
"2024","E07000082","Stroud",65000,"A","Normal Value"
"2024","E07000083","Tewkesbury",54000,"A","Normal Value"
"2024","E06000066","Somerset",294000,"A","Normal Value"
"2024","W06000001","Isle of Anglesey",28000,"A","Normal Value"
"2024","W06000002","Gwynedd",69000,"A","Normal Value"
"2024","W06000003","Conwy",53000,"A","Normal Value"
"2024","W06000004","Denbighshire",51000,"A","Normal Value"
"2024","W06000005","Flintshire",77000,"A","Normal Value"
"2024","W06000006","Wrexham",64000,"A","Normal Value"
"2024","W06000008","Ceredigion",36000,"A","Normal Value"
"2024","W06000009","Pembrokeshire",57000,"A","Normal Value"
"2024","W06000010","Carmarthenshire",85000,"A","Normal Value"
"2024","W06000011","Swansea",118000,"A","Normal Value"
"2024","W06000012","Neath Port Talbot",54000,"A","Normal Value"
"2024","W06000013","Bridgend",63000,"A","Normal Value"
"2024","W06000014","Vale of Glamorgan",48000,"A","Normal Value"
"2024","W06000015","Cardiff",251000,"A","Normal Value"
"2024","W06000016","Rhondda Cynon Taf",90000,"A","Normal Value"
"2024","W06000018","Caerphilly",59000,"A","Normal Value"
"2024","W06000019","Blaenau Gwent",19000,"A","Normal Value"
"2024","W06000020","Torfaen",41000,"A","Normal Value"
"2024","W06000021","Monmouthshire",45000,"A","Normal Value"
"2024","W06000022","Newport",85000,"A","Normal Value"
"2024","W06000023","Powys",63000,"A","Normal Value"
"2024","W06000024","Merthyr Tydfil",25000,"A","Normal Value"
"2024","S12000005","Clackmannanshire",16000,"A","Normal Value"
"2024","S12000006","Dumfries and Galloway",76000,"A","Normal Value"
"2024","S12000008","East Ayrshire",47000,"A","Normal Value"
"2024","S12000010","East Lothian",38000,"A","Normal Value"
"2024","S12000011","East Renfrewshire",28000,"A","Normal Value"
"2024","S12000013","Na h-Eileanan Siar",17000,"A","Normal Value"
"2024","S12000014","Falkirk",77000,"A","Normal Value"
"2024","S12000017","Highland",136000,"A","Normal Value"
"2024","S12000018","Inverclyde",27000,"A","Normal Value"
"2024","S12000019","Midlothian",38000,"A","Normal Value"
"2024","S12000020","Moray",44000,"A","Normal Value"
"2024","S12000021","North Ayrshire",46000,"A","Normal Value"
"2024","S12000023","Orkney Islands",12000,"A","Normal Value"
"2024","S12000026","Scottish Borders",54000,"A","Normal Value"
"2024","S12000027","Shetland Islands",14000,"A","Normal Value"
"2024","S12000028","South Ayrshire",51000,"A","Normal Value"
"2024","S12000029","South Lanarkshire",132000,"A","Normal Value"
"2024","S12000030","Stirling",53000,"A","Normal Value"
"2024","S12000033","Aberdeen City",173000,"A","Normal Value"
"2024","S12000034","Aberdeenshire",124000,"A","Normal Value"
"2024","S12000035","Argyll and Bute",46000,"A","Normal Value"
"2024","S12000036","City of Edinburgh",411000,"A","Normal Value"
"2024","S12000038","Renfrewshire",90000,"A","Normal Value"
"2024","S12000039","West Dunbartonshire",35000,"A","Normal Value"
"2024","S12000040","West Lothian",85000,"A","Normal Value"
"2024","S12000041","Angus",42000,"A","Normal Value"
"2024","S12000042","Dundee City",86000,"A","Normal Value"
"2024","S12000045","East Dunbartonshire",31000,"A","Normal Value"
"2024","S12000047","Fife",160000,"A","Normal Value"
"2024","S12000048","Perth and Kinross",81000,"A","Normal Value"
"2024","S12000049","Glasgow City",486000,"A","Normal Value"
"2024","S12000050","North Lanarkshire",144000,"A","Normal Value"
"2024","N09000001","Antrim and Newtownabbey",,"Q","These figures are missing."
"2024","N09000002","Armagh City, Banbridge and Craigavon",,"Q","These figures are missing."
"2024","N09000003","Belfast",,"Q","These figures are missing."
"2024","N09000004","Causeway Coast and Glens",,"Q","These figures are missing."
"2024","N09000005","Derry City and Strabane",,"Q","These figures are missing."
"2024","N09000006","Fermanagh and Omagh",,"Q","These figures are missing."
"2024","N09000007","Lisburn and Castlereagh",,"Q","These figures are missing."
"2024","N09000008","Mid and East Antrim",,"Q","These figures are missing."
"2024","N09000009","Mid Ulster",,"Q","These figures are missing."
"2024","N09000010","Newry, Mourne and Down",,"Q","These figures are missing."
"2024","N09000011","Ards and North Down",,"Q","These figures are missing."
