"date","geography","geography code","Benefit: Total (all UC and JSA claimants); Gender: Total; Age: All categories: Age 16+; measure: Claimant count; measures: Value","Benefit: Total (all UC and JSA claimants); Gender: Total; Age: All categories: Age 16+; measure: Claimants as a proportion of residents aged 16-64; measures: Value","Benefit: Total (all UC and JSA claimants); Gender: Total; Age: All categories: Age 16+; measure: Claimants as a proportion of economically active residents aged 16+; measures: Value","Benefit: Total (all UC and JSA claimants); Gender: Total; Age: All categories: Age 16+; measure: Claimants as a proportion of the workforce; measures: Value","Benefit: Total (all UC and JSA claimants); Gender: Total; Age: Age unknown (clerical claims); measure: Claimant count; measures: Value","Benefit: Total (all UC and JSA claimants); Gender: Total; Age: Age unknown (clerical claims); measure: Claimants as a proportion of residents aged 16-64; measures: Value","Benefit: Total (all UC and JSA claimants); Gender: Total; Age: Age unknown (clerical claims); measure: Claimants as a proportion of economically active residents aged 16+; measures: Value","Benefit: Total (all UC and JSA claimants); Gender: Total; Age: Age unknown (clerical claims); measure: Claimants as a proportion of the workforce; measures: Value","Benefit: Total (all UC and JSA claimants); Gender: Total; Age: Aged 16-24; measure: Claimant count; measures: Value","Benefit: Total (all UC and JSA claimants); Gender: Total; Age: Aged 16-24; measure: Claimants as a proportion of residents aged 16-64; measures: Value","Benefit: Total (all UC and JSA claimants); Gender: Total; Age: Aged 16-24; measure: Claimants as a proportion of economically active residents aged 16+; measures: Value","Benefit: Total (all UC and JSA claimants); Gender: Total; Age: Aged 16-24; measure: Claimants as a proportion of the workforce; measures: Value","Benefit: Total (all UC and JSA claimants); Gender: Total; Age: Aged 16-17; measure: Claimant count; measures: Value","Benefit: Total (all UC and JSA claimants); Gender: Total; Age: Aged 16-17; measure: Claimants as a proportion of residents aged 16-64; measures: Value","Benefit: Total (all UC and JSA claimants); Gender: Total; Age: Aged 16-17; measure: Claimants as a proportion of economically active residents aged 16+; measures: Value","Benefit: Total (all UC and JSA claimants); Gender: Total; Age: Aged 16-17; measure: Claimants as a proportion of the workforce; measures: Value","Benefit: Total (all UC and JSA claimants); Gender: Total; Age: Aged 18-24; measure: Claimant count; measures: Value","Benefit: Total (all UC and JSA claimants); Gender: Total; Age: Aged 18-24; measure: Claimants as a proportion of residents aged 16-64; measures: Value","Benefit: Total (all UC and JSA claimants); Gender: Total; Age: Aged 18-24; measure: Claimants as a proportion of economically active residents aged 16+; measures: Value","Benefit: Total (all UC and JSA claimants); Gender: Total; Age: Aged 18-24; measure: Claimants as a proportion of the workforce; measures: Value","Benefit: Total (all UC and JSA claimants); Gender: Total; Age: Aged 18-21; measure: Claimant count; measures: Value","Benefit: Total (all UC and JSA claimants); Gender: Total; Age: Aged 18-21; measure: Claimants as a proportion of residents aged 16-64; measures: Value","Benefit: Total (all UC and JSA claimants); Gender: Total; Age: Aged 18-21; measure: Claimants as a proportion of economically active residents aged 16+; measures: Value","Benefit: Total (all UC and JSA claimants); Gender: Total; Age: Aged 18-21; measure: Claimants as a proportion of the workforce; measures: Value","Benefit: Total (all UC and JSA claimants); Gender: Total; Age: Aged 25-49; measure: Claimant count; measures: Value","Benefit: Total (all UC and JSA claimants); Gender: Total; Age: Aged 25-49; measure: Claimants as a proportion of residents aged 16-64; measures: Value","Benefit: Total (all UC and JSA claimants); Gender: Total; Age: Aged 25-49; measure: Claimants as a proportion of economically active residents aged 16+; measures: Value","Benefit: Total (all UC and JSA claimants); Gender: Total; Age: Aged 25-49; measure: Claimants as a proportion of the workforce; measures: Value","Benefit: Total (all UC and JSA claimants); Gender: Total; Age: Aged 25-29; measure: Claimant count; measures: Value","Benefit: Total (all UC and JSA claimants); Gender: Total; Age: Aged 25-29; measure: Claimants as a proportion of residents aged 16-64; measures: Value","Benefit: Total (all UC and JSA claimants); Gender: Total; Age: Aged 25-29; measure: Claimants as a proportion of economically active residents aged 16+; measures: Value","Benefit: Total (all UC and JSA claimants); Gender: Total; Age: Aged 25-29; measure: Claimants as a proportion of the workforce; measures: Value","Benefit: Total (all UC and JSA claimants); Gender: Total; Age: Aged 30-34; measure: Claimant count; measures: Value","Benefit: Total (all UC and JSA claimants); Gender: Total; Age: Aged 30-34; measure: Claimants as a proportion of residents aged 16-64; measures: Value","Benefit: Total (all UC and JSA claimants); Gender: Total; Age: Aged 30-34; measure: Claimants as a proportion of economically active residents aged 16+; measures: Value","Benefit: Total (all UC and JSA claimants); Gender: Total; Age: Aged 30-34; measure: Claimants as a proportion of the workforce; measures: Value","Benefit: Total (all UC and JSA claimants); Gender: Total; Age: Aged 35-39; measure: Claimant count; measures: Value","Benefit: Total (all UC and JSA claimants); Gender: Total; Age: Aged 35-39; measure: Claimants as a proportion of residents aged 16-64; measures: Value","Benefit: Total (all UC and JSA claimants); Gender: Total; Age: Aged 35-39; measure: Claimants as a proportion of economically active residents aged 16+; measures: Value","Benefit: Total (all UC and JSA claimants); Gender: Total; Age: Aged 35-39; measure: Claimants as a proportion of the workforce; measures: Value","Benefit: Total (all UC and JSA claimants); Gender: Total; Age: Aged 40-44; measure: Claimant count; measures: Value","Benefit: Total (all UC and JSA claimants); Gender: Total; Age: Aged 40-44; measure: Claimants as a proportion of residents aged 16-64; measures: Value","Benefit: Total (all UC and JSA claimants); Gender: Total; Age: Aged 40-44; measure: Claimants as a proportion of economically active residents aged 16+; measures: Value","Benefit: Total (all UC and JSA claimants); Gender: Total; Age: Aged 40-44; measure: Claimants as a proportion of the workforce; measures: Value","Benefit: Total (all UC and JSA claimants); Gender: Total; Age: Aged 45-49; measure: Claimant count; measures: Value","Benefit: Total (all UC and JSA claimants); Gender: Total; Age: Aged 45-49; measure: Claimants as a proportion of residents aged 16-64; measures: Value","Benefit: Total (all UC and JSA claimants); Gender: Total; Age: Aged 45-49; measure: Claimants as a proportion of economically active residents aged 16+; measures: Value","Benefit: Total (all UC and JSA claimants); Gender: Total; Age: Aged 45-49; measure: Claimants as a proportion of the workforce; measures: Value","Benefit: Total (all UC and JSA claimants); Gender: Total; Age: Aged 50+; measure: Claimant count; measures: Value","Benefit: Total (all UC and JSA claimants); Gender: Total; Age: Aged 50+; measure: Claimants as a proportion of residents aged 16-64; measures: Value","Benefit: Total (all UC and JSA claimants); Gender: Total; Age: Aged 50+; measure: Claimants as a proportion of economically active residents aged 16+; measures: Value","Benefit: Total (all UC and JSA claimants); Gender: Total; Age: Aged 50+; measure: Claimants as a proportion of the workforce; measures: Value","Benefit: Total (all UC and JSA claimants); Gender: Total; Age: Aged 50-54; measure: Claimant count; measures: Value","Benefit: Total (all UC and JSA claimants); Gender: Total; Age: Aged 50-54; measure: Claimants as a proportion of residents aged 16-64; measures: Value","Benefit: Total (all UC and JSA claimants); Gender: Total; Age: Aged 50-54; measure: Claimants as a proportion of economically active residents aged 16+; measures: Value","Benefit: Total (all UC and JSA claimants); Gender: Total; Age: Aged 50-54; measure: Claimants as a proportion of the workforce; measures: Value","Benefit: Total (all UC and JSA claimants); Gender: Total; Age: Aged 55-59; measure: Claimant count; measures: Value","Benefit: Total (all UC and JSA claimants); Gender: Total; Age: Aged 55-59; measure: Claimants as a proportion of residents aged 16-64; measures: Value","Benefit: Total (all UC and JSA claimants); Gender: Total; Age: Aged 55-59; measure: Claimants as a proportion of economically active residents aged 16+; measures: Value","Benefit: Total (all UC and JSA claimants); Gender: Total; Age: Aged 55-59; measure: Claimants as a proportion of the workforce; measures: Value","Benefit: Total (all UC and JSA claimants); Gender: Total; Age: Aged 60-64; measure: Claimant count; measures: Value","Benefit: Total (all UC and JSA claimants); Gender: Total; Age: Aged 60-64; measure: Claimants as a proportion of residents aged 16-64; measures: Value","Benefit: Total (all UC and JSA claimants); Gender: Total; Age: Aged 60-64; measure: Claimants as a proportion of economically active residents aged 16+; measures: Value","Benefit: Total (all UC and JSA claimants); Gender: Total; Age: Aged 60-64; measure: Claimants as a proportion of the workforce; measures: Value","Benefit: Total (all UC and JSA claimants); Gender: Total; Age: Aged 65+; measure: Claimant count; measures: Value","Benefit: Total (all UC and JSA claimants); Gender: Total; Age: Aged 65+; measure: Claimants as a proportion of residents aged 16-64; measures: Value","Benefit: Total (all UC and JSA claimants); Gender: Total; Age: Aged 65+; measure: Claimants as a proportion of economically active residents aged 16+; measures: Value","Benefit: Total (all UC and JSA claimants); Gender: Total; Age: Aged 65+; measure: Claimants as a proportion of the workforce; measures: Value","Benefit: Total (all UC and JSA claimants); Gender: Male; Age: All categories: Age 16+; measure: Claimant count; measures: Value","Benefit: Total (all UC and JSA claimants); Gender: Male; Age: All categories: Age 16+; measure: Claimants as a proportion of residents aged 16-64; measures: Value","Benefit: Total (all UC and JSA claimants); Gender: Male; Age: All categories: Age 16+; measure: Claimants as a proportion of economically active residents aged 16+; measures: Value","Benefit: Total (all UC and JSA claimants); Gender: Male; Age: All categories: Age 16+; measure: Claimants as a proportion of the workforce; measures: Value","Benefit: Total (all UC and JSA claimants); Gender: Male; Age: Age unknown (clerical claims); measure: Claimant count; measures: Value","Benefit: Total (all UC and JSA claimants); Gender: Male; Age: Age unknown (clerical claims); measure: Claimants as a proportion of residents aged 16-64; measures: Value","Benefit: Total (all UC and JSA claimants); Gender: Male; Age: Age unknown (clerical claims); measure: Claimants as a proportion of economically active residents aged 16+; measures: Value","Benefit: Total (all UC and JSA claimants); Gender: Male; Age: Age unknown (clerical claims); measure: Claimants as a proportion of the workforce; measures: Value","Benefit: Total (all UC and JSA claimants); Gender: Male; Age: Aged 16-24; measure: Claimant count; measures: Value","Benefit: Total (all UC and JSA claimants); Gender: Male; Age: Aged 16-24; measure: Claimants as a proportion of residents aged 16-64; measures: Value","Benefit: Total (all UC and JSA claimants); Gender: Male; Age: Aged 16-24; measure: Claimants as a proportion of economically active residents aged 16+; measures: Value","Benefit: Total (all UC and JSA claimants); Gender: Male; Age: Aged 16-24; measure: Claimants as a proportion of the workforce; measures: Value","Benefit: Total (all UC and JSA claimants); Gender: Male; Age: Aged 16-17; measure: Claimant count; measures: Value","Benefit: Total (all UC and JSA claimants); Gender: Male; Age: Aged 16-17; measure: Claimants as a proportion of residents aged 16-64; measures: Value","Benefit: Total (all UC and JSA claimants); Gender: Male; Age: Aged 16-17; measure: Claimants as a proportion of economically active residents aged 16+; measures: Value","Benefit: Total (all UC and JSA claimants); Gender: Male; Age: Aged 16-17; measure: Claimants as a proportion of the workforce; measures: Value","Benefit: Total (all UC and JSA claimants); Gender: Male; Age: Aged 18-24; measure: Claimant count; measures: Value","Benefit: Total (all UC and JSA claimants); Gender: Male; Age: Aged 18-24; measure: Claimants as a proportion of residents aged 16-64; measures: Value","Benefit: Total (all UC and JSA claimants); Gender: Male; Age: Aged 18-24; measure: Claimants as a proportion of economically active residents aged 16+; measures: Value","Benefit: Total (all UC and JSA claimants); Gender: Male; Age: Aged 18-24; measure: Claimants as a proportion of the workforce; measures: Value","Benefit: Total (all UC and JSA claimants); Gender: Male; Age: Aged 18-21; measure: Claimant count; measures: Value","Benefit: Total (all UC and JSA claimants); Gender: Male; Age: Aged 18-21; measure: Claimants as a proportion of residents aged 16-64; measures: Value","Benefit: Total (all UC and JSA claimants); Gender: Male; Age: Aged 18-21; measure: Claimants as a proportion of economically active residents aged 16+; measures: Value","Benefit: Total (all UC and JSA claimants); Gender: Male; Age: Aged 18-21; measure: Claimants as a proportion of the workforce; measures: Value","Benefit: Total (all UC and JSA claimants); Gender: Male; Age: Aged 25-49; measure: Claimant count; measures: Value","Benefit: Total (all UC and JSA claimants); Gender: Male; Age: Aged 25-49; measure: Claimants as a proportion of residents aged 16-64; measures: Value","Benefit: Total (all UC and JSA claimants); Gender: Male; Age: Aged 25-49; measure: Claimants as a proportion of economically active residents aged 16+; measures: Value","Benefit: Total (all UC and JSA claimants); Gender: Male; Age: Aged 25-49; measure: Claimants as a proportion of the workforce; measures: Value","Benefit: Total (all UC and JSA claimants); Gender: Male; Age: Aged 25-29; measure: Claimant count; measures: Value","Benefit: Total (all UC and JSA claimants); Gender: Male; Age: Aged 25-29; measure: Claimants as a proportion of residents aged 16-64; measures: Value","Benefit: Total (all UC and JSA claimants); Gender: Male; Age: Aged 25-29; measure: Claimants as a proportion of economically active residents aged 16+; measures: Value","Benefit: Total (all UC and JSA claimants); Gender: Male; Age: Aged 25-29; measure: Claimants as a proportion of the workforce; measures: Value","Benefit: Total (all UC and JSA claimants); Gender: Male; Age: Aged 30-34; measure: Claimant count; measures: Value","Benefit: Total (all UC and JSA claimants); Gender: Male; Age: Aged 30-34; measure: Claimants as a proportion of residents aged 16-64; measures: Value","Benefit: Total (all UC and JSA claimants); Gender: Male; Age: Aged 30-34; measure: Claimants as a proportion of economically active residents aged 16+; measures: Value","Benefit: Total (all UC and JSA claimants); Gender: Male; Age: Aged 30-34; measure: Claimants as a proportion of the workforce; measures: Value","Benefit: Total (all UC and JSA claimants); Gender: Male; Age: Aged 35-39; measure: Claimant count; measures: Value","Benefit: Total (all UC and JSA claimants); Gender: Male; Age: Aged 35-39; measure: Claimants as a proportion of residents aged 16-64; measures: Value","Benefit: Total (all UC and JSA claimants); Gender: Male; Age: Aged 35-39; measure: Claimants as a proportion of economically active residents aged 16+; measures: Value","Benefit: Total (all UC and JSA claimants); Gender: Male; Age: Aged 35-39; measure: Claimants as a proportion of the workforce; measures: Value","Benefit: Total (all UC and JSA claimants); Gender: Male; Age: Aged 40-44; measure: Claimant count; measures: Value","Benefit: Total (all UC and JSA claimants); Gender: Male; Age: Aged 40-44; measure: Claimants as a proportion of residents aged 16-64; measures: Value","Benefit: Total (all UC and JSA claimants); Gender: Male; Age: Aged 40-44; measure: Claimants as a proportion of economically active residents aged 16+; measures: Value","Benefit: Total (all UC and JSA claimants); Gender: Male; Age: Aged 40-44; measure: Claimants as a proportion of the workforce; measures: Value","Benefit: Total (all UC and JSA claimants); Gender: Male; Age: Aged 45-49; measure: Claimant count; measures: Value","Benefit: Total (all UC and JSA claimants); Gender: Male; Age: Aged 45-49; measure: Claimants as a proportion of residents aged 16-64; measures: Value","Benefit: Total (all UC and JSA claimants); Gender: Male; Age: Aged 45-49; measure: Claimants as a proportion of economically active residents aged 16+; measures: Value","Benefit: Total (all UC and JSA claimants); Gender: Male; Age: Aged 45-49; measure: Claimants as a proportion of the workforce; measures: Value","Benefit: Total (all UC and JSA claimants); Gender: Male; Age: Aged 50+; measure: Claimant count; measures: Value","Benefit: Total (all UC and JSA claimants); Gender: Male; Age: Aged 50+; measure: Claimants as a proportion of residents aged 16-64; measures: Value","Benefit: Total (all UC and JSA claimants); Gender: Male; Age: Aged 50+; measure: Claimants as a proportion of economically active residents aged 16+; measures: Value","Benefit: Total (all UC and JSA claimants); Gender: Male; Age: Aged 50+; measure: Claimants as a proportion of the workforce; measures: Value","Benefit: Total (all UC and JSA claimants); Gender: Male; Age: Aged 50-54; measure: Claimant count; measures: Value","Benefit: Total (all UC and JSA claimants); Gender: Male; Age: Aged 50-54; measure: Claimants as a proportion of residents aged 16-64; measures: Value","Benefit: Total (all UC and JSA claimants); Gender: Male; Age: Aged 50-54; measure: Claimants as a proportion of economically active residents aged 16+; measures: Value","Benefit: Total (all UC and JSA claimants); Gender: Male; Age: Aged 50-54; measure: Claimants as a proportion of the workforce; measures: Value","Benefit: Total (all UC and JSA claimants); Gender: Male; Age: Aged 55-59; measure: Claimant count; measures: Value","Benefit: Total (all UC and JSA claimants); Gender: Male; Age: Aged 55-59; measure: Claimants as a proportion of residents aged 16-64; measures: Value","Benefit: Total (all UC and JSA claimants); Gender: Male; Age: Aged 55-59; measure: Claimants as a proportion of economically active residents aged 16+; measures: Value","Benefit: Total (all UC and JSA claimants); Gender: Male; Age: Aged 55-59; measure: Claimants as a proportion of the workforce; measures: Value","Benefit: Total (all UC and JSA claimants); Gender: Male; Age: Aged 60-64; measure: Claimant count; measures: Value","Benefit: Total (all UC and JSA claimants); Gender: Male; Age: Aged 60-64; measure: Claimants as a proportion of residents aged 16-64; measures: Value","Benefit: Total (all UC and JSA claimants); Gender: Male; Age: Aged 60-64; measure: Claimants as a proportion of economically active residents aged 16+; measures: Value","Benefit: Total (all UC and JSA claimants); Gender: Male; Age: Aged 60-64; measure: Claimants as a proportion of the workforce; measures: Value","Benefit: Total (all UC and JSA claimants); Gender: Male; Age: Aged 65+; measure: Claimant count; measures: Value","Benefit: Total (all UC and JSA claimants); Gender: Male; Age: Aged 65+; measure: Claimants as a proportion of residents aged 16-64; measures: Value","Benefit: Total (all UC and JSA claimants); Gender: Male; Age: Aged 65+; measure: Claimants as a proportion of economically active residents aged 16+; measures: Value","Benefit: Total (all UC and JSA claimants); Gender: Male; Age: Aged 65+; measure: Claimants as a proportion of the workforce; measures: Value","Benefit: Total (all UC and JSA claimants); Gender: Female; Age: All categories: Age 16+; measure: Claimant count; measures: Value","Benefit: Total (all UC and JSA claimants); Gender: Female; Age: All categories: Age 16+; measure: Claimants as a proportion of residents aged 16-64; measures: Value","Benefit: Total (all UC and JSA claimants); Gender: Female; Age: All categories: Age 16+; measure: Claimants as a proportion of economically active residents aged 16+; measures: Value","Benefit: Total (all UC and JSA claimants); Gender: Female; Age: All categories: Age 16+; measure: Claimants as a proportion of the workforce; measures: Value","Benefit: Total (all UC and JSA claimants); Gender: Female; Age: Age unknown (clerical claims); measure: Claimant count; measures: Value","Benefit: Total (all UC and JSA claimants); Gender: Female; Age: Age unknown (clerical claims); measure: Claimants as a proportion of residents aged 16-64; measures: Value","Benefit: Total (all UC and JSA claimants); Gender: Female; Age: Age unknown (clerical claims); measure: Claimants as a proportion of economically active residents aged 16+; measures: Value","Benefit: Total (all UC and JSA claimants); Gender: Female; Age: Age unknown (clerical claims); measure: Claimants as a proportion of the workforce; measures: Value","Benefit: Total (all UC and JSA claimants); Gender: Female; Age: Aged 16-24; measure: Claimant count; measures: Value","Benefit: Total (all UC and JSA claimants); Gender: Female; Age: Aged 16-24; measure: Claimants as a proportion of residents aged 16-64; measures: Value","Benefit: Total (all UC and JSA claimants); Gender: Female; Age: Aged 16-24; measure: Claimants as a proportion of economically active residents aged 16+; measures: Value","Benefit: Total (all UC and JSA claimants); Gender: Female; Age: Aged 16-24; measure: Claimants as a proportion of the workforce; measures: Value","Benefit: Total (all UC and JSA claimants); Gender: Female; Age: Aged 16-17; measure: Claimant count; measures: Value","Benefit: Total (all UC and JSA claimants); Gender: Female; Age: Aged 16-17; measure: Claimants as a proportion of residents aged 16-64; measures: Value","Benefit: Total (all UC and JSA claimants); Gender: Female; Age: Aged 16-17; measure: Claimants as a proportion of economically active residents aged 16+; measures: Value","Benefit: Total (all UC and JSA claimants); Gender: Female; Age: Aged 16-17; measure: Claimants as a proportion of the workforce; measures: Value","Benefit: Total (all UC and JSA claimants); Gender: Female; Age: Aged 18-24; measure: Claimant count; measures: Value","Benefit: Total (all UC and JSA claimants); Gender: Female; Age: Aged 18-24; measure: Claimants as a proportion of residents aged 16-64; measures: Value","Benefit: Total (all UC and JSA claimants); Gender: Female; Age: Aged 18-24; measure: Claimants as a proportion of economically active residents aged 16+; measures: Value","Benefit: Total (all UC and JSA claimants); Gender: Female; Age: Aged 18-24; measure: Claimants as a proportion of the workforce; measures: Value","Benefit: Total (all UC and JSA claimants); Gender: Female; Age: Aged 18-21; measure: Claimant count; measures: Value","Benefit: Total (all UC and JSA claimants); Gender: Female; Age: Aged 18-21; measure: Claimants as a proportion of residents aged 16-64; measures: Value","Benefit: Total (all UC and JSA claimants); Gender: Female; Age: Aged 18-21; measure: Claimants as a proportion of economically active residents aged 16+; measures: Value","Benefit: Total (all UC and JSA claimants); Gender: Female; Age: Aged 18-21; measure: Claimants as a proportion of the workforce; measures: Value","Benefit: Total (all UC and JSA claimants); Gender: Female; Age: Aged 25-49; measure: Claimant count; measures: Value","Benefit: Total (all UC and JSA claimants); Gender: Female; Age: Aged 25-49; measure: Claimants as a proportion of residents aged 16-64; measures: Value","Benefit: Total (all UC and JSA claimants); Gender: Female; Age: Aged 25-49; measure: Claimants as a proportion of economically active residents aged 16+; measures: Value","Benefit: Total (all UC and JSA claimants); Gender: Female; Age: Aged 25-49; measure: Claimants as a proportion of the workforce; measures: Value","Benefit: Total (all UC and JSA claimants); Gender: Female; Age: Aged 25-29; measure: Claimant count; measures: Value","Benefit: Total (all UC and JSA claimants); Gender: Female; Age: Aged 25-29; measure: Claimants as a proportion of residents aged 16-64; measures: Value","Benefit: Total (all UC and JSA claimants); Gender: Female; Age: Aged 25-29; measure: Claimants as a proportion of economically active residents aged 16+; measures: Value","Benefit: Total (all UC and JSA claimants); Gender: Female; Age: Aged 25-29; measure: Claimants as a proportion of the workforce; measures: Value","Benefit: Total (all UC and JSA claimants); Gender: Female; Age: Aged 30-34; measure: Claimant count; measures: Value","Benefit: Total (all UC and JSA claimants); Gender: Female; Age: Aged 30-34; measure: Claimants as a proportion of residents aged 16-64; measures: Value","Benefit: Total (all UC and JSA claimants); Gender: Female; Age: Aged 30-34; measure: Claimants as a proportion of economically active residents aged 16+; measures: Value","Benefit: Total (all UC and JSA claimants); Gender: Female; Age: Aged 30-34; measure: Claimants as a proportion of the workforce; measures: Value","Benefit: Total (all UC and JSA claimants); Gender: Female; Age: Aged 35-39; measure: Claimant count; measures: Value","Benefit: Total (all UC and JSA claimants); Gender: Female; Age: Aged 35-39; measure: Claimants as a proportion of residents aged 16-64; measures: Value","Benefit: Total (all UC and JSA claimants); Gender: Female; Age: Aged 35-39; measure: Claimants as a proportion of economically active residents aged 16+; measures: Value","Benefit: Total (all UC and JSA claimants); Gender: Female; Age: Aged 35-39; measure: Claimants as a proportion of the workforce; measures: Value","Benefit: Total (all UC and JSA claimants); Gender: Female; Age: Aged 40-44; measure: Claimant count; measures: Value","Benefit: Total (all UC and JSA claimants); Gender: Female; Age: Aged 40-44; measure: Claimants as a proportion of residents aged 16-64; measures: Value","Benefit: Total (all UC and JSA claimants); Gender: Female; Age: Aged 40-44; measure: Claimants as a proportion of economically active residents aged 16+; measures: Value","Benefit: Total (all UC and JSA claimants); Gender: Female; Age: Aged 40-44; measure: Claimants as a proportion of the workforce; measures: Value","Benefit: Total (all UC and JSA claimants); Gender: Female; Age: Aged 45-49; measure: Claimant count; measures: Value","Benefit: Total (all UC and JSA claimants); Gender: Female; Age: Aged 45-49; measure: Claimants as a proportion of residents aged 16-64; measures: Value","Benefit: Total (all UC and JSA claimants); Gender: Female; Age: Aged 45-49; measure: Claimants as a proportion of economically active residents aged 16+; measures: Value","Benefit: Total (all UC and JSA claimants); Gender: Female; Age: Aged 45-49; measure: Claimants as a proportion of the workforce; measures: Value","Benefit: Total (all UC and JSA claimants); Gender: Female; Age: Aged 50+; measure: Claimant count; measures: Value","Benefit: Total (all UC and JSA claimants); Gender: Female; Age: Aged 50+; measure: Claimants as a proportion of residents aged 16-64; measures: Value","Benefit: Total (all UC and JSA claimants); Gender: Female; Age: Aged 50+; measure: Claimants as a proportion of economically active residents aged 16+; measures: Value","Benefit: Total (all UC and JSA claimants); Gender: Female; Age: Aged 50+; measure: Claimants as a proportion of the workforce; measures: Value","Benefit: Total (all UC and JSA claimants); Gender: Female; Age: Aged 50-54; measure: Claimant count; measures: Value","Benefit: Total (all UC and JSA claimants); Gender: Female; Age: Aged 50-54; measure: Claimants as a proportion of residents aged 16-64; measures: Value","Benefit: Total (all UC and JSA claimants); Gender: Female; Age: Aged 50-54; measure: Claimants as a proportion of economically active residents aged 16+; measures: Value","Benefit: Total (all UC and JSA claimants); Gender: Female; Age: Aged 50-54; measure: Claimants as a proportion of the workforce; measures: Value","Benefit: Total (all UC and JSA claimants); Gender: Female; Age: Aged 55-59; measure: Claimant count; measures: Value","Benefit: Total (all UC and JSA claimants); Gender: Female; Age: Aged 55-59; measure: Claimants as a proportion of residents aged 16-64; measures: Value","Benefit: Total (all UC and JSA claimants); Gender: Female; Age: Aged 55-59; measure: Claimants as a proportion of economically active residents aged 16+; measures: Value","Benefit: Total (all UC and JSA claimants); Gender: Female; Age: Aged 55-59; measure: Claimants as a proportion of the workforce; measures: Value","Benefit: Total (all UC and JSA claimants); Gender: Female; Age: Aged 60-64; measure: Claimant count; measures: Value","Benefit: Total (all UC and JSA claimants); Gender: Female; Age: Aged 60-64; measure: Claimants as a proportion of residents aged 16-64; measures: Value","Benefit: Total (all UC and JSA claimants); Gender: Female; Age: Aged 60-64; measure: Claimants as a proportion of economically active residents aged 16+; measures: Value","Benefit: Total (all UC and JSA claimants); Gender: Female; Age: Aged 60-64; measure: Claimants as a proportion of the workforce; measures: Value","Benefit: Total (all UC and JSA claimants); Gender: Female; Age: Aged 65+; measure: Claimant count; measures: Value","Benefit: Total (all UC and JSA claimants); Gender: Female; Age: Aged 65+; measure: Claimants as a proportion of residents aged 16-64; measures: Value","Benefit: Total (all UC and JSA claimants); Gender: Female; Age: Aged 65+; measure: Claimants as a proportion of economically active residents aged 16+; measures: Value","Benefit: Total (all UC and JSA claimants); Gender: Female; Age: Aged 65+; measure: Claimants as a proportion of the workforce; measures: Value"
"Apr 2026","Darlington","E06000005",2550,3.7,4.8,,0,,,,555,,,,5,,,,550,,,,325,,,,1440,,,,320,,,,290,,,,290,,,,305,,,,235,,,,555,,,,175,,,,195,,,,150,,,,40,,,,1515,4.5,,,0,,,,350,,,,5,,,,345,,,,195,,,,840,,,,200,,,,175,,,,150,,,,170,,,,140,,,,325,,,,100,,,,110,,,,90,,,,25,,,,1035,3.0,,,0,,,,205,,,,0,,,,205,,,,130,,,,600,,,,120,,,,115,,,,135,,,,135,,,,95,,,,230,,,,75,,,,80,,,,60,,,,15,,,
"Apr 2026","County Durham","E06000047",10420,3.1,4.0,,0,,,,2590,,,,35,,,,2555,,,,1665,,,,5655,,,,1260,,,,1270,,,,1210,,,,1150,,,,765,,,,2180,,,,695,,,,695,,,,630,,,,160,,,,6135,3.8,,,0,,,,1595,,,,15,,,,1585,,,,995,,,,3270,,,,795,,,,715,,,,690,,,,640,,,,440,,,,1270,,,,375,,,,415,,,,370,,,,105,,,,4285,2.5,,,0,,,,990,,,,20,,,,970,,,,670,,,,2385,,,,470,,,,555,,,,520,,,,515,,,,325,,,,910,,,,320,,,,280,,,,260,,,,55,,,
"Apr 2026","Hartlepool","E06000001",2790,4.6,6.9,,0,,,,630,,,,10,,,,625,,,,395,,,,1540,,,,315,,,,355,,,,340,,,,310,,,,225,,,,615,,,,200,,,,175,,,,190,,,,55,,,,1670,5.7,,,0,,,,420,,,,5,,,,415,,,,260,,,,890,,,,190,,,,210,,,,185,,,,175,,,,125,,,,360,,,,110,,,,105,,,,110,,,,35,,,,1120,3.7,,,0,,,,215,,,,5,,,,210,,,,140,,,,650,,,,125,,,,140,,,,155,,,,130,,,,100,,,,255,,,,90,,,,65,,,,80,,,,20,,,
"Apr 2026","Middlesbrough","E06000002",5130,5.2,7.7,,0,,,,1080,,,,5,,,,1075,,,,685,,,,3065,,,,645,,,,620,,,,705,,,,625,,,,470,,,,985,,,,370,,,,290,,,,255,,,,70,,,,3130,6.3,,,0,,,,715,,,,5,,,,710,,,,440,,,,1790,,,,425,,,,375,,,,400,,,,320,,,,265,,,,625,,,,230,,,,175,,,,165,,,,50,,,,2000,4.1,,,0,,,,365,,,,0,,,,365,,,,245,,,,1275,,,,220,,,,245,,,,305,,,,305,,,,200,,,,355,,,,140,,,,110,,,,85,,,,20,,,
"Apr 2026","Northumberland","E06000057",5600,2.9,3.9,,0,,,,1320,,,,15,,,,1305,,,,880,,,,2935,,,,630,,,,625,,,,615,,,,605,,,,455,,,,1345,,,,440,,,,415,,,,395,,,,100,,,,3290,3.5,,,0,,,,850,,,,10,,,,840,,,,545,,,,1650,,,,405,,,,340,,,,335,,,,330,,,,240,,,,790,,,,260,,,,240,,,,230,,,,60,,,,2310,2.4,,,0,,,,470,,,,10,,,,465,,,,335,,,,1285,,,,225,,,,285,,,,280,,,,280,,,,215,,,,555,,,,180,,,,175,,,,165,,,,35,,,
"Apr 2026","Redcar and Cleveland","E06000003",3110,3.8,5.1,,0,,,,705,,,,5,,,,695,,,,455,,,,1700,,,,345,,,,370,,,,370,,,,365,,,,250,,,,705,,,,230,,,,230,,,,205,,,,35,,,,1890,4.7,,,0,,,,460,,,,5,,,,455,,,,290,,,,995,,,,220,,,,230,,,,220,,,,195,,,,140,,,,435,,,,145,,,,135,,,,125,,,,25,,,,1220,2.9,,,0,,,,245,,,,5,,,,240,,,,165,,,,705,,,,130,,,,140,,,,155,,,,175,,,,110,,,,270,,,,85,,,,95,,,,80,,,,10,,,
"Apr 2026","Stockton-on-Tees","E06000004",4860,3.8,5.2,,0,,,,1205,,,,15,,,,1190,,,,755,,,,2705,,,,610,,,,535,,,,605,,,,535,,,,420,,,,955,,,,330,,,,295,,,,275,,,,55,,,,2990,4.7,,,0,,,,770,,,,5,,,,765,,,,460,,,,1640,,,,430,,,,320,,,,355,,,,290,,,,245,,,,580,,,,190,,,,185,,,,170,,,,35,,,,1875,3.0,,,0,,,,435,,,,10,,,,425,,,,295,,,,1065,,,,180,,,,215,,,,250,,,,245,,,,175,,,,375,,,,140,,,,110,,,,105,,,,20,,,
"Apr 2026","Gateshead","E08000037",5065,4.0,5.1,,0,,,,1055,,,,10,,,,1045,,,,625,,,,2960,,,,600,,,,590,,,,650,,,,640,,,,475,,,,1050,,,,345,,,,315,,,,320,,,,75,,,,2940,4.6,,,0,,,,645,,,,5,,,,645,,,,385,,,,1665,,,,375,,,,315,,,,370,,,,335,,,,275,,,,630,,,,210,,,,185,,,,185,,,,45,,,,2125,3.4,,,0,,,,410,,,,5,,,,405,,,,240,,,,1290,,,,225,,,,280,,,,280,,,,305,,,,200,,,,425,,,,135,,,,125,,,,135,,,,30,,,
"Apr 2026","Newcastle upon Tyne","E08000021",8815,4.0,6.0,,0,,,,1730,,,,15,,,,1715,,,,1035,,,,5475,,,,1150,,,,1160,,,,1260,,,,1075,,,,830,,,,1610,,,,610,,,,465,,,,430,,,,105,,,,5350,4.9,,,0,,,,1155,,,,10,,,,1145,,,,680,,,,3195,,,,745,,,,680,,,,715,,,,590,,,,465,,,,995,,,,365,,,,285,,,,270,,,,80,,,,3465,3.1,,,0,,,,575,,,,5,,,,570,,,,360,,,,2275,,,,405,,,,475,,,,545,,,,485,,,,365,,,,615,,,,250,,,,180,,,,160,,,,25,,,
"Apr 2026","North Tyneside","E08000022",4445,3.4,4.4,,0,,,,1065,,,,15,,,,1050,,,,655,,,,2360,,,,515,,,,475,,,,525,,,,455,,,,385,,,,1020,,,,330,,,,310,,,,305,,,,75,,,,2695,4.2,,,0,,,,715,,,,10,,,,710,,,,420,,,,1375,,,,330,,,,275,,,,305,,,,235,,,,230,,,,605,,,,185,,,,190,,,,185,,,,45,,,,1750,2.6,,,0,,,,350,,,,5,,,,345,,,,235,,,,985,,,,185,,,,200,,,,225,,,,220,,,,155,,,,415,,,,140,,,,120,,,,120,,,,30,,,
"Apr 2026","South Tyneside","E08000023",4515,4.9,6.9,,0,,,,950,,,,5,,,,945,,,,605,,,,2560,,,,540,,,,495,,,,630,,,,490,,,,405,,,,1000,,,,285,,,,325,,,,315,,,,75,,,,2590,5.7,,,0,,,,580,,,,5,,,,575,,,,360,,,,1415,,,,340,,,,270,,,,330,,,,265,,,,210,,,,595,,,,155,,,,190,,,,205,,,,45,,,,1920,4.1,,,0,,,,370,,,,0,,,,370,,,,250,,,,1145,,,,200,,,,225,,,,295,,,,225,,,,200,,,,405,,,,130,,,,140,,,,105,,,,30,,,
"Apr 2026","Sunderland","E08000024",6825,3.8,5.2,,0,,,,1570,,,,10,,,,1560,,,,1005,,,,3755,,,,845,,,,780,,,,815,,,,775,,,,535,,,,1505,,,,480,,,,455,,,,465,,,,100,,,,4060,4.6,,,0,,,,980,,,,5,,,,975,,,,610,,,,2180,,,,525,,,,475,,,,465,,,,425,,,,290,,,,905,,,,280,,,,285,,,,275,,,,70,,,,2765,3.0,,,0,,,,590,,,,5,,,,585,,,,395,,,,1575,,,,320,,,,305,,,,350,,,,350,,,,250,,,,600,,,,200,,,,175,,,,190,,,,30,,,
"Apr 2026","Blackburn with Darwen","E06000008",5585,5.4,8.6,,0,,,,1250,,,,10,,,,1240,,,,780,,,,3215,,,,605,,,,580,,,,720,,,,735,,,,565,,,,1120,,,,440,,,,355,,,,250,,,,75,,,,3240,6.3,,,0,,,,765,,,,5,,,,760,,,,480,,,,1815,,,,395,,,,360,,,,385,,,,370,,,,310,,,,655,,,,240,,,,205,,,,155,,,,55,,,,2345,4.6,,,0,,,,485,,,,5,,,,475,,,,300,,,,1395,,,,210,,,,220,,,,340,,,,365,,,,260,,,,465,,,,200,,,,145,,,,100,,,,20,,,
"Apr 2026","Blackpool","E06000009",5495,6.2,8.6,,0,,,,1215,,,,15,,,,1200,,,,755,,,,3060,,,,650,,,,655,,,,720,,,,585,,,,450,,,,1220,,,,375,,,,420,,,,340,,,,90,,,,3440,7.7,,,0,,,,775,,,,10,,,,770,,,,470,,,,1850,,,,405,,,,395,,,,430,,,,355,,,,265,,,,815,,,,235,,,,295,,,,225,,,,60,,,,2055,4.7,,,0,,,,435,,,,5,,,,430,,,,285,,,,1215,,,,245,,,,260,,,,290,,,,230,,,,185,,,,405,,,,140,,,,125,,,,115,,,,30,,,
"Apr 2026","Cheshire East","E06000049",5970,2.4,3.1,,0,,,,1255,,,,10,,,,1240,,,,780,,,,3350,,,,715,,,,715,,,,735,,,,670,,,,520,,,,1365,,,,465,,,,415,,,,400,,,,85,,,,3350,2.7,,,0,,,,785,,,,5,,,,780,,,,480,,,,1780,,,,435,,,,375,,,,380,,,,330,,,,260,,,,785,,,,250,,,,250,,,,235,,,,50,,,,2620,2.0,,,0,,,,465,,,,5,,,,460,,,,300,,,,1570,,,,280,,,,340,,,,355,,,,335,,,,260,,,,580,,,,220,,,,165,,,,165,,,,35,,,
"Apr 2026","Cheshire West and Chester","E06000050",6015,2.6,3.2,,0,,,,1310,,,,15,,,,1295,,,,820,,,,3410,,,,730,,,,735,,,,790,,,,645,,,,510,,,,1295,,,,465,,,,350,,,,385,,,,90,,,,3530,3.1,,,0,,,,810,,,,5,,,,805,,,,500,,,,1990,,,,480,,,,430,,,,445,,,,350,,,,280,,,,730,,,,260,,,,190,,,,225,,,,55,,,,2485,2.1,,,0,,,,500,,,,10,,,,490,,,,320,,,,1420,,,,245,,,,305,,,,345,,,,300,,,,230,,,,565,,,,205,,,,160,,,,160,,,,40,,,
"Apr 2026","Halton","E06000006",3535,4.3,5.6,,0,,,,880,,,,5,,,,875,,,,570,,,,1995,,,,480,,,,450,,,,445,,,,360,,,,255,,,,660,,,,235,,,,215,,,,160,,,,55,,,,2060,5.1,,,0,,,,530,,,,5,,,,525,,,,335,,,,1145,,,,290,,,,260,,,,250,,,,190,,,,155,,,,385,,,,140,,,,115,,,,90,,,,35,,,,1480,3.6,,,0,,,,355,,,,0,,,,350,,,,235,,,,850,,,,190,,,,195,,,,195,,,,170,,,,105,,,,275,,,,95,,,,95,,,,65,,,,20,,,
"Apr 2026","Warrington","E06000007",3595,2.7,3.4,,0,,,,810,,,,15,,,,795,,,,485,,,,2015,,,,410,,,,405,,,,430,,,,450,,,,320,,,,770,,,,260,,,,235,,,,220,,,,55,,,,2165,3.2,,,0,,,,505,,,,5,,,,500,,,,305,,,,1170,,,,255,,,,245,,,,240,,,,250,,,,185,,,,485,,,,150,,,,150,,,,150,,,,30,,,,1430,2.1,,,0,,,,300,,,,10,,,,290,,,,175,,,,840,,,,155,,,,160,,,,190,,,,200,,,,135,,,,285,,,,110,,,,85,,,,70,,,,25,,,
"Apr 2026","Allerdale","E07000026",1500,,3.4,,0,,,,305,,,,5,,,,305,,,,195,,,,845,,,,190,,,,205,,,,175,,,,170,,,,105,,,,345,,,,115,,,,100,,,,110,,,,25,,,,830,,,,0,,,,205,,,,0,,,,205,,,,130,,,,450,,,,110,,,,120,,,,90,,,,85,,,,45,,,,175,,,,60,,,,55,,,,50,,,,10,,,,670,,,,0,,,,100,,,,0,,,,100,,,,70,,,,395,,,,85,,,,85,,,,85,,,,80,,,,60,,,,175,,,,55,,,,40,,,,60,,,,15,,,
"Apr 2026","Barrow-in-Furness","E07000027",1085,,3.5,,0,,,,245,,,,0,,,,245,,,,170,,,,645,,,,145,,,,155,,,,145,,,,115,,,,80,,,,195,,,,70,,,,60,,,,45,,,,20,,,,690,,,,0,,,,165,,,,0,,,,165,,,,120,,,,400,,,,95,,,,95,,,,95,,,,70,,,,40,,,,125,,,,45,,,,40,,,,30,,,,15,,,,390,,,,0,,,,80,,,,0,,,,80,,,,50,,,,245,,,,50,,,,60,,,,50,,,,40,,,,40,,,,65,,,,25,,,,20,,,,20,,,,5,,,
"Apr 2026","Carlisle","E07000028",1740,,3.0,,0,,,,285,,,,5,,,,285,,,,170,,,,1070,,,,195,,,,225,,,,275,,,,215,,,,160,,,,385,,,,100,,,,125,,,,125,,,,30,,,,975,,,,0,,,,165,,,,0,,,,165,,,,85,,,,585,,,,110,,,,120,,,,130,,,,120,,,,100,,,,225,,,,65,,,,75,,,,65,,,,15,,,,765,,,,0,,,,120,,,,0,,,,120,,,,80,,,,485,,,,80,,,,105,,,,145,,,,95,,,,60,,,,160,,,,35,,,,50,,,,60,,,,15,,,
"Apr 2026","Copeland","E07000029",1000,,2.8,,0,,,,260,,,,5,,,,255,,,,175,,,,500,,,,125,,,,100,,,,110,,,,95,,,,65,,,,240,,,,65,,,,70,,,,80,,,,20,,,,615,,,,0,,,,170,,,,0,,,,170,,,,110,,,,295,,,,85,,,,55,,,,70,,,,55,,,,30,,,,150,,,,40,,,,50,,,,45,,,,15,,,,385,,,,0,,,,90,,,,5,,,,85,,,,65,,,,205,,,,45,,,,45,,,,40,,,,45,,,,30,,,,90,,,,25,,,,25,,,,30,,,,10,,,
"Apr 2026","Eden","E07000030",545,,2.2,,0,,,,75,,,,0,,,,75,,,,45,,,,320,,,,50,,,,70,,,,75,,,,75,,,,55,,,,145,,,,45,,,,50,,,,35,,,,10,,,,275,,,,0,,,,40,,,,0,,,,40,,,,20,,,,155,,,,25,,,,35,,,,40,,,,30,,,,25,,,,75,,,,25,,,,25,,,,20,,,,10,,,,270,,,,0,,,,35,,,,0,,,,35,,,,25,,,,165,,,,25,,,,30,,,,35,,,,45,,,,30,,,,70,,,,25,,,,25,,,,15,,,,5,,,
"Apr 2026","South Lakeland","E07000031",845,,1.6,,0,,,,125,,,,0,,,,125,,,,75,,,,480,,,,95,,,,85,,,,115,,,,115,,,,70,,,,240,,,,65,,,,75,,,,75,,,,20,,,,450,,,,0,,,,70,,,,0,,,,70,,,,35,,,,255,,,,45,,,,50,,,,60,,,,60,,,,35,,,,125,,,,30,,,,50,,,,30,,,,15,,,,395,,,,0,,,,60,,,,0,,,,60,,,,35,,,,225,,,,50,,,,35,,,,55,,,,50,,,,35,,,,110,,,,35,,,,25,,,,45,,,,10,,,
"Apr 2026","Bolton","E08000001",10175,5.3,7.8,,0,,,,1900,,,,20,,,,1880,,,,1150,,,,6160,,,,1160,,,,1135,,,,1440,,,,1330,,,,1100,,,,2115,,,,790,,,,645,,,,535,,,,145,,,,5840,6.1,,,0,,,,1200,,,,15,,,,1185,,,,715,,,,3360,,,,720,,,,645,,,,780,,,,660,,,,555,,,,1280,,,,455,,,,405,,,,315,,,,105,,,,4330,4.5,,,0,,,,700,,,,10,,,,690,,,,440,,,,2800,,,,440,,,,485,,,,660,,,,665,,,,545,,,,835,,,,330,,,,240,,,,220,,,,40,,,
"Apr 2026","Bury","E08000002",5420,4.4,5.9,,0,,,,1125,,,,10,,,,1115,,,,645,,,,3195,,,,635,,,,650,,,,720,,,,645,,,,550,,,,1095,,,,425,,,,310,,,,295,,,,65,,,,3210,5.2,,,0,,,,730,,,,5,,,,720,,,,415,,,,1830,,,,400,,,,375,,,,415,,,,340,,,,300,,,,650,,,,250,,,,190,,,,170,,,,45,,,,2210,3.6,,,0,,,,400,,,,5,,,,395,,,,230,,,,1365,,,,230,,,,275,,,,305,,,,305,,,,255,,,,445,,,,175,,,,125,,,,125,,,,20,,,
"Apr 2026","Manchester","E08000003",25420,6.1,8.0,,0,,,,5065,,,,35,,,,5035,,,,2860,,,,15525,,,,3560,,,,3145,,,,3280,,,,2995,,,,2545,,,,4830,,,,1840,,,,1540,,,,1155,,,,290,,,,15070,7.2,,,0,,,,3210,,,,20,,,,3190,,,,1805,,,,8895,,,,2350,,,,1910,,,,1800,,,,1540,,,,1290,,,,2970,,,,1055,,,,970,,,,740,,,,205,,,,10345,5.0,,,0,,,,1860,,,,15,,,,1845,,,,1055,,,,6630,,,,1210,,,,1235,,,,1480,,,,1450,,,,1255,,,,1860,,,,790,,,,570,,,,415,,,,85,,,
"Apr 2026","Oldham","E08000004",10285,6.6,9.5,,0,,,,2075,,,,5,,,,2065,,,,1175,,,,6310,,,,1280,,,,1200,,,,1365,,,,1335,,,,1125,,,,1905,,,,790,,,,610,,,,390,,,,115,,,,5835,7.6,,,0,,,,1275,,,,5,,,,1275,,,,705,,,,3405,,,,825,,,,675,,,,695,,,,645,,,,560,,,,1155,,,,435,,,,385,,,,255,,,,80,,,,4455,5.7,,,0,,,,795,,,,5,,,,795,,,,470,,,,2905,,,,455,,,,520,,,,670,,,,695,,,,565,,,,750,,,,355,,,,225,,,,135,,,,35,,,
"Apr 2026","Rochdale","E08000005",8750,6.0,8.6,,0,,,,1745,,,,10,,,,1735,,,,1070,,,,5270,,,,985,,,,1020,,,,1205,,,,1120,,,,935,,,,1740,,,,680,,,,550,,,,415,,,,95,,,,4905,6.8,,,0,,,,1130,,,,5,,,,1125,,,,680,,,,2740,,,,595,,,,575,,,,580,,,,545,,,,450,,,,1035,,,,395,,,,325,,,,250,,,,65,,,,3850,5.2,,,0,,,,615,,,,5,,,,610,,,,395,,,,2530,,,,395,,,,445,,,,630,,,,575,,,,485,,,,705,,,,285,,,,220,,,,165,,,,30,,,
"Apr 2026","Salford","E08000006",10040,5.0,7.8,,0,,,,2060,,,,15,,,,2045,,,,1195,,,,6385,,,,1510,,,,1545,,,,1375,,,,1150,,,,810,,,,1595,,,,620,,,,485,,,,420,,,,70,,,,6025,5.9,,,0,,,,1255,,,,5,,,,1250,,,,720,,,,3780,,,,945,,,,945,,,,790,,,,645,,,,455,,,,990,,,,370,,,,300,,,,270,,,,50,,,,4015,4.1,,,0,,,,805,,,,10,,,,795,,,,475,,,,2605,,,,565,,,,600,,,,585,,,,505,,,,350,,,,605,,,,245,,,,185,,,,150,,,,25,,,
"Apr 2026","Stockport","E08000007",5595,3.0,3.8,,0,,,,1280,,,,20,,,,1260,,,,810,,,,3240,,,,660,,,,705,,,,755,,,,610,,,,510,,,,1075,,,,410,,,,325,,,,275,,,,60,,,,3300,3.6,,,0,,,,785,,,,10,,,,780,,,,500,,,,1865,,,,400,,,,430,,,,415,,,,315,,,,300,,,,650,,,,245,,,,200,,,,165,,,,40,,,,2295,2.5,,,0,,,,495,,,,10,,,,485,,,,310,,,,1375,,,,255,,,,275,,,,340,,,,295,,,,210,,,,425,,,,165,,,,125,,,,110,,,,20,,,
"Apr 2026","Tameside","E08000008",7270,4.8,6.6,,0,,,,1575,,,,10,,,,1565,,,,1010,,,,4310,,,,965,,,,875,,,,1005,,,,810,,,,660,,,,1390,,,,480,,,,440,,,,355,,,,115,,,,4260,5.7,,,0,,,,995,,,,5,,,,990,,,,645,,,,2430,,,,615,,,,505,,,,565,,,,395,,,,355,,,,840,,,,260,,,,275,,,,230,,,,75,,,,3010,4.0,,,0,,,,580,,,,5,,,,575,,,,365,,,,1880,,,,350,,,,370,,,,440,,,,415,,,,305,,,,550,,,,220,,,,165,,,,125,,,,40,,,
"Apr 2026","Trafford","E08000009",4435,3.0,3.4,,0,,,,865,,,,10,,,,855,,,,505,,,,2555,,,,530,,,,505,,,,540,,,,510,,,,470,,,,1010,,,,355,,,,335,,,,265,,,,60,,,,2480,3.4,,,0,,,,525,,,,5,,,,520,,,,305,,,,1380,,,,335,,,,295,,,,270,,,,240,,,,240,,,,575,,,,200,,,,190,,,,150,,,,35,,,,1950,2.6,,,0,,,,340,,,,5,,,,335,,,,200,,,,1175,,,,195,,,,210,,,,270,,,,270,,,,230,,,,440,,,,150,,,,145,,,,115,,,,25,,,
"Apr 2026","Wigan","E08000010",7900,3.7,5.0,,0,,,,1720,,,,20,,,,1705,,,,1015,,,,4555,,,,970,,,,935,,,,1080,,,,875,,,,695,,,,1620,,,,560,,,,500,,,,455,,,,110,,,,4695,4.4,,,0,,,,1070,,,,10,,,,1060,,,,605,,,,2650,,,,650,,,,515,,,,600,,,,465,,,,420,,,,975,,,,330,,,,300,,,,275,,,,70,,,,3205,3.0,,,0,,,,650,,,,10,,,,640,,,,410,,,,1905,,,,320,,,,415,,,,485,,,,410,,,,275,,,,650,,,,230,,,,200,,,,180,,,,35,,,
"Apr 2026","Burnley","E07000117",3585,5.9,8.6,,0,,,,750,,,,10,,,,740,,,,450,,,,2125,,,,440,,,,465,,,,480,,,,390,,,,355,,,,710,,,,275,,,,210,,,,180,,,,40,,,,2120,6.9,,,0,,,,470,,,,5,,,,465,,,,270,,,,1220,,,,290,,,,285,,,,260,,,,195,,,,195,,,,425,,,,160,,,,130,,,,110,,,,30,,,,1470,4.8,,,0,,,,285,,,,5,,,,275,,,,180,,,,905,,,,155,,,,180,,,,215,,,,195,,,,160,,,,280,,,,110,,,,85,,,,70,,,,15,,,
"Apr 2026","Chorley","E07000118",1800,2.4,2.8,,0,,,,410,,,,5,,,,405,,,,260,,,,960,,,,225,,,,200,,,,220,,,,170,,,,140,,,,425,,,,130,,,,145,,,,120,,,,35,,,,1035,2.8,,,0,,,,250,,,,0,,,,250,,,,160,,,,515,,,,135,,,,110,,,,110,,,,80,,,,75,,,,270,,,,80,,,,100,,,,70,,,,20,,,,765,2.1,,,0,,,,160,,,,5,,,,155,,,,100,,,,450,,,,90,,,,90,,,,110,,,,95,,,,65,,,,155,,,,50,,,,45,,,,50,,,,15,,,
"Apr 2026","Fylde","E07000119",1365,2.8,3.8,,0,,,,270,,,,0,,,,270,,,,170,,,,725,,,,150,,,,140,,,,160,,,,145,,,,130,,,,370,,,,130,,,,110,,,,105,,,,25,,,,790,3.3,,,0,,,,165,,,,0,,,,165,,,,100,,,,400,,,,95,,,,80,,,,80,,,,80,,,,65,,,,225,,,,75,,,,65,,,,65,,,,20,,,,575,2.4,,,0,,,,105,,,,0,,,,105,,,,70,,,,325,,,,60,,,,60,,,,80,,,,65,,,,65,,,,145,,,,55,,,,40,,,,40,,,,10,,,
"Apr 2026","Hyndburn","E07000120",2930,5.5,8.1,,0,,,,665,,,,10,,,,660,,,,415,,,,1700,,,,370,,,,345,,,,415,,,,330,,,,240,,,,560,,,,200,,,,190,,,,135,,,,35,,,,1765,6.6,,,0,,,,405,,,,0,,,,405,,,,240,,,,1020,,,,240,,,,205,,,,255,,,,195,,,,130,,,,335,,,,125,,,,105,,,,75,,,,25,,,,1165,4.4,,,0,,,,260,,,,5,,,,255,,,,170,,,,680,,,,125,,,,140,,,,165,,,,140,,,,110,,,,225,,,,75,,,,85,,,,60,,,,10,,,
"Apr 2026","Lancaster","E07000121",2685,2.9,3.6,,0,,,,595,,,,5,,,,585,,,,350,,,,1545,,,,385,,,,325,,,,310,,,,315,,,,215,,,,545,,,,165,,,,185,,,,160,,,,35,,,,1570,3.4,,,0,,,,350,,,,5,,,,345,,,,200,,,,875,,,,240,,,,195,,,,160,,,,170,,,,115,,,,345,,,,100,,,,120,,,,100,,,,25,,,,1115,2.4,,,0,,,,245,,,,0,,,,245,,,,150,,,,670,,,,145,,,,130,,,,150,,,,145,,,,100,,,,200,,,,65,,,,60,,,,60,,,,10,,,
"Apr 2026","Pendle","E07000122",3585,6.0,7.8,,0,,,,655,,,,15,,,,640,,,,395,,,,2190,,,,410,,,,395,,,,465,,,,495,,,,425,,,,740,,,,280,,,,225,,,,175,,,,60,,,,2030,6.7,,,0,,,,390,,,,5,,,,385,,,,235,,,,1200,,,,270,,,,235,,,,250,,,,245,,,,205,,,,440,,,,155,,,,130,,,,110,,,,40,,,,1555,5.2,,,0,,,,265,,,,10,,,,255,,,,155,,,,990,,,,140,,,,160,,,,215,,,,250,,,,225,,,,300,,,,125,,,,95,,,,65,,,,15,,,
"Apr 2026","Preston","E07000123",4905,4.6,6.7,,0,,,,990,,,,15,,,,975,,,,605,,,,3025,,,,655,,,,625,,,,710,,,,570,,,,465,,,,890,,,,360,,,,260,,,,220,,,,50,,,,2900,5.3,,,0,,,,615,,,,5,,,,610,,,,385,,,,1735,,,,425,,,,350,,,,380,,,,315,,,,265,,,,550,,,,215,,,,170,,,,125,,,,35,,,,2005,3.8,,,0,,,,375,,,,10,,,,365,,,,220,,,,1285,,,,230,,,,275,,,,330,,,,260,,,,195,,,,345,,,,145,,,,85,,,,95,,,,20,,,
"Apr 2026","Ribble Valley","E07000124",675,1.7,2.3,,0,,,,120,,,,0,,,,120,,,,70,,,,370,,,,75,,,,75,,,,80,,,,75,,,,65,,,,185,,,,65,,,,65,,,,40,,,,15,,,,385,2.0,,,0,,,,75,,,,0,,,,75,,,,45,,,,205,,,,50,,,,40,,,,45,,,,35,,,,30,,,,100,,,,35,,,,35,,,,20,,,,10,,,,295,1.5,,,0,,,,45,,,,0,,,,45,,,,25,,,,165,,,,25,,,,35,,,,35,,,,35,,,,35,,,,85,,,,25,,,,30,,,,20,,,,5,,,
"Apr 2026","Rossendale","E07000125",1745,3.9,5.1,,0,,,,375,,,,5,,,,370,,,,235,,,,1000,,,,205,,,,225,,,,245,,,,195,,,,130,,,,370,,,,130,,,,115,,,,95,,,,25,,,,1005,4.5,,,0,,,,235,,,,5,,,,230,,,,145,,,,550,,,,125,,,,140,,,,110,,,,110,,,,65,,,,220,,,,80,,,,65,,,,60,,,,15,,,,740,3.2,,,0,,,,140,,,,0,,,,140,,,,90,,,,450,,,,80,,,,85,,,,130,,,,90,,,,65,,,,150,,,,50,,,,50,,,,35,,,,10,,,
"Apr 2026","South Ribble","E07000126",1750,2.5,3.1,,0,,,,410,,,,5,,,,410,,,,245,,,,980,,,,225,,,,220,,,,230,,,,185,,,,125,,,,355,,,,120,,,,110,,,,105,,,,20,,,,1015,2.9,,,0,,,,245,,,,0,,,,245,,,,145,,,,555,,,,155,,,,125,,,,115,,,,95,,,,65,,,,215,,,,70,,,,65,,,,65,,,,15,,,,735,2.1,,,0,,,,165,,,,5,,,,165,,,,100,,,,430,,,,70,,,,95,,,,115,,,,90,,,,60,,,,140,,,,50,,,,45,,,,40,,,,5,,,
"Apr 2026","West Lancashire","E07000127",2130,2.8,3.4,,0,,,,515,,,,5,,,,515,,,,325,,,,1145,,,,245,,,,230,,,,270,,,,220,,,,175,,,,465,,,,155,,,,150,,,,135,,,,25,,,,1270,3.5,,,0,,,,335,,,,0,,,,330,,,,205,,,,650,,,,150,,,,120,,,,150,,,,115,,,,110,,,,285,,,,95,,,,95,,,,80,,,,10,,,,860,2.2,,,0,,,,185,,,,0,,,,180,,,,120,,,,495,,,,95,,,,110,,,,120,,,,105,,,,65,,,,180,,,,60,,,,55,,,,55,,,,15,,,
"Apr 2026","Wyre","E07000128",1955,2.9,3.8,,0,,,,450,,,,0,,,,450,,,,285,,,,1035,,,,205,,,,245,,,,230,,,,205,,,,155,,,,465,,,,140,,,,145,,,,150,,,,35,,,,1125,3.4,,,0,,,,275,,,,0,,,,275,,,,180,,,,580,,,,140,,,,125,,,,130,,,,105,,,,80,,,,275,,,,80,,,,90,,,,85,,,,20,,,,830,2.4,,,0,,,,180,,,,0,,,,180,,,,105,,,,460,,,,70,,,,115,,,,100,,,,100,,,,70,,,,195,,,,60,,,,55,,,,65,,,,15,,,
"Apr 2026","Knowsley","E08000011",4390,4.3,6.0,,0,,,,1005,,,,10,,,,995,,,,655,,,,2540,,,,530,,,,545,,,,595,,,,505,,,,365,,,,845,,,,290,,,,250,,,,250,,,,55,,,,2515,5.2,,,0,,,,615,,,,0,,,,615,,,,390,,,,1385,,,,325,,,,290,,,,315,,,,260,,,,200,,,,515,,,,170,,,,150,,,,150,,,,40,,,,1875,3.5,,,0,,,,390,,,,5,,,,380,,,,265,,,,1155,,,,205,,,,255,,,,280,,,,245,,,,165,,,,335,,,,120,,,,95,,,,100,,,,15,,,
"Apr 2026","Liverpool","E08000012",19475,5.7,7.5,,0,,,,4095,,,,25,,,,4070,,,,2415,,,,12085,,,,2890,,,,2555,,,,2690,,,,2250,,,,1700,,,,3295,,,,1245,,,,1020,,,,835,,,,195,,,,12295,7.3,,,0,,,,2665,,,,15,,,,2650,,,,1595,,,,7520,,,,1930,,,,1610,,,,1640,,,,1305,,,,1040,,,,2105,,,,790,,,,660,,,,525,,,,130,,,,7180,4.1,,,0,,,,1430,,,,10,,,,1420,,,,820,,,,4565,,,,965,,,,945,,,,1050,,,,945,,,,660,,,,1185,,,,455,,,,355,,,,310,,,,65,,,
"Apr 2026","Sefton","E08000014",6480,3.8,4.8,,0,,,,1360,,,,15,,,,1345,,,,850,,,,3685,,,,780,,,,740,,,,850,,,,740,,,,575,,,,1435,,,,480,,,,455,,,,400,,,,100,,,,3840,4.6,,,0,,,,820,,,,5,,,,815,,,,505,,,,2125,,,,500,,,,430,,,,470,,,,395,,,,325,,,,895,,,,305,,,,285,,,,235,,,,65,,,,2635,3.1,,,0,,,,540,,,,10,,,,530,,,,345,,,,1560,,,,280,,,,305,,,,380,,,,345,,,,250,,,,540,,,,175,,,,170,,,,160,,,,30,,,
"Apr 2026","St. Helens","E08000013",4355,3.7,4.8,,0,,,,1025,,,,10,,,,1015,,,,635,,,,2500,,,,595,,,,550,,,,550,,,,470,,,,335,,,,830,,,,245,,,,285,,,,250,,,,50,,,,2575,4.4,,,0,,,,615,,,,0,,,,610,,,,380,,,,1465,,,,370,,,,330,,,,300,,,,270,,,,195,,,,495,,,,145,,,,165,,,,145,,,,40,,,,1780,3.0,,,0,,,,410,,,,5,,,,405,,,,255,,,,1030,,,,225,,,,220,,,,250,,,,195,,,,140,,,,340,,,,100,,,,120,,,,105,,,,10,,,
"Apr 2026","Wirral","E08000015",7005,3.6,4.5,,0,,,,1810,,,,25,,,,1785,,,,1130,,,,3830,,,,900,,,,815,,,,825,,,,720,,,,575,,,,1365,,,,465,,,,420,,,,380,,,,100,,,,4220,4.4,,,0,,,,1110,,,,10,,,,1100,,,,690,,,,2280,,,,580,,,,490,,,,475,,,,405,,,,335,,,,830,,,,295,,,,260,,,,210,,,,65,,,,2785,2.8,,,0,,,,700,,,,15,,,,685,,,,440,,,,1550,,,,320,,,,325,,,,350,,,,315,,,,240,,,,535,,,,165,,,,160,,,,170,,,,35,,,
"Apr 2026","East Riding of Yorkshire","E06000011",4885,2.4,3.0,,0,,,,1030,,,,15,,,,1015,,,,650,,,,2575,,,,515,,,,575,,,,520,,,,540,,,,420,,,,1280,,,,400,,,,375,,,,405,,,,100,,,,2665,2.6,,,0,,,,620,,,,10,,,,610,,,,380,,,,1325,,,,300,,,,300,,,,250,,,,270,,,,205,,,,720,,,,210,,,,215,,,,240,,,,60,,,,2220,2.1,,,0,,,,410,,,,5,,,,405,,,,265,,,,1250,,,,220,,,,280,,,,270,,,,270,,,,210,,,,560,,,,195,,,,160,,,,165,,,,40,,,
"Apr 2026","Kingston upon Hull, City of","E06000010",9545,5.4,7.8,,0,,,,2085,,,,35,,,,2050,,,,1325,,,,5450,,,,1175,,,,1205,,,,1225,,,,1080,,,,770,,,,2010,,,,650,,,,610,,,,615,,,,140,,,,5730,6.4,,,0,,,,1295,,,,20,,,,1275,,,,795,,,,3160,,,,755,,,,720,,,,650,,,,575,,,,455,,,,1275,,,,395,,,,405,,,,390,,,,85,,,,3820,4.4,,,0,,,,790,,,,15,,,,775,,,,535,,,,2295,,,,415,,,,485,,,,575,,,,510,,,,310,,,,735,,,,255,,,,205,,,,225,,,,55,,,
"Apr 2026","North East Lincolnshire","E06000012",4130,4.3,5.5,,0,,,,990,,,,5,,,,985,,,,625,,,,2290,,,,490,,,,490,,,,550,,,,415,,,,350,,,,850,,,,270,,,,285,,,,240,,,,55,,,,2355,5.0,,,0,,,,620,,,,0,,,,620,,,,385,,,,1230,,,,295,,,,265,,,,280,,,,210,,,,185,,,,500,,,,155,,,,170,,,,140,,,,30,,,,1780,3.7,,,0,,,,370,,,,5,,,,365,,,,240,,,,1060,,,,195,,,,220,,,,270,,,,210,,,,165,,,,350,,,,110,,,,115,,,,100,,,,25,,,
"Apr 2026","North Lincolnshire","E06000013",3615,3.6,4.3,,0,,,,815,,,,15,,,,800,,,,510,,,,2010,,,,410,,,,470,,,,475,,,,360,,,,295,,,,785,,,,255,,,,255,,,,205,,,,75,,,,2060,4.1,,,0,,,,510,,,,10,,,,500,,,,305,,,,1100,,,,245,,,,280,,,,240,,,,170,,,,170,,,,450,,,,135,,,,155,,,,115,,,,50,,,,1550,3.0,,,0,,,,305,,,,10,,,,295,,,,205,,,,910,,,,165,,,,190,,,,235,,,,190,,,,125,,,,335,,,,120,,,,100,,,,90,,,,25,,,
"Apr 2026","York","E06000014",2575,1.9,2.2,,0,,,,615,,,,10,,,,605,,,,345,,,,1415,,,,310,,,,280,,,,320,,,,265,,,,245,,,,545,,,,195,,,,150,,,,170,,,,30,,,,1455,2.2,,,0,,,,375,,,,5,,,,370,,,,200,,,,765,,,,180,,,,165,,,,160,,,,135,,,,125,,,,315,,,,100,,,,90,,,,110,,,,20,,,,1120,1.5,,,0,,,,240,,,,5,,,,235,,,,145,,,,650,,,,130,,,,115,,,,160,,,,125,,,,120,,,,230,,,,95,,,,60,,,,60,,,,10,,,
"Apr 2026","Craven","E07000163",600,,2.4,,0,,,,100,,,,0,,,,100,,,,50,,,,320,,,,50,,,,70,,,,75,,,,60,,,,65,,,,180,,,,50,,,,60,,,,55,,,,10,,,,315,,,,0,,,,65,,,,0,,,,65,,,,35,,,,150,,,,25,,,,40,,,,35,,,,20,,,,30,,,,100,,,,35,,,,35,,,,30,,,,5,,,,285,,,,0,,,,35,,,,0,,,,35,,,,15,,,,170,,,,25,,,,30,,,,40,,,,35,,,,35,,,,80,,,,20,,,,30,,,,25,,,,5,,,
"Apr 2026","Hambleton","E07000164",900,,2.0,,0,,,,165,,,,0,,,,160,,,,100,,,,480,,,,85,,,,100,,,,120,,,,105,,,,70,,,,255,,,,70,,,,90,,,,80,,,,20,,,,480,,,,0,,,,100,,,,0,,,,95,,,,60,,,,250,,,,40,,,,50,,,,65,,,,55,,,,40,,,,135,,,,30,,,,50,,,,40,,,,10,,,,415,,,,0,,,,65,,,,0,,,,65,,,,35,,,,230,,,,45,,,,45,,,,55,,,,55,,,,30,,,,120,,,,40,,,,35,,,,40,,,,5,,,
"Apr 2026","Harrogate","E07000165",1850,,2.5,,0,,,,290,,,,5,,,,285,,,,165,,,,1070,,,,185,,,,260,,,,225,,,,220,,,,185,,,,490,,,,150,,,,155,,,,165,,,,20,,,,1010,,,,0,,,,165,,,,5,,,,165,,,,95,,,,580,,,,110,,,,135,,,,130,,,,110,,,,100,,,,265,,,,80,,,,80,,,,95,,,,10,,,,840,,,,0,,,,125,,,,5,,,,120,,,,70,,,,495,,,,75,,,,125,,,,95,,,,110,,,,90,,,,220,,,,70,,,,70,,,,70,,,,10,,,
"Apr 2026","Richmondshire","E07000166",610,,2.2,,0,,,,165,,,,5,,,,160,,,,90,,,,305,,,,55,,,,65,,,,80,,,,70,,,,40,,,,140,,,,40,,,,45,,,,45,,,,10,,,,345,,,,0,,,,110,,,,5,,,,105,,,,60,,,,160,,,,35,,,,35,,,,40,,,,35,,,,15,,,,75,,,,20,,,,25,,,,25,,,,10,,,,265,,,,0,,,,50,,,,0,,,,50,,,,25,,,,145,,,,20,,,,30,,,,40,,,,35,,,,20,,,,65,,,,20,,,,20,,,,20,,,,5,,,
"Apr 2026","Ryedale","E07000167",645,,2.2,,0,,,,95,,,,5,,,,90,,,,60,,,,360,,,,55,,,,70,,,,80,,,,75,,,,75,,,,190,,,,60,,,,50,,,,65,,,,15,,,,320,,,,0,,,,45,,,,5,,,,45,,,,30,,,,170,,,,30,,,,35,,,,35,,,,35,,,,35,,,,105,,,,35,,,,25,,,,35,,,,5,,,,320,,,,0,,,,45,,,,0,,,,45,,,,30,,,,190,,,,25,,,,35,,,,45,,,,40,,,,40,,,,85,,,,25,,,,25,,,,25,,,,5,,,
"Apr 2026","Scarborough","E07000168",1945,,3.8,,0,,,,370,,,,5,,,,365,,,,240,,,,1085,,,,225,,,,250,,,,240,,,,195,,,,170,,,,495,,,,135,,,,150,,,,165,,,,40,,,,1135,,,,0,,,,235,,,,0,,,,235,,,,150,,,,600,,,,135,,,,130,,,,130,,,,105,,,,95,,,,300,,,,75,,,,90,,,,105,,,,30,,,,810,,,,0,,,,130,,,,0,,,,130,,,,90,,,,480,,,,90,,,,120,,,,110,,,,90,,,,75,,,,195,,,,60,,,,60,,,,65,,,,15,,,
"Apr 2026","Selby","E07000169",1190,,2.6,,0,,,,250,,,,5,,,,245,,,,150,,,,640,,,,125,,,,140,,,,130,,,,130,,,,115,,,,300,,,,80,,,,85,,,,105,,,,35,,,,650,,,,0,,,,160,,,,0,,,,160,,,,100,,,,340,,,,80,,,,75,,,,60,,,,65,,,,65,,,,150,,,,40,,,,40,,,,50,,,,25,,,,540,,,,0,,,,85,,,,5,,,,85,,,,45,,,,305,,,,45,,,,65,,,,70,,,,65,,,,55,,,,150,,,,40,,,,45,,,,55,,,,10,,,
"Apr 2026","Barnsley","E08000016",5215,3.4,4.3,,0,,,,1260,,,,20,,,,1240,,,,835,,,,2950,,,,635,,,,655,,,,675,,,,575,,,,410,,,,1005,,,,290,,,,340,,,,280,,,,95,,,,2980,3.9,,,0,,,,735,,,,10,,,,725,,,,475,,,,1650,,,,375,,,,380,,,,360,,,,305,,,,235,,,,590,,,,170,,,,210,,,,155,,,,55,,,,2235,2.9,,,0,,,,525,,,,10,,,,510,,,,355,,,,1300,,,,260,,,,275,,,,320,,,,265,,,,180,,,,415,,,,125,,,,125,,,,125,,,,40,,,
"Apr 2026","Doncaster","E08000017",8570,4.4,5.5,,0,,,,1935,,,,15,,,,1920,,,,1250,,,,4960,,,,1095,,,,1070,,,,1170,,,,950,,,,675,,,,1675,,,,570,,,,535,,,,440,,,,125,,,,4990,5.1,,,0,,,,1135,,,,5,,,,1130,,,,705,,,,2860,,,,680,,,,635,,,,645,,,,515,,,,385,,,,995,,,,345,,,,320,,,,250,,,,80,,,,3580,3.7,,,0,,,,800,,,,10,,,,790,,,,540,,,,2100,,,,415,,,,440,,,,525,,,,430,,,,290,,,,680,,,,230,,,,215,,,,190,,,,50,,,
"Apr 2026","Rotherham","E08000018",6375,3.8,5.1,,0,,,,1540,,,,20,,,,1520,,,,945,,,,3590,,,,795,,,,775,,,,795,,,,700,,,,525,,,,1245,,,,400,,,,420,,,,345,,,,80,,,,3810,4.5,,,0,,,,930,,,,10,,,,920,,,,545,,,,2105,,,,510,,,,475,,,,450,,,,385,,,,290,,,,775,,,,250,,,,275,,,,205,,,,45,,,,2565,3.0,,,0,,,,610,,,,15,,,,600,,,,395,,,,1485,,,,285,,,,300,,,,350,,,,315,,,,235,,,,470,,,,150,,,,140,,,,135,,,,35,,,
"Apr 2026","Sheffield","E08000019",16805,4.4,5.7,,0,,,,3835,,,,25,,,,3805,,,,2280,,,,9780,,,,2230,,,,2045,,,,2110,,,,1855,,,,1540,,,,3195,,,,1130,,,,1040,,,,825,,,,200,,,,10255,5.4,,,0,,,,2425,,,,15,,,,2410,,,,1425,,,,5815,,,,1500,,,,1230,,,,1200,,,,995,,,,890,,,,2010,,,,695,,,,650,,,,535,,,,135,,,,6555,3.4,,,0,,,,1410,,,,10,,,,1395,,,,855,,,,3965,,,,730,,,,810,,,,910,,,,860,,,,650,,,,1180,,,,435,,,,390,,,,290,,,,65,,,
"Apr 2026","Bradford","E08000032",24290,6.9,9.4,,0,,,,5465,,,,35,,,,5430,,,,3335,,,,14335,,,,2820,,,,2745,,,,3165,,,,3055,,,,2545,,,,4485,,,,1755,,,,1495,,,,985,,,,255,,,,13745,8.0,,,0,,,,3390,,,,20,,,,3370,,,,2025,,,,7660,,,,1780,,,,1530,,,,1545,,,,1500,,,,1305,,,,2695,,,,995,,,,910,,,,610,,,,175,,,,10545,5.9,,,0,,,,2075,,,,15,,,,2060,,,,1310,,,,6675,,,,1040,,,,1215,,,,1620,,,,1555,,,,1240,,,,1790,,,,755,,,,585,,,,370,,,,80,,,
"Apr 2026","Calderdale","E08000033",5535,4.3,5.2,,0,,,,1280,,,,10,,,,1270,,,,825,,,,3115,,,,695,,,,635,,,,625,,,,660,,,,505,,,,1140,,,,400,,,,380,,,,280,,,,85,,,,3250,5.1,,,0,,,,790,,,,0,,,,785,,,,500,,,,1785,,,,430,,,,375,,,,365,,,,330,,,,290,,,,675,,,,235,,,,225,,,,160,,,,50,,,,2290,3.5,,,0,,,,490,,,,10,,,,485,,,,325,,,,1330,,,,260,,,,260,,,,265,,,,330,,,,215,,,,470,,,,165,,,,150,,,,115,,,,35,,,
"Apr 2026","Kirklees","E08000034",13100,4.7,5.9,,0,,,,2860,,,,25,,,,2840,,,,1775,,,,7490,,,,1465,,,,1540,,,,1690,,,,1545,,,,1250,,,,2750,,,,1030,,,,885,,,,670,,,,160,,,,7345,5.3,,,0,,,,1750,,,,15,,,,1735,,,,1060,,,,3980,,,,860,,,,850,,,,860,,,,755,,,,650,,,,1620,,,,580,,,,545,,,,380,,,,110,,,,5750,4.1,,,0,,,,1110,,,,10,,,,1105,,,,715,,,,3510,,,,600,,,,690,,,,830,,,,790,,,,600,,,,1130,,,,450,,,,340,,,,290,,,,50,,,
"Apr 2026","Leeds","E08000035",25795,4.6,6.1,,0,,,,5455,,,,65,,,,5390,,,,3200,,,,15555,,,,3495,,,,3225,,,,3405,,,,3025,,,,2405,,,,4785,,,,1780,,,,1550,,,,1195,,,,255,,,,14970,5.5,,,0,,,,3375,,,,35,,,,3335,,,,1955,,,,8695,,,,2215,,,,1840,,,,1825,,,,1540,,,,1275,,,,2905,,,,1060,,,,940,,,,735,,,,170,,,,10825,3.8,,,0,,,,2085,,,,30,,,,2055,,,,1245,,,,6865,,,,1280,,,,1390,,,,1580,,,,1485,,,,1130,,,,1880,,,,720,,,,610,,,,465,,,,85,,,
"Apr 2026","Wakefield","E08000036",8750,3.8,5.1,,0,,,,2035,,,,30,,,,2000,,,,1300,,,,4985,,,,1085,,,,1105,,,,1160,,,,970,,,,665,,,,1735,,,,595,,,,550,,,,470,,,,120,,,,4970,4.4,,,0,,,,1195,,,,15,,,,1180,,,,750,,,,2760,,,,635,,,,595,,,,630,,,,515,,,,380,,,,1015,,,,345,,,,335,,,,265,,,,70,,,,3780,3.3,,,0,,,,840,,,,20,,,,820,,,,550,,,,2225,,,,450,,,,505,,,,525,,,,455,,,,285,,,,720,,,,245,,,,215,,,,205,,,,50,,,
"Apr 2026","Derby","E06000015",8870,5.1,6.7,,0,,,,1990,,,,10,,,,1985,,,,1230,,,,5190,,,,1180,,,,1075,,,,1090,,,,1025,,,,820,,,,1690,,,,655,,,,500,,,,430,,,,100,,,,5225,5.9,,,0,,,,1250,,,,5,,,,1245,,,,755,,,,2975,,,,765,,,,645,,,,610,,,,515,,,,440,,,,1000,,,,385,,,,300,,,,250,,,,65,,,,3645,4.2,,,0,,,,740,,,,5,,,,735,,,,475,,,,2220,,,,420,,,,430,,,,480,,,,510,,,,380,,,,685,,,,270,,,,200,,,,180,,,,35,,,
"Apr 2026","Leicester","E06000016",14380,5.5,8.2,,0,,,,2745,,,,10,,,,2735,,,,1660,,,,8385,,,,1655,,,,1560,,,,1780,,,,1860,,,,1530,,,,3250,,,,1235,,,,965,,,,795,,,,255,,,,8000,6.1,,,0,,,,1725,,,,5,,,,1715,,,,1025,,,,4465,,,,1045,,,,895,,,,880,,,,880,,,,770,,,,1815,,,,645,,,,525,,,,455,,,,190,,,,6380,4.9,,,0,,,,1025,,,,5,,,,1015,,,,635,,,,3920,,,,610,,,,665,,,,905,,,,980,,,,760,,,,1435,,,,590,,,,440,,,,340,,,,65,,,
"Apr 2026","Nottingham","E06000018",13935,6.0,8.2,,0,,,,2965,,,,15,,,,2950,,,,1740,,,,8355,,,,1860,,,,1700,,,,1855,,,,1635,,,,1305,,,,2615,,,,970,,,,800,,,,655,,,,185,,,,8510,7.6,,,0,,,,1880,,,,10,,,,1870,,,,1085,,,,4980,,,,1255,,,,1035,,,,1065,,,,910,,,,725,,,,1650,,,,610,,,,510,,,,400,,,,125,,,,5430,4.6,,,0,,,,1090,,,,10,,,,1080,,,,660,,,,3375,,,,605,,,,665,,,,790,,,,730,,,,585,,,,965,,,,360,,,,290,,,,255,,,,60,,,
"Apr 2026","Rutland","E06000017",425,1.8,2.6,,0,,,,65,,,,0,,,,65,,,,40,,,,230,,,,35,,,,50,,,,45,,,,45,,,,50,,,,130,,,,45,,,,45,,,,30,,,,10,,,,215,1.7,,,0,,,,35,,,,0,,,,35,,,,25,,,,115,,,,20,,,,20,,,,30,,,,25,,,,20,,,,65,,,,20,,,,25,,,,15,,,,5,,,,210,1.8,,,0,,,,30,,,,0,,,,30,,,,15,,,,115,,,,15,,,,30,,,,20,,,,20,,,,30,,,,65,,,,30,,,,20,,,,15,,,,5,,,
"Apr 2026","Amber Valley","E07000032",2120,2.7,3.3,,0,,,,480,,,,10,,,,470,,,,300,,,,1130,,,,260,,,,230,,,,240,,,,210,,,,185,,,,505,,,,165,,,,170,,,,140,,,,30,,,,1180,3.0,,,0,,,,300,,,,10,,,,290,,,,170,,,,600,,,,140,,,,110,,,,125,,,,120,,,,105,,,,285,,,,90,,,,90,,,,85,,,,15,,,,935,2.4,,,0,,,,185,,,,0,,,,180,,,,130,,,,530,,,,125,,,,120,,,,115,,,,95,,,,80,,,,225,,,,75,,,,75,,,,55,,,,15,,,
"Apr 2026","Bolsover","E07000033",1540,3.0,3.6,,0,,,,360,,,,0,,,,355,,,,235,,,,830,,,,185,,,,190,,,,195,,,,150,,,,110,,,,355,,,,110,,,,105,,,,105,,,,35,,,,880,3.4,,,0,,,,210,,,,0,,,,210,,,,125,,,,475,,,,115,,,,110,,,,105,,,,80,,,,60,,,,195,,,,70,,,,50,,,,55,,,,20,,,,660,2.5,,,0,,,,145,,,,0,,,,145,,,,110,,,,360,,,,70,,,,80,,,,90,,,,70,,,,50,,,,155,,,,40,,,,55,,,,50,,,,10,,,
"Apr 2026","Chesterfield","E07000034",2160,3.3,4.0,,0,,,,545,,,,5,,,,540,,,,375,,,,1140,,,,260,,,,245,,,,240,,,,220,,,,170,,,,480,,,,145,,,,165,,,,135,,,,30,,,,1240,3.9,,,0,,,,320,,,,5,,,,315,,,,200,,,,640,,,,170,,,,140,,,,135,,,,120,,,,75,,,,280,,,,95,,,,90,,,,80,,,,15,,,,920,2.8,,,0,,,,225,,,,5,,,,225,,,,175,,,,500,,,,90,,,,105,,,,105,,,,100,,,,95,,,,195,,,,50,,,,75,,,,55,,,,15,,,
"Apr 2026","Derbyshire Dales","E07000035",770,1.9,2.3,,0,,,,145,,,,0,,,,140,,,,85,,,,400,,,,70,,,,90,,,,80,,,,90,,,,70,,,,230,,,,70,,,,80,,,,65,,,,15,,,,400,2.0,,,0,,,,90,,,,0,,,,90,,,,50,,,,190,,,,45,,,,40,,,,40,,,,45,,,,25,,,,120,,,,30,,,,45,,,,40,,,,5,,,,370,1.8,,,0,,,,55,,,,0,,,,55,,,,35,,,,205,,,,25,,,,55,,,,45,,,,45,,,,45,,,,110,,,,40,,,,35,,,,25,,,,10,,,
"Apr 2026","Erewash","E07000036",2370,3.3,3.8,,0,,,,595,,,,10,,,,585,,,,385,,,,1190,,,,255,,,,260,,,,290,,,,210,,,,175,,,,585,,,,165,,,,200,,,,190,,,,25,,,,1350,3.8,,,0,,,,360,,,,5,,,,355,,,,235,,,,670,,,,160,,,,150,,,,165,,,,110,,,,85,,,,325,,,,90,,,,120,,,,100,,,,15,,,,1020,2.9,,,0,,,,235,,,,5,,,,230,,,,150,,,,520,,,,95,,,,110,,,,125,,,,100,,,,90,,,,260,,,,75,,,,85,,,,90,,,,15,,,
"Apr 2026","High Peak","E07000037",1330,2.4,2.8,,0,,,,285,,,,5,,,,275,,,,185,,,,735,,,,175,,,,150,,,,165,,,,140,,,,105,,,,310,,,,110,,,,90,,,,90,,,,20,,,,735,2.7,,,0,,,,160,,,,5,,,,155,,,,95,,,,400,,,,100,,,,90,,,,90,,,,70,,,,50,,,,175,,,,60,,,,55,,,,50,,,,10,,,,595,2.1,,,0,,,,125,,,,0,,,,120,,,,90,,,,335,,,,75,,,,60,,,,75,,,,70,,,,55,,,,135,,,,50,,,,35,,,,45,,,,10,,,
"Apr 2026","North East Derbyshire","E07000038",1470,2.4,3.0,,0,,,,370,,,,5,,,,365,,,,235,,,,740,,,,170,,,,145,,,,170,,,,145,,,,110,,,,365,,,,110,,,,105,,,,120,,,,35,,,,830,2.7,,,0,,,,220,,,,5,,,,215,,,,140,,,,400,,,,100,,,,70,,,,105,,,,75,,,,55,,,,210,,,,65,,,,60,,,,70,,,,15,,,,645,2.0,,,0,,,,150,,,,5,,,,145,,,,95,,,,340,,,,70,,,,75,,,,65,,,,70,,,,55,,,,155,,,,45,,,,45,,,,45,,,,20,,,
"Apr 2026","South Derbyshire","E07000039",1755,2.4,3.1,,0,,,,405,,,,10,,,,395,,,,245,,,,970,,,,215,,,,220,,,,215,,,,165,,,,150,,,,385,,,,120,,,,130,,,,110,,,,25,,,,895,2.5,,,0,,,,225,,,,5,,,,220,,,,140,,,,460,,,,110,,,,110,,,,95,,,,80,,,,70,,,,205,,,,60,,,,75,,,,60,,,,15,,,,865,2.3,,,0,,,,180,,,,5,,,,175,,,,105,,,,505,,,,105,,,,115,,,,120,,,,85,,,,80,,,,175,,,,60,,,,55,,,,50,,,,10,,,
"Apr 2026","Blaby","E07000129",1495,2.3,2.8,,0,,,,340,,,,5,,,,335,,,,210,,,,845,,,,180,,,,160,,,,205,,,,165,,,,140,,,,310,,,,90,,,,105,,,,100,,,,20,,,,800,2.4,,,0,,,,195,,,,5,,,,190,,,,120,,,,425,,,,95,,,,80,,,,90,,,,85,,,,70,,,,185,,,,50,,,,65,,,,55,,,,15,,,,695,2.1,,,0,,,,145,,,,0,,,,145,,,,90,,,,420,,,,85,,,,75,,,,115,,,,80,,,,70,,,,125,,,,40,,,,40,,,,40,,,,5,,,
"Apr 2026","Charnwood","E07000130",2930,2.4,3.0,,0,,,,675,,,,5,,,,665,,,,395,,,,1590,,,,355,,,,320,,,,340,,,,315,,,,260,,,,665,,,,235,,,,205,,,,170,,,,55,,,,1645,2.7,,,0,,,,410,,,,5,,,,405,,,,225,,,,855,,,,215,,,,155,,,,170,,,,165,,,,145,,,,380,,,,135,,,,115,,,,90,,,,40,,,,1285,2.2,,,0,,,,265,,,,0,,,,260,,,,170,,,,735,,,,135,,,,165,,,,165,,,,150,,,,110,,,,285,,,,100,,,,85,,,,85,,,,15,,,
"Apr 2026","Harborough","E07000131",1085,1.7,2.1,,0,,,,220,,,,0,,,,215,,,,135,,,,585,,,,110,,,,110,,,,150,,,,120,,,,95,,,,280,,,,75,,,,95,,,,85,,,,25,,,,550,1.8,,,0,,,,130,,,,0,,,,130,,,,90,,,,265,,,,50,,,,60,,,,70,,,,50,,,,35,,,,155,,,,45,,,,55,,,,50,,,,10,,,,540,1.7,,,0,,,,90,,,,0,,,,90,,,,50,,,,325,,,,60,,,,50,,,,80,,,,70,,,,65,,,,125,,,,30,,,,45,,,,35,,,,15,,,
"Apr 2026","Hinckley and Bosworth","E07000132",1685,2.4,2.7,,0,,,,395,,,,5,,,,390,,,,265,,,,895,,,,175,,,,180,,,,210,,,,170,,,,160,,,,395,,,,130,,,,120,,,,115,,,,25,,,,920,2.6,,,0,,,,240,,,,5,,,,235,,,,160,,,,470,,,,110,,,,80,,,,115,,,,85,,,,80,,,,210,,,,70,,,,60,,,,65,,,,10,,,,765,2.2,,,0,,,,155,,,,0,,,,155,,,,105,,,,425,,,,65,,,,100,,,,100,,,,80,,,,80,,,,185,,,,60,,,,60,,,,50,,,,15,,,
"Apr 2026","Melton","E07000133",900,2.8,3.2,,0,,,,160,,,,0,,,,160,,,,110,,,,500,,,,95,,,,100,,,,130,,,,95,,,,75,,,,235,,,,70,,,,70,,,,90,,,,10,,,,470,3.0,,,0,,,,90,,,,0,,,,90,,,,60,,,,255,,,,55,,,,45,,,,65,,,,50,,,,35,,,,125,,,,30,,,,40,,,,45,,,,5,,,,425,2.6,,,0,,,,70,,,,0,,,,70,,,,50,,,,245,,,,40,,,,55,,,,65,,,,50,,,,40,,,,115,,,,40,,,,30,,,,45,,,,0,,,
"Apr 2026","North West Leicestershire","E07000134",1420,2.0,2.5,,0,,,,320,,,,5,,,,310,,,,220,,,,760,,,,175,,,,145,,,,175,,,,150,,,,115,,,,340,,,,130,,,,100,,,,90,,,,20,,,,730,2.1,,,0,,,,160,,,,5,,,,155,,,,110,,,,375,,,,90,,,,75,,,,85,,,,75,,,,50,,,,200,,,,80,,,,50,,,,50,,,,15,,,,690,1.9,,,0,,,,160,,,,5,,,,155,,,,110,,,,385,,,,90,,,,70,,,,85,,,,75,,,,65,,,,145,,,,50,,,,50,,,,40,,,,5,,,
"Apr 2026","Oadby and Wigston","E07000135",1130,3.0,4.0,,0,,,,265,,,,0,,,,265,,,,170,,,,635,,,,145,,,,140,,,,120,,,,125,,,,110,,,,235,,,,75,,,,80,,,,70,,,,10,,,,650,3.6,,,0,,,,165,,,,0,,,,165,,,,105,,,,355,,,,95,,,,75,,,,60,,,,65,,,,60,,,,130,,,,40,,,,40,,,,40,,,,10,,,,480,2.5,,,0,,,,100,,,,0,,,,95,,,,65,,,,280,,,,45,,,,65,,,,60,,,,55,,,,50,,,,105,,,,35,,,,40,,,,30,,,,5,,,
"Apr 2026","Boston","E07000136",2040,4.8,6.3,,0,,,,395,,,,5,,,,390,,,,250,,,,1185,,,,215,,,,250,,,,290,,,,215,,,,210,,,,460,,,,150,,,,165,,,,120,,,,25,,,,1070,5.1,,,0,,,,230,,,,5,,,,225,,,,140,,,,595,,,,115,,,,130,,,,130,,,,105,,,,110,,,,250,,,,75,,,,95,,,,70,,,,15,,,,970,4.6,,,0,,,,165,,,,0,,,,165,,,,110,,,,590,,,,100,,,,115,,,,160,,,,110,,,,100,,,,215,,,,80,,,,70,,,,55,,,,10,,,
"Apr 2026","East Lindsey","E07000137",2920,3.7,5.1,,0,,,,660,,,,10,,,,650,,,,440,,,,1475,,,,320,,,,335,,,,315,,,,285,,,,220,,,,785,,,,230,,,,240,,,,250,,,,70,,,,1620,4.2,,,0,,,,380,,,,0,,,,375,,,,240,,,,815,,,,190,,,,180,,,,175,,,,150,,,,120,,,,425,,,,115,,,,135,,,,135,,,,40,,,,1300,3.2,,,0,,,,280,,,,5,,,,275,,,,200,,,,660,,,,130,,,,155,,,,140,,,,135,,,,100,,,,360,,,,115,,,,105,,,,110,,,,30,,,
"Apr 2026","Lincoln","E07000138",2875,4.0,5.4,,0,,,,620,,,,5,,,,610,,,,380,,,,1645,,,,375,,,,385,,,,360,,,,290,,,,235,,,,610,,,,185,,,,205,,,,180,,,,45,,,,1755,4.9,,,0,,,,385,,,,5,,,,380,,,,235,,,,990,,,,240,,,,235,,,,210,,,,170,,,,140,,,,375,,,,120,,,,110,,,,115,,,,30,,,,1120,3.1,,,0,,,,230,,,,0,,,,230,,,,145,,,,655,,,,140,,,,150,,,,150,,,,120,,,,95,,,,235,,,,65,,,,95,,,,65,,,,10,,,
"Apr 2026","North Kesteven","E07000139",1550,2.1,2.4,,0,,,,370,,,,5,,,,365,,,,215,,,,830,,,,205,,,,170,,,,170,,,,155,,,,125,,,,350,,,,110,,,,115,,,,90,,,,30,,,,805,2.2,,,0,,,,225,,,,0,,,,225,,,,125,,,,405,,,,115,,,,85,,,,70,,,,75,,,,60,,,,175,,,,55,,,,55,,,,50,,,,15,,,,745,2.0,,,0,,,,145,,,,0,,,,140,,,,90,,,,430,,,,90,,,,85,,,,100,,,,85,,,,70,,,,175,,,,55,,,,60,,,,40,,,,15,,,
"Apr 2026","South Holland","E07000140",1770,3.0,3.7,,0,,,,375,,,,0,,,,370,,,,230,,,,930,,,,210,,,,195,,,,220,,,,190,,,,115,,,,470,,,,140,,,,145,,,,155,,,,30,,,,955,3.3,,,0,,,,220,,,,0,,,,220,,,,140,,,,485,,,,125,,,,95,,,,105,,,,105,,,,60,,,,250,,,,70,,,,85,,,,80,,,,15,,,,815,2.8,,,0,,,,155,,,,0,,,,155,,,,90,,,,440,,,,85,,,,100,,,,115,,,,90,,,,50,,,,215,,,,65,,,,60,,,,75,,,,15,,,
"Apr 2026","South Kesteven","E07000141",2480,2.9,3.4,,0,,,,550,,,,5,,,,550,,,,355,,,,1295,,,,295,,,,240,,,,300,,,,240,,,,215,,,,635,,,,210,,,,195,,,,180,,,,50,,,,1330,3.2,,,0,,,,320,,,,0,,,,315,,,,205,,,,665,,,,160,,,,125,,,,155,,,,125,,,,105,,,,345,,,,115,,,,110,,,,95,,,,30,,,,1150,2.6,,,0,,,,235,,,,0,,,,230,,,,145,,,,625,,,,135,,,,120,,,,145,,,,120,,,,110,,,,290,,,,95,,,,90,,,,85,,,,20,,,
"Apr 2026","West Lindsey","E07000142",1770,3.1,3.7,,0,,,,410,,,,0,,,,410,,,,270,,,,920,,,,195,,,,205,,,,200,,,,175,,,,145,,,,440,,,,130,,,,120,,,,160,,,,30,,,,965,3.4,,,0,,,,235,,,,0,,,,235,,,,150,,,,495,,,,105,,,,115,,,,125,,,,80,,,,70,,,,240,,,,70,,,,65,,,,90,,,,15,,,,805,2.8,,,0,,,,180,,,,0,,,,180,,,,125,,,,425,,,,90,,,,90,,,,80,,,,95,,,,70,,,,200,,,,65,,,,55,,,,70,,,,15,,,
"Apr 2026","Ashfield","E07000170",3080,3.9,4.6,,0,,,,805,,,,5,,,,795,,,,520,,,,1690,,,,370,,,,365,,,,400,,,,305,,,,245,,,,585,,,,170,,,,195,,,,180,,,,40,,,,1770,4.5,,,0,,,,490,,,,5,,,,485,,,,310,,,,945,,,,230,,,,200,,,,205,,,,170,,,,140,,,,335,,,,105,,,,115,,,,95,,,,25,,,,1310,3.2,,,0,,,,315,,,,5,,,,310,,,,210,,,,740,,,,140,,,,165,,,,200,,,,140,,,,100,,,,250,,,,70,,,,80,,,,85,,,,20,,,
"Apr 2026","Bassetlaw","E07000171",2430,3.2,4.3,,0,,,,545,,,,5,,,,540,,,,360,,,,1375,,,,265,,,,290,,,,310,,,,300,,,,210,,,,505,,,,185,,,,140,,,,140,,,,40,,,,1375,3.7,,,0,,,,330,,,,0,,,,325,,,,220,,,,765,,,,160,,,,170,,,,165,,,,165,,,,110,,,,285,,,,105,,,,80,,,,75,,,,25,,,,1055,2.8,,,0,,,,220,,,,5,,,,215,,,,140,,,,615,,,,105,,,,125,,,,145,,,,135,,,,105,,,,220,,,,80,,,,60,,,,65,,,,15,,,
"Apr 2026","Broxtowe","E07000172",2010,2.8,3.6,,0,,,,460,,,,0,,,,455,,,,285,,,,1110,,,,265,,,,205,,,,240,,,,215,,,,180,,,,445,,,,150,,,,115,,,,140,,,,30,,,,1160,3.3,,,0,,,,285,,,,0,,,,285,,,,175,,,,620,,,,185,,,,100,,,,125,,,,120,,,,95,,,,255,,,,90,,,,80,,,,70,,,,20,,,,850,2.4,,,0,,,,170,,,,0,,,,170,,,,115,,,,490,,,,80,,,,110,,,,115,,,,100,,,,85,,,,185,,,,65,,,,40,,,,70,,,,15,,,
"Apr 2026","Gedling","E07000173",2380,3.3,3.8,,0,,,,580,,,,5,,,,575,,,,370,,,,1280,,,,240,,,,265,,,,305,,,,240,,,,230,,,,520,,,,160,,,,140,,,,185,,,,35,,,,1320,3.7,,,0,,,,355,,,,0,,,,355,,,,230,,,,685,,,,140,,,,145,,,,165,,,,120,,,,115,,,,280,,,,90,,,,80,,,,90,,,,20,,,,1055,2.8,,,0,,,,225,,,,5,,,,220,,,,140,,,,595,,,,100,,,,120,,,,140,,,,120,,,,115,,,,240,,,,70,,,,65,,,,95,,,,10,,,
"Apr 2026","Mansfield","E07000174",2770,4.0,5.4,,0,,,,650,,,,5,,,,645,,,,405,,,,1575,,,,340,,,,330,,,,375,,,,305,,,,225,,,,545,,,,190,,,,160,,,,160,,,,35,,,,1580,4.6,,,0,,,,395,,,,5,,,,390,,,,235,,,,865,,,,205,,,,170,,,,200,,,,160,,,,130,,,,320,,,,115,,,,90,,,,90,,,,25,,,,1190,3.4,,,0,,,,255,,,,0,,,,255,,,,170,,,,710,,,,135,,,,160,,,,175,,,,145,,,,95,,,,225,,,,75,,,,70,,,,70,,,,15,,,
"Apr 2026","Newark and Sherwood","E07000175",2160,2.8,3.6,,0,,,,505,,,,5,,,,500,,,,325,,,,1170,,,,230,,,,255,,,,275,,,,210,,,,200,,,,490,,,,165,,,,145,,,,155,,,,25,,,,1200,3.2,,,0,,,,285,,,,0,,,,285,,,,180,,,,635,,,,135,,,,135,,,,140,,,,115,,,,105,,,,285,,,,95,,,,90,,,,90,,,,15,,,,960,2.5,,,0,,,,220,,,,5,,,,215,,,,145,,,,535,,,,95,,,,120,,,,135,,,,95,,,,90,,,,205,,,,70,,,,55,,,,70,,,,15,,,
"Apr 2026","Rushcliffe","E07000176",1515,2.0,2.4,,0,,,,315,,,,0,,,,310,,,,175,,,,815,,,,170,,,,150,,,,175,,,,160,,,,160,,,,385,,,,135,,,,120,,,,110,,,,20,,,,835,2.2,,,0,,,,190,,,,0,,,,190,,,,110,,,,435,,,,85,,,,90,,,,95,,,,85,,,,80,,,,210,,,,75,,,,65,,,,65,,,,10,,,,680,1.8,,,0,,,,120,,,,0,,,,120,,,,65,,,,380,,,,85,,,,65,,,,80,,,,70,,,,80,,,,175,,,,65,,,,60,,,,45,,,,10,,,
"Apr 2026","North Northamptonshire","E06000061",7995,3.5,4.4,,0,,,,1705,,,,15,,,,1690,,,,1055,,,,4485,,,,945,,,,975,,,,995,,,,880,,,,690,,,,1805,,,,625,,,,560,,,,520,,,,100,,,,4325,3.8,,,0,,,,945,,,,10,,,,935,,,,575,,,,2365,,,,545,,,,510,,,,500,,,,425,,,,385,,,,1015,,,,350,,,,310,,,,290,,,,65,,,,3670,3.1,,,0,,,,760,,,,5,,,,755,,,,475,,,,2120,,,,400,,,,465,,,,495,,,,455,,,,310,,,,790,,,,275,,,,250,,,,225,,,,40,,,
"Apr 2026","West Northamptonshire","E06000062",9670,3.5,4.5,,0,,,,1865,,,,20,,,,1845,,,,1130,,,,5610,,,,1110,,,,1115,,,,1280,,,,1180,,,,930,,,,2195,,,,815,,,,700,,,,565,,,,115,,,,5300,3.8,,,0,,,,1095,,,,15,,,,1085,,,,660,,,,2970,,,,640,,,,605,,,,630,,,,600,,,,495,,,,1235,,,,460,,,,405,,,,310,,,,60,,,,4370,3.1,,,0,,,,765,,,,5,,,,760,,,,470,,,,2640,,,,465,,,,510,,,,650,,,,580,,,,430,,,,960,,,,355,,,,295,,,,255,,,,55,,,
"Apr 2026","Herefordshire, County of","E06000019",2870,2.6,2.8,,0,,,,560,,,,5,,,,560,,,,350,,,,1505,,,,305,,,,330,,,,355,,,,280,,,,230,,,,805,,,,245,,,,265,,,,235,,,,55,,,,1580,2.9,,,0,,,,320,,,,0,,,,320,,,,195,,,,780,,,,160,,,,180,,,,185,,,,140,,,,115,,,,475,,,,140,,,,160,,,,145,,,,35,,,,1295,2.3,,,0,,,,240,,,,0,,,,240,,,,155,,,,725,,,,150,,,,150,,,,175,,,,140,,,,115,,,,330,,,,105,,,,110,,,,90,,,,20,,,
"Apr 2026","Shropshire","E06000051",4685,2.4,2.9,,0,,,,965,,,,10,,,,955,,,,580,,,,2520,,,,520,,,,545,,,,595,,,,475,,,,385,,,,1200,,,,385,,,,370,,,,370,,,,75,,,,2495,2.6,,,0,,,,550,,,,5,,,,545,,,,330,,,,1295,,,,285,,,,280,,,,310,,,,215,,,,205,,,,650,,,,185,,,,200,,,,220,,,,45,,,,2190,2.3,,,0,,,,420,,,,5,,,,415,,,,255,,,,1220,,,,230,,,,265,,,,290,,,,260,,,,180,,,,550,,,,200,,,,170,,,,150,,,,30,,,
"Apr 2026","Stoke-on-Trent","E06000021",9255,5.5,7.3,,0,,,,1970,,,,15,,,,1955,,,,1230,,,,5575,,,,1075,,,,1180,,,,1290,,,,1170,,,,860,,,,1715,,,,635,,,,530,,,,435,,,,110,,,,5360,6.2,,,0,,,,1170,,,,5,,,,1165,,,,720,,,,3115,,,,630,,,,685,,,,685,,,,635,,,,475,,,,1075,,,,390,,,,350,,,,265,,,,75,,,,3895,4.7,,,0,,,,800,,,,5,,,,790,,,,510,,,,2460,,,,445,,,,495,,,,605,,,,535,,,,385,,,,635,,,,245,,,,180,,,,175,,,,40,,,
"Apr 2026","Telford and Wrekin","E06000020",4690,3.8,5.3,,0,,,,1150,,,,10,,,,1135,,,,735,,,,2610,,,,530,,,,565,,,,585,,,,530,,,,395,,,,930,,,,330,,,,280,,,,265,,,,55,,,,2555,4.3,,,0,,,,660,,,,5,,,,655,,,,415,,,,1380,,,,310,,,,310,,,,285,,,,255,,,,215,,,,515,,,,180,,,,150,,,,150,,,,30,,,,2130,3.4,,,0,,,,485,,,,5,,,,480,,,,320,,,,1230,,,,225,,,,255,,,,300,,,,275,,,,175,,,,415,,,,150,,,,130,,,,110,,,,25,,,
"Apr 2026","Cannock Chase","E07000192",2055,3.2,3.8,,0,,,,465,,,,5,,,,460,,,,280,,,,1120,,,,245,,,,240,,,,275,,,,210,,,,155,,,,470,,,,155,,,,155,,,,130,,,,25,,,,1130,3.5,,,0,,,,250,,,,0,,,,250,,,,160,,,,620,,,,140,,,,125,,,,150,,,,120,,,,85,,,,260,,,,85,,,,85,,,,75,,,,15,,,,920,2.8,,,0,,,,210,,,,0,,,,210,,,,120,,,,500,,,,105,,,,110,,,,125,,,,95,,,,65,,,,210,,,,70,,,,70,,,,60,,,,10,,,
"Apr 2026","East Staffordshire","E07000193",2680,3.4,4.2,,0,,,,480,,,,5,,,,475,,,,295,,,,1645,,,,300,,,,330,,,,395,,,,360,,,,255,,,,555,,,,205,,,,165,,,,145,,,,40,,,,1470,3.7,,,0,,,,280,,,,0,,,,280,,,,170,,,,880,,,,180,,,,180,,,,200,,,,180,,,,140,,,,310,,,,115,,,,90,,,,85,,,,20,,,,1210,3.1,,,0,,,,195,,,,5,,,,195,,,,125,,,,770,,,,120,,,,150,,,,195,,,,180,,,,120,,,,245,,,,90,,,,75,,,,60,,,,20,,,
"Apr 2026","Lichfield","E07000194",1475,2.2,2.9,,0,,,,325,,,,0,,,,325,,,,200,,,,810,,,,180,,,,145,,,,185,,,,175,,,,125,,,,340,,,,115,,,,115,,,,85,,,,20,,,,800,2.4,,,0,,,,185,,,,0,,,,185,,,,110,,,,410,,,,100,,,,75,,,,105,,,,75,,,,60,,,,205,,,,70,,,,70,,,,55,,,,15,,,,675,2.0,,,0,,,,140,,,,0,,,,140,,,,90,,,,400,,,,80,,,,70,,,,85,,,,105,,,,65,,,,135,,,,50,,,,45,,,,35,,,,5,,,
"Apr 2026","Newcastle-under-Lyme","E07000195",2305,2.9,3.5,,0,,,,595,,,,0,,,,595,,,,385,,,,1260,,,,295,,,,260,,,,300,,,,255,,,,150,,,,450,,,,150,,,,145,,,,125,,,,30,,,,1345,3.5,,,0,,,,375,,,,0,,,,375,,,,240,,,,710,,,,180,,,,140,,,,175,,,,140,,,,75,,,,260,,,,70,,,,90,,,,80,,,,20,,,,960,2.4,,,0,,,,220,,,,0,,,,220,,,,150,,,,545,,,,115,,,,115,,,,125,,,,120,,,,75,,,,190,,,,75,,,,55,,,,45,,,,10,,,
"Apr 2026","South Staffordshire","E07000196",1735,2.6,3.1,,0,,,,415,,,,0,,,,410,,,,260,,,,910,,,,200,,,,190,,,,205,,,,180,,,,130,,,,410,,,,120,,,,135,,,,120,,,,35,,,,970,2.8,,,0,,,,250,,,,0,,,,250,,,,155,,,,470,,,,120,,,,95,,,,100,,,,85,,,,70,,,,250,,,,70,,,,85,,,,75,,,,20,,,,760,2.3,,,0,,,,165,,,,0,,,,160,,,,110,,,,435,,,,80,,,,95,,,,105,,,,100,,,,60,,,,160,,,,50,,,,50,,,,45,,,,15,,,
"Apr 2026","Stafford","E07000197",2150,2.5,3.0,,0,,,,465,,,,0,,,,465,,,,295,,,,1195,,,,260,,,,255,,,,260,,,,240,,,,175,,,,490,,,,170,,,,155,,,,130,,,,40,,,,1215,2.9,,,0,,,,270,,,,0,,,,270,,,,165,,,,660,,,,150,,,,145,,,,130,,,,130,,,,100,,,,285,,,,90,,,,95,,,,75,,,,30,,,,935,2.2,,,0,,,,195,,,,0,,,,195,,,,130,,,,535,,,,110,,,,110,,,,130,,,,105,,,,75,,,,205,,,,80,,,,60,,,,55,,,,15,,,
"Apr 2026","Staffordshire Moorlands","E07000198",1210,2.2,2.5,,0,,,,260,,,,0,,,,255,,,,160,,,,645,,,,140,,,,125,,,,150,,,,135,,,,90,,,,305,,,,100,,,,90,,,,95,,,,25,,,,635,2.3,,,0,,,,155,,,,0,,,,150,,,,100,,,,330,,,,70,,,,65,,,,70,,,,75,,,,50,,,,155,,,,45,,,,45,,,,50,,,,15,,,,575,2.0,,,0,,,,105,,,,0,,,,105,,,,60,,,,315,,,,70,,,,60,,,,75,,,,65,,,,45,,,,150,,,,50,,,,45,,,,45,,,,10,,,
"Apr 2026","Tamworth","E07000199",1640,3.3,3.8,,0,,,,395,,,,5,,,,390,,,,240,,,,915,,,,190,,,,220,,,,215,,,,170,,,,120,,,,330,,,,110,,,,100,,,,90,,,,30,,,,870,3.5,,,0,,,,225,,,,0,,,,220,,,,135,,,,465,,,,95,,,,105,,,,105,,,,90,,,,70,,,,175,,,,55,,,,55,,,,50,,,,15,,,,770,3.0,,,0,,,,170,,,,5,,,,170,,,,105,,,,445,,,,95,,,,115,,,,110,,,,80,,,,55,,,,150,,,,55,,,,45,,,,40,,,,10,,,
"Apr 2026","North Warwickshire","E07000218",1120,2.8,3.2,,0,,,,270,,,,5,,,,260,,,,180,,,,615,,,,155,,,,125,,,,130,,,,125,,,,85,,,,235,,,,70,,,,90,,,,65,,,,10,,,,620,3.1,,,0,,,,170,,,,0,,,,165,,,,110,,,,315,,,,75,,,,70,,,,65,,,,55,,,,50,,,,135,,,,40,,,,50,,,,35,,,,10,,,,500,2.4,,,0,,,,100,,,,5,,,,95,,,,75,,,,300,,,,80,,,,55,,,,65,,,,70,,,,35,,,,100,,,,25,,,,40,,,,30,,,,5,,,
"Apr 2026","Nuneaton and Bedworth","E07000219",3585,4.1,5.1,,0,,,,890,,,,20,,,,870,,,,615,,,,1960,,,,380,,,,460,,,,455,,,,385,,,,285,,,,735,,,,240,,,,230,,,,210,,,,50,,,,2040,4.8,,,0,,,,525,,,,10,,,,515,,,,355,,,,1095,,,,245,,,,260,,,,245,,,,200,,,,150,,,,420,,,,135,,,,130,,,,125,,,,30,,,,1540,3.5,,,0,,,,365,,,,5,,,,360,,,,260,,,,865,,,,135,,,,200,,,,210,,,,185,,,,135,,,,310,,,,105,,,,105,,,,80,,,,20,,,
"Apr 2026","Rugby","E07000220",2235,2.9,3.7,,0,,,,410,,,,5,,,,410,,,,255,,,,1295,,,,255,,,,250,,,,290,,,,275,,,,225,,,,530,,,,170,,,,155,,,,170,,,,40,,,,1215,3.2,,,0,,,,240,,,,0,,,,235,,,,150,,,,665,,,,135,,,,125,,,,160,,,,125,,,,115,,,,315,,,,100,,,,90,,,,100,,,,20,,,,1020,2.7,,,0,,,,175,,,,0,,,,170,,,,105,,,,630,,,,120,,,,125,,,,135,,,,145,,,,105,,,,215,,,,65,,,,65,,,,70,,,,15,,,
"Apr 2026","Stratford-on-Avon","E07000221",1920,2.3,3.1,,0,,,,325,,,,5,,,,315,,,,185,,,,1050,,,,185,,,,220,,,,215,,,,245,,,,185,,,,545,,,,175,,,,175,,,,155,,,,40,,,,1005,2.4,,,0,,,,165,,,,5,,,,160,,,,90,,,,530,,,,100,,,,105,,,,105,,,,120,,,,95,,,,310,,,,95,,,,105,,,,85,,,,25,,,,915,2.1,,,0,,,,155,,,,0,,,,155,,,,95,,,,520,,,,85,,,,115,,,,110,,,,125,,,,90,,,,235,,,,80,,,,70,,,,65,,,,15,,,
"Apr 2026","Warwick","E07000222",2365,2.4,3.1,,0,,,,445,,,,5,,,,440,,,,265,,,,1335,,,,270,,,,285,,,,290,,,,280,,,,215,,,,580,,,,195,,,,175,,,,170,,,,45,,,,1310,2.6,,,0,,,,285,,,,5,,,,280,,,,170,,,,715,,,,150,,,,150,,,,150,,,,140,,,,130,,,,310,,,,100,,,,95,,,,90,,,,25,,,,1055,2.2,,,0,,,,160,,,,0,,,,160,,,,95,,,,620,,,,120,,,,135,,,,140,,,,140,,,,85,,,,275,,,,95,,,,80,,,,75,,,,20,,,
"Apr 2026","Birmingham","E08000025",77325,10.0,13.5,,0,,,,15825,,,,60,,,,15760,,,,9035,,,,46425,,,,10930,,,,9145,,,,9580,,,,9130,,,,7640,,,,15080,,,,5890,,,,4700,,,,3605,,,,885,,,,46390,12.1,,,0,,,,10120,,,,35,,,,10085,,,,5685,,,,27220,,,,7485,,,,5685,,,,5350,,,,4705,,,,4000,,,,9050,,,,3330,,,,2870,,,,2220,,,,625,,,,30940,8.0,,,0,,,,5705,,,,30,,,,5675,,,,3355,,,,19200,,,,3445,,,,3460,,,,4230,,,,4420,,,,3640,,,,6030,,,,2560,,,,1830,,,,1385,,,,260,,,
"Apr 2026","Coventry","E08000026",14020,5.8,6.9,,0,,,,2890,,,,25,,,,2865,,,,1680,,,,8320,,,,1905,,,,1720,,,,1730,,,,1655,,,,1300,,,,2815,,,,1070,,,,905,,,,685,,,,160,,,,8160,6.6,,,0,,,,1795,,,,15,,,,1780,,,,1015,,,,4665,,,,1220,,,,990,,,,925,,,,855,,,,680,,,,1695,,,,625,,,,545,,,,425,,,,100,,,,5860,4.9,,,0,,,,1090,,,,10,,,,1085,,,,660,,,,3650,,,,690,,,,730,,,,810,,,,805,,,,620,,,,1120,,,,440,,,,360,,,,255,,,,60,,,
"Apr 2026","Dudley","E08000027",9415,4.7,5.8,,0,,,,2100,,,,10,,,,2090,,,,1360,,,,5310,,,,1045,,,,1105,,,,1195,,,,1075,,,,895,,,,2000,,,,680,,,,645,,,,560,,,,115,,,,5205,5.2,,,0,,,,1220,,,,5,,,,1215,,,,775,,,,2790,,,,575,,,,585,,,,590,,,,535,,,,505,,,,1195,,,,400,,,,405,,,,325,,,,70,,,,4205,4.2,,,0,,,,885,,,,5,,,,880,,,,585,,,,2520,,,,470,,,,515,,,,610,,,,535,,,,390,,,,800,,,,285,,,,240,,,,235,,,,45,,,
"Apr 2026","Sandwell","E08000028",15025,6.7,9.7,,0,,,,3065,,,,25,,,,3040,,,,1870,,,,8720,,,,1570,,,,1745,,,,2025,,,,1875,,,,1505,,,,3240,,,,1170,,,,1000,,,,865,,,,210,,,,8030,7.2,,,0,,,,1840,,,,15,,,,1825,,,,1130,,,,4365,,,,920,,,,910,,,,940,,,,860,,,,735,,,,1825,,,,605,,,,565,,,,500,,,,155,,,,6995,6.2,,,0,,,,1220,,,,10,,,,1215,,,,735,,,,4355,,,,650,,,,835,,,,1085,,,,1015,,,,775,,,,1420,,,,560,,,,435,,,,365,,,,55,,,
"Apr 2026","Solihull","E08000029",4750,3.6,4.3,,0,,,,1155,,,,10,,,,1140,,,,755,,,,2525,,,,530,,,,540,,,,545,,,,505,,,,410,,,,1070,,,,345,,,,365,,,,295,,,,65,,,,2645,4.1,,,0,,,,715,,,,10,,,,710,,,,460,,,,1325,,,,310,,,,295,,,,275,,,,230,,,,210,,,,605,,,,190,,,,205,,,,175,,,,40,,,,2105,3.1,,,0,,,,435,,,,0,,,,435,,,,295,,,,1205,,,,220,,,,245,,,,270,,,,270,,,,195,,,,465,,,,155,,,,160,,,,120,,,,25,,,
"Apr 2026","Walsall","E08000030",10690,5.9,8.2,,0,,,,2450,,,,25,,,,2425,,,,1510,,,,6075,,,,1185,,,,1225,,,,1350,,,,1240,,,,1075,,,,2165,,,,735,,,,700,,,,570,,,,160,,,,5770,6.4,,,0,,,,1455,,,,15,,,,1440,,,,880,,,,3065,,,,655,,,,630,,,,660,,,,590,,,,535,,,,1250,,,,405,,,,415,,,,320,,,,110,,,,4920,5.4,,,0,,,,995,,,,10,,,,985,,,,635,,,,3010,,,,535,,,,595,,,,690,,,,650,,,,540,,,,915,,,,330,,,,285,,,,250,,,,50,,,
"Apr 2026","Wolverhampton","E08000031",11855,6.8,9.2,,0,,,,2420,,,,15,,,,2405,,,,1495,,,,6815,,,,1325,,,,1380,,,,1500,,,,1400,,,,1210,,,,2620,,,,875,,,,810,,,,760,,,,180,,,,6590,7.6,,,0,,,,1455,,,,10,,,,1445,,,,890,,,,3590,,,,770,,,,750,,,,765,,,,675,,,,635,,,,1545,,,,535,,,,465,,,,440,,,,110,,,,5265,6.0,,,0,,,,970,,,,5,,,,965,,,,605,,,,3220,,,,555,,,,630,,,,735,,,,730,,,,575,,,,1075,,,,345,,,,345,,,,320,,,,65,,,
"Apr 2026","Bromsgrove","E07000234",1550,2.6,2.9,,0,,,,320,,,,0,,,,320,,,,210,,,,840,,,,160,,,,185,,,,195,,,,170,,,,135,,,,390,,,,115,,,,120,,,,125,,,,25,,,,910,3.1,,,0,,,,185,,,,0,,,,185,,,,120,,,,505,,,,105,,,,105,,,,115,,,,100,,,,85,,,,220,,,,70,,,,70,,,,65,,,,15,,,,640,2.1,,,0,,,,135,,,,0,,,,135,,,,90,,,,335,,,,55,,,,80,,,,80,,,,70,,,,50,,,,165,,,,45,,,,55,,,,60,,,,10,,,
"Apr 2026","Malvern Hills","E07000235",1150,2.5,3.1,,0,,,,225,,,,0,,,,220,,,,150,,,,600,,,,130,,,,125,,,,130,,,,110,,,,100,,,,325,,,,110,,,,85,,,,100,,,,30,,,,615,2.7,,,0,,,,140,,,,0,,,,140,,,,90,,,,300,,,,75,,,,65,,,,65,,,,45,,,,55,,,,170,,,,45,,,,45,,,,65,,,,15,,,,540,2.3,,,0,,,,80,,,,0,,,,80,,,,60,,,,300,,,,55,,,,60,,,,70,,,,65,,,,50,,,,155,,,,65,,,,40,,,,35,,,,15,,,
"Apr 2026","Redditch","E07000236",2065,3.8,5.0,,0,,,,495,,,,10,,,,485,,,,315,,,,1145,,,,220,,,,245,,,,245,,,,260,,,,180,,,,420,,,,150,,,,120,,,,120,,,,30,,,,1165,4.3,,,0,,,,285,,,,5,,,,280,,,,180,,,,625,,,,125,,,,145,,,,125,,,,140,,,,90,,,,255,,,,90,,,,65,,,,80,,,,20,,,,900,3.3,,,0,,,,210,,,,5,,,,210,,,,135,,,,520,,,,95,,,,100,,,,120,,,,120,,,,90,,,,165,,,,60,,,,55,,,,40,,,,10,,,
"Apr 2026","Worcester","E07000237",2360,3.4,4.0,,0,,,,515,,,,5,,,,510,,,,315,,,,1310,,,,285,,,,275,,,,300,,,,240,,,,210,,,,535,,,,175,,,,155,,,,170,,,,35,,,,1430,4.3,,,0,,,,320,,,,5,,,,315,,,,195,,,,780,,,,200,,,,160,,,,180,,,,125,,,,115,,,,330,,,,105,,,,105,,,,100,,,,25,,,,930,2.6,,,0,,,,195,,,,0,,,,195,,,,115,,,,530,,,,85,,,,115,,,,120,,,,115,,,,95,,,,205,,,,70,,,,50,,,,70,,,,10,,,
"Apr 2026","Wychavon","E07000238",2105,2.6,3.2,,0,,,,440,,,,5,,,,430,,,,285,,,,1185,,,,245,,,,245,,,,270,,,,220,,,,205,,,,475,,,,155,,,,145,,,,135,,,,40,,,,1100,2.8,,,0,,,,245,,,,5,,,,240,,,,150,,,,595,,,,130,,,,125,,,,135,,,,105,,,,105,,,,260,,,,80,,,,75,,,,75,,,,25,,,,1005,2.5,,,0,,,,195,,,,5,,,,190,,,,135,,,,590,,,,120,,,,115,,,,135,,,,120,,,,100,,,,220,,,,75,,,,65,,,,60,,,,15,,,
"Apr 2026","Wyre Forest","E07000239",1940,3.2,4.0,,0,,,,385,,,,0,,,,385,,,,265,,,,1090,,,,210,,,,230,,,,270,,,,235,,,,145,,,,465,,,,155,,,,135,,,,145,,,,25,,,,1055,3.5,,,0,,,,210,,,,0,,,,210,,,,140,,,,585,,,,120,,,,120,,,,135,,,,125,,,,85,,,,260,,,,80,,,,90,,,,75,,,,15,,,,885,2.9,,,0,,,,175,,,,0,,,,175,,,,125,,,,505,,,,90,,,,110,,,,140,,,,115,,,,55,,,,205,,,,75,,,,50,,,,70,,,,10,,,
"Apr 2026","Bedford","E06000055",5380,4.4,5.9,,0,,,,970,,,,15,,,,955,,,,580,,,,3125,,,,560,,,,595,,,,700,,,,695,,,,575,,,,1285,,,,465,,,,425,,,,315,,,,85,,,,2925,4.9,,,0,,,,565,,,,5,,,,560,,,,345,,,,1640,,,,320,,,,325,,,,360,,,,335,,,,295,,,,720,,,,255,,,,235,,,,175,,,,50,,,,2455,4.0,,,0,,,,405,,,,10,,,,395,,,,235,,,,1485,,,,240,,,,270,,,,340,,,,355,,,,280,,,,565,,,,205,,,,190,,,,140,,,,30,,,
"Apr 2026","Central Bedfordshire","E06000056",5165,2.6,3.1,,0,,,,1060,,,,10,,,,1045,,,,660,,,,2885,,,,560,,,,580,,,,685,,,,575,,,,485,,,,1225,,,,395,,,,370,,,,375,,,,85,,,,2725,2.8,,,0,,,,620,,,,5,,,,615,,,,370,,,,1440,,,,300,,,,275,,,,345,,,,300,,,,225,,,,665,,,,210,,,,200,,,,205,,,,50,,,,2440,2.5,,,0,,,,435,,,,5,,,,430,,,,290,,,,1445,,,,265,,,,305,,,,340,,,,275,,,,260,,,,560,,,,185,,,,170,,,,170,,,,35,,,
"Apr 2026","Luton","E06000032",10290,6.6,9.4,,0,,,,1725,,,,5,,,,1720,,,,955,,,,6215,,,,1165,,,,1115,,,,1290,,,,1375,,,,1265,,,,2355,,,,940,,,,730,,,,530,,,,150,,,,5660,7.0,,,0,,,,1075,,,,5,,,,1070,,,,575,,,,3175,,,,730,,,,575,,,,605,,,,630,,,,630,,,,1415,,,,530,,,,435,,,,345,,,,105,,,,4630,6.2,,,0,,,,650,,,,0,,,,650,,,,380,,,,3040,,,,435,,,,540,,,,680,,,,745,,,,635,,,,940,,,,410,,,,295,,,,185,,,,50,,,
"Apr 2026","Peterborough","E06000031",7605,5.4,7.0,,0,,,,1485,,,,10,,,,1480,,,,910,,,,4575,,,,865,,,,950,,,,980,,,,970,,,,810,,,,1540,,,,605,,,,465,,,,375,,,,95,,,,4220,6.1,,,0,,,,895,,,,0,,,,890,,,,540,,,,2460,,,,540,,,,550,,,,490,,,,470,,,,410,,,,865,,,,335,,,,265,,,,205,,,,60,,,,3380,4.8,,,0,,,,595,,,,5,,,,590,,,,365,,,,2115,,,,330,,,,400,,,,490,,,,500,,,,400,,,,675,,,,270,,,,200,,,,170,,,,35,,,
"Apr 2026","Southend-on-Sea","E06000033",4990,4.4,5.1,,0,,,,950,,,,5,,,,945,,,,580,,,,2825,,,,590,,,,600,,,,570,,,,590,,,,480,,,,1220,,,,430,,,,380,,,,335,,,,75,,,,2900,5.1,,,0,,,,575,,,,5,,,,570,,,,340,,,,1590,,,,355,,,,345,,,,325,,,,315,,,,255,,,,735,,,,250,,,,225,,,,215,,,,50,,,,2090,3.6,,,0,,,,375,,,,5,,,,370,,,,245,,,,1235,,,,230,,,,255,,,,245,,,,275,,,,225,,,,480,,,,180,,,,155,,,,120,,,,25,,,
"Apr 2026","Thurrock","E06000034",5070,4.4,5.3,,0,,,,1150,,,,10,,,,1140,,,,705,,,,2975,,,,615,,,,600,,,,670,,,,615,,,,475,,,,940,,,,365,,,,285,,,,225,,,,65,,,,2670,4.8,,,0,,,,695,,,,5,,,,690,,,,415,,,,1455,,,,340,,,,290,,,,305,,,,275,,,,245,,,,520,,,,190,,,,160,,,,125,,,,40,,,,2400,4.0,,,0,,,,455,,,,5,,,,450,,,,285,,,,1520,,,,275,,,,310,,,,365,,,,340,,,,230,,,,420,,,,175,,,,125,,,,100,,,,25,,,
"Apr 2026","Cambridge","E07000008",2255,2.0,3.3,,0,,,,375,,,,5,,,,370,,,,200,,,,1350,,,,255,,,,255,,,,300,,,,285,,,,255,,,,530,,,,170,,,,180,,,,140,,,,35,,,,1245,2.2,,,0,,,,230,,,,0,,,,230,,,,120,,,,725,,,,150,,,,135,,,,165,,,,135,,,,145,,,,290,,,,95,,,,90,,,,80,,,,20,,,,1010,1.8,,,0,,,,145,,,,5,,,,140,,,,80,,,,625,,,,105,,,,120,,,,135,,,,150,,,,110,,,,240,,,,75,,,,90,,,,60,,,,20,,,
"Apr 2026","East Cambridgeshire","E07000009",1250,2.2,2.4,,0,,,,240,,,,5,,,,235,,,,150,,,,690,,,,125,,,,135,,,,145,,,,165,,,,115,,,,320,,,,115,,,,105,,,,80,,,,25,,,,660,2.4,,,0,,,,135,,,,0,,,,130,,,,90,,,,355,,,,70,,,,75,,,,75,,,,85,,,,50,,,,170,,,,65,,,,50,,,,45,,,,15,,,,590,2.1,,,0,,,,105,,,,0,,,,105,,,,65,,,,335,,,,55,,,,60,,,,70,,,,85,,,,65,,,,150,,,,50,,,,55,,,,35,,,,10,,,
"Apr 2026","Fenland","E07000010",2425,3.9,4.8,,0,,,,550,,,,5,,,,545,,,,360,,,,1280,,,,255,,,,255,,,,275,,,,280,,,,220,,,,595,,,,195,,,,195,,,,170,,,,40,,,,1300,4.3,,,0,,,,295,,,,0,,,,295,,,,185,,,,665,,,,140,,,,125,,,,145,,,,130,,,,125,,,,340,,,,115,,,,110,,,,95,,,,25,,,,1125,3.6,,,0,,,,255,,,,0,,,,250,,,,170,,,,615,,,,115,,,,130,,,,130,,,,145,,,,95,,,,255,,,,80,,,,85,,,,75,,,,15,,,
"Apr 2026","Huntingdonshire","E07000011",2765,2.4,2.9,,0,,,,590,,,,10,,,,580,,,,350,,,,1570,,,,310,,,,315,,,,360,,,,335,,,,250,,,,610,,,,210,,,,180,,,,170,,,,45,,,,1520,2.6,,,0,,,,340,,,,5,,,,335,,,,205,,,,815,,,,180,,,,165,,,,170,,,,165,,,,140,,,,365,,,,115,,,,110,,,,100,,,,35,,,,1245,2.1,,,0,,,,250,,,,5,,,,245,,,,145,,,,750,,,,130,,,,150,,,,190,,,,165,,,,115,,,,245,,,,95,,,,70,,,,70,,,,15,,,
"Apr 2026","South Cambridgeshire","E07000012",2010,1.9,2.4,,0,,,,345,,,,5,,,,345,,,,190,,,,1165,,,,210,,,,230,,,,275,,,,250,,,,200,,,,500,,,,170,,,,160,,,,135,,,,35,,,,1055,2.1,,,0,,,,215,,,,5,,,,210,,,,110,,,,575,,,,110,,,,125,,,,130,,,,120,,,,90,,,,270,,,,75,,,,90,,,,80,,,,25,,,,955,1.8,,,0,,,,135,,,,0,,,,135,,,,80,,,,590,,,,100,,,,105,,,,145,,,,135,,,,110,,,,235,,,,90,,,,70,,,,55,,,,15,,,
"Apr 2026","Basildon","E07000066",4605,3.8,4.3,,0,,,,1030,,,,15,,,,1015,,,,645,,,,2660,,,,525,,,,580,,,,585,,,,530,,,,440,,,,920,,,,320,,,,275,,,,260,,,,65,,,,2465,4.2,,,0,,,,605,,,,5,,,,600,,,,380,,,,1340,,,,285,,,,295,,,,300,,,,255,,,,205,,,,515,,,,180,,,,160,,,,130,,,,45,,,,2140,3.5,,,0,,,,425,,,,5,,,,415,,,,265,,,,1320,,,,240,,,,285,,,,285,,,,275,,,,235,,,,400,,,,140,,,,115,,,,125,,,,20,,,
"Apr 2026","Braintree","E07000067",2750,2.7,3.4,,0,,,,565,,,,15,,,,550,,,,375,,,,1510,,,,320,,,,310,,,,340,,,,300,,,,245,,,,670,,,,225,,,,215,,,,190,,,,40,,,,1475,3.0,,,0,,,,315,,,,5,,,,310,,,,200,,,,785,,,,170,,,,150,,,,165,,,,160,,,,140,,,,375,,,,120,,,,130,,,,95,,,,25,,,,1275,2.5,,,0,,,,250,,,,10,,,,240,,,,175,,,,725,,,,150,,,,160,,,,175,,,,140,,,,105,,,,295,,,,105,,,,85,,,,90,,,,15,,,
"Apr 2026","Brentwood","E07000068",1245,2.6,2.9,,0,,,,190,,,,0,,,,190,,,,110,,,,725,,,,135,,,,150,,,,170,,,,160,,,,110,,,,330,,,,125,,,,105,,,,85,,,,15,,,,645,2.7,,,0,,,,115,,,,0,,,,115,,,,65,,,,350,,,,80,,,,70,,,,75,,,,70,,,,55,,,,180,,,,65,,,,60,,,,45,,,,10,,,,600,2.4,,,0,,,,75,,,,0,,,,70,,,,45,,,,375,,,,55,,,,80,,,,95,,,,85,,,,55,,,,150,,,,60,,,,45,,,,40,,,,5,,,
"Apr 2026","Castle Point","E07000069",1285,2.5,2.5,,0,,,,300,,,,5,,,,300,,,,205,,,,670,,,,155,,,,140,,,,145,,,,140,,,,95,,,,315,,,,90,,,,100,,,,100,,,,20,,,,705,2.8,,,0,,,,170,,,,0,,,,170,,,,120,,,,355,,,,80,,,,70,,,,75,,,,75,,,,55,,,,180,,,,40,,,,60,,,,60,,,,15,,,,580,2.2,,,0,,,,130,,,,0,,,,130,,,,85,,,,315,,,,75,,,,70,,,,70,,,,65,,,,40,,,,135,,,,45,,,,40,,,,40,,,,5,,,
"Apr 2026","Chelmsford","E07000070",3220,2.8,3.5,,0,,,,635,,,,5,,,,630,,,,380,,,,1825,,,,335,,,,395,,,,415,,,,360,,,,320,,,,760,,,,255,,,,255,,,,215,,,,40,,,,1785,3.1,,,0,,,,365,,,,5,,,,365,,,,225,,,,990,,,,195,,,,210,,,,215,,,,190,,,,180,,,,425,,,,135,,,,145,,,,120,,,,25,,,,1440,2.4,,,0,,,,270,,,,0,,,,270,,,,160,,,,830,,,,140,,,,185,,,,195,,,,170,,,,140,,,,340,,,,125,,,,105,,,,95,,,,15,,,
"Apr 2026","Colchester","E07000071",3950,3.1,3.7,,0,,,,870,,,,15,,,,860,,,,530,,,,2260,,,,490,,,,420,,,,520,,,,455,,,,380,,,,820,,,,270,,,,255,,,,240,,,,60,,,,2270,3.6,,,0,,,,505,,,,5,,,,500,,,,300,,,,1265,,,,315,,,,230,,,,285,,,,230,,,,205,,,,495,,,,170,,,,160,,,,140,,,,35,,,,1680,2.7,,,0,,,,365,,,,5,,,,360,,,,230,,,,995,,,,175,,,,190,,,,230,,,,225,,,,175,,,,320,,,,100,,,,95,,,,100,,,,25,,,
"Apr 2026","Epping Forest","E07000072",2570,3.1,3.3,,0,,,,450,,,,5,,,,445,,,,270,,,,1510,,,,295,,,,285,,,,335,,,,325,,,,270,,,,615,,,,220,,,,200,,,,165,,,,30,,,,1320,3.2,,,0,,,,270,,,,5,,,,265,,,,165,,,,715,,,,150,,,,140,,,,155,,,,155,,,,115,,,,335,,,,115,,,,105,,,,95,,,,20,,,,1250,2.9,,,0,,,,180,,,,0,,,,180,,,,105,,,,790,,,,145,,,,145,,,,180,,,,170,,,,155,,,,280,,,,105,,,,95,,,,70,,,,10,,,
"Apr 2026","Harlow","E07000073",2875,4.6,6.8,,0,,,,585,,,,5,,,,575,,,,375,,,,1645,,,,305,,,,325,,,,400,,,,355,,,,260,,,,650,,,,205,,,,200,,,,200,,,,45,,,,1580,5.3,,,0,,,,355,,,,5,,,,350,,,,225,,,,860,,,,175,,,,170,,,,195,,,,185,,,,130,,,,370,,,,110,,,,115,,,,110,,,,35,,,,1295,4.0,,,0,,,,230,,,,5,,,,225,,,,150,,,,785,,,,130,,,,155,,,,200,,,,165,,,,130,,,,280,,,,95,,,,85,,,,90,,,,10,,,
"Apr 2026","Maldon","E07000074",1005,2.5,3.4,,0,,,,195,,,,5,,,,190,,,,110,,,,520,,,,110,,,,105,,,,110,,,,95,,,,100,,,,290,,,,75,,,,110,,,,85,,,,25,,,,550,2.8,,,0,,,,125,,,,0,,,,125,,,,70,,,,270,,,,70,,,,50,,,,55,,,,45,,,,45,,,,160,,,,40,,,,55,,,,50,,,,15,,,,450,2.2,,,0,,,,70,,,,5,,,,65,,,,40,,,,250,,,,40,,,,55,,,,50,,,,50,,,,55,,,,135,,,,35,,,,55,,,,35,,,,10,,,
"Apr 2026","Rochford","E07000075",1220,2.3,2.6,,0,,,,310,,,,0,,,,305,,,,190,,,,610,,,,145,,,,125,,,,125,,,,125,,,,90,,,,300,,,,120,,,,90,,,,80,,,,10,,,,650,2.5,,,0,,,,170,,,,0,,,,165,,,,95,,,,310,,,,70,,,,65,,,,65,,,,60,,,,50,,,,175,,,,65,,,,45,,,,55,,,,10,,,,570,2.1,,,0,,,,140,,,,0,,,,140,,,,95,,,,300,,,,70,,,,60,,,,60,,,,65,,,,40,,,,130,,,,55,,,,45,,,,25,,,,5,,,
"Apr 2026","Tendring","E07000076",3610,4.2,5.7,,0,,,,880,,,,10,,,,865,,,,580,,,,1820,,,,375,,,,380,,,,420,,,,365,,,,285,,,,910,,,,270,,,,285,,,,285,,,,70,,,,2070,5.0,,,0,,,,520,,,,5,,,,515,,,,335,,,,1040,,,,215,,,,215,,,,235,,,,210,,,,165,,,,515,,,,155,,,,160,,,,165,,,,40,,,,1540,3.5,,,0,,,,360,,,,5,,,,355,,,,240,,,,785,,,,165,,,,165,,,,180,,,,155,,,,120,,,,395,,,,115,,,,130,,,,120,,,,30,,,
"Apr 2026","Uttlesford","E07000077",1115,2.0,2.3,,0,,,,165,,,,0,,,,165,,,,100,,,,665,,,,125,,,,120,,,,150,,,,140,,,,125,,,,285,,,,105,,,,80,,,,75,,,,25,,,,560,2.0,,,0,,,,100,,,,0,,,,100,,,,55,,,,320,,,,70,,,,60,,,,75,,,,60,,,,55,,,,140,,,,45,,,,35,,,,40,,,,20,,,,555,1.9,,,0,,,,70,,,,0,,,,70,,,,45,,,,345,,,,55,,,,60,,,,75,,,,80,,,,70,,,,145,,,,60,,,,45,,,,35,,,,5,,,
"Apr 2026","Broxbourne","E07000095",2215,3.5,4.0,,0,,,,420,,,,5,,,,415,,,,255,,,,1320,,,,245,,,,235,,,,315,,,,295,,,,230,,,,480,,,,175,,,,145,,,,130,,,,30,,,,1130,3.6,,,0,,,,225,,,,5,,,,220,,,,135,,,,665,,,,145,,,,130,,,,155,,,,135,,,,105,,,,240,,,,90,,,,70,,,,65,,,,15,,,,1085,3.3,,,0,,,,195,,,,0,,,,190,,,,120,,,,655,,,,105,,,,110,,,,160,,,,160,,,,120,,,,240,,,,85,,,,75,,,,65,,,,15,,,
"Apr 2026","Dacorum","E07000096",3195,3.2,3.4,,0,,,,550,,,,0,,,,550,,,,330,,,,1910,,,,405,,,,395,,,,385,,,,385,,,,345,,,,735,,,,255,,,,205,,,,220,,,,50,,,,1725,3.5,,,0,,,,330,,,,0,,,,330,,,,185,,,,990,,,,235,,,,200,,,,200,,,,185,,,,170,,,,405,,,,135,,,,115,,,,130,,,,25,,,,1475,2.9,,,0,,,,225,,,,0,,,,220,,,,145,,,,925,,,,170,,,,195,,,,185,,,,200,,,,175,,,,325,,,,125,,,,85,,,,95,,,,25,,,
"Apr 2026","East Hertfordshire","E07000242",1920,2.0,2.2,,0,,,,300,,,,5,,,,295,,,,155,,,,1125,,,,175,,,,230,,,,275,,,,225,,,,215,,,,500,,,,170,,,,145,,,,150,,,,35,,,,1000,2.1,,,0,,,,170,,,,5,,,,170,,,,90,,,,555,,,,90,,,,120,,,,130,,,,105,,,,115,,,,275,,,,90,,,,85,,,,80,,,,20,,,,920,1.8,,,0,,,,125,,,,0,,,,125,,,,65,,,,570,,,,85,,,,110,,,,145,,,,120,,,,105,,,,225,,,,80,,,,60,,,,65,,,,15,,,
"Apr 2026","Hertsmere","E07000098",2425,3.6,4.4,,0,,,,415,,,,0,,,,415,,,,225,,,,1370,,,,260,,,,310,,,,280,,,,270,,,,250,,,,635,,,,210,,,,195,,,,185,,,,45,,,,1325,4.1,,,0,,,,255,,,,0,,,,250,,,,140,,,,705,,,,145,,,,165,,,,135,,,,140,,,,125,,,,365,,,,105,,,,110,,,,115,,,,35,,,,1100,3.1,,,0,,,,160,,,,0,,,,160,,,,85,,,,665,,,,115,,,,145,,,,145,,,,135,,,,125,,,,270,,,,105,,,,85,,,,70,,,,15,,,
"Apr 2026","North Hertfordshire","E07000099",1960,2.3,2.6,,0,,,,365,,,,5,,,,355,,,,235,,,,1070,,,,195,,,,220,,,,210,,,,240,,,,210,,,,525,,,,185,,,,175,,,,135,,,,35,,,,1045,2.6,,,0,,,,225,,,,5,,,,220,,,,145,,,,535,,,,115,,,,110,,,,100,,,,105,,,,105,,,,285,,,,100,,,,100,,,,70,,,,20,,,,915,2.1,,,0,,,,140,,,,5,,,,140,,,,90,,,,535,,,,80,,,,110,,,,110,,,,130,,,,105,,,,240,,,,85,,,,75,,,,65,,,,15,,,
"Apr 2026","St Albans","E07000240",2230,2.4,2.7,,0,,,,380,,,,5,,,,370,,,,210,,,,1260,,,,220,,,,215,,,,275,,,,275,,,,280,,,,590,,,,230,,,,175,,,,160,,,,25,,,,1225,2.7,,,0,,,,225,,,,5,,,,220,,,,130,,,,635,,,,135,,,,115,,,,130,,,,115,,,,140,,,,365,,,,135,,,,110,,,,100,,,,20,,,,1000,2.1,,,0,,,,155,,,,5,,,,150,,,,80,,,,625,,,,85,,,,100,,,,145,,,,155,,,,140,,,,225,,,,90,,,,70,,,,60,,,,5,,,
"Apr 2026","Stevenage","E07000243",2090,3.5,4.4,,0,,,,465,,,,5,,,,455,,,,280,,,,1135,,,,200,,,,235,,,,285,,,,235,,,,180,,,,490,,,,130,,,,165,,,,150,,,,45,,,,1205,4.1,,,0,,,,280,,,,5,,,,275,,,,165,,,,645,,,,125,,,,130,,,,160,,,,120,,,,110,,,,280,,,,70,,,,95,,,,90,,,,25,,,,885,3.0,,,0,,,,185,,,,5,,,,180,,,,115,,,,495,,,,80,,,,105,,,,125,,,,110,,,,70,,,,205,,,,60,,,,70,,,,60,,,,20,,,
"Apr 2026","Three Rivers","E07000102",1595,2.7,3.2,,0,,,,285,,,,0,,,,280,,,,160,,,,895,,,,195,,,,185,,,,150,,,,190,,,,170,,,,415,,,,150,,,,110,,,,130,,,,20,,,,875,3.0,,,0,,,,160,,,,0,,,,160,,,,85,,,,485,,,,115,,,,110,,,,85,,,,95,,,,80,,,,230,,,,80,,,,60,,,,80,,,,10,,,,715,2.4,,,0,,,,125,,,,0,,,,125,,,,75,,,,410,,,,80,,,,70,,,,65,,,,95,,,,95,,,,185,,,,70,,,,50,,,,50,,,,10,,,
"Apr 2026","Watford","E07000103",3185,4.5,5.6,,0,,,,480,,,,0,,,,480,,,,255,,,,1930,,,,380,,,,380,,,,425,,,,405,,,,345,,,,770,,,,295,,,,230,,,,205,,,,40,,,,1695,4.8,,,0,,,,290,,,,0,,,,285,,,,145,,,,980,,,,235,,,,185,,,,200,,,,175,,,,185,,,,425,,,,145,,,,130,,,,115,,,,30,,,,1490,4.2,,,0,,,,195,,,,0,,,,195,,,,110,,,,950,,,,145,,,,195,,,,225,,,,230,,,,160,,,,345,,,,145,,,,100,,,,95,,,,10,,,
"Apr 2026","Welwyn Hatfield","E07000241",2450,3.1,3.5,,0,,,,475,,,,5,,,,470,,,,250,,,,1440,,,,285,,,,300,,,,320,,,,275,,,,260,,,,535,,,,180,,,,165,,,,155,,,,35,,,,1330,3.3,,,0,,,,270,,,,0,,,,270,,,,130,,,,765,,,,180,,,,160,,,,150,,,,135,,,,145,,,,295,,,,105,,,,90,,,,85,,,,15,,,,1120,2.8,,,0,,,,205,,,,5,,,,200,,,,120,,,,675,,,,110,,,,140,,,,170,,,,140,,,,115,,,,240,,,,75,,,,70,,,,70,,,,20,,,
"Apr 2026","Breckland","E07000143",2255,2.7,3.0,,0,,,,485,,,,5,,,,485,,,,300,,,,1190,,,,245,,,,250,,,,275,,,,225,,,,195,,,,575,,,,175,,,,190,,,,175,,,,35,,,,1230,2.9,,,0,,,,285,,,,0,,,,285,,,,175,,,,620,,,,150,,,,115,,,,135,,,,120,,,,95,,,,325,,,,100,,,,100,,,,105,,,,25,,,,1025,2.4,,,0,,,,205,,,,5,,,,200,,,,125,,,,570,,,,95,,,,130,,,,140,,,,105,,,,100,,,,250,,,,75,,,,90,,,,70,,,,15,,,
"Apr 2026","Broadland","E07000144",1695,2.1,2.4,,0,,,,360,,,,0,,,,360,,,,215,,,,910,,,,175,,,,205,,,,200,,,,180,,,,155,,,,425,,,,140,,,,130,,,,130,,,,25,,,,905,2.3,,,0,,,,215,,,,0,,,,215,,,,130,,,,455,,,,95,,,,100,,,,95,,,,95,,,,70,,,,235,,,,75,,,,70,,,,75,,,,15,,,,790,1.9,,,0,,,,145,,,,0,,,,145,,,,90,,,,455,,,,75,,,,100,,,,110,,,,85,,,,85,,,,190,,,,65,,,,60,,,,50,,,,15,,,
"Apr 2026","Great Yarmouth","E07000145",2950,5.0,6.6,,0,,,,680,,,,5,,,,675,,,,425,,,,1510,,,,360,,,,330,,,,325,,,,280,,,,215,,,,760,,,,230,,,,225,,,,235,,,,70,,,,1705,6.0,,,0,,,,440,,,,0,,,,440,,,,270,,,,805,,,,195,,,,180,,,,170,,,,145,,,,120,,,,455,,,,140,,,,135,,,,135,,,,50,,,,1245,4.2,,,0,,,,235,,,,0,,,,235,,,,155,,,,700,,,,165,,,,150,,,,160,,,,135,,,,95,,,,305,,,,90,,,,90,,,,105,,,,20,,,
"Apr 2026","King's Lynn and West Norfolk","E07000146",2765,3.1,3.9,,0,,,,630,,,,5,,,,625,,,,410,,,,1485,,,,315,,,,315,,,,345,,,,285,,,,225,,,,650,,,,205,,,,205,,,,200,,,,40,,,,1485,3.4,,,0,,,,365,,,,0,,,,365,,,,235,,,,770,,,,180,,,,180,,,,160,,,,140,,,,110,,,,355,,,,110,,,,115,,,,110,,,,20,,,,1280,2.9,,,0,,,,270,,,,5,,,,265,,,,175,,,,715,,,,135,,,,140,,,,180,,,,145,,,,115,,,,295,,,,95,,,,90,,,,90,,,,20,,,
"Apr 2026","North Norfolk","E07000147",1540,2.9,3.2,,0,,,,315,,,,5,,,,310,,,,195,,,,815,,,,160,,,,160,,,,200,,,,170,,,,125,,,,410,,,,135,,,,120,,,,130,,,,25,,,,840,3.2,,,0,,,,190,,,,5,,,,185,,,,115,,,,430,,,,90,,,,95,,,,105,,,,90,,,,50,,,,220,,,,70,,,,65,,,,70,,,,20,,,,700,2.6,,,0,,,,130,,,,5,,,,125,,,,85,,,,380,,,,70,,,,65,,,,95,,,,75,,,,75,,,,190,,,,65,,,,55,,,,60,,,,10,,,
"Apr 2026","Norwich","E07000148",4320,4.2,5.4,,0,,,,985,,,,10,,,,975,,,,595,,,,2480,,,,600,,,,550,,,,525,,,,455,,,,355,,,,855,,,,310,,,,270,,,,225,,,,50,,,,2575,5.0,,,0,,,,605,,,,5,,,,600,,,,370,,,,1445,,,,360,,,,320,,,,300,,,,255,,,,210,,,,525,,,,195,,,,165,,,,135,,,,35,,,,1745,3.5,,,0,,,,380,,,,5,,,,375,,,,230,,,,1035,,,,240,,,,230,,,,225,,,,200,,,,145,,,,330,,,,120,,,,105,,,,90,,,,15,,,
"Apr 2026","South Norfolk","E07000149",2035,2.4,2.9,,0,,,,455,,,,5,,,,450,,,,305,,,,1060,,,,225,,,,225,,,,225,,,,210,,,,170,,,,525,,,,175,,,,180,,,,145,,,,25,,,,1085,2.6,,,0,,,,260,,,,0,,,,260,,,,175,,,,540,,,,135,,,,110,,,,110,,,,105,,,,80,,,,285,,,,90,,,,95,,,,85,,,,20,,,,950,2.2,,,0,,,,195,,,,5,,,,190,,,,130,,,,520,,,,90,,,,120,,,,115,,,,105,,,,95,,,,240,,,,90,,,,85,,,,60,,,,5,,,
"Apr 2026","Babergh","E07000200",1375,2.5,3.1,,0,,,,265,,,,0,,,,265,,,,170,,,,715,,,,150,,,,155,,,,165,,,,130,,,,115,,,,395,,,,130,,,,120,,,,110,,,,30,,,,725,2.7,,,0,,,,160,,,,0,,,,160,,,,95,,,,360,,,,85,,,,85,,,,75,,,,65,,,,50,,,,210,,,,65,,,,65,,,,55,,,,20,,,,650,2.3,,,0,,,,110,,,,0,,,,105,,,,75,,,,355,,,,65,,,,70,,,,85,,,,65,,,,65,,,,185,,,,65,,,,55,,,,55,,,,10,,,
"Apr 2026","Ipswich","E07000202",3930,4.5,5.4,,0,,,,750,,,,10,,,,740,,,,465,,,,2320,,,,435,,,,495,,,,555,,,,445,,,,395,,,,855,,,,280,,,,285,,,,235,,,,55,,,,2180,5.0,,,0,,,,475,,,,0,,,,475,,,,295,,,,1205,,,,260,,,,245,,,,270,,,,220,,,,205,,,,500,,,,160,,,,180,,,,140,,,,25,,,,1750,4.0,,,0,,,,275,,,,5,,,,270,,,,170,,,,1120,,,,170,,,,250,,,,280,,,,230,,,,190,,,,355,,,,125,,,,110,,,,95,,,,25,,,
"Apr 2026","Mid Suffolk","E07000203",1305,2.0,2.4,,0,,,,250,,,,0,,,,250,,,,160,,,,680,,,,150,,,,125,,,,160,,,,135,,,,110,,,,370,,,,125,,,,95,,,,125,,,,25,,,,685,2.1,,,0,,,,150,,,,0,,,,150,,,,95,,,,345,,,,85,,,,55,,,,80,,,,80,,,,50,,,,185,,,,60,,,,45,,,,65,,,,15,,,,620,1.9,,,0,,,,100,,,,0,,,,100,,,,65,,,,335,,,,70,,,,70,,,,80,,,,60,,,,60,,,,185,,,,65,,,,50,,,,55,,,,10,,,
"Apr 2026","East Suffolk","E07000244",4155,3.0,3.3,,0,,,,945,,,,5,,,,940,,,,600,,,,2175,,,,495,,,,445,,,,485,,,,390,,,,355,,,,1035,,,,310,,,,345,,,,315,,,,65,,,,2300,3.3,,,0,,,,550,,,,0,,,,545,,,,330,,,,1160,,,,280,,,,235,,,,255,,,,190,,,,195,,,,590,,,,180,,,,195,,,,180,,,,35,,,,1855,2.6,,,0,,,,395,,,,5,,,,390,,,,270,,,,1015,,,,215,,,,210,,,,230,,,,200,,,,160,,,,445,,,,135,,,,145,,,,135,,,,30,,,
"Apr 2026","West Suffolk","E07000245",2905,2.5,3.1,,0,,,,535,,,,5,,,,535,,,,335,,,,1640,,,,315,,,,365,,,,385,,,,310,,,,265,,,,725,,,,240,,,,215,,,,210,,,,60,,,,1515,2.6,,,0,,,,310,,,,5,,,,305,,,,190,,,,805,,,,160,,,,180,,,,180,,,,145,,,,140,,,,395,,,,125,,,,110,,,,130,,,,35,,,,1390,2.5,,,0,,,,225,,,,0,,,,225,,,,145,,,,835,,,,155,,,,185,,,,205,,,,165,,,,125,,,,330,,,,115,,,,105,,,,85,,,,25,,,
"Apr 2026","Camden","E09000007",7330,4.6,4.6,,0,,,,1130,,,,5,,,,1130,,,,580,,,,4135,,,,885,,,,800,,,,820,,,,845,,,,790,,,,2065,,,,720,,,,640,,,,575,,,,130,,,,3900,5.3,,,0,,,,690,,,,0,,,,690,,,,380,,,,2130,,,,525,,,,450,,,,395,,,,400,,,,360,,,,1080,,,,355,,,,325,,,,315,,,,85,,,,3430,4.0,,,0,,,,440,,,,0,,,,440,,,,200,,,,2005,,,,360,,,,350,,,,420,,,,445,,,,430,,,,985,,,,365,,,,315,,,,260,,,,45,,,
"Apr 2026","City of London","E09000001",145,1.1,11.9,,0,,,,20,,,,0,,,,20,,,,15,,,,85,,,,20,,,,20,,,,15,,,,15,,,,15,,,,40,,,,5,,,,20,,,,10,,,,5,,,,90,1.3,,,0,,,,20,,,,0,,,,20,,,,10,,,,45,,,,10,,,,10,,,,10,,,,10,,,,5,,,,25,,,,5,,,,15,,,,5,,,,0,,,,55,0.9,,,0,,,,5,,,,0,,,,5,,,,5,,,,40,,,,5,,,,10,,,,5,,,,5,,,,10,,,,15,,,,0,,,,5,,,,5,,,,0,,,
"Apr 2026","Hackney","E09000012",13665,7.0,7.6,,0,,,,2000,,,,5,,,,1995,,,,1040,,,,7940,,,,1725,,,,1645,,,,1665,,,,1540,,,,1360,,,,3730,,,,1225,,,,1175,,,,1075,,,,250,,,,7160,7.7,,,0,,,,1145,,,,0,,,,1145,,,,575,,,,4000,,,,960,,,,870,,,,815,,,,715,,,,640,,,,2015,,,,600,,,,655,,,,605,,,,160,,,,6500,6.3,,,0,,,,855,,,,5,,,,850,,,,465,,,,3935,,,,765,,,,775,,,,850,,,,825,,,,720,,,,1715,,,,630,,,,525,,,,470,,,,90,,,
"Apr 2026","Hammersmith and Fulham","E09000013",6665,4.8,6.6,,0,,,,860,,,,0,,,,855,,,,430,,,,3935,,,,820,,,,825,,,,835,,,,780,,,,675,,,,1870,,,,635,,,,595,,,,510,,,,130,,,,3620,5.6,,,0,,,,520,,,,0,,,,520,,,,260,,,,2115,,,,470,,,,475,,,,445,,,,405,,,,315,,,,985,,,,320,,,,315,,,,275,,,,75,,,,3045,4.0,,,0,,,,340,,,,0,,,,335,,,,170,,,,1820,,,,350,,,,350,,,,390,,,,375,,,,360,,,,885,,,,315,,,,280,,,,240,,,,55,,,
"Apr 2026","Haringey","E09000014",13895,7.4,8.5,,0,,,,1855,,,,0,,,,1855,,,,910,,,,8280,,,,1805,,,,1720,,,,1765,,,,1635,,,,1360,,,,3760,,,,1275,,,,1175,,,,1065,,,,245,,,,7625,8.6,,,0,,,,1135,,,,0,,,,1130,,,,560,,,,4360,,,,1055,,,,910,,,,930,,,,785,,,,675,,,,2135,,,,655,,,,675,,,,640,,,,165,,,,6270,6.4,,,0,,,,720,,,,0,,,,720,,,,350,,,,3920,,,,750,,,,810,,,,835,,,,845,,,,685,,,,1625,,,,620,,,,495,,,,425,,,,80,,,
"Apr 2026","Islington","E09000019",9235,5.4,6.0,,0,,,,1390,,,,5,,,,1390,,,,735,,,,5575,,,,1240,,,,1225,,,,1180,,,,1040,,,,890,,,,2265,,,,740,,,,725,,,,665,,,,135,,,,4920,6.2,,,0,,,,835,,,,0,,,,835,,,,440,,,,2870,,,,700,,,,645,,,,570,,,,505,,,,450,,,,1220,,,,370,,,,400,,,,370,,,,75,,,,4315,4.8,,,0,,,,560,,,,5,,,,555,,,,295,,,,2710,,,,545,,,,580,,,,615,,,,535,,,,440,,,,1045,,,,370,,,,325,,,,295,,,,60,,,
"Apr 2026","Kensington and Chelsea","E09000020",3520,3.4,4.7,,0,,,,410,,,,0,,,,405,,,,220,,,,1965,,,,415,,,,400,,,,390,,,,380,,,,385,,,,1145,,,,355,,,,335,,,,375,,,,75,,,,1865,4.0,,,0,,,,265,,,,0,,,,265,,,,140,,,,1030,,,,260,,,,230,,,,200,,,,180,,,,165,,,,570,,,,165,,,,165,,,,200,,,,45,,,,1655,3.0,,,0,,,,145,,,,0,,,,145,,,,80,,,,935,,,,155,,,,170,,,,190,,,,200,,,,220,,,,575,,,,195,,,,175,,,,175,,,,30,,,
"Apr 2026","Lambeth","E09000022",15010,6.2,7.0,,0,,,,2195,,,,5,,,,2195,,,,1155,,,,8485,,,,1875,,,,1635,,,,1775,,,,1650,,,,1545,,,,4330,,,,1455,,,,1345,,,,1270,,,,265,,,,8100,6.9,,,0,,,,1350,,,,5,,,,1345,,,,720,,,,4455,,,,1090,,,,945,,,,915,,,,780,,,,730,,,,2295,,,,725,,,,715,,,,700,,,,155,,,,6910,5.5,,,0,,,,850,,,,0,,,,850,,,,435,,,,4025,,,,785,,,,690,,,,860,,,,870,,,,820,,,,2035,,,,725,,,,630,,,,570,,,,110,,,
"Apr 2026","Lewisham","E09000023",14845,6.9,7.5,,0,,,,2315,,,,10,,,,2305,,,,1155,,,,8655,,,,2025,,,,1700,,,,1735,,,,1705,,,,1490,,,,3875,,,,1315,,,,1225,,,,1110,,,,225,,,,7930,7.9,,,0,,,,1385,,,,5,,,,1380,,,,700,,,,4475,,,,1150,,,,925,,,,855,,,,810,,,,735,,,,2070,,,,655,,,,665,,,,610,,,,145,,,,6915,6.0,,,0,,,,930,,,,5,,,,925,,,,455,,,,4180,,,,875,,,,770,,,,880,,,,900,,,,750,,,,1805,,,,660,,,,565,,,,500,,,,80,,,
"Apr 2026","Newham","E09000025",20425,7.5,11.1,,0,,,,2875,,,,10,,,,2870,,,,1510,,,,12240,,,,2280,,,,2220,,,,2550,,,,2710,,,,2485,,,,5305,,,,1980,,,,1685,,,,1275,,,,360,,,,10535,7.6,,,0,,,,1720,,,,5,,,,1715,,,,915,,,,5955,,,,1355,,,,1155,,,,1160,,,,1120,,,,1165,,,,2860,,,,980,,,,905,,,,720,,,,260,,,,9890,7.4,,,0,,,,1160,,,,5,,,,1155,,,,595,,,,6285,,,,925,,,,1060,,,,1390,,,,1590,,,,1320,,,,2445,,,,1000,,,,785,,,,555,,,,105,,,
"Apr 2026","Southwark","E09000028",13415,5.7,6.9,,0,,,,1945,,,,5,,,,1940,,,,970,,,,7925,,,,1790,,,,1715,,,,1565,,,,1495,,,,1360,,,,3550,,,,1140,,,,1120,,,,1065,,,,225,,,,7010,6.2,,,0,,,,1170,,,,0,,,,1170,,,,595,,,,3975,,,,1000,,,,925,,,,770,,,,685,,,,595,,,,1865,,,,550,,,,580,,,,590,,,,140,,,,6410,5.2,,,0,,,,775,,,,0,,,,770,,,,375,,,,3950,,,,790,,,,790,,,,795,,,,810,,,,765,,,,1685,,,,590,,,,540,,,,475,,,,85,,,
"Apr 2026","Tower Hamlets","E09000030",17210,6.7,8.8,,0,,,,2865,,,,0,,,,2865,,,,1545,,,,10220,,,,2005,,,,1940,,,,2070,,,,2160,,,,2045,,,,4125,,,,1710,,,,1260,,,,860,,,,290,,,,9475,7.4,,,0,,,,1775,,,,0,,,,1775,,,,970,,,,5180,,,,1175,,,,1060,,,,985,,,,985,,,,975,,,,2525,,,,945,,,,790,,,,570,,,,225,,,,7735,6.1,,,0,,,,1095,,,,0,,,,1090,,,,575,,,,5040,,,,830,,,,880,,,,1085,,,,1175,,,,1070,,,,1600,,,,770,,,,475,,,,295,,,,65,,,
"Apr 2026","Wandsworth","E09000032",10080,4.0,4.8,,0,,,,1315,,,,0,,,,1315,,,,665,,,,5975,,,,1210,,,,1240,,,,1250,,,,1105,,,,1170,,,,2785,,,,980,,,,875,,,,770,,,,165,,,,5325,4.5,,,0,,,,810,,,,0,,,,810,,,,405,,,,3070,,,,700,,,,655,,,,640,,,,525,,,,540,,,,1450,,,,465,,,,450,,,,440,,,,95,,,,4755,3.6,,,0,,,,505,,,,0,,,,505,,,,260,,,,2910,,,,510,,,,585,,,,610,,,,580,,,,630,,,,1340,,,,515,,,,430,,,,330,,,,65,,,
"Apr 2026","Westminster","E09000033",6450,4.1,4.1,,0,,,,815,,,,0,,,,810,,,,380,,,,3790,,,,795,,,,745,,,,805,,,,740,,,,705,,,,1850,,,,605,,,,560,,,,545,,,,140,,,,3550,4.7,,,0,,,,525,,,,0,,,,520,,,,245,,,,2050,,,,480,,,,440,,,,435,,,,355,,,,340,,,,975,,,,300,,,,285,,,,300,,,,90,,,,2905,3.6,,,0,,,,290,,,,0,,,,290,,,,135,,,,1740,,,,315,,,,300,,,,375,,,,385,,,,360,,,,875,,,,305,,,,275,,,,245,,,,50,,,
"Apr 2026","Barking and Dagenham","E09000002",11645,7.6,10.5,,0,,,,1955,,,,5,,,,1945,,,,1090,,,,7175,,,,1340,,,,1345,,,,1585,,,,1500,,,,1405,,,,2515,,,,990,,,,770,,,,580,,,,175,,,,5725,7.6,,,0,,,,1170,,,,5,,,,1165,,,,640,,,,3230,,,,735,,,,640,,,,645,,,,610,,,,600,,,,1330,,,,510,,,,415,,,,295,,,,110,,,,5920,7.5,,,0,,,,785,,,,0,,,,785,,,,450,,,,3945,,,,605,,,,705,,,,945,,,,890,,,,805,,,,1190,,,,485,,,,355,,,,285,,,,65,,,
"Apr 2026","Barnet","E09000003",13125,5.0,6.3,,0,,,,1655,,,,10,,,,1650,,,,825,,,,8225,,,,1550,,,,1635,,,,1750,,,,1770,,,,1525,,,,3240,,,,1245,,,,1005,,,,795,,,,195,,,,7030,5.6,,,0,,,,1050,,,,5,,,,1050,,,,530,,,,4245,,,,945,,,,880,,,,880,,,,820,,,,720,,,,1735,,,,625,,,,560,,,,425,,,,125,,,,6095,4.5,,,0,,,,605,,,,5,,,,600,,,,295,,,,3980,,,,605,,,,750,,,,865,,,,950,,,,810,,,,1505,,,,620,,,,445,,,,370,,,,70,,,
"Apr 2026","Bexley","E09000004",5530,3.4,3.8,,0,,,,1080,,,,5,,,,1075,,,,600,,,,3190,,,,750,,,,645,,,,635,,,,615,,,,550,,,,1255,,,,430,,,,390,,,,350,,,,85,,,,3010,3.8,,,0,,,,645,,,,0,,,,645,,,,370,,,,1660,,,,460,,,,355,,,,300,,,,285,,,,265,,,,705,,,,230,,,,215,,,,205,,,,50,,,,2520,3.0,,,0,,,,435,,,,5,,,,430,,,,230,,,,1530,,,,285,,,,290,,,,335,,,,330,,,,290,,,,550,,,,200,,,,175,,,,145,,,,35,,,
"Apr 2026","Brent","E09000005",17545,7.2,9.0,,0,,,,2630,,,,5,,,,2625,,,,1340,,,,10445,,,,2310,,,,2050,,,,2175,,,,2040,,,,1875,,,,4470,,,,1520,,,,1450,,,,1195,,,,300,,,,9815,8.2,,,0,,,,1685,,,,0,,,,1680,,,,855,,,,5700,,,,1430,,,,1200,,,,1160,,,,990,,,,925,,,,2430,,,,780,,,,815,,,,640,,,,200,,,,7730,6.2,,,0,,,,950,,,,5,,,,945,,,,485,,,,4745,,,,875,,,,855,,,,1015,,,,1050,,,,950,,,,2035,,,,740,,,,640,,,,555,,,,100,,,
"Apr 2026","Bromley","E09000006",7360,3.5,3.9,,0,,,,1295,,,,5,,,,1290,,,,745,,,,4105,,,,850,,,,835,,,,845,,,,770,,,,805,,,,1960,,,,675,,,,635,,,,525,,,,125,,,,3945,3.9,,,0,,,,795,,,,0,,,,795,,,,440,,,,2100,,,,520,,,,430,,,,405,,,,375,,,,370,,,,1050,,,,345,,,,350,,,,280,,,,75,,,,3415,3.1,,,0,,,,500,,,,0,,,,495,,,,300,,,,2005,,,,330,,,,405,,,,440,,,,395,,,,435,,,,915,,,,330,,,,290,,,,245,,,,50,,,
"Apr 2026","Croydon","E09000008",17000,6.3,8.1,,0,,,,2835,,,,10,,,,2825,,,,1540,,,,10060,,,,2200,,,,1990,,,,2115,,,,2005,,,,1745,,,,4105,,,,1450,,,,1295,,,,1115,,,,245,,,,9070,7.0,,,0,,,,1760,,,,5,,,,1755,,,,960,,,,5105,,,,1315,,,,1030,,,,1030,,,,910,,,,820,,,,2205,,,,720,,,,725,,,,605,,,,155,,,,7930,5.7,,,0,,,,1070,,,,5,,,,1070,,,,580,,,,4955,,,,885,,,,965,,,,1085,,,,1095,,,,925,,,,1900,,,,725,,,,575,,,,510,,,,90,,,
"Apr 2026","Ealing","E09000009",17065,6.4,8.6,,0,,,,2545,,,,0,,,,2545,,,,1280,,,,10330,,,,2285,,,,1985,,,,2070,,,,2045,,,,1945,,,,4190,,,,1545,,,,1335,,,,1075,,,,235,,,,9605,7.3,,,0,,,,1570,,,,0,,,,1570,,,,775,,,,5635,,,,1410,,,,1160,,,,1135,,,,965,,,,965,,,,2400,,,,830,,,,780,,,,620,,,,170,,,,7460,5.6,,,0,,,,975,,,,0,,,,975,,,,505,,,,4695,,,,875,,,,830,,,,930,,,,1080,,,,980,,,,1790,,,,715,,,,560,,,,450,,,,70,,,
"Apr 2026","Enfield","E09000010",15025,7.2,8.3,,0,,,,2380,,,,10,,,,2370,,,,1265,,,,9030,,,,1905,,,,1795,,,,1875,,,,1825,,,,1630,,,,3615,,,,1390,,,,1135,,,,855,,,,230,,,,7770,7.9,,,0,,,,1435,,,,5,,,,1435,,,,775,,,,4415,,,,1075,,,,925,,,,870,,,,815,,,,730,,,,1920,,,,705,,,,580,,,,490,,,,150,,,,7255,6.6,,,0,,,,945,,,,5,,,,940,,,,490,,,,4615,,,,830,,,,870,,,,1005,,,,1010,,,,900,,,,1690,,,,690,,,,560,,,,365,,,,75,,,
"Apr 2026","Greenwich","E09000011",11960,5.7,7.3,,0,,,,2160,,,,15,,,,2140,,,,1185,,,,7055,,,,1630,,,,1415,,,,1420,,,,1400,,,,1190,,,,2750,,,,940,,,,870,,,,765,,,,175,,,,6465,6.3,,,0,,,,1300,,,,5,,,,1295,,,,690,,,,3695,,,,970,,,,775,,,,710,,,,665,,,,570,,,,1470,,,,470,,,,465,,,,430,,,,105,,,,5495,5.1,,,0,,,,860,,,,10,,,,850,,,,495,,,,3355,,,,655,,,,640,,,,710,,,,730,,,,620,,,,1275,,,,470,,,,405,,,,335,,,,70,,,
"Apr 2026","Harrow","E09000015",8465,4.8,6.4,,0,,,,1065,,,,0,,,,1065,,,,550,,,,5295,,,,1005,,,,1020,,,,1150,,,,1115,,,,1005,,,,2105,,,,795,,,,645,,,,520,,,,145,,,,4655,5.3,,,0,,,,675,,,,0,,,,675,,,,345,,,,2790,,,,600,,,,565,,,,600,,,,555,,,,475,,,,1190,,,,450,,,,350,,,,300,,,,90,,,,3805,4.4,,,0,,,,385,,,,0,,,,385,,,,205,,,,2505,,,,405,,,,455,,,,555,,,,565,,,,530,,,,910,,,,350,,,,295,,,,220,,,,50,,,
"Apr 2026","Havering","E09000016",7660,4.5,5.3,,0,,,,1335,,,,5,,,,1330,,,,770,,,,4495,,,,880,,,,940,,,,965,,,,930,,,,775,,,,1835,,,,650,,,,595,,,,480,,,,105,,,,3980,4.8,,,0,,,,770,,,,0,,,,765,,,,435,,,,2195,,,,495,,,,465,,,,445,,,,415,,,,375,,,,1015,,,,345,,,,330,,,,275,,,,65,,,,3680,4.2,,,0,,,,565,,,,0,,,,565,,,,335,,,,2300,,,,390,,,,475,,,,520,,,,515,,,,400,,,,820,,,,310,,,,265,,,,205,,,,40,,,
"Apr 2026","Hillingdon","E09000017",10690,4.9,5.7,,0,,,,1715,,,,5,,,,1710,,,,945,,,,6435,,,,1330,,,,1180,,,,1345,,,,1410,,,,1170,,,,2535,,,,945,,,,760,,,,660,,,,170,,,,5965,5.4,,,0,,,,1090,,,,0,,,,1090,,,,600,,,,3435,,,,835,,,,660,,,,690,,,,650,,,,600,,,,1440,,,,520,,,,430,,,,375,,,,115,,,,4725,4.4,,,0,,,,625,,,,5,,,,620,,,,345,,,,3000,,,,495,,,,520,,,,655,,,,760,,,,570,,,,1095,,,,430,,,,330,,,,285,,,,55,,,
"Apr 2026","Hounslow","E09000018",10185,5.0,6.8,,0,,,,1550,,,,5,,,,1545,,,,845,,,,5985,,,,1170,,,,1065,,,,1300,,,,1335,,,,1115,,,,2650,,,,990,,,,785,,,,685,,,,190,,,,5500,5.4,,,0,,,,1000,,,,0,,,,1000,,,,535,,,,3035,,,,700,,,,570,,,,615,,,,630,,,,515,,,,1465,,,,505,,,,445,,,,385,,,,130,,,,4690,4.6,,,0,,,,550,,,,5,,,,545,,,,305,,,,2950,,,,470,,,,495,,,,685,,,,705,,,,595,,,,1185,,,,485,,,,345,,,,300,,,,60,,,
"Apr 2026","Kingston upon Thames","E09000021",3710,3.3,3.4,,0,,,,585,,,,5,,,,580,,,,325,,,,2170,,,,415,,,,425,,,,460,,,,445,,,,425,,,,955,,,,330,,,,295,,,,250,,,,75,,,,2035,3.8,,,0,,,,365,,,,0,,,,360,,,,200,,,,1155,,,,245,,,,225,,,,255,,,,235,,,,200,,,,515,,,,175,,,,155,,,,130,,,,55,,,,1675,2.8,,,0,,,,220,,,,0,,,,220,,,,130,,,,1015,,,,170,,,,200,,,,205,,,,215,,,,225,,,,435,,,,155,,,,140,,,,120,,,,20,,,
"Apr 2026","Merton","E09000024",6805,4.6,5.5,,0,,,,970,,,,0,,,,970,,,,480,,,,4120,,,,805,,,,835,,,,880,,,,855,,,,745,,,,1715,,,,595,,,,530,,,,460,,,,125,,,,3660,5.1,,,0,,,,600,,,,0,,,,595,,,,285,,,,2120,,,,480,,,,445,,,,430,,,,415,,,,350,,,,940,,,,305,,,,290,,,,260,,,,85,,,,3150,4.1,,,0,,,,375,,,,0,,,,375,,,,195,,,,2000,,,,325,,,,390,,,,450,,,,440,,,,395,,,,775,,,,295,,,,240,,,,205,,,,40,,,
"Apr 2026","Redbridge","E09000026",12600,6.0,7.6,,0,,,,1975,,,,5,,,,1970,,,,1105,,,,7440,,,,1365,,,,1260,,,,1560,,,,1710,,,,1550,,,,3185,,,,1260,,,,950,,,,770,,,,205,,,,6410,6.0,,,0,,,,1220,,,,0,,,,1220,,,,690,,,,3460,,,,775,,,,625,,,,660,,,,695,,,,700,,,,1735,,,,625,,,,525,,,,440,,,,145,,,,6190,5.9,,,0,,,,755,,,,5,,,,750,,,,415,,,,3980,,,,585,,,,635,,,,900,,,,1015,,,,845,,,,1455,,,,640,,,,425,,,,330,,,,60,,,
"Apr 2026","Richmond upon Thames","E09000027",3180,2.6,2.9,,0,,,,370,,,,0,,,,370,,,,185,,,,1840,,,,335,,,,305,,,,355,,,,425,,,,415,,,,970,,,,355,,,,285,,,,265,,,,65,,,,1620,2.7,,,0,,,,245,,,,0,,,,245,,,,130,,,,870,,,,180,,,,150,,,,175,,,,185,,,,185,,,,505,,,,175,,,,145,,,,140,,,,45,,,,1560,2.4,,,0,,,,125,,,,0,,,,125,,,,55,,,,970,,,,155,,,,160,,,,185,,,,240,,,,230,,,,465,,,,180,,,,140,,,,125,,,,20,,,
"Apr 2026","Sutton","E09000029",4680,3.4,4.1,,0,,,,730,,,,5,,,,720,,,,405,,,,2775,,,,525,,,,555,,,,570,,,,585,,,,535,,,,1180,,,,430,,,,375,,,,305,,,,70,,,,2425,3.7,,,0,,,,435,,,,5,,,,430,,,,235,,,,1355,,,,295,,,,285,,,,270,,,,260,,,,250,,,,630,,,,210,,,,205,,,,165,,,,45,,,,2260,3.2,,,0,,,,295,,,,5,,,,290,,,,170,,,,1415,,,,230,,,,270,,,,305,,,,325,,,,290,,,,550,,,,220,,,,165,,,,140,,,,25,,,
"Apr 2026","Waltham Forest","E09000031",12860,6.6,7.7,,0,,,,2075,,,,10,,,,2065,,,,1130,,,,7565,,,,1430,,,,1510,,,,1620,,,,1590,,,,1405,,,,3225,,,,1175,,,,1045,,,,820,,,,180,,,,6885,7.3,,,0,,,,1310,,,,5,,,,1300,,,,715,,,,3830,,,,875,,,,805,,,,790,,,,710,,,,650,,,,1745,,,,595,,,,570,,,,460,,,,120,,,,5975,6.0,,,0,,,,765,,,,5,,,,760,,,,415,,,,3730,,,,555,,,,705,,,,835,,,,880,,,,755,,,,1480,,,,585,,,,480,,,,355,,,,60,,,
"Apr 2026","Bracknell Forest","E06000036",2285,2.7,3.3,,0,,,,430,,,,0,,,,425,,,,270,,,,1285,,,,240,,,,230,,,,315,,,,270,,,,230,,,,570,,,,195,,,,185,,,,150,,,,40,,,,1245,3.0,,,0,,,,260,,,,0,,,,260,,,,155,,,,675,,,,135,,,,120,,,,165,,,,130,,,,125,,,,310,,,,95,,,,110,,,,85,,,,25,,,,1040,2.4,,,0,,,,170,,,,0,,,,170,,,,115,,,,610,,,,105,,,,110,,,,150,,,,140,,,,110,,,,260,,,,100,,,,80,,,,70,,,,15,,,
"Apr 2026","Brighton and Hove","E06000043",8955,4.4,5.1,,0,,,,1605,,,,10,,,,1595,,,,825,,,,5160,,,,1280,,,,1050,,,,1010,,,,990,,,,825,,,,2195,,,,760,,,,725,,,,595,,,,115,,,,5200,5.2,,,0,,,,955,,,,0,,,,955,,,,485,,,,2950,,,,765,,,,640,,,,535,,,,560,,,,445,,,,1300,,,,440,,,,420,,,,365,,,,80,,,,3755,3.6,,,0,,,,650,,,,5,,,,640,,,,340,,,,2210,,,,515,,,,410,,,,475,,,,430,,,,380,,,,895,,,,325,,,,305,,,,230,,,,40,,,
"Apr 2026","Isle of Wight","E06000046",3205,4.1,5.0,,0,,,,710,,,,0,,,,710,,,,460,,,,1690,,,,405,,,,370,,,,335,,,,315,,,,260,,,,805,,,,235,,,,270,,,,235,,,,65,,,,1845,4.8,,,0,,,,430,,,,0,,,,430,,,,270,,,,970,,,,265,,,,210,,,,195,,,,165,,,,135,,,,445,,,,135,,,,155,,,,120,,,,40,,,,1355,3.4,,,0,,,,280,,,,0,,,,280,,,,190,,,,720,,,,140,,,,160,,,,140,,,,150,,,,125,,,,355,,,,100,,,,115,,,,115,,,,25,,,
"Apr 2026","Medway","E06000035",7860,4.3,4.9,,0,,,,1800,,,,5,,,,1795,,,,1165,,,,4485,,,,945,,,,955,,,,985,,,,905,,,,695,,,,1570,,,,545,,,,480,,,,430,,,,115,,,,4370,4.9,,,0,,,,1045,,,,0,,,,1045,,,,670,,,,2420,,,,540,,,,515,,,,525,,,,475,,,,365,,,,905,,,,315,,,,280,,,,250,,,,60,,,,3490,3.7,,,0,,,,755,,,,5,,,,750,,,,495,,,,2070,,,,405,,,,440,,,,460,,,,435,,,,330,,,,665,,,,230,,,,205,,,,180,,,,55,,,
"Apr 2026","Milton Keynes","E06000042",8125,4.1,5.3,,0,,,,1365,,,,15,,,,1350,,,,840,,,,4830,,,,945,,,,900,,,,1055,,,,990,,,,940,,,,1930,,,,735,,,,615,,,,465,,,,120,,,,4360,4.5,,,0,,,,835,,,,5,,,,825,,,,515,,,,2440,,,,550,,,,465,,,,505,,,,465,,,,460,,,,1090,,,,405,,,,355,,,,255,,,,70,,,,3765,3.8,,,0,,,,530,,,,5,,,,525,,,,325,,,,2390,,,,395,,,,440,,,,550,,,,525,,,,485,,,,845,,,,330,,,,260,,,,210,,,,45,,,
"Apr 2026","Portsmouth","E06000044",6705,4.7,5.5,,0,,,,1400,,,,20,,,,1380,,,,845,,,,3950,,,,775,,,,800,,,,880,,,,830,,,,660,,,,1355,,,,505,,,,440,,,,330,,,,80,,,,3890,5.3,,,0,,,,850,,,,10,,,,840,,,,495,,,,2205,,,,480,,,,455,,,,470,,,,435,,,,365,,,,835,,,,295,,,,285,,,,200,,,,55,,,,2810,4.0,,,0,,,,550,,,,10,,,,540,,,,350,,,,1745,,,,290,,,,345,,,,410,,,,395,,,,300,,,,515,,,,205,,,,155,,,,130,,,,25,,,
"Apr 2026","Reading","E06000038",5550,4.4,5.7,,0,,,,940,,,,5,,,,935,,,,545,,,,3365,,,,665,,,,665,,,,735,,,,735,,,,565,,,,1250,,,,410,,,,395,,,,355,,,,85,,,,3180,5.0,,,0,,,,580,,,,0,,,,580,,,,330,,,,1895,,,,430,,,,390,,,,400,,,,380,,,,300,,,,700,,,,235,,,,225,,,,190,,,,50,,,,2370,3.8,,,0,,,,355,,,,5,,,,355,,,,215,,,,1465,,,,235,,,,275,,,,335,,,,355,,,,270,,,,550,,,,175,,,,170,,,,170,,,,35,,,
"Apr 2026","Slough","E06000039",6585,6.0,8.0,,0,,,,955,,,,5,,,,950,,,,535,,,,4005,,,,690,,,,710,,,,845,,,,875,,,,885,,,,1625,,,,600,,,,515,,,,405,,,,105,,,,3515,6.5,,,0,,,,600,,,,5,,,,595,,,,325,,,,2040,,,,425,,,,385,,,,400,,,,395,,,,435,,,,880,,,,300,,,,275,,,,235,,,,65,,,,3070,5.6,,,0,,,,360,,,,0,,,,355,,,,205,,,,1965,,,,265,,,,325,,,,440,,,,485,,,,450,,,,745,,,,295,,,,235,,,,170,,,,40,,,
"Apr 2026","Southampton","E06000045",7615,4.3,5.4,,0,,,,1480,,,,15,,,,1465,,,,920,,,,4500,,,,895,,,,940,,,,1040,,,,900,,,,720,,,,1635,,,,560,,,,505,,,,455,,,,115,,,,4395,4.9,,,0,,,,895,,,,10,,,,885,,,,545,,,,2495,,,,560,,,,535,,,,540,,,,450,,,,410,,,,1005,,,,335,,,,320,,,,280,,,,70,,,,3215,3.6,,,0,,,,585,,,,10,,,,575,,,,370,,,,2000,,,,335,,,,405,,,,500,,,,450,,,,310,,,,630,,,,220,,,,185,,,,175,,,,45,,,
"Apr 2026","West Berkshire","E06000037",2470,2.5,2.9,,0,,,,435,,,,5,,,,430,,,,250,,,,1335,,,,290,,,,275,,,,285,,,,255,,,,230,,,,700,,,,210,,,,225,,,,205,,,,60,,,,1360,2.7,,,0,,,,270,,,,0,,,,265,,,,155,,,,695,,,,145,,,,150,,,,170,,,,120,,,,115,,,,400,,,,125,,,,125,,,,110,,,,40,,,,1110,2.2,,,0,,,,165,,,,0,,,,165,,,,95,,,,640,,,,145,,,,130,,,,115,,,,135,,,,115,,,,300,,,,85,,,,100,,,,95,,,,20,,,
"Apr 2026","Windsor and Maidenhead","E06000040",2545,2.6,3.1,,0,,,,370,,,,0,,,,365,,,,195,,,,1415,,,,280,,,,230,,,,285,,,,300,,,,325,,,,760,,,,240,,,,255,,,,210,,,,55,,,,1375,2.8,,,0,,,,225,,,,0,,,,225,,,,120,,,,720,,,,175,,,,120,,,,140,,,,150,,,,135,,,,430,,,,145,,,,145,,,,110,,,,30,,,,1170,2.4,,,0,,,,140,,,,0,,,,140,,,,80,,,,695,,,,100,,,,110,,,,150,,,,150,,,,190,,,,330,,,,100,,,,110,,,,100,,,,20,,,
"Apr 2026","Wokingham","E06000041",2250,2.0,2.5,,0,,,,415,,,,5,,,,410,,,,230,,,,1275,,,,265,,,,255,,,,270,,,,260,,,,225,,,,560,,,,195,,,,200,,,,135,,,,30,,,,1285,2.3,,,0,,,,270,,,,0,,,,270,,,,155,,,,695,,,,175,,,,145,,,,135,,,,120,,,,125,,,,320,,,,105,,,,125,,,,75,,,,20,,,,965,1.6,,,0,,,,145,,,,5,,,,140,,,,75,,,,580,,,,95,,,,110,,,,135,,,,140,,,,100,,,,240,,,,95,,,,75,,,,60,,,,10,,,
"Apr 2026","Buckinghamshire","E06000060",10715,3.0,3.5,,0,,,,1735,,,,5,,,,1730,,,,1040,,,,6135,,,,1125,,,,1165,,,,1355,,,,1325,,,,1165,,,,2845,,,,970,,,,905,,,,775,,,,190,,,,5740,3.3,,,0,,,,1050,,,,5,,,,1050,,,,620,,,,3115,,,,625,,,,625,,,,675,,,,620,,,,570,,,,1570,,,,505,,,,495,,,,450,,,,120,,,,4975,2.8,,,0,,,,685,,,,5,,,,680,,,,420,,,,3015,,,,495,,,,540,,,,680,,,,705,,,,590,,,,1275,,,,465,,,,410,,,,325,,,,75,,,
"Apr 2026","Eastbourne","E07000061",2970,4.9,6.2,,0,,,,590,,,,15,,,,580,,,,360,,,,1630,,,,335,,,,330,,,,395,,,,340,,,,230,,,,750,,,,230,,,,235,,,,230,,,,55,,,,1770,5.9,,,0,,,,370,,,,5,,,,365,,,,235,,,,965,,,,220,,,,200,,,,225,,,,170,,,,145,,,,440,,,,135,,,,130,,,,140,,,,35,,,,1200,3.8,,,0,,,,225,,,,10,,,,210,,,,130,,,,670,,,,115,,,,125,,,,165,,,,170,,,,85,,,,310,,,,95,,,,105,,,,90,,,,20,,,
"Apr 2026","Hastings","E07000062",2925,5.2,6.4,,0,,,,640,,,,15,,,,625,,,,405,,,,1550,,,,310,,,,330,,,,340,,,,305,,,,265,,,,735,,,,220,,,,245,,,,215,,,,55,,,,1750,6.4,,,0,,,,400,,,,10,,,,390,,,,245,,,,900,,,,190,,,,185,,,,185,,,,185,,,,155,,,,455,,,,130,,,,150,,,,140,,,,35,,,,1170,4.1,,,0,,,,240,,,,5,,,,235,,,,155,,,,650,,,,120,,,,145,,,,155,,,,125,,,,110,,,,280,,,,90,,,,90,,,,80,,,,20,,,
"Apr 2026","Lewes","E07000063",2065,3.6,3.8,,0,,,,425,,,,10,,,,415,,,,240,,,,1110,,,,240,,,,210,,,,235,,,,240,,,,190,,,,530,,,,165,,,,190,,,,145,,,,35,,,,1180,4.2,,,0,,,,250,,,,5,,,,250,,,,135,,,,635,,,,140,,,,125,,,,130,,,,130,,,,110,,,,295,,,,80,,,,115,,,,80,,,,20,,,,885,3.0,,,0,,,,170,,,,5,,,,165,,,,105,,,,480,,,,100,,,,85,,,,105,,,,110,,,,80,,,,235,,,,80,,,,75,,,,65,,,,15,,,
"Apr 2026","Rother","E07000064",1690,3.3,3.5,,0,,,,345,,,,0,,,,345,,,,205,,,,850,,,,200,,,,160,,,,185,,,,170,,,,135,,,,495,,,,150,,,,145,,,,160,,,,40,,,,935,3.8,,,0,,,,205,,,,0,,,,205,,,,115,,,,460,,,,120,,,,90,,,,95,,,,90,,,,65,,,,270,,,,75,,,,80,,,,90,,,,20,,,,760,2.9,,,0,,,,140,,,,0,,,,140,,,,90,,,,390,,,,85,,,,70,,,,90,,,,85,,,,70,,,,225,,,,70,,,,65,,,,70,,,,15,,,
"Apr 2026","Wealden","E07000065",2335,2.5,2.8,,0,,,,435,,,,5,,,,430,,,,255,,,,1270,,,,260,,,,265,,,,275,,,,265,,,,205,,,,630,,,,205,,,,195,,,,185,,,,50,,,,1240,2.7,,,0,,,,265,,,,0,,,,265,,,,145,,,,635,,,,160,,,,130,,,,120,,,,120,,,,100,,,,340,,,,110,,,,95,,,,105,,,,30,,,,1095,2.3,,,0,,,,170,,,,5,,,,165,,,,110,,,,635,,,,100,,,,135,,,,155,,,,145,,,,105,,,,295,,,,95,,,,100,,,,80,,,,20,,,
"Apr 2026","Basingstoke and Deane","E07000084",3260,2.7,3.3,,0,,,,715,,,,10,,,,705,,,,435,,,,1770,,,,380,,,,355,,,,390,,,,360,,,,285,,,,775,,,,250,,,,250,,,,225,,,,50,,,,1835,3.0,,,0,,,,430,,,,5,,,,425,,,,260,,,,970,,,,235,,,,190,,,,195,,,,190,,,,155,,,,435,,,,140,,,,140,,,,130,,,,30,,,,1425,2.3,,,0,,,,285,,,,5,,,,280,,,,175,,,,800,,,,150,,,,160,,,,190,,,,170,,,,130,,,,340,,,,110,,,,110,,,,95,,,,20,,,
"Apr 2026","East Hampshire","E07000085",1545,2.0,2.5,,0,,,,265,,,,0,,,,265,,,,160,,,,850,,,,165,,,,175,,,,180,,,,170,,,,165,,,,430,,,,140,,,,135,,,,125,,,,25,,,,825,2.2,,,0,,,,160,,,,0,,,,160,,,,95,,,,430,,,,90,,,,85,,,,85,,,,85,,,,85,,,,235,,,,65,,,,80,,,,75,,,,15,,,,720,1.9,,,0,,,,105,,,,0,,,,105,,,,65,,,,425,,,,75,,,,90,,,,95,,,,85,,,,80,,,,195,,,,75,,,,50,,,,50,,,,15,,,
"Apr 2026","Eastleigh","E07000086",1990,2.3,2.7,,0,,,,420,,,,5,,,,410,,,,270,,,,1135,,,,230,,,,220,,,,260,,,,240,,,,185,,,,440,,,,155,,,,105,,,,150,,,,25,,,,1075,2.5,,,0,,,,245,,,,0,,,,245,,,,160,,,,585,,,,135,,,,120,,,,120,,,,115,,,,90,,,,250,,,,85,,,,60,,,,80,,,,15,,,,915,2.1,,,0,,,,175,,,,5,,,,170,,,,110,,,,550,,,,90,,,,100,,,,140,,,,125,,,,90,,,,190,,,,70,,,,40,,,,70,,,,10,,,
"Apr 2026","Fareham","E07000087",1415,2.1,2.2,,0,,,,305,,,,5,,,,300,,,,200,,,,750,,,,160,,,,140,,,,185,,,,140,,,,125,,,,360,,,,110,,,,115,,,,110,,,,25,,,,755,2.3,,,0,,,,180,,,,0,,,,180,,,,120,,,,385,,,,90,,,,75,,,,90,,,,70,,,,60,,,,190,,,,60,,,,60,,,,60,,,,10,,,,660,1.9,,,0,,,,120,,,,0,,,,120,,,,80,,,,370,,,,70,,,,70,,,,95,,,,70,,,,65,,,,170,,,,50,,,,55,,,,50,,,,10,,,
"Apr 2026","Gosport","E07000088",1880,3.8,4.6,,0,,,,470,,,,10,,,,460,,,,295,,,,970,,,,220,,,,210,,,,215,,,,185,,,,140,,,,440,,,,130,,,,140,,,,125,,,,40,,,,1040,4.2,,,0,,,,285,,,,0,,,,280,,,,185,,,,510,,,,125,,,,105,,,,115,,,,105,,,,60,,,,245,,,,70,,,,85,,,,70,,,,20,,,,835,3.3,,,0,,,,185,,,,5,,,,180,,,,110,,,,460,,,,95,,,,100,,,,100,,,,80,,,,80,,,,195,,,,60,,,,55,,,,55,,,,20,,,
"Apr 2026","Hart","E07000089",1110,1.8,2.1,,0,,,,175,,,,0,,,,175,,,,100,,,,625,,,,120,,,,125,,,,135,,,,135,,,,110,,,,310,,,,100,,,,100,,,,85,,,,20,,,,615,2.0,,,0,,,,110,,,,0,,,,110,,,,60,,,,315,,,,70,,,,55,,,,65,,,,75,,,,50,,,,190,,,,60,,,,55,,,,55,,,,15,,,,495,1.6,,,0,,,,65,,,,0,,,,65,,,,40,,,,305,,,,50,,,,65,,,,70,,,,60,,,,60,,,,120,,,,40,,,,40,,,,30,,,,5,,,
"Apr 2026","Havant","E07000090",2490,3.4,3.9,,0,,,,600,,,,10,,,,585,,,,390,,,,1315,,,,295,,,,285,,,,275,,,,265,,,,195,,,,575,,,,160,,,,195,,,,170,,,,50,,,,1375,3.9,,,0,,,,340,,,,5,,,,335,,,,210,,,,725,,,,170,,,,145,,,,155,,,,140,,,,120,,,,310,,,,80,,,,110,,,,90,,,,30,,,,1115,2.9,,,0,,,,260,,,,5,,,,255,,,,180,,,,590,,,,125,,,,140,,,,120,,,,125,,,,80,,,,265,,,,75,,,,85,,,,85,,,,20,,,
"Apr 2026","New Forest","E07000091",2320,2.4,2.6,,0,,,,465,,,,5,,,,460,,,,305,,,,1220,,,,215,,,,230,,,,285,,,,235,,,,255,,,,630,,,,195,,,,205,,,,185,,,,45,,,,1250,2.7,,,0,,,,265,,,,0,,,,265,,,,180,,,,640,,,,125,,,,115,,,,135,,,,130,,,,130,,,,340,,,,100,,,,105,,,,110,,,,25,,,,1070,2.2,,,0,,,,200,,,,5,,,,195,,,,130,,,,580,,,,90,,,,110,,,,150,,,,105,,,,125,,,,290,,,,95,,,,100,,,,75,,,,20,,,
"Apr 2026","Rushmoor","E07000092",2175,3.1,3.9,,0,,,,405,,,,0,,,,405,,,,265,,,,1200,,,,235,,,,245,,,,245,,,,250,,,,225,,,,570,,,,195,,,,160,,,,165,,,,45,,,,1200,3.4,,,0,,,,265,,,,0,,,,265,,,,165,,,,650,,,,135,,,,135,,,,135,,,,145,,,,105,,,,290,,,,95,,,,85,,,,80,,,,30,,,,975,2.8,,,0,,,,145,,,,0,,,,145,,,,100,,,,550,,,,100,,,,115,,,,110,,,,105,,,,120,,,,280,,,,100,,,,75,,,,85,,,,15,,,
"Apr 2026","Test Valley","E07000093",1600,2.0,2.6,,0,,,,315,,,,0,,,,315,,,,205,,,,880,,,,190,,,,185,,,,200,,,,165,,,,140,,,,405,,,,135,,,,120,,,,120,,,,30,,,,805,2.0,,,0,,,,175,,,,0,,,,175,,,,115,,,,420,,,,115,,,,75,,,,90,,,,80,,,,60,,,,205,,,,70,,,,60,,,,60,,,,15,,,,795,1.9,,,0,,,,140,,,,0,,,,140,,,,90,,,,455,,,,75,,,,105,,,,110,,,,85,,,,80,,,,200,,,,65,,,,60,,,,60,,,,15,,,
"Apr 2026","Winchester","E07000094",1665,2.0,2.6,,0,,,,315,,,,5,,,,310,,,,185,,,,940,,,,185,,,,180,,,,200,,,,195,,,,175,,,,410,,,,140,,,,130,,,,110,,,,30,,,,910,2.3,,,0,,,,180,,,,0,,,,180,,,,100,,,,505,,,,100,,,,95,,,,110,,,,100,,,,100,,,,225,,,,80,,,,70,,,,60,,,,15,,,,755,1.8,,,0,,,,130,,,,5,,,,130,,,,85,,,,435,,,,85,,,,85,,,,90,,,,100,,,,75,,,,190,,,,60,,,,60,,,,50,,,,15,,,
"Apr 2026","Ashford","E07000105",2550,3.0,4.0,,0,,,,560,,,,15,,,,545,,,,340,,,,1395,,,,310,,,,295,,,,310,,,,245,,,,230,,,,600,,,,180,,,,195,,,,190,,,,40,,,,1415,3.4,,,0,,,,340,,,,0,,,,340,,,,210,,,,740,,,,180,,,,160,,,,155,,,,115,,,,125,,,,330,,,,105,,,,105,,,,100,,,,25,,,,1140,2.6,,,0,,,,215,,,,10,,,,205,,,,135,,,,655,,,,130,,,,130,,,,155,,,,130,,,,105,,,,270,,,,75,,,,90,,,,90,,,,15,,,
"Apr 2026","Canterbury","E07000106",3330,3.3,4.3,,0,,,,790,,,,10,,,,780,,,,465,,,,1790,,,,390,,,,365,,,,405,,,,350,,,,275,,,,755,,,,280,,,,205,,,,225,,,,40,,,,1915,4.0,,,0,,,,485,,,,0,,,,485,,,,280,,,,1005,,,,240,,,,210,,,,240,,,,165,,,,150,,,,425,,,,150,,,,115,,,,135,,,,25,,,,1415,2.7,,,0,,,,300,,,,5,,,,295,,,,180,,,,780,,,,155,,,,155,,,,165,,,,185,,,,130,,,,330,,,,130,,,,90,,,,90,,,,15,,,
"Apr 2026","Dartford","E07000107",2550,3.2,4.2,,0,,,,500,,,,5,,,,495,,,,295,,,,1525,,,,295,,,,315,,,,340,,,,325,,,,250,,,,525,,,,190,,,,175,,,,130,,,,30,,,,1330,3.5,,,0,,,,290,,,,5,,,,290,,,,180,,,,735,,,,155,,,,145,,,,155,,,,155,,,,125,,,,300,,,,100,,,,100,,,,85,,,,15,,,,1220,3.0,,,0,,,,210,,,,5,,,,205,,,,115,,,,790,,,,140,,,,170,,,,180,,,,170,,,,125,,,,225,,,,90,,,,75,,,,45,,,,10,,,
"Apr 2026","Dover","E07000108",2465,3.6,4.1,,0,,,,595,,,,5,,,,590,,,,390,,,,1295,,,,280,,,,290,,,,260,,,,270,,,,200,,,,575,,,,185,,,,185,,,,165,,,,40,,,,1410,4.2,,,0,,,,355,,,,5,,,,350,,,,225,,,,730,,,,175,,,,150,,,,150,,,,150,,,,105,,,,320,,,,100,,,,100,,,,100,,,,20,,,,1055,3.0,,,0,,,,240,,,,0,,,,235,,,,165,,,,565,,,,100,,,,135,,,,110,,,,120,,,,95,,,,250,,,,80,,,,85,,,,65,,,,20,,,
"Apr 2026","Gravesham","E07000109",2945,4.3,5.8,,0,,,,620,,,,5,,,,615,,,,390,,,,1710,,,,360,,,,370,,,,375,,,,330,,,,275,,,,610,,,,205,,,,200,,,,165,,,,40,,,,1610,4.8,,,0,,,,365,,,,5,,,,365,,,,220,,,,910,,,,205,,,,195,,,,200,,,,165,,,,145,,,,335,,,,110,,,,115,,,,85,,,,30,,,,1335,3.8,,,0,,,,255,,,,5,,,,250,,,,170,,,,800,,,,155,,,,175,,,,175,,,,165,,,,130,,,,280,,,,100,,,,85,,,,80,,,,10,,,
"Apr 2026","Maidstone","E07000110",3960,3.4,4.3,,0,,,,805,,,,10,,,,795,,,,470,,,,2255,,,,490,,,,485,,,,515,,,,435,,,,330,,,,900,,,,310,,,,295,,,,245,,,,55,,,,2100,3.7,,,0,,,,430,,,,0,,,,425,,,,250,,,,1170,,,,280,,,,265,,,,240,,,,215,,,,165,,,,505,,,,165,,,,165,,,,140,,,,35,,,,1860,3.2,,,0,,,,375,,,,5,,,,370,,,,220,,,,1090,,,,210,,,,215,,,,275,,,,220,,,,165,,,,395,,,,145,,,,130,,,,100,,,,20,,,
"Apr 2026","Sevenoaks","E07000111",1640,2.3,2.9,,0,,,,270,,,,5,,,,265,,,,155,,,,930,,,,185,,,,180,,,,215,,,,175,,,,175,,,,440,,,,160,,,,120,,,,130,,,,30,,,,860,2.5,,,0,,,,160,,,,0,,,,155,,,,85,,,,460,,,,110,,,,85,,,,105,,,,90,,,,70,,,,240,,,,80,,,,70,,,,75,,,,20,,,,780,2.1,,,0,,,,110,,,,0,,,,110,,,,70,,,,470,,,,75,,,,95,,,,110,,,,85,,,,105,,,,200,,,,85,,,,50,,,,55,,,,10,,,
"Apr 2026","Folkestone and Hythe","E07000112",2540,3.9,4.9,,0,,,,565,,,,5,,,,560,,,,365,,,,1310,,,,315,,,,270,,,,275,,,,240,,,,215,,,,670,,,,205,,,,205,,,,210,,,,50,,,,1450,4.6,,,0,,,,345,,,,0,,,,340,,,,225,,,,720,,,,180,,,,140,,,,155,,,,130,,,,120,,,,385,,,,105,,,,125,,,,120,,,,30,,,,1090,3.3,,,0,,,,220,,,,5,,,,215,,,,140,,,,585,,,,135,,,,125,,,,120,,,,110,,,,95,,,,285,,,,100,,,,80,,,,85,,,,20,,,
"Apr 2026","Swale","E07000113",3500,3.6,4.3,,0,,,,770,,,,5,,,,765,,,,515,,,,1915,,,,405,,,,395,,,,410,,,,405,,,,300,,,,815,,,,240,,,,275,,,,260,,,,40,,,,2040,4.2,,,0,,,,450,,,,0,,,,450,,,,300,,,,1110,,,,245,,,,235,,,,235,,,,225,,,,170,,,,480,,,,145,,,,170,,,,130,,,,35,,,,1460,3.0,,,0,,,,320,,,,0,,,,315,,,,215,,,,805,,,,160,,,,160,,,,170,,,,180,,,,130,,,,340,,,,100,,,,105,,,,125,,,,5,,,
"Apr 2026","Thanet","E07000114",4420,5.3,6.8,,0,,,,1030,,,,5,,,,1025,,,,675,,,,2315,,,,515,,,,450,,,,525,,,,470,,,,355,,,,1075,,,,335,,,,355,,,,315,,,,65,,,,2585,6.5,,,0,,,,630,,,,5,,,,625,,,,390,,,,1345,,,,320,,,,260,,,,305,,,,260,,,,205,,,,615,,,,205,,,,195,,,,170,,,,45,,,,1835,4.2,,,0,,,,405,,,,0,,,,400,,,,285,,,,975,,,,195,,,,190,,,,220,,,,215,,,,155,,,,460,,,,130,,,,160,,,,145,,,,20,,,
"Apr 2026","Tonbridge and Malling","E07000115",2110,2.5,3.2,,0,,,,465,,,,5,,,,465,,,,280,,,,1115,,,,255,,,,225,,,,225,,,,230,,,,180,,,,525,,,,195,,,,165,,,,130,,,,35,,,,1130,2.8,,,0,,,,290,,,,0,,,,290,,,,170,,,,565,,,,135,,,,115,,,,110,,,,115,,,,95,,,,275,,,,100,,,,85,,,,70,,,,20,,,,980,2.3,,,0,,,,180,,,,0,,,,175,,,,110,,,,550,,,,115,,,,110,,,,120,,,,115,,,,90,,,,250,,,,95,,,,80,,,,60,,,,20,,,
"Apr 2026","Tunbridge Wells","E07000116",1850,2.6,3.1,,0,,,,295,,,,10,,,,285,,,,180,,,,1035,,,,215,,,,165,,,,240,,,,210,,,,205,,,,520,,,,195,,,,170,,,,120,,,,40,,,,1010,2.9,,,0,,,,175,,,,5,,,,170,,,,105,,,,545,,,,120,,,,100,,,,115,,,,110,,,,105,,,,285,,,,100,,,,100,,,,60,,,,25,,,,840,2.3,,,0,,,,120,,,,0,,,,115,,,,80,,,,485,,,,95,,,,65,,,,125,,,,100,,,,100,,,,235,,,,95,,,,70,,,,60,,,,15,,,
"Apr 2026","Cherwell","E07000177",2600,2.4,3.0,,0,,,,395,,,,5,,,,390,,,,245,,,,1565,,,,290,,,,325,,,,370,,,,350,,,,235,,,,635,,,,210,,,,200,,,,195,,,,30,,,,1410,2.6,,,0,,,,225,,,,0,,,,225,,,,140,,,,845,,,,155,,,,170,,,,195,,,,195,,,,130,,,,335,,,,110,,,,105,,,,105,,,,15,,,,1190,2.2,,,0,,,,170,,,,0,,,,165,,,,105,,,,720,,,,135,,,,150,,,,175,,,,155,,,,105,,,,300,,,,100,,,,95,,,,90,,,,15,,,
"Apr 2026","Oxford","E07000178",3085,2.6,3.3,,0,,,,490,,,,0,,,,485,,,,270,,,,1840,,,,360,,,,365,,,,420,,,,360,,,,330,,,,760,,,,240,,,,255,,,,210,,,,50,,,,1900,3.2,,,0,,,,315,,,,0,,,,315,,,,175,,,,1115,,,,240,,,,235,,,,255,,,,205,,,,180,,,,465,,,,145,,,,160,,,,130,,,,30,,,,1190,1.9,,,0,,,,170,,,,0,,,,170,,,,95,,,,725,,,,120,,,,130,,,,165,,,,155,,,,155,,,,295,,,,95,,,,100,,,,80,,,,20,,,
"Apr 2026","South Oxfordshire","E07000179",1830,1.9,2.4,,0,,,,270,,,,0,,,,270,,,,165,,,,1055,,,,190,,,,170,,,,265,,,,240,,,,190,,,,505,,,,150,,,,165,,,,160,,,,30,,,,975,2.1,,,0,,,,160,,,,0,,,,160,,,,95,,,,530,,,,100,,,,95,,,,135,,,,115,,,,85,,,,280,,,,80,,,,90,,,,90,,,,20,,,,855,1.8,,,0,,,,110,,,,0,,,,110,,,,70,,,,525,,,,90,,,,80,,,,125,,,,125,,,,100,,,,225,,,,70,,,,75,,,,70,,,,10,,,
"Apr 2026","Vale of White Horse","E07000180",1885,2.1,2.9,,0,,,,295,,,,0,,,,295,,,,175,,,,1090,,,,205,,,,215,,,,260,,,,220,,,,185,,,,500,,,,180,,,,145,,,,140,,,,30,,,,1005,2.2,,,0,,,,175,,,,0,,,,175,,,,95,,,,550,,,,110,,,,105,,,,145,,,,100,,,,90,,,,275,,,,95,,,,85,,,,80,,,,20,,,,880,1.9,,,0,,,,120,,,,0,,,,120,,,,80,,,,540,,,,95,,,,110,,,,120,,,,120,,,,95,,,,220,,,,85,,,,60,,,,60,,,,15,,,
"Apr 2026","West Oxfordshire","E07000181",1400,1.9,2.4,,0,,,,245,,,,0,,,,240,,,,145,,,,835,,,,175,,,,175,,,,160,,,,170,,,,150,,,,325,,,,110,,,,90,,,,95,,,,30,,,,675,1.9,,,0,,,,125,,,,0,,,,125,,,,65,,,,375,,,,85,,,,80,,,,70,,,,75,,,,65,,,,175,,,,60,,,,45,,,,50,,,,20,,,,730,2.0,,,0,,,,120,,,,0,,,,120,,,,80,,,,455,,,,95,,,,95,,,,85,,,,95,,,,90,,,,150,,,,50,,,,45,,,,50,,,,10,,,
"Apr 2026","Elmbridge","E07000207",2045,2.4,2.9,,0,,,,330,,,,5,,,,325,,,,205,,,,1110,,,,190,,,,205,,,,215,,,,260,,,,240,,,,610,,,,245,,,,180,,,,135,,,,55,,,,1100,2.6,,,0,,,,205,,,,5,,,,200,,,,125,,,,535,,,,115,,,,95,,,,105,,,,115,,,,110,,,,360,,,,145,,,,110,,,,75,,,,35,,,,950,2.1,,,0,,,,125,,,,0,,,,125,,,,80,,,,575,,,,75,,,,110,,,,110,,,,145,,,,135,,,,250,,,,100,,,,70,,,,60,,,,20,,,
"Apr 2026","Epsom and Ewell","E07000208",1120,2.2,2.6,,0,,,,185,,,,0,,,,185,,,,105,,,,650,,,,125,,,,105,,,,145,,,,145,,,,130,,,,280,,,,115,,,,80,,,,70,,,,15,,,,610,2.5,,,0,,,,115,,,,0,,,,115,,,,65,,,,335,,,,75,,,,65,,,,70,,,,65,,,,60,,,,165,,,,65,,,,50,,,,40,,,,10,,,,510,1.9,,,0,,,,70,,,,0,,,,70,,,,45,,,,320,,,,50,,,,40,,,,80,,,,85,,,,70,,,,120,,,,50,,,,30,,,,30,,,,5,,,
"Apr 2026","Guildford","E07000209",1955,2.0,2.2,,0,,,,400,,,,10,,,,390,,,,225,,,,1040,,,,220,,,,195,,,,230,,,,220,,,,180,,,,515,,,,190,,,,155,,,,135,,,,35,,,,1160,2.4,,,0,,,,255,,,,5,,,,250,,,,145,,,,590,,,,135,,,,115,,,,125,,,,110,,,,105,,,,315,,,,125,,,,90,,,,80,,,,20,,,,800,1.6,,,0,,,,145,,,,5,,,,145,,,,80,,,,450,,,,85,,,,80,,,,100,,,,110,,,,75,,,,200,,,,70,,,,60,,,,55,,,,15,,,
"Apr 2026","Mole Valley","E07000210",990,1.9,2.0,,0,,,,175,,,,5,,,,170,,,,110,,,,495,,,,100,,,,95,,,,100,,,,95,,,,105,,,,320,,,,100,,,,100,,,,105,,,,20,,,,565,2.2,,,0,,,,110,,,,0,,,,110,,,,60,,,,275,,,,70,,,,50,,,,60,,,,50,,,,55,,,,180,,,,50,,,,65,,,,50,,,,10,,,,425,1.6,,,0,,,,65,,,,0,,,,60,,,,50,,,,220,,,,35,,,,45,,,,40,,,,50,,,,50,,,,140,,,,45,,,,35,,,,55,,,,5,,,
"Apr 2026","Reigate and Banstead","E07000211",2210,2.2,2.8,,0,,,,410,,,,0,,,,410,,,,230,,,,1240,,,,205,,,,230,,,,290,,,,275,,,,245,,,,560,,,,210,,,,170,,,,145,,,,30,,,,1155,2.4,,,0,,,,235,,,,0,,,,235,,,,125,,,,630,,,,115,,,,120,,,,140,,,,135,,,,120,,,,295,,,,110,,,,90,,,,70,,,,20,,,,1055,2.1,,,0,,,,175,,,,0,,,,175,,,,100,,,,610,,,,90,,,,105,,,,150,,,,140,,,,125,,,,265,,,,105,,,,80,,,,75,,,,10,,,
"Apr 2026","Runnymede","E07000212",1525,2.5,3.1,,0,,,,275,,,,5,,,,270,,,,160,,,,860,,,,175,,,,165,,,,190,,,,155,,,,170,,,,385,,,,130,,,,115,,,,105,,,,35,,,,830,2.9,,,0,,,,160,,,,0,,,,160,,,,95,,,,455,,,,100,,,,90,,,,90,,,,80,,,,95,,,,220,,,,75,,,,60,,,,60,,,,20,,,,690,2.2,,,0,,,,115,,,,0,,,,115,,,,65,,,,410,,,,75,,,,75,,,,100,,,,80,,,,75,,,,170,,,,55,,,,50,,,,45,,,,15,,,
"Apr 2026","Spelthorne","E07000213",2465,3.7,4.6,,0,,,,425,,,,0,,,,420,,,,255,,,,1475,,,,280,,,,295,,,,315,,,,300,,,,285,,,,570,,,,200,,,,180,,,,160,,,,30,,,,1310,4.0,,,0,,,,240,,,,0,,,,240,,,,145,,,,740,,,,160,,,,160,,,,140,,,,135,,,,145,,,,325,,,,100,,,,110,,,,100,,,,20,,,,1155,3.4,,,0,,,,180,,,,0,,,,180,,,,110,,,,730,,,,115,,,,135,,,,175,,,,165,,,,140,,,,245,,,,100,,,,70,,,,60,,,,10,,,
"Apr 2026","Surrey Heath","E07000214",1305,2.3,2.6,,0,,,,265,,,,5,,,,260,,,,150,,,,710,,,,130,,,,155,,,,140,,,,160,,,,120,,,,330,,,,105,,,,105,,,,100,,,,25,,,,705,2.4,,,0,,,,150,,,,0,,,,145,,,,80,,,,375,,,,85,,,,85,,,,70,,,,70,,,,65,,,,185,,,,50,,,,60,,,,60,,,,15,,,,600,2.1,,,0,,,,115,,,,5,,,,110,,,,70,,,,335,,,,45,,,,70,,,,70,,,,90,,,,60,,,,150,,,,55,,,,45,,,,40,,,,10,,,
"Apr 2026","Tandridge","E07000215",1425,2.6,3.2,,0,,,,250,,,,0,,,,245,,,,150,,,,815,,,,165,,,,155,,,,185,,,,170,,,,145,,,,365,,,,120,,,,115,,,,105,,,,30,,,,735,2.8,,,0,,,,130,,,,0,,,,125,,,,70,,,,405,,,,80,,,,75,,,,100,,,,80,,,,70,,,,200,,,,70,,,,50,,,,60,,,,20,,,,690,2.5,,,0,,,,120,,,,0,,,,120,,,,80,,,,405,,,,80,,,,80,,,,85,,,,90,,,,75,,,,165,,,,45,,,,60,,,,45,,,,10,,,
"Apr 2026","Waverley","E07000216",1510,1.9,2.4,,0,,,,250,,,,0,,,,250,,,,140,,,,780,,,,150,,,,160,,,,155,,,,160,,,,155,,,,475,,,,165,,,,155,,,,130,,,,30,,,,790,2.1,,,0,,,,140,,,,0,,,,140,,,,80,,,,390,,,,80,,,,80,,,,70,,,,90,,,,70,,,,260,,,,85,,,,85,,,,70,,,,20,,,,720,1.8,,,0,,,,110,,,,0,,,,110,,,,60,,,,390,,,,70,,,,80,,,,85,,,,70,,,,85,,,,220,,,,75,,,,70,,,,60,,,,10,,,
"Apr 2026","Woking","E07000217",1850,2.8,3.2,,0,,,,325,,,,5,,,,320,,,,210,,,,1095,,,,200,,,,170,,,,235,,,,265,,,,225,,,,430,,,,145,,,,135,,,,120,,,,35,,,,1020,3.1,,,0,,,,195,,,,0,,,,190,,,,115,,,,570,,,,120,,,,80,,,,120,,,,125,,,,125,,,,255,,,,85,,,,75,,,,75,,,,20,,,,830,2.5,,,0,,,,130,,,,0,,,,130,,,,95,,,,525,,,,80,,,,90,,,,115,,,,140,,,,105,,,,175,,,,60,,,,60,,,,45,,,,10,,,
"Apr 2026","Adur","E07000223",1195,3.2,3.7,,0,,,,270,,,,5,,,,265,,,,180,,,,625,,,,125,,,,115,,,,140,,,,130,,,,115,,,,300,,,,105,,,,80,,,,80,,,,30,,,,655,3.5,,,0,,,,170,,,,0,,,,170,,,,120,,,,325,,,,75,,,,60,,,,65,,,,60,,,,65,,,,160,,,,50,,,,45,,,,50,,,,20,,,,540,2.8,,,0,,,,100,,,,5,,,,95,,,,65,,,,305,,,,55,,,,55,,,,75,,,,70,,,,55,,,,140,,,,55,,,,35,,,,35,,,,15,,,
"Apr 2026","Arun","E07000224",3640,3.8,4.8,,0,,,,695,,,,5,,,,690,,,,440,,,,1955,,,,375,,,,410,,,,450,,,,400,,,,320,,,,990,,,,300,,,,310,,,,305,,,,75,,,,1965,4.2,,,0,,,,400,,,,0,,,,395,,,,245,,,,1015,,,,210,,,,215,,,,225,,,,195,,,,170,,,,550,,,,165,,,,180,,,,155,,,,45,,,,1675,3.5,,,0,,,,295,,,,5,,,,295,,,,195,,,,940,,,,165,,,,195,,,,220,,,,205,,,,150,,,,440,,,,135,,,,130,,,,145,,,,25,,,
"Apr 2026","Chichester","E07000225",2430,3.3,4.1,,0,,,,390,,,,5,,,,385,,,,235,,,,1385,,,,265,,,,280,,,,305,,,,270,,,,260,,,,655,,,,185,,,,205,,,,200,,,,65,,,,1255,3.5,,,0,,,,220,,,,0,,,,220,,,,125,,,,680,,,,145,,,,135,,,,150,,,,130,,,,120,,,,355,,,,95,,,,105,,,,110,,,,40,,,,1175,3.1,,,0,,,,170,,,,0,,,,170,,,,110,,,,705,,,,120,,,,150,,,,155,,,,140,,,,140,,,,300,,,,90,,,,100,,,,90,,,,25,,,
"Apr 2026","Crawley","E07000226",3710,4.6,5.6,,0,,,,685,,,,10,,,,675,,,,410,,,,2210,,,,430,,,,430,,,,460,,,,500,,,,390,,,,815,,,,305,,,,240,,,,210,,,,60,,,,2180,5.3,,,0,,,,440,,,,10,,,,430,,,,270,,,,1240,,,,255,,,,245,,,,255,,,,265,,,,215,,,,500,,,,200,,,,155,,,,115,,,,35,,,,1530,3.8,,,0,,,,245,,,,0,,,,245,,,,145,,,,970,,,,170,,,,185,,,,205,,,,235,,,,175,,,,315,,,,110,,,,85,,,,95,,,,25,,,
"Apr 2026","Horsham","E07000227",1760,2.0,2.2,,0,,,,335,,,,5,,,,330,,,,200,,,,950,,,,180,,,,170,,,,225,,,,215,,,,160,,,,470,,,,160,,,,160,,,,125,,,,25,,,,935,2.1,,,0,,,,200,,,,5,,,,195,,,,115,,,,495,,,,105,,,,90,,,,110,,,,110,,,,80,,,,240,,,,70,,,,95,,,,60,,,,15,,,,820,1.8,,,0,,,,135,,,,0,,,,135,,,,85,,,,455,,,,75,,,,80,,,,115,,,,105,,,,85,,,,230,,,,90,,,,65,,,,65,,,,10,,,
"Apr 2026","Mid Sussex","E07000228",1925,2.0,2.4,,0,,,,310,,,,5,,,,305,,,,175,,,,1120,,,,205,,,,225,,,,235,,,,240,,,,210,,,,495,,,,165,,,,165,,,,130,,,,30,,,,1050,2.2,,,0,,,,190,,,,0,,,,190,,,,110,,,,590,,,,115,,,,125,,,,130,,,,120,,,,100,,,,270,,,,90,,,,90,,,,70,,,,20,,,,880,1.8,,,0,,,,120,,,,0,,,,120,,,,65,,,,530,,,,90,,,,105,,,,105,,,,120,,,,110,,,,225,,,,80,,,,75,,,,60,,,,10,,,
"Apr 2026","Worthing","E07000229",2295,3.3,3.6,,0,,,,495,,,,5,,,,490,,,,300,,,,1185,,,,255,,,,250,,,,210,,,,250,,,,215,,,,615,,,,200,,,,205,,,,160,,,,55,,,,1340,4.0,,,0,,,,295,,,,0,,,,290,,,,170,,,,685,,,,160,,,,145,,,,125,,,,130,,,,120,,,,365,,,,115,,,,125,,,,100,,,,30,,,,950,2.7,,,0,,,,200,,,,0,,,,200,,,,130,,,,505,,,,95,,,,105,,,,90,,,,120,,,,95,,,,250,,,,85,,,,80,,,,60,,,,25,,,
"Apr 2026","Bath and North East Somerset","E06000022",2480,1.9,2.4,,0,,,,455,,,,0,,,,455,,,,270,,,,1415,,,,275,,,,295,,,,350,,,,260,,,,235,,,,610,,,,200,,,,190,,,,175,,,,45,,,,1335,2.1,,,0,,,,265,,,,0,,,,265,,,,145,,,,725,,,,150,,,,155,,,,185,,,,125,,,,110,,,,345,,,,100,,,,115,,,,95,,,,30,,,,1140,1.7,,,0,,,,190,,,,0,,,,190,,,,125,,,,685,,,,125,,,,140,,,,165,,,,135,,,,120,,,,265,,,,100,,,,75,,,,75,,,,15,,,
"Apr 2026","Bristol, City of","E06000023",12760,3.6,4.7,,0,,,,2510,,,,15,,,,2495,,,,1455,,,,7875,,,,1835,,,,1650,,,,1640,,,,1550,,,,1195,,,,2375,,,,885,,,,725,,,,615,,,,150,,,,7345,4.2,,,0,,,,1435,,,,5,,,,1430,,,,805,,,,4420,,,,1075,,,,940,,,,880,,,,865,,,,660,,,,1490,,,,540,,,,460,,,,395,,,,90,,,,5415,3.1,,,0,,,,1075,,,,10,,,,1065,,,,650,,,,3455,,,,765,,,,710,,,,760,,,,685,,,,540,,,,885,,,,340,,,,265,,,,220,,,,55,,,
"Apr 2026","Cornwall","E06000052",11075,3.3,3.8,,0,,,,2315,,,,45,,,,2270,,,,1495,,,,5955,,,,1145,,,,1230,,,,1405,,,,1165,,,,1015,,,,2805,,,,885,,,,865,,,,835,,,,225,,,,6095,3.7,,,0,,,,1365,,,,15,,,,1350,,,,880,,,,3165,,,,665,,,,630,,,,745,,,,580,,,,540,,,,1565,,,,480,,,,480,,,,465,,,,140,,,,4980,2.9,,,0,,,,945,,,,30,,,,920,,,,615,,,,2795,,,,475,,,,600,,,,660,,,,580,,,,475,,,,1240,,,,405,,,,380,,,,370,,,,85,,,
"Apr 2026","Isles of Scilly","E06000053",20,1.5,,,0,,,,5,,,,0,,,,5,,,,5,,,,10,,,,5,,,,0,,,,0,,,,5,,,,0,,,,5,,,,0,,,,0,,,,5,,,,0,,,,10,1.2,,,0,,,,0,,,,0,,,,0,,,,0,,,,5,,,,0,,,,0,,,,0,,,,0,,,,0,,,,5,,,,0,,,,0,,,,0,,,,0,,,,15,1.8,,,0,,,,0,,,,0,,,,0,,,,0,,,,10,,,,5,,,,0,,,,0,,,,0,,,,0,,,,5,,,,0,,,,0,,,,0,,,,0,,,
"Apr 2026","North Somerset","E06000024",3325,2.5,3.1,,0,,,,735,,,,10,,,,725,,,,460,,,,1825,,,,420,,,,350,,,,375,,,,360,,,,320,,,,760,,,,265,,,,225,,,,225,,,,45,,,,1830,2.8,,,0,,,,405,,,,5,,,,405,,,,255,,,,980,,,,250,,,,190,,,,200,,,,175,,,,170,,,,440,,,,150,,,,125,,,,140,,,,25,,,,1495,2.2,,,0,,,,330,,,,5,,,,325,,,,210,,,,845,,,,170,,,,165,,,,175,,,,185,,,,150,,,,320,,,,115,,,,105,,,,85,,,,20,,,
"Apr 2026","Plymouth","E06000026",6185,3.5,4.8,,0,,,,1590,,,,15,,,,1575,,,,975,,,,3395,,,,830,,,,710,,,,725,,,,650,,,,480,,,,1200,,,,355,,,,395,,,,340,,,,105,,,,3640,4.2,,,0,,,,925,,,,10,,,,915,,,,560,,,,1980,,,,520,,,,410,,,,410,,,,365,,,,275,,,,730,,,,215,,,,250,,,,210,,,,65,,,,2550,2.9,,,0,,,,665,,,,5,,,,660,,,,410,,,,1415,,,,310,,,,300,,,,315,,,,285,,,,200,,,,465,,,,145,,,,145,,,,135,,,,45,,,
"Apr 2026","South Gloucestershire","E06000025",3980,2.1,2.5,,0,,,,915,,,,10,,,,905,,,,570,,,,2285,,,,515,,,,445,,,,515,,,,460,,,,350,,,,775,,,,280,,,,240,,,,200,,,,60,,,,2115,2.2,,,0,,,,530,,,,5,,,,530,,,,330,,,,1140,,,,275,,,,230,,,,265,,,,200,,,,170,,,,445,,,,160,,,,135,,,,120,,,,25,,,,1860,1.9,,,0,,,,385,,,,10,,,,375,,,,240,,,,1145,,,,240,,,,215,,,,250,,,,260,,,,175,,,,335,,,,120,,,,105,,,,80,,,,30,,,
"Apr 2026","Swindon","E06000030",5270,3.4,4.4,,0,,,,1005,,,,15,,,,990,,,,615,,,,3030,,,,570,,,,670,,,,710,,,,585,,,,495,,,,1235,,,,420,,,,370,,,,350,,,,95,,,,2920,3.7,,,0,,,,555,,,,5,,,,550,,,,345,,,,1655,,,,355,,,,370,,,,380,,,,300,,,,245,,,,710,,,,245,,,,215,,,,200,,,,55,,,,2350,3.0,,,0,,,,450,,,,10,,,,440,,,,270,,,,1375,,,,215,,,,300,,,,330,,,,285,,,,250,,,,520,,,,170,,,,160,,,,150,,,,40,,,
"Apr 2026","Torbay","E06000027",2875,3.6,4.6,,0,,,,610,,,,15,,,,595,,,,380,,,,1515,,,,295,,,,315,,,,345,,,,305,,,,255,,,,755,,,,235,,,,225,,,,225,,,,65,,,,1715,4.3,,,0,,,,365,,,,10,,,,355,,,,220,,,,880,,,,180,,,,165,,,,215,,,,165,,,,155,,,,465,,,,140,,,,140,,,,145,,,,40,,,,1160,2.8,,,0,,,,245,,,,5,,,,240,,,,160,,,,630,,,,110,,,,145,,,,130,,,,140,,,,105,,,,285,,,,95,,,,85,,,,80,,,,25,,,
"Apr 2026","Wiltshire","E06000054",7035,2.3,2.6,,0,,,,1395,,,,15,,,,1385,,,,820,,,,3900,,,,825,,,,850,,,,805,,,,780,,,,640,,,,1740,,,,550,,,,590,,,,485,,,,115,,,,3780,2.4,,,0,,,,800,,,,5,,,,795,,,,450,,,,2030,,,,480,,,,445,,,,405,,,,380,,,,325,,,,950,,,,280,,,,335,,,,270,,,,70,,,,3250,2.1,,,0,,,,595,,,,5,,,,590,,,,370,,,,1865,,,,345,,,,405,,,,400,,,,405,,,,315,,,,790,,,,270,,,,255,,,,215,,,,45,,,
"Apr 2026","East Devon","E07000040",1870,2.2,2.4,,0,,,,330,,,,5,,,,325,,,,210,,,,1015,,,,195,,,,190,,,,235,,,,195,,,,200,,,,530,,,,165,,,,150,,,,170,,,,45,,,,965,2.3,,,0,,,,190,,,,5,,,,185,,,,115,,,,490,,,,100,,,,105,,,,105,,,,85,,,,95,,,,285,,,,75,,,,90,,,,90,,,,25,,,,910,2.1,,,0,,,,140,,,,0,,,,140,,,,100,,,,525,,,,95,,,,85,,,,130,,,,110,,,,105,,,,245,,,,90,,,,60,,,,75,,,,20,,,
"Apr 2026","Exeter","E07000041",2160,2.3,2.7,,0,,,,525,,,,10,,,,510,,,,345,,,,1180,,,,255,,,,245,,,,260,,,,230,,,,190,,,,455,,,,165,,,,140,,,,135,,,,15,,,,1290,2.7,,,0,,,,320,,,,5,,,,315,,,,205,,,,685,,,,160,,,,145,,,,140,,,,125,,,,115,,,,285,,,,105,,,,85,,,,85,,,,5,,,,870,1.8,,,0,,,,205,,,,5,,,,200,,,,140,,,,495,,,,95,,,,100,,,,125,,,,100,,,,75,,,,170,,,,60,,,,55,,,,50,,,,10,,,
"Apr 2026","Mid Devon","E07000042",1185,2.4,2.6,,0,,,,270,,,,5,,,,265,,,,175,,,,615,,,,130,,,,125,,,,130,,,,120,,,,110,,,,300,,,,95,,,,90,,,,95,,,,15,,,,655,2.7,,,0,,,,165,,,,5,,,,165,,,,105,,,,320,,,,75,,,,60,,,,75,,,,55,,,,60,,,,165,,,,55,,,,50,,,,55,,,,10,,,,530,2.1,,,0,,,,105,,,,0,,,,105,,,,70,,,,295,,,,60,,,,70,,,,55,,,,65,,,,45,,,,130,,,,45,,,,40,,,,45,,,,5,,,
"Apr 2026","North Devon","E07000043",1770,3.1,3.7,,0,,,,395,,,,5,,,,385,,,,255,,,,945,,,,215,,,,185,,,,210,,,,190,,,,150,,,,435,,,,135,,,,130,,,,125,,,,40,,,,980,3.4,,,0,,,,225,,,,5,,,,225,,,,135,,,,515,,,,125,,,,105,,,,110,,,,85,,,,85,,,,235,,,,70,,,,75,,,,60,,,,30,,,,790,2.7,,,0,,,,165,,,,5,,,,165,,,,115,,,,425,,,,85,,,,80,,,,100,,,,100,,,,60,,,,195,,,,65,,,,55,,,,65,,,,10,,,
"Apr 2026","South Hams","E07000044",1120,2.2,2.8,,0,,,,210,,,,0,,,,205,,,,130,,,,595,,,,95,,,,105,,,,150,,,,125,,,,120,,,,315,,,,95,,,,110,,,,90,,,,20,,,,565,2.3,,,0,,,,120,,,,0,,,,120,,,,75,,,,290,,,,40,,,,60,,,,80,,,,45,,,,65,,,,155,,,,45,,,,50,,,,50,,,,10,,,,550,2.1,,,0,,,,90,,,,0,,,,85,,,,55,,,,305,,,,55,,,,45,,,,70,,,,75,,,,55,,,,160,,,,50,,,,60,,,,40,,,,10,,,
"Apr 2026","Teignbridge","E07000045",1690,2.2,2.4,,0,,,,315,,,,5,,,,305,,,,195,,,,940,,,,180,,,,195,,,,200,,,,205,,,,165,,,,435,,,,140,,,,125,,,,140,,,,30,,,,905,2.3,,,0,,,,170,,,,5,,,,165,,,,110,,,,500,,,,100,,,,115,,,,100,,,,95,,,,90,,,,240,,,,75,,,,70,,,,75,,,,20,,,,785,2.0,,,0,,,,145,,,,5,,,,140,,,,85,,,,445,,,,80,,,,80,,,,100,,,,110,,,,75,,,,195,,,,70,,,,55,,,,60,,,,10,,,
"Apr 2026","Torridge","E07000046",1100,2.9,3.6,,0,,,,240,,,,5,,,,235,,,,145,,,,560,,,,115,,,,120,,,,130,,,,105,,,,90,,,,300,,,,80,,,,100,,,,90,,,,30,,,,645,3.4,,,0,,,,150,,,,5,,,,145,,,,90,,,,325,,,,70,,,,75,,,,75,,,,60,,,,45,,,,170,,,,45,,,,60,,,,55,,,,15,,,,455,2.3,,,0,,,,90,,,,0,,,,90,,,,60,,,,235,,,,45,,,,45,,,,55,,,,45,,,,45,,,,130,,,,35,,,,40,,,,40,,,,20,,,
"Apr 2026","West Devon","E07000047",695,2.1,2.6,,0,,,,145,,,,0,,,,145,,,,95,,,,370,,,,75,,,,80,,,,75,,,,75,,,,60,,,,180,,,,55,,,,50,,,,55,,,,20,,,,355,2.2,,,0,,,,80,,,,0,,,,75,,,,50,,,,175,,,,40,,,,40,,,,35,,,,40,,,,25,,,,105,,,,30,,,,25,,,,35,,,,10,,,,340,2.0,,,0,,,,70,,,,0,,,,65,,,,45,,,,195,,,,35,,,,45,,,,40,,,,35,,,,35,,,,75,,,,25,,,,25,,,,20,,,,10,,,
"Apr 2026","Bournemouth, Christchurch and Poole","E06000058",8930,3.5,4.2,,0,,,,1585,,,,15,,,,1570,,,,935,,,,5060,,,,980,,,,970,,,,1135,,,,1040,,,,930,,,,2285,,,,770,,,,735,,,,630,,,,145,,,,5205,4.2,,,0,,,,965,,,,5,,,,960,,,,565,,,,2870,,,,615,,,,570,,,,625,,,,545,,,,510,,,,1370,,,,455,,,,445,,,,375,,,,95,,,,3725,2.9,,,0,,,,620,,,,5,,,,610,,,,370,,,,2190,,,,365,,,,400,,,,510,,,,495,,,,420,,,,915,,,,315,,,,290,,,,255,,,,50,,,
"Apr 2026","Dorset","E06000059",5105,2.4,2.8,,0,,,,1015,,,,5,,,,1010,,,,645,,,,2685,,,,530,,,,550,,,,575,,,,550,,,,480,,,,1405,,,,420,,,,445,,,,425,,,,110,,,,2800,2.7,,,0,,,,625,,,,5,,,,625,,,,400,,,,1410,,,,305,,,,305,,,,295,,,,265,,,,235,,,,765,,,,230,,,,245,,,,225,,,,65,,,,2300,2.1,,,0,,,,390,,,,5,,,,385,,,,250,,,,1275,,,,225,,,,245,,,,280,,,,285,,,,245,,,,635,,,,190,,,,200,,,,200,,,,45,,,
"Apr 2026","Cheltenham","E07000078",2105,2.8,3.2,,0,,,,400,,,,0,,,,395,,,,240,,,,1230,,,,255,,,,255,,,,275,,,,235,,,,210,,,,480,,,,165,,,,160,,,,125,,,,25,,,,1215,3.2,,,0,,,,265,,,,0,,,,265,,,,145,,,,685,,,,150,,,,145,,,,150,,,,120,,,,120,,,,270,,,,85,,,,100,,,,70,,,,15,,,,890,2.3,,,0,,,,135,,,,0,,,,130,,,,90,,,,545,,,,105,,,,110,,,,125,,,,115,,,,90,,,,210,,,,85,,,,60,,,,60,,,,10,,,
"Apr 2026","Cotswold","E07000079",1060,2.0,2.3,,0,,,,155,,,,5,,,,150,,,,105,,,,610,,,,100,,,,120,,,,125,,,,140,,,,125,,,,295,,,,110,,,,80,,,,85,,,,20,,,,520,2.1,,,0,,,,95,,,,5,,,,90,,,,60,,,,290,,,,60,,,,60,,,,55,,,,65,,,,55,,,,140,,,,50,,,,35,,,,45,,,,10,,,,535,2.0,,,0,,,,60,,,,0,,,,60,,,,45,,,,320,,,,45,,,,65,,,,70,,,,75,,,,70,,,,160,,,,60,,,,50,,,,40,,,,10,,,
"Apr 2026","Forest of Dean","E07000080",1345,2.6,3.0,,0,,,,240,,,,5,,,,240,,,,145,,,,735,,,,140,,,,170,,,,160,,,,140,,,,125,,,,370,,,,120,,,,105,,,,115,,,,25,,,,720,2.8,,,0,,,,120,,,,0,,,,120,,,,70,,,,390,,,,80,,,,95,,,,70,,,,80,,,,65,,,,210,,,,70,,,,55,,,,70,,,,15,,,,625,2.4,,,0,,,,120,,,,5,,,,115,,,,75,,,,350,,,,60,,,,80,,,,85,,,,60,,,,65,,,,160,,,,50,,,,50,,,,50,,,,5,,,
"Apr 2026","Gloucester","E07000081",3185,3.6,4.3,,0,,,,690,,,,5,,,,685,,,,450,,,,1825,,,,395,,,,390,,,,395,,,,385,,,,260,,,,665,,,,240,,,,195,,,,180,,,,50,,,,1915,4.3,,,0,,,,440,,,,5,,,,435,,,,295,,,,1065,,,,250,,,,235,,,,230,,,,205,,,,145,,,,410,,,,145,,,,125,,,,110,,,,30,,,,1270,2.9,,,0,,,,250,,,,0,,,,250,,,,155,,,,760,,,,145,,,,155,,,,170,,,,180,,,,115,,,,255,,,,95,,,,70,,,,65,,,,25,,,
"Apr 2026","Stroud","E07000082",1600,2.2,2.3,,0,,,,315,,,,5,,,,305,,,,190,,,,875,,,,185,,,,175,,,,175,,,,200,,,,140,,,,410,,,,140,,,,120,,,,115,,,,35,,,,810,2.2,,,0,,,,175,,,,5,,,,170,,,,105,,,,415,,,,100,,,,90,,,,75,,,,85,,,,60,,,,220,,,,75,,,,65,,,,60,,,,20,,,,790,2.1,,,0,,,,140,,,,0,,,,135,,,,85,,,,465,,,,85,,,,85,,,,100,,,,110,,,,80,,,,190,,,,65,,,,50,,,,55,,,,15,,,
"Apr 2026","Tewkesbury","E07000083",1445,2.4,3.0,,0,,,,285,,,,5,,,,280,,,,180,,,,835,,,,155,,,,185,,,,200,,,,155,,,,140,,,,325,,,,95,,,,110,,,,100,,,,20,,,,775,2.7,,,0,,,,170,,,,0,,,,170,,,,110,,,,430,,,,85,,,,100,,,,95,,,,75,,,,70,,,,175,,,,45,,,,60,,,,55,,,,10,,,,670,2.1,,,0,,,,110,,,,5,,,,110,,,,70,,,,405,,,,70,,,,85,,,,105,,,,80,,,,70,,,,150,,,,50,,,,50,,,,40,,,,10,,,
"Apr 2026","Mendip","E07000187",1995,,3.4,,0,,,,370,,,,10,,,,365,,,,220,,,,1005,,,,195,,,,205,,,,210,,,,220,,,,175,,,,615,,,,220,,,,170,,,,175,,,,50,,,,1090,,,,0,,,,215,,,,5,,,,210,,,,125,,,,535,,,,115,,,,125,,,,100,,,,115,,,,80,,,,340,,,,115,,,,95,,,,110,,,,20,,,,905,,,,0,,,,155,,,,0,,,,155,,,,95,,,,470,,,,75,,,,85,,,,110,,,,105,,,,95,,,,280,,,,105,,,,75,,,,70,,,,30,,,
"Apr 2026","Sedgemoor","E07000188",2090,,3.2,,0,,,,445,,,,15,,,,430,,,,265,,,,1130,,,,235,,,,230,,,,295,,,,210,,,,160,,,,515,,,,160,,,,165,,,,145,,,,40,,,,1115,,,,0,,,,250,,,,5,,,,245,,,,155,,,,575,,,,110,,,,125,,,,155,,,,105,,,,80,,,,285,,,,95,,,,90,,,,80,,,,20,,,,980,,,,0,,,,195,,,,10,,,,185,,,,115,,,,555,,,,125,,,,105,,,,140,,,,105,,,,80,,,,225,,,,70,,,,70,,,,65,,,,20,,,
"Apr 2026","South Somerset","E07000189",2485,,3.1,,0,,,,520,,,,5,,,,515,,,,335,,,,1370,,,,255,,,,310,,,,325,,,,255,,,,225,,,,595,,,,205,,,,190,,,,170,,,,30,,,,1365,,,,0,,,,295,,,,5,,,,295,,,,190,,,,730,,,,145,,,,165,,,,175,,,,125,,,,120,,,,335,,,,95,,,,115,,,,105,,,,20,,,,1120,,,,0,,,,220,,,,0,,,,220,,,,145,,,,640,,,,110,,,,150,,,,145,,,,130,,,,105,,,,260,,,,105,,,,75,,,,70,,,,10,,,
"Apr 2026","Somerset West and Taunton","E07000246",2350,,3.2,,0,,,,485,,,,5,,,,475,,,,315,,,,1285,,,,245,,,,255,,,,310,,,,265,,,,205,,,,585,,,,185,,,,165,,,,195,,,,40,,,,1255,,,,0,,,,295,,,,0,,,,295,,,,200,,,,645,,,,135,,,,130,,,,150,,,,125,,,,100,,,,315,,,,95,,,,90,,,,110,,,,25,,,,1095,,,,0,,,,190,,,,5,,,,185,,,,115,,,,640,,,,110,,,,125,,,,160,,,,140,,,,100,,,,270,,,,90,,,,75,,,,85,,,,20,,,
"Apr 2026","Isle of Anglesey","W06000001",1425,3.7,4.2,,0,,,,300,,,,10,,,,290,,,,190,,,,745,,,,170,,,,180,,,,160,,,,125,,,,105,,,,385,,,,115,,,,130,,,,115,,,,25,,,,835,4.4,,,0,,,,185,,,,5,,,,180,,,,110,,,,415,,,,115,,,,110,,,,80,,,,60,,,,55,,,,235,,,,70,,,,70,,,,80,,,,15,,,,590,3.0,,,0,,,,115,,,,5,,,,110,,,,80,,,,330,,,,60,,,,75,,,,80,,,,65,,,,55,,,,145,,,,45,,,,55,,,,40,,,,10,,,
"Apr 2026","Gwynedd","W06000002",2225,3.0,3.6,,0,,,,515,,,,15,,,,500,,,,310,,,,1170,,,,265,,,,275,,,,275,,,,205,,,,150,,,,540,,,,170,,,,165,,,,155,,,,50,,,,1260,3.5,,,0,,,,300,,,,5,,,,295,,,,175,,,,655,,,,160,,,,155,,,,135,,,,120,,,,80,,,,305,,,,85,,,,95,,,,100,,,,25,,,,965,2.6,,,0,,,,215,,,,10,,,,205,,,,135,,,,515,,,,105,,,,115,,,,140,,,,85,,,,70,,,,235,,,,85,,,,65,,,,60,,,,20,,,
"Apr 2026","Conwy","W06000003",2460,3.8,4.5,,0,,,,525,,,,15,,,,510,,,,315,,,,1305,,,,300,,,,275,,,,285,,,,250,,,,195,,,,630,,,,200,,,,180,,,,195,,,,50,,,,1430,4.5,,,0,,,,325,,,,5,,,,325,,,,195,,,,735,,,,175,,,,140,,,,160,,,,145,,,,120,,,,365,,,,120,,,,105,,,,110,,,,35,,,,1030,3.1,,,0,,,,200,,,,10,,,,190,,,,125,,,,570,,,,125,,,,135,,,,125,,,,110,,,,80,,,,260,,,,85,,,,75,,,,90,,,,15,,,
"Apr 2026","Denbighshire","W06000004",2075,3.7,4.6,,0,,,,465,,,,20,,,,450,,,,315,,,,1125,,,,265,,,,235,,,,260,,,,210,,,,155,,,,485,,,,150,,,,140,,,,145,,,,45,,,,1215,4.4,,,0,,,,275,,,,5,,,,265,,,,180,,,,645,,,,160,,,,130,,,,155,,,,110,,,,90,,,,295,,,,85,,,,95,,,,95,,,,25,,,,860,3.0,,,0,,,,195,,,,10,,,,180,,,,135,,,,480,,,,105,,,,110,,,,105,,,,100,,,,60,,,,185,,,,70,,,,50,,,,50,,,,20,,,
"Apr 2026","Flintshire","W06000005",2880,3.0,3.7,,0,,,,600,,,,5,,,,595,,,,365,,,,1565,,,,335,,,,330,,,,335,,,,320,,,,240,,,,715,,,,215,,,,245,,,,210,,,,40,,,,1610,3.5,,,0,,,,350,,,,5,,,,350,,,,215,,,,860,,,,185,,,,175,,,,190,,,,170,,,,135,,,,400,,,,120,,,,135,,,,120,,,,25,,,,1270,2.6,,,0,,,,250,,,,0,,,,250,,,,150,,,,705,,,,150,,,,155,,,,145,,,,150,,,,105,,,,315,,,,100,,,,110,,,,95,,,,15,,,
"Apr 2026","Wrexham","W06000006",2525,3.0,3.7,,0,,,,555,,,,15,,,,540,,,,345,,,,1435,,,,330,,,,290,,,,335,,,,275,,,,200,,,,540,,,,185,,,,165,,,,150,,,,45,,,,1470,3.4,,,0,,,,320,,,,10,,,,315,,,,200,,,,830,,,,200,,,,170,,,,190,,,,155,,,,115,,,,315,,,,100,,,,105,,,,85,,,,25,,,,1055,2.5,,,0,,,,230,,,,5,,,,225,,,,145,,,,600,,,,130,,,,120,,,,145,,,,120,,,,85,,,,225,,,,80,,,,60,,,,65,,,,15,,,
"Apr 2026","Powys","W06000023",2045,2.7,3.2,,0,,,,420,,,,5,,,,415,,,,265,,,,1120,,,,225,,,,250,,,,260,,,,215,,,,170,,,,505,,,,150,,,,145,,,,165,,,,45,,,,1100,2.9,,,0,,,,230,,,,0,,,,230,,,,135,,,,590,,,,120,,,,130,,,,155,,,,105,,,,75,,,,280,,,,75,,,,80,,,,100,,,,25,,,,945,2.5,,,0,,,,185,,,,5,,,,185,,,,130,,,,535,,,,105,,,,120,,,,105,,,,110,,,,95,,,,225,,,,75,,,,70,,,,65,,,,20,,,
"Apr 2026","Ceredigion","W06000008",1200,2.8,2.9,,0,,,,245,,,,5,,,,240,,,,135,,,,635,,,,150,,,,125,,,,145,,,,120,,,,95,,,,320,,,,90,,,,90,,,,110,,,,25,,,,705,3.3,,,0,,,,155,,,,5,,,,155,,,,85,,,,375,,,,105,,,,75,,,,80,,,,65,,,,50,,,,175,,,,55,,,,50,,,,60,,,,10,,,,490,2.2,,,0,,,,90,,,,0,,,,85,,,,50,,,,260,,,,45,,,,50,,,,65,,,,55,,,,40,,,,145,,,,40,,,,45,,,,55,,,,10,,,
"Apr 2026","Pembrokeshire","W06000009",2595,3.6,4.3,,0,,,,580,,,,10,,,,570,,,,400,,,,1380,,,,270,,,,310,,,,310,,,,270,,,,215,,,,635,,,,215,,,,195,,,,195,,,,30,,,,1450,4.2,,,0,,,,350,,,,5,,,,345,,,,235,,,,745,,,,180,,,,160,,,,170,,,,130,,,,100,,,,355,,,,110,,,,115,,,,115,,,,15,,,,1145,3.1,,,0,,,,230,,,,5,,,,225,,,,165,,,,635,,,,90,,,,150,,,,140,,,,140,,,,115,,,,280,,,,105,,,,80,,,,80,,,,15,,,
"Apr 2026","Carmarthenshire","W06000010",3180,2.9,3.9,,0,,,,770,,,,15,,,,755,,,,490,,,,1650,,,,385,,,,335,,,,380,,,,295,,,,250,,,,760,,,,250,,,,240,,,,210,,,,65,,,,1825,3.4,,,0,,,,470,,,,5,,,,465,,,,290,,,,915,,,,240,,,,185,,,,200,,,,155,,,,135,,,,435,,,,150,,,,135,,,,115,,,,35,,,,1360,2.4,,,0,,,,300,,,,5,,,,295,,,,200,,,,735,,,,145,,,,150,,,,180,,,,145,,,,110,,,,325,,,,95,,,,105,,,,95,,,,30,,,
"Apr 2026","Swansea","W06000011",5280,3.3,4.3,,0,,,,1095,,,,30,,,,1065,,,,650,,,,3150,,,,720,,,,685,,,,710,,,,570,,,,465,,,,1040,,,,380,,,,290,,,,300,,,,75,,,,3170,4.0,,,0,,,,670,,,,20,,,,650,,,,385,,,,1865,,,,475,,,,415,,,,400,,,,305,,,,265,,,,635,,,,210,,,,185,,,,195,,,,50,,,,2110,2.7,,,0,,,,425,,,,10,,,,415,,,,265,,,,1285,,,,245,,,,270,,,,305,,,,260,,,,200,,,,400,,,,170,,,,100,,,,105,,,,25,,,
"Apr 2026","Neath Port Talbot","W06000012",2745,3.1,4.2,,0,,,,765,,,,20,,,,745,,,,485,,,,1380,,,,345,,,,280,,,,315,,,,240,,,,200,,,,600,,,,190,,,,180,,,,175,,,,55,,,,1610,3.7,,,0,,,,490,,,,15,,,,475,,,,305,,,,760,,,,215,,,,155,,,,160,,,,130,,,,100,,,,365,,,,125,,,,105,,,,105,,,,30,,,,1130,2.5,,,0,,,,275,,,,5,,,,270,,,,185,,,,620,,,,130,,,,125,,,,160,,,,105,,,,100,,,,235,,,,65,,,,75,,,,70,,,,25,,,
"Apr 2026","Bridgend","W06000013",2700,3.0,4.0,,0,,,,635,,,,10,,,,625,,,,405,,,,1500,,,,335,,,,290,,,,340,,,,310,,,,220,,,,570,,,,185,,,,180,,,,155,,,,45,,,,1535,3.4,,,0,,,,375,,,,5,,,,370,,,,240,,,,825,,,,195,,,,155,,,,180,,,,165,,,,130,,,,335,,,,105,,,,100,,,,100,,,,30,,,,1165,2.6,,,0,,,,260,,,,5,,,,255,,,,165,,,,675,,,,140,,,,140,,,,160,,,,145,,,,95,,,,230,,,,80,,,,80,,,,55,,,,15,,,
"Apr 2026","Vale of Glamorgan","W06000014",2655,3.3,4.4,,0,,,,680,,,,5,,,,670,,,,435,,,,1440,,,,335,,,,305,,,,320,,,,260,,,,220,,,,535,,,,185,,,,170,,,,150,,,,30,,,,1485,3.8,,,0,,,,435,,,,5,,,,435,,,,275,,,,755,,,,200,,,,160,,,,155,,,,120,,,,115,,,,295,,,,90,,,,100,,,,85,,,,20,,,,1170,2.8,,,0,,,,240,,,,5,,,,240,,,,160,,,,685,,,,135,,,,145,,,,165,,,,140,,,,105,,,,240,,,,95,,,,70,,,,70,,,,10,,,
"Apr 2026","Cardiff","W06000015",10060,3.9,4.8,,0,,,,2090,,,,35,,,,2055,,,,1230,,,,6090,,,,1320,,,,1295,,,,1290,,,,1215,,,,970,,,,1875,,,,680,,,,605,,,,455,,,,135,,,,6020,4.7,,,0,,,,1305,,,,25,,,,1280,,,,755,,,,3540,,,,840,,,,785,,,,740,,,,655,,,,525,,,,1175,,,,380,,,,405,,,,295,,,,90,,,,4040,3.0,,,0,,,,785,,,,15,,,,770,,,,475,,,,2550,,,,480,,,,510,,,,550,,,,560,,,,450,,,,705,,,,300,,,,200,,,,160,,,,45,,,
"Apr 2026","Rhondda Cynon Taff","W06000016",4815,3.2,4.5,,0,,,,1245,,,,25,,,,1220,,,,820,,,,2620,,,,620,,,,515,,,,625,,,,525,,,,340,,,,950,,,,280,,,,285,,,,320,,,,60,,,,2780,3.7,,,0,,,,745,,,,15,,,,730,,,,480,,,,1460,,,,385,,,,290,,,,340,,,,275,,,,170,,,,575,,,,155,,,,180,,,,205,,,,35,,,,2035,2.7,,,0,,,,500,,,,10,,,,490,,,,340,,,,1160,,,,235,,,,225,,,,285,,,,245,,,,170,,,,375,,,,125,,,,110,,,,115,,,,25,,,
"Apr 2026","Merthyr Tydfil","W06000024",1215,3.3,4.3,,0,,,,305,,,,5,,,,300,,,,200,,,,690,,,,160,,,,160,,,,145,,,,135,,,,90,,,,220,,,,70,,,,80,,,,60,,,,15,,,,675,3.8,,,0,,,,180,,,,5,,,,175,,,,115,,,,365,,,,95,,,,75,,,,75,,,,75,,,,45,,,,135,,,,40,,,,50,,,,35,,,,10,,,,540,2.9,,,0,,,,125,,,,0,,,,125,,,,85,,,,330,,,,70,,,,85,,,,70,,,,60,,,,45,,,,85,,,,30,,,,30,,,,20,,,,5,,,
"Apr 2026","Caerphilly","W06000018",3715,3.4,4.2,,0,,,,1060,,,,15,,,,1045,,,,670,,,,1955,,,,495,,,,440,,,,415,,,,365,,,,245,,,,695,,,,220,,,,215,,,,215,,,,45,,,,2110,4.0,,,0,,,,620,,,,5,,,,615,,,,380,,,,1095,,,,310,,,,235,,,,220,,,,200,,,,135,,,,395,,,,130,,,,115,,,,125,,,,25,,,,1605,2.9,,,0,,,,440,,,,10,,,,430,,,,295,,,,865,,,,185,,,,205,,,,195,,,,165,,,,115,,,,300,,,,95,,,,100,,,,90,,,,20,,,
"Apr 2026","Blaenau Gwent","W06000019",1640,3.9,5.5,,0,,,,440,,,,10,,,,430,,,,290,,,,880,,,,215,,,,215,,,,185,,,,165,,,,100,,,,315,,,,90,,,,85,,,,115,,,,25,,,,940,4.6,,,0,,,,260,,,,5,,,,255,,,,170,,,,490,,,,120,,,,135,,,,95,,,,85,,,,55,,,,190,,,,55,,,,50,,,,70,,,,15,,,,700,3.3,,,0,,,,180,,,,5,,,,180,,,,120,,,,390,,,,95,,,,80,,,,90,,,,80,,,,45,,,,125,,,,35,,,,35,,,,45,,,,10,,,
"Apr 2026","Torfaen","W06000020",2130,3.7,4.7,,0,,,,550,,,,10,,,,540,,,,360,,,,1190,,,,295,,,,245,,,,285,,,,210,,,,160,,,,390,,,,125,,,,125,,,,110,,,,30,,,,1220,4.4,,,0,,,,315,,,,5,,,,310,,,,205,,,,675,,,,190,,,,130,,,,160,,,,105,,,,85,,,,230,,,,70,,,,70,,,,70,,,,20,,,,910,3.1,,,0,,,,235,,,,5,,,,230,,,,155,,,,515,,,,100,,,,110,,,,125,,,,100,,,,75,,,,160,,,,55,,,,50,,,,40,,,,15,,,
"Apr 2026","Monmouthshire","W06000021",1290,2.4,2.9,,0,,,,240,,,,5,,,,235,,,,150,,,,710,,,,135,,,,160,,,,140,,,,155,,,,115,,,,345,,,,100,,,,115,,,,105,,,,25,,,,705,2.6,,,0,,,,135,,,,5,,,,130,,,,80,,,,385,,,,90,,,,90,,,,75,,,,75,,,,55,,,,185,,,,55,,,,60,,,,60,,,,15,,,,585,2.1,,,0,,,,105,,,,0,,,,100,,,,70,,,,320,,,,45,,,,65,,,,65,,,,80,,,,65,,,,160,,,,50,,,,55,,,,45,,,,10,,,
"Apr 2026","Newport","W06000022",4840,4.6,6.2,,0,,,,960,,,,15,,,,945,,,,580,,,,2880,,,,600,,,,645,,,,645,,,,550,,,,440,,,,1000,,,,340,,,,310,,,,285,,,,70,,,,2730,5.2,,,0,,,,580,,,,15,,,,570,,,,335,,,,1540,,,,340,,,,350,,,,335,,,,280,,,,235,,,,610,,,,195,,,,200,,,,170,,,,40,,,,2110,4.0,,,0,,,,380,,,,5,,,,375,,,,245,,,,1335,,,,260,,,,290,,,,315,,,,270,,,,200,,,,395,,,,140,,,,115,,,,110,,,,25,,,
"Apr 2026","Aberdeen City","S12000033",5680,3.7,4.4,,0,,,,1105,,,,55,,,,1055,,,,585,,,,3470,,,,850,,,,705,,,,695,,,,690,,,,535,,,,1105,,,,390,,,,345,,,,305,,,,70,,,,3455,4.5,,,0,,,,685,,,,20,,,,660,,,,340,,,,2075,,,,570,,,,440,,,,385,,,,375,,,,305,,,,700,,,,255,,,,200,,,,195,,,,50,,,,2225,2.8,,,0,,,,425,,,,30,,,,395,,,,245,,,,1395,,,,275,,,,265,,,,310,,,,315,,,,230,,,,405,,,,130,,,,145,,,,110,,,,20,,,
"Apr 2026","Aberdeenshire","S12000034",3300,2.1,2.3,,0,,,,685,,,,45,,,,640,,,,400,,,,1790,,,,375,,,,400,,,,380,,,,325,,,,310,,,,825,,,,265,,,,265,,,,245,,,,55,,,,1775,2.3,,,0,,,,425,,,,25,,,,400,,,,245,,,,895,,,,215,,,,200,,,,180,,,,150,,,,155,,,,455,,,,145,,,,145,,,,140,,,,25,,,,1525,1.9,,,0,,,,260,,,,25,,,,240,,,,150,,,,890,,,,160,,,,200,,,,200,,,,175,,,,150,,,,370,,,,120,,,,115,,,,110,,,,30,,,
"Apr 2026","Angus","S12000041",2095,3.1,3.9,,0,,,,495,,,,15,,,,480,,,,305,,,,1120,,,,230,,,,240,,,,220,,,,245,,,,180,,,,480,,,,140,,,,155,,,,145,,,,40,,,,1250,3.8,,,0,,,,325,,,,10,,,,315,,,,200,,,,625,,,,155,,,,135,,,,115,,,,130,,,,90,,,,300,,,,80,,,,100,,,,90,,,,30,,,,845,2.5,,,0,,,,170,,,,5,,,,165,,,,105,,,,495,,,,70,,,,110,,,,105,,,,115,,,,95,,,,180,,,,60,,,,50,,,,55,,,,10,,,
"Apr 2026","Argyll and Bute","S12000035",1360,2.7,3.6,,0,,,,215,,,,10,,,,205,,,,130,,,,745,,,,150,,,,150,,,,150,,,,150,,,,140,,,,400,,,,100,,,,125,,,,135,,,,35,,,,780,3.0,,,0,,,,135,,,,5,,,,130,,,,85,,,,410,,,,90,,,,85,,,,80,,,,85,,,,70,,,,235,,,,55,,,,80,,,,85,,,,20,,,,580,2.3,,,0,,,,80,,,,5,,,,75,,,,45,,,,340,,,,65,,,,70,,,,70,,,,70,,,,70,,,,165,,,,50,,,,50,,,,50,,,,15,,,
"Apr 2026","Clackmannanshire","S12000005",980,3.0,3.9,,0,,,,260,,,,15,,,,250,,,,175,,,,505,,,,120,,,,125,,,,115,,,,80,,,,60,,,,215,,,,70,,,,60,,,,65,,,,15,,,,575,3.6,,,0,,,,160,,,,10,,,,150,,,,100,,,,285,,,,70,,,,75,,,,60,,,,45,,,,35,,,,125,,,,40,,,,35,,,,45,,,,10,,,,405,2.5,,,0,,,,100,,,,5,,,,100,,,,80,,,,215,,,,50,,,,50,,,,55,,,,40,,,,25,,,,85,,,,35,,,,25,,,,20,,,,5,,,
"Apr 2026","Dumfries and Galloway","S12000006",2410,2.9,3.3,,0,,,,525,,,,20,,,,505,,,,325,,,,1265,,,,290,,,,265,,,,280,,,,255,,,,180,,,,615,,,,175,,,,195,,,,195,,,,50,,,,1405,3.5,,,0,,,,315,,,,10,,,,305,,,,190,,,,740,,,,180,,,,150,,,,160,,,,145,,,,110,,,,350,,,,100,,,,115,,,,110,,,,25,,,,1005,2.3,,,0,,,,210,,,,10,,,,200,,,,135,,,,525,,,,110,,,,115,,,,120,,,,110,,,,70,,,,270,,,,80,,,,80,,,,85,,,,25,,,
"Apr 2026","Dundee City","S12000042",3940,4.0,5.2,,0,,,,835,,,,30,,,,810,,,,490,,,,2240,,,,505,,,,465,,,,490,,,,435,,,,345,,,,865,,,,270,,,,265,,,,285,,,,50,,,,2450,5.1,,,0,,,,515,,,,10,,,,505,,,,300,,,,1375,,,,335,,,,295,,,,290,,,,240,,,,215,,,,560,,,,170,,,,175,,,,185,,,,30,,,,1490,3.0,,,0,,,,320,,,,20,,,,300,,,,190,,,,865,,,,165,,,,170,,,,205,,,,195,,,,130,,,,300,,,,95,,,,90,,,,100,,,,15,,,
"Apr 2026","East Ayrshire","S12000008",2750,3.7,4.6,,0,,,,595,,,,20,,,,575,,,,345,,,,1515,,,,345,,,,340,,,,330,,,,305,,,,195,,,,640,,,,170,,,,220,,,,200,,,,45,,,,1685,4.7,,,0,,,,380,,,,10,,,,370,,,,215,,,,905,,,,230,,,,195,,,,185,,,,180,,,,115,,,,395,,,,115,,,,140,,,,115,,,,25,,,,1065,2.8,,,0,,,,215,,,,5,,,,210,,,,135,,,,610,,,,115,,,,145,,,,145,,,,125,,,,80,,,,245,,,,60,,,,80,,,,85,,,,20,,,
"Apr 2026","East Dunbartonshire","S12000045",1175,1.9,2.2,,0,,,,205,,,,10,,,,195,,,,130,,,,700,,,,125,,,,150,,,,170,,,,135,,,,120,,,,270,,,,100,,,,80,,,,70,,,,15,,,,685,2.2,,,0,,,,130,,,,5,,,,125,,,,80,,,,390,,,,85,,,,100,,,,75,,,,70,,,,60,,,,170,,,,60,,,,50,,,,45,,,,10,,,,490,1.5,,,0,,,,75,,,,5,,,,70,,,,50,,,,310,,,,40,,,,50,,,,90,,,,65,,,,65,,,,100,,,,40,,,,30,,,,25,,,,5,,,
"Apr 2026","East Lothian","S12000010",1675,2.4,2.9,,0,,,,345,,,,20,,,,325,,,,200,,,,970,,,,205,,,,210,,,,200,,,,195,,,,165,,,,360,,,,115,,,,115,,,,105,,,,30,,,,935,2.8,,,0,,,,200,,,,10,,,,190,,,,110,,,,515,,,,115,,,,115,,,,110,,,,85,,,,90,,,,215,,,,70,,,,65,,,,65,,,,15,,,,745,2.0,,,0,,,,140,,,,5,,,,135,,,,90,,,,460,,,,85,,,,95,,,,90,,,,110,,,,75,,,,145,,,,45,,,,50,,,,40,,,,15,,,
"Apr 2026","East Renfrewshire","S12000011",980,1.7,2.1,,0,,,,195,,,,5,,,,190,,,,115,,,,550,,,,105,,,,115,,,,115,,,,125,,,,90,,,,235,,,,80,,,,80,,,,65,,,,10,,,,580,2.1,,,0,,,,130,,,,0,,,,125,,,,75,,,,300,,,,70,,,,70,,,,60,,,,55,,,,45,,,,155,,,,50,,,,50,,,,45,,,,10,,,,400,1.3,,,0,,,,65,,,,0,,,,65,,,,40,,,,255,,,,35,,,,50,,,,55,,,,70,,,,50,,,,80,,,,30,,,,25,,,,20,,,,5,,,
"Apr 2026","City of Edinburgh","S12000036",10315,2.8,3.3,,0,,,,1705,,,,45,,,,1660,,,,880,,,,6380,,,,1380,,,,1310,,,,1390,,,,1305,,,,1000,,,,2230,,,,860,,,,705,,,,540,,,,130,,,,6215,3.5,,,0,,,,1135,,,,25,,,,1115,,,,560,,,,3725,,,,915,,,,765,,,,775,,,,690,,,,575,,,,1355,,,,535,,,,415,,,,330,,,,70,,,,4100,2.1,,,0,,,,570,,,,20,,,,545,,,,315,,,,2655,,,,460,,,,545,,,,615,,,,610,,,,425,,,,880,,,,325,,,,290,,,,210,,,,55,,,
"Apr 2026","Na h-Eileanan Siar","S12000013",340,2.2,3.2,,0,,,,55,,,,0,,,,55,,,,30,,,,150,,,,25,,,,30,,,,40,,,,20,,,,30,,,,135,,,,25,,,,55,,,,45,,,,10,,,,200,2.7,,,0,,,,35,,,,0,,,,35,,,,20,,,,80,,,,15,,,,15,,,,25,,,,10,,,,20,,,,85,,,,15,,,,40,,,,25,,,,5,,,,135,1.8,,,0,,,,25,,,,0,,,,25,,,,10,,,,65,,,,10,,,,15,,,,15,,,,10,,,,15,,,,45,,,,10,,,,10,,,,20,,,,5,,,
"Apr 2026","Falkirk","S12000014",3045,3.0,3.5,,0,,,,715,,,,45,,,,670,,,,430,,,,1665,,,,375,,,,355,,,,340,,,,345,,,,250,,,,665,,,,210,,,,230,,,,185,,,,40,,,,1835,3.7,,,0,,,,450,,,,30,,,,425,,,,270,,,,995,,,,250,,,,205,,,,205,,,,185,,,,150,,,,390,,,,110,,,,135,,,,115,,,,25,,,,1205,2.3,,,0,,,,260,,,,15,,,,245,,,,155,,,,670,,,,125,,,,150,,,,135,,,,160,,,,100,,,,275,,,,100,,,,95,,,,65,,,,15,,,
"Apr 2026","Fife","S12000047",7590,3.3,4.2,,0,,,,1735,,,,75,,,,1655,,,,1040,,,,4160,,,,870,,,,910,,,,935,,,,800,,,,640,,,,1695,,,,540,,,,530,,,,525,,,,105,,,,4425,4.0,,,0,,,,1025,,,,35,,,,985,,,,620,,,,2375,,,,540,,,,515,,,,530,,,,445,,,,350,,,,1030,,,,330,,,,320,,,,310,,,,65,,,,3160,2.7,,,0,,,,710,,,,40,,,,670,,,,420,,,,1785,,,,335,,,,395,,,,405,,,,355,,,,295,,,,670,,,,210,,,,205,,,,215,,,,35,,,
"Apr 2026","Glasgow City","S12000049",22220,4.8,6.9,,0,,,,3910,,,,75,,,,3835,,,,2030,,,,14375,,,,3365,,,,3260,,,,3170,,,,2610,,,,1970,,,,3935,,,,1405,,,,1240,,,,1050,,,,245,,,,14080,6.2,,,0,,,,2665,,,,35,,,,2630,,,,1340,,,,8945,,,,2280,,,,2085,,,,1945,,,,1480,,,,1150,,,,2475,,,,865,,,,770,,,,675,,,,170,,,,8140,3.5,,,0,,,,1245,,,,40,,,,1205,,,,690,,,,5430,,,,1085,,,,1175,,,,1220,,,,1125,,,,820,,,,1460,,,,540,,,,470,,,,375,,,,75,,,
"Apr 2026","Highland","S12000017",3375,2.4,2.8,,0,,,,600,,,,25,,,,575,,,,350,,,,1910,,,,385,,,,410,,,,415,,,,390,,,,315,,,,860,,,,260,,,,260,,,,265,,,,75,,,,1895,2.7,,,0,,,,355,,,,10,,,,340,,,,205,,,,1040,,,,230,,,,205,,,,215,,,,205,,,,180,,,,500,,,,140,,,,165,,,,145,,,,50,,,,1480,2.1,,,0,,,,250,,,,15,,,,235,,,,145,,,,870,,,,150,,,,205,,,,200,,,,180,,,,135,,,,360,,,,115,,,,100,,,,120,,,,25,,,
"Apr 2026","Inverclyde","S12000018",1660,3.4,4.8,,0,,,,420,,,,10,,,,410,,,,265,,,,870,,,,200,,,,200,,,,185,,,,160,,,,125,,,,370,,,,120,,,,110,,,,115,,,,25,,,,1025,4.3,,,0,,,,270,,,,0,,,,265,,,,175,,,,530,,,,125,,,,115,,,,110,,,,90,,,,90,,,,225,,,,80,,,,65,,,,65,,,,20,,,,630,2.5,,,0,,,,150,,,,5,,,,145,,,,95,,,,340,,,,75,,,,85,,,,75,,,,70,,,,35,,,,140,,,,45,,,,45,,,,50,,,,5,,,
"Apr 2026","Midlothian","S12000019",1530,2.5,3.2,,0,,,,315,,,,20,,,,300,,,,175,,,,920,,,,185,,,,175,,,,220,,,,195,,,,140,,,,290,,,,105,,,,80,,,,85,,,,20,,,,865,2.9,,,0,,,,190,,,,10,,,,180,,,,105,,,,505,,,,115,,,,90,,,,105,,,,110,,,,80,,,,170,,,,60,,,,50,,,,50,,,,10,,,,660,2.1,,,0,,,,125,,,,10,,,,120,,,,75,,,,415,,,,70,,,,85,,,,115,,,,85,,,,60,,,,120,,,,45,,,,30,,,,35,,,,10,,,
"Apr 2026","Moray","S12000020",1550,2.7,3.1,,0,,,,350,,,,15,,,,335,,,,230,,,,820,,,,185,,,,190,,,,165,,,,150,,,,130,,,,380,,,,115,,,,135,,,,110,,,,25,,,,825,2.9,,,0,,,,210,,,,10,,,,200,,,,130,,,,410,,,,110,,,,90,,,,75,,,,70,,,,60,,,,205,,,,50,,,,75,,,,65,,,,15,,,,725,2.5,,,0,,,,140,,,,5,,,,135,,,,100,,,,410,,,,70,,,,100,,,,90,,,,85,,,,70,,,,175,,,,65,,,,55,,,,45,,,,10,,,
"Apr 2026","North Ayrshire","S12000021",3320,4.1,5.4,,0,,,,735,,,,20,,,,715,,,,440,,,,1825,,,,415,,,,390,,,,395,,,,345,,,,280,,,,760,,,,250,,,,250,,,,210,,,,50,,,,1950,5.1,,,0,,,,450,,,,10,,,,440,,,,260,,,,1040,,,,255,,,,230,,,,210,,,,190,,,,155,,,,465,,,,140,,,,155,,,,135,,,,35,,,,1370,3.3,,,0,,,,290,,,,10,,,,275,,,,180,,,,785,,,,160,,,,160,,,,185,,,,155,,,,125,,,,295,,,,110,,,,95,,,,75,,,,15,,,
"Apr 2026","North Lanarkshire","S12000050",6715,3.0,3.8,,0,,,,1415,,,,70,,,,1345,,,,860,,,,3885,,,,860,,,,870,,,,840,,,,750,,,,565,,,,1410,,,,470,,,,480,,,,370,,,,95,,,,3960,3.6,,,0,,,,915,,,,35,,,,880,,,,550,,,,2195,,,,535,,,,490,,,,430,,,,420,,,,320,,,,855,,,,290,,,,280,,,,225,,,,60,,,,2755,2.4,,,0,,,,505,,,,35,,,,465,,,,315,,,,1695,,,,330,,,,380,,,,410,,,,330,,,,245,,,,555,,,,180,,,,200,,,,145,,,,30,,,
"Apr 2026","Orkney Islands","S12000023",220,1.7,19.0,,0,,,,50,,,,5,,,,45,,,,25,,,,105,,,,15,,,,30,,,,15,,,,25,,,,20,,,,65,,,,20,,,,20,,,,20,,,,5,,,,120,1.9,,,0,,,,25,,,,0,,,,20,,,,15,,,,55,,,,5,,,,20,,,,10,,,,10,,,,10,,,,40,,,,10,,,,10,,,,15,,,,5,,,,100,1.5,,,0,,,,25,,,,5,,,,25,,,,15,,,,50,,,,10,,,,10,,,,5,,,,15,,,,10,,,,25,,,,10,,,,10,,,,10,,,,0,,,
"Apr 2026","Perth and Kinross","S12000048",2135,2.3,2.5,,0,,,,425,,,,15,,,,410,,,,250,,,,1215,,,,260,,,,265,,,,275,,,,230,,,,185,,,,495,,,,175,,,,140,,,,140,,,,40,,,,1230,2.7,,,0,,,,260,,,,5,,,,250,,,,145,,,,685,,,,170,,,,150,,,,150,,,,125,,,,95,,,,285,,,,105,,,,75,,,,80,,,,25,,,,905,2.0,,,0,,,,170,,,,10,,,,160,,,,105,,,,525,,,,90,,,,115,,,,125,,,,105,,,,95,,,,210,,,,70,,,,65,,,,60,,,,15,,,
"Apr 2026","Renfrewshire","S12000038",3550,2.9,4.1,,0,,,,735,,,,15,,,,715,,,,435,,,,2070,,,,480,,,,440,,,,475,,,,385,,,,290,,,,745,,,,245,,,,225,,,,215,,,,60,,,,2155,3.7,,,0,,,,450,,,,10,,,,440,,,,255,,,,1250,,,,325,,,,270,,,,280,,,,210,,,,165,,,,450,,,,155,,,,140,,,,115,,,,40,,,,1400,2.3,,,0,,,,285,,,,5,,,,280,,,,180,,,,820,,,,155,,,,170,,,,190,,,,180,,,,125,,,,295,,,,90,,,,85,,,,100,,,,20,,,
"Apr 2026","Scottish Borders","S12000026",1970,2.9,3.4,,0,,,,375,,,,15,,,,360,,,,215,,,,1060,,,,210,,,,225,,,,245,,,,215,,,,160,,,,535,,,,165,,,,160,,,,155,,,,55,,,,1095,3.4,,,0,,,,220,,,,5,,,,215,,,,120,,,,580,,,,135,,,,120,,,,120,,,,115,,,,90,,,,290,,,,80,,,,90,,,,95,,,,25,,,,875,2.5,,,0,,,,155,,,,10,,,,145,,,,95,,,,480,,,,75,,,,105,,,,125,,,,100,,,,75,,,,240,,,,85,,,,70,,,,60,,,,30,,,
"Apr 2026","Shetland Islands","S12000027",195,1.4,1.5,,0,,,,40,,,,0,,,,40,,,,20,,,,110,,,,25,,,,20,,,,30,,,,20,,,,20,,,,45,,,,20,,,,10,,,,15,,,,0,,,,110,1.6,,,0,,,,25,,,,0,,,,25,,,,15,,,,60,,,,15,,,,10,,,,20,,,,5,,,,10,,,,25,,,,10,,,,5,,,,10,,,,0,,,,85,1.3,,,0,,,,15,,,,0,,,,15,,,,5,,,,50,,,,10,,,,10,,,,10,,,,15,,,,10,,,,20,,,,10,,,,5,,,,5,,,,0,,,
"Apr 2026","South Ayrshire","S12000028",2120,3.3,4.3,,0,,,,450,,,,15,,,,430,,,,245,,,,1175,,,,235,,,,230,,,,285,,,,235,,,,190,,,,500,,,,175,,,,150,,,,145,,,,30,,,,1250,4.0,,,0,,,,270,,,,5,,,,265,,,,140,,,,705,,,,145,,,,130,,,,165,,,,145,,,,110,,,,275,,,,95,,,,90,,,,80,,,,15,,,,870,2.6,,,0,,,,175,,,,10,,,,165,,,,105,,,,470,,,,85,,,,100,,,,115,,,,85,,,,80,,,,225,,,,80,,,,65,,,,65,,,,15,,,
"Apr 2026","South Lanarkshire","S12000029",5515,2.6,3.4,,0,,,,1105,,,,40,,,,1060,,,,685,,,,3160,,,,660,,,,710,,,,690,,,,600,,,,505,,,,1255,,,,390,,,,400,,,,370,,,,90,,,,3290,3.2,,,0,,,,680,,,,20,,,,660,,,,410,,,,1850,,,,415,,,,410,,,,400,,,,345,,,,280,,,,765,,,,230,,,,245,,,,235,,,,55,,,,2225,2.1,,,0,,,,425,,,,20,,,,405,,,,275,,,,1310,,,,245,,,,300,,,,285,,,,255,,,,225,,,,490,,,,165,,,,155,,,,135,,,,35,,,
"Apr 2026","Stirling","S12000030",1390,2.3,2.9,,0,,,,310,,,,5,,,,305,,,,185,,,,775,,,,155,,,,165,,,,175,,,,140,,,,140,,,,305,,,,85,,,,110,,,,95,,,,20,,,,775,2.7,,,0,,,,175,,,,0,,,,175,,,,105,,,,425,,,,95,,,,85,,,,110,,,,65,,,,75,,,,175,,,,45,,,,75,,,,45,,,,10,,,,615,2.0,,,0,,,,135,,,,0,,,,130,,,,80,,,,355,,,,60,,,,80,,,,70,,,,75,,,,65,,,,125,,,,35,,,,35,,,,45,,,,10,,,
"Apr 2026","West Dunbartonshire","S12000039",2160,3.9,5.0,,0,,,,475,,,,10,,,,465,,,,295,,,,1230,,,,290,,,,265,,,,260,,,,240,,,,175,,,,455,,,,130,,,,135,,,,155,,,,35,,,,1345,5.0,,,0,,,,300,,,,0,,,,295,,,,180,,,,760,,,,190,,,,160,,,,155,,,,150,,,,105,,,,290,,,,80,,,,90,,,,95,,,,20,,,,815,2.8,,,0,,,,175,,,,5,,,,170,,,,115,,,,470,,,,100,,,,105,,,,110,,,,90,,,,70,,,,170,,,,50,,,,45,,,,60,,,,15,,,
"Apr 2026","West Lothian","S12000040",3195,2.7,3.1,,0,,,,705,,,,40,,,,665,,,,400,,,,1810,,,,430,,,,365,,,,395,,,,330,,,,285,,,,680,,,,240,,,,200,,,,195,,,,40,,,,1895,3.3,,,0,,,,445,,,,25,,,,420,,,,250,,,,1040,,,,285,,,,225,,,,200,,,,185,,,,145,,,,410,,,,135,,,,130,,,,115,,,,30,,,,1300,2.2,,,0,,,,260,,,,15,,,,245,,,,150,,,,770,,,,150,,,,140,,,,195,,,,145,,,,145,,,,270,,,,105,,,,70,,,,85,,,,15,,,
"Apr 2026","Antrim and Newtownabbey","N09000001",2125,2.3,,,35,,,,400,,,,5,,,,395,,,,235,,,,1230,,,,265,,,,285,,,,265,,,,250,,,,165,,,,460,,,,150,,,,145,,,,125,,,,40,,,,1155,2.5,,,15,,,,245,,,,0,,,,245,,,,140,,,,635,,,,155,,,,145,,,,130,,,,120,,,,90,,,,255,,,,80,,,,80,,,,70,,,,25,,,,975,2.1,,,20,,,,155,,,,5,,,,150,,,,90,,,,595,,,,110,,,,140,,,,140,,,,135,,,,70,,,,205,,,,70,,,,60,,,,60,,,,15,,,
"Apr 2026","Armagh City, Banbridge and Craigavon","N09000002",3800,2.8,,,60,,,,555,,,,5,,,,550,,,,340,,,,2330,,,,430,,,,525,,,,545,,,,445,,,,390,,,,855,,,,295,,,,265,,,,240,,,,55,,,,1985,2.9,,,30,,,,350,,,,5,,,,345,,,,215,,,,1105,,,,230,,,,245,,,,230,,,,205,,,,195,,,,505,,,,160,,,,155,,,,145,,,,40,,,,1815,2.6,,,30,,,,205,,,,0,,,,205,,,,125,,,,1225,,,,200,,,,275,,,,315,,,,240,,,,195,,,,355,,,,135,,,,110,,,,95,,,,15,,,
"Apr 2026","Belfast","N09000003",9235,4.0,,,85,,,,1650,,,,15,,,,1635,,,,980,,,,5725,,,,1255,,,,1260,,,,1310,,,,1085,,,,810,,,,1775,,,,630,,,,520,,,,495,,,,135,,,,5170,4.5,,,50,,,,995,,,,10,,,,985,,,,580,,,,3085,,,,750,,,,695,,,,660,,,,565,,,,420,,,,1040,,,,350,,,,320,,,,290,,,,80,,,,4065,3.4,,,35,,,,655,,,,5,,,,650,,,,395,,,,2635,,,,505,,,,565,,,,655,,,,525,,,,390,,,,735,,,,280,,,,200,,,,205,,,,55,,,
"Apr 2026","Causeway Coast and Glens","N09000004",2585,3.0,,,20,,,,420,,,,0,,,,420,,,,265,,,,1490,,,,285,,,,340,,,,315,,,,285,,,,265,,,,655,,,,220,,,,200,,,,190,,,,50,,,,1360,3.2,,,5,,,,265,,,,0,,,,265,,,,165,,,,745,,,,160,,,,150,,,,150,,,,135,,,,150,,,,345,,,,120,,,,100,,,,95,,,,25,,,,1225,2.8,,,15,,,,155,,,,0,,,,155,,,,100,,,,745,,,,125,,,,185,,,,170,,,,150,,,,115,,,,310,,,,100,,,,95,,,,95,,,,20,,,
"Apr 2026","Derry City and Strabane","N09000005",4040,4.3,,,30,,,,715,,,,5,,,,710,,,,390,,,,2380,,,,515,,,,465,,,,545,,,,450,,,,400,,,,915,,,,305,,,,285,,,,275,,,,50,,,,2255,4.9,,,20,,,,435,,,,5,,,,430,,,,225,,,,1250,,,,310,,,,250,,,,265,,,,205,,,,215,,,,545,,,,170,,,,175,,,,175,,,,25,,,,1790,3.7,,,10,,,,280,,,,0,,,,280,,,,165,,,,1125,,,,205,,,,215,,,,280,,,,245,,,,185,,,,370,,,,135,,,,110,,,,100,,,,25,,,
"Apr 2026","Fermanagh and Omagh","N09000006",1615,2.3,,,20,,,,240,,,,5,,,,235,,,,130,,,,925,,,,175,,,,160,,,,195,,,,210,,,,190,,,,425,,,,125,,,,130,,,,135,,,,30,,,,865,2.5,,,10,,,,150,,,,0,,,,150,,,,80,,,,470,,,,95,,,,80,,,,95,,,,110,,,,95,,,,235,,,,70,,,,75,,,,75,,,,15,,,,750,2.2,,,10,,,,90,,,,5,,,,85,,,,50,,,,455,,,,80,,,,80,,,,100,,,,100,,,,95,,,,190,,,,60,,,,55,,,,60,,,,15,,,
"Apr 2026","Lisburn and Castlereagh","N09000007",1810,1.9,,,35,,,,290,,,,5,,,,285,,,,165,,,,1060,,,,200,,,,240,,,,230,,,,215,,,,175,,,,425,,,,150,,,,160,,,,95,,,,20,,,,935,2.0,,,15,,,,170,,,,5,,,,165,,,,100,,,,520,,,,110,,,,120,,,,100,,,,100,,,,90,,,,230,,,,75,,,,90,,,,55,,,,10,,,,875,1.9,,,20,,,,120,,,,0,,,,115,,,,65,,,,540,,,,90,,,,120,,,,130,,,,115,,,,85,,,,195,,,,75,,,,70,,,,45,,,,10,,,
"Apr 2026","Mid and East Antrim","N09000008",2505,2.9,,,35,,,,415,,,,10,,,,410,,,,245,,,,1430,,,,310,,,,295,,,,320,,,,275,,,,230,,,,620,,,,180,,,,195,,,,190,,,,55,,,,1330,3.1,,,20,,,,240,,,,5,,,,235,,,,145,,,,740,,,,180,,,,150,,,,165,,,,140,,,,115,,,,335,,,,95,,,,110,,,,95,,,,35,,,,1170,2.7,,,15,,,,180,,,,5,,,,175,,,,100,,,,690,,,,135,,,,145,,,,160,,,,135,,,,115,,,,290,,,,85,,,,90,,,,95,,,,20,,,
"Apr 2026","Mid Ulster","N09000009",2045,2.2,,,25,,,,305,,,,10,,,,295,,,,190,,,,1210,,,,205,,,,255,,,,280,,,,275,,,,190,,,,510,,,,170,,,,170,,,,125,,,,40,,,,1020,2.1,,,10,,,,155,,,,5,,,,150,,,,100,,,,575,,,,100,,,,120,,,,135,,,,125,,,,95,,,,280,,,,90,,,,100,,,,70,,,,25,,,,1025,2.2,,,10,,,,150,,,,5,,,,140,,,,90,,,,640,,,,105,,,,135,,,,145,,,,150,,,,100,,,,230,,,,80,,,,70,,,,60,,,,20,,,
"Apr 2026","Newry, Mourne and Down","N09000010",3045,2.8,,,40,,,,460,,,,5,,,,455,,,,250,,,,1790,,,,345,,,,365,,,,410,,,,365,,,,300,,,,755,,,,265,,,,225,,,,210,,,,55,,,,1510,2.8,,,15,,,,250,,,,5,,,,245,,,,135,,,,850,,,,175,,,,180,,,,180,,,,175,,,,140,,,,395,,,,125,,,,120,,,,120,,,,30,,,,1535,2.8,,,25,,,,210,,,,5,,,,205,,,,115,,,,940,,,,175,,,,180,,,,230,,,,190,,,,160,,,,360,,,,135,,,,105,,,,95,,,,25,,,
"Apr 2026","Ards and North Down","N09000011",2550,2.6,,,60,,,,465,,,,0,,,,460,,,,275,,,,1400,,,,300,,,,285,,,,330,,,,270,,,,215,,,,630,,,,190,,,,215,,,,185,,,,40,,,,1395,2.9,,,25,,,,290,,,,0,,,,290,,,,170,,,,730,,,,180,,,,150,,,,150,,,,135,,,,120,,,,345,,,,105,,,,115,,,,100,,,,25,,,,1155,2.3,,,35,,,,170,,,,0,,,,170,,,,105,,,,670,,,,120,,,,135,,,,180,,,,135,,,,95,,,,285,,,,85,,,,100,,,,85,,,,15,,,
