Model-based estimates of unemployment for local authorities1,,,,,,,,,,,,,,,,,,,,,,,,,,,,,,,,,,,,,,,,,,,,,,,,,,,,,,,,,,,,,,,,,,,,,,,,,,,,,,,,,,,,,,,,,,,,,,,,,,,,,,,,,,,,,,,,,,,,,,,,,,,,,,,,,,,,,,,,,,,,,,,,,,,,,,,,,,,,,,,,,,,,,,,,,,,,,,,,,,,,,,,,,,,,,,,,,,,,,,,,,,,,,,,,,,,,,,,,,,,,,,,,,,,,,,,,
,,,,,,,,,,,,,,,,,,,,,,,,,,,,,,,,,,,,,,,,,,,,,,,,,,,,,,,,,,,,,,,,,,,,,,,,,,,,,,,,,,,,,,,,,,,,,,,,,,,,,,,,,,,,,,,,,,,,,,,,,,,,,,,,,,,,,,,,,,,,,,,,,,,,,,,,,,,,,,,,,,,,,,,,,,,,,,,,,,,,,,,,,,,,,,,,,,,,,,,,,,,,,,,,,,,,,,,,,,,,,,,,,,,,,,,,
UALAD,,,1996/97,,,1997/98,,,1998/99,,,1999/2000,,,2000/01,,,2001/02,,,2002/03,,,2003/04,,,Jan 2004 to Dec 2004,,,Apr 2004 to Mar 2005 ,,,Jul 2004 to Jun 2005 ,,,Oct 2004 to Sep 2005 ,,,Jan 2005 to Dec 2005 ,,,Apr 2005 to Mar 2006 ,,,Jul 2005 to Jun 2006 ,,,Oct 2005 to Sep 2006 ,,,Jan 2006 to Dec 2006 ,,,Apr 2006 to Mar 2007 ,,,Jul 2006 to Jun 2007 ,,,Oct 2006 to Sep 2007 ,,,Jan 2007 to Dec 2007,,,Apr 2007 to Mar 2008,,,Jul 2007 to Jun 2008,,,Oct 2007 to Sep 2008,,,Jan 2008 to Dec 2008,,,Apr 2008 to Mar 2009,,,Jul 2008 to Jun 2009,,,Oct 2008 to Sep 2009,,,Jan 2009 to Dec 2009,,,Apr 2009 to Mar 2010,,,Jul 2009 to Jun 2010,,,Oct 2009 to Sep 2010,,,Jan 2010 to Dec 2010,,,Apr 2010 to Mar 2011,,,Jul 2010 to Jun 2011,,,Oct 2010 to Sep 2011,,,Jan 2011 to Dec 2011,,,Apr 2011 to Mar 2012,,,Jul 2011 to Jun 2012,,,Oct 2011 to Sep 2012,,,Jan 2012 to Dec 2012,,,Apr 2012 to Mar 2013,,,Jul 2012 to Jun 2013,,,Oct 2012 to Sep 2013,,,Jan 2013 to Dec 2013,,,Apr 2013 to Mar 2014,,,Jul 2013 to Jun 2014,,,Oct 2013 to Sep 2014,,,Jan 2014 to Dec 2014,,,Apr 2014 to Mar 2015,,,Jul 2014 to Jun 2015,,,Oct 2014 to Sep 2015,,,Jan 2015 to Dec 2015,,,Apr 2015 to Mar 2016,,,Jul 2015 to Jun 2016,,,Oct 2015 to Sep 2016 ,,,Jan 2016 to Dec 2016 ,,,Apr 2016 to Mar 2017 ,,,Jul 2016 to Jun 2017,,,Oct 2016 to Sep 2017 ,,,Jan 2017 to Dec 2017 ,,,Apr 2017 to Mar 2018 ,,,Jul 2017 to Jun 2018 ,,,Oct 2017 to Sep 2018 ,,,Jan 2018 to Dec 2018,,,Apr 2018 to Mar 2019,,,Jul 2018 to Jun 2019,,,Oct 2018 to Sep 2019,,,Jan 2019 to Dec 2019,,,Apr 2019 to Mar 2020,,,Jul 2019 to Jun 2020,,,Oct 2019 to Sep 2020,,,Jan 2020 to Dec 2020,,,Apr 2020 to Mar 2021,,,Jul 2020 to Jun 2021,,,Oct 2020 to Sep 2021,,,Jan 2021 to Dec 2021,
,,,Rate,+/- (%)2,,Rate,+/- (%)2,,Rate,+/- (%)2,,Rate,+/- (%)2,,Rate,+/- (%)2,,Rate,+/- (%)2,,Rate,+/- (%)2,,Rate,+/- (%)2,,Rate,+/- (%)2,,Rate,+/- (%)2,,Rate,+/- (%)2,,Rate,+/- (%)2,,Rate,+/- (%)2,,Rate,+/- (%)2,,Rate,+/- (%)2,,Rate,+/- (%)2,,Rate (%),+/- (%)2,,Rate (%),+/- (%)2,,Rate (%),+/- (%)2,,Rate (%),+/- (%)2,,Rate (%),+/- (%)2,,Rate (%),+/- (%)2,,Rate (%),+/- (%)2,,Rate (%),+/- (%)2,,Rate (%),+/- (%)2,,Rate (%),+/- (%)2,,Rate (%),+/- (%)2,,Rate (%),+/- (%)2,,Rate (%),+/- (%)2,,Rate (%),+/- (%)2,,Rate (%),+/- (%)2,,Rate (%),+/- (%)2,,Rate (%),+/- (%)2,,Rate (%),+/- (%)2,,Rate (%),+/- (%)2,,Rate (%),+/- (%)2,,Rate (%),+/- (%)2,,Rate (%),+/- (%)2,,Rate (%),+/- (%)2,,Rate (%),+/- (%)2,,Rate (%),+/- (%)2,,Rate (%),+/- (%)2,,Rate (%),+/- (%)2,,Rate (%),+/- (%)2,,Rate (%),+/- (%)2,,Rate (%),+/- (%)2,,Rate (%),+/- (%)2,,Rate (%),+/- (%)2,,Rate (%),+/- (%)2,,Rate (%),+/- (%)2,,Rate (%),+/- (%)2,,Rate (%),+/- (%)2,,Rate (%),+/- (%)2,,Rate (%),+/- (%)2,,Rate (%),+/- (%)2,,Rate (%),+/- (%)2,,Rate (%),+/- (%)2,,Rate (%),+/- (%)2,,Rate (%),+/- (%)2,,Rate (%),+/- (%)2,,Rate (%),+/- (%)2,,Rate (%),+/- (%)2,,Rate (%),+/- (%)2,,Rate (%),+/- (%)2,,Rate (%),+/- (%)2,,Rate (%),+/- (%)2,,Rate (%),+/- (%)2,,Rate (%),+/- (%)2,,Rate (%),+/- (%)2,,Rate (%),+/- (%)2,,Rate (%),+/- (%)2,,Rate (%),+/- (%)2,,Rate (%),+/- (%)2,,Rate (%),+/- (%)2,,Rate (%),+/- (%)2,,Rate (%),+/- (%)2,,Rate (%),+/- (%)2
,,,,,,,,,,,,,,,,,,,,,,,,,,,,,,,,,,,,,,,,,,,,,,,,,,,,,,,,,,,,,,,,,,,,,,,,,,,,,,,,,,,,,,,,,,,,,,,,,,,,,,,,,,,,,,,,,,,,,,,,,,,,,,,,,,,,,,,,,,,,,,,,,,,,,,,,,,,,,,,,,,,,,,,,,,,,,,,,,,,,,,,,,,,,,,,,,,,,,,,,,,,,,,,,,,,,,,,,,,,,,,,,,,,,,,,,
County Durham,E06000047,,:,:,,:,:,,:,:,,:,:,,:,:,,:,:,,:,:,,:,:,,4.8,:,,4.8,:,,4.9,:,,4.8,:,,4.7,:,,5.5,:,,5.5,:,,5.8,:,,5.9,:,,5.6,:,,5.4,:,,5.3,:,,5.1,:,,5.2,:,,5.5,:,,5.6,:,,6.3,:,,7.0,:,,7.8,:,,8.2,:,,8.6,:,,8.9,:,,8.8,:,,8.5,:,,8.7,:,,8.8,:,,8.3,:,,8.8,:,,8.8,:,,9.7,:,,10.2,:,,10.2,:,,10.0,:,,9.5,:,,9.1,:,,9.7,:,,9.3,:,,9.0,:,,8.7,:,,7.9,:,,7.6,:,,7.0,:,,6.6,:,,6.7,:,,6.8,:,,6.6,:,,7.0,:,,6.0,:,,5.8,:,,6.3,:,,5.7,:,,5.7,:,,5.5,:,,4.8,:,,4.8,:,,4.4,:,,4.6,:,,5.1,:,,5.0,:,,5.4,:,,5.4,:,,5.3,:,,5.3,:,,5.9,:,,6.1,:,,5.8,:,,6.2,:,,5.5,:,,5.3,:
Darlington,E06000005,,9.3,2.0,,8.0,1.8,,7.0,1.8,,8.1,2.0,,6.9,1.1,,6.6,1.1,,5.6,1.0,,5.0,0.9,,4.4,0.8,,4.5,0.9,,4.6,0.9,,4.6,0.9,,4.8,0.9,,4.9,1.0,,4.7,1.1,,4.7,1.0,,5.1,1.0,,5.2,1.0,,5.5,0.9,,5.8,1.0,,5.8,1.1,,5.9,1.1,,5.7,1.1,,5.9,1.1,,6.3,1.1,,7.0,1.2,,7.9,1.2,,8.3,1.3,,8.6,1.2,,8.9,1.3,,8.9,1.3,,8.5,1.2,,8.1,1.3,,8.3,1.3,,8.4,1.3,,8.9,1.4,,9.6,1.5,,10.0,1.5,,9.9,1.5,,10.2,1.6,,10.4,1.7,,9.4,1.6,,9.7,1.6,,9.3,1.6,,8.5,1.5,,8.9,1.4,,8.5,1.4,,8.3,1.3,,8.0,1.3,,7.3,1.3,,7.1,1.2,,6.8,1.1,,6.9,1.1,,6.9,1.1,,7.0,1.1,,6.3,1.0,,6.3,1.1,,6.4,1.3,,5.9,1.1,,6.2,1.3,,6.0,1.3,,5.2,1.0,,5.2,1.1,,4.8,1.1,,4.7,1.1,,5.1,1.2,,5.2,1.2,,6.0,1.3,,6.1,1.3,,6.3,1.3,,6.2,1.3,,6.0,1.3,,6.1,1.2,,5.8,1.1,,5.8,1.1,,5.4,1.0,,5.3,1.0
Hartlepool,E06000001,,11.0,2.5,,12.3,2.7,,10.7,2.7,,13.2,3.2,,9.1,1.4,,8.6,1.3,,8.6,1.4,,8.3,1.3,,7.7,1.3,,7.5,1.3,,7.0,1.2,,6.8,1.2,,6.7,1.1,,6.5,1.3,,7.2,1.4,,8.3,1.5,,8.6,1.5,,8.7,1.4,,8.8,1.3,,8.5,1.3,,8.6,1.5,,8.9,1.5,,9.3,1.6,,8.8,1.4,,9.4,1.5,,10.5,1.6,,10.8,1.6,,11.5,1.6,,12.4,1.6,,12.2,1.6,,11.9,1.6,,12.2,1.6,,11.4,1.7,,12.0,1.7,,12.5,1.7,,14.1,1.9,,14.6,1.9,,15.3,2.0,,16.3,2.1,,14.4,2.0,,13.9,2.0,,12.8,1.9,,13.1,1.9,,13.5,2.0,,14.1,2.0,,13.5,1.8,,12.5,1.7,,12.1,1.7,,11.3,1.6,,11.0,1.6,,10.4,1.5,,9.7,1.4,,9.7,1.4,,9.4,1.4,,9.8,1.4,,9.3,1.5,,9.0,1.5,,10.0,1.8,,9.4,1.6,,9.6,1.8,,10.1,1.8,,8.7,1.5,,8.8,1.6,,8.3,1.7,,9.0,1.8,,9.1,1.9,,8.7,1.8,,8.4,1.7,,7.5,1.5,,7.7,1.6,,7.4,1.6,,7.7,1.6,,7.8,1.5,,7.6,1.5,,7.9,1.5,,7.0,1.3,,6.8,1.3
Middlesbrough,E06000002,,13.9,2.6,,12.3,2.5,,12.3,2.7,,15.5,3.2,,11.0,1.6,,10.1,1.5,,9.0,1.4,,9.7,1.4,,8.4,1.3,,8.0,1.3,,7.9,1.3,,7.8,1.2,,7.7,1.2,,8.1,1.4,,7.7,1.4,,8.2,1.5,,8.0,1.4,,8.0,1.3,,8.4,1.3,,8.0,1.3,,7.6,1.3,,8.3,1.4,,8.9,1.5,,9.2,1.5,,9.7,1.5,,10.2,1.5,,10.5,1.5,,11.3,1.6,,12.3,1.6,,12.7,1.6,,13.1,1.7,,13.6,1.7,,14.4,1.9,,15.5,1.9,,15.1,1.9,,15.9,2.0,,15.6,2.0,,15.6,2.0,,15.6,2.1,,15.0,2.1,,15.5,2.1,,15.3,2.2,,15.5,2.2,,15.1,2.2,,13.3,2.0,,13.0,1.9,,13.4,1.9,,12.5,1.8,,12.5,1.7,,11.8,1.7,,10.7,1.6,,11.0,1.6,,11.0,1.6,,10.1,1.6,,10.0,1.5,,9.1,1.5,,8.1,1.4,,9.0,1.6,,8.8,1.6,,7.9,1.5,,7.9,1.5,,7.3,1.3,,7.3,1.4,,7.3,1.4,,7.4,1.6,,7.2,1.6,,6.9,1.5,,7.1,1.5,,7.6,1.5,,6.9,1.4,,7.1,1.5,,7.6,1.6,,7.4,1.5,,7.0,1.4,,7.5,1.5,,7.5,1.4,,7.3,1.4
Northumberland,E06000057,,:,:,,:,:,,:,:,,:,:,,:,:,,:,:,,:,:,,:,:,,4.5,:,,4.7,:,,4.6,:,,4.6,:,,4.4,:,,4.6,:,,4.8,:,,5.4,:,,5.9,:,,5.7,:,,5.7,:,,5.4,:,,5.0,:,,5.1,:,,5.1,:,,5.4,:,,5.9,:,,6.3,:,,6.6,:,,6.9,:,,7.1,:,,7.1,:,,7.3,:,,7.3,:,,7.4,:,,7.8,:,,7.5,:,,7.6,:,,7.8,:,,8.1,:,,8.3,:,,8.0,:,,7.6,:,,7.0,:,,6.8,:,,7.2,:,,7.1,:,,7.1,:,,7.0,:,,6.8,:,,6.7,:,,6.5,:,,6.2,:,,6.2,:,,6.2,:,,6.1,:,,6.1,:,,5.5,:,,5.5,:,,6.0,:,,5.6,:,,5.3,:,,5.0,:,,4.5,:,,4.3,:,,4.1,:,,4.3,:,,4.5,:,,4.7,:,,4.8,:,,4.7,:,,4.5,:,,4.5,:,,5.2,:,,5.3,:,,5.4,:,,5.7,:,,5.1,:,,5.2,:
Redcar and Cleveland,E06000003,,10.4,2.0,,10.1,2.1,,8.5,2.0,,11.0,2.5,,9.1,1.3,,8.6,1.3,,7.9,1.2,,7.4,1.1,,5.7,1.0,,6.1,1.0,,6.1,1.0,,6.2,1.0,,6.3,1.0,,6.6,1.2,,6.4,1.3,,6.8,1.3,,7.2,1.3,,7.1,1.2,,7.1,1.1,,6.8,1.1,,6.7,1.2,,6.9,1.2,,6.9,1.3,,7.7,1.3,,8.5,1.4,,9.0,1.5,,9.7,1.5,,10.0,1.5,,10.6,1.5,,11.4,1.5,,12.0,1.6,,12.1,1.6,,12.2,1.7,,12.3,1.7,,12.1,1.7,,12.6,1.8,,12.4,1.8,,12.2,1.8,,13.7,1.9,,12.0,1.8,,12.1,1.9,,12.3,1.9,,11.8,1.8,,12.5,1.9,,11.1,1.8,,10.3,1.6,,9.2,1.5,,8.5,1.4,,9.4,1.5,,8.7,1.5,,8.3,1.4,,8.6,1.4,,8.6,1.4,,8.8,1.5,,8.9,1.4,,8.5,1.4,,7.5,1.3,,8.0,1.6,,7.3,1.4,,7.0,1.5,,6.9,1.5,,5.6,1.1,,5.6,1.2,,5.2,1.2,,5.3,1.3,,5.5,1.4,,5.6,1.4,,5.6,1.3,,5.6,1.2,,6.2,1.4,,5.8,1.4,,6.6,1.4,,6.7,1.4,,6.0,1.2,,6.6,1.3,,6.0,1.2,,5.9,1.2
Stockton-on-Tees,E06000004,,10.2,1.9,,9.4,1.9,,8.6,1.9,,9.3,1.9,,7.7,1.2,,7.7,1.2,,6.9,1.1,,6.9,1.1,,6.0,1.0,,5.6,1.0,,5.4,1.0,,5.0,0.9,,5.2,0.9,,5.6,1.1,,5.7,1.2,,5.9,1.2,,6.0,1.2,,6.0,1.1,,6.6,1.0,,6.4,1.1,,6.4,1.2,,6.6,1.2,,6.5,1.3,,7.3,1.3,,7.7,1.4,,8.6,1.4,,9.2,1.4,,8.8,1.4,,9.1,1.3,,9.0,1.3,,9.2,1.3,,9.2,1.3,,9.4,1.5,,9.9,1.4,,9.5,1.4,,10.2,1.5,,10.0,1.5,,10.5,1.6,,10.7,1.6,,11.1,1.7,,10.9,1.7,,10.4,1.7,,10.4,1.8,,9.2,1.7,,8.9,1.6,,9.5,1.6,,9.2,1.5,,9.1,1.5,,8.7,1.4,,7.6,1.3,,7.3,1.3,,7.0,1.3,,7.3,1.3,,7.0,1.2,,7.4,1.2,,6.6,1.1,,6.4,1.2,,6.4,1.4,,6.0,1.2,,6.3,1.4,,5.6,1.3,,5.2,1.0,,5.2,1.1,,4.8,1.1,,5.7,1.4,,6.7,1.5,,6.4,1.5,,6.2,1.4,,5.7,1.3,,5.4,1.2,,5.6,1.3,,5.8,1.3,,6.1,1.2,,5.9,1.2,,5.8,1.1,,5.6,1.0,,5.6,1.1
Gateshead,E08000037,,10.2,1.9,,8.9,1.8,,8.3,1.8,,8.6,1.8,,7.0,1.1,,6.6,1.0,,6.0,1.0,,6.0,1.0,,5.5,0.9,,5.2,1.0,,5.1,0.9,,5.2,0.9,,5.5,0.9,,6.3,1.2,,6.3,1.2,,6.3,1.2,,6.2,1.2,,6.1,1.1,,6.2,1.0,,6.0,1.0,,5.9,1.1,,5.9,1.1,,5.9,1.1,,6.3,1.1,,7.1,1.2,,7.9,1.3,,8.2,1.3,,8.3,1.3,,8.5,1.2,,8.9,1.2,,9.1,1.3,,9.2,1.3,,9.4,1.5,,9.7,1.4,,10.1,1.5,,10.7,1.6,,10.6,1.6,,11.4,1.7,,11.9,1.7,,11.6,1.8,,11.5,1.8,,10.3,1.7,,8.9,1.6,,8.8,1.6,,8.6,1.6,,8.3,1.4,,8.7,1.4,,8.2,1.4,,8.1,1.3,,7.8,1.3,,7.2,1.2,,7.1,1.2,,7.0,1.2,,6.7,1.2,,7.0,1.1,,6.2,1.0,,6.2,1.1,,6.6,1.3,,6.0,1.2,,6.1,1.3,,5.6,1.2,,4.9,1.0,,4.8,1.0,,4.7,1.1,,4.7,1.2,,5.4,1.3,,5.6,1.4,,5.2,1.3,,5.6,1.3,,5.5,1.3,,5.2,1.3,,6.1,1.3,,6.2,1.3,,6.1,1.2,,7.0,1.4,,6.2,1.2,,6.0,1.2
Newcastle upon Tyne,E08000021,,11.5,2.0,,10.5,1.9,,8.8,1.8,,10.7,2.0,,9.6,1.4,,7.9,1.3,,7.2,1.2,,7.7,1.2,,7.1,1.1,,7.2,1.2,,6.9,1.2,,6.6,1.1,,6.5,1.1,,7.0,1.3,,7.4,1.4,,7.9,1.4,,8.2,1.4,,7.9,1.3,,7.5,1.2,,7.0,1.1,,7.1,1.3,,7.7,1.3,,7.8,1.4,,7.8,1.4,,8.8,1.4,,9.5,1.5,,10.8,1.6,,11.4,1.6,,10.9,1.5,,11.1,1.5,,10.6,1.5,,9.4,1.4,,9.7,1.5,,9.3,1.4,,9.4,1.4,,10.0,1.6,,10.2,1.6,,10.3,1.6,,10.7,1.7,,10.9,1.8,,10.5,1.7,,10.8,1.8,,11.1,1.8,,11.8,1.9,,11.3,1.8,,10.9,1.7,,10.2,1.6,,10.1,1.6,,9.7,1.5,,9.2,1.5,,8.7,1.5,,8.7,1.4,,8.8,1.4,,8.7,1.5,,8.9,1.4,,7.2,1.3,,7.0,1.3,,7.7,1.6,,6.9,1.4,,7.0,1.4,,6.8,1.5,,6.3,1.2,,5.8,1.3,,6.2,1.4,,5.4,1.4,,5.3,1.4,,5.3,1.4,,5.4,1.4,,6.1,1.4,,6.2,1.5,,6.3,1.5,,7.0,1.6,,6.8,1.5,,6.7,1.4,,7.7,1.6,,7.3,1.5,,7.6,1.5
North Tyneside,E08000022,,10.1,1.9,,9.4,1.9,,7.2,1.6,,8.6,1.8,,7.6,1.2,,6.9,1.1,,5.5,0.9,,5.6,0.9,,5.2,0.9,,5.4,1.0,,5.6,1.0,,5.6,1.0,,5.5,0.9,,5.5,1.1,,5.4,1.1,,6.0,1.2,,6.4,1.2,,6.3,1.1,,6.2,1.0,,6.0,1.0,,5.7,1.1,,6.0,1.1,,6.2,1.2,,6.2,1.1,,6.7,1.2,,7.2,1.2,,7.7,1.3,,8.2,1.3,,8.3,1.2,,8.2,1.2,,8.3,1.2,,8.5,1.2,,8.7,1.3,,9.2,1.3,,9.0,1.3,,9.2,1.4,,9.6,1.4,,10.1,1.5,,10.7,1.6,,10.4,1.6,,9.7,1.6,,8.6,1.5,,7.9,1.4,,8.0,1.5,,8.2,1.6,,8.6,1.5,,8.0,1.4,,7.1,1.2,,7.0,1.2,,6.1,1.1,,6.3,1.1,,6.3,1.1,,6.4,1.1,,6.5,1.1,,6.9,1.1,,5.9,1.0,,5.7,1.0,,6.0,1.2,,5.2,1.0,,5.4,1.2,,5.8,1.3,,5.0,1.0,,5.2,1.1,,4.9,1.2,,4.7,1.2,,4.9,1.3,,4.3,1.2,,4.3,1.1,,4.3,1.0,,4.1,1.0,,4.4,1.1,,5.3,1.2,,5.9,1.3,,6.1,1.2,,6.5,1.3,,5.8,1.1,,5.6,1.1
South Tyneside,E08000023,,11.8,2.3,,11.6,2.4,,10.2,2.3,,12.7,2.7,,10.5,1.4,,10.1,1.3,,9.2,1.3,,8.6,1.2,,7.9,1.2,,8.1,1.3,,8.1,1.3,,8.0,1.3,,7.8,1.2,,8.9,1.5,,8.4,1.5,,9.6,1.6,,10.2,1.6,,9.3,1.5,,9.2,1.4,,8.4,1.3,,7.1,1.2,,7.2,1.3,,7.2,1.3,,7.7,1.3,,8.4,1.4,,9.3,1.4,,9.8,1.5,,10.9,1.5,,12.0,1.6,,12.4,1.6,,13.5,1.7,,12.6,1.6,,12.3,1.7,,12.4,1.6,,11.0,1.5,,12.0,1.7,,12.1,1.7,,12.4,1.7,,13.0,1.7,,12.5,1.7,,12.9,1.8,,11.8,1.8,,12.2,1.8,,12.7,1.9,,11.7,1.8,,11.4,1.6,,10.8,1.5,,10.6,1.6,,9.8,1.4,,9.6,1.5,,8.8,1.4,,8.3,1.4,,9.0,1.4,,9.0,1.4,,9.3,1.4,,8.5,1.3,,8.1,1.3,,8.9,1.6,,8.3,1.5,,7.7,1.5,,7.6,1.5,,6.4,1.2,,6.3,1.3,,6.4,1.3,,6.5,1.5,,7.0,1.6,,7.1,1.6,,7.0,1.6,,7.5,1.6,,7.0,1.5,,7.2,1.6,,8.3,1.7,,8.2,1.6,,7.6,1.5,,7.9,1.5,,6.6,1.3,,6.3,1.3
Sunderland,E08000024,,12.6,2.1,,9.7,1.8,,9.9,1.9,,10.1,1.9,,8.3,1.2,,8.0,1.1,,7.3,1.1,,7.7,1.1,,6.1,1.1,,6.4,1.1,,6.2,1.1,,6.1,1.1,,6.0,1.0,,6.3,1.2,,6.1,1.2,,6.8,1.4,,7.4,1.3,,7.1,1.2,,7.4,1.1,,7.0,1.1,,6.5,1.2,,7.0,1.2,,7.3,1.3,,7.6,1.3,,8.2,1.4,,8.8,1.4,,9.4,1.4,,9.9,1.4,,10.6,1.4,,10.9,1.4,,11.2,1.5,,11.0,1.5,,10.7,1.6,,11.1,1.5,,10.7,1.5,,11.7,1.7,,12.1,1.7,,12.1,1.7,,12.2,1.7,,10.6,1.6,,9.7,1.6,,9.3,1.6,,10.4,1.7,,11.4,1.8,,12.3,1.9,,11.4,1.7,,10.2,1.6,,9.8,1.5,,9.0,1.4,,8.4,1.5,,8.3,1.4,,8.5,1.4,,8.4,1.4,,8.2,1.4,,8.0,1.3,,7.0,1.2,,7.4,1.3,,8.4,1.6,,7.5,1.4,,7.1,1.4,,6.4,1.3,,5.5,1.0,,5.7,1.1,,5.6,1.2,,6.1,1.3,,6.7,1.4,,7.0,1.5,,7.0,1.5,,6.5,1.4,,6.3,1.3,,6.0,1.3,,6.3,1.3,,6.8,1.3,,6.3,1.2,,6.9,1.3,,6.5,1.2,,5.9,1.2
Blackburn with Darwen,E06000008,,7.9,1.7,,7.4,1.7,,7.0,1.7,,7.5,1.8,,7.2,1.1,,6.3,1.0,,5.7,1.0,,5.3,0.9,,5.3,0.9,,5.7,1.0,,5.6,1.0,,5.7,1.0,,6.2,1.0,,6.2,1.2,,6.7,1.3,,6.5,1.2,,6.4,1.2,,6.4,1.1,,6.3,1.0,,6.5,1.0,,6.4,1.1,,6.1,1.1,,6.3,1.1,,6.2,1.1,,7.0,1.2,,7.5,1.2,,8.6,1.4,,9.6,1.4,,9.4,1.3,,9.8,1.3,,8.8,1.2,,8.4,1.2,,8.6,1.4,,8.6,1.3,,9.0,1.4,,9.4,1.5,,9.2,1.4,,9.6,1.5,,9.8,1.5,,10.1,1.6,,9.8,1.6,,9.3,1.6,,9.0,1.6,,8.2,1.5,,8.7,1.6,,8.4,1.4,,8.6,1.4,,8.3,1.4,,8.1,1.3,,7.6,1.3,,7.1,1.3,,7.4,1.3,,7.3,1.2,,7.3,1.2,,7.2,1.1,,6.5,1.1,,6.2,1.1,,6.0,1.2,,5.9,1.1,,6.2,1.2,,5.8,1.3,,5.8,1.1,,5.9,1.1,,5.4,1.1,,5.2,1.2,,5.0,1.2,,4.7,1.1,,4.8,1.1,,5.5,1.2,,5.4,1.1,,5.2,1.2,,5.7,1.3,,5.5,1.2,,6.2,1.3,,6.6,1.4,,5.9,1.2,,6.0,1.2
Blackpool,E06000009,,8.6,1.8,,6.6,1.5,,5.7,1.5,,6.6,1.8,,6.3,1.1,,4.9,0.9,,5.8,1.0,,5.6,1.0,,5.0,0.9,,4.9,1.0,,5.2,1.0,,5.2,1.0,,5.8,1.0,,6.2,1.3,,5.9,1.2,,6.6,1.3,,6.1,1.2,,6.0,1.1,,6.3,1.0,,6.4,1.0,,6.4,1.1,,6.2,1.1,,6.5,1.2,,6.1,1.1,,6.4,1.1,,7.2,1.2,,7.7,1.2,,8.8,1.3,,8.7,1.2,,9.2,1.3,,8.8,1.2,,8.9,1.2,,9.9,1.5,,9.4,1.4,,10.1,1.4,,10.1,1.5,,10.5,1.5,,10.5,1.5,,10.6,1.6,,10.2,1.6,,9.7,1.6,,9.8,1.7,,9.3,1.6,,9.8,1.7,,9.3,1.7,,9.7,1.6,,9.8,1.6,,8.7,1.5,,8.6,1.5,,7.8,1.5,,7.6,1.4,,7.0,1.3,,6.3,1.2,,6.2,1.2,,6.3,1.1,,6.6,1.2,,6.7,1.2,,6.7,1.4,,6.1,1.2,,5.9,1.3,,5.9,1.3,,5.5,1.1,,5.5,1.2,,6.0,1.3,,5.7,1.4,,5.7,1.4,,6.1,1.4,,5.6,1.3,,5.6,1.2,,5.6,1.2,,4.8,1.2,,4.9,1.2,,5.6,1.3,,6.2,1.3,,6.2,1.4,,6.0,1.2,,6.0,1.3
Cheshire East,E06000049,,:,:,,:,:,,:,:,,:,:,,:,:,,:,:,,:,:,,:,:,,2.6,:,,2.8,:,,2.8,:,,3.0,:,,3.3,:,,3.0,:,,3.1,:,,3.4,:,,3.5,:,,3.5,:,,3.5,:,,3.5,:,,3.5,:,,3.6,:,,3.8,:,,3.8,:,,4.4,:,,4.9,:,,5.6,:,,6.3,:,,6.4,:,,6.6,:,,6.0,:,,5.8,:,,5.6,:,,5.3,:,,5.6,:,,5.3,:,,5.7,:,,5.9,:,,6.1,:,,6.2,:,,5.8,:,,5.9,:,,5.6,:,,5.4,:,,5.5,:,,5.0,:,,5.1,:,,4.5,:,,4.2,:,,4.0,:,,3.7,:,,3.8,:,,3.5,:,,3.2,:,,3.3,:,,3.3,:,,3.6,:,,3.5,:,,3.4,:,,3.3,:,,3.0,:,,3.2,:,,3.1,:,,3.1,:,,3.1,:,,3.1,:,,3.2,:,,2.9,:,,3.0,:,,2.8,:,,2.7,:,,3.3,:,,3.6,:,,4.0,:,,4.1,:,,3.9,:,,3.7,:
Cheshire West and Chester,E06000050,,:,:,,:,:,,:,:,,:,:,,:,:,,:,:,,:,:,,:,:,,3.2,:,,3.3,:,,3.3,:,,3.3,:,,3.6,:,,3.4,:,,3.8,:,,3.9,:,,4.1,:,,4.3,:,,4.2,:,,4.5,:,,4.3,:,,4.5,:,,4.6,:,,4.7,:,,5.1,:,,5.7,:,,6.2,:,,6.9,:,,7.1,:,,7.2,:,,6.8,:,,6.6,:,,6.3,:,,6.1,:,,6.5,:,,6.3,:,,6.7,:,,7.3,:,,7.4,:,,7.5,:,,7.0,:,,6.8,:,,6.2,:,,6.1,:,,6.0,:,,5.7,:,,5.5,:,,5.3,:,,5.0,:,,4.4,:,,4.3,:,,4.3,:,,4.1,:,,4.0,:,,4.1,:,,3.9,:,,4.0,:,,4.0,:,,3.8,:,,4.0,:,,3.8,:,,3.6,:,,3.3,:,,3.7,:,,3.6,:,,3.7,:,,3.6,:,,3.2,:,,3.4,:,,3.3,:,,3.2,:,,3.4,:,,3.1,:,,3.4,:,,3.4,:,,3.5,:,,3.6,:
Halton,E06000006,,9.9,2.1,,10.3,2.3,,9.3,2.3,,9.4,2.3,,6.8,1.1,,6.8,1.1,,7.1,1.2,,6.3,1.0,,6.4,1.1,,6.0,1.1,,5.9,1.1,,5.5,1.0,,5.6,1.0,,5.6,1.2,,5.4,1.2,,5.5,1.2,,5.8,1.2,,6.5,1.2,,7.0,1.1,,7.4,1.2,,6.9,1.2,,6.7,1.2,,6.7,1.2,,6.6,1.1,,7.1,1.2,,7.8,1.3,,8.7,1.4,,9.9,1.4,,10.9,1.4,,10.7,1.4,,10.0,1.3,,9.8,1.4,,9.5,1.5,,9.6,1.4,,9.6,1.4,,9.4,1.4,,9.9,1.5,,10.3,1.6,,10.8,1.6,,10.8,1.7,,10.1,1.6,,10.0,1.6,,9.7,1.7,,9.7,1.7,,9.3,1.7,,8.5,1.4,,7.9,1.3,,7.3,1.2,,7.1,1.2,,6.3,1.2,,5.8,1.1,,5.6,1.0,,5.4,1.0,,5.1,0.9,,5.2,0.9,,5.2,0.9,,5.2,1.0,,5.0,1.1,,5.1,1.0,,5.0,1.1,,4.6,1.1,,4.9,1.0,,4.9,1.0,,4.6,1.1,,4.5,1.1,,4.3,1.1,,3.9,1.1,,3.7,1.0,,3.7,0.9,,3.9,1.0,,3.9,1.0,,4.3,1.0,,4.5,1.0,,4.5,1.0,,4.4,1.0,,4.3,0.9,,4.0,0.9
Warrington,E06000007,,5.4,1.1,,4.8,1.0,,3.9,0.9,,4.5,1.1,,3.7,0.7,,3.8,0.7,,4.2,0.8,,3.8,0.7,,3.3,0.7,,3.5,0.7,,3.3,0.7,,3.2,0.6,,3.6,0.7,,3.6,0.9,,3.8,0.9,,4.1,0.9,,4.3,0.9,,3.8,0.7,,3.9,0.6,,4.1,0.7,,3.6,0.7,,4.0,0.7,,4.2,0.8,,4.4,0.8,,5.1,0.9,,5.7,0.9,,6.4,1.0,,6.9,1.1,,7.1,1.0,,7.2,1.0,,6.6,1.0,,6.6,1.0,,6.0,1.1,,5.7,1.0,,6.0,1.0,,6.3,1.1,,6.8,1.1,,7.1,1.2,,7.2,1.2,,6.7,1.2,,6.5,1.2,,6.8,1.3,,6.6,1.3,,6.5,1.3,,6.3,1.2,,5.8,1.1,,5.7,1.0,,5.2,1.0,,5.0,0.9,,5.0,1.0,,5.0,1.0,,4.8,0.9,,4.5,0.9,,4.0,0.8,,3.9,0.7,,4.0,0.7,,4.0,0.8,,3.8,0.9,,3.8,0.8,,3.7,0.9,,3.7,0.9,,4.0,0.8,,3.9,0.9,,3.9,0.9,,4.0,1.0,,3.6,1.0,,3.5,0.9,,3.4,0.9,,3.2,0.8,,3.1,0.8,,2.9,0.8,,3.1,0.8,,3.4,0.8,,3.6,0.8,,3.8,0.8,,3.6,0.7,,3.5,0.7
Allerdale,E07000026,,7.8,1.8,,6.5,1.6,,6.7,1.8,,6.8,1.8,,5.2,1.3,,5.0,1.3,,5.4,1.5,,4.0,1.1,,3.9,0.9,,4.0,0.9,,4.2,0.9,,3.7,0.8,,4.2,0.9,,4.1,1.3,,4.1,1.4,,4.6,1.4,,4.4,1.3,,4.3,1.2,,4.2,1.0,,4.2,1.0,,4.0,1.1,,4.0,1.1,,4.2,1.3,,3.9,1.1,,4.3,1.2,,4.4,1.2,,4.7,1.3,,5.4,1.4,,5.3,1.4,,5.7,1.4,,5.7,1.4,,5.6,1.4,,6.2,1.6,,6.1,1.5,,6.6,1.6,,6.5,1.6,,7.6,1.8,,7.6,1.8,,7.4,1.8,,8.3,2.1,,7.1,2.0,,7.3,2.1,,6.4,1.8,,6.6,1.9,,6.6,1.9,,5.9,1.5,,6.7,1.7,,5.7,1.4,,5.6,1.4,,5.2,1.5,,4.8,1.3,,4.3,1.2,,3.9,1.1,,4.0,1.1,,4.0,1.0,,4.1,1.1,,4.0,1.1,,3.8,1.2,,3.6,1.1,,3.6,1.2,,3.9,1.4,,4.0,1.2,,3.6,1.1,,3.5,1.2,,3.1,1.2,,3.1,1.2,,3.2,1.2,,3.1,1.1,,3.3,1.1,,3.1,1.1,,3.0,1.1,,3.2,1.1,,3.7,1.2,,4.4,1.4,,4.4,1.4,,4.0,1.2,,3.5,1.0
Barrow-in-Furness,E07000027,,9.9,2.4,,9.9,2.7,,8.4,2.3,,7.2,2.0,,6.9,1.8,,5.9,1.7,,6.2,1.7,,5.6,1.6,,4.8,1.0,,4.9,1.0,,5.2,1.1,,5.5,1.1,,5.8,1.2,,4.7,1.7,,5.3,2.0,,5.1,1.9,,5.6,1.9,,5.5,1.7,,5.3,1.5,,5.7,1.6,,6.3,1.9,,6.2,1.8,,5.9,1.8,,5.7,1.7,,5.6,1.7,,5.8,1.7,,6.6,1.9,,7.2,2.0,,7.0,1.9,,6.9,1.9,,6.7,1.9,,7.4,2.1,,7.9,2.2,,8.8,2.4,,9.0,2.5,,8.3,2.2,,9.6,2.6,,9.5,2.4,,9.4,2.4,,9.4,2.6,,9.1,2.6,,9.0,2.7,,8.8,2.7,,8.5,2.8,,7.9,2.7,,8.4,2.5,,7.8,2.3,,7.3,1.9,,7.4,1.9,,6.9,1.9,,6.8,1.9,,6.8,1.9,,6.2,1.7,,5.7,1.6,,5.7,1.5,,6.0,1.6,,5.6,1.6,,5.7,1.9,,5.4,1.7,,4.9,1.7,,4.5,1.6,,4.3,1.3,,4.7,1.5,,4.5,1.5,,4.5,1.7,,4.5,1.8,,4.5,1.8,,4.4,1.7,,4.7,1.7,,4.9,1.8,,4.2,1.6,,4.6,1.8,,4.3,1.7,,4.4,1.7,,4.4,1.5,,4.2,1.3,,4.1,1.4
Carlisle,E07000028,,6.8,1.5,,5.3,1.3,,5.0,1.3,,5.4,1.4,,4.8,1.1,,4.5,1.1,,5.3,1.3,,4.1,1.1,,3.6,0.8,,3.5,0.9,,3.7,0.9,,3.7,0.9,,4.1,0.9,,4.1,1.3,,4.4,1.4,,4.3,1.3,,4.4,1.3,,4.3,1.2,,4.1,1.0,,4.3,1.1,,3.7,1.0,,3.8,1.1,,4.0,1.2,,4.2,1.2,,4.9,1.5,,5.3,1.5,,5.9,1.6,,6.6,1.7,,6.0,1.4,,6.0,1.4,,5.7,1.3,,5.6,1.3,,6.1,1.5,,6.1,1.5,,6.2,1.5,,6.3,1.5,,6.2,1.5,,6.4,1.5,,6.7,1.6,,6.1,1.6,,5.6,1.6,,5.6,1.6,,5.0,1.4,,5.3,1.6,,6.0,1.8,,5.7,1.5,,6.0,1.5,,5.4,1.3,,4.9,1.2,,4.1,1.1,,3.6,1.0,,3.4,0.9,,2.8,0.8,,3.3,0.9,,3.6,0.9,,3.8,1.0,,4.5,1.2,,4.2,1.3,,3.7,1.0,,3.6,1.1,,3.3,1.1,,3.4,0.9,,3.2,0.9,,3.0,1.0,,2.6,1.0,,2.6,1.0,,2.7,1.1,,2.7,1.0,,2.9,1.0,,2.7,0.9,,2.6,1.0,,3.0,1.0,,3.4,1.1,,3.9,1.2,,4.0,1.2,,3.5,1.0,,3.2,0.9
Copeland,E07000029,,9.3,2.2,,9.3,2.2,,7.9,2.1,,8.4,2.3,,6.9,1.8,,6.9,1.8,,6.9,1.8,,5.7,1.6,,5.3,1.1,,5.7,1.2,,5.6,1.2,,5.7,1.2,,6.2,1.2,,4.8,1.7,,4.8,1.7,,4.8,1.7,,4.8,1.6,,4.9,1.6,,5.4,1.5,,5.7,1.6,,5.9,1.8,,5.6,1.7,,5.7,1.9,,5.6,1.7,,6.0,1.8,,6.4,1.8,,6.9,1.9,,6.8,1.9,,7.0,1.8,,7.1,1.8,,6.7,1.7,,7.7,2.1,,7.1,2.1,,7.5,2.2,,7.1,2.0,,7.4,2.0,,8.2,2.2,,8.4,2.3,,8.2,2.4,,7.6,2.3,,7.6,2.3,,7.3,2.2,,7.4,2.2,,7.4,2.3,,6.6,2.1,,6.7,2.0,,6.7,1.9,,6.3,1.7,,6.0,1.7,,5.4,1.6,,5.2,1.5,,5.4,1.5,,5.3,1.5,,5.3,1.5,,5.4,1.5,,5.2,1.5,,5.5,1.7,,5.4,1.9,,4.4,1.5,,4.8,1.7,,4.2,1.5,,4.0,1.2,,4.4,1.4,,4.0,1.4,,3.8,1.4,,4.1,1.5,,3.5,1.3,,3.4,1.2,,3.5,1.2,,3.5,1.3,,3.3,1.3,,3.2,1.2,,3.8,1.4,,3.1,1.1,,2.9,1.0,,3.1,1.0,,2.7,0.9
Eden,E07000030,,3.6,1.1,,3.2,1.0,,3.1,1.1,,3.4,1.2,,3.2,1.0,,2.6,0.9,,2.2,0.8,,2.2,0.8,,1.9,0.5,,1.9,0.5,,1.9,0.5,,1.8,0.5,,1.9,0.5,,1.6,0.7,,1.7,0.7,,1.8,0.7,,2.1,0.8,,2.2,0.8,,2.2,0.7,,2.6,0.9,,2.6,0.9,,2.6,0.9,,2.4,0.9,,2.4,0.9,,2.6,0.9,,2.7,0.9,,2.9,1.0,,3.0,1.0,,2.8,0.9,,3.0,1.0,,3.2,1.0,,3.3,1.1,,3.5,1.2,,3.6,1.2,,3.9,1.3,,3.6,1.2,,3.8,1.3,,3.7,1.2,,3.4,1.1,,3.4,1.2,,3.1,1.1,,3.0,1.1,,2.8,1.0,,2.8,1.0,,2.7,1.0,,2.5,0.8,,2.7,0.9,,2.8,0.9,,2.8,1.0,,2.5,0.9,,2.1,0.8,,2.0,0.8,,1.8,0.7,,2.2,0.8,,2.2,0.7,,2.1,0.7,,2.5,0.8,,2.2,0.9,,2.2,0.8,,2.1,0.8,,1.8,0.8,,1.8,0.7,,1.7,0.6,,1.9,0.7,,1.8,0.8,,1.9,0.9,,1.8,0.8,,1.6,0.7,,1.5,0.6,,1.6,0.6,,1.8,0.8,,2.3,0.9,,2.6,1.0,,2.5,0.9,,2.5,1.0,,2.5,0.9,,2.8,1.1
South Lakeland,E07000031,,4.8,1.2,,3.6,1.0,,3.1,0.9,,3.2,0.9,,3.3,0.9,,2.8,0.8,,2.4,0.7,,2.5,0.7,,2.2,0.5,,2.3,0.6,,2.4,0.6,,2.3,0.5,,2.3,0.5,,2.4,0.8,,2.6,1.0,,2.8,1.0,,3.0,1.0,,2.9,0.9,,2.6,0.7,,3.1,0.8,,3.0,0.9,,2.8,0.8,,3.1,1.0,,2.7,0.8,,2.8,0.8,,2.9,0.8,,3.1,0.9,,3.2,0.9,,3.1,0.8,,3.3,0.9,,3.3,0.9,,3.2,0.8,,3.5,1.0,,3.3,0.9,,3.4,0.9,,3.5,1.0,,3.6,1.0,,3.7,1.0,,3.4,0.9,,3.7,1.1,,3.3,1.0,,2.9,0.9,,2.6,0.8,,2.4,0.8,,2.5,0.8,,2.6,0.8,,3.0,0.9,,3.2,0.9,,3.1,0.9,,2.7,0.8,,2.4,0.7,,2.2,0.7,,2.1,0.6,,2.3,0.7,,2.5,0.7,,2.3,0.6,,2.4,0.7,,2.1,0.7,,2.0,0.6,,2.0,0.7,,1.8,0.7,,1.9,0.6,,1.8,0.6,,1.8,0.7,,1.8,0.8,,1.8,0.8,,1.8,0.8,,1.7,0.7,,1.6,0.6,,1.6,0.6,,1.9,0.7,,2.5,0.9,,2.9,1.0,,3.2,1.0,,3.3,1.1,,2.9,0.9,,2.8,0.8
Bolton,E08000001,,6.9,1.3,,5.5,1.1,,4.7,1.0,,6.2,1.3,,5.5,0.9,,4.9,0.8,,5.1,0.9,,5.1,0.9,,4.5,0.8,,4.4,0.9,,4.5,0.8,,4.8,0.9,,5.7,0.9,,5.5,1.1,,5.6,1.2,,5.4,1.2,,5.3,1.1,,5.7,1.0,,5.8,0.9,,5.9,1.0,,5.8,1.0,,6.1,1.1,,5.9,1.1,,6.5,1.2,,7.2,1.2,,7.4,1.2,,8.0,1.3,,8.5,1.3,,8.6,1.2,,9.6,1.3,,9.2,1.3,,8.9,1.3,,8.7,1.4,,7.7,1.3,,8.1,1.3,,8.1,1.3,,8.9,1.4,,9.4,1.5,,9.6,1.5,,9.7,1.6,,9.2,1.6,,9.7,1.6,,9.3,1.5,,9.6,1.6,,9.9,1.7,,9.1,1.5,,9.0,1.4,,8.0,1.3,,7.3,1.2,,6.8,1.2,,6.3,1.1,,6.7,1.2,,6.6,1.2,,6.5,1.2,,6.5,1.1,,6.1,1.1,,6.0,1.1,,5.4,1.2,,5.5,1.1,,5.5,1.2,,5.3,1.2,,5.7,1.1,,5.5,1.1,,5.3,1.2,,4.9,1.2,,4.4,1.1,,4.8,1.2,,4.9,1.2,,5.8,1.3,,6.4,1.4,,5.7,1.3,,5.9,1.3,,5.5,1.2,,5.7,1.2,,5.8,1.2,,5.7,1.1,,5.5,1.1
Bury,E08000002,,5.0,1.1,,4.8,1.1,,3.8,0.9,,4.2,1.0,,3.8,0.7,,4.2,0.8,,4.4,0.8,,3.9,0.8,,3.7,0.7,,3.9,0.8,,3.7,0.7,,3.8,0.7,,4.1,0.7,,4.1,0.9,,4.7,1.1,,5.1,1.1,,5.2,1.1,,5.1,1.0,,4.9,0.8,,4.8,0.8,,4.6,0.9,,4.9,0.9,,5.3,1.0,,5.4,1.0,,5.6,1.0,,6.3,1.1,,7.3,1.2,,8.2,1.3,,8.9,1.2,,8.9,1.2,,8.0,1.1,,7.7,1.1,,7.3,1.2,,6.7,1.1,,7.1,1.2,,7.2,1.2,,7.6,1.2,,8.3,1.4,,8.4,1.4,,8.7,1.5,,8.7,1.5,,7.9,1.4,,7.9,1.4,,7.0,1.4,,7.0,1.4,,6.9,1.3,,6.7,1.3,,6.3,1.2,,6.3,1.2,,6.0,1.2,,6.2,1.2,,6.4,1.2,,5.7,1.1,,5.4,1.1,,5.1,0.9,,5.2,0.9,,5.1,1.0,,5.3,1.2,,4.9,1.0,,4.6,1.0,,4.2,1.0,,4.1,0.8,,3.8,0.8,,3.9,0.9,,4.2,1.0,,4.5,1.1,,4.7,1.1,,4.5,1.1,,4.4,1.0,,3.8,0.9,,3.7,1.0,,4.1,1.0,,4.3,1.0,,4.8,1.0,,5.0,1.1,,4.6,0.9,,4.4,0.9
Manchester,E08000003,,13.4,2.0,,14.1,2.2,,11.2,2.0,,11.7,2.0,,8.9,1.3,,8.8,1.3,,9.2,1.4,,8.5,1.3,,8.2,1.3,,7.8,1.3,,7.3,1.2,,7.3,1.2,,8.1,1.3,,8.0,1.5,,7.8,1.5,,7.7,1.4,,7.1,1.3,,6.9,1.2,,7.5,1.1,,8.0,1.2,,8.1,1.3,,9.1,1.4,,9.3,1.5,,9.1,1.4,,9.8,1.5,,10.1,1.5,,10.7,1.5,,12.0,1.6,,12.1,1.5,,12.6,1.5,,11.9,1.5,,11.7,1.5,,11.2,1.6,,10.7,1.5,,11.2,1.5,,11.4,1.5,,11.6,1.5,,12.3,1.6,,12.9,1.7,,12.9,1.7,,12.8,1.8,,12.4,1.8,,11.9,1.7,,10.6,1.7,,10.6,1.7,,10.1,1.5,,10.1,1.5,,9.6,1.4,,9.4,1.4,,8.9,1.4,,7.9,1.3,,8.3,1.3,,7.6,1.2,,7.2,1.2,,7.5,1.1,,7.1,1.1,,7.5,1.2,,7.6,1.4,,6.6,1.2,,6.7,1.3,,5.6,1.2,,5.6,1.0,,5.2,1.0,,4.9,1.1,,5.2,1.2,,4.7,1.2,,5.4,1.3,,5.5,1.3,,5.8,1.3,,6.2,1.3,,6.1,1.4,,6.2,1.4,,6.7,1.4,,6.5,1.4,,7.3,1.5,,6.9,1.3,,6.6,1.3
Oldham,E08000004,,7.3,1.4,,6.4,1.3,,5.8,1.3,,6.1,1.3,,5.9,1.0,,4.9,0.9,,5.7,1.0,,5.0,0.9,,5.0,0.9,,5.0,1.0,,4.6,0.9,,4.7,0.9,,5.0,0.9,,4.6,1.0,,5.2,1.2,,5.4,1.2,,5.8,1.2,,6.0,1.1,,6.4,1.0,,6.8,1.1,,7.3,1.3,,8.1,1.4,,8.1,1.4,,8.2,1.4,,8.4,1.4,,8.6,1.3,,9.2,1.4,,9.2,1.3,,9.5,1.3,,9.5,1.3,,9.0,1.2,,9.2,1.3,,9.3,1.4,,9.0,1.3,,9.3,1.4,,9.7,1.4,,10.0,1.4,,10.3,1.5,,10.7,1.6,,10.5,1.6,,10.3,1.7,,10.2,1.7,,9.7,1.6,,9.0,1.6,,9.1,1.6,,9.1,1.5,,9.6,1.5,,9.4,1.5,,9.0,1.4,,8.7,1.5,,7.9,1.4,,8.1,1.4,,7.2,1.3,,7.0,1.2,,6.6,1.1,,6.3,1.1,,6.4,1.2,,6.6,1.4,,6.2,1.2,,6.0,1.3,,5.8,1.3,,5.5,1.1,,5.5,1.1,,5.5,1.2,,5.3,1.3,,5.1,1.3,,5.1,1.2,,4.8,1.2,,4.5,1.0,,4.5,1.1,,4.5,1.1,,4.7,1.1,,5.4,1.2,,5.8,1.2,,6.2,1.3,,6.0,1.2,,6.5,1.3
Rochdale,E08000005,,7.5,1.5,,6.6,1.3,,5.9,1.3,,6.6,1.5,,5.4,0.9,,5.0,0.8,,5.9,1.0,,5.6,1.0,,5.0,0.9,,5.3,1.0,,5.2,0.9,,5.2,0.9,,5.6,0.9,,5.3,1.1,,5.7,1.2,,5.7,1.2,,6.0,1.2,,6.0,1.1,,6.5,1.0,,6.7,1.1,,6.5,1.1,,6.7,1.2,,7.0,1.3,,7.1,1.2,,7.3,1.2,,8.4,1.3,,9.1,1.4,,10.4,1.4,,10.6,1.4,,10.5,1.3,,10.1,1.3,,9.3,1.3,,8.8,1.4,,8.5,1.3,,9.2,1.3,,9.9,1.4,,10.8,1.5,,11.6,1.6,,11.0,1.6,,10.6,1.7,,10.5,1.7,,9.9,1.6,,9.6,1.6,,9.3,1.6,,9.2,1.6,,10.3,1.6,,10.1,1.5,,9.3,1.4,,8.7,1.4,,7.2,1.3,,6.9,1.2,,7.3,1.3,,7.1,1.2,,7.4,1.2,,7.2,1.1,,7.3,1.2,,7.2,1.2,,6.9,1.4,,6.4,1.2,,6.1,1.2,,6.0,1.3,,5.8,1.1,,5.2,1.1,,5.2,1.1,,5.1,1.2,,5.4,1.3,,6.4,1.4,,5.7,1.3,,5.6,1.2,,5.0,1.1,,4.5,1.1,,4.7,1.1,,5.0,1.1,,5.9,1.2,,6.5,1.3,,6.3,1.2,,6.5,1.3
Salford,E08000006,,8.7,1.7,,6.8,1.4,,5.8,1.3,,7.0,1.6,,6.3,1.0,,5.6,0.9,,5.9,1.0,,5.5,1.0,,5.2,1.0,,5.0,1.0,,4.9,0.9,,5.0,0.9,,5.6,0.9,,6.0,1.2,,6.1,1.2,,6.2,1.2,,6.2,1.1,,5.8,1.0,,6.1,0.9,,6.1,1.0,,5.7,1.0,,5.9,1.0,,5.8,1.0,,6.3,1.1,,7.3,1.2,,7.5,1.2,,9.1,1.3,,10.0,1.4,,10.3,1.3,,11.0,1.4,,10.4,1.4,,10.0,1.3,,9.5,1.4,,9.1,1.3,,9.4,1.4,,9.8,1.4,,10.4,1.5,,10.5,1.5,,10.0,1.5,,9.6,1.5,,9.9,1.6,,10.4,1.7,,11.1,1.8,,11.6,1.9,,11.7,1.9,,10.5,1.6,,10.0,1.5,,9.2,1.4,,8.0,1.3,,7.4,1.3,,6.8,1.2,,6.9,1.2,,6.8,1.2,,7.1,1.2,,7.0,1.1,,6.4,1.1,,6.8,1.2,,6.4,1.3,,5.6,1.1,,5.5,1.2,,4.7,1.1,,4.6,0.9,,4.8,1.0,,5.0,1.1,,5.0,1.2,,4.5,1.1,,4.5,1.1,,4.2,1.0,,4.6,1.1,,4.9,1.1,,4.6,1.1,,4.9,1.1,,4.9,1.1,,5.0,1.1,,5.5,1.2,,5.5,1.1,,5.3,1.1
Stockport,E08000007,,5.4,1.0,,4.4,0.9,,4.1,0.9,,4.1,0.9,,3.8,0.7,,3.1,0.6,,3.7,0.7,,3.4,0.7,,3.0,0.6,,3.2,0.7,,3.2,0.7,,3.6,0.7,,3.9,0.7,,3.7,0.9,,4.0,1.0,,3.5,0.8,,3.6,0.8,,4.0,0.8,,4.0,0.7,,4.0,0.7,,4.0,0.8,,4.0,0.8,,4.3,0.8,,4.7,0.9,,5.2,0.9,,5.9,1.0,,6.7,1.1,,7.6,1.2,,7.7,1.1,,7.9,1.1,,7.2,1.0,,7.0,1.0,,6.7,1.2,,6.3,1.0,,6.6,1.1,,6.8,1.1,,7.2,1.2,,7.4,1.2,,7.3,1.2,,6.7,1.2,,6.4,1.2,,6.1,1.2,,6.3,1.2,,5.8,1.1,,5.5,1.1,,5.8,1.0,,5.8,1.0,,5.5,1.0,,5.4,0.9,,5.2,1.0,,5.0,0.9,,5.1,0.9,,4.9,0.9,,4.4,0.8,,4.3,0.7,,4.2,0.7,,4.3,0.8,,4.5,1.0,,4.2,0.8,,4.2,0.9,,3.9,0.9,,3.5,0.7,,3.3,0.7,,3.3,0.8,,3.0,0.8,,3.3,0.9,,3.4,0.9,,3.4,0.9,,3.7,0.9,,3.4,0.9,,3.3,0.9,,3.7,0.9,,3.9,0.9,,4.6,1.0,,4.7,1.0,,4.5,0.9,,4.3,0.9
Tameside,E08000008,,7.9,1.5,,6.1,1.3,,5.5,1.2,,6.9,1.5,,4.6,0.8,,4.5,0.8,,4.7,0.9,,4.7,0.8,,4.7,0.9,,4.8,0.9,,4.8,0.9,,5.5,1.0,,5.8,1.0,,6.3,1.3,,6.6,1.4,,5.4,1.2,,5.4,1.1,,5.2,1.0,,5.2,0.8,,5.8,0.9,,5.9,1.0,,6.0,1.0,,6.4,1.1,,6.1,1.1,,6.8,1.1,,7.2,1.2,,8.3,1.3,,9.3,1.4,,9.0,1.2,,9.1,1.2,,8.3,1.2,,8.3,1.2,,8.8,1.4,,9.6,1.4,,9.8,1.5,,9.4,1.5,,9.7,1.5,,9.8,1.6,,10.1,1.6,,9.7,1.6,,9.8,1.7,,9.3,1.6,,9.0,1.6,,9.4,1.7,,9.0,1.6,,8.7,1.4,,8.8,1.4,,7.9,1.3,,7.1,1.2,,6.5,1.2,,5.6,1.0,,5.5,1.0,,5.4,1.0,,5.4,1.0,,5.7,1.0,,5.8,1.0,,5.8,1.0,,5.7,1.2,,5.2,1.0,,5.3,1.1,,4.8,1.1,,4.6,0.9,,4.7,1.0,,4.6,1.0,,4.7,1.1,,4.6,1.1,,4.5,1.1,,4.2,1.0,,4.1,1.0,,4.5,1.1,,4.3,1.1,,4.6,1.1,,5.0,1.1,,4.8,1.0,,4.5,1.0,,4.4,0.9,,3.9,0.8
Trafford,E08000009,,5.6,1.1,,5.4,1.1,,4.8,1.1,,4.4,1.0,,4.0,0.7,,3.9,0.7,,4.6,0.8,,4.0,0.8,,3.7,0.7,,3.8,0.8,,3.8,0.7,,4.0,0.8,,4.1,0.7,,4.0,0.9,,3.9,0.9,,3.6,0.9,,3.7,0.8,,4.1,0.8,,4.0,0.7,,4.1,0.7,,4.1,0.8,,4.2,0.8,,4.5,0.9,,4.7,0.9,,5.1,0.9,,5.5,0.9,,6.6,1.1,,7.3,1.1,,7.4,1.0,,7.7,1.1,,7.2,1.0,,6.9,1.0,,7.0,1.2,,6.0,1.0,,6.2,1.0,,6.5,1.1,,6.9,1.1,,7.3,1.2,,7.3,1.2,,7.3,1.3,,6.9,1.3,,6.8,1.3,,6.6,1.2,,6.4,1.3,,6.4,1.3,,6.0,1.1,,5.9,1.0,,5.3,0.9,,5.4,0.9,,5.3,1.0,,5.0,0.9,,4.7,0.9,,4.1,0.8,,3.7,0.7,,3.8,0.7,,3.7,0.7,,3.7,0.7,,3.7,0.8,,3.7,0.8,,3.7,0.8,,3.8,0.9,,3.6,0.7,,3.3,0.7,,3.9,0.9,,3.7,0.9,,3.8,1.0,,3.9,1.0,,3.5,0.9,,3.7,0.9,,3.4,0.9,,3.3,0.9,,3.4,0.8,,3.7,0.8,,4.2,0.9,,4.4,0.9,,4.1,0.8,,3.9,0.8
Wigan,E08000010,,8.1,1.4,,7.2,1.3,,5.7,1.2,,6.1,1.3,,5.1,0.9,,4.4,0.8,,4.9,0.9,,4.7,0.8,,4.4,0.9,,4.7,0.9,,4.8,0.9,,4.8,0.9,,5.0,0.9,,4.6,1.1,,4.9,1.2,,4.9,1.2,,5.3,1.1,,5.3,1.1,,5.6,1.0,,6.1,1.0,,6.3,1.1,,6.4,1.1,,6.3,1.2,,5.9,1.1,,6.1,1.1,,6.7,1.1,,7.4,1.2,,8.5,1.2,,8.8,1.2,,8.9,1.2,,8.2,1.1,,8.0,1.1,,7.9,1.3,,7.9,1.2,,8.3,1.3,,8.6,1.3,,8.7,1.3,,9.3,1.4,,9.1,1.4,,8.6,1.4,,9.0,1.5,,8.7,1.5,,8.4,1.5,,8.7,1.6,,8.4,1.5,,8.3,1.4,,8.5,1.4,,7.7,1.3,,6.9,1.2,,6.0,1.1,,5.4,1.0,,5.1,1.0,,5.1,1.0,,4.9,0.9,,5.1,0.9,,5.1,0.9,,5.0,0.9,,4.8,1.1,,4.5,0.9,,4.4,1.0,,3.9,1.0,,4.1,0.9,,4.3,0.9,,4.1,1.0,,4.1,1.1,,3.9,1.1,,3.5,1.0,,3.4,0.9,,3.6,0.9,,4.0,1.0,,3.9,1.1,,4.2,1.0,,4.6,1.0,,4.5,1.0,,4.3,0.9,,4.4,0.9,,3.8,0.8
Burnley,E07000117,,4.8,1.2,,5.2,1.4,,4.9,1.5,,5.1,1.4,,4.8,1.1,,4.6,1.2,,4.6,1.3,,3.9,1.1,,4.7,1.0,,4.6,1.0,,4.4,1.0,,4.5,1.0,,5.1,1.0,,4.7,1.6,,5.4,1.8,,5.5,1.8,,5.6,1.7,,6.2,1.8,,5.9,1.6,,6.2,1.8,,6.8,2.0,,6.9,2.0,,6.6,2.1,,6.8,2.0,,7.0,2.1,,7.2,2.2,,8.7,2.6,,9.0,2.5,,8.9,2.5,,9.1,2.4,,8.7,2.2,,8.5,2.2,,7.8,2.2,,7.2,1.9,,7.2,1.9,,7.2,2.0,,8.0,2.2,,8.9,2.5,,8.3,2.4,,8.6,2.7,,9.0,2.9,,8.9,2.9,,9.5,3.2,,9.6,3.3,,9.7,3.3,,9.9,3.1,,10.1,3.1,,9.2,2.6,,9.1,2.5,,8.1,2.4,,7.0,2.0,,6.7,1.9,,5.8,1.7,,5.5,1.7,,6.0,1.6,,5.7,1.6,,5.8,1.7,,5.5,1.8,,5.2,1.5,,5.5,1.8,,5.3,1.8,,5.3,1.5,,5.2,1.6,,5.3,1.7,,5.4,1.9,,6.3,2.4,,6.0,2.3,,5.8,2.2,,5.6,1.9,,5.4,1.8,,5.1,1.8,,4.9,1.7,,5.1,1.7,,4.8,1.6,,5.5,1.8,,6.1,1.8,,6.0,1.9
Chorley,E07000118,,5.3,1.3,,4.3,1.1,,3.7,1.0,,4.2,1.1,,3.5,0.9,,3.0,0.8,,3.5,0.9,,3.5,0.9,,3.0,0.7,,3.2,0.7,,3.1,0.7,,3.2,0.7,,3.7,0.7,,3.5,1.2,,3.3,1.2,,3.5,1.2,,3.4,1.0,,3.4,1.0,,3.4,0.9,,3.6,0.9,,3.7,1.0,,3.9,1.0,,4.1,1.1,,4.2,1.1,,4.4,1.2,,4.9,1.2,,5.7,1.4,,6.2,1.5,,6.3,1.5,,6.3,1.5,,5.5,1.3,,5.4,1.3,,4.8,1.3,,4.8,1.2,,5.0,1.2,,5.1,1.3,,5.5,1.4,,5.9,1.5,,5.8,1.5,,5.9,1.6,,5.9,1.6,,5.2,1.5,,5.3,1.5,,5.3,1.6,,5.2,1.6,,4.9,1.3,,4.7,1.2,,4.4,1.1,,4.0,1.1,,4.0,1.1,,3.8,1.1,,3.5,1.0,,3.4,1.0,,3.0,0.9,,3.4,1.0,,3.8,1.1,,4.2,1.2,,4.3,1.4,,3.9,1.2,,3.5,1.2,,3.2,1.1,,3.1,0.9,,2.8,0.9,,2.8,0.9,,2.8,1.0,,2.8,1.0,,3.2,1.2,,3.0,1.1,,3.1,1.1,,3.2,1.1,,2.8,1.1,,3.2,1.2,,3.6,1.2,,4.7,1.4,,4.6,1.4,,4.2,1.2,,3.8,1.1
Fylde,E07000119,,3.9,1.1,,2.9,0.9,,2.6,0.9,,3.0,1.0,,3.3,1.0,,2.7,0.8,,2.9,0.9,,2.4,0.8,,2.6,0.6,,2.6,0.6,,2.8,0.6,,2.8,0.6,,3.1,0.7,,3.1,1.2,,3.4,1.3,,3.6,1.3,,3.3,1.1,,3.5,1.1,,3.3,0.9,,3.6,1.0,,3.7,1.1,,3.6,1.0,,3.6,1.1,,3.1,1.0,,3.5,1.2,,3.6,1.2,,4.0,1.3,,4.7,1.5,,4.4,1.4,,4.7,1.4,,4.6,1.4,,4.4,1.3,,4.9,1.5,,4.7,1.4,,5.1,1.5,,4.6,1.4,,4.6,1.4,,4.9,1.6,,5.3,1.7,,5.8,2.0,,5.3,1.8,,5.1,1.8,,4.2,1.4,,4.5,1.7,,4.7,1.8,,4.7,1.6,,5.0,1.7,,4.7,1.4,,4.2,1.3,,3.9,1.3,,3.6,1.2,,3.3,1.1,,3.1,1.0,,3.5,1.1,,3.8,1.2,,3.6,1.1,,3.9,1.3,,3.5,1.3,,3.1,1.1,,3.2,1.2,,3.0,1.2,,3.0,1.0,,2.7,1.0,,2.5,1.0,,2.5,1.1,,2.3,1.0,,2.3,1.0,,2.2,0.9,,2.3,0.9,,2.4,1.0,,2.6,1.2,,3.1,1.3,,3.5,1.3,,4.2,1.4,,4.6,1.6,,3.9,1.2,,4.1,1.3
Hyndburn,E07000120,,5.1,1.3,,5.2,1.4,,4.1,1.2,,5.2,1.5,,4.4,1.2,,4.1,1.2,,4.6,1.4,,4.2,1.2,,4.8,1.0,,4.9,1.1,,4.7,1.0,,4.7,1.0,,5.2,1.1,,4.4,1.6,,4.7,1.8,,5.0,1.8,,5.4,1.8,,5.4,1.7,,5.2,1.5,,6.1,1.7,,6.4,1.9,,6.1,1.9,,6.2,2.1,,6.1,2.0,,6.8,2.1,,7.7,2.3,,8.5,2.4,,8.2,2.3,,7.8,2.1,,8.4,2.1,,8.0,2.0,,7.8,1.9,,7.2,2.0,,6.7,1.8,,7.1,1.9,,7.5,2.1,,7.6,2.1,,7.3,2.1,,7.4,2.1,,7.2,2.2,,7.5,2.3,,7.6,2.3,,7.7,2.5,,7.1,2.5,,7.6,2.7,,8.1,2.6,,8.1,2.4,,7.9,2.3,,7.8,2.2,,6.6,2.0,,6.1,1.9,,6.9,2.1,,5.9,1.9,,5.9,1.9,,5.7,1.7,,5.2,1.5,,5.1,1.6,,5.0,1.8,,5.0,1.6,,5.2,1.9,,4.9,1.9,,5.3,1.8,,4.4,1.5,,4.6,1.6,,4.7,1.8,,4.5,1.8,,4.6,1.8,,4.2,1.6,,4.3,1.5,,4.3,1.6,,4.4,1.8,,4.3,1.7,,5.0,1.9,,4.8,1.7,,5.6,2.0,,5.2,1.7,,5.2,1.8
Lancaster,E07000121,,8.6,1.8,,7.2,1.6,,6.1,1.5,,6.8,1.7,,6.1,1.3,,5.3,1.2,,5.6,1.3,,4.8,1.2,,5.8,1.2,,5.8,1.2,,5.3,1.1,,5.1,1.1,,5.3,1.0,,5.0,1.5,,5.1,1.6,,4.9,1.5,,5.2,1.5,,4.9,1.3,,4.8,1.1,,5.1,1.2,,5.1,1.3,,5.3,1.3,,5.4,1.4,,5.6,1.4,,6.0,1.4,,5.8,1.3,,6.5,1.5,,7.0,1.6,,6.5,1.4,,6.6,1.5,,6.0,1.4,,5.7,1.3,,5.6,1.5,,5.6,1.4,,6.2,1.5,,6.0,1.6,,6.3,1.7,,6.9,1.8,,7.0,1.9,,7.8,2.1,,7.5,2.1,,7.7,2.1,,7.0,2.0,,6.4,1.9,,6.1,1.9,,6.4,1.7,,6.8,1.7,,6.6,1.6,,6.4,1.6,,5.3,1.5,,4.8,1.4,,4.9,1.3,,4.9,1.3,,5.2,1.4,,5.0,1.3,,4.5,1.2,,4.6,1.3,,4.1,1.3,,4.3,1.2,,4.7,1.4,,4.2,1.3,,4.5,1.2,,4.5,1.2,,4.6,1.4,,4.6,1.5,,4.5,1.6,,4.8,1.7,,4.2,1.4,,4.5,1.5,,4.6,1.5,,3.9,1.4,,3.9,1.3,,4.6,1.4,,4.4,1.3,,4.8,1.5,,5.0,1.4,,4.9,1.4
Pendle,E07000122,,5.3,1.4,,5.4,1.4,,4.5,1.3,,5.7,1.5,,5.0,1.2,,4.2,1.1,,4.9,1.3,,4.1,1.2,,4.5,0.9,,4.7,1.0,,4.5,1.0,,4.6,1.0,,5.1,1.0,,4.8,1.5,,4.9,1.7,,5.2,1.7,,6.0,1.8,,6.6,1.8,,6.6,1.7,,6.6,1.7,,6.3,1.7,,6.3,1.7,,6.1,1.8,,6.3,1.8,,6.2,1.7,,6.4,1.7,,7.5,2.0,,7.8,2.1,,8.4,2.1,,8.3,2.0,,7.2,1.8,,6.7,1.7,,7.0,1.8,,6.6,1.8,,7.5,2.0,,7.1,1.9,,7.0,2.1,,8.7,2.5,,8.7,2.6,,9.4,2.8,,8.4,2.6,,8.3,2.7,,8.2,2.6,,7.5,2.5,,8.2,2.7,,8.1,2.4,,8.4,2.4,,8.6,2.5,,7.3,2.1,,6.0,1.8,,5.3,1.7,,5.5,1.7,,5.3,1.6,,5.3,1.6,,5.2,1.6,,4.6,1.5,,4.5,1.4,,4.7,1.6,,4.5,1.4,,4.6,1.5,,4.6,1.6,,4.7,1.5,,4.7,1.5,,4.7,1.7,,4.4,1.7,,3.9,1.6,,4.1,1.6,,3.7,1.4,,4.3,1.5,,4.4,1.6,,4.0,1.5,,4.6,1.7,,4.3,1.6,,4.4,1.7,,4.3,1.7,,4.9,1.7,,5.7,2.0
Preston,E07000123,,8.1,1.7,,6.2,1.4,,5.8,1.5,,6.9,1.7,,5.4,1.2,,5.6,1.3,,5.6,1.3,,5.7,1.4,,5.7,1.1,,6.0,1.2,,5.9,1.2,,5.9,1.2,,6.3,1.2,,5.5,1.7,,5.2,1.6,,5.4,1.6,,5.9,1.6,,6.1,1.5,,6.2,1.4,,6.2,1.4,,5.8,1.4,,6.1,1.5,,6.1,1.6,,6.7,1.7,,7.1,1.7,,7.7,1.8,,8.7,2.0,,8.9,1.9,,9.0,1.8,,9.5,1.8,,8.9,1.8,,8.6,1.7,,8.3,1.9,,7.3,1.6,,7.8,1.7,,8.5,1.9,,8.3,1.8,,8.8,2.0,,9.1,2.1,,8.3,2.1,,8.6,2.2,,8.2,2.1,,7.5,2.0,,6.9,1.9,,6.8,1.9,,7.3,1.8,,7.3,1.8,,7.3,1.8,,6.9,1.7,,6.4,1.6,,5.7,1.4,,5.8,1.5,,5.8,1.5,,5.7,1.5,,5.7,1.4,,5.5,1.4,,5.6,1.4,,5.5,1.7,,5.1,1.4,,5.1,1.5,,4.3,1.4,,4.3,1.2,,4.2,1.2,,4.2,1.3,,4.3,1.5,,4.5,1.6,,4.5,1.6,,3.8,1.3,,3.7,1.2,,3.4,1.1,,3.5,1.3,,4.2,1.3,,4.9,1.4,,5.4,1.5,,5.8,1.7,,5.4,1.4,,4.9,1.4
Ribble Valley,E07000124,,3.2,0.9,,2.7,0.8,,2.5,0.9,,2.6,0.9,,2.4,0.7,,2.0,0.6,,2.1,0.7,,2.0,0.7,,2.0,0.5,,2.0,0.5,,2.1,0.5,,2.1,0.5,,2.2,0.5,,2.3,0.9,,2.3,1.0,,2.2,0.9,,2.3,0.9,,2.5,0.9,,2.3,0.8,,2.4,0.8,,2.5,0.8,,2.6,0.9,,2.7,0.9,,3.0,1.0,,3.4,1.1,,3.6,1.1,,4.2,1.3,,4.3,1.4,,4.0,1.4,,3.9,1.4,,3.8,1.3,,3.4,1.2,,3.3,1.1,,3.5,1.1,,3.6,1.2,,3.3,1.1,,3.5,1.2,,3.6,1.2,,3.8,1.3,,4.1,1.5,,4.0,1.5,,3.6,1.5,,3.5,1.5,,3.4,1.5,,4.2,1.7,,4.1,1.5,,4.2,1.6,,4.2,1.5,,3.6,1.3,,3.1,1.2,,3.1,1.2,,3.0,1.1,,2.6,1.0,,2.7,1.1,,2.6,1.0,,2.5,1.0,,2.7,1.1,,2.4,1.0,,2.4,1.0,,2.4,1.0,,2.3,1.0,,2.5,1.0,,2.2,0.9,,2.6,1.1,,2.7,1.2,,2.4,1.1,,2.5,1.1,,2.0,0.8,,1.9,0.8,,2.0,0.9,,1.9,1.0,,2.3,1.2,,2.6,1.2,,2.7,1.1,,2.9,1.2,,2.9,1.1,,3.1,1.1
Rossendale,E07000125,,5.0,1.4,,5.0,1.4,,3.7,1.1,,4.7,1.4,,4.6,1.2,,3.5,1.0,,4.0,1.3,,3.0,1.0,,3.6,0.8,,3.9,0.9,,4.0,0.9,,4.0,0.9,,4.2,0.9,,3.8,1.4,,3.8,1.5,,3.8,1.5,,4.1,1.5,,4.4,1.5,,4.9,1.6,,5.6,1.7,,5.1,1.6,,4.8,1.5,,5.3,1.8,,5.2,1.7,,5.4,1.8,,6.5,2.1,,6.7,2.2,,7.8,2.5,,8.7,2.5,,9.0,2.7,,8.2,2.6,,7.9,2.4,,7.9,2.6,,8.0,2.5,,8.1,2.5,,8.1,2.5,,8.9,2.7,,8.9,2.7,,8.2,2.4,,7.4,2.3,,6.5,2.1,,5.2,1.8,,5.9,2.1,,6.8,2.4,,7.0,2.6,,7.6,2.8,,7.7,2.6,,6.9,2.2,,6.4,2.1,,5.4,1.8,,4.5,1.5,,4.9,1.7,,5.0,1.6,,5.0,1.7,,4.9,1.6,,5.1,1.6,,5.1,1.6,,5.0,1.8,,4.6,1.5,,4.0,1.5,,3.3,1.4,,3.3,1.2,,3.9,1.4,,4.1,1.5,,4.1,1.6,,4.0,1.6,,3.8,1.5,,3.1,1.2,,3.0,1.1,,3.3,1.2,,3.2,1.3,,3.7,1.4,,3.7,1.4,,3.7,1.4,,3.6,1.3,,3.5,1.2,,3.7,1.5
South Ribble,E07000126,,3.9,0.9,,3.7,0.9,,3.6,1.0,,3.6,1.0,,3.1,0.8,,2.9,0.8,,3.3,0.9,,2.9,0.8,,2.8,0.6,,2.9,0.7,,2.9,0.6,,2.9,0.7,,3.1,0.7,,3.2,1.1,,3.0,1.1,,3.1,1.1,,3.3,1.0,,3.4,0.9,,3.5,0.9,,3.6,0.9,,3.3,0.9,,3.5,1.0,,3.6,1.0,,3.8,1.0,,4.5,1.2,,4.7,1.2,,5.4,1.4,,5.9,1.4,,6.2,1.4,,6.2,1.4,,5.7,1.3,,5.5,1.3,,4.9,1.3,,4.7,1.2,,5.0,1.2,,5.3,1.3,,5.6,1.4,,5.9,1.5,,5.6,1.5,,5.6,1.6,,5.6,1.7,,5.2,1.6,,5.0,1.5,,4.6,1.5,,5.0,1.7,,5.3,1.5,,5.6,1.6,,4.9,1.4,,4.6,1.2,,4.4,1.3,,4.5,1.3,,4.5,1.3,,4.0,1.1,,3.4,1.0,,3.1,0.9,,3.2,0.9,,3.5,1.0,,3.5,1.1,,3.4,1.0,,3.3,1.0,,3.3,1.1,,3.3,0.9,,3.2,0.9,,3.4,1.1,,3.4,1.2,,3.2,1.2,,3.1,1.2,,2.8,1.0,,2.6,0.9,,2.4,0.9,,2.5,1.0,,2.9,1.1,,3.0,1.0,,3.5,1.1,,3.6,1.2,,3.2,1.0,,3.5,1.1
West Lancashire,E07000127,,6.5,1.5,,6.0,1.4,,5.5,1.5,,6.0,1.6,,5.4,1.4,,5.0,1.2,,5.0,1.3,,4.4,1.1,,4.5,0.9,,4.7,1.0,,4.3,0.9,,4.5,0.9,,4.6,0.9,,4.0,1.3,,4.3,1.5,,5.1,1.6,,4.9,1.5,,5.0,1.3,,5.0,1.2,,4.7,1.1,,4.4,1.2,,4.7,1.2,,4.9,1.3,,5.2,1.3,,5.7,1.5,,6.7,1.7,,8.0,2.0,,8.5,1.9,,9.1,1.9,,9.1,2.0,,7.9,1.8,,7.1,1.6,,6.6,1.7,,5.8,1.5,,6.1,1.6,,6.7,1.8,,7.0,1.8,,7.7,2.0,,8.0,2.1,,8.2,2.2,,7.7,2.1,,7.1,2.0,,6.9,1.9,,6.1,1.8,,6.3,1.9,,7.0,1.8,,6.8,1.8,,6.4,1.7,,5.6,1.5,,5.1,1.5,,5.0,1.4,,5.5,1.6,,5.2,1.5,,4.6,1.4,,4.5,1.2,,4.4,1.2,,4.6,1.3,,4.7,1.5,,4.4,1.3,,4.6,1.5,,4.6,1.6,,4.7,1.4,,4.4,1.4,,4.7,1.5,,4.5,1.6,,4.4,1.6,,4.6,1.6,,3.9,1.4,,4.0,1.4,,3.7,1.3,,3.4,1.3,,3.4,1.2,,3.7,1.3,,4.1,1.3,,4.3,1.4,,4.1,1.2,,3.9,1.2
Wyre,E07000128,,5.1,1.3,,4.6,1.2,,3.5,1.0,,4.6,1.3,,4.1,1.0,,3.9,1.0,,3.7,1.0,,2.9,0.8,,3.0,0.7,,3.1,0.7,,3.1,0.7,,3.0,0.7,,3.1,0.7,,3.1,1.0,,3.8,1.3,,3.7,1.3,,3.9,1.2,,3.9,1.1,,3.5,0.9,,3.8,1.0,,3.7,1.0,,3.8,1.1,,4.2,1.2,,4.1,1.2,,4.7,1.3,,4.9,1.3,,5.1,1.4,,5.4,1.4,,4.5,1.2,,4.5,1.2,,4.4,1.1,,4.3,1.1,,4.8,1.3,,4.6,1.2,,5.2,1.4,,5.6,1.5,,6.1,1.6,,6.7,1.8,,6.3,1.7,,6.3,1.8,,6.4,1.9,,6.6,1.9,,5.9,1.8,,5.9,1.9,,5.4,1.8,,4.7,1.4,,5.1,1.5,,4.6,1.3,,4.2,1.1,,4.0,1.2,,3.8,1.2,,3.8,1.2,,3.6,1.1,,4.0,1.3,,4.0,1.1,,4.0,1.2,,4.4,1.3,,4.1,1.4,,4.0,1.3,,3.9,1.3,,3.3,1.2,,3.3,1.0,,3.2,1.0,,3.2,1.1,,3.0,1.2,,2.8,1.2,,2.8,1.1,,2.6,1.0,,2.9,1.0,,2.9,1.0,,3.3,1.3,,3.8,1.4,,3.9,1.4,,4.4,1.4,,3.7,1.2,,3.8,1.1,,3.8,1.1
Knowsley,E08000011,,13.9,3.0,,13.5,3.0,,15.7,3.4,,11.7,2.9,,9.4,1.4,,9.0,1.4,,9.0,1.5,,7.0,1.2,,6.5,1.2,,6.8,1.3,,6.9,1.3,,7.2,1.3,,7.1,1.2,,7.0,1.3,,7.2,1.4,,7.8,1.5,,7.7,1.4,,7.9,1.4,,8.3,1.3,,7.8,1.3,,8.0,1.4,,8.1,1.4,,8.1,1.4,,7.8,1.4,,7.9,1.4,,8.2,1.3,,8.5,1.4,,9.2,1.4,,10.6,1.5,,10.8,1.5,,10.9,1.6,,11.8,1.7,,11.6,1.8,,11.7,1.7,,12.1,1.8,,11.3,1.7,,11.9,1.8,,12.8,1.9,,12.6,1.9,,13.0,2.0,,12.7,2.1,,11.1,1.9,,11.7,2.0,,11.1,1.9,,10.3,1.9,,10.3,1.8,,9.8,1.7,,9.5,1.6,,9.6,1.6,,8.4,1.6,,7.8,1.4,,7.4,1.4,,6.1,1.2,,6.5,1.3,,6.5,1.2,,5.9,1.2,,5.6,1.2,,5.1,1.2,,4.6,1.1,,4.6,1.1,,4.7,1.2,,4.5,1.0,,4.0,1.0,,3.6,1.0,,3.6,1.1,,3.9,1.2,,3.9,1.2,,3.8,1.1,,3.8,1.1,,3.5,1.0,,3.5,1.1,,3.4,1.0,,3.7,1.0,,4.1,1.0,,4.1,1.1,,4.3,1.1,,4.1,1.2
Liverpool,E08000012,,14.9,2.1,,12.7,2.1,,12.9,2.2,,10.6,1.9,,10.6,1.6,,9.8,1.5,,9.4,1.5,,8.3,1.4,,7.9,1.4,,8.3,1.5,,8.0,1.4,,9.1,1.5,,9.2,1.5,,8.8,1.6,,9.3,1.7,,9.2,1.6,,8.9,1.6,,9.5,1.6,,9.7,1.5,,8.9,1.5,,8.5,1.5,,8.0,1.5,,7.4,1.5,,7.4,1.4,,8.3,1.6,,9.6,1.6,,10.3,1.7,,11.3,1.7,,12.1,1.7,,12.3,1.7,,12.0,1.6,,12.4,1.7,,11.9,1.8,,11.2,1.7,,11.9,1.7,,11.2,1.7,,11.2,1.8,,11.7,1.8,,11.0,1.8,,11.5,1.8,,11.5,1.8,,11.6,1.8,,11.5,1.8,,11.3,1.8,,12.0,1.9,,12.0,1.8,,12.6,1.9,,12.0,1.9,,11.9,1.9,,10.4,1.8,,9.9,1.7,,9.3,1.6,,7.3,1.4,,7.7,1.5,,7.5,1.4,,6.5,1.3,,6.6,1.3,,6.5,1.4,,5.7,1.3,,5.8,1.3,,5.9,1.4,,5.6,1.2,,4.8,1.1,,4.5,1.1,,4.0,1.1,,3.9,1.1,,4.4,1.2,,4.2,1.2,,4.8,1.3,,4.1,1.2,,4.0,1.2,,4.0,1.2,,3.9,1.0,,4.9,1.2,,5.5,1.3,,5.3,1.4,,5.6,1.5
Sefton,E08000014,,9.7,1.8,,7.9,1.6,,8.3,1.8,,7.6,1.7,,6.8,1.1,,6.0,1.0,,5.6,1.0,,5.1,0.9,,5.0,1.0,,5.4,1.1,,5.3,1.0,,5.5,1.1,,5.5,1.0,,5.4,1.2,,5.5,1.2,,5.5,1.2,,5.9,1.3,,6.2,1.2,,6.6,1.2,,6.6,1.2,,6.3,1.2,,5.7,1.2,,5.6,1.2,,5.9,1.2,,6.0,1.2,,6.5,1.2,,6.8,1.2,,7.1,1.2,,8.1,1.2,,8.6,1.3,,8.6,1.3,,9.3,1.4,,8.9,1.5,,9.0,1.4,,9.6,1.5,,9.4,1.6,,9.4,1.6,,9.3,1.6,,8.7,1.6,,8.3,1.6,,8.6,1.6,,8.6,1.6,,8.3,1.6,,9.0,1.7,,8.4,1.7,,8.2,1.5,,8.4,1.5,,7.3,1.4,,7.5,1.4,,6.0,1.2,,5.4,1.1,,5.3,1.1,,4.4,0.9,,4.8,1.0,,5.3,1.0,,4.9,1.0,,4.9,1.0,,5.0,1.2,,4.5,1.1,,4.6,1.2,,4.8,1.2,,4.5,1.0,,4.0,1.0,,3.6,0.9,,3.1,0.9,,3.0,0.9,,3.0,0.9,,3.0,0.9,,3.4,1.0,,3.0,0.9,,3.1,1.0,,3.1,0.9,,3.5,0.9,,3.9,0.9,,4.1,1.0,,3.9,1.0,,3.8,1.0
St. Helens,E08000013,,8.9,1.9,,6.6,1.5,,7.9,1.9,,6.4,1.6,,7.2,1.2,,6.0,1.1,,5.7,1.1,,5.1,1.0,,4.6,1.0,,4.8,1.0,,4.9,1.0,,5.0,1.0,,5.4,1.0,,5.2,1.1,,5.2,1.1,,5.7,1.2,,5.4,1.1,,5.7,1.1,,6.4,1.1,,6.2,1.1,,6.1,1.2,,6.5,1.2,,6.6,1.3,,6.8,1.2,,7.1,1.3,,7.5,1.3,,7.7,1.3,,8.4,1.3,,8.9,1.3,,8.6,1.3,,8.2,1.3,,8.5,1.3,,8.3,1.4,,8.5,1.4,,9.1,1.5,,9.0,1.5,,9.2,1.5,,9.5,1.6,,9.2,1.6,,8.9,1.6,,8.4,1.6,,7.5,1.4,,7.8,1.5,,8.1,1.6,,8.1,1.6,,9.2,1.6,,10.0,1.7,,9.6,1.6,,10.0,1.6,,8.9,1.6,,7.6,1.4,,7.0,1.3,,5.8,1.2,,5.8,1.2,,5.9,1.1,,5.2,1.0,,4.9,1.0,,4.8,1.2,,4.3,1.0,,4.3,1.1,,4.5,1.2,,4.6,1.1,,4.2,1.0,,3.8,1.0,,3.5,1.0,,3.2,1.0,,3.5,1.1,,3.8,1.1,,4.3,1.2,,4.1,1.2,,3.8,1.2,,3.7,1.1,,3.5,0.9,,4.0,1.0,,4.2,1.1,,4.1,1.1,,3.9,1.1
Wirral,E08000015,,9.6,1.7,,7.8,1.5,,9.4,1.8,,8.0,1.7,,8.0,1.3,,6.7,1.1,,6.3,1.1,,5.1,1.0,,5.0,1.0,,5.6,1.1,,5.8,1.2,,5.9,1.2,,6.0,1.2,,5.4,1.2,,5.5,1.3,,5.5,1.3,,5.9,1.3,,6.6,1.3,,7.1,1.3,,6.8,1.2,,6.4,1.3,,6.4,1.3,,6.2,1.3,,6.5,1.3,,6.5,1.3,,7.1,1.3,,7.4,1.3,,7.9,1.3,,8.7,1.3,,8.7,1.3,,8.6,1.3,,9.0,1.4,,8.2,1.4,,8.6,1.4,,8.9,1.4,,8.4,1.4,,8.7,1.4,,8.7,1.5,,8.1,1.4,,7.9,1.5,,7.7,1.5,,6.9,1.4,,7.1,1.4,,7.7,1.5,,7.7,1.6,,7.9,1.5,,8.1,1.5,,7.8,1.5,,7.9,1.4,,7.2,1.4,,6.4,1.3,,5.5,1.1,,4.4,1.0,,4.7,1.0,,4.8,1.0,,4.4,0.9,,4.3,1.0,,3.9,1.0,,3.8,0.9,,4.0,1.1,,4.3,1.1,,4.0,0.9,,3.5,0.9,,3.2,0.9,,2.8,0.9,,2.8,0.9,,3.1,1.0,,3.7,1.1,,4.0,1.1,,3.6,1.0,,3.5,1.1,,3.1,0.9,,3.5,0.9,,4.0,1.0,,4.2,1.1,,3.8,1.0,,3.7,1.1
East Riding of Yorkshire,E06000011,,6.2,1.2,,5.4,1.1,,5.3,1.1,,4.4,1.0,,4.1,0.7,,4.0,0.7,,4.0,0.8,,4.0,0.8,,3.4,0.7,,3.3,0.7,,3.3,0.7,,3.3,0.7,,3.6,0.7,,4.1,0.9,,4.3,1.0,,4.9,1.0,,4.5,0.9,,4.3,0.8,,4.2,0.7,,3.8,0.7,,3.8,0.8,,3.5,0.7,,3.7,0.8,,3.9,0.8,,4.3,0.8,,5.1,0.9,,5.6,1.0,,6.1,1.0,,6.2,1.0,,6.9,1.0,,6.6,1.0,,6.3,1.0,,6.4,1.1,,5.9,1.0,,6.2,1.0,,6.6,1.1,,6.5,1.1,,6.4,1.1,,7.0,1.2,,7.0,1.3,,6.9,1.3,,7.2,1.3,,6.5,1.2,,6.3,1.3,,6.9,1.4,,6.1,1.1,,5.7,1.1,,5.5,1.0,,4.7,0.9,,4.8,1.0,,4.7,0.9,,4.3,0.9,,4.3,0.9,,3.9,0.8,,4.0,0.7,,4.0,0.8,,3.8,0.8,,3.8,0.9,,3.7,0.8,,3.5,0.8,,3.6,0.9,,3.7,0.8,,3.4,0.8,,3.5,0.8,,3.4,0.9,,3.5,0.9,,3.5,0.9,,3.3,0.9,,3.5,0.9,,3.0,0.8,,2.9,0.9,,3.4,0.9,,3.5,0.8,,3.9,0.8,,4.1,0.9,,3.8,0.7,,3.5,0.7
"Kingston upon Hull, City of",E06000010,,13.1,2.3,,12.2,2.2,,12.9,2.2,,11.2,2.1,,9.0,1.3,,8.8,1.3,,8.1,1.3,,8.9,1.4,,6.8,1.2,,6.7,1.2,,6.9,1.2,,6.9,1.2,,7.3,1.2,,7.1,1.4,,7.2,1.5,,7.6,1.5,,8.0,1.5,,8.2,1.4,,8.7,1.4,,8.7,1.4,,8.6,1.4,,7.9,1.4,,8.8,1.5,,9.3,1.5,,9.7,1.5,,11.4,1.6,,11.5,1.6,,13.3,1.7,,14.4,1.7,,14.4,1.7,,14.1,1.7,,13.6,1.6,,13.6,1.8,,14.2,1.7,,14.4,1.8,,15.0,1.8,,15.1,1.8,,15.6,1.9,,15.9,1.9,,15.5,2.0,,15.7,2.1,,15.2,2.0,,14.8,2.0,,14.4,2.0,,13.9,2.0,,13.6,1.9,,12.6,1.8,,12.2,1.8,,11.6,1.7,,10.8,1.7,,10.4,1.7,,9.2,1.5,,8.7,1.5,,8.5,1.5,,8.0,1.3,,8.2,1.4,,7.3,1.4,,7.2,1.5,,7.2,1.4,,6.6,1.4,,7.2,1.5,,6.3,1.2,,6.4,1.3,,6.2,1.3,,5.8,1.4,,6.4,1.6,,6.5,1.6,,6.6,1.5,,6.6,1.5,,6.0,1.5,,4.7,1.3,,5.0,1.3,,5.4,1.2,,5.5,1.2,,5.8,1.2,,5.5,1.1,,4.9,1.1
North East Lincolnshire,E06000012,,11.2,2.2,,10.1,2.0,,10.0,2.1,,9.6,2.0,,7.8,1.2,,7.7,1.2,,6.9,1.1,,6.1,1.0,,5.9,1.0,,6.1,1.1,,6.1,1.1,,6.0,1.1,,6.0,1.0,,6.4,1.3,,6.5,1.3,,6.6,1.3,,6.3,1.2,,6.4,1.2,,6.3,1.0,,6.4,1.1,,6.6,1.2,,6.2,1.1,,6.3,1.2,,6.8,1.2,,7.5,1.3,,8.5,1.4,,8.9,1.4,,9.9,1.5,,10.5,1.4,,10.9,1.4,,11.0,1.4,,11.2,1.5,,10.9,1.6,,11.1,1.6,,11.2,1.6,,11.8,1.6,,12.3,1.7,,12.2,1.7,,12.3,1.7,,11.5,1.7,,11.5,1.8,,11.1,1.7,,11.3,1.7,,11.5,1.8,,10.8,1.7,,10.2,1.6,,9.7,1.5,,9.2,1.4,,8.8,1.4,,8.9,1.5,,8.6,1.4,,7.7,1.3,,7.7,1.3,,7.3,1.2,,6.8,1.1,,6.7,1.1,,6.3,1.1,,5.9,1.2,,6.0,1.1,,6.0,1.2,,5.6,1.2,,5.2,1.0,,5.5,1.1,,5.3,1.2,,5.7,1.3,,6.2,1.4,,5.6,1.4,,5.6,1.3,,5.3,1.2,,5.2,1.2,,4.6,1.2,,4.6,1.1,,5.0,1.1,,4.7,1.0,,5.0,1.1,,4.8,1.0,,4.0,0.9
North Lincolnshire,E06000013,,7.0,1.4,,7.1,1.5,,7.4,1.6,,6.3,1.5,,5.3,0.9,,5.0,0.9,,5.0,0.9,,5.1,0.9,,4.1,0.8,,4.1,0.8,,4.4,0.8,,4.4,0.8,,4.3,0.8,,4.9,1.1,,4.8,1.1,,5.1,1.1,,5.3,1.1,,5.2,1.0,,5.3,0.9,,5.4,0.9,,5.3,1.0,,4.9,1.0,,5.2,1.1,,5.5,1.0,,5.8,1.1,,7.0,1.2,,7.5,1.2,,8.2,1.3,,8.3,1.2,,8.2,1.1,,8.0,1.1,,7.7,1.1,,7.8,1.3,,7.9,1.2,,7.8,1.2,,8.1,1.2,,8.3,1.3,,8.3,1.3,,8.4,1.3,,8.4,1.4,,8.1,1.4,,7.8,1.4,,7.6,1.4,,7.2,1.3,,6.8,1.3,,7.0,1.2,,6.7,1.2,,6.6,1.2,,6.3,1.1,,5.6,1.1,,5.5,1.0,,5.1,1.0,,5.3,1.0,,5.9,1.1,,6.0,1.1,,6.1,1.1,,5.4,1.1,,5.1,1.1,,4.8,1.0,,4.4,1.0,,5.0,1.1,,4.7,1.0,,5.1,1.1,,5.4,1.2,,5.4,1.3,,5.3,1.4,,4.9,1.3,,4.6,1.2,,4.3,1.1,,4.3,1.1,,4.1,1.1,,4.3,1.1,,4.8,1.1,,4.7,1.0,,4.8,1.1,,4.4,0.9,,3.7,0.8
York,E06000014,,5.9,1.3,,5.7,1.3,,5.2,1.2,,4.5,1.1,,4.0,0.7,,3.6,0.7,,3.4,0.7,,3.7,0.7,,3.0,0.6,,2.9,0.6,,2.9,0.6,,2.9,0.6,,3.1,0.6,,3.2,0.8,,3.5,0.9,,4.4,1.0,,4.5,1.0,,4.3,0.9,,4.2,0.7,,3.8,0.7,,3.8,0.8,,3.6,0.8,,3.8,0.8,,4.2,0.8,,4.5,0.9,,5.0,0.9,,5.7,1.0,,6.0,1.0,,6.4,1.0,,6.9,1.0,,6.5,1.0,,6.4,1.0,,6.5,1.2,,6.3,1.1,,6.4,1.1,,6.3,1.1,,6.3,1.1,,6.2,1.1,,6.4,1.1,,6.1,1.1,,5.7,1.1,,6.1,1.1,,5.6,1.1,,5.4,1.1,,5.2,1.1,,5.1,1.0,,5.0,0.9,,5.0,0.9,,4.6,0.9,,4.3,0.8,,3.9,0.8,,3.6,0.7,,3.6,0.7,,3.6,0.7,,3.5,0.7,,3.2,0.6,,3.2,0.7,,3.0,0.7,,3.0,0.7,,3.1,0.8,,3.2,0.8,,3.2,0.7,,3.0,0.7,,3.1,0.8,,3.0,0.8,,3.0,0.8,,3.1,0.8,,2.9,0.8,,2.8,0.7,,2.5,0.7,,2.4,0.7,,2.9,0.8,,3.0,0.8,,3.5,0.8,,3.6,0.8,,3.2,0.7,,2.9,0.6
Craven,E07000163,,4.0,1.3,,3.0,0.9,,2.8,0.9,,2.9,1.0,,3.2,1.1,,2.8,1.0,,2.5,0.9,,2.4,0.8,,2.3,0.6,,2.1,0.6,,2.2,0.6,,2.1,0.5,,2.4,0.6,,2.4,1.0,,2.5,1.1,,3.0,1.3,,3.1,1.2,,3.2,1.2,,3.3,1.2,,3.5,1.3,,3.2,1.2,,3.0,1.2,,3.1,1.2,,2.7,1.1,,3.2,1.3,,3.8,1.5,,4.2,1.5,,5.2,1.8,,5.0,1.7,,5.3,1.8,,5.5,1.8,,4.7,1.6,,5.1,1.8,,5.0,1.7,,5.6,1.9,,6.0,2.0,,6.4,2.1,,6.9,2.2,,6.3,2.1,,5.9,2.1,,5.0,1.8,,4.5,1.7,,4.0,1.5,,4.4,1.7,,4.7,1.8,,4.4,1.6,,4.5,1.6,,3.8,1.4,,3.5,1.2,,3.5,1.2,,3.5,1.2,,3.1,1.1,,3.1,1.1,,3.4,1.3,,3.2,1.1,,3.1,1.2,,3.2,1.3,,2.7,1.2,,3.5,1.4,,3.6,1.4,,3.9,1.6,,4.1,1.5,,3.6,1.6,,3.2,1.5,,2.9,1.4,,3.1,1.5,,3.0,1.4,,2.7,1.3,,2.8,1.2,,2.3,1.1,,2.1,1.0,,2.5,1.1,,2.5,1.0,,3.0,1.1,,2.8,1.2,,2.2,0.8,,2.4,0.9
Hambleton,E07000164,,4.7,1.2,,3.7,1.0,,3.3,1.0,,3.3,1.0,,3.7,0.9,,2.9,0.7,,2.7,0.7,,2.8,0.8,,2.4,0.6,,2.3,0.6,,2.4,0.6,,2.4,0.6,,2.7,0.6,,2.9,1.1,,3.0,1.1,,3.1,1.1,,3.5,1.2,,3.6,1.1,,3.5,1.0,,3.5,1.1,,3.2,1.1,,2.9,0.9,,3.2,1.1,,3.5,1.1,,3.7,1.1,,4.0,1.2,,4.0,1.2,,4.3,1.3,,4.3,1.2,,4.4,1.3,,4.3,1.2,,3.8,1.1,,4.1,1.3,,4.3,1.3,,4.3,1.4,,4.9,1.5,,5.1,1.6,,4.7,1.5,,4.9,1.6,,4.7,1.6,,4.5,1.5,,4.2,1.4,,4.0,1.3,,4.3,1.4,,4.1,1.4,,4.2,1.3,,4.2,1.4,,3.5,1.2,,3.3,1.1,,3.5,1.2,,3.1,1.1,,2.9,0.9,,2.8,0.9,,2.7,0.9,,2.8,0.8,,2.8,0.9,,2.8,0.9,,2.9,1.0,,3.2,1.1,,3.2,1.1,,3.3,1.2,,3.2,1.0,,2.9,1.0,,2.9,1.0,,2.9,1.1,,3.1,1.2,,3.1,1.2,,2.8,1.1,,2.7,0.9,,2.5,1.0,,2.4,0.9,,2.7,1.0,,3.0,1.0,,3.1,1.0,,3.5,1.2,,3.4,1.1,,3.1,1.0
Harrogate,E07000165,,4.4,1.0,,3.6,0.9,,3.1,0.8,,3.1,0.8,,2.9,0.7,,2.3,0.6,,2.6,0.6,,2.6,0.7,,2.2,0.5,,2.1,0.5,,2.2,0.5,,2.2,0.5,,2.3,0.5,,2.3,0.7,,2.6,0.9,,2.9,0.9,,3.1,0.9,,3.2,0.9,,3.0,0.7,,2.8,0.7,,2.8,0.7,,2.6,0.7,,2.8,0.8,,3.0,0.8,,3.3,0.9,,3.7,0.9,,4.3,1.0,,4.5,1.0,,4.7,1.0,,5.0,1.0,,4.8,1.0,,4.8,1.1,,4.9,1.2,,5.0,1.2,,5.1,1.2,,5.3,1.3,,5.6,1.4,,5.7,1.4,,5.7,1.4,,5.4,1.4,,4.5,1.2,,3.8,1.1,,3.6,1.0,,3.3,1.0,,3.3,1.0,,3.4,0.9,,3.2,0.9,,3.1,0.8,,2.9,0.8,,2.9,0.8,,2.7,0.7,,2.7,0.7,,2.7,0.7,,2.8,0.8,,2.8,0.7,,2.6,0.7,,2.6,0.7,,2.8,0.9,,3.0,0.8,,3.3,1.0,,3.6,1.1,,3.5,0.9,,3.3,0.9,,3.4,1.0,,3.0,1.0,,2.7,0.9,,2.7,0.9,,2.3,0.8,,2.4,0.8,,2.1,0.7,,2.2,0.8,,2.7,0.9,,2.8,0.8,,3.1,0.8,,3.3,0.9,,3.1,0.8,,2.9,0.7
Richmondshire,E07000166,,5.0,1.6,,4.1,1.3,,3.2,1.1,,3.2,1.1,,3.4,1.1,,2.9,1.0,,3.0,1.0,,3.0,1.0,,3.2,0.7,,2.9,0.7,,2.9,0.7,,2.9,0.7,,3.0,0.7,,2.7,1.1,,2.6,1.2,,2.8,1.2,,2.9,1.1,,3.1,1.1,,3.0,1.0,,2.9,1.0,,3.4,1.2,,3.1,1.1,,3.2,1.2,,3.3,1.2,,3.4,1.2,,3.9,1.3,,4.2,1.4,,4.7,1.5,,4.4,1.4,,4.4,1.4,,4.6,1.4,,4.5,1.4,,4.8,1.6,,5.1,1.7,,5.2,1.8,,5.4,1.9,,5.9,2.0,,5.8,1.9,,5.5,1.8,,5.6,1.9,,5.3,1.8,,4.7,1.7,,4.7,1.7,,4.4,1.7,,4.2,1.6,,3.9,1.4,,3.9,1.4,,3.7,1.4,,3.2,1.3,,3.0,1.2,,2.8,1.2,,2.5,1.1,,2.3,1.0,,2.5,1.1,,2.5,1.1,,2.6,1.2,,2.7,1.2,,2.8,1.3,,3.0,1.4,,3.2,1.4,,3.5,1.6,,3.3,1.5,,3.2,1.4,,3.6,1.6,,3.3,1.5,,3.3,1.5,,3.1,1.5,,2.8,1.5,,2.6,1.3,,2.3,1.1,,2.4,1.1,,2.9,1.3,,3.0,1.3,,3.3,1.4,,3.4,1.5,,3.0,1.3,,2.8,1.2
Ryedale,E07000167,,4.8,1.5,,3.7,1.2,,3.3,1.2,,3.2,1.1,,3.5,1.2,,2.7,1.0,,2.7,0.9,,2.7,0.9,,2.2,0.5,,2.1,0.5,,2.2,0.5,,2.2,0.6,,2.3,0.5,,2.9,1.2,,3.4,1.4,,3.9,1.5,,3.6,1.4,,3.6,1.3,,3.2,1.0,,3.2,1.1,,3.7,1.3,,3.4,1.3,,3.7,1.6,,3.7,1.5,,3.8,1.4,,3.8,1.4,,4.1,1.5,,3.9,1.3,,3.8,1.2,,4.1,1.3,,4.2,1.3,,4.2,1.4,,4.4,1.6,,4.3,1.5,,4.4,1.6,,5.0,1.6,,5.0,1.7,,5.2,1.8,,5.0,1.8,,5.1,1.9,,5.0,1.9,,4.7,1.7,,4.4,1.6,,4.3,1.7,,4.0,1.5,,4.1,1.6,,4.2,1.7,,4.0,1.5,,3.4,1.3,,3.0,1.2,,3.0,1.1,,3.0,1.1,,2.9,1.1,,3.4,1.2,,3.3,1.2,,3.0,1.1,,3.3,1.2,,3.0,1.2,,3.2,1.1,,3.2,1.2,,3.4,1.3,,3.5,1.1,,3.4,1.2,,3.3,1.3,,2.7,1.2,,2.6,1.2,,2.5,1.2,,2.5,1.1,,2.6,1.1,,2.3,1.0,,2.2,1.0,,3.0,1.2,,3.3,1.3,,3.9,1.6,,4.1,1.7,,3.5,1.3,,3.3,1.2
Scarborough,E07000168,,8.4,1.9,,5.8,1.4,,6.1,1.7,,6.4,1.8,,6.0,1.5,,5.1,1.3,,4.9,1.3,,4.8,1.3,,3.9,0.9,,3.7,0.9,,3.7,0.9,,3.6,0.8,,4.0,0.9,,4.5,1.4,,5.0,1.6,,5.6,1.7,,5.5,1.7,,5.0,1.4,,5.3,1.4,,5.5,1.5,,5.5,1.5,,4.6,1.3,,5.2,1.5,,5.3,1.5,,5.5,1.5,,6.4,1.7,,6.5,1.7,,7.2,1.8,,7.8,1.9,,8.8,2.0,,8.9,2.1,,8.8,2.1,,9.3,2.4,,8.1,2.1,,8.5,2.2,,8.1,2.1,,7.7,2.0,,8.0,2.1,,8.4,2.2,,9.3,2.5,,8.7,2.4,,8.5,2.2,,8.1,2.2,,7.7,2.2,,8.6,2.5,,7.7,2.2,,8.0,2.2,,7.6,2.1,,7.3,2.0,,6.6,1.9,,5.1,1.4,,4.2,1.2,,3.4,1.0,,3.8,1.1,,3.7,1.0,,3.9,1.0,,3.7,1.1,,3.4,1.1,,3.8,1.1,,3.7,1.2,,4.0,1.4,,3.8,1.1,,3.4,1.1,,3.4,1.2,,3.5,1.4,,3.7,1.5,,3.8,1.4,,3.6,1.3,,3.5,1.2,,3.0,1.1,,2.8,1.1,,3.4,1.2,,4.1,1.3,,4.8,1.4,,4.7,1.4,,4.4,1.2,,3.6,1.0
Selby,E07000169,,5.4,1.4,,4.9,1.2,,4.8,1.3,,4.7,1.3,,3.8,1.0,,3.1,0.9,,3.5,1.0,,3.3,0.9,,3.1,0.7,,3.0,0.7,,3.1,0.7,,3.1,0.7,,3.3,0.7,,3.7,1.3,,3.7,1.3,,4.4,1.6,,4.8,1.6,,4.8,1.5,,4.6,1.3,,4.1,1.2,,3.7,1.1,,3.5,1.1,,3.5,1.1,,4.1,1.2,,4.3,1.3,,5.2,1.6,,5.8,1.8,,6.1,1.8,,6.9,2.0,,7.0,1.8,,7.3,1.9,,6.6,1.7,,5.8,1.6,,5.6,1.5,,5.7,1.5,,6.3,1.6,,6.5,1.7,,6.4,1.7,,6.4,1.7,,5.7,1.6,,5.6,1.7,,5.4,1.6,,4.9,1.4,,5.1,1.6,,5.4,1.7,,5.3,1.5,,5.1,1.5,,5.2,1.5,,4.8,1.3,,4.6,1.3,,4.7,1.3,,4.0,1.2,,3.9,1.2,,3.9,1.2,,3.6,1.0,,3.8,1.1,,3.8,1.2,,3.9,1.4,,3.7,1.2,,3.7,1.3,,3.6,1.2,,3.2,1.0,,3.0,1.0,,2.9,1.0,,2.9,1.1,,3.2,1.2,,3.4,1.3,,3.2,1.2,,3.3,1.1,,2.6,1.0,,2.6,1.0,,2.9,1.1,,2.7,1.0,,3.2,1.1,,3.2,1.1,,3.6,1.2,,3.4,1.2
Barnsley,E08000016,,9.2,1.7,,9.2,1.7,,9.3,1.9,,7.2,1.5,,6.4,1.0,,5.7,1.0,,5.6,1.0,,5.0,0.8,,4.5,0.8,,4.4,0.8,,4.7,0.9,,4.6,0.9,,4.9,0.9,,5.7,1.2,,6.0,1.2,,6.2,1.3,,5.9,1.2,,5.5,1.0,,5.7,0.9,,5.9,1.0,,5.7,1.0,,5.3,1.0,,5.8,1.1,,6.3,1.1,,7.0,1.2,,8.2,1.3,,8.9,1.4,,9.2,1.4,,9.6,1.3,,9.5,1.3,,9.2,1.3,,9.5,1.3,,10.0,1.5,,10.2,1.5,,10.3,1.5,,10.8,1.5,,10.5,1.5,,10.7,1.6,,10.3,1.6,,10.0,1.6,,10.4,1.7,,10.3,1.7,,10.7,1.7,,10.4,1.7,,9.9,1.7,,9.4,1.5,,8.9,1.4,,8.4,1.3,,7.6,1.2,,7.0,1.2,,6.3,1.1,,6.2,1.1,,6.0,1.1,,6.3,1.1,,6.1,1.0,,5.7,1.0,,5.4,1.0,,5.1,1.1,,5.0,1.0,,5.0,1.1,,5.2,1.2,,4.9,1.0,,5.6,1.1,,5.4,1.2,,5.0,1.2,,5.0,1.3,,4.3,1.2,,4.2,1.1,,4.7,1.1,,4.6,1.1,,4.3,1.1,,4.8,1.2,,5.3,1.2,,5.0,1.1,,5.1,1.1,,4.9,1.0,,4.1,0.9
Doncaster,E08000017,,11.1,1.9,,11.3,2.0,,8.7,1.6,,7.5,1.5,,7.4,1.1,,6.1,1.0,,5.6,1.0,,5.6,0.9,,4.8,0.9,,4.6,0.9,,4.6,0.9,,5.0,0.9,,5.2,0.9,,5.9,1.2,,6.5,1.3,,6.0,1.2,,6.1,1.2,,5.7,1.1,,5.8,1.0,,6.2,1.0,,6.0,1.1,,5.8,1.1,,6.4,1.2,,6.8,1.2,,7.0,1.2,,8.0,1.3,,8.6,1.4,,9.2,1.4,,9.9,1.4,,9.9,1.3,,9.7,1.3,,9.5,1.3,,9.5,1.5,,9.6,1.4,,10.3,1.5,,11.0,1.6,,11.8,1.7,,12.6,1.8,,12.8,1.8,,11.9,1.8,,11.0,1.8,,10.7,1.7,,10.3,1.7,,10.4,1.8,,9.9,1.7,,9.0,1.5,,8.6,1.4,,8.6,1.4,,8.5,1.4,,8.8,1.5,,8.3,1.4,,7.4,1.3,,7.0,1.3,,6.4,1.2,,6.2,1.1,,6.1,1.1,,5.8,1.1,,6.1,1.3,,6.0,1.2,,6.0,1.3,,5.9,1.3,,5.2,1.0,,5.6,1.1,,5.6,1.2,,5.6,1.3,,5.8,1.4,,5.6,1.4,,5.6,1.3,,5.3,1.2,,5.2,1.3,,4.4,1.2,,4.9,1.2,,5.4,1.2,,4.9,1.0,,5.4,1.2,,5.3,1.0,,4.7,1.0
Rotherham,E08000018,,10.7,1.8,,9.4,1.7,,9.3,1.8,,8.7,1.8,,6.6,1.0,,5.2,0.9,,5.1,0.9,,5.0,0.8,,4.2,0.8,,4.2,0.8,,4.3,0.8,,4.4,0.8,,4.7,0.8,,5.0,1.0,,5.9,1.2,,6.2,1.2,,6.3,1.2,,6.1,1.1,,5.7,0.9,,5.6,1.0,,5.4,1.0,,5.3,1.0,,5.8,1.1,,6.5,1.2,,7.5,1.3,,8.5,1.4,,9.0,1.4,,10.1,1.4,,10.4,1.4,,10.0,1.3,,10.0,1.3,,9.3,1.3,,9.4,1.4,,10.1,1.4,,10.4,1.4,,11.3,1.6,,11.6,1.6,,11.2,1.6,,11.3,1.6,,10.5,1.6,,9.7,1.6,,10.3,1.7,,10.4,1.7,,11.3,1.8,,11.4,1.9,,10.2,1.6,,9.6,1.6,,9.0,1.5,,8.6,1.4,,8.2,1.4,,7.5,1.3,,6.5,1.2,,6.5,1.2,,6.6,1.2,,6.4,1.1,,6.9,1.2,,6.5,1.2,,6.1,1.3,,5.8,1.2,,4.9,1.1,,5.1,1.2,,4.8,1.0,,4.9,1.0,,4.9,1.1,,4.9,1.2,,4.9,1.3,,5.1,1.3,,5.0,1.3,,5.0,1.2,,5.0,1.2,,4.4,1.2,,4.3,1.1,,4.5,1.0,,4.4,0.9,,5.1,1.1,,5.2,1.0,,4.3,0.9
Sheffield,E08000019,,10.8,1.5,,8.7,1.3,,7.7,1.3,,7.4,1.3,,6.7,1.0,,5.6,0.9,,5.5,1.0,,6.0,1.0,,5.9,1.1,,5.5,1.1,,5.2,1.0,,4.9,0.9,,5.3,0.9,,6.1,1.2,,6.9,1.4,,7.4,1.4,,7.2,1.3,,6.8,1.2,,6.3,1.0,,6.1,1.0,,5.9,1.1,,5.4,1.0,,5.8,1.1,,6.3,1.2,,6.6,1.2,,7.5,1.3,,7.9,1.3,,8.5,1.3,,8.8,1.3,,9.3,1.3,,9.2,1.3,,8.8,1.3,,8.5,1.4,,8.6,1.3,,8.9,1.3,,9.6,1.4,,9.7,1.5,,10.1,1.5,,10.5,1.6,,10.2,1.6,,10.6,1.7,,9.8,1.6,,10.2,1.7,,10.1,1.7,,9.8,1.7,,10.1,1.6,,9.6,1.5,,9.1,1.4,,8.5,1.4,,8.0,1.4,,7.3,1.3,,6.9,1.2,,7.3,1.3,,7.6,1.3,,7.2,1.2,,6.7,1.2,,6.2,1.2,,5.7,1.2,,5.6,1.1,,6.0,1.3,,6.0,1.3,,5.7,1.1,,5.4,1.1,,5.1,1.2,,4.8,1.2,,4.5,1.2,,4.4,1.2,,4.2,1.1,,4.2,1.0,,3.9,1.0,,3.8,1.0,,4.2,1.0,,4.8,1.1,,5.3,1.1,,6.0,1.2,,5.5,1.0,,4.9,1.0
Bradford,E08000032,,8.9,1.4,,7.6,1.3,,7.6,1.4,,7.7,1.4,,7.3,1.1,,6.3,1.0,,6.3,1.0,,5.8,0.9,,5.6,1.0,,5.5,1.0,,5.5,1.0,,5.3,1.0,,5.5,0.9,,5.9,1.2,,5.9,1.2,,6.6,1.3,,6.3,1.2,,6.5,1.2,,6.7,1.1,,6.5,1.1,,6.9,1.2,,6.4,1.2,,6.4,1.2,,6.5,1.2,,7.1,1.3,,7.5,1.3,,8.0,1.4,,8.5,1.4,,8.5,1.2,,9.5,1.3,,10.0,1.4,,9.6,1.4,,10.2,1.6,,10.0,1.5,,9.8,1.4,,11.4,1.6,,11.2,1.6,,11.2,1.6,,11.2,1.7,,10.1,1.6,,10.7,1.7,,10.4,1.7,,10.8,1.7,,11.1,1.8,,11.0,1.9,,10.7,1.7,,10.2,1.6,,9.4,1.5,,9.0,1.4,,9.2,1.5,,8.7,1.4,,8.7,1.4,,8.4,1.4,,8.2,1.3,,7.6,1.2,,7.1,1.2,,6.4,1.2,,6.2,1.3,,6.1,1.2,,6.0,1.2,,6.2,1.3,,5.8,1.1,,5.5,1.1,,5.4,1.2,,5.1,1.3,,5.2,1.3,,5.7,1.4,,5.9,1.4,,6.4,1.4,,6.0,1.4,,5.6,1.4,,5.8,1.4,,5.7,1.3,,6.1,1.2,,6.3,1.3,,6.0,1.2,,5.8,1.2
Calderdale,E08000033,,6.4,1.3,,6.3,1.3,,5.7,1.3,,5.3,1.3,,5.6,0.9,,4.4,0.8,,4.3,0.8,,4.7,0.8,,4.4,0.9,,3.7,0.8,,3.8,0.8,,3.6,0.7,,3.9,0.7,,4.4,1.0,,4.7,1.1,,4.6,1.0,,5.1,1.1,,5.1,1.0,,5.2,0.9,,5.3,0.9,,5.0,0.9,,4.9,0.9,,4.9,1.0,,5.7,1.0,,5.9,1.1,,6.6,1.1,,7.5,1.2,,7.7,1.2,,8.5,1.2,,8.8,1.2,,8.5,1.2,,8.1,1.2,,8.8,1.4,,8.3,1.3,,8.6,1.3,,9.2,1.4,,8.4,1.3,,9.0,1.4,,9.1,1.4,,8.7,1.5,,8.2,1.4,,7.8,1.4,,7.9,1.4,,8.2,1.5,,8.8,1.6,,8.0,1.4,,7.5,1.3,,7.3,1.2,,6.4,1.1,,6.3,1.1,,5.7,1.1,,5.2,1.0,,5.3,1.0,,5.6,1.0,,5.1,0.9,,4.7,0.9,,4.4,0.9,,3.6,0.9,,4.0,0.9,,3.6,0.8,,4.1,1.0,,4.6,0.9,,4.3,0.9,,4.5,1.0,,4.1,1.0,,4.0,1.1,,4.1,1.1,,3.9,1.0,,4.1,1.0,,3.9,1.0,,3.7,1.0,,4.2,1.1,,4.3,1.0,,4.5,0.9,,4.9,1.0,,4.9,1.0,,4.6,1.0
Kirklees,E08000034,,7.5,1.2,,6.5,1.1,,5.8,1.1,,5.9,1.1,,5.9,1.0,,5.0,0.9,,4.7,0.8,,4.6,0.8,,4.3,0.8,,4.1,0.8,,4.2,0.8,,3.9,0.8,,4.3,0.8,,4.3,0.9,,4.2,1.0,,4.7,1.0,,4.9,1.0,,5.0,1.0,,5.3,0.9,,5.1,0.9,,4.8,0.9,,4.8,0.9,,5.2,1.0,,5.8,1.1,,6.2,1.1,,6.5,1.1,,7.0,1.2,,7.2,1.2,,7.7,1.1,,8.3,1.2,,8.2,1.2,,8.1,1.2,,8.3,1.4,,7.9,1.3,,8.2,1.3,,9.0,1.4,,8.8,1.3,,9.3,1.4,,9.3,1.5,,8.1,1.4,,8.5,1.5,,8.4,1.5,,8.1,1.5,,8.3,1.5,,8.1,1.6,,7.6,1.4,,7.7,1.3,,8.2,1.4,,7.4,1.2,,7.1,1.3,,6.5,1.2,,5.6,1.1,,5.8,1.1,,6.1,1.1,,5.9,1.0,,5.8,1.0,,5.5,1.1,,5.1,1.1,,5.2,1.1,,4.8,1.1,,4.8,1.1,,5.2,1.0,,4.8,1.0,,4.9,1.1,,4.9,1.2,,4.5,1.1,,4.5,1.1,,4.1,1.0,,4.1,1.0,,3.9,1.0,,3.4,0.9,,3.9,1.0,,4.5,1.0,,5.2,1.1,,6.0,1.2,,5.4,1.0,,5.1,1.0
Leeds,E08000035,,7.5,1.1,,6.3,1.0,,5.8,0.9,,5.6,0.9,,5.2,0.8,,4.4,0.7,,4.9,0.8,,4.5,0.8,,4.7,0.8,,4.5,0.8,,4.7,0.8,,4.9,0.8,,5.7,0.9,,6.1,1.1,,6.1,1.1,,6.1,1.1,,5.4,1.0,,5.5,0.9,,5.7,0.8,,5.5,0.8,,5.6,0.9,,5.7,0.9,,6.1,1.0,,6.4,1.0,,6.5,1.0,,7.1,1.1,,7.8,1.1,,8.3,1.1,,8.7,1.1,,9.5,1.2,,9.0,1.1,,8.9,1.2,,9.2,1.3,,8.6,1.2,,8.8,1.2,,9.3,1.3,,9.1,1.3,,9.7,1.4,,10.1,1.4,,9.8,1.4,,9.8,1.4,,9.8,1.5,,9.7,1.5,,9.6,1.5,,9.6,1.5,,9.0,1.4,,9.3,1.4,,9.1,1.3,,8.4,1.2,,8.0,1.3,,6.7,1.1,,6.2,1.0,,6.1,1.0,,6.3,1.0,,6.1,1.0,,5.5,0.9,,5.1,0.9,,4.4,0.9,,4.7,0.9,,4.7,1.0,,4.7,1.0,,4.6,0.9,,4.2,0.9,,4.3,0.9,,3.9,0.9,,3.9,1.0,,4.4,1.0,,4.1,1.0,,4.3,1.0,,4.2,1.0,,3.7,0.9,,4.0,0.9,,4.4,0.9,,4.9,1.0,,5.4,1.1,,5.5,1.0,,5.2,1.0
Wakefield,E08000036,,9.6,1.6,,7.4,1.3,,6.5,1.3,,6.2,1.2,,5.8,1.0,,5.0,0.9,,4.5,0.8,,5.2,0.9,,3.7,0.7,,3.5,0.7,,4.0,0.8,,4.0,0.8,,4.7,0.8,,5.0,1.1,,4.8,1.1,,5.1,1.1,,4.8,1.0,,5.1,1.0,,5.4,0.9,,5.5,0.9,,5.5,1.0,,4.9,0.9,,5.5,1.1,,5.4,1.0,,5.8,1.0,,6.7,1.1,,7.2,1.2,,7.7,1.2,,8.4,1.2,,8.6,1.2,,8.3,1.1,,8.5,1.2,,8.8,1.4,,9.4,1.4,,9.3,1.4,,10.0,1.4,,10.0,1.4,,9.8,1.5,,9.8,1.5,,9.7,1.6,,10.0,1.6,,9.8,1.6,,10.0,1.6,,9.8,1.6,,9.2,1.6,,8.4,1.4,,8.3,1.3,,7.7,1.3,,6.9,1.1,,6.7,1.2,,6.4,1.2,,6.3,1.1,,6.3,1.1,,6.1,1.1,,5.6,1.0,,5.4,0.9,,5.0,1.0,,5.0,1.1,,5.3,1.1,,4.9,1.1,,5.3,1.2,,4.8,0.9,,5.1,1.0,,5.1,1.2,,4.9,1.2,,5.2,1.3,,4.6,1.2,,4.3,1.1,,4.3,1.0,,4.2,1.0,,4.2,1.1,,4.4,1.1,,4.8,1.0,,4.5,0.9,,4.2,0.9,,4.4,0.9,,3.8,0.8
Derby,E06000015,,9.1,1.7,,7.0,1.4,,6.6,1.5,,7.0,1.6,,5.9,1.0,,6.1,1.0,,6.0,1.0,,6.6,1.1,,6.5,1.1,,6.5,1.1,,6.1,1.1,,5.8,1.0,,6.1,1.0,,5.5,1.1,,5.6,1.2,,5.3,1.1,,5.7,1.1,,6.2,1.1,,6.3,1.0,,6.3,1.0,,6.3,1.1,,6.5,1.1,,5.8,1.1,,6.0,1.1,,6.5,1.2,,7.0,1.2,,8.1,1.3,,8.5,1.3,,8.1,1.2,,8.3,1.2,,7.9,1.2,,8.4,1.3,,9.0,1.5,,8.9,1.4,,9.7,1.4,,9.4,1.4,,9.5,1.4,,9.4,1.4,,9.8,1.5,,10.1,1.6,,9.7,1.6,,10.0,1.6,,9.7,1.6,,9.2,1.6,,8.7,1.5,,8.2,1.4,,7.4,1.3,,7.0,1.2,,6.9,1.2,,6.4,1.2,,6.0,1.2,,5.9,1.2,,5.5,1.1,,5.4,1.1,,4.9,1.0,,4.5,0.9,,4.5,0.9,,3.9,1.0,,4.4,1.0,,4.5,1.0,,4.7,1.1,,4.6,0.9,,4.1,0.9,,4.5,1.0,,4.6,1.1,,4.4,1.1,,5.0,1.2,,4.7,1.2,,4.3,1.1,,4.4,1.1,,4.7,1.2,,4.8,1.2,,5.7,1.2,,6.4,1.2,,6.3,1.2,,6.0,1.1,,5.6,1.2
Leicester,E06000016,,10.2,1.8,,8.3,1.6,,7.9,1.6,,8.7,1.8,,7.7,1.2,,7.1,1.1,,7.7,1.2,,9.9,1.5,,8.1,1.3,,7.7,1.3,,7.6,1.2,,8.0,1.3,,8.7,1.3,,9.0,1.5,,9.3,1.6,,8.6,1.5,,8.4,1.4,,8.0,1.3,,8.0,1.2,,8.3,1.2,,8.7,1.4,,9.7,1.5,,10.1,1.6,,10.1,1.6,,11.1,1.7,,10.9,1.6,,11.2,1.7,,11.0,1.6,,10.7,1.5,,11.0,1.5,,11.2,1.5,,11.4,1.5,,11.2,1.6,,11.4,1.6,,11.4,1.6,,11.8,1.7,,12.9,1.8,,12.2,1.7,,12.4,1.8,,13.7,1.9,,13.0,1.9,,12.9,1.9,,13.9,2.0,,14.0,2.0,,13.7,2.0,,13.0,1.8,,11.8,1.7,,9.8,1.5,,8.7,1.4,,8.1,1.4,,7.7,1.4,,7.7,1.4,,7.5,1.3,,7.1,1.3,,6.6,1.2,,6.3,1.2,,6.1,1.2,,5.7,1.2,,5.2,1.1,,5.4,1.2,,5.6,1.3,,5.4,1.1,,5.4,1.2,,5.3,1.2,,5.5,1.3,,5.9,1.5,,5.6,1.4,,5.4,1.4,,4.8,1.2,,4.6,1.2,,5.1,1.3,,5.1,1.3,,6.0,1.3,,6.8,1.4,,7.5,1.5,,7.2,1.4,,6.8,1.4
Nottingham,E06000018,,13.1,2.2,,10.8,1.9,,8.9,1.8,,9.9,2.0,,8.1,1.3,,7.7,1.2,,7.0,1.2,,8.2,1.3,,8.1,1.3,,8.1,1.4,,7.7,1.3,,7.4,1.3,,8.2,1.3,,8.5,1.6,,9.8,1.7,,9.8,1.7,,9.4,1.6,,8.9,1.4,,8.1,1.2,,8.4,1.3,,8.3,1.4,,8.5,1.4,,8.3,1.5,,8.3,1.4,,9.2,1.5,,10.5,1.6,,11.7,1.7,,12.2,1.7,,12.4,1.7,,12.6,1.6,,12.7,1.7,,14.0,1.8,,13.9,2.0,,13.5,1.9,,13.4,1.8,,13.2,1.8,,13.3,1.8,,13.5,1.9,,13.3,1.8,,12.9,1.9,,13.6,1.9,,13.7,1.9,,14.3,2.0,,13.7,2.0,,12.5,1.9,,12.2,1.8,,12.0,1.8,,11.2,1.7,,10.7,1.6,,10.0,1.7,,8.5,1.5,,8.9,1.5,,8.6,1.5,,7.9,1.4,,7.9,1.4,,7.7,1.4,,7.5,1.4,,7.7,1.6,,7.8,1.5,,7.4,1.5,,8.4,1.7,,7.7,1.5,,7.4,1.5,,7.4,1.5,,7.0,1.5,,7.0,1.5,,7.1,1.6,,6.9,1.5,,6.9,1.5,,6.7,1.5,,6.5,1.5,,6.6,1.5,,6.8,1.4,,6.9,1.3,,7.4,1.4,,6.8,1.3,,6.1,1.3
Rutland,E06000017,,3.7,1.4,,2.5,0.9,,2.5,1.1,,2.6,1.1,,2.2,0.6,,2.1,0.6,,2.1,0.6,,2.1,0.6,,1.8,0.5,,1.9,0.5,,2.1,0.6,,2.2,0.6,,2.4,0.6,,2.7,0.9,,3.0,1.0,,3.1,1.0,,3.3,1.0,,3.2,0.8,,2.7,0.7,,2.8,0.7,,2.7,0.8,,2.8,0.8,,2.9,0.8,,3.1,0.8,,3.4,0.9,,3.8,0.9,,4.1,1.0,,4.4,1.0,,4.4,1.0,,4.3,0.9,,4.2,0.9,,4.2,1.0,,4.2,1.0,,4.4,1.0,,4.6,1.1,,4.4,1.1,,4.9,1.2,,4.5,1.2,,4.7,1.2,,4.7,1.3,,4.4,1.3,,4.0,1.2,,3.6,1.1,,3.4,1.1,,3.2,1.1,,3.3,1.0,,3.3,0.9,,3.2,0.9,,3.0,0.8,,2.9,0.9,,2.7,0.8,,2.7,0.8,,2.6,0.7,,2.5,0.8,,2.4,0.7,,2.4,0.7,,2.4,0.7,,2.4,0.8,,2.6,0.8,,2.3,0.7,,2.5,0.9,,2.4,0.7,,2.4,0.7,,2.9,0.9,,3.5,1.1,,3.6,1.2,,3.4,1.1,,3.0,1.0,,2.5,0.9,,2.6,0.9,,3.0,1.1,,3.5,1.2,,4.0,1.2,,4.6,1.3,,4.3,1.2,,4.0,1.1,,3.5,1.0
Amber Valley,E07000032,,6.0,1.5,,4.9,1.2,,5.0,1.3,,5.5,1.5,,4.9,1.2,,4.7,1.1,,3.8,1.0,,4.0,1.1,,3.6,0.8,,3.4,0.8,,3.6,0.8,,3.6,0.8,,3.9,0.9,,4.4,1.4,,4.4,1.4,,4.2,1.3,,4.5,1.3,,4.5,1.2,,4.5,1.1,,4.8,1.2,,4.6,1.2,,4.3,1.1,,4.3,1.2,,4.6,1.2,,5.2,1.4,,6.0,1.5,,5.9,1.5,,6.2,1.6,,6.3,1.5,,6.2,1.5,,6.4,1.5,,6.8,1.7,,6.6,1.8,,7.1,1.8,,7.6,2.0,,8.1,2.1,,8.5,2.1,,8.2,2.1,,7.8,2.1,,7.6,2.1,,7.3,2.1,,6.4,1.9,,6.1,1.7,,5.6,1.7,,5.1,1.6,,5.0,1.4,,4.7,1.4,,4.6,1.3,,4.1,1.2,,4.0,1.3,,3.8,1.2,,3.6,1.1,,3.8,1.2,,3.7,1.2,,3.5,1.0,,3.6,1.1,,3.5,1.1,,3.2,1.1,,3.5,1.1,,3.2,1.1,,3.3,1.1,,3.0,0.9,,3.0,0.9,,3.2,1.0,,3.6,1.3,,3.7,1.4,,3.2,1.2,,3.0,1.1,,2.6,1.0,,3.1,1.2,,3.6,1.4,,3.8,1.3,,4.5,1.4,,4.2,1.3,,3.9,1.2,,3.7,1.1,,3.4,1.1
Bolsover,E07000033,,9.8,2.4,,8.3,2.3,,6.9,2.0,,5.7,1.6,,5.8,1.6,,6.0,1.5,,5.1,1.4,,4.6,1.3,,5.3,1.1,,5.1,1.2,,5.3,1.2,,5.5,1.2,,5.8,1.2,,6.0,2.1,,6.9,2.3,,6.4,2.1,,6.3,2.0,,6.0,1.8,,5.4,1.5,,5.8,1.6,,6.3,1.9,,6.2,1.8,,6.5,2.0,,6.1,1.9,,6.2,1.9,,6.2,1.9,,6.1,1.9,,6.5,2.1,,6.9,2.0,,6.8,2.0,,6.5,1.9,,7.2,2.0,,7.5,2.3,,7.9,2.3,,8.4,2.5,,8.0,2.5,,8.8,2.7,,8.7,2.8,,8.9,3.0,,8.2,2.9,,6.9,2.5,,6.2,2.2,,6.4,2.2,,6.3,2.2,,6.1,2.1,,6.8,2.1,,6.6,2.1,,6.2,2.0,,6.2,2.0,,5.5,2.0,,4.9,1.9,,4.6,1.7,,4.2,1.6,,4.2,1.6,,3.7,1.3,,4.1,1.4,,4.1,1.4,,4.2,1.5,,4.1,1.4,,4.0,1.5,,4.6,1.7,,4.0,1.3,,4.2,1.4,,4.3,1.5,,4.4,1.6,,4.5,1.7,,4.3,1.8,,3.9,1.7,,3.5,1.5,,3.5,1.6,,4.0,2.0,,4.5,2.0,,5.3,2.2,,5.6,2.2,,5.3,2.0,,4.1,1.5,,3.3,1.3
Chesterfield,E07000034,,8.6,2.0,,6.7,1.6,,7.8,2.0,,8.3,2.2,,6.0,1.5,,7.4,1.8,,5.4,1.4,,5.6,1.4,,5.0,1.1,,4.9,1.1,,5.1,1.1,,5.1,1.1,,5.4,1.1,,5.9,1.8,,6.3,2.0,,6.2,1.9,,6.1,1.8,,5.7,1.5,,5.7,1.4,,6.2,1.5,,6.2,1.7,,5.8,1.6,,5.7,1.6,,5.5,1.6,,6.0,1.6,,6.4,1.7,,7.1,1.8,,7.3,1.8,,7.7,1.8,,7.7,1.9,,7.6,1.9,,7.9,2.0,,8.1,2.2,,8.8,2.3,,8.8,2.2,,8.9,2.3,,9.7,2.5,,9.6,2.6,,10.0,2.6,,9.2,2.6,,8.4,2.4,,7.8,2.3,,7.8,2.4,,8.0,2.4,,7.3,2.4,,7.2,2.1,,6.7,2.0,,6.0,1.7,,5.9,1.7,,5.4,1.8,,5.2,1.7,,5.5,1.7,,5.1,1.6,,4.9,1.5,,4.7,1.3,,5.0,1.5,,4.9,1.5,,4.9,1.7,,5.3,1.7,,4.8,1.6,,5.8,2.0,,5.0,1.5,,4.9,1.6,,5.2,1.7,,5.2,1.8,,6.0,2.2,,5.9,2.2,,6.0,2.2,,4.9,1.8,,5.2,1.9,,5.1,1.8,,5.2,1.8,,6.0,1.9,,6.1,1.8,,5.3,1.5,,5.1,1.4,,4.2,1.3
Derbyshire Dales,E07000035,,4.2,1.1,,3.6,1.0,,3.2,1.0,,3.0,1.0,,2.8,0.8,,2.7,0.8,,2.7,0.8,,3.0,0.9,,2.4,0.6,,2.5,0.6,,2.4,0.6,,2.6,0.6,,2.8,0.6,,2.4,0.9,,2.8,1.1,,3.0,1.2,,3.8,1.3,,3.9,1.2,,3.6,1.0,,3.5,1.0,,3.5,1.1,,3.5,1.1,,3.4,1.1,,3.2,1.1,,3.4,1.1,,3.9,1.2,,4.2,1.2,,4.5,1.3,,4.4,1.2,,3.9,1.2,,4.3,1.2,,4.5,1.4,,4.3,1.5,,4.6,1.5,,4.1,1.5,,4.0,1.4,,4.4,1.5,,4.6,1.6,,4.6,1.7,,5.0,1.9,,4.6,1.8,,4.4,1.6,,4.4,1.6,,4.3,1.5,,3.9,1.4,,3.7,1.2,,3.5,1.1,,3.0,1.0,,2.9,1.0,,2.7,1.0,,2.2,0.8,,2.3,0.8,,2.0,0.7,,1.9,0.7,,2.0,0.7,,2.3,0.8,,2.5,0.9,,2.4,0.9,,2.7,1.0,,2.5,1.0,,2.6,1.0,,2.6,0.9,,2.4,0.9,,2.5,0.9,,2.8,1.1,,2.9,1.1,,2.8,1.1,,2.5,1.0,,2.1,0.9,,2.0,0.8,,2.6,1.1,,3.2,1.3,,3.6,1.3,,4.5,1.5,,4.5,1.5,,3.9,1.3,,3.4,1.2
Erewash,E07000036,,7.5,1.8,,5.4,1.3,,4.9,1.3,,5.5,1.5,,4.5,1.1,,4.4,1.0,,3.8,1.0,,4.0,1.1,,3.8,0.8,,3.4,0.8,,3.9,0.9,,4.1,0.9,,4.2,0.9,,4.1,1.3,,4.4,1.4,,4.5,1.4,,5.1,1.5,,4.9,1.3,,4.8,1.2,,4.9,1.2,,5.0,1.3,,5.1,1.4,,5.0,1.4,,5.4,1.4,,5.9,1.5,,6.6,1.7,,7.4,1.8,,7.8,1.8,,7.8,1.8,,8.1,1.8,,7.8,1.8,,7.8,1.8,,8.3,2.2,,8.9,2.3,,9.5,2.4,,9.5,2.4,,10.1,2.5,,9.1,2.3,,8.7,2.4,,7.6,2.2,,6.7,2.0,,6.1,1.9,,6.7,2.0,,7.2,2.3,,7.0,2.3,,7.1,2.1,,6.1,1.8,,5.9,1.6,,5.6,1.5,,5.2,1.6,,4.9,1.5,,4.8,1.5,,4.1,1.3,,3.9,1.3,,3.6,1.1,,3.6,1.1,,3.4,1.1,,3.4,1.2,,3.8,1.2,,3.4,1.2,,3.9,1.4,,3.7,1.2,,4.1,1.3,,4.5,1.5,,5.0,1.7,,5.2,1.8,,4.6,1.7,,4.2,1.5,,3.1,1.1,,3.1,1.1,,3.3,1.3,,3.8,1.3,,4.5,1.4,,4.6,1.3,,4.5,1.3,,4.1,1.1,,3.5,1.1
High Peak,E07000037,,5.3,1.2,,3.9,1.0,,4.3,1.2,,3.6,1.0,,3.2,0.8,,3.4,0.9,,3.3,0.9,,3.8,1.1,,3.5,0.8,,3.7,0.8,,3.6,0.8,,3.6,0.8,,3.8,0.8,,3.5,1.2,,3.5,1.3,,3.9,1.4,,4.1,1.3,,4.1,1.2,,3.9,1.0,,4.0,1.0,,4.0,1.1,,4.5,1.2,,4.9,1.4,,4.8,1.3,,5.3,1.4,,5.8,1.5,,5.9,1.5,,5.9,1.5,,6.0,1.4,,6.1,1.5,,6.1,1.5,,6.8,1.7,,6.8,1.8,,6.5,1.7,,6.8,1.7,,6.2,1.6,,6.6,1.8,,6.3,1.7,,6.7,1.8,,7.6,2.3,,7.5,2.3,,7.4,2.2,,6.5,2.0,,6.1,1.9,,5.9,1.9,,5.7,1.7,,5.3,1.6,,4.9,1.5,,4.6,1.4,,4.4,1.4,,4.5,1.5,,4.1,1.3,,3.5,1.1,,3.3,1.1,,3.2,0.9,,3.3,1.0,,3.6,1.2,,3.9,1.4,,3.8,1.2,,3.4,1.2,,3.5,1.2,,3.2,1.0,,3.0,1.0,,3.6,1.3,,3.9,1.5,,4.2,1.6,,4.2,1.7,,3.7,1.5,,3.3,1.2,,3.3,1.3,,3.9,1.5,,3.7,1.3,,4.1,1.3,,4.6,1.3,,4.3,1.3,,4.3,1.3,,3.9,1.3
North East Derbyshire,E07000038,,7.2,1.7,,5.6,1.4,,5.3,1.4,,5.7,1.6,,5.0,1.2,,5.6,1.3,,4.6,1.2,,4.0,1.1,,4.1,0.9,,4.0,0.9,,4.1,0.9,,4.1,0.9,,4.4,1.0,,4.6,1.4,,4.9,1.6,,4.6,1.5,,4.7,1.4,,4.8,1.3,,4.5,1.2,,4.9,1.3,,5.3,1.5,,5.2,1.5,,5.1,1.5,,4.9,1.4,,5.2,1.5,,5.2,1.5,,5.4,1.6,,5.8,1.6,,6.0,1.6,,6.1,1.6,,6.3,1.7,,6.8,1.7,,7.6,2.1,,8.7,2.3,,8.8,2.3,,9.0,2.4,,7.8,2.1,,7.5,2.1,,7.4,2.1,,7.0,2.1,,7.1,2.2,,6.1,2.0,,6.0,1.9,,6.1,2.0,,5.7,1.9,,5.8,1.7,,5.4,1.6,,4.8,1.4,,4.7,1.4,,4.4,1.4,,4.2,1.4,,4.2,1.4,,4.1,1.3,,4.0,1.3,,3.7,1.2,,3.7,1.2,,3.8,1.3,,3.6,1.3,,3.6,1.2,,3.4,1.2,,3.5,1.3,,3.4,1.1,,3.6,1.2,,3.8,1.3,,4.0,1.4,,3.9,1.5,,3.5,1.4,,3.2,1.3,,3.1,1.2,,3.3,1.3,,3.7,1.5,,4.3,1.6,,4.7,1.6,,4.8,1.6,,4.3,1.5,,3.4,1.1,,2.8,1.1
South Derbyshire,E07000039,,5.0,1.3,,4.2,1.2,,4.2,1.2,,4.2,1.2,,3.3,0.9,,3.2,0.8,,3.0,0.8,,3.3,1.0,,2.6,0.6,,2.7,0.7,,2.7,0.7,,2.8,0.7,,3.4,0.8,,3.0,1.0,,3.7,1.3,,3.9,1.3,,3.9,1.2,,3.9,1.1,,3.7,1.0,,3.6,1.0,,3.6,1.1,,3.8,1.1,,3.5,1.1,,3.7,1.1,,4.2,1.2,,5.1,1.3,,5.4,1.4,,5.7,1.4,,5.8,1.3,,5.8,1.4,,5.6,1.4,,5.6,1.4,,5.2,1.5,,4.8,1.3,,5.0,1.4,,5.4,1.5,,6.0,1.6,,6.2,1.8,,6.5,1.9,,6.6,2.0,,6.1,1.9,,5.6,1.8,,5.8,1.8,,5.0,1.7,,4.4,1.5,,4.4,1.4,,3.8,1.2,,3.9,1.2,,3.8,1.1,,3.6,1.1,,3.4,1.0,,3.2,1.0,,3.0,1.0,,2.8,0.9,,2.7,0.9,,2.5,0.8,,2.6,0.8,,2.6,0.9,,2.9,0.9,,2.9,1.0,,2.8,1.0,,2.6,0.8,,2.5,0.8,,2.9,1.0,,3.3,1.2,,3.4,1.2,,3.1,1.1,,2.7,1.0,,2.3,0.8,,2.2,0.9,,2.5,1.0,,3.0,1.1,,3.8,1.2,,4.5,1.3,,4.6,1.4,,4.2,1.2,,3.7,1.1
Blaby,E07000129,,3.2,0.8,,2.9,0.8,,3.2,0.9,,3.1,0.9,,3.2,0.8,,2.8,0.7,,2.6,0.7,,2.9,0.8,,2.7,0.6,,2.8,0.7,,2.9,0.7,,3.1,0.7,,3.3,0.7,,2.7,0.9,,3.0,1.0,,3.0,1.0,,3.2,1.0,,3.3,0.9,,3.2,0.8,,3.3,0.9,,3.1,0.9,,3.1,0.9,,3.1,0.9,,3.2,0.9,,3.7,1.0,,4.1,1.1,,4.5,1.2,,4.7,1.2,,5.0,1.3,,5.5,1.3,,5.7,1.4,,5.7,1.4,,5.6,1.5,,4.7,1.3,,4.8,1.3,,4.7,1.2,,5.3,1.4,,5.4,1.5,,5.6,1.6,,5.5,1.6,,5.0,1.5,,4.9,1.5,,5.1,1.6,,4.9,1.6,,4.8,1.6,,4.7,1.4,,4.1,1.2,,3.6,1.1,,3.6,1.0,,3.2,1.0,,3.2,1.0,,3.3,1.0,,3.0,0.9,,3.0,0.9,,2.9,0.9,,2.9,0.9,,2.8,0.9,,2.7,1.0,,3.0,0.9,,3.0,1.0,,3.5,1.2,,2.9,1.0,,2.6,0.9,,2.9,1.0,,3.3,1.2,,3.8,1.4,,3.7,1.4,,3.2,1.2,,2.7,1.0,,2.6,1.0,,2.9,1.1,,2.9,1.0,,3.5,1.2,,5.3,1.8,,5.3,1.7,,4.6,1.3,,4.0,1.3
Charnwood,E07000130,,4.9,1.1,,4.0,0.9,,3.7,0.9,,4.3,1.1,,3.6,0.8,,4.4,1.0,,4.0,1.0,,4.0,1.0,,3.5,0.8,,3.3,0.8,,3.3,0.7,,3.4,0.8,,3.7,0.8,,3.5,1.1,,4.0,1.2,,4.3,1.3,,4.6,1.2,,4.7,1.1,,4.3,0.9,,4.0,0.9,,3.9,1.0,,4.2,1.0,,4.3,1.1,,4.2,1.0,,4.5,1.1,,5.2,1.2,,5.8,1.3,,6.5,1.4,,6.5,1.3,,6.4,1.3,,6.2,1.2,,6.4,1.3,,6.6,1.5,,6.4,1.4,,6.7,1.5,,6.3,1.4,,6.4,1.5,,6.5,1.5,,6.9,1.6,,6.9,1.8,,6.7,1.8,,6.3,1.7,,6.2,1.7,,6.3,1.7,,6.1,1.7,,5.4,1.4,,4.6,1.2,,4.0,1.0,,3.9,1.0,,4.1,1.1,,4.0,1.1,,4.0,1.1,,3.6,1.0,,3.3,0.9,,3.5,0.9,,3.5,0.9,,3.8,1.0,,3.8,1.1,,3.6,1.0,,3.6,1.1,,3.9,1.3,,3.7,1.1,,3.5,1.1,,3.9,1.2,,4.1,1.3,,4.1,1.4,,4.0,1.3,,3.5,1.2,,2.9,1.0,,2.6,0.9,,2.9,1.0,,3.3,1.1,,3.5,1.1,,4.4,1.2,,4.4,1.2,,3.8,0.9,,3.6,1.0
Harborough,E07000131,,3.1,0.9,,2.3,0.7,,2.1,0.7,,2.7,0.8,,2.6,0.7,,2.6,0.7,,2.4,0.7,,2.9,0.8,,2.1,0.5,,2.1,0.5,,2.3,0.6,,2.5,0.6,,2.6,0.6,,2.8,1.0,,3.1,1.2,,3.2,1.2,,3.5,1.2,,3.3,1.0,,3.0,0.8,,3.2,0.9,,3.2,1.0,,3.2,1.0,,3.2,1.0,,3.1,1.0,,3.4,1.0,,4.1,1.2,,4.8,1.3,,5.1,1.3,,5.2,1.3,,5.2,1.3,,4.9,1.2,,4.7,1.2,,4.7,1.4,,4.4,1.3,,4.4,1.3,,4.5,1.3,,4.5,1.3,,4.3,1.3,,4.0,1.3,,4.0,1.4,,3.8,1.3,,3.7,1.3,,3.8,1.3,,3.6,1.3,,3.7,1.4,,3.5,1.2,,3.3,1.1,,3.2,1.0,,2.8,0.9,,2.6,0.8,,2.6,0.8,,2.3,0.8,,2.3,0.8,,2.3,0.8,,2.1,0.7,,2.2,0.7,,2.4,0.8,,2.6,0.9,,2.8,0.9,,2.7,1.0,,3.0,1.1,,2.4,0.8,,2.3,0.8,,2.8,1.0,,3.2,1.2,,3.5,1.4,,3.5,1.4,,2.9,1.1,,2.3,0.9,,2.3,0.9,,2.7,1.1,,3.3,1.2,,3.8,1.2,,4.5,1.3,,4.1,1.2,,3.4,1.0,,3.2,1.0
Hinckley and Bosworth,E07000132,,3.6,0.9,,2.8,0.7,,3.3,0.9,,3.0,0.8,,3.0,0.8,,3.5,0.9,,3.3,0.9,,3.4,1.0,,2.9,0.7,,2.9,0.7,,3.0,0.7,,3.0,0.7,,3.3,0.7,,3.3,1.1,,3.5,1.2,,3.8,1.3,,4.0,1.2,,4.0,1.1,,3.7,1.0,,4.0,1.0,,3.7,1.0,,3.9,1.1,,3.9,1.1,,3.8,1.1,,4.2,1.2,,4.8,1.3,,5.1,1.4,,5.7,1.5,,5.8,1.4,,6.0,1.5,,6.9,1.7,,6.8,1.8,,6.7,1.9,,6.3,1.7,,6.4,1.8,,6.5,1.7,,7.6,2.1,,7.2,1.9,,6.8,1.8,,7.1,2.1,,6.0,1.8,,6.3,2.0,,6.4,2.0,,6.0,2.0,,5.9,2.0,,5.7,1.8,,4.6,1.5,,4.1,1.3,,4.0,1.3,,3.5,1.1,,3.6,1.2,,3.4,1.1,,3.1,1.0,,3.0,1.0,,2.8,0.8,,3.2,0.9,,3.2,0.9,,3.3,1.1,,3.5,1.1,,3.2,1.0,,3.7,1.3,,3.5,1.1,,3.3,1.2,,3.9,1.4,,3.9,1.4,,3.8,1.4,,3.5,1.3,,3.1,1.2,,3.0,1.1,,3.0,1.1,,3.5,1.2,,3.7,1.2,,4.0,1.2,,4.5,1.2,,3.9,1.1,,4.0,1.0,,3.7,1.1
Melton,E07000133,,4.0,1.2,,2.9,0.9,,2.6,0.9,,2.9,1.0,,2.8,0.9,,3.1,0.9,,3.0,0.9,,2.5,0.8,,2.6,0.6,,2.6,0.7,,2.8,0.7,,2.9,0.7,,3.0,0.7,,2.5,1.1,,2.9,1.3,,2.8,1.2,,3.1,1.3,,3.3,1.2,,3.4,1.1,,3.4,1.1,,3.5,1.2,,3.4,1.1,,3.5,1.2,,4.0,1.4,,4.2,1.5,,4.9,1.6,,5.2,1.8,,5.3,1.8,,5.2,1.7,,4.9,1.6,,4.6,1.5,,4.9,1.5,,5.0,1.6,,4.7,1.5,,5.0,1.6,,4.7,1.5,,5.2,1.6,,5.0,1.7,,5.2,1.8,,5.1,1.9,,4.7,1.8,,4.3,1.7,,4.3,1.7,,4.1,1.7,,4.3,1.8,,4.5,1.8,,3.7,1.5,,3.9,1.4,,3.9,1.4,,3.7,1.3,,4.0,1.4,,3.8,1.4,,3.4,1.2,,3.5,1.2,,3.2,1.1,,3.5,1.3,,3.9,1.4,,3.6,1.3,,3.9,1.3,,3.9,1.4,,4.1,1.6,,4.2,1.5,,3.9,1.5,,3.8,1.5,,4.0,1.6,,4.5,1.8,,4.6,1.8,,4.2,1.7,,3.6,1.4,,2.9,1.3,,3.1,1.3,,3.5,1.4,,4.4,1.6,,5.4,2.0,,5.1,1.9,,4.1,1.5,,4.0,1.6
North West Leicestershire,E07000134,,4.4,1.1,,3.6,0.9,,4.0,1.2,,3.8,1.1,,3.6,0.9,,3.6,0.9,,3.1,0.8,,3.0,0.9,,3.1,0.7,,3.2,0.8,,3.4,0.8,,3.3,0.8,,3.3,0.7,,3.1,1.1,,3.3,1.1,,3.6,1.2,,3.7,1.2,,3.7,1.0,,3.7,0.9,,3.4,0.9,,3.6,1.0,,4.2,1.2,,4.5,1.3,,4.3,1.2,,4.8,1.3,,5.2,1.3,,5.5,1.4,,6.1,1.4,,5.8,1.3,,5.6,1.3,,5.1,1.2,,4.9,1.2,,5.2,1.4,,5.0,1.3,,5.5,1.4,,5.4,1.5,,6.3,1.7,,6.2,1.7,,6.5,1.8,,6.7,2.0,,6.6,1.9,,6.7,2.0,,6.7,2.0,,7.0,2.2,,6.8,2.2,,6.4,1.9,,5.7,1.7,,4.8,1.4,,4.3,1.2,,4.1,1.2,,4.2,1.2,,3.9,1.1,,3.4,1.0,,3.1,1.0,,2.8,0.8,,3.0,0.9,,3.5,1.1,,3.5,1.3,,3.5,1.2,,3.1,1.1,,2.8,1.0,,2.7,0.9,,2.7,0.9,,3.7,1.3,,4.2,1.6,,4.2,1.6,,4.6,1.7,,3.7,1.4,,3.3,1.2,,3.0,1.1,,3.7,1.4,,4.2,1.5,,5.2,1.7,,6.2,1.8,,4.9,1.4,,4.5,1.2,,3.3,1.0
Oadby and Wigston,E07000135,,4.1,1.2,,3.4,1.0,,3.8,1.2,,3.9,1.3,,3.6,1.1,,3.3,1.0,,3.6,1.1,,4.2,1.4,,3.4,0.8,,3.6,0.8,,3.5,0.8,,3.8,0.8,,4.2,0.9,,4.4,1.8,,4.5,1.8,,4.5,1.8,,4.4,1.6,,4.4,1.5,,4.0,1.2,,4.1,1.3,,3.9,1.4,,4.3,1.5,,4.8,1.7,,4.9,1.6,,5.3,1.7,,5.8,1.7,,6.8,2.0,,7.1,1.9,,7.4,1.9,,7.3,2.0,,6.3,1.7,,6.9,2.0,,6.4,2.0,,6.4,2.0,,6.7,2.2,,5.5,1.8,,6.4,2.1,,6.0,1.9,,7.1,2.2,,7.6,2.5,,6.8,2.3,,6.5,2.2,,6.3,2.2,,6.3,2.2,,6.2,2.3,,6.4,2.1,,5.0,1.7,,4.4,1.5,,4.3,1.5,,4.5,1.6,,4.7,1.7,,4.6,1.7,,4.3,1.5,,3.9,1.4,,3.9,1.3,,3.7,1.2,,3.5,1.2,,3.6,1.4,,3.4,1.3,,3.5,1.4,,3.5,1.5,,2.7,1.1,,2.8,1.1,,3.1,1.3,,3.7,1.8,,3.8,1.8,,3.7,1.7,,3.2,1.5,,2.8,1.2,,2.6,1.2,,2.8,1.3,,2.9,1.3,,3.7,1.7,,5.0,2.2,,4.8,1.8,,4.5,1.7,,3.8,1.6
Boston,E07000136,,6.0,1.7,,4.8,1.5,,4.1,1.3,,4.3,1.5,,3.6,1.1,,3.8,1.2,,3.7,1.2,,3.6,1.2,,3.4,0.7,,3.8,0.8,,4.2,0.9,,4.6,1.0,,4.4,0.9,,4.0,1.4,,4.1,1.5,,4.8,1.7,,5.2,1.8,,5.3,1.7,,5.2,1.6,,4.9,1.5,,5.0,1.6,,4.8,1.5,,5.0,1.6,,4.6,1.4,,5.0,1.5,,6.1,1.8,,6.5,1.9,,7.0,2.0,,7.0,1.8,,7.1,1.9,,7.1,2.0,,7.3,2.1,,7.3,2.3,,7.3,2.2,,7.7,2.4,,7.1,2.1,,8.4,2.6,,8.3,2.6,,7.8,2.5,,7.4,2.5,,6.4,2.3,,5.8,2.1,,6.2,2.2,,6.1,2.4,,5.8,2.2,,5.5,2.0,,5.1,1.8,,5.6,1.9,,5.4,1.9,,5.6,2.0,,5.6,2.0,,5.0,1.8,,4.5,1.7,,4.1,1.5,,3.9,1.3,,4.1,1.3,,4.3,1.4,,4.6,1.6,,4.9,1.7,,4.5,1.7,,4.7,1.8,,3.9,1.4,,3.5,1.4,,3.5,1.5,,3.8,1.6,,4.1,1.8,,4.4,1.9,,4.5,1.9,,4.1,1.7,,3.5,1.6,,3.6,1.6,,3.9,1.8,,4.4,1.9,,5.4,2.4,,6.6,2.9,,5.9,2.5,,5.4,2.3
East Lindsey,E07000137,,7.3,1.7,,5.2,1.3,,4.5,1.3,,4.9,1.3,,4.7,1.1,,4.4,1.1,,4.3,1.2,,4.4,1.1,,3.9,0.8,,4.0,0.9,,4.0,0.9,,3.8,0.9,,4.0,0.9,,3.9,1.3,,4.2,1.4,,4.6,1.5,,5.3,1.6,,5.5,1.5,,5.2,1.3,,5.4,1.3,,5.3,1.4,,5.2,1.4,,5.5,1.5,,4.9,1.3,,5.1,1.3,,5.3,1.3,,5.5,1.4,,5.9,1.4,,5.9,1.4,,5.9,1.4,,6.0,1.5,,6.4,1.6,,6.7,1.8,,6.9,1.7,,7.2,1.8,,7.3,1.8,,7.5,1.9,,7.5,2.0,,7.3,1.9,,7.7,2.1,,7.4,2.1,,8.2,2.3,,8.5,2.4,,7.7,2.3,,7.6,2.2,,6.7,1.8,,6.6,1.7,,6.4,1.6,,6.1,1.5,,6.0,1.6,,5.4,1.5,,5.0,1.4,,4.9,1.5,,4.9,1.5,,4.5,1.2,,4.7,1.3,,4.7,1.3,,4.5,1.5,,4.6,1.4,,4.2,1.4,,4.3,1.5,,4.3,1.3,,4.3,1.4,,4.5,1.6,,4.9,1.9,,4.7,1.9,,4.8,1.9,,4.9,1.9,,4.3,1.6,,4.3,1.6,,4.9,1.9,,5.0,1.7,,5.2,1.6,,5.8,1.6,,6.0,1.7,,5.3,1.5,,6.1,1.9
Lincoln,E07000138,,11.4,2.8,,8.7,2.2,,6.8,2.0,,6.9,1.9,,5.6,1.4,,6.2,1.5,,5.6,1.4,,5.9,1.6,,5.8,1.2,,6.0,1.3,,5.9,1.2,,6.0,1.2,,6.1,1.2,,5.8,1.8,,5.9,1.8,,5.5,1.7,,6.0,1.8,,6.0,1.6,,6.0,1.4,,6.2,1.5,,6.7,1.7,,7.0,1.8,,7.3,2.0,,7.4,2.0,,8.3,2.2,,8.9,2.2,,9.1,2.3,,9.2,2.1,,8.6,1.9,,8.9,2.0,,8.5,1.9,,8.7,2.1,,7.8,2.1,,6.9,1.8,,7.7,2.0,,7.6,2.0,,9.6,2.4,,10.2,2.6,,11.0,2.8,,10.9,2.9,,9.9,2.8,,10.1,2.9,,9.3,2.6,,8.8,2.6,,8.3,2.6,,8.3,2.3,,8.0,2.3,,7.5,1.9,,7.2,1.9,,6.4,1.9,,5.9,1.8,,6.4,2.1,,6.4,2.0,,6.5,2.0,,6.1,1.7,,6.4,1.9,,6.3,1.9,,5.9,2.0,,6.1,1.9,,5.6,1.9,,5.9,2.1,,5.4,1.6,,5.5,1.8,,6.4,2.1,,6.6,2.3,,6.7,2.4,,6.1,2.2,,5.8,2.0,,5.5,1.9,,6.5,2.2,,6.3,2.2,,6.2,2.0,,7.6,2.3,,7.1,2.1,,8.1,2.4,,6.6,1.9,,5.1,1.5
North Kesteven,E07000139,,5.1,1.2,,3.8,1.0,,3.1,0.9,,3.3,0.9,,3.2,0.8,,3.3,0.8,,2.7,0.7,,2.8,0.8,,2.8,0.6,,2.8,0.7,,2.7,0.6,,2.9,0.6,,3.1,0.7,,3.3,1.1,,3.9,1.4,,3.6,1.2,,3.7,1.2,,3.8,1.1,,3.4,0.8,,3.8,1.0,,3.8,1.0,,3.8,1.0,,3.8,1.1,,4.0,1.0,,4.1,1.1,,4.3,1.1,,4.4,1.1,,4.6,1.1,,4.7,1.1,,4.9,1.2,,4.9,1.2,,4.8,1.2,,4.8,1.3,,5.0,1.3,,5.0,1.3,,5.2,1.4,,5.5,1.6,,5.5,1.6,,6.0,1.6,,5.7,1.6,,5.3,1.6,,5.4,1.6,,5.8,1.7,,5.6,1.7,,5.4,1.7,,4.9,1.4,,4.1,1.2,,3.8,1.1,,3.7,1.1,,3.7,1.1,,3.4,1.1,,3.4,1.1,,3.3,1.1,,3.1,1.0,,3.2,0.9,,3.4,1.0,,3.7,1.1,,3.7,1.2,,3.8,1.2,,3.5,1.2,,3.5,1.2,,3.2,1.0,,2.8,0.9,,3.3,1.1,,3.4,1.2,,3.5,1.3,,3.6,1.3,,3.0,1.1,,2.9,1.0,,2.5,0.9,,3.1,1.1,,3.5,1.2,,3.9,1.2,,4.6,1.3,,4.3,1.2,,3.7,1.1,,3.2,0.9
South Holland,E07000140,,4.2,1.2,,3.3,1.0,,3.3,1.0,,3.4,1.0,,3.0,0.8,,3.2,0.9,,2.7,0.8,,3.0,0.9,,3.2,0.7,,3.2,0.7,,3.4,0.8,,3.5,0.8,,3.8,0.8,,3.9,1.4,,4.5,1.6,,4.4,1.6,,4.8,1.6,,4.6,1.5,,4.6,1.4,,4.6,1.3,,4.3,1.3,,4.4,1.3,,4.4,1.4,,4.6,1.4,,5.2,1.5,,5.6,1.6,,6.0,1.7,,6.2,1.7,,6.3,1.6,,6.7,1.7,,6.6,1.7,,6.6,1.7,,6.6,1.9,,6.0,1.7,,6.3,1.7,,6.3,1.8,,6.3,1.8,,6.7,2.0,,6.9,2.1,,7.4,2.3,,8.1,2.5,,7.3,2.3,,7.2,2.2,,6.8,2.2,,6.4,2.2,,6.2,1.9,,5.3,1.6,,4.7,1.4,,4.5,1.3,,4.5,1.4,,4.6,1.4,,4.8,1.5,,3.9,1.3,,3.7,1.2,,3.6,1.1,,3.4,1.1,,3.8,1.2,,3.7,1.3,,3.7,1.2,,3.9,1.4,,4.1,1.5,,3.7,1.2,,3.5,1.2,,3.6,1.2,,3.9,1.4,,4.2,1.6,,4.3,1.6,,3.7,1.4,,3.3,1.2,,3.2,1.3,,3.8,1.5,,4.3,1.5,,4.8,1.6,,5.0,1.5,,4.3,1.3,,4.2,1.3,,3.9,1.3
South Kesteven,E07000141,,4.6,1.1,,3.9,0.9,,3.7,1.0,,3.1,0.9,,3.4,0.8,,3.0,0.7,,2.9,0.7,,2.7,0.7,,2.8,0.6,,3.0,0.7,,3.1,0.7,,3.4,0.8,,3.6,0.8,,3.4,1.1,,3.5,1.2,,3.8,1.2,,4.1,1.2,,4.3,1.1,,4.0,0.9,,3.9,0.9,,3.7,1.0,,4.0,1.0,,4.3,1.2,,4.3,1.1,,4.8,1.2,,5.1,1.3,,5.6,1.3,,5.8,1.3,,6.0,1.3,,6.0,1.3,,5.8,1.3,,5.9,1.3,,5.9,1.5,,5.8,1.4,,5.9,1.4,,5.6,1.3,,5.7,1.4,,5.6,1.4,,5.6,1.4,,6.4,1.7,,6.0,1.6,,5.7,1.5,,5.7,1.5,,5.9,1.6,,5.8,1.7,,5.7,1.5,,5.2,1.3,,4.3,1.1,,4.1,1.0,,4.2,1.2,,4.3,1.2,,4.2,1.2,,4.1,1.1,,3.8,1.1,,3.6,1.0,,3.7,1.0,,3.7,1.0,,3.5,1.1,,3.5,1.0,,3.3,1.0,,3.4,1.1,,3.1,0.9,,3.0,0.9,,3.4,1.1,,3.7,1.2,,3.7,1.3,,4.2,1.4,,3.6,1.3,,3.4,1.2,,3.2,1.1,,3.7,1.3,,3.8,1.3,,4.4,1.3,,5.1,1.4,,4.2,1.1,,4.1,1.0,,3.5,1.0
West Lindsey,E07000142,,5.7,1.5,,5.4,1.4,,5.4,1.5,,4.8,1.4,,4.0,1.1,,4.4,1.1,,4.4,1.2,,4.4,1.3,,3.8,0.8,,3.9,0.9,,3.9,0.9,,4.1,0.9,,4.2,0.9,,4.0,1.4,,4.4,1.5,,4.2,1.5,,4.6,1.5,,4.4,1.3,,4.1,1.1,,4.2,1.1,,4.4,1.3,,4.9,1.4,,5.5,1.6,,5.4,1.5,,5.8,1.6,,6.3,1.7,,6.7,1.8,,7.1,1.9,,7.6,1.9,,7.5,2.0,,7.0,1.8,,7.2,1.8,,7.0,1.9,,7.2,1.9,,7.5,1.9,,7.9,2.0,,8.5,2.2,,8.0,2.1,,8.2,2.3,,8.4,2.4,,8.0,2.3,,8.2,2.4,,8.4,2.5,,7.9,2.5,,7.9,2.6,,7.2,2.2,,6.4,1.9,,5.5,1.6,,5.6,1.6,,5.6,1.7,,5.6,1.6,,5.8,1.7,,5.0,1.5,,4.7,1.4,,4.3,1.2,,4.1,1.2,,4.3,1.3,,4.5,1.6,,5.1,1.7,,4.8,1.7,,5.1,1.8,,4.2,1.3,,3.7,1.3,,4.4,1.5,,4.5,1.7,,4.6,1.7,,4.5,1.7,,4.3,1.6,,3.8,1.4,,4.1,1.6,,4.3,1.6,,4.7,1.6,,5.5,1.7,,5.8,1.7,,5.5,1.7,,5.0,1.6,,4.2,1.3
Corby,E07000150,,8.0,2.2,,5.7,1.7,,5.2,1.7,,5.0,1.6,,4.7,1.5,,5.5,1.8,,4.8,1.7,,6.1,2.1,,4.8,1.0,,4.6,1.0,,5.0,1.0,,5.1,1.1,,5.4,1.1,,6.0,2.2,,5.6,2.1,,5.5,2.1,,5.6,2.1,,5.3,1.9,,5.5,1.8,,5.6,1.7,,6.4,2.0,,5.8,1.8,,6.0,1.9,,5.9,1.8,,6.4,1.9,,7.5,2.2,,8.0,2.3,,9.3,2.7,,8.8,2.4,,8.5,2.3,,8.4,2.3,,8.7,2.4,,8.7,2.5,,8.8,2.4,,8.6,2.4,,8.3,2.4,,8.5,2.5,,8.2,2.4,,8.0,2.3,,7.6,2.3,,7.7,2.5,,8.3,2.7,,9.7,3.2,,10.8,3.5,,9.5,3.2,,9.0,2.7,,8.6,2.6,,7.6,2.3,,7.4,2.1,,6.1,1.9,,5.6,1.8,,5.9,1.9,,5.6,1.8,,5.7,1.9,,5.0,1.6,,4.3,1.5,,4.5,1.6,,4.2,1.6,,4.4,1.7,,4.1,1.7,,4.5,1.8,,4.5,1.6,,4.9,1.8,,4.9,1.8,,5.1,1.9,,5.1,2.1,,4.4,1.8,,4.3,1.7,,3.6,1.4,,3.6,1.5,,3.9,1.6,,4.2,1.6,,5.0,1.9,,5.7,2.0,,5.4,2.0,,4.8,1.7,,4.1,1.5
Daventry,E07000151,,3.7,1.0,,3.1,0.8,,2.9,0.9,,2.7,0.8,,2.5,0.8,,3.3,1.0,,3.1,1.0,,3.1,1.0,,3.1,0.7,,3.2,0.7,,3.1,0.7,,3.2,0.7,,3.4,0.7,,2.8,1.0,,3.2,1.2,,3.2,1.2,,3.5,1.2,,3.6,1.1,,3.4,0.9,,3.4,0.9,,3.6,1.1,,4.2,1.3,,4.3,1.4,,4.5,1.4,,4.7,1.4,,4.9,1.4,,5.7,1.5,,5.8,1.5,,5.8,1.4,,6.2,1.4,,5.8,1.4,,6.0,1.5,,5.8,1.6,,5.6,1.6,,5.3,1.6,,5.2,1.5,,6.0,1.7,,5.6,1.8,,6.1,1.9,,6.6,2.3,,5.9,2.1,,5.6,2.0,,5.6,1.9,,5.3,1.8,,5.0,1.8,,5.0,1.7,,4.3,1.5,,3.9,1.3,,3.4,1.2,,3.4,1.3,,3.5,1.3,,3.4,1.2,,3.1,1.1,,2.8,1.0,,3.2,1.0,,3.4,1.0,,3.6,1.1,,3.6,1.2,,4.1,1.3,,4.4,1.6,,4.9,1.9,,4.5,1.4,,3.4,1.2,,3.4,1.2,,3.3,1.2,,3.4,1.4,,3.8,1.5,,3.5,1.4,,3.2,1.2,,3.2,1.3,,3.4,1.3,,4.3,1.6,,5.0,1.7,,5.5,1.8,,5.2,1.7,,3.9,1.2,,3.1,1.0
East Northamptonshire,E07000152,,4.2,1.1,,3.3,1.0,,3.7,1.1,,3.5,1.0,,3.3,0.9,,3.2,0.9,,2.9,0.8,,3.6,1.1,,3.0,0.7,,2.9,0.7,,2.9,0.7,,3.1,0.7,,3.2,0.7,,3.4,1.2,,3.7,1.3,,4.1,1.4,,4.2,1.3,,4.2,1.2,,4.1,1.1,,4.1,1.1,,4.1,1.1,,4.4,1.2,,4.7,1.3,,4.7,1.3,,5.0,1.4,,5.8,1.6,,6.2,1.6,,6.2,1.6,,6.5,1.5,,6.0,1.4,,5.6,1.4,,5.6,1.4,,5.4,1.5,,5.2,1.4,,5.2,1.4,,5.0,1.4,,5.5,1.5,,6.0,1.7,,6.3,1.8,,6.7,2.1,,6.3,2.0,,6.5,2.0,,6.4,2.0,,6.5,2.0,,6.7,2.2,,5.2,1.6,,4.5,1.4,,3.8,1.1,,3.3,1.0,,3.4,1.1,,3.4,1.0,,3.5,1.1,,3.5,1.1,,3.2,1.1,,2.9,0.9,,3.0,1.0,,3.4,1.1,,3.5,1.3,,3.6,1.2,,3.7,1.3,,3.5,1.3,,3.1,1.0,,2.9,1.0,,3.1,1.1,,3.2,1.1,,3.5,1.3,,3.5,1.3,,2.9,1.1,,2.5,1.0,,2.5,1.0,,2.8,1.1,,3.4,1.3,,4.1,1.3,,4.4,1.3,,4.3,1.2,,3.9,1.1,,3.6,1.1
Kettering,E07000153,,4.9,1.3,,3.9,1.1,,3.6,1.1,,4.3,1.2,,3.4,0.9,,3.3,0.9,,2.9,0.9,,3.6,1.2,,3.4,0.8,,3.4,0.8,,3.8,0.8,,3.8,0.8,,4.0,0.8,,4.0,1.3,,4.4,1.5,,4.7,1.5,,5.0,1.5,,4.9,1.3,,4.5,1.2,,4.4,1.1,,3.9,1.1,,4.2,1.2,,4.8,1.4,,5.1,1.4,,6.0,1.7,,6.7,1.8,,6.9,1.8,,7.5,1.8,,7.6,1.7,,7.7,1.7,,7.2,1.7,,7.0,1.7,,6.4,1.8,,6.1,1.8,,6.4,1.9,,5.5,1.6,,6.4,1.9,,6.6,1.9,,7.1,2.0,,7.2,2.2,,7.0,2.1,,6.9,2.2,,6.9,2.2,,6.5,2.1,,6.0,2.1,,6.0,1.8,,5.5,1.7,,5.6,1.7,,5.4,1.6,,5.5,1.7,,5.4,1.6,,5.2,1.5,,4.7,1.4,,3.9,1.2,,3.6,1.0,,3.8,1.1,,4.0,1.2,,4.4,1.5,,4.5,1.4,,4.2,1.4,,4.3,1.6,,4.0,1.3,,3.8,1.3,,4.4,1.6,,4.9,1.8,,5.1,1.9,,4.9,1.8,,4.5,1.7,,3.9,1.4,,3.2,1.3,,3.3,1.3,,2.9,1.1,,4.0,1.4,,4.9,1.5,,4.8,1.4,,5.0,1.4,,4.3,1.3
Northampton,E07000154,,6.3,1.3,,5.3,1.2,,5.3,1.3,,4.7,1.1,,4.1,0.9,,4.4,0.9,,4.2,1.0,,4.7,1.1,,3.9,0.9,,3.8,0.9,,4.2,0.9,,4.4,1.0,,4.9,1.0,,4.8,1.3,,5.1,1.5,,5.5,1.5,,5.3,1.4,,5.0,1.2,,4.8,1.0,,4.6,1.0,,4.5,1.0,,4.8,1.1,,5.0,1.2,,5.3,1.2,,5.8,1.3,,6.8,1.4,,7.3,1.5,,8.1,1.6,,8.8,1.6,,9.0,1.6,,8.4,1.5,,8.6,1.6,,8.0,1.7,,7.2,1.5,,7.7,1.5,,7.9,1.6,,8.1,1.7,,7.7,1.7,,8.2,1.8,,7.7,1.8,,7.4,1.8,,7.8,1.9,,8.4,2.0,,8.6,2.1,,8.3,2.1,,7.7,1.7,,6.7,1.5,,6.1,1.4,,5.8,1.3,,5.5,1.3,,5.3,1.3,,5.0,1.2,,4.5,1.1,,4.2,1.1,,4.0,0.9,,4.2,1.0,,4.3,1.1,,4.6,1.3,,4.7,1.2,,4.7,1.3,,5.2,1.5,,4.5,1.2,,4.2,1.2,,4.7,1.3,,5.1,1.5,,5.1,1.6,,5.2,1.6,,4.5,1.5,,4.1,1.3,,4.4,1.4,,4.7,1.5,,4.9,1.4,,5.4,1.4,,5.9,1.4,,6.2,1.5,,6.0,1.4,,5.3,1.3
South Northamptonshire,E07000155,,3.1,0.9,,2.4,0.7,,2.2,0.7,,2.1,0.6,,1.9,0.6,,2.2,0.6,,2.2,0.7,,2.2,0.7,,2.1,0.5,,2.2,0.6,,2.3,0.5,,2.3,0.5,,2.4,0.5,,1.9,0.7,,2.2,0.8,,2.4,0.9,,2.7,0.9,,2.9,0.8,,2.7,0.7,,2.6,0.7,,2.6,0.8,,2.7,0.8,,2.8,0.9,,3.0,0.9,,3.1,0.9,,3.6,1.0,,4.0,1.1,,4.4,1.1,,4.8,1.2,,4.7,1.2,,4.7,1.2,,4.5,1.2,,4.5,1.3,,4.5,1.2,,4.6,1.2,,4.5,1.2,,4.8,1.3,,4.7,1.3,,4.3,1.2,,4.3,1.3,,3.7,1.2,,3.0,1.0,,3.0,1.0,,2.9,1.0,,2.8,1.0,,2.9,0.9,,2.7,0.8,,2.6,0.8,,2.3,0.7,,2.4,0.8,,2.4,0.8,,2.3,0.8,,2.4,0.8,,2.2,0.7,,2.2,0.7,,2.2,0.7,,2.3,0.7,,2.4,0.8,,2.5,0.8,,2.6,0.9,,2.9,1.1,,2.4,0.8,,2.4,0.9,,2.8,1.0,,2.7,1.0,,2.9,1.1,,2.6,1.0,,2.2,0.9,,2.0,0.8,,2.0,0.8,,2.4,1.0,,3.3,1.2,,3.8,1.3,,4.3,1.3,,4.2,1.3,,3.5,1.0,,2.9,0.9
Wellingborough,E07000156,,5.6,1.5,,4.6,1.3,,3.9,1.2,,4.1,1.2,,3.1,0.9,,3.6,1.0,,3.7,1.2,,3.9,1.3,,3.5,0.8,,3.6,0.9,,3.5,0.8,,3.8,0.8,,4.2,0.9,,4.8,1.6,,4.8,1.7,,5.1,1.8,,4.7,1.5,,4.6,1.3,,4.6,1.2,,4.4,1.2,,4.3,1.2,,4.5,1.3,,5.0,1.5,,5.1,1.5,,6.2,1.8,,7.2,2.1,,7.7,2.2,,8.2,2.2,,8.2,2.2,,7.6,1.9,,7.1,1.8,,7.1,1.8,,6.9,1.9,,6.7,1.8,,6.6,1.8,,6.7,1.9,,7.5,2.0,,7.4,2.1,,8.7,2.5,,8.4,2.6,,8.4,2.7,,9.8,3.0,,9.4,2.8,,9.2,2.8,,8.7,2.8,,7.9,2.4,,6.8,2.0,,6.0,1.8,,5.4,1.5,,4.8,1.5,,4.9,1.4,,4.9,1.4,,4.6,1.4,,4.2,1.3,,4.0,1.2,,4.8,1.4,,5.2,1.6,,5.4,1.8,,5.2,1.6,,4.5,1.5,,4.4,1.6,,4.1,1.3,,3.6,1.2,,4.1,1.4,,4.2,1.6,,4.4,1.7,,4.4,1.7,,4.1,1.7,,3.9,1.5,,3.1,1.3,,3.2,1.4,,3.4,1.4,,4.2,1.6,,5.0,1.7,,5.4,1.8,,5.3,1.7,,5.1,1.6
Ashfield,E07000170,,8.6,2.0,,7.4,1.8,,6.5,1.7,,6.3,1.6,,5.3,1.2,,6.1,1.4,,4.5,1.2,,4.9,1.3,,4.6,1.0,,4.6,1.0,,4.9,1.1,,4.7,1.0,,5.1,1.1,,5.4,1.7,,5.0,1.7,,5.3,1.8,,5.4,1.6,,5.3,1.5,,5.4,1.3,,6.0,1.5,,6.3,1.7,,6.5,1.7,,6.7,1.9,,6.3,1.7,,6.5,1.8,,6.9,1.8,,7.1,1.9,,7.4,1.8,,7.4,1.8,,7.1,1.6,,7.3,1.7,,8.1,1.9,,8.3,2.1,,9.1,2.2,,9.1,2.2,,9.3,2.3,,9.9,2.4,,10.4,2.7,,10.2,2.6,,9.6,2.6,,9.6,2.7,,8.8,2.5,,9.3,2.6,,9.0,2.7,,7.9,2.5,,7.9,2.2,,7.3,2.1,,6.9,1.9,,6.5,1.8,,5.5,1.7,,5.1,1.6,,5.1,1.5,,5.2,1.5,,5.1,1.5,,4.7,1.3,,4.6,1.3,,4.6,1.4,,4.7,1.6,,5.0,1.5,,4.6,1.6,,4.7,1.6,,4.3,1.3,,4.6,1.5,,4.6,1.5,,5.0,1.8,,5.0,1.8,,4.3,1.6,,3.9,1.4,,3.3,1.2,,3.5,1.3,,4.1,1.5,,4.8,1.6,,5.8,1.8,,6.1,1.8,,5.5,1.6,,4.4,1.3,,3.5,1.2
Bassetlaw,E07000171,,8.6,2.0,,7.8,1.9,,6.8,1.8,,7.2,1.9,,5.6,1.4,,6.4,1.5,,4.8,1.2,,4.7,1.2,,4.5,1.0,,4.7,1.0,,4.9,1.0,,4.6,1.0,,4.8,1.0,,5.0,1.6,,5.3,1.8,,5.3,1.8,,5.5,1.7,,5.4,1.5,,5.0,1.3,,4.9,1.3,,4.4,1.3,,4.5,1.3,,4.5,1.4,,4.8,1.4,,5.4,1.5,,6.0,1.6,,6.5,1.6,,7.1,1.7,,7.0,1.7,,7.0,1.6,,6.8,1.6,,6.8,1.6,,6.8,1.8,,7.4,1.9,,7.8,1.9,,7.8,1.9,,8.8,2.2,,8.3,2.1,,8.3,2.1,,8.1,2.2,,8.0,2.2,,8.1,2.2,,7.8,2.2,,7.6,2.3,,6.6,2.1,,6.8,1.9,,6.7,1.9,,6.5,1.9,,6.3,1.9,,5.0,1.6,,4.9,1.6,,5.3,1.8,,5.1,1.7,,5.3,1.7,,4.6,1.4,,4.5,1.4,,4.6,1.4,,5.0,1.7,,5.1,1.6,,4.7,1.6,,4.5,1.6,,3.9,1.2,,4.3,1.4,,4.5,1.6,,5.2,1.9,,5.4,2.0,,4.8,1.8,,4.1,1.5,,3.5,1.3,,3.6,1.4,,4.0,1.6,,4.6,1.7,,5.4,1.9,,5.2,1.7,,4.8,1.6,,4.4,1.4,,3.6,1.2
Broxtowe,E07000172,,6.4,1.5,,4.9,1.2,,5.2,1.4,,4.4,1.2,,4.0,1.0,,3.8,1.0,,3.6,0.9,,3.6,1.0,,3.7,0.8,,3.6,0.9,,3.5,0.8,,3.6,0.8,,3.6,0.8,,3.4,1.1,,4.2,1.4,,4.4,1.4,,5.0,1.5,,5.1,1.4,,4.6,1.2,,4.8,1.2,,4.3,1.2,,4.7,1.3,,4.9,1.4,,4.9,1.3,,5.4,1.4,,6.0,1.5,,6.5,1.6,,6.6,1.6,,6.9,1.5,,6.7,1.5,,6.3,1.4,,7.0,1.6,,7.0,1.8,,6.5,1.6,,7.1,1.8,,6.8,1.8,,7.5,2.0,,7.5,2.0,,7.7,2.1,,7.7,2.3,,6.8,2.0,,6.9,2.1,,6.8,2.0,,7.6,2.3,,7.3,2.3,,6.9,2.0,,6.2,1.9,,5.4,1.6,,5.8,1.8,,5.8,1.8,,5.5,1.7,,4.8,1.5,,4.3,1.3,,3.8,1.2,,3.4,1.0,,3.6,1.1,,3.4,1.1,,3.7,1.3,,4.4,1.5,,3.9,1.4,,4.1,1.5,,4.0,1.3,,4.0,1.3,,4.5,1.5,,4.8,1.7,,4.9,1.7,,4.2,1.5,,3.7,1.3,,3.7,1.3,,3.1,1.1,,3.3,1.2,,3.8,1.3,,4.1,1.3,,5.0,1.5,,5.2,1.6,,4.3,1.3,,4.0,1.2
Gedling,E07000173,,6.4,1.5,,5.1,1.2,,5.6,1.4,,4.9,1.3,,3.7,0.9,,3.5,0.9,,3.7,1.0,,4.3,1.1,,3.7,0.8,,3.8,0.9,,3.9,0.9,,3.8,0.9,,4.0,0.9,,3.6,1.2,,3.8,1.3,,3.9,1.3,,4.3,1.3,,4.1,1.1,,4.0,1.0,,4.0,1.0,,3.9,1.1,,4.4,1.2,,4.6,1.3,,5.1,1.4,,5.3,1.4,,5.7,1.5,,6.0,1.5,,6.3,1.5,,6.4,1.5,,6.7,1.5,,6.6,1.6,,6.4,1.5,,6.4,1.7,,6.2,1.6,,6.6,1.8,,6.8,1.8,,7.6,2.0,,7.2,1.9,,7.4,2.0,,7.5,2.1,,7.4,2.1,,7.7,2.2,,8.4,2.3,,7.9,2.3,,7.2,2.2,,7.1,1.9,,5.9,1.7,,5.7,1.6,,5.3,1.5,,5.4,1.6,,5.2,1.5,,4.9,1.5,,4.6,1.4,,3.9,1.2,,3.9,1.1,,4.3,1.2,,4.5,1.3,,4.6,1.5,,4.3,1.4,,3.7,1.3,,4.1,1.4,,3.9,1.2,,3.6,1.2,,4.0,1.3,,4.2,1.5,,4.5,1.6,,4.6,1.6,,4.3,1.5,,3.6,1.2,,3.4,1.2,,3.6,1.3,,3.8,1.3,,4.6,1.3,,6.1,1.7,,6.4,1.8,,5.6,1.5,,5.0,1.5
Mansfield,E07000174,,8.6,2.1,,8.0,2.0,,7.0,1.8,,7.0,1.8,,6.1,1.5,,6.2,1.5,,5.4,1.4,,5.9,1.6,,4.7,1.0,,4.9,1.1,,5.5,1.2,,6.1,1.3,,6.7,1.4,,7.4,2.3,,7.7,2.4,,6.6,2.1,,6.1,1.9,,6.2,1.8,,5.5,1.5,,5.8,1.5,,5.9,1.6,,5.8,1.6,,5.9,1.7,,5.9,1.6,,6.0,1.7,,6.4,1.7,,6.9,1.8,,7.9,2.0,,8.1,2.0,,8.1,1.9,,7.5,1.9,,7.1,1.8,,8.1,2.2,,9.1,2.5,,10.3,2.6,,10.4,2.6,,11.0,2.7,,11.0,2.8,,10.6,2.7,,10.1,2.7,,9.3,2.6,,8.1,2.3,,8.6,2.5,,8.8,2.6,,9.8,3.0,,9.8,2.7,,8.3,2.3,,7.8,2.2,,6.3,1.8,,5.8,1.9,,5.7,1.8,,5.6,1.8,,5.0,1.5,,5.1,1.5,,5.0,1.4,,5.2,1.5,,5.2,1.5,,5.2,1.8,,5.3,1.7,,5.1,1.8,,5.4,2.0,,4.3,1.4,,4.7,1.6,,4.4,1.6,,4.9,1.9,,5.8,2.2,,5.3,2.1,,4.9,1.8,,4.0,1.5,,3.9,1.5,,4.3,1.7,,5.0,1.8,,6.5,2.1,,7.3,2.2,,6.6,2.0,,6.4,2.0,,5.7,1.9
Newark and Sherwood,E07000175,,7.0,1.6,,5.3,1.3,,5.0,1.3,,4.5,1.2,,4.3,1.1,,4.2,1.0,,3.8,1.0,,3.9,1.1,,3.3,0.7,,3.4,0.8,,3.4,0.8,,3.7,0.8,,3.8,0.8,,3.5,1.2,,3.8,1.3,,4.4,1.4,,4.6,1.4,,5.0,1.3,,4.5,1.1,,4.4,1.1,,4.5,1.2,,4.7,1.3,,5.1,1.4,,4.4,1.3,,5.0,1.4,,5.1,1.3,,5.4,1.4,,5.5,1.3,,5.7,1.3,,5.7,1.2,,5.5,1.3,,5.7,1.4,,5.7,1.5,,5.8,1.5,,6.2,1.6,,6.4,1.6,,6.4,1.7,,6.4,1.7,,6.7,1.8,,7.1,2.0,,7.0,2.0,,6.9,2.0,,6.8,1.9,,6.0,1.8,,5.5,1.7,,5.6,1.6,,5.1,1.5,,5.4,1.6,,5.4,1.6,,5.5,1.7,,5.2,1.6,,5.1,1.5,,4.8,1.4,,4.5,1.4,,4.5,1.3,,4.2,1.2,,4.0,1.2,,4.1,1.3,,4.1,1.2,,4.0,1.3,,4.0,1.4,,3.4,1.0,,3.2,1.0,,3.8,1.2,,4.5,1.6,,5.0,1.8,,5.5,1.9,,4.4,1.6,,4.1,1.4,,3.9,1.4,,4.3,1.6,,4.6,1.6,,5.0,1.7,,5.5,1.7,,5.3,1.6,,5.4,1.6,,4.7,1.5
Rushcliffe,E07000176,,5.3,1.3,,4.2,1.1,,3.5,1.0,,3.3,0.9,,3.1,0.8,,3.6,0.9,,3.4,0.9,,2.9,0.8,,2.7,0.6,,2.9,0.7,,3.0,0.7,,3.0,0.7,,3.2,0.7,,3.1,1.1,,2.9,1.0,,2.8,1.0,,3.1,1.0,,3.3,0.9,,3.3,0.8,,3.3,0.8,,3.2,0.9,,3.3,0.9,,3.6,1.1,,3.5,1.0,,3.8,1.1,,4.1,1.1,,4.4,1.2,,4.8,1.2,,4.7,1.1,,4.8,1.2,,4.5,1.1,,4.9,1.2,,4.9,1.3,,5.1,1.3,,5.4,1.4,,5.3,1.4,,6.0,1.6,,5.2,1.5,,5.3,1.5,,5.4,1.6,,5.0,1.5,,4.6,1.4,,4.7,1.4,,4.6,1.5,,4.6,1.5,,4.5,1.3,,4.1,1.2,,3.7,1.1,,3.6,1.1,,3.8,1.2,,3.8,1.1,,3.6,1.1,,3.1,0.9,,2.9,0.9,,2.8,0.8,,3.1,0.9,,3.2,1.0,,3.5,1.2,,3.4,1.1,,3.3,1.1,,3.5,1.2,,2.8,0.9,,2.5,0.8,,3.2,1.2,,3.4,1.3,,3.4,1.3,,3.5,1.3,,2.6,1.0,,2.4,0.9,,2.3,0.9,,2.8,1.1,,3.6,1.3,,4.1,1.3,,4.8,1.4,,4.3,1.2,,3.4,0.9,,3.1,0.9
"Herefordshire, County of",E06000019,,6.2,1.3,,5.2,1.1,,4.6,1.1,,5.1,1.3,,4.2,0.7,,3.6,0.6,,4.0,0.7,,3.6,0.7,,3.0,0.6,,3.1,0.6,,3.0,0.6,,3.0,0.6,,3.3,0.6,,3.3,0.8,,3.5,0.9,,3.7,0.9,,3.3,0.8,,3.5,0.7,,3.4,0.6,,3.4,0.6,,3.5,0.7,,3.7,0.8,,3.9,0.8,,3.9,0.8,,4.2,0.8,,4.4,0.8,,4.7,0.9,,5.2,0.9,,5.4,0.9,,5.3,0.8,,5.5,0.9,,5.3,0.9,,5.3,1.0,,5.4,0.9,,5.0,0.9,,5.3,0.9,,5.7,1.0,,5.7,1.0,,5.9,1.1,,5.7,1.1,,5.4,1.1,,5.5,1.1,,5.5,1.0,,5.4,1.1,,5.4,1.1,,5.0,0.9,,4.5,0.9,,4.0,0.8,,3.6,0.7,,3.4,0.7,,3.3,0.6,,3.2,0.6,,3.3,0.6,,3.3,0.7,,3.5,0.6,,3.6,0.7,,3.8,0.8,,3.7,0.8,,3.5,0.8,,3.4,0.8,,3.1,0.8,,3.1,0.7,,2.8,0.7,,2.7,0.7,,2.7,0.7,,2.5,0.7,,2.4,0.7,,2.2,0.6,,2.6,0.7,,2.5,0.7,,2.8,0.8,,3.2,0.8,,3.2,0.8,,3.5,0.7,,3.4,0.8,,3.2,0.7,,3.4,0.7
Shropshire,E06000051,,:,:,,:,:,,:,:,,:,:,,:,:,,:,:,,:,:,,:,:,,3.0,:,,3.0,:,,2.9,:,,2.8,:,,2.9,:,,3.0,:,,3.4,:,,3.5,:,,3.6,:,,3.7,:,,3.6,:,,3.6,:,,3.6,:,,3.9,:,,3.9,:,,3.9,:,,4.3,:,,4.6,:,,5.2,:,,5.6,:,,5.7,:,,5.5,:,,5.4,:,,5.4,:,,5.2,:,,5.4,:,,5.4,:,,5.7,:,,6.2,:,,6.2,:,,6.2,:,,5.9,:,,5.7,:,,5.6,:,,5.8,:,,5.6,:,,5.3,:,,5.0,:,,4.6,:,,4.5,:,,4.2,:,,4.2,:,,4.0,:,,3.6,:,,3.4,:,,3.3,:,,3.3,:,,3.3,:,,3.4,:,,3.4,:,,3.3,:,,3.5,:,,3.4,:,,3.3,:,,3.0,:,,2.8,:,,2.9,:,,2.9,:,,3.1,:,,2.9,:,,3.1,:,,3.0,:,,3.0,:,,3.5,:,,3.7,:,,4.0,:,,3.8,:,,3.6,:,,3.7,:
Stoke-on-Trent,E06000021,,8.3,1.5,,7.7,1.5,,8.0,1.7,,8.1,1.7,,6.4,1.0,,6.9,1.1,,6.6,1.1,,6.1,1.0,,5.2,1.0,,5.3,1.0,,5.3,1.0,,5.5,1.0,,5.6,1.0,,5.7,1.2,,5.8,1.2,,5.3,1.1,,5.1,1.1,,5.5,1.0,,6.0,1.0,,6.5,1.0,,6.7,1.1,,6.5,1.1,,6.7,1.2,,6.4,1.1,,7.3,1.2,,8.3,1.3,,8.9,1.3,,10.0,1.4,,10.3,1.3,,10.0,1.3,,10.0,1.3,,10.3,1.4,,9.7,1.5,,10.5,1.5,,10.5,1.5,,10.6,1.5,,10.9,1.6,,10.0,1.5,,9.9,1.5,,8.9,1.5,,8.6,1.6,,8.7,1.6,,8.6,1.6,,9.6,1.8,,9.5,1.8,,10.0,1.7,,9.2,1.6,,8.2,1.5,,7.6,1.4,,6.4,1.3,,6.4,1.3,,5.8,1.2,,6.3,1.2,,6.4,1.2,,6.3,1.1,,6.2,1.1,,5.5,1.0,,5.7,1.2,,5.6,1.1,,5.6,1.2,,6.0,1.3,,5.2,1.0,,5.4,1.1,,5.5,1.2,,6.0,1.3,,5.8,1.3,,5.3,1.3,,4.9,1.2,,4.7,1.1,,4.9,1.1,,4.7,1.2,,5.1,1.2,,5.2,1.1,,5.3,1.1,,4.9,1.0,,4.6,0.9,,4.3,0.9
Telford and Wrekin,E06000020,,7.2,1.6,,5.6,1.3,,5.6,1.3,,5.5,1.3,,5.3,0.9,,4.7,0.8,,5.0,0.9,,4.3,0.8,,4.0,0.8,,3.8,0.8,,4.0,0.8,,4.0,0.8,,4.0,0.8,,4.6,1.0,,4.6,1.1,,4.8,1.1,,5.0,1.1,,5.0,1.0,,5.1,0.9,,5.3,1.0,,5.8,1.1,,5.6,1.1,,5.7,1.1,,5.4,1.0,,5.5,1.0,,6.1,1.1,,7.0,1.2,,8.0,1.2,,8.5,1.2,,8.1,1.2,,7.7,1.1,,8.0,1.2,,8.2,1.4,,9.4,1.4,,9.1,1.4,,9.2,1.4,,9.4,1.4,,8.6,1.4,,8.4,1.4,,8.0,1.4,,8.4,1.5,,8.4,1.5,,9.3,1.6,,9.4,1.6,,8.1,1.5,,7.6,1.3,,6.7,1.2,,6.2,1.1,,5.8,1.0,,5.6,1.1,,5.3,1.0,,5.0,1.0,,5.0,1.0,,4.7,0.9,,4.9,0.9,,4.8,0.9,,4.6,0.9,,4.7,1.1,,4.3,0.9,,4.5,1.0,,4.7,1.1,,4.5,0.9,,4.8,1.0,,4.2,1.0,,3.9,1.0,,3.6,1.0,,3.1,0.9,,3.6,0.9,,3.8,0.9,,4.4,1.0,,4.8,1.2,,4.8,1.1,,5.1,1.1,,4.9,1.0,,4.8,1.1,,4.3,0.9,,3.9,0.9
Cannock Chase,E07000192,,7.9,1.9,,6.7,1.6,,6.4,1.7,,5.6,1.5,,5.1,1.2,,4.5,1.1,,4.6,1.2,,4.0,1.1,,4.6,1.0,,4.5,1.0,,4.2,0.9,,4.0,0.9,,4.1,0.9,,4.5,1.5,,4.4,1.6,,4.1,1.4,,4.2,1.4,,4.2,1.3,,4.2,1.2,,4.9,1.3,,5.1,1.5,,5.3,1.5,,5.3,1.6,,5.6,1.7,,6.2,1.7,,7.1,1.9,,8.5,2.1,,9.2,2.2,,9.9,2.2,,8.9,2.1,,7.6,1.8,,7.7,1.7,,7.2,1.8,,7.9,1.8,,8.5,2.0,,8.6,2.1,,9.3,2.3,,9.3,2.4,,8.9,2.4,,8.2,2.3,,7.6,2.3,,6.8,2.1,,7.3,2.3,,7.1,2.5,,6.2,2.3,,6.1,2.0,,5.4,1.7,,5.2,1.6,,4.9,1.5,,4.3,1.4,,4.2,1.4,,3.6,1.2,,4.0,1.2,,4.1,1.3,,3.7,1.1,,4.0,1.1,,3.9,1.2,,4.2,1.4,,4.2,1.3,,4.1,1.4,,3.6,1.3,,3.4,1.1,,3.7,1.3,,3.6,1.3,,3.8,1.5,,3.6,1.5,,2.8,1.2,,2.8,1.2,,2.7,1.1,,2.8,1.1,,3.3,1.4,,3.4,1.5,,4.1,1.5,,4.1,1.5,,3.9,1.3,,3.8,1.2,,3.8,1.2
East Staffordshire,E07000193,,7.7,1.8,,6.1,1.5,,5.4,1.4,,6.2,1.7,,5.6,1.3,,4.0,1.0,,3.9,1.1,,3.7,0.9,,3.7,0.8,,3.6,0.8,,3.7,0.8,,3.5,0.8,,3.5,0.8,,3.5,1.2,,3.8,1.3,,4.0,1.3,,4.2,1.3,,4.1,1.2,,4.1,1.1,,4.4,1.1,,4.5,1.2,,4.4,1.2,,4.3,1.3,,4.3,1.2,,4.9,1.3,,5.4,1.4,,6.3,1.5,,6.8,1.5,,6.9,1.5,,6.6,1.4,,6.5,1.4,,6.5,1.5,,6.3,1.6,,6.7,1.5,,6.1,1.5,,6.0,1.5,,6.6,1.6,,6.5,1.7,,6.3,1.6,,5.9,1.6,,5.7,1.7,,5.5,1.7,,5.6,1.7,,5.4,1.7,,4.6,1.6,,4.5,1.4,,4.3,1.3,,4.4,1.3,,4.2,1.3,,3.8,1.2,,3.6,1.2,,3.2,1.1,,3.6,1.1,,3.5,1.0,,3.9,1.0,,4.0,1.0,,3.7,1.1,,3.8,1.3,,3.6,1.1,,3.4,1.1,,3.2,1.1,,3.2,1.0,,3.0,0.9,,3.0,1.0,,3.0,1.1,,2.8,1.1,,2.6,1.0,,2.4,0.9,,2.7,0.9,,2.7,1.0,,3.2,1.2,,4.0,1.5,,4.1,1.3,,4.3,1.3,,3.9,1.2,,3.7,1.1,,3.4,1.0
Lichfield,E07000194,,4.5,1.1,,4.2,1.1,,4.1,1.1,,4.4,1.2,,4.0,1.0,,3.6,0.9,,3.3,0.9,,3.4,0.9,,3.3,0.7,,3.4,0.8,,3.3,0.7,,3.4,0.7,,3.3,0.7,,3.2,1.1,,3.3,1.2,,3.6,1.2,,3.6,1.2,,3.3,1.0,,3.2,0.9,,3.2,0.9,,3.3,1.0,,3.6,1.1,,3.6,1.1,,3.5,1.0,,4.1,1.1,,4.5,1.2,,5.3,1.3,,6.0,1.4,,6.1,1.3,,6.2,1.4,,5.7,1.3,,5.5,1.3,,5.3,1.5,,5.0,1.3,,5.0,1.4,,5.5,1.5,,6.3,1.7,,6.5,1.7,,6.7,1.9,,5.7,1.7,,5.0,1.5,,4.8,1.5,,5.1,1.5,,5.2,1.6,,5.1,1.7,,4.9,1.5,,4.5,1.3,,4.4,1.3,,3.8,1.1,,3.6,1.2,,3.2,1.1,,2.9,1.0,,2.7,0.9,,2.7,0.9,,2.9,0.9,,2.7,0.8,,2.9,0.9,,2.8,1.0,,2.7,0.9,,2.9,1.0,,2.7,1.0,,2.9,1.0,,2.6,0.9,,2.7,1.0,,3.0,1.2,,3.0,1.2,,3.2,1.3,,2.8,1.1,,2.9,1.0,,2.9,1.1,,3.0,1.2,,3.7,1.3,,3.9,1.3,,4.3,1.3,,4.4,1.4,,3.8,1.2,,4.0,1.3
Newcastle-under-Lyme,E07000195,,6.3,1.4,,5.5,1.4,,5.7,1.5,,5.1,1.3,,4.5,1.1,,4.3,1.0,,4.3,1.1,,3.8,1.0,,3.5,0.8,,3.5,0.8,,3.5,0.8,,3.4,0.8,,3.7,0.8,,3.9,1.3,,4.3,1.4,,4.6,1.5,,4.5,1.4,,4.8,1.4,,5.0,1.3,,5.1,1.3,,5.4,1.5,,5.4,1.5,,5.2,1.5,,5.2,1.4,,5.4,1.5,,5.4,1.4,,5.8,1.5,,6.4,1.5,,6.9,1.5,,6.9,1.5,,6.9,1.5,,7.5,1.7,,7.0,1.8,,7.9,1.9,,8.3,2.0,,8.3,2.1,,8.3,2.2,,7.8,2.0,,7.1,1.9,,6.9,2.0,,6.7,2.0,,6.4,1.9,,6.1,1.9,,6.3,2.0,,6.1,1.9,,6.2,1.8,,5.8,1.6,,5.6,1.5,,5.0,1.4,,4.4,1.4,,4.2,1.3,,3.9,1.2,,4.1,1.2,,4.2,1.2,,4.2,1.1,,4.0,1.1,,3.7,1.1,,3.9,1.3,,3.7,1.1,,3.7,1.2,,4.0,1.3,,3.5,1.0,,3.7,1.2,,3.4,1.2,,3.2,1.2,,3.3,1.3,,3.1,1.2,,3.1,1.2,,3.3,1.2,,3.9,1.4,,4.1,1.6,,6.0,2.1,,5.8,1.9,,5.2,1.6,,5.0,1.6,,3.8,1.2,,3.6,1.1
South Staffordshire,E07000196,,5.0,1.2,,4.8,1.2,,4.0,1.0,,4.2,1.1,,4.1,0.9,,3.5,0.8,,3.8,0.9,,3.7,1.0,,3.2,0.7,,3.1,0.7,,3.1,0.7,,3.2,0.7,,3.3,0.7,,3.0,1.0,,3.1,1.1,,3.1,1.1,,3.4,1.1,,3.6,1.1,,3.8,1.0,,3.8,1.0,,3.6,1.0,,3.9,1.1,,3.9,1.2,,4.0,1.1,,4.1,1.1,,4.5,1.2,,5.4,1.3,,6.2,1.4,,6.2,1.3,,6.2,1.3,,6.4,1.4,,6.1,1.4,,7.0,1.7,,6.8,1.7,,6.3,1.5,,6.7,1.7,,6.4,1.6,,6.3,1.6,,6.4,1.7,,6.0,1.6,,5.8,1.7,,5.9,1.7,,6.2,1.8,,6.3,1.8,,5.8,1.8,,5.3,1.5,,4.8,1.4,,4.5,1.3,,4.5,1.3,,4.6,1.4,,4.3,1.3,,4.1,1.2,,3.8,1.1,,3.6,1.1,,3.6,1.0,,3.5,1.0,,3.5,1.0,,3.4,1.2,,3.4,1.1,,3.4,1.2,,3.5,1.3,,3.0,1.0,,2.8,0.9,,2.8,1.0,,2.9,1.1,,2.9,1.1,,2.9,1.1,,2.8,1.1,,2.8,1.0,,2.7,1.0,,2.9,1.1,,3.7,1.3,,4.2,1.4,,4.6,1.4,,4.6,1.4,,3.8,1.1,,3.5,1.0
Stafford,E07000197,,4.5,1.0,,3.9,0.9,,4.2,1.1,,4.5,1.2,,4.1,0.9,,3.7,0.9,,4.1,1.0,,3.5,0.9,,3.4,0.8,,3.4,0.8,,3.4,0.8,,3.2,0.7,,3.3,0.7,,3.2,1.0,,3.4,1.1,,3.7,1.2,,3.5,1.1,,3.6,1.0,,3.6,0.9,,3.4,0.8,,3.6,1.0,,3.7,1.0,,3.8,1.1,,4.2,1.1,,4.8,1.2,,5.2,1.3,,6.1,1.4,,6.6,1.5,,6.5,1.4,,6.4,1.4,,6.2,1.4,,5.9,1.4,,5.5,1.4,,5.3,1.3,,4.9,1.2,,5.0,1.2,,5.2,1.3,,5.2,1.3,,5.0,1.3,,4.4,1.2,,4.4,1.3,,4.3,1.3,,4.5,1.3,,4.4,1.4,,4.5,1.4,,4.4,1.3,,4.2,1.2,,4.4,1.2,,4.0,1.1,,3.9,1.1,,4.0,1.1,,3.6,1.0,,3.4,0.9,,3.4,0.9,,3.3,0.8,,3.2,0.8,,3.6,1.0,,3.5,1.1,,3.5,1.0,,3.6,1.1,,3.3,1.1,,3.1,0.9,,2.9,0.9,,2.7,0.9,,2.8,1.0,,3.0,1.1,,3.0,1.1,,2.9,1.1,,3.0,1.0,,2.7,1.0,,2.8,1.0,,3.2,1.1,,3.8,1.2,,4.2,1.2,,4.0,1.2,,3.8,1.0,,3.4,0.9
Staffordshire Moorlands,E07000198,,4.5,1.1,,4.2,1.1,,4.1,1.1,,4.4,1.2,,3.9,0.9,,3.8,1.0,,4.0,1.0,,3.3,0.9,,2.8,0.6,,2.9,0.7,,2.8,0.6,,2.7,0.6,,2.6,0.6,,2.4,0.8,,2.7,1.0,,2.8,1.0,,3.2,1.1,,3.2,1.0,,3.1,0.8,,3.2,0.8,,3.1,0.9,,3.3,0.9,,3.4,1.0,,3.5,1.0,,4.0,1.1,,4.5,1.2,,5.2,1.3,,5.3,1.3,,5.2,1.3,,5.1,1.3,,4.8,1.3,,4.6,1.3,,4.6,1.3,,4.8,1.3,,4.7,1.3,,5.2,1.4,,5.7,1.5,,5.3,1.5,,5.4,1.5,,5.3,1.7,,5.5,1.8,,5.7,2.0,,5.7,1.9,,6.1,2.0,,4.7,1.7,,4.7,1.5,,4.2,1.4,,3.7,1.2,,3.4,1.1,,3.3,1.1,,3.1,1.1,,2.7,1.0,,2.8,0.9,,2.9,0.9,,2.9,0.9,,2.7,0.8,,2.9,0.9,,3.0,1.0,,2.9,0.9,,3.2,1.1,,3.2,1.2,,3.0,1.0,,2.9,1.0,,2.8,1.0,,2.7,1.0,,2.7,1.0,,3.1,1.1,,2.7,1.0,,3.0,1.1,,2.7,1.1,,2.5,1.0,,2.7,1.0,,2.8,1.0,,3.1,1.0,,3.0,1.0,,2.9,0.9,,3.0,0.9
Tamworth,E07000199,,5.9,1.6,,5.7,1.5,,5.5,1.5,,5.9,1.6,,4.9,1.3,,4.2,1.1,,4.6,1.2,,4.8,1.4,,3.7,0.8,,3.4,0.8,,3.7,0.8,,3.7,0.8,,4.0,0.8,,4.8,1.6,,4.5,1.6,,4.3,1.5,,3.9,1.3,,4.1,1.3,,4.4,1.2,,4.7,1.3,,5.1,1.5,,5.2,1.5,,4.9,1.6,,4.5,1.4,,5.3,1.5,,6.4,1.8,,7.9,2.1,,8.8,2.3,,9.2,2.4,,8.7,2.3,,8.2,2.2,,9.3,2.6,,9.5,2.8,,10.8,3.1,,9.5,2.9,,9.3,2.8,,10.0,2.9,,10.0,2.9,,9.8,2.8,,8.7,2.6,,8.3,2.6,,7.0,2.3,,7.1,2.4,,7.1,2.6,,5.5,2.1,,5.4,2.0,,4.6,1.8,,4.8,1.7,,4.3,1.6,,3.8,1.4,,3.5,1.3,,2.8,1.1,,2.8,1.0,,2.9,1.1,,3.1,1.1,,3.4,1.2,,3.5,1.1,,3.7,1.3,,3.4,1.1,,3.8,1.3,,3.8,1.4,,3.6,1.1,,4.1,1.4,,3.8,1.4,,4.0,1.6,,3.9,1.6,,4.0,1.6,,3.5,1.4,,3.6,1.3,,4.0,1.5,,3.9,1.6,,4.5,1.7,,4.7,1.7,,4.4,1.6,,4.0,1.4,,4.1,1.4,,4.1,1.4
North Warwickshire,E07000218,,5.9,1.7,,4.4,1.3,,3.9,1.2,,4.2,1.3,,4.3,1.2,,3.7,1.0,,4.4,1.3,,3.7,1.1,,3.2,0.7,,3.3,0.8,,3.2,0.7,,3.3,0.7,,3.3,0.7,,3.0,1.0,,3.0,1.1,,3.3,1.2,,3.3,1.1,,3.5,1.1,,3.6,1.1,,3.5,1.0,,3.6,1.1,,3.9,1.2,,4.2,1.3,,4.5,1.4,,4.6,1.4,,5.6,1.6,,7.1,2.1,,7.5,2.1,,8.0,2.2,,7.8,2.1,,7.2,2.0,,7.1,1.9,,6.6,2.0,,5.8,1.8,,5.2,1.7,,5.2,1.8,,6.0,2.0,,6.4,2.1,,6.5,2.2,,6.5,2.4,,6.5,2.5,,6.5,2.6,,6.2,2.4,,6.1,2.4,,5.4,2.2,,5.0,1.7,,4.7,1.7,,4.4,1.6,,3.7,1.3,,3.4,1.3,,3.4,1.2,,3.2,1.2,,3.5,1.3,,3.4,1.3,,3.4,1.3,,3.5,1.2,,3.4,1.2,,3.3,1.2,,3.3,1.1,,3.2,1.2,,3.1,1.2,,3.1,1.0,,3.1,1.1,,3.1,1.1,,3.0,1.2,,2.9,1.1,,3.2,1.3,,2.8,1.2,,3.1,1.2,,3.1,1.2,,3.5,1.4,,4.1,1.5,,4.2,1.4,,4.2,1.3,,3.3,1.0,,3.3,1.0,,3.2,1.0
Nuneaton and Bedworth,E07000219,,6.5,1.5,,5.0,1.2,,6.1,1.6,,6.3,1.7,,5.3,1.3,,4.3,1.1,,4.2,1.1,,4.3,1.1,,4.4,0.9,,4.4,1.0,,4.4,0.9,,4.3,0.9,,4.2,0.8,,4.1,1.2,,4.3,1.3,,4.4,1.3,,4.9,1.3,,5.0,1.2,,5.3,1.1,,5.7,1.2,,5.9,1.4,,5.8,1.4,,6.0,1.6,,5.7,1.5,,5.9,1.5,,6.6,1.6,,7.5,1.8,,8.1,1.8,,8.5,1.8,,8.9,1.9,,8.6,1.9,,8.8,1.9,,8.8,2.1,,9.2,2.0,,8.5,1.9,,9.2,2.1,,9.4,2.3,,8.1,2.1,,8.5,2.1,,8.0,2.1,,7.9,2.2,,7.3,2.1,,7.0,2.1,,7.3,2.2,,6.7,2.0,,7.0,1.8,,6.7,1.8,,6.9,1.7,,6.3,1.6,,5.6,1.6,,5.7,1.5,,5.0,1.4,,5.2,1.4,,5.5,1.4,,5.8,1.4,,5.4,1.4,,5.4,1.5,,5.3,1.7,,4.8,1.4,,5.2,1.6,,5.1,1.7,,4.4,1.3,,4.5,1.4,,3.9,1.3,,3.8,1.3,,4.1,1.5,,3.8,1.4,,3.7,1.3,,3.9,1.2,,3.9,1.3,,3.9,1.3,,4.2,1.3,,4.8,1.3,,4.6,1.2,,4.4,1.2,,3.9,1.0,,3.4,0.9
Rugby,E07000220,,5.1,1.3,,4.2,1.1,,4.0,1.1,,4.1,1.3,,4.1,1.1,,3.5,0.9,,3.9,1.1,,3.3,0.9,,3.0,0.7,,2.9,0.7,,3.1,0.7,,3.3,0.7,,3.3,0.7,,3.4,1.1,,3.4,1.2,,3.6,1.2,,3.8,1.2,,3.9,1.1,,3.9,1.0,,3.6,0.9,,3.7,1.1,,4.0,1.1,,4.2,1.3,,3.9,1.1,,4.5,1.3,,5.3,1.4,,6.0,1.6,,6.7,1.7,,7.1,1.8,,7.1,1.8,,7.1,1.7,,7.5,1.8,,7.3,1.9,,6.9,1.7,,7.0,1.8,,6.9,1.8,,7.2,1.9,,6.5,1.8,,5.7,1.6,,4.9,1.4,,4.4,1.3,,4.4,1.3,,4.7,1.4,,4.8,1.6,,5.0,1.7,,4.8,1.5,,4.4,1.3,,4.3,1.2,,3.9,1.0,,3.9,1.1,,3.8,1.1,,3.4,1.0,,3.2,0.9,,3.1,0.9,,3.4,0.9,,3.5,0.9,,3.7,1.0,,3.7,1.2,,3.8,1.1,,3.8,1.2,,3.7,1.2,,3.8,1.1,,3.7,1.2,,3.7,1.2,,3.7,1.3,,3.4,1.2,,3.5,1.2,,3.3,1.1,,3.6,1.2,,3.4,1.2,,3.3,1.2,,3.9,1.3,,4.1,1.2,,4.5,1.2,,3.9,1.0,,3.7,0.9,,3.6,0.9
Stratford-on-Avon,E07000221,,4.0,1.0,,3.4,0.8,,2.8,0.8,,2.9,0.8,,2.7,0.6,,2.6,0.6,,2.8,0.7,,2.6,0.7,,2.6,0.6,,2.5,0.6,,2.4,0.6,,2.5,0.6,,2.7,0.6,,2.6,0.8,,2.6,0.9,,2.7,0.8,,2.8,0.8,,2.8,0.7,,2.8,0.7,,2.8,0.7,,2.8,0.8,,3.2,0.8,,3.2,0.9,,3.0,0.8,,3.2,0.8,,3.5,0.9,,4.5,1.1,,4.7,1.1,,4.7,1.0,,4.5,1.0,,4.1,0.9,,4.0,0.9,,3.9,1.0,,4.0,1.0,,3.9,1.0,,4.1,1.0,,4.8,1.2,,4.8,1.2,,4.6,1.2,,4.6,1.3,,3.8,1.1,,3.7,1.1,,3.8,1.1,,3.5,1.1,,3.2,1.0,,3.0,0.9,,2.8,0.8,,2.7,0.7,,2.4,0.7,,2.4,0.7,,2.2,0.6,,2.0,0.6,,2.0,0.6,,2.0,0.6,,2.2,0.6,,2.2,0.6,,2.4,0.7,,2.4,0.8,,2.3,0.7,,2.8,0.9,,2.9,1.0,,2.7,0.8,,2.7,0.8,,2.5,0.8,,2.7,1.0,,2.8,1.0,,2.5,0.9,,2.2,0.8,,2.3,0.7,,2.1,0.7,,2.3,0.8,,2.9,0.9,,3.1,0.9,,3.7,1.0,,3.9,1.0,,3.6,0.9,,3.5,0.9
Warwick,E07000222,,4.7,1.1,,4.2,1.0,,4.5,1.2,,4.1,1.1,,3.9,0.9,,3.4,0.8,,3.8,0.9,,3.9,1.0,,3.1,0.8,,3.1,0.7,,3.1,0.7,,3.1,0.7,,3.4,0.7,,4.0,1.2,,4.3,1.3,,4.1,1.2,,3.8,1.1,,4.0,1.0,,3.9,0.8,,4.1,0.9,,4.4,1.1,,4.4,1.1,,4.7,1.2,,4.3,1.1,,4.7,1.1,,5.3,1.2,,5.9,1.3,,6.6,1.4,,6.5,1.3,,6.3,1.3,,6.0,1.3,,5.5,1.3,,5.5,1.4,,5.5,1.3,,5.2,1.2,,5.6,1.3,,5.6,1.3,,5.3,1.2,,5.1,1.2,,5.1,1.3,,5.0,1.3,,4.9,1.3,,5.0,1.3,,5.2,1.4,,4.6,1.4,,4.7,1.2,,4.1,1.1,,3.7,0.9,,3.4,0.8,,3.0,0.8,,2.9,0.8,,2.6,0.7,,2.7,0.7,,2.6,0.7,,2.9,0.7,,2.9,0.7,,3.1,0.8,,3.1,1.0,,2.9,0.9,,3.1,1.0,,2.7,0.9,,2.7,0.8,,2.5,0.7,,2.4,0.7,,2.7,0.9,,2.7,0.9,,2.9,1.0,,2.8,0.9,,2.7,0.8,,2.6,0.9,,2.5,0.9,,3.1,1.0,,3.2,0.9,,3.6,0.9,,3.8,1.0,,3.3,0.8,,3.6,0.9
Birmingham,E08000025,,12.8,1.4,,10.7,1.2,,10.1,1.3,,10.2,1.3,,9.9,1.2,,8.1,1.1,,9.2,1.2,,8.8,1.2,,8.4,1.2,,8.4,1.2,,8.6,1.2,,8.3,1.2,,8.6,1.2,,9.2,1.4,,9.0,1.4,,9.7,1.4,,9.5,1.4,,9.1,1.3,,9.5,1.3,,9.3,1.3,,9.1,1.3,,9.7,1.4,,9.4,1.4,,9.3,1.4,,10.9,1.5,,11.4,1.5,,13.1,1.6,,13.9,1.6,,13.4,1.5,,13.6,1.5,,12.9,1.5,,12.5,1.5,,12.8,1.6,,12.9,1.5,,12.3,1.5,,13.2,1.6,,13.5,1.6,,13.7,1.7,,13.6,1.7,,13.8,1.7,,14.3,1.8,,14.9,1.8,,16.6,2.0,,16.0,2.0,,14.5,2.0,,13.2,1.8,,11.9,1.6,,11.6,1.6,,10.9,1.5,,10.4,1.5,,10.1,1.5,,9.1,1.4,,9.6,1.5,,9.6,1.5,,10.0,1.4,,9.4,1.4,,8.7,1.3,,8.5,1.4,,7.6,1.3,,8.6,1.4,,8.3,1.4,,7.8,1.2,,7.3,1.3,,6.8,1.2,,7.3,1.4,,7.2,1.4,,8.1,1.4,,7.8,1.4,,8.2,1.4,,9.0,1.5,,8.3,1.6,,7.9,1.5,,8.1,1.5,,8.0,1.5,,8.5,1.6,,8.1,1.5,,8.0,1.4
Coventry,E08000026,,9.7,1.7,,7.9,1.5,,7.2,1.5,,7.4,1.6,,6.2,1.0,,5.4,0.8,,5.8,0.9,,6.0,0.9,,5.7,1.0,,5.7,1.0,,5.5,1.0,,5.5,1.0,,5.6,1.0,,6.2,1.2,,6.6,1.3,,6.9,1.3,,6.6,1.2,,6.2,1.1,,6.4,1.0,,6.5,1.0,,6.6,1.1,,7.3,1.2,,7.2,1.3,,6.9,1.2,,7.9,1.3,,8.1,1.3,,8.9,1.3,,9.7,1.4,,9.9,1.3,,9.9,1.3,,10.0,1.3,,9.8,1.3,,9.1,1.4,,9.3,1.3,,9.1,1.3,,9.8,1.4,,10.2,1.5,,9.8,1.5,,9.0,1.4,,8.7,1.5,,8.8,1.5,,9.5,1.6,,9.6,1.6,,9.1,1.7,,8.3,1.6,,8.1,1.4,,8.1,1.4,,7.9,1.3,,7.5,1.3,,7.1,1.3,,6.6,1.2,,6.1,1.1,,6.1,1.1,,5.9,1.0,,6.0,1.0,,5.5,0.9,,5.4,1.0,,5.0,1.1,,5.0,1.0,,5.5,1.1,,5.2,1.2,,5.2,1.0,,4.8,1.0,,4.5,1.0,,4.6,1.1,,4.6,1.2,,4.7,1.1,,4.5,1.1,,4.6,1.0,,4.9,1.1,,5.3,1.2,,5.6,1.3,,5.9,1.2,,5.6,1.1,,6.0,1.3,,5.7,1.1,,5.5,1.1
Dudley,E08000027,,6.8,1.2,,6.1,1.1,,6.3,1.2,,6.6,1.3,,6.3,1.0,,6.0,1.0,,5.5,1.0,,4.8,0.9,,5.5,1.0,,5.4,1.0,,5.1,1.0,,4.5,0.9,,4.5,0.8,,4.4,1.0,,4.2,1.0,,4.9,1.1,,5.1,1.1,,5.3,1.0,,5.6,0.9,,5.8,1.0,,5.9,1.0,,6.0,1.1,,6.4,1.2,,6.4,1.1,,7.2,1.2,,7.7,1.2,,8.6,1.3,,9.5,1.4,,9.9,1.4,,9.7,1.3,,9.6,1.3,,10.1,1.4,,10.1,1.6,,10.7,1.6,,10.6,1.6,,10.6,1.6,,10.2,1.5,,9.9,1.5,,9.1,1.5,,8.2,1.4,,8.2,1.4,,8.2,1.4,,8.9,1.5,,9.2,1.6,,9.3,1.7,,9.4,1.5,,8.4,1.4,,7.9,1.3,,7.3,1.2,,6.6,1.2,,6.9,1.3,,6.7,1.3,,6.8,1.2,,6.8,1.2,,6.8,1.1,,6.8,1.2,,6.4,1.2,,6.4,1.4,,6.2,1.3,,5.9,1.3,,5.9,1.4,,5.8,1.2,,6.0,1.3,,5.4,1.2,,5.4,1.3,,5.3,1.3,,5.0,1.3,,4.7,1.2,,5.0,1.2,,5.1,1.2,,5.1,1.3,,6.0,1.4,,6.4,1.4,,6.2,1.3,,5.2,1.1,,4.5,1.0,,4.1,1.0
Sandwell,E08000028,,10.7,1.8,,9.3,1.7,,9.3,1.7,,9.7,1.8,,9.1,1.3,,7.7,1.2,,7.9,1.2,,8.4,1.2,,8.7,1.4,,8.7,1.4,,8.3,1.3,,7.8,1.3,,7.6,1.2,,7.1,1.4,,7.1,1.4,,7.4,1.4,,7.3,1.3,,7.1,1.2,,7.8,1.2,,7.8,1.2,,8.0,1.3,,8.8,1.4,,8.7,1.5,,9.2,1.5,,10.6,1.6,,12.1,1.7,,14.4,1.9,,14.3,1.8,,14.1,1.7,,14.0,1.6,,13.2,1.6,,13.7,1.7,,13.0,1.7,,12.0,1.6,,11.4,1.5,,11.4,1.5,,12.1,1.6,,11.8,1.6,,12.7,1.7,,12.3,1.7,,12.2,1.7,,12.9,1.8,,12.0,1.8,,12.3,1.9,,11.9,1.9,,11.5,1.7,,11.2,1.7,,10.5,1.6,,10.2,1.5,,10.3,1.6,,9.7,1.6,,8.9,1.5,,8.1,1.4,,7.7,1.3,,8.3,1.3,,8.2,1.3,,8.4,1.4,,8.2,1.6,,7.7,1.5,,8.4,1.6,,8.0,1.6,,7.6,1.4,,7.0,1.3,,6.3,1.3,,6.0,1.3,,5.6,1.3,,5.3,1.2,,5.1,1.2,,5.5,1.2,,5.5,1.2,,5.3,1.3,,5.4,1.3,,6.0,1.3,,5.9,1.3,,6.2,1.4,,6.0,1.3,,5.8,1.3
Solihull,E08000029,,6.3,1.2,,4.8,1.0,,4.5,1.0,,4.9,1.2,,4.4,0.7,,4.3,0.7,,4.2,0.7,,4.1,0.8,,4.2,0.8,,4.1,0.8,,4.0,0.8,,4.2,0.8,,4.1,0.7,,4.2,1.0,,4.1,1.0,,4.1,1.0,,4.1,0.9,,4.2,0.8,,4.4,0.7,,4.4,0.8,,4.5,0.9,,5.1,1.0,,5.2,1.1,,5.2,1.0,,6.0,1.1,,6.9,1.2,,7.6,1.3,,8.6,1.3,,9.0,1.3,,8.8,1.3,,8.4,1.2,,8.2,1.3,,7.7,1.3,,7.4,1.2,,7.6,1.2,,7.6,1.2,,7.8,1.3,,7.5,1.2,,7.2,1.2,,7.0,1.2,,6.9,1.2,,7.1,1.3,,6.9,1.2,,6.8,1.3,,6.8,1.3,,6.6,1.2,,5.8,1.1,,5.7,1.0,,5.2,0.9,,4.7,0.9,,5.1,1.0,,4.7,0.9,,4.8,0.9,,4.6,0.9,,4.8,0.8,,5.1,0.9,,5.2,0.9,,5.5,1.1,,4.9,1.0,,4.4,1.0,,3.9,0.9,,4.3,0.9,,4.2,0.9,,4.1,0.9,,4.2,1.0,,3.7,0.9,,3.7,0.9,,3.7,0.9,,4.1,0.9,,3.8,0.9,,3.9,1.0,,4.1,1.0,,4.3,1.0,,4.8,1.0,,4.3,0.9,,4.2,0.8,,4.3,0.9
Walsall,E08000030,,9.9,1.7,,7.6,1.4,,7.0,1.4,,6.9,1.4,,6.5,1.0,,5.9,1.0,,6.9,1.2,,6.9,1.1,,6.2,1.1,,6.2,1.1,,5.9,1.1,,6.2,1.1,,6.5,1.1,,6.8,1.4,,7.6,1.5,,7.6,1.5,,7.1,1.4,,7.3,1.3,,7.5,1.2,,6.9,1.1,,7.4,1.3,,7.7,1.3,,7.5,1.3,,7.5,1.3,,8.4,1.4,,9.0,1.4,,10.4,1.6,,11.9,1.7,,11.7,1.6,,12.2,1.6,,11.6,1.5,,11.5,1.6,,11.4,1.7,,10.5,1.5,,10.7,1.6,,11.0,1.6,,10.8,1.6,,11.2,1.7,,11.0,1.7,,10.8,1.7,,11.2,1.8,,11.3,1.8,,11.3,1.8,,11.0,1.8,,11.3,1.9,,11.0,1.8,,9.7,1.6,,10.1,1.6,,8.2,1.3,,8.2,1.4,,8.2,1.4,,7.3,1.3,,8.0,1.4,,7.6,1.3,,7.7,1.2,,7.3,1.2,,6.7,1.2,,6.2,1.3,,5.9,1.2,,6.1,1.2,,6.1,1.3,,6.1,1.2,,5.7,1.2,,5.1,1.2,,5.2,1.2,,4.9,1.2,,5.3,1.2,,5.4,1.3,,6.0,1.3,,5.7,1.3,,5.6,1.3,,5.7,1.3,,5.8,1.2,,6.4,1.3,,6.7,1.4,,6.4,1.3,,6.5,1.4
Wolverhampton,E08000031,,9.2,1.7,,8.4,1.6,,9.4,1.8,,8.3,1.7,,8.0,1.2,,7.3,1.2,,7.4,1.2,,7.6,1.2,,6.8,1.2,,6.4,1.2,,6.0,1.1,,6.3,1.1,,6.3,1.1,,6.7,1.3,,7.0,1.4,,7.4,1.5,,7.2,1.4,,7.4,1.3,,8.1,1.3,,8.0,1.3,,8.5,1.4,,9.4,1.5,,9.4,1.6,,9.4,1.5,,10.0,1.6,,10.1,1.6,,11.1,1.6,,12.3,1.7,,13.1,1.6,,13.3,1.6,,12.7,1.6,,12.9,1.7,,12.6,1.8,,12.4,1.7,,12.6,1.7,,12.7,1.7,,13.4,1.8,,12.7,1.7,,13.1,1.8,,12.4,1.8,,12.6,1.8,,13.2,1.8,,13.5,1.9,,13.8,1.9,,12.3,1.9,,12.0,1.8,,12.1,1.8,,11.8,1.7,,11.3,1.6,,11.3,1.7,,10.5,1.6,,10.1,1.6,,9.9,1.6,,10.0,1.6,,9.2,1.4,,8.8,1.4,,8.4,1.4,,7.6,1.5,,7.4,1.4,,7.7,1.5,,7.7,1.5,,7.5,1.4,,7.5,1.4,,6.7,1.4,,6.9,1.5,,6.5,1.5,,6.4,1.4,,6.5,1.4,,6.7,1.4,,6.7,1.4,,5.9,1.4,,5.7,1.3,,6.1,1.3,,6.4,1.3,,6.6,1.4,,6.5,1.3,,6.5,1.4
Bromsgrove,E07000234,,4.9,1.2,,4.1,1.0,,4.6,1.2,,4.5,1.2,,4.1,1.0,,3.4,0.9,,3.6,0.9,,3.6,1.0,,3.5,0.8,,3.2,0.8,,3.2,0.7,,3.1,0.7,,3.2,0.7,,3.0,1.0,,3.2,1.1,,3.1,1.0,,3.0,0.9,,3.0,0.9,,3.0,0.8,,3.0,0.8,,3.1,0.9,,3.6,1.0,,3.5,1.1,,3.5,1.0,,3.7,1.1,,4.3,1.2,,5.1,1.4,,5.7,1.5,,6.0,1.5,,5.6,1.5,,6.1,1.5,,5.9,1.5,,5.9,1.6,,5.8,1.5,,5.6,1.6,,5.7,1.5,,6.2,1.7,,6.3,1.8,,5.6,1.6,,5.5,1.7,,5.1,1.6,,5.1,1.5,,5.1,1.6,,5.1,1.7,,4.8,1.6,,4.2,1.3,,3.9,1.1,,3.9,1.1,,3.7,1.0,,4.0,1.2,,4.0,1.2,,3.8,1.1,,4.0,1.1,,3.8,1.1,,3.8,1.0,,3.6,1.0,,3.4,1.0,,3.1,1.0,,3.0,0.9,,3.1,1.0,,3.0,1.0,,3.3,0.9,,3.2,1.0,,3.6,1.1,,3.7,1.3,,4.0,1.4,,4.0,1.4,,3.2,1.1,,3.5,1.2,,2.9,1.1,,3.3,1.2,,3.7,1.3,,3.9,1.2,,4.1,1.2,,3.6,1.1,,3.2,0.9,,3.4,1.0
Malvern Hills,E07000235,,4.6,1.2,,4.0,1.1,,3.8,1.1,,3.6,1.1,,3.6,0.9,,2.7,0.8,,2.9,0.9,,2.9,0.8,,2.7,0.6,,2.8,0.7,,2.7,0.6,,2.8,0.7,,2.9,0.7,,2.4,0.9,,2.8,1.1,,2.8,1.0,,2.7,1.0,,2.9,0.9,,3.0,0.9,,3.1,1.0,,3.4,1.1,,3.5,1.2,,3.2,1.1,,3.1,1.1,,3.8,1.2,,4.4,1.2,,5.1,1.4,,5.8,1.5,,5.4,1.3,,5.0,1.3,,5.0,1.3,,5.1,1.3,,5.3,1.5,,5.3,1.6,,5.2,1.6,,5.1,1.6,,5.7,1.9,,5.9,2.0,,5.8,1.9,,5.3,1.8,,5.0,1.7,,4.8,1.6,,4.7,1.5,,4.7,1.6,,4.3,1.6,,4.5,1.4,,4.1,1.2,,3.8,1.1,,3.5,1.0,,3.6,1.1,,3.7,1.2,,3.6,1.2,,3.7,1.1,,3.9,1.2,,4.3,1.3,,4.1,1.3,,4.0,1.3,,3.9,1.3,,3.7,1.2,,3.9,1.3,,4.0,1.4,,3.5,1.1,,3.3,1.1,,3.1,1.1,,3.1,1.2,,3.2,1.2,,2.8,1.1,,2.5,1.0,,2.8,1.0,,2.6,1.0,,3.1,1.3,,3.4,1.3,,3.6,1.2,,3.7,1.1,,3.8,1.1,,4.0,1.1,,4.0,1.2
Redditch,E07000236,,6.7,1.6,,6.0,1.5,,5.7,1.5,,5.3,1.4,,4.8,1.2,,4.3,1.2,,4.8,1.4,,4.3,1.2,,4.1,0.9,,4.1,0.9,,4.1,0.9,,4.3,0.9,,4.5,0.9,,4.5,1.4,,4.4,1.5,,4.5,1.4,,4.3,1.3,,4.2,1.2,,4.3,1.1,,4.5,1.1,,4.6,1.3,,5.3,1.5,,5.3,1.5,,5.2,1.5,,6.2,1.7,,6.8,1.8,,8.1,2.1,,8.7,2.1,,8.9,2.0,,8.6,2.0,,7.8,1.8,,8.2,1.9,,7.6,2.0,,8.1,2.0,,8.3,2.2,,8.0,2.2,,8.2,2.1,,6.9,1.8,,6.2,1.7,,5.8,1.7,,5.8,1.7,,5.7,1.7,,6.6,1.9,,6.7,2.0,,6.0,1.8,,6.2,1.7,,5.6,1.5,,5.6,1.4,,5.3,1.4,,4.8,1.4,,4.9,1.4,,4.6,1.4,,4.9,1.4,,5.2,1.5,,4.9,1.3,,4.7,1.3,,4.5,1.3,,4.7,1.5,,4.6,1.4,,4.4,1.4,,4.0,1.4,,3.7,1.1,,3.9,1.2,,4.0,1.3,,4.2,1.5,,4.1,1.5,,3.7,1.4,,3.6,1.3,,3.5,1.2,,3.6,1.2,,3.7,1.4,,4.6,1.6,,4.9,1.5,,4.8,1.4,,4.7,1.4,,4.3,1.3,,3.9,1.2
Worcester,E07000237,,6.0,1.5,,5.0,1.3,,5.2,1.4,,4.9,1.3,,4.0,1.0,,3.6,0.9,,3.7,1.0,,3.9,1.0,,3.7,0.8,,3.6,0.8,,3.5,0.8,,3.3,0.7,,3.5,0.7,,4.2,1.3,,4.4,1.4,,4.8,1.5,,4.2,1.3,,3.9,1.1,,4.2,1.0,,4.1,1.0,,4.4,1.2,,4.6,1.3,,4.7,1.4,,5.0,1.4,,5.4,1.5,,5.7,1.6,,6.5,1.7,,7.0,1.8,,7.4,1.8,,7.3,1.7,,7.1,1.7,,7.0,1.8,,7.0,1.9,,7.5,1.9,,8.1,2.2,,8.1,2.1,,8.0,2.1,,7.8,2.0,,7.3,2.0,,7.3,2.2,,7.3,2.2,,7.3,2.2,,6.8,2.1,,6.4,2.0,,6.5,2.1,,5.8,1.6,,5.5,1.6,,5.2,1.4,,4.7,1.3,,4.9,1.4,,5.0,1.4,,4.9,1.4,,4.6,1.3,,4.1,1.2,,4.1,1.1,,4.4,1.1,,4.4,1.2,,4.3,1.4,,4.3,1.2,,4.1,1.2,,4.0,1.3,,3.9,1.1,,3.4,1.0,,3.4,1.1,,3.3,1.1,,3.1,1.1,,3.3,1.1,,3.2,1.1,,3.7,1.2,,3.4,1.1,,3.2,1.1,,3.8,1.2,,3.8,1.2,,4.7,1.4,,4.3,1.3,,3.8,1.1,,3.6,1.0
Wychavon,E07000238,,4.5,1.1,,3.6,0.9,,3.3,0.9,,3.3,0.9,,3.3,0.8,,2.8,0.7,,3.3,0.8,,3.0,0.8,,2.6,0.6,,2.6,0.6,,2.5,0.6,,2.7,0.6,,2.9,0.6,,2.9,0.9,,3.0,1.0,,3.2,1.0,,3.1,0.9,,3.4,0.9,,3.6,0.9,,3.6,0.9,,3.5,1.0,,3.8,1.1,,3.6,1.1,,3.7,1.1,,4.2,1.1,,4.5,1.2,,5.2,1.4,,5.9,1.5,,6.1,1.4,,5.9,1.4,,5.7,1.3,,5.4,1.2,,5.1,1.3,,4.9,1.2,,4.6,1.1,,5.1,1.3,,5.1,1.3,,5.0,1.3,,5.3,1.4,,5.2,1.5,,5.2,1.5,,5.2,1.5,,5.2,1.5,,4.7,1.4,,4.6,1.4,,4.5,1.2,,4.0,1.1,,3.8,1.0,,3.2,0.8,,3.2,0.9,,3.0,0.9,,2.9,0.8,,3.1,0.9,,2.9,0.8,,3.2,0.8,,3.0,0.8,,3.0,0.9,,3.1,1.0,,3.1,0.9,,3.7,1.2,,3.6,1.2,,3.2,0.9,,2.9,0.9,,2.8,0.9,,2.6,1.0,,2.8,1.0,,2.9,1.0,,2.7,0.9,,2.8,0.9,,2.4,0.8,,2.5,0.9,,3.3,1.0,,3.4,1.0,,3.7,1.0,,3.5,0.9,,3.2,0.8,,3.3,0.8
Wyre Forest,E07000239,,6.1,1.5,,5.7,1.4,,4.5,1.2,,5.0,1.3,,4.0,0.9,,3.7,0.9,,3.8,1.0,,4.2,1.1,,4.0,0.9,,3.9,0.9,,3.7,0.8,,3.6,0.8,,3.7,0.8,,3.4,1.1,,3.6,1.3,,4.1,1.4,,4.0,1.3,,4.1,1.3,,4.1,1.2,,4.0,1.1,,4.4,1.4,,4.7,1.4,,4.7,1.5,,4.8,1.4,,5.4,1.5,,6.5,1.7,,7.8,2.0,,8.6,2.3,,8.5,2.1,,7.6,1.9,,7.4,1.8,,7.4,1.8,,7.1,1.9,,7.0,1.8,,6.6,1.7,,6.5,1.7,,6.9,1.8,,7.1,1.8,,7.6,2.0,,6.9,1.9,,6.6,1.9,,6.9,1.9,,7.4,2.0,,7.3,2.1,,7.1,2.2,,6.6,1.8,,5.7,1.5,,5.8,1.5,,5.4,1.4,,5.4,1.5,,4.9,1.4,,4.3,1.3,,4.5,1.3,,4.1,1.2,,4.0,1.1,,4.2,1.2,,4.1,1.2,,4.0,1.4,,4.2,1.3,,4.2,1.3,,3.8,1.3,,3.5,1.0,,3.1,1.0,,3.2,1.0,,3.1,1.1,,3.6,1.3,,3.6,1.3,,3.4,1.2,,4.0,1.3,,3.9,1.3,,4.0,1.5,,4.5,1.5,,4.5,1.4,,4.6,1.3,,4.3,1.3,,4.2,1.2,,4.2,1.3
Bedford,E06000055,,6.4,1.3,,6.0,1.3,,5.5,1.4,,5.1,1.3,,4.0,0.8,,4.5,0.9,,5.1,1.1,,4.5,1.0,,4.3,0.9,,4.3,1.0,,4.1,0.9,,3.9,0.9,,4.2,0.9,,3.9,1.1,,4.5,1.3,,5.0,1.4,,4.9,1.3,,5.1,1.2,,4.7,1.0,,4.4,1.0,,4.7,1.1,,4.6,1.1,,4.9,1.3,,4.9,1.2,,5.6,1.3,,6.5,1.4,,6.6,1.4,,7.0,1.4,,7.2,1.3,,7.3,1.3,,7.6,1.4,,7.6,1.4,,7.2,1.5,,7.1,1.4,,7.3,1.5,,7.4,1.5,,7.4,1.5,,7.4,1.6,,7.4,1.7,,7.8,1.8,,7.3,1.8,,7.4,1.8,,7.9,1.9,,7.8,1.9,,8.0,2.0,,7.4,1.7,,6.4,1.5,,6.0,1.4,,6.1,1.3,,6.0,1.4,,6.0,1.3,,5.4,1.2,,5.1,1.2,,4.5,1.1,,4.4,1.0,,4.6,1.1,,4.5,1.1,,4.7,1.3,,4.8,1.2,,4.3,1.2,,4.2,1.3,,4.3,1.1,,4.1,1.1,,4.3,1.2,,4.0,1.2,,4.0,1.3,,3.6,1.2,,3.7,1.2,,3.9,1.1,,3.7,1.1,,3.6,1.1,,3.4,1.0,,3.6,0.9,,4.1,1.0,,4.4,1.1,,4.5,1.0,,4.4,1.1
Central Bedfordshire,E06000056,,:,:,,:,:,,:,:,,:,:,,:,:,,:,:,,:,:,,:,:,,3.0,:,,3.0,:,,3.1,:,,3.2,:,,3.4,:,,3.4,:,,3.7,:,,3.8,:,,4.1,:,,4.1,:,,3.7,:,,3.5,:,,3.4,:,,3.2,:,,3.2,:,,3.3,:,,3.9,:,,4.4,:,,5.1,:,,5.6,:,,5.9,:,,6.2,:,,5.9,:,,5.9,:,,5.7,:,,5.8,:,,5.8,:,,5.7,:,,5.7,:,,5.7,:,,5.9,:,,6.2,:,,6.1,:,,6.0,:,,5.7,:,,5.5,:,,5.2,:,,4.8,:,,4.4,:,,4.3,:,,3.9,:,,3.8,:,,3.7,:,,3.4,:,,3.2,:,,3.2,:,,3.1,:,,3.1,:,,3.1,:,,3.0,:,,3.0,:,,2.8,:,,2.8,:,,3.0,:,,3.0,:,,3.1,:,,2.9,:,,2.6,:,,2.4,:,,2.1,:,,2.3,:,,2.3,:,,2.6,:,,3.0,:,,3.2,:,,3.7,:,,3.7,:,,3.3,:,,3.1,:
Luton,E06000032,,9.8,2.2,,7.6,1.8,,4.8,1.3,,5.3,1.5,,6.7,1.2,,5.6,1.0,,7.0,1.2,,6.0,1.0,,6.5,1.2,,6.7,1.3,,7.0,1.3,,7.4,1.4,,7.3,1.3,,7.4,1.5,,7.6,1.5,,7.1,1.5,,7.9,1.6,,8.0,1.5,,7.9,1.4,,8.2,1.5,,7.8,1.5,,7.2,1.4,,7.5,1.5,,7.2,1.4,,8.4,1.5,,9.3,1.7,,9.7,1.6,,9.6,1.6,,9.8,1.6,,9.8,1.5,,9.6,1.5,,9.5,1.6,,8.6,1.6,,8.5,1.5,,9.3,1.6,,9.7,1.7,,10.0,1.7,,10.9,1.8,,10.1,1.7,,10.5,1.8,,10.8,1.8,,9.5,1.7,,9.2,1.7,,8.5,1.6,,8.6,1.6,,8.7,1.6,,8.7,1.5,,8.4,1.5,,7.8,1.4,,6.7,1.3,,5.9,1.2,,5.7,1.2,,5.2,1.1,,5.5,1.1,,5.3,1.1,,5.5,1.1,,5.7,1.2,,5.3,1.2,,5.2,1.1,,4.8,1.1,,5.2,1.2,,5.5,1.2,,5.5,1.2,,5.5,1.2,,4.6,1.2,,4.5,1.2,,4.5,1.2,,4.2,1.1,,4.6,1.1,,4.4,1.1,,3.9,1.1,,4.5,1.3,,5.6,1.4,,6.3,1.6,,7.0,1.7,,7.3,1.7,,6.0,1.6
Peterborough,E06000031,,8.2,1.6,,8.5,1.8,,5.8,1.3,,5.7,1.4,,4.2,0.7,,4.8,0.8,,4.7,0.8,,4.6,0.8,,4.4,0.8,,4.5,0.9,,4.6,0.9,,4.5,0.8,,4.9,0.9,,5.1,1.1,,5.3,1.1,,6.2,1.3,,5.6,1.1,,5.4,1.0,,5.4,0.9,,5.3,0.9,,5.8,1.1,,6.2,1.2,,6.4,1.2,,6.2,1.1,,6.5,1.2,,6.7,1.2,,7.5,1.3,,8.3,1.3,,9.0,1.3,,9.6,1.3,,9.1,1.3,,9.4,1.3,,9.7,1.5,,9.1,1.4,,9.8,1.5,,9.1,1.4,,9.2,1.4,,9.4,1.5,,9.5,1.6,,9.9,1.7,,9.3,1.7,,10.2,1.8,,9.5,1.7,,8.9,1.6,,8.4,1.6,,7.9,1.4,,7.4,1.3,,7.1,1.2,,6.9,1.2,,6.7,1.2,,6.6,1.2,,5.7,1.1,,5.2,1.0,,4.5,0.9,,4.3,0.8,,4.5,0.8,,4.6,0.9,,4.5,1.0,,4.9,1.0,,4.5,1.1,,5.0,1.2,,5.0,1.0,,4.6,1.0,,5.0,1.1,,4.9,1.2,,5.0,1.3,,5.4,1.3,,4.9,1.2,,5.1,1.2,,5.2,1.3,,5.0,1.3,,4.9,1.2,,4.9,1.1,,5.1,1.1,,5.2,1.1,,5.0,1.1,,4.7,1.1
Southend-on-Sea,E06000033,,10.1,2.1,,9.4,1.9,,6.8,1.7,,5.8,1.4,,5.3,0.9,,5.6,0.9,,4.9,0.9,,4.7,0.9,,5.2,0.9,,4.8,0.9,,4.8,0.9,,4.6,0.9,,5.1,0.9,,5.5,1.1,,5.7,1.2,,6.1,1.3,,5.8,1.2,,5.7,1.0,,5.6,1.0,,5.6,1.0,,5.7,1.1,,5.5,1.1,,5.2,1.1,,5.3,1.1,,5.8,1.1,,6.2,1.1,,6.9,1.2,,7.2,1.2,,7.4,1.1,,7.7,1.1,,7.9,1.2,,7.9,1.2,,7.5,1.3,,8.0,1.2,,8.2,1.3,,8.1,1.3,,8.3,1.3,,8.1,1.3,,7.7,1.3,,8.0,1.4,,7.7,1.4,,7.4,1.4,,7.9,1.5,,7.6,1.5,,7.2,1.5,,7.9,1.4,,7.5,1.4,,7.5,1.3,,7.6,1.3,,6.7,1.3,,5.7,1.1,,5.3,1.1,,5.3,1.1,,5.6,1.1,,5.3,1.0,,5.1,1.0,,5.1,1.0,,4.6,1.1,,5.0,1.1,,4.8,1.1,,4.5,1.1,,4.6,0.9,,4.2,0.9,,4.2,0.9,,3.6,0.9,,3.4,0.9,,3.5,0.9,,3.6,0.9,,3.9,0.9,,4.0,1.0,,4.1,1.0,,3.9,0.9,,4.5,1.0,,4.8,1.0,,4.9,1.0,,4.9,1.0,,4.6,1.0
Thurrock,E06000034,,8.0,1.7,,7.1,1.6,,5.7,1.4,,5.5,1.4,,3.7,0.7,,4.2,0.7,,4.3,0.8,,4.4,0.8,,3.9,0.7,,4.1,0.8,,4.4,0.8,,4.5,0.8,,4.5,0.8,,4.6,1.0,,4.7,1.1,,5.0,1.1,,5.0,1.0,,4.7,0.9,,4.8,0.8,,4.5,0.8,,4.3,0.8,,4.8,0.9,,4.6,0.9,,5.2,1.0,,5.8,1.0,,6.4,1.1,,7.4,1.2,,7.5,1.2,,7.8,1.1,,7.9,1.1,,7.6,1.1,,8.0,1.2,,8.2,1.4,,8.3,1.3,,8.7,1.4,,8.9,1.4,,9.2,1.4,,9.5,1.5,,9.3,1.5,,9.2,1.6,,8.3,1.5,,7.8,1.5,,7.8,1.4,,7.3,1.4,,7.3,1.4,,7.5,1.3,,7.3,1.3,,6.7,1.2,,6.7,1.1,,6.6,1.2,,6.6,1.2,,6.3,1.2,,5.8,1.1,,5.3,1.0,,4.8,0.9,,5.2,1.0,,5.0,1.0,,5.0,1.1,,4.8,1.0,,4.2,1.0,,4.4,1.1,,4.5,0.9,,4.3,0.9,,4.5,1.0,,4.1,1.0,,4.0,1.0,,4.1,1.1,,4.1,1.1,,4.6,1.1,,4.4,1.1,,4.9,1.2,,4.6,1.1,,4.4,1.0,,5.1,1.1,,5.0,1.1,,4.9,1.0,,4.7,1.0
Cambridge,E07000008,,7.3,1.7,,6.3,1.5,,5.1,1.3,,4.4,1.2,,4.1,1.0,,3.9,1.0,,4.0,1.1,,4.1,1.2,,4.6,1.0,,4.4,1.0,,4.6,1.0,,4.7,1.0,,4.8,1.0,,5.4,1.6,,6.4,1.9,,5.4,1.7,,5.4,1.7,,5.3,1.5,,4.8,1.3,,5.0,1.3,,5.3,1.5,,4.4,1.4,,4.3,1.4,,4.5,1.4,,5.0,1.5,,4.7,1.3,,5.1,1.4,,4.7,1.2,,4.8,1.2,,5.2,1.2,,5.2,1.2,,5.3,1.3,,5.2,1.4,,5.6,1.4,,5.5,1.4,,5.5,1.4,,5.4,1.4,,5.5,1.6,,5.1,1.5,,5.1,1.6,,4.7,1.5,,4.4,1.4,,4.7,1.4,,5.4,1.7,,5.2,1.6,,4.8,1.3,,4.6,1.3,,4.5,1.2,,4.1,1.1,,3.8,1.1,,3.3,1.0,,3.0,0.9,,3.3,0.9,,3.8,1.1,,3.7,1.0,,3.5,1.0,,3.5,1.0,,3.6,1.3,,3.6,1.2,,3.4,1.2,,3.5,1.3,,3.5,1.1,,3.5,1.1,,4.2,1.4,,3.8,1.4,,2.9,1.2,,2.5,1.0,,2.3,0.9,,2.4,0.9,,2.6,1.0,,3.2,1.2,,3.8,1.4,,4.0,1.4,,4.3,1.3,,3.8,1.2,,3.9,1.2,,3.4,1.1
East Cambridgeshire,E07000009,,5.0,1.3,,3.9,1.0,,3.5,1.0,,3.1,0.9,,2.8,0.7,,2.9,0.8,,3.0,0.9,,3.2,1.0,,2.9,0.7,,3.0,0.7,,3.0,0.7,,3.0,0.7,,3.2,0.7,,3.7,1.3,,3.7,1.4,,3.4,1.3,,3.3,1.2,,3.5,1.1,,3.4,1.0,,3.5,1.0,,3.6,1.1,,3.0,1.0,,2.9,1.0,,2.9,1.0,,3.3,1.0,,4.0,1.2,,4.4,1.3,,4.7,1.3,,5.0,1.3,,4.9,1.3,,4.8,1.3,,4.9,1.3,,5.3,1.5,,5.5,1.5,,5.2,1.5,,5.0,1.4,,5.1,1.4,,5.1,1.4,,5.3,1.5,,5.8,1.8,,5.6,1.7,,5.6,1.8,,5.5,1.7,,4.7,1.5,,4.4,1.4,,4.3,1.3,,4.2,1.2,,4.5,1.3,,4.3,1.3,,3.9,1.2,,3.8,1.1,,3.3,1.0,,3.1,0.9,,3.2,1.0,,3.1,0.9,,3.2,1.0,,3.2,1.0,,2.5,0.9,,2.7,0.9,,2.3,0.9,,2.3,0.9,,2.5,0.9,,2.4,0.9,,2.3,0.8,,2.4,1.0,,2.5,1.0,,2.3,1.0,,2.0,0.8,,2.1,0.8,,2.3,0.9,,2.6,1.0,,2.9,1.0,,3.2,1.1,,3.2,1.0,,3.1,1.1,,3.2,1.0,,2.9,0.9
Fenland,E07000010,,8.4,2.1,,6.9,1.8,,5.4,1.5,,4.5,1.3,,3.7,1.0,,4.4,1.2,,3.9,1.2,,3.8,1.1,,4.1,0.9,,4.5,1.0,,4.6,1.0,,4.5,0.9,,4.9,1.0,,5.1,1.7,,5.9,2.0,,6.6,2.2,,5.8,1.9,,5.5,1.6,,4.8,1.2,,4.5,1.2,,4.8,1.4,,4.8,1.4,,5.3,1.6,,5.6,1.6,,6.3,1.8,,6.2,1.7,,6.6,1.9,,7.1,1.8,,7.5,1.8,,7.5,1.8,,7.3,1.8,,7.4,1.9,,7.3,2.1,,7.9,2.1,,8.2,2.2,,8.6,2.4,,8.4,2.4,,9.4,2.8,,10.3,3.2,,9.7,3.1,,10.0,3.0,,9.5,2.9,,8.9,2.6,,8.1,2.4,,7.1,2.2,,6.3,1.9,,5.6,1.6,,5.2,1.5,,5.4,1.6,,5.1,1.6,,4.7,1.5,,4.5,1.5,,4.0,1.3,,3.9,1.2,,3.7,1.1,,3.8,1.2,,4.0,1.2,,3.5,1.2,,3.6,1.2,,3.2,1.2,,3.3,1.3,,3.6,1.2,,3.7,1.3,,4.0,1.5,,3.7,1.5,,3.8,1.5,,3.4,1.4,,3.2,1.3,,3.6,1.4,,3.4,1.4,,3.7,1.5,,3.6,1.4,,3.5,1.3,,4.5,1.6,,4.6,1.5,,4.6,1.4,,4.3,1.4
Huntingdonshire,E07000011,,4.5,1.0,,4.2,0.9,,3.6,0.9,,3.4,0.9,,2.6,0.6,,3.0,0.7,,3.0,0.7,,2.8,0.7,,2.9,0.7,,3.1,0.7,,2.9,0.7,,2.9,0.7,,3.0,0.7,,2.9,0.9,,3.2,1.0,,3.4,1.1,,3.7,1.1,,3.7,0.9,,3.3,0.8,,3.4,0.8,,3.3,0.8,,3.1,0.8,,3.1,0.9,,3.4,0.9,,4.0,1.0,,4.6,1.1,,5.1,1.2,,5.3,1.2,,5.6,1.1,,6.0,1.2,,6.0,1.2,,5.8,1.2,,5.7,1.3,,5.7,1.2,,5.6,1.2,,5.6,1.2,,5.7,1.3,,5.7,1.3,,5.5,1.3,,5.8,1.5,,5.4,1.4,,5.6,1.5,,5.2,1.4,,4.9,1.3,,4.6,1.3,,4.1,1.1,,3.9,1.0,,3.8,0.9,,3.5,0.9,,3.2,0.8,,3.0,0.8,,2.8,0.8,,2.7,0.7,,2.7,0.7,,2.6,0.7,,2.6,0.7,,2.8,0.7,,2.6,0.8,,2.8,0.8,,2.6,0.8,,2.6,0.9,,2.8,0.8,,2.6,0.7,,2.8,0.9,,2.7,0.9,,2.8,1.0,,2.8,1.0,,2.4,0.9,,2.7,0.9,,2.7,0.9,,3.3,1.1,,3.6,1.1,,3.7,1.1,,3.8,1.0,,3.5,0.9,,3.3,0.8,,3.4,0.9
South Cambridgeshire,E07000012,,4.3,1.0,,3.2,0.8,,2.4,0.6,,2.4,0.7,,2.3,0.5,,2.4,0.6,,2.8,0.7,,2.3,0.6,,2.3,0.5,,2.5,0.6,,2.5,0.6,,2.5,0.6,,2.6,0.6,,2.4,0.8,,2.9,1.0,,2.9,0.9,,2.9,0.9,,3.1,0.8,,2.8,0.6,,2.8,0.6,,3.0,0.8,,2.9,0.8,,2.8,0.8,,2.8,0.8,,3.3,0.9,,3.4,0.8,,3.7,0.9,,3.8,0.9,,3.9,0.8,,4.2,0.9,,4.1,0.9,,4.1,0.9,,3.9,1.0,,4.0,0.9,,4.0,0.9,,3.8,0.9,,3.9,0.9,,3.9,1.0,,4.3,1.1,,4.8,1.3,,4.3,1.2,,4.0,1.1,,3.9,1.1,,3.9,1.1,,3.8,1.1,,3.6,0.9,,3.2,0.8,,3.3,0.9,,3.2,0.8,,2.7,0.7,,2.7,0.7,,2.5,0.7,,2.5,0.7,,2.6,0.7,,2.4,0.6,,2.3,0.6,,2.3,0.6,,2.3,0.7,,2.3,0.7,,2.0,0.6,,2.1,0.7,,2.3,0.7,,2.1,0.6,,2.4,0.8,,2.2,0.8,,2.2,0.8,,2.0,0.8,,1.7,0.7,,1.9,0.6,,1.9,0.7,,2.3,0.8,,2.9,1.0,,3.5,1.1,,3.8,1.1,,3.9,1.1,,3.3,0.9,,2.9,0.8
Basildon,E07000066,,7.3,1.5,,6.8,1.5,,5.3,1.3,,4.6,1.1,,4.2,0.9,,4.5,1.0,,4.8,1.1,,4.4,1.1,,4.3,0.9,,4.5,1.0,,4.4,0.9,,4.5,1.0,,4.7,1.0,,4.6,1.3,,5.0,1.5,,5.3,1.5,,4.9,1.3,,4.6,1.2,,4.5,1.0,,4.2,1.0,,4.2,1.1,,4.5,1.1,,4.5,1.2,,4.7,1.2,,5.3,1.3,,5.9,1.4,,6.8,1.5,,7.1,1.5,,7.7,1.5,,8.2,1.6,,8.1,1.5,,8.4,1.6,,8.0,1.8,,7.7,1.6,,7.5,1.6,,7.4,1.6,,7.7,1.7,,7.5,1.8,,7.4,1.8,,8.1,2.0,,7.8,2.1,,8.1,2.2,,8.9,2.4,,8.7,2.4,,8.1,2.3,,7.5,1.9,,6.7,1.7,,6.3,1.6,,6.3,1.5,,6.1,1.6,,5.6,1.4,,5.1,1.3,,4.9,1.3,,4.6,1.2,,4.4,1.1,,5.1,1.3,,4.9,1.3,,5.0,1.5,,5.1,1.4,,4.1,1.3,,4.2,1.4,,4.3,1.2,,4.3,1.2,,4.3,1.3,,4.0,1.3,,3.8,1.3,,3.8,1.3,,3.6,1.3,,4.2,1.3,,4.1,1.3,,4.5,1.5,,4.5,1.4,,4.5,1.3,,5.4,1.4,,4.9,1.3,,4.9,1.2,,4.3,1.1
Braintree,E07000067,,6.4,1.5,,5.7,1.3,,4.0,1.0,,4.1,1.1,,3.5,0.8,,3.6,0.8,,3.7,0.9,,3.1,0.8,,3.3,0.7,,3.3,0.7,,3.1,0.7,,3.3,0.7,,3.4,0.7,,3.8,1.1,,4.0,1.2,,3.8,1.2,,4.0,1.1,,4.1,1.0,,4.0,0.9,,3.9,0.9,,4.1,1.0,,3.9,1.0,,4.0,1.1,,4.2,1.1,,5.2,1.2,,5.9,1.4,,6.2,1.4,,6.6,1.4,,6.5,1.3,,6.6,1.4,,6.3,1.3,,6.2,1.4,,6.1,1.5,,6.1,1.4,,6.1,1.4,,5.8,1.3,,6.0,1.3,,6.1,1.4,,6.6,1.6,,6.7,1.7,,6.8,1.8,,6.9,1.8,,6.8,1.8,,6.8,1.9,,6.6,1.9,,5.9,1.5,,5.5,1.4,,5.4,1.4,,4.7,1.2,,4.6,1.2,,4.4,1.2,,4.0,1.1,,3.9,1.0,,3.7,1.0,,3.8,0.9,,3.8,1.0,,3.8,1.0,,3.7,1.2,,3.4,1.0,,3.0,0.9,,2.8,0.9,,2.9,0.8,,2.9,0.8,,3.4,1.0,,3.2,1.1,,3.1,1.1,,2.8,1.0,,2.7,1.0,,3.0,1.0,,3.0,1.1,,3.2,1.1,,3.1,1.0,,3.2,1.0,,3.6,1.0,,3.5,1.0,,3.5,0.9,,3.2,0.9
Brentwood,E07000068,,5.0,1.3,,3.9,1.1,,3.5,1.1,,3.0,0.9,,2.5,0.7,,2.6,0.8,,3.1,0.9,,2.4,0.8,,2.7,0.6,,2.8,0.7,,2.8,0.7,,2.7,0.6,,2.8,0.7,,2.8,1.1,,3.2,1.2,,3.1,1.2,,3.4,1.3,,3.0,1.1,,2.8,1.0,,3.2,1.0,,3.4,1.1,,3.4,1.1,,3.2,1.1,,3.3,1.1,,3.8,1.2,,3.8,1.2,,4.3,1.3,,4.5,1.3,,4.3,1.2,,4.9,1.3,,5.0,1.4,,4.7,1.3,,4.9,1.5,,4.8,1.4,,4.7,1.4,,4.6,1.4,,4.3,1.4,,4.3,1.4,,4.7,1.5,,4.9,1.7,,4.7,1.7,,4.2,1.5,,3.9,1.4,,3.8,1.5,,4.1,1.6,,3.8,1.4,,3.7,1.3,,3.8,1.3,,3.7,1.2,,3.6,1.3,,3.6,1.3,,3.2,1.2,,2.9,1.0,,3.2,1.1,,3.0,1.1,,3.4,1.3,,3.6,1.4,,3.2,1.2,,3.2,1.1,,2.9,1.1,,3.1,1.2,,3.2,1.2,,3.4,1.3,,3.6,1.4,,3.6,1.5,,3.7,1.6,,3.4,1.5,,3.0,1.3,,2.8,1.1,,2.6,1.2,,2.7,1.3,,3.0,1.3,,4.0,1.8,,4.5,1.8,,4.7,1.8,,4.0,1.4,,3.7,1.3
Castle Point,E07000069,,7.7,1.9,,6.0,1.5,,4.3,1.2,,3.9,1.1,,3.1,0.8,,3.7,1.0,,3.6,1.0,,3.4,1.0,,3.1,0.7,,3.3,0.8,,3.2,0.7,,3.2,0.7,,3.4,0.7,,3.5,1.3,,4.2,1.6,,4.1,1.5,,4.0,1.4,,3.8,1.2,,3.5,1.0,,3.4,1.0,,3.6,1.1,,3.8,1.2,,3.8,1.3,,4.1,1.3,,4.3,1.4,,5.0,1.5,,5.7,1.6,,6.1,1.7,,6.9,1.8,,7.0,1.9,,7.1,1.8,,7.1,1.8,,6.8,1.8,,7.1,1.8,,6.8,1.8,,6.8,1.8,,7.0,1.8,,6.6,1.8,,6.8,2.0,,6.9,2.2,,7.3,2.4,,7.9,2.5,,7.5,2.3,,6.8,2.2,,6.1,2.0,,5.9,1.8,,5.4,1.7,,5.4,1.6,,5.5,1.7,,4.8,1.6,,4.5,1.5,,4.5,1.6,,3.8,1.3,,3.8,1.3,,3.8,1.3,,4.1,1.5,,3.9,1.5,,3.7,1.4,,3.7,1.3,,3.4,1.2,,3.5,1.3,,3.5,1.2,,3.2,1.1,,3.4,1.2,,3.1,1.2,,2.9,1.1,,2.8,1.2,,2.5,1.1,,2.9,1.1,,2.9,1.2,,3.2,1.3,,3.5,1.3,,3.3,1.2,,4.0,1.3,,4.0,1.3,,3.8,1.2,,3.9,1.3
Chelmsford,E07000070,,5.6,1.2,,5.0,1.1,,4.0,1.0,,3.5,0.9,,3.0,0.7,,3.2,0.7,,3.5,0.8,,3.2,0.8,,3.2,0.7,,3.3,0.8,,3.4,0.8,,3.3,0.7,,3.5,0.7,,3.3,1.0,,3.4,1.0,,3.6,1.1,,3.7,1.0,,3.6,0.9,,3.7,0.8,,3.6,0.8,,3.7,0.9,,3.6,0.9,,3.5,1.0,,3.8,1.0,,4.2,1.1,,4.6,1.1,,5.3,1.2,,5.5,1.2,,5.8,1.1,,6.2,1.2,,6.2,1.2,,6.0,1.2,,6.0,1.3,,6.3,1.3,,6.4,1.3,,6.4,1.4,,6.2,1.3,,6.0,1.3,,5.7,1.3,,6.0,1.5,,6.2,1.5,,6.2,1.6,,6.1,1.5,,5.9,1.5,,5.4,1.5,,5.0,1.2,,4.7,1.2,,4.5,1.1,,4.6,1.1,,4.7,1.2,,4.6,1.1,,4.4,1.1,,4.0,1.0,,3.8,1.0,,3.6,0.9,,3.6,0.9,,3.3,0.9,,3.0,0.9,,3.1,0.8,,2.9,0.9,,3.3,1.0,,3.3,0.9,,3.4,0.9,,3.8,1.1,,3.5,1.2,,3.5,1.2,,3.0,1.1,,2.5,0.9,,2.5,0.8,,2.5,0.9,,2.8,1.0,,3.3,1.0,,3.4,1.0,,3.9,1.0,,4.1,1.1,,3.9,1.0,,3.6,0.9
Colchester,E07000071,,6.4,1.3,,5.3,1.1,,4.3,1.0,,4.0,1.0,,3.2,0.7,,3.1,0.7,,3.7,0.9,,3.5,0.8,,3.4,0.7,,3.5,0.8,,3.5,0.8,,3.5,0.8,,3.5,0.8,,3.7,1.1,,4.3,1.3,,4.4,1.3,,4.4,1.2,,4.6,1.1,,4.4,1.0,,4.2,1.0,,4.2,1.1,,4.3,1.1,,4.2,1.2,,4.3,1.1,,4.8,1.2,,5.4,1.2,,5.9,1.3,,6.5,1.4,,6.9,1.4,,7.2,1.4,,6.8,1.4,,6.4,1.4,,6.4,1.5,,6.3,1.4,,6.4,1.4,,6.3,1.3,,6.3,1.4,,6.2,1.4,,7.0,1.6,,7.4,1.9,,6.8,1.8,,6.7,1.8,,6.5,1.7,,6.1,1.7,,6.1,1.7,,6.2,1.5,,5.9,1.5,,5.9,1.4,,5.7,1.4,,4.5,1.2,,4.1,1.1,,3.7,1.0,,3.8,0.9,,3.9,1.0,,3.7,0.9,,3.9,1.0,,3.9,1.0,,4.1,1.2,,4.2,1.1,,4.0,1.2,,3.9,1.2,,3.8,1.0,,3.5,0.9,,3.7,1.0,,3.3,1.1,,3.2,1.1,,3.1,1.1,,3.2,1.1,,3.7,1.1,,3.8,1.2,,4.3,1.4,,4.5,1.4,,4.6,1.3,,4.2,1.0,,4.1,1.0,,3.7,0.9,,3.6,1.0
Epping Forest,E07000072,,5.6,1.3,,5.5,1.3,,4.4,1.1,,4.3,1.1,,3.5,0.8,,3.2,0.7,,3.6,0.9,,3.5,0.9,,3.6,0.8,,3.6,0.8,,3.8,0.8,,3.6,0.8,,3.7,0.8,,3.7,1.2,,3.7,1.2,,4.1,1.3,,4.2,1.3,,4.5,1.2,,4.4,1.1,,4.5,1.1,,4.5,1.2,,4.1,1.1,,4.2,1.3,,4.1,1.2,,5.1,1.4,,5.3,1.4,,6.0,1.5,,6.4,1.5,,6.6,1.5,,7.2,1.7,,7.1,1.8,,7.7,2.0,,7.3,2.0,,7.1,1.8,,6.7,1.7,,6.9,1.7,,7.4,1.8,,7.0,1.8,,7.1,1.9,,6.5,1.8,,5.8,1.7,,5.7,1.6,,5.3,1.5,,5.6,1.7,,5.6,1.7,,5.7,1.6,,5.7,1.6,,5.2,1.4,,5.3,1.4,,5.3,1.5,,4.7,1.3,,4.3,1.2,,3.8,1.0,,3.4,0.9,,3.3,0.9,,3.6,1.0,,3.7,1.1,,3.7,1.2,,3.8,1.1,,3.5,1.1,,3.7,1.3,,3.5,1.0,,3.7,1.1,,3.7,1.2,,3.2,1.1,,3.1,1.2,,2.7,1.0,,2.5,1.0,,2.8,1.0,,2.8,1.0,,3.1,1.1,,3.6,1.2,,3.8,1.2,,4.4,1.2,,4.2,1.2,,4.1,1.1,,3.8,1.0
Harlow,E07000073,,7.1,1.7,,6.3,1.6,,5.5,1.5,,4.9,1.4,,3.2,0.8,,3.9,1.1,,4.4,1.3,,4.6,1.3,,4.1,0.9,,4.6,1.0,,4.5,1.0,,4.8,1.0,,5.0,1.0,,4.7,1.5,,5.6,1.8,,5.5,1.8,,5.1,1.6,,4.7,1.4,,4.6,1.3,,4.6,1.3,,4.9,1.5,,5.3,1.6,,5.6,1.7,,5.4,1.7,,5.9,1.8,,6.6,1.9,,7.3,2.0,,7.9,2.1,,8.7,2.2,,9.8,2.4,,9.4,2.3,,9.5,2.3,,9.4,2.5,,8.5,2.2,,8.5,2.4,,8.4,2.3,,8.9,2.4,,8.7,2.4,,9.4,2.7,,10.0,3.1,,9.6,3.0,,10.7,3.3,,10.0,3.0,,9.8,3.0,,8.9,2.9,,7.5,2.3,,7.0,2.2,,6.2,1.9,,6.5,1.9,,6.7,2.1,,6.8,2.1,,6.4,2.0,,5.4,1.7,,5.0,1.5,,4.2,1.2,,4.1,1.2,,4.2,1.3,,4.1,1.4,,4.4,1.4,,4.1,1.4,,4.1,1.5,,4.4,1.4,,4.2,1.4,,5.0,1.8,,4.7,1.8,,4.7,1.9,,4.7,1.8,,4.5,1.7,,5.2,1.8,,4.8,1.7,,5.1,2.0,,4.5,1.7,,5.0,1.9,,5.1,1.7,,5.3,1.7,,5.0,1.5,,4.4,1.4
Maldon,E07000074,,6.3,1.8,,4.7,1.4,,4.4,1.3,,4.2,1.3,,2.9,0.9,,2.8,0.8,,2.9,0.9,,3.0,1.0,,2.9,0.7,,3.2,0.8,,3.2,0.7,,3.0,0.7,,3.1,0.7,,2.8,1.1,,3.2,1.2,,3.7,1.3,,3.9,1.3,,3.7,1.2,,3.4,1.0,,3.5,1.0,,3.8,1.2,,3.5,1.1,,3.3,1.1,,3.2,1.1,,3.6,1.3,,4.5,1.4,,5.1,1.6,,5.7,1.7,,5.7,1.5,,6.3,1.7,,6.5,1.8,,6.3,1.7,,6.5,1.9,,6.1,1.8,,6.5,2.0,,6.4,2.1,,6.3,2.1,,6.0,2.0,,4.8,1.7,,5.6,2.0,,5.5,2.0,,5.7,1.9,,5.3,1.8,,5.2,1.8,,5.4,1.9,,5.3,1.7,,4.8,1.6,,4.9,1.5,,4.7,1.6,,4.3,1.6,,5.0,1.7,,4.1,1.6,,3.3,1.2,,3.3,1.2,,3.1,1.2,,3.3,1.3,,3.4,1.4,,3.8,1.5,,3.9,1.5,,3.7,1.5,,3.9,1.5,,4.2,1.5,,3.8,1.3,,4.1,1.5,,3.7,1.5,,2.7,1.1,,2.6,1.1,,2.4,1.0,,2.6,1.1,,2.9,1.2,,3.4,1.6,,4.0,1.8,,4.2,1.7,,4.8,2.1,,4.0,1.7,,3.6,1.4,,3.4,1.4
Rochford,E07000075,,6.2,1.5,,5.0,1.3,,4.3,1.2,,3.5,1.0,,3.1,0.8,,3.7,1.0,,3.6,1.0,,3.0,0.9,,3.0,0.7,,3.5,0.8,,3.2,0.7,,3.1,0.7,,3.2,0.7,,2.7,1.0,,2.9,1.1,,3.4,1.2,,3.6,1.2,,3.9,1.2,,3.7,1.0,,3.5,1.0,,3.7,1.1,,3.4,1.1,,3.5,1.1,,3.5,1.1,,3.8,1.2,,4.1,1.2,,4.7,1.4,,5.0,1.4,,5.3,1.4,,5.5,1.4,,5.2,1.4,,4.7,1.4,,4.6,1.4,,4.8,1.5,,4.9,1.5,,5.1,1.5,,5.1,1.5,,5.4,1.7,,5.4,1.7,,5.9,1.9,,5.4,1.8,,5.0,1.7,,5.1,1.7,,5.0,1.7,,5.1,1.9,,4.7,1.5,,4.3,1.5,,4.6,1.5,,4.4,1.4,,4.4,1.5,,4.0,1.4,,3.3,1.2,,3.0,1.1,,2.8,1.0,,2.6,0.9,,2.6,0.9,,2.8,1.0,,2.8,1.1,,3.4,1.3,,3.1,1.2,,3.2,1.3,,2.9,1.0,,2.5,0.9,,2.9,1.0,,2.6,1.0,,2.6,1.1,,2.3,1.0,,2.0,0.8,,2.2,0.8,,2.2,0.9,,2.7,1.1,,3.3,1.2,,3.7,1.3,,3.7,1.2,,3.9,1.2,,3.4,1.0,,3.0,0.9
Tendring,E07000076,,8.5,2.0,,6.8,1.6,,6.2,1.7,,5.8,1.6,,4.7,1.2,,4.4,1.1,,4.6,1.2,,4.1,1.1,,3.9,0.8,,4.1,0.9,,4.3,0.9,,4.4,1.0,,4.6,1.0,,5.3,1.7,,5.9,1.9,,6.0,1.9,,6.2,1.8,,5.7,1.6,,5.5,1.4,,6.0,1.5,,6.0,1.6,,6.0,1.6,,6.1,1.7,,5.5,1.5,,6.3,1.7,,6.9,1.8,,7.8,2.0,,7.7,1.9,,7.2,1.7,,7.6,1.7,,7.6,1.9,,8.6,2.1,,9.1,2.4,,9.7,2.4,,10.0,2.5,,9.2,2.4,,9.7,2.6,,9.2,2.5,,8.8,2.3,,9.2,2.5,,9.1,2.5,,10.2,2.7,,9.3,2.6,,9.3,2.6,,8.8,2.5,,8.4,2.2,,8.2,2.1,,8.3,2.1,,8.1,2.1,,6.9,2.0,,6.5,1.9,,5.8,1.8,,5.7,1.7,,6.0,1.7,,6.0,1.6,,6.4,1.7,,6.4,1.8,,5.7,1.8,,5.9,1.7,,5.5,1.7,,5.4,1.8,,5.6,1.5,,5.3,1.6,,4.8,1.5,,4.0,1.5,,3.8,1.5,,3.5,1.4,,3.9,1.5,,4.9,1.7,,5.1,1.8,,5.4,2.1,,4.9,1.7,,5.4,1.7,,6.2,1.7,,6.2,1.7,,5.4,1.5,,4.8,1.5
Uttlesford,E07000077,,4.0,1.1,,3.8,1.1,,2.7,0.8,,2.3,0.7,,2.1,0.6,,2.0,0.6,,2.6,0.8,,2.5,0.8,,2.4,0.6,,2.5,0.6,,2.6,0.6,,2.5,0.6,,2.5,0.6,,2.3,0.8,,2.8,1.1,,2.5,0.9,,2.7,0.9,,2.7,0.8,,2.5,0.7,,2.5,0.7,,2.5,0.8,,2.4,0.8,,2.2,0.7,,2.5,0.8,,2.9,0.9,,3.1,0.9,,3.6,1.0,,3.7,1.0,,3.8,1.0,,4.1,1.1,,4.5,1.2,,4.4,1.2,,4.5,1.3,,4.7,1.4,,4.3,1.2,,4.3,1.2,,4.4,1.3,,4.1,1.2,,4.1,1.3,,4.0,1.3,,3.6,1.2,,3.6,1.2,,3.4,1.1,,3.3,1.1,,3.0,1.1,,2.9,0.9,,2.8,0.9,,3.1,1.0,,3.1,0.9,,3.0,1.0,,3.0,0.9,,2.8,0.9,,2.7,0.9,,2.6,0.9,,2.3,0.8,,2.0,0.7,,2.1,0.7,,2.1,0.8,,2.4,0.8,,2.2,0.8,,2.4,1.0,,2.5,0.8,,2.4,0.8,,3.0,1.1,,3.0,1.2,,3.1,1.3,,2.9,1.3,,2.2,0.9,,2.1,0.8,,2.0,0.8,,2.4,1.0,,3.0,1.2,,3.8,1.5,,4.4,1.5,,4.4,1.4,,3.6,1.0,,3.0,0.9
Broxbourne,E07000095,,6.8,1.6,,5.2,1.3,,3.9,1.1,,3.5,1.0,,3.2,0.8,,3.6,0.9,,4.0,1.1,,3.4,0.9,,3.9,0.8,,4.1,0.9,,4.0,0.9,,3.7,0.8,,4.1,0.9,,4.5,1.5,,5.2,1.7,,5.2,1.7,,4.5,1.4,,4.3,1.2,,4.2,1.1,,4.3,1.2,,4.2,1.2,,3.9,1.1,,3.4,1.1,,3.8,1.1,,4.4,1.3,,5.2,1.4,,6.1,1.6,,6.1,1.6,,6.8,1.7,,7.1,1.8,,7.3,1.8,,7.5,1.8,,7.7,2.1,,7.4,1.9,,7.5,2.0,,7.5,2.1,,6.9,1.9,,7.1,2.0,,6.7,2.0,,6.5,2.0,,6.4,2.1,,5.7,1.9,,6.0,2.0,,6.3,2.1,,6.3,2.1,,6.3,1.8,,5.2,1.5,,5.0,1.4,,4.8,1.3,,4.7,1.4,,4.7,1.3,,4.2,1.3,,3.9,1.2,,3.6,1.1,,3.5,1.0,,3.8,1.1,,4.1,1.2,,3.8,1.3,,3.9,1.2,,3.3,1.2,,3.5,1.3,,3.7,1.2,,3.6,1.3,,4.2,1.5,,3.5,1.4,,3.6,1.5,,3.4,1.4,,3.3,1.3,,3.6,1.4,,3.3,1.2,,3.5,1.3,,3.6,1.3,,3.9,1.3,,4.6,1.4,,4.4,1.4,,4.4,1.3,,4.1,1.2
Dacorum,E07000096,,4.7,1.0,,4.0,0.9,,2.9,0.7,,3.2,0.8,,2.8,0.6,,3.1,0.7,,3.4,0.8,,3.4,0.8,,3.5,0.8,,3.6,0.8,,3.6,0.8,,3.4,0.8,,3.5,0.8,,3.2,1.0,,3.7,1.1,,4.0,1.2,,4.2,1.2,,4.4,1.1,,4.0,0.9,,3.9,1.0,,3.7,1.0,,3.5,1.0,,3.5,1.1,,3.7,1.0,,4.3,1.2,,4.8,1.2,,5.4,1.4,,6.3,1.5,,6.6,1.4,,6.9,1.5,,6.3,1.4,,5.8,1.3,,5.2,1.3,,5.3,1.2,,5.4,1.3,,5.4,1.3,,5.7,1.4,,5.9,1.5,,6.2,1.5,,6.4,1.7,,6.0,1.6,,5.6,1.6,,5.2,1.4,,4.7,1.4,,4.3,1.3,,4.4,1.1,,4.0,1.0,,4.5,1.1,,4.5,1.1,,4.2,1.1,,4.1,1.0,,3.7,1.0,,3.6,0.9,,3.4,0.9,,3.3,0.8,,3.3,0.9,,3.2,0.9,,3.2,1.0,,3.6,1.0,,3.2,1.0,,3.4,1.1,,3.3,0.9,,3.1,0.9,,3.4,1.0,,3.2,1.1,,3.1,1.1,,2.6,1.0,,2.1,0.8,,2.4,0.8,,2.7,0.9,,3.2,1.1,,3.5,1.1,,3.5,1.0,,3.7,1.0,,3.7,1.0,,3.7,0.9,,3.5,0.9
East Hertfordshire,E07000242,,4.3,1.0,,3.5,0.9,,2.5,0.7,,2.7,0.7,,2.1,0.5,,2.1,0.5,,2.3,0.6,,2.3,0.6,,2.3,0.6,,2.5,0.6,,2.8,0.6,,2.7,0.6,,3.0,0.6,,2.8,0.9,,3.2,1.0,,3.5,1.1,,3.8,1.1,,3.6,1.0,,3.2,0.8,,3.2,0.8,,3.1,0.8,,3.0,0.8,,2.8,0.8,,2.8,0.8,,3.2,0.9,,3.5,0.9,,4.1,1.0,,4.4,1.0,,4.7,1.0,,4.7,1.0,,4.6,1.0,,4.4,1.0,,4.3,1.1,,4.9,1.2,,4.9,1.2,,5.1,1.2,,5.2,1.2,,5.0,1.3,,4.8,1.2,,4.9,1.3,,4.4,1.2,,4.4,1.3,,4.4,1.3,,4.4,1.3,,4.2,1.3,,3.8,1.0,,3.8,1.0,,3.7,0.9,,3.6,0.9,,3.4,0.9,,3.1,0.8,,2.7,0.8,,2.6,0.7,,2.8,0.8,,2.9,0.7,,3.1,0.8,,3.1,0.8,,2.9,0.9,,2.9,0.8,,2.4,0.8,,2.6,0.9,,2.8,0.8,,2.7,0.8,,3.0,0.9,,2.6,0.9,,2.5,0.9,,2.4,0.9,,2.3,0.8,,2.3,0.8,,2.3,0.8,,2.6,0.9,,3.0,0.9,,3.2,0.9,,3.7,1.0,,3.7,1.0,,3.3,0.9,,3.0,0.8
Hertsmere,E07000098,,5.2,1.3,,4.3,1.1,,3.2,0.9,,3.0,0.9,,2.6,0.6,,3.5,0.9,,3.6,0.9,,3.5,0.9,,3.1,0.7,,3.3,0.8,,3.6,0.8,,3.7,0.8,,3.8,0.8,,3.1,1.1,,3.5,1.2,,4.0,1.4,,4.0,1.3,,4.1,1.2,,3.9,1.0,,3.9,1.0,,4.2,1.1,,4.0,1.1,,4.1,1.2,,4.2,1.2,,4.9,1.3,,5.0,1.3,,5.4,1.4,,5.3,1.3,,5.4,1.3,,6.3,1.4,,6.0,1.4,,6.2,1.5,,6.1,1.7,,5.4,1.4,,5.9,1.5,,5.6,1.5,,5.8,1.6,,5.9,1.7,,5.9,1.7,,6.3,1.9,,5.6,1.7,,5.5,1.8,,5.5,1.7,,5.6,1.8,,5.3,1.7,,5.0,1.4,,4.6,1.3,,4.5,1.2,,5.0,1.4,,5.2,1.5,,5.3,1.6,,4.9,1.5,,4.4,1.3,,4.1,1.2,,3.4,1.0,,3.7,1.1,,3.5,1.1,,3.2,1.1,,3.4,1.0,,3.2,1.1,,3.5,1.2,,3.6,1.1,,3.9,1.3,,4.2,1.4,,3.9,1.5,,4.0,1.6,,3.5,1.5,,2.9,1.3,,2.8,1.1,,2.7,1.1,,3.0,1.2,,3.9,1.4,,4.4,1.4,,4.8,1.4,,4.8,1.4,,4.3,1.2,,3.7,1.1
North Hertfordshire,E07000099,,5.5,1.2,,4.6,1.1,,3.7,1.0,,3.7,1.0,,2.9,0.7,,2.9,0.7,,3.0,0.7,,3.2,0.8,,3.1,0.7,,3.5,0.8,,3.5,0.8,,3.4,0.8,,3.6,0.8,,3.8,1.1,,4.2,1.3,,4.3,1.3,,4.5,1.3,,4.3,1.1,,3.9,0.9,,3.8,0.9,,3.7,1.0,,3.7,1.0,,3.8,1.1,,3.8,1.0,,4.0,1.1,,4.3,1.1,,5.0,1.3,,5.4,1.3,,5.8,1.3,,6.2,1.4,,6.0,1.3,,5.9,1.3,,6.1,1.5,,6.2,1.4,,6.2,1.4,,6.0,1.3,,5.8,1.3,,5.5,1.4,,6.1,1.5,,6.9,1.9,,6.4,1.8,,6.8,1.8,,6.4,1.7,,6.1,1.7,,6.3,1.8,,5.5,1.4,,5.0,1.3,,4.8,1.2,,4.8,1.2,,4.9,1.3,,4.6,1.2,,4.2,1.1,,3.7,1.0,,3.4,0.9,,3.1,0.8,,3.4,0.9,,3.4,0.9,,3.4,1.1,,3.8,1.1,,3.5,1.1,,3.3,1.1,,3.5,0.9,,3.3,0.9,,3.2,1.0,,3.2,1.1,,3.1,1.1,,2.9,1.1,,2.9,1.0,,2.9,1.0,,2.9,1.0,,3.3,1.1,,3.3,1.1,,3.5,1.0,,3.8,1.0,,3.7,1.0,,3.5,0.9,,3.4,1.0
St Albans,E07000240,,3.8,0.9,,3.5,0.8,,2.5,0.7,,2.6,0.7,,2.2,0.5,,2.5,0.6,,2.7,0.7,,2.5,0.6,,2.4,0.5,,2.5,0.6,,2.5,0.6,,2.5,0.6,,2.5,0.6,,2.5,0.8,,3.0,0.9,,3.2,1.0,,3.3,0.9,,3.4,0.9,,3.2,0.7,,3.1,0.7,,3.3,0.9,,3.0,0.8,,2.9,0.8,,2.9,0.8,,3.1,0.8,,3.5,0.9,,3.9,1.0,,4.1,1.0,,4.3,1.0,,4.5,1.0,,4.6,1.0,,4.6,1.0,,4.8,1.2,,4.8,1.1,,4.6,1.1,,4.1,1.0,,4.4,1.1,,4.5,1.2,,4.5,1.2,,4.9,1.3,,4.8,1.3,,5.1,1.4,,5.0,1.4,,5.1,1.5,,4.6,1.4,,3.7,1.0,,3.7,1.0,,3.7,0.9,,3.6,0.9,,3.4,0.9,,3.2,0.9,,2.9,0.8,,2.7,0.8,,2.8,0.8,,2.8,0.8,,3.0,0.8,,3.4,1.0,,3.5,1.2,,3.6,1.1,,3.3,1.1,,3.2,1.1,,3.4,1.0,,3.2,1.0,,3.5,1.1,,3.3,1.2,,3.4,1.3,,3.5,1.3,,3.0,1.2,,3.0,1.0,,2.7,1.0,,2.8,1.0,,3.4,1.1,,3.3,0.9,,3.6,0.9,,3.4,0.9,,3.2,0.8,,2.8,0.8
Stevenage,E07000243,,7.4,1.7,,6.1,1.5,,4.5,1.2,,4.1,1.2,,3.3,0.8,,3.7,0.9,,3.7,1.0,,3.5,0.9,,3.5,0.8,,4.0,0.9,,4.1,0.9,,4.0,0.9,,4.2,0.9,,3.8,1.2,,4.4,1.5,,5.3,1.7,,5.1,1.6,,4.6,1.3,,4.7,1.3,,4.2,1.1,,4.2,1.2,,4.5,1.4,,4.4,1.4,,4.8,1.5,,5.3,1.6,,5.7,1.6,,6.6,1.8,,6.6,1.8,,7.5,2.0,,7.7,2.1,,7.2,1.9,,7.6,2.0,,7.1,2.0,,7.0,1.9,,7.1,2.0,,7.3,2.0,,7.7,2.1,,8.0,2.3,,7.8,2.4,,7.3,2.3,,7.0,2.1,,7.5,2.2,,7.8,2.3,,7.9,2.4,,7.8,2.3,,7.3,1.9,,6.7,1.8,,6.7,1.7,,6.4,1.6,,5.8,1.6,,5.9,1.6,,4.8,1.4,,4.4,1.3,,4.3,1.3,,4.0,1.1,,4.4,1.3,,4.2,1.3,,4.3,1.5,,4.5,1.4,,4.0,1.4,,4.2,1.6,,4.1,1.3,,3.5,1.1,,3.7,1.2,,3.3,1.2,,3.3,1.3,,3.0,1.2,,2.7,1.0,,3.1,1.1,,3.0,1.1,,3.5,1.3,,3.5,1.3,,3.5,1.1,,3.9,1.2,,4.3,1.4,,4.1,1.3,,4.3,1.4
Three Rivers,E07000102,,5.0,1.3,,3.8,1.0,,3.1,0.9,,3.4,1.0,,2.5,0.6,,2.9,0.7,,3.6,0.9,,3.2,0.9,,3.1,0.7,,3.3,0.8,,3.3,0.7,,3.4,0.8,,3.5,0.7,,3.8,1.2,,4.4,1.4,,4.3,1.4,,4.1,1.3,,4.0,1.1,,3.5,0.9,,3.4,0.9,,3.4,1.0,,3.4,1.0,,3.4,1.1,,3.4,1.0,,4.0,1.1,,4.2,1.2,,4.5,1.3,,4.9,1.3,,5.1,1.2,,5.4,1.3,,5.8,1.4,,5.8,1.4,,6.0,1.6,,6.3,1.7,,6.7,1.8,,6.2,1.8,,5.8,1.7,,6.0,1.7,,5.9,1.7,,6.5,2.0,,6.5,2.0,,6.2,1.9,,6.0,1.8,,6.3,2.0,,5.6,1.8,,5.0,1.4,,4.4,1.3,,4.3,1.2,,4.1,1.2,,3.7,1.1,,3.4,1.1,,3.1,1.0,,3.0,1.0,,2.9,1.0,,3.1,1.0,,3.3,1.1,,3.5,1.1,,3.5,1.4,,3.2,1.1,,2.8,1.0,,2.8,1.1,,3.2,1.1,,3.2,1.2,,3.7,1.4,,3.5,1.5,,3.0,1.3,,3.2,1.4,,2.6,1.1,,2.7,1.0,,2.7,1.0,,3.2,1.3,,3.6,1.3,,3.7,1.3,,4.0,1.2,,3.8,1.1,,3.6,1.0,,3.4,1.0
Watford,E07000103,,6.8,1.8,,5.2,1.4,,3.7,1.1,,3.6,1.0,,3.2,0.8,,3.7,1.0,,3.9,1.1,,3.8,1.0,,4.0,0.9,,4.0,0.9,,3.9,0.9,,4.0,0.9,,4.0,0.9,,4.2,1.4,,4.5,1.5,,4.1,1.4,,4.1,1.3,,4.2,1.2,,4.4,1.1,,4.7,1.2,,4.8,1.3,,4.7,1.4,,4.3,1.3,,4.3,1.2,,4.8,1.4,,4.9,1.3,,5.5,1.5,,5.5,1.5,,5.5,1.4,,5.6,1.4,,6.0,1.5,,6.3,1.6,,7.0,2.0,,7.1,1.9,,7.5,1.9,,6.8,1.8,,6.4,1.8,,6.6,1.9,,5.8,1.7,,5.5,1.7,,5.2,1.6,,4.8,1.5,,4.7,1.4,,4.5,1.4,,4.9,1.6,,5.2,1.5,,5.2,1.5,,5.6,1.5,,5.3,1.4,,4.7,1.4,,4.4,1.3,,4.1,1.3,,3.8,1.2,,4.2,1.3,,4.2,1.3,,3.9,1.2,,4.0,1.3,,3.8,1.3,,3.6,1.1,,3.6,1.3,,3.7,1.4,,4.2,1.3,,4.0,1.4,,4.2,1.5,,4.1,1.6,,3.5,1.5,,3.2,1.5,,3.0,1.3,,3.0,1.2,,3.4,1.3,,3.8,1.5,,4.0,1.4,,4.5,1.5,,4.5,1.3,,5.0,1.4,,5.0,1.3,,4.3,1.2
Welwyn Hatfield,E07000241,,5.1,1.2,,4.3,1.1,,3.0,0.9,,3.2,0.9,,2.9,0.7,,2.7,0.7,,3.6,0.9,,3.9,1.1,,3.9,0.8,,4.0,0.9,,3.9,0.9,,3.6,0.8,,3.7,0.8,,3.5,1.2,,3.8,1.3,,4.2,1.4,,4.3,1.4,,4.1,1.2,,3.8,1.0,,3.8,1.0,,4.2,1.2,,3.9,1.1,,3.8,1.2,,3.9,1.1,,4.1,1.1,,4.4,1.2,,4.9,1.3,,5.0,1.3,,5.4,1.3,,6.1,1.4,,6.2,1.5,,6.8,1.6,,6.8,1.8,,7.1,1.8,,7.2,1.9,,6.7,1.8,,7.4,1.9,,7.1,1.9,,7.1,2.0,,7.4,2.2,,6.2,1.9,,5.5,1.7,,5.3,1.6,,5.4,1.7,,5.5,1.8,,5.9,1.7,,5.7,1.6,,5.0,1.3,,5.3,1.4,,5.1,1.4,,5.0,1.3,,4.7,1.3,,4.5,1.2,,4.2,1.2,,4.0,1.1,,4.1,1.1,,3.6,1.0,,4.0,1.2,,3.8,1.1,,3.5,1.1,,3.6,1.2,,3.4,1.0,,3.3,1.0,,3.8,1.2,,3.7,1.3,,3.4,1.3,,3.2,1.2,,3.1,1.2,,3.2,1.1,,3.2,1.1,,3.4,1.2,,3.3,1.1,,3.3,1.0,,3.5,1.0,,3.7,1.0,,3.4,1.0,,3.2,1.0
Breckland,E07000143,,6.0,1.4,,6.0,1.4,,4.8,1.3,,4.5,1.2,,3.7,0.8,,3.4,0.8,,3.3,0.8,,3.4,0.9,,3.2,0.7,,3.8,0.9,,3.8,0.8,,3.8,0.8,,4.1,0.9,,3.5,1.1,,3.8,1.2,,4.0,1.3,,3.8,1.1,,3.9,1.0,,3.9,0.9,,3.9,0.9,,4.1,1.1,,4.2,1.1,,4.2,1.2,,4.8,1.3,,5.3,1.4,,5.8,1.4,,5.9,1.4,,5.7,1.2,,6.2,1.3,,6.3,1.3,,6.3,1.4,,6.3,1.4,,6.3,1.6,,6.2,1.6,,6.1,1.6,,5.8,1.6,,5.7,1.5,,5.9,1.5,,6.1,1.6,,6.5,1.7,,6.9,1.9,,7.4,2.0,,7.8,2.1,,7.7,2.2,,6.9,2.0,,5.9,1.5,,5.0,1.3,,5.2,1.3,,4.8,1.2,,4.8,1.2,,4.6,1.2,,4.1,1.1,,3.9,1.0,,3.7,1.0,,3.5,0.9,,3.4,1.0,,3.4,1.0,,3.3,1.1,,3.6,1.1,,3.5,1.2,,3.8,1.4,,3.8,1.1,,3.6,1.1,,3.7,1.1,,3.5,1.2,,3.3,1.2,,2.8,1.0,,2.5,0.9,,2.9,1.0,,3.2,1.1,,3.5,1.2,,4.1,1.3,,4.0,1.2,,4.1,1.2,,4.3,1.3,,3.7,1.0,,3.7,1.1
Broadland,E07000144,,5.3,1.2,,5.0,1.2,,4.0,1.0,,3.4,0.9,,3.3,0.7,,2.9,0.7,,2.7,0.7,,2.7,0.7,,2.9,0.7,,3.1,0.7,,3.1,0.7,,3.0,0.7,,3.0,0.7,,2.9,0.9,,3.3,1.0,,3.4,1.1,,3.5,1.0,,3.4,0.9,,3.2,0.8,,3.1,0.8,,3.0,0.8,,3.1,0.9,,3.1,0.9,,3.4,1.0,,3.9,1.1,,4.1,1.1,,4.4,1.1,,4.5,1.1,,4.5,1.0,,4.9,1.1,,5.0,1.2,,4.8,1.2,,4.8,1.3,,4.6,1.2,,5.0,1.3,,4.9,1.3,,4.8,1.3,,4.7,1.2,,4.5,1.3,,4.5,1.3,,4.4,1.3,,4.3,1.3,,4.4,1.3,,4.4,1.4,,4.5,1.4,,4.2,1.1,,4.0,1.1,,4.2,1.1,,3.9,1.0,,3.7,1.0,,3.5,1.0,,3.1,0.9,,3.0,0.8,,3.1,0.9,,3.0,0.8,,3.0,0.8,,2.9,0.8,,2.7,0.9,,2.9,0.9,,2.7,0.9,,2.8,1.0,,2.9,0.9,,2.9,0.9,,3.3,1.1,,3.2,1.1,,3.4,1.3,,2.7,1.0,,2.3,0.9,,2.0,0.7,,1.9,0.7,,2.5,0.9,,2.8,0.9,,3.0,0.9,,3.2,0.9,,3.4,1.0,,3.1,0.9,,3.1,0.9
Great Yarmouth,E07000145,,12.1,3.1,,12.4,3.2,,10.0,2.8,,8.9,2.5,,6.9,1.8,,7.3,2.0,,6.3,1.8,,5.7,1.6,,6.3,1.3,,7.3,1.5,,7.1,1.4,,6.8,1.4,,7.1,1.4,,7.5,2.3,,8.2,2.5,,8.6,2.7,,7.7,2.4,,6.4,1.9,,6.3,1.8,,6.5,1.8,,6.4,1.9,,7.2,2.1,,7.2,2.2,,7.2,2.1,,7.9,2.3,,7.7,2.2,,7.8,2.2,,8.1,2.2,,8.5,2.3,,9.1,2.4,,9.0,2.4,,8.9,2.4,,9.5,2.8,,10.0,2.7,,10.4,2.9,,10.4,2.9,,10.9,2.9,,10.1,2.7,,10.2,2.7,,9.9,2.7,,9.3,2.7,,10.1,2.8,,9.5,2.7,,9.9,2.8,,8.7,2.6,,8.4,2.2,,8.1,2.1,,7.5,2.0,,7.9,2.1,,7.3,2.1,,6.9,2.1,,5.9,1.8,,5.5,1.7,,5.1,1.6,,5.3,1.6,,6.1,1.8,,6.0,1.9,,6.2,2.3,,6.6,2.2,,6.2,2.3,,7.2,2.7,,8.1,2.6,,8.5,2.8,,7.5,2.7,,6.0,2.5,,5.3,2.4,,5.1,2.3,,5.2,2.2,,5.6,2.2,,5.4,2.2,,6.0,2.6,,6.1,2.4,,6.7,2.5,,7.8,2.7,,5.4,1.9,,5.3,1.8,,4.6,1.7
King's Lynn and West Norfolk,E07000146,,6.1,1.3,,6.2,1.4,,5.3,1.3,,5.1,1.4,,3.7,0.9,,4.2,1.0,,4.2,1.0,,3.9,1.0,,4.2,0.9,,4.3,0.9,,4.3,0.9,,4.3,0.9,,4.4,0.9,,4.2,1.3,,4.4,1.4,,4.7,1.5,,4.7,1.4,,4.7,1.2,,4.7,1.1,,4.8,1.1,,4.8,1.2,,4.6,1.2,,4.5,1.3,,4.4,1.2,,4.9,1.3,,5.4,1.3,,5.9,1.4,,6.4,1.5,,7.1,1.5,,7.3,1.6,,7.2,1.6,,7.0,1.6,,6.9,1.7,,7.6,1.8,,7.3,1.7,,7.1,1.7,,7.0,1.7,,6.9,1.7,,7.4,1.9,,7.6,2.1,,7.5,2.1,,6.8,1.9,,7.0,1.9,,6.9,2.0,,6.8,2.0,,6.9,1.8,,6.2,1.6,,6.1,1.5,,5.7,1.5,,5.4,1.5,,5.1,1.4,,4.6,1.3,,4.1,1.1,,3.7,1.0,,3.6,1.0,,3.7,1.0,,3.8,1.0,,3.8,1.2,,3.9,1.1,,3.3,1.1,,3.1,1.1,,3.4,1.0,,3.0,0.9,,3.6,1.2,,3.8,1.3,,3.3,1.2,,3.2,1.2,,3.0,1.1,,3.3,1.0,,3.2,1.1,,3.3,1.1,,3.4,1.1,,3.6,1.0,,4.1,1.1,,4.6,1.3,,4.1,1.1,,4.0,1.1
North Norfolk,E07000147,,7.0,1.7,,5.4,1.4,,5.0,1.4,,4.7,1.4,,3.7,1.0,,3.7,1.1,,3.6,1.1,,3.9,1.2,,3.5,0.8,,3.7,0.8,,4.0,0.9,,3.7,0.8,,3.9,0.8,,4.3,1.4,,4.8,1.6,,4.7,1.5,,4.5,1.4,,4.5,1.3,,4.4,1.1,,4.6,1.2,,4.7,1.3,,4.6,1.3,,5.0,1.5,,5.0,1.4,,5.8,1.7,,5.7,1.6,,5.5,1.6,,5.2,1.5,,5.1,1.4,,5.2,1.4,,5.5,1.5,,6.2,1.7,,6.5,1.8,,6.8,1.8,,6.8,1.8,,6.7,1.8,,6.7,1.8,,6.7,2.0,,6.2,1.9,,5.6,1.9,,4.8,1.7,,5.0,1.7,,5.1,1.7,,5.2,1.8,,5.2,1.8,,5.0,1.6,,4.7,1.5,,5.0,1.5,,5.3,1.6,,4.7,1.5,,4.7,1.5,,4.1,1.3,,3.4,1.1,,3.8,1.2,,3.4,1.1,,3.9,1.2,,4.0,1.3,,3.5,1.3,,3.5,1.3,,2.6,1.0,,2.5,1.1,,2.8,1.0,,2.5,0.9,,2.6,1.0,,2.4,1.1,,2.4,1.1,,2.3,1.1,,2.2,1.0,,2.6,1.1,,2.8,1.2,,3.7,1.6,,3.8,1.5,,3.8,1.4,,4.3,1.4,,3.7,1.3,,3.7,1.3,,3.5,1.3
Norwich,E07000148,,11.2,2.3,,10.6,2.3,,8.0,1.9,,8.2,2.0,,6.3,1.5,,6.4,1.5,,6.3,1.6,,5.7,1.4,,6.2,1.2,,6.3,1.3,,6.5,1.3,,6.2,1.3,,6.5,1.3,,6.2,1.8,,6.7,2.0,,6.5,2.0,,6.7,1.9,,7.0,1.8,,6.8,1.6,,6.9,1.7,,6.8,1.7,,6.4,1.7,,6.6,1.8,,6.9,1.8,,7.3,1.8,,7.4,1.8,,7.4,1.8,,7.4,1.7,,8.1,1.8,,8.8,1.9,,9.2,2.0,,9.0,1.9,,9.0,2.1,,9.0,2.0,,8.9,2.0,,9.0,2.0,,9.3,2.1,,9.7,2.2,,9.3,2.1,,9.7,2.3,,9.7,2.4,,9.9,2.5,,9.9,2.4,,9.7,2.5,,8.8,2.4,,8.4,2.0,,8.2,2.0,,8.2,2.0,,7.6,1.8,,7.2,1.8,,6.1,1.5,,5.9,1.5,,5.6,1.4,,5.5,1.3,,5.3,1.2,,5.0,1.2,,5.1,1.3,,4.9,1.5,,5.0,1.4,,5.0,1.6,,5.4,1.8,,5.4,1.5,,5.0,1.5,,4.7,1.5,,4.2,1.5,,3.9,1.4,,3.7,1.4,,4.1,1.5,,4.4,1.5,,4.4,1.5,,4.6,1.6,,4.1,1.4,,4.5,1.4,,4.7,1.4,,4.8,1.4,,4.8,1.3,,4.2,1.2
South Norfolk,E07000149,,5.1,1.2,,5.2,1.3,,4.4,1.2,,3.8,1.0,,3.2,0.8,,3.0,0.7,,3.1,0.8,,3.2,0.8,,2.7,0.6,,2.8,0.7,,2.9,0.6,,2.8,0.6,,3.0,0.6,,3.3,1.1,,3.5,1.1,,3.3,1.1,,3.6,1.1,,3.5,0.9,,3.3,0.8,,3.3,0.8,,3.4,0.9,,3.3,0.9,,3.2,0.9,,3.6,1.0,,3.9,1.1,,4.1,1.1,,4.6,1.1,,4.5,1.1,,4.6,1.0,,5.2,1.2,,5.8,1.3,,5.8,1.3,,6.0,1.5,,5.8,1.4,,5.3,1.3,,5.9,1.5,,5.5,1.4,,5.5,1.4,,5.2,1.4,,4.9,1.4,,4.3,1.3,,4.0,1.2,,4.3,1.3,,4.2,1.3,,4.7,1.4,,4.5,1.2,,4.5,1.2,,4.7,1.2,,4.5,1.2,,4.3,1.2,,3.8,1.1,,3.3,1.0,,3.0,0.9,,2.9,0.8,,2.7,0.7,,2.8,0.8,,2.8,0.8,,2.8,0.9,,3.0,0.9,,2.7,0.9,,3.0,1.1,,3.0,0.9,,3.0,0.9,,3.3,1.1,,2.8,1.0,,2.8,1.0,,2.5,0.9,,2.1,0.8,,2.3,0.8,,2.2,0.8,,2.3,0.8,,2.9,0.9,,3.0,0.9,,3.6,1.0,,3.7,1.0,,3.4,0.9,,3.3,1.0
Babergh,E07000200,,5.1,1.2,,4.8,1.2,,4.2,1.2,,3.7,1.1,,3.2,0.8,,3.3,0.8,,3.4,1.0,,2.8,0.8,,3.0,0.7,,3.2,0.8,,3.1,0.7,,3.1,0.7,,3.0,0.7,,3.1,1.1,,3.5,1.2,,3.8,1.3,,3.8,1.2,,3.8,1.1,,3.6,1.0,,3.4,1.0,,3.2,1.0,,3.1,1.0,,3.0,1.0,,3.1,1.0,,3.4,1.1,,4.2,1.2,,4.8,1.4,,4.9,1.4,,5.2,1.3,,5.0,1.2,,5.4,1.3,,5.3,1.3,,5.2,1.5,,5.8,1.6,,5.4,1.5,,5.3,1.4,,5.7,1.5,,5.5,1.5,,5.6,1.5,,5.7,1.6,,5.5,1.6,,5.8,1.8,,5.8,1.8,,5.8,1.9,,5.6,1.9,,5.2,1.6,,4.3,1.4,,4.6,1.4,,4.4,1.3,,3.9,1.2,,3.9,1.3,,3.5,1.1,,3.4,1.1,,3.4,1.1,,3.2,0.9,,3.2,0.9,,3.4,1.0,,3.6,1.2,,3.6,1.1,,3.3,1.2,,3.7,1.3,,3.4,1.0,,3.2,1.0,,3.6,1.1,,3.1,1.1,,2.9,1.1,,2.9,1.1,,2.9,1.1,,3.2,1.1,,2.8,1.0,,2.8,1.1,,3.1,1.1,,3.1,1.0,,3.6,1.1,,3.7,1.1,,3.4,1.0,,3.4,1.1
East Suffolk,E07000244,,:,:,,:,:,,:,:,,:,:,,:,:,,:,:,,:,:,,:,:,,:,:,,:,:,,:,:,,:,:,,:,:,,:,:,,:,:,,:,:,,:,:,,:,:,,:,:,,:,:,,:,:,,:,:,,:,:,,:,:,,:,:,,:,:,,:,:,,:,:,,:,:,,:,:,,:,:,,:,:,,:,:,,:,:,,:,:,,:,:,,:,:,,6.2,:,,6.0,:,,6.7,:,,6.5,:,,6.5,:,,6.2,:,,6.3,:,,6.2,:,,5.7,:,,5.5,:,,5.3,:,,5.1,:,,4.6,:,,4.2,:,,4.0,:,,3.6,:,,3.8,:,,3.7,:,,3.9,:,,4.0,:,,4.0,:,,4.1,:,,3.5,:,,3.7,:,,3.7,:,,3.6,:,,3.7,:,,3.4,:,,3.4,:,,3.2,:,,3.0,:,,3.1,:,,3.0,:,,3.3,:,,3.8,:,,4.1,:,,4.6,:,,4.6,:,,3.9,:,,3.7,:
Ipswich,E07000202,,8.0,1.8,,7.9,1.7,,6.4,1.5,,5.5,1.4,,4.4,1.0,,5.3,1.2,,5.6,1.4,,5.5,1.4,,4.8,1.0,,4.8,1.1,,4.8,1.0,,4.8,1.0,,5.0,1.0,,5.3,1.6,,5.5,1.6,,5.4,1.6,,5.2,1.5,,5.1,1.3,,5.1,1.2,,4.9,1.1,,5.2,1.3,,5.1,1.3,,5.0,1.4,,5.2,1.3,,6.1,1.5,,6.8,1.5,,7.3,1.6,,7.7,1.6,,8.3,1.6,,8.5,1.7,,8.4,1.7,,8.2,1.8,,8.4,1.9,,8.4,1.9,,8.5,1.9,,9.0,2.0,,8.8,2.0,,8.6,2.0,,9.2,2.1,,9.8,2.3,,9.4,2.3,,9.7,2.4,,8.9,2.2,,8.2,2.1,,8.5,2.2,,8.1,1.9,,7.2,1.7,,7.1,1.7,,6.7,1.5,,6.5,1.6,,6.6,1.6,,6.2,1.5,,5.8,1.4,,5.1,1.3,,4.7,1.1,,4.9,1.2,,4.8,1.2,,5.1,1.5,,5.2,1.3,,4.6,1.3,,4.6,1.4,,4.6,1.2,,4.6,1.2,,4.9,1.4,,4.2,1.4,,4.1,1.4,,3.7,1.3,,3.8,1.3,,4.9,1.5,,4.5,1.5,,4.7,1.6,,4.4,1.4,,4.6,1.4,,5.1,1.4,,4.8,1.3,,4.2,1.1,,3.7,1.1
Mid Suffolk,E07000203,,4.8,1.2,,4.2,1.1,,3.8,1.1,,2.9,0.9,,2.9,0.8,,3.1,0.8,,2.8,0.8,,3.1,0.9,,2.7,0.6,,2.8,0.7,,2.8,0.6,,2.7,0.6,,2.8,0.6,,2.9,1.0,,3.4,1.1,,3.6,1.2,,3.8,1.2,,3.6,1.1,,3.2,0.9,,3.3,0.9,,3.2,0.9,,2.9,0.9,,2.8,0.9,,3.0,0.9,,3.8,1.1,,4.1,1.1,,4.4,1.2,,4.6,1.2,,4.6,1.1,,4.7,1.2,,5.0,1.2,,4.9,1.2,,4.8,1.2,,5.0,1.2,,4.8,1.2,,4.6,1.2,,4.5,1.2,,4.8,1.3,,5.0,1.4,,5.2,1.5,,4.8,1.4,,4.1,1.3,,3.9,1.2,,4.0,1.3,,3.8,1.3,,3.7,1.1,,3.7,1.1,,3.7,1.0,,3.8,1.1,,3.8,1.2,,3.6,1.1,,3.2,1.0,,3.1,1.0,,3.1,1.0,,3.2,0.9,,3.3,1.0,,3.5,1.0,,3.5,1.2,,3.3,1.0,,2.9,1.0,,2.9,1.0,,3.0,0.9,,2.8,0.9,,3.4,1.1,,3.3,1.2,,3.1,1.2,,3.1,1.2,,2.3,0.9,,2.5,0.9,,2.5,0.9,,2.7,1.0,,3.4,1.2,,3.6,1.2,,3.8,1.1,,3.6,1.1,,3.4,1.0,,3.2,1.0
West Suffolk,E07000245,,:,:,,:,:,,:,:,,:,:,,:,:,,:,:,,:,:,,:,:,,:,:,,:,:,,:,:,,:,:,,:,:,,:,:,,:,:,,:,:,,:,:,,:,:,,:,:,,:,:,,:,:,,:,:,,:,:,,:,:,,:,:,,:,:,,:,:,,:,:,,:,:,,:,:,,:,:,,:,:,,:,:,,:,:,,:,:,,:,:,,:,:,,5.3,:,,5.3,:,,5.5,:,,5.2,:,,5.5,:,,5.6,:,,5.2,:,,4.9,:,,4.7,:,,4.3,:,,4.4,:,,4.1,:,,3.7,:,,3.7,:,,3.3,:,,3.1,:,,2.9,:,,2.9,:,,3.0,:,,3.0,:,,2.9,:,,3.2,:,,3.0,:,,3.3,:,,3.4,:,,3.3,:,,3.6,:,,3.2,:,,3.1,:,,2.7,:,,2.5,:,,2.5,:,,2.5,:,,2.8,:,,2.9,:,,3.0,:,,3.6,:,,3.7,:,,3.7,:,,3.6,:
Camden,E09000007,,12.2,2.6,,8.9,2.1,,8.7,2.1,,7.9,2.0,,7.5,1.4,,7.6,1.4,,8.5,1.6,,7.7,1.4,,7.6,1.6,,7.3,1.6,,7.7,1.6,,6.9,1.6,,7.7,1.6,,8.5,2.0,,8.3,2.0,,8.7,1.9,,8.3,1.8,,7.9,1.6,,8.4,1.5,,7.8,1.5,,6.9,1.4,,6.8,1.4,,6.8,1.5,,7.0,1.4,,7.0,1.4,,7.0,1.4,,7.3,1.4,,7.9,1.5,,8.8,1.5,,9.3,1.6,,9.2,1.6,,9.0,1.7,,8.7,1.8,,7.8,1.6,,8.4,1.6,,8.5,1.6,,8.8,1.7,,9.2,1.9,,8.4,1.7,,7.6,1.7,,7.8,1.7,,7.9,1.7,,8.7,1.8,,8.9,1.9,,7.6,1.8,,7.5,1.6,,6.6,1.4,,6.4,1.4,,6.7,1.4,,6.2,1.4,,6.1,1.3,,6.3,1.4,,5.5,1.2,,5.5,1.3,,5.7,1.2,,5.2,1.2,,5.8,1.3,,5.8,1.5,,5.3,1.3,,5.3,1.4,,5.2,1.5,,5.2,1.3,,5.0,1.4,,5.2,1.4,,4.5,1.4,,4.7,1.5,,4.8,1.6,,4.2,1.4,,4.5,1.4,,4.0,1.3,,4.1,1.4,,4.1,1.3,,5.3,1.5,,5.4,1.7,,5.4,1.8,,5.7,1.7,,4.7,1.6
Hackney,E09000012,,24.2,3.8,,20.5,3.5,,15.3,3.1,,13.5,2.8,,14.2,2.3,,11.6,2.0,,10.8,1.9,,10.4,1.9,,11.4,2.2,,11.0,2.2,,10.7,2.1,,10.7,2.1,,10.6,2.0,,11.0,2.4,,10.9,2.3,,11.1,2.3,,11.6,2.3,,11.5,2.2,,11.5,2.1,,10.7,1.9,,11.4,2.1,,11.3,2.1,,10.0,2.0,,10.1,1.9,,9.0,1.7,,9.3,1.7,,9.8,1.8,,10.5,1.8,,11.0,1.7,,11.1,1.7,,10.3,1.7,,10.1,1.7,,10.4,1.9,,10.8,1.9,,11.6,1.9,,11.4,1.9,,10.7,1.9,,10.4,1.9,,10.3,1.9,,10.0,1.9,,10.8,2.1,,10.9,2.2,,11.5,2.2,,11.6,2.3,,10.9,2.2,,10.7,2.0,,9.1,1.7,,8.8,1.7,,8.0,1.5,,7.8,1.6,,7.3,1.5,,6.9,1.5,,6.7,1.4,,6.9,1.4,,7.9,1.5,,7.6,1.5,,7.2,1.6,,6.4,1.6,,5.7,1.4,,5.2,1.4,,4.8,1.3,,5.2,1.2,,5.7,1.4,,6.1,1.6,,6.0,1.7,,5.7,1.7,,5.0,1.5,,4.5,1.4,,4.9,1.4,,5.7,1.5,,5.4,1.6,,6.1,1.7,,6.3,1.8,,6.0,1.7,,6.1,1.8,,5.7,1.6,,4.8,1.5
Hammersmith and Fulham,E09000013,,10.8,2.3,,9.2,2.2,,7.2,1.9,,8.1,2.2,,6.7,1.3,,6.6,1.3,,8.2,1.6,,7.6,1.4,,8.1,1.8,,7.6,1.7,,7.5,1.6,,6.2,1.4,,6.9,1.4,,8.1,1.7,,7.6,1.7,,8.4,1.8,,7.9,1.7,,7.7,1.6,,8.2,1.5,,7.5,1.5,,7.0,1.5,,6.9,1.6,,7.1,1.7,,7.5,1.6,,7.7,1.6,,7.4,1.6,,8.3,1.7,,8.5,1.6,,9.1,1.6,,10.0,1.7,,8.8,1.6,,8.6,1.6,,8.5,1.8,,7.6,1.5,,8.2,1.5,,8.6,1.6,,8.1,1.5,,8.6,1.7,,8.6,1.7,,8.1,1.7,,8.6,1.8,,8.6,1.7,,8.8,1.8,,8.8,1.8,,8.0,1.7,,7.4,1.5,,6.5,1.4,,5.9,1.3,,6.2,1.3,,6.0,1.3,,5.9,1.3,,6.5,1.4,,6.1,1.3,,5.9,1.3,,6.2,1.3,,5.9,1.3,,5.9,1.3,,5.7,1.5,,5.8,1.4,,5.8,1.5,,5.5,1.6,,5.5,1.4,,5.6,1.5,,5.5,1.5,,5.5,1.6,,5.6,1.7,,5.8,1.8,,5.3,1.7,,5.0,1.6,,4.9,1.5,,4.5,1.5,,4.5,1.4,,6.4,1.8,,6.3,1.8,,6.0,1.8,,6.7,1.8,,5.2,1.6
Haringey,E09000014,,16.7,2.6,,14.8,2.5,,12.9,2.6,,11.2,2.3,,12.3,2.1,,10.2,1.9,,9.7,1.9,,9.0,1.7,,11.2,2.0,,10.2,1.9,,9.7,1.9,,9.6,1.8,,8.2,1.5,,9.1,1.9,,9.9,2.0,,9.4,2.0,,9.3,2.0,,9.1,1.8,,8.8,1.7,,9.4,1.8,,9.7,1.9,,10.0,2.0,,8.8,1.9,,9.2,1.9,,9.0,1.8,,9.8,1.9,,10.5,2.0,,11.0,1.9,,12.8,2.1,,13.1,2.1,,12.1,2.0,,11.7,2.0,,10.6,2.0,,10.8,2.0,,12.3,2.1,,12.7,2.2,,11.5,2.1,,11.5,2.1,,10.9,2.1,,10.1,2.1,,10.3,2.1,,9.9,2.1,,10.0,2.0,,10.3,2.1,,9.6,2.0,,9.5,1.8,,8.8,1.7,,8.4,1.6,,8.1,1.6,,7.8,1.6,,7.1,1.5,,6.6,1.4,,6.7,1.4,,7.0,1.4,,7.1,1.3,,6.9,1.3,,6.2,1.4,,5.5,1.4,,6.3,1.4,,6.7,1.6,,6.5,1.6,,5.8,1.3,,5.5,1.3,,5.4,1.4,,5.3,1.5,,5.4,1.6,,4.5,1.4,,4.0,1.2,,4.1,1.2,,4.5,1.3,,4.8,1.5,,5.4,1.6,,6.4,1.8,,6.8,1.9,,7.0,1.9,,6.6,1.8,,5.7,1.6
Islington,E09000019,,16.0,3.0,,12.7,2.7,,11.4,2.6,,10.4,2.5,,9.7,1.8,,9.3,1.7,,9.6,1.9,,9.2,1.7,,9.6,1.9,,8.6,1.7,,8.9,1.8,,7.8,1.6,,8.5,1.7,,9.4,2.1,,8.7,2.0,,9.6,2.1,,8.9,1.9,,8.8,1.7,,9.7,1.7,,8.8,1.6,,7.9,1.6,,7.8,1.6,,7.3,1.6,,7.6,1.5,,7.9,1.6,,8.2,1.6,,9.6,1.8,,10.1,1.8,,11.0,1.8,,11.2,1.8,,9.9,1.7,,10.0,1.7,,9.3,1.8,,8.9,1.7,,9.2,1.7,,9.8,1.7,,9.5,1.7,,9.9,1.8,,10.1,1.9,,8.9,1.9,,9.6,2.0,,10.4,2.1,,11.0,2.2,,10.6,2.2,,9.9,2.1,,8.9,1.8,,7.7,1.6,,7.1,1.5,,7.7,1.6,,7.4,1.6,,7.1,1.5,,7.4,1.6,,6.4,1.4,,6.2,1.4,,6.5,1.3,,6.5,1.4,,6.9,1.5,,7.0,1.7,,6.3,1.5,,5.5,1.5,,4.8,1.4,,5.1,1.3,,5.0,1.3,,5.3,1.4,,5.1,1.5,,4.3,1.4,,5.1,1.6,,4.5,1.4,,4.8,1.4,,4.8,1.5,,4.5,1.5,,4.8,1.6,,6.9,2.0,,7.0,2.1,,6.2,1.9,,6.6,1.8,,5.0,1.5
Kensington and Chelsea,E09000020,,10.0,2.4,,7.3,2.0,,7.5,2.1,,6.8,2.0,,6.0,1.2,,5.9,1.2,,6.8,1.3,,6.2,1.2,,6.0,1.3,,5.6,1.4,,6.0,1.4,,5.6,1.3,,5.9,1.3,,6.5,1.6,,6.8,1.7,,7.0,1.7,,6.9,1.7,,6.9,1.5,,6.8,1.4,,6.3,1.3,,5.7,1.3,,5.7,1.4,,5.2,1.3,,6.1,1.4,,6.4,1.5,,6.1,1.4,,7.2,1.6,,7.2,1.5,,7.6,1.5,,8.3,1.5,,7.4,1.4,,7.3,1.4,,7.0,1.5,,6.7,1.4,,7.3,1.5,,7.4,1.4,,7.3,1.4,,7.2,1.4,,6.9,1.4,,6.6,1.4,,6.4,1.4,,6.5,1.4,,7.0,1.5,,6.7,1.5,,7.0,1.6,,7.1,1.5,,6.2,1.3,,6.0,1.3,,5.8,1.2,,5.4,1.2,,5.4,1.2,,5.8,1.2,,5.1,1.1,,4.7,1.1,,5.2,1.1,,5.3,1.1,,5.8,1.3,,6.7,1.7,,6.0,1.4,,5.7,1.5,,5.9,1.7,,6.1,1.6,,6.2,1.7,,6.5,1.8,,6.0,1.8,,5.6,1.8,,5.7,1.8,,4.9,1.7,,4.9,1.6,,4.3,1.4,,4.2,1.4,,4.1,1.3,,5.8,1.6,,5.5,1.6,,5.8,1.8,,6.8,1.9,,5.3,1.7
Lambeth,E09000022,,17.5,2.5,,14.3,2.3,,9.5,1.9,,10.0,2.1,,10.1,1.7,,9.0,1.6,,10.0,1.8,,9.6,1.8,,10.1,2.0,,9.7,2.0,,9.3,1.9,,8.9,1.8,,8.6,1.7,,9.1,2.0,,9.5,2.2,,9.2,2.1,,9.1,2.0,,9.3,1.9,,9.2,1.7,,9.5,1.7,,9.9,1.9,,9.6,1.8,,8.6,1.7,,8.8,1.7,,8.8,1.7,,9.0,1.7,,9.8,1.8,,10.0,1.7,,10.4,1.7,,10.2,1.6,,9.6,1.6,,9.8,1.7,,9.3,1.8,,10.1,1.8,,11.1,1.9,,10.6,1.8,,10.4,1.8,,10.4,1.9,,9.8,1.8,,9.1,1.9,,10.0,2.1,,9.0,2.0,,8.5,1.9,,9.2,2.0,,8.7,1.9,,8.7,1.7,,7.9,1.6,,7.2,1.5,,6.6,1.4,,6.6,1.5,,6.6,1.5,,5.9,1.3,,6.1,1.4,,6.3,1.4,,6.5,1.3,,6.9,1.4,,6.1,1.4,,5.4,1.5,,5.0,1.3,,4.9,1.4,,4.8,1.4,,5.2,1.3,,5.5,1.4,,6.0,1.5,,6.3,1.7,,5.7,1.7,,5.6,1.6,,5.3,1.5,,5.3,1.4,,5.8,1.5,,5.4,1.6,,5.5,1.6,,5.9,1.6,,5.9,1.6,,6.2,1.7,,5.5,1.5,,4.8,1.4
Lewisham,E09000023,,15.4,2.5,,12.3,2.2,,8.8,1.9,,10.0,2.1,,8.7,1.5,,9.5,1.6,,9.3,1.7,,8.5,1.5,,8.9,1.7,,8.0,1.6,,7.9,1.6,,8.2,1.6,,7.4,1.4,,7.7,1.7,,8.2,1.9,,8.1,1.8,,8.3,1.8,,9.1,1.8,,8.4,1.6,,8.8,1.7,,9.7,1.9,,9.2,1.8,,8.2,1.7,,8.4,1.7,,7.9,1.6,,8.2,1.6,,9.1,1.7,,9.3,1.7,,10.3,1.7,,10.8,1.8,,10.2,1.8,,10.4,1.9,,10.5,2.1,,10.6,2.0,,10.9,2.0,,11.3,2.0,,10.4,1.9,,10.4,1.9,,10.7,2.0,,9.8,2.0,,10.5,2.1,,10.5,2.2,,10.6,2.1,,10.6,2.2,,9.9,2.0,,8.8,1.7,,7.8,1.5,,7.3,1.5,,6.6,1.3,,6.4,1.4,,6.3,1.4,,5.7,1.3,,6.2,1.4,,6.8,1.4,,7.5,1.4,,7.5,1.5,,6.5,1.5,,5.7,1.5,,5.3,1.3,,5.2,1.4,,4.9,1.4,,4.8,1.2,,5.1,1.3,,4.7,1.3,,4.8,1.4,,5.1,1.5,,4.2,1.3,,4.4,1.3,,4.7,1.3,,4.8,1.3,,4.8,1.4,,5.2,1.4,,5.4,1.5,,5.8,1.5,,5.6,1.5,,5.7,1.5,,5.2,1.5
Newham,E09000025,,18.2,3.0,,15.2,2.7,,14.3,2.8,,13.2,2.7,,13.6,2.3,,11.5,2.0,,11.9,2.1,,10.9,1.9,,10.5,2.1,,10.4,2.1,,10.5,2.1,,10.5,2.0,,9.3,1.8,,9.0,2.0,,10.4,2.2,,10.8,2.3,,11.7,2.4,,12.2,2.3,,11.2,2.0,,11.4,2.1,,11.4,2.2,,10.7,2.1,,10.5,2.2,,10.4,2.1,,10.1,2.0,,11.0,2.1,,12.6,2.2,,13.0,2.2,,13.9,2.1,,13.7,2.1,,12.2,2.0,,12.4,2.1,,12.8,2.3,,13.7,2.3,,13.9,2.2,,14.6,2.3,,14.2,2.3,,13.9,2.3,,13.7,2.4,,13.1,2.4,,12.5,2.3,,12.2,2.3,,11.7,2.2,,11.4,2.2,,11.6,2.2,,11.0,2.0,,11.1,2.0,,10.1,1.9,,9.0,1.7,,9.0,1.8,,7.7,1.6,,7.1,1.5,,7.5,1.5,,7.3,1.5,,7.5,1.4,,7.0,1.3,,6.1,1.4,,5.9,1.5,,5.7,1.4,,6.1,1.6,,5.6,1.6,,5.4,1.3,,5.6,1.4,,5.4,1.5,,5.6,1.7,,5.2,1.7,,4.8,1.6,,4.8,1.5,,4.8,1.4,,5.4,1.5,,5.6,1.7,,5.7,1.7,,6.4,1.9,,6.5,1.9,,6.8,2.0,,6.9,2.0,,5.9,1.8
Southwark,E09000028,,19.5,2.9,,15.7,2.6,,12.1,2.4,,10.9,2.3,,11.5,2.0,,10.1,1.8,,10.5,1.9,,11.4,1.9,,10.4,2.0,,10.1,2.1,,9.3,1.9,,8.6,1.7,,8.5,1.7,,8.7,2.0,,8.7,2.0,,9.0,2.1,,9.5,2.1,,9.6,1.9,,9.3,1.7,,9.3,1.7,,9.4,1.9,,9.4,1.9,,8.5,1.8,,9.0,1.8,,8.4,1.7,,8.6,1.7,,9.4,1.8,,9.7,1.8,,10.7,1.8,,10.8,1.9,,10.7,1.9,,11.0,1.9,,10.0,2.0,,10.5,1.9,,11.2,2.0,,11.5,2.0,,11.7,2.0,,11.3,2.0,,10.7,1.9,,9.7,1.9,,10.0,2.0,,9.4,2.0,,9.8,2.0,,10.8,2.2,,11.0,2.2,,11.0,1.9,,10.0,1.8,,8.7,1.6,,8.0,1.5,,7.8,1.5,,7.4,1.5,,7.1,1.5,,6.7,1.4,,6.8,1.4,,6.7,1.3,,6.8,1.3,,6.4,1.4,,6.3,1.6,,6.2,1.4,,6.1,1.5,,6.2,1.6,,5.8,1.3,,6.1,1.4,,6.2,1.5,,5.9,1.6,,5.4,1.5,,5.0,1.5,,4.7,1.4,,4.8,1.3,,5.1,1.4,,5.1,1.5,,5.1,1.4,,5.7,1.5,,6.1,1.6,,6.3,1.7,,6.0,1.6,,5.0,1.4
Tower Hamlets,E09000030,,16.5,3.2,,16.3,3.4,,13.7,3.1,,10.6,2.5,,12.1,2.0,,12.0,2.0,,13.4,2.2,,12.2,1.9,,13.1,2.3,,12.8,2.3,,12.9,2.3,,11.7,2.2,,11.8,2.2,,12.8,2.5,,12.4,2.5,,13.4,2.6,,14.0,2.7,,13.2,2.5,,14.1,2.4,,12.7,2.3,,11.7,2.3,,11.7,2.3,,11.1,2.2,,11.1,2.1,,11.3,2.1,,11.4,2.1,,12.5,2.3,,12.8,2.2,,13.6,2.2,,14.2,2.3,,12.0,2.0,,12.6,2.2,,11.9,2.2,,11.9,2.1,,13.1,2.2,,13.0,2.2,,13.0,2.2,,13.0,2.2,,12.7,2.2,,12.4,2.2,,12.2,2.3,,13.1,2.3,,13.6,2.4,,12.8,2.3,,13.1,2.4,,11.5,2.1,,9.7,1.9,,8.6,1.7,,8.7,1.7,,8.7,1.8,,8.7,1.7,,9.1,1.8,,7.6,1.6,,6.8,1.5,,7.2,1.5,,6.9,1.5,,7.9,1.7,,9.2,2.2,,8.1,1.9,,8.9,2.2,,8.0,2.1,,7.3,1.8,,7.1,1.8,,6.8,1.8,,5.6,1.7,,5.8,1.9,,6.1,1.9,,5.1,1.7,,5.4,1.6,,5.0,1.6,,4.8,1.6,,5.1,1.7,,7.0,2.0,,6.8,2.0,,6.7,2.0,,7.3,2.0,,5.9,1.8
Wandsworth,E09000032,,9.8,1.9,,7.3,1.6,,5.9,1.5,,5.3,1.3,,5.3,1.0,,5.7,1.0,,6.7,1.2,,5.9,1.1,,5.7,1.2,,5.4,1.2,,6.2,1.4,,5.6,1.3,,6.0,1.3,,6.8,1.7,,7.1,1.8,,7.9,1.9,,7.2,1.7,,6.7,1.5,,6.3,1.3,,5.6,1.2,,5.5,1.3,,5.3,1.3,,5.3,1.3,,5.4,1.3,,5.5,1.3,,5.4,1.2,,5.8,1.3,,6.0,1.2,,6.3,1.2,,7.2,1.3,,6.6,1.3,,6.6,1.3,,7.0,1.5,,6.5,1.4,,7.1,1.4,,7.0,1.4,,6.5,1.3,,6.5,1.3,,6.6,1.4,,6.6,1.5,,6.6,1.5,,7.2,1.6,,7.4,1.6,,7.5,1.7,,7.5,1.8,,6.4,1.4,,5.3,1.2,,4.9,1.1,,4.9,1.1,,5.0,1.1,,5.0,1.1,,5.6,1.2,,5.0,1.1,,4.7,1.1,,4.8,1.0,,4.2,1.0,,4.7,1.1,,4.6,1.2,,4.5,1.2,,4.3,1.2,,3.7,1.2,,3.9,1.0,,3.9,1.1,,4.3,1.2,,3.9,1.2,,4.3,1.4,,4.3,1.4,,3.3,1.1,,3.5,1.1,,3.1,1.0,,3.2,1.1,,3.6,1.2,,5.1,1.4,,5.1,1.4,,5.1,1.5,,5.3,1.5,,4.3,1.3
Westminster,E09000033,,10.2,2.3,,8.6,2.1,,8.4,2.2,,7.3,2.0,,7.2,1.3,,6.8,1.2,,7.4,1.3,,7.5,1.4,,7.1,1.5,,6.7,1.5,,7.2,1.5,,6.4,1.4,,7.2,1.5,,8.9,2.0,,8.8,2.0,,9.0,2.0,,8.2,1.8,,7.6,1.6,,8.2,1.5,,7.4,1.4,,6.6,1.4,,6.9,1.5,,6.9,1.5,,7.2,1.5,,7.7,1.6,,7.0,1.4,,7.3,1.5,,7.5,1.5,,7.7,1.4,,8.5,1.6,,8.0,1.6,,8.1,1.6,,8.2,1.8,,7.5,1.5,,7.9,1.5,,8.1,1.5,,7.8,1.5,,8.0,1.6,,7.8,1.6,,7.2,1.5,,7.4,1.5,,7.7,1.6,,7.8,1.6,,7.2,1.5,,6.7,1.5,,6.0,1.3,,5.5,1.2,,5.5,1.2,,6.1,1.2,,6.4,1.4,,6.6,1.4,,7.2,1.5,,6.3,1.3,,5.9,1.3,,6.0,1.2,,5.8,1.3,,6.1,1.4,,5.9,1.5,,5.9,1.4,,5.3,1.4,,5.6,1.6,,6.0,1.5,,5.7,1.5,,5.7,1.6,,4.9,1.5,,4.3,1.5,,4.5,1.5,,3.8,1.3,,4.2,1.4,,4.2,1.4,,4.2,1.4,,4.8,1.6,,6.3,1.9,,5.7,1.8,,5.7,1.8,,6.1,1.8,,5.0,1.6
Barking and Dagenham,E09000002,,10.6,2.2,,8.4,2.0,,9.2,2.2,,7.5,1.9,,6.3,1.4,,6.6,1.4,,7.0,1.5,,7.8,1.7,,8.3,1.8,,8.7,1.9,,8.5,1.8,,8.2,1.8,,9.1,1.8,,9.8,2.2,,10.1,2.2,,10.5,2.3,,9.5,2.0,,8.5,1.8,,8.2,1.6,,8.2,1.7,,7.8,1.7,,7.9,1.7,,8.0,1.8,,8.1,1.7,,8.6,1.8,,9.6,1.9,,9.9,1.9,,10.9,2.0,,11.9,2.0,,12.4,2.0,,12.7,2.1,,13.2,2.1,,13.1,2.2,,12.9,2.2,,13.4,2.2,,12.8,2.1,,13.0,2.2,,12.6,2.2,,12.3,2.2,,12.7,2.4,,13.5,2.5,,13.5,2.5,,14.8,2.6,,14.6,2.6,,13.6,2.6,,12.8,2.3,,11.2,2.1,,10.3,2.0,,10.7,2.0,,10.4,2.1,,10.3,2.0,,10.4,2.1,,9.7,1.9,,8.8,1.8,,8.6,1.6,,7.8,1.6,,6.8,1.5,,7.7,1.8,,7.2,1.6,,7.6,1.8,,7.7,1.8,,6.4,1.5,,6.3,1.5,,5.9,1.5,,5.9,1.6,,6.1,1.7,,5.5,1.6,,6.0,1.7,,5.7,1.6,,6.1,1.7,,6.9,2.0,,6.7,1.9,,8.0,2.1,,8.5,2.2,,9.4,2.5,,9.1,2.4,,7.7,2.0
Barnet,E09000003,,7.8,1.5,,6.6,1.3,,5.5,1.2,,5.5,1.2,,5.7,1.0,,5.1,1.0,,5.4,1.1,,5.6,1.1,,6.3,1.3,,6.3,1.4,,6.4,1.3,,6.9,1.4,,7.0,1.4,,7.0,1.7,,7.0,1.7,,7.4,1.8,,6.8,1.6,,6.6,1.4,,6.6,1.2,,5.6,1.1,,5.2,1.1,,5.2,1.2,,5.0,1.2,,5.7,1.2,,6.4,1.3,,7.0,1.4,,7.8,1.5,,7.8,1.5,,7.5,1.3,,7.6,1.3,,7.6,1.3,,7.5,1.3,,7.0,1.4,,7.0,1.3,,7.6,1.4,,7.6,1.4,,8.0,1.5,,9.0,1.7,,8.9,1.7,,9.3,1.9,,8.9,1.8,,7.4,1.6,,7.0,1.5,,6.6,1.6,,6.5,1.6,,6.8,1.5,,6.6,1.4,,6.6,1.4,,6.4,1.3,,6.1,1.3,,6.5,1.4,,6.2,1.3,,5.8,1.2,,5.6,1.2,,5.1,1.0,,5.2,1.1,,4.9,1.1,,5.1,1.3,,5.0,1.2,,4.5,1.2,,4.4,1.2,,4.3,1.0,,4.5,1.1,,4.6,1.2,,4.7,1.3,,4.8,1.4,,4.6,1.4,,5.1,1.4,,4.5,1.2,,4.6,1.3,,3.9,1.2,,3.9,1.2,,5.7,1.4,,5.9,1.4,,7.0,1.6,,7.5,1.6,,6.4,1.5
Bexley,E09000004,,7.8,1.6,,6.1,1.4,,6.9,1.7,,5.9,1.5,,3.9,0.9,,4.3,1.0,,4.2,1.0,,4.8,1.1,,4.1,1.0,,4.4,1.1,,4.4,1.1,,4.6,1.1,,5.0,1.1,,5.0,1.4,,5.4,1.4,,5.9,1.5,,5.5,1.4,,5.3,1.2,,5.0,1.0,,4.4,0.9,,4.4,1.0,,4.2,1.0,,4.7,1.2,,5.1,1.2,,5.6,1.3,,6.4,1.4,,6.8,1.5,,7.7,1.6,,8.2,1.6,,8.3,1.5,,8.5,1.5,,8.4,1.5,,8.5,1.7,,8.2,1.6,,8.0,1.6,,7.7,1.5,,8.0,1.6,,7.8,1.6,,8.0,1.7,,8.1,1.8,,7.6,1.8,,7.8,1.8,,8.2,1.8,,8.2,1.9,,8.1,2.0,,7.7,1.7,,6.4,1.5,,5.7,1.3,,5.7,1.3,,5.9,1.4,,6.7,1.5,,6.3,1.4,,6.0,1.3,,5.2,1.2,,4.9,1.1,,4.7,1.1,,4.2,1.0,,4.7,1.2,,4.7,1.1,,4.6,1.2,,4.6,1.2,,4.0,1.0,,3.8,1.0,,4.1,1.1,,4.0,1.1,,4.3,1.3,,4.3,1.2,,4.2,1.2,,4.2,1.2,,4.1,1.2,,4.2,1.2,,4.6,1.2,,4.9,1.3,,5.3,1.3,,5.9,1.4,,5.2,1.2,,5.1,1.2
Brent,E09000005,,14.4,2.4,,12.4,2.2,,9.8,2.0,,8.5,1.9,,9.5,1.7,,8.6,1.5,,9.9,1.7,,8.4,1.5,,9.1,1.8,,8.5,1.8,,8.4,1.7,,8.5,1.8,,7.9,1.6,,8.0,1.9,,8.6,2.1,,8.6,2.1,,9.1,2.1,,9.6,2.0,,9.2,1.8,,8.9,1.8,,8.7,1.8,,8.8,1.8,,7.4,1.6,,7.7,1.6,,7.3,1.5,,7.3,1.5,,8.3,1.7,,8.5,1.6,,9.4,1.7,,9.4,1.7,,9.4,1.7,,9.1,1.7,,8.9,1.9,,9.8,2.0,,10.4,2.0,,11.1,2.1,,10.8,2.1,,10.6,2.0,,10.5,2.0,,10.0,2.0,,10.3,2.0,,10.5,2.0,,10.6,2.0,,10.8,2.1,,9.8,1.9,,9.2,1.7,,8.7,1.6,,8.0,1.5,,7.4,1.4,,7.1,1.4,,6.4,1.3,,6.6,1.3,,7.1,1.4,,7.5,1.5,,7.9,1.4,,7.9,1.5,,7.1,1.5,,7.3,1.7,,6.6,1.5,,6.3,1.5,,6.3,1.6,,5.6,1.3,,5.9,1.4,,5.6,1.4,,5.3,1.5,,4.7,1.5,,4.1,1.4,,4.0,1.3,,4.7,1.4,,5.6,1.7,,5.8,1.9,,6.4,1.9,,6.5,1.9,,7.1,2.0,,7.6,2.1,,7.5,2.1,,6.4,1.9
Bromley,E09000006,,6.6,1.3,,5.0,1.1,,5.3,1.2,,4.9,1.2,,3.8,0.8,,4.2,0.9,,3.7,0.9,,4.9,1.1,,4.7,1.1,,4.8,1.1,,4.5,1.1,,4.4,1.0,,4.7,1.0,,4.7,1.2,,5.6,1.4,,5.5,1.4,,5.1,1.3,,4.8,1.1,,4.6,1.0,,4.3,0.9,,4.4,1.0,,4.2,1.0,,3.9,1.0,,4.3,1.0,,4.5,1.1,,5.1,1.1,,6.0,1.3,,6.0,1.3,,6.2,1.3,,6.3,1.3,,6.6,1.3,,6.6,1.4,,6.9,1.5,,6.8,1.4,,6.9,1.4,,7.1,1.4,,6.9,1.4,,6.8,1.4,,6.6,1.4,,6.5,1.5,,6.6,1.5,,6.6,1.5,,6.6,1.5,,6.3,1.4,,6.1,1.4,,5.9,1.2,,5.4,1.1,,5.4,1.1,,5.5,1.1,,5.3,1.2,,5.3,1.1,,5.1,1.1,,4.9,1.1,,5.1,1.1,,4.9,1.0,,4.6,1.0,,4.1,1.0,,3.9,1.1,,3.9,1.0,,4.5,1.2,,4.2,1.2,,3.8,0.9,,3.8,1.0,,3.7,1.0,,4.2,1.2,,4.0,1.2,,4.0,1.2,,3.4,1.0,,3.0,0.9,,3.5,1.0,,3.8,1.1,,4.3,1.1,,4.9,1.2,,4.8,1.1,,5.3,1.2,,5.0,1.2,,4.7,1.1
Croydon,E09000008,,8.6,1.5,,7.0,1.3,,6.2,1.3,,6.0,1.3,,5.7,1.1,,5.6,1.0,,6.0,1.2,,6.2,1.1,,6.2,1.3,,6.3,1.3,,6.6,1.3,,7.0,1.4,,7.0,1.3,,7.2,1.6,,7.1,1.6,,6.7,1.5,,6.6,1.5,,6.8,1.4,,6.8,1.2,,6.5,1.2,,6.0,1.3,,5.5,1.2,,5.1,1.2,,5.8,1.3,,6.1,1.3,,7.2,1.5,,8.2,1.6,,8.3,1.5,,9.0,1.5,,8.8,1.5,,9.2,1.6,,8.7,1.6,,8.1,1.6,,7.9,1.5,,8.7,1.6,,9.9,1.8,,10.8,1.9,,11.0,1.9,,10.6,1.9,,10.2,1.9,,10.4,2.0,,10.0,2.0,,9.6,2.0,,8.8,1.9,,8.7,1.8,,8.8,1.7,,8.0,1.6,,8.0,1.5,,7.2,1.4,,6.5,1.4,,6.3,1.3,,5.7,1.2,,5.3,1.1,,5.5,1.2,,5.5,1.1,,5.8,1.1,,5.5,1.2,,5.9,1.4,,5.9,1.3,,6.3,1.5,,7.3,1.7,,6.6,1.4,,6.6,1.5,,5.9,1.4,,5.0,1.4,,5.1,1.4,,5.0,1.4,,5.6,1.5,,5.3,1.4,,5.0,1.3,,4.4,1.3,,4.8,1.4,,6.6,1.6,,7.0,1.6,,7.8,1.7,,7.8,1.5,,6.6,1.5
Ealing,E09000009,,10.0,1.8,,8.4,1.6,,7.0,1.5,,7.0,1.5,,6.9,1.3,,6.0,1.2,,6.1,1.2,,6.0,1.1,,6.5,1.3,,6.4,1.3,,6.9,1.3,,7.3,1.4,,7.7,1.4,,9.2,1.9,,9.1,1.9,,8.4,1.8,,7.3,1.6,,6.9,1.4,,7.2,1.3,,6.4,1.2,,6.4,1.4,,6.2,1.4,,5.9,1.4,,6.5,1.4,,6.9,1.4,,7.8,1.5,,9.1,1.7,,9.5,1.7,,10.3,1.7,,10.2,1.7,,9.7,1.6,,9.7,1.7,,9.2,1.8,,8.8,1.7,,9.1,1.7,,9.4,1.7,,10.0,1.8,,10.7,1.9,,10.6,1.9,,11.5,2.1,,10.9,2.0,,11.0,2.0,,10.6,2.1,,9.4,2.0,,10.2,2.1,,9.7,1.9,,9.3,1.8,,8.8,1.7,,7.8,1.5,,7.1,1.5,,6.8,1.4,,6.6,1.4,,6.1,1.2,,6.5,1.3,,6.4,1.2,,6.3,1.2,,5.7,1.2,,5.4,1.3,,5.3,1.2,,5.2,1.3,,5.1,1.4,,5.0,1.2,,4.9,1.2,,5.1,1.3,,5.5,1.6,,5.7,1.8,,5.2,1.6,,5.6,1.7,,5.4,1.5,,5.2,1.5,,5.0,1.6,,5.1,1.5,,6.4,1.6,,6.5,1.6,,7.0,1.7,,7.6,1.7,,6.7,1.6
Enfield,E09000010,,9.3,1.7,,7.1,1.4,,7.2,1.5,,7.2,1.5,,6.7,1.2,,6.4,1.2,,6.5,1.4,,6.4,1.2,,6.6,1.4,,6.7,1.5,,7.6,1.6,,8.6,1.8,,8.8,1.7,,8.9,2.0,,8.0,1.8,,7.3,1.7,,6.7,1.6,,6.9,1.5,,7.4,1.4,,6.7,1.3,,6.7,1.4,,6.6,1.4,,7.0,1.6,,7.6,1.5,,8.3,1.6,,9.1,1.7,,10.0,1.8,,10.3,1.7,,11.2,1.7,,10.9,1.7,,10.6,1.6,,10.8,1.7,,9.9,1.8,,10.4,1.8,,11.0,1.9,,11.7,1.9,,12.0,2.0,,12.6,2.1,,12.8,2.3,,12.5,2.3,,11.4,2.2,,10.6,2.1,,10.5,2.1,,9.4,2.0,,9.4,2.0,,9.4,1.9,,8.7,1.7,,8.3,1.6,,8.2,1.6,,7.4,1.6,,6.9,1.4,,6.5,1.4,,5.9,1.3,,6.1,1.3,,6.2,1.2,,6.3,1.3,,6.1,1.3,,6.5,1.6,,6.3,1.4,,6.1,1.5,,6.0,1.6,,5.3,1.2,,5.3,1.3,,5.5,1.4,,5.3,1.5,,5.1,1.5,,5.2,1.6,,5.9,1.7,,6.0,1.6,,5.9,1.6,,5.3,1.7,,5.4,1.6,,7.0,1.8,,7.3,1.8,,7.8,1.8,,7.9,1.7,,7.1,1.7
Greenwich,E09000011,,14.2,2.5,,11.9,2.3,,9.7,2.1,,8.0,1.8,,8.1,1.5,,7.5,1.4,,8.2,1.5,,8.1,1.5,,8.0,1.5,,8.3,1.6,,8.5,1.6,,9.0,1.7,,8.8,1.6,,8.8,1.8,,8.3,1.8,,8.7,1.9,,8.0,1.8,,8.0,1.6,,8.4,1.5,,7.7,1.4,,7.3,1.5,,7.3,1.6,,6.7,1.5,,7.2,1.5,,7.9,1.6,,8.9,1.7,,10.2,1.9,,10.0,1.8,,10.8,1.8,,10.2,1.6,,10.1,1.6,,10.3,1.7,,9.7,1.8,,9.4,1.7,,9.6,1.6,,10.2,1.7,,10.8,1.8,,11.2,1.9,,12.0,2.1,,11.1,2.1,,10.7,2.0,,10.9,2.1,,10.3,2.1,,10.3,2.2,,10.4,2.3,,10.5,2.1,,9.9,1.9,,9.6,1.9,,8.9,1.7,,8.3,1.7,,8.0,1.6,,7.3,1.5,,6.8,1.4,,6.6,1.4,,6.4,1.3,,6.7,1.4,,6.2,1.4,,6.3,1.6,,6.1,1.4,,5.8,1.4,,5.9,1.5,,5.4,1.2,,5.5,1.3,,5.4,1.4,,5.4,1.5,,5.4,1.5,,4.3,1.3,,4.8,1.3,,4.8,1.2,,5.1,1.3,,4.8,1.4,,4.7,1.3,,5.9,1.4,,6.0,1.4,,6.6,1.5,,6.8,1.4,,6.4,1.5
Harrow,E09000015,,6.9,1.4,,5.7,1.2,,5.0,1.2,,5.0,1.2,,4.6,0.9,,4.6,1.0,,5.8,1.2,,5.9,1.2,,6.0,1.3,,5.8,1.3,,6.3,1.4,,6.0,1.3,,6.2,1.3,,6.9,1.7,,7.1,1.8,,7.0,1.7,,6.7,1.6,,6.3,1.4,,6.1,1.2,,5.6,1.1,,4.9,1.1,,5.0,1.1,,4.9,1.2,,5.4,1.2,,6.0,1.3,,5.9,1.2,,6.7,1.3,,7.2,1.4,,7.4,1.3,,7.4,1.3,,7.4,1.3,,7.1,1.3,,6.6,1.4,,7.1,1.4,,7.1,1.4,,7.3,1.3,,7.0,1.3,,7.0,1.3,,6.9,1.3,,7.2,1.5,,7.8,1.6,,7.6,1.5,,7.6,1.6,,7.5,1.6,,8.0,1.7,,7.4,1.5,,6.9,1.4,,6.2,1.2,,5.5,1.1,,5.0,1.1,,4.7,1.0,,4.7,1.0,,4.5,1.0,,4.7,1.0,,4.7,1.0,,4.9,1.0,,4.8,1.1,,5.0,1.3,,4.5,1.1,,4.2,1.1,,3.8,1.1,,3.7,0.9,,3.6,0.9,,3.4,0.9,,3.6,1.1,,4.0,1.2,,4.1,1.3,,4.5,1.3,,4.3,1.3,,4.0,1.2,,3.9,1.3,,4.4,1.4,,5.9,1.6,,6.4,1.6,,6.9,1.7,,6.7,1.5,,5.8,1.4
Havering,E09000016,,6.8,1.5,,5.4,1.2,,5.1,1.2,,5.0,1.3,,3.4,0.8,,4.2,1.0,,3.7,0.9,,4.5,1.0,,4.0,1.0,,4.1,1.1,,4.4,1.1,,4.4,1.1,,4.8,1.1,,5.2,1.4,,5.1,1.4,,5.5,1.5,,4.8,1.2,,4.4,1.0,,4.3,0.9,,3.9,0.9,,3.9,0.9,,4.1,1.0,,4.1,1.0,,4.7,1.1,,5.0,1.1,,5.8,1.2,,6.3,1.3,,7.2,1.4,,7.9,1.4,,7.9,1.4,,8.4,1.5,,8.2,1.5,,8.5,1.8,,8.6,1.7,,8.6,1.7,,8.3,1.6,,8.2,1.6,,8.5,1.7,,9.0,1.9,,9.5,2.1,,9.4,2.1,,9.8,2.2,,9.7,2.1,,9.2,2.1,,8.9,2.1,,7.8,1.7,,6.5,1.5,,6.1,1.3,,6.3,1.3,,6.6,1.5,,6.9,1.5,,6.4,1.4,,6.0,1.3,,5.3,1.2,,5.2,1.1,,5.2,1.2,,4.4,1.1,,4.9,1.3,,4.9,1.2,,4.9,1.2,,4.8,1.3,,4.1,1.0,,4.1,1.1,,4.5,1.2,,4.7,1.3,,5.1,1.4,,5.2,1.4,,5.0,1.4,,4.6,1.3,,4.5,1.3,,4.7,1.4,,4.8,1.3,,5.2,1.3,,5.3,1.3,,5.5,1.3,,5.1,1.2,,5.0,1.2
Hillingdon,E09000017,,6.3,1.3,,5.0,1.1,,4.7,1.1,,4.8,1.2,,3.7,0.8,,4.1,0.9,,3.9,0.9,,4.9,1.1,,5.1,1.2,,5.0,1.2,,5.4,1.2,,5.3,1.2,,6.5,1.4,,7.7,1.8,,8.3,1.9,,8.0,1.9,,6.8,1.6,,6.0,1.3,,5.5,1.2,,5.5,1.2,,5.8,1.4,,5.7,1.3,,5.4,1.3,,5.7,1.3,,5.6,1.2,,6.2,1.3,,6.6,1.4,,6.7,1.4,,7.5,1.4,,7.6,1.4,,8.3,1.5,,8.5,1.6,,9.3,1.9,,8.6,1.6,,8.4,1.6,,8.3,1.5,,7.8,1.5,,8.3,1.6,,8.2,1.6,,8.4,1.8,,8.2,1.8,,7.9,1.8,,8.6,1.8,,8.0,1.8,,7.6,1.8,,7.4,1.5,,6.4,1.4,,6.5,1.3,,6.2,1.2,,6.0,1.3,,5.9,1.3,,5.8,1.2,,5.8,1.2,,5.3,1.2,,5.3,1.1,,4.8,1.1,,4.4,1.1,,5.0,1.3,,4.8,1.2,,5.2,1.3,,4.8,1.3,,4.2,1.0,,4.3,1.1,,4.1,1.1,,4.4,1.2,,4.2,1.3,,4.6,1.4,,4.4,1.4,,4.0,1.2,,4.5,1.4,,4.7,1.5,,5.3,1.5,,6.2,1.7,,6.0,1.5,,6.9,1.7,,6.2,1.5,,6.2,1.5
Hounslow,E09000018,,10.4,2.0,,6.9,1.4,,5.1,1.2,,4.5,1.1,,4.9,0.9,,4.7,0.9,,5.2,1.1,,5.7,1.1,,6.7,1.3,,6.6,1.4,,6.9,1.4,,6.8,1.4,,6.4,1.2,,7.6,1.7,,7.4,1.6,,7.2,1.6,,7.6,1.6,,6.8,1.4,,6.8,1.2,,6.1,1.2,,5.5,1.2,,5.1,1.2,,5.0,1.2,,5.6,1.2,,5.9,1.3,,6.6,1.4,,7.5,1.5,,7.4,1.4,,8.0,1.4,,8.0,1.4,,8.0,1.4,,8.2,1.4,,7.6,1.5,,7.0,1.3,,7.6,1.4,,7.9,1.4,,7.9,1.4,,8.3,1.5,,8.1,1.5,,7.5,1.5,,7.5,1.6,,7.6,1.6,,7.2,1.5,,7.1,1.6,,7.3,1.7,,7.1,1.5,,6.2,1.3,,6.3,1.3,,6.0,1.2,,5.5,1.2,,5.9,1.3,,5.3,1.1,,5.1,1.1,,5.2,1.1,,5.3,1.1,,5.5,1.2,,5.3,1.2,,6.3,1.6,,5.8,1.4,,6.1,1.6,,6.0,1.6,,5.2,1.2,,5.4,1.3,,5.1,1.4,,4.9,1.5,,5.0,1.6,,4.9,1.6,,5.3,1.7,,5.0,1.5,,5.0,1.5,,4.4,1.4,,4.4,1.4,,6.4,1.7,,6.8,1.7,,7.6,1.9,,8.1,1.8,,6.3,1.5
Kingston upon Thames,E09000021,,5.7,1.3,,4.7,1.2,,4.8,1.3,,4.8,1.3,,3.6,0.9,,3.8,0.9,,3.7,0.9,,4.0,0.9,,4.3,1.0,,4.5,1.1,,4.6,1.1,,4.6,1.1,,5.0,1.1,,5.6,1.4,,5.6,1.4,,5.5,1.4,,4.7,1.2,,4.2,1.0,,3.8,0.8,,3.7,0.8,,4.1,1.0,,4.2,1.1,,4.2,1.1,,4.7,1.1,,4.8,1.1,,4.9,1.1,,5.3,1.2,,5.5,1.2,,5.5,1.1,,5.9,1.2,,6.5,1.3,,6.4,1.3,,6.9,1.5,,6.7,1.4,,6.7,1.4,,6.7,1.4,,6.6,1.4,,6.5,1.4,,6.2,1.3,,6.5,1.5,,6.3,1.5,,6.2,1.5,,5.7,1.3,,5.5,1.3,,5.6,1.4,,5.5,1.2,,5.3,1.2,,5.3,1.2,,5.3,1.1,,4.9,1.2,,5.0,1.1,,4.8,1.1,,4.9,1.1,,5.2,1.2,,5.2,1.1,,5.0,1.1,,4.4,1.1,,4.8,1.3,,4.2,1.1,,4.2,1.1,,3.8,1.1,,3.7,0.9,,4.3,1.1,,4.3,1.2,,4.9,1.4,,4.6,1.4,,4.3,1.3,,3.4,1.1,,3.2,1.0,,3.6,1.1,,3.8,1.2,,4.5,1.2,,5.0,1.3,,4.8,1.2,,5.4,1.3,,4.5,1.1,,4.3,1.1
Merton,E09000024,,7.9,1.6,,6.5,1.4,,5.3,1.3,,4.4,1.1,,5.2,1.1,,4.3,0.9,,4.9,1.1,,5.5,1.1,,5.6,1.2,,5.6,1.2,,6.4,1.4,,7.0,1.4,,6.8,1.4,,7.4,1.7,,7.0,1.7,,6.8,1.6,,6.5,1.5,,6.2,1.3,,6.0,1.1,,5.3,1.0,,4.7,1.0,,4.5,1.1,,4.2,1.1,,4.8,1.1,,5.3,1.2,,5.7,1.2,,6.3,1.3,,6.6,1.2,,6.8,1.2,,6.8,1.2,,7.1,1.2,,7.0,1.2,,7.0,1.4,,7.2,1.3,,7.4,1.4,,7.8,1.4,,7.8,1.4,,7.9,1.4,,7.6,1.4,,7.6,1.5,,7.3,1.5,,6.8,1.4,,6.5,1.4,,5.9,1.4,,6.0,1.4,,6.5,1.4,,6.3,1.3,,6.2,1.3,,6.1,1.2,,5.5,1.2,,5.4,1.1,,5.4,1.2,,4.7,1.0,,4.8,1.1,,4.8,1.0,,4.8,1.0,,4.7,1.1,,4.6,1.2,,4.6,1.1,,4.4,1.2,,4.1,1.2,,4.0,1.0,,3.8,1.0,,3.9,1.0,,4.3,1.2,,4.3,1.3,,4.2,1.3,,4.5,1.2,,4.3,1.1,,4.5,1.2,,4.3,1.2,,4.3,1.2,,5.3,1.3,,5.4,1.3,,6.2,1.4,,6.5,1.4,,5.2,1.2
Redbridge,E09000026,,8.5,1.6,,8.2,1.6,,7.0,1.5,,5.7,1.3,,6.6,1.2,,5.8,1.1,,6.2,1.2,,5.5,1.1,,5.5,1.2,,5.8,1.3,,6.7,1.4,,7.1,1.4,,7.3,1.4,,6.9,1.6,,6.6,1.6,,7.3,1.8,,7.2,1.7,,7.2,1.6,,7.3,1.4,,6.4,1.3,,6.1,1.4,,6.2,1.4,,6.6,1.5,,6.8,1.4,,7.2,1.5,,7.5,1.5,,8.1,1.5,,8.6,1.5,,8.9,1.5,,9.1,1.5,,9.3,1.5,,9.0,1.5,,8.9,1.7,,9.1,1.6,,9.5,1.7,,10.1,1.7,,10.5,1.8,,10.3,1.8,,10.0,1.8,,9.7,1.8,,9.4,1.8,,9.2,1.8,,8.4,1.7,,8.7,1.8,,9.1,1.9,,8.4,1.7,,7.9,1.6,,7.3,1.4,,6.7,1.3,,6.9,1.4,,7.1,1.4,,6.4,1.3,,5.9,1.2,,5.6,1.2,,5.4,1.1,,5.6,1.1,,5.1,1.1,,5.4,1.3,,5.1,1.1,,5.1,1.2,,5.5,1.4,,4.8,1.1,,4.8,1.1,,4.9,1.2,,5.0,1.3,,5.4,1.5,,4.8,1.4,,4.7,1.3,,4.3,1.2,,4.1,1.1,,4.0,1.2,,4.2,1.2,,5.4,1.3,,6.3,1.5,,7.0,1.7,,8.1,1.8,,7.5,1.8
Richmond upon Thames,E09000027,,5.5,1.3,,4.9,1.2,,4.6,1.2,,4.4,1.2,,2.9,0.7,,3.2,0.7,,3.2,0.8,,4.1,0.9,,4.3,1.0,,4.3,1.1,,4.1,1.0,,3.9,0.9,,4.1,0.9,,4.1,1.1,,4.7,1.2,,4.7,1.2,,4.1,1.0,,3.9,0.9,,3.6,0.8,,3.4,0.7,,3.5,0.9,,3.6,0.9,,3.5,0.9,,3.7,0.9,,3.7,0.9,,3.7,0.9,,4.2,1.0,,4.7,1.0,,5.0,1.0,,5.3,1.0,,5.7,1.1,,5.6,1.1,,5.9,1.3,,5.6,1.2,,5.4,1.1,,5.3,1.1,,4.8,1.1,,5.0,1.1,,4.4,1.0,,4.5,1.1,,4.6,1.1,,4.1,1.1,,4.5,1.1,,4.1,1.1,,4.2,1.1,,4.6,1.0,,4.2,1.0,,4.5,1.0,,4.5,1.0,,4.4,1.0,,4.6,1.1,,4.5,1.0,,4.3,1.0,,4.6,1.0,,4.4,0.9,,3.9,0.9,,3.8,0.9,,4.3,1.2,,4.0,1.0,,4.1,1.1,,4.0,1.1,,3.5,0.9,,4.1,1.0,,3.5,1.0,,3.8,1.1,,3.8,1.2,,3.5,1.1,,3.2,1.0,,2.6,0.8,,2.8,0.8,,3.0,0.9,,3.5,1.0,,4.1,1.1,,4.5,1.1,,5.0,1.2,,4.5,1.1,,4.6,1.1
Sutton,E09000029,,6.3,1.4,,4.5,1.1,,4.5,1.2,,4.1,1.1,,3.1,0.7,,3.7,0.8,,3.7,0.9,,4.3,1.0,,4.6,1.1,,4.4,1.1,,4.4,1.0,,4.0,1.0,,4.7,1.0,,4.8,1.3,,5.0,1.4,,5.6,1.5,,5.1,1.3,,4.8,1.1,,4.5,1.0,,4.2,0.9,,4.7,1.1,,4.6,1.1,,4.5,1.2,,4.6,1.1,,4.4,1.1,,4.8,1.1,,5.3,1.2,,5.6,1.2,,5.7,1.1,,6.0,1.1,,6.5,1.2,,6.9,1.3,,7.2,1.4,,7.0,1.3,,7.1,1.3,,7.0,1.4,,7.0,1.4,,7.4,1.5,,7.2,1.5,,6.8,1.5,,6.7,1.5,,6.4,1.5,,6.7,1.6,,6.9,1.7,,6.4,1.6,,6.2,1.4,,5.1,1.2,,5.1,1.2,,5.3,1.2,,5.1,1.2,,5.3,1.3,,5.2,1.2,,5.3,1.2,,5.4,1.2,,5.4,1.2,,4.9,1.1,,4.3,1.0,,4.6,1.2,,4.5,1.1,,5.0,1.3,,5.1,1.3,,4.6,1.1,,4.9,1.2,,4.5,1.2,,4.7,1.3,,4.7,1.3,,4.5,1.3,,4.7,1.3,,4.2,1.1,,4.2,1.2,,4.3,1.2,,4.7,1.3,,5.2,1.3,,5.2,1.2,,5.7,1.3,,4.9,1.1,,5.1,1.2
Waltham Forest,E09000031,,11.8,2.0,,10.8,2.0,,9.5,2.0,,7.8,1.8,,7.1,1.3,,7.4,1.4,,7.2,1.4,,8.3,1.5,,9.0,1.7,,9.2,1.8,,9.0,1.7,,9.0,1.7,,9.1,1.6,,9.3,1.9,,9.2,2.0,,9.0,2.0,,8.4,1.9,,7.9,1.6,,8.4,1.6,,7.9,1.5,,7.6,1.6,,7.4,1.6,,7.1,1.6,,8.3,1.7,,8.7,1.8,,9.4,1.8,,10.5,1.9,,10.1,1.8,,11.1,1.8,,11.4,1.8,,11.5,1.8,,11.8,1.9,,11.2,2.0,,10.5,1.8,,10.3,1.7,,10.7,1.8,,11.5,1.9,,11.3,1.9,,11.5,2.0,,10.6,2.0,,10.8,2.1,,11.2,2.1,,10.4,2.0,,10.3,2.1,,9.4,2.0,,9.7,1.9,,9.8,1.9,,9.3,1.8,,9.2,1.8,,8.2,1.8,,7.5,1.6,,7.3,1.6,,6.5,1.5,,6.4,1.5,,6.3,1.3,,6.4,1.3,,5.9,1.3,,6.0,1.5,,5.9,1.4,,5.2,1.3,,5.2,1.4,,4.9,1.1,,4.5,1.1,,4.2,1.1,,4.0,1.2,,3.9,1.2,,4.3,1.3,,5.0,1.5,,5.2,1.4,,5.6,1.5,,5.0,1.5,,5.9,1.7,,7.6,1.9,,7.8,1.8,,8.7,2.0,,8.1,1.8,,6.6,1.6
Bracknell Forest,E06000036,,4.2,1.0,,3.3,0.8,,3.0,0.8,,2.4,0.7,,2.3,0.4,,2.6,0.5,,3.2,0.6,,3.3,0.6,,3.1,0.6,,3.2,0.6,,3.2,0.6,,3.2,0.6,,3.5,0.6,,3.9,0.8,,3.9,0.9,,3.8,0.8,,3.5,0.7,,3.5,0.7,,3.5,0.6,,3.4,0.6,,3.7,0.7,,3.4,0.7,,3.5,0.7,,3.5,0.7,,3.5,0.7,,3.9,0.7,,4.2,0.8,,5.0,0.9,,5.3,0.8,,5.8,0.9,,5.7,0.9,,5.4,0.9,,5.1,1.0,,4.8,0.9,,4.8,0.8,,4.8,0.8,,5.1,0.9,,5.0,0.9,,5.3,0.9,,5.3,1.0,,5.5,1.0,,5.2,1.0,,4.8,0.9,,4.6,0.9,,4.2,0.9,,4.4,0.8,,4.3,0.8,,4.0,0.8,,3.9,0.7,,3.7,0.7,,3.5,0.7,,3.4,0.6,,3.2,0.6,,3.2,0.6,,3.2,0.5,,3.2,0.6,,3.2,0.6,,3.0,0.7,,2.8,0.6,,2.9,0.7,,2.9,0.7,,2.7,0.6,,2.6,0.6,,2.5,0.6,,2.4,0.6,,2.5,0.7,,2.4,0.7,,2.5,0.7,,2.5,0.6,,2.7,0.7,,3.1,0.8,,3.5,0.8,,3.6,0.8,,3.8,0.8,,3.8,0.8,,3.6,0.7,,3.5,0.7
Brighton and Hove,E06000043,,11.3,2.0,,9.5,1.8,,7.5,1.6,,7.4,1.6,,6.4,1.0,,5.6,0.9,,6.0,1.0,,5.4,1.0,,6.3,1.1,,6.4,1.1,,6.4,1.1,,6.4,1.1,,6.3,1.1,,6.7,1.3,,6.7,1.3,,6.5,1.3,,6.7,1.2,,6.6,1.1,,6.7,1.0,,6.4,1.0,,6.4,1.1,,6.2,1.1,,6.1,1.1,,6.4,1.1,,6.8,1.2,,6.8,1.2,,7.1,1.2,,7.5,1.2,,7.8,1.1,,8.2,1.1,,8.0,1.1,,8.0,1.2,,7.4,1.3,,7.6,1.2,,7.5,1.2,,7.9,1.2,,7.5,1.2,,7.5,1.2,,7.6,1.3,,7.3,1.3,,8.1,1.4,,8.2,1.4,,8.4,1.4,,8.8,1.5,,7.5,1.4,,7.3,1.2,,6.6,1.1,,6.2,1.1,,6.3,1.1,,5.9,1.1,,5.8,1.0,,5.8,1.0,,5.8,1.0,,6.0,1.0,,6.0,0.9,,5.7,1.0,,5.5,1.0,,5.7,1.2,,5.0,1.0,,4.8,1.1,,4.7,1.1,,4.8,1.0,,5.3,1.1,,5.7,1.2,,6.0,1.4,,5.1,1.3,,4.6,1.2,,4.2,1.1,,3.8,1.0,,4.4,1.0,,5.3,1.2,,5.7,1.3,,5.6,1.2,,5.3,1.1,,5.2,1.1,,4.8,1.0,,4.8,1.0
Isle of Wight,E06000046,,9.9,2.1,,9.4,2.2,,7.4,1.9,,7.8,2.0,,5.9,1.0,,5.6,1.0,,5.6,1.0,,4.8,0.8,,4.1,0.8,,4.0,0.8,,3.9,0.8,,4.1,0.8,,4.2,0.8,,4.5,1.0,,4.5,1.0,,4.6,1.0,,4.8,1.0,,5.2,1.0,,5.2,0.9,,5.4,0.9,,5.6,1.0,,5.7,1.1,,6.0,1.2,,5.7,1.1,,5.8,1.1,,5.7,1.1,,6.2,1.2,,7.1,1.2,,7.5,1.2,,8.3,1.3,,8.7,1.4,,8.4,1.3,,9.4,1.5,,9.1,1.4,,9.1,1.4,,9.3,1.4,,9.3,1.4,,8.8,1.4,,8.3,1.4,,8.1,1.4,,8.2,1.4,,8.7,1.4,,9.2,1.5,,9.1,1.5,,8.3,1.4,,7.9,1.3,,7.6,1.3,,7.6,1.3,,7.4,1.2,,7.0,1.2,,6.4,1.1,,5.6,1.0,,5.2,1.0,,5.2,0.9,,5.4,0.9,,5.6,1.0,,5.3,1.0,,4.8,1.0,,4.6,1.0,,4.4,1.0,,4.2,1.0,,4.6,0.9,,4.4,0.9,,4.0,1.0,,4.0,1.1,,3.7,1.1,,4.0,1.1,,4.1,1.1,,3.6,0.9,,3.7,0.9,,4.1,1.0,,4.8,1.1,,5.2,1.1,,5.4,1.1,,4.9,1.1,,4.7,1.0,,4.9,1.1
Medway,E06000035,,7.2,1.3,,7.1,1.4,,6.3,1.4,,5.1,1.2,,4.3,0.8,,4.6,0.8,,5.0,0.9,,5.8,0.9,,5.4,1.0,,5.7,1.0,,5.4,1.0,,5.3,1.0,,5.0,0.9,,5.0,1.1,,5.4,1.2,,6.0,1.2,,6.0,1.2,,5.6,1.0,,5.5,0.9,,5.4,0.9,,5.4,1.0,,5.4,1.0,,6.2,1.2,,6.0,1.1,,6.3,1.1,,7.1,1.2,,7.6,1.3,,8.8,1.3,,9.4,1.3,,9.6,1.4,,9.2,1.4,,8.8,1.4,,8.2,1.5,,7.6,1.3,,7.8,1.3,,7.9,1.3,,8.6,1.4,,9.0,1.4,,8.9,1.4,,8.8,1.5,,8.5,1.4,,9.6,1.5,,10.2,1.6,,9.6,1.6,,9.4,1.6,,8.7,1.4,,8.3,1.4,,7.7,1.3,,7.5,1.2,,7.7,1.3,,7.7,1.3,,7.3,1.2,,7.5,1.2,,6.9,1.2,,6.2,1.0,,6.6,1.1,,6.0,1.1,,5.4,1.2,,5.2,1.1,,4.9,1.1,,4.6,1.1,,4.3,0.9,,4.1,0.9,,4.0,1.0,,3.9,1.0,,4.1,1.1,,4.1,1.1,,4.1,1.1,,4.1,1.1,,4.5,1.1,,4.7,1.2,,4.9,1.1,,4.8,1.1,,4.6,0.9,,4.3,1.0,,4.2,0.9,,4.1,0.9
Milton Keynes,E06000042,,5.0,1.0,,5.9,1.2,,5.2,1.2,,3.9,0.9,,3.3,0.6,,3.5,0.6,,4.8,0.8,,4.8,0.8,,4.2,0.8,,4.4,0.8,,4.2,0.8,,4.3,0.8,,4.4,0.8,,4.8,1.1,,5.5,1.2,,5.9,1.2,,5.6,1.1,,5.0,0.9,,4.6,0.8,,4.2,0.7,,4.4,0.9,,4.4,0.9,,4.6,1.0,,4.9,1.0,,5.0,1.0,,5.6,1.0,,6.2,1.1,,7.5,1.2,,8.5,1.2,,9.0,1.3,,8.9,1.3,,8.6,1.3,,8.6,1.4,,7.9,1.3,,7.4,1.2,,7.2,1.2,,7.3,1.2,,7.3,1.2,,7.7,1.3,,7.8,1.3,,8.2,1.4,,8.6,1.4,,8.5,1.4,,8.3,1.4,,7.5,1.3,,6.8,1.2,,6.7,1.1,,6.2,1.1,,6.5,1.1,,6.5,1.2,,5.8,1.0,,5.6,1.0,,5.1,0.9,,4.7,0.9,,4.8,0.8,,4.6,0.8,,4.3,0.8,,4.1,0.9,,4.3,0.9,,4.4,1.0,,4.3,1.0,,4.3,0.8,,4.4,0.9,,4.2,0.9,,4.3,1.0,,4.0,1.0,,3.8,1.0,,3.7,0.9,,3.8,0.9,,3.7,0.9,,3.4,0.8,,4.1,0.9,,3.9,0.8,,4.3,0.8,,4.3,0.9,,3.8,0.8,,3.8,0.8
Portsmouth,E06000044,,9.4,1.8,,8.1,1.6,,7.1,1.6,,6.4,1.5,,5.2,0.8,,5.0,0.9,,4.9,0.8,,4.6,0.8,,5.3,1.0,,5.1,1.0,,5.2,1.0,,5.2,1.0,,5.1,0.9,,5.5,1.1,,5.7,1.2,,5.8,1.2,,5.9,1.1,,6.0,1.1,,5.8,0.9,,5.9,1.0,,6.3,1.1,,6.2,1.1,,6.0,1.1,,5.9,1.1,,6.3,1.1,,6.4,1.1,,7.0,1.2,,7.4,1.2,,7.5,1.1,,7.9,1.1,,7.8,1.2,,7.9,1.2,,7.8,1.3,,8.2,1.3,,8.1,1.3,,8.1,1.2,,8.0,1.3,,7.5,1.2,,7.6,1.3,,7.4,1.3,,7.8,1.4,,8.1,1.4,,8.1,1.4,,7.9,1.4,,7.1,1.4,,7.5,1.3,,7.3,1.3,,7.3,1.2,,7.3,1.2,,6.9,1.3,,6.5,1.2,,6.5,1.2,,6.2,1.1,,5.9,1.1,,6.2,1.0,,6.1,1.0,,5.6,1.0,,5.5,1.2,,4.8,1.0,,4.3,1.0,,4.1,1.0,,4.5,0.9,,4.7,1.0,,4.4,1.0,,4.4,1.2,,3.9,1.1,,3.5,1.0,,3.8,1.0,,3.9,1.0,,4.6,1.1,,5.0,1.2,,5.4,1.2,,5.4,1.1,,5.0,1.0,,5.2,1.1,,4.8,1.0,,4.8,1.0
Reading,E06000038,,6.9,1.5,,5.1,1.2,,4.1,1.0,,4.1,1.1,,3.9,0.7,,4.0,0.7,,5.1,0.9,,5.1,0.9,,5.3,0.9,,4.9,0.9,,5.1,0.9,,4.9,0.9,,4.9,0.8,,5.1,1.0,,5.1,1.1,,4.9,1.0,,5.0,1.0,,5.1,0.9,,5.1,0.8,,5.1,0.8,,5.2,1.0,,5.0,0.9,,4.9,1.0,,5.1,1.0,,5.2,1.0,,5.5,1.0,,6.2,1.1,,6.7,1.1,,7.3,1.1,,7.7,1.1,,7.3,1.1,,7.4,1.2,,7.1,1.3,,7.1,1.2,,7.4,1.2,,7.2,1.1,,6.8,1.1,,6.4,1.1,,6.0,1.0,,5.9,1.1,,6.1,1.1,,6.5,1.1,,6.6,1.1,,6.2,1.2,,5.8,1.1,,5.8,1.0,,5.8,1.0,,5.5,1.0,,5.5,0.9,,5.4,1.0,,5.1,0.9,,5.2,0.9,,5.2,0.9,,5.2,0.9,,5.0,0.8,,4.8,0.8,,4.5,0.9,,3.9,0.9,,3.8,0.8,,3.6,0.9,,3.4,0.9,,3.7,0.8,,4.1,0.9,,3.9,1.0,,4.1,1.1,,4.2,1.2,,4.0,1.1,,3.8,1.0,,3.4,0.9,,3.4,0.8,,3.6,0.9,,4.0,0.9,,4.3,0.9,,4.1,0.8,,4.4,1.0,,4.3,0.9,,4.1,0.9
Slough,E06000039,,7.0,1.8,,6.8,1.9,,5.4,1.7,,4.8,1.5,,5.3,1.0,,4.6,0.9,,6.5,1.1,,5.9,1.0,,6.4,1.2,,6.0,1.1,,6.2,1.1,,6.2,1.1,,5.7,1.0,,5.9,1.2,,5.9,1.2,,6.0,1.2,,6.6,1.3,,6.7,1.2,,6.9,1.2,,6.7,1.2,,5.9,1.2,,5.9,1.2,,5.7,1.2,,5.9,1.2,,6.3,1.2,,6.3,1.2,,7.0,1.2,,7.2,1.2,,7.9,1.2,,8.4,1.3,,8.2,1.3,,8.2,1.3,,7.5,1.4,,7.2,1.3,,7.6,1.3,,8.6,1.4,,9.1,1.5,,9.7,1.6,,9.9,1.6,,9.0,1.6,,9.0,1.6,,8.2,1.5,,8.3,1.5,,8.0,1.5,,8.1,1.5,,8.2,1.5,,7.7,1.4,,7.7,1.4,,6.8,1.3,,5.9,1.2,,4.9,1.0,,4.5,1.0,,4.3,0.9,,4.6,1.0,,4.6,0.9,,5.0,1.0,,4.9,1.0,,4.4,1.1,,4.4,1.0,,4.0,1.0,,3.8,1.0,,4.1,0.9,,3.9,0.9,,3.5,0.9,,3.7,1.0,,3.9,1.2,,3.9,1.2,,4.5,1.2,,4.1,1.1,,3.8,1.0,,4.0,1.1,,4.6,1.3,,5.9,1.5,,6.4,1.6,,6.4,1.7,,7.0,1.7,,6.2,1.7
Southampton,E06000045,,9.8,1.8,,7.9,1.6,,7.7,1.6,,6.6,1.5,,5.2,0.9,,4.6,0.8,,5.5,0.9,,4.7,0.8,,5.3,0.9,,5.2,1.0,,5.3,0.9,,5.6,1.0,,5.7,1.0,,6.2,1.2,,6.6,1.3,,6.7,1.3,,6.9,1.3,,6.8,1.2,,6.2,1.0,,6.1,1.0,,6.5,1.2,,6.1,1.1,,6.2,1.2,,5.9,1.1,,5.8,1.1,,6.1,1.1,,6.8,1.2,,7.3,1.2,,8.0,1.2,,8.3,1.2,,8.4,1.2,,8.2,1.2,,7.6,1.3,,7.4,1.2,,6.8,1.1,,7.1,1.1,,7.2,1.2,,7.7,1.3,,8.1,1.4,,8.1,1.4,,7.9,1.4,,8.0,1.4,,7.9,1.3,,7.9,1.4,,7.9,1.5,,8.0,1.4,,7.5,1.3,,7.2,1.3,,7.0,1.2,,6.1,1.2,,5.7,1.1,,5.8,1.1,,5.6,1.0,,5.8,1.0,,6.3,1.0,,5.9,1.0,,5.8,1.0,,5.3,1.1,,4.6,0.9,,4.6,1.0,,4.2,1.0,,5.0,1.0,,5.7,1.1,,5.5,1.1,,5.6,1.2,,4.7,1.1,,4.1,1.1,,4.3,1.0,,4.5,1.0,,4.7,1.0,,5.0,1.1,,5.2,1.1,,4.8,1.0,,4.5,0.9,,5.2,1.1,,5.0,1.0,,5.3,1.1
West Berkshire,E06000037,,3.4,0.7,,2.9,0.7,,2.5,0.6,,2.2,0.6,,2.1,0.4,,2.1,0.4,,2.9,0.5,,2.8,0.5,,2.7,0.5,,2.8,0.6,,2.8,0.6,,2.7,0.5,,2.8,0.5,,2.8,0.7,,3.4,0.8,,3.4,0.8,,3.6,0.8,,3.6,0.7,,3.1,0.5,,3.1,0.5,,3.0,0.6,,2.9,0.6,,3.1,0.7,,3.2,0.7,,3.3,0.7,,3.6,0.7,,4.1,0.8,,4.6,0.8,,5.1,0.8,,5.1,0.8,,4.8,0.8,,4.6,0.8,,4.6,0.9,,4.7,0.8,,4.8,0.8,,4.8,0.8,,4.6,0.8,,4.6,0.8,,4.6,0.8,,4.5,0.9,,4.8,0.9,,4.9,0.9,,4.6,0.9,,4.8,1.0,,4.1,0.9,,3.8,0.7,,3.5,0.7,,3.3,0.7,,3.2,0.6,,3.0,0.6,,3.0,0.6,,2.8,0.6,,2.8,0.6,,2.8,0.6,,2.9,0.5,,3.0,0.6,,3.2,0.6,,3.1,0.7,,2.9,0.6,,2.7,0.7,,2.3,0.6,,2.4,0.5,,2.5,0.6,,2.7,0.7,,2.8,0.8,,2.9,0.8,,2.8,0.8,,2.5,0.7,,2.5,0.6,,2.6,0.7,,2.7,0.7,,3.0,0.7,,3.1,0.7,,3.2,0.7,,3.0,0.7,,3.1,0.6,,3.0,0.6
Windsor and Maidenhead,E06000040,,3.8,0.8,,3.7,0.9,,2.9,0.8,,3.2,0.9,,2.8,0.5,,3.2,0.6,,4.4,0.8,,3.7,0.7,,3.5,0.7,,3.3,0.7,,3.0,0.6,,2.9,0.6,,2.9,0.5,,3.0,0.7,,3.6,0.8,,3.8,0.8,,4.0,0.8,,3.7,0.7,,3.4,0.6,,3.4,0.6,,3.3,0.7,,3.3,0.7,,3.2,0.7,,3.4,0.7,,3.6,0.7,,3.7,0.7,,4.2,0.8,,4.7,0.8,,5.1,0.8,,5.6,0.8,,5.4,0.8,,5.4,0.9,,5.5,1.0,,5.2,0.9,,5.1,0.9,,4.7,0.8,,4.5,0.8,,4.5,0.9,,4.5,0.9,,4.4,0.9,,4.5,0.9,,4.3,0.9,,4.5,0.9,,4.7,0.9,,4.1,0.9,,4.2,0.8,,3.9,0.8,,3.6,0.7,,3.6,0.7,,3.5,0.7,,3.4,0.7,,3.5,0.7,,3.5,0.7,,3.5,0.7,,3.4,0.6,,3.3,0.6,,3.4,0.6,,3.2,0.7,,3.0,0.6,,2.8,0.6,,2.5,0.6,,2.7,0.6,,2.7,0.6,,2.7,0.6,,2.7,0.7,,2.8,0.7,,2.6,0.7,,2.6,0.7,,2.4,0.6,,2.3,0.6,,2.6,0.6,,3.1,0.7,,3.4,0.7,,3.8,0.7,,3.7,0.8,,3.8,0.7,,3.6,0.7
Wokingham,E06000041,,2.9,0.7,,2.4,0.6,,2.0,0.5,,2.0,0.6,,2.0,0.4,,2.4,0.5,,3.2,0.6,,3.0,0.6,,2.7,0.5,,2.6,0.5,,2.6,0.5,,2.7,0.5,,2.7,0.5,,2.7,0.7,,3.2,0.8,,3.5,0.8,,3.5,0.7,,3.5,0.7,,2.9,0.5,,2.7,0.5,,2.7,0.6,,2.6,0.5,,2.8,0.6,,3.0,0.6,,3.3,0.7,,3.6,0.7,,4.0,0.8,,4.6,0.8,,4.9,0.8,,5.1,0.8,,4.7,0.8,,4.5,0.8,,4.3,0.8,,4.1,0.8,,4.3,0.8,,4.1,0.7,,4.2,0.8,,4.3,0.8,,4.3,0.8,,4.1,0.9,,3.8,0.8,,3.8,0.8,,3.9,0.8,,4.0,0.9,,3.7,0.9,,3.6,0.8,,3.3,0.7,,3.2,0.7,,3.2,0.6,,3.0,0.6,,2.9,0.6,,2.9,0.6,,2.8,0.6,,3.0,0.6,,3.1,0.6,,3.1,0.6,,3.1,0.6,,2.8,0.7,,2.7,0.6,,2.6,0.7,,2.5,0.7,,2.5,0.6,,2.4,0.6,,2.4,0.6,,2.5,0.7,,2.4,0.7,,2.5,0.7,,2.4,0.6,,2.1,0.6,,2.2,0.6,,2.4,0.6,,3.1,0.7,,3.3,0.7,,3.4,0.7,,3.4,0.7,,3.0,0.6,,2.8,0.6
Buckinghamshire,E06000060,,,,,,,,,,,,,,,,,,,,,,,,,,,,,,,,,,,,,,,,,,,,,,,,,,,,,,,,,,,,,,,,,,,,,,,,,,,,,,,,,,,,,,,,,,,,,,,,,,,,,,,,,,,,,,,,,,,,,,,,,,,,,,,,,,,,,,,,,,,,,,,,,,,,,,,,,,,,,,,,,3.6,:,,3.5,:,,3.5,:,,3.4,:,,3.2,:,,3.0,:,,2.9,:,,2.7,:,,2.9,:,,2.9,:,,2.9,:,,2.9,:,,2.9,:,,2.8,:,,2.8,:,,2.8,:,,2.7,:,,3.2,:,,3.6,:,,3.7,:,,3.9,:,,3.9,:,,3.6,:,,3.6,:
Aylesbury Vale,E07000004,,3.9,0.9,,3.4,0.8,,3.6,0.9,,2.9,0.7,,2.5,0.5,,2.6,0.6,,3.6,0.8,,3.1,0.7,,3.1,0.7,,2.9,0.7,,2.8,0.6,,2.8,0.6,,2.9,0.6,,3.1,0.9,,3.1,1.0,,3.2,1.0,,3.5,1.0,,3.5,0.9,,3.4,0.7,,3.6,0.8,,3.3,0.8,,3.1,0.8,,3.4,0.9,,3.3,0.8,,3.5,0.9,,3.8,0.9,,3.9,0.9,,4.4,1.0,,4.7,1.0,,4.9,1.0,,4.8,1.0,,4.9,1.0,,4.9,1.2,,4.9,1.1,,5.2,1.1,,5.7,1.2,,5.8,1.2,,5.8,1.3,,5.7,1.3,,5.6,1.3,,5.8,1.4,,5.8,1.3,,5.8,1.3,,5.4,1.3,,4.7,1.2,,4.3,1.0,,4.1,1.0,,3.9,0.9,,3.8,0.9,,3.7,0.9,,3.7,0.9,,3.5,0.8,,3.4,0.8,,3.3,0.8,,3.2,0.7,,3.3,0.7,,3.3,0.8,,3.3,0.9,,2.9,0.8,,2.8,0.8,,2.6,0.8,,2.7,0.7,,2.6,0.7,,2.6,0.7,,2.6,0.8,,2.6,0.9,,2.5,0.9,,2.6,0.8,,2.7,0.8,,2.8,0.9,,3.4,1.0,,3.9,1.1,,3.8,1.0,,3.9,0.9,,3.8,0.9,,3.4,0.8,,3.5,0.8
Chiltern,E07000005,,3.7,0.9,,2.8,0.7,,2.7,0.8,,2.6,0.8,,2.3,0.6,,2.4,0.6,,3.2,0.8,,3.1,0.8,,3.1,0.7,,3.1,0.7,,3.2,0.7,,3.3,0.7,,3.4,0.7,,3.4,1.1,,3.9,1.4,,3.5,1.2,,3.6,1.1,,3.6,1.0,,3.1,0.8,,3.3,0.9,,3.2,1.0,,3.1,0.9,,3.3,1.0,,3.2,0.9,,3.3,0.9,,3.4,0.9,,3.7,1.0,,4.2,1.1,,4.5,1.1,,4.9,1.2,,5.0,1.2,,4.8,1.2,,4.7,1.2,,4.4,1.1,,4.1,1.1,,4.0,1.0,,3.9,1.1,,4.0,1.1,,4.2,1.1,,4.3,1.2,,4.6,1.3,,4.8,1.4,,4.9,1.4,,4.5,1.3,,4.1,1.3,,4.1,1.1,,3.9,1.0,,3.8,1.0,,3.6,1.0,,3.6,1.0,,3.2,0.9,,3.0,0.8,,3.1,0.8,,2.7,0.8,,3.0,0.8,,2.9,0.8,,2.8,0.8,,3.0,1.0,,2.9,0.8,,2.7,0.9,,2.4,0.8,,2.6,0.8,,2.6,0.8,,2.6,0.8,,2.8,1.0,,2.7,1.0,,2.8,1.1,,2.7,1.0,,2.6,0.9,,2.3,0.8,,2.6,0.9,,3.2,1.0,,3.3,0.9,,3.7,1.0,,3.5,1.0,,3.2,0.8,,3.1,0.8
South Bucks,E07000006,,3.8,1.0,,3.1,0.9,,3.0,0.9,,3.0,1.0,,2.5,0.7,,2.6,0.7,,3.5,1.0,,3.2,0.9,,2.9,0.7,,2.9,0.7,,2.9,0.7,,2.8,0.7,,2.9,0.6,,2.9,1.2,,3.1,1.2,,3.6,1.3,,3.8,1.3,,3.7,1.1,,3.6,1.0,,3.4,1.0,,3.3,1.1,,3.0,1.0,,2.8,1.0,,2.9,0.9,,2.8,0.9,,3.4,1.0,,3.8,1.2,,4.1,1.2,,4.5,1.4,,4.9,1.6,,5.2,1.8,,4.9,1.7,,5.0,1.7,,4.5,1.6,,3.9,1.3,,4.2,1.3,,4.2,1.3,,4.1,1.3,,4.1,1.3,,3.7,1.3,,3.6,1.3,,3.9,1.4,,4.3,1.4,,4.4,1.6,,4.7,1.7,,4.3,1.4,,3.8,1.3,,3.6,1.2,,3.2,1.0,,3.3,1.0,,3.3,1.0,,3.3,1.0,,3.5,1.0,,3.5,1.0,,3.6,1.0,,3.3,1.0,,3.0,1.0,,2.8,1.0,,2.9,1.0,,2.8,1.0,,2.8,1.1,,3.0,0.9,,3.2,1.0,,2.7,0.9,,2.7,1.0,,2.9,1.1,,2.7,1.1,,2.7,1.0,,2.4,0.9,,2.2,0.9,,2.7,1.1,,3.2,1.2,,3.4,1.2,,3.7,1.2,,3.7,1.2,,3.4,1.0,,3.4,1.1
Wycombe,E07000007,,4.5,0.9,,3.9,0.9,,3.9,0.9,,3.6,0.9,,3.2,0.7,,3.6,0.8,,4.6,1.0,,4.2,0.9,,4.0,0.8,,3.8,0.9,,3.7,0.8,,3.6,0.8,,3.7,0.8,,3.8,1.1,,4.3,1.2,,4.0,1.1,,4.2,1.1,,4.0,0.9,,3.7,0.8,,3.9,0.8,,3.7,0.9,,3.7,0.9,,4.1,1.0,,4.4,1.0,,4.6,1.1,,4.7,1.1,,5.0,1.1,,5.5,1.2,,6.1,1.2,,6.5,1.3,,6.3,1.3,,5.7,1.2,,5.9,1.4,,5.6,1.2,,5.7,1.2,,6.0,1.3,,5.5,1.3,,5.2,1.2,,5.5,1.3,,5.3,1.3,,6.0,1.5,,6.5,1.5,,6.5,1.5,,6.7,1.6,,5.7,1.5,,5.5,1.3,,4.8,1.1,,4.9,1.1,,4.8,1.1,,5.3,1.2,,5.7,1.3,,5.2,1.1,,4.9,1.1,,4.5,1.0,,4.2,0.8,,3.9,0.8,,3.8,0.9,,3.5,1.0,,3.1,0.8,,3.2,0.9,,3.0,0.9,,3.3,0.8,,3.5,0.9,,3.6,1.0,,3.4,1.0,,3.3,1.1,,3.0,1.0,,3.2,1.0,,3.2,0.9,,3.1,0.9,,3.4,1.0,,3.7,1.0,,3.8,1.0,,4.0,0.9,,4.3,1.1,,4.0,0.9,,4.0,0.9
Eastbourne,E07000061,,7.6,1.9,,5.7,1.5,,5.4,1.5,,5.4,1.6,,4.6,1.2,,4.6,1.2,,5.1,1.3,,4.6,1.2,,5.4,1.1,,5.2,1.1,,5.5,1.1,,5.4,1.1,,5.1,1.0,,6.0,1.9,,6.7,2.2,,6.0,2.0,,6.1,1.8,,5.9,1.7,,6.0,1.5,,6.0,1.5,,6.1,1.6,,6.0,1.6,,5.8,1.6,,5.8,1.6,,5.7,1.7,,6.4,1.8,,6.8,1.8,,7.4,1.8,,7.9,1.8,,8.1,1.8,,7.4,1.7,,6.9,1.7,,6.7,1.7,,6.0,1.5,,6.9,1.8,,7.4,1.9,,6.8,1.8,,7.0,1.8,,6.6,1.8,,6.7,1.9,,7.5,2.0,,7.7,2.1,,7.9,2.2,,7.4,2.1,,7.1,2.2,,7.7,2.1,,7.1,1.9,,7.2,1.8,,7.2,1.9,,6.4,1.8,,6.4,1.8,,6.2,1.7,,6.2,1.6,,6.4,1.7,,6.1,1.6,,5.9,1.7,,5.4,1.5,,4.7,1.6,,4.6,1.4,,4.5,1.5,,4.8,1.7,,4.9,1.4,,5.2,1.6,,4.8,1.6,,4.3,1.6,,4.4,1.7,,4.2,1.7,,4.4,1.7,,4.2,1.5,,4.4,1.6,,4.5,1.7,,4.7,1.7,,4.7,1.6,,4.6,1.4,,4.8,1.4,,4.8,1.4,,4.8,1.6
Hastings,E07000062,,10.8,2.5,,9.8,2.5,,8.3,2.3,,7.2,2.0,,6.3,1.5,,6.4,1.6,,6.5,1.7,,5.7,1.5,,6.6,1.4,,6.4,1.4,,6.1,1.3,,5.8,1.2,,6.2,1.2,,6.7,2.1,,6.6,2.1,,6.7,2.2,,6.8,2.0,,6.5,1.8,,6.8,1.8,,7.1,1.8,,7.0,1.9,,7.2,2.0,,7.5,2.1,,6.6,1.8,,7.8,2.1,,7.7,2.1,,7.9,2.1,,8.2,2.1,,7.9,1.8,,9.4,2.1,,8.8,2.1,,9.8,2.4,,10.2,2.6,,9.7,2.5,,10.0,2.5,,10.0,2.4,,9.5,2.4,,9.0,2.3,,9.4,2.5,,8.7,2.5,,9.9,2.8,,10.1,2.9,,10.5,2.9,,10.8,3.1,,10.0,3.0,,9.3,2.5,,8.7,2.4,,8.6,2.3,,8.2,2.2,,8.9,2.5,,8.6,2.4,,8.3,2.3,,8.5,2.3,,7.7,2.1,,7.5,2.0,,8.1,2.3,,7.0,2.2,,6.1,2.1,,5.5,1.8,,4.5,1.6,,5.0,1.8,,6.0,2.0,,6.0,1.9,,5.3,1.8,,4.8,1.9,,4.3,1.7,,4.5,1.8,,4.7,1.8,,4.3,1.6,,4.7,1.7,,4.7,1.7,,5.1,1.7,,5.7,1.8,,5.7,1.7,,6.5,2.0,,6.0,1.8,,5.5,1.6
Lewes,E07000063,,5.7,1.4,,5.3,1.4,,5.0,1.4,,3.8,1.1,,3.3,0.8,,3.4,0.8,,4.2,1.0,,3.3,0.8,,3.5,0.8,,3.7,0.9,,3.9,0.9,,3.9,0.9,,3.9,0.8,,3.5,1.2,,4.1,1.4,,5.0,1.6,,5.3,1.6,,5.2,1.5,,4.7,1.2,,4.0,1.0,,4.0,1.1,,3.8,1.1,,4.0,1.2,,4.3,1.2,,4.4,1.3,,4.7,1.4,,4.9,1.4,,5.7,1.5,,6.0,1.5,,6.0,1.4,,6.1,1.5,,5.7,1.4,,5.6,1.5,,5.5,1.4,,5.2,1.3,,5.0,1.3,,5.2,1.4,,5.5,1.6,,5.6,1.6,,5.4,1.6,,5.6,1.6,,5.3,1.6,,5.5,1.6,,5.6,1.8,,5.1,1.7,,5.4,1.5,,5.1,1.4,,5.0,1.4,,5.0,1.4,,5.1,1.5,,5.2,1.5,,5.1,1.4,,5.0,1.3,,4.3,1.2,,3.9,1.0,,3.7,1.0,,3.9,1.1,,3.7,1.2,,3.6,1.0,,3.4,1.1,,2.8,1.0,,2.9,0.8,,2.9,0.9,,3.1,1.0,,3.2,1.1,,3.6,1.3,,3.5,1.3,,3.4,1.2,,3.7,1.3,,3.4,1.2,,3.7,1.3,,4.3,1.4,,4.5,1.5,,4.6,1.4,,4.8,1.4,,4.2,1.3,,3.9,1.2
Rother,E07000064,,6.2,1.7,,5.4,1.5,,5.3,1.6,,4.6,1.4,,3.8,0.9,,4.0,1.1,,4.6,1.2,,3.9,1.0,,3.4,0.8,,3.1,0.7,,3.5,0.8,,3.3,0.8,,3.6,0.8,,3.6,1.2,,3.8,1.3,,4.6,1.6,,4.6,1.4,,4.3,1.3,,4.0,1.1,,4.1,1.2,,4.1,1.3,,4.7,1.4,,4.5,1.4,,4.4,1.3,,5.0,1.5,,4.6,1.3,,5.0,1.4,,5.4,1.5,,5.3,1.4,,5.8,1.6,,5.8,1.5,,5.9,1.6,,6.9,1.9,,7.1,1.8,,7.7,2.0,,8.3,2.2,,8.0,2.2,,7.9,2.2,,7.9,2.3,,7.8,2.3,,7.3,2.2,,7.7,2.4,,6.8,2.1,,6.7,2.1,,6.4,2.1,,5.6,1.6,,5.7,1.7,,5.4,1.6,,5.2,1.6,,5.2,1.7,,4.5,1.4,,4.0,1.2,,3.8,1.1,,4.1,1.2,,4.2,1.2,,4.4,1.3,,4.6,1.3,,3.9,1.4,,3.9,1.3,,3.8,1.4,,3.5,1.4,,4.2,1.3,,4.4,1.4,,3.9,1.4,,3.7,1.5,,3.4,1.5,,3.3,1.5,,3.7,1.5,,3.3,1.2,,3.4,1.3,,3.6,1.4,,3.6,1.3,,3.7,1.2,,3.9,1.2,,3.7,1.2,,3.3,1.1,,3.6,1.2
Wealden,E07000065,,3.7,0.9,,3.3,0.8,,3.2,0.9,,2.7,0.7,,2.5,0.5,,2.5,0.6,,3.1,0.7,,2.7,0.7,,2.7,0.6,,2.8,0.7,,2.7,0.6,,2.6,0.6,,2.8,0.6,,2.9,0.9,,3.3,1.1,,3.5,1.1,,3.6,1.0,,3.5,0.9,,3.1,0.7,,3.2,0.7,,3.2,0.8,,3.2,0.8,,3.3,0.8,,3.6,0.9,,3.7,0.9,,3.7,0.9,,3.9,0.9,,4.2,0.9,,4.4,0.9,,4.7,1.0,,4.8,1.0,,4.4,1.0,,4.4,1.1,,4.3,1.0,,4.4,1.1,,4.4,1.0,,4.3,1.0,,4.3,1.1,,4.1,1.0,,4.2,1.1,,4.8,1.3,,5.2,1.3,,5.2,1.3,,5.2,1.3,,4.2,1.2,,4.0,1.0,,3.7,0.9,,3.6,0.9,,3.8,0.9,,3.8,1.0,,3.6,0.9,,3.5,0.8,,3.5,0.8,,3.4,0.8,,3.6,0.8,,3.8,0.9,,3.4,0.8,,3.2,0.9,,3.2,0.9,,2.9,0.9,,2.7,0.9,,2.7,0.7,,2.5,0.7,,2.9,0.8,,3.1,1.0,,3.3,1.1,,3.1,1.1,,2.7,0.9,,2.5,0.8,,2.4,0.8,,2.9,1.0,,3.7,1.1,,4.1,1.1,,4.2,1.1,,4.2,1.1,,3.6,0.9,,3.5,0.9
Basingstoke and Deane,E07000084,,4.2,0.9,,3.4,0.8,,2.9,0.7,,2.9,0.7,,2.3,0.5,,2.3,0.5,,3.1,0.7,,2.8,0.6,,2.7,0.6,,2.7,0.6,,2.8,0.6,,2.9,0.6,,3.1,0.6,,3.1,0.9,,3.4,1.0,,3.7,1.1,,3.7,1.0,,3.6,0.9,,3.4,0.7,,3.4,0.7,,3.6,0.9,,3.5,0.9,,3.7,1.0,,3.8,0.9,,4.0,1.0,,4.5,1.0,,4.9,1.1,,5.5,1.1,,5.7,1.1,,5.9,1.1,,5.7,1.1,,5.8,1.2,,5.6,1.3,,5.5,1.2,,5.3,1.2,,4.8,1.1,,5.2,1.2,,5.1,1.2,,5.4,1.3,,5.4,1.4,,5.0,1.3,,5.4,1.4,,5.5,1.3,,5.4,1.4,,5.0,1.4,,4.6,1.2,,4.1,1.0,,3.9,1.0,,3.8,0.9,,3.6,0.9,,3.7,0.9,,3.5,0.9,,3.7,0.9,,3.7,0.9,,3.7,0.9,,3.6,0.8,,3.3,0.8,,3.0,0.9,,2.6,0.7,,2.5,0.8,,2.5,0.8,,2.5,0.7,,2.5,0.7,,2.4,0.7,,2.4,0.8,,2.4,0.9,,2.5,0.9,,2.9,1.0,,2.8,0.9,,2.8,0.9,,2.9,0.9,,3.2,1.0,,3.5,1.0,,3.9,1.0,,3.9,1.0,,3.5,0.8,,3.6,0.9
East Hampshire,E07000085,,4.2,0.9,,3.8,0.9,,3.3,0.9,,2.8,0.8,,2.5,0.6,,2.5,0.6,,3.1,0.8,,2.7,0.7,,2.8,0.6,,2.7,0.6,,2.7,0.6,,2.6,0.6,,2.7,0.6,,2.9,0.9,,3.0,1.0,,3.2,1.0,,3.3,1.0,,3.4,0.9,,3.3,0.8,,3.3,0.8,,3.2,0.9,,3.2,0.8,,3.3,0.9,,3.4,0.9,,3.6,1.0,,3.7,1.0,,4.0,1.0,,4.5,1.1,,4.6,1.0,,4.9,1.1,,4.8,1.1,,5.0,1.1,,4.9,1.2,,4.6,1.1,,4.4,1.1,,4.8,1.2,,4.8,1.2,,5.0,1.3,,5.2,1.3,,4.6,1.3,,4.5,1.3,,4.8,1.4,,4.6,1.3,,4.4,1.3,,4.3,1.4,,4.2,1.2,,4.1,1.2,,3.9,1.1,,3.7,1.0,,3.2,1.0,,3.2,0.9,,3.3,0.9,,3.3,0.9,,3.2,0.9,,3.3,0.9,,3.3,0.9,,3.4,1.0,,3.4,1.1,,3.1,0.9,,3.0,1.0,,2.9,1.0,,2.9,0.9,,2.8,0.9,,2.6,0.9,,2.4,0.9,,2.3,0.9,,2.4,0.9,,2.3,0.9,,2.1,0.8,,2.2,0.8,,2.6,1.0,,3.3,1.1,,3.5,1.1,,3.7,1.1,,3.7,1.1,,3.2,0.9,,3.3,1.0
Eastleigh,E07000086,,4.0,0.9,,3.5,0.8,,3.2,0.8,,2.9,0.8,,2.4,0.6,,2.3,0.6,,2.9,0.7,,3.1,0.7,,2.9,0.7,,2.7,0.6,,2.8,0.6,,2.9,0.7,,3.0,0.7,,3.2,1.0,,3.5,1.2,,3.9,1.2,,4.0,1.2,,4.0,1.0,,3.8,0.9,,3.6,0.9,,3.5,1.0,,3.5,0.9,,3.3,1.0,,3.6,1.0,,3.8,1.0,,4.2,1.1,,4.5,1.1,,4.8,1.1,,5.1,1.1,,5.4,1.2,,5.5,1.2,,5.4,1.2,,5.3,1.4,,5.0,1.2,,5.1,1.2,,5.2,1.2,,5.5,1.3,,5.7,1.5,,5.4,1.4,,5.0,1.4,,4.7,1.4,,4.9,1.4,,4.9,1.4,,5.0,1.5,,4.7,1.5,,3.8,1.1,,3.3,1.0,,3.0,0.9,,3.1,0.9,,3.3,1.0,,3.3,0.9,,3.2,0.9,,3.0,0.9,,3.1,0.9,,3.1,0.9,,3.3,0.9,,3.3,0.9,,3.2,1.0,,3.0,0.9,,3.1,1.0,,3.0,1.0,,3.0,0.9,,3.3,1.0,,3.5,1.1,,3.4,1.2,,3.5,1.3,,3.3,1.3,,3.1,1.1,,2.8,0.9,,2.7,0.9,,2.9,1.0,,3.1,1.0,,3.6,1.1,,3.6,1.1,,3.5,1.1,,3.4,0.9,,3.2,0.9
Fareham,E07000087,,4.7,1.1,,3.7,0.9,,2.8,0.8,,2.6,0.7,,2.7,0.6,,2.5,0.6,,3.3,0.8,,2.7,0.7,,2.7,0.6,,2.8,0.7,,2.7,0.6,,2.7,0.6,,2.9,0.6,,3.2,1.0,,3.5,1.2,,3.5,1.1,,3.7,1.1,,3.8,1.0,,3.7,0.9,,3.7,0.9,,3.6,0.9,,3.4,0.9,,3.7,1.0,,3.8,1.0,,4.0,1.0,,4.2,1.0,,4.5,1.1,,4.6,1.1,,5.0,1.1,,5.1,1.2,,4.9,1.1,,4.7,1.2,,4.7,1.3,,4.5,1.2,,4.4,1.3,,4.4,1.3,,4.0,1.2,,4.5,1.3,,4.3,1.2,,4.5,1.3,,4.6,1.4,,4.1,1.3,,4.2,1.3,,4.5,1.4,,4.3,1.4,,3.8,1.2,,3.5,1.1,,3.2,1.0,,3.2,1.0,,3.2,1.0,,3.2,1.0,,3.0,1.0,,3.4,1.0,,3.4,1.1,,3.7,1.0,,3.5,1.0,,3.3,1.0,,3.2,1.0,,2.9,0.9,,2.8,0.9,,2.4,0.8,,2.6,0.8,,2.5,0.8,,2.4,0.8,,2.9,1.1,,2.8,1.1,,2.7,1.0,,2.5,0.9,,2.2,0.8,,2.1,0.8,,2.4,0.9,,3.0,1.0,,3.3,1.1,,3.6,1.1,,3.9,1.2,,3.8,1.1,,3.5,1.0
Gosport,E07000088,,6.3,1.7,,6.7,1.7,,5.0,1.4,,4.0,1.2,,3.5,1.0,,3.8,1.0,,4.7,1.3,,3.4,1.1,,3.4,0.8,,3.4,0.8,,3.5,0.8,,3.5,0.8,,3.5,0.7,,3.5,1.3,,3.8,1.4,,3.9,1.4,,4.2,1.4,,4.1,1.2,,4.0,1.1,,3.8,1.0,,3.7,1.1,,3.9,1.2,,4.4,1.4,,4.7,1.4,,4.8,1.4,,4.7,1.4,,5.1,1.5,,5.4,1.5,,5.8,1.5,,6.4,1.6,,6.2,1.6,,6.4,1.7,,6.8,2.1,,6.4,1.9,,6.3,1.8,,6.4,1.9,,6.2,1.9,,6.1,1.9,,6.6,2.1,,6.4,2.1,,7.1,2.2,,7.6,2.5,,7.8,2.5,,8.1,2.7,,7.1,2.6,,6.7,2.2,,5.7,1.9,,5.3,1.8,,5.1,1.7,,5.0,1.7,,4.7,1.6,,4.9,1.7,,4.7,1.6,,4.5,1.6,,4.1,1.4,,4.2,1.4,,4.3,1.5,,4.0,1.5,,4.0,1.5,,3.5,1.3,,3.5,1.4,,4.0,1.4,,4.3,1.4,,4.2,1.5,,3.8,1.5,,3.7,1.5,,3.5,1.5,,3.4,1.4,,3.7,1.4,,3.8,1.5,,4.2,1.7,,4.6,1.7,,4.4,1.5,,4.8,1.5,,4.4,1.5,,4.2,1.3,,4.3,1.5
Hart,E07000089,,3.2,0.9,,2.5,0.7,,2.1,0.6,,1.9,0.6,,1.9,0.5,,1.7,0.5,,2.5,0.7,,2.5,0.7,,2.3,0.5,,2.3,0.5,,2.5,0.6,,2.5,0.6,,2.6,0.6,,2.7,0.9,,2.8,0.9,,2.8,0.9,,2.9,0.9,,2.8,0.8,,2.4,0.6,,2.5,0.6,,2.7,0.8,,2.7,0.8,,2.8,0.9,,2.7,0.8,,2.8,0.8,,2.9,0.8,,3.2,0.9,,3.7,0.9,,3.9,0.9,,4.0,1.0,,4.1,1.0,,3.8,1.0,,4.1,1.2,,4.2,1.1,,4.3,1.2,,4.3,1.2,,4.1,1.1,,4.2,1.2,,3.9,1.1,,3.8,1.2,,3.7,1.2,,3.5,1.1,,3.6,1.2,,3.6,1.2,,3.3,1.1,,3.1,0.9,,3.0,0.9,,2.9,0.9,,2.9,0.9,,2.8,0.9,,2.3,0.7,,2.4,0.8,,2.4,0.8,,2.6,0.9,,2.7,0.9,,2.5,0.8,,2.5,0.8,,2.3,0.8,,2.3,0.7,,2.3,0.8,,2.1,0.8,,2.3,0.7,,2.4,0.8,,2.6,0.9,,2.6,1.0,,2.5,1.0,,2.3,0.9,,1.9,0.7,,1.7,0.6,,2.0,0.8,,2.4,0.9,,3.2,1.1,,3.7,1.2,,4.2,1.3,,4.3,1.4,,3.7,1.1,,3.4,1.0
Havant,E07000090,,7.1,1.7,,6.9,1.6,,6.5,1.6,,5.2,1.4,,4.5,1.0,,4.7,1.1,,5.1,1.2,,5.0,1.2,,4.2,1.0,,3.9,0.9,,4.1,0.9,,4.1,0.9,,4.4,0.9,,4.9,1.5,,4.8,1.5,,4.5,1.4,,4.9,1.4,,4.9,1.3,,5.0,1.2,,5.3,1.3,,5.4,1.4,,5.3,1.4,,5.9,1.6,,5.8,1.5,,5.9,1.5,,6.0,1.5,,5.8,1.4,,6.5,1.5,,6.5,1.4,,6.6,1.4,,6.4,1.5,,6.4,1.6,,6.8,1.8,,7.2,1.8,,7.0,1.8,,7.1,1.9,,7.6,2.0,,7.7,2.1,,7.9,2.3,,7.7,2.3,,7.6,2.2,,7.8,2.2,,7.3,2.0,,7.4,2.2,,7.0,2.2,,6.6,1.9,,6.5,1.9,,6.4,1.7,,6.0,1.6,,5.7,1.6,,5.8,1.7,,5.3,1.5,,5.5,1.6,,5.5,1.6,,5.1,1.4,,5.0,1.5,,4.5,1.4,,4.2,1.5,,4.0,1.3,,3.6,1.2,,3.6,1.3,,4.1,1.2,,4.6,1.4,,4.2,1.5,,4.2,1.6,,3.8,1.5,,3.1,1.3,,3.5,1.3,,3.2,1.2,,3.5,1.3,,4.4,1.6,,4.6,1.6,,5.0,1.6,,4.8,1.5,,4.2,1.4,,3.8,1.2,,3.5,1.1
New Forest,E07000091,,5.0,1.1,,4.4,1.0,,3.7,0.9,,3.9,1.0,,3.0,0.7,,3.0,0.7,,3.2,0.7,,2.7,0.7,,2.8,0.6,,2.7,0.6,,2.7,0.6,,2.7,0.6,,2.8,0.6,,3.1,0.9,,3.4,1.0,,3.6,1.0,,3.9,1.1,,3.8,0.9,,3.7,0.8,,3.6,0.8,,3.6,0.9,,3.3,0.8,,3.3,0.9,,3.5,0.9,,3.7,0.9,,4.4,1.1,,4.7,1.1,,5.0,1.1,,5.3,1.1,,5.6,1.1,,5.6,1.1,,5.5,1.2,,5.4,1.3,,4.8,1.1,,5.2,1.2,,5.2,1.2,,5.1,1.2,,5.1,1.2,,4.7,1.2,,4.4,1.2,,4.8,1.3,,4.8,1.3,,4.9,1.3,,5.1,1.4,,4.4,1.3,,3.9,1.0,,3.7,1.0,,3.5,0.9,,3.4,0.9,,3.6,1.0,,3.7,1.0,,3.5,0.9,,3.4,0.9,,3.3,0.9,,3.3,0.8,,3.3,0.8,,3.4,0.9,,2.8,0.9,,2.6,0.8,,2.5,0.8,,2.4,0.8,,2.7,0.7,,2.8,0.8,,3.0,0.9,,2.9,1.0,,2.8,1.0,,2.5,0.9,,2.3,0.8,,2.2,0.7,,2.2,0.7,,2.7,0.9,,3.5,1.0,,3.9,1.1,,4.5,1.2,,4.2,1.1,,3.7,0.9,,3.5,0.9
Rushmoor,E07000092,,4.1,1.0,,3.9,1.0,,3.5,1.0,,2.8,0.8,,2.5,0.7,,2.6,0.7,,3.2,0.8,,3.4,0.9,,3.7,0.8,,3.6,0.8,,3.5,0.8,,3.4,0.8,,3.6,0.7,,4.2,1.3,,4.4,1.4,,4.5,1.4,,4.1,1.2,,4.0,1.1,,3.8,0.9,,3.8,0.9,,4.0,1.1,,3.8,1.0,,4.0,1.1,,4.4,1.2,,4.5,1.2,,4.8,1.2,,5.1,1.3,,5.1,1.3,,5.5,1.3,,5.9,1.4,,5.9,1.4,,5.7,1.4,,5.7,1.6,,5.9,1.5,,6.0,1.6,,6.3,1.7,,6.3,1.6,,5.9,1.6,,5.9,1.6,,6.0,1.7,,6.7,2.0,,7.1,2.1,,7.9,2.3,,7.6,2.2,,6.6,2.1,,5.9,1.7,,5.1,1.5,,4.9,1.4,,4.7,1.3,,4.5,1.3,,4.3,1.2,,3.7,1.1,,3.5,1.0,,3.3,1.0,,3.0,0.9,,3.1,0.9,,3.2,1.0,,3.2,1.1,,3.0,1.0,,2.9,1.0,,2.5,1.0,,2.5,0.8,,2.7,0.9,,2.6,0.9,,2.7,1.0,,2.8,1.1,,2.6,1.0,,2.6,1.0,,2.6,0.9,,2.9,1.0,,3.7,1.4,,4.3,1.5,,4.7,1.6,,4.5,1.5,,3.6,1.3,,3.6,1.2,,3.1,1.0
Test Valley,E07000093,,3.4,0.8,,3.3,0.8,,3.1,0.8,,2.4,0.7,,2.3,0.5,,2.3,0.6,,2.7,0.7,,2.9,0.7,,2.4,0.6,,2.4,0.6,,2.5,0.6,,2.6,0.6,,2.6,0.6,,2.7,0.9,,3.0,1.0,,3.1,1.0,,3.1,0.9,,3.1,0.8,,2.9,0.7,,2.9,0.7,,2.8,0.8,,2.8,0.8,,2.9,0.9,,3.1,0.8,,3.3,0.9,,3.5,0.9,,3.7,1.0,,4.1,1.1,,4.4,1.0,,4.7,1.1,,4.5,1.0,,4.2,1.0,,4.2,1.1,,3.9,1.0,,4.1,1.1,,4.0,1.1,,4.3,1.2,,4.3,1.3,,4.3,1.3,,4.4,1.3,,4.5,1.4,,4.6,1.4,,4.5,1.4,,4.3,1.4,,3.7,1.3,,3.7,1.1,,3.6,1.0,,3.7,1.0,,3.4,1.0,,3.2,0.9,,2.9,0.8,,2.6,0.8,,2.8,0.8,,2.9,0.9,,3.2,0.9,,3.0,0.9,,2.7,0.8,,2.5,0.9,,2.4,0.8,,2.4,0.8,,2.4,0.9,,2.5,0.7,,2.7,0.8,,2.8,0.9,,3.0,1.0,,2.9,1.1,,2.7,1.0,,2.7,1.0,,2.7,0.9,,2.7,0.9,,2.8,1.0,,3.0,1.0,,2.7,0.9,,2.9,0.8,,3.0,0.9,,2.7,0.7,,2.9,0.8
Winchester,E07000094,,3.7,0.9,,3.9,0.9,,3.1,0.9,,2.7,0.8,,2.2,0.5,,2.3,0.6,,3.0,0.7,,3.1,0.8,,2.8,0.6,,2.7,0.6,,2.8,0.6,,2.8,0.6,,2.9,0.6,,2.9,0.9,,2.9,1.0,,3.4,1.1,,3.5,1.0,,3.5,0.9,,3.4,0.8,,3.1,0.8,,3.0,0.8,,2.9,0.8,,3.1,0.9,,3.1,0.8,,3.3,0.9,,3.3,0.9,,3.7,1.0,,4.1,1.0,,4.5,1.1,,4.9,1.1,,4.6,1.1,,4.2,1.1,,4.3,1.2,,3.9,1.1,,4.0,1.1,,4.3,1.2,,4.4,1.2,,4.3,1.2,,4.1,1.1,,3.8,1.1,,4.0,1.2,,4.3,1.3,,4.6,1.3,,4.6,1.3,,4.0,1.2,,3.7,1.0,,3.1,0.9,,3.0,0.9,,2.8,0.8,,2.5,0.8,,2.5,0.8,,2.3,0.7,,2.3,0.7,,2.3,0.7,,2.4,0.7,,3.0,0.8,,3.2,0.9,,3.1,1.0,,2.7,0.8,,2.4,0.8,,2.0,0.7,,2.3,0.7,,2.5,0.8,,2.5,0.8,,2.6,1.0,,2.7,1.0,,2.8,1.1,,2.8,1.0,,2.8,1.0,,2.8,1.0,,3.2,1.2,,3.5,1.2,,3.3,1.1,,3.0,0.9,,3.0,0.9,,2.7,0.8,,2.7,0.8
Ashford,E07000105,,5.4,1.3,,5.4,1.3,,4.5,1.2,,4.1,1.2,,3.4,0.8,,3.3,0.8,,3.7,1.0,,3.6,0.9,,3.0,0.7,,3.0,0.7,,3.1,0.7,,3.5,0.8,,3.6,0.7,,3.9,1.2,,4.2,1.3,,4.9,1.5,,5.0,1.4,,5.0,1.3,,4.6,1.1,,4.2,1.0,,3.9,1.0,,3.9,1.0,,3.9,1.1,,3.8,1.0,,4.1,1.0,,4.4,1.1,,4.8,1.2,,5.3,1.2,,5.8,1.3,,5.9,1.3,,6.0,1.3,,6.1,1.4,,5.9,1.5,,5.8,1.4,,5.8,1.4,,6.0,1.4,,6.4,1.6,,6.1,1.5,,6.5,1.7,,6.2,1.7,,6.4,1.8,,6.9,1.8,,6.9,1.8,,6.8,1.9,,6.4,1.9,,5.7,1.5,,5.4,1.4,,5.2,1.4,,5.1,1.3,,5.2,1.4,,4.9,1.3,,5.1,1.3,,4.9,1.3,,4.7,1.3,,5.0,1.2,,5.2,1.3,,4.7,1.2,,4.4,1.4,,4.1,1.2,,3.5,1.1,,3.9,1.3,,4.0,1.1,,4.0,1.1,,4.0,1.3,,3.7,1.3,,4.1,1.5,,4.3,1.6,,4.1,1.5,,3.7,1.3,,3.3,1.1,,3.4,1.2,,3.7,1.2,,3.9,1.2,,4.3,1.2,,4.9,1.4,,4.6,1.2,,4.7,1.4
Canterbury,E07000106,,7.5,1.7,,6.4,1.5,,5.8,1.5,,5.1,1.4,,4.8,1.1,,4.4,1.0,,5.3,1.2,,5.0,1.2,,4.0,0.9,,3.6,0.9,,3.6,0.8,,3.6,0.8,,4.3,0.9,,5.2,1.5,,5.9,1.8,,6.6,1.9,,6.2,1.7,,5.3,1.3,,4.8,1.1,,4.6,1.0,,4.3,1.1,,4.1,1.1,,4.6,1.3,,4.4,1.2,,4.8,1.3,,5.1,1.3,,5.3,1.3,,6.3,1.5,,6.2,1.4,,6.9,1.5,,6.7,1.5,,6.2,1.5,,7.3,1.8,,7.0,1.7,,7.2,1.7,,7.3,1.7,,7.3,1.7,,7.0,1.7,,7.2,1.8,,7.7,2.0,,7.5,2.0,,8.9,2.3,,9.2,2.4,,9.7,2.6,,8.8,2.5,,7.6,2.0,,6.7,1.8,,6.0,1.6,,5.9,1.5,,5.2,1.5,,5.7,1.5,,5.6,1.5,,5.8,1.5,,5.3,1.4,,5.7,1.5,,5.2,1.4,,5.0,1.5,,5.2,1.7,,4.2,1.3,,4.5,1.5,,3.9,1.4,,4.1,1.2,,4.3,1.2,,4.6,1.4,,5.0,1.7,,4.9,1.8,,4.5,1.6,,4.6,1.6,,4.2,1.4,,3.9,1.3,,4.0,1.3,,4.1,1.2,,3.9,1.1,,3.9,1.0,,3.9,1.0,,3.5,0.9,,3.8,1.0
Dartford,E07000107,,6.9,1.7,,6.7,1.7,,5.4,1.5,,3.9,1.1,,3.1,0.8,,3.6,0.9,,4.4,1.1,,4.5,1.2,,4.5,1.0,,4.4,1.0,,4.0,0.9,,4.2,0.9,,4.3,0.9,,5.0,1.6,,5.5,1.8,,5.2,1.7,,5.0,1.5,,4.7,1.3,,4.3,1.2,,4.1,1.2,,4.6,1.4,,5.0,1.5,,5.2,1.7,,5.4,1.7,,5.5,1.6,,5.1,1.4,,5.6,1.6,,5.9,1.5,,6.3,1.6,,6.7,1.7,,6.7,1.7,,6.7,1.9,,6.8,2.0,,7.0,2.2,,7.0,2.1,,7.0,2.1,,7.2,2.1,,6.8,2.0,,6.8,2.0,,7.0,2.1,,6.7,2.2,,7.0,2.2,,7.1,2.2,,7.4,2.3,,6.5,2.1,,6.1,1.8,,5.3,1.6,,4.4,1.4,,4.7,1.4,,4.8,1.6,,5.8,1.7,,5.6,1.7,,5.2,1.5,,4.6,1.4,,4.3,1.2,,4.4,1.2,,4.2,1.2,,4.0,1.3,,3.3,1.0,,2.9,1.0,,2.7,1.0,,2.9,0.9,,2.9,0.9,,2.7,0.9,,2.9,1.1,,2.6,1.0,,2.5,1.0,,2.6,1.0,,2.5,0.9,,2.7,1.0,,3.0,1.1,,3.3,1.3,,3.5,1.3,,3.9,1.4,,4.5,1.7,,4.6,1.8,,4.7,1.8
Dover,E07000108,,8.0,1.8,,7.7,1.9,,8.0,2.1,,6.0,1.7,,5.5,1.4,,4.5,1.2,,4.4,1.2,,4.5,1.2,,4.9,1.0,,4.6,1.0,,5.3,1.1,,5.2,1.1,,5.0,1.0,,5.6,1.7,,5.7,1.7,,6.4,1.8,,6.4,1.7,,5.9,1.5,,5.5,1.3,,5.7,1.3,,5.1,1.3,,4.8,1.3,,5.1,1.4,,4.8,1.3,,5.2,1.4,,5.6,1.5,,5.8,1.5,,6.4,1.6,,6.4,1.5,,6.8,1.6,,6.6,1.5,,6.9,1.7,,8.0,2.0,,8.0,2.0,,8.5,2.1,,8.3,2.0,,7.6,2.0,,7.6,2.1,,7.7,2.2,,7.6,2.3,,7.6,2.2,,8.5,2.4,,8.4,2.3,,8.1,2.3,,7.2,2.1,,7.2,2.0,,7.4,2.0,,7.0,1.9,,8.1,2.3,,7.4,2.2,,6.7,1.9,,5.9,1.6,,5.5,1.5,,5.3,1.5,,5.3,1.5,,6.2,1.8,,5.2,1.6,,5.1,1.7,,4.5,1.4,,4.6,1.6,,4.2,1.5,,4.3,1.3,,4.5,1.4,,3.9,1.3,,3.4,1.4,,3.8,1.6,,4.0,1.7,,4.6,1.7,,5.0,1.8,,5.3,1.8,,5.5,2.0,,5.0,1.8,,5.5,1.8,,6.2,1.9,,5.6,1.7,,5.1,1.5,,4.6,1.4
Gravesham,E07000109,,7.9,1.9,,9.9,2.5,,6.0,1.7,,5.6,1.5,,4.6,1.2,,4.9,1.2,,5.6,1.4,,5.1,1.3,,4.5,1.0,,4.3,1.0,,4.3,0.9,,4.5,1.0,,4.7,1.0,,4.7,1.6,,5.1,1.7,,5.6,1.9,,5.4,1.7,,5.8,1.6,,6.2,1.5,,5.8,1.4,,6.5,1.7,,6.2,1.6,,6.2,1.8,,5.9,1.7,,5.9,1.7,,5.9,1.7,,6.1,1.8,,7.5,2.1,,8.0,2.1,,8.9,2.5,,8.8,2.4,,8.1,2.1,,7.7,2.2,,7.2,1.9,,8.0,2.1,,8.5,2.2,,9.4,2.6,,10.7,2.9,,9.8,2.7,,9.4,2.8,,9.4,2.8,,9.2,2.9,,9.4,2.8,,9.5,3.0,,8.5,2.8,,7.6,2.3,,6.6,2.1,,6.2,1.9,,6.3,1.9,,6.7,2.0,,7.1,2.2,,7.1,2.2,,6.4,2.0,,5.6,1.8,,5.9,2.0,,6.9,2.3,,7.1,2.6,,6.8,2.6,,5.7,1.9,,5.0,1.9,,4.6,1.8,,5.4,1.9,,5.5,2.0,,4.5,1.6,,4.2,1.6,,3.5,1.4,,3.8,1.5,,4.5,1.7,,4.6,1.7,,4.6,1.7,,4.7,1.8,,4.7,1.7,,4.7,1.6,,5.4,1.7,,4.8,1.7,,4.3,1.6,,4.3,1.8
Maidstone,E07000110,,5.5,1.2,,5.4,1.3,,4.8,1.2,,4.0,1.1,,3.1,0.7,,3.2,0.7,,3.9,0.9,,3.5,0.8,,3.5,0.8,,3.4,0.8,,3.7,0.8,,3.8,0.8,,3.8,0.8,,4.2,1.3,,4.4,1.3,,4.6,1.3,,4.3,1.2,,4.2,1.0,,3.9,0.9,,3.7,0.9,,4.0,1.0,,3.9,1.0,,4.0,1.1,,4.3,1.1,,4.3,1.2,,4.5,1.1,,4.8,1.2,,5.0,1.1,,5.4,1.1,,5.6,1.2,,5.4,1.2,,5.0,1.2,,4.7,1.2,,4.6,1.1,,4.8,1.1,,5.2,1.2,,5.1,1.2,,5.4,1.3,,5.7,1.4,,5.9,1.5,,6.3,1.6,,6.7,1.8,,6.9,1.8,,6.8,1.8,,6.1,1.7,,5.6,1.4,,5.2,1.3,,4.9,1.3,,4.9,1.2,,5.0,1.3,,4.6,1.2,,4.2,1.1,,4.0,1.0,,3.8,0.9,,3.8,0.9,,4.2,1.0,,4.4,1.1,,4.4,1.3,,4.1,1.2,,4.0,1.3,,3.4,1.2,,3.6,1.0,,3.2,0.9,,3.0,1.0,,2.8,1.0,,2.5,1.0,,2.4,0.9,,2.5,0.9,,2.9,1.0,,3.0,1.0,,3.6,1.3,,3.8,1.3,,3.8,1.2,,3.7,1.1,,3.7,1.1,,3.7,1.0,,3.6,1.0
Sevenoaks,E07000111,,4.7,1.1,,4.9,1.2,,3.6,1.0,,3.6,1.0,,2.5,0.6,,2.8,0.7,,3.6,0.9,,3.8,1.0,,3.0,0.7,,2.9,0.7,,3.0,0.7,,3.0,0.7,,3.2,0.7,,3.5,1.2,,3.6,1.2,,3.7,1.2,,3.7,1.1,,3.6,1.0,,3.3,0.8,,3.1,0.8,,3.1,0.9,,3.1,0.8,,3.3,1.0,,3.5,1.0,,3.9,1.1,,3.8,1.1,,4.1,1.2,,4.5,1.3,,4.6,1.2,,5.0,1.3,,5.0,1.3,,5.2,1.4,,5.6,1.7,,5.0,1.4,,4.7,1.3,,4.5,1.2,,4.5,1.2,,4.6,1.3,,4.8,1.4,,4.6,1.4,,4.5,1.4,,4.4,1.4,,4.5,1.3,,4.7,1.5,,4.5,1.5,,4.5,1.4,,4.1,1.3,,3.8,1.3,,3.7,1.2,,3.6,1.1,,3.7,1.1,,3.8,1.1,,3.5,1.1,,3.2,1.0,,3.4,1.0,,3.5,1.0,,3.8,1.2,,3.7,1.3,,3.2,1.1,,3.0,1.1,,2.6,1.0,,2.9,1.0,,3.2,1.1,,2.8,1.1,,3.0,1.2,,3.0,1.3,,2.6,1.1,,2.9,1.2,,2.7,1.1,,3.2,1.3,,3.7,1.5,,4.0,1.5,,4.1,1.3,,3.6,1.1,,3.9,1.2,,3.7,1.1,,4.2,1.3
Folkestone and Hythe,E07000112,,8.5,2.0,,7.7,1.9,,7.0,2.0,,5.5,1.5,,4.7,1.2,,4.3,1.1,,4.7,1.2,,5.0,1.3,,4.7,1.0,,4.5,1.0,,4.6,1.0,,4.6,1.0,,4.6,1.0,,5.6,1.7,,6.0,1.8,,6.2,1.8,,5.9,1.7,,5.5,1.5,,5.8,1.4,,5.9,1.4,,6.1,1.5,,6.1,1.5,,6.0,1.7,,5.4,1.5,,5.4,1.5,,5.6,1.6,,5.9,1.7,,6.5,1.7,,6.7,1.6,,7.7,1.9,,7.8,1.9,,8.1,1.9,,9.3,2.4,,8.4,2.1,,8.3,2.0,,8.0,2.0,,7.7,2.0,,7.3,1.9,,6.9,1.9,,7.0,2.0,,6.9,2.0,,7.6,2.1,,7.7,2.2,,8.3,2.4,,7.6,2.2,,7.4,2.0,,6.7,1.9,,5.8,1.6,,5.9,1.6,,6.0,1.8,,5.9,1.7,,5.3,1.5,,5.0,1.4,,4.9,1.4,,5.3,1.4,,5.5,1.5,,5.3,1.5,,4.8,1.6,,4.3,1.4,,3.8,1.4,,3.7,1.4,,4.4,1.4,,4.5,1.4,,4.6,1.6,,4.2,1.7,,3.6,1.6,,3.6,1.6,,4.0,1.6,,3.7,1.4,,3.9,1.4,,3.7,1.5,,3.9,1.4,,4.0,1.3,,4.3,1.3,,4.3,1.3,,4.1,1.2,,4.3,1.4
Swale,E07000113,,8.1,1.8,,7.7,1.8,,6.6,1.7,,5.9,1.5,,5.3,1.2,,5.4,1.2,,5.7,1.3,,4.7,1.1,,4.5,1.0,,4.5,1.0,,4.6,1.1,,4.3,1.0,,4.5,1.0,,5.1,1.5,,5.3,1.6,,5.9,1.8,,5.8,1.6,,5.6,1.4,,5.7,1.3,,6.1,1.3,,6.3,1.5,,5.8,1.4,,5.6,1.5,,5.4,1.4,,5.7,1.4,,5.8,1.4,,6.3,1.5,,6.8,1.6,,7.9,1.7,,8.0,1.7,,7.9,1.7,,8.3,1.8,,8.3,2.0,,8.8,2.0,,8.5,1.9,,8.8,2.0,,8.4,2.0,,8.8,2.2,,8.9,2.1,,8.1,2.1,,8.4,2.2,,7.7,2.0,,8.5,2.2,,9.4,2.5,,8.6,2.4,,8.3,2.1,,7.0,1.8,,6.5,1.7,,6.2,1.6,,5.9,1.6,,6.0,1.6,,5.8,1.5,,6.2,1.6,,5.9,1.5,,5.9,1.4,,6.2,1.6,,6.0,1.7,,6.3,2.0,,5.5,1.7,,5.1,1.7,,4.8,1.7,,4.5,1.4,,6.0,1.7,,6.0,1.9,,5.6,1.9,,6.1,2.2,,4.9,1.9,,4.8,1.7,,4.7,1.5,,4.9,1.6,,5.1,1.7,,5.3,1.6,,5.5,1.6,,5.0,1.3,,4.5,1.3,,4.5,1.2,,4.0,1.2
Thanet,E07000114,,11.3,2.5,,10.6,2.6,,9.8,2.5,,8.2,2.3,,6.4,1.7,,5.5,1.4,,7.1,1.8,,7.0,1.8,,5.2,1.1,,5.7,1.3,,6.4,1.3,,6.4,1.3,,6.4,1.2,,6.6,1.9,,7.0,2.1,,8.2,2.3,,7.4,2.0,,6.8,1.8,,6.7,1.6,,6.5,1.6,,7.1,1.8,,6.7,1.8,,6.7,1.9,,6.5,1.8,,7.3,2.0,,7.3,1.9,,7.9,2.0,,8.5,2.0,,8.0,1.8,,8.8,2.0,,8.7,1.9,,8.9,2.0,,9.7,2.3,,10.5,2.4,,11.6,2.6,,12.1,2.8,,13.4,3.1,,12.3,3.0,,11.2,2.8,,11.0,2.9,,11.1,3.0,,12.4,3.3,,12.4,3.5,,12.0,3.5,,11.0,3.4,,10.5,2.9,,9.7,2.6,,9.8,2.6,,10.1,2.6,,9.1,2.5,,8.8,2.3,,8.2,2.1,,7.3,1.9,,7.0,1.8,,6.9,1.7,,7.2,1.9,,6.4,1.8,,5.8,1.9,,5.1,1.6,,4.6,1.6,,4.5,1.6,,5.1,1.5,,5.6,1.8,,5.0,1.7,,4.5,1.8,,4.4,1.9,,4.1,1.8,,5.2,2.0,,5.7,2.1,,5.7,2.0,,6.0,2.2,,5.8,1.9,,5.7,1.7,,6.4,1.9,,6.4,1.8,,5.7,1.6,,5.9,1.8
Tonbridge and Malling,E07000115,,4.3,1.0,,4.4,1.1,,3.9,1.1,,3.2,0.8,,2.9,0.7,,2.7,0.7,,3.2,0.8,,3.3,0.8,,3.4,0.7,,3.2,0.8,,3.1,0.7,,3.1,0.7,,3.2,0.7,,3.1,1.0,,3.7,1.2,,3.8,1.2,,3.8,1.1,,3.9,1.0,,3.6,0.9,,3.5,0.9,,3.7,1.0,,3.8,1.0,,4.0,1.1,,3.8,1.0,,3.9,1.1,,4.0,1.0,,4.1,1.1,,4.8,1.2,,4.9,1.1,,5.2,1.2,,5.2,1.2,,4.9,1.2,,5.1,1.4,,4.8,1.3,,5.2,1.4,,5.2,1.4,,5.4,1.4,,5.6,1.5,,5.8,1.7,,6.1,1.8,,6.3,2.0,,6.2,1.9,,6.0,1.8,,5.6,1.7,,5.2,1.7,,5.0,1.4,,4.2,1.2,,3.9,1.2,,3.9,1.1,,3.7,1.1,,3.9,1.1,,3.9,1.1,,4.1,1.1,,3.9,1.1,,3.8,1.0,,4.1,1.0,,3.7,1.0,,3.8,1.2,,3.5,1.0,,3.3,1.1,,3.3,1.2,,3.4,1.0,,3.4,1.0,,3.2,1.0,,3.0,1.1,,2.8,1.0,,2.8,1.1,,2.7,1.0,,2.6,0.9,,2.7,1.0,,3.0,1.1,,3.5,1.2,,3.4,1.2,,3.6,1.1,,3.3,1.0,,3.1,0.9,,3.0,0.9
Tunbridge Wells,E07000116,,4.9,1.2,,4.3,1.0,,3.5,0.9,,2.8,0.8,,2.6,0.6,,2.6,0.7,,3.5,0.9,,3.3,0.9,,3.3,0.7,,3.3,0.8,,3.3,0.7,,3.2,0.7,,3.0,0.6,,3.0,1.0,,3.4,1.1,,3.5,1.1,,3.6,1.1,,3.7,1.0,,3.1,0.7,,3.2,0.8,,3.4,0.9,,3.4,0.9,,3.9,1.1,,3.8,1.1,,3.9,1.1,,3.8,1.0,,3.7,1.0,,4.5,1.2,,4.7,1.2,,5.0,1.2,,4.9,1.2,,4.6,1.2,,4.9,1.3,,4.8,1.2,,5.0,1.2,,4.9,1.2,,4.3,1.1,,4.4,1.2,,4.2,1.1,,4.2,1.2,,4.2,1.2,,3.9,1.2,,4.0,1.2,,3.9,1.2,,3.8,1.2,,3.9,1.1,,3.7,1.1,,3.8,1.1,,4.1,1.2,,4.1,1.2,,4.0,1.2,,3.8,1.1,,3.6,1.0,,3.6,1.0,,3.4,0.9,,3.4,0.9,,3.2,0.9,,3.0,1.0,,3.0,0.9,,3.0,1.0,,2.7,0.9,,3.0,0.9,,3.2,0.9,,3.3,1.1,,3.6,1.3,,3.1,1.2,,3.1,1.2,,2.8,1.0,,2.5,0.9,,2.6,1.0,,2.9,1.1,,3.2,1.1,,3.2,1.0,,3.4,1.0,,3.3,0.9,,3.5,0.9,,3.8,1.1
Cherwell,E07000177,,3.6,0.8,,3.5,0.8,,2.9,0.8,,2.3,0.6,,2.3,0.5,,2.4,0.6,,2.9,0.7,,2.8,0.7,,2.8,0.6,,2.7,0.6,,2.8,0.6,,2.9,0.6,,3.0,0.6,,3.2,0.9,,3.4,1.0,,3.6,1.0,,3.7,1.0,,3.5,0.9,,3.3,0.7,,3.4,0.8,,3.5,0.9,,3.6,1.0,,3.9,1.1,,3.4,0.9,,3.6,0.9,,4.0,0.9,,4.5,1.1,,5.2,1.2,,5.9,1.3,,5.8,1.3,,5.3,1.2,,5.1,1.1,,5.0,1.2,,4.9,1.1,,5.1,1.2,,5.0,1.2,,4.9,1.2,,4.9,1.2,,4.6,1.2,,4.5,1.2,,4.6,1.3,,4.3,1.2,,4.4,1.2,,4.4,1.3,,4.0,1.3,,4.1,1.1,,3.8,1.0,,3.7,1.0,,3.6,0.9,,3.3,0.9,,3.3,0.9,,3.2,0.9,,3.1,0.8,,3.4,0.9,,3.3,0.8,,3.5,0.9,,3.4,0.9,,3.3,1.0,,2.9,0.9,,2.7,0.9,,2.6,0.9,,2.4,0.7,,2.7,0.8,,2.8,0.9,,2.8,1.0,,2.7,1.0,,2.5,0.9,,2.4,0.8,,2.2,0.7,,2.3,0.7,,2.7,0.9,,3.2,1.0,,3.2,0.9,,3.2,0.8,,3.0,0.8,,3.1,0.7,,3.1,0.8
Oxford,E07000178,,7.5,1.6,,6.7,1.5,,5.6,1.4,,4.6,1.2,,4.0,0.9,,3.8,0.9,,4.2,1.0,,4.9,1.2,,5.1,1.0,,4.8,1.0,,4.9,1.0,,4.9,1.0,,4.8,1.0,,5.1,1.5,,6.0,1.7,,5.6,1.6,,5.9,1.6,,6.2,1.5,,5.6,1.2,,5.9,1.3,,6.5,1.6,,5.9,1.5,,5.7,1.5,,5.4,1.3,,5.3,1.3,,5.0,1.2,,5.3,1.3,,5.4,1.3,,5.7,1.2,,6.3,1.4,,6.1,1.4,,6.6,1.5,,6.6,1.7,,6.1,1.5,,6.2,1.5,,6.0,1.5,,5.7,1.5,,6.2,1.6,,5.8,1.5,,5.9,1.6,,5.9,1.6,,6.3,1.7,,6.4,1.7,,6.3,1.8,,5.8,1.7,,5.6,1.5,,5.2,1.4,,4.9,1.3,,4.6,1.2,,3.7,1.1,,3.6,1.0,,3.8,1.1,,3.7,1.0,,4.4,1.1,,4.7,1.1,,4.4,1.0,,4.2,1.1,,3.7,1.1,,3.3,1.0,,3.2,1.1,,2.9,1.1,,3.2,1.0,,3.5,1.1,,3.5,1.2,,3.5,1.3,,3.2,1.3,,2.9,1.2,,3.1,1.1,,2.9,1.0,,3.0,1.0,,3.4,1.2,,3.8,1.2,,5.2,1.5,,5.3,1.5,,5.4,1.5,,4.9,1.4,,4.5,1.4
South Oxfordshire,E07000179,,3.4,0.8,,2.9,0.7,,2.7,0.7,,2.3,0.6,,2.4,0.5,,2.3,0.6,,2.9,0.7,,3.0,0.7,,2.8,0.6,,2.7,0.6,,2.8,0.6,,2.6,0.6,,2.5,0.5,,2.6,0.8,,2.8,0.9,,3.0,0.9,,3.2,0.9,,3.2,0.8,,3.0,0.7,,3.1,0.7,,3.3,0.8,,3.2,0.8,,3.2,0.9,,3.3,0.9,,3.4,0.8,,3.6,0.9,,3.8,0.9,,4.1,0.9,,4.1,0.9,,4.4,1.0,,4.2,0.9,,4.1,0.9,,4.3,1.1,,4.2,1.0,,4.3,1.0,,4.2,1.0,,4.1,1.0,,4.0,1.0,,3.9,1.0,,3.9,1.1,,4.1,1.2,,3.6,1.0,,3.7,1.0,,3.7,1.1,,3.3,1.0,,3.4,0.9,,3.1,0.8,,3.0,0.8,,2.9,0.8,,2.9,0.8,,2.7,0.8,,2.6,0.7,,2.5,0.7,,2.5,0.7,,2.7,0.7,,2.7,0.7,,2.9,0.8,,2.8,0.9,,2.8,0.8,,2.6,0.8,,2.5,0.9,,2.6,0.7,,2.5,0.7,,2.5,0.8,,2.6,0.9,,2.5,0.9,,2.3,0.8,,2.3,0.8,,2.1,0.7,,1.9,0.7,,2.1,0.7,,2.8,0.9,,3.0,0.9,,3.2,0.8,,3.5,1.0,,3.3,0.9,,3.1,0.8
Vale of White Horse,E07000180,,3.1,0.7,,3.0,0.7,,2.5,0.7,,2.2,0.6,,2.4,0.6,,2.3,0.6,,2.6,0.7,,2.6,0.7,,2.5,0.6,,2.4,0.6,,2.4,0.6,,2.4,0.5,,2.3,0.5,,2.2,0.7,,2.5,0.8,,2.6,0.8,,2.8,0.8,,2.9,0.8,,2.7,0.6,,2.5,0.6,,2.4,0.7,,2.3,0.6,,2.5,0.7,,2.6,0.7,,2.9,0.8,,3.2,0.8,,3.5,0.9,,4.1,1.0,,4.5,1.0,,4.7,1.1,,4.6,1.1,,4.2,1.0,,4.0,1.1,,4.0,1.0,,4.0,1.0,,3.9,1.0,,4.1,1.1,,4.5,1.2,,4.4,1.2,,4.5,1.2,,4.2,1.2,,4.2,1.2,,4.4,1.2,,4.4,1.3,,4.0,1.2,,3.9,1.0,,3.6,1.0,,3.4,0.9,,3.6,1.0,,3.4,1.0,,3.2,0.9,,2.8,0.8,,2.7,0.8,,2.6,0.8,,2.9,0.8,,3.0,0.8,,2.9,0.8,,2.6,0.9,,2.4,0.7,,2.5,0.8,,2.4,0.8,,2.5,0.7,,2.8,0.8,,2.9,0.9,,3.2,1.2,,3.2,1.2,,3.2,1.2,,2.8,1.0,,2.6,0.8,,2.6,0.8,,2.6,0.9,,2.7,0.9,,2.9,0.9,,3.2,0.9,,3.3,0.9,,3.2,0.8,,3.5,0.9
West Oxfordshire,E07000181,,3.5,0.8,,2.9,0.7,,2.4,0.7,,2.0,0.6,,1.8,0.5,,1.9,0.5,,2.6,0.7,,2.0,0.6,,2.3,0.5,,2.2,0.5,,2.2,0.5,,2.3,0.5,,2.1,0.5,,2.4,0.8,,2.6,0.9,,2.7,0.9,,2.8,0.9,,2.8,0.7,,2.5,0.6,,2.4,0.6,,2.7,0.8,,2.6,0.8,,2.7,0.8,,2.8,0.8,,3.0,0.9,,3.1,0.9,,3.6,1.0,,4.0,1.0,,4.2,1.1,,4.2,1.1,,3.9,1.0,,3.8,1.0,,3.7,1.1,,3.8,1.0,,4.0,1.0,,3.8,1.0,,3.7,1.0,,3.8,1.1,,3.7,1.1,,3.9,1.2,,4.1,1.2,,4.1,1.3,,4.2,1.4,,4.2,1.4,,3.9,1.3,,3.6,1.1,,3.4,1.0,,3.2,0.9,,3.2,0.9,,3.2,1.0,,3.1,1.0,,2.9,0.9,,2.6,0.8,,2.7,0.8,,2.6,0.7,,2.8,0.8,,2.8,0.9,,2.3,0.8,,2.4,0.8,,2.3,0.8,,2.1,0.8,,2.4,0.8,,2.4,0.8,,2.5,0.8,,2.5,0.9,,2.2,0.8,,2.1,0.8,,2.0,0.8,,2.0,0.7,,2.3,0.8,,2.9,1.0,,3.7,1.2,,3.5,1.1,,3.7,1.1,,3.3,1.0,,2.9,0.9,,3.2,1.0
Elmbridge,E07000207,,3.9,0.9,,3.3,0.8,,2.7,0.7,,2.7,0.7,,2.1,0.5,,2.4,0.6,,2.8,0.7,,3.1,0.8,,2.9,0.7,,2.9,0.7,,2.8,0.6,,2.8,0.6,,2.7,0.6,,2.7,0.9,,3.3,1.1,,3.6,1.1,,3.8,1.1,,3.5,0.9,,2.8,0.7,,2.7,0.7,,2.6,0.7,,2.5,0.7,,2.6,0.7,,2.7,0.7,,2.9,0.8,,2.9,0.8,,3.6,0.9,,4.0,0.9,,4.3,1.0,,4.7,1.0,,4.5,1.0,,4.2,1.0,,4.1,1.1,,4.2,1.0,,4.4,1.1,,4.6,1.1,,4.4,1.1,,4.5,1.2,,4.6,1.2,,4.2,1.2,,4.3,1.2,,4.3,1.2,,3.9,1.1,,4.1,1.2,,3.7,1.1,,3.5,0.9,,3.0,0.8,,3.3,0.9,,3.4,0.9,,3.3,0.9,,3.3,0.9,,3.2,0.9,,3.1,0.8,,3.3,0.9,,3.4,0.9,,3.2,0.8,,3.3,0.9,,3.1,1.0,,2.9,0.9,,3.0,0.9,,2.9,1.0,,2.8,0.8,,2.7,0.8,,2.5,0.8,,2.5,0.9,,2.4,0.9,,2.4,0.9,,2.5,0.9,,2.3,0.8,,2.3,0.8,,2.7,0.9,,3.1,1.1,,3.6,1.1,,4.0,1.1,,3.9,1.1,,3.4,0.8,,3.1,0.8
Epsom and Ewell,E07000208,,4.6,1.2,,3.6,1.0,,3.0,0.9,,3.0,1.0,,2.4,0.6,,2.6,0.7,,3.7,1.0,,2.9,0.9,,2.9,0.7,,2.8,0.7,,2.7,0.6,,2.7,0.6,,2.9,0.6,,2.9,1.0,,3.3,1.2,,3.4,1.2,,3.6,1.1,,3.7,1.1,,3.2,0.9,,3.4,0.9,,3.1,0.9,,3.1,0.9,,3.3,1.1,,3.2,1.0,,3.3,1.0,,3.5,1.1,,3.8,1.1,,4.2,1.2,,5.0,1.4,,5.3,1.4,,5.3,1.4,,4.9,1.4,,4.6,1.4,,4.4,1.3,,4.4,1.5,,4.3,1.3,,4.2,1.4,,4.4,1.5,,4.0,1.4,,4.1,1.5,,4.2,1.5,,4.5,1.6,,4.8,1.6,,5.0,1.8,,4.9,1.9,,4.3,1.5,,3.7,1.3,,3.3,1.1,,2.9,0.9,,2.7,0.9,,2.9,1.0,,2.7,0.9,,2.9,0.9,,2.9,1.0,,2.7,0.9,,2.8,0.9,,3.0,1.0,,2.9,1.1,,3.3,1.1,,3.5,1.3,,3.5,1.4,,3.4,1.1,,3.1,1.0,,3.1,1.1,,3.0,1.2,,2.8,1.1,,2.4,1.0,,2.2,0.9,,2.3,0.8,,2.3,0.9,,2.7,1.0,,2.8,1.0,,2.9,1.0,,3.1,1.0,,3.1,1.0,,3.3,1.0,,3.1,1.0
Guildford,E07000209,,3.3,0.8,,3.2,0.8,,2.7,0.7,,2.7,0.7,,2.4,0.5,,2.5,0.6,,3.6,0.8,,3.0,0.7,,3.1,0.7,,3.1,0.7,,3.0,0.7,,3.1,0.7,,3.1,0.7,,3.3,1.0,,3.4,1.1,,3.5,1.1,,3.6,1.0,,3.5,0.9,,3.3,0.7,,3.3,0.8,,3.2,0.8,,3.1,0.8,,3.1,0.9,,3.3,0.9,,3.2,0.8,,3.5,0.9,,3.9,1.0,,4.3,1.0,,5.0,1.1,,4.8,1.1,,4.8,1.1,,4.7,1.1,,4.7,1.2,,4.7,1.1,,4.7,1.1,,4.7,1.1,,4.7,1.1,,4.9,1.2,,4.8,1.2,,4.9,1.3,,5.1,1.4,,5.6,1.5,,5.8,1.5,,5.9,1.7,,5.3,1.5,,4.3,1.2,,4.2,1.2,,3.9,1.0,,3.7,1.0,,3.7,1.0,,3.4,0.9,,3.3,0.9,,3.4,0.9,,3.1,0.8,,3.2,0.8,,3.6,1.0,,3.5,1.0,,3.4,1.1,,2.9,0.9,,2.5,0.8,,2.3,0.8,,2.4,0.7,,2.6,0.8,,2.7,0.9,,2.8,1.0,,2.6,1.0,,2.1,0.8,,1.9,0.7,,1.8,0.6,,1.8,0.6,,2.3,0.8,,3.1,1.0,,3.0,0.9,,3.1,0.9,,3.1,0.9,,2.8,0.8,,2.8,0.8
Mole Valley,E07000210,,3.4,0.9,,2.5,0.7,,2.5,0.7,,2.2,0.7,,2.1,0.6,,2.0,0.6,,2.6,0.7,,2.6,0.8,,2.8,0.6,,2.6,0.6,,2.5,0.6,,2.4,0.6,,2.4,0.5,,2.5,0.9,,2.8,1.0,,2.7,1.0,,2.9,1.0,,2.7,0.8,,2.5,0.7,,2.4,0.7,,2.5,0.8,,2.4,0.8,,2.4,0.8,,2.6,0.8,,2.9,0.9,,3.0,0.9,,3.4,0.9,,3.8,1.0,,4.3,1.1,,4.7,1.2,,4.7,1.2,,4.6,1.2,,4.0,1.2,,4.2,1.2,,4.2,1.1,,4.4,1.2,,4.4,1.2,,4.3,1.2,,3.9,1.1,,4.1,1.2,,4.3,1.3,,4.3,1.3,,4.5,1.3,,4.3,1.3,,3.7,1.2,,3.4,1.1,,3.0,1.0,,2.9,0.9,,2.9,1.0,,2.9,1.0,,3.1,1.0,,3.0,0.9,,3.0,0.9,,2.9,0.8,,3.0,0.8,,3.1,0.8,,3.1,0.9,,3.0,1.0,,2.9,1.0,,2.8,1.0,,2.7,1.1,,2.7,0.9,,2.8,1.0,,2.9,1.1,,2.8,1.1,,2.7,1.1,,2.4,1.0,,2.1,0.8,,1.9,0.7,,1.9,0.7,,2.4,0.9,,3.0,1.0,,3.1,1.0,,3.3,1.0,,3.0,0.9,,3.2,0.9,,3.1,1.0
Reigate and Banstead,E07000211,,4.1,0.9,,3.6,0.9,,3.2,0.9,,2.8,0.8,,2.2,0.5,,2.0,0.5,,2.7,0.7,,2.7,0.7,,2.9,0.7,,2.7,0.7,,2.8,0.6,,2.8,0.6,,2.9,0.6,,3.0,0.9,,3.0,1.0,,3.2,1.0,,3.6,1.0,,3.4,0.9,,3.2,0.7,,3.2,0.7,,3.0,0.8,,2.8,0.7,,3.2,0.9,,3.2,0.8,,3.5,0.9,,3.7,0.9,,4.0,1.0,,4.6,1.1,,5.0,1.1,,5.8,1.2,,5.6,1.2,,5.2,1.2,,4.9,1.3,,4.4,1.1,,4.0,1.0,,4.0,1.0,,4.4,1.1,,4.5,1.2,,4.7,1.3,,4.8,1.4,,5.0,1.4,,4.9,1.3,,5.0,1.3,,4.8,1.4,,4.1,1.3,,4.2,1.1,,4.0,1.1,,4.0,1.1,,3.9,1.0,,3.9,1.1,,3.8,1.0,,3.4,0.9,,3.5,0.9,,3.1,0.8,,3.0,0.7,,3.1,0.8,,3.0,0.8,,3.0,0.9,,2.9,0.8,,2.7,0.8,,2.6,0.9,,2.9,0.8,,2.9,0.9,,3.0,1.0,,3.0,1.1,,2.6,1.0,,2.7,1.0,,2.5,0.9,,2.2,0.7,,2.3,0.8,,2.3,0.8,,3.0,1.0,,3.4,1.1,,3.6,1.0,,3.7,1.1,,3.2,0.8,,2.9,0.8
Runnymede,E07000212,,3.7,0.9,,3.4,0.9,,3.0,0.9,,2.6,0.8,,2.0,0.6,,2.1,0.7,,2.7,0.9,,3.0,0.9,,2.8,0.6,,2.9,0.7,,3.0,0.7,,2.9,0.7,,2.9,0.6,,3.0,1.1,,3.3,1.2,,3.7,1.3,,3.6,1.1,,3.6,1.0,,3.1,0.8,,2.9,0.8,,3.1,0.9,,3.1,0.9,,3.6,1.1,,3.5,1.0,,3.6,1.0,,4.0,1.1,,3.8,1.1,,4.2,1.2,,4.5,1.2,,4.5,1.2,,4.8,1.3,,5.1,1.4,,5.3,1.5,,4.5,1.3,,5.5,1.5,,5.5,1.5,,5.3,1.5,,5.6,1.6,,4.6,1.4,,4.4,1.4,,4.5,1.4,,4.6,1.5,,4.4,1.4,,4.6,1.5,,4.0,1.4,,3.9,1.2,,4.0,1.2,,4.0,1.2,,3.9,1.2,,3.8,1.2,,3.3,1.0,,3.2,1.0,,3.3,1.0,,3.2,1.0,,3.4,1.0,,3.0,0.9,,2.9,0.9,,3.0,1.1,,2.8,0.9,,2.6,0.9,,2.4,0.9,,2.7,0.8,,2.7,0.8,,2.7,0.9,,2.7,1.0,,2.4,1.0,,2.1,0.9,,2.1,0.8,,2.2,0.8,,2.1,0.8,,2.6,1.1,,3.0,1.1,,2.6,0.9,,2.9,0.9,,2.9,1.0,,3.5,1.2,,3.8,1.5
Spelthorne,E07000213,,4.7,1.1,,3.9,1.0,,3.1,0.9,,2.8,0.8,,2.4,0.6,,2.4,0.7,,3.6,1.0,,3.5,0.9,,3.4,0.7,,3.3,0.8,,3.4,0.7,,3.4,0.7,,3.4,0.7,,3.6,1.2,,4.2,1.4,,4.4,1.5,,4.6,1.4,,4.6,1.2,,4.0,1.0,,3.8,1.0,,3.8,1.1,,3.6,1.0,,3.8,1.1,,3.8,1.0,,3.5,1.0,,3.7,1.0,,3.9,1.1,,4.7,1.3,,5.3,1.3,,5.9,1.4,,6.0,1.4,,6.0,1.4,,5.9,1.5,,5.3,1.3,,5.2,1.4,,4.8,1.3,,4.7,1.3,,4.7,1.4,,4.8,1.4,,4.5,1.3,,4.4,1.3,,4.4,1.3,,4.8,1.4,,5.2,1.5,,4.8,1.5,,4.5,1.3,,4.3,1.2,,4.4,1.2,,4.2,1.2,,4.0,1.1,,3.9,1.1,,3.5,1.0,,3.5,0.9,,3.7,1.0,,3.8,1.0,,4.0,1.0,,3.9,1.1,,3.8,1.2,,3.3,1.0,,3.3,1.0,,2.9,1.0,,2.9,0.8,,2.7,0.8,,2.6,0.9,,2.6,1.0,,2.7,1.1,,2.9,1.1,,2.7,1.0,,2.5,0.9,,2.7,0.9,,3.0,1.0,,3.8,1.2,,3.8,1.1,,4.2,1.2,,4.3,1.3,,3.7,1.0,,4.0,1.1
Surrey Heath,E07000214,,3.2,0.8,,2.6,0.7,,2.0,0.6,,1.9,0.6,,1.9,0.5,,2.2,0.6,,3.0,0.9,,2.8,0.8,,2.7,0.6,,2.6,0.6,,2.6,0.6,,2.4,0.5,,2.4,0.5,,2.3,0.8,,2.6,0.9,,2.7,0.9,,3.0,0.9,,3.2,0.9,,2.9,0.8,,3.0,0.8,,3.1,0.9,,2.6,0.8,,2.8,0.9,,2.6,0.8,,2.8,0.8,,3.0,0.8,,3.7,1.0,,4.2,1.1,,4.5,1.1,,4.8,1.2,,4.5,1.2,,4.7,1.2,,4.5,1.3,,4.7,1.3,,4.5,1.3,,4.6,1.3,,4.8,1.4,,4.8,1.4,,4.8,1.4,,4.6,1.5,,4.9,1.6,,5.2,1.6,,5.4,1.6,,5.3,1.7,,4.8,1.6,,4.6,1.4,,4.3,1.3,,4.0,1.1,,3.6,1.0,,3.1,0.9,,3.2,0.9,,3.1,0.9,,3.3,0.9,,3.1,0.9,,3.0,0.8,,3.0,0.8,,3.0,0.9,,3.1,1.1,,2.8,1.0,,2.7,1.0,,2.2,0.9,,2.7,1.0,,2.6,1.0,,2.6,1.0,,2.8,1.2,,2.5,1.1,,2.5,1.1,,2.3,1.0,,2.1,0.8,,2.1,0.9,,2.9,1.2,,3.4,1.4,,3.5,1.3,,3.6,1.3,,3.2,1.2,,2.9,1.0,,2.8,1.0
Tandridge,E07000215,,3.6,0.9,,3.2,0.9,,2.3,0.7,,2.8,0.8,,2.3,0.6,,1.9,0.5,,2.5,0.7,,2.6,0.7,,2.7,0.6,,2.6,0.6,,2.6,0.6,,2.7,0.6,,2.7,0.6,,2.5,0.9,,2.8,1.0,,2.8,1.0,,2.8,0.9,,3.1,0.9,,3.0,0.8,,3.1,0.8,,3.3,1.0,,3.2,1.0,,3.5,1.0,,3.3,1.0,,3.6,1.0,,3.7,1.0,,4.1,1.1,,4.3,1.1,,4.5,1.1,,4.9,1.2,,4.5,1.2,,4.3,1.1,,4.3,1.3,,4.7,1.3,,4.8,1.4,,5.1,1.5,,5.3,1.5,,4.8,1.4,,4.9,1.5,,5.1,1.6,,5.0,1.6,,4.7,1.5,,4.8,1.5,,4.1,1.4,,3.7,1.3,,4.0,1.3,,3.9,1.3,,3.8,1.2,,3.8,1.2,,3.7,1.3,,3.3,1.1,,3.0,1.0,,2.9,1.0,,2.8,0.9,,2.8,0.8,,2.8,0.9,,2.8,0.9,,2.7,1.0,,2.6,0.8,,2.6,0.9,,2.6,1.0,,2.9,1.0,,3.0,1.1,,3.0,1.1,,2.8,1.1,,2.4,1.0,,2.5,1.0,,2.5,1.0,,2.3,0.9,,2.4,0.9,,2.9,1.2,,3.0,1.3,,3.2,1.3,,3.3,1.3,,3.0,1.1,,2.9,0.9,,2.7,0.9
Waverley,E07000216,,3.4,0.8,,3.0,0.8,,2.5,0.7,,2.2,0.6,,2.0,0.5,,2.1,0.5,,3.2,0.8,,2.7,0.7,,2.5,0.6,,2.5,0.6,,2.7,0.6,,2.7,0.6,,2.6,0.6,,2.7,0.8,,2.9,0.9,,2.9,0.9,,3.2,0.9,,3.2,0.8,,3.0,0.7,,3.2,0.8,,3.2,0.9,,3.0,0.8,,2.8,0.8,,3.0,0.8,,3.2,0.9,,3.3,0.9,,3.7,0.9,,4.0,1.0,,4.3,1.0,,4.8,1.1,,4.5,1.0,,4.2,1.0,,4.0,1.1,,3.7,1.0,,3.8,1.0,,4.1,1.1,,4.1,1.1,,4.2,1.1,,4.3,1.2,,4.2,1.2,,4.3,1.2,,4.2,1.2,,4.4,1.2,,4.6,1.3,,4.3,1.3,,4.2,1.2,,4.2,1.2,,3.9,1.0,,3.7,1.0,,3.6,1.0,,3.2,0.9,,3.1,0.9,,3.0,0.8,,2.9,0.8,,2.8,0.7,,2.5,0.7,,2.5,0.7,,2.3,0.8,,2.3,0.7,,2.5,0.8,,2.3,0.8,,2.5,0.8,,2.4,0.8,,2.3,0.8,,2.3,0.9,,2.1,0.8,,2.0,0.8,,1.9,0.7,,1.8,0.6,,2.2,0.7,,2.5,0.9,,3.0,0.9,,3.2,0.9,,2.9,0.8,,3.1,0.9,,2.9,0.8,,3.1,1.0
Woking,E07000217,,3.7,0.9,,3.0,0.8,,2.4,0.7,,2.1,0.6,,2.1,0.6,,2.2,0.6,,3.3,0.9,,3.5,0.9,,3.0,0.7,,3.4,0.8,,3.4,0.7,,3.5,0.7,,3.4,0.7,,2.6,0.9,,2.9,1.0,,3.1,1.1,,3.4,1.1,,3.6,1.0,,3.5,0.9,,3.6,0.9,,3.5,1.0,,3.2,0.9,,3.2,0.9,,3.3,0.9,,3.4,0.9,,3.6,1.0,,3.9,1.0,,4.5,1.1,,4.8,1.1,,5.0,1.2,,5.0,1.2,,4.6,1.2,,4.9,1.4,,5.1,1.4,,4.8,1.3,,4.9,1.3,,5.0,1.4,,4.3,1.2,,4.5,1.3,,4.2,1.3,,4.1,1.3,,4.5,1.4,,4.4,1.4,,4.4,1.4,,4.0,1.3,,4.5,1.3,,4.2,1.2,,3.9,1.1,,4.0,1.1,,3.6,1.1,,3.5,1.0,,3.4,1.0,,2.9,0.8,,2.5,0.7,,2.4,0.6,,2.4,0.6,,2.3,0.7,,2.4,0.8,,2.4,0.7,,2.3,0.8,,2.4,0.8,,2.4,0.8,,2.5,0.8,,2.6,0.9,,2.4,0.9,,2.4,0.9,,2.1,0.9,,2.1,0.8,,2.1,0.8,,2.4,0.9,,2.7,1.1,,3.2,1.1,,3.7,1.2,,3.8,1.1,,4.3,1.3,,3.9,1.1,,3.7,1.1
Adur,E07000223,,4.8,1.4,,4.3,1.3,,3.8,1.3,,4.1,1.3,,3.3,1.0,,3.6,1.0,,4.1,1.2,,3.1,0.9,,3.4,0.8,,3.5,0.8,,3.5,0.8,,3.5,0.8,,3.6,0.8,,3.5,1.3,,3.8,1.4,,4.0,1.4,,4.3,1.4,,4.1,1.2,,3.9,1.0,,3.7,1.0,,3.4,1.1,,3.4,1.1,,3.7,1.2,,4.1,1.3,,4.7,1.5,,5.3,1.6,,5.2,1.6,,6.3,1.7,,6.7,1.8,,6.9,1.9,,6.9,1.8,,6.6,1.9,,6.7,2.1,,6.3,1.9,,7.3,2.2,,6.9,2.1,,6.9,2.2,,6.8,2.3,,5.4,2.1,,6.0,2.3,,6.2,2.4,,6.3,2.4,,6.8,2.5,,6.7,2.6,,5.9,2.3,,5.6,2.0,,5.0,1.8,,5.0,1.7,,5.1,1.7,,5.2,1.7,,4.9,1.6,,4.1,1.4,,4.1,1.4,,3.9,1.3,,4.2,1.3,,5.0,1.7,,4.4,1.6,,4.1,1.6,,3.4,1.3,,3.3,1.3,,3.5,1.4,,3.7,1.4,,3.7,1.4,,3.3,1.4,,3.3,1.5,,3.2,1.5,,3.2,1.6,,3.3,1.5,,3.0,1.3,,2.9,1.3,,3.1,1.2,,3.7,1.3,,3.9,1.3,,4.4,1.4,,4.4,1.6,,3.8,1.3,,3.7,1.3
Arun,E07000224,,5.3,1.3,,4.3,1.1,,3.7,1.0,,3.7,1.0,,3.3,0.8,,2.9,0.7,,3.9,1.0,,3.6,0.9,,3.3,0.7,,3.3,0.8,,3.5,0.8,,3.4,0.8,,3.7,0.8,,4.2,1.3,,4.5,1.4,,4.4,1.3,,4.4,1.2,,4.3,1.1,,3.8,0.9,,4.2,0.9,,4.0,1.0,,3.9,0.9,,4.1,1.0,,4.0,1.0,,4.3,1.1,,4.4,1.1,,5.1,1.3,,5.9,1.3,,6.2,1.4,,6.5,1.5,,6.4,1.5,,6.3,1.5,,6.6,1.7,,6.5,1.6,,6.0,1.5,,6.3,1.6,,6.4,1.7,,6.2,1.7,,5.8,1.6,,5.0,1.4,,4.9,1.4,,5.0,1.3,,5.1,1.4,,5.3,1.5,,4.6,1.4,,4.4,1.2,,4.4,1.2,,4.2,1.1,,4.2,1.1,,4.0,1.1,,3.9,1.1,,3.8,1.1,,3.8,1.1,,4.5,1.2,,4.9,1.3,,4.7,1.2,,4.5,1.2,,3.9,1.2,,3.7,1.0,,3.4,1.1,,3.3,1.1,,3.3,0.9,,3.2,1.0,,3.1,1.1,,3.0,1.2,,3.1,1.3,,3.0,1.3,,3.1,1.2,,3.3,1.2,,3.3,1.2,,3.9,1.4,,4.3,1.4,,4.1,1.2,,4.4,1.2,,3.9,1.1,,3.4,1.0,,3.7,1.1
Chichester,E07000225,,5.0,1.2,,3.7,1.0,,3.8,1.1,,3.5,1.0,,3.2,0.8,,2.4,0.7,,3.0,0.8,,3.3,0.8,,3.1,0.7,,3.2,0.8,,3.5,0.8,,3.3,0.7,,3.3,0.7,,3.4,1.1,,4.3,1.4,,4.5,1.4,,4.4,1.3,,4.3,1.2,,3.8,0.9,,4.0,1.0,,4.2,1.1,,4.2,1.1,,4.2,1.2,,4.1,1.2,,4.0,1.1,,3.6,1.0,,4.1,1.1,,4.3,1.1,,4.5,1.1,,4.7,1.2,,4.4,1.1,,4.2,1.1,,4.2,1.2,,4.5,1.2,,4.7,1.3,,4.9,1.3,,5.2,1.4,,5.2,1.4,,4.9,1.4,,4.9,1.4,,4.7,1.4,,5.0,1.4,,4.9,1.4,,5.0,1.6,,4.7,1.5,,4.3,1.2,,4.1,1.2,,3.8,1.0,,3.9,1.1,,3.4,1.0,,3.2,1.0,,2.9,0.9,,2.7,0.8,,2.9,0.9,,2.8,0.8,,3.3,1.1,,3.5,1.2,,3.0,1.1,,2.9,0.9,,2.7,0.9,,2.4,0.9,,2.7,0.8,,2.7,0.9,,2.3,0.8,,2.7,1.1,,2.6,1.1,,2.8,1.2,,2.8,1.1,,2.6,1.0,,2.8,1.0,,3.0,1.1,,3.4,1.1,,3.9,1.2,,4.1,1.2,,4.2,1.3,,4.1,1.2,,3.9,1.2
Crawley,E07000226,,6.2,1.5,,4.4,1.1,,3.9,1.1,,3.5,1.0,,3.0,0.7,,3.1,0.8,,4.0,1.0,,3.5,0.9,,4.2,0.9,,4.2,1.0,,4.3,1.0,,4.5,1.0,,4.4,0.9,,4.1,1.2,,4.2,1.3,,4.5,1.3,,4.3,1.2,,4.2,1.1,,4.0,0.9,,3.8,0.9,,4.0,1.0,,4.1,1.1,,4.4,1.2,,4.7,1.2,,4.8,1.3,,5.5,1.4,,6.0,1.5,,6.8,1.7,,7.8,1.8,,8.2,2.0,,8.6,2.2,,8.0,2.1,,7.5,2.1,,6.7,1.7,,6.3,1.6,,6.6,1.6,,6.4,1.6,,6.2,1.6,,6.7,1.7,,6.8,1.8,,6.9,1.9,,7.8,2.1,,8.2,2.2,,7.8,2.2,,7.6,2.2,,6.6,1.7,,5.5,1.5,,5.3,1.4,,5.4,1.4,,5.6,1.5,,5.6,1.5,,5.2,1.4,,4.9,1.4,,4.4,1.2,,4.5,1.2,,4.5,1.2,,4.3,1.2,,4.1,1.3,,3.6,1.1,,3.2,1.1,,3.2,1.2,,3.4,1.1,,3.5,1.2,,3.7,1.3,,3.8,1.5,,3.6,1.5,,3.4,1.4,,3.6,1.4,,3.5,1.2,,3.8,1.3,,4.2,1.4,,4.3,1.4,,4.6,1.5,,4.6,1.4,,4.6,1.4,,4.3,1.3,,4.0,1.3
Horsham,E07000227,,3.3,0.8,,3.0,0.7,,2.5,0.7,,2.5,0.7,,2.2,0.5,,2.4,0.6,,3.2,0.7,,3.1,0.7,,2.8,0.6,,2.5,0.6,,2.7,0.6,,2.7,0.6,,2.9,0.6,,3.1,0.9,,3.4,1.1,,3.6,1.1,,4.0,1.1,,3.7,0.9,,3.4,0.7,,3.2,0.7,,3.1,0.7,,3.0,0.7,,3.2,0.8,,3.3,0.8,,3.4,0.8,,3.5,0.9,,3.8,1.0,,4.3,1.0,,4.6,1.0,,5.0,1.1,,4.8,1.1,,4.9,1.1,,5.0,1.3,,4.4,1.0,,4.9,1.2,,4.8,1.1,,4.6,1.1,,4.6,1.1,,4.3,1.1,,4.4,1.2,,4.5,1.2,,4.6,1.2,,4.5,1.2,,4.4,1.3,,4.1,1.2,,4.1,1.1,,4.1,1.1,,3.9,1.0,,3.7,0.9,,3.5,0.9,,3.5,0.9,,3.1,0.8,,3.0,0.8,,3.0,0.8,,2.9,0.7,,3.0,0.8,,3.0,0.8,,2.9,0.9,,2.7,0.8,,2.5,0.8,,2.6,0.9,,2.8,0.8,,3.0,0.9,,3.1,1.0,,2.9,1.1,,2.8,1.0,,2.6,1.0,,2.5,0.9,,2.2,0.7,,2.2,0.7,,2.5,0.8,,3.0,0.9,,3.2,0.9,,3.4,1.0,,3.4,1.0,,3.4,1.0,,3.6,1.1
Mid Sussex,E07000228,,3.6,0.8,,3.1,0.7,,2.6,0.7,,2.7,0.7,,2.3,0.5,,2.4,0.6,,3.0,0.7,,2.5,0.6,,2.7,0.6,,2.6,0.6,,2.5,0.6,,2.7,0.6,,2.7,0.6,,2.6,0.8,,3.2,1.0,,3.3,1.0,,3.3,1.0,,3.4,0.9,,3.0,0.7,,2.9,0.7,,3.0,0.7,,2.8,0.7,,2.8,0.8,,3.1,0.8,,3.2,0.8,,3.4,0.8,,3.7,0.9,,4.1,0.9,,4.4,0.9,,4.6,1.0,,4.5,1.0,,4.3,1.0,,4.1,1.1,,4.0,1.0,,3.9,1.0,,3.7,0.9,,3.8,0.9,,3.6,0.9,,3.8,1.0,,3.7,1.0,,3.5,1.0,,3.2,0.9,,3.3,0.9,,3.2,0.9,,2.9,0.9,,3.0,0.8,,2.9,0.8,,2.8,0.7,,2.9,0.7,,2.9,0.8,,2.7,0.7,,2.7,0.7,,2.6,0.7,,2.5,0.6,,2.6,0.6,,2.7,0.6,,2.7,0.7,,2.6,0.8,,2.4,0.7,,2.3,0.8,,2.0,0.7,,2.1,0.6,,2.0,0.6,,2.1,0.7,,2.1,0.8,,2.1,0.8,,2.0,0.8,,1.9,0.7,,1.9,0.7,,1.9,0.7,,2.4,0.9,,2.9,1.0,,2.8,0.9,,3.1,0.9,,3.1,0.9,,2.9,0.8,,2.7,0.8
Worthing,E07000229,,5.9,1.5,,4.3,1.1,,3.8,1.1,,3.6,1.1,,3.3,0.8,,2.9,0.8,,4.0,1.1,,3.1,0.8,,3.3,0.7,,3.2,0.8,,3.4,0.8,,3.4,0.8,,3.6,0.7,,4.1,1.3,,4.8,1.5,,4.5,1.4,,4.5,1.3,,4.4,1.2,,3.9,1.0,,4.0,1.0,,4.6,1.3,,4.6,1.3,,4.7,1.4,,5.0,1.5,,4.9,1.4,,5.3,1.5,,5.8,1.5,,6.5,1.6,,6.7,1.7,,7.0,1.7,,6.6,1.6,,6.4,1.6,,6.4,1.7,,6.1,1.6,,6.5,1.7,,6.5,1.7,,6.1,1.6,,6.0,1.6,,5.9,1.7,,6.1,1.8,,6.5,1.9,,6.9,2.0,,6.5,1.9,,5.8,1.8,,6.2,2.0,,5.6,1.7,,5.2,1.6,,5.5,1.6,,4.7,1.4,,4.5,1.4,,4.1,1.2,,4.2,1.2,,4.3,1.2,,4.4,1.2,,4.4,1.1,,4.0,1.1,,4.0,1.1,,3.7,1.2,,3.5,1.0,,3.5,1.1,,3.2,1.1,,3.5,1.0,,3.7,1.1,,3.4,1.2,,3.5,1.3,,3.5,1.4,,3.5,1.4,,3.2,1.2,,3.1,1.1,,3.3,1.1,,3.5,1.2,,4.1,1.3,,4.3,1.3,,3.8,1.1,,4.1,1.3,,4.1,1.3,,4.4,1.4
Bath and North East Somerset,E06000022,,6.5,1.4,,5.2,1.2,,4.2,1.1,,3.6,0.9,,3.4,0.6,,3.3,0.6,,3.1,0.6,,3.2,0.6,,3.1,0.6,,3.2,0.7,,2.9,0.6,,2.9,0.6,,2.8,0.6,,2.9,0.8,,3.1,0.8,,3.6,0.9,,3.6,0.9,,3.7,0.8,,3.6,0.6,,3.4,0.6,,3.7,0.7,,3.4,0.7,,3.4,0.8,,3.7,0.8,,3.6,0.8,,4.2,0.8,,5.0,0.9,,5.3,0.9,,5.7,0.9,,5.7,0.9,,5.7,0.9,,5.4,0.9,,5.7,1.1,,5.7,1.0,,5.6,1.0,,5.8,1.1,,5.7,1.1,,6.0,1.1,,6.2,1.2,,6.2,1.2,,5.8,1.2,,5.8,1.2,,5.4,1.1,,5.6,1.1,,5.1,1.1,,4.9,0.9,,5.0,0.9,,5.2,0.9,,5.1,0.9,,4.7,0.9,,4.2,0.8,,4.1,0.8,,4.0,0.7,,4.0,0.8,,4.1,0.7,,4.1,0.7,,4.1,0.8,,4.0,0.9,,3.8,0.8,,3.6,0.8,,3.2,0.8,,3.7,0.8,,3.6,0.8,,3.2,0.8,,3.0,0.8,,2.6,0.7,,2.9,0.8,,3.3,0.8,,3.4,0.8,,3.5,0.9,,3.2,0.9,,3.4,0.8,,3.4,0.8,,3.5,0.7,,3.5,0.8,,3.3,0.7,,3.0,0.7
"Bournemouth, Christchurch and Poole",E06000058,,:,:,,:,:,,:,:,,:,:,,:,:,,:,:,,:,:,,:,:,,:,:,,:,:,,:,:,,:,:,,:,:,,:,:,,:,:,,:,:,,:,:,,:,:,,:,:,,:,:,,:,:,,:,:,,:,:,,:,:,,:,:,,:,:,,:,:,,:,:,,:,:,,:,:,,:,:,,:,:,,:,:,,:,:,,:,:,,:,:,,:,:,,6.0,:,,6.0,:,,5.8,:,,5.6,:,,5.5,:,,5.2,:,,5.2,:,,5.3,:,,5.2,:,,5.6,:,,5.8,:,,5.5,:,,4.9,:,,4.3,:,,4.2,:,,4.2,:,,4.3,:,,4.5,:,,4.4,:,,4.2,:,,3.9,:,,3.7,:,,3.5,:,,3.4,:,,3.5,:,,3.5,:,,3.2,:,,3.3,:,,3.1,:,,3.1,:,,3.3,:,,3.0,:,,3.2,:,,3.3,:,,3.8,:,,4.5,:,,4.5,:,,4.6,:,,4.2,:,,3.9,:
"Bristol, City of",E06000023,,8.6,1.4,,7.7,1.4,,6.6,1.3,,6.1,1.2,,5.3,0.8,,4.6,0.8,,4.5,0.8,,4.3,0.8,,5.1,0.9,,5.2,1.0,,5.1,0.9,,4.9,0.9,,4.7,0.9,,4.6,1.0,,5.1,1.2,,4.8,1.1,,4.6,1.0,,4.8,1.0,,4.9,0.8,,5.0,0.9,,5.1,1.0,,5.0,1.0,,4.5,1.0,,4.7,0.9,,5.0,1.0,,5.3,1.0,,6.4,1.1,,7.3,1.2,,7.7,1.1,,7.9,1.1,,7.9,1.2,,7.1,1.1,,7.1,1.2,,7.4,1.2,,7.4,1.2,,8.1,1.3,,8.0,1.3,,8.3,1.4,,7.7,1.4,,7.2,1.4,,7.4,1.4,,7.7,1.5,,8.1,1.5,,8.2,1.6,,8.0,1.5,,7.4,1.3,,8.3,1.4,,7.9,1.3,,7.2,1.2,,6.8,1.2,,5.5,1.1,,5.3,1.0,,5.3,1.0,,5.4,1.0,,5.3,0.9,,5.0,0.9,,5.0,1.0,,4.7,1.1,,4.7,1.0,,4.4,1.0,,4.1,1.0,,3.9,0.8,,3.5,0.8,,3.4,0.8,,3.8,1.0,,3.8,1.0,,3.9,1.0,,4.2,1.0,,3.9,0.9,,4.1,1.0,,4.2,1.0,,4.2,1.0,,4.7,1.0,,4.7,1.0,,4.8,1.0,,4.6,1.0,,4.0,0.9
Cornwall,E06000052,,:,:,,:,:,,:,:,,:,:,,:,:,,:,:,,:,:,,:,:,,4.0,:,,4.1,:,,4.1,:,,3.9,:,,3.9,:,,3.9,:,,4.2,:,,4.3,:,,4.0,:,,4.1,:,,4.0,:,,4.1,:,,4.3,:,,4.0,:,,4.2,:,,4.1,:,,4.4,:,,4.9,:,,5.3,:,,5.7,:,,5.7,:,,5.7,:,,6.1,:,,6.0,:,,6.6,:,,6.7,:,,6.4,:,,6.3,:,,6.4,:,,6.4,:,,6.3,:,,6.4,:,,5.9,:,,6.3,:,,6.1,:,,6.1,:,,6.0,:,,5.3,:,,5.4,:,,5.2,:,,5.2,:,,4.9,:,,4.2,:,,4.2,:,,4.0,:,,4.3,:,,4.4,:,,4.3,:,,4.1,:,,3.7,:,,3.5,:,,3.3,:,,3.1,:,,3.2,:,,3.1,:,,2.7,:,,2.8,:,,2.7,:,,2.9,:,,3.3,:,,3.1,:,,3.1,:,,3.2,:,,3.5,:,,4.0,:,,4.3,:,,4.0,:,,3.9,:,,3.5,:
Dorset,E06000059,,:,:,,:,:,,:,:,,:,:,,:,:,,:,:,,:,:,,:,:,,:,:,,:,:,,:,:,,:,:,,:,:,,:,:,,:,:,,:,:,,:,:,,:,:,,:,:,,:,:,,:,:,,:,:,,:,:,,:,:,,:,:,,:,:,,:,:,,:,:,,:,:,,:,:,,:,:,,:,:,,:,:,,:,:,,:,:,,:,:,,:,:,,4.6,:,,4.4,:,,4.1,:,,4.0,:,,4.0,:,,3.7,:,,4.1,:,,4.1,:,,3.7,:,,3.9,:,,3.7,:,,3.6,:,,3.5,:,,3.1,:,,3.0,:,,2.9,:,,3.2,:,,3.2,:,,3.5,:,,3.5,:,,3.1,:,,3.0,:,,2.7,:,,2.5,:,,2.6,:,,2.6,:,,2.4,:,,2.6,:,,2.4,:,,2.5,:,,2.8,:,,2.6,:,,2.7,:,,2.8,:,,3.1,:,,3.5,:,,3.6,:,,3.4,:,,3.4,:,,3.1,:
North Somerset,E06000024,,5.2,1.1,,4.4,1.0,,3.8,0.9,,3.6,0.9,,3.2,0.6,,3.2,0.6,,2.9,0.6,,3.0,0.6,,2.9,0.6,,3.0,0.6,,2.9,0.6,,3.0,0.6,,2.9,0.6,,2.5,0.7,,2.3,0.6,,2.4,0.6,,2.6,0.6,,2.9,0.6,,3.0,0.6,,2.9,0.6,,2.9,0.6,,2.9,0.6,,2.9,0.7,,3.3,0.7,,3.6,0.7,,3.9,0.8,,4.8,0.9,,5.1,0.9,,5.8,0.9,,6.0,0.9,,5.8,0.9,,5.7,0.9,,5.4,1.0,,5.3,0.9,,5.6,1.0,,5.8,1.0,,5.8,1.1,,6.4,1.2,,6.4,1.2,,6.4,1.3,,6.4,1.3,,6.2,1.3,,6.2,1.3,,5.8,1.2,,5.5,1.2,,5.3,1.0,,5.3,1.0,,5.3,1.0,,5.0,0.9,,4.8,1.0,,4.1,0.9,,3.8,0.8,,3.9,0.8,,3.7,0.8,,3.6,0.7,,3.8,0.7,,3.5,0.7,,3.1,0.8,,3.2,0.7,,3.0,0.8,,2.9,0.8,,3.2,0.7,,3.1,0.7,,2.8,0.7,,2.8,0.8,,2.8,0.8,,3.1,0.8,,3.3,0.8,,3.2,0.8,,3.1,0.8,,3.1,0.8,,3.4,0.8,,3.7,0.8,,3.6,0.8,,3.4,0.8,,3.3,0.7,,3.0,0.7
Plymouth,E06000026,,10.8,2.0,,9.3,1.8,,7.0,1.5,,7.1,1.5,,5.7,0.9,,5.5,0.9,,6.1,1.0,,4.9,0.9,,4.7,0.9,,4.8,0.9,,4.9,0.9,,4.8,0.9,,5.2,0.9,,5.3,1.1,,6.0,1.2,,6.3,1.3,,5.8,1.2,,6.2,1.2,,5.9,1.0,,5.9,1.0,,6.2,1.1,,5.7,1.1,,5.7,1.2,,5.4,1.1,,5.6,1.1,,6.0,1.1,,6.8,1.2,,7.3,1.2,,7.9,1.2,,8.1,1.2,,7.8,1.2,,7.5,1.2,,7.3,1.3,,7.5,1.2,,7.4,1.2,,7.9,1.3,,7.7,1.3,,8.1,1.3,,8.6,1.4,,8.2,1.4,,8.9,1.5,,8.9,1.5,,8.7,1.5,,9.7,1.6,,9.1,1.6,,7.7,1.3,,7.9,1.3,,7.4,1.2,,7.0,1.1,,7.2,1.2,,6.3,1.1,,5.9,1.0,,6.0,1.0,,6.0,1.0,,6.0,0.9,,5.9,1.0,,5.6,1.0,,5.2,1.1,,5.1,1.0,,5.2,1.1,,4.7,1.1,,4.4,0.9,,4.4,1.0,,3.9,0.9,,4.5,1.1,,4.5,1.2,,4.3,1.1,,4.6,1.1,,4.3,1.0,,4.8,1.2,,4.8,1.2,,5.0,1.2,,5.2,1.1,,4.7,1.0,,4.7,1.1,,4.2,0.9,,3.9,1.0
South Gloucestershire,E06000025,,4.3,0.9,,3.6,0.8,,2.8,0.7,,3.3,0.8,,2.8,0.5,,2.7,0.5,,2.9,0.6,,2.7,0.6,,2.4,0.5,,2.6,0.6,,2.6,0.5,,2.5,0.5,,2.6,0.5,,2.7,0.7,,3.1,0.8,,3.2,0.8,,3.2,0.7,,3.1,0.7,,2.9,0.5,,2.9,0.5,,3.0,0.6,,2.8,0.6,,2.8,0.7,,3.0,0.6,,3.1,0.7,,3.5,0.7,,4.4,0.8,,4.8,0.8,,5.3,0.8,,5.4,0.8,,5.0,0.8,,4.9,0.8,,4.7,0.9,,4.6,0.8,,4.9,0.9,,5.1,0.9,,5.3,1.0,,5.8,1.1,,5.9,1.1,,6.0,1.2,,5.9,1.2,,5.8,1.2,,5.5,1.1,,5.4,1.2,,5.4,1.2,,4.9,1.0,,5.1,1.0,,4.7,0.9,,4.4,0.8,,4.4,0.9,,3.9,0.8,,3.7,0.7,,3.5,0.7,,3.3,0.7,,3.3,0.6,,3.6,0.7,,3.6,0.7,,3.4,0.8,,3.5,0.8,,3.4,0.8,,3.6,0.9,,3.3,0.7,,3.1,0.7,,2.8,0.7,,3.0,0.8,,3.1,0.8,,3.0,0.8,,3.0,0.8,,2.6,0.7,,2.6,0.7,,2.6,0.8,,3.1,0.8,,3.4,0.8,,3.3,0.7,,3.3,0.8,,3.1,0.7,,2.6,0.6
Swindon,E06000030,,4.6,1.0,,4.3,1.0,,3.9,0.9,,3.8,0.9,,3.5,0.6,,3.4,0.6,,3.7,0.7,,4.1,0.8,,3.8,0.8,,3.9,0.8,,3.9,0.8,,4.0,0.8,,4.1,0.8,,4.2,1.0,,4.5,1.1,,4.4,1.0,,4.1,0.9,,3.9,0.8,,3.8,0.7,,3.6,0.7,,3.6,0.7,,3.8,0.8,,3.9,0.9,,4.2,0.9,,4.8,0.9,,5.6,1.0,,6.8,1.2,,8.0,1.2,,8.4,1.2,,8.2,1.2,,7.7,1.2,,7.1,1.1,,7.0,1.3,,6.9,1.2,,6.8,1.2,,6.8,1.2,,6.8,1.2,,6.8,1.2,,7.3,1.3,,7.1,1.3,,7.3,1.4,,7.5,1.4,,7.3,1.4,,7.2,1.4,,6.6,1.3,,5.7,1.1,,5.6,1.0,,5.5,1.0,,5.4,0.9,,5.6,1.0,,5.1,0.9,,4.8,0.9,,4.5,0.8,,4.2,0.8,,4.0,0.7,,4.2,0.7,,4.0,0.8,,4.1,0.9,,3.9,0.8,,4.2,0.9,,4.3,1.0,,4.1,0.8,,4.2,0.9,,3.6,0.8,,3.8,0.9,,3.7,0.9,,3.7,0.9,,3.7,0.9,,3.5,0.8,,3.3,0.8,,3.3,0.9,,3.4,0.8,,3.8,0.9,,4.1,0.8,,3.9,0.9,,4.1,0.9,,3.8,0.9
Torbay,E06000027,,9.9,2.3,,7.0,1.8,,7.5,2.0,,7.2,2.0,,5.3,0.9,,5.5,0.9,,5.4,1.0,,4.7,0.8,,4.1,0.8,,4.4,0.8,,4.3,0.8,,4.2,0.8,,4.5,0.8,,4.6,1.0,,5.2,1.1,,5.5,1.1,,5.3,1.1,,5.1,1.0,,4.8,0.8,,5.0,0.9,,5.1,0.9,,5.1,1.0,,5.4,1.1,,5.4,1.0,,6.0,1.1,,6.3,1.1,,7.3,1.3,,7.8,1.3,,8.0,1.3,,8.3,1.3,,8.7,1.3,,8.7,1.3,,9.5,1.5,,9.5,1.4,,8.8,1.4,,9.0,1.4,,9.0,1.5,,8.7,1.4,,8.7,1.5,,7.9,1.4,,7.6,1.4,,7.6,1.4,,7.3,1.3,,7.6,1.4,,7.0,1.3,,6.9,1.2,,7.5,1.3,,7.0,1.2,,7.3,1.2,,6.9,1.3,,6.0,1.2,,5.9,1.1,,5.0,0.9,,5.3,1.0,,5.2,0.9,,5.5,0.9,,5.4,1.0,,5.1,1.1,,4.6,1.0,,4.1,0.9,,3.9,1.0,,3.7,0.8,,3.7,0.8,,3.2,0.8,,3.6,1.0,,3.6,1.0,,3.7,1.0,,4.3,1.1,,3.8,1.0,,4.2,1.1,,4.5,1.2,,4.6,1.1,,5.0,1.1,,4.9,1.0,,4.3,0.9,,4.3,0.9,,3.9,0.9
Wiltshire,E06000054,,:,:,,:,:,,:,:,,:,:,,:,:,,:,:,,:,:,,:,:,,2.4,:,,2.6,:,,2.6,:,,2.6,:,,2.5,:,,2.4,:,,2.7,:,,3.0,:,,2.9,:,,3.1,:,,3.0,:,,2.9,:,,3.2,:,,3.1,:,,3.2,:,,3.3,:,,3.7,:,,4.1,:,,4.7,:,,5.2,:,,5.4,:,,5.4,:,,5.4,:,,5.2,:,,5.0,:,,5.0,:,,4.9,:,,5.0,:,,5.0,:,,5.4,:,,5.5,:,,5.2,:,,5.2,:,,5.2,:,,4.9,:,,5.3,:,,5.4,:,,4.7,:,,4.7,:,,4.4,:,,4.1,:,,3.9,:,,3.6,:,,3.4,:,,3.3,:,,3.3,:,,3.3,:,,3.4,:,,3.4,:,,3.2,:,,3.1,:,,3.0,:,,2.8,:,,2.8,:,,2.8,:,,2.6,:,,2.9,:,,2.8,:,,2.8,:,,2.9,:,,2.7,:,,2.7,:,,2.6,:,,3.0,:,,3.2,:,,3.2,:,,3.1,:,,3,:,,2.7,:
East Devon,E07000040,,4.7,1.2,,4.0,1.0,,3.1,0.9,,4.4,1.2,,3.5,0.9,,2.7,0.7,,2.9,0.8,,2.8,0.8,,2.5,0.6,,2.7,0.6,,2.8,0.6,,2.8,0.6,,2.8,0.6,,2.9,1.0,,3.3,1.1,,3.4,1.1,,3.0,1.0,,3.0,0.9,,2.6,0.7,,2.7,0.7,,3.2,0.9,,2.9,0.8,,2.8,0.9,,2.8,0.8,,3.0,0.9,,3.3,0.9,,3.9,1.1,,4.0,1.1,,3.9,1.0,,4.1,1.0,,4.0,1.0,,4.2,1.1,,4.8,1.3,,4.9,1.2,,5.5,1.4,,5.3,1.4,,5.3,1.4,,5.4,1.4,,4.8,1.3,,4.5,1.3,,3.9,1.2,,3.7,1.2,,3.4,1.1,,3.6,1.2,,3.7,1.2,,3.3,1.0,,3.6,1.1,,3.5,1.0,,3.5,1.0,,3.2,1.0,,2.6,0.9,,2.5,0.8,,2.4,0.8,,2.9,0.9,,3.1,0.8,,3.3,0.9,,3.5,1.0,,3.2,1.0,,3.0,0.9,,2.6,0.8,,2.3,0.8,,2.5,0.7,,2.3,0.7,,2.0,0.7,,1.9,0.8,,1.9,0.8,,2.0,0.8,,2.1,0.8,,2.1,0.7,,2.3,0.8,,2.6,1.0,,3.1,1.0,,3.3,1.0,,3.5,0.9,,3.4,1.0,,3.2,0.9,,2.9,0.9
Exeter,E07000041,,7.1,1.8,,6.3,1.6,,5.3,1.5,,7.1,1.9,,4.7,1.1,,4.4,1.1,,4.1,1.1,,3.8,1.0,,4.5,0.9,,4.4,1.0,,4.3,0.9,,4.2,0.9,,3.9,0.8,,4.1,1.3,,4.7,1.5,,4.7,1.4,,4.7,1.4,,4.9,1.3,,4.7,1.1,,4.9,1.2,,5.4,1.4,,4.9,1.3,,4.5,1.3,,4.8,1.3,,4.9,1.4,,4.9,1.3,,5.9,1.6,,6.6,1.6,,6.4,1.5,,6.7,1.6,,6.1,1.5,,5.4,1.4,,5.3,1.5,,5.5,1.5,,6.0,1.6,,6.3,1.7,,6.0,1.6,,6.6,1.8,,6.3,1.7,,5.8,1.7,,6.1,1.8,,5.7,1.7,,5.5,1.6,,6.1,1.9,,5.7,1.8,,5.8,1.7,,5.6,1.5,,5.3,1.4,,5.3,1.4,,4.5,1.3,,4.1,1.2,,4.1,1.2,,3.9,1.1,,4.3,1.2,,4.7,1.2,,4.6,1.3,,5.3,1.6,,5.5,1.9,,4.5,1.4,,4.2,1.4,,3.2,1.2,,3.2,1.0,,2.9,0.9,,2.8,1.0,,3.3,1.2,,3.1,1.3,,2.8,1.1,,3.0,1.1,,2.8,1.0,,3.2,1.1,,3.3,1.2,,4.1,1.4,,4.4,1.4,,4.1,1.3,,4.5,1.5,,3.9,1.3,,3.3,1.1
Mid Devon,E07000042,,4.7,1.3,,4.6,1.3,,4.1,1.2,,3.6,1.1,,3.3,0.9,,3.3,1.0,,3.1,1.0,,2.8,0.9,,2.5,0.6,,2.9,0.7,,2.8,0.6,,2.9,0.6,,2.8,0.6,,2.5,1.0,,3.0,1.1,,3.3,1.3,,3.3,1.2,,3.3,1.1,,3.2,1.0,,3.0,0.9,,3.2,1.0,,3.2,1.0,,3.3,1.1,,3.5,1.1,,3.7,1.2,,3.9,1.2,,4.6,1.4,,4.7,1.4,,5.0,1.4,,5.3,1.5,,5.1,1.5,,5.2,1.6,,5.1,1.6,,5.0,1.5,,5.1,1.5,,5.1,1.6,,4.9,1.5,,5.3,1.6,,5.4,1.7,,5.3,1.7,,5.2,1.7,,4.2,1.5,,3.9,1.5,,4.3,1.6,,4.3,1.6,,4.0,1.3,,4.3,1.3,,3.9,1.2,,3.5,1.1,,3.5,1.2,,3.0,1.1,,2.9,1.0,,2.9,0.9,,2.7,0.9,,2.5,0.8,,3.0,0.9,,3.3,1.1,,3.2,1.2,,3.0,1.0,,2.6,0.9,,2.3,0.9,,2.5,0.8,,2.5,0.9,,2.2,0.8,,2.6,1.0,,2.5,1.0,,2.8,1.1,,2.9,1.1,,2.7,1.0,,2.7,1.1,,2.6,1.1,,3.0,1.1,,3.2,1.1,,3.2,1.0,,3.6,1.2,,3.4,1.2,,3.0,1.0
North Devon,E07000043,,7.2,1.9,,5.2,1.4,,4.5,1.2,,5.1,1.4,,5.4,1.4,,4.5,1.2,,3.9,1.1,,3.9,1.1,,3.4,0.7,,3.5,0.8,,3.5,0.8,,3.2,0.7,,3.3,0.7,,2.9,1.0,,3.3,1.1,,3.6,1.2,,3.4,1.2,,3.5,1.1,,3.5,1.1,,3.8,1.1,,4.1,1.2,,4.0,1.2,,3.9,1.2,,4.0,1.2,,4.1,1.3,,4.5,1.3,,5.1,1.5,,5.5,1.6,,5.5,1.6,,5.4,1.5,,5.3,1.5,,4.9,1.3,,5.2,1.5,,5.4,1.5,,5.2,1.5,,4.9,1.4,,5.3,1.5,,5.0,1.4,,4.9,1.4,,4.9,1.5,,4.4,1.4,,4.9,1.6,,4.3,1.5,,5.1,1.7,,5.3,1.8,,4.3,1.3,,5.2,1.5,,4.7,1.4,,4.6,1.3,,4.1,1.2,,3.4,1.1,,2.8,0.9,,2.6,0.8,,3.2,1.0,,3.3,1.0,,3.6,1.1,,3.7,1.3,,3.2,1.2,,2.7,0.9,,2.6,1.0,,2.3,0.9,,2.3,0.8,,2.3,0.8,,1.9,0.7,,2.1,0.9,,2.1,1.0,,2.2,1.0,,2.7,1.1,,2.4,1.0,,2.2,1.0,,2.4,1.1,,2.6,1.0,,3.3,1.1,,3.6,1.1,,3.4,1.1,,3.2,1.0,,2.9,0.9
South Hams,E07000044,,5.7,1.5,,4.8,1.3,,3.9,1.2,,4.5,1.3,,3.6,0.9,,3.4,0.9,,3.1,0.9,,2.9,0.9,,2.8,0.6,,2.9,0.7,,2.9,0.7,,2.7,0.6,,2.6,0.6,,2.2,0.8,,2.5,0.9,,2.6,1.0,,2.7,1.0,,2.9,1.0,,2.7,0.8,,2.9,0.8,,3.0,0.9,,3.2,1.0,,3.3,1.1,,3.2,1.0,,3.5,1.1,,3.7,1.2,,4.2,1.3,,4.4,1.2,,4.3,1.2,,4.2,1.1,,4.1,1.1,,3.9,1.1,,4.4,1.4,,4.3,1.4,,4.4,1.4,,4.3,1.4,,3.7,1.2,,3.7,1.2,,3.9,1.3,,4.1,1.3,,3.9,1.3,,4.2,1.3,,3.8,1.2,,4.1,1.3,,3.8,1.2,,3.3,1.0,,3.9,1.1,,4.4,1.3,,4.4,1.3,,4.2,1.3,,3.3,1.1,,2.8,0.9,,2.8,0.9,,3.1,1.0,,3.3,1.0,,3.3,1.0,,3.1,1.0,,2.7,1.0,,2.6,0.9,,2.3,0.9,,2.0,0.9,,2.3,0.8,,2.2,0.8,,1.9,0.8,,2.1,0.9,,2.0,1.0,,1.9,0.9,,2.2,1.0,,2.0,0.9,,2.2,0.9,,2.4,1.1,,3.0,1.2,,3.7,1.4,,3.6,1.2,,3.5,1.2,,3.2,1.1,,2.7,1.0
Teignbridge,E07000045,,6.8,1.7,,5.2,1.3,,4.0,1.1,,5.3,1.5,,3.9,1.0,,3.2,0.8,,3.0,0.8,,3.0,0.9,,2.7,0.6,,2.6,0.6,,2.8,0.6,,2.7,0.6,,2.6,0.6,,2.3,0.8,,2.4,0.8,,2.6,0.9,,2.9,0.9,,3.0,0.9,,3.0,0.8,,3.3,0.9,,3.5,0.9,,3.3,0.9,,3.3,1.0,,3.1,0.9,,3.2,0.9,,3.6,1.0,,4.4,1.2,,4.8,1.3,,4.9,1.2,,4.7,1.3,,4.9,1.3,,4.7,1.2,,5.1,1.4,,5.4,1.4,,5.7,1.4,,5.7,1.4,,5.8,1.5,,5.8,1.5,,5.3,1.4,,5.1,1.4,,4.8,1.4,,4.8,1.4,,4.3,1.2,,4.9,1.5,,4.9,1.5,,4.7,1.3,,5.3,1.4,,4.7,1.3,,4.0,1.1,,3.5,1.0,,3.0,0.9,,2.8,0.8,,2.6,0.7,,2.9,0.8,,3.3,0.8,,3.6,0.9,,3.9,1.0,,3.6,1.2,,3.2,1.0,,2.8,0.9,,2.5,0.9,,2.7,0.8,,2.6,0.9,,2.2,0.8,,2.3,0.9,,2.2,1.0,,2.4,1.0,,2.8,1.1,,2.6,0.9,,2.7,1.0,,3.0,1.2,,3.4,1.2,,3.8,1.2,,4.0,1.2,,3.4,1.0,,3.2,0.9,,3.0,0.9
Torridge,E07000046,,6.9,2.1,,5.3,1.6,,5.3,1.7,,6.3,1.9,,4.8,1.3,,4.7,1.4,,4.5,1.4,,4.2,1.3,,3.8,0.8,,3.9,0.9,,3.9,0.9,,3.7,0.8,,3.9,0.9,,4.1,1.5,,4.2,1.6,,4.6,1.7,,4.4,1.6,,4.1,1.4,,4.1,1.3,,4.4,1.4,,5.2,1.7,,5.1,1.7,,5.5,1.8,,5.0,1.7,,5.0,1.7,,5.4,1.7,,6.0,1.9,,6.1,1.8,,6.0,1.7,,6.4,1.9,,6.5,1.9,,6.4,2.0,,7.3,2.3,,7.6,2.3,,7.6,2.3,,7.8,2.3,,7.8,2.3,,6.9,2.1,,6.8,2.1,,6.9,2.2,,6.1,2.2,,6.1,2.2,,5.5,2.1,,5.6,2.1,,6.1,2.3,,6.1,2.1,,6.2,2.2,,6.0,2.1,,5.6,1.9,,5.7,2.2,,4.9,1.9,,4.8,1.8,,4.7,1.7,,4.4,1.5,,4.8,1.5,,5.1,1.6,,4.7,1.5,,4.4,1.7,,3.7,1.3,,3.4,1.3,,2.9,1.2,,3.1,1.2,,2.9,1.2,,2.5,1.2,,2.4,1.2,,2.1,1.0,,2.4,1.2,,2.5,1.1,,2.4,1.0,,2.6,1.1,,2.8,1.3,,3.4,1.4,,4.3,1.9,,3.9,1.5,,3.4,1.2,,3.1,1.1,,2.8,1.1
West Devon,E07000047,,5.4,1.6,,4.8,1.5,,3.7,1.3,,3.7,1.3,,3.7,1.2,,3.5,1.2,,2.9,1.0,,3.0,1.1,,2.8,0.6,,2.8,0.7,,2.8,0.6,,2.8,0.6,,2.5,0.6,,2.7,1.1,,3.1,1.3,,3.4,1.4,,3.2,1.3,,3.4,1.3,,3.2,1.1,,3.0,1.0,,3.4,1.2,,3.1,1.1,,2.8,1.0,,2.8,1.1,,3.0,1.1,,2.8,1.0,,3.3,1.2,,3.7,1.3,,3.7,1.2,,4.2,1.3,,4.5,1.4,,4.4,1.4,,5.2,1.8,,5.8,1.9,,6.0,1.9,,6.2,1.9,,6.3,2.0,,5.8,1.9,,5.4,1.9,,4.9,1.8,,4.7,1.9,,4.8,2.0,,4.6,1.9,,4.6,1.9,,3.7,1.6,,3.5,1.4,,3.6,1.4,,3.3,1.3,,3.3,1.2,,3.0,1.1,,2.6,1.0,,2.6,1.0,,2.5,0.9,,2.8,1.0,,2.8,1.0,,2.7,1.0,,3.2,1.2,,2.7,1.1,,2.5,1.0,,2.5,1.1,,2.2,1.1,,2.5,1.0,,2.6,1.1,,2.3,1.1,,2.3,1.1,,2.3,1.2,,2.4,1.2,,2.5,1.2,,2.3,1.0,,2.3,1.1,,2.6,1.4,,3.0,1.4,,3.4,1.7,,3.6,1.7,,2.8,1.3,,3.0,1.5,,2.9,1.5
Cheltenham,E07000078,,6.3,1.5,,5.9,1.4,,4.6,1.2,,4.8,1.3,,4.4,1.1,,4.3,1.0,,4.3,1.1,,4.0,1.0,,4.1,0.9,,4.2,1.0,,4.1,0.9,,4.2,0.9,,3.9,0.8,,4.0,1.3,,3.9,1.3,,4.3,1.4,,4.2,1.3,,4.3,1.1,,4.3,1.0,,4.2,1.0,,4.5,1.1,,4.4,1.2,,4.6,1.3,,4.8,1.3,,5.1,1.4,,5.8,1.6,,6.3,1.7,,6.6,1.7,,7.2,1.6,,7.1,1.6,,7.3,1.6,,7.1,1.6,,7.1,1.8,,6.5,1.6,,6.1,1.5,,6.4,1.7,,6.5,1.7,,6.9,1.8,,7.3,2.0,,7.0,1.9,,7.1,2.0,,7.4,2.1,,7.0,2.0,,7.0,2.0,,6.4,1.9,,6.3,1.8,,6.2,1.7,,6.0,1.6,,5.3,1.4,,5.0,1.3,,4.7,1.2,,4.2,1.1,,4.3,1.1,,4.2,1.1,,4.1,1.0,,4.3,1.1,,4.1,1.1,,3.7,1.2,,3.3,1.0,,3.0,1.0,,2.6,0.9,,2.5,0.8,,2.6,0.8,,2.5,0.8,,2.8,1.0,,2.8,1.0,,3.0,1.1,,3.1,1.1,,3.0,1.0,,2.9,1.0,,2.7,1.0,,3.1,1.0,,3.5,1.0,,3.6,0.9,,3.8,1.1,,3.5,0.9,,2.9,0.8
Cotswold,E07000079,,3.7,1.1,,2.8,0.8,,2.3,0.7,,2.3,0.7,,2.3,0.6,,2.6,0.7,,2.9,0.8,,2.6,0.8,,2.4,0.6,,2.3,0.5,,2.2,0.5,,2.2,0.5,,2.2,0.5,,2.0,0.7,,2.2,0.8,,2.4,0.9,,2.4,0.9,,2.7,0.9,,2.6,0.8,,2.5,0.8,,2.5,0.8,,2.6,0.9,,2.4,0.8,,2.6,0.9,,2.8,0.9,,3.2,1.0,,3.9,1.1,,4.3,1.2,,4.5,1.3,,4.5,1.3,,4.7,1.3,,4.1,1.2,,3.9,1.2,,3.9,1.1,,3.9,1.1,,3.8,1.1,,3.9,1.2,,3.9,1.2,,4.0,1.3,,4.1,1.4,,4.3,1.5,,4.1,1.4,,3.8,1.2,,4.0,1.4,,3.8,1.3,,3.4,1.1,,3.3,1.0,,3.1,0.9,,3.0,0.9,,2.8,0.9,,2.6,0.8,,2.7,0.8,,2.7,0.8,,2.9,0.9,,2.6,0.8,,2.6,0.8,,2.5,0.8,,2.6,0.9,,2.7,0.9,,2.2,0.8,,2.1,0.8,,2.0,0.7,,2.2,0.8,,2.2,0.9,,2.6,1.1,,2.6,1.1,,2.5,1.0,,2.5,1.0,,2.3,0.8,,2.1,0.8,,2.2,0.8,,2.8,1.0,,2.9,1.0,,3.1,1.0,,2.9,0.9,,2.7,0.8,,2.4,0.7
Forest of Dean,E07000080,,5.4,1.4,,5.4,1.4,,4.3,1.2,,4.7,1.4,,4.0,1.1,,3.9,1.0,,4.1,1.1,,3.7,1.0,,3.4,0.8,,3.3,0.8,,3.3,0.7,,3.1,0.7,,3.3,0.7,,3.4,1.3,,3.9,1.4,,4.3,1.5,,4.1,1.3,,4.3,1.3,,4.0,1.1,,3.8,1.0,,4.2,1.3,,4.1,1.3,,4.2,1.4,,4.3,1.4,,4.7,1.5,,5.3,1.6,,6.3,1.8,,7.0,2.0,,7.9,2.0,,7.6,1.9,,7.0,1.7,,6.7,1.7,,6.0,1.7,,5.6,1.6,,5.4,1.5,,5.2,1.5,,4.8,1.4,,5.7,1.6,,6.5,1.9,,6.4,2.0,,6.5,2.0,,6.9,2.1,,6.6,2.0,,7.0,2.2,,6.9,2.3,,5.7,1.8,,5.5,1.6,,5.0,1.4,,4.9,1.4,,4.6,1.3,,4.0,1.2,,4.1,1.2,,4.0,1.1,,3.9,1.1,,4.2,1.1,,4.6,1.2,,4.4,1.2,,4.7,1.5,,4.1,1.2,,3.8,1.3,,3.8,1.3,,3.8,1.2,,3.7,1.2,,3.2,1.1,,3.1,1.2,,2.8,1.1,,2.9,1.1,,3.3,1.2,,3.2,1.2,,2.9,1.1,,3.0,1.2,,3.0,1.1,,3.3,1.1,,3.7,1.1,,3.8,1.2,,3.7,1.1,,3.2,0.9
Gloucester,E07000081,,6.4,1.4,,6.3,1.5,,5.4,1.4,,5.0,1.3,,4.4,1.1,,4.6,1.1,,4.7,1.2,,5.0,1.3,,4.1,0.9,,4.4,1.0,,4.2,0.9,,4.1,0.9,,4.3,0.9,,4.0,1.3,,4.4,1.5,,4.5,1.5,,4.0,1.3,,4.1,1.2,,4.2,1.0,,4.2,1.0,,4.3,1.1,,4.2,1.1,,4.4,1.3,,4.6,1.2,,5.4,1.5,,6.3,1.6,,7.1,1.8,,7.9,1.9,,8.2,1.8,,8.0,1.8,,7.5,1.7,,7.6,1.8,,7.0,1.8,,6.8,1.7,,6.7,1.7,,6.8,1.7,,7.4,1.9,,7.7,1.9,,8.2,2.1,,7.4,2.0,,7.1,2.0,,7.7,2.2,,7.5,2.1,,7.5,2.2,,7.7,2.3,,7.1,2.0,,7.1,1.8,,7.0,1.7,,7.5,1.9,,7.4,1.9,,6.9,1.8,,6.1,1.6,,5.1,1.3,,4.6,1.2,,4.2,1.1,,4.7,1.2,,4.5,1.2,,4.5,1.4,,4.3,1.2,,3.8,1.2,,3.7,1.3,,3.4,1.0,,3.1,0.9,,2.9,0.9,,3.1,1.1,,3.2,1.1,,3.5,1.2,,4.0,1.3,,3.7,1.2,,3.8,1.3,,3.8,1.3,,4.0,1.3,,4.3,1.3,,4.3,1.2,,4.3,1.2,,3.8,1.0,,3.3,0.9
Stroud,E07000082,,4.3,1.1,,4.1,1.0,,3.4,0.9,,3.4,0.9,,3.1,0.7,,3.5,0.8,,3.4,0.9,,3.1,0.8,,3.3,0.7,,3.5,0.8,,3.2,0.7,,3.5,0.8,,3.3,0.7,,3.7,1.2,,4.0,1.3,,4.0,1.2,,3.9,1.1,,3.6,0.9,,3.3,0.8,,3.0,0.7,,3.0,0.8,,2.7,0.8,,2.9,0.9,,3.0,0.9,,3.4,1.0,,4.1,1.1,,5.1,1.3,,5.8,1.4,,6.4,1.4,,6.2,1.4,,5.8,1.3,,5.5,1.3,,5.5,1.4,,5.4,1.3,,5.0,1.2,,5.0,1.2,,4.6,1.2,,4.7,1.2,,4.6,1.3,,4.1,1.2,,4.2,1.3,,4.1,1.2,,4.3,1.3,,4.6,1.4,,4.6,1.5,,4.2,1.3,,4.4,1.2,,4.1,1.1,,3.7,1.0,,3.7,1.0,,3.3,0.9,,3.2,0.9,,3.0,0.8,,3.0,0.8,,2.9,0.8,,2.8,0.7,,2.8,0.8,,2.6,0.9,,2.7,0.8,,2.7,0.9,,2.6,0.9,,2.8,0.8,,2.6,0.8,,2.4,0.8,,2.5,0.9,,2.3,0.9,,2.3,0.9,,2.3,0.8,,2.1,0.7,,2.3,0.8,,2.4,0.9,,2.7,0.9,,3.1,0.9,,3.1,0.9,,3.1,0.9,,3.0,0.8,,3.1,0.8
Tewkesbury,E07000083,,4.0,1.1,,3.8,1.0,,3.4,1.0,,3.1,0.9,,3.3,0.8,,3.2,0.8,,3.7,1.0,,3.3,1.0,,2.9,0.7,,3.0,0.7,,3.0,0.7,,3.1,0.7,,2.9,0.7,,3.0,1.1,,3.1,1.1,,3.3,1.2,,3.2,1.1,,3.2,1.0,,3.0,0.9,,3.0,0.9,,3.2,0.9,,2.9,0.9,,3.2,1.0,,3.2,1.0,,3.4,1.1,,4.0,1.2,,4.9,1.4,,6.0,1.7,,6.5,1.7,,6.5,1.8,,5.8,1.7,,5.3,1.5,,5.4,1.6,,5.2,1.5,,5.2,1.4,,5.1,1.4,,5.0,1.4,,4.9,1.5,,5.1,1.6,,4.8,1.5,,5.1,1.5,,4.9,1.5,,4.5,1.4,,5.0,1.6,,4.8,1.6,,4.7,1.5,,4.5,1.3,,4.3,1.2,,4.3,1.2,,4.4,1.2,,4.1,1.1,,4.0,1.1,,3.6,1.0,,3.5,1.0,,3.5,1.0,,3.7,1.0,,3.9,1.1,,3.7,1.2,,3.4,1.0,,3.1,1.1,,2.5,0.9,,2.6,0.8,,2.5,0.7,,2.3,0.8,,2.5,0.9,,2.6,1.0,,3.0,1.1,,3.2,1.1,,3.1,1.1,,2.9,1.0,,2.6,1.0,,2.9,1.0,,3.3,1.0,,3.6,1.1,,3.7,1.1,,3.5,1.0,,3.1,1.0
Mendip,E07000187,,5.6,1.3,,5.1,1.3,,3.8,1.0,,4.0,1.1,,3.8,0.9,,3.5,0.9,,3.8,1.0,,3.1,0.9,,2.9,0.7,,3.1,0.7,,3.0,0.7,,3.1,0.7,,3.0,0.7,,3.0,1.0,,3.2,1.1,,3.2,1.1,,3.3,1.1,,3.2,1.0,,3.0,0.8,,3.1,0.8,,3.4,0.9,,3.3,0.9,,3.4,1.0,,3.5,1.0,,3.6,1.0,,4.3,1.1,,5.0,1.3,,5.6,1.4,,6.1,1.4,,6.1,1.4,,5.7,1.4,,5.5,1.4,,5.3,1.4,,5.3,1.4,,5.4,1.4,,5.7,1.6,,5.8,1.6,,5.7,1.6,,6.0,1.6,,5.7,1.6,,5.1,1.5,,5.3,1.6,,4.5,1.4,,5.0,1.5,,5.2,1.6,,5.0,1.4,,5.4,1.4,,5.0,1.3,,4.5,1.2,,4.1,1.2,,3.9,1.1,,4.0,1.1,,4.0,1.1,,4.3,1.2,,4.4,1.2,,4.2,1.1,,4.3,1.2,,4.2,1.3,,4.2,1.2,,4.3,1.4,,4.2,1.5,,4.2,1.2,,4.2,1.3,,3.9,1.2,,4.0,1.4,,3.6,1.3,,3.6,1.3,,3.3,1.2,,3.0,1.0,,3.1,1.1,,3.1,1.2,,3.5,1.3,,3.6,1.2,,3.8,1.1,,3.5,1.0,,3.4,0.9,,3.3,1.0
Sedgemoor,E07000188,,6.1,1.5,,5.7,1.4,,4.8,1.3,,4.9,1.4,,3.9,0.9,,3.8,0.9,,3.9,1.0,,3.6,0.9,,3.2,0.8,,3.5,0.8,,3.4,0.8,,3.2,0.7,,3.2,0.7,,2.8,1.0,,3.4,1.2,,4.2,1.5,,4.1,1.4,,4.3,1.3,,4.1,1.1,,3.6,1.0,,4.3,1.2,,4.3,1.2,,4.2,1.3,,4.1,1.2,,4.5,1.2,,5.2,1.3,,6.5,1.6,,6.9,1.6,,7.3,1.6,,7.6,1.6,,7.8,1.7,,7.6,1.8,,7.3,1.9,,6.8,1.7,,6.5,1.6,,6.7,1.6,,6.9,1.7,,7.1,1.9,,6.6,1.8,,6.5,1.8,,6.5,1.9,,5.8,1.7,,5.9,1.7,,6.3,1.9,,6.2,1.9,,5.9,1.6,,6.3,1.7,,5.8,1.5,,5.6,1.4,,6.1,1.6,,5.7,1.5,,5.2,1.4,,4.8,1.3,,4.7,1.3,,4.6,1.2,,4.9,1.3,,5.0,1.4,,5.0,1.6,,4.5,1.4,,5.0,1.6,,5.0,1.8,,4.7,1.4,,4.6,1.4,,3.7,1.2,,3.7,1.3,,3.6,1.3,,4.0,1.4,,4.1,1.4,,3.8,1.2,,3.6,1.2,,3.5,1.3,,3.6,1.3,,4.3,1.4,,4.2,1.3,,3.9,1.2,,3.8,1.1,,3.1,0.9
Somerset West and Taunton,E07000246,,:,:,,:,:,,:,:,,:,:,,:,:,,:,:,,:,:,,:,:,,:,:,,:,:,,:,:,,:,:,,:,:,,:,:,,:,:,,:,:,,:,:,,:,:,,:,:,,:,:,,:,:,,:,:,,:,:,,:,:,,:,:,,:,:,,:,:,,:,:,,:,:,,:,:,,:,:,,:,:,,:,:,,:,:,,:,:,,:,:,,:,:,,6.2,:,,6.0,:,,6.7,:,,6.5,:,,6.5,:,,6.2,:,,6.3,:,,6.2,:,,5.7,:,,5.5,:,,5.3,:,,5.1,:,,4.6,:,,4.2,:,,4.0,:,,3.6,:,,3.8,:,,3.7,:,,3.9,:,,4.0,:,,4.0,:,,4.1,:,,3.5,:,,3.7,:,,3.7,:,,3.6,:,,3.7,:,,3.4,:,,3.4,:,,3.2,:,,3.0,:,,3.1,:,,3.0,:,,3.3,:,,3.8,:,,4.1,:,,4.6,:,,4.6,:,,3.9,:,,3.7,:
South Somerset,E07000189,,4.8,1.1,,4.0,0.9,,3.4,0.9,,3.8,0.9,,3.0,0.6,,3.0,0.7,,2.9,0.7,,2.6,0.7,,2.7,0.7,,3.0,0.7,,3.1,0.7,,3.2,0.8,,3.2,0.7,,3.1,1.0,,3.5,1.2,,3.8,1.2,,3.5,1.1,,3.6,1.0,,3.2,0.8,,3.1,0.7,,3.3,0.9,,2.9,0.8,,3.0,0.9,,3.0,0.8,,3.1,0.8,,3.4,0.8,,3.9,1.0,,4.6,1.1,,4.9,1.1,,4.9,1.1,,4.8,1.1,,4.2,1.0,,4.7,1.2,,5.1,1.2,,5.0,1.2,,5.2,1.2,,4.7,1.1,,5.1,1.3,,5.3,1.3,,5.2,1.4,,5.1,1.4,,4.8,1.4,,4.7,1.3,,4.8,1.4,,4.3,1.3,,4.1,1.1,,4.2,1.1,,4.1,1.0,,4.3,1.1,,4.1,1.1,,3.8,1.0,,3.5,0.9,,3.4,0.9,,3.4,0.9,,3.6,0.9,,4.1,1.0,,3.8,1.0,,3.5,1.1,,3.4,1.0,,3.2,1.0,,3.2,1.1,,3.4,1.0,,3.3,0.9,,2.9,0.9,,3.0,1.0,,2.7,0.9,,2.7,0.9,,2.8,0.9,,2.8,0.9,,3.1,1.0,,2.9,1.0,,3.4,1.1,,3.8,1.1,,3.5,1.0,,3.7,1.1,,3.7,0.9,,3.3,0.9
Isle of Anglesey,W06000001,,11.1,2.9,,8.9,2.3,,7.3,2.0,,7.6,2.2,,8.0,2.2,,5.8,1.0,,5.6,1.0,,5.0,0.9,,5.1,0.9,,5.0,1.0,,5.2,1.0,,5.2,1.0,,5.2,1.0,,5.2,1.1,,5.3,1.2,,5.8,1.2,,6.1,1.2,,5.8,1.1,,5.9,1.0,,5.7,1.0,,5.5,1.0,,6.0,1.1,,6.3,1.2,,6.4,1.2,,6.7,1.2,,6.9,1.2,,7.2,1.3,,7.3,1.2,,7.4,1.2,,7.5,1.2,,7.3,1.2,,7.7,1.3,,7.5,1.3,,7.5,1.3,,7.7,1.3,,7.4,1.3,,7.4,1.3,,7.0,1.2,,6.8,1.2,,6.5,1.2,,6.3,1.2,,7.4,1.3,,7.5,1.3,,8.0,1.4,,8.6,1.5,,7.5,1.3,,7.3,1.2,,6.9,1.2,,6.4,1.1,,6.7,1.2,,6.5,1.1,,6.1,1.1,,5.7,1.0,,5.1,0.9,,4.9,0.8,,5.0,0.9,,5.1,1.0,,5.0,1.1,,4.7,1.0,,4.5,1.0,,4.0,0.9,,4.3,0.8,,4.0,0.8,,4.1,0.9,,3.9,1.0,,4.0,1.1,,4.0,1.1,,3.8,1.0,,4.0,0.9,,3.9,1.0,,4.1,1.1,,4.0,1.0,,4.1,1.0,,4.3,0.9,,4.6,1.0,,4.1,0.9,,4.3,0.9
Gwynedd,W06000002,,9.2,2.1,,8.7,2.0,,9.4,2.3,,7.5,2.0,,6.3,1.5,,5.8,0.9,,5.1,0.8,,4.5,0.8,,4.3,0.8,,3.9,0.8,,4.0,0.7,,4.2,0.8,,4.5,0.8,,4.2,0.9,,4.2,0.9,,4.3,0.9,,4.2,0.9,,4.4,0.8,,4.9,0.8,,4.8,0.8,,5.2,0.9,,5.5,1.0,,5.3,1.0,,5.2,1.0,,5.4,1.0,,5.6,1.0,,6.0,1.0,,6.0,1.0,,6.0,0.9,,6.2,1.0,,6.1,1.0,,6.4,1.0,,6.6,1.2,,6.8,1.1,,6.9,1.1,,6.9,1.1,,6.8,1.1,,6.8,1.2,,6.6,1.2,,6.7,1.2,,6.0,1.2,,6.6,1.2,,6.5,1.2,,6.6,1.3,,6.6,1.3,,6.1,1.1,,6.3,1.1,,6.0,1.1,,6.1,1.1,,5.8,1.1,,6.2,1.2,,5.8,1.1,,5.3,1.0,,5.2,1.0,,4.6,0.8,,4.5,0.8,,4.5,0.9,,4.4,1.1,,4.1,0.9,,4.2,1.0,,3.7,1.0,,4.1,0.9,,4.2,0.9,,4.3,1.0,,4.2,1.1,,4.2,1.2,,3.7,1.1,,3.3,0.9,,3.5,0.9,,2.9,0.8,,3.1,0.9,,3.3,0.9,,3.3,0.9,,4.1,0.9,,4.4,1.0,,4.1,0.9,,4.2,0.9
Conwy,W06000003,,8.5,2.0,,7.6,1.9,,6.5,1.7,,6.0,1.6,,5.5,1.4,,4.5,0.8,,4.6,0.9,,4.2,0.8,,3.7,0.7,,3.8,0.8,,3.9,0.8,,3.9,0.8,,4.1,0.8,,4.0,0.9,,4.3,1.0,,4.6,1.0,,4.8,1.0,,4.9,0.9,,4.7,0.8,,4.6,0.8,,4.6,0.8,,4.8,0.9,,4.9,0.9,,5.2,1.0,,5.7,1.0,,5.7,1.0,,6.2,1.1,,6.6,1.1,,6.5,1.0,,6.8,1.0,,6.9,1.0,,6.8,1.0,,7.0,1.2,,7.1,1.1,,7.3,1.1,,7.6,1.2,,7.6,1.2,,7.4,1.2,,7.1,1.2,,7.0,1.2,,6.6,1.2,,6.9,1.2,,6.6,1.2,,6.0,1.2,,5.9,1.1,,6.1,1.0,,5.8,1.0,,5.9,1.0,,5.8,1.0,,5.7,1.0,,6.0,1.0,,5.4,1.0,,5.2,0.9,,4.7,0.8,,4.4,0.7,,4.2,0.7,,4.1,0.8,,4.0,0.9,,4.3,0.9,,4.3,1.0,,4.2,1.0,,4.4,0.8,,3.8,0.8,,3.6,0.8,,3.6,0.9,,3.4,1.0,,3.8,1.1,,3.8,1.0,,3.7,0.9,,3.6,1.0,,3.6,1.0,,3.6,0.9,,3.5,0.9,,3.9,0.9,,3.9,0.9,,3.9,0.8,,4.2,0.9
Denbighshire,W06000004,,8.1,2.1,,6.4,1.8,,6.0,1.7,,7.0,1.9,,5.2,1.3,,4.3,0.8,,4.2,0.8,,3.8,0.7,,3.6,0.7,,3.6,0.7,,3.7,0.7,,4.0,0.8,,4.1,0.8,,4.4,1.0,,4.9,1.1,,4.6,1.0,,4.7,1.0,,4.7,0.9,,4.9,0.8,,5.0,0.8,,5.0,0.9,,5.4,1.0,,5.3,1.0,,5.5,1.0,,6.1,1.1,,6.3,1.1,,6.8,1.1,,7.3,1.2,,7.2,1.1,,7.5,1.1,,7.6,1.1,,7.7,1.1,,8.4,1.3,,8.0,1.2,,7.6,1.2,,7.5,1.2,,7.4,1.2,,7.5,1.3,,7.5,1.3,,7.7,1.3,,7.3,1.3,,7.6,1.3,,7.6,1.3,,7.7,1.4,,7.8,1.4,,6.8,1.2,,6.9,1.2,,6.5,1.1,,6.4,1.1,,6.5,1.2,,6.3,1.1,,5.5,1.0,,5.2,0.9,,4.7,0.9,,4.3,0.7,,4.4,0.8,,4.2,0.8,,3.8,0.9,,4.1,0.9,,3.8,0.9,,3.7,0.9,,4.2,0.8,,3.8,0.8,,3.7,0.9,,3.2,0.9,,3.1,0.9,,3.3,0.9,,3.9,1.0,,4.0,1.0,,3.9,1.0,,3.6,1.0,,3.4,0.9,,3.5,0.9,,3.8,0.9,,4.1,0.9,,4.0,0.9,,4.3,0.9
Flintshire,W06000005,,6.1,1.4,,6.4,1.4,,5.5,1.4,,5.4,1.3,,5.3,1.2,,4.6,0.8,,4.0,0.7,,3.6,0.7,,3.3,0.7,,3.4,0.7,,3.5,0.7,,3.5,0.7,,3.8,0.7,,3.5,0.8,,3.5,0.8,,3.8,0.9,,3.8,0.8,,4.1,0.8,,4.3,0.7,,4.2,0.7,,4.3,0.8,,4.1,0.8,,4.0,0.8,,4.3,0.8,,4.6,0.9,,5.1,0.9,,5.6,1.0,,6.4,1.0,,6.7,1.0,,6.9,1.0,,7.1,1.1,,6.9,1.0,,7.1,1.2,,7.4,1.1,,7.1,1.1,,7.1,1.2,,6.6,1.1,,6.5,1.2,,6.3,1.1,,6.4,1.2,,6.0,1.2,,6.2,1.2,,6.3,1.2,,5.8,1.2,,6.4,1.3,,6.4,1.1,,6.3,1.1,,6.3,1.1,,5.6,1.0,,4.9,0.9,,4.6,0.9,,4.4,0.8,,4.4,0.8,,4.2,0.8,,4.0,0.7,,3.7,0.7,,3.7,0.8,,3.4,0.8,,3.7,0.8,,3.6,0.8,,3.5,0.8,,3.9,0.8,,4.0,0.8,,4.1,0.9,,4.0,1.0,,4.0,1.0,,3.5,0.9,,3.2,0.8,,3.2,0.8,,3.0,0.8,,2.8,0.8,,3.0,0.8,,3.2,0.8,,3.3,0.7,,3.7,0.8,,3.5,0.8,,3.3,0.8
Wrexham,W06000006,,7.7,1.8,,6.6,1.5,,7.5,1.9,,5.8,1.5,,5.0,1.1,,4.4,0.7,,4.4,0.8,,4.0,0.7,,3.6,0.7,,3.8,0.8,,4.1,0.8,,4.4,0.8,,4.4,0.8,,4.3,1.0,,4.6,1.1,,4.5,1.0,,4.4,1.0,,4.5,0.9,,4.6,0.8,,4.7,0.8,,4.9,0.9,,4.9,0.9,,4.8,0.9,,5.1,0.9,,5.5,1.0,,6.2,1.0,,6.6,1.1,,6.7,1.1,,7.2,1.0,,7.3,1.0,,7.3,1.1,,7.4,1.1,,7.3,1.2,,7.6,1.2,,7.7,1.2,,7.6,1.2,,7.5,1.2,,7.8,1.3,,7.6,1.3,,7.7,1.4,,7.4,1.4,,7.4,1.4,,6.9,1.3,,6.7,1.3,,6.6,1.3,,6.3,1.1,,6.1,1.1,,6.2,1.1,,6.3,1.1,,5.9,1.1,,5.8,1.0,,5.5,1.0,,5.1,0.9,,4.6,0.9,,4.3,0.8,,4.1,0.8,,3.9,0.8,,3.7,0.9,,4.1,0.8,,4.1,0.9,,4.3,1.0,,4.3,0.8,,4.3,0.9,,4.1,0.9,,4.0,1.0,,4.6,1.1,,4.7,1.2,,4.9,1.2,,4.5,1.0,,3.9,1.0,,3.7,1.0,,3.4,0.8,,3.5,0.8,,3.5,0.8,,3.8,0.9,,3.8,0.8,,3.7,0.9
Powys,W06000023,,4.9,1.2,,4.6,1.2,,4.4,1.2,,4.7,1.2,,4.6,1.1,,3.6,0.6,,3.2,0.6,,3.5,0.7,,3.1,0.6,,3.0,0.6,,3.1,0.6,,3.2,0.6,,3.4,0.6,,3.3,0.8,,3.1,0.8,,3.2,0.8,,3.5,0.8,,3.7,0.7,,3.8,0.7,,3.8,0.7,,4.0,0.8,,4.1,0.8,,4.0,0.9,,4.3,0.8,,4.4,0.9,,4.4,0.8,,5.2,1.0,,5.2,0.9,,5.2,0.9,,5.3,0.9,,5.0,0.9,,5.2,0.9,,5.3,1.0,,5.6,0.9,,5.7,0.9,,5.3,0.9,,5.5,1.0,,5.3,1.0,,5.2,1.0,,5.4,1.0,,4.9,1.0,,5.1,1.0,,4.6,0.9,,4.6,1.0,,4.3,0.9,,4.0,0.8,,4.1,0.8,,3.8,0.7,,3.8,0.7,,3.7,0.8,,3.8,0.8,,3.6,0.7,,3.3,0.7,,3.3,0.7,,3.0,0.6,,2.8,0.6,,2.9,0.6,,2.7,0.7,,2.9,0.7,,2.8,0.7,,2.7,0.7,,2.8,0.6,,2.5,0.6,,2.4,0.6,,2.4,0.7,,2.5,0.8,,2.6,0.8,,2.5,0.7,,2.7,0.7,,2.3,0.7,,2.4,0.7,,2.9,0.8,,2.9,0.8,,3.4,0.8,,3.7,0.9,,3.4,0.8,,3.6,0.8
Ceredigion,W06000008,,6.1,1.8,,6.6,1.9,,5.0,1.5,,6.7,2.1,,6.3,1.8,,5.0,0.9,,4.7,0.9,,4.7,0.9,,4.1,0.8,,4.3,0.9,,4.2,0.8,,4.1,0.8,,4.2,0.8,,4.1,1.0,,4.5,1.1,,4.9,1.1,,5.0,1.1,,5.1,1.0,,4.7,0.8,,4.9,0.9,,5.2,1.0,,4.9,1.0,,5.0,1.1,,5.0,1.0,,5.0,1.0,,5.0,1.0,,5.4,1.1,,5.4,1.0,,5.1,0.9,,5.4,1.0,,5.2,0.9,,5.1,0.9,,5.4,1.1,,5.7,1.1,,6.3,1.2,,6.6,1.2,,6.5,1.2,,6.6,1.3,,6.2,1.3,,6.1,1.3,,5.8,1.3,,5.7,1.2,,5.1,1.1,,4.9,1.1,,4.6,1.0,,4.8,0.9,,5.1,1.0,,5.1,1.0,,5.2,1.0,,4.9,1.0,,5.0,1.0,,4.9,1.0,,4.5,0.9,,4.5,0.9,,4.1,0.8,,3.8,0.8,,3.9,0.8,,3.6,0.9,,4.0,0.9,,4.1,1.0,,4.2,1.1,,4.2,0.9,,3.8,0.9,,3.6,1.0,,3.1,1.0,,3.2,1.0,,3.3,1.1,,3.2,1.0,,3.4,1.0,,2.6,0.8,,2.7,0.8,,3.1,0.8,,3.2,0.8,,3.4,0.8,,3.7,0.9,,3.2,0.7,,3.5,0.8
Pembrokeshire,W06000009,,10.6,2.3,,8.5,2.0,,9.2,2.5,,7.8,2.1,,6.8,1.7,,5.7,0.9,,5.8,0.9,,5.1,0.8,,4.7,0.8,,4.8,0.9,,4.9,0.9,,4.8,0.9,,4.9,0.8,,4.7,1.0,,5.3,1.1,,5.5,1.1,,4.9,1.0,,4.7,0.9,,4.1,0.7,,3.9,0.7,,4.2,0.8,,4.2,0.8,,4.4,0.9,,4.6,0.9,,4.8,0.9,,5.0,0.9,,5.9,1.0,,6.0,1.0,,6.1,1.0,,6.6,1.0,,6.4,1.0,,6.7,1.0,,7.7,1.3,,7.3,1.1,,7.5,1.2,,7.3,1.2,,6.8,1.1,,7.2,1.2,,6.7,1.2,,7.1,1.3,,6.4,1.2,,6.7,1.3,,6.6,1.3,,6.8,1.3,,7.1,1.4,,6.3,1.1,,6.2,1.1,,5.7,1.0,,5.7,1.0,,6.0,1.1,,6.0,1.1,,5.5,1.0,,5.1,0.9,,4.7,0.9,,4.3,0.8,,4.3,0.8,,4.3,0.8,,4.1,1.0,,4.6,1.0,,4.9,1.1,,4.6,1.1,,4.5,0.9,,4.0,0.9,,3.8,0.9,,3.6,1.0,,3.9,1.1,,4.4,1.2,,4.6,1.1,,4.2,1.0,,3.6,0.9,,3.2,0.9,,3.0,0.8,,3.3,0.8,,3.9,0.9,,4.3,1.0,,4.1,0.8,,4.1,0.9
Carmarthenshire,W06000010,,8.8,1.9,,7.3,1.6,,6.6,1.7,,7.3,1.8,,6.6,1.5,,5.4,0.9,,4.7,0.8,,4.8,0.8,,4.2,0.8,,4.1,0.8,,4.2,0.8,,4.0,0.8,,4.1,0.7,,3.8,0.8,,3.7,0.8,,4.1,0.9,,4.6,0.9,,4.8,0.9,,4.8,0.8,,4.9,0.8,,5.1,0.9,,5.0,0.9,,5.4,1.0,,5.3,1.0,,5.7,1.0,,6.2,1.1,,7.2,1.2,,7.2,1.2,,6.8,1.0,,6.8,1.0,,6.4,1.0,,6.8,1.0,,7.6,1.2,,7.6,1.2,,7.5,1.2,,7.2,1.2,,7.0,1.2,,6.6,1.1,,6.6,1.2,,6.4,1.2,,6.1,1.2,,6.6,1.3,,6.7,1.3,,6.9,1.4,,7.0,1.4,,6.5,1.1,,6.2,1.1,,6.3,1.1,,6.2,1.1,,6.2,1.1,,6.1,1.1,,5.5,1.0,,4.9,0.9,,4.8,0.9,,4.3,0.7,,4.0,0.7,,4.1,0.8,,3.8,0.9,,4.2,0.9,,4.4,0.9,,4.0,0.9,,4.2,0.8,,4.0,0.8,,3.8,0.8,,3.6,0.9,,3.7,1.0,,3.4,0.9,,3.6,0.9,,3.8,0.9,,3.5,0.9,,3.6,1.0,,3.4,0.9,,3.5,0.8,,4.0,0.9,,4.3,0.9,,4.0,0.8,,4.3,0.9
Swansea,W06000011,,8.2,1.7,,7.8,1.6,,7.6,1.7,,8.0,1.8,,6.8,1.4,,6.1,1.0,,5.9,1.0,,5.6,0.9,,5.4,1.0,,5.2,1.0,,5.2,0.9,,5.2,1.0,,5.3,0.9,,5.4,1.1,,5.4,1.2,,5.5,1.2,,5.5,1.1,,5.6,1.0,,5.9,1.0,,5.7,0.9,,5.8,1.0,,5.8,1.1,,5.5,1.1,,6.1,1.1,,7.1,1.3,,7.7,1.3,,8.5,1.4,,8.6,1.3,,8.5,1.2,,8.5,1.2,,8.3,1.2,,8.6,1.2,,8.8,1.4,,9.2,1.4,,9.5,1.4,,9.8,1.5,,9.0,1.4,,9.4,1.5,,9.1,1.5,,8.8,1.5,,8.5,1.5,,8.3,1.4,,8.1,1.4,,7.8,1.4,,8.4,1.5,,7.8,1.3,,7.7,1.3,,7.3,1.2,,7.1,1.2,,7.5,1.3,,7.3,1.3,,6.8,1.2,,6.6,1.2,,5.8,1.1,,5.4,0.9,,5.4,0.9,,5.3,1.0,,5.0,1.1,,5.3,1.0,,5.1,1.1,,4.9,1.1,,5.2,1.0,,5.7,1.0,,5.9,1.2,,6.0,1.2,,6.2,1.3,,5.0,1.2,,4.6,1.1,,4.5,1.0,,4.5,1.1,,4.5,1.1,,4.4,1.0,,4.1,1.0,,4.1,0.9,,4.7,1.0,,4.6,0.9,,4.4,0.9
Neath Port Talbot,W06000012,,8.1,1.9,,7.5,1.7,,8.0,2.0,,9.2,2.3,,8.4,2.0,,6.4,0.9,,7.3,1.1,,6.5,1.0,,6.0,1.0,,5.5,1.0,,5.6,1.0,,6.0,1.0,,6.4,1.0,,6.6,1.2,,6.3,1.2,,6.4,1.2,,5.9,1.1,,6.0,1.1,,6.2,1.0,,6.1,1.0,,6.0,1.0,,6.1,1.1,,5.6,1.1,,5.8,1.0,,6.4,1.1,,6.8,1.1,,7.9,1.3,,9.0,1.3,,9.5,1.3,,9.5,1.3,,8.9,1.3,,9.0,1.3,,8.8,1.4,,8.8,1.3,,9.5,1.4,,9.4,1.4,,9.3,1.5,,9.5,1.6,,8.7,1.5,,7.8,1.4,,7.7,1.4,,7.7,1.4,,7.9,1.4,,8.6,1.6,,8.3,1.6,,8.1,1.4,,7.5,1.3,,7.2,1.3,,6.8,1.2,,6.5,1.2,,6.6,1.2,,6.2,1.1,,6.4,1.1,,6.0,1.1,,5.5,1.0,,5.1,0.9,,4.9,1.0,,4.8,1.1,,5.1,1.0,,5.4,1.2,,5.8,1.3,,5.7,1.1,,5.8,1.1,,5.6,1.2,,4.9,1.2,,4.5,1.1,,4.5,1.1,,4.3,1.1,,4.2,1.0,,4.2,1.1,,3.7,1.0,,3.5,0.9,,3.6,0.9,,3.7,0.8,,3.8,0.9,,3.9,0.8,,3.8,0.8
Bridgend,W06000013,,7.0,1.6,,8.2,1.9,,7.0,1.7,,6.8,1.7,,5.9,1.4,,5.1,0.8,,4.9,0.8,,4.6,0.8,,4.2,0.8,,4.0,0.8,,4.4,0.8,,4.8,0.9,,5.5,0.9,,5.9,1.2,,6.2,1.2,,6.8,1.3,,6.3,1.2,,6.5,1.1,,6.2,1.0,,6.0,1.0,,6.2,1.1,,6.0,1.1,,5.7,1.1,,5.8,1.1,,6.6,1.2,,7.2,1.2,,8.3,1.3,,8.9,1.3,,9.0,1.3,,8.7,1.2,,8.6,1.2,,8.3,1.2,,8.1,1.3,,8.6,1.3,,8.0,1.2,,8.1,1.3,,8.0,1.3,,7.9,1.3,,8.5,1.4,,8.6,1.5,,8.7,1.5,,8.3,1.5,,7.7,1.4,,7.3,1.4,,7.1,1.4,,7.0,1.2,,7.1,1.3,,6.8,1.2,,6.5,1.1,,6.5,1.2,,6.3,1.1,,6.2,1.1,,5.9,1.0,,5.3,1.0,,4.8,0.8,,4.7,0.9,,4.5,0.9,,4.7,1.1,,5.0,1.0,,4.9,1.1,,5.1,1.2,,4.9,1.0,,5.0,1.0,,4.5,1.0,,4.5,1.1,,4.5,1.2,,4.1,1.1,,4.0,1.0,,4.0,1.0,,3.5,0.9,,3.3,0.9,,3.3,0.8,,3.5,0.8,,3.7,0.8,,3.9,0.9,,4.0,0.8,,3.6,0.8
Vale of Glamorgan,W06000014,,6.9,1.7,,7.1,1.7,,6.2,1.6,,5.5,1.5,,5.7,1.4,,4.5,0.8,,5.1,0.9,,4.9,0.8,,4.7,0.8,,4.5,0.8,,4.6,0.8,,4.9,0.9,,4.8,0.8,,4.6,1.0,,4.9,1.1,,4.8,1.0,,4.6,1.0,,4.9,0.9,,4.9,0.8,,4.5,0.8,,5.0,0.9,,5.2,1.0,,5.0,1.0,,5.7,1.1,,5.9,1.1,,6.3,1.1,,7.0,1.2,,7.4,1.2,,7.9,1.2,,8.2,1.2,,7.9,1.2,,7.8,1.2,,7.7,1.3,,7.6,1.2,,7.7,1.2,,7.5,1.2,,7.4,1.2,,7.6,1.3,,7.7,1.3,,7.9,1.4,,7.7,1.4,,7.8,1.4,,7.8,1.4,,8.0,1.4,,7.9,1.5,,6.8,1.2,,6.6,1.2,,6.1,1.1,,6.1,1.1,,6.4,1.2,,6.1,1.1,,5.5,1.1,,5.1,1.0,,4.3,0.9,,4.0,0.8,,4.1,0.8,,4.2,0.9,,4.3,1.0,,4.5,1.0,,4.5,1.0,,4.2,1.0,,4.3,0.9,,3.6,0.8,,3.6,0.8,,3.4,0.8,,3.4,0.9,,3.7,0.9,,3.4,0.9,,3.6,0.9,,3.4,1.0,,3.2,0.9,,3.3,0.9,,3.4,0.9,,4.0,1.0,,4.5,1.1,,4.1,0.9,,4.2,1.0
Cardiff,W06000015,,7.8,1.4,,7.3,1.4,,6.8,1.5,,6.5,1.4,,6.0,1.2,,5.4,0.9,,5.3,0.9,,5.3,0.9,,5.6,1.0,,5.3,1.0,,5.6,1.0,,5.7,1.0,,6.1,1.0,,6.1,1.2,,6.0,1.2,,6.0,1.2,,5.8,1.2,,6.2,1.1,,6.1,1.0,,6.1,1.0,,6.2,1.1,,6.1,1.2,,5.9,1.2,,5.9,1.1,,6.5,1.2,,6.9,1.2,,8.0,1.4,,8.4,1.4,,8.4,1.3,,8.7,1.3,,8.5,1.3,,8.7,1.3,,9.0,1.5,,8.9,1.4,,8.8,1.4,,8.8,1.4,,8.5,1.3,,9.1,1.4,,9.5,1.5,,9.8,1.6,,10.3,1.7,,10.0,1.6,,9.9,1.6,,9.7,1.7,,8.7,1.6,,8.1,1.3,,7.9,1.3,,7.5,1.2,,7.8,1.3,,8.4,1.4,,7.9,1.3,,7.8,1.3,,7.4,1.2,,6.7,1.2,,6.0,1.0,,5.3,1.0,,5.3,1.0,,4.8,1.2,,5.5,1.2,,6.1,1.3,,6.1,1.3,,6.0,1.1,,5.7,1.1,,5.4,1.1,,5.2,1.1,,4.6,1.1,,4.4,1.1,,4.4,1.1,,4.1,1.0,,3.8,1.0,,3.7,1.0,,3.6,0.9,,3.8,0.9,,4.3,1.0,,5.1,1.2,,4.9,1.1,,5.1,1.1
Rhondda Cynon Taf,W06000016,,9.2,1.8,,8.4,1.7,,7.7,1.6,,7.7,1.7,,6.7,1.4,,6.0,0.9,,5.8,1.0,,6.1,1.0,,5.3,0.9,,5.5,1.0,,5.8,1.0,,5.8,1.0,,6.0,1.0,,5.9,1.2,,5.8,1.2,,6.0,1.2,,5.7,1.1,,5.9,1.1,,5.9,0.9,,5.8,0.9,,6.4,1.1,,6.1,1.1,,6.0,1.2,,6.4,1.2,,7.0,1.2,,8.1,1.3,,9.3,1.4,,9.5,1.4,,9.9,1.4,,10.0,1.4,,9.5,1.3,,9.9,1.4,,10.6,1.6,,10.6,1.5,,10.5,1.5,,10.4,1.6,,10.2,1.5,,10.1,1.6,,10.5,1.6,,11.3,1.8,,11.3,1.8,,11.2,1.8,,11.8,1.9,,11.1,1.8,,10.3,1.8,,9.5,1.5,,8.7,1.4,,7.9,1.3,,7.4,1.2,,7.1,1.3,,6.9,1.2,,6.9,1.2,,6.5,1.1,,6.1,1.1,,5.6,0.9,,5.3,0.9,,5.3,1.0,,5.2,1.2,,5.2,1.1,,5.4,1.2,,5.2,1.2,,5.4,1.0,,5.7,1.1,,5.7,1.2,,5.8,1.2,,5.9,1.3,,5.3,1.3,,5.1,1.2,,4.8,1.1,,4.4,1.1,,4.3,1.1,,4.6,1.1,,4.5,1.1,,4.6,1.0,,4.8,1.1,,4.1,0.9,,3.9,0.9
Merthyr Tydfil,W06000024,,9.4,2.6,,8.7,2.5,,10.0,3.1,,10.3,3.2,,9.3,2.8,,7.3,1.2,,6.8,1.2,,6.3,1.1,,6.5,1.3,,6.2,1.2,,6.1,1.2,,6.6,1.3,,7.2,1.3,,7.8,1.7,,8.6,1.9,,8.8,1.9,,7.9,1.7,,7.7,1.6,,7.7,1.4,,7.5,1.4,,7.7,1.5,,7.4,1.5,,7.1,1.5,,7.3,1.5,,8.0,1.6,,8.9,1.6,,10.0,1.7,,11.5,1.8,,12.4,1.9,,12.2,1.8,,11.7,1.8,,11.3,1.8,,10.8,1.9,,10.9,1.8,,11.7,1.9,,12.1,1.9,,12.8,2.0,,13.1,2.1,,12.5,2.1,,11.9,2.1,,11.5,2.1,,11.2,2.0,,11.1,2.0,,10.9,2.0,,10.2,2.0,,9.6,1.7,,8.6,1.6,,8.4,1.5,,7.7,1.4,,7.5,1.5,,7.4,1.4,,6.8,1.3,,7.2,1.3,,6.4,1.2,,5.9,1.1,,5.7,1.1,,5.4,1.1,,5.6,1.3,,5.8,1.2,,6.1,1.4,,5.8,1.4,,5.4,1.1,,5.5,1.2,,5.0,1.2,,5.3,1.4,,5.6,1.5,,5.1,1.4,,4.7,1.3,,4.7,1.2,,5.2,1.4,,5.2,1.4,,5.1,1.4,,5.4,1.4,,4.9,1.2,,4.9,1.2,,4.8,1.1,,4.5,1.1
Caerphilly,W06000018,,9.3,1.9,,8.1,1.7,,7.7,1.8,,7.4,1.7,,6.5,1.4,,6.9,1.1,,6.2,1.0,,5.6,0.9,,6.1,1.0,,6.2,1.1,,6.1,1.0,,6.1,1.0,,6.2,1.0,,5.7,1.1,,5.7,1.2,,5.8,1.2,,5.7,1.1,,5.7,1.0,,6.2,1.0,,6.3,1.0,,6.5,1.1,,6.6,1.2,,6.5,1.2,,6.8,1.2,,7.7,1.3,,9.0,1.4,,10.0,1.5,,11.0,1.6,,10.8,1.4,,10.7,1.4,,10.0,1.4,,9.9,1.4,,9.8,1.5,,9.9,1.4,,10.5,1.5,,10.8,1.6,,10.6,1.5,,10.7,1.6,,10.4,1.5,,9.8,1.5,,9.6,1.6,,9.2,1.5,,9.0,1.5,,8.9,1.6,,8.3,1.5,,8.3,1.4,,8.4,1.4,,8.0,1.3,,8.6,1.4,,8.7,1.5,,8.4,1.4,,7.9,1.3,,7.3,1.2,,6.5,1.1,,5.8,1.0,,5.5,0.9,,5.2,1.0,,5.1,1.1,,5.3,1.1,,5.7,1.2,,6.1,1.3,,5.7,1.1,,6.0,1.1,,5.6,1.1,,5.2,1.1,,5.6,1.3,,4.8,1.1,,4.5,1.1,,4.6,1.0,,4.2,1.0,,4.0,1.0,,3.9,0.9,,3.9,0.9,,3.8,0.8,,4.0,0.9,,3.9,0.8,,3.8,0.8
Blaenau Gwent,W06000019,,10.5,2.7,,10.4,2.7,,11.5,3.3,,9.8,2.9,,9.7,2.7,,7.8,1.2,,6.9,1.2,,7.1,1.2,,6.9,1.2,,7.3,1.3,,7.5,1.3,,7.7,1.4,,7.9,1.4,,8.0,1.6,,7.8,1.6,,7.7,1.6,,7.6,1.6,,7.7,1.5,,7.7,1.3,,7.7,1.3,,7.7,1.5,,7.3,1.4,,6.8,1.4,,8.1,1.6,,9.2,1.7,,10.4,1.8,,12.9,2.1,,13.9,2.1,,14.7,2.1,,14.9,2.1,,13.6,2.0,,13.3,2.0,,12.9,2.1,,12.9,2.1,,13.4,2.1,,13.8,2.2,,14.1,2.3,,14.1,2.3,,14.2,2.3,,14.7,2.4,,14.4,2.4,,15.1,2.5,,15.5,2.6,,14.5,2.6,,14.2,2.5,,12.2,2.1,,11.4,1.9,,11.0,1.8,,10.4,1.7,,10.1,1.7,,9.5,1.6,,8.8,1.5,,8.7,1.5,,8.1,1.4,,7.0,1.2,,7.0,1.3,,6.4,1.3,,5.9,1.4,,6.5,1.4,,5.8,1.3,,5.6,1.3,,6.0,1.2,,5.6,1.1,,5.2,1.2,,5.0,1.2,,4.9,1.3,,4.6,1.2,,4.6,1.2,,4.7,1.2,,4.5,1.2,,4.3,1.2,,4.0,1.1,,4.1,1.0,,4.2,1.0,,4.7,1.2,,4.5,1.1,,4.2,1.0
Torfaen,W06000020,,7.0,1.7,,8.2,2.1,,7.3,1.9,,6.4,1.7,,6.0,1.5,,5.6,0.9,,5.6,1.0,,5.4,0.9,,4.8,0.9,,5.1,0.9,,5.2,0.9,,5.4,0.9,,5.5,0.9,,5.6,1.1,,5.4,1.1,,5.2,1.1,,5.2,1.0,,5.1,0.9,,5.6,0.9,,6.0,1.0,,6.5,1.1,,6.9,1.2,,7.2,1.3,,7.2,1.2,,7.7,1.3,,8.4,1.3,,9.2,1.4,,10.0,1.4,,10.4,1.4,,10.0,1.3,,9.3,1.3,,8.9,1.2,,8.8,1.4,,9.4,1.4,,10.0,1.4,,10.2,1.5,,10.2,1.5,,11.1,1.6,,10.7,1.6,,10.9,1.7,,11.6,1.8,,11.0,1.8,,11.4,1.8,,11.3,1.8,,10.3,1.7,,9.4,1.5,,8.6,1.4,,8.5,1.4,,7.8,1.3,,7.5,1.3,,7.3,1.2,,6.7,1.2,,6.4,1.1,,5.7,1.0,,5.1,0.9,,4.6,0.8,,4.2,0.8,,4.0,1.0,,4.6,0.9,,4.5,1.0,,4.6,1.0,,4.9,0.9,,5.1,1.0,,5.2,1.1,,5.4,1.2,,5.3,1.3,,5.0,1.2,,4.9,1.2,,4.4,1.1,,3.8,1.0,,3.5,0.9,,3.6,0.9,,3.8,0.9,,4.3,1.0,,4.8,1.1,,4.8,1.0,,4.7,1.1
Monmouthshire,W06000021,,5.8,1.5,,5.1,1.3,,5.1,1.4,,5.1,1.5,,4.3,1.2,,3.8,0.7,,3.6,0.7,,3.5,0.7,,3.1,0.6,,3.1,0.7,,3.2,0.6,,3.4,0.7,,3.5,0.7,,3.7,0.9,,3.8,0.9,,3.9,0.9,,3.7,0.8,,3.7,0.7,,3.7,0.7,,3.4,0.6,,3.5,0.7,,3.5,0.7,,3.5,0.8,,3.7,0.8,,4.1,0.8,,4.7,0.9,,5.2,1.0,,5.7,1.0,,6.1,1.0,,6.1,0.9,,5.9,0.9,,5.7,0.9,,5.3,1.0,,5.1,0.9,,5.1,0.9,,5.1,0.9,,4.9,0.9,,5.1,0.9,,5.5,1.0,,5.5,1.0,,5.8,1.1,,5.6,1.1,,5.4,1.0,,5.3,1.0,,5.3,1.1,,5.1,0.9,,4.7,0.9,,4.8,0.9,,4.6,0.8,,4.9,0.9,,4.6,0.9,,4.1,0.8,,3.7,0.7,,3.3,0.7,,3.1,0.6,,3.0,0.6,,3.1,0.6,,2.9,0.7,,3.1,0.7,,3.3,0.8,,3.0,0.8,,3.5,0.7,,3.3,0.7,,3.2,0.7,,3.4,0.8,,3.0,0.8,,3.0,0.8,,3.0,0.8,,2.9,0.7,,2.7,0.7,,2.5,0.7,,2.6,0.7,,2.6,0.7,,2.9,0.7,,3.4,0.8,,3.2,0.7,,3.3,0.8
Newport,W06000022,,9.4,1.9,,8.6,1.9,,8.4,2.0,,8.2,2.0,,5.9,1.3,,5.7,0.9,,5.6,0.9,,5.4,0.9,,5.2,0.9,,5.2,1.0,,5.2,0.9,,5.5,1.0,,5.7,0.9,,6.2,1.2,,6.5,1.3,,6.6,1.3,,5.9,1.2,,6.0,1.1,,6.0,0.9,,5.8,0.9,,6.3,1.1,,6.3,1.1,,6.8,1.3,,7.0,1.2,,8.0,1.3,,8.5,1.4,,9.1,1.5,,9.8,1.5,,10.2,1.4,,10.0,1.4,,9.6,1.3,,9.9,1.4,,9.8,1.5,,10.3,1.4,,10.6,1.5,,10.8,1.5,,10.2,1.5,,10.2,1.6,,9.9,1.5,,9.7,1.6,,9.9,1.6,,9.7,1.6,,9.6,1.7,,9.0,1.6,,8.9,1.7,,9.0,1.5,,8.2,1.4,,8.5,1.4,,8.2,1.4,,7.8,1.4,,8.2,1.5,,7.5,1.4,,7.4,1.3,,6.5,1.2,,6.1,1.1,,5.7,1.0,,5.1,1.0,,4.9,1.1,,5.4,1.1,,5.4,1.2,,5.3,1.2,,5.3,1.0,,5.3,1.0,,4.8,1.0,,4.5,1.1,,4.6,1.1,,4.5,1.1,,4.7,1.1,,4.6,1.0,,4.0,1.0,,3.4,0.9,,3.5,0.9,,3.9,0.9,,4.3,0.9,,5.1,1.1,,5.0,1.0,,4.8,1.0
Aberdeen City,S12000033,,5.7,1.1,,4.8,1.0,,4.6,1.1,,5.6,1.2,,5.0,1.0,,4.9,1.0,,4.6,1.0,,4.2,0.9,,5.2,1.0,,5.1,1.0,,5.0,0.9,,5.1,0.9,,4.6,0.8,,4.9,1.1,,4.9,1.1,,4.1,1.0,,4.1,0.9,,4.2,0.8,,3.7,0.7,,3.8,0.7,,3.8,0.8,,3.6,0.8,,3.6,0.8,,3.4,0.7,,3.6,0.8,,3.6,0.8,,3.8,0.8,,4.0,0.8,,4.0,0.7,,4.3,0.7,,4.7,0.8,,4.9,0.8,,5.1,1.0,,5.3,1.0,,5.3,0.9,,5.6,1.0,,5.8,1.0,,5.8,1.1,,5.4,1.0,,5.3,1.1,,5.0,1.0,,4.7,1.0,,4.7,1.0,,4.3,1.0,,4.6,1.0,,5.0,1.0,,4.9,1.0,,5.0,1.0,,4.5,0.9,,4.3,0.9,,4.1,0.8,,4.3,0.9,,4.5,0.9,,5.0,0.9,,5.1,0.9,,4.9,0.9,,5.3,1.1,,4.8,1.2,,4.8,1.0,,4.6,1.1,,4.2,1.1,,4.5,0.9,,4.4,1.0,,4.6,1.1,,5.1,1.2,,4.9,1.3,,4.1,1.1,,3.6,1.0,,3.1,0.8,,2.5,0.7,,2.8,0.7,,3.4,0.9,,4.5,1.1,,4.7,1.1,,5.1,1.2,,4.4,1.0,,4.1,0.9
Aberdeenshire,S12000034,,4.7,1.0,,3.7,0.9,,3.6,0.9,,4.1,1.0,,3.9,0.8,,3.4,0.7,,3.6,0.8,,3.6,0.7,,3.2,0.6,,3.4,0.7,,3.5,0.7,,3.4,0.7,,3.2,0.6,,3.2,0.8,,3.3,0.8,,3.0,0.7,,3.1,0.7,,2.9,0.6,,2.5,0.5,,2.6,0.5,,2.4,0.5,,2.4,0.5,,2.4,0.5,,2.3,0.5,,2.5,0.5,,2.4,0.5,,2.5,0.5,,2.7,0.5,,2.8,0.5,,3.1,0.6,,3.3,0.6,,3.3,0.6,,3.6,0.7,,3.6,0.7,,3.9,0.7,,3.9,0.7,,4.0,0.7,,3.9,0.8,,3.7,0.7,,3.6,0.8,,3.3,0.8,,3.3,0.8,,3.0,0.7,,3.3,0.8,,3.3,0.8,,3.1,0.7,,3.3,0.7,,3.1,0.6,,2.9,0.6,,2.8,0.6,,2.6,0.6,,2.7,0.6,,2.7,0.6,,3.2,0.7,,3.3,0.6,,3.3,0.6,,3.8,0.8,,3.7,0.9,,3.7,0.9,,3.4,0.9,,2.9,0.8,,3.0,0.6,,2.7,0.7,,2.9,0.8,,2.8,0.8,,2.6,0.8,,2.8,0.8,,2.6,0.7,,2.3,0.6,,2.0,0.6,,2.0,0.6,,2.4,0.6,,2.8,0.7,,3.6,0.8,,3.7,0.9,,3.2,0.7,,3.3,0.8
Angus,S12000041,,6.9,1.5,,6.6,1.5,,6.8,1.7,,5.6,1.5,,5.3,1.2,,5.1,1.2,,5.5,1.3,,5.4,0.9,,4.6,0.8,,4.7,0.9,,4.9,0.9,,4.8,0.9,,4.7,0.8,,4.9,1.0,,5.0,1.0,,5.0,1.0,,4.9,0.9,,5.0,0.9,,4.4,0.7,,4.6,0.7,,4.5,0.8,,4.2,0.8,,4.3,0.8,,4.1,0.8,,4.3,0.8,,4.3,0.8,,4.8,0.9,,5.4,0.9,,5.4,0.9,,5.8,0.9,,5.9,0.9,,6.0,1.0,,6.6,1.2,,6.7,1.1,,7.0,1.1,,6.9,1.1,,7.0,1.2,,6.5,1.1,,6.2,1.1,,6.4,1.2,,6.1,1.2,,6.6,1.2,,6.3,1.2,,6.1,1.3,,6.0,1.2,,5.8,1.1,,5.6,1.1,,5.1,1.0,,5.3,1.0,,5.2,1.1,,5.2,1.0,,5.2,1.0,,4.7,0.9,,4.7,0.9,,4.5,0.8,,4.1,0.8,,4.1,0.8,,3.8,0.9,,4.0,0.9,,4.2,1.0,,4.2,1.0,,3.9,0.8,,3.6,0.8,,3.6,0.9,,3.7,1.0,,3.7,1.0,,3.8,1.0,,3.5,0.9,,3.2,0.8,,2.6,0.7,,2.6,0.7,,3.2,0.8,,4.0,0.9,,4.7,1.0,,4.7,1.0,,3.8,0.8,,3.5,0.8
Argyll and Bute,S12000035,,8.6,2.1,,6.6,1.7,,6.6,1.8,,6.4,1.8,,6.3,1.5,,6.0,1.5,,5.3,1.5,,5.0,0.9,,4.3,0.8,,4.2,0.8,,4.6,0.8,,4.5,0.8,,4.4,0.8,,4.4,0.9,,4.3,1.0,,4.1,0.9,,3.9,0.8,,4.2,0.8,,4.0,0.7,,4.2,0.7,,4.0,0.8,,4.0,0.8,,3.9,0.8,,3.7,0.8,,4.3,0.8,,4.7,0.9,,5.3,1.0,,5.9,1.0,,5.7,0.9,,5.8,0.9,,6.0,0.9,,6.0,1.0,,6.2,1.1,,6.4,1.0,,6.3,1.0,,6.5,1.1,,7.1,1.2,,6.8,1.2,,6.6,1.2,,6.8,1.3,,6.4,1.3,,6.5,1.3,,6.2,1.2,,5.9,1.2,,5.7,1.2,,5.6,1.1,,5.5,1.0,,5.2,1.0,,5.0,0.9,,4.9,1.0,,4.7,1.0,,4.6,0.9,,4.4,0.9,,4.3,0.9,,4.3,0.8,,3.9,0.7,,3.7,0.8,,3.3,0.8,,3.2,0.7,,2.9,0.7,,2.9,0.8,,3.0,0.6,,2.8,0.7,,2.9,0.7,,2.9,0.8,,3.1,0.9,,3.3,1.0,,3.3,0.9,,2.9,0.8,,2.6,0.7,,2.7,0.7,,3.0,0.7,,3.5,0.8,,3.9,0.8,,3.7,0.9,,3.7,0.8,,3.6,0.9
City of Edinburgh,S12000036,,7.5,1.2,,6.6,1.1,,5.7,1.1,,5.6,1.1,,5.4,0.9,,5.0,0.9,,5.0,0.9,,5.2,1.0,,5.3,1.0,,5.3,1.0,,5.4,1.0,,5.4,1.0,,5.1,0.9,,4.6,1.0,,4.8,1.0,,4.8,1.0,,5.2,1.0,,5.3,1.0,,4.9,0.8,,4.8,0.8,,4.3,0.8,,4.3,0.9,,4.1,0.9,,4.1,0.8,,4.5,0.9,,4.6,0.9,,5.3,0.9,,5.9,1.0,,6.3,0.9,,6.8,1.0,,7.0,1.0,,6.8,1.1,,6.5,1.1,,6.7,1.1,,6.5,1.0,,6.7,1.1,,7.0,1.1,,6.8,1.1,,6.9,1.2,,6.5,1.2,,6.6,1.2,,6.4,1.2,,7.0,1.3,,7.4,1.4,,7.1,1.4,,6.8,1.2,,6.3,1.1,,6.0,1.1,,5.6,1.0,,5.5,1.1,,5.0,1.0,,5.4,1.0,,5.5,1.0,,5.4,1.0,,5.3,1.0,,4.3,0.8,,4.2,0.9,,3.7,1.0,,3.8,0.9,,3.6,0.9,,3.2,0.9,,3.6,0.8,,3.3,0.8,,3.9,0.9,,4.0,1.0,,3.8,1.0,,3.8,1.0,,2.9,0.8,,2.6,0.7,,2.5,0.7,,2.8,0.7,,3.4,0.8,,4.0,0.9,,4.3,0.9,,4.4,1.0,,3.9,0.9,,3.6,0.8
Clackmannanshire,S12000005,,10.7,3.1,,9.4,2.8,,8.8,2.7,,8.2,2.7,,7.4,2.4,,8.0,2.3,,7.9,2.4,,6.3,1.3,,6.0,1.3,,5.6,1.2,,5.5,1.2,,5.8,1.2,,5.6,1.2,,6.0,1.5,,5.8,1.5,,5.5,1.4,,5.4,1.3,,5.2,1.2,,5.3,1.1,,5.6,1.2,,5.5,1.3,,5.2,1.3,,5.0,1.3,,4.9,1.2,,5.4,1.3,,6.1,1.4,,7.0,1.6,,7.9,1.6,,8.3,1.6,,7.9,1.5,,7.9,1.5,,7.7,1.5,,7.5,1.6,,8.3,1.6,,8.6,1.7,,9.7,2.0,,10.1,2.2,,10.2,2.3,,10.1,2.3,,9.6,2.4,,9.8,2.4,,9.2,2.2,,9.8,2.3,,9.5,2.3,,9.5,2.3,,9.3,2.1,,9.3,2.1,,8.3,1.9,,7.9,1.7,,7.5,1.7,,6.4,1.4,,6.2,1.3,,5.8,1.2,,5.6,1.2,,5.5,1.1,,5.4,1.1,,5.6,1.2,,6.0,1.5,,5.5,1.3,,4.9,1.3,,4.7,1.3,,4.5,1.0,,4.9,1.1,,4.9,1.2,,4.5,1.2,,4.3,1.2,,3.9,1.2,,4.0,1.2,,3.3,0.9,,3.6,1.0,,3.8,1.1,,4.0,1.1,,4.7,1.3,,4.8,1.3,,4.9,1.4,,4.4,1.3,,3.8,1.1
Dumfries and Galloway,S12000006,,7.6,1.5,,7.2,1.6,,6.3,1.5,,6.8,1.6,,6.4,1.4,,6.1,1.4,,5.8,1.4,,4.8,0.8,,4.1,0.8,,4.1,0.8,,4.2,0.8,,4.1,0.7,,4.2,0.7,,4.1,0.9,,4.4,0.9,,4.5,0.9,,4.4,0.9,,4.4,0.8,,4.2,0.7,,4.4,0.8,,4.1,0.8,,4.1,0.8,,4.0,0.8,,3.9,0.8,,4.6,0.9,,4.9,0.9,,5.4,1.0,,5.7,1.0,,5.5,0.9,,5.6,0.9,,6.0,0.9,,5.8,0.9,,5.9,1.1,,6.5,1.1,,6.8,1.2,,7.3,1.2,,7.9,1.3,,8.0,1.3,,7.8,1.3,,8.1,1.4,,8.2,1.5,,7.8,1.4,,7.9,1.4,,7.7,1.4,,7.4,1.3,,6.7,1.2,,6.3,1.1,,5.7,1.0,,5.7,1.0,,5.7,1.0,,5.2,1.0,,5.1,0.9,,4.6,0.9,,4.5,0.8,,4.4,0.7,,4.0,0.7,,4.1,0.8,,3.6,0.9,,3.6,0.8,,3.3,0.8,,2.8,0.8,,3.2,0.7,,3.1,0.7,,3.3,0.8,,3.0,0.9,,3.0,0.9,,3.2,0.9,,3.2,0.9,,3.2,0.8,,2.7,0.8,,2.7,0.8,,3.3,0.8,,4.0,1.0,,4.7,1.0,,4.5,1.0,,3.9,0.9,,3.7,0.8
Dundee City,S12000042,,11.0,2.1,,9.3,2.0,,8.9,2.0,,10.8,2.4,,9.4,1.9,,9.1,1.9,,9.5,2.1,,8.2,1.2,,8.5,1.3,,7.9,1.3,,6.9,1.1,,7.1,1.1,,7.1,1.1,,7.3,1.3,,7.4,1.4,,7.3,1.4,,6.9,1.3,,7.0,1.2,,7.0,1.1,,6.9,1.1,,6.6,1.2,,6.5,1.1,,6.3,1.2,,6.2,1.1,,6.4,1.1,,7.3,1.2,,8.1,1.3,,8.5,1.3,,9.0,1.3,,9.4,1.3,,9.3,1.3,,9.3,1.3,,9.2,1.5,,9.0,1.4,,8.8,1.4,,9.6,1.5,,9.9,1.5,,10.1,1.6,,10.4,1.6,,10.3,1.7,,10.7,1.7,,10.5,1.7,,11.2,1.8,,11.2,1.9,,11.5,1.9,,11.6,1.8,,10.7,1.7,,10.0,1.6,,9.3,1.5,,8.6,1.5,,8.4,1.5,,8.6,1.5,,8.7,1.5,,8.6,1.5,,8.1,1.3,,7.3,1.3,,6.8,1.3,,5.7,1.3,,6.1,1.2,,5.3,1.2,,4.9,1.2,,6.1,1.2,,6.0,1.2,,6.2,1.3,,6.5,1.4,,5.8,1.3,,6.4,1.4,,6.1,1.3,,5.4,1.2,,5.1,1.2,,4.3,1.0,,4.8,1.1,,5.4,1.2,,5.4,1.2,,5.3,1.2,,4.9,1.1,,4.9,1.1
East Ayrshire,S12000008,,11.8,2.4,,11.5,2.4,,13.2,2.8,,10.9,2.4,,8.2,1.7,,8.9,1.9,,8.4,1.9,,7.4,1.2,,6.5,1.1,,6.4,1.1,,6.8,1.1,,7.3,1.1,,7.0,1.1,,7.1,1.3,,6.7,1.3,,6.6,1.3,,6.3,1.2,,6.2,1.1,,6.3,1.0,,6.2,1.0,,6.2,1.1,,6.0,1.1,,5.5,1.0,,5.7,1.0,,6.0,1.1,,7.2,1.2,,7.9,1.3,,8.9,1.3,,9.7,1.3,,9.5,1.3,,9.6,1.3,,9.2,1.3,,9.0,1.4,,9.3,1.4,,9.9,1.4,,10.5,1.5,,10.8,1.6,,11.0,1.6,,11.0,1.7,,11.0,1.8,,11.2,1.8,,10.7,1.7,,10.9,1.8,,10.8,1.8,,11.3,1.9,,10.8,1.7,,10.4,1.7,,9.4,1.5,,8.7,1.4,,8.8,1.5,,7.8,1.4,,8.0,1.4,,7.6,1.3,,7.2,1.3,,7.0,1.2,,6.8,1.2,,6.4,1.2,,6.1,1.4,,5.9,1.2,,5.4,1.2,,5.7,1.4,,5.3,1.1,,5.6,1.2,,6.0,1.3,,5.8,1.3,,5.5,1.4,,5.9,1.4,,5.1,1.3,,4.5,1.1,,4.6,1.1,,4.3,1.1,,4.4,1.0,,5.2,1.1,,5.1,1.1,,5.0,1.1,,4.7,1.0,,4.0,0.9
East Dunbartonshire,S12000045,,5.5,1.3,,5.3,1.3,,4.9,1.2,,4.4,1.2,,4.8,1.2,,4.6,1.1,,5.1,1.3,,3.8,0.7,,3.3,0.7,,3.4,0.7,,3.4,0.7,,3.8,0.7,,3.7,0.6,,3.5,0.8,,3.5,0.8,,3.7,0.8,,3.8,0.8,,3.7,0.7,,3.6,0.6,,3.3,0.6,,3.1,0.6,,3.1,0.7,,3.1,0.7,,3.5,0.7,,3.9,0.8,,4.3,0.8,,5.1,0.9,,5.6,1.0,,5.9,0.9,,6.2,1.0,,6.1,1.0,,6.0,1.0,,6.1,1.1,,6.1,1.1,,5.9,1.0,,6.1,1.0,,6.0,1.0,,6.1,1.1,,6.3,1.2,,6.2,1.2,,6.1,1.2,,5.3,1.1,,5.1,1.1,,4.9,1.1,,4.9,1.1,,4.9,1.0,,5.0,1.0,,4.9,1.0,,4.6,0.9,,4.9,1.0,,4.9,1.0,,4.6,0.9,,4.4,0.9,,4.0,0.8,,3.8,0.7,,3.5,0.7,,3.5,0.7,,3.2,0.8,,3.4,0.8,,3.4,0.8,,3.4,0.9,,3.5,0.8,,3.3,0.7,,3.4,0.8,,3.1,0.8,,2.9,0.8,,2.9,0.8,,2.9,0.7,,2.6,0.6,,2.3,0.6,,2.3,0.6,,2.7,0.7,,3.2,0.8,,3.7,0.8,,3.8,0.9,,3.3,0.7,,3.3,0.8
East Lothian,S12000010,,6.3,1.5,,5.5,1.4,,5.2,1.4,,4.6,1.2,,4.6,1.1,,4.6,1.2,,4.8,1.3,,4.0,0.8,,4.1,0.8,,3.8,0.8,,3.7,0.7,,3.7,0.7,,3.7,0.7,,3.6,0.8,,3.6,0.9,,3.4,0.8,,3.4,0.8,,3.6,0.7,,3.6,0.6,,3.8,0.7,,3.4,0.7,,3.3,0.7,,3.1,0.7,,3.2,0.7,,3.5,0.7,,3.7,0.7,,4.1,0.8,,4.8,0.8,,5.2,0.8,,5.8,0.9,,6.2,1.0,,6.5,1.0,,6.9,1.2,,6.9,1.2,,7.0,1.2,,7.0,1.2,,7.3,1.2,,7.1,1.3,,6.9,1.3,,6.9,1.4,,6.4,1.3,,6.4,1.3,,6.3,1.3,,6.1,1.3,,6.1,1.3,,6.1,1.2,,6.0,1.1,,5.6,1.1,,5.5,1.0,,5.0,1.0,,4.9,1.0,,5.1,1.0,,5.0,1.0,,5.1,1.0,,4.6,0.8,,4.4,0.8,,4.3,0.9,,4.0,1.0,,4.1,0.9,,3.8,0.9,,4.2,1.1,,4.0,0.8,,4.2,0.9,,4.1,0.9,,3.4,0.9,,3.6,1.0,,3.1,0.9,,3.0,0.8,,2.7,0.7,,2.5,0.7,,2.7,0.8,,3.4,0.8,,4.1,1.0,,4.1,0.9,,4.0,1.0,,3.4,0.8,,3.0,0.7
East Renfrewshire,S12000011,,5.4,1.3,,4.4,1.2,,4.5,1.3,,4.4,1.2,,4.4,1.1,,4.8,1.2,,4.7,1.2,,4.0,0.8,,3.7,0.7,,3.4,0.7,,3.5,0.7,,3.7,0.7,,3.6,0.7,,3.7,0.9,,3.7,0.9,,3.5,0.9,,3.6,0.8,,3.7,0.7,,3.5,0.6,,3.3,0.6,,3.3,0.7,,3.2,0.7,,3.3,0.7,,3.3,0.7,,3.5,0.7,,3.8,0.7,,4.3,0.8,,5.0,0.9,,5.5,0.9,,6.0,0.9,,6.1,0.9,,6.3,1.0,,6.0,1.1,,5.5,1.0,,5.6,1.0,,5.3,0.9,,5.7,1.0,,5.9,1.1,,5.8,1.1,,6.0,1.2,,5.8,1.2,,5.6,1.1,,5.8,1.2,,6.1,1.3,,6.3,1.3,,5.8,1.1,,5.4,1.0,,4.7,0.9,,4.6,0.9,,4.9,1.0,,4.7,0.9,,4.8,0.9,,4.3,0.9,,3.9,0.8,,3.7,0.7,,3.3,0.7,,3.5,0.7,,3.3,0.9,,3.4,0.8,,3.2,0.9,,3.0,0.9,,3.1,0.7,,3.0,0.7,,3.4,0.8,,3.4,0.9,,3.5,0.9,,3.3,0.9,,3.1,0.8,,2.7,0.7,,2.4,0.7,,2.7,0.8,,2.9,0.8,,3.5,0.9,,4.0,0.9,,4.2,1.0,,3.8,0.9,,3.6,0.9
Falkirk,S12000014,,8.0,1.6,,7.5,1.6,,7.8,1.8,,6.8,1.6,,6.2,1.2,,7.7,1.5,,7.4,1.6,,5.3,0.9,,5.1,0.9,,5.1,1.0,,5.0,0.9,,5.2,0.9,,5.2,0.9,,5.5,1.1,,5.6,1.2,,5.7,1.2,,5.4,1.1,,5.0,0.9,,4.8,0.8,,4.7,0.8,,4.6,0.9,,4.4,0.9,,4.1,0.8,,4.2,0.8,,4.4,0.8,,5.2,0.9,,5.9,1.0,,6.7,1.1,,7.2,1.1,,7.3,1.0,,7.5,1.1,,7.3,1.1,,7.8,1.3,,7.9,1.2,,8.0,1.2,,8.5,1.3,,8.6,1.3,,8.6,1.3,,8.8,1.4,,8.5,1.4,,8.0,1.4,,8.0,1.4,,7.8,1.4,,7.9,1.4,,7.6,1.4,,7.6,1.3,,7.2,1.2,,6.5,1.1,,6.5,1.1,,6.4,1.1,,6.3,1.1,,6.1,1.1,,5.8,1.0,,5.3,0.9,,4.9,0.8,,4.6,0.8,,4.5,0.9,,4.6,1.0,,4.6,1.0,,4.5,1.0,,4.3,1.1,,4.1,0.8,,4.2,0.9,,3.9,0.9,,3.8,0.9,,3.8,1.0,,3.7,1.0,,4.2,1.0,,3.7,0.9,,3.7,0.9,,3.6,1.0,,3.8,0.9,,4.4,1.0,,4.2,0.9,,4.3,1.0,,3.9,0.9,,3.5,0.8
Fife,S12000015,,9.4,1.5,,8.3,1.4,,8.7,1.5,,7.9,1.4,,6.5,1.1,,8.0,1.3,,7.8,1.3,,6.0,0.9,,5.5,1.0,,5.2,1.0,,5.3,1.0,,5.5,1.0,,5.6,0.9,,5.9,1.2,,6.0,1.2,,5.8,1.2,,5.8,1.1,,6.0,1.1,,5.8,0.9,,5.8,0.9,,5.6,1.0,,5.3,1.0,,5.0,1.0,,5.1,1.0,,5.7,1.1,,6.0,1.1,,6.8,1.2,,7.7,1.2,,8.0,1.2,,8.1,1.2,,8.2,1.2,,8.1,1.2,,8.6,1.4,,9.1,1.3,,9.0,1.3,,9.2,1.3,,9.0,1.3,,8.8,1.4,,8.9,1.4,,9.2,1.5,,9.1,1.5,,9.1,1.6,,9.3,1.6,,8.9,1.6,,8.9,1.6,,8.1,1.4,,7.5,1.3,,6.8,1.2,,6.5,1.1,,6.6,1.2,,6.3,1.1,,6.5,1.2,,6.5,1.2,,6.1,1.1,,5.8,1.0,,5.3,1.0,,4.9,1.0,,4.7,1.1,,4.8,1.1,,4.3,1.1,,4.0,1.1,,4.2,0.9,,4.2,0.9,,4.3,1.0,,4.5,1.1,,4.6,1.2,,4.6,1.2,,4.6,1.1,,4.1,1.0,,4.1,1.0,,4.0,1.0,,4.2,1.0,,4.9,1.1,,5.0,1.0,,5.1,1.1,,4.4,0.9,,4.1,0.9
Glasgow City,S12000046,,14.3,1.8,,12.7,1.7,,11.8,1.7,,13.2,1.8,,9.7,1.4,,10.3,1.5,,9.4,1.5,,8.1,1.3,,8.2,1.3,,7.9,1.3,,7.7,1.3,,8.4,1.3,,8.2,1.3,,8.6,1.5,,8.6,1.6,,8.0,1.5,,7.9,1.4,,8.0,1.3,,7.5,1.1,,7.4,1.1,,6.9,1.2,,6.7,1.1,,6.4,1.1,,6.6,1.1,,7.2,1.2,,8.1,1.2,,9.0,1.3,,9.8,1.3,,10.5,1.3,,11.2,1.4,,11.3,1.4,,11.7,1.5,,11.9,1.6,,11.3,1.5,,11.5,1.5,,11.5,1.5,,11.5,1.6,,11.4,1.6,,11.3,1.7,,11.6,1.8,,12.0,1.9,,11.9,1.9,,11.8,1.9,,10.8,1.9,,10.8,1.9,,10.0,1.7,,10.2,1.7,,9.5,1.6,,9.4,1.6,,9.9,1.7,,9.3,1.6,,9.2,1.5,,8.7,1.5,,8.4,1.5,,7.6,1.2,,6.8,1.2,,6.3,1.2,,5.6,1.3,,5.8,1.2,,6.2,1.3,,5.6,1.3,,5.8,1.1,,5.6,1.1,,5.5,1.1,,5.9,1.3,,5.5,1.3,,5.5,1.3,,5.2,1.1,,4.7,1.0,,4.6,1.1,,4.7,1.1,,4.7,1.1,,5.2,1.1,,5.6,1.2,,6.1,1.3,,5.5,1.1,,5.3,1.1
Highland,S12000017,,8.7,1.6,,7.1,1.4,,6.5,1.4,,6.0,1.3,,5.9,1.2,,5.9,1.2,,5.3,1.1,,4.6,0.8,,3.9,0.7,,3.6,0.7,,3.8,0.7,,4.0,0.8,,3.9,0.7,,4.1,0.9,,4.0,1.0,,3.9,0.9,,3.7,0.8,,3.6,0.8,,3.5,0.6,,3.5,0.7,,3.2,0.7,,3.1,0.7,,3.0,0.7,,3.0,0.6,,3.4,0.7,,3.5,0.7,,3.8,0.8,,4.2,0.8,,4.2,0.7,,4.4,0.7,,4.7,0.8,,4.6,0.8,,4.6,0.8,,5.0,0.8,,5.2,0.9,,5.2,0.9,,5.3,0.9,,5.0,0.9,,4.6,0.9,,5.0,1.0,,5.0,1.1,,5.2,1.1,,5.3,1.1,,5.3,1.2,,5.3,1.2,,5.0,1.0,,5.1,1.0,,4.5,0.9,,4.2,0.8,,4.2,0.9,,3.9,0.8,,3.8,0.8,,3.7,0.8,,3.9,0.8,,3.8,0.7,,3.6,0.7,,3.7,0.8,,3.2,0.8,,3.6,0.8,,3.5,0.9,,3.4,0.9,,3.6,0.8,,3.3,0.8,,3.3,0.9,,3.0,0.9,,2.9,0.9,,3.0,0.9,,2.8,0.9,,2.8,0.8,,2.1,0.6,,2.3,0.7,,2.6,0.7,,3.1,0.8,,3.8,0.9,,3.7,0.9,,3.4,0.8,,3.4,0.9
Inverclyde,S12000018,,8.0,1.9,,7.6,1.8,,9.2,2.3,,7.7,2.0,,6.5,1.6,,8.0,2.1,,9.1,2.5,,8.1,1.3,,7.6,1.3,,7.2,1.3,,6.8,1.2,,7.1,1.2,,7.0,1.1,,7.0,1.4,,7.1,1.4,,6.9,1.4,,6.7,1.3,,6.9,1.2,,7.1,1.1,,7.2,1.1,,7.1,1.3,,6.4,1.2,,5.9,1.2,,5.9,1.1,,6.2,1.2,,7.2,1.3,,7.6,1.3,,8.9,1.5,,9.2,1.4,,8.8,1.3,,8.9,1.3,,8.4,1.3,,8.2,1.5,,8.6,1.4,,8.9,1.4,,10.0,1.5,,11.0,1.6,,11.6,1.7,,12.2,1.8,,11.6,1.9,,12.0,2.0,,11.1,1.9,,10.1,1.8,,9.7,1.8,,7.9,1.6,,8.1,1.4,,7.7,1.3,,7.5,1.3,,7.3,1.3,,7.3,1.4,,7.4,1.4,,7.6,1.4,,7.7,1.4,,7.1,1.3,,6.7,1.1,,6.1,1.1,,5.7,1.1,,5.3,1.2,,5.4,1.1,,5.4,1.2,,5.6,1.4,,5.9,1.2,,5.9,1.2,,5.2,1.2,,5.3,1.3,,5.0,1.3,,4.9,1.3,,5.2,1.3,,4.8,1.2,,4.7,1.2,,4.4,1.2,,4.5,1.1,,5.1,1.2,,4.8,1.0,,4.9,1.1,,4.2,0.9,,3.8,0.9
Midlothian,S12000019,,6.1,1.4,,5.3,1.3,,5.0,1.4,,5.2,1.4,,4.3,1.1,,4.2,1.2,,4.1,1.2,,4.2,0.8,,3.8,0.8,,3.8,0.8,,4.1,0.8,,4.4,0.8,,4.4,0.8,,4.8,1.1,,4.8,1.1,,4.7,1.1,,4.7,1.1,,4.6,0.9,,4.3,0.8,,4.2,0.8,,4.1,0.8,,3.9,0.8,,3.9,0.9,,3.9,0.8,,4.0,0.8,,4.6,0.9,,5.1,1.0,,6.1,1.1,,6.4,1.0,,6.5,1.1,,6.9,1.1,,6.8,1.1,,7.4,1.3,,7.8,1.3,,7.6,1.3,,7.7,1.3,,7.6,1.3,,7.3,1.4,,7.0,1.3,,6.9,1.4,,6.6,1.4,,6.1,1.3,,6.2,1.3,,6.3,1.4,,6.5,1.4,,6.8,1.3,,6.7,1.3,,6.1,1.2,,5.7,1.1,,5.4,1.1,,5.1,1.1,,5.1,1.1,,4.8,1.0,,4.9,1.0,,4.6,0.9,,4.1,0.9,,3.9,0.9,,3.5,1.0,,3.7,0.9,,3.4,0.9,,3.2,0.9,,3.6,0.8,,3.5,0.8,,3.6,0.9,,3.7,1.0,,3.5,1.0,,3.5,1.0,,3.2,0.9,,2.7,0.7,,2.4,0.7,,2.5,0.7,,2.9,0.7,,3.6,0.9,,4.0,0.9,,3.7,0.9,,3.4,0.8,,2.9,0.7
Moray,S12000020,,6.4,1.5,,5.8,1.5,,5.8,1.5,,5.4,1.4,,4.8,1.2,,4.5,1.1,,4.6,1.2,,4.6,0.9,,3.8,0.8,,3.6,0.7,,3.7,0.7,,3.8,0.7,,4.0,0.7,,4.1,0.8,,4.3,0.9,,4.2,0.9,,4.0,0.8,,4.1,0.7,,3.9,0.6,,4.0,0.6,,3.4,0.7,,3.5,0.7,,3.4,0.7,,3.3,0.6,,3.7,0.7,,3.6,0.7,,4.0,0.8,,4.5,0.8,,4.4,0.7,,4.6,0.8,,4.7,0.8,,4.6,0.8,,4.6,0.9,,4.9,0.9,,4.9,0.9,,5.2,0.9,,5.3,0.9,,5.1,0.9,,5.1,1.0,,4.8,1.0,,4.8,1.0,,4.9,1.0,,4.7,0.9,,4.7,1.0,,4.8,1.0,,4.6,0.9,,4.7,0.9,,4.5,0.8,,4.5,0.8,,4.6,0.9,,4.5,0.9,,4.4,0.9,,4.0,0.8,,4.2,0.8,,4.1,0.8,,3.9,0.7,,4.1,0.8,,4.1,1.0,,4.1,0.9,,4.0,1.0,,3.8,1.0,,3.8,0.8,,3.6,0.8,,3.7,0.9,,3.7,1.0,,3.7,1.1,,3.8,1.1,,3.7,1.0,,3.2,0.8,,2.7,0.7,,2.8,0.8,,3.0,0.8,,3.7,0.9,,4.3,1.0,,4.2,1.0,,3.6,0.8,,3.5,0.8
Na h-Eileanan Siar,S12000013,,9.6,3.1,,8.5,2.8,,10.8,4.5,,9.9,4.6,,6.1,2.7,,6.6,3.1,,7.2,3.1,,5.3,1.3,,4.9,1.2,,4.9,1.3,,4.9,1.3,,4.9,1.2,,4.7,1.1,,5.1,1.4,,4.8,1.5,,4.9,1.4,,5.0,1.4,,4.6,1.2,,4.2,1.0,,4.4,1.1,,4.1,1.1,,4.2,1.1,,4.3,1.2,,4.0,1.1,,4.3,1.2,,4.7,1.3,,5.3,1.4,,5.7,1.5,,6.1,1.6,,5.9,1.6,,6.2,1.6,,6.5,1.7,,6.5,1.9,,6.9,1.9,,6.7,1.8,,6.9,2.0,,7.6,2.1,,6.7,1.8,,7.0,1.9,,6.5,1.7,,6.2,1.7,,6.8,1.8,,6.3,1.7,,6.7,1.8,,6.6,1.8,,5.9,1.5,,5.8,1.4,,5.3,1.4,,5.2,1.3,,5.6,1.5,,5.5,1.5,,5.2,1.3,,4.5,1.2,,4.4,1.1,,4.2,1.0,,4.0,1.0,,3.9,1.0,,3.8,1.1,,3.5,0.9,,3.2,1.0,,3.0,1.0,,2.9,0.7,,2.7,0.7,,2.6,0.8,,2.6,0.9,,2.5,0.9,,2.7,1.0,,2.6,0.9,,2.4,0.8,,2.0,0.6,,2.3,0.7,,2.6,0.7,,3.3,0.9,,3.7,0.9,,2.9,0.8,,3.3,0.9,,3.0,0.9
North Ayrshire,S12000021,,10.3,2.1,,10.4,2.1,,10.7,2.3,,9.0,2.1,,8.3,1.8,,9.4,2.0,,9.5,2.2,,8.6,1.2,,8.2,1.2,,7.5,1.2,,7.2,1.1,,7.3,1.1,,6.8,1.1,,7.5,1.3,,7.6,1.4,,7.9,1.4,,7.7,1.3,,7.3,1.2,,6.8,1.0,,6.6,1.0,,6.4,1.1,,6.5,1.1,,7.1,1.3,,6.9,1.2,,7.3,1.2,,8.1,1.3,,9.0,1.4,,10.2,1.5,,10.5,1.4,,10.8,1.4,,11.2,1.5,,11.6,1.5,,11.8,1.7,,12.0,1.7,,11.7,1.6,,12.2,1.7,,12.7,1.8,,12.9,1.8,,12.9,1.9,,11.9,1.9,,12.6,2.0,,12.2,2.0,,13.0,2.0,,13.4,2.1,,13.5,2.1,,11.7,1.8,,10.0,1.6,,8.9,1.4,,8.1,1.3,,9.0,1.5,,9.2,1.5,,9.7,1.6,,9.6,1.6,,8.6,1.5,,8.1,1.3,,7.9,1.4,,7.8,1.4,,8.1,1.7,,7.5,1.5,,6.8,1.5,,6.5,1.5,,5.7,1.1,,5.9,1.2,,5.8,1.3,,5.7,1.3,,5.8,1.4,,5.7,1.4,,6.0,1.4,,5.3,1.2,,5.0,1.2,,5.0,1.3,,4.7,1.1,,5.3,1.2,,5.8,1.3,,5.5,1.2,,5.3,1.2,,4.9,1.2
North Lanarkshire,S12000044,,10.9,1.7,,9.5,1.6,,9.3,1.6,,8.1,1.5,,8.2,1.4,,8.4,1.4,,8.0,1.5,,7.9,1.2,,6.2,1.0,,5.8,1.0,,6.2,1.0,,6.4,1.0,,6.2,1.0,,6.6,1.2,,6.5,1.2,,6.2,1.2,,5.8,1.1,,5.5,1.0,,5.4,0.8,,5.5,0.9,,5.4,1.0,,5.2,1.0,,5.1,1.0,,5.3,1.0,,5.9,1.1,,6.6,1.1,,7.2,1.2,,8.0,1.2,,8.4,1.2,,9.3,1.3,,9.6,1.3,,9.8,1.4,,10.4,1.5,,9.7,1.4,,10.1,1.4,,10.3,1.4,,10.5,1.5,,10.5,1.5,,11.1,1.6,,11.1,1.6,,11.3,1.7,,11.3,1.7,,10.0,1.6,,10.5,1.7,,10.2,1.6,,9.4,1.4,,9.1,1.4,,8.1,1.3,,7.6,1.2,,7.5,1.3,,7.4,1.3,,7.4,1.2,,7.1,1.2,,6.4,1.1,,5.8,0.9,,5.2,0.9,,4.8,0.9,,4.7,1.1,,4.9,1.0,,4.7,1.1,,4.6,1.2,,4.4,0.9,,4.3,0.9,,4.3,1.0,,4.4,1.1,,4.4,1.1,,4.0,1.0,,4.6,1.1,,4.1,1.0,,4.0,1.0,,4.7,1.2,,4.5,1.0,,5.4,1.2,,5.7,1.2,,5.4,1.2,,4.8,1.0,,4.1,0.9
Orkney Islands,S12000023,,5.3,2.0,,4.4,1.7,,3.7,1.5,,3.9,1.5,,3.9,1.6,,4.6,2.5,,3.4,1.5,,3.4,0.8,,3.0,0.8,,3.0,0.8,,3.0,0.8,,3.0,0.8,,3.0,0.8,,2.8,0.9,,2.9,1.0,,3.0,1.0,,3.2,1.0,,3.3,0.9,,3.0,0.8,,3.0,0.8,,2.6,0.8,,2.5,0.8,,2.6,0.8,,2.2,0.7,,2.6,0.7,,2.4,0.7,,2.4,0.7,,2.5,0.7,,2.3,0.6,,2.5,0.7,,2.7,0.7,,3.0,0.8,,3.3,0.9,,3.7,1.0,,3.9,1.0,,4.0,1.1,,4.3,1.1,,4.0,1.1,,4.1,1.2,,4.2,1.3,,3.8,1.2,,3.4,1.2,,3.2,1.1,,3.2,1.1,,3.3,1.2,,3.4,1.1,,3.5,1.1,,3.1,1.0,,2.8,0.9,,2.6,0.9,,2.5,0.8,,2.6,0.9,,2.4,0.9,,2.8,1.0,,2.8,1.0,,2.4,0.9,,2.6,1.0,,2.3,0.9,,2.5,0.9,,2.3,0.9,,2.1,0.9,,2.0,0.7,,1.7,0.7,,1.8,0.7,,1.8,0.8,,2.0,0.9,,2.1,0.9,,2.0,0.8,,1.9,0.8,,1.4,0.6,,1.8,0.8,,2.2,0.9,,2.6,1.1,,3.1,1.3,,3.8,1.8,,3.4,1.7,,3.1,1.6
Perth and Kinross,S12000024,,5.7,1.2,,5.5,1.3,,5.7,1.5,,4.8,1.3,,4.6,1.1,,4.2,1.0,,4.2,1.0,,3.7,0.7,,3.5,0.7,,3.7,0.7,,3.8,0.7,,3.7,0.7,,3.6,0.7,,3.4,0.8,,3.7,0.8,,3.8,0.8,,3.8,0.8,,3.8,0.7,,3.4,0.6,,3.5,0.6,,3.4,0.7,,3.2,0.6,,3.1,0.7,,3.0,0.6,,3.5,0.7,,3.6,0.7,,3.8,0.7,,4.0,0.7,,4.1,0.7,,4.5,0.7,,5.1,0.8,,5.1,0.8,,5.3,1.0,,5.3,0.9,,5.1,0.9,,5.4,0.9,,5.6,0.9,,5.8,1.0,,6.1,1.1,,6.2,1.1,,6.0,1.1,,5.9,1.1,,5.3,1.1,,5.8,1.2,,5.6,1.1,,5.0,0.9,,5.0,0.9,,4.4,0.8,,4.4,0.8,,4.3,0.9,,4.1,0.9,,4.1,0.8,,3.7,0.8,,3.7,0.8,,3.6,0.7,,3.2,0.7,,3.4,0.7,,3.2,0.8,,3.2,0.8,,3.2,0.8,,2.9,0.8,,3.1,0.7,,2.8,0.7,,3.0,0.8,,3.1,0.9,,2.9,0.8,,2.8,0.8,,2.7,0.8,,2.3,0.6,,2.3,0.6,,2.6,0.7,,3.0,0.8,,3.8,0.9,,4.3,0.9,,4.3,1.0,,3.4,0.8,,3.0,0.7
Renfrewshire,S12000038,,9.4,1.8,,7.7,1.5,,8.3,1.7,,7.1,1.5,,5.9,1.2,,6.6,1.3,,6.6,1.4,,5.9,1.0,,5.2,0.9,,5.0,0.9,,5.3,0.9,,5.4,0.9,,5.4,0.9,,5.3,1.1,,5.2,1.1,,4.7,1.0,,4.7,1.0,,4.9,0.9,,4.8,0.8,,5.2,0.8,,5.1,0.9,,4.9,0.9,,4.9,0.9,,5.0,0.9,,5.5,0.9,,5.7,1.0,,6.4,1.1,,7.2,1.1,,7.7,1.1,,8.2,1.1,,8.7,1.2,,8.9,1.2,,8.8,1.4,,9.5,1.4,,9.5,1.4,,9.7,1.4,,9.9,1.5,,9.5,1.5,,9.4,1.5,,8.8,1.5,,8.9,1.6,,8.5,1.5,,8.4,1.5,,8.6,1.6,,8.0,1.5,,8.1,1.4,,8.0,1.3,,7.2,1.2,,6.9,1.2,,6.4,1.2,,6.0,1.1,,6.2,1.1,,6.1,1.1,,5.8,1.0,,5.6,0.9,,5.2,0.9,,4.9,0.9,,4.9,1.1,,4.8,1.0,,4.6,1.0,,4.3,1.1,,4.2,0.9,,4.5,1.0,,4.6,1.0,,4.7,1.1,,4.8,1.2,,4.3,1.1,,4.1,1.0,,3.7,0.9,,3.7,0.9,,3.6,0.9,,3.8,0.9,,4.3,1.0,,4.4,0.9,,4.6,1.0,,4.2,0.9,,3.5,0.8
Scottish Borders,S12000026,,5.2,1.3,,4.8,1.2,,5.3,1.4,,5.0,1.3,,4.1,1.0,,4.1,1.0,,4.8,1.2,,3.6,0.7,,3.2,0.6,,3.3,0.7,,3.6,0.7,,3.7,0.7,,3.7,0.7,,3.8,0.8,,4.1,0.9,,3.7,0.9,,3.8,0.8,,3.9,0.8,,3.5,0.6,,3.5,0.6,,3.1,0.6,,3.0,0.6,,3.0,0.7,,3.0,0.6,,3.6,0.7,,4.0,0.8,,4.6,0.9,,5.2,0.9,,5.1,0.8,,5.4,0.9,,5.8,0.9,,5.8,0.9,,6.1,1.1,,5.9,1.0,,5.8,1.0,,6.0,1.0,,6.1,1.0,,6.2,1.1,,6.0,1.1,,5.9,1.1,,5.9,1.1,,5.7,1.1,,5.5,1.1,,5.6,1.1,,5.2,1.1,,5.0,0.9,,4.9,0.9,,4.4,0.8,,4.5,0.8,,4.5,0.9,,4.4,0.9,,4.4,0.9,,4.1,0.8,,4.3,0.8,,4.3,0.8,,4.1,0.8,,4.3,0.9,,4.0,1.0,,3.6,0.8,,3.6,0.9,,3.4,0.9,,3.4,0.7,,3.1,0.7,,3.1,0.8,,3.2,0.9,,3.2,0.9,,3.6,1.0,,3.5,1.0,,3.0,0.8,,2.8,0.8,,2.6,0.8,,2.7,0.7,,3.4,0.8,,4.3,1.0,,4.5,1.1,,4.0,0.9,,4.1,1.0
Shetland Islands,S12000027,,5.0,1.8,,4.7,1.8,,4.5,1.6,,4.3,1.6,,3.9,1.5,,3.7,1.8,,3.7,1.5,,3.6,0.9,,3.1,0.8,,3.3,0.9,,3.5,0.9,,3.5,0.9,,3.5,0.9,,3.4,1.0,,3.6,1.1,,3.8,1.1,,3.8,1.1,,3.5,0.9,,3.0,0.7,,2.8,0.7,,2.6,0.7,,2.5,0.7,,2.4,0.7,,2.3,0.7,,2.4,0.7,,2.5,0.7,,2.5,0.7,,2.6,0.7,,2.7,0.7,,3.0,0.7,,3.3,0.8,,3.4,0.8,,3.5,0.9,,3.6,0.9,,3.5,0.9,,3.5,0.9,,3.6,0.9,,3.4,1.0,,3.3,1.0,,3.4,1.1,,3.4,1.2,,3.7,1.3,,3.4,1.2,,3.4,1.2,,3.2,1.1,,2.9,0.9,,3.2,1.0,,3.0,0.9,,3.0,1.0,,2.8,1.0,,2.6,1.0,,2.4,0.8,,2.3,0.8,,2.6,0.8,,2.6,0.8,,2.7,0.9,,2.8,1.0,,2.5,1.0,,2.6,0.9,,2.4,0.9,,2.2,1.0,,2.4,0.9,,2.0,0.8,,2.2,1.0,,2.1,1.1,,2.1,1.1,,2.2,1.1,,1.9,1.0,,2.2,1.2,,1.7,0.8,,1.9,0.9,,2.5,1.1,,2.6,1.2,,3.3,1.5,,4.1,2.0,,2.4,1.1,,2.5,1.3
South Ayrshire,S12000028,,9.5,2.0,,7.8,1.7,,8.6,2.0,,8.3,2.0,,7.1,1.6,,7.8,1.7,,7.0,1.7,,6.0,1.0,,6.0,1.0,,5.6,1.0,,5.9,1.0,,5.7,1.0,,5.6,0.9,,6.1,1.2,,6.0,1.2,,5.7,1.1,,5.5,1.1,,5.1,0.9,,5.0,0.8,,5.2,0.8,,4.9,0.9,,4.9,0.9,,5.0,1.0,,5.2,0.9,,5.2,0.9,,5.6,1.0,,6.2,1.0,,6.9,1.1,,7.5,1.1,,8.1,1.1,,8.3,1.2,,8.5,1.2,,8.8,1.4,,8.9,1.3,,8.9,1.3,,9.3,1.4,,9.8,1.5,,9.3,1.5,,9.0,1.5,,9.0,1.6,,9.2,1.6,,8.8,1.6,,8.4,1.5,,8.2,1.6,,7.5,1.5,,7.7,1.4,,7.6,1.4,,7.2,1.3,,6.9,1.2,,6.5,1.2,,6.4,1.2,,6.3,1.2,,6.0,1.1,,6.2,1.1,,5.7,1.0,,5.3,0.9,,5.0,1.0,,4.4,1.0,,4.7,1.0,,4.1,1.0,,4.3,1.1,,4.4,0.9,,4.5,1.0,,4.7,1.1,,4.3,1.1,,4.5,1.2,,3.9,1.1,,4.2,1.1,,3.7,1.0,,3.5,0.9,,3.9,1.0,,4.0,1.0,,4.9,1.1,,4.8,1.0,,4.9,1.1,,4.6,1.0,,4.1,1.0
South Lanarkshire,S12000029,,8.0,1.3,,7.8,1.4,,6.6,1.2,,6.9,1.3,,6.5,1.1,,6.5,1.1,,6.5,1.2,,5.9,0.9,,4.8,0.9,,5.1,0.9,,5.2,0.9,,5.4,0.9,,5.1,0.9,,4.7,1.0,,5.0,1.1,,4.6,1.0,,4.7,1.0,,4.7,0.9,,4.5,0.7,,4.5,0.7,,4.1,0.8,,4.0,0.8,,3.9,0.8,,4.0,0.8,,4.4,0.8,,4.9,0.9,,5.4,0.9,,6.5,1.0,,7.3,1.0,,7.7,1.1,,8.0,1.1,,7.8,1.1,,7.7,1.2,,7.8,1.2,,7.7,1.2,,8.0,1.2,,8.2,1.2,,8.2,1.3,,8.0,1.3,,7.4,1.3,,6.9,1.3,,7.1,1.3,,7.4,1.3,,8.3,1.5,,8.6,1.5,,7.9,1.3,,7.4,1.2,,6.8,1.1,,6.3,1.1,,6.0,1.1,,5.9,1.0,,5.8,1.0,,5.5,1.0,,5.5,1.0,,5.2,0.8,,4.8,0.8,,4.6,0.9,,4.2,0.9,,4.1,0.8,,3.8,0.9,,3.9,1.0,,4.0,0.8,,4.1,0.9,,4.1,0.9,,4.1,1.0,,4.0,1.0,,4.0,1.1,,3.7,1.0,,3.2,0.8,,3.0,0.8,,3.1,0.8,,3.3,0.8,,4.2,0.9,,4.6,1.0,,4.4,1.0,,4.1,0.9,,3.6,0.8
Stirling,S12000030,,6.7,1.7,,6.8,1.8,,6.9,1.9,,6.6,1.9,,5.9,1.6,,5.9,1.7,,6.5,1.8,,5.2,1.0,,4.5,0.9,,4.6,1.0,,4.5,0.9,,4.7,0.9,,4.4,0.8,,4.0,1.0,,4.2,1.1,,4.3,1.1,,4.5,1.0,,4.5,0.9,,4.3,0.8,,4.1,0.8,,3.9,0.8,,4.0,0.9,,4.1,1.0,,4.1,0.9,,4.6,1.0,,5.1,1.0,,5.8,1.1,,6.5,1.1,,7.0,1.1,,7.3,1.2,,7.2,1.2,,7.3,1.2,,7.1,1.3,,7.0,1.2,,7.1,1.2,,7.1,1.2,,7.1,1.3,,7.3,1.4,,7.3,1.4,,7.7,1.5,,8.2,1.7,,8.3,1.6,,8.1,1.6,,7.8,1.6,,7.5,1.6,,6.9,1.4,,6.7,1.3,,5.8,1.2,,5.3,1.1,,5.1,1.1,,5.1,1.1,,5.6,1.1,,5.3,1.1,,5.1,1.0,,4.7,0.9,,4.2,0.8,,4.3,0.9,,3.9,1.0,,4.2,1.0,,4.0,1.0,,3.8,1.0,,4.0,0.9,,3.8,0.9,,4.2,1.0,,3.9,1.0,,3.7,1.0,,4.1,1.0,,3.8,1.0,,3.8,1.0,,3.1,0.8,,2.7,0.7,,3.1,0.8,,3.5,0.9,,3.9,0.9,,4.4,1.1,,3.8,0.9,,3.7,0.9
West Dunbartonshire,S12000039,,12.4,2.8,,10.3,2.3,,9.2,2.3,,10.2,2.5,,8.5,1.9,,9.2,2.0,,8.0,1.9,,8.0,1.2,,6.9,1.1,,6.9,1.1,,6.9,1.1,,7.0,1.1,,6.9,1.1,,7.1,1.3,,7.6,1.4,,7.2,1.3,,6.5,1.2,,6.4,1.1,,6.2,0.9,,6.5,1.0,,6.3,1.1,,6.2,1.1,,6.1,1.1,,6.0,1.1,,6.8,1.2,,7.4,1.2,,8.0,1.3,,9.1,1.4,,9.6,1.3,,9.9,1.3,,10.1,1.4,,10.2,1.4,,10.4,1.6,,10.7,1.5,,10.7,1.5,,11.1,1.6,,11.1,1.6,,10.7,1.6,,11.3,1.7,,11.1,1.7,,11.3,1.8,,11.1,1.8,,10.8,1.7,,10.8,1.8,,10.8,1.8,,10.5,1.7,,10.3,1.6,,9.1,1.5,,8.4,1.4,,8.7,1.6,,8.0,1.4,,7.8,1.4,,7.8,1.4,,6.7,1.2,,6.3,1.1,,6.1,1.1,,5.9,1.1,,5.6,1.3,,5.7,1.2,,5.3,1.2,,4.8,1.2,,4.8,1.0,,4.9,1.0,,4.8,1.0,,4.6,1.1,,4.8,1.2,,4.7,1.2,,4.7,1.1,,4.4,1.0,,4.2,1.0,,4.4,1.0,,4.4,1.0,,5.0,1.1,,5.2,1.1,,5.1,1.2,,4.7,1.0,,4.3,1.0
West Lothian,S12000040,,6.7,1.3,,5.5,1.2,,6.3,1.4,,5.6,1.3,,5.2,1.1,,5.5,1.1,,5.7,1.2,,4.9,0.9,,4.3,0.8,,4.2,0.8,,4.3,0.8,,4.6,0.8,,4.7,0.8,,4.8,1.0,,5.0,1.1,,4.8,1.1,,4.8,1.0,,4.9,0.9,,4.7,0.8,,4.9,0.8,,4.8,0.9,,4.4,0.9,,4.2,0.9,,4.2,0.8,,4.7,0.9,,5.1,0.9,,5.7,1.0,,6.6,1.1,,7.1,1.1,,7.4,1.1,,7.6,1.1,,7.5,1.1,,7.1,1.2,,7.7,1.2,,7.6,1.2,,7.9,1.2,,8.2,1.3,,7.6,1.3,,6.9,1.2,,6.5,1.2,,6.6,1.3,,6.8,1.3,,7.7,1.4,,7.6,1.4,,7.5,1.4,,7.2,1.3,,6.8,1.2,,6.4,1.1,,5.6,1.0,,5.6,1.0,,5.6,1.0,,5.6,1.0,,5.6,1.0,,5.2,1.0,,4.7,0.8,,4.2,0.8,,4.3,0.9,,4.1,1.0,,4.2,0.9,,3.9,0.9,,3.4,0.9,,3.6,0.8,,3.7,0.8,,3.9,0.9,,4.0,1.0,,3.9,1.0,,3.3,0.9,,3.2,0.8,,2.9,0.7,,2.9,0.7,,3.0,0.8,,3.4,0.8,,4.0,0.9,,4.1,0.9,,4.3,1.0,,3.7,0.8,,3.3,0.8
,,,,,,,,,,,,,,,,,,,,,,,,,,,,,,,,,,,,,,,,,,,,,,,,,,,,,,,,,,,,,,,,,,,,,,,,,,,,,,,,,,,,,,,,,,,,,,,,,,,,,,,,,,,,,,,,,,,,,,,,,,,,,,,,,,,,,,,,,,,,,,,,,,,,,,,,,,,,,,,,,,,,,,,,,,,,,,,,,,,,,,,,,,,,,,,,,,,,,,,,,,,,,,,,,,,,,,,,,,,,,,,,,,,,,,,,
North Northamptonshire,E06000061,,,,,,,,,,,,,,,,,,,,,,,,,,,,,,,,,,,,,,,,,,,,,,,,,,,,,,,,,,,,,,,,,,,,,,,,,,,,,,,,,,,,,,,,,,,,,,,,,,,,,,,,,,,,,,,,,,,,,,,,,,,,,,,,,,,,,,,,,,,,,,,,,,,,,,,,,,,,,,,,,,,,,,,,,,,,,,,,,,,,,,,,,,,,,,,,,,,,,,,,,,,,,,,,,,,,,,,3.1,..,,3.4,..,,3.9,..,,4.0,..,,3.7,..,,3.7,..
West Northamptonshire,E06000062,,,,,,,,,,,,,,,,,,,,,,,,,,,,,,,,,,,,,,,,,,,,,,,,,,,,,,,,,,,,,,,,,,,,,,,,,,,,,,,,,,,,,,,,,,,,,,,,,,,,,,,,,,,,,,,,,,,,,,,,,,,,,,,,,,,,,,,,,,,,,,,,,,,,,,,,,,,,,,,,,,,,,,,,,,,,,,,,,,,,,,,,,,,,,,,,,,,,,,,,,,,,,,,,,,,,,,,3.6,..,,3.7,..,,3.9,..,,3.9,..,,3.6,..,,3.6,..
,,,,,,,,,,,,,,,,,,,,,,,,,,,,,,,,,,,,,,,,,,,,,,,,,,,,,,,,,,,,,,,,,,,,,,,,,,,,,,,,,,,,,,,,,,,,,,,,,,,,,,,,,,,,,,,,,,,,,,,,,,,,,,,,,,,,,,,,,,,,,,,,,,,,,,,,,,,,,,,,,,,,,,,,,,,,,,,,,,,,,,,,,,,,,,,,,,,,,,,,,,,,,,,,,,,,,,,,,,,,,,,,,,,,,,,,
: not available,,,,,,,,,,,,,,,,,,,,,,,,,,,,,,,,,,,,,,,,,,,,,,,,,,,,,,,,,,,,,,,,,,,,,,,,,,,,,,,,,,,,,,,,,,,,,,,,,,,,,,,,,,,,,,,,,,,,,,,,,,,,,,,,,,,,,,,,,,,,,,,,,,,,,,,,,,,,,,,,,,,,,,,,,,,,,,,,,,,,,,,,,,,,,,,,,,,,,,,,,,,,,,,,,,,,,,,,,,,,,,,,,,,,,,,,
,,,,,,,,,,,,,,,,,,,,,,,,,,,,,,,,,,,,,,,,,,,,,,,,,,,,,,,,,,,,,,,,,,,,,,,,,,,,,,,,,,,,,,,,,,,,,,,,,,,,,,,,,,,,,,,,,,,,,,,,,,,,,,,,,,,,,,,,,,,,,,,,,,,,,,,,,,,,,,,,,,,,,,,,,,,,,,,,,,,,,,,,,,,,,,,,,,,,,,,,,,,,,,,,,,,,,,,,,,,,,,,,,,,,,,,,
1. The figures are based on a model which utilises Annual Population Survey estimates of unemployment along with the Claimant Count averaged over 12 months. A user guide provides further information.,,,,,,,,,,,,,,,,,,,,,,,,,,,,,,,,,,,,,,,,,,,,,,,,,,,,,,,,,,,,,,,,,,,,,,,,,,,,,,,,,,,,,,,,,,,,,,,,,,,,,,,,,,,,,,,,,,,,,,,,,,,,,,,,,,,,,,,,,,,,,,,,,,,,,,,,,,,,,,,,,,,,,,,,,,,,,,,,,,,,,,,,,,,,,,,,,,,,,,,,,,,,,,,,,,,,,,,,,,,,,,,,,,,,,,,,
"2. These figures represent '95% confidence intervals'. If a large number of samples were taken, and a 95% confidence interval was calculated for each sample, it is expected that in 95% of samples the range would contain the true value.",,,,,,,,,,,,,,,,,,,,,,,,,,,,,,,,,,,,,,,,,,,,,,,,,,,,,,,,,,,,,,,,,,,,,,,,,,,,,,,,,,,,,,,,,,,,,,,,,,,,,,,,,,,,,,,,,,,,,,,,,,,,,,,,,,,,,,,,,,,,,,,,,,,,,,,,,,,,,,,,,,,,,,,,,,,,,,,,,,,,,,,,,,,,,,,,,,,,,,,,,,,,,,,,,,,,,,,,,,,,,,,,,,,,,,,,
Estimates of unemployment rates help in monitoring progress towards global indicator 8.5.2 of the UN's Sustainable Development Goals,,,,,,,,,,,,,,,,,,,,,,,,,,,,,,,,,,,,,,,,,,,,,,,,,,,,,,,,,,,,,,,,,,,,,,,,,,,,,,,,,,,,,,,,,,,,,,,,,,,,,,,,,,,,,,,,,,,,,,,,,,,,,,,,,,,,,,,,,,,,,,,,,,,,,,,,,,,,,,,,,,,,,,,,,,,,,,,,,,,,,,,,,,,,,,,,,,,,,,,,,,,,,,,,,,,,,,,,,,,,,,,,,,,,,,,,
,,,,,,,,,,,,,,,,,,,,,,,,,,,,,,,,,,,,,,,,,,,,,,,,,,,,,,,,,,,,,,,,,,,,,,,,,,,,,,,,,,,,,,,,,,,,,,,,,,,,,,,,,,,,,,,,,,,,,,,,,,,,,,,,,,,,,,,,,,,,,,,,,,,,,,,,,,,,,,,,,,,,,,,,,,,,,,,,,,,,,,,,,,,,,,,,,,,,,,,,,,,,,,,,,,,,,,,,,,,,,,,,,,,,,,,,
,,,,,,,,,,,,,,,,,,,,,,,,,,,,,,,,,,,,,,,,,,,,,,,,,,,,,,,,,,,,,,,,,,,,,,,,,,,,,,,,,,,,,,,,,,,,,,,,,,,,,,,,,,,,,,,,,,,,,,,,,,,,,,,,,,,,,,,,,,,,,,,,,,,,,,,,,,,,,,,,,,,,,,,,,,,,,,,,,,,,,,,,,,,,,,,,,,,,,,,,,,,,,,,,,,,,,,,,,,,,,,,,,,,,,,,,
,,,,,,,,,,,,,,,,,,,,,,,,,,,,,,,,,,,,,,,,,,,,,,,,,,,,,,,,,,,,,,,,,,,,,,,,,,,,,,,,,,,,,,,,,,,,,,,,,,,,,,,,,,,,,,,,,,,,,,,,,,,,,,,,,,,,,,,,,,,,,,,,,,,,,,,,,,,,,,,,,,,,,,,,,,,,,,,,,,,,,,,,,,,,,,,,,,,,,,,,,,,,,,,,,,,,,,,,,,,,,,,,,,,,,,,,
,,,,,,,,,,,,,,,,,,,,,,,,,,,,,,,,,,,,,,,,,,,,,,,,,,,,,,,,,,,,,,,,,,,,,,,,,,,,,,,,,,,,,,,,,,,,,,,,,,,,,,,,,,,,,,,,,,,,,,,,,,,,,,,,,,,,,,,,,,,,,,,,,,,,,,,,,,,,,,,,,,,,,,,,,,,,,,,,,,,,,,,,,,,,,,,,,,,,,,,,,,,,,,,,,,,,,,,,,,,,,,,,,,,,,,,,
,,,,,,,,,,,,,,,,,,,,,,,,,,,,,,,,,,,,,,,,,,,,,,,,,,,,,,,,,,,,,,,,,,,,,,,,,,,,,,,,,,,,,,,,,,,,,,,,,,,,,,,,,,,,,,,,,,,,,,,,,,,,,,,,,,,,,,,,,,,,,,,,,,,,,,,,,,,,,,,,,,,,,,,,,,,,,,,,,,,,,,,,,,,,,,,,,,,,,,,,,,,,,,,,,,,,,,,,,,,,,,,,,,,,,,,,
,,,,,,,,,,,,,,,,,,,,,,,,,,,,,,,,,,,,,,,,,,,,,,,,,,,,,,,,,,,,,,,,,,,,,,,,,,,,,,,,,,,,,,,,,,,,,,,,,,,,,,,,,,,,,,,,,,,,,,,,,,,,,,,,,,,,,,,,,,,,,,,,,,,,,,,,,,,,,,,,,,,,,,,,,,,,,,,,,,,,,,,,,,,,,,,,,,,,,,,,,,,,,,,,,,,,,,,,,,,,,,,,,,,,,,,,
,,,,,,,,,,,,,,,,,,,,,,,,,,,,,,,,,,,,,,,,,,,,,,,,,,,,,,,,,,,,,,,,,,,,,,,,,,,,,,,,,,,,,,,,,,,,,,,,,,,,,,,,,,,,,,,,,,,,,,,,,,,,,,,,,,,,,,,,,,,,,,,,,,,,,,,,,,,,,,,,,,,,,,,,,,,,,,,,,,,,,,,,,,,,,,,,,,,,,,,,,,,,,,,,,,,,,,,,,,,,,,,,,,,,,,,,
,,,,,,,,,,,,,,,,,,,,,,,,,,,,,,,,,,,,,,,,,,,,,,,,,,,,,,,,,,,,,,,,,,,,,,,,,,,,,,,,,,,,,,,,,,,,,,,,,,,,,,,,,,,,,,,,,,,,,,,,,,,,,,,,,,,,,,,,,,,,,,,,,,,,,,,,,,,,,,,,,,,,,,,,,,,,,,,,,,,,,,,,,,,,,,,,,,,,,,,,,,,,,,,,,,,,,,,,,,,,,,,,,,,,,,,,
,,,,,,,,,,,,,,,,,,,,,,,,,,,,,,,,,,,,,,,,,,,,,,,,,,,,,,,,,,,,,,,,,,,,,,,,,,,,,,,,,,,,,,,,,,,,,,,,,,,,,,,,,,,,,,,,,,,,,,,,,,,,,,,,,,,,,,,,,,,,,,,,,,,,,,,,,,,,,,,,,,,,,,,,,,,,,,,,,,,,,,,,,,,,,,,,,,,,,,,,,,,,,,,,,,,,,,,,,,,,,,,,,,,,,,,,
,,,,,,,,,,,,,,,,,,,,,,,,,,,,,,,,,,,,,,,,,,,,,,,,,,,,,,,,,,,,,,,,,,,,,,,,,,,,,,,,,,,,,,,,,,,,,,,,,,,,,,,,,,,,,,,,,,,,,,,,,,,,,,,,,,,,,,,,,,,,,,,,,,,,,,,,,,,,,,,,,,,,,,,,,,,,,,,,,,,,,,,,,,,,,,,,,,,,,,,,,,,,,,,,,,,,,,,,,,,,,,,,,,,,,,,,
,,,,,,,,,,,,,,,,,,,,,,,,,,,,,,,,,,,,,,,,,,,,,,,,,,,,,,,,,,,,,,,,,,,,,,,,,,,,,,,,,,,,,,,,,,,,,,,,,,,,,,,,,,,,,,,,,,,,,,,,,,,,,,,,,,,,,,,,,,,,,,,,,,,,,,,,,,,,,,,,,,,,,,,,,,,,,,,,,,,,,,,,,,,,,,,,,,,,,,,,,,,,,,,,,,,,,,,,,,,,,,,,,,,,,,,,
,,,,,,,,,,,,,,,,,,,,,,,,,,,,,,,,,,,,,,,,,,,,,,,,,,,,,,,,,,,,,,,,,,,,,,,,,,,,,,,,,,,,,,,,,,,,,,,,,,,,,,,,,,,,,,,,,,,,,,,,,,,,,,,,,,,,,,,,,,,,,,,,,,,,,,,,,,,,,,,,,,,,,,,,,,,,,,,,,,,,,,,,,,,,,,,,,,,,,,,,,,,,,,,,,,,,,,,,,,,,,,,,,,,,,,,,
,,,,,,,,,,,,,,,,,,,,,,,,,,,,,,,,,,,,,,,,,,,,,,,,,,,,,,,,,,,,,,,,,,,,,,,,,,,,,,,,,,,,,,,,,,,,,,,,,,,,,,,,,,,,,,,,,,,,,,,,,,,,,,,,,,,,,,,,,,,,,,,,,,,,,,,,,,,,,,,,,,,,,,,,,,,,,,,,,,,,,,,,,,,,,,,,,,,,,,,,,,,,,,,,,,,,,,,,,,,,,,,,,,,,,,,,
,,,,,,,,,,,,,,,,,,,,,,,,,,,,,,,,,,,,,,,,,,,,,,,,,,,,,,,,,,,,,,,,,,,,,,,,,,,,,,,,,,,,,,,,,,,,,,,,,,,,,,,,,,,,,,,,,,,,,,,,,,,,,,,,,,,,,,,,,,,,,,,,,,,,,,,,,,,,,,,,,,,,,,,,,,,,,,,,,,,,,,,,,,,,,,,,,,,,,,,,,,,,,,,,,,,,,,,,,,,,,,,,,,,,,,,,
,,,,,,,,,,,,,,,,,,,,,,,,,,,,,,,,,,,,,,,,,,,,,,,,,,,,,,,,,,,,,,,,,,,,,,,,,,,,,,,,,,,,,,,,,,,,,,,,,,,,,,,,,,,,,,,,,,,,,,,,,,,,,,,,,,,,,,,,,,,,,,,,,,,,,,,,,,,,,,,,,,,,,,,,,,,,,,,,,,,,,,,,,,,,,,,,,,,,,,,,,,,,,,,,,,,,,,,,,,,,,,,,,,,,,,,,
,,,,,,,,,,,,,,,,,,,,,,,,,,,,,,,,,,,,,,,,,,,,,,,,,,,,,,,,,,,,,,,,,,,,,,,,,,,,,,,,,,,,,,,,,,,,,,,,,,,,,,,,,,,,,,,,,,,,,,,,,,,,,,,,,,,,,,,,,,,,,,,,,,,,,,,,,,,,,,,,,,,,,,,,,,,,,,,,,,,,,,,,,,,,,,,,,,,,,,,,,,,,,,,,,,,,,,,,,,,,,,,,,,,,,,,,
,,,,,,,,,,,,,,,,,,,,,,,,,,,,,,,,,,,,,,,,,,,,,,,,,,,,,,,,,,,,,,,,,,,,,,,,,,,,,,,,,,,,,,,,,,,,,,,,,,,,,,,,,,,,,,,,,,,,,,,,,,,,,,,,,,,,,,,,,,,,,,,,,,,,,,,,,,,,,,,,,,,,,,,,,,,,,,,,,,,,,,,,,,,,,,,,,,,,,,,,,,,,,,,,,,,,,,,,,,,,,,,,,,,,,,,,
,,,,,,,,,,,,,,,,,,,,,,,,,,,,,,,,,,,,,,,,,,,,,,,,,,,,,,,,,,,,,,,,,,,,,,,,,,,,,,,,,,,,,,,,,,,,,,,,,,,,,,,,,,,,,,,,,,,,,,,,,,,,,,,,,,,,,,,,,,,,,,,,,,,,,,,,,,,,,,,,,,,,,,,,,,,,,,,,,,,,,,,,,,,,,,,,,,,,,,,,,,,,,,,,,,,,,,,,,,,,,,,,,,,,,,,,
,,,,,,,,,,,,,,,,,,,,,,,,,,,,,,,,,,,,,,,,,,,,,,,,,,,,,,,,,,,,,,,,,,,,,,,,,,,,,,,,,,,,,,,,,,,,,,,,,,,,,,,,,,,,,,,,,,,,,,,,,,,,,,,,,,,,,,,,,,,,,,,,,,,,,,,,,,,,,,,,,,,,,,,,,,,,,,,,,,,,,,,,,,,,,,,,,,,,,,,,,,,,,,,,,,,,,,,,,,,,,,,,,,,,,,,,
,,,,,,,,,,,,,,,,,,,,,,,,,,,,,,,,,,,,,,,,,,,,,,,,,,,,,,,,,,,,,,,,,,,,,,,,,,,,,,,,,,,,,,,,,,,,,,,,,,,,,,,,,,,,,,,,,,,,,,,,,,,,,,,,,,,,,,,,,,,,,,,,,,,,,,,,,,,,,,,,,,,,,,,,,,,,,,,,,,,,,,,,,,,,,,,,,,,,,,,,,,,,,,,,,,,,,,,,,,,,,,,,,,,,,,,,
,,,,,,,,,,,,,,,,,,,,,,,,,,,,,,,,,,,,,,,,,,,,,,,,,,,,,,,,,,,,,,,,,,,,,,,,,,,,,,,,,,,,,,,,,,,,,,,,,,,,,,,,,,,,,,,,,,,,,,,,,,,,,,,,,,,,,,,,,,,,,,,,,,,,,,,,,,,,,,,,,,,,,,,,,,,,,,,,,,,,,,,,,,,,,,,,,,,,,,,,,,,,,,,,,,,,,,,,,,,,,,,,,,,,,,,,
,,,,,,,,,,,,,,,,,,,,,,,,,,,,,,,,,,,,,,,,,,,,,,,,,,,,,,,,,,,,,,,,,,,,,,,,,,,,,,,,,,,,,,,,,,,,,,,,,,,,,,,,,,,,,,,,,,,,,,,,,,,,,,,,,,,,,,,,,,,,,,,,,,,,,,,,,,,,,,,,,,,,,,,,,,,,,,,,,,,,,,,,,,,,,,,,,,,,,,,,,,,,,,,,,,,,,,,,,,,,,,,,,,,,,,,,
,,,,,,,,,,,,,,,,,,,,,,,,,,,,,,,,,,,,,,,,,,,,,,,,,,,,,,,,,,,,,,,,,,,,,,,,,,,,,,,,,,,,,,,,,,,,,,,,,,,,,,,,,,,,,,,,,,,,,,,,,,,,,,,,,,,,,,,,,,,,,,,,,,,,,,,,,,,,,,,,,,,,,,,,,,,,,,,,,,,,,,,,,,,,,,,,,,,,,,,,,,,,,,,,,,,,,,,,,,,,,,,,,,,,,,,,
,,,,,,,,,,,,,,,,,,,,,,,,,,,,,,,,,,,,,,,,,,,,,,,,,,,,,,,,,,,,,,,,,,,,,,,,,,,,,,,,,,,,,,,,,,,,,,,,,,,,,,,,,,,,,,,,,,,,,,,,,,,,,,,,,,,,,,,,,,,,,,,,,,,,,,,,,,,,,,,,,,,,,,,,,,,,,,,,,,,,,,,,,,,,,,,,,,,,,,,,,,,,,,,,,,,,,,,,,,,,,,,,,,,,,,,,
,,,,,,,,,,,,,,,,,,,,,,,,,,,,,,,,,,,,,,,,,,,,,,,,,,,,,,,,,,,,,,,,,,,,,,,,,,,,,,,,,,,,,,,,,,,,,,,,,,,,,,,,,,,,,,,,,,,,,,,,,,,,,,,,,,,,,,,,,,,,,,,,,,,,,,,,,,,,,,,,,,,,,,,,,,,,,,,,,,,,,,,,,,,,,,,,,,,,,,,,,,,,,,,,,,,,,,,,,,,,,,,,,,,,,,,,
,,,,,,,,,,,,,,,,,,,,,,,,,,,,,,,,,,,,,,,,,,,,,,,,,,,,,,,,,,,,,,,,,,,,,,,,,,,,,,,,,,,,,,,,,,,,,,,,,,,,,,,,,,,,,,,,,,,,,,,,,,,,,,,,,,,,,,,,,,,,,,,,,,,,,,,,,,,,,,,,,,,,,,,,,,,,,,,,,,,,,,,,,,,,,,,,,,,,,,,,,,,,,,,,,,,,,,,,,,,,,,,,,,,,,,,,
,,,,,,,,,,,,,,,,,,,,,,,,,,,,,,,,,,,,,,,,,,,,,,,,,,,,,,,,,,,,,,,,,,,,,,,,,,,,,,,,,,,,,,,,,,,,,,,,,,,,,,,,,,,,,,,,,,,,,,,,,,,,,,,,,,,,,,,,,,,,,,,,,,,,,,,,,,,,,,,,,,,,,,,,,,,,,,,,,,,,,,,,,,,,,,,,,,,,,,,,,,,,,,,,,,,,,,,,,,,,,,,,,,,,,,,,
,,,,,,,,,,,,,,,,,,,,,,,,,,,,,,,,,,,,,,,,,,,,,,,,,,,,,,,,,,,,,,,,,,,,,,,,,,,,,,,,,,,,,,,,,,,,,,,,,,,,,,,,,,,,,,,,,,,,,,,,,,,,,,,,,,,,,,,,,,,,,,,,,,,,,,,,,,,,,,,,,,,,,,,,,,,,,,,,,,,,,,,,,,,,,,,,,,,,,,,,,,,,,,,,,,,,,,,,,,,,,,,,,,,,,,,,
,,,,,,,,,,,,,,,,,,,,,,,,,,,,,,,,,,,,,,,,,,,,,,,,,,,,,,,,,,,,,,,,,,,,,,,,,,,,,,,,,,,,,,,,,,,,,,,,,,,,,,,,,,,,,,,,,,,,,,,,,,,,,,,,,,,,,,,,,,,,,,,,,,,,,,,,,,,,,,,,,,,,,,,,,,,,,,,,,,,,,,,,,,,,,,,,,,,,,,,,,,,,,,,,,,,,,,,,,,,,,,,,,,,,,,,,
,,,,,,,,,,,,,,,,,,,,,,,,,,,,,,,,,,,,,,,,,,,,,,,,,,,,,,,,,,,,,,,,,,,,,,,,,,,,,,,,,,,,,,,,,,,,,,,,,,,,,,,,,,,,,,,,,,,,,,,,,,,,,,,,,,,,,,,,,,,,,,,,,,,,,,,,,,,,,,,,,,,,,,,,,,,,,,,,,,,,,,,,,,,,,,,,,,,,,,,,,,,,,,,,,,,,,,,,,,,,,,,,,,,,,,,,
,,,,,,,,,,,,,,,,,,,,,,,,,,,,,,,,,,,,,,,,,,,,,,,,,,,,,,,,,,,,,,,,,,,,,,,,,,,,,,,,,,,,,,,,,,,,,,,,,,,,,,,,,,,,,,,,,,,,,,,,,,,,,,,,,,,,,,,,,,,,,,,,,,,,,,,,,,,,,,,,,,,,,,,,,,,,,,,,,,,,,,,,,,,,,,,,,,,,,,,,,,,,,,,,,,,,,,,,,,,,,,,,,,,,,,,,
,,,,,,,,,,,,,,,,,,,,,,,,,,,,,,,,,,,,,,,,,,,,,,,,,,,,,,,,,,,,,,,,,,,,,,,,,,,,,,,,,,,,,,,,,,,,,,,,,,,,,,,,,,,,,,,,,,,,,,,,,,,,,,,,,,,,,,,,,,,,,,,,,,,,,,,,,,,,,,,,,,,,,,,,,,,,,,,,,,,,,,,,,,,,,,,,,,,,,,,,,,,,,,,,,,,,,,,,,,,,,,,,,,,,,,,,
,,,,,,,,,,,,,,,,,,,,,,,,,,,,,,,,,,,,,,,,,,,,,,,,,,,,,,,,,,,,,,,,,,,,,,,,,,,,,,,,,,,,,,,,,,,,,,,,,,,,,,,,,,,,,,,,,,,,,,,,,,,,,,,,,,,,,,,,,,,,,,,,,,,,,,,,,,,,,,,,,,,,,,,,,,,,,,,,,,,,,,,,,,,,,,,,,,,,,,,,,,,,,,,,,,,,,,,,,,,,,,,,,,,,,,,,
,,,,,,,,,,,,,,,,,,,,,,,,,,,,,,,,,,,,,,,,,,,,,,,,,,,,,,,,,,,,,,,,,,,,,,,,,,,,,,,,,,,,,,,,,,,,,,,,,,,,,,,,,,,,,,,,,,,,,,,,,,,,,,,,,,,,,,,,,,,,,,,,,,,,,,,,,,,,,,,,,,,,,,,,,,,,,,,,,,,,,,,,,,,,,,,,,,,,,,,,,,,,,,,,,,,,,,,,,,,,,,,,,,,,,,,,
,,,,,,,,,,,,,,,,,,,,,,,,,,,,,,,,,,,,,,,,,,,,,,,,,,,,,,,,,,,,,,,,,,,,,,,,,,,,,,,,,,,,,,,,,,,,,,,,,,,,,,,,,,,,,,,,,,,,,,,,,,,,,,,,,,,,,,,,,,,,,,,,,,,,,,,,,,,,,,,,,,,,,,,,,,,,,,,,,,,,,,,,,,,,,,,,,,,,,,,,,,,,,,,,,,,,,,,,,,,,,,,,,,,,,,,,
,,,,,,,,,,,,,,,,,,,,,,,,,,,,,,,,,,,,,,,,,,,,,,,,,,,,,,,,,,,,,,,,,,,,,,,,,,,,,,,,,,,,,,,,,,,,,,,,,,,,,,,,,,,,,,,,,,,,,,,,,,,,,,,,,,,,,,,,,,,,,,,,,,,,,,,,,,,,,,,,,,,,,,,,,,,,,,,,,,,,,,,,,,,,,,,,,,,,,,,,,,,,,,,,,,,,,,,,,,,,,,,,,,,,,,,,
,,,,,,,,,,,,,,,,,,,,,,,,,,,,,,,,,,,,,,,,,,,,,,,,,,,,,,,,,,,,,,,,,,,,,,,,,,,,,,,,,,,,,,,,,,,,,,,,,,,,,,,,,,,,,,,,,,,,,,,,,,,,,,,,,,,,,,,,,,,,,,,,,,,,,,,,,,,,,,,,,,,,,,,,,,,,,,,,,,,,,,,,,,,,,,,,,,,,,,,,,,,,,,,,,,,,,,,,,,,,,,,,,,,,,,,,
,,,,,,,,,,,,,,,,,,,,,,,,,,,,,,,,,,,,,,,,,,,,,,,,,,,,,,,,,,,,,,,,,,,,,,,,,,,,,,,,,,,,,,,,,,,,,,,,,,,,,,,,,,,,,,,,,,,,,,,,,,,,,,,,,,,,,,,,,,,,,,,,,,,,,,,,,,,,,,,,,,,,,,,,,,,,,,,,,,,,,,,,,,,,,,,,,,,,,,,,,,,,,,,,,,,,,,,,,,,,,,,,,,,,,,,,
,,,,,,,,,,,,,,,,,,,,,,,,,,,,,,,,,,,,,,,,,,,,,,,,,,,,,,,,,,,,,,,,,,,,,,,,,,,,,,,,,,,,,,,,,,,,,,,,,,,,,,,,,,,,,,,,,,,,,,,,,,,,,,,,,,,,,,,,,,,,,,,,,,,,,,,,,,,,,,,,,,,,,,,,,,,,,,,,,,,,,,,,,,,,,,,,,,,,,,,,,,,,,,,,,,,,,,,,,,,,,,,,,,,,,,,,
,,,,,,,,,,,,,,,,,,,,,,,,,,,,,,,,,,,,,,,,,,,,,,,,,,,,,,,,,,,,,,,,,,,,,,,,,,,,,,,,,,,,,,,,,,,,,,,,,,,,,,,,,,,,,,,,,,,,,,,,,,,,,,,,,,,,,,,,,,,,,,,,,,,,,,,,,,,,,,,,,,,,,,,,,,,,,,,,,,,,,,,,,,,,,,,,,,,,,,,,,,,,,,,,,,,,,,,,,,,,,,,,,,,,,,,,
,,,,,,,,,,,,,,,,,,,,,,,,,,,,,,,,,,,,,,,,,,,,,,,,,,,,,,,,,,,,,,,,,,,,,,,,,,,,,,,,,,,,,,,,,,,,,,,,,,,,,,,,,,,,,,,,,,,,,,,,,,,,,,,,,,,,,,,,,,,,,,,,,,,,,,,,,,,,,,,,,,,,,,,,,,,,,,,,,,,,,,,,,,,,,,,,,,,,,,,,,,,,,,,,,,,,,,,,,,,,,,,,,,,,,,,,
,,,,,,,,,,,,,,,,,,,,,,,,,,,,,,,,,,,,,,,,,,,,,,,,,,,,,,,,,,,,,,,,,,,,,,,,,,,,,,,,,,,,,,,,,,,,,,,,,,,,,,,,,,,,,,,,,,,,,,,,,,,,,,,,,,,,,,,,,,,,,,,,,,,,,,,,,,,,,,,,,,,,,,,,,,,,,,,,,,,,,,,,,,,,,,,,,,,,,,,,,,,,,,,,,,,,,,,,,,,,,,,,,,,,,,,,
,,,,,,,,,,,,,,,,,,,,,,,,,,,,,,,,,,,,,,,,,,,,,,,,,,,,,,,,,,,,,,,,,,,,,,,,,,,,,,,,,,,,,,,,,,,,,,,,,,,,,,,,,,,,,,,,,,,,,,,,,,,,,,,,,,,,,,,,,,,,,,,,,,,,,,,,,,,,,,,,,,,,,,,,,,,,,,,,,,,,,,,,,,,,,,,,,,,,,,,,,,,,,,,,,,,,,,,,,,,,,,,,,,,,,,,,
,,,,,,,,,,,,,,,,,,,,,,,,,,,,,,,,,,,,,,,,,,,,,,,,,,,,,,,,,,,,,,,,,,,,,,,,,,,,,,,,,,,,,,,,,,,,,,,,,,,,,,,,,,,,,,,,,,,,,,,,,,,,,,,,,,,,,,,,,,,,,,,,,,,,,,,,,,,,,,,,,,,,,,,,,,,,,,,,,,,,,,,,,,,,,,,,,,,,,,,,,,,,,,,,,,,,,,,,,,,,,,,,,,,,,,,,
,,,,,,,,,,,,,,,,,,,,,,,,,,,,,,,,,,,,,,,,,,,,,,,,,,,,,,,,,,,,,,,,,,,,,,,,,,,,,,,,,,,,,,,,,,,,,,,,,,,,,,,,,,,,,,,,,,,,,,,,,,,,,,,,,,,,,,,,,,,,,,,,,,,,,,,,,,,,,,,,,,,,,,,,,,,,,,,,,,,,,,,,,,,,,,,,,,,,,,,,,,,,,,,,,,,,,,,,,,,,,,,,,,,,,,,,
,,,,,,,,,,,,,,,,,,,,,,,,,,,,,,,,,,,,,,,,,,,,,,,,,,,,,,,,,,,,,,,,,,,,,,,,,,,,,,,,,,,,,,,,,,,,,,,,,,,,,,,,,,,,,,,,,,,,,,,,,,,,,,,,,,,,,,,,,,,,,,,,,,,,,,,,,,,,,,,,,,,,,,,,,,,,,,,,,,,,,,,,,,,,,,,,,,,,,,,,,,,,,,,,,,,,,,,,,,,,,,,,,,,,,,,,
,,,,,,,,,,,,,,,,,,,,,,,,,,,,,,,,,,,,,,,,,,,,,,,,,,,,,,,,,,,,,,,,,,,,,,,,,,,,,,,,,,,,,,,,,,,,,,,,,,,,,,,,,,,,,,,,,,,,,,,,,,,,,,,,,,,,,,,,,,,,,,,,,,,,,,,,,,,,,,,,,,,,,,,,,,,,,,,,,,,,,,,,,,,,,,,,,,,,,,,,,,,,,,,,,,,,,,,,,,,,,,,,,,,,,,,,
,,,,,,,,,,,,,,,,,,,,,,,,,,,,,,,,,,,,,,,,,,,,,,,,,,,,,,,,,,,,,,,,,,,,,,,,,,,,,,,,,,,,,,,,,,,,,,,,,,,,,,,,,,,,,,,,,,,,,,,,,,,,,,,,,,,,,,,,,,,,,,,,,,,,,,,,,,,,,,,,,,,,,,,,,,,,,,,,,,,,,,,,,,,,,,,,,,,,,,,,,,,,,,,,,,,,,,,,,,,,,,,,,,,,,,,,
,,,,,,,,,,,,,,,,,,,,,,,,,,,,,,,,,,,,,,,,,,,,,,,,,,,,,,,,,,,,,,,,,,,,,,,,,,,,,,,,,,,,,,,,,,,,,,,,,,,,,,,,,,,,,,,,,,,,,,,,,,,,,,,,,,,,,,,,,,,,,,,,,,,,,,,,,,,,,,,,,,,,,,,,,,,,,,,,,,,,,,,,,,,,,,,,,,,,,,,,,,,,,,,,,,,,,,,,,,,,,,,,,,,,,,,,
,,,,,,,,,,,,,,,,,,,,,,,,,,,,,,,,,,,,,,,,,,,,,,,,,,,,,,,,,,,,,,,,,,,,,,,,,,,,,,,,,,,,,,,,,,,,,,,,,,,,,,,,,,,,,,,,,,,,,,,,,,,,,,,,,,,,,,,,,,,,,,,,,,,,,,,,,,,,,,,,,,,,,,,,,,,,,,,,,,,,,,,,,,,,,,,,,,,,,,,,,,,,,,,,,,,,,,,,,,,,,,,,,,,,,,,,
,,,,,,,,,,,,,,,,,,,,,,,,,,,,,,,,,,,,,,,,,,,,,,,,,,,,,,,,,,,,,,,,,,,,,,,,,,,,,,,,,,,,,,,,,,,,,,,,,,,,,,,,,,,,,,,,,,,,,,,,,,,,,,,,,,,,,,,,,,,,,,,,,,,,,,,,,,,,,,,,,,,,,,,,,,,,,,,,,,,,,,,,,,,,,,,,,,,,,,,,,,,,,,,,,,,,,,,,,,,,,,,,,,,,,,,,
,,,,,,,,,,,,,,,,,,,,,,,,,,,,,,,,,,,,,,,,,,,,,,,,,,,,,,,,,,,,,,,,,,,,,,,,,,,,,,,,,,,,,,,,,,,,,,,,,,,,,,,,,,,,,,,,,,,,,,,,,,,,,,,,,,,,,,,,,,,,,,,,,,,,,,,,,,,,,,,,,,,,,,,,,,,,,,,,,,,,,,,,,,,,,,,,,,,,,,,,,,,,,,,,,,,,,,,,,,,,,,,,,,,,,,,,
,,,,,,,,,,,,,,,,,,,,,,,,,,,,,,,,,,,,,,,,,,,,,,,,,,,,,,,,,,,,,,,,,,,,,,,,,,,,,,,,,,,,,,,,,,,,,,,,,,,,,,,,,,,,,,,,,,,,,,,,,,,,,,,,,,,,,,,,,,,,,,,,,,,,,,,,,,,,,,,,,,,,,,,,,,,,,,,,,,,,,,,,,,,,,,,,,,,,,,,,,,,,,,,,,,,,,,,,,,,,,,,,,,,,,,,,
,,,,,,,,,,,,,,,,,,,,,,,,,,,,,,,,,,,,,,,,,,,,,,,,,,,,,,,,,,,,,,,,,,,,,,,,,,,,,,,,,,,,,,,,,,,,,,,,,,,,,,,,,,,,,,,,,,,,,,,,,,,,,,,,,,,,,,,,,,,,,,,,,,,,,,,,,,,,,,,,,,,,,,,,,,,,,,,,,,,,,,,,,,,,,,,,,,,,,,,,,,,,,,,,,,,,,,,,,,,,,,,,,,,,,,,,
,,,,,,,,,,,,,,,,,,,,,,,,,,,,,,,,,,,,,,,,,,,,,,,,,,,,,,,,,,,,,,,,,,,,,,,,,,,,,,,,,,,,,,,,,,,,,,,,,,,,,,,,,,,,,,,,,,,,,,,,,,,,,,,,,,,,,,,,,,,,,,,,,,,,,,,,,,,,,,,,,,,,,,,,,,,,,,,,,,,,,,,,,,,,,,,,,,,,,,,,,,,,,,,,,,,,,,,,,,,,,,,,,,,,,,,,
,,,,,,,,,,,,,,,,,,,,,,,,,,,,,,,,,,,,,,,,,,,,,,,,,,,,,,,,,,,,,,,,,,,,,,,,,,,,,,,,,,,,,,,,,,,,,,,,,,,,,,,,,,,,,,,,,,,,,,,,,,,,,,,,,,,,,,,,,,,,,,,,,,,,,,,,,,,,,,,,,,,,,,,,,,,,,,,,,,,,,,,,,,,,,,,,,,,,,,,,,,,,,,,,,,,,,,,,,,,,,,,,,,,,,,,,
,,,,,,,,,,,,,,,,,,,,,,,,,,,,,,,,,,,,,,,,,,,,,,,,,,,,,,,,,,,,,,,,,,,,,,,,,,,,,,,,,,,,,,,,,,,,,,,,,,,,,,,,,,,,,,,,,,,,,,,,,,,,,,,,,,,,,,,,,,,,,,,,,,,,,,,,,,,,,,,,,,,,,,,,,,,,,,,,,,,,,,,,,,,,,,,,,,,,,,,,,,,,,,,,,,,,,,,,,,,,,,,,,,,,,,,,
,,,,,,,,,,,,,,,,,,,,,,,,,,,,,,,,,,,,,,,,,,,,,,,,,,,,,,,,,,,,,,,,,,,,,,,,,,,,,,,,,,,,,,,,,,,,,,,,,,,,,,,,,,,,,,,,,,,,,,,,,,,,,,,,,,,,,,,,,,,,,,,,,,,,,,,,,,,,,,,,,,,,,,,,,,,,,,,,,,,,,,,,,,,,,,,,,,,,,,,,,,,,,,,,,,,,,,,,,,,,,,,,,,,,,,,,
,,,,,,,,,,,,,,,,,,,,,,,,,,,,,,,,,,,,,,,,,,,,,,,,,,,,,,,,,,,,,,,,,,,,,,,,,,,,,,,,,,,,,,,,,,,,,,,,,,,,,,,,,,,,,,,,,,,,,,,,,,,,,,,,,,,,,,,,,,,,,,,,,,,,,,,,,,,,,,,,,,,,,,,,,,,,,,,,,,,,,,,,,,,,,,,,,,,,,,,,,,,,,,,,,,,,,,,,,,,,,,,,,,,,,,,,
,,,,,,,,,,,,,,,,,,,,,,,,,,,,,,,,,,,,,,,,,,,,,,,,,,,,,,,,,,,,,,,,,,,,,,,,,,,,,,,,,,,,,,,,,,,,,,,,,,,,,,,,,,,,,,,,,,,,,,,,,,,,,,,,,,,,,,,,,,,,,,,,,,,,,,,,,,,,,,,,,,,,,,,,,,,,,,,,,,,,,,,,,,,,,,,,,,,,,,,,,,,,,,,,,,,,,,,,,,,,,,,,,,,,,,,,
,,,,,,,,,,,,,,,,,,,,,,,,,,,,,,,,,,,,,,,,,,,,,,,,,,,,,,,,,,,,,,,,,,,,,,,,,,,,,,,,,,,,,,,,,,,,,,,,,,,,,,,,,,,,,,,,,,,,,,,,,,,,,,,,,,,,,,,,,,,,,,,,,,,,,,,,,,,,,,,,,,,,,,,,,,,,,,,,,,,,,,,,,,,,,,,,,,,,,,,,,,,,,,,,,,,,,,,,,,,,,,,,,,,,,,,,
,,,,,,,,,,,,,,,,,,,,,,,,,,,,,,,,,,,,,,,,,,,,,,,,,,,,,,,,,,,,,,,,,,,,,,,,,,,,,,,,,,,,,,,,,,,,,,,,,,,,,,,,,,,,,,,,,,,,,,,,,,,,,,,,,,,,,,,,,,,,,,,,,,,,,,,,,,,,,,,,,,,,,,,,,,,,,,,,,,,,,,,,,,,,,,,,,,,,,,,,,,,,,,,,,,,,,,,,,,,,,,,,,,,,,,,,
,,,,,,,,,,,,,,,,,,,,,,,,,,,,,,,,,,,,,,,,,,,,,,,,,,,,,,,,,,,,,,,,,,,,,,,,,,,,,,,,,,,,,,,,,,,,,,,,,,,,,,,,,,,,,,,,,,,,,,,,,,,,,,,,,,,,,,,,,,,,,,,,,,,,,,,,,,,,,,,,,,,,,,,,,,,,,,,,,,,,,,,,,,,,,,,,,,,,,,,,,,,,,,,,,,,,,,,,,,,,,,,,,,,,,,,,
,,,,,,,,,,,,,,,,,,,,,,,,,,,,,,,,,,,,,,,,,,,,,,,,,,,,,,,,,,,,,,,,,,,,,,,,,,,,,,,,,,,,,,,,,,,,,,,,,,,,,,,,,,,,,,,,,,,,,,,,,,,,,,,,,,,,,,,,,,,,,,,,,,,,,,,,,,,,,,,,,,,,,,,,,,,,,,,,,,,,,,,,,,,,,,,,,,,,,,,,,,,,,,,,,,,,,,,,,,,,,,,,,,,,,,,,
,,,,,,,,,,,,,,,,,,,,,,,,,,,,,,,,,,,,,,,,,,,,,,,,,,,,,,,,,,,,,,,,,,,,,,,,,,,,,,,,,,,,,,,,,,,,,,,,,,,,,,,,,,,,,,,,,,,,,,,,,,,,,,,,,,,,,,,,,,,,,,,,,,,,,,,,,,,,,,,,,,,,,,,,,,,,,,,,,,,,,,,,,,,,,,,,,,,,,,,,,,,,,,,,,,,,,,,,,,,,,,,,,,,,,,,,
,,,,,,,,,,,,,,,,,,,,,,,,,,,,,,,,,,,,,,,,,,,,,,,,,,,,,,,,,,,,,,,,,,,,,,,,,,,,,,,,,,,,,,,,,,,,,,,,,,,,,,,,,,,,,,,,,,,,,,,,,,,,,,,,,,,,,,,,,,,,,,,,,,,,,,,,,,,,,,,,,,,,,,,,,,,,,,,,,,,,,,,,,,,,,,,,,,,,,,,,,,,,,,,,,,,,,,,,,,,,,,,,,,,,,,,,
,,,,,,,,,,,,,,,,,,,,,,,,,,,,,,,,,,,,,,,,,,,,,,,,,,,,,,,,,,,,,,,,,,,,,,,,,,,,,,,,,,,,,,,,,,,,,,,,,,,,,,,,,,,,,,,,,,,,,,,,,,,,,,,,,,,,,,,,,,,,,,,,,,,,,,,,,,,,,,,,,,,,,,,,,,,,,,,,,,,,,,,,,,,,,,,,,,,,,,,,,,,,,,,,,,,,,,,,,,,,,,,,,,,,,,,,
,,,,,,,,,,,,,,,,,,,,,,,,,,,,,,,,,,,,,,,,,,,,,,,,,,,,,,,,,,,,,,,,,,,,,,,,,,,,,,,,,,,,,,,,,,,,,,,,,,,,,,,,,,,,,,,,,,,,,,,,,,,,,,,,,,,,,,,,,,,,,,,,,,,,,,,,,,,,,,,,,,,,,,,,,,,,,,,,,,,,,,,,,,,,,,,,,,,,,,,,,,,,,,,,,,,,,,,,,,,,,,,,,,,,,,,,
,,,,,,,,,,,,,,,,,,,,,,,,,,,,,,,,,,,,,,,,,,,,,,,,,,,,,,,,,,,,,,,,,,,,,,,,,,,,,,,,,,,,,,,,,,,,,,,,,,,,,,,,,,,,,,,,,,,,,,,,,,,,,,,,,,,,,,,,,,,,,,,,,,,,,,,,,,,,,,,,,,,,,,,,,,,,,,,,,,,,,,,,,,,,,,,,,,,,,,,,,,,,,,,,,,,,,,,,,,,,,,,,,,,,,,,,
,,,,,,,,,,,,,,,,,,,,,,,,,,,,,,,,,,,,,,,,,,,,,,,,,,,,,,,,,,,,,,,,,,,,,,,,,,,,,,,,,,,,,,,,,,,,,,,,,,,,,,,,,,,,,,,,,,,,,,,,,,,,,,,,,,,,,,,,,,,,,,,,,,,,,,,,,,,,,,,,,,,,,,,,,,,,,,,,,,,,,,,,,,,,,,,,,,,,,,,,,,,,,,,,,,,,,,,,,,,,,,,,,,,,,,,,
,,,,,,,,,,,,,,,,,,,,,,,,,,,,,,,,,,,,,,,,,,,,,,,,,,,,,,,,,,,,,,,,,,,,,,,,,,,,,,,,,,,,,,,,,,,,,,,,,,,,,,,,,,,,,,,,,,,,,,,,,,,,,,,,,,,,,,,,,,,,,,,,,,,,,,,,,,,,,,,,,,,,,,,,,,,,,,,,,,,,,,,,,,,,,,,,,,,,,,,,,,,,,,,,,,,,,,,,,,,,,,,,,,,,,,,,
,,,,,,,,,,,,,,,,,,,,,,,,,,,,,,,,,,,,,,,,,,,,,,,,,,,,,,,,,,,,,,,,,,,,,,,,,,,,,,,,,,,,,,,,,,,,,,,,,,,,,,,,,,,,,,,,,,,,,,,,,,,,,,,,,,,,,,,,,,,,,,,,,,,,,,,,,,,,,,,,,,,,,,,,,,,,,,,,,,,,,,,,,,,,,,,,,,,,,,,,,,,,,,,,,,,,,,,,,,,,,,,,,,,,,,,,
,,,,,,,,,,,,,,,,,,,,,,,,,,,,,,,,,,,,,,,,,,,,,,,,,,,,,,,,,,,,,,,,,,,,,,,,,,,,,,,,,,,,,,,,,,,,,,,,,,,,,,,,,,,,,,,,,,,,,,,,,,,,,,,,,,,,,,,,,,,,,,,,,,,,,,,,,,,,,,,,,,,,,,,,,,,,,,,,,,,,,,,,,,,,,,,,,,,,,,,,,,,,,,,,,,,,,,,,,,,,,,,,,,,,,,,,
,,,,,,,,,,,,,,,,,,,,,,,,,,,,,,,,,,,,,,,,,,,,,,,,,,,,,,,,,,,,,,,,,,,,,,,,,,,,,,,,,,,,,,,,,,,,,,,,,,,,,,,,,,,,,,,,,,,,,,,,,,,,,,,,,,,,,,,,,,,,,,,,,,,,,,,,,,,,,,,,,,,,,,,,,,,,,,,,,,,,,,,,,,,,,,,,,,,,,,,,,,,,,,,,,,,,,,,,,,,,,,,,,,,,,,,,
,,,,,,,,,,,,,,,,,,,,,,,,,,,,,,,,,,,,,,,,,,,,,,,,,,,,,,,,,,,,,,,,,,,,,,,,,,,,,,,,,,,,,,,,,,,,,,,,,,,,,,,,,,,,,,,,,,,,,,,,,,,,,,,,,,,,,,,,,,,,,,,,,,,,,,,,,,,,,,,,,,,,,,,,,,,,,,,,,,,,,,,,,,,,,,,,,,,,,,,,,,,,,,,,,,,,,,,,,,,,,,,,,,,,,,,,
,,,,,,,,,,,,,,,,,,,,,,,,,,,,,,,,,,,,,,,,,,,,,,,,,,,,,,,,,,,,,,,,,,,,,,,,,,,,,,,,,,,,,,,,,,,,,,,,,,,,,,,,,,,,,,,,,,,,,,,,,,,,,,,,,,,,,,,,,,,,,,,,,,,,,,,,,,,,,,,,,,,,,,,,,,,,,,,,,,,,,,,,,,,,,,,,,,,,,,,,,,,,,,,,,,,,,,,,,,,,,,,,,,,,,,,,
,,,,,,,,,,,,,,,,,,,,,,,,,,,,,,,,,,,,,,,,,,,,,,,,,,,,,,,,,,,,,,,,,,,,,,,,,,,,,,,,,,,,,,,,,,,,,,,,,,,,,,,,,,,,,,,,,,,,,,,,,,,,,,,,,,,,,,,,,,,,,,,,,,,,,,,,,,,,,,,,,,,,,,,,,,,,,,,,,,,,,,,,,,,,,,,,,,,,,,,,,,,,,,,,,,,,,,,,,,,,,,,,,,,,,,,,
,,,,,,,,,,,,,,,,,,,,,,,,,,,,,,,,,,,,,,,,,,,,,,,,,,,,,,,,,,,,,,,,,,,,,,,,,,,,,,,,,,,,,,,,,,,,,,,,,,,,,,,,,,,,,,,,,,,,,,,,,,,,,,,,,,,,,,,,,,,,,,,,,,,,,,,,,,,,,,,,,,,,,,,,,,,,,,,,,,,,,,,,,,,,,,,,,,,,,,,,,,,,,,,,,,,,,,,,,,,,,,,,,,,,,,,,
,,,,,,,,,,,,,,,,,,,,,,,,,,,,,,,,,,,,,,,,,,,,,,,,,,,,,,,,,,,,,,,,,,,,,,,,,,,,,,,,,,,,,,,,,,,,,,,,,,,,,,,,,,,,,,,,,,,,,,,,,,,,,,,,,,,,,,,,,,,,,,,,,,,,,,,,,,,,,,,,,,,,,,,,,,,,,,,,,,,,,,,,,,,,,,,,,,,,,,,,,,,,,,,,,,,,,,,,,,,,,,,,,,,,,,,,
,,,,,,,,,,,,,,,,,,,,,,,,,,,,,,,,,,,,,,,,,,,,,,,,,,,,,,,,,,,,,,,,,,,,,,,,,,,,,,,,,,,,,,,,,,,,,,,,,,,,,,,,,,,,,,,,,,,,,,,,,,,,,,,,,,,,,,,,,,,,,,,,,,,,,,,,,,,,,,,,,,,,,,,,,,,,,,,,,,,,,,,,,,,,,,,,,,,,,,,,,,,,,,,,,,,,,,,,,,,,,,,,,,,,,,,,
,,,,,,,,,,,,,,,,,,,,,,,,,,,,,,,,,,,,,,,,,,,,,,,,,,,,,,,,,,,,,,,,,,,,,,,,,,,,,,,,,,,,,,,,,,,,,,,,,,,,,,,,,,,,,,,,,,,,,,,,,,,,,,,,,,,,,,,,,,,,,,,,,,,,,,,,,,,,,,,,,,,,,,,,,,,,,,,,,,,,,,,,,,,,,,,,,,,,,,,,,,,,,,,,,,,,,,,,,,,,,,,,,,,,,,,,
,,,,,,,,,,,,,,,,,,,,,,,,,,,,,,,,,,,,,,,,,,,,,,,,,,,,,,,,,,,,,,,,,,,,,,,,,,,,,,,,,,,,,,,,,,,,,,,,,,,,,,,,,,,,,,,,,,,,,,,,,,,,,,,,,,,,,,,,,,,,,,,,,,,,,,,,,,,,,,,,,,,,,,,,,,,,,,,,,,,,,,,,,,,,,,,,,,,,,,,,,,,,,,,,,,,,,,,,,,,,,,,,,,,,,,,,
,,,,,,,,,,,,,,,,,,,,,,,,,,,,,,,,,,,,,,,,,,,,,,,,,,,,,,,,,,,,,,,,,,,,,,,,,,,,,,,,,,,,,,,,,,,,,,,,,,,,,,,,,,,,,,,,,,,,,,,,,,,,,,,,,,,,,,,,,,,,,,,,,,,,,,,,,,,,,,,,,,,,,,,,,,,,,,,,,,,,,,,,,,,,,,,,,,,,,,,,,,,,,,,,,,,,,,,,,,,,,,,,,,,,,,,,
,,,,,,,,,,,,,,,,,,,,,,,,,,,,,,,,,,,,,,,,,,,,,,,,,,,,,,,,,,,,,,,,,,,,,,,,,,,,,,,,,,,,,,,,,,,,,,,,,,,,,,,,,,,,,,,,,,,,,,,,,,,,,,,,,,,,,,,,,,,,,,,,,,,,,,,,,,,,,,,,,,,,,,,,,,,,,,,,,,,,,,,,,,,,,,,,,,,,,,,,,,,,,,,,,,,,,,,,,,,,,,,,,,,,,,,,
,,,,,,,,,,,,,,,,,,,,,,,,,,,,,,,,,,,,,,,,,,,,,,,,,,,,,,,,,,,,,,,,,,,,,,,,,,,,,,,,,,,,,,,,,,,,,,,,,,,,,,,,,,,,,,,,,,,,,,,,,,,,,,,,,,,,,,,,,,,,,,,,,,,,,,,,,,,,,,,,,,,,,,,,,,,,,,,,,,,,,,,,,,,,,,,,,,,,,,,,,,,,,,,,,,,,,,,,,,,,,,,,,,,,,,,,
,,,,,,,,,,,,,,,,,,,,,,,,,,,,,,,,,,,,,,,,,,,,,,,,,,,,,,,,,,,,,,,,,,,,,,,,,,,,,,,,,,,,,,,,,,,,,,,,,,,,,,,,,,,,,,,,,,,,,,,,,,,,,,,,,,,,,,,,,,,,,,,,,,,,,,,,,,,,,,,,,,,,,,,,,,,,,,,,,,,,,,,,,,,,,,,,,,,,,,,,,,,,,,,,,,,,,,,,,,,,,,,,,,,,,,,,
,,,,,,,,,,,,,,,,,,,,,,,,,,,,,,,,,,,,,,,,,,,,,,,,,,,,,,,,,,,,,,,,,,,,,,,,,,,,,,,,,,,,,,,,,,,,,,,,,,,,,,,,,,,,,,,,,,,,,,,,,,,,,,,,,,,,,,,,,,,,,,,,,,,,,,,,,,,,,,,,,,,,,,,,,,,,,,,,,,,,,,,,,,,,,,,,,,,,,,,,,,,,,,,,,,,,,,,,,,,,,,,,,,,,,,,,
,,,,,,,,,,,,,,,,,,,,,,,,,,,,,,,,,,,,,,,,,,,,,,,,,,,,,,,,,,,,,,,,,,,,,,,,,,,,,,,,,,,,,,,,,,,,,,,,,,,,,,,,,,,,,,,,,,,,,,,,,,,,,,,,,,,,,,,,,,,,,,,,,,,,,,,,,,,,,,,,,,,,,,,,,,,,,,,,,,,,,,,,,,,,,,,,,,,,,,,,,,,,,,,,,,,,,,,,,,,,,,,,,,,,,,,,
,,,,,,,,,,,,,,,,,,,,,,,,,,,,,,,,,,,,,,,,,,,,,,,,,,,,,,,,,,,,,,,,,,,,,,,,,,,,,,,,,,,,,,,,,,,,,,,,,,,,,,,,,,,,,,,,,,,,,,,,,,,,,,,,,,,,,,,,,,,,,,,,,,,,,,,,,,,,,,,,,,,,,,,,,,,,,,,,,,,,,,,,,,,,,,,,,,,,,,,,,,,,,,,,,,,,,,,,,,,,,,,,,,,,,,,,
,,,,,,,,,,,,,,,,,,,,,,,,,,,,,,,,,,,,,,,,,,,,,,,,,,,,,,,,,,,,,,,,,,,,,,,,,,,,,,,,,,,,,,,,,,,,,,,,,,,,,,,,,,,,,,,,,,,,,,,,,,,,,,,,,,,,,,,,,,,,,,,,,,,,,,,,,,,,,,,,,,,,,,,,,,,,,,,,,,,,,,,,,,,,,,,,,,,,,,,,,,,,,,,,,,,,,,,,,,,,,,,,,,,,,,,,
,,,,,,,,,,,,,,,,,,,,,,,,,,,,,,,,,,,,,,,,,,,,,,,,,,,,,,,,,,,,,,,,,,,,,,,,,,,,,,,,,,,,,,,,,,,,,,,,,,,,,,,,,,,,,,,,,,,,,,,,,,,,,,,,,,,,,,,,,,,,,,,,,,,,,,,,,,,,,,,,,,,,,,,,,,,,,,,,,,,,,,,,,,,,,,,,,,,,,,,,,,,,,,,,,,,,,,,,,,,,,,,,,,,,,,,,
,,,,,,,,,,,,,,,,,,,,,,,,,,,,,,,,,,,,,,,,,,,,,,,,,,,,,,,,,,,,,,,,,,,,,,,,,,,,,,,,,,,,,,,,,,,,,,,,,,,,,,,,,,,,,,,,,,,,,,,,,,,,,,,,,,,,,,,,,,,,,,,,,,,,,,,,,,,,,,,,,,,,,,,,,,,,,,,,,,,,,,,,,,,,,,,,,,,,,,,,,,,,,,,,,,,,,,,,,,,,,,,,,,,,,,,,
,,,,,,,,,,,,,,,,,,,,,,,,,,,,,,,,,,,,,,,,,,,,,,,,,,,,,,,,,,,,,,,,,,,,,,,,,,,,,,,,,,,,,,,,,,,,,,,,,,,,,,,,,,,,,,,,,,,,,,,,,,,,,,,,,,,,,,,,,,,,,,,,,,,,,,,,,,,,,,,,,,,,,,,,,,,,,,,,,,,,,,,,,,,,,,,,,,,,,,,,,,,,,,,,,,,,,,,,,,,,,,,,,,,,,,,,
,,,,,,,,,,,,,,,,,,,,,,,,,,,,,,,,,,,,,,,,,,,,,,,,,,,,,,,,,,,,,,,,,,,,,,,,,,,,,,,,,,,,,,,,,,,,,,,,,,,,,,,,,,,,,,,,,,,,,,,,,,,,,,,,,,,,,,,,,,,,,,,,,,,,,,,,,,,,,,,,,,,,,,,,,,,,,,,,,,,,,,,,,,,,,,,,,,,,,,,,,,,,,,,,,,,,,,,,,,,,,,,,,,,,,,,,
,,,,,,,,,,,,,,,,,,,,,,,,,,,,,,,,,,,,,,,,,,,,,,,,,,,,,,,,,,,,,,,,,,,,,,,,,,,,,,,,,,,,,,,,,,,,,,,,,,,,,,,,,,,,,,,,,,,,,,,,,,,,,,,,,,,,,,,,,,,,,,,,,,,,,,,,,,,,,,,,,,,,,,,,,,,,,,,,,,,,,,,,,,,,,,,,,,,,,,,,,,,,,,,,,,,,,,,,,,,,,,,,,,,,,,,,
,,,,,,,,,,,,,,,,,,,,,,,,,,,,,,,,,,,,,,,,,,,,,,,,,,,,,,,,,,,,,,,,,,,,,,,,,,,,,,,,,,,,,,,,,,,,,,,,,,,,,,,,,,,,,,,,,,,,,,,,,,,,,,,,,,,,,,,,,,,,,,,,,,,,,,,,,,,,,,,,,,,,,,,,,,,,,,,,,,,,,,,,,,,,,,,,,,,,,,,,,,,,,,,,,,,,,,,,,,,,,,,,,,,,,,,,
,,,,,,,,,,,,,,,,,,,,,,,,,,,,,,,,,,,,,,,,,,,,,,,,,,,,,,,,,,,,,,,,,,,,,,,,,,,,,,,,,,,,,,,,,,,,,,,,,,,,,,,,,,,,,,,,,,,,,,,,,,,,,,,,,,,,,,,,,,,,,,,,,,,,,,,,,,,,,,,,,,,,,,,,,,,,,,,,,,,,,,,,,,,,,,,,,,,,,,,,,,,,,,,,,,,,,,,,,,,,,,,,,,,,,,,,
,,,,,,,,,,,,,,,,,,,,,,,,,,,,,,,,,,,,,,,,,,,,,,,,,,,,,,,,,,,,,,,,,,,,,,,,,,,,,,,,,,,,,,,,,,,,,,,,,,,,,,,,,,,,,,,,,,,,,,,,,,,,,,,,,,,,,,,,,,,,,,,,,,,,,,,,,,,,,,,,,,,,,,,,,,,,,,,,,,,,,,,,,,,,,,,,,,,,,,,,,,,,,,,,,,,,,,,,,,,,,,,,,,,,,,,,
,,,,,,,,,,,,,,,,,,,,,,,,,,,,,,,,,,,,,,,,,,,,,,,,,,,,,,,,,,,,,,,,,,,,,,,,,,,,,,,,,,,,,,,,,,,,,,,,,,,,,,,,,,,,,,,,,,,,,,,,,,,,,,,,,,,,,,,,,,,,,,,,,,,,,,,,,,,,,,,,,,,,,,,,,,,,,,,,,,,,,,,,,,,,,,,,,,,,,,,,,,,,,,,,,,,,,,,,,,,,,,,,,,,,,,,,
,,,,,,,,,,,,,,,,,,,,,,,,,,,,,,,,,,,,,,,,,,,,,,,,,,,,,,,,,,,,,,,,,,,,,,,,,,,,,,,,,,,,,,,,,,,,,,,,,,,,,,,,,,,,,,,,,,,,,,,,,,,,,,,,,,,,,,,,,,,,,,,,,,,,,,,,,,,,,,,,,,,,,,,,,,,,,,,,,,,,,,,,,,,,,,,,,,,,,,,,,,,,,,,,,,,,,,,,,,,,,,,,,,,,,,,,
,,,,,,,,,,,,,,,,,,,,,,,,,,,,,,,,,,,,,,,,,,,,,,,,,,,,,,,,,,,,,,,,,,,,,,,,,,,,,,,,,,,,,,,,,,,,,,,,,,,,,,,,,,,,,,,,,,,,,,,,,,,,,,,,,,,,,,,,,,,,,,,,,,,,,,,,,,,,,,,,,,,,,,,,,,,,,,,,,,,,,,,,,,,,,,,,,,,,,,,,,,,,,,,,,,,,,,,,,,,,,,,,,,,,,,,,
,,,,,,,,,,,,,,,,,,,,,,,,,,,,,,,,,,,,,,,,,,,,,,,,,,,,,,,,,,,,,,,,,,,,,,,,,,,,,,,,,,,,,,,,,,,,,,,,,,,,,,,,,,,,,,,,,,,,,,,,,,,,,,,,,,,,,,,,,,,,,,,,,,,,,,,,,,,,,,,,,,,,,,,,,,,,,,,,,,,,,,,,,,,,,,,,,,,,,,,,,,,,,,,,,,,,,,,,,,,,,,,,,,,,,,,,
,,,,,,,,,,,,,,,,,,,,,,,,,,,,,,,,,,,,,,,,,,,,,,,,,,,,,,,,,,,,,,,,,,,,,,,,,,,,,,,,,,,,,,,,,,,,,,,,,,,,,,,,,,,,,,,,,,,,,,,,,,,,,,,,,,,,,,,,,,,,,,,,,,,,,,,,,,,,,,,,,,,,,,,,,,,,,,,,,,,,,,,,,,,,,,,,,,,,,,,,,,,,,,,,,,,,,,,,,,,,,,,,,,,,,,,,
,,,,,,,,,,,,,,,,,,,,,,,,,,,,,,,,,,,,,,,,,,,,,,,,,,,,,,,,,,,,,,,,,,,,,,,,,,,,,,,,,,,,,,,,,,,,,,,,,,,,,,,,,,,,,,,,,,,,,,,,,,,,,,,,,,,,,,,,,,,,,,,,,,,,,,,,,,,,,,,,,,,,,,,,,,,,,,,,,,,,,,,,,,,,,,,,,,,,,,,,,,,,,,,,,,,,,,,,,,,,,,,,,,,,,,,,
,,,,,,,,,,,,,,,,,,,,,,,,,,,,,,,,,,,,,,,,,,,,,,,,,,,,,,,,,,,,,,,,,,,,,,,,,,,,,,,,,,,,,,,,,,,,,,,,,,,,,,,,,,,,,,,,,,,,,,,,,,,,,,,,,,,,,,,,,,,,,,,,,,,,,,,,,,,,,,,,,,,,,,,,,,,,,,,,,,,,,,,,,,,,,,,,,,,,,,,,,,,,,,,,,,,,,,,,,,,,,,,,,,,,,,,,
,,,,,,,,,,,,,,,,,,,,,,,,,,,,,,,,,,,,,,,,,,,,,,,,,,,,,,,,,,,,,,,,,,,,,,,,,,,,,,,,,,,,,,,,,,,,,,,,,,,,,,,,,,,,,,,,,,,,,,,,,,,,,,,,,,,,,,,,,,,,,,,,,,,,,,,,,,,,,,,,,,,,,,,,,,,,,,,,,,,,,,,,,,,,,,,,,,,,,,,,,,,,,,,,,,,,,,,,,,,,,,,,,,,,,,,,
,,,,,,,,,,,,,,,,,,,,,,,,,,,,,,,,,,,,,,,,,,,,,,,,,,,,,,,,,,,,,,,,,,,,,,,,,,,,,,,,,,,,,,,,,,,,,,,,,,,,,,,,,,,,,,,,,,,,,,,,,,,,,,,,,,,,,,,,,,,,,,,,,,,,,,,,,,,,,,,,,,,,,,,,,,,,,,,,,,,,,,,,,,,,,,,,,,,,,,,,,,,,,,,,,,,,,,,,,,,,,,,,,,,,,,,,
,,,,,,,,,,,,,,,,,,,,,,,,,,,,,,,,,,,,,,,,,,,,,,,,,,,,,,,,,,,,,,,,,,,,,,,,,,,,,,,,,,,,,,,,,,,,,,,,,,,,,,,,,,,,,,,,,,,,,,,,,,,,,,,,,,,,,,,,,,,,,,,,,,,,,,,,,,,,,,,,,,,,,,,,,,,,,,,,,,,,,,,,,,,,,,,,,,,,,,,,,,,,,,,,,,,,,,,,,,,,,,,,,,,,,,,,
,,,,,,,,,,,,,,,,,,,,,,,,,,,,,,,,,,,,,,,,,,,,,,,,,,,,,,,,,,,,,,,,,,,,,,,,,,,,,,,,,,,,,,,,,,,,,,,,,,,,,,,,,,,,,,,,,,,,,,,,,,,,,,,,,,,,,,,,,,,,,,,,,,,,,,,,,,,,,,,,,,,,,,,,,,,,,,,,,,,,,,,,,,,,,,,,,,,,,,,,,,,,,,,,,,,,,,,,,,,,,,,,,,,,,,,,
,,,,,,,,,,,,,,,,,,,,,,,,,,,,,,,,,,,,,,,,,,,,,,,,,,,,,,,,,,,,,,,,,,,,,,,,,,,,,,,,,,,,,,,,,,,,,,,,,,,,,,,,,,,,,,,,,,,,,,,,,,,,,,,,,,,,,,,,,,,,,,,,,,,,,,,,,,,,,,,,,,,,,,,,,,,,,,,,,,,,,,,,,,,,,,,,,,,,,,,,,,,,,,,,,,,,,,,,,,,,,,,,,,,,,,,,
,,,,,,,,,,,,,,,,,,,,,,,,,,,,,,,,,,,,,,,,,,,,,,,,,,,,,,,,,,,,,,,,,,,,,,,,,,,,,,,,,,,,,,,,,,,,,,,,,,,,,,,,,,,,,,,,,,,,,,,,,,,,,,,,,,,,,,,,,,,,,,,,,,,,,,,,,,,,,,,,,,,,,,,,,,,,,,,,,,,,,,,,,,,,,,,,,,,,,,,,,,,,,,,,,,,,,,,,,,,,,,,,,,,,,,,,
,,,,,,,,,,,,,,,,,,,,,,,,,,,,,,,,,,,,,,,,,,,,,,,,,,,,,,,,,,,,,,,,,,,,,,,,,,,,,,,,,,,,,,,,,,,,,,,,,,,,,,,,,,,,,,,,,,,,,,,,,,,,,,,,,,,,,,,,,,,,,,,,,,,,,,,,,,,,,,,,,,,,,,,,,,,,,,,,,,,,,,,,,,,,,,,,,,,,,,,,,,,,,,,,,,,,,,,,,,,,,,,,,,,,,,,,
,,,,,,,,,,,,,,,,,,,,,,,,,,,,,,,,,,,,,,,,,,,,,,,,,,,,,,,,,,,,,,,,,,,,,,,,,,,,,,,,,,,,,,,,,,,,,,,,,,,,,,,,,,,,,,,,,,,,,,,,,,,,,,,,,,,,,,,,,,,,,,,,,,,,,,,,,,,,,,,,,,,,,,,,,,,,,,,,,,,,,,,,,,,,,,,,,,,,,,,,,,,,,,,,,,,,,,,,,,,,,,,,,,,,,,,,
,,,,,,,,,,,,,,,,,,,,,,,,,,,,,,,,,,,,,,,,,,,,,,,,,,,,,,,,,,,,,,,,,,,,,,,,,,,,,,,,,,,,,,,,,,,,,,,,,,,,,,,,,,,,,,,,,,,,,,,,,,,,,,,,,,,,,,,,,,,,,,,,,,,,,,,,,,,,,,,,,,,,,,,,,,,,,,,,,,,,,,,,,,,,,,,,,,,,,,,,,,,,,,,,,,,,,,,,,,,,,,,,,,,,,,,,
,,,,,,,,,,,,,,,,,,,,,,,,,,,,,,,,,,,,,,,,,,,,,,,,,,,,,,,,,,,,,,,,,,,,,,,,,,,,,,,,,,,,,,,,,,,,,,,,,,,,,,,,,,,,,,,,,,,,,,,,,,,,,,,,,,,,,,,,,,,,,,,,,,,,,,,,,,,,,,,,,,,,,,,,,,,,,,,,,,,,,,,,,,,,,,,,,,,,,,,,,,,,,,,,,,,,,,,,,,,,,,,,,,,,,,,,
,,,,,,,,,,,,,,,,,,,,,,,,,,,,,,,,,,,,,,,,,,,,,,,,,,,,,,,,,,,,,,,,,,,,,,,,,,,,,,,,,,,,,,,,,,,,,,,,,,,,,,,,,,,,,,,,,,,,,,,,,,,,,,,,,,,,,,,,,,,,,,,,,,,,,,,,,,,,,,,,,,,,,,,,,,,,,,,,,,,,,,,,,,,,,,,,,,,,,,,,,,,,,,,,,,,,,,,,,,,,,,,,,,,,,,,,
,,,,,,,,,,,,,,,,,,,,,,,,,,,,,,,,,,,,,,,,,,,,,,,,,,,,,,,,,,,,,,,,,,,,,,,,,,,,,,,,,,,,,,,,,,,,,,,,,,,,,,,,,,,,,,,,,,,,,,,,,,,,,,,,,,,,,,,,,,,,,,,,,,,,,,,,,,,,,,,,,,,,,,,,,,,,,,,,,,,,,,,,,,,,,,,,,,,,,,,,,,,,,,,,,,,,,,,,,,,,,,,,,,,,,,,,
,,,,,,,,,,,,,,,,,,,,,,,,,,,,,,,,,,,,,,,,,,,,,,,,,,,,,,,,,,,,,,,,,,,,,,,,,,,,,,,,,,,,,,,,,,,,,,,,,,,,,,,,,,,,,,,,,,,,,,,,,,,,,,,,,,,,,,,,,,,,,,,,,,,,,,,,,,,,,,,,,,,,,,,,,,,,,,,,,,,,,,,,,,,,,,,,,,,,,,,,,,,,,,,,,,,,,,,,,,,,,,,,,,,,,,,,
,,,,,,,,,,,,,,,,,,,,,,,,,,,,,,,,,,,,,,,,,,,,,,,,,,,,,,,,,,,,,,,,,,,,,,,,,,,,,,,,,,,,,,,,,,,,,,,,,,,,,,,,,,,,,,,,,,,,,,,,,,,,,,,,,,,,,,,,,,,,,,,,,,,,,,,,,,,,,,,,,,,,,,,,,,,,,,,,,,,,,,,,,,,,,,,,,,,,,,,,,,,,,,,,,,,,,,,,,,,,,,,,,,,,,,,,
,,,,,,,,,,,,,,,,,,,,,,,,,,,,,,,,,,,,,,,,,,,,,,,,,,,,,,,,,,,,,,,,,,,,,,,,,,,,,,,,,,,,,,,,,,,,,,,,,,,,,,,,,,,,,,,,,,,,,,,,,,,,,,,,,,,,,,,,,,,,,,,,,,,,,,,,,,,,,,,,,,,,,,,,,,,,,,,,,,,,,,,,,,,,,,,,,,,,,,,,,,,,,,,,,,,,,,,,,,,,,,,,,,,,,,,,
,,,,,,,,,,,,,,,,,,,,,,,,,,,,,,,,,,,,,,,,,,,,,,,,,,,,,,,,,,,,,,,,,,,,,,,,,,,,,,,,,,,,,,,,,,,,,,,,,,,,,,,,,,,,,,,,,,,,,,,,,,,,,,,,,,,,,,,,,,,,,,,,,,,,,,,,,,,,,,,,,,,,,,,,,,,,,,,,,,,,,,,,,,,,,,,,,,,,,,,,,,,,,,,,,,,,,,,,,,,,,,,,,,,,,,,,
,,,,,,,,,,,,,,,,,,,,,,,,,,,,,,,,,,,,,,,,,,,,,,,,,,,,,,,,,,,,,,,,,,,,,,,,,,,,,,,,,,,,,,,,,,,,,,,,,,,,,,,,,,,,,,,,,,,,,,,,,,,,,,,,,,,,,,,,,,,,,,,,,,,,,,,,,,,,,,,,,,,,,,,,,,,,,,,,,,,,,,,,,,,,,,,,,,,,,,,,,,,,,,,,,,,,,,,,,,,,,,,,,,,,,,,,
,,,,,,,,,,,,,,,,,,,,,,,,,,,,,,,,,,,,,,,,,,,,,,,,,,,,,,,,,,,,,,,,,,,,,,,,,,,,,,,,,,,,,,,,,,,,,,,,,,,,,,,,,,,,,,,,,,,,,,,,,,,,,,,,,,,,,,,,,,,,,,,,,,,,,,,,,,,,,,,,,,,,,,,,,,,,,,,,,,,,,,,,,,,,,,,,,,,,,,,,,,,,,,,,,,,,,,,,,,,,,,,,,,,,,,,,
,,,,,,,,,,,,,,,,,,,,,,,,,,,,,,,,,,,,,,,,,,,,,,,,,,,,,,,,,,,,,,,,,,,,,,,,,,,,,,,,,,,,,,,,,,,,,,,,,,,,,,,,,,,,,,,,,,,,,,,,,,,,,,,,,,,,,,,,,,,,,,,,,,,,,,,,,,,,,,,,,,,,,,,,,,,,,,,,,,,,,,,,,,,,,,,,,,,,,,,,,,,,,,,,,,,,,,,,,,,,,,,,,,,,,,,,
,,,,,,,,,,,,,,,,,,,,,,,,,,,,,,,,,,,,,,,,,,,,,,,,,,,,,,,,,,,,,,,,,,,,,,,,,,,,,,,,,,,,,,,,,,,,,,,,,,,,,,,,,,,,,,,,,,,,,,,,,,,,,,,,,,,,,,,,,,,,,,,,,,,,,,,,,,,,,,,,,,,,,,,,,,,,,,,,,,,,,,,,,,,,,,,,,,,,,,,,,,,,,,,,,,,,,,,,,,,,,,,,,,,,,,,,
,,,,,,,,,,,,,,,,,,,,,,,,,,,,,,,,,,,,,,,,,,,,,,,,,,,,,,,,,,,,,,,,,,,,,,,,,,,,,,,,,,,,,,,,,,,,,,,,,,,,,,,,,,,,,,,,,,,,,,,,,,,,,,,,,,,,,,,,,,,,,,,,,,,,,,,,,,,,,,,,,,,,,,,,,,,,,,,,,,,,,,,,,,,,,,,,,,,,,,,,,,,,,,,,,,,,,,,,,,,,,,,,,,,,,,,,
,,,,,,,,,,,,,,,,,,,,,,,,,,,,,,,,,,,,,,,,,,,,,,,,,,,,,,,,,,,,,,,,,,,,,,,,,,,,,,,,,,,,,,,,,,,,,,,,,,,,,,,,,,,,,,,,,,,,,,,,,,,,,,,,,,,,,,,,,,,,,,,,,,,,,,,,,,,,,,,,,,,,,,,,,,,,,,,,,,,,,,,,,,,,,,,,,,,,,,,,,,,,,,,,,,,,,,,,,,,,,,,,,,,,,,,,
,,,,,,,,,,,,,,,,,,,,,,,,,,,,,,,,,,,,,,,,,,,,,,,,,,,,,,,,,,,,,,,,,,,,,,,,,,,,,,,,,,,,,,,,,,,,,,,,,,,,,,,,,,,,,,,,,,,,,,,,,,,,,,,,,,,,,,,,,,,,,,,,,,,,,,,,,,,,,,,,,,,,,,,,,,,,,,,,,,,,,,,,,,,,,,,,,,,,,,,,,,,,,,,,,,,,,,,,,,,,,,,,,,,,,,,,
,,,,,,,,,,,,,,,,,,,,,,,,,,,,,,,,,,,,,,,,,,,,,,,,,,,,,,,,,,,,,,,,,,,,,,,,,,,,,,,,,,,,,,,,,,,,,,,,,,,,,,,,,,,,,,,,,,,,,,,,,,,,,,,,,,,,,,,,,,,,,,,,,,,,,,,,,,,,,,,,,,,,,,,,,,,,,,,,,,,,,,,,,,,,,,,,,,,,,,,,,,,,,,,,,,,,,,,,,,,,,,,,,,,,,,,,
,,,,,,,,,,,,,,,,,,,,,,,,,,,,,,,,,,,,,,,,,,,,,,,,,,,,,,,,,,,,,,,,,,,,,,,,,,,,,,,,,,,,,,,,,,,,,,,,,,,,,,,,,,,,,,,,,,,,,,,,,,,,,,,,,,,,,,,,,,,,,,,,,,,,,,,,,,,,,,,,,,,,,,,,,,,,,,,,,,,,,,,,,,,,,,,,,,,,,,,,,,,,,,,,,,,,,,,,,,,,,,,,,,,,,,,,
,,,,,,,,,,,,,,,,,,,,,,,,,,,,,,,,,,,,,,,,,,,,,,,,,,,,,,,,,,,,,,,,,,,,,,,,,,,,,,,,,,,,,,,,,,,,,,,,,,,,,,,,,,,,,,,,,,,,,,,,,,,,,,,,,,,,,,,,,,,,,,,,,,,,,,,,,,,,,,,,,,,,,,,,,,,,,,,,,,,,,,,,,,,,,,,,,,,,,,,,,,,,,,,,,,,,,,,,,,,,,,,,,,,,,,,,
,,,,,,,,,,,,,,,,,,,,,,,,,,,,,,,,,,,,,,,,,,,,,,,,,,,,,,,,,,,,,,,,,,,,,,,,,,,,,,,,,,,,,,,,,,,,,,,,,,,,,,,,,,,,,,,,,,,,,,,,,,,,,,,,,,,,,,,,,,,,,,,,,,,,,,,,,,,,,,,,,,,,,,,,,,,,,,,,,,,,,,,,,,,,,,,,,,,,,,,,,,,,,,,,,,,,,,,,,,,,,,,,,,,,,,,,
,,,,,,,,,,,,,,,,,,,,,,,,,,,,,,,,,,,,,,,,,,,,,,,,,,,,,,,,,,,,,,,,,,,,,,,,,,,,,,,,,,,,,,,,,,,,,,,,,,,,,,,,,,,,,,,,,,,,,,,,,,,,,,,,,,,,,,,,,,,,,,,,,,,,,,,,,,,,,,,,,,,,,,,,,,,,,,,,,,,,,,,,,,,,,,,,,,,,,,,,,,,,,,,,,,,,,,,,,,,,,,,,,,,,,,,,
,,,,,,,,,,,,,,,,,,,,,,,,,,,,,,,,,,,,,,,,,,,,,,,,,,,,,,,,,,,,,,,,,,,,,,,,,,,,,,,,,,,,,,,,,,,,,,,,,,,,,,,,,,,,,,,,,,,,,,,,,,,,,,,,,,,,,,,,,,,,,,,,,,,,,,,,,,,,,,,,,,,,,,,,,,,,,,,,,,,,,,,,,,,,,,,,,,,,,,,,,,,,,,,,,,,,,,,,,,,,,,,,,,,,,,,,
,,,,,,,,,,,,,,,,,,,,,,,,,,,,,,,,,,,,,,,,,,,,,,,,,,,,,,,,,,,,,,,,,,,,,,,,,,,,,,,,,,,,,,,,,,,,,,,,,,,,,,,,,,,,,,,,,,,,,,,,,,,,,,,,,,,,,,,,,,,,,,,,,,,,,,,,,,,,,,,,,,,,,,,,,,,,,,,,,,,,,,,,,,,,,,,,,,,,,,,,,,,,,,,,,,,,,,,,,,,,,,,,,,,,,,,,
,,,,,,,,,,,,,,,,,,,,,,,,,,,,,,,,,,,,,,,,,,,,,,,,,,,,,,,,,,,,,,,,,,,,,,,,,,,,,,,,,,,,,,,,,,,,,,,,,,,,,,,,,,,,,,,,,,,,,,,,,,,,,,,,,,,,,,,,,,,,,,,,,,,,,,,,,,,,,,,,,,,,,,,,,,,,,,,,,,,,,,,,,,,,,,,,,,,,,,,,,,,,,,,,,,,,,,,,,,,,,,,,,,,,,,,,
,,,,,,,,,,,,,,,,,,,,,,,,,,,,,,,,,,,,,,,,,,,,,,,,,,,,,,,,,,,,,,,,,,,,,,,,,,,,,,,,,,,,,,,,,,,,,,,,,,,,,,,,,,,,,,,,,,,,,,,,,,,,,,,,,,,,,,,,,,,,,,,,,,,,,,,,,,,,,,,,,,,,,,,,,,,,,,,,,,,,,,,,,,,,,,,,,,,,,,,,,,,,,,,,,,,,,,,,,,,,,,,,,,,,,,,,
,,,,,,,,,,,,,,,,,,,,,,,,,,,,,,,,,,,,,,,,,,,,,,,,,,,,,,,,,,,,,,,,,,,,,,,,,,,,,,,,,,,,,,,,,,,,,,,,,,,,,,,,,,,,,,,,,,,,,,,,,,,,,,,,,,,,,,,,,,,,,,,,,,,,,,,,,,,,,,,,,,,,,,,,,,,,,,,,,,,,,,,,,,,,,,,,,,,,,,,,,,,,,,,,,,,,,,,,,,,,,,,,,,,,,,,,
,,,,,,,,,,,,,,,,,,,,,,,,,,,,,,,,,,,,,,,,,,,,,,,,,,,,,,,,,,,,,,,,,,,,,,,,,,,,,,,,,,,,,,,,,,,,,,,,,,,,,,,,,,,,,,,,,,,,,,,,,,,,,,,,,,,,,,,,,,,,,,,,,,,,,,,,,,,,,,,,,,,,,,,,,,,,,,,,,,,,,,,,,,,,,,,,,,,,,,,,,,,,,,,,,,,,,,,,,,,,,,,,,,,,,,,,
,,,,,,,,,,,,,,,,,,,,,,,,,,,,,,,,,,,,,,,,,,,,,,,,,,,,,,,,,,,,,,,,,,,,,,,,,,,,,,,,,,,,,,,,,,,,,,,,,,,,,,,,,,,,,,,,,,,,,,,,,,,,,,,,,,,,,,,,,,,,,,,,,,,,,,,,,,,,,,,,,,,,,,,,,,,,,,,,,,,,,,,,,,,,,,,,,,,,,,,,,,,,,,,,,,,,,,,,,,,,,,,,,,,,,,,,
,,,,,,,,,,,,,,,,,,,,,,,,,,,,,,,,,,,,,,,,,,,,,,,,,,,,,,,,,,,,,,,,,,,,,,,,,,,,,,,,,,,,,,,,,,,,,,,,,,,,,,,,,,,,,,,,,,,,,,,,,,,,,,,,,,,,,,,,,,,,,,,,,,,,,,,,,,,,,,,,,,,,,,,,,,,,,,,,,,,,,,,,,,,,,,,,,,,,,,,,,,,,,,,,,,,,,,,,,,,,,,,,,,,,,,,,
,,,,,,,,,,,,,,,,,,,,,,,,,,,,,,,,,,,,,,,,,,,,,,,,,,,,,,,,,,,,,,,,,,,,,,,,,,,,,,,,,,,,,,,,,,,,,,,,,,,,,,,,,,,,,,,,,,,,,,,,,,,,,,,,,,,,,,,,,,,,,,,,,,,,,,,,,,,,,,,,,,,,,,,,,,,,,,,,,,,,,,,,,,,,,,,,,,,,,,,,,,,,,,,,,,,,,,,,,,,,,,,,,,,,,,,,
,,,,,,,,,,,,,,,,,,,,,,,,,,,,,,,,,,,,,,,,,,,,,,,,,,,,,,,,,,,,,,,,,,,,,,,,,,,,,,,,,,,,,,,,,,,,,,,,,,,,,,,,,,,,,,,,,,,,,,,,,,,,,,,,,,,,,,,,,,,,,,,,,,,,,,,,,,,,,,,,,,,,,,,,,,,,,,,,,,,,,,,,,,,,,,,,,,,,,,,,,,,,,,,,,,,,,,,,,,,,,,,,,,,,,,,,
,,,,,,,,,,,,,,,,,,,,,,,,,,,,,,,,,,,,,,,,,,,,,,,,,,,,,,,,,,,,,,,,,,,,,,,,,,,,,,,,,,,,,,,,,,,,,,,,,,,,,,,,,,,,,,,,,,,,,,,,,,,,,,,,,,,,,,,,,,,,,,,,,,,,,,,,,,,,,,,,,,,,,,,,,,,,,,,,,,,,,,,,,,,,,,,,,,,,,,,,,,,,,,,,,,,,,,,,,,,,,,,,,,,,,,,,
,,,,,,,,,,,,,,,,,,,,,,,,,,,,,,,,,,,,,,,,,,,,,,,,,,,,,,,,,,,,,,,,,,,,,,,,,,,,,,,,,,,,,,,,,,,,,,,,,,,,,,,,,,,,,,,,,,,,,,,,,,,,,,,,,,,,,,,,,,,,,,,,,,,,,,,,,,,,,,,,,,,,,,,,,,,,,,,,,,,,,,,,,,,,,,,,,,,,,,,,,,,,,,,,,,,,,,,,,,,,,,,,,,,,,,,,
,,,,,,,,,,,,,,,,,,,,,,,,,,,,,,,,,,,,,,,,,,,,,,,,,,,,,,,,,,,,,,,,,,,,,,,,,,,,,,,,,,,,,,,,,,,,,,,,,,,,,,,,,,,,,,,,,,,,,,,,,,,,,,,,,,,,,,,,,,,,,,,,,,,,,,,,,,,,,,,,,,,,,,,,,,,,,,,,,,,,,,,,,,,,,,,,,,,,,,,,,,,,,,,,,,,,,,,,,,,,,,,,,,,,,,,,
,,,,,,,,,,,,,,,,,,,,,,,,,,,,,,,,,,,,,,,,,,,,,,,,,,,,,,,,,,,,,,,,,,,,,,,,,,,,,,,,,,,,,,,,,,,,,,,,,,,,,,,,,,,,,,,,,,,,,,,,,,,,,,,,,,,,,,,,,,,,,,,,,,,,,,,,,,,,,,,,,,,,,,,,,,,,,,,,,,,,,,,,,,,,,,,,,,,,,,,,,,,,,,,,,,,,,,,,,,,,,,,,,,,,,,,,
,,,,,,,,,,,,,,,,,,,,,,,,,,,,,,,,,,,,,,,,,,,,,,,,,,,,,,,,,,,,,,,,,,,,,,,,,,,,,,,,,,,,,,,,,,,,,,,,,,,,,,,,,,,,,,,,,,,,,,,,,,,,,,,,,,,,,,,,,,,,,,,,,,,,,,,,,,,,,,,,,,,,,,,,,,,,,,,,,,,,,,,,,,,,,,,,,,,,,,,,,,,,,,,,,,,,,,,,,,,,,,,,,,,,,,,,
,,,,,,,,,,,,,,,,,,,,,,,,,,,,,,,,,,,,,,,,,,,,,,,,,,,,,,,,,,,,,,,,,,,,,,,,,,,,,,,,,,,,,,,,,,,,,,,,,,,,,,,,,,,,,,,,,,,,,,,,,,,,,,,,,,,,,,,,,,,,,,,,,,,,,,,,,,,,,,,,,,,,,,,,,,,,,,,,,,,,,,,,,,,,,,,,,,,,,,,,,,,,,,,,,,,,,,,,,,,,,,,,,,,,,,,,
,,,,,,,,,,,,,,,,,,,,,,,,,,,,,,,,,,,,,,,,,,,,,,,,,,,,,,,,,,,,,,,,,,,,,,,,,,,,,,,,,,,,,,,,,,,,,,,,,,,,,,,,,,,,,,,,,,,,,,,,,,,,,,,,,,,,,,,,,,,,,,,,,,,,,,,,,,,,,,,,,,,,,,,,,,,,,,,,,,,,,,,,,,,,,,,,,,,,,,,,,,,,,,,,,,,,,,,,,,,,,,,,,,,,,,,,
,,,,,,,,,,,,,,,,,,,,,,,,,,,,,,,,,,,,,,,,,,,,,,,,,,,,,,,,,,,,,,,,,,,,,,,,,,,,,,,,,,,,,,,,,,,,,,,,,,,,,,,,,,,,,,,,,,,,,,,,,,,,,,,,,,,,,,,,,,,,,,,,,,,,,,,,,,,,,,,,,,,,,,,,,,,,,,,,,,,,,,,,,,,,,,,,,,,,,,,,,,,,,,,,,,,,,,,,,,,,,,,,,,,,,,,,
,,,,,,,,,,,,,,,,,,,,,,,,,,,,,,,,,,,,,,,,,,,,,,,,,,,,,,,,,,,,,,,,,,,,,,,,,,,,,,,,,,,,,,,,,,,,,,,,,,,,,,,,,,,,,,,,,,,,,,,,,,,,,,,,,,,,,,,,,,,,,,,,,,,,,,,,,,,,,,,,,,,,,,,,,,,,,,,,,,,,,,,,,,,,,,,,,,,,,,,,,,,,,,,,,,,,,,,,,,,,,,,,,,,,,,,,
,,,,,,,,,,,,,,,,,,,,,,,,,,,,,,,,,,,,,,,,,,,,,,,,,,,,,,,,,,,,,,,,,,,,,,,,,,,,,,,,,,,,,,,,,,,,,,,,,,,,,,,,,,,,,,,,,,,,,,,,,,,,,,,,,,,,,,,,,,,,,,,,,,,,,,,,,,,,,,,,,,,,,,,,,,,,,,,,,,,,,,,,,,,,,,,,,,,,,,,,,,,,,,,,,,,,,,,,,,,,,,,,,,,,,,,,
,,,,,,,,,,,,,,,,,,,,,,,,,,,,,,,,,,,,,,,,,,,,,,,,,,,,,,,,,,,,,,,,,,,,,,,,,,,,,,,,,,,,,,,,,,,,,,,,,,,,,,,,,,,,,,,,,,,,,,,,,,,,,,,,,,,,,,,,,,,,,,,,,,,,,,,,,,,,,,,,,,,,,,,,,,,,,,,,,,,,,,,,,,,,,,,,,,,,,,,,,,,,,,,,,,,,,,,,,,,,,,,,,,,,,,,,
,,,,,,,,,,,,,,,,,,,,,,,,,,,,,,,,,,,,,,,,,,,,,,,,,,,,,,,,,,,,,,,,,,,,,,,,,,,,,,,,,,,,,,,,,,,,,,,,,,,,,,,,,,,,,,,,,,,,,,,,,,,,,,,,,,,,,,,,,,,,,,,,,,,,,,,,,,,,,,,,,,,,,,,,,,,,,,,,,,,,,,,,,,,,,,,,,,,,,,,,,,,,,,,,,,,,,,,,,,,,,,,,,,,,,,,,
,,,,,,,,,,,,,,,,,,,,,,,,,,,,,,,,,,,,,,,,,,,,,,,,,,,,,,,,,,,,,,,,,,,,,,,,,,,,,,,,,,,,,,,,,,,,,,,,,,,,,,,,,,,,,,,,,,,,,,,,,,,,,,,,,,,,,,,,,,,,,,,,,,,,,,,,,,,,,,,,,,,,,,,,,,,,,,,,,,,,,,,,,,,,,,,,,,,,,,,,,,,,,,,,,,,,,,,,,,,,,,,,,,,,,,,,
,,,,,,,,,,,,,,,,,,,,,,,,,,,,,,,,,,,,,,,,,,,,,,,,,,,,,,,,,,,,,,,,,,,,,,,,,,,,,,,,,,,,,,,,,,,,,,,,,,,,,,,,,,,,,,,,,,,,,,,,,,,,,,,,,,,,,,,,,,,,,,,,,,,,,,,,,,,,,,,,,,,,,,,,,,,,,,,,,,,,,,,,,,,,,,,,,,,,,,,,,,,,,,,,,,,,,,,,,,,,,,,,,,,,,,,,
,,,,,,,,,,,,,,,,,,,,,,,,,,,,,,,,,,,,,,,,,,,,,,,,,,,,,,,,,,,,,,,,,,,,,,,,,,,,,,,,,,,,,,,,,,,,,,,,,,,,,,,,,,,,,,,,,,,,,,,,,,,,,,,,,,,,,,,,,,,,,,,,,,,,,,,,,,,,,,,,,,,,,,,,,,,,,,,,,,,,,,,,,,,,,,,,,,,,,,,,,,,,,,,,,,,,,,,,,,,,,,,,,,,,,,,,
,,,,,,,,,,,,,,,,,,,,,,,,,,,,,,,,,,,,,,,,,,,,,,,,,,,,,,,,,,,,,,,,,,,,,,,,,,,,,,,,,,,,,,,,,,,,,,,,,,,,,,,,,,,,,,,,,,,,,,,,,,,,,,,,,,,,,,,,,,,,,,,,,,,,,,,,,,,,,,,,,,,,,,,,,,,,,,,,,,,,,,,,,,,,,,,,,,,,,,,,,,,,,,,,,,,,,,,,,,,,,,,,,,,,,,,,
,,,,,,,,,,,,,,,,,,,,,,,,,,,,,,,,,,,,,,,,,,,,,,,,,,,,,,,,,,,,,,,,,,,,,,,,,,,,,,,,,,,,,,,,,,,,,,,,,,,,,,,,,,,,,,,,,,,,,,,,,,,,,,,,,,,,,,,,,,,,,,,,,,,,,,,,,,,,,,,,,,,,,,,,,,,,,,,,,,,,,,,,,,,,,,,,,,,,,,,,,,,,,,,,,,,,,,,,,,,,,,,,,,,,,,,,
,,,,,,,,,,,,,,,,,,,,,,,,,,,,,,,,,,,,,,,,,,,,,,,,,,,,,,,,,,,,,,,,,,,,,,,,,,,,,,,,,,,,,,,,,,,,,,,,,,,,,,,,,,,,,,,,,,,,,,,,,,,,,,,,,,,,,,,,,,,,,,,,,,,,,,,,,,,,,,,,,,,,,,,,,,,,,,,,,,,,,,,,,,,,,,,,,,,,,,,,,,,,,,,,,,,,,,,,,,,,,,,,,,,,,,,,
,,,,,,,,,,,,,,,,,,,,,,,,,,,,,,,,,,,,,,,,,,,,,,,,,,,,,,,,,,,,,,,,,,,,,,,,,,,,,,,,,,,,,,,,,,,,,,,,,,,,,,,,,,,,,,,,,,,,,,,,,,,,,,,,,,,,,,,,,,,,,,,,,,,,,,,,,,,,,,,,,,,,,,,,,,,,,,,,,,,,,,,,,,,,,,,,,,,,,,,,,,,,,,,,,,,,,,,,,,,,,,,,,,,,,,,,
,,,,,,,,,,,,,,,,,,,,,,,,,,,,,,,,,,,,,,,,,,,,,,,,,,,,,,,,,,,,,,,,,,,,,,,,,,,,,,,,,,,,,,,,,,,,,,,,,,,,,,,,,,,,,,,,,,,,,,,,,,,,,,,,,,,,,,,,,,,,,,,,,,,,,,,,,,,,,,,,,,,,,,,,,,,,,,,,,,,,,,,,,,,,,,,,,,,,,,,,,,,,,,,,,,,,,,,,,,,,,,,,,,,,,,,,
,,,,,,,,,,,,,,,,,,,,,,,,,,,,,,,,,,,,,,,,,,,,,,,,,,,,,,,,,,,,,,,,,,,,,,,,,,,,,,,,,,,,,,,,,,,,,,,,,,,,,,,,,,,,,,,,,,,,,,,,,,,,,,,,,,,,,,,,,,,,,,,,,,,,,,,,,,,,,,,,,,,,,,,,,,,,,,,,,,,,,,,,,,,,,,,,,,,,,,,,,,,,,,,,,,,,,,,,,,,,,,,,,,,,,,,,
,,,,,,,,,,,,,,,,,,,,,,,,,,,,,,,,,,,,,,,,,,,,,,,,,,,,,,,,,,,,,,,,,,,,,,,,,,,,,,,,,,,,,,,,,,,,,,,,,,,,,,,,,,,,,,,,,,,,,,,,,,,,,,,,,,,,,,,,,,,,,,,,,,,,,,,,,,,,,,,,,,,,,,,,,,,,,,,,,,,,,,,,,,,,,,,,,,,,,,,,,,,,,,,,,,,,,,,,,,,,,,,,,,,,,,,,
,,,,,,,,,,,,,,,,,,,,,,,,,,,,,,,,,,,,,,,,,,,,,,,,,,,,,,,,,,,,,,,,,,,,,,,,,,,,,,,,,,,,,,,,,,,,,,,,,,,,,,,,,,,,,,,,,,,,,,,,,,,,,,,,,,,,,,,,,,,,,,,,,,,,,,,,,,,,,,,,,,,,,,,,,,,,,,,,,,,,,,,,,,,,,,,,,,,,,,,,,,,,,,,,,,,,,,,,,,,,,,,,,,,,,,,,
,,,,,,,,,,,,,,,,,,,,,,,,,,,,,,,,,,,,,,,,,,,,,,,,,,,,,,,,,,,,,,,,,,,,,,,,,,,,,,,,,,,,,,,,,,,,,,,,,,,,,,,,,,,,,,,,,,,,,,,,,,,,,,,,,,,,,,,,,,,,,,,,,,,,,,,,,,,,,,,,,,,,,,,,,,,,,,,,,,,,,,,,,,,,,,,,,,,,,,,,,,,,,,,,,,,,,,,,,,,,,,,,,,,,,,,,
,,,,,,,,,,,,,,,,,,,,,,,,,,,,,,,,,,,,,,,,,,,,,,,,,,,,,,,,,,,,,,,,,,,,,,,,,,,,,,,,,,,,,,,,,,,,,,,,,,,,,,,,,,,,,,,,,,,,,,,,,,,,,,,,,,,,,,,,,,,,,,,,,,,,,,,,,,,,,,,,,,,,,,,,,,,,,,,,,,,,,,,,,,,,,,,,,,,,,,,,,,,,,,,,,,,,,,,,,,,,,,,,,,,,,,,,
,,,,,,,,,,,,,,,,,,,,,,,,,,,,,,,,,,,,,,,,,,,,,,,,,,,,,,,,,,,,,,,,,,,,,,,,,,,,,,,,,,,,,,,,,,,,,,,,,,,,,,,,,,,,,,,,,,,,,,,,,,,,,,,,,,,,,,,,,,,,,,,,,,,,,,,,,,,,,,,,,,,,,,,,,,,,,,,,,,,,,,,,,,,,,,,,,,,,,,,,,,,,,,,,,,,,,,,,,,,,,,,,,,,,,,,,
,,,,,,,,,,,,,,,,,,,,,,,,,,,,,,,,,,,,,,,,,,,,,,,,,,,,,,,,,,,,,,,,,,,,,,,,,,,,,,,,,,,,,,,,,,,,,,,,,,,,,,,,,,,,,,,,,,,,,,,,,,,,,,,,,,,,,,,,,,,,,,,,,,,,,,,,,,,,,,,,,,,,,,,,,,,,,,,,,,,,,,,,,,,,,,,,,,,,,,,,,,,,,,,,,,,,,,,,,,,,,,,,,,,,,,,,
,,,,,,,,,,,,,,,,,,,,,,,,,,,,,,,,,,,,,,,,,,,,,,,,,,,,,,,,,,,,,,,,,,,,,,,,,,,,,,,,,,,,,,,,,,,,,,,,,,,,,,,,,,,,,,,,,,,,,,,,,,,,,,,,,,,,,,,,,,,,,,,,,,,,,,,,,,,,,,,,,,,,,,,,,,,,,,,,,,,,,,,,,,,,,,,,,,,,,,,,,,,,,,,,,,,,,,,,,,,,,,,,,,,,,,,,
,,,,,,,,,,,,,,,,,,,,,,,,,,,,,,,,,,,,,,,,,,,,,,,,,,,,,,,,,,,,,,,,,,,,,,,,,,,,,,,,,,,,,,,,,,,,,,,,,,,,,,,,,,,,,,,,,,,,,,,,,,,,,,,,,,,,,,,,,,,,,,,,,,,,,,,,,,,,,,,,,,,,,,,,,,,,,,,,,,,,,,,,,,,,,,,,,,,,,,,,,,,,,,,,,,,,,,,,,,,,,,,,,,,,,,,,
,,,,,,,,,,,,,,,,,,,,,,,,,,,,,,,,,,,,,,,,,,,,,,,,,,,,,,,,,,,,,,,,,,,,,,,,,,,,,,,,,,,,,,,,,,,,,,,,,,,,,,,,,,,,,,,,,,,,,,,,,,,,,,,,,,,,,,,,,,,,,,,,,,,,,,,,,,,,,,,,,,,,,,,,,,,,,,,,,,,,,,,,,,,,,,,,,,,,,,,,,,,,,,,,,,,,,,,,,,,,,,,,,,,,,,,,
,,,,,,,,,,,,,,,,,,,,,,,,,,,,,,,,,,,,,,,,,,,,,,,,,,,,,,,,,,,,,,,,,,,,,,,,,,,,,,,,,,,,,,,,,,,,,,,,,,,,,,,,,,,,,,,,,,,,,,,,,,,,,,,,,,,,,,,,,,,,,,,,,,,,,,,,,,,,,,,,,,,,,,,,,,,,,,,,,,,,,,,,,,,,,,,,,,,,,,,,,,,,,,,,,,,,,,,,,,,,,,,,,,,,,,,,
,,,,,,,,,,,,,,,,,,,,,,,,,,,,,,,,,,,,,,,,,,,,,,,,,,,,,,,,,,,,,,,,,,,,,,,,,,,,,,,,,,,,,,,,,,,,,,,,,,,,,,,,,,,,,,,,,,,,,,,,,,,,,,,,,,,,,,,,,,,,,,,,,,,,,,,,,,,,,,,,,,,,,,,,,,,,,,,,,,,,,,,,,,,,,,,,,,,,,,,,,,,,,,,,,,,,,,,,,,,,,,,,,,,,,,,,
,,,,,,,,,,,,,,,,,,,,,,,,,,,,,,,,,,,,,,,,,,,,,,,,,,,,,,,,,,,,,,,,,,,,,,,,,,,,,,,,,,,,,,,,,,,,,,,,,,,,,,,,,,,,,,,,,,,,,,,,,,,,,,,,,,,,,,,,,,,,,,,,,,,,,,,,,,,,,,,,,,,,,,,,,,,,,,,,,,,,,,,,,,,,,,,,,,,,,,,,,,,,,,,,,,,,,,,,,,,,,,,,,,,,,,,,
,,,,,,,,,,,,,,,,,,,,,,,,,,,,,,,,,,,,,,,,,,,,,,,,,,,,,,,,,,,,,,,,,,,,,,,,,,,,,,,,,,,,,,,,,,,,,,,,,,,,,,,,,,,,,,,,,,,,,,,,,,,,,,,,,,,,,,,,,,,,,,,,,,,,,,,,,,,,,,,,,,,,,,,,,,,,,,,,,,,,,,,,,,,,,,,,,,,,,,,,,,,,,,,,,,,,,,,,,,,,,,,,,,,,,,,,
,,,,,,,,,,,,,,,,,,,,,,,,,,,,,,,,,,,,,,,,,,,,,,,,,,,,,,,,,,,,,,,,,,,,,,,,,,,,,,,,,,,,,,,,,,,,,,,,,,,,,,,,,,,,,,,,,,,,,,,,,,,,,,,,,,,,,,,,,,,,,,,,,,,,,,,,,,,,,,,,,,,,,,,,,,,,,,,,,,,,,,,,,,,,,,,,,,,,,,,,,,,,,,,,,,,,,,,,,,,,,,,,,,,,,,,,
,,,,,,,,,,,,,,,,,,,,,,,,,,,,,,,,,,,,,,,,,,,,,,,,,,,,,,,,,,,,,,,,,,,,,,,,,,,,,,,,,,,,,,,,,,,,,,,,,,,,,,,,,,,,,,,,,,,,,,,,,,,,,,,,,,,,,,,,,,,,,,,,,,,,,,,,,,,,,,,,,,,,,,,,,,,,,,,,,,,,,,,,,,,,,,,,,,,,,,,,,,,,,,,,,,,,,,,,,,,,,,,,,,,,,,,,
,,,,,,,,,,,,,,,,,,,,,,,,,,,,,,,,,,,,,,,,,,,,,,,,,,,,,,,,,,,,,,,,,,,,,,,,,,,,,,,,,,,,,,,,,,,,,,,,,,,,,,,,,,,,,,,,,,,,,,,,,,,,,,,,,,,,,,,,,,,,,,,,,,,,,,,,,,,,,,,,,,,,,,,,,,,,,,,,,,,,,,,,,,,,,,,,,,,,,,,,,,,,,,,,,,,,,,,,,,,,,,,,,,,,,,,,
,,,,,,,,,,,,,,,,,,,,,,,,,,,,,,,,,,,,,,,,,,,,,,,,,,,,,,,,,,,,,,,,,,,,,,,,,,,,,,,,,,,,,,,,,,,,,,,,,,,,,,,,,,,,,,,,,,,,,,,,,,,,,,,,,,,,,,,,,,,,,,,,,,,,,,,,,,,,,,,,,,,,,,,,,,,,,,,,,,,,,,,,,,,,,,,,,,,,,,,,,,,,,,,,,,,,,,,,,,,,,,,,,,,,,,,,
,,,,,,,,,,,,,,,,,,,,,,,,,,,,,,,,,,,,,,,,,,,,,,,,,,,,,,,,,,,,,,,,,,,,,,,,,,,,,,,,,,,,,,,,,,,,,,,,,,,,,,,,,,,,,,,,,,,,,,,,,,,,,,,,,,,,,,,,,,,,,,,,,,,,,,,,,,,,,,,,,,,,,,,,,,,,,,,,,,,,,,,,,,,,,,,,,,,,,,,,,,,,,,,,,,,,,,,,,,,,,,,,,,,,,,,,
,,,,,,,,,,,,,,,,,,,,,,,,,,,,,,,,,,,,,,,,,,,,,,,,,,,,,,,,,,,,,,,,,,,,,,,,,,,,,,,,,,,,,,,,,,,,,,,,,,,,,,,,,,,,,,,,,,,,,,,,,,,,,,,,,,,,,,,,,,,,,,,,,,,,,,,,,,,,,,,,,,,,,,,,,,,,,,,,,,,,,,,,,,,,,,,,,,,,,,,,,,,,,,,,,,,,,,,,,,,,,,,,,,,,,,,,
,,,,,,,,,,,,,,,,,,,,,,,,,,,,,,,,,,,,,,,,,,,,,,,,,,,,,,,,,,,,,,,,,,,,,,,,,,,,,,,,,,,,,,,,,,,,,,,,,,,,,,,,,,,,,,,,,,,,,,,,,,,,,,,,,,,,,,,,,,,,,,,,,,,,,,,,,,,,,,,,,,,,,,,,,,,,,,,,,,,,,,,,,,,,,,,,,,,,,,,,,,,,,,,,,,,,,,,,,,,,,,,,,,,,,,,,
,,,,,,,,,,,,,,,,,,,,,,,,,,,,,,,,,,,,,,,,,,,,,,,,,,,,,,,,,,,,,,,,,,,,,,,,,,,,,,,,,,,,,,,,,,,,,,,,,,,,,,,,,,,,,,,,,,,,,,,,,,,,,,,,,,,,,,,,,,,,,,,,,,,,,,,,,,,,,,,,,,,,,,,,,,,,,,,,,,,,,,,,,,,,,,,,,,,,,,,,,,,,,,,,,,,,,,,,,,,,,,,,,,,,,,,,
,,,,,,,,,,,,,,,,,,,,,,,,,,,,,,,,,,,,,,,,,,,,,,,,,,,,,,,,,,,,,,,,,,,,,,,,,,,,,,,,,,,,,,,,,,,,,,,,,,,,,,,,,,,,,,,,,,,,,,,,,,,,,,,,,,,,,,,,,,,,,,,,,,,,,,,,,,,,,,,,,,,,,,,,,,,,,,,,,,,,,,,,,,,,,,,,,,,,,,,,,,,,,,,,,,,,,,,,,,,,,,,,,,,,,,,,
,,,,,,,,,,,,,,,,,,,,,,,,,,,,,,,,,,,,,,,,,,,,,,,,,,,,,,,,,,,,,,,,,,,,,,,,,,,,,,,,,,,,,,,,,,,,,,,,,,,,,,,,,,,,,,,,,,,,,,,,,,,,,,,,,,,,,,,,,,,,,,,,,,,,,,,,,,,,,,,,,,,,,,,,,,,,,,,,,,,,,,,,,,,,,,,,,,,,,,,,,,,,,,,,,,,,,,,,,,,,,,,,,,,,,,,,
,,,,,,,,,,,,,,,,,,,,,,,,,,,,,,,,,,,,,,,,,,,,,,,,,,,,,,,,,,,,,,,,,,,,,,,,,,,,,,,,,,,,,,,,,,,,,,,,,,,,,,,,,,,,,,,,,,,,,,,,,,,,,,,,,,,,,,,,,,,,,,,,,,,,,,,,,,,,,,,,,,,,,,,,,,,,,,,,,,,,,,,,,,,,,,,,,,,,,,,,,,,,,,,,,,,,,,,,,,,,,,,,,,,,,,,,
,,,,,,,,,,,,,,,,,,,,,,,,,,,,,,,,,,,,,,,,,,,,,,,,,,,,,,,,,,,,,,,,,,,,,,,,,,,,,,,,,,,,,,,,,,,,,,,,,,,,,,,,,,,,,,,,,,,,,,,,,,,,,,,,,,,,,,,,,,,,,,,,,,,,,,,,,,,,,,,,,,,,,,,,,,,,,,,,,,,,,,,,,,,,,,,,,,,,,,,,,,,,,,,,,,,,,,,,,,,,,,,,,,,,,,,,
,,,,,,,,,,,,,,,,,,,,,,,,,,,,,,,,,,,,,,,,,,,,,,,,,,,,,,,,,,,,,,,,,,,,,,,,,,,,,,,,,,,,,,,,,,,,,,,,,,,,,,,,,,,,,,,,,,,,,,,,,,,,,,,,,,,,,,,,,,,,,,,,,,,,,,,,,,,,,,,,,,,,,,,,,,,,,,,,,,,,,,,,,,,,,,,,,,,,,,,,,,,,,,,,,,,,,,,,,,,,,,,,,,,,,,,,
,,,,,,,,,,,,,,,,,,,,,,,,,,,,,,,,,,,,,,,,,,,,,,,,,,,,,,,,,,,,,,,,,,,,,,,,,,,,,,,,,,,,,,,,,,,,,,,,,,,,,,,,,,,,,,,,,,,,,,,,,,,,,,,,,,,,,,,,,,,,,,,,,,,,,,,,,,,,,,,,,,,,,,,,,,,,,,,,,,,,,,,,,,,,,,,,,,,,,,,,,,,,,,,,,,,,,,,,,,,,,,,,,,,,,,,,
,,,,,,,,,,,,,,,,,,,,,,,,,,,,,,,,,,,,,,,,,,,,,,,,,,,,,,,,,,,,,,,,,,,,,,,,,,,,,,,,,,,,,,,,,,,,,,,,,,,,,,,,,,,,,,,,,,,,,,,,,,,,,,,,,,,,,,,,,,,,,,,,,,,,,,,,,,,,,,,,,,,,,,,,,,,,,,,,,,,,,,,,,,,,,,,,,,,,,,,,,,,,,,,,,,,,,,,,,,,,,,,,,,,,,,,,
,,,,,,,,,,,,,,,,,,,,,,,,,,,,,,,,,,,,,,,,,,,,,,,,,,,,,,,,,,,,,,,,,,,,,,,,,,,,,,,,,,,,,,,,,,,,,,,,,,,,,,,,,,,,,,,,,,,,,,,,,,,,,,,,,,,,,,,,,,,,,,,,,,,,,,,,,,,,,,,,,,,,,,,,,,,,,,,,,,,,,,,,,,,,,,,,,,,,,,,,,,,,,,,,,,,,,,,,,,,,,,,,,,,,,,,,
,,,,,,,,,,,,,,,,,,,,,,,,,,,,,,,,,,,,,,,,,,,,,,,,,,,,,,,,,,,,,,,,,,,,,,,,,,,,,,,,,,,,,,,,,,,,,,,,,,,,,,,,,,,,,,,,,,,,,,,,,,,,,,,,,,,,,,,,,,,,,,,,,,,,,,,,,,,,,,,,,,,,,,,,,,,,,,,,,,,,,,,,,,,,,,,,,,,,,,,,,,,,,,,,,,,,,,,,,,,,,,,,,,,,,,,,
,,,,,,,,,,,,,,,,,,,,,,,,,,,,,,,,,,,,,,,,,,,,,,,,,,,,,,,,,,,,,,,,,,,,,,,,,,,,,,,,,,,,,,,,,,,,,,,,,,,,,,,,,,,,,,,,,,,,,,,,,,,,,,,,,,,,,,,,,,,,,,,,,,,,,,,,,,,,,,,,,,,,,,,,,,,,,,,,,,,,,,,,,,,,,,,,,,,,,,,,,,,,,,,,,,,,,,,,,,,,,,,,,,,,,,,,
,,,,,,,,,,,,,,,,,,,,,,,,,,,,,,,,,,,,,,,,,,,,,,,,,,,,,,,,,,,,,,,,,,,,,,,,,,,,,,,,,,,,,,,,,,,,,,,,,,,,,,,,,,,,,,,,,,,,,,,,,,,,,,,,,,,,,,,,,,,,,,,,,,,,,,,,,,,,,,,,,,,,,,,,,,,,,,,,,,,,,,,,,,,,,,,,,,,,,,,,,,,,,,,,,,,,,,,,,,,,,,,,,,,,,,,,
,,,,,,,,,,,,,,,,,,,,,,,,,,,,,,,,,,,,,,,,,,,,,,,,,,,,,,,,,,,,,,,,,,,,,,,,,,,,,,,,,,,,,,,,,,,,,,,,,,,,,,,,,,,,,,,,,,,,,,,,,,,,,,,,,,,,,,,,,,,,,,,,,,,,,,,,,,,,,,,,,,,,,,,,,,,,,,,,,,,,,,,,,,,,,,,,,,,,,,,,,,,,,,,,,,,,,,,,,,,,,,,,,,,,,,,,
,,,,,,,,,,,,,,,,,,,,,,,,,,,,,,,,,,,,,,,,,,,,,,,,,,,,,,,,,,,,,,,,,,,,,,,,,,,,,,,,,,,,,,,,,,,,,,,,,,,,,,,,,,,,,,,,,,,,,,,,,,,,,,,,,,,,,,,,,,,,,,,,,,,,,,,,,,,,,,,,,,,,,,,,,,,,,,,,,,,,,,,,,,,,,,,,,,,,,,,,,,,,,,,,,,,,,,,,,,,,,,,,,,,,,,,,
,,,,,,,,,,,,,,,,,,,,,,,,,,,,,,,,,,,,,,,,,,,,,,,,,,,,,,,,,,,,,,,,,,,,,,,,,,,,,,,,,,,,,,,,,,,,,,,,,,,,,,,,,,,,,,,,,,,,,,,,,,,,,,,,,,,,,,,,,,,,,,,,,,,,,,,,,,,,,,,,,,,,,,,,,,,,,,,,,,,,,,,,,,,,,,,,,,,,,,,,,,,,,,,,,,,,,,,,,,,,,,,,,,,,,,,,
,,,,,,,,,,,,,,,,,,,,,,,,,,,,,,,,,,,,,,,,,,,,,,,,,,,,,,,,,,,,,,,,,,,,,,,,,,,,,,,,,,,,,,,,,,,,,,,,,,,,,,,,,,,,,,,,,,,,,,,,,,,,,,,,,,,,,,,,,,,,,,,,,,,,,,,,,,,,,,,,,,,,,,,,,,,,,,,,,,,,,,,,,,,,,,,,,,,,,,,,,,,,,,,,,,,,,,,,,,,,,,,,,,,,,,,,
,,,,,,,,,,,,,,,,,,,,,,,,,,,,,,,,,,,,,,,,,,,,,,,,,,,,,,,,,,,,,,,,,,,,,,,,,,,,,,,,,,,,,,,,,,,,,,,,,,,,,,,,,,,,,,,,,,,,,,,,,,,,,,,,,,,,,,,,,,,,,,,,,,,,,,,,,,,,,,,,,,,,,,,,,,,,,,,,,,,,,,,,,,,,,,,,,,,,,,,,,,,,,,,,,,,,,,,,,,,,,,,,,,,,,,,,
,,,,,,,,,,,,,,,,,,,,,,,,,,,,,,,,,,,,,,,,,,,,,,,,,,,,,,,,,,,,,,,,,,,,,,,,,,,,,,,,,,,,,,,,,,,,,,,,,,,,,,,,,,,,,,,,,,,,,,,,,,,,,,,,,,,,,,,,,,,,,,,,,,,,,,,,,,,,,,,,,,,,,,,,,,,,,,,,,,,,,,,,,,,,,,,,,,,,,,,,,,,,,,,,,,,,,,,,,,,,,,,,,,,,,,,,
,,,,,,,,,,,,,,,,,,,,,,,,,,,,,,,,,,,,,,,,,,,,,,,,,,,,,,,,,,,,,,,,,,,,,,,,,,,,,,,,,,,,,,,,,,,,,,,,,,,,,,,,,,,,,,,,,,,,,,,,,,,,,,,,,,,,,,,,,,,,,,,,,,,,,,,,,,,,,,,,,,,,,,,,,,,,,,,,,,,,,,,,,,,,,,,,,,,,,,,,,,,,,,,,,,,,,,,,,,,,,,,,,,,,,,,,
,,,,,,,,,,,,,,,,,,,,,,,,,,,,,,,,,,,,,,,,,,,,,,,,,,,,,,,,,,,,,,,,,,,,,,,,,,,,,,,,,,,,,,,,,,,,,,,,,,,,,,,,,,,,,,,,,,,,,,,,,,,,,,,,,,,,,,,,,,,,,,,,,,,,,,,,,,,,,,,,,,,,,,,,,,,,,,,,,,,,,,,,,,,,,,,,,,,,,,,,,,,,,,,,,,,,,,,,,,,,,,,,,,,,,,,,
,,,,,,,,,,,,,,,,,,,,,,,,,,,,,,,,,,,,,,,,,,,,,,,,,,,,,,,,,,,,,,,,,,,,,,,,,,,,,,,,,,,,,,,,,,,,,,,,,,,,,,,,,,,,,,,,,,,,,,,,,,,,,,,,,,,,,,,,,,,,,,,,,,,,,,,,,,,,,,,,,,,,,,,,,,,,,,,,,,,,,,,,,,,,,,,,,,,,,,,,,,,,,,,,,,,,,,,,,,,,,,,,,,,,,,,,
,,,,,,,,,,,,,,,,,,,,,,,,,,,,,,,,,,,,,,,,,,,,,,,,,,,,,,,,,,,,,,,,,,,,,,,,,,,,,,,,,,,,,,,,,,,,,,,,,,,,,,,,,,,,,,,,,,,,,,,,,,,,,,,,,,,,,,,,,,,,,,,,,,,,,,,,,,,,,,,,,,,,,,,,,,,,,,,,,,,,,,,,,,,,,,,,,,,,,,,,,,,,,,,,,,,,,,,,,,,,,,,,,,,,,,,,
,,,,,,,,,,,,,,,,,,,,,,,,,,,,,,,,,,,,,,,,,,,,,,,,,,,,,,,,,,,,,,,,,,,,,,,,,,,,,,,,,,,,,,,,,,,,,,,,,,,,,,,,,,,,,,,,,,,,,,,,,,,,,,,,,,,,,,,,,,,,,,,,,,,,,,,,,,,,,,,,,,,,,,,,,,,,,,,,,,,,,,,,,,,,,,,,,,,,,,,,,,,,,,,,,,,,,,,,,,,,,,,,,,,,,,,,
,,,,,,,,,,,,,,,,,,,,,,,,,,,,,,,,,,,,,,,,,,,,,,,,,,,,,,,,,,,,,,,,,,,,,,,,,,,,,,,,,,,,,,,,,,,,,,,,,,,,,,,,,,,,,,,,,,,,,,,,,,,,,,,,,,,,,,,,,,,,,,,,,,,,,,,,,,,,,,,,,,,,,,,,,,,,,,,,,,,,,,,,,,,,,,,,,,,,,,,,,,,,,,,,,,,,,,,,,,,,,,,,,,,,,,,,
,,,,,,,,,,,,,,,,,,,,,,,,,,,,,,,,,,,,,,,,,,,,,,,,,,,,,,,,,,,,,,,,,,,,,,,,,,,,,,,,,,,,,,,,,,,,,,,,,,,,,,,,,,,,,,,,,,,,,,,,,,,,,,,,,,,,,,,,,,,,,,,,,,,,,,,,,,,,,,,,,,,,,,,,,,,,,,,,,,,,,,,,,,,,,,,,,,,,,,,,,,,,,,,,,,,,,,,,,,,,,,,,,,,,,,,,
,,,,,,,,,,,,,,,,,,,,,,,,,,,,,,,,,,,,,,,,,,,,,,,,,,,,,,,,,,,,,,,,,,,,,,,,,,,,,,,,,,,,,,,,,,,,,,,,,,,,,,,,,,,,,,,,,,,,,,,,,,,,,,,,,,,,,,,,,,,,,,,,,,,,,,,,,,,,,,,,,,,,,,,,,,,,,,,,,,,,,,,,,,,,,,,,,,,,,,,,,,,,,,,,,,,,,,,,,,,,,,,,,,,,,,,,
,,,,,,,,,,,,,,,,,,,,,,,,,,,,,,,,,,,,,,,,,,,,,,,,,,,,,,,,,,,,,,,,,,,,,,,,,,,,,,,,,,,,,,,,,,,,,,,,,,,,,,,,,,,,,,,,,,,,,,,,,,,,,,,,,,,,,,,,,,,,,,,,,,,,,,,,,,,,,,,,,,,,,,,,,,,,,,,,,,,,,,,,,,,,,,,,,,,,,,,,,,,,,,,,,,,,,,,,,,,,,,,,,,,,,,,,
,,,,,,,,,,,,,,,,,,,,,,,,,,,,,,,,,,,,,,,,,,,,,,,,,,,,,,,,,,,,,,,,,,,,,,,,,,,,,,,,,,,,,,,,,,,,,,,,,,,,,,,,,,,,,,,,,,,,,,,,,,,,,,,,,,,,,,,,,,,,,,,,,,,,,,,,,,,,,,,,,,,,,,,,,,,,,,,,,,,,,,,,,,,,,,,,,,,,,,,,,,,,,,,,,,,,,,,,,,,,,,,,,,,,,,,,
,,,,,,,,,,,,,,,,,,,,,,,,,,,,,,,,,,,,,,,,,,,,,,,,,,,,,,,,,,,,,,,,,,,,,,,,,,,,,,,,,,,,,,,,,,,,,,,,,,,,,,,,,,,,,,,,,,,,,,,,,,,,,,,,,,,,,,,,,,,,,,,,,,,,,,,,,,,,,,,,,,,,,,,,,,,,,,,,,,,,,,,,,,,,,,,,,,,,,,,,,,,,,,,,,,,,,,,,,,,,,,,,,,,,,,,,
,,,,,,,,,,,,,,,,,,,,,,,,,,,,,,,,,,,,,,,,,,,,,,,,,,,,,,,,,,,,,,,,,,,,,,,,,,,,,,,,,,,,,,,,,,,,,,,,,,,,,,,,,,,,,,,,,,,,,,,,,,,,,,,,,,,,,,,,,,,,,,,,,,,,,,,,,,,,,,,,,,,,,,,,,,,,,,,,,,,,,,,,,,,,,,,,,,,,,,,,,,,,,,,,,,,,,,,,,,,,,,,,,,,,,,,,
,,,,,,,,,,,,,,,,,,,,,,,,,,,,,,,,,,,,,,,,,,,,,,,,,,,,,,,,,,,,,,,,,,,,,,,,,,,,,,,,,,,,,,,,,,,,,,,,,,,,,,,,,,,,,,,,,,,,,,,,,,,,,,,,,,,,,,,,,,,,,,,,,,,,,,,,,,,,,,,,,,,,,,,,,,,,,,,,,,,,,,,,,,,,,,,,,,,,,,,,,,,,,,,,,,,,,,,,,,,,,,,,,,,,,,,,
,,,,,,,,,,,,,,,,,,,,,,,,,,,,,,,,,,,,,,,,,,,,,,,,,,,,,,,,,,,,,,,,,,,,,,,,,,,,,,,,,,,,,,,,,,,,,,,,,,,,,,,,,,,,,,,,,,,,,,,,,,,,,,,,,,,,,,,,,,,,,,,,,,,,,,,,,,,,,,,,,,,,,,,,,,,,,,,,,,,,,,,,,,,,,,,,,,,,,,,,,,,,,,,,,,,,,,,,,,,,,,,,,,,,,,,,
,,,,,,,,,,,,,,,,,,,,,,,,,,,,,,,,,,,,,,,,,,,,,,,,,,,,,,,,,,,,,,,,,,,,,,,,,,,,,,,,,,,,,,,,,,,,,,,,,,,,,,,,,,,,,,,,,,,,,,,,,,,,,,,,,,,,,,,,,,,,,,,,,,,,,,,,,,,,,,,,,,,,,,,,,,,,,,,,,,,,,,,,,,,,,,,,,,,,,,,,,,,,,,,,,,,,,,,,,,,,,,,,,,,,,,,,
,,,,,,,,,,,,,,,,,,,,,,,,,,,,,,,,,,,,,,,,,,,,,,,,,,,,,,,,,,,,,,,,,,,,,,,,,,,,,,,,,,,,,,,,,,,,,,,,,,,,,,,,,,,,,,,,,,,,,,,,,,,,,,,,,,,,,,,,,,,,,,,,,,,,,,,,,,,,,,,,,,,,,,,,,,,,,,,,,,,,,,,,,,,,,,,,,,,,,,,,,,,,,,,,,,,,,,,,,,,,,,,,,,,,,,,,
,,,,,,,,,,,,,,,,,,,,,,,,,,,,,,,,,,,,,,,,,,,,,,,,,,,,,,,,,,,,,,,,,,,,,,,,,,,,,,,,,,,,,,,,,,,,,,,,,,,,,,,,,,,,,,,,,,,,,,,,,,,,,,,,,,,,,,,,,,,,,,,,,,,,,,,,,,,,,,,,,,,,,,,,,,,,,,,,,,,,,,,,,,,,,,,,,,,,,,,,,,,,,,,,,,,,,,,,,,,,,,,,,,,,,,,,
,,,,,,,,,,,,,,,,,,,,,,,,,,,,,,,,,,,,,,,,,,,,,,,,,,,,,,,,,,,,,,,,,,,,,,,,,,,,,,,,,,,,,,,,,,,,,,,,,,,,,,,,,,,,,,,,,,,,,,,,,,,,,,,,,,,,,,,,,,,,,,,,,,,,,,,,,,,,,,,,,,,,,,,,,,,,,,,,,,,,,,,,,,,,,,,,,,,,,,,,,,,,,,,,,,,,,,,,,,,,,,,,,,,,,,,,
,,,,,,,,,,,,,,,,,,,,,,,,,,,,,,,,,,,,,,,,,,,,,,,,,,,,,,,,,,,,,,,,,,,,,,,,,,,,,,,,,,,,,,,,,,,,,,,,,,,,,,,,,,,,,,,,,,,,,,,,,,,,,,,,,,,,,,,,,,,,,,,,,,,,,,,,,,,,,,,,,,,,,,,,,,,,,,,,,,,,,,,,,,,,,,,,,,,,,,,,,,,,,,,,,,,,,,,,,,,,,,,,,,,,,,,,
,,,,,,,,,,,,,,,,,,,,,,,,,,,,,,,,,,,,,,,,,,,,,,,,,,,,,,,,,,,,,,,,,,,,,,,,,,,,,,,,,,,,,,,,,,,,,,,,,,,,,,,,,,,,,,,,,,,,,,,,,,,,,,,,,,,,,,,,,,,,,,,,,,,,,,,,,,,,,,,,,,,,,,,,,,,,,,,,,,,,,,,,,,,,,,,,,,,,,,,,,,,,,,,,,,,,,,,,,,,,,,,,,,,,,,,,
,,,,,,,,,,,,,,,,,,,,,,,,,,,,,,,,,,,,,,,,,,,,,,,,,,,,,,,,,,,,,,,,,,,,,,,,,,,,,,,,,,,,,,,,,,,,,,,,,,,,,,,,,,,,,,,,,,,,,,,,,,,,,,,,,,,,,,,,,,,,,,,,,,,,,,,,,,,,,,,,,,,,,,,,,,,,,,,,,,,,,,,,,,,,,,,,,,,,,,,,,,,,,,,,,,,,,,,,,,,,,,,,,,,,,,,,
,,,,,,,,,,,,,,,,,,,,,,,,,,,,,,,,,,,,,,,,,,,,,,,,,,,,,,,,,,,,,,,,,,,,,,,,,,,,,,,,,,,,,,,,,,,,,,,,,,,,,,,,,,,,,,,,,,,,,,,,,,,,,,,,,,,,,,,,,,,,,,,,,,,,,,,,,,,,,,,,,,,,,,,,,,,,,,,,,,,,,,,,,,,,,,,,,,,,,,,,,,,,,,,,,,,,,,,,,,,,,,,,,,,,,,,,
,,,,,,,,,,,,,,,,,,,,,,,,,,,,,,,,,,,,,,,,,,,,,,,,,,,,,,,,,,,,,,,,,,,,,,,,,,,,,,,,,,,,,,,,,,,,,,,,,,,,,,,,,,,,,,,,,,,,,,,,,,,,,,,,,,,,,,,,,,,,,,,,,,,,,,,,,,,,,,,,,,,,,,,,,,,,,,,,,,,,,,,,,,,,,,,,,,,,,,,,,,,,,,,,,,,,,,,,,,,,,,,,,,,,,,,,
,,,,,,,,,,,,,,,,,,,,,,,,,,,,,,,,,,,,,,,,,,,,,,,,,,,,,,,,,,,,,,,,,,,,,,,,,,,,,,,,,,,,,,,,,,,,,,,,,,,,,,,,,,,,,,,,,,,,,,,,,,,,,,,,,,,,,,,,,,,,,,,,,,,,,,,,,,,,,,,,,,,,,,,,,,,,,,,,,,,,,,,,,,,,,,,,,,,,,,,,,,,,,,,,,,,,,,,,,,,,,,,,,,,,,,,,
,,,,,,,,,,,,,,,,,,,,,,,,,,,,,,,,,,,,,,,,,,,,,,,,,,,,,,,,,,,,,,,,,,,,,,,,,,,,,,,,,,,,,,,,,,,,,,,,,,,,,,,,,,,,,,,,,,,,,,,,,,,,,,,,,,,,,,,,,,,,,,,,,,,,,,,,,,,,,,,,,,,,,,,,,,,,,,,,,,,,,,,,,,,,,,,,,,,,,,,,,,,,,,,,,,,,,,,,,,,,,,,,,,,,,,,,
,,,,,,,,,,,,,,,,,,,,,,,,,,,,,,,,,,,,,,,,,,,,,,,,,,,,,,,,,,,,,,,,,,,,,,,,,,,,,,,,,,,,,,,,,,,,,,,,,,,,,,,,,,,,,,,,,,,,,,,,,,,,,,,,,,,,,,,,,,,,,,,,,,,,,,,,,,,,,,,,,,,,,,,,,,,,,,,,,,,,,,,,,,,,,,,,,,,,,,,,,,,,,,,,,,,,,,,,,,,,,,,,,,,,,,,,
,,,,,,,,,,,,,,,,,,,,,,,,,,,,,,,,,,,,,,,,,,,,,,,,,,,,,,,,,,,,,,,,,,,,,,,,,,,,,,,,,,,,,,,,,,,,,,,,,,,,,,,,,,,,,,,,,,,,,,,,,,,,,,,,,,,,,,,,,,,,,,,,,,,,,,,,,,,,,,,,,,,,,,,,,,,,,,,,,,,,,,,,,,,,,,,,,,,,,,,,,,,,,,,,,,,,,,,,,,,,,,,,,,,,,,,,
,,,,,,,,,,,,,,,,,,,,,,,,,,,,,,,,,,,,,,,,,,,,,,,,,,,,,,,,,,,,,,,,,,,,,,,,,,,,,,,,,,,,,,,,,,,,,,,,,,,,,,,,,,,,,,,,,,,,,,,,,,,,,,,,,,,,,,,,,,,,,,,,,,,,,,,,,,,,,,,,,,,,,,,,,,,,,,,,,,,,,,,,,,,,,,,,,,,,,,,,,,,,,,,,,,,,,,,,,,,,,,,,,,,,,,,,
,,,,,,,,,,,,,,,,,,,,,,,,,,,,,,,,,,,,,,,,,,,,,,,,,,,,,,,,,,,,,,,,,,,,,,,,,,,,,,,,,,,,,,,,,,,,,,,,,,,,,,,,,,,,,,,,,,,,,,,,,,,,,,,,,,,,,,,,,,,,,,,,,,,,,,,,,,,,,,,,,,,,,,,,,,,,,,,,,,,,,,,,,,,,,,,,,,,,,,,,,,,,,,,,,,,,,,,,,,,,,,,,,,,,,,,,
,,,,,,,,,,,,,,,,,,,,,,,,,,,,,,,,,,,,,,,,,,,,,,,,,,,,,,,,,,,,,,,,,,,,,,,,,,,,,,,,,,,,,,,,,,,,,,,,,,,,,,,,,,,,,,,,,,,,,,,,,,,,,,,,,,,,,,,,,,,,,,,,,,,,,,,,,,,,,,,,,,,,,,,,,,,,,,,,,,,,,,,,,,,,,,,,,,,,,,,,,,,,,,,,,,,,,,,,,,,,,,,,,,,,,,,,
,,,,,,,,,,,,,,,,,,,,,,,,,,,,,,,,,,,,,,,,,,,,,,,,,,,,,,,,,,,,,,,,,,,,,,,,,,,,,,,,,,,,,,,,,,,,,,,,,,,,,,,,,,,,,,,,,,,,,,,,,,,,,,,,,,,,,,,,,,,,,,,,,,,,,,,,,,,,,,,,,,,,,,,,,,,,,,,,,,,,,,,,,,,,,,,,,,,,,,,,,,,,,,,,,,,,,,,,,,,,,,,,,,,,,,,,
,,,,,,,,,,,,,,,,,,,,,,,,,,,,,,,,,,,,,,,,,,,,,,,,,,,,,,,,,,,,,,,,,,,,,,,,,,,,,,,,,,,,,,,,,,,,,,,,,,,,,,,,,,,,,,,,,,,,,,,,,,,,,,,,,,,,,,,,,,,,,,,,,,,,,,,,,,,,,,,,,,,,,,,,,,,,,,,,,,,,,,,,,,,,,,,,,,,,,,,,,,,,,,,,,,,,,,,,,,,,,,,,,,,,,,,,
,,,,,,,,,,,,,,,,,,,,,,,,,,,,,,,,,,,,,,,,,,,,,,,,,,,,,,,,,,,,,,,,,,,,,,,,,,,,,,,,,,,,,,,,,,,,,,,,,,,,,,,,,,,,,,,,,,,,,,,,,,,,,,,,,,,,,,,,,,,,,,,,,,,,,,,,,,,,,,,,,,,,,,,,,,,,,,,,,,,,,,,,,,,,,,,,,,,,,,,,,,,,,,,,,,,,,,,,,,,,,,,,,,,,,,,,
,,,,,,,,,,,,,,,,,,,,,,,,,,,,,,,,,,,,,,,,,,,,,,,,,,,,,,,,,,,,,,,,,,,,,,,,,,,,,,,,,,,,,,,,,,,,,,,,,,,,,,,,,,,,,,,,,,,,,,,,,,,,,,,,,,,,,,,,,,,,,,,,,,,,,,,,,,,,,,,,,,,,,,,,,,,,,,,,,,,,,,,,,,,,,,,,,,,,,,,,,,,,,,,,,,,,,,,,,,,,,,,,,,,,,,,,
,,,,,,,,,,,,,,,,,,,,,,,,,,,,,,,,,,,,,,,,,,,,,,,,,,,,,,,,,,,,,,,,,,,,,,,,,,,,,,,,,,,,,,,,,,,,,,,,,,,,,,,,,,,,,,,,,,,,,,,,,,,,,,,,,,,,,,,,,,,,,,,,,,,,,,,,,,,,,,,,,,,,,,,,,,,,,,,,,,,,,,,,,,,,,,,,,,,,,,,,,,,,,,,,,,,,,,,,,,,,,,,,,,,,,,,,
,,,,,,,,,,,,,,,,,,,,,,,,,,,,,,,,,,,,,,,,,,,,,,,,,,,,,,,,,,,,,,,,,,,,,,,,,,,,,,,,,,,,,,,,,,,,,,,,,,,,,,,,,,,,,,,,,,,,,,,,,,,,,,,,,,,,,,,,,,,,,,,,,,,,,,,,,,,,,,,,,,,,,,,,,,,,,,,,,,,,,,,,,,,,,,,,,,,,,,,,,,,,,,,,,,,,,,,,,,,,,,,,,,,,,,,,
,,,,,,,,,,,,,,,,,,,,,,,,,,,,,,,,,,,,,,,,,,,,,,,,,,,,,,,,,,,,,,,,,,,,,,,,,,,,,,,,,,,,,,,,,,,,,,,,,,,,,,,,,,,,,,,,,,,,,,,,,,,,,,,,,,,,,,,,,,,,,,,,,,,,,,,,,,,,,,,,,,,,,,,,,,,,,,,,,,,,,,,,,,,,,,,,,,,,,,,,,,,,,,,,,,,,,,,,,,,,,,,,,,,,,,,,
,,,,,,,,,,,,,,,,,,,,,,,,,,,,,,,,,,,,,,,,,,,,,,,,,,,,,,,,,,,,,,,,,,,,,,,,,,,,,,,,,,,,,,,,,,,,,,,,,,,,,,,,,,,,,,,,,,,,,,,,,,,,,,,,,,,,,,,,,,,,,,,,,,,,,,,,,,,,,,,,,,,,,,,,,,,,,,,,,,,,,,,,,,,,,,,,,,,,,,,,,,,,,,,,,,,,,,,,,,,,,,,,,,,,,,,,
,,,,,,,,,,,,,,,,,,,,,,,,,,,,,,,,,,,,,,,,,,,,,,,,,,,,,,,,,,,,,,,,,,,,,,,,,,,,,,,,,,,,,,,,,,,,,,,,,,,,,,,,,,,,,,,,,,,,,,,,,,,,,,,,,,,,,,,,,,,,,,,,,,,,,,,,,,,,,,,,,,,,,,,,,,,,,,,,,,,,,,,,,,,,,,,,,,,,,,,,,,,,,,,,,,,,,,,,,,,,,,,,,,,,,,,,
,,,,,,,,,,,,,,,,,,,,,,,,,,,,,,,,,,,,,,,,,,,,,,,,,,,,,,,,,,,,,,,,,,,,,,,,,,,,,,,,,,,,,,,,,,,,,,,,,,,,,,,,,,,,,,,,,,,,,,,,,,,,,,,,,,,,,,,,,,,,,,,,,,,,,,,,,,,,,,,,,,,,,,,,,,,,,,,,,,,,,,,,,,,,,,,,,,,,,,,,,,,,,,,,,,,,,,,,,,,,,,,,,,,,,,,,
,,,,,,,,,,,,,,,,,,,,,,,,,,,,,,,,,,,,,,,,,,,,,,,,,,,,,,,,,,,,,,,,,,,,,,,,,,,,,,,,,,,,,,,,,,,,,,,,,,,,,,,,,,,,,,,,,,,,,,,,,,,,,,,,,,,,,,,,,,,,,,,,,,,,,,,,,,,,,,,,,,,,,,,,,,,,,,,,,,,,,,,,,,,,,,,,,,,,,,,,,,,,,,,,,,,,,,,,,,,,,,,,,,,,,,,,
,,,,,,,,,,,,,,,,,,,,,,,,,,,,,,,,,,,,,,,,,,,,,,,,,,,,,,,,,,,,,,,,,,,,,,,,,,,,,,,,,,,,,,,,,,,,,,,,,,,,,,,,,,,,,,,,,,,,,,,,,,,,,,,,,,,,,,,,,,,,,,,,,,,,,,,,,,,,,,,,,,,,,,,,,,,,,,,,,,,,,,,,,,,,,,,,,,,,,,,,,,,,,,,,,,,,,,,,,,,,,,,,,,,,,,,,
