"Local election results by ward, 2025",,,,,,,,,,,,,,,,,,,
Ward/ County Electoral District name,ONS ward code ,EC ward code,Upper tier authority,Lower tier authority,Local authority type,Election type,Seats, Electorate , Ballots ,Invalid votes,Turnout (EC method),Valid vote turnout (HoC method),LAB,CON,LD,GREEN,REF,IND,Other parties / candidates
Abbey,E05015927,59613,Buckinghamshire,Buckinghamshire,UC,All,2," 9,270 "," 2,371 ",14,25.6%,25.4%,580 ,"1,021 ",281 ,0 ,390 ,340 ,0 
Amersham & Chesham Bois,E05015928,62196,Buckinghamshire,Buckinghamshire,UC,All,3," 13,822 "," 6,236 ",17,45.1%,45.0%,359 ,"2,335 ","2,996 ",0 ,914 ,271 ,0 
Aston Clinton & Weston Turville,E05015929,62197,Buckinghamshire,Buckinghamshire,UC,All,2," 7,304 "," 2,571 ",5,35.2%,35.1%,341 ,914 ,449 ,261 ,794 ,0 ,0 
Aylesbury East,E05015930,62198,Buckinghamshire,Buckinghamshire,UC,All,2," 9,486 "," 3,367 ",15,35.5%,35.3%,296 ,"1,189 ",985 ,214 ,815 ,0 ,0 
Aylesbury North,E05015931,59617,Buckinghamshire,Buckinghamshire,UC,All,2," 9,244 "," 2,712 ",21,29.3%,29.1%,412 ,358 ,"1,108 ",226 ,507 ,43 ,40 
Aylesbury North West,E05015932,62199,Buckinghamshire,Buckinghamshire,UC,All,2," 8,284 "," 2,152 ",12,26.0%,25.8%,286 ,377 ,"1,051 ",220 ,525 ,0 ,0 
Aylesbury South East,E05015933,62200,Buckinghamshire,Buckinghamshire,UC,All,2," 9,228 "," 3,193 ",17,34.6%,34.4%,563 ,661 ,944 ,232 ,774 ,0 ,0 
Aylesbury South West,E05015934,62201,Buckinghamshire,Buckinghamshire,UC,All,2," 8,456 "," 2,603 ",13,30.8%,30.6%,413 ,346 ,"1,042 ",243 ,557 ,0 ,0 
Aylesbury West,E05015935,62202,Buckinghamshire,Buckinghamshire,UC,All,2," 9,280 "," 3,059 ",31,33.0%,32.6%,358 ,372 ,809 ,141 ,587 ,697 ,0 
Beaconsfield,E05015936,62203,Buckinghamshire,Buckinghamshire,UC,All,2," 9,236 "," 3,236 ",19,35.0%,34.8%,100 ,"1,266 ","1,016 ",139 ,494 ,793 ,0 
"Berryfields, Buckingham Park & Watermead",E05015937,62204,Buckinghamshire,Buckinghamshire,UC,All,2," 9,531 "," 2,719 ",18,28.5%,28.3%,388 ,692 ,724 ,212 ,748 ,74 ,0 
"Bierton, Kingsbrook & Wing",E05015938,62205,Buckinghamshire,Buckinghamshire,UC,All,2," 8,536 "," 2,957 ",7,34.6%,34.6%,455 ,830 ,417 ,322 ,642 ,466 ,0 
Booker & Cressex,E05015939,62206,Buckinghamshire,Buckinghamshire,UC,All,1," 4,451 "," 1,384 ",8,31.1%,30.9%,354 ,475 ,162 ,0 ,385 ,0 ,0 
Buckingham,E05015940,62207,Buckinghamshire,Buckinghamshire,UC,All,3," 13,907 "," 4,964 ",4,35.7%,35.7%,"2,252 ","1,226 ","1,255 ",0 ,"1,175 ",0 ,0 
Burnham,E05015941,62208,Buckinghamshire,Buckinghamshire,UC,All,3," 12,085 "," 3,415 ",10,28.3%,28.2%,479 ,"1,289 ",760 ,0 ,"1,078 ",0 ,0 
Castlefield & Oakridge,E05015942,62209,Buckinghamshire,Buckinghamshire,UC,All,2," 7,795 "," 2,830 ",18,36.3%,36.1%,"1,419 ","1,313 ",130 ,0 ,172 ,0 ,0 
Chalfont St Giles & Little Chalfont,E05015943,62210,Buckinghamshire,Buckinghamshire,UC,All,3," 12,339 "," 5,144 ",7,41.7%,41.6%,166 ,"2,269 ","2,050 ",336 ,749 ,0 ,0 
Chalfont St Peter,E05015944,62211,Buckinghamshire,Buckinghamshire,UC,All,2," 9,425 "," 3,795 ",25,40.3%,40.0%,102 ,"1,208 ",912 ,0 ,715 ,995 ,27 
Chesham North,E05015945,62212,Buckinghamshire,Buckinghamshire,UC,All,3," 12,079 "," 5,009 ",17,41.5%,41.3%,379 ,"1,476 ","2,501 ",0 ,930 ,0 ,0 
Chesham South,E05015946,62213,Buckinghamshire,Buckinghamshire,UC,All,2," 9,413 "," 3,938 ",22,41.8%,41.6%,123 ,"1,102 ","1,886 ",307 ,555 ,0 ,0 
Chiltern Villages,E05015947,62214,Buckinghamshire,Buckinghamshire,UC,All,1," 4,558 "," 1,700 ",4,37.3%,37.2%,83 ,422 ,160 ,0 ,221 ,810 ,0 
Disraeli,E05015948,62215,Buckinghamshire,Buckinghamshire,UC,All,1," 4,279 "," 1,523 ",4,35.6%,35.5%,589 ,642 ,108 ,0 ,180 ,0 ,0 
Downley,E05015949,62216,Buckinghamshire,Buckinghamshire,UC,All,1," 4,592 "," 1,519 ",5,33.1%,33.0%,577 ,559 ,142 ,0 ,236 ,0 ,0 
Farnhams & Stoke Poges,E05015950,62217,Buckinghamshire,Buckinghamshire,UC,All,3," 11,535 "," 3,498 ",4,30.3%,30.3%,287 ,"1,628 ",622 ,0 ,916 ,0 ,0 
Flackwell Heath & The Wooburns,E05015951,62218,Buckinghamshire,Buckinghamshire,UC,All,3," 13,134 "," 4,622 ",2,35.2%,35.2%,265 ,987 ,271 ,0 ,866 ,"2,523 ",0 
Gerrards Cross & Denham,E05015952,62219,Buckinghamshire,Buckinghamshire,UC,All,3," 13,739 "," 4,572 ",13,33.3%,33.2%,274 ,"1,861 ",757 ,406 ,"1,133 ","1,122 ",0 
Grendon Underwood & The Claydons,E05015953,62220,Buckinghamshire,Buckinghamshire,UC,All,2," 8,420 "," 3,052 ",9,36.2%,36.1%,246 ,"1,372 ",584 ,457 ,956 ,0 ,0 
Haddenham & Stone,E05015954,62221,Buckinghamshire,Buckinghamshire,UC,All,2," 8,672 "," 3,386 ",1,39.0%,39.0%,266 ,818 ,416 ,"1,539 ",679 ,0 ,85 
Hazlemere,E05015955,62222,Buckinghamshire,Buckinghamshire,UC,All,2," 7,552 "," 2,743 ",2,36.3%,36.3%,0 ,923 ,546 ,0 ,681 ,"1,334 ",0 
Horwood,E05015956,62223,Buckinghamshire,Buckinghamshire,UC,All,1," 3,917 "," 1,489 ",5,38.0%,37.9%,211 ,514 ,188 ,102 ,469 ,0 ,0 
Iver,E05015957,62224,Buckinghamshire,Buckinghamshire,UC,All,2," 8,954 "," 2,477 ",3,27.7%,27.6%,249 ,743 ,383 ,0 ,515 ,721 ,0 
Ivinghoe,E05015958,59644,Buckinghamshire,Buckinghamshire,UC,All,2," 8,892 "," 3,224 ",3,36.3%,36.2%,735 ,"1,105 ",332 ,372 ,635 ,0 ,0 
Long Crendon,E05015959,62225,Buckinghamshire,Buckinghamshire,UC,All,1," 4,318 "," 1,613 ",0,37.4%,37.4%,66 ,591 ,216 ,456 ,284 ,0 ,0 
Marlow,E05015960,62226,Buckinghamshire,Buckinghamshire,UC,All,3," 13,732 "," 5,172 ",22,37.7%,37.5%,377 ,"1,733 ","1,937 ",479 ,934 ,"1,275 ",0 
Marsh & Micklefield,E05015961,62227,Buckinghamshire,Buckinghamshire,UC,All,2," 8,380 "," 1,945 ",10,23.2%,23.1%,276 ,269 ,628 ,0 ,0 ,733 ,0 
Newton Longville,E05015962,62228,Buckinghamshire,Buckinghamshire,UC,All,2," 7,553 "," 2,521 ",3,33.4%,33.3%,354 ,886 ,571 ,180 ,691 ,0 ,0 
"Penn, Tylers Green & Loudwater",E05015963,62229,Buckinghamshire,Buckinghamshire,UC,All,2," 9,946 "," 3,619 ",11,36.4%,36.3%,223 ,"1,115 ","1,495 ",0 ,784 ,0 ,0 
Princes Risborough,E05015964,62230,Buckinghamshire,Buckinghamshire,UC,All,2," 8,383 "," 3,388 ",18,40.0%,40.2%,178 ,"1,208 ","1,031 ",0 ,529 ,543 ,0 
Quainton,E05015965,62231,Buckinghamshire,Buckinghamshire,UC,All,1," 3,975 "," 1,813 ",2,45.6%,45.6%,102 ,757 ,610 ,70 ,272 ,0 ,0 
Ridgeway East,E05015966,59648,Buckinghamshire,Buckinghamshire,UC,All,2," 8,594 "," 3,174 ",4,36.9%,36.9%,240 ,"1,488 ",621 ,291 ,775 ,0 ,154 
Ridgeway West,E05015967,62232,Buckinghamshire,Buckinghamshire,UC,All,2," 8,732 "," 2,967 ",3,34.0%,33.9%,171 ,"1,202 ",484 ,252 ,759 ,502 ,0 
Sands,E05015968,62233,Buckinghamshire,Buckinghamshire,UC,All,1," 4,733 "," 1,578 ",4,33.3%,33.3%,132 ,517 ,61 ,0 ,193 ,671 ,0 
Terriers & Amersham Hill,E05015969,62234,Buckinghamshire,Buckinghamshire,UC,All,2," 7,987 "," 2,367 ",7,29.6%,29.5%,591 ,612 ,247 ,124 ,321 ,468 ,0 
The Missendens,E05015970,62235,Buckinghamshire,Buckinghamshire,UC,All,3," 12,954 "," 5,199 ",24,40.1%,39.9%,177 ,"1,748 ","1,633 ",345 ,"1,133 ",689 ,0 
Totteridge & Bowerdean,E05015971,59656,Buckinghamshire,Buckinghamshire,UC,All,2," 8,186 "," 2,780 ",1,34.0%,33.9%,303 ,154 ,767 ,0 ,394 ,0 ,"2,360 "
Waddesdon,E05015972,62236,Buckinghamshire,Buckinghamshire,UC,All,1," 4,685 "," 1,756 ",4,37.5%,37.4%,173 ,778 ,212 ,114 ,475 ,0 ,0 
"Wendover, Halton & Stoke Mandeville",E05015973,62237,Buckinghamshire,Buckinghamshire,UC,All,2," 8,428 "," 2,900 ",1,34.4%,34.4%,200 ,993 ,"1,050 ",280 ,648 ,0 ,0 
West Wycombe & Lane End,E05015974,62238,Buckinghamshire,Buckinghamshire,UC,All,1," 4,398 "," 1,548 ",3,35.2%,35.1%,82 ,291 ,76 ,0 ,285 ,811 ,0 
Winslow,E05015975,62240,Buckinghamshire,Buckinghamshire,UC,All,1," 4,221 "," 1,804 ",3,42.7%,42.7%,184 ,163 ,583 ,56 ,316 ,499 ,0 
Abbey,E58000050,45860,Cambridgeshire,Cambridge,CC,All,1," 6,834 "," 2,286 ",11,33.6%,33.3%,470 ,192 ,186 ,"1,113 ",325 ,0 ,0 
Alconbury & Kimbolton,E58000051,57254,Cambridgeshire,Huntingdonshire,CC,All,1," 8,163 "," 3,234 ",20,39.9%,39.4%,263 ,"1,510 ",350 ,202 ,910 ,0 ,0 
Arbury,E58000052,57228,Cambridgeshire,Cambridge,CC,All,1," 6,994 "," 2,534 ",13,36.4%,36.0%,941 ,356 ,477 ,418 ,342 ,0 ,0 
Bar Hill,E58000053,57270,Cambridgeshire,South Cambridgeshire,CC,All,1," 7,144 "," 2,851 ",11,40.1%,39.8%,281 ,413 ,"1,430 ",219 ,508 ,0 ,0 
Brampton & Buckden,E58000054,57255,Cambridgeshire,Huntingdonshire,CC,All,1," 9,550 "," 3,313 ",10,34.8%,34.6%,246 ,868 ,"1,172 ",252 ,775 ,0 ,0 
Burwell,E58000055,57239,Cambridgeshire,East Cambridgeshire,CC,All,1," 9,281 "," 3,099 ",12,33.5%,33.3%,250 ,752 ,940 ,301 ,856 ,0 ,0 
Cambourne,E58001771,57271,Cambridgeshire,South Cambridgeshire,CC,All,1," 9,712 "," 3,336 ",23,34.6%,34.1%,256 ,"1,015 ","1,127 ",193 ,594 ,151 ,0 
Castle,E58000057,57229,Cambridgeshire,Cambridge,CC,All,1," 6,112 "," 2,746 ",13,45.1%,44.7%,884 ,166 ,943 ,581 ,172 ,0 ,0 
Chatteris,E58000058,57246,Cambridgeshire,Fenland,CC,All,1," 8,310 "," 2,293 ",11,27.7%,27.5%,266 ,781 ,167 ,138 ,941 ,0 ,0 
Cherry Hinton,E58000059,57230,Cambridgeshire,Cambridge,CC,All,1," 8,350 "," 3,115 ",19,37.5%,37.1%,"1,101 ",633 ,325 ,516 ,540 ,0 ,0 
Chesterton,E58000060,57231,Cambridgeshire,Cambridge,CC,All,1," 7,924 "," 3,749 ",21,47.3%,47.0%,"1,244 ",278 ,"1,254 ",650 ,302 ,0 ,0 
Cottenham & Willingham,E58001761,57272,Cambridgeshire,South Cambridgeshire,CC,All,1," 9,047 "," 3,143 ",22,35.0%,34.5%,512 ,542 ,"1,250 ",266 ,573 ,0 ,0 
Duxford,E58000062,57273,Cambridgeshire,South Cambridgeshire,CC,All,1," 8,386 "," 3,360 ",16,40.3%,39.9%,260 ,626 ,"1,580 ",193 ,701 ,0 ,0 
Ely North,E58000063,57240,Cambridgeshire,East Cambridgeshire,CC,All,1," 7,860 "," 2,918 ",14,37.3%,36.9%,252 ,493 ,"1,411 ",209 ,553 ,0 ,0 
Ely South,E58000064,57241,Cambridgeshire,East Cambridgeshire,CC,All,1," 8,038 "," 3,260 ",23,40.9%,40.3%,293 ,644 ,"1,551 ",253 ,519 ,0 ,0 
Fulbourn,E58000065,57274,Cambridgeshire,South Cambridgeshire,CC,All,1," 7,567 "," 2,940 ",18,39.1%,38.6%,521 ,639 ,"1,024 ",240 ,516 ,0 ,0 
Gamlingay,E58000066,57275,Cambridgeshire,South Cambridgeshire,CC,All,1," 8,758 "," 3,702 ",8,42.4%,42.2%,203 ,"1,234 ","1,241 ",175 ,849 ,0 ,0 
Godmanchester & Huntingdon South,E58000067,57256,Cambridgeshire,Huntingdonshire,CC,All,1," 8,120 "," 2,663 ",10,32.9%,32.7%,238 ,648 ,"1,008 ",186 ,583 ,0 ,0 
Hardwick,E58001772,57276,Cambridgeshire,South Cambridgeshire,CC,All,1," 9,415 "," 3,917 ",17,41.8%,41.4%,354 ,"1,278 ","1,410 ",312 ,563 ,0 ,0 
Histon & Impington,E58000069,57277,Cambridgeshire,South Cambridgeshire,CC,All,1," 8,512 "," 3,528 ",8,39.4%,41.4%,201 ,290 ,"1,593 ","1,091 ",353 ,0 ,0 
Huntingdon North & Hartford,E58000070,57257,Cambridgeshire,Huntingdonshire,CC,All,1," 8,309 "," 2,617 ",13,31.7%,31.3%,431 ,703 ,699 ,98 ,687 ,0 ,0 
Huntingdon West,E58000071,57258,Cambridgeshire,Huntingdonshire,CC,All,1," 7,587 "," 2,123 ",11,28.1%,27.8%,253 ,359 ,90 ,124 ,380 ,917 ,0 
King's Hedges,E58000072,57232,Cambridgeshire,Cambridge,CC,All,1," 8,506 "," 2,938 ",21,34.8%,34.3%,908 ,638 ,490 ,400 ,379 ,123 ,0 
Linton,E58000073,57278,Cambridgeshire,South Cambridgeshire,CC,All,1," 8,813 "," 3,368 ",14,38.4%,38.1%,298 ,605 ,"1,584 ",193 ,688 ,0 ,0 
Littleport,E58000074,45878,Cambridgeshire,East Cambridgeshire,CC,All,1," 7,499 "," 1,937 ",11,26.0%,25.7%,218 ,489 ,426 ,129 ,675 ,0 ,0 
Longstanton Northstowe & Over,E58001762,57279,Cambridgeshire,South Cambridgeshire,CC,All,1," 8,621 "," 3,142 ",8,36.5%,36.4%,301 ,705 ,"1,329 ",249 ,558 ,0 ,0 
March North & Waldersey,E58000076,57247,Cambridgeshire,Fenland,CC,All,2," 18,096 "," 5,276 ",8,29.2%,29.1%,603 ,"1,800 ",523 ,265 ,"2,105 ",385 ,0 
March South & Rural,E58000077,57248,Cambridgeshire,Fenland,CC,All,1," 8,606 "," 2,778 ",26,32.6%,32.0%,268 ,"1,053 ",247 ,154 ,"1,056 ",0 ,0 
Market,E58000078,57233,Cambridgeshire,Cambridge,CC,All,1," 4,337 "," 1,429 ",5,33.1%,32.8%,389 ,70 ,595 ,302 ,73 ,0 ,0 
Melbourn & Bassingbourn,E58000079,57280,Cambridgeshire,South Cambridgeshire,CC,All,1," 8,433 "," 3,009 ",8,35.8%,35.6%,180 ,478 ,"1,413 ",158 ,780 ,0 ,0 
Newnham,E58000080,57234,Cambridgeshire,Cambridge,CC,All,1," 4,199 "," 1,733 ",1,41.3%,41.2%,363 ,143 ,268 ,887 ,72 ,0 ,0 
Papworth & Swavesey,E58001773,57281,Cambridgeshire,South Cambridgeshire,CC,All,1," 7,874 "," 2,794 ",23,35.8%,35.2%,162 ,578 ,974 ,130 ,554 ,396 ,0 
Petersfield,E58000082,57235,Cambridgeshire,Cambridge,CC,All,1," 7,983 "," 3,036 ",20,38.3%,37.8%,"1,221 ",252 ,581 ,791 ,191 ,0 ,0 
Queen Edith's,E58000083,57236,Cambridgeshire,Cambridge,CC,All,1," 7,707 "," 3,138 ",13,40.9%,40.5%,633 ,472 ,"1,258 ",482 ,293 ,0 ,0 
Ramsey & Bury,E58000084,57259,Cambridgeshire,Huntingdonshire,CC,All,1," 8,775 "," 2,889 ",13,33.1%,32.8%,315 ,849 ,195 ,173 ,"1,357 ",0 ,0 
Roman Bank & Peckover,E58000085,57249,Cambridgeshire,Fenland,CC,All,1," 9,214 "," 3,136 ",10,34.1%,33.9%,122 ,919 ,600 ,97 ,"1,398 ",0 ,0 
Romsey,E58000086,57237,Cambridgeshire,Cambridge,CC,All,1," 9,033 "," 3,572 ",18,39.7%,39.3%,"1,237 ",286 ,416 ,"1,355 ",278 ,0 ,0 
Sawston & Shelford,E58001774,57282,Cambridgeshire,South Cambridgeshire,CC,All,2," 16,387 "," 6,332 ",23,38.8%,38.5%,669 ,"1,411 ","2,577 ","1,085 ",926 ,0 ,0 
Sawtry & Stilton,E58000088,57266,Cambridgeshire,Huntingdonshire,CC,All,1," 9,650 "," 3,499 ",18,36.5%,36.1%,372 ,"1,749 ",183 ,147 ,"1,047 ",0 ,0 
Soham North & Isleham,E58000089,57242,Cambridgeshire,East Cambridgeshire,CC,All,1," 8,452 "," 2,358 ",15,28.1%,27.7%,170 ,903 ,395 ,157 ,733 ,0 ,0 
Soham South & Haddenham,E58000090,57243,Cambridgeshire,East Cambridgeshire,CC,All,1," 9,381 "," 3,455 ",8,37.0%,36.7%,152 ,"1,029 ","1,110 ",281 ,883 ,0 ,0 
Somersham & Earith,E58000091,57267,Cambridgeshire,Huntingdonshire,CC,All,1," 7,697 "," 2,574 ",13,33.6%,33.3%,286 ,832 ,364 ,140 ,665 ,287 ,0 
St Ives North & Wyton,E58000092,57260,Cambridgeshire,Huntingdonshire,CC,All,1," 7,940 "," 2,630 ",8,33.2%,33.0%,358 ,509 ,213 ,143 ,658 ,749 ,0 
St Ives South & Needingworth,E58000093,57261,Cambridgeshire,Huntingdonshire,CC,All,1," 8,109 "," 2,921 ",9,36.1%,35.9%,676 ,585 ,588 ,168 ,562 ,342 ,0 
St Neots East & Gransden,E58000094,57262,Cambridgeshire,Huntingdonshire,CC,All,1," 6,182 "," 2,129 ",6,34.5%,34.3%,98 ,313 ,648 ,633 ,437 ,0 ,0 
St Neots Eynesbury,E58000095,57263,Cambridgeshire,Huntingdonshire,CC,All,1," 7,816 "," 2,156 ",5,27.7%,27.5%,149 ,331 ,361 ,142 ,687 ,486 ,0 
St Neots Priory Park & Little Paxton,E58000096,57264,Cambridgeshire,Huntingdonshire,CC,All,1," 8,215 "," 2,743 ",10,33.5%,33.3%,156 ,705 ,"1,072 ",151 ,659 ,0 ,0 
St Neots The Eatons,E58000097,57265,Cambridgeshire,Huntingdonshire,CC,All,1," 9,437 "," 3,138 ",13,33.4%,33.1%,163 ,611 ,"1,115 ",123 ,"1,076 ",0 ,50 
Sutton,E58000098,57244,Cambridgeshire,East Cambridgeshire,CC,All,1," 9,364 "," 3,443 ",11,36.9%,36.7%,119 ,542 ,"1,642 ",180 ,960 ,0 ,0 
The Hemingfords & Fenstanton,E58000099,45904,Cambridgeshire,Huntingdonshire,CC,All,1," 7,994 "," 2,895 ",20,36.5%,36.0%,181 ,965 ,907 ,193 ,649 ,0 ,0 
Trumpington,E58000100,57238,Cambridgeshire,Cambridge,CC,All,1," 8,572 "," 2,980 ",19,35.0%,34.5%,726 ,473 ,"1,111 ",395 ,275 ,0 ,0 
Warboys & The Stukeleys,E58000101,57268,Cambridgeshire,Huntingdonshire,CC,All,1," 7,767 "," 2,316 ",19,30.1%,29.6%,305 ,832 ,319 ,128 ,732 ,0 ,0 
Waterbeach,E58000102,57283,Cambridgeshire,South Cambridgeshire,CC,All,1," 9,278 "," 3,460 ",15,37.5%,37.1%,753 ,501 ,"1,332 ",330 ,544 ,0 ,0 
Whittlesey North,E58000103,57250,Cambridgeshire,Fenland,CC,All,1," 8,600 "," 2,616 ",36,30.8%,30.0%,213 ,"1,215 ",97 ,144 ,947 ,0 ,0 
Whittlesey South,E58000104,57251,Cambridgeshire,Fenland,CC,All,1," 8,903 "," 3,020 ",7,34.0%,33.8%,240 ,975 ,137 ,106 ,"1,191 ",371 ,0 
Wisbech East,E58000105,57252,Cambridgeshire,Fenland,CC,All,1," 7,517 "," 2,129 ",4,28.4%,28.3%,140 ,974 ,81 ,63 ,871 ,0 ,0 
Wisbech West,E58000106,57253,Cambridgeshire,Fenland,CC,All,1," 7,199 "," 1,786 ",13,25.0%,24.6%,141 ,874 ,52 ,68 ,651 ,0 ,0 
Woodditton,E58000107,57245,Cambridgeshire,East Cambridgeshire,CC,All,1," 8,609 "," 3,079 ",6,35.8%,35.7%,171 ,910 ,"1,114 ",167 ,717 ,0 ,0 
Yaxley & Farcet,E58000108,57269,Cambridgeshire,Huntingdonshire,CC,All,1," 8,263 "," 2,693 ",8,32.7%,32.5%,138 ,457 ,921 ,88 ,"1,088 ",0 ,0 
Altarnun & Stoke Climsland,E05013837,59382,Cornwall,Cornwall,UC,All,1," 5,508 "," 2,719 ",7,49.4%,49.2%,0 ,261 ,"1,666 ",107 ,676 ,0 ,0 
Bodmin St Mary's & St Leonard,E05013273,59383,Cornwall,Cornwall,UC,All,1," 5,236 "," 1,394 ",5,26.6%,26.5%,0 ,56 ,770 ,0 ,367 ,201 ,0 
Bodmin St Petroc's,E05013274,59384,Cornwall,Cornwall,UC,All,1," 5,248 "," 1,694 ",4,32.3%,32.2%,0 ,115 ,"1,113 ",0 ,462 ,0 ,0 
Bude,E05013275,59385,Cornwall,Cornwall,UC,All,1," 4,713 "," 1,804 ",6,38.3%,38.1%,0 ,298 ,536 ,61 ,324 ,579 ,0 
Callington & St Dominic,E05013276,59386,Cornwall,Cornwall,UC,All,1," 5,589 "," 2,015 ",9,36.1%,35.9%,84 ,158 ,226 ,0 ,691 ,0 ,844 
Calstock,E05013277,59387,Cornwall,Cornwall,UC,All,1," 5,533 "," 2,438 ",4,44.1%,44.0%,661 ,409 ,478 ,162 ,720 ,0 ,0 
Camborne Roskear & Tuckingmill,E05013278,59388,Cornwall,Cornwall,UC,All,1," 4,819 "," 1,277 ",2,26.5%,26.5%,199 ,68 ,114 ,0 ,416 ,477 ,0 
Camborne Trelowarren,E05013279,59389,Cornwall,Cornwall,UC,All,1," 4,699 "," 1,618 ",2,34.4%,34.4%,125 ,81 ,79 ,89 ,434 ,806 ,0 
Camborne West & Treswithian,E05013280,59390,Cornwall,Cornwall,UC,All,1," 5,048 "," 1,707 ",3,33.8%,33.8%,171 ,325 ,133 ,0 ,685 ,0 ,390 
Camelford & Boscastle,E05013281,59391,Cornwall,Cornwall,UC,All,1," 5,291 "," 2,132 ",5,40.3%,40.2%,0 ,459 ,887 ,120 ,661 ,0 ,0 
"Constantine, Mabe & Mawnan",E05013282,59392,Cornwall,Cornwall,UC,All,1," 4,292 "," 1,804 ",4,42.0%,41.9%,292 ,409 ,263 ,0 ,422 ,273 ,140 
"Crowan, Sithney & Wendron",E05013838,59393,Cornwall,Cornwall,UC,All,1," 5,577 "," 2,110 ",6,37.8%,37.7%,0 ,175 ,279 ,0 ,664 ,0 ,986 
Falmouth Arwenack,E05013284,59394,Cornwall,Cornwall,UC,All,1," 4,411 "," 1,769 ",6,40.1%,40.0%,654 ,237 ,138 ,437 ,296 ,0 ,0 
Falmouth Boslowick,E05013839,59395,Cornwall,Cornwall,UC,All,1," 4,833 "," 1,720 ",11,35.6%,35.4%,529 ,392 ,171 ,0 ,494 ,0 ,122 
Falmouth Penwerris,E05013286,59396,Cornwall,Cornwall,UC,All,1," 4,886 "," 1,449 ",6,29.7%,29.5%,523 ,101 ,143 ,353 ,248 ,75 ,0 
Falmouth Trescobeas & Budock,E05013840,59397,Cornwall,Cornwall,UC,All,1," 5,056 "," 1,920 ",4,38.0%,37.9%,356 ,147 ,85 ,175 ,416 ,737 ,0 
Feock & Kea,E05013288,59398,Cornwall,Cornwall,UC,All,1," 4,472 "," 2,011 ",9,45.0%,44.8%,242 ,696 ,469 ,0 ,595 ,0 ,0 
"Four Lanes, Beacon & Troon",E05013289,59399,Cornwall,Cornwall,UC,All,1," 5,275 "," 1,505 ",2,28.5%,28.5%,251 ,142 ,131 ,0 ,662 ,124 ,193 
"Fowey, Tywardreath & Par",E05013290,59400,Cornwall,Cornwall,UC,All,1," 4,751 "," 2,003 ",0,42.2%,42.2%,435 ,374 ,314 ,0 ,635 ,0 ,245 
"Gloweth, Malabar & Shortlanesend",E05013291,59401,Cornwall,Cornwall,UC,All,1," 4,129 "," 1,300 ",1,31.5%,31.5%,79 ,109 ,268 ,451 ,383 ,0 ,9 
Gwinear-Gwithian & Hayle East,E05013292,59402,Cornwall,Cornwall,UC,All,1," 5,061 "," 1,850 ",4,36.6%,36.5%,338 ,477 ,338 ,0 ,691 ,0 ,0 
Hayle West,E05013293,59403,Cornwall,Cornwall,UC,All,1," 5,319 "," 1,618 ",4,30.4%,30.3%,381 ,151 ,210 ,0 ,645 ,223 ,0 
Helston North,E05013841,59404,Cornwall,Cornwall,UC,All,1," 5,225 "," 1,757 ",2,33.6%,33.6%,0 ,204 ,248 ,0 ,500 ,803 ,0 
Helston South & Meneage,E05013295,59405,Cornwall,Cornwall,UC,All,1," 5,487 "," 1,735 ",5,31.6%,31.5%,0 ,316 ,663 ,0 ,474 ,236 ,41 
Illogan & Portreath,E05013842,59406,Cornwall,Cornwall,UC,All,1," 5,241 "," 1,862 ",9,35.5%,35.4%,183 ,497 ,512 ,0 ,660 ,0 ,0 
Land's End,E05013297,59407,Cornwall,Cornwall,UC,All,1," 5,413 "," 2,364 ",14,43.7%,43.4%,0 ,83 ,320 ,314 ,448 ,"1,185 ",0 
"Lanivet, Blisland & Bodmin St Lawrence",E05013298,59408,Cornwall,Cornwall,UC,All,1," 5,003 "," 2,067 ",2,41.3%,41.3%,0 ,482 ,907 ,109 ,567 ,0 ,0 
"Lanner, Stithians & Gwennap",E05013843,59409,Cornwall,Cornwall,UC,All,1," 5,249 "," 1,783 ",6,34.0%,33.9%,134 ,145 ,129 ,205 ,554 ,610 ,0 
Launceston North & North Petherwin,E05013844,59410,Cornwall,Cornwall,UC,All,1," 5,470 "," 2,319 ",11,42.4%,42.2%,54 ,147 ,435 ,0 ,659 ,"1,011 ",0 
Launceston South,E05013301,59411,Cornwall,Cornwall,UC,All,1," 5,437 "," 1,560 ",10,28.7%,28.5%,0 ,0 ,606 ,0 ,402 ,541 ,0 
Liskeard Central,E05016235,59412,Cornwall,Cornwall,UC,All,1," 5,851 "," 1,628 ",2,27.8%,27.8%,250 ,585 ,116 ,78 ,597 ,0 ,0 
Liskeard South & Dobwalls,E05013303,59413,Cornwall,Cornwall,UC,All,1," 5,807 "," 2,272 ",4,39.1%,39.1%,239 ,939 ,198 ,154 ,735 ,0 ,0 
"Long Rock, Marazion & St Erth",E05013845,59414,Cornwall,Cornwall,UC,All,1," 5,643 "," 2,462 ",0,43.6%,43.6%,0 ,478 ,"1,094 ",176 ,714 ,0 ,0 
Looe East & Deviock,E05013305,59415,Cornwall,Cornwall,UC,All,1," 4,976 "," 1,935 ",2,38.9%,38.8%,83 ,175 ,68 ,0 ,493 ,752 ,0 
"Looe West, Pelynt, Lansallos & Lanteglos",E05013306,59416,Cornwall,Cornwall,UC,All,1," 4,766 "," 1,889 ",2,39.6%,39.6%,96 ,290 ,697 ,0 ,668 ,136 ,0 
Lostwithiel & Lanreath,E05013307,59417,Cornwall,Cornwall,UC,All,1," 4,876 "," 2,085 ",5,42.8%,42.7%,128 ,300 ,"1,034 ",0 ,616 ,0 ,0 
"Ludgvan, Madron, Gulval & Heamoor",E05013308,59418,Cornwall,Cornwall,UC,All,1," 5,390 "," 2,557 ",10,47.4%,47.3%,0 ,143 ,928 ,0 ,651 ,826 ,0 
Lynher,E05013309,59419,Cornwall,Cornwall,UC,All,1," 4,742 "," 2,141 ",2,45.2%,45.1%,104 ,424 ,687 ,146 ,777 ,0 ,0 
Mevagissey & St Austell Bay,E05013846,59420,Cornwall,Cornwall,UC,All,1," 4,675 "," 2,106 ",1,45.1%,45.0%,171 ,"1,025 ",154 ,0 ,405 ,0 ,300 
"Mousehole, Newlyn & St Buryan",E05013311,59421,Cornwall,Cornwall,UC,All,1," 4,853 "," 2,017 ",6,41.6%,41.4%,0 ,264 ,"1,042 ",0 ,482 ,223 ,0 
Mullion & St Keverne,E05013312,59422,Cornwall,Cornwall,UC,All,1," 5,691 "," 2,602 ",5,45.7%,45.6%,0 ,492 ,"1,041 ",0 ,652 ,0 ,412 
"Mylor, Perranarworthal & Ponsanooth",E05013313,59423,Cornwall,Cornwall,UC,All,1," 5,377 "," 2,632 ",10,49.0%,48.8%,163 ,428 ,"1,276 ",0 ,531 ,223 ,0 
Newquay Central & Pentire,E05013314,59424,Cornwall,Cornwall,UC,All,1," 5,007 "," 1,493 ",8,29.8%,29.7%,377 ,118 ,515 ,0 ,475 ,0 ,0 
Newquay Porth & Tretherras,E05013315,59425,Cornwall,Cornwall,UC,All,1," 5,634 "," 1,870 ",10,33.2%,33.0%,282 ,386 ,487 ,0 ,704 ,0 ,0 
Newquay Trenance,E05013847,59426,Cornwall,Cornwall,UC,All,1," 5,295 "," 1,564 ",0,29.5%,29.5%,111 ,131 ,334 ,498 ,491 ,0 ,0 
Padstow,E05013317,59427,Cornwall,Cornwall,UC,All,1," 5,298 "," 1,805 ",6,34.1%,34.0%,0 ,233 ,"1,002 ",0 ,563 ,0 ,0 
Penryn,E05013848,59428,Cornwall,Cornwall,UC,All,1," 5,435 "," 1,701 ",10,31.3%,31.1%,420 ,125 ,110 ,603 ,432 ,0 ,0 
Penwithick & Boscoppa,E05013319,59429,Cornwall,Cornwall,UC,All,1," 5,171 "," 1,601 ",3,31.0%,30.9%,110 ,317 ,146 ,0 ,548 ,0 ,477 
Penzance East,E05013320,59430,Cornwall,Cornwall,UC,All,1," 4,986 "," 1,703 ",10,34.2%,34.0%,88 ,47 ,446 ,0 ,334 ,727 ,51 
Penzance Promenade,E05013321,59431,Cornwall,Cornwall,UC,All,1," 4,832 "," 2,028 ",3,42.0%,41.9%,284 ,131 ,318 ,0 ,386 ,906 ,0 
Perranporth,E05013849,59432,Cornwall,Cornwall,UC,All,1," 5,026 "," 1,970 ",5,39.2%,39.1%,400 ,256 ,117 ,153 ,568 ,470 ,0 
Pool & Tehidy,E05013323,59433,Cornwall,Cornwall,UC,All,1," 5,145 "," 1,447 ",1,28.1%,28.1%,250 ,160 ,214 ,0 ,745 ,0 ,77 
"Porthleven, Breage & Germoe",E05013324,59434,Cornwall,Cornwall,UC,All,1," 5,558 "," 2,351 ",2,42.3%,42.3%,47 ,316 ,676 ,0 ,563 ,629 ,118 
Poundstock,E05013325,59435,Cornwall,Cornwall,UC,All,1," 4,637 "," 2,017 ",4,43.5%,43.4%,0 ,162 ,859 ,84 ,531 ,377 ,0 
Probus & St Erme,E05013850,59436,Cornwall,Cornwall,UC,All,1," 5,257 "," 1,768 ",6,33.6%,33.5%,166 ,743 ,282 ,0 ,571 ,0 ,0 
Rame Peninsula & St Germans,E05013327,59437,Cornwall,Cornwall,UC,All,1," 5,654 "," 2,868 ",9,50.7%,50.6%,"1,348 ",404 ,177 ,98 ,832 ,0 ,0 
"Redruth Central, Carharrack & St Day",E05013851,59438,Cornwall,Cornwall,UC,All,1," 4,900 "," 1,922 ",3,39.2%,39.2%,244 ,842 ,151 ,0 ,562 ,0 ,115 
Redruth North,E05013329,59439,Cornwall,Cornwall,UC,All,1," 4,744 "," 1,378 ",4,29.1%,29.0%,315 ,127 ,100 ,172 ,659 ,0 ,0 
Redruth South,E05013330,59440,Cornwall,Cornwall,UC,All,1," 4,962 "," 1,674 ",18,33.7%,33.4%,498 ,374 ,199 ,0 ,584 ,0 ,0 
Roche & Bugle,E05013331,59441,Cornwall,Cornwall,UC,All,1," 5,371 "," 1,733 ",5,32.3%,32.2%,88 ,166 ,293 ,0 ,701 ,0 ,480 
Saltash Essa,E05013348,59442,Cornwall,Cornwall,UC,All,1," 5,221 "," 1,998 ",4,38.3%,38.2%,120 ,190 ,989 ,0 ,583 ,111 ,0 
Saltash Tamar,E05013349,59443,Cornwall,Cornwall,UC,All,1," 5,078 "," 1,837 ",5,36.2%,36.1%,224 ,419 ,550 ,0 ,596 ,43 ,0 
Saltash Trematon & Landrake,E05013350,59444,Cornwall,Cornwall,UC,All,1," 4,612 "," 1,877 ",2,40.7%,40.7%,99 ,313 ,468 ,68 ,477 ,336 ,0 
St Agnes,E05013852,59445,Cornwall,Cornwall,UC,All,1," 5,319 "," 1,869 ",8,35.1%,35.0%,138 ,231 ,"1,146 ",0 ,344 ,0 ,0 
St Austell Bethel & Holmbush,E05013853,59446,Cornwall,Cornwall,UC,All,1," 5,217 "," 1,907 ",5,36.6%,36.5%,146 ,839 ,216 ,0 ,701 ,0 ,0 
St Austell Central & Gover,E05013854,59447,Cornwall,Cornwall,UC,All,1," 5,255 "," 1,684 ",5,32.1%,32.0%,128 ,171 ,278 ,0 ,597 ,19 ,486 
St Austell Poltair & Mount Charles,E05013836,59448,Cornwall,Cornwall,UC,All,1," 5,224 "," 1,629 ",3,31.2%,31.1%,310 ,272 ,313 ,0 ,619 ,112 ,0 
St Blazey,E05013336,59449,Cornwall,Cornwall,UC,All,1," 5,198 "," 1,595 ",1,30.7%,30.7%,189 ,627 ,208 ,0 ,570 ,0 ,0 
St Cleer & Menheniot,E05016234,59450,Cornwall,Cornwall,UC,All,1," 5,192 "," 2,099 ",5,40.4%,40.3%,138 ,412 ,718 ,0 ,819 ,0 ,0 
"St Columb Major, St Mawgan & St Wenn",E05013338,59451,Cornwall,Cornwall,UC,All,1," 4,802 "," 1,662 ",3,34.6%,34.5%,0 ,0 ,489 ,213 ,546 ,412 ,0 
St Columb Minor & Colan,E05013855,59452,Cornwall,Cornwall,UC,All,1," 4,686 "," 1,415 ",3,30.2%,30.1%,120 ,238 ,118 ,0 ,507 ,414 ,0 
St Dennis & St Enoder,E05013856,59453,Cornwall,Cornwall,UC,All,1," 5,823 "," 1,722 ",5,29.6%,29.5%,50 ,71 ,54 ,0 ,542 ,0 ,"1,000 "
"St Goran, Tregony & the Roseland",E05013341,59454,Cornwall,Cornwall,UC,All,1," 4,887 "," 2,096 ",3,42.9%,42.8%,74 ,163 ,114 ,115 ,417 ,"1,208 ",0 
"St Ives East, Lelant & Carbis Bay",E05013857,59455,Cornwall,Cornwall,UC,All,1," 5,025 "," 2,259 ",2,45.0%,44.9%,0 ,237 ,901 ,0 ,536 ,581 ,0 
St Ives West & Towednack,E05013858,59456,Cornwall,Cornwall,UC,All,1," 4,755 "," 1,868 ",10,39.3%,39.1%,0 ,75 ,611 ,0 ,397 ,773 ,0 
St Mewan & Grampound,E05013859,59457,Cornwall,Cornwall,UC,All,1," 4,611 "," 1,924 ",9,41.7%,41.5%,382 ,600 ,313 ,0 ,620 ,0 ,0 
"St Newlyn East, Cubert & Goonhavern",E05013860,59458,Cornwall,Cornwall,UC,All,1," 5,457 "," 2,079 ",2,38.1%,38.1%,95 ,225 ,528 ,165 ,647 ,318 ,0 
St Stephen-in-Brannel,E05013346,59459,Cornwall,Cornwall,UC,All,1," 5,297 "," 1,763 ",2,33.3%,33.2%,97 ,358 ,207 ,0 ,643 ,454 ,0 
St Teath & Tintagel,E05013347,59460,Cornwall,Cornwall,UC,All,1," 5,212 "," 2,125 ",3,40.8%,40.7%,0 ,274 ,"1,130 ",113 ,604 ,0 ,0 
"Stratton, Kilkhampton & Morwenstow",E05013351,59461,Cornwall,Cornwall,UC,All,1," 5,282 "," 2,040 ",7,38.6%,38.5%,0 ,379 ,915 ,102 ,631 ,0 ,0 
Threemilestone & Chacewater,E05013861,59462,Cornwall,Cornwall,UC,All,1," 3,875 "," 1,498 ",2,38.7%,38.6%,85 ,140 ,187 ,100 ,440 ,543 ,0 
Torpoint,E05013353,59463,Cornwall,Cornwall,UC,All,1," 5,001 "," 1,866 ",8,37.3%,37.2%,336 ,569 ,165 ,0 ,785 ,0 ,0 
Truro Boscawen & Redannick,E05013354,59464,Cornwall,Cornwall,UC,All,1," 4,681 "," 1,730 ",2,37.0%,36.9%,137 ,150 ,721 ,160 ,352 ,72 ,136 
Truro Moresk & Trehaverne,E05013355,59465,Cornwall,Cornwall,UC,All,1," 5,200 "," 1,977 ",2,38.0%,38.0%,225 ,335 ,373 ,278 ,344 ,263 ,0 
Truro Tregolls,E05013356,59466,Cornwall,Cornwall,UC,All,1," 4,794 "," 1,829 ",1,38.2%,38.1%,54 ,56 ,65 ,58 ,250 ,"1,344 ",0 
Wadebridge East & St Minver,E05013357,59467,Cornwall,Cornwall,UC,All,1," 5,108 "," 2,141 ",2,41.9%,41.9%,0 ,442 ,776 ,291 ,472 ,160 ,0 
Wadebridge West & St Mabyn,E05013358,59468,Cornwall,Cornwall,UC,All,1," 5,359 "," 2,207 ",4,41.2%,41.1%,0 ,0 ,314 ,0 ,386 ,"1,504 ",0 
Alfreton & Somercotes,E58001858,62622,Derbyshire,Amber Valley,CC,All,1," 10,339 "," 2,940 ",5,28.4%,28.4%,622 ,437 ,134 ,190 ,"1,476 ",40 ,0 
Alport & Duffield,E58001859,62623,Derbyshire,Amber Valley,CC,All,1," 9,804 "," 4,321 ",6,44.1%,44.0%,278 ,"1,067 ",118 ,"1,914 ",905 ,19 ,0 
Ashbourne South,E58001860,62645,Derbyshire,Derbyshire Dales,CC,All,1," 9,487 "," 4,224 ",8,44.5%,44.4%,359 ,"1,644 ",516 ,234 ,"1,327 ",136 ,0 
Aston,E58001861,62673,Derbyshire,South Derbyshire,CC,All,1," 8,405 "," 2,683 ",6,31.9%,31.9%,602 ,824 ,221 ,0 ,"1,030 ",0 ,0 
Bakewell,E58001862,62646,Derbyshire,Derbyshire Dales,CC,All,1," 11,270 "," 5,030 ",11,44.6%,44.5%,"1,211 ","1,494 ",472 ,619 ,"1,223 ",0 ,0 
Barlborough & Clowne,E58001863,62635,Derbyshire,Bolsover,CC,All,1," 10,748 "," 3,818 ",6,35.5%,35.5%,743 ,666 ,126 ,181 ,"2,008 ",55 ,31 
Bolsover,E58001864,62632,Derbyshire,Bolsover,CC,All,1," 10,101 "," 3,279 ",5,32.5%,32.4%,871 ,372 ,108 ,135 ,"1,641 ",0 ,146 
Breadsall & West Hallam,E58001865,62651,Derbyshire,Erewash,CC,All,1," 8,495 "," 3,473 ",5,40.9%,40.8%,442 ,"1,437 ",321 ,209 ,"1,064 ",0 ,0 
Breaston,E58001866,45492,Derbyshire,Erewash,CC,All,1," 10,145 "," 4,038 ",6,39.9%,39.7%,619 ,"1,211 ",269 ,427 ,"1,512 ",0 ,0 
Brimington,E58001867,62637,Derbyshire,Chesterfield,CC,All,1," 9,244 "," 2,802 ",5,30.3%,30.3%,810 ,210 ,273 ,158 ,"1,240 ",47 ,0 
Buxton North & East,E58001868,62659,Derbyshire,High Peak,CC,All,1," 8,980 "," 3,131 ",12,34.9%,34.7%,942 ,566 ,187 ,349 ,"1,075 ",0 ,0 
Buxton South & West,E58001869,62660,Derbyshire,High Peak,CC,All,1," 8,865 "," 3,878 ",4,43.7%,43.7%,879 ,"1,311 ",158 ,333 ,"1,118 ",75 ,0 
Chapel & Hope Valley,E58001870,62661,Derbyshire,High Peak,CC,All,1," 10,342 "," 4,802 ",8,46.4%,46.4%,969 ,"1,432 ",137 ,937 ,"1,319 ",0 ,0 
Clay Cross & Tupton,E58001871,62665,Derbyshire,North East Derbyshire,CC,All,1," 10,781 "," 3,674 ",8,34.1%,34.0%,747 ,726 ,0 ,194 ,"1,353 ",647 ,0 
"Codnor, Aldercar, Langley Mill & Loscoe",E58001872,62624,Derbyshire,Amber Valley,CC,All,1," 10,339 "," 3,118 ",3,30.2%,30.1%,526 ,477 ,124 ,185 ,"1,524 ",260 ,18 
Derwent Valley,E58001873,62647,Derbyshire,Derbyshire Dales,CC,All,1," 9,337 "," 4,231 ",8,45.3%,45.2%,519 ,"1,307 ",841 ,426 ,"1,130 ",0 ,0 
Dovedale & Ashbourne North,E58001874,62648,Derbyshire,Derbyshire Dales,CC,All,1," 9,564 "," 4,242 ",7,44.4%,44.3%,454 ,"1,270 ",540 ,454 ,"1,517 ",0 ,0 
Dronfield & Unstone,E58001875,62666,Derbyshire,North East Derbyshire,CC,All,1," 10,819 "," 4,215 ",8,39.0%,38.9%,756 ,"1,641 ",288 ,204 ,"1,023 ",295 ,0 
Dronfield Woodhouse & Walton,E58001876,62667,Derbyshire,North East Derbyshire,CC,All,1," 10,229 "," 4,731 ",13,46.3%,46.1%,813 ,"1,749 ",305 ,316 ,"1,479 ",51 ,0 
Dunston,E58001877,62638,Derbyshire,Chesterfield,CC,All,1," 9,323 "," 2,780 ",2,29.8%,29.8%,744 ,224 ,237 ,189 ,"1,296 ",0 ,88 
Eckington & Coal Aston,E58001878,62668,Derbyshire,North East Derbyshire,CC,All,1," 10,178 "," 3,876 ",5,38.1%,38.0%,740 ,"1,150 ",82 ,220 ,"1,429 ",229 ,0 
Elmton with Creswell & Whitwell,E58001879,62633,Derbyshire,Bolsover,CC,All,1," 10,110 "," 3,309 ",12,32.7%,32.6%,729 ,257 ,0 ,176 ,"1,708 ",397 ,27 
Etherow,E58001880,62662,Derbyshire,High Peak,CC,All,1," 9,244 "," 2,661 ",4,28.8%,28.7%,757 ,552 ,0 ,279 ,"1,069 ",0 ,0 
Etwall & Findern,E58001881,62674,Derbyshire,South Derbyshire,CC,All,1," 9,528 "," 2,914 ",8,30.6%,30.5%,542 ,"1,005 ",407 ,0 ,952 ,0 ,0 
Glossop North,E58001882,62663,Derbyshire,High Peak,CC,All,1," 8,016 "," 3,321 ",9,41.4%,41.3%,"1,023 ","1,083 ",159 ,303 ,744 ,0 ,0 
Glossop South,E58001883,62664,Derbyshire,High Peak,CC,All,1," 9,071 "," 3,672 ",11,40.4%,40.4%,"1,211 ","1,011 ",131 ,380 ,928 ,0 ,0 
Hardwick,E58001884,62634,Derbyshire,Bolsover,CC,All,1," 10,611 "," 3,479 ",9,32.8%,32.7%,772 ,416 ,0 ,201 ,"1,925 ",129 ,26 
Hasland & Rother,E58001885,62639,Derbyshire,Chesterfield,CC,All,1," 10,730 "," 3,457 ",4,32.2%,32.2%,837 ,319 ,206 ,747 ,"1,287 ",0 ,59 
Heanor,E58001886,62625,Derbyshire,Amber Valley,CC,All,1," 10,314 "," 3,095 ",8,30.0%,29.9%,461 ,365 ,149 ,231 ,"1,131 ",746 ,0 
Hilton,E58001887,62675,Derbyshire,South Derbyshire,CC,All,1," 10,428 "," 3,442 ",8,33.0%,32.9%,383 ,556 ,"1,071 ",0 ,"1,424 ",0 ,0 
Horsley,E58001888,62626,Derbyshire,Amber Valley,CC,All,1," 10,307 "," 4,020 ",6,39.0%,38.9%,413 ,916 ,136 ,"1,080 ","1,401 ",67 ,0 
Ilkeston Central,E58001889,62652,Derbyshire,Erewash,CC,All,1," 10,545 "," 3,464 ",0,32.9%,32.8%,607 ,555 ,178 ,210 ,"1,914 ",0 ,0 
Ilkeston North,E58001890,62653,Derbyshire,Erewash,CC,All,1," 10,193 "," 3,248 ",11,31.9%,31.8%,569 ,469 ,198 ,198 ,"1,814 ",0 ,0 
Ilkeston South & Kirk Hallam,E58001891,62654,Derbyshire,Erewash,CC,All,1," 8,658 "," 2,539 ",9,29.4%,29.2%,404 ,386 ,109 ,199 ,"1,405 ",0 ,0 
Killamarsh & Renishaw,E58001892,62669,Derbyshire,North East Derbyshire,CC,All,1," 8,932 "," 2,730 ",5,30.6%,30.5%,543 ,700 ,78 ,125 ,"1,255 ",24 ,0 
Linacre & Loundsley Green,E58001893,62640,Derbyshire,Chesterfield,CC,All,1," 9,848 "," 3,937 ",6,40.0%,39.9%,890 ,633 ,948 ,250 ,"1,141 ",0 ,69 
Linton,E58001894,62676,Derbyshire,South Derbyshire,CC,All,1," 8,805 "," 3,267 ",3,37.1%,37.1%,407 ,258 ,52 ,0 ,"1,028 ","1,519 ",0 
Long Eaton North,E58001895,62655,Derbyshire,Erewash,CC,All,1," 9,197 "," 3,131 ",8,34.2%,34.0%,767 ,720 ,295 ,228 ,"1,121 ",0 ,0 
Long Eaton South,E58001896,62656,Derbyshire,Erewash,CC,All,1," 9,369 "," 3,016 ",3,32.2%,32.2%,771 ,664 ,239 ,227 ,"1,115 ",0 ,0 
Matlock,E58001897,62649,Derbyshire,Derbyshire Dales,CC,All,1," 9,290 "," 4,069 ",6,43.8%,43.7%,439 ,399 ,"2,007 ",244 ,974 ,0 ,0 
Melbourne & Woodville,E58001898,62677,Derbyshire,South Derbyshire,CC,All,1," 9,911 "," 3,433 ",17,34.6%,34.5%,899 ,671 ,338 ,0 ,"1,508 ",0 ,0 
New Mills & Hayfield,E58001899,45506,Derbyshire,High Peak,CC,All,1," 9,638 "," 3,833 ",9,39.8%,39.7%,"1,493 ",501 ,485 ,340 ,"1,005 ",0 ,0 
North Belper,E58001900,62627,Derbyshire,Amber Valley,CC,All,1," 9,352 "," 4,124 ",6,44.1%,44.0%,983 ,789 ,98 ,576 ,946 ,0 ,726 
"North Wingfield, Pilsley & Morton",E58001901,62670,Derbyshire,North East Derbyshire,CC,All,1," 9,980 "," 3,326 ",4,33.3%,33.3%,"1,278 ",292 ,0 ,193 ,"1,436 ",122 ,0 
Repton & Stenson,E58001902,62678,Derbyshire,South Derbyshire,CC,All,1," 10,270 "," 3,369 ",13,32.8%,32.7%,767 ,898 ,444 ,0 ,"1,247 ",0 ,0 
Ripley East,E58001903,62628,Derbyshire,Amber Valley,CC,All,1," 10,473 "," 3,427 ",6,32.7%,32.7%,802 ,597 ,154 ,229 ,"1,505 ",66 ,0 
Ripley West & Crich,E58001904,62629,Derbyshire,Amber Valley,CC,All,1," 10,836 "," 4,702 ",8,43.4%,43.3%,840 ,"1,093 ",599 ,419 ,"1,656 ",56 ,0 
Sandiacre,E58001905,62657,Derbyshire,Erewash,CC,All,1," 8,718 "," 3,033 ",7,34.9%,34.7%,495 ,"1,298 ",181 ,0 ,"1,059 ",0 ,0 
Sawley,E58001906,62658,Derbyshire,Erewash,CC,All,1," 10,881 "," 4,168 ",12,38.4%,38.2%,"1,031 ","1,328 ",498 ,0 ,"1,311 ",0 ,0 
Shirebrook & Pleasley,E58001907,62636,Derbyshire,Bolsover,CC,All,1," 10,647 "," 2,986 ",7,28.0%,28.0%,666 ,239 ,71 ,94 ,"1,733 ",117 ,59 
Shirland & Wingerworth South,E58001908,62671,Derbyshire,North East Derbyshire,CC,All,1," 11,068 "," 4,335 ",15,39.2%,39.0%,461 ,"1,160 ",0 ,"1,134 ","1,422 ",143 ,0 
South Belper & Holbrook,E58001909,62630,Derbyshire,Amber Valley,CC,All,1," 9,312 "," 4,030 ",2,43.3%,43.3%,486 ,515 ,88 ,"1,805 ",951 ,0 ,183 
South Normanton & Pinxton,E58001910,55084,Derbyshire,Bolsover,CC,All,1," 10,581 "," 3,215 ",8,30.4%,30.3%,460 ,732 ,0 ,192 ,"1,795 ",0 ,28 
Spire,E58001911,62641,Derbyshire,Chesterfield,CC,All,1," 9,822 "," 3,580 ",6,36.4%,36.4%,774 ,269 ,"1,248 ",250 ,992 ,0 ,41 
Staveley,E58001912,62642,Derbyshire,Chesterfield,CC,All,1," 9,960 "," 2,880 ",7,28.9%,28.8%,760 ,146 ,103 ,124 ,"1,183 ",300 ,0 
Staveley North & Whittington,E58001913,62643,Derbyshire,Chesterfield,CC,All,1," 10,306 "," 3,361 ",8,32.6%,32.5%,525 ,106 ,"1,200 ",112 ,"1,324 ",65 ,21 
Sutton,E58001914,62672,Derbyshire,North East Derbyshire,CC,All,1," 10,400 "," 3,281 ",10,31.5%,31.5%,743 ,497 ,0 ,240 ,"1,668 ",123 ,0 
Swadlincote East,E58001915,62679,Derbyshire,South Derbyshire,CC,All,1," 9,540 "," 2,573 ",4,27.0%,26.9%,632 ,403 ,140 ,0 ,"1,394 ",0 ,0 
Swadlincote South,E58001916,62680,Derbyshire,South Derbyshire,CC,All,1," 9,585 "," 2,792 ",6,29.1%,29.1%,723 ,575 ,146 ,0 ,"1,342 ",0 ,0 
Swadlincote West,E58001917,62681,Derbyshire,South Derbyshire,CC,All,1," 9,882 "," 2,665 ",5,27.0%,26.9%,690 ,391 ,149 ,0 ,"1,430 ",0 ,0 
Swanwick & Riddings,E58001918,62631,Derbyshire,Amber Valley,CC,All,1," 9,984 "," 3,599 ",6,36.0%,36.0%,739 ,805 ,297 ,87 ,"1,554 ",115 ,0 
"Walton, Brampton & Boythorpe",E58001919,62644,Derbyshire,Chesterfield,CC,All,1," 10,276 "," 4,058 ",9,39.5%,39.4%,"1,025 ",306 ,"1,276 ",263 ,"1,128 ",0 ,51 
Whaley Bridge,E58001920,55107,Derbyshire,High Peak,CC,All,1," 8,882 "," 4,674 ",5,52.6%,52.6%,168 ,785 ,223 ,118 ,711 ,"2,662 ",0 
Wirksworth,E58001921,62650,Derbyshire,Derbyshire Dales,CC,All,1," 9,641 "," 4,383 ",9,45.5%,45.4%,"1,244 ",941 ,314 ,569 ,"1,306 ",0 ,0 
Alphington & Cowick,E58000254,45534,Devon,Exeter,CC,All,1," 10,926 "," 4,215 ",9,38.6%,38.5%,"1,054 ",452 ,"1,030 ",544 ,"1,126 ",0 ,0 
Ashburton & Buckfastleigh,E58001983,57364,Devon,Teignbridge,CC,All,1," 10,073 "," 3,766 ",8,37.4%,37.3%,324 ,"1,021 ",899 ,608 ,906 ,0 ,0 
Axminster,E58000256,57335,Devon,East Devon,CC,All,1," 10,397 "," 3,712 ",5,35.7%,35.7%,137 ,600 ,424 ,160 ,993 ,"1,393 ",0 
Barnstaple North,E58000257,45549,Devon,North Devon,CC,All,1," 10,655 "," 3,142 ",4,29.5%,29.5%,149 ,324 ,"1,433 ",247 ,985 ,0 ,0 
Barnstaple South,E58000258,45550,Devon,North Devon,CC,All,1," 10,318 "," 3,162 ",5,30.6%,30.6%,130 ,633 ,"1,348 ",181 ,846 ,19 ,0 
Bickleigh & Wembury,E58000259,45557,Devon,South Hams,CC,All,1," 11,034 "," 3,682 ",8,33.4%,33.3%,329 ,"1,289 ",798 ,0 ,"1,258 ",0 ,0 
Bideford East,E58000260,57372,Devon,Torridge,CC,All,1," 10,143 "," 3,117 ",1,30.7%,30.7%,183 ,637 ,559 ,620 ,"1,117 ",0 ,0 
Bideford West & Hartland,E58000261,57373,Devon,Torridge,CC,All,1," 9,152 "," 2,927 ",6,32.0%,31.9%,76 ,519 ,973 ,274 ,"1,079 ",0 ,0 
Bovey Rural,E58000262,57365,Devon,Teignbridge,CC,All,1," 10,472 "," 4,243 ",8,40.5%,40.4%,449 ,"1,161 ","1,281 ",274 ,"1,070 ",0 ,0 
Braunton Rural,E58000263,45551,Devon,North Devon,CC,All,1," 9,501 "," 3,452 ",8,36.3%,36.2%,132 ,"1,194 ","1,310 ",185 ,623 ,0 ,0 
Broadclyst,E58000264,57336,Devon,East Devon,CC,All,2," 17,363 "," 4,632 ",3,26.7%,26.7%,309 ,834 ,"1,179 ","1,475 ","1,283 ",0 ,35 
Chudleigh & Teign Valley,E58000265,57366,Devon,Teignbridge,CC,All,1," 10,535 "," 3,996 ",4,37.9%,37.9%,370 ,834 ,"1,217 ",457 ,"1,114 ",0 ,0 
Chulmleigh & Landkey,E58000266,57356,Devon,North Devon,CC,All,1," 8,692 "," 3,289 ",7,37.8%,37.8%,58 ,811 ,"1,262 ",257 ,866 ,28 ,0 
Combe Martin Rural,E58000267,57357,Devon,North Devon,CC,All,1," 9,893 "," 3,488 ",8,35.3%,35.2%,123 ,"1,365 ",641 ,313 ,"1,038 ",0 ,0 
Crediton,E58000268,45543,Devon,Mid Devon,CC,All,1," 10,666 "," 3,543 ",5,33.2%,33.2%,423 ,602 ,"1,259 ",333 ,869 ,0 ,52 
"Creedy, Taw & Mid Exe",E58000269,57352,Devon,Mid Devon,CC,All,1," 11,226 "," 4,636 ",15,41.3%,41.2%,572 ,"1,148 ","1,652 ",0 ,"1,249 ",0 ,0 
Cullompton & Bradninch,E58000270,57353,Devon,Mid Devon,CC,All,1," 10,719 "," 3,620 ",4,33.8%,33.7%,117 ,780 ,"1,531 ",199 ,989 ,0 ,0 
Dartmouth & Marldon,E58000271,57359,Devon,South Hams,CC,All,1," 9,402 "," 3,619 ",7,38.5%,38.4%,99 ,"1,117 ","1,234 ",203 ,959 ,0 ,0 
Dawlish,E58000272,57367,Devon,Teignbridge,CC,All,1," 12,753 "," 4,633 ",17,36.3%,36.2%,192 ,614 ,"1,923 ",238 ,"1,649 ",0 ,0 
Duryard & Pennsylvania,E58000273,57344,Devon,Exeter,CC,All,1," 7,797 "," 3,122 ",4,40.0%,40.0%,815 ,470 ,886 ,445 ,502 ,0 ,0 
Exminster & Haldon,E58000274,57368,Devon,Teignbridge,CC,All,1," 9,464 "," 3,695 ",6,39.0%,39.0%,138 ,515 ,"2,014 ",208 ,814 ,0 ,0 
Exmouth,E58000276,57337,Devon,East Devon,CC,All,2," 26,649 "," 8,626 ",7,32.4%,32.3%,570 ,"2,320 ","2,108 ","1,070 ","2,601 ","1,645 ",0 
Exmouth & Budleigh Salterton Coastal,E58000275,57338,Devon,East Devon,CC,All,1," 12,635 "," 4,793 ",9,37.9%,37.9%,365 ,"1,394 ","1,518 ",338 ,"1,169 ",0 ,0 
Exwick & St. Thomas,E58000277,57345,Devon,Exeter,CC,All,1," 10,122 "," 3,236 ",4,32.0%,31.9%,"1,018 ",274 ,329 ,571 ,"1,040 ",0 ,0 
Feniton & Honiton,E58000278,57339,Devon,East Devon,CC,All,1," 12,223 "," 4,101 ",10,33.6%,33.5%,88 ,"1,078 ","1,478 ",142 ,"1,121 ",100 ,0 
Fremington Rural,E58000279,45554,Devon,North Devon,CC,All,1," 10,437 "," 3,871 ",4,37.1%,37.1%,37 ,362 ,"2,284 ",146 ,"1,038 ",0 ,0 
Hatherleigh & Chagford,E58000280,57376,Devon,West Devon,CC,All,1," 10,577 "," 4,351 ",6,41.1%,41.1%,199 ,"1,263 ",571 ,962 ,"1,350 ",0 ,0 
Heavitree & Whipton Barton,E58000281,57346,Devon,Exeter,CC,All,1," 10,700 "," 4,101 ",16,38.3%,38.2%,"1,037 ",474 ,459 ,"1,070 ","1,045 ",0 ,0 
Holsworthy Rural,E58000282,57374,Devon,Torridge,CC,All,1," 12,969 "," 5,000 ",7,38.6%,38.5%,113 ,"1,099 ","1,665 ",363 ,"1,753 ",0 ,0 
Ilfracombe,E58000283,45555,Devon,North Devon,CC,All,1," 8,737 "," 3,048 ",4,34.9%,34.8%,56 ,728 ,458 ,"1,040 ",762 ,0 ,0 
Ipplepen & The Kerswells,E58000284,57369,Devon,Teignbridge,CC,All,1," 10,305 "," 4,045 ",6,39.3%,39.2%,146 ,636 ,974 ,212 ,"1,019 ","1,004 ",0 
Ivybridge,E58000285,45559,Devon,South Hams,CC,All,1," 9,661 "," 3,159 ",5,32.7%,32.6%,90 ,579 ,"1,210 ",113 ,876 ,197 ,89 
Kingsbridge,E58000286,57360,Devon,South Hams,CC,All,1," 10,801 "," 4,187 ",4,38.8%,38.7%,176 ,695 ,"2,040 ",254 ,"1,018 ",0 ,0 
Kingsteignton & Teign Estuary,E58000287,57370,Devon,Teignbridge,CC,All,1," 12,068 "," 3,717 ",5,30.8%,30.8%,172 ,"1,048 ",906 ,271 ,"1,315 ",0 ,0 
Newton Abbot North,E58000288,45572,Devon,Teignbridge,CC,All,1," 11,362 "," 3,096 ",6,27.2%,27.2%,135 ,509 ,617 ,185 ,"1,008 ",594 ,42 
Newton Abbot South,E58001984,45573,Devon,Teignbridge,CC,All,1," 9,515 "," 3,175 ",7,33.4%,33.3%,115 ,321 ,570 ,155 ,"1,045 ",895 ,67 
Northam,E58000290,45579,Devon,Torridge,CC,All,1," 10,443 "," 3,870 ",7,37.1%,37.0%,200 ,"1,500 ",819 ,275 ,"1,069 ",0 ,0 
Okehampton Rural,E58000291,57377,Devon,West Devon,CC,All,1," 11,977 "," 4,093 ",6,34.2%,34.1%,248 ,972 ,971 ,417 ,"1,380 ",99 ,0 
Otter Valley,E58000292,57340,Devon,East Devon,CC,All,1," 11,804 "," 4,738 ",5,40.1%,40.1%,70 ,486 ,197 ,0 ,983 ,"2,997 ",0 
Pinhoe & Mincinglake,E58000293,57347,Devon,Exeter,CC,All,1," 11,399 "," 3,868 ",15,33.9%,33.8%,"1,115 ",631 ,370 ,424 ,"1,313 ",0 ,0 
Salcombe,E58000294,57361,Devon,South Hams,CC,All,1," 9,277 "," 3,883 ",9,41.9%,41.8%,64 ,"1,328 ","1,534 ",138 ,810 ,0 ,0 
Seaton & Colyton,E58000295,57341,Devon,East Devon,CC,All,1," 12,309 "," 4,966 ",18,40.3%,40.2%,106 ,881 ,"2,015 ",0 ,"1,308 ",638 ,0 
Sidmouth,E58000296,57342,Devon,East Devon,CC,All,1," 12,325 "," 5,532 ",21,44.9%,44.7%,115 ,"1,911 ","2,392 ",0 ,"1,093 ",0 ,0 
South Brent & Yealmpton,E58000297,57362,Devon,South Hams,CC,All,1," 10,630 "," 4,581 ",7,43.1%,43.0%,115 ,941 ,"2,397 ",288 ,833 ,0 ,0 
South Molton,E58000298,57358,Devon,North Devon,CC,All,1," 11,170 "," 4,174 ",7,37.4%,37.3%,215 ,"1,263 ","1,142 ",249 ,"1,298 ",0 ,0 
St. David's & Haven Banks,E58000299,57348,Devon,Exeter,CC,All,1," 9,692 "," 3,253 ",11,33.6%,33.5%,777 ,260 ,197 ,"1,486 ",484 ,0 ,38 
St. Sidwells & St. James,E58000300,57349,Devon,Exeter,CC,All,1," 9,847 "," 2,929 ",10,29.7%,29.6%,981 ,188 ,298 ,"1,049 ",403 ,0 ,0 
Tavistock,E58000301,57378,Devon,West Devon,CC,All,1," 10,449 "," 4,120 ",23,39.4%,39.2%,351 ,"1,316 ","1,169 ",312 ,949 ,0 ,0 
Teignmouth,E58000302,57371,Devon,Teignbridge,CC,All,1," 11,494 "," 4,171 ",8,36.3%,36.2%,253 ,498 ,"1,415 ",277 ,"1,250 ",354 ,116 
Tiverton East,E58002116,57354,Devon,Mid Devon,CC,All,1," 10,232 "," 3,312 ",4,32.4%,32.3%,101 ,739 ,980 ,200 ,"1,121 ",154 ,13 
Tiverton West,E58000304,57355,Devon,Mid Devon,CC,All,1," 11,328 "," 3,851 ",7,34.0%,33.9%,107 ,738 ,"1,372 ",162 ,"1,228 ",237 ,0 
Torrington Rural,E58000305,57375,Devon,Torridge,CC,All,1," 11,598 "," 4,772 ",3,41.1%,41.1%,107 ,"1,023 ","2,228 ",189 ,"1,222 ",0 ,0 
Totnes & Dartington,E58000306,57363,Devon,South Hams,CC,All,1," 10,364 "," 3,814 ",10,36.8%,36.7%,235 ,383 ,408 ,"2,350 ",408 ,0 ,20 
Wearside & Topsham,E58000307,57350,Devon,Exeter,CC,All,1," 11,291 "," 4,705 ",8,41.7%,41.6%,"1,276 ","1,479 ",417 ,609 ,916 ,0 ,0 
Whimple & Blackdown,E58000308,57343,Devon,East Devon,CC,All,1," 11,346 "," 4,357 ",7,38.4%,38.3%,130 ,"1,254 ","1,352 ",267 ,"1,325 ",0 ,22 
Willand & Uffculme,E58002117,45546,Devon,Mid Devon,CC,All,1," 11,022 "," 3,998 ",7,36.3%,36.2%,137 ,756 ,"1,574 ",330 ,"1,194 ",0 ,0 
Wonford & St. Loyes,E58000310,57351,Devon,Exeter,CC,All,1," 9,548 "," 3,111 ",8,32.6%,32.5%,785 ,843 ,231 ,294 ,950 ,0 ,0 
Yelverton Rural,E58000311,57379,Devon,West Devon,CC,All,1," 11,298 "," 4,733 ",6,41.9%,41.8%,232 ,"1,002 ","1,121 ",404 ,"1,300 ",668 ,0 
Adwick le Street & Carcroft,E05010728,56570,Doncaster,Doncaster,MB,All,3," 12,157 "," 3,239 ",15,26.6%,26.5%,966 ,291 ,158 ,327 ,"1,588 ",0 ,105 
Armthorpe,E05010729,42099,Doncaster,Doncaster,MB,All,3," 10,899 "," 3,346 ",11,31.6%,30.6%,"1,329 ",520 ,233 ,392 ,"1,567 ",0 ,0 
Balby South,E05010730,56571,Doncaster,Doncaster,MB,All,2," 7,013 "," 2,208 ",9,31.5%,31.4%,745 ,344 ,0 ,201 ,950 ,83 ,0 
Bentley,E05010731,56572,Doncaster,Doncaster,MB,All,3," 12,801 "," 3,633 ",16,28.4%,28.3%,"1,328 ",435 ,188 ,359 ,"1,595 ",0 ,127 
Bessacarr,E05010732,42103,Doncaster,Doncaster,MB,All,3," 11,378 "," 4,421 ",22,38.9%,38.7%,"1,214 ","1,412 ",505 ,448 ,"1,405 ",0 ,97 
Conisbrough,E05010733,56573,Doncaster,Doncaster,MB,All,3," 11,942 "," 3,648 ",10,30.6%,30.5%,"1,379 ",291 ,169 ,237 ,"1,577 ",0 ,267 
Edenthorpe & Kirk Sandall,E05010734,56574,Doncaster,Doncaster,MB,All,2," 7,865 "," 2,878 ",9,36.6%,36.5%,992 ,335 ,0 ,243 ,"1,239 ",328 ,69 
Edlington & Warmsworth,E05010735,56575,Doncaster,Doncaster,MB,All,2," 8,903 "," 2,713 ",20,30.5%,30.2%,901 ,274 ,127 ,136 ,"1,013 ",234 ,0 
Finningley,E05010736,42108,Doncaster,Doncaster,MB,All,3," 14,036 "," 5,652 ",40,40.3%,40.0%,"1,206 ","1,896 ",394 ,449 ,"1,579 ",0 ,133 
Hatfield,E05010737,56576,Doncaster,Doncaster,MB,All,3," 12,239 "," 4,042 ",35,33.0%,32.7%,"1,187 ",823 ,238 ,252 ,"1,733 ",431 ,0 
Hexthorpe & Balby North,E05010738,56577,Doncaster,Doncaster,MB,All,2," 8,122 "," 2,134 ",13,26.3%,26.1%,813 ,278 ,168 ,222 ,775 ,0 ,0 
Mexborough,E05010739,42111,Doncaster,Doncaster,MB,All,3," 11,182 "," 2,961 ",8,26.5%,26.4%,768 ,80 ,0 ,130 ,"1,138 ",0 ,"2,442 "
Norton & Askern,E05010740,56578,Doncaster,Doncaster,MB,All,3," 11,554 "," 3,967 ",15,34.3%,34.2%,"1,036 ",617 ,378 ,379 ,"1,968 ",0 ,891 
Roman Ridge,E05010741,56579,Doncaster,Doncaster,MB,All,2," 8,439 "," 3,003 ",19,35.6%,35.4%,888 ,217 ,0 ,619 ,"1,278 ",0 ,0 
Rossington & Bawtry,E05010742,56580,Doncaster,Doncaster,MB,All,3," 13,941 "," 4,763 ",16,34.2%,34.1%,"2,173 ",685 ,187 ,313 ,"1,313 ",592 ,0 
Sprotbrough,E05010743,56581,Doncaster,Doncaster,MB,All,2," 8,662 "," 3,426 ",11,39.6%,39.4%,797 ,990 ,0 ,314 ,"1,175 ",0 ,0 
Stainforth & Barnby Dun,E05010744,56582,Doncaster,Doncaster,MB,All,2," 7,107 "," 2,177 ",22,30.6%,30.3%,532 ,295 ,0 ,171 ,"1,014 ",221 ,0 
Thorne & Moorends,E05010745,56583,Doncaster,Doncaster,MB,All,3," 12,919 "," 3,757 ",20,29.1%,28.9%,"1,407 ",399 ,0 ,253 ,"1,692 ",0 ,127 
Tickhill & Wadworth,E05010746,56584,Doncaster,Doncaster,MB,All,2," 9,314 "," 3,577 ",15,38.4%,38.2%,825 ,"1,114 ",0 ,363 ,"1,163 ",0 ,0 
Town,E05010747,56585,Doncaster,Doncaster,MB,All,3," 13,719 "," 3,934 ",7,28.7%,28.6%,"1,567 ",454 ,273 ,719 ,999 ,103 ,501 
Wheatley Hills & Intake,E05010748,56586,Doncaster,Doncaster,MB,All,3," 13,304 "," 3,932 ",27,29.6%,29.4%,"1,370 ",441 ,0 ,434 ,"1,546 ",444 ,0 
Annfield Plain & Tanfield,E05016152,62307,Durham,Durham,UC,All,2," 8,194 "," 2,982 ",14,36.4%,36.2%,579 ,114 ,80 ,122 ,"1,404 ",0 ,"1,233 "
Aycliffe North & Middridge,E05016153,54711,Durham,Durham,UC,All,2," 8,597 "," 2,939 ",3,34.2%,34.2%,438 ,471 ,"1,001 ",82 ,999 ,106 ,0 
Aycliffe South,E05016154,62308,Durham,Durham,UC,All,3," 11,422 "," 3,314 ",18,29.0%,28.9%,667 ,589 ,331 ,156 ,"1,459 ",550 ,0 
Barnard Castle,E05016155,62309,Durham,Durham,UC,All,1," 4,156 "," 1,479 ",6,35.6%,35.4%,456 ,421 ,63 ,97 ,436 ,0 ,0 
Belmont,E05016156,62310,Durham,Durham,UC,All,2," 8,343 "," 3,295 ",3,39.5%,39.5%,733 ,158 ,"1,296 ",306 ,"1,026 ",0 ,0 
Benfieldside,E05016157,62311,Durham,Durham,UC,All,2," 7,954 "," 3,153 ",10,39.6%,39.5%,879 ,216 ,362 ,0 ,"1,064 ",783 ,0 
Bishop Auckland,E05016158,62312,Durham,Durham,UC,All,3," 12,281 "," 4,000 ",11,32.6%,32.5%,949 ,413 ,164 ,245 ,"1,870 ",783 ,0 
Blackhalls & Hesledens,E05016159,62313,Durham,Durham,UC,All,1," 4,345 "," 1,415 ",2,32.6%,32.5%,629 ,49 ,114 ,0 ,621 ,0 ,0 
Bowburn & Coxhoe,E05016160,62314,Durham,Durham,UC,All,3," 12,281 "," 3,872 ",3,31.6%,31.5%,962 ,162 ,200 ,384 ,"1,613 ","1,419 ",0 
Brandon,E05016161,62315,Durham,Durham,UC,All,2," 8,424 "," 3,047 ",25,36.2%,35.9%,503 ,71 ,62 ,"1,017 ",786 ,845 ,0 
Castle Eden & Passfield,E05016162,62316,Durham,Durham,UC,All,1," 4,455 "," 1,537 ",7,34.5%,34.3%,337 ,87 ,46 ,0 ,804 ,124 ,132 
Chester-le-Street North,E05016163,62317,Durham,Durham,UC,All,2," 7,639 "," 3,056 ",4,40.0%,40.0%,"1,082 ",199 ,160 ,230 ,"1,139 ",860 ,83 
Chester-le-Street South,E05016164,62318,Durham,Durham,UC,All,2," 7,926 "," 3,286 ",5,41.5%,41.4%,519 ,217 ,143 ,151 ,908 ,"1,641 ",0 
Chilton,E05016165,54721,Durham,Durham,UC,All,1," 3,675 "," 1,118 ",4,30.4%,30.3%,135 ,65 ,28 ,0 ,523 ,235 ,0 
Consett North,E05016166,62319,Durham,Durham,UC,All,1," 4,172 "," 1,601 ",8,38.4%,38.2%,238 ,46 ,772 ,0 ,537 ,0 ,0 
Consett South,E05016167,62320,Durham,Durham,UC,All,1," 3,812 "," 1,350 ",6,35.4%,35.3%,139 ,44 ,740 ,0 ,421 ,0 ,0 
Craghead & South Moor,E05016168,62321,Durham,Durham,UC,All,2," 7,979 "," 2,225 ",7,27.9%,27.8%,601 ,122 ,229 ,0 ,"1,317 ",0 ,0 
Crook,E05016169,62322,Durham,Durham,UC,All,3," 11,062 "," 4,053 ",5,36.6%,36.6%,711 ,610 ,255 ,335 ,"2,102 ","1,327 ",0 
Dalton & Dawdon,E05016170,62323,Durham,Durham,UC,All,2," 8,132 "," 2,469 ",22,30.4%,30.1%,619 ,64 ,61 ,0 ,945 ,0 ,"1,535 "
Deerness,E05016171,62324,Durham,Durham,UC,All,2," 8,551 "," 3,172 ",8,37.1%,37.0%,860 ,94 ,806 ,239 ,"1,259 ",0 ,0 
Delves Lane,E05016172,62325,Durham,Durham,UC,All,2," 7,717 "," 2,537 ",8,32.9%,32.8%,620 ,386 ,276 ,0 ,"1,272 ",0 ,0 
Derwent & Pont Valley,E05016173,62326,Durham,Durham,UC,All,3," 12,879 "," 4,826 ",5,37.5%,37.4%,"1,272 ",276 ,289 ,384 ,"1,913 ",0 ,"2,807 "
Easington & Shotton,E05016174,62327,Durham,Durham,UC,All,3," 11,959 "," 3,560 ",6,29.8%,29.7%,713 ,163 ,156 ,0 ,"1,849 ",798 ,0 
"Elvet, Gilesgate & Shincliffe",E05016175,62328,Durham,Durham,UC,All,2," 8,222 "," 2,382 ",9,29.0%,28.9%,660 ,114 ,936 ,356 ,403 ,0 ,0 
Evenwood,E05016176,62329,Durham,Durham,UC,All,1," 3,839 "," 1,511 ",7,39.4%,39.2%,352 ,275 ,69 ,76 ,732 ,0 ,0 
Ferryhill,E05016177,62330,Durham,Durham,UC,All,2," 7,801 "," 2,766 ",8,35.5%,35.4%,857 ,174 ,84 ,107 ,"1,114 ",934 ,33 
Framwellgate & Newton Hall,E05016178,62331,Durham,Durham,UC,All,3," 10,963 "," 4,656 ",6,42.9%,42.4%,830 ,243 ,"2,465 ",432 ,"1,173 ",306 ,0 
Horden & Dene House,E05016179,62332,Durham,Durham,UC,All,2," 7,974 "," 2,415 ",22,30.3%,30.0%,725 ,57 ,85 ,0 ,"1,312 ",165 ,0 
Lanchester & Burnhope,E05016180,62333,Durham,Durham,UC,All,1," 4,461 "," 2,114 ",7,47.4%,47.2%,755 ,710 ,79 ,0 ,563 ,0 ,0 
Langley & Esh,E05016181,62334,Durham,Durham,UC,All,1," 4,329 "," 1,620 ",0,37.4%,37.4%,187 ,54 ,777 ,68 ,534 ,0 ,0 
Lower Teesdale,E05016182,62335,Durham,Durham,UC,All,2," 6,786 "," 2,878 ",5,42.4%,42.3%,434 ,666 ,116 ,726 ,"1,075 ",0 ,0 
Lumley & West Rainton,E05016183,62336,Durham,Durham,UC,All,2," 7,687 "," 2,919 ",4,38.0%,37.9%,325 ,140 ,152 ,115 ,844 ,"1,581 ",0 
Murton,E05016184,62337,Durham,Durham,UC,All,2," 7,982 "," 2,323 ",8,29.1%,29.0%,781 ,121 ,99 ,0 ,"1,045 ",322 ,0 
Neville's Cross,E05016185,62338,Durham,Durham,UC,All,2," 8,489 "," 2,659 ",11,31.3%,31.2%,545 ,172 ,"1,402 ",476 ,382 ,0 ,0 
North Lodge,E05016186,62339,Durham,Durham,UC,All,1," 3,879 "," 1,721 ",6,44.4%,44.2%,212 ,37 ,999 ,36 ,432 ,0 ,0 
Pelton,E05016187,62340,Durham,Durham,UC,All,3," 11,994 "," 3,729 ",7,31.1%,31.0%,"1,428 ",225 ,245 ,263 ,"1,767 ",0 ,0 
Peterlee,E05016188,62341,Durham,Durham,UC,All,2," 8,475 "," 2,054 ",15,24.2%,24.1%,425 ,82 ,57 ,0 ,"1,063 ",173 ,412 
Pittington & Sherburn,E05016189,62342,Durham,Durham,UC,All,1," 3,711 "," 1,428 ",4,38.5%,38.4%,356 ,63 ,443 ,54 ,508 ,0 ,0 
Sacriston & Witton Gilbert,E05016190,62343,Durham,Durham,UC,All,2," 7,853 "," 2,569 ",5,32.7%,32.6%,553 ,0 ,807 ,177 ,"1,088 ",0 ,0 
Seaham,E05016191,62344,Durham,Durham,UC,All,2," 8,773 "," 3,006 ",23,34.3%,34.0%,747 ,150 ,87 ,151 ,"1,219 ",0 ,"1,433 "
Sedgefield,E05016192,62345,Durham,Durham,UC,All,2," 7,910 "," 3,115 ",5,39.4%,39.3%,529 ,624 ,120 ,229 ,"1,115 ","1,372 ",0 
Shildon & Dene Valley,E05016193,62346,Durham,Durham,UC,All,3," 12,151 "," 3,920 ",9,32.3%,32.2%,849 ,282 ,389 ,0 ,"2,220 ",625 ,0 
Spennymoor,E05016194,62347,Durham,Durham,UC,All,2," 9,046 "," 3,118 ",20,34.5%,34.2%,444 ,97 ,544 ,0 ,977 ,"1,162 ",0 
Stanley,E05016195,62348,Durham,Durham,UC,All,2," 8,193 "," 2,528 ",23,30.9%,30.6%,640 ,117 ,154 ,0 ,"1,366 ",270 ,0 
Thornley & Wheatley Hill,E05016196,62349,Durham,Durham,UC,All,1," 4,362 "," 1,418 ",4,32.5%,32.4%,375 ,53 ,65 ,0 ,921 ,0 ,0 
Trimdon & Wingate,E05016197,62350,Durham,Durham,UC,All,2," 8,747 "," 2,749 ",8,31.4%,31.3%,797 ,120 ,186 ,0 ,"1,361 ",0 ,514 
Tudhoe,E05016198,62351,Durham,Durham,UC,All,2," 7,921 "," 2,474 ",23,31.2%,30.9%,479 ,98 ,168 ,0 ,826 ,996 ,0 
Upper Teesdale,E05016199,62352,Durham,Durham,UC,All,1," 3,688 "," 1,775 ",5,48.1%,48.0%,253 ,808 ,84 ,103 ,522 ,0 ,0 
Weardale,E05016200,62353,Durham,Durham,UC,All,2," 7,652 "," 3,631 ",11,47.5%,47.3%,250 ,762 ,135 ,267 ,"1,037 ","1,331 ",0 
West Auckland,E05016201,62354,Durham,Durham,UC,All,2," 8,169 "," 2,796 ",4,34.2%,34.2%,906 ,230 ,89 ,118 ,"1,453 ",131 ,0 
Willington & Hunwick,E05016202,62355,Durham,Durham,UC,All,2," 7,191 "," 2,733 ",5,38.0%,37.9%,763 ,249 ,174 ,180 ,"1,336 ",241 ,0 
Abbey,E58001985,62485,Gloucestershire,Gloucester,CC,All,1," 9,495 "," 3,405 ",8,35.9%,35.8%,232 ,"1,312 ",687 ,172 ,975 ,27 ,0 
All Saints & Oakley,E58001986,62471,Gloucestershire,Cheltenham,CC,All,1," 8,851 "," 2,592 ",7,29.1%,29.2%,126 ,345 ,"1,250 ",235 ,636 ,0 ,0 
Barnwood & Hucclecote,E58001987,62486,Gloucestershire,Gloucester,CC,All,1," 10,063 "," 3,950 ",10,39.4%,39.2%,267 ,796 ,"1,528 ",197 ,"1,112 ",34 ,0 
Barton & Tredworth,E58001988,62487,Gloucestershire,Gloucester,CC,All,1," 9,373 "," 2,379 ",8,25.5%,25.3%,382 ,855 ,504 ,143 ,331 ,138 ,26 
Battledown & Charlton Kings,E58001989,62472,Gloucestershire,Cheltenham,CC,All,1," 9,281 "," 3,585 ",10,38.7%,38.5%,104 ,"1,059 ","1,593 ",271 ,558 ,0 ,0 
Benhall & Up Hatherley,E58001990,62473,Gloucestershire,Cheltenham,CC,All,1," 9,876 "," 4,200 ",9,42.6%,42.4%,178 ,644 ,"2,061 ",178 ,"1,011 ",110 ,18 
Bishop's Cleeve,E58001991,62501,Gloucestershire,Tewkesbury,CC,All,1," 8,599 "," 3,221 ",8,37.6%,37.4%,93 ,299 ,"1,817 ",112 ,900 ,0 ,0 
Bisley & Painswick,E58001992,54853,Gloucestershire,Stroud,CC,All,1," 8,404 "," 3,854 ",9,46.0%,45.8%,230 ,991 ,137 ,"1,753 ",743 ,0 ,0 
Blakeney & Bream,E58001993,54835,Gloucestershire,Forest Of Dean,CC,All,1," 9,407 "," 3,754 ",9,40.0%,39.8%,274 ,611 ,191 ,"1,501 ","1,177 ",0 ,0 
Bourton-on-the-Water & Northleach,E58001994,62480,Gloucestershire,Cotswold,CC,All,1," 9,090 "," 3,697 ",9,40.8%,40.6%,60 ,826 ,"2,063 ",0 ,748 ,0 ,0 
Brockworth,E58001995,62502,Gloucestershire,Tewkesbury,CC,All,1," 10,212 "," 2,971 ",5,29.1%,29.0%,100 ,321 ,"1,067 ",123 ,769 ,591 ,0 
Cam Valley,E58001996,62494,Gloucestershire,Stroud,CC,All,1," 9,947 "," 3,664 ",8,36.9%,36.8%,726 ,745 ,236 ,366 ,"1,111 ",480 ,0 
Campden-Vale,E58001997,62481,Gloucestershire,Cotswold,CC,All,1," 9,280 "," 3,887 ",6,42.0%,41.8%,95 ,"1,549 ",452 ,875 ,916 ,0 ,0 
Charlton Park & College,E58001998,54811,Gloucestershire,Cheltenham,CC,All,1," 8,513 "," 3,502 ",2,41.2%,41.1%,90 ,795 ,"1,779 ",371 ,467 ,0 ,0 
Churchdown,E58001999,54866,Gloucestershire,Tewkesbury,CC,All,1," 8,795 "," 3,196 ",5,36.4%,36.3%,115 ,451 ,"1,523 ",135 ,972 ,0 ,0 
Cinderford,E58002000,54836,Gloucestershire,Forest Of Dean,CC,All,1," 8,173 "," 2,470 ",4,30.3%,30.2%,679 ,270 ,159 ,281 ,"1,081 ",0 ,0 
Cirencester North with Ermin,E58002001,62482,Gloucestershire,Cotswold,CC,All,1," 9,206 "," 3,517 ",6,38.2%,38.1%,112 ,782 ,"1,574 ",173 ,870 ,0 ,0 
Cirencester Park,E58002002,54830,Gloucestershire,Cotswold,CC,All,1," 8,253 "," 2,968 ",5,36.0%,35.9%,151 ,460 ,"1,546 ",176 ,635 ,0 ,0 
Coleford,E58002003,54837,Gloucestershire,Forest Of Dean,CC,All,1," 8,761 "," 2,815 ",5,32.2%,32.1%,264 ,535 ,260 ,440 ,"1,002 ",314 ,0 
Coney Hill & Matson,E58002004,62488,Gloucestershire,Gloucester,CC,All,1," 8,883 "," 2,207 ",6,24.9%,24.8%,335 ,227 ,170 ,0 ,637 ,798 ,40 
Drybrook & Lydbrook,E58002005,54838,Gloucestershire,Forest Of Dean,CC,All,1," 8,292 "," 2,990 ",8,36.2%,36.0%,451 ,555 ,127 ,388 ,"1,088 ",381 ,0 
Dursley,E58002006,54855,Gloucestershire,Stroud,CC,All,1," 9,382 "," 3,759 ",11,40.2%,39.9%,841 ,768 ,254 ,970 ,926 ,0 ,0 
Fairford & Lechlade on Thames,E58002007,54831,Gloucestershire,Cotswold,CC,All,1," 8,652 "," 3,582 ",2,41.4%,41.4%,92 ,"1,433 ","1,250 ",161 ,646 ,0 ,0 
Grange & Kingsway,E58002008,62489,Gloucestershire,Gloucester,CC,All,1," 10,849 "," 2,913 ",6,26.9%,26.8%,577 ,701 ,220 ,205 ,"1,090 ",120 ,0 
Hardwicke & Severn,E58002009,62495,Gloucestershire,Stroud,CC,All,1," 9,086 "," 3,226 ",5,35.6%,35.5%,375 ,"1,113 ",428 ,321 ,989 ,0 ,0 
Haresfield & Upton St Leonards,E58002010,62496,Gloucestershire,Stroud,CC,All,1," 6,955 "," 2,390 ",3,34.4%,34.3%,180 ,527 ,118 ,916 ,627 ,22 ,0 
Hempsted & Westgate,E58002011,62490,Gloucestershire,Gloucester,CC,All,1," 8,643 "," 2,473 ",5,28.7%,28.6%,319 ,602 ,735 ,149 ,594 ,40 ,34 
Hesters Way & Springbank,E58002012,62474,Gloucestershire,Cheltenham,CC,All,1," 9,869 "," 2,387 ",12,24.3%,24.1%,84 ,307 ,987 ,227 ,746 ,0 ,36 
Highnam,E58002013,62503,Gloucestershire,Tewkesbury,CC,All,1," 9,281 "," 3,315 ",7,35.8%,35.6%,145 ,876 ,"1,074 ",157 ,"1,063 ",0 ,0 
Kingsholm & Wotton,E58002014,62491,Gloucestershire,Gloucester,CC,All,1," 9,316 "," 2,942 ",5,31.6%,31.5%,297 ,410 ,"1,326 ",194 ,647 ,37 ,31 
Lansdown & Park,E58002015,54813,Gloucestershire,Cheltenham,CC,All,1," 9,396 "," 3,545 ",9,37.8%,37.6%,113 ,"1,062 ","1,466 ",345 ,559 ,0 ,0 
Leckhampton & Warden Hill,E58002016,62475,Gloucestershire,Cheltenham,CC,All,1," 8,626 "," 4,038 ",2,46.8%,46.8%,69 ,"1,220 ","1,932 ",230 ,587 ,0 ,0 
Longlevens,E58002017,62492,Gloucestershire,Gloucester,CC,All,1," 8,223 "," 3,259 ",7,39.7%,39.5%,126 ,602 ,"1,334 ",121 ,"1,023 ",53 ,0 
Lydney,E58002018,54839,Gloucestershire,Forest Of Dean,CC,All,1," 9,088 "," 3,210 ",5,35.4%,35.3%,275 ,780 ,134 ,917 ,"1,104 ",0 ,0 
Minchinhampton,E58002019,62497,Gloucestershire,Stroud,CC,All,1," 7,892 "," 3,632 ",4,46.1%,46.0%,236 ,444 ,131 ,"2,199 ",622 ,0 ,0 
Mitcheldean,E58002020,54840,Gloucestershire,Forest Of Dean,CC,All,1," 8,606 "," 3,304 ",9,38.5%,38.3%,224 ,535 ,329 ,316 ,"1,050 ",850 ,0 
"Moreton, Stow & the Rissingtons",E58002021,62483,Gloucestershire,Cotswold,CC,All,1," 9,591 "," 3,527 ",9,36.8%,36.7%,92 ,"1,293 ","1,104 ",226 ,803 ,0 ,0 
Nailsworth,E58002022,62498,Gloucestershire,Stroud,CC,All,1," 9,207 "," 4,181 ",13,45.6%,45.3%,"1,675 ",471 ,130 ,"1,210 ",695 ,0 ,0 
Newent,E58002023,54841,Gloucestershire,Forest Of Dean,CC,All,1," 9,156 "," 3,371 ",12,36.9%,36.7%,97 ,696 ,920 ,237 ,887 ,534 ,0 
Pittville & St Paul's,E58002024,62476,Gloucestershire,Cheltenham,CC,All,1," 9,251 "," 2,934 ",7,31.8%,31.6%,135 ,402 ,"1,429 ",394 ,557 ,0 ,17 
Prestbury & Swindon Village,E58002025,62477,Gloucestershire,Cheltenham,CC,All,1," 8,582 "," 3,397 ",7,39.7%,39.5%,120 ,556 ,921 ,944 ,856 ,0 ,0 
Quedgeley,E58002026,54851,Gloucestershire,Gloucester,CC,All,1," 8,703 "," 2,712 ",8,31.3%,31.1%,224 ,727 ,721 ,157 ,883 ,0 ,0 
Rodborough,E58002027,62499,Gloucestershire,Stroud,CC,All,1," 9,807 "," 3,662 ",7,37.4%,37.3%,"1,138 ",352 ,172 ,"1,150 ",850 ,0 ,0 
Sedbury,E58002028,54842,Gloucestershire,Forest Of Dean,CC,All,1," 8,209 "," 3,296 ",8,40.2%,40.1%,157 ,492 ,222 ,"1,502 ",923 ,0 ,0 
Severn Vale,E58002029,62504,Gloucestershire,Tewkesbury,CC,All,1," 10,009 "," 3,785 ",6,37.9%,37.8%,88 ,737 ,"1,680 ",214 ,"1,019 ",47 ,0 
South Cerney,E58002030,54832,Gloucestershire,Cotswold,CC,All,1," 8,908 "," 3,533 ",6,39.7%,39.6%,69 ,951 ,"1,668 ",120 ,719 ,0 ,0 
St Mark's & St Peter's,E58002031,62478,Gloucestershire,Cheltenham,CC,All,1," 9,698 "," 2,837 ",4,29.3%,29.2%,150 ,282 ,"1,413 ",256 ,709 ,0 ,27 
Stonehouse,E58002032,62500,Gloucestershire,Stroud,CC,All,1," 8,975 "," 3,016 ",6,33.7%,33.5%,486 ,345 ,122 ,804 ,825 ,425 ,9 
Stroud Central,E58002033,54861,Gloucestershire,Stroud,CC,All,1," 10,574 "," 4,240 ",22,40.3%,39.9%,799 ,309 ,195 ,"2,166 ",697 ,0 ,74 
Tetbury,E58002034,62484,Gloucestershire,Cotswold,CC,All,1," 8,383 "," 3,344 ",4,39.9%,39.8%,110 ,"1,215 ","1,246 ",182 ,591 ,0 ,0 
Tewkesbury East,E58002035,62505,Gloucestershire,Tewkesbury,CC,All,1," 8,241 "," 2,600 ",4,31.6%,31.5%,126 ,425 ,846 ,366 ,837 ,0 ,0 
Tewkesbury West,E58002036,62506,Gloucestershire,Tewkesbury,CC,All,1," 9,635 "," 3,881 ",3,40.3%,40.2%,110 ,288 ,448 ,"1,025 ","1,225 ",0 ,785 
Tuffley & Moreland,E58002037,62493,Gloucestershire,Gloucester,CC,All,1," 9,509 "," 2,944 ",6,31.0%,30.9%,554 ,648 ,496 ,213 ,971 ,62 ,0 
Winchcombe & Woodmancote,E58002038,54870,Gloucestershire,Tewkesbury,CC,All,1," 10,125 "," 4,475 ",6,44.3%,44.1%,93 ,"1,322 ","1,586 ",329 ,"1,145 ",0 ,0 
Wotton-under-Edge,E58002039,54862,Gloucestershire,Stroud,CC,All,1," 8,690 "," 3,498 ",4,40.3%,40.2%,192 ,505 ,"1,804 ",297 ,700 ,0 ,0 
Abbots Langley,E58000601,56949,Hertfordshire,Three Rivers,CC,All,1," 12,281 "," 4,095 ",4,33.3%,33.3%,174 ,"1,063 ","1,389 ",178 ,786 ,501 ,0 
Baldock & Letchworth East,E58000602,56924,Hertfordshire,North Hertfordshire,CC,All,1," 10,789 "," 4,052 ",6,37.6%,37.5%,"1,432 ","1,218 ",379 ,282 ,735 ,0 ,0 
Bedwell,E58000603,56947,Hertfordshire,Stevenage,CC,All,1," 10,937 "," 3,007 ",8,24.0%,27.4%,853 ,422 ,263 ,227 ,"1,196 ",0 ,38 
Berkhamsted,E58000604,56897,Hertfordshire,Dacorum,CC,All,1," 12,058 "," 4,359 ",5,36.2%,36.1%,193 ,812 ,"2,250 ",436 ,663 ,0 ,0 
Bishop's Stortford East,E58001775,29748,Hertfordshire,East Hertfordshire,CC,All,1," 11,009 "," 3,443 ",9,31.3%,31.2%,310 ,628 ,"1,536 ",175 ,774 ,0 ,11 
Bishop's Stortford Rural,E58001776,56908,Hertfordshire,East Hertfordshire,CC,All,1," 10,974 "," 3,553 ",7,32.4%,32.3%,396 ,"1,087 ",643 ,316 ,"1,080 ",0 ,24 
Bishop's Stortford West,E58001777,29750,Hertfordshire,East Hertfordshire,CC,All,1," 13,453 "," 3,900 ",6,29.0%,28.9%,632 ,947 ,"1,072 ",294 ,949 ,0 ,0 
Borehamwood North,E58000608,56917,Hertfordshire,Hertsmere,CC,All,1," 11,755 "," 3,195 ",7,27.2%,27.1%,609 ,628 ,123 ,105 ,972 ,751 ,0 
Borehamwood South,E58000609,56918,Hertfordshire,Hertsmere,CC,All,1," 11,156 "," 3,086 ",11,27.7%,27.6%,881 ,862 ,151 ,163 ,"1,018 ",0 ,0 
Bridgewater,E58000610,56898,Hertfordshire,Dacorum,CC,All,1," 11,037 "," 3,954 ",8,35.8%,35.8%,181 ,"1,211 ","1,411 ",265 ,878 ,0 ,0 
Broadwater,E58000611,56945,Hertfordshire,Stevenage,CC,All,1," 11,668 "," 3,557 ",11,30.5%,30.4%,811 ,949 ,277 ,228 ,"1,254 ",0 ,27 
Buntingford,E58000612,56910,Hertfordshire,East Hertfordshire,CC,All,1," 12,242 "," 4,254 ",11,34.7%,34.7%,249 ,"1,154 ",239 ,"1,017 ","1,584 ",0 ,0 
Bushey North,E58000613,29759,Hertfordshire,Hertsmere,CC,All,1," 10,846 "," 3,047 ",7,28.1%,28.0%,171 ,596 ,"1,640 ",132 ,501 ,0 ,0 
Bushey South,E58000614,29760,Hertfordshire,Hertsmere,CC,All,1," 10,942 "," 3,848 ",7,35.2%,35.1%,172 ,"1,502 ","1,411 ",119 ,637 ,0 ,0 
Central Watford & Oxhey,E58000615,29789,Hertfordshire,Watford,CC,All,1," 13,196 "," 3,355 ",14,25.4%,25.3%,430 ,283 ,"1,850 ",206 ,539 ,0 ,33 
Chells,E58000616,56943,Hertfordshire,Stevenage,CC,All,1," 11,205 "," 3,536 ",4,31.6%,31.5%,407 ,318 ,"1,556 ",128 ,"1,095 ",0 ,28 
Cheshunt Central,E58000617,56891,Hertfordshire,Broxbourne,CC,All,1," 12,044 "," 3,070 ",7,25.5%,25.4%,564 ,"1,169 ",161 ,135 ,"1,007 ",0 ,27 
Colney Heath & Marshalswick,E58000618,56933,Hertfordshire,St Albans,CC,All,1," 11,254 "," 4,064 ",7,36.1%,36.0%,124 ,767 ,"2,234 ",252 ,680 ,0 ,0 
Croxley,E58000619,56950,Hertfordshire,Three Rivers,CC,All,1," 10,597 "," 4,206 ",8,39.7%,39.6%,110 ,305 ,"1,895 ","1,211 ",677 ,0 ,0 
Flamstead End & Turnford,E58000620,56892,Hertfordshire,Broxbourne,CC,All,1," 11,522 "," 3,151 ",3,27.3%,27.3%,411 ,"1,169 ",107 ,156 ,"1,197 ",0 ,108 
Goffs Oak & Bury Green,E58000621,56893,Hertfordshire,Broxbourne,CC,All,1," 12,717 "," 3,445 ",3,27.1%,27.1%,367 ,"1,178 ",234 ,178 ,"1,472 ",0 ,13 
Haldens,E58000622,56962,Hertfordshire,Welwyn Hatfield,CC,All,1," 10,544 "," 3,854 ",8,36.6%,36.5%,729 ,740 ,"1,238 ",197 ,942 ,0 ,0 
Handside & Peartree,E58000623,56963,Hertfordshire,Welwyn Hatfield,CC,All,1," 12,008 "," 3,762 ",10,31.3%,31.2%,508 ,622 ,"1,532 ",219 ,845 ,0 ,26 
Harpenden North East,E58000624,29772,Hertfordshire,St Albans,CC,All,1," 11,424 "," 4,271 ",6,37.4%,37.3%,201 ,"1,511 ","1,730 ",324 ,499 ,0 ,0 
Harpenden Rural,E58000625,56935,Hertfordshire,St Albans,CC,All,1," 11,383 "," 4,277 ",20,37.6%,37.4%,196 ,"1,172 ","1,661 ",289 ,939 ,0 ,0 
Harpenden South West,E58000626,56936,Hertfordshire,St Albans,CC,All,1," 11,710 "," 5,012 ",18,42.8%,42.6%,314 ,"2,365 ","1,483 ",282 ,550 ,0 ,0 
Hatfield East,E58000627,56964,Hertfordshire,Welwyn Hatfield,CC,All,1," 9,292 "," 2,462 ",6,26.5%,26.4%,612 ,604 ,384 ,179 ,661 ,0 ,16 
Hatfield North,E58000628,56965,Hertfordshire,Welwyn Hatfield,CC,All,1," 10,156 "," 2,204 ",5,21.7%,21.7%,714 ,440 ,239 ,133 ,673 ,0 ,0 
Hatfield Rural,E58000629,29796,Hertfordshire,Welwyn Hatfield,CC,All,1," 9,721 "," 3,265 ",2,33.6%,33.6%,341 ,"1,481 ",243 ,175 ,998 ,0 ,25 
Hatfield South,E58000630,56967,Hertfordshire,Welwyn Hatfield,CC,All,1," 9,339 "," 2,606 ",6,27.9%,27.8%,363 ,453 ,"1,146 ",0 ,638 ,0 ,0 
Hemel Hempstead East,E58000631,56899,Hertfordshire,Dacorum,CC,All,1," 11,057 "," 3,274 ",9,29.6%,29.5%,301 ,991 ,887 ,151 ,935 ,0 ,0 
Hemel Hempstead North East,E58000632,56900,Hertfordshire,Dacorum,CC,All,1," 10,228 "," 2,665 ",6,26.1%,26.0%,493 ,"1,133 ",159 ,128 ,701 ,45 ,0 
Hemel Hempstead North West,E58000633,29742,Hertfordshire,Dacorum,CC,All,1," 11,335 "," 3,165 ",7,27.9%,27.9%,695 ,990 ,275 ,183 ,"1,015 ",0 ,0 
Hemel Hempstead South East,E58000634,56902,Hertfordshire,Dacorum,CC,All,1," 12,243 "," 3,246 ",9,26.5%,26.4%,371 ,517 ,200 ,188 ,823 ,"1,138 ",0 
Hemel Hempstead St. Pauls,E58000635,56903,Hertfordshire,Dacorum,CC,All,1," 10,912 "," 2,958 ",10,27.1%,27.0%,551 ,537 ,737 ,157 ,966 ,0 ,0 
Hemel Hempstead Town,E58000636,56904,Hertfordshire,Dacorum,CC,All,1," 12,414 "," 3,541 ",6,28.5%,28.5%,345 ,865 ,"1,332 ",203 ,757 ,0 ,33 
Hertford All Saints,E58000637,29747,Hertfordshire,East Hertfordshire,CC,All,1," 10,695 "," 3,767 ",3,35.2%,35.2%,247 ,725 ,173 ,"1,870 ",749 ,0 ,0 
Hertford Rural,E58000638,56912,Hertfordshire,East Hertfordshire,CC,All,1," 10,930 "," 4,162 ",9,38.1%,38.0%,301 ,"1,670 ",709 ,362 ,"1,111 ",0 ,0 
Hertford St. Andrews,E58000639,29753,Hertfordshire,East Hertfordshire,CC,All,1," 12,249 "," 4,071 ",6,33.2%,33.2%,673 ,"1,135 ",204 ,"1,194 ",834 ,0 ,25 
Hitchin North,E58000640,29764,Hertfordshire,North Hertfordshire,CC,All,1," 12,087 "," 4,113 ",12,34.0%,33.9%,"1,718 ",581 ,415 ,737 ,622 ,0 ,28 
Hitchin Rural,E58000641,56926,Hertfordshire,North Hertfordshire,CC,All,1," 10,846 "," 3,860 ",4,35.6%,35.6%,852 ,"1,302 ",488 ,350 ,836 ,0 ,28 
Hitchin South,E58000642,29766,Hertfordshire,North Hertfordshire,CC,All,1," 11,056 "," 4,652 ",9,42.1%,42.0%,798 ,889 ,"2,020 ",309 ,590 ,0 ,37 
Hoddesdon North,E58000643,56894,Hertfordshire,Broxbourne,CC,All,1," 11,948 "," 3,589 ",4,30.0%,30.0%,384 ,"1,460 ",170 ,220 ,"1,302 ",0 ,49 
Hoddesdon South,E58000644,56895,Hertfordshire,Broxbourne,CC,All,1," 12,306 "," 3,820 ",10,31.0%,31.0%,314 ,"1,669 ",197 ,371 ,"1,239 ",0 ,20 
Kings Langley,E58000645,29746,Hertfordshire,Dacorum,CC,All,1," 10,981 "," 3,641 ",0,33.2%,33.2%,293 ,"1,370 ",423 ,488 ,"1,067 ",0 ,0 
Knebworth & Codicote,E58000646,56928,Hertfordshire,North Hertfordshire,CC,All,1," 10,199 "," 3,993 ",8,39.2%,39.1%,345 ,"1,531 ",999 ,265 ,845 ,0 ,0 
Letchworth North,E58000647,56929,Hertfordshire,North Hertfordshire,CC,All,1," 11,852 "," 3,847 ",11,32.5%,32.4%,"1,141 ",856 ,457 ,398 ,984 ,0 ,0 
Letchworth South,E58000648,56930,Hertfordshire,North Hertfordshire,CC,All,1," 10,858 "," 4,245 ",16,39.1%,38.9%,632 ,"1,079 ","1,489 ",246 ,783 ,0 ,0 
London Colney,E58000649,56937,Hertfordshire,St Albans,CC,All,1," 9,266 "," 3,022 ",7,32.6%,32.5%,741 ,478 ,965 ,164 ,667 ,0 ,0 
Meriden Tudor,E58000650,29790,Hertfordshire,Watford,CC,All,1," 10,675 "," 2,926 ",10,27.4%,27.3%,353 ,390 ,"1,165 ",140 ,868 ,0 ,0 
Nascot Park,E58000651,29791,Hertfordshire,Watford,CC,All,1," 12,994 "," 4,064 ",6,31.3%,31.2%,381 ,540 ,"2,149 ",253 ,735 ,0 ,0 
North Watford,E58000652,29788,Hertfordshire,Watford,CC,All,1," 12,365 "," 3,382 ",15,27.4%,27.2%,926 ,244 ,"1,450 ",167 ,508 ,0 ,72 
Old Stevenage,E58000653,56944,Hertfordshire,Stevenage,CC,All,1," 10,743 "," 3,747 ",12,34.9%,34.8%,980 ,802 ,331 ,310 ,"1,283 ",0 ,29 
Potters Bar East,E58000654,29761,Hertfordshire,Hertsmere,CC,All,1," 11,580 "," 3,956 ",13,34.2%,34.1%,789 ,"1,362 ",257 ,240 ,"1,081 ",214 ,0 
Potters Bar West & Shenley,E58000655,56922,Hertfordshire,Hertsmere,CC,All,1," 11,431 "," 3,578 ",14,31.3%,31.2%,723 ,"1,261 ",335 ,243 ,"1,002 ",0 ,0 
Rickmansworth East & Oxhey Park,E58000656,56951,Hertfordshire,Three Rivers,CC,All,1," 11,359 "," 4,059 ",14,35.7%,35.6%,192 ,"1,533 ","1,205 ",198 ,917 ,0 ,0 
Rickmansworth West,E58000657,56952,Hertfordshire,Three Rivers,CC,All,1," 10,798 "," 3,571 ",7,33.1%,33.0%,124 ,"1,278 ","1,165 ",177 ,820 ,0 ,0 
Royston East & Ermine,E58000658,56931,Hertfordshire,North Hertfordshire,CC,All,1," 11,609 "," 4,389 ",9,37.8%,37.7%,372 ,996 ,"1,711 ",268 ,"1,033 ",0 ,0 
Royston West & Rural,E58000659,56932,Hertfordshire,North Hertfordshire,CC,All,1," 12,561 "," 4,558 ",6,36.3%,36.2%,340 ,791 ,"2,217 ",210 ,994 ,0 ,0 
Sawbridgeworth,E58000660,56914,Hertfordshire,East Hertfordshire,CC,All,1," 12,763 "," 3,996 ",3,31.3%,31.3%,376 ,"1,802 ",318 ,267 ,"1,230 ",0 ,0 
Shephall,E58000661,56946,Hertfordshire,Stevenage,CC,All,1," 10,659 "," 3,147 ",12,29.5%,29.4%,841 ,622 ,261 ,175 ,"1,207 ",0 ,29 
South Oxhey & Eastbury,E58000662,56953,Hertfordshire,Three Rivers,CC,All,1," 12,412 "," 3,259 ",10,26.3%,26.2%,839 ,"1,011 ",275 ,149 ,975 ,0 ,0 
St. Albans Central,E58000663,29774,Hertfordshire,St Albans,CC,All,1," 12,269 "," 4,496 ",15,36.6%,36.5%,197 ,311 ,"1,795 ","1,801 ",352 ,0 ,25 
St. Albans East,E58000664,29775,Hertfordshire,St Albans,CC,All,1," 11,203 "," 3,870 ",10,34.5%,34.5%,249 ,352 ,"2,344 ",408 ,507 ,0 ,0 
St. Albans North,E58000665,56940,Hertfordshire,St Albans,CC,All,1," 10,693 "," 3,702 ",8,34.6%,34.5%,256 ,453 ,"2,080 ",449 ,456 ,0 ,0 
St. Albans South,E58000666,17784,Hertfordshire,St Albans,CC,All,1," 11,151 "," 4,208 ",15,37.7%,37.6%,230 ,499 ,"2,555 ",385 ,524 ,0 ,0 
St. Nicholas,E58000667,56948,Hertfordshire,Stevenage,CC,All,1," 10,809 "," 3,449 ",7,31.9%,31.8%,"1,004 ",815 ,290 ,257 ,"1,051 ",0 ,25 
St. Stephen's,E58000668,56942,Hertfordshire,St Albans,CC,All,1," 12,041 "," 4,255 ",9,35.3%,35.3%,157 ,954 ,"1,863 ",183 ,"1,089 ",0 ,0 
Three Rivers Rural,E58000669,56954,Hertfordshire,Three Rivers,CC,All,1," 11,800 "," 3,961 ",5,33.6%,33.5%,153 ,"1,275 ","1,448 ",205 ,875 ,0 ,0 
Tring,E58000670,17719,Hertfordshire,Dacorum,CC,All,1," 12,911 "," 4,839 ",8,37.5%,37.4%,198 ,"1,042 ","2,154 ",481 ,956 ,0 ,0 
Waltham Cross,E58000671,56896,Hertfordshire,Broxbourne,CC,All,1," 11,848 "," 2,930 ",5,24.7%,24.7%,691 ,939 ,191 ,182 ,843 ,0 ,79 
Ware North,E58000672,29755,Hertfordshire,East Hertfordshire,CC,All,1," 10,534 "," 3,392 ",3,32.2%,32.2%,201 ,845 ,203 ,"1,100 ","1,031 ",0 ,9 
Ware South,E58000673,29756,Hertfordshire,East Hertfordshire,CC,All,1," 11,360 "," 3,635 ",6,32.0%,31.9%,254 ,938 ,264 ,"1,140 ","1,033 ",0 ,0 
Watling,E58000674,29763,Hertfordshire,Hertsmere,CC,All,1," 11,298 "," 3,720 ",15,32.9%,32.8%,264 ,"2,499 ",231 ,122 ,589 ,0 ,0 
Welwyn,E58000675,56968,Hertfordshire,Welwyn Hatfield,CC,All,1," 11,368 "," 4,286 ",11,37.7%,37.6%,597 ,"1,854 ",458 ,405 ,961 ,0 ,0 
Welwyn Garden City South,E58000676,56969,Hertfordshire,Welwyn Hatfield,CC,All,1," 11,104 "," 3,095 ",8,27.9%,27.8%,879 ,670 ,271 ,239 ,"1,028 ",0 ,0 
West Watford,E58000677,29792,Hertfordshire,Watford,CC,All,1," 14,162 "," 3,558 ",10,25.1%,25.1%,"1,323 ",314 ,"1,193 ",215 ,456 ,0 ,47 
Woodside Stanborough,E58000678,17822,Hertfordshire,Watford,CC,All,1," 11,092 "," 2,948 ",8,26.6%,26.5%,303 ,287 ,"1,284 ",121 ,945 ,0 ,0 
Ashford Central,E58001975,46260,Kent,Ashford,CC,All,1," 13,823 "," 4,803 ",6,34.7%,34.7%,905 ,993 ,235 ,723 ,"1,939 ",0 ,0 
Ashford East,E58001976,46261,Kent,Ashford,CC,All,1," 13,630 "," 4,736 ",4,34.7%,34.7%,443 ,447 ,153 ,"1,725 ","1,965 ",0 ,0 
Ashford Rural East,E58001725,46262,Kent,Ashford,CC,All,1," 14,537 "," 5,701 ",9,39.2%,39.2%,434 ,"1,204 ",412 ,"1,381 ","2,260 ",0 ,0 
Ashford Rural South,E58001977,57285,Kent,Ashford,CC,All,1," 14,818 "," 5,206 ",13,35.1%,35.0%,459 ,859 ,356 ,0 ,"2,471 ",0 ,"1,047 "
Ashford Rural West,E58001978,57286,Kent,Ashford,CC,All,1," 15,811 "," 5,626 ",12,35.6%,35.5%,485 ,"1,784 ",355 ,539 ,"2,195 ",0 ,256 
Ashford South,E58000684,57287,Kent,Ashford,CC,All,1," 14,360 "," 3,757 ",7,26.2%,26.1%,902 ,417 ,249 ,387 ,"1,794 ",0 ,0 
Birchington & Rural,E58000685,57326,Kent,Thanet,CC,All,2," 27,913 "," 8,949 ",12,32.1%,32.0%,"1,016 ","2,595 ",609 ,"1,035 ","3,766 ",0 ,0 
Broadstairs,E58000686,57327,Kent,Thanet,CC,All,1," 14,687 "," 5,867 ",7,39.9%,39.9%,"1,196 ","1,058 ",198 ,"1,462 ","1,947 ",0 ,0 
Canterbury City North,E58000687,57289,Kent,Canterbury,CC,All,1," 12,343 "," 4,052 ",11,32.8%,32.7%,"1,727 ",385 ,428 ,561 ,940 ,0 ,0 
Canterbury City South,E58001787,57290,Kent,Canterbury,CC,All,1," 14,506 "," 4,563 ",11,31.4%,31.4%,"1,776 ",598 ,514 ,722 ,942 ,0 ,0 
Canterbury North,E58000689,57291,Kent,Canterbury,CC,All,1," 11,518 "," 4,869 ",5,42.3%,42.2%,433 ,983 ,"1,630 ",352 ,"1,466 ",0 ,0 
Canterbury South,E58001788,57292,Kent,Canterbury,CC,All,1," 12,907 "," 5,370 ",9,41.6%,41.5%,372 ,409 ,"3,017 ",331 ,"1,232 ",0 ,0 
"Cheriton, Sandgate & Hythe East",E58000691,57315,Kent,Folkestone & Hythe,CC,All,1," 15,165 "," 6,046 ",11,39.9%,39.8%,428 ,973 ,"2,051 ",595 ,"1,987 ",0 ,0 
Cliftonville,E58000692,57328,Kent,Thanet,CC,All,1," 14,321 "," 4,787 ",3,33.4%,33.4%,"1,055 ",942 ,147 ,576 ,"1,922 ",143 ,0 
Cranbrook,E58000693,57333,Kent,Tunbridge Wells,CC,All,1," 14,572 "," 5,044 ",7,34.6%,34.6%,187 ,"1,442 ",426 ,384 ,"1,425 ",0 ,"1,173 "
Dartford East,E58000694,57297,Kent,Dartford,CC,All,1," 13,420 "," 3,557 ",11,26.5%,26.4%,682 ,963 ,0 ,310 ,"1,591 ",0 ,0 
Dartford North East,E58000695,46275,Kent,Dartford,CC,All,1," 15,917 "," 4,202 ",11,26.4%,26.3%,"1,186 ",939 ,0 ,552 ,"1,514 ",0 ,0 
Dartford Rural,E58000696,46276,Kent,Dartford,CC,All,1," 12,683 "," 4,563 ",3,36.0%,36.0%,442 ,"1,786 ",0 ,215 ,"2,086 ",0 ,31 
Dartford West,E58000697,46277,Kent,Dartford,CC,All,1," 14,926 "," 4,353 ",12,29.2%,29.1%,875 ,"1,457 ",0 ,394 ,"1,615 ",0 ,0 
Deal & Walmer,E58000698,57299,Kent,Dover,CC,All,2," 24,042 "," 9,249 ",14,38.5%,38.4%,"2,786 ","1,845 ",873 ,"1,895 ","3,317 ",0 ,0 
Dover North,E58000699,57300,Kent,Dover,CC,All,1," 12,803 "," 4,683 ",6,36.6%,36.5%,721 ,987 ,312 ,583 ,"2,041 ",0 ,33 
Dover Town,E58000700,57301,Kent,Dover,CC,All,2," 24,886 "," 7,219 ",10,29.0%,29.0%,"1,403 ",823 ,523 ,900 ,"3,650 ",466 ,0 
Dover West,E58000701,57302,Kent,Dover,CC,All,1," 13,534 "," 5,133 ",9,37.9%,37.9%,685 ,"1,176 ",338 ,443 ,"2,482 ",0 ,0 
Elham Valley,E58000702,57316,Kent,Folkestone & Hythe,CC,All,1," 14,681 "," 5,804 ",13,,39.4%,333 ,"1,120 ",376 ,"1,439 ","2,522 ",0 ,0 
Faversham,E58000703,46309,Kent,Swale,CC,All,1," 16,830 "," 6,326 ",13,37.6%,37.5%,707 ,541 ,"2,750 ",691 ,"1,620 ",0 ,0 
Folkestone East,E58000704,57317,Kent,Folkestone & Hythe,CC,All,1," 13,060 "," 4,138 ",6,31.7%,31.6%,"1,076 ",513 ,233 ,509 ,"1,712 ",0 ,88 
Folkestone West,E58000705,57318,Kent,Folkestone & Hythe,CC,All,1," 13,878 "," 5,222 ",13,37.6%,37.5%,"1,152 ",852 ,414 ,996 ,"1,748 ",0 ,47 
Gravesend East,E58000706,57304,Kent,Gravesham,CC,All,2," 30,619 "," 8,213 ",9,26.8%,26.8%,"1,692 ","1,729 ",0 ,"1,047 ","3,721 ",0 ,0 
Gravesham Rural,E58000707,57305,Kent,Gravesham,CC,All,1," 15,225 "," 5,815 ",9,38.2%,38.1%,546 ,"1,993 ",367 ,309 ,"2,591 ",0 ,0 
Herne Bay East,E58000708,57293,Kent,Canterbury,CC,All,1," 14,211 "," 5,177 ",14,36.4%,36.3%,969 ,"1,597 ",280 ,382 ,"1,935 ",0 ,0 
Herne Village & Sturry,E58000709,57294,Kent,Canterbury,CC,All,1," 16,944 "," 5,394 ",12,31.8%,31.8%,607 ,"1,568 ",482 ,486 ,"2,239 ",0 ,0 
Hythe West,E58000710,57319,Kent,Folkestone & Hythe,CC,All,1," 13,000 "," 5,577 ",7,42.9%,42.8%,326 ,870 ,254 ,"1,563 ","2,421 ",136 ,0 
Maidstone Central,E58002109,57306,Kent,Maidstone,CC,All,2," 30,472 "," 9,596 ",20,51.5%,31.4%,612 ,"2,299 ","2,026 ","2,373 ","2,477 ",0 ,0 
Maidstone North East,E58000712,57307,Kent,Maidstone,CC,All,1," 15,532 "," 4,628 ",11,29.8%,29.7%,320 ,720 ,"1,637 ",384 ,"1,554 ",0 ,0 
Maidstone Rural East,E58002110,46290,Kent,Maidstone,CC,All,1," 16,347 "," 6,010 ",7,36.8%,36.7%,375 ,"1,700 ",435 ,719 ,"2,709 ",0 ,64 
Maidstone Rural North,E58002111,46291,Kent,Maidstone,CC,All,1," 14,259 "," 4,817 ",6,33.8%,33.7%,261 ,"1,233 ",471 ,"1,092 ","1,697 ",0 ,57 
Maidstone Rural South,E58002112,57308,Kent,Maidstone,CC,All,1," 15,703 "," 5,224 ",10,33.3%,33.2%,493 ,"1,818 ",429 ,600 ,"1,874 ",0 ,0 
Maidstone Rural West,E58002113,57309,Kent,Maidstone,CC,All,1," 13,869 "," 5,009 ",9,36.1%,36.1%,169 ,"1,230 ",772 ,974 ,"1,854 ",0 ,0 
Maidstone South,E58002115,46294,Kent,Maidstone,CC,All,1," 13,940 "," 4,552 ",4,32.7%,32.6%,315 ,450 ,"1,729 ",181 ,"1,803 ",70 ,0 
Maidstone South East,E58002114,46295,Kent,Maidstone,CC,All,1," 14,202 "," 3,296 ",4,23.2%,23.2%,347 ,546 ,361 ,279 ,"1,689 ",0 ,70 
Malling Central,E58001789,46320,Kent,Tonbridge & Malling,CC,All,1," 13,246 "," 4,304 ",10,32.5%,32.4%,133 ,356 ,"2,398 ",115 ,"1,284 ",8 ,0 
Malling North,E58000721,57331,Kent,Tonbridge & Malling,CC,All,1," 15,054 "," 4,815 ",16,32.0%,31.9%,808 ,"1,332 ",712 ,192 ,"1,755 ",0 ,0 
Malling North East,E58000720,46323,Kent,Tonbridge & Malling,CC,All,1," 16,586 "," 5,196 ",11,31.3%,31.3%,411 ,"2,290 ",477 ,323 ,"1,684 ",0 ,0 
Malling Rural East,E58001790,46322,Kent,Tonbridge & Malling,CC,All,1," 15,249 "," 5,033 ",5,33.0%,33.0%,244 ,"2,140 ",374 ,732 ,"1,538 ",0 ,0 
Malling West,E58000723,57332,Kent,Tonbridge & Malling,CC,All,1," 13,175 "," 4,754 ",7,36.1%,36.0%,315 ,"2,162 ",438 ,626 ,"1,206 ",0 ,0 
Margate,E58000724,57329,Kent,Thanet,CC,All,1," 15,243 "," 3,647 ",17,23.9%,23.8%,"1,099 ",333 ,236 ,0 ,"1,332 ",629 ,0 
Northfleet & Gravesend West,E58000725,46287,Kent,Gravesham,CC,All,2," 30,888 "," 7,937 ",16,25.7%,25.6%,"2,195 ","1,512 ",316 ,716 ,"3,237 ",0 ,0 
Ramsgate,E58000726,57330,Kent,Thanet,CC,All,2," 32,279 "," 9,626 ",22,29.8%,29.8%,"1,807 ","1,041 ",374 ,"2,634 ","3,939 ",0 ,0 
Romney Marsh,E58000727,57320,Kent,Folkestone & Hythe,CC,All,1," 15,125 "," 6,153 ",15,40.7%,40.6%,555 ,978 ,258 ,443 ,"3,903 ",0 ,0 
Sandwich,E58000728,57303,Kent,Dover,CC,All,1," 14,008 "," 5,209 ",9,37.2%,37.1%,561 ,"1,726 ",652 ,519 ,"1,742 ",0 ,0 
Sevenoaks North & Darent Valley,E58000729,57310,Kent,Sevenoaks,CC,All,1," 16,120 "," 5,836 ",5,36.2%,36.2%,263 ,"1,945 ","1,103 ",387 ,"2,133 ",0 ,0 
Sevenoaks Rural North East,E58000730,46299,Kent,Sevenoaks,CC,All,1," 14,147 "," 5,432 ",7,38.4%,38.3%,241 ,"1,699 ",146 ,"1,080 ","2,259 ",0 ,0 
Sevenoaks Rural South,E58000731,57311,Kent,Sevenoaks,CC,All,1," 13,812 "," 4,367 ",9,31.6%,31.6%,774 ,"1,058 ",570 ,784 ,"1,172 ",0 ,0 
Sevenoaks Town,E58000732,57312,Kent,Sevenoaks,CC,All,1," 15,178 "," 5,490 ",4,36.2%,36.1%,186 ,"1,662 ","2,510 ",199 ,929 ,0 ,0 
Sevenoaks West,E58000733,57313,Kent,Sevenoaks,CC,All,1," 15,495 "," 5,753 ",12,37.1%,37.1%,274 ,"1,983 ","1,659 ",209 ,"1,616 ",0 ,0 
Sheppey,E58000734,57321,Kent,Swale,CC,All,2," 31,990 "," 9,431 ",9,29.5%,29.5%,851 ,"1,169 ",391 ,513 ,"5,060 ","1,557 ","1,625 "
Sittingbourne North,E58000735,57322,Kent,Swale,CC,All,1," 17,108 "," 3,887 ",7,22.7%,22.7%,758 ,485 ,155 ,236 ,"1,885 ",0 ,357 
Sittingbourne South,E58000736,57323,Kent,Swale,CC,All,1," 14,112 "," 4,545 ",3,32.2%,32.2%,495 ,620 ,201 ,205 ,"1,735 ",0 ,"1,281 "
Swale East,E58000737,57324,Kent,Swale,CC,All,1," 14,599 "," 5,564 ",9,38.1%,38.1%,236 ,"1,318 ",269 ,"1,976 ","1,755 ",0 ,0 
Swale West,E58000738,57325,Kent,Swale,CC,All,1," 17,608 "," 5,506 ",8,31.3%,31.2%,329 ,565 ,234 ,0 ,"2,550 ",0 ,"1,820 "
Swanley,E58000739,57314,Kent,Sevenoaks,CC,All,1," 15,681 "," 4,213 ",8,26.9%,26.8%,483 ,"1,528 ",258 ,156 ,"1,780 ",0 ,0 
Swanscombe & Greenhithe,E58000740,57298,Kent,Dartford,CC,All,1," 15,665 "," 3,476 ",7,22.2%,22.1%,747 ,678 ,0 ,158 ,"1,245 ",0 ,641 
Tenterden,E58000741,57288,Kent,Ashford,CC,All,1," 14,337 "," 5,545 ",16,38.7%,38.6%,533 ,"1,918 ",394 ,476 ,"2,130 ",0 ,75 
Tonbridge,E58000742,46325,Kent,Tonbridge & Malling,CC,All,2," 27,240 "," 10,648 ",12,39.1%,39.0%,433 ,"2,188 ",997 ,"5,415 ","2,355 ",0 ,0 
Tunbridge Wells East,E58000743,46327,Kent,Tunbridge Wells,CC,All,1," 14,854 "," 4,595 ",7,30.9%,30.9%,302 ,950 ,"1,690 ",271 ,922 ,0 ,450 
Tunbridge Wells North,E58000744,46328,Kent,Tunbridge Wells,CC,All,1," 14,243 "," 4,783 ",12,33.6%,33.5%,571 ,614 ,"2,026 ",329 ,"1,071 ",0 ,157 
Tunbridge Wells Rural,E58000745,57334,Kent,Tunbridge Wells,CC,All,1," 14,772 "," 5,089 ",9,34.5%,34.4%,141 ,"1,276 ","1,767 ",272 ,"1,500 ",0 ,122 
Tunbridge Wells South,E58000746,46330,Kent,Tunbridge Wells,CC,All,1," 14,659 "," 5,322 ",6,36.3%,36.3%,257 ,"1,031 ","2,001 ",525 ,"1,044 ",0 ,458 
Tunbridge Wells West,E58000747,46331,Kent,Tunbridge Wells,CC,All,1," 14,540 "," 5,326 ",5,36.6%,36.6%,591 ,"1,400 ","1,869 ",345 ,906 ,0 ,207 
Whitstable East & Herne Bay West,E58000748,57295,Kent,Canterbury,CC,All,1," 14,507 "," 5,451 ",10,37.6%,37.5%,868 ,"1,502 ",292 ,668 ,"2,062 ",49 ,0 
Whitstable West,E58000749,57296,Kent,Canterbury,CC,All,1," 14,745 "," 6,083 ",6,41.3%,41.2%,"1,422 ",545 ,145 ,"2,097 ","1,841 ",0 ,27 
Wilmington,E58000750,46279,Kent,Dartford,CC,All,1," 13,517 "," 4,336 ",4,32.1%,32.0%,492 ,"1,547 ",157 ,190 ,"1,946 ",0 ,0 
Accrington North,E58000751,57567,Lancashire,Hyndburn,CC,All,1," 10,330 "," 3,113 ",20,30.1%,29.9%,683 ,444 ,0 ,355 ,"1,615 ",0 ,0 
Accrington South,E58000752,57568,Lancashire,Hyndburn,CC,All,1," 9,919 "," 3,569 ",13,36.0%,35.9%,967 ,"1,000 ",0 ,292 ,"1,297 ",0 ,0 
Accrington West & Oswaldtwistle Central,E58000753,57569,Lancashire,Hyndburn,CC,All,1," 11,144 "," 4,402 ",33,39.5%,39.2%,"1,058 ","1,204 ",0 ,"1,337 ",765 ,0 ,0 
Brierfield & Nelson West,E58000754,57582,Lancashire,Pendle,CC,All,1," 12,586 "," 4,482 ",24,35.6%,35.4%,262 ,518 ,105 ,113 ,532 ,"2,928 ",0 
Burnley Central East,E58000755,57558,Lancashire,Burnley,CC,All,1," 11,882 "," 3,600 ",15,30.3%,30.2%,485 ,255 ,0 ,292 ,"1,089 ","1,357 ",39 
Burnley Central West,E58000756,46773,Lancashire,Burnley,CC,All,1," 10,655 "," 3,204 ",3,30.1%,30.0%,375 ,770 ,153 ,516 ,"1,387 ",0 ,0 
Burnley North East,E58000757,57559,Lancashire,Burnley,CC,All,1," 11,085 "," 4,120 ",5,37.2%,37.1%,372 ,242 ,0 ,168 ,903 ,"2,430 ",0 
Burnley Rural,E58000758,46775,Lancashire,Burnley,CC,All,1," 11,357 "," 4,198 ",3,37.0%,36.9%,281 ,846 ,823 ,447 ,"1,798 ",0 ,0 
Burnley South West,E58000759,46776,Lancashire,Burnley,CC,All,1," 11,844 "," 3,442 ",2,29.1%,29.0%,494 ,505 ,588 ,194 ,"1,659 ",0 ,0 
Burscough & Rufford,E58000760,57611,Lancashire,West Lancashire,CC,All,1," 11,015 "," 4,005 ",11,36.4%,36.3%,"1,026 ",996 ,313 ,243 ,"1,416 ",0 ,0 
Chorley Central,E58000761,57560,Lancashire,Chorley,CC,All,1," 11,434 "," 3,689 ",9,32.3%,32.2%,"1,307 ",594 ,0 ,383 ,"1,300 ",0 ,96 
Chorley North,E58000762,46788,Lancashire,Fylde,CC,All,1," 9,937 "," 2,779 ",3,28.0%,27.9%,984 ,306 ,0 ,251 ,"1,140 ",23 ,72 
Chorley Rural East,E58000763,57561,Lancashire,Chorley,CC,All,1," 9,944 "," 3,643 ",2,36.6%,36.6%,"1,667 ",414 ,118 ,179 ,"1,263 ",0 ,0 
Chorley Rural West,E58000764,57562,Lancashire,Chorley,CC,All,1," 10,832 "," 4,233 ",5,39.1%,39.0%,"1,249 ",931 ,252 ,182 ,"1,614 ",0 ,0 
Chorley South,E58000765,57563,Lancashire,Chorley,CC,All,1," 11,883 "," 3,619 ",8,30.5%,30.4%,825 ,206 ,98 ,"1,009 ","1,472 ",0 ,0 
Clayton with Whittle,E58000766,57564,Lancashire,Chorley,CC,All,1," 11,219 "," 3,801 ",10,33.9%,33.8%,"1,411 ",653 ,198 ,187 ,"1,320 ",0 ,22 
Cleveleys East,E58000767,57615,Lancashire,Wyre,CC,All,1," 10,399 "," 3,467 ",9,33.3%,33.3%,557 ,"1,102 ",0 ,168 ,"1,631 ",0 ,0 
Cleveleys South & Carleton,E58000768,57616,Lancashire,Wyre,CC,All,1," 10,400 "," 3,853 ",13,37.1%,36.9%,781 ,941 ,127 ,227 ,"1,764 ",0 ,0 
Clitheroe,E58000769,46823,Lancashire,Ribble Valley,CC,All,1," 13,553 "," 4,820 ",7,35.6%,35.5%,720 ,778 ,"1,099 ",225 ,"1,516 ",472 ,0 
"Euxton, Buckshaw & Astley",E58000770,57565,Lancashire,Chorley,CC,All,1," 12,921 "," 4,573 ",5,35.4%,35.4%,"1,167 ","1,507 ",147 ,240 ,"1,477 ",0 ,30 
Fleetwood East,E58000771,57617,Lancashire,Wyre,CC,All,1," 10,528 "," 3,332 ",13,31.7%,31.5%,800 ,535 ,75 ,127 ,"1,782 ",0 ,0 
Fleetwood West & Cleveleys West,E58000772,57618,Lancashire,Wyre,CC,All,1," 10,736 "," 3,532 ",8,32.9%,32.8%,643 ,706 ,108 ,139 ,"1,928 ",0 ,0 
Fylde East,E58000773,46785,Lancashire,Fylde,CC,All,1," 11,836 "," 3,836 ",7,32.4%,32.4%,325 ,767 ,0 ,148 ,"1,314 ",820 ,0 
Fylde South,E58000774,46786,Lancashire,Fylde,CC,All,1," 10,532 "," 3,553 ",7,33.7%,33.7%,327 ,"1,126 ",0 ,306 ,"1,310 ",477 ,0 
Fylde West,E58000775,46787,Lancashire,Fylde,CC,All,1," 10,693 "," 3,673 ",10,34.4%,34.3%,447 ,"1,563 ",0 ,272 ,"1,381 ",0 ,0 
"Great Harwood, Rishton & Clayton-le-Moors",E58000776,57570,Lancashire,Hyndburn,CC,All,2," 19,723 "," 7,014 ",20,35.6%,35.5%,"2,153 ","1,208 ",0 ,582 ,"3,292 ",0 ,0 
Heysham,E58000777,57572,Lancashire,Lancaster,CC,All,1," 11,319 "," 3,370 ",12,29.8%,29.7%,906 ,511 ,149 ,159 ,"1,633 ",0 ,0 
Hoghton with Wheelton,E58000778,57566,Lancashire,Chorley,CC,All,1," 9,744 "," 3,443 ",7,35.3%,35.3%,"1,029 ",679 ,175 ,227 ,"1,277 ",0 ,52 
Lancaster Central,E58000779,57573,Lancashire,Lancaster,CC,All,1," 10,837 "," 3,774 ",5,34.8%,34.8%,500 ,235 ,112 ,"2,157 ",765 ,0 ,0 
Lancaster East,E58000780,57574,Lancashire,Lancaster,CC,All,1," 11,907 "," 3,389 ",16,28.5%,28.3%,850 ,118 ,87 ,"1,822 ",496 ,0 ,0 
Lancaster Rural East,E58000781,57575,Lancashire,Lancaster,CC,All,1," 10,700 "," 4,385 ",11,41.0%,40.9%,445 ,920 ,"1,118 ",742 ,"1,149 ",0 ,0 
Lancaster Rural North,E58000782,57576,Lancashire,Lancaster,CC,All,1," 10,080 "," 3,838 ",5,38.1%,38.0%,440 ,"1,130 ",391 ,713 ,"1,159 ",0 ,0 
Lancaster South East,E58000783,57577,Lancashire,Lancaster,CC,All,1," 11,564 "," 3,416 ",3,29.5%,29.5%,809 ,193 ,102 ,"1,719 ",590 ,0 ,0 
Leyland Central,E58000784,57603,Lancashire,South Ribble,CC,All,1," 10,731 "," 3,377 ",4,31.5%,31.4%,"1,099 ",399 ,195 ,118 ,"1,539 ",0 ,23 
Leyland South,E58000785,57604,Lancashire,South Ribble,CC,All,1," 10,642 "," 3,627 ",6,34.1%,34.0%,959 ,756 ,271 ,153 ,"1,456 ",0 ,26 
Longridge with Bowland,E58000786,57595,Lancashire,Ribble Valley,CC,All,1," 11,333 "," 4,465 ",5,39.4%,39.4%,"1,020 ",940 ,136 ,160 ,"1,534 ",666 ,0 
Lostock Hall & Bamber Bridge,E58000787,57605,Lancashire,South Ribble,CC,All,1," 10,976 "," 3,570 ",7,32.5%,32.5%,846 ,"1,089 ",148 ,149 ,"1,331 ",0 ,0 
Lytham,E58000788,46788,Lancashire,Fylde,CC,All,1," 10,264 "," 4,684 ",21,28.0%,45.4%,262 ,"1,868 ",115 ,84 ,728 ,"1,516 ",0 
Mid-Rossendale,E58000789,57599,Lancashire,Rossendale,CC,All,1," 11,623 "," 4,344 ",14,37.4%,37.3%,"1,292 ",682 ,0 ,466 ,"1,895 ",0 ,0 
Morecambe Central,E58000790,57578,Lancashire,Lancaster,CC,All,1," 11,781 "," 2,925 ",9,24.8%,24.8%,656 ,119 ,919 ,118 ,"1,104 ",0 ,0 
Morecambe North,E58000791,57579,Lancashire,Lancaster,CC,All,1," 10,279 "," 3,875 ",10,37.7%,37.6%,696 ,752 ,449 ,355 ,"1,613 ",0 ,0 
Morecambe South,E58000792,57580,Lancashire,Lancaster,CC,All,1," 11,564 "," 3,087 ",5,26.7%,26.7%,619 ,453 ,429 ,174 ,"1,407 ",0 ,0 
Moss Side & Farington,E58000793,57606,Lancashire,South Ribble,CC,All,1," 11,191 "," 3,733 ",7,33.4%,33.3%,881 ,"1,196 ",157 ,121 ,"1,371 ",0 ,0 
Nelson East,E58000794,57583,Lancashire,Pendle,CC,All,1," 12,250 "," 4,417 ",21,36.1%,35.9%,305 ,"1,102 ",122 ,101 ,772 ,"1,976 ",18 
Ormskirk,E58000795,57612,Lancashire,West Lancashire,CC,All,1," 11,134 "," 3,985 ",7,35.8%,35.7%,"1,049 ",287 ,0 ,206 ,851 ,0 ,"1,585 "
Oswaldtwistle,E58000796,57571,Lancashire,Hyndburn,CC,All,1," 9,650 "," 3,528 ",23,36.6%,36.3%,406 ,"1,467 ",0 ,157 ,"1,475 ",0 ,0 
Padiham & Burnley West,E58000797,46777,Lancashire,Burnley,CC,All,1," 10,612 "," 3,397 ",8,32.0%,31.9%,489 ,"1,151 ",0 ,225 ,"1,483 ",41 ,0 
Pendle Central,E58000798,57584,Lancashire,Pendle,CC,All,1," 10,881 "," 3,349 ",7,30.8%,30.7%,245 ,868 ,694 ,118 ,"1,417 ",0 ,0 
Pendle Hill,E58000799,57585,Lancashire,Pendle,CC,All,1," 11,549 "," 4,184 ",9,36.2%,36.2%,551 ,"1,599 ",467 ,206 ,"1,352 ",0 ,0 
Pendle Rural,E58000800,57586,Lancashire,Pendle,CC,All,2," 21,315 "," 7,845 ",16,36.8%,36.7%,431 ,"1,977 ","2,869 ",327 ,"2,454 ",0 ,0 
Penwortham East & Walton-le-Dale,E58000801,57607,Lancashire,South Ribble,CC,All,1," 10,627 "," 3,409 ",5,32.1%,32.0%,720 ,"1,056 ",191 ,214 ,"1,223 ",0 ,0 
Penwortham West,E58000802,57608,Lancashire,South Ribble,CC,All,1," 11,435 "," 4,535 ",8,39.7%,39.6%,549 ,310 ,"2,281 ",158 ,"1,229 ",0 ,0 
Poulton-le-Fylde,E58000803,46853,Lancashire,Wyre,CC,All,1," 11,959 "," 4,111 ",7,34.4%,34.3%,597 ,"1,857 ",127 ,250 ,"1,223 ",50 ,0 
Preston Central East,E58000804,57587,Lancashire,Preston,CC,All,1," 12,116 "," 3,725 ",3,30.7%,30.7%,884 ,189 ,204 ,107 ,556 ,"1,782 ",0 
Preston Central West,E58000805,57588,Lancashire,Preston,CC,All,1," 13,282 "," 2,576 ",13,19.4%,19.3%,799 ,264 ,578 ,209 ,713 ,0 ,0 
Preston City,E58000806,57589,Lancashire,Preston,CC,All,1," 12,692 "," 2,936 ",5,23.1%,23.1%,893 ,193 ,186 ,194 ,476 ,989 ,0 
Preston East,E58000807,57590,Lancashire,Preston,CC,All,1," 10,927 "," 2,749 ",20,25.2%,25.0%,748 ,364 ,242 ,146 ,"1,181 ",0 ,48 
Preston North,E58000808,57591,Lancashire,Preston,CC,All,1," 11,325 "," 4,137 ",7,36.5%,36.5%,513 ,736 ,"1,601 ",122 ,938 ,220 ,0 
Preston Rural,E58000809,46820,Lancashire,Preston,CC,All,1," 15,876 "," 5,436 ",7,34.2%,34.2%,559 ,"1,253 ","1,496 ",245 ,"1,876 ",0 ,0 
Preston South East,E58000810,57592,Lancashire,Preston,CC,All,1," 11,928 "," 2,561 ",4,21.5%,21.4%,709 ,152 ,128 ,104 ,714 ,750 ,0 
Preston South West,E58000811,57593,Lancashire,Preston,CC,All,1," 10,950 "," 3,559 ",8,32.5%,32.4%,638 ,183 ,"1,411 ",116 ,"1,145 ",58 ,0 
Preston West,E58000812,57594,Lancashire,Preston,CC,All,1," 12,201 "," 3,857 ",3,31.6%,31.6%,321 ,597 ,"1,652 ",134 ,"1,150 ",0 ,0 
Ribble Valley North East,E58000813,57596,Lancashire,Ribble Valley,CC,All,1," 13,054 "," 5,101 ",3,39.1%,39.1%,557 ,"1,285 ",239 ,582 ,"1,959 ",476 ,0 
Ribble Valley South West,E58000814,57597,Lancashire,Ribble Valley,CC,All,1," 11,480 "," 4,621 ",11,40.3%,40.2%,552 ,"1,142 ",226 ,216 ,"2,174 ",301 ,0 
Rossendale East,E58000815,57600,Lancashire,Rossendale,CC,All,1," 10,182 "," 3,828 ",7,37.6%,37.5%,799 ,333 ,196 ,516 ,"1,963 ",0 ,0 
Rossendale South,E58000816,57601,Lancashire,Rossendale,CC,All,1," 9,680 "," 3,691 ",10,38.1%,38.0%,"1,022 ",802 ,0 ,346 ,"1,512 ",0 ,0 
Rossendale West,E58000817,57602,Lancashire,Rossendale,CC,All,1," 10,557 "," 3,635 ",11,34.4%,34.3%,"1,364 ",636 ,0 ,276 ,"1,334 ",0 ,0 
Skelmersdale Central,E58000818,46842,Lancashire,West Lancashire,CC,All,1," 11,092 "," 2,485 ",7,22.4%,22.3%,730 ,101 ,191 ,285 ,"1,171 ",0 ,0 
Skelmersdale East,E58000819,46843,Lancashire,West Lancashire,CC,All,1," 11,019 "," 3,420 ",7,31.0%,31.0%,830 ,408 ,0 ,290 ,"1,420 ",0 ,465 
Skelmersdale West,E58000820,46844,Lancashire,West Lancashire,CC,All,1," 11,355 "," 3,129 ",8,27.6%,27.5%,744 ,119 ,205 ,205 ,"1,304 ",0 ,544 
Skerton,E58000821,57581,Lancashire,Lancaster,CC,All,1," 10,162 "," 2,776 ",5,27.3%,27.3%,584 ,261 ,118 ,740 ,"1,068 ",0 ,0 
South Ribble East,E58000822,57609,Lancashire,South Ribble,CC,All,1," 11,777 "," 3,862 ",6,32.8%,32.7%,940 ,982 ,190 ,184 ,"1,560 ",0 ,0 
South Ribble West,E58000823,57610,Lancashire,South Ribble,CC,All,1," 10,962 "," 4,503 ",8,41.1%,41.0%,630 ,"1,382 ",458 ,207 ,"1,818 ",0 ,0 
St. Annes North,E58000824,46789,Lancashire,Fylde,CC,All,1," 10,781 "," 3,607 ",5,33.5%,33.4%,411 ,"1,224 ",618 ,97 ,"1,223 ",0 ,29 
St. Annes South,E58000825,46790,Lancashire,Fylde,CC,All,1," 11,230 "," 3,866 ",5,34.4%,34.4%,618 ,"1,375 ",475 ,147 ,"1,204 ",0 ,42 
Thornton & Hambleton,E58000826,57619,Lancashire,Wyre,CC,All,1," 10,722 "," 3,831 ",14,35.7%,35.6%,664 ,"1,009 ",144 ,184 ,"1,816 ",0 ,0 
West Lancashire East,E58000827,57613,Lancashire,West Lancashire,CC,All,1," 10,893 "," 3,960 ",7,36.4%,36.3%,632 ,729 ,0 ,222 ,898 ,0 ,"1,472 "
West Lancashire North,E58000828,46846,Lancashire,West Lancashire,CC,All,1," 12,113 "," 4,709 ",4,38.9%,38.8%,498 ,"2,000 ",400 ,169 ,"1,638 ",0 ,0 
West Lancashire West,E58000829,57614,Lancashire,West Lancashire,CC,All,1," 10,472 "," 3,466 ",5,33.1%,33.1%,730 ,978 ,198 ,235 ,"1,320 ",0 ,0 
Whitworth & Bacup,E58000830,46831,Lancashire,Rossendale,CC,All,1," 10,133 "," 3,496 ",6,34.5%,34.4%,452 ,"1,292 ",0 ,210 ,"1,533 ",0 ,0 
Wyre Rural Central,E58000831,57620,Lancashire,Wyre,CC,All,1," 10,828 "," 4,429 ",4,40.9%,40.9%,483 ,"1,651 ",112 ,270 ,"1,830 ",79 ,0 
Wyre Rural East,E58000832,57621,Lancashire,Wyre,CC,All,1," 12,696 "," 5,329 ",12,42.0%,41.9%,897 ,"1,752 ",236 ,310 ,"2,122 ",0 ,0 
Ashby de la Zouch,E58000833,57410,Leicestershire,North West Leicestershire,CC,All,1," 10,956 "," 3,708 ",5,33.9%,33.8%,864 ,665 ,416 ,306 ,"1,457 ",0 ,0 
Belvoir,E58000834,57406,Leicestershire,Melton,CC,All,1," 10,168 "," 3,686 ",6,36.3%,36.2%,441 ,"1,629 ",225 ,245 ,"1,040 ",106 ,0 
Birstall,E58000835,57384,Leicestershire,Charnwood,CC,All,1," 10,902 "," 3,513 ",6,32.3%,32.2%,720 ,"1,433 ",168 ,254 ,938 ,0 ,0 
Blaby & Glen Parva,E58000836,46717,Leicestershire,Blaby,CC,All,1," 9,622 "," 3,097 ",6,32.2%,32.1%,147 ,321 ,"1,110 ",153 ,"1,366 ",0 ,0 
Bradgate,E58000837,46725,Leicestershire,Charnwood,CC,All,1," 10,460 "," 3,897 ",6,37.3%,37.2%,392 ,"1,898 ",158 ,306 ,"1,143 ",0 ,0 
Braunstone,E58000838,57380,Leicestershire,Blaby,CC,All,1," 9,604 "," 2,723 ",8,28.4%,28.3%,621 ,843 ,134 ,160 ,965 ,0 ,0 
Broughton Astley,E58000839,46744,Leicestershire,Harborough,CC,All,1," 9,199 "," 3,102 ",6,33.8%,33.7%,206 ,918 ,684 ,130 ,"1,164 ",0 ,0 
Bruntingthorpe,E58000840,57392,Leicestershire,Harborough,CC,All,1," 11,537 "," 4,369 ",10,38.0%,37.8%,301 ,"1,359 ",918 ,298 ,"1,493 ",0 ,0 
Burbage,E58000841,57397,Leicestershire,Hinckley & Bosworth,CC,All,1," 10,073 "," 3,291 ",9,32.8%,32.6%,147 ,796 ,"1,266 ",135 ,947 ,0 ,0 
Castle Donington & Kegworth,E58000842,57411,Leicestershire,North West Leicestershire,CC,All,1," 10,170 "," 3,266 ",3,32.1%,32.1%,348 ,606 ,279 ,120 ,"1,146 ",691 ,76 
Coalville North,E58000843,57412,Leicestershire,North West Leicestershire,CC,All,1," 10,199 "," 3,098 ",6,30.4%,30.3%,433 ,"1,280 ",155 ,130 ,"1,100 ",0 ,0 
Coalville South,E58000844,57413,Leicestershire,North West Leicestershire,CC,All,1," 12,746 "," 3,599 ",8,28.3%,28.2%,378 ,606 ,807 ,197 ,"1,611 ",0 ,0 
Cosby & Countesthorpe,E58000845,46719,Leicestershire,Blaby,CC,All,1," 10,421 "," 3,502 ",3,33.6%,33.6%,218 ,"1,039 ",718 ,194 ,"1,333 ",0 ,0 
De Montfort,E58000846,57398,Leicestershire,Hinckley & Bosworth,CC,All,1," 10,167 "," 3,341 ",4,32.9%,32.8%,139 ,505 ,"1,653 ",86 ,900 ,58 ,0 
Earl Shilton,E58000847,57399,Leicestershire,Hinckley & Bosworth,CC,All,1," 10,831 "," 2,969 ",4,27.4%,27.4%,147 ,607 ,846 ,119 ,"1,191 ",41 ,0 
East Wigston,E58000848,57418,Leicestershire,Oadby & Wigston,CC,All,1," 9,435 "," 3,422 ",6,36.3%,36.2%,142 ,652 ,512 ,120 ,897 ,"1,099 ",0 
Enderby & Lubbesthorpe,E58000849,57381,Leicestershire,Blaby,CC,All,1," 9,561 "," 2,553 ",6,26.8%,26.6%,400 ,564 ,802 ,119 ,668 ,0 ,0 
Forest & Measham,E58000850,57414,Leicestershire,North West Leicestershire,CC,All,1," 9,822 "," 2,981 ",2,30.4%,30.3%,609 ,759 ,136 ,124 ,"1,353 ",0 ,0 
Gartree,E58000851,57393,Leicestershire,Harborough,CC,All,1," 11,341 "," 3,856 ",10,34.1%,33.9%,213 ,"1,832 ",360 ,475 ,976 ,0 ,0 
"Glenfields, Kirby Muxloe & Leicester Forests",E58000852,57382,Leicestershire,Blaby,CC,All,2," 18,475 "," 5,459 ",5,29.6%,29.5%,440 ,"1,953 ",266 ,"1,165 ","1,733 ",0 ,0 
Groby & Ratby,E58000853,57400,Leicestershire,Hinckley & Bosworth,CC,All,1," 9,500 "," 3,119 ",5,32.9%,32.8%,135 ,"1,582 ",388 ,134 ,880 ,0 ,0 
Hollycroft,E58000854,57401,Leicestershire,Hinckley & Bosworth,CC,All,1," 10,531 "," 2,937 ",1,27.9%,27.9%,125 ,347 ,"1,372 ",69 ,991 ,19 ,14 
Ibstock & Appleby,E58000855,57415,Leicestershire,North West Leicestershire,CC,All,1," 10,376 "," 3,447 ",6,33.3%,33.2%,478 ,884 ,184 ,202 ,"1,699 ",0 ,0 
Launde,E58000856,57394,Leicestershire,Harborough,CC,All,1," 11,182 "," 4,072 ",4,36.5%,36.4%,175 ,"1,017 ","1,732 ",162 ,986 ,0 ,0 
Loughborough East,E58000857,46726,Leicestershire,Charnwood,CC,All,1," 9,461 "," 2,352 ",15,25.0%,24.7%,"1,017 ",348 ,98 ,289 ,600 ,0 ,0 
Loughborough North,E58000858,46736,Leicestershire,Charnwood,CC,All,1," 8,657 "," 2,664 ",13,30.9%,30.6%,678 ,602 ,148 ,196 ,"1,040 ",0 ,0 
Loughborough North West,E58000859,46727,Leicestershire,Charnwood,CC,All,1," 7,068 "," 2,164 ",6,30.7%,30.5%,719 ,357 ,76 ,155 ,857 ,0 ,0 
Loughborough South,E58000860,57385,Leicestershire,Charnwood,CC,All,1," 8,516 "," 2,351 ",13,27.8%,27.5%,854 ,431 ,137 ,248 ,681 ,0 ,0 
Loughborough South West,E58000861,57386,Leicestershire,Charnwood,CC,All,1," 9,460 "," 3,614 ",8,37.6%,38.1%,"1,040 ","1,144 ",253 ,328 ,849 ,0 ,0 
Lutterworth,E58000862,46748,Leicestershire,Harborough,CC,All,1," 10,275 "," 3,633 ",4,35.4%,35.3%,642 ,"1,317 ",182 ,242 ,"1,250 ",0 ,0 
Mallory,E58000863,57402,Leicestershire,Hinckley & Bosworth,CC,All,1," 10,238 "," 3,180 ",4,31.1%,31.0%,124 ,690 ,"1,179 ",124 ,"1,063 ",0 ,0 
Market Bosworth,E58000864,57403,Leicestershire,Hinckley & Bosworth,CC,All,1," 9,425 "," 3,587 ",6,38.1%,38.0%,202 ,"1,357 ",590 ,183 ,"1,255 ",0 ,0 
Market Harborough East,E58000865,57395,Leicestershire,Harborough,CC,All,1," 11,426 "," 4,149 ",6,36.4%,36.3%,331 ,"1,199 ","1,335 ",328 ,956 ,0 ,0 
Market Harborough West & Foxton,E58000866,57396,Leicestershire,Harborough,CC,All,1," 11,856 "," 4,065 ",9,34.4%,34.2%,353 ,"1,008 ",760 ,989 ,924 ,0 ,31 
"Markfield, Desford & Thornton",E58000867,57404,Leicestershire,Hinckley & Bosworth,CC,All,1," 10,474 "," 3,478 ",5,33.3%,33.2%,367 ,"1,110 ",541 ,216 ,"1,244 ",0 ,0 
Melton East,E58000868,57407,Leicestershire,Melton,CC,All,1," 11,212 "," 3,336 ",5,29.8%,29.7%,581 ,989 ,108 ,263 ,"1,090 ",305 ,0 
Melton West,E58000869,57408,Leicestershire,Melton,CC,All,1," 11,151 "," 2,692 ",3,24.2%,24.1%,269 ,480 ,64 ,215 ,"1,017 ",563 ,0 
Melton Wolds,E58000870,57409,Leicestershire,Melton,CC,All,1," 10,267 "," 3,410 ",4,33.3%,33.2%,251 ,"1,321 ",192 ,272 ,958 ,382 ,34 
Narborough & Whetstone,E58000871,46722,Leicestershire,Blaby,CC,All,1," 10,709 "," 3,315 ",5,31.0%,30.9%,291 ,812 ,261 ,492 ,"1,403 ",56 ,0 
North Wigston,E58000872,57419,Leicestershire,Oadby & Wigston,CC,All,1," 8,458 "," 2,725 ",7,32.3%,32.1%,214 ,690 ,882 ,199 ,740 ,0 ,0 
Oadby,E58000873,46768,Leicestershire,Oadby & Wigston,CC,All,2," 17,522 "," 5,819 ",7,33.2%,33.2%,486 ,"1,467 ","2,456 ",408 ,953 ,0 ,0 
Quorn & Barrow,E58000874,46737,Leicestershire,Charnwood,CC,All,1," 10,783 "," 3,869 ",10,36.0%,35.8%,815 ,"1,143 ",230 ,365 ,"1,316 ",0 ,0 
Rothley & Mountsorrel,E58000875,57387,Leicestershire,Charnwood,CC,All,1," 10,465 "," 3,350 ",7,32.1%,31.9%,760 ,878 ,272 ,223 ,"1,217 ",0 ,0 
Shepshed,E58000876,46739,Leicestershire,Charnwood,CC,All,1," 12,051 "," 4,142 ",8,34.4%,34.3%,742 ,"1,054 ",276 ,211 ,"1,859 ",0 ,0 
Sileby & The Wolds,E58000877,57388,Leicestershire,Charnwood,CC,All,1," 10,338 "," 3,388 ",11,32.9%,32.7%,199 ,652 ,104 ,"1,335 ","1,098 ",0 ,0 
South & West Wigston,E58000878,57420,Leicestershire,Oadby & Wigston,CC,All,1," 8,711 "," 2,371 ",8,27.3%,27.1%,141 ,535 ,621 ,166 ,908 ,0 ,0 
St. Marys,E58000879,57405,Leicestershire,Hinckley & Bosworth,CC,All,1," 8,691 "," 2,485 ",4,28.6%,28.5%,126 ,346 ,"1,113 ",117 ,747 ,28 ,0 
Stoney Stanton & Croft,E58000880,57383,Leicestershire,Blaby,CC,All,1," 10,569 "," 3,376 ",7,32.0%,31.9%,333 ,"1,077 ",428 ,186 ,"1,352 ",0 ,0 
Syston Fosse,E58000881,57389,Leicestershire,Charnwood,CC,All,1," 8,361 "," 3,192 ",9,38.3%,38.1%,86 ,"1,297 ",0 ,894 ,915 ,0 ,0 
Syston Ridgeway,E58000882,57390,Leicestershire,Charnwood,CC,All,1," 8,614 "," 2,731 ",7,31.8%,31.6%,120 ,896 ,59 ,825 ,831 ,0 ,0 
Thurmaston Ridgemere,E58000883,57391,Leicestershire,Charnwood,CC,All,1," 9,204 "," 2,609 ",7,28.4%,28.3%,299 ,"1,197 ",136 ,163 ,814 ,0 ,0 
Valley,E58000884,57416,Leicestershire,North West Leicestershire,CC,All,1," 10,191 "," 4,050 ",4,39.8%,39.7%,431 ,"1,166 ",203 ,684 ,"1,467 ",99 ,0 
Whitwick,E58000885,57417,Leicestershire,North West Leicestershire,CC,All,1," 9,483 "," 3,575 ",4,37.7%,37.7%,612 ,"1,016 ",174 ,172 ,"1,601 ",0 ,0 
Alford & Sutton,E58000886,57427,Lincolnshire,East Lindsey,CC,All,1," 7,798 "," 3,120 ",9,40.0%,39.9%,135 ,543 ,68 ,836 ,"1,527 ",0 ,0 
Bardney & Cherry Willingham,E58000887,57481,Lincolnshire,West Lindsey,CC,All,1," 8,668 "," 3,195 ",16,36.8%,36.7%,369 ,"1,022 ",272 ,0 ,"1,350 ",0 ,166 
Bassingham & Welbourn,E58000888,57447,Lincolnshire,North Kesteven,CC,All,1," 9,848 "," 3,601 ",9,36.6%,36.5%,279 ,407 ,84 ,145 ,"1,005 ",0 ,"1,672 "
Birchwood,E58000889,57439,Lincolnshire,Lincoln,CC,All,1," 7,531 "," 2,273 ",15,30.2%,30.0%,501 ,566 ,245 ,0 ,946 ,0 ,0 
Boston Coastal,E58000890,57421,Lincolnshire,Boston,CC,All,1," 8,538 "," 3,049 ",10,35.7%,35.6%,161 ,551 ,74 ,0 ,"1,451 ",0 ,802 
Boston North,E58000891,57422,Lincolnshire,Boston,CC,All,1," 7,920 "," 1,748 ",15,22.1%,21.9%,143 ,327 ,42 ,116 ,806 ,0 ,299 
Boston Rural,E58000892,57423,Lincolnshire,Boston,CC,All,1," 9,395 "," 2,839 ",20,30.2%,30.0%,198 ,786 ,156 ,0 ,"1,435 ",0 ,228 
Boston South,E58000893,57424,Lincolnshire,Boston,CC,All,1," 8,540 "," 2,221 ",14,26.0%,25.8%,139 ,484 ,120 ,66 ,"1,148 ",139 ,111 
Boston West,E58000894,57425,Lincolnshire,Boston,CC,All,1," 7,069 "," 1,628 ",14,23.0%,22.8%,171 ,274 ,86 ,57 ,848 ,0 ,178 
Boultham,E58000895,57440,Lincolnshire,Lincoln,CC,All,1," 7,032 "," 2,044 ",7,29.1%,29.0%,720 ,190 ,389 ,140 ,598 ,0 ,0 
Bourne North and Morton,E58000896,57467,Lincolnshire,South Kesteven,CC,All,1," 6,890 "," 2,434 ",11,35.3%,35.2%,184 ,"1,261 ",286 ,0 ,692 ,0 ,0 
Bourne South and Thurlby,E58000897,57468,Lincolnshire,South Kesteven,CC,All,1," 10,545 "," 2,900 ",14,27.5%,27.4%,226 ,837 ,172 ,237 ,875 ,246 ,293 
Carholme,E58000898,57441,Lincolnshire,Lincoln,CC,All,1," 7,770 "," 2,586 ",15,33.3%,33.1%,"1,163 ",264 ,212 ,349 ,516 ,0 ,67 
Colsterworth Rural,E58000899,57469,Lincolnshire,South Kesteven,CC,All,1," 7,280 "," 2,421 ",9,33.3%,33.1%,220 ,"1,018 ",115 ,172 ,778 ,109 ,0 
Crowland,E58000900,57458,Lincolnshire,South Holland,CC,All,1," 9,967 "," 3,067 ",12,30.8%,30.7%,184 ,972 ,171 ,164 ,"1,563 ",0 ,0 
Deepings East,E58000901,57470,Lincolnshire,South Kesteven,CC,All,1," 8,161 "," 2,527 ",13,31.0%,30.8%,153 ,405 ,142 ,0 ,795 ,"1,019 ",0 
Deepings West and Rural,E58000902,57471,Lincolnshire,South Kesteven,CC,All,1," 7,962 "," 2,644 ",9,33.2%,33.1%,200 ,611 ,0 ,0 ,831 ,926 ,67 
Donington Rural,E58000903,57459,Lincolnshire,South Holland,CC,All,1," 7,774 "," 2,556 ",16,32.9%,32.7%,110 ,770 ,145 ,147 ,"1,368 ",0 ,0 
Eagle & Hykeham West,E58000904,57448,Lincolnshire,North Kesteven,CC,All,1," 8,591 "," 2,549 ",27,29.7%,29.4%,419 ,699 ,335 ,0 ,"1,069 ",0 ,0 
Ermine & Cathedral,E58000905,57442,Lincolnshire,Lincoln,CC,All,1," 8,803 "," 2,841 ",29,32.3%,31.9%,997 ,429 ,177 ,222 ,959 ,0 ,28 
Folkingham Rural,E58000906,57472,Lincolnshire,South Kesteven,CC,All,1," 7,847 "," 3,170 ",14,40.4%,40.2%,296 ,"1,282 ",430 ,0 ,"1,098 ",0 ,50 
Gainsborough Hill,E58000907,57482,Lincolnshire,West Lindsey,CC,All,1," 7,309 "," 1,608 ",10,22.0%,21.9%,67 ,146 ,632 ,52 ,625 ,0 ,76 
Gainsborough Rural South,E58000908,57483,Lincolnshire,West Lindsey,CC,All,1," 8,428 "," 3,323 ",21,39.4%,39.2%,413 ,"1,147 ",424 ,0 ,"1,288 ",0 ,30 
Gainsborough Trent,E58000909,57484,Lincolnshire,West Lindsey,CC,All,1," 7,530 "," 1,819 ",15,24.2%,24.0%,159 ,118 ,709 ,0 ,690 ,128 ,0 
Grantham Barrowby,E58000910,57473,Lincolnshire,South Kesteven,CC,All,1," 8,310 "," 2,340 ",10,28.2%,28.0%,318 ,746 ,70 ,128 ,930 ,138 ,0 
Grantham East,E58000911,57474,Lincolnshire,South Kesteven,CC,All,1," 7,080 "," 1,925 ",5,27.2%,27.1%,175 ,260 ,0 ,99 ,670 ,524 ,0 
Grantham North,E58000912,57475,Lincolnshire,South Kesteven,CC,All,1," 8,228 "," 2,735 ",10,33.2%,33.1%,307 ,980 ,177 ,141 ,901 ,219 ,0 
Grantham South,E58000913,57476,Lincolnshire,South Kesteven,CC,All,1," 8,075 "," 1,927 ",10,23.9%,23.7%,212 ,400 ,104 ,135 ,575 ,491 ,0 
Grantham West,E58000914,57477,Lincolnshire,South Kesteven,CC,All,1," 6,066 "," 1,825 ",8,30.1%,30.0%,255 ,788 ,0 ,103 ,546 ,125 ,0 
Hartsholme,E58000915,57443,Lincolnshire,Lincoln,CC,All,1," 8,293 "," 2,387 ",13,28.8%,28.6%,923 ,358 ,153 ,0 ,940 ,0 ,0 
Heckington,E58000916,57449,Lincolnshire,North Kesteven,CC,All,1," 9,527 "," 3,353 ",12,35.2%,35.1%,275 ,867 ,342 ,0 ,"1,506 ",0 ,351 
Holbeach,E58000917,57460,Lincolnshire,South Holland,CC,All,1," 8,678 "," 2,406 ",17,27.7%,27.5%,158 ,626 ,100 ,167 ,"1,338 ",0 ,0 
Holbeach Rural,E58000918,57461,Lincolnshire,South Holland,CC,All,1," 8,879 "," 2,963 ",12,33.4%,33.2%,136 ,976 ,78 ,0 ,"1,347 ",0 ,414 
Horncastle & the Keals,E58000919,57428,Lincolnshire,East Lindsey,CC,All,1," 9,220 "," 3,177 ",19,34.5%,34.3%,334 ,"1,092 ",325 ,0 ,"1,407 ",0 ,0 
Hough,E58000920,57478,Lincolnshire,South Kesteven,CC,All,1," 8,165 "," 3,267 ",8,40.0%,39.9%,215 ,879 ,179 ,138 ,"1,068 ",780 ,0 
Hykeham Forum,E58000921,57450,Lincolnshire,North Kesteven,CC,All,1," 7,731 "," 2,494 ",10,32.3%,32.1%,473 ,899 ,149 ,112 ,827 ,0 ,24 
Ingoldmells Rural,E58000922,29809,Lincolnshire,East Lindsey,CC,All,1," 7,688 "," 2,837 ",15,36.9%,36.7%,179 ,784 ,144 ,0 ,"1,704 ",0 ,0 
Louth North,E58000923,57429,Lincolnshire,East Lindsey,CC,All,1," 8,575 "," 2,802 ",10,32.7%,32.6%,355 ,552 ,112 ,0 ,"1,070 ",703 ,0 
Louth South,E58000924,57430,Lincolnshire,East Lindsey,CC,All,1," 8,145 "," 2,724 ",6,33.4%,33.4%,379 ,330 ,66 ,135 ,932 ,876 ,0 
Louth Wolds,E58000925,57431,Lincolnshire,East Lindsey,CC,All,1," 8,741 "," 3,530 ",25,40.4%,40.1%,285 ,"1,024 ",147 ,176 ,"1,461 ",399 ,12 
Mablethorpe,E58000926,57432,Lincolnshire,East Lindsey,CC,All,1," 7,810 "," 2,930 ",6,37.5%,37.4%,588 ,599 ,93 ,0 ,"1,543 ",101 ,0 
Market Rasen Wolds,E58000927,57485,Lincolnshire,West Lindsey,CC,All,1," 9,184 "," 3,541 ",17,38.5%,38.4%,151 ,636 ,"1,626 ",81 ,"1,030 ",0 ,0 
Metheringham Rural,E58000928,57451,Lincolnshire,North Kesteven,CC,All,1," 7,726 "," 2,690 ",20,34.8%,34.6%,266 ,"1,144 ",167 ,0 ,985 ,108 ,0 
Nettleham & Saxilby,E58000929,57486,Lincolnshire,West Lindsey,CC,All,1," 8,898 "," 3,315 ",14,37.3%,37.1%,432 ,"1,566 ",249 ,206 ,830 ,0 ,18 
North Wolds,E58000930,57487,Lincolnshire,West Lindsey,CC,All,1," 8,639 "," 3,155 ",6,36.5%,36.5%,306 ,"1,139 ",321 ,176 ,"1,207 ",0 ,0 
Park,E58000931,57444,Lincolnshire,Lincoln,CC,All,1," 8,983 "," 2,062 ",18,23.0%,22.8%,597 ,109 ,808 ,0 ,440 ,0 ,90 
Potterhanworth & Coleby,E58000932,57452,Lincolnshire,North Kesteven,CC,All,1," 8,651 "," 3,072 ",18,35.5%,35.3%,0 ,"1,055 ",379 ,322 ,"1,039 ",259 ,0 
Ruskington,E58000933,57453,Lincolnshire,North Kesteven,CC,All,1," 8,375 "," 2,856 ",14,34.1%,33.9%,240 ,"1,087 ",230 ,0 ,"1,079 ",0 ,206 
Saltfleet & the Cotes,E58000934,57433,Lincolnshire,East Lindsey,CC,All,1," 7,952 "," 3,101 ",8,39.0%,38.9%,234 ,822 ,100 ,0 ,"1,453 ",484 ,0 
Scotter Rural,E58000935,57488,Lincolnshire,West Lindsey,CC,All,1," 8,250 "," 3,065 ",13,37.1%,37.0%,165 ,563 ,910 ,106 ,"1,308 ",0 ,0 
Skegness North,E58000936,57434,Lincolnshire,East Lindsey,CC,All,1," 8,870 "," 2,406 ",8,27.1%,27.0%,158 ,652 ,85 ,0 ,"1,502 ",0 ,0 
Skegness South,E58000937,57435,Lincolnshire,East Lindsey,CC,All,1," 8,689 "," 2,573 ",13,29.6%,29.5%,172 ,569 ,71 ,0 ,"1,493 ",255 ,0 
Skirbeck,E58000938,57426,Lincolnshire,Boston,CC,All,1," 8,329 "," 2,101 ",19,25.2%,25.0%,136 ,415 ,47 ,139 ,966 ,0 ,379 
Sleaford,E58000939,57454,Lincolnshire,North Kesteven,CC,All,1," 8,886 "," 2,389 ",16,26.9%,26.7%,398 ,347 ,132 ,0 ,961 ,132 ,403 
Sleaford Rural,E58000940,57455,Lincolnshire,North Kesteven,CC,All,1," 8,320 "," 2,602 ",3,31.3%,31.2%,180 ,694 ,182 ,134 ,872 ,133 ,404 
Spalding East,E58000941,57462,Lincolnshire,South Holland,CC,All,1," 7,873 "," 2,434 ",19,30.9%,30.7%,176 ,846 ,155 ,0 ,"1,238 ",0 ,0 
Spalding Elloe,E58000942,57463,Lincolnshire,South Holland,CC,All,1," 7,612 "," 2,035 ",11,30.6%,26.6%,146 ,853 ,61 ,172 ,"1,084 ",0 ,0 
Spalding South,E58000943,57464,Lincolnshire,South Holland,CC,All,1," 7,746 "," 2,022 ",10,26.3%,26.0%,155 ,673 ,54 ,69 ,639 ,0 ,434 
Spalding West,E58000944,57465,Lincolnshire,South Holland,CC,All,1," 7,827 "," 2,022 ",10,25.8%,25.7%,159 ,774 ,85 ,131 ,863 ,0 ,0 
St. Giles,E58000945,57445,Lincolnshire,Lincoln,CC,All,1," 8,038 "," 2,574 ",11,32.0%,31.9%,436 ,284 ,"1,060 ",115 ,668 ,0 ,0 
Stamford East,E58000946,57479,Lincolnshire,South Kesteven,CC,All,1," 7,969 "," 2,248 ",10,28.2%,28.1%,248 ,651 ,521 ,0 ,489 ,226 ,0 
Stamford West,E58000947,57480,Lincolnshire,South Kesteven,CC,All,1," 7,638 "," 2,498 ",4,32.7%,32.7%,164 ,497 ,115 ,0 ,439 ,"1,279 ",0 
Swallow Beck & Witham,E58000948,57446,Lincolnshire,Lincoln,CC,All,1," 8,025 "," 2,697 ",17,33.6%,33.4%,466 ,743 ,181 ,199 ,"1,091 ",0 ,0 
Tattershall Castle,E58000949,57436,Lincolnshire,East Lindsey,CC,All,1," 9,001 "," 3,177 ",15,35.3%,35.1%,188 ,"1,317 ",152 ,0 ,"1,472 ",0 ,33 
The Suttons,E58000950,57466,Lincolnshire,South Holland,CC,All,1," 7,504 "," 2,232 ",18,29.7%,29.5%,0 ,617 ,106 ,0 ,886 ,0 ,605 
Waddington & Hykeham East,E58000951,57456,Lincolnshire,North Kesteven,CC,All,1," 8,522 "," 2,632 ",8,30.9%,30.8%,0 ,"1,276 ",251 ,247 ,850 ,0 ,0 
Wainfleet,E58000952,57437,Lincolnshire,East Lindsey,CC,All,1," 9,381 "," 3,304 ",16,35.2%,35.0%,225 ,"1,169 ",199 ,0 ,"1,695 ",0 ,0 
Washingborough,E58000953,57457,Lincolnshire,North Kesteven,CC,All,1," 8,015 "," 2,571 ",4,32.1%,32.0%,333 ,"1,002 ",193 ,167 ,872 ,0 ,0 
Welton Rural,E58000954,57489,Lincolnshire,West Lindsey,CC,All,1," 9,486 "," 3,327 ",31,35.1%,34.7%,486 ,830 ,815 ,0 ,"1,165 ",0 ,0 
Woodhall Spa & Wragby,E58000955,57438,Lincolnshire,East Lindsey,CC,All,1," 8,857 "," 3,793 ",15,42.8%,42.7%,300 ,"1,184 ",219 ,0 ,"1,565 ",0 ,507 
Avondale Grange,E05016203,62241,North Northamptonshire,North Northamptonshire,UC,All,1," 3,989 ", 957 ,8,24.2%,23.8%,176 ,183 ,0 ,222 ,376 ,0 ,0 
Barton Seagrave & Burton Latimer,E05016204,62244,North Northamptonshire,North Northamptonshire,UC,All,3," 13,027 "," 4,346 ",3,33.4%,33.3%,384 ,"1,154 ",378 ,"1,318 ","1,510 ",0 ,0 
Brickhill & Queensway,E05016205,62245,North Northamptonshire,North Northamptonshire,UC,All,3," 11,591 "," 2,781 ",35,24.0%,23.7%,601 ,717 ,232 ,286 ,"1,017 ",276 ,0 
Corby West,E05016206,59667,North Northamptonshire,North Northamptonshire,UC,All,3," 10,611 "," 2,868 ",23,27.0%,26.8%,"1,076 ",296 ,127 ,237 ,"1,205 ",0 ,0 
Croyland & Swanspool,E05016207,62246,North Northamptonshire,North Northamptonshire,UC,All,2," 8,505 "," 2,132 ",21,25.1%,24.8%,599 ,459 ,128 ,236 ,804 ,0 ,0 
Desborough,E05016208,62247,North Northamptonshire,North Northamptonshire,UC,All,3," 12,134 "," 4,692 ",21,38.7%,38.5%,775 ,"1,797 ",385 ,654 ,"1,581 ",0 ,60 
Earls Barton,E05016209,62248,North Northamptonshire,North Northamptonshire,UC,All,2," 8,593 "," 2,920 ",6,34.0%,33.9%,419 ,"1,138 ",246 ,315 ,995 ,0 ,0 
Finedon,E05016210,62249,North Northamptonshire,North Northamptonshire,UC,All,1," 3,608 "," 1,201 ",7,33.3%,33.1%,140 ,357 ,65 ,114 ,518 ,0 ,0 
Geddington & Stanion,E05016211,62250,North Northamptonshire,North Northamptonshire,UC,All,1," 4,376 "," 1,708 ",2,39.0%,39.0%,341 ,417 ,81 ,229 ,638 ,0 ,0 
Gretton & Weldon,E05016212,62251,North Northamptonshire,North Northamptonshire,UC,All,2," 7,653 "," 2,252 ",6,29.4%,29.3%,317 ,698 ,137 ,344 ,823 ,59 ,0 
Hatton Park,E05016213,62252,North Northamptonshire,North Northamptonshire,UC,All,3," 12,511 "," 3,730 ",28,29.8%,29.6%,790 ,"1,144 ",251 ,406 ,"1,397 ",0 ,0 
Higham Ferrers,E05016214,62253,North Northamptonshire,North Northamptonshire,UC,All,2," 7,769 "," 2,414 ",14,31.1%,30.9%,264 ,559 ,165 ,529 ,656 ,215 ,0 
Irchester,E05016215,62254,North Northamptonshire,North Northamptonshire,UC,All,3," 10,446 "," 3,631 ",6,34.8%,34.7%,495 ,"1,429 ",199 ,400 ,"1,239 ",105 ,0 
Irthlingborough,E05016216,62255,North Northamptonshire,North Northamptonshire,UC,All,2," 7,656 "," 2,386 ",4,31.2%,31.1%,590 ,533 ,182 ,223 ,961 ,0 ,0 
Ise,E05016217,62256,North Northamptonshire,North Northamptonshire,UC,All,2," 8,856 "," 3,484 ",18,39.3%,39.1%,261 ,642 ,58 ,"1,612 ",907 ,0 ,0 
Kettering Central,E05016218,62257,North Northamptonshire,North Northamptonshire,UC,All,2," 8,478 "," 2,286 ",10,27.0%,26.8%,404 ,205 ,84 ,"1,042 ",538 ,34 ,0 
Kettering North,E05016219,62258,North Northamptonshire,North Northamptonshire,UC,All,2," 7,974 "," 2,041 ",30,38.1%,25.2%,201 ,369 ,41 ,"1,731 ",671 ,27 ,0 
Kingswood,E05016220,62259,North Northamptonshire,North Northamptonshire,UC,All,3," 11,070 "," 2,665 ",31,24.1%,23.8%,908 ,262 ,132 ,191 ,"1,168 ",218 ,0 
Lloyds & Corby Village,E05016221,62260,North Northamptonshire,North Northamptonshire,UC,All,2," 8,606 "," 2,177 ",19,25.3%,25.1%,981 ,131 ,94 ,206 ,807 ,0 ,0 
Oakley,E05016222,62261,North Northamptonshire,North Northamptonshire,UC,All,3," 13,070 "," 3,454 ",31,26.4%,26.2%,986 ,405 ,741 ,320 ,"1,299 ",0 ,0 
Oundle,E05016223,62262,North Northamptonshire,North Northamptonshire,UC,All,3," 11,207 "," 5,003 ",4,44.6%,44.6%,820 ,"1,645 ","1,545 ",581 ,"1,398 ",0 ,0 
Pemberton,E05016224,62263,North Northamptonshire,North Northamptonshire,UC,All,2," 8,089 "," 2,330 ",15,28.8%,28.6%,366 ,625 ,177 ,265 ,"1,030 ",0 ,0 
Pipers Hill,E05016225,62264,North Northamptonshire,North Northamptonshire,UC,All,1," 4,185 "," 1,407 ",7,33.6%,33.5%,243 ,349 ,54 ,301 ,453 ,0 ,0 
Raunds,E05016226,62265,North Northamptonshire,North Northamptonshire,UC,All,3," 11,299 "," 3,475 ",10,30.8%,30.7%,519 ,"1,266 ",347 ,411 ,"1,305 ",75 ,0 
Rothwell & Mawsley,E05016227,62266,North Northamptonshire,North Northamptonshire,UC,All,3," 12,190 "," 4,703 ",13,38.6%,38.5%,610 ,"1,253 ",262 ,625 ,"1,370 ","2,331 ",0 
Rushden Lakes,E05016228,62267,North Northamptonshire,North Northamptonshire,UC,All,2," 7,343 "," 1,716 ",8,23.4%,23.3%,231 ,500 ,117 ,162 ,767 ,0 ,0 
Rushden South,E05016229,62268,North Northamptonshire,North Northamptonshire,UC,All,2," 7,860 "," 2,414 ",9,30.7%,30.6%,353 ,894 ,121 ,198 ,867 ,0 ,0 
St Michael,E05016230,62269,North Northamptonshire,North Northamptonshire,UC,All,1," 4,117 "," 1,445 ",8,35.1%,34.9%,285 ,284 ,62 ,428 ,378 ,0 ,0 
St Peter,E05016231,62270,North Northamptonshire,North Northamptonshire,UC,All,1," 4,672 "," 1,848 ",13,39.6%,39.3%,133 ,595 ,43 ,619 ,405 ,38 ,0 
Thrapston,E05016232,62271,North Northamptonshire,North Northamptonshire,UC,All,3," 11,557 "," 4,271 ",13,37.0%,36.8%,569 ,"1,501 ",421 ,801 ,"1,555 ",158 ,0 
Victoria,E05016233,62272,North Northamptonshire,North Northamptonshire,UC,All,2," 8,642 "," 2,028 ",19,23.5%,23.2%,562 ,482 ,128 ,181 ,413 ,388 ,0 
Alnwick Castle,E05016083,62356,Northumberland,Northumberland,UC,All,1," 3,779 "," 1,518 ",1,40.2%,40.1%,148 ,709 ,111 ,129 ,418 ,0 ,0 
Alnwick Hotspur,E05016084,62357,Northumberland,Northumberland,UC,All,1," 3,547 "," 1,348 ",1,38.0%,38.0%,51 ,153 ,110 ,760 ,273 ,0 ,0 
Amble,E05016085,62358,Northumberland,Northumberland,UC,All,1," 3,654 "," 1,161 ",3,31.8%,31.7%,445 ,199 ,0 ,0 ,514 ,0 ,0 
Amble West with Warkworth,E05016086,53541,Northumberland,Northumberland,UC,All,1," 3,643 "," 1,674 ",3,46.0%,45.9%,196 ,325 ,110 ,351 ,397 ,292 ,0 
Ashington Central,E05016087,62359,Northumberland,Northumberland,UC,All,1," 3,521 ", 970 ,4,27.1%,27.4%,463 ,46 ,0 ,0 ,457 ,0 ,0 
Bamburgh,E05016088,62360,Northumberland,Northumberland,UC,All,1," 3,829 "," 1,910 ",6,49.9%,49.7%,121 ,"1,068 ",154 ,73 ,488 ,0 ,0 
Bebside & Kitty Brewster,E05016089,62361,Northumberland,Northumberland,UC,All,1," 3,623 "," 1,126 ",3,31.1%,31.0%,319 ,276 ,0 ,0 ,528 ,0 ,0 
Bedlington Central,E05016090,62362,Northumberland,Northumberland,UC,All,1," 3,946 "," 1,469 ",2,37.2%,37.2%,207 ,99 ,0 ,76 ,485 ,600 ,0 
Bedlington East,E05016091,62363,Northumberland,Northumberland,UC,All,1," 3,802 "," 1,154 ",1,30.4%,30.3%,291 ,59 ,0 ,0 ,528 ,275 ,0 
Bedlington West,E05016092,62364,Northumberland,Northumberland,UC,All,1," 4,286 "," 1,590 ",7,37.1%,36.9%,298 ,86 ,0 ,0 ,444 ,755 ,0 
Bellingham,E05016093,62365,Northumberland,Northumberland,UC,All,1," 3,346 "," 1,580 ",4,47.2%,47.1%,178 ,615 ,268 ,0 ,515 ,0 ,0 
Berwick East,E05016094,53547,Northumberland,Northumberland,UC,All,1," 3,403 "," 1,163 ",7,34.2%,34.0%,52 ,19 ,0 ,0 ,191 ,894 ,0 
Berwick North,E05016095,53548,Northumberland,Northumberland,UC,All,1," 3,443 "," 1,303 ",4,37.8%,37.7%,256 ,356 ,163 ,164 ,360 ,0 ,0 
Berwick West with Ord,E05016096,53549,Northumberland,Northumberland,UC,All,1," 3,297 "," 1,111 ",6,33.7%,33.5%,64 ,77 ,521 ,76 ,367 ,0 ,0 
Bothal,E05016097,62366,Northumberland,Northumberland,UC,All,1," 3,500 "," 1,234 ",11,35.3%,34.9%,449 ,60 ,160 ,0 ,533 ,21 ,0 
Choppington & Hepscott,E05016098,62367,Northumberland,Northumberland,UC,All,1," 3,566 "," 1,317 ",5,36.9%,36.8%,269 ,346 ,0 ,0 ,421 ,276 ,0 
College with North Seaton,E05016099,62368,Northumberland,Northumberland,UC,All,1," 3,837 "," 1,131 ",2,29.5%,29.4%,479 ,113 ,0 ,0 ,537 ,0 ,0 
Corbridge,E05016100,62369,Northumberland,Northumberland,UC,All,1," 4,049 "," 2,011 ",1,49.7%,49.6%,515 ,"1,070 ",147 ,0 ,278 ,0 ,0 
Cowpen,E05016101,62370,Northumberland,Northumberland,UC,All,1," 3,709 "," 1,205 ",12,32.5%,32.2%,321 ,339 ,0 ,0 ,534 ,0 ,0 
Cramlington East & Double Row,E05016102,62371,Northumberland,Northumberland,UC,All,1," 3,761 "," 1,139 ",9,30.3%,30.0%,329 ,113 ,0 ,0 ,341 ,347 ,0 
Cramlington Eastfield,E05016103,55203,Northumberland,Northumberland,UC,All,1," 3,821 "," 1,338 ",4,35.0%,34.9%,230 ,565 ,0 ,61 ,313 ,142 ,0 
Cramlington North,E05016104,55204,Northumberland,Northumberland,UC,All,1," 4,025 "," 1,795 ",10,44.6%,44.3%,275 ,"1,234 ",0 ,0 ,276 ,0 ,0 
Cramlington North West,E05016105,62372,Northumberland,Northumberland,UC,All,1," 3,694 "," 1,061 ",9,28.7%,28.5%,316 ,400 ,0 ,0 ,336 ,0 ,0 
Cramlington South East,E05016106,53556,Northumberland,Northumberland,UC,All,1," 3,604 "," 1,611 ",13,44.7%,44.3%,373 ,859 ,0 ,65 ,301 ,0 ,0 
Cramlington South West,E05016107,62373,Northumberland,Northumberland,UC,All,1," 2,629 ", 697 ,2,26.5%,26.4%,200 ,175 ,0 ,0 ,274 ,0 ,46 
Cramlington Village,E05016108,62374,Northumberland,Northumberland,UC,All,1," 3,783 "," 1,489 ",8,39.4%,39.1%,275 ,791 ,0 ,91 ,324 ,0 ,0 
Croft,E05016109,62375,Northumberland,Northumberland,UC,All,1," 3,722 "," 1,102 ",1,29.6%,29.6%,343 ,106 ,0 ,0 ,652 ,0 ,0 
Druridge Bay,E05016110,62376,Northumberland,Northumberland,UC,All,1," 3,503 "," 1,316 ",14,37.6%,37.2%,651 ,163 ,0 ,0 ,488 ,0 ,0 
Haltwhistle,E05016111,55210,Northumberland,Northumberland,UC,All,1," 3,613 "," 1,594 ",6,44.1%,44.0%,612 ,505 ,0 ,0 ,471 ,0 ,0 
Hartley,E05016112,53560,Northumberland,Northumberland,UC,All,1," 4,074 "," 1,767 ",4,43.4%,43.3%,469 ,551 ,0 ,116 ,626 ,0 ,0 
Haydon,E05016113,62377,Northumberland,Northumberland,UC,All,1," 3,639 "," 1,384 ",12,38.0%,37.7%,600 ,141 ,0 ,0 ,631 ,0 ,0 
Haydon & Hadrian,E05016114,55213,Northumberland,Northumberland,UC,All,1," 3,642 "," 1,552 ",1,42.6%,42.6%,126 ,122 ,882 ,76 ,293 ,52 ,0 
Hexham East,E05016115,62378,Northumberland,Northumberland,UC,All,1," 3,781 "," 1,503 ",7,39.8%,39.6%,224 ,340 ,474 ,122 ,336 ,0 ,0 
Hexham North,E05016116,62379,Northumberland,Northumberland,UC,All,1," 3,391 "," 1,447 ",4,42.7%,42.6%,410 ,422 ,237 ,120 ,254 ,0 ,0 
Hexham West,E05016117,62380,Northumberland,Northumberland,UC,All,1," 3,433 "," 1,765 ",12,51.4%,51.1%,272 ,186 ,128 ,112 ,255 ,800 ,0 
Hirst,E05016118,62381,Northumberland,Northumberland,UC,All,1," 3,448 ", 875 ,7,25.4%,25.2%,374 ,60 ,0 ,0 ,434 ,0 ,0 
Holywell,E05016119,53561,Northumberland,Northumberland,UC,All,1," 3,872 "," 1,542 ",8,39.8%,39.6%,630 ,357 ,0 ,0 ,547 ,0 ,0 
Humshaugh,E05016120,55219,Northumberland,Northumberland,UC,All,1," 3,406 "," 1,673 ",5,49.1%,49.0%,68 ,463 ,0 ,800 ,311 ,0 ,25 
Isabella,E05016121,62382,Northumberland,Northumberland,UC,All,1," 3,369 "," 1,059 ",6,31.4%,31.3%,396 ,78 ,0 ,0 ,579 ,0 ,0 
Longhirst,E05016122,62383,Northumberland,Northumberland,UC,All,1," 3,667 "," 1,454 ",3,39.7%,39.6%,305 ,562 ,102 ,0 ,482 ,0 ,0 
Longhorsley,E05016123,62384,Northumberland,Northumberland,UC,All,1," 3,565 "," 1,724 ",3,48.4%,48.3%,300 ,879 ,87 ,108 ,347 ,0 ,0 
Longhoughton,E05016124,62385,Northumberland,Northumberland,UC,All,1," 3,929 "," 1,755 ",4,44.7%,44.6%,223 ,752 ,254 ,153 ,369 ,0 ,0 
Lynemouth,E05016125,62386,Northumberland,Northumberland,UC,All,1," 3,812 "," 1,389 ",6,36.4%,36.3%,655 ,154 ,0 ,0 ,574 ,0 ,0 
Morpeth Kirkhill,E05016126,62387,Northumberland,Northumberland,UC,All,1," 3,959 "," 1,783 ",7,45.0%,44.9%,270 ,807 ,337 ,76 ,285 ,0 ,0 
Morpeth North,E05016127,62388,Northumberland,Northumberland,UC,All,1," 3,985 "," 2,032 ",7,51.0%,50.8%,368 ,819 ,290 ,282 ,266 ,0 ,0 
Morpeth Stobhill,E05016128,62389,Northumberland,Northumberland,UC,All,1," 3,753 "," 1,779 ",5,25.0%,47.3%,261 ,605 ,487 ,64 ,318 ,39 ,0 
Newbiggin-by-the-Sea,E05016129,62390,Northumberland,Northumberland,UC,All,1," 3,826 "," 1,405 ",3,36.7%,36.6%,269 ,39 ,0 ,0 ,521 ,338 ,0 
Newsham,E05016130,62391,Northumberland,Northumberland,UC,All,1," 4,247 "," 1,289 ",6,30.4%,30.2%,434 ,360 ,0 ,0 ,489 ,0 ,0 
Norham & Islandshires,E05016131,55230,Northumberland,Northumberland,UC,All,1," 3,562 "," 1,653 ",2,45.9%,46.4%,224 ,478 ,0 ,0 ,516 ,415 ,0 
Pegswood,E05016132,62392,Northumberland,Northumberland,UC,All,1," 3,054 "," 1,132 ",7,37.1%,36.8%,467 ,291 ,0 ,0 ,367 ,0 ,0 
Plessey,E05016133,62393,Northumberland,Northumberland,UC,All,1," 3,438 "," 1,589 ",2,46.2%,46.2%,396 ,552 ,0 ,0 ,639 ,0 ,0 
Ponteland East & Stannington,E05016134,62394,Northumberland,Northumberland,UC,All,1," 3,811 "," 1,638 ",2,22.0%,42.9%,195 ,641 ,118 ,138 ,544 ,0 ,0 
Ponteland North,E05016135,62395,Northumberland,Northumberland,UC,All,1," 3,952 "," 1,429 ",3,19.5%,36.1%,144 ,642 ,113 ,76 ,451 ,0 ,0 
Ponteland South with Heddon,E05016136,62396,Northumberland,Northumberland,UC,All,1," 4,003 "," 1,763 ",3,44.0%,44.0%,246 ,866 ,118 ,101 ,429 ,0 ,0 
Ponteland West,E05016137,55236,Northumberland,Northumberland,UC,All,1," 3,750 "," 1,386 ",4,37.0%,36.9%,216 ,649 ,133 ,0 ,384 ,0 ,0 
Prudhoe North & Wylam,E05016138,62397,Northumberland,Northumberland,UC,All,1," 3,950 "," 1,814 ",4,45.9%,45.8%,679 ,271 ,58 ,0 ,327 ,475 ,0 
Prudhoe South,E05016139,62398,Northumberland,Northumberland,UC,All,1," 3,824 "," 1,287 ",6,33.7%,33.5%,476 ,513 ,0 ,0 ,292 ,0 ,0 
Prudhoe West & Mickley,E05016140,62399,Northumberland,Northumberland,UC,All,1," 3,871 "," 1,587 ",16,41.0%,40.6%,719 ,424 ,0 ,0 ,428 ,0 ,0 
Rothbury,E05016141,62400,Northumberland,Northumberland,UC,All,1," 4,140 "," 2,524 ",10,61.0%,60.7%,65 ,201 ,471 ,62 ,370 ,"1,120 ",127 
Seaton with Spital,E05016142,62401,Northumberland,Northumberland,UC,All,1," 3,932 "," 1,076 ",3,27.4%,27.3%,375 ,121 ,0 ,0 ,575 ,0 ,0 
Seghill with Seaton Delaval,E05016143,62402,Northumberland,Northumberland,UC,All,1," 4,041 "," 1,403 ",4,34.7%,34.6%,293 ,617 ,0 ,86 ,403 ,0 ,0 
Shilbottle,E05016144,62403,Northumberland,Northumberland,UC,All,1," 3,533 "," 1,546 ",3,43.8%,43.7%,259 ,540 ,306 ,0 ,438 ,0 ,0 
Sleekburn,E05016145,62404,Northumberland,Northumberland,UC,All,1," 3,619 "," 1,172 ",3,32.4%,32.3%,392 ,103 ,0 ,0 ,674 ,0 ,0 
South Blyth,E05016146,62405,Northumberland,Northumberland,UC,All,1," 3,891 "," 1,596 ",17,41.0%,40.6%,220 ,924 ,59 ,45 ,331 ,0 ,0 
South Tynedale,E05016147,53591,Northumberland,Northumberland,UC,All,1," 3,918 "," 1,917 ",17,48.9%,48.5%,334 ,871 ,0 ,231 ,464 ,0 ,0 
Stakeford,E05016148,62406,Northumberland,Northumberland,UC,All,1," 3,624 "," 1,443 ",6,39.8%,39.7%,545 ,187 ,0 ,0 ,705 ,0 ,0 
Stocksfield & Bywell,E05016149,62407,Northumberland,Northumberland,UC,All,1," 3,451 "," 1,757 ",1,50.9%,50.9%,134 ,159 ,245 ,0 ,188 ,"1,030 ",0 
Wensleydale,E05016150,62408,Northumberland,Northumberland,UC,All,1," 3,536 "," 1,359 ",1,38.4%,38.4%,583 ,148 ,0 ,0 ,627 ,0 ,0 
Wooler,E05016151,62409,Northumberland,Northumberland,UC,All,1," 4,162 "," 2,039 ",10,49.0%,48.8%,175 ,"1,301 ",0 ,110 ,427 ,0 ,16 
Arnold North,E58001166,57050,Nottinghamshire,Gedling,CC,All,2," 20,380 "," 6,679 ",12,32.8%,32.7%,"1,978 ","1,193 ",480 ,445 ,"2,571 ",0 ,0 
Arnold South,E58001167,57051,Nottinghamshire,Gedling,CC,All,2," 20,411 "," 7,031 ",13,34.4%,34.4%,"2,531 ",978 ,600 ,696 ,"2,035 ",188 ,0 
Ashfields,E58001168,57024,Nottinghamshire,Ashfield,CC,All,1," 8,928 "," 3,285 ",8,36.8%,36.7%,311 ,81 ,0 ,0 ,"1,687 ",183 ,"1,015 "
Balderton,E58001169,57061,Nottinghamshire,Newark & Sherwood,CC,All,1," 9,019 "," 2,973 ",6,33.0%,32.9%,264 ,"1,351 ",87 ,113 ,740 ,412 ,0 
Beeston Central & Rylands,E58001170,57043,Nottinghamshire,Broxtowe,CC,All,1," 10,173 "," 3,859 ",5,37.9%,37.9%,"1,008 ",431 ,191 ,391 ,798 ,0 ,"1,035 "
Bingham East,E58001171,57071,Nottinghamshire,Rushcliffe,CC,All,1," 9,694 "," 4,225 ",15,43.6%,43.4%,"1,210 ","1,374 ",0 ,427 ,"1,200 ",0 ,0 
Bingham West,E58001172,57072,Nottinghamshire,Rushcliffe,CC,All,1," 8,121 "," 3,095 ",3,38.1%,38.1%,454 ,"1,093 ",0 ,232 ,677 ,0 ,636 
Blidworth,E58001173,46368,Nottinghamshire,Newark & Sherwood,CC,All,1," 8,670 "," 2,757 ",2,31.8%,31.8%,241 ,914 ,44 ,76 ,"1,122 ",337 ,21 
Blyth & Harworth,E58001174,57034,Nottinghamshire,Bassetlaw,CC,All,1," 10,826 "," 3,105 ",3,28.7%,28.7%,"1,068 ",278 ,113 ,103 ,"1,540 ",0 ,0 
Bramcote & Beeston North,E58001979,57044,Nottinghamshire,Broxtowe,CC,All,1," 9,823 "," 4,439 ",9,45.2%,45.1%,570 ,321 ,606 ,279 ,550 ,0 ,"2,104 "
Calverton,E58001176,57052,Nottinghamshire,Gedling,CC,All,1," 11,243 "," 4,096 ",8,36.4%,36.4%,554 ,922 ,220 ,162 ,"1,197 ","1,033 ",0 
Carlton East,E58001177,57053,Nottinghamshire,Gedling,CC,All,1," 10,734 "," 3,938 ",7,36.7%,36.6%,763 ,"1,391 ",121 ,183 ,858 ,615 ,0 
Carlton West,E58001178,57054,Nottinghamshire,Gedling,CC,All,2," 20,215 "," 6,198 ",7,30.7%,30.6%,"1,642 ",744 ,982 ,574 ,"2,399 ",0 ,0 
Collingham,E58001179,57063,Nottinghamshire,Newark & Sherwood,CC,All,1," 10,181 "," 3,438 ",13,33.8%,33.6%,268 ,999 ,254 ,193 ,983 ,728 ,0 
Cotgrave,E58001180,57073,Nottinghamshire,Rushcliffe,CC,All,1," 8,653 "," 3,156 ",5,36.5%,36.4%,370 ,"1,151 ",111 ,137 ,664 ,0 ,718 
Eastwood,E58001181,57045,Nottinghamshire,Broxtowe,CC,All,1," 9,423 "," 3,129 ",4,33.2%,33.2%,411 ,256 ,131 ,103 ,"1,326 ",0 ,898 
Farndon & Trent,E58001182,57064,Nottinghamshire,Newark & Sherwood,CC,All,1," 8,091 "," 3,192 ",9,39.5%,39.3%,398 ,"1,199 ",411 ,141 ,840 ,194 ,0 
Greasley & Brinsley,E58001980,57046,Nottinghamshire,Broxtowe,CC,All,1," 9,847 "," 3,784 ",6,38.4%,38.4%,483 ,690 ,151 ,290 ,"1,679 ",0 ,487 
Hucknall North,E58001184,57025,Nottinghamshire,Ashfield,CC,All,1," 8,431 "," 3,102 ",9,36.8%,36.7%,438 ,244 ,178 ,0 ,"1,001 ",0 ,"1,231 "
Hucknall South,E58001185,57026,Nottinghamshire,Ashfield,CC,All,1," 9,660 "," 3,168 ",6,32.8%,32.7%,457 ,208 ,127 ,0 ,"1,289 ",0 ,"1,081 "
Hucknall West,E58001186,57027,Nottinghamshire,Ashfield,CC,All,1," 9,503 "," 3,118 ",15,32.8%,32.7%,377 ,510 ,0 ,0 ,"1,208 ",164 ,844 
Keyworth,E58001187,57074,Nottinghamshire,Rushcliffe,CC,All,1," 9,415 "," 4,168 ",6,44.3%,44.2%,429 ,"1,833 ",370 ,248 ,746 ,536 ,0 
Kirkby North,E58001188,57028,Nottinghamshire,Ashfield,CC,All,1," 8,995 "," 3,081 ",1,34.3%,34.2%,294 ,78 ,0 ,0 ,"1,604 ",0 ,"1,105 "
Kirkby South,E58001189,57029,Nottinghamshire,Ashfield,CC,All,1," 9,574 "," 3,739 ",6,39.1%,39.0%,528 ,101 ,0 ,154 ,"2,082 ",0 ,864 
Leake & Ruddington,E58001190,57075,Nottinghamshire,Rushcliffe,CC,All,2," 18,454 "," 7,162 ",12,38.8%,38.7%,"1,667 ","2,241 ",433 ,707 ,"1,863 ",802 ,0 
Mansfield East,E58001191,46363,Nottinghamshire,Mansfield,CC,All,2," 18,253 "," 5,999 ",10,32.9%,32.8%,948 ,947 ,0 ,402 ,"3,653 ",39 ,91 
Mansfield North,E58001192,57057,Nottinghamshire,Mansfield,CC,All,2," 18,086 "," 5,097 ",4,28.2%,28.2%,"1,259 ",500 ,0 ,292 ,"3,077 ",0 ,101 
Mansfield South,E58001193,57058,Nottinghamshire,Mansfield,CC,All,2," 19,407 "," 5,924 ",11,30.5%,30.5%,919 ,960 ,0 ,366 ,"2,349 ","1,809 ",66 
Mansfield West,E58001194,57059,Nottinghamshire,Mansfield,CC,All,2," 17,334 "," 9,135 ",16,52.7%,52.6%,908 ,418 ,0 ,324 ,"2,841 ",679 ,163 
Misterton,E58001195,57035,Nottinghamshire,Bassetlaw,CC,All,1," 10,860 "," 4,322 ",11,39.8%,39.7%,635 ,"1,290 ",203 ,221 ,"1,962 ",0 ,0 
Muskham & Farnsfield,E58001196,57065,Nottinghamshire,Newark & Sherwood,CC,All,1," 11,363 "," 4,651 ",7,40.9%,40.9%,616 ,"1,786 ",352 ,289 ,"1,601 ",0 ,0 
Newark East,E58001197,57066,Nottinghamshire,Newark & Sherwood,CC,All,1," 8,049 "," 2,688 ",8,33.4%,33.3%,302 ,935 ,91 ,516 ,700 ,136 ,0 
Newark West,E58001198,57067,Nottinghamshire,Newark & Sherwood,CC,All,1," 8,875 "," 2,534 ",4,28.6%,28.5%,508 ,756 ,164 ,193 ,909 ,0 ,0 
Newstead,E58001199,57055,Nottinghamshire,Gedling,CC,All,1," 8,936 "," 3,507 ",7,39.3%,39.2%,502 ,"1,291 ",233 ,184 ,"1,290 ",0 ,0 
Nuthall & Kimberley,E58001981,57047,Nottinghamshire,Broxtowe,CC,All,1," 10,279 "," 3,709 ",8,36.1%,36.0%,804 ,"1,086 ",106 ,165 ,"1,253 ",0 ,287 
Ollerton,E58001201,57068,Nottinghamshire,Newark & Sherwood,CC,All,1," 10,249 "," 3,491 ",5,34.1%,34.0%,856 ,577 ,136 ,121 ,"1,796 ",0 ,0 
Radcliffe on Trent,E58001202,57076,Nottinghamshire,Rushcliffe,CC,All,1," 8,942 "," 3,852 ",7,43.1%,43.0%,"1,032 ","1,717 ",0 ,407 ,689 ,0 ,0 
Retford East,E58001203,57036,Nottinghamshire,Bassetlaw,CC,All,1," 9,480 "," 3,490 ",6,36.8%,36.8%,701 ,"1,317 ",150 ,181 ,"1,135 ",0 ,0 
Retford West,E58001204,57037,Nottinghamshire,Bassetlaw,CC,All,1," 9,860 "," 3,381 ",18,34.3%,34.1%,732 ,866 ,489 ,0 ,"1,276 ",0 ,0 
Selston,E58001205,57030,Nottinghamshire,Ashfield,CC,All,1," 10,022 "," 4,214 ",5,42.1%,42.0%,279 ,175 ,0 ,201 ,"2,398 ",0 ,"1,156 "
Sherwood Forest,E58001206,57069,Nottinghamshire,Newark & Sherwood,CC,All,1," 10,484 "," 3,606 ",10,34.4%,34.3%,595 ,"1,139 ",95 ,157 ,"1,610 ",0 ,0 
Southwell,E58001207,57070,Nottinghamshire,Newark & Sherwood,CC,All,1," 10,969 "," 4,717 ",7,43.0%,42.9%,633 ,"1,768 ",928 ,242 ,"1,139 ",0 ,0 
Stapleford & Broxtowe Central,E58001982,57048,Nottinghamshire,Broxtowe,CC,All,2," 17,291 "," 6,450 ",11,37.3%,37.2%,829 ,829 ,728 ,615 ,"2,372 ",67 ,"2,818 "
Sutton Central & East,E58001209,57031,Nottinghamshire,Ashfield,CC,All,1," 9,362 "," 3,180 ",1,34.0%,34.0%,293 ,146 ,0 ,146 ,"1,644 ",0 ,950 
Sutton North,E58001210,57032,Nottinghamshire,Ashfield,CC,All,1," 10,213 "," 4,011 ",9,39.3%,39.2%,405 ,91 ,0 ,137 ,"2,362 ",0 ,"1,008 "
Sutton West,E58001211,57033,Nottinghamshire,Ashfield,CC,All,1," 9,831 "," 3,990 ",7,40.6%,40.5%,338 ,74 ,0 ,117 ,"2,120 ",0 ,"1,332 "
"Toton, Chilwell & Attenborough",E58001212,57049,Nottinghamshire,Broxtowe,CC,All,2," 18,934 "," 8,113 ",12,42.9%,42.8%,"1,684 ","1,637 ",892 ,770 ,"1,807 ",0 ,"3,055 "
Tuxford,E58001213,57038,Nottinghamshire,Bassetlaw,CC,All,1," 9,183 "," 3,585 ",8,39.0%,39.0%,455 ,"1,264 ",162 ,194 ,"1,502 ",0 ,0 
Warsop,E58001214,19534,Nottinghamshire,Mansfield,CC,All,1," 9,410 "," 2,917 ",7,31.0%,30.9%,797 ,348 ,0 ,180 ,"1,564 ",0 ,21 
West Bridgford North,E58001215,57077,Nottinghamshire,Rushcliffe,CC,All,1," 10,435 "," 4,185 ",6,40.1%,40.0%,"1,518 ",874 ,133 ,"1,257 ",397 ,0 ,0 
West Bridgford South,E58001216,57078,Nottinghamshire,Rushcliffe,CC,All,1," 11,090 "," 4,533 ",9,40.9%,40.8%,"1,003 ","2,305 ",282 ,422 ,489 ,0 ,25 
West Bridgford West,E58001217,57079,Nottinghamshire,Rushcliffe,CC,All,1," 10,227 "," 4,368 ",6,42.7%,42.7%,960 ,"1,857 ",377 ,540 ,520 ,108 ,0 
Worksop East,E58001218,57039,Nottinghamshire,Bassetlaw,CC,All,1," 9,636 "," 2,644 ",4,27.4%,27.4%,824 ,207 ,126 ,91 ,"1,392 ",0 ,0 
Worksop North,E58001219,57040,Nottinghamshire,Bassetlaw,CC,All,1," 10,269 "," 3,506 ",11,34.1%,34.0%,808 ,824 ,213 ,0 ,"1,650 ",0 ,0 
Worksop South,E58001220,57041,Nottinghamshire,Bassetlaw,CC,All,1," 9,623 "," 3,456 ",11,35.9%,35.8%,965 ,616 ,242 ,0 ,"1,622 ",0 ,0 
Worksop West,E58001221,57042,Nottinghamshire,Bassetlaw,CC,All,1," 12,039 "," 3,764 ",5,31.3%,31.2%,916 ,436 ,217 ,223 ,"1,967 ",0 ,0 
Abingdon East,E58002040,62975,Oxfordshire,Vale Of White Horse,CC,All,1," 8,362 "," 3,132 ",62,37.5%,36.7%,157 ,723 ,"1,657 ",532 ,0 ,0 ,0 
Abingdon North,E58002041,62976,Oxfordshire,Vale Of White Horse,CC,All,1," 8,350 "," 3,102 ",7,37.1%,37.1%,148 ,408 ,"1,785 ",190 ,564 ,0 ,0 
Abingdon South,E58002042,54794,Oxfordshire,Vale Of White Horse,CC,All,1," 8,572 "," 2,884 ",11,33.6%,33.5%,253 ,434 ,"1,214 ",244 ,0 ,728 ,0 
"Adderbury, Bloxham & Bodicote",E58002043,62932,Oxfordshire,Cherwell,CC,All,1," 8,265 "," 3,265 ",9,39.5%,39.4%,233 ,938 ,"1,156 ",143 ,786 ,0 ,0 
Bampton & Carterton South,E58002044,62988,Oxfordshire,West Oxfordshire,CC,All,1," 9,185 "," 3,681 ",8,40.1%,40.0%,100 ,"1,360 ","1,313 ",136 ,761 ,0 ,0 
Banbury Calthorpe,E58002045,62933,Oxfordshire,Cherwell,CC,All,1," 7,186 "," 2,292 ",4,31.9%,31.8%,721 ,627 ,183 ,221 ,535 ,0 ,0 
Banbury Easington,E58002046,62934,Oxfordshire,Cherwell,CC,All,1," 6,762 "," 2,681 ",10,39.6%,39.5%,522 ,"1,103 ",155 ,162 ,661 ,63 ,0 
Banbury Grimsbury & Castle,E58002047,62935,Oxfordshire,Cherwell,CC,All,1," 8,682 "," 2,294 ",45,26.4%,25.9%,696 ,713 ,253 ,219 ,0 ,368 ,0 
Banbury Hardwick,E58002048,62936,Oxfordshire,Cherwell,CC,All,1," 8,281 "," 1,932 ",9,23.3%,23.2%,567 ,430 ,170 ,146 ,512 ,98 ,0 
Banbury Ruscote,E58002049,62937,Oxfordshire,Cherwell,CC,All,1," 8,935 "," 2,328 ",6,26.1%,26.0%,847 ,368 ,125 ,151 ,712 ,119 ,0 
Bartlemas,E58002050,62949,Oxfordshire,Oxford,CC,All,1," 8,970 "," 2,829 ",10,31.5%,31.4%,635 ,65 ,131 ,"1,367 ",136 ,0 ,481 
"Barton, Sandhills & Risinghurst",E58002051,54768,Oxfordshire,Oxford,CC,All,1," 6,418 "," 1,808 ",9,28.2%,28.0%,647 ,205 ,196 ,156 ,448 ,0 ,147 
Benson & Crowmarsh,E58002052,62960,Oxfordshire,South Oxfordshire,CC,All,1," 7,917 "," 3,173 ",6,40.1%,40.0%,73 ,514 ,930 ,"1,070 ",579 ,0 ,0 
Berinsfield & Garsington,E58002053,62961,Oxfordshire,South Oxfordshire,CC,All,1," 5,905 "," 1,914 ",4,32.4%,32.3%,81 ,282 ,258 ,703 ,586 ,0 ,0 
Bicester East,E58002054,62938,Oxfordshire,Cherwell,CC,All,1," 7,403 "," 2,528 ",6,34.1%,34.1%,190 ,728 ,858 ,167 ,578 ,0 ,0 
Bicester North,E58002055,62939,Oxfordshire,Cherwell,CC,All,1," 8,065 "," 2,623 ",4,32.5%,32.5%,204 ,588 ,951 ,183 ,693 ,0 ,0 
Bicester South,E58002056,62940,Oxfordshire,Cherwell,CC,All,1," 6,186 "," 1,809 ",4,29.2%,29.2%,105 ,234 ,946 ,93 ,427 ,0 ,0 
Bicester West,E58002057,62941,Oxfordshire,Cherwell,CC,All,1," 7,793 "," 2,250 ",6,28.9%,28.8%,121 ,248 ,669 ,77 ,469 ,666 ,0 
Brize Norton & Carterton East,E58002058,62989,Oxfordshire,West Oxfordshire,CC,All,1," 7,336 "," 1,965 ",2,26.8%,26.8%,50 ,576 ,661 ,55 ,514 ,91 ,15 
Burford & Carterton West,E58002059,62990,Oxfordshire,West Oxfordshire,CC,All,1," 8,880 "," 3,145 ",11,35.4%,35.3%,109 ,"1,022 ",879 ,120 ,914 ,90 ,0 
Chalgrove & Thame West,E58002060,62962,Oxfordshire,South Oxfordshire,CC,All,1," 7,275 "," 2,716 ",3,37.3%,37.3%,62 ,617 ,"1,222 ",116 ,696 ,0 ,0 
Charlbury & Wychwood,E58002061,62991,Oxfordshire,West Oxfordshire,CC,All,1," 9,133 "," 3,752 ",9,41.1%,41.0%,169 ,769 ,"1,828 ",255 ,722 ,0 ,0 
"Charlton, Ardington & Hendreds",E58002062,62977,Oxfordshire,Vale Of White Horse,CC,All,1," 7,533 "," 2,728 ",6,36.2%,36.1%,101 ,405 ,"1,280 ",408 ,528 ,0 ,0 
Chesterton & Launton,E58002063,62942,Oxfordshire,Cherwell,CC,All,1," 7,535 "," 2,850 ",4,37.8%,37.8%,156 ,806 ,935 ,188 ,760 ,0 ,0 
Chinnor,E58002064,62963,Oxfordshire,South Oxfordshire,CC,All,1," 7,934 "," 3,043 ",5,38.4%,38.3%,52 ,515 ,965 ,780 ,726 ,0 ,0 
Chipping Norton,E58002065,62992,Oxfordshire,West Oxfordshire,CC,All,1," 8,334 "," 2,878 ",3,34.5%,34.5%,965 ,755 ,259 ,228 ,668 ,0 ,0 
Cholsey & The Hagbournes,E58002066,62964,Oxfordshire,South Oxfordshire,CC,All,1," 8,922 "," 3,222 ",4,36.1%,36.1%,169 ,556 ,"1,447 ",277 ,678 ,0 ,90 
Churchill & Lye Valley,E58002067,62950,Oxfordshire,Oxford,CC,All,1," 8,767 "," 2,447 ",16,27.9%,27.7%,834 ,163 ,137 ,253 ,388 ,0 ,657 
Cowley,E58002068,62951,Oxfordshire,Oxford,CC,All,1," 8,868 "," 3,027 ",12,34.1%,34.0%,704 ,65 ,249 ,420 ,224 ,"1,299 ",25 
Cropredy & Hook Norton,E58002069,62943,Oxfordshire,Cherwell,CC,All,1," 8,393 "," 3,915 ",10,46.6%,46.5%,261 ,"1,348 ","1,401 ",154 ,740 ,0 ,0 
Deddington,E58002070,62944,Oxfordshire,Cherwell,CC,All,1," 7,765 "," 3,087 ",10,39.8%,39.6%,273 ,870 ,"1,050 ",249 ,637 ,0 ,0 
Didcot Ladygrove,E58002071,62965,Oxfordshire,South Oxfordshire,CC,All,1," 6,983 "," 2,265 ",7,32.4%,32.3%,181 ,463 ,979 ,203 ,432 ,0 ,0 
Didcot South,E58002072,62966,Oxfordshire,South Oxfordshire,CC,All,1," 8,147 "," 2,623 ",5,32.2%,32.1%,627 ,400 ,550 ,199 ,842 ,0 ,0 
Didcot West,E58002073,62967,Oxfordshire,South Oxfordshire,CC,All,1," 7,244 "," 2,456 ",3,33.9%,33.9%,380 ,"1,192 ",361 ,122 ,401 ,0 ,0 
"Drayton, Sutton Courtenay & Steventon",E58002074,62978,Oxfordshire,Vale Of White Horse,CC,All,1," 8,163 "," 2,740 ",2,33.6%,33.5%,153 ,623 ,"1,157 ",195 ,608 ,0 ,0 
Eynsham,E58002075,62993,Oxfordshire,West Oxfordshire,CC,All,1," 6,475 "," 2,716 ",2,41.9%,41.9%,132 ,614 ,"1,298 ",175 ,495 ,0 ,0 
Faringdon,E58002076,62979,Oxfordshire,Vale Of White Horse,CC,All,1," 7,578 "," 2,652 ",7,35.0%,34.9%,122 ,540 ,"1,261 ",145 ,577 ,0 ,0 
Goring & Woodcote,E58002077,62968,Oxfordshire,South Oxfordshire,CC,All,1," 8,141 "," 3,451 ",2,42.4%,42.4%,61 ,946 ,"1,611 ",245 ,586 ,0 ,0 
Grove,E58002078,62980,Oxfordshire,Vale Of White Horse,CC,All,1," 7,367 "," 2,102 ",5,28.5%,28.5%,122 ,373 ,886 ,123 ,554 ,0 ,39 
Hanborough & Hailey,E58002079,62994,Oxfordshire,West Oxfordshire,CC,All,1," 6,843 "," 2,969 ",7,43.4%,43.3%,89 ,"1,270 ",963 ,126 ,514 ,0 ,0 
"Harwell, Western Valley & Blewbury",E58002080,62981,Oxfordshire,Vale Of White Horse,CC,All,1," 6,421 "," 2,400 ",5,37.4%,37.3%,125 ,546 ,"1,102 ",182 ,439 ,0 ,0 
Headington & Quarry,E58002081,62952,Oxfordshire,Oxford,CC,All,1," 7,938 "," 3,290 ",5,41.4%,41.4%,585 ,80 ,"1,451 ",283 ,194 ,659 ,30 
Henley,E58002082,62969,Oxfordshire,South Oxfordshire,CC,All,1," 7,989 "," 2,964 ",4,37.1%,37.1%,81 ,788 ,0 ,186 ,421 ,0 ,"1,483 "
Isis,E58002083,62953,Oxfordshire,Oxford,CC,All,1," 7,536 "," 2,887 ",17,38.3%,38.1%,"1,346 ",155 ,203 ,842 ,286 ,0 ,33 
Jericho & Osney,E58002084,62954,Oxfordshire,Oxford,CC,All,1," 7,472 "," 2,586 ",17,34.6%,34.4%,"1,131 ",126 ,324 ,817 ,172 ,0 ,0 
Kennington & Radley,E58002085,62982,Oxfordshire,Vale Of White Horse,CC,All,1," 8,788 "," 2,896 ",37,33.0%,32.5%,169 ,748 ,"1,409 ",369 ,0 ,164 ,0 
Kidlington East,E58002086,62945,Oxfordshire,Cherwell,CC,All,1," 7,147 "," 2,579 ",9,36.1%,36.0%,184 ,399 ,403 ,998 ,586 ,0 ,0 
Kidlington North & Otmoor,E58002087,62946,Oxfordshire,Cherwell,CC,All,1," 7,531 "," 3,166 ",8,42.0%,41.9%,163 ,818 ,"1,275 ",183 ,719 ,0 ,0 
Kidlington West,E58002088,62947,Oxfordshire,Cherwell,CC,All,1," 4,899 "," 1,847 ",4,37.7%,37.6%,91 ,393 ,556 ,429 ,373 ,0 ,0 
Kingston & Stanford,E58002089,62983,Oxfordshire,Vale Of White Horse,CC,All,1," 7,610 "," 2,965 ",6,39.0%,38.9%,129 ,"1,166 ",939 ,155 ,570 ,0 ,0 
Leys,E58002090,54775,Oxfordshire,Oxford,CC,All,1," 8,484 "," 1,967 ",11,23.2%,23.1%,753 ,98 ,72 ,109 ,461 ,74 ,384 
Marcham & Cumnor,E58002091,62984,Oxfordshire,Vale Of White Horse,CC,All,1," 6,376 "," 2,251 ",31,35.3%,34.8%,94 ,"1,002 ",946 ,178 ,0 ,0 ,0 
Marston & Northway,E58002092,62955,Oxfordshire,Oxford,CC,All,1," 8,475 "," 3,091 ",6,36.5%,36.4%,"1,091 ",161 ,117 ,509 ,261 ,0 ,943 
North Hinksey,E58002093,62985,Oxfordshire,Vale Of White Horse,CC,All,1," 7,818 "," 2,827 ",14,36.2%,36.0%,182 ,453 ,"1,458 ",250 ,468 ,0 ,0 
Parks,E58002094,62956,Oxfordshire,Oxford,CC,All,1," 5,457 "," 1,503 ",2,27.5%,27.5%,365 ,40 ,71 ,687 ,56 ,0 ,282 
Rose Hill & Littlemore,E58002095,62957,Oxfordshire,Oxford,CC,All,1," 8,859 "," 3,219 ",16,36.3%,36.2%,"1,124 ",81 ,112 ,272 ,373 ,0 ,"1,240 "
Shrivenham,E58002096,62986,Oxfordshire,Vale Of White Horse,CC,All,1," 8,148 "," 3,274 ",8,40.2%,40.1%,103 ,956 ,333 ,"1,050 ",824 ,0 ,0 
Sonning Common & Henley South,E58002097,62970,Oxfordshire,South Oxfordshire,CC,All,1," 7,945 "," 2,905 ",3,36.6%,36.5%,67 ,933 ,"1,209 ",143 ,550 ,0 ,0 
Summertown & Walton Manor,E58002098,62958,Oxfordshire,Oxford,CC,All,1," 8,377 "," 3,738 ",5,44.6%,44.6%,"1,398 ",262 ,"1,215 ",326 ,147 ,0 ,383 
Thame,E58002099,62971,Oxfordshire,South Oxfordshire,CC,All,1," 9,295 "," 3,162 ",5,34.0%,34.0%,89 ,632 ,"1,678 ",207 ,552 ,0 ,0 
Wallingford,E58002100,62972,Oxfordshire,South Oxfordshire,CC,All,1," 7,876 "," 3,185 ",3,40.4%,40.4%,111 ,368 ,806 ,"1,350 ",545 ,0 ,0 
Wantage West,E58002101,62987,Oxfordshire,Vale Of White Horse,CC,All,1," 8,405 "," 2,713 ",7,32.3%,32.2%,134 ,358 ,"1,380 ",211 ,623 ,0 ,0 
Watlington & Rotherfield,E58002102,62973,Oxfordshire,South Oxfordshire,CC,All,1," 7,902 "," 3,204 ",10,40.5%,40.4%,63 ,923 ,"1,000 ",636 ,537 ,0 ,37 
Wheatley,E58002103,62974,Oxfordshire,South Oxfordshire,CC,All,1," 7,073 "," 2,791 ",9,39.5%,39.3%,143 ,608 ,"1,271 ",193 ,564 ,0 ,0 
Witney North & East,E58002104,62995,Oxfordshire,West Oxfordshire,CC,All,1," 8,553 "," 3,654 ",7,42.7%,42.6%,"1,059 ","1,078 ",302 ,497 ,710 ,0 ,0 
Witney South & Central,E58002105,62996,Oxfordshire,West Oxfordshire,CC,All,1," 8,856 "," 2,914 ",5,32.9%,32.8%,992 ,691 ,290 ,177 ,759 ,0 ,0 
Witney West & Ducklington,E58002106,62997,Oxfordshire,West Oxfordshire,CC,All,1," 8,014 "," 2,846 ",7,35.5%,35.4%,225 ,"1,075 ",831 ,94 ,612 ,0 ,0 
Wolvercote & Cutteslowe,E58002107,62959,Oxfordshire,Oxford,CC,All,1," 7,257 "," 3,013 ",8,41.5%,41.4%,307 ,226 ,"1,080 ",317 ,186 ,0 ,886 
Woodstock,E58002108,54808,Oxfordshire,West Oxfordshire,CC,All,1," 8,752 "," 3,383 ",6,38.7%,38.6%,228 ,900 ,"1,517 ",220 ,509 ,0 ,0 
Abbey,E05016011,62410,Shropshire,Shropshire,UC,All,1," 4,589 "," 1,787 ",8,39.2%,38.8%,254 ,241 ,869 ,101 ,322 ,0 ,0 
Albrighton,E05016012,62411,Shropshire,Shropshire,UC,All,1," 3,701 "," 1,352 ",4,36.6%,36.4%,117 ,754 ,116 ,0 ,365 ,0 ,0 
Bagley,E05016013,53883,Shropshire,Shropshire,UC,All,1," 3,769 "," 1,475 ",6,39.3%,39.0%,221 ,197 ,664 ,61 ,332 ,0 ,0 
Battlefield,E05016014,62412,Shropshire,Shropshire,UC,All,1," 3,094 "," 1,034 ",9,33.7%,33.1%,52 ,130 ,282 ,232 ,338 ,0 ,0 
Bayston Hill,E05016015,62413,Shropshire,Shropshire,UC,All,1," 4,115 "," 1,772 ",4,43.2%,43.0%,412 ,119 ,920 ,50 ,271 ,0 ,0 
Belle Vue,E05016016,62414,Shropshire,Shropshire,UC,All,1," 3,420 "," 1,488 ",16,44.1%,43.0%,829 ,151 ,115 ,114 ,279 ,0 ,0 
Bicton Heath,E05016017,62415,Shropshire,Shropshire,UC,All,1," 3,843 "," 1,438 ",10,37.7%,37.2%,176 ,173 ,677 ,57 ,355 ,0 ,0 
Bishop's Castle,E05016018,62416,Shropshire,Shropshire,UC,All,1," 3,175 "," 1,445 ",2,45.6%,45.4%,41 ,115 ,"1,012 ",61 ,216 ,0 ,0 
Bridgnorth Castle,E05016019,62417,Shropshire,Shropshire,UC,All,1," 3,419 "," 1,421 ",4,41.7%,41.4%,302 ,290 ,331 ,44 ,454 ,0 ,0 
Bridgnorth East,E05016020,62418,Shropshire,Shropshire,UC,All,1," 3,629 "," 1,251 ",3,38.4%,34.4%,55 ,195 ,250 ,37 ,539 ,46 ,129 
Bridgnorth South & Alveley,E05016021,62419,Shropshire,Shropshire,UC,All,1," 2,967 "," 1,237 ",3,41.8%,41.6%,23 ,173 ,509 ,24 ,508 ,0 ,0 
Bridgnorth West & Tasley,E05016022,62420,Shropshire,Shropshire,UC,All,1," 3,039 "," 1,190 ",2,39.2%,39.1%,27 ,181 ,202 ,15 ,382 ,383 ,0 
Broseley,E05016023,62421,Shropshire,Shropshire,UC,All,1," 4,009 "," 1,632 ",1,40.8%,40.7%,717 ,146 ,34 ,39 ,557 ,0 ,139 
Brown Clee,E05016024,53892,Shropshire,Shropshire,UC,All,1," 3,283 "," 1,507 ",4,46.0%,45.8%,57 ,534 ,286 ,49 ,581 ,0 ,0 
Burnell,E05016025,62422,Shropshire,Shropshire,UC,All,1," 3,254 "," 1,631 ",5,50.2%,50.0%,31 ,514 ,799 ,28 ,259 ,0 ,0 
Castlefields & Ditherington,E05016026,53894,Shropshire,Shropshire,UC,All,1," 3,443 "," 1,011 ",4,29.5%,29.2%,522 ,59 ,65 ,87 ,225 ,53 ,0 
Cheswardine,E05016027,53895,Shropshire,Shropshire,UC,All,1," 3,450 "," 1,356 ",0,39.3%,39.3%,26 ,405 ,470 ,0 ,455 ,0 ,0 
Chirbury & Worthen,E05016028,62423,Shropshire,Shropshire,UC,All,1," 3,082 "," 1,429 ",3,46.5%,46.3%,20 ,111 ,"1,014 ",21 ,263 ,0 ,0 
Claverley & Worfield,E05016029,62424,Shropshire,Shropshire,UC,All,1," 3,344 "," 1,365 ",2,40.9%,40.8%,24 ,383 ,243 ,25 ,690 ,0 ,0 
Clee,E05016030,62425,Shropshire,Shropshire,UC,All,1," 3,450 "," 1,411 ",2,41.0%,40.8%,37 ,345 ,462 ,61 ,506 ,0 ,0 
Cleobury Mortimer,E05016031,62426,Shropshire,Shropshire,UC,All,1," 3,157 "," 1,243 ",6,39.6%,39.2%,19 ,343 ,408 ,44 ,429 ,0 ,0 
Clun,E05016032,62427,Shropshire,Shropshire,UC,All,1," 3,277 "," 1,605 ",4,49.1%,48.9%,32 ,305 ,861 ,69 ,338 ,0 ,0 
Column & Sutton,E05016033,62428,Shropshire,Shropshire,UC,All,1," 3,120 "," 1,346 ",6,43.4%,42.9%,459 ,329 ,169 ,73 ,316 ,0 ,0 
Copthorne,E05016034,62429,Shropshire,Shropshire,UC,All,1," 3,960 "," 1,699 ",10,43.2%,42.7%,141 ,266 ,913 ,81 ,298 ,0 ,0 
Corvedale,E05016035,62430,Shropshire,Shropshire,UC,All,1," 3,449 "," 1,687 ",3,48.9%,48.8%,52 ,741 ,344 ,127 ,423 ,0 ,0 
Craven Arms,E05016036,62431,Shropshire,Shropshire,UC,All,1," 3,295 "," 1,349 ",4,41.2%,40.8%,39 ,387 ,538 ,69 ,316 ,0 ,0 
Ellesmere Urban,E05016037,53903,Shropshire,Shropshire,UC,All,1," 3,442 "," 1,141 ",4,33.3%,33.0%,23 ,323 ,467 ,0 ,328 ,0 ,0 
Harlescott,E05016038,53904,Shropshire,Shropshire,UC,All,1," 3,240 ", 848 ,4,26.3%,26.0%,136 ,49 ,340 ,35 ,288 ,0 ,0 
Highley,E05016039,62432,Shropshire,Shropshire,UC,All,1," 3,158 "," 1,260 ",0,39.9%,39.9%,22 ,235 ,415 ,21 ,537 ,0 ,30 
Hodnet,E05016040,53906,Shropshire,Shropshire,UC,All,1," 3,157 "," 1,124 ",4,35.7%,35.5%,47 ,313 ,358 ,0 ,406 ,0 ,0 
Llanymynech,E05016041,53907,Shropshire,Shropshire,UC,All,1," 3,494 "," 1,399 ",6,40.2%,39.9%,42 ,320 ,535 ,0 ,502 ,0 ,0 
Longden,E05016042,53908,Shropshire,Shropshire,UC,All,1," 3,444 "," 1,425 ",1,41.4%,41.3%,71 ,184 ,779 ,61 ,330 ,0 ,0 
Loton,E05016043,62433,Shropshire,Shropshire,UC,All,1," 3,508 "," 1,466 ",5,42.0%,41.6%,97 ,659 ,276 ,64 ,370 ,0 ,0 
Ludlow East,E05016044,62434,Shropshire,Shropshire,UC,All,1," 3,306 "," 1,061 ",6,32.3%,31.9%,42 ,97 ,451 ,58 ,331 ,82 ,0 
Ludlow North,E05016045,53911,Shropshire,Shropshire,UC,All,1," 3,175 "," 1,346 ",13,42.8%,42.0%,47 ,196 ,699 ,70 ,334 ,0 ,0 
Ludlow South,E05016046,62435,Shropshire,Shropshire,UC,All,1," 3,085 "," 1,330 ",2,43.4%,43.0%,20 ,89 ,796 ,58 ,367 ,0 ,0 
Market Drayton East & Rural,E05016047,62436,Shropshire,Shropshire,UC,All,1," 3,559 "," 1,215 ",5,34.3%,34.0%,45 ,246 ,502 ,0 ,422 ,0 ,0 
Market Drayton North,E05016048,62437,Shropshire,Shropshire,UC,All,1," 3,737 "," 1,039 ",1,27.9%,27.8%,30 ,199 ,466 ,0 ,344 ,0 ,0 
Market Drayton South,E05016049,62438,Shropshire,Shropshire,UC,All,1," 3,693 "," 1,123 ",3,30.5%,30.3%,64 ,213 ,444 ,0 ,402 ,0 ,0 
Meole,E05016050,62439,Shropshire,Shropshire,UC,All,1," 3,372 "," 1,413 ",2,42.0%,41.8%,127 ,106 ,814 ,65 ,301 ,0 ,0 
Monkmoor,E05016051,62440,Shropshire,Shropshire,UC,All,1," 3,342 "," 1,219 ",12,36.8%,36.1%,255 ,54 ,580 ,36 ,294 ,0 ,0 
Much Wenlock,E05016052,62441,Shropshire,Shropshire,UC,All,1," 3,564 "," 1,662 ",0,46.7%,46.6%,63 ,844 ,388 ,51 ,316 ,0 ,0 
Oswestry North,E05016053,62442,Shropshire,Shropshire,UC,All,1," 3,460 "," 1,115 ",11,32.5%,31.9%,21 ,110 ,416 ,244 ,274 ,0 ,50 
Oswestry North East,E05016054,62443,Shropshire,Shropshire,UC,All,1," 3,050 ", 888 ,8,29.4%,28.9%,19 ,89 ,376 ,65 ,224 ,0 ,115 
Oswestry South,E05016055,53920,Shropshire,Shropshire,UC,All,1," 3,392 "," 1,340 ",10,39.8%,39.2%,24 ,158 ,445 ,467 ,222 ,0 ,24 
Oswestry South East,E05016056,62444,Shropshire,Shropshire,UC,All,1," 3,243 ", 751 ,7,23.4%,22.9%,36 ,88 ,318 ,42 ,216 ,51 ,0 
Oteley & Reabrook,E05016057,62445,Shropshire,Shropshire,UC,All,1," 3,384 "," 1,183 ",0,35.0%,35.0%,243 ,107 ,467 ,34 ,332 ,0 ,0 
Porthill,E05016058,62446,Shropshire,Shropshire,UC,All,1," 3,747 "," 1,507 ",6,40.4%,40.1%,123 ,160 ,255 ,716 ,253 ,0 ,0 
Prees,E05016059,62447,Shropshire,Shropshire,UC,All,1," 3,263 "," 1,322 ",5,40.7%,40.4%,26 ,236 ,563 ,0 ,497 ,0 ,0 
Quarry & Coton Hill,E05016060,62448,Shropshire,Shropshire,UC,All,1," 3,335 "," 1,085 ",7,32.8%,32.3%,133 ,81 ,616 ,69 ,186 ,0 ,0 
Radbrook,E05016061,62449,Shropshire,Shropshire,UC,All,1," 3,564 "," 1,487 ",4,41.8%,41.6%,91 ,224 ,100 ,759 ,313 ,0 ,0 
Rea Valley,E05016062,53916,Shropshire,Shropshire,UC,All,1," 3,501 "," 1,217 ",1,34.8%,34.7%,114 ,491 ,159 ,81 ,372 ,0 ,0 
Ruyton & Baschurch,E05016063,62450,Shropshire,Shropshire,UC,All,1," 3,707 "," 1,555 ",1,42.0%,41.9%,28 ,360 ,769 ,45 ,353 ,0 ,0 
Selattyn & Gobowen,E05016064,62451,Shropshire,Shropshire,UC,All,1," 3,378 "," 1,272 ",1,37.7%,37.6%,17 ,144 ,382 ,488 ,241 ,0 ,0 
Severn Valley,E05016065,62452,Shropshire,Shropshire,UC,All,1," 3,173 "," 1,528 ",1,48.3%,48.1%,406 ,523 ,152 ,52 ,395 ,0 ,0 
Shawbury,E05016066,62453,Shropshire,Shropshire,UC,All,1," 2,996 ", 973 ,2,32.5%,32.4%,26 ,244 ,418 ,0 ,285 ,0 ,0 
Shifnal North,E05016067,62454,Shropshire,Shropshire,UC,All,1," 3,720 "," 1,086 ",1,29.2%,29.2%,119 ,212 ,49 ,0 ,371 ,335 ,0 
Shifnal Rural,E05016068,62455,Shropshire,Shropshire,UC,All,1," 3,425 "," 1,018 ",2,29.8%,29.7%,86 ,356 ,100 ,0 ,400 ,76 ,0 
Shifnal South,E05016069,62456,Shropshire,Shropshire,UC,All,1," 3,621 "," 1,118 ",7,31.1%,30.7%,158 ,336 ,67 ,0 ,331 ,226 ,0 
St Martin's,E05016070,62457,Shropshire,Shropshire,UC,All,2," 6,653 "," 2,317 ",4,34.8%,34.8%,124 ,284 ,526 ,369 ,700 ,0 ,664 
St Oswald,E05016071,62458,Shropshire,Shropshire,UC,All,1," 3,690 "," 1,468 ",7,40.0%,39.6%,29 ,454 ,462 ,168 ,355 ,0 ,0 
"Stottesdon, Kinlet & Hopton Wafers",E05016072,62459,Shropshire,Shropshire,UC,All,1," 3,104 "," 1,371 ",1,44.2%,44.1%,43 ,492 ,194 ,53 ,589 ,0 ,0 
Sundorne & Old Heath,E05016073,62460,Shropshire,Shropshire,UC,All,1," 3,496 ", 917 ,4,26.3%,26.1%,357 ,71 ,72 ,49 ,358 ,0 ,10 
Tern,E05016074,62461,Shropshire,Shropshire,UC,All,1," 3,549 "," 1,525 ",4,43.1%,42.9%,169 ,377 ,393 ,58 ,528 ,0 ,0 
The Meres,E05016075,62462,Shropshire,Shropshire,UC,All,1," 3,174 "," 1,450 ",1,45.7%,45.7%,18 ,248 ,746 ,32 ,406 ,0 ,0 
The Strettons,E05016076,62463,Shropshire,Shropshire,UC,All,1," 3,923 "," 2,008 ",4,51.3%,51.1%,103 ,255 ,695 ,56 ,205 ,694 ,0 
Underdale,E05016077,62464,Shropshire,Shropshire,UC,All,1," 3,425 "," 1,107 ",13,32.7%,31.9%,176 ,77 ,535 ,55 ,264 ,0 ,0 
Wem,E05016078,62465,Shropshire,Shropshire,UC,All,2," 6,787 "," 2,447 ",10,36.1%,35.9%,93 ,631 ,"1,044 ",168 ,709 ,0 ,0 
Whitchurch North,E05016079,62466,Shropshire,Shropshire,UC,All,1," 3,621 "," 1,329 ",2,36.8%,36.6%,39 ,319 ,717 ,0 ,254 ,0 ,0 
Whitchurch South,E05016080,62467,Shropshire,Shropshire,UC,All,1," 2,996 "," 1,039 ",2,34.7%,34.6%,42 ,222 ,392 ,0 ,383 ,0 ,0 
Whitchurch West,E05016081,62468,Shropshire,Shropshire,UC,All,1," 3,400 "," 1,001 ",5,29.6%,29.3%,68 ,267 ,381 ,0 ,285 ,0 ,0 
Whittington,E05016082,62469,Shropshire,Shropshire,UC,All,1," 3,579 "," 1,237 ",2,34.6%,34.5%,21 ,159 ,591 ,33 ,370 ,9 ,54 
Audley & Chesterton,E58001796,62848,Staffordshire,Newcastle-under-Lyme,CC,All,1," 10,563 "," 3,099 ",12,29.5%,29.2%,660 ,503 ,331 ,0 ,"1,605 ",0 ,0 
Biddulph North,E58001797,46477,Staffordshire,Staffordshire Moorlands,CC,All,1," 9,645 "," 3,609 ",17,37.6%,37.2%,295 ,954 ,0 ,122 ,"1,404 ",834 ,0 
Biddulph South & Endon,E58001798,62855,Staffordshire,Staffordshire Moorlands,CC,All,1," 11,886 "," 4,299 ",6,36.2%,36.1%,548 ,"1,369 ",420 ,138 ,"1,824 ",0 ,0 
Bradwell & Porthill,E58001799,62849,Staffordshire,Newcastle-under-Lyme,CC,All,1," 9,365 "," 2,806 ",12,30.1%,29.8%,734 ,378 ,223 ,0 ,"1,471 ",0 ,0 
Brereton & Ravenhill,E58001800,62824,Staffordshire,Cannock Chase,CC,All,1," 8,618 "," 2,444 ",4,28.4%,28.3%,464 ,358 ,0 ,144 ,"1,210 ",268 ,0 
Brewood,E58001801,54907,Staffordshire,South Staffordshire,CC,All,1," 10,396 "," 3,615 ",5,34.8%,34.7%,374 ,"1,331 ",168 ,124 ,"1,618 ",0 ,0 
Burntwood North,E58001802,62841,Staffordshire,Lichfield,CC,All,1," 10,997 "," 3,644 ",8,33.2%,33.1%,721 ,794 ,241 ,0 ,"1,888 ",0 ,0 
Burntwood South,E58001803,62842,Staffordshire,Lichfield,CC,All,1," 10,762 "," 3,020 ",2,28.1%,28.0%,939 ,529 ,145 ,0 ,"1,407 ",0 ,0 
Burton South,E58001804,62832,Staffordshire,East Staffordshire,CC,All,1," 8,963 "," 2,242 ",7,25.1%,24.9%,423 ,551 ,0 ,206 ,"1,062 ",0 ,0 
Burton Tower,E58001805,62833,Staffordshire,East Staffordshire,CC,All,1," 10,989 "," 3,509 ",9,32.0%,31.9%,652 ,"1,376 ",173 ,169 ,"1,139 ",0 ,0 
Burton Town,E58001806,62834,Staffordshire,East Staffordshire,CC,All,1," 11,745 "," 1,938 ",7,16.6%,16.4%,672 ,320 ,0 ,261 ,685 ,0 ,0 
Burton Trent,E58001807,62835,Staffordshire,East Staffordshire,CC,All,1," 9,986 "," 2,451 ",7,24.6%,24.5%,"1,021 ",377 ,143 ,144 ,766 ,0 ,0 
Cannock Town,E58001808,62825,Staffordshire,Cannock Chase,CC,All,1," 11,520 "," 3,852 ",5,33.5%,33.4%,580 ,942 ,0 ,318 ,"1,982 ",0 ,30 
Caverswall,E58001809,46479,Staffordshire,Staffordshire Moorlands,CC,All,1," 10,941 "," 4,035 ",4,36.9%,36.8%,306 ,"1,539 ",120 ,133 ,"1,711 ",226 ,0 
Chadsmoor,E58001810,62826,Staffordshire,Cannock Chase,CC,All,1," 10,783 "," 3,264 ",5,30.3%,30.2%,512 ,436 ,102 ,161 ,"2,053 ",0 ,0 
Cheadle & Checkley,E58001811,46480,Staffordshire,Staffordshire Moorlands,CC,All,1," 11,243 "," 4,325 ",8,38.5%,38.4%,490 ,"1,448 ",0 ,190 ,"1,650 ",547 ,0 
"Cheslyn Hay Village, Featherstone & Shareshill",E58001812,62861,Staffordshire,South Staffordshire,CC,All,1," 10,835 "," 3,332 ",8,30.8%,30.7%,409 ,"1,020 ",104 ,114 ,"1,685 ",0 ,0 
Churnet Valley,E58001813,62856,Staffordshire,Staffordshire Moorlands,CC,All,1," 11,034 "," 4,060 ",5,36.8%,36.8%,439 ,"1,133 ",157 ,244 ,"1,882 ",205 ,0 
Codsall,E58001814,46463,Staffordshire,South Staffordshire,CC,All,1," 10,178 "," 3,218 ",3,31.7%,31.6%,250 ,"1,317 ",279 ,281 ,"1,067 ",24 ,0 
Dove,E58001815,62836,Staffordshire,East Staffordshire,CC,All,1," 9,286 "," 3,235 ",7,34.9%,34.8%,376 ,"1,414 ",0 ,364 ,"1,081 ",0 ,0 
Eccleshall & Gnosall,E58001816,62863,Staffordshire,Stafford,CC,All,1," 10,941 "," 4,533 ",7,41.5%,41.4%,342 ,"1,557 ",187 ,863 ,"1,584 ",0 ,0 
Etching Hill & The Heath,E58001817,62827,Staffordshire,Cannock Chase,CC,All,1," 10,231 "," 3,313 ",8,32.5%,32.3%,497 ,915 ,0 ,188 ,"1,525 ",188 ,0 
Great Wyrley & Essington,E58001818,62862,Staffordshire,South Staffordshire,CC,All,1," 11,763 "," 3,383 ",4,28.8%,28.7%,380 ,"1,068 ",118 ,138 ,"1,679 ",0 ,0 
"Hawks Green, Rawnsley & Cannock Wood",E58001819,62828,Staffordshire,Cannock Chase,CC,All,1," 11,968 "," 4,176 ",6,34.9%,34.8%,286 ,789 ,94 ,964 ,"1,973 ",0 ,70 
Hednesford North,E58001820,62829,Staffordshire,Cannock Chase,CC,All,1," 12,015 "," 3,580 ",7,29.8%,29.7%,423 ,348 ,0 ,754 ,"2,019 ",36 ,0 
Kidsgrove,E58001821,62850,Staffordshire,Newcastle-under-Lyme,CC,All,1," 11,249 "," 3,503 ",12,31.2%,31.0%,787 ,739 ,0 ,0 ,"1,878 ",0 ,99 
Kinver,E58001822,54888,Staffordshire,South Staffordshire,CC,All,1," 10,757 "," 4,002 ",9,37.3%,37.1%,294 ,"1,804 ",240 ,150 ,"1,483 ",31 ,0 
Leek Rural,E58001823,62857,Staffordshire,Staffordshire Moorlands,CC,All,1," 10,728 "," 4,479 ",5,41.8%,41.7%,287 ,965 ,0 ,554 ,"1,887 ",786 ,0 
Leek South,E58001824,62858,Staffordshire,Staffordshire Moorlands,CC,All,1," 11,579 "," 4,534 ",7,39.2%,39.1%,"1,384 ","1,319 ",112 ,209 ,"1,452 ",51 ,0 
Lichfield City North,E58001825,62843,Staffordshire,Lichfield,CC,All,1," 11,651 "," 3,705 ",9,31.9%,31.7%,941 ,821 ,436 ,247 ,"1,260 ",0 ,0 
Lichfield City South,E58001826,62844,Staffordshire,Lichfield,CC,All,1," 11,200 "," 3,815 ",3,34.1%,34.0%,862 ,"1,109 ",587 ,255 ,"1,002 ",0 ,0 
Lichfield Rural East,E58001827,62845,Staffordshire,Lichfield,CC,All,1," 8,759 "," 3,087 ",15,35.2%,35.1%,357 ,958 ,575 ,0 ,"1,197 ",0 ,0 
Lichfield Rural North,E58001828,62846,Staffordshire,Lichfield,CC,All,1," 8,675 "," 2,934 ",7,33.9%,33.7%,719 ,964 ,944 ,0 ,307 ,0 ,0 
Lichfield Rural South,E58001829,62847,Staffordshire,Lichfield,CC,All,1," 12,143 "," 4,301 ",9,35.5%,35.3%,500 ,"1,825 ",232 ,0 ,"1,744 ",0 ,0 
Lichfield Rural West,E58001830,54879,Staffordshire,Lichfield,CC,All,1," 10,888 "," 3,768 ",2,34.6%,34.6%,397 ,"1,455 ",146 ,184 ,"1,586 ",0 ,0 
May Bank & Wolstanton,E58001831,62851,Staffordshire,Newcastle-under-Lyme,CC,All,1," 10,095 "," 3,225 ",5,32.0%,31.9%,797 ,966 ,187 ,0 ,"1,142 ",133 ,0 
Needwood Forest,E58001832,62837,Staffordshire,East Staffordshire,CC,All,1," 10,000 "," 3,514 ",7,35.2%,35.1%,447 ,"1,312 ",303 ,171 ,"1,281 ",0 ,0 
Newcastle Rural,E58001833,46458,Staffordshire,Newcastle-under-Lyme,CC,All,1," 10,384 "," 3,757 ",12,36.3%,36.1%,564 ,"1,217 ",284 ,195 ,"1,497 ",0 ,0 
Newcastle South,E58001834,62852,Staffordshire,Newcastle-under-Lyme,CC,All,1," 10,270 "," 3,208 ",14,31.4%,31.1%,810 ,924 ,236 ,0 ,"1,238 ",0 ,0 
"Norton Canes, Heath Hayes & Wimblebury",E58001835,62830,Staffordshire,Cannock Chase,CC,All,1," 12,191 "," 3,708 ",13,30.5%,30.3%,577 ,685 ,0 ,196 ,"2,250 ",0 ,0 
Penkridge,E58001836,54889,Staffordshire,South Staffordshire,CC,All,1," 11,459 "," 3,824 ",7,33.4%,33.3%,212 ,859 ,"1,216 ",99 ,"1,438 ",0 ,0 
Perrycrofts,E58001837,62872,Staffordshire,Tamworth,CC,All,1," 11,888 "," 4,350 ",4,36.6%,36.6%,588 ,"1,037 ",0 ,160 ,"1,517 ","1,021 ",27 
Perton,E58001838,46466,Staffordshire,South Staffordshire,CC,All,1," 9,629 "," 3,078 ",2,32.0%,31.9%,205 ,"1,031 ",100 ,131 ,"1,084 ",527 ,0 
Silverdale & Knutton,E58001839,62853,Staffordshire,Newcastle-under-Lyme,CC,All,1," 10,427 "," 2,650 ",13,25.5%,25.3%,720 ,368 ,218 ,0 ,"1,344 ",0 ,0 
Stafford Central,E58001840,62864,Staffordshire,Stafford,CC,All,1," 12,197 "," 3,199 ",9,26.3%,26.2%,"1,002 ",598 ,214 ,305 ,"1,080 ",0 ,0 
Stafford North,E58001841,62865,Staffordshire,Stafford,CC,All,1," 11,585 "," 3,367 ",2,29.1%,29.0%,793 ,"1,011 ",216 ,250 ,"1,058 ",0 ,39 
Stafford South East,E58001842,62866,Staffordshire,Stafford,CC,All,1," 12,580 "," 4,740 ",9,37.8%,37.6%,869 ,"2,137 ",144 ,258 ,"1,332 ",0 ,0 
Stafford South West,E58001843,62867,Staffordshire,Stafford,CC,All,1," 11,629 "," 3,181 ",5,27.4%,27.3%,832 ,679 ,198 ,283 ,"1,189 ",0 ,0 
Stafford Trent Valley,E58001844,62868,Staffordshire,Stafford,CC,All,1," 11,446 "," 4,156 ",8,36.4%,36.2%,421 ,"1,252 ",202 ,0 ,"1,273 ",0 ,"1,008 "
Stafford West & Rural,E58001845,62869,Staffordshire,Stafford,CC,All,1," 9,940 "," 3,723 ",4,37.5%,37.4%,320 ,884 ,106 ,"1,297 ","1,116 ",0 ,0 
Stone Rural North,E58001846,62870,Staffordshire,Stafford,CC,All,1," 12,011 "," 4,226 ",7,35.2%,35.1%,360 ,930 ,"1,172 ",0 ,"1,461 ",303 ,0 
Stone Urban,E58001847,62871,Staffordshire,Stafford,CC,All,1," 12,276 "," 3,744 ",6,30.5%,30.4%,470 ,470 ,0 ,0 ,"1,215 ",0 ,"1,589 "
Stretton,E58001848,62838,Staffordshire,East Staffordshire,CC,All,1," 11,630 "," 3,103 ",4,26.7%,26.6%,605 ,938 ,206 ,140 ,"1,214 ",0 ,0 
Talke & Red Street,E58001849,54886,Staffordshire,Newcastle-under-Lyme,CC,All,1," 11,236 "," 3,426 ",12,30.6%,30.4%,776 ,464 ,215 ,0 ,"1,971 ",0 ,0 
The Cotes/Two Rivers,E58001850,62873,Staffordshire,Tamworth,CC,All,1," 12,435 "," 3,911 ",7,31.5%,31.4%,806 ,788 ,0 ,232 ,"1,972 ",0 ,113 
The Heaths,E58001851,62874,Staffordshire,Tamworth,CC,All,1," 11,775 "," 3,659 ",11,31.2%,31.0%,595 ,746 ,0 ,233 ,"2,020 ",0 ,65 
Uttoxeter Rural,E58001852,62839,Staffordshire,East Staffordshire,CC,All,1," 8,978 "," 3,692 ",4,41.2%,41.1%,357 ,"1,407 ",0 ,496 ,"1,432 ",0 ,0 
Uttoxeter Town,E58001853,62840,Staffordshire,East Staffordshire,CC,All,1," 10,898 "," 3,456 ",6,31.8%,31.7%,701 ,933 ,0 ,330 ,"1,492 ",0 ,0 
Watling,E58001854,62875,Staffordshire,Tamworth,CC,All,1," 12,369 "," 3,870 ",27,31.5%,31.1%,702 ,"1,004 ",0 ,0 ,"2,164 ",0 ,0 
"Westlands, Thistleberry & Keele",E58001855,62854,Staffordshire,Newcastle-under-Lyme,CC,All,1," 9,322 "," 3,519 ",9,37.8%,37.7%,571 ,"1,757 ",284 ,0 ,907 ,0 ,0 
Wilnecote,E58001856,62876,Staffordshire,Tamworth,CC,All,1," 12,013 "," 3,616 ",16,30.3%,30.0%,736 ,840 ,0 ,0 ,"1,934 ",0 ,106 
Wombourne,E58001857,54890,Staffordshire,South Staffordshire,CC,All,1," 11,352 "," 3,742 ",12,33.1%,32.9%,343 ,"1,303 ",132 ,213 ,"1,751 ",0 ,0 
Admirals & Cawston,E58001542,56990,Warwickshire,Rugby,CC,All,1," 9,387 "," 3,127 ",10,33.3%,33.2%,727 ,"1,113 ",242 ,207 ,828 ,0 ,0 
Alcester,E58001543,57000,Warwickshire,Stratford On Avon,CC,All,1," 8,290 "," 3,418 ",2,41.2%,41.2%,381 ,820 ,"1,196 ",119 ,898 ,0 ,0 
Arbury,E58001544,56977,Warwickshire,Nuneaton & Bedworth,CC,All,1," 7,133 "," 2,122 ",2,29.8%,29.7%,378 ,449 ,121 ,0 ,"1,118 ",0 ,54 
Arden,E58001545,57001,Warwickshire,Stratford On Avon,CC,All,1," 8,430 "," 3,417 ",1,40.5%,40.5%,90 ,988 ,917 ,147 ,"1,273 ",0 ,0 
Atherstone,E58001546,56970,Warwickshire,North Warwickshire,CC,All,1," 6,857 "," 2,201 ",4,32.1%,32.0%,434 ,683 ,38 ,86 ,956 ,0 ,0 
Attleborough,E58001547,56978,Warwickshire,Nuneaton & Bedworth,CC,All,1," 7,474 "," 2,117 ",1,28.3%,28.3%,367 ,376 ,102 ,153 ,"1,014 ",0 ,104 
Baddesley & Dordon,E58001548,56971,Warwickshire,North Warwickshire,CC,All,1," 7,980 "," 1,192 ",3,32.9%,14.9%,549 ,796 ,83 ,0 ,"1,192 ",0 ,0 
Bedworth Central,E58001549,56979,Warwickshire,Nuneaton & Bedworth,CC,All,1," 7,255 "," 2,519 ",3,34.7%,34.7%,421 ,346 ,126 ,0 ,"1,563 ",0 ,60 
Bedworth East,E58001550,56980,Warwickshire,Nuneaton & Bedworth,CC,All,1," 7,460 "," 2,222 ",4,29.8%,29.7%,472 ,405 ,68 ,169 ,"1,083 ",0 ,21 
Bedworth North,E58001551,56981,Warwickshire,Nuneaton & Bedworth,CC,All,1," 7,174 "," 2,451 ",7,34.2%,34.1%,372 ,743 ,98 ,0 ,"1,191 ",0 ,40 
Bedworth West,E58001552,56982,Warwickshire,Nuneaton & Bedworth,CC,All,1," 7,489 "," 2,220 ",3,29.6%,29.6%,344 ,556 ,53 ,141 ,"1,097 ",0 ,26 
Benn,E58001553,56991,Warwickshire,Rugby,CC,All,1," 8,494 "," 1,984 ",4,23.4%,23.3%,842 ,272 ,136 ,259 ,471 ,0 ,0 
Bidford & Welford,E58001554,57002,Warwickshire,Stratford On Avon,CC,All,1," 11,124 "," 3,878 ",5,34.9%,34.8%,127 ,873 ,"1,356 ",177 ,"1,340 ",0 ,0 
Bilton & Hillside,E58001555,56992,Warwickshire,Rugby,CC,All,1," 7,522 "," 3,187 ",8,42.4%,42.3%,327 ,905 ,"1,183 ",0 ,764 ,0 ,0 
Brownsover & Coton Park,E58001556,56993,Warwickshire,Rugby,CC,All,1," 8,053 "," 2,529 ",9,31.4%,31.3%,816 ,715 ,265 ,0 ,724 ,0 ,0 
Budbrooke & Bishop's Tachbrook,E58001557,57012,Warwickshire,Warwick,CC,All,1," 11,263 "," 4,150 ",8,36.9%,36.8%,"1,060 ","1,386 ",341 ,343 ,"1,010 ",0 ,0 
Bulkington & Whitestone,E58001558,56983,Warwickshire,Nuneaton & Bedworth,CC,All,1," 7,875 "," 3,039 ",7,38.6%,38.5%,349 ,"1,185 ",101 ,164 ,"1,215 ",0 ,18 
Camp Hill,E58001559,56984,Warwickshire,Nuneaton & Bedworth,CC,All,1," 8,180 "," 1,941 ",6,23.7%,23.7%,357 ,294 ,75 ,246 ,947 ,0 ,16 
Coleshill North & Water Orton,E58001560,56972,Warwickshire,North Warwickshire,CC,All,1," 6,396 "," 2,117 ",2,33.1%,33.1%,150 ,298 ,28 ,39 ,845 ,733 ,0 
Coleshill South & Arley,E58001561,56973,Warwickshire,North Warwickshire,CC,All,1," 7,118 "," 2,467 ",4,34.7%,34.6%,338 ,635 ,73 ,154 ,"1,263 ",0 ,0 
Cubbington & Leek Wootton,E58001562,57013,Warwickshire,Warwick,CC,All,1," 7,738 "," 2,869 ",4,37.1%,37.0%,198 ,624 ,805 ,463 ,629 ,146 ,0 
Dunsmore & Leam Valley,E58001563,56994,Warwickshire,Rugby,CC,All,1," 9,473 "," 3,677 ",10,38.8%,38.7%,246 ,"1,177 ",997 ,213 ,"1,034 ",0 ,0 
Earl Craven,E58001564,56995,Warwickshire,Rugby,CC,All,1," 8,254 "," 2,854 ",6,34.6%,34.5%,563 ,915 ,185 ,225 ,960 ,0 ,0 
Eastlands,E58001565,56996,Warwickshire,Rugby,CC,All,1," 7,738 "," 2,696 ",4,34.8%,34.8%,281 ,274 ,"1,293 ",148 ,697 ,0 ,0 
Feldon,E58001566,57003,Warwickshire,Stratford On Avon,CC,All,1," 9,119 "," 3,398 ",5,37.3%,37.2%,192 ,"1,133 ","1,126 ",159 ,783 ,0 ,0 
Fosse,E58001567,56997,Warwickshire,Rugby,CC,All,1," 9,606 "," 3,823 ",7,39.8%,39.7%,451 ,"1,794 ",215 ,224 ,"1,132 ",0 ,0 
Galley Common,E58001568,56985,Warwickshire,Nuneaton & Bedworth,CC,All,1," 8,657 "," 2,461 ",5,28.4%,28.4%,369 ,449 ,119 ,200 ,"1,289 ",0 ,30 
Hartshill & Mancetter,E58001569,56974,Warwickshire,North Warwickshire,CC,All,1," 7,402 "," 2,427 ",12,32.8%,32.6%,577 ,469 ,104 ,0 ,"1,210 ",0 ,55 
Hillmorton,E58001570,56998,Warwickshire,Rugby,CC,All,1," 9,597 "," 3,141 ",11,32.7%,32.6%,580 ,"1,257 ",424 ,0 ,834 ,0 ,33 
Kenilworth Park Hill,E58001571,57014,Warwickshire,Warwick,CC,All,1," 7,904 "," 3,110 ",10,39.4%,39.2%,141 ,794 ,268 ,"1,365 ",485 ,47 ,0 
Kenilworth St. John's,E58001572,57015,Warwickshire,Warwick,CC,All,1," 7,882 "," 3,502 ",5,44.4%,44.4%,260 ,730 ,"1,352 ",638 ,513 ,0 ,0 
Kineton & Red Horse,E58001573,57004,Warwickshire,Stratford On Avon,CC,All,1," 8,078 "," 3,100 ",4,38.4%,38.3%,183 ,"1,404 ",359 ,351 ,799 ,0 ,0 
Kingsbury,E58001574,56975,Warwickshire,North Warwickshire,CC,All,1," 6,798 "," 2,456 ",5,36.1%,36.1%,252 ,917 ,108 ,0 ,"1,174 ",0 ,0 
Lapworth & West Kenilworth,E58001575,57016,Warwickshire,Warwick,CC,All,1," 8,096 "," 2,966 ",7,36.6%,36.5%,86 ,907 ,340 ,"1,032 ",594 ,0 ,0 
Leamington Brunswick,E58001576,57017,Warwickshire,Warwick,CC,All,1," 8,064 "," 2,083 ",1,25.8%,25.8%,287 ,101 ,53 ,"1,273 ",370 ,0 ,0 
Leamington Clarendon,E58001577,57018,Warwickshire,Warwick,CC,All,1," 7,411 "," 2,487 ",4,33.6%,33.5%,749 ,252 ,777 ,301 ,352 ,13 ,40 
Leamington Milverton,E58001578,57019,Warwickshire,Warwick,CC,All,1," 6,759 "," 2,740 ",7,40.5%,40.4%,324 ,287 ,"1,461 ",279 ,379 ,0 ,0 
Leamington North,E58001579,57020,Warwickshire,Warwick,CC,All,1," 8,328 "," 3,140 ",3,37.7%,37.7%,276 ,241 ,"1,579 ",346 ,694 ,0 ,0 
Leamington Willes,E58001580,46600,Warwickshire,Warwick,CC,All,1," 7,708 "," 2,430 ",14,31.5%,31.3%,384 ,116 ,58 ,"1,506 ",352 ,0 ,0 
New Bilton & Overslade,E58001581,56999,Warwickshire,Rugby,CC,All,1," 7,218 "," 1,362 ",5,27.8%,18.8%,573 ,286 ,327 ,172 ,641 ,0 ,0 
Nuneaton Abbey,E58001582,56986,Warwickshire,Nuneaton & Bedworth,CC,All,1," 7,757 "," 2,021 ",9,26.1%,25.9%,572 ,254 ,67 ,240 ,654 ,0 ,225 
Nuneaton East,E58001583,56987,Warwickshire,Nuneaton & Bedworth,CC,All,1," 9,051 "," 3,126 ",6,34.5%,34.5%,299 ,955 ,119 ,465 ,"1,269 ",0 ,13 
Polesworth,E58001584,46558,Warwickshire,North Warwickshire,CC,All,1," 7,514 "," 2,446 ",5,32.6%,32.5%,400 ,583 ,95 ,0 ,"1,151 ",212 ,0 
Shipston,E58001585,46587,Warwickshire,Stratford On Avon,CC,All,1," 8,363 "," 3,543 ",4,42.4%,42.3%,108 ,"1,325 ",384 ,899 ,823 ,0 ,0 
"Southam, Stockton & Napton",E58001586,46588,Warwickshire,Stratford On Avon,CC,All,1," 8,861 "," 2,966 ",4,33.5%,33.4%,151 ,"1,780 ",201 ,261 ,569 ,0 ,0 
Stockingford,E58001587,56988,Warwickshire,Nuneaton & Bedworth,CC,All,1," 7,254 "," 1,949 ",6,26.9%,26.8%,366 ,308 ,50 ,161 ,"1,036 ",0 ,22 
Stour & the Vale,E58001588,57006,Warwickshire,Stratford On Avon,CC,All,1," 7,066 "," 3,045 ",1,43.1%,43.1%,67 ,961 ,"1,129 ",127 ,760 ,0 ,0 
Stratford North,E58001589,57007,Warwickshire,Stratford On Avon,CC,All,1," 8,108 "," 2,947 ",5,36.4%,36.3%,148 ,"1,027 ","1,118 ",117 ,532 ,0 ,0 
Stratford South,E58001590,57008,Warwickshire,Stratford On Avon,CC,All,1," 8,733 "," 3,628 ",11,41.5%,41.4%,111 ,443 ,"2,181 ",95 ,786 ,0 ,0 
Stratford West,E58001591,57009,Warwickshire,Stratford On Avon,CC,All,1," 7,413 "," 2,738 ",7,36.9%,36.8%,140 ,519 ,"1,259 ",135 ,678 ,0 ,0 
Studley,E58001592,57010,Warwickshire,Stratford On Avon,CC,All,1," 7,230 "," 2,660 ",3,36.8%,36.7%,91 ,828 ,768 ,99 ,871 ,0 ,0 
Warwick North,E58001593,57021,Warwickshire,Warwick,CC,All,1," 7,009 "," 2,712 ",6,38.7%,38.6%,378 ,381 ,75 ,"1,254 ",615 ,0 ,0 
Warwick South,E58001594,57022,Warwickshire,Warwick,CC,All,1," 8,982 "," 3,558 ",12,39.6%,39.5%,459 ,664 ,143 ,"1,627 ",653 ,0 ,0 
Warwick West,E58001595,20565,Warwickshire,Warwick,CC,All,1," 9,120 "," 3,086 ",6,33.8%,33.8%,"1,161 ",523 ,200 ,337 ,859 ,0 ,0 
Weddington,E58001596,56989,Warwickshire,Nuneaton & Bedworth,CC,All,1," 9,944 "," 3,834 ",6,38.6%,38.5%,215 ,732 ,81 ,"1,715 ","1,070 ",0 ,15 
Wellesbourne,E58001597,57011,Warwickshire,Stratford On Avon,CC,All,1," 8,747 "," 3,496 ",7,40.0%,39.9%,105 ,962 ,"1,499 ",158 ,764 ,0 ,0 
Whitnash,E58001598,57023,Warwickshire,Warwick,CC,All,1," 7,517 "," 2,210 ",3,29.4%,29.4%,263 ,192 ,63 ,279 ,439 ,0 ,971 
Abington & Phippsville,E05015976,62273,West Northamptonshire,West Northamptonshire,UC,All,2," 8,792 "," 2,332 ",13,26.5%,26.4%,958 ,303 ,221 ,274 ,532 ,0 ,51 
Billing,E05015977,62274,West Northamptonshire,West Northamptonshire,UC,All,2," 7,643 "," 2,316 ",5,30.3%,30.2%,394 ,656 ,167 ,205 ,875 ,658 ,0 
Blackthorn & Rectory Farm,E05015978,62275,West Northamptonshire,West Northamptonshire,UC,All,2," 7,362 "," 1,940 ",10,26.4%,26.2%,633 ,420 ,183 ,197 ,642 ,0 ,0 
Brackley,E05015979,59692,West Northamptonshire,West Northamptonshire,UC,All,3," 12,256 "," 3,890 ",15,31.7%,31.6%,844 ,"1,179 ",514 ,380 ,"1,245 ",343 ,0 
Braunston & Crick,E05015980,62276,West Northamptonshire,West Northamptonshire,UC,All,2," 8,641 "," 3,853 ",12,44.6%,44.5%,200 ,845 ,"1,676 ",219 ,"1,135 ",79 ,0 
Brixworth,E05015981,62277,West Northamptonshire,West Northamptonshire,UC,All,1," 4,275 "," 1,855 ",3,43.4%,43.3%,72 ,235 ,"1,131 ",32 ,385 ,0 ,0 
Campion,E05015982,62278,West Northamptonshire,West Northamptonshire,UC,All,2," 7,765 "," 2,961 ",3,38.1%,38.1%,461 ,"1,066 ",204 ,343 ,963 ,175 ,0 
Castle,E05015983,62279,West Northamptonshire,West Northamptonshire,UC,All,3," 12,829 "," 2,377 ",16,18.5%,18.4%,924 ,352 ,312 ,482 ,525 ,181 ,214 
Cogenhoe & The Houghtons,E05015984,62280,West Northamptonshire,West Northamptonshire,UC,All,1," 3,869 "," 1,574 ",1,40.7%,40.7%,174 ,720 ,136 ,106 ,437 ,0 ,0 
Dallington Spencer,E05015985,62281,West Northamptonshire,West Northamptonshire,UC,All,3," 12,586 "," 2,969 ",8,23.6%,23.5%,"1,087 ",370 ,293 ,369 ,966 ,169 ,157 
Daventry North East,E05015986,62282,West Northamptonshire,West Northamptonshire,UC,All,1," 3,214 ", 915 ,2,28.5%,28.4%,130 ,333 ,71 ,50 ,329 ,0 ,0 
Daventry North West,E05015987,62283,West Northamptonshire,West Northamptonshire,UC,All,1," 4,046 "," 1,224 ",3,30.3%,30.2%,101 ,170 ,417 ,43 ,435 ,55 ,0 
Daventry South,E05015988,62284,West Northamptonshire,West Northamptonshire,UC,All,3," 12,919 "," 3,719 ",5,28.8%,28.7%,974 ,718 ,281 ,317 ,"1,467 ",722 ,0 
Deanshanger & Paulerspury,E05015989,62285,West Northamptonshire,West Northamptonshire,UC,All,2," 8,965 "," 3,397 ",4,37.9%,37.8%,859 ,865 ,271 ,306 ,903 ,0 ,"1,078 "
Duston,E05015990,62286,West Northamptonshire,West Northamptonshire,UC,All,3," 12,732 "," 4,390 ",25,34.5%,34.3%,935 ,"1,293 ",490 ,607 ,"1,734 ",285 ,0 
"Far Cotton, Delapre & Briar Hill",E05015991,62287,West Northamptonshire,West Northamptonshire,UC,All,3," 10,680 "," 2,747 ",8,25.7%,25.6%,521 ,467 ,249 ,303 ,807 ,"1,332 ",92 
Hackleton & Roade,E05015992,62288,West Northamptonshire,West Northamptonshire,UC,All,2," 8,820 "," 3,139 ",7,35.6%,35.5%,443 ,"1,095 ",444 ,388 ,"1,063 ",0 ,0 
Headlands,E05015993,62289,West Northamptonshire,West Northamptonshire,UC,All,3," 13,448 "," 4,250 ",56,31.6%,31.2%,"1,106 ",788 ,367 ,518 ,"1,316 ",450 ,0 
Hunsbury,E05015994,62290,West Northamptonshire,West Northamptonshire,UC,All,3," 11,803 "," 3,988 ",4,33.8%,33.8%,494 ,"1,332 ",874 ,303 ,"1,249 ",0 ,0 
Kingsley & Semilong,E05015995,62291,West Northamptonshire,West Northamptonshire,UC,All,2," 8,594 "," 1,836 ",12,21.4%,21.2%,557 ,278 ,171 ,228 ,577 ,0 ,37 
Kingsthorpe North,E05015996,62292,West Northamptonshire,West Northamptonshire,UC,All,3," 11,724 "," 4,323 ",9,36.9%,36.8%,660 ,970 ,"1,002 ",565 ,"1,588 ",85 ,0 
Kingsthorpe South,E05015997,62293,West Northamptonshire,West Northamptonshire,UC,All,2," 8,058 "," 1,942 ",5,24.1%,24.0%,624 ,324 ,161 ,197 ,658 ,70 ,0 
Long Buckby,E05015998,62294,West Northamptonshire,West Northamptonshire,UC,All,2," 7,338 "," 3,023 ",1,41.2%,41.2%,540 ,"1,384 ",249 ,300 ,856 ,0 ,0 
Middleton Cheney,E05015999,62295,West Northamptonshire,West Northamptonshire,UC,All,2," 8,423 "," 3,044 ",10,36.1%,36.0%,306 ,"1,121 ",428 ,378 ,884 ,316 ,0 
Moulton,E05016000,62296,West Northamptonshire,West Northamptonshire,UC,All,3," 10,308 "," 3,395 ",4,32.9%,32.9%,626 ,"1,037 ",440 ,435 ,"1,247 ",0 ,0 
Naseby,E05016001,62297,West Northamptonshire,West Northamptonshire,UC,All,1," 4,644 "," 2,077 ",1,44.7%,44.7%,133 ,600 ,672 ,84 ,587 ,0 ,0 
Nene Valley,E05016002,62298,West Northamptonshire,West Northamptonshire,UC,All,3," 11,931 "," 3,385 ",5,28.4%,28.3%,666 ,918 ,427 ,427 ,"1,242 ",0 ,0 
Parklands,E05016003,62299,West Northamptonshire,West Northamptonshire,UC,All,1," 3,810 "," 1,419 ",3,37.2%,37.2%,185 ,531 ,63 ,78 ,559 ,0 ,0 
Rural North East,E05016004,62300,West Northamptonshire,West Northamptonshire,UC,All,1," 3,959 "," 1,774 ",2,44.8%,44.8%,129 ,663 ,420 ,109 ,450 ,0 ,0 
Rural South Northamptonshire,E05016005,62301,West Northamptonshire,West Northamptonshire,UC,All,3," 11,655 "," 4,767 ",5,40.9%,40.9%,767 ,"1,985 ",813 ,885 ,"1,481 ",238 ,0 
Talavera,E05016006,62302,West Northamptonshire,West Northamptonshire,UC,All,2," 7,968 "," 3,622 ",6,45.5%,45.4%,553 ,294 ,191 ,188 ,651 ,0 ,29 
Towcester,E05016007,62303,West Northamptonshire,West Northamptonshire,UC,All,3," 11,658 "," 3,771 ",3,32.3%,32.3%,471 ,912 ,"1,475 ",305 ,"1,130 ",0 ,0 
Upton,E05016008,62304,West Northamptonshire,West Northamptonshire,UC,All,2," 7,981 "," 4,102 ",9,51.4%,51.3%,530 ,430 ,213 ,256 ,625 ,300 ,0 
Weston Favell & Abington Vale,E05016009,62305,West Northamptonshire,West Northamptonshire,UC,All,2," 8,104 "," 3,044 ",14,37.3%,37.4%,834 ,"1,007 ",294 ,244 ,814 ,0 ,0 
Woodford & Weedon,E05016010,62306,West Northamptonshire,West Northamptonshire,UC,All,2," 8,811 "," 3,433 ",7,39.0%,38.9%,241 ,"1,105 ",232 ,962 ,"1,010 ",0 ,0 
Aldbourne & Ramsbury,E05013398,59180,Wiltshire,Wiltshire,UC,All,1," 4,459 "," 1,706 ",5,38.3%,38.1%,0 ,723 ,392 ,176 ,410 ,0 ,0 
Alderbury & Whiteparish,E05013399,59181,Wiltshire,Wiltshire,UC,All,1," 4,630 "," 1,725 ",2,37.3%,37.2%,122 ,774 ,254 ,228 ,345 ,0 ,0 
Amesbury East & Bulford,E05013400,59267,Wiltshire,Wiltshire,UC,All,1," 4,322 ", 988 ,3,22.9%,22.8%,0 ,316 ,132 ,0 ,470 ,68 ,0 
Amesbury South,E05013401,59268,Wiltshire,Wiltshire,UC,All,1," 4,155 "," 1,190 ",2,28.6%,28.6%,50 ,291 ,517 ,0 ,330 ,0 ,0 
Amesbury West,E05013402,59269,Wiltshire,Wiltshire,UC,All,1," 4,299 "," 1,318 ",7,30.7%,30.5%,0 ,540 ,324 ,0 ,447 ,0 ,0 
Avon Valley,E05013403,59270,Wiltshire,Wiltshire,UC,All,1," 4,146 ", 901 ,4,21.7%,21.6%,0 ,451 ,155 ,0 ,291 ,0 ,0 
Bowerhill,E05013832,59271,Wiltshire,Wiltshire,UC,All,1," 3,489 "," 1,204 ",3,34.5%,34.4%,0 ,543 ,245 ,0 ,412 ,0 ,0 
Box & Colerne,E05013405,59272,Wiltshire,Wiltshire,UC,All,1," 3,950 "," 1,686 ",3,42.7%,42.6%,0 ,550 ,869 ,61 ,203 ,0 ,0 
Bradford-on-Avon North,E05016247,53788,Wiltshire,Wiltshire,UC,All,1," 4,058 "," 1,804 ",9,44.5%,44.2%,0 ,195 ,"1,057 ",135 ,235 ,173 ,0 
Bradford-on-Avon South,E05016248,53789,Wiltshire,Wiltshire,UC,All,1," 4,176 "," 1,770 ",8,42.4%,42.2%,0 ,271 ,"1,115 ",159 ,217 ,0 ,0 
Brinkworth,E05016249,53790,Wiltshire,Wiltshire,UC,All,1," 3,933 "," 2,085 ",5,53.0%,52.9%,20 ,960 ,870 ,0 ,230 ,0 ,0 
"Bromham, Rowde & Roundway",E05016236,59308,Wiltshire,Wiltshire,UC,All,1," 4,072 "," 1,623 ",3,39.9%,39.8%,0 ,983 ,246 ,95 ,296 ,0 ,0 
By Brook,E05013410,53794,Wiltshire,Wiltshire,UC,All,1," 3,580 "," 1,765 ",3,49.3%,49.2%,0 ,697 ,703 ,45 ,317 ,0 ,0 
Calne Central,E05016237,53795,Wiltshire,Wiltshire,UC,All,1," 4,212 "," 1,397 ",5,33.2%,33.0%,78 ,254 ,595 ,0 ,465 ,0 ,0 
Calne Chilvester & Abberd,E05016250,53796,Wiltshire,Wiltshire,UC,All,1," 3,969 "," 1,080 ",3,27.2%,27.1%,104 ,168 ,398 ,0 ,407 ,0 ,0 
Calne North,E05016238,53797,Wiltshire,Wiltshire,UC,All,1," 3,914 "," 1,031 ",5,26.3%,26.2%,106 ,197 ,342 ,0 ,381 ,0 ,0 
Calne Rural,E05016239,59309,Wiltshire,Wiltshire,UC,All,1," 4,272 "," 1,744 ",2,40.8%,40.8%,224 ,820 ,339 ,0 ,359 ,0 ,0 
Calne South,E05016240,59310,Wiltshire,Wiltshire,UC,All,1," 3,588 "," 1,348 ",3,37.6%,37.5%,29 ,152 ,900 ,0 ,264 ,0 ,0 
Chippenham Cepen Park & Derriads,E05013416,59311,Wiltshire,Wiltshire,UC,All,1," 4,076 "," 1,528 ",7,37.5%,37.3%,45 ,498 ,693 ,0 ,285 ,0 ,0 
Chippenham Cepen Park & Hunters Moon,E05013417,59312,Wiltshire,Wiltshire,UC,All,1," 4,203 "," 1,509 ",12,35.9%,35.6%,51 ,468 ,646 ,0 ,332 ,0 ,0 
Chippenham Hardenhuish,E05013418,59313,Wiltshire,Wiltshire,UC,All,1," 4,089 "," 1,228 ",6,30.0%,29.9%,65 ,249 ,675 ,0 ,233 ,0 ,0 
Chippenham Hardens & Central,E05016251,59314,Wiltshire,Wiltshire,UC,All,1," 4,077 "," 1,466 ",7,35.9%,35.8%,37 ,145 ,905 ,71 ,259 ,41 ,0 
Chippenham Lowden & Rowden,E05013420,59315,Wiltshire,Wiltshire,UC,All,1," 2,889 "," 1,052 ",7,36.4%,36.2%,19 ,74 ,441 ,63 ,144 ,304 ,0 
Chippenham Monkton,E05013421,59316,Wiltshire,Wiltshire,UC,All,1," 2,281 "," 1,011 ",2,44.3%,44.2%,0 ,75 ,155 ,0 ,139 ,640 ,0 
Chippenham Pewsham,E05016252,59317,Wiltshire,Wiltshire,UC,All,1," 3,788 "," 1,396 ",9,36.9%,36.6%,36 ,206 ,753 ,0 ,392 ,0 ,0 
Chippenham Sheldon,E05013423,59318,Wiltshire,Wiltshire,UC,All,1," 4,047 "," 1,169 ",4,28.9%,28.8%,53 ,222 ,351 ,260 ,279 ,0 ,0 
Corsham Ladbrook,E05013424,59319,Wiltshire,Wiltshire,UC,All,1," 4,195 "," 1,466 ",2,35.0%,34.9%,122 ,176 ,844 ,0 ,322 ,0 ,0 
Corsham Pickwick,E05013425,59320,Wiltshire,Wiltshire,UC,All,1," 4,134 "," 1,470 ",1,35.6%,35.5%,0 ,193 ,906 ,0 ,370 ,0 ,0 
Corsham Without,E05013426,59321,Wiltshire,Wiltshire,UC,All,1," 3,880 "," 1,571 ",7,40.5%,40.3%,0 ,415 ,861 ,0 ,288 ,0 ,0 
Cricklade & Latton,E05013427,53811,Wiltshire,Wiltshire,UC,All,1," 4,060 "," 1,460 ",1,36.0%,35.9%,0 ,231 ,923 ,0 ,305 ,0 ,0 
Devizes East,E05013428,59322,Wiltshire,Wiltshire,UC,All,1," 4,273 "," 1,476 ",5,34.5%,34.4%,68 ,429 ,526 ,63 ,385 ,0 ,0 
Devizes North,E05013429,59323,Wiltshire,Wiltshire,UC,All,1," 3,486 "," 1,292 ",5,37.1%,36.9%,0 ,368 ,443 ,56 ,220 ,200 ,0 
Devizes Rural West,E05013430,59324,Wiltshire,Wiltshire,UC,All,1," 3,628 "," 1,505 ",5,41.5%,41.3%,0 ,772 ,400 ,0 ,328 ,0 ,0 
Devizes South,E05013431,59325,Wiltshire,Wiltshire,UC,All,1," 3,832 "," 1,635 ",2,42.7%,42.6%,125 ,621 ,611 ,0 ,276 ,0 ,0 
Downton & Ebble Valley,E05013432,53815,Wiltshire,Wiltshire,UC,All,1," 3,926 "," 1,411 ",0,35.9%,35.9%,131 ,709 ,175 ,76 ,320 ,0 ,0 
Durrington,E05013433,59326,Wiltshire,Wiltshire,UC,All,1," 3,587 "," 1,412 ",3,39.4%,39.3%,0 ,82 ,21 ,0 ,212 ,"1,094 ",0 
Ethandune,E05016241,59327,Wiltshire,Wiltshire,UC,All,1," 3,958 "," 1,409 ",7,35.6%,35.4%,0 ,553 ,466 ,0 ,383 ,0 ,0 
Fovant & Chalke Valley,E05013435,59328,Wiltshire,Wiltshire,UC,All,1," 3,618 "," 1,483 ",2,41.0%,40.9%,0 ,820 ,301 ,0 ,360 ,0 ,0 
Hilperton,E05013436,59329,Wiltshire,Wiltshire,UC,All,1," 3,523 "," 1,365 ",6,38.8%,38.6%,0 ,240 ,73 ,0 ,85 ,961 ,0 
Holt,E05013437,59330,Wiltshire,Wiltshire,UC,All,1," 3,736 "," 1,365 ",3,36.5%,36.5%,293 ,168 ,835 ,0 ,66 ,0 ,0 
Kington,E05016242,59331,Wiltshire,Wiltshire,UC,All,1," 4,126 "," 1,836 ",5,44.5%,44.4%,0 ,896 ,563 ,0 ,346 ,0 ,26 
Laverstock,E05013439,59332,Wiltshire,Wiltshire,UC,All,1," 4,452 "," 1,937 ",5,41.3%,43.4%,102 ,694 ,863 ,45 ,228 ,0 ,0 
Ludgershall North & Rural,E05013440,59333,Wiltshire,Wiltshire,UC,All,1," 3,896 "," 1,138 ",4,29.2%,29.1%,0 ,527 ,212 ,0 ,395 ,0 ,0 
Lyneham,E05013441,59334,Wiltshire,Wiltshire,UC,All,1," 4,189 "," 1,460 ",4,34.9%,34.8%,62 ,817 ,170 ,45 ,362 ,0 ,0 
Malmesbury,E05013442,59335,Wiltshire,Wiltshire,UC,All,1," 4,383 "," 1,609 ",5,36.7%,36.6%,0 ,150 ,"1,000 ",143 ,309 ,0 ,0 
Marlborough East,E05013443,59336,Wiltshire,Wiltshire,UC,All,1," 4,081 "," 1,333 ",6,32.7%,32.5%,0 ,487 ,605 ,0 ,235 ,0 ,0 
Marlborough West,E05013444,59337,Wiltshire,Wiltshire,UC,All,1," 4,442 "," 1,571 ",1,35.4%,35.3%,116 ,770 ,446 ,0 ,238 ,0 ,0 
Melksham East,E05013833,59338,Wiltshire,Wiltshire,UC,All,1," 4,129 ", 964 ,4,23.4%,23.3%,0 ,206 ,383 ,0 ,262 ,109 ,0 
Melksham Forest,E05016253,59339,Wiltshire,Wiltshire,UC,All,1," 3,912 "," 1,081 ",1,27.6%,27.6%,0 ,218 ,457 ,73 ,332 ,0 ,0 
Melksham South,E05016254,59340,Wiltshire,Wiltshire,UC,All,1," 3,854 "," 1,260 ",1,32.7%,32.7%,0 ,339 ,172 ,55 ,331 ,362 ,0 
Melksham Without North & Shurnhold,E05013448,59341,Wiltshire,Wiltshire,UC,All,1," 3,638 "," 1,297 ",2,35.7%,35.6%,0 ,645 ,388 ,0 ,262 ,0 ,0 
Melksham Without West & Rural,E05013449,59342,Wiltshire,Wiltshire,UC,All,1," 3,806 "," 1,570 ",3,41.3%,41.2%,0 ,561 ,567 ,82 ,357 ,0 ,0 
Mere,E05013450,53833,Wiltshire,Wiltshire,UC,All,1," 3,695 "," 1,718 ",5,46.5%,46.4%,0 ,184 ,39 ,152 ,237 ,"1,101 ",0 
Minety,E05013451,53834,Wiltshire,Wiltshire,UC,All,1," 3,932 "," 1,602 ",0,40.7%,40.7%,0 ,664 ,598 ,47 ,293 ,0 ,0 
Nadder Valley,E05013452,59343,Wiltshire,Wiltshire,UC,All,1," 3,645 "," 1,422 ",3,39.0%,38.9%,0 ,732 ,288 ,96 ,303 ,0 ,0 
Old Sarum & Lower Bourne Valley,E05013453,59344,Wiltshire,Wiltshire,UC,All,1," 4,951 "," 1,523 ",1,30.8%,30.7%,248 ,505 ,220 ,62 ,487 ,0 ,0 
Pewsey,E05013834,53836,Wiltshire,Wiltshire,UC,All,1," 3,895 "," 1,478 ",2,38.0%,37.9%,73 ,805 ,163 ,157 ,278 ,0 ,0 
Pewsey Vale East,E05013455,59345,Wiltshire,Wiltshire,UC,All,1," 4,327 "," 1,463 ",3,33.8%,33.7%,83 ,768 ,198 ,118 ,293 ,0 ,0 
Pewsey Vale West,E05013835,59346,Wiltshire,Wiltshire,UC,All,1," 4,097 "," 1,570 ",5,38.3%,38.2%,0 ,897 ,331 ,0 ,337 ,0 ,0 
Purton,E05013457,53838,Wiltshire,Wiltshire,UC,All,1," 5,063 "," 1,482 ",5,29.3%,29.2%,0 ,723 ,477 ,0 ,277 ,0 ,0 
Redlynch & Landford,E05013458,53839,Wiltshire,Wiltshire,UC,All,1," 3,676 "," 1,463 ",6,39.8%,39.6%,0 ,846 ,267 ,87 ,257 ,0 ,0 
Royal Wootton Bassett East,E05013459,59347,Wiltshire,Wiltshire,UC,All,1," 3,844 "," 1,488 ",7,38.7%,38.5%,63 ,530 ,544 ,0 ,344 ,0 ,0 
Royal Wootton Bassett North,E05013460,59348,Wiltshire,Wiltshire,UC,All,1," 4,191 "," 1,321 ",6,31.5%,31.4%,57 ,372 ,515 ,28 ,343 ,0 ,0 
Royal Wootton Bassett South & West,E05016255,59349,Wiltshire,Wiltshire,UC,All,1," 4,555 "," 1,641 ",6,36.0%,35.9%,76 ,519 ,711 ,0 ,329 ,0 ,0 
Salisbury Bemerton Heath,E05013462,59350,Wiltshire,Wiltshire,UC,All,1," 3,733 ", 784 ,8,21.0%,20.8%,190 ,76 ,219 ,22 ,269 ,0 ,0 
Salisbury Fisherton & Bemerton Village,E05013463,59351,Wiltshire,Wiltshire,UC,All,1," 4,244 "," 1,302 ",8,30.7%,30.5%,378 ,361 ,119 ,124 ,312 ,0 ,0 
Salisbury Harnham East,E05013464,59352,Wiltshire,Wiltshire,UC,All,1," 3,888 "," 1,488 ",8,38.3%,38.1%,235 ,538 ,414 ,77 ,216 ,0 ,0 
Salisbury Harnham West,E05013465,59353,Wiltshire,Wiltshire,UC,All,1," 3,500 "," 1,388 ",13,39.7%,39.3%,96 ,346 ,722 ,0 ,211 ,0 ,0 
Salisbury Milford,E05016256,59354,Wiltshire,Wiltshire,UC,All,1," 4,279 "," 1,505 ",7,35.2%,35.0%,130 ,359 ,657 ,81 ,271 ,0 ,0 
Salisbury St Edmund's,E05013467,59355,Wiltshire,Wiltshire,UC,All,1," 4,188 "," 1,439 ",12,34.4%,34.1%,162 ,213 ,750 ,102 ,200 ,0 ,0 
Salisbury St Francis & Stratford,E05016257,53844,Wiltshire,Wiltshire,UC,All,1," 4,012 "," 1,796 ",21,44.8%,44.2%,0 ,371 ,328 ,52 ,205 ,487 ,0 
Salisbury St Paul's,E05013469,59356,Wiltshire,Wiltshire,UC,All,1," 3,991 "," 1,299 ",5,32.6%,32.4%,151 ,482 ,404 ,63 ,194 ,0 ,0 
Sherston,E05013470,59357,Wiltshire,Wiltshire,UC,All,1," 4,327 "," 1,865 ",2,43.1%,43.1%,37 ,562 ,954 ,0 ,310 ,0 ,0 
Southwick,E05016258,59358,Wiltshire,Wiltshire,UC,All,1," 3,391 "," 1,161 ",2,34.2%,34.2%,0 ,421 ,293 ,0 ,445 ,0 ,0 
The Lavingtons,E05013472,59359,Wiltshire,Wiltshire,UC,All,1," 3,704 "," 1,655 ",1,44.7%,44.7%,0 ,798 ,478 ,139 ,239 ,0 ,0 
Tidworth East & Ludgershall South,E05013473,59360,Wiltshire,Wiltshire,UC,All,1," 4,260 ", 752 ,0,17.7%,17.7%,0 ,238 ,80 ,57 ,377 ,0 ,0 
Tidworth North & West,E05013474,59361,Wiltshire,Wiltshire,UC,All,1," 3,838 ", 626 ,1,16.3%,16.3%,0 ,154 ,64 ,0 ,292 ,111 ,0 
Till Valley,E05013475,59362,Wiltshire,Wiltshire,UC,All,1," 4,054 "," 1,441 ",9,35.6%,35.3%,0 ,609 ,357 ,0 ,400 ,0 ,66 
Tisbury,E05013476,59363,Wiltshire,Wiltshire,UC,All,1," 3,601 "," 1,379 ",5,38.3%,38.2%,0 ,270 ,802 ,0 ,302 ,0 ,0 
Trowbridge Adcroft,E05013477,59364,Wiltshire,Wiltshire,UC,All,1," 4,157 "," 1,352 ",12,32.5%,32.2%,83 ,338 ,499 ,0 ,420 ,0 ,0 
Trowbridge Central,E05013478,59365,Wiltshire,Wiltshire,UC,All,1," 4,761 "," 1,324 ",8,27.8%,27.6%,171 ,147 ,556 ,99 ,343 ,0 ,0 
Trowbridge Drynham,E05016259,59366,Wiltshire,Wiltshire,UC,All,1," 3,541 "," 1,113 ",4,31.4%,31.3%,51 ,248 ,491 ,0 ,319 ,0 ,0 
Trowbridge Grove,E05016260,59367,Wiltshire,Wiltshire,UC,All,1," 4,045 "," 1,265 ",5,31.3%,31.1%,126 ,269 ,485 ,0 ,306 ,74 ,0 
Trowbridge Lambrok,E05016261,59368,Wiltshire,Wiltshire,UC,All,1," 4,030 "," 1,353 ",2,33.6%,33.5%,0 ,146 ,855 ,0 ,350 ,0 ,0 
Trowbridge Park,E05013482,59369,Wiltshire,Wiltshire,UC,All,1," 2,987 "," 1,061 ",4,35.5%,35.4%,77 ,335 ,296 ,0 ,350 ,0 ,0 
Trowbridge Paxcroft,E05013483,59370,Wiltshire,Wiltshire,UC,All,1," 4,178 "," 1,261 ",8,30.2%,30.0%,0 ,241 ,554 ,80 ,378 ,0 ,0 
Urchfont & Bishops Cannings,E05013484,59371,Wiltshire,Wiltshire,UC,All,1," 3,867 "," 1,458 ",4,37.7%,37.6%,0 ,636 ,420 ,0 ,398 ,0 ,0 
Warminster Broadway,E05013485,59372,Wiltshire,Wiltshire,UC,All,1," 4,050 "," 1,330 ",0,32.8%,32.8%,0 ,534 ,316 ,98 ,382 ,0 ,0 
Warminster East,E05013486,59373,Wiltshire,Wiltshire,UC,All,1," 4,284 "," 1,377 ",2,32.1%,32.1%,0 ,458 ,156 ,73 ,412 ,276 ,0 
Warminster North & Rural,E05013487,59374,Wiltshire,Wiltshire,UC,All,1," 4,363 "," 1,383 ",2,31.7%,31.7%,0 ,732 ,295 ,0 ,354 ,0 ,0 
Warminster West,E05013488,59375,Wiltshire,Wiltshire,UC,All,1," 3,491 "," 1,007 ",2,28.9%,28.8%,0 ,274 ,143 ,0 ,293 ,295 ,0 
Westbury East,E05016243,59376,Wiltshire,Wiltshire,UC,All,1," 4,185 "," 1,232 ",1,29.4%,29.4%,0 ,155 ,672 ,68 ,336 ,0 ,0 
Westbury North,E05016244,59377,Wiltshire,Wiltshire,UC,All,1," 3,739 "," 1,081 ",2,27.2%,28.9%,78 ,104 ,389 ,0 ,445 ,0 ,0 
Westbury West,E05013491,53873,Wiltshire,Wiltshire,UC,All,1," 4,464 "," 1,012 ",1,22.7%,22.6%,139 ,111 ,113 ,0 ,377 ,271 ,0 
Wilton,E05013492,59378,Wiltshire,Wiltshire,UC,All,1," 3,719 "," 1,359 ",2,36.5%,36.5%,67 ,549 ,536 ,0 ,205 ,0 ,0 
Winsley & Westwood,E05013493,59379,Wiltshire,Wiltshire,UC,All,1," 3,958 "," 1,808 ",3,45.7%,45.6%,0 ,556 ,852 ,150 ,247 ,0 ,0 
Winterslow & Upper Bourne Valley,E05013494,59380,Wiltshire,Wiltshire,UC,All,1," 4,203 "," 1,688 ",1,40.2%,40.1%,0 ,982 ,262 ,101 ,342 ,0 ,0 
Wylye Valley,E05013495,59381,Wiltshire,Wiltshire,UC,All,1," 3,792 "," 1,550 ",3,40.9%,40.8%,0 ,837 ,231 ,164 ,315 ,0 ,0 
Alvechurch,E58001922,62573,Worcestershire,Bromsgrove,CC,All,1," 7,716 "," 2,979 ",1,38.6%,38.6%,233 ,751 ,138 ,156 ,674 ,"1,026 ",0 
Beacon,E58001923,62574,Worcestershire,Bromsgrove,CC,All,1," 8,272 "," 2,847 ",4,34.4%,34.4%,711 ,742 ,183 ,251 ,956 ,0 ,0 
Bedwardine,E58001924,45673,Worcestershire,Worcester,CC,All,1," 7,548 "," 2,858 ",7,37.9%,37.8%,678 ,408 ,289 ,293 ,"1,182 ",0 ,0 
Bewdley,E58001925,62613,Worcestershire,Wyre Forest,CC,All,1," 7,687 "," 3,082 ",7,40.1%,40.0%,393 ,"1,244 ",131 ,237 ,"1,070 ",0 ,0 
Bowbrook,E58001926,62601,Worcestershire,Wychavon,CC,All,1," 8,846 "," 3,026 ",7,34.2%,34.1%,195 ,"1,061 ",599 ,195 ,969 ,0 ,0 
Bredon,E58001927,62602,Worcestershire,Wychavon,CC,All,1," 8,787 "," 3,783 ",8,43.1%,43.0%,69 ,"1,239 ","1,226 ",260 ,981 ,0 ,0 
Broadway,E58001928,62603,Worcestershire,Wychavon,CC,All,1," 8,747 "," 3,405 ",3,38.9%,38.9%,101 ,"1,137 ",928 ,138 ,"1,098 ",0 ,0 
Bromsgrove Central,E58001929,62575,Worcestershire,Bromsgrove,CC,All,1," 9,345 "," 3,608 ",4,38.6%,38.6%,197 ,548 ,"1,715 ",114 ,"1,030 ",0 ,0 
Bromsgrove East,E58001930,62576,Worcestershire,Bromsgrove,CC,All,1," 7,730 "," 2,964 ",4,38.3%,38.3%,169 ,733 ,"1,141 ",91 ,722 ,103 ,0 
Bromsgrove South,E58001931,62577,Worcestershire,Bromsgrove,CC,All,1," 9,089 "," 2,780 ",5,30.6%,30.5%,208 ,474 ,878 ,154 ,967 ,94 ,0 
Bromsgrove West,E58001932,62578,Worcestershire,Bromsgrove,CC,All,1," 6,333 "," 2,034 ",2,32.1%,32.1%,316 ,257 ,502 ,203 ,754 ,0 ,0 
Chaddesley,E58001933,62614,Worcestershire,Wyre Forest,CC,All,1," 7,546 "," 2,956 ",7,39.2%,39.1%,159 ,"1,024 ",46 ,108 ,948 ,664 ,0 
Claines,E58001934,45674,Worcestershire,Worcester,CC,All,1," 7,591 "," 3,076 ",3,40.5%,40.5%,159 ,289 ,"1,656 ",400 ,564 ,0 ,0 
Clent Hills,E58001935,62579,Worcestershire,Bromsgrove,CC,All,1," 9,809 "," 3,806 ",3,38.8%,38.8%,165 ,"1,501 ",135 ,69 ,768 ,"1,129 ",0 
"Cookley, Wolverley & Wribbenhall",E58001936,62615,Worcestershire,Wyre Forest,CC,All,1," 7,536 "," 2,928 ",6,38.9%,38.8%,454 ,975 ,118 ,253 ,"1,122 ",0 ,0 
Croome,E58001937,45661,Worcestershire,Malvern Hills,CC,All,1," 8,039 "," 3,199 ",8,39.8%,39.7%,38 ,497 ,54 ,"2,027 ",575 ,0 ,0 
Droitwich East,E58001938,62604,Worcestershire,Wychavon,CC,All,1," 8,529 "," 3,079 ",5,36.1%,36.0%,176 ,"1,324 ",154 ,691 ,729 ,0 ,0 
Droitwich West,E58001939,62605,Worcestershire,Wychavon,CC,All,1," 8,769 "," 2,595 ",2,29.6%,29.6%,260 ,"1,276 ",155 ,137 ,765 ,0 ,0 
Evesham North West,E58001940,62606,Worcestershire,Wychavon,CC,All,1," 8,930 "," 2,406 ",11,26.9%,26.8%,305 ,707 ,196 ,253 ,934 ,0 ,0 
Evesham South,E58001941,62607,Worcestershire,Wychavon,CC,All,1," 9,247 "," 2,729 ",3,29.5%,29.5%,174 ,493 ,99 ,609 ,924 ,427 ,0 
Hallow,E58001942,62582,Worcestershire,Malvern Hills,CC,All,1," 7,552 "," 2,849 ",3,37.7%,37.7%,735 ,858 ,251 ,186 ,816 ,0 ,0 
Harvington,E58001943,62608,Worcestershire,Wychavon,CC,All,1," 8,646 "," 3,315 ",9,38.3%,38.2%,435 ,"1,109 ",270 ,330 ,"1,162 ",0 ,0 
Littletons,E58001944,62609,Worcestershire,Wychavon,CC,All,1," 7,368 "," 2,813 ",1,38.2%,38.2%,96 ,833 ,89 ,890 ,889 ,0 ,16 
Malvern Chase,E58001945,62583,Worcestershire,Malvern Hills,CC,All,1," 7,600 "," 3,113 ",2,41.0%,40.9%,98 ,628 ,360 ,"1,518 ",507 ,0 ,0 
Malvern Langland,E58001946,62584,Worcestershire,Malvern Hills,CC,All,1," 7,652 "," 2,488 ",6,32.5%,32.4%,456 ,488 ,716 ,312 ,510 ,0 ,0 
Malvern Link,E58001947,62585,Worcestershire,Malvern Hills,CC,All,1," 8,281 "," 2,951 ",8,35.6%,35.5%,184 ,685 ,824 ,547 ,703 ,0 ,0 
Malvern Trinity,E58001948,62586,Worcestershire,Malvern Hills,CC,All,1," 8,305 "," 2,976 ",4,35.8%,35.8%,109 ,462 ,251 ,"1,559 ",509 ,82 ,0 
Nunnery,E58001949,62592,Worcestershire,Worcester,CC,All,1," 7,300 "," 2,357 ",4,32.3%,32.2%,664 ,548 ,134 ,289 ,718 ,0 ,0 
Ombersley,E58001950,62610,Worcestershire,Wychavon,CC,All,1," 8,768 "," 3,095 ",9,35.3%,35.2%,175 ,"1,259 ",222 ,215 ,"1,215 ",0 ,0 
Pershore,E58001951,45693,Worcestershire,Wychavon,CC,All,1," 9,405 "," 3,732 ",1,39.7%,39.7%,67 ,502 ,"2,263 ",82 ,817 ,0 ,0 
Powick & Longdon,E58001952,62587,Worcestershire,Malvern Hills,CC,All,1," 8,024 "," 3,372 ",3,42.0%,42.0%,75 ,361 ,117 ,0 ,622 ,"2,194 ",0 
Rainbow Hill & Fort Royal,E58001953,62593,Worcestershire,Worcester,CC,All,1," 8,282 "," 2,442 ",7,29.5%,29.4%,794 ,185 ,70 ,768 ,595 ,0 ,24 
Redditch Central,E58001954,62588,Worcestershire,Redditch,CC,All,2," 16,359 "," 4,258 ",9,25.4%,26.0%,"1,095 ",949 ,181 ,434 ,"1,597 ",0 ,0 
Redditch East,E58001955,62589,Worcestershire,Redditch,CC,All,2," 15,502 "," 4,817 ",8,31.1%,31.0%,968 ,"1,130 ",227 ,306 ,"2,120 ",0 ,0 
Redditch South,E58001956,62590,Worcestershire,Redditch,CC,All,2," 16,280 "," 5,797 ",16,35.6%,35.5%,"1,152 ","1,579 ",403 ,482 ,"2,261 ",0 ,0 
Redditch West,E58001957,62591,Worcestershire,Redditch,CC,All,2," 16,497 "," 5,001 ",7,30.3%,30.3%,"1,113 ","1,451 ",326 ,442 ,"1,695 ",0 ,0 
Riverside,E58001958,62594,Worcestershire,Worcester,CC,All,1," 8,062 "," 2,914 ",10,36.1%,36.0%,267 ,726 ,102 ,"1,280 ",508 ,0 ,18 
St Barnabas,E58001959,45698,Worcestershire,Wyre Forest,CC,All,1," 7,471 "," 2,450 ",10,32.8%,32.7%,353 ,757 ,167 ,140 ,"1,022 ",0 ,0 
St Chads,E58001960,62616,Worcestershire,Wyre Forest,CC,All,1," 7,268 "," 2,224 ",6,30.6%,30.5%,232 ,214 ,226 ,143 ,812 ,0 ,591 
St Georges,E58001961,62617,Worcestershire,Wyre Forest,CC,All,1," 8,100 "," 2,144 ",4,26.5%,26.4%,309 ,229 ,82 ,152 ,872 ,331 ,164 
St John,E58001962,62595,Worcestershire,Worcester,CC,All,1," 7,342 "," 2,140 ",8,29.2%,29.0%,892 ,277 ,66 ,308 ,570 ,0 ,19 
St Johns,E58001963,62618,Worcestershire,Wyre Forest,CC,All,1," 8,590 "," 2,605 ",9,30.3%,30.2%,336 ,622 ,93 ,247 ,946 ,350 ,0 
St Peter,E58001964,62596,Worcestershire,Worcester,CC,All,1," 8,036 "," 3,196 ",5,39.8%,39.7%,176 ,481 ,122 ,"1,639 ",758 ,0 ,0 
St Peters,E58001965,62619,Worcestershire,Wyre Forest,CC,All,1," 7,716 "," 2,297 ",1,29.8%,29.8%,336 ,624 ,167 ,123 ,813 ,234 ,0 
St Stephen,E58001966,62597,Worcestershire,Worcester,CC,All,1," 7,846 "," 2,761 ",10,35.2%,35.1%,203 ,233 ,96 ,"1,678 ",541 ,0 ,0 
Stourport Areley Kings & Riverside,E58001967,62620,Worcestershire,Wyre Forest,CC,All,1," 7,084 "," 2,532 ",4,35.7%,35.7%,248 ,596 ,139 ,124 ,"1,154 ",267 ,0 
Stourport Mitton,E58001968,62621,Worcestershire,Wyre Forest,CC,All,1," 9,199 "," 3,062 ",4,33.3%,33.2%,332 ,747 ,536 ,145 ,"1,298 ",0 ,0 
Tenbury,E58001969,45668,Worcestershire,Malvern Hills,CC,All,1," 8,565 "," 3,083 ",8,36.0%,35.9%,150 ,"1,072 ",341 ,314 ,"1,198 ",0 ,0 
Upton Snodsbury,E58001970,62611,Worcestershire,Wychavon,CC,All,1," 8,827 "," 3,168 ",5,35.9%,35.8%,134 ,"1,318 ",675 ,208 ,828 ,0 ,0 
Warndon & Elbury Park,E58001971,62598,Worcestershire,Worcester,CC,All,1," 7,250 "," 1,752 ",5,24.2%,24.1%,440 ,233 ,68 ,140 ,866 ,0 ,0 
Warndon Villages,E58001972,62599,Worcestershire,Worcester,CC,All,1," 8,095 "," 3,094 ",6,38.2%,38.1%,149 ,377 ,536 ,"1,342 ",684 ,0 ,0 
Woodvale,E58001973,62580,Worcestershire,Bromsgrove,CC,All,1," 8,623 "," 3,037 ",11,35.2%,35.1%,263 ,"1,047 ",245 ,152 ,"1,319 ",0 ,0 
Wythall,E58001974,62581,Worcestershire,Bromsgrove,CC,All,1," 9,605 "," 3,657 ",6,38.1%,38.0%,176 ,"1,832 ",92 ,77 ,904 ,570 ,0 
,,,,,,,,,,,,,,,,,,,
