ladCode,ladName,year,populationThousands,areaKm2,transport,domestic,industry,commercial,publicSector,agriculture,waste,lulucf
E06000001,Hartlepool,2005,90.457,98.3466,213.201,229.280,240.282,121.951,39.822,20.438,114.163,1.732
E06000001,Hartlepool,2006,90.781,98.3466,221.123,227.908,243.180,125.560,39.569,19.882,111.362,1.753
E06000001,Hartlepool,2007,90.969,98.3466,199.183,219.473,223.138,114.857,36.856,21.558,117.976,1.647
E06000001,Hartlepool,2008,91.379,98.3466,186.657,217.885,283.657,115.459,36.512,20.855,83.929,1.420
E06000001,Hartlepool,2009,91.53,98.3466,183.394,198.682,265.038,100.757,32.852,20.929,90.498,1.453
E06000001,Hartlepool,2010,91.773,98.3466,172.747,212.109,324.303,111.647,36.432,21.827,103.880,1.582
E06000001,Hartlepool,2011,92.088,98.3466,169.408,187.212,285.186,75.230,27.811,20.785,109.090,1.442
E06000001,Hartlepool,2012,92.344,98.3466,171.514,200.047,268.503,104.826,34.450,21.332,123.220,1.647
E06000001,Hartlepool,2013,92.465,98.3466,170.575,197.584,285.924,92.716,31.567,20.762,134.213,1.287
E06000001,Hartlepool,2014,92.358,98.3466,174.960,165.363,273.188,78.550,27.162,21.875,125.929,1.229
E06000001,Hartlepool,2015,92.125,98.3466,170.580,161.408,257.569,69.012,24.445,22.101,103.587,0.918
E06000001,Hartlepool,2016,92.26,98.3466,164.399,149.937,255.737,64.452,19.276,21.901,38.700,1.103
E06000001,Hartlepool,2017,92.306,98.3466,162.845,145.038,274.272,44.370,23.763,22.162,55.783,1.099
E06000001,Hartlepool,2018,92.288,98.3466,162.402,140.418,255.854,63.587,18.026,19.389,49.438,1.058
E06000001,Hartlepool,2019,92.401,98.3466,157.948,135.155,254.229,33.744,30.539,19.924,37.701,1.035
E06000001,Hartlepool,2020,92.202,98.3466,130.093,132.397,276.819,30.158,29.445,18.592,34.753,1.142
E06000001,Hartlepool,2021,92.575,98.3466,134.766,135.646,274.545,46.277,41.869,18.910,41.450,1.222
E06000001,Hartlepool,2022,94.161,98.3466,136.919,115.688,256.626,47.795,13.952,18.978,45.866,1.341
E06000001,Hartlepool,2023,95.942,98.3466,137.456,109.440,225.896,33.714,12.398,19.682,33.307,1.180
E06000001,Hartlepool,2024,98.18,98.3466,137.619,110.496,218.141,36.662,11.728,32.370,40.124,1.211
E06000002,Middlesbrough,2005,138.517,54.5537,377.993,338.922,99.398,196.065,124.199,5.925,38.513,2.877
E06000002,Middlesbrough,2006,138.169,54.5537,360.587,334.287,100.555,209.147,127.877,5.093,37.686,2.761
E06000002,Middlesbrough,2007,138.19,54.5537,356.472,320.762,103.811,219.300,131.234,5.804,97.336,2.663
E06000002,Middlesbrough,2008,137.885,54.5537,339.088,319.120,90.637,186.961,115.591,5.997,42.013,2.548
E06000002,Middlesbrough,2009,137.273,54.5537,330.593,288.479,74.065,138.191,90.553,5.475,65.362,2.471
E06000002,Middlesbrough,2010,137.667,54.5537,320.751,309.464,76.094,131.046,90.206,5.409,69.211,2.238
E06000002,Middlesbrough,2011,138.368,54.5537,313.134,271.393,72.441,130.110,85.089,4.919,56.216,2.033
E06000002,Middlesbrough,2012,138.472,54.5537,312.729,291.646,76.126,136.740,90.581,4.914,82.507,1.994
E06000002,Middlesbrough,2013,138.588,54.5537,302.579,283.679,68.914,102.418,75.809,5.075,57.552,1.767
E06000002,Middlesbrough,2014,139.03,54.5537,306.588,239.129,58.608,87.341,63.596,4.754,62.341,1.757
E06000002,Middlesbrough,2015,139.602,54.5537,307.248,233.063,54.378,76.495,56.487,4.997,110.780,1.592
E06000002,Middlesbrough,2016,140.649,54.5537,304.326,216.094,47.701,63.371,49.987,4.878,84.052,1.724
E06000002,Middlesbrough,2017,141.213,54.5537,303.274,207.016,51.106,45.723,50.794,4.744,65.959,1.604
E06000002,Middlesbrough,2018,141.057,54.5537,307.326,202.538,48.735,68.153,44.054,4.535,84.533,1.705
E06000002,Middlesbrough,2019,142.134,54.5537,303.570,195.360,45.255,48.234,42.474,4.748,98.630,1.870
E06000002,Middlesbrough,2020,142.459,54.5537,251.517,192.241,53.814,42.344,39.313,4.643,70.349,1.988
E06000002,Middlesbrough,2021,143.943,54.5537,260.582,197.231,46.012,46.602,41.185,5.403,65.513,2.039
E06000002,Middlesbrough,2022,149.339,54.5537,284.020,169.438,43.862,47.251,37.179,4.431,79.763,2.177
E06000002,Middlesbrough,2023,153.639,54.5537,281.099,159.386,38.043,40.379,33.606,4.334,93.799,2.091
E06000002,Middlesbrough,2024,156.161,54.5537,309.794,159.244,36.865,38.474,33.685,3.751,124.537,2.126
E06000003,Redcar and Cleveland,2005,138.177,253.7857,234.517,354.892,9950.540,104.029,31.316,161.770,54.994,-11.830
E06000003,Redcar and Cleveland,2006,137.621,253.7857,232.256,350.692,9455.624,108.919,31.743,165.827,55.170,-12.233
E06000003,Redcar and Cleveland,2007,136.94,253.7857,232.610,335.323,9714.310,104.190,30.361,162.415,58.548,-12.942
E06000003,Redcar and Cleveland,2008,136.512,253.7857,224.041,331.217,8870.904,101.419,29.494,157.402,54.355,-14.063
E06000003,Redcar and Cleveland,2009,135.867,253.7857,214.172,301.134,7298.782,74.179,20.072,127.844,56.291,-14.420
E06000003,Redcar and Cleveland,2010,135.383,253.7857,211.241,321.404,2937.131,70.591,19.445,123.373,48.051,-14.469
E06000003,Redcar and Cleveland,2011,135.164,253.7857,208.437,281.282,2243.875,65.916,18.216,116.329,42.187,-15.080
E06000003,Redcar and Cleveland,2012,134.951,253.7857,205.819,304.609,6747.762,71.669,19.344,122.452,40.076,-14.423
E06000003,Redcar and Cleveland,2013,134.838,253.7857,200.531,296.604,8370.895,72.925,19.084,126.847,34.570,-15.473
E06000003,Redcar and Cleveland,2014,135.106,253.7857,203.768,250.209,7833.104,66.774,17.830,118.608,35.514,-15.419
E06000003,Redcar and Cleveland,2015,135.37,253.7857,200.233,242.186,6129.426,56.558,14.540,108.507,37.338,-16.289
E06000003,Redcar and Cleveland,2016,135.344,253.7857,205.490,225.182,1595.998,44.895,11.943,86.595,37.154,-15.546
E06000003,Redcar and Cleveland,2017,135.584,253.7857,208.635,217.327,1545.789,28.157,11.049,77.186,39.148,-16.270
E06000003,Redcar and Cleveland,2018,136.276,253.7857,211.477,210.006,1499.924,38.606,11.344,62.912,39.054,-16.130
E06000003,Redcar and Cleveland,2019,136.699,253.7857,210.341,202.980,1401.633,71.154,10.586,45.366,41.365,-16.350
E06000003,Redcar and Cleveland,2020,136.571,253.7857,183.670,200.801,1171.695,40.383,10.858,41.115,39.121,-16.659
E06000003,Redcar and Cleveland,2021,136.605,253.7857,186.138,203.013,330.225,44.137,10.919,41.700,38.583,-15.929
E06000003,Redcar and Cleveland,2022,137.233,253.7857,178.114,171.704,277.661,52.968,11.302,37.735,43.929,-15.240
E06000003,Redcar and Cleveland,2023,138.115,253.7857,176.660,162.469,224.275,35.367,9.848,33.111,50.627,-16.047
E06000003,Redcar and Cleveland,2024,139.228,253.7857,178.757,161.497,209.460,32.765,9.859,32.777,62.368,-15.795
E06000004,Stockton-on-Tees,2005,186.35,209.7309,419.486,469.665,4087.748,452.157,49.066,37.005,150.483,0.934
E06000004,Stockton-on-Tees,2006,187.27,209.7309,404.610,468.502,3895.433,449.566,46.363,35.846,147.554,0.762
E06000004,Stockton-on-Tees,2007,187.937,209.7309,400.665,452.313,4050.925,409.532,40.191,36.688,114.678,0.303
E06000004,Stockton-on-Tees,2008,189.039,209.7309,384.995,450.171,4459.793,405.336,39.516,37.841,100.627,-0.403
E06000004,Stockton-on-Tees,2009,189.978,209.7309,380.907,410.937,3219.875,358.586,34.971,37.034,99.433,-0.407
E06000004,Stockton-on-Tees,2010,190.902,209.7309,374.155,441.616,3616.491,359.404,35.863,36.478,81.555,-0.496
E06000004,Stockton-on-Tees,2011,191.824,209.7309,370.134,388.299,2166.158,308.843,28.822,34.705,55.583,-1.144
E06000004,Stockton-on-Tees,2012,192.837,209.7309,367.510,418.824,2459.377,356.731,31.857,35.751,34.186,-0.859
E06000004,Stockton-on-Tees,2013,193.923,209.7309,354.774,409.339,2316.919,398.942,33.539,33.311,50.358,-1.478
E06000004,Stockton-on-Tees,2014,195.113,209.7309,363.930,344.656,1963.163,348.848,30.366,32.672,48.291,-1.471
E06000004,Stockton-on-Tees,2015,195.79,209.7309,364.167,334.764,2130.748,310.967,27.170,35.753,73.066,-1.905
E06000004,Stockton-on-Tees,2016,196.412,209.7309,370.743,313.067,1854.861,232.685,20.530,35.393,54.957,-1.629
E06000004,Stockton-on-Tees,2017,197.046,209.7309,370.669,301.086,2216.342,160.975,26.813,39.347,32.116,-1.813
E06000004,Stockton-on-Tees,2018,197.509,209.7309,365.660,292.749,1818.503,208.594,25.841,35.366,27.746,-1.655
E06000004,Stockton-on-Tees,2019,196.86,209.7309,366.322,283.405,1767.524,187.375,24.551,35.424,36.006,-1.752
E06000004,Stockton-on-Tees,2020,196.388,209.7309,299.619,278.625,1729.026,154.366,23.849,33.478,34.988,-1.608
E06000004,Stockton-on-Tees,2021,197.032,209.7309,305.333,282.544,1294.369,163.642,28.434,33.955,38.650,-1.232
E06000004,Stockton-on-Tees,2022,200.753,209.7309,297.636,242.021,1175.331,141.497,25.318,32.515,45.943,-0.763
E06000004,Stockton-on-Tees,2023,203.768,209.7309,300.339,228.148,1129.527,112.400,21.568,40.312,35.901,-1.237
E06000004,Stockton-on-Tees,2024,206.8,209.7309,305.116,228.691,403.847,115.764,20.220,37.954,37.663,-1.070
E06000005,Darlington,2005,100.287,197.4758,230.889,278.161,191.625,113.593,45.089,68.667,39.321,2.192
E06000005,Darlington,2006,101.509,197.4758,225.654,275.565,176.795,117.961,43.421,63.521,39.145,2.274
E06000005,Darlington,2007,102.632,197.4758,223.646,266.315,172.038,111.519,41.212,65.078,44.681,1.865
E06000005,Darlington,2008,103.694,197.4758,212.390,267.669,167.337,110.366,40.751,64.966,16.702,1.125
E06000005,Darlington,2009,104.355,197.4758,204.251,243.452,144.142,97.886,35.490,64.327,24.480,1.473
E06000005,Darlington,2010,105.028,197.4758,201.490,259.783,167.996,98.632,38.888,65.022,17.364,1.430
E06000005,Darlington,2011,105.584,197.4758,200.191,228.707,144.361,85.870,33.432,61.707,41.260,1.019
E06000005,Darlington,2012,105.557,197.4758,199.220,246.401,149.724,89.992,34.973,63.462,23.935,0.970
E06000005,Darlington,2013,105.591,197.4758,196.243,241.411,157.413,83.249,34.455,62.540,16.331,0.580
E06000005,Darlington,2014,105.825,197.4758,198.643,203.757,131.407,71.050,29.369,61.139,16.083,0.567
E06000005,Darlington,2015,105.988,197.4758,199.704,198.382,131.230,63.617,27.093,64.771,15.415,-0.067
E06000005,Darlington,2016,106.258,197.4758,199.286,185.991,120.686,56.321,23.396,64.028,16.063,0.769
E06000005,Darlington,2017,106.541,197.4758,199.615,178.712,116.603,44.588,25.673,65.640,17.086,0.621
E06000005,Darlington,2018,106.411,197.4758,200.481,174.533,106.880,51.539,21.390,64.116,18.647,0.493
E06000005,Darlington,2019,106.532,197.4758,198.499,169.104,105.178,46.730,21.396,65.675,21.531,0.255
E06000005,Darlington,2020,106.827,197.4758,169.243,167.722,98.374,41.819,19.871,61.928,45.510,0.637
E06000005,Darlington,2021,108.21,197.4758,178.494,169.983,99.207,49.351,19.802,60.880,39.047,0.865
E06000005,Darlington,2022,109.461,197.4758,178.657,144.363,87.489,46.719,19.784,58.850,20.805,1.091
E06000005,Darlington,2023,110.925,197.4758,176.441,135.956,78.722,40.689,17.923,62.574,24.374,0.687
E06000005,Darlington,2024,112.489,197.4758,177.892,137.058,86.498,32.576,17.631,61.256,47.904,0.736
E06000006,Halton,2005,120.396,90.3215,265.720,298.872,921.798,267.525,32.928,12.933,132.856,3.951
E06000006,Halton,2006,121.275,90.3215,260.657,294.368,835.667,273.813,32.590,12.902,130.108,3.801
E06000006,Halton,2007,122.04,90.3215,264.262,286.522,924.755,260.755,30.837,11.701,133.058,3.553
E06000006,Halton,2008,122.907,90.3215,252.979,283.100,894.396,245.993,28.862,11.903,122.879,3.401
E06000006,Halton,2009,123.636,90.3215,251.607,255.695,854.691,205.553,24.140,12.199,75.036,3.239
E06000006,Halton,2010,124.802,90.3215,242.788,271.373,729.075,226.920,27.888,12.367,94.536,3.097
E06000006,Halton,2011,125.722,90.3215,241.417,237.092,841.613,185.686,22.751,11.854,105.107,2.773
E06000006,Halton,2012,125.596,90.3215,243.242,252.200,806.297,225.256,26.650,13.003,113.905,2.765
E06000006,Halton,2013,125.889,90.3215,240.819,245.057,641.545,208.894,25.771,12.149,79.494,2.574
E06000006,Halton,2014,126.335,90.3215,243.122,205.960,542.189,180.065,22.757,11.624,60.977,2.704
E06000006,Halton,2015,126.464,90.3215,244.836,203.966,319.247,161.748,20.659,12.219,65.757,2.393
E06000006,Halton,2016,126.851,90.3215,251.404,189.401,220.936,137.309,17.267,11.942,62.448,2.466
E06000006,Halton,2017,127.038,90.3215,248.834,180.829,225.406,107.344,19.212,11.750,68.806,2.321
E06000006,Halton,2018,127.873,90.3215,269.245,179.734,200.013,125.687,17.483,10.259,53.356,2.497
E06000006,Halton,2019,128.456,90.3215,264.473,173.078,165.463,106.937,15.407,10.801,39.051,2.529
E06000006,Halton,2020,128.508,90.3215,226.222,166.557,157.565,102.452,13.979,9.830,42.071,2.792
E06000006,Halton,2021,128.57,90.3215,223.301,169.781,177.619,117.441,13.207,11.011,32.424,2.958
E06000006,Halton,2022,129.449,90.3215,221.457,143.056,147.298,109.446,14.149,10.959,25.800,3.220
E06000006,Halton,2023,130.384,90.3215,210.269,135.980,152.185,91.858,12.691,12.086,60.526,3.058
E06000006,Halton,2024,131.543,90.3215,210.425,135.377,143.487,73.266,12.697,11.657,26.943,3.145
E06000007,Warrington,2005,192.992,182.3834,724.464,503.533,310.040,332.487,78.425,40.295,211.419,21.171
E06000007,Warrington,2006,194.603,182.3834,724.091,499.798,308.785,343.444,78.755,36.188,207.717,20.795
E06000007,Warrington,2007,196.559,182.3834,734.672,489.492,299.708,332.623,75.555,37.430,203.100,19.997
E06000007,Warrington,2008,198.187,182.3834,713.530,485.279,284.262,316.369,72.471,38.702,187.770,19.106
E06000007,Warrington,2009,200.057,182.3834,693.432,446.532,251.062,276.187,63.341,38.793,106.145,18.831
E06000007,Warrington,2010,201.309,182.3834,684.392,475.876,287.575,300.144,70.187,38.115,126.190,18.839
E06000007,Warrington,2011,202.709,182.3834,668.474,415.493,239.055,235.378,56.714,37.044,139.473,17.662
E06000007,Warrington,2012,203.914,182.3834,658.979,444.495,253.502,273.647,63.180,38.328,137.001,17.533
E06000007,Warrington,2013,205.905,182.3834,654.537,432.262,267.068,257.109,61.818,33.951,97.752,16.905
E06000007,Warrington,2014,208.056,182.3834,666.535,364.451,231.512,220.087,53.662,31.706,88.247,16.869
E06000007,Warrington,2015,209.575,182.3834,675.377,360.758,232.744,192.435,48.261,32.750,84.289,16.077
E06000007,Warrington,2016,210.873,182.3834,702.934,334.290,213.712,181.311,40.095,33.430,73.293,16.714
E06000007,Warrington,2017,212.137,182.3834,689.899,319.307,229.717,136.537,40.798,32.861,74.202,16.249
E06000007,Warrington,2018,212.008,182.3834,679.340,316.527,211.315,161.906,33.347,31.946,61.950,16.088
E06000007,Warrington,2019,212.245,182.3834,666.396,304.863,221.122,137.120,29.799,30.121,61.611,15.848
E06000007,Warrington,2020,211.627,182.3834,572.796,294.556,207.270,118.570,27.686,29.131,66.985,15.905
E06000007,Warrington,2021,211.182,182.3834,592.232,301.865,253.615,139.177,31.630,34.327,58.644,16.240
E06000007,Warrington,2022,211.756,182.3834,593.483,256.172,204.744,149.208,35.366,33.161,58.059,17.404
E06000007,Warrington,2023,213.598,182.3834,581.873,242.744,163.026,137.179,28.846,30.994,67.184,16.383
E06000007,Warrington,2024,215.391,182.3834,584.994,240.158,177.911,116.337,32.158,30.556,60.020,16.552
E06000008,Blackburn with Darwen,2005,142.145,137.0221,200.838,355.824,397.719,159.624,97.226,30.289,10.222,3.635
E06000008,Blackburn with Darwen,2006,143.11,137.0221,194.111,349.036,420.265,160.337,92.322,29.371,11.976,3.191
E06000008,Blackburn with Darwen,2007,143.942,137.0221,196.398,340.872,408.255,145.845,86.346,27.946,11.127,2.847
E06000008,Blackburn with Darwen,2008,144.902,137.0221,187.374,340.157,456.775,143.299,82.719,25.092,12.355,2.432
E06000008,Blackburn with Darwen,2009,146.197,137.0221,180.531,309.977,389.883,114.445,69.863,25.672,18.368,2.017
E06000008,Blackburn with Darwen,2010,146.966,137.0221,179.908,328.344,465.630,127.049,77.884,24.442,34.726,1.809
E06000008,Blackburn with Darwen,2011,147.657,137.0221,175.892,291.457,328.337,106.390,64.118,23.216,33.873,14.097
E06000008,Blackburn with Darwen,2012,148.532,137.0221,174.478,306.497,248.547,109.881,60.048,23.216,26.367,1.459
E06000008,Blackburn with Darwen,2013,149.148,137.0221,174.497,298.917,241.199,99.479,57.997,24.053,29.898,0.960
E06000008,Blackburn with Darwen,2014,149.579,137.0221,177.135,250.843,204.328,85.044,48.771,23.865,25.503,0.850
E06000008,Blackburn with Darwen,2015,150.49,137.0221,176.289,250.601,185.018,75.212,44.703,24.649,13.571,0.328
E06000008,Blackburn with Darwen,2016,151.497,137.0221,179.248,229.700,171.950,63.677,38.265,23.889,13.280,0.373
E06000008,Blackburn with Darwen,2017,152.312,137.0221,173.525,222.625,201.381,53.936,37.269,23.759,13.920,-0.032
E06000008,Blackburn with Darwen,2018,152.787,137.0221,175.073,221.964,178.507,63.526,35.616,22.685,14.275,-0.329
E06000008,Blackburn with Darwen,2019,154.066,137.0221,173.238,214.868,210.603,62.942,39.612,22.690,17.190,-0.524
E06000008,Blackburn with Darwen,2020,154.564,137.0221,142.594,208.968,212.696,53.584,35.769,22.695,16.695,-0.547
E06000008,Blackburn with Darwen,2021,154.954,137.0221,144.316,216.460,162.002,63.633,39.286,23.381,14.792,-0.395
E06000008,Blackburn with Darwen,2022,156.268,137.0221,140.677,183.026,120.647,59.626,32.610,24.449,12.233,-0.043
E06000008,Blackburn with Darwen,2023,159.189,137.0221,140.466,175.537,98.482,53.979,27.666,22.475,13.985,-0.386
E06000008,Blackburn with Darwen,2024,162.54,137.0221,141.586,174.265,84.763,47.799,28.527,22.134,12.240,-0.302
E06000009,Blackpool,2005,143.688,43.1508,175.105,400.305,72.323,186.634,67.087,4.443,3.302,3.715
E06000009,Blackpool,2006,143.733,43.1508,164.561,395.020,72.558,190.061,65.717,5.556,3.987,3.774
E06000009,Blackpool,2007,143.644,43.1508,164.388,380.678,71.033,177.814,60.588,4.125,5.492,3.794
E06000009,Blackpool,2008,142.921,43.1508,159.699,378.301,65.751,178.585,61.150,4.117,4.071,3.708
E06000009,Blackpool,2009,142.578,43.1508,155.301,341.734,56.966,153.069,52.790,4.125,10.666,3.611
E06000009,Blackpool,2010,142.753,43.1508,152.898,361.146,61.719,160.032,56.470,4.172,10.846,3.580
E06000009,Blackpool,2011,142.08,43.1508,151.180,316.049,54.827,135.943,48.801,3.465,12.494,3.562
E06000009,Blackpool,2012,142.565,43.1508,149.773,336.025,60.367,157.571,55.443,3.578,7.734,3.517
E06000009,Blackpool,2013,142.733,43.1508,147.656,320.412,56.787,144.441,51.716,3.797,8.557,3.528
E06000009,Blackpool,2014,142.253,43.1508,148.183,268.250,49.828,124.089,44.975,3.827,7.358,3.507
E06000009,Blackpool,2015,141.788,43.1508,148.310,263.340,48.415,113.776,40.880,4.149,5.656,3.387
E06000009,Blackpool,2016,141.996,43.1508,151.123,240.601,43.117,94.541,34.704,4.939,5.733,3.293
E06000009,Blackpool,2017,142.121,43.1508,147.037,230.485,42.198,87.923,33.721,4.956,5.181,3.367
E06000009,Blackpool,2018,141.88,43.1508,144.807,226.848,42.814,97.258,32.951,4.773,4.411,3.432
E06000009,Blackpool,2019,142.407,43.1508,144.216,218.743,49.010,86.876,33.565,4.186,4.469,3.333
E06000009,Blackpool,2020,141.56,43.1508,122.627,211.044,44.807,66.471,31.237,4.003,4.102,3.327
E06000009,Blackpool,2021,140.976,43.1508,116.541,214.607,47.297,84.468,38.813,4.348,4.840,3.320
E06000009,Blackpool,2022,141.68,43.1508,113.577,179.015,42.004,79.233,38.101,4.176,4.283,3.367
E06000009,Blackpool,2023,143.07,43.1508,114.330,168.985,39.416,69.430,31.855,3.085,6.062,3.350
E06000009,Blackpool,2024,144.191,43.1508,113.732,165.196,29.944,59.547,29.619,3.135,4.438,3.361
E06000010,"Kingston upon Hull, City of",2005,255.159,81.4974,434.575,613.295,441.592,349.914,123.943,4.890,222.300,6.843
E06000010,"Kingston upon Hull, City of",2006,255.497,81.4974,426.317,606.054,428.985,346.791,116.796,7.540,218.769,6.770
E06000010,"Kingston upon Hull, City of",2007,255.761,81.4974,415.214,581.824,394.005,318.969,108.159,4.689,170.394,6.611
E06000010,"Kingston upon Hull, City of",2008,256.746,81.4974,398.570,580.412,389.488,314.033,106.826,4.739,199.034,6.430
E06000010,"Kingston upon Hull, City of",2009,256.079,81.4974,394.671,515.314,345.419,268.205,93.384,4.550,207.452,6.244
E06000010,"Kingston upon Hull, City of",2010,256.174,81.4974,386.155,552.259,368.721,272.233,96.517,4.718,172.819,6.080
E06000010,"Kingston upon Hull, City of",2011,256.123,81.4974,380.740,484.414,343.807,249.116,86.601,4.543,184.350,5.878
E06000010,"Kingston upon Hull, City of",2012,258.085,81.4974,382.829,512.047,356.510,252.023,90.504,4.859,173.036,5.775
E06000010,"Kingston upon Hull, City of",2013,259.094,81.4974,381.881,497.982,364.300,246.572,89.487,5.073,129.446,5.593
E06000010,"Kingston upon Hull, City of",2014,260.896,81.4974,394.385,421.230,324.982,211.969,78.137,5.323,68.494,5.457
E06000010,"Kingston upon Hull, City of",2015,262.711,81.4974,388.392,409.642,295.933,190.727,71.884,5.189,74.112,5.371
E06000010,"Kingston upon Hull, City of",2016,265.338,81.4974,400.202,379.909,260.552,193.559,54.507,4.826,66.106,5.233
E06000010,"Kingston upon Hull, City of",2017,267.566,81.4974,405.333,365.951,269.911,130.845,71.181,5.229,70.276,5.136
E06000010,"Kingston upon Hull, City of",2018,268.223,81.4974,405.798,356.771,224.415,183.624,55.287,4.952,63.158,5.308
E06000010,"Kingston upon Hull, City of",2019,268.749,81.4974,407.275,349.899,215.706,163.411,50.050,4.141,64.587,5.220
E06000010,"Kingston upon Hull, City of",2020,267.591,81.4974,342.872,339.604,201.954,142.396,48.013,3.913,64.884,5.452
E06000010,"Kingston upon Hull, City of",2021,266.516,81.4974,309.040,346.059,211.211,156.116,55.526,4.853,68.028,5.426
E06000010,"Kingston upon Hull, City of",2022,268.768,81.4974,304.046,291.743,197.289,145.195,68.423,4.377,58.721,5.577
E06000010,"Kingston upon Hull, City of",2023,273.069,81.4974,296.809,273.305,167.483,119.277,49.276,3.202,60.295,5.559
E06000010,"Kingston upon Hull, City of",2024,275.401,81.4974,299.174,274.432,183.010,93.371,46.892,5.609,54.022,5.609
E06000011,East Riding of Yorkshire,2005,327.268,2495.097,854.389,936.794,1367.862,302.869,104.350,672.200,238.078,171.648
E06000011,East Riding of Yorkshire,2006,328.587,2495.097,855.426,933.804,1150.639,335.489,106.947,665.983,235.568,173.949
E06000011,East Riding of Yorkshire,2007,330.865,2495.097,852.978,896.011,1090.779,355.736,108.717,660.416,226.513,165.208
E06000011,East Riding of Yorkshire,2008,332.464,2495.097,836.473,893.743,1030.744,341.737,107.179,679.636,176.575,156.087
E06000011,East Riding of Yorkshire,2009,332.748,2495.097,810.490,824.767,1058.617,303.674,97.221,669.208,224.215,163.850
E06000011,East Riding of Yorkshire,2010,333.599,2495.097,799.480,897.834,1030.154,330.971,105.786,673.247,191.552,163.278
E06000011,East Riding of Yorkshire,2011,334.673,2495.097,785.864,788.271,973.354,298.360,92.118,655.741,211.944,160.100
E06000011,East Riding of Yorkshire,2012,334.972,2495.097,778.996,835.991,947.516,308.777,95.763,676.464,219.350,164.235
E06000011,East Riding of Yorkshire,2013,334.572,2495.097,783.576,814.627,973.876,288.470,91.074,676.219,160.926,165.491
E06000011,East Riding of Yorkshire,2014,335.625,2495.097,800.294,694.481,986.198,260.549,81.908,655.294,170.630,159.284
E06000011,East Riding of Yorkshire,2015,334.735,2495.097,811.401,679.155,879.126,221.794,71.648,688.966,177.369,154.984
E06000011,East Riding of Yorkshire,2016,336.323,2495.097,845.031,636.114,858.393,195.302,59.636,652.507,245.413,162.708
E06000011,East Riding of Yorkshire,2017,336.697,2495.097,853.589,611.234,910.022,134.996,62.399,711.216,220.592,160.684
E06000011,East Riding of Yorkshire,2018,337.192,2495.097,857.836,600.951,846.352,177.310,59.210,658.110,199.667,155.453
E06000011,East Riding of Yorkshire,2019,338.944,2495.097,842.687,588.505,780.261,200.816,55.459,694.844,174.106,153.965
E06000011,East Riding of Yorkshire,2020,341.05,2495.097,720.324,577.108,773.519,152.541,53.606,659.180,190.794,153.754
E06000011,East Riding of Yorkshire,2021,343.145,2495.097,759.970,579.544,624.161,197.113,59.351,676.758,246.837,156.243
E06000011,East Riding of Yorkshire,2022,346.6,2495.097,763.430,485.921,598.877,169.568,46.486,619.928,209.995,157.525
E06000011,East Riding of Yorkshire,2023,351.237,2495.097,749.500,462.701,590.010,132.159,36.399,616.982,240.955,153.242
E06000011,East Riding of Yorkshire,2024,355.884,2495.097,756.661,470.968,1245.053,94.216,24.090,607.404,297.943,153.730
E06000012,North East Lincolnshire,2005,158.725,202.6626,345.895,416.557,1130.367,249.189,62.076,29.612,124.113,4.803
E06000012,North East Lincolnshire,2006,158.61,202.6626,376.103,408.948,1032.565,258.206,62.954,27.861,121.555,4.890
E06000012,North East Lincolnshire,2007,158.589,202.6626,346.338,390.237,933.183,237.810,58.187,29.260,39.319,4.540
E06000012,North East Lincolnshire,2008,158.708,202.6626,327.552,386.564,890.120,251.065,59.286,31.837,72.208,4.194
E06000012,North East Lincolnshire,2009,158.689,202.6626,323.077,350.440,749.115,223.989,53.751,30.530,61.893,4.470
E06000012,North East Lincolnshire,2010,158.951,202.6626,311.476,376.328,803.423,234.660,57.706,30.944,60.232,4.310
E06000012,North East Lincolnshire,2011,159.735,202.6626,311.974,331.055,716.039,212.088,51.015,29.749,50.369,4.296
E06000012,North East Lincolnshire,2012,159.408,202.6626,313.028,348.766,766.735,209.263,52.362,30.711,49.705,4.479
E06000012,North East Lincolnshire,2013,159.456,202.6626,312.792,341.332,737.723,205.894,49.680,30.232,41.916,4.090
E06000012,North East Lincolnshire,2014,159.42,202.6626,326.403,291.356,679.311,189.299,46.573,28.721,33.483,3.920
E06000012,North East Lincolnshire,2015,159.14,202.6626,322.369,282.168,530.388,140.158,31.313,29.487,37.964,3.679
E06000012,North East Lincolnshire,2016,158.877,202.6626,317.170,262.341,573.878,122.503,31.575,27.382,38.825,4.055
E06000012,North East Lincolnshire,2017,158.699,202.6626,308.640,253.629,604.977,90.123,32.166,27.989,44.480,4.039
E06000012,North East Lincolnshire,2018,158.46,202.6626,312.915,246.280,593.837,119.728,35.151,23.011,37.317,4.151
E06000012,North East Lincolnshire,2019,157.957,202.6626,304.173,240.494,537.427,107.261,28.378,21.429,36.186,4.011
E06000012,North East Lincolnshire,2020,157.313,202.6626,249.242,234.052,504.855,107.748,26.366,20.945,35.967,4.256
E06000012,North East Lincolnshire,2021,157.188,202.6626,237.450,236.368,535.245,123.055,29.244,19.857,29.539,4.377
E06000012,North East Lincolnshire,2022,157.842,202.6626,232.018,198.980,450.687,115.116,25.399,18.017,26.107,4.485
E06000012,North East Lincolnshire,2023,158.663,202.6626,231.806,185.231,425.975,73.380,20.667,21.698,26.258,4.148
E06000012,North East Lincolnshire,2024,159.911,202.6626,229.866,185.730,442.880,87.929,20.710,21.215,21.820,4.161
E06000013,North Lincolnshire,2005,159.679,875.6845,479.526,434.387,10128.869,227.238,34.301,198.103,231.303,102.725
E06000013,North Lincolnshire,2006,161.163,875.6845,477.768,427.487,10574.709,238.645,34.552,191.390,225.772,102.345
E06000013,North Lincolnshire,2007,162.801,875.6845,492.624,413.319,10632.242,200.341,30.023,194.675,201.048,96.985
E06000013,North Lincolnshire,2008,164.519,875.6845,465.068,409.532,9684.640,231.254,32.739,203.829,126.222,92.222
E06000013,North Lincolnshire,2009,165.572,875.6845,444.973,375.578,7093.962,182.990,26.748,193.871,199.004,93.232
E06000013,North Lincolnshire,2010,166.539,875.6845,441.065,407.172,8457.911,226.819,31.753,201.175,156.714,91.774
E06000013,North Lincolnshire,2011,167.516,875.6845,435.510,356.114,8497.712,188.294,26.868,194.592,184.413,90.689
E06000013,North Lincolnshire,2012,167.974,875.6845,443.994,377.764,7169.555,188.321,27.381,199.536,161.861,92.260
E06000013,North Lincolnshire,2013,168.309,875.6845,447.185,370.884,7429.811,179.722,26.556,197.646,119.898,90.750
E06000013,North Lincolnshire,2014,168.816,875.6845,461.973,317.416,6833.004,140.319,21.904,195.068,106.404,90.875
E06000013,North Lincolnshire,2015,169.212,875.6845,463.296,309.626,8018.526,128.016,18.159,201.738,100.755,88.985
E06000013,North Lincolnshire,2016,170.174,875.6845,484.413,291.769,7110.226,106.787,14.111,193.668,101.444,91.810
E06000013,North Lincolnshire,2017,170.616,875.6845,486.839,279.242,6719.741,66.736,14.868,200.463,111.886,91.415
E06000013,North Lincolnshire,2018,170.384,875.6845,501.771,274.352,6820.924,85.085,13.658,179.904,206.440,91.424
E06000013,North Lincolnshire,2019,170.283,875.6845,486.946,269.348,6357.328,61.775,12.531,182.894,416.665,91.309
E06000013,North Lincolnshire,2020,170.034,875.6845,435.735,262.278,6167.347,49.922,11.425,166.339,434.907,92.519
E06000013,North Lincolnshire,2021,169.929,875.6845,450.950,264.195,6401.660,58.900,13.392,173.221,544.455,93.749
E06000013,North Lincolnshire,2022,170.125,875.6845,441.574,219.615,5273.405,61.439,13.661,169.903,459.646,94.556
E06000013,North Lincolnshire,2023,170.477,875.6845,440.094,208.316,4546.040,55.473,11.249,175.424,137.826,92.732
E06000013,North Lincolnshire,2024,171.336,875.6845,428.314,210.816,3907.792,54.412,11.034,165.098,77.824,92.988
E06000014,York,2005,188.214,272.0148,332.726,484.497,182.227,280.482,95.699,71.787,58.853,3.505
E06000014,York,2006,188.977,272.0148,330.756,481.194,177.339,280.769,94.338,68.287,58.792,3.454
E06000014,York,2007,189.77,272.0148,332.172,460.806,136.700,242.867,77.382,68.453,45.473,2.538
E06000014,York,2008,190.768,272.0148,318.958,461.601,126.844,239.868,76.019,73.143,53.320,1.200
E06000014,York,2009,192.398,272.0148,309.898,423.712,110.287,218.563,67.754,73.565,55.201,1.589
E06000014,York,2010,195.07,272.0148,307.448,458.637,123.864,236.425,73.816,72.952,46.529,1.421
E06000014,York,2011,197.783,272.0148,302.024,405.567,110.540,211.095,65.594,68.383,49.429,0.654
E06000014,York,2012,199.157,272.0148,305.635,436.005,114.851,214.816,67.794,73.950,48.710,1.342
E06000014,York,2013,201.168,272.0148,303.666,421.389,120.898,208.502,67.432,67.057,48.186,0.481
E06000014,York,2014,202.206,272.0148,310.874,359.503,108.488,187.479,60.391,64.228,128.860,0.433
E06000014,York,2015,203.212,272.0148,315.419,350.553,106.017,158.956,52.419,69.547,63.785,-0.285
E06000014,York,2016,202.892,272.0148,329.248,328.512,97.810,135.895,44.889,66.931,41.167,0.536
E06000014,York,2017,203.546,272.0148,333.344,311.729,97.877,111.768,39.358,66.725,40.311,0.269
E06000014,York,2018,203.906,272.0148,334.139,306.801,87.075,127.933,35.071,59.756,41.839,0.566
E06000014,York,2019,203.877,272.0148,329.654,297.399,84.593,108.034,35.302,58.384,31.156,0.422
E06000014,York,2020,202.169,272.0148,270.042,287.120,75.268,89.212,31.142,55.570,34.175,0.526
E06000014,York,2021,201.851,272.0148,261.912,291.136,92.852,111.008,39.923,56.168,33.629,0.872
E06000014,York,2022,204.748,272.0148,262.756,244.189,81.463,105.255,37.099,53.305,29.060,1.279
E06000014,York,2023,206.746,272.0148,259.738,230.450,66.494,95.402,28.869,56.186,30.333,0.812
E06000014,York,2024,209.301,272.0148,256.994,232.853,59.514,100.116,26.967,61.541,34.049,0.976
E06000015,Derby,2005,236.47,78.0311,511.336,586.035,300.072,359.980,151.056,10.739,147.691,4.277
E06000015,Derby,2006,238.11,78.0311,495.368,579.854,283.264,350.282,142.755,14.934,146.484,4.175
E06000015,Derby,2007,239.917,78.0311,497.949,562.763,263.874,324.139,128.042,8.877,120.764,4.021
E06000015,Derby,2008,241.865,78.0311,486.517,559.223,262.331,330.943,130.496,8.995,256.747,3.981
E06000015,Derby,2009,243.98,78.0311,470.759,507.850,260.704,326.146,136.192,8.959,289.336,3.668
E06000015,Derby,2010,247.035,78.0311,451.836,547.006,251.452,304.926,120.272,9.305,204.983,3.518
E06000015,Derby,2011,248.943,78.0311,436.930,479.266,238.793,278.491,110.584,8.821,154.586,3.344
E06000015,Derby,2012,251.804,78.0311,429.243,512.821,223.593,264.262,104.643,8.958,137.895,3.254
E06000015,Derby,2013,253.812,78.0311,414.681,498.995,290.274,268.614,104.267,10.060,115.145,3.115
E06000015,Derby,2014,255.32,78.0311,415.276,423.825,231.421,197.277,82.133,9.307,99.734,3.060
E06000015,Derby,2015,257.406,78.0311,410.874,413.332,227.926,201.616,81.575,9.662,108.275,2.840
E06000015,Derby,2016,259.883,78.0311,411.517,387.725,200.393,182.261,64.758,9.391,112.840,2.876
E06000015,Derby,2017,261.104,78.0311,412.793,370.292,217.764,135.552,73.263,9.482,124.181,2.753
E06000015,Derby,2018,262.395,78.0311,399.999,366.333,186.514,195.204,61.283,8.289,73.517,2.989
E06000015,Derby,2019,263.014,78.0311,392.658,356.850,199.148,128.320,61.862,8.123,106.685,2.831
E06000015,Derby,2020,261.999,78.0311,350.734,344.606,196.898,112.105,65.133,7.500,109.261,2.826
E06000015,Derby,2021,261.26,78.0311,414.219,350.956,188.777,125.605,68.706,7.714,81.460,2.822
E06000015,Derby,2022,264.321,78.0311,435.434,302.389,201.196,132.380,61.614,7.777,89.198,2.933
E06000015,Derby,2023,269.903,78.0311,428.151,281.865,163.378,110.589,51.627,7.316,50.270,2.822
E06000015,Derby,2024,274.149,78.0311,426.535,283.124,211.415,108.725,56.413,7.301,49.631,2.837
E06000016,Leicester,2005,301.543,73.3421,445.442,702.626,612.766,358.031,187.209,4.918,16.898,5.116
E06000016,Leicester,2006,306.548,73.3421,437.512,691.625,584.810,352.783,177.318,6.014,19.680,4.898
E06000016,Leicester,2007,311.303,73.3421,436.703,663.712,557.284,332.932,169.210,3.793,16.569,4.755
E06000016,Leicester,2008,315.473,73.3421,422.185,664.379,519.328,325.080,164.365,4.026,14.122,4.666
E06000016,Leicester,2009,319.708,73.3421,410.172,604.714,467.430,287.202,146.569,4.287,19.374,4.336
E06000016,Leicester,2010,324.912,73.3421,395.589,651.480,496.742,286.470,151.327,4.667,23.163,4.243
E06000016,Leicester,2011,329.627,73.3421,383.599,574.790,458.843,263.705,137.751,4.470,19.809,3.990
E06000016,Leicester,2012,334.099,73.3421,376.441,615.138,493.160,302.716,154.794,4.695,20.520,3.789
E06000016,Leicester,2013,338.852,73.3421,365.044,604.118,486.212,281.311,147.874,4.101,22.399,3.661
E06000016,Leicester,2014,342.917,73.3421,366.068,514.896,420.002,235.461,124.204,3.802,26.872,3.442
E06000016,Leicester,2015,349.853,73.3421,358.116,503.161,388.832,196.510,108.040,3.790,24.156,3.248
E06000016,Leicester,2016,356.789,73.3421,361.518,473.944,363.667,167.031,91.304,3.897,22.106,3.142
E06000016,Leicester,2017,361.895,73.3421,357.493,455.417,352.540,141.647,99.394,3.902,39.071,3.120
E06000016,Leicester,2018,367.094,73.3421,345.867,448.912,327.002,169.107,89.807,3.637,36.859,3.339
E06000016,Leicester,2019,369.776,73.3421,337.730,437.798,340.707,146.239,83.079,3.783,26.459,3.196
E06000016,Leicester,2020,368.922,73.3421,301.058,426.663,297.470,120.914,74.528,3.641,19.275,3.264
E06000016,Leicester,2021,366.94,73.3421,353.062,440.355,264.631,148.935,89.837,3.218,23.281,3.272
E06000016,Leicester,2022,373.086,73.3421,379.171,383.204,251.649,146.862,81.709,2.859,37.178,3.414
E06000016,Leicester,2023,382.696,73.3421,374.963,353.801,226.094,126.287,66.222,3.468,40.987,3.326
E06000016,Leicester,2024,388.348,73.3421,370.979,358.329,213.090,111.925,72.733,3.204,37.998,3.348
E06000017,Rutland,2005,36.115,393.749,160.509,103.416,1066.896,156.023,21.205,78.699,104.893,-7.691
E06000017,Rutland,2006,36.51,393.749,161.301,102.201,1032.222,135.009,18.432,77.654,101.966,-7.635
E06000017,Rutland,2007,37.11,393.749,162.568,100.894,962.430,139.788,18.808,80.713,34.444,-8.333
E06000017,Rutland,2008,37.478,393.749,161.964,101.209,921.899,137.344,18.558,85.747,50.464,-9.543
E06000017,Rutland,2009,37.417,393.749,158.384,92.575,699.257,109.957,17.719,81.930,14.704,-8.768
E06000017,Rutland,2010,37.67,393.749,159.472,100.669,721.291,129.601,31.120,85.441,21.406,-8.848
E06000017,Rutland,2011,37.581,393.749,158.112,88.780,741.677,110.740,16.492,81.093,16.964,-9.401
E06000017,Rutland,2012,37.114,393.749,156.341,95.263,633.717,115.876,17.343,86.641,13.985,-8.823
E06000017,Rutland,2013,37.833,393.749,154.643,93.921,728.366,110.520,18.792,83.282,14.097,-9.387
E06000017,Rutland,2014,38.294,393.749,156.640,80.278,673.700,91.937,16.363,81.008,9.726,-9.421
E06000017,Rutland,2015,38.438,393.749,159.714,79.334,679.808,80.382,13.722,85.959,7.399,-10.278
E06000017,Rutland,2016,39.044,393.749,164.967,74.969,715.708,63.778,11.977,84.400,6.598,-8.793
E06000017,Rutland,2017,39.831,393.749,167.154,71.541,692.774,27.621,15.047,88.935,6.565,-9.151
E06000017,Rutland,2018,40.053,393.749,166.087,70.532,676.565,54.966,11.261,78.365,6.153,-9.597
E06000017,Rutland,2019,40.175,393.749,162.132,68.330,754.193,37.851,13.982,80.116,6.500,-10.053
E06000017,Rutland,2020,40.633,393.749,144.588,67.363,670.727,33.898,15.575,75.047,7.091,-9.893
E06000017,Rutland,2021,41.342,393.749,151.827,67.707,767.871,38.280,17.719,75.667,5.399,-9.315
E06000017,Rutland,2022,41.165,393.749,151.939,57.644,694.545,48.477,13.814,68.895,6.081,-8.970
E06000017,Rutland,2023,40.807,393.749,147.916,54.428,543.643,39.382,12.757,69.647,7.944,-10.020
E06000017,Rutland,2024,41.443,393.749,148.542,55.355,533.089,35.350,11.412,70.240,8.767,-9.968
E06000018,Nottingham,2005,284.834,74.6132,502.900,692.141,217.518,450.223,311.486,6.363,112.992,2.857
E06000018,Nottingham,2006,286.459,74.6132,489.726,680.928,212.459,444.074,294.886,6.107,111.320,2.659
E06000018,Nottingham,2007,288.164,74.6132,483.229,654.584,208.787,420.360,281.537,5.684,98.828,2.551
E06000018,Nottingham,2008,290.783,74.6132,466.583,650.932,191.310,413.274,274.363,5.581,105.746,2.261
E06000018,Nottingham,2009,294.808,74.6132,457.832,587.975,169.625,359.665,244.854,5.783,119.621,2.180
E06000018,Nottingham,2010,299.753,74.6132,444.774,629.603,184.246,370.944,260.335,5.823,99.663,2.074
E06000018,Nottingham,2011,303.899,74.6132,431.049,551.918,168.016,331.633,226.323,5.041,95.428,1.878
E06000018,Nottingham,2012,307.436,74.6132,422.758,586.322,174.446,346.020,243.014,5.340,78.193,1.836
E06000018,Nottingham,2013,308.681,74.6132,409.845,569.347,165.437,321.574,232.472,5.543,127.089,1.495
E06000018,Nottingham,2014,310.339,74.6132,407.339,482.012,132.623,258.113,164.738,5.010,92.210,1.484
E06000018,Nottingham,2015,313.265,74.6132,401.597,467.356,135.723,240.207,164.876,4.880,77.597,1.271
E06000018,Nottingham,2016,317.625,74.6132,404.926,435.816,135.015,216.341,135.414,4.623,88.706,1.216
E06000018,Nottingham,2017,320.378,74.6132,404.324,415.492,118.424,166.478,157.465,4.746,93.987,1.167
E06000018,Nottingham,2018,322.323,74.6132,395.309,408.502,106.193,199.112,137.059,3.751,99.690,1.347
E06000018,Nottingham,2019,323.16,74.6132,389.378,399.420,99.867,183.190,131.255,3.533,210.672,1.145
E06000018,Nottingham,2020,322.822,74.6132,336.898,386.501,93.046,158.549,133.134,3.173,210.890,1.250
E06000018,Nottingham,2021,319.978,74.6132,399.063,397.528,102.606,180.081,143.639,4.117,185.710,1.316
E06000018,Nottingham,2022,326.572,74.6132,407.356,339.814,90.525,179.752,125.471,4.103,168.612,1.453
E06000018,Nottingham,2023,327.186,74.6132,399.869,316.060,94.067,162.723,103.703,3.953,136.966,1.261
E06000018,Nottingham,2024,331.077,74.6132,400.170,316.985,77.923,144.974,110.063,3.726,44.632,1.254
E06000019,"Herefordshire, County of",2005,176.587,2179.7094,445.421,493.060,288.157,156.763,50.678,712.390,55.176,-145.426
E06000019,"Herefordshire, County of",2006,178.103,2179.7094,437.993,495.099,286.934,167.473,50.711,708.878,55.793,-146.686
E06000019,"Herefordshire, County of",2007,179.93,2179.7094,447.723,474.958,278.862,162.979,49.274,682.256,58.152,-153.530
E06000019,"Herefordshire, County of",2008,181.791,2179.7094,427.550,474.712,272.686,160.985,48.340,685.798,41.164,-162.061
E06000019,"Herefordshire, County of",2009,182.367,2179.7094,415.712,440.590,249.326,141.818,42.435,668.008,56.230,-161.185
E06000019,"Herefordshire, County of",2010,182.865,2179.7094,414.510,476.643,272.032,144.219,44.390,673.697,94.202,-161.831
E06000019,"Herefordshire, County of",2011,183.619,2179.7094,404.030,414.112,251.695,138.256,41.654,656.437,94.856,-165.877
E06000019,"Herefordshire, County of",2012,184.208,2179.7094,399.859,439.264,254.180,140.358,42.575,672.350,90.799,-158.086
E06000019,"Herefordshire, County of",2013,184.748,2179.7094,394.449,428.642,253.338,134.379,41.358,660.421,89.121,-166.221
E06000019,"Herefordshire, County of",2014,185.523,2179.7094,406.903,370.039,227.757,120.039,36.819,646.513,97.138,-165.051
E06000019,"Herefordshire, County of",2015,185.778,2179.7094,408.751,357.342,211.138,106.341,32.579,652.173,80.104,-171.245
E06000019,"Herefordshire, County of",2016,186.225,2179.7094,424.016,335.279,192.269,90.766,27.715,635.931,92.058,-160.634
E06000019,"Herefordshire, County of",2017,186.687,2179.7094,431.397,318.053,183.881,74.241,27.018,654.823,68.702,-166.122
E06000019,"Herefordshire, County of",2018,186.511,2179.7094,425.597,314.185,178.158,83.961,26.478,627.611,67.246,-165.354
E06000019,"Herefordshire, County of",2019,186.373,2179.7094,403.731,302.497,155.190,75.400,23.675,634.268,78.231,-167.974
E06000019,"Herefordshire, County of",2020,185.886,2179.7094,338.634,299.101,129.525,65.056,21.618,606.624,68.939,-169.474
E06000019,"Herefordshire, County of",2021,187.522,2179.7094,378.288,298.985,138.490,74.990,25.751,611.351,77.498,-163.516
E06000019,"Herefordshire, County of",2022,188.518,2179.7094,383.316,249.899,131.146,78.016,23.531,571.410,68.523,-159.237
E06000019,"Herefordshire, County of",2023,190.045,2179.7094,377.302,241.342,119.208,67.146,19.969,572.169,49.878,-167.138
E06000019,"Herefordshire, County of",2024,191.047,2179.7094,379.966,247.893,106.422,67.868,19.838,571.549,53.820,-165.563
E06000020,Telford and Wrekin,2005,161.535,290.3137,368.187,373.901,428.626,186.432,87.713,88.032,38.567,27.451
E06000020,Telford and Wrekin,2006,162.71,290.3137,352.496,380.270,445.656,202.082,92.797,89.227,39.824,27.364
E06000020,Telford and Wrekin,2007,163.368,290.3137,356.200,367.078,368.823,185.556,84.715,83.392,146.399,26.771
E06000020,Telford and Wrekin,2008,164.089,290.3137,342.827,366.297,321.989,183.816,85.863,85.523,82.602,25.683
E06000020,Telford and Wrekin,2009,164.889,290.3137,328.504,333.961,268.871,154.996,69.635,86.894,116.890,26.147
E06000020,Telford and Wrekin,2010,165.641,290.3137,322.749,359.773,294.923,162.858,74.853,89.528,140.400,26.099
E06000020,Telford and Wrekin,2011,166.831,290.3137,325.049,315.979,280.640,153.152,67.720,88.423,135.982,25.555
E06000020,Telford and Wrekin,2012,167.964,290.3137,323.796,337.274,276.300,153.931,70.084,89.868,194.643,26.134
E06000020,Telford and Wrekin,2013,169.014,290.3137,320.104,330.991,282.377,148.507,70.228,89.280,114.426,25.197
E06000020,Telford and Wrekin,2014,170.61,290.3137,322.959,282.285,255.196,131.547,60.762,88.294,90.834,25.225
E06000020,Telford and Wrekin,2015,172.898,290.3137,323.685,279.333,237.404,116.614,55.909,91.127,93.307,24.526
E06000020,Telford and Wrekin,2016,175.352,290.3137,334.076,262.478,204.303,98.586,50.720,88.957,49.523,25.624
E06000020,Telford and Wrekin,2017,177.528,290.3137,343.174,252.784,183.897,82.784,48.209,90.541,64.632,25.043
E06000020,Telford and Wrekin,2018,179.548,290.3137,349.369,253.828,172.026,95.623,44.392,87.260,64.133,25.488
E06000020,Telford and Wrekin,2019,182.081,290.3137,336.432,243.916,165.462,86.453,37.896,89.909,65.742,24.886
E06000020,Telford and Wrekin,2020,183.483,290.3137,279.806,240.360,155.630,71.434,35.651,85.866,57.890,24.694
E06000020,Telford and Wrekin,2021,185.857,290.3137,302.238,245.967,161.421,78.488,35.884,88.997,43.813,25.353
E06000020,Telford and Wrekin,2022,189,290.3137,301.724,211.516,167.319,70.735,34.169,81.661,47.137,25.862
E06000020,Telford and Wrekin,2023,192.417,290.3137,298.295,202.689,141.068,63.122,31.448,79.953,43.289,24.894
E06000020,Telford and Wrekin,2024,195.952,290.3137,294.755,205.411,148.588,52.787,31.410,76.833,42.362,25.017
E06000021,Stoke-on-Trent,2005,241.481,93.4485,434.075,589.934,706.153,268.078,91.874,16.213,52.649,1.875
E06000021,Stoke-on-Trent,2006,243.069,93.4485,420.171,602.000,709.318,258.339,85.729,19.410,53.878,1.642
E06000021,Stoke-on-Trent,2007,243.697,93.4485,413.535,577.944,701.258,234.716,77.607,17.390,39.796,1.376
E06000021,Stoke-on-Trent,2008,245.509,93.4485,412.285,570.008,711.707,202.555,68.243,17.179,43.174,1.097
E06000021,Stoke-on-Trent,2009,245.869,93.4485,409.488,515.938,652.495,200.785,65.127,17.328,73.588,0.988
E06000021,Stoke-on-Trent,2010,247.381,93.4485,398.049,548.558,617.619,192.096,65.733,16.996,93.437,0.854
E06000021,Stoke-on-Trent,2011,248.719,93.4485,394.975,487.131,532.824,189.141,63.316,15.531,61.171,0.560
E06000021,Stoke-on-Trent,2012,250.322,93.4485,386.358,509.984,560.016,198.464,65.551,15.561,73.048,0.466
E06000021,Stoke-on-Trent,2013,251.568,93.4485,382.708,497.407,666.031,190.248,64.313,14.667,68.183,0.234
E06000021,Stoke-on-Trent,2014,253.316,93.4485,386.469,421.360,716.965,186.481,72.327,15.127,56.003,0.156
E06000021,Stoke-on-Trent,2015,254.095,93.4485,387.732,418.553,626.796,164.466,66.865,15.142,55.311,-0.128
E06000021,Stoke-on-Trent,2016,256.168,93.4485,388.378,387.035,584.908,143.136,58.020,14.944,69.496,-0.046
E06000021,Stoke-on-Trent,2017,258.235,93.4485,380.305,371.305,350.231,111.837,61.958,14.549,82.583,-0.165
E06000021,Stoke-on-Trent,2018,258.843,93.4485,371.645,367.624,307.174,149.090,57.570,12.678,80.192,-0.024
E06000021,Stoke-on-Trent,2019,259.181,93.4485,357.356,356.375,282.882,124.612,51.660,12.355,80.314,-0.161
E06000021,Stoke-on-Trent,2020,258.866,93.4485,301.232,347.580,242.825,108.402,47.791,12.348,66.368,-0.226
E06000021,Stoke-on-Trent,2021,258.102,93.4485,326.756,357.597,258.896,123.671,54.454,12.842,79.178,-0.142
E06000021,Stoke-on-Trent,2022,260.624,93.4485,328.530,298.976,347.658,115.875,47.879,11.643,128.717,0.010
E06000021,Stoke-on-Trent,2023,265.822,93.4485,324.801,285.239,295.741,105.184,44.438,10.430,105.222,-0.237
E06000021,Stoke-on-Trent,2024,270.425,93.4485,323.589,283.910,228.077,90.853,46.097,10.542,74.537,-0.258
E06000022,Bath and North East Somerset,2005,171.274,351.1235,306.765,444.822,83.793,184.320,106.015,123.219,21.690,-14.038
E06000022,Bath and North East Somerset,2006,171.204,351.1235,307.251,439.391,79.017,174.643,94.544,115.291,23.356,-14.247
E06000022,Bath and North East Somerset,2007,172.635,351.1235,309.843,425.627,76.954,165.602,89.771,114.096,19.049,-15.073
E06000022,Bath and North East Somerset,2008,173.565,351.1235,302.080,423.594,72.954,166.420,91.301,116.082,19.704,-16.005
E06000022,Bath and North East Somerset,2009,173.36,351.1235,289.432,386.731,64.705,150.013,82.414,113.421,54.652,-16.454
E06000022,Bath and North East Somerset,2010,174.267,351.1235,278.020,413.593,67.939,152.402,83.982,115.820,56.797,-16.789
E06000022,Bath and North East Somerset,2011,175.538,351.1235,276.833,364.970,63.400,131.871,72.364,111.190,56.706,-17.424
E06000022,Bath and North East Somerset,2012,176.598,351.1235,273.966,395.225,63.489,142.247,79.063,111.836,53.416,-17.338
E06000022,Bath and North East Somerset,2013,178.743,351.1235,270.206,386.092,60.296,132.633,77.887,108.878,40.912,-18.166
E06000022,Bath and North East Somerset,2014,180.065,351.1235,274.822,327.120,54.407,115.515,67.878,107.324,33.040,-18.141
E06000022,Bath and North East Somerset,2015,182.561,351.1235,274.768,318.735,49.316,102.518,63.602,108.682,29.952,-19.012
E06000022,Bath and North East Somerset,2016,185.507,351.1235,281.454,302.145,45.166,87.751,54.548,103.772,27.346,-18.118
E06000022,Bath and North East Somerset,2017,186.894,351.1235,276.495,285.415,45.753,74.265,56.954,104.808,29.477,-18.829
E06000022,Bath and North East Somerset,2018,189.489,351.1235,269.021,282.811,39.009,87.219,52.784,100.132,32.751,-19.052
E06000022,Bath and North East Somerset,2019,190.176,351.1235,260.468,272.262,32.816,78.224,49.315,101.082,30.930,-19.356
E06000022,Bath and North East Somerset,2020,191.974,351.1235,211.745,267.399,30.362,64.666,43.726,99.506,24.405,-19.262
E06000022,Bath and North East Somerset,2021,192.419,351.1235,242.787,269.717,31.998,77.259,48.829,98.576,24.027,-18.883
E06000022,Bath and North East Somerset,2022,195.467,351.1235,241.983,233.815,29.777,70.674,44.375,96.202,24.739,-18.546
E06000022,Bath and North East Somerset,2023,198.264,351.1235,239.252,217.523,27.235,59.968,38.309,97.517,26.049,-19.482
E06000022,Bath and North East Somerset,2024,200.028,351.1235,237.870,217.741,29.960,57.277,41.193,96.704,28.289,-19.453
E06000023,"Bristol, City of",2005,405.407,235.4248,716.465,949.898,307.722,633.642,248.821,7.885,411.117,5.335
E06000023,"Bristol, City of",2006,408.428,235.4248,711.699,941.961,302.444,622.566,238.957,8.191,400.975,5.228
E06000023,"Bristol, City of",2007,411.901,235.4248,717.638,905.186,321.902,580.169,219.333,7.006,218.062,4.994
E06000023,"Bristol, City of",2008,414.822,235.4248,694.364,903.327,246.588,569.045,211.655,7.301,259.683,4.748
E06000023,"Bristol, City of",2009,418.99,235.4248,674.633,820.110,149.699,529.130,193.052,7.149,360.737,4.359
E06000023,"Bristol, City of",2010,423.044,235.4248,648.508,870.824,159.899,549.467,201.895,6.809,281.541,4.135
E06000023,"Bristol, City of",2011,428.074,235.4248,630.305,770.545,154.245,502.650,182.805,6.171,305.858,3.954
E06000023,"Bristol, City of",2012,433.264,235.4248,621.034,838.732,154.908,519.697,191.153,6.522,258.199,3.748
E06000023,"Bristol, City of",2013,438.984,235.4248,607.961,816.541,154.358,489.260,181.554,6.493,264.976,3.340
E06000023,"Bristol, City of",2014,443.834,235.4248,613.852,686.363,139.253,426.034,158.154,6.202,231.910,3.287
E06000023,"Bristol, City of",2015,451.79,235.4248,603.699,663.715,131.837,383.323,150.083,6.159,201.859,3.029
E06000023,"Bristol, City of",2016,459.588,235.4248,605.269,621.664,108.547,319.025,124.921,5.867,223.764,6.439
E06000023,"Bristol, City of",2017,463.113,235.4248,595.442,582.059,145.848,251.552,137.551,5.868,202.148,4.201
E06000023,"Bristol, City of",2018,467.026,235.4248,580.795,570.889,102.971,303.803,119.450,5.862,227.038,2.911
E06000023,"Bristol, City of",2019,469.92,235.4248,558.729,552.855,97.611,278.601,104.895,5.762,239.466,2.968
E06000023,"Bristol, City of",2020,471.851,235.4248,452.153,539.344,91.185,244.916,107.106,5.577,229.878,2.915
E06000023,"Bristol, City of",2021,471.285,235.4248,536.927,543.417,99.389,274.953,114.441,5.507,174.548,2.942
E06000023,"Bristol, City of",2022,479.639,235.4248,531.674,471.276,101.041,256.003,107.902,5.307,136.697,3.133
E06000023,"Bristol, City of",2023,486.376,235.4248,526.022,434.227,88.008,221.283,94.646,5.441,120.255,2.932
E06000023,"Bristol, City of",2024,494.399,235.4248,525.859,430.483,111.479,198.209,109.602,5.303,106.620,2.948
E06000024,North Somerset,2005,194.745,390.704,587.584,496.207,199.326,187.665,53.466,139.236,48.186,0.217
E06000024,North Somerset,2006,197.028,390.704,580.310,499.566,200.561,200.775,54.893,134.881,48.411,-1.011
E06000024,North Somerset,2007,199.498,390.704,597.585,481.697,192.662,192.300,51.990,134.347,76.085,-1.799
E06000024,North Somerset,2008,200.853,390.704,589.822,481.801,182.107,188.684,50.649,132.992,88.891,-3.145
E06000024,North Somerset,2009,201.711,390.704,568.399,439.850,161.020,160.976,42.623,129.456,88.998,-4.078
E06000024,North Somerset,2010,202.967,390.704,557.849,469.105,177.673,169.321,45.428,128.456,69.984,-4.407
E06000024,North Somerset,2011,203.091,390.704,544.630,413.461,164.108,157.637,42.395,124.315,50.103,-5.345
E06000024,North Somerset,2012,204.465,390.704,548.305,447.432,175.220,169.412,45.134,125.294,49.511,-5.346
E06000024,North Somerset,2013,206.403,390.704,544.662,436.231,176.209,156.562,42.384,123.345,49.600,-6.687
E06000024,North Somerset,2014,208.617,390.704,553.031,368.287,155.345,137.076,37.448,119.992,46.762,-6.724
E06000024,North Somerset,2015,210.553,390.704,551.162,358.707,155.611,118.992,32.576,120.811,46.094,-7.940
E06000024,North Somerset,2016,212.66,390.704,581.575,339.312,146.336,103.579,28.594,116.535,40.201,-7.187
E06000024,North Somerset,2017,213.701,390.704,578.840,319.003,144.512,90.455,28.449,116.908,49.783,-8.070
E06000024,North Somerset,2018,214.36,390.704,589.079,312.741,144.520,104.944,26.815,110.170,50.723,-7.900
E06000024,North Somerset,2019,215.54,390.704,576.965,302.797,131.129,92.150,23.801,108.911,54.367,-8.325
E06000024,North Somerset,2020,215.85,390.704,452.363,296.457,116.107,90.413,23.160,105.707,55.243,-9.027
E06000024,North Somerset,2021,217.385,390.704,513.779,296.407,135.594,96.207,24.654,101.785,50.174,-8.329
E06000024,North Somerset,2022,219.064,390.704,518.834,256.669,132.602,79.572,25.064,98.091,48.702,-7.706
E06000024,North Somerset,2023,221.927,390.704,514.138,241.076,118.696,146.852,22.648,100.497,31.877,-8.926
E06000024,North Somerset,2024,224.578,390.704,513.140,238.500,102.381,84.404,17.797,97.382,29.130,-8.790
E06000025,South Gloucestershire,2005,253.178,536.4217,964.779,602.121,1377.635,410.391,89.483,149.787,221.358,-9.357
E06000025,South Gloucestershire,2006,255.258,536.4217,963.842,604.790,1147.959,446.567,91.074,157.040,217.076,-9.792
E06000025,South Gloucestershire,2007,256.64,536.4217,978.958,584.775,1177.531,435.468,84.551,145.297,198.698,-10.893
E06000025,South Gloucestershire,2008,257.97,536.4217,950.391,582.623,346.733,334.629,71.099,144.431,195.053,-12.580
E06000025,South Gloucestershire,2009,259.73,536.4217,917.405,531.066,240.214,304.963,63.597,141.665,84.440,-13.037
E06000025,South Gloucestershire,2010,261.471,536.4217,907.132,566.258,265.332,315.851,71.293,140.803,52.889,-13.414
E06000025,South Gloucestershire,2011,263.417,536.4217,889.999,498.382,237.339,276.004,58.942,135.581,67.761,-14.399
E06000025,South Gloucestershire,2012,265.741,536.4217,862.029,539.208,255.420,325.110,66.316,135.635,67.750,-13.938
E06000025,South Gloucestershire,2013,268.167,536.4217,862.935,526.645,271.375,300.263,62.974,139.142,88.556,-15.177
E06000025,South Gloucestershire,2014,269.84,536.4217,891.626,446.563,235.657,248.523,53.816,138.126,92.210,-15.450
E06000025,South Gloucestershire,2015,272.189,536.4217,902.449,433.579,226.282,226.453,47.959,141.606,70.034,-16.618
E06000025,South Gloucestershire,2016,275.808,536.4217,927.146,410.348,214.058,180.457,38.183,135.419,46.678,-15.156
E06000025,South Gloucestershire,2017,278.379,536.4217,936.260,387.441,203.655,143.539,43.646,137.592,42.723,-16.036
E06000025,South Gloucestershire,2018,281.719,536.4217,926.818,382.470,184.799,167.481,41.491,129.987,44.257,-16.181
E06000025,South Gloucestershire,2019,284.563,536.4217,912.172,372.919,152.427,144.625,40.262,132.215,39.527,-16.632
E06000025,South Gloucestershire,2020,287.182,536.4217,756.930,364.696,140.588,125.162,40.589,128.074,33.857,-16.610
E06000025,South Gloucestershire,2021,290.886,536.4217,875.782,367.989,156.453,142.360,42.426,125.532,34.520,-16.168
E06000025,South Gloucestershire,2022,295.391,536.4217,857.895,319.882,138.407,148.034,33.766,119.563,43.102,-15.657
E06000025,South Gloucestershire,2023,300.435,536.4217,848.035,301.230,122.585,135.064,29.028,116.117,55.440,-16.768
E06000025,South Gloucestershire,2024,306.332,536.4217,838.299,300.843,124.623,124.229,29.473,112.897,55.837,-16.694
E06000026,Plymouth,2005,247.516,84.3699,437.126,545.780,223.021,278.402,129.580,9.048,187.299,1.422
E06000026,Plymouth,2006,249.178,84.3699,435.247,539.792,225.347,287.737,127.683,10.597,183.642,1.165
E06000026,Plymouth,2007,251.237,84.3699,433.886,514.748,230.434,283.661,130.100,8.130,223.574,0.927
E06000026,Plymouth,2008,252.488,84.3699,421.635,512.619,203.967,271.933,116.672,8.220,225.438,0.508
E06000026,Plymouth,2009,253.116,84.3699,407.771,466.477,180.117,237.771,100.944,7.990,263.376,0.238
E06000026,Plymouth,2010,254.227,84.3699,394.036,496.112,192.012,243.450,105.787,8.065,145.676,0.145
E06000026,Plymouth,2011,256.589,84.3699,377.434,435.145,181.827,225.475,95.186,7.571,154.835,-0.081
E06000026,Plymouth,2012,257.886,84.3699,369.860,465.301,182.118,235.739,98.486,7.443,163.539,-0.179
E06000026,Plymouth,2013,259.549,84.3699,360.504,456.177,177.221,220.349,96.059,7.264,138.983,-0.359
E06000026,Plymouth,2014,261.98,84.3699,361.427,382.299,164.567,187.246,81.997,6.712,146.455,-0.316
E06000026,Plymouth,2015,263.088,84.3699,356.501,368.912,149.412,154.422,71.093,6.461,91.724,-0.518
E06000026,Plymouth,2016,264.44,84.3699,360.155,341.834,134.008,126.030,62.684,6.350,46.728,-0.479
E06000026,Plymouth,2017,265.294,84.3699,348.764,323.993,123.513,98.121,63.236,6.387,49.729,-0.457
E06000026,Plymouth,2018,265.689,84.3699,340.379,310.812,111.358,117.972,55.093,5.779,36.218,-0.272
E06000026,Plymouth,2019,265.041,84.3699,337.765,301.083,99.653,115.135,47.974,6.106,43.125,-0.142
E06000026,Plymouth,2020,264.83,84.3699,275.253,294.390,87.784,99.603,44.149,5.586,36.577,-0.211
E06000026,Plymouth,2021,264.768,84.3699,331.269,293.011,108.638,118.436,49.857,7.914,38.889,-0.044
E06000026,Plymouth,2022,267.507,84.3699,340.440,250.814,92.886,110.390,44.730,7.799,31.703,0.203
E06000026,Plymouth,2023,270.605,84.3699,338.656,235.406,87.715,92.032,39.064,8.286,30.975,-0.036
E06000026,Plymouth,2024,272.067,84.3699,333.335,226.742,77.215,81.867,37.925,8.030,30.968,0.013
E06000027,Torbay,2005,132.178,119.4665,194.721,324.508,32.808,153.446,58.584,12.569,16.068,1.176
E06000027,Torbay,2006,131.857,119.4665,198.685,317.160,31.912,148.780,55.776,11.986,16.538,1.054
E06000027,Torbay,2007,132.172,119.4665,199.482,305.829,30.002,137.044,50.858,12.133,31.458,0.930
E06000027,Torbay,2008,132.07,119.4665,192.010,305.235,28.481,134.868,50.003,12.073,15.091,0.714
E06000027,Torbay,2009,131.641,119.4665,187.419,278.050,25.326,115.959,41.864,11.263,19.758,0.612
E06000027,Torbay,2010,131.443,119.4665,181.559,296.584,27.987,114.283,42.562,11.426,17.656,0.527
E06000027,Torbay,2011,131.193,119.4665,177.163,258.723,25.245,103.790,38.667,10.758,23.788,0.231
E06000027,Torbay,2012,131.806,119.4665,174.432,280.526,26.520,110.905,40.801,10.986,24.622,0.118
E06000027,Torbay,2013,132.92,119.4665,169.256,272.719,28.465,102.850,39.287,11.305,25.046,-0.096
E06000027,Torbay,2014,134.217,119.4665,169.044,230.414,26.267,89.102,34.038,11.003,21.679,-0.037
E06000027,Torbay,2015,135.052,119.4665,167.182,222.729,22.881,79.780,30.426,11.187,15.322,-0.249
E06000027,Torbay,2016,136.172,119.4665,168.416,206.755,20.421,66.520,25.875,10.778,12.703,1.694
E06000027,Torbay,2017,137.329,119.4665,163.432,195.115,26.363,73.283,31.767,10.128,13.016,-0.418
E06000027,Torbay,2018,138.1,119.4665,160.582,189.116,25.870,78.769,27.565,9.455,12.407,-0.295
E06000027,Torbay,2019,138.754,119.4665,152.744,183.162,21.792,73.441,29.351,9.876,13.069,-0.312
E06000027,Torbay,2020,138.695,119.4665,123.655,178.773,23.148,64.291,27.567,10.004,13.415,-0.311
E06000027,Torbay,2021,139.44,119.4665,144.140,177.258,19.545,66.457,29.225,8.027,17.383,-0.196
E06000027,Torbay,2022,139.435,119.4665,145.034,153.084,18.648,59.808,26.024,7.992,14.428,-0.039
E06000027,Torbay,2023,139.744,119.4665,142.460,141.733,16.182,52.144,22.496,8.554,13.778,-0.208
E06000027,Torbay,2024,140.126,119.4665,142.740,138.272,19.402,45.475,21.442,8.471,13.618,-0.180
E06000030,Swindon,2005,189.684,230.0933,497.782,465.385,277.816,384.768,72.813,51.173,59.204,0.997
E06000030,Swindon,2006,192.345,230.0933,493.159,467.982,279.626,390.578,71.584,57.451,65.451,1.014
E06000030,Swindon,2007,196.942,230.0933,498.505,462.454,272.535,376.074,69.254,49.483,72.005,0.435
E06000030,Swindon,2008,201.521,230.0933,491.618,459.241,269.453,390.061,70.480,50.111,91.881,-0.087
E06000030,Swindon,2009,204.371,230.0933,474.358,417.023,214.462,323.308,57.714,51.005,110.706,-0.012
E06000030,Swindon,2010,206.939,230.0933,472.858,445.947,227.072,330.150,60.439,52.128,115.744,-0.333
E06000030,Swindon,2011,209.709,230.0933,464.179,394.632,203.911,280.435,51.830,49.943,141.709,-0.807
E06000030,Swindon,2012,212.801,230.0933,454.943,424.163,220.021,318.585,58.914,51.541,125.634,-0.647
E06000030,Swindon,2013,215.994,230.0933,448.752,415.366,206.331,293.596,54.760,50.241,120.994,-1.104
E06000030,Swindon,2014,218.998,230.0933,458.462,350.421,179.054,252.021,47.185,48.984,105.322,-1.139
E06000030,Swindon,2015,221.805,230.0933,471.725,344.657,166.175,217.926,41.335,52.379,100.019,-1.694
E06000030,Swindon,2016,224.498,230.0933,484.849,325.169,154.916,188.159,32.581,50.814,95.642,-1.028
E06000030,Swindon,2017,227.68,230.0933,480.642,307.341,157.963,149.191,35.257,51.475,63.214,-1.273
E06000030,Swindon,2018,230.174,230.0933,472.197,303.431,143.278,163.003,30.134,46.851,61.278,-1.352
E06000030,Swindon,2019,231.934,230.0933,458.551,293.945,119.375,151.175,30.793,46.220,38.187,-1.247
E06000030,Swindon,2020,232.574,230.0933,367.529,287.368,111.070,130.998,28.742,45.838,38.582,-1.382
E06000030,Swindon,2021,233.76,230.0933,422.061,293.160,112.574,121.592,25.044,45.025,33.768,-1.240
E06000030,Swindon,2022,236.046,230.0933,407.116,254.678,76.758,124.215,24.115,44.230,59.580,-1.049
E06000030,Swindon,2023,240.218,230.0933,405.115,236.537,67.304,117.467,20.202,41.746,64.691,-1.482
E06000030,Swindon,2024,243.875,230.0933,407.656,236.835,70.036,92.525,22.201,41.501,58.504,-1.472
E06000031,Peterborough,2005,167.22,343.4379,485.253,403.389,159.295,309.806,76.827,97.093,112.235,108.057
E06000031,Peterborough,2006,169.887,343.4379,481.768,405.221,154.433,307.637,75.257,103.308,111.287,108.029
E06000031,Peterborough,2007,172.443,343.4379,482.904,394.832,154.905,307.055,73.556,98.787,91.984,107.406
E06000031,Peterborough,2008,176.027,343.4379,467.443,392.232,149.660,312.083,76.233,102.174,108.476,106.396
E06000031,Peterborough,2009,178.963,343.4379,452.779,360.936,132.494,271.072,65.459,97.674,112.793,107.012
E06000031,Peterborough,2010,181.762,343.4379,450.749,389.671,139.614,280.636,66.592,102.537,158.630,107.160
E06000031,Peterborough,2011,184.457,343.4379,441.055,344.897,134.558,257.520,61.864,98.369,113.130,106.569
E06000031,Peterborough,2012,188.675,343.4379,428.600,370.127,141.393,279.063,67.438,102.127,103.779,107.066
E06000031,Peterborough,2013,192.488,343.4379,430.009,364.554,136.881,259.038,63.986,104.899,114.954,106.435
E06000031,Peterborough,2014,195.766,343.4379,438.708,309.411,119.514,223.435,55.085,103.962,134.835,106.460
E06000031,Peterborough,2015,200.246,343.4379,445.295,302.065,107.972,188.069,48.903,107.477,87.982,105.677
E06000031,Peterborough,2016,205.091,343.4379,463.562,288.629,95.560,157.217,42.797,103.325,69.053,106.776
E06000031,Peterborough,2017,208.237,343.4379,484.502,272.167,102.909,132.510,44.940,102.327,64.310,106.668
E06000031,Peterborough,2018,211.037,343.4379,471.684,269.111,86.005,151.056,40.515,97.499,68.778,106.780
E06000031,Peterborough,2019,213.026,343.4379,459.563,259.599,80.288,140.321,36.121,99.848,65.992,106.783
E06000031,Peterborough,2020,213.718,343.4379,384.134,259.099,74.079,123.979,36.438,95.849,44.521,107.117
E06000031,Peterborough,2021,216.47,343.4379,409.050,263.143,87.738,135.746,40.457,90.446,49.722,107.544
E06000031,Peterborough,2022,218.017,343.4379,421.359,227.771,83.730,151.243,34.754,83.919,47.251,107.914
E06000031,Peterborough,2023,221.283,343.4379,403.722,211.586,74.871,119.012,31.318,89.547,54.167,107.168
E06000031,Peterborough,2024,223.655,343.4379,405.296,217.591,82.102,99.989,30.716,89.561,44.268,107.352
E06000032,Luton,2005,185.392,43.3525,266.063,432.691,160.834,209.930,73.701,3.097,135.156,3.001
E06000032,Luton,2006,187.312,43.3525,254.567,427.605,164.220,221.625,76.195,3.681,131.781,2.960
E06000032,Luton,2007,189.742,43.3525,256.732,412.822,156.202,202.686,69.265,3.125,116.545,2.917
E06000032,Luton,2008,192.084,43.3525,250.246,408.824,145.263,200.392,67.467,3.501,120.624,2.835
E06000032,Luton,2009,195.449,43.3525,239.468,371.028,122.894,172.304,58.573,3.585,105.644,2.635
E06000032,Luton,2010,199.583,43.3525,236.553,398.037,138.636,186.369,64.451,3.450,100.459,2.520
E06000032,Luton,2011,203.641,43.3525,232.790,350.336,127.984,162.898,55.847,3.217,150.412,2.471
E06000032,Luton,2012,205.873,43.3525,228.238,375.844,130.704,177.470,60.432,3.568,160.185,2.442
E06000032,Luton,2013,209.624,43.3525,227.195,368.018,122.595,163.353,56.114,4.301,118.789,2.398
E06000032,Luton,2014,213.749,43.3525,230.152,310.606,110.467,140.923,48.429,4.172,121.673,2.304
E06000032,Luton,2015,217.612,43.3525,231.303,304.243,106.314,123.836,43.027,4.126,100.507,2.152
E06000032,Luton,2016,220.952,43.3525,239.913,286.481,95.306,108.681,35.610,4.538,94.950,2.178
E06000032,Luton,2017,220.752,43.3525,249.689,268.725,84.027,89.064,38.242,4.244,57.947,2.028
E06000032,Luton,2018,221.532,43.3525,246.084,264.206,76.517,98.290,33.856,3.727,66.908,2.102
E06000032,Luton,2019,223.106,43.3525,237.150,254.718,70.278,91.789,29.171,3.490,69.341,2.058
E06000032,Luton,2020,224.132,43.3525,180.413,252.958,61.535,80.088,28.048,3.419,62.380,2.132
E06000032,Luton,2021,224.958,43.3525,184.504,260.666,68.467,86.084,30.634,3.512,59.274,2.133
E06000032,Luton,2022,227.546,43.3525,202.587,226.710,61.600,84.308,27.574,3.627,118.123,2.205
E06000032,Luton,2023,233.64,43.3525,202.537,209.199,55.526,76.608,41.304,3.521,173.644,2.155
E06000032,Luton,2024,239.09,43.3525,201.359,215.007,48.852,63.363,29.121,3.601,121.430,2.161
E06000033,Southend-on-Sea,2005,162.645,67.8641,204.124,468.714,86.480,142.453,71.937,2.444,96.148,3.327
E06000033,Southend-on-Sea,2006,163.776,67.8641,196.934,461.607,88.175,145.982,70.882,3.093,93.754,3.306
E06000033,Southend-on-Sea,2007,165.429,67.8641,196.218,444.253,82.672,139.611,65.635,2.294,94.572,3.203
E06000033,Southend-on-Sea,2008,168.15,67.8641,189.680,443.412,78.504,130.368,62.779,2.471,31.823,2.967
E06000033,Southend-on-Sea,2009,170.013,67.8641,186.164,399.155,74.817,118.314,57.224,2.716,17.258,2.862
E06000033,Southend-on-Sea,2010,172.122,67.8641,183.498,430.278,76.200,116.483,57.480,2.358,18.049,2.850
E06000033,Southend-on-Sea,2011,174.274,67.8641,176.816,371.381,70.552,103.074,49.370,2.158,23.854,2.655
E06000033,Southend-on-Sea,2012,175.196,67.8641,174.685,402.294,80.225,115.408,55.448,2.372,36.522,2.556
E06000033,Southend-on-Sea,2013,176.35,67.8641,173.085,391.030,81.255,106.748,52.770,2.549,61.827,2.479
E06000033,Southend-on-Sea,2014,178.61,67.8641,173.271,327.986,68.213,89.601,44.468,2.328,62.507,2.438
E06000033,Southend-on-Sea,2015,179.203,67.8641,170.028,319.671,58.675,79.845,40.908,2.554,28.518,2.410
E06000033,Southend-on-Sea,2016,180.465,67.8641,174.558,300.552,51.330,67.918,33.011,2.624,21.741,2.378
E06000033,Southend-on-Sea,2017,181.405,67.8641,179.230,284.676,49.981,53.980,34.948,2.676,23.000,2.384
E06000033,Southend-on-Sea,2018,181.877,67.8641,167.605,278.241,44.372,62.376,33.203,2.616,27.438,2.490
E06000033,Southend-on-Sea,2019,182.115,67.8641,158.632,264.548,40.631,53.126,29.485,2.625,48.120,2.455
E06000033,Southend-on-Sea,2020,181.276,67.8641,126.453,265.971,35.399,43.499,26.995,1.915,98.669,2.557
E06000033,Southend-on-Sea,2021,180.655,67.8641,137.117,267.329,35.306,50.849,30.757,1.553,16.051,2.569
E06000033,Southend-on-Sea,2022,180.81,67.8641,141.532,225.654,43.093,48.778,27.969,1.572,18.886,2.696
E06000033,Southend-on-Sea,2023,182.771,67.8641,141.194,206.370,37.471,41.800,24.335,2.837,30.730,2.693
E06000033,Southend-on-Sea,2024,185.256,67.8641,139.100,212.736,35.312,37.041,24.307,3.151,34.341,2.742
E06000034,Thurrock,2005,148.556,184.318,519.999,349.994,664.499,421.288,50.331,20.199,192.617,5.047
E06000034,Thurrock,2006,150.206,184.318,535.455,351.921,550.230,412.984,47.041,20.141,188.764,4.997
E06000034,Thurrock,2007,151.741,184.318,522.598,344.288,535.105,403.762,45.452,20.088,266.489,4.532
E06000034,Thurrock,2008,153.633,184.318,503.428,341.103,536.270,411.103,45.958,20.812,245.278,4.040
E06000034,Thurrock,2009,155.003,184.318,490.765,308.387,274.913,307.433,27.309,19.524,181.611,4.010
E06000034,Thurrock,2010,156.585,184.318,486.977,331.518,283.517,304.758,27.712,19.797,156.950,3.907
E06000034,Thurrock,2011,158.268,184.318,487.370,290.759,238.792,223.498,22.644,17.881,120.415,3.903
E06000034,Thurrock,2012,160.026,184.318,471.478,313.108,276.135,298.774,27.004,19.858,128.978,3.845
E06000034,Thurrock,2013,161.702,184.318,465.737,301.306,226.879,251.132,22.532,18.192,105.944,3.573
E06000034,Thurrock,2014,164.451,184.318,479.459,255.285,214.717,230.162,21.323,17.274,87.107,3.675
E06000034,Thurrock,2015,166.622,184.318,478.199,246.241,163.376,187.324,15.749,18.324,82.430,3.266
E06000034,Thurrock,2016,168.977,184.318,495.478,231.580,149.242,166.894,13.575,17.791,81.977,3.670
E06000034,Thurrock,2017,170.966,184.318,505.365,216.864,164.915,124.637,15.912,21.351,71.251,3.414
E06000034,Thurrock,2018,173.113,184.318,497.550,212.741,164.522,167.780,16.520,18.257,80.263,3.540
E06000034,Thurrock,2019,174.924,184.318,480.040,203.330,135.132,146.719,16.183,20.655,67.196,3.413
E06000034,Thurrock,2020,175.803,184.318,430.781,202.040,138.282,129.265,14.667,35.361,68.130,3.632
E06000034,Thurrock,2021,175.933,184.318,435.204,205.835,157.363,142.046,14.908,29.768,74.358,3.752
E06000034,Thurrock,2022,176.778,184.318,436.618,177.301,151.618,134.501,12.725,31.760,65.227,4.008
E06000034,Thurrock,2023,179.28,184.318,438.166,161.802,123.859,126.463,12.154,25.908,87.728,3.801
E06000034,Thurrock,2024,180.989,184.318,434.036,164.991,113.140,107.089,10.161,26.629,75.962,3.894
E06000035,Medway,2005,252.098,269.0637,367.803,592.710,160.871,195.704,81.304,20.423,162.764,-0.996
E06000035,Medway,2006,253.478,269.0637,373.547,588.948,155.649,196.069,77.480,17.987,159.076,-1.412
E06000035,Medway,2007,255.824,269.0637,368.327,571.759,152.024,189.323,75.212,20.873,168.745,-1.880
E06000035,Medway,2008,258.224,269.0637,357.475,574.646,144.855,186.074,75.570,20.477,159.780,-2.389
E06000035,Medway,2009,260.23,269.0637,344.790,524.385,127.990,161.946,65.796,19.798,108.768,-2.542
E06000035,Medway,2010,262.738,269.0637,341.481,561.605,139.405,165.200,69.432,19.655,120.990,-2.690
E06000035,Medway,2011,264.885,269.0637,337.422,494.922,125.215,146.853,61.911,18.756,72.059,-3.154
E06000035,Medway,2012,268.144,269.0637,331.117,531.738,132.202,161.552,66.113,19.488,72.478,-3.121
E06000035,Medway,2013,271.084,269.0637,329.570,515.219,131.568,149.608,64.446,19.656,70.949,-3.705
E06000035,Medway,2014,273.977,269.0637,333.282,433.136,114.529,126.852,55.555,18.373,75.020,-3.570
E06000035,Medway,2015,276.037,269.0637,332.678,420.486,104.363,109.644,49.061,19.499,81.109,-4.234
E06000035,Medway,2016,277.504,269.0637,340.877,393.897,91.647,90.076,42.283,18.988,77.025,-3.699
E06000035,Medway,2017,278.652,269.0637,339.705,368.917,130.413,73.510,44.405,19.992,224.739,-3.974
E06000035,Medway,2018,278.827,269.0637,325.479,364.800,111.314,80.208,38.779,18.466,214.803,-3.704
E06000035,Medway,2019,279.852,269.0637,318.136,348.089,113.740,65.911,33.899,18.848,194.138,-3.679
E06000035,Medway,2020,280.364,269.0637,274.860,347.697,107.786,52.219,30.322,18.246,121.507,-3.506
E06000035,Medway,2021,279.903,269.0637,276.165,353.238,109.903,64.293,34.818,17.234,73.787,-3.233
E06000035,Medway,2022,282.75,269.0637,274.184,304.495,122.018,71.459,29.738,16.466,66.733,-2.862
E06000035,Medway,2023,288.003,269.0637,270.383,281.104,105.635,50.887,23.286,16.399,59.241,-3.301
E06000035,Medway,2024,292.655,269.0637,276.266,285.851,92.619,57.226,33.214,17.363,38.540,-3.206
E06000036,Bracknell Forest,2005,109.487,109.3843,187.827,271.407,33.784,244.054,61.799,11.572,116.921,-21.729
E06000036,Bracknell Forest,2006,109.896,109.3843,181.670,272.242,33.639,248.977,59.829,10.849,114.023,-22.156
E06000036,Bracknell Forest,2007,110.702,109.3843,182.662,268.191,34.219,240.939,58.334,10.931,143.379,-22.236
E06000036,Bracknell Forest,2008,111.455,109.3843,176.272,268.547,29.618,238.435,57.860,10.943,23.295,-22.828
E06000036,Bracknell Forest,2009,111.916,109.3843,171.557,243.149,25.925,201.917,49.806,10.487,19.534,-22.993
E06000036,Bracknell Forest,2010,112.893,109.3843,167.895,259.151,27.253,193.916,50.242,9.618,23.458,-22.966
E06000036,Bracknell Forest,2011,113.696,109.3843,161.845,229.837,25.167,172.523,43.916,9.098,24.779,16.121
E06000036,Bracknell Forest,2012,115.1,109.3843,159.926,247.797,26.292,187.313,47.746,8.891,30.624,-21.304
E06000036,Bracknell Forest,2013,116.552,109.3843,155.909,242.131,25.868,179.474,46.901,9.355,50.114,-22.568
E06000036,Bracknell Forest,2014,117.979,109.3843,158.649,205.521,22.688,153.392,39.503,9.344,62.192,-22.380
E06000036,Bracknell Forest,2015,119.078,109.3843,159.695,198.029,21.930,126.316,34.562,9.020,53.889,-22.546
E06000036,Bracknell Forest,2016,119.553,109.3843,162.440,187.508,21.468,106.989,30.845,8.516,58.783,-21.795
E06000036,Bracknell Forest,2017,120.164,109.3843,162.715,174.721,26.884,85.883,36.249,9.058,45.337,-22.539
E06000036,Bracknell Forest,2018,121.046,109.3843,159.815,175.339,21.615,101.590,32.262,7.963,50.052,-22.023
E06000036,Bracknell Forest,2019,121.66,109.3843,156.491,168.608,20.449,87.032,31.318,8.114,39.380,-21.859
E06000036,Bracknell Forest,2020,123.188,109.3843,127.229,166.690,18.733,83.290,27.214,7.997,39.060,-22.048
E06000036,Bracknell Forest,2021,125.195,109.3843,132.811,171.724,19.758,84.766,35.386,8.132,39.217,-21.110
E06000036,Bracknell Forest,2022,127.16,109.3843,135.079,149.301,17.113,77.164,28.627,7.512,36.367,-20.248
E06000036,Bracknell Forest,2023,129.099,109.3843,133.600,137.335,18.439,65.851,23.413,6.761,33.704,-20.838
E06000036,Bracknell Forest,2024,130.806,109.3843,130.660,140.742,16.451,58.372,21.275,7.347,34.202,-20.370
E06000037,West Berkshire,2005,146.492,704.1694,745.118,429.561,230.295,227.438,75.058,123.691,32.606,-54.665
E06000037,West Berkshire,2006,148.107,704.1694,737.689,426.898,229.437,240.358,78.234,124.385,33.522,-55.224
E06000037,West Berkshire,2007,150.056,704.1694,737.434,418.357,226.813,240.290,78.214,120.894,92.676,-56.535
E06000037,West Berkshire,2008,152.024,704.1694,721.817,413.516,211.806,237.627,76.948,124.400,96.084,-59.408
E06000037,West Berkshire,2009,153.039,704.1694,697.811,385.443,193.187,214.452,69.224,121.847,98.628,-59.085
E06000037,West Berkshire,2010,153.943,704.1694,696.241,415.320,211.116,217.278,71.306,119.441,73.939,-59.272
E06000037,West Berkshire,2011,154.148,704.1694,680.584,363.330,190.695,171.951,58.166,114.037,74.074,-60.626
E06000037,West Berkshire,2012,155.172,704.1694,654.735,389.680,210.192,220.513,72.875,117.761,73.601,-58.325
E06000037,West Berkshire,2013,156.789,704.1694,646.930,379.139,201.790,205.643,68.700,118.955,78.003,-61.202
E06000037,West Berkshire,2014,157.663,704.1694,664.228,325.638,170.322,179.793,58.955,112.713,97.740,-60.884
E06000037,West Berkshire,2015,158.895,704.1694,692.433,309.657,162.578,150.508,50.363,116.228,86.265,-63.041
E06000037,West Berkshire,2016,160.551,704.1694,707.204,292.743,151.091,121.498,42.155,113.026,82.691,-59.463
E06000037,West Berkshire,2017,160.729,704.1694,715.025,272.414,148.818,90.150,42.653,114.146,85.499,-61.545
E06000037,West Berkshire,2018,160.953,704.1694,694.859,267.708,131.221,110.996,34.954,101.159,292.679,-61.381
E06000037,West Berkshire,2019,160.883,704.1694,672.505,256.508,128.185,89.618,37.887,104.305,71.500,-62.128
E06000037,West Berkshire,2020,161.026,704.1694,515.458,253.673,118.038,77.312,37.116,99.592,40.230,-62.746
E06000037,West Berkshire,2021,161.864,704.1694,560.137,255.392,125.066,81.862,39.715,99.162,32.595,-60.464
E06000037,West Berkshire,2022,162.484,704.1694,593.962,217.917,130.568,77.969,30.919,88.966,35.440,-58.830
E06000037,West Berkshire,2023,164.189,704.1694,586.776,204.287,122.588,67.261,28.878,90.665,39.139,-61.772
E06000037,West Berkshire,2024,165.112,704.1694,581.015,210.333,109.239,64.522,29.202,92.048,40.231,-61.167
E06000038,Reading,2005,146.94,40.3979,175.395,360.511,73.344,361.115,89.733,2.903,135.538,2.530
E06000038,Reading,2006,148.321,40.3979,166.707,352.076,71.873,357.274,84.667,2.519,140.014,2.424
E06000038,Reading,2007,149.678,40.3979,166.556,345.597,67.802,326.318,77.530,3.224,224.855,2.351
E06000038,Reading,2008,151.46,40.3979,161.170,346.716,67.048,338.980,82.302,3.651,217.662,2.255
E06000038,Reading,2009,152.326,40.3979,157.712,309.970,59.187,290.583,70.745,3.486,163.303,2.163
E06000038,Reading,2010,154.296,40.3979,154.295,326.683,60.092,289.794,73.103,2.991,143.849,2.014
E06000038,Reading,2011,155.339,40.3979,151.329,291.029,53.732,247.964,55.689,2.851,123.360,1.874
E06000038,Reading,2012,159.065,40.3979,148.454,316.273,55.261,268.650,61.259,2.925,130.578,1.797
E06000038,Reading,2013,163.089,40.3979,146.413,306.997,51.758,250.397,60.895,3.477,136.245,1.769
E06000038,Reading,2014,166.3,40.3979,146.275,261.216,45.213,214.731,53.266,3.419,146.068,1.733
E06000038,Reading,2015,169.22,40.3979,146.710,249.661,41.748,191.763,49.864,5.204,111.723,1.659
E06000038,Reading,2016,171.75,40.3979,148.602,237.850,37.437,162.458,44.603,5.246,107.845,1.594
E06000038,Reading,2017,173.047,40.3979,147.321,222.077,41.972,129.092,53.185,5.410,149.074,1.574
E06000038,Reading,2018,174.484,40.3979,140.974,217.606,32.050,148.011,41.828,5.183,98.263,1.679
E06000038,Reading,2019,174.288,40.3979,136.623,207.462,31.857,127.639,37.357,5.227,93.059,1.517
E06000038,Reading,2020,173.879,40.3979,110.769,204.788,29.309,104.553,35.791,5.136,82.602,1.608
E06000038,Reading,2021,173.371,40.3979,132.421,210.276,28.494,128.606,34.063,6.329,78.113,1.607
E06000038,Reading,2022,176.178,40.3979,136.283,183.050,26.127,123.786,30.636,6.021,129.374,1.664
E06000038,Reading,2023,179.863,40.3979,134.805,167.493,24.369,106.038,26.750,4.535,138.514,1.612
E06000038,Reading,2024,182.907,40.3979,133.975,170.705,28.908,101.435,25.037,2.607,136.018,1.612
E06000039,Slough,2005,122.874,32.5419,240.146,254.586,189.317,186.291,31.153,3.762,210.577,2.574
E06000039,Slough,2006,125.2,32.5419,235.369,254.077,180.157,198.292,29.289,4.351,209.457,2.462
E06000039,Slough,2007,127.991,32.5419,242.632,248.136,198.153,191.947,29.637,3.335,186.398,2.403
E06000039,Slough,2008,131.453,32.5419,233.878,255.258,165.843,200.994,27.806,3.715,192.961,2.259
E06000039,Slough,2009,134.742,32.5419,230.716,232.516,162.681,273.939,30.668,3.356,134.670,2.138
E06000039,Slough,2010,137.8,32.5419,218.019,250.131,191.648,345.173,38.329,3.590,104.941,2.073
E06000039,Slough,2011,140.713,32.5419,217.010,221.099,188.445,343.061,33.367,3.309,113.958,2.015
E06000039,Slough,2012,143.095,32.5419,217.308,236.736,196.863,392.067,37.847,3.458,101.228,1.968
E06000039,Slough,2013,144.88,32.5419,213.313,231.701,146.114,371.609,35.692,3.194,124.854,1.822
E06000039,Slough,2014,147.313,32.5419,214.594,196.523,129.959,328.980,31.987,3.019,157.562,1.753
E06000039,Slough,2015,150.104,32.5419,213.902,190.210,121.410,286.462,28.166,3.090,107.082,1.697
E06000039,Slough,2016,152.565,32.5419,215.217,181.322,118.150,253.782,27.310,3.107,95.545,1.635
E06000039,Slough,2017,154.573,32.5419,213.251,168.733,156.167,194.401,32.970,3.127,87.099,1.654
E06000039,Slough,2018,155.915,32.5419,209.561,167.103,104.325,253.310,24.144,2.710,115.404,1.756
E06000039,Slough,2019,157.632,32.5419,196.800,161.452,80.504,253.152,24.517,2.531,115.315,1.747
E06000039,Slough,2020,158.281,32.5419,156.011,158.041,76.136,242.872,25.685,2.723,110.204,1.645
E06000039,Slough,2021,158.448,32.5419,157.545,164.193,83.772,282.688,21.770,2.253,107.632,1.644
E06000039,Slough,2022,159.732,32.5419,161.968,146.013,84.189,299.457,20.512,2.030,129.581,1.711
E06000039,Slough,2023,163.94,32.5419,163.311,133.955,82.082,278.730,24.454,2.066,135.264,1.687
E06000039,Slough,2024,167.359,32.5419,168.779,136.350,80.271,258.496,28.618,2.222,100.604,1.700
E06000040,Windsor and Maidenhead,2005,136.446,198.4272,462.809,404.813,93.478,251.124,58.166,27.071,125.930,-11.471
E06000040,Windsor and Maidenhead,2006,138.012,198.4272,455.527,401.621,88.906,258.380,57.309,26.694,123.159,-11.853
E06000040,Windsor and Maidenhead,2007,139.743,198.4272,466.725,394.356,87.432,239.516,53.474,23.866,88.609,-12.385
E06000040,Windsor and Maidenhead,2008,141.345,198.4272,445.137,398.162,81.393,254.590,55.411,24.494,113.091,-13.044
E06000040,Windsor and Maidenhead,2009,142.424,198.4272,437.760,364.978,72.227,227.630,48.839,23.736,100.236,-13.396
E06000040,Windsor and Maidenhead,2010,143.988,198.4272,424.132,391.910,79.250,236.543,52.166,25.534,92.301,-13.678
E06000040,Windsor and Maidenhead,2011,145.098,198.4272,416.268,345.122,76.868,215.564,46.729,24.380,87.471,-14.168
E06000040,Windsor and Maidenhead,2012,146.642,198.4272,409.055,372.199,74.462,240.069,52.373,25.776,89.250,-14.004
E06000040,Windsor and Maidenhead,2013,147.525,198.4272,401.961,364.540,68.755,215.350,47.701,22.846,85.836,-14.672
E06000040,Windsor and Maidenhead,2014,148.936,198.4272,411.067,308.762,63.206,187.102,41.299,21.624,89.670,-14.592
E06000040,Windsor and Maidenhead,2015,150.043,198.4272,411.521,298.590,62.331,162.813,36.916,22.887,80.821,-15.200
E06000040,Windsor and Maidenhead,2016,152.085,198.4272,420.827,284.757,57.119,139.548,29.698,21.803,50.115,-14.663
E06000040,Windsor and Maidenhead,2017,152.648,198.4272,415.427,265.092,67.170,114.488,33.562,21.698,72.329,-15.143
E06000040,Windsor and Maidenhead,2018,153.47,198.4272,405.451,262.525,60.625,129.998,29.857,19.494,59.029,-15.071
E06000040,Windsor and Maidenhead,2019,153.893,198.4272,390.829,250.904,47.312,115.043,24.148,19.343,54.929,-15.223
E06000040,Windsor and Maidenhead,2020,153.991,198.4272,297.202,247.851,42.692,99.604,23.784,18.006,89.312,-15.262
E06000040,Windsor and Maidenhead,2021,153.922,198.4272,322.907,252.225,47.055,113.489,26.937,17.413,111.841,-14.760
E06000040,Windsor and Maidenhead,2022,155.069,198.4272,339.310,220.249,35.959,103.190,22.566,16.012,114.028,-14.285
E06000040,Windsor and Maidenhead,2023,157.174,198.4272,342.857,202.564,32.835,90.129,20.482,18.393,63.965,-15.027
E06000040,Windsor and Maidenhead,2024,158.943,198.4272,350.739,207.384,36.379,81.527,25.549,18.714,65.425,-14.892
E06000041,Wokingham,2005,149.598,178.9655,407.454,407.697,57.945,210.917,46.346,33.825,40.679,-9.029
E06000041,Wokingham,2006,150.548,178.9655,414.702,412.608,59.896,223.311,44.623,32.407,49.117,-9.403
E06000041,Wokingham,2007,152.144,178.9655,416.609,404.982,60.611,219.416,43.130,32.194,48.252,-9.801
E06000041,Wokingham,2008,153.191,178.9655,398.435,403.026,52.859,221.191,43.070,33.952,34.913,-10.373
E06000041,Wokingham,2009,154.165,178.9655,392.463,363.501,47.882,205.239,38.552,32.640,34.829,-10.535
E06000041,Wokingham,2010,154.65,178.9655,377.773,388.441,52.907,209.113,40.671,31.564,47.955,-10.797
E06000041,Wokingham,2011,154.943,178.9655,373.714,345.409,48.759,190.009,35.354,29.098,46.872,-11.174
E06000041,Wokingham,2012,157.038,178.9655,371.285,373.382,52.203,217.983,39.327,29.119,46.285,-10.795
E06000041,Wokingham,2013,158.372,178.9655,357.772,365.931,49.314,195.398,37.626,27.975,45.143,-11.489
E06000041,Wokingham,2014,159.576,178.9655,363.349,311.885,44.397,170.685,32.897,26.851,58.320,-11.447
E06000041,Wokingham,2015,161.773,178.9655,371.407,300.465,42.865,144.711,29.817,26.834,58.669,-11.985
E06000041,Wokingham,2016,163.797,178.9655,381.186,291.033,39.528,117.591,25.920,26.259,55.721,-11.322
E06000041,Wokingham,2017,165.664,178.9655,374.477,274.684,40.755,97.799,26.577,26.647,63.519,-11.777
E06000041,Wokingham,2018,168.734,178.9655,362.369,273.544,34.166,105.618,23.134,25.501,62.145,-11.590
E06000041,Wokingham,2019,171.789,178.9655,351.872,262.765,39.375,85.811,23.551,24.508,48.962,-11.916
E06000041,Wokingham,2020,174.708,178.9655,277.684,262.023,35.452,73.716,23.153,23.556,52.128,-11.884
E06000041,Wokingham,2021,178.231,178.9655,286.549,268.505,38.778,81.409,25.738,24.145,47.439,-11.458
E06000041,Wokingham,2022,181.318,178.9655,308.545,233.116,34.615,75.876,22.010,22.338,43.604,-11.020
E06000041,Wokingham,2023,184.561,178.9655,310.900,214.762,33.036,59.365,21.287,21.880,43.707,-11.612
E06000041,Wokingham,2024,187.2,178.9655,306.430,220.715,32.384,51.406,21.136,23.621,43.863,-11.478
E06000042,Milton Keynes,2005,223.462,308.6267,652.426,551.858,269.437,475.236,112.563,50.650,49.756,0.121
E06000042,Milton Keynes,2006,227.225,308.6267,630.671,554.903,277.853,495.640,114.982,47.856,50.710,-0.213
E06000042,Milton Keynes,2007,231.033,308.6267,635.522,548.976,271.436,477.657,110.264,49.389,96.812,-0.814
E06000042,Milton Keynes,2008,235.625,308.6267,611.559,543.265,266.413,489.008,112.279,50.042,106.654,-1.636
E06000042,Milton Keynes,2009,240.178,308.6267,609.445,495.178,230.986,424.099,97.196,49.236,102.924,-1.418
E06000042,Milton Keynes,2010,245.45,308.6267,594.251,532.016,241.914,424.694,99.811,50.109,118.395,-1.678
E06000042,Milton Keynes,2011,249.895,308.6267,577.294,473.453,214.690,366.757,86.806,47.733,124.250,-2.113
E06000042,Milton Keynes,2012,254.003,308.6267,588.036,509.504,240.865,425.148,98.913,49.982,117.725,-1.719
E06000042,Milton Keynes,2013,259.672,308.6267,590.539,499.078,234.815,407.416,96.638,47.110,100.963,-2.335
E06000042,Milton Keynes,2014,264.948,308.6267,602.194,425.942,202.291,352.810,83.693,44.997,87.524,-2.746
E06000042,Milton Keynes,2015,269.783,308.6267,605.167,416.639,185.570,301.960,74.356,48.983,102.705,-2.760
E06000042,Milton Keynes,2016,274.231,308.6267,624.793,398.672,166.896,243.890,62.782,47.644,89.430,-2.286
E06000042,Milton Keynes,2017,276.588,308.6267,630.525,378.142,178.680,199.094,66.889,48.235,108.990,-2.741
E06000042,Milton Keynes,2018,278.892,308.6267,613.032,371.674,146.740,236.414,55.429,42.650,108.051,-2.750
E06000042,Milton Keynes,2019,281.434,308.6267,599.465,357.711,135.513,208.896,50.385,42.230,75.292,-2.974
E06000042,Milton Keynes,2020,283.707,308.6267,489.675,358.822,130.979,183.509,48.066,40.162,93.363,-2.922
E06000042,Milton Keynes,2021,288.312,308.6267,505.860,369.878,136.745,197.106,51.488,42.040,86.041,-2.505
E06000042,Milton Keynes,2022,292.584,308.6267,508.217,325.304,125.930,191.354,48.061,40.013,67.031,-2.091
E06000042,Milton Keynes,2023,300.173,308.6267,497.470,300.846,117.291,167.295,44.046,42.325,45.410,-2.809
E06000042,Milton Keynes,2024,305.884,308.6267,500.326,310.349,108.460,137.116,40.874,40.592,41.442,-2.690
E06000043,Brighton and Hove,2005,252.863,85.386,401.715,621.163,58.768,312.655,114.738,12.659,125.009,3.333
E06000043,Brighton and Hove,2006,255.564,85.386,389.688,616.493,58.496,319.828,113.092,12.678,121.938,3.223
E06000043,Brighton and Hove,2007,258.161,85.386,387.032,595.701,59.590,313.607,107.960,12.372,120.536,2.816
E06000043,Brighton and Hove,2008,262.019,85.386,370.722,593.433,52.035,312.166,108.521,14.059,93.224,2.449
E06000043,Brighton and Hove,2009,265.584,85.386,358.908,538.756,46.591,278.765,97.444,14.050,55.458,2.465
E06000043,Brighton and Hove,2010,269.495,85.386,350.571,578.691,51.397,291.961,106.289,14.289,69.193,2.252
E06000043,Brighton and Hove,2011,272.952,85.386,342.192,505.301,47.627,259.630,89.204,12.184,74.028,1.938
E06000043,Brighton and Hove,2012,274.051,85.386,340.663,544.523,48.963,288.677,103.348,11.732,41.533,1.882
E06000043,Brighton and Hove,2013,275.494,85.386,333.116,526.159,47.150,269.467,97.636,11.978,28.545,1.663
E06000043,Brighton and Hove,2014,275.999,85.386,334.359,445.310,43.221,232.140,85.441,10.847,23.371,1.706
E06000043,Brighton and Hove,2015,277.351,85.386,331.340,429.453,41.176,195.424,74.805,11.432,20.831,1.196
E06000043,Brighton and Hove,2016,279.796,85.386,337.715,403.280,36.797,163.509,62.680,10.970,20.541,1.345
E06000043,Brighton and Hove,2017,279.5,85.386,337.735,376.361,40.495,138.769,68.077,10.907,19.264,1.040
E06000043,Brighton and Hove,2018,281.25,85.386,323.203,368.192,34.284,155.597,58.558,10.487,18.459,1.104
E06000043,Brighton and Hove,2019,279.92,85.386,312.313,350.786,31.091,126.066,56.870,10.125,9.220,0.987
E06000043,Brighton and Hove,2020,278.496,85.386,258.981,347.938,27.227,104.530,51.701,9.012,8.135,1.144
E06000043,Brighton and Hove,2021,276.454,85.386,259.900,349.689,28.616,123.902,58.494,8.623,9.135,1.212
E06000043,Brighton and Hove,2022,278,85.386,259.320,303.240,26.922,129.235,53.364,8.957,7.342,1.421
E06000043,Brighton and Hove,2023,281.135,85.386,255.080,281.321,26.335,111.812,49.872,8.566,9.728,1.370
E06000043,Brighton and Hove,2024,283.87,85.386,252.228,281.296,24.357,96.635,50.453,8.517,11.282,1.440
E06000044,Portsmouth,2005,196.318,60.1359,342.435,428.833,138.461,285.646,147.755,1.990,60.910,3.151
E06000044,Portsmouth,2006,195.964,60.1359,335.888,416.260,132.537,285.331,144.631,3.562,60.380,3.080
E06000044,Portsmouth,2007,194.907,60.1359,331.253,396.730,128.499,266.995,134.214,3.758,51.603,2.907
E06000044,Portsmouth,2008,196.036,60.1359,312.660,404.035,122.989,276.157,138.461,2.515,17.017,2.859
E06000044,Portsmouth,2009,198.983,60.1359,308.180,365.344,111.696,248.437,124.370,2.457,35.822,2.709
E06000044,Portsmouth,2010,202.7,60.1359,305.924,390.916,125.988,258.274,130.746,3.812,41.123,2.619
E06000044,Portsmouth,2011,205.433,60.1359,299.047,341.180,119.436,245.184,122.324,3.323,49.659,2.486
E06000044,Portsmouth,2012,205.729,60.1359,302.429,367.915,117.727,260.456,129.111,3.192,50.505,2.421
E06000044,Portsmouth,2013,205.905,60.1359,295.580,354.351,121.850,244.240,122.254,3.051,23.125,2.335
E06000044,Portsmouth,2014,206.2,60.1359,294.332,301.956,109.551,205.385,103.786,2.919,25.721,2.335
E06000044,Portsmouth,2015,207.873,60.1359,294.946,287.183,102.536,178.366,89.539,2.706,32.098,2.200
E06000044,Portsmouth,2016,209.951,60.1359,302.294,269.320,92.673,149.293,76.203,2.448,45.549,2.142
E06000044,Portsmouth,2017,210.965,60.1359,300.305,254.369,76.054,127.604,71.242,2.363,58.541,2.163
E06000044,Portsmouth,2018,211.215,60.1359,285.735,246.376,74.625,136.605,66.110,2.193,52.801,2.148
E06000044,Portsmouth,2019,210.412,60.1359,278.210,234.451,73.659,127.071,51.784,1.944,34.222,2.225
E06000044,Portsmouth,2020,209.142,60.1359,226.865,231.484,88.141,118.408,40.882,1.688,36.813,2.296
E06000044,Portsmouth,2021,207.119,60.1359,240.532,233.923,88.726,130.451,45.917,1.879,42.386,2.291
E06000044,Portsmouth,2022,209.599,60.1359,249.249,202.276,77.828,125.042,39.568,1.434,39.395,2.391
E06000044,Portsmouth,2023,213.976,60.1359,240.741,186.371,72.736,103.071,34.595,2.741,25.371,2.398
E06000044,Portsmouth,2024,214.321,60.1359,234.411,186.626,71.067,95.107,34.546,2.932,25.829,2.431
E06000045,Southampton,2005,226.655,56.3853,391.179,502.155,147.478,340.776,149.674,2.475,113.784,3.169
E06000045,Southampton,2006,226.698,56.3853,399.437,491.527,138.967,339.888,137.391,3.304,112.111,3.092
E06000045,Southampton,2007,227.223,56.3853,379.360,470.329,133.278,313.372,128.729,2.279,111.654,2.973
E06000045,Southampton,2008,228.447,56.3853,351.404,477.809,122.869,318.099,126.822,2.328,131.637,2.800
E06000045,Southampton,2009,230.017,56.3853,344.806,429.304,111.908,272.907,117.619,2.115,62.277,2.653
E06000045,Southampton,2010,233.085,56.3853,334.486,451.316,117.909,267.516,120.363,2.241,71.305,2.436
E06000045,Southampton,2011,235.87,56.3853,329.134,397.826,106.959,243.423,105.433,2.244,77.985,2.298
E06000045,Southampton,2012,238.097,56.3853,326.418,425.377,112.469,267.716,117.116,2.446,78.852,2.165
E06000045,Southampton,2013,239.484,56.3853,317.522,408.267,101.548,231.297,100.898,2.436,62.838,2.047
E06000045,Southampton,2014,241.23,56.3853,324.158,347.459,91.031,198.708,88.255,2.175,63.502,1.965
E06000045,Southampton,2015,244.666,56.3853,318.922,328.143,89.725,169.091,84.941,2.089,65.426,1.779
E06000045,Southampton,2016,248.662,56.3853,313.857,305.822,82.450,141.355,70.699,2.027,59.966,1.840
E06000045,Southampton,2017,250.492,56.3853,306.213,286.120,91.476,101.750,77.594,1.886,41.979,1.811
E06000045,Southampton,2018,250.803,56.3853,295.604,277.547,70.202,133.066,69.062,1.738,36.964,1.899
E06000045,Southampton,2019,249.428,56.3853,280.524,262.385,64.827,115.017,66.627,1.688,45.275,1.942
E06000045,Southampton,2020,248.679,56.3853,224.667,259.554,58.186,92.280,62.094,1.614,40.760,2.066
E06000045,Southampton,2021,247.672,56.3853,225.265,264.349,66.619,107.687,67.871,1.092,59.690,2.114
E06000045,Southampton,2022,252.178,56.3853,229.206,231.927,58.944,106.655,63.011,1.088,56.058,2.266
E06000045,Southampton,2023,257.387,56.3853,228.754,211.253,57.225,94.652,56.360,1.138,52.777,2.186
E06000045,Southampton,2024,259.424,56.3853,229.921,210.001,50.504,83.871,56.774,1.035,40.255,2.224
E06000046,Isle of Wight,2005,137.179,392.8289,146.877,359.561,63.476,188.162,47.111,80.834,104.360,-22.518
E06000046,Isle of Wight,2006,137.727,392.8289,147.411,355.911,60.088,181.032,44.162,78.811,101.830,-23.064
E06000046,Isle of Wight,2007,138.289,392.8289,146.625,339.247,57.624,173.296,42.206,77.222,106.235,-23.819
E06000046,Isle of Wight,2008,138.675,392.8289,139.153,342.935,52.278,172.513,41.212,78.740,125.749,-25.083
E06000046,Isle of Wight,2009,138.361,392.8289,134.388,311.186,45.487,143.223,33.791,75.217,86.982,-25.373
E06000046,Isle of Wight,2010,138.364,392.8289,133.335,332.028,56.541,181.028,44.932,76.661,82.937,-25.596
E06000046,Isle of Wight,2011,138.392,392.8289,131.613,289.544,53.659,157.239,39.034,72.499,72.077,-26.515
E06000046,Isle of Wight,2012,138.632,392.8289,129.783,315.389,51.793,169.580,41.433,73.432,85.274,-26.026
E06000046,Isle of Wight,2013,138.146,392.8289,127.003,302.338,51.037,153.381,37.473,70.546,104.555,-27.009
E06000046,Isle of Wight,2014,138.899,392.8289,128.560,259.132,49.050,139.688,34.485,66.430,116.902,-27.035
E06000046,Isle of Wight,2015,139.316,392.8289,129.205,248.107,46.382,135.197,33.237,68.600,104.370,-28.257
E06000046,Isle of Wight,2016,139.65,392.8289,132.652,231.924,39.609,128.010,31.467,62.352,97.595,-27.134
E06000046,Isle of Wight,2017,141.277,392.8289,133.250,219.148,38.914,103.427,31.799,61.788,71.830,-28.239
E06000046,Isle of Wight,2018,141.665,392.8289,130.368,212.505,28.953,117.326,29.200,57.821,80.463,-27.935
E06000046,Isle of Wight,2019,141.764,392.8289,125.936,202.166,43.523,84.923,28.531,57.974,101.408,-28.560
E06000046,Isle of Wight,2020,140.915,392.8289,101.911,200.148,41.252,75.855,26.946,53.653,68.314,-28.596
E06000046,Isle of Wight,2021,140.885,392.8289,108.714,200.822,46.306,91.824,28.557,51.576,48.363,-27.771
E06000046,Isle of Wight,2022,140.756,392.8289,111.612,170.955,34.617,74.673,27.476,64.465,37.775,-27.044
E06000046,Isle of Wight,2023,141.281,392.8289,110.502,158.438,31.750,66.262,24.765,62.073,40.554,-28.273
E06000046,Isle of Wight,2024,141.66,392.8289,109.735,157.904,29.570,56.523,24.976,70.122,37.294,-28.038
E06000047,County Durham,2005,497.218,2232.6115,968.024,1363.184,1006.417,375.953,229.473,444.906,426.426,-9.935
E06000047,County Durham,2006,499.348,2232.6115,965.048,1356.479,946.295,388.670,226.014,430.908,417.108,-13.891
E06000047,County Durham,2007,502.96,2232.6115,983.662,1306.286,915.919,367.205,211.604,431.388,396.271,-18.853
E06000047,County Durham,2008,505.617,2232.6115,943.095,1309.927,896.377,362.953,206.244,432.294,265.945,-25.757
E06000047,County Durham,2009,507.311,2232.6115,908.356,1190.741,776.157,307.580,176.794,421.588,341.323,-27.946
E06000047,County Durham,2010,510.628,2232.6115,904.901,1269.948,857.151,321.935,191.308,422.513,255.970,-29.326
E06000047,County Durham,2011,512.994,2232.6115,893.735,1119.731,813.184,292.503,171.837,409.914,159.635,-34.087
E06000047,County Durham,2012,513.122,2232.6115,893.098,1198.442,818.737,306.264,181.605,420.197,229.289,-27.570
E06000047,County Durham,2013,513.179,2232.6115,882.826,1185.633,827.416,290.532,174.987,411.886,176.119,-36.206
E06000047,County Durham,2014,513.604,2232.6115,899.484,999.992,744.122,251.594,151.990,404.328,122.735,-36.576
E06000047,County Durham,2015,513.924,2232.6115,906.940,983.038,638.502,221.174,135.259,419.735,139.877,-42.499
E06000047,County Durham,2016,514.431,2232.6115,918.867,920.108,426.176,182.033,104.307,416.058,173.967,-36.592
E06000047,County Durham,2017,515.911,2232.6115,948.842,886.410,428.911,143.214,101.420,416.794,151.670,-42.679
E06000047,County Durham,2018,516.648,2232.6115,959.850,871.605,377.680,178.182,107.879,395.740,175.097,-42.013
E06000047,County Durham,2019,518.562,2232.6115,954.913,845.397,309.291,163.860,102.488,399.548,153.477,-44.811
E06000047,County Durham,2020,519.204,2232.6115,805.200,832.527,273.845,140.950,97.139,389.687,104.476,-46.114
E06000047,County Durham,2021,521.447,2232.6115,859.707,843.785,303.223,169.103,102.829,398.070,115.050,-41.783
E06000047,County Durham,2022,527.755,2232.6115,854.625,716.241,311.301,162.045,83.937,381.637,158.653,-39.204
E06000047,County Durham,2023,533.997,2232.6115,848.914,683.343,262.172,152.238,84.718,378.072,142.704,-45.418
E06000047,County Durham,2024,538.011,2232.6115,844.719,680.985,244.905,151.223,80.402,370.694,187.076,-45.767
E06000049,Cheshire East,2005,359.807,1166.3577,1231.999,1071.520,726.129,484.251,120.445,638.417,194.303,-2.098
E06000049,Cheshire East,2006,362.049,1166.3577,1229.303,1071.766,530.419,495.860,117.200,625.215,195.036,-4.110
E06000049,Cheshire East,2007,365.003,1166.3577,1243.136,1038.922,516.773,478.831,113.151,618.760,192.206,-7.636
E06000049,Cheshire East,2008,367.16,1166.3577,1177.049,1037.295,510.081,473.073,112.366,622.256,175.449,-11.727
E06000049,Cheshire East,2009,368.023,1166.3577,1170.880,950.739,463.291,408.680,99.253,606.099,183.679,-13.528
E06000049,Cheshire East,2010,369.051,1166.3577,1151.150,1023.214,499.512,426.429,106.100,616.880,153.570,-14.592
E06000049,Cheshire East,2011,370.736,1166.3577,1133.414,895.928,473.974,389.443,97.982,608.647,151.142,-18.040
E06000049,Cheshire East,2012,372.501,1166.3577,1117.750,958.217,505.879,434.598,109.673,616.162,147.532,-17.863
E06000049,Cheshire East,2013,373.956,1166.3577,1113.563,935.139,493.511,405.870,103.299,627.259,201.887,-20.801
E06000049,Cheshire East,2014,376.574,1166.3577,1155.646,792.940,426.175,348.971,87.690,631.031,162.999,-21.882
E06000049,Cheshire East,2015,378.511,1166.3577,1162.536,782.967,398.715,302.573,78.029,638.436,134.063,-25.851
E06000049,Cheshire East,2016,381.414,1166.3577,1172.356,728.832,380.713,263.589,68.555,610.581,133.663,-23.372
E06000049,Cheshire East,2017,384.221,1166.3577,1181.697,695.482,382.364,232.491,68.131,614.238,138.637,-26.270
E06000049,Cheshire East,2018,386.891,1166.3577,1180.852,694.858,363.860,254.149,62.434,597.943,125.546,-26.960
E06000049,Cheshire East,2019,390.556,1166.3577,1168.722,668.924,323.742,230.088,56.621,599.932,100.704,-28.759
E06000049,Cheshire East,2020,393.203,1166.3577,1011.418,652.021,318.827,208.047,54.431,600.648,116.153,-27.326
E06000049,Cheshire East,2021,400.474,1166.3577,1056.855,666.387,340.624,229.787,60.103,599.792,119.246,-28.530
E06000049,Cheshire East,2022,407.083,1166.3577,1074.495,564.971,293.805,214.113,55.178,579.470,134.511,-27.485
E06000049,Cheshire East,2023,414.836,1166.3577,1060.900,539.682,288.443,194.335,48.161,581.992,135.711,-30.009
E06000049,Cheshire East,2024,421.298,1166.3577,1059.616,540.707,263.039,179.481,49.525,573.765,113.542,-29.979
E06000050,Cheshire West and Chester,2005,327.169,941.207,968.358,889.975,3415.665,523.220,97.930,494.257,210.806,25.089
E06000050,Cheshire West and Chester,2006,328.358,941.207,970.112,879.977,3326.645,591.608,92.446,502.212,207.735,23.972
E06000050,Cheshire West and Chester,2007,329.364,941.207,967.252,852.035,3380.954,573.945,90.631,481.499,199.943,20.775
E06000050,Cheshire West and Chester,2008,329.353,941.207,949.411,846.753,3458.274,588.275,89.652,481.283,178.954,17.725
E06000050,Cheshire West and Chester,2009,329.116,941.207,934.618,778.073,3081.414,506.333,76.764,472.230,210.945,15.944
E06000050,Cheshire West and Chester,2010,329.553,941.207,923.728,834.495,2973.831,519.171,80.229,484.824,248.214,15.657
E06000050,Cheshire West and Chester,2011,329.526,941.207,919.240,726.721,2540.601,415.646,65.994,471.091,232.729,12.194
E06000050,Cheshire West and Chester,2012,331.231,941.207,888.891,778.851,2840.915,546.720,89.601,484.841,215.368,13.105
E06000050,Cheshire West and Chester,2013,333.476,941.207,891.135,756.765,2576.725,486.000,80.321,480.272,177.346,10.171
E06000050,Cheshire West and Chester,2014,336.437,941.207,913.097,640.462,2199.777,422.946,71.073,483.788,166.116,10.442
E06000050,Cheshire West and Chester,2015,339.181,941.207,919.585,629.250,1892.756,352.549,53.686,487.748,140.291,6.099
E06000050,Cheshire West and Chester,2016,342.424,941.207,937.511,589.127,2017.003,295.577,46.293,464.071,111.011,9.119
E06000050,Cheshire West and Chester,2017,346.04,941.207,934.024,563.690,2042.347,243.829,46.262,473.772,121.328,6.464
E06000050,Cheshire West and Chester,2018,350.076,941.207,943.876,561.191,1715.275,272.938,39.902,450.224,124.535,5.553
E06000050,Cheshire West and Chester,2019,353.362,941.207,929.078,539.195,1874.237,247.888,52.001,451.256,161.137,3.557
E06000050,Cheshire West and Chester,2020,354.738,941.207,779.844,524.824,1847.389,219.442,49.056,437.475,361.831,3.450
E06000050,Cheshire West and Chester,2021,357.73,941.207,828.872,530.822,1551.076,239.046,55.059,436.959,265.025,3.818
E06000050,Cheshire West and Chester,2022,362.076,941.207,826.825,451.231,967.622,230.164,51.366,428.190,101.647,5.297
E06000050,Cheshire West and Chester,2023,366.665,941.207,816.585,430.249,1130.120,196.256,47.694,430.180,329.524,4.718
E06000050,Cheshire West and Chester,2024,371.652,941.207,823.535,431.967,892.020,184.855,44.587,417.838,266.422,4.462
E06000051,Shropshire,2005,291.523,3197.2758,740.716,801.557,321.998,315.913,119.986,1249.991,198.315,-54.508
E06000051,Shropshire,2006,294.531,3197.2758,741.317,812.307,315.338,330.689,115.758,1239.777,194.787,-56.917
E06000051,Shropshire,2007,297.633,3197.2758,744.812,781.455,340.034,373.481,120.382,1223.229,117.238,-67.168
E06000051,Shropshire,2008,300.473,3197.2758,724.027,778.772,286.998,312.398,110.133,1209.460,209.662,-78.375
E06000051,Shropshire,2009,302.069,3197.2758,704.316,722.088,254.285,276.096,96.998,1195.859,114.475,-78.720
E06000051,Shropshire,2010,304.523,3197.2758,699.747,782.942,278.613,287.769,105.670,1209.145,208.290,-79.673
E06000051,Shropshire,2011,307.108,3197.2758,686.497,683.892,259.286,262.986,94.743,1178.881,175.479,-84.926
E06000051,Shropshire,2012,307.921,3197.2758,684.328,728.061,262.111,281.316,102.174,1189.829,190.467,-74.361
E06000051,Shropshire,2013,308.181,3197.2758,683.790,710.757,261.969,263.317,99.552,1188.274,180.087,-84.434
E06000051,Shropshire,2014,309.436,3197.2758,699.295,615.633,242.298,235.998,88.355,1184.857,124.137,-85.399
E06000051,Shropshire,2015,310.751,3197.2758,707.132,599.250,224.878,210.418,83.577,1209.174,136.738,-94.170
E06000051,Shropshire,2016,312.836,3197.2758,740.829,564.345,193.076,174.945,74.315,1183.662,159.169,-81.908
E06000051,Shropshire,2017,315.232,3197.2758,759.594,538.209,195.311,143.557,74.033,1203.763,138.313,-89.167
E06000051,Shropshire,2018,317.112,3197.2758,763.363,535.364,198.890,160.899,73.495,1173.314,135.548,-90.816
E06000051,Shropshire,2019,319.729,3197.2758,738.509,517.008,182.430,118.881,65.408,1189.997,137.116,-94.436
E06000051,Shropshire,2020,321.054,3197.2758,616.158,510.791,173.344,103.800,67.572,1157.112,119.223,-96.328
E06000051,Shropshire,2021,324.669,3197.2758,688.064,511.452,166.235,118.395,86.202,1144.980,114.337,-89.998
E06000051,Shropshire,2022,327.352,3197.2758,695.679,425.624,155.872,119.357,73.245,1113.393,116.397,-85.208
E06000051,Shropshire,2023,329.558,3197.2758,686.464,414.524,140.136,99.973,69.165,1121.811,95.631,-94.050
E06000051,Shropshire,2024,332.455,3197.2758,693.822,424.476,136.599,112.978,69.211,1097.072,99.555,-92.306
E06000052,Cornwall,2005,515.098,3612.0597,1004.168,1368.349,448.269,738.249,143.593,1373.168,381.909,-190.472
E06000052,Cornwall,2006,517.984,3612.0597,1013.662,1385.617,415.881,745.363,140.430,1358.833,373.781,-196.472
E06000052,Cornwall,2007,521.957,3612.0597,1024.225,1326.963,407.816,711.277,133.859,1318.442,362.986,-205.910
E06000052,Cornwall,2008,524.973,3612.0597,1013.366,1324.934,359.091,666.692,123.408,1318.995,321.616,-218.328
E06000052,Cornwall,2009,526.365,3612.0597,985.890,1230.060,313.897,585.793,107.288,1295.053,357.403,-221.553
E06000052,Cornwall,2010,529.794,3612.0597,985.067,1308.014,343.451,627.550,115.803,1304.393,320.034,-223.861
E06000052,Cornwall,2011,533.76,3612.0597,967.188,1171.756,315.504,558.114,103.704,1268.563,316.384,-232.140
E06000052,Cornwall,2012,537.411,3612.0597,954.262,1243.943,295.901,606.497,111.731,1273.995,308.671,-226.589
E06000052,Cornwall,2013,540.061,3612.0597,943.535,1213.781,300.804,574.828,107.634,1280.015,297.986,-237.900
E06000052,Cornwall,2014,543.778,3612.0597,956.014,1036.712,287.001,510.558,96.060,1256.484,309.137,-236.963
E06000052,Cornwall,2015,547.334,3612.0597,969.058,993.186,261.926,459.177,85.489,1262.161,241.940,-248.496
E06000052,Cornwall,2016,551.203,3612.0597,1024.349,907.389,235.753,385.048,71.117,1251.574,97.662,-236.479
E06000052,Cornwall,2017,556.921,3612.0597,1069.909,851.398,279.673,325.783,75.817,1270.486,133.894,-244.567
E06000052,Cornwall,2018,559.961,3612.0597,1048.979,820.635,241.275,349.647,64.622,1216.901,109.184,-244.272
E06000052,Cornwall,2019,563.695,3612.0597,1037.394,792.689,202.166,315.514,57.299,1217.533,75.500,-247.589
E06000052,Cornwall,2020,565.045,3612.0597,847.416,773.377,204.156,272.619,54.838,1206.742,91.101,-250.870
E06000052,Cornwall,2021,571.948,3612.0597,953.134,770.393,207.515,316.249,57.969,1177.702,95.181,-243.951
E06000052,Cornwall,2022,575.591,3612.0597,990.846,657.339,190.096,279.580,55.826,1144.648,88.449,-238.863
E06000052,Cornwall,2023,579.381,3612.0597,983.315,622.911,171.863,240.267,50.825,1132.134,93.977,-246.466
E06000052,Cornwall,2024,583.289,3612.0597,984.642,612.829,166.253,218.276,53.544,1107.811,71.041,-248.847
E06000053,Isles of Scilly,2005,2.21,22.8495,1.722,5.571,0.602,4.115,0.308,1.111,0.122,-0.001
E06000053,Isles of Scilly,2006,2.264,22.8495,1.815,5.618,0.532,3.500,0.261,1.036,0.128,-0.001
E06000053,Isles of Scilly,2007,2.293,22.8495,2.041,5.654,0.575,3.732,0.259,0.996,0.132,-0.001
E06000053,Isles of Scilly,2008,2.333,22.8495,1.980,5.632,0.529,3.643,0.263,1.046,0.135,-0.001
E06000053,Isles of Scilly,2009,2.251,22.8495,2.086,4.845,0.501,3.476,0.241,0.924,0.251,-0.001
E06000053,Isles of Scilly,2010,2.228,22.8495,2.102,5.087,0.510,3.485,0.243,0.918,0.174,-0.001
E06000053,Isles of Scilly,2011,2.224,22.8495,2.153,4.736,0.498,3.282,0.228,0.837,0.147,-0.001
E06000053,Isles of Scilly,2012,2.249,22.8495,2.100,5.247,0.555,3.858,0.259,0.948,0.147,-0.002
E06000053,Isles of Scilly,2013,2.214,22.8495,2.328,4.928,0.490,3.337,0.228,0.874,0.155,-0.002
E06000053,Isles of Scilly,2014,2.188,22.8495,2.273,4.096,0.450,2.898,0.203,0.765,2.959,-0.002
E06000053,Isles of Scilly,2015,2.238,22.8495,2.590,3.813,0.406,2.706,0.174,0.778,0.556,-0.002
E06000053,Isles of Scilly,2016,2.236,22.8495,2.883,3.208,0.380,2.152,0.147,0.580,1.128,-0.002
E06000053,Isles of Scilly,2017,2.17,22.8495,2.664,2.940,0.465,1.628,0.210,0.557,0.114,-0.002
E06000053,Isles of Scilly,2018,2.166,22.8495,3.008,2.725,0.322,1.959,0.136,0.577,0.115,-0.002
E06000053,Isles of Scilly,2019,2.098,22.8495,3.074,2.610,0.168,1.946,0.102,0.515,1.274,-0.002
E06000053,Isles of Scilly,2020,2.03,22.8495,1.051,2.593,0.156,1.707,0.101,1.558,0.113,-0.002
E06000053,Isles of Scilly,2021,2.271,22.8495,1.097,2.615,0.197,2.013,0.110,1.265,0.143,-0.002
E06000053,Isles of Scilly,2022,2.34,22.8495,2.093,2.245,0.141,1.796,0.160,1.161,0.058,-0.002
E06000053,Isles of Scilly,2023,2.433,22.8495,1.768,2.058,0.152,1.484,0.177,1.107,0.067,-0.002
E06000053,Isles of Scilly,2024,2.366,22.8495,1.896,1.961,0.181,1.602,0.163,0.920,0.062,-0.002
E06000054,Wiltshire,2005,448.67,3255.338,1339.596,1212.206,870.554,527.865,186.993,813.633,470.356,-137.897
E06000054,Wiltshire,2006,453.041,3255.338,1337.254,1218.564,1077.964,553.667,188.396,791.659,459.872,-139.847
E06000054,Wiltshire,2007,458.84,3255.338,1359.733,1176.483,1084.724,530.438,181.920,806.790,413.279,-149.827
E06000054,Wiltshire,2008,464.007,3255.338,1306.492,1180.333,979.634,532.363,181.978,819.739,308.284,-162.371
E06000054,Wiltshire,2009,466.711,3255.338,1255.290,1085.492,403.831,457.148,158.519,804.387,318.639,-162.239
E06000054,Wiltshire,2010,470.199,3255.338,1251.585,1168.310,404.727,478.165,172.467,813.314,253.056,-163.366
E06000054,Wiltshire,2011,474.319,3255.338,1234.598,1031.836,365.027,422.332,150.122,794.606,223.282,-172.019
E06000054,Wiltshire,2012,476.806,3255.338,1222.800,1106.671,367.554,448.773,159.948,802.200,251.594,-164.480
E06000054,Wiltshire,2013,479.505,3255.338,1212.131,1077.546,374.005,424.306,157.568,794.586,220.385,-174.965
E06000054,Wiltshire,2014,484.344,3255.338,1221.064,924.882,331.346,375.683,136.236,780.058,181.784,-174.786
E06000054,Wiltshire,2015,488.377,3255.338,1258.991,888.864,296.453,328.266,123.320,805.778,143.016,-187.566
E06000054,Wiltshire,2016,492.706,3255.338,1299.142,840.247,257.768,289.570,93.427,777.403,148.568,-173.507
E06000054,Wiltshire,2017,497.177,3255.338,1314.487,787.932,288.794,217.711,107.019,780.659,187.005,-182.694
E06000054,Wiltshire,2018,498.703,3255.338,1296.247,780.539,260.372,291.160,88.435,738.729,190.048,-183.225
E06000054,Wiltshire,2019,502.985,3255.338,1272.654,750.030,229.146,276.768,76.728,750.691,185.927,-190.826
E06000054,Wiltshire,2020,507.047,3255.338,1048.558,739.737,204.715,242.631,72.898,724.638,151.992,-190.469
E06000054,Wiltshire,2021,513.24,3255.338,1159.364,744.963,213.390,285.136,78.487,717.558,187.748,-184.231
E06000054,Wiltshire,2022,516.185,3255.338,1130.858,640.224,192.159,267.329,74.720,696.262,188.754,-176.630
E06000054,Wiltshire,2023,519.779,3255.338,1130.789,599.366,168.372,229.695,63.908,718.096,190.319,-188.599
E06000054,Wiltshire,2024,523.7,3255.338,1116.626,606.166,158.995,228.760,67.190,707.329,233.722,-187.025
E06000055,Bedford,2005,151.747,476.4082,316.211,374.918,190.820,185.397,70.686,83.687,118.994,-2.092
E06000055,Bedford,2006,152.346,476.4082,313.841,377.594,206.015,183.883,67.114,81.153,116.284,-1.955
E06000055,Bedford,2007,153.107,476.4082,316.203,366.007,203.286,174.914,64.613,84.727,102.182,-2.979
E06000055,Bedford,2008,154.164,476.4082,309.936,363.174,133.749,185.177,68.706,88.780,63.461,-4.178
E06000055,Bedford,2009,154.808,476.4082,301.677,333.804,108.234,161.291,60.268,86.325,36.867,-2.983
E06000055,Bedford,2010,156.535,476.4082,303.764,360.212,134.095,170.057,65.243,87.950,44.121,-3.021
E06000055,Bedford,2011,157.84,476.4082,292.327,316.947,113.392,149.060,56.843,84.642,59.834,-3.594
E06000055,Bedford,2012,160.344,476.4082,297.921,344.003,125.835,171.906,62.893,90.373,72.347,-3.115
E06000055,Bedford,2013,163.672,476.4082,298.865,335.431,151.255,163.515,62.772,87.381,62.526,-4.090
E06000055,Bedford,2014,166.856,476.4082,306.596,286.704,134.069,140.546,52.643,83.630,88.483,-4.167
E06000055,Bedford,2015,170.149,476.4082,308.166,280.077,115.218,120.926,47.711,89.854,117.262,-5.390
E06000055,Bedford,2016,173.703,476.4082,318.765,270.563,105.214,107.508,39.972,87.107,101.388,-3.858
E06000055,Bedford,2017,175.537,476.4082,327.950,255.101,116.739,87.181,41.145,88.322,61.671,-4.109
E06000055,Bedford,2018,178.288,476.4082,316.569,250.828,100.689,101.808,36.390,79.859,57.080,-4.247
E06000055,Bedford,2019,180.651,476.4082,311.439,240.687,85.673,92.615,32.319,82.690,51.817,-4.805
E06000055,Bedford,2020,182.346,476.4082,262.170,242.101,80.781,82.431,30.184,76.762,45.658,-4.472
E06000055,Bedford,2021,185.796,476.4082,275.296,246.367,81.478,103.533,33.454,79.719,60.450,-3.871
E06000055,Bedford,2022,187.624,476.4082,283.902,214.160,71.814,101.639,30.434,74.525,68.672,-3.512
E06000055,Bedford,2023,191.575,476.4082,284.193,198.017,67.255,88.097,26.836,74.670,40.102,-4.717
E06000055,Bedford,2024,194.976,476.4082,281.117,204.436,66.132,64.318,25.359,73.947,35.563,-4.679
E06000056,Central Bedfordshire,2005,242.062,715.6657,780.266,632.401,211.186,206.105,59.814,122.170,195.551,-21.229
E06000056,Central Bedfordshire,2006,244.351,715.6657,753.938,637.353,206.688,209.280,59.360,117.504,191.493,-20.992
E06000056,Central Bedfordshire,2007,246.803,715.6657,741.780,624.326,202.348,205.523,57.932,117.953,169.923,-22.601
E06000056,Central Bedfordshire,2008,249.035,715.6657,730.663,616.437,195.791,216.666,59.565,125.268,107.982,-24.849
E06000056,Central Bedfordshire,2009,250.329,715.6657,711.032,565.684,171.045,186.759,50.645,122.774,64.673,-23.260
E06000056,Central Bedfordshire,2010,252.46,715.6657,715.666,608.747,189.233,195.938,54.854,122.529,68.000,-23.908
E06000056,Central Bedfordshire,2011,255.644,715.6657,699.550,537.594,174.828,174.012,49.329,115.995,86.954,-24.585
E06000056,Central Bedfordshire,2012,259.524,715.6657,702.093,582.827,190.289,193.636,56.348,123.970,101.121,-22.972
E06000056,Central Bedfordshire,2013,263.425,715.6657,713.829,570.270,192.933,183.491,55.608,117.211,85.720,-24.919
E06000056,Central Bedfordshire,2014,267.066,715.6657,721.195,487.298,177.395,166.972,49.469,111.843,86.681,-24.687
E06000056,Central Bedfordshire,2015,270.962,715.6657,742.474,476.069,161.543,147.173,45.402,120.559,94.680,-26.446
E06000056,Central Bedfordshire,2016,274.909,715.6657,759.298,454.945,143.871,125.402,40.236,114.297,104.370,-23.691
E06000056,Central Bedfordshire,2017,277.655,715.6657,788.132,429.921,144.337,106.692,38.422,114.310,61.100,-24.567
E06000056,Central Bedfordshire,2018,280.414,715.6657,815.036,425.624,129.597,128.626,36.891,100.822,59.019,-24.213
E06000056,Central Bedfordshire,2019,284.688,715.6657,803.870,407.644,109.463,134.486,34.128,105.744,64.325,-24.545
E06000056,Central Bedfordshire,2020,289.105,715.6657,709.346,409.328,100.409,118.375,30.976,101.214,66.213,-24.290
E06000056,Central Bedfordshire,2021,295.651,715.6657,713.078,419.515,105.410,133.024,34.192,107.074,54.128,-22.757
E06000056,Central Bedfordshire,2022,301.829,715.6657,721.979,364.108,118.568,131.045,29.405,100.507,56.618,-21.619
E06000056,Central Bedfordshire,2023,309.382,715.6657,715.565,337.875,106.018,121.084,26.628,102.832,64.655,-23.855
E06000056,Central Bedfordshire,2024,315.877,715.6657,694.198,349.172,98.405,107.808,27.316,107.097,72.700,-23.340
E06000057,Northumberland,2005,310.752,5077.4757,656.873,893.463,3109.027,309.964,124.553,836.857,411.797,-449.455
E06000057,Northumberland,2006,311.375,5077.4757,658.443,889.630,2987.842,308.247,117.497,809.525,400.715,-461.102
E06000057,Northumberland,2007,312.96,5077.4757,671.770,854.764,2726.427,300.512,116.072,813.030,225.496,-470.963
E06000057,Northumberland,2008,314.057,5077.4757,636.605,854.198,2601.335,275.100,105.231,813.034,203.158,-493.920
E06000057,Northumberland,2009,314.489,5077.4757,619.397,783.478,2077.489,231.813,90.405,789.377,133.438,-497.661
E06000057,Northumberland,2010,315.463,5077.4757,617.958,839.605,2362.426,258.846,101.017,807.872,87.071,-495.872
E06000057,Northumberland,2011,316.278,5077.4757,610.604,737.022,2390.353,225.675,88.082,781.163,104.033,-505.276
E06000057,Northumberland,2012,315.924,5077.4757,604.594,789.471,1657.571,232.884,88.832,807.535,73.516,-443.052
E06000057,Northumberland,2013,315.013,5077.4757,600.014,776.997,478.808,222.157,87.576,798.342,73.852,-479.201
E06000057,Northumberland,2014,315.274,5077.4757,612.492,661.910,401.268,188.678,72.861,776.312,97.074,-477.087
E06000057,Northumberland,2015,314.188,5077.4757,630.448,645.635,386.934,176.713,68.069,810.712,125.867,-485.335
E06000057,Northumberland,2016,314.327,5077.4757,658.878,603.529,352.288,138.972,53.896,801.430,92.615,-457.567
E06000057,Northumberland,2017,315.663,5077.4757,677.424,583.707,343.537,120.091,57.210,810.460,110.765,-481.147
E06000057,Northumberland,2018,316.153,5077.4757,681.447,574.517,331.904,137.434,54.636,774.914,148.569,-470.285
E06000057,Northumberland,2019,318.027,5077.4757,662.492,560.178,294.891,126.911,49.596,772.927,59.067,-468.992
E06000057,Northumberland,2020,318.49,5077.4757,552.024,551.971,264.880,110.541,47.917,748.874,102.233,-469.954
E06000057,Northumberland,2021,321.532,5077.4757,592.214,562.179,294.046,127.888,50.322,736.090,70.157,-484.889
E06000057,Northumberland,2022,324.627,5077.4757,589.506,474.701,271.232,131.775,48.769,717.693,71.480,-460.884
E06000057,Northumberland,2023,327.865,5077.4757,585.515,456.391,253.499,115.726,41.895,722.754,66.326,-461.498
E06000057,Northumberland,2024,331.42,5077.4757,589.163,455.096,231.524,95.924,40.214,705.175,73.002,-456.933
E06000058,"Bournemouth, Christchurch and Poole",2005,351.616,173.9322,546.112,932.921,252.608,455.758,130.271,15.916,277.716,3.025
E06000058,"Bournemouth, Christchurch and Poole",2006,353.901,173.9322,526.331,919.746,254.078,467.139,128.913,19.917,272.376,2.263
E06000058,"Bournemouth, Christchurch and Poole",2007,359.462,173.9322,533.531,878.171,252.472,456.080,123.991,16.045,262.563,1.621
E06000058,"Bournemouth, Christchurch and Poole",2008,363.158,173.9322,519.578,889.392,240.090,461.638,124.299,16.195,196.839,1.034
E06000058,"Bournemouth, Christchurch and Poole",2009,366.948,173.9322,505.096,802.460,211.509,409.318,109.218,13.819,238.708,0.476
E06000058,"Bournemouth, Christchurch and Poole",2010,373.76,173.9322,485.841,856.485,225.673,415.117,113.503,13.317,131.374,0.138
E06000058,"Bournemouth, Christchurch and Poole",2011,379.441,173.9322,470.004,749.799,211.520,375.572,100.932,12.157,123.986,-0.427
E06000058,"Bournemouth, Christchurch and Poole",2012,382.465,173.9322,465.874,812.754,217.341,404.416,109.830,12.353,107.142,-0.408
E06000058,"Bournemouth, Christchurch and Poole",2013,385.483,173.9322,452.585,785.739,208.632,374.026,104.006,13.868,106.150,-0.983
E06000058,"Bournemouth, Christchurch and Poole",2014,389.727,173.9322,452.078,669.789,185.699,320.037,89.310,13.568,96.950,-1.090
E06000058,"Bournemouth, Christchurch and Poole",2015,392.499,173.9322,446.001,638.805,171.201,277.728,78.683,14.167,96.716,-1.484
E06000058,"Bournemouth, Christchurch and Poole",2016,397.066,173.9322,449.836,607.251,152.667,236.975,68.594,12.087,89.460,-1.266
E06000058,"Bournemouth, Christchurch and Poole",2017,399.374,173.9322,445.119,569.619,149.664,195.543,72.733,12.213,59.137,-1.714
E06000058,"Bournemouth, Christchurch and Poole",2018,400.064,173.9322,435.412,556.540,129.396,218.280,61.747,12.114,57.225,-1.656
E06000058,"Bournemouth, Christchurch and Poole",2019,400.182,173.9322,467.751,528.432,126.538,184.027,57.676,12.155,53.545,-1.649
E06000058,"Bournemouth, Christchurch and Poole",2020,399.564,173.9322,374.208,522.424,103.871,157.344,52.866,11.581,57.583,-1.605
E06000058,"Bournemouth, Christchurch and Poole",2021,400.155,173.9322,431.586,525.754,112.775,177.502,57.898,7.417,62.767,-1.306
E06000058,"Bournemouth, Christchurch and Poole",2022,402.784,173.9322,427.936,454.192,106.039,159.784,54.064,7.600,66.711,-0.742
E06000058,"Bournemouth, Christchurch and Poole",2023,406.626,173.9322,422.392,417.149,97.092,137.438,49.466,10.293,58.235,-0.969
E06000058,"Bournemouth, Christchurch and Poole",2024,408.967,173.9322,422.742,418.601,85.350,124.068,49.126,10.234,61.512,-0.759
E06000059,Dorset,2005,357.679,2521.075,866.566,975.820,239.746,387.608,105.761,866.367,266.967,-147.261
E06000059,Dorset,2006,359.806,2521.075,870.132,979.035,227.961,386.677,101.494,865.962,261.002,-151.407
E06000059,Dorset,2007,363.069,2521.075,880.589,928.628,219.872,368.983,96.231,849.498,337.249,-158.829
E06000059,Dorset,2008,364.085,2521.075,857.163,940.626,203.486,375.388,95.906,861.210,236.637,-167.678
E06000059,Dorset,2009,363.567,2521.075,826.514,861.415,182.556,337.302,85.069,844.196,265.378,-169.387
E06000059,Dorset,2010,364.317,2521.075,811.239,926.973,193.185,348.064,89.047,853.503,230.273,-171.234
E06000059,Dorset,2011,365.897,2521.075,794.377,808.632,184.666,308.181,78.917,828.755,204.270,-175.904
E06000059,Dorset,2012,366.572,2521.075,782.702,870.467,185.396,341.030,86.281,846.363,178.771,-168.448
E06000059,Dorset,2013,367.651,2521.075,781.388,843.706,186.255,321.892,82.312,859.664,143.725,-178.526
E06000059,Dorset,2014,368.694,2521.075,796.475,726.262,191.841,359.248,99.615,853.660,140.146,-179.471
E06000059,Dorset,2015,370.728,2521.075,803.969,694.250,155.666,253.716,63.596,861.908,134.320,-187.233
E06000059,Dorset,2016,372.416,2521.075,835.611,657.170,137.697,216.320,54.307,836.089,133.466,-177.800
E06000059,Dorset,2017,374.675,2521.075,836.644,617.277,142.482,172.020,54.857,842.679,120.101,-185.142
E06000059,Dorset,2018,375.604,2521.075,822.802,605.437,126.309,203.582,50.263,801.347,117.898,-185.274
E06000059,Dorset,2019,377.699,2521.075,784.436,578.227,116.784,177.425,45.094,818.228,117.427,-187.464
E06000059,Dorset,2020,377.67,2521.075,638.536,571.486,107.693,176.210,49.392,792.676,91.059,-157.657
E06000059,Dorset,2021,381.245,2521.075,743.378,572.162,154.325,180.810,44.428,785.764,81.763,-183.190
E06000059,Dorset,2022,383.509,2521.075,704.830,492.875,109.188,203.422,45.830,758.318,83.773,-178.241
E06000059,Dorset,2023,386.151,2521.075,699.641,461.719,94.303,159.256,39.532,751.172,87.497,-185.494
E06000059,Dorset,2024,389.947,2521.075,695.541,466.115,128.725,124.097,29.310,736.393,80.092,-183.483
E06000060,Buckinghamshire,2005,485.526,1564.938,1527.232,1414.798,295.741,561.796,197.174,358.978,551.391,-94.891
E06000060,Buckinghamshire,2006,489.348,1564.938,1531.853,1424.937,284.160,557.112,179.386,354.511,537.192,-97.223
E06000060,Buckinghamshire,2007,493.501,1564.938,1557.041,1383.993,269.787,509.884,164.769,349.332,459.468,-101.612
E06000060,Buckinghamshire,2008,496.371,1564.938,1491.494,1387.376,247.035,508.956,163.583,352.261,333.047,-106.892
E06000060,Buckinghamshire,2009,498.813,1564.938,1436.548,1273.566,216.394,451.258,143.173,340.643,320.682,-107.822
E06000060,Buckinghamshire,2010,502.82,1564.938,1439.422,1377.978,242.395,474.456,154.615,347.265,295.878,-108.257
E06000060,Buckinghamshire,2011,506.55,1564.938,1391.024,1213.126,227.277,424.612,136.614,334.939,310.453,-111.507
E06000060,Buckinghamshire,2012,512.105,1564.938,1396.755,1307.205,234.651,477.393,158.800,344.744,299.778,-108.300
E06000060,Buckinghamshire,2013,517.918,1564.938,1380.913,1284.585,225.185,442.328,151.932,333.104,251.413,-113.429
E06000060,Buckinghamshire,2014,523.613,1564.938,1423.267,1096.263,207.765,399.220,143.481,325.747,253.589,-112.737
E06000060,Buckinghamshire,2015,529.999,1564.938,1447.699,1067.267,189.010,333.520,118.485,337.686,236.596,-117.567
E06000060,Buckinghamshire,2016,535.519,1564.938,1502.936,1016.467,171.465,287.162,97.274,329.259,146.842,-111.111
E06000060,Buckinghamshire,2017,538.762,1564.938,1501.599,953.586,183.436,225.307,99.727,330.541,160.020,-114.264
E06000060,Buckinghamshire,2018,541.983,1564.938,1466.354,941.789,151.389,274.016,88.106,301.241,174.232,-113.461
E06000060,Buckinghamshire,2019,545.859,1564.938,1418.948,906.865,138.317,250.711,80.974,301.332,276.516,-115.253
E06000060,Buckinghamshire,2020,549.066,1564.938,1196.053,899.698,123.781,222.774,78.110,288.146,172.882,-116.282
E06000060,Buckinghamshire,2021,555.161,1564.938,1254.142,918.079,136.979,247.902,87.119,287.125,181.631,-112.500
E06000060,Buckinghamshire,2022,561.18,1564.938,1280.700,791.532,123.387,231.292,78.609,269.446,358.321,-109.423
E06000060,Buckinghamshire,2023,569.85,1564.938,1266.226,735.455,113.909,199.759,80.132,268.414,336.563,-114.905
E06000060,Buckinghamshire,2024,578.772,1564.938,1255.311,757.862,114.463,201.480,80.180,269.573,319.349,-113.942
E06000061,North Northamptonshire,2005,297.012,986.5947,840.614,804.262,625.270,368.205,84.906,173.282,336.776,-26.580
E06000061,North Northamptonshire,2006,301.168,986.5947,843.944,798.050,634.147,385.239,86.192,172.592,330.965,-26.024
E06000061,North Northamptonshire,2007,306.155,986.5947,846.238,777.289,601.850,363.321,81.628,172.269,299.876,-28.857
E06000061,North Northamptonshire,2008,309.747,986.5947,817.293,774.364,572.054,358.329,79.017,184.326,247.226,-31.741
E06000061,North Northamptonshire,2009,312.196,986.5947,783.630,705.914,508.116,311.135,68.808,177.288,279.872,-30.337
E06000061,North Northamptonshire,2010,314.555,986.5947,779.605,760.834,602.324,329.145,77.032,181.847,257.796,-30.468
E06000061,North Northamptonshire,2011,317.959,986.5947,762.595,671.921,530.531,295.151,69.176,173.394,282.136,-31.878
E06000061,North Northamptonshire,2012,322.316,986.5947,754.665,718.211,569.182,317.954,74.307,180.470,269.778,-29.006
E06000061,North Northamptonshire,2013,325.788,986.5947,747.884,701.545,576.349,309.433,72.880,169.645,253.780,-32.123
E06000061,North Northamptonshire,2014,330.649,986.5947,764.105,599.284,504.303,272.673,63.774,166.584,191.036,-32.055
E06000061,North Northamptonshire,2015,335.25,986.5947,772.127,587.930,469.516,231.024,56.260,178.919,196.152,-34.005
E06000061,North Northamptonshire,2016,341.647,986.5947,802.179,559.694,424.509,206.582,48.524,173.525,174.400,-30.420
E06000061,North Northamptonshire,2017,347.704,986.5947,813.513,539.930,416.559,171.348,51.136,176.114,165.649,-31.670
E06000061,North Northamptonshire,2018,351.998,986.5947,812.970,529.104,363.558,189.301,43.868,159.684,206.501,-31.257
E06000061,North Northamptonshire,2019,354.848,986.5947,801.088,512.479,355.721,177.634,40.987,162.747,210.589,-31.570
E06000061,North Northamptonshire,2020,356.437,986.5947,711.080,506.198,273.739,143.755,33.182,147.982,185.343,-31.360
E06000061,North Northamptonshire,2021,360.418,986.5947,788.386,513.260,301.970,174.528,42.976,160.006,167.287,-29.352
E06000061,North Northamptonshire,2022,363.174,986.5947,766.822,443.235,285.200,177.887,40.916,150.937,187.407,-27.912
E06000061,North Northamptonshire,2023,368.282,986.5947,772.563,411.939,260.107,152.914,37.762,151.076,171.779,-30.874
E06000061,North Northamptonshire,2024,373.871,986.5947,788.846,420.897,273.935,144.633,35.012,150.216,120.765,-30.407
E06000062,West Northamptonshire,2005,357.438,1380.3956,1453.867,973.938,361.421,521.896,148.804,328.534,391.511,-12.482
E06000062,West Northamptonshire,2006,362.435,1380.3956,1456.509,962.967,358.788,529.045,144.319,320.575,383.013,-11.688
E06000062,West Northamptonshire,2007,365.907,1380.3956,1454.027,939.328,342.175,491.503,135.326,325.102,342.430,-16.212
E06000062,West Northamptonshire,2008,368.454,1380.3956,1374.902,938.482,327.176,499.263,134.771,328.372,279.423,-21.340
E06000062,West Northamptonshire,2009,371.268,1380.3956,1335.733,848.035,280.569,426.766,117.080,322.700,313.770,-19.580
E06000062,West Northamptonshire,2010,373.456,1380.3956,1340.505,911.435,302.876,436.240,125.884,333.605,212.632,-20.626
E06000062,West Northamptonshire,2011,376.008,1380.3956,1292.333,806.680,284.628,395.216,112.653,319.572,202.638,-22.814
E06000062,West Northamptonshire,2012,380.827,1380.3956,1313.095,862.602,304.666,443.397,127.800,329.595,209.355,-20.227
E06000062,West Northamptonshire,2013,385.699,1380.3956,1307.321,840.576,296.943,415.942,121.005,321.123,180.514,-22.845
E06000062,West Northamptonshire,2014,391.024,1380.3956,1334.716,718.246,266.832,363.456,105.321,311.935,157.382,-22.563
E06000062,West Northamptonshire,2015,397.939,1380.3956,1328.166,697.743,247.876,310.322,94.760,327.980,123.977,-26.805
E06000062,West Northamptonshire,2016,405.019,1380.3956,1366.582,661.666,216.946,263.546,78.856,318.981,108.057,-21.427
E06000062,West Northamptonshire,2017,411.732,1380.3956,1400.410,632.645,223.529,212.997,76.584,315.380,127.437,-23.321
E06000062,West Northamptonshire,2018,417.242,1380.3956,1407.874,623.064,182.918,255.324,73.094,290.225,161.655,-23.542
E06000062,West Northamptonshire,2019,422.168,1380.3956,1369.389,599.857,155.214,243.286,69.924,291.470,180.949,-25.071
E06000062,West Northamptonshire,2020,422.559,1380.3956,1179.970,592.363,137.949,220.463,66.398,274.866,185.453,-23.042
E06000062,West Northamptonshire,2021,426.707,1380.3956,1275.446,603.452,181.462,249.595,73.166,277.168,164.323,-21.435
E06000062,West Northamptonshire,2022,429.682,1380.3956,1308.267,522.117,162.631,243.029,66.669,258.388,145.533,-20.166
E06000062,West Northamptonshire,2023,436.787,1380.3956,1281.965,483.922,149.155,213.960,60.407,260.371,109.704,-23.256
E06000062,West Northamptonshire,2024,439.811,1380.3956,1291.277,495.411,154.591,187.549,59.398,260.331,125.340,-23.057
E06000063,Cumberland,2005,270.496,3150.8012,559.056,765.993,692.011,476.446,96.137,1019.480,232.954,-67.160
E06000063,Cumberland,2006,272.315,3150.8012,558.358,765.304,706.437,467.992,92.970,1003.693,227.865,-76.401
E06000063,Cumberland,2007,273.85,3150.8012,561.281,738.536,680.318,456.214,89.977,1016.602,190.657,-88.628
E06000063,Cumberland,2008,274.153,3150.8012,552.096,738.894,668.144,442.802,86.184,1004.102,173.602,-104.584
E06000063,Cumberland,2009,274.005,3150.8012,537.564,686.793,626.101,384.688,74.661,980.013,191.244,-109.219
E06000063,Cumberland,2010,273.915,3150.8012,530.721,738.561,619.580,397.353,77.589,990.685,150.367,-110.047
E06000063,Cumberland,2011,274.546,3150.8012,521.412,643.467,611.253,351.012,69.189,976.676,137.958,-118.888
E06000063,Cumberland,2012,274.285,3150.8012,519.225,679.792,600.221,404.516,78.414,986.424,99.142,-99.606
E06000063,Cumberland,2013,274.032,3150.8012,514.960,666.979,483.924,412.081,80.549,982.754,106.553,-106.205
E06000063,Cumberland,2014,274.139,3150.8012,524.974,566.494,367.020,322.633,65.406,980.085,95.866,-117.896
E06000063,Cumberland,2015,274.195,3150.8012,528.485,549.797,441.541,321.710,64.094,1003.060,109.152,-125.735
E06000063,Cumberland,2016,274.192,3150.8012,549.178,506.609,329.732,192.263,52.480,991.877,110.609,-116.074
E06000063,Cumberland,2017,273.458,3150.8012,547.389,486.140,334.178,164.458,57.351,1003.478,136.874,-127.546
E06000063,Cumberland,2018,273.256,3150.8012,551.178,478.021,310.926,194.891,53.038,961.487,143.956,-130.594
E06000063,Cumberland,2019,273.009,3150.8012,542.807,459.074,329.446,169.142,45.773,963.755,119.702,-131.125
E06000063,Cumberland,2020,272.444,3150.8012,453.894,448.645,295.514,166.418,43.279,968.263,113.487,-101.752
E06000063,Cumberland,2021,273.788,3150.8012,478.444,448.088,314.809,164.142,41.778,952.486,112.797,-117.986
E06000063,Cumberland,2022,275.445,3150.8012,471.944,374.954,254.003,171.914,41.091,930.704,141.470,-115.217
E06000063,Cumberland,2023,278.07,3150.8012,468.432,364.952,296.916,113.023,25.908,948.363,130.541,-123.136
E06000063,Cumberland,2024,280.495,3150.8012,467.208,357.257,260.703,108.487,29.152,942.374,131.803,-120.154
E06000064,Westmorland and Furness,2005,226.544,4031.9632,874.915,680.839,944.737,454.026,93.521,1014.796,245.132,-18.874
E06000064,Westmorland and Furness,2006,226.498,4031.9632,871.754,682.280,919.291,466.272,92.328,989.240,239.595,-27.237
E06000064,Westmorland and Furness,2007,226.929,4031.9632,888.071,656.512,928.764,417.566,83.889,972.250,264.837,-35.102
E06000064,Westmorland and Furness,2008,226.763,4031.9632,853.390,656.421,840.538,451.809,85.844,961.780,207.153,-44.809
E06000064,Westmorland and Furness,2009,226.781,4031.9632,818.865,607.467,690.948,316.465,64.230,934.212,216.068,-51.572
E06000064,Westmorland and Furness,2010,226.25,4031.9632,812.822,654.112,767.545,406.049,79.272,955.182,236.718,-54.479
E06000064,Westmorland and Furness,2011,225.271,4031.9632,801.239,573.225,721.076,297.369,61.633,926.931,223.241,-63.803
E06000064,Westmorland and Furness,2012,224.55,4031.9632,788.401,606.768,767.323,393.246,76.728,941.289,199.562,-55.084
E06000064,Westmorland and Furness,2013,224.048,4031.9632,792.514,587.170,761.072,366.356,71.367,940.475,188.799,-67.697
E06000064,Westmorland and Furness,2014,224.164,4031.9632,811.109,499.664,728.120,317.476,63.226,939.051,180.287,-69.086
E06000064,Westmorland and Furness,2015,224.523,4031.9632,821.776,489.367,693.524,292.012,57.203,947.712,164.128,-79.073
E06000064,Westmorland and Furness,2016,224.754,4031.9632,858.751,445.118,605.016,235.402,48.125,932.079,164.186,-71.747
E06000064,Westmorland and Furness,2017,225.235,4031.9632,884.677,424.091,540.772,189.889,47.859,935.601,183.724,-82.117
E06000064,Westmorland and Furness,2018,225.685,4031.9632,867.215,415.090,552.762,215.032,46.439,894.163,173.330,-82.193
E06000064,Westmorland and Furness,2019,226.162,4031.9632,848.422,395.738,516.673,181.520,39.282,881.784,172.054,-85.310
E06000064,Westmorland and Furness,2020,225.995,4031.9632,688.337,383.432,458.451,159.746,37.497,880.607,194.870,-90.886
E06000064,Westmorland and Furness,2021,226.941,4031.9632,732.227,388.548,505.132,192.461,46.033,881.598,155.030,-84.419
E06000064,Westmorland and Furness,2022,227.732,4031.9632,737.972,325.472,510.126,161.406,35.918,853.068,137.520,-79.942
E06000064,Westmorland and Furness,2023,228.646,4031.9632,729.649,314.692,576.544,146.126,32.655,855.975,142.170,-90.057
E06000064,Westmorland and Furness,2024,230.185,4031.9632,762.404,311.026,649.360,130.616,32.398,828.116,118.486,-92.576
E06000065,North Yorkshire,2005,584.001,8052.1928,2053.804,1750.030,1052.537,671.704,255.264,2166.842,240.930,-77.498
E06000065,North Yorkshire,2006,587.299,8052.1928,2076.662,1756.735,1019.887,708.088,258.963,2136.295,240.735,-87.092
E06000065,North Yorkshire,2007,591.247,8052.1928,2120.056,1674.743,982.236,687.018,252.570,2130.672,206.207,-109.408
E06000065,North Yorkshire,2008,594.979,8052.1928,1986.134,1676.679,904.615,676.732,244.001,2142.834,183.776,-138.296
E06000065,North Yorkshire,2009,596.396,8052.1928,1913.081,1557.674,822.002,605.914,218.980,2107.445,272.418,-142.873
E06000065,North Yorkshire,2010,599.028,8052.1928,1907.652,1689.699,894.490,618.030,228.807,2134.709,207.459,-147.387
E06000065,North Yorkshire,2011,601.206,8052.1928,1873.704,1490.922,824.114,584.237,212.435,2080.591,161.360,-165.269
E06000065,North Yorkshire,2012,603.963,8052.1928,1841.042,1589.247,845.284,620.787,226.825,2117.639,117.682,-141.385
E06000065,North Yorkshire,2013,604.151,8052.1928,1857.836,1551.702,859.725,585.902,219.711,2091.749,124.673,-172.690
E06000065,North Yorkshire,2014,603.672,8052.1928,1897.332,1333.576,779.222,509.578,191.627,2080.811,120.396,-178.461
E06000065,North Yorkshire,2015,603.711,8052.1928,1917.903,1302.711,744.576,462.990,174.142,2149.250,123.816,-202.119
E06000065,North Yorkshire,2016,605.77,8052.1928,1987.443,1222.174,703.258,391.451,146.341,2106.446,112.098,-181.059
E06000065,North Yorkshire,2017,607.291,8052.1928,2000.143,1164.863,695.011,302.589,146.192,2128.773,102.044,-204.067
E06000065,North Yorkshire,2018,607.735,8052.1928,2036.879,1152.871,692.363,371.130,134.301,2012.744,145.473,-207.053
E06000065,North Yorkshire,2019,610.66,8052.1928,1991.855,1124.686,627.972,339.071,130.924,2013.595,124.452,-217.129
E06000065,North Yorkshire,2020,610.899,8052.1928,1705.552,1103.260,613.003,296.337,122.089,1964.505,127.585,-222.727
E06000065,North Yorkshire,2021,618.627,8052.1928,1866.146,1113.581,701.487,373.061,130.375,1993.621,120.272,-207.614
E06000065,North Yorkshire,2022,624.055,8052.1928,1803.920,930.757,657.700,333.235,119.542,1928.435,174.564,-198.623
E06000065,North Yorkshire,2023,628.846,8052.1928,1772.264,897.148,613.017,298.464,107.441,1941.709,215.937,-222.298
E06000065,North Yorkshire,2024,635.27,8052.1928,1771.845,917.449,630.786,293.267,111.148,1921.879,251.250,-223.426
E06000066,Somerset,2005,514.338,3514.9843,1478.548,1202.234,876.087,535.266,155.492,1408.307,356.586,205.869
E06000066,Somerset,2006,517.252,3514.9843,1499.239,1214.096,805.957,547.102,151.849,1396.045,351.512,193.643
E06000066,Somerset,2007,522.15,3514.9843,1536.218,1167.869,772.584,532.230,149.496,1374.218,274.793,169.839
E06000066,Somerset,2008,525.668,3514.9843,1509.629,1165.915,717.837,543.679,147.134,1366.981,208.561,147.990
E06000066,Somerset,2009,526.592,3514.9843,1453.021,1072.983,548.682,470.160,121.627,1331.971,252.925,142.604
E06000066,Somerset,2010,528.609,3514.9843,1449.721,1146.241,594.716,488.504,128.429,1348.267,342.433,134.301
E06000066,Somerset,2011,531.581,3514.9843,1416.363,1020.125,562.515,447.123,116.464,1318.685,376.577,123.418
E06000066,Somerset,2012,535.842,3514.9843,1404.354,1091.390,624.481,484.678,128.952,1330.365,360.032,124.877
E06000066,Somerset,2013,539.465,3514.9843,1393.251,1053.800,604.567,443.383,118.890,1324.068,334.432,125.304
E06000066,Somerset,2014,544.312,3514.9843,1406.706,1005.740,565.892,410.015,124.165,1325.453,297.139,98.411
E06000066,Somerset,2015,548.792,3514.9843,1428.872,968.473,487.492,345.318,101.455,1348.695,396.813,83.040
E06000066,Somerset,2016,554.806,3514.9843,1499.011,911.602,412.219,300.396,92.393,1327.368,414.116,86.272
E06000066,Somerset,2017,558.895,3514.9843,1549.566,855.050,385.197,241.099,95.507,1331.021,411.630,72.902
E06000066,Somerset,2018,562.159,3514.9843,1533.671,841.711,347.161,268.142,86.931,1298.424,335.683,78.009
E06000066,Somerset,2019,564.987,3514.9843,1502.056,809.740,312.455,230.767,84.205,1280.850,363.977,69.416
E06000066,Somerset,2020,566.31,3514.9843,1235.976,797.322,306.202,193.320,81.656,1259.468,330.658,31.110
E06000066,Somerset,2021,573.1,3514.9843,1398.739,796.611,338.649,229.324,89.455,1236.547,220.954,34.465
E06000066,Somerset,2022,577.349,3514.9843,1367.822,688.616,319.502,248.414,82.124,1189.162,128.402,38.406
E06000066,Somerset,2023,582.962,3514.9843,1354.009,645.882,279.903,210.137,70.654,1185.335,135.912,30.143
E06000066,Somerset,2024,588.328,3514.9843,1350.166,649.515,252.422,182.720,70.551,1174.145,157.255,31.768
E07000008,Cambridge,2005,117.217,40.6987,137.512,254.068,59.783,235.631,180.532,5.576,110.818,2.143
E07000008,Cambridge,2006,116.654,40.6987,134.844,255.878,60.341,247.091,183.101,7.404,108.717,2.099
E07000008,Cambridge,2007,115.454,40.6987,137.107,247.837,63.881,240.346,173.730,4.964,91.792,1.956
E07000008,Cambridge,2008,116.183,40.6987,132.608,248.224,54.652,250.813,178.328,5.431,65.033,1.911
E07000008,Cambridge,2009,116.746,40.6987,129.157,226.458,47.619,224.282,161.767,6.450,58.559,1.814
E07000008,Cambridge,2010,120.219,40.6987,126.733,243.046,51.924,233.787,172.764,5.440,37.684,1.788
E07000008,Cambridge,2011,122.725,40.6987,124.325,214.494,48.254,221.233,160.612,5.002,50.007,1.727
E07000008,Cambridge,2012,124.679,40.6987,122.001,232.366,51.703,245.782,177.219,5.337,63.698,1.643
E07000008,Cambridge,2013,127.819,40.6987,120.503,228.238,48.639,231.722,171.136,7.496,68.284,1.579
E07000008,Cambridge,2014,130.432,40.6987,120.658,193.718,42.632,196.126,142.429,7.595,58.811,1.537
E07000008,Cambridge,2015,133.654,40.6987,122.403,190.633,44.497,176.063,130.730,7.944,70.631,1.434
E07000008,Cambridge,2016,136.054,40.6987,122.913,182.493,40.599,158.387,111.377,7.423,68.691,1.403
E07000008,Cambridge,2017,138.462,40.6987,124.606,171.280,47.047,122.998,126.348,8.349,66.844,1.384
E07000008,Cambridge,2018,141.726,40.6987,117.675,167.924,37.946,156.674,102.257,7.079,91.940,1.481
E07000008,Cambridge,2019,143.153,40.6987,110.802,160.733,39.653,138.759,98.135,7.146,71.588,1.354
E07000008,Cambridge,2020,143.741,40.6987,88.197,160.328,36.926,120.651,89.863,6.489,64.475,1.352
E07000008,Cambridge,2021,145.022,40.6987,94.436,163.354,37.331,139.605,99.923,7.121,56.996,1.338
E07000008,Cambridge,2022,147.928,40.6987,93.853,143.312,31.769,135.302,89.353,6.392,53.160,1.356
E07000008,Cambridge,2023,148.842,40.6987,93.082,131.029,33.376,119.360,81.767,7.511,64.418,1.294
E07000008,Cambridge,2024,149.352,40.6987,92.802,134.659,45.125,108.103,86.262,7.441,57.163,1.285
E07000009,East Cambridgeshire,2005,77.224,651.7204,266.084,207.225,85.639,58.265,18.035,337.451,75.930,586.556
E07000009,East Cambridgeshire,2006,78.429,651.7204,266.780,212.641,75.832,57.058,12.256,350.160,74.915,587.008
E07000009,East Cambridgeshire,2007,79.923,651.7204,272.520,208.793,75.398,53.981,12.888,320.362,65.092,586.033
E07000009,East Cambridgeshire,2008,81.035,651.7204,260.354,205.831,72.560,54.786,12.667,324.004,46.471,584.066
E07000009,East Cambridgeshire,2009,82.357,651.7204,249.896,190.963,64.574,48.964,10.522,333.713,42.942,585.229
E07000009,East Cambridgeshire,2010,83.303,651.7204,250.070,206.859,71.017,48.693,11.224,335.422,25.295,585.689
E07000009,East Cambridgeshire,2011,84.245,651.7204,246.611,183.102,70.694,49.655,10.650,334.947,31.821,584.608
E07000009,East Cambridgeshire,2012,85.101,651.7204,241.961,195.313,77.902,54.982,11.317,343.697,38.984,585.084
E07000009,East Cambridgeshire,2013,85.483,651.7204,243.013,190.630,79.903,50.641,10.922,321.209,40.351,584.219
E07000009,East Cambridgeshire,2014,86.316,651.7204,248.230,164.311,73.917,44.518,9.363,318.608,37.855,584.417
E07000009,East Cambridgeshire,2015,86.757,651.7204,255.305,158.266,65.125,39.128,8.462,324.169,38.678,582.703
E07000009,East Cambridgeshire,2016,86.952,651.7204,266.912,149.515,57.711,33.399,7.646,320.756,37.634,585.047
E07000009,East Cambridgeshire,2017,87.016,651.7204,275.501,140.530,54.996,31.254,8.542,321.284,48.727,584.390
E07000009,East Cambridgeshire,2018,86.885,651.7204,275.140,139.230,45.402,37.499,7.635,295.043,46.386,584.493
E07000009,East Cambridgeshire,2019,87.01,651.7204,271.732,132.398,39.416,35.066,8.955,304.324,49.041,583.565
E07000009,East Cambridgeshire,2020,86.948,651.7204,231.265,132.538,34.876,30.705,9.255,300.365,43.864,584.304
E07000009,East Cambridgeshire,2021,88.125,651.7204,241.441,133.703,37.250,32.612,9.846,311.261,38.755,584.760
E07000009,East Cambridgeshire,2022,89.348,651.7204,243.586,114.592,40.138,43.969,18.007,294.592,35.439,585.165
E07000009,East Cambridgeshire,2023,91.313,651.7204,241.204,108.068,37.271,40.258,17.332,350.809,42.955,584.344
E07000009,East Cambridgeshire,2024,92.906,651.7204,241.014,110.882,38.282,35.377,16.431,345.926,35.771,582.270
E07000010,Fenland,2005,88.968,547.3554,211.789,244.713,369.935,89.224,22.667,335.920,92.043,556.301
E07000010,Fenland,2006,90.647,547.3554,207.616,248.367,384.913,89.949,20.783,308.406,90.224,557.501
E07000010,Fenland,2007,92.713,547.3554,210.558,241.522,362.774,86.782,20.065,305.532,78.537,556.405
E07000010,Fenland,2008,93.653,547.3554,206.580,238.856,348.342,84.993,20.065,316.624,57.227,554.606
E07000010,Fenland,2009,94.404,547.3554,198.678,218.874,321.599,76.394,19.006,321.089,74.069,556.641
E07000010,Fenland,2010,95.135,547.3554,197.843,236.156,350.010,77.451,20.449,327.454,36.838,557.127
E07000010,Fenland,2011,95.461,547.3554,191.579,207.938,310.651,68.360,17.963,322.180,43.789,556.308
E07000010,Fenland,2012,96.429,547.3554,190.095,221.667,306.949,84.205,20.990,338.012,49.295,556.645
E07000010,Fenland,2013,97.556,547.3554,188.786,216.517,308.247,77.165,20.086,316.184,49.977,556.610
E07000010,Fenland,2014,98.571,547.3554,192.274,186.561,287.114,70.334,18.480,316.862,45.715,556.576
E07000010,Fenland,2015,99.991,547.3554,194.552,180.612,265.643,56.100,15.775,317.737,45.459,555.640
E07000010,Fenland,2016,101.075,547.3554,199.777,171.087,265.943,46.990,13.258,302.119,49.775,556.953
E07000010,Fenland,2017,102.029,547.3554,209.406,161.404,249.391,37.070,13.589,297.897,81.833,557.127
E07000010,Fenland,2018,102.346,547.3554,201.560,157.290,246.724,45.547,13.546,291.647,137.450,557.441
E07000010,Fenland,2019,102.487,547.3554,196.826,150.811,229.163,41.124,12.101,296.234,69.552,557.583
E07000010,Fenland,2020,102.228,547.3554,168.652,150.518,174.045,37.346,11.817,291.912,59.754,558.636
E07000010,Fenland,2021,102.731,547.3554,180.812,150.220,223.446,51.688,12.289,316.704,50.129,558.777
E07000010,Fenland,2022,103.019,547.3554,181.020,128.455,232.385,42.977,10.991,310.175,59.363,558.924
E07000010,Fenland,2023,103.7,547.3554,182.700,119.687,192.388,34.038,9.436,316.441,76.988,558.438
E07000010,Fenland,2024,104.896,547.3554,182.891,122.673,189.341,30.198,10.141,318.109,45.082,558.815
E07000011,Huntingdonshire,2005,162.822,912.5461,647.771,419.972,226.908,192.615,84.445,286.547,174.877,315.488
E07000011,Huntingdonshire,2006,163.896,912.5461,658.459,421.989,215.131,183.026,80.270,273.192,173.950,315.098
E07000011,Huntingdonshire,2007,164.764,912.5461,673.642,411.004,206.442,172.021,76.545,283.542,154.027,311.519
E07000011,Huntingdonshire,2008,166.346,912.5461,653.511,407.785,189.762,163.607,71.522,288.898,114.199,307.885
E07000011,Huntingdonshire,2009,167.052,912.5461,624.887,375.551,167.847,143.361,64.955,282.550,141.452,309.103
E07000011,Huntingdonshire,2010,168.352,912.5461,620.985,403.774,183.951,145.238,67.419,286.546,99.857,307.903
E07000011,Huntingdonshire,2011,170.039,912.5461,623.795,355.779,168.399,135.631,61.375,282.118,130.650,305.496
E07000011,Huntingdonshire,2012,171.437,912.5461,610.382,381.738,180.073,146.559,65.879,283.612,134.069,305.487
E07000011,Huntingdonshire,2013,172.54,912.5461,606.374,370.932,180.285,137.154,62.820,272.960,123.114,303.248
E07000011,Huntingdonshire,2014,174.283,912.5461,624.775,317.072,163.474,122.096,55.570,270.473,117.575,301.903
E07000011,Huntingdonshire,2015,175.647,912.5461,640.797,308.134,138.067,100.705,45.323,284.318,124.791,299.096
E07000011,Huntingdonshire,2016,176.425,912.5461,673.949,291.895,121.990,83.730,34.869,276.103,133.974,301.128
E07000011,Huntingdonshire,2017,176.743,912.5461,708.640,274.809,130.110,59.414,35.170,269.202,148.356,299.673
E07000011,Huntingdonshire,2018,176.909,912.5461,701.916,270.184,113.564,75.155,28.414,259.269,150.913,298.525
E07000011,Huntingdonshire,2019,176.968,912.5461,686.304,259.259,95.331,68.416,26.273,281.499,146.593,297.333
E07000011,Huntingdonshire,2020,177.816,912.5461,639.925,260.019,85.782,59.214,26.977,271.543,138.645,297.291
E07000011,Huntingdonshire,2021,181.827,912.5461,676.237,261.746,97.970,73.547,30.428,287.098,140.719,298.168
E07000011,Huntingdonshire,2022,184.117,912.5461,685.198,226.869,82.370,69.689,26.117,272.507,138.787,298.708
E07000011,Huntingdonshire,2023,187.113,912.5461,666.265,211.163,74.902,62.215,24.006,273.723,139.691,296.974
E07000011,Huntingdonshire,2024,190.619,912.5461,689.131,217.821,85.223,57.156,26.019,268.954,126.420,297.132
E07000012,South Cambridgeshire,2005,137.42,901.6873,504.966,369.390,549.140,207.955,37.821,173.691,141.928,81.102
E07000012,South Cambridgeshire,2006,139.264,901.6873,506.681,381.410,540.731,211.801,36.446,170.946,139.698,82.656
E07000012,South Cambridgeshire,2007,141.484,901.6873,522.855,373.265,556.260,211.478,37.133,178.097,122.406,80.865
E07000012,South Cambridgeshire,2008,143.591,901.6873,507.690,373.115,501.470,216.503,38.207,189.691,89.748,78.538
E07000012,South Cambridgeshire,2009,145.679,901.6873,488.310,344.641,221.813,192.041,35.215,183.416,82.404,81.576
E07000012,South Cambridgeshire,2010,147.89,901.6873,487.862,375.122,241.619,204.797,37.792,180.471,53.643,81.515
E07000012,South Cambridgeshire,2011,149.842,901.6873,476.126,332.972,210.677,160.873,29.452,172.961,65.243,80.728
E07000012,South Cambridgeshire,2012,151.133,901.6873,473.279,356.097,235.195,196.937,34.543,188.893,75.299,81.931
E07000012,South Cambridgeshire,2013,151.598,901.6873,471.148,347.547,229.433,182.628,32.608,178.946,79.373,80.448
E07000012,South Cambridgeshire,2014,153.423,901.6873,479.752,298.749,198.917,161.136,28.946,175.259,74.032,80.084
E07000012,South Cambridgeshire,2015,154.962,901.6873,494.338,290.065,195.035,145.817,27.752,185.457,83.536,78.416
E07000012,South Cambridgeshire,2016,156.78,901.6873,518.287,274.793,175.838,132.633,18.336,176.473,76.279,81.187
E07000012,South Cambridgeshire,2017,157.215,901.6873,529.838,258.389,172.650,86.182,24.277,177.183,84.180,81.043
E07000012,South Cambridgeshire,2018,157.81,901.6873,524.299,255.728,152.252,120.610,14.489,155.779,83.013,81.265
E07000012,South Cambridgeshire,2019,159.031,901.6873,504.597,244.656,146.710,102.701,15.353,163.182,90.141,81.019
E07000012,South Cambridgeshire,2020,160.548,901.6873,499.774,245.310,129.950,94.612,13.930,155.286,89.769,82.031
E07000012,South Cambridgeshire,2021,163.042,901.6873,541.362,248.277,152.245,103.714,14.436,161.539,79.660,82.957
E07000012,South Cambridgeshire,2022,165.727,901.6873,556.461,214.507,120.314,102.722,14.098,149.143,73.122,83.410
E07000012,South Cambridgeshire,2023,169.328,901.6873,555.519,201.347,116.019,89.630,12.444,158.123,87.239,81.553
E07000012,South Cambridgeshire,2024,172.544,901.6873,562.318,208.115,91.219,87.694,15.042,156.985,73.870,81.620
E07000032,Amber Valley,2005,119.152,265.4379,254.823,334.209,323.477,106.656,35.704,112.414,76.012,-15.370
E07000032,Amber Valley,2006,120.038,265.4379,253.423,331.305,308.839,105.020,32.920,105.988,75.927,-15.800
E07000032,Amber Valley,2007,120.436,265.4379,256.934,321.623,271.129,93.536,29.308,106.474,88.580,-16.484
E07000032,Amber Valley,2008,121.17,265.4379,250.030,319.519,265.303,91.080,28.354,106.039,73.392,-17.286
E07000032,Amber Valley,2009,121.532,265.4379,244.867,290.100,244.905,81.379,24.955,105.845,51.567,-17.814
E07000032,Amber Valley,2010,122.081,265.4379,241.204,311.839,267.430,82.218,26.462,106.627,81.147,-17.959
E07000032,Amber Valley,2011,122.521,265.4379,235.218,274.392,254.822,77.868,24.192,101.342,85.633,-18.655
E07000032,Amber Valley,2012,122.438,265.4379,233.628,293.959,277.209,84.017,25.965,101.683,103.596,-18.452
E07000032,Amber Valley,2013,122.856,265.4379,228.436,287.477,296.780,80.263,25.282,102.367,103.183,-19.155
E07000032,Amber Valley,2014,123.018,265.4379,230.613,244.695,247.549,68.381,21.748,101.863,77.146,-19.160
E07000032,Amber Valley,2015,122.835,265.4379,231.172,239.726,215.273,58.790,18.933,102.473,76.205,-19.812
E07000032,Amber Valley,2016,123.411,265.4379,239.992,225.057,188.004,55.854,15.598,99.319,80.526,-19.321
E07000032,Amber Valley,2017,124.225,265.4379,238.346,216.002,185.048,48.525,15.640,99.757,67.631,-19.950
E07000032,Amber Valley,2018,124.804,265.4379,236.655,213.582,169.177,61.520,16.345,94.298,71.300,-19.577
E07000032,Amber Valley,2019,125.791,265.4379,232.436,208.564,152.590,60.380,18.007,95.534,62.104,-19.849
E07000032,Amber Valley,2020,125.953,265.4379,204.769,201.632,140.740,46.548,17.391,95.367,41.476,-20.190
E07000032,Amber Valley,2021,126.442,265.4379,225.382,203.299,155.732,70.261,17.566,88.268,39.648,-19.844
E07000032,Amber Valley,2022,127.031,265.4379,222.721,172.498,153.531,58.387,16.015,85.350,50.481,-19.548
E07000032,Amber Valley,2023,128.408,265.4379,222.844,163.878,123.693,33.289,13.236,85.812,58.660,-20.330
E07000032,Amber Valley,2024,130.451,265.4379,223.669,163.482,104.539,36.340,12.388,88.911,54.200,-20.306
E07000033,Bolsover,2005,73.844,160.3347,340.632,188.203,561.025,73.405,15.071,39.504,44.855,-5.210
E07000033,Bolsover,2006,74.347,160.3347,338.776,186.683,584.472,82.152,13.840,38.433,44.100,-5.490
E07000033,Bolsover,2007,74.822,160.3347,335.216,182.035,588.975,73.252,12.426,36.111,51.202,-5.995
E07000033,Bolsover,2008,75.058,160.3347,326.503,181.060,525.832,76.501,12.703,38.285,41.647,-6.613
E07000033,Bolsover,2009,75.224,160.3347,314.158,165.232,349.717,60.863,10.571,36.436,56.264,-6.392
E07000033,Bolsover,2010,75.691,160.3347,322.005,177.615,468.465,64.018,11.453,37.964,53.816,-6.656
E07000033,Bolsover,2011,76.029,160.3347,317.618,158.882,448.122,60.334,10.750,37.503,43.803,-7.052
E07000033,Bolsover,2012,76.505,160.3347,314.294,168.908,469.798,66.052,11.591,38.472,44.491,-6.997
E07000033,Bolsover,2013,76.811,160.3347,315.823,166.637,481.914,68.455,12.500,35.474,34.691,-7.653
E07000033,Bolsover,2014,77.074,160.3347,305.317,142.181,441.854,60.908,10.999,34.537,28.159,-7.548
E07000033,Bolsover,2015,77.625,160.3347,310.293,140.899,429.050,55.654,10.486,36.754,29.403,-8.038
E07000033,Bolsover,2016,77.87,160.3347,321.087,131.623,352.250,48.982,9.160,35.884,22.401,-7.389
E07000033,Bolsover,2017,78.444,160.3347,325.691,126.491,471.624,39.334,8.916,36.325,18.607,-7.706
E07000033,Bolsover,2018,78.566,160.3347,314.992,125.750,494.834,43.744,7.932,40.017,24.593,-7.617
E07000033,Bolsover,2019,79.178,160.3347,321.086,124.860,477.013,35.547,7.555,38.116,18.461,-7.761
E07000033,Bolsover,2020,79.647,160.3347,278.783,121.138,425.929,37.390,7.809,36.050,16.831,-7.842
E07000033,Bolsover,2021,80.473,160.3347,309.005,122.910,488.200,41.320,8.422,36.528,18.269,-7.444
E07000033,Bolsover,2022,81.49,160.3347,309.033,104.229,483.120,43.918,8.623,35.133,27.607,-7.139
E07000033,Bolsover,2023,82.771,160.3347,306.902,98.699,447.225,39.027,7.654,32.355,27.210,-7.704
E07000033,Bolsover,2024,83.773,160.3347,303.267,98.437,390.461,35.212,7.029,31.647,26.837,-7.605
E07000034,Chesterfield,2005,101.277,66.0352,179.242,266.058,154.523,118.533,45.587,13.689,61.859,0.721
E07000034,Chesterfield,2006,101.674,66.0352,177.512,261.851,151.404,115.591,44.551,13.496,60.764,0.578
E07000034,Chesterfield,2007,102.027,66.0352,178.233,252.586,131.444,100.230,38.980,12.940,70.917,0.388
E07000034,Chesterfield,2008,102.609,66.0352,173.470,250.358,119.538,91.120,37.033,12.518,58.626,0.169
E07000034,Chesterfield,2009,103.037,66.0352,168.585,227.548,100.851,75.899,33.341,12.017,113.829,0.004
E07000034,Chesterfield,2010,103.417,66.0352,166.497,244.713,106.084,74.949,34.528,11.540,113.003,-0.046
E07000034,Chesterfield,2011,103.788,66.0352,162.418,214.536,95.728,66.936,32.014,10.978,120.674,-0.245
E07000034,Chesterfield,2012,103.835,66.0352,160.167,228.620,114.291,84.005,36.689,11.434,126.095,-0.256
E07000034,Chesterfield,2013,104.102,66.0352,156.906,223.801,106.747,76.053,32.617,12.293,98.113,-0.496
E07000034,Chesterfield,2014,104.285,66.0352,157.857,190.215,92.321,65.170,27.625,11.840,82.715,-0.574
E07000034,Chesterfield,2015,104.415,66.0352,156.489,185.923,81.285,54.342,23.826,12.189,94.019,-0.624
E07000034,Chesterfield,2016,104.347,66.0352,160.093,171.684,69.095,46.491,21.767,12.093,72.599,-0.437
E07000034,Chesterfield,2017,104.236,66.0352,153.031,165.011,75.340,40.657,22.869,12.174,62.049,-0.588
E07000034,Chesterfield,2018,104.056,66.0352,150.134,162.947,76.246,57.601,22.754,10.803,62.287,-0.360
E07000034,Chesterfield,2019,104.154,66.0352,149.312,159.810,66.310,56.325,20.557,10.945,75.907,-0.405
E07000034,Chesterfield,2020,103.761,66.0352,130.633,154.260,60.209,55.404,19.807,10.563,86.757,-0.482
E07000034,Chesterfield,2021,103.673,66.0352,152.915,155.955,60.478,61.358,20.951,10.779,58.201,-0.349
E07000034,Chesterfield,2022,104.175,66.0352,154.521,132.187,58.131,64.949,18.248,9.610,59.818,-0.147
E07000034,Chesterfield,2023,105.325,66.0352,152.291,124.839,47.645,43.042,17.170,11.381,149.042,-0.304
E07000034,Chesterfield,2024,106.045,66.0352,150.305,124.472,51.450,36.982,17.510,10.961,54.197,-0.226
E07000035,Derbyshire Dales,2005,69.509,795.3178,246.489,216.359,199.812,91.698,22.659,378.188,41.857,-52.040
E07000035,Derbyshire Dales,2006,69.526,795.3178,244.589,215.179,184.559,92.623,22.134,367.864,41.329,-53.946
E07000035,Derbyshire Dales,2007,69.85,795.3178,251.193,207.817,184.045,92.474,21.713,366.751,48.397,-55.579
E07000035,Derbyshire Dales,2008,70.45,795.3178,244.264,207.077,168.207,90.276,21.427,363.283,39.889,-58.067
E07000035,Derbyshire Dales,2009,70.705,795.3178,233.597,191.517,141.672,67.276,16.809,352.358,29.286,-59.625
E07000035,Derbyshire Dales,2010,71.03,795.3178,232.127,206.379,148.834,67.275,17.443,362.376,30.726,-60.320
E07000035,Derbyshire Dales,2011,71.104,795.3178,228.410,180.989,146.064,66.749,16.770,353.223,27.021,-61.989
E07000035,Derbyshire Dales,2012,71.272,795.3178,226.904,192.705,138.535,69.338,17.243,350.002,29.263,-61.512
E07000035,Derbyshire Dales,2013,71.148,795.3178,226.913,188.611,153.387,70.787,17.545,347.893,20.703,-63.841
E07000035,Derbyshire Dales,2014,71.154,795.3178,235.684,161.266,144.455,60.310,16.172,351.129,15.680,-63.777
E07000035,Derbyshire Dales,2015,70.893,795.3178,239.233,157.451,136.861,54.725,14.125,352.586,25.993,-65.953
E07000035,Derbyshire Dales,2016,70.883,795.3178,252.611,147.218,116.519,48.250,11.233,347.033,21.560,-64.789
E07000035,Derbyshire Dales,2017,71.092,795.3178,249.878,140.453,142.624,36.814,11.013,348.615,18.716,-66.514
E07000035,Derbyshire Dales,2018,71.13,795.3178,253.875,138.657,121.352,40.602,10.795,333.923,23.741,-66.512
E07000035,Derbyshire Dales,2019,71.19,795.3178,247.615,135.283,103.797,35.035,9.057,328.240,18.571,-66.844
E07000035,Derbyshire Dales,2020,70.972,795.3178,205.818,131.432,106.223,29.433,8.763,326.544,20.853,-68.042
E07000035,Derbyshire Dales,2021,71.659,795.3178,224.904,133.670,106.266,35.667,9.430,324.592,18.409,-67.136
E07000035,Derbyshire Dales,2022,71.771,795.3178,222.889,112.602,109.884,32.802,8.390,317.675,25.717,-66.432
E07000035,Derbyshire Dales,2023,71.946,795.3178,217.958,107.000,93.286,26.639,7.077,309.581,25.336,-68.467
E07000035,Derbyshire Dales,2024,71.757,795.3178,220.278,107.649,84.714,24.296,6.877,306.357,24.625,-68.289
E07000036,Erewash,2005,110.102,109.6301,283.375,292.231,158.814,97.145,42.196,28.990,70.511,-1.439
E07000036,Erewash,2006,109.979,109.6301,277.943,286.103,161.665,101.057,40.384,26.487,69.954,-1.509
E07000036,Erewash,2007,110.184,109.6301,276.024,278.234,150.163,90.834,37.057,25.841,80.931,-1.732
E07000036,Erewash,2008,110.809,109.6301,265.046,276.490,144.076,87.726,35.036,25.153,67.583,-2.133
E07000036,Erewash,2009,111.283,109.6301,258.390,249.685,127.093,76.316,26.697,23.382,103.010,-2.291
E07000036,Erewash,2010,111.739,109.6301,254.833,270.096,135.918,75.801,27.984,24.436,108.598,-2.283
E07000036,Erewash,2011,112.249,109.6301,244.498,235.767,114.058,59.810,23.150,23.254,104.717,-2.522
E07000036,Erewash,2012,112.716,109.6301,253.556,253.511,115.598,65.525,23.815,23.463,97.310,-2.462
E07000036,Erewash,2013,112.871,109.6301,248.635,246.701,115.589,62.541,24.477,23.969,115.169,-2.656
E07000036,Erewash,2014,113.639,109.6301,251.781,209.823,102.108,52.586,20.814,24.350,101.176,-2.693
E07000036,Erewash,2015,113.984,109.6301,246.459,205.166,94.005,45.725,19.000,24.000,170.851,-2.960
E07000036,Erewash,2016,114.249,109.6301,253.609,192.332,90.780,40.478,15.502,23.201,119.512,-2.730
E07000036,Erewash,2017,114.129,109.6301,248.120,182.932,89.029,29.913,18.901,23.298,100.432,-2.748
E07000036,Erewash,2018,114.181,109.6301,243.265,179.301,74.829,39.188,21.865,20.741,101.735,-2.741
E07000036,Erewash,2019,113.711,109.6301,237.662,175.498,62.230,36.648,21.884,21.155,94.611,-2.770
E07000036,Erewash,2020,113.348,109.6301,202.203,169.671,62.330,32.911,21.685,19.721,82.013,-2.783
E07000036,Erewash,2021,113.039,109.6301,233.084,170.196,56.251,42.516,25.164,20.019,64.066,-2.668
E07000036,Erewash,2022,112.997,109.6301,238.672,143.577,61.521,38.314,21.484,18.710,52.102,-2.515
E07000036,Erewash,2023,114.156,109.6301,233.824,133.862,45.201,28.992,21.077,18.414,66.879,-2.757
E07000036,Erewash,2024,114.253,109.6301,228.612,133.809,43.052,26.439,22.730,18.036,83.419,-2.719
E07000037,High Peak,2005,89.627,540.2541,185.483,256.918,2545.907,295.376,23.362,117.629,54.197,23.948
E07000037,High Peak,2006,90.05,540.2541,183.368,254.758,2616.248,307.187,22.556,121.580,53.471,21.793
E07000037,High Peak,2007,90.553,540.2541,187.208,245.796,2513.066,293.496,21.516,113.874,62.681,19.768
E07000037,High Peak,2008,90.858,540.2541,179.970,246.014,2295.283,278.638,20.129,110.615,51.744,17.575
E07000037,High Peak,2009,91.047,540.2541,172.960,222.682,2029.687,236.017,17.211,105.603,42.782,15.391
E07000037,High Peak,2010,91.063,540.2541,171.229,238.100,2160.546,257.138,18.786,106.352,51.830,13.759
E07000037,High Peak,2011,90.982,540.2541,168.822,209.351,2255.460,244.069,17.729,104.531,34.099,11.124
E07000037,High Peak,2012,90.983,540.2541,163.220,224.680,2147.280,255.367,18.418,105.554,34.021,10.736
E07000037,High Peak,2013,90.93,540.2541,161.489,219.245,2266.703,242.996,17.730,106.587,29.900,9.464
E07000037,High Peak,2014,90.86,540.2541,165.594,185.685,2442.389,218.426,16.592,104.692,27.066,8.202
E07000037,High Peak,2015,90.766,540.2541,165.665,184.506,2469.876,215.822,17.726,103.383,40.989,5.654
E07000037,High Peak,2016,90.812,540.2541,170.834,170.346,2348.363,189.751,15.506,103.397,30.721,6.077
E07000037,High Peak,2017,90.991,540.2541,170.831,164.245,2408.672,163.501,15.399,106.359,23.022,4.862
E07000037,High Peak,2018,90.895,540.2541,171.072,162.596,2393.439,201.827,15.658,103.046,40.234,5.083
E07000037,High Peak,2019,91.17,540.2541,165.512,157.429,2468.163,163.526,14.192,99.047,44.650,5.132
E07000037,High Peak,2020,90.909,540.2541,140.594,152.646,2317.296,155.646,13.287,96.393,39.894,4.824
E07000037,High Peak,2021,91.079,540.2541,156.546,157.145,2570.487,198.468,15.100,89.508,39.361,4.835
E07000037,High Peak,2022,91.155,540.2541,157.921,130.800,2507.548,234.392,13.362,83.286,37.918,5.516
E07000037,High Peak,2023,91.752,540.2541,157.379,124.703,2351.419,187.459,12.463,84.239,34.824,4.652
E07000037,High Peak,2024,91.959,540.2541,156.997,123.703,2444.397,103.288,16.958,84.399,34.608,4.181
E07000038,North East Derbyshire,2005,97.666,275.6234,264.505,263.465,170.337,64.038,25.951,93.875,59.524,-15.861
E07000038,North East Derbyshire,2006,97.74,275.6234,261.859,261.735,181.305,67.338,29.298,89.504,58.495,-16.483
E07000038,North East Derbyshire,2007,98.067,275.6234,262.261,253.655,153.633,55.682,22.633,88.777,68.568,-17.234
E07000038,North East Derbyshire,2008,98.261,275.6234,257.759,253.405,142.071,55.586,22.167,88.501,56.781,-18.160
E07000038,North East Derbyshire,2009,98.474,275.6234,250.402,230.441,121.207,46.339,18.942,87.210,54.929,-18.599
E07000038,North East Derbyshire,2010,98.832,275.6234,249.632,249.040,138.839,52.743,22.112,87.010,62.214,-18.975
E07000038,North East Derbyshire,2011,99.1,275.6234,244.653,219.401,132.370,49.854,21.287,83.924,50.393,-19.582
E07000038,North East Derbyshire,2012,99.32,275.6234,242.084,234.534,128.805,47.599,20.390,83.886,50.339,-19.346
E07000038,North East Derbyshire,2013,99.091,275.6234,239.459,231.312,134.095,50.170,20.482,86.986,40.892,-20.010
E07000038,North East Derbyshire,2014,99.083,275.6234,245.954,197.368,117.307,43.327,17.664,87.138,34.770,-19.993
E07000038,North East Derbyshire,2015,99.173,275.6234,245.179,193.569,107.477,37.152,15.218,87.623,42.745,-21.081
E07000038,North East Derbyshire,2016,99.755,275.6234,253.678,180.317,92.216,31.573,12.783,83.909,31.085,-20.326
E07000038,North East Derbyshire,2017,99.897,275.6234,246.758,173.676,91.391,27.530,12.446,83.640,24.932,-21.019
E07000038,North East Derbyshire,2018,100.1,275.6234,250.142,171.925,85.164,31.202,10.640,75.998,32.635,-20.754
E07000038,North East Derbyshire,2019,100.371,275.6234,246.810,169.098,82.303,27.637,9.898,76.268,24.723,-21.139
E07000038,North East Derbyshire,2020,100.978,275.6234,211.629,163.857,68.512,23.218,9.332,75.135,21.817,-21.332
E07000038,North East Derbyshire,2021,102.294,275.6234,243.420,165.728,78.311,28.827,10.567,72.999,23.584,-20.680
E07000038,North East Derbyshire,2022,103.824,275.6234,245.354,140.693,81.289,27.907,8.619,70.669,35.626,-20.097
E07000038,North East Derbyshire,2023,104.862,275.6234,241.062,134.127,71.221,24.629,7.945,71.641,35.517,-21.006
E07000038,North East Derbyshire,2024,106.646,275.6234,234.953,134.251,50.716,24.208,7.699,71.450,35.558,-20.813
E07000039,South Derbyshire,2005,87.832,338.1269,297.596,228.456,151.405,111.066,24.275,139.562,75.899,-16.134
E07000039,South Derbyshire,2006,89.295,338.1269,296.576,228.348,163.588,119.794,26.119,139.247,75.473,-16.487
E07000039,South Derbyshire,2007,90.655,338.1269,301.653,224.556,147.485,111.020,23.405,134.932,82.448,-17.478
E07000039,South Derbyshire,2008,92.023,338.1269,294.153,225.097,155.187,118.175,24.727,133.875,69.020,-18.799
E07000039,South Derbyshire,2009,93.015,338.1269,284.840,206.333,137.300,102.110,21.727,129.990,83.336,-18.742
E07000039,South Derbyshire,2010,94.095,338.1269,289.352,224.042,150.209,108.325,23.595,136.306,74.688,-18.850
E07000039,South Derbyshire,2011,94.915,338.1269,285.658,197.734,137.131,99.067,21.312,130.815,75.740,-19.409
E07000039,South Derbyshire,2012,95.521,338.1269,289.494,212.964,146.338,105.028,22.846,132.283,59.032,-18.856
E07000039,South Derbyshire,2013,96.193,338.1269,287.531,208.442,142.778,104.003,21.666,127.383,45.747,-19.912
E07000039,South Derbyshire,2014,97.213,338.1269,299.358,178.817,130.013,88.860,20.179,125.319,40.095,-19.669
E07000039,South Derbyshire,2015,97.682,338.1269,305.105,175.852,123.155,81.104,18.386,128.331,55.566,-20.660
E07000039,South Derbyshire,2016,98.63,338.1269,314.996,167.767,103.073,68.333,13.173,129.008,50.312,-19.530
E07000039,South Derbyshire,2017,99.868,338.1269,316.372,161.877,104.537,57.773,15.930,126.641,45.113,-20.613
E07000039,South Derbyshire,2018,101.194,338.1269,316.011,162.784,89.856,57.302,11.832,123.181,51.901,-20.449
E07000039,South Derbyshire,2019,103.315,338.1269,318.957,158.960,71.342,57.471,10.636,122.737,44.710,-20.901
E07000039,South Derbyshire,2020,105.265,338.1269,263.063,155.733,65.271,54.116,10.983,118.591,41.965,-20.830
E07000039,South Derbyshire,2021,108.051,338.1269,292.191,159.049,67.377,64.126,12.146,133.283,40.805,-20.203
E07000039,South Derbyshire,2022,111.235,338.1269,301.228,137.777,61.993,60.453,10.940,125.392,52.109,-19.714
E07000039,South Derbyshire,2023,114.413,338.1269,299.925,130.067,54.298,52.554,10.006,130.241,52.678,-20.762
E07000039,South Derbyshire,2024,117.493,338.1269,304.385,132.023,54.136,46.274,8.585,135.030,53.335,-20.656
E07000040,East Devon,2005,129.797,822.6756,320.802,355.897,50.531,98.259,25.741,378.786,104.620,-44.745
E07000040,East Devon,2006,130.641,822.6756,316.752,353.532,49.745,102.840,26.153,386.691,101.821,-46.067
E07000040,East Devon,2007,132.023,822.6756,318.825,338.466,50.193,100.699,25.925,380.688,91.136,-48.331
E07000040,East Devon,2008,132.594,822.6756,310.537,339.676,44.515,100.166,25.188,376.950,91.361,-51.034
E07000040,East Devon,2009,132.378,822.6756,301.884,313.822,39.886,89.666,21.807,370.968,88.295,-51.557
E07000040,East Devon,2010,132.666,822.6756,298.696,335.870,44.107,97.368,24.200,375.789,62.221,-51.347
E07000040,East Devon,2011,133.272,822.6756,296.418,290.578,42.574,88.758,22.201,365.898,60.471,-52.599
E07000040,East Devon,2012,134.117,822.6756,293.357,315.879,43.207,97.206,23.700,370.497,60.423,-50.084
E07000040,East Devon,2013,134.763,822.6756,295.382,308.944,42.033,90.427,22.990,374.597,43.406,-53.228
E07000040,East Devon,2014,136.571,822.6756,300.968,263.999,38.797,81.281,20.434,371.709,37.237,-53.064
E07000040,East Devon,2015,138.588,822.6756,306.726,255.670,35.853,67.782,16.559,377.183,35.534,-55.429
E07000040,East Devon,2016,140.917,822.6756,323.708,240.758,32.152,56.571,13.734,373.005,39.090,-51.948
E07000040,East Devon,2017,143.284,822.6756,332.688,226.411,36.581,48.332,14.546,383.847,46.888,-53.738
E07000040,East Devon,2018,145.151,822.6756,335.557,223.825,32.848,56.940,12.981,370.506,48.529,-53.257
E07000040,East Devon,2019,147.346,822.6756,327.720,213.703,27.122,50.463,12.173,367.074,65.436,-53.593
E07000040,East Devon,2020,148.592,822.6756,257.503,210.695,23.050,44.454,11.420,364.129,60.524,-53.797
E07000040,East Devon,2021,152.065,822.6756,299.238,209.615,28.022,51.642,12.639,365.404,28.912,-51.883
E07000040,East Devon,2022,154.307,822.6756,305.177,180.241,23.302,48.746,10.751,352.933,50.643,-50.406
E07000040,East Devon,2023,156.378,822.6756,300.503,168.832,23.247,43.739,9.613,351.655,51.647,-53.071
E07000040,East Devon,2024,158.239,822.6756,295.831,168.629,21.110,43.184,10.745,356.171,44.758,-52.573
E07000041,Exeter,2005,112.97,47.8884,130.378,243.062,146.340,231.651,178.202,10.539,92.080,1.826
E07000041,Exeter,2006,113.128,47.8884,131.534,239.698,105.136,174.224,76.876,11.778,90.117,1.626
E07000041,Exeter,2007,114.109,47.8884,131.883,231.556,103.400,167.120,72.994,8.090,80.908,1.456
E07000041,Exeter,2008,114.167,47.8884,127.926,232.701,112.567,177.569,77.559,8.303,80.715,1.172
E07000041,Exeter,2009,114.419,47.8884,123.629,213.532,86.267,161.113,64.887,7.289,68.166,1.025
E07000041,Exeter,2010,115.712,47.8884,121.581,225.417,89.292,166.866,71.923,8.582,65.967,0.823
E07000041,Exeter,2011,117.063,47.8884,119.529,197.542,80.670,149.530,62.950,7.741,67.166,0.718
E07000041,Exeter,2012,117.98,47.8884,117.818,213.634,85.447,172.579,70.306,7.635,77.001,0.629
E07000041,Exeter,2013,118.994,47.8884,116.095,209.343,89.452,162.846,69.797,6.903,62.530,0.396
E07000041,Exeter,2014,119.789,47.8884,116.020,177.164,82.206,142.113,66.326,6.532,43.684,0.345
E07000041,Exeter,2015,121.583,47.8884,115.589,170.300,88.919,146.266,95.616,7.882,33.869,0.231
E07000041,Exeter,2016,123.347,47.8884,119.364,160.933,65.056,201.796,46.822,7.514,46.053,0.344
E07000041,Exeter,2017,124.817,47.8884,118.537,150.972,68.262,85.859,51.982,8.237,56.071,0.264
E07000041,Exeter,2018,125.758,47.8884,116.562,148.409,56.624,101.599,51.125,7.145,66.996,0.421
E07000041,Exeter,2019,126.312,47.8884,112.848,142.028,57.122,88.161,46.647,7.426,67.422,0.571
E07000041,Exeter,2020,127.345,47.8884,90.416,138.782,54.340,83.326,40.305,13.017,64.242,0.682
E07000041,Exeter,2021,129.527,47.8884,108.482,139.868,57.688,90.496,41.265,8.602,71.668,0.767
E07000041,Exeter,2022,134.458,47.8884,104.996,122.878,55.044,84.727,41.457,11.544,51.909,0.941
E07000041,Exeter,2023,135.708,47.8884,104.392,112.594,48.435,68.318,39.167,10.275,46.752,0.867
E07000041,Exeter,2024,138.399,47.8884,104.606,112.724,43.514,62.140,35.775,11.855,59.947,0.936
E07000042,Mid Devon,2005,73.323,912.8978,261.466,189.131,111.958,48.751,16.814,425.001,58.814,-63.568
E07000042,Mid Devon,2006,74.138,912.8978,254.042,191.649,109.429,49.090,16.488,424.008,57.442,-64.776
E07000042,Mid Devon,2007,75.599,912.8978,255.336,184.363,104.565,48.055,16.026,420.168,51.797,-66.483
E07000042,Mid Devon,2008,76.406,912.8978,252.440,184.832,101.983,48.293,15.696,419.885,52.075,-69.373
E07000042,Mid Devon,2009,76.981,912.8978,247.599,172.807,84.573,43.341,13.297,412.541,55.151,-69.595
E07000042,Mid Devon,2010,77.391,912.8978,244.429,185.103,87.728,43.084,13.505,419.711,39.856,-69.914
E07000042,Mid Devon,2011,77.936,912.8978,240.390,162.544,85.300,39.334,12.785,408.576,39.925,-71.093
E07000042,Mid Devon,2012,78.318,912.8978,242.249,172.488,95.710,41.092,14.009,413.172,36.086,-68.374
E07000042,Mid Devon,2013,78.572,912.8978,243.721,168.747,97.702,38.212,13.449,415.277,38.309,-71.200
E07000042,Mid Devon,2014,78.969,912.8978,246.117,144.715,87.225,34.812,11.801,414.414,30.810,-70.678
E07000042,Mid Devon,2015,79.167,912.8978,249.616,138.196,82.340,29.101,10.044,419.532,31.329,-72.923
E07000042,Mid Devon,2016,79.448,912.8978,262.329,128.863,78.140,24.062,8.750,407.955,28.037,-69.329
E07000042,Mid Devon,2017,80.054,912.8978,268.584,121.100,77.689,20.407,8.819,418.039,35.366,-71.611
E07000042,Mid Devon,2018,80.858,912.8978,266.299,119.677,73.405,23.868,8.385,403.973,27.830,-71.192
E07000042,Mid Devon,2019,81.434,912.8978,267.052,114.644,65.181,23.203,6.886,412.143,25.793,-71.956
E07000042,Mid Devon,2020,82.13,912.8978,227.243,112.663,57.051,21.713,6.712,400.929,15.765,-72.237
E07000042,Mid Devon,2021,83.171,912.8978,268.411,111.591,65.187,23.557,7.360,393.869,12.178,-70.418
E07000042,Mid Devon,2022,83.84,912.8978,268.903,95.701,62.770,20.865,6.610,388.478,18.527,-69.136
E07000042,Mid Devon,2023,84.266,912.8978,258.562,91.001,58.344,18.431,6.112,392.814,19.369,-72.065
E07000042,Mid Devon,2024,84.993,912.8978,259.232,91.450,58.071,17.041,7.296,385.604,14.885,-71.684
E07000043,North Devon,2005,91.146,1104.7204,194.148,235.419,102.708,105.599,29.271,401.876,74.222,-96.411
E07000043,North Devon,2006,91.744,1104.7204,192.141,236.264,104.250,108.169,28.971,391.033,72.780,-98.582
E07000043,North Devon,2007,92.355,1104.7204,198.136,226.327,101.071,102.570,27.091,386.501,65.144,-100.899
E07000043,North Devon,2008,92.775,1104.7204,195.734,226.298,95.592,100.138,26.073,385.290,64.918,-104.089
E07000043,North Devon,2009,93.046,1104.7204,189.130,209.430,81.555,90.459,23.320,378.133,86.762,-105.686
E07000043,North Devon,2010,93.293,1104.7204,189.202,222.966,86.446,92.180,23.608,385.227,67.986,-106.197
E07000043,North Devon,2011,93.976,1104.7204,180.500,197.380,86.848,84.986,21.888,382.226,73.779,-108.235
E07000043,North Devon,2012,93.742,1104.7204,177.345,210.782,83.334,93.641,24.526,386.248,57.442,-106.123
E07000043,North Devon,2013,93.61,1104.7204,177.544,204.551,78.605,86.722,23.600,389.589,55.662,-110.017
E07000043,North Devon,2014,93.74,1104.7204,182.800,174.708,70.195,76.740,21.114,387.610,69.232,-109.467
E07000043,North Devon,2015,93.859,1104.7204,185.434,168.364,60.082,66.243,17.821,396.042,62.466,-112.364
E07000043,North Devon,2016,94.407,1104.7204,199.657,157.801,53.173,55.125,16.393,397.449,52.623,-109.232
E07000043,North Devon,2017,95.356,1104.7204,204.068,148.934,49.833,42.795,16.092,400.803,36.725,-112.027
E07000043,North Devon,2018,96.052,1104.7204,202.519,146.764,47.466,49.327,14.533,384.193,37.642,-111.874
E07000043,North Devon,2019,97.325,1104.7204,198.388,142.191,40.083,42.111,13.213,385.003,26.987,-112.737
E07000043,North Devon,2020,97.622,1104.7204,166.776,140.416,37.606,35.039,12.145,376.580,21.717,-114.330
E07000043,North Devon,2021,99.398,1104.7204,183.373,140.611,37.437,41.357,12.636,368.976,27.303,-112.058
E07000043,North Devon,2022,100.509,1104.7204,179.612,119.745,28.316,40.669,12.183,356.684,25.073,-110.199
E07000043,North Devon,2023,100.664,1104.7204,178.664,112.525,23.407,37.248,11.093,349.204,29.853,-114.323
E07000043,North Devon,2024,101.222,1104.7204,176.641,112.164,25.204,29.771,12.468,343.627,18.765,-113.840
E07000044,South Hams,2005,82.489,905.2009,228.921,236.653,171.697,102.504,23.424,320.510,72.999,-36.047
E07000044,South Hams,2006,82.985,905.2009,226.710,235.201,164.622,106.038,23.424,313.483,72.362,-36.561
E07000044,South Hams,2007,83.363,905.2009,228.635,226.002,155.387,101.726,20.362,299.588,65.525,-39.374
E07000044,South Hams,2008,83.516,905.2009,220.736,224.903,136.118,94.764,18.913,294.461,64.728,-42.939
E07000044,South Hams,2009,83.368,905.2009,217.627,207.826,106.161,75.843,14.875,286.075,58.627,-43.478
E07000044,South Hams,2010,83.516,905.2009,216.525,222.653,116.362,77.866,15.961,293.911,42.669,-43.783
E07000044,South Hams,2011,83.563,905.2009,216.290,197.020,110.129,70.131,14.241,284.810,42.846,-46.049
E07000044,South Hams,2012,83.523,905.2009,215.065,211.740,103.191,72.690,14.815,293.023,44.941,-44.353
E07000044,South Hams,2013,83.867,905.2009,214.903,204.102,94.382,63.974,13.016,290.097,40.744,-47.300
E07000044,South Hams,2014,84.221,905.2009,224.449,176.251,88.655,56.058,11.520,283.422,41.269,-47.158
E07000044,South Hams,2015,84.616,905.2009,219.447,168.965,81.498,50.254,10.267,286.514,32.733,-50.585
E07000044,South Hams,2016,84.554,905.2009,231.460,156.710,79.038,41.495,8.536,282.463,23.373,-47.580
E07000044,South Hams,2017,85.183,905.2009,239.383,147.770,96.521,33.806,8.646,276.620,32.388,-50.040
E07000044,South Hams,2018,85.874,905.2009,236.307,144.229,84.751,39.508,8.247,260.839,31.977,-50.046
E07000044,South Hams,2019,86.458,905.2009,230.807,139.640,60.815,36.345,7.418,261.521,25.107,-51.185
E07000044,South Hams,2020,87.371,905.2009,187.676,137.192,62.066,31.742,6.906,256.878,21.945,-51.543
E07000044,South Hams,2021,89.161,905.2009,207.618,137.621,72.004,36.991,7.146,250.007,18.530,-49.751
E07000044,South Hams,2022,89.795,905.2009,210.728,117.564,63.491,34.296,6.839,239.703,24.785,-48.388
E07000044,South Hams,2023,90.937,905.2009,210.158,111.506,49.532,30.019,6.281,237.566,26.096,-51.089
E07000044,South Hams,2024,92.148,905.2009,208.143,110.650,48.251,27.895,6.015,231.469,21.382,-50.729
E07000045,Teignbridge,2005,123.46,680.0834,381.014,314.132,166.751,89.751,24.905,172.877,106.927,-82.547
E07000045,Teignbridge,2006,123.508,680.0834,375.539,314.349,153.116,94.421,25.341,170.852,104.431,-85.240
E07000045,Teignbridge,2007,124.066,680.0834,374.260,299.498,147.876,90.107,24.010,159.740,94.366,-87.091
E07000045,Teignbridge,2008,124.396,680.0834,361.822,300.168,128.943,89.972,23.030,158.078,94.917,-90.114
E07000045,Teignbridge,2009,124.451,680.0834,353.135,276.440,127.663,86.779,24.561,157.448,84.335,-90.917
E07000045,Teignbridge,2010,124.359,680.0834,357.542,294.285,131.436,90.382,24.750,156.870,62.018,-91.163
E07000045,Teignbridge,2011,124.271,680.0834,355.189,257.244,124.216,81.129,21.567,149.037,61.671,-93.216
E07000045,Teignbridge,2012,124.83,680.0834,353.298,277.211,114.604,88.359,24.144,150.138,77.655,-90.206
E07000045,Teignbridge,2013,125.754,680.0834,349.520,271.467,121.494,82.561,24.260,148.925,79.244,-94.199
E07000045,Teignbridge,2014,127.236,680.0834,355.965,232.982,118.531,73.684,21.587,144.003,76.613,-93.517
E07000045,Teignbridge,2015,128.566,680.0834,361.401,224.091,108.444,64.948,19.597,146.249,60.850,-96.396
E07000045,Teignbridge,2016,129.668,680.0834,384.081,210.319,105.749,54.610,15.839,148.779,42.202,-93.486
E07000045,Teignbridge,2017,131.572,680.0834,404.021,197.828,118.653,44.220,15.075,151.207,46.826,-96.815
E07000045,Teignbridge,2018,132.707,680.0834,401.616,193.871,88.379,46.547,11.462,148.023,46.427,-95.624
E07000045,Teignbridge,2019,133.965,680.0834,394.823,187.086,43.235,40.271,12.397,149.917,37.573,-95.877
E07000045,Teignbridge,2020,133.869,680.0834,319.617,183.526,50.100,34.447,11.673,141.961,40.209,-97.194
E07000045,Teignbridge,2021,135.189,680.0834,356.294,182.189,52.911,40.014,13.152,130.842,31.077,-94.140
E07000045,Teignbridge,2022,135.986,680.0834,352.490,157.323,42.779,37.614,12.011,126.098,37.686,-91.695
E07000045,Teignbridge,2023,137.363,680.0834,348.303,146.392,38.169,33.594,10.933,131.068,38.152,-94.906
E07000045,Teignbridge,2024,138.548,680.0834,353.976,145.515,35.382,32.718,10.920,127.470,36.066,-93.754
E07000046,Torridge,2005,61.954,995.2034,106.251,165.802,42.236,36.281,10.762,497.515,49.454,-104.800
E07000046,Torridge,2006,62.615,995.2034,108.455,169.726,39.688,37.202,10.528,490.041,48.213,-106.565
E07000046,Torridge,2007,63.1,995.2034,111.062,162.037,37.423,35.164,9.710,490.404,43.128,-108.582
E07000046,Torridge,2008,63.501,995.2034,109.044,163.065,36.345,35.129,9.579,493.126,43.477,-112.093
E07000046,Torridge,2009,63.477,995.2034,105.789,152.413,34.185,31.600,8.400,489.929,47.737,-112.539
E07000046,Torridge,2010,63.686,995.2034,105.186,163.785,37.171,33.059,8.896,498.280,37.290,-112.895
E07000046,Torridge,2011,63.973,995.2034,102.339,144.500,37.249,31.415,8.397,493.563,36.975,-114.297
E07000046,Torridge,2012,64.688,995.2034,101.812,152.563,37.417,32.240,8.640,492.222,29.109,-110.167
E07000046,Torridge,2013,64.86,995.2034,101.418,148.201,39.469,30.055,8.278,493.516,40.678,-114.384
E07000046,Torridge,2014,65.306,995.2034,105.327,127.672,34.530,25.775,7.144,498.721,30.638,-113.379
E07000046,Torridge,2015,65.808,995.2034,106.921,123.112,29.096,22.987,6.408,509.908,35.338,-116.226
E07000046,Torridge,2016,66.512,995.2034,113.508,114.830,25.268,18.873,5.421,494.881,26.908,-111.998
E07000046,Torridge,2017,67.529,995.2034,116.169,107.550,24.186,15.862,4.920,497.695,19.156,-114.829
E07000046,Torridge,2018,67.787,995.2034,115.761,105.242,22.936,18.512,5.172,477.045,19.668,-114.346
E07000046,Torridge,2019,67.837,995.2034,112.316,101.244,19.946,15.676,4.654,489.940,15.485,-115.152
E07000046,Torridge,2020,67.631,995.2034,103.184,99.536,17.493,13.784,4.413,485.094,12.780,-116.641
E07000046,Torridge,2021,68.444,995.2034,118.215,98.419,17.778,16.201,4.859,475.788,8.785,-113.750
E07000046,Torridge,2022,68.696,995.2034,118.974,83.511,18.815,15.716,3.882,464.274,19.809,-111.635
E07000046,Torridge,2023,69.291,995.2034,115.200,80.165,16.481,13.814,3.587,480.771,22.501,-115.428
E07000046,Torridge,2024,69.841,995.2034,114.750,80.641,17.488,12.380,4.866,474.125,11.579,-114.575
E07000047,West Devon,2005,50.481,1164.7175,164.208,139.230,75.768,46.063,13.281,364.554,40.956,-69.939
E07000047,West Devon,2006,50.833,1164.7175,168.318,142.289,74.538,48.432,13.281,358.324,39.956,-72.564
E07000047,West Devon,2007,51.711,1164.7175,167.212,136.078,71.605,46.190,12.426,346.259,36.054,-75.103
E07000047,West Devon,2008,52.566,1164.7175,172.844,138.251,67.782,45.056,11.709,337.951,36.468,-78.428
E07000047,West Devon,2009,52.868,1164.7175,167.665,129.838,63.306,41.409,10.373,328.647,30.644,-79.891
E07000047,West Devon,2010,53.285,1164.7175,166.818,139.530,65.675,38.377,10.467,330.178,27.118,-78.286
E07000047,West Devon,2011,53.655,1164.7175,163.392,123.055,56.959,33.366,8.605,321.737,27.146,-83.313
E07000047,West Devon,2012,53.938,1164.7175,164.325,130.274,59.359,38.222,9.448,325.635,19.920,-80.790
E07000047,West Devon,2013,54.011,1164.7175,164.005,128.045,64.535,38.009,9.898,332.018,15.313,-84.696
E07000047,West Devon,2014,54.402,1164.7175,169.033,109.955,58.248,33.703,8.883,328.039,20.681,-84.901
E07000047,West Devon,2015,54.623,1164.7175,170.927,106.121,53.595,29.186,7.419,330.289,16.874,-88.886
E07000047,West Devon,2016,54.947,1164.7175,181.809,98.215,54.335,23.559,6.201,332.934,12.009,-85.987
E07000047,West Devon,2017,55.557,1164.7175,190.039,92.433,61.349,19.215,10.957,340.002,14.990,-90.231
E07000047,West Devon,2018,55.647,1164.7175,190.455,90.124,46.860,23.034,7.374,327.744,15.662,-89.323
E07000047,West Devon,2019,55.865,1164.7175,189.749,86.713,44.099,16.342,6.950,326.702,12.217,-91.723
E07000047,West Devon,2020,56.236,1164.7175,151.986,85.633,39.165,13.737,4.956,323.672,10.035,-93.361
E07000047,West Devon,2021,57.48,1164.7175,178.362,84.961,44.442,17.102,7.064,329.083,6.746,-90.813
E07000047,West Devon,2022,58.218,1164.7175,178.605,72.286,39.112,16.328,7.464,318.377,11.427,-88.936
E07000047,West Devon,2023,58.92,1164.7175,178.126,69.152,34.439,13.215,6.344,298.876,12.341,-92.515
E07000047,West Devon,2024,58.923,1164.7175,174.145,69.297,35.875,12.701,5.826,288.328,9.248,-92.616
E07000061,Eastbourne,2005,95.5,45.3312,110.516,223.213,25.414,118.189,44.995,6.612,60.877,1.404
E07000061,Eastbourne,2006,96.532,45.3312,107.899,223.175,25.793,121.799,43.077,6.305,59.291,1.313
E07000061,Eastbourne,2007,97.616,45.3312,108.569,217.281,26.185,119.783,42.581,5.244,71.474,1.117
E07000061,Eastbourne,2008,98.361,45.3312,105.047,217.084,23.821,117.224,41.141,4.911,58.193,0.986
E07000061,Eastbourne,2009,98.228,45.3312,101.754,198.103,21.093,105.223,37.513,4.721,29.066,0.822
E07000061,Eastbourne,2010,98.51,45.3312,100.183,213.340,22.374,107.642,40.608,4.528,26.670,0.716
E07000061,Eastbourne,2011,99.308,45.3312,97.556,186.971,21.379,99.430,35.212,4.271,25.446,0.593
E07000061,Eastbourne,2012,99.99,45.3312,96.422,200.725,21.477,104.497,37.998,4.376,24.309,0.455
E07000061,Eastbourne,2013,100.662,45.3312,93.787,194.770,20.362,98.381,37.746,4.509,25.601,0.267
E07000061,Eastbourne,2014,101.328,45.3312,93.977,165.320,18.708,90.293,39.724,4.359,26.437,0.257
E07000061,Eastbourne,2015,101.996,45.3312,93.180,159.519,17.027,75.169,30.982,4.544,17.080,0.068
E07000061,Eastbourne,2016,102.61,45.3312,94.350,149.543,15.138,63.626,26.051,4.346,13.341,0.112
E07000061,Eastbourne,2017,102.964,45.3312,93.614,139.323,14.989,53.682,26.743,4.106,14.041,-0.023
E07000061,Eastbourne,2018,102.544,45.3312,90.445,135.659,13.928,58.188,27.268,3.934,14.792,0.035
E07000061,Eastbourne,2019,102.754,45.3312,87.734,128.956,12.719,49.110,23.059,3.992,12.719,0.020
E07000061,Eastbourne,2020,101.984,45.3312,72.711,127.057,12.325,44.066,23.802,3.800,10.340,0.135
E07000061,Eastbourne,2021,101.601,45.3312,73.921,127.868,11.833,51.110,28.731,3.242,9.327,0.144
E07000061,Eastbourne,2022,102.304,45.3312,72.068,110.742,10.231,46.509,26.461,3.602,11.058,0.232
E07000061,Eastbourne,2023,103.862,45.3312,70.525,102.325,9.853,42.074,22.016,4.491,11.167,0.209
E07000061,Eastbourne,2024,104.259,45.3312,70.074,102.189,8.215,36.828,21.909,4.456,11.102,0.238
E07000062,Hastings,2005,87.419,30.8011,96.230,209.000,40.296,80.077,34.270,1.987,50.211,-0.365
E07000062,Hastings,2006,87.516,30.8011,93.567,208.266,40.929,83.283,34.067,2.459,48.862,-0.490
E07000062,Hastings,2007,88.024,30.8011,92.260,202.601,40.086,75.303,29.767,1.782,59.689,-0.546
E07000062,Hastings,2008,88.722,30.8011,88.577,202.620,35.509,74.054,29.785,1.995,47.807,-0.703
E07000062,Hastings,2009,89.293,30.8011,85.652,183.410,31.547,67.275,27.321,1.902,26.729,-0.871
E07000062,Hastings,2010,89.623,30.8011,84.311,197.479,34.943,69.607,28.265,2.211,42.376,-0.943
E07000062,Hastings,2011,90.173,30.8011,82.535,174.169,31.568,61.968,24.237,2.078,48.367,-1.052
E07000062,Hastings,2012,90.493,30.8011,81.929,187.242,32.939,67.600,26.551,2.142,37.138,-1.040
E07000062,Hastings,2013,90.994,30.8011,80.314,181.072,32.564,62.846,25.400,1.973,25.485,-1.205
E07000062,Hastings,2014,91.356,30.8011,80.657,152.792,27.595,52.211,21.259,1.888,14.781,-1.163
E07000062,Hastings,2015,91.795,30.8011,79.582,148.062,26.441,45.254,18.661,1.938,15.000,-1.319
E07000062,Hastings,2016,92.347,30.8011,78.789,138.582,23.964,37.304,14.701,1.614,10.452,-1.297
E07000062,Hastings,2017,92.016,30.8011,77.832,130.272,25.185,31.419,15.407,1.655,13.370,-1.387
E07000062,Hastings,2018,91.963,30.8011,75.052,125.784,21.567,35.047,14.181,1.510,14.120,-1.315
E07000062,Hastings,2019,91.57,30.8011,76.070,120.094,21.500,31.275,12.041,1.598,9.544,-1.371
E07000062,Hastings,2020,91.13,30.8011,63.014,119.539,19.600,27.483,11.787,1.461,7.062,-1.403
E07000062,Hastings,2021,90.974,30.8011,65.416,119.979,20.182,32.063,12.115,1.342,7.229,-1.336
E07000062,Hastings,2022,90.734,30.8011,64.387,102.645,19.085,31.628,8.322,1.346,10.265,-1.251
E07000062,Hastings,2023,91.221,30.8011,63.031,95.455,18.962,29.651,7.582,1.328,5.414,-1.367
E07000062,Hastings,2024,91.219,30.8011,62.719,95.474,11.992,26.854,9.093,1.240,7.813,-1.347
E07000063,Lewes,2005,93.832,294.4128,204.093,251.074,46.802,67.970,35.208,69.133,59.749,-8.933
E07000063,Lewes,2006,94.162,294.4128,200.359,251.450,46.462,69.645,35.266,71.831,58.801,-9.090
E07000063,Lewes,2007,94.782,294.4128,198.841,242.929,41.741,59.369,30.098,64.325,70.598,-10.186
E07000063,Lewes,2008,95.455,294.4128,196.587,243.103,38.987,58.766,30.228,63.624,57.284,-11.297
E07000063,Lewes,2009,96.114,294.4128,190.658,222.277,33.545,51.267,25.706,61.471,97.471,-11.439
E07000063,Lewes,2010,97.079,294.4128,185.385,240.843,37.009,53.950,27.889,61.312,109.978,-11.677
E07000063,Lewes,2011,97.584,294.4128,180.348,211.127,35.478,49.648,24.893,57.124,104.970,-12.803
E07000063,Lewes,2012,98.532,294.4128,180.709,225.895,37.885,52.937,25.841,59.319,54.314,-12.313
E07000063,Lewes,2013,99.215,294.4128,178.142,219.757,38.194,53.104,26.967,63.067,53.421,-12.983
E07000063,Lewes,2014,99.607,294.4128,180.870,186.858,34.985,45.543,23.315,61.751,42.103,-12.974
E07000063,Lewes,2015,99.717,294.4128,181.984,180.602,30.359,39.269,19.878,64.209,37.713,-14.331
E07000063,Lewes,2016,100.062,294.4128,188.789,170.097,26.504,31.307,17.615,64.012,58.401,-13.186
E07000063,Lewes,2017,100.434,294.4128,188.311,158.808,29.282,26.199,15.940,63.458,48.351,-13.913
E07000063,Lewes,2018,100.589,294.4128,184.328,156.204,26.946,30.050,14.931,62.686,40.924,-14.398
E07000063,Lewes,2019,100.813,294.4128,177.199,149.099,24.283,26.266,15.109,67.930,29.181,-15.040
E07000063,Lewes,2020,100.443,294.4128,148.869,147.515,20.122,24.379,13.181,64.272,27.126,-14.987
E07000063,Lewes,2021,100.166,294.4128,153.540,147.938,24.174,28.004,15.154,60.585,27.458,-14.620
E07000063,Lewes,2022,100.693,294.4128,152.101,127.257,22.338,24.973,13.332,56.882,28.911,-14.235
E07000063,Lewes,2023,101.605,294.4128,149.613,119.235,21.115,22.398,11.367,61.268,28.671,-14.950
E07000063,Lewes,2024,102.363,294.4128,150.422,120.042,21.112,20.913,8.953,62.101,30.830,-14.856
E07000064,Rother,2005,87.684,517.1234,206.769,263.920,113.719,71.485,19.633,94.548,58.385,-75.963
E07000064,Rother,2006,88.221,517.1234,202.835,264.186,117.645,74.652,20.182,95.459,56.999,-77.587
E07000064,Rother,2007,89.262,517.1234,206.871,255.876,116.804,74.307,19.603,90.578,68.322,-78.609
E07000064,Rother,2008,90.12,517.1234,200.406,255.863,98.124,68.967,17.691,92.941,56.447,-80.569
E07000064,Rother,2009,90.123,517.1234,193.758,235.399,86.106,58.718,14.994,88.327,19.098,-81.067
E07000064,Rother,2010,90.578,517.1234,190.798,255.680,98.710,62.817,16.635,87.661,16.971,-81.081
E07000064,Rother,2011,90.729,517.1234,185.843,223.543,87.498,57.662,14.930,84.789,21.496,-82.278
E07000064,Rother,2012,90.735,517.1234,182.793,239.488,90.498,59.308,15.161,85.834,16.608,-80.666
E07000064,Rother,2013,90.487,517.1234,180.924,231.729,92.287,56.877,15.133,84.781,21.516,-83.004
E07000064,Rother,2014,91.269,517.1234,185.078,198.504,83.880,51.247,13.946,82.128,17.819,-82.237
E07000064,Rother,2015,91.751,517.1234,187.221,191.826,85.778,46.064,12.741,83.807,18.546,-84.186
E07000064,Rother,2016,92.314,517.1234,196.331,179.858,94.329,40.971,11.354,81.074,13.256,-81.535
E07000064,Rother,2017,92.904,517.1234,190.098,169.215,101.290,33.139,10.854,80.768,14.224,-83.705
E07000064,Rother,2018,92.832,517.1234,190.534,165.775,98.539,37.234,10.723,73.557,15.098,-83.230
E07000064,Rother,2019,92.581,517.1234,187.432,158.208,80.864,33.220,8.579,74.583,16.036,-83.775
E07000064,Rother,2020,92.734,517.1234,157.185,157.261,71.418,34.966,8.796,72.168,12.921,-85.182
E07000064,Rother,2021,93.409,517.1234,165.944,157.371,87.591,69.828,9.422,70.103,12.786,-82.943
E07000064,Rother,2022,94.323,517.1234,164.081,133.776,87.063,34.192,8.637,66.060,14.235,-81.342
E07000064,Rother,2023,95.089,517.1234,162.301,125.670,73.897,27.332,7.767,66.360,13.620,-84.303
E07000064,Rother,2024,96.133,517.1234,162.636,127.315,53.759,33.738,7.997,68.183,13.748,-83.747
E07000065,Wealden,2005,144.084,836.1906,406.427,428.334,55.202,89.052,34.468,161.802,94.945,-123.001
E07000065,Wealden,2006,145.094,836.1906,401.872,430.031,54.384,92.135,34.288,151.009,92.999,-126.020
E07000065,Wealden,2007,146.207,836.1906,409.320,415.677,55.911,91.372,33.361,150.069,111.078,-127.942
E07000065,Wealden,2008,146.539,836.1906,390.975,415.654,49.202,91.557,33.478,153.627,90.172,-131.541
E07000065,Wealden,2009,146.612,836.1906,376.316,385.023,44.212,81.758,28.855,149.242,36.836,-132.854
E07000065,Wealden,2010,147.861,836.1906,371.914,419.287,49.542,84.780,30.995,147.379,50.237,-133.851
E07000065,Wealden,2011,149.415,836.1906,363.704,369.769,47.303,79.418,28.199,141.134,52.526,-135.829
E07000065,Wealden,2012,150.608,836.1906,357.714,394.936,47.927,83.967,30.345,142.081,34.157,-133.618
E07000065,Wealden,2013,151.825,836.1906,352.880,386.281,47.143,78.854,29.856,141.529,34.829,-137.870
E07000065,Wealden,2014,154.017,836.1906,361.865,333.372,43.111,70.371,25.950,139.184,31.677,-137.442
E07000065,Wealden,2015,155.361,836.1906,364.856,321.505,40.654,62.453,23.666,140.442,32.668,-140.625
E07000065,Wealden,2016,156.056,836.1906,378.181,303.543,38.080,52.636,19.033,135.360,24.205,-136.682
E07000065,Wealden,2017,156.379,836.1906,376.619,283.901,39.919,42.852,18.937,135.568,26.841,-140.291
E07000065,Wealden,2018,156.791,836.1906,368.281,279.963,34.541,50.146,17.391,130.427,27.864,-139.055
E07000065,Wealden,2019,157.543,836.1906,357.181,268.336,33.042,42.705,16.543,138.008,26.487,-139.965
E07000065,Wealden,2020,158.291,836.1906,295.128,266.460,30.601,37.635,15.847,133.414,22.175,-142.318
E07000065,Wealden,2021,160.711,836.1906,308.246,267.907,34.195,42.869,17.303,125.918,21.893,-138.725
E07000065,Wealden,2022,163.091,836.1906,307.403,228.416,31.431,38.992,15.662,117.648,25.970,-136.060
E07000065,Wealden,2023,164.861,836.1906,304.885,216.870,30.927,35.505,13.777,116.086,23.666,-140.764
E07000065,Wealden,2024,166.908,836.1906,306.176,222.224,28.641,34.096,13.623,117.160,24.403,-139.769
E07000066,Basildon,2005,168.927,110.4459,337.902,426.791,125.354,252.748,65.155,13.191,147.412,1.188
E07000066,Basildon,2006,169.951,110.4459,330.131,423.963,126.067,256.195,63.633,12.841,145.407,0.996
E07000066,Basildon,2007,170.908,110.4459,331.473,408.939,132.254,271.115,64.353,13.674,112.199,0.683
E07000066,Basildon,2008,172.423,110.4459,319.173,407.041,117.963,244.308,60.638,13.938,117.497,0.326
E07000066,Basildon,2009,173.084,110.4459,316.732,369.127,97.123,201.163,49.625,13.257,186.791,0.250
E07000066,Basildon,2010,173.788,110.4459,313.107,396.367,110.217,216.440,54.375,13.144,155.769,0.078
E07000066,Basildon,2011,174.971,110.4459,301.754,347.547,97.644,188.480,46.857,12.260,172.704,-0.184
E07000066,Basildon,2012,176.622,110.4459,301.874,374.761,107.961,216.121,54.023,13.081,185.842,-0.383
E07000066,Basildon,2013,178.944,110.4459,297.176,362.787,104.674,195.512,49.389,12.850,177.422,-0.747
E07000066,Basildon,2014,181.317,110.4459,306.778,305.334,91.821,165.399,42.254,12.607,167.130,-0.607
E07000066,Basildon,2015,182.734,110.4459,300.786,297.620,84.753,142.443,37.466,13.391,137.317,-0.919
E07000066,Basildon,2016,184.651,110.4459,315.064,277.834,79.078,120.348,33.782,12.740,123.340,-0.691
E07000066,Basildon,2017,185.299,110.4459,324.783,260.510,77.537,101.310,35.972,11.844,218.038,-0.820
E07000066,Basildon,2018,186.668,110.4459,313.373,254.820,71.939,111.662,31.495,10.832,272.777,-0.752
E07000066,Basildon,2019,187.714,110.4459,297.923,243.740,76.060,112.733,26.423,11.598,361.997,-0.909
E07000066,Basildon,2020,187.796,110.4459,260.728,242.110,68.194,111.069,24.938,11.460,335.840,-0.797
E07000066,Basildon,2021,187.718,110.4459,262.722,245.640,72.459,96.954,27.761,11.455,291.550,-0.666
E07000066,Basildon,2022,188.793,110.4459,265.958,210.256,67.921,90.421,27.836,10.612,286.240,-0.467
E07000066,Basildon,2023,191.12,110.4459,260.948,193.014,64.333,77.195,24.381,11.023,299.315,-0.696
E07000066,Basildon,2024,193.632,110.4459,259.424,196.791,65.074,59.035,23.970,11.343,180.725,-0.646
E07000067,Braintree,2005,139.16,611.7079,365.620,362.594,163.112,97.590,32.760,97.956,119.101,-5.634
E07000067,Braintree,2006,140.921,611.7079,363.828,364.834,153.404,92.681,30.937,95.434,116.481,-5.275
E07000067,Braintree,2007,142.344,611.7079,371.520,355.229,145.217,86.373,29.171,99.238,88.796,-5.955
E07000067,Braintree,2008,143.894,611.7079,357.346,352.348,137.214,88.397,29.331,104.956,93.361,-7.532
E07000067,Braintree,2009,144.589,611.7079,352.428,324.468,121.067,77.586,25.833,103.950,61.011,-5.582
E07000067,Braintree,2010,145.972,611.7079,341.670,351.029,130.589,82.292,27.580,104.395,55.703,-5.586
E07000067,Braintree,2011,147.514,611.7079,332.036,307.785,121.961,73.306,25.151,99.266,67.077,-6.188
E07000067,Braintree,2012,148.443,611.7079,329.913,328.600,130.148,83.447,27.966,107.192,64.350,-5.174
E07000067,Braintree,2013,149.285,611.7079,322.899,319.326,124.477,78.354,26.090,102.705,58.169,-6.228
E07000067,Braintree,2014,150.314,611.7079,333.905,273.477,112.399,69.772,22.899,101.454,46.822,-6.247
E07000067,Braintree,2015,150.908,611.7079,336.383,264.271,105.579,60.600,20.137,110.518,50.796,-7.665
E07000067,Braintree,2016,151.848,611.7079,349.701,248.592,85.438,47.804,16.926,104.615,43.059,-5.544
E07000067,Braintree,2017,152.422,611.7079,356.298,233.214,84.799,38.347,17.153,102.561,49.581,-5.657
E07000067,Braintree,2018,152.353,611.7079,349.397,230.511,74.697,46.475,16.104,91.620,53.282,-5.875
E07000067,Braintree,2019,153.439,611.7079,343.453,219.235,72.306,40.350,14.924,96.195,82.956,-6.152
E07000067,Braintree,2020,154.107,611.7079,290.691,219.962,66.855,39.125,13.595,90.010,97.062,-5.838
E07000067,Braintree,2021,155.693,611.7079,308.254,222.974,65.677,45.853,14.397,92.599,86.437,-4.973
E07000067,Braintree,2022,157.656,611.7079,307.503,191.430,59.845,49.758,14.506,83.066,78.505,-4.558
E07000067,Braintree,2023,160.494,611.7079,301.601,178.657,50.994,39.295,12.334,85.424,74.106,-6.165
E07000067,Braintree,2024,164.304,611.7079,300.528,183.597,49.639,40.743,12.673,86.355,87.639,-6.093
E07000068,Brentwood,2005,70.542,153.1241,265.443,211.776,52.306,68.380,22.209,27.791,59.540,-7.261
E07000068,Brentwood,2006,71.04,153.1241,264.416,210.835,52.328,73.743,23.684,27.278,58.508,-7.160
E07000068,Brentwood,2007,71.346,153.1241,258.636,203.869,50.006,67.481,21.701,28.293,44.182,-7.587
E07000068,Brentwood,2008,71.941,153.1241,262.297,206.986,45.912,67.427,20.818,28.616,46.092,-8.136
E07000068,Brentwood,2009,72.663,153.1241,259.218,189.120,40.237,59.326,18.424,27.061,47.585,-7.882
E07000068,Brentwood,2010,73.301,153.1241,252.409,204.220,44.063,62.798,19.937,27.636,40.414,-8.099
E07000068,Brentwood,2011,73.841,153.1241,247.889,179.478,43.818,57.132,17.900,25.544,37.676,-8.291
E07000068,Brentwood,2012,74.255,153.1241,244.467,193.719,41.841,59.288,18.640,27.286,34.049,-8.150
E07000068,Brentwood,2013,74.912,153.1241,244.032,190.371,40.572,55.512,17.899,27.043,34.514,-8.256
E07000068,Brentwood,2014,76.193,153.1241,250.289,160.623,38.405,49.309,15.862,24.463,34.138,-8.441
E07000068,Brentwood,2015,76.69,153.1241,253.283,157.122,35.068,41.800,13.936,25.883,27.874,-8.917
E07000068,Brentwood,2016,77.163,153.1241,263.880,147.855,29.349,35.961,12.048,24.620,26.806,-8.195
E07000068,Brentwood,2017,76.95,153.1241,267.879,138.547,26.429,28.852,12.196,24.443,24.986,-8.632
E07000068,Brentwood,2018,76.854,153.1241,261.245,136.982,21.046,33.780,10.438,21.321,27.047,-8.506
E07000068,Brentwood,2019,77.231,153.1241,262.193,130.725,19.283,32.098,9.793,23.392,43.686,-8.668
E07000068,Brentwood,2020,77.339,153.1241,241.563,130.639,16.860,25.742,9.033,22.846,49.545,-8.705
E07000068,Brentwood,2021,77.111,153.1241,233.337,133.106,18.297,29.614,9.925,21.115,41.730,-8.351
E07000068,Brentwood,2022,77.316,153.1241,238.501,114.281,16.341,34.252,8.910,23.468,40.756,-8.084
E07000068,Brentwood,2023,78.381,153.1241,230.322,105.160,14.601,28.797,8.481,26.632,35.947,-8.620
E07000068,Brentwood,2024,79.326,153.1241,215.436,107.450,15.795,28.065,7.431,25.757,44.356,-8.538
E07000069,Castle Point,2005,87.462,63.6984,137.260,241.982,22.396,47.593,16.495,2.647,71.145,-0.055
E07000069,Castle Point,2006,87.576,63.6984,131.843,239.348,22.294,48.880,16.011,3.338,69.088,-0.349
E07000069,Castle Point,2007,87.776,63.6984,133.435,229.567,24.345,47.764,15.829,2.595,51.312,-0.502
E07000069,Castle Point,2008,88.02,63.6984,130.372,229.308,20.783,47.390,15.475,2.669,53.838,-0.660
E07000069,Castle Point,2009,88.122,63.6984,126.457,206.956,18.218,43.791,14.098,2.576,62.180,-0.834
E07000069,Castle Point,2010,88.115,63.6984,124.819,223.035,20.332,43.409,14.608,2.847,55.876,-0.904
E07000069,Castle Point,2011,87.964,63.6984,120.650,193.174,19.169,40.483,13.226,2.628,60.503,-1.061
E07000069,Castle Point,2012,88.119,63.6984,118.945,209.251,19.754,44.366,14.087,2.725,60.097,-1.202
E07000069,Castle Point,2013,88.377,63.6984,116.655,202.721,18.436,41.710,13.731,3.066,52.804,-1.352
E07000069,Castle Point,2014,88.654,63.6984,118.311,170.139,16.067,35.627,11.819,2.961,47.605,-1.325
E07000069,Castle Point,2015,88.854,63.6984,116.984,166.430,15.838,30.299,10.581,3.239,31.474,-1.544
E07000069,Castle Point,2016,89.39,63.6984,119.810,155.714,15.417,25.843,9.198,3.182,27.037,-1.506
E07000069,Castle Point,2017,89.275,63.6984,125.021,146.693,16.346,22.344,9.466,3.069,28.700,-1.659
E07000069,Castle Point,2018,89.341,63.6984,119.696,143.228,14.466,23.828,8.566,2.743,33.988,-1.493
E07000069,Castle Point,2019,89.619,63.6984,111.816,136.025,14.377,20.451,8.271,2.757,50.627,-1.510
E07000069,Castle Point,2020,89.782,63.6984,96.115,136.173,19.044,19.612,7.460,2.809,53.770,-1.463
E07000069,Castle Point,2021,89.712,63.6984,102.005,136.506,17.214,25.221,8.923,2.804,43.197,-1.357
E07000069,Castle Point,2022,89.779,63.6984,99.890,114.833,14.275,24.217,9.569,2.679,40.744,2.031
E07000069,Castle Point,2023,90.14,63.6984,99.419,105.475,14.819,19.848,8.144,2.320,34.855,-1.287
E07000069,Castle Point,2024,90.581,63.6984,97.795,108.129,11.100,19.961,7.328,2.348,44.512,-1.237
E07000070,Chelmsford,2005,163.57,342.9972,403.477,427.162,102.307,177.229,60.246,52.877,139.307,-4.778
E07000070,Chelmsford,2006,163.879,342.9972,403.429,426.333,101.834,178.992,58.462,53.655,135.973,-4.747
E07000070,Chelmsford,2007,164.381,342.9972,405.875,415.000,108.007,188.928,59.195,53.955,103.240,-5.704
E07000070,Chelmsford,2008,165.047,342.9972,390.900,415.081,97.973,188.390,59.123,60.301,108.063,-6.570
E07000070,Chelmsford,2009,166.208,342.9972,388.039,380.510,88.138,168.326,52.448,54.249,70.719,-6.201
E07000070,Chelmsford,2010,167.441,342.9972,381.728,409.245,93.616,170.827,56.055,54.561,70.193,-6.377
E07000070,Chelmsford,2011,168.491,342.9972,398.459,359.678,91.016,165.921,53.168,51.864,79.234,-6.880
E07000070,Chelmsford,2012,169.301,342.9972,391.796,386.885,95.043,174.515,55.987,55.775,80.190,-6.606
E07000070,Chelmsford,2013,170.481,342.9972,388.526,375.050,92.674,163.926,54.439,52.215,92.325,-7.358
E07000070,Chelmsford,2014,172.128,342.9972,397.394,317.416,81.038,138.575,46.032,52.462,116.713,-7.428
E07000070,Chelmsford,2015,173.397,342.9972,400.134,307.388,75.094,120.302,40.527,55.991,107.803,-8.285
E07000070,Chelmsford,2016,175.137,342.9972,415.497,290.868,68.415,104.520,35.238,52.333,58.857,-7.101
E07000070,Chelmsford,2017,177.102,342.9972,421.323,273.490,77.703,76.208,36.269,53.084,58.665,-7.350
E07000070,Chelmsford,2018,178.017,342.9972,412.324,270.242,65.347,93.609,30.049,46.866,77.274,-7.515
E07000070,Chelmsford,2019,179.882,342.9972,399.484,257.528,59.152,82.735,37.323,51.369,125.165,-8.051
E07000070,Chelmsford,2020,180.488,342.9972,339.145,258.710,55.241,69.249,25.981,48.113,134.378,-8.028
E07000070,Chelmsford,2021,181.827,342.9972,359.761,261.267,58.307,81.166,26.747,49.499,138.860,-7.515
E07000070,Chelmsford,2022,183.471,342.9972,353.719,224.449,53.259,74.306,35.157,44.934,146.150,-7.105
E07000070,Chelmsford,2023,186.06,342.9972,350.039,208.052,50.783,62.980,23.556,46.060,153.019,-8.009
E07000070,Chelmsford,2024,188.803,342.9972,349.110,213.339,36.885,58.999,25.804,45.509,155.995,-7.894
E07000071,Colchester,2005,162.038,346.7732,390.697,408.628,93.307,172.771,97.092,58.459,139.825,-6.919
E07000071,Colchester,2006,163.847,346.7732,385.785,411.923,87.927,176.618,98.920,55.870,138.422,-6.753
E07000071,Colchester,2007,165.674,346.7732,388.641,402.330,85.852,168.177,90.157,56.319,106.836,-7.603
E07000071,Colchester,2008,167.927,346.7732,375.915,401.792,76.091,160.704,88.626,57.982,111.801,-8.498
E07000071,Colchester,2009,169.027,346.7732,367.348,369.836,66.772,140.015,76.439,55.436,91.890,-8.144
E07000071,Colchester,2010,171.679,346.7732,360.538,400.040,73.073,145.075,80.942,54.001,70.516,-8.303
E07000071,Colchester,2011,173.614,346.7732,346.016,350.992,68.119,132.580,70.960,50.554,83.716,-8.917
E07000071,Colchester,2012,175.84,346.7732,349.573,377.501,68.870,148.419,79.392,54.724,81.537,14.564
E07000071,Colchester,2013,177.308,346.7732,344.735,368.085,69.071,138.212,76.114,51.987,74.576,-8.928
E07000071,Colchester,2014,180.414,346.7732,350.988,315.900,64.403,118.778,63.934,50.845,76.476,-8.905
E07000071,Colchester,2015,183.242,346.7732,348.310,306.700,58.771,100.228,57.876,54.037,142.181,-9.682
E07000071,Colchester,2016,185.361,346.7732,360.112,289.255,51.255,82.813,51.585,49.701,114.203,-8.392
E07000071,Colchester,2017,187.177,346.7732,369.619,273.618,63.186,65.591,51.293,50.363,115.927,-8.822
E07000071,Colchester,2018,189.101,346.7732,358.920,270.864,48.755,76.348,47.035,45.237,90.069,-8.575
E07000071,Colchester,2019,190.47,346.7732,344.217,256.761,46.502,67.788,39.397,45.726,138.475,-8.687
E07000071,Colchester,2020,191.979,346.7732,287.099,257.346,41.339,58.055,37.023,43.557,193.490,-8.556
E07000071,Colchester,2021,192.658,346.7732,310.593,260.452,37.498,73.807,41.874,47.638,153.539,-8.000
E07000071,Colchester,2022,194.475,346.7732,310.441,222.378,37.460,69.684,41.947,42.591,112.394,-7.530
E07000071,Colchester,2023,198.497,346.7732,300.486,206.254,34.462,59.268,38.789,41.865,95.944,-8.395
E07000071,Colchester,2024,200.222,346.7732,297.895,211.430,30.948,56.882,36.163,41.903,117.405,-8.278
E07000072,Epping Forest,2005,121.735,338.9842,559.122,353.154,33.370,141.719,37.438,102.095,114.892,-15.011
E07000072,Epping Forest,2006,122.53,338.9842,534.458,352.616,32.922,143.706,36.958,99.915,112.832,-15.049
E07000072,Epping Forest,2007,122.877,338.9842,568.219,340.854,32.349,141.534,36.903,100.069,88.648,-15.558
E07000072,Epping Forest,2008,123.365,338.9842,551.402,343.289,29.000,133.739,33.407,95.760,92.021,-16.680
E07000072,Epping Forest,2009,123.82,338.9842,550.029,314.396,26.798,120.336,30.380,92.470,77.166,-16.485
E07000072,Epping Forest,2010,124.189,338.9842,523.012,339.347,29.096,129.531,32.759,95.481,66.790,-16.634
E07000072,Epping Forest,2011,124.88,338.9842,518.772,299.497,27.676,112.078,28.661,86.920,73.362,-17.119
E07000072,Epping Forest,2012,126.599,338.9842,514.416,322.514,28.443,115.689,28.921,88.519,72.392,-16.508
E07000072,Epping Forest,2013,128.068,338.9842,510.762,315.580,28.471,106.735,27.031,84.654,66.293,-17.454
E07000072,Epping Forest,2014,130.04,338.9842,527.747,265.720,25.922,93.366,23.303,77.087,67.116,-17.516
E07000072,Epping Forest,2015,130.848,338.9842,542.988,258.149,23.894,83.219,21.155,81.002,46.895,-18.395
E07000072,Epping Forest,2016,131.587,338.9842,567.855,242.811,20.320,72.804,18.331,77.950,49.793,-17.014
E07000072,Epping Forest,2017,132.376,338.9842,601.329,227.259,23.381,61.024,18.118,83.792,58.431,-17.754
E07000072,Epping Forest,2018,133.373,338.9842,590.862,224.161,23.982,68.937,16.666,91.457,64.352,-17.301
E07000072,Epping Forest,2019,134.206,338.9842,565.775,214.619,24.133,65.112,15.136,89.065,91.556,-17.749
E07000072,Epping Forest,2020,134.569,338.9842,503.406,213.008,20.960,56.682,14.432,91.359,101.673,-17.820
E07000072,Epping Forest,2021,134.941,338.9842,517.682,216.286,23.860,61.618,14.978,76.467,87.797,-17.031
E07000072,Epping Forest,2022,134.889,338.9842,542.252,186.918,24.094,56.712,13.785,67.936,83.998,-16.506
E07000072,Epping Forest,2023,136.176,338.9842,550.052,171.693,20.762,49.465,12.594,91.194,77.221,-17.748
E07000072,Epping Forest,2024,137.451,338.9842,530.724,176.158,21.795,48.014,12.635,86.716,92.563,-17.622
E07000073,Harlow,2005,78.354,30.5379,137.918,189.270,188.265,166.894,31.671,3.410,62.206,0.592
E07000073,Harlow,2006,78.722,30.5379,136.099,187.462,189.578,162.211,31.146,3.155,60.876,0.524
E07000073,Harlow,2007,79.165,30.5379,138.047,181.296,183.746,149.495,29.049,4.151,45.290,0.476
E07000073,Harlow,2008,79.913,30.5379,132.711,181.439,180.779,148.005,28.361,4.260,47.813,0.411
E07000073,Harlow,2009,80.71,30.5379,129.434,163.754,158.522,130.042,24.500,3.846,68.681,0.307
E07000073,Harlow,2010,81.49,30.5379,124.166,175.077,164.954,133.695,24.963,4.948,52.540,0.260
E07000073,Harlow,2011,82.177,30.5379,122.804,153.929,153.780,108.731,20.818,4.306,55.776,0.156
E07000073,Harlow,2012,83.478,30.5379,120.516,164.052,153.542,112.897,21.555,4.383,51.621,0.140
E07000073,Harlow,2013,84.743,30.5379,116.593,160.627,159.550,103.274,19.635,3.469,42.597,0.091
E07000073,Harlow,2014,86.531,30.5379,118.036,135.131,117.927,88.432,16.791,3.393,57.762,0.029
E07000073,Harlow,2015,87.797,30.5379,118.438,131.090,100.534,123.090,19.978,3.812,63.286,-0.087
E07000073,Harlow,2016,88.913,30.5379,121.390,123.855,93.838,73.439,17.485,3.572,47.209,-0.061
E07000073,Harlow,2017,89.824,30.5379,127.976,115.975,95.474,38.869,16.475,3.508,58.991,-0.105
E07000073,Harlow,2018,90.695,30.5379,123.749,115.322,92.973,68.205,14.934,2.992,121.407,-0.101
E07000073,Harlow,2019,91.952,30.5379,113.770,111.362,100.223,47.318,14.517,2.975,147.313,-0.159
E07000073,Harlow,2020,92.415,30.5379,95.086,110.777,93.609,37.475,15.170,2.940,152.260,-0.119
E07000073,Harlow,2021,93.428,30.5379,101.900,113.563,104.643,49.276,16.914,3.686,68.580,-0.097
E07000073,Harlow,2022,94.447,30.5379,103.186,98.616,107.553,43.184,14.970,4.096,46.085,-0.062
E07000073,Harlow,2023,96.429,30.5379,105.702,90.433,95.070,38.031,13.739,3.450,48.235,-0.141
E07000073,Harlow,2024,98.235,30.5379,105.311,91.995,85.194,39.004,13.457,3.593,59.930,-0.146
E07000074,Maldon,2005,60.662,428.0597,96.258,167.926,102.028,76.022,11.867,64.929,50.981,0.978
E07000074,Maldon,2006,60.993,428.0597,95.809,169.301,88.362,74.055,10.298,61.318,49.794,1.331
E07000074,Maldon,2007,61.398,428.0597,98.741,163.738,80.074,58.890,8.687,59.950,37.506,0.646
E07000074,Maldon,2008,61.66,428.0597,96.311,164.060,67.959,59.084,8.470,63.182,39.073,-0.331
E07000074,Maldon,2009,61.815,428.0597,92.278,151.040,61.564,53.645,7.723,59.210,24.154,0.633
E07000074,Maldon,2010,61.845,428.0597,90.029,163.443,67.736,57.929,8.681,58.403,23.238,0.548
E07000074,Maldon,2011,61.72,428.0597,85.314,143.561,68.992,51.094,7.494,55.586,27.757,0.221
E07000074,Maldon,2012,61.942,428.0597,83.996,153.345,61.944,56.812,8.304,58.914,26.266,0.842
E07000074,Maldon,2013,62.184,428.0597,83.500,148.172,61.102,50.807,7.945,56.098,24.554,0.177
E07000074,Maldon,2014,62.807,428.0597,85.924,127.199,62.134,41.750,5.979,55.479,20.154,0.110
E07000074,Maldon,2015,62.796,428.0597,86.510,122.334,58.559,33.979,4.952,59.581,13.199,-0.828
E07000074,Maldon,2016,63.319,428.0597,91.108,114.440,48.829,27.419,4.080,58.282,13.482,0.595
E07000074,Maldon,2017,63.743,428.0597,94.131,107.954,64.890,23.666,4.005,58.083,16.262,0.308
E07000074,Maldon,2018,64.015,428.0597,92.363,106.301,64.633,25.889,3.876,54.415,20.924,0.071
E07000074,Maldon,2019,64.481,428.0597,90.476,101.608,72.722,17.024,3.649,57.454,33.758,-0.258
E07000074,Maldon,2020,65.09,428.0597,75.779,102.314,70.102,17.212,3.394,52.754,39.868,0.363
E07000074,Maldon,2021,66.611,428.0597,88.801,102.460,70.958,18.397,3.978,55.726,34.768,0.700
E07000074,Maldon,2022,67.624,428.0597,87.639,86.680,46.556,18.478,3.693,51.701,48.003,0.933
E07000074,Maldon,2023,68.4,428.0597,85.763,81.837,36.057,16.170,3.425,53.113,63.907,0.280
E07000074,Maldon,2024,69.131,428.0597,84.660,84.416,31.406,16.882,3.431,53.026,43.809,0.300
E07000075,Rochford,2005,80.815,263.063,128.449,220.814,34.662,63.217,18.584,21.341,69.785,2.237
E07000075,Rochford,2006,81.49,263.063,125.435,220.031,33.591,62.918,17.542,21.296,68.046,2.662
E07000075,Rochford,2007,82.264,263.063,128.398,212.003,32.049,59.617,16.999,20.878,52.076,2.106
E07000075,Rochford,2008,83.056,263.063,125.667,212.624,30.506,60.064,15.925,22.806,54.742,1.837
E07000075,Rochford,2009,83.094,263.063,122.314,192.683,27.178,51.628,13.947,21.394,49.384,1.945
E07000075,Rochford,2010,83.415,263.063,117.995,208.169,29.283,54.363,14.902,21.540,40.511,1.915
E07000075,Rochford,2011,83.333,263.063,114.924,180.674,27.783,49.167,14.046,20.052,47.063,1.726
E07000075,Rochford,2012,83.582,263.063,113.930,196.185,30.010,54.887,14.805,21.289,46.782,1.852
E07000075,Rochford,2013,83.372,263.063,112.420,190.838,28.841,49.492,13.699,18.682,54.033,1.798
E07000075,Rochford,2014,84.111,263.063,114.087,160.413,25.247,42.034,11.683,17.389,48.724,1.842
E07000075,Rochford,2015,84.291,263.063,113.165,156.924,22.282,35.061,9.989,19.123,36.956,1.352
E07000075,Rochford,2016,84.568,263.063,116.334,147.044,18.879,28.721,8.299,19.206,29.886,2.008
E07000075,Rochford,2017,84.672,263.063,120.790,139.318,20.118,22.555,9.295,20.124,32.997,1.777
E07000075,Rochford,2018,85.129,263.063,116.874,136.634,16.378,26.673,7.848,17.065,40.889,1.728
E07000075,Rochford,2019,85.29,263.063,112.436,130.165,15.969,24.717,6.569,17.185,46.886,1.624
E07000075,Rochford,2020,85.213,263.063,89.470,130.487,14.070,21.873,6.178,16.339,53.331,1.826
E07000075,Rochford,2021,86.181,263.063,97.162,131.998,15.937,24.330,6.739,14.924,50.041,1.974
E07000075,Rochford,2022,87.272,263.063,97.965,111.537,16.295,21.344,5.858,13.872,46.308,2.147
E07000075,Rochford,2023,88.56,263.063,99.017,102.886,14.331,18.357,5.395,16.603,43.056,1.883
E07000075,Rochford,2024,89.815,263.063,99.221,105.916,12.251,16.274,5.866,16.427,55.476,1.925
E07000076,Tendring,2005,140.325,366.1574,267.095,379.704,104.659,97.624,29.977,61.918,116.090,2.897
E07000076,Tendring,2006,140.423,366.1574,263.226,374.808,101.363,99.835,29.560,60.241,112.962,3.465
E07000076,Tendring,2007,140.523,366.1574,267.759,360.911,93.294,93.592,27.361,59.116,85.039,2.550
E07000076,Tendring,2008,140.421,366.1574,259.365,355.722,92.465,94.115,27.886,63.639,89.364,1.692
E07000076,Tendring,2009,139.593,366.1574,251.252,326.878,92.820,83.672,25.580,61.893,64.397,2.454
E07000076,Tendring,2010,139.058,366.1574,246.773,352.965,100.640,87.854,27.310,61.644,52.667,2.376
E07000076,Tendring,2011,138.062,366.1574,238.275,306.192,92.786,78.139,24.178,57.241,60.646,1.938
E07000076,Tendring,2012,138.278,366.1574,234.682,327.434,108.560,87.775,27.256,62.378,58.801,2.392
E07000076,Tendring,2013,138.862,366.1574,231.453,316.102,115.986,82.076,26.400,60.165,52.543,1.871
E07000076,Tendring,2014,140.275,366.1574,237.755,267.893,96.409,71.447,22.703,57.426,39.593,1.976
E07000076,Tendring,2015,141.531,366.1574,238.770,261.367,86.200,62.317,20.341,61.999,27.529,1.200
E07000076,Tendring,2016,143.023,366.1574,248.095,245.000,77.266,52.261,17.772,61.519,29.356,2.194
E07000076,Tendring,2017,144.323,366.1574,260.679,233.706,71.793,41.877,16.720,59.301,35.651,2.119
E07000076,Tendring,2018,145.128,366.1574,253.926,229.508,69.509,49.508,15.775,54.829,43.606,2.193
E07000076,Tendring,2019,145.696,366.1574,249.486,216.932,60.529,49.492,13.712,50.549,73.356,1.782
E07000076,Tendring,2020,146.255,366.1574,206.568,219.371,62.807,42.755,12.721,48.266,86.064,2.132
E07000076,Tendring,2021,148.925,366.1574,232.262,222.198,63.668,46.858,13.228,46.822,71.815,2.480
E07000076,Tendring,2022,151.53,366.1574,231.547,187.838,47.742,46.523,14.087,43.787,68.788,2.794
E07000076,Tendring,2023,154.321,366.1574,229.782,174.866,47.304,36.481,11.358,45.331,62.959,2.134
E07000076,Tendring,2024,156.759,366.1574,228.512,178.869,35.123,38.429,10.581,46.715,81.118,2.228
E07000077,Uttlesford,2005,71.58,641.1829,458.488,210.149,60.674,115.963,31.826,95.261,62.582,-5.403
E07000077,Uttlesford,2006,72.929,641.1829,467.387,216.110,61.816,123.105,32.888,95.959,61.404,-4.858
E07000077,Uttlesford,2007,74.232,641.1829,491.732,208.612,63.202,112.928,29.944,97.782,47.493,-5.854
E07000077,Uttlesford,2008,75.505,641.1829,459.547,211.144,54.319,114.255,29.326,109.632,50.021,-7.521
E07000077,Uttlesford,2009,76.778,641.1829,441.371,196.647,47.438,100.841,25.638,105.118,44.081,-4.724
E07000077,Uttlesford,2010,78.62,641.1829,444.197,214.789,51.605,105.398,27.087,107.351,41.187,-4.858
E07000077,Uttlesford,2011,80.032,641.1829,440.233,191.573,48.649,95.412,24.468,103.012,38.435,-5.354
E07000077,Uttlesford,2012,81.148,641.1829,422.153,204.631,49.405,100.154,25.333,113.252,36.765,-4.412
E07000077,Uttlesford,2013,82.364,641.1829,422.236,201.994,46.329,94.036,24.586,108.188,35.069,-5.381
E07000077,Uttlesford,2014,83.732,641.1829,443.845,174.601,40.962,81.914,20.356,107.765,29.925,-5.592
E07000077,Uttlesford,2015,84.622,641.1829,457.402,169.999,39.961,71.031,18.666,115.795,43.965,-6.571
E07000077,Uttlesford,2016,85.565,641.1829,475.061,161.712,37.207,60.923,15.590,108.086,39.478,-4.328
E07000077,Uttlesford,2017,86.511,641.1829,498.574,153.041,37.460,51.603,15.112,105.213,41.312,-4.609
E07000077,Uttlesford,2018,87.711,641.1829,503.261,152.469,32.916,59.669,15.139,92.590,43.646,-4.745
E07000077,Uttlesford,2019,89.361,641.1829,485.516,146.217,32.713,54.118,13.669,99.808,61.252,-4.912
E07000077,Uttlesford,2020,90.482,641.1829,366.401,146.156,33.614,44.057,12.040,93.322,64.098,-4.335
E07000077,Uttlesford,2021,91.921,641.1829,406.285,147.995,34.148,46.342,12.826,98.459,55.966,-3.388
E07000077,Uttlesford,2022,92.65,641.1829,452.957,127.067,29.555,41.938,13.929,90.598,64.077,-2.927
E07000077,Uttlesford,2023,93.91,641.1829,448.331,119.830,30.415,37.184,12.154,91.188,103.015,-4.673
E07000077,Uttlesford,2024,95.106,641.1829,466.866,124.159,22.392,38.760,10.676,93.916,87.632,-4.591
E07000078,Cheltenham,2005,110.948,46.5961,125.906,278.620,82.737,114.902,108.905,9.104,63.370,1.103
E07000078,Cheltenham,2006,111.637,46.5961,124.122,280.016,81.849,120.584,113.521,9.524,61.954,1.018
E07000078,Cheltenham,2007,112.511,46.5961,125.698,273.894,81.676,114.518,108.452,9.397,66.688,0.822
E07000078,Cheltenham,2008,112.971,46.5961,121.961,274.266,74.395,120.625,112.919,9.170,66.094,0.654
E07000078,Cheltenham,2009,113.967,46.5961,117.931,245.591,63.520,97.745,90.494,9.003,87.348,0.484
E07000078,Cheltenham,2010,114.901,46.5961,116.716,262.768,71.530,102.984,95.846,8.833,59.738,0.427
E07000078,Cheltenham,2011,115.645,46.5961,111.716,230.565,77.802,104.861,98.777,8.190,49.116,0.258
E07000078,Cheltenham,2012,116.018,46.5961,110.789,248.388,69.903,105.630,100.266,8.267,51.459,0.141
E07000078,Cheltenham,2013,116.164,46.5961,108.030,242.305,69.724,100.533,95.269,8.121,47.763,0.040
E07000078,Cheltenham,2014,117.094,46.5961,107.619,205.250,70.184,88.764,82.646,8.200,51.837,0.065
E07000078,Cheltenham,2015,117.693,46.5961,107.007,200.122,64.647,77.351,71.034,8.245,58.583,-0.016
E07000078,Cheltenham,2016,118.953,46.5961,108.861,189.376,54.743,65.679,60.386,7.931,54.135,-0.019
E07000078,Cheltenham,2017,119.303,46.5961,105.960,178.406,39.139,55.881,57.033,8.598,59.607,-0.047
E07000078,Cheltenham,2018,119.6,46.5961,103.478,174.726,37.557,63.184,51.755,7.013,62.915,0.044
E07000078,Cheltenham,2019,119.459,46.5961,99.253,168.419,32.997,52.922,51.699,6.521,52.589,0.011
E07000078,Cheltenham,2020,118.924,46.5961,79.445,164.842,29.019,44.041,48.777,5.887,28.588,0.057
E07000078,Cheltenham,2021,118.838,46.5961,94.788,166.188,30.682,51.350,53.083,5.138,24.818,0.099
E07000078,Cheltenham,2022,119.617,46.5961,94.272,143.459,29.321,48.366,47.216,4.857,28.580,0.205
E07000078,Cheltenham,2023,120.859,46.5961,92.811,132.451,24.180,42.161,41.617,4.337,18.943,0.120
E07000078,Cheltenham,2024,121.739,46.5961,91.937,133.853,21.090,37.808,38.053,4.065,18.835,0.149
E07000079,Cotswold,2005,82.205,1164.5242,297.015,262.251,97.931,85.432,26.440,253.092,50.064,-62.927
E07000079,Cotswold,2006,82.597,1164.5242,294.646,263.912,88.279,90.925,27.079,245.038,49.216,-62.774
E07000079,Cotswold,2007,83.202,1164.5242,298.829,256.016,85.480,91.205,26.625,248.119,52.923,-65.978
E07000079,Cotswold,2008,83.016,1164.5242,289.296,255.873,74.233,86.180,24.523,253.918,52.317,-69.813
E07000079,Cotswold,2009,82.765,1164.5242,280.633,234.228,68.942,77.753,21.922,248.352,42.922,-68.638
E07000079,Cotswold,2010,82.614,1164.5242,278.205,252.088,71.353,79.425,22.973,245.317,31.816,-69.238
E07000079,Cotswold,2011,83.18,1164.5242,274.946,224.277,73.664,76.591,22.686,240.684,28.783,-70.866
E07000079,Cotswold,2012,83.483,1164.5242,276.445,242.240,68.203,79.137,23.024,242.939,30.054,-67.650
E07000079,Cotswold,2013,83.986,1164.5242,276.820,234.379,73.679,74.152,21.983,235.504,30.619,-71.305
E07000079,Cotswold,2014,84.656,1164.5242,283.530,202.356,68.473,66.257,19.381,225.702,32.655,-71.031
E07000079,Cotswold,2015,85.293,1164.5242,289.681,196.033,60.039,59.251,17.521,240.152,32.224,-74.671
E07000079,Cotswold,2016,85.994,1164.5242,305.542,185.545,54.847,49.932,15.063,231.054,29.819,-69.259
E07000079,Cotswold,2017,87.54,1164.5242,313.713,174.325,57.496,42.544,16.288,232.145,32.864,-71.045
E07000079,Cotswold,2018,88.814,1164.5242,308.354,171.588,49.587,49.625,13.950,211.108,32.280,-71.136
E07000079,Cotswold,2019,89.632,1164.5242,304.986,164.951,36.382,48.634,11.144,214.107,25.526,-72.375
E07000079,Cotswold,2020,89.824,1164.5242,248.402,161.215,39.250,40.930,9.894,208.209,15.267,-72.347
E07000079,Cotswold,2021,91.076,1164.5242,275.155,163.189,41.231,48.202,10.830,202.527,16.985,-69.616
E07000079,Cotswold,2022,91.368,1164.5242,274.909,140.360,40.534,44.160,10.013,191.710,18.170,-67.701
E07000079,Cotswold,2023,91.511,1164.5242,273.867,131.595,36.555,38.964,9.064,197.133,19.158,-71.799
E07000079,Cotswold,2024,91.661,1164.5242,273.213,133.369,32.751,39.371,9.052,194.893,19.553,-71.229
E07000080,Forest of Dean,2005,81.482,561.4324,196.951,221.328,126.440,77.299,16.210,180.554,51.901,-99.513
E07000080,Forest of Dean,2006,81.733,561.4324,194.884,221.216,126.947,81.387,16.428,183.201,51.042,-101.431
E07000080,Forest of Dean,2007,82.004,561.4324,198.654,213.033,120.880,80.127,16.050,174.919,54.481,-102.479
E07000080,Forest of Dean,2008,82.099,561.4324,193.265,212.581,115.813,79.537,15.601,174.828,53.726,-105.095
E07000080,Forest of Dean,2009,81.994,561.4324,186.682,194.905,96.492,67.077,12.859,169.034,54.195,-105.641
E07000080,Forest of Dean,2010,81.896,561.4324,184.988,209.830,121.667,69.195,14.323,173.588,41.282,-105.729
E07000080,Forest of Dean,2011,82.2,561.4324,180.156,185.053,110.857,65.085,13.383,168.556,35.778,-106.635
E07000080,Forest of Dean,2012,82.437,561.4324,176.937,197.310,120.760,67.507,14.161,170.584,37.730,-101.365
E07000080,Forest of Dean,2013,82.672,561.4324,177.628,192.080,109.909,64.416,13.022,172.592,35.895,-105.665
E07000080,Forest of Dean,2014,83.377,561.4324,182.374,165.650,93.600,54.850,11.150,171.764,33.935,-104.861
E07000080,Forest of Dean,2015,84.335,561.4324,183.404,159.648,86.317,46.320,9.441,171.644,37.121,-106.585
E07000080,Forest of Dean,2016,85.135,561.4324,189.703,149.874,78.521,38.895,7.565,168.494,33.521,-102.929
E07000080,Forest of Dean,2017,85.557,561.4324,193.816,140.824,114.478,21.703,10.336,174.828,34.893,-106.291
E07000080,Forest of Dean,2018,86.133,561.4324,187.934,138.175,98.449,40.753,8.147,167.834,35.509,-104.887
E07000080,Forest of Dean,2019,86.274,561.4324,184.412,133.334,97.019,24.880,8.036,172.338,29.248,-105.567
E07000080,Forest of Dean,2020,86.454,561.4324,148.552,131.267,82.449,18.738,6.962,165.622,18.053,-107.131
E07000080,Forest of Dean,2021,87.114,561.4324,174.948,131.027,101.372,23.782,7.998,166.592,18.630,-103.572
E07000080,Forest of Dean,2022,87.931,561.4324,172.028,111.096,83.061,28.159,6.026,155.553,19.302,-100.741
E07000080,Forest of Dean,2023,89.05,561.4324,169.272,106.078,71.125,27.144,5.626,160.241,19.512,-103.966
E07000080,Forest of Dean,2024,89.753,561.4324,168.505,107.645,69.161,23.994,6.330,159.377,19.937,-102.575
E07000081,Gloucester,2005,113.876,40.8266,155.106,268.484,99.644,171.290,53.043,7.244,75.351,2.948
E07000081,Gloucester,2006,115.296,40.8266,151.875,271.999,99.581,176.482,51.670,5.124,74.049,2.774
E07000081,Gloucester,2007,117.225,40.8266,152.844,265.569,97.639,168.144,48.994,5.410,79.841,2.546
E07000081,Gloucester,2008,118.394,40.8266,149.354,261.742,92.534,170.407,49.231,4.907,79.485,2.384
E07000081,Gloucester,2009,119.348,40.8266,144.871,237.424,82.721,148.040,44.003,4.830,110.950,2.076
E07000081,Gloucester,2010,120.66,40.8266,142.651,255.290,89.486,152.612,47.163,4.630,67.624,1.969
E07000081,Gloucester,2011,121.921,40.8266,137.060,222.745,84.826,145.183,43.276,4.378,69.199,1.853
E07000081,Gloucester,2012,123.467,40.8266,134.259,243.143,91.528,162.832,48.494,4.506,74.319,1.757
E07000081,Gloucester,2013,124.947,40.8266,131.793,238.280,88.936,152.556,46.845,5.056,73.247,1.589
E07000081,Gloucester,2014,126.167,40.8266,132.682,201.800,75.441,124.485,39.133,4.791,67.557,1.585
E07000081,Gloucester,2015,128.032,40.8266,130.363,195.655,74.292,107.908,36.976,5.107,72.125,1.412
E07000081,Gloucester,2016,129.716,40.8266,132.136,184.510,93.885,87.446,29.246,4.944,61.902,1.482
E07000081,Gloucester,2017,130.898,40.8266,131.053,173.270,76.079,74.010,35.339,5.507,65.215,1.405
E07000081,Gloucester,2018,131.32,40.8266,128.806,170.032,69.069,90.348,31.496,4.972,75.009,1.496
E07000081,Gloucester,2019,131.776,40.8266,124.766,165.661,92.997,83.567,26.865,4.463,60.395,1.547
E07000081,Gloucester,2020,132.112,40.8266,100.334,161.232,69.069,74.173,26.453,4.326,29.663,1.503
E07000081,Gloucester,2021,132.564,40.8266,118.938,164.253,68.839,87.176,32.256,4.973,40.365,1.540
E07000081,Gloucester,2022,133.69,40.8266,118.282,141.916,60.937,70.727,25.904,4.910,42.553,1.691
E07000081,Gloucester,2023,136.302,40.8266,116.445,131.029,64.926,58.468,23.968,4.705,49.720,1.667
E07000081,Gloucester,2024,138.598,40.8266,117.318,131.653,62.931,48.105,27.986,4.797,49.150,1.734
E07000082,Stroud,2005,110.122,476.173,410.928,303.158,166.666,69.980,25.486,173.342,71.046,-41.155
E07000082,Stroud,2006,110.509,476.173,427.894,302.082,174.018,77.825,25.838,170.062,70.311,-42.145
E07000082,Stroud,2007,111.069,476.173,426.397,295.208,167.388,74.560,24.552,171.675,74.858,-43.708
E07000082,Stroud,2008,111.375,476.173,433.966,293.574,160.983,75.130,23.643,170.351,73.613,-45.413
E07000082,Stroud,2009,111.853,476.173,417.411,267.316,138.802,64.518,20.478,165.755,71.575,-46.180
E07000082,Stroud,2010,112.491,476.173,403.001,287.177,151.667,67.321,22.037,168.902,54.503,-46.423
E07000082,Stroud,2011,113.074,476.173,392.169,251.905,148.944,65.492,21.530,164.248,50.586,-47.636
E07000082,Stroud,2012,113.328,476.173,386.280,271.912,153.909,68.620,22.293,164.863,50.669,-46.967
E07000082,Stroud,2013,113.895,476.173,383.266,265.992,153.121,65.411,21.944,160.508,48.656,-48.789
E07000082,Stroud,2014,115.211,476.173,377.262,227.460,134.965,57.118,19.537,158.737,50.104,-48.263
E07000082,Stroud,2015,116.77,476.173,402.837,221.240,120.865,49.199,16.656,157.282,53.052,-49.993
E07000082,Stroud,2016,117.213,476.173,401.006,208.480,106.741,41.677,15.213,149.807,43.540,-47.941
E07000082,Stroud,2017,117.613,476.173,404.427,196.372,103.096,32.581,13.383,150.359,39.414,-49.232
E07000082,Stroud,2018,118.172,476.173,400.361,195.098,99.245,42.386,16.478,141.700,38.942,-48.754
E07000082,Stroud,2019,118.832,476.173,396.428,187.645,84.363,38.191,20.517,142.367,31.982,-49.358
E07000082,Stroud,2020,119.511,476.173,329.600,183.972,72.365,33.351,21.223,149.392,18.013,-49.936
E07000082,Stroud,2021,121.493,476.173,380.597,185.761,80.367,37.509,31.837,143.942,18.031,-48.679
E07000082,Stroud,2022,123.282,476.173,379.388,159.359,75.025,33.982,26.325,137.151,25.089,-47.706
E07000082,Stroud,2023,124.456,476.173,374.866,149.525,68.252,30.097,22.502,136.791,24.419,-49.701
E07000082,Stroud,2024,125.68,476.173,376.523,151.493,65.215,28.691,22.874,134.532,24.917,-49.458
E07000083,Tewkesbury,2005,78.275,414.976,388.551,206.240,170.555,98.915,21.250,131.309,64.959,-16.471
E07000083,Tewkesbury,2006,78.93,414.976,390.348,208.986,181.422,119.122,23.126,133.250,64.772,-17.056
E07000083,Tewkesbury,2007,79.404,414.976,403.469,203.183,170.225,105.696,20.993,129.534,68.635,-18.432
E07000083,Tewkesbury,2008,79.755,414.976,398.869,202.608,149.379,97.509,18.987,127.966,68.081,-19.959
E07000083,Tewkesbury,2009,80.553,414.976,381.231,183.022,132.600,87.144,16.611,123.343,80.897,-19.779
E07000083,Tewkesbury,2010,81.535,414.976,376.059,197.479,148.888,94.391,18.000,122.386,62.548,-20.111
E07000083,Tewkesbury,2011,82.269,414.976,376.001,172.051,140.390,85.793,16.342,117.424,56.898,-20.816
E07000083,Tewkesbury,2012,82.568,414.976,365.262,187.356,138.770,91.166,17.092,120.166,63.058,-20.400
E07000083,Tewkesbury,2013,83.549,414.976,367.715,183.342,141.921,88.517,16.779,119.330,62.159,-21.371
E07000083,Tewkesbury,2014,84.826,414.976,365.832,157.229,130.349,78.058,14.806,116.907,62.225,-21.476
E07000083,Tewkesbury,2015,85.548,414.976,386.113,154.002,125.883,67.841,12.787,120.020,59.766,-22.750
E07000083,Tewkesbury,2016,87.065,414.976,397.092,147.814,107.789,53.935,10.564,118.166,109.158,-21.076
E07000083,Tewkesbury,2017,88.801,414.976,396.973,140.467,79.744,46.341,10.639,123.648,59.559,-21.827
E07000083,Tewkesbury,2018,90.614,414.976,391.796,139.910,76.580,64.686,9.694,117.196,56.966,-22.014
E07000083,Tewkesbury,2019,92.703,414.976,392.907,134.697,69.228,55.124,8.961,111.218,47.496,-22.579
E07000083,Tewkesbury,2020,93.747,414.976,306.868,133.070,63.306,49.288,8.191,108.602,38.726,-22.700
E07000083,Tewkesbury,2021,95.4,414.976,352.116,135.477,69.039,58.192,10.025,111.158,36.864,-22.036
E07000083,Tewkesbury,2022,97.05,414.976,357.642,118.124,68.912,40.284,19.419,108.188,39.419,-21.482
E07000083,Tewkesbury,2023,99.546,414.976,355.844,111.074,49.886,39.218,22.134,108.319,38.928,-22.650
E07000083,Tewkesbury,2024,101.949,414.976,356.950,112.825,50.821,33.459,29.922,104.412,44.783,-22.504
E07000084,Basingstoke and Deane,2005,157.499,633.8173,557.457,408.670,194.046,255.571,44.632,110.845,89.568,-39.966
E07000084,Basingstoke and Deane,2006,158.765,633.8173,562.547,419.040,174.221,260.928,40.673,106.694,89.190,-40.706
E07000084,Basingstoke and Deane,2007,160.183,633.8173,559.591,406.234,170.446,254.880,39.391,107.838,70.840,-42.059
E07000084,Basingstoke and Deane,2008,162.036,633.8173,547.992,410.264,167.551,266.257,39.315,113.795,63.319,-44.685
E07000084,Basingstoke and Deane,2009,164.135,633.8173,524.434,376.940,151.477,238.509,35.444,106.945,62.564,-44.032
E07000084,Basingstoke and Deane,2010,166.364,633.8173,524.679,406.006,161.830,241.829,37.019,105.746,65.360,-44.319
E07000084,Basingstoke and Deane,2011,168.55,633.8173,511.509,362.056,146.846,233.618,33.342,101.954,69.776,-45.393
E07000084,Basingstoke and Deane,2012,171.272,633.8173,503.375,386.898,150.667,234.938,34.980,106.079,73.370,-43.546
E07000084,Basingstoke and Deane,2013,173.3,633.8173,496.966,378.499,145.249,213.888,33.301,105.107,66.300,-46.066
E07000084,Basingstoke and Deane,2014,175.144,633.8173,509.319,324.341,128.540,187.398,29.380,98.690,59.075,-45.700
E07000084,Basingstoke and Deane,2015,176.838,633.8173,516.486,311.599,118.622,160.427,26.024,103.284,61.530,-47.649
E07000084,Basingstoke and Deane,2016,178.352,633.8173,533.562,295.506,113.030,130.357,21.551,103.638,80.965,-44.645
E07000084,Basingstoke and Deane,2017,179.083,633.8173,533.160,277.440,99.703,100.558,20.840,105.013,90.371,-46.436
E07000084,Basingstoke and Deane,2018,179.828,633.8173,525.929,274.609,104.744,116.396,20.486,97.048,85.852,-46.186
E07000084,Basingstoke and Deane,2019,181.396,633.8173,506.316,264.178,106.617,99.933,19.425,102.134,59.832,-46.846
E07000084,Basingstoke and Deane,2020,183.125,633.8173,410.080,262.212,95.005,85.740,18.567,93.728,53.383,-47.480
E07000084,Basingstoke and Deane,2021,185.713,633.8173,443.808,265.487,99.434,94.793,20.337,89.415,53.834,-45.393
E07000084,Basingstoke and Deane,2022,188.047,633.8173,446.909,228.378,73.331,83.361,16.612,80.148,57.446,-43.952
E07000084,Basingstoke and Deane,2023,191.048,633.8173,441.486,213.295,45.854,77.810,16.522,87.352,55.081,-46.655
E07000084,Basingstoke and Deane,2024,193.11,633.8173,445.410,218.870,43.080,71.945,15.901,86.906,54.103,-46.128
E07000085,East Hampshire,2005,110.482,514.4322,342.253,321.221,70.167,101.725,45.297,100.828,49.413,-61.382
E07000085,East Hampshire,2006,111.131,514.4322,332.462,322.484,66.526,102.954,44.256,93.179,48.812,-62.938
E07000085,East Hampshire,2007,112.296,514.4322,335.700,310.080,65.264,99.978,42.396,96.792,39.987,-64.165
E07000085,East Hampshire,2008,113.172,514.4322,325.738,315.044,63.021,102.110,42.993,98.796,39.500,-66.753
E07000085,East Hampshire,2009,114.261,514.4322,313.519,288.110,56.854,93.674,38.718,92.798,22.640,-66.645
E07000085,East Hampshire,2010,115.35,514.4322,311.706,310.302,61.200,92.550,40.273,91.875,24.218,-66.812
E07000085,East Hampshire,2011,116.01,514.4322,307.450,274.755,59.203,85.238,35.957,86.515,24.267,-68.178
E07000085,East Hampshire,2012,116.541,514.4322,310.516,294.949,57.963,91.405,38.893,87.094,25.314,-65.813
E07000085,East Hampshire,2013,117.343,514.4322,313.079,287.704,56.422,84.480,37.468,85.702,22.033,-68.600
E07000085,East Hampshire,2014,118.015,514.4322,321.862,247.613,48.799,70.552,29.080,81.747,24.500,-68.444
E07000085,East Hampshire,2015,118.76,514.4322,326.639,238.542,41.074,59.329,24.630,84.308,33.675,-70.398
E07000085,East Hampshire,2016,118.817,514.4322,340.870,226.116,37.444,49.707,18.465,78.991,32.360,-67.474
E07000085,East Hampshire,2017,119.451,514.4322,341.138,213.478,38.769,43.924,17.362,81.015,27.118,-69.627
E07000085,East Hampshire,2018,120.647,514.4322,332.534,211.176,37.117,47.667,17.742,72.486,24.554,-69.274
E07000085,East Hampshire,2019,122.154,514.4322,321.755,201.740,34.225,40.218,15.773,74.217,17.580,-69.655
E07000085,East Hampshire,2020,123.725,514.4322,265.972,200.045,29.210,34.590,14.453,70.894,14.938,-70.569
E07000085,East Hampshire,2021,126.192,514.4322,280.965,202.684,30.554,37.823,15.959,72.907,16.842,-68.110
E07000085,East Hampshire,2022,127.387,514.4322,277.778,173.704,30.780,34.663,14.377,68.286,19.788,-66.241
E07000085,East Hampshire,2023,128.945,514.4322,279.659,162.287,27.247,29.705,13.256,67.282,26.921,-68.934
E07000085,East Hampshire,2024,129.975,514.4322,277.029,166.197,23.292,30.549,12.007,67.707,25.905,-68.130
E07000086,Eastleigh,2005,118.089,85.2798,309.555,291.166,119.268,131.007,35.152,14.963,52.483,3.211
E07000086,Eastleigh,2006,119.436,85.2798,302.114,291.168,117.626,131.802,32.345,14.176,51.942,2.824
E07000086,Eastleigh,2007,120.596,85.2798,304.433,280.025,116.187,126.054,30.175,15.049,42.362,2.516
E07000086,Eastleigh,2008,121.312,85.2798,285.302,280.404,108.859,128.695,30.264,14.970,41.350,2.185
E07000086,Eastleigh,2009,122.377,85.2798,284.309,255.664,94.793,112.525,26.371,14.221,22.429,1.891
E07000086,Eastleigh,2010,124.24,85.2798,286.954,272.524,102.355,115.657,27.977,14.720,19.552,1.822
E07000086,Eastleigh,2011,125.852,85.2798,282.905,239.874,97.237,106.038,24.761,14.376,22.497,1.596
E07000086,Eastleigh,2012,126.483,85.2798,277.951,259.105,97.001,113.013,26.193,15.022,24.055,1.507
E07000086,Eastleigh,2013,127.248,85.2798,274.495,251.644,94.007,108.267,26.362,13.296,20.599,1.337
E07000086,Eastleigh,2014,128.255,85.2798,276.898,214.528,85.095,94.068,23.042,12.804,21.114,1.301
E07000086,Eastleigh,2015,128.283,85.2798,281.048,204.584,78.190,80.218,20.355,11.539,23.394,1.080
E07000086,Eastleigh,2016,128.808,85.2798,291.080,195.863,70.778,64.703,15.807,10.822,20.535,1.219
E07000086,Eastleigh,2017,129.386,85.2798,291.792,185.130,69.718,55.902,16.341,9.677,21.389,1.015
E07000086,Eastleigh,2018,130.517,85.2798,277.762,183.636,60.440,61.753,15.196,9.349,21.382,1.115
E07000086,Eastleigh,2019,132.175,85.2798,266.750,175.092,54.813,53.898,13.945,9.089,17.433,1.057
E07000086,Eastleigh,2020,134.09,85.2798,216.197,174.662,49.485,53.025,13.851,10.656,15.721,0.980
E07000086,Eastleigh,2021,136.963,85.2798,227.553,177.260,54.314,57.078,14.903,9.320,16.862,1.132
E07000086,Eastleigh,2022,139.124,85.2798,233.030,154.008,47.917,53.117,15.047,6.799,17.999,1.333
E07000086,Eastleigh,2023,140.997,85.2798,232.220,142.521,43.754,43.104,12.679,6.855,20.963,1.102
E07000086,Eastleigh,2024,142.933,85.2798,229.203,143.917,41.487,39.793,11.869,7.325,19.462,1.144
E07000087,Fareham,2005,108.077,77.8967,255.708,269.620,79.288,126.863,46.739,11.487,55.710,0.774
E07000087,Fareham,2006,108.397,77.8967,253.015,268.856,77.731,129.509,45.222,13.114,54.702,0.659
E07000087,Fareham,2007,109.399,77.8967,249.423,256.852,77.472,125.725,42.581,12.223,46.249,0.358
E07000087,Fareham,2008,110.205,77.8967,239.019,260.215,72.996,130.176,43.733,12.091,45.596,0.119
E07000087,Fareham,2009,110.832,77.8967,235.679,235.468,61.572,109.053,37.089,11.070,91.971,-0.067
E07000087,Fareham,2010,111.382,77.8967,230.112,251.625,68.718,114.690,38.982,11.339,82.282,-0.070
E07000087,Fareham,2011,111.931,77.8967,224.550,220.239,61.276,93.249,35.096,10.945,82.489,-0.430
E07000087,Fareham,2012,113.033,77.8967,227.578,239.341,57.280,96.500,36.215,11.436,67.903,-0.492
E07000087,Fareham,2013,113.41,77.8967,220.707,231.577,56.284,90.363,35.015,10.617,91.033,-0.713
E07000087,Fareham,2014,114.156,77.8967,222.359,197.603,52.202,76.107,29.604,9.874,64.680,-0.810
E07000087,Fareham,2015,114.48,77.8967,224.798,189.769,49.870,67.590,27.300,10.427,62.312,-1.069
E07000087,Fareham,2016,115.102,77.8967,227.769,179.414,44.505,56.053,25.194,9.459,48.968,-0.981
E07000087,Fareham,2017,115.232,77.8967,230.259,169.229,41.336,45.708,23.497,9.924,44.642,-1.104
E07000087,Fareham,2018,115.115,77.8967,217.313,164.631,59.669,50.394,23.305,8.427,42.926,-0.977
E07000087,Fareham,2019,114.879,77.8967,209.355,156.673,46.454,44.595,18.048,6.160,29.477,-0.946
E07000087,Fareham,2020,114.777,77.8967,168.558,154.605,38.719,37.514,15.417,5.774,33.007,-0.945
E07000087,Fareham,2021,114.952,77.8967,182.441,154.677,41.205,46.654,17.316,6.161,38.531,-0.809
E07000087,Fareham,2022,114.626,77.8967,185.308,132.910,26.428,49.865,14.384,5.542,38.697,-0.581
E07000087,Fareham,2023,114.776,77.8967,184.944,123.812,23.596,45.026,12.988,5.301,37.769,-0.736
E07000087,Fareham,2024,115.428,77.8967,182.633,123.928,33.850,33.614,12.742,5.239,33.039,-0.651
E07000088,Gosport,2005,78.646,27.6077,89.048,177.442,44.370,68.398,30.887,2.517,30.333,2.137
E07000088,Gosport,2006,79.579,27.6077,85.864,179.377,46.235,69.020,30.262,2.245,29.671,2.018
E07000088,Gosport,2007,80.627,27.6077,85.559,169.859,45.127,65.722,28.620,2.493,23.514,1.843
E07000088,Gosport,2008,81.73,27.6077,80.006,172.111,42.249,65.613,28.538,2.416,23.767,1.726
E07000088,Gosport,2009,81.961,27.6077,77.775,155.896,35.345,53.136,22.719,2.372,9.462,1.634
E07000088,Gosport,2010,82.307,27.6077,75.481,165.270,37.998,53.757,23.219,2.458,8.460,1.609
E07000088,Gosport,2011,82.669,27.6077,73.772,145.333,35.277,48.227,20.625,2.446,9.524,1.510
E07000088,Gosport,2012,83.063,27.6077,72.794,156.225,39.117,52.101,21.904,2.496,11.443,1.432
E07000088,Gosport,2013,83.015,27.6077,71.174,149.173,39.439,52.160,22.867,2.365,8.494,1.306
E07000088,Gosport,2014,83.569,27.6077,71.847,127.244,35.599,43.699,18.848,2.123,9.052,1.274
E07000088,Gosport,2015,83.834,27.6077,71.130,121.786,31.576,38.779,16.659,2.122,9.635,1.154
E07000088,Gosport,2016,84.476,27.6077,73.249,113.452,28.365,34.406,13.145,2.017,7.372,1.171
E07000088,Gosport,2017,84.246,27.6077,72.789,106.496,27.991,25.802,15.430,2.083,8.301,1.166
E07000088,Gosport,2018,83.7,27.6077,69.990,102.454,18.096,31.398,10.947,2.100,8.279,1.167
E07000088,Gosport,2019,83.022,27.6077,68.001,97.071,18.396,26.643,9.900,1.880,5.610,1.142
E07000088,Gosport,2020,82.588,27.6077,57.683,95.453,15.533,24.317,9.009,1.685,4.426,1.177
E07000088,Gosport,2021,82.169,27.6077,58.258,95.354,15.698,27.488,10.526,2.321,4.916,1.197
E07000088,Gosport,2022,82.39,27.6077,56.171,81.946,14.770,25.723,9.786,2.366,5.488,1.274
E07000088,Gosport,2023,82.742,27.6077,55.037,75.448,13.346,22.913,7.798,1.395,7.265,1.260
E07000088,Gosport,2024,82.921,27.6077,54.147,74.381,12.113,21.274,7.111,1.292,6.330,1.288
E07000089,Hart,2005,87.519,215.265,263.737,247.854,34.893,99.157,30.873,29.100,46.679,-31.959
E07000089,Hart,2006,88.874,215.265,260.722,250.336,34.043,102.789,31.495,28.857,45.909,-32.848
E07000089,Hart,2007,89.866,215.265,264.587,241.395,35.940,99.507,30.221,29.097,38.659,-33.428
E07000089,Hart,2008,90.566,215.265,255.856,244.943,29.468,103.465,31.099,30.600,38.075,-34.484
E07000089,Hart,2009,90.986,215.265,245.930,222.048,25.871,93.718,27.960,29.570,27.825,-34.608
E07000089,Hart,2010,91.276,215.265,239.642,236.947,28.791,95.332,28.914,29.243,27.348,-34.840
E07000089,Hart,2011,91.662,215.265,236.640,209.847,26.213,84.887,25.490,29.624,24.356,-35.095
E07000089,Hart,2012,92.354,215.265,228.692,226.089,25.483,87.708,26.617,31.141,24.427,-33.865
E07000089,Hart,2013,93.015,215.265,226.446,222.080,24.257,83.262,26.252,28.490,27.499,-35.299
E07000089,Hart,2014,93.941,215.265,229.913,189.893,22.654,74.673,23.981,27.708,27.057,-35.091
E07000089,Hart,2015,94.766,215.265,231.574,184.173,23.848,73.108,22.317,28.826,23.362,-35.894
E07000089,Hart,2016,95.56,215.265,240.594,177.707,22.732,63.907,19.126,26.824,23.877,-34.633
E07000089,Hart,2017,96.322,215.265,241.431,165.858,26.505,56.759,22.207,27.573,34.097,-35.616
E07000089,Hart,2018,97.022,215.265,234.689,164.193,21.955,68.487,17.517,23.387,32.031,-35.099
E07000089,Hart,2019,97.727,215.265,234.288,157.839,21.827,65.616,13.390,24.505,24.123,-35.272
E07000089,Hart,2020,98.299,215.265,191.286,156.215,20.540,62.237,12.654,23.168,20.879,-35.654
E07000089,Hart,2021,100.262,215.265,202.491,160.855,21.805,71.280,12.082,24.939,21.979,-34.356
E07000089,Hart,2022,100.975,215.265,202.896,137.850,17.602,67.623,11.678,20.567,23.577,-33.300
E07000089,Hart,2023,102.305,215.265,200.150,126.937,18.275,58.486,10.408,18.754,27.300,-34.524
E07000089,Hart,2024,103.162,215.265,196.193,131.156,13.313,54.027,10.314,20.158,24.463,-34.040
E07000090,Havant,2005,117.542,78.9463,198.313,294.524,81.856,100.504,30.016,6.526,64.857,1.476
E07000090,Havant,2006,117.824,78.9463,194.599,290.286,83.636,104.715,29.477,6.963,64.506,1.226
E07000090,Havant,2007,118.282,78.9463,194.268,275.885,82.869,102.490,29.073,6.251,55.269,1.074
E07000090,Havant,2008,119.039,78.9463,185.056,277.743,75.749,99.191,28.288,5.948,54.219,0.961
E07000090,Havant,2009,119.394,78.9463,180.280,250.850,66.331,82.865,24.358,5.741,33.829,0.629
E07000090,Havant,2010,120.105,78.9463,176.998,268.297,73.237,86.291,25.708,6.069,33.511,0.524
E07000090,Havant,2011,120.783,78.9463,175.073,235.572,66.985,77.112,22.482,5.604,34.952,0.297
E07000090,Havant,2012,120.964,78.9463,177.483,254.156,71.714,82.419,22.148,5.720,36.610,0.195
E07000090,Havant,2013,121.105,78.9463,173.483,245.981,71.872,77.076,21.297,5.617,32.420,0.048
E07000090,Havant,2014,121.514,78.9463,173.812,211.034,62.168,67.561,18.862,5.342,33.262,0.057
E07000090,Havant,2015,122.189,78.9463,173.262,202.584,57.017,58.520,16.608,5.269,34.233,-0.103
E07000090,Havant,2016,123.043,78.9463,175.574,191.958,52.729,47.710,14.047,4.880,32.143,-0.065
E07000090,Havant,2017,123.836,78.9463,176.269,181.845,54.563,38.732,14.229,4.930,34.648,-0.135
E07000090,Havant,2018,124.1,78.9463,170.364,176.545,46.651,43.616,13.512,4.447,34.150,-0.199
E07000090,Havant,2019,124.099,78.9463,165.417,167.659,46.333,32.939,11.732,4.496,30.572,-0.170
E07000090,Havant,2020,124.018,78.9463,139.692,166.098,40.143,28.338,11.921,4.207,28.699,-0.169
E07000090,Havant,2021,124.467,78.9463,144.678,167.704,40.087,32.718,12.613,4.881,29.595,-0.104
E07000090,Havant,2022,124.803,78.9463,145.806,143.925,31.198,36.141,9.757,4.438,30.787,0.053
E07000090,Havant,2023,126.037,78.9463,144.813,133.445,30.009,30.412,9.031,4.782,33.749,-0.030
E07000090,Havant,2024,126.985,78.9463,139.490,133.763,25.510,25.865,9.060,4.969,32.622,0.032
E07000091,New Forest,2005,172.423,776.2857,516.457,478.353,1625.612,170.850,48.806,107.638,76.698,-122.762
E07000091,New Forest,2006,173.269,776.2857,518.655,473.720,1420.352,147.524,38.086,99.444,75.362,-127.231
E07000091,New Forest,2007,174.048,776.2857,516.950,452.300,1681.819,145.495,37.565,97.911,61.493,-129.792
E07000091,New Forest,2008,174.548,776.2857,507.641,458.011,1542.231,142.276,34.771,96.292,60.904,-134.429
E07000091,New Forest,2009,175.432,776.2857,484.298,417.319,1501.803,123.473,29.488,95.005,56.753,-136.439
E07000091,New Forest,2010,176.323,776.2857,482.493,445.380,668.212,127.872,31.230,93.674,55.542,-137.680
E07000091,New Forest,2011,176.789,776.2857,475.455,390.084,503.166,120.827,29.138,89.151,60.649,-141.086
E07000091,New Forest,2012,177.03,776.2857,456.223,419.865,511.444,123.678,30.053,89.941,63.944,-136.838
E07000091,New Forest,2013,177.362,776.2857,448.475,407.554,516.862,121.571,30.872,84.407,52.707,-143.364
E07000091,New Forest,2014,177.875,776.2857,469.777,349.302,231.613,107.550,27.279,81.417,54.990,-142.474
E07000091,New Forest,2015,177.813,776.2857,475.683,333.564,170.813,96.475,24.420,83.597,60.974,-147.081
E07000091,New Forest,2016,177.855,776.2857,491.979,316.453,161.222,74.139,19.972,80.093,47.495,-143.468
E07000091,New Forest,2017,177.616,776.2857,493.534,297.127,171.436,61.028,19.828,79.794,53.224,-148.471
E07000091,New Forest,2018,177.525,776.2857,485.484,291.064,166.233,71.934,18.060,77.190,53.597,-147.479
E07000091,New Forest,2019,177.111,776.2857,461.612,276.323,160.026,60.683,17.305,77.394,31.063,-148.777
E07000091,New Forest,2020,175.937,776.2857,390.795,273.343,154.374,53.983,16.690,74.218,33.575,-151.559
E07000091,New Forest,2021,176.217,776.2857,408.295,274.187,158.141,61.665,18.451,73.840,30.630,-146.805
E07000091,New Forest,2022,175.937,776.2857,401.884,234.481,116.771,79.014,16.587,67.065,25.849,-142.850
E07000091,New Forest,2023,175.724,776.2857,395.476,217.525,122.678,67.580,15.392,64.219,29.769,-147.180
E07000091,New Forest,2024,176.116,776.2857,397.743,218.864,99.855,56.764,14.437,62.469,27.014,-145.227
E07000092,Rushmoor,2005,90.04,39.045,170.813,205.295,83.720,153.323,33.241,1.632,38.845,-1.389
E07000092,Rushmoor,2006,91.065,39.045,170.774,208.427,85.297,161.239,32.625,1.582,38.496,-1.615
E07000092,Rushmoor,2007,91.891,39.045,169.580,200.408,84.150,154.705,30.994,1.397,31.133,-1.723
E07000092,Rushmoor,2008,92.589,39.045,164.583,202.378,76.240,148.025,30.517,1.396,30.365,-1.831
E07000092,Rushmoor,2009,92.572,39.045,157.994,182.592,66.419,130.353,25.810,1.345,59.935,-2.166
E07000092,Rushmoor,2010,93.397,39.045,155.597,193.887,76.001,131.936,29.327,1.287,36.121,-2.246
E07000092,Rushmoor,2011,94.354,39.045,150.583,172.833,65.010,113.536,25.149,1.147,36.538,-2.356
E07000092,Rushmoor,2012,95.581,39.045,149.640,186.909,66.736,119.981,25.204,1.220,30.888,-2.390
E07000092,Rushmoor,2013,96.344,39.045,147.448,182.004,64.217,105.647,22.672,1.288,26.850,-2.602
E07000092,Rushmoor,2014,97.064,39.045,149.939,155.046,60.760,95.396,20.714,1.145,25.636,-2.588
E07000092,Rushmoor,2015,97.682,39.045,150.402,148.453,58.188,85.634,20.688,1.282,23.861,-2.603
E07000092,Rushmoor,2016,99.385,39.045,152.214,140.691,49.675,73.741,15.928,1.185,21.080,-2.628
E07000092,Rushmoor,2017,99.59,39.045,153.326,130.719,51.749,50.953,21.246,1.137,23.208,-2.822
E07000092,Rushmoor,2018,99.372,39.045,151.409,128.780,38.997,73.832,15.098,1.225,26.536,-2.784
E07000092,Rushmoor,2019,99.756,39.045,147.263,123.055,31.567,65.331,14.268,1.096,17.050,-2.798
E07000092,Rushmoor,2020,100.14,39.045,119.282,121.614,28.650,61.242,14.128,1.034,17.003,-2.889
E07000092,Rushmoor,2021,100.096,39.045,124.652,124.863,28.560,71.341,15.984,1.219,14.401,-2.760
E07000092,Rushmoor,2022,101.109,39.045,124.035,107.905,22.936,63.937,13.873,1.327,13.622,-2.602
E07000092,Rushmoor,2023,103.379,39.045,128.323,99.441,21.465,53.403,11.757,1.132,17.550,-2.766
E07000092,Rushmoor,2024,105.751,39.045,129.243,101.790,26.310,45.270,10.967,1.293,18.472,-2.709
E07000093,Test Valley,2005,112.811,627.6219,455.281,309.827,94.118,128.906,43.289,123.209,50.377,-11.488
E07000093,Test Valley,2006,113.53,627.6219,454.778,314.557,95.312,137.060,45.598,114.741,49.954,-12.396
E07000093,Test Valley,2007,114.433,627.6219,463.812,300.059,92.558,133.399,39.731,121.674,41.525,-14.143
E07000093,Test Valley,2008,115.101,627.6219,437.201,301.609,82.555,129.860,39.583,125.247,41.340,-16.511
E07000093,Test Valley,2009,115.251,627.6219,427.892,278.894,75.587,117.123,38.549,122.110,43.274,-16.067
E07000093,Test Valley,2010,115.814,627.6219,425.456,300.891,83.787,122.783,41.634,118.558,35.572,-15.865
E07000093,Test Valley,2011,116.698,627.6219,416.859,266.950,79.394,116.007,37.865,113.536,32.243,-17.479
E07000093,Test Valley,2012,117.462,627.6219,419.644,284.208,85.891,133.072,42.894,117.559,34.179,-15.660
E07000093,Test Valley,2013,119.068,627.6219,415.069,278.682,83.477,125.911,42.189,122.445,33.337,-17.910
E07000093,Test Valley,2014,120.478,627.6219,419.140,241.387,74.270,108.558,36.369,111.377,35.241,-17.561
E07000093,Test Valley,2015,122.256,627.6219,427.236,231.006,69.632,91.844,33.197,116.773,39.864,-20.099
E07000093,Test Valley,2016,124.155,627.6219,442.860,221.615,67.616,78.248,29.087,111.354,41.067,-17.303
E07000093,Test Valley,2017,125.25,627.6219,451.681,208.114,66.287,61.782,23.670,113.754,35.931,-18.987
E07000093,Test Valley,2018,126.474,627.6219,447.568,205.930,54.941,95.272,21.353,105.320,32.413,-19.100
E07000093,Test Valley,2019,127.652,627.6219,440.097,196.702,54.416,78.563,19.776,105.788,28.584,-20.002
E07000093,Test Valley,2020,128.858,627.6219,359.244,196.365,53.873,61.610,20.923,101.778,24.052,-20.392
E07000093,Test Valley,2021,131.158,627.6219,378.907,197.140,59.252,71.922,22.477,101.759,27.229,-18.445
E07000093,Test Valley,2022,132.948,627.6219,384.906,167.950,52.890,63.686,19.658,93.661,22.228,-16.999
E07000093,Test Valley,2023,134.336,627.6219,376.476,158.147,46.888,52.626,15.659,96.107,30.960,-19.480
E07000093,Test Valley,2024,135.201,627.6219,380.411,161.723,39.814,47.473,15.899,96.061,24.494,-18.947
E07000094,Winchester,2005,109.947,661.0608,481.890,308.718,61.156,200.549,76.745,140.039,48.527,-33.956
E07000094,Winchester,2006,110.628,661.0608,477.941,312.675,59.289,194.686,61.809,139.688,47.811,-34.687
E07000094,Winchester,2007,111.82,661.0608,482.795,296.948,60.522,194.266,59.519,137.003,39.548,-36.191
E07000094,Winchester,2008,113.267,661.0608,468.802,303.777,54.406,198.780,60.311,142.183,39.572,-38.955
E07000094,Winchester,2009,114.505,661.0608,451.553,279.494,50.529,183.857,55.936,138.397,25.051,-38.122
E07000094,Winchester,2010,115.789,661.0608,446.908,301.728,55.270,190.294,59.335,141.014,23.263,-38.577
E07000094,Winchester,2011,116.82,661.0608,444.095,266.068,52.156,174.950,52.668,134.985,27.173,-39.750
E07000094,Winchester,2012,117.789,661.0608,436.042,284.887,53.947,187.705,57.632,140.490,26.994,-38.021
E07000094,Winchester,2013,118.736,661.0608,433.887,278.445,52.649,173.397,55.449,138.437,22.620,-40.638
E07000094,Winchester,2014,119.937,661.0608,445.963,239.613,47.081,148.876,48.925,131.349,26.157,-40.480
E07000094,Winchester,2015,121.44,661.0608,451.498,229.699,43.016,124.550,42.352,137.725,29.358,-42.530
E07000094,Winchester,2016,122.844,661.0608,464.982,218.807,37.930,103.822,35.366,131.251,23.890,-39.646
E07000094,Winchester,2017,123.771,661.0608,471.592,205.764,41.228,84.152,36.599,132.679,26.807,-41.450
E07000094,Winchester,2018,123.877,661.0608,466.060,202.518,36.091,94.282,39.384,119.364,25.633,-41.237
E07000094,Winchester,2019,124.407,661.0608,448.385,193.455,38.575,78.248,30.571,125.243,28.505,-41.800
E07000094,Winchester,2020,125.754,661.0608,367.760,193.712,34.440,67.137,29.614,120.552,21.692,-42.110
E07000094,Winchester,2021,127.921,661.0608,389.390,197.469,36.737,76.447,32.402,121.908,19.477,-40.191
E07000094,Winchester,2022,130.607,661.0608,394.515,170.747,35.407,74.842,30.362,112.252,21.308,-38.811
E07000094,Winchester,2023,133.253,661.0608,388.619,160.107,33.486,65.981,27.576,115.627,22.251,-41.387
E07000094,Winchester,2024,135.632,661.0608,393.806,164.540,32.759,63.289,28.876,117.856,20.923,-40.905
E07000095,Broxbourne,2005,88.8,51.4422,160.561,223.223,57.084,101.371,18.569,8.858,72.055,-3.466
E07000095,Broxbourne,2006,89.684,51.4422,166.693,221.622,54.253,101.694,16.027,8.445,70.993,-3.564
E07000095,Broxbourne,2007,90.833,51.4422,166.843,216.989,56.503,107.188,16.130,7.303,78.908,-3.631
E07000095,Broxbourne,2008,91.63,51.4422,155.934,215.776,55.665,112.620,15.689,7.231,64.292,-3.842
E07000095,Broxbourne,2009,92.395,51.4422,148.303,196.525,51.130,103.682,14.628,6.775,50.122,-3.994
E07000095,Broxbourne,2010,93.085,51.4422,145.808,211.382,54.333,107.027,15.193,6.939,46.682,-3.979
E07000095,Broxbourne,2011,93.702,51.4422,145.179,186.964,51.637,99.889,13.573,6.169,42.352,-4.085
E07000095,Broxbourne,2012,94.99,51.4422,141.130,199.906,56.115,111.642,15.003,6.718,44.157,-4.049
E07000095,Broxbourne,2013,95.712,51.4422,138.969,195.597,54.388,104.242,14.885,6.802,40.211,-4.157
E07000095,Broxbourne,2014,96.776,51.4422,140.227,165.002,48.352,90.586,13.166,5.957,42.198,-4.287
E07000095,Broxbourne,2015,97.275,51.4422,140.239,159.084,44.392,77.731,11.975,6.186,42.964,-4.380
E07000095,Broxbourne,2016,98.153,51.4422,144.226,149.577,38.081,63.612,9.230,5.967,39.141,-4.165
E07000095,Broxbourne,2017,98.096,51.4422,146.511,139.730,38.590,51.328,9.665,5.204,37.047,-4.326
E07000095,Broxbourne,2018,98.317,51.4422,140.925,137.666,34.504,49.124,8.976,4.701,36.381,-4.300
E07000095,Broxbourne,2019,98.869,51.4422,133.738,131.263,30.485,46.384,8.160,4.002,39.200,-4.343
E07000095,Broxbourne,2020,99.311,51.4422,112.559,129.901,26.776,43.192,7.699,4.021,38.228,-4.309
E07000095,Broxbourne,2021,99.142,51.4422,116.182,132.789,26.132,46.344,9.306,3.363,32.791,-4.149
E07000095,Broxbourne,2022,98.952,51.4422,114.001,115.426,21.973,46.071,6.764,2.766,32.069,-4.000
E07000095,Broxbourne,2023,100.747,51.4422,114.561,106.138,19.258,40.953,6.207,2.851,33.035,-4.222
E07000095,Broxbourne,2024,101.9,51.4422,113.720,108.404,19.533,36.906,6.298,2.747,36.160,-4.190
E07000096,Dacorum,2005,138.633,212.4766,320.954,371.210,68.738,208.563,73.512,40.875,85.597,-12.030
E07000096,Dacorum,2006,138.973,212.4766,326.728,369.361,58.618,166.437,46.047,40.395,83.186,-12.222
E07000096,Dacorum,2007,139.527,212.4766,328.829,359.985,55.701,157.739,44.262,40.701,94.173,-12.541
E07000096,Dacorum,2008,140.802,212.4766,308.940,357.965,54.010,164.315,45.574,41.680,72.295,-13.330
E07000096,Dacorum,2009,142.205,212.4766,306.796,326.433,49.566,149.805,40.900,40.242,35.915,-13.354
E07000096,Dacorum,2010,143.651,212.4766,297.913,352.415,52.458,155.241,43.475,42.551,45.166,-13.616
E07000096,Dacorum,2011,145.298,212.4766,290.614,309.669,48.367,133.523,36.353,40.596,37.260,-13.865
E07000096,Dacorum,2012,146.826,212.4766,289.551,333.759,53.860,152.558,40.343,42.075,62.809,-13.742
E07000096,Dacorum,2013,148.057,212.4766,289.320,327.484,52.973,145.442,40.138,42.094,97.273,-14.416
E07000096,Dacorum,2014,149.38,212.4766,295.764,277.991,52.457,154.957,57.251,41.644,105.160,-14.305
E07000096,Dacorum,2015,150.906,212.4766,298.655,271.102,42.790,113.309,31.963,40.686,88.891,-14.941
E07000096,Dacorum,2016,152.462,212.4766,305.501,257.728,39.193,105.928,26.580,38.374,63.116,-14.141
E07000096,Dacorum,2017,153.282,212.4766,313.003,241.081,47.490,82.795,26.606,37.023,90.870,-14.620
E07000096,Dacorum,2018,153.982,212.4766,306.581,237.179,33.969,101.623,22.184,33.297,100.203,-14.201
E07000096,Dacorum,2019,154.367,212.4766,286.629,227.695,26.343,101.409,22.586,33.725,60.331,-14.499
E07000096,Dacorum,2020,154.815,212.4766,246.211,226.129,24.993,102.868,21.433,32.734,44.399,-14.555
E07000096,Dacorum,2021,155.211,212.4766,243.657,230.254,25.170,120.769,22.920,35.001,46.394,-14.034
E07000096,Dacorum,2022,156.299,212.4766,248.778,198.629,22.376,125.051,20.233,31.551,43.724,-13.633
E07000096,Dacorum,2023,158.754,212.4766,244.352,183.352,60.484,114.771,16.296,29.658,38.261,-14.450
E07000096,Dacorum,2024,161.42,212.4766,242.573,188.340,25.398,104.997,18.039,30.238,41.618,-14.336
E07000098,Hertsmere,2005,94.302,101.1282,367.775,266.793,50.032,178.818,41.271,12.657,67.710,-2.414
E07000098,Hertsmere,2006,95.225,101.1282,362.411,266.444,49.223,182.876,40.249,12.414,66.645,-2.436
E07000098,Hertsmere,2007,96.252,101.1282,369.132,260.334,49.023,177.877,38.933,13.071,75.120,-2.689
E07000098,Hertsmere,2008,97.642,101.1282,348.070,261.648,44.968,179.373,38.891,12.105,59.585,-2.826
E07000098,Hertsmere,2009,98.637,101.1282,333.759,239.250,39.929,160.255,35.081,12.044,41.948,-2.954
E07000098,Hertsmere,2010,99.402,101.1282,338.554,257.103,40.908,162.082,36.831,12.475,36.050,-3.136
E07000098,Hertsmere,2011,100.379,101.1282,342.418,226.972,40.748,146.352,32.140,11.950,33.577,-3.277
E07000098,Hertsmere,2012,101.389,101.1282,338.869,244.121,40.758,158.568,35.190,12.607,37.250,-3.171
E07000098,Hertsmere,2013,102.201,101.1282,336.240,242.109,38.853,150.377,35.257,11.614,45.098,-3.509
E07000098,Hertsmere,2014,103.541,101.1282,346.540,204.408,35.869,128.860,29.682,10.632,53.327,-3.517
E07000098,Hertsmere,2015,104.414,101.1282,356.231,199.610,32.942,113.538,26.831,11.571,44.706,-3.725
E07000098,Hertsmere,2016,105.372,101.1282,364.743,189.051,27.044,106.175,20.297,11.072,45.435,-3.426
E07000098,Hertsmere,2017,105.92,101.1282,367.113,177.002,31.227,83.246,22.587,10.927,35.405,-3.559
E07000098,Hertsmere,2018,106.458,101.1282,363.677,174.993,32.107,85.581,19.443,9.692,35.162,-3.439
E07000098,Hertsmere,2019,107.234,101.1282,351.279,168.110,33.904,70.806,17.769,9.804,35.840,-3.550
E07000098,Hertsmere,2020,107.612,101.1282,321.611,166.905,32.018,62.789,16.898,9.409,36.898,-3.492
E07000098,Hertsmere,2021,108.129,101.1282,313.529,171.782,35.940,68.969,18.793,10.636,39.426,-3.318
E07000098,Hertsmere,2022,108.31,101.1282,312.885,149.980,23.228,75.436,19.498,9.151,34.971,-3.138
E07000098,Hertsmere,2023,109.483,101.1282,304.207,137.415,20.921,64.129,17.560,9.554,36.088,-3.404
E07000098,Hertsmere,2024,110.212,101.1282,297.089,140.342,32.252,49.341,19.602,9.374,39.402,-3.364
E07000099,North Hertfordshire,2005,120.757,375.3821,327.096,320.157,134.993,122.507,26.024,61.133,84.194,-4.190
E07000099,North Hertfordshire,2006,121.89,375.3821,342.101,318.727,141.576,132.432,27.552,60.578,82.856,-4.049
E07000099,North Hertfordshire,2007,122.974,375.3821,334.075,311.731,137.742,129.516,25.883,61.910,93.358,-4.639
E07000099,North Hertfordshire,2008,124.391,375.3821,325.045,311.388,128.428,124.820,25.351,67.142,73.467,-5.771
E07000099,North Hertfordshire,2009,125.269,375.3821,315.662,285.774,104.565,105.906,22.191,65.322,172.325,-4.710
E07000099,North Hertfordshire,2010,126.286,375.3821,305.283,307.853,116.579,113.757,24.196,67.070,119.284,-5.006
E07000099,North Hertfordshire,2011,127.494,375.3821,300.646,270.669,103.285,100.935,21.305,63.115,101.600,-5.529
E07000099,North Hertfordshire,2012,128.542,375.3821,294.254,291.614,112.500,114.272,24.054,68.513,97.063,-4.977
E07000099,North Hertfordshire,2013,129.46,375.3821,290.386,285.438,113.260,106.331,23.105,64.226,77.008,-5.861
E07000099,North Hertfordshire,2014,131.062,375.3821,299.005,242.696,100.626,98.055,20.075,64.244,70.461,-6.039
E07000099,North Hertfordshire,2015,131.662,375.3821,302.596,235.575,92.104,80.858,17.600,68.885,76.415,-6.575
E07000099,North Hertfordshire,2016,133.103,375.3821,310.526,223.101,84.638,72.400,15.119,68.262,52.774,-5.253
E07000099,North Hertfordshire,2017,133.629,375.3821,317.068,208.500,74.239,62.851,15.304,66.440,49.419,-5.451
E07000099,North Hertfordshire,2018,133.283,375.3821,306.605,203.168,64.699,74.057,14.816,60.782,59.835,-5.626
E07000099,North Hertfordshire,2019,133.195,375.3821,300.357,194.913,66.529,64.243,13.371,63.307,70.258,-6.104
E07000099,North Hertfordshire,2020,133.054,375.3821,248.001,194.398,64.271,51.826,12.674,59.246,58.036,-5.969
E07000099,North Hertfordshire,2021,133.583,375.3821,253.718,196.888,68.308,57.679,13.478,59.818,47.715,-5.389
E07000099,North Hertfordshire,2022,134.255,375.3821,253.150,169.592,74.811,47.976,12.057,54.555,42.775,-5.014
E07000099,North Hertfordshire,2023,135.752,375.3821,248.123,156.082,63.170,41.599,10.969,56.558,48.595,-6.034
E07000099,North Hertfordshire,2024,137.201,375.3821,247.594,160.922,51.239,39.733,11.335,57.746,50.272,-5.948
E07000102,Three Rivers,2005,84.305,88.8242,340.420,239.419,70.792,96.911,39.260,13.405,76.485,-5.213
E07000102,Three Rivers,2006,84.466,88.8242,344.515,241.056,60.806,101.294,40.890,14.324,76.217,-5.393
E07000102,Three Rivers,2007,85.282,88.8242,338.408,236.231,61.312,90.606,35.925,13.231,83.316,-5.624
E07000102,Three Rivers,2008,86.205,88.8242,318.902,236.284,47.000,86.508,34.229,13.140,68.893,-5.820
E07000102,Three Rivers,2009,87.096,88.8242,310.099,216.525,42.380,77.632,30.292,11.852,46.550,-6.025
E07000102,Three Rivers,2010,87.573,88.8242,295.917,234.183,45.445,80.707,32.551,11.895,44.612,-6.122
E07000102,Three Rivers,2011,87.921,88.8242,308.052,206.518,48.665,68.348,28.210,11.156,41.542,-6.430
E07000102,Three Rivers,2012,89.115,88.8242,319.101,222.689,42.009,81.349,31.897,12.050,39.373,-6.409
E07000102,Three Rivers,2013,89.814,88.8242,320.084,219.993,42.468,79.361,32.051,12.734,37.155,-6.670
E07000102,Three Rivers,2014,90.723,88.8242,330.823,186.348,46.181,67.783,26.829,12.099,39.718,-6.763
E07000102,Three Rivers,2015,91.961,88.8242,329.881,182.036,51.965,58.174,23.948,12.365,39.374,-7.079
E07000102,Three Rivers,2016,92.959,88.8242,339.108,173.062,45.123,52.284,19.521,11.451,38.996,-6.778
E07000102,Three Rivers,2017,93.075,88.8242,345.302,162.320,63.995,42.718,20.028,10.922,38.473,-6.889
E07000102,Three Rivers,2018,93.209,88.8242,337.992,160.100,63.081,53.106,17.824,9.717,39.368,-6.829
E07000102,Three Rivers,2019,93.443,88.8242,324.867,153.568,64.371,46.072,16.970,9.539,41.499,-7.021
E07000102,Three Rivers,2020,93.795,88.8242,275.635,151.427,57.224,39.630,16.559,8.985,41.016,-6.982
E07000102,Three Rivers,2021,93.934,88.8242,292.137,154.705,72.420,46.332,19.136,7.981,44.106,-6.759
E07000102,Three Rivers,2022,94.231,88.8242,294.350,134.869,52.358,49.685,15.581,7.271,45.861,-6.534
E07000102,Three Rivers,2023,95.093,88.8242,291.984,123.392,49.180,44.295,14.299,7.610,47.178,-6.873
E07000102,Three Rivers,2024,95.807,88.8242,286.796,126.520,46.673,35.494,13.049,8.366,49.810,-6.797
E07000103,Watford,2005,82.138,21.4305,136.570,208.103,38.240,178.713,31.418,1.347,49.606,0.787
E07000103,Watford,2006,82.145,21.4305,139.307,208.398,37.339,181.292,29.756,1.600,48.362,0.771
E07000103,Watford,2007,82.899,21.4305,137.109,201.162,38.285,176.801,28.879,1.424,55.147,0.704
E07000103,Watford,2008,84.776,21.4305,128.249,201.116,36.186,192.637,29.307,1.509,42.664,0.681
E07000103,Watford,2009,86.472,21.4305,124.319,183.242,32.750,178.775,26.632,1.371,32.120,0.571
E07000103,Watford,2010,88.574,21.4305,119.947,196.557,35.909,188.582,30.480,1.277,26.578,0.581
E07000103,Watford,2011,90.653,21.4305,117.374,173.642,33.998,157.101,24.853,1.206,149.660,0.547
E07000103,Watford,2012,93.066,21.4305,117.175,188.287,35.710,188.175,29.387,1.268,135.242,0.454
E07000103,Watford,2013,95.732,21.4305,115.101,185.410,34.054,177.844,28.630,1.259,132.548,0.451
E07000103,Watford,2014,98.101,21.4305,113.904,156.110,29.821,154.057,24.932,1.202,134.453,0.365
E07000103,Watford,2015,99.449,21.4305,111.644,151.036,27.318,126.889,22.702,1.185,85.022,0.317
E07000103,Watford,2016,100.458,21.4305,115.354,143.101,25.383,104.970,19.182,1.108,56.087,0.308
E07000103,Watford,2017,100.957,21.4305,116.119,133.268,26.949,88.689,22.889,1.053,52.012,0.333
E07000103,Watford,2018,101.658,21.4305,109.581,131.253,23.100,90.285,20.132,0.920,57.921,0.418
E07000103,Watford,2019,102.172,21.4305,104.316,126.212,20.350,78.042,20.077,0.906,61.877,0.434
E07000103,Watford,2020,102.322,21.4305,84.443,125.527,17.651,66.997,17.468,0.881,85.766,0.371
E07000103,Watford,2021,102.507,21.4305,87.799,128.988,18.226,73.721,18.203,0.794,88.209,0.399
E07000103,Watford,2022,103.038,21.4305,84.487,112.411,18.074,69.844,16.645,0.809,56.060,0.452
E07000103,Watford,2023,105.261,21.4305,83.172,103.164,17.729,57.489,14.591,0.812,85.927,0.399
E07000103,Watford,2024,107.171,21.4305,83.322,105.653,22.099,48.725,15.910,0.817,38.409,0.397
E07000105,Ashford,2005,109.409,580.6172,328.846,289.458,85.938,115.909,40.833,123.367,58.933,-46.612
E07000105,Ashford,2006,111.459,580.6172,329.385,294.360,85.405,118.901,40.663,120.527,58.672,-47.213
E07000105,Ashford,2007,113.286,580.6172,339.381,286.566,93.548,125.847,47.776,123.601,84.155,-49.027
E07000105,Ashford,2008,114.556,580.6172,320.827,286.483,86.454,122.371,43.174,127.924,85.050,-51.126
E07000105,Ashford,2009,115.694,580.6172,300.044,267.202,77.123,110.090,38.576,125.709,65.356,-51.232
E07000105,Ashford,2010,116.975,580.6172,294.843,292.029,81.319,107.844,38.582,122.972,59.431,-51.503
E07000105,Ashford,2011,118.405,580.6172,290.674,258.564,72.294,92.980,32.044,119.368,62.178,-52.514
E07000105,Ashford,2012,120.191,580.6172,294.814,274.332,75.408,104.818,34.452,124.572,56.814,-51.237
E07000105,Ashford,2013,121.85,580.6172,288.751,270.065,75.256,100.972,34.847,121.754,48.363,-53.119
E07000105,Ashford,2014,123.682,580.6172,295.134,231.788,67.733,89.162,30.366,119.205,48.375,-52.935
E07000105,Ashford,2015,124.58,580.6172,300.219,224.076,60.539,74.717,28.291,125.097,41.952,-54.665
E07000105,Ashford,2016,126.327,580.6172,310.626,212.354,55.957,62.962,24.943,120.372,34.473,-51.929
E07000105,Ashford,2017,128.049,580.6172,315.639,198.951,55.163,50.899,26.479,117.892,37.025,-53.845
E07000105,Ashford,2018,129.701,580.6172,309.622,196.332,47.916,62.768,26.202,111.839,76.057,-53.184
E07000105,Ashford,2019,130.466,580.6172,285.153,187.606,47.669,58.460,18.185,114.960,41.850,-53.882
E07000105,Ashford,2020,131.431,580.6172,239.463,187.302,40.940,51.177,16.506,109.805,41.111,-54.427
E07000105,Ashford,2021,133.221,580.6172,255.218,189.552,45.000,61.008,18.864,104.625,39.391,-52.715
E07000105,Ashford,2022,135.818,580.6172,258.458,162.489,41.984,58.202,17.728,99.237,43.606,-51.497
E07000105,Ashford,2023,139.01,580.6172,259.952,153.737,37.108,48.914,14.757,106.595,45.798,-53.950
E07000105,Ashford,2024,140.936,580.6172,261.064,157.207,43.980,44.418,15.322,107.696,44.377,-53.570
E07000106,Canterbury,2005,141.918,318.5781,250.987,352.336,76.009,138.019,78.401,55.928,72.286,-28.488
E07000106,Canterbury,2006,143.49,318.5781,252.126,350.520,71.867,142.463,77.193,50.237,70.509,-29.124
E07000106,Canterbury,2007,145.197,318.5781,253.499,343.107,71.880,138.860,74.120,54.386,102.892,-29.837
E07000106,Canterbury,2008,146.073,318.5781,245.629,345.137,65.592,141.257,75.893,59.478,104.158,-31.365
E07000106,Canterbury,2009,146.396,318.5781,238.591,315.777,59.187,130.194,69.809,54.354,82.206,-31.416
E07000106,Canterbury,2010,148.653,318.5781,234.895,339.728,66.218,134.143,73.915,53.972,71.913,-31.472
E07000106,Canterbury,2011,150.6,318.5781,232.755,300.047,59.627,124.345,67.214,51.906,72.614,-32.169
E07000106,Canterbury,2012,151.71,318.5781,228.936,322.858,61.011,133.617,73.636,53.985,63.237,-31.382
E07000106,Canterbury,2013,153.475,318.5781,225.386,315.595,60.062,122.767,70.204,49.011,50.610,-32.891
E07000106,Canterbury,2014,155.151,318.5781,229.366,266.619,54.111,107.080,60.737,47.645,47.987,-32.579
E07000106,Canterbury,2015,156.143,318.5781,232.639,258.825,53.552,96.442,56.549,50.526,43.527,-33.767
E07000106,Canterbury,2016,157.28,318.5781,241.861,244.729,50.517,82.863,48.431,49.636,36.084,-32.135
E07000106,Canterbury,2017,157.944,318.5781,242.822,228.358,54.278,65.068,48.707,49.060,40.591,-33.085
E07000106,Canterbury,2018,157.256,318.5781,237.028,226.245,48.012,73.023,46.399,43.474,45.516,-33.024
E07000106,Canterbury,2019,157.109,318.5781,232.316,214.845,40.570,63.909,40.076,44.214,43.865,-33.341
E07000106,Canterbury,2020,157.187,318.5781,196.779,213.581,36.889,58.715,37.232,41.937,39.520,-33.674
E07000106,Canterbury,2021,156.631,318.5781,206.557,216.900,40.829,63.381,41.974,42.329,39.575,-32.485
E07000106,Canterbury,2022,158.723,318.5781,201.542,185.073,30.196,57.976,35.828,38.661,43.923,-31.607
E07000106,Canterbury,2023,160.826,318.5781,199.805,172.450,21.748,54.583,37.107,40.531,47.705,-33.161
E07000106,Canterbury,2024,162.1,318.5781,199.819,177.285,16.813,44.391,35.998,40.194,110.607,-32.850
E07000107,Dartford,2005,89.99,76.3104,396.123,216.849,93.672,194.135,48.977,9.750,89.133,0.144
E07000107,Dartford,2006,91.174,76.3104,378.862,217.534,91.990,201.921,49.744,10.321,88.841,-0.090
E07000107,Dartford,2007,92.242,76.3104,377.063,213.473,93.030,188.048,47.659,9.261,108.681,-0.329
E07000107,Dartford,2008,93.946,76.3104,362.141,216.372,85.633,194.168,48.808,9.785,108.325,-0.658
E07000107,Dartford,2009,95.266,76.3104,370.246,197.201,65.557,141.643,29.304,8.724,140.633,-0.628
E07000107,Dartford,2010,96.337,76.3104,360.430,211.949,70.787,141.830,31.136,9.368,120.811,-0.715
E07000107,Dartford,2011,97.604,76.3104,362.444,185.746,66.368,124.808,26.096,8.519,131.877,-0.831
E07000107,Dartford,2012,99.064,76.3104,358.961,201.700,64.994,138.015,29.925,9.095,145.864,-0.738
E07000107,Dartford,2013,100.756,76.3104,348.835,197.302,59.047,124.370,26.672,8.850,159.886,-1.024
E07000107,Dartford,2014,102.765,76.3104,347.506,167.672,51.763,105.370,22.609,8.075,168.513,-1.046
E07000107,Dartford,2015,104.379,76.3104,374.880,163.963,48.368,89.635,20.149,8.255,179.560,-1.272
E07000107,Dartford,2016,105.905,76.3104,384.039,157.163,45.508,76.969,14.497,7.926,173.428,-1.002
E07000107,Dartford,2017,108.372,76.3104,370.893,148.993,51.084,65.824,16.310,7.993,160.503,-1.119
E07000107,Dartford,2018,110.818,76.3104,374.855,149.034,42.894,76.981,13.583,6.485,117.001,-1.013
E07000107,Dartford,2019,113.928,76.3104,358.099,142.190,36.155,68.028,11.136,6.776,111.636,-1.068
E07000107,Dartford,2020,115.572,76.3104,309.903,142.119,36.456,65.215,10.979,6.860,113.651,-1.001
E07000107,Dartford,2021,116.819,76.3104,321.235,146.182,40.044,78.359,12.230,6.978,108.097,-0.863
E07000107,Dartford,2022,119.042,76.3104,328.823,127.287,35.025,83.197,10.967,6.147,112.746,0.604
E07000107,Dartford,2023,121.966,76.3104,323.351,117.594,34.188,71.232,9.836,7.094,117.723,-0.865
E07000107,Dartford,2024,125.011,76.3104,308.980,120.514,23.379,72.447,10.126,7.297,158.518,-0.804
E07000108,Dover,2005,107.475,320.7812,202.722,267.459,97.852,159.508,106.740,66.979,61.570,2.011
E07000108,Dover,2006,107.904,320.7812,209.164,265.945,96.013,130.604,76.729,62.760,60.363,2.117
E07000108,Dover,2007,109.041,320.7812,210.905,257.559,84.006,132.936,79.235,63.125,84.583,1.048
E07000108,Dover,2008,109.848,320.7812,194.920,257.766,91.955,175.087,127.349,69.011,85.253,-0.058
E07000108,Dover,2009,110.061,320.7812,193.447,234.476,71.543,83.910,37.861,62.118,67.048,0.366
E07000108,Dover,2010,111.072,320.7812,188.282,252.929,76.977,88.611,39.311,62.791,60.516,0.132
E07000108,Dover,2011,111.718,320.7812,186.266,221.846,73.748,84.725,35.539,61.094,62.132,-0.693
E07000108,Dover,2012,111.529,320.7812,181.203,237.104,91.173,94.991,39.982,63.449,54.678,-0.399
E07000108,Dover,2013,111.979,320.7812,180.891,231.509,84.865,91.663,39.364,62.231,45.835,-1.154
E07000108,Dover,2014,112.541,320.7812,189.328,196.302,72.146,78.109,33.858,60.863,46.238,-1.290
E07000108,Dover,2015,112.464,320.7812,187.772,190.473,61.596,78.115,40.538,65.395,42.924,-2.336
E07000108,Dover,2016,113.365,320.7812,190.457,180.119,52.687,82.724,24.149,63.345,35.632,-1.479
E07000108,Dover,2017,114.335,320.7812,187.328,170.119,51.667,55.927,30.099,63.805,39.600,-1.920
E07000108,Dover,2018,115.148,320.7812,182.200,167.093,43.710,67.568,19.257,60.078,41.818,-2.097
E07000108,Dover,2019,115.902,320.7812,177.594,160.174,34.395,61.344,17.472,60.718,41.689,-2.614
E07000108,Dover,2020,116.134,320.7812,146.424,160.209,32.206,54.572,16.335,57.884,39.530,-2.543
E07000108,Dover,2021,116.549,320.7812,154.399,161.033,34.350,60.907,18.927,52.660,41.189,-2.132
E07000108,Dover,2022,117.445,320.7812,155.256,136.804,40.499,53.334,18.156,54.246,43.151,-1.789
E07000108,Dover,2023,118.781,320.7812,156.129,128.661,33.208,48.833,17.198,53.787,46.765,-2.486
E07000108,Dover,2024,119.768,320.7812,156.848,131.074,33.719,43.966,17.359,53.437,47.177,-2.383
E07000109,Gravesham,2005,96.884,104.9586,172.235,231.258,1137.971,164.735,25.580,12.994,49.576,-3.919
E07000109,Gravesham,2006,97.574,104.9586,174.364,231.442,1250.801,237.383,33.663,14.437,48.472,-4.115
E07000109,Gravesham,2007,98.496,104.9586,172.888,226.237,1184.154,204.499,29.353,12.882,70.262,-4.551
E07000109,Gravesham,2008,99.394,104.9586,168.450,226.106,425.931,155.007,24.022,13.168,71.130,-4.886
E07000109,Gravesham,2009,100.188,104.9586,191.356,206.496,89.994,109.479,18.167,12.488,55.968,-4.930
E07000109,Gravesham,2010,101.076,104.9586,189.201,222.555,99.835,109.487,19.090,11.802,48.870,-5.039
E07000109,Gravesham,2011,101.766,104.9586,188.542,196.258,89.064,101.380,17.536,11.138,50.237,-5.466
E07000109,Gravesham,2012,103.004,104.9586,187.891,209.384,101.097,154.387,23.938,12.367,43.658,-5.407
E07000109,Gravesham,2013,103.837,104.9586,180.799,202.867,103.638,140.930,22.826,12.404,35.697,-5.746
E07000109,Gravesham,2014,105.434,104.9586,180.851,171.213,87.810,124.886,20.006,10.822,33.917,-5.838
E07000109,Gravesham,2015,106.404,104.9586,183.752,166.160,86.196,100.475,16.650,11.824,31.072,-6.306
E07000109,Gravesham,2016,106.823,104.9586,190.180,155.834,83.114,75.508,12.684,11.543,27.008,-5.904
E07000109,Gravesham,2017,106.543,104.9586,191.025,146.601,79.246,67.859,14.547,11.271,28.313,-6.268
E07000109,Gravesham,2018,106.726,104.9586,197.591,144.769,75.021,69.229,11.865,9.344,33.881,-6.379
E07000109,Gravesham,2019,107.348,104.9586,192.109,138.429,77.103,65.806,10.487,9.649,32.334,-6.450
E07000109,Gravesham,2020,107.146,104.9586,166.452,138.074,63.625,53.639,9.492,9.915,29.531,-6.425
E07000109,Gravesham,2021,106.883,104.9586,158.918,140.418,63.311,52.430,10.410,9.096,30.529,-6.161
E07000109,Gravesham,2022,106.997,104.9586,161.527,120.512,55.518,47.808,9.151,8.024,32.036,-5.902
E07000109,Gravesham,2023,109.059,104.9586,158.816,111.742,55.828,40.345,7.939,9.369,34.596,-6.287
E07000109,Gravesham,2024,110.671,104.9586,159.196,114.714,46.431,35.465,8.438,10.232,31.422,-6.212
E07000110,Maidstone,2005,143.353,393.3507,437.236,376.718,87.800,175.428,67.030,78.400,68.807,-23.558
E07000110,Maidstone,2006,145.307,393.3507,433.343,379.036,90.261,185.512,68.070,79.606,67.407,-24.118
E07000110,Maidstone,2007,147.741,393.3507,447.477,371.137,89.211,183.067,63.931,77.159,100.772,-25.208
E07000110,Maidstone,2008,149.723,393.3507,426.474,373.808,82.941,176.800,63.268,78.860,102.629,-26.536
E07000110,Maidstone,2009,151.594,393.3507,394.479,343.343,74.343,156.672,55.658,74.388,79.484,-26.452
E07000110,Maidstone,2010,153.739,393.3507,391.558,369.444,86.773,162.129,58.959,71.601,70.658,-26.683
E07000110,Maidstone,2011,155.764,393.3507,398.376,327.970,78.917,150.048,53.161,68.199,81.926,-27.733
E07000110,Maidstone,2012,157.457,393.3507,392.649,351.872,79.450,156.073,55.392,70.752,62.319,-27.436
E07000110,Maidstone,2013,159.308,393.3507,382.643,343.478,90.185,168.871,58.317,70.016,58.654,-28.817
E07000110,Maidstone,2014,161.567,393.3507,390.648,291.576,74.296,122.959,45.123,64.768,47.649,-28.464
E07000110,Maidstone,2015,164.112,393.3507,402.868,282.535,65.966,106.553,40.641,67.240,43.603,-29.814
E07000110,Maidstone,2016,165.953,393.3507,414.934,268.931,61.179,86.952,34.036,63.785,36.382,-28.243
E07000110,Maidstone,2017,168.115,393.3507,414.144,253.052,61.880,70.138,45.400,65.545,41.227,-29.293
E07000110,Maidstone,2018,169.974,393.3507,408.263,252.520,59.036,82.991,33.324,60.984,45.534,-29.133
E07000110,Maidstone,2019,171.816,393.3507,379.922,241.404,58.332,74.031,29.526,62.531,46.444,-29.567
E07000110,Maidstone,2020,173.272,393.3507,337.661,241.453,63.538,63.493,27.310,59.839,50.570,-29.782
E07000110,Maidstone,2021,176.697,393.3507,351.561,247.147,54.212,70.981,30.728,64.419,50.326,-28.852
E07000110,Maidstone,2022,180.144,393.3507,350.987,213.333,49.339,66.331,25.523,56.070,52.624,-28.155
E07000110,Maidstone,2023,184.281,393.3507,347.203,198.365,44.841,60.003,23.753,60.842,51.725,-29.644
E07000110,Maidstone,2024,187.767,393.3507,347.805,202.130,44.469,54.826,21.926,60.525,48.306,-29.469
E07000111,Sevenoaks,2005,111.266,370.3469,568.660,329.907,58.418,110.038,29.602,72.676,54.771,-45.926
E07000111,Sevenoaks,2006,112.5,370.3469,548.780,332.081,57.606,112.987,28.833,72.251,54.287,-46.875
E07000111,Sevenoaks,2007,113.132,370.3469,564.527,323.767,57.885,108.600,27.119,68.981,79.524,-48.082
E07000111,Sevenoaks,2008,113.298,370.3469,539.819,326.143,53.253,111.665,27.601,69.929,79.562,-49.549
E07000111,Sevenoaks,2009,113.754,370.3469,523.366,300.510,46.480,96.780,23.830,66.814,106.701,-49.813
E07000111,Sevenoaks,2010,114.509,370.3469,511.589,323.930,49.467,97.285,24.550,65.235,59.343,-50.314
E07000111,Sevenoaks,2011,115.351,370.3469,510.632,286.057,46.978,90.727,22.102,63.174,61.188,-50.952
E07000111,Sevenoaks,2012,116.25,370.3469,503.967,307.788,48.467,96.462,23.782,64.664,57.902,-50.125
E07000111,Sevenoaks,2013,116.696,370.3469,490.909,300.853,45.769,88.608,23.011,63.625,51.484,-51.666
E07000111,Sevenoaks,2014,117.376,370.3469,503.855,256.638,40.888,75.421,19.010,62.414,55.979,-51.290
E07000111,Sevenoaks,2015,117.735,370.3469,514.569,248.862,37.617,65.371,17.181,65.024,53.096,-52.461
E07000111,Sevenoaks,2016,118.289,370.3469,531.533,234.503,32.155,54.227,13.736,62.797,46.282,-50.891
E07000111,Sevenoaks,2017,118.489,370.3469,527.471,219.116,32.710,43.110,16.596,62.982,40.925,-51.846
E07000111,Sevenoaks,2018,119.165,370.3469,521.539,216.530,26.628,53.060,14.004,57.623,37.556,-51.485
E07000111,Sevenoaks,2019,119.575,370.3469,513.608,207.512,31.680,45.199,12.945,57.842,35.414,-51.957
E07000111,Sevenoaks,2020,120.051,370.3469,431.634,205.816,29.638,38.778,12.632,52.905,31.437,-52.992
E07000111,Sevenoaks,2021,120.823,370.3469,460.673,208.366,33.857,43.479,13.791,54.992,32.171,-51.497
E07000111,Sevenoaks,2022,121.194,370.3469,455.710,178.291,28.020,39.520,12.036,51.612,39.590,-50.382
E07000111,Sevenoaks,2023,121.774,370.3469,451.680,165.905,26.062,34.091,11.100,51.045,38.980,-52.406
E07000111,Sevenoaks,2024,122.748,370.3469,435.023,169.931,24.281,31.567,11.908,51.245,34.601,-52.031
E07000112,Folkestone and Hythe,2005,101.509,365.4673,225.703,269.683,58.053,167.252,87.086,71.408,49.937,-2.544
E07000112,Folkestone and Hythe,2006,102.469,365.4673,232.647,268.417,56.871,171.106,88.134,68.156,48.817,-2.510
E07000112,Folkestone and Hythe,2007,103.902,365.4673,236.202,259.182,54.122,158.807,81.635,70.188,72.140,-3.462
E07000112,Folkestone and Hythe,2008,104.782,365.4673,227.826,260.229,41.284,115.891,61.910,72.704,73.080,-4.447
E07000112,Folkestone and Hythe,2009,105.716,365.4673,218.305,237.949,35.097,92.795,50.344,69.525,55.852,-4.450
E07000112,Folkestone and Hythe,2010,106.962,365.4673,212.909,257.425,37.435,95.299,52.835,68.282,50.114,-4.505
E07000112,Folkestone and Hythe,2011,108.199,365.4673,207.889,226.803,35.323,87.080,47.655,67.047,51.028,-5.246
E07000112,Folkestone and Hythe,2012,108.185,365.4673,206.237,241.148,34.480,92.105,50.158,68.919,43.785,-4.628
E07000112,Folkestone and Hythe,2013,107.899,365.4673,204.038,234.261,32.375,83.364,46.431,65.861,34.740,-5.409
E07000112,Folkestone and Hythe,2014,108.153,365.4673,208.004,200.086,28.700,70.424,40.130,63.566,32.956,-5.202
E07000112,Folkestone and Hythe,2015,108.327,365.4673,209.835,194.044,25.787,64.226,36.091,66.602,29.859,-6.408
E07000112,Folkestone and Hythe,2016,109.235,365.4673,217.281,182.151,23.047,52.403,27.746,65.502,24.633,-4.998
E07000112,Folkestone and Hythe,2017,109.095,365.4673,220.030,171.712,28.496,40.336,31.239,65.089,26.582,-5.702
E07000112,Folkestone and Hythe,2018,109.728,365.4673,219.038,167.403,19.614,48.122,26.982,58.435,29.582,-5.564
E07000112,Folkestone and Hythe,2019,109.659,365.4673,208.401,160.229,16.715,43.568,22.235,61.435,29.461,-5.965
E07000112,Folkestone and Hythe,2020,109.587,365.4673,169.492,159.977,17.021,38.066,21.411,59.457,27.239,-5.568
E07000112,Folkestone and Hythe,2021,110.04,365.4673,180.499,160.243,17.794,43.959,20.864,55.537,27.168,-5.054
E07000112,Folkestone and Hythe,2022,110.372,365.4673,185.646,136.182,19.997,41.700,20.419,52.842,29.748,-4.588
E07000112,Folkestone and Hythe,2023,111.486,365.4673,183.306,128.512,18.839,37.522,18.497,57.586,31.953,-5.329
E07000112,Folkestone and Hythe,2024,112.411,365.4673,183.933,129.589,21.971,32.934,16.903,58.199,29.434,-5.185
E07000113,Swale,2005,126.516,422.0285,342.783,314.674,871.722,196.658,43.920,86.570,79.345,-11.607
E07000113,Swale,2006,127.568,422.0285,352.471,315.082,871.636,269.558,55.078,89.961,78.214,-11.846
E07000113,Swale,2007,129.721,422.0285,347.650,310.262,881.036,295.876,58.752,93.810,107.798,-13.060
E07000113,Swale,2008,131.72,422.0285,330.464,312.308,800.171,263.880,51.962,87.217,109.843,-14.060
E07000113,Swale,2009,133.03,422.0285,331.091,285.701,669.120,229.756,44.866,81.724,102.271,-14.032
E07000113,Swale,2010,134.98,422.0285,334.468,308.471,1023.565,274.298,79.755,123.612,89.127,-14.211
E07000113,Swale,2011,136.324,422.0285,335.009,271.523,923.596,240.346,68.492,110.387,85.239,-14.977
E07000113,Swale,2012,137.694,422.0285,325.831,289.771,641.572,133.716,30.499,74.991,73.856,-14.533
E07000113,Swale,2013,139.135,422.0285,322.090,281.806,661.154,127.982,29.498,72.184,61.652,-15.652
E07000113,Swale,2014,140.992,422.0285,323.902,238.515,645.518,113.077,26.285,70.455,59.696,-15.443
E07000113,Swale,2015,142.723,422.0285,326.947,231.492,657.609,95.231,23.634,71.441,59.652,-16.521
E07000113,Swale,2016,145.184,422.0285,338.332,218.892,623.893,80.141,20.136,73.113,52.382,-15.327
E07000113,Swale,2017,146.846,422.0285,339.395,206.286,598.845,51.944,17.891,68.713,54.355,-15.726
E07000113,Swale,2018,148.4,422.0285,340.934,204.202,562.539,67.312,18.913,61.724,60.099,-15.476
E07000113,Swale,2019,149.753,422.0285,337.443,194.083,587.528,60.466,16.415,63.819,59.263,-15.715
E07000113,Swale,2020,150.584,422.0285,286.868,193.858,564.000,59.371,17.505,61.104,55.656,-15.474
E07000113,Swale,2021,152.218,422.0285,298.294,196.259,546.339,64.940,20.406,60.079,55.716,-14.814
E07000113,Swale,2022,154.508,422.0285,297.999,167.516,435.188,55.793,15.177,52.066,60.080,-14.228
E07000113,Swale,2023,156.18,422.0285,299.350,155.016,409.330,51.671,15.979,61.060,63.152,-15.245
E07000113,Swale,2024,158.379,422.0285,298.267,159.349,388.714,49.176,17.597,56.446,59.718,-15.077
E07000114,Thanet,2005,129.301,112.4641,154.945,333.787,56.498,73.570,26.826,65.720,68.319,5.050
E07000114,Thanet,2006,129.601,112.4641,154.960,332.169,56.580,75.617,25.807,62.715,66.823,5.171
E07000114,Thanet,2007,130.637,112.4641,155.791,323.395,58.595,76.408,25.177,61.048,95.598,5.020
E07000114,Thanet,2008,131.75,112.4641,150.344,323.372,57.199,81.208,30.208,79.450,96.657,4.817
E07000114,Thanet,2009,132.337,112.4641,144.796,294.378,51.312,74.241,27.392,72.984,95.172,5.012
E07000114,Thanet,2010,133.508,112.4641,140.866,313.982,67.134,96.698,35.780,94.299,87.557,5.178
E07000114,Thanet,2011,134.402,112.4641,137.121,277.568,55.921,75.538,29.147,78.097,81.044,5.130
E07000114,Thanet,2012,135.73,112.4641,138.548,297.218,57.520,82.288,31.450,84.226,73.305,5.154
E07000114,Thanet,2013,136.916,112.4641,135.936,286.682,57.452,80.004,31.048,84.394,55.945,5.097
E07000114,Thanet,2014,138.695,112.4641,135.396,241.145,51.316,71.055,27.141,72.827,48.182,5.052
E07000114,Thanet,2015,139.668,112.4641,141.236,233.703,46.018,63.080,24.617,70.991,48.400,4.940
E07000114,Thanet,2016,140.373,112.4641,144.719,218.926,43.383,52.957,21.828,71.773,40.696,4.982
E07000114,Thanet,2017,140.68,112.4641,144.094,207.373,42.940,41.127,21.150,123.230,42.833,5.009
E07000114,Thanet,2018,140.848,112.4641,140.441,202.602,40.322,49.252,19.615,113.061,52.087,5.062
E07000114,Thanet,2019,140.624,112.4641,137.146,192.284,36.387,47.850,17.727,96.189,47.227,5.123
E07000114,Thanet,2020,139.945,112.4641,114.774,192.486,32.324,45.595,16.783,98.674,39.917,5.180
E07000114,Thanet,2021,140.658,112.4641,120.552,194.333,30.206,57.224,19.632,95.658,39.659,5.182
E07000114,Thanet,2022,140.699,112.4641,120.210,164.045,29.136,65.929,17.087,82.353,43.109,5.211
E07000114,Thanet,2023,141.049,112.4641,120.250,153.097,27.599,45.992,16.663,87.950,45.683,5.084
E07000114,Thanet,2024,142.691,112.4641,119.137,155.029,29.495,41.052,16.926,83.601,42.302,5.073
E07000115,Tonbridge and Malling,2005,111.719,240.9735,425.696,293.624,895.713,143.794,32.360,39.171,68.049,-22.772
E07000115,Tonbridge and Malling,2006,113.536,240.9735,419.475,296.900,844.361,151.050,32.215,35.612,67.495,-23.385
E07000115,Tonbridge and Malling,2007,115.469,240.9735,429.003,290.601,573.540,145.126,30.068,37.639,94.099,-23.999
E07000115,Tonbridge and Malling,2008,116.967,240.9735,408.408,294.016,778.387,155.374,31.307,40.407,95.089,-24.839
E07000115,Tonbridge and Malling,2009,118.459,240.9735,391.488,271.805,736.940,134.411,27.257,37.752,75.434,-25.076
E07000115,Tonbridge and Malling,2010,120.054,240.9735,405.528,293.403,578.523,145.478,29.691,39.310,69.337,-25.225
E07000115,Tonbridge and Malling,2011,121.087,240.9735,408.783,257.754,563.110,138.484,27.508,37.902,82.558,-25.774
E07000115,Tonbridge and Malling,2012,122.046,240.9735,396.505,277.099,564.930,139.462,28.388,38.872,84.515,-25.517
E07000115,Tonbridge and Malling,2013,123.006,240.9735,387.155,271.794,447.596,129.476,27.150,35.057,84.934,-26.489
E07000115,Tonbridge and Malling,2014,124.603,240.9735,402.415,231.809,385.849,144.855,43.680,34.681,79.566,-26.289
E07000115,Tonbridge and Malling,2015,125.712,240.9735,399.166,225.211,207.486,103.067,21.872,34.749,57.497,-27.209
E07000115,Tonbridge and Malling,2016,127.09,240.9735,413.307,215.093,271.390,75.615,17.906,33.372,50.218,-26.218
E07000115,Tonbridge and Malling,2017,128.68,240.9735,416.359,201.503,287.971,63.943,20.349,33.879,52.786,-26.962
E07000115,Tonbridge and Malling,2018,130.149,240.9735,410.039,199.647,234.223,73.638,17.251,31.477,58.016,-26.605
E07000115,Tonbridge and Malling,2019,131.502,240.9735,381.742,190.636,159.218,69.784,14.779,30.812,59.452,-26.891
E07000115,Tonbridge and Malling,2020,131.791,240.9735,331.883,189.089,152.470,61.425,13.659,29.513,56.296,-27.187
E07000115,Tonbridge and Malling,2021,132.363,240.9735,345.355,191.833,142.760,74.027,15.785,28.504,57.283,-26.276
E07000115,Tonbridge and Malling,2022,133.655,240.9735,346.595,165.299,141.325,62.846,14.827,25.754,62.898,-25.522
E07000115,Tonbridge and Malling,2023,135.432,240.9735,338.102,154.092,137.898,56.180,13.534,26.418,65.842,-26.698
E07000115,Tonbridge and Malling,2024,136.853,240.9735,340.821,157.784,131.191,50.169,13.893,27.024,60.254,-26.444
E07000116,Tunbridge Wells,2005,105.877,331.3287,190.654,300.950,54.986,129.641,46.244,77.337,54.216,-49.287
E07000116,Tunbridge Wells,2006,107.052,331.3287,187.778,303.442,54.505,130.853,46.342,78.525,53.016,-50.214
E07000116,Tunbridge Wells,2007,108.927,331.3287,192.354,296.198,54.258,121.859,43.177,73.704,77.496,-50.789
E07000116,Tunbridge Wells,2008,111.251,331.3287,182.056,297.516,48.394,123.222,43.208,76.316,79.331,-52.142
E07000116,Tunbridge Wells,2009,112.774,331.3287,175.688,273.068,43.771,111.818,39.726,72.565,68.189,-52.778
E07000116,Tunbridge Wells,2010,114.04,331.3287,173.023,295.198,48.453,118.806,41.423,74.890,57.773,-53.088
E07000116,Tunbridge Wells,2011,115.246,331.3287,172.259,260.161,46.528,113.176,37.936,70.922,57.972,-53.699
E07000116,Tunbridge Wells,2012,115.402,331.3287,168.626,280.454,48.338,121.351,41.324,72.978,51.806,-52.573
E07000116,Tunbridge Wells,2013,115.164,331.3287,166.210,273.649,45.807,111.733,38.864,70.673,42.763,-54.381
E07000116,Tunbridge Wells,2014,115.228,331.3287,170.173,232.838,39.975,95.369,32.719,66.415,41.178,-54.083
E07000116,Tunbridge Wells,2015,114.769,331.3287,171.752,225.630,38.468,83.214,30.029,67.207,42.473,-55.114
E07000116,Tunbridge Wells,2016,115.198,331.3287,178.830,212.981,35.184,66.828,24.218,64.160,35.283,-53.199
E07000116,Tunbridge Wells,2017,115.559,331.3287,175.772,198.582,35.946,53.262,24.649,67.098,41.134,-54.699
E07000116,Tunbridge Wells,2018,114.94,331.3287,174.609,196.738,31.216,61.967,21.818,60.911,35.788,-54.159
E07000116,Tunbridge Wells,2019,115.158,331.3287,170.365,188.905,29.489,58.417,20.376,56.853,33.617,-54.767
E07000116,Tunbridge Wells,2020,115.271,331.3287,142.013,187.972,26.617,51.055,19.790,55.195,31.863,-55.572
E07000116,Tunbridge Wells,2021,115.65,331.3287,151.459,190.625,28.210,57.056,21.725,60.325,31.161,-54.051
E07000116,Tunbridge Wells,2022,116.263,331.3287,153.858,163.629,26.997,54.255,19.385,53.528,34.045,-52.938
E07000116,Tunbridge Wells,2023,117.741,331.3287,148.713,153.468,26.360,47.071,17.715,51.912,36.634,-54.871
E07000116,Tunbridge Wells,2024,119.694,331.3287,148.053,157.454,23.412,41.364,17.619,51.011,32.843,-54.456
E07000117,Burnley,2005,87.624,110.684,169.256,231.456,131.286,92.080,46.908,23.857,78.357,1.140
E07000117,Burnley,2006,87.646,110.684,167.561,229.604,115.596,86.608,42.391,23.616,76.718,0.849
E07000117,Burnley,2007,87.256,110.684,167.091,221.728,111.948,80.292,40.295,21.390,71.850,0.617
E07000117,Burnley,2008,87.328,110.684,162.648,219.888,100.205,76.929,37.771,20.857,62.700,0.370
E07000117,Burnley,2009,87.027,110.684,157.344,197.631,83.500,61.928,30.118,19.776,59.102,0.207
E07000117,Burnley,2010,86.902,110.684,155.707,210.041,96.393,67.476,33.263,19.932,55.426,0.056
E07000117,Burnley,2011,87.032,110.684,154.634,184.663,88.448,57.418,28.228,19.402,60.030,-0.188
E07000117,Burnley,2012,87.563,110.684,152.076,195.922,87.064,62.821,29.596,19.034,50.135,-0.344
E07000117,Burnley,2013,87.795,110.684,148.940,190.966,94.072,60.379,29.974,19.241,44.817,-0.670
E07000117,Burnley,2014,88.786,110.684,151.174,160.280,89.749,52.946,26.146,18.783,39.558,-0.691
E07000117,Burnley,2015,89.23,110.684,149.692,160.273,84.025,47.530,25.135,18.619,33.772,-0.960
E07000117,Burnley,2016,89.891,110.684,153.919,145.965,72.615,40.996,21.116,18.907,42.244,-0.880
E07000117,Burnley,2017,90.902,110.684,152.862,141.991,66.168,35.438,21.626,19.089,49.934,-1.185
E07000117,Burnley,2018,91.994,110.684,153.494,141.451,60.022,42.248,20.390,18.732,48.262,-1.188
E07000117,Burnley,2019,92.949,110.684,154.651,137.327,63.154,60.040,18.559,18.162,39.816,-1.352
E07000117,Burnley,2020,93.927,110.684,126.414,133.157,54.040,46.790,16.871,18.270,37.896,-1.594
E07000117,Burnley,2021,94.734,110.684,127.084,137.002,51.612,52.448,18.981,19.773,35.908,-1.448
E07000117,Burnley,2022,95.894,110.684,126.940,113.882,43.843,53.170,18.995,19.528,43.959,-1.283
E07000117,Burnley,2023,97.425,110.684,126.056,109.637,42.808,38.856,17.287,18.360,46.135,-1.540
E07000117,Burnley,2024,99.233,110.684,126.677,107.916,34.724,36.445,17.179,18.129,50.463,-1.501
E07000118,Chorley,2005,103.279,202.9057,377.142,276.146,68.817,92.766,31.853,76.703,87.220,5.084
E07000118,Chorley,2006,103.807,202.9057,393.593,278.171,66.811,98.452,32.290,71.920,84.828,4.453
E07000118,Chorley,2007,104.362,202.9057,369.628,270.223,63.929,96.514,30.806,70.367,79.820,4.001
E07000118,Chorley,2008,105.396,202.9057,375.457,270.691,57.895,93.512,29.733,70.044,69.774,3.284
E07000118,Chorley,2009,105.682,202.9057,368.123,249.197,51.452,81.139,26.224,70.434,65.340,3.032
E07000118,Chorley,2010,106.443,202.9057,362.647,266.556,56.054,83.810,27.515,70.613,70.269,2.819
E07000118,Chorley,2011,107.591,202.9057,358.553,234.268,50.981,72.795,24.240,68.921,78.903,2.933
E07000118,Chorley,2012,108.916,202.9057,338.750,251.164,52.825,84.547,27.745,69.885,73.175,2.337
E07000118,Chorley,2013,110.16,202.9057,341.252,245.106,53.919,80.182,27.482,68.609,79.271,1.828
E07000118,Chorley,2014,111.174,202.9057,338.490,208.465,59.982,76.730,29.422,68.600,76.727,1.759
E07000118,Chorley,2015,112.418,202.9057,349.990,208.597,54.489,67.726,26.014,71.178,42.944,1.278
E07000118,Chorley,2016,113.593,202.9057,360.715,193.057,53.149,59.236,24.101,70.281,45.644,1.808
E07000118,Chorley,2017,114.81,202.9057,356.893,186.426,50.189,51.502,26.055,71.931,52.921,1.469
E07000118,Chorley,2018,115.739,202.9057,347.626,184.714,46.208,59.698,25.941,67.924,53.890,1.493
E07000118,Chorley,2019,116.762,202.9057,359.012,178.154,56.718,38.425,23.820,68.081,43.826,1.072
E07000118,Chorley,2020,117.178,202.9057,298.882,173.542,47.442,33.854,21.209,67.961,42.229,0.775
E07000118,Chorley,2021,117.908,202.9057,318.905,176.151,59.744,40.067,24.449,71.258,38.052,1.158
E07000118,Chorley,2022,118.677,202.9057,313.931,148.695,53.324,35.468,22.014,67.350,41.767,1.533
E07000118,Chorley,2023,119.823,202.9057,310.083,141.210,45.793,31.382,20.065,64.092,45.621,0.992
E07000118,Chorley,2024,120.839,202.9057,308.187,138.724,40.873,33.729,19.968,61.376,51.756,1.067
E07000119,Fylde,2005,74.841,182.6287,208.625,223.658,109.733,123.201,52.800,99.837,77.722,46.825
E07000119,Fylde,2006,74.824,182.6287,206.076,226.163,109.738,129.322,53.494,108.581,77.211,46.851
E07000119,Fylde,2007,75.305,182.6287,206.254,217.943,100.656,121.046,45.363,97.637,74.168,46.574
E07000119,Fylde,2008,75.23,182.6287,197.374,217.930,114.885,144.496,51.673,98.576,64.819,45.886
E07000119,Fylde,2009,75.441,182.6287,191.757,199.056,100.286,116.830,50.093,96.251,65.025,45.930
E07000119,Fylde,2010,75.61,182.6287,191.097,213.031,109.250,117.401,56.783,94.607,62.209,45.959
E07000119,Fylde,2011,76.098,182.6287,188.468,186.308,100.328,102.705,47.407,91.243,66.678,45.493
E07000119,Fylde,2012,75.901,182.6287,184.646,200.661,77.324,94.171,29.482,90.921,57.829,45.535
E07000119,Fylde,2013,76.253,182.6287,183.908,194.124,73.578,83.904,27.477,91.751,53.718,45.179
E07000119,Fylde,2014,76.907,182.6287,184.433,163.863,59.795,76.136,23.595,94.732,49.378,45.247
E07000119,Fylde,2015,77.135,182.6287,186.617,161.780,52.408,62.015,20.786,96.370,43.633,44.724
E07000119,Fylde,2016,77.886,182.6287,189.064,150.289,49.269,58.240,16.809,95.468,50.835,45.223
E07000119,Fylde,2017,78.423,182.6287,185.397,144.050,47.005,44.760,19.546,101.372,56.861,45.004
E07000119,Fylde,2018,79.191,182.6287,188.948,143.286,47.405,57.156,16.373,94.502,57.592,44.963
E07000119,Fylde,2019,79.852,182.6287,187.384,138.579,49.624,42.913,11.618,95.123,50.371,44.755
E07000119,Fylde,2020,80.176,182.6287,155.406,135.316,49.490,38.180,11.647,96.867,49.232,44.996
E07000119,Fylde,2021,81.75,182.6287,160.799,137.355,47.037,36.130,12.465,102.670,47.906,45.044
E07000119,Fylde,2022,83.05,182.6287,162.261,116.198,43.853,32.565,14.295,94.487,52.229,45.160
E07000119,Fylde,2023,84.21,182.6287,159.469,110.354,41.010,27.457,13.093,92.157,55.568,45.001
E07000119,Fylde,2024,85.447,182.6287,162.474,108.527,43.996,26.616,14.536,87.976,60.425,45.012
E07000120,Hyndburn,2005,81.311,72.9975,174.428,207.915,127.933,64.263,19.997,21.262,73.281,-2.860
E07000120,Hyndburn,2006,81.491,72.9975,173.040,206.692,123.280,65.336,19.248,20.582,71.717,-3.117
E07000120,Hyndburn,2007,81.453,72.9975,169.944,200.589,116.305,61.742,18.007,21.136,67.080,-3.333
E07000120,Hyndburn,2008,81.176,72.9975,162.770,198.753,113.964,61.743,17.893,22.087,58.197,-3.586
E07000120,Hyndburn,2009,81.003,72.9975,157.869,180.063,88.952,48.998,14.411,20.356,54.449,-3.816
E07000120,Hyndburn,2010,80.876,72.9975,158.275,190.427,99.313,52.563,15.561,20.878,50.635,-3.854
E07000120,Hyndburn,2011,80.549,72.9975,157.484,167.345,86.947,45.898,13.453,20.083,55.327,-4.037
E07000120,Hyndburn,2012,80.362,72.9975,154.503,177.990,89.198,51.176,14.647,20.134,46.824,-4.107
E07000120,Hyndburn,2013,80.316,72.9975,156.294,173.019,89.674,46.882,13.257,20.155,40.666,-4.306
E07000120,Hyndburn,2014,80.707,72.9975,158.586,144.505,85.434,41.935,12.346,18.668,35.810,-4.329
E07000120,Hyndburn,2015,80.781,72.9975,160.290,144.138,84.617,38.100,11.548,18.907,29.962,-4.593
E07000120,Hyndburn,2016,81.242,72.9975,163.926,131.271,67.433,31.487,9.366,19.135,37.394,-4.559
E07000120,Hyndburn,2017,81.392,72.9975,160.448,127.043,69.118,27.015,10.000,19.404,42.351,-4.765
E07000120,Hyndburn,2018,81.778,72.9975,160.785,125.446,75.566,33.719,9.761,19.631,42.869,-4.712
E07000120,Hyndburn,2019,81.954,72.9975,163.594,122.215,79.134,34.183,8.396,19.644,35.341,-4.824
E07000120,Hyndburn,2020,82.144,72.9975,132.895,118.607,73.264,30.827,7.997,19.365,34.371,-4.901
E07000120,Hyndburn,2021,82.271,72.9975,135.195,122.232,89.463,39.818,8.978,18.422,31.310,-4.796
E07000120,Hyndburn,2022,83.398,72.9975,134.414,101.730,71.116,42.326,6.512,17.415,34.533,-4.676
E07000120,Hyndburn,2023,84.747,72.9975,133.069,97.248,65.526,34.574,5.961,20.739,37.084,-4.867
E07000120,Hyndburn,2024,86.058,72.9975,131.974,95.536,66.494,29.984,6.388,20.323,42.217,-4.841
E07000121,Lancaster,2005,136.764,654.027,394.546,348.976,157.970,114.461,79.575,242.275,119.251,56.978
E07000121,Lancaster,2006,136.682,654.027,390.321,348.346,144.428,109.985,74.269,240.064,116.613,55.671
E07000121,Lancaster,2007,136.235,654.027,389.276,335.850,138.794,105.523,70.903,238.656,108.899,55.031
E07000121,Lancaster,2008,135.812,654.027,379.032,335.544,134.380,114.388,72.571,238.404,93.603,53.503
E07000121,Lancaster,2009,136.013,654.027,372.377,306.366,119.006,95.812,63.108,236.243,95.905,52.671
E07000121,Lancaster,2010,137.12,654.027,371.115,327.531,127.300,104.901,67.175,241.658,85.815,52.098
E07000121,Lancaster,2011,137.823,654.027,366.051,287.389,113.145,91.797,59.123,238.708,99.934,50.626
E07000121,Lancaster,2012,138.452,654.027,359.466,306.723,121.054,105.586,67.094,240.957,76.544,50.788
E07000121,Lancaster,2013,138.695,654.027,357.257,298.108,120.890,97.280,64.960,239.364,67.092,49.522
E07000121,Lancaster,2014,138.469,654.027,363.186,252.928,111.606,83.836,57.305,241.996,57.519,49.665
E07000121,Lancaster,2015,138.102,654.027,362.957,248.957,102.541,71.565,48.609,246.253,48.401,48.540
E07000121,Lancaster,2016,138.572,654.027,362.943,228.790,92.003,58.047,41.912,243.093,61.900,49.420
E07000121,Lancaster,2017,138.678,654.027,366.964,220.219,101.230,47.247,35.945,247.527,70.932,48.207
E07000121,Lancaster,2018,138.995,654.027,372.047,216.216,103.484,54.149,36.578,235.530,71.500,48.649
E07000121,Lancaster,2019,139.795,654.027,363.858,208.223,89.302,50.794,41.537,238.893,56.489,48.491
E07000121,Lancaster,2020,140.881,654.027,300.858,202.239,74.130,42.765,42.468,246.304,54.324,47.936
E07000121,Lancaster,2021,142.351,654.027,333.015,206.164,87.299,52.649,45.932,245.009,51.334,48.468
E07000121,Lancaster,2022,144.366,654.027,325.033,171.020,86.747,48.230,40.271,240.269,55.662,48.867
E07000121,Lancaster,2023,145.056,654.027,316.967,163.661,82.728,38.461,30.258,244.049,58.515,47.162
E07000121,Lancaster,2024,145.006,654.027,317.547,159.412,57.330,36.042,27.605,242.716,67.107,46.743
E07000122,Pendle,2005,88.312,169.3801,162.645,233.503,150.081,79.268,20.292,65.186,83.993,0.121
E07000122,Pendle,2006,88.788,169.3801,157.931,231.280,148.906,82.520,20.087,60.738,82.888,-0.139
E07000122,Pendle,2007,88.819,169.3801,160.321,224.779,141.219,76.862,18.930,59.105,77.914,-0.426
E07000122,Pendle,2008,89.005,169.3801,153.913,224.548,130.562,75.787,17.692,58.225,67.838,-0.725
E07000122,Pendle,2009,89.287,169.3801,150.104,202.984,115.134,64.314,15.439,54.823,64.024,-0.950
E07000122,Pendle,2010,89.234,169.3801,147.759,215.880,131.608,69.518,17.141,56.122,60.151,-1.133
E07000122,Pendle,2011,89.576,169.3801,143.332,191.412,114.853,57.894,14.436,55.546,65.677,-1.399
E07000122,Pendle,2012,89.873,169.3801,141.080,203.404,127.214,71.473,17.177,55.323,55.252,-1.557
E07000122,Pendle,2013,90.72,169.3801,140.750,198.596,129.619,66.774,16.376,54.665,49.849,-1.887
E07000122,Pendle,2014,90.803,169.3801,142.443,166.939,114.305,56.530,14.137,55.094,44.850,-1.895
E07000122,Pendle,2015,91.531,169.3801,143.087,166.853,102.130,46.430,12.093,56.079,38.139,-2.291
E07000122,Pendle,2016,92.502,169.3801,147.485,153.111,89.241,39.352,10.248,55.636,46.660,-2.211
E07000122,Pendle,2017,93.066,169.3801,146.248,148.441,84.784,32.627,10.625,56.390,52.536,-2.473
E07000122,Pendle,2018,93.872,169.3801,146.335,147.697,73.838,35.799,10.183,55.245,52.782,-2.483
E07000122,Pendle,2019,94.896,169.3801,147.042,143.769,69.245,33.141,9.923,54.195,44.048,-2.597
E07000122,Pendle,2020,95.099,169.3801,125.421,139.010,58.584,26.049,9.262,53.201,42.417,-2.744
E07000122,Pendle,2021,95.819,169.3801,125.978,143.773,59.611,33.832,10.510,52.223,39.214,-2.698
E07000122,Pendle,2022,96.509,169.3801,126.197,120.145,50.590,34.790,9.470,51.011,44.572,-2.696
E07000122,Pendle,2023,97.881,169.3801,122.639,115.249,48.051,25.996,8.598,50.015,49.301,-3.421
E07000122,Pendle,2024,99.777,169.3801,121.931,113.714,46.665,21.488,7.374,49.859,52.930,-3.440
E07000123,Preston,2005,136.2,142.9448,338.246,334.328,91.113,224.354,107.423,93.872,113.203,0.245
E07000123,Preston,2006,137.784,142.9448,333.834,332.104,82.608,218.502,92.306,92.117,110.810,-0.105
E07000123,Preston,2007,138.47,142.9448,333.401,321.656,82.122,211.344,87.207,92.108,104.429,-0.599
E07000123,Preston,2008,138.443,142.9448,317.565,322.702,76.762,214.667,92.264,91.707,89.978,-0.922
E07000123,Preston,2009,137.956,142.9448,319.112,294.614,63.422,168.180,77.329,89.531,86.930,-1.187
E07000123,Preston,2010,138.831,142.9448,317.125,314.157,74.128,196.709,89.817,93.646,129.354,-1.463
E07000123,Preston,2011,140.054,142.9448,315.684,274.680,70.179,171.357,78.708,92.229,88.829,-1.843
E07000123,Preston,2012,140.216,142.9448,304.147,294.135,69.937,192.161,85.182,92.607,73.728,-1.881
E07000123,Preston,2013,140.302,142.9448,306.005,283.566,68.628,174.654,79.475,88.884,68.067,-2.188
E07000123,Preston,2014,140.158,142.9448,305.926,238.856,63.590,150.218,68.341,90.987,55.982,-2.373
E07000123,Preston,2015,140.615,142.9448,310.485,237.618,58.134,130.573,63.942,93.580,45.757,-2.716
E07000123,Preston,2016,140.468,142.9448,314.395,219.243,54.237,108.253,53.686,92.844,66.402,-2.609
E07000123,Preston,2017,141.734,142.9448,315.102,211.724,51.156,99.224,52.094,94.202,95.199,-2.668
E07000123,Preston,2018,142.417,142.9448,306.889,210.839,54.264,105.081,52.273,89.987,121.670,-2.637
E07000123,Preston,2019,144.624,142.9448,307.371,203.868,56.793,95.082,45.368,90.024,102.365,-2.760
E07000123,Preston,2020,145.912,142.9448,260.557,199.373,67.492,104.368,45.113,90.581,83.522,-2.831
E07000123,Preston,2021,147.786,142.9448,270.223,206.886,47.646,102.755,55.797,99.731,71.686,-2.797
E07000123,Preston,2022,152.55,142.9448,269.430,178.079,37.515,98.162,45.789,95.484,70.527,-2.674
E07000123,Preston,2023,158.317,142.9448,266.562,170.341,36.482,93.031,41.812,94.882,76.408,-2.879
E07000123,Preston,2024,162.864,142.9448,273.833,168.649,33.996,90.019,48.484,95.648,82.626,-2.861
E07000124,Ribble Valley,2005,56.358,584.4714,135.824,169.191,1317.057,159.901,16.983,225.264,56.824,-28.279
E07000124,Ribble Valley,2006,56.664,584.4714,135.007,170.551,906.725,155.875,16.151,217.560,56.628,-29.465
E07000124,Ribble Valley,2007,56.986,584.4714,136.718,165.832,868.415,150.579,14.781,215.865,53.806,-30.304
E07000124,Ribble Valley,2008,57.158,584.4714,130.708,165.970,774.348,145.116,13.996,217.425,46.711,-31.736
E07000124,Ribble Valley,2009,57.004,584.4714,125.579,152.283,591.336,119.822,11.992,212.517,44.371,-32.471
E07000124,Ribble Valley,2010,57.218,584.4714,124.271,163.504,771.014,136.085,14.576,213.253,42.342,-32.875
E07000124,Ribble Valley,2011,57.292,584.4714,121.136,144.176,813.785,127.818,13.485,211.502,46.090,-33.810
E07000124,Ribble Valley,2012,57.509,584.4714,118.033,152.900,600.000,125.157,12.523,213.186,39.209,-32.207
E07000124,Ribble Valley,2013,57.692,584.4714,114.374,149.074,774.409,125.939,13.195,220.668,35.605,-34.036
E07000124,Ribble Valley,2014,57.911,584.4714,117.553,127.482,929.214,114.008,11.830,223.881,32.740,-34.315
E07000124,Ribble Valley,2015,58.275,584.4714,118.515,126.646,888.086,99.181,10.082,223.306,28.442,-35.374
E07000124,Ribble Valley,2016,58.611,584.4714,124.334,117.131,722.744,80.759,8.589,223.638,33.420,-34.211
E07000124,Ribble Valley,2017,59.066,584.4714,121.534,112.675,685.734,72.800,8.419,228.075,37.786,-35.567
E07000124,Ribble Valley,2018,59.452,584.4714,124.760,112.594,774.343,69.889,8.452,221.675,37.816,-35.486
E07000124,Ribble Valley,2019,59.903,584.4714,123.033,108.579,711.723,45.018,7.008,221.254,32.224,-35.662
E07000124,Ribble Valley,2020,60.78,584.4714,103.818,106.115,683.058,39.741,6.460,220.735,31.703,-36.645
E07000124,Ribble Valley,2021,61.865,584.4714,113.841,107.739,752.397,47.636,6.921,218.804,29.815,-35.727
E07000124,Ribble Valley,2022,63.235,584.4714,112.278,90.725,666.635,45.590,5.950,216.943,32.329,-35.031
E07000124,Ribble Valley,2023,64.736,584.4714,111.313,87.379,568.825,38.133,5.497,212.960,34.705,-36.304
E07000124,Ribble Valley,2024,65.794,584.4714,112.608,86.915,608.202,34.480,5.525,212.721,38.367,-36.675
E07000125,Rossendale,2005,65.872,138.0412,153.417,193.410,169.838,73.472,23.397,35.074,69.927,6.550
E07000125,Rossendale,2006,66.199,138.0412,152.185,195.463,166.404,75.303,23.353,31.761,69.689,6.197
E07000125,Rossendale,2007,66.623,138.0412,151.155,188.926,149.266,70.462,21.297,32.792,68.033,5.715
E07000125,Rossendale,2008,67.063,138.0412,143.195,188.673,142.962,69.261,20.529,31.418,60.441,5.348
E07000125,Rossendale,2009,67.479,138.0412,141.393,169.957,125.465,59.791,17.864,30.304,60.226,4.954
E07000125,Rossendale,2010,67.824,138.0412,140.161,180.245,116.182,42.337,14.618,28.459,60.420,4.824
E07000125,Rossendale,2011,68.053,138.0412,137.782,158.492,121.344,52.351,16.260,29.090,68.219,4.401
E07000125,Rossendale,2012,68.144,138.0412,137.000,169.107,125.648,59.050,17.985,29.488,61.081,4.196
E07000125,Rossendale,2013,68.505,138.0412,136.328,165.696,122.563,53.773,16.697,28.973,59.599,3.729
E07000125,Rossendale,2014,68.931,138.0412,140.861,139.206,106.726,46.330,14.430,27.687,58.602,3.531
E07000125,Rossendale,2015,69.196,138.0412,140.554,139.354,96.769,38.264,12.350,27.907,54.332,3.077
E07000125,Rossendale,2016,69.475,138.0412,145.342,127.749,83.373,29.124,9.542,27.592,62.483,3.180
E07000125,Rossendale,2017,70.084,138.0412,138.999,123.795,81.683,23.364,9.991,27.628,70.201,2.816
E07000125,Rossendale,2018,70.515,138.0412,140.063,121.784,75.246,27.100,9.316,26.546,69.392,2.739
E07000125,Rossendale,2019,70.884,138.0412,136.769,118.511,67.006,32.285,7.277,25.821,61.338,2.554
E07000125,Rossendale,2020,70.811,138.0412,117.336,114.576,61.821,28.732,6.717,25.620,60.732,2.513
E07000125,Rossendale,2021,71.008,138.0412,118.170,117.366,68.309,35.482,7.650,24.157,60.591,2.668
E07000125,Rossendale,2022,71.264,138.0412,115.948,97.083,62.155,31.093,6.068,23.088,62.051,3.658
E07000125,Rossendale,2023,71.962,138.0412,117.189,93.074,53.916,28.695,5.714,27.980,66.015,2.634
E07000125,Rossendale,2024,73.045,138.0412,116.879,91.729,57.609,17.195,6.318,27.862,70.634,2.532
E07000126,South Ribble,2005,105.753,114.6149,271.111,275.847,164.886,120.993,22.158,59.531,117.095,5.951
E07000126,South Ribble,2006,106.512,114.6149,270.593,279.859,158.741,126.608,22.538,56.587,119.926,5.841
E07000126,South Ribble,2007,107.128,114.6149,265.891,270.816,149.832,114.244,20.715,54.904,116.007,5.366
E07000126,South Ribble,2008,107.83,114.6149,266.724,270.034,139.158,119.523,20.421,55.002,102.169,5.050
E07000126,South Ribble,2009,108.609,114.6149,258.827,247.177,109.561,86.079,15.719,53.743,96.564,4.832
E07000126,South Ribble,2010,108.846,114.6149,257.386,263.787,132.670,104.045,18.338,54.780,92.339,4.701
E07000126,South Ribble,2011,109.181,114.6149,250.535,229.622,125.499,89.517,15.885,54.131,100.839,4.152
E07000126,South Ribble,2012,108.879,114.6149,244.432,244.996,130.351,109.779,18.866,54.116,87.657,4.098
E07000126,South Ribble,2013,108.916,114.6149,246.411,237.472,133.702,106.125,18.426,57.033,81.989,3.937
E07000126,South Ribble,2014,109.357,114.6149,247.599,201.379,126.807,94.856,16.496,58.021,78.861,3.887
E07000126,South Ribble,2015,109.873,114.6149,249.664,199.394,119.225,84.901,14.901,58.238,69.383,3.519
E07000126,South Ribble,2016,110.253,114.6149,257.105,182.816,106.471,72.680,12.289,58.739,81.223,3.700
E07000126,South Ribble,2017,110.348,114.6149,256.934,176.202,109.250,67.756,12.885,61.095,92.144,3.484
E07000126,South Ribble,2018,110.334,114.6149,252.082,174.540,91.497,68.087,11.576,57.132,90.364,3.517
E07000126,South Ribble,2019,110.477,114.6149,250.551,167.260,114.230,49.350,9.729,56.498,81.748,3.580
E07000126,South Ribble,2020,110.613,114.6149,211.678,163.346,98.609,42.744,8.502,57.611,78.550,3.727
E07000126,South Ribble,2021,111.203,114.6149,216.439,165.247,108.372,47.634,9.519,51.698,74.052,3.838
E07000126,South Ribble,2022,112.351,114.6149,222.792,139.397,87.438,44.454,7.821,48.754,75.536,4.055
E07000126,South Ribble,2023,113.957,114.6149,218.507,133.470,77.759,38.576,7.380,54.688,79.323,3.903
E07000126,South Ribble,2024,116.113,114.6149,220.128,131.136,76.916,40.928,7.868,55.133,86.536,3.955
E07000127,West Lancashire,2005,109.806,381.3803,252.289,298.798,276.768,97.451,40.876,163.083,119.437,236.739
E07000127,West Lancashire,2006,110.308,381.3803,253.642,298.516,262.596,94.724,38.478,164.289,118.013,233.801
E07000127,West Lancashire,2007,110.72,381.3803,252.612,288.941,237.406,90.061,35.899,158.965,114.683,231.649
E07000127,West Lancashire,2008,110.666,381.3803,246.780,286.813,163.372,92.018,34.738,161.480,104.326,229.413
E07000127,West Lancashire,2009,110.583,381.3803,237.069,263.375,130.722,77.479,30.985,156.681,100.971,230.079
E07000127,West Lancashire,2010,110.763,381.3803,234.583,281.647,148.025,85.044,35.449,154.038,96.559,229.715
E07000127,West Lancashire,2011,110.617,381.3803,227.458,247.061,131.690,68.806,31.014,145.908,101.003,228.318
E07000127,West Lancashire,2012,111.04,381.3803,222.369,263.313,144.930,81.218,33.795,149.722,88.786,227.983
E07000127,West Lancashire,2013,111.735,381.3803,221.298,254.012,148.885,78.138,33.389,155.773,81.921,227.254
E07000127,West Lancashire,2014,112.544,381.3803,225.098,215.608,133.188,69.104,29.092,142.640,75.805,225.365
E07000127,West Lancashire,2015,113.536,381.3803,229.343,211.858,126.747,63.498,28.577,149.965,67.188,223.983
E07000127,West Lancashire,2016,114.243,381.3803,234.186,194.787,108.619,53.832,25.657,147.740,76.644,224.377
E07000127,West Lancashire,2017,115.21,381.3803,231.255,185.824,122.508,65.320,25.350,145.337,85.279,223.714
E07000127,West Lancashire,2018,115.366,381.3803,227.881,184.334,145.281,91.346,25.193,142.272,85.703,221.930
E07000127,West Lancashire,2019,115.744,381.3803,226.151,178.171,154.800,89.464,22.789,152.478,75.004,220.475
E07000127,West Lancashire,2020,116.198,381.3803,192.461,172.533,156.136,59.793,23.142,160.437,73.531,220.196
E07000127,West Lancashire,2021,117.099,381.3803,200.287,176.159,182.834,71.574,23.369,153.906,68.751,219.939
E07000127,West Lancashire,2022,119.401,381.3803,199.470,148.618,169.362,61.803,23.833,151.505,73.160,220.294
E07000127,West Lancashire,2023,120.157,381.3803,196.133,142.261,138.530,50.790,18.687,136.821,76.627,219.714
E07000127,West Lancashire,2024,121.995,381.3803,197.393,140.536,104.135,43.969,19.590,137.807,85.273,219.631
E07000128,Wyre,2005,108.188,328.7715,250.666,305.261,142.463,81.930,16.118,178.718,101.787,87.370
E07000128,Wyre,2006,108.435,328.7715,249.999,307.250,162.166,96.122,17.922,173.504,99.558,87.158
E07000128,Wyre,2007,108.475,328.7715,248.625,294.729,161.502,101.567,18.075,176.836,95.388,86.507
E07000128,Wyre,2008,108.245,328.7715,240.940,293.701,151.885,91.361,16.631,173.533,85.192,85.707
E07000128,Wyre,2009,108.057,328.7715,233.276,267.648,139.232,79.651,14.976,176.618,111.988,85.416
E07000128,Wyre,2010,107.912,328.7715,244.481,286.027,156.004,90.749,16.585,177.578,87.461,85.188
E07000128,Wyre,2011,107.692,328.7715,241.782,249.908,128.644,68.537,13.351,173.276,85.168,84.642
E07000128,Wyre,2012,107.466,328.7715,230.074,266.481,155.472,89.586,16.332,176.247,69.594,84.444
E07000128,Wyre,2013,107.497,328.7715,230.242,257.572,154.480,84.702,15.693,182.150,63.014,84.026
E07000128,Wyre,2014,107.765,328.7715,235.845,217.573,134.896,74.896,14.158,185.048,57.556,83.763
E07000128,Wyre,2015,108.461,328.7715,236.956,215.467,133.904,71.475,13.250,185.564,50.232,82.780
E07000128,Wyre,2016,108.574,328.7715,239.878,197.516,115.754,60.600,11.294,184.305,59.787,83.275
E07000128,Wyre,2017,108.707,328.7715,235.922,189.153,117.518,53.406,11.346,186.979,66.552,82.915
E07000128,Wyre,2018,109.019,328.7715,234.372,188.130,106.203,65.417,10.628,180.108,66.992,82.564
E07000128,Wyre,2019,109.544,328.7715,231.964,181.976,89.915,62.560,9.254,179.702,57.221,82.067
E07000128,Wyre,2020,110.409,328.7715,195.582,176.414,90.825,56.350,10.110,176.982,56.303,81.805
E07000128,Wyre,2021,112.434,328.7715,207.993,179.061,107.394,61.435,11.686,173.944,52.845,81.810
E07000128,Wyre,2022,114.974,328.7715,207.809,150.789,99.287,57.604,10.271,166.429,57.615,81.782
E07000128,Wyre,2023,116.832,328.7715,202.006,144.182,80.783,45.579,8.965,171.233,61.856,81.404
E07000128,Wyre,2024,118.743,328.7715,202.929,141.698,75.635,40.022,8.334,165.836,68.481,81.404
E07000129,Blaby,2005,91.721,130.4686,341.524,244.277,72.562,103.904,23.345,55.215,28.254,1.976
E07000129,Blaby,2006,92.266,130.4686,347.365,240.727,70.628,107.967,22.081,50.158,28.198,2.096
E07000129,Blaby,2007,92.741,130.4686,340.761,233.985,68.150,105.525,19.402,52.332,24.068,1.704
E07000129,Blaby,2008,93.341,130.4686,327.696,234.770,64.837,109.281,20.944,49.439,25.542,1.168
E07000129,Blaby,2009,93.511,130.4686,316.949,212.516,59.170,94.433,18.177,50.624,31.382,1.218
E07000129,Blaby,2010,93.935,130.4686,322.244,228.359,66.188,99.433,19.743,52.123,27.925,1.124
E07000129,Blaby,2011,94.132,130.4686,307.294,201.381,62.892,92.704,18.188,50.547,30.473,0.750
E07000129,Blaby,2012,94.656,130.4686,304.060,216.581,65.860,100.918,18.451,51.140,26.289,0.844
E07000129,Blaby,2013,95.045,130.4686,313.241,211.478,70.387,100.200,18.310,52.259,25.643,0.619
E07000129,Blaby,2014,95.964,130.4686,317.445,180.022,63.465,88.913,16.559,53.386,31.691,0.485
E07000129,Blaby,2015,96.604,130.4686,315.703,177.520,58.579,77.334,14.345,54.100,31.865,0.083
E07000129,Blaby,2016,98.014,130.4686,326.520,168.290,50.866,52.008,11.868,54.308,37.854,0.593
E07000129,Blaby,2017,99.366,130.4686,336.643,162.831,52.098,54.878,11.902,55.592,43.378,0.419
E07000129,Blaby,2018,100.767,130.4686,331.552,159.580,49.216,60.654,10.304,51.133,44.427,0.455
E07000129,Blaby,2019,101.777,130.4686,326.622,154.673,44.472,51.477,9.777,50.174,45.309,0.307
E07000129,Blaby,2020,102.293,130.4686,284.573,151.680,43.337,45.524,8.827,47.006,40.269,0.557
E07000129,Blaby,2021,103.271,130.4686,321.043,152.710,44.579,51.893,9.875,41.698,35.728,0.633
E07000129,Blaby,2022,104.287,130.4686,317.371,130.510,42.834,51.923,8.886,42.549,39.559,0.779
E07000129,Blaby,2023,105.513,130.4686,312.086,120.847,38.207,45.074,12.117,43.494,31.518,0.572
E07000129,Blaby,2024,108.165,130.4686,312.085,122.799,38.591,45.097,12.750,43.606,32.736,0.597
E07000130,Charnwood,2005,155.768,279.0426,349.239,406.924,252.026,172.997,68.989,95.705,75.682,-5.793
E07000130,Charnwood,2006,157.153,279.0426,347.578,403.971,256.801,181.044,72.342,95.606,76.323,-6.114
E07000130,Charnwood,2007,158.667,279.0426,351.666,394.771,243.287,175.287,68.102,94.158,69.024,-7.107
E07000130,Charnwood,2008,160.509,279.0426,340.358,397.434,234.448,174.609,67.624,94.236,70.548,-8.165
E07000130,Charnwood,2009,162.33,279.0426,331.576,360.411,205.201,145.231,58.318,88.189,82.877,-8.180
E07000130,Charnwood,2010,164.346,279.0426,329.508,388.859,222.422,150.081,63.002,90.332,77.795,-8.324
E07000130,Charnwood,2011,165.876,279.0426,324.648,341.923,192.280,125.287,51.872,84.303,84.722,-8.729
E07000130,Charnwood,2012,167.474,279.0426,319.045,367.940,187.831,124.373,52.797,85.131,80.967,-8.616
E07000130,Charnwood,2013,168.766,279.0426,316.212,359.215,200.046,130.761,55.376,87.507,81.100,-9.477
E07000130,Charnwood,2014,170.946,279.0426,330.370,306.176,187.087,116.988,49.907,82.934,88.460,-9.445
E07000130,Charnwood,2015,172.909,279.0426,329.053,301.057,169.854,102.237,47.814,85.337,88.732,-10.325
E07000130,Charnwood,2016,174.625,279.0426,342.844,284.719,153.214,92.475,43.893,83.481,98.826,-9.504
E07000130,Charnwood,2017,176.997,279.0426,343.937,274.262,153.640,67.470,43.603,84.030,108.723,-10.086
E07000130,Charnwood,2018,179.191,279.0426,335.549,271.612,129.573,86.233,39.917,78.928,110.606,-9.865
E07000130,Charnwood,2019,180.988,279.0426,337.816,263.571,115.922,72.672,35.291,79.114,112.923,-10.319
E07000130,Charnwood,2020,182.108,279.0426,281.456,257.941,105.920,62.640,35.180,77.233,104.520,-10.134
E07000130,Charnwood,2021,182.906,279.0426,320.650,260.498,114.960,72.310,44.783,75.114,95.925,-9.645
E07000130,Charnwood,2022,185.174,279.0426,325.319,222.838,97.516,68.106,54.233,68.976,102.177,-4.482
E07000130,Charnwood,2023,187.179,279.0426,325.743,207.620,88.902,59.721,49.319,66.050,87.940,-9.854
E07000130,Charnwood,2024,188.385,279.0426,322.447,210.851,84.588,53.845,50.127,63.338,90.261,-9.674
E07000131,Harborough,2005,80.486,592.6921,352.501,233.112,80.383,109.992,18.108,201.722,22.936,-4.989
E07000131,Harborough,2006,81.492,592.6921,353.164,233.057,73.778,110.277,16.830,197.063,22.748,-4.437
E07000131,Harborough,2007,82.593,592.6921,356.763,228.486,69.948,102.707,15.307,198.159,19.241,-6.467
E07000131,Harborough,2008,83.417,592.6921,335.252,229.551,67.361,107.081,16.808,201.837,20.924,-8.062
E07000131,Harborough,2009,84.132,592.6921,326.700,210.309,60.495,94.810,14.860,196.690,26.154,-8.178
E07000131,Harborough,2010,84.849,592.6921,325.328,226.893,66.046,97.399,15.987,201.734,28.952,-8.038
E07000131,Harborough,2011,85.699,592.6921,316.741,200.682,60.419,83.131,13.729,193.796,31.159,-9.116
E07000131,Harborough,2012,86.35,592.6921,311.613,216.040,59.195,90.404,14.881,199.016,27.148,-8.366
E07000131,Harborough,2013,87.346,592.6921,323.924,211.941,62.776,87.226,14.873,193.437,25.852,-9.692
E07000131,Harborough,2014,87.991,592.6921,334.140,181.669,59.515,82.093,13.221,200.236,28.113,-9.770
E07000131,Harborough,2015,89.402,592.6921,330.035,178.557,54.999,64.945,11.664,206.056,28.064,-11.616
E07000131,Harborough,2016,90.61,592.6921,344.043,169.884,44.608,55.101,10.490,207.291,33.702,-9.346
E07000131,Harborough,2017,91.718,592.6921,344.185,163.018,47.896,44.258,10.687,208.667,39.423,-9.921
E07000131,Harborough,2018,92.648,592.6921,343.608,161.637,42.865,51.215,9.975,203.508,39.647,-10.442
E07000131,Harborough,2019,93.661,592.6921,330.049,157.539,33.471,44.048,9.384,204.064,41.371,-11.222
E07000131,Harborough,2020,95.288,592.6921,285.158,156.048,31.272,40.015,8.981,191.807,37.501,-10.845
E07000131,Harborough,2021,98.254,592.6921,312.248,158.930,34.516,45.753,10.515,187.414,33.618,-10.510
E07000131,Harborough,2022,100.666,592.6921,313.688,136.347,37.886,43.009,9.708,182.312,38.640,-10.251
E07000131,Harborough,2023,102.91,592.6921,313.044,128.415,34.706,39.974,9.101,182.588,30.469,-11.382
E07000131,Harborough,2024,104.713,592.6921,304.705,131.851,33.402,31.746,8.432,182.239,30.617,-11.434
E07000132,Hinckley and Bosworth,2005,102.431,297.3514,302.355,278.206,172.343,123.401,18.348,116.905,33.137,-4.784
E07000132,Hinckley and Bosworth,2006,102.996,297.3514,294.089,277.074,171.960,124.340,18.181,116.462,33.639,-5.122
E07000132,Hinckley and Bosworth,2007,103.45,297.3514,302.440,269.699,150.057,102.427,14.813,111.958,29.177,-5.923
E07000132,Hinckley and Bosworth,2008,104.179,297.3514,287.747,270.746,141.501,97.916,14.006,112.629,30.604,-6.883
E07000132,Hinckley and Bosworth,2009,104.473,297.3514,276.844,245.052,108.962,78.402,11.077,105.895,52.402,-6.579
E07000132,Hinckley and Bosworth,2010,104.734,297.3514,276.320,262.815,128.119,85.708,12.363,108.907,34.558,-6.890
E07000132,Hinckley and Bosworth,2011,105.328,297.3514,274.123,232.711,115.871,71.376,10.298,103.514,37.866,-7.200
E07000132,Hinckley and Bosworth,2012,105.955,297.3514,267.478,249.566,129.186,84.287,12.209,105.831,33.406,-7.117
E07000132,Hinckley and Bosworth,2013,106.415,297.3514,269.592,244.336,131.086,81.108,11.867,105.647,32.593,-7.748
E07000132,Hinckley and Bosworth,2014,107.468,297.3514,277.448,209.368,129.035,73.474,10.864,104.378,40.181,-7.787
E07000132,Hinckley and Bosworth,2015,108.609,297.3514,274.154,207.083,124.061,66.001,9.797,107.522,40.576,-8.782
E07000132,Hinckley and Bosworth,2016,109.92,297.3514,291.471,193.556,112.177,59.488,8.500,105.385,46.959,-7.550
E07000132,Hinckley and Bosworth,2017,111.431,297.3514,297.933,186.211,99.941,52.657,8.768,105.528,53.204,-8.055
E07000132,Hinckley and Bosworth,2018,112.245,297.3514,292.060,181.263,95.346,50.423,8.410,96.715,54.697,-7.998
E07000132,Hinckley and Bosworth,2019,112.688,297.3514,278.916,174.831,99.293,43.827,7.934,92.682,55.552,-8.350
E07000132,Hinckley and Bosworth,2020,113.051,297.3514,242.918,172.403,87.754,44.513,9.450,86.674,49.928,-8.209
E07000132,Hinckley and Bosworth,2021,113.653,297.3514,272.483,173.500,100.559,50.862,9.478,83.766,51.362,-7.811
E07000132,Hinckley and Bosworth,2022,114.327,297.3514,268.099,147.960,100.755,43.990,8.981,80.980,47.107,-2.789
E07000132,Hinckley and Bosworth,2023,115.314,297.3514,270.490,138.197,89.005,38.842,7.715,80.736,47.916,-8.178
E07000132,Hinckley and Bosworth,2024,116.682,297.3514,271.931,140.033,87.440,37.147,7.734,78.995,46.357,-8.106
E07000133,Melton,2005,48.605,481.3806,122.512,136.789,115.421,37.921,10.958,154.080,16.946,-4.761
E07000133,Melton,2006,48.724,481.3806,123.086,136.518,109.824,37.223,10.311,141.684,17.174,-4.073
E07000133,Melton,2007,49.153,481.3806,125.996,132.540,103.146,34.674,9.691,145.741,15.111,-5.897
E07000133,Melton,2008,49.287,481.3806,122.169,132.537,107.549,37.762,10.284,149.720,15.636,-7.489
E07000133,Melton,2009,49.481,481.3806,117.564,121.627,100.070,33.236,9.379,144.906,19.779,-7.097
E07000133,Melton,2010,50.077,481.3806,117.150,131.090,105.483,32.368,9.636,149.091,32.057,-7.004
E07000133,Melton,2011,50.495,481.3806,114.400,115.685,87.335,26.215,8.033,144.458,27.671,-7.810
E07000133,Melton,2012,50.814,481.3806,114.050,123.543,104.355,32.250,9.520,151.324,30.318,-7.073
E07000133,Melton,2013,50.891,481.3806,114.465,119.928,109.860,33.120,9.808,147.514,66.013,-7.861
E07000133,Melton,2014,50.99,481.3806,116.594,103.057,95.199,29.331,8.593,147.732,30.128,-7.977
E07000133,Melton,2015,51.013,481.3806,117.861,99.971,88.503,25.789,7.652,157.747,25.345,-8.758
E07000133,Melton,2016,51.146,481.3806,123.100,93.808,75.723,20.893,6.291,155.451,25.987,-7.117
E07000133,Melton,2017,51.113,481.3806,122.219,89.817,66.049,16.845,6.026,154.646,39.748,-7.382
E07000133,Melton,2018,51.331,481.3806,120.481,88.095,62.848,20.701,6.077,145.796,53.019,-7.446
E07000133,Melton,2019,51.47,481.3806,115.707,85.510,57.946,19.651,5.330,146.605,27.903,-8.103
E07000133,Melton,2020,51.583,481.3806,98.298,84.360,52.431,16.961,4.981,137.253,48.594,-7.742
E07000133,Melton,2021,51.756,481.3806,108.753,85.235,66.629,18.684,5.391,142.001,28.937,-7.296
E07000133,Melton,2022,52.451,481.3806,107.779,72.318,55.331,19.711,4.462,135.311,23.316,-7.023
E07000133,Melton,2023,53.291,481.3806,106.109,68.768,46.925,16.513,4.225,128.860,45.802,-8.089
E07000133,Melton,2024,54.052,481.3806,106.411,70.519,40.939,14.492,4.450,127.355,67.658,-8.099
E07000134,North West Leicestershire,2005,89.623,279.328,469.648,247.016,503.154,155.228,18.252,78.134,30.929,-13.981
E07000134,North West Leicestershire,2006,90.406,279.328,462.792,247.355,434.400,157.392,17.459,74.487,31.523,-14.425
E07000134,North West Leicestershire,2007,91.476,279.328,470.129,239.029,413.006,141.177,15.966,73.402,27.803,-15.414
E07000134,North West Leicestershire,2008,92.283,279.328,445.992,239.492,369.361,146.523,15.990,74.229,28.853,-16.562
E07000134,North West Leicestershire,2009,92.728,279.328,432.043,217.225,330.044,121.214,13.632,70.804,65.141,-16.606
E07000134,North West Leicestershire,2010,93.165,279.328,436.090,234.055,350.684,126.604,14.509,73.267,57.729,-16.911
E07000134,North West Leicestershire,2011,93.67,279.328,432.770,207.127,327.992,119.437,13.372,70.465,60.533,-17.640
E07000134,North West Leicestershire,2012,93.805,279.328,421.641,222.817,294.497,133.302,14.788,72.028,58.628,-17.368
E07000134,North West Leicestershire,2013,94.358,279.328,432.087,218.864,332.288,128.913,15.018,70.205,56.617,-18.472
E07000134,North West Leicestershire,2014,95.27,279.328,443.493,187.476,330.773,112.839,13.326,67.478,59.647,-18.406
E07000134,North West Leicestershire,2015,96.362,279.328,440.367,184.369,312.993,95.178,11.823,69.115,58.236,-19.358
E07000134,North West Leicestershire,2016,97.729,279.328,461.794,175.118,282.547,86.996,9.755,67.143,61.423,-18.379
E07000134,North West Leicestershire,2017,99.315,279.328,464.408,169.527,332.506,62.427,10.852,66.243,65.154,-18.894
E07000134,North West Leicestershire,2018,101.195,279.328,462.873,169.055,322.679,83.168,9.389,60.663,63.583,-18.610
E07000134,North West Leicestershire,2019,102.461,279.328,461.808,163.806,233.597,77.728,12.155,61.161,50.720,-18.650
E07000134,North West Leicestershire,2020,103.344,279.328,393.676,160.784,240.873,72.592,11.602,58.831,45.356,-18.845
E07000134,North West Leicestershire,2021,105.004,279.328,423.706,163.225,236.907,81.011,11.546,62.004,41.245,-18.153
E07000134,North West Leicestershire,2022,107.739,279.328,435.414,139.612,237.815,80.080,8.924,59.016,52.636,-17.567
E07000134,North West Leicestershire,2023,110.203,279.328,435.386,131.962,186.951,70.866,7.571,59.460,43.266,-18.574
E07000134,North West Leicestershire,2024,111.881,279.328,428.038,133.931,173.791,70.804,6.611,58.160,38.848,-18.395
E07000135,Oadby and Wigston,2005,56.218,23.5261,60.449,141.894,59.394,39.451,24.557,5.223,17.921,1.396
E07000135,Oadby and Wigston,2006,56.519,23.5261,59.716,140.080,59.547,39.981,23.300,5.590,18.026,1.308
E07000135,Oadby and Wigston,2007,56.475,23.5261,60.321,135.142,57.119,37.865,21.646,5.875,15.417,1.295
E07000135,Oadby and Wigston,2008,56.22,23.5261,59.170,134.939,55.747,38.471,21.529,5.675,15.996,1.164
E07000135,Oadby and Wigston,2009,55.6,23.5261,57.246,122.430,47.390,33.122,18.766,5.385,19.187,1.090
E07000135,Oadby and Wigston,2010,55.186,23.5261,56.220,131.633,46.617,30.749,18.883,5.842,16.979,1.026
E07000135,Oadby and Wigston,2011,55.979,23.5261,53.819,115.765,43.067,27.772,16.605,5.644,18.430,0.999
E07000135,Oadby and Wigston,2012,56.044,23.5261,53.258,124.215,46.602,31.556,18.250,5.778,15.606,0.982
E07000135,Oadby and Wigston,2013,56.06,23.5261,51.828,121.399,42.342,28.680,16.548,7.396,15.120,0.920
E07000135,Oadby and Wigston,2014,56.783,23.5261,52.775,102.937,35.241,23.875,13.717,7.368,18.822,0.934
E07000135,Oadby and Wigston,2015,56.216,23.5261,51.891,101.165,32.560,20.704,12.417,7.438,18.610,0.880
E07000135,Oadby and Wigston,2016,56.044,23.5261,52.380,94.893,29.037,18.469,10.816,7.255,21.447,0.847
E07000135,Oadby and Wigston,2017,57.516,23.5261,52.306,91.261,27.284,14.790,10.543,7.680,24.981,0.795
E07000135,Oadby and Wigston,2018,57.713,23.5261,51.364,89.927,25.450,17.764,10.314,7.285,25.395,0.833
E07000135,Oadby and Wigston,2019,57.772,23.5261,51.002,87.478,23.360,16.475,9.744,7.376,25.658,0.770
E07000135,Oadby and Wigston,2020,57.869,23.5261,43.131,85.437,19.802,13.768,8.745,6.674,22.514,0.764
E07000135,Oadby and Wigston,2021,57.788,23.5261,52.582,86.923,20.211,15.949,11.403,6.648,19.802,0.753
E07000135,Oadby and Wigston,2022,58.541,23.5261,53.765,75.710,17.546,15.570,9.695,6.749,21.953,0.764
E07000135,Oadby and Wigston,2023,59.826,23.5261,52.719,70.310,15.026,13.556,9.205,6.203,17.648,0.736
E07000135,Oadby and Wigston,2024,61.695,23.5261,52.832,71.501,14.647,12.435,8.748,6.519,18.463,0.734
E07000136,Boston,2005,58.551,397.7927,125.859,165.463,69.469,75.985,16.526,80.777,62.497,16.313
E07000136,Boston,2006,59.77,397.7927,127.277,165.472,68.394,77.259,15.787,80.022,61.737,17.180
E07000136,Boston,2007,61.036,397.7927,127.653,161.695,67.522,75.402,15.057,81.080,44.902,16.762
E07000136,Boston,2008,62.176,397.7927,121.407,160.025,64.773,75.734,15.212,88.448,44.017,15.906
E07000136,Boston,2009,63.399,397.7927,117.363,146.754,57.434,69.187,13.910,86.649,37.643,17.774
E07000136,Boston,2010,64.475,397.7927,118.014,158.545,61.454,68.063,16.130,85.592,49.737,17.738
E07000136,Boston,2011,64.615,397.7927,116.745,139.859,52.013,60.116,13.028,81.295,35.355,17.512
E07000136,Boston,2012,65.264,397.7927,115.170,148.607,58.520,68.653,13.893,87.876,34.217,18.017
E07000136,Boston,2013,66.612,397.7927,114.104,144.849,56.805,63.525,13.350,90.571,27.778,17.981
E07000136,Boston,2014,67.142,397.7927,116.422,123.191,51.809,55.804,12.061,83.763,14.268,17.719
E07000136,Boston,2015,67.586,397.7927,118.289,119.320,47.652,46.178,11.042,90.919,18.013,17.243
E07000136,Boston,2016,68.589,397.7927,121.814,112.599,41.636,36.492,9.423,85.164,14.970,18.340
E07000136,Boston,2017,69.673,397.7927,124.687,108.384,40.613,28.364,10.383,86.520,16.465,18.557
E07000136,Boston,2018,70.132,397.7927,124.288,105.689,35.901,31.335,9.668,80.287,20.200,18.345
E07000136,Boston,2019,70.226,397.7927,121.558,102.557,35.495,25.811,7.577,78.460,19.274,18.494
E07000136,Boston,2020,70.181,397.7927,105.754,101.068,33.060,21.399,6.744,73.987,17.821,18.999
E07000136,Boston,2021,70.815,397.7927,113.991,102.371,38.366,24.593,7.632,75.513,15.973,19.167
E07000136,Boston,2022,70.741,397.7927,112.531,87.346,39.113,23.615,8.633,71.246,14.779,19.195
E07000136,Boston,2023,71.126,397.7927,110.802,81.877,41.254,18.648,6.007,76.052,16.538,18.713
E07000136,Boston,2024,71.08,397.7927,111.009,83.465,34.551,19.175,7.110,75.266,17.436,18.689
E07000137,East Lindsey,2005,135.473,1830.8572,278.867,392.127,162.041,131.574,19.800,411.564,142.610,148.915
E07000137,East Lindsey,2006,135.96,1830.8572,286.744,394.671,155.189,131.391,19.086,410.315,139.704,152.000
E07000137,East Lindsey,2007,136.939,1830.8572,295.156,380.307,147.250,123.609,17.995,440.081,100.488,148.180
E07000137,East Lindsey,2008,137.466,1830.8572,286.348,378.591,140.290,122.212,17.372,455.292,98.278,143.958
E07000137,East Lindsey,2009,137.14,1830.8572,279.733,349.677,122.959,106.016,14.973,415.714,81.855,149.950
E07000137,East Lindsey,2010,137.251,1830.8572,278.724,379.196,138.293,110.484,15.926,430.982,71.688,149.854
E07000137,East Lindsey,2011,136.683,1830.8572,273.583,334.155,128.371,102.339,14.882,416.893,71.519,148.254
E07000137,East Lindsey,2012,136.431,1830.8572,271.369,352.295,133.084,108.650,15.736,432.918,68.478,152.122
E07000137,East Lindsey,2013,136.399,1830.8572,272.120,340.798,136.251,101.736,14.934,414.411,66.698,149.647
E07000137,East Lindsey,2014,137.342,1830.8572,281.004,293.784,127.061,90.837,13.561,398.075,34.533,149.703
E07000137,East Lindsey,2015,137.753,1830.8572,286.835,284.123,119.130,81.392,11.652,427.522,42.846,146.541
E07000137,East Lindsey,2016,138.488,1830.8572,298.736,264.768,104.595,74.405,9.231,409.410,40.695,152.478
E07000137,East Lindsey,2017,140.072,1830.8572,302.331,253.698,101.051,61.723,9.079,405.844,46.179,152.323
E07000137,East Lindsey,2018,141.073,1830.8572,304.214,247.454,85.569,64.162,9.724,373.710,50.943,152.051
E07000137,East Lindsey,2019,142.039,1830.8572,296.066,238.220,54.719,73.003,13.353,381.272,47.113,151.328
E07000137,East Lindsey,2020,141.665,1830.8572,242.974,234.331,46.302,58.602,13.614,361.345,35.355,153.293
E07000137,East Lindsey,2021,142.916,1830.8572,262.953,233.738,62.870,62.601,10.304,359.709,30.817,155.104
E07000137,East Lindsey,2022,144.227,1830.8572,262.546,196.380,43.828,70.043,13.230,339.453,30.765,155.855
E07000137,East Lindsey,2023,144.971,1830.8572,257.805,186.776,41.015,63.946,12.391,350.466,30.901,152.257
E07000137,East Lindsey,2024,145.183,1830.8572,259.233,191.044,35.634,60.948,14.239,349.580,27.378,152.359
E07000138,Lincoln,2005,88.603,35.6902,78.083,217.365,76.445,132.992,77.926,4.854,94.413,2.448
E07000138,Lincoln,2006,89.433,35.6902,77.487,218.867,76.599,133.553,72.883,4.475,93.364,2.383
E07000138,Lincoln,2007,89.873,35.6902,78.356,207.403,75.698,130.398,67.736,5.174,67.619,2.348
E07000138,Lincoln,2008,90.207,35.6902,76.501,206.068,71.863,125.975,67.474,5.954,65.877,2.311
E07000138,Lincoln,2009,90.813,35.6902,74.155,186.668,59.275,104.955,59.518,5.194,109.790,2.204
E07000138,Lincoln,2010,92.188,35.6902,73.713,200.979,65.633,106.570,63.759,5.657,52.222,2.169
E07000138,Lincoln,2011,93.085,35.6902,71.763,178.059,60.049,98.353,56.741,5.642,54.963,2.031
E07000138,Lincoln,2012,95.501,35.6902,70.955,189.980,65.630,112.427,64.384,5.903,53.463,2.032
E07000138,Lincoln,2013,97.452,35.6902,69.230,186.288,67.580,108.554,66.122,5.065,70.434,1.953
E07000138,Lincoln,2014,98.482,35.6902,69.389,157.730,59.746,91.599,57.169,4.698,57.053,1.936
E07000138,Lincoln,2015,99.442,35.6902,68.422,153.671,53.475,79.269,50.972,5.098,48.513,1.802
E07000138,Lincoln,2016,100.679,35.6902,69.088,144.474,46.346,70.063,43.582,4.874,30.971,1.825
E07000138,Lincoln,2017,102.241,35.6902,70.330,138.207,47.776,57.936,48.870,4.659,30.037,1.730
E07000138,Lincoln,2018,103.212,35.6902,69.544,135.401,43.864,70.391,41.232,4.147,32.335,1.768
E07000138,Lincoln,2019,103.604,35.6902,67.694,131.356,39.011,70.337,32.032,4.400,37.598,1.727
E07000138,Lincoln,2020,103.531,35.6902,58.646,126.756,35.192,53.184,29.000,4.065,28.059,1.750
E07000138,Lincoln,2021,102.411,35.6902,70.801,127.962,35.262,64.939,32.502,4.127,29.706,1.801
E07000138,Lincoln,2022,103.026,35.6902,71.137,108.425,35.284,58.117,29.164,3.806,34.094,1.876
E07000138,Lincoln,2023,104.122,35.6902,68.786,100.019,34.115,54.791,26.373,3.967,32.822,1.782
E07000138,Lincoln,2024,105.114,35.6902,68.295,100.780,33.941,51.304,26.107,3.711,26.796,1.781
E07000139,North Kesteven,2005,100.71,922.4713,242.428,277.009,120.194,85.891,46.529,237.265,110.448,184.506
E07000139,North Kesteven,2006,102.275,922.4713,235.583,282.631,106.855,82.495,44.366,229.698,109.000,185.761
E07000139,North Kesteven,2007,103.844,922.4713,248.651,275.523,104.403,79.065,42.062,257.231,80.241,184.506
E07000139,North Kesteven,2008,105.495,922.4713,233.613,274.771,97.952,82.421,44.475,255.389,78.837,182.226
E07000139,North Kesteven,2009,106.456,922.4713,225.508,254.173,84.052,69.982,38.892,240.432,52.854,186.043
E07000139,North Kesteven,2010,107.478,922.4713,225.240,276.346,88.022,71.952,40.649,251.127,46.191,186.173
E07000139,North Kesteven,2011,108.518,922.4713,220.330,244.475,85.547,66.869,38.222,240.584,45.880,185.744
E07000139,North Kesteven,2012,109.139,922.4713,219.539,259.777,76.910,69.685,40.460,246.630,46.955,187.529
E07000139,North Kesteven,2013,109.654,922.4713,219.839,254.454,82.836,72.223,41.026,256.484,43.733,186.476
E07000139,North Kesteven,2014,110.746,922.4713,227.651,219.110,80.897,65.001,34.866,258.896,25.303,186.247
E07000139,North Kesteven,2015,111.665,922.4713,230.633,213.719,70.650,53.066,31.107,288.875,32.002,185.185
E07000139,North Kesteven,2016,113.063,922.4713,240.679,202.360,57.956,46.800,26.505,287.848,27.894,188.076
E07000139,North Kesteven,2017,114.423,922.4713,252.003,193.056,70.203,34.847,27.581,272.881,29.591,187.982
E07000139,North Kesteven,2018,114.86,922.4713,255.735,190.669,59.774,44.732,27.081,252.951,30.865,188.063
E07000139,North Kesteven,2019,115.821,922.4713,251.089,185.430,39.994,38.097,21.605,239.076,30.396,188.106
E07000139,North Kesteven,2020,117.057,922.4713,212.317,181.851,50.539,35.426,21.554,223.509,28.213,189.077
E07000139,North Kesteven,2021,118.502,922.4713,234.139,181.882,44.710,39.445,22.668,237.613,28.551,190.087
E07000139,North Kesteven,2022,119.799,922.4713,237.446,154.128,35.620,34.927,22.873,225.305,30.530,190.499
E07000139,North Kesteven,2023,121.115,922.4713,230.588,146.783,33.268,28.599,18.509,212.367,32.183,188.653
E07000139,North Kesteven,2024,122.468,922.4713,232.279,149.354,32.076,24.537,21.215,214.132,27.904,188.813
E07000140,South Holland,2005,81.696,815.5037,180.101,232.938,135.246,85.659,11.029,162.094,88.390,96.466
E07000140,South Holland,2006,83.158,815.5037,185.298,236.990,129.724,86.648,10.473,167.346,87.952,97.862
E07000140,South Holland,2007,84.506,815.5037,188.492,232.438,126.957,83.430,10.247,173.263,65.027,96.678
E07000140,South Holland,2008,85.957,815.5037,178.004,229.772,134.024,88.237,10.967,183.651,63.581,95.349
E07000140,South Holland,2009,86.987,815.5037,170.777,211.653,120.992,77.442,9.764,182.701,43.487,99.077
E07000140,South Holland,2010,87.905,815.5037,173.779,228.500,124.213,74.615,10.021,178.323,38.628,99.484
E07000140,South Holland,2011,88.39,815.5037,170.361,201.764,114.174,65.895,8.993,173.115,38.295,99.485
E07000140,South Holland,2012,88.502,815.5037,168.084,213.226,133.502,82.901,10.621,183.104,38.990,100.391
E07000140,South Holland,2013,89.046,815.5037,169.318,208.037,132.173,79.115,10.445,183.880,33.462,100.324
E07000140,South Holland,2014,89.914,815.5037,172.462,179.284,121.322,77.465,9.658,176.439,20.303,100.036
E07000140,South Holland,2015,90.802,815.5037,176.291,174.027,102.335,56.165,7.902,186.085,25.565,99.567
E07000140,South Holland,2016,91.97,815.5037,183.190,164.385,91.750,48.710,6.653,180.833,21.609,100.969
E07000140,South Holland,2017,92.587,815.5037,185.408,156.447,93.031,31.911,7.115,189.026,22.838,101.681
E07000140,South Holland,2018,92.964,815.5037,189.283,154.479,85.639,44.411,5.891,169.403,23.758,101.439
E07000140,South Holland,2019,93.467,815.5037,184.794,148.811,76.831,38.599,6.301,173.112,23.586,101.383
E07000140,South Holland,2020,94.029,815.5037,168.256,147.751,65.660,38.010,6.205,164.383,21.115,102.679
E07000140,South Holland,2021,95.49,815.5037,180.405,148.754,72.964,40.210,6.820,179.085,21.822,102.998
E07000140,South Holland,2022,97.063,815.5037,178.158,127.057,70.318,37.361,6.199,168.038,23.132,102.895
E07000140,South Holland,2023,98.312,815.5037,175.124,119.738,64.612,29.408,5.435,171.408,23.920,101.883
E07000140,South Holland,2024,99.298,815.5037,176.174,122.355,63.301,27.375,5.525,173.431,22.243,101.827
E07000141,South Kesteven,2005,127.665,942.586,351.128,355.402,169.945,180.015,39.872,212.235,133.111,80.680
E07000141,South Kesteven,2006,128.966,942.586,358.983,357.327,176.587,200.743,43.537,212.977,130.195,80.630
E07000141,South Kesteven,2007,130.196,942.586,362.964,347.161,162.823,179.243,38.976,209.213,92.893,78.065
E07000141,South Kesteven,2008,131.218,942.586,341.429,346.892,148.627,178.044,37.114,221.640,91.034,74.457
E07000141,South Kesteven,2009,132.188,942.586,329.535,317.533,130.088,152.932,31.686,220.342,64.076,76.733
E07000141,South Kesteven,2010,133.144,942.586,334.934,344.978,141.261,159.435,34.466,222.929,68.878,76.182
E07000141,South Kesteven,2011,134.125,942.586,331.314,304.550,134.337,149.405,31.908,216.543,66.581,74.889
E07000141,South Kesteven,2012,135.092,942.586,333.382,324.467,131.946,156.167,33.455,224.546,74.670,75.997
E07000141,South Kesteven,2013,136.342,942.586,332.293,316.214,133.073,148.978,32.865,215.883,69.874,73.508
E07000141,South Kesteven,2014,138.082,942.586,332.554,271.102,123.202,129.165,28.457,215.055,55.775,72.921
E07000141,South Kesteven,2015,138.915,942.586,341.080,263.561,116.043,110.163,25.065,228.955,65.292,70.503
E07000141,South Kesteven,2016,140.409,942.586,352.934,247.990,104.371,95.882,21.288,223.495,46.637,73.223
E07000141,South Kesteven,2017,141.116,942.586,376.377,236.280,105.141,82.909,21.475,224.924,56.682,72.013
E07000141,South Kesteven,2018,141.616,942.586,368.228,231.216,97.106,88.121,20.524,205.231,48.813,71.574
E07000141,South Kesteven,2019,142.212,942.586,361.002,224.591,86.686,72.060,17.513,208.183,59.756,70.852
E07000141,South Kesteven,2020,142.869,942.586,307.319,220.731,71.537,61.240,16.587,188.289,70.075,70.809
E07000141,South Kesteven,2021,143.751,942.586,333.063,220.710,76.455,72.806,18.890,196.286,71.381,72.190
E07000141,South Kesteven,2022,144.322,942.586,336.257,187.752,72.812,63.064,17.708,190.604,74.723,72.884
E07000141,South Kesteven,2023,146.114,942.586,322.721,177.616,65.779,54.231,16.601,197.230,69.296,70.425
E07000141,South Kesteven,2024,147.151,942.586,330.994,181.014,52.052,61.399,14.084,197.696,41.734,70.559
E07000142,West Lindsey,2005,84.626,1157.6523,221.489,240.802,77.673,58.509,23.194,276.012,86.235,75.395
E07000142,West Lindsey,2006,85.852,1157.6523,223.340,245.686,80.290,64.865,25.704,291.945,83.876,76.591
E07000142,West Lindsey,2007,87.345,1157.6523,226.767,235.982,74.224,58.871,22.573,282.613,59.466,75.056
E07000142,West Lindsey,2008,88.261,1157.6523,222.341,235.133,70.865,60.221,22.381,289.394,58.686,71.326
E07000142,West Lindsey,2009,88.616,1157.6523,214.954,218.506,63.308,53.395,20.169,281.628,36.515,75.225
E07000142,West Lindsey,2010,89.364,1157.6523,214.639,238.262,67.622,54.405,20.689,289.885,31.408,75.671
E07000142,West Lindsey,2011,89.352,1157.6523,213.286,209.956,64.387,50.424,19.075,283.527,30.930,74.597
E07000142,West Lindsey,2012,89.878,1157.6523,212.538,222.203,70.523,59.822,23.039,298.069,28.743,77.793
E07000142,West Lindsey,2013,90.396,1157.6523,212.246,217.683,70.068,56.977,22.086,290.420,23.991,75.402
E07000142,West Lindsey,2014,91.273,1157.6523,217.894,187.799,64.440,49.754,19.446,284.157,12.611,75.537
E07000142,West Lindsey,2015,92.188,1157.6523,220.873,182.697,57.436,41.462,17.097,297.483,17.683,73.895
E07000142,West Lindsey,2016,92.943,1157.6523,233.402,171.924,48.631,34.469,14.280,282.619,14.806,78.167
E07000142,West Lindsey,2017,92.919,1157.6523,236.800,164.090,53.697,29.178,15.412,282.428,15.630,77.055
E07000142,West Lindsey,2018,93.424,1157.6523,236.661,162.809,48.730,36.775,15.655,256.975,17.410,77.878
E07000142,West Lindsey,2019,93.894,1157.6523,230.662,158.273,47.614,38.650,11.097,256.280,16.904,77.297
E07000142,West Lindsey,2020,94.278,1157.6523,194.289,155.250,41.148,35.311,9.819,241.114,15.429,78.236
E07000142,West Lindsey,2021,95.555,1157.6523,209.756,156.764,51.563,27.768,11.734,260.634,16.421,80.258
E07000142,West Lindsey,2022,96.86,1157.6523,206.372,132.172,44.530,27.236,9.925,248.106,19.156,81.388
E07000142,West Lindsey,2023,98.224,1157.6523,202.501,125.445,39.573,24.559,8.223,248.073,18.980,78.600
E07000142,West Lindsey,2024,99.208,1157.6523,206.411,128.122,33.093,21.034,8.348,243.897,19.556,79.045
E07000143,Breckland,2005,125.493,1305.1168,387.319,335.750,167.140,86.351,26.121,328.981,77.711,76.719
E07000143,Breckland,2006,126.551,1305.1168,386.976,340.888,165.574,89.351,26.160,327.877,76.943,75.405
E07000143,Breckland,2007,127.797,1305.1168,387.662,327.800,167.136,87.970,24.979,339.285,92.626,72.678
E07000143,Breckland,2008,128.938,1305.1168,376.473,322.509,141.169,77.067,21.958,355.996,73.573,66.577
E07000143,Breckland,2009,129.431,1305.1168,363.385,297.975,124.276,69.263,19.544,356.104,80.979,68.493
E07000143,Breckland,2010,129.932,1305.1168,359.738,323.740,136.461,75.194,21.617,340.363,78.597,69.052
E07000143,Breckland,2011,131.009,1305.1168,348.091,285.918,124.492,64.106,18.583,322.928,71.746,67.902
E07000143,Breckland,2012,131.701,1305.1168,349.832,304.059,134.975,73.893,21.046,329.400,70.652,78.779
E07000143,Breckland,2013,132.905,1305.1168,345.422,295.650,126.933,69.181,20.023,340.163,49.342,71.989
E07000143,Breckland,2014,134.204,1305.1168,348.852,256.637,125.182,68.394,19.834,340.325,50.452,73.295
E07000143,Breckland,2015,135.667,1305.1168,351.057,247.420,102.283,54.285,15.914,350.334,50.846,71.241
E07000143,Breckland,2016,137.19,1305.1168,369.965,233.913,89.707,45.026,13.639,330.228,29.249,79.020
E07000143,Breckland,2017,138.592,1305.1168,387.690,219.942,93.732,37.011,13.618,322.434,26.775,75.606
E07000143,Breckland,2018,139.146,1305.1168,385.053,215.535,88.152,36.076,12.301,312.397,38.481,78.067
E07000143,Breckland,2019,139.523,1305.1168,377.039,206.731,82.187,33.415,12.002,317.299,41.567,78.510
E07000143,Breckland,2020,140.408,1305.1168,317.768,206.489,74.219,28.312,12.793,309.113,25.870,78.802
E07000143,Breckland,2021,142.16,1305.1168,338.399,206.065,69.195,30.848,21.322,334.314,43.815,84.851
E07000143,Breckland,2022,143.422,1305.1168,340.600,174.569,76.989,30.827,20.723,298.567,60.684,89.585
E07000143,Breckland,2023,144.934,1305.1168,334.168,166.558,58.506,27.386,21.422,305.542,34.392,84.754
E07000143,Breckland,2024,146.62,1305.1168,338.322,170.545,51.002,27.188,27.920,305.648,31.109,87.367
E07000144,Broadland,2005,121.637,553.2444,255.622,327.000,245.048,86.005,25.123,147.567,86.173,32.819
E07000144,Broadland,2006,122.412,553.2444,254.801,326.220,228.620,91.205,25.293,144.029,85.087,32.420
E07000144,Broadland,2007,123.242,553.2444,255.012,315.242,214.206,101.604,26.855,137.532,100.185,30.925
E07000144,Broadland,2008,123.387,553.2444,252.077,311.816,216.445,104.866,27.565,142.950,81.581,28.755
E07000144,Broadland,2009,123.819,553.2444,245.388,285.733,234.809,95.092,25.018,139.659,56.508,28.963
E07000144,Broadland,2010,124.483,553.2444,240.450,309.017,317.528,96.668,25.158,139.644,51.971,28.978
E07000144,Broadland,2011,124.74,553.2444,234.317,272.769,262.626,86.564,22.521,130.457,47.085,27.580
E07000144,Broadland,2012,124.952,553.2444,230.482,290.562,221.870,91.364,23.859,135.582,41.533,29.505
E07000144,Broadland,2013,125.081,553.2444,228.889,282.616,227.777,88.301,23.367,133.708,38.950,27.623
E07000144,Broadland,2014,125.305,553.2444,232.264,241.799,208.078,77.098,20.745,129.183,39.557,28.149
E07000144,Broadland,2015,125.837,553.2444,233.508,236.376,194.581,67.143,18.146,138.704,32.283,26.365
E07000144,Broadland,2016,126.642,553.2444,243.566,224.422,151.587,96.077,14.897,130.409,29.736,28.985
E07000144,Broadland,2017,127.708,553.2444,253.507,212.723,142.650,55.522,16.873,137.313,30.861,27.949
E07000144,Broadland,2018,128.674,553.2444,264.022,208.902,157.047,72.470,16.086,127.725,32.477,28.157
E07000144,Broadland,2019,129.721,553.2444,265.908,199.322,121.233,67.397,16.267,129.212,30.717,28.043
E07000144,Broadland,2020,130.76,553.2444,211.671,200.200,104.319,68.537,17.609,126.330,29.626,28.195
E07000144,Broadland,2021,132.238,553.2444,230.653,200.600,96.060,60.186,20.258,135.435,31.789,29.769
E07000144,Broadland,2022,133.839,553.2444,239.350,170.415,91.505,53.237,12.171,125.486,31.468,30.983
E07000144,Broadland,2023,135.997,553.2444,237.146,161.049,66.116,37.632,10.150,118.464,30.347,29.131
E07000144,Broadland,2024,138.157,553.2444,239.516,163.657,73.805,66.698,13.749,117.609,31.593,29.636
E07000145,Great Yarmouth,2005,94.113,182.4207,148.119,239.989,50.041,103.616,29.948,38.384,58.318,12.389
E07000145,Great Yarmouth,2006,94.545,182.4207,150.261,241.266,48.971,104.463,28.970,34.292,56.980,12.075
E07000145,Great Yarmouth,2007,95.211,182.4207,148.857,232.145,48.230,96.977,26.915,36.283,68.298,11.592
E07000145,Great Yarmouth,2008,95.924,182.4207,149.574,227.864,43.055,96.802,27.049,38.745,54.338,10.998
E07000145,Great Yarmouth,2009,96.414,182.4207,146.019,209.032,38.783,87.976,25.846,39.571,67.197,10.952
E07000145,Great Yarmouth,2010,97.063,182.4207,140.860,224.534,42.099,92.313,25.775,39.461,50.774,10.853
E07000145,Great Yarmouth,2011,97.424,182.4207,137.804,198.222,38.655,83.010,23.585,35.808,45.434,10.511
E07000145,Great Yarmouth,2012,97.682,182.4207,133.876,210.037,40.247,90.755,25.515,37.603,53.684,10.917
E07000145,Great Yarmouth,2013,98.076,182.4207,132.973,203.155,38.673,85.838,25.580,35.543,48.902,10.411
E07000145,Great Yarmouth,2014,98.52,182.4207,134.869,173.174,34.605,73.668,22.553,35.316,62.337,10.381
E07000145,Great Yarmouth,2015,99.031,182.4207,135.294,167.490,33.239,64.921,19.284,36.675,29.576,10.102
E07000145,Great Yarmouth,2016,99.471,182.4207,139.778,156.510,29.454,52.848,16.121,33.589,27.642,10.516
E07000145,Great Yarmouth,2017,100.181,182.4207,146.499,148.995,32.974,45.499,15.989,33.772,23.459,10.466
E07000145,Great Yarmouth,2018,100.343,182.4207,144.393,144.396,28.645,48.637,15.532,31.743,22.043,10.565
E07000145,Great Yarmouth,2019,100.448,182.4207,139.887,138.221,27.613,39.835,14.722,31.649,30.793,10.369
E07000145,Great Yarmouth,2020,99.851,182.4207,113.316,138.767,25.532,31.659,13.379,29.741,25.603,10.290
E07000145,Great Yarmouth,2021,100.179,182.4207,120.118,138.831,27.184,41.759,20.363,27.530,29.817,10.496
E07000145,Great Yarmouth,2022,99.798,182.4207,123.755,116.358,25.218,38.723,18.338,27.446,27.029,10.686
E07000145,Great Yarmouth,2023,100.209,182.4207,122.723,109.876,24.201,33.584,16.303,29.450,15.211,10.288
E07000145,Great Yarmouth,2024,100.529,182.4207,123.620,111.327,19.853,31.445,16.348,29.006,13.654,10.332
E07000146,King's Lynn and West Norfolk,2005,140.959,1526.9009,409.821,411.313,562.230,100.795,29.702,386.451,98.129,575.037
E07000146,King's Lynn and West Norfolk,2006,142.79,1526.9009,407.265,420.521,594.796,99.698,29.704,386.528,97.471,575.562
E07000146,King's Lynn and West Norfolk,2007,144.274,1526.9009,412.778,404.227,618.427,102.483,30.294,401.199,115.100,573.049
E07000146,King's Lynn and West Norfolk,2008,145.551,1526.9009,400.748,399.935,740.633,99.520,32.058,413.915,93.177,568.326
E07000146,King's Lynn and West Norfolk,2009,146.428,1526.9009,388.534,368.062,741.709,107.383,33.128,418.097,108.959,572.451
E07000146,King's Lynn and West Norfolk,2010,147.134,1526.9009,384.170,398.859,838.153,145.246,41.544,391.693,105.908,572.980
E07000146,King's Lynn and West Norfolk,2011,147.936,1526.9009,372.921,353.723,752.828,132.919,37.998,381.034,119.807,571.207
E07000146,King's Lynn and West Norfolk,2012,148.938,1526.9009,371.590,374.335,739.799,145.762,40.110,398.344,128.377,575.838
E07000146,King's Lynn and West Norfolk,2013,149.722,1526.9009,368.266,362.452,758.651,135.782,38.456,426.717,118.350,572.481
E07000146,King's Lynn and West Norfolk,2014,150.742,1526.9009,372.002,313.919,651.464,115.885,32.805,406.549,98.366,573.090
E07000146,King's Lynn and West Norfolk,2015,151.863,1526.9009,372.934,300.374,448.046,95.284,24.697,410.703,85.866,570.787
E07000146,King's Lynn and West Norfolk,2016,152.867,1526.9009,386.515,279.530,242.044,65.201,12.330,407.257,46.768,576.075
E07000146,King's Lynn and West Norfolk,2017,153.666,1526.9009,397.224,261.770,225.493,68.503,14.044,420.613,48.453,574.770
E07000146,King's Lynn and West Norfolk,2018,153.451,1526.9009,392.568,254.682,207.143,63.038,12.912,393.526,45.290,575.625
E07000146,King's Lynn and West Norfolk,2019,153.332,1526.9009,383.726,242.740,170.762,48.337,10.725,407.351,46.888,574.734
E07000146,King's Lynn and West Norfolk,2020,153.023,1526.9009,328.908,241.687,145.539,37.567,8.363,401.702,41.372,575.837
E07000146,King's Lynn and West Norfolk,2021,154.92,1526.9009,345.929,240.621,144.490,47.315,9.684,394.094,49.154,578.438
E07000146,King's Lynn and West Norfolk,2022,155.665,1526.9009,341.895,201.555,142.143,44.172,8.587,364.882,56.764,580.398
E07000146,King's Lynn and West Norfolk,2023,156.201,1526.9009,341.984,191.811,136.658,39.581,7.827,371.981,42.480,576.109
E07000146,King's Lynn and West Norfolk,2024,156.206,1526.9009,341.893,195.894,129.633,36.394,8.064,396.924,43.935,576.366
E07000147,North Norfolk,2005,99.638,989.9914,224.613,302.086,93.731,110.117,28.024,206.707,63.752,56.256
E07000147,North Norfolk,2006,99.907,989.9914,227.147,303.218,90.201,108.637,27.421,188.414,62.597,56.586
E07000147,North Norfolk,2007,100.338,989.9914,227.615,292.913,83.912,99.352,25.060,201.046,74.710,54.574
E07000147,North Norfolk,2008,100.887,989.9914,225.533,289.097,78.754,99.185,24.408,209.512,59.900,51.424
E07000147,North Norfolk,2009,100.556,989.9914,219.335,266.182,70.660,87.038,21.790,204.399,37.048,53.393
E07000147,North Norfolk,2010,100.78,989.9914,216.776,288.910,80.515,94.821,24.111,205.153,33.892,53.829
E07000147,North Norfolk,2011,101.664,989.9914,208.598,255.560,92.913,81.127,21.165,194.787,31.510,52.301
E07000147,North Norfolk,2012,101.445,989.9914,203.935,271.845,78.704,92.759,23.887,205.936,30.268,55.624
E07000147,North Norfolk,2013,101.41,989.9914,204.425,263.672,77.284,87.191,22.909,205.522,26.868,52.991
E07000147,North Norfolk,2014,102.012,989.9914,209.841,226.481,70.691,78.374,20.257,190.117,28.310,52.997
E07000147,North Norfolk,2015,101.973,989.9914,210.356,218.456,63.477,64.702,17.487,198.419,24.024,50.770
E07000147,North Norfolk,2016,102.176,989.9914,218.745,204.010,56.472,53.771,14.895,195.667,21.683,55.057
E07000147,North Norfolk,2017,102.718,989.9914,227.439,192.141,55.623,43.970,15.628,200.786,21.547,53.919
E07000147,North Norfolk,2018,102.523,989.9914,223.973,186.909,51.131,51.292,13.152,181.968,22.764,54.285
E07000147,North Norfolk,2019,102.509,989.9914,219.096,177.567,46.112,44.248,12.346,191.189,20.984,53.120
E07000147,North Norfolk,2020,102.064,989.9914,183.864,176.686,44.387,37.707,10.780,186.079,19.875,52.912
E07000147,North Norfolk,2021,103.239,989.9914,194.492,176.406,49.671,45.540,12.570,190.226,22.626,55.338
E07000147,North Norfolk,2022,103.178,989.9914,195.559,146.939,46.326,48.320,11.337,174.915,23.200,57.059
E07000147,North Norfolk,2023,103.28,989.9914,194.754,140.009,41.604,39.908,10.677,179.453,21.996,53.865
E07000147,North Norfolk,2024,103.217,989.9914,197.854,142.877,42.535,37.344,10.566,186.183,22.821,54.523
E07000148,Norwich,2005,125.63,40.5541,173.093,297.426,128.427,221.965,93.106,12.093,85.761,4.234
E07000148,Norwich,2006,126.805,40.5541,170.236,297.312,126.287,231.151,91.395,11.498,84.176,4.071
E07000148,Norwich,2007,126.949,40.5541,170.210,286.191,116.222,207.529,82.971,11.775,99.143,4.054
E07000148,Norwich,2008,128.034,40.5541,164.367,281.347,113.995,198.960,84.712,12.021,80.809,3.837
E07000148,Norwich,2009,129.219,40.5541,160.557,256.032,103.381,175.637,76.134,12.014,74.289,3.732
E07000148,Norwich,2010,130.923,40.5541,156.687,275.957,109.351,174.095,80.571,11.439,66.310,3.694
E07000148,Norwich,2011,132.158,40.5541,153.243,243.139,95.281,154.052,68.004,11.087,67.216,3.500
E07000148,Norwich,2012,134.378,40.5541,150.793,259.721,105.222,172.448,75.046,11.035,46.619,3.402
E07000148,Norwich,2013,136.514,40.5541,147.437,252.027,106.356,162.944,75.059,11.175,44.088,3.206
E07000148,Norwich,2014,137.631,40.5541,148.223,212.944,94.048,144.666,65.491,11.052,41.209,3.267
E07000148,Norwich,2015,138.625,40.5541,147.103,209.012,88.343,123.374,60.619,10.315,34.767,3.032
E07000148,Norwich,2016,141.332,40.5541,148.684,196.534,69.861,103.338,50.300,10.407,27.081,3.074
E07000148,Norwich,2017,142.11,40.5541,151.337,185.346,69.366,84.648,57.167,10.258,26.173,2.998
E07000148,Norwich,2018,143.83,40.5541,140.518,180.662,62.185,94.312,51.516,9.667,27.018,3.078
E07000148,Norwich,2019,143.3,40.5541,133.166,172.460,46.961,79.927,40.295,10.221,36.560,2.935
E07000148,Norwich,2020,143.935,40.5541,104.402,172.487,41.322,64.581,38.432,9.501,39.346,3.053
E07000148,Norwich,2021,143.217,40.5541,111.908,174.450,51.650,78.445,51.782,11.247,51.222,3.098
E07000148,Norwich,2022,144.956,40.5541,114.838,148.164,52.105,72.429,42.532,10.423,46.189,3.204
E07000148,Norwich,2023,146.404,40.5541,112.969,137.179,40.776,65.294,39.505,9.691,28.294,3.121
E07000148,Norwich,2024,147.182,40.5541,112.303,138.669,47.913,56.611,41.675,9.973,36.924,3.150
E07000149,South Norfolk,2005,115.42,908.9064,398.315,318.971,113.440,100.797,33.932,278.862,86.316,97.265
E07000149,South Norfolk,2006,116.052,908.9064,391.483,324.557,107.619,104.813,33.534,277.343,85.881,97.888
E07000149,South Norfolk,2007,117.134,908.9064,396.466,314.257,105.624,98.684,32.085,278.053,100.684,95.815
E07000149,South Norfolk,2008,118.774,908.9064,394.027,315.472,97.694,103.727,32.881,283.287,83.862,92.624
E07000149,South Norfolk,2009,120.488,908.9064,382.521,294.172,87.273,90.545,29.337,276.007,125.936,94.647
E07000149,South Norfolk,2010,122.611,908.9064,374.368,322.611,95.666,92.881,31.659,273.725,118.195,94.310
E07000149,South Norfolk,2011,124.495,908.9064,368.545,285.308,94.598,86.138,29.988,261.572,132.328,92.593
E07000149,South Norfolk,2012,125.68,908.9064,365.023,303.869,94.683,95.684,32.185,265.404,140.077,93.964
E07000149,South Norfolk,2013,127.063,908.9064,361.453,295.945,94.168,86.963,31.103,265.127,99.788,92.728
E07000149,South Norfolk,2014,128.572,908.9064,365.640,258.555,90.865,77.423,28.887,259.828,119.667,92.880
E07000149,South Norfolk,2015,129.942,908.9064,374.097,250.761,87.142,67.677,26.780,266.880,89.875,90.865
E07000149,South Norfolk,2016,131.472,908.9064,394.758,238.477,76.422,60.022,22.658,253.843,57.336,94.902
E07000149,South Norfolk,2017,133.573,908.9064,416.509,225.940,75.338,36.524,25.946,257.977,40.731,94.718
E07000149,South Norfolk,2018,135.56,908.9064,419.638,223.876,65.335,60.059,22.028,231.464,44.224,95.153
E07000149,South Norfolk,2019,138.131,908.9064,408.714,214.458,59.430,59.865,18.321,237.346,49.101,94.573
E07000149,South Norfolk,2020,139.842,908.9064,331.220,215.991,55.108,47.377,17.479,237.060,39.130,95.900
E07000149,South Norfolk,2021,142.509,908.9064,355.397,216.089,56.661,56.077,20.373,229.927,57.554,97.328
E07000149,South Norfolk,2022,144.641,908.9064,356.711,181.988,56.378,62.495,18.189,216.953,53.546,98.221
E07000149,South Norfolk,2023,146.645,908.9064,351.191,174.471,52.823,48.456,16.808,226.121,52.138,95.835
E07000149,South Norfolk,2024,148.448,908.9064,357.366,178.791,54.330,46.002,16.969,228.548,43.855,96.075
E07000170,Ashfield,2005,115.02,109.5581,234.837,301.508,216.593,80.022,57.992,22.266,74.335,-6.383
E07000170,Ashfield,2006,115.704,109.5581,235.422,298.786,212.165,82.984,58.979,19.379,73.507,-6.685
E07000170,Ashfield,2007,116.301,109.5581,237.559,292.902,206.319,79.703,56.585,18.387,65.102,-6.835
E07000170,Ashfield,2008,116.971,109.5581,222.622,290.461,204.235,85.261,59.729,17.748,48.151,-7.301
E07000170,Ashfield,2009,117.875,109.5581,216.128,263.544,182.606,73.400,52.478,17.698,52.971,-7.320
E07000170,Ashfield,2010,118.566,109.5581,217.894,284.269,196.004,74.116,53.866,18.837,43.500,-7.481
E07000170,Ashfield,2011,119.522,109.5581,213.005,249.997,179.615,66.435,48.365,18.624,46.614,-7.772
E07000170,Ashfield,2012,119.99,109.5581,211.382,267.612,182.849,74.455,54.030,19.775,47.021,-7.220
E07000170,Ashfield,2013,121.352,109.5581,209.402,264.397,190.394,74.341,54.241,19.326,37.848,-7.789
E07000170,Ashfield,2014,122.199,109.5581,209.644,225.892,174.960,65.117,47.196,17.716,32.914,-7.873
E07000170,Ashfield,2015,123.115,109.5581,212.490,222.610,166.506,57.024,42.292,19.140,37.119,-8.074
E07000170,Ashfield,2016,123.989,109.5581,214.629,207.991,148.221,50.041,31.344,18.392,33.495,-7.757
E07000170,Ashfield,2017,125.41,109.5581,218.015,199.445,146.375,40.416,27.740,18.025,29.587,-7.964
E07000170,Ashfield,2018,126.076,109.5581,215.829,195.827,135.710,45.333,25.862,16.669,25.405,-7.686
E07000170,Ashfield,2019,126.521,109.5581,219.406,192.062,133.698,41.379,24.748,16.890,32.785,-7.655
E07000170,Ashfield,2020,126.687,109.5581,190.811,186.098,119.374,41.184,22.035,16.063,40.338,-7.852
E07000170,Ashfield,2021,126.356,109.5581,220.373,187.820,127.451,46.376,24.509,13.446,34.224,-7.443
E07000170,Ashfield,2022,127.126,109.5581,211.292,157.928,103.703,56.098,22.929,13.139,25.016,-7.050
E07000170,Ashfield,2023,128.449,109.5581,208.332,150.067,89.501,47.976,21.844,15.175,29.686,-7.434
E07000170,Ashfield,2024,129.572,109.5581,200.579,149.578,82.101,45.445,21.130,14.917,21.161,-7.231
E07000171,Bassetlaw,2005,110.488,639.4926,368.927,293.973,261.390,153.318,95.164,151.492,75.763,53.315
E07000171,Bassetlaw,2006,110.876,639.4926,377.285,293.914,207.708,133.855,65.439,154.809,75.141,53.632
E07000171,Bassetlaw,2007,111.314,639.4926,382.206,284.815,173.462,109.849,51.293,148.618,66.935,52.660
E07000171,Bassetlaw,2008,112.106,639.4926,365.496,283.086,175.753,111.722,53.257,158.118,50.535,50.107
E07000171,Bassetlaw,2009,112.563,639.4926,349.253,259.499,135.977,93.645,40.333,151.939,58.087,52.055
E07000171,Bassetlaw,2010,112.924,639.4926,348.742,280.681,151.832,93.483,42.388,155.747,36.639,52.366
E07000171,Bassetlaw,2011,113.003,639.4926,347.726,246.409,131.802,86.908,38.411,153.513,38.230,51.928
E07000171,Bassetlaw,2012,113.248,639.4926,347.401,261.895,152.196,101.685,45.213,160.267,38.374,54.455
E07000171,Bassetlaw,2013,113.577,639.4926,345.654,255.138,158.298,96.053,42.813,155.334,59.582,52.528
E07000171,Bassetlaw,2014,114.026,639.4926,364.027,218.486,141.828,82.987,37.174,149.392,59.330,52.691
E07000171,Bassetlaw,2015,114.393,639.4926,375.668,212.646,146.477,71.732,35.002,156.943,41.967,51.337
E07000171,Bassetlaw,2016,114.879,639.4926,386.145,199.233,129.225,58.331,28.127,154.361,29.044,53.971
E07000171,Bassetlaw,2017,115.757,639.4926,389.682,191.586,123.821,49.523,23.035,158.773,26.258,52.850
E07000171,Bassetlaw,2018,116.212,639.4926,388.857,190.484,110.649,54.255,26.029,140.398,26.343,53.259
E07000171,Bassetlaw,2019,116.485,639.4926,371.302,186.565,117.263,45.657,24.722,141.245,29.164,53.141
E07000171,Bassetlaw,2020,117.068,639.4926,319.367,182.386,105.071,42.970,23.192,133.367,30.247,53.230
E07000171,Bassetlaw,2021,118.327,639.4926,359.030,183.047,116.842,56.750,27.022,135.152,28.011,54.985
E07000171,Bassetlaw,2022,120.051,639.4926,340.591,155.454,124.153,60.539,26.762,122.199,77.305,56.183
E07000171,Bassetlaw,2023,122.577,639.4926,332.217,147.980,101.876,50.985,24.811,120.821,125.828,54.229
E07000171,Bassetlaw,2024,124.937,639.4926,332.178,149.985,108.170,53.181,23.918,123.559,86.843,85.548
E07000172,Broxtowe,2005,108.29,80.0989,315.422,292.722,146.206,110.209,19.400,15.110,76.909,-1.046
E07000172,Broxtowe,2006,108.254,80.0989,315.388,288.122,141.867,110.189,19.320,16.472,75.766,-1.084
E07000172,Broxtowe,2007,108.272,80.0989,317.940,279.039,144.971,105.112,18.794,14.833,67.756,-1.204
E07000172,Broxtowe,2008,108.73,80.0989,293.892,277.526,133.734,106.128,18.386,16.112,52.286,-1.373
E07000172,Broxtowe,2009,109.217,80.0989,283.404,250.365,127.995,94.909,16.150,15.653,48.940,-1.514
E07000172,Broxtowe,2010,109.252,80.0989,287.883,270.410,137.530,94.746,16.133,15.951,35.865,-1.554
E07000172,Broxtowe,2011,109.749,80.0989,280.955,236.119,126.727,85.290,14.842,14.979,34.603,-1.696
E07000172,Broxtowe,2012,110.3,80.0989,281.475,254.123,126.968,93.822,16.342,15.008,34.036,-1.627
E07000172,Broxtowe,2013,110.47,80.0989,277.347,247.257,122.640,90.587,15.435,14.573,20.611,-1.859
E07000172,Broxtowe,2014,110.527,80.0989,279.148,209.123,121.238,115.576,17.545,14.191,24.065,-2.012
E07000172,Broxtowe,2015,110.398,80.0989,274.603,204.494,115.531,111.292,15.920,14.559,25.134,-2.230
E07000172,Broxtowe,2016,110.346,80.0989,283.504,191.700,117.317,101.949,13.875,13.892,25.199,-1.985
E07000172,Broxtowe,2017,110.573,80.0989,286.385,182.322,112.929,93.478,13.344,13.371,22.959,-2.080
E07000172,Broxtowe,2018,110.937,80.0989,279.166,178.727,108.013,97.886,13.600,11.843,23.065,-2.089
E07000172,Broxtowe,2019,111.257,80.0989,286.237,174.846,140.177,60.762,11.962,11.607,27.201,-2.129
E07000172,Broxtowe,2020,111.397,80.0989,242.954,169.805,114.687,65.164,10.871,10.696,30.560,-2.296
E07000172,Broxtowe,2021,110.796,80.0989,277.973,170.834,117.976,78.388,11.486,10.760,24.188,-2.204
E07000172,Broxtowe,2022,112.418,80.0989,272.448,144.827,100.525,83.913,9.346,9.615,26.326,-2.097
E07000172,Broxtowe,2023,113.644,80.0989,269.643,135.970,92.036,74.069,8.688,9.433,25.167,-2.311
E07000172,Broxtowe,2024,114.565,80.0989,260.352,136.545,82.031,75.024,8.366,9.364,26.645,-2.285
E07000173,Gedling,2005,111.919,119.9817,125.417,310.674,97.053,57.194,25.875,23.712,95.455,-4.399
E07000173,Gedling,2006,111.699,119.9817,124.003,306.117,102.760,64.650,28.031,25.072,94.194,-4.588
E07000173,Gedling,2007,111.924,119.9817,126.743,299.736,97.524,60.008,25.419,22.303,86.032,-4.755
E07000173,Gedling,2008,112.293,119.9817,122.043,298.711,93.259,61.427,26.151,25.424,70.004,-5.335
E07000173,Gedling,2009,112.688,119.9817,117.802,269.671,94.080,54.889,24.500,22.683,70.121,-5.420
E07000173,Gedling,2010,113.066,119.9817,115.484,290.352,116.479,57.182,26.937,22.326,54.936,-5.414
E07000173,Gedling,2011,113.741,119.9817,111.890,254.323,97.900,50.599,23.657,21.085,53.045,-5.598
E07000173,Gedling,2012,114.062,119.9817,110.780,274.287,111.962,55.248,26.315,21.206,52.164,-5.255
E07000173,Gedling,2013,114.963,119.9817,109.378,267.102,97.756,49.479,22.845,21.759,39.803,-5.670
E07000173,Gedling,2014,115.84,119.9817,110.623,227.733,90.687,43.284,20.143,20.126,44.878,-5.660
E07000173,Gedling,2015,115.977,119.9817,111.727,222.901,91.656,37.454,17.661,20.502,46.432,-5.964
E07000173,Gedling,2016,116.418,119.9817,114.128,208.192,86.377,32.591,14.864,20.425,47.130,-5.449
E07000173,Gedling,2017,116.451,119.9817,113.016,198.687,88.975,30.728,20.149,21.579,45.593,-5.780
E07000173,Gedling,2018,117.092,119.9817,110.123,195.052,95.096,34.384,17.012,20.521,44.095,-5.495
E07000173,Gedling,2019,117.129,119.9817,106.888,190.910,91.512,35.035,14.789,20.320,47.373,-5.500
E07000173,Gedling,2020,117.141,119.9817,92.023,185.780,85.069,32.525,11.438,19.546,51.187,-5.579
E07000173,Gedling,2021,117.291,119.9817,107.130,186.938,106.772,35.036,15.316,18.424,46.053,-5.130
E07000173,Gedling,2022,117.735,119.9817,104.560,157.994,96.860,32.741,11.712,17.840,49.160,-4.775
E07000173,Gedling,2023,119.053,119.9817,102.246,149.604,76.606,31.582,10.610,20.179,46.558,-5.294
E07000173,Gedling,2024,120.179,119.9817,102.128,150.096,75.765,29.285,11.798,18.320,48.145,-5.151
E07000174,Mansfield,2005,100.413,76.6971,141.982,267.499,100.997,94.802,31.915,12.691,68.774,-3.641
E07000174,Mansfield,2006,101.347,76.6971,138.969,265.610,98.527,89.470,28.741,11.595,67.872,-3.717
E07000174,Mansfield,2007,102.139,76.6971,140.915,258.212,92.425,82.845,26.740,11.183,60.215,-3.856
E07000174,Mansfield,2008,103.269,76.6971,135.796,255.892,95.075,91.902,30.187,12.862,45.520,-4.227
E07000174,Mansfield,2009,103.711,76.6971,130.844,232.033,81.880,76.566,23.751,12.378,62.415,-4.110
E07000174,Mansfield,2010,104.12,76.6971,129.436,248.837,85.879,75.010,23.914,12.160,49.790,-4.158
E07000174,Mansfield,2011,104.551,76.6971,125.526,221.390,71.102,60.928,19.834,12.208,48.671,-4.303
E07000174,Mansfield,2012,104.995,76.6971,122.885,236.749,78.210,68.963,21.980,12.852,49.846,-3.947
E07000174,Mansfield,2013,105.771,76.6971,119.881,232.992,81.966,69.637,23.058,14.731,33.181,-4.275
E07000174,Mansfield,2014,106.514,76.6971,120.299,199.322,73.184,60.087,19.737,14.000,33.348,-4.346
E07000174,Mansfield,2015,107.51,76.6971,120.378,197.251,68.665,55.088,18.576,13.755,22.708,-4.542
E07000174,Mansfield,2016,108.952,76.6971,121.899,184.575,58.617,47.691,15.255,14.446,24.214,-4.177
E07000174,Mansfield,2017,109.461,76.6971,119.976,178.113,60.283,45.987,15.521,15.172,21.404,-4.455
E07000174,Mansfield,2018,109.946,76.6971,117.276,175.771,55.702,50.428,15.628,14.391,20.807,-4.243
E07000174,Mansfield,2019,110.237,76.6971,114.413,173.970,50.510,45.036,13.608,14.675,23.777,-4.326
E07000174,Mansfield,2020,109.964,76.6971,99.758,168.652,46.023,44.615,11.255,14.592,27.260,-4.330
E07000174,Mansfield,2021,110.592,76.6971,116.810,170.111,52.358,49.184,15.010,14.769,19.359,-4.058
E07000174,Mansfield,2022,111.084,76.6971,113.832,143.873,51.156,48.403,16.528,14.149,21.068,-3.822
E07000174,Mansfield,2023,112.277,76.6971,111.794,135.951,40.959,34.301,11.635,13.639,19.996,-4.118
E07000174,Mansfield,2024,113.138,76.6971,111.156,136.443,36.221,33.235,10.454,14.327,23.226,-4.029
E07000175,Newark and Sherwood,2005,110.553,651.8354,388.924,308.413,281.900,143.704,33.009,177.056,78.492,-28.912
E07000175,Newark and Sherwood,2006,111.534,651.8354,392.636,308.374,257.417,145.364,31.888,180.417,77.669,-28.816
E07000175,Newark and Sherwood,2007,112.471,651.8354,403.165,300.487,261.250,143.738,31.702,175.857,69.710,-30.030
E07000175,Newark and Sherwood,2008,113.309,651.8354,387.773,298.719,262.732,146.006,31.856,178.454,53.116,-32.100
E07000175,Newark and Sherwood,2009,113.914,651.8354,375.381,273.274,257.899,132.703,29.326,170.247,53.378,-30.646
E07000175,Newark and Sherwood,2010,114.596,651.8354,381.530,296.050,280.379,139.495,31.224,172.100,40.678,-30.248
E07000175,Newark and Sherwood,2011,114.982,651.8354,376.597,260.726,250.781,121.413,27.476,169.328,40.653,-30.747
E07000175,Newark and Sherwood,2012,115.773,651.8354,377.124,278.726,274.751,134.590,30.187,173.810,46.849,-27.156
E07000175,Newark and Sherwood,2013,116.67,651.8354,374.421,272.878,291.715,129.303,29.544,167.748,59.684,-29.773
E07000175,Newark and Sherwood,2014,117.638,651.8354,394.450,233.580,266.776,110.667,25.719,156.571,63.783,-29.744
E07000175,Newark and Sherwood,2015,118.248,651.8354,407.096,229.106,242.298,91.072,20.852,166.102,44.117,-30.891
E07000175,Newark and Sherwood,2016,119.388,651.8354,415.184,215.680,202.775,84.595,16.938,158.480,30.847,-27.960
E07000175,Newark and Sherwood,2017,120.455,651.8354,416.562,206.266,216.256,58.227,15.245,159.906,31.876,-29.097
E07000175,Newark and Sherwood,2018,121.025,651.8354,410.479,204.162,218.058,70.220,15.028,145.998,28.901,-28.578
E07000175,Newark and Sherwood,2019,121.624,651.8354,400.557,200.007,201.861,80.257,13.110,147.318,38.665,-28.510
E07000175,Newark and Sherwood,2020,121.831,651.8354,343.876,195.473,197.620,61.559,12.484,139.928,35.892,-28.487
E07000175,Newark and Sherwood,2021,123.352,651.8354,370.580,197.397,203.492,71.812,13.022,139.379,36.118,-26.536
E07000175,Newark and Sherwood,2022,125.042,651.8354,363.194,166.519,216.725,56.959,12.436,128.168,36.230,-25.180
E07000175,Newark and Sherwood,2023,126.372,651.8354,356.085,157.370,186.105,66.554,11.477,128.635,30.982,-27.286
E07000175,Newark and Sherwood,2024,127.886,651.8354,360.632,160.173,194.723,56.955,12.355,129.214,34.411,-26.658
E07000176,Rushcliffe,2005,107.832,409.2317,285.897,307.322,168.829,76.403,50.293,106.821,96.452,7.652
E07000176,Rushcliffe,2006,108.413,409.2317,285.032,304.289,165.587,93.869,73.786,113.678,93.958,8.013
E07000176,Rushcliffe,2007,108.909,409.2317,287.546,296.300,163.207,98.427,73.329,113.743,86.085,6.890
E07000176,Rushcliffe,2008,109.393,409.2317,277.208,298.003,149.665,100.031,75.613,115.245,70.787,5.607
E07000176,Rushcliffe,2009,110.137,409.2317,270.055,270.808,127.564,84.020,66.200,108.734,68.468,6.423
E07000176,Rushcliffe,2010,111.121,409.2317,270.241,293.063,134.254,87.582,70.271,111.094,55.627,6.273
E07000176,Rushcliffe,2011,111.248,409.2317,266.026,256.845,135.050,88.334,71.306,107.804,53.950,5.616
E07000176,Rushcliffe,2012,111.243,409.2317,265.319,278.002,133.567,85.504,73.226,109.922,53.013,6.098
E07000176,Rushcliffe,2013,112.316,409.2317,264.355,271.989,139.175,95.272,81.468,107.622,42.707,5.244
E07000176,Rushcliffe,2014,112.623,409.2317,271.645,231.595,138.910,85.505,73.701,109.932,47.870,5.511
E07000176,Rushcliffe,2015,113.009,409.2317,276.820,226.907,150.132,75.145,70.266,112.231,48.058,4.801
E07000176,Rushcliffe,2016,113.45,409.2317,286.734,215.012,139.720,55.967,40.931,105.091,48.136,6.032
E07000176,Rushcliffe,2017,114.226,409.2317,287.637,206.376,135.653,56.508,66.300,108.112,44.416,5.542
E07000176,Rushcliffe,2018,115.461,409.2317,287.945,203.643,131.475,76.517,62.573,99.954,45.473,5.704
E07000176,Rushcliffe,2019,116.647,409.2317,279.916,200.039,151.335,65.622,53.431,102.455,49.728,5.405
E07000176,Rushcliffe,2020,118.03,409.2317,237.008,195.513,135.623,58.862,52.285,95.981,52.940,5.898
E07000176,Rushcliffe,2021,119.418,409.2317,257.787,198.648,148.823,71.811,62.040,94.962,46.672,6.365
E07000176,Rushcliffe,2022,121.92,409.2317,256.402,170.301,154.742,66.015,53.519,92.829,48.871,6.664
E07000176,Rushcliffe,2023,124.356,409.2317,252.562,160.757,135.943,57.841,49.949,98.173,47.842,5.755
E07000176,Rushcliffe,2024,126.736,409.2317,255.694,163.865,123.508,49.667,41.791,95.942,49.864,5.815
E07000177,Cherwell,2005,135.876,588.7412,620.124,361.625,331.589,174.545,60.117,141.961,138.692,-3.372
E07000177,Cherwell,2006,137.159,588.7412,628.981,367.212,325.897,180.408,59.295,146.663,136.651,-2.979
E07000177,Cherwell,2007,138.12,588.7412,631.726,357.539,310.278,170.656,54.834,140.145,122.187,-4.645
E07000177,Cherwell,2008,139.44,588.7412,606.772,355.008,281.289,164.126,51.448,146.568,108.829,-6.720
E07000177,Cherwell,2009,140.301,588.7412,588.663,324.965,255.364,143.052,46.469,138.083,91.105,-6.116
E07000177,Cherwell,2010,141.337,588.7412,586.413,349.190,289.198,151.917,51.684,139.233,63.694,-6.120
E07000177,Cherwell,2011,142.252,588.7412,575.720,310.061,262.060,141.154,46.006,135.652,56.409,-7.122
E07000177,Cherwell,2012,143.519,588.7412,581.245,331.866,267.398,144.051,48.435,141.390,54.833,-6.365
E07000177,Cherwell,2013,145.185,588.7412,573.833,324.586,268.211,140.324,47.348,142.612,80.838,-7.734
E07000177,Cherwell,2014,146.636,588.7412,584.436,279.548,236.454,121.828,40.657,138.073,80.345,-7.805
E07000177,Cherwell,2015,148.63,588.7412,603.328,270.119,223.830,105.233,37.397,142.632,92.097,-9.819
E07000177,Cherwell,2016,150.819,588.7412,625.799,260.402,211.817,86.678,32.402,138.025,59.457,-7.826
E07000177,Cherwell,2017,152.329,588.7412,636.368,245.609,201.797,79.781,31.206,135.145,65.508,-8.477
E07000177,Cherwell,2018,154.367,588.7412,628.579,243.895,183.376,87.226,27.781,125.242,65.490,-8.475
E07000177,Cherwell,2019,156.447,588.7412,622.458,233.331,165.290,82.959,26.898,127.977,55.233,-9.481
E07000177,Cherwell,2020,158.435,588.7412,488.948,232.982,163.937,74.263,29.266,118.980,57.984,-8.730
E07000177,Cherwell,2021,161.83,588.7412,537.327,235.951,169.751,83.669,32.536,123.484,53.480,-8.134
E07000177,Cherwell,2022,164.356,588.7412,543.508,203.819,145.164,71.806,34.735,122.429,56.644,-7.618
E07000177,Cherwell,2023,167.48,588.7412,538.810,192.109,120.476,57.734,21.417,115.295,75.347,-8.792
E07000177,Cherwell,2024,170.426,588.7412,539.645,199.029,85.463,67.310,29.657,120.037,51.058,-8.697
E07000178,Oxford,2005,145.383,45.6027,161.944,316.570,140.038,309.024,182.110,4.557,132.664,2.950
E07000178,Oxford,2006,144.513,45.6027,153.949,307.036,138.643,321.325,181.901,4.547,129.185,2.786
E07000178,Oxford,2007,144.188,45.6027,160.455,300.884,139.091,280.235,164.685,4.601,116.681,2.461
E07000178,Oxford,2008,144.433,45.6027,153.309,300.389,126.755,322.621,177.584,4.439,107.239,2.316
E07000178,Oxford,2009,145.478,45.6027,149.732,271.778,114.542,288.786,160.351,3.982,74.777,1.977
E07000178,Oxford,2010,147.907,45.6027,149.285,288.521,126.516,302.158,170.578,3.973,64.698,1.912
E07000178,Oxford,2011,150.245,45.6027,146.919,256.242,111.335,279.306,153.229,3.577,65.763,1.723
E07000178,Oxford,2012,152.407,45.6027,145.418,278.694,121.437,299.104,167.222,3.803,64.850,1.577
E07000178,Oxford,2013,154.916,45.6027,144.021,270.086,116.941,280.314,159.322,4.012,58.218,1.402
E07000178,Oxford,2014,157.582,45.6027,147.800,230.184,103.876,241.775,140.291,3.840,52.531,1.292
E07000178,Oxford,2015,158.156,45.6027,148.136,219.615,109.349,214.716,128.756,4.123,36.004,0.867
E07000178,Oxford,2016,160.119,45.6027,146.523,208.226,104.304,183.373,113.460,3.718,31.967,0.985
E07000178,Oxford,2017,160.754,45.6027,143.689,194.583,121.964,142.299,115.269,3.769,31.215,0.929
E07000178,Oxford,2018,161.342,45.6027,139.375,189.099,102.793,165.121,90.942,3.357,38.792,0.889
E07000178,Oxford,2019,160.789,45.6027,135.600,181.876,103.903,141.220,89.398,3.495,30.158,0.869
E07000178,Oxford,2020,160.064,45.6027,112.060,180.464,95.732,121.886,81.712,3.075,27.833,1.111
E07000178,Oxford,2021,160.379,45.6027,118.946,185.124,110.153,140.002,92.580,4.923,28.140,1.169
E07000178,Oxford,2022,163.1,45.6027,118.050,161.771,94.893,133.785,83.186,5.179,29.941,1.356
E07000178,Oxford,2023,165.441,45.6027,117.777,148.380,94.845,114.769,71.437,3.908,29.454,1.379
E07000178,Oxford,2024,166.034,45.6027,116.276,153.313,62.750,114.521,73.082,4.112,32.184,1.461
E07000179,South Oxfordshire,2005,130.05,678.5213,421.501,381.893,161.170,210.894,40.864,124.780,129.861,-39.558
E07000179,South Oxfordshire,2006,130.676,678.5213,429.804,383.407,167.076,226.862,42.329,126.499,127.075,-40.057
E07000179,South Oxfordshire,2007,131.626,678.5213,439.489,375.033,164.315,213.745,40.374,123.356,116.755,-41.897
E07000179,South Oxfordshire,2008,132.611,678.5213,425.854,372.697,158.012,220.132,40.536,130.477,108.329,-44.461
E07000179,South Oxfordshire,2009,133.466,678.5213,413.127,338.753,121.901,164.397,31.362,124.604,100.724,-43.975
E07000179,South Oxfordshire,2010,133.915,678.5213,401.690,363.848,135.225,177.158,34.248,128.362,96.175,-43.922
E07000179,South Oxfordshire,2011,134.961,678.5213,402.521,323.437,126.214,161.139,31.151,122.820,121.322,-45.765
E07000179,South Oxfordshire,2012,136.267,678.5213,393.145,349.094,135.199,183.672,34.668,130.347,125.158,-43.772
E07000179,South Oxfordshire,2013,137.403,678.5213,391.627,340.193,126.631,171.574,33.381,128.078,118.027,-46.184
E07000179,South Oxfordshire,2014,139.186,678.5213,394.495,292.540,108.467,146.706,28.781,124.412,75.034,-45.540
E07000179,South Oxfordshire,2015,140.26,678.5213,412.128,281.292,101.943,132.180,28.107,133.632,47.203,-47.485
E07000179,South Oxfordshire,2016,141.511,678.5213,423.167,268.183,89.258,115.677,23.176,128.198,71.530,-44.316
E07000179,South Oxfordshire,2017,142.115,678.5213,426.245,253.055,99.032,83.580,23.566,129.215,77.859,-45.492
E07000179,South Oxfordshire,2018,143.019,678.5213,412.836,249.476,75.684,103.166,21.225,121.232,91.515,-45.428
E07000179,South Oxfordshire,2019,144.875,678.5213,411.924,239.348,69.269,89.763,18.265,128.434,62.078,-45.977
E07000179,South Oxfordshire,2020,146.844,678.5213,323.229,238.056,63.275,83.027,16.303,126.196,48.426,-46.162
E07000179,South Oxfordshire,2021,150.002,678.5213,351.112,242.027,70.445,94.609,17.482,117.215,47.354,-44.320
E07000179,South Oxfordshire,2022,151.886,678.5213,358.538,209.948,68.468,80.828,20.425,110.733,53.389,-43.003
E07000179,South Oxfordshire,2023,153.946,678.5213,352.386,195.454,62.503,76.565,17.432,113.733,47.585,-45.548
E07000179,South Oxfordshire,2024,156.47,678.5213,360.669,202.088,62.567,66.045,20.088,111.842,55.910,-45.126
E07000180,Vale of White Horse,2005,117.39,578.6602,430.525,321.945,130.316,188.875,46.709,125.338,116.173,-6.690
E07000180,Vale of White Horse,2006,118.209,578.6602,428.055,323.760,129.653,196.359,45.069,124.092,113.730,-6.564
E07000180,Vale of White Horse,2007,118.994,578.6602,432.022,317.067,122.043,178.391,41.819,125.910,100.484,-8.722
E07000180,Vale of White Horse,2008,119.284,578.6602,415.586,315.902,124.536,198.277,43.032,131.773,88.487,-10.863
E07000180,Vale of White Horse,2009,120.026,578.6602,400.162,287.329,112.761,183.118,39.004,128.351,54.092,-9.958
E07000180,Vale of White Horse,2010,120.823,578.6602,401.647,309.546,117.837,184.517,40.182,131.814,54.697,-10.297
E07000180,Vale of White Horse,2011,121.891,578.6602,392.471,274.657,97.370,143.957,33.138,125.721,52.687,-11.647
E07000180,Vale of White Horse,2012,122.622,578.6602,383.911,297.000,118.215,193.401,41.999,132.294,53.075,-10.377
E07000180,Vale of White Horse,2013,123.441,578.6602,383.225,289.921,108.825,175.383,38.310,132.005,51.313,-11.732
E07000180,Vale of White Horse,2014,124.581,578.6602,387.634,248.921,97.874,154.848,34.828,126.757,43.994,-11.745
E07000180,Vale of White Horse,2015,126.165,578.6602,402.963,241.307,89.616,137.396,31.089,134.406,28.787,-13.619
E07000180,Vale of White Horse,2016,128.387,578.6602,420.174,233.789,79.101,120.792,24.331,129.411,34.209,-11.220
E07000180,Vale of White Horse,2017,130.701,578.6602,426.094,220.501,102.039,72.284,27.292,133.345,41.772,-12.096
E07000180,Vale of White Horse,2018,132.875,578.6602,420.922,219.598,63.101,113.279,23.356,120.681,36.955,-12.103
E07000180,Vale of White Horse,2019,135.04,578.6602,412.972,210.192,69.296,96.369,22.946,123.693,36.287,-12.575
E07000180,Vale of White Horse,2020,136.889,578.6602,334.811,209.144,62.434,87.035,21.554,119.981,36.115,-12.019
E07000180,Vale of White Horse,2021,139.4,578.6602,359.713,213.437,62.129,97.712,23.210,111.974,32.845,-11.109
E07000180,Vale of White Horse,2022,142.501,578.6602,369.478,184.894,57.517,94.612,21.482,110.383,34.090,-10.326
E07000180,Vale of White Horse,2023,145.795,578.6602,363.817,173.724,53.087,81.820,19.983,114.687,36.360,-11.680
E07000180,Vale of White Horse,2024,149.347,578.6602,361.861,179.205,47.134,81.009,19.510,117.106,34.953,-11.460
E07000181,West Oxfordshire,2005,98.869,714.422,233.903,287.228,94.735,109.100,42.574,146.220,98.565,-23.351
E07000181,West Oxfordshire,2006,100.316,714.422,232.355,296.911,89.910,105.331,40.871,138.476,96.448,-23.324
E07000181,West Oxfordshire,2007,102.166,714.422,237.576,290.935,88.791,104.622,38.578,144.047,86.102,-25.103
E07000181,West Oxfordshire,2008,103.016,714.422,230.186,289.119,84.662,103.308,35.527,150.618,76.554,-27.513
E07000181,West Oxfordshire,2009,103.824,714.422,222.646,263.539,78.699,96.910,34.053,145.098,67.546,-26.416
E07000181,West Oxfordshire,2010,104.706,714.422,220.323,284.637,85.568,97.118,38.577,149.885,57.367,-26.377
E07000181,West Oxfordshire,2011,105.442,714.422,215.091,253.193,79.211,92.895,38.332,145.326,52.179,-27.502
E07000181,West Oxfordshire,2012,107.428,714.422,209.156,271.902,82.402,100.183,42.238,150.108,59.122,-24.926
E07000181,West Oxfordshire,2013,108.445,714.422,207.980,265.545,84.796,94.331,41.012,142.617,70.834,-26.847
E07000181,West Oxfordshire,2014,108.636,714.422,214.285,228.602,74.654,82.576,35.085,135.260,61.359,-26.473
E07000181,West Oxfordshire,2015,109.36,714.422,216.784,219.336,65.947,72.704,33.736,143.495,36.365,-28.401
E07000181,West Oxfordshire,2016,109.705,714.422,226.534,208.678,59.566,61.930,30.965,136.800,28.717,-25.393
E07000181,West Oxfordshire,2017,110.289,714.422,230.329,195.583,64.122,43.917,33.270,138.314,31.613,-26.048
E07000181,West Oxfordshire,2018,110.656,714.422,226.220,193.804,57.398,57.598,24.967,126.578,32.752,-26.034
E07000181,West Oxfordshire,2019,111.362,714.422,221.637,185.838,48.924,51.210,24.156,126.581,27.295,-26.637
E07000181,West Oxfordshire,2020,112.534,714.422,183.500,184.733,46.997,43.920,21.754,120.163,30.325,-26.375
E07000181,West Oxfordshire,2021,115.116,714.422,193.365,187.432,50.653,48.681,26.131,121.781,23.598,-25.037
E07000181,West Oxfordshire,2022,117.068,714.422,192.065,160.795,49.563,49.029,21.793,113.988,24.848,-24.072
E07000181,West Oxfordshire,2023,119.221,714.422,191.392,151.276,45.447,43.215,19.074,115.218,23.485,-26.120
E07000181,West Oxfordshire,2024,120.941,714.422,193.369,155.662,44.959,40.819,20.391,114.203,28.209,-25.843
E07000192,Cannock Chase,2005,94.772,78.8825,136.891,237.734,105.053,85.630,16.989,7.810,11.941,-14.327
E07000192,Cannock Chase,2006,94.991,78.8825,135.461,243.629,106.816,89.417,16.937,8.173,12.377,-14.798
E07000192,Cannock Chase,2007,95.391,78.8825,132.055,235.993,101.126,89.863,17.193,7.257,11.051,-14.919
E07000192,Cannock Chase,2008,95.999,78.8825,127.470,234.405,93.483,78.897,15.066,7.184,17.279,-15.557
E07000192,Cannock Chase,2009,96.514,78.8825,123.307,211.106,83.388,69.400,13.203,6.931,52.551,-15.776
E07000192,Cannock Chase,2010,96.898,78.8825,122.592,224.790,96.310,73.605,14.510,7.637,50.796,-15.810
E07000192,Cannock Chase,2011,97.582,78.8825,120.802,197.683,88.303,66.786,13.003,7.438,47.955,-16.002
E07000192,Cannock Chase,2012,97.537,78.8825,118.431,211.852,96.064,73.224,13.883,7.746,33.888,-14.775
E07000192,Cannock Chase,2013,97.578,78.8825,115.724,205.483,110.841,72.664,13.947,7.404,38.759,-15.730
E07000192,Cannock Chase,2014,97.703,78.8825,117.210,173.710,96.196,65.204,12.663,7.000,27.656,-15.625
E07000192,Cannock Chase,2015,97.502,78.8825,117.816,170.080,79.960,56.121,10.633,7.541,28.161,-15.914
E07000192,Cannock Chase,2016,97.312,78.8825,120.180,158.248,69.414,46.274,8.504,7.176,32.902,-15.413
E07000192,Cannock Chase,2017,97.693,78.8825,122.169,151.455,68.374,40.041,8.614,6.972,46.669,-16.107
E07000192,Cannock Chase,2018,98.553,78.8825,120.741,149.528,62.731,45.181,7.804,6.563,47.744,-15.738
E07000192,Cannock Chase,2019,98.983,78.8825,116.314,145.065,54.468,37.843,7.175,6.730,47.277,-15.680
E07000192,Cannock Chase,2020,99.565,78.8825,96.626,142.319,45.438,32.556,6.987,6.696,38.384,-15.969
E07000192,Cannock Chase,2021,100.595,78.8825,103.501,144.654,38.939,40.653,7.822,6.068,28.427,-15.256
E07000192,Cannock Chase,2022,101.165,78.8825,108.117,120.557,43.576,38.451,6.610,5.981,28.460,-14.600
E07000192,Cannock Chase,2023,103.163,78.8825,107.052,114.819,36.661,34.347,5.994,6.664,27.788,-15.023
E07000192,Cannock Chase,2024,104.088,78.8825,106.892,115.089,29.510,30.313,6.834,6.310,22.112,-14.657
E07000193,East Staffordshire,2005,107.609,389.9873,286.331,283.025,237.182,223.258,41.668,194.667,39.515,-19.594
E07000193,East Staffordshire,2006,108.466,389.9873,285.751,280.468,243.760,233.174,43.278,189.490,40.651,-19.924
E07000193,East Staffordshire,2007,109.776,389.9873,284.867,271.937,233.482,222.193,40.944,189.012,37.415,-21.101
E07000193,East Staffordshire,2008,111.191,389.9873,283.007,270.489,221.606,221.485,40.353,187.292,41.869,-22.090
E07000193,East Staffordshire,2009,112.033,389.9873,271.862,249.483,184.581,177.147,32.762,188.991,85.429,-22.564
E07000193,East Staffordshire,2010,112.979,389.9873,268.370,269.240,208.508,190.619,36.221,192.674,83.384,-23.025
E07000193,East Staffordshire,2011,113.858,389.9873,266.414,234.860,197.669,187.508,34.488,187.804,79.442,-23.862
E07000193,East Staffordshire,2012,114.853,389.9873,264.942,251.994,195.480,195.645,35.270,187.348,63.092,-22.963
E07000193,East Staffordshire,2013,115.724,389.9873,263.081,245.168,195.840,185.362,34.058,186.805,68.313,-24.025
E07000193,East Staffordshire,2014,116.812,389.9873,270.397,210.079,170.387,157.863,29.097,188.648,54.629,-24.277
E07000193,East Staffordshire,2015,117.657,389.9873,273.871,205.118,166.558,137.325,26.375,190.071,56.142,-25.576
E07000193,East Staffordshire,2016,118.986,389.9873,283.146,193.929,153.772,117.464,22.290,187.531,61.442,-24.325
E07000193,East Staffordshire,2017,119.782,389.9873,287.646,186.007,148.394,92.220,24.554,186.703,79.576,-25.425
E07000193,East Staffordshire,2018,120.861,389.9873,285.062,185.093,134.039,106.264,20.143,175.078,82.674,-25.591
E07000193,East Staffordshire,2019,122.052,389.9873,252.511,180.484,123.514,104.249,18.311,172.836,78.646,-26.242
E07000193,East Staffordshire,2020,123.096,389.9873,207.831,176.621,108.471,95.829,19.585,166.259,70.738,-26.523
E07000193,East Staffordshire,2021,124.486,389.9873,228.055,180.522,118.496,107.114,16.883,165.038,57.308,-26.024
E07000193,East Staffordshire,2022,125.819,389.9873,231.038,154.408,123.961,105.815,16.992,159.818,54.033,-25.570
E07000193,East Staffordshire,2023,127.909,389.9873,223.993,146.571,118.072,85.578,15.564,157.210,54.777,-26.488
E07000193,East Staffordshire,2024,129.659,389.9873,225.268,148.943,114.120,77.340,14.954,157.915,60.792,-26.352
E07000194,Lichfield,2005,96.307,331.2944,356.626,264.679,89.554,99.841,35.596,94.509,25.863,24.175
E07000194,Lichfield,2006,97.432,331.2944,353.972,271.102,89.715,107.614,35.277,101.833,26.672,24.311
E07000194,Lichfield,2007,98.528,331.2944,367.624,262.865,87.002,107.742,34.145,91.688,25.851,23.371
E07000194,Lichfield,2008,99.49,331.2944,352.912,261.852,82.835,104.948,33.055,94.313,31.803,22.378
E07000194,Lichfield,2009,100.012,331.2944,341.525,237.104,71.288,85.424,27.416,90.883,69.648,22.398
E07000194,Lichfield,2010,100.424,331.2944,336.488,254.253,78.794,89.475,29.579,94.416,68.686,22.383
E07000194,Lichfield,2011,100.911,331.2944,334.231,223.941,76.861,85.891,28.020,92.293,66.857,21.858
E07000194,Lichfield,2012,101.286,331.2944,326.616,241.036,80.637,92.830,30.728,94.516,52.051,22.567
E07000194,Lichfield,2013,101.808,331.2944,327.437,235.032,86.987,89.767,30.464,92.724,58.923,21.599
E07000194,Lichfield,2014,101.91,331.2944,338.677,199.501,76.700,77.859,26.193,92.298,48.649,21.719
E07000194,Lichfield,2015,102.43,331.2944,343.932,196.241,68.466,70.089,25.107,94.797,50.507,20.891
E07000194,Lichfield,2016,102.624,331.2944,355.117,182.872,59.537,60.488,22.375,91.874,56.727,22.372
E07000194,Lichfield,2017,102.975,331.2944,367.996,175.222,60.540,47.341,20.449,90.882,71.331,21.867
E07000194,Lichfield,2018,103.163,331.2944,359.868,173.961,55.485,56.127,17.552,83.140,74.406,21.744
E07000194,Lichfield,2019,104.179,331.2944,355.185,167.983,49.418,43.290,17.169,84.424,70.786,21.547
E07000194,Lichfield,2020,105.008,331.2944,280.269,165.243,46.535,37.546,18.232,77.501,57.463,21.517
E07000194,Lichfield,2021,106.883,331.2944,304.447,168.599,73.304,42.575,19.932,82.305,49.805,21.987
E07000194,Lichfield,2022,108.305,331.2944,311.017,143.038,65.007,38.691,14.119,79.497,49.811,22.374
E07000194,Lichfield,2023,110.192,331.2944,305.031,136.502,55.806,34.584,12.511,76.344,45.231,21.593
E07000194,Lichfield,2024,111.932,331.2944,318.164,138.546,52.267,38.513,13.526,73.575,43.415,21.715
E07000195,Newcastle-under-Lyme,2005,123.17,210.9574,422.531,313.172,152.474,98.099,32.673,107.165,12.073,-8.486
E07000195,Newcastle-under-Lyme,2006,123.191,210.9574,410.601,318.297,151.865,107.368,33.296,97.025,12.456,-8.876
E07000195,Newcastle-under-Lyme,2007,123.526,210.9574,417.533,304.392,146.268,106.328,32.680,102.940,10.560,-9.153
E07000195,Newcastle-under-Lyme,2008,123.213,210.9574,396.531,302.924,138.558,111.758,32.457,101.344,18.438,-9.780
E07000195,Newcastle-under-Lyme,2009,123.073,210.9574,377.588,274.297,120.891,94.662,27.494,102.252,63.249,-10.006
E07000195,Newcastle-under-Lyme,2010,123.351,210.9574,377.405,291.788,140.604,96.077,30.353,103.083,61.881,-10.335
E07000195,Newcastle-under-Lyme,2011,123.878,210.9574,373.703,258.567,130.468,92.875,28.516,100.969,58.408,-10.682
E07000195,Newcastle-under-Lyme,2012,123.132,210.9574,370.911,272.412,136.401,98.472,29.602,100.523,38.849,-10.107
E07000195,Newcastle-under-Lyme,2013,123.872,210.9574,367.143,266.551,139.181,97.625,29.074,107.211,44.536,-10.949
E07000195,Newcastle-under-Lyme,2014,124.162,210.9574,354.709,227.362,131.523,88.890,27.346,107.014,29.900,-10.909
E07000195,Newcastle-under-Lyme,2015,123.919,210.9574,388.361,225.618,131.319,80.850,25.862,106.994,29.900,-11.536
E07000195,Newcastle-under-Lyme,2016,125.367,210.9574,394.829,209.085,119.627,67.036,22.283,106.930,36.140,-10.688
E07000195,Newcastle-under-Lyme,2017,125.303,210.9574,380.393,199.257,118.047,60.031,20.960,112.391,52.819,-11.166
E07000195,Newcastle-under-Lyme,2018,125.755,210.9574,369.202,197.110,113.755,62.014,20.510,113.154,55.383,-10.971
E07000195,Newcastle-under-Lyme,2019,125.075,210.9574,365.331,190.342,104.665,52.313,16.609,111.513,50.241,-11.222
E07000195,Newcastle-under-Lyme,2020,124.567,210.9574,311.893,184.971,98.397,48.356,16.122,110.816,42.269,-11.410
E07000195,Newcastle-under-Lyme,2021,123.039,210.9574,349.450,188.286,117.304,56.912,17.918,102.052,30.918,-10.933
E07000195,Newcastle-under-Lyme,2022,125.428,210.9574,345.533,156.345,126.548,56.434,15.242,100.978,29.773,-10.520
E07000195,Newcastle-under-Lyme,2023,126.282,210.9574,339.551,150.815,101.049,46.569,14.390,105.711,25.263,-11.223
E07000195,Newcastle-under-Lyme,2024,127.727,210.9574,340.397,150.532,109.083,37.726,13.794,104.845,21.210,-11.102
E07000196,South Staffordshire,2005,106.428,407.3223,499.730,279.230,147.460,59.370,33.597,113.820,36.114,-15.661
E07000196,South Staffordshire,2006,106.655,407.3223,504.970,283.191,148.778,76.378,36.347,113.066,37.004,-16.078
E07000196,South Staffordshire,2007,107.144,407.3223,521.210,273.214,143.416,73.442,34.643,109.348,35.009,-16.994
E07000196,South Staffordshire,2008,107.501,407.3223,490.991,272.005,118.640,65.992,29.257,111.926,41.422,-18.582
E07000196,South Staffordshire,2009,107.561,407.3223,471.734,247.945,114.039,67.809,28.399,115.537,84.294,-18.336
E07000196,South Staffordshire,2010,108.05,407.3223,474.107,266.811,120.649,64.572,28.918,118.842,85.961,-18.220
E07000196,South Staffordshire,2011,108.318,407.3223,473.373,234.310,120.226,63.079,28.180,115.323,82.215,-18.551
E07000196,South Staffordshire,2012,108.331,407.3223,473.502,250.261,121.267,66.454,29.040,120.203,62.070,-17.264
E07000196,South Staffordshire,2013,109.84,407.3223,469.751,244.488,134.002,63.819,28.456,117.456,66.595,-18.492
E07000196,South Staffordshire,2014,109.886,407.3223,480.168,208.922,123.984,59.810,25.920,113.161,54.217,-18.389
E07000196,South Staffordshire,2015,109.704,407.3223,463.267,205.034,117.192,53.861,23.749,115.016,54.542,-19.440
E07000196,South Staffordshire,2016,109.814,407.3223,482.961,191.090,111.511,46.217,21.137,110.697,62.654,-17.967
E07000196,South Staffordshire,2017,110.302,407.3223,490.334,182.024,108.118,65.458,23.163,110.289,76.056,-18.735
E07000196,South Staffordshire,2018,110.338,407.3223,482.872,179.463,101.535,55.697,20.220,99.011,77.775,-18.255
E07000196,South Staffordshire,2019,110.478,407.3223,462.597,172.130,115.885,37.444,20.810,101.620,73.566,-18.567
E07000196,South Staffordshire,2020,110.243,407.3223,414.674,169.322,97.410,32.287,21.493,98.523,63.321,-18.634
E07000196,South Staffordshire,2021,110.787,407.3223,454.956,171.876,115.275,38.028,19.966,104.509,56.063,-17.573
E07000196,South Staffordshire,2022,111.641,407.3223,451.286,144.969,105.081,33.089,18.083,100.037,55.791,-16.777
E07000196,South Staffordshire,2023,113.412,407.3223,446.841,137.767,91.383,33.428,17.816,97.683,50.206,-18.113
E07000196,South Staffordshire,2024,114.423,407.3223,450.029,139.136,87.696,36.078,16.911,96.868,47.667,-17.809
E07000197,Stafford,2005,124.361,598.1721,611.870,338.389,120.864,130.926,67.749,307.781,38.561,-23.645
E07000197,Stafford,2006,125.62,598.1721,599.496,349.901,129.165,143.770,74.641,304.960,40.547,-24.359
E07000197,Stafford,2007,127.055,598.1721,600.735,335.302,120.185,137.129,64.611,305.807,39.139,-25.629
E07000197,Stafford,2008,128.32,598.1721,590.159,335.384,115.621,138.746,65.106,306.101,46.278,-27.614
E07000197,Stafford,2009,129.041,598.1721,570.501,306.179,102.328,123.522,57.333,301.189,97.869,-27.831
E07000197,Stafford,2010,130.001,598.1721,553.842,331.074,110.614,128.175,60.876,312.582,98.565,-28.083
E07000197,Stafford,2011,130.895,598.1721,562.097,290.198,101.607,114.178,53.023,306.706,91.117,-28.918
E07000197,Stafford,2012,131.324,598.1721,574.788,307.000,111.062,134.551,58.373,308.192,73.719,-27.192
E07000197,Stafford,2013,131.485,598.1721,557.228,299.185,110.811,126.148,57.240,308.884,77.022,-29.233
E07000197,Stafford,2014,131.312,598.1721,580.480,256.424,91.221,99.957,47.900,307.921,63.350,-29.124
E07000197,Stafford,2015,131.221,598.1721,579.849,253.510,86.449,94.241,45.313,313.104,66.638,-30.369
E07000197,Stafford,2016,132.507,598.1721,598.473,238.870,78.640,80.463,38.400,301.933,70.076,-28.230
E07000197,Stafford,2017,133.199,598.1721,577.441,228.801,78.851,61.711,40.766,307.195,90.850,-29.634
E07000197,Stafford,2018,134.069,598.1721,574.129,226.634,68.581,74.369,36.298,300.503,94.746,-29.386
E07000197,Stafford,2019,135.286,598.1721,553.809,218.785,59.362,63.997,30.404,299.901,88.265,-29.627
E07000197,Stafford,2020,135.685,598.1721,458.289,215.095,47.431,54.247,29.556,290.660,75.818,-29.704
E07000197,Stafford,2021,137.201,598.1721,508.251,217.706,50.013,60.241,32.812,281.515,70.131,-28.595
E07000197,Stafford,2022,138.596,598.1721,515.543,182.246,58.598,54.707,27.196,277.745,71.732,-27.665
E07000197,Stafford,2023,140.227,598.1721,508.381,175.758,50.880,49.330,25.083,280.281,63.811,-29.260
E07000197,Stafford,2024,141.556,598.1721,514.087,178.228,44.783,45.696,22.630,277.501,58.801,-28.952
E07000198,Staffordshire Moorlands,2005,95.342,575.8498,225.832,264.942,885.869,80.958,17.298,302.276,16.132,-37.207
E07000198,Staffordshire Moorlands,2006,95.888,575.8498,223.743,273.104,861.244,93.471,17.435,294.649,16.682,-38.474
E07000198,Staffordshire Moorlands,2007,96.295,575.8498,226.644,261.127,854.951,90.692,17.344,291.452,15.169,-39.221
E07000198,Staffordshire Moorlands,2008,96.604,575.8498,221.008,261.219,789.500,79.832,15.194,285.683,21.052,-40.544
E07000198,Staffordshire Moorlands,2009,96.781,575.8498,214.234,238.103,703.437,70.411,13.439,279.475,56.298,-41.192
E07000198,Staffordshire Moorlands,2010,96.987,575.8498,212.949,254.189,778.139,75.824,14.608,280.167,55.437,-41.796
E07000198,Staffordshire Moorlands,2011,97.209,575.8498,209.887,225.013,783.533,71.049,12.979,271.540,51.824,-42.635
E07000198,Staffordshire Moorlands,2012,96.936,575.8498,206.693,236.942,729.369,72.436,13.226,271.141,36.677,-42.584
E07000198,Staffordshire Moorlands,2013,96.958,575.8498,203.808,232.127,749.578,76.915,16.188,274.463,41.351,-44.131
E07000198,Staffordshire Moorlands,2014,97.235,575.8498,209.309,198.383,776.092,66.285,14.352,276.317,29.831,-44.143
E07000198,Staffordshire Moorlands,2015,97.102,575.8498,211.703,196.422,762.844,59.685,12.771,275.536,30.069,-45.442
E07000198,Staffordshire Moorlands,2016,96.932,575.8498,219.602,182.276,749.679,51.807,10.965,265.409,34.637,-44.660
E07000198,Staffordshire Moorlands,2017,96.947,575.8498,218.417,173.308,681.317,38.338,11.030,262.920,47.551,-45.898
E07000198,Staffordshire Moorlands,2018,96.591,575.8498,216.557,170.787,735.569,50.739,11.202,249.138,48.783,-34.295
E07000198,Staffordshire Moorlands,2019,96.366,575.8498,183.801,165.192,687.651,77.028,9.847,240.020,45.216,-46.036
E07000198,Staffordshire Moorlands,2020,95.955,575.8498,152.662,161.440,651.876,55.437,8.953,238.090,35.861,-46.933
E07000198,Staffordshire Moorlands,2021,95.975,575.8498,166.444,163.057,674.530,69.111,10.272,238.079,30.165,-46.383
E07000198,Staffordshire Moorlands,2022,95.89,575.8498,168.076,133.694,653.775,62.581,8.837,231.391,29.653,-45.997
E07000198,Staffordshire Moorlands,2023,96.095,575.8498,165.087,130.723,580.731,52.837,7.552,226.134,24.180,-47.539
E07000198,Staffordshire Moorlands,2024,96.651,575.8498,166.910,131.083,473.351,41.245,7.650,220.510,21.461,-47.567
E07000199,Tamworth,2005,74.724,30.8507,93.754,181.794,100.823,84.994,12.828,5.694,11.935,1.447
E07000199,Tamworth,2006,75.078,30.8507,94.487,180.908,99.759,85.732,12.386,5.417,12.197,1.350
E07000199,Tamworth,2007,75.407,30.8507,94.632,173.810,92.606,76.989,11.265,5.718,11.033,1.300
E07000199,Tamworth,2008,75.824,30.8507,90.614,171.817,86.277,73.191,10.716,5.420,15.826,1.270
E07000199,Tamworth,2009,76.255,30.8507,88.062,154.962,74.094,64.573,9.156,5.008,43.810,1.217
E07000199,Tamworth,2010,76.582,30.8507,88.663,166.241,83.043,66.371,9.770,4.748,42.233,1.096
E07000199,Tamworth,2011,76.895,30.8507,87.887,145.610,75.327,61.056,8.891,4.518,39.698,1.037
E07000199,Tamworth,2012,77.283,30.8507,86.686,156.008,81.700,67.484,9.673,4.667,28.457,0.975
E07000199,Tamworth,2013,77.308,30.8507,85.802,150.200,84.923,65.793,9.424,4.341,32.117,0.912
E07000199,Tamworth,2014,77.371,30.8507,87.461,126.717,77.907,58.318,8.610,3.812,26.240,0.796
E07000199,Tamworth,2015,77.632,30.8507,87.770,123.193,71.006,50.147,7.532,4.267,24.416,0.735
E07000199,Tamworth,2016,77.688,30.8507,88.863,113.679,61.185,40.566,6.237,4.364,29.565,0.794
E07000199,Tamworth,2017,77.327,30.8507,87.364,108.360,58.542,31.219,6.475,4.626,39.706,0.797
E07000199,Tamworth,2018,77.48,30.8507,86.323,106.478,56.372,33.867,6.053,4.372,40.407,0.882
E07000199,Tamworth,2019,77.698,30.8507,86.066,102.911,48.065,25.444,4.889,4.185,35.841,0.773
E07000199,Tamworth,2020,77.968,30.8507,70.836,101.415,39.042,21.850,4.636,3.896,28.113,0.826
E07000199,Tamworth,2021,78.842,30.8507,78.541,103.441,42.721,23.712,4.563,4.462,22.832,0.844
E07000199,Tamworth,2022,79.664,30.8507,74.949,88.132,39.929,23.202,4.250,3.837,23.333,0.893
E07000199,Tamworth,2023,80.586,30.8507,74.189,82.030,29.737,23.020,4.963,3.941,19.219,0.841
E07000199,Tamworth,2024,81.117,30.8507,75.312,82.950,25.576,19.953,4.280,4.123,16.978,0.847
E07000200,Babergh,2005,85.957,611.6399,240.201,236.384,115.496,57.415,16.598,88.721,114.253,-13.350
E07000200,Babergh,2006,86.698,611.6399,240.787,238.010,117.750,59.982,16.715,90.286,111.572,-12.675
E07000200,Babergh,2007,86.916,611.6399,241.671,230.458,105.031,53.474,14.905,92.288,46.057,-13.880
E07000200,Babergh,2008,87.26,611.6399,232.270,228.349,118.718,59.965,17.135,99.497,33.290,-15.645
E07000200,Babergh,2009,87.411,611.6399,222.385,210.623,99.800,50.841,14.336,95.658,60.193,-14.000
E07000200,Babergh,2010,87.467,611.6399,224.487,229.618,109.948,52.278,14.557,92.953,49.269,-13.785
E07000200,Babergh,2011,87.901,611.6399,218.803,201.867,95.846,45.760,12.818,87.983,25.550,-14.020
E07000200,Babergh,2012,88.144,611.6399,218.503,214.897,103.718,50.932,14.227,95.574,28.581,-12.724
E07000200,Babergh,2013,88.42,611.6399,218.044,208.152,110.405,49.247,13.964,94.187,23.399,-14.044
E07000200,Babergh,2014,88.999,611.6399,221.282,179.604,98.398,43.071,12.168,91.266,23.715,-13.842
E07000200,Babergh,2015,89.391,611.6399,226.209,172.562,83.475,36.165,10.102,98.503,24.161,-15.196
E07000200,Babergh,2016,89.584,611.6399,237.039,162.325,72.556,29.285,8.154,94.700,23.646,-12.754
E07000200,Babergh,2017,89.918,611.6399,245.003,152.323,75.723,24.280,8.378,106.894,23.527,-13.084
E07000200,Babergh,2018,90.456,611.6399,245.397,150.756,69.882,28.589,7.566,96.040,21.053,-13.000
E07000200,Babergh,2019,90.917,611.6399,235.428,143.663,61.059,26.859,6.630,95.294,21.132,-13.326
E07000200,Babergh,2020,91.491,611.6399,203.453,143.514,50.596,24.156,6.276,90.055,24.295,-12.972
E07000200,Babergh,2021,92.724,611.6399,216.723,144.031,54.079,28.346,7.692,89.604,22.454,-11.878
E07000200,Babergh,2022,94.289,611.6399,210.076,121.956,52.108,26.551,6.943,83.789,25.045,-10.541
E07000200,Babergh,2023,95.812,611.6399,207.015,115.426,42.106,22.829,6.190,81.696,28.213,-12.876
E07000200,Babergh,2024,97.033,611.6399,208.514,118.922,37.549,23.104,7.022,85.223,28.909,-12.665
E07000202,Ipswich,2005,124.028,40.3002,146.441,294.369,57.394,204.037,60.100,4.496,156.131,2.437
E07000202,Ipswich,2006,124.753,40.3002,146.544,294.664,54.291,198.633,55.853,6.106,152.474,2.290
E07000202,Ipswich,2007,125.471,40.3002,145.429,287.400,52.091,184.496,52.469,4.506,57.906,2.208
E07000202,Ipswich,2008,127.387,40.3002,141.239,284.325,48.586,179.343,50.702,4.414,39.315,2.104
E07000202,Ipswich,2009,129.32,40.3002,137.794,258.390,44.302,155.085,44.403,4.572,79.877,2.036
E07000202,Ipswich,2010,131.729,40.3002,136.683,277.237,46.222,159.390,46.761,3.780,54.170,2.007
E07000202,Ipswich,2011,133.729,40.3002,133.051,244.680,42.150,133.850,39.459,3.379,27.194,1.874
E07000202,Ipswich,2012,135.694,40.3002,130.272,262.657,43.077,143.087,41.771,3.646,30.213,1.792
E07000202,Ipswich,2013,136.76,40.3002,127.053,252.638,44.865,136.957,43.553,3.525,23.587,1.666
E07000202,Ipswich,2014,138.108,40.3002,128.860,214.322,33.997,113.913,36.327,2.997,25.117,1.569
E07000202,Ipswich,2015,139.694,40.3002,130.740,208.258,33.137,99.088,32.569,3.219,27.149,1.428
E07000202,Ipswich,2016,141.245,40.3002,133.686,194.118,26.711,76.671,30.339,3.025,25.769,1.536
E07000202,Ipswich,2017,141.922,40.3002,137.638,182.749,30.034,60.125,33.790,3.468,23.868,1.372
E07000202,Ipswich,2018,141.643,40.3002,130.764,178.525,26.095,67.375,28.249,2.651,21.749,1.520
E07000202,Ipswich,2019,140.809,40.3002,124.316,168.838,27.016,56.238,26.379,2.693,52.176,1.581
E07000202,Ipswich,2020,139.889,40.3002,102.844,168.771,24.620,46.717,24.855,2.889,96.281,1.611
E07000202,Ipswich,2021,139.638,40.3002,110.052,171.045,25.269,54.436,26.728,2.724,82.492,1.637
E07000202,Ipswich,2022,139.331,40.3002,108.263,145.398,22.359,51.625,24.647,2.703,79.439,1.731
E07000202,Ipswich,2023,139.497,40.3002,108.920,133.126,21.655,45.182,22.533,2.355,73.329,1.679
E07000202,Ipswich,2024,140.274,40.3002,108.888,135.078,22.682,40.710,20.120,2.521,79.017,1.705
E07000203,Mid Suffolk,2005,90.795,871.0706,297.555,252.918,109.491,104.343,22.112,232.312,116.107,17.206
E07000203,Mid Suffolk,2006,92.07,871.0706,299.750,257.916,102.632,103.703,21.710,226.587,114.474,18.266
E07000203,Mid Suffolk,2007,93.817,871.0706,303.827,248.062,102.069,99.584,20.815,219.736,45.550,16.782
E07000203,Mid Suffolk,2008,94.603,871.0706,284.696,245.100,96.611,100.333,20.950,226.869,30.843,14.429
E07000203,Mid Suffolk,2009,95.25,871.0706,274.909,228.594,86.830,90.446,18.867,220.726,60.025,17.669
E07000203,Mid Suffolk,2010,96.244,871.0706,280.139,250.500,93.781,94.481,20.254,225.165,45.662,17.547
E07000203,Mid Suffolk,2011,97.076,871.0706,268.303,220.551,96.807,91.760,19.953,216.902,22.222,17.114
E07000203,Mid Suffolk,2012,97.432,871.0706,268.647,233.196,95.670,96.217,21.225,227.087,23.765,18.351
E07000203,Mid Suffolk,2013,97.636,871.0706,264.593,225.511,91.515,90.775,20.561,214.907,19.269,17.312
E07000203,Mid Suffolk,2014,98.404,871.0706,262.942,196.675,81.458,79.951,17.750,206.946,22.343,17.126
E07000203,Mid Suffolk,2015,98.76,871.0706,272.269,188.424,75.190,68.166,16.178,216.961,23.476,15.789
E07000203,Mid Suffolk,2016,98.731,871.0706,284.957,176.828,71.235,55.046,13.896,191.540,21.683,18.688
E07000203,Mid Suffolk,2017,99.263,871.0706,294.763,166.000,79.546,41.966,14.092,195.444,20.253,18.865
E07000203,Mid Suffolk,2018,99.744,871.0706,292.259,164.051,75.462,46.310,13.908,178.085,19.631,19.060
E07000203,Mid Suffolk,2019,100.84,871.0706,283.387,156.385,82.716,55.511,13.506,183.903,18.376,18.880
E07000203,Mid Suffolk,2020,101.57,871.0706,242.702,157.003,70.900,40.807,11.141,184.502,21.849,20.055
E07000203,Mid Suffolk,2021,103.398,871.0706,260.764,157.240,82.884,45.371,11.689,184.599,20.250,21.117
E07000203,Mid Suffolk,2022,105.725,871.0706,252.284,133.307,80.895,41.446,13.188,175.778,21.673,21.755
E07000203,Mid Suffolk,2023,108.144,871.0706,256.114,129.042,65.569,45.658,11.582,175.539,25.695,19.637
E07000203,Mid Suffolk,2024,110.775,871.0706,260.205,132.655,72.499,32.514,12.544,173.607,26.419,19.801
E07000207,Elmbridge,2005,127.286,96.3343,336.117,390.677,59.305,172.698,40.678,9.706,97.488,-6.101
E07000207,Elmbridge,2006,128.763,96.3343,347.707,391.631,59.858,176.208,39.575,9.145,95.040,-6.348
E07000207,Elmbridge,2007,129.756,96.3343,340.099,384.184,58.744,169.031,37.784,8.089,74.569,-6.625
E07000207,Elmbridge,2008,129.908,96.3343,330.059,390.697,59.505,175.659,38.036,7.774,58.614,-7.024
E07000207,Elmbridge,2009,129.991,96.3343,318.441,360.185,51.941,153.903,33.758,6.998,50.637,-7.271
E07000207,Elmbridge,2010,130.937,96.3343,314.575,388.446,55.233,158.963,35.566,7.149,53.866,-7.434
E07000207,Elmbridge,2011,131.428,96.3343,313.544,345.935,54.037,143.385,31.595,6.602,45.676,-7.677
E07000207,Elmbridge,2012,132.847,96.3343,305.449,374.679,54.446,154.084,34.270,6.857,24.476,-7.671
E07000207,Elmbridge,2013,134.588,96.3343,298.051,368.333,50.428,145.770,33.395,6.977,20.585,-8.062
E07000207,Elmbridge,2014,135.98,96.3343,307.053,311.421,42.250,127.249,28.919,6.328,25.656,-8.120
E07000207,Elmbridge,2015,136.38,96.3343,308.565,301.120,35.812,112.874,26.954,6.341,23.464,-8.379
E07000207,Elmbridge,2016,136.974,96.3343,315.841,286.501,32.683,98.734,21.230,6.300,20.005,-8.126
E07000207,Elmbridge,2017,136.936,96.3343,314.127,267.366,32.472,81.756,23.913,6.314,23.558,-8.402
E07000207,Elmbridge,2018,136.863,96.3343,305.459,264.076,27.289,94.135,20.551,5.731,26.108,-8.280
E07000207,Elmbridge,2019,137.098,96.3343,293.460,252.332,21.749,85.453,18.992,5.205,26.987,-8.225
E07000207,Elmbridge,2020,138.098,96.3343,243.167,249.339,19.676,76.030,17.576,5.121,23.513,-8.342
E07000207,Elmbridge,2021,139.453,96.3343,246.401,256.105,16.297,91.733,19.152,4.953,23.228,-8.038
E07000207,Elmbridge,2022,140.434,96.3343,254.706,224.658,17.042,81.199,16.454,4.682,19.631,-7.720
E07000207,Elmbridge,2023,141.193,96.3343,250.995,204.257,15.772,71.187,15.240,4.922,22.709,-8.126
E07000207,Elmbridge,2024,141.926,96.3343,243.715,208.684,18.716,66.635,16.902,5.140,24.207,-8.016
E07000208,Epsom and Ewell,2005,69.172,34.0794,101.543,197.215,6.934,57.399,35.573,1.775,47.541,-0.396
E07000208,Epsom and Ewell,2006,70.028,34.0794,96.565,196.735,6.817,57.602,35.010,1.408,46.027,-0.439
E07000208,Epsom and Ewell,2007,71.337,34.0794,96.493,192.317,6.967,56.911,34.966,1.393,35.231,-0.559
E07000208,Epsom and Ewell,2008,72.514,34.0794,92.302,194.043,6.096,57.679,35.111,1.480,27.024,-0.733
E07000208,Epsom and Ewell,2009,73.106,34.0794,89.572,177.453,5.485,50.056,29.898,1.597,22.125,-0.774
E07000208,Epsom and Ewell,2010,74.278,34.0794,87.678,190.590,6.027,51.436,31.644,1.480,37.513,-0.823
E07000208,Epsom and Ewell,2011,75.191,34.0794,84.789,168.677,5.735,45.805,27.374,1.370,31.687,-0.955
E07000208,Epsom and Ewell,2012,76.148,34.0794,83.782,182.337,5.661,48.668,29.570,1.450,22.687,-0.977
E07000208,Epsom and Ewell,2013,77.334,34.0794,82.388,179.619,5.483,45.861,28.690,1.455,23.324,-1.098
E07000208,Epsom and Ewell,2014,78.456,34.0794,83.308,151.760,5.271,40.615,25.350,1.094,14.758,-1.155
E07000208,Epsom and Ewell,2015,78.89,34.0794,82.692,148.312,4.945,35.707,23.184,1.238,18.475,-1.185
E07000208,Epsom and Ewell,2016,79.386,34.0794,84.042,141.131,4.391,29.780,19.287,1.253,17.584,-1.119
E07000208,Epsom and Ewell,2017,79.862,34.0794,82.759,131.720,5.175,23.205,20.024,1.508,14.219,-1.212
E07000208,Epsom and Ewell,2018,80.121,34.0794,79.774,130.539,4.418,27.761,17.620,1.309,15.311,-1.116
E07000208,Epsom and Ewell,2019,80.685,34.0794,77.218,125.238,4.258,23.168,15.492,1.318,10.121,-1.176
E07000208,Epsom and Ewell,2020,81.197,34.0794,64.481,124.147,3.767,19.217,14.635,1.038,7.328,-1.250
E07000208,Epsom and Ewell,2021,81.006,34.0794,68.073,126.245,3.862,23.899,17.214,1.073,10.346,-1.203
E07000208,Epsom and Ewell,2022,81.386,34.0794,67.694,109.029,3.357,22.849,15.800,1.034,14.595,-1.147
E07000208,Epsom and Ewell,2023,82.614,34.0794,66.323,99.798,3.323,19.782,13.782,1.115,16.191,-1.258
E07000208,Epsom and Ewell,2024,83.288,34.0794,65.769,101.519,3.625,18.800,12.924,1.107,10.876,-1.261
E07000209,Guildford,2005,129.043,270.9311,473.315,368.868,71.939,197.336,80.995,30.459,106.280,-46.621
E07000209,Guildford,2006,130.673,270.9311,462.363,365.093,69.555,198.492,74.767,27.727,104.320,-47.869
E07000209,Guildford,2007,131.656,270.9311,466.847,357.406,73.330,196.291,73.245,29.862,83.442,-48.502
E07000209,Guildford,2008,132.401,270.9311,449.311,359.888,61.614,199.047,74.090,26.992,67.030,-49.940
E07000209,Guildford,2009,133.584,270.9311,436.460,328.293,54.671,180.435,67.422,25.328,93.006,-50.519
E07000209,Guildford,2010,135.547,270.9311,433.159,351.835,61.745,192.895,75.744,28.060,74.125,-50.686
E07000209,Guildford,2011,137.58,270.9311,432.835,311.731,57.921,173.144,63.988,24.905,64.594,-51.426
E07000209,Guildford,2012,137.893,270.9311,430.121,334.875,57.840,188.538,71.899,25.452,55.935,-49.343
E07000209,Guildford,2013,138.627,270.9311,426.954,327.889,55.305,175.562,69.686,22.937,49.408,-51.677
E07000209,Guildford,2014,139.706,270.9311,433.051,278.672,51.185,151.319,60.849,20.805,41.188,-51.374
E07000209,Guildford,2015,141.577,270.9311,436.431,268.792,52.814,130.703,54.895,21.855,37.552,-52.484
E07000209,Guildford,2016,142.891,270.9311,450.411,255.550,49.528,110.220,47.696,21.552,39.412,-51.172
E07000209,Guildford,2017,143.294,270.9311,442.341,238.260,50.704,88.976,50.720,21.500,39.179,-52.596
E07000209,Guildford,2018,142.384,270.9311,429.653,235.580,44.154,101.992,43.578,19.848,42.542,-51.662
E07000209,Guildford,2019,142.328,270.9311,412.197,224.958,43.514,89.527,38.080,19.975,38.828,-51.846
E07000209,Guildford,2020,142.732,270.9311,340.183,223.080,40.495,74.073,38.192,19.257,35.256,-52.665
E07000209,Guildford,2021,144.013,270.9311,357.249,228.564,43.035,83.262,40.641,18.886,41.831,-50.858
E07000209,Guildford,2022,146.232,270.9311,360.078,198.626,36.072,77.364,38.106,17.015,44.910,-48.765
E07000209,Guildford,2023,149.094,270.9311,353.152,182.175,36.899,74.170,33.833,17.886,43.656,-50.973
E07000209,Guildford,2024,151.359,270.9311,350.239,187.612,34.303,69.183,33.746,18.311,53.509,-50.334
E07000210,Mole Valley,2005,81.808,258.3211,311.093,252.770,92.667,123.580,38.087,52.530,62.521,-49.477
E07000210,Mole Valley,2006,82.319,258.3211,319.030,254.275,84.676,124.781,35.780,49.095,60.993,-50.453
E07000210,Mole Valley,2007,83.219,258.3211,311.484,249.051,84.160,126.571,35.728,48.433,47.852,-50.784
E07000210,Mole Valley,2008,84.256,258.3211,302.056,252.464,77.898,121.160,33.525,50.740,37.772,-52.041
E07000210,Mole Valley,2009,84.732,258.3211,289.943,230.305,62.251,108.014,29.397,50.348,34.770,-52.597
E07000210,Mole Valley,2010,85.413,258.3211,288.757,247.965,61.842,109.831,29.479,47.827,33.778,-52.681
E07000210,Mole Valley,2011,85.637,258.3211,284.183,218.331,56.316,103.314,26.847,46.442,27.817,-53.221
E07000210,Mole Valley,2012,86.366,258.3211,278.473,236.186,59.139,111.415,29.061,46.413,16.003,-52.025
E07000210,Mole Valley,2013,87.233,258.3211,273.721,231.494,60.138,103.427,27.842,46.189,13.779,-53.529
E07000210,Mole Valley,2014,87.408,258.3211,282.045,197.012,54.983,87.658,23.973,46.293,17.898,-52.997
E07000210,Mole Valley,2015,87.459,258.3211,286.646,191.060,61.527,82.456,24.409,48.044,16.048,-53.818
E07000210,Mole Valley,2016,87.642,258.3211,287.586,181.519,52.532,67.189,18.275,46.547,14.584,-52.273
E07000210,Mole Valley,2017,87.296,258.3211,286.769,169.541,54.670,44.858,22.202,47.762,15.929,-53.587
E07000210,Mole Valley,2018,87.064,258.3211,283.024,167.834,53.538,61.256,18.709,44.285,17.754,-52.862
E07000210,Mole Valley,2019,86.762,258.3211,270.111,160.430,45.594,55.372,14.675,44.012,17.576,-53.217
E07000210,Mole Valley,2020,86.924,258.3211,230.874,158.537,33.486,55.050,14.589,41.346,15.758,-54.247
E07000210,Mole Valley,2021,87.599,258.3211,233.322,161.242,48.256,54.672,16.009,43.133,15.620,-52.716
E07000210,Mole Valley,2022,87.931,258.3211,245.886,138.637,59.102,42.560,12.787,42.595,14.230,-51.611
E07000210,Mole Valley,2023,88.529,258.3211,239.031,126.905,45.585,33.990,9.709,45.359,16.715,-53.519
E07000210,Mole Valley,2024,88.709,258.3211,236.073,130.162,25.975,45.503,13.053,44.000,16.364,-53.133
E07000211,Reigate and Banstead,2005,127.76,129.1439,426.860,368.730,57.166,179.132,64.284,17.729,93.908,-10.112
E07000211,Reigate and Banstead,2006,129.19,129.1439,420.156,367.477,52.934,183.481,63.679,19.658,91.694,-10.349
E07000211,Reigate and Banstead,2007,131.224,129.1439,413.053,361.353,52.870,179.290,61.632,17.196,71.604,-10.691
E07000211,Reigate and Banstead,2008,132.857,129.1439,397.990,365.858,47.134,174.294,60.892,18.409,55.808,-11.114
E07000211,Reigate and Banstead,2009,134.934,129.1439,385.716,335.712,40.489,157.952,53.033,18.560,44.250,-11.496
E07000211,Reigate and Banstead,2010,136.741,129.1439,380.238,361.934,45.065,163.306,55.950,17.333,94.898,-11.586
E07000211,Reigate and Banstead,2011,138.375,129.1439,372.356,320.373,42.022,157.238,52.111,16.328,89.631,-12.017
E07000211,Reigate and Banstead,2012,140.083,129.1439,360.457,346.717,39.501,172.584,56.538,16.852,90.270,-11.920
E07000211,Reigate and Banstead,2013,141.348,129.1439,359.790,341.527,40.416,160.995,55.121,20.930,60.977,-12.458
E07000211,Reigate and Banstead,2014,143.529,129.1439,370.012,290.307,38.380,139.627,47.683,20.082,67.443,-12.284
E07000211,Reigate and Banstead,2015,144.433,129.1439,374.782,282.700,34.863,116.937,41.213,20.695,68.782,-12.623
E07000211,Reigate and Banstead,2016,145.621,129.1439,379.326,267.959,34.363,96.780,33.659,19.490,79.045,-12.090
E07000211,Reigate and Banstead,2017,146.545,129.1439,370.694,251.043,42.904,69.086,41.423,20.759,94.859,-12.595
E07000211,Reigate and Banstead,2018,147.887,129.1439,362.898,249.636,34.381,88.275,34.222,19.515,59.401,-12.458
E07000211,Reigate and Banstead,2019,149.048,129.1439,349.839,240.245,29.149,77.546,28.360,19.541,28.771,-12.367
E07000211,Reigate and Banstead,2020,149.545,129.1439,298.374,238.035,28.878,64.595,26.161,17.388,31.888,-12.557
E07000211,Reigate and Banstead,2021,151.497,129.1439,296.878,242.761,29.855,70.098,27.804,15.811,50.333,-12.149
E07000211,Reigate and Banstead,2022,153.828,129.1439,313.985,210.051,26.737,68.178,25.868,15.208,72.410,-11.792
E07000211,Reigate and Banstead,2023,156.657,129.1439,309.302,193.775,25.605,60.103,23.963,14.602,55.629,-12.410
E07000211,Reigate and Banstead,2024,159.134,129.1439,301.307,197.241,26.160,48.039,22.745,14.211,43.469,-12.348
E07000212,Runnymede,2005,77.018,78.0407,390.393,209.010,32.703,125.739,91.389,10.979,60.407,-8.016
E07000212,Runnymede,2006,77.169,78.0407,388.892,209.760,33.129,128.160,86.830,10.087,59.390,-8.382
E07000212,Runnymede,2007,78.33,78.0407,397.166,203.576,34.985,125.617,81.402,9.020,47.588,-8.489
E07000212,Runnymede,2008,78.694,78.0407,382.718,205.533,28.900,129.478,83.567,8.901,37.174,-8.791
E07000212,Runnymede,2009,79.373,78.0407,370.846,187.968,25.585,112.978,73.874,8.770,30.440,-9.056
E07000212,Runnymede,2010,80.283,78.0407,368.580,201.711,29.579,121.450,80.438,8.835,31.059,-9.257
E07000212,Runnymede,2011,80.501,78.0407,369.249,178.678,26.426,105.561,69.284,8.093,27.086,-9.499
E07000212,Runnymede,2012,81.261,78.0407,362.386,192.175,28.178,119.471,81.674,8.759,25.424,-9.415
E07000212,Runnymede,2013,82.229,78.0407,359.237,188.253,28.767,110.560,79.504,8.076,15.743,-9.913
E07000212,Runnymede,2014,82.874,78.0407,365.102,159.930,25.475,95.605,66.207,7.024,19.597,-9.856
E07000212,Runnymede,2015,83.73,78.0407,366.400,154.334,25.607,82.219,61.890,7.091,18.557,-10.129
E07000212,Runnymede,2016,84.725,78.0407,353.723,146.056,23.638,73.936,49.652,6.118,17.044,-9.825
E07000212,Runnymede,2017,84.92,78.0407,357.384,136.063,25.326,56.175,52.430,6.129,19.492,-10.081
E07000212,Runnymede,2018,85.538,78.0407,357.387,134.751,21.396,69.316,49.560,4.990,19.888,-9.906
E07000212,Runnymede,2019,86.66,78.0407,351.741,128.950,19.961,67.267,34.738,5.021,19.264,-9.890
E07000212,Runnymede,2020,87.2,78.0407,302.457,128.063,19.432,59.207,30.751,4.830,18.027,-10.019
E07000212,Runnymede,2021,87.83,78.0407,316.629,131.505,19.738,63.431,36.412,4.270,18.685,-9.664
E07000212,Runnymede,2022,89.113,78.0407,318.883,114.087,17.672,57.569,34.141,3.811,16.225,-9.302
E07000212,Runnymede,2023,91.101,78.0407,315.232,103.692,18.919,49.773,30.464,3.760,18.357,-9.695
E07000212,Runnymede,2024,92.118,78.0407,309.238,106.548,18.842,46.716,31.143,3.842,18.652,-9.558
E07000213,Spelthorne,2005,90.571,51.1613,228.585,242.874,63.546,124.237,30.764,3.534,63.872,1.943
E07000213,Spelthorne,2006,91.512,51.1613,223.656,241.694,61.866,130.653,31.266,4.205,62.834,1.852
E07000213,Spelthorne,2007,92.425,51.1613,231.262,234.179,61.445,129.441,29.759,3.291,48.578,1.786
E07000213,Spelthorne,2008,93.182,51.1613,222.100,235.180,66.102,154.301,33.701,3.450,37.258,1.700
E07000213,Spelthorne,2009,94.001,51.1613,214.323,214.397,66.675,158.085,32.986,3.553,29.771,1.625
E07000213,Spelthorne,2010,94.848,51.1613,213.934,228.972,71.192,162.775,34.868,3.368,30.299,1.582
E07000213,Spelthorne,2011,95.852,51.1613,211.124,200.238,75.091,172.567,34.363,3.290,27.060,1.497
E07000213,Spelthorne,2012,97.163,51.1613,210.792,216.558,44.439,96.911,23.863,3.013,14.230,1.511
E07000213,Spelthorne,2013,98.252,51.1613,207.487,210.852,45.034,92.864,24.174,3.786,12.255,1.390
E07000213,Spelthorne,2014,99.057,51.1613,207.721,178.213,40.811,79.216,20.739,3.423,19.819,1.298
E07000213,Spelthorne,2015,99.755,51.1613,207.274,171.411,35.667,66.896,18.248,3.378,20.377,1.217
E07000213,Spelthorne,2016,100.461,51.1613,218.231,162.638,31.035,55.881,15.747,3.203,30.750,1.254
E07000213,Spelthorne,2017,100.819,51.1613,213.778,151.213,33.129,47.834,23.147,3.273,18.837,1.247
E07000213,Spelthorne,2018,101.151,51.1613,210.932,148.933,25.869,51.347,22.594,3.048,18.164,1.267
E07000213,Spelthorne,2019,102.062,51.1613,195.643,142.756,21.551,43.607,17.565,2.920,28.339,1.234
E07000213,Spelthorne,2020,102.304,51.1613,166.274,140.382,20.870,36.221,17.376,2.929,30.924,1.284
E07000213,Spelthorne,2021,103.036,51.1613,172.306,143.548,16.285,47.398,17.736,2.823,32.584,1.285
E07000213,Spelthorne,2022,103.76,51.1613,176.933,124.133,15.874,45.508,18.192,2.725,12.696,1.342
E07000213,Spelthorne,2023,104.875,51.1613,175.383,113.559,14.351,39.502,16.134,2.688,11.788,1.296
E07000213,Spelthorne,2024,107.074,51.1613,175.818,115.516,18.102,36.338,17.374,2.651,13.301,1.312
E07000214,Surrey Heath,2005,82.321,95.093,300.757,241.296,80.536,107.710,26.189,7.867,70.803,-3.814
E07000214,Surrey Heath,2006,83.284,95.093,304.342,242.342,84.425,111.513,25.193,7.870,70.813,-4.481
E07000214,Surrey Heath,2007,84.214,95.093,303.825,235.038,88.576,112.337,25.180,7.327,57.498,-4.696
E07000214,Surrey Heath,2008,84.345,95.093,293.933,237.550,86.560,128.151,27.661,7.491,45.181,-5.343
E07000214,Surrey Heath,2009,85.142,95.093,281.082,214.404,75.835,115.802,25.379,7.182,51.113,-5.744
E07000214,Surrey Heath,2010,85.843,95.093,272.679,230.440,82.159,118.364,26.313,6.929,39.567,-5.046
E07000214,Surrey Heath,2011,86.378,95.093,277.065,204.484,76.693,107.431,23.835,6.454,36.305,-6.193
E07000214,Surrey Heath,2012,86.985,95.093,262.812,221.053,78.863,116.197,25.821,6.747,40.047,-5.616
E07000214,Surrey Heath,2013,87.591,95.093,264.629,217.086,73.928,108.981,25.053,6.710,38.527,-6.427
E07000214,Surrey Heath,2014,88.437,95.093,267.181,184.172,64.744,93.064,21.029,6.145,37.534,-6.459
E07000214,Surrey Heath,2015,88.945,95.093,265.978,178.307,61.050,80.190,19.160,6.041,29.640,-7.032
E07000214,Surrey Heath,2016,89.397,95.093,262.537,169.758,56.103,67.891,15.733,5.675,29.732,-6.644
E07000214,Surrey Heath,2017,89.537,95.093,267.483,158.767,57.140,51.211,18.879,6.008,28.389,-7.198
E07000214,Surrey Heath,2018,89.55,95.093,273.011,156.820,46.164,67.227,14.424,5.297,27.958,-7.056
E07000214,Surrey Heath,2019,90.544,95.093,264.841,150.030,49.733,58.504,13.507,5.354,27.652,-6.999
E07000214,Surrey Heath,2020,90.457,95.093,218.946,148.073,46.150,48.374,12.514,5.375,24.893,-7.294
E07000214,Surrey Heath,2021,90.653,95.093,233.697,151.881,53.331,52.966,14.247,5.452,26.139,-6.777
E07000214,Surrey Heath,2022,91.47,95.093,237.345,130.570,41.566,49.143,13.274,5.040,25.818,-4.188
E07000214,Surrey Heath,2023,93.22,95.093,233.403,119.721,40.721,45.125,12.466,5.238,29.024,-6.660
E07000214,Surrey Heath,2024,94.492,95.093,228.832,123.154,31.825,42.149,11.671,4.926,27.811,-6.384
E07000215,Tandridge,2005,79.373,248.1947,434.766,242.052,20.532,63.860,27.416,64.130,57.886,-27.036
E07000215,Tandridge,2006,80.027,248.1947,411.741,244.925,19.087,63.713,26.448,59.989,56.255,-27.762
E07000215,Tandridge,2007,80.983,248.1947,412.560,239.256,18.650,60.096,24.738,59.996,43.696,-28.373
E07000215,Tandridge,2008,81.543,248.1947,400.951,240.515,15.895,57.456,23.957,60.258,34.132,-29.175
E07000215,Tandridge,2009,82.099,248.1947,391.505,221.453,14.744,54.370,21.870,57.478,25.711,-29.598
E07000215,Tandridge,2010,82.756,248.1947,383.778,238.545,16.435,55.771,23.086,56.841,46.422,-29.940
E07000215,Tandridge,2011,83.178,248.1947,379.656,211.568,15.775,52.001,20.772,53.134,40.369,-30.332
E07000215,Tandridge,2012,83.527,248.1947,378.172,228.306,14.703,53.056,22.168,52.829,25.562,-30.291
E07000215,Tandridge,2013,84.477,248.1947,366.422,224.833,15.510,54.131,21.971,52.789,18.367,-31.188
E07000215,Tandridge,2014,85.121,248.1947,383.251,190.927,14.745,47.152,18.744,49.224,15.999,-31.271
E07000215,Tandridge,2015,85.527,248.1947,394.097,186.275,13.606,42.339,17.435,48.997,13.909,-32.139
E07000215,Tandridge,2016,85.901,248.1947,405.892,176.227,11.526,36.832,13.155,45.565,12.265,-31.017
E07000215,Tandridge,2017,86.457,248.1947,396.040,164.827,14.315,28.893,15.494,44.696,22.370,-31.783
E07000215,Tandridge,2018,86.525,248.1947,391.344,163.429,11.755,37.148,13.428,39.193,15.557,-31.588
E07000215,Tandridge,2019,86.923,248.1947,368.703,156.377,9.844,32.930,11.496,40.258,14.395,-31.667
E07000215,Tandridge,2020,87.248,248.1947,286.241,154.584,9.081,28.333,10.902,40.841,12.200,-32.322
E07000215,Tandridge,2021,88.127,248.1947,320.079,157.322,10.248,31.988,11.829,42.772,11.728,-31.522
E07000215,Tandridge,2022,89.002,248.1947,340.649,135.106,9.932,29.995,10.194,37.776,9.344,-30.936
E07000215,Tandridge,2023,90.049,248.1947,338.463,125.257,9.039,26.400,9.239,37.418,11.253,-32.187
E07000215,Tandridge,2024,90.586,248.1947,325.798,127.616,13.114,24.297,9.259,36.919,13.290,-32.042
E07000216,Waverley,2005,116.357,345.1703,288.587,361.533,41.642,112.692,53.649,43.293,86.091,-70.767
E07000216,Waverley,2006,117.038,345.1703,280.545,359.726,40.568,112.920,51.895,44.329,83.943,-72.672
E07000216,Waverley,2007,118.098,345.1703,279.811,346.182,41.634,107.621,49.735,43.443,65.440,-73.359
E07000216,Waverley,2008,119.012,345.1703,270.839,353.552,35.505,107.376,48.042,43.289,51.168,-75.388
E07000216,Waverley,2009,120.106,345.1703,264.270,322.541,31.887,98.971,43.260,39.917,39.201,-76.136
E07000216,Waverley,2010,120.957,345.1703,258.731,346.147,34.351,96.004,44.023,38.552,40.449,-76.440
E07000216,Waverley,2011,121.754,345.1703,253.818,307.042,32.168,87.829,39.400,36.104,34.430,-77.470
E07000216,Waverley,2012,122.173,345.1703,258.433,330.881,32.449,95.932,42.899,37.996,19.910,-75.525
E07000216,Waverley,2013,123.121,345.1703,258.243,324.211,30.939,88.849,40.835,34.228,16.899,-78.377
E07000216,Waverley,2014,123.839,345.1703,263.292,276.535,28.031,79.282,36.567,31.780,21.614,-77.823
E07000216,Waverley,2015,124.436,345.1703,266.824,267.468,27.797,69.899,33.440,32.057,19.680,-79.144
E07000216,Waverley,2016,124.949,345.1703,274.959,255.554,26.048,60.955,25.611,31.037,17.759,-77.319
E07000216,Waverley,2017,125.138,345.1703,273.918,239.371,28.765,50.110,28.931,31.139,20.692,-79.357
E07000216,Waverley,2018,125.159,345.1703,266.796,238.449,25.181,59.185,24.762,27.913,23.169,-78.317
E07000216,Waverley,2019,125.691,345.1703,261.466,227.022,24.160,46.929,26.453,28.444,23.365,-78.622
E07000216,Waverley,2020,126.26,345.1703,213.878,225.727,22.520,41.753,25.358,26.770,19.874,-79.740
E07000216,Waverley,2021,128.88,345.1703,223.374,230.911,24.439,47.300,28.006,28.967,20.816,-77.560
E07000216,Waverley,2022,130.327,345.1703,219.617,200.060,22.759,41.459,24.055,27.117,20.303,-75.572
E07000216,Waverley,2023,132.749,345.1703,219.544,185.067,22.637,36.475,21.687,26.201,25.013,-78.127
E07000216,Waverley,2024,134.284,345.1703,217.000,190.306,18.138,36.534,20.799,26.010,26.733,-77.281
E07000217,Woking,2005,91.072,63.6034,164.897,247.062,80.131,141.675,22.427,6.384,69.769,-3.581
E07000217,Woking,2006,92.838,63.6034,162.771,247.767,80.834,144.045,20.798,5.655,68.001,-3.826
E07000217,Woking,2007,94.397,63.6034,160.929,243.434,80.201,139.058,19.839,5.958,53.600,-3.969
E07000217,Woking,2008,95.53,63.6034,155.677,246.324,74.606,136.973,19.707,5.955,42.288,-4.272
E07000217,Woking,2009,96.597,63.6034,150.727,225.350,69.073,127.640,16.927,6.020,33.172,-4.488
E07000217,Woking,2010,98.201,63.6034,147.359,241.611,77.273,138.965,18.737,6.101,33.889,-4.562
E07000217,Woking,2011,99.493,63.6034,145.182,214.110,77.283,136.632,17.274,5.745,29.390,-4.802
E07000217,Woking,2012,100.565,63.6034,143.091,230.753,83.890,154.728,19.119,5.953,17.391,-4.625
E07000217,Woking,2013,101.831,63.6034,139.056,227.045,81.862,150.425,18.982,5.808,14.961,-5.194
E07000217,Woking,2014,102.588,63.6034,141.941,191.964,74.370,135.136,17.281,5.573,19.152,-5.221
E07000217,Woking,2015,103.286,63.6034,140.600,184.992,70.271,121.458,16.231,5.723,17.251,-5.480
E07000217,Woking,2016,104.233,63.6034,142.500,176.891,63.042,100.806,12.291,5.847,15.161,-5.277
E07000217,Woking,2017,104.299,63.6034,141.953,163.719,73.694,64.241,14.894,6.118,17.577,-5.610
E07000217,Woking,2018,104.51,63.6034,136.434,161.194,54.246,79.982,12.230,5.864,28.855,-5.500
E07000217,Woking,2019,104.423,63.6034,130.508,153.742,43.794,79.731,11.801,5.628,19.777,-5.480
E07000217,Woking,2020,103.882,63.6034,111.169,151.457,37.682,65.107,11.874,5.661,16.856,-5.650
E07000217,Woking,2021,103.9,63.6034,113.378,154.560,41.151,67.091,12.258,5.182,16.620,-5.393
E07000217,Woking,2022,104.432,63.6034,112.608,134.502,37.848,62.680,12.075,4.748,13.972,-5.145
E07000217,Woking,2023,105.053,63.6034,110.828,121.973,32.762,56.594,11.060,3.930,16.438,-5.457
E07000217,Woking,2024,105.679,63.6034,107.776,124.117,23.514,48.486,10.702,4.128,17.395,-5.374
E07000218,North Warwickshire,2005,61.894,284.2613,537.084,163.744,219.786,112.429,9.100,65.875,46.158,-8.749
E07000218,North Warwickshire,2006,61.92,284.2613,561.356,162.673,235.588,125.965,9.635,66.911,47.744,-9.125
E07000218,North Warwickshire,2007,61.839,284.2613,579.060,158.160,223.077,122.071,9.137,65.492,75.004,-9.796
E07000218,North Warwickshire,2008,61.968,284.2613,568.212,157.252,210.276,119.385,8.576,66.199,69.517,-11.031
E07000218,North Warwickshire,2009,62.124,284.2613,549.134,142.101,187.585,107.598,7.586,65.005,69.436,-10.890
E07000218,North Warwickshire,2010,62.066,284.2613,587.125,151.379,216.306,119.286,8.491,65.479,51.498,-11.081
E07000218,North Warwickshire,2011,62.089,284.2613,562.996,134.099,188.579,102.504,7.297,62.756,37.276,-11.398
E07000218,North Warwickshire,2012,62.099,284.2613,546.367,144.082,208.101,113.532,8.166,65.133,34.288,-10.853
E07000218,North Warwickshire,2013,62.057,284.2613,541.303,138.964,206.610,98.190,7.553,62.868,36.465,-11.243
E07000218,North Warwickshire,2014,62.292,284.2613,570.907,118.341,193.554,92.915,7.075,61.933,35.598,-11.574
E07000218,North Warwickshire,2015,62.681,284.2613,578.409,115.788,183.441,81.620,6.392,65.690,38.188,-12.253
E07000218,North Warwickshire,2016,62.908,284.2613,580.076,107.959,166.360,71.585,5.356,64.225,41.131,-11.135
E07000218,North Warwickshire,2017,63.517,284.2613,598.343,103.127,157.755,59.962,5.393,65.012,44.275,-11.505
E07000218,North Warwickshire,2018,64.098,284.2613,583.491,100.970,146.018,69.979,5.174,60.722,45.277,-11.355
E07000218,North Warwickshire,2019,64.383,284.2613,558.403,97.564,113.265,65.357,4.885,61.177,41.993,-11.683
E07000218,North Warwickshire,2020,64.271,284.2613,478.935,96.838,104.910,59.362,4.942,57.638,40.413,-11.563
E07000218,North Warwickshire,2021,65.338,284.2613,525.759,97.750,117.744,64.892,5.260,59.990,42.340,-11.057
E07000218,North Warwickshire,2022,66.035,284.2613,524.754,82.470,133.294,59.647,4.887,56.535,48.257,-10.701
E07000218,North Warwickshire,2023,66.356,284.2613,523.242,77.847,108.943,51.630,4.894,57.599,42.050,-11.565
E07000218,North Warwickshire,2024,67.117,284.2613,529.934,79.127,103.524,46.120,7.553,57.353,43.699,-11.497
E07000219,Nuneaton and Bedworth,2005,121.048,78.9504,224.957,300.514,94.386,102.658,38.942,19.028,46.237,1.388
E07000219,Nuneaton and Bedworth,2006,121.787,78.9504,232.723,299.520,91.627,104.033,36.389,18.414,45.333,1.387
E07000219,Nuneaton and Bedworth,2007,122.661,78.9504,234.074,291.497,90.675,102.718,34.824,19.221,98.332,1.142
E07000219,Nuneaton and Bedworth,2008,123.868,78.9504,224.237,289.363,82.745,98.757,33.007,19.552,94.413,0.828
E07000219,Nuneaton and Bedworth,2009,124.33,78.9504,217.170,261.157,69.915,83.855,28.815,18.620,108.167,0.810
E07000219,Nuneaton and Bedworth,2010,124.759,78.9504,221.092,279.578,78.455,88.907,32.740,19.326,61.584,0.757
E07000219,Nuneaton and Bedworth,2011,125.409,78.9504,212.741,247.943,73.229,79.126,28.023,18.321,36.084,0.597
E07000219,Nuneaton and Bedworth,2012,126.438,78.9504,214.675,265.163,75.501,86.291,32.043,18.695,29.134,0.814
E07000219,Nuneaton and Bedworth,2013,127.275,78.9504,210.805,256.462,74.086,81.547,30.484,17.568,33.724,0.540
E07000219,Nuneaton and Bedworth,2014,127.98,78.9504,216.872,216.553,67.400,72.240,26.344,16.929,44.356,0.373
E07000219,Nuneaton and Bedworth,2015,128.588,78.9504,216.841,213.902,67.447,62.055,26.969,17.980,48.105,0.190
E07000219,Nuneaton and Bedworth,2016,129.899,78.9504,217.189,198.270,59.125,51.722,20.231,17.472,54.515,0.281
E07000219,Nuneaton and Bedworth,2017,131.138,78.9504,217.988,190.441,52.824,41.654,20.909,17.655,62.496,0.235
E07000219,Nuneaton and Bedworth,2018,131.83,78.9504,216.911,186.304,47.398,47.339,21.599,16.380,66.817,0.310
E07000219,Nuneaton and Bedworth,2019,132.953,78.9504,207.513,179.516,42.915,41.227,20.070,15.517,67.035,0.204
E07000219,Nuneaton and Bedworth,2020,133.688,78.9504,176.689,177.471,36.106,36.340,18.486,14.026,60.009,0.303
E07000219,Nuneaton and Bedworth,2021,134.303,78.9504,195.304,181.547,40.839,42.399,20.398,14.333,53.589,0.359
E07000219,Nuneaton and Bedworth,2022,135.664,78.9504,198.877,155.710,36.987,41.681,18.873,13.849,50.008,0.457
E07000219,Nuneaton and Bedworth,2023,138.588,78.9504,198.009,145.806,33.746,37.798,16.744,14.532,40.996,0.309
E07000219,Nuneaton and Bedworth,2024,141.565,78.9504,195.925,148.418,36.460,29.807,16.514,14.246,37.783,0.332
E07000220,Rugby,2005,91.321,353.5573,464.977,249.880,1278.699,154.327,32.252,111.012,43.577,-0.903
E07000220,Rugby,2006,93.051,353.5573,453.868,252.415,1335.564,161.222,32.125,101.350,43.099,-0.750
E07000220,Rugby,2007,94.748,353.5573,459.462,246.298,1557.853,168.290,34.697,103.904,84.185,-1.706
E07000220,Rugby,2008,96.434,353.5573,454.486,245.399,1342.037,160.242,32.059,105.054,81.328,-2.854
E07000220,Rugby,2009,97.662,353.5573,433.014,223.143,1273.855,149.935,29.202,104.400,79.707,-2.629
E07000220,Rugby,2010,99.035,353.5573,431.339,238.156,1271.305,152.450,31.099,108.974,64.730,-3.138
E07000220,Rugby,2011,100.496,353.5573,424.094,210.905,1317.799,135.403,27.507,104.573,133.580,-3.632
E07000220,Rugby,2012,101.509,353.5573,425.867,226.968,1128.689,147.799,29.881,108.217,83.051,-3.236
E07000220,Rugby,2013,102.851,353.5573,429.540,220.725,1173.558,141.498,28.976,108.834,91.156,-4.097
E07000220,Rugby,2014,104.734,353.5573,441.069,188.329,1242.775,124.517,25.411,107.147,35.037,-4.189
E07000220,Rugby,2015,106.327,353.5573,446.252,186.794,1107.473,102.973,21.914,103.722,43.580,-4.838
E07000220,Rugby,2016,107.555,353.5573,462.815,174.770,1216.890,98.946,19.988,97.393,49.476,-3.815
E07000220,Rugby,2017,108.671,353.5573,460.324,167.506,1120.911,70.593,20.166,97.462,73.714,-4.154
E07000220,Rugby,2018,109.418,353.5573,467.007,167.716,1124.833,116.838,19.947,90.098,74.276,-4.413
E07000220,Rugby,2019,110.998,353.5573,450.179,160.576,1104.216,89.250,18.388,90.740,63.384,-4.887
E07000220,Rugby,2020,112.672,353.5573,381.901,159.699,1080.389,69.585,18.102,83.004,61.358,-4.629
E07000220,Rugby,2021,114.835,353.5573,421.540,163.107,1163.058,81.974,21.509,83.145,68.674,-4.345
E07000220,Rugby,2022,116.631,353.5573,421.784,140.960,1067.337,71.302,17.182,78.165,55.704,-4.113
E07000220,Rugby,2023,119.395,353.5573,422.636,132.490,879.155,68.527,17.133,78.416,61.183,-4.843
E07000220,Rugby,2024,122.378,353.5573,426.095,136.059,932.686,59.989,17.163,82.484,64.919,-4.825
E07000221,Stratford-on-Avon,2005,114.823,977.8694,534.620,347.343,69.506,168.309,26.160,234.529,55.430,-19.677
E07000221,Stratford-on-Avon,2006,116.708,977.8694,536.277,355.775,71.218,181.610,26.514,228.784,55.345,-19.206
E07000221,Stratford-on-Avon,2007,118.478,977.8694,545.807,343.211,69.822,171.604,25.280,227.631,107.331,-22.193
E07000221,Stratford-on-Avon,2008,119.666,977.8694,520.472,340.034,62.646,169.201,24.429,236.687,103.186,-24.961
E07000221,Stratford-on-Avon,2009,119.826,977.8694,497.749,313.548,53.514,144.745,20.881,225.500,103.481,-23.727
E07000221,Stratford-on-Avon,2010,120.191,977.8694,501.923,340.185,58.940,150.637,22.432,234.024,93.321,-24.059
E07000221,Stratford-on-Avon,2011,120.824,977.8694,498.630,299.446,58.786,148.085,21.063,229.877,62.526,-25.500
E07000221,Stratford-on-Avon,2012,121.005,977.8694,513.500,321.058,63.275,171.558,23.993,239.793,91.521,-23.499
E07000221,Stratford-on-Avon,2013,121.548,977.8694,512.522,311.804,62.629,160.829,23.029,232.201,90.604,-25.790
E07000221,Stratford-on-Avon,2014,122.142,977.8694,514.464,269.158,57.839,145.445,21.343,227.020,158.733,-25.402
E07000221,Stratford-on-Avon,2015,122.85,977.8694,528.269,262.362,53.132,123.640,18.181,237.892,62.668,-28.006
E07000221,Stratford-on-Avon,2016,123.729,977.8694,554.222,247.578,45.324,105.705,14.479,228.942,82.504,-24.370
E07000221,Stratford-on-Avon,2017,125.624,977.8694,560.801,235.966,46.576,87.592,17.033,229.280,90.545,-25.649
E07000221,Stratford-on-Avon,2018,127.565,977.8694,555.551,234.691,40.152,100.566,14.974,210.090,50.524,-25.656
E07000221,Stratford-on-Avon,2019,129.816,977.8694,535.894,226.424,38.533,86.190,13.865,216.361,42.758,-26.663
E07000221,Stratford-on-Avon,2020,131.979,977.8694,426.421,226.849,33.036,72.187,12.672,199.247,40.343,-26.267
E07000221,Stratford-on-Avon,2021,135.946,977.8694,478.471,230.460,36.685,82.591,13.805,202.790,44.548,-25.102
E07000221,Stratford-on-Avon,2022,138.772,977.8694,501.144,197.255,37.539,77.611,11.603,192.193,52.352,-24.333
E07000221,Stratford-on-Avon,2023,142.931,977.8694,495.026,187.409,34.807,65.004,10.156,199.074,42.787,-26.719
E07000221,Stratford-on-Avon,2024,146.258,977.8694,502.633,193.038,30.784,61.015,10.281,196.287,43.492,-26.624
E07000222,Warwick,2005,134.567,282.8822,494.786,351.628,124.278,248.389,57.871,56.558,83.545,-3.304
E07000222,Warwick,2006,135.593,282.8822,498.839,352.091,123.559,257.137,57.093,54.805,82.932,-3.550
E07000222,Warwick,2007,136.655,282.8822,504.962,340.084,114.947,226.702,50.040,54.424,142.200,-4.435
E07000222,Warwick,2008,137.448,282.8822,491.684,338.795,103.285,218.734,48.279,54.883,136.662,-5.313
E07000222,Warwick,2009,138.189,282.8822,475.865,306.736,89.621,189.964,41.868,51.829,151.396,-5.374
E07000222,Warwick,2010,138.115,282.8822,465.314,328.331,98.072,199.103,45.247,53.215,119.065,-5.583
E07000222,Warwick,2011,137.736,282.8822,470.383,290.085,90.501,175.742,39.603,51.567,90.773,-6.465
E07000222,Warwick,2012,139.225,282.8822,489.982,313.105,90.371,182.346,41.731,53.638,79.887,-6.120
E07000222,Warwick,2013,139.447,282.8822,478.551,302.417,89.879,174.800,40.938,51.858,81.140,-6.589
E07000222,Warwick,2014,140.306,282.8822,480.403,258.136,80.323,147.999,35.100,50.770,62.695,-6.615
E07000222,Warwick,2015,141.025,282.8822,502.450,253.224,80.543,135.475,33.990,54.239,76.885,-7.604
E07000222,Warwick,2016,142.534,282.8822,517.521,237.660,68.265,112.540,29.067,52.647,78.840,-6.572
E07000222,Warwick,2017,143.353,282.8822,514.524,227.014,66.962,87.832,33.272,54.024,77.660,-6.851
E07000222,Warwick,2018,145.478,282.8822,513.382,224.290,54.969,99.390,28.826,48.049,75.085,-6.760
E07000222,Warwick,2019,146.005,282.8822,494.483,214.495,54.124,85.423,25.722,49.915,71.497,-7.106
E07000222,Warwick,2020,146.643,282.8822,379.611,213.459,50.113,72.482,24.369,44.804,66.494,-6.877
E07000222,Warwick,2021,148.693,282.8822,421.951,217.463,52.474,83.299,28.099,53.448,70.599,-6.454
E07000222,Warwick,2022,151.61,282.8822,433.791,188.503,55.636,77.990,24.230,50.223,80.891,-5.999
E07000222,Warwick,2023,153.101,282.8822,437.750,175.444,47.731,68.573,22.337,45.194,69.226,-6.631
E07000222,Warwick,2024,154.889,282.8822,439.960,180.236,43.718,70.269,25.254,44.410,70.119,-6.467
E07000223,Adur,2005,59.821,43.6479,124.576,148.521,29.617,39.406,30.199,7.710,42.556,1.165
E07000223,Adur,2006,60.337,43.6479,119.707,148.240,28.994,38.922,29.368,7.268,41.791,1.167
E07000223,Adur,2007,60.564,43.6479,117.282,143.343,29.397,38.534,29.069,7.761,40.201,1.091
E07000223,Adur,2008,60.721,43.6479,110.650,141.627,26.492,38.008,28.530,7.821,35.900,0.939
E07000223,Adur,2009,61.023,43.6479,109.240,128.514,23.098,33.272,25.085,7.576,41.815,0.886
E07000223,Adur,2010,61.216,43.6479,105.547,138.534,27.348,35.977,27.373,7.179,46.004,0.869
E07000223,Adur,2011,61.334,43.6479,105.339,120.735,23.826,30.967,23.556,6.745,25.135,0.671
E07000223,Adur,2012,62.158,43.6479,103.982,129.964,23.539,31.073,23.604,6.661,19.484,0.638
E07000223,Adur,2013,62.85,43.6479,101.389,125.542,23.396,28.317,21.606,6.665,18.150,0.590
E07000223,Adur,2014,63.525,43.6479,103.245,106.261,21.197,24.139,18.305,6.199,17.426,0.575
E07000223,Adur,2015,63.808,43.6479,104.002,102.895,23.020,28.977,21.765,6.754,18.017,0.468
E07000223,Adur,2016,63.947,43.6479,107.534,95.625,20.915,24.946,16.634,7.167,15.985,0.500
E07000223,Adur,2017,64.144,43.6479,105.667,89.277,21.928,18.812,20.929,6.923,15.748,0.461
E07000223,Adur,2018,64.23,43.6479,100.752,86.417,19.847,25.149,10.894,6.680,14.444,0.431
E07000223,Adur,2019,64.58,43.6479,100.528,82.408,16.788,26.417,6.379,6.856,16.459,0.456
E07000223,Adur,2020,64.55,43.6479,81.044,82.302,15.303,22.445,6.380,6.152,17.635,0.441
E07000223,Adur,2021,64.632,43.6479,81.808,81.721,15.644,25.921,7.044,6.785,14.278,0.435
E07000223,Adur,2022,64.76,43.6479,86.006,70.744,13.385,16.807,15.152,6.557,13.222,0.461
E07000223,Adur,2023,64.688,43.6479,82.862,65.287,13.225,13.518,13.261,5.992,13.673,0.421
E07000223,Adur,2024,64.889,43.6479,81.696,64.940,11.916,12.346,12.179,5.425,13.674,0.416
E07000224,Arun,2005,145.985,224.7032,249.750,388.308,70.276,131.641,43.846,51.109,87.547,-12.699
E07000224,Arun,2006,146.75,224.7032,248.168,387.987,67.282,128.323,39.739,51.554,85.367,-13.166
E07000224,Arun,2007,147.725,224.7032,246.966,373.685,66.256,120.820,36.703,47.541,81.806,-13.615
E07000224,Arun,2008,148.458,224.7032,235.791,373.760,59.298,119.799,35.681,48.637,71.838,-14.492
E07000224,Arun,2009,148.891,224.7032,226.697,341.088,52.240,105.329,31.467,47.568,51.249,-14.580
E07000224,Arun,2010,149.467,224.7032,223.844,368.034,58.427,113.531,34.309,44.800,82.010,-14.667
E07000224,Arun,2011,149.811,224.7032,219.524,322.708,51.858,98.162,29.429,42.186,62.894,-15.397
E07000224,Arun,2012,152.162,224.7032,217.619,349.175,57.156,113.890,35.239,44.308,51.034,-14.983
E07000224,Arun,2013,154.034,224.7032,214.251,339.696,54.884,107.088,34.155,44.273,47.829,-15.817
E07000224,Arun,2014,155.983,224.7032,216.448,289.670,47.543,90.770,29.111,42.134,56.740,-15.743
E07000224,Arun,2015,157.474,224.7032,217.243,279.723,44.265,77.132,24.409,43.053,54.809,-16.685
E07000224,Arun,2016,159.363,224.7032,231.275,266.918,41.535,65.833,21.299,40.835,22.634,-15.755
E07000224,Arun,2017,161.338,224.7032,233.827,251.021,43.405,64.658,23.264,40.561,23.359,-16.442
E07000224,Arun,2018,162.647,224.7032,227.333,245.231,37.617,63.245,18.935,36.798,19.927,-16.181
E07000224,Arun,2019,163.31,224.7032,219.003,233.159,33.338,53.752,18.078,37.086,23.109,-16.425
E07000224,Arun,2020,163.661,224.7032,183.624,231.283,31.675,45.526,17.629,36.660,26.063,-16.567
E07000224,Arun,2021,165.219,224.7032,186.237,232.664,33.384,54.287,17.879,36.020,17.991,-15.895
E07000224,Arun,2022,166.288,224.7032,180.944,201.589,29.105,50.420,15.990,32.606,15.769,-15.283
E07000224,Arun,2023,168.102,224.7032,180.899,187.133,29.095,47.342,14.640,35.230,17.785,-16.136
E07000224,Arun,2024,170.064,224.7032,180.349,189.129,28.129,42.989,14.972,32.832,17.490,-15.911
E07000225,Chichester,2005,108.773,812.4149,342.469,336.088,70.783,121.473,54.423,186.397,72.527,-126.598
E07000225,Chichester,2006,109.686,812.4149,335.644,337.858,64.760,121.622,52.401,180.193,71.482,-129.427
E07000225,Chichester,2007,110.603,812.4149,339.653,321.389,63.699,116.343,49.944,176.978,69.315,-131.026
E07000225,Chichester,2008,111.796,812.4149,325.583,328.165,59.436,121.291,51.925,177.083,61.575,-134.860
E07000225,Chichester,2009,112.474,812.4149,314.614,302.804,55.842,116.090,49.057,169.505,99.718,-134.952
E07000225,Chichester,2010,113.411,812.4149,310.107,329.036,62.571,120.841,51.424,176.798,71.176,-135.438
E07000225,Chichester,2011,113.995,812.4149,304.646,289.816,60.728,113.680,48.104,165.027,78.748,-136.985
E07000225,Chichester,2012,115.042,812.4149,297.921,312.261,58.537,121.438,51.318,173.379,75.433,-132.701
E07000225,Chichester,2013,116.12,812.4149,292.500,301.806,58.788,113.887,48.433,171.440,64.587,-138.079
E07000225,Chichester,2014,116.87,812.4149,299.581,260.581,55.123,98.836,42.173,160.027,53.121,-136.850
E07000225,Chichester,2015,118.447,812.4149,305.925,248.412,52.756,91.827,38.699,170.547,43.386,-139.909
E07000225,Chichester,2016,119.711,812.4149,320.953,233.415,51.103,82.606,35.101,150.847,46.604,-134.818
E07000225,Chichester,2017,121.442,812.4149,320.600,219.757,44.772,68.657,36.112,158.943,37.876,-138.621
E07000225,Chichester,2018,122.185,812.4149,308.958,215.106,36.491,79.487,38.610,148.296,30.566,-137.367
E07000225,Chichester,2019,122.815,812.4149,302.530,204.786,46.610,67.469,28.797,146.830,35.048,-138.076
E07000225,Chichester,2020,123.032,812.4149,253.178,203.242,40.869,59.753,28.447,140.359,34.253,-140.011
E07000225,Chichester,2021,124.517,812.4149,255.314,204.252,39.108,66.002,29.174,142.968,28.710,-135.548
E07000225,Chichester,2022,126.177,812.4149,250.587,175.566,36.224,65.421,27.760,131.319,25.476,-132.272
E07000225,Chichester,2023,127.54,812.4149,248.843,165.151,34.044,53.744,22.885,128.526,26.864,-137.328
E07000225,Chichester,2024,128.934,812.4149,247.562,168.111,30.398,53.398,22.786,133.635,27.267,-135.942
E07000226,Crawley,2005,99.703,44.9711,266.558,223.072,72.696,306.581,37.613,5.835,66.260,-1.196
E07000226,Crawley,2006,100.746,44.9711,268.285,223.918,72.454,319.776,37.856,6.267,66.021,-1.288
E07000226,Crawley,2007,101.61,44.9711,268.066,219.422,71.953,306.357,35.736,5.517,63.344,-1.295
E07000226,Crawley,2008,102.827,44.9711,250.795,219.843,63.877,318.481,37.377,5.699,53.980,-1.425
E07000226,Crawley,2009,103.843,44.9711,246.433,200.278,56.623,276.941,32.352,6.007,52.451,-1.490
E07000226,Crawley,2010,105.478,44.9711,237.699,214.197,61.762,284.079,34.269,5.676,81.640,-1.588
E07000226,Crawley,2011,107.053,44.9711,240.540,188.510,59.020,248.442,29.344,5.556,84.294,-1.743
E07000226,Crawley,2012,108.974,44.9711,236.998,201.218,57.020,260.661,30.314,5.511,77.133,-1.740
E07000226,Crawley,2013,110.19,44.9711,231.473,198.631,55.304,247.457,29.118,3.587,69.118,-1.863
E07000226,Crawley,2014,111.522,44.9711,227.804,167.131,51.631,209.364,24.803,3.447,54.688,-1.912
E07000226,Crawley,2015,112.952,44.9711,237.274,161.521,47.784,183.697,21.770,3.752,40.940,-2.014
E07000226,Crawley,2016,114.243,44.9711,247.731,152.755,42.610,161.487,18.016,3.759,34.092,-2.000
E07000226,Crawley,2017,115.083,44.9711,251.045,142.026,51.326,131.969,21.220,3.882,29.895,-2.008
E07000226,Crawley,2018,116.472,44.9711,247.986,141.480,43.204,150.816,16.442,3.661,36.969,-1.889
E07000226,Crawley,2019,117.144,44.9711,247.532,135.915,44.216,136.469,13.170,3.635,39.782,-1.849
E07000226,Crawley,2020,117.793,44.9711,157.910,133.614,40.469,109.678,11.803,3.348,24.485,-1.879
E07000226,Crawley,2021,118.607,44.9711,163.811,136.500,51.175,116.056,13.298,3.573,20.375,-1.767
E07000226,Crawley,2022,119.959,44.9711,196.073,119.408,44.206,109.770,14.218,3.282,21.248,-1.633
E07000226,Crawley,2023,122.655,44.9711,194.571,109.951,39.905,97.898,12.537,3.303,23.788,-1.804
E07000226,Crawley,2024,124.008,44.9711,197.927,110.919,41.434,91.822,11.924,3.158,21.147,-1.784
E07000227,Horsham,2005,125.949,530.9624,328.585,354.112,140.145,125.337,34.781,115.064,77.349,-52.448
E07000227,Horsham,2006,127.19,530.9624,319.891,357.274,138.334,129.303,35.345,109.839,75.974,-53.629
E07000227,Horsham,2007,128.294,530.9624,321.124,347.451,135.642,124.883,34.473,106.006,73.306,-55.031
E07000227,Horsham,2008,129.073,530.9624,304.570,349.169,122.025,121.498,32.031,106.546,64.625,-56.769
E07000227,Horsham,2009,129.79,530.9624,293.647,319.962,106.101,103.844,27.548,105.782,70.234,-57.745
E07000227,Horsham,2010,130.916,530.9624,290.914,344.005,120.597,107.319,30.198,106.386,75.807,-57.926
E07000227,Horsham,2011,131.54,530.9624,286.036,303.746,114.864,101.244,28.067,102.702,77.600,-58.879
E07000227,Horsham,2012,132.145,530.9624,286.034,325.935,111.250,107.630,29.481,103.001,63.393,-57.448
E07000227,Horsham,2013,132.807,530.9624,277.034,319.611,108.550,98.742,27.686,100.302,73.345,-59.350
E07000227,Horsham,2014,134.201,530.9624,285.097,276.475,95.232,83.668,22.719,98.653,107.347,-59.143
E07000227,Horsham,2015,135.832,530.9624,288.916,266.213,92.283,70.549,20.794,101.903,73.991,-60.940
E07000227,Horsham,2016,138.257,530.9624,303.448,254.847,88.245,57.964,17.152,99.574,154.530,-58.297
E07000227,Horsham,2017,139.862,530.9624,300.674,238.908,94.523,47.087,17.102,100.248,175.382,-59.957
E07000227,Horsham,2018,141.468,530.9624,293.866,240.130,82.683,58.291,16.781,94.726,108.966,-59.648
E07000227,Horsham,2019,142.932,530.9624,287.891,228.497,70.798,49.147,13.858,94.513,78.454,-60.577
E07000227,Horsham,2020,144.377,530.9624,236.609,226.362,55.848,46.894,14.799,92.930,33.755,-61.336
E07000227,Horsham,2021,147.5,530.9624,240.119,227.585,72.481,49.988,15.255,87.064,26.291,-59.824
E07000227,Horsham,2022,148.784,530.9624,234.625,196.536,73.270,50.450,12.807,82.856,23.316,-58.628
E07000227,Horsham,2023,149.741,530.9624,236.099,183.244,59.641,41.297,11.134,85.268,39.392,-60.776
E07000227,Horsham,2024,151.521,530.9624,237.859,186.542,54.051,40.063,12.173,83.468,38.372,-60.380
E07000228,Mid Sussex,2005,130.503,334.0294,339.784,359.287,85.193,109.793,50.721,65.759,79.165,-53.661
E07000228,Mid Sussex,2006,132.061,334.0294,334.434,362.862,83.319,113.893,50.263,62.719,77.497,-55.061
E07000228,Mid Sussex,2007,133.976,334.0294,331.538,352.982,81.934,112.523,50.528,58.197,74.820,-55.901
E07000228,Mid Sussex,2008,135.734,334.0294,314.208,355.030,76.390,112.491,49.522,58.526,65.847,-57.562
E07000228,Mid Sussex,2009,137.209,334.0294,306.681,323.945,74.367,104.650,46.303,56.189,57.222,-58.128
E07000228,Mid Sussex,2010,138.897,334.0294,299.979,349.857,80.268,109.750,48.538,58.621,61.442,-58.395
E07000228,Mid Sussex,2011,140.188,334.0294,295.599,306.733,75.609,100.913,44.284,55.631,61.558,-59.105
E07000228,Mid Sussex,2012,141.243,334.0294,290.052,329.841,81.117,107.355,47.263,57.157,55.062,-58.114
E07000228,Mid Sussex,2013,142.951,334.0294,282.966,324.092,84.380,102.923,47.059,58.064,57.773,-59.792
E07000228,Mid Sussex,2014,144.577,334.0294,286.484,278.267,77.422,89.685,39.540,56.319,51.788,-59.545
E07000228,Mid Sussex,2015,145.684,334.0294,294.736,271.282,73.622,75.656,35.437,56.562,43.466,-60.817
E07000228,Mid Sussex,2016,147.001,334.0294,311.198,258.580,65.316,62.846,30.024,50.713,58.818,-59.006
E07000228,Mid Sussex,2017,147.679,334.0294,313.352,241.718,66.921,50.859,30.313,49.357,69.043,-60.472
E07000228,Mid Sussex,2018,148.966,334.0294,307.799,241.051,63.444,59.537,27.340,46.264,64.479,-59.973
E07000228,Mid Sussex,2019,150.027,334.0294,293.858,231.269,62.585,52.720,24.893,47.372,83.550,-60.311
E07000228,Mid Sussex,2020,150.877,334.0294,238.332,229.860,47.394,46.534,24.178,44.348,51.475,-61.208
E07000228,Mid Sussex,2021,152.919,334.0294,242.394,234.676,51.109,53.766,25.806,38.988,49.389,-59.507
E07000228,Mid Sussex,2022,155.159,334.0294,241.835,204.130,56.302,52.276,22.137,37.182,79.066,-58.195
E07000228,Mid Sussex,2023,158.41,334.0294,243.239,191.013,53.549,47.180,21.225,41.734,88.067,-60.283
E07000228,Mid Sussex,2024,161.755,334.0294,242.125,195.198,53.674,45.620,20.379,41.451,84.687,-59.814
E07000229,Worthing,2005,100.064,33.7831,128.864,258.629,76.739,79.369,43.517,2.392,61.434,1.605
E07000229,Worthing,2006,100.632,33.7831,126.229,256.422,78.332,83.124,43.907,4.028,60.088,1.450
E07000229,Worthing,2007,101.511,33.7831,120.437,248.763,77.979,82.544,42.215,2.361,57.695,1.416
E07000229,Worthing,2008,102.369,33.7831,117.830,246.674,73.962,79.660,40.986,2.783,50.986,1.348
E07000229,Worthing,2009,102.809,33.7831,114.616,224.150,64.182,68.830,36.252,2.463,67.176,1.195
E07000229,Worthing,2010,103.769,33.7831,109.987,240.395,66.967,68.328,37.002,2.624,51.329,1.144
E07000229,Worthing,2011,104.998,33.7831,107.295,209.893,65.853,63.459,36.039,2.598,50.838,1.119
E07000229,Worthing,2012,105.797,33.7831,98.809,225.822,65.359,66.524,36.334,2.605,40.781,0.949
E07000229,Worthing,2013,106.349,33.7831,96.559,217.371,63.204,61.378,35.351,2.881,38.233,0.937
E07000229,Worthing,2014,107.291,33.7831,96.769,184.312,53.975,53.853,30.631,2.772,32.518,0.896
E07000229,Worthing,2015,108.337,33.7831,96.735,177.184,48.776,45.702,26.392,2.728,32.092,0.833
E07000229,Worthing,2016,109.346,33.7831,99.829,167.046,42.709,40.198,22.254,2.736,23.741,0.807
E07000229,Worthing,2017,109.989,33.7831,99.270,157.136,42.503,30.706,23.307,2.575,23.731,0.840
E07000229,Worthing,2018,110.28,33.7831,96.490,152.733,35.984,41.029,21.128,2.815,16.532,0.742
E07000229,Worthing,2019,110.932,33.7831,92.183,145.159,31.312,33.833,19.219,2.899,17.474,0.847
E07000229,Worthing,2020,111.064,33.7831,76.492,144.626,29.718,25.954,17.405,2.644,19.097,0.872
E07000229,Worthing,2021,111.654,33.7831,74.600,143.314,28.357,31.757,18.339,2.931,17.759,0.887
E07000229,Worthing,2022,112.071,33.7831,73.054,123.689,27.131,31.239,16.881,2.938,13.071,0.955
E07000229,Worthing,2023,112.897,33.7831,71.957,114.581,16.444,34.781,17.761,3.693,12.374,0.911
E07000229,Worthing,2024,113.866,33.7831,71.574,113.804,15.445,29.125,16.592,2.841,13.565,0.926
E07000234,Bromsgrove,2005,91.046,216.9684,482.567,256.260,37.491,67.792,29.623,70.701,10.303,-13.089
E07000234,Bromsgrove,2006,91.734,216.9684,480.846,259.356,39.474,75.722,30.000,67.671,10.553,-13.519
E07000234,Bromsgrove,2007,92.563,216.9684,480.893,251.442,38.641,71.886,27.800,64.685,72.572,-13.700
E07000234,Bromsgrove,2008,93.097,216.9684,464.568,250.863,36.198,73.079,27.692,62.732,48.052,-14.673
E07000234,Bromsgrove,2009,93.444,216.9684,455.079,227.394,30.672,61.676,22.118,61.081,57.492,-14.864
E07000234,Bromsgrove,2010,93.507,216.9684,452.845,242.539,33.405,64.336,24.200,60.034,63.953,-14.955
E07000234,Bromsgrove,2011,93.732,216.9684,432.603,214.282,32.051,58.037,21.194,57.321,52.766,-15.276
E07000234,Bromsgrove,2012,94.179,216.9684,429.961,230.028,32.784,62.486,22.713,57.039,54.550,-15.037
E07000234,Bromsgrove,2013,94.53,216.9684,431.099,225.534,32.552,60.352,23.363,58.026,48.370,-15.688
E07000234,Bromsgrove,2014,95.38,216.9684,441.341,192.280,30.475,54.456,20.550,56.965,55.935,-15.572
E07000234,Bromsgrove,2015,95.44,216.9684,443.437,189.174,29.527,50.173,18.938,57.859,51.694,-16.048
E07000234,Bromsgrove,2016,96.254,216.9684,452.188,178.032,25.254,42.692,15.917,57.503,53.548,-15.375
E07000234,Bromsgrove,2017,96.703,216.9684,451.786,170.467,23.298,36.064,17.080,56.703,42.271,-15.942
E07000234,Bromsgrove,2018,97.315,216.9684,433.101,167.910,19.097,41.967,15.670,51.296,38.675,-15.617
E07000234,Bromsgrove,2019,98.339,216.9684,429.397,162.201,18.392,35.494,14.288,53.341,37.930,-15.964
E07000234,Bromsgrove,2020,98.837,216.9684,358.858,159.805,16.870,30.608,13.349,51.123,37.926,-16.035
E07000234,Bromsgrove,2021,99.449,216.9684,398.384,161.182,17.962,36.479,14.655,47.396,37.843,-15.579
E07000234,Bromsgrove,2022,100.231,216.9684,412.929,136.987,17.998,33.362,13.736,45.800,41.935,-15.178
E07000234,Bromsgrove,2023,101.006,216.9684,411.054,128.601,16.402,29.672,12.595,47.267,38.642,-15.889
E07000234,Bromsgrove,2024,101.685,216.9684,413.079,130.604,16.682,27.041,12.191,44.848,35.677,-15.764
E07000235,Malvern Hills,2005,73.425,577.071,307.512,215.571,42.931,38.645,16.531,176.769,10.534,-34.356
E07000235,Malvern Hills,2006,73.748,577.071,317.064,215.646,50.176,52.434,18.915,167.771,10.965,-34.838
E07000235,Malvern Hills,2007,74.02,577.071,323.768,206.834,51.188,51.757,18.546,167.826,60.531,-36.680
E07000235,Malvern Hills,2008,74.192,577.071,305.900,207.271,45.678,50.497,17.446,167.871,40.525,-39.094
E07000235,Malvern Hills,2009,74.141,577.071,300.233,191.317,37.575,41.704,15.161,161.147,47.800,-38.791
E07000235,Malvern Hills,2010,74.542,577.071,294.607,206.259,42.374,42.861,15.863,161.859,53.191,-39.221
E07000235,Malvern Hills,2011,74.706,577.071,291.503,179.806,40.312,40.194,14.029,155.755,43.550,-40.434
E07000235,Malvern Hills,2012,75.116,577.071,278.563,192.447,39.512,41.612,14.316,158.079,45.440,-39.487
E07000235,Malvern Hills,2013,75.454,577.071,279.940,187.092,41.863,41.641,14.323,156.050,41.651,-41.346
E07000235,Malvern Hills,2014,76.208,577.071,288.809,160.681,38.617,36.209,12.706,149.082,46.632,-41.131
E07000235,Malvern Hills,2015,76.024,577.071,295.931,156.046,37.240,35.681,12.622,154.541,42.624,-43.116
E07000235,Malvern Hills,2016,76.391,577.071,308.171,146.434,33.138,27.621,9.848,150.436,42.732,-41.085
E07000235,Malvern Hills,2017,76.696,577.071,304.068,138.617,32.698,23.501,9.970,153.342,36.655,-42.230
E07000235,Malvern Hills,2018,77.362,577.071,298.894,137.535,31.432,25.808,10.051,142.973,33.748,-42.381
E07000235,Malvern Hills,2019,77.872,577.071,287.577,132.773,30.093,24.145,9.193,144.983,33.315,-43.461
E07000235,Malvern Hills,2020,78.288,577.071,230.978,132.229,27.626,20.171,8.924,139.454,33.524,-43.527
E07000235,Malvern Hills,2021,79.969,577.071,269.127,132.102,29.559,23.259,9.794,144.718,33.652,-42.237
E07000235,Malvern Hills,2022,81.113,577.071,270.217,111.642,28.657,21.943,8.713,138.264,35.218,-41.337
E07000235,Malvern Hills,2023,81.943,577.071,266.031,107.431,26.092,19.488,7.771,137.363,34.581,-43.478
E07000235,Malvern Hills,2024,83.227,577.071,275.815,110.653,21.611,18.084,7.891,137.038,32.356,-43.276
E07000236,Redditch,2005,80.11,54.2509,115.750,195.283,128.585,76.386,24.776,14.164,10.135,-1.530
E07000236,Redditch,2006,81.077,54.2509,113.895,198.049,131.156,79.057,24.156,12.847,11.275,-1.522
E07000236,Redditch,2007,81.762,54.2509,115.908,191.637,123.461,73.542,22.583,13.857,66.224,-1.597
E07000236,Redditch,2008,82.713,54.2509,112.287,190.854,119.365,73.873,21.360,13.776,44.542,-1.785
E07000236,Redditch,2009,83.102,54.2509,109.140,172.292,94.716,58.074,17.318,12.298,52.639,-1.851
E07000236,Redditch,2010,83.57,54.2509,107.491,183.059,102.434,61.483,18.801,12.952,68.974,-1.925
E07000236,Redditch,2011,84.318,54.2509,104.741,162.271,93.740,56.947,17.049,12.642,58.183,-2.087
E07000236,Redditch,2012,84.667,54.2509,100.861,172.499,96.096,60.582,18.295,12.451,54.407,-2.085
E07000236,Redditch,2013,85.072,54.2509,97.261,168.537,91.877,56.335,17.429,12.161,44.868,-2.293
E07000236,Redditch,2014,85.266,54.2509,98.653,143.357,80.206,48.722,15.077,11.489,55.200,-2.323
E07000236,Redditch,2015,85.866,54.2509,98.384,140.455,75.166,42.660,13.337,11.269,51.429,-2.470
E07000236,Redditch,2016,86.432,54.2509,100.990,130.399,66.645,35.606,11.141,10.993,49.240,-2.308
E07000236,Redditch,2017,86.463,54.2509,105.624,124.628,64.733,26.552,11.769,11.540,43.888,-2.399
E07000236,Redditch,2018,86.186,54.2509,104.952,122.778,60.608,32.290,10.714,10.257,37.076,-2.282
E07000236,Redditch,2019,86.307,54.2509,100.194,117.912,62.031,29.075,9.813,11.132,39.514,-2.404
E07000236,Redditch,2020,86.561,54.2509,76.307,115.167,47.666,24.803,9.212,10.330,37.977,-2.488
E07000236,Redditch,2021,86.981,54.2509,83.389,116.232,57.175,26.720,9.995,9.788,36.852,-2.406
E07000236,Redditch,2022,87.189,54.2509,84.522,99.333,63.736,39.116,9.265,8.643,38.159,-2.311
E07000236,Redditch,2023,87.51,54.2509,83.357,92.696,53.542,23.121,9.237,6.602,35.869,-2.482
E07000236,Redditch,2024,87.847,54.2509,82.837,93.070,56.740,20.924,10.999,6.430,44.028,-2.462
E07000237,Worcester,2005,94.47,33.2782,130.846,223.901,111.567,111.399,60.723,6.642,15.633,2.350
E07000237,Worcester,2006,95.024,33.2782,128.699,223.082,104.484,101.501,54.361,6.895,17.553,2.204
E07000237,Worcester,2007,95.532,33.2782,128.879,215.957,97.409,93.507,49.638,5.082,81.854,2.030
E07000237,Worcester,2008,96.416,33.2782,125.449,215.768,87.219,86.366,47.812,5.668,55.834,1.986
E07000237,Worcester,2009,97.117,33.2782,122.664,194.915,78.528,79.212,43.499,4.857,66.171,1.916
E07000237,Worcester,2010,97.655,33.2782,121.692,209.549,84.248,81.917,47.158,4.260,71.537,1.854
E07000237,Worcester,2011,98.679,33.2782,118.619,182.519,82.747,82.157,45.258,3.975,60.915,1.686
E07000237,Worcester,2012,100.082,33.2782,116.566,196.859,83.986,83.947,46.243,4.099,63.435,1.560
E07000237,Worcester,2013,101.295,33.2782,113.619,190.522,81.998,80.313,44.976,5.977,58.356,1.519
E07000237,Worcester,2014,102.267,33.2782,114.837,162.023,70.935,68.087,38.286,5.921,62.143,1.491
E07000237,Worcester,2015,103.093,33.2782,115.274,157.194,66.727,60.436,34.746,6.216,61.593,1.399
E07000237,Worcester,2016,104.696,33.2782,116.737,147.153,57.597,50.602,29.723,6.139,60.801,1.361
E07000237,Worcester,2017,105.321,33.2782,114.866,139.521,57.024,41.210,30.488,6.081,52.587,1.311
E07000237,Worcester,2018,105.303,33.2782,113.503,136.666,50.393,47.332,27.738,5.833,48.505,1.318
E07000237,Worcester,2019,105.137,33.2782,109.450,130.170,42.023,43.211,24.367,5.711,50.734,1.356
E07000237,Worcester,2020,104.399,33.2782,89.261,127.915,39.612,36.409,22.523,5.314,50.505,1.432
E07000237,Worcester,2021,103.628,33.2782,98.475,129.704,47.125,40.583,24.099,4.016,51.088,1.457
E07000237,Worcester,2022,104.178,33.2782,100.059,110.396,44.228,35.726,21.224,3.827,52.778,1.559
E07000237,Worcester,2023,105.403,33.2782,101.221,102.494,41.141,31.643,19.411,5.795,60.968,1.533
E07000237,Worcester,2024,106.671,33.2782,102.513,103.753,32.963,28.352,18.085,5.119,51.710,1.571
E07000238,Wychavon,2005,114.696,663.5418,526.845,315.516,224.414,130.688,31.616,178.677,18.599,-11.242
E07000238,Wychavon,2006,115.451,663.5418,532.413,318.550,243.619,156.029,33.898,180.114,19.693,-11.087
E07000238,Wychavon,2007,116.141,663.5418,534.470,308.910,231.190,141.961,31.115,176.755,97.503,-13.705
E07000238,Wychavon,2008,116.229,663.5418,513.355,307.851,220.149,145.105,30.299,178.524,65.497,-15.841
E07000238,Wychavon,2009,116.499,663.5418,507.226,281.244,176.114,126.943,26.545,168.278,78.058,-15.916
E07000238,Wychavon,2010,116.863,663.5418,502.895,304.217,192.620,131.013,28.119,169.337,86.860,-15.848
E07000238,Wychavon,2011,117.074,663.5418,494.055,266.365,168.883,112.901,24.281,162.178,74.351,-17.396
E07000238,Wychavon,2012,117.858,663.5418,472.570,285.297,171.377,119.361,24.891,167.085,75.903,-16.564
E07000238,Wychavon,2013,118.841,663.5418,484.552,278.097,178.591,116.367,25.224,165.489,70.691,-17.964
E07000238,Wychavon,2014,120.17,663.5418,499.687,240.233,162.086,102.869,22.272,160.195,75.173,-17.797
E07000238,Wychavon,2015,121.99,663.5418,507.159,234.859,158.970,95.713,20.706,167.200,72.493,-19.748
E07000238,Wychavon,2016,123.632,663.5418,528.484,222.989,140.802,85.965,17.925,164.796,71.184,-17.315
E07000238,Wychavon,2017,125.694,663.5418,525.733,212.136,152.560,64.181,19.101,169.479,63.289,-18.334
E07000238,Wychavon,2018,127.335,663.5418,513.592,209.961,140.206,88.570,19.083,160.807,59.837,-18.358
E07000238,Wychavon,2019,129.003,663.5418,504.142,202.749,136.516,60.638,27.642,157.067,59.702,-19.039
E07000238,Wychavon,2020,130.419,663.5418,419.424,200.598,114.990,54.151,33.857,152.895,60.504,-18.568
E07000238,Wychavon,2021,133.084,663.5418,471.984,202.192,145.065,67.899,40.841,156.801,61.457,-17.688
E07000238,Wychavon,2022,134.508,663.5418,479.137,172.480,122.449,62.204,36.228,143.747,65.184,-17.004
E07000238,Wychavon,2023,136.648,663.5418,473.323,163.170,101.933,55.703,31.679,145.598,64.253,-18.649
E07000238,Wychavon,2024,138.017,663.5418,480.216,166.562,99.775,60.048,30.281,145.529,71.903,-18.508
E07000239,Wyre Forest,2005,97.585,195.4038,174.648,253.324,104.015,95.147,31.576,44.277,13.295,-22.408
E07000239,Wyre Forest,2006,97.666,195.4038,173.008,254.396,102.482,98.090,30.972,45.832,13.773,-22.894
E07000239,Wyre Forest,2007,98.017,195.4038,174.759,245.787,98.578,95.316,29.966,42.151,79.571,-23.174
E07000239,Wyre Forest,2008,98.143,195.4038,170.206,245.219,89.208,86.243,26.277,42.001,53.519,-24.012
E07000239,Wyre Forest,2009,97.993,195.4038,166.426,221.931,71.527,65.241,21.117,40.487,62.767,-23.936
E07000239,Wyre Forest,2010,97.943,195.4038,165.230,238.090,79.059,68.442,22.711,40.994,68.181,-24.172
E07000239,Wyre Forest,2011,98.048,195.4038,160.404,207.615,81.614,71.302,22.263,39.309,56.536,-24.487
E07000239,Wyre Forest,2012,98.217,195.4038,155.911,221.541,80.544,71.998,22.748,40.213,58.607,-23.693
E07000239,Wyre Forest,2013,98.678,195.4038,154.041,215.351,84.763,69.118,22.072,39.056,52.936,-24.602
E07000239,Wyre Forest,2014,99.441,195.4038,156.503,184.210,74.614,60.700,20.081,37.292,57.135,-24.392
E07000239,Wyre Forest,2015,100.052,195.4038,156.988,179.548,65.212,53.325,17.529,38.654,54.507,-24.887
E07000239,Wyre Forest,2016,100.557,195.4038,160.259,167.346,58.779,45.730,15.367,37.869,54.225,-23.550
E07000239,Wyre Forest,2017,101.163,195.4038,157.760,158.946,65.169,37.371,14.963,37.383,46.280,-24.198
E07000239,Wyre Forest,2018,101.491,195.4038,154.778,155.132,52.014,42.338,14.200,34.365,42.430,-23.906
E07000239,Wyre Forest,2019,101.592,195.4038,148.946,148.978,53.824,39.905,11.051,34.469,41.379,-24.040
E07000239,Wyre Forest,2020,101.315,195.4038,122.567,146.437,42.699,31.183,11.763,33.788,41.130,-24.373
E07000239,Wyre Forest,2021,101.791,195.4038,136.011,146.777,47.760,37.787,12.638,32.949,41.111,-23.456
E07000239,Wyre Forest,2022,102.335,195.4038,139.669,124.325,54.458,33.855,11.386,30.744,43.533,-22.720
E07000239,Wyre Forest,2023,103.151,195.4038,138.601,116.661,44.967,31.336,10.331,30.809,42.147,-23.743
E07000239,Wyre Forest,2024,103.913,195.4038,140.229,118.296,40.760,26.285,10.012,30.901,39.493,-23.462
E07000240,St Albans,2005,131.951,161.2058,581.872,372.323,41.594,148.889,44.562,37.019,92.476,-4.696
E07000240,St Albans,2006,133.293,161.2058,572.429,370.341,40.941,155.606,44.462,34.591,90.239,-4.766
E07000240,St Albans,2007,134.338,161.2058,568.761,359.433,40.495,151.771,42.822,34.907,101.647,-5.138
E07000240,St Albans,2008,136.088,161.2058,525.138,362.152,36.454,149.539,41.589,35.707,81.232,-5.659
E07000240,St Albans,2009,137.858,161.2058,539.388,333.427,32.844,131.861,37.418,33.772,92.049,-5.435
E07000240,St Albans,2010,139.511,161.2058,531.773,360.689,34.719,132.789,38.931,35.331,79.182,-5.783
E07000240,St Albans,2011,141.248,161.2058,519.411,316.185,31.822,118.792,34.216,31.633,72.868,-6.168
E07000240,St Albans,2012,142.616,161.2058,524.512,344.017,32.651,128.448,36.896,34.342,73.417,-6.046
E07000240,St Albans,2013,144.222,161.2058,528.307,340.012,32.388,121.341,36.110,33.999,64.259,-6.485
E07000240,St Albans,2014,145.938,161.2058,540.072,287.341,29.049,103.990,30.723,30.598,61.656,-6.543
E07000240,St Albans,2015,146.894,161.2058,565.643,280.954,27.706,88.355,27.028,31.820,69.294,-6.844
E07000240,St Albans,2016,147.823,161.2058,580.335,267.000,25.199,73.344,22.460,28.094,54.955,-6.351
E07000240,St Albans,2017,147.596,161.2058,573.034,248.903,28.624,60.261,22.926,26.446,53.309,-6.696
E07000240,St Albans,2018,147.552,161.2058,580.857,246.757,24.507,71.099,21.448,27.179,63.117,-6.563
E07000240,St Albans,2019,148.058,161.2058,539.688,236.856,25.723,62.649,18.563,19.339,60.258,-6.824
E07000240,St Albans,2020,148.555,161.2058,508.222,236.005,23.169,64.980,17.562,18.333,42.493,-6.757
E07000240,St Albans,2021,148.624,161.2058,485.223,240.799,27.406,72.330,20.891,19.206,44.898,-6.437
E07000240,St Albans,2022,148.698,161.2058,504.484,207.917,23.619,62.644,18.075,23.024,40.381,-6.142
E07000240,St Albans,2023,149.729,161.2058,500.617,191.224,21.184,51.662,16.366,20.414,52.056,-6.597
E07000240,St Albans,2024,151.012,161.2058,481.730,197.173,26.270,52.395,15.598,24.503,47.779,-6.485
E07000241,Welwyn Hatfield,2005,103.202,129.5368,289.437,265.177,77.403,205.964,51.636,13.825,65.927,-11.803
E07000241,Welwyn Hatfield,2006,105.096,129.5368,303.105,266.778,77.783,213.768,50.188,14.500,64.939,-12.036
E07000241,Welwyn Hatfield,2007,106.694,129.5368,306.413,259.698,76.329,205.598,46.109,13.423,74.239,-12.310
E07000241,Welwyn Hatfield,2008,107.442,129.5368,290.883,259.060,72.594,203.398,45.292,14.590,57.011,-12.738
E07000241,Welwyn Hatfield,2009,108.434,129.5368,274.827,238.198,66.116,191.483,40.701,14.129,52.880,-12.877
E07000241,Welwyn Hatfield,2010,109.63,129.5368,261.103,255.191,72.345,203.730,44.154,14.017,37.568,-12.890
E07000241,Welwyn Hatfield,2011,110.727,129.5368,260.507,224.986,70.420,188.579,39.016,13.238,24.661,-13.103
E07000241,Welwyn Hatfield,2012,110.684,129.5368,262.320,242.493,72.525,207.131,42.614,14.158,21.559,-12.719
E07000241,Welwyn Hatfield,2013,111.99,129.5368,258.849,238.574,69.889,198.913,42.843,15.038,17.992,-13.310
E07000241,Welwyn Hatfield,2014,112.166,129.5368,264.939,201.015,61.485,173.330,37.541,13.704,19.679,-13.221
E07000241,Welwyn Hatfield,2015,113.972,129.5368,264.241,195.961,54.792,149.976,33.781,15.025,18.869,-13.743
E07000241,Welwyn Hatfield,2016,116.637,129.5368,272.268,185.806,47.035,127.518,28.767,14.860,19.379,-13.195
E07000241,Welwyn Hatfield,2017,117.617,129.5368,274.942,174.257,56.614,101.597,34.232,14.445,19.848,-13.599
E07000241,Welwyn Hatfield,2018,118.365,129.5368,265.421,172.285,43.220,129.737,29.556,12.327,20.081,-13.209
E07000241,Welwyn Hatfield,2019,119.18,129.5368,254.599,164.896,39.731,120.480,28.094,13.505,20.931,-13.545
E07000241,Welwyn Hatfield,2020,119.806,129.5368,213.933,163.933,34.399,112.086,26.644,12.532,17.969,-13.643
E07000241,Welwyn Hatfield,2021,119.747,129.5368,221.810,168.199,35.720,126.889,30.772,11.995,22.310,-13.143
E07000241,Welwyn Hatfield,2022,120.308,129.5368,217.823,145.388,38.373,122.772,26.739,10.891,24.681,-12.731
E07000241,Welwyn Hatfield,2023,121.668,129.5368,208.741,133.550,35.890,103.352,22.766,12.326,29.388,-13.344
E07000241,Welwyn Hatfield,2024,122.819,129.5368,207.258,136.501,34.508,83.081,20.293,12.250,29.560,-13.190
E07000242,East Hertfordshire,2005,131.065,475.6695,314.661,365.197,97.242,183.198,45.147,63.755,104.015,-17.599
E07000242,East Hertfordshire,2006,132.078,475.6695,329.898,366.683,90.411,187.642,45.234,65.109,103.010,-17.570
E07000242,East Hertfordshire,2007,133.421,475.6695,334.033,357.175,91.035,177.002,42.550,64.956,114.893,-18.530
E07000242,East Hertfordshire,2008,134.843,475.6695,309.975,356.838,78.503,174.109,41.562,70.747,93.172,-20.020
E07000242,East Hertfordshire,2009,135.98,475.6695,298.886,326.780,68.691,152.580,36.024,68.986,110.167,-19.099
E07000242,East Hertfordshire,2010,136.922,475.6695,291.365,351.133,75.584,155.089,37.657,71.525,129.380,-19.330
E07000242,East Hertfordshire,2011,138.155,475.6695,285.059,310.971,71.195,134.152,33.282,67.511,92.272,-19.874
E07000242,East Hertfordshire,2012,139.256,475.6695,281.373,336.882,65.305,137.221,33.977,71.012,93.738,-19.163
E07000242,East Hertfordshire,2013,140.519,475.6695,278.719,328.498,68.192,134.509,34.606,66.598,78.655,-20.424
E07000242,East Hertfordshire,2014,141.915,475.6695,283.860,280.328,65.541,123.994,30.938,63.061,85.568,-20.612
E07000242,East Hertfordshire,2015,143.293,475.6695,285.174,271.268,60.860,103.793,27.010,68.369,86.163,-21.570
E07000242,East Hertfordshire,2016,144.801,475.6695,295.162,256.219,52.208,85.135,21.237,63.609,111.400,-19.853
E07000242,East Hertfordshire,2017,145.743,475.6695,299.890,240.357,65.296,73.150,25.897,62.948,90.174,-20.611
E07000242,East Hertfordshire,2018,146.048,475.6695,289.544,238.049,56.348,92.828,25.007,54.573,93.080,-20.404
E07000242,East Hertfordshire,2019,147.335,475.6695,277.969,226.879,45.917,80.415,21.977,58.833,95.740,-20.712
E07000242,East Hertfordshire,2020,149.027,475.6695,231.176,226.561,42.206,79.488,20.915,55.263,65.155,-20.623
E07000242,East Hertfordshire,2021,150.662,475.6695,238.433,231.168,44.138,85.763,22.185,58.053,53.243,-19.650
E07000242,East Hertfordshire,2022,151.828,475.6695,250.203,200.813,38.104,72.941,17.880,52.291,51.974,-19.041
E07000242,East Hertfordshire,2023,153.897,475.6695,247.926,184.773,31.606,70.154,14.936,55.627,53.791,-20.600
E07000242,East Hertfordshire,2024,156.875,475.6695,249.510,190.175,31.970,68.520,17.077,56.599,59.654,-20.417
E07000243,Stevenage,2005,80.33,25.9692,162.427,185.185,88.361,171.566,34.963,2.263,49.490,1.323
E07000243,Stevenage,2006,80.352,25.9692,166.529,184.137,88.119,181.281,35.988,3.118,48.570,1.205
E07000243,Stevenage,2007,80.734,25.9692,164.954,178.593,89.380,173.404,33.435,2.599,55.060,1.154
E07000243,Stevenage,2008,81.615,25.9692,154.623,176.537,79.081,170.802,33.403,2.800,42.127,1.131
E07000243,Stevenage,2009,82.253,25.9692,149.747,160.083,68.996,151.245,29.804,2.718,34.254,1.093
E07000243,Stevenage,2010,83.007,25.9692,145.833,172.108,75.442,159.378,32.102,2.096,45.583,1.113
E07000243,Stevenage,2011,84.247,25.9692,144.966,150.904,74.250,146.658,28.728,1.928,43.029,0.998
E07000243,Stevenage,2012,85.052,25.9692,143.838,161.237,73.530,153.818,29.678,2.150,41.431,0.933
E07000243,Stevenage,2013,85.974,25.9692,140.089,158.492,69.027,144.908,29.379,1.926,42.544,0.872
E07000243,Stevenage,2014,86.719,25.9692,141.253,133.669,63.481,122.340,25.394,1.787,20.180,0.856
E07000243,Stevenage,2015,87.482,25.9692,139.925,130.337,62.261,111.596,25.403,2.113,15.399,0.787
E07000243,Stevenage,2016,88.466,25.9692,144.026,122.721,55.382,95.096,22.886,1.817,14.941,0.810
E07000243,Stevenage,2017,89.099,25.9692,145.426,114.297,46.359,81.465,21.893,1.855,17.070,0.704
E07000243,Stevenage,2018,89.31,25.9692,139.438,111.977,55.668,83.655,22.080,1.558,24.562,0.851
E07000243,Stevenage,2019,89.541,25.9692,133.157,107.199,52.473,82.657,19.970,1.649,24.238,0.749
E07000243,Stevenage,2020,89.755,25.9692,106.056,105.690,48.838,72.963,18.499,1.608,23.028,0.741
E07000243,Stevenage,2021,89.36,25.9692,111.118,108.106,50.644,75.752,21.467,2.304,14.376,0.749
E07000243,Stevenage,2022,89.639,25.9692,112.127,92.756,47.782,72.071,19.082,2.130,12.230,0.792
E07000243,Stevenage,2023,90.567,25.9692,110.514,85.323,43.266,63.411,17.339,3.274,89.465,0.750
E07000243,Stevenage,2024,91.774,25.9692,111.071,87.464,36.102,61.765,17.511,3.218,39.282,0.763
E07000244,East Suffolk,2005,235.651,1294.7661,465.225,636.906,255.651,237.525,51.658,271.631,293.017,25.244
E07000244,East Suffolk,2006,237.032,1294.7661,472.869,639.347,252.519,245.608,50.305,249.988,284.950,25.618
E07000244,East Suffolk,2007,239.249,1294.7661,467.077,618.081,239.765,228.160,46.287,251.174,105.796,22.655
E07000244,East Suffolk,2008,240.139,1294.7661,450.432,609.984,224.748,223.743,44.246,264.006,70.436,18.353
E07000244,East Suffolk,2009,239.877,1294.7661,438.929,560.011,206.105,212.495,41.435,262.032,148.748,20.918
E07000244,East Suffolk,2010,239.932,1294.7661,431.654,605.106,214.815,199.106,40.417,256.628,91.709,21.048
E07000244,East Suffolk,2011,239.946,1294.7661,422.284,530.765,194.583,183.581,37.065,242.280,51.023,18.959
E07000244,East Suffolk,2012,239.607,1294.7661,417.546,568.527,217.583,213.842,42.624,256.482,54.551,23.973
E07000244,East Suffolk,2013,239.921,1294.7661,414.613,547.257,222.481,199.334,41.979,252.309,40.793,19.863
E07000244,East Suffolk,2014,239.929,1294.7661,428.238,466.693,200.465,173.731,37.065,245.637,42.283,20.158
E07000244,East Suffolk,2015,240.479,1294.7661,430.628,453.232,172.694,146.584,31.567,255.222,47.672,17.439
E07000244,East Suffolk,2016,241.807,1294.7661,443.341,425.285,154.763,117.975,25.806,246.425,60.258,23.491
E07000244,East Suffolk,2017,243.496,1294.7661,464.210,404.232,161.190,97.174,26.693,248.772,67.430,21.144
E07000244,East Suffolk,2018,244.313,1294.7661,453.058,392.323,159.990,109.545,23.953,227.897,36.843,22.601
E07000244,East Suffolk,2019,245.052,1294.7661,434.071,371.649,131.634,98.055,21.341,235.398,32.649,21.262
E07000244,East Suffolk,2020,245.482,1294.7661,363.582,373.381,128.303,85.746,21.483,231.117,46.954,22.228
E07000244,East Suffolk,2021,246.776,1294.7661,389.811,373.737,132.006,103.402,24.452,231.532,37.374,25.263
E07000244,East Suffolk,2022,247.135,1294.7661,385.414,315.823,121.819,100.145,22.147,216.580,45.149,27.597
E07000244,East Suffolk,2023,248.482,1294.7661,382.986,293.101,112.640,79.885,19.621,223.919,51.942,24.079
E07000244,East Suffolk,2024,249.664,1294.7661,381.107,297.923,129.681,75.983,21.824,224.092,50.025,25.106
E07000245,West Suffolk,2005,161.406,1034.6756,441.727,425.957,455.151,250.810,90.420,218.137,207.102,94.210
E07000245,West Suffolk,2006,162.408,1034.6756,436.333,429.917,459.101,262.710,93.421,214.154,202.633,93.699
E07000245,West Suffolk,2007,163.691,1034.6756,437.925,414.966,369.681,233.164,85.059,220.103,80.086,92.072
E07000245,West Suffolk,2008,164.959,1034.6756,417.783,410.026,362.907,230.201,83.886,241.376,55.112,87.389
E07000245,West Suffolk,2009,166.325,1034.6756,403.729,379.439,458.323,227.912,77.878,237.913,143.602,89.557
E07000245,West Suffolk,2010,168.604,1034.6756,407.748,413.058,586.490,252.643,82.693,238.515,170.926,90.225
E07000245,West Suffolk,2011,171.481,1034.6756,403.322,363.296,463.342,207.233,70.836,229.395,162.471,88.816
E07000245,West Suffolk,2012,171.82,1034.6756,397.614,387.208,455.129,239.420,82.456,246.333,154.162,96.610
E07000245,West Suffolk,2013,172.138,1034.6756,392.090,376.098,463.331,222.827,77.094,250.901,135.575,90.790
E07000245,West Suffolk,2014,174.735,1034.6756,420.814,323.481,446.722,203.723,69.279,235.020,118.936,91.989
E07000245,West Suffolk,2015,176.177,1034.6756,429.447,310.527,480.767,182.694,58.291,246.011,89.014,89.858
E07000245,West Suffolk,2016,176.416,1034.6756,456.542,293.051,407.292,117.511,49.422,238.153,81.800,95.266
E07000245,West Suffolk,2017,178.991,1034.6756,463.198,275.971,373.961,80.185,48.501,245.517,83.297,92.301
E07000245,West Suffolk,2018,179.189,1034.6756,447.683,272.258,395.555,100.004,39.720,218.870,79.199,93.432
E07000245,West Suffolk,2019,179.703,1034.6756,436.852,260.267,358.523,84.612,35.173,212.218,70.837,93.550
E07000245,West Suffolk,2020,178.236,1034.6756,366.884,259.416,344.272,76.610,32.901,209.979,79.734,93.341
E07000245,West Suffolk,2021,180.813,1034.6756,393.415,261.569,372.132,95.415,39.303,214.535,80.591,97.562
E07000245,West Suffolk,2022,182.332,1034.6756,389.942,222.607,363.009,94.387,36.722,198.279,94.873,100.864
E07000245,West Suffolk,2023,186.077,1034.6756,385.086,209.667,330.916,77.902,32.161,194.568,65.994,97.490
E07000245,West Suffolk,2024,188.485,1034.6756,388.098,215.106,365.482,67.776,30.158,195.290,61.318,99.124
E08000001,Bolton,2005,265.016,139.7923,608.227,697.065,293.116,239.080,98.510,28.326,49.834,1.528
E08000001,Bolton,2006,266.816,139.7923,585.033,692.720,285.156,245.555,97.266,29.360,52.212,0.810
E08000001,Bolton,2007,268.319,139.7923,584.361,672.055,273.426,229.597,90.621,27.083,74.246,0.450
E08000001,Bolton,2008,270.497,139.7923,563.353,666.601,253.840,227.819,89.160,26.352,72.743,-0.198
E08000001,Bolton,2009,273.049,139.7923,550.678,606.110,215.154,187.013,73.617,25.154,95.669,-0.832
E08000001,Bolton,2010,275.168,139.7923,540.323,639.678,235.296,200.473,79.732,25.187,85.522,-1.178
E08000001,Bolton,2011,277.296,139.7923,538.172,566.187,217.223,166.459,66.754,24.265,81.620,-0.552
E08000001,Bolton,2012,279.738,139.7923,535.342,606.053,227.109,200.217,78.829,24.303,80.048,-1.870
E08000001,Bolton,2013,281.629,139.7923,528.560,589.976,226.209,188.233,75.401,23.230,77.756,-2.607
E08000001,Bolton,2014,283.212,139.7923,540.403,495.609,207.645,161.735,65.743,22.892,62.014,-2.684
E08000001,Bolton,2015,284.972,139.7923,541.036,491.400,190.236,143.399,59.080,23.062,58.727,-3.222
E08000001,Bolton,2016,287.253,139.7923,541.148,450.587,169.660,126.324,50.569,23.260,78.393,-3.193
E08000001,Bolton,2017,289.684,139.7923,543.407,434.325,168.403,106.890,57.406,22.798,93.488,-3.566
E08000001,Bolton,2018,291.594,139.7923,540.344,428.837,156.383,125.396,49.054,22.553,137.363,-0.994
E08000001,Bolton,2019,294.888,139.7923,534.746,415.699,153.072,109.988,44.974,22.590,85.703,-3.394
E08000001,Bolton,2020,295.712,139.7923,469.652,402.535,135.526,97.406,39.748,23.529,134.226,-3.440
E08000001,Bolton,2021,296.169,139.7923,453.843,417.483,146.998,112.781,44.190,23.316,97.900,-3.172
E08000001,Bolton,2022,299.957,139.7923,452.017,352.117,126.740,107.562,40.411,21.992,55.819,-2.784
E08000001,Bolton,2023,305.575,139.7923,449.299,335.100,114.040,101.254,39.858,23.637,59.840,-3.167
E08000001,Bolton,2024,310.085,139.7923,443.378,330.185,105.875,91.114,43.421,23.631,109.676,-3.082
E08000002,Bury,2005,181.028,99.4601,449.725,493.720,191.077,145.027,102.469,21.944,18.200,-2.505
E08000002,Bury,2006,181.809,99.4601,456.386,493.421,186.473,148.713,98.078,24.134,19.494,-2.968
E08000002,Bury,2007,182.713,99.4601,457.412,476.964,184.163,144.029,94.930,22.717,69.506,-3.188
E08000002,Bury,2008,183,99.4601,434.027,473.393,174.208,139.334,82.907,23.927,110.825,-3.440
E08000002,Bury,2009,183.885,99.4601,427.299,427.829,144.830,112.838,72.116,19.584,121.392,-3.693
E08000002,Bury,2010,184.755,99.4601,424.489,452.320,159.892,119.643,75.113,19.051,116.149,-3.923
E08000002,Bury,2011,185.422,99.4601,415.091,399.242,147.834,106.215,65.551,18.605,100.409,-4.134
E08000002,Bury,2012,186.632,99.4601,407.174,427.916,151.619,116.129,72.855,18.742,75.348,-4.396
E08000002,Bury,2013,187.093,99.4601,409.436,415.835,153.080,107.604,69.555,17.701,56.254,-4.720
E08000002,Bury,2014,188.406,99.4601,412.783,348.859,133.455,92.338,56.842,17.230,37.480,-4.874
E08000002,Bury,2015,189.254,99.4601,408.953,346.507,116.449,82.307,54.691,17.426,36.761,-5.151
E08000002,Bury,2016,190.47,99.4601,421.773,317.105,113.296,69.850,43.323,16.502,28.605,-5.019
E08000002,Bury,2017,191.896,99.4601,411.795,304.649,109.788,63.909,34.799,16.272,41.550,-5.217
E08000002,Bury,2018,192.9,99.4601,412.192,300.361,106.770,70.263,36.832,14.973,95.015,-5.211
E08000002,Bury,2019,193.763,99.4601,412.002,290.579,96.475,62.543,33.921,14.792,60.545,-5.305
E08000002,Bury,2020,193.604,99.4601,362.699,280.286,80.919,55.080,31.257,14.819,60.935,-5.558
E08000002,Bury,2021,193.866,99.4601,366.460,289.142,88.749,66.616,36.794,14.001,44.678,-5.378
E08000002,Bury,2022,195.046,99.4601,350.203,243.127,80.315,58.559,30.367,12.960,88.376,-5.169
E08000002,Bury,2023,196.719,99.4601,344.423,230.929,72.622,50.581,27.726,12.884,106.090,-5.502
E08000002,Bury,2024,198.921,99.4601,339.695,227.401,68.330,48.558,25.106,12.308,110.246,-5.473
E08000003,Manchester,2005,455.745,115.6483,842.054,1062.518,445.808,847.004,413.745,7.039,494.095,5.456
E08000003,Manchester,2006,463.749,115.6483,813.652,1071.459,443.733,916.995,439.912,8.155,478.923,5.158
E08000003,Manchester,2007,470.538,115.6483,814.303,1044.880,429.337,853.331,395.405,7.072,269.935,4.908
E08000003,Manchester,2008,477.408,115.6483,782.074,1037.246,398.255,883.352,409.444,7.154,714.513,4.474
E08000003,Manchester,2009,483.784,115.6483,764.677,938.442,348.726,750.494,351.570,5.949,706.847,4.162
E08000003,Manchester,2010,492.598,115.6483,749.152,993.765,387.088,808.878,380.685,5.732,504.516,3.832
E08000003,Manchester,2011,502.902,115.6483,740.981,876.474,353.527,719.246,335.110,5.228,536.610,3.523
E08000003,Manchester,2012,506.869,115.6483,734.235,939.737,378.184,807.574,376.387,5.520,589.592,3.232
E08000003,Manchester,2013,510.783,115.6483,725.451,903.915,378.455,772.604,363.191,5.547,500.466,2.893
E08000003,Manchester,2014,515.36,115.6483,736.751,765.115,319.105,642.449,301.052,4.976,321.386,2.936
E08000003,Manchester,2015,523.321,115.6483,739.696,745.927,307.279,582.728,283.526,4.968,197.720,2.594
E08000003,Manchester,2016,533.446,115.6483,755.085,681.436,279.889,498.120,235.723,4.353,305.256,2.394
E08000003,Manchester,2017,536.961,115.6483,757.736,656.792,293.008,393.354,251.151,5.019,225.016,2.314
E08000003,Manchester,2018,540.675,115.6483,752.602,645.589,246.230,464.118,218.697,3.553,329.912,2.305
E08000003,Manchester,2019,545.947,115.6483,754.763,627.654,239.690,423.855,203.563,3.234,377.068,2.146
E08000003,Manchester,2020,547.34,115.6483,608.020,607.769,206.933,359.572,197.949,3.110,275.943,2.313
E08000003,Manchester,2021,550.63,115.6483,593.655,639.620,211.213,402.427,217.816,3.020,149.175,2.428
E08000003,Manchester,2022,569.103,115.6483,614.210,549.000,195.809,388.329,193.755,3.136,213.165,2.743
E08000003,Manchester,2023,581.302,115.6483,619.277,514.855,195.338,340.871,184.777,3.203,295.847,2.525
E08000003,Manchester,2024,589.67,115.6483,627.109,507.957,164.376,308.903,186.458,3.133,193.074,2.584
E08000004,Oldham,2005,219.288,142.345,308.418,549.150,178.041,203.777,89.800,18.345,18.887,8.935
E08000004,Oldham,2006,220.033,142.345,299.044,540.516,176.391,202.570,85.351,17.808,21.187,8.265
E08000004,Oldham,2007,220.723,142.345,295.668,521.398,169.784,190.662,79.598,16.273,85.873,7.858
E08000004,Oldham,2008,221.907,142.345,286.572,520.206,163.229,189.954,78.168,16.202,112.238,7.579
E08000004,Oldham,2009,222.811,142.345,281.310,469.446,142.347,164.536,68.401,16.038,101.161,10.488
E08000004,Oldham,2010,223.807,142.345,276.273,493.372,161.745,175.516,74.070,16.456,90.174,7.804
E08000004,Oldham,2011,225.157,142.345,267.480,434.506,140.786,148.194,62.203,15.447,92.528,6.538
E08000004,Oldham,2012,226.057,142.345,264.198,463.335,149.288,167.572,69.728,15.495,82.505,6.659
E08000004,Oldham,2013,227.866,142.345,261.592,454.163,147.214,153.353,64.726,15.325,99.073,4.434
E08000004,Oldham,2014,230.348,142.345,268.161,382.026,130.174,130.034,54.271,15.791,75.568,4.755
E08000004,Oldham,2015,232.693,142.345,269.529,380.603,118.556,117.721,51.207,16.328,62.044,3.657
E08000004,Oldham,2016,235.021,142.345,272.870,347.846,115.386,104.410,44.535,15.487,39.051,4.195
E08000004,Oldham,2017,237.161,142.345,272.891,336.330,109.184,87.106,46.553,15.911,31.862,4.161
E08000004,Oldham,2018,239.923,142.345,270.909,331.575,115.882,113.602,48.810,15.289,32.644,4.443
E08000004,Oldham,2019,242.077,142.345,271.633,323.102,92.177,90.892,42.076,14.291,41.024,3.419
E08000004,Oldham,2020,242.181,142.345,233.965,312.190,85.689,84.546,41.923,14.689,26.871,3.075
E08000004,Oldham,2021,242.003,142.345,235.991,324.035,109.188,107.063,49.770,13.796,26.860,4.641
E08000004,Oldham,2022,244.885,142.345,232.486,272.888,91.210,92.975,43.602,13.228,26.652,3.551
E08000004,Oldham,2023,247.969,142.345,232.248,261.089,90.486,78.159,39.106,13.785,30.256,3.320
E08000004,Oldham,2024,251.56,142.345,229.669,257.236,73.888,72.447,40.010,13.497,29.121,3.378
E08000005,Rochdale,2005,207.2,158.1283,506.674,525.413,271.821,196.522,67.400,31.406,17.628,3.110
E08000005,Rochdale,2006,207.845,158.1283,491.946,524.044,266.278,202.715,65.011,29.456,19.444,2.617
E08000005,Rochdale,2007,208.393,158.1283,492.928,505.161,259.827,194.619,61.784,28.779,46.126,2.362
E08000005,Rochdale,2008,209.666,158.1283,461.750,502.523,248.403,193.923,61.048,27.993,64.627,1.930
E08000005,Rochdale,2009,210.248,158.1283,460.643,452.635,211.564,163.368,52.092,25.936,68.819,1.589
E08000005,Rochdale,2010,210.758,158.1283,458.541,477.889,234.733,171.801,55.509,25.666,71.467,1.708
E08000005,Rochdale,2011,211.929,158.1283,455.126,421.140,214.642,150.268,47.711,24.110,65.428,0.970
E08000005,Rochdale,2012,212.345,158.1283,448.000,446.869,219.542,169.715,53.106,24.675,54.125,1.130
E08000005,Rochdale,2013,212.503,158.1283,438.606,436.063,220.686,160.733,51.444,23.853,44.751,0.269
E08000005,Rochdale,2014,213.462,158.1283,432.620,366.811,199.385,140.156,46.003,23.405,34.299,0.237
E08000005,Rochdale,2015,214.56,158.1283,431.361,364.673,177.643,120.837,41.044,23.858,34.446,-0.103
E08000005,Rochdale,2016,216.251,158.1283,442.632,333.781,159.872,103.438,32.053,23.481,33.529,-0.111
E08000005,Rochdale,2017,218.492,158.1283,437.584,322.566,167.357,81.704,35.238,23.293,29.916,-0.483
E08000005,Rochdale,2018,219.969,158.1283,439.954,319.268,156.855,98.614,36.719,21.582,27.628,-0.442
E08000005,Rochdale,2019,222.042,158.1283,443.836,309.867,147.502,82.559,33.098,20.785,34.484,-0.518
E08000005,Rochdale,2020,223.024,158.1283,394.166,299.311,132.591,73.182,29.018,20.066,41.186,-0.236
E08000005,Rochdale,2021,224.127,158.1283,404.625,310.928,137.199,84.469,33.039,19.034,27.266,-0.527
E08000005,Rochdale,2022,227.715,158.1283,391.034,261.926,119.863,82.741,27.988,17.900,25.021,-0.305
E08000005,Rochdale,2023,231.217,158.1283,391.191,249.494,104.249,72.052,23.200,17.602,26.074,-0.609
E08000005,Rochdale,2024,235.561,158.1283,388.561,246.295,81.549,73.040,24.641,16.733,22.721,-0.585
E08000006,Salford,2005,219.536,97.1974,666.620,561.820,363.114,385.428,106.883,14.651,116.468,58.949
E08000006,Salford,2006,221.931,97.1974,654.829,562.002,350.076,385.232,102.064,14.793,121.070,58.340
E08000006,Salford,2007,223.468,97.1974,656.888,549.353,394.825,345.954,92.125,12.159,189.320,55.975
E08000006,Salford,2008,226.782,97.1974,632.142,545.781,428.292,353.448,92.753,12.509,223.292,53.953
E08000006,Salford,2009,228.948,97.1974,627.779,500.361,302.659,297.420,81.604,12.757,219.261,53.508
E08000006,Salford,2010,231.837,97.1974,696.414,529.179,319.674,325.220,89.706,11.600,207.161,53.500
E08000006,Salford,2011,234.487,97.1974,673.060,467.252,429.450,278.411,73.455,11.347,211.065,52.540
E08000006,Salford,2012,237.421,97.1974,666.931,499.355,355.487,320.758,80.932,11.655,171.400,52.224
E08000006,Salford,2013,239.718,97.1974,596.041,483.329,284.734,301.262,79.294,13.399,171.412,54.995
E08000006,Salford,2014,242.602,97.1974,598.293,408.182,277.414,251.007,67.484,11.620,171.943,49.628
E08000006,Salford,2015,246.942,97.1974,596.721,400.667,253.340,227.395,63.560,12.486,148.531,48.830
E08000006,Salford,2016,251.562,97.1974,606.084,368.993,260.529,209.190,52.838,14.109,150.572,48.357
E08000006,Salford,2017,255.09,97.1974,582.967,356.048,293.032,155.319,65.102,12.020,155.963,47.285
E08000006,Salford,2018,259.224,97.1974,580.696,351.214,265.627,209.983,55.993,10.638,154.178,46.809
E08000006,Salford,2019,263.611,97.1974,572.013,341.932,278.457,173.688,57.734,11.549,153.831,46.256
E08000006,Salford,2020,266.09,97.1974,499.585,332.310,163.721,154.465,56.314,11.205,154.525,50.565
E08000006,Salford,2021,270.866,97.1974,513.965,348.542,156.416,182.400,66.064,9.298,167.141,45.336
E08000006,Salford,2022,280.044,97.1974,506.005,298.309,144.025,156.479,53.061,10.222,159.725,49.275
E08000006,Salford,2023,287.178,97.1974,502.701,281.828,137.908,129.644,56.824,5.545,157.841,44.778
E08000006,Salford,2024,294.348,97.1974,512.620,276.923,143.929,119.728,77.633,5.823,154.328,44.346
E08000007,Stockport,2005,281.195,126.0402,525.088,790.987,254.017,291.757,97.804,26.922,27.230,-2.381
E08000007,Stockport,2006,280.498,126.0402,511.063,783.361,249.047,298.992,95.253,25.325,29.652,-2.775
E08000007,Stockport,2007,280.953,126.0402,509.799,752.151,239.262,281.465,89.482,24.098,34.078,-3.084
E08000007,Stockport,2008,281.477,126.0402,496.235,753.758,232.712,288.439,89.658,23.950,33.140,-3.447
E08000007,Stockport,2009,282.263,126.0402,483.331,679.352,199.976,232.627,77.122,22.998,45.385,-3.843
E08000007,Stockport,2010,282.614,126.0402,476.719,721.718,208.652,241.562,79.573,22.637,47.073,-4.125
E08000007,Stockport,2011,283.253,126.0402,465.652,631.256,187.498,211.975,69.886,21.359,55.281,-4.389
E08000007,Stockport,2012,283.953,126.0402,462.716,680.735,207.456,250.759,79.718,22.736,35.691,-4.577
E08000007,Stockport,2013,284.816,126.0402,458.541,663.813,200.155,229.294,74.927,21.461,46.622,-4.886
E08000007,Stockport,2014,286.267,126.0402,464.922,558.609,163.972,182.266,61.260,19.710,62.512,-4.893
E08000007,Stockport,2015,288.21,126.0402,463.315,551.762,158.284,159.039,56.405,19.443,67.461,-5.190
E08000007,Stockport,2016,289.879,126.0402,471.851,507.940,145.346,130.261,46.844,18.177,43.929,-5.138
E08000007,Stockport,2017,290.905,126.0402,472.250,487.508,154.282,110.236,51.059,20.661,39.331,-5.383
E08000007,Stockport,2018,291.631,126.0402,467.620,480.945,145.161,118.050,48.090,19.008,43.702,-5.102
E08000007,Stockport,2019,293.172,126.0402,478.687,466.573,138.568,105.867,42.933,15.346,41.704,-5.101
E08000007,Stockport,2020,293.851,126.0402,413.930,449.755,123.608,90.572,38.468,16.620,44.525,-5.214
E08000007,Stockport,2021,295.268,126.0402,408.130,461.384,131.003,95.803,42.093,15.224,49.597,-4.988
E08000007,Stockport,2022,297.386,126.0402,400.975,384.851,119.978,111.898,40.788,12.529,39.851,-4.670
E08000007,Stockport,2023,300.326,126.0402,402.474,365.264,114.692,93.328,39.877,8.862,41.349,-5.068
E08000007,Stockport,2024,303.929,126.0402,404.026,362.319,116.156,82.186,36.933,9.518,35.422,-5.019
E08000008,Tameside,2005,213.474,103.1543,334.999,555.091,289.355,183.242,78.274,20.834,19.216,1.261
E08000008,Tameside,2006,214.187,103.1543,321.593,548.442,283.138,185.002,76.089,20.920,21.047,0.626
E08000008,Tameside,2007,214.75,103.1543,322.208,528.310,270.542,173.676,71.517,20.052,43.910,0.313
E08000008,Tameside,2008,216.36,103.1543,310.712,528.805,253.212,172.035,67.979,19.624,49.957,-0.073
E08000008,Tameside,2009,217.417,103.1543,304.890,477.844,207.378,134.152,53.714,17.612,53.618,-0.423
E08000008,Tameside,2010,218.774,103.1543,302.318,505.021,232.861,145.019,59.128,17.127,57.204,-0.849
E08000008,Tameside,2011,219.727,103.1543,297.190,445.136,218.217,127.466,53.257,15.901,63.566,-1.079
E08000008,Tameside,2012,220.457,103.1543,294.765,475.635,233.171,143.280,59.685,16.818,45.530,-1.130
E08000008,Tameside,2013,221.446,103.1543,289.190,464.078,243.306,132.596,57.114,16.976,43.007,-1.454
E08000008,Tameside,2014,222.364,103.1543,294.292,389.736,211.317,112.660,48.235,15.151,35.415,-1.444
E08000008,Tameside,2015,223.642,103.1543,294.415,385.608,188.493,95.692,42.135,14.454,37.066,-1.691
E08000008,Tameside,2016,225.48,103.1543,301.557,353.852,173.176,88.562,36.029,14.608,31.643,-1.683
E08000008,Tameside,2017,226.692,103.1543,299.298,340.845,169.231,70.546,36.724,14.044,27.511,-1.957
E08000008,Tameside,2018,228.435,103.1543,300.461,335.275,164.005,76.722,35.871,13.009,33.204,-0.133
E08000008,Tameside,2019,229.952,103.1543,295.482,325.796,149.461,68.008,32.366,11.114,31.692,-1.252
E08000008,Tameside,2020,230.521,103.1543,257.645,313.681,133.959,64.368,30.383,11.148,27.815,-1.892
E08000008,Tameside,2021,231.22,103.1543,262.211,323.201,145.577,70.251,34.004,11.866,28.290,-1.704
E08000008,Tameside,2022,233.318,103.1543,259.235,270.271,137.840,66.796,30.173,9.733,26.988,-1.433
E08000008,Tameside,2023,236.142,103.1543,257.908,258.247,116.499,56.176,26.255,9.268,30.800,-1.726
E08000008,Tameside,2024,239.643,103.1543,254.824,254.217,104.522,56.188,25.945,10.793,28.192,-1.664
E08000009,Trafford,2005,215.43,106.0447,453.250,605.488,634.776,520.565,73.540,16.506,205.749,17.182
E08000009,Trafford,2006,217.369,106.0447,435.028,608.616,616.792,551.047,72.514,14.741,207.970,17.012
E08000009,Trafford,2007,219.359,106.0447,432.275,582.732,617.708,496.239,69.440,14.863,258.338,16.352
E08000009,Trafford,2008,220.939,106.0447,416.738,582.749,606.965,501.539,69.599,14.216,267.472,16.021
E08000009,Trafford,2009,223.065,106.0447,403.646,531.289,618.346,428.184,67.406,14.011,245.283,15.412
E08000009,Trafford,2010,225.234,106.0447,399.348,566.385,712.018,432.113,74.466,14.299,140.262,15.252
E08000009,Trafford,2011,227.091,106.0447,393.138,495.008,599.297,325.940,60.711,13.188,205.942,14.634
E08000009,Trafford,2012,228.512,106.0447,393.980,536.197,687.946,426.577,71.684,14.359,191.085,14.493
E08000009,Trafford,2013,230.367,106.0447,390.188,523.944,686.402,399.292,68.545,14.276,198.834,13.983
E08000009,Trafford,2014,231.799,106.0447,397.744,440.012,566.812,335.918,57.416,13.525,117.801,13.970
E08000009,Trafford,2015,232.504,106.0447,392.397,434.803,610.989,273.353,42.627,13.547,116.323,13.145
E08000009,Trafford,2016,233.71,106.0447,393.853,400.650,589.519,252.550,34.303,13.441,117.721,13.224
E08000009,Trafford,2017,234.917,106.0447,393.735,384.420,614.309,195.978,37.840,13.179,120.645,12.987
E08000009,Trafford,2018,235.623,106.0447,390.402,377.847,582.231,229.324,33.198,11.454,118.368,12.827
E08000009,Trafford,2019,236.121,106.0447,389.021,365.293,567.475,242.659,30.473,10.998,125.072,12.700
E08000009,Trafford,2020,235.937,106.0447,329.438,353.035,478.448,179.346,26.735,10.702,128.568,13.022
E08000009,Trafford,2021,235.586,106.0447,331.129,363.798,575.225,214.100,31.320,10.709,124.176,13.148
E08000009,Trafford,2022,237.156,106.0447,337.695,306.950,529.347,187.846,28.259,11.593,112.947,13.522
E08000009,Trafford,2023,238.976,106.0447,338.787,291.172,486.107,161.574,22.886,8.903,123.934,13.524
E08000009,Trafford,2024,241.025,106.0447,339.855,287.930,449.484,170.876,22.644,9.495,115.162,13.661
E08000010,Wigan,2005,306.143,188.1711,565.571,768.851,375.127,257.692,90.557,37.898,162.498,9.871
E08000010,Wigan,2006,308.023,188.1711,555.041,770.138,373.192,270.555,90.724,40.978,161.269,9.261
E08000010,Wigan,2007,309.403,188.1711,549.960,748.947,358.104,254.361,85.574,36.335,193.118,8.048
E08000010,Wigan,2008,311.971,188.1711,536.852,743.869,344.975,259.269,85.785,36.874,196.810,7.106
E08000010,Wigan,2009,314.363,188.1711,521.246,677.374,306.681,220.598,74.671,34.878,215.877,6.685
E08000010,Wigan,2010,316.296,188.1711,519.682,714.471,337.322,236.848,80.905,36.818,190.246,6.331
E08000010,Wigan,2011,318.122,188.1711,502.951,624.935,299.181,207.159,69.862,34.972,184.272,5.309
E08000010,Wigan,2012,318.109,188.1711,498.845,666.774,319.919,228.070,76.679,35.423,133.086,5.216
E08000010,Wigan,2013,318.737,188.1711,491.140,644.964,310.016,209.134,71.117,33.847,103.435,4.785
E08000010,Wigan,2014,320.075,188.1711,497.842,543.263,274.803,186.372,62.969,32.273,110.406,3.942
E08000010,Wigan,2015,320.864,188.1711,499.019,536.101,258.517,162.519,56.556,31.437,70.731,2.837
E08000010,Wigan,2016,321.494,188.1711,509.201,494.058,233.702,132.104,48.177,31.934,64.620,3.321
E08000010,Wigan,2017,322.485,188.1711,506.227,476.769,231.982,117.117,46.029,30.852,57.086,2.589
E08000010,Wigan,2018,323.904,188.1711,500.341,473.564,221.866,128.441,44.781,29.335,57.666,2.670
E08000010,Wigan,2019,326.386,188.1711,493.997,457.250,205.319,119.687,38.122,29.224,56.230,2.229
E08000010,Wigan,2020,327.85,188.1711,427.150,443.815,206.392,109.193,37.057,28.215,52.028,5.571
E08000010,Wigan,2021,329.796,188.1711,435.474,454.561,225.513,118.507,41.482,25.442,57.450,3.327
E08000010,Wigan,2022,334.675,188.1711,428.012,384.473,203.018,114.597,36.252,24.633,50.000,4.545
E08000010,Wigan,2023,340.208,188.1711,419.025,364.517,173.750,97.433,33.759,26.306,54.932,3.213
E08000010,Wigan,2024,344.922,188.1711,420.390,358.616,162.278,89.501,34.138,25.286,53.856,3.194
E08000011,Knowsley,2005,148.9,86.5002,376.649,360.736,471.707,139.319,61.393,12.005,81.412,4.285
E08000011,Knowsley,2006,148.788,86.5002,368.553,351.279,440.436,141.141,59.569,15.227,81.382,3.995
E08000011,Knowsley,2007,148.188,86.5002,368.738,340.580,401.847,126.020,53.413,10.762,71.647,3.660
E08000011,Knowsley,2008,147.822,86.5002,358.170,334.662,336.519,108.327,45.554,11.527,67.162,3.302
E08000011,Knowsley,2009,147.07,86.5002,352.037,300.727,315.635,102.721,42.547,10.757,62.904,3.116
E08000011,Knowsley,2010,146.398,86.5002,352.039,320.161,349.032,111.521,46.565,9.819,170.383,3.081
E08000011,Knowsley,2011,145.903,86.5002,349.382,281.607,338.983,100.721,42.788,9.588,161.578,2.726
E08000011,Knowsley,2012,146.227,86.5002,350.636,298.405,348.635,106.539,46.090,9.856,173.776,3.066
E08000011,Knowsley,2013,146.37,86.5002,350.597,288.464,333.682,97.934,42.477,10.087,89.741,2.500
E08000011,Knowsley,2014,146.562,86.5002,357.612,242.313,305.366,86.854,37.427,9.274,86.220,2.560
E08000011,Knowsley,2015,147.3,86.5002,359.541,238.207,276.458,69.107,31.097,9.936,78.130,2.177
E08000011,Knowsley,2016,147.928,86.5002,371.462,219.603,246.092,61.337,25.152,9.334,104.602,2.437
E08000011,Knowsley,2017,148.567,86.5002,373.405,210.656,196.189,39.994,26.837,8.989,62.576,2.147
E08000011,Knowsley,2018,150.042,86.5002,379.959,210.402,179.066,58.596,23.385,8.275,44.241,2.223
E08000011,Knowsley,2019,151.793,86.5002,379.880,204.202,163.799,46.166,22.502,8.777,41.394,2.274
E08000011,Knowsley,2020,153.408,86.5002,338.148,197.316,133.095,42.778,19.565,7.992,38.945,2.223
E08000011,Knowsley,2021,154.978,86.5002,327.886,201.811,193.186,47.429,22.143,6.625,46.903,2.493
E08000011,Knowsley,2022,157.227,86.5002,327.125,172.276,149.538,52.588,21.554,6.575,55.047,2.774
E08000011,Knowsley,2023,159.672,86.5002,312.432,163.137,147.721,48.512,19.956,8.488,54.397,2.749
E08000011,Knowsley,2024,162.565,86.5002,315.598,162.213,148.754,49.940,19.445,7.860,49.774,2.955
E08000012,Liverpool,2005,452.278,133.534,742.389,1115.272,329.458,621.703,269.341,3.372,566.428,6.091
E08000012,Liverpool,2006,453.055,133.534,713.111,1095.559,321.446,644.453,265.668,3.657,550.596,5.909
E08000012,Liverpool,2007,453.582,133.534,706.715,1058.777,330.756,635.194,267.716,2.722,389.826,5.475
E08000012,Liverpool,2008,454.468,133.534,681.332,1045.631,318.459,603.533,259.693,2.769,405.148,5.195
E08000012,Liverpool,2009,457.523,133.534,661.730,939.785,300.816,524.710,236.075,2.735,421.892,4.847
E08000012,Liverpool,2010,461.403,133.534,656.415,997.877,307.618,560.250,244.848,2.205,535.596,4.680
E08000012,Liverpool,2011,465.656,133.534,646.806,873.125,293.853,521.757,230.692,2.000,555.141,4.403
E08000012,Liverpool,2012,465.365,133.534,640.386,938.171,313.856,580.369,252.059,2.105,507.266,4.145
E08000012,Liverpool,2013,465.815,133.534,637.946,904.334,310.471,527.764,239.904,2.781,383.832,3.939
E08000012,Liverpool,2014,465.745,133.534,636.881,755.162,254.514,446.561,199.099,2.577,362.326,3.702
E08000012,Liverpool,2015,469.953,133.534,647.715,741.449,249.312,400.879,185.015,2.692,296.975,3.415
E08000012,Liverpool,2016,475.486,133.534,661.669,684.701,225.598,333.075,162.377,2.530,242.734,3.354
E08000012,Liverpool,2017,479.801,133.534,655.800,656.544,248.666,270.114,172.817,2.210,144.013,3.098
E08000012,Liverpool,2018,483.598,133.534,654.011,653.698,225.086,317.786,146.770,2.001,182.776,3.341
E08000012,Liverpool,2019,484.687,133.534,646.913,630.587,216.430,284.095,135.667,2.782,210.563,3.077
E08000012,Liverpool,2020,483.348,133.534,544.373,609.952,194.755,240.559,131.428,2.058,174.755,3.341
E08000012,Liverpool,2021,485.022,133.534,516.809,627.219,224.554,268.791,144.583,2.842,167.248,3.379
E08000012,Liverpool,2022,493.693,133.534,507.736,530.346,197.120,266.003,127.202,3.141,146.624,3.584
E08000012,Liverpool,2023,503.216,133.534,505.423,500.793,183.984,228.654,114.788,2.655,171.080,3.400
E08000012,Liverpool,2024,508.961,133.534,503.073,498.470,191.260,213.682,112.986,2.229,138.379,3.416
E08000013,St. Helens,2005,175.361,136.3587,336.668,438.786,886.917,254.783,87.750,29.150,212.322,16.839
E08000013,St. Helens,2006,175.199,136.3587,351.108,434.896,840.368,251.776,77.231,27.265,208.091,16.592
E08000013,St. Helens,2007,174.97,136.3587,346.660,419.242,826.449,236.554,73.563,27.872,160.468,16.390
E08000013,St. Helens,2008,175.106,136.3587,348.130,414.685,809.087,212.227,63.502,29.076,114.006,15.807
E08000013,St. Helens,2009,175.272,136.3587,330.374,377.516,596.111,173.287,50.726,27.936,71.301,15.835
E08000013,St. Helens,2010,175.203,136.3587,327.107,400.854,666.138,202.302,63.814,27.374,39.896,16.012
E08000013,St. Helens,2011,175.405,136.3587,328.034,350.982,754.553,198.895,63.749,27.206,50.000,15.599
E08000013,St. Helens,2012,176.214,136.3587,318.156,376.032,666.359,195.453,57.995,27.920,58.878,15.827
E08000013,St. Helens,2013,176.451,136.3587,315.368,364.370,584.682,184.544,56.530,26.781,62.986,15.198
E08000013,St. Helens,2014,177.785,136.3587,325.336,308.883,467.294,159.230,51.600,25.277,60.581,15.256
E08000013,St. Helens,2015,178.296,136.3587,327.286,305.209,448.051,142.687,48.132,26.829,140.072,14.888
E08000013,St. Helens,2016,179.229,136.3587,340.629,282.714,450.404,113.106,47.863,25.039,183.541,15.319
E08000013,St. Helens,2017,180.15,136.3587,338.851,271.310,461.505,90.995,61.119,24.177,176.786,15.097
E08000013,St. Helens,2018,180.937,136.3587,336.872,269.912,449.989,115.882,52.686,22.613,199.742,15.078
E08000013,St. Helens,2019,181.541,136.3587,324.447,261.084,379.625,126.742,63.496,22.507,237.180,14.824
E08000013,St. Helens,2020,182.102,136.3587,284.815,251.868,369.430,123.041,59.496,21.509,201.948,14.857
E08000013,St. Helens,2021,183.394,136.3587,285.149,256.010,439.364,116.430,40.625,22.942,154.109,15.179
E08000013,St. Helens,2022,185.001,136.3587,286.082,215.174,414.894,118.991,39.375,22.118,79.517,15.475
E08000013,St. Helens,2023,186.929,136.3587,283.418,204.036,372.247,107.603,36.991,24.229,45.268,15.025
E08000013,St. Helens,2024,188.861,136.3587,282.729,201.930,309.568,105.943,42.940,22.951,35.435,15.123
E08000014,Sefton,2005,276.957,202.7557,347.976,757.382,347.480,192.452,129.796,23.983,127.350,20.028
E08000014,Sefton,2006,275.852,202.7557,353.833,745.571,319.743,192.260,114.790,27.533,124.984,20.029
E08000014,Sefton,2007,275.085,202.7557,335.556,715.205,347.042,201.834,115.062,24.362,105.966,19.679
E08000014,Sefton,2008,274.735,202.7557,321.853,712.751,252.098,187.074,108.658,25.710,113.027,19.442
E08000014,Sefton,2009,274.153,202.7557,319.829,644.105,281.826,172.436,98.994,25.341,133.982,19.443
E08000014,Sefton,2010,273.82,202.7557,312.251,684.015,324.047,175.909,100.640,23.813,73.922,19.233
E08000014,Sefton,2011,273.969,202.7557,313.281,596.395,320.086,162.621,91.066,22.681,67.656,18.974
E08000014,Sefton,2012,273.979,202.7557,313.292,638.474,314.779,168.398,95.338,23.170,56.102,22.962
E08000014,Sefton,2013,273.814,202.7557,310.720,614.867,302.562,153.423,89.587,22.616,81.291,18.968
E08000014,Sefton,2014,275.143,202.7557,318.109,515.350,327.501,203.281,171.659,23.440,63.878,18.860
E08000014,Sefton,2015,275.546,202.7557,320.404,509.096,300.505,172.148,143.291,24.541,54.294,18.535
E08000014,Sefton,2016,276.707,202.7557,322.142,469.499,258.314,163.559,130.388,23.807,49.302,18.894
E08000014,Sefton,2017,276.962,202.7557,316.689,448.794,243.388,135.079,123.588,23.955,40.004,18.652
E08000014,Sefton,2018,277.89,202.7557,313.351,445.117,229.736,165.611,122.607,22.048,25.928,18.781
E08000014,Sefton,2019,278.908,202.7557,311.909,429.020,254.887,167.784,116.993,21.605,29.156,18.641
E08000014,Sefton,2020,278.621,202.7557,261.660,413.815,248.775,144.270,106.306,22.779,29.561,18.871
E08000014,Sefton,2021,279.693,202.7557,260.268,419.982,250.733,187.440,109.391,21.646,53.487,19.000
E08000014,Sefton,2022,281.247,202.7557,259.957,353.335,251.566,171.643,96.351,20.615,68.715,19.209
E08000014,Sefton,2023,283.72,202.7557,258.927,335.560,250.002,135.895,85.651,21.479,84.753,19.012
E08000014,Sefton,2024,286.281,202.7557,259.567,330.869,223.854,129.731,100.609,20.436,77.068,19.083
E08000015,Wirral,2005,314.925,253.246,495.810,856.398,271.888,275.091,125.613,24.310,174.538,3.089
E08000015,Wirral,2006,315.35,253.246,476.852,846.893,261.567,283.674,122.694,23.661,171.318,2.690
E08000015,Wirral,2007,315.67,253.246,478.410,811.921,263.245,277.138,121.895,23.724,156.477,2.285
E08000015,Wirral,2008,316.711,253.246,458.091,809.354,245.801,264.321,114.881,23.423,139.344,1.748
E08000015,Wirral,2009,317.771,253.246,439.763,733.535,211.614,218.289,96.523,22.831,123.328,1.391
E08000015,Wirral,2010,319.078,253.246,436.589,775.189,232.266,228.163,103.255,23.113,50.942,1.088
E08000015,Wirral,2011,319.837,253.246,436.450,672.586,196.396,185.390,84.711,22.105,57.051,0.555
E08000015,Wirral,2012,319.971,253.246,429.387,724.301,222.388,203.767,96.936,22.521,50.760,0.494
E08000015,Wirral,2013,319.965,253.246,425.979,697.193,227.161,198.329,95.457,22.937,53.718,-0.105
E08000015,Wirral,2014,320.917,253.246,434.098,582.806,190.613,167.365,80.653,22.449,40.856,-0.110
E08000015,Wirral,2015,320.714,253.246,437.243,574.685,185.404,149.669,74.823,22.800,100.719,-0.625
E08000015,Wirral,2016,320.914,253.246,448.813,530.771,187.849,134.025,63.510,21.975,112.342,-0.378
E08000015,Wirral,2017,321.02,253.246,441.267,509.161,179.864,105.844,62.134,21.839,84.484,-0.652
E08000015,Wirral,2018,320.643,253.246,439.208,504.761,168.021,131.321,59.257,19.965,52.036,-0.659
E08000015,Wirral,2019,320.732,253.246,435.721,487.686,150.480,115.310,53.354,19.257,48.849,-0.712
E08000015,Wirral,2020,320.249,253.246,372.204,469.097,141.346,104.461,48.216,17.833,47.754,-0.591
E08000015,Wirral,2021,320.631,253.246,360.839,476.676,149.975,119.841,53.003,17.094,57.647,-0.411
E08000015,Wirral,2022,322.674,253.246,353.805,398.207,128.880,121.499,47.073,15.487,63.637,-0.051
E08000015,Wirral,2023,325.583,253.246,358.317,379.055,122.419,98.865,43.823,14.184,73.022,-0.309
E08000015,Wirral,2024,328.873,253.246,356.886,378.391,123.156,80.805,44.130,13.988,61.794,-0.198
E08000017,Doncaster,2005,292.174,568.5513,931.970,752.517,434.763,384.546,124.437,105.734,218.800,188.840
E08000017,Doncaster,2006,293.99,568.5513,921.946,745.182,419.702,388.368,123.019,104.806,214.078,182.298
E08000017,Doncaster,2007,296.215,568.5513,924.217,711.302,392.554,361.877,114.224,102.335,202.766,158.375
E08000017,Doncaster,2008,298.388,568.5513,890.374,701.492,380.613,371.715,115.973,108.302,208.105,138.515
E08000017,Doncaster,2009,300.184,568.5513,857.778,641.181,338.956,320.980,101.128,105.789,191.757,135.179
E08000017,Doncaster,2010,301.299,568.5513,855.852,689.212,379.333,314.207,104.753,108.951,181.347,131.387
E08000017,Doncaster,2011,302.468,568.5513,844.896,604.222,344.869,283.467,94.317,107.441,179.258,127.371
E08000017,Doncaster,2012,302.626,568.5513,857.786,644.063,358.869,318.123,102.740,110.992,151.241,127.509
E08000017,Doncaster,2013,302.991,568.5513,856.514,627.775,356.182,297.448,97.436,108.130,174.374,148.290
E08000017,Doncaster,2014,303.673,568.5513,883.902,535.226,315.050,263.776,86.858,104.936,155.035,113.530
E08000017,Doncaster,2015,304.311,568.5513,899.238,523.071,304.100,222.773,76.634,111.819,131.635,110.184
E08000017,Doncaster,2016,306.137,568.5513,936.462,490.911,274.522,189.798,64.626,107.236,280.614,109.512
E08000017,Doncaster,2017,307.058,568.5513,947.390,470.422,290.299,158.892,65.401,107.700,389.557,105.324
E08000017,Doncaster,2018,308.237,568.5513,953.576,467.843,284.069,190.574,62.252,96.377,167.787,70.909
E08000017,Doncaster,2019,308.438,568.5513,930.285,458.239,277.164,175.799,54.215,101.814,133.574,69.832
E08000017,Doncaster,2020,308.185,568.5513,818.196,444.082,244.646,158.029,49.225,94.921,113.190,66.696
E08000017,Doncaster,2021,308.697,568.5513,844.699,449.799,285.030,188.014,55.544,99.374,105.020,65.620
E08000017,Doncaster,2022,311.395,568.5513,824.098,378.532,263.374,163.733,46.760,95.619,141.018,67.043
E08000017,Doncaster,2023,315.428,568.5513,807.553,356.288,203.450,132.124,41.411,96.324,91.168,66.217
E08000017,Doncaster,2024,319.765,568.5513,806.972,358.941,209.750,103.623,36.567,93.034,170.685,67.501
E08000018,Rotherham,2005,252.675,286.5343,658.624,650.391,908.027,286.665,112.480,52.906,155.487,-7.342
E08000018,Rotherham,2006,253.638,286.5343,646.953,640.928,743.390,237.207,83.386,45.630,153.983,-7.710
E08000018,Rotherham,2007,254.18,286.5343,645.700,611.343,692.229,217.348,75.821,43.866,127.363,-8.223
E08000018,Rotherham,2008,255.271,286.5343,632.310,604.935,617.255,208.788,71.759,45.264,145.833,-9.246
E08000018,Rotherham,2009,256.313,286.5343,606.608,550.012,433.336,183.120,63.522,44.461,218.971,-9.214
E08000018,Rotherham,2010,256.893,286.5343,611.175,591.626,509.017,194.945,68.522,45.184,215.403,-9.409
E08000018,Rotherham,2011,257.716,286.5343,601.011,517.319,542.030,193.211,68.725,44.666,201.390,-9.809
E08000018,Rotherham,2012,258.71,286.5343,591.488,551.394,551.300,200.427,73.809,46.522,187.344,-9.920
E08000018,Rotherham,2013,259.391,286.5343,591.473,541.626,614.559,201.552,75.514,50.276,139.409,-10.527
E08000018,Rotherham,2014,261.391,286.5343,589.968,460.755,571.812,171.494,64.153,43.712,103.549,-10.508
E08000018,Rotherham,2015,262.063,286.5343,601.214,450.019,514.698,148.858,55.769,46.398,100.817,-11.152
E08000018,Rotherham,2016,263.273,286.5343,621.043,419.508,370.143,131.421,46.101,43.194,137.455,-10.186
E08000018,Rotherham,2017,264.167,286.5343,627.186,402.157,382.139,112.304,51.155,43.750,185.246,-10.683
E08000018,Rotherham,2018,265.154,286.5343,630.991,396.016,411.004,129.981,47.083,40.691,191.072,-10.113
E08000018,Rotherham,2019,265.991,286.5343,632.258,390.492,373.054,126.149,54.143,40.399,202.619,-10.391
E08000018,Rotherham,2020,265.593,286.5343,540.204,377.195,357.982,112.532,43.205,39.526,173.492,-10.391
E08000018,Rotherham,2021,266.173,286.5343,548.035,380.079,263.022,123.219,43.911,40.158,169.632,-9.732
E08000018,Rotherham,2022,268.707,286.5343,541.838,319.743,239.909,114.574,43.044,35.947,180.378,-9.181
E08000018,Rotherham,2023,272.648,286.5343,544.914,303.697,213.218,89.909,37.663,37.826,188.965,-10.193
E08000018,Rotherham,2024,276.595,286.5343,525.067,305.256,218.912,68.066,32.864,36.761,113.422,-10.058
E08000021,Newcastle upon Tyne,2005,269.608,115.1178,543.013,697.942,157.542,446.715,262.338,17.991,108.487,6.344
E08000021,Newcastle upon Tyne,2006,270.258,115.1178,517.355,686.706,154.645,455.886,254.758,16.851,105.924,6.232
E08000021,Newcastle upon Tyne,2007,271.577,115.1178,517.856,656.324,150.234,436.867,238.718,17.281,144.022,5.870
E08000021,Newcastle upon Tyne,2008,271.649,115.1178,494.956,655.556,145.780,442.453,247.605,17.768,91.078,5.577
E08000021,Newcastle upon Tyne,2009,273.422,115.1178,477.527,593.565,134.256,402.292,230.831,16.900,97.911,5.427
E08000021,Newcastle upon Tyne,2010,276.681,115.1178,469.876,627.688,150.965,428.805,249.983,16.812,95.386,5.491
E08000021,Newcastle upon Tyne,2011,279.092,115.1178,458.168,546.994,137.995,389.263,219.703,15.831,66.850,5.198
E08000021,Newcastle upon Tyne,2012,280.869,115.1178,449.062,590.459,145.294,413.122,236.827,17.072,61.933,5.297
E08000021,Newcastle upon Tyne,2013,284.371,115.1178,441.161,577.437,151.858,399.266,233.804,18.214,63.848,5.173
E08000021,Newcastle upon Tyne,2014,286.876,115.1178,439.923,483.987,132.333,328.002,194.270,16.969,60.551,4.936
E08000021,Newcastle upon Tyne,2015,287.955,115.1178,436.311,469.959,124.108,287.823,179.551,17.946,74.496,4.625
E08000021,Newcastle upon Tyne,2016,290.316,115.1178,439.254,436.823,108.965,245.951,157.183,17.814,68.392,4.927
E08000021,Newcastle upon Tyne,2017,291.759,115.1178,437.251,420.232,111.341,202.963,159.770,17.183,56.486,4.679
E08000021,Newcastle upon Tyne,2018,294.955,115.1178,435.068,410.598,98.471,239.219,146.166,14.902,24.152,4.917
E08000021,Newcastle upon Tyne,2019,297.087,115.1178,426.832,399.677,82.469,208.966,133.752,13.701,39.313,4.662
E08000021,Newcastle upon Tyne,2020,298.426,115.1178,347.494,393.419,74.283,181.130,123.952,12.410,36.371,4.671
E08000021,Newcastle upon Tyne,2021,298.545,115.1178,362.308,406.497,85.930,197.446,141.587,11.728,30.155,4.791
E08000021,Newcastle upon Tyne,2022,304.886,115.1178,373.533,349.624,94.221,180.791,126.187,10.944,75.225,4.953
E08000021,Newcastle upon Tyne,2023,313.522,115.1178,380.184,333.609,83.998,157.089,115.443,12.153,65.412,4.657
E08000021,Newcastle upon Tyne,2024,320.605,115.1178,387.390,330.901,78.264,149.781,117.028,12.598,56.607,4.671
E08000022,North Tyneside,2005,194.12,84.8234,359.816,535.819,227.959,270.335,100.400,5.792,55.564,4.118
E08000022,North Tyneside,2006,195.365,84.8234,346.203,530.525,205.857,265.305,85.791,5.508,56.414,4.121
E08000022,North Tyneside,2007,196.47,84.8234,345.825,508.826,191.935,252.404,78.041,5.997,129.102,4.069
E08000022,North Tyneside,2008,197.964,84.8234,332.252,506.325,172.943,232.420,71.005,6.211,115.937,3.943
E08000022,North Tyneside,2009,199.017,84.8234,321.654,456.907,150.011,188.191,61.318,5.671,126.386,3.841
E08000022,North Tyneside,2010,200.164,84.8234,314.138,486.132,166.543,198.789,66.908,6.927,105.058,3.743
E08000022,North Tyneside,2011,201.206,84.8234,308.351,423.846,152.437,185.335,60.553,6.542,130.580,3.666
E08000022,North Tyneside,2012,201.566,84.8234,306.261,459.352,168.204,199.855,66.644,6.869,116.368,3.660
E08000022,North Tyneside,2013,202.268,84.8234,300.392,452.646,168.100,184.325,64.775,6.927,90.310,3.542
E08000022,North Tyneside,2014,203.211,84.8234,302.811,379.189,144.857,150.031,56.648,6.619,114.134,3.495
E08000022,North Tyneside,2015,202.953,84.8234,300.124,370.839,140.416,139.811,55.429,7.337,77.082,3.312
E08000022,North Tyneside,2016,203.743,84.8234,303.252,345.567,115.997,129.392,40.393,7.143,77.890,3.516
E08000022,North Tyneside,2017,204.492,84.8234,296.139,335.468,132.381,87.270,49.719,7.218,107.477,3.445
E08000022,North Tyneside,2018,205.766,84.8234,293.778,326.010,108.306,118.857,37.743,5.803,71.270,3.522
E08000022,North Tyneside,2019,207.294,84.8234,294.577,316.797,103.547,113.642,32.485,5.840,74.913,3.434
E08000022,North Tyneside,2020,208.015,84.8234,250.127,311.825,93.274,111.052,30.563,5.410,89.684,3.410
E08000022,North Tyneside,2021,209.128,84.8234,255.804,316.156,107.796,119.318,28.450,5.108,85.788,3.441
E08000022,North Tyneside,2022,210.772,84.8234,263.323,266.621,105.766,108.326,25.618,4.616,77.345,3.516
E08000022,North Tyneside,2023,212.705,84.8234,261.440,255.009,97.936,102.267,23.003,4.505,71.048,3.350
E08000022,North Tyneside,2024,215.025,84.8234,261.700,250.843,87.357,89.096,21.907,4.457,77.458,3.338
E08000023,South Tyneside,2005,149.585,67.0742,210.534,384.114,101.462,108.904,58.875,5.712,161.413,3.074
E08000023,South Tyneside,2006,148.887,67.0742,209.769,376.669,98.448,108.853,57.187,5.970,158.364,3.096
E08000023,South Tyneside,2007,148.642,67.0742,203.360,361.305,88.929,96.953,50.581,6.054,138.595,3.002
E08000023,South Tyneside,2008,148.626,67.0742,195.989,361.096,85.920,96.207,48.787,6.159,113.479,2.948
E08000023,South Tyneside,2009,148.509,67.0742,189.927,325.199,77.081,87.883,44.601,5.931,119.874,2.773
E08000023,South Tyneside,2010,148.468,67.0742,185.777,344.889,84.746,90.836,47.192,6.105,97.538,2.769
E08000023,South Tyneside,2011,148.164,67.0742,183.009,300.198,78.880,81.583,42.013,5.753,114.784,2.625
E08000023,South Tyneside,2012,147.761,67.0742,187.689,323.533,82.216,89.275,45.898,5.893,117.215,2.638
E08000023,South Tyneside,2013,147.517,67.0742,185.911,318.358,87.157,85.177,45.110,5.572,78.582,2.506
E08000023,South Tyneside,2014,147.606,67.0742,179.558,265.832,74.330,71.669,37.545,5.097,56.752,2.381
E08000023,South Tyneside,2015,147.23,67.0742,176.097,259.241,64.999,62.681,34.251,5.477,59.678,2.306
E08000023,South Tyneside,2016,147.664,67.0742,176.530,241.732,53.166,50.113,26.615,5.342,58.449,2.412
E08000023,South Tyneside,2017,147.796,67.0742,172.237,233.362,52.020,41.571,27.720,4.778,56.290,2.271
E08000023,South Tyneside,2018,148.076,67.0742,171.587,226.238,42.493,47.751,29.661,4.087,53.988,2.348
E08000023,South Tyneside,2019,148.368,67.0742,169.826,217.720,34.984,42.179,26.068,4.078,59.726,2.284
E08000023,South Tyneside,2020,147.919,67.0742,141.672,212.679,30.469,35.877,23.995,4.115,98.983,2.254
E08000023,South Tyneside,2021,147.919,67.0742,147.309,216.402,31.127,43.391,26.076,4.090,61.989,2.243
E08000023,South Tyneside,2022,148.987,67.0742,156.299,181.746,35.497,41.647,23.669,3.747,54.933,2.277
E08000023,South Tyneside,2023,150.124,67.0742,160.756,173.777,31.669,35.874,22.761,4.451,57.794,2.172
E08000023,South Tyneside,2024,151.393,67.0742,158.628,171.505,27.289,33.505,20.584,3.869,58.137,2.167
E08000024,Sunderland,2005,279.199,139.618,502.600,728.952,537.062,261.891,108.820,12.320,198.213,2.126
E08000024,Sunderland,2006,278.37,139.618,493.736,713.030,524.228,267.488,105.064,11.326,194.974,1.994
E08000024,Sunderland,2007,277.834,139.618,487.523,683.220,476.364,247.173,94.556,12.106,236.076,1.909
E08000024,Sunderland,2008,276.812,139.618,467.280,682.243,434.946,235.749,91.547,11.849,247.219,1.569
E08000024,Sunderland,2009,276.209,139.618,450.909,615.714,381.555,205.013,79.824,11.070,232.322,1.541
E08000024,Sunderland,2010,275.98,139.618,437.614,657.936,416.617,215.602,84.739,11.251,219.883,1.439
E08000024,Sunderland,2011,275.33,139.618,427.011,574.556,388.221,196.155,77.013,10.592,171.677,1.273
E08000024,Sunderland,2012,275.317,139.618,422.614,616.316,420.964,219.297,86.215,11.269,183.588,1.201
E08000024,Sunderland,2013,275.247,139.618,413.900,606.218,415.515,206.473,82.868,10.843,79.655,0.838
E08000024,Sunderland,2014,275.751,139.618,417.977,507.267,370.631,180.820,73.627,10.147,125.072,0.795
E08000024,Sunderland,2015,275.408,139.618,417.658,493.120,349.891,156.506,64.098,10.986,106.702,0.396
E08000024,Sunderland,2016,275.49,139.618,421.419,457.966,310.806,131.381,52.229,10.037,80.149,0.600
E08000024,Sunderland,2017,274.816,139.618,418.309,440.888,294.019,100.901,61.059,10.032,63.274,0.322
E08000024,Sunderland,2018,274.339,139.618,419.176,427.650,267.829,115.887,52.714,8.780,49.048,0.486
E08000024,Sunderland,2019,274.277,139.618,408.681,413.136,247.308,98.616,44.816,8.595,69.860,0.374
E08000024,Sunderland,2020,273.583,139.618,340.954,404.714,205.916,84.208,42.658,8.896,73.905,0.334
E08000024,Sunderland,2021,274.378,139.618,343.769,411.592,229.814,99.795,43.380,10.844,51.874,0.521
E08000024,Sunderland,2022,278.013,139.618,355.139,350.863,217.598,96.299,40.717,10.022,54.146,0.752
E08000024,Sunderland,2023,283.606,139.618,354.241,333.749,195.896,80.317,32.068,10.714,55.184,0.383
E08000024,Sunderland,2024,288.606,139.618,350.300,331.762,166.220,69.711,29.300,10.723,48.557,0.421
E08000025,Birmingham,2005,1014.65,267.7912,1854.941,2383.401,1098.904,1351.125,601.175,18.729,111.571,13.480
E08000025,Birmingham,2006,1020.843,267.7912,1786.555,2388.689,1079.499,1348.556,564.735,19.204,116.412,13.461
E08000025,Birmingham,2007,1029.021,267.7912,1794.247,2307.400,1072.101,1281.204,537.654,18.029,138.586,13.097
E08000025,Birmingham,2008,1038.98,267.7912,1716.167,2309.703,1062.537,1314.155,536.224,17.941,125.793,12.634
E08000025,Birmingham,2009,1050.072,267.7912,1668.408,2087.998,838.952,1098.203,463.625,16.344,259.770,11.787
E08000025,Birmingham,2010,1061.074,267.7912,1637.989,2218.407,900.659,1129.147,492.057,16.816,369.157,11.609
E08000025,Birmingham,2011,1074.283,267.7912,1607.522,1959.175,812.630,1022.782,435.663,15.818,277.965,11.069
E08000025,Birmingham,2012,1084.661,267.7912,1603.420,2095.271,856.658,1098.967,480.962,16.740,286.687,10.828
E08000025,Birmingham,2013,1094.531,267.7912,1564.076,2038.561,878.125,1042.845,466.741,15.772,293.966,9.939
E08000025,Birmingham,2014,1103.724,267.7912,1592.951,1720.678,764.375,880.014,392.937,14.697,288.281,9.505
E08000025,Birmingham,2015,1114.932,267.7912,1582.496,1690.151,749.282,804.290,375.698,15.046,336.798,8.967
E08000025,Birmingham,2016,1131.271,267.7912,1593.869,1568.471,681.216,701.288,329.281,14.909,440.843,8.887
E08000025,Birmingham,2017,1139.893,267.7912,1571.058,1499.801,812.212,538.357,330.908,15.590,483.261,8.559
E08000025,Birmingham,2018,1146.05,267.7912,1556.157,1477.566,654.723,644.048,304.695,12.275,389.398,8.499
E08000025,Birmingham,2019,1150.646,267.7912,1509.528,1428.035,598.942,589.213,266.593,11.179,378.656,8.157
E08000025,Birmingham,2020,1148.692,267.7912,1249.677,1402.117,672.369,506.189,260.533,11.201,362.218,8.261
E08000025,Birmingham,2021,1143.285,267.7912,1298.700,1446.964,803.978,567.552,286.730,10.123,322.638,8.185
E08000025,Birmingham,2022,1153.593,267.7912,1329.047,1244.860,616.338,562.884,261.478,8.764,358.767,8.382
E08000025,Birmingham,2023,1170.238,267.7912,1310.018,1161.662,562.842,520.822,238.246,10.112,311.894,7.811
E08000025,Birmingham,2024,1183.618,267.7912,1305.700,1176.668,489.724,445.846,248.664,9.467,307.636,7.706
E08000026,Coventry,2005,298.386,98.639,556.559,726.656,422.897,403.095,206.981,12.725,19.179,4.623
E08000026,Coventry,2006,300.129,98.639,539.227,721.429,403.477,408.102,192.756,12.967,21.127,4.454
E08000026,Coventry,2007,301.429,98.639,538.518,692.621,369.115,360.267,173.777,11.660,15.619,4.136
E08000026,Coventry,2008,305.186,98.639,516.539,689.584,338.708,348.918,165.998,11.769,16.961,3.743
E08000026,Coventry,2009,307.393,98.639,494.999,621.714,281.625,288.376,135.495,11.273,58.086,3.443
E08000026,Coventry,2010,311.674,98.639,492.184,664.178,326.853,303.586,149.439,10.936,83.871,3.275
E08000026,Coventry,2011,316.915,98.639,480.323,586.860,299.336,261.579,131.593,10.352,66.462,2.824
E08000026,Coventry,2012,318.141,98.639,478.573,628.324,312.545,303.132,146.804,10.622,67.672,2.633
E08000026,Coventry,2013,322.146,98.639,466.408,609.102,322.565,287.121,144.507,10.387,65.924,2.469
E08000026,Coventry,2014,325.066,98.639,480.873,516.104,307.837,250.732,131.038,9.902,62.115,2.317
E08000026,Coventry,2015,331.112,98.639,481.125,511.257,296.420,224.320,121.758,10.364,82.989,2.738
E08000026,Coventry,2016,337.064,98.639,495.187,473.594,259.786,196.108,103.300,9.881,92.030,2.174
E08000026,Coventry,2017,340.034,98.639,488.939,453.258,207.484,154.007,106.594,9.861,125.514,1.983
E08000026,Coventry,2018,342.811,98.639,469.888,445.690,174.440,181.965,98.490,8.677,121.312,2.212
E08000026,Coventry,2019,343.715,98.639,457.181,428.349,163.869,161.265,91.122,8.176,133.913,2.175
E08000026,Coventry,2020,344.702,98.639,376.117,421.133,141.808,136.916,89.004,7.607,133.610,2.253
E08000026,Coventry,2021,344.151,98.639,408.451,432.978,140.460,158.813,105.648,9.806,100.480,2.320
E08000026,Coventry,2022,351.434,98.639,408.739,373.172,122.754,150.607,95.381,9.325,96.115,2.538
E08000026,Coventry,2023,359.243,98.639,409.975,346.395,103.300,136.475,89.402,6.861,119.790,2.381
E08000026,Coventry,2024,369.026,98.639,410.362,350.826,118.592,126.540,95.414,6.880,97.406,2.436
E08000027,Dudley,2005,307.004,97.9584,537.315,761.261,307.020,253.578,115.457,7.028,46.079,4.655
E08000027,Dudley,2006,307.846,97.9584,518.390,765.474,306.499,260.024,110.744,6.030,47.215,4.542
E08000027,Dudley,2007,308.686,97.9584,517.517,734.638,285.410,238.793,102.290,5.167,41.751,4.398
E08000027,Dudley,2008,310.377,97.9584,496.826,731.076,273.030,235.138,98.121,5.806,24.759,4.211
E08000027,Dudley,2009,311.088,97.9584,480.609,661.334,227.653,195.040,82.746,5.708,54.558,3.975
E08000027,Dudley,2010,312.206,97.9584,462.422,705.942,258.919,213.035,91.940,5.664,94.884,3.931
E08000027,Dudley,2011,313.261,97.9584,456.392,619.551,237.948,194.587,82.215,5.249,57.701,3.632
E08000027,Dudley,2012,313.631,97.9584,451.976,664.675,241.720,201.866,83.762,5.299,51.587,3.503
E08000027,Dudley,2013,314.46,97.9584,447.121,648.330,244.329,189.399,81.648,5.621,73.895,3.276
E08000027,Dudley,2014,315.7,97.9584,455.869,548.640,210.466,159.760,69.388,5.029,72.730,3.121
E08000027,Dudley,2015,316.393,97.9584,454.832,536.455,194.057,143.400,63.670,5.283,65.757,2.914
E08000027,Dudley,2016,317.669,97.9584,455.935,497.303,176.235,116.942,54.374,5.284,86.579,3.024
E08000027,Dudley,2017,319.539,97.9584,451.850,476.902,179.748,100.969,55.600,5.708,112.984,3.028
E08000027,Dudley,2018,320.989,97.9584,442.138,465.456,165.781,109.857,52.913,5.003,100.357,3.271
E08000027,Dudley,2019,322.09,97.9584,424.367,449.474,152.513,98.404,50.012,5.185,83.488,3.187
E08000027,Dudley,2020,322.513,97.9584,352.396,439.208,133.389,81.355,45.214,5.218,71.024,3.114
E08000027,Dudley,2021,323.591,97.9584,377.909,444.553,150.856,93.008,50.595,4.998,67.306,3.205
E08000027,Dudley,2022,325.464,97.9584,380.041,376.214,138.567,91.961,45.849,4.496,66.034,3.401
E08000027,Dudley,2023,328.353,97.9584,379.816,354.498,121.635,77.909,40.727,5.789,54.637,3.173
E08000027,Dudley,2024,331.93,97.9584,379.282,357.192,108.577,71.810,37.635,5.935,45.697,3.168
E08000028,Sandwell,2005,290.447,85.5589,614.380,671.942,563.256,373.795,82.769,2.583,23.856,4.929
E08000028,Sandwell,2006,292.516,85.5589,598.852,679.552,572.982,390.298,83.210,2.428,27.046,4.935
E08000028,Sandwell,2007,294.603,85.5589,594.429,655.860,553.460,373.260,80.496,2.354,42.810,4.834
E08000028,Sandwell,2008,298.358,85.5589,568.429,656.483,496.966,352.485,73.705,2.248,34.391,4.615
E08000028,Sandwell,2009,302.303,85.5589,550.960,597.883,400.045,284.641,58.899,2.154,61.296,4.348
E08000028,Sandwell,2010,306.181,85.5589,541.210,637.103,446.086,306.037,64.352,2.086,82.749,4.265
E08000028,Sandwell,2011,309.042,85.5589,536.510,563.121,413.145,282.182,58.649,1.908,49.676,4.136
E08000028,Sandwell,2012,312.71,85.5589,541.275,601.702,430.612,298.756,61.857,1.829,53.665,4.011
E08000028,Sandwell,2013,317.499,85.5589,532.543,586.533,446.151,289.726,62.237,1.769,65.685,3.728
E08000028,Sandwell,2014,321.61,85.5589,553.304,497.816,388.543,251.019,53.789,1.571,68.482,3.649
E08000028,Sandwell,2015,325.911,85.5589,544.578,488.990,380.866,228.651,51.236,1.687,150.176,3.416
E08000028,Sandwell,2016,330.051,85.5589,553.598,453.374,305.038,186.984,42.653,1.761,72.198,3.418
E08000028,Sandwell,2017,333.826,85.5589,574.590,437.129,311.736,158.276,46.391,1.660,91.531,3.265
E08000028,Sandwell,2018,336.977,85.5589,569.426,428.924,271.892,182.457,42.206,1.437,82.008,3.397
E08000028,Sandwell,2019,340.198,85.5589,548.866,414.850,237.147,171.619,37.823,1.392,78.259,3.480
E08000028,Sandwell,2020,341.436,85.5589,475.335,407.081,221.646,150.054,36.009,1.410,71.713,3.360
E08000028,Sandwell,2021,341.895,85.5589,494.155,419.522,238.916,168.582,40.716,1.481,68.368,3.378
E08000028,Sandwell,2022,345.697,85.5589,482.308,358.876,224.562,152.978,40.823,1.687,68.327,3.484
E08000028,Sandwell,2023,349.834,85.5589,484.028,337.100,189.948,128.778,36.432,1.857,62.150,3.297
E08000028,Sandwell,2024,353.86,85.5589,482.522,339.762,165.304,112.944,38.993,1.600,66.454,3.247
E08000029,Solihull,2005,201.557,178.2821,644.807,548.819,164.200,293.197,53.060,36.863,11.272,-1.146
E08000029,Solihull,2006,202.351,178.2821,619.005,558.839,181.679,343.369,58.985,37.718,13.700,-1.562
E08000029,Solihull,2007,203.17,178.2821,636.178,536.995,168.410,321.622,55.706,35.209,14.463,-1.952
E08000029,Solihull,2008,204.778,178.2821,618.641,537.041,143.902,286.047,48.976,35.254,13.108,-2.434
E08000029,Solihull,2009,205.47,178.2821,592.253,486.064,130.009,255.506,42.969,34.615,39.092,-2.804
E08000029,Solihull,2010,206.329,178.2821,594.148,517.462,144.615,298.739,50.813,35.616,56.049,-3.040
E08000029,Solihull,2011,206.856,178.2821,595.548,456.521,150.571,286.261,48.205,34.707,34.162,-3.383
E08000029,Solihull,2012,207.729,178.2821,591.382,489.202,154.673,326.181,54.452,35.420,33.815,-3.265
E08000029,Solihull,2013,209.115,178.2821,583.994,477.125,151.495,312.413,52.125,34.940,40.803,-3.897
E08000029,Solihull,2014,211.205,178.2821,605.150,402.101,137.005,261.841,44.584,33.708,34.403,-3.967
E08000029,Solihull,2015,211.697,178.2821,618.904,395.265,151.598,272.341,44.649,33.917,34.357,-4.448
E08000029,Solihull,2016,213.061,178.2821,641.256,367.296,124.462,236.131,37.878,33.217,49.703,-4.177
E08000029,Solihull,2017,214.33,178.2821,633.027,350.248,102.938,202.867,40.469,33.193,60.366,-4.473
E08000029,Solihull,2018,214.901,178.2821,630.872,344.353,84.622,220.831,35.236,30.813,50.024,-4.306
E08000029,Solihull,2019,216.323,178.2821,606.084,331.460,70.093,191.180,33.834,30.821,51.563,-4.499
E08000029,Solihull,2020,216.432,178.2821,491.062,326.343,74.536,148.640,31.329,29.496,41.395,-4.527
E08000029,Solihull,2021,216.677,178.2821,523.068,331.639,67.770,175.751,34.088,30.162,37.956,-4.342
E08000029,Solihull,2022,217.957,178.2821,535.795,283.497,68.021,176.941,31.488,29.173,38.500,-4.110
E08000029,Solihull,2023,219.71,178.2821,524.116,265.627,62.937,158.236,27.829,29.550,34.754,-4.552
E08000029,Solihull,2024,221.242,178.2821,514.983,269.285,70.105,152.888,28.719,29.466,31.430,-4.525
E08000030,Walsall,2005,258.172,103.9734,493.715,631.513,392.689,232.458,97.380,9.959,28.976,6.653
E08000030,Walsall,2006,259.454,103.9734,474.453,634.739,391.536,240.532,94.726,10.534,31.501,6.531
E08000030,Walsall,2007,260.939,103.9734,463.159,609.831,363.865,223.115,86.722,9.475,59.650,6.269
E08000030,Walsall,2008,263.034,103.9734,427.433,606.704,330.606,210.133,79.964,9.455,58.519,5.973
E08000030,Walsall,2009,264.774,103.9734,413.771,552.221,260.593,161.553,63.261,8.948,84.125,5.707
E08000030,Walsall,2010,266.834,103.9734,418.139,590.373,291.272,171.444,69.734,9.198,133.099,5.602
E08000030,Walsall,2011,269.524,103.9734,414.616,521.030,275.555,163.094,65.042,8.826,128.736,5.318
E08000030,Walsall,2012,270.517,103.9734,412.427,555.518,281.669,166.546,66.740,9.286,113.849,5.440
E08000030,Walsall,2013,271.704,103.9734,411.957,540.411,290.057,160.482,66.233,9.028,121.700,5.144
E08000030,Walsall,2014,273.764,103.9734,426.903,459.910,254.859,142.846,58.283,8.340,98.785,4.953
E08000030,Walsall,2015,275.49,103.9734,413.083,452.255,233.624,118.564,51.100,8.900,67.673,4.806
E08000030,Walsall,2016,278.429,103.9734,419.068,420.234,205.570,103.261,43.458,9.065,81.715,4.962
E08000030,Walsall,2017,281.229,103.9734,433.014,402.321,203.903,85.995,44.819,8.230,95.973,4.828
E08000030,Walsall,2018,282.921,103.9734,424.315,394.492,193.708,99.281,42.643,7.554,77.279,5.036
E08000030,Walsall,2019,284.6,103.9734,407.019,380.774,167.007,86.352,37.131,7.541,66.475,4.893
E08000030,Walsall,2020,284.578,103.9734,359.840,372.695,135.447,77.537,36.252,7.206,62.169,5.008
E08000030,Walsall,2021,284.392,103.9734,389.866,382.428,162.681,84.908,39.506,8.502,53.688,5.112
E08000030,Walsall,2022,286.804,103.9734,383.892,324.207,152.195,81.293,35.351,8.141,54.608,5.279
E08000030,Walsall,2023,291.237,103.9734,378.883,305.295,143.525,68.914,32.258,7.367,52.064,5.001
E08000030,Walsall,2024,295.678,103.9734,379.657,306.567,122.641,62.557,32.200,7.460,52.132,5.017
E08000031,Wolverhampton,2005,241.647,69.4365,391.333,591.157,319.046,273.329,120.385,4.096,19.843,5.109
E08000031,Wolverhampton,2006,242.889,69.4365,377.707,595.281,301.952,264.742,104.471,5.166,22.090,5.025
E08000031,Wolverhampton,2007,243.91,69.4365,375.557,573.794,285.658,248.549,95.576,3.970,40.382,4.870
E08000031,Wolverhampton,2008,245.349,69.4365,363.300,571.322,266.940,239.691,91.430,4.410,44.563,4.662
E08000031,Wolverhampton,2009,246.016,69.4365,352.881,515.157,230.001,206.594,80.479,3.718,55.899,4.508
E08000031,Wolverhampton,2010,247.64,69.4365,346.111,549.613,248.929,213.289,86.052,3.803,94.717,4.382
E08000031,Wolverhampton,2011,249.852,69.4365,338.840,485.106,243.757,207.599,80.590,3.605,58.590,4.080
E08000031,Wolverhampton,2012,251.444,69.4365,335.988,518.158,242.473,209.791,82.215,3.549,60.286,4.053
E08000031,Wolverhampton,2013,252.358,69.4365,330.797,502.983,243.485,201.405,82.125,3.162,66.347,3.895
E08000031,Wolverhampton,2014,254.351,69.4365,333.868,426.804,214.052,172.152,71.907,2.938,72.568,3.688
E08000031,Wolverhampton,2015,256.127,69.4365,332.459,419.643,202.324,155.521,68.893,3.175,72.738,3.567
E08000031,Wolverhampton,2016,258.305,69.4365,334.482,390.946,171.960,131.618,57.645,3.195,88.449,3.487
E08000031,Wolverhampton,2017,260.648,69.4365,331.213,374.149,153.861,107.757,64.626,3.160,87.443,3.405
E08000031,Wolverhampton,2018,262.474,69.4365,324.577,368.327,133.840,131.738,57.317,2.821,77.000,3.568
E08000031,Wolverhampton,2019,263.519,69.4365,312.337,357.407,121.801,114.254,53.054,2.987,71.770,3.491
E08000031,Wolverhampton,2020,263.123,69.4365,259.856,350.845,120.252,101.532,49.839,2.899,68.148,3.592
E08000031,Wolverhampton,2021,264.26,69.4365,272.998,360.636,132.721,122.929,55.210,3.249,67.746,3.593
E08000031,Wolverhampton,2022,269.036,69.4365,265.699,307.014,125.058,116.078,48.667,3.309,97.891,3.708
E08000031,Wolverhampton,2023,275.601,69.4365,264.484,288.689,114.452,102.673,44.521,3.792,115.727,3.614
E08000031,Wolverhampton,2024,281.251,69.4365,263.974,289.599,104.019,101.766,45.802,3.374,99.483,3.623
E08000032,Bradford,2005,491.361,366.4198,710.455,1267.396,664.806,481.170,212.248,95.544,293.916,0.156
E08000032,Bradford,2006,495.658,366.4198,699.088,1259.903,633.771,482.016,201.282,92.122,291.310,-1.149
E08000032,Bradford,2007,501.357,366.4198,701.354,1214.837,638.240,467.628,202.486,88.855,344.174,-1.794
E08000032,Bradford,2008,507.323,366.4198,679.707,1214.647,589.327,457.777,187.988,86.447,307.784,-2.675
E08000032,Bradford,2009,512.392,366.4198,658.544,1109.303,529.484,402.788,168.879,84.590,288.625,-3.549
E08000032,Bradford,2010,518.002,366.4198,651.738,1183.536,586.034,423.241,182.141,84.346,243.683,-3.993
E08000032,Bradford,2011,523.115,366.4198,642.612,1050.890,536.361,388.023,163.170,83.234,174.023,-5.016
E08000032,Bradford,2012,525.522,366.4198,639.661,1120.565,570.522,405.374,176.915,83.643,159.465,-5.184
E08000032,Bradford,2013,528.712,366.4198,633.449,1087.373,594.339,389.886,173.035,84.012,113.630,-6.476
E08000032,Bradford,2014,531.795,366.4198,648.031,922.038,549.945,326.141,145.705,82.651,109.357,-6.560
E08000032,Bradford,2015,534.919,366.4198,654.587,908.166,493.145,290.544,137.024,83.150,109.397,-7.600
E08000032,Bradford,2016,538.178,366.4198,671.480,843.129,427.672,284.412,110.595,81.986,108.665,-7.292
E08000032,Bradford,2017,540.447,366.4198,680.965,810.288,440.901,210.935,118.578,83.187,109.397,-7.990
E08000032,Bradford,2018,542.542,366.4198,679.152,799.219,398.972,263.494,105.234,76.969,99.163,-7.774
E08000032,Bradford,2019,545.966,366.4198,666.466,786.924,385.456,208.725,98.024,77.264,87.613,-8.320
E08000032,Bradford,2020,547.141,366.4198,567.999,757.012,322.950,185.410,96.636,77.430,95.659,-8.420
E08000032,Bradford,2021,546.839,366.4198,542.639,778.767,384.388,221.154,111.253,76.614,98.350,-7.905
E08000032,Bradford,2022,551.522,366.4198,532.567,654.540,354.437,195.162,96.694,75.148,97.915,-7.438
E08000032,Bradford,2023,559.071,366.4198,527.793,623.013,333.969,177.680,87.929,67.502,93.000,-8.407
E08000032,Bradford,2024,563.605,366.4198,527.554,620.571,298.185,151.457,72.300,68.044,91.257,-8.353
E08000033,Calderdale,2005,196.27,363.9608,437.997,553.703,299.114,183.401,77.648,64.784,67.151,3.136
E08000033,Calderdale,2006,197.761,363.9608,427.582,550.791,296.387,190.403,76.846,61.654,82.539,2.116
E08000033,Calderdale,2007,199.275,363.9608,436.802,531.948,284.613,183.496,73.894,60.167,156.458,1.164
E08000033,Calderdale,2008,200.96,363.9608,418.299,528.897,290.515,182.935,73.551,57.648,181.591,0.078
E08000033,Calderdale,2009,202.078,363.9608,405.972,486.404,254.961,157.776,62.861,55.464,143.388,-0.847
E08000033,Calderdale,2010,203.049,363.9608,402.887,521.685,278.188,165.640,67.954,53.598,159.204,-0.075
E08000033,Calderdale,2011,204.17,363.9608,400.886,462.723,259.203,154.440,62.704,52.273,145.363,-1.583
E08000033,Calderdale,2012,205.116,363.9608,389.592,493.305,268.063,157.694,65.376,52.274,119.699,-2.153
E08000033,Calderdale,2013,205.854,363.9608,387.553,476.882,272.627,149.927,62.583,52.602,108.311,-2.241
E08000033,Calderdale,2014,206.614,363.9608,404.733,404.035,237.550,131.293,53.795,51.835,105.246,-3.796
E08000033,Calderdale,2015,207.027,363.9608,403.262,397.099,215.126,114.965,48.557,51.656,99.697,-5.061
E08000033,Calderdale,2016,207.744,363.9608,413.941,368.031,190.297,99.100,39.896,51.412,100.308,-5.365
E08000033,Calderdale,2017,207.459,363.9608,413.277,352.752,189.248,79.458,39.880,52.728,99.701,-7.217
E08000033,Calderdale,2018,207.215,363.9608,409.871,345.860,175.729,95.566,37.745,50.590,110.155,-8.210
E08000033,Calderdale,2019,207.729,363.9608,406.587,340.317,157.464,84.729,29.109,49.287,88.455,-9.618
E08000033,Calderdale,2020,206.976,363.9608,342.944,328.170,133.992,71.901,26.430,48.446,81.336,-11.941
E08000033,Calderdale,2021,206.828,363.9608,347.259,333.277,127.867,86.704,29.836,48.385,91.990,-11.235
E08000033,Calderdale,2022,207.896,363.9608,344.141,275.668,135.217,77.062,27.094,47.128,86.357,-11.150
E08000033,Calderdale,2023,209.334,363.9608,338.846,263.763,116.860,66.077,24.607,45.752,96.811,-12.748
E08000033,Calderdale,2024,210.929,363.9608,343.574,261.171,95.248,75.587,22.628,45.380,88.403,-12.409
E08000034,Kirklees,2005,400.724,408.5516,740.337,1064.160,637.110,426.533,123.791,111.335,77.720,-9.987
E08000034,Kirklees,2006,404.266,408.5516,730.400,1050.059,605.687,416.988,118.403,114.419,81.087,-11.518
E08000034,Kirklees,2007,407.974,408.5516,738.386,1011.547,552.898,379.369,108.166,106.391,123.241,-12.974
E08000034,Kirklees,2008,411.807,408.5516,707.163,1007.742,526.663,375.051,105.576,103.957,164.669,-14.567
E08000034,Kirklees,2009,414.785,408.5516,682.263,920.441,468.511,334.234,92.799,104.122,139.007,-15.361
E08000034,Kirklees,2010,418.339,408.5516,683.215,990.245,509.652,349.961,98.049,103.614,130.588,-15.942
E08000034,Kirklees,2011,422.97,408.5516,677.114,876.459,476.055,315.744,89.597,102.426,138.732,-15.922
E08000034,Kirklees,2012,424.922,408.5516,663.943,939.083,446.457,303.521,85.923,100.337,139.862,-17.260
E08000034,Kirklees,2013,427.009,408.5516,660.772,913.232,477.590,311.283,89.036,100.444,121.866,-18.841
E08000034,Kirklees,2014,429.036,408.5516,693.961,779.032,452.050,291.471,84.153,98.862,98.674,-18.726
E08000034,Kirklees,2015,431.11,408.5516,689.865,766.110,425.705,262.137,75.438,99.975,103.822,-18.619
E08000034,Kirklees,2016,432.588,408.5516,720.670,713.627,372.518,239.672,63.832,97.680,105.999,-19.422
E08000034,Kirklees,2017,433.393,408.5516,721.084,684.657,350.749,193.536,65.361,97.639,108.135,-20.607
E08000034,Kirklees,2018,433.571,408.5516,716.747,675.604,316.099,219.311,60.431,92.871,105.591,-19.730
E08000034,Kirklees,2019,433.259,408.5516,706.394,666.029,292.999,198.381,52.123,91.424,95.247,-17.059
E08000034,Kirklees,2020,432.878,408.5516,602.195,641.019,255.683,168.124,45.898,89.558,98.015,-20.918
E08000034,Kirklees,2021,433.458,408.5516,612.910,654.915,278.004,208.223,59.071,88.372,98.968,-19.192
E08000034,Kirklees,2022,438.486,408.5516,611.258,546.234,276.787,173.152,48.506,85.703,98.166,-19.402
E08000034,Kirklees,2023,443.745,408.5516,598.685,522.735,233.429,149.089,43.699,87.145,93.740,-20.251
E08000034,Kirklees,2024,447.847,408.5516,596.957,519.690,219.272,136.012,44.968,87.079,104.198,-20.370
E08000035,Leeds,2005,735.054,551.7068,1725.892,1926.323,922.177,1029.722,363.578,106.890,302.874,-17.181
E08000035,Leeds,2006,736.204,551.7068,1692.767,1900.514,911.695,1063.957,352.610,106.694,304.132,-18.022
E08000035,Leeds,2007,738.56,551.7068,1699.648,1824.023,890.245,1014.176,332.917,99.220,501.260,-19.200
E08000035,Leeds,2008,741.665,551.7068,1645.106,1817.503,850.882,1015.901,324.991,103.082,491.711,-20.902
E08000035,Leeds,2009,743.885,551.7068,1571.397,1656.325,747.002,896.620,285.155,98.772,381.577,-21.462
E08000035,Leeds,2010,747.571,551.7068,1561.915,1772.433,813.988,922.388,303.057,97.391,305.165,-22.045
E08000035,Leeds,2011,750.683,551.7068,1538.866,1566.864,749.577,836.347,268.015,93.340,335.522,-23.125
E08000035,Leeds,2012,758.029,551.7068,1526.495,1676.285,795.712,886.236,298.054,95.164,389.829,-22.489
E08000035,Leeds,2013,764.369,551.7068,1518.617,1614.911,788.751,840.937,297.354,95.792,364.880,-24.389
E08000035,Leeds,2014,770.434,551.7068,1570.896,1371.835,693.504,716.721,255.478,91.773,306.821,-24.165
E08000035,Leeds,2015,777.987,551.7068,1606.798,1338.017,636.140,620.158,219.932,96.386,351.349,-25.734
E08000035,Leeds,2016,786.739,551.7068,1677.870,1240.627,611.505,535.710,193.561,94.301,319.191,-24.293
E08000035,Leeds,2017,793.134,551.7068,1682.904,1189.921,687.993,424.571,210.216,94.651,307.751,-25.367
E08000035,Leeds,2018,797.696,551.7068,1669.233,1174.208,631.333,522.258,158.766,89.898,325.030,-24.557
E08000035,Leeds,2019,804.64,551.7068,1669.166,1147.375,571.576,459.265,165.812,88.274,296.873,-24.915
E08000035,Leeds,2020,808.443,551.7068,1424.428,1109.000,530.679,391.010,153.450,86.290,272.832,-25.116
E08000035,Leeds,2021,809.479,551.7068,1419.539,1130.405,547.236,443.046,160.011,88.373,232.132,-23.912
E08000035,Leeds,2022,820.294,551.7068,1428.330,955.660,474.800,425.886,140.067,84.479,222.446,-22.661
E08000035,Leeds,2023,833.516,551.7068,1431.003,908.098,494.864,367.798,122.177,78.360,215.188,-24.455
E08000035,Leeds,2024,845.189,551.7068,1428.720,902.472,400.288,338.659,124.400,79.907,229.257,-24.125
E08000036,Wakefield,2005,318.765,338.6198,806.414,816.048,698.843,417.125,127.601,60.830,234.533,-3.700
E08000036,Wakefield,2006,320.318,338.6198,799.494,808.206,595.767,438.137,128.100,58.566,230.646,-3.942
E08000036,Wakefield,2007,321.65,338.6198,802.680,776.043,582.817,406.843,122.037,60.410,231.165,-4.701
E08000036,Wakefield,2008,323.288,338.6198,765.455,769.545,574.814,416.506,123.863,62.479,215.786,-5.870
E08000036,Wakefield,2009,324.467,338.6198,731.759,704.661,500.832,375.354,108.279,60.833,205.426,-5.767
E08000036,Wakefield,2010,325.595,338.6198,731.077,757.845,531.084,373.625,111.221,61.517,212.590,-5.990
E08000036,Wakefield,2011,326.433,338.6198,735.681,667.265,490.708,345.554,101.494,59.838,219.725,-6.357
E08000036,Wakefield,2012,327.901,338.6198,727.091,709.583,550.073,378.743,115.133,60.312,239.060,-6.285
E08000036,Wakefield,2013,329.888,338.6198,724.428,689.611,540.655,362.216,108.681,59.284,211.704,-6.892
E08000036,Wakefield,2014,331.624,338.6198,754.610,587.882,494.873,322.639,98.987,57.295,203.603,-6.895
E08000036,Wakefield,2015,333.908,338.6198,765.504,576.747,449.373,275.921,85.453,59.949,177.389,-7.757
E08000036,Wakefield,2016,337.365,338.6198,795.803,542.773,403.312,234.461,71.495,57.655,151.070,-6.801
E08000036,Wakefield,2017,340.749,338.6198,800.224,522.715,419.414,199.092,74.386,57.103,148.848,-7.463
E08000036,Wakefield,2018,344.437,338.6198,801.127,519.292,428.980,234.174,72.010,56.218,127.577,-6.982
E08000036,Wakefield,2019,348.201,338.6198,797.318,507.281,402.721,200.362,67.092,59.786,117.187,-6.984
E08000036,Wakefield,2020,350.978,338.6198,674.440,491.833,369.871,184.410,60.021,57.709,114.224,-6.907
E08000036,Wakefield,2021,353.803,338.6198,699.245,497.509,416.865,198.806,76.336,57.505,114.304,-6.246
E08000036,Wakefield,2022,357.926,338.6198,678.929,418.730,424.889,210.120,52.509,53.994,105.348,-5.571
E08000036,Wakefield,2023,363.013,338.6198,678.347,397.559,355.354,179.679,45.692,56.895,104.274,-6.595
E08000036,Wakefield,2024,367.666,338.6198,678.222,397.315,331.124,166.503,40.704,54.755,95.148,-6.388
E08000037,Gateshead,2005,192.857,144.0797,545.045,530.744,376.534,227.975,71.333,23.241,109.065,-14.484
E08000037,Gateshead,2006,193.615,144.0797,529.450,521.384,412.015,246.142,74.881,21.256,108.280,-14.832
E08000037,Gateshead,2007,194.934,144.0797,525.331,496.914,398.525,236.215,70.456,21.193,105.200,-15.128
E08000037,Gateshead,2008,196.078,144.0797,500.899,494.710,375.964,224.637,67.550,23.223,94.702,-15.845
E08000037,Gateshead,2009,197.481,144.0797,491.284,444.831,332.562,190.888,59.319,20.558,95.915,-15.805
E08000037,Gateshead,2010,198.731,144.0797,477.567,471.313,345.988,196.175,60.588,20.805,97.053,-15.862
E08000037,Gateshead,2011,200.349,144.0797,466.401,412.369,316.832,172.528,52.773,19.292,71.391,-16.079
E08000037,Gateshead,2012,200.252,144.0797,457.188,444.970,325.447,181.500,55.636,19.984,73.695,-15.002
E08000037,Gateshead,2013,200.299,144.0797,451.917,436.303,302.276,170.262,52.842,18.595,48.492,-16.073
E08000037,Gateshead,2014,200.728,144.0797,450.776,365.627,269.849,159.271,48.652,17.368,28.318,-16.049
E08000037,Gateshead,2015,201.271,144.0797,433.644,355.708,242.832,138.144,42.800,18.616,41.032,-16.414
E08000037,Gateshead,2016,201.359,144.0797,437.993,328.714,221.567,112.899,52.189,17.947,29.450,-15.721
E08000037,Gateshead,2017,200.66,144.0797,446.752,316.079,218.886,94.195,37.751,17.703,40.273,-16.296
E08000037,Gateshead,2018,199.915,144.0797,446.987,307.800,209.251,104.800,34.301,15.097,49.977,-16.060
E08000037,Gateshead,2019,198.435,144.0797,451.853,298.786,185.099,90.508,32.535,14.471,59.191,-16.135
E08000037,Gateshead,2020,197.342,144.0797,383.378,291.546,165.717,74.523,33.574,14.471,40.913,-16.590
E08000037,Gateshead,2021,196.179,144.0797,399.936,296.852,182.371,88.198,33.572,14.830,29.101,-15.916
E08000037,Gateshead,2022,198.599,144.0797,390.920,252.332,172.028,88.114,28.943,14.443,28.273,-15.357
E08000037,Gateshead,2023,200.597,144.0797,379.594,240.741,155.928,72.682,25.251,16.487,28.223,-16.121
E08000037,Gateshead,2024,202.76,144.0797,381.845,237.496,136.826,67.339,24.958,15.806,29.816,-15.902
E08000038,Barnsley,2005,222.618,329.0776,507.015,581.843,447.529,233.632,60.521,98.567,152.178,-21.204
E08000038,Barnsley,2006,224.419,329.0776,496.748,573.022,464.779,279.163,64.117,95.530,149.003,-21.830
E08000038,Barnsley,2007,225.989,329.0776,503.171,552.608,372.644,207.843,54.352,93.954,142.273,-22.569
E08000038,Barnsley,2008,227.754,329.0776,480.778,548.271,379.820,221.296,54.597,96.207,144.632,-23.687
E08000038,Barnsley,2009,228.973,329.0776,460.365,502.466,316.910,190.870,45.480,91.785,114.987,-24.245
E08000038,Barnsley,2010,230.066,329.0776,465.798,541.609,371.052,183.182,49.322,92.076,111.243,-24.286
E08000038,Barnsley,2011,231.865,329.0776,453.161,476.715,333.298,165.869,43.868,90.103,110.117,-24.977
E08000038,Barnsley,2012,233.259,329.0776,444.030,506.951,365.982,199.011,49.752,91.081,89.645,-24.613
E08000038,Barnsley,2013,234.875,329.0776,442.028,497.486,405.878,193.870,51.411,89.707,54.581,-25.758
E08000038,Barnsley,2014,236.421,329.0776,448.801,426.437,360.660,166.306,44.484,89.559,44.941,-26.263
E08000038,Barnsley,2015,238.242,329.0776,457.033,418.230,347.840,144.405,40.755,88.089,54.527,-28.053
E08000038,Barnsley,2016,240.061,329.0776,469.469,390.918,329.722,124.391,33.757,85.606,56.548,-26.937
E08000038,Barnsley,2017,241.287,329.0776,479.269,377.184,312.491,102.066,34.707,85.342,59.523,-27.604
E08000038,Barnsley,2018,242.36,329.0776,489.821,373.065,309.693,116.917,32.635,82.648,64.024,-27.308
E08000038,Barnsley,2019,243.558,329.0776,485.779,366.922,284.751,115.047,26.713,83.126,67.611,-27.581
E08000038,Barnsley,2020,244.201,329.0776,415.097,354.515,251.288,116.619,25.072,78.957,50.117,-27.838
E08000038,Barnsley,2021,244.887,329.0776,420.988,357.782,292.244,129.973,28.616,79.253,48.476,-27.056
E08000038,Barnsley,2022,246.737,329.0776,422.676,298.189,312.580,109.119,25.901,78.714,76.170,-26.346
E08000038,Barnsley,2023,249.144,329.0776,414.088,282.859,267.844,93.233,23.045,80.403,43.776,-27.461
E08000038,Barnsley,2024,251.77,329.0776,427.094,283.437,244.007,93.506,23.810,79.595,39.479,-27.217
E08000039,Sheffield,2005,525.721,367.9302,788.775,1333.186,832.388,829.265,262.698,58.205,248.730,-19.841
E08000039,Sheffield,2006,527.629,367.9302,766.955,1314.679,696.231,821.219,248.253,57.303,246.834,-21.396
E08000039,Sheffield,2007,529.905,367.9302,769.063,1252.888,670.897,794.139,236.543,52.512,189.798,-22.316
E08000039,Sheffield,2008,534.035,367.9302,749.623,1248.160,684.336,809.638,239.373,51.970,343.100,-23.426
E08000039,Sheffield,2009,538.385,367.9302,729.215,1137.642,557.417,670.462,198.250,51.561,250.267,-24.490
E08000039,Sheffield,2010,544.613,367.9302,725.712,1214.496,620.990,701.700,215.103,50.361,264.471,-24.931
E08000039,Sheffield,2011,551.756,367.9302,714.287,1062.479,597.958,663.108,198.341,47.426,281.521,-25.709
E08000039,Sheffield,2012,553.842,367.9302,704.167,1135.754,625.502,680.791,207.340,47.848,350.714,-25.074
E08000039,Sheffield,2013,555.253,367.9302,698.990,1111.708,697.856,658.312,202.524,46.046,326.451,-27.298
E08000039,Sheffield,2014,554.805,367.9302,709.262,943.890,657.450,589.976,185.376,44.458,279.040,-27.899
E08000039,Sheffield,2015,555.074,367.9302,709.207,917.671,544.990,473.361,149.262,43.451,259.021,-29.392
E08000039,Sheffield,2016,556.599,367.9302,733.372,849.881,481.963,406.468,123.053,43.049,209.242,-28.490
E08000039,Sheffield,2017,555.675,367.9302,733.883,814.598,515.136,332.868,127.839,42.938,195.309,-29.577
E08000039,Sheffield,2018,556.771,367.9302,739.915,801.712,473.747,366.065,112.826,40.099,221.362,-28.988
E08000039,Sheffield,2019,556.399,367.9302,726.227,791.651,459.907,306.321,106.609,39.934,245.922,-29.072
E08000039,Sheffield,2020,555.036,367.9302,613.428,764.340,352.832,245.739,118.074,37.752,197.190,-29.753
E08000039,Sheffield,2021,555.035,367.9302,614.712,775.324,316.392,276.393,120.026,37.850,184.145,-28.801
E08000039,Sheffield,2022,565.987,367.9302,611.682,655.994,311.085,252.788,117.223,36.203,249.140,-27.794
E08000039,Sheffield,2023,575.586,367.9302,608.453,620.034,293.263,221.714,106.912,34.792,268.418,-28.910
E08000039,Sheffield,2024,582.493,367.9302,606.703,620.963,281.979,198.304,111.577,33.134,263.987,-28.571
E09000001,City of London,2005,7.131,3.1496,87.383,21.096,107.899,1474.218,90.258,1.488,0.640,0.260
E09000001,City of London,2006,7.254,3.1496,85.672,21.098,107.434,1599.931,92.347,1.552,0.762,0.263
E09000001,City of London,2007,7.607,3.1496,84.347,21.190,107.555,1498.287,88.000,1.479,0.661,0.260
E09000001,City of London,2008,7.429,3.1496,76.239,22.046,94.735,1518.485,90.384,1.509,0.804,0.250
E09000001,City of London,2009,7.472,3.1496,71.876,20.351,82.074,1333.316,82.419,1.348,2.194,0.245
E09000001,City of London,2010,7.338,3.1496,71.028,21.860,92.260,1474.216,89.694,1.467,2.347,0.243
E09000001,City of London,2011,7.412,3.1496,70.713,19.597,82.367,1252.974,75.405,1.230,17.991,0.241
E09000001,City of London,2012,7.514,3.1496,67.980,21.324,86.143,1386.213,81.798,1.356,79.336,0.240
E09000001,City of London,2013,7.537,3.1496,67.170,20.652,81.022,1268.844,77.657,1.310,16.059,0.256
E09000001,City of London,2014,7.567,3.1496,67.625,17.856,72.138,1048.867,67.682,1.085,3.196,0.237
E09000001,City of London,2015,7.668,3.1496,66.437,16.317,69.875,898.326,63.633,1.025,2.812,0.227
E09000001,City of London,2016,7.737,3.1496,65.023,14.264,62.406,752.323,34.634,0.790,5.479,0.235
E09000001,City of London,2017,7.877,3.1496,63.037,13.017,95.738,590.355,65.221,1.313,7.435,0.231
E09000001,City of London,2018,8.165,3.1496,61.668,12.512,57.926,655.389,28.378,0.396,23.771,0.240
E09000001,City of London,2019,8.765,3.1496,55.160,11.962,62.968,568.478,25.954,0.443,85.857,0.234
E09000001,City of London,2020,8.331,3.1496,42.860,10.854,50.370,445.826,21.892,0.411,114.665,0.243
E09000001,City of London,2021,8.689,3.1496,43.811,11.546,48.112,480.338,22.929,0.350,70.750,0.239
E09000001,City of London,2022,11.615,3.1496,37.990,10.700,37.105,471.745,23.152,0.576,29.643,0.241
E09000001,City of London,2023,13.606,3.1496,35.551,9.335,36.029,403.283,22.060,0.400,187.152,0.238
E09000001,City of London,2024,15.111,3.1496,33.430,8.950,113.679,360.364,18.977,0.414,7.623,0.237
E09000002,Barking and Dagenham,2005,166.275,37.7992,201.357,364.387,147.019,238.955,44.634,1.607,284.201,2.997
E09000002,Barking and Dagenham,2006,167.157,37.7992,205.408,362.212,144.630,244.379,42.496,1.543,280.298,2.993
E09000002,Barking and Dagenham,2007,169.031,37.7992,199.852,350.940,150.465,243.204,41.605,1.376,304.141,2.912
E09000002,Barking and Dagenham,2008,172.452,37.7992,178.334,348.554,139.420,234.359,39.862,1.344,294.356,2.818
E09000002,Barking and Dagenham,2009,177.58,37.7992,183.294,314.353,120.853,204.264,35.552,1.268,346.842,2.727
E09000002,Barking and Dagenham,2010,182.838,37.7992,201.528,338.816,137.459,222.430,38.743,1.477,322.466,2.675
E09000002,Barking and Dagenham,2011,187.029,37.7992,200.901,300.073,117.429,198.009,35.397,1.386,400.428,2.571
E09000002,Barking and Dagenham,2012,191.453,37.7992,195.223,318.360,123.957,212.164,37.234,1.533,292.010,2.429
E09000002,Barking and Dagenham,2013,196.204,37.7992,198.106,308.293,123.081,191.263,34.217,1.423,253.386,2.388
E09000002,Barking and Dagenham,2014,201.244,37.7992,203.159,261.229,94.916,159.690,30.760,1.259,260.457,2.362
E09000002,Barking and Dagenham,2015,206.45,37.7992,205.185,251.891,93.306,134.609,26.741,1.410,215.623,2.278
E09000002,Barking and Dagenham,2016,211.047,37.7992,212.516,237.898,77.697,110.283,22.075,1.354,272.282,2.269
E09000002,Barking and Dagenham,2017,214.017,37.7992,208.920,223.979,79.773,95.837,23.541,1.163,260.005,2.304
E09000002,Barking and Dagenham,2018,216.298,37.7992,210.882,219.560,60.510,101.139,19.856,0.976,290.611,2.380
E09000002,Barking and Dagenham,2019,218.828,37.7992,201.388,211.226,63.086,89.497,19.615,1.040,362.985,2.278
E09000002,Barking and Dagenham,2020,219.227,37.7992,176.824,208.647,59.447,74.768,17.816,1.012,309.304,2.340
E09000002,Barking and Dagenham,2021,218.714,37.7992,166.393,214.481,63.606,87.512,19.351,0.963,312.866,2.327
E09000002,Barking and Dagenham,2022,220.392,37.7992,163.688,187.862,59.372,87.902,17.603,0.864,216.092,2.376
E09000002,Barking and Dagenham,2023,226.301,37.7992,152.447,172.569,60.628,79.492,17.021,0.897,295.942,2.349
E09000002,Barking and Dagenham,2024,232.747,37.7992,152.851,175.851,55.987,73.613,18.358,0.858,293.171,2.342
E09000003,Barnet,2005,327.541,86.7483,477.271,902.144,134.613,311.732,141.696,6.089,54.716,2.802
E09000003,Barnet,2006,330.801,86.7483,472.161,903.707,136.143,321.515,139.669,6.320,53.541,2.599
E09000003,Barnet,2007,334.837,86.7483,463.243,878.294,146.039,300.281,129.538,4.046,68.460,2.447
E09000003,Barnet,2008,339.212,86.7483,452.053,884.661,117.152,308.298,130.610,6.332,80.195,2.277
E09000003,Barnet,2009,345.829,86.7483,437.674,808.131,101.351,277.958,117.441,5.768,255.687,2.025
E09000003,Barnet,2010,351.438,86.7483,489.494,870.299,113.381,290.715,124.637,6.028,187.510,1.887
E09000003,Barnet,2011,357.538,86.7483,463.172,765.855,101.366,263.703,111.147,5.622,174.724,1.638
E09000003,Barnet,2012,363.26,86.7483,469.452,826.127,107.719,275.299,117.234,5.598,177.853,1.593
E09000003,Barnet,2013,368.611,86.7483,471.021,811.861,101.265,260.597,113.247,5.434,172.581,1.384
E09000003,Barnet,2014,373.853,86.7483,472.802,682.652,89.019,231.533,104.028,4.703,147.806,1.292
E09000003,Barnet,2015,377.826,86.7483,470.142,665.857,95.293,202.811,91.916,4.643,112.248,1.094
E09000003,Barnet,2016,382.925,86.7483,477.699,631.529,93.848,176.507,72.493,4.256,123.735,1.179
E09000003,Barnet,2017,384.117,86.7483,486.013,590.693,102.589,142.229,82.868,3.790,141.901,1.045
E09000003,Barnet,2018,387.574,86.7483,481.652,583.955,89.049,172.582,66.596,3.287,119.698,0.969
E09000003,Barnet,2019,390.59,86.7483,470.587,561.362,94.980,151.485,57.322,3.278,133.000,0.862
E09000003,Barnet,2020,391.046,86.7483,388.730,553.804,89.496,138.665,67.774,3.202,111.387,0.837
E09000003,Barnet,2021,388.955,86.7483,390.199,570.106,96.007,152.527,61.142,3.623,135.163,0.859
E09000003,Barnet,2022,390.371,86.7483,367.447,500.316,85.068,145.884,53.777,3.896,102.890,0.948
E09000003,Barnet,2023,398.191,86.7483,354.296,457.585,89.996,129.491,49.043,2.994,46.912,0.740
E09000003,Barnet,2024,405.05,86.7483,343.546,467.039,55.232,123.889,51.216,2.792,28.979,0.701
E09000004,Bexley,2005,222.391,64.2865,287.858,555.634,214.838,208.293,54.262,2.470,147.770,2.585
E09000004,Bexley,2006,223.28,64.2865,275.875,550.286,204.719,216.406,54.632,2.478,151.488,2.485
E09000004,Bexley,2007,224.625,64.2865,270.726,531.433,186.316,205.725,50.990,1.929,158.131,2.223
E09000004,Bexley,2008,226.652,64.2865,253.851,534.293,181.888,205.417,50.568,2.003,157.855,2.109
E09000004,Bexley,2009,228.146,64.2865,248.679,485.920,164.551,178.441,44.429,1.813,175.774,1.916
E09000004,Bexley,2010,230.711,64.2865,279.644,521.200,182.234,185.360,47.125,2.319,198.625,1.746
E09000004,Bexley,2011,232.774,64.2865,269.968,456.242,173.909,169.246,43.595,2.100,132.989,1.623
E09000004,Bexley,2012,234.435,64.2865,270.115,492.057,180.548,185.993,46.960,2.272,139.291,1.534
E09000004,Bexley,2013,236.169,64.2865,263.825,479.087,177.949,174.930,44.864,1.992,127.730,1.302
E09000004,Bexley,2014,239.112,64.2865,267.543,404.486,160.955,157.945,41.312,1.679,146.897,1.323
E09000004,Bexley,2015,241.427,64.2865,269.796,391.121,149.720,135.045,35.453,1.745,161.112,1.217
E09000004,Bexley,2016,244.006,64.2865,282.675,368.737,141.511,117.969,28.800,1.661,141.563,1.213
E09000004,Bexley,2017,244.494,64.2865,282.530,344.337,138.947,112.166,29.933,1.719,132.121,1.167
E09000004,Bexley,2018,245.244,64.2865,279.781,338.411,112.765,89.224,23.640,1.555,134.341,1.205
E09000004,Bexley,2019,246.622,64.2865,274.794,322.483,121.715,96.939,24.512,1.567,126.833,1.234
E09000004,Bexley,2020,246.924,64.2865,234.699,319.758,102.247,90.813,24.738,1.533,127.647,1.251
E09000004,Bexley,2021,246.637,64.2865,220.386,323.902,138.824,92.976,29.117,1.160,132.150,1.294
E09000004,Bexley,2022,247.875,64.2865,210.293,277.765,130.693,95.867,25.900,1.335,140.160,1.430
E09000004,Bexley,2023,252.124,64.2865,200.464,256.492,126.378,83.801,22.611,1.407,140.999,1.321
E09000004,Bexley,2024,256.434,64.2865,193.313,260.489,119.143,79.579,21.880,1.448,154.515,1.340
E09000005,Brent,2005,270.939,43.2325,319.758,643.056,230.837,339.912,87.997,0.488,110.839,3.609
E09000005,Brent,2006,276.504,43.2325,308.476,639.824,221.064,327.066,82.534,0.476,108.373,3.494
E09000005,Brent,2007,283.273,43.2325,301.073,625.401,231.075,344.332,83.458,0.402,108.914,3.447
E09000005,Brent,2008,290.901,43.2325,277.512,628.172,218.026,375.918,88.992,0.483,155.772,3.431
E09000005,Brent,2009,298.118,43.2325,269.142,572.980,193.212,329.420,78.608,0.474,326.489,3.302
E09000005,Brent,2010,304.785,43.2325,277.744,612.686,191.868,281.238,74.003,0.451,289.610,3.162
E09000005,Brent,2011,312.245,43.2325,267.868,535.426,172.926,250.108,66.405,0.412,236.018,3.116
E09000005,Brent,2012,317.984,43.2325,269.381,575.792,212.679,355.649,86.740,0.486,259.862,3.016
E09000005,Brent,2013,324.345,43.2325,261.306,566.759,208.529,332.962,84.758,0.469,258.924,2.869
E09000005,Brent,2014,329.981,43.2325,264.926,478.260,170.745,245.141,67.464,0.347,213.539,2.747
E09000005,Brent,2015,335.605,43.2325,259.217,466.617,161.381,190.878,57.553,0.374,203.189,2.747
E09000005,Brent,2016,339.524,43.2325,265.686,443.067,131.466,181.076,66.947,0.347,193.160,2.672
E09000005,Brent,2017,342.439,43.2325,263.597,413.265,141.500,145.021,101.043,0.347,210.347,2.626
E09000005,Brent,2018,345.558,43.2325,266.237,408.614,124.028,184.976,93.102,0.321,162.907,2.665
E09000005,Brent,2019,347.424,43.2325,261.465,394.134,121.696,171.976,84.912,0.325,113.525,2.582
E09000005,Brent,2020,343.988,43.2325,228.042,387.162,111.775,157.197,77.960,0.369,116.542,2.533
E09000005,Brent,2021,339.248,43.2325,252.744,400.974,119.476,177.459,87.854,0.379,91.108,2.478
E09000005,Brent,2022,341.505,43.2325,233.011,353.881,108.237,165.955,76.680,0.520,89.837,2.484
E09000005,Brent,2023,348.751,43.2325,227.554,322.571,122.628,136.591,62.776,0.453,105.536,2.422
E09000005,Brent,2024,352.976,43.2325,217.330,327.668,104.706,140.479,58.895,0.375,91.079,2.387
E09000006,Bromley,2005,299.421,150.1348,422.204,843.345,55.461,261.884,94.085,12.524,74.851,-6.295
E09000006,Bromley,2006,300.963,150.1348,409.369,839.666,56.331,295.510,102.636,11.238,73.447,-6.835
E09000006,Bromley,2007,302.625,150.1348,399.435,813.464,52.846,260.755,88.855,10.244,73.990,-7.119
E09000006,Bromley,2008,304.968,150.1348,373.707,821.727,47.311,254.113,86.163,9.919,67.713,-7.513
E09000006,Bromley,2009,306.924,150.1348,361.395,749.919,41.847,234.093,78.459,9.083,127.283,-7.758
E09000006,Bromley,2010,308.56,150.1348,361.856,804.640,45.121,237.374,81.305,9.782,162.124,-7.935
E09000006,Bromley,2011,310.554,150.1348,352.948,706.371,43.124,217.068,73.301,8.983,91.486,-8.323
E09000006,Bromley,2012,314.663,150.1348,351.192,764.445,44.000,234.086,79.582,9.951,83.134,-8.327
E09000006,Bromley,2013,318.582,150.1348,349.645,751.251,42.389,219.244,77.118,9.920,72.314,-8.855
E09000006,Bromley,2014,321.8,150.1348,351.792,631.205,39.112,189.272,67.606,8.664,85.613,-8.984
E09000006,Bromley,2015,325.653,150.1348,354.739,617.647,35.917,166.815,60.681,10.243,79.884,-9.345
E09000006,Bromley,2016,327.701,150.1348,365.437,583.505,32.880,144.094,51.019,9.395,67.579,-8.842
E09000006,Bromley,2017,329.134,150.1348,363.095,546.411,31.833,118.540,54.056,9.689,53.612,-9.230
E09000006,Bromley,2018,330.367,150.1348,362.083,539.886,27.953,131.813,45.838,8.548,49.610,-9.051
E09000006,Bromley,2019,331.192,150.1348,356.884,517.561,27.030,119.286,40.336,8.385,31.647,-9.041
E09000006,Bromley,2020,331.247,150.1348,293.375,513.627,23.662,104.346,38.599,8.043,24.640,-9.201
E09000006,Bromley,2021,329.899,150.1348,336.793,520.094,26.902,114.496,43.638,7.306,17.109,-8.865
E09000006,Bromley,2022,329.93,150.1348,324.254,445.808,23.649,101.778,39.369,6.902,17.164,-8.540
E09000006,Bromley,2023,332.482,150.1348,309.304,411.697,22.007,86.877,38.903,7.510,26.157,-9.154
E09000006,Bromley,2024,335.319,150.1348,301.879,421.020,28.661,81.912,42.665,7.955,31.470,-9.115
E09000007,Camden,2005,211.088,21.7895,231.581,443.584,306.829,772.362,309.416,2.664,42.753,0.531
E09000007,Camden,2006,211.032,21.7895,227.378,441.320,311.029,866.597,328.832,2.745,41.647,0.510
E09000007,Camden,2007,211.52,21.7895,223.789,431.230,337.230,837.599,313.283,2.402,46.469,0.469
E09000007,Camden,2008,210.273,21.7895,210.807,436.572,261.841,807.777,313.952,2.711,56.784,0.402
E09000007,Camden,2009,212.924,21.7895,210.182,403.764,225.856,721.220,283.020,2.439,39.838,0.342
E09000007,Camden,2010,214.725,21.7895,201.416,430.678,253.514,758.327,299.957,2.564,11.477,0.301
E09000007,Camden,2011,220.087,21.7895,194.908,380.871,227.845,694.282,274.082,2.317,14.468,0.275
E09000007,Camden,2012,219.647,21.7895,185.289,408.471,240.935,754.173,298.333,2.514,13.970,0.268
E09000007,Camden,2013,221.348,21.7895,182.039,399.191,226.396,709.786,293.618,2.634,9.784,0.229
E09000007,Camden,2014,221.095,21.7895,179.611,336.657,197.499,601.731,248.732,2.129,17.805,0.213
E09000007,Camden,2015,221.032,21.7895,178.174,320.400,218.646,537.265,228.839,2.125,17.268,0.170
E09000007,Camden,2016,221.024,21.7895,178.523,299.793,220.996,473.151,210.917,2.266,14.533,0.194
E09000007,Camden,2017,218.833,21.7895,175.283,278.400,264.866,372.767,215.164,2.510,10.853,0.187
E09000007,Camden,2018,217.915,21.7895,166.216,272.605,225.577,455.214,170.271,1.714,10.817,0.223
E09000007,Camden,2019,217.136,21.7895,153.339,258.789,207.637,412.761,161.823,2.271,11.551,0.210
E09000007,Camden,2020,214.768,21.7895,126.729,251.813,197.240,362.335,141.163,2.081,11.798,0.192
E09000007,Camden,2021,210.968,21.7895,148.729,260.684,204.999,409.945,156.916,2.360,8.811,0.215
E09000007,Camden,2022,217.352,21.7895,140.479,231.240,181.198,387.093,147.088,2.656,12.274,0.251
E09000007,Camden,2023,217.235,21.7895,133.438,209.648,196.045,339.005,132.497,1.754,12.097,0.177
E09000007,Camden,2024,216.943,21.7895,128.768,212.280,195.326,317.078,139.162,2.000,17.347,0.159
E09000008,Croydon,2005,339.052,86.4943,435.426,866.231,90.007,393.926,147.159,3.716,50.777,-0.455
E09000008,Croydon,2006,340.449,86.4943,420.815,860.357,89.460,390.439,126.780,3.555,49.759,-0.634
E09000008,Croydon,2007,344.029,86.4943,416.140,837.206,89.671,370.327,114.117,3.390,24.203,-0.649
E09000008,Croydon,2008,349.308,86.4943,378.053,847.574,81.029,371.724,113.973,3.549,8.453,-0.820
E09000008,Croydon,2009,352.763,86.4943,363.662,766.147,70.839,331.251,102.790,3.201,74.181,-0.984
E09000008,Croydon,2010,357.951,86.4943,357.698,820.795,76.136,343.438,109.598,3.421,143.515,-1.132
E09000008,Croydon,2011,364.815,86.4943,350.069,727.589,70.016,310.587,96.753,2.897,63.010,-1.288
E09000008,Croydon,2012,369.617,86.4943,347.889,784.232,74.198,336.784,104.218,3.158,81.893,-1.417
E09000008,Croydon,2013,374.27,86.4943,347.811,770.076,68.955,306.329,98.540,3.193,32.072,-1.629
E09000008,Croydon,2014,378.244,86.4943,347.348,649.681,59.587,251.123,84.093,2.622,41.087,-1.714
E09000008,Croydon,2015,381.277,86.4943,347.662,632.747,58.070,219.977,75.930,2.838,42.238,-2.011
E09000008,Croydon,2016,384.382,86.4943,360.374,597.464,50.398,184.535,69.309,2.789,51.610,-1.875
E09000008,Croydon,2017,385.567,86.4943,358.784,558.558,62.994,149.605,79.590,2.680,46.081,-2.063
E09000008,Croydon,2018,386.999,86.4943,362.105,552.611,52.890,176.602,66.608,2.266,41.892,-1.969
E09000008,Croydon,2019,390.643,86.4943,353.364,533.624,56.225,159.366,61.421,2.281,25.640,-2.096
E09000008,Croydon,2020,392.101,86.4943,302.807,528.884,48.750,138.261,57.605,2.183,38.453,-2.237
E09000008,Croydon,2021,390.691,86.4943,338.079,541.631,54.751,156.577,63.692,3.049,32.008,-2.102
E09000008,Croydon,2022,393.547,86.4943,321.190,470.420,42.704,153.342,61.290,2.396,49.168,-1.929
E09000008,Croydon,2023,402.217,86.4943,309.496,431.179,39.644,125.562,55.538,2.253,42.429,-2.247
E09000008,Croydon,2024,409.342,86.4943,300.217,438.157,34.661,115.026,54.123,2.411,45.524,-2.258
E09000009,Ealing,2005,312.774,55.5447,439.572,713.739,320.270,333.586,85.552,2.213,127.555,4.053
E09000009,Ealing,2006,315.329,55.5447,425.602,707.409,334.210,360.431,88.114,2.172,125.393,4.023
E09000009,Ealing,2007,318.671,55.5447,402.402,689.146,349.966,373.341,87.244,2.113,124.566,3.970
E09000009,Ealing,2008,324.022,55.5447,379.676,695.326,317.553,369.304,86.630,2.124,175.586,3.865
E09000009,Ealing,2009,329.966,55.5447,370.297,632.983,282.836,335.436,78.789,2.151,74.082,3.698
E09000009,Ealing,2010,334.073,55.5447,366.506,678.735,300.248,339.496,83.874,2.210,29.225,3.605
E09000009,Ealing,2011,339.314,55.5447,360.262,594.045,283.993,326.488,79.345,2.133,43.003,3.479
E09000009,Ealing,2012,344.834,55.5447,347.636,639.318,309.545,362.668,86.628,2.310,61.038,3.349
E09000009,Ealing,2013,350.65,55.5447,359.853,628.706,301.398,352.370,85.660,2.304,55.999,3.212
E09000009,Ealing,2014,354.66,55.5447,351.666,527.953,263.460,301.611,76.830,1.911,81.170,3.126
E09000009,Ealing,2015,359.144,55.5447,352.352,510.532,243.685,251.371,65.886,1.941,86.078,2.946
E09000009,Ealing,2016,362.163,55.5447,353.513,483.581,213.431,215.054,54.721,1.852,75.672,2.887
E09000009,Ealing,2017,362.67,55.5447,360.818,452.567,234.031,177.626,58.050,1.919,82.755,2.841
E09000009,Ealing,2018,364.208,55.5447,357.778,449.335,197.536,208.416,50.944,1.787,68.078,2.916
E09000009,Ealing,2019,367.284,55.5447,343.263,431.522,188.084,180.273,47.161,1.727,69.483,2.891
E09000009,Ealing,2020,367.936,55.5447,299.181,423.988,170.270,154.814,44.341,1.764,54.493,2.932
E09000009,Ealing,2021,366.762,55.5447,332.494,436.587,184.537,181.454,48.597,2.688,43.927,2.887
E09000009,Ealing,2022,370.315,55.5447,317.246,383.715,167.874,188.841,43.519,2.384,76.696,2.925
E09000009,Ealing,2023,379.203,55.5447,299.575,350.505,159.639,167.618,38.509,1.371,109.201,2.856
E09000009,Ealing,2024,385.985,55.5447,287.746,357.091,135.487,148.680,39.675,1.361,88.884,2.829
E09000010,Enfield,2005,284.779,82.2002,471.973,707.099,195.960,247.921,89.669,6.050,94.267,2.262
E09000010,Enfield,2006,287.429,82.2002,469.474,701.886,225.853,342.380,109.028,6.128,94.872,2.107
E09000010,Enfield,2007,291.534,82.2002,467.168,684.865,227.521,348.513,109.747,6.043,108.037,1.997
E09000010,Enfield,2008,297.443,82.2002,442.988,684.021,186.167,253.893,86.768,5.926,117.588,1.920
E09000010,Enfield,2009,301.971,82.2002,440.552,619.829,158.763,217.020,75.021,5.411,160.681,1.801
E09000010,Enfield,2010,307.648,82.2002,473.358,663.206,168.706,224.212,78.469,5.387,137.620,1.654
E09000010,Enfield,2011,313.935,82.2002,448.097,581.662,155.349,197.842,71.445,4.997,111.386,1.567
E09000010,Enfield,2012,317.78,82.2002,471.809,626.139,160.418,220.750,75.471,5.402,124.378,1.590
E09000010,Enfield,2013,321.754,82.2002,467.782,611.262,162.420,214.102,75.282,5.490,70.967,1.364
E09000010,Enfield,2014,326.34,82.2002,476.473,513.744,145.228,185.075,66.221,4.745,89.181,1.208
E09000010,Enfield,2015,330.868,82.2002,490.825,497.273,136.299,158.268,58.314,5.008,112.045,1.124
E09000010,Enfield,2016,333.295,82.2002,499.629,468.473,120.501,134.059,53.273,4.754,111.075,1.201
E09000010,Enfield,2017,333.077,82.2002,510.746,439.235,120.956,109.962,55.978,4.843,84.687,1.084
E09000010,Enfield,2018,334,82.2002,509.639,432.577,108.494,129.089,47.430,4.306,89.033,1.182
E09000010,Enfield,2019,335.151,82.2002,488.799,414.047,110.124,118.338,45.192,4.676,81.920,1.102
E09000010,Enfield,2020,333.149,82.2002,418.932,410.907,101.741,104.232,41.997,4.497,142.607,1.056
E09000010,Enfield,2021,329.876,82.2002,419.264,420.302,104.879,117.990,44.483,4.528,193.950,1.116
E09000010,Enfield,2022,326.867,82.2002,419.363,366.301,96.292,117.376,42.735,4.160,211.589,1.265
E09000010,Enfield,2023,328.014,82.2002,408.153,333.368,87.767,97.479,38.510,3.511,229.529,1.056
E09000010,Enfield,2024,327.434,82.2002,393.054,339.954,108.327,91.268,37.756,3.466,127.259,1.031
E09000011,Greenwich,2005,230.494,50.4418,372.173,519.259,181.223,246.474,126.009,0.892,65.685,1.816
E09000011,Greenwich,2006,233.99,50.4418,357.253,515.063,181.277,255.743,125.378,0.857,63.904,1.687
E09000011,Greenwich,2007,236.535,50.4418,350.054,498.723,191.762,245.985,120.110,0.783,59.704,1.560
E09000011,Greenwich,2008,239.748,50.4418,322.436,501.672,166.556,264.443,130.869,0.849,59.764,1.465
E09000011,Greenwich,2009,243.672,50.4418,312.803,457.215,146.412,239.543,122.073,0.805,87.927,1.368
E09000011,Greenwich,2010,249.171,50.4418,309.300,489.658,164.595,256.887,134.461,0.889,102.339,1.207
E09000011,Greenwich,2011,255.483,50.4418,307.638,430.894,141.317,217.069,113.739,0.771,118.043,1.097
E09000011,Greenwich,2012,260.36,50.4418,299.862,462.214,145.125,223.916,105.861,0.791,84.098,0.964
E09000011,Greenwich,2013,264.036,50.4418,297.068,449.479,127.935,191.476,81.724,0.722,80.157,0.844
E09000011,Greenwich,2014,268.305,50.4418,292.024,381.251,132.500,219.936,115.085,0.746,90.461,0.825
E09000011,Greenwich,2015,274.23,50.4418,292.904,368.645,121.491,153.840,67.716,0.664,120.887,0.715
E09000011,Greenwich,2016,278.768,50.4418,298.067,347.920,112.492,150.996,55.944,0.642,120.786,0.660
E09000011,Greenwich,2017,282.376,50.4418,303.120,327.270,123.103,121.268,60.025,0.673,115.370,0.574
E09000011,Greenwich,2018,285.773,50.4418,304.384,323.693,109.175,147.631,54.918,0.563,37.700,0.567
E09000011,Greenwich,2019,288.205,50.4418,295.650,310.943,109.512,131.382,48.958,0.530,22.226,0.612
E09000011,Greenwich,2020,288.384,50.4418,252.701,307.843,103.214,118.642,46.647,0.521,41.670,0.547
E09000011,Greenwich,2021,289.537,50.4418,285.910,315.030,104.508,143.728,50.248,0.535,183.558,0.552
E09000011,Greenwich,2022,292.381,50.4418,272.916,273.355,89.551,131.775,45.122,0.492,106.225,6.868
E09000011,Greenwich,2023,296.42,50.4418,267.170,250.762,94.125,125.249,40.541,0.480,61.951,0.499
E09000011,Greenwich,2024,299.528,50.4418,259.185,253.896,59.120,118.810,40.978,0.577,21.348,0.490
E09000012,Hackney,2005,216.512,19.0492,201.984,444.988,116.511,217.757,82.506,0.395,44.479,1.395
E09000012,Hackney,2006,220.193,19.0492,202.078,439.318,119.015,228.931,84.119,0.384,43.294,1.394
E09000012,Hackney,2007,224.48,19.0492,197.209,430.440,130.543,219.971,79.591,0.355,49.119,1.391
E09000012,Hackney,2008,231.041,19.0492,185.716,435.313,100.919,221.371,78.832,0.368,62.173,1.335
E09000012,Hackney,2009,236.622,19.0492,179.437,397.765,87.030,198.939,70.799,0.315,73.094,1.311
E09000012,Hackney,2010,241.739,19.0492,178.747,427.961,98.266,215.901,77.523,0.320,36.026,1.256
E09000012,Hackney,2011,247.182,19.0492,169.101,380.158,88.085,210.222,75.025,0.291,14.906,1.187
E09000012,Hackney,2012,251.193,19.0492,165.411,405.974,97.880,260.435,91.816,0.342,14.638,1.149
E09000012,Hackney,2013,255.646,19.0492,159.644,396.763,91.759,250.802,90.108,0.390,15.409,1.125
E09000012,Hackney,2014,258.735,19.0492,157.301,335.580,79.359,215.273,78.150,0.293,22.162,1.087
E09000012,Hackney,2015,261.929,19.0492,157.621,320.687,88.213,197.773,71.683,0.326,16.613,1.037
E09000012,Hackney,2016,264.892,19.0492,161.282,302.041,86.894,166.138,60.028,0.314,22.680,1.040
E09000012,Hackney,2017,264.834,19.0492,157.280,281.363,95.250,135.130,73.254,0.344,26.549,1.026
E09000012,Hackney,2018,266.21,19.0492,152.993,277.846,80.000,156.742,60.551,0.260,16.076,1.040
E09000012,Hackney,2019,265.825,19.0492,145.109,266.227,80.064,149.481,49.135,0.248,17.905,0.972
E09000012,Hackney,2020,263.782,19.0492,125.763,261.369,76.203,127.579,45.023,0.290,12.233,0.975
E09000012,Hackney,2021,260.082,19.0492,125.749,268.578,75.598,144.829,49.409,0.231,7.834,0.951
E09000012,Hackney,2022,261.814,19.0492,114.889,235.249,72.516,140.745,39.067,0.560,8.825,0.944
E09000012,Hackney,2023,265.411,19.0492,112.620,214.877,80.003,123.226,39.098,0.544,11.805,0.909
E09000012,Hackney,2024,266.758,19.0492,106.639,217.524,77.194,118.447,36.831,0.323,13.757,0.887
E09000013,Hammersmith and Fulham,2005,173.292,17.1541,211.623,394.200,136.288,392.533,118.518,0.551,11.701,1.503
E09000013,Hammersmith and Fulham,2006,174.675,17.1541,211.697,388.301,128.436,421.374,122.439,0.586,11.891,1.508
E09000013,Hammersmith and Fulham,2007,176.472,17.1541,206.859,377.614,141.384,412.718,115.954,0.532,9.361,1.479
E09000013,Hammersmith and Fulham,2008,177.088,17.1541,188.537,384.014,109.151,413.027,121.092,0.539,11.192,1.462
E09000013,Hammersmith and Fulham,2009,180.116,17.1541,187.259,351.585,96.506,393.493,113.122,0.485,33.971,1.419
E09000013,Hammersmith and Fulham,2010,180.842,17.1541,182.347,376.239,108.596,408.511,123.186,0.488,11.007,1.385
E09000013,Hammersmith and Fulham,2011,182.445,17.1541,173.991,328.661,96.886,374.117,110.635,0.440,10.091,1.359
E09000013,Hammersmith and Fulham,2012,184.439,17.1541,164.643,353.405,104.047,396.996,118.809,0.485,10.570,1.345
E09000013,Hammersmith and Fulham,2013,186.056,17.1541,166.672,345.976,96.589,368.430,111.855,0.504,9.211,1.306
E09000013,Hammersmith and Fulham,2014,186.659,17.1541,163.324,292.159,84.730,309.418,93.901,0.370,15.155,1.239
E09000013,Hammersmith and Fulham,2015,187.246,17.1541,162.595,279.972,93.067,271.257,88.364,0.365,15.365,1.198
E09000013,Hammersmith and Fulham,2016,187.472,17.1541,167.571,264.538,89.088,231.251,77.009,0.308,16.577,1.158
E09000013,Hammersmith and Fulham,2017,187.72,17.1541,163.420,248.259,98.428,202.837,82.979,0.413,14.902,1.153
E09000013,Hammersmith and Fulham,2018,189.037,17.1541,163.813,244.495,81.221,234.917,70.503,0.234,11.110,1.146
E09000013,Hammersmith and Fulham,2019,188.562,17.1541,153.466,233.250,82.080,197.069,65.520,0.211,12.102,1.080
E09000013,Hammersmith and Fulham,2020,186.555,17.1541,124.812,227.956,79.660,166.021,64.316,0.186,12.015,1.044
E09000013,Hammersmith and Fulham,2021,183.31,17.1541,130.426,235.271,81.314,187.287,69.105,0.166,7.110,1.012
E09000013,Hammersmith and Fulham,2022,185.822,17.1541,126.535,206.528,71.051,183.099,63.000,0.407,8.383,0.995
E09000013,Hammersmith and Fulham,2023,187.479,17.1541,121.319,187.545,78.259,156.288,59.250,0.314,10.175,0.969
E09000013,Hammersmith and Fulham,2024,188.687,17.1541,115.685,190.412,63.769,153.665,54.026,0.343,13.314,0.947
E09000014,Haringey,2005,229.271,29.5983,241.727,563.766,123.327,205.057,57.962,0.875,38.507,1.581
E09000014,Haringey,2006,233.174,29.5983,236.281,558.385,126.375,217.157,57.680,0.820,37.678,1.536
E09000014,Haringey,2007,236.793,29.5983,230.385,539.854,130.375,191.212,51.411,0.693,48.339,1.526
E09000014,Haringey,2008,244.459,29.5983,212.935,539.314,113.505,223.617,55.088,0.825,58.004,1.530
E09000014,Haringey,2009,249.805,29.5983,204.798,486.995,98.297,201.868,50.082,0.715,46.187,1.490
E09000014,Haringey,2010,252.742,29.5983,201.221,522.132,107.595,207.736,52.459,0.687,13.245,1.448
E09000014,Haringey,2011,255.54,29.5983,195.285,457.320,95.942,187.750,47.303,0.637,14.810,1.460
E09000014,Haringey,2012,259.312,29.5983,192.959,486.401,102.541,204.606,51.292,0.689,14.737,1.368
E09000014,Haringey,2013,265.054,29.5983,190.458,476.980,95.895,191.068,49.667,0.758,12.850,1.352
E09000014,Haringey,2014,268.901,29.5983,189.422,399.750,83.914,169.281,44.975,0.607,17.721,1.265
E09000014,Haringey,2015,272.938,29.5983,189.124,388.673,88.749,150.254,39.719,0.635,17.698,1.192
E09000014,Haringey,2016,276.262,29.5983,193.669,367.637,85.608,138.589,32.020,0.616,14.855,1.198
E09000014,Haringey,2017,274.463,29.5983,189.692,343.090,89.441,114.348,37.719,0.583,18.264,1.175
E09000014,Haringey,2018,274.24,29.5983,186.252,338.750,76.751,131.131,31.976,0.571,9.775,1.253
E09000014,Haringey,2019,273.716,29.5983,178.983,323.651,77.423,123.170,25.628,0.566,11.143,1.253
E09000014,Haringey,2020,269.534,29.5983,151.483,319.634,72.561,113.788,24.446,0.552,12.729,1.203
E09000014,Haringey,2021,264.317,29.5983,151.094,327.551,74.828,128.309,27.194,0.541,8.649,1.205
E09000014,Haringey,2022,262.078,29.5983,141.116,286.526,66.424,127.597,25.135,0.810,9.199,1.240
E09000014,Haringey,2023,263.362,29.5983,135.299,260.405,69.663,108.752,21.421,0.637,12.210,1.180
E09000014,Haringey,2024,263.85,29.5983,129.672,266.130,56.120,102.395,20.699,0.388,15.522,1.162
E09000015,Harrow,2005,221.109,50.4634,205.391,557.570,92.163,161.020,73.649,1.714,88.272,1.251
E09000015,Harrow,2006,223.632,50.4634,198.525,557.272,89.039,157.161,70.432,1.703,85.904,1.169
E09000015,Harrow,2007,226.355,50.4634,193.648,542.323,87.829,153.856,69.010,1.435,85.240,1.041
E09000015,Harrow,2008,229.567,50.4634,182.232,544.392,87.416,154.450,70.956,1.674,121.135,0.949
E09000015,Harrow,2009,233.495,50.4634,174.339,496.736,74.125,136.010,60.708,1.687,44.202,0.750
E09000015,Harrow,2010,237.451,50.4634,212.665,536.492,77.852,136.510,62.263,1.671,16.572,0.662
E09000015,Harrow,2011,240.499,50.4634,209.687,469.961,65.968,123.792,53.226,1.574,14.516,0.618
E09000015,Harrow,2012,243.8,50.4634,212.713,505.316,72.583,133.168,59.075,1.665,12.022,0.611
E09000015,Harrow,2013,247.018,50.4634,207.578,501.937,65.815,121.548,52.652,1.611,9.573,0.439
E09000015,Harrow,2014,251.618,50.4634,208.018,424.012,54.236,104.253,44.431,1.303,17.165,0.368
E09000015,Harrow,2015,255.308,50.4634,207.911,415.765,50.487,87.605,38.008,1.324,16.244,0.240
E09000015,Harrow,2016,257.317,50.4634,215.667,396.447,38.041,71.637,28.142,1.236,13.453,0.237
E09000015,Harrow,2017,257.881,50.4634,217.435,370.928,24.390,63.298,36.426,1.380,11.665,0.160
E09000015,Harrow,2018,259.861,50.4634,219.110,367.904,20.758,72.332,31.924,1.271,11.569,0.136
E09000015,Harrow,2019,262.065,50.4634,216.337,355.350,21.529,64.516,25.983,1.294,11.934,0.099
E09000015,Harrow,2020,262.281,50.4634,175.044,351.001,20.143,57.062,25.783,1.314,13.745,0.021
E09000015,Harrow,2021,261.159,50.4634,155.870,362.058,22.016,66.707,28.612,1.470,8.706,0.029
E09000015,Harrow,2022,261.798,50.4634,149.117,316.326,20.092,59.570,26.024,1.372,13.479,0.077
E09000015,Harrow,2023,266.891,50.4634,143.956,289.257,19.572,52.572,23.448,1.042,15.687,-0.054
E09000015,Harrow,2024,270.724,50.4634,142.786,295.769,21.910,49.278,27.598,1.179,17.909,-0.073
E09000016,Havering,2005,226.99,114.4573,442.645,600.198,87.441,197.699,66.606,9.235,228.279,1.153
E09000016,Havering,2006,228.198,114.4573,452.262,597.773,86.337,203.550,63.607,10.029,223.719,1.011
E09000016,Havering,2007,229.789,114.4573,438.184,578.537,78.910,189.847,58.255,8.441,232.638,0.744
E09000016,Havering,2008,231.793,114.4573,417.794,579.383,74.246,190.995,57.045,9.359,196.240,0.274
E09000016,Havering,2009,234.127,114.4573,412.976,524.300,64.571,171.538,51.653,8.818,192.220,0.082
E09000016,Havering,2010,236.234,114.4573,408.153,564.493,75.467,202.345,60.929,9.237,143.995,-0.042
E09000016,Havering,2011,237.927,114.4573,415.137,492.195,65.324,165.269,50.783,8.692,147.696,-0.205
E09000016,Havering,2012,239.946,114.4573,406.893,529.830,69.280,178.413,55.654,9.473,84.140,-0.313
E09000016,Havering,2013,242.55,114.4573,411.545,517.205,69.301,170.752,53.768,8.988,84.824,-0.552
E09000016,Havering,2014,246.771,114.4573,421.836,435.418,61.286,144.427,46.591,8.235,121.651,-0.707
E09000016,Havering,2015,250.449,114.4573,429.882,423.411,55.094,123.728,41.767,9.049,213.579,-0.940
E09000016,Havering,2016,254.487,114.4573,448.908,398.539,52.616,103.882,34.867,8.625,131.092,-0.817
E09000016,Havering,2017,257.429,114.4573,456.963,373.012,58.397,84.213,36.438,8.335,122.725,-0.973
E09000016,Havering,2018,259.229,114.4573,463.192,368.214,52.980,97.724,31.654,7.390,123.545,-0.700
E09000016,Havering,2019,261.296,114.4573,449.597,352.357,50.701,85.623,26.935,7.664,174.237,-0.785
E09000016,Havering,2020,261.906,114.4573,411.562,349.885,49.260,75.420,24.917,7.724,146.307,-0.814
E09000016,Havering,2021,262.086,114.4573,436.872,354.889,54.970,82.365,27.503,7.021,133.207,-0.683
E09000016,Havering,2022,264.786,114.4573,420.075,304.375,53.590,76.486,23.870,6.470,65.707,-0.406
E09000016,Havering,2023,270.305,114.4573,405.554,279.758,48.234,64.850,23.146,5.816,104.746,-0.685
E09000016,Havering,2024,276.274,114.4573,396.454,287.053,44.276,61.003,21.266,5.996,96.474,-0.624
E09000017,Hillingdon,2005,251.43,115.7002,701.997,611.693,195.286,794.641,162.846,11.866,130.479,0.973
E09000017,Hillingdon,2006,254.387,115.7002,681.261,611.815,189.987,804.680,160.216,12.168,129.172,0.904
E09000017,Hillingdon,2007,256.981,115.7002,674.254,594.147,182.846,739.956,147.458,11.917,128.540,0.659
E09000017,Hillingdon,2008,261.051,115.7002,653.780,598.585,187.740,827.935,164.260,11.707,168.869,0.361
E09000017,Hillingdon,2009,265.665,115.7002,646.466,545.492,156.673,692.503,139.677,10.722,302.562,0.063
E09000017,Hillingdon,2010,269.465,115.7002,646.762,585.258,159.143,675.538,138.030,10.613,233.222,-0.135
E09000017,Hillingdon,2011,275.499,115.7002,623.624,515.645,133.579,549.645,108.806,9.701,261.883,-0.401
E09000017,Hillingdon,2012,281.263,115.7002,635.498,556.549,155.535,700.816,134.454,10.491,312.107,-0.428
E09000017,Hillingdon,2013,285.982,115.7002,646.942,548.405,157.917,658.937,127.257,10.228,256.836,-0.862
E09000017,Hillingdon,2014,290.225,115.7002,662.779,462.926,133.354,493.014,98.678,8.694,172.758,-0.839
E09000017,Hillingdon,2015,294.011,115.7002,654.184,448.888,126.421,446.044,86.510,8.969,167.312,-1.080
E09000017,Hillingdon,2016,297.451,115.7002,682.523,426.462,117.052,363.536,74.346,8.505,149.898,-1.033
E09000017,Hillingdon,2017,299.469,115.7002,683.323,398.857,139.686,279.675,94.681,10.375,142.452,-1.201
E09000017,Hillingdon,2018,302.263,115.7002,700.670,394.258,105.285,312.251,64.591,7.430,210.790,-0.987
E09000017,Hillingdon,2019,305.641,115.7002,694.831,381.007,94.448,290.280,59.022,6.599,220.724,-0.930
E09000017,Hillingdon,2020,306.46,115.7002,516.545,374.931,85.103,244.656,56.311,6.227,117.363,-1.104
E09000017,Hillingdon,2021,305.107,115.7002,562.309,385.379,91.261,291.634,59.891,6.450,138.466,-1.007
E09000017,Hillingdon,2022,312.162,115.7002,580.157,337.410,79.757,305.951,54.741,6.240,151.489,-0.761
E09000017,Hillingdon,2023,321.977,115.7002,567.476,308.960,78.971,296.030,50.744,5.116,120.801,-1.096
E09000017,Hillingdon,2024,329.185,115.7002,563.796,316.262,87.449,280.748,56.338,5.707,116.944,-1.074
E09000018,Hounslow,2005,223.776,56.5855,466.070,513.786,98.127,528.422,112.872,2.057,184.934,3.217
E09000018,Hounslow,2006,228.126,56.5855,457.163,513.540,101.638,559.396,114.708,2.021,183.466,3.113
E09000018,Hounslow,2007,233.454,56.5855,439.353,503.369,100.301,544.361,109.382,1.955,184.537,3.085
E09000018,Hounslow,2008,237.907,56.5855,415.450,509.869,85.480,504.549,102.008,1.984,221.376,2.894
E09000018,Hounslow,2009,243.366,56.5855,403.707,463.233,77.969,477.210,90.608,1.801,223.937,2.717
E09000018,Hounslow,2010,249.236,56.5855,393.123,497.576,91.120,526.353,106.684,1.827,180.697,2.640
E09000018,Hounslow,2011,254.927,56.5855,388.642,439.024,92.163,490.470,97.216,1.692,162.307,2.513
E09000018,Hounslow,2012,260.584,56.5855,387.515,472.111,89.562,518.319,103.428,1.847,198.087,2.428
E09000018,Hounslow,2013,265.547,56.5855,381.220,462.315,85.038,484.232,98.352,1.875,277.293,2.269
E09000018,Hounslow,2014,270.773,56.5855,382.366,390.854,79.735,417.574,86.102,1.568,183.785,2.190
E09000018,Hounslow,2015,275.097,56.5855,379.613,376.712,73.732,359.458,76.682,1.695,204.412,2.103
E09000018,Hounslow,2016,278.601,56.5855,389.913,357.287,63.017,306.752,64.710,1.705,210.421,1.990
E09000018,Hounslow,2017,281.117,56.5855,388.279,334.331,72.043,244.861,70.223,1.802,212.095,2.012
E09000018,Hounslow,2018,285.43,56.5855,386.032,330.439,52.388,271.335,56.951,1.533,208.573,2.026
E09000018,Hounslow,2019,289.652,56.5855,383.489,318.047,57.224,230.341,47.107,1.684,203.033,1.923
E09000018,Hounslow,2020,289.773,56.5855,296.975,311.894,52.226,199.030,44.850,1.684,181.618,1.952
E09000018,Hounslow,2021,288.164,56.5855,343.770,321.261,59.110,217.253,46.474,4.974,158.896,1.926
E09000018,Hounslow,2022,289.196,56.5855,339.917,283.483,52.990,220.498,44.176,4.727,163.610,1.963
E09000018,Hounslow,2023,295.221,56.5855,327.761,257.938,47.249,196.569,40.082,1.911,185.451,1.876
E09000018,Hounslow,2024,299.424,56.5855,317.529,262.313,58.731,179.853,40.529,1.712,168.830,1.861
E09000019,Islington,2005,183.477,14.8565,184.674,418.845,130.016,510.269,118.026,1.134,37.806,1.386
E09000019,Islington,2006,185.283,14.8565,180.991,413.313,134.721,547.947,123.561,1.178,36.975,1.420
E09000019,Islington,2007,188.636,14.8565,177.589,404.442,145.840,528.653,117.480,1.109,41.867,1.415
E09000019,Islington,2008,192.089,14.8565,166.138,409.869,117.649,550.059,120.209,1.145,52.312,1.389
E09000019,Islington,2009,196.704,14.8565,161.786,375.018,101.216,493.996,107.974,1.004,49.305,1.345
E09000019,Islington,2010,200.129,14.8565,158.196,400.361,112.349,523.068,115.825,1.054,16.195,1.334
E09000019,Islington,2011,206.285,14.8565,153.700,350.619,98.474,454.460,100.529,0.909,20.787,1.332
E09000019,Islington,2012,208.762,14.8565,151.032,377.608,107.819,512.227,114.052,1.055,11.885,1.300
E09000019,Islington,2013,212.604,14.8565,146.374,367.211,99.359,463.830,105.928,1.067,8.420,1.282
E09000019,Islington,2014,214.986,14.8565,144.292,310.488,86.254,405.277,96.589,0.902,16.387,1.233
E09000019,Islington,2015,218.255,14.8565,142.195,296.863,91.883,347.558,83.495,0.845,17.299,1.229
E09000019,Islington,2016,220.62,14.8565,144.567,278.813,88.336,310.195,67.320,0.743,15.328,1.227
E09000019,Islington,2017,221.535,14.8565,142.008,259.543,98.523,247.657,76.545,0.731,38.705,1.196
E09000019,Islington,2018,221.453,14.8565,138.543,254.300,78.512,276.891,58.414,0.267,28.261,1.152
E09000019,Islington,2019,221.994,14.8565,128.415,243.083,79.132,244.194,50.539,0.184,12.616,1.184
E09000019,Islington,2020,221.018,14.8565,106.477,237.702,73.920,202.342,48.494,0.130,11.198,1.159
E09000019,Islington,2021,217.05,14.8565,108.913,244.592,74.205,228.811,53.764,0.121,8.080,1.132
E09000019,Islington,2022,219.769,14.8565,103.728,212.654,68.789,230.647,46.346,0.428,8.325,1.129
E09000019,Islington,2023,222.333,14.8565,98.533,193.330,75.706,197.235,41.643,0.350,11.175,1.112
E09000019,Islington,2024,223.024,14.8565,93.289,196.676,82.188,187.340,42.088,0.209,12.799,1.098
E09000020,Kensington and Chelsea,2005,168.375,12.3837,204.570,431.354,211.920,629.696,107.330,3.686,10.369,1.138
E09000020,Kensington and Chelsea,2006,165.245,12.3837,201.211,429.027,219.386,662.177,107.856,3.638,10.245,1.137
E09000020,Kensington and Chelsea,2007,162.883,12.3837,192.661,418.597,233.845,635.249,100.115,3.261,7.631,1.131
E09000020,Kensington and Chelsea,2008,162.579,12.3837,179.032,427.062,194.590,641.737,103.086,3.443,10.147,1.140
E09000020,Kensington and Chelsea,2009,161.893,12.3837,177.238,395.165,172.053,592.139,95.556,3.171,30.421,1.108
E09000020,Kensington and Chelsea,2010,160.463,12.3837,175.142,423.853,196.229,681.498,109.585,3.604,8.788,1.095
E09000020,Kensington and Chelsea,2011,158.251,12.3837,171.257,377.357,178.389,646.359,99.057,3.102,8.854,1.056
E09000020,Kensington and Chelsea,2012,157.24,12.3837,162.951,405.591,187.173,647.987,113.026,3.938,7.534,1.029
E09000020,Kensington and Chelsea,2013,156.823,12.3837,159.283,393.314,166.685,561.498,97.700,3.483,6.805,0.981
E09000020,Kensington and Chelsea,2014,156.178,12.3837,158.780,330.012,145.866,508.112,87.986,2.988,12.308,0.938
E09000020,Kensington and Chelsea,2015,156.149,12.3837,156.369,311.075,154.923,464.251,82.128,2.960,13.616,0.935
E09000020,Kensington and Chelsea,2016,152.708,12.3837,159.058,288.912,143.674,395.277,63.931,2.433,8.020,0.943
E09000020,Kensington and Chelsea,2017,149.651,12.3837,156.718,267.283,146.514,311.558,68.073,2.773,7.362,0.931
E09000020,Kensington and Chelsea,2018,148.471,12.3837,154.187,261.501,121.981,328.032,53.202,2.186,8.503,0.907
E09000020,Kensington and Chelsea,2019,146.805,12.3837,145.931,245.572,120.714,298.155,50.499,1.139,10.001,0.849
E09000020,Kensington and Chelsea,2020,144.874,12.3837,121.119,233.186,118.410,250.174,48.332,0.983,7.933,0.832
E09000020,Kensington and Chelsea,2021,144.266,12.3837,127.252,245.295,112.877,291.058,60.730,1.177,5.330,0.813
E09000020,Kensington and Chelsea,2022,146.336,12.3837,123.237,221.907,92.964,287.290,60.058,0.978,9.060,0.812
E09000020,Kensington and Chelsea,2023,146.499,12.3837,121.835,200.314,105.159,252.461,49.179,1.246,7.456,0.794
E09000020,Kensington and Chelsea,2024,144.518,12.3837,116.600,202.282,129.983,240.650,45.682,1.745,8.500,0.783
E09000021,Kingston upon Thames,2005,152.489,37.2612,298.153,384.669,35.924,192.242,59.505,1.595,44.687,1.991
E09000021,Kingston upon Thames,2006,153.667,37.2612,281.402,381.293,35.575,197.366,57.372,1.766,44.628,1.958
E09000021,Kingston upon Thames,2007,154.485,37.2612,281.414,371.268,37.369,193.740,56.603,1.437,31.030,1.902
E09000021,Kingston upon Thames,2008,156.027,37.2612,264.450,374.044,30.819,189.609,56.333,1.517,21.269,1.833
E09000021,Kingston upon Thames,2009,157.307,37.2612,257.216,340.659,26.850,172.596,51.349,1.438,47.322,1.757
E09000021,Kingston upon Thames,2010,158.648,37.2612,268.109,365.579,29.701,175.409,54.762,1.609,63.139,1.695
E09000021,Kingston upon Thames,2011,160.436,37.2612,247.800,321.378,27.678,163.550,47.979,1.441,22.897,1.601
E09000021,Kingston upon Thames,2012,162.562,37.2612,245.711,349.096,28.417,172.463,51.624,1.498,18.430,1.525
E09000021,Kingston upon Thames,2013,164.418,37.2612,241.409,340.940,27.826,165.912,51.116,1.528,25.296,1.422
E09000021,Kingston upon Thames,2014,165.791,37.2612,238.065,286.984,25.573,143.312,44.396,1.316,39.273,1.374
E09000021,Kingston upon Thames,2015,167.594,37.2612,238.007,276.908,25.946,128.779,40.922,1.433,41.478,1.337
E09000021,Kingston upon Thames,2016,168.617,37.2612,245.838,262.208,24.686,111.866,34.576,1.399,33.585,1.464
E09000021,Kingston upon Thames,2017,168.781,37.2612,243.398,244.580,29.351,93.605,40.066,1.506,30.519,1.454
E09000021,Kingston upon Thames,2018,168.729,37.2612,245.071,241.508,24.904,103.948,34.182,1.250,32.459,1.535
E09000021,Kingston upon Thames,2019,169.797,37.2612,240.476,231.389,25.555,89.448,31.168,1.210,27.903,1.542
E09000021,Kingston upon Thames,2020,169.77,37.2612,199.375,228.434,23.962,75.047,31.467,1.173,29.110,1.550
E09000021,Kingston upon Thames,2021,167.992,37.2612,229.478,232.348,26.733,79.396,35.744,1.194,28.819,1.563
E09000021,Kingston upon Thames,2022,169.076,37.2612,215.842,201.573,23.291,77.578,30.018,1.121,30.291,1.623
E09000021,Kingston upon Thames,2023,170.78,37.2612,206.186,184.655,22.969,67.920,27.873,1.349,32.521,1.567
E09000021,Kingston upon Thames,2024,172.692,37.2612,198.113,186.992,28.703,59.878,27.154,1.363,35.512,1.557
E09000022,Lambeth,2005,277.62,27.2494,339.415,626.479,124.820,343.284,186.425,1.046,87.830,2.227
E09000022,Lambeth,2006,280.524,27.2494,328.061,617.242,127.890,363.375,189.417,1.042,88.861,2.224
E09000022,Lambeth,2007,284.964,27.2494,322.224,596.427,139.081,349.904,177.798,0.981,86.318,2.204
E09000022,Lambeth,2008,289.126,27.2494,300.899,602.406,111.400,356.144,181.661,0.998,83.687,2.155
E09000022,Lambeth,2009,294.05,27.2494,288.325,547.170,98.396,339.198,172.566,0.911,60.864,2.092
E09000022,Lambeth,2010,297.65,27.2494,280.742,585.409,109.250,345.969,185.578,0.942,92.029,2.026
E09000022,Lambeth,2011,304.481,27.2494,270.806,516.604,97.501,321.922,171.833,0.852,28.528,1.988
E09000022,Lambeth,2012,310.449,27.2494,260.137,555.391,105.775,343.703,184.092,0.945,34.971,1.945
E09000022,Lambeth,2013,314.375,27.2494,253.405,542.451,99.817,332.459,186.844,1.037,28.662,1.921
E09000022,Lambeth,2014,318.196,27.2494,251.456,455.277,86.123,282.380,159.583,0.809,44.044,1.852
E09000022,Lambeth,2015,322.881,27.2494,249.231,437.053,92.770,255.633,151.793,0.852,38.763,1.831
E09000022,Lambeth,2016,326.613,27.2494,258.376,414.315,93.640,225.376,126.145,0.669,35.407,1.758
E09000022,Lambeth,2017,327.227,27.2494,260.858,387.225,100.696,178.363,122.705,0.717,30.020,1.719
E09000022,Lambeth,2018,328.923,27.2494,254.941,382.352,89.396,197.634,106.246,0.656,29.553,1.713
E09000022,Lambeth,2019,329.513,27.2494,240.384,366.837,100.437,185.202,103.733,0.690,16.776,1.656
E09000022,Lambeth,2020,325.527,27.2494,203.306,361.880,95.699,157.354,101.894,0.675,17.098,1.638
E09000022,Lambeth,2021,317.691,27.2494,210.496,368.691,101.814,186.993,115.060,0.626,9.711,1.591
E09000022,Lambeth,2022,317.657,27.2494,201.817,317.754,85.051,173.582,102.425,0.872,11.003,1.574
E09000022,Lambeth,2023,318.738,27.2494,190.711,290.667,89.982,152.198,97.591,0.840,16.105,1.528
E09000022,Lambeth,2024,316.92,27.2494,179.550,294.080,68.192,144.992,97.238,0.406,16.654,1.496
E09000023,Lewisham,2005,254.93,35.3167,337.770,600.396,60.118,220.177,89.490,0.411,71.852,2.484
E09000023,Lewisham,2006,257.976,35.3167,327.108,589.900,61.231,223.263,86.363,0.339,69.785,2.457
E09000023,Lewisham,2007,261.188,35.3167,321.007,571.799,65.870,215.816,81.521,0.326,65.218,2.433
E09000023,Lewisham,2008,266.508,35.3167,301.071,574.745,54.644,184.983,71.940,0.311,65.573,2.346
E09000023,Lewisham,2009,270.418,35.3167,290.520,521.757,47.423,169.392,65.322,0.298,139.789,2.320
E09000023,Lewisham,2010,272.525,35.3167,285.471,555.948,50.485,176.823,69.241,0.295,134.280,2.238
E09000023,Lewisham,2011,276.938,35.3167,277.625,490.745,45.642,160.850,65.284,0.260,43.512,2.246
E09000023,Lewisham,2012,281.011,35.3167,272.714,527.196,49.347,167.749,66.395,0.294,78.438,2.183
E09000023,Lewisham,2013,286.056,35.3167,265.171,513.597,44.272,155.211,62.820,0.276,59.087,2.073
E09000023,Lewisham,2014,291.086,35.3167,264.466,433.500,39.600,134.456,56.046,0.224,115.750,2.050
E09000023,Lewisham,2015,295.364,35.3167,265.900,419.718,41.087,129.434,58.004,0.285,191.523,1.951
E09000023,Lewisham,2016,298.809,35.3167,278.915,397.897,40.850,104.287,49.678,0.287,260.810,1.897
E09000023,Lewisham,2017,300.924,35.3167,279.167,372.600,44.462,93.961,43.168,0.314,213.763,1.815
E09000023,Lewisham,2018,303.127,35.3167,276.690,367.507,39.100,108.418,36.126,0.226,125.606,1.863
E09000023,Lewisham,2019,305.906,35.3167,266.596,353.238,40.845,101.140,33.995,0.318,150.879,1.799
E09000023,Lewisham,2020,304.169,35.3167,224.916,348.772,39.264,86.687,28.690,0.347,53.627,1.785
E09000023,Lewisham,2021,300.013,35.3167,215.752,356.008,41.499,99.503,30.782,0.352,18.172,1.746
E09000023,Lewisham,2022,299.164,35.3167,199.486,308.278,36.604,98.646,29.388,0.577,18.311,1.749
E09000023,Lewisham,2023,300.225,35.3167,187.136,282.789,38.788,89.137,26.849,0.463,23.445,1.687
E09000023,Lewisham,2024,301.255,35.3167,179.442,286.586,29.954,87.332,26.487,0.582,25.348,1.656
E09000024,Merton,2005,190.583,37.6248,224.137,455.004,55.630,219.787,43.702,1.513,39.273,0.528
E09000024,Merton,2006,192.52,37.6248,214.111,451.145,54.044,215.995,41.979,1.476,39.757,0.463
E09000024,Merton,2007,194.26,37.6248,211.217,437.514,52.500,203.133,38.826,1.284,26.500,0.468
E09000024,Merton,2008,195.859,37.6248,197.010,443.608,58.764,277.835,45.954,1.378,17.042,0.462
E09000024,Merton,2009,198.136,37.6248,189.202,404.466,51.061,249.852,41.240,1.268,52.123,0.320
E09000024,Merton,2010,199.136,37.6248,186.011,434.389,55.598,262.334,44.227,1.397,72.478,0.260
E09000024,Merton,2011,200.543,37.6248,178.233,383.050,50.594,235.523,39.148,1.195,33.313,0.200
E09000024,Merton,2012,205.166,37.6248,176.406,412.742,52.013,246.755,41.039,1.285,36.769,0.107
E09000024,Merton,2013,208.529,37.6248,173.219,405.929,51.359,245.385,41.399,1.344,35.845,-0.006
E09000024,Merton,2014,211.025,37.6248,170.267,342.719,44.831,204.668,36.168,1.137,61.584,-0.090
E09000024,Merton,2015,213.791,37.6248,169.133,331.895,42.119,178.432,32.059,1.209,56.465,-0.174
E09000024,Merton,2016,215.514,37.6248,173.620,314.518,37.405,157.364,26.512,1.092,70.325,-0.111
E09000024,Merton,2017,215.431,37.6248,172.878,295.199,39.857,130.230,29.566,1.176,78.564,-0.188
E09000024,Merton,2018,216.171,37.6248,172.549,290.779,34.085,145.670,24.137,0.742,78.588,-0.053
E09000024,Merton,2019,217.219,37.6248,168.144,280.415,35.282,130.173,21.878,0.607,68.081,-0.120
E09000024,Merton,2020,217.101,37.6248,139.044,276.992,34.344,108.669,21.250,0.698,65.314,-0.182
E09000024,Merton,2021,215.426,37.6248,162.684,282.394,36.837,124.445,22.979,0.733,68.917,-0.163
E09000024,Merton,2022,215.105,37.6248,154.721,246.328,34.941,117.550,20.650,0.717,89.635,-0.130
E09000024,Merton,2023,217.135,37.6248,149.097,225.905,28.440,107.001,19.056,0.619,87.746,-0.247
E09000024,Merton,2024,218.539,37.6248,144.661,227.675,38.138,91.634,17.944,0.790,98.863,-0.274
E09000025,Newham,2005,253.798,38.5781,340.784,494.952,385.059,358.298,79.812,0.354,367.919,3.099
E09000025,Newham,2006,257.994,38.5781,346.027,492.167,400.134,442.275,84.424,0.373,367.064,3.033
E09000025,Newham,2007,266.285,38.5781,342.943,482.659,414.318,435.994,82.254,0.332,401.401,3.073
E09000025,Newham,2008,276.478,38.5781,326.826,487.282,369.767,443.474,82.791,0.342,375.617,3.076
E09000025,Newham,2009,286.447,38.5781,321.260,445.185,353.110,427.766,81.713,0.323,283.110,2.881
E09000025,Newham,2010,299.171,38.5781,307.751,478.396,391.793,461.626,89.876,0.345,343.704,2.809
E09000025,Newham,2011,310.46,38.5781,294.389,426.346,356.341,442.879,84.278,0.307,409.198,2.759
E09000025,Newham,2012,313.75,38.5781,294.012,454.095,346.628,467.783,79.617,0.352,446.379,2.702
E09000025,Newham,2013,316.952,38.5781,282.526,442.404,344.578,469.550,81.281,0.328,353.958,2.698
E09000025,Newham,2014,322.984,38.5781,295.869,377.286,284.773,392.753,67.829,0.267,298.699,2.601
E09000025,Newham,2015,330.322,38.5781,300.654,363.670,300.019,348.662,63.762,0.273,260.965,2.530
E09000025,Newham,2016,335.337,38.5781,309.084,343.162,294.316,313.634,43.065,0.280,224.763,2.487
E09000025,Newham,2017,338.333,38.5781,316.125,321.953,351.540,201.938,48.088,0.292,253.122,2.490
E09000025,Newham,2018,344.57,38.5781,312.948,318.784,281.596,242.923,41.407,0.244,237.817,2.508
E09000025,Newham,2019,349.786,38.5781,294.443,306.615,263.232,231.967,40.590,0.273,216.641,2.428
E09000025,Newham,2020,350.025,38.5781,241.630,302.366,241.038,197.309,37.946,0.219,220.298,2.419
E09000025,Newham,2021,351.256,38.5781,228.664,313.292,250.387,227.478,43.343,0.231,190.177,2.384
E09000025,Newham,2022,357.327,38.5781,230.642,276.132,239.282,253.715,41.383,0.375,166.384,2.404
E09000025,Newham,2023,368.194,38.5781,225.025,251.851,266.836,192.759,35.265,0.262,177.627,2.371
E09000025,Newham,2024,374.523,38.5781,215.881,256.248,194.837,182.279,42.466,0.297,193.156,2.354
E09000026,Redbridge,2005,251.56,56.4421,324.553,597.383,64.789,149.649,89.039,1.649,225.476,1.604
E09000026,Redbridge,2006,255.59,56.4421,324.203,592.289,59.091,150.702,86.486,1.952,218.132,1.456
E09000026,Redbridge,2007,259.965,56.4421,319.811,575.149,60.705,145.327,82.083,1.477,230.494,1.331
E09000026,Redbridge,2008,265.452,56.4421,286.840,587.220,49.809,141.934,79.911,1.560,193.629,1.182
E09000026,Redbridge,2009,270.435,56.4421,284.386,538.383,44.706,129.931,74.118,1.485,64.828,1.050
E09000026,Redbridge,2010,275.088,56.4421,315.298,578.623,48.872,131.136,75.284,1.602,23.702,0.978
E09000026,Redbridge,2011,281.395,56.4421,329.711,508.531,45.787,119.670,66.510,1.359,18.969,0.850
E09000026,Redbridge,2012,285.437,56.4421,324.714,547.267,48.317,128.570,73.399,1.677,15.149,0.746
E09000026,Redbridge,2013,289.976,56.4421,314.763,535.787,47.896,119.181,69.255,1.592,11.973,0.619
E09000026,Redbridge,2014,295.837,56.4421,318.352,452.558,43.545,102.514,60.864,1.389,23.185,0.517
E09000026,Redbridge,2015,301.022,56.4421,316.467,438.716,43.301,89.781,55.012,1.552,24.447,0.395
E09000026,Redbridge,2016,304.369,56.4421,325.609,416.505,42.136,75.191,46.706,1.479,16.818,0.487
E09000026,Redbridge,2017,305.937,56.4421,324.674,390.895,47.109,63.096,49.022,1.494,9.723,0.400
E09000026,Redbridge,2018,308.841,56.4421,329.341,386.851,41.672,74.252,43.168,1.298,11.204,0.782
E09000026,Redbridge,2019,311.78,56.4421,312.526,371.110,41.336,70.055,35.724,1.397,12.747,0.911
E09000026,Redbridge,2020,311.75,56.4421,271.343,368.538,37.909,60.007,33.691,1.433,13.868,0.829
E09000026,Redbridge,2021,310.13,56.4421,264.014,377.574,40.628,70.042,37.123,1.446,10.046,0.905
E09000026,Redbridge,2022,311.629,56.4421,258.388,329.172,38.885,64.295,33.492,1.787,11.095,1.030
E09000026,Redbridge,2023,316.556,56.4421,240.035,302.556,38.161,54.738,30.999,1.648,26.488,0.902
E09000026,Redbridge,2024,321.231,56.4421,230.309,309.244,27.568,53.042,28.328,1.461,26.446,0.898
E09000027,Richmond upon Thames,2005,181.508,58.7614,266.197,498.329,78.039,221.516,66.436,2.402,97.836,-1.389
E09000027,Richmond upon Thames,2006,182.52,58.7614,256.306,495.694,79.844,226.203,65.418,2.637,95.139,-1.528
E09000027,Richmond upon Thames,2007,182.421,58.7614,251.461,479.880,82.189,220.568,62.829,2.168,79.784,-1.564
E09000027,Richmond upon Thames,2008,182.927,58.7614,232.926,486.668,72.688,213.087,60.127,2.230,99.409,-1.701
E09000027,Richmond upon Thames,2009,184.394,58.7614,223.883,445.165,62.403,186.605,53.538,1.994,36.750,-1.818
E09000027,Richmond upon Thames,2010,186.304,58.7614,218.374,480.026,67.136,189.728,55.101,2.043,54.334,-1.964
E09000027,Richmond upon Thames,2011,187.527,58.7614,210.918,420.846,58.336,163.877,47.478,1.741,14.888,-2.043
E09000027,Richmond upon Thames,2012,189.934,58.7614,213.094,455.807,63.699,182.193,52.637,1.942,17.834,-2.105
E09000027,Richmond upon Thames,2013,192.375,58.7614,208.331,447.526,61.745,174.887,52.713,2.112,13.948,-2.282
E09000027,Richmond upon Thames,2014,194.492,58.7614,206.730,376.655,53.432,145.983,44.375,1.588,22.504,-2.351
E09000027,Richmond upon Thames,2015,194.966,58.7614,205.929,361.972,49.687,126.366,37.900,1.777,18.010,-2.431
E09000027,Richmond upon Thames,2016,196.293,58.7614,210.475,344.877,40.206,111.205,31.734,1.717,16.749,-2.370
E09000027,Richmond upon Thames,2017,196.849,58.7614,210.423,321.742,42.032,90.967,35.815,1.835,11.457,-2.512
E09000027,Richmond upon Thames,2018,197.119,58.7614,206.820,317.533,35.589,103.235,29.561,1.696,14.248,-2.460
E09000027,Richmond upon Thames,2019,198.185,58.7614,203.232,303.748,34.861,88.713,25.933,1.586,9.254,-2.533
E09000027,Richmond upon Thames,2020,197.797,58.7614,168.209,299.908,32.126,76.507,25.455,1.653,10.391,-2.592
E09000027,Richmond upon Thames,2021,195.315,58.7614,196.871,305.152,26.146,95.657,27.004,2.205,8.144,-2.519
E09000027,Richmond upon Thames,2022,195.295,58.7614,190.227,264.307,20.095,92.686,24.369,1.995,8.549,-2.425
E09000027,Richmond upon Thames,2023,196.061,58.7614,183.961,240.260,21.720,84.149,21.768,1.629,10.847,-2.618
E09000027,Richmond upon Thames,2024,196.678,58.7614,176.517,246.066,36.653,77.704,21.638,1.375,12.991,-2.615
E09000028,Southwark,2005,261.811,29.9133,339.261,529.699,198.431,754.816,177.950,1.089,74.342,1.379
E09000028,Southwark,2006,267.553,29.9133,329.635,524.232,198.423,779.836,171.205,0.977,72.122,1.351
E09000028,Southwark,2007,272.626,29.9133,330.458,515.959,214.372,747.841,164.612,0.965,67.809,1.336
E09000028,Southwark,2008,276.973,29.9133,304.136,516.765,173.802,742.411,167.358,0.958,67.937,1.360
E09000028,Southwark,2009,281.12,29.9133,297.145,473.084,149.877,633.520,149.874,0.851,132.464,1.293
E09000028,Southwark,2010,283.777,29.9133,289.875,504.453,167.539,665.176,162.438,0.849,163.410,1.277
E09000028,Southwark,2011,288.717,29.9133,279.901,450.447,146.325,586.390,138.152,0.707,95.455,1.276
E09000028,Southwark,2012,293.078,29.9133,267.104,481.212,160.458,678.824,159.764,0.842,153.899,1.246
E09000028,Southwark,2013,297.868,29.9133,259.829,463.061,151.120,621.659,156.315,0.894,119.354,1.203
E09000028,Southwark,2014,299.685,29.9133,256.922,392.201,130.631,535.185,133.052,0.690,117.151,1.199
E09000028,Southwark,2015,304.048,29.9133,254.336,371.132,146.914,489.356,130.098,0.803,122.151,1.142
E09000028,Southwark,2016,306.72,29.9133,257.606,347.287,138.783,436.443,109.321,0.768,104.785,1.081
E09000028,Southwark,2017,307.64,29.9133,257.817,322.961,155.101,348.857,131.735,0.837,48.550,1.047
E09000028,Southwark,2018,310.492,29.9133,253.533,316.909,123.984,379.046,100.193,0.624,31.811,1.048
E09000028,Southwark,2019,312.591,29.9133,238.828,302.643,132.536,302.068,100.668,0.530,24.012,1.055
E09000028,Southwark,2020,312.055,29.9133,202.338,296.018,117.491,235.271,95.684,0.494,15.468,1.036
E09000028,Southwark,2021,306.762,29.9133,206.566,304.199,118.796,278.452,101.497,0.443,271.238,1.012
E09000028,Southwark,2022,309.327,29.9133,195.128,266.158,111.660,273.504,84.073,0.438,239.884,1.017
E09000028,Southwark,2023,313.485,29.9133,186.101,241.557,119.186,231.755,76.182,0.412,17.866,0.956
E09000028,Southwark,2024,314.786,29.9133,175.761,242.111,82.287,221.000,77.443,0.300,22.726,0.936
E09000029,Sutton,2005,182.103,43.8471,232.367,457.221,60.846,162.071,49.339,1.864,54.644,2.763
E09000029,Sutton,2006,182.882,43.8471,222.457,457.837,60.992,166.893,49.034,1.895,55.203,2.662
E09000029,Sutton,2007,184.174,43.8471,220.912,446.195,60.087,162.202,46.100,1.698,43.315,2.651
E09000029,Sutton,2008,185.86,43.8471,196.980,450.794,57.759,171.395,46.268,1.770,34.586,2.570
E09000029,Sutton,2009,188.167,43.8471,192.941,410.178,53.425,168.764,43.535,1.643,66.162,2.482
E09000029,Sutton,2010,189.321,43.8471,185.489,436.429,59.519,180.796,46.195,1.616,121.985,2.413
E09000029,Sutton,2011,191.123,43.8471,179.933,386.670,51.539,154.436,39.908,1.397,71.097,2.296
E09000029,Sutton,2012,193.982,43.8471,177.767,417.908,56.951,177.981,44.538,1.548,59.339,2.341
E09000029,Sutton,2013,196.678,43.8471,175.769,407.563,56.641,164.321,42.421,1.646,54.765,2.258
E09000029,Sutton,2014,199.144,43.8471,175.888,343.288,51.012,141.080,37.011,1.264,64.876,2.186
E09000029,Sutton,2015,201.208,43.8471,176.134,331.723,47.717,122.170,33.880,1.434,61.925,2.150
E09000029,Sutton,2016,203.299,43.8471,183.470,311.637,40.628,105.529,28.353,1.386,64.061,2.131
E09000029,Sutton,2017,204.824,43.8471,183.790,291.111,50.106,85.994,30.190,1.405,69.335,2.155
E09000029,Sutton,2018,206.286,43.8471,184.560,286.207,44.261,97.498,26.642,1.204,63.236,2.174
E09000029,Sutton,2019,208.516,43.8471,183.946,274.030,62.150,64.747,25.466,1.205,57.501,2.123
E09000029,Sutton,2020,209.921,43.8471,157.829,270.882,58.932,60.588,26.684,1.265,59.912,2.074
E09000029,Sutton,2021,209.617,43.8471,179.781,275.723,60.196,68.229,27.544,1.349,61.128,2.058
E09000029,Sutton,2022,210.369,43.8471,175.960,238.024,54.253,67.221,25.471,1.136,62.537,2.091
E09000029,Sutton,2023,212.336,43.8471,169.226,217.828,48.636,60.977,22.161,1.146,67.342,2.026
E09000029,Sutton,2024,214.525,43.8471,162.863,220.503,42.282,60.813,25.535,1.356,69.555,1.990
E09000030,Tower Hamlets,2005,213.382,21.575,353.383,383.232,266.531,1158.990,136.543,0.688,10.483,1.622
E09000030,Tower Hamlets,2006,218.4,21.575,355.361,386.692,288.332,1459.611,158.264,0.774,10.719,1.665
E09000030,Tower Hamlets,2007,225.251,21.575,350.040,384.864,308.283,1445.933,151.003,0.724,6.650,1.626
E09000030,Tower Hamlets,2008,231.893,21.575,324.269,393.325,259.514,1495.693,158.662,0.769,10.846,1.598
E09000030,Tower Hamlets,2009,240.495,21.575,318.427,364.142,222.313,1286.694,137.966,0.663,131.605,1.575
E09000030,Tower Hamlets,2010,248.52,21.575,316.547,389.614,247.805,1382.283,150.317,0.721,73.953,1.519
E09000030,Tower Hamlets,2011,256.012,21.575,300.909,351.281,214.416,1147.976,130.093,0.623,149.095,1.508
E09000030,Tower Hamlets,2012,261.936,21.575,289.008,380.578,231.407,1276.585,143.120,0.701,58.217,1.464
E09000030,Tower Hamlets,2013,270.294,21.575,287.329,364.589,214.283,1165.562,136.026,0.701,42.340,1.451
E09000030,Tower Hamlets,2014,277.06,21.575,284.556,312.068,183.285,946.755,113.682,0.561,29.851,1.425
E09000030,Tower Hamlets,2015,282.674,21.575,274.516,293.045,199.560,893.915,110.993,0.584,43.943,1.386
E09000030,Tower Hamlets,2016,289.011,21.575,283.606,271.432,192.127,739.499,93.251,0.474,60.987,1.361
E09000030,Tower Hamlets,2017,293.526,21.575,286.581,251.339,237.329,579.127,105.165,0.446,24.032,1.324
E09000030,Tower Hamlets,2018,300.05,21.575,284.498,246.177,178.913,625.900,82.064,0.353,25.824,1.357
E09000030,Tower Hamlets,2019,305.066,21.575,265.952,235.509,183.317,553.979,70.949,0.335,26.577,1.330
E09000030,Tower Hamlets,2020,306.78,21.575,226.868,230.304,167.213,465.208,66.681,0.278,26.592,1.284
E09000030,Tower Hamlets,2021,312.715,21.575,228.172,240.846,161.750,518.501,79.250,0.223,13.478,1.259
E09000030,Tower Hamlets,2022,324.881,21.575,216.703,214.533,125.893,511.612,70.379,0.479,11.703,1.259
E09000030,Tower Hamlets,2023,329.143,21.575,206.577,194.764,136.497,430.879,64.773,0.556,16.373,1.230
E09000030,Tower Hamlets,2024,331.886,21.575,198.737,194.142,106.414,395.573,75.386,0.544,17.578,1.211
E09000031,Waltham Forest,2005,226.747,38.8078,242.864,521.589,153.315,150.676,63.171,1.215,38.395,0.828
E09000031,Waltham Forest,2006,230.731,38.8078,233.153,515.720,159.969,161.835,66.152,1.222,37.665,0.751
E09000031,Waltham Forest,2007,235.665,38.8078,227.974,501.127,159.522,147.516,57.178,1.036,48.507,0.664
E09000031,Waltham Forest,2008,242.098,38.8078,209.299,506.867,147.433,165.767,60.690,1.067,57.954,0.605
E09000031,Waltham Forest,2009,248.14,38.8078,206.111,460.004,125.313,140.065,52.793,0.992,104.249,0.526
E09000031,Waltham Forest,2010,254.009,38.8078,233.137,491.691,139.274,149.431,59.086,1.125,58.187,0.472
E09000031,Waltham Forest,2011,259.742,38.8078,220.872,434.997,122.136,131.827,50.821,0.983,69.654,0.360
E09000031,Waltham Forest,2012,263.575,38.8078,225.089,467.027,129.720,136.194,54.844,1.085,33.450,0.207
E09000031,Waltham Forest,2013,267.963,38.8078,226.261,456.907,122.789,128.031,52.389,1.089,41.487,4.068
E09000031,Waltham Forest,2014,270.606,38.8078,234.604,385.771,105.516,109.755,45.379,0.941,27.710,0.055
E09000031,Waltham Forest,2015,274.579,38.8078,225.528,373.834,106.771,96.050,40.519,0.967,26.876,-0.022
E09000031,Waltham Forest,2016,277.081,38.8078,233.158,353.537,98.105,84.756,34.611,0.967,38.930,-0.071
E09000031,Waltham Forest,2017,278.105,38.8078,232.718,330.102,100.572,70.920,35.148,0.977,70.547,-0.182
E09000031,Waltham Forest,2018,279.795,38.8078,231.406,326.662,90.045,82.232,33.733,0.951,70.703,-0.183
E09000031,Waltham Forest,2019,281.015,38.8078,219.271,312.982,86.571,72.218,31.457,0.907,104.082,-0.228
E09000031,Waltham Forest,2020,279.527,38.8078,191.848,308.416,79.439,62.080,27.320,0.810,27.061,-0.219
E09000031,Waltham Forest,2021,278.147,38.8078,185.394,314.669,72.100,85.076,31.030,0.721,19.552,-0.201
E09000031,Waltham Forest,2022,275.847,38.8078,174.233,272.167,61.827,80.881,30.041,1.123,12.978,-0.162
E09000031,Waltham Forest,2023,278.506,38.8078,171.681,248.590,63.277,72.323,28.022,0.754,14.282,-0.283
E09000031,Waltham Forest,2024,279.737,38.8078,165.482,254.028,45.729,68.090,30.144,0.948,19.072,-0.296
E09000032,Wandsworth,2005,283.229,35.2203,343.469,669.579,121.763,360.479,163.428,1.034,61.088,1.363
E09000032,Wandsworth,2006,287.538,35.2203,295.612,664.263,123.198,370.366,157.426,0.988,61.572,1.333
E09000032,Wandsworth,2007,291.44,35.2203,308.831,647.537,129.290,343.679,141.700,0.894,36.053,1.248
E09000032,Wandsworth,2008,294.305,35.2203,288.088,658.747,100.103,281.137,126.074,0.860,26.151,1.235
E09000032,Wandsworth,2009,299.347,35.2203,271.987,600.134,88.128,257.233,115.940,0.780,88.935,1.178
E09000032,Wandsworth,2010,302.62,35.2203,271.061,642.510,97.582,269.741,126.486,0.827,95.139,1.211
E09000032,Wandsworth,2011,307.71,35.2203,255.456,566.461,86.558,240.231,109.605,0.715,28.182,1.141
E09000032,Wandsworth,2012,312.262,35.2203,252.163,614.629,92.904,257.347,115.850,0.780,30.147,1.043
E09000032,Wandsworth,2013,316.81,35.2203,241.638,598.750,87.786,242.669,116.091,0.803,26.620,0.933
E09000032,Wandsworth,2014,319.898,35.2203,235.815,504.866,76.922,214.944,101.593,0.625,49.922,0.897
E09000032,Wandsworth,2015,322.658,35.2203,237.384,485.563,82.500,188.385,94.610,0.676,46.204,0.839
E09000032,Wandsworth,2016,326.413,35.2203,239.705,459.172,81.222,184.152,90.491,0.537,36.718,0.863
E09000032,Wandsworth,2017,329.493,35.2203,241.307,430.961,89.349,140.448,94.883,0.538,29.292,0.818
E09000032,Wandsworth,2018,331.069,35.2203,235.305,425.260,75.375,167.688,75.761,0.455,26.646,0.846
E09000032,Wandsworth,2019,334.558,35.2203,227.939,406.853,81.306,151.496,74.189,0.384,34.933,0.783
E09000032,Wandsworth,2020,333.678,35.2203,191.830,401.311,77.878,135.970,68.329,0.496,30.226,0.742
E09000032,Wandsworth,2021,328.429,35.2203,187.996,410.523,79.413,154.867,79.241,0.442,20.151,0.744
E09000032,Wandsworth,2022,330.447,35.2203,180.746,357.469,73.486,143.949,72.304,0.460,19.044,0.773
E09000032,Wandsworth,2023,333.859,35.2203,170.910,327.199,77.324,131.647,68.236,0.505,23.089,0.681
E09000032,Wandsworth,2024,337.655,35.2203,164.332,330.417,66.940,129.423,66.983,0.714,26.199,0.654
E09000033,Westminster,2005,223.132,22.0301,428.725,521.422,361.191,2152.765,399.249,7.885,11.321,1.680
E09000033,Westminster,2006,222.829,22.0301,417.095,523.958,368.333,2314.866,412.897,8.104,11.622,1.659
E09000033,Westminster,2007,220.619,22.0301,397.448,513.355,397.840,2217.331,378.021,7.489,7.321,1.626
E09000033,Westminster,2008,218.673,22.0301,364.848,517.442,316.657,2276.205,411.021,8.019,11.061,1.597
E09000033,Westminster,2009,216.98,22.0301,349.813,480.368,271.945,2007.511,356.506,6.719,41.671,1.510
E09000033,Westminster,2010,217.187,22.0301,355.034,514.226,305.218,2111.195,378.246,7.218,12.358,1.502
E09000033,Westminster,2011,219.582,22.0301,348.750,457.569,270.887,1903.322,338.467,6.259,13.076,1.468
E09000033,Westminster,2012,219.539,22.0301,337.450,491.833,288.576,2078.812,368.722,7.027,11.997,1.427
E09000033,Westminster,2013,215.907,22.0301,319.409,472.311,270.050,1965.178,355.192,7.480,9.011,1.350
E09000033,Westminster,2014,214.341,22.0301,321.893,400.044,233.425,1636.642,304.422,5.750,17.761,1.334
E09000033,Westminster,2015,215.876,22.0301,319.049,372.615,256.465,1455.440,265.306,5.626,15.101,1.284
E09000033,Westminster,2016,213.193,22.0301,318.560,344.004,268.834,1244.876,215.150,4.346,14.055,1.261
E09000033,Westminster,2017,210.459,22.0301,310.765,317.710,286.428,1071.989,239.848,4.981,14.474,1.192
E09000033,Westminster,2018,209.868,22.0301,302.143,310.331,235.378,1164.235,193.529,3.464,15.478,1.196
E09000033,Westminster,2019,208.415,22.0301,270.971,292.772,231.560,1000.698,185.252,3.742,12.814,1.159
E09000033,Westminster,2020,205.624,22.0301,215.707,277.601,223.460,777.551,176.630,4.080,17.061,1.169
E09000033,Westminster,2021,205.759,22.0301,226.211,290.981,224.020,923.137,196.290,4.512,9.329,1.155
E09000033,Westminster,2022,209.333,22.0301,214.951,264.943,188.320,935.149,166.577,4.534,9.286,1.174
E09000033,Westminster,2023,210.665,22.0301,204.210,237.829,208.875,804.127,154.900,3.341,11.622,1.144
E09000033,Westminster,2024,209.996,22.0301,194.280,237.173,257.078,768.198,174.733,4.088,13.166,1.134
N09000001,Antrim and Newtownabbey,2005,132.35,728.1864,382.886,360.871,211.693,56.865,34.905,278.466,159.573,38.880
N09000001,Antrim and Newtownabbey,2006,133.216,728.1864,381.458,376.182,227.408,60.075,34.540,271.378,164.784,39.251
N09000001,Antrim and Newtownabbey,2007,134.756,728.1864,385.377,350.644,242.443,64.606,37.105,269.584,169.828,41.618
N09000001,Antrim and Newtownabbey,2008,136.122,728.1864,376.304,365.573,223.241,66.511,39.158,261.637,157.279,42.891
N09000001,Antrim and Newtownabbey,2009,137.422,728.1864,371.586,348.062,191.327,60.912,36.975,254.166,137.044,45.452
N09000001,Antrim and Newtownabbey,2010,138.044,728.1864,366.791,381.113,209.214,67.420,42.432,268.483,113.143,42.523
N09000001,Antrim and Newtownabbey,2011,138.651,728.1864,357.665,329.809,196.179,61.919,40.153,262.043,107.332,38.827
N09000001,Antrim and Newtownabbey,2012,139.397,728.1864,353.208,349.900,189.826,64.678,43.076,267.811,96.517,42.976
N09000001,Antrim and Newtownabbey,2013,140.042,728.1864,346.570,358.521,192.565,64.660,43.183,259.974,94.649,33.464
N09000001,Antrim and Newtownabbey,2014,140.682,728.1864,343.984,323.559,171.253,53.433,34.639,258.626,76.914,33.668
N09000001,Antrim and Newtownabbey,2015,141.364,728.1864,337.793,314.122,152.329,53.765,36.859,266.324,90.697,32.973
N09000001,Antrim and Newtownabbey,2016,142.138,728.1864,343.249,298.861,133.636,44.876,30.921,265.826,91.413,33.813
N09000001,Antrim and Newtownabbey,2017,142.996,728.1864,342.531,285.085,121.145,39.953,28.119,267.552,82.826,30.992
N09000001,Antrim and Newtownabbey,2018,143.952,728.1864,340.064,292.487,111.571,50.214,27.858,260.774,88.596,29.679
N09000001,Antrim and Newtownabbey,2019,145.152,728.1864,328.980,292.926,97.751,38.655,36.233,262.078,86.057,28.593
N09000001,Antrim and Newtownabbey,2020,145.563,728.1864,302.674,288.942,95.490,32.893,26.386,266.645,99.926,25.423
N09000001,Antrim and Newtownabbey,2021,145.852,728.1864,333.824,288.060,108.566,29.123,29.317,278.177,88.852,24.452
N09000001,Antrim and Newtownabbey,2022,146.148,728.1864,329.743,246.339,99.349,30.113,26.620,271.152,93.093,20.525
N09000001,Antrim and Newtownabbey,2023,147.298,728.1864,329.877,243.213,89.065,26.302,29.434,276.596,95.007,23.401
N09000001,Antrim and Newtownabbey,2024,148.1,728.1864,332.929,251.363,89.867,24.834,28.251,276.696,89.786,23.517
N09000002,"Armagh City, Banbridge and Craigavon",2005,183.933,1437.0686,603.340,542.943,333.566,65.263,25.209,741.724,217.311,162.846
N09000002,"Armagh City, Banbridge and Craigavon",2006,187.196,1437.0686,602.864,561.782,351.754,74.444,27.926,747.880,205.701,161.687
N09000002,"Armagh City, Banbridge and Craigavon",2007,190.505,1437.0686,609.711,524.247,370.486,81.536,31.436,742.443,209.301,163.419
N09000002,"Armagh City, Banbridge and Craigavon",2008,193.603,1437.0686,594.832,534.521,373.977,86.026,34.883,739.107,206.264,163.923
N09000002,"Armagh City, Banbridge and Craigavon",2009,196.203,1437.0686,586.676,510.755,325.980,77.730,32.175,725.574,185.654,170.744
N09000002,"Armagh City, Banbridge and Craigavon",2010,198.202,1437.0686,575.863,561.068,353.290,81.859,34.564,729.313,148.278,167.624
N09000002,"Armagh City, Banbridge and Craigavon",2011,200.298,1437.0686,557.781,479.859,347.733,77.724,34.609,722.289,121.861,161.616
N09000002,"Armagh City, Banbridge and Craigavon",2012,202.56,1437.0686,548.665,517.434,325.767,77.327,34.561,750.743,127.926,167.754
N09000002,"Armagh City, Banbridge and Craigavon",2013,204.072,1437.0686,537.348,537.664,348.112,79.736,35.201,747.331,116.484,150.744
N09000002,"Armagh City, Banbridge and Craigavon",2014,206.141,1437.0686,531.734,481.834,325.302,73.788,33.483,761.417,75.822,148.315
N09000002,"Armagh City, Banbridge and Craigavon",2015,208.339,1437.0686,519.482,464.018,307.971,68.339,32.383,787.743,84.804,143.908
N09000002,"Armagh City, Banbridge and Craigavon",2016,210.924,1437.0686,526.385,457.418,259.145,55.309,26.042,805.130,84.792,144.289
N09000002,"Armagh City, Banbridge and Craigavon",2017,212.635,1437.0686,546.047,439.237,248.590,48.558,23.610,820.252,88.047,137.477
N09000002,"Armagh City, Banbridge and Craigavon",2018,214.887,1437.0686,540.414,448.924,241.215,60.673,26.642,806.395,92.855,132.644
N09000002,"Armagh City, Banbridge and Craigavon",2019,217.069,1437.0686,521.763,449.418,216.143,57.042,32.998,803.585,90.655,127.780
N09000002,"Armagh City, Banbridge and Craigavon",2020,218.162,1437.0686,458.161,455.191,214.696,42.870,18.822,797.073,77.010,128.061
N09000002,"Armagh City, Banbridge and Craigavon",2021,219.127,1437.0686,499.762,451.515,214.896,48.758,31.709,830.779,85.810,127.494
N09000002,"Armagh City, Banbridge and Craigavon",2022,220.271,1437.0686,492.033,373.786,223.921,51.318,28.742,796.772,76.638,122.065
N09000002,"Armagh City, Banbridge and Craigavon",2023,221.754,1437.0686,482.855,374.732,201.928,51.140,28.899,809.132,73.356,125.820
N09000002,"Armagh City, Banbridge and Craigavon",2024,222.511,1437.0686,479.628,396.179,191.044,51.408,27.456,819.433,96.380,126.059
N09000003,Belfast,2005,325.483,137.7169,429.017,750.956,436.927,357.257,259.174,18.285,509.407,85.032
N09000003,Belfast,2006,325.985,137.7169,428.936,775.896,467.174,390.023,272.108,18.184,480.111,84.938
N09000003,Belfast,2007,327.383,137.7169,422.327,739.244,482.688,412.392,279.704,17.861,466.324,87.489
N09000003,Belfast,2008,330.052,137.7169,408.753,783.036,462.275,406.680,278.013,17.335,454.312,88.661
N09000003,Belfast,2009,331.763,137.7169,406.996,721.131,404.268,368.284,255.183,16.450,430.353,89.886
N09000003,Belfast,2010,333.489,137.7169,399.865,791.544,416.679,388.923,275.043,16.583,359.623,92.403
N09000003,Belfast,2011,333.895,137.7169,390.128,711.450,392.898,355.258,251.918,16.343,361.857,89.481
N09000003,Belfast,2012,334.322,137.7169,385.763,763.826,389.271,359.843,254.789,16.147,319.123,89.480
N09000003,Belfast,2013,335.881,137.7169,380.816,775.928,390.628,364.167,259.889,16.854,269.300,85.816
N09000003,Belfast,2014,337.872,137.7169,379.041,703.553,352.751,344.453,257.944,16.361,212.431,83.419
N09000003,Belfast,2015,340.194,137.7169,370.656,671.385,279.048,253.543,179.662,15.884,232.935,84.381
N09000003,Belfast,2016,341.111,137.7169,371.399,599.760,235.904,209.872,149.703,16.285,244.732,85.233
N09000003,Belfast,2017,341.915,137.7169,364.799,567.071,217.831,189.451,138.094,16.679,229.007,86.061
N09000003,Belfast,2018,343.69,137.7169,359.108,587.331,190.647,222.367,148.347,15.778,259.848,83.466
N09000003,Belfast,2019,345.391,137.7169,345.885,589.846,171.176,228.947,145.030,15.899,266.354,81.564
N09000003,Belfast,2020,344.994,137.7169,281.012,553.415,158.110,168.544,128.541,15.594,261.026,83.908
N09000003,Belfast,2021,344.992,137.7169,310.487,550.916,166.231,184.772,134.242,23.243,271.476,84.137
N09000003,Belfast,2022,348.005,137.7169,308.835,489.820,155.583,177.540,124.712,17.826,224.288,83.252
N09000003,Belfast,2023,350.533,137.7169,322.628,473.959,148.059,159.724,125.252,23.012,183.550,86.321
N09000003,Belfast,2024,352.39,137.7169,321.950,459.103,168.772,136.067,113.401,22.958,123.096,86.814
N09000004,Causeway Coast and Glens,2005,136.34,1985.5346,441.029,387.287,131.081,48.779,19.271,718.172,169.082,371.421
N09000004,Causeway Coast and Glens,2006,137.438,1985.5346,443.239,400.635,130.479,56.556,21.108,688.984,181.251,370.217
N09000004,Causeway Coast and Glens,2007,138.375,1985.5346,451.013,373.296,133.657,63.106,23.132,681.534,174.565,373.562
N09000004,Causeway Coast and Glens,2008,139.004,1985.5346,441.191,381.316,126.457,69.016,24.925,660.016,158.414,376.653
N09000004,Causeway Coast and Glens,2009,139.616,1985.5346,434.042,365.877,112.242,63.300,22.587,657.884,149.396,386.540
N09000004,Causeway Coast and Glens,2010,140.107,1985.5346,423.871,398.862,120.768,69.525,24.853,681.730,118.651,391.259
N09000004,Causeway Coast and Glens,2011,140.907,1985.5346,408.769,341.876,116.281,64.993,23.737,681.508,117.352,393.088
N09000004,Causeway Coast and Glens,2012,141.147,1985.5346,401.330,366.706,112.286,64.940,23.867,690.937,110.189,414.219
N09000004,Causeway Coast and Glens,2013,141.1,1985.5346,392.629,377.687,120.933,67.311,24.301,683.005,98.574,380.055
N09000004,Causeway Coast and Glens,2014,141.453,1985.5346,388.134,335.424,112.568,72.411,26.491,688.169,64.328,381.342
N09000004,Causeway Coast and Glens,2015,142.052,1985.5346,378.118,318.256,97.104,60.350,21.851,698.825,72.181,378.841
N09000004,Causeway Coast and Glens,2016,142.158,1985.5346,383.395,310.365,84.443,52.071,18.958,696.488,71.126,381.762
N09000004,Causeway Coast and Glens,2017,142.296,1985.5346,380.556,294.865,81.244,45.339,16.345,700.775,73.864,377.310
N09000004,Causeway Coast and Glens,2018,142.404,1985.5346,376.407,296.778,72.964,54.057,19.600,675.457,77.279,376.678
N09000004,Causeway Coast and Glens,2019,142.776,1985.5346,364.347,293.720,66.230,44.463,21.962,683.084,69.370,371.969
N09000004,Causeway Coast and Glens,2020,142.507,1985.5346,340.303,293.442,66.021,38.666,14.650,694.397,42.149,372.719
N09000004,Causeway Coast and Glens,2021,141.664,1985.5346,368.197,288.954,66.287,50.558,16.735,716.301,59.441,377.513
N09000004,Causeway Coast and Glens,2022,141.316,1985.5346,350.880,238.442,67.174,43.859,15.216,687.072,53.783,367.462
N09000004,Causeway Coast and Glens,2023,141.733,1985.5346,335.159,239.569,80.968,29.392,14.627,694.325,64.685,369.069
N09000004,Causeway Coast and Glens,2024,141.954,1985.5346,330.865,250.689,53.794,42.347,16.649,702.882,52.984,372.423
N09000005,Derry City and Strabane,2005,145.447,1251.2415,318.287,373.863,344.708,59.257,32.820,416.052,152.932,353.600
N09000005,Derry City and Strabane,2006,145.855,1251.2415,319.626,387.002,371.736,67.085,36.166,404.658,177.825,352.871
N09000005,Derry City and Strabane,2007,146.742,1251.2415,322.824,361.958,390.296,72.562,39.615,405.549,177.948,354.002
N09000005,Derry City and Strabane,2008,147.496,1251.2415,314.847,369.651,375.363,71.885,41.733,393.803,177.352,357.198
N09000005,Derry City and Strabane,2009,148.053,1251.2415,310.120,353.144,335.655,62.341,37.234,393.561,164.130,362.346
N09000005,Derry City and Strabane,2010,148.148,1251.2415,302.527,385.358,369.597,64.008,39.870,404.472,140.845,364.186
N09000005,Derry City and Strabane,2011,148.191,1251.2415,291.095,328.678,324.790,51.913,38.218,400.156,140.979,363.236
N09000005,Derry City and Strabane,2012,148.666,1251.2415,285.517,354.038,339.741,60.023,46.203,409.354,109.148,373.951
N09000005,Derry City and Strabane,2013,148.721,1251.2415,279.533,366.898,349.227,60.833,47.506,404.618,100.040,354.692
N09000005,Derry City and Strabane,2014,149.307,1251.2415,275.629,324.864,318.559,52.522,41.704,399.605,59.078,354.195
N09000005,Derry City and Strabane,2015,149.589,1251.2415,268.259,316.723,305.773,47.787,40.580,413.927,64.912,351.001
N09000005,Derry City and Strabane,2016,150.259,1251.2415,271.338,310.288,278.412,40.849,37.432,421.043,55.857,352.545
N09000005,Derry City and Strabane,2017,150.589,1251.2415,268.323,298.213,258.389,37.131,37.682,419.392,55.828,351.057
N09000005,Derry City and Strabane,2018,150.712,1251.2415,265.468,305.160,255.680,44.660,38.436,410.088,61.729,348.986
N09000005,Derry City and Strabane,2019,151.236,1251.2415,256.211,306.921,247.718,44.965,37.779,413.459,61.519,342.206
N09000005,Derry City and Strabane,2020,150.831,1251.2415,229.453,309.834,231.756,32.801,34.516,421.894,41.306,339.244
N09000005,Derry City and Strabane,2021,150.834,1251.2415,253.249,308.821,248.417,42.734,35.285,418.368,46.870,341.442
N09000005,Derry City and Strabane,2022,150.836,1251.2415,244.980,259.311,246.269,40.742,34.082,403.412,47.425,339.665
N09000005,Derry City and Strabane,2023,150.859,1251.2415,241.146,255.673,225.774,35.662,31.025,396.549,39.583,340.473
N09000005,Derry City and Strabane,2024,152.383,1251.2415,239.428,270.535,224.493,34.340,32.278,420.524,52.829,342.685
N09000006,Fermanagh and Omagh,2005,108.586,3012.1148,462.576,309.538,641.745,44.678,21.500,957.079,143.420,479.697
N09000006,Fermanagh and Omagh,2006,109.344,3012.1148,465.962,319.528,696.663,50.371,22.841,931.938,135.085,471.686
N09000006,Fermanagh and Omagh,2007,110.345,3012.1148,473.740,296.052,777.519,53.955,24.205,914.205,132.455,476.323
N09000006,Fermanagh and Omagh,2008,111.494,3012.1148,463.181,302.826,617.171,52.509,22.820,891.555,129.266,481.424
N09000006,Fermanagh and Omagh,2009,111.998,3012.1148,455.069,290.260,365.532,45.154,19.499,892.223,109.387,487.988
N09000006,Fermanagh and Omagh,2010,112.919,3012.1148,442.774,321.721,341.274,46.939,20.467,882.487,92.241,493.624
N09000006,Fermanagh and Omagh,2011,113.501,3012.1148,424.788,273.605,325.041,41.981,18.678,878.347,85.001,496.177
N09000006,Fermanagh and Omagh,2012,114.162,3012.1148,416.787,292.728,319.304,44.496,19.845,910.931,82.378,535.214
N09000006,Fermanagh and Omagh,2013,114.219,3012.1148,407.322,298.655,308.630,44.012,19.300,902.312,79.936,473.170
N09000006,Fermanagh and Omagh,2014,114.785,3012.1148,401.583,262.258,286.399,37.978,17.132,885.605,55.681,471.260
N09000006,Fermanagh and Omagh,2015,115.057,3012.1148,390.249,245.747,271.956,34.593,15.495,924.460,65.492,459.413
N09000006,Fermanagh and Omagh,2016,115.456,3012.1148,395.758,239.509,256.344,29.371,13.283,934.949,64.540,458.561
N09000006,Fermanagh and Omagh,2017,115.859,3012.1148,392.190,225.659,255.092,25.648,11.105,936.845,60.239,458.828
N09000006,Fermanagh and Omagh,2018,116.329,3012.1148,389.271,224.219,247.035,29.037,12.093,908.208,69.210,457.407
N09000006,Fermanagh and Omagh,2019,116.797,3012.1148,375.105,217.424,167.841,24.141,10.441,901.809,74.801,452.232
N09000006,Fermanagh and Omagh,2020,116.594,3012.1148,356.938,216.544,106.971,18.831,8.773,928.678,83.510,444.949
N09000006,Fermanagh and Omagh,2021,116.926,3012.1148,386.734,208.300,117.641,21.458,9.943,968.579,67.825,479.709
N09000006,Fermanagh and Omagh,2022,116.994,3012.1148,367.947,170.130,140.132,20.891,8.966,932.945,74.674,439.341
N09000006,Fermanagh and Omagh,2023,117.195,3012.1148,358.091,173.597,117.892,18.189,7.961,927.257,85.201,439.832
N09000006,Fermanagh and Omagh,2024,117.687,3012.1148,352.698,181.320,120.673,21.431,12.155,939.279,63.837,445.408
N09000007,Lisburn and Castlereagh,2005,127.043,510.4382,367.630,366.569,216.705,62.526,42.280,238.402,169.066,37.630
N09000007,Lisburn and Castlereagh,2006,128.185,510.4382,365.446,381.873,215.453,63.172,38.822,240.324,165.418,37.815
N09000007,Lisburn and Castlereagh,2007,129.179,510.4382,368.201,359.617,249.702,66.060,38.909,236.953,163.482,38.879
N09000007,Lisburn and Castlereagh,2008,130.584,510.4382,359.017,375.821,181.512,65.792,39.801,236.984,159.255,38.923
N09000007,Lisburn and Castlereagh,2009,132.386,510.4382,354.811,351.572,159.598,58.494,35.488,226.191,148.493,42.148
N09000007,Lisburn and Castlereagh,2010,133.909,510.4382,350.340,387.584,166.290,60.013,37.413,232.976,135.599,42.889
N09000007,Lisburn and Castlereagh,2011,135.28,510.4382,341.690,335.871,155.548,53.692,35.098,232.885,145.038,40.410
N09000007,Lisburn and Castlereagh,2012,136.498,510.4382,337.012,351.980,149.511,51.403,32.274,239.542,147.132,42.700
N09000007,Lisburn and Castlereagh,2013,137.201,510.4382,330.539,356.715,156.024,52.186,32.900,238.724,145.261,35.840
N09000007,Lisburn and Castlereagh,2014,139.186,510.4382,327.884,316.410,150.747,54.185,37.773,234.747,133.611,34.089
N09000007,Lisburn and Castlereagh,2015,140.938,510.4382,321.209,310.456,160.834,65.187,47.916,241.858,143.912,34.491
N09000007,Lisburn and Castlereagh,2016,142.088,510.4382,325.192,295.850,146.546,51.971,37.887,239.407,154.905,34.811
N09000007,Lisburn and Castlereagh,2017,143.737,510.4382,323.203,282.291,149.904,48.100,36.317,242.570,156.334,33.504
N09000007,Lisburn and Castlereagh,2018,145.644,510.4382,319.020,288.657,141.676,63.171,37.403,238.475,165.840,31.021
N09000007,Lisburn and Castlereagh,2019,147.467,510.4382,308.066,286.994,132.516,61.959,40.073,238.139,168.929,28.840
N09000007,Lisburn and Castlereagh,2020,148.102,510.4382,263.264,280.808,137.135,41.773,31.065,244.140,177.240,29.588
N09000007,Lisburn and Castlereagh,2021,149.272,510.4382,285.432,277.963,139.743,38.645,44.798,243.080,168.185,30.060
N09000007,Lisburn and Castlereagh,2022,149.915,510.4382,285.200,239.424,122.573,42.795,39.129,237.007,163.035,29.250
N09000007,Lisburn and Castlereagh,2023,150.822,510.4382,282.087,235.602,115.623,40.587,48.565,238.777,177.962,31.884
N09000007,Lisburn and Castlereagh,2024,151.669,510.4382,283.124,239.797,101.005,35.264,46.565,249.631,190.550,32.252
N09000008,Mid and East Antrim,2005,130.98,1061.3555,351.652,370.526,369.265,72.511,49.353,459.479,172.270,130.989
N09000008,Mid and East Antrim,2006,132.021,1061.3555,352.684,383.214,362.540,80.017,52.522,445.005,167.256,129.767
N09000008,Mid and East Antrim,2007,133.27,1061.3555,355.610,360.630,359.593,82.888,52.487,443.506,161.388,131.031
N09000008,Mid and East Antrim,2008,134.169,1061.3555,346.762,369.449,330.979,84.424,55.355,429.209,154.195,131.748
N09000008,Mid and East Antrim,2009,134.774,1061.3555,342.253,351.703,293.214,79.179,54.896,425.512,139.186,135.143
N09000008,Mid and East Antrim,2010,135.157,1061.3555,335.414,380.746,329.355,85.880,60.083,430.656,113.101,137.626
N09000008,Mid and East Antrim,2011,135.365,1061.3555,324.525,328.165,345.074,81.766,61.753,430.872,101.333,136.260
N09000008,Mid and East Antrim,2012,135.837,1061.3555,318.789,351.843,295.284,76.047,56.915,435.684,93.387,142.157
N09000008,Mid and East Antrim,2013,135.983,1061.3555,312.003,359.070,315.351,68.741,47.749,429.771,88.437,129.826
N09000008,Mid and East Antrim,2014,136.61,1061.3555,308.676,320.541,319.467,65.466,47.648,429.853,63.678,129.594
N09000008,Mid and East Antrim,2015,137.085,1061.3555,301.521,306.724,296.269,61.030,45.404,440.144,73.754,130.984
N09000008,Mid and East Antrim,2016,137.718,1061.3555,305.155,293.014,259.839,42.889,30.437,444.969,74.696,131.360
N09000008,Mid and East Antrim,2017,138.019,1061.3555,302.660,278.169,150.879,36.953,27.297,452.567,62.336,130.533
N09000008,Mid and East Antrim,2018,138.592,1061.3555,300.030,281.994,101.132,42.279,35.224,439.579,74.865,129.715
N09000008,Mid and East Antrim,2019,139.066,1061.3555,288.948,280.342,85.622,52.341,25.006,440.660,81.101,129.112
N09000008,Mid and East Antrim,2020,139.134,1061.3555,258.504,277.564,81.344,40.867,25.782,446.383,87.445,150.921
N09000008,Mid and East Antrim,2021,139.127,1061.3555,279.496,274.828,84.804,44.810,26.000,461.357,76.333,133.698
N09000008,Mid and East Antrim,2022,139.2,1061.3555,273.014,232.423,85.405,39.881,25.899,449.669,78.497,171.159
N09000008,Mid and East Antrim,2023,139.84,1061.3555,268.404,229.877,80.121,34.326,24.105,457.661,90.700,138.185
N09000008,Mid and East Antrim,2024,139.913,1061.3555,264.529,237.259,76.181,36.055,23.038,448.430,107.607,138.472
N09000009,Mid Ulster,2005,124.885,1957.2936,466.419,365.573,793.199,38.519,12.372,901.870,145.760,276.054
N09000009,Mid Ulster,2006,127.662,1957.2936,468.947,377.866,747.553,43.035,12.695,888.405,149.347,273.479
N09000009,Mid Ulster,2007,131.088,1957.2936,476.166,351.627,764.783,45.397,13.347,871.952,146.150,275.120
N09000009,Mid Ulster,2008,133.595,1957.2936,465.506,359.360,695.861,44.091,12.278,839.050,141.886,276.040
N09000009,Mid Ulster,2009,135.408,1957.2936,457.913,346.126,522.661,38.139,10.370,838.873,123.799,280.773
N09000009,Mid Ulster,2010,137.221,1957.2936,447.767,378.873,536.604,39.750,10.786,855.381,97.133,285.745
N09000009,Mid Ulster,2011,139.011,1957.2936,432.081,322.047,525.035,35.720,10.175,844.274,89.720,282.614
N09000009,Mid Ulster,2012,140.466,1957.2936,424.950,344.759,501.237,36.230,10.365,861.836,87.400,298.584
N09000009,Mid Ulster,2013,141.551,1957.2936,415.580,355.237,528.877,37.261,10.265,860.641,84.538,270.497
N09000009,Mid Ulster,2014,143.217,1957.2936,410.894,314.047,559.859,34.912,9.933,868.914,60.062,269.798
N09000009,Mid Ulster,2015,144.404,1957.2936,400.292,293.940,630.753,31.076,8.444,897.028,67.948,265.241
N09000009,Mid Ulster,2016,145.874,1957.2936,406.019,288.985,582.308,26.147,7.225,915.794,65.162,265.822
N09000009,Mid Ulster,2017,147.002,1957.2936,403.262,273.932,569.008,22.876,6.462,923.181,56.655,259.045
N09000009,Mid Ulster,2018,148.028,1957.2936,400.169,273.951,568.396,28.269,7.439,896.798,53.805,255.833
N09000009,Mid Ulster,2019,149.23,1957.2936,386.185,267.734,539.389,28.377,6.892,906.342,28.704,250.885
N09000009,Mid Ulster,2020,149.747,1957.2936,357.697,268.247,467.958,20.933,5.856,903.534,28.869,250.070
N09000009,Mid Ulster,2021,150.598,1957.2936,384.085,261.019,490.191,21.291,6.332,939.353,28.300,247.927
N09000009,Mid Ulster,2022,151.001,1957.2936,372.110,213.298,473.764,19.835,5.633,915.036,28.792,237.022
N09000009,Mid Ulster,2023,152.006,1957.2936,365.282,217.854,439.266,17.743,5.128,909.547,25.849,239.630
N09000009,Mid Ulster,2024,152.718,1957.2936,358.622,227.787,428.042,21.837,8.701,926.864,52.888,240.959
N09000010,"Newry, Mourne and Down",2005,160.453,1682.3408,506.777,459.244,189.995,45.463,18.587,676.851,174.710,142.175
N09000010,"Newry, Mourne and Down",2006,162.723,1682.3408,507.963,475.426,193.579,51.847,19.336,667.692,179.648,143.690
N09000010,"Newry, Mourne and Down",2007,165.634,1682.3408,513.373,442.049,203.412,55.003,20.363,658.258,187.049,145.653
N09000010,"Newry, Mourne and Down",2008,168.019,1682.3408,501.377,453.468,190.677,53.870,19.061,648.480,203.129,147.314
N09000010,"Newry, Mourne and Down",2009,169.652,1682.3408,494.383,431.850,160.327,46.875,16.163,648.641,172.370,155.946
N09000010,"Newry, Mourne and Down",2010,171.119,1682.3408,485.745,472.765,175.566,49.020,16.956,657.504,142.912,157.552
N09000010,"Newry, Mourne and Down",2011,172.276,1682.3408,471.447,405.857,164.077,44.077,15.882,653.037,136.851,158.790
N09000010,"Newry, Mourne and Down",2012,173.754,1682.3408,465.026,430.803,156.602,46.646,16.739,675.857,141.300,170.716
N09000010,"Newry, Mourne and Down",2013,174.951,1682.3408,455.208,443.902,168.130,46.249,16.283,673.684,140.139,153.490
N09000010,"Newry, Mourne and Down",2014,175.557,1682.3408,451.452,393.128,155.207,44.847,16.105,664.147,88.655,154.132
N09000010,"Newry, Mourne and Down",2015,176.559,1682.3408,440.920,377.681,137.883,43.350,14.823,688.477,80.269,155.223
N09000010,"Newry, Mourne and Down",2016,178.017,1682.3408,446.797,368.768,124.712,36.787,12.681,700.958,45.876,157.714
N09000010,"Newry, Mourne and Down",2017,179.199,1682.3408,473.288,351.403,120.961,31.835,11.075,716.855,31.568,153.882
N09000010,"Newry, Mourne and Down",2018,180.205,1682.3408,469.173,354.219,125.329,34.756,12.336,699.417,29.428,154.753
N09000010,"Newry, Mourne and Down",2019,181.528,1682.3408,453.188,350.328,87.376,32.560,13.744,684.161,31.630,155.012
N09000010,"Newry, Mourne and Down",2020,181.683,1682.3408,406.733,353.770,81.880,26.980,12.797,691.278,33.914,159.352
N09000010,"Newry, Mourne and Down",2021,182.345,1682.3408,439.922,348.087,81.252,32.272,14.866,699.251,34.046,161.070
N09000010,"Newry, Mourne and Down",2022,182.634,1682.3408,431.699,285.802,79.688,30.971,12.758,673.710,32.571,158.604
N09000010,"Newry, Mourne and Down",2023,183.429,1682.3408,422.185,289.076,69.422,28.787,12.273,686.271,28.529,164.321
N09000010,"Newry, Mourne and Down",2024,183.115,1682.3408,413.873,303.197,70.677,30.650,15.481,684.413,22.506,165.503
N09000011,Ards and North Down,2005,152.233,566.4732,246.620,418.887,98.460,74.293,28.268,217.718,192.605,161.238
N09000011,Ards and North Down,2006,153.488,566.4732,245.310,435.439,102.124,77.860,28.292,219.016,184.549,163.866
N09000011,Ards and North Down,2007,154.406,566.4732,247.420,409.269,108.717,82.310,29.274,217.658,182.253,165.889
N09000011,Ards and North Down,2008,155.014,566.4732,241.466,423.534,99.100,77.020,26.943,217.246,166.008,167.006
N09000011,Ards and North Down,2009,156.058,566.4732,238.461,393.421,86.382,69.690,24.262,211.202,144.680,173.454
N09000011,Ards and North Down,2010,156.518,566.4732,234.271,430.772,92.668,75.084,26.161,220.165,127.512,175.810
N09000011,Ards and North Down,2011,156.943,566.4732,227.382,381.558,87.087,67.212,23.760,222.786,121.407,178.856
N09000011,Ards and North Down,2012,157.794,566.4732,224.463,410.932,94.116,85.414,30.598,225.233,116.689,181.288
N09000011,Ards and North Down,2013,157.956,566.4732,219.951,415.254,92.498,80.997,28.747,227.001,109.294,178.921
N09000011,Ards and North Down,2014,158.376,566.4732,217.565,377.198,83.548,72.290,26.420,231.292,77.075,181.850
N09000011,Ards and North Down,2015,159.362,566.4732,212.991,373.370,77.850,66.503,23.024,237.514,98.444,184.481
N09000011,Ards and North Down,2016,160.299,566.4732,215.419,350.534,64.590,52.156,18.093,237.330,82.706,186.671
N09000011,Ards and North Down,2017,160.931,566.4732,213.461,333.623,58.657,45.509,16.063,243.987,73.541,186.365
N09000011,Ards and North Down,2018,161.816,566.4732,210.766,342.206,51.168,51.854,16.856,240.882,91.299,188.161
N09000011,Ards and North Down,2019,162.807,566.4732,203.432,342.219,42.325,52.013,17.063,240.867,91.641,190.837
N09000011,Ards and North Down,2020,163.206,566.4732,179.464,330.233,43.541,38.578,13.644,240.231,106.397,196.837
N09000011,Ards and North Down,2021,163.827,566.4732,196.160,329.282,50.577,38.289,16.153,236.551,99.460,197.591
N09000011,Ards and North Down,2022,164.223,566.4732,189.989,286.261,47.843,36.460,13.000,231.896,94.782,197.132
N09000011,Ards and North Down,2023,164.913,566.4732,185.545,276.942,42.322,33.984,13.193,233.571,88.080,200.621
N09000011,Ards and North Down,2024,165.415,566.4732,182.087,276.200,40.428,33.541,13.067,237.292,99.265,201.911
S12000005,Clackmannanshire,2005,49.16,163.9126,78.876,138.590,201.452,169.894,16.716,32.394,8.807,22.822
S12000005,Clackmannanshire,2006,49.54,163.9126,79.396,137.542,200.286,174.955,17.000,30.420,8.580,21.455
S12000005,Clackmannanshire,2007,50.6,163.9126,81.041,135.483,212.758,229.287,19.741,32.864,8.283,20.995
S12000005,Clackmannanshire,2008,51.19,163.9126,79.570,135.339,212.268,239.366,20.083,32.058,6.996,20.798
S12000005,Clackmannanshire,2009,51.29,163.9126,78.020,123.392,178.957,173.087,15.445,31.411,6.185,19.912
S12000005,Clackmannanshire,2010,51.33,163.9126,76.899,130.968,210.078,239.436,19.015,32.713,6.712,19.878
S12000005,Clackmannanshire,2011,51.5,163.9126,74.043,115.498,201.782,219.831,17.790,31.895,4.672,19.009
S12000005,Clackmannanshire,2012,51.35,163.9126,72.364,123.177,206.765,185.962,13.732,29.180,4.213,18.502
S12000005,Clackmannanshire,2013,51.4,163.9126,69.344,118.937,202.085,188.996,13.587,28.242,4.510,19.174
S12000005,Clackmannanshire,2014,51.39,163.9126,70.166,100.129,188.073,153.396,11.468,27.151,4.674,18.745
S12000005,Clackmannanshire,2015,51.56,163.9126,70.008,99.171,183.472,175.829,13.226,28.941,4.738,18.780
S12000005,Clackmannanshire,2016,51.54,163.9126,72.006,89.735,196.767,168.778,13.049,29.022,4.501,20.258
S12000005,Clackmannanshire,2017,51.63,163.9126,72.133,87.788,197.138,152.597,14.479,29.280,4.825,20.303
S12000005,Clackmannanshire,2018,51.54,163.9126,71.334,84.755,205.357,159.596,13.483,26.696,4.869,20.659
S12000005,Clackmannanshire,2019,51.66,163.9126,69.305,83.006,200.125,160.311,11.109,26.238,4.901,20.927
S12000005,Clackmannanshire,2020,51.4,163.9126,57.118,78.374,214.500,112.407,13.180,24.775,4.883,22.787
S12000005,Clackmannanshire,2021,51.6,163.9126,70.076,81.040,168.605,134.815,9.481,25.298,4.937,22.274
S12000005,Clackmannanshire,2022,51.75,163.9126,71.223,67.582,183.308,121.461,10.290,24.041,5.155,22.304
S12000005,Clackmannanshire,2023,52.02,163.9126,69.935,65.938,162.452,129.066,9.037,23.953,5.001,22.015
S12000005,Clackmannanshire,2024,52.11,163.9126,70.349,63.935,142.442,55.114,9.203,23.081,5.016,22.435
S12000006,Dumfries and Galloway,2005,149.62,6676.3147,552.384,486.877,190.871,216.963,44.597,1569.441,78.250,-198.851
S12000006,Dumfries and Galloway,2006,149.77,6676.3147,553.453,481.023,175.111,202.194,41.235,1536.751,72.013,-245.436
S12000006,Dumfries and Galloway,2007,150.37,6676.3147,579.177,466.203,180.561,222.519,44.053,1561.378,65.626,-247.029
S12000006,Dumfries and Galloway,2008,151.01,6676.3147,559.722,475.503,168.148,199.150,39.837,1518.327,54.053,-309.067
S12000006,Dumfries and Galloway,2009,151.16,6676.3147,540.359,441.687,144.344,185.442,35.543,1523.444,61.898,-329.352
S12000006,Dumfries and Galloway,2010,151.1,6676.3147,541.603,474.663,176.731,210.632,40.913,1523.607,41.426,-311.895
S12000006,Dumfries and Galloway,2011,151.41,6676.3147,532.086,415.158,167.983,195.178,38.289,1509.061,33.671,-341.337
S12000006,Dumfries and Galloway,2012,150.66,6676.3147,522.661,438.784,166.334,203.058,39.332,1523.203,28.235,-339.300
S12000006,Dumfries and Galloway,2013,149.96,6676.3147,521.876,422.780,172.109,193.812,37.993,1492.826,28.635,-330.166
S12000006,Dumfries and Galloway,2014,149.49,6676.3147,535.202,364.953,151.455,163.037,32.854,1508.098,27.877,-334.896
S12000006,Dumfries and Galloway,2015,148.82,6676.3147,544.458,351.113,142.043,150.148,29.480,1536.105,35.351,-348.727
S12000006,Dumfries and Galloway,2016,148.39,6676.3147,564.835,321.267,136.973,125.577,27.725,1520.355,39.558,-339.946
S12000006,Dumfries and Galloway,2017,147.81,6676.3147,594.452,308.625,149.362,84.641,31.023,1521.131,46.863,-334.894
S12000006,Dumfries and Galloway,2018,146.99,6676.3147,577.357,299.968,121.810,111.507,23.645,1467.643,44.935,-356.428
S12000006,Dumfries and Galloway,2019,146.81,6676.3147,555.204,287.971,122.579,85.906,23.712,1485.468,33.426,-311.697
S12000006,Dumfries and Galloway,2020,146.09,6676.3147,467.900,277.946,108.536,83.241,19.967,1479.124,30.508,-281.756
S12000006,Dumfries and Galloway,2021,146.25,6676.3147,547.534,277.217,124.265,101.064,23.406,1495.498,25.979,-290.559
S12000006,Dumfries and Galloway,2022,145.77,6676.3147,538.681,231.531,111.070,89.834,19.709,1456.427,23.871,-229.493
S12000006,Dumfries and Galloway,2023,145.89,6676.3147,527.765,223.934,105.688,82.952,18.131,1465.184,22.072,-224.667
S12000006,Dumfries and Galloway,2024,145.86,6676.3147,530.280,220.623,96.031,75.004,18.584,1443.357,22.332,-131.947
S12000008,East Ayrshire,2005,120.28,1270.3421,276.721,332.742,90.216,100.206,49.923,378.395,59.523,-17.065
S12000008,East Ayrshire,2006,120.44,1270.3421,264.085,330.308,85.661,106.267,49.702,369.467,55.386,-25.032
S12000008,East Ayrshire,2007,120.95,1270.3421,265.347,321.437,84.474,103.890,48.589,372.974,50.642,-25.934
S12000008,East Ayrshire,2008,121.6,1270.3421,256.998,327.025,76.704,100.586,46.401,360.096,43.025,-34.130
S12000008,East Ayrshire,2009,122.11,1270.3421,251.730,297.938,67.023,84.828,40.086,353.616,76.971,-39.714
S12000008,East Ayrshire,2010,122.41,1270.3421,249.077,314.135,76.107,95.877,45.005,355.696,45.234,-40.644
S12000008,East Ayrshire,2011,122.69,1270.3421,242.003,276.965,69.171,86.471,39.715,343.202,53.189,-22.923
S12000008,East Ayrshire,2012,122.62,1270.3421,236.809,291.867,67.626,85.403,40.784,345.861,28.686,-39.433
S12000008,East Ayrshire,2013,122.27,1270.3421,232.989,287.151,69.092,78.935,38.874,338.505,14.621,-39.180
S12000008,East Ayrshire,2014,121.87,1270.3421,239.231,242.793,63.559,69.194,33.612,338.124,15.971,-39.095
S12000008,East Ayrshire,2015,121.62,1270.3421,238.415,241.335,58.765,61.903,30.229,339.367,16.173,-38.639
S12000008,East Ayrshire,2016,121.58,1270.3421,241.925,220.536,49.951,50.128,25.334,333.276,13.839,-38.251
S12000008,East Ayrshire,2017,121.15,1270.3421,249.289,214.673,53.065,42.092,24.540,329.499,12.140,-36.939
S12000008,East Ayrshire,2018,120.81,1270.3421,247.607,209.935,48.255,47.963,21.302,312.091,12.416,-38.986
S12000008,East Ayrshire,2019,120.87,1270.3421,236.932,205.245,50.612,35.851,19.375,313.605,12.058,-24.370
S12000008,East Ayrshire,2020,120.34,1270.3421,197.038,195.307,43.660,30.614,17.943,316.086,11.705,-34.267
S12000008,East Ayrshire,2021,120.5,1270.3421,230.037,200.138,51.322,34.187,19.632,320.022,11.403,-32.214
S12000008,East Ayrshire,2022,120.4,1270.3421,227.471,165.399,47.489,31.751,17.443,303.788,12.691,-24.247
S12000008,East Ayrshire,2023,120.87,1270.3421,224.069,161.592,43.233,28.163,16.002,306.644,10.098,-21.288
S12000008,East Ayrshire,2024,121.48,1270.3421,225.100,158.026,41.568,24.792,14.619,297.322,11.913,-10.553
S12000010,East Lothian,2005,92.73,700.9373,216.948,269.163,750.297,73.915,37.637,125.026,73.487,197.541
S12000010,East Lothian,2006,93.85,700.9373,221.698,270.994,820.298,78.184,37.530,123.933,66.574,196.681
S12000010,East Lothian,2007,95.57,700.9373,227.917,265.413,772.816,78.391,37.220,130.915,60.243,197.215
S12000010,East Lothian,2008,97.48,700.9373,216.783,268.252,744.625,84.790,40.970,132.936,56.690,196.392
S12000010,East Lothian,2009,98.34,700.9373,207.599,244.120,523.653,66.974,34.481,133.740,61.930,196.856
S12000010,East Lothian,2010,99.14,700.9373,206.130,261.891,521.500,68.858,37.054,133.733,40.524,198.031
S12000010,East Lothian,2011,99.92,700.9373,200.275,230.900,582.257,59.388,31.557,129.595,71.462,197.227
S12000010,East Lothian,2012,101.08,700.9373,193.991,248.972,554.863,69.286,36.945,133.452,42.151,196.177
S12000010,East Lothian,2013,101.9,700.9373,191.434,239.698,596.860,67.733,36.636,130.561,36.313,197.371
S12000010,East Lothian,2014,102.88,700.9373,196.687,204.178,611.391,56.727,30.064,130.430,36.625,196.040
S12000010,East Lothian,2015,104.11,700.9373,196.750,201.463,502.282,51.809,28.357,137.651,44.324,194.029
S12000010,East Lothian,2016,105.17,700.9373,207.883,184.876,602.781,44.096,25.674,133.791,41.662,196.567
S12000010,East Lothian,2017,106.08,700.9373,222.001,180.599,656.279,33.417,29.939,133.590,81.645,198.038
S12000010,East Lothian,2018,107.07,700.9373,219.539,176.350,637.083,42.280,24.366,124.667,36.799,197.757
S12000010,East Lothian,2019,108.51,700.9373,214.155,174.633,633.542,36.972,22.495,127.999,29.842,198.335
S12000010,East Lothian,2020,109.51,700.9373,174.630,166.898,487.918,31.716,21.704,124.677,18.481,199.313
S12000010,East Lothian,2021,111.34,700.9373,202.632,172.577,534.970,37.917,23.110,125.962,30.029,196.463
S12000010,East Lothian,2022,112.46,700.9373,209.333,147.142,508.581,38.328,19.175,121.464,24.861,194.620
S12000010,East Lothian,2023,113.81,700.9373,209.399,143.340,515.408,34.718,18.205,129.115,12.989,191.394
S12000010,East Lothian,2024,115.18,700.9373,211.471,139.430,506.227,31.755,16.297,126.390,108.935,191.146
S12000011,East Renfrewshire,2005,89.88,174.2495,216.908,268.608,19.157,47.496,31.546,54.127,83.427,25.027
S12000011,East Renfrewshire,2006,89.75,174.2495,198.557,264.622,17.123,52.572,33.160,52.751,74.356,23.877
S12000011,East Renfrewshire,2007,89.84,174.2495,196.414,256.948,15.968,42.995,27.643,52.835,66.256,23.274
S12000011,East Renfrewshire,2008,89.87,174.2495,192.674,260.155,12.904,41.142,26.868,51.299,45.269,22.989
S12000011,East Renfrewshire,2009,89.98,174.2495,188.383,235.235,12.561,47.876,28.138,50.692,40.265,22.451
S12000011,East Renfrewshire,2010,90.41,174.2495,183.384,248.465,13.658,49.936,30.155,50.236,36.338,22.262
S12000011,East Renfrewshire,2011,90.81,174.2495,176.445,220.782,14.485,46.143,27.478,49.183,28.897,21.981
S12000011,East Renfrewshire,2012,91.06,174.2495,168.318,235.810,10.293,34.329,22.641,48.883,33.681,22.198
S12000011,East Renfrewshire,2013,91.66,174.2495,164.834,231.431,10.990,32.575,22.008,47.499,17.905,21.723
S12000011,East Renfrewshire,2014,92.53,174.2495,165.178,196.599,11.996,28.649,19.141,46.825,13.698,21.525
S12000011,East Renfrewshire,2015,93.09,174.2495,164.873,195.490,12.048,29.179,19.659,47.314,21.555,20.892
S12000011,East Renfrewshire,2016,93.88,174.2495,169.342,179.095,9.654,26.385,15.863,46.446,7.631,22.161
S12000011,East Renfrewshire,2017,94.81,174.2495,166.769,174.418,13.769,21.887,17.417,44.658,5.630,22.511
S12000011,East Renfrewshire,2018,95.07,174.2495,163.787,170.899,12.810,27.899,14.341,42.080,3.135,22.562
S12000011,East Renfrewshire,2019,95.41,174.2495,155.957,168.665,12.304,24.659,13.118,42.046,2.939,23.079
S12000011,East Renfrewshire,2020,95.82,174.2495,129.383,159.918,11.115,22.505,12.569,41.033,2.451,23.409
S12000011,East Renfrewshire,2021,96.21,174.2495,158.432,163.798,14.600,25.820,13.573,40.165,2.454,23.293
S12000011,East Renfrewshire,2022,97.17,174.2495,160.247,137.546,11.474,23.003,11.456,37.901,3.288,23.723
S12000011,East Renfrewshire,2023,98.76,174.2495,158.380,135.464,10.499,20.562,10.894,37.428,2.839,23.984
S12000011,East Renfrewshire,2024,99.83,174.2495,159.852,131.680,11.541,18.848,10.738,37.747,3.452,24.740
S12000013,Na h-Eileanan Siar,2005,26.93,3268.3963,47.832,107.814,16.763,15.762,7.654,92.891,24.801,668.631
S12000013,Na h-Eileanan Siar,2006,27.06,3268.3963,49.556,111.237,15.668,16.695,7.827,85.896,22.420,666.627
S12000013,Na h-Eileanan Siar,2007,27.21,3268.3963,50.013,105.675,15.462,16.365,7.550,87.660,20.248,665.632
S12000013,Na h-Eileanan Siar,2008,27.28,3268.3963,49.687,107.114,13.723,16.135,7.415,85.555,20.014,663.459
S12000013,Na h-Eileanan Siar,2009,27.42,3268.3963,49.834,100.883,12.171,14.729,6.597,88.038,13.480,662.120
S12000013,Na h-Eileanan Siar,2010,27.6,3268.3963,50.769,109.986,13.276,15.888,7.102,86.124,13.534,662.641
S12000013,Na h-Eileanan Siar,2011,27.69,3268.3963,50.100,99.873,13.549,15.581,6.992,85.660,15.854,659.455
S12000013,Na h-Eileanan Siar,2012,27.54,3268.3963,50.107,100.931,12.026,16.082,7.116,87.230,15.470,666.840
S12000013,Na h-Eileanan Siar,2013,27.35,3268.3963,48.920,96.852,12.048,15.208,6.725,85.819,11.586,659.825
S12000013,Na h-Eileanan Siar,2014,27.18,3268.3963,50.324,84.165,11.973,13.583,6.171,83.042,12.508,658.565
S12000013,Na h-Eileanan Siar,2015,26.93,3268.3963,51.160,77.647,10.135,11.417,4.946,86.025,14.759,658.394
S12000013,Na h-Eileanan Siar,2016,26.7,3268.3963,53.358,71.868,8.613,9.266,4.093,86.892,13.395,658.441
S12000013,Na h-Eileanan Siar,2017,26.69,3268.3963,49.891,67.649,10.127,8.080,4.170,84.207,14.479,658.254
S12000013,Na h-Eileanan Siar,2018,26.5,3268.3963,49.048,65.253,7.679,8.810,4.078,81.538,13.973,659.371
S12000013,Na h-Eileanan Siar,2019,26.34,3268.3963,47.086,61.093,6.466,7.902,3.649,81.288,15.331,659.227
S12000013,Na h-Eileanan Siar,2020,26.08,3268.3963,37.354,58.443,5.618,6.503,3.424,82.959,14.912,657.797
S12000013,Na h-Eileanan Siar,2021,26.16,3268.3963,40.800,56.933,6.392,7.784,4.042,81.709,13.556,657.910
S12000013,Na h-Eileanan Siar,2022,26.12,3268.3963,41.293,49.291,5.682,7.665,3.600,78.578,15.596,660.938
S12000013,Na h-Eileanan Siar,2023,26.04,3268.3963,40.521,46.478,5.786,6.460,2.956,80.498,16.416,656.254
S12000013,Na h-Eileanan Siar,2024,26.02,3268.3963,40.848,45.421,5.962,5.719,3.537,77.305,18.457,656.199
S12000014,Falkirk,2005,150.13,314.9335,383.877,414.266,2688.567,164.046,90.455,72.204,166.274,96.841
S12000014,Falkirk,2006,151.09,314.9335,389.255,413.855,2439.857,169.422,91.658,70.851,150.998,99.144
S12000014,Falkirk,2007,152.32,314.9335,396.253,404.255,2333.167,167.258,88.713,71.618,136.703,79.224
S12000014,Falkirk,2008,153.29,314.9335,384.858,403.023,2105.492,168.481,89.396,70.546,114.943,77.500
S12000014,Falkirk,2009,154.21,314.9335,375.378,366.745,2369.366,138.035,68.690,69.102,120.802,79.493
S12000014,Falkirk,2010,155.13,314.9335,366.791,391.228,2029.490,157.147,86.191,69.192,108.388,80.382
S12000014,Falkirk,2011,156.25,314.9335,357.587,346.475,2168.515,144.615,79.425,67.664,103.087,75.638
S12000014,Falkirk,2012,156.58,314.9335,368.004,369.542,1990.843,145.286,80.317,67.890,111.174,69.202
S12000014,Falkirk,2013,156.86,314.9335,361.141,358.362,2008.772,135.692,75.699,65.047,91.281,81.547
S12000014,Falkirk,2014,157.27,314.9335,368.807,304.724,1568.945,107.740,60.055,62.302,64.307,78.914
S12000014,Falkirk,2015,157.88,314.9335,368.748,299.981,1534.924,105.858,59.992,64.900,60.836,74.881
S12000014,Falkirk,2016,158.66,314.9335,382.345,271.372,1468.728,141.268,41.967,64.623,59.638,76.272
S12000014,Falkirk,2017,159.24,314.9335,381.987,264.898,1652.198,73.776,55.422,65.565,63.376,75.527
S12000014,Falkirk,2018,159.09,314.9335,372.860,258.055,1641.385,139.033,38.935,62.259,80.741,79.412
S12000014,Falkirk,2019,159.53,314.9335,357.024,252.908,1536.819,106.956,30.775,62.212,82.877,78.027
S12000014,Falkirk,2020,158.99,314.9335,294.398,238.122,1543.989,92.840,34.971,61.457,75.039,77.579
S12000014,Falkirk,2021,158.76,314.9335,339.327,243.731,1413.383,122.302,38.043,61.544,78.519,76.757
S12000014,Falkirk,2022,158.45,314.9335,337.512,204.616,1414.648,138.135,26.409,59.834,73.960,74.822
S12000014,Falkirk,2023,159.02,314.9335,337.657,199.889,1259.938,74.099,22.267,61.124,54.229,74.632
S12000014,Falkirk,2024,160.02,314.9335,339.931,194.006,970.028,44.090,26.215,60.057,40.237,82.214
S12000017,Highland,2005,218.06,26473.9496,567.903,834.958,470.934,353.442,80.659,743.576,174.865,305.081
S12000017,Highland,2006,220.78,26473.9496,579.699,834.664,407.662,365.575,81.722,705.813,158.419,200.927
S12000017,Highland,2007,224,26473.9496,594.127,813.770,400.320,363.395,80.276,712.493,143.278,215.955
S12000017,Highland,2008,226.97,26473.9496,581.107,824.227,386.672,361.188,79.673,688.315,133.938,86.628
S12000017,Highland,2009,228.75,26473.9496,580.654,771.400,334.054,296.859,65.381,683.390,128.069,32.718
S12000017,Highland,2010,230.73,26473.9496,579.451,829.019,381.154,344.949,75.433,685.353,136.907,86.878
S12000017,Highland,2011,232.73,26473.9496,570.692,734.651,376.676,320.368,70.492,669.423,128.683,55.756
S12000017,Highland,2012,233,26473.9496,565.843,759.110,356.111,313.752,68.524,672.107,94.513,-4.641
S12000017,Highland,2013,233.08,26473.9496,566.213,724.006,341.947,305.129,66.705,661.001,79.386,155.626
S12000017,Highland,2014,233.18,26473.9496,576.931,631.790,317.709,258.395,58.057,645.153,73.448,-56.680
S12000017,Highland,2015,234.06,26473.9496,586.971,596.302,312.019,232.895,50.595,662.645,72.049,324.154
S12000017,Highland,2016,234.57,26473.9496,612.608,542.240,273.450,189.236,40.213,646.440,70.797,41.081
S12000017,Highland,2017,234.8,26473.9496,631.670,510.967,295.984,142.426,44.378,646.555,67.722,-13.635
S12000017,Highland,2018,234.53,26473.9496,632.317,498.329,248.680,168.694,35.413,600.288,75.521,515.932
S12000017,Highland,2019,234.51,26473.9496,615.009,478.567,250.323,118.542,34.892,604.817,87.006,346.971
S12000017,Highland,2020,233.91,26473.9496,496.262,456.003,247.676,102.904,27.952,606.656,91.068,138.512
S12000017,Highland,2021,235.85,26473.9496,565.897,457.299,290.834,121.465,31.192,611.219,92.884,330.794
S12000017,Highland,2022,235.71,26473.9496,574.726,392.585,254.889,125.557,29.572,596.517,139.243,136.862
S12000017,Highland,2023,236.52,26473.9496,576.253,374.123,231.584,111.706,26.530,613.374,106.663,785.575
S12000017,Highland,2024,237.29,26473.9496,582.959,365.314,192.674,99.760,28.137,581.004,101.122,327.639
S12000018,Inverclyde,2005,82.68,173.6247,178.382,228.579,81.272,72.660,34.304,26.597,88.260,7.086
S12000018,Inverclyde,2006,82.32,173.6247,182.595,226.543,84.758,79.052,34.511,25.934,79.319,6.036
S12000018,Inverclyde,2007,82.11,173.6247,170.713,218.045,75.233,69.297,30.221,25.514,71.180,5.662
S12000018,Inverclyde,2008,82,173.6247,163.939,220.545,76.594,71.429,31.167,24.783,54.788,4.950
S12000018,Inverclyde,2009,81.67,173.6247,160.441,196.863,63.049,57.935,25.706,23.803,45.879,4.525
S12000018,Inverclyde,2010,81.51,173.6247,152.572,204.343,72.674,63.855,28.835,22.972,43.863,4.005
S12000018,Inverclyde,2011,81.22,173.6247,147.381,182.493,67.061,59.691,26.151,22.755,25.523,3.179
S12000018,Inverclyde,2012,80.99,173.6247,144.390,192.482,70.661,62.824,27.732,22.595,9.927,2.069
S12000018,Inverclyde,2013,80.87,173.6247,140.570,187.665,70.196,57.764,27.238,22.003,7.962,2.582
S12000018,Inverclyde,2014,80.54,173.6247,144.540,156.851,57.253,44.910,21.560,21.612,6.900,2.478
S12000018,Inverclyde,2015,80.34,173.6247,136.047,154.811,56.705,43.095,21.039,21.725,7.693,1.206
S12000018,Inverclyde,2016,80.11,173.6247,133.150,138.950,47.181,33.446,15.992,21.308,6.765,1.772
S12000018,Inverclyde,2017,79.82,173.6247,127.605,134.805,46.922,25.733,20.457,19.823,6.378,1.966
S12000018,Inverclyde,2018,79.35,173.6247,123.328,131.160,36.145,31.189,17.168,18.621,5.084,2.164
S12000018,Inverclyde,2019,79.15,173.6247,119.914,127.148,32.996,26.817,17.209,18.452,4.854,1.836
S12000018,Inverclyde,2020,78.58,173.6247,97.445,119.302,32.232,23.124,16.599,41.368,4.554,2.011
S12000018,Inverclyde,2021,78.39,173.6247,118.349,122.941,35.097,25.626,17.547,28.391,4.719,1.704
S12000018,Inverclyde,2022,78.35,173.6247,117.276,101.903,37.006,23.524,19.421,17.812,4.704,1.984
S12000018,Inverclyde,2023,78.78,173.6247,113.120,99.727,33.095,19.827,16.652,18.041,5.222,1.789
S12000018,Inverclyde,2024,78.88,173.6247,111.217,95.745,31.404,17.105,18.028,17.517,4.801,2.178
S12000019,Midlothian,2005,80.05,355.2715,155.688,214.110,32.444,84.706,30.911,77.901,60.017,75.308
S12000019,Midlothian,2006,79.99,355.2715,157.039,213.348,32.871,104.583,32.899,75.377,53.910,79.087
S12000019,Midlothian,2007,80.37,355.2715,160.069,210.760,30.698,88.976,29.001,75.616,48.375,61.339
S12000019,Midlothian,2008,81.55,355.2715,155.180,213.223,27.941,98.377,29.918,74.589,68.021,59.675
S12000019,Midlothian,2009,81.9,355.2715,151.416,192.484,24.672,85.698,27.673,74.561,60.792,63.815
S12000019,Midlothian,2010,82.36,355.2715,147.837,208.034,27.778,94.347,30.253,72.431,47.691,68.566
S12000019,Midlothian,2011,83.45,355.2715,143.972,183.736,24.566,74.984,24.689,71.354,44.010,60.242
S12000019,Midlothian,2012,84.39,355.2715,139.757,196.653,26.179,97.182,29.519,73.275,29.221,47.458
S12000019,Midlothian,2013,85.12,355.2715,136.871,192.655,26.789,93.655,29.371,69.482,19.882,66.588
S12000019,Midlothian,2014,86.88,355.2715,140.170,164.092,26.554,76.153,24.786,67.625,16.795,61.598
S12000019,Midlothian,2015,88.18,355.2715,139.125,165.672,24.458,72.830,24.262,70.280,17.488,55.875
S12000019,Midlothian,2016,89.47,355.2715,144.259,153.343,20.913,67.291,18.192,67.322,32.893,55.351
S12000019,Midlothian,2017,91,355.2715,148.272,149.408,28.516,48.992,23.300,68.856,40.350,52.479
S12000019,Midlothian,2018,92.22,355.2715,144.693,146.810,16.579,63.195,16.013,64.655,45.414,51.542
S12000019,Midlothian,2019,93.42,355.2715,139.482,146.216,18.396,48.563,15.471,68.632,37.929,55.045
S12000019,Midlothian,2020,94.18,355.2715,117.058,139.817,17.530,41.818,14.776,66.577,23.537,55.002
S12000019,Midlothian,2021,95.67,355.2715,137.865,144.652,19.299,52.683,16.468,68.800,19.753,53.832
S12000019,Midlothian,2022,97.04,355.2715,141.732,123.012,18.441,47.423,15.631,67.837,18.289,48.461
S12000019,Midlothian,2023,98.37,355.2715,139.700,120.668,18.526,42.954,14.195,67.965,19.752,47.621
S12000019,Midlothian,2024,99.88,355.2715,141.378,117.990,17.283,38.808,15.027,65.463,14.022,48.352
S12000020,Moray,2005,90.1,2257.1536,170.218,280.537,310.412,82.002,42.322,303.004,57.890,-108.555
S12000020,Moray,2006,90.78,2257.1536,172.606,285.896,341.154,88.771,46.517,297.533,53.193,-129.151
S12000020,Moray,2007,91.44,2257.1536,178.022,278.642,324.067,88.861,44.904,300.442,48.386,-121.625
S12000020,Moray,2008,92.84,2257.1536,172.105,281.015,329.704,89.557,45.911,291.961,44.650,-150.397
S12000020,Moray,2009,93.16,2257.1536,167.955,258.522,284.480,79.965,39.788,293.839,46.462,-159.873
S12000020,Moray,2010,93.69,2257.1536,165.870,279.136,313.872,80.626,42.488,305.525,52.691,-149.794
S12000020,Moray,2011,93.47,2257.1536,161.345,245.082,295.798,75.494,39.875,288.335,49.364,-152.508
S12000020,Moray,2012,92.72,2257.1536,160.743,259.085,343.577,81.920,45.714,290.887,35.183,-172.900
S12000020,Moray,2013,93.94,2257.1536,159.123,250.414,366.661,78.919,46.846,282.770,31.334,-177.399
S12000020,Moray,2014,94.18,2257.1536,163.064,219.252,327.401,68.466,41.326,277.813,33.665,-182.572
S12000020,Moray,2015,94.8,2257.1536,164.267,212.877,310.348,60.619,37.874,280.399,38.822,-197.444
S12000020,Moray,2016,95.11,2257.1536,171.756,195.613,288.691,60.170,33.482,272.112,35.511,-199.697
S12000020,Moray,2017,94.66,2257.1536,175.064,187.315,266.986,42.590,31.610,270.075,38.198,-203.929
S12000020,Moray,2018,94.09,2257.1536,173.011,183.884,268.920,59.761,35.576,258.927,35.074,-218.740
S12000020,Moray,2019,94.17,2257.1536,165.113,178.474,230.833,84.304,32.442,262.582,36.272,-199.499
S12000020,Moray,2020,93.87,2257.1536,140.639,169.388,228.408,47.741,28.235,256.387,33.622,-185.568
S12000020,Moray,2021,94.27,2257.1536,159.224,172.995,258.273,58.875,32.538,260.539,33.786,-204.891
S12000020,Moray,2022,94.3,2257.1536,153.697,145.502,241.856,61.232,30.159,250.701,39.416,-188.873
S12000020,Moray,2023,94.79,2257.1536,155.369,142.035,220.351,55.566,27.605,258.283,29.860,-191.347
S12000020,Moray,2024,95.01,2257.1536,156.498,137.453,220.449,43.583,26.341,253.952,23.168,-168.269
S12000021,North Ayrshire,2005,136.69,903.8207,192.436,383.101,464.578,316.464,59.578,161.951,151.855,-22.555
S12000021,North Ayrshire,2006,136.79,903.8207,192.480,380.416,445.494,317.052,58.829,156.673,138.808,-27.539
S12000021,North Ayrshire,2007,137.42,903.8207,192.408,367.626,458.744,295.463,55.708,157.654,125.773,-28.088
S12000021,North Ayrshire,2008,137.91,903.8207,189.247,368.464,466.769,305.966,57.127,153.968,121.590,-33.989
S12000021,North Ayrshire,2009,137.83,903.8207,183.496,336.473,328.486,258.337,47.662,151.626,130.035,-36.454
S12000021,North Ayrshire,2010,137.8,903.8207,180.264,353.895,339.931,254.633,47.495,147.170,106.925,-37.695
S12000021,North Ayrshire,2011,138.09,903.8207,174.802,311.703,294.248,230.946,42.728,145.337,116.858,-38.904
S12000021,North Ayrshire,2012,137.64,903.8207,167.654,329.629,305.176,243.874,45.063,146.053,99.318,-41.126
S12000021,North Ayrshire,2013,137.1,903.8207,163.646,321.180,306.978,227.730,42.620,142.325,78.309,-40.684
S12000021,North Ayrshire,2014,136.67,903.8207,165.845,271.532,294.718,193.397,37.730,142.483,63.602,-42.910
S12000021,North Ayrshire,2015,136.22,903.8207,165.193,265.034,286.890,177.326,34.504,143.349,77.250,-46.925
S12000021,North Ayrshire,2016,135.95,903.8207,168.103,238.916,261.246,179.944,29.295,140.378,65.408,-45.123
S12000021,North Ayrshire,2017,135.81,903.8207,172.248,232.561,229.821,112.883,33.861,135.500,62.153,-44.614
S12000021,North Ayrshire,2018,135.13,903.8207,165.898,225.838,229.419,133.230,24.415,128.115,43.994,-45.578
S12000021,North Ayrshire,2019,134.57,903.8207,159.780,220.677,249.258,114.728,23.819,129.463,54.010,-46.054
S12000021,North Ayrshire,2020,134.04,903.8207,130.469,209.342,225.570,68.032,19.811,127.657,61.138,-44.321
S12000021,North Ayrshire,2021,133.86,903.8207,153.103,213.300,284.783,75.671,24.771,128.443,53.442,-45.873
S12000021,North Ayrshire,2022,133.49,903.8207,153.840,177.409,261.555,81.144,22.697,125.283,60.197,-43.192
S12000021,North Ayrshire,2023,133.72,903.8207,152.813,173.446,219.997,57.781,18.966,124.980,32.800,-42.167
S12000021,North Ayrshire,2024,134.01,903.8207,153.315,169.101,207.059,55.044,23.553,122.099,31.436,-38.528
S12000023,Orkney Islands,2005,20.07,1086.4926,39.019,82.045,9.532,15.884,5.068,247.030,8.761,88.125
S12000023,Orkney Islands,2006,20.34,1086.4926,41.704,84.037,8.988,18.529,5.576,237.682,7.969,85.588
S12000023,Orkney Islands,2007,20.58,1086.4926,38.639,82.209,9.327,19.739,5.699,242.017,7.218,84.143
S12000023,Orkney Islands,2008,20.74,1086.4926,34.090,83.148,7.368,16.830,5.057,235.576,6.845,81.988
S12000023,Orkney Islands,2009,20.94,1086.4926,33.310,75.870,6.377,14.924,4.406,237.467,4.302,79.480
S12000023,Orkney Islands,2010,21.22,1086.4926,33.159,82.538,7.765,18.785,5.448,240.882,4.544,76.323
S12000023,Orkney Islands,2011,21.42,1086.4926,31.845,76.108,7.442,15.876,4.677,237.057,5.560,73.853
S12000023,Orkney Islands,2012,21.5,1086.4926,31.055,77.728,6.577,17.145,4.975,241.051,2.337,71.753
S12000023,Orkney Islands,2013,21.51,1086.4926,30.927,73.751,6.726,16.145,4.680,236.071,1.782,69.912
S12000023,Orkney Islands,2014,21.51,1086.4926,32.351,65.482,6.907,14.236,4.276,234.022,1.535,68.677
S12000023,Orkney Islands,2015,21.52,1086.4926,34.803,59.688,5.879,11.860,3.594,235.451,3.314,66.642
S12000023,Orkney Islands,2016,21.64,1086.4926,36.300,54.116,4.582,8.353,2.835,229.994,3.872,64.483
S12000023,Orkney Islands,2017,21.73,1086.4926,37.082,50.381,5.819,6.299,2.574,226.234,3.859,63.113
S12000023,Orkney Islands,2018,21.83,1086.4926,35.651,48.278,5.087,7.777,2.688,216.585,3.069,60.455
S12000023,Orkney Islands,2019,21.87,1086.4926,34.354,45.224,4.487,7.095,2.854,218.676,3.313,58.144
S12000023,Orkney Islands,2020,21.97,1086.4926,26.978,43.376,4.247,5.518,2.688,217.423,3.310,55.814
S12000023,Orkney Islands,2021,22.03,1086.4926,29.275,42.873,5.085,6.118,3.265,218.878,4.479,55.160
S12000023,Orkney Islands,2022,22.03,1086.4926,30.246,38.226,3.972,6.100,2.917,210.317,3.573,54.762
S12000023,Orkney Islands,2023,22.02,1086.4926,29.425,34.799,3.584,5.741,2.580,211.006,4.084,54.329
S12000023,Orkney Islands,2024,22.02,1086.4926,30.184,33.470,4.898,4.877,3.370,206.920,5.790,54.078
S12000026,Scottish Borders,2005,110.25,4742.685,331.490,369.325,133.528,104.143,45.739,818.762,86.831,50.313
S12000026,Scottish Borders,2006,110.86,4742.685,327.567,372.350,127.913,107.113,44.872,789.820,79.358,17.680
S12000026,Scottish Borders,2007,112.2,4742.685,339.399,362.907,122.972,106.678,43.254,800.800,70.260,17.533
S12000026,Scottish Borders,2008,113.36,4742.685,332.731,368.210,114.688,99.079,41.003,785.013,64.851,-26.356
S12000026,Scottish Borders,2009,113.59,4742.685,320.938,339.396,105.206,91.533,37.589,784.573,60.236,-42.827
S12000026,Scottish Borders,2010,113.7,4742.685,318.221,365.512,119.309,97.281,40.716,776.355,60.440,-36.490
S12000026,Scottish Borders,2011,113.88,4742.685,320.109,320.290,105.489,89.528,35.693,769.958,56.221,-49.818
S12000026,Scottish Borders,2012,113.94,4742.685,313.424,339.213,109.525,97.746,39.631,777.220,51.417,-86.053
S12000026,Scottish Borders,2013,114.35,4742.685,311.008,325.620,111.824,89.430,37.487,747.124,39.635,-95.457
S12000026,Scottish Borders,2014,114.76,4742.685,318.024,278.457,98.934,73.064,31.214,750.646,40.854,-105.695
S12000026,Scottish Borders,2015,114.89,4742.685,323.637,269.567,88.553,64.734,28.136,775.645,47.376,-133.042
S12000026,Scottish Borders,2016,115.46,4742.685,326.710,244.953,84.838,52.747,24.614,758.412,44.174,-128.916
S12000026,Scottish Borders,2017,115.97,4742.685,338.933,234.237,91.186,39.618,24.434,760.106,46.527,-148.297
S12000026,Scottish Borders,2018,116.19,4742.685,337.420,226.808,80.311,49.535,22.477,728.089,45.968,-170.240
S12000026,Scottish Borders,2019,116.49,4742.685,321.909,218.445,73.212,44.116,17.143,752.967,35.576,-166.160
S12000026,Scottish Borders,2020,116.38,4742.685,215.205,209.167,64.849,37.510,16.037,744.892,18.980,-153.698
S12000026,Scottish Borders,2021,117.08,4742.685,250.967,208.732,64.868,44.560,18.081,755.324,19.424,-154.812
S12000026,Scottish Borders,2022,116.82,4742.685,247.382,175.081,62.097,44.681,16.050,727.375,20.481,-137.632
S12000026,Scottish Borders,2023,116.88,4742.685,238.437,168.760,56.988,39.157,15.133,746.297,21.206,-136.675
S12000026,Scottish Borders,2024,116.98,4742.685,239.971,165.307,57.197,36.224,14.756,736.417,18.531,-106.539
S12000027,Shetland Islands,2005,22.25,1657.2904,65.910,86.076,28.501,24.196,6.573,106.451,6.516,365.307
S12000027,Shetland Islands,2006,22.21,1657.2904,75.350,88.052,26.786,25.213,6.746,99.139,6.107,364.138
S12000027,Shetland Islands,2007,22.35,1657.2904,63.787,87.015,25.701,23.639,6.321,100.355,5.559,362.633
S12000027,Shetland Islands,2008,22.48,1657.2904,58.677,84.906,23.980,24.128,6.393,95.256,5.123,361.282
S12000027,Shetland Islands,2009,22.8,1657.2904,57.243,78.469,20.938,21.521,5.625,97.788,3.594,360.763
S12000027,Shetland Islands,2010,23.06,1657.2904,55.586,84.120,21.926,22.007,5.790,95.193,4.078,360.359
S12000027,Shetland Islands,2011,23.24,1657.2904,54.176,78.389,21.272,20.398,5.406,96.139,10.560,359.197
S12000027,Shetland Islands,2012,23.2,1657.2904,55.475,80.841,19.449,21.400,5.635,97.600,5.384,357.868
S12000027,Shetland Islands,2013,23.18,1657.2904,51.117,76.854,19.369,20.616,5.410,96.233,5.419,357.754
S12000027,Shetland Islands,2014,23.33,1657.2904,54.713,67.452,18.929,18.291,4.856,95.931,5.103,356.853
S12000027,Shetland Islands,2015,23.37,1657.2904,53.491,60.717,16.704,16.610,4.265,97.088,7.260,356.002
S12000027,Shetland Islands,2016,23.24,1657.2904,54.211,53.570,12.883,11.790,3.217,95.796,4.973,355.782
S12000027,Shetland Islands,2017,23.11,1657.2904,54.250,48.867,14.814,8.156,3.318,97.168,5.814,355.378
S12000027,Shetland Islands,2018,23,1657.2904,52.690,46.055,11.568,9.546,2.809,91.721,5.724,354.510
S12000027,Shetland Islands,2019,22.91,1657.2904,52.035,42.985,9.438,7.771,2.765,95.254,5.463,353.863
S12000027,Shetland Islands,2020,22.89,1657.2904,40.199,40.890,8.504,6.291,2.411,97.659,4.565,353.236
S12000027,Shetland Islands,2021,22.96,1657.2904,44.122,41.291,9.434,7.485,2.718,98.168,4.346,352.181
S12000027,Shetland Islands,2022,23.02,1657.2904,45.480,36.889,7.872,6.803,2.845,93.028,3.520,351.629
S12000027,Shetland Islands,2023,23.1,1657.2904,44.863,33.308,7.269,6.037,2.374,100.999,4.999,350.531
S12000027,Shetland Islands,2024,23.19,1657.2904,44.855,31.324,7.279,6.107,2.815,91.594,5.102,349.613
S12000028,South Ayrshire,2005,112.03,1234.6853,248.642,339.112,153.901,131.486,37.301,317.609,48.707,-56.198
S12000028,South Ayrshire,2006,112.1,1234.6853,249.283,336.609,168.940,142.535,40.043,308.697,44.450,-67.038
S12000028,South Ayrshire,2007,112.38,1234.6853,253.013,324.713,175.412,143.783,40.201,311.248,40.270,-67.174
S12000028,South Ayrshire,2008,112.61,1234.6853,245.605,327.774,176.748,140.444,39.511,301.287,31.551,-78.456
S12000028,South Ayrshire,2009,112.49,1234.6853,239.371,298.884,161.453,120.259,33.863,299.021,38.376,-85.141
S12000028,South Ayrshire,2010,112.6,1234.6853,238.657,316.691,161.116,124.048,36.352,300.998,23.994,-87.214
S12000028,South Ayrshire,2011,112.98,1234.6853,230.812,279.918,151.286,112.020,32.903,296.406,41.477,-95.241
S12000028,South Ayrshire,2012,112.9,1234.6853,222.870,297.368,136.348,121.117,34.630,298.575,29.320,-87.871
S12000028,South Ayrshire,2013,112.71,1234.6853,217.960,290.117,156.968,117.211,36.446,295.131,12.224,-86.103
S12000028,South Ayrshire,2014,112.44,1234.6853,221.391,245.472,141.871,97.539,31.031,298.494,11.147,-85.462
S12000028,South Ayrshire,2015,112.26,1234.6853,221.734,241.109,143.010,90.305,29.269,302.711,9.270,-90.212
S12000028,South Ayrshire,2016,112.2,1234.6853,229.531,219.280,129.155,77.774,24.526,295.199,12.916,-84.888
S12000028,South Ayrshire,2017,112.4,1234.6853,233.844,213.057,127.052,61.500,24.353,293.798,22.648,-82.255
S12000028,South Ayrshire,2018,111.99,1234.6853,229.072,207.960,97.161,68.164,19.641,284.736,10.175,-85.351
S12000028,South Ayrshire,2019,112.01,1234.6853,221.262,204.151,111.703,60.649,20.476,283.594,9.585,-80.835
S12000028,South Ayrshire,2020,111.47,1234.6853,177.870,194.130,100.304,53.131,18.237,279.171,21.606,-74.852
S12000028,South Ayrshire,2021,111.56,1234.6853,208.477,196.617,123.807,64.039,19.826,281.657,11.139,-72.935
S12000028,South Ayrshire,2022,111.56,1234.6853,209.565,162.314,119.352,55.517,16.967,273.956,8.105,-61.844
S12000028,South Ayrshire,2023,111.94,1234.6853,209.180,159.464,114.852,49.952,15.734,272.886,6.642,-57.405
S12000028,South Ayrshire,2024,112.26,1234.6853,209.598,155.316,118.619,50.450,14.932,271.365,7.090,-42.339
S12000029,South Lanarkshire,2005,306.85,1774.0224,686.647,889.565,332.197,313.430,118.839,390.350,274.302,26.312
S12000029,South Lanarkshire,2006,308.45,1774.0224,691.785,890.938,327.748,337.198,121.062,378.997,255.892,22.545
S12000029,South Lanarkshire,2007,310.37,1774.0224,697.667,871.465,312.472,313.640,114.745,376.994,235.294,3.354
S12000029,South Lanarkshire,2008,311.31,1774.0224,676.473,877.231,299.464,319.348,118.072,365.276,263.180,-7.342
S12000029,South Lanarkshire,2009,312.18,1774.0224,666.826,796.714,241.969,253.842,92.365,360.540,178.444,-6.466
S12000029,South Lanarkshire,2010,313.18,1774.0224,659.209,843.197,262.360,259.774,99.000,357.866,172.624,-2.040
S12000029,South Lanarkshire,2011,313.9,1774.0224,641.563,756.384,244.209,234.931,87.515,350.423,185.867,-16.453
S12000029,South Lanarkshire,2012,314.77,1774.0224,646.112,808.504,243.830,245.098,93.748,351.668,170.254,-29.277
S12000029,South Lanarkshire,2013,315.81,1774.0224,640.365,783.634,243.513,227.560,88.369,337.631,149.388,-9.297
S12000029,South Lanarkshire,2014,316.77,1774.0224,645.934,660.430,216.021,186.179,73.079,338.618,131.451,-16.157
S12000029,South Lanarkshire,2015,318.11,1774.0224,640.988,651.233,201.886,171.076,67.779,344.019,97.070,-6.454
S12000029,South Lanarkshire,2016,319.05,1774.0224,672.459,593.102,160.969,139.777,52.527,338.076,104.541,-24.995
S12000029,South Lanarkshire,2017,320.48,1774.0224,696.111,575.038,175.823,118.566,57.315,336.870,133.212,-27.069
S12000029,South Lanarkshire,2018,321.32,1774.0224,687.675,561.277,149.892,138.184,52.130,325.317,131.750,-23.952
S12000029,South Lanarkshire,2019,323.12,1774.0224,663.877,552.481,130.896,123.577,48.901,323.061,114.262,-19.456
S12000029,South Lanarkshire,2020,323.62,1774.0224,555.492,526.346,118.547,109.079,46.716,320.192,89.034,-18.407
S12000029,South Lanarkshire,2021,325.39,1774.0224,656.710,538.551,128.051,122.080,50.266,321.010,94.338,-27.764
S12000029,South Lanarkshire,2022,327.46,1774.0224,655.723,452.899,116.951,118.316,43.547,311.358,90.232,-24.620
S12000029,South Lanarkshire,2023,331.09,1774.0224,643.338,442.672,109.825,104.712,39.910,311.617,87.298,-21.762
S12000029,South Lanarkshire,2024,334.03,1774.0224,647.834,432.703,91.412,93.383,38.474,310.855,89.640,7.928
S12000030,Stirling,2005,87.51,2254.8126,275.581,269.149,240.929,108.192,47.212,198.863,98.785,-109.416
S12000030,Stirling,2006,88.09,2254.8126,284.395,269.056,234.605,116.452,46.902,195.598,88.988,-123.830
S12000030,Stirling,2007,88.43,2254.8126,292.016,258.733,233.345,108.475,45.958,191.411,80.072,-116.840
S12000030,Stirling,2008,88.54,2254.8126,280.955,259.896,211.008,101.104,41.886,189.150,77.381,-135.765
S12000030,Stirling,2009,88.69,2254.8126,271.821,241.084,190.741,89.521,37.248,190.700,65.309,-142.387
S12000030,Stirling,2010,89.55,2254.8126,268.944,260.588,223.366,97.519,43.108,187.019,60.859,-137.051
S12000030,Stirling,2011,90.33,2254.8126,259.587,228.070,197.174,88.556,37.866,185.648,52.218,-143.054
S12000030,Stirling,2012,90.46,2254.8126,253.907,241.581,210.821,94.065,40.423,185.180,19.450,-155.058
S12000030,Stirling,2013,90.29,2254.8126,248.550,232.550,208.610,86.534,38.773,182.685,22.548,-149.765
S12000030,Stirling,2014,90.15,2254.8126,255.084,198.420,176.489,68.266,32.451,183.394,30.149,-153.773
S12000030,Stirling,2015,90.89,2254.8126,257.267,194.387,173.377,64.486,31.257,189.053,34.903,-168.397
S12000030,Stirling,2016,91.6,2254.8126,271.636,176.688,172.272,54.563,28.116,190.728,24.352,-163.664
S12000030,Stirling,2017,91.78,2254.8126,273.640,171.530,152.541,45.793,28.096,192.954,21.470,-162.292
S12000030,Stirling,2018,91.94,2254.8126,270.653,166.042,164.729,57.166,27.584,179.448,36.840,-168.958
S12000030,Stirling,2019,92.1,2254.8126,261.668,160.663,141.052,57.505,25.803,184.125,46.051,-131.634
S12000030,Stirling,2020,92.09,2254.8126,215.173,152.408,134.498,48.116,22.837,180.373,50.848,-158.542
S12000030,Stirling,2021,91.47,2254.8126,240.114,155.478,146.646,55.924,27.458,182.948,48.146,-160.399
S12000030,Stirling,2022,92.61,2254.8126,243.013,132.492,131.811,54.950,24.947,172.596,50.587,-150.492
S12000030,Stirling,2023,93.54,2254.8126,237.455,128.303,130.067,47.924,22.382,177.033,55.584,-151.120
S12000030,Stirling,2024,94.21,2254.8126,240.173,125.808,111.143,45.289,22.429,169.884,23.279,-135.252
S12000033,Aberdeen City,2005,208.69,205.6013,404.527,620.244,261.531,471.921,154.292,42.381,231.331,37.633
S12000033,Aberdeen City,2006,209.63,205.6013,411.685,618.619,290.814,444.364,130.198,40.903,211.265,34.948
S12000033,Aberdeen City,2007,212.47,205.6013,398.710,602.891,272.694,429.127,124.619,40.503,191.775,34.604
S12000033,Aberdeen City,2008,214.02,205.6013,386.689,607.305,253.255,443.386,126.487,40.916,188.444,33.755
S12000033,Aberdeen City,2009,217.02,205.6013,366.393,548.537,224.689,393.398,112.966,40.523,133.374,32.365
S12000033,Aberdeen City,2010,219.73,205.6013,354.749,581.756,245.449,413.000,121.757,40.404,160.970,32.228
S12000033,Aberdeen City,2011,222.46,205.6013,339.894,518.856,242.573,397.097,120.297,38.043,154.271,31.311
S12000033,Aberdeen City,2012,224.04,205.6013,336.707,557.187,239.535,424.600,132.491,39.052,111.296,29.449
S12000033,Aberdeen City,2013,225.26,205.6013,327.719,536.381,235.117,394.001,122.006,37.197,103.341,29.621
S12000033,Aberdeen City,2014,226.17,205.6013,329.328,457.131,222.985,339.405,105.315,36.643,119.219,28.852
S12000033,Aberdeen City,2015,226.68,205.6013,322.973,448.300,212.456,305.288,103.128,37.820,103.856,27.100
S12000033,Aberdeen City,2016,225.34,205.6013,325.219,401.953,193.383,251.791,93.484,36.017,101.577,27.863
S12000033,Aberdeen City,2017,223.89,205.6013,321.963,384.400,213.932,202.266,100.274,37.816,57.665,28.588
S12000033,Aberdeen City,2018,222.17,205.6013,313.620,373.928,173.578,241.969,90.568,32.202,59.204,27.528
S12000033,Aberdeen City,2019,222.76,205.6013,337.944,365.627,166.507,215.377,81.798,31.186,60.189,29.652
S12000033,Aberdeen City,2020,222.71,205.6013,266.660,345.033,135.587,176.735,80.356,30.383,56.029,30.113
S12000033,Aberdeen City,2021,220.63,205.6013,325.771,365.435,134.090,193.656,86.147,29.537,48.307,29.931
S12000033,Aberdeen City,2022,224.25,205.6013,340.077,306.886,104.604,189.201,82.731,27.526,66.907,30.671
S12000033,Aberdeen City,2023,229.36,205.6013,335.495,295.731,73.697,167.024,77.705,28.241,59.030,30.873
S12000033,Aberdeen City,2024,231.78,205.6013,336.270,285.887,71.207,147.958,77.370,27.683,52.315,31.846
S12000034,Aberdeenshire,2005,237.57,6338.1488,645.937,824.589,264.841,225.377,53.061,1234.631,184.691,722.992
S12000034,Aberdeenshire,2006,241.18,6338.1488,669.409,842.602,409.196,235.314,54.437,1215.999,167.912,658.569
S12000034,Aberdeenshire,2007,244.39,6338.1488,676.515,815.016,404.750,241.692,54.393,1243.053,151.976,643.312
S12000034,Aberdeenshire,2008,246.83,6338.1488,651.965,825.976,371.079,245.701,54.072,1225.990,154.105,584.728
S12000034,Aberdeenshire,2009,249.02,6338.1488,624.210,770.446,249.697,218.357,48.790,1239.213,185.701,547.934
S12000034,Aberdeenshire,2010,251.43,6338.1488,621.045,840.193,221.797,222.999,49.720,1229.362,150.613,533.443
S12000034,Aberdeenshire,2011,253.65,6338.1488,602.473,745.581,205.892,185.671,43.540,1182.957,150.257,510.246
S12000034,Aberdeenshire,2012,255.75,6338.1488,605.004,782.358,203.475,210.222,47.821,1200.513,144.498,461.170
S12000034,Aberdeenshire,2013,258.13,6338.1488,605.942,758.070,206.037,197.107,46.074,1176.253,103.618,423.351
S12000034,Aberdeenshire,2014,261.35,6338.1488,624.393,660.646,196.042,179.498,41.639,1175.486,92.746,399.663
S12000034,Aberdeenshire,2015,263.25,6338.1488,629.581,638.231,175.516,149.308,35.873,1204.907,118.989,348.653
S12000034,Aberdeenshire,2016,263.46,6338.1488,658.254,585.041,158.845,120.392,24.938,1180.450,112.317,351.583
S12000034,Aberdeenshire,2017,262.92,6338.1488,699.454,554.102,174.592,91.412,25.272,1172.266,140.516,311.470
S12000034,Aberdeenshire,2018,262.22,6338.1488,663.216,540.474,152.469,108.787,25.140,1101.160,131.302,267.351
S12000034,Aberdeenshire,2019,261.9,6338.1488,649.438,520.225,128.816,95.779,27.533,1107.411,144.411,276.616
S12000034,Aberdeenshire,2020,261.51,6338.1488,536.704,499.612,120.847,84.238,25.786,1096.356,141.734,267.836
S12000034,Aberdeenshire,2021,263.14,6338.1488,592.667,506.031,139.032,93.932,28.093,1113.215,123.377,259.627
S12000034,Aberdeenshire,2022,263.75,6338.1488,602.854,423.796,109.678,93.305,29.184,1065.812,136.568,289.880
S12000034,Aberdeenshire,2023,264.61,6338.1488,595.755,411.994,114.959,76.767,22.823,1092.398,92.405,271.479
S12000034,Aberdeenshire,2024,265.08,6338.1488,596.354,407.359,114.591,64.988,23.317,1081.954,85.306,310.384
S12000035,Argyll and Bute,2005,90.34,7165.1715,192.917,316.094,68.134,104.014,25.879,361.794,38.378,-544.799
S12000035,Argyll and Bute,2006,90.86,7165.1715,191.718,318.446,63.533,109.183,26.366,346.107,35.557,-596.764
S12000035,Argyll and Bute,2007,90.79,7165.1715,193.682,306.049,63.377,104.187,24.661,341.017,32.390,-580.257
S12000035,Argyll and Bute,2008,89.91,7165.1715,188.243,311.851,58.076,107.141,25.431,328.845,29.066,-647.752
S12000035,Argyll and Bute,2009,89.45,7165.1715,186.052,285.699,51.283,97.150,22.598,327.411,26.546,-668.711
S12000035,Argyll and Bute,2010,88.62,7165.1715,185.359,301.721,56.967,99.989,23.307,323.531,22.775,-646.450
S12000035,Argyll and Bute,2011,88.93,7165.1715,181.565,272.575,54.659,91.023,21.392,317.166,38.206,-676.037
S12000035,Argyll and Bute,2012,87.17,7165.1715,179.403,287.328,51.659,108.789,24.844,319.385,35.712,-641.770
S12000035,Argyll and Bute,2013,88.47,7165.1715,178.729,270.002,49.541,97.419,22.374,310.742,31.043,-617.167
S12000035,Argyll and Bute,2014,88.45,7165.1715,183.624,232.440,50.340,81.041,19.303,309.283,26.670,-618.215
S12000035,Argyll and Bute,2015,87.85,7165.1715,187.418,218.031,44.212,76.321,17.162,310.513,45.775,-617.053
S12000035,Argyll and Bute,2016,88.23,7165.1715,195.918,194.866,37.301,64.378,13.135,298.052,26.489,-604.132
S12000035,Argyll and Bute,2017,88.09,7165.1715,203.736,185.445,40.739,54.059,13.923,292.070,34.937,-594.606
S12000035,Argyll and Bute,2018,87.59,7165.1715,199.482,179.031,39.469,62.239,12.642,275.423,28.731,-596.222
S12000035,Argyll and Bute,2019,87.36,7165.1715,191.023,170.641,33.251,54.969,11.512,277.776,30.044,-591.629
S12000035,Argyll and Bute,2020,87.16,7165.1715,150.640,162.708,33.803,45.382,10.645,279.445,28.677,-561.431
S12000035,Argyll and Bute,2021,87.96,7165.1715,175.208,163.466,35.986,53.063,11.313,281.972,30.986,-540.427
S12000035,Argyll and Bute,2022,87.93,7165.1715,178.755,139.925,30.804,46.929,10.689,274.001,38.946,-492.024
S12000035,Argyll and Bute,2023,87.96,7165.1715,174.813,131.514,26.259,41.664,9.978,276.780,35.159,-461.624
S12000035,Argyll and Bute,2024,87.69,7165.1715,173.209,127.205,31.710,34.420,12.279,265.638,37.341,-378.739
S12000036,City of Edinburgh,2005,449.47,273.0043,946.041,1226.350,281.910,889.250,352.666,43.957,345.981,74.690
S12000036,City of Edinburgh,2006,452.04,273.0043,941.964,1220.660,286.705,940.079,348.857,41.331,314.616,72.207
S12000036,City of Edinburgh,2007,456.04,273.0043,939.525,1203.104,288.564,924.882,335.508,42.584,286.152,71.811
S12000036,City of Edinburgh,2008,458.52,273.0043,912.489,1198.618,269.489,922.047,337.609,43.272,281.129,71.725
S12000036,City of Edinburgh,2009,463.23,273.0043,900.582,1077.424,238.468,819.273,299.764,42.847,212.377,70.629
S12000036,City of Edinburgh,2010,469.93,273.0043,863.251,1142.476,257.956,845.417,321.100,42.068,227.406,69.667
S12000036,City of Edinburgh,2011,477.94,273.0043,820.789,1011.858,234.616,757.410,289.644,41.969,193.931,68.311
S12000036,City of Edinburgh,2012,480.42,273.0043,795.115,1101.874,247.446,817.094,308.993,42.925,193.673,66.870
S12000036,City of Edinburgh,2013,482.65,273.0043,780.148,1062.600,239.809,773.772,303.481,40.906,136.389,68.278
S12000036,City of Edinburgh,2014,485.27,273.0043,777.218,899.037,194.882,593.427,247.306,40.528,144.502,68.274
S12000036,City of Edinburgh,2015,490.28,273.0043,776.862,884.332,201.254,587.602,245.336,42.367,151.561,65.832
S12000036,City of Edinburgh,2016,496.2,273.0043,789.252,803.910,173.234,500.721,211.387,41.214,139.834,69.522
S12000036,City of Edinburgh,2017,500.77,273.0043,771.176,785.097,188.891,423.706,227.089,40.221,125.854,70.677
S12000036,City of Edinburgh,2018,503.92,273.0043,747.061,760.434,153.681,484.104,194.994,36.417,153.432,71.297
S12000036,City of Edinburgh,2019,508.28,273.0043,716.815,754.688,169.881,431.443,164.606,36.367,137.411,72.498
S12000036,City of Edinburgh,2020,509.55,273.0043,557.572,713.050,151.759,350.903,151.401,35.940,101.863,71.407
S12000036,City of Edinburgh,2021,505.75,273.0043,671.723,740.442,150.505,416.613,169.386,35.187,111.758,70.310
S12000036,City of Edinburgh,2022,514.57,273.0043,689.325,623.505,136.028,397.925,147.101,33.288,156.074,70.069
S12000036,City of Edinburgh,2023,524.14,273.0043,688.836,607.773,136.086,361.437,134.631,33.753,147.205,69.917
S12000036,City of Edinburgh,2024,530.68,273.0043,688.209,587.439,119.677,315.720,141.094,34.329,143.052,70.552
S12000038,Renfrewshire,2005,171.43,269.2397,368.760,461.855,177.394,246.236,84.211,73.519,254.748,38.534
S12000038,Renfrewshire,2006,171.27,269.2397,367.578,456.590,182.609,260.925,84.592,70.049,232.980,36.291
S12000038,Renfrewshire,2007,171.87,269.2397,369.019,443.987,180.972,255.578,80.385,67.554,214.817,35.677
S12000038,Renfrewshire,2008,172.64,269.2397,359.331,445.917,161.108,233.194,75.129,65.947,192.708,34.814
S12000038,Renfrewshire,2009,173.02,269.2397,345.467,406.355,146.461,215.877,69.367,64.388,167.282,33.870
S12000038,Renfrewshire,2010,173.7,269.2397,336.961,427.807,164.271,231.851,77.561,64.906,139.173,32.530
S12000038,Renfrewshire,2011,174.7,269.2397,327.039,378.566,151.229,207.515,67.441,61.711,109.011,31.938
S12000038,Renfrewshire,2012,174.66,269.2397,320.183,400.817,157.864,222.566,74.155,63.061,91.443,30.550
S12000038,Renfrewshire,2013,174.6,269.2397,316.515,391.116,154.928,207.730,70.908,62.716,84.940,31.879
S12000038,Renfrewshire,2014,175.28,269.2397,320.300,327.917,122.298,140.927,52.030,60.113,68.178,30.502
S12000038,Renfrewshire,2015,175.9,269.2397,321.868,323.847,126.258,152.520,54.805,61.745,60.245,27.553
S12000038,Renfrewshire,2016,177.4,269.2397,327.683,293.845,113.598,132.766,42.368,61.048,70.913,29.602
S12000038,Renfrewshire,2017,178.53,269.2397,333.249,286.788,108.493,109.373,48.548,56.728,81.740,29.952
S12000038,Renfrewshire,2018,179.51,269.2397,330.210,280.504,97.690,124.027,38.923,50.110,80.178,74.525
S12000038,Renfrewshire,2019,181.04,269.2397,321.492,275.181,88.531,114.564,37.885,49.491,76.601,33.264
S12000038,Renfrewshire,2020,181.61,269.2397,257.404,260.357,79.908,92.785,35.478,48.567,68.113,34.310
S12000038,Renfrewshire,2021,182.33,269.2397,311.085,266.150,98.844,106.008,37.627,47.079,69.933,33.441
S12000038,Renfrewshire,2022,184.37,269.2397,322.314,224.670,97.651,123.291,33.023,43.540,72.107,33.654
S12000038,Renfrewshire,2023,187.15,269.2397,313.496,220.349,85.931,96.955,32.532,43.349,81.007,33.430
S12000038,Renfrewshire,2024,189.17,269.2397,316.233,214.251,70.896,91.295,34.790,42.644,77.917,34.716
S12000039,West Dunbartonshire,2005,91.53,182.783,157.966,235.332,75.849,91.815,51.320,30.587,128.314,12.964
S12000039,West Dunbartonshire,2006,91.41,182.783,155.925,231.803,76.172,103.323,53.197,29.441,118.613,11.896
S12000039,West Dunbartonshire,2007,91.37,182.783,154.951,224.413,74.893,99.972,51.456,29.357,111.586,11.907
S12000039,West Dunbartonshire,2008,91.19,182.783,151.010,224.694,67.554,89.433,48.196,28.295,96.236,10.808
S12000039,West Dunbartonshire,2009,91.08,182.783,150.663,201.968,59.651,81.441,42.409,27.622,85.941,10.135
S12000039,West Dunbartonshire,2010,90.8,182.783,145.798,212.450,66.817,85.508,47.494,26.824,76.160,10.244
S12000039,West Dunbartonshire,2011,90.61,182.783,141.109,187.642,62.404,79.645,43.604,25.586,67.025,8.876
S12000039,West Dunbartonshire,2012,90.42,182.783,138.713,195.537,58.604,71.420,42.350,24.054,55.350,9.264
S12000039,West Dunbartonshire,2013,89.98,182.783,135.021,190.562,59.176,70.531,42.189,22.945,61.361,10.488
S12000039,West Dunbartonshire,2014,89.95,182.783,135.154,160.768,50.711,59.011,34.800,22.230,48.603,9.185
S12000039,West Dunbartonshire,2015,89.93,182.783,133.910,158.143,48.525,55.665,33.221,22.824,41.845,7.465
S12000039,West Dunbartonshire,2016,90.26,182.783,135.348,142.240,34.893,46.868,30.031,22.451,44.036,9.070
S12000039,West Dunbartonshire,2017,90.12,182.783,132.407,138.065,37.517,33.926,30.647,22.456,43.487,10.636
S12000039,West Dunbartonshire,2018,89.66,182.783,129.401,133.809,30.347,39.226,27.673,19.715,40.699,46.333
S12000039,West Dunbartonshire,2019,89.56,182.783,123.788,130.574,25.412,37.790,36.338,19.931,40.724,112.197
S12000039,West Dunbartonshire,2020,88.99,182.783,102.055,123.994,26.954,31.486,32.136,19.139,40.310,13.252
S12000039,West Dunbartonshire,2021,88.51,182.783,127.521,126.183,34.092,33.877,31.254,19.795,40.689,12.910
S12000039,West Dunbartonshire,2022,88.27,182.783,133.135,104.739,32.668,39.964,24.679,19.180,40.948,13.556
S12000039,West Dunbartonshire,2023,88.94,182.783,130.502,102.113,28.126,35.691,23.172,19.266,42.544,13.606
S12000039,West Dunbartonshire,2024,89.12,182.783,130.511,98.788,31.373,29.246,20.727,17.372,42.337,14.704
S12000040,West Lothian,2005,165.01,431.5908,439.368,443.697,303.001,201.242,77.522,104.831,231.502,58.178
S12000040,West Lothian,2006,167.11,431.5908,435.773,439.365,289.373,211.941,78.197,106.249,209.909,54.523
S12000040,West Lothian,2007,169.47,431.5908,443.983,437.517,277.573,198.959,73.494,103.445,190.123,54.577
S12000040,West Lothian,2008,171.39,431.5908,435.177,439.662,268.924,202.023,75.158,101.543,186.720,50.758
S12000040,West Lothian,2009,173.04,431.5908,423.870,397.319,233.190,171.734,64.556,100.167,178.309,47.471
S12000040,West Lothian,2010,174.09,431.5908,418.738,422.523,284.682,187.575,76.116,101.380,186.732,44.677
S12000040,West Lothian,2011,175.3,431.5908,406.791,376.489,242.350,173.407,65.926,97.475,140.708,42.704
S12000040,West Lothian,2012,175.48,431.5908,398.360,403.145,250.606,188.221,71.920,97.876,94.675,43.551
S12000040,West Lothian,2013,175.2,431.5908,392.520,395.951,240.686,168.794,66.535,92.825,71.885,43.363
S12000040,West Lothian,2014,176.06,431.5908,395.589,335.613,206.128,139.427,54.492,93.272,80.833,42.028
S12000040,West Lothian,2015,177.06,431.5908,399.212,333.628,201.231,125.381,51.416,95.559,89.192,38.732
S12000040,West Lothian,2016,178.33,431.5908,406.511,305.255,192.821,100.463,38.547,94.834,105.597,74.657
S12000040,West Lothian,2017,179.08,431.5908,418.084,299.445,214.279,79.995,40.351,96.162,90.085,47.434
S12000040,West Lothian,2018,179.27,431.5908,417.321,292.073,175.795,90.429,35.799,90.060,94.473,44.051
S12000040,West Lothian,2019,179.74,431.5908,400.739,289.809,182.967,120.490,43.417,90.111,99.871,46.019
S12000040,West Lothian,2020,179.92,431.5908,333.933,275.038,127.624,77.879,35.618,89.027,97.450,47.575
S12000040,West Lothian,2021,180.85,431.5908,383.300,284.628,147.916,86.404,39.546,87.686,93.314,46.795
S12000040,West Lothian,2022,181.73,431.5908,382.668,240.447,159.197,83.545,29.581,85.491,98.632,48.625
S12000040,West Lothian,2023,184.27,431.5908,380.231,235.804,145.311,74.813,28.905,85.638,86.361,48.859
S12000040,West Lothian,2024,186.44,431.5908,378.868,230.065,130.594,80.456,30.207,82.520,100.140,51.468
S12000041,Angus,2005,111.34,2203.8928,256.389,356.973,137.896,93.277,32.554,319.927,87.325,376.134
S12000041,Angus,2006,112.5,2203.8928,272.179,359.154,130.822,95.829,32.137,312.664,80.378,370.397
S12000041,Angus,2007,113.54,2203.8928,274.169,349.479,132.591,96.573,32.444,327.250,73.983,368.673
S12000041,Angus,2008,114.49,2203.8928,270.541,352.027,127.768,96.021,32.318,327.997,79.585,361.953
S12000041,Angus,2009,114.83,2203.8928,262.967,319.996,117.372,82.083,28.325,332.240,60.773,360.637
S12000041,Angus,2010,115.41,2203.8928,264.631,343.016,125.500,83.520,29.671,328.651,59.623,362.739
S12000041,Angus,2011,116.2,2203.8928,255.051,302.260,117.259,76.923,27.349,318.765,59.483,356.434
S12000041,Angus,2012,116.11,2203.8928,253.524,321.688,127.367,83.136,30.214,324.573,76.929,349.673
S12000041,Angus,2013,116.17,2203.8928,252.355,308.987,125.277,77.009,28.533,315.206,47.548,347.188
S12000041,Angus,2014,116.55,2203.8928,258.593,265.165,111.921,67.093,24.770,311.601,37.339,341.998
S12000041,Angus,2015,116.87,2203.8928,255.874,254.814,109.220,59.839,22.694,324.362,35.675,333.910
S12000041,Angus,2016,116.45,2203.8928,263.615,231.228,93.691,47.722,18.817,313.892,37.489,336.681
S12000041,Angus,2017,116.09,2203.8928,269.508,221.530,85.295,47.337,21.055,313.610,35.483,333.349
S12000041,Angus,2018,115.61,2203.8928,262.557,215.059,85.210,48.295,20.503,292.319,21.935,325.865
S12000041,Angus,2019,115.53,2203.8928,253.382,207.591,73.456,48.008,20.490,300.571,23.145,331.704
S12000041,Angus,2020,114.99,2203.8928,207.670,197.272,70.423,40.746,17.948,293.514,23.816,336.013
S12000041,Angus,2021,114.95,2203.8928,230.166,201.608,75.974,44.855,22.288,296.412,23.458,329.985
S12000041,Angus,2022,114.67,2203.8928,231.801,169.215,76.712,37.838,15.390,282.489,24.409,328.282
S12000041,Angus,2023,114.95,2203.8928,228.575,164.249,64.756,38.622,17.492,302.613,24.853,320.510
S12000041,Angus,2024,114.81,2203.8928,230.022,158.503,57.496,32.970,16.819,295.668,24.773,323.056
S12000042,Dundee City,2005,143.6,62.2238,286.502,399.808,137.195,214.439,123.094,6.985,23.294,22.864
S12000042,Dundee City,2006,143.36,62.2238,283.728,398.673,134.079,221.030,119.425,6.981,21.840,22.396
S12000042,Dundee City,2007,143.7,62.2238,287.469,392.023,133.011,212.832,116.502,7.233,20.162,21.549
S12000042,Dundee City,2008,144.29,62.2238,279.734,387.981,126.657,207.223,111.943,7.111,23.586,21.615
S12000042,Dundee City,2009,145.17,62.2238,269.946,348.014,113.204,184.544,100.496,7.050,9.618,21.221
S12000042,Dundee City,2010,146.06,62.2238,259.189,366.391,125.508,186.467,102.504,6.634,7.666,21.601
S12000042,Dundee City,2011,147.2,62.2238,246.850,325.233,112.384,170.792,94.861,6.391,11.702,21.750
S12000042,Dundee City,2012,147.56,62.2238,241.258,345.634,115.838,175.203,99.070,6.633,25.433,21.354
S12000042,Dundee City,2013,147.56,62.2238,231.041,327.422,121.833,168.749,97.169,6.476,32.777,21.501
S12000042,Dundee City,2014,147.36,62.2238,224.726,275.200,111.389,145.762,84.850,6.534,6.820,21.288
S12000042,Dundee City,2015,147.32,62.2238,219.839,264.810,108.033,133.152,82.578,6.289,6.600,20.770
S12000042,Dundee City,2016,147.22,62.2238,222.404,237.308,92.073,119.017,71.191,6.170,10.682,22.137
S12000042,Dundee City,2017,147.81,62.2238,219.486,228.984,94.690,99.168,70.557,6.173,14.034,21.976
S12000042,Dundee City,2018,147.77,62.2238,215.242,221.126,77.654,112.885,67.041,5.760,18.572,23.002
S12000042,Dundee City,2019,148.29,62.2238,206.779,215.622,66.234,95.130,61.848,5.457,18.374,23.410
S12000042,Dundee City,2020,148.07,62.2238,166.123,204.080,46.444,151.908,55.808,5.288,16.239,22.977
S12000042,Dundee City,2021,146.79,62.2238,207.630,214.111,43.828,96.865,75.023,5.402,12.028,22.861
S12000042,Dundee City,2022,148.47,62.2238,209.690,180.987,38.744,88.447,64.358,5.192,15.958,22.975
S12000042,Dundee City,2023,150.03,62.2238,205.157,175.222,46.107,77.823,57.878,5.490,12.920,23.119
S12000042,Dundee City,2024,149.88,62.2238,205.414,167.516,39.668,68.809,59.722,5.391,11.200,23.375
S12000045,East Dunbartonshire,2005,106.04,174.489,164.033,313.818,45.578,88.773,31.997,33.858,90.655,18.701
S12000045,East Dunbartonshire,2006,105.59,174.489,161.236,308.701,46.498,97.163,31.411,32.497,81.845,17.337
S12000045,East Dunbartonshire,2007,105.05,174.489,163.586,298.874,47.723,100.653,32.852,32.690,73.761,17.018
S12000045,East Dunbartonshire,2008,104.94,174.489,157.547,300.950,41.432,86.646,28.875,31.683,57.353,16.707
S12000045,East Dunbartonshire,2009,104.96,174.489,154.461,273.454,34.023,71.478,24.028,30.951,46.065,16.442
S12000045,East Dunbartonshire,2010,104.92,174.489,147.877,291.280,40.098,78.039,26.557,32.213,40.717,16.061
S12000045,East Dunbartonshire,2011,105,174.489,141.017,255.945,38.491,76.636,25.288,30.779,44.501,15.611
S12000045,East Dunbartonshire,2012,105.91,174.489,136.776,272.957,36.905,70.594,24.625,30.627,45.207,15.281
S12000045,East Dunbartonshire,2013,105.97,174.489,131.377,267.153,40.140,67.250,24.085,29.314,31.505,16.129
S12000045,East Dunbartonshire,2014,106.93,174.489,131.103,226.704,39.706,61.594,23.249,29.633,29.723,15.402
S12000045,East Dunbartonshire,2015,107.35,174.489,128.204,227.111,33.427,54.654,20.076,30.300,30.263,18.216
S12000045,East Dunbartonshire,2016,107.83,174.489,130.258,206.721,27.128,48.311,16.751,29.896,28.606,15.177
S12000045,East Dunbartonshire,2017,108.46,174.489,129.578,203.369,31.007,38.329,19.070,31.005,29.939,15.527
S12000045,East Dunbartonshire,2018,108.56,174.489,126.644,198.575,23.304,47.173,14.668,27.596,17.860,15.494
S12000045,East Dunbartonshire,2019,108.87,174.489,121.700,194.343,17.930,42.279,13.464,28.324,14.796,21.046
S12000045,East Dunbartonshire,2020,108.88,174.489,101.979,183.991,16.878,37.658,12.847,27.355,10.915,16.947
S12000045,East Dunbartonshire,2021,108.92,174.489,125.722,188.875,16.585,42.720,13.832,27.751,12.931,16.345
S12000045,East Dunbartonshire,2022,108.99,174.489,126.058,157.303,15.091,37.803,13.797,26.232,12.455,16.648
S12000045,East Dunbartonshire,2023,109.41,174.489,124.302,154.863,13.445,31.560,12.981,25.844,12.347,16.608
S12000045,East Dunbartonshire,2024,109.97,174.489,125.431,149.467,14.716,28.717,12.451,25.493,14.254,17.151
S12000047,Fife,2005,355.46,1376.1875,721.090,1026.395,1660.226,605.559,174.884,310.833,195.528,378.298
S12000047,Fife,2006,357.26,1376.1875,722.069,1016.760,1865.104,619.764,176.944,301.124,181.439,367.881
S12000047,Fife,2007,358.74,1376.1875,735.693,997.583,1897.289,617.892,174.451,311.765,165.306,369.398
S12000047,Fife,2008,360.04,1376.1875,713.745,997.649,1863.231,600.628,169.008,312.909,288.727,363.165
S12000047,Fife,2009,361.42,1376.1875,694.400,899.452,1612.518,440.375,125.126,315.051,321.779,359.790
S12000047,Fife,2010,362.61,1376.1875,682.355,962.222,1834.573,622.230,170.623,318.541,271.770,357.442
S12000047,Fife,2011,365.3,1376.1875,661.563,849.833,1564.948,509.245,143.075,308.937,234.705,351.506
S12000047,Fife,2012,365.95,1376.1875,645.815,909.971,1525.021,518.675,146.194,315.089,200.621,343.792
S12000047,Fife,2013,366.35,1376.1875,635.842,882.897,1289.897,423.772,121.532,305.573,162.417,341.769
S12000047,Fife,2014,366.37,1376.1875,643.809,743.655,1194.426,336.740,97.554,301.236,167.833,336.973
S12000047,Fife,2015,367.02,1376.1875,638.018,737.974,1260.391,326.163,91.968,318.212,202.456,331.573
S12000047,Fife,2016,368.83,1376.1875,656.162,673.188,1259.499,307.769,72.770,310.719,179.281,332.599
S12000047,Fife,2017,369.4,1376.1875,667.184,658.278,1272.158,255.296,74.663,309.763,168.345,332.999
S12000047,Fife,2018,369.27,1376.1875,646.631,636.542,1178.153,289.768,65.861,295.270,163.423,332.444
S12000047,Fife,2019,370.62,1376.1875,627.511,625.597,920.256,241.631,57.726,300.359,178.368,335.880
S12000047,Fife,2020,370.76,1376.1875,508.833,591.791,1207.453,215.788,52.692,292.626,177.167,342.172
S12000047,Fife,2021,370.88,1376.1875,600.171,610.784,968.287,222.937,56.356,311.773,175.974,337.729
S12000047,Fife,2022,371.39,1376.1875,603.011,508.320,1108.764,263.842,56.329,276.769,180.891,337.962
S12000047,Fife,2023,373.57,1376.1875,596.546,498.248,1302.215,200.257,46.981,290.887,166.599,333.986
S12000047,Fife,2024,374.76,1376.1875,599.952,479.077,1109.497,236.522,54.571,291.011,128.217,337.199
S12000048,Perth and Kinross,2005,138.06,5418.9445,555.791,477.859,94.762,170.320,67.698,476.789,103.739,-27.016
S12000048,Perth and Kinross,2006,139.38,5418.9445,558.342,482.429,95.596,181.667,69.740,459.733,95.838,-58.238
S12000048,Perth and Kinross,2007,141.14,5418.9445,568.320,467.528,96.009,177.521,66.075,468.341,88.902,-49.053
S12000048,Perth and Kinross,2008,143.13,5418.9445,549.196,470.811,85.139,177.029,65.659,469.662,105.021,-88.459
S12000048,Perth and Kinross,2009,144.37,5418.9445,539.012,438.421,75.747,160.366,59.078,475.372,95.208,-104.069
S12000048,Perth and Kinross,2010,145.6,5418.9445,535.339,472.965,81.212,163.134,60.983,468.264,92.618,-99.580
S12000048,Perth and Kinross,2011,146.85,5418.9445,529.484,413.206,75.692,147.616,54.871,459.514,101.818,-111.638
S12000048,Perth and Kinross,2012,147.26,5418.9445,519.081,439.433,75.691,155.838,59.241,464.760,109.352,-141.427
S12000048,Perth and Kinross,2013,147.01,5418.9445,519.337,419.845,74.530,149.663,59.432,446.561,96.521,-145.208
S12000048,Perth and Kinross,2014,147.8,5418.9445,530.863,359.533,77.459,154.165,57.096,443.942,74.758,-156.216
S12000048,Perth and Kinross,2015,148.49,5418.9445,535.603,344.160,63.473,116.439,46.861,454.039,50.483,-176.502
S12000048,Perth and Kinross,2016,149.17,5418.9445,555.970,312.880,55.452,97.763,39.504,442.163,50.681,-179.441
S12000048,Perth and Kinross,2017,149.54,5418.9445,575.561,299.796,59.611,88.959,40.090,440.892,72.131,-185.248
S12000048,Perth and Kinross,2018,149.35,5418.9445,564.240,292.487,51.825,93.780,38.183,417.879,76.941,-205.037
S12000048,Perth and Kinross,2019,149.74,5418.9445,546.567,283.116,50.119,77.547,35.529,424.554,80.694,-204.124
S12000048,Perth and Kinross,2020,149.41,5418.9445,443.048,268.410,46.168,63.277,33.421,422.302,78.184,-193.104
S12000048,Perth and Kinross,2021,150.7,5418.9445,470.641,273.325,51.102,74.187,36.940,420.020,84.655,-199.529
S12000048,Perth and Kinross,2022,151.13,5418.9445,510.621,233.578,49.620,73.494,31.037,400.580,79.758,-185.233
S12000048,Perth and Kinross,2023,152.91,5418.9445,503.974,225.599,45.792,63.335,28.500,416.463,69.195,-189.277
S12000048,Perth and Kinross,2024,154.42,5418.9445,515.925,220.613,37.140,54.678,31.181,406.981,53.033,-139.413
S12000049,Glasgow City,2005,569.25,176.3559,986.498,1455.083,521.931,996.665,422.603,14.979,824.059,60.157
S12000049,Glasgow City,2006,568.46,176.3559,974.812,1438.423,512.797,1030.696,418.200,14.178,746.027,57.908
S12000049,Glasgow City,2007,571.76,176.3559,979.700,1384.474,501.893,1002.225,399.575,14.018,671.671,58.090
S12000049,Glasgow City,2008,576.2,176.3559,957.487,1382.420,497.933,1052.665,421.585,13.389,620.088,58.342
S12000049,Glasgow City,2009,581.62,176.3559,926.091,1236.513,427.240,827.282,350.563,13.358,546.459,57.607
S12000049,Glasgow City,2010,586.5,176.3559,899.535,1303.966,467.038,894.911,378.012,13.659,523.467,56.523
S12000049,Glasgow City,2011,593.06,176.3559,875.231,1152.452,433.822,851.423,348.328,12.898,436.472,57.039
S12000049,Glasgow City,2012,593.08,176.3559,879.267,1225.696,460.295,935.304,376.936,13.272,362.718,57.033
S12000049,Glasgow City,2013,592.09,176.3559,865.037,1174.611,446.504,853.319,354.902,12.834,279.236,57.984
S12000049,Glasgow City,2014,592.4,176.3559,855.008,988.745,393.856,684.669,301.270,12.721,330.981,57.965
S12000049,Glasgow City,2015,595.2,176.3559,835.575,964.678,402.556,664.542,292.575,12.828,413.414,57.730
S12000049,Glasgow City,2016,600.82,176.3559,854.569,866.855,337.567,533.580,243.554,12.202,393.305,59.888
S12000049,Glasgow City,2017,604.22,176.3559,847.303,838.460,348.071,442.819,256.644,12.108,380.063,61.353
S12000049,Glasgow City,2018,608.19,176.3559,829.053,816.029,315.239,502.698,220.675,11.106,367.760,63.657
S12000049,Glasgow City,2019,612.49,176.3559,798.891,799.559,297.624,440.562,226.996,11.259,333.494,67.336
S12000049,Glasgow City,2020,612.71,176.3559,657.699,756.999,245.144,378.608,218.577,11.469,247.884,68.100
S12000049,Glasgow City,2021,610.86,176.3559,797.629,779.283,291.556,424.935,236.378,12.278,270.502,67.993
S12000049,Glasgow City,2022,622.05,176.3559,794.363,656.793,259.388,399.112,220.114,12.223,288.677,68.779
S12000049,Glasgow City,2023,638.76,176.3559,775.954,635.090,226.961,342.763,204.320,12.472,211.244,69.296
S12000049,Glasgow City,2024,650.3,176.3559,781.345,614.889,210.326,293.743,210.354,12.561,240.619,70.289
S12000050,North Lanarkshire,2005,327.14,472.3091,763.350,867.400,432.324,353.105,113.152,89.472,357.409,109.632
S12000050,North Lanarkshire,2006,328.74,472.3091,762.515,861.716,440.192,376.683,116.092,88.369,321.452,115.698
S12000050,North Lanarkshire,2007,331.16,472.3091,758.616,847.870,438.224,371.600,114.935,88.381,288.637,84.769
S12000050,North Lanarkshire,2008,333.28,472.3091,742.568,848.966,401.800,348.466,108.124,86.653,273.649,82.637
S12000050,North Lanarkshire,2009,335.16,472.3091,716.972,773.329,359.129,309.328,96.951,86.044,210.756,89.576
S12000050,North Lanarkshire,2010,336.28,472.3091,706.386,817.639,361.716,307.470,95.100,86.881,189.806,97.375
S12000050,North Lanarkshire,2011,337.72,472.3091,668.830,725.072,338.597,285.402,87.173,83.953,201.777,87.322
S12000050,North Lanarkshire,2012,337.99,472.3091,737.374,770.707,340.785,289.700,89.702,85.065,134.555,72.466
S12000050,North Lanarkshire,2013,338,472.3091,718.629,751.921,350.365,279.708,92.456,81.523,84.641,104.194
S12000050,North Lanarkshire,2014,338.44,472.3091,722.102,636.741,306.840,238.081,79.560,80.567,54.760,95.916
S12000050,North Lanarkshire,2015,338.75,472.3091,695.758,632.213,293.590,213.725,74.457,82.912,81.670,105.054
S12000050,North Lanarkshire,2016,339.74,472.3091,728.430,575.977,230.534,174.108,64.567,81.740,111.020,90.238
S12000050,North Lanarkshire,2017,340.31,472.3091,745.897,561.921,242.064,144.063,65.840,80.269,130.181,89.352
S12000050,North Lanarkshire,2018,340.35,472.3091,766.906,546.833,229.606,170.756,58.304,74.858,136.998,150.459
S12000050,North Lanarkshire,2019,341.57,472.3091,728.937,537.739,208.001,147.069,57.773,73.880,118.230,93.395
S12000050,North Lanarkshire,2020,341.4,472.3091,617.917,507.256,199.759,138.517,52.643,73.360,82.763,102.489
S12000050,North Lanarkshire,2021,341.28,472.3091,736.118,520.929,224.533,155.589,57.296,74.642,72.754,86.285
S12000050,North Lanarkshire,2022,340.92,472.3091,768.091,437.155,212.206,139.592,53.442,72.744,92.234,83.765
S12000050,North Lanarkshire,2023,342.78,472.3091,768.793,425.696,202.386,131.321,52.596,71.146,98.254,86.237
S12000050,North Lanarkshire,2024,344.54,472.3091,770.184,412.404,170.103,118.347,48.927,68.778,113.429,88.028
W06000001,Isle of Anglesey,2005,69.095,749.4385,134.643,220.536,238.379,79.229,35.167,234.255,133.512,-5.130
W06000001,Isle of Anglesey,2006,69.388,749.4385,137.303,222.509,241.353,82.290,35.224,225.596,129.433,-6.697
W06000001,Isle of Anglesey,2007,69.7,749.4385,137.978,211.105,243.281,77.437,33.308,225.124,79.933,-7.354
W06000001,Isle of Anglesey,2008,69.916,749.4385,135.414,210.919,206.628,76.533,33.124,213.060,79.166,-7.039
W06000001,Isle of Anglesey,2009,69.884,749.4385,131.514,197.974,156.671,66.954,28.886,209.827,64.337,-7.535
W06000001,Isle of Anglesey,2010,69.833,749.4385,131.171,214.163,32.642,69.531,30.788,213.647,57.663,-7.743
W06000001,Isle of Anglesey,2011,69.913,749.4385,128.433,189.096,30.503,63.749,26.955,211.975,36.231,-8.206
W06000001,Isle of Anglesey,2012,69.964,749.4385,126.510,195.770,28.103,67.310,26.078,217.037,33.487,-6.434
W06000001,Isle of Anglesey,2013,69.88,749.4385,124.929,186.931,28.129,62.984,26.208,218.650,32.404,-8.110
W06000001,Isle of Anglesey,2014,69.761,749.4385,130.077,158.351,23.812,52.439,18.686,217.534,38.752,-8.263
W06000001,Isle of Anglesey,2015,69.415,749.4385,131.611,152.305,22.139,45.818,17.380,224.088,22.781,-8.675
W06000001,Isle of Anglesey,2016,68.826,749.4385,137.025,137.521,17.314,39.602,14.831,228.630,14.073,-10.324
W06000001,Isle of Anglesey,2017,68.617,749.4385,140.444,128.791,19.357,32.677,14.390,237.724,12.179,-10.623
W06000001,Isle of Anglesey,2018,68.539,749.4385,143.699,124.982,16.291,37.793,12.296,226.287,14.623,-11.262
W06000001,Isle of Anglesey,2019,68.278,749.4385,141.086,118.203,16.762,32.610,10.975,231.610,12.018,-11.413
W06000001,Isle of Anglesey,2020,68.794,749.4385,115.111,113.711,15.608,28.661,10.051,237.911,10.283,-12.561
W06000001,Isle of Anglesey,2021,68.937,749.4385,121.824,111.389,15.262,37.770,11.992,245.108,14.192,-13.108
W06000001,Isle of Anglesey,2022,69.107,749.4385,123.185,91.741,17.983,31.645,10.222,233.401,15.962,-13.767
W06000001,Isle of Anglesey,2023,69.238,749.4385,121.665,89.661,12.121,26.193,9.676,231.845,13.565,-14.026
W06000001,Isle of Anglesey,2024,69.097,749.4385,123.885,89.975,12.183,23.171,9.566,229.284,7.721,-14.299
W06000002,Gwynedd,2005,118.641,2622.9573,265.679,362.474,112.477,124.978,57.094,461.164,246.564,-86.854
W06000002,Gwynedd,2006,119.07,2622.9573,275.877,363.068,105.300,131.793,57.065,450.279,238.816,-98.516
W06000002,Gwynedd,2007,119.398,2622.9573,276.619,346.722,102.181,128.771,54.061,440.247,187.356,-108.332
W06000002,Gwynedd,2008,119.746,2622.9573,273.219,346.272,91.463,120.906,50.631,412.141,132.334,-107.253
W06000002,Gwynedd,2009,120.344,2622.9573,263.831,321.543,80.829,105.925,44.134,401.712,165.471,-109.445
W06000002,Gwynedd,2010,121.155,2622.9573,264.087,345.478,88.570,106.990,45.865,413.069,149.615,-109.566
W06000002,Gwynedd,2011,121.523,2622.9573,256.461,302.865,85.832,97.101,41.598,409.743,101.176,-98.854
W06000002,Gwynedd,2012,121.439,2622.9573,257.737,314.695,79.113,106.777,44.701,413.591,100.574,-75.229
W06000002,Gwynedd,2013,120.403,2622.9573,253.712,300.660,84.871,98.284,43.412,427.657,94.965,-86.165
W06000002,Gwynedd,2014,119.796,2622.9573,258.677,254.310,81.335,87.085,37.959,442.374,176.202,-77.242
W06000002,Gwynedd,2015,119.632,2622.9573,261.085,245.032,72.659,79.505,34.777,457.998,65.797,-81.407
W06000002,Gwynedd,2016,118.958,2622.9573,273.266,220.888,60.792,66.870,30.038,464.927,60.000,-80.598
W06000002,Gwynedd,2017,118.881,2622.9573,278.902,208.166,67.174,54.806,29.164,464.350,54.751,-82.840
W06000002,Gwynedd,2018,118.129,2622.9573,280.499,202.355,57.018,61.782,31.300,435.674,43.967,-84.361
W06000002,Gwynedd,2019,117.584,2622.9573,273.151,191.342,51.596,51.755,27.400,443.026,49.792,-85.446
W06000002,Gwynedd,2020,118.18,2622.9573,215.070,182.558,53.653,41.915,27.090,415.716,43.233,-88.891
W06000002,Gwynedd,2021,117.072,2622.9573,229.857,181.940,57.275,50.744,30.102,437.615,30.488,-90.362
W06000002,Gwynedd,2022,118.089,2622.9573,233.015,151.724,50.983,48.753,26.000,418.734,28.904,-89.774
W06000002,Gwynedd,2023,120.064,2622.9573,235.854,145.935,44.887,43.247,25.695,412.254,39.019,-91.311
W06000002,Gwynedd,2024,120.813,2622.9573,237.919,145.660,41.947,44.282,25.533,406.927,61.434,-91.815
W06000003,Conwy,2005,112.374,1153.273,261.364,319.464,33.289,120.104,47.379,287.408,172.468,-34.309
W06000003,Conwy,2006,113.004,1153.273,268.104,316.644,31.610,122.278,46.617,278.557,167.295,-38.537
W06000003,Conwy,2007,113.778,1153.273,272.202,301.845,30.921,118.412,44.304,264.814,115.480,-41.838
W06000003,Conwy,2008,114.371,1153.273,266.812,300.801,26.106,104.167,38.551,247.493,128.796,-42.741
W06000003,Conwy,2009,114.623,1153.273,261.466,278.386,23.555,93.949,34.329,249.912,111.749,-44.702
W06000003,Conwy,2010,114.682,1153.273,261.241,297.010,25.622,97.687,36.514,259.617,103.258,-45.898
W06000003,Conwy,2011,115.326,1153.273,248.084,258.731,25.500,89.577,32.909,257.218,57.122,-44.164
W06000003,Conwy,2012,115.432,1153.273,246.058,276.594,24.214,96.351,35.127,263.584,54.106,-29.323
W06000003,Conwy,2013,115.313,1153.273,245.285,265.915,24.611,88.205,33.310,257.415,52.530,-34.222
W06000003,Conwy,2014,115.7,1153.273,251.385,224.076,23.739,78.250,29.589,263.655,44.480,-33.843
W06000003,Conwy,2015,115.38,1153.273,251.703,221.021,21.023,71.194,26.796,268.877,40.483,-34.247
W06000003,Conwy,2016,115.391,1153.273,270.590,201.881,17.539,59.684,22.872,273.158,45.431,-36.400
W06000003,Conwy,2017,114.855,1153.273,276.328,192.401,20.351,50.767,23.196,283.372,41.113,-38.499
W06000003,Conwy,2018,114.387,1153.273,280.061,189.472,16.891,56.441,21.775,272.223,37.082,-40.202
W06000003,Conwy,2019,114.196,1153.273,272.263,180.717,22.488,48.753,18.930,277.121,34.266,-41.536
W06000003,Conwy,2020,114.651,1153.273,213.292,174.705,18.415,39.368,17.105,276.139,21.465,-42.747
W06000003,Conwy,2021,114.788,1153.273,238.841,174.878,19.335,48.779,19.226,290.299,23.175,-43.265
W06000003,Conwy,2022,114.39,1153.273,248.119,145.321,16.297,45.157,18.092,278.647,24.394,-43.681
W06000003,Conwy,2023,114.783,1153.273,242.505,139.946,14.722,39.900,17.338,273.626,25.656,-43.688
W06000003,Conwy,2024,114.891,1153.273,244.276,138.743,16.897,36.634,16.342,271.221,17.428,-43.787
W06000004,Denbighshire,2005,93.978,846.3801,198.885,267.904,80.171,78.745,54.410,270.150,82.830,-32.583
W06000004,Denbighshire,2006,93.983,846.3801,202.069,267.553,82.759,90.592,58.145,264.204,80.644,-36.102
W06000004,Denbighshire,2007,94.53,846.3801,202.937,253.876,77.705,80.775,52.455,247.118,64.414,-38.628
W06000004,Denbighshire,2008,94.739,846.3801,200.466,253.014,70.475,77.338,50.617,235.590,72.183,-38.709
W06000004,Denbighshire,2009,94.444,846.3801,195.824,234.951,61.328,66.055,43.478,233.690,61.654,-37.925
W06000004,Denbighshire,2010,94.152,846.3801,194.723,253.577,65.191,66.450,44.637,240.865,45.511,-37.478
W06000004,Denbighshire,2011,93.919,846.3801,187.511,218.540,64.674,62.153,41.009,237.329,21.174,-35.817
W06000004,Denbighshire,2012,94.119,846.3801,184.089,231.528,63.626,64.445,43.390,238.992,20.028,-23.596
W06000004,Denbighshire,2013,94.378,846.3801,185.385,222.900,65.345,63.326,42.799,244.860,19.543,-28.013
W06000004,Denbighshire,2014,94.67,846.3801,188.529,188.367,59.576,55.640,37.133,252.070,11.673,-24.967
W06000004,Denbighshire,2015,94.691,846.3801,186.939,183.510,53.872,48.576,32.995,248.063,19.769,-25.615
W06000004,Denbighshire,2016,94.723,846.3801,196.345,168.099,50.902,40.891,27.667,254.920,21.265,-22.957
W06000004,Denbighshire,2017,94.597,846.3801,199.179,158.966,51.586,34.282,27.381,253.870,17.556,-27.256
W06000004,Denbighshire,2018,94.596,846.3801,200.769,156.336,43.245,39.320,26.955,244.245,14.100,-26.425
W06000004,Denbighshire,2019,94.766,846.3801,195.880,149.644,43.571,33.444,24.319,252.922,12.208,-27.809
W06000004,Denbighshire,2020,95.558,846.3801,151.230,144.876,38.871,28.122,23.221,258.191,13.260,-31.253
W06000004,Denbighshire,2021,96.047,846.3801,161.877,144.319,43.271,33.274,25.588,273.665,24.156,-32.178
W06000004,Denbighshire,2022,96.652,846.3801,168.931,120.568,36.808,31.616,22.563,260.561,25.902,-28.058
W06000004,Denbighshire,2023,97.375,846.3801,171.068,116.493,34.234,27.160,21.187,263.098,18.114,-33.047
W06000004,Denbighshire,2024,98.202,846.3801,171.161,116.917,31.112,24.496,22.059,265.769,16.919,-33.258
W06000005,Flintshire,2005,149.89,489.5008,410.826,408.935,889.380,232.543,31.128,184.459,332.417,20.521
W06000005,Flintshire,2006,150.125,489.5008,415.357,409.278,1260.811,262.783,33.436,180.243,324.332,18.132
W06000005,Flintshire,2007,150.816,489.5008,418.307,390.131,1222.734,249.125,31.291,179.860,272.914,16.384
W06000005,Flintshire,2008,151.501,489.5008,404.818,390.599,1084.768,241.390,30.727,171.003,240.425,16.911
W06000005,Flintshire,2009,151.985,489.5008,392.738,358.844,782.783,205.101,26.117,165.724,209.052,15.255
W06000005,Flintshire,2010,152.08,489.5008,383.669,386.222,689.875,207.888,26.639,166.578,202.192,14.610
W06000005,Flintshire,2011,152.666,489.5008,372.194,335.386,682.730,177.134,23.163,161.973,144.019,14.086
W06000005,Flintshire,2012,152.66,489.5008,366.858,355.479,907.379,219.995,27.631,164.314,115.209,15.985
W06000005,Flintshire,2013,152.906,489.5008,363.254,344.515,930.004,206.774,26.160,162.234,109.890,13.237
W06000005,Flintshire,2014,153.439,489.5008,371.029,291.849,962.250,179.146,23.209,163.869,85.938,12.311
W06000005,Flintshire,2015,153.688,489.5008,376.413,286.502,952.108,156.328,19.607,160.270,72.040,10.867
W06000005,Flintshire,2016,154.166,489.5008,396.789,264.555,926.237,146.493,15.969,155.255,79.111,8.371
W06000005,Flintshire,2017,154.587,489.5008,399.508,251.452,822.642,101.683,16.192,157.265,56.520,8.277
W06000005,Flintshire,2018,154.587,489.5008,400.606,249.016,948.721,108.050,15.549,149.316,33.311,7.351
W06000005,Flintshire,2019,154.592,489.5008,389.746,239.262,837.796,123.029,12.754,149.842,47.994,6.235
W06000005,Flintshire,2020,155.004,489.5008,311.362,231.371,779.489,99.184,12.119,153.945,87.829,4.339
W06000005,Flintshire,2021,155.045,489.5008,344.017,229.348,884.463,118.174,14.524,158.006,70.580,3.469
W06000005,Flintshire,2022,155.422,489.5008,349.268,192.849,814.067,109.862,14.519,145.770,54.180,2.324
W06000005,Flintshire,2023,155.614,489.5008,344.524,185.144,637.284,83.811,14.072,142.758,42.702,1.749
W06000005,Flintshire,2024,155.867,489.5008,345.086,186.603,714.727,75.480,13.972,144.343,31.451,1.159
W06000006,Wrexham,2005,129.249,503.7739,249.786,349.295,566.637,150.647,51.075,270.555,281.159,38.536
W06000006,Wrexham,2006,130.311,503.7739,249.223,349.967,591.549,160.786,53.264,272.888,273.571,35.829
W06000006,Wrexham,2007,131.263,503.7739,249.469,337.187,547.964,149.909,48.941,265.125,243.120,34.336
W06000006,Wrexham,2008,132.371,503.7739,243.279,336.003,529.344,145.473,47.631,260.988,242.642,34.637
W06000006,Wrexham,2009,133.295,503.7739,235.660,310.019,490.701,133.420,43.518,256.044,214.644,33.633
W06000006,Wrexham,2010,134.009,503.7739,235.026,333.064,533.913,142.080,46.464,263.097,194.320,34.114
W06000006,Wrexham,2011,135.07,503.7739,229.664,290.271,469.672,125.735,41.348,245.566,123.526,32.675
W06000006,Wrexham,2012,135.589,503.7739,228.163,306.534,498.901,134.773,43.900,245.211,116.853,35.495
W06000006,Wrexham,2013,135.861,503.7739,228.889,300.464,460.290,124.721,40.722,245.065,111.766,33.129
W06000006,Wrexham,2014,135.983,503.7739,234.605,253.999,389.417,104.531,34.939,245.549,73.927,33.597
W06000006,Wrexham,2015,135.565,503.7739,238.215,247.962,371.763,95.916,31.705,249.059,70.296,32.758
W06000006,Wrexham,2016,135.354,503.7739,252.778,229.729,334.222,64.144,25.944,212.144,53.859,30.919
W06000006,Wrexham,2017,135.619,503.7739,254.825,218.619,359.757,83.340,28.054,241.733,57.789,30.031
W06000006,Wrexham,2018,136.244,503.7739,257.127,216.265,367.182,76.062,26.304,222.217,51.596,29.438
W06000006,Wrexham,2019,135.899,503.7739,251.613,207.148,334.442,68.697,25.395,208.635,56.980,28.750
W06000006,Wrexham,2020,135.98,503.7739,204.540,199.817,295.340,80.326,22.529,218.747,39.550,27.539
W06000006,Wrexham,2021,135.152,503.7739,225.095,200.276,375.006,69.561,23.958,207.994,40.470,26.493
W06000006,Wrexham,2022,135.684,503.7739,229.994,169.956,323.433,75.779,22.372,202.858,30.700,23.879
W06000006,Wrexham,2023,136.89,503.7739,227.412,160.291,317.514,66.262,21.347,203.625,40.323,23.512
W06000006,Wrexham,2024,138.245,503.7739,227.289,159.869,302.517,46.875,21.825,198.970,52.119,23.007
W06000008,Ceredigion,2005,75.485,1806.0302,153.015,236.080,91.259,63.085,21.003,546.867,25.552,-61.276
W06000008,Ceredigion,2006,75.342,1806.0302,153.586,239.159,79.776,64.674,20.347,538.756,25.271,-67.706
W06000008,Ceredigion,2007,75.326,1806.0302,158.509,222.210,81.552,62.979,19.813,514.955,21.271,-73.317
W06000008,Ceredigion,2008,74.971,1806.0302,153.204,227.606,78.534,62.507,18.642,494.792,23.389,-74.205
W06000008,Ceredigion,2009,74.642,1806.0302,150.717,215.336,75.466,57.454,16.884,486.875,16.998,-76.123
W06000008,Ceredigion,2010,75.217,1806.0302,150.876,236.708,82.448,60.147,17.469,500.957,15.071,-76.570
W06000008,Ceredigion,2011,75.293,1806.0302,147.078,205.301,82.558,57.393,16.853,495.286,13.087,-72.427
W06000008,Ceredigion,2012,76.215,1806.0302,145.894,211.870,80.644,58.465,17.138,497.136,12.505,-43.799
W06000008,Ceredigion,2013,76.087,1806.0302,146.528,202.807,77.889,54.027,16.042,502.532,12.358,-50.971
W06000008,Ceredigion,2014,75.197,1806.0302,151.788,174.139,64.733,48.135,15.190,518.680,13.797,-47.118
W06000008,Ceredigion,2015,73.724,1806.0302,149.575,164.616,60.982,41.716,12.290,512.807,8.239,-41.546
W06000008,Ceredigion,2016,72.9,1806.0302,158.396,150.886,30.281,35.967,11.707,514.836,11.276,-42.744
W06000008,Ceredigion,2017,72.22,1806.0302,159.782,139.864,33.265,26.605,12.646,522.762,11.689,-42.609
W06000008,Ceredigion,2018,71.291,1806.0302,163.361,135.405,30.339,31.935,11.824,497.256,21.748,-41.503
W06000008,Ceredigion,2019,70.639,1806.0302,161.070,127.699,27.017,28.544,9.746,505.155,17.128,-41.393
W06000008,Ceredigion,2020,71.421,1806.0302,130.872,123.216,27.255,23.179,9.199,499.824,16.429,-20.309
W06000008,Ceredigion,2021,70.676,1806.0302,137.415,119.014,31.158,27.224,10.303,515.238,17.530,-44.500
W06000008,Ceredigion,2022,71.956,1806.0302,137.170,98.092,28.898,25.626,9.501,495.536,13.918,-44.972
W06000008,Ceredigion,2023,72.488,1806.0302,134.018,96.583,27.005,20.818,8.408,489.029,8.749,-44.545
W06000008,Ceredigion,2024,72.599,1806.0302,133.440,98.476,18.952,23.615,12.700,479.977,9.883,-44.499
W06000009,Pembrokeshire,2005,117.204,1651.195,248.984,369.107,279.316,197.734,21.732,746.207,169.434,89.488
W06000009,Pembrokeshire,2006,118.278,1651.195,260.472,373.618,278.934,203.906,21.593,746.371,164.450,83.970
W06000009,Pembrokeshire,2007,119.64,1651.195,256.430,345.384,281.265,212.081,22.098,738.722,150.661,79.371
W06000009,Pembrokeshire,2008,121.134,1651.195,249.033,357.734,266.334,209.671,21.234,718.233,112.384,80.945
W06000009,Pembrokeshire,2009,121.563,1651.195,248.555,333.861,280.999,226.925,21.941,713.033,117.646,78.924
W06000009,Pembrokeshire,2010,121.974,1651.195,245.078,363.669,269.302,209.981,20.579,720.623,101.859,80.326
W06000009,Pembrokeshire,2011,122.613,1651.195,242.579,313.913,264.523,208.020,20.380,717.913,54.885,76.423
W06000009,Pembrokeshire,2012,122.621,1651.195,236.632,326.704,253.087,198.657,19.711,717.345,51.537,85.062
W06000009,Pembrokeshire,2013,122.302,1651.195,237.694,318.380,247.647,188.431,18.627,718.761,49.576,76.605
W06000009,Pembrokeshire,2014,122.148,1651.195,244.159,273.842,217.079,155.262,16.303,743.498,37.687,77.862
W06000009,Pembrokeshire,2015,121.721,1651.195,243.657,261.483,187.232,137.655,13.405,760.496,27.362,74.881
W06000009,Pembrokeshire,2016,121.438,1651.195,250.798,244.757,151.122,110.479,10.391,755.862,29.157,70.416
W06000009,Pembrokeshire,2017,121.382,1651.195,247.984,230.001,164.684,61.652,9.644,766.819,43.092,70.899
W06000009,Pembrokeshire,2018,121.194,1651.195,250.541,225.326,120.901,87.831,9.657,733.907,44.455,70.491
W06000009,Pembrokeshire,2019,121.432,1651.195,248.210,215.882,110.704,111.271,8.270,735.169,35.545,70.090
W06000009,Pembrokeshire,2020,122.572,1651.195,197.829,210.808,107.340,88.978,7.326,716.336,31.806,67.185
W06000009,Pembrokeshire,2021,123.633,1651.195,207.006,206.267,101.938,88.942,13.197,730.101,28.806,64.468
W06000009,Pembrokeshire,2022,124.425,1651.195,211.381,171.461,56.447,102.131,9.935,708.307,96.842,59.976
W06000009,Pembrokeshire,2023,125.043,1651.195,209.921,168.136,51.320,78.476,8.482,701.081,247.598,58.273
W06000009,Pembrokeshire,2024,125.761,1651.195,210.244,170.649,63.130,66.762,7.815,678.567,107.230,56.236
W06000010,Carmarthenshire,2005,178.229,2438.8494,421.099,531.901,259.745,243.632,53.466,875.516,276.095,-147.025
W06000010,Carmarthenshire,2006,179.504,2438.8494,446.938,541.127,234.781,237.249,48.288,869.162,268.092,-156.191
W06000010,Carmarthenshire,2007,181.314,2438.8494,460.301,499.529,223.228,232.036,47.096,852.751,283.586,-163.692
W06000010,Carmarthenshire,2008,182.517,2438.8494,441.914,514.384,216.910,230.554,45.993,823.647,264.629,-162.255
W06000010,Carmarthenshire,2009,182.846,2438.8494,424.518,479.780,184.584,196.746,40.449,800.778,227.106,-170.107
W06000010,Carmarthenshire,2010,183.004,2438.8494,420.418,524.165,205.602,204.637,42.469,811.057,225.166,-153.936
W06000010,Carmarthenshire,2011,183.961,2438.8494,408.582,454.077,191.487,186.445,38.374,809.672,128.708,-160.673
W06000010,Carmarthenshire,2012,184.206,2438.8494,405.127,474.006,178.446,197.910,40.880,816.700,119.026,-143.297
W06000010,Carmarthenshire,2013,184.252,2438.8494,409.219,468.455,215.244,194.163,41.623,826.248,110.127,-151.716
W06000010,Carmarthenshire,2014,184.349,2438.8494,421.627,404.129,228.102,176.352,45.852,850.335,72.998,-150.342
W06000010,Carmarthenshire,2015,184.404,2438.8494,423.192,388.313,192.759,144.758,33.598,866.821,39.188,-151.437
W06000010,Carmarthenshire,2016,184.985,2438.8494,443.528,367.417,176.829,122.519,29.615,854.987,27.406,-154.583
W06000010,Carmarthenshire,2017,184.984,2438.8494,445.334,346.433,175.348,104.451,30.608,861.964,26.815,-154.241
W06000010,Carmarthenshire,2018,185.444,2438.8494,447.292,340.101,166.851,102.066,28.025,826.942,47.714,-148.697
W06000010,Carmarthenshire,2019,186.125,2438.8494,434.354,327.473,156.294,83.360,22.538,831.040,58.967,-157.331
W06000010,Carmarthenshire,2020,187.391,2438.8494,349.322,320.672,149.787,69.621,23.427,804.970,35.970,-140.713
W06000010,Carmarthenshire,2021,188.172,2438.8494,374.138,313.030,150.454,85.216,25.705,823.800,43.303,-162.744
W06000010,Carmarthenshire,2022,189.194,2438.8494,377.933,259.517,137.092,94.112,22.486,790.988,36.622,-165.646
W06000010,Carmarthenshire,2023,190.381,2438.8494,378.492,254.768,127.315,109.390,21.673,769.174,28.189,-167.882
W06000010,Carmarthenshire,2024,190.8,2438.8494,378.955,257.651,132.696,107.063,20.269,745.306,26.633,-170.533
W06000011,Swansea,2005,229.347,420.826,450.708,596.749,296.420,254.299,136.968,75.586,396.606,14.896
W06000011,Swansea,2006,230.793,420.826,447.764,602.216,295.387,271.194,139.423,73.801,384.969,12.184
W06000011,Swansea,2007,232.46,420.826,453.647,562.957,253.955,231.986,119.530,71.240,354.139,10.977
W06000011,Swansea,2008,234.139,420.826,434.873,578.619,262.498,242.525,127.671,67.826,295.208,11.709
W06000011,Swansea,2009,235.601,420.826,418.035,528.487,223.060,204.879,104.368,65.436,285.695,9.016
W06000011,Swansea,2010,237.311,420.826,412.246,556.458,252.724,217.526,115.826,65.865,267.167,9.287
W06000011,Swansea,2011,238.691,420.826,403.942,487.252,214.561,187.612,94.736,64.835,153.283,14.018
W06000011,Swansea,2012,239.197,420.826,398.637,518.058,228.150,205.696,102.985,66.498,145.439,9.252
W06000011,Swansea,2013,239.237,420.826,393.472,509.005,218.365,189.802,97.179,64.686,137.789,8.527
W06000011,Swansea,2014,239.228,420.826,398.050,432.019,195.794,163.919,85.802,64.009,130.046,7.579
W06000011,Swansea,2015,239.354,420.826,397.791,417.841,178.963,143.589,75.094,60.267,121.247,6.632
W06000011,Swansea,2016,239.3,420.826,411.214,394.081,158.853,120.827,67.381,58.791,141.037,5.014
W06000011,Swansea,2017,239.266,420.826,408.147,373.636,217.612,100.114,74.810,58.521,114.456,5.559
W06000011,Swansea,2018,239.184,420.826,408.511,365.917,145.038,121.383,75.029,54.770,137.533,4.608
W06000011,Swansea,2019,238.707,420.826,395.803,352.919,133.974,122.115,68.632,54.857,174.456,4.296
W06000011,Swansea,2020,238.992,420.826,328.107,345.458,145.889,94.379,54.701,53.848,162.077,3.715
W06000011,Swansea,2021,237.897,420.826,370.530,344.999,141.062,106.585,62.147,56.256,129.759,2.420
W06000011,Swansea,2022,242.812,420.826,369.476,292.494,154.321,86.656,52.287,51.820,63.866,1.775
W06000011,Swansea,2023,248.959,420.826,366.415,278.729,141.290,78.002,49.005,51.168,68.534,1.099
W06000011,Swansea,2024,251.304,420.826,365.563,274.898,143.941,71.167,55.941,49.297,53.482,0.347
W06000012,Neath Port Talbot,2005,137.67,451.8754,322.816,359.297,7114.528,265.799,27.658,52.184,252.205,-68.387
W06000012,Neath Port Talbot,2006,138.323,451.8754,328.238,362.022,7385.321,271.423,30.817,50.653,245.269,-72.650
W06000012,Neath Port Talbot,2007,138.957,451.8754,342.690,338.358,7933.897,249.781,26.866,45.458,241.207,-75.497
W06000012,Neath Port Talbot,2008,139.481,451.8754,323.191,353.035,7457.514,250.652,25.619,43.460,184.569,-75.144
W06000012,Neath Port Talbot,2009,139.537,451.8754,310.606,316.631,5551.344,202.825,21.665,42.664,163.103,-72.525
W06000012,Neath Port Talbot,2010,139.638,451.8754,304.828,340.312,7884.689,232.691,24.330,43.351,137.258,-76.266
W06000012,Neath Port Talbot,2011,139.88,451.8754,304.060,293.739,7013.633,219.044,22.440,42.404,80.061,-71.854
W06000012,Neath Port Talbot,2012,139.694,451.8754,299.499,310.804,5320.990,216.831,22.753,41.865,74.882,-50.239
W06000012,Neath Port Talbot,2013,139.093,451.8754,304.838,304.653,8167.612,233.935,23.510,41.565,75.200,-54.710
W06000012,Neath Port Talbot,2014,139.439,451.8754,306.195,259.864,8337.787,197.094,20.568,42.666,55.490,-51.466
W06000012,Neath Port Talbot,2015,139.704,451.8754,313.213,250.468,7567.437,160.239,17.676,42.070,74.879,-46.382
W06000012,Neath Port Talbot,2016,141,451.8754,311.103,237.081,6745.245,117.425,16.249,43.092,60.956,-46.363
W06000012,Neath Port Talbot,2017,141.022,451.8754,312.202,224.975,7024.400,53.494,17.980,43.671,57.111,-46.216
W06000012,Neath Port Talbot,2018,141.342,451.8754,309.531,220.582,6114.291,124.078,17.053,40.254,61.666,-44.928
W06000012,Neath Port Talbot,2019,141.385,451.8754,298.409,212.985,6731.596,95.234,15.935,40.219,76.065,-44.431
W06000012,Neath Port Talbot,2020,142.308,451.8754,238.617,207.497,6335.852,72.113,15.889,36.989,68.357,-45.115
W06000012,Neath Port Talbot,2021,141.934,451.8754,264.188,206.813,6424.873,108.715,18.015,37.081,66.369,-45.613
W06000012,Neath Port Talbot,2022,142.291,451.8754,266.218,174.303,5699.136,106.290,15.093,35.599,51.897,-45.364
W06000012,Neath Port Talbot,2023,142.045,451.8754,262.118,165.882,5616.675,98.520,14.231,36.436,38.582,-44.867
W06000012,Neath Port Talbot,2024,143.249,451.8754,260.491,162.749,3604.564,88.583,13.057,34.074,30.453,-44.795
W06000013,Bridgend,2005,132.893,255.1207,325.173,348.754,285.769,187.722,52.116,48.168,85.858,3.471
W06000013,Bridgend,2006,134.164,255.1207,328.805,351.540,264.166,180.246,47.885,47.855,85.437,1.426
W06000013,Bridgend,2007,135.949,255.1207,339.271,329.068,250.921,176.184,45.039,44.043,78.973,0.063
W06000013,Bridgend,2008,137.175,255.1207,320.767,335.736,245.904,175.831,44.461,41.561,77.215,0.058
W06000013,Bridgend,2009,137.783,255.1207,311.425,302.337,230.278,154.485,38.471,40.720,78.112,-0.777
W06000013,Bridgend,2010,138.471,255.1207,307.668,320.251,229.547,149.868,38.578,41.821,65.037,-0.696
W06000013,Bridgend,2011,139.41,255.1207,300.172,282.383,224.183,149.713,37.118,40.591,43.496,0.774
W06000013,Bridgend,2012,139.985,255.1207,300.318,301.145,213.969,148.348,37.683,40.656,50.322,3.001
W06000013,Bridgend,2013,140.579,255.1207,297.777,295.960,220.750,143.808,38.004,40.621,44.474,1.223
W06000013,Bridgend,2014,141.333,255.1207,308.252,250.422,210.933,125.264,34.391,41.938,37.993,1.709
W06000013,Bridgend,2015,142.177,255.1207,309.214,243.091,200.881,106.140,29.406,39.649,35.770,1.682
W06000013,Bridgend,2016,142.887,255.1207,320.903,231.337,184.057,92.025,26.177,38.076,40.135,1.306
W06000013,Bridgend,2017,143.355,255.1207,321.514,220.216,188.941,78.110,24.443,38.082,33.358,1.213
W06000013,Bridgend,2018,143.583,255.1207,321.125,217.005,205.571,77.133,24.274,37.207,37.500,1.428
W06000013,Bridgend,2019,144.5,255.1207,309.911,209.569,193.041,66.965,21.516,37.373,46.899,1.038
W06000013,Bridgend,2020,145.434,255.1207,255.771,204.491,202.923,55.222,20.965,40.103,42.028,0.986
W06000013,Bridgend,2021,145.738,255.1207,282.547,204.732,206.973,60.060,23.630,41.293,34.525,0.417
W06000013,Bridgend,2022,146.173,255.1207,284.499,172.805,239.518,50.931,21.683,38.188,33.567,-0.009
W06000013,Bridgend,2023,146.9,255.1207,275.892,164.325,219.665,43.048,19.933,39.528,28.625,21.708
W06000013,Bridgend,2024,147.53,255.1207,272.399,161.611,215.977,35.244,18.843,38.807,27.210,21.423
W06000014,Vale of Glamorgan,2005,122.877,339.7886,279.313,321.250,793.997,120.521,74.363,92.395,70.248,56.845
W06000014,Vale of Glamorgan,2006,123.642,339.7886,272.304,322.966,750.626,116.913,71.634,90.599,69.243,54.048
W06000014,Vale of Glamorgan,2007,124.732,339.7886,274.810,300.768,778.591,122.422,73.449,92.083,65.288,52.771
W06000014,Vale of Glamorgan,2008,125.713,339.7886,269.298,308.374,701.792,115.775,68.997,90.736,64.630,52.694
W06000014,Vale of Glamorgan,2009,126.162,339.7886,256.123,278.913,602.391,97.936,58.890,89.613,53.236,52.638
W06000014,Vale of Glamorgan,2010,126.435,339.7886,251.118,298.340,633.125,92.155,55.126,92.826,57.643,52.986
W06000014,Vale of Glamorgan,2011,126.679,339.7886,242.869,261.069,672.626,82.579,49.220,89.454,43.364,51.303
W06000014,Vale of Glamorgan,2012,126.703,339.7886,242.558,280.482,637.245,86.255,51.355,92.069,43.297,52.460
W06000014,Vale of Glamorgan,2013,126.458,339.7886,242.319,274.195,670.149,82.406,49.411,90.092,42.992,50.122
W06000014,Vale of Glamorgan,2014,126.714,339.7886,243.801,231.234,700.529,70.078,42.224,91.624,35.983,49.223
W06000014,Vale of Glamorgan,2015,126.261,339.7886,247.508,221.529,660.874,65.435,39.113,90.857,41.049,48.247
W06000014,Vale of Glamorgan,2016,127.082,339.7886,256.687,213.425,615.421,52.770,29.608,88.827,44.393,46.375
W06000014,Vale of Glamorgan,2017,128.377,339.7886,252.374,201.860,624.839,41.968,28.061,88.288,42.784,46.177
W06000014,Vale of Glamorgan,2018,129.165,339.7886,255.244,199.847,608.594,59.506,28.244,84.930,39.975,45.355
W06000014,Vale of Glamorgan,2019,129.802,339.7886,248.583,192.870,608.483,54.665,26.636,88.178,35.117,44.069
W06000014,Vale of Glamorgan,2020,131.224,339.7886,201.445,189.174,574.194,43.562,25.042,83.522,30.824,43.187
W06000014,Vale of Glamorgan,2021,132.491,339.7886,222.576,188.812,572.084,49.319,28.072,84.212,38.846,42.350
W06000014,Vale of Glamorgan,2022,133.695,339.7886,224.810,161.274,556.241,52.863,25.245,78.072,33.225,41.008
W06000014,Vale of Glamorgan,2023,134.771,339.7886,224.227,152.770,480.609,47.096,23.238,79.021,32.117,40.375
W06000014,Vale of Glamorgan,2024,135.743,339.7886,223.946,151.912,598.159,41.151,22.204,76.872,31.389,39.753
W06000015,Cardiff,2005,321.001,149.4449,837.656,765.759,453.376,635.117,200.346,20.414,756.569,18.386
W06000015,Cardiff,2006,323.766,149.4449,816.656,776.340,377.790,531.412,158.031,20.057,734.315,17.283
W06000015,Cardiff,2007,328.196,149.4449,823.726,730.354,371.752,525.722,153.668,19.183,691.778,16.772
W06000015,Cardiff,2008,332.79,149.4449,790.211,749.891,369.515,537.421,156.831,19.109,598.571,16.683
W06000015,Cardiff,2009,337.656,149.4449,758.992,677.891,347.918,496.642,144.643,18.400,554.046,14.896
W06000015,Cardiff,2010,341.402,149.4449,737.696,719.220,349.277,507.709,148.910,18.835,452.617,14.683
W06000015,Cardiff,2011,345.442,149.4449,725.152,630.190,300.960,400.229,121.021,17.783,278.812,14.352
W06000015,Cardiff,2012,348.084,149.4449,728.376,680.936,350.412,491.910,142.728,17.618,256.527,14.237
W06000015,Cardiff,2013,349.982,149.4449,719.928,662.449,324.452,454.468,133.411,16.330,251.853,14.113
W06000015,Cardiff,2014,350.949,149.4449,736.488,557.181,294.459,393.167,118.331,16.465,164.597,13.378
W06000015,Cardiff,2015,351.6,149.4449,737.790,531.874,275.100,356.787,105.165,15.786,136.510,12.716
W06000015,Cardiff,2016,352.982,149.4449,760.095,504.042,261.188,319.536,97.066,14.991,127.720,11.728
W06000015,Cardiff,2017,354.348,149.4449,745.982,474.558,238.668,248.480,98.356,14.940,188.119,11.874
W06000015,Cardiff,2018,355.125,149.4449,745.154,468.655,208.735,283.379,88.729,14.044,122.986,10.511
W06000015,Cardiff,2019,357.137,149.4449,722.853,450.327,256.560,192.872,88.929,12.908,127.702,9.742
W06000015,Cardiff,2020,360.287,149.4449,597.047,440.877,233.506,158.052,83.885,12.204,125.949,9.180
W06000015,Cardiff,2021,359.824,149.4449,671.531,446.702,268.711,174.724,90.055,12.329,171.901,8.496
W06000015,Cardiff,2022,369.851,149.4449,678.564,387.514,211.077,187.741,84.189,10.961,144.307,8.093
W06000015,Cardiff,2023,379.739,149.4449,682.149,362.705,181.660,171.601,83.870,9.757,102.502,7.721
W06000015,Cardiff,2024,383.919,149.4449,678.522,361.074,236.795,134.784,71.985,9.458,121.078,7.295
W06000016,Rhondda Cynon Taf,2005,234.07,424.1502,513.849,604.364,271.286,172.864,89.692,59.073,324.056,-42.833
W06000016,Rhondda Cynon Taf,2006,234.493,424.1502,510.999,607.645,266.503,173.941,88.426,57.405,314.933,-46.869
W06000016,Rhondda Cynon Taf,2007,234.471,424.1502,518.686,571.408,253.972,164.985,84.552,52.642,312.192,-49.216
W06000016,Rhondda Cynon Taf,2008,234.724,424.1502,501.042,584.605,236.943,154.996,78.948,48.981,175.305,-48.156
W06000016,Rhondda Cynon Taf,2009,234.743,424.1502,488.087,526.609,204.880,133.687,68.025,49.207,212.095,-50.210
W06000016,Rhondda Cynon Taf,2010,234.459,424.1502,480.428,556.591,220.866,138.921,72.242,49.736,192.794,-16.308
W06000016,Rhondda Cynon Taf,2011,234.373,424.1502,476.515,487.234,206.197,123.197,64.397,48.959,112.615,-48.579
W06000016,Rhondda Cynon Taf,2012,235.271,424.1502,474.829,517.824,206.671,127.837,65.617,50.440,102.457,-32.205
W06000016,Rhondda Cynon Taf,2013,235.145,424.1502,471.732,509.494,211.745,122.839,63.898,50.992,98.247,21.287
W06000016,Rhondda Cynon Taf,2014,235.284,424.1502,478.688,431.159,189.977,107.731,56.138,52.193,167.405,-38.296
W06000016,Rhondda Cynon Taf,2015,235.233,424.1502,482.362,419.462,169.826,95.635,50.214,56.312,68.151,-31.524
W06000016,Rhondda Cynon Taf,2016,235.567,424.1502,498.916,396.788,147.868,97.912,42.751,56.281,50.076,-36.764
W06000016,Rhondda Cynon Taf,2017,236.357,424.1502,481.110,377.093,147.270,83.864,42.534,57.351,40.026,-36.052
W06000016,Rhondda Cynon Taf,2018,236.685,424.1502,481.140,372.791,138.849,100.493,45.709,55.198,39.635,-35.858
W06000016,Rhondda Cynon Taf,2019,237.574,424.1502,463.298,361.076,132.167,84.351,43.480,53.273,54.306,-27.661
W06000016,Rhondda Cynon Taf,2020,238.039,424.1502,376.676,351.435,120.132,79.537,38.363,46.249,58.954,-37.323
W06000016,Rhondda Cynon Taf,2021,237.545,424.1502,416.518,354.669,125.506,87.302,44.286,49.453,53.596,-38.381
W06000016,Rhondda Cynon Taf,2022,239.494,424.1502,420.685,299.978,123.404,76.955,42.311,46.767,57.941,-38.856
W06000016,Rhondda Cynon Taf,2023,242.091,424.1502,427.534,282.420,103.270,66.749,39.029,44.366,51.763,-15.235
W06000016,Rhondda Cynon Taf,2024,242.844,424.1502,429.802,280.240,102.054,64.729,36.712,43.496,64.635,-15.416
W06000018,Caerphilly,2005,172.777,277.3879,292.034,441.643,261.503,87.907,42.380,51.919,280.558,-12.403
W06000018,Caerphilly,2006,173.741,277.3879,288.087,445.504,252.845,90.107,39.905,51.308,272.894,-14.095
W06000018,Caerphilly,2007,174.987,277.3879,299.470,420.482,230.830,80.027,35.768,45.689,268.932,-15.525
W06000018,Caerphilly,2008,176.259,277.3879,289.548,428.638,226.240,79.711,34.992,44.452,211.748,-15.453
W06000018,Caerphilly,2009,177.159,277.3879,282.372,386.226,194.720,70.310,30.707,43.717,201.157,-17.188
W06000018,Caerphilly,2010,178.101,277.3879,276.697,410.117,219.545,74.569,32.937,45.104,174.778,-17.942
W06000018,Caerphilly,2011,178.782,277.3879,271.078,358.239,195.818,65.419,29.335,45.329,88.536,-17.360
W06000018,Caerphilly,2012,178.563,277.3879,270.156,384.767,220.759,76.157,33.377,46.371,82.203,-13.732
W06000018,Caerphilly,2013,178.236,277.3879,265.858,379.407,223.547,73.118,32.881,46.944,79.382,-15.282
W06000018,Caerphilly,2014,178.513,277.3879,271.686,320.281,195.078,60.936,28.146,48.184,65.944,-15.438
W06000018,Caerphilly,2015,178.269,277.3879,272.567,311.187,179.071,53.888,25.134,42.623,56.908,-14.569
W06000018,Caerphilly,2016,178.013,277.3879,279.968,293.210,151.287,47.111,20.920,42.988,75.530,-16.899
W06000018,Caerphilly,2017,177.61,277.3879,273.739,278.248,142.172,37.027,20.087,42.217,56.695,-17.509
W06000018,Caerphilly,2018,177.277,277.3879,273.376,273.663,129.586,44.007,19.674,39.222,65.167,-0.868
W06000018,Caerphilly,2019,176.735,277.3879,264.027,264.904,126.300,40.388,15.219,39.625,81.946,-18.694
W06000018,Caerphilly,2020,176.805,277.3879,219.145,257.514,111.086,35.664,14.435,44.706,82.077,-12.129
W06000018,Caerphilly,2021,175.999,277.3879,242.670,259.703,117.600,39.135,16.388,45.267,61.532,-21.040
W06000018,Caerphilly,2022,176.156,277.3879,242.211,219.195,116.717,35.151,14.290,42.665,68.010,-21.555
W06000018,Caerphilly,2023,176.639,277.3879,238.933,206.693,103.005,29.925,13.225,42.372,81.989,-22.027
W06000018,Caerphilly,2024,176.865,277.3879,238.572,204.932,96.095,31.822,15.252,41.107,91.985,-22.588
W06000019,Blaenau Gwent,2005,69.188,108.7279,99.585,191.143,111.986,34.195,20.259,11.115,94.651,-0.316
W06000019,Blaenau Gwent,2006,69.61,108.7279,97.152,189.810,120.423,36.763,22.235,10.647,92.130,-0.782
W06000019,Blaenau Gwent,2007,69.685,108.7279,99.011,177.850,110.810,33.836,20.584,10.448,97.584,-0.608
W06000019,Blaenau Gwent,2008,69.82,108.7279,97.290,182.281,114.002,35.274,20.934,9.844,75.787,-0.753
W06000019,Blaenau Gwent,2009,69.85,108.7279,95.190,163.819,91.076,28.367,16.087,9.476,67.662,-1.109
W06000019,Blaenau Gwent,2010,69.798,108.7279,93.197,171.776,98.283,30.373,17.213,9.556,60.643,-1.340
W06000019,Blaenau Gwent,2011,69.812,108.7279,92.587,150.146,86.669,25.521,15.054,9.500,26.046,-1.466
W06000019,Blaenau Gwent,2012,69.589,108.7279,92.582,159.106,94.154,28.398,16.257,9.050,26.308,-0.273
W06000019,Blaenau Gwent,2013,69.186,108.7279,91.300,156.972,96.478,28.305,15.918,9.333,27.356,-0.911
W06000019,Blaenau Gwent,2014,68.737,108.7279,92.068,131.795,78.730,23.187,13.213,9.195,15.874,-1.151
W06000019,Blaenau Gwent,2015,68.395,108.7279,93.757,128.738,67.276,19.144,10.819,10.395,189.073,-1.185
W06000019,Blaenau Gwent,2016,68.135,108.7279,96.301,120.839,69.361,16.650,8.028,10.181,45.443,-1.674
W06000019,Blaenau Gwent,2017,67.829,108.7279,88.919,115.119,64.445,15.136,10.078,10.185,226.975,-1.703
W06000019,Blaenau Gwent,2018,67.566,108.7279,87.556,113.143,70.892,17.374,9.763,9.466,221.566,-1.902
W06000019,Blaenau Gwent,2019,67.382,108.7279,84.819,109.683,74.767,17.995,8.503,9.439,27.447,-1.712
W06000019,Blaenau Gwent,2020,67.219,108.7279,69.339,106.709,71.831,14.793,7.320,8.143,32.065,-2.387
W06000019,Blaenau Gwent,2021,66.989,108.7279,76.171,107.613,75.770,23.309,12.803,8.671,38.674,-2.730
W06000019,Blaenau Gwent,2022,66.948,108.7279,79.233,90.544,72.929,21.125,11.407,8.492,37.752,-2.962
W06000019,Blaenau Gwent,2023,67.523,108.7279,78.351,85.676,61.098,16.231,7.603,8.048,38.700,-3.040
W06000019,Blaenau Gwent,2024,67.873,108.7279,78.294,85.425,58.765,13.013,7.228,8.198,43.561,-3.197
W06000020,Torfaen,2005,90.644,126.2401,165.037,227.872,185.960,74.342,36.880,21.936,44.497,1.322
W06000020,Torfaen,2006,90.82,126.2401,165.598,227.287,182.215,75.544,35.912,21.187,43.998,0.899
W06000020,Torfaen,2007,90.974,126.2401,164.007,212.434,164.552,67.824,32.549,19.151,45.229,0.525
W06000020,Torfaen,2008,91.094,126.2401,163.719,216.540,169.784,73.380,34.172,17.943,52.330,0.589
W06000020,Torfaen,2009,91.199,126.2401,159.261,193.211,154.215,65.983,31.284,17.638,54.156,-0.391
W06000020,Torfaen,2010,91.06,126.2401,155.285,202.463,164.755,69.561,32.749,18.402,44.043,-0.383
W06000020,Torfaen,2011,91.19,126.2401,151.803,175.164,149.184,61.155,28.871,17.646,42.782,-0.769
W06000020,Torfaen,2012,91.199,126.2401,148.595,188.280,158.323,65.487,31.955,17.283,42.014,-0.085
W06000020,Torfaen,2013,90.842,126.2401,145.207,183.916,152.826,62.071,30.243,16.117,23.735,-0.391
W06000020,Torfaen,2014,90.866,126.2401,149.433,155.324,136.247,54.221,26.327,16.119,17.037,-0.765
W06000020,Torfaen,2015,90.844,126.2401,150.055,150.300,126.183,46.941,22.853,16.997,18.447,-1.221
W06000020,Torfaen,2016,90.73,126.2401,156.667,141.642,104.289,48.001,18.281,16.246,16.478,-1.595
W06000020,Torfaen,2017,90.638,126.2401,152.012,134.945,100.071,28.361,20.928,16.238,16.199,-1.881
W06000020,Torfaen,2018,91.13,126.2401,154.499,133.072,85.680,43.238,18.727,15.259,17.455,-2.048
W06000020,Torfaen,2019,91.685,126.2401,148.862,129.498,77.556,46.945,14.579,15.054,25.488,-2.491
W06000020,Torfaen,2020,92.337,126.2401,123.772,127.164,65.745,45.309,17.570,13.801,16.017,-2.730
W06000020,Torfaen,2021,92.454,126.2401,141.758,127.233,70.017,43.220,18.310,15.830,13.712,-3.138
W06000020,Torfaen,2022,92.896,126.2401,142.656,108.197,77.620,27.313,20.299,15.028,15.167,-3.431
W06000020,Torfaen,2023,93.518,126.2401,141.430,101.916,68.894,23.774,18.985,15.878,16.723,-3.575
W06000020,Torfaen,2024,94.119,126.2401,140.640,101.824,68.031,29.443,13.821,14.562,18.379,-3.811
W06000021,Monmouthshire,2005,88.611,886.0557,339.094,254.475,188.795,122.795,36.164,295.045,19.133,11.817
W06000021,Monmouthshire,2006,89.09,886.0557,329.097,257.726,145.389,109.684,31.975,284.003,20.758,6.760
W06000021,Monmouthshire,2007,89.592,886.0557,339.381,240.205,143.538,97.825,31.054,269.080,39.070,1.774
W06000021,Monmouthshire,2008,90.109,886.0557,332.274,245.718,130.886,96.143,30.309,259.290,54.280,3.497
W06000021,Monmouthshire,2009,90.557,886.0557,321.572,226.100,117.745,87.625,27.508,257.013,45.314,0.778
W06000021,Monmouthshire,2010,91.016,886.0557,317.126,245.320,132.057,89.998,29.529,265.547,44.273,0.333
W06000021,Monmouthshire,2011,91.508,886.0557,315.049,212.210,136.810,88.560,26.558,259.125,38.695,-2.552
W06000021,Monmouthshire,2012,91.623,886.0557,310.203,225.898,118.068,82.558,24.931,259.792,37.007,4.542
W06000021,Monmouthshire,2013,91.822,886.0557,309.064,221.284,131.250,87.241,25.409,255.055,33.468,-1.906
W06000021,Monmouthshire,2014,91.864,886.0557,310.981,188.865,128.757,74.336,21.208,257.545,35.286,-0.704
W06000021,Monmouthshire,2015,91.867,886.0557,319.424,180.607,118.193,63.860,18.928,247.071,18.647,-2.275
W06000021,Monmouthshire,2016,92.024,886.0557,336.646,171.102,106.896,60.899,16.748,241.732,18.398,-5.949
W06000021,Monmouthshire,2017,91.791,886.0557,339.467,160.272,76.142,49.439,16.359,243.711,19.105,-7.208
W06000021,Monmouthshire,2018,91.834,886.0557,339.481,157.330,56.962,51.321,16.566,234.090,16.607,-8.963
W06000021,Monmouthshire,2019,91.73,886.0557,334.332,150.935,60.388,45.454,14.922,236.600,14.854,-10.485
W06000021,Monmouthshire,2020,92.456,886.0557,270.033,147.963,55.341,40.043,13.803,234.955,14.989,-13.567
W06000021,Monmouthshire,2021,93.163,886.0557,294.521,146.628,61.373,42.742,13.912,239.848,14.155,-15.141
W06000021,Monmouthshire,2022,94.049,886.0557,307.254,124.154,56.250,38.231,14.295,230.535,15.564,-12.297
W06000021,Monmouthshire,2023,94.672,886.0557,310.275,118.155,50.842,35.577,13.146,226.873,15.199,-18.269
W06000021,Monmouthshire,2024,94.93,886.0557,307.804,120.281,55.606,29.610,14.183,219.885,16.072,-19.272
W06000022,Newport,2005,139.617,217.4554,486.284,349.739,624.176,365.936,169.127,50.417,444.249,18.246
W06000022,Newport,2006,140.557,217.4554,480.905,352.719,688.387,378.889,174.913,50.141,431.510,16.833
W06000022,Newport,2007,141.376,217.4554,473.682,328.461,571.692,352.318,161.249,47.951,389.898,16.034
W06000022,Newport,2008,142.744,217.4554,463.645,334.592,505.684,318.324,144.769,47.733,358.725,16.112
W06000022,Newport,2009,143.753,217.4554,442.274,302.344,336.096,239.396,107.595,46.209,357.517,14.692
W06000022,Newport,2010,144.803,217.4554,440.213,321.707,447.602,249.896,111.985,46.135,320.841,14.953
W06000022,Newport,2011,145.785,217.4554,438.149,277.877,398.308,225.234,103.382,44.461,186.451,14.699
W06000022,Newport,2012,146.76,217.4554,431.176,298.641,299.204,235.617,109.153,45.375,176.650,15.654
W06000022,Newport,2013,147.586,217.4554,433.357,294.290,409.851,217.868,101.097,44.746,167.372,14.622
W06000022,Newport,2014,148.15,217.4554,444.048,248.605,445.697,195.549,88.102,45.037,126.628,13.839
W06000022,Newport,2015,148.948,217.4554,449.811,239.043,339.353,170.128,74.497,44.657,117.333,13.297
W06000022,Newport,2016,150.926,217.4554,466.219,230.398,257.136,149.586,59.284,44.593,147.419,12.337
W06000022,Newport,2017,153.234,217.4554,468.959,217.346,237.442,92.182,58.160,46.371,72.910,11.681
W06000022,Newport,2018,155.222,217.4554,466.356,213.939,269.157,126.655,49.962,43.622,70.839,11.199
W06000022,Newport,2019,156.773,217.4554,450.181,206.816,257.079,100.546,25.294,44.259,74.425,10.880
W06000022,Newport,2020,158.438,217.4554,373.103,202.203,219.272,101.062,21.658,46.416,81.949,10.150
W06000022,Newport,2021,159.687,217.4554,413.182,202.676,231.205,113.523,26.613,46.689,95.370,9.591
W06000022,Newport,2022,162.042,217.4554,415.582,176.292,213.719,95.800,25.647,45.035,93.410,9.096
W06000022,Newport,2023,165.112,217.4554,411.297,164.716,198.250,86.855,23.099,43.147,102.357,8.915
W06000022,Newport,2024,167.899,217.4554,417.694,165.134,206.998,77.559,24.773,42.815,105.842,8.489
W06000023,Powys,2005,130.21,5195.4561,363.256,416.056,137.977,99.339,33.303,1347.207,185.640,-244.235
W06000023,Powys,2006,131.037,5195.4561,372.720,422.856,140.639,105.755,33.627,1324.812,180.251,-260.272
W06000023,Powys,2007,131.982,5195.4561,378.721,393.574,132.453,98.263,30.984,1251.357,178.132,-272.188
W06000023,Powys,2008,132.865,5195.4561,367.517,398.565,121.123,94.551,30.045,1177.897,158.561,-273.670
W06000023,Powys,2009,133.09,5195.4561,358.706,378.283,109.170,84.557,26.699,1161.628,149.081,-276.334
W06000023,Powys,2010,132.878,5195.4561,359.612,415.288,121.319,90.970,29.024,1201.096,139.061,-277.070
W06000023,Powys,2011,133.071,5195.4561,353.242,357.632,112.101,82.812,26.052,1184.457,77.126,-240.025
W06000023,Powys,2012,133.146,5195.4561,350.380,370.726,111.170,82.880,26.605,1191.570,71.274,-191.940
W06000023,Powys,2013,132.719,5195.4561,320.354,359.413,114.699,82.693,26.320,1190.325,68.507,-215.581
W06000023,Powys,2014,132.809,5195.4561,330.276,309.834,103.826,70.107,22.939,1222.549,65.087,-209.630
W06000023,Powys,2015,132.945,5195.4561,328.859,294.901,97.306,62.941,20.517,1224.218,67.895,-199.234
W06000023,Powys,2016,132.531,5195.4561,347.885,275.189,85.126,54.017,17.555,1230.128,65.475,-205.740
W06000023,Powys,2017,132.46,5195.4561,351.916,257.198,87.530,43.739,17.475,1232.173,71.670,-202.959
W06000023,Powys,2018,131.967,5195.4561,358.057,250.339,77.752,51.716,16.322,1179.886,34.357,-202.361
W06000023,Powys,2019,131.556,5195.4561,353.118,238.333,72.759,43.074,14.439,1190.767,38.877,-202.224
W06000023,Powys,2020,132.199,5195.4561,284.307,230.681,68.859,36.676,12.756,1131.105,43.382,-161.683
W06000023,Powys,2021,133.521,5195.4561,300.671,225.798,73.219,45.760,15.086,1177.309,32.932,-215.175
W06000023,Powys,2022,133.989,5195.4561,302.216,187.128,70.643,42.113,12.655,1138.956,27.881,-218.919
W06000023,Powys,2023,134.645,5195.4561,301.046,182.853,67.247,35.650,11.862,1145.843,32.743,-211.361
W06000023,Powys,2024,135.059,5195.4561,301.092,187.223,56.045,34.487,13.326,1153.195,30.331,-214.979
W06000024,Merthyr Tydfil,2005,56.259,111.9569,92.357,154.286,87.082,50.723,25.303,16.875,93.331,-4.860
W06000024,Merthyr Tydfil,2006,56.627,111.9569,91.803,155.275,88.785,52.795,25.584,16.619,90.483,-5.505
W06000024,Merthyr Tydfil,2007,57.173,111.9569,95.351,146.843,85.579,48.079,22.181,14.891,86.227,-6.062
W06000024,Merthyr Tydfil,2008,57.688,111.9569,92.993,149.620,78.783,49.040,22.131,14.176,71.728,-5.632
W06000024,Merthyr Tydfil,2009,58.156,111.9569,91.744,135.634,64.381,39.966,17.979,13.611,68.285,-6.233
W06000024,Merthyr Tydfil,2010,58.493,111.9569,91.681,143.326,68.518,40.364,18.909,13.734,60.472,-6.247
W06000024,Merthyr Tydfil,2011,58.851,111.9569,88.804,125.221,62.080,36.356,16.298,13.721,31.376,-6.211
W06000024,Merthyr Tydfil,2012,58.869,111.9569,88.749,133.486,65.951,39.365,17.972,14.508,29.191,-4.983
W06000024,Merthyr Tydfil,2013,58.791,111.9569,87.812,132.123,60.674,35.315,16.924,14.011,28.096,-5.740
W06000024,Merthyr Tydfil,2014,58.859,111.9569,87.685,111.039,51.794,29.408,14.514,13.617,24.027,-5.993
W06000024,Merthyr Tydfil,2015,58.922,111.9569,90.680,109.009,53.840,28.192,13.801,13.750,23.489,-6.086
W06000024,Merthyr Tydfil,2016,59.247,111.9569,93.560,102.596,68.092,25.724,13.195,13.989,27.015,-6.530
W06000024,Merthyr Tydfil,2017,59.337,111.9569,87.811,97.438,59.779,22.620,12.512,13.401,21.354,-5.240
W06000024,Merthyr Tydfil,2018,59.349,111.9569,88.235,96.322,60.209,24.486,12.850,13.021,14.943,-7.041
W06000024,Merthyr Tydfil,2019,59.255,111.9569,85.141,93.626,56.705,22.653,10.557,12.688,21.555,-7.278
W06000024,Merthyr Tydfil,2020,59.194,111.9569,67.560,90.581,49.076,18.260,10.145,12.970,17.620,-5.695
W06000024,Merthyr Tydfil,2021,58.869,111.9569,79.404,91.676,50.097,21.092,13.234,13.139,14.086,-7.689
W06000024,Merthyr Tydfil,2022,58.881,111.9569,81.321,77.460,49.358,17.808,10.145,12.265,13.198,-7.947
W06000024,Merthyr Tydfil,2023,58.841,111.9569,81.316,73.819,45.388,15.920,9.617,11.963,9.417,-8.076
W06000024,Merthyr Tydfil,2024,58.972,111.9569,81.261,73.159,34.489,14.534,9.506,11.907,20.533,-8.248
