{"type":"Topology","objects":{"seneddConstituency":{"type":"GeometryCollection","geometries":[{"type":"MultiPolygon","arcs":[[[0]],[[1]],[[2]],[[3]],[[4]],[[5]],[[6]],[[7]],[[8]],[[9]],[[10]],[[11]],[[12]],[[13]],[[14]],[[15]],[[16]],[[17]],[[18]],[[19]],[[20]],[[21]],[[22]],[[23]],[[24]],[[25]],[[26]]],"id":1,"properties":{"SENC22CD":"W09000001","SENC22NM":"Ynys Môn"}},{"type":"Polygon","arcs":[[27,28,29]],"id":2,"properties":{"SENC22CD":"W09000002","SENC22NM":"Arfon"}},{"type":"MultiPolygon","arcs":[[[30]],[[31]],[[32]],[[33]],[[34,35,-30,36]]],"id":3,"properties":{"SENC22CD":"W09000003","SENC22NM":"Aberconwy"}},{"type":"MultiPolygon","arcs":[[[37,-38,38]],[[39,-40,40]],[[41,42,43,44,45,46,47,48,-35]]],"id":4,"properties":{"SENC22CD":"W09000004","SENC22NM":"Clwyd West"}},{"type":"MultiPolygon","arcs":[[[49]],[[-43,42,50]],[[-45,51,-38,52,-40,53,54]]],"id":5,"properties":{"SENC22CD":"W09000005","SENC22NM":"Vale of Clwyd"}},{"type":"MultiPolygon","arcs":[[[55,56]],[[57,58]],[[59]],[[60,61,62,63]],[[64]],[[65]],[[66]],[[67]],[[68]],[[69,-46,-55,70]]],"id":6,"properties":{"SENC22CD":"W09000006","SENC22NM":"Delyn"}},{"type":"MultiPolygon","arcs":[[[71,72,-47,-70,73]],[[-63,74]],[[-58,-57,75,-61,76]]],"id":7,"properties":{"SENC22CD":"W09000007","SENC22NM":"Alyn and Deeside"}},{"type":"Polygon","arcs":[[77,78,-72]],"id":8,"properties":{"SENC22CD":"W09000008","SENC22NM":"Wrexham"}},{"type":"Polygon","arcs":[[79,80,81,-48,-73,-79]],"id":9,"properties":{"SENC22CD":"W09000009","SENC22NM":"Clwyd South"}},{"type":"MultiPolygon","arcs":[[[82]],[[83]],[[84]],[[85]],[[86]],[[87]],[[88]],[[89]],[[90]],[[91]],[[92]],[[93]],[[94]],[[95]],[[96]],[[97]],[[98]],[[-49,-82,99,100,-28,-36]]],"id":10,"properties":{"SENC22CD":"W09000010","SENC22NM":"Dwyfor Meirionnydd"}},{"type":"MultiPolygon","arcs":[[[101,102]],[[103,-100,-81,104,105,106]]],"id":11,"properties":{"SENC22CD":"W09000011","SENC22NM":"Montgomeryshire"}},{"type":"MultiPolygon","arcs":[[[107,-108,108]],[[109,-110,110]],[[111,112,113,114]],[[115,116,117,118]],[[119,120]],[[121]],[[122]],[[123]],[[124]],[[125]],[[126]],[[127]],[[128]],[[-107,129,130,131,132,-102]]],"id":12,"properties":{"SENC22CD":"W09000012","SENC22NM":"Ceredigion"}},{"type":"MultiPolygon","arcs":[[[133]],[[134]],[[135]],[[136]],[[137]],[[138]],[[139]],[[140]],[[141]],[[142]],[[143]],[[144]],[[145]],[[146]],[[147,-148,148]],[[149]],[[150]],[[151]],[[152]],[[153]],[[154]],[[155]],[[156]],[[157]],[[158]],[[159]],[[160]],[[161]],[[115,-116,162]],[[-114,113,163]],[[-120,164,-118,165,-110,166,-112,167,107,168,-132,169,170,171,172,173]]],"id":13,"properties":{"SENC22CD":"W09000014","SENC22NM":"Preseli Pembrokeshire"}},{"type":"MultiPolygon","arcs":[[[174,-175,175]],[[176,177]],[[178,179,180,181,182,183]],[[184,-185,185]],[[186,-187,187]],[[188,189,190,191]],[[192,193,194,195,196,197,198,199,-170,-131]]],"id":14,"properties":{"SENC22CD":"W09000015","SENC22NM":"Carmarthen East and Dinefwr"}},{"type":"MultiPolygon","arcs":[[[200]],[[201]],[[202]],[[203]],[[204]],[[205]],[[206]],[[207]],[[208]],[[172,-173,209]],[[210]],[[180,-181,211]],[[-179,178,212]],[[-198,197,213]],[[190,-191,214]],[[215,-189,186,216,-177,217,184,-183,218,174,219,-148,220,-171,-200]]],"id":15,"properties":{"SENC22CD":"W09000016","SENC22NM":"Carmarthen West and South Pembrokeshire"}},{"type":"MultiPolygon","arcs":[[[221,-222,222]],[[223,-224,224]],[[225]],[[226]],[[227]],[[228]],[[229]],[[230]],[[231]],[[232]],[[233]],[[234,235,236,237,-196]]],"id":16,"properties":{"SENC22CD":"W09000017","SENC22NM":"Llanelli"}},{"type":"MultiPolygon","arcs":[[[238]],[[239]],[[240]],[[241]],[[242]],[[243]],[[244]],[[245]],[[246]],[[247]],[[248]],[[249]],[[250]],[[251]],[[252]],[[253]],[[254]],[[255]],[[256]],[[257]],[[258]],[[259]],[[260]],[[261]],[[-237,236,262]],[[263,264,265,266,223,267,221,268,-235,-195]]],"id":17,"properties":{"SENC22CD":"W09000018","SENC22NM":"Gower"}},{"type":"Polygon","arcs":[[269,270,-266]],"id":18,"properties":{"SENC22CD":"W09000019","SENC22NM":"Swansea West"}},{"type":"Polygon","arcs":[[271,272,273,-270,-265]],"id":19,"properties":{"SENC22CD":"W09000020","SENC22NM":"Swansea East"}},{"type":"Polygon","arcs":[[274,275,276,277,278,-272,-264,-194]],"id":20,"properties":{"SENC22CD":"W09000021","SENC22NM":"Neath"}},{"type":"MultiPolygon","arcs":[[[279,-273,-279]],[[280,281,282,-277,283]]],"id":21,"properties":{"SENC22CD":"W09000022","SENC22NM":"Aberavon"}},{"type":"Polygon","arcs":[[284,285,286,-282]],"id":22,"properties":{"SENC22CD":"W09000023","SENC22NM":"Bridgend"}},{"type":"Polygon","arcs":[[287,288,-284,289]],"id":23,"properties":{"SENC22CD":"W09000025","SENC22NM":"Rhondda"}},{"type":"Polygon","arcs":[[290,291,292,-290,-276,293]],"id":24,"properties":{"SENC22CD":"W09000026","SENC22NM":"Cynon Valley"}},{"type":"Polygon","arcs":[[294,295,296,297,298]],"id":25,"properties":{"SENC22CD":"W09000029","SENC22NM":"Cardiff West"}},{"type":"MultiPolygon","arcs":[[[299,-300,300]],[[301,-302,302]],[[303,-304,304]],[[305,-306,306]],[[307,308,309,310,311,312,313,-296,314]]],"id":26,"properties":{"SENC22CD":"W09000031","SENC22NM":"Cardiff Central"}},{"type":"Polygon","arcs":[[315,316,317,318,319,320,321,322,323,324]],"id":27,"properties":{"SENC22CD":"W09000034","SENC22NM":"Monmouth"}},{"type":"Polygon","arcs":[[325,326,327,328,-292,329]],"id":28,"properties":{"SENC22CD":"W09000035","SENC22NM":"Caerphilly"}},{"type":"Polygon","arcs":[[330,331,-326,332,333]],"id":29,"properties":{"SENC22CD":"W09000036","SENC22NM":"Islwyn"}},{"type":"Polygon","arcs":[[334,-331,335,-322]],"id":30,"properties":{"SENC22CD":"W09000037","SENC22NM":"Torfaen"}},{"type":"Polygon","arcs":[[-323,-336,-334,336,337]],"id":31,"properties":{"SENC22CD":"W09000038","SENC22NM":"Blaenau Gwent"}},{"type":"MultiPolygon","arcs":[[[319,-320,338]],[[339,340]],[[341,342,343,-327,-332,-335,-321]]],"id":32,"properties":{"SENC22CD":"W09000039","SENC22NM":"Newport West"}},{"type":"MultiPolygon","arcs":[[[344]],[[-318,317,345]],[[346,-340,347,-316]]],"id":33,"properties":{"SENC22CD":"W09000040","SENC22NM":"Newport East"}},{"type":"Polygon","arcs":[[348,-324,-338,349,-294,-275,-193,-130,-106]],"id":34,"properties":{"SENC22CD":"W09000041","SENC22NM":"Brecon and Radnorshire"}},{"type":"Polygon","arcs":[[-344,350,-315,-295,351,-328]],"id":35,"properties":{"SENC22CD":"W09000042","SENC22NM":"Cardiff North"}},{"type":"MultiPolygon","arcs":[[[352]],[[353]],[[354,355,-297,-314]],[[-312,311,356]],[[-310,309,357]],[[358,301,359,299,360,-304,361,305,362,-308,-351,-343]]],"id":36,"properties":{"SENC22CD":"W09000043","SENC22NM":"Cardiff South and Penarth"}},{"type":"Polygon","arcs":[[-337,-333,-330,-291,-350]],"id":37,"properties":{"SENC22CD":"W09000044","SENC22NM":"Merthyr Tydfil and Rhymney"}},{"type":"Polygon","arcs":[[-289,363,364,-285,-281]],"id":38,"properties":{"SENC22CD":"W09000045","SENC22NM":"Ogmore"}},{"type":"Polygon","arcs":[[-329,-352,-299,365,-364,-288,-293]],"id":39,"properties":{"SENC22CD":"W09000046","SENC22NM":"Pontypridd"}},{"type":"Polygon","arcs":[[-366,-298,-356,366,-286,-365]],"id":40,"properties":{"SENC22CD":"W09000047","SENC22NM":"Vale of Glamorgan"}}]}},"arcs":[[[41816,85685],[15,-22],[-59,-34],[14,-4],[-24,-47],[-71,-14],[-32,-22],[14,-29],[-39,-56],[13,-22],[-21,11],[-30,-14],[-14,-35],[33,-10],[-31,-20],[-8,15],[-37,4],[7,21],[-20,19],[-24,-19],[16,47],[-20,0],[75,96],[-5,29],[22,14],[-7,22],[26,3],[30,53],[19,-9],[51,88],[11,48],[50,38],[50,-4],[-34,-45],[18,-16],[0,-68],[30,-8],[-18,-10]],[[38503,87975],[-39,-9],[3,27],[28,-3],[8,-15]],[[49180,89451],[-26,-15],[-12,15],[15,28],[23,-28]],[[49340,89468],[-50,-19],[-33,17],[21,41],[46,-16],[16,-23]],[[49553,89663],[4,-32],[-41,20],[-13,-35],[10,-37],[-52,62],[12,39],[80,-17]],[[50161,90013],[6,-16],[-35,-56],[-13,66],[-25,-4],[-19,-22],[-38,-1],[-13,15],[28,9],[1,68],[31,17],[-1,-14],[101,-13],[2,-18],[-25,-31]],[[50252,90132],[-21,-27],[-22,13],[43,14]],[[50282,90189],[-19,9],[31,13],[-12,-22]],[[37328,90087],[-26,-73],[-14,55],[38,29],[2,-11]],[[37331,90153],[-6,-36],[-13,-11],[-27,8],[16,37],[30,2]],[[37388,90264],[10,-17],[-48,-94],[27,71],[-9,41],[20,-1]],[[36882,91023],[-7,-26],[-14,1],[-19,40],[40,-15]],[[36778,91282],[37,-65],[-98,61],[0,24],[61,-20]],[[36255,92115],[6,-20],[24,6],[22,-18],[29,13],[18,-16],[-28,-21],[43,-19],[-25,3],[-23,-22],[-10,40],[-56,9],[-2,20],[-19,8],[21,17]],[[35668,92358],[-24,-75],[-16,34],[5,27],[38,39],[21,-17],[-24,-8]],[[54285,94181],[-61,-5],[-8,54],[71,122],[119,85],[153,23],[27,19],[24,-13],[-9,-21],[-234,-221],[-82,-43]],[[33840,94434],[-27,-43],[19,2],[-23,-64],[14,-7],[55,3],[22,-48],[-27,-21],[22,-7],[70,46],[27,69],[27,-48],[169,-67],[20,9],[8,-15],[60,4],[11,24],[60,-39],[-4,-13],[35,-1],[13,-38],[44,-1],[-7,-18],[24,-36],[64,13],[-3,43],[36,12],[6,22],[-12,21],[13,48],[19,17],[16,60],[62,-72],[44,5],[44,-22],[-2,-18],[-49,-20],[-28,-103],[87,-13],[-17,-10],[-159,1],[-39,21],[-87,-47],[10,-32],[-60,-82],[-21,-38],[-20,-64],[11,-64],[12,-3],[67,89],[130,152],[36,2],[7,-38],[46,-16],[8,12],[33,-3],[11,40],[-4,-102],[78,-25],[49,16],[31,-19],[-2,-27],[31,-32],[69,-23],[-56,-45],[-18,-65],[20,-34],[74,-47],[-8,-35],[54,-42],[60,-16],[133,3],[60,49],[-37,48],[16,30],[24,-4],[8,-29],[10,22],[55,15],[25,17],[23,-14],[53,19],[21,-21],[1,22],[49,-6],[7,-23],[23,4],[33,-43],[54,-5],[12,-78],[35,-50],[56,-2],[97,32],[52,-55],[-58,-25],[-62,-61],[9,-72],[-24,-29],[12,-65],[-19,-49],[13,-37],[-8,-41],[47,-70],[134,-66],[-5,-9],[-113,45],[102,-50],[-15,-22],[-136,72],[-34,-15],[-16,19],[-13,-58],[-8,36],[-82,-7],[-25,-21],[4,-38],[-26,-51],[16,-18],[-33,-19],[-86,2],[-16,51],[-72,-48],[-45,12],[-47,-49],[3,-22],[57,15],[95,-9],[10,-60],[6,15],[16,-15],[-15,-27],[-17,27],[15,-49],[31,-36],[-79,-31],[-164,-6],[-33,40],[-19,-12],[-20,13],[-67,-14],[-29,-35],[23,-3],[-19,-14],[33,-1],[24,35],[31,11],[40,-19],[-37,-7],[-8,-15],[43,4],[-9,-29],[-67,-30],[13,-30],[-10,-13],[-74,-15],[6,-38],[13,-20],[43,22],[-46,-2],[-2,23],[19,10],[55,2],[25,14],[-14,20],[89,82],[128,2],[19,-23],[64,35],[-7,-35],[20,-37],[62,-44],[26,9],[15,39],[16,-4],[28,21],[-5,-24],[31,-24],[11,-21],[-14,-16],[23,-22],[-106,-68],[-11,-106],[-58,-42],[28,0],[-37,-32],[104,59],[2,-37],[25,-11],[-16,-45],[-16,-24],[54,27],[-13,20],[23,11],[0,47],[8,-24],[59,-16],[28,33],[31,2],[15,-20],[-25,-12],[18,-13],[-12,-23],[22,11],[17,-22],[114,63],[50,-5],[81,-84],[35,-13],[30,21],[28,-11],[37,-36],[3,-26],[-80,-39],[-27,5],[-12,-17],[28,-52],[57,-68],[-69,-14],[40,-11],[10,-32],[-35,-20],[-16,-30],[-135,-78],[37,13],[-39,-45],[54,-2],[43,56],[38,-10],[38,27],[25,-5],[75,27],[128,-20],[107,58],[38,-6],[53,-62],[62,-15],[51,-32],[-44,-58],[-61,11],[-40,-17],[-18,22],[-35,6],[-6,-20],[-46,-32],[-67,-7],[-39,-24],[79,-20],[21,13],[20,-19],[-61,-47],[50,1],[30,-14],[17,25],[9,-20],[29,2],[31,-33],[41,-11],[5,-19],[25,-11],[-20,-26],[33,-29],[22,-58],[28,-13],[33,-60],[20,4],[52,-29],[32,-76],[-43,-75],[-108,56],[-83,19],[31,-25],[-16,-35],[36,12],[40,-17],[-5,-34],[28,-13],[-12,-34],[18,-61],[97,-33],[121,33],[24,-14],[15,-44],[-45,4],[-4,-24],[-31,-14],[21,-31],[-38,-9],[3,-18],[-66,-10],[1,26],[14,1],[-25,39],[-63,23],[-65,2],[-65,-15],[-51,-41],[-11,-17],[27,-12],[15,-32],[-37,6],[-27,-11],[-40,16],[6,-16],[-20,-10],[9,-14],[-160,-19],[-8,-16],[-54,-11],[-37,43],[13,-46],[-12,-5],[-19,34],[1,-42],[-39,12],[1,29],[-19,12],[-1,-34],[-33,11],[14,-34],[-18,0],[28,-50],[-31,-41],[-25,-13],[-3,16],[-27,4],[6,-22],[-16,-8],[-22,45],[-3,-28],[-28,-22],[-6,33],[-9,-27],[-20,16],[-7,33],[-37,-1],[-25,11],[12,15],[-52,-17],[8,17],[-16,12],[11,33],[48,41],[-8,28],[-29,12],[0,18],[-21,13],[-71,0],[-65,-24],[-34,-80],[15,-39],[22,-1],[13,-29],[-47,-60],[-38,12],[15,33],[20,-9],[5,37],[-19,16],[-20,-8],[-19,-42],[-19,-3],[7,21],[-31,-32],[-25,-11],[-12,38],[-1,-31],[-24,-10],[-34,40],[16,37],[-34,-26],[-33,26],[-20,48],[-22,-18],[-26,23],[-11,-7],[-44,39],[-16,40],[-12,-13],[-43,44],[9,-43],[-40,-12],[-13,48],[-13,-38],[-71,16],[-38,31],[8,40],[-80,26],[54,26],[-5,15],[-42,4],[-22,32],[-28,13],[59,40],[14,29],[37,-13],[-14,24],[36,12],[36,27],[9,17],[-37,41],[-26,-17],[-32,10],[-16,37],[17,31],[47,17],[-18,17],[49,-1],[-18,36],[21,18],[-2,18],[28,-19],[-8,26],[15,14],[-28,6],[19,18],[-43,14],[-34,46],[-79,42],[14,38],[47,3],[1,12],[-29,6],[15,18],[25,3],[-17,13],[-30,-23],[-19,29],[-23,8],[1,-14],[-27,-8],[-25,21],[8,12],[-16,32],[15,-2],[4,-29],[13,39],[21,3],[1,25],[-28,34],[-28,6],[-1,-20],[-18,-9],[-50,32],[0,-41],[-13,-8],[-23,11],[-15,-13],[-18,23],[-28,8],[17,19],[-22,28],[16,8],[-3,27],[-20,9],[32,10],[32,-23],[16,9],[-25,28],[-35,10],[23,38],[38,17],[-31,-1],[18,11],[-22,6],[7,25],[-28,17],[-41,-19],[-31,8],[-2,18],[-66,11],[9,27],[28,16],[-29,-1],[-38,19],[20,43],[26,4],[-8,12],[19,32],[-2,13],[33,35],[21,-50],[25,35],[-30,30],[3,21],[60,-25],[-1,-15],[38,25],[3,22],[-26,5],[29,15],[-4,12],[-36,10],[-10,-18],[-37,7],[-5,28],[10,10],[-11,53],[70,40],[27,-29],[19,29],[32,-15],[2,21],[34,8],[13,47],[-39,71],[-91,58],[-36,-5],[15,-18],[-9,-14],[-21,4],[-4,29],[-40,-16],[1,-32],[-19,3],[-14,-34],[-23,-11],[-18,35],[11,25],[-32,12],[23,2],[-2,16],[-25,14],[-22,-12],[15,-12],[-12,-18],[-51,-10],[-14,50],[16,18],[-19,27],[-38,-1],[6,-45],[-33,-21],[-34,22],[-28,-11],[8,24],[-48,-10],[-70,25],[16,35],[-17,12],[-20,-19],[-16,5],[-25,-41],[-31,-10],[-16,15],[9,18],[39,28],[-44,51],[51,24],[1,37],[-11,15],[-57,-32],[-54,21],[28,16],[-19,24],[-54,-22],[0,-30],[-30,17],[-38,1],[-3,-18],[-35,4],[6,-21],[-18,-16],[3,20],[-29,-22],[-33,9],[37,23],[-34,-8],[-1,15],[-27,-18],[-41,19],[-45,-3],[26,20],[-50,-14],[-16,16],[22,23],[-16,12],[20,35],[-32,-10],[66,52],[-5,33],[-36,15],[-45,-41],[-1,-24],[-48,-27],[0,16],[-59,-17],[-55,0],[-68,25],[30,-28],[-55,-2],[12,-7],[-10,-55],[20,11],[16,-21],[-53,-67],[-31,4],[13,14],[-46,-9],[11,15],[-39,-11],[-24,-22],[-28,38],[8,-24],[-13,-20],[-27,-6],[36,-7],[-19,-11],[-54,12],[56,-22],[-37,-25],[-39,2],[-5,36],[-15,-22],[-15,6],[36,26],[-21,23],[-28,-14],[10,19],[-60,-4],[-20,22],[9,-27],[-50,10],[-1,35],[24,23],[-77,-10],[27,32],[-28,-12],[-20,25],[-13,33],[-18,-74],[-9,14],[-11,-22],[-59,-21],[-5,10],[-53,-53],[17,27],[-21,2],[-9,-34],[-70,-25],[1,30],[33,22],[-60,-27],[-11,44],[-53,12],[-11,27],[-22,-10],[29,57],[53,30],[-42,-5],[54,35],[-88,41],[-2,27],[-17,1],[-11,23],[-23,-18],[-11,14],[69,44],[72,74],[-1,32],[82,52],[15,35],[20,6],[22,-19],[33,12],[-6,15],[21,14],[-6,14],[38,62],[-20,21],[-39,-16],[21,25],[-15,0],[11,28],[-21,3],[-22,28],[61,31],[15,24],[-20,24],[-42,-20],[21,27],[-30,-6],[-6,13],[22,27],[-7,16],[-26,-1],[3,19],[-25,18],[-73,-40],[-20,19],[-9,-16],[-44,-5],[-4,11],[-27,-24],[-18,22],[-3,-24],[-18,-12],[-65,42],[5,30],[-48,-17],[-6,26],[30,63],[-73,50],[1,17],[-38,11],[-25,44],[11,19],[-23,2],[24,14],[-21,16],[-23,-5],[15,18],[-33,0],[24,23],[-48,-1],[-6,27],[30,75],[55,43],[21,29],[-15,7],[48,44],[28,-29],[94,52],[19,-23],[18,14],[49,-13],[12,19],[-9,28],[45,25],[7,25],[39,2],[-20,15],[34,18],[32,63],[39,24],[21,63],[-32,116],[-6,71],[13,68],[-12,7],[-30,-18],[-14,21],[8,14],[29,0],[4,33],[55,-7],[11,-13],[21,11],[23,-42],[33,-16],[-11,-20],[26,4],[43,-31],[15,21],[46,-33],[7,31],[34,-7],[19,11],[7,-16],[88,15],[51,-48],[-10,-30],[29,-50],[18,5],[21,-24],[4,26],[34,-12],[81,5],[8,23],[39,8],[32,55],[16,4],[33,-27],[62,53],[25,9],[28,-15],[11,49],[-31,37],[35,-10],[42,16],[34,-13],[1,-22],[17,13],[30,-9],[-21,-56],[34,-25],[30,-1],[65,101],[37,15],[67,83],[53,25],[454,18],[302,261],[13,-15],[-38,-35],[-275,-218],[-420,-14],[-73,-21],[-57,-62],[-23,-35],[9,-13],[-57,-85]],[[47790,96232],[-30,-42],[-6,44],[16,23],[23,-1],[-3,-24]],[[36913,99118],[0,0]],[[35059,99293],[24,-28],[-1,-41],[-37,-12],[-19,25],[11,5],[-50,27],[41,12],[-27,14],[46,15],[12,-17]],[[35140,99269],[-22,-10],[-18,20],[17,16],[-15,36],[20,5],[-5,31],[41,2],[-13,-21],[17,-38],[-41,-24],[19,-17]],[[35275,99426],[-52,-65],[-19,3],[1,30],[-20,-47],[-18,9],[-17,39],[23,35],[64,-5],[22,34],[16,-33]],[[35341,99448],[-35,-20],[-17,11],[20,33],[32,-24]],[[35221,99469],[-5,-25],[-31,15],[12,18],[24,-8]],[[41258,99668],[109,-54],[22,-32],[-17,-39],[29,-4],[29,12],[15,-5],[43,18],[34,-7],[-8,16],[45,8],[66,-5],[25,-17],[4,11],[48,-7],[2,44],[64,13],[85,-14],[35,-40],[1,-33],[-48,-25],[-20,-33],[20,-34],[-40,-29],[2,-28],[19,-28],[74,-25],[49,-40],[61,12],[36,31],[-4,19],[18,15],[-10,23],[19,-13],[63,6],[-12,44],[25,6],[-26,20],[38,-10],[-13,60],[33,34],[55,-14],[20,-24],[19,6],[30,-19],[22,10],[101,-28],[5,18],[33,5],[48,-25],[25,4],[4,15],[85,-22],[-14,20],[37,4],[17,16],[25,5],[-8,15],[33,-13],[-26,23],[27,6],[107,-34],[54,-67],[2,31],[47,-14],[56,18],[106,-30],[17,-10],[-14,-11],[31,-24],[-98,-34],[31,-33],[1,-15],[74,-11],[-24,-19],[36,-3],[-12,-16],[22,-54],[21,-7],[-23,-24],[15,-9],[6,-34],[114,-33],[1,-14],[-33,-11],[20,-20],[63,-15],[23,-16],[98,-25],[23,-40],[18,35],[13,-14],[56,10],[-8,13],[40,14],[-27,14],[34,0],[9,20],[23,-1],[-6,15],[35,-9],[-2,10],[37,9],[31,-3],[-6,16],[41,-11],[2,13],[45,9],[25,15],[27,1],[21,-20],[33,-2],[3,17],[24,-6],[0,21],[41,21],[18,65],[55,9],[62,-28],[-1,-20],[35,-21],[58,-9],[4,-16],[37,-21],[-6,-26],[49,2],[-55,-29],[-20,-42],[10,-14],[-34,-61],[7,-21],[36,84],[69,36],[-33,17],[47,-4],[27,11],[10,24],[42,7],[-2,11],[57,4],[-17,21],[37,-1],[2,34],[27,2],[50,-46],[-25,-29],[78,23],[75,-14],[65,-41],[14,17],[42,7],[25,-25],[33,7],[62,-18],[14,-35],[30,-4],[14,17],[21,-20],[12,9],[5,-32],[22,11],[91,-24],[30,-35],[58,-25],[15,16],[-4,35],[20,22],[32,0],[41,-23],[108,4],[117,-81],[-8,-53],[32,-17],[21,7],[12,36],[34,0],[22,-17],[0,45],[16,4],[-28,53],[8,14],[-28,35],[20,13],[-7,17],[20,7],[-19,30],[19,7],[-14,23],[-27,15],[24,15],[-17,12],[49,-4],[9,-20],[59,6],[26,-22],[-48,-33],[19,-22],[-20,-13],[34,-38],[23,-11],[-2,-15],[47,-6],[-14,-32],[31,-29],[-1,-48],[29,-5],[26,-35],[-21,-18],[21,-20],[-24,-32],[-42,-1],[40,-33],[-26,-22],[-4,-25],[9,-35],[51,-32],[50,3],[23,-25],[71,-20],[64,-45],[-31,-21],[34,-11],[-4,-10],[55,-38],[19,0],[20,-27],[-17,-8],[26,-24],[-17,3],[-60,-49],[19,-60],[-5,-44],[36,-59],[53,-14],[8,-34],[83,-42],[11,-33],[-39,-131],[57,-78],[-21,-62],[-4,-128],[-81,-123],[-25,-12],[-6,-37],[-39,-21],[-76,-104],[-33,-18],[16,-80],[-8,-27],[-50,-21],[-109,-84],[-149,-191],[-29,-90],[-73,-68],[-2,-27],[-85,-48],[-32,-9],[-43,-37],[-16,-31],[-4,-45],[22,71],[46,38],[67,15],[27,22],[-14,-43],[6,-51],[34,6],[0,-28],[29,-13],[50,12],[108,67],[70,89],[193,133],[-7,40],[-34,51],[-18,7],[9,56],[-35,-13],[-31,11],[-26,50],[-32,12],[20,25],[33,5],[95,-57],[44,-5],[59,19],[57,-26],[8,-23],[-37,-45],[19,-37],[48,-57],[57,3],[47,-60],[41,-10],[-1,-54],[21,-44],[18,-3],[7,-26],[46,-7],[-49,-32],[24,-16],[-8,-29],[18,-19],[-52,-54],[3,-55],[46,-61],[-7,-44],[102,-28],[88,-43],[35,10],[42,-19],[108,63],[87,33],[0,-40],[25,-26],[97,40],[24,-24],[17,10],[61,-15],[41,-32],[51,-6],[34,-24],[25,-53],[58,-26],[100,11],[40,22],[16,-12],[26,12],[11,-9],[23,33],[39,-26],[-9,-77],[31,-11],[-7,-15],[-41,-2],[-26,-21],[-64,-98],[-39,-11],[-16,8],[-27,-24],[-1,-75],[29,-91],[-21,-27],[9,-35],[105,-9],[7,-18],[32,-12],[-7,-40],[43,-6],[14,-13],[41,-95],[-8,-33],[-59,-33],[-29,-41],[-19,24],[32,13],[-52,-11],[19,-23],[-57,-28],[-6,-27],[47,-44],[26,-77],[-6,-24],[50,-42],[14,-3],[37,31],[54,-27],[32,63],[25,14],[23,-20],[-3,-37],[30,-77],[-9,-17],[24,-48],[-19,-118],[12,-35],[41,-13],[-10,-22],[46,-46],[-8,-75],[44,-76],[-9,-12],[20,-52],[-31,-46],[28,-36],[13,-106],[-10,-41],[28,-62],[121,-73],[59,-14],[47,-40],[116,-59],[63,-21],[46,8],[40,-54],[-17,-160],[-88,-192],[2,-61],[-29,-53],[-14,17],[18,14],[2,34],[-14,-17],[-31,0],[-66,-72],[-61,-86],[6,-48],[-48,-104],[71,-80],[70,-42],[177,-42],[56,17],[24,-21],[39,5],[6,-50],[-39,-10],[-12,-56],[21,55],[22,-5],[27,21],[-15,31],[32,-4],[-39,21],[24,24],[22,-3],[-6,19],[28,22],[73,6],[11,25],[27,-1],[58,28],[86,10],[124,-14],[72,35],[22,-11],[11,21],[105,67],[93,-6],[26,17],[24,-3],[27,30],[21,-8],[-3,25],[56,-4],[26,50],[41,38],[98,15],[129,3],[107,-17],[102,23],[367,35],[146,50],[22,25],[-2,75],[54,132],[58,51],[85,30],[4,63],[20,3],[35,79],[37,8],[36,30],[31,-7],[62,12],[102,68],[150,48],[114,59],[209,-17],[103,16],[129,-61],[22,11],[20,-10],[97,10],[100,-17],[105,-91],[42,-4],[30,19],[10,-56],[27,-14],[61,12],[8,38],[43,-31],[110,-30],[9,-18],[54,-27],[124,-25],[16,17],[44,-21],[1,12],[220,-56],[109,15],[104,37],[1,36],[26,-7],[16,-27],[15,15],[6,-16],[21,37],[55,2],[25,28],[95,9],[125,-80],[97,-18],[33,-28],[25,14],[58,-27],[14,-17],[20,6],[6,-16],[99,-2],[33,41],[6,-34],[37,-44],[-33,-63],[-74,-42],[-83,-167],[-42,-18],[-173,-9],[-116,-58],[-35,-59],[-17,-8],[-12,-28],[-2,-115],[16,-83],[-46,-85],[-26,-13],[-33,5],[-83,-36],[-34,16],[-51,-14],[-77,-72],[-72,-119],[-57,-55],[-53,-201],[-60,-126],[-18,-81],[-67,-38],[-276,-267],[-12,-86],[27,-266],[-19,-72],[14,-35],[-13,-3],[-36,-104],[-34,-20],[-44,-1],[-32,-47],[-26,35],[-17,1],[-50,-22],[-66,0],[-73,-36],[-168,-219],[14,-64],[54,-37],[-42,-12],[-118,9],[-126,-93],[-25,-33],[-171,-95],[-64,-7],[-116,-93],[-116,-31],[-108,-77],[-40,-51],[-4,-39],[-44,4],[-234,-142],[-46,-45],[-59,-39],[-12,-26],[-76,-54],[-11,-32],[-91,-28],[-46,-34],[-70,-5],[-63,-29],[-8,-22],[22,-2],[-43,-16],[-112,-85],[-43,3],[-40,54],[3,-54],[-31,-139],[11,-14],[-30,-12],[-32,-39],[42,-34],[-15,-4],[-9,-47],[22,0],[4,27],[16,-7],[9,26],[20,4],[44,-30],[-31,-19],[-13,7],[-17,-20],[-22,21],[-11,-32],[-26,21],[4,-26],[-35,-64],[18,-19],[-4,-23],[-16,-7],[-19,-75],[-54,-26],[9,-12],[-95,-21],[-83,42],[-47,72],[-20,-5],[-7,-20],[10,-27],[-30,-7],[-27,30],[25,32],[50,0],[16,28],[-46,58],[-12,-11],[10,-31],[-37,23],[-34,-7],[-3,-37],[-32,5],[-20,-17],[-38,15],[-79,-8],[-37,-67],[-62,-43],[-18,-28],[-40,-5],[-15,-54],[-64,-44],[-5,-49],[-18,25],[-5,-48],[-127,-22],[-38,-31],[-42,21],[-33,-27],[-12,21],[-59,2],[-164,-49],[-10,-21],[-61,32],[24,-51],[-23,-26],[-37,4],[-31,-16],[-107,-98],[-123,-160],[-99,-189],[-23,-158],[14,-11],[-19,-21],[18,-3],[-27,-41],[56,-235],[-1,-103],[-46,-39],[-18,7],[7,-21],[26,-4],[-23,-20],[-11,-87],[-112,-102],[3,-14],[34,-11],[11,-28],[-15,-34],[-18,-8],[-112,22],[-65,-77],[-207,-135],[-88,-25],[-90,28],[-119,-36],[-120,-65],[-59,-15],[-118,-160],[-152,-72],[-66,-47],[-55,-19],[28,22],[-23,-3],[-38,-65],[-208,-173],[-42,-42],[-14,-35],[-67,-31],[-134,-17],[-76,-53],[-58,-80],[-43,-50],[-13,-61],[-61,-76],[-16,-50],[-89,-102],[3,-20],[-364,-242],[-110,-51],[-72,-64],[-129,-58],[-101,-30],[-72,-3],[13,-10],[-62,-8],[-134,-63],[-152,-40],[-124,25],[-43,-14],[-54,33],[-8,22],[72,71],[28,11],[-15,24],[105,60],[-107,-57],[-27,26],[-42,3],[-95,-66],[-104,4],[-24,26],[-156,21],[-17,12],[-76,-6],[-3,19],[-15,-20],[-22,19],[2,38],[54,84],[13,68],[121,110],[32,75],[-20,39],[90,32],[24,43],[39,15],[62,58],[-66,-23],[-17,79],[29,33],[-19,11],[-28,-6],[8,66],[-13,-25],[0,-43],[45,-2],[-28,-37],[21,-79],[37,11],[-36,-39],[-39,-16],[-37,-47],[-76,-21],[11,-36],[-30,-86],[-31,-13],[-30,-43],[-60,-23],[-16,-97],[-54,-62],[-16,-53],[23,-36],[127,-32],[22,-34],[2,-38],[-34,-68],[32,38],[-36,-58],[6,-29],[-31,-41],[20,3],[-1,-21],[-47,-33],[-31,-75],[-75,-77],[-4,-37],[58,-4],[7,-24],[-33,-54],[-47,-27],[-14,-30],[8,-36],[198,-176],[143,-55],[-9,10],[36,8],[1,15],[69,-21],[64,-89],[-8,-44],[-46,-23],[-40,3],[-94,84],[-114,39],[-110,2],[-509,88],[-168,55],[-271,173],[-380,276],[-183,78],[-279,86],[-181,24],[-142,-9],[-91,-57],[-41,25],[14,13],[-43,95],[-257,467],[-65,166],[-9,158],[51,155],[147,-15],[82,10],[35,19],[49,59],[121,3],[92,54],[-4,14],[24,29],[45,17],[-9,17],[43,23],[9,68],[-17,14],[-69,2],[-19,35],[2,37],[33,30],[99,26],[12,-22],[47,29],[45,-21],[-23,-18],[43,11],[7,-32],[75,-32],[10,21],[4,-64],[-53,-61],[4,-27],[31,-21],[-33,34],[64,93],[17,9],[-16,16],[52,-7],[-12,15],[-37,-2],[4,21],[-15,11],[24,9],[-5,27],[43,69],[47,142],[51,99],[33,28],[77,-6],[9,-75],[8,79],[27,38],[-45,68],[1,49],[-26,77],[-93,223],[12,21],[315,168],[173,144],[266,64],[208,116],[305,40],[518,585],[124,163],[117,100],[330,408],[39,63],[-378,-475],[-101,-82],[-133,-171],[-519,-588],[-313,-38],[-191,-109],[-290,-75],[-175,-139],[-285,-162],[-17,10],[-68,-16],[-48,-50],[-68,-41],[-132,-49],[-69,-45],[-149,-206],[-15,-41],[10,-27],[-35,-57],[-41,-13],[-18,-28],[-67,-21],[-11,-32],[-16,13],[-56,-39],[-62,1],[-28,-21],[-2,-46],[-44,-138],[20,-61],[-73,-122],[-128,-92],[-23,-35],[-11,21],[-31,-10],[-24,13],[-31,-44],[-44,-21],[-10,-35],[-53,-27],[-26,-36],[-27,8],[20,-24],[-42,-98],[-28,-28],[2,-22],[20,0],[-16,-56],[-36,-32],[-18,18],[-30,-48],[-29,6],[-6,17],[-31,-24],[-1,20],[-17,-3],[-51,-35],[-3,18],[-35,3],[-13,-21],[15,-10],[-40,-41],[-21,8],[-41,-23],[-10,-18],[-113,-102],[-28,-5],[-20,45],[24,23],[3,-10],[26,45],[56,35],[-57,-19],[-4,15],[53,92],[-68,-9],[23,51],[-20,8],[-78,-25],[-14,9],[4,22],[43,44],[-24,27],[-36,0],[-12,-45],[-41,-12],[16,28],[-35,-8],[-8,40],[21,17],[-26,16],[-27,68],[-35,19],[-62,-28],[-60,-51],[1,32],[102,112],[18,45],[-16,37],[-24,3],[4,45],[-15,4],[-32,-22],[41,60],[-8,29],[-43,35],[-37,-31],[-38,0],[-23,17],[24,46],[-45,33],[-2,52],[-29,26],[-31,67],[25,38],[-20,-8],[19,31],[-19,3],[22,37],[-10,-1],[2,68],[15,20],[-248,207],[-33,12],[-11,22],[42,85],[6,86],[43,69],[67,59],[7,80],[-22,7],[33,82],[30,13],[16,26],[-45,-35],[-37,-68],[-12,-103],[-95,-125],[-12,-74],[-41,-53],[14,-77],[27,-20],[-23,-24],[4,-21],[-46,-18],[-31,34],[-33,-3],[-21,-37],[-58,4],[-35,-12],[-31,-59],[-39,-16],[-27,2],[16,17],[-61,6],[-16,-16],[-86,26],[-9,-17],[-60,-30],[-29,-56],[-87,-70],[-23,17],[9,31],[-11,29],[-42,-6],[13,17],[-42,-10],[-10,11],[34,57],[-44,30],[23,36],[-24,14],[22,30],[-17,7],[45,10],[16,44],[39,12],[13,39],[-63,88],[-69,7],[-32,-38],[-8,-49],[-53,-25],[-28,19],[108,90],[-3,30],[-23,16],[-96,-68],[-34,-10],[16,35],[-9,7],[-99,-57],[-11,50],[-9,-9],[-73,16],[-39,-9],[-61,17],[-22,23],[-21,37],[9,13],[-28,20],[36,60],[17,49],[-11,50],[-61,50],[12,14],[-15,14],[16,8],[-8,41],[35,-2],[-18,12],[-6,39],[17,27],[-20,8],[10,15],[35,1],[18,50],[28,11],[-31,9],[-7,21],[28,5],[1,19],[30,31],[-3,47],[48,33],[1,36],[24,25],[-3,47],[36,13],[-18,64],[36,23],[13,28],[38,-7],[10,27],[-10,34],[-23,16],[-76,-43],[-32,3],[-43,-21],[-43,5],[-21,-6],[9,20],[-27,16],[4,29],[-21,4],[0,24],[26,24],[-4,22],[53,47],[51,26],[18,-4],[5,28],[-49,83],[-8,48],[-33,14],[3,38],[-77,91],[-61,27],[-37,46],[-28,-20],[6,33],[-37,34],[12,9],[-27,33],[-155,134],[-85,17],[-13,-32],[-25,20],[-22,0],[2,-28],[-44,-45],[-25,6],[42,38],[5,28],[-18,34],[-46,28],[-8,20],[13,32],[-32,48],[45,185],[46,50],[21,46],[-8,60],[-47,54],[11,46],[-6,30],[-40,55],[13,19],[25,4],[30,-64],[41,11],[55,-31],[44,30],[-9,68],[25,-37],[109,52],[-12,7],[-99,-53],[-13,64],[-19,-45],[10,-55],[-37,-22],[-47,28],[-46,-11],[-25,60],[-37,-5],[-12,-29],[42,-75],[-11,-65],[2,-23],[45,-68],[-3,-15],[-25,-12],[-69,106],[-70,64],[-125,43],[-202,29],[-41,113],[-62,84],[-109,98],[-255,164],[-32,52],[-65,58],[-79,40],[-6,8],[53,29],[26,-17],[18,42],[-13,26],[17,88],[100,35],[34,25],[-8,15],[-28,-29],[-39,24],[7,11],[-67,19],[-108,120],[-43,0],[-18,38],[-88,36],[73,32],[27,99],[55,97],[-15,16],[30,9],[22,55],[30,-3],[-3,-14],[50,-33],[46,-4],[-19,24],[-34,8],[-15,46],[-67,94],[-22,-83],[-31,-2],[-34,-78],[-26,-24],[-22,-6],[-24,29],[-32,3],[5,28],[-87,53],[15,22],[-16,43],[13,28],[-62,-31],[-49,47],[-14,36],[14,33],[-19,15],[-2,30],[45,-7],[33,47],[-3,10],[-62,7],[5,76],[-32,12],[-57,-63],[-35,-14],[-20,25],[-18,-6],[-38,15],[-12,31],[31,24],[-10,10],[-30,-9],[-43,-50],[-14,24],[30,14],[-15,16],[5,42],[-23,1],[-11,15],[-37,-10],[4,-14],[-48,-43],[-96,29],[0,28],[-84,49],[-10,69],[-31,-4],[52,48],[-14,20],[12,11],[21,-26],[-17,96],[-72,-1],[4,-77],[-15,1],[-19,-24],[-19,7],[-14,-18],[-19,6],[11,60],[-33,66],[-25,17],[94,0],[22,13],[72,-26],[14,26],[-33,87],[139,51],[99,71],[-79,85],[-172,85],[20,37],[251,-115],[27,0],[57,116],[115,75],[91,103],[80,22],[116,75],[40,94],[-14,99],[13,40],[73,-67],[38,-62],[67,20],[87,53],[60,11],[31,28],[65,4],[7,-9],[27,102],[-6,56],[55,42],[7,38],[55,79],[24,12],[87,-10],[44,38],[1,63],[40,36],[71,-10],[78,-53],[18,2],[65,51],[-20,-3],[-46,-45],[-22,4],[-69,55],[-68,16],[-3,35],[-43,40],[31,-62],[-50,-51],[3,-62],[-15,-20],[-32,-17],[-66,36],[-109,-11],[-43,-94],[-68,-55],[-61,-79],[-138,3],[-114,-33],[-22,83],[40,4],[0,-10],[56,33],[-82,-8],[-20,-22],[9,-74],[-98,-11],[-22,-29],[42,-28],[-45,-59],[18,-26],[-50,2],[-70,59],[-47,16],[88,116],[45,188],[4,66],[-22,39],[45,88],[21,119],[-38,149],[-65,70],[-112,-1],[-88,16],[-21,35],[12,55],[22,26],[-5,49],[-22,56],[-52,64],[-70,19],[-15,-15],[-86,8],[-37,-25],[-35,53],[-107,23],[57,108],[4,41],[-34,62],[-50,11],[-28,47],[54,60],[45,23],[23,27],[-29,33],[26,8],[5,-19],[23,3],[-4,-19],[58,-20],[63,30],[31,-33],[31,1],[96,81],[68,111],[6,50],[-24,63],[-53,33],[26,9],[4,56],[29,15],[13,36],[49,3],[39,72],[-12,34],[-36,29],[-51,-6],[12,20],[-17,56],[28,30],[3,24],[61,43],[30,44],[22,88],[-21,42],[-86,39],[-14,21],[45,18],[45,45],[-17,1],[47,28],[-15,43],[-29,26],[7,15],[32,16],[11,-11],[45,10],[48,39],[30,0],[22,29],[11,41],[-9,37],[45,45],[7,73],[40,110],[-5,33],[-17,11],[19,15],[34,-15],[10,36],[-46,37],[42,56],[-4,133],[18,8],[5,31],[38,19],[15,52],[-5,44],[-59,39],[7,14],[-35,52],[-36,22],[-35,-9],[1,11],[-66,4],[-45,15],[7,19],[-17,9],[-1,24],[50,71],[-29,-3],[-17,60],[21,25],[-25,20],[-49,-2],[-23,53],[-37,20],[-15,21],[16,17],[-5,20],[-17,2],[36,62],[-7,8],[42,22],[12,43],[20,3],[-28,27],[28,8],[3,19],[-28,3],[10,17],[-37,13],[40,6],[-9,24],[-111,52],[-121,11],[30,45],[-8,11],[10,34],[49,43],[-16,17],[-26,-6],[-37,-26],[-45,3],[-5,22],[37,18],[15,-12],[36,14],[35,-7],[-28,39],[4,17],[-21,12],[39,22],[-33,10],[-18,18],[20,22],[32,-1],[-3,28],[-39,0],[-56,16],[33,4],[-4,12],[-125,24],[7,8],[39,-14],[-41,23],[16,39],[-14,21],[25,-3],[7,13],[-24,47],[27,0],[-9,32],[47,58],[115,-2],[-51,12],[25,1],[9,19],[73,-3],[-37,17],[8,16],[-35,-9],[11,15],[69,3],[-33,13],[89,31],[50,-9],[-34,25],[6,18],[20,-24],[75,-26],[-33,42],[18,15],[50,2],[-18,-11],[36,-21],[-7,-15],[19,-6],[-8,-21],[16,-1],[-1,-24],[34,-20],[14,7],[51,-46],[14,16],[32,1],[47,-29],[26,28],[39,1],[13,-23],[31,11],[4,18],[19,-1],[-4,20],[55,5],[11,56],[38,15],[-7,-15],[60,9],[31,-28],[121,24],[38,-13],[58,9],[16,-13],[15,13],[20,-15],[20,17],[22,-6],[23,19],[-6,16],[44,-12],[29,10],[2,34],[37,-33],[31,1],[-5,-23],[19,-17],[23,2],[41,25],[26,41],[-6,60],[-41,28],[20,19],[-11,25],[19,3],[1,51],[37,-1],[37,29],[-31,15],[-3,19],[28,-8],[5,13],[16,-26],[44,16],[55,-5],[22,-17],[58,8],[78,76],[20,4],[6,22],[33,-4],[42,25],[39,58],[32,-12],[5,28],[54,0],[1,19],[38,-11],[-32,-53],[-49,-24],[-28,5],[-34,-37],[8,-86],[-29,-17],[-13,14],[-11,-26],[13,-4],[32,19],[86,-91],[130,-58],[105,5],[18,64],[31,21],[-11,25],[30,65],[80,43],[39,-5],[26,16],[56,-13],[21,-45],[21,-10],[28,7],[-7,-19],[14,-23],[39,-4],[26,-20],[-21,34],[19,14],[-17,12],[99,5],[27,-20],[42,38],[4,42],[-69,62],[39,17],[0,19],[30,-3],[-1,13],[31,12],[-10,17],[-38,5],[45,4],[41,53],[-12,22],[25,-1],[-17,19],[16,7],[-33,10],[6,11],[38,5],[3,18],[24,2],[31,-14],[-18,-23],[69,3],[29,-31],[7,19],[-26,27],[3,17],[28,27],[43,11],[-13,15],[18,10],[-8,23],[-25,8],[39,25],[88,-1],[116,-23],[22,-9],[-23,-14],[11,-27],[-113,-66],[-10,-42],[129,-53],[133,-35],[3,-27],[-37,-27],[36,-37],[52,0],[51,62],[55,21],[24,-3],[-9,-18],[147,-17],[15,20],[66,-6],[22,17],[27,-15],[-26,-55],[7,-14],[65,-32],[58,-1],[25,-49],[-1,15],[82,65],[13,56],[-32,28],[-27,-16],[-21,19],[7,19],[-31,6],[-71,54],[43,32],[-17,6],[7,34],[48,-20],[17,7],[6,30],[43,2],[22,-15],[31,48],[35,13],[2,22],[-33,56],[-36,12],[-36,-15],[-57,3],[3,40],[42,32],[40,-10],[54,23],[106,11],[3,15],[42,-7],[12,11],[-42,46],[31,41],[66,13],[51,-13],[66,73],[104,-22],[4,11],[53,-9],[0,12],[29,-14],[55,6],[26,-12],[3,51],[-51,28],[37,11],[79,36],[42,-20],[10,-16],[45,-21],[-13,-11]],[[40827,99972],[-51,2],[-2,24],[53,-4],[0,-22]],[[40765,99999],[0,0]],[[54829,83217],[-31,-18],[-19,-49],[2,-46],[-112,-105],[6,-48],[-53,-181],[-36,-20],[-18,17],[-89,-58],[-54,-62],[-77,-51],[-11,-43],[-25,-21],[-47,-11],[-37,9],[-196,70],[-78,-13],[-27,17],[-122,-3],[-40,-16],[-187,-7],[-60,17],[-86,-48],[-88,-20],[-339,37],[-116,-22],[-74,1],[-131,-76],[-34,-59],[-7,-50],[115,-174],[-146,-165],[-81,-149],[-28,-89],[16,-19],[18,-113],[-11,-42],[12,-85],[-24,-28],[30,-42],[-11,-63],[12,-78],[-20,-33],[25,-24],[9,-41],[-18,-56],[23,-51],[21,-1],[10,-32],[-15,-37],[78,-45],[-627,-491],[-21,35],[-89,5],[-59,22],[-30,0],[-35,-29],[-10,30],[-156,57],[-57,-78],[-74,7],[-145,61],[-40,-6],[-31,6],[-18,21],[-103,11],[-36,-37],[-3,22],[-128,-4],[-152,-31],[-137,-70],[-27,-28],[-88,73],[-36,11],[-81,-97],[-36,-11],[-54,14],[-90,76],[-216,-96],[-93,-107],[-80,58],[-65,-7],[-79,77],[-78,39],[10,46],[-24,56],[-62,50],[-16,51],[0,47],[22,33],[-482,-27],[-54,-180],[-78,-66],[-81,-38],[-96,-22],[-43,-40],[-33,-96],[-26,-28],[-44,-23],[-201,-41],[-48,-28],[-42,-6],[-45,-50],[-298,-218],[-84,-1],[-266,-231],[-110,68],[-16,54],[-66,54],[-358,-2],[-147,45],[-140,107],[-42,56],[-34,99],[-53,50],[-9,-10],[-61,15],[-364,-547],[-176,-225],[-72,-28],[34,-76],[-40,-19],[-120,16],[-16,-9],[1,-22],[-88,-22],[-54,35],[-113,136],[-35,-14],[-20,11],[-71,200],[-8,88],[16,133],[58,175],[75,159],[-52,51],[-53,6],[-58,37],[-43,-15],[-55,109],[-1,59],[-28,49],[12,53],[-14,15],[24,40],[124,99],[11,50],[-22,72],[33,40],[-17,25],[24,18],[-58,17],[-35,27],[-31,74],[-34,-7],[-71,28],[-174,-17],[-113,-51],[-95,43],[-33,-14],[-2,-43],[-75,-42],[19,-23],[-16,-45],[-41,-15],[-57,5],[-35,-22],[-79,98],[-9,49],[-43,23],[-21,33],[-47,5],[-4,24],[59,61],[9,62],[-23,53],[-65,55],[42,106],[-19,64],[32,93],[-14,70],[11,133],[-92,21],[88,87],[93,57],[-4,37],[12,7],[-14,33],[-159,69],[-50,-65],[-77,-44],[-75,73],[-129,38],[-28,16]],[[44092,82120],[-18,359],[58,164],[-10,301],[-36,124],[-28,41],[18,-7],[11,15],[-2,37],[-164,382],[-133,462],[-25,258],[42,191],[242,344],[90,46],[93,18],[73,-9],[91,8],[-33,-35],[-5,-17],[-33,0],[5,-21],[-23,5],[47,-33],[-20,21],[1,25],[56,-90],[80,-7],[162,61],[92,-2],[-144,-65],[5,-25],[-238,-109],[-41,-115],[10,-26],[-29,-45],[10,-2],[-17,-41],[43,-40],[-31,55],[47,-12],[7,6],[42,-26],[38,-64],[-47,-22],[26,-21],[5,28],[21,0],[44,-47],[21,20],[-5,-25],[24,-4],[-14,-19],[15,-8],[4,27],[12,-18],[16,-133],[-21,-36],[3,-75],[41,1],[11,-12],[-26,-17],[-25,1],[2,-33],[22,1],[2,27],[20,13],[13,-9],[-20,-25],[18,-7],[14,23],[20,0],[-2,-22],[-24,3],[-4,-23],[-32,-30],[49,-4],[-32,13],[30,44],[11,-15],[-19,-29],[17,4],[15,-33],[2,32],[13,-18],[19,7],[-9,26],[13,1],[28,-41],[20,-3],[-34,-25],[22,3],[13,20],[-3,20],[22,2],[27,29],[21,-6],[-38,-45],[-27,15],[45,-41],[-18,-32],[-34,1],[4,-28],[-19,2],[-30,22],[11,19],[-11,27],[-28,12],[26,-23],[-7,-22],[18,-30],[-25,-23],[-2,-17],[27,34],[3,-47],[-22,-15],[-11,-43],[13,4],[-2,-28],[24,-16],[21,-196],[-13,172],[12,42],[-12,-1],[-14,38],[40,49],[-32,-26],[25,43],[29,7],[81,37],[68,75],[70,174],[35,-28],[39,19],[10,32],[-20,5],[-9,30],[57,23],[-54,-1],[-17,-18],[1,24],[-24,-5],[1,34],[-20,-24],[-23,-5],[-9,-54],[-24,1],[-14,30],[56,55],[19,68],[8,88],[-23,37],[26,167],[-4,37],[-55,101],[40,115],[1,59],[-48,103],[-33,-9],[-5,8],[28,18],[20,90],[40,69],[122,130],[76,54],[152,40],[98,102],[44,18],[41,45],[64,40],[304,146],[58,14],[78,-7],[35,-23],[20,-38],[81,-9],[113,-79],[7,-47],[-51,-78],[3,-38],[16,-7],[2,34],[92,129],[-26,36],[-133,79],[-92,12],[-16,33],[17,61],[2,71],[10,15],[28,-12],[59,68],[-34,27],[53,47],[25,-12],[71,70],[37,-3],[16,14],[46,118],[35,33],[9,59],[182,204],[68,145],[30,90],[40,54],[253,214],[44,60],[115,65],[12,43],[15,-6],[30,38],[3,41],[325,167],[144,42],[89,51],[31,38],[149,58],[59,55],[-1,42],[23,35],[77,40],[31,-9],[48,25],[30,48],[40,26],[11,44],[21,16],[-15,15],[14,31],[28,-12],[28,63],[-23,12],[68,27],[-53,99],[38,211],[-16,262],[16,64],[-30,65],[49,39],[14,97],[92,96],[91,52],[90,119],[50,24],[126,120],[184,74],[160,38],[269,154],[149,20],[68,-20],[102,3],[91,19],[91,44],[136,140],[327,310],[174,76],[150,15],[80,57],[65,57],[9,28],[74,18],[65,73],[179,65],[48,-48],[-1,-43],[25,8],[8,-19],[18,9],[34,-3],[-28,-23],[5,-23],[56,-81],[57,-43],[61,-8],[82,29],[11,-22],[-72,217],[20,4],[56,-126],[21,8],[-54,130],[-45,25],[90,-22],[33,-89],[34,-26],[13,-54],[61,-30],[35,10],[192,127],[179,38],[64,-22],[33,59],[-21,-60],[115,-63],[5,-132],[153,-106],[18,-37],[-7,-43],[-79,-70],[-1,-26],[19,35],[64,54],[12,32],[76,42],[39,53],[198,46],[219,117],[62,11],[124,-16],[168,2],[263,26],[94,25],[35,24],[167,58],[85,11],[93,43],[85,8],[37,19],[-5,22],[34,34],[-5,23],[22,-5],[23,22],[-1,37],[42,101],[23,-12],[7,16],[106,-3],[112,52],[108,1],[178,25],[46,34],[22,84],[38,12]],[[55035,90847],[22,1],[83,-92],[199,162],[104,-181],[48,-30],[30,-32],[11,-49],[69,-54],[-11,-31],[20,-37],[159,-77],[30,-110],[66,-117],[98,-83],[1062,-592],[227,-40],[90,-102],[60,-30],[20,-61],[-5,-364],[-119,-353],[-42,-61],[-86,-74],[-61,-31],[-211,-55],[-88,-97],[-27,-108],[-344,-385],[55,-465],[-232,-661],[-434,-221],[-267,-56],[-305,-325],[-237,-195],[-406,-920],[36,-34],[342,16],[111,56],[56,8],[24,23],[115,9],[37,20],[77,-15],[18,-30],[0,-42],[-110,-97],[-33,-7],[-71,15],[-39,-18],[-59,7],[-21,-14],[-10,-32],[-15,-1],[-242,37],[1,14],[-34,10],[-20,-18],[-92,19],[-65,62],[-36,1],[66,-64],[13,-40],[-92,-74],[-21,-37],[-3,-50],[-47,-35],[-2,-110],[-28,-64],[-26,-30],[-63,-6],[22,-46],[-48,-96],[-48,-39],[-6,-69],[-59,-159],[74,-200],[126,34],[134,0],[81,48],[57,69],[25,-28],[77,-28],[-73,-89],[70,-50],[62,-197],[4,-45],[-41,-95],[-1,-82],[-24,-59],[17,-52]],[[60856,88491],[-32,-49],[-17,86],[49,-37]],[[60791,88451],[-6,-31],[-12,9],[-2,49],[-20,31],[16,28],[24,-86]],[[60798,88503],[1,-48],[-29,101],[28,-53]],[[61433,92511],[14,-44],[-43,37],[29,7]],[[63343,94246],[-17,-16],[3,-29],[26,5],[15,-104],[-50,-17],[-63,-79],[-40,-16],[-46,-51],[-88,-32],[-21,40],[-32,4],[-11,-77],[-30,-26],[-5,-72],[27,-38],[-12,-43],[48,-38],[-12,-50],[15,-40],[21,-11],[-21,-31],[24,-69],[-4,-82],[-22,-27],[40,-61],[-36,-66],[-37,2],[-48,-139],[-7,-32],[13,-1],[-194,-226],[-79,-73],[86,-83],[-20,-21],[72,-38],[35,-38],[77,-14],[-22,-13],[25,-52],[37,-34],[48,-10],[2,-24],[38,-16],[-4,-20],[34,-2],[18,48],[52,-17],[-8,-14],[24,-12],[44,0],[40,28],[90,-137],[51,-45],[13,-107],[-59,-58],[-26,-55],[18,-138],[-27,-66],[-48,-30],[142,-111],[-58,-69],[-58,-22],[-33,-45],[-2,-29],[29,-68],[-11,-193],[27,-22],[14,-60],[41,-46],[35,-96],[47,-31],[81,-3],[24,-30],[62,2],[34,-16],[47,-43],[11,-41],[169,-83],[30,-64],[7,-53],[-22,-88],[17,-78],[-102,-145],[49,-130],[-72,-290],[86,-142],[-2,-37],[67,-52],[39,-82],[-39,-8],[-88,-105],[-28,3],[-10,-77],[-23,-32],[87,-103],[65,-8],[46,-37],[-91,-746],[40,-67],[-46,-156],[-48,1],[-29,-30],[-22,-149],[32,-50],[-5,-22],[6,-199],[63,-112],[105,-19],[-65,-162],[8,-84],[-30,-25],[-3,-42],[-41,-45],[25,-214],[28,-20],[28,-79],[55,-56],[20,-61],[21,-15],[42,-1],[87,-132],[50,-24],[-7,-17],[-41,11],[-37,-22],[-57,16],[-90,-72],[-123,-39],[1,-37],[-31,-40],[28,-25],[55,-128],[60,-54],[30,-59],[30,-16],[6,-34],[-44,-96],[40,-29],[197,20],[-16,-24],[123,-18],[62,-81],[55,41],[53,-13],[7,-14],[84,-38],[29,31],[25,1],[-7,-31],[25,-20],[-9,-14],[102,-188],[9,-103],[18,-16],[8,-44],[75,-56],[59,-122],[-7,-30],[17,-24],[-14,-13],[17,-29],[-15,-68],[21,-81],[-34,-49],[3,-90],[-45,-22],[-6,-51],[12,-42],[36,-13],[20,-57],[74,-58],[6,-22],[-17,-164],[4,-193],[-48,-45],[102,-168],[76,-180],[15,-158],[-3,-81],[-254,-232],[-142,-1235],[-49,-9],[-8,-54],[45,-49],[-24,-89],[-68,-69],[3,-152],[-32,-61],[-53,-25],[21,-46],[-27,-63],[-31,-31],[-23,-86],[43,-172],[31,-48],[5,-49],[-12,-15],[41,-63],[8,-42],[34,17],[42,-30],[114,4],[96,-39],[48,-59],[168,6],[15,19],[70,17],[36,-13],[18,11],[13,-19],[19,1],[21,28],[48,11],[44,-17],[63,-55],[4,-47],[35,-46],[-25,-57],[54,-114],[-6,-37],[37,-28],[-28,-16],[-13,-38],[-27,-10],[13,-75],[-13,-44],[-37,11],[-85,-17],[-178,-90],[85,-111],[-24,-43],[152,-12],[40,-53],[38,-12],[45,34],[95,-119],[26,-7],[354,-263],[189,-71],[-80,-58],[-162,-349],[-177,-184],[1,-41],[34,-57],[-197,-350],[-39,-137],[-32,-166],[216,-230]],[[65779,78227],[-385,16],[-293,-16],[-572,-146],[-484,-195],[-284,-136],[-169,-112],[-277,-268],[-242,-341],[-90,-89],[-98,-63],[-157,-72],[-78,-17],[-196,2],[-244,-87],[-241,-42],[-115,-150],[-388,-104],[-216,48],[-296,169],[-131,189],[-37,210],[-242,11],[-25,71],[11,60],[-15,81],[-258,379],[11,138],[-997,580],[-108,77],[-24,76],[-20,12],[-24,-8],[-58,49],[-57,12],[-45,43],[-33,0],[-77,34],[-120,-22],[35,132],[70,132],[39,43],[-26,80],[15,155],[49,104],[76,91],[32,73],[-80,-8],[-64,30],[-35,-8],[-82,54],[-62,81],[-45,287],[-147,21],[-82,-8],[-304,85],[-73,-121],[-50,12],[-187,-5],[-146,-66],[-86,-77],[-163,5],[-37,34],[-60,9],[-20,-12],[-22,18],[-23,-42],[-138,-74],[-55,-50],[-38,35],[-90,-32],[-63,-58],[-78,-24],[-28,-30],[-185,-50],[-56,-43],[-734,-8],[9,26],[-50,90],[-80,12],[-84,34],[-54,132],[7,146],[-17,85],[104,167],[19,95],[-78,75],[-26,44],[-65,161],[-3,81],[-73,162],[40,103],[43,36],[43,72],[20,137],[-15,109],[18,89],[-5,62],[90,132],[15,46],[176,168],[102,71],[91,121],[46,141],[-8,21],[19,32],[-7,178],[-146,109],[-34,62],[0,34],[-126,121],[-45,22],[-121,19],[14,21],[-10,77],[58,123],[-1,32],[67,68],[26,53],[-245,-39],[-33,-27],[-42,5],[-17,19],[1,45],[-33,31],[-58,-17],[-38,21],[-89,11],[-77,57],[-121,150],[-92,-17],[-19,27],[-29,1]],[[55035,90847],[110,28],[141,79],[-37,68],[25,19],[-14,9],[75,29],[-33,-4],[-48,-24],[-10,24],[-19,6],[24,-46],[-24,-21],[2,-29],[-38,14],[-15,65],[51,68],[141,44],[163,85],[158,43],[88,63],[51,89],[38,-18],[-17,25],[16,5],[183,15],[162,43],[177,122],[240,88],[314,94],[273,22],[328,75],[367,159],[135,92],[118,44],[305,218],[275,228],[144,41],[228,148],[91,44],[48,8],[61,-20],[84,-50],[109,-31],[115,8],[127,30],[161,92],[281,270],[76,40],[118,11],[147,-57],[140,-169],[-13,-5],[-62,60],[-35,1],[-60,-41],[36,-49],[48,-26],[110,1],[28,-19],[-4,-63],[33,-17],[7,-32],[-16,-25],[-26,-7],[-65,16],[1,-9],[97,-23],[105,-5],[48,-20],[-12,-73],[27,-75],[48,-31],[17,-39],[52,-44],[47,-16],[15,-27],[-27,-43],[27,-9],[102,-68],[120,-30],[46,-31],[15,-30],[7,-150],[63,-137],[20,-122],[87,-35],[29,-30],[-41,-74],[-135,-70],[-149,-127],[-112,-14],[-45,-81],[-29,-104],[-76,-83],[-23,-51],[-4,-55],[40,-125],[96,-100],[169,-117],[242,-124],[65,-52],[36,-77],[21,-211],[-21,-49],[-35,-35],[-247,-168],[-72,-29],[-66,-49],[-37,-3],[-20,-23],[-18,-89],[86,-134],[-68,-78],[-95,-52],[-49,-11],[-62,-57],[-24,-54],[18,-28],[8,-209],[-11,-59],[-23,-27],[-86,7],[-16,-9],[-7,-28],[-19,-1],[-6,-24],[-38,-34],[-57,13],[-22,-10],[82,-6],[4,13],[35,25],[3,21],[22,4],[15,31],[90,-9],[-48,-61],[0,-32],[68,-138],[-37,95],[74,-117],[-45,-78],[-79,-67],[-48,-98],[-24,3],[-36,78],[-22,-13],[-5,-34],[-39,-17],[44,8],[15,49],[51,-86],[-20,-59],[12,-46],[-15,-26],[26,-65],[-23,-37],[31,4],[-31,-68],[-173,-141],[6,-7],[-33,-29],[-1,-14],[202,185],[-1,-66],[129,-125],[68,-109],[42,-164],[36,-79],[-74,-79],[-93,-66],[-109,-22],[110,19],[88,60],[90,81],[68,-27],[52,-40],[80,-86],[18,-44],[8,-173],[-111,-49],[-17,-38],[12,-115],[-63,-48],[-29,-49],[18,-72],[-28,-128],[9,13],[43,-35],[30,-85],[-58,-320],[22,13],[57,-73],[20,4],[16,-29],[-10,38],[57,-15],[108,-59],[96,-99],[46,15],[23,90],[17,8],[27,-12],[-22,25],[-30,-10],[-27,-88],[-31,-15],[-76,84],[-121,74],[-103,25],[-35,50],[3,91],[41,206],[-27,73],[-59,76],[30,93],[-15,70],[27,36],[66,39],[3,164],[73,14],[53,-35],[-46,38],[35,26],[-11,166],[-12,60],[-81,92],[-54,47],[-94,45],[-54,222],[-74,120],[-112,115],[-17,43],[7,37],[59,81],[28,21],[17,-31],[-36,-61],[35,48],[3,21],[-31,67],[-45,54],[-20,59],[150,140],[11,1],[35,48],[25,93],[-61,131],[29,136],[54,142],[-37,160],[41,71],[127,93],[79,97],[3,40],[-69,95],[-1,45],[117,89],[315,134],[68,73],[34,64],[59,-18],[34,-65],[-25,66],[-65,24],[-19,104],[9,78],[-11,89],[-33,74],[-67,76],[-164,121],[-101,111],[-84,57],[-55,72],[40,107],[66,60],[30,76],[-5,36],[182,71],[64,59],[-8,43],[84,13],[105,59],[15,26],[49,10],[51,43],[18,56],[25,3],[35,62],[22,65],[-2,62],[14,11],[3,203],[-51,-27],[-33,11],[-57,73],[-29,2],[10,11],[-28,16],[7,21],[-21,5],[-2,29],[-76,79],[-83,63],[-171,50],[15,33],[-20,15],[25,5],[-163,67],[-137,-109],[-26,3],[-11,28],[180,109],[-27,46],[-128,107],[-3,25],[54,49],[-59,74],[-85,72],[-17,-5],[-74,78],[-28,-20],[57,-65],[-33,-21],[-63,70],[1,68],[-24,37],[-132,43],[-46,-6],[-56,40],[-11,61],[9,87],[-70,115],[1,153],[-30,110],[-59,84],[-54,26],[-49,-43],[36,45],[38,68],[3,334],[-13,46],[-17,11],[-12,-11],[7,58],[-92,103],[-70,12],[-19,-56],[8,53],[-6,35],[-24,44],[-168,65],[-100,57],[-53,84],[-147,89],[-414,181],[-36,64],[-8,103],[-31,46],[6,59],[-15,28],[28,25],[33,-1],[22,16],[48,-15],[35,45],[-14,23],[26,24],[32,-21],[34,28],[31,-12],[39,47],[60,25],[65,-18],[27,-25],[140,-36],[40,0],[51,-16],[74,9],[-2,16],[31,32],[5,-18],[41,-4],[37,-33],[13,7],[18,-43],[76,-17],[166,-85],[139,-52],[85,20],[62,-8],[53,45],[55,-3],[41,-35],[12,-28],[-41,-91],[29,-75],[55,-66],[6,-50],[57,-68],[-17,-64],[-40,-30],[-12,-29],[62,-77],[168,-82],[151,-44],[174,-11],[281,15],[566,114],[98,56],[26,40],[32,-1],[53,41],[18,25],[37,-11],[23,6],[32,31],[62,-78],[22,3],[17,35],[35,-21],[13,-47],[-6,-48],[109,-92],[83,-118],[82,16],[25,-9],[-101,-22],[11,-34],[55,-54],[57,-36],[142,-42],[85,-1],[-33,-11],[5,-19],[59,-10]],[[71932,93487],[-1,-2]],[[71932,93487],[0,0]],[[71939,93500],[-5,-9]],[[71939,93500],[0,0]],[[63343,94246],[246,-58],[181,-7],[93,-32],[58,-40],[5,-62],[42,-37],[15,-37],[-17,-24],[4,-25],[-32,-25],[-15,-121],[11,-90],[41,-77],[177,-171],[72,-33],[81,-65],[146,-60],[228,-51],[15,35],[-4,-71],[34,-24],[241,-48],[362,-28],[343,19],[187,41],[120,-45],[172,-33],[572,-34],[648,113],[9,-18],[9,21],[115,-45],[59,-46],[130,-62],[114,-44],[203,-19],[203,17],[285,55],[385,129],[396,121],[442,174],[215,82],[104,54],[23,26],[202,86],[319,166],[39,-4],[122,69],[130,46],[342,188],[228,82],[180,30],[33,-15],[-25,-22],[12,-22],[-157,-90],[-20,-40],[6,-32],[121,-159],[-26,-19],[29,6],[25,-24],[164,-120],[66,-65],[-35,-40],[41,31],[76,-115],[7,-4],[-20,-69]],[[71920,93465],[-1,-1]],[[71919,93464],[0,-3]],[[71919,93461],[1,-51],[-20,-32],[-126,-28],[-16,16],[-3,43],[-29,14],[-106,-66],[-6,-56],[33,-13],[6,-17],[-22,-33],[33,-19],[34,4],[-24,-82],[-38,-23],[-9,-26],[13,-59],[29,-36],[-244,-43],[54,-218],[-218,-15],[3,-48],[-45,17],[-12,-48],[-22,7],[-71,-32],[-49,-195],[-29,-56],[-8,-82],[-59,-141],[16,-26],[-24,-36],[50,-14],[-46,-137],[2,-120],[133,-122],[128,-55],[-64,-133],[11,-27],[63,-47],[-27,-77],[22,-43],[-21,-37],[-42,-3],[-156,68],[-59,-64],[-14,8],[-90,-44],[48,-30],[36,-3],[-13,-57],[-48,5],[-47,-92],[-88,26],[6,-142],[67,-35],[69,-110],[6,-37],[31,-4],[0,-96],[36,-109],[26,-25],[84,-32],[51,34],[32,5],[199,-79],[36,2],[43,26],[22,61],[-7,20],[50,37],[30,1],[110,-94],[93,-41],[-4,-70],[185,-56],[29,-39],[121,-73],[37,-54],[173,-103],[120,-37],[26,-61],[-33,-63],[80,-70],[110,-35],[399,-226],[-24,-59],[26,-59],[-8,-89],[44,-56],[-44,-118],[-71,-40],[38,-84],[-17,-12],[-6,-93],[-26,-10],[7,-37],[-23,-15],[-7,-46],[-30,-46],[5,-79],[-24,-23],[32,-49],[21,-4],[9,-31],[29,-17],[0,-28],[-38,-27],[38,-108],[-46,-63],[-12,-89],[-27,-60],[-55,-61],[74,-28],[-64,-137],[-32,-120],[9,-71],[49,-18],[-19,-48],[77,-42],[-82,-99],[-11,-39],[14,-55],[-43,-24],[-42,-71],[82,-19],[-27,-27],[49,-16],[-31,-37],[-5,-73],[60,-19],[-10,-24],[37,-17],[-42,-57],[104,-51],[4,-32],[150,-61],[47,-90],[-3,-20],[30,-9],[-26,-19],[18,-23],[36,-15],[110,68],[59,-33],[80,-24],[7,9],[56,-63],[74,-40],[1,-24],[133,-29],[10,26],[275,-32],[2,-70],[148,-85],[44,-3],[254,189],[68,264],[80,-3],[18,-25],[83,46],[13,-54],[19,16],[20,-6],[46,-72],[30,18],[14,-54],[19,6],[79,-36],[42,31],[116,153],[132,-55],[141,293],[124,63],[17,59],[154,4],[72,19],[8,14],[73,2],[46,18],[214,-61],[143,129],[56,26],[54,85],[55,132],[66,-7],[-62,-60],[12,-12],[26,8],[-2,-29],[-28,-30],[60,-35],[-13,-21],[8,-26],[-35,-26],[4,-59],[-29,-23],[14,-29],[-25,-58],[14,-16],[-7,-38],[-65,-46],[-26,-48],[10,-74],[-22,-36],[3,-34],[81,-65],[68,21],[18,50],[80,-112],[-7,-10],[34,-21],[14,7],[10,-37],[23,14],[25,-17],[-10,-19],[22,-85],[42,-58],[-31,-18],[23,-93],[-1,-108],[-30,-81],[11,-87],[-46,-51],[-6,-118],[-36,-69],[-9,-53],[-77,-37],[-38,6],[-85,-62],[-36,-56],[-11,-124],[-29,-29],[-5,-41],[-91,-74],[-121,-56],[-33,-87],[5,-92],[-58,-44],[-80,-3],[-60,-32],[-32,8],[-18,-15],[-35,-141],[-40,-18],[-25,-49],[-154,-19],[-49,28],[-11,-57],[52,-3],[58,-49],[-106,-84],[-22,-39],[-6,-62],[275,-320],[88,108],[2,54],[103,54],[55,11],[34,-34],[205,-47],[10,-15],[99,26],[26,-10],[38,-44],[22,27],[56,6],[-16,-33],[56,-49],[206,228],[172,86],[48,-91],[-11,-75],[29,-103],[-4,-43],[44,-66],[25,-11],[0,-57],[95,9],[-9,17],[84,-11],[22,-39],[157,-12],[141,65],[29,45],[135,99],[-32,46],[-102,262],[13,94],[68,58],[222,-8],[159,25],[113,0],[-14,68],[96,126],[-38,44],[-66,41],[-94,107],[-35,-26],[-17,103],[-44,109],[-55,81],[-85,38],[-22,29],[-12,41],[15,17],[1,65],[-39,15],[-242,285],[-53,211],[422,128],[43,39],[-87,183],[33,9],[-17,66],[9,-13],[86,-9],[96,49],[23,59],[37,34],[108,55],[43,39],[57,23],[67,-1],[63,17],[-29,36],[28,13],[-20,32],[-14,-9],[-88,19],[-30,24],[-36,101],[-9,141],[100,-17],[106,22],[167,-20],[87,16],[96,91],[250,68],[222,121]],[[79186,87697],[67,-74],[36,-71],[-35,-54],[7,-25],[-109,-57],[8,-144],[31,-44],[-62,-155],[-34,-28],[23,-45],[123,-80],[39,-81],[91,-37],[50,-97],[-19,-83],[30,-21],[-13,-95],[202,-76],[47,25],[166,-44],[88,-51],[174,-54],[58,-4],[54,-42],[107,-5],[109,37],[29,34],[118,25],[113,-6],[89,29],[89,-23],[68,-55],[114,29],[10,15],[78,24],[71,1],[50,28],[65,6],[68,38],[28,32],[23,77],[68,75],[34,-18],[34,10],[-2,-24],[67,-19],[38,27],[34,-55],[194,24],[40,-93],[-27,-61],[50,-23],[180,9],[215,-59],[-48,-122],[25,-69],[-21,-13],[-16,-55],[12,-33],[81,-88],[-61,-26],[1,-78],[27,-1],[-118,-100],[80,-268],[47,-17],[-29,-37],[61,-208],[60,-55],[7,-136],[109,-181],[-3,-199],[-29,-156],[100,-132],[41,-118]],[[82688,84247],[85,-129],[218,-117],[214,-46],[80,12],[104,-21],[44,-27],[53,8],[83,-19],[-12,-44],[-33,-32],[8,-33],[-22,-21],[26,-23],[-42,-22],[13,-43],[-46,-79],[3,-17],[-23,-11],[10,-15],[-30,-48],[8,-22],[-28,-36],[6,-26],[-30,-24],[-2,-37],[114,-79],[3,-87],[45,-48],[-36,-51],[28,-5],[-3,-21],[39,-20],[-44,-18],[54,-57],[-13,-16],[53,-23],[36,18],[30,-42],[87,-201],[-42,-151],[144,-146],[76,-14],[45,13],[118,-51]],[[84109,82376],[-17,-12],[49,-39],[0,-73],[42,-61],[-19,-64],[-68,-98],[16,-51],[-14,-55],[24,-40],[-1,-36],[-117,-186],[-131,-252],[-366,-419],[193,-98],[118,-124],[-9,-38],[119,-246],[81,-122],[59,-328],[-47,-148],[-204,-4],[-200,28],[-104,73],[-98,32],[-206,-1],[-32,22],[-74,16],[9,69],[-44,-4],[-78,45],[-43,7],[-128,-32],[-43,12],[-5,-13],[-84,10],[-678,-62],[-79,-44],[-29,-32],[-66,9],[20,-104],[-91,25],[-337,-107],[-65,-8],[-546,-493],[-271,-5],[-546,-336],[-589,-119],[-158,3],[-340,-183],[-83,-77],[-88,115],[-76,66],[-130,195],[-45,21],[-20,84],[-64,64],[-22,82],[-110,-26],[-34,-53],[-21,9],[-15,-19],[-57,21],[-44,-42],[-69,-5],[-10,-27],[-76,-31],[-21,-48],[-51,0],[-33,-25],[-27,-3],[0,14],[-28,-7],[-40,-35],[-29,3],[-52,-58],[-180,62],[-193,-11],[-23,18],[7,54],[-25,92],[30,31],[46,143],[-39,105],[-24,13],[-36,-4],[-138,-133],[-71,-162],[10,-42],[-119,-107],[-108,-38],[-125,-68],[-184,150],[-69,-2],[-75,-52],[-32,26],[-102,-77],[-56,-83],[-127,-74],[-188,-155],[-46,43],[-65,17],[-21,37],[-15,-36],[-33,4],[11,49],[-13,79],[-20,7],[-9,36],[-186,83],[-69,5],[-48,20],[-137,78],[-43,0],[-120,-40],[-21,-21],[-99,-36],[-51,-97],[-76,23],[-72,1],[-70,-25],[-67,42],[-33,-5],[19,62],[-47,101],[-38,12],[-45,-14],[-94,-2],[-344,-187],[-80,-59],[-74,1],[-23,26],[-146,-105],[-133,-71],[-83,-78],[-34,11],[-5,24],[-26,-1],[17,101],[-20,46],[-55,17],[-88,-123],[54,-95],[-44,-41],[-5,-22],[65,-80],[30,-117],[-16,-15],[-79,5],[-25,-45],[8,-79]],[[73232,78130],[-24,26],[-97,-83],[-78,-35],[-118,-105],[-16,-31],[-127,-85],[-43,-82],[-126,-88],[-165,-160],[2,-24],[-37,-78],[-28,-5],[-72,38],[-74,19],[-59,53],[-77,-66],[-104,-30],[-50,-27],[-27,-36],[-46,-5],[-55,-40],[-63,-87],[-58,-17],[-120,34],[-20,52],[26,79],[-4,38],[-33,3],[-95,-44],[-113,-2],[-250,104],[-155,27],[-205,114],[-102,-53],[-140,-104],[-58,-45],[-41,-61],[-255,41],[-247,-67],[-246,101],[-121,2],[-104,-71],[-315,-42],[-265,169],[-30,58],[-7,53],[-138,219],[-81,217],[-9,89],[-42,92],[23,149],[-77,22],[-35,-7],[-4,11],[66,77],[-36,61],[-6,52],[-161,156],[-75,-54],[-44,18],[66,103],[7,45],[109,79],[54,85],[-4,20],[21,19],[39,124],[29,25],[18,58],[-17,50],[50,67],[-2,86],[-23,-13],[-106,17],[-51,-23],[-57,40],[-132,-46],[-83,-2],[-28,-18],[-40,29],[-26,-42],[-58,-21],[-12,-18],[-32,0],[-44,35],[-58,-33],[-12,-33],[-35,-1],[-8,-13],[-31,7],[-141,-85],[-114,-23],[-18,26],[-66,23],[-40,-36],[-221,-115],[-139,-155],[-60,-47],[-184,-85],[-74,-52],[-93,-33],[-183,-27],[-260,34],[-174,-171],[-159,-323]],[[73174,92584],[-9,-36],[-5,39],[14,-3]],[[71919,93464],[0,0]],[[71919,93461],[14,-2],[-2,26]],[[71932,93487],[2,4]],[[71939,93500],[14,22],[122,-77],[227,-79],[42,-37],[61,-112],[223,-109],[121,-131],[104,-41],[103,-71],[55,-62],[105,-60],[72,-27],[16,-97],[-59,-36],[-3,-144],[14,-28],[138,-63],[82,22],[37,-5],[-19,17],[-104,-23],[-88,40],[-39,14],[-7,90],[20,73],[39,51],[-24,95],[-71,40],[-58,14],[-132,126],[-174,94],[-65,87],[-103,82],[-150,64],[-27,15],[-60,114],[-206,106],[-133,114],[-85,103],[79,36],[-88,-28],[-13,22],[-24,2],[-48,89],[-159,93],[-42,66],[-94,67],[-6,38],[55,63],[94,71],[60,91],[420,347],[61,48],[195,88],[336,101],[48,1],[58,-24],[47,4],[293,58],[398,120],[406,184],[725,274],[255,92],[144,43],[50,-2],[514,172],[98,20],[247,117],[302,86]],[[76338,96020],[118,-337],[-277,-47],[50,-123],[-20,-8],[9,-21],[16,2],[13,-125],[-40,-11],[0,-16],[47,-4],[-2,-47],[-28,7],[-17,-157],[-32,-48],[-75,35],[-49,-67],[3,-23],[-136,-42],[53,-115],[-32,-105],[-177,-75],[-223,-143],[-70,-20],[-7,33],[29,50],[-41,50],[-26,77],[-55,-8],[-80,-133],[-3,-44],[-30,-51],[-19,-119],[13,-27],[-34,-41],[-25,-2],[-47,-35],[30,-93],[-39,-102],[97,-191],[174,84],[-39,83],[85,25],[89,47],[96,13],[135,45],[31,-92],[-226,-164],[27,-27],[-53,-24],[30,-33],[-125,-15],[36,-49],[6,-70],[-148,-15],[32,-65],[-26,-48],[-16,-83],[67,-14],[12,-46],[49,-8],[39,12],[65,-21],[31,33],[77,-3],[63,15],[25,-130],[-11,-40],[68,-122],[26,-16],[76,46],[32,-100],[-35,-58],[53,-36],[103,56],[105,-1],[65,14],[151,69],[10,177],[129,-37],[69,-6],[17,-47],[-20,-59],[16,-59],[-20,-43],[12,-107],[-42,-103],[-41,-28],[-2,-46],[19,-10],[37,-110],[-9,-35],[101,-98],[217,-16],[66,-57],[22,-47],[52,-19],[15,-48],[28,15],[55,-51],[177,-34],[141,-106],[34,-52],[-105,-147],[-279,-218],[-559,-542],[-121,-77],[293,-42],[61,8],[58,-43],[6,-51],[-15,-22],[16,-24],[75,-40],[82,-72],[45,-17],[43,-85],[87,-58],[50,-96],[32,-33],[17,3],[6,-22],[99,-80],[6,-44],[-36,-52],[0,-27],[124,20],[94,-5],[153,-33],[231,-26],[138,-28],[9,-111],[100,-9],[43,14],[81,-3],[-33,-85],[-41,-26],[-3,-22],[-17,0],[-32,-45],[31,-48],[-64,-20],[-157,-170],[-98,-139],[-58,-30],[-96,14],[-26,-37],[45,-55],[62,-124],[51,-303],[31,-6],[-14,-17],[139,-132],[46,-1],[79,-28],[62,86],[100,-20],[-34,-77],[-9,-72],[-113,-101],[-69,-105],[57,-42],[63,-114],[139,-104],[39,-14],[20,-40],[165,-92],[202,-25],[21,-46],[138,-140],[111,-140],[12,-49],[19,-17],[37,6],[63,-91]],[[85859,90660],[6,29],[11,-14]],[[85876,90675],[-17,-15]],[[85859,90660],[-218,-197]],[[85641,90463],[-374,286],[62,-3],[109,9],[-10,-24],[25,-8],[-37,-15],[16,-59],[157,-127],[-154,128],[-12,55],[37,22],[-17,14],[54,11],[58,-20],[43,6],[4,-74],[-52,-12],[139,16],[31,-30],[32,8],[-49,13],[-13,12],[-83,-5],[4,72],[-36,29],[12,-24],[-62,13],[22,29],[212,-29],[21,-10],[-17,-17],[28,-12],[4,28],[62,-51],[2,-34]],[[85407,91429],[153,-102],[-124,6],[-34,-53],[-8,37],[1,-48],[-28,-3],[-31,22],[-73,-31],[-53,79],[17,10],[38,-15],[31,56],[17,-7],[59,23],[-60,-16],[8,50],[54,21],[33,-29]],[[86378,91128],[-313,-282]],[[86065,90846],[-2,-2]],[[86063,90844],[-141,-127]],[[85922,90717],[-40,53],[22,-44],[-116,64],[-301,51],[-146,10],[66,0],[-5,7],[65,28],[51,2],[48,-42],[-35,44],[67,16],[19,-7],[-41,54],[-9,40],[12,21],[-26,-2],[34,-96],[-10,-9],[-76,-11],[-110,14],[29,60],[-37,-54],[-48,-2],[-22,18],[1,51],[-16,29],[28,26],[-8,17],[-23,-43],[16,-31],[-4,-47],[21,-24],[-39,-37],[-39,2],[-62,14],[-115,101],[39,39],[-41,-31],[-29,44],[36,0],[1,25],[34,-6],[16,11],[-55,-3],[-3,-23],[-29,10],[-20,86],[3,71],[105,-24],[-107,29],[-3,52],[100,-3],[-99,16],[19,62],[35,33],[-54,-40],[-21,-96],[-17,-43],[-97,85],[-73,41],[-31,54],[42,2],[-6,10],[54,7],[1,14],[30,-5],[62,-48],[-67,61],[78,7],[36,41],[66,-9],[53,-63],[-45,-14],[64,2],[86,-122],[34,-20],[-10,-14],[51,2],[3,10],[-57,-5],[74,29],[77,-28],[-21,18],[38,30],[13,39],[129,-5],[97,-51],[29,-58],[-18,53],[-14,11],[175,-70],[276,-61],[266,-14]],[[85338,91497],[30,-33],[-51,-20],[-24,11],[-10,23],[53,12],[2,7]],[[85334,91492],[-56,-14],[7,-22],[25,-19],[-40,-66],[-30,-12],[-45,20],[-45,98],[33,-2],[48,25],[51,52],[54,-53],[-2,-7]],[[85227,91504],[-45,-20],[-20,8],[10,46],[41,40],[32,11],[34,-33],[-52,-52]],[[85036,91833],[133,-169],[75,-74],[-35,-12],[-56,-56],[-38,-4],[10,79],[-16,-77],[42,-11],[-22,-26],[-120,20],[-61,5],[-71,-16],[-31,24],[-7,25],[143,58],[33,-9],[35,-44],[9,5],[-24,75],[5,-39],[-34,29],[50,-66],[-35,40],[-39,15],[-55,-20],[-16,20],[-25,-38],[-18,-8],[-137,37],[32,11],[-80,4],[-20,62],[6,37],[56,55],[13,-17],[5,21],[99,-28],[47,16],[12,26],[31,-39],[-15,32],[79,17],[12,28],[28,12]],[[84874,92039],[162,-205],[-31,-16],[-8,-23],[-104,-6],[-24,-32],[-15,36],[5,-38],[-39,25],[-28,-4],[55,-21],[-96,27],[15,34],[-8,23],[43,1],[26,35],[0,24],[-17,-45],[-11,-10],[-48,-4],[2,-44],[-39,-6],[23,62],[1,57],[21,32],[88,20],[-67,-9],[31,31],[3,68],[22,20],[38,-32]],[[85535,90367],[-180,-163],[-52,-75],[-109,-322],[-33,-57],[3,-20],[-66,-104],[-34,-17],[8,-33],[-39,-209],[3,-185],[33,2],[33,-20],[61,-48],[5,-21],[41,-6],[74,-41],[54,2],[12,-56],[34,-48],[-40,-27],[77,-61],[-19,-25],[115,-99],[10,19],[30,-83],[54,36],[65,17],[33,-65],[2,-51],[82,4],[-6,-89],[-66,0],[5,-27],[-40,-12],[-14,-61],[-69,-26],[-8,-19],[-41,-1],[4,-14],[-51,-14],[-66,-49],[-10,-25],[-46,-15],[-4,-82],[-26,-26],[-44,-68],[16,-9],[-9,-37],[-96,-45],[7,-9],[-55,-72],[-18,-1],[-25,-90],[-79,8],[-14,-49],[45,-24],[-38,-24],[7,-24],[-85,-25],[20,-55],[48,33],[39,-52],[84,51],[41,-62],[28,-12],[62,-103],[-22,-12],[19,-50],[-44,0],[-119,-35],[2,-57],[16,3],[39,-132],[-115,-55],[-4,9],[-67,-21],[55,-142],[-31,-14],[55,-101],[27,2],[115,-130],[32,-2],[153,-102],[-81,3],[-5,-45],[70,-22],[11,-72],[41,17],[48,-79],[-30,-7],[17,-65],[63,-13],[-10,-45],[53,-7],[16,-13],[-15,-23],[218,-38],[284,-97],[145,-22],[99,-30],[78,61],[19,-71],[108,-79],[44,-89],[-72,-9],[-55,-60],[-16,-73],[19,-24],[-25,-25],[14,-38],[-16,-12],[3,-24],[-91,-12],[-14,-13],[23,-41],[54,-41],[9,-31],[37,-24],[19,-122],[86,-71],[34,-13],[-6,-53],[35,-2],[12,-29],[57,-16],[21,-45],[-11,-32],[18,-12],[-19,-20],[-35,23],[3,33],[-25,-12],[-41,11],[7,21],[-38,5],[-23,64],[-39,-16],[1,24],[-21,5],[-15,27],[-39,-18],[-121,33],[-25,42],[-25,13],[-43,-6],[-40,36],[-224,4],[-29,-14],[-162,67],[-15,-38],[-20,3],[-89,-201],[-74,-97],[-69,-45],[-6,18],[-93,-28],[-35,-39],[-107,23],[-71,35],[-14,-5],[-83,58],[-38,38],[-3,32],[-40,30],[-198,-9],[-40,19],[-18,31],[-97,65],[-106,0],[-63,-31],[-128,-23],[-78,-32],[-6,11],[-92,-62],[-8,-21],[-81,-22],[-28,6],[0,14],[-30,16],[1,27],[-14,7],[-15,49],[-22,-57],[28,-33],[-29,-53],[48,-9],[30,-33],[47,23],[-4,-42],[-14,-22],[-122,-44],[-21,-41],[-70,-18],[13,-45],[-11,-22],[-40,-32],[-19,16],[3,-21],[-38,-32],[-2,-45],[-42,-22],[-35,-65],[-25,-3],[-8,-36],[-32,3],[-28,-23],[1,-25],[-24,-20],[11,-41],[-28,-4],[-22,-43],[-137,22],[-60,-36],[6,-12],[-41,-52],[-55,-41],[-90,-19],[-41,20],[-25,-5],[-11,-35],[-100,23],[-53,-27],[-181,-9],[-65,-29]],[[76338,96020],[31,17],[72,0],[134,-33],[86,-2],[700,135],[331,25],[112,-2],[44,-17],[155,-11],[144,-51],[46,-33],[28,-155],[-20,-40],[-48,-9],[16,-27],[-45,17],[-7,41],[19,49],[27,13],[0,21],[-48,66],[14,-41],[33,-35],[-28,-21],[-28,-74],[4,-25],[32,-28],[-10,-124],[14,-114],[17,-16],[-22,-39],[-88,-30],[90,27],[55,34],[97,-160],[22,-141],[23,-57],[74,-47],[58,-106],[48,-47],[227,-172],[81,-14],[31,-42],[150,-104],[172,-159],[171,-63],[85,30],[57,52],[13,-23],[34,-1],[200,208],[16,-29],[-50,-17],[-51,-71],[21,-41],[21,9],[49,-136],[-51,-48],[7,-14],[25,5],[30,-33],[50,-10],[-15,-106],[30,-26],[14,-37],[89,-53],[101,2],[265,-140],[238,-148],[73,-27],[12,-55],[-31,-6],[-22,-73],[34,70],[219,-112],[61,-45],[229,-95],[412,-211],[220,-132],[-41,-53],[68,27],[235,-198],[52,-52],[-6,-15],[48,-64],[54,-28],[-34,-42],[39,36],[20,-20],[17,-76],[66,-75],[168,-146],[107,-70],[-104,-87],[109,58],[87,-11],[63,-84],[-20,-30],[36,19],[112,-76],[75,-79],[-27,-21],[-46,-54],[46,47],[34,14],[6,27],[71,-94],[79,-78],[332,-203],[291,-239],[143,-36],[79,0],[32,-24],[51,-2],[29,18],[36,-19],[-125,-207],[119,145],[54,-51],[9,-94],[97,-112],[-17,42],[-50,49],[193,-139],[-9,-25],[23,-35],[9,6],[-32,26],[17,22],[92,-54],[218,-87],[11,-13],[-39,1],[-173,54],[176,-61],[54,1],[139,-125],[2,-23],[-33,-22],[-82,37],[76,-47],[-48,-32],[-53,11],[39,-23],[107,72],[26,-27],[-30,-38],[53,-84],[-20,-13],[-54,18],[145,-61],[-87,40],[18,18],[-33,56],[1,45],[25,9],[-39,40],[1,22],[25,-8],[4,44],[105,-66],[67,-72],[-8,-59],[18,29],[17,-23],[46,-28],[-5,-9],[59,-12],[-32,12],[-11,20],[-29,2],[-28,31],[38,-1],[-52,15],[6,18],[30,-19],[-32,47],[70,-30],[103,-122],[219,-89],[-7,-15],[-69,28],[54,-27],[50,-69],[-20,41],[44,-11],[-54,27],[17,23],[86,-34]],[[89600,85306],[-203,20],[-85,56],[-211,-98],[-48,-10],[-18,-19],[-68,26],[-118,-47],[-103,-9],[-37,14],[-16,-25],[-52,-24],[-83,14],[-52,-34],[-40,-49],[2,-43],[-48,-55],[-5,-27],[-62,-56],[-128,-55],[28,-69],[-1,-42],[36,-72],[-85,-39],[20,-54],[-34,-46],[9,-84],[-49,-70],[-90,-76],[-30,-58],[-28,0],[-39,-86],[-51,-48],[-92,25],[-36,-84],[-110,-88],[-67,-14],[-33,-67],[-49,-23],[-51,11],[-37,-14],[22,-81],[-6,-96],[38,-98],[12,-106],[-13,-130],[-29,9],[-21,34],[25,48],[-17,8],[-17,60],[-46,31],[-19,-2],[-15,26],[-41,-11],[-23,-25],[-44,8],[9,-25],[-43,0],[-21,-34],[-58,-23],[-10,-65],[12,-40],[23,-11],[-34,-56]],[[87120,83308],[-71,-51],[-54,0],[2,-18],[-66,-44],[-478,-190],[-135,-14],[-84,15],[-12,17],[-17,-8],[-126,138],[-32,58],[-169,-47],[-75,-46],[-21,3],[-33,-49],[-167,-98],[0,-25],[-45,-44],[-225,-97],[-19,-46],[-41,-43],[-73,-35],[-63,0],[-55,-35],[-90,-12],[-59,-54],[-46,-12],[-20,-40],[-32,-11],[-12,-33],[-41,-25],[-19,-34],[-96,-34],[-67,2],[-74,-31],[-87,27],[-24,-8],[-101,78],[-45,-13],[-28,-31],[-99,-15],[-12,-27]],[[85535,90367],[198,-101],[-26,-12],[-10,-28],[15,-3],[9,29],[59,-14],[112,-72],[-34,-14],[-25,14],[-74,29],[107,-49],[38,12],[202,-145],[66,-59],[-38,20],[-16,-5],[57,-21],[96,-116],[36,-107],[33,-30],[114,-68],[-10,-17],[341,-28],[143,-34],[-60,-149],[-12,-62],[47,-37],[10,-31],[10,3],[-24,38],[-39,30],[20,19],[-4,47],[71,135],[129,-56],[72,-28],[126,-84],[345,-186],[310,-150],[-20,-21],[38,12],[740,-386],[27,-9],[697,-363],[13,-6],[399,-206],[593,-309],[-1,-19],[17,9],[162,-76],[83,-5],[-10,-42],[21,44],[351,47],[-8,-204],[-11,-45],[-63,-87],[-124,-94],[-41,-95],[-201,-98],[-336,-201],[-83,91],[-78,-54],[-70,-3],[-81,-29],[-96,-76],[-161,-50],[-167,-140],[-69,35],[-85,10],[-46,-67],[-101,-99],[-118,-9],[-85,-43],[-75,63],[5,22],[-34,26],[-67,-30],[-49,-50],[-60,29],[-25,-16],[6,-12],[-58,-14],[-26,-85],[-67,-35],[37,-33],[117,-22],[90,-47],[13,-50],[30,-33],[0,-45],[24,-32],[23,0],[14,-49],[64,52],[75,25],[-8,68],[25,-14],[12,6],[519,-867]],[[86063,90844],[40,-119],[-28,-25],[-6,-34],[-112,-58],[-15,73],[-22,25],[40,9],[22,25],[-20,12],[-2,-34],[-38,-1]],[[85876,90675],[6,-141],[38,-36],[-49,14],[-30,-14],[-55,-47],[84,58],[2,-13],[54,-13],[12,12],[33,-57],[-25,-68],[39,-35],[45,17],[62,69],[21,69],[51,3],[9,12],[-53,-8],[-24,-22],[-16,-61],[-49,-54],[-44,-15],[-20,31],[17,76],[-72,112],[95,44],[68,44],[27,-5],[77,31],[-101,-21],[23,30],[80,23],[28,63],[54,38],[18,33],[46,-9],[36,-30],[76,-15],[-131,55],[-36,-2],[9,29],[-39,-21],[23,-5],[1,-18],[-63,-48],[-32,-67],[-92,-29],[30,42],[-44,120]],[[86378,91128],[831,-44],[349,-169],[898,-605],[192,-138],[254,-220],[234,-150],[387,-325],[551,-360],[160,-303],[245,-359],[74,-71],[193,-91],[135,-158],[95,-85],[65,-290],[-1,-18],[-38,-15],[-308,-35],[-77,2],[-56,18],[-2995,1565],[-515,288],[-87,43],[-162,35],[-197,13],[-110,22],[-63,37],[-37,47],[-6,20],[56,6],[-34,12],[-22,-3],[-161,204],[-187,161],[-400,301]],[[89600,85306],[122,-13],[65,-100],[86,-23],[107,-66],[144,-38],[36,-26],[63,-198],[1,-44],[44,-32],[43,-11],[32,40],[33,9],[91,-75],[70,30],[37,0],[83,-67],[95,11],[16,-24],[152,-60],[28,-24],[76,16],[-16,-55],[45,-24],[8,-35],[87,-40],[-7,-22],[97,-23],[19,-32],[37,-3],[24,-25],[57,-22],[19,1],[9,21],[45,1],[41,-15],[24,-27],[89,-22],[131,109],[76,-4],[30,21],[42,51],[-5,51],[101,72],[-9,18],[21,20],[121,52],[2,43],[26,6],[23,27],[42,-46],[38,10],[65,55],[34,-9],[-17,-162],[-80,-218],[5,-118],[-90,-23],[-40,-77],[-27,-17],[-42,1],[-37,29],[-27,-13],[6,-81],[-48,-88],[-10,-79],[19,-4],[144,78],[26,2],[15,-17],[-2,-47],[-101,-230],[-93,-157],[-112,-58],[-26,19],[-15,63],[108,13],[20,31],[-9,29],[-22,18],[-61,13],[-82,-47],[-12,-23],[17,-70],[-3,-96],[-12,-18],[-78,-29],[-9,-59],[26,-49],[22,-13],[161,54],[77,-18],[51,-73],[3,-86],[26,-34],[368,-191],[139,-100],[-50,-113],[-67,-64],[-9,-79],[-57,-35],[-16,-45],[31,-31],[165,-18],[15,-14],[-9,-47],[-80,-80],[-5,-58],[18,-28],[48,3],[129,66],[59,-6],[39,-23],[55,-137],[73,-43],[-156,-60],[-8,-29],[27,-21],[98,-25],[91,1],[34,-35],[8,-43],[38,-43],[-7,-23],[-23,-9],[-75,33],[-37,-4],[-83,-56],[-46,19],[-76,-37],[-19,-23],[26,-60],[49,-30],[77,2],[76,90],[108,-11],[48,-43],[3,-15],[-51,-37],[-105,34],[-50,-26],[-13,-36],[20,-40],[221,-19],[32,-30],[-18,-69],[-41,-33],[-63,62],[-105,-29],[-4,-19],[17,-21],[-11,-17],[-54,-12],[-29,-34],[7,-27],[22,-21],[33,11],[25,20],[36,76],[47,14],[13,-23],[-15,-99],[12,-48],[-74,-32],[-104,-98],[-39,-10],[-15,-18],[8,-30],[19,-10],[142,50],[-3,-27],[-43,-28],[5,-39],[68,-15],[56,43],[30,-18],[19,-50],[-9,-12],[-179,-97],[93,-59],[51,-8],[16,-28]],[[92977,80737],[-6,-34],[-28,-23],[-79,38],[-48,1],[-18,-17],[-4,-24],[35,-40],[29,-90],[-8,-32],[-25,-6],[-69,33],[-95,-8],[-23,-17],[43,-81],[6,-63],[43,-9],[82,20],[24,-40],[-27,-60],[-71,2],[-23,-12],[-36,-45],[-8,-35],[45,-30],[108,0],[46,-24],[0,-30],[-78,-11],[-50,-88],[-33,-24],[-27,9],[-90,110],[-34,1],[-39,-18],[-17,-29],[1,-89],[43,-25],[82,0],[20,-16],[0,-25],[-41,-61],[-117,-14],[-48,-76],[-49,-18],[-35,24],[-19,53],[-89,42],[-39,43],[-27,-2],[-16,15],[-81,-35],[-49,31],[-12,-8],[-31,14],[-19,-15],[-28,17],[19,21],[-29,30],[-14,48],[-52,-7],[-4,19],[-26,-5],[-24,20],[17,18],[-26,21],[34,74],[-7,20],[-70,22],[-3,-22],[-47,3],[-10,38],[-54,1],[-84,50],[-9,31],[18,59],[-51,17],[-2,43],[-18,31],[-28,-10],[2,36],[-37,-38],[-54,12],[-22,24],[20,43],[-53,-8],[-1,-29],[-32,2],[-36,30],[1,39],[-26,-9],[-10,15],[-25,-19],[-1,-21],[-27,12],[-25,-39],[-40,-2],[21,13],[1,78],[-22,-25],[-19,3],[-9,-20],[-13,19],[-28,-2],[6,-40],[-47,10],[-4,-24],[30,10],[5,-16],[-62,-76],[-48,-6],[10,-30],[55,0],[16,-19],[-44,-18],[-67,15],[-30,-29],[-34,15],[-17,-33],[41,-24],[0,-15],[-31,4],[-15,-13],[-55,14],[-63,-4],[1,-27],[-29,10],[-47,56],[-29,-15],[-44,2],[5,-13],[-34,-24],[-39,28],[-38,-24],[-29,12],[-48,-18],[-5,26],[-72,2],[-50,19],[-43,-4],[-55,-27],[-13,48],[-24,-2],[2,15],[-27,9],[-1,-30],[-21,0],[10,-30],[-59,3],[-40,-38],[-16,8],[5,19],[-34,22],[-86,5],[-120,62],[-57,9],[-12,49],[18,62],[-18,26],[-63,3],[-48,-18],[-54,-61],[-30,-5],[-36,27],[-20,41],[-57,-10],[-26,31],[-13,55],[-29,18],[-109,-35],[-62,-50],[-56,-19],[-16,23],[-20,-8],[0,-74],[-23,-13],[2,-32],[-33,9],[-26,-30],[15,-16],[-29,-17],[8,-40],[-44,19],[1,18],[-49,-25],[-59,51],[-29,-13],[-7,-37],[-89,-28],[-77,35],[-101,-8],[-138,28],[-45,66],[-5,65],[-24,9],[35,18],[3,29],[-31,1],[-2,28],[-62,22],[-22,57],[-38,-24],[-34,11],[-16,-21],[-29,34],[15,13],[-25,15],[-32,5],[-44,-32],[-34,74],[-34,-9],[-64,58],[-151,-77],[-25,67],[-61,2],[1,74],[-76,12],[-144,-15],[16,158],[66,116],[25,25],[104,68],[221,73],[94,70],[65,83],[-106,92],[11,13],[-18,23],[-83,45],[-75,64],[-55,111],[-82,26],[-29,29],[-149,305],[-11,151],[-123,256],[31,37],[-84,330],[-43,67],[-70,22],[-84,2],[-43,18],[-12,22],[5,32],[31,41],[57,27],[34,1],[29,27],[41,-15],[1,-12],[34,70],[-6,79],[-51,38]],[[92977,80737],[97,17],[24,-20],[1,-23],[78,-34],[-27,-67],[38,-70],[-30,-92],[-61,-57],[-1,-27],[-31,-14],[1,-33],[-42,-57],[2,-114],[22,-36],[-44,-137],[77,-101],[4,-46],[231,-138],[45,52],[83,48],[51,-10],[72,-57],[-7,-57],[25,-53],[75,-53],[90,-163],[25,-14],[-32,-23],[-67,11],[-3,-96],[8,-59],[25,-13],[35,-84],[11,0],[14,-106],[23,-7],[10,-46],[28,-18],[1,-46],[42,-95],[0,-20],[-35,-23],[14,-15],[-15,-16],[64,-21],[23,8],[39,-16],[2,-26],[39,4],[55,-34],[33,1],[15,-50],[118,-49],[59,7],[58,44],[118,-40],[32,9],[28,-14],[5,-18],[37,0],[1,-17],[23,7],[10,-27],[9,22],[88,-3],[10,-10],[-13,-38],[102,6],[15,-17],[29,13],[70,-17],[-15,-20],[22,-22],[-13,-29],[20,-19],[19,7],[17,39],[39,19],[17,-11],[38,-50],[41,-10],[30,88],[30,4],[8,15],[29,-18],[14,5],[11,-32],[37,-3],[42,16],[0,51],[-62,16],[-10,23],[71,68],[11,16],[59,54],[73,-18],[41,-51],[54,-19],[-3,14],[30,21],[-10,20],[79,60],[36,-5],[3,-34],[-26,-6],[16,-33],[-15,-22],[62,-40],[50,16],[-7,18],[65,15],[19,15],[38,-11],[35,12],[36,-39],[36,5],[9,-33],[16,-2],[11,32],[35,10],[36,33],[12,-23],[35,14],[13,-26],[28,0],[40,-28],[8,-41],[13,3],[28,-28],[13,-38],[51,-22],[-2,-59],[-21,-14],[3,-96],[55,-51],[47,-14],[159,1],[98,35],[86,-12],[61,6],[20,18],[66,1],[63,-34],[29,5],[24,-42],[24,7],[4,-15],[70,-38],[30,11],[34,-17],[22,22],[43,-38],[60,14],[13,-16],[75,9],[25,-23],[28,-2],[16,-31],[-17,-2],[12,-43],[-9,-7],[22,-21],[-1,-19],[-19,-3],[5,-25],[-31,-32],[-53,-20],[-5,-24],[16,-21],[-27,-34],[-49,-14],[12,-12],[-30,-30],[15,-23],[-8,-25],[38,-58],[-85,-156],[-66,-78],[79,-116],[160,-38],[19,-20],[27,-77],[-5,-67],[-42,-70],[23,-128],[24,-37],[66,-35],[17,-34],[0,-32],[-31,-44],[-92,-94],[23,-222],[-32,-100],[32,-29],[5,-30],[23,9],[10,-11],[15,-252],[-47,-36],[16,-89],[-17,-177],[37,-211],[-25,-109],[-62,-123],[-531,-36],[-356,9],[-673,-608],[-95,-103],[-10,14],[-85,-50],[-9,-26],[-382,-363],[15,-88],[-43,-63],[-8,-37],[-151,-77],[-53,-13],[-13,18],[12,38],[-32,6],[-19,152],[-76,163],[-98,161],[-99,52],[-90,93],[22,151],[-3,72],[-21,38],[-163,131],[-38,60],[-27,15],[-44,-3],[-42,37],[8,20],[-59,123],[-355,339],[10,52],[-36,10],[-11,51],[-87,2],[-18,63],[-25,12],[-68,209],[41,50],[13,138],[-26,34],[-43,-27],[-29,6],[-122,77],[-46,50],[-27,6],[-133,-50],[-58,-8],[-184,30],[-29,16],[-83,-3],[-17,19],[-85,18],[-28,-19],[-70,-11],[-60,26],[-395,65],[-83,85],[-46,201],[-95,-101],[-95,36],[-109,-13],[-60,-31],[-85,-101],[-18,-79],[-51,-106],[-24,-18],[-42,-2],[-108,-92],[-30,-8],[-60,23],[-108,1],[-155,56],[-48,-8],[-144,-51],[-62,-2],[-31,-21],[5,-150],[-53,-5],[-37,34],[-15,-8],[-32,17],[-34,49],[-62,24],[-21,36],[-61,14],[-14,23],[-115,39],[-86,70],[-95,36],[-16,18],[-65,5],[-7,36],[-68,7],[-20,32],[-53,18],[-7,21],[-81,35],[-36,44],[-49,24],[2,12],[-52,20],[-10,58],[-27,3],[-16,46],[-33,12],[2,64],[17,35],[-29,4],[-45,31],[-24,-17],[-29,4],[-18,62],[-35,46],[-55,35],[-53,-16],[-10,24],[-24,-9],[2,15],[-21,11],[-23,46],[31,23],[23,49],[57,41],[33,64],[-217,234],[-148,-184],[-12,-158],[-72,-133],[-129,-24],[-81,15],[-67,37],[-113,-81],[-124,11],[-199,-19],[-50,-43],[-93,-15],[-59,-27],[-93,-316],[-26,-47],[-42,-24],[-84,23],[7,-73],[-51,-6],[-54,-51],[-6,-14],[31,-34],[-64,-22],[9,-62],[-34,-1],[-69,-45],[33,-81],[-85,-118],[12,-27],[-13,-20],[58,-41],[-81,-18],[-66,35],[-30,-60],[7,-58],[-32,-23],[-37,-3],[-10,-116],[-78,-47],[-46,-49],[-196,-75],[-76,18],[-76,42],[-35,-54],[-27,-9],[-31,6],[-111,65],[-98,-12],[-55,-50],[-114,60],[-33,4],[-22,-12],[-50,-107],[-28,-27],[-71,-3],[-138,25],[-94,-39],[-115,-25],[-62,23],[-80,9],[-59,27],[-59,-5],[-46,94],[-84,42],[-85,-7],[-112,21],[-57,29],[-126,-110],[-68,-91],[-44,-103],[-90,-121],[-81,-60],[-43,-89],[-110,-337],[-13,-112],[18,-137],[-64,-89],[-73,-235],[102,-212],[-12,-66],[-38,31],[-217,41],[-48,-4],[-43,-30],[-67,-20],[-120,0],[-98,39],[-142,-11],[-238,-93],[-93,-137]],[[83516,73534],[-35,27],[-12,44],[-67,72],[-10,95],[-33,64],[-99,54],[13,28],[-62,22],[-144,21],[-441,126],[-64,-32],[-45,-123],[-28,-31],[-168,18],[-4,-97],[-85,2],[-50,-70],[-90,-3],[-104,-34],[-112,-151],[-120,31],[-46,44],[-110,36],[10,-30],[-57,-86],[-167,-92],[-88,-69],[3,-12],[-33,-2],[-11,-13],[20,-90],[-41,-107],[-40,-57],[28,3],[47,-43],[-99,-67],[32,-51],[47,20],[-19,-95],[-309,-77],[-15,13],[-61,2],[1,-76],[-32,-21],[-3,-26],[-56,-25],[-20,15],[-2,-39],[-62,-79],[-1,-130],[12,-33],[-104,26],[-112,64],[-1,-28],[-111,-7],[-104,-42],[-21,36],[-63,-13],[-61,5],[-72,-24],[-7,28],[-37,0],[1,-26],[-173,45],[-9,-43],[-80,-41],[-164,24],[-207,9],[-44,-11],[-96,73],[-135,74],[-168,59],[-164,-22],[-126,196],[-87,101],[63,109],[-31,73],[-108,49],[-366,68],[-33,20],[-64,10],[-83,-16],[-115,-65],[-69,0],[-79,35],[-9,32],[-66,18],[-214,107],[-59,43],[-141,164],[-212,109],[-69,-1],[-208,-80],[-215,47],[-17,-19],[-170,96],[-152,-63],[-94,-17],[-48,32],[-175,-421],[-282,-374],[-1240,-422],[-1282,-231],[-76,-26],[-67,-6],[-119,62],[-231,54],[-105,54]],[[72403,72334],[183,167],[81,50],[49,65],[-20,72],[-62,46],[-102,221],[-115,450],[-89,95],[-58,232],[-49,57],[-48,17],[127,60],[17,53],[110,79],[9,83],[39,34],[19,321],[317,146],[157,30],[-49,89],[27,118],[-44,15],[14,41],[33,3],[23,93],[24,23],[-46,135],[-37,-3],[-9,-35],[-19,-9],[-116,30],[-58,30],[-76,16],[-27,96],[-26,7],[-65,0],[-24,32],[-93,22],[-18,87],[20,45],[-68,-17],[-78,0],[-2,58],[-69,8],[-40,86],[3,35],[-24,28],[45,47],[78,42],[69,81],[48,28],[64,99],[-22,104],[-36,45],[51,36],[47,61],[11,-9],[26,33],[49,22],[197,158],[2,21],[79,73],[127,171],[83,23],[17,-27],[59,31],[3,29],[312,224],[173,143],[3,50],[-41,44],[58,42],[-41,82],[7,33],[-14,43],[12,26],[-37,84],[-27,1],[-6,18],[18,91],[65,88],[49,15],[62,62],[36,12],[27,72],[42,25],[18,55],[97,11],[-83,46],[-99,-55],[-63,-13],[-154,197],[-38,18],[-63,-4],[-115,-35],[-47,5],[-40,37]],[[52714,59577],[15,-16],[-53,10],[38,6]],[[52747,59598],[5,-19],[-73,14],[8,13],[60,-8]],[[52833,59580],[-28,-25],[-29,4],[39,38],[8,55],[37,44],[8,-15],[-45,-57],[10,-44]],[[57818,66944],[-45,-13],[-2,23],[18,22],[33,19],[33,-2],[-37,-49]],[[57892,67031],[-36,-27],[-16,2],[52,25]],[[28698,67055],[-55,-44],[8,70],[47,-26]],[[28989,67636],[49,-18],[31,-33],[94,55],[17,-48],[46,-42],[23,29],[56,5],[142,-76],[5,-101],[-38,-64],[27,-72],[-5,-32],[0,-72],[-58,-67],[-16,-26],[11,-7],[-39,-34],[-18,-56],[-44,-39],[-22,-54],[-37,-3],[-60,41],[-48,16],[-50,-29],[4,-16],[-64,47],[8,-27],[-31,29],[-39,-5],[-44,-27],[-24,-45],[13,-28],[23,-3],[38,-46],[6,-17],[-24,-35],[13,-7],[-19,-49],[-54,-32],[20,-12],[-77,-29],[-13,-38],[-30,-12],[29,-5],[-17,-29],[-72,-15],[10,31],[28,8],[-37,7],[-12,23],[45,57],[1,29],[35,3],[-67,13],[34,48],[6,35],[-20,16],[43,48],[23,2],[6,29],[44,43],[-10,72],[10,26],[19,14],[64,-11],[22,41],[-20,85],[-14,9],[-8,72],[26,54],[24,5],[-19,26],[11,28],[-20,-6],[-14,26],[20,19],[-6,25],[27,12],[-44,58],[13,15],[19,-10],[-21,29],[9,11],[-23,22],[39,82],[22,7],[23,25]],[[30585,68257],[0,0]],[[32207,68456],[-34,-56],[-51,5],[2,27],[55,30],[28,-6]],[[32266,68514],[-62,-10],[37,54],[45,25],[26,34],[37,-2],[-14,-49],[-69,-52]],[[39716,68999],[-25,-32],[-49,65],[-25,40],[-3,38],[10,57],[40,80],[13,1],[11,-55],[11,-136],[17,-58]],[[33096,69206],[-24,-14],[-21,32],[9,15],[36,-33]],[[40085,69394],[-35,-55],[-31,-12],[-24,19],[-26,-6],[-70,59],[1,18],[-27,6],[32,66],[44,27],[36,-2],[25,-57],[75,-63]],[[50952,70300],[-32,-41],[-62,-2],[-1,22],[63,66],[91,-2],[6,-13],[-65,-30]],[[30820,70504],[-36,-33],[-16,25],[44,23],[8,-15]],[[52658,74634],[-84,-112],[-70,57],[-8,49],[3,40],[32,26],[48,2],[34,-5],[13,-53],[32,-4]],[[51044,74912],[-49,-2],[21,93],[36,21],[23,-15],[6,-27],[-10,-42],[-27,-28]],[[72403,72334],[-130,-256],[-344,-526],[-264,-358],[-417,-222],[-131,-9],[-396,42],[-572,-192],[-517,-196],[57,-109],[19,-70],[-33,-65],[-92,-104],[-172,29],[-56,46],[-91,32],[-74,49],[-54,9],[-160,69],[-151,-306],[-42,-172],[-157,-185],[2,-34],[23,-22],[-49,-50],[42,-42],[-38,-120],[24,-171],[-88,-72],[-54,-99],[-65,-42],[-57,-91],[-101,-98],[-24,-45],[-1,-87],[37,-70],[23,-86],[-4,-50],[30,-113],[-12,-22],[121,-49],[194,-121],[-19,-110],[-48,-65],[-11,-53],[107,-105],[4,-57],[41,-51],[51,-205],[55,-112],[-8,-47],[33,-4],[17,-44],[-115,-197],[6,-22],[46,-15],[11,-36],[-97,-156],[13,-73],[24,-40],[2,-73],[34,-29],[-18,-110],[99,-62],[63,-101],[-100,-125],[-5,-133],[79,-113],[54,15],[104,-7],[22,-20],[1,-27],[-23,-100],[-69,-41],[-182,-45],[-8,-74],[-47,-117],[-123,-149],[-23,-6],[-20,-65],[-27,-21],[-10,-90],[-24,-66],[-21,-17],[18,-27],[-14,-11],[9,-36],[-17,-13],[12,-22],[-43,-56],[8,-28],[-21,-23],[31,-16],[14,-53],[-45,-117],[13,-43],[-64,-67],[-26,-141],[20,-19],[22,-98],[49,-54],[-2,-17],[-34,-14],[-63,16],[-21,-36],[-66,-3],[-75,-29],[-6,-27],[-42,-21],[-16,-25],[-28,21],[-59,-29],[-40,-56],[-35,-13],[-49,-71],[10,-31],[-16,-23],[-33,-2],[-9,-23],[-60,10],[-66,-41],[-32,18],[-98,3],[-89,-49],[-56,30],[-42,-36],[-56,-13],[-147,20],[-117,-1],[-99,-28],[-93,27],[10,-41],[-48,-86],[-63,-36],[-64,-11],[-36,-45],[-62,-16],[-48,9],[-73,-30],[-46,19],[-90,6],[-94,73],[-39,-14],[-24,-45],[-79,27],[-142,88],[-25,3],[-48,-83],[-112,18],[23,64],[-57,-22],[-11,22],[-48,-15],[-64,-89],[-28,-14],[-9,-27],[-32,11],[-73,-77],[-111,-144],[-32,-4],[-28,13],[5,64],[-31,6],[-34,-14],[-121,-198],[-88,-68],[-16,-53],[9,-39],[70,-81],[9,-53],[-52,-56],[-129,-52],[-15,-33],[4,-51],[32,-50],[-105,-69],[-3,-27],[-85,-1],[-80,38],[42,71],[34,14],[17,42],[-20,21],[-18,-1],[-16,33],[19,24],[-96,97],[-43,-1],[1,37],[-246,-68],[-95,17],[-64,32],[-64,-23],[-164,-1],[-44,12],[-92,78],[-130,75],[-51,-25],[-85,-103],[-182,-155],[-58,-71],[0,-73],[-64,-50],[5,-60],[-35,-34],[-42,-4],[-53,82],[-147,95],[-78,-70],[-26,-61],[-221,59],[-109,-2],[-114,-26],[-37,16],[-37,-19],[-109,16],[-25,-16],[-232,83],[-97,96],[-50,23],[-45,65],[-11,65],[-37,20],[-76,12],[-110,-26],[-26,-41],[14,-106],[-30,-15],[-9,-21],[-28,-11],[-27,14],[-92,-9],[-82,-30],[-49,-34],[15,-35],[-20,-37],[46,-80],[-115,-24],[-4,-94],[-54,-27],[-13,-41],[-45,-22],[-169,-170],[-35,-81],[-40,-14],[-8,-24],[-51,-32],[-66,-81],[-60,-37],[-64,-86],[-3,-55],[-66,-119],[9,-66],[-16,-34],[13,-63],[-26,-66],[-63,-70],[3,-55],[-30,-56],[1,-60],[67,-147],[168,-73],[57,8],[29,-27],[10,-25],[-20,-132],[-12,-32],[-92,-63],[-19,7],[-35,-15],[-58,16],[-83,-39],[-86,-79],[2,-70],[30,-34],[-15,-63],[34,-36],[38,-96],[-68,-56],[-96,-8],[-64,-35],[22,-65],[99,-121],[7,-107],[37,-66],[-2,-59],[17,-36],[-11,-38],[-48,-35],[-65,-120],[63,-70],[120,-47],[2,-44],[55,-106],[3,-56],[-22,-47],[-145,23],[-85,58],[-73,-30],[-217,-19],[-73,-32],[-59,-55],[-47,-178],[-59,-115],[-40,-36],[-113,-22],[-67,56],[-111,36],[-41,-67],[117,-97],[0,-72],[-15,-23],[-72,-46],[3,-149],[-44,-54],[-34,-17],[-36,22],[-53,-7],[-69,31],[-22,-12],[9,-73],[-56,-71],[-11,-44],[7,-26],[50,-45],[-1,-16],[-24,-14],[-126,62],[-105,-79],[-48,8]],[[58850,58333],[10,9],[-162,63],[-109,30],[-59,-6],[-132,-68],[-120,-3],[-86,39],[-86,26],[-8,12],[-30,-37],[49,-107],[6,-54],[-79,-63],[-65,-16],[-77,-32],[-94,-95],[-61,2],[-43,54],[-51,7],[-28,-34],[-19,-203],[-29,-32],[-11,-38],[66,-55],[40,-86],[2,-243],[-45,-141],[-85,-49],[-79,9],[-80,65],[-5,35],[-62,139],[-45,38],[-1,45],[-6,-43],[-100,26],[-91,-13],[38,82],[-65,-85],[-59,76],[56,-82],[-90,-33],[-36,12],[-16,-11],[-100,6],[-165,40],[-18,25],[-32,-1],[-53,-18],[-187,-165],[-118,-75],[-40,10],[-7,24],[-21,9],[-91,5],[-26,-27],[-4,25],[-18,-4],[-110,-55],[-82,0],[-51,-38],[-36,25],[-20,-5],[-86,-61],[-119,-52],[-36,30],[-46,-5],[-205,-101],[-63,-11],[-119,-47],[-102,-66],[-143,-42],[-103,-2],[-13,-32],[-23,-1],[13,18],[-29,-3],[-5,23],[-18,7],[-147,-47],[-83,9],[-222,-93],[-99,25],[-20,-20],[-62,-4],[-57,-37],[-98,0],[-11,-23],[-134,-58],[-236,-20],[-186,-44],[-197,30],[-121,71],[-115,174],[-256,589],[-126,272],[-436,757],[-273,525],[-186,286],[-189,251],[-202,201],[-80,54],[21,32],[0,33],[21,-12],[277,-199],[116,-17],[257,-213],[43,-16],[62,1],[77,45],[83,24],[38,-4],[15,-19],[176,17],[-23,104],[23,13],[189,-94],[126,56],[65,-6],[139,-27],[54,30],[0,64],[47,60],[12,58],[-21,31],[-54,29],[-28,-7],[25,-22],[-36,5],[-10,35],[31,33],[-42,0],[-7,-64],[17,-27],[44,-9],[12,-19],[-70,-130],[-85,41],[-47,-4],[-148,-83],[-33,-6],[-89,30],[-42,37],[-14,-5],[-3,52],[-79,66],[-9,27],[-5,-23],[-49,40],[-20,-7],[-21,21],[-18,-2],[-7,21],[-55,13],[-131,-19],[-135,-71],[-174,-46],[-53,3],[-94,70],[76,-61],[-102,-7],[-292,196],[-43,12],[-50,61],[-28,73],[3,83],[152,479],[34,209],[68,125],[9,53],[33,28],[5,48],[67,114],[16,122],[-9,98],[89,219],[149,205],[111,251],[25,100],[47,34],[109,158],[22,120],[116,98],[71,211],[62,36],[268,101],[55,35],[75,67],[124,162],[238,221],[156,86],[118,129],[145,71],[24,101],[4,149],[-57,487],[-16,274],[15,36],[102,90],[178,231],[38,5],[15,-34],[-35,-31],[-6,-24],[-41,-1],[-24,-22],[15,-60],[-21,-5],[-5,-31],[-66,-42],[0,-44],[23,-24],[-73,-58],[-18,-49],[-30,-4],[-24,-22],[14,-41],[21,-15],[84,4],[-42,53],[88,-31],[23,-41],[-6,-33],[17,-15],[207,48],[56,38],[93,-1],[89,48],[18,31],[11,-8],[161,76],[11,16],[-24,50],[-173,199],[68,-17],[146,26],[27,22],[14,-7],[23,14],[28,-23],[44,-6],[24,23],[20,-14],[49,18],[-1,38],[81,63],[26,32],[-2,24],[35,28],[25,-21],[60,90],[50,31],[34,2],[18,-17],[10,-44],[-12,-50],[41,-61],[-56,-96],[26,-16],[10,-40],[35,-22],[7,-24],[28,5],[-6,18],[-55,39],[29,24],[-1,34],[24,12],[102,193],[36,53],[37,29],[77,27],[10,-12],[31,3],[60,24],[72,63],[45,81],[34,26],[9,-40],[62,-30],[-54,46],[-1,27],[36,19],[-5,35],[-23,-43],[-21,-4],[70,112],[-11,4],[13,31],[35,20],[61,72],[80,244],[80,43],[128,42],[235,9],[189,86],[-2,-43],[32,-7],[-25,54],[52,64],[93,70],[123,140],[103,78],[159,96],[60,9],[17,-24],[-10,-9],[165,29],[-146,-16],[-23,24],[-37,-7],[53,57],[94,36],[132,-72],[153,-28],[27,1],[33,-56],[42,-7],[86,37],[11,28],[38,-12],[43,32],[34,61],[-71,-90],[-44,11],[13,80],[40,42],[111,41],[222,74],[59,83],[98,49],[27,-25],[18,-105],[53,-93],[-15,-3],[25,-77],[-17,75],[88,17],[44,35],[32,-49],[108,-23],[22,18],[62,-14],[9,16],[-17,6],[-99,-11],[0,12],[-74,2],[-22,16],[0,42],[30,15],[14,-39],[40,-31],[35,15],[-23,28],[7,34],[221,100],[-22,32],[-83,-65],[-81,-40],[-33,-6],[-23,-37],[7,-49],[-25,13],[-20,54],[-15,5],[-96,-56],[-58,-17],[-24,11],[-5,93],[-2,-34],[-27,37],[-8,63],[31,-53],[-45,98],[-53,4],[-173,-70],[-31,-19],[-33,-49],[-217,-47],[-3,7],[-87,-75],[-27,-43],[3,-72],[-39,-14],[-64,32],[-149,206],[129,-195],[-360,142],[-137,-46],[-26,-30],[-69,-27],[-28,-29],[-9,14],[-37,-16],[-58,29],[-112,-36],[-60,-1],[5,-11],[-72,-24],[-72,-57],[9,-20],[-99,-70],[-60,-87],[-57,-52],[-81,-43],[-130,-30],[-29,-60],[-84,-54],[-61,-5],[-20,48],[-18,-2],[-77,-52],[-7,18],[-33,-11],[-15,14],[-38,-3],[3,-21],[-27,-20],[2,30],[-14,15],[9,25],[-18,21],[-24,2],[-37,-44],[-46,15],[36,-28],[-28,-29],[-31,-92],[-26,8],[-5,54],[-83,-10],[-29,-63],[110,20],[-171,-40],[-104,-29],[-62,2],[-58,-25],[-74,22],[-168,-31],[-38,6],[3,10],[-45,-3],[30,-12],[-72,-32],[27,53],[-38,-56],[-53,-38],[-69,-85],[-27,-87],[-46,-67],[-26,-73],[6,-40],[-19,-89],[-116,-125],[-60,-50],[-92,4],[-23,26],[-36,10],[-18,-38],[-89,-58],[-22,-31],[-62,30],[-31,-10],[-22,12],[-90,-7],[-15,-46],[-36,-18],[-19,5],[-26,-22],[60,-75],[-59,37],[-114,23],[-64,50],[-237,458],[-64,160],[-107,191],[-155,231],[-163,368],[-124,162],[-50,63],[-76,104],[-9,48],[-54,28],[-338,436],[-235,243],[-271,360],[-550,630],[-374,505],[-137,203],[-56,110],[-75,289],[17,83],[160,197],[82,54],[78,29],[86,103],[89,38],[143,116],[55,10],[78,-9],[12,-15],[-25,-21],[-63,27],[-60,-17],[-34,-29],[-33,-50],[18,-10],[-25,-10],[-72,-64],[-27,-51],[18,-48],[-44,-49],[-6,-28],[-58,-45],[40,16],[17,-12],[-6,-16],[15,-27],[-38,-11],[4,-56],[2,61],[32,-5],[14,-26],[-20,81],[-14,14],[48,41],[3,-21],[71,2],[33,16],[47,4],[-11,8],[-71,-27],[-16,9],[85,25],[39,32],[-44,103],[13,28],[2,-24],[58,-42],[67,40],[39,-5],[36,20],[102,82],[15,37],[62,-7],[65,41],[37,84],[-25,50],[28,100],[30,2],[2,-20],[35,9],[-45,-84],[72,88],[110,-61],[42,-9],[94,-109],[12,6],[-97,153],[-22,-6],[-129,87],[-43,13],[-78,-35],[-20,2],[-39,-51],[-50,-15],[-7,10],[-108,-5],[-36,-79],[-59,-67],[-21,8],[57,76],[27,154],[-4,163],[45,106],[35,142],[169,239],[21,64],[-7,79],[-77,286],[-221,481],[-417,652],[-191,343],[-36,207],[18,125],[54,124],[32,12],[56,60],[98,66],[220,43],[21,-17],[10,20],[56,-62],[-11,78],[86,-10],[3,-40],[11,34],[54,25],[80,-8],[54,22],[42,-14],[4,-14],[-24,-50],[-71,-33],[18,1],[11,-74],[3,84],[57,9],[2,28],[25,13],[37,-15],[-33,25],[6,9],[69,26],[24,-24],[49,-10],[6,14],[-32,6],[17,30],[62,17],[24,-2],[15,27],[101,52],[-6,-23],[34,22],[68,-16],[13,13],[291,51],[10,-27],[20,-18],[-22,38],[18,9],[107,0],[232,22],[123,-13],[-16,-59],[13,-48],[-12,-48],[58,-18],[-47,30],[8,28],[30,15],[18,-57],[27,14],[42,-15],[-9,-28],[25,-9],[1,-24],[36,15],[151,-192],[-148,196],[-36,-19],[1,28],[-25,7],[4,31],[-46,16],[-19,-15],[-8,48],[-21,17],[-23,-11],[-11,28],[44,48],[87,21],[8,65],[-12,-5],[-31,36],[9,14],[55,-6],[30,29],[48,-4],[32,15],[106,73],[-90,-53],[-15,-17],[-30,-10],[-27,18],[0,33],[20,15],[36,-26],[24,16],[19,28],[-21,13],[26,20],[-29,9],[38,4],[-2,18],[43,-14],[46,-31],[35,27],[28,41],[-65,-67],[-43,32],[-48,15],[4,-17],[-40,-8],[27,-12],[-24,-17],[21,-15],[-17,-22],[-28,-14],[-28,26],[-29,-16],[-4,-35],[22,-23],[-40,5],[-29,-12],[12,-14],[-46,8],[-30,-15],[2,-24],[33,-35],[-8,-44],[-51,-10],[-24,15],[-28,42],[-35,-7],[-60,5],[-7,24],[77,47],[38,69],[27,-31],[31,5],[-7,-24],[32,11],[-14,12],[31,16],[-10,15],[35,17],[26,49],[45,-20],[63,53],[7,18],[-68,-67],[-47,20],[-31,-54],[-30,-10],[7,-19],[-23,-5],[5,-24],[-19,-14],[1,29],[-32,-5],[-16,9],[44,102],[42,-2],[32,31],[31,-14],[19,44],[-24,-29],[-27,5],[-34,-36],[-35,10],[48,84],[56,-22],[-32,21],[64,78],[25,-33],[22,-5],[-3,42],[20,-5],[29,12],[2,16],[57,5],[-41,2],[-23,-21],[-29,-11],[-19,12],[36,28],[21,55],[-23,-43],[-29,78],[33,83],[77,1],[23,27],[42,9],[-24,10],[36,16],[41,-11],[50,17],[14,13],[25,-4],[58,-28],[-59,35],[-16,2],[-63,-27],[-38,12],[-71,-18],[-32,11],[1,23],[144,57],[31,-10],[93,17],[36,-14],[-26,-24],[2,-54],[6,0],[-4,56],[70,-4],[-58,12],[84,23],[29,-22],[34,2],[-12,11],[-22,-9],[-33,20],[112,121],[-13,-53],[38,119],[13,4],[8,58],[23,-2],[3,-17],[61,80],[49,29],[106,12],[44,32],[51,2],[57,33],[124,364],[78,91],[123,-20],[197,29],[76,29],[34,-2],[76,40],[92,107],[87,35],[109,18],[95,-26],[133,-80],[24,-29],[18,-74],[40,-49],[-37,63],[-4,44],[37,-9],[88,46],[154,98],[69,76],[-94,-12],[30,80],[-47,75],[53,37],[72,-38],[77,38],[46,-8],[82,70],[-9,9],[-72,-71],[-46,7],[-72,-28],[-38,5],[-12,26],[-20,6],[-55,-33],[-18,-32],[48,-64],[-45,-64],[21,-29],[57,7],[6,-17],[-126,-81],[3,19],[-162,-108],[-217,172],[-26,7],[-237,-53],[-185,-132],[-113,-49],[-36,-3],[-76,27],[-177,-14],[-86,-43],[-18,-23],[-61,-103],[-91,-263],[-36,-36],[-86,-2],[-39,-16],[-88,14],[-99,-70],[-20,-71],[-17,20],[-86,-31],[-69,-62],[-53,29],[-25,-7],[-97,19],[-7,11],[-32,-35],[-89,-8],[39,11],[-31,0],[4,31],[23,23],[61,-5],[40,19],[2,51],[-9,-43],[-22,-18],[-74,1],[-30,-28],[-15,-35],[-48,-1],[-15,14],[39,-12],[1,15],[-47,8],[-79,-53],[-62,-14],[8,11],[-121,-84],[-166,-71],[-53,-56],[-3,-39],[-48,-19],[-22,-36],[7,28],[-73,-110],[-25,3],[-52,-39],[-139,-47],[-45,-55],[-19,-74],[-110,-66],[-30,-1],[6,30],[-13,15],[-30,-14],[-2,11],[-43,-1],[1,43],[-23,29],[-23,1],[-1,27],[-39,-16],[-46,29],[-65,-9],[66,104],[-10,30],[-25,16],[21,25],[-7,21],[-32,22],[-89,20],[-40,83],[-76,-20],[-36,38],[34,133],[124,-48],[53,-49],[27,0],[0,-43],[54,-3],[-43,12],[4,31],[-54,44],[93,-29],[-339,131],[-189,54],[-72,-95],[-12,38],[50,53],[-8,26],[28,59],[54,-4],[56,83],[3,42],[-34,32],[-67,24],[-28,-6],[13,-104],[-28,-99],[-92,-67],[17,-21],[-2,-87],[-54,-205],[-40,-25],[-32,-2],[-20,43],[-54,-43],[7,-30],[39,-42],[-11,-49],[-128,-53],[-18,-34],[17,-21],[-13,-20],[-9,20],[-66,1],[-63,-15],[4,-25],[-22,-27],[-85,17],[-72,-27],[-34,15],[-42,-19],[-34,-40],[-5,-30],[10,-34],[42,-44],[-47,-31],[-260,-24],[-42,7],[-33,-12],[-49,40],[32,-42],[-21,-16],[-169,22],[-41,43],[-2,-29],[-57,4],[-211,76],[-574,330],[-64,-44],[-57,19],[-83,-25],[-1,20],[-97,48],[-447,191],[-56,11],[-67,-8],[-109,18],[-2,-17],[-105,13],[-53,-16],[-22,-77],[27,-4],[-73,-19],[8,-41],[-27,-50],[-49,23],[-57,2],[-639,-93],[-86,-41],[-20,-54],[-107,-34],[-87,21],[-91,75],[-92,-54],[-39,3],[-48,23],[-58,-26],[-108,9],[-53,50],[-73,11],[-42,30],[-33,99],[-60,-7],[15,63],[-13,6],[-18,-67],[18,-15],[57,6],[10,-71],[18,-59],[90,-4],[72,-51],[51,-12],[127,1],[104,-2],[98,34],[28,-38],[45,-27],[-19,-18],[-85,-12],[-169,11],[-310,43],[-293,-40],[-340,8],[-331,-57],[-205,-51],[-96,-66],[-147,-69],[-40,-50],[4,-81],[-13,-37],[13,-85],[-65,-77],[27,-53],[-27,-9],[-33,-46],[75,-86],[-29,-13],[-17,-47],[52,-57],[-40,-26],[-24,-3],[-15,28],[-27,-8],[-14,10],[-22,-23],[-36,-1],[-8,30],[-555,92],[-917,91],[-172,-4],[-276,-34],[-169,-54],[-124,-74],[-115,-114],[-51,-115],[3,-90],[34,-27],[85,-19],[-42,-48],[-107,-13],[-58,36],[-49,276],[-19,20],[19,37],[-25,-12],[3,-39],[-61,-19],[-247,-146],[58,-103],[127,47],[19,31],[53,17],[-29,-86],[-86,-50],[13,-35],[38,-12],[98,60],[61,-70],[62,-17],[84,13],[42,-17],[81,39],[35,23],[19,83],[30,19],[-2,-133],[-52,-59],[-69,-26],[3,-11],[-351,-11],[-586,-109],[-469,-148],[-227,-123],[-121,-50],[-162,-59],[-142,-73],[-123,-89],[-29,-56],[65,-135],[-155,-80],[-152,-105],[-108,-116],[-70,-126],[-9,-85],[105,-39],[113,-106],[67,-20],[14,-50],[-15,-51],[-123,-98],[-144,-33],[-119,-46],[-290,-166],[-126,-109],[-245,-367],[12,-42],[-52,-56],[-14,-114],[-53,-19],[-33,-59],[21,-20],[14,10],[-6,35],[71,46],[60,-8],[21,22],[16,-21],[96,-35],[-16,-15],[5,-59],[-29,-9],[-95,-260],[-5,-131],[50,-160],[47,-78],[50,-48],[60,10],[74,-35],[87,12],[73,86],[25,-79],[-14,-3],[63,-35],[22,-29],[39,-122],[33,-37],[7,-74],[-24,-70],[3,-23],[-38,-5],[-24,-32],[-44,-313],[-61,11],[-14,-13],[-10,-68],[-48,-34],[-6,-51],[-19,-21],[-111,119],[-20,-1],[-64,82],[-280,-13],[-10,-15],[-101,-10],[-41,-28],[-145,-32],[-33,-53],[-52,-37],[12,-71],[-25,-10],[9,-25],[-28,-104],[-39,-54],[20,-189],[-16,-11],[-11,19],[-94,-30],[-64,-94],[-116,-82],[-31,16],[-46,-15],[-33,23],[-9,67],[-38,73],[-57,27],[-21,-19],[-42,34],[-17,53],[-30,8],[5,49],[-16,16],[-50,-10],[9,23],[-13,4],[-57,-26],[28,70],[-43,11],[-20,23],[3,24],[31,16],[-13,44],[40,18],[-31,27],[26,28],[-23,22],[-3,37],[22,0],[3,20],[-8,63],[-36,51],[77,75],[18,61],[70,57],[38,124],[-590,479],[-595,372],[-304,158],[-422,143],[-313,52],[-113,2],[-150,-28],[-79,-69],[-20,-44],[-43,-19],[9,-64],[-66,-76],[-105,-191],[-16,-71],[-24,-6],[-43,-61],[-54,-122],[-91,-70],[-24,-5],[-25,-33],[-44,-6],[-92,-112],[-37,-4],[-15,-16],[-14,10],[-16,-34],[-15,28],[-65,-20],[-29,-66],[-86,-61],[-6,-25],[-46,-41],[-54,-23],[-71,-12],[-8,8],[-92,-26],[-15,26],[7,58],[-15,19],[-14,101],[-25,46],[-21,11],[-94,-19],[-52,16],[-64,41],[-14,-13],[-30,43],[-52,11],[-151,-49],[-57,-42],[-58,-12],[-69,-49],[-10,-55],[-51,-14],[-20,-21],[-86,19],[-53,-34],[-32,-1],[-4,-31],[-13,4],[-25,-42],[-38,-11],[-40,-51],[9,-17],[-29,-2],[0,-27],[-24,-52],[-35,40],[-29,1],[-32,-42],[7,-28],[-26,-66],[-33,-15],[-18,26],[-45,2],[-4,21],[-38,-12],[-22,18],[4,63],[-14,25],[44,49],[-41,49],[7,36],[-215,93],[-215,64],[-212,34],[-142,5],[-159,-35],[-18,-20],[2,-102],[-44,-41],[-19,-43],[18,-9],[-22,-41],[-21,-8],[3,-38],[-49,-3],[-25,-30],[49,-43],[3,-25],[-25,-128],[-35,4],[11,-24],[-6,-58],[-27,-36],[-45,-23],[5,-17],[-29,-38],[-7,-58],[-26,-23],[-30,10],[-15,-10],[14,-96],[-9,-60],[-28,-52],[-43,-5],[-30,31],[-36,-10],[-62,64],[-15,-14],[-1,48],[-7,42],[-47,12],[-53,-85],[-117,-10],[-19,25],[12,18],[-18,3],[1,31],[-28,22],[-7,25],[-49,38],[-30,-7],[-20,38],[-44,1],[-28,10],[-5,31],[-12,-5],[-35,38],[-7,53],[-46,24],[-42,-127],[-49,7],[-6,32],[-37,31],[1,25],[-40,32],[-39,8],[18,64],[-45,-6],[-32,-20],[-26,115],[-39,24],[-68,-25],[-32,99],[7,103],[47,14],[25,-36],[47,37],[42,71],[-12,6],[24,58],[26,30],[19,-3],[55,27],[68,-1],[39,18],[-3,30],[40,54],[37,12],[44,-12],[-19,14],[-9,43],[16,4],[36,-27],[-4,36],[47,31],[-19,13],[17,27],[-37,-6],[-24,17],[-35,66],[16,7],[1,23],[65,36],[-16,87],[28,-12],[-23,32],[15,18],[-22,22],[47,14],[-42,25],[4,57],[-12,23],[75,64],[39,0],[-5,33],[97,96],[29,15],[19,-16],[2,36],[30,33],[82,-1],[-15,16],[11,19],[21,3],[-15,19],[23,23],[-14,18],[40,3],[8,15],[-41,33],[90,26],[-28,56],[10,33],[-11,64],[98,41],[16,30],[-18,54],[-28,-30],[-21,37],[28,10],[35,-9],[52,75],[80,-4],[36,46],[-2,15],[49,13],[-4,20],[19,-1],[15,24],[-10,22],[34,12],[31,-5],[10,-17],[32,4],[64,73],[8,47],[-28,5],[41,50],[-25,15],[-1,21],[-27,4],[-6,28],[39,67],[5,61],[-39,44],[-54,11],[32,27],[-25,11],[-31,-8],[-33,40],[51,35],[-11,37],[-32,-7],[26,23],[-18,12],[42,26],[-29,11],[33,19],[-20,7],[31,15],[-23,3],[2,17],[85,73],[-23,23],[-76,-23],[0,16],[40,26],[-10,5],[45,17],[-68,36],[-1,23],[-31,-2],[11,22],[31,21],[15,-10],[7,42],[50,45],[55,21],[14,-12],[59,-11],[20,6],[3,-25],[21,9],[36,-5],[-4,-38],[18,-25],[29,55],[42,-9],[-3,29],[-13,2],[18,21],[56,19],[62,57],[117,78],[-14,4],[78,26],[78,-32],[16,15],[3,-22],[27,-10],[32,17],[60,-10],[28,19],[46,4],[14,42],[34,7],[5,30],[29,16],[0,24],[47,54],[34,75],[-45,49],[22,35],[-23,14],[1,14],[32,27],[-2,26],[-20,7],[-5,35],[43,70],[-6,40],[21,32],[-20,21],[47,107],[12,-5],[13,29],[42,10],[43,57],[79,-9],[33,-36],[27,13],[102,-35],[81,18],[28,31],[57,-10],[122,75],[87,98],[5,50],[58,65],[-1,36],[27,20],[24,70],[-17,13],[17,21],[-20,103],[-67,45],[2,24],[25,23],[-7,25],[76,37],[-2,27],[27,39],[31,12],[9,-18],[42,2],[-14,34],[35,33],[-10,10],[19,24],[-13,10],[62,40],[55,140],[36,22],[13,37],[26,15],[39,-10],[24,29],[-18,16],[34,71],[7,-7],[43,31],[-12,15],[17,17],[-12,11],[21,42],[44,23],[-12,19],[45,37],[-5,10],[-46,-16],[3,13],[-34,-33],[7,26],[19,8],[0,46],[20,0],[28,26],[3,-22],[47,14],[-9,-32],[19,-6],[34,22],[-7,-31],[20,-1],[-5,-30],[57,-6],[22,19],[53,9],[78,-41],[31,13],[13,42],[36,-13],[-26,21],[21,22],[18,-2],[16,-23],[38,18],[22,-26],[48,13],[33,28],[13,54],[34,-8],[11,27],[23,2],[-8,25],[80,74],[132,205],[30,63],[-19,30],[3,63],[36,28],[-7,8],[28,38],[21,5],[49,64],[-18,12],[51,83],[123,94],[11,-31],[43,33],[-9,-29],[46,-6],[149,123],[39,8],[14,-16],[70,-5],[85,6],[21,13],[41,-8],[151,44],[59,50],[-10,15],[29,10],[37,-10],[-14,28],[9,34],[26,31],[74,22],[3,29],[33,13],[14,36],[17,0],[43,34],[44,6],[18,-11],[48,27],[-7,16],[-45,9],[3,24],[32,33],[-8,51],[48,27],[9,25],[-12,5],[19,24],[54,30],[40,2],[104,26],[28,-16],[41,16],[11,-14],[30,9],[8,29],[36,25],[-18,8],[8,19],[-22,16],[-7,32],[18,30],[-17,4],[4,60],[18,-4],[-21,26],[20,25],[-16,1],[42,24],[-22,15],[20,12],[26,-25],[18,5],[-9,17],[20,20],[-11,14],[8,43],[-14,38],[22,20],[-7,15],[47,-19],[32,8],[2,-16],[21,7],[12,-14],[-4,-29],[18,0],[-17,-20],[-14,3],[21,-58],[-38,-29],[2,-18],[-44,-13],[-45,-36],[14,-61],[47,-45],[-16,-17],[-26,1],[2,-30],[53,-66],[96,-51],[226,-49],[255,14],[105,19],[143,53],[49,36],[38,59],[44,22],[11,-20],[-17,-28],[-1,-53],[33,-22],[-30,9],[-12,-20],[23,-34],[116,-33],[130,10],[94,32],[196,97],[300,235],[146,138],[53,77],[-3,40],[18,26],[7,-12],[21,17],[41,-16],[94,1],[286,276],[188,243],[18,62],[-34,35],[19,-10],[30,21],[2,14],[42,51],[3,35],[26,9],[8,20],[75,-9],[42,66],[60,-35],[31,5],[3,-22],[52,-16],[41,9],[40,34],[123,167],[146,267],[84,239],[-15,53],[37,19],[65,77],[55,8],[66,35],[75,76],[293,202],[121,260],[7,19],[26,9],[1,21],[70,79],[-11,19],[24,13],[162,8],[99,48],[75,-42],[133,19],[-34,-34],[44,-36],[65,-5],[64,25],[103,-64],[61,-6],[96,42],[105,82],[93,111],[70,124],[106,95],[109,74],[190,263],[187,95],[119,135],[118,75],[122,106],[131,214],[137,48],[118,171],[99,12],[166,108],[85,157],[37,132],[23,138],[-3,125],[127,87],[88,9],[31,47],[31,179],[10,-3],[9,50],[46,87],[-17,311],[55,218],[6,102]],[[58385,57549],[-79,-20],[-51,46],[-26,-10],[-89,63],[-132,-79],[-274,-1]],[[57734,57548],[-1,46],[9,8],[125,23],[23,-10],[16,10],[61,-6],[167,41],[47,-5],[204,-106]],[[58385,57549],[-197,107],[-61,6],[-160,-41],[-103,6],[-111,-18],[-22,-8],[-25,121],[-66,94],[-5,72],[17,49],[77,-30],[-57,37],[-21,-3],[1,118],[98,-51],[53,-3],[41,16],[50,69],[57,33],[34,13],[84,1],[27,19],[51,87],[-60,160],[74,-8],[68,-42],[81,-14],[101,10],[90,29],[34,35],[45,11],[107,-29],[118,-63],[45,1]],[[83516,73534],[58,-45],[56,-19],[9,-21],[30,2],[49,-20],[38,-38],[65,-10],[70,-41],[22,-59],[-36,-5],[-117,33],[-87,-25],[-46,6],[-96,-24],[-41,-168],[-93,-24],[-46,-45],[2,-52],[86,-86],[147,-78],[14,-24],[61,-25],[43,-44],[69,6],[21,-11],[63,-57],[34,-71],[58,-43],[126,-8],[30,-21],[22,2],[45,-105],[-222,-257],[-148,-22],[-79,-36],[-53,-42],[-36,-84],[-20,-22],[-59,-21],[2,-15],[-46,-53],[-102,-7],[-11,-31],[-44,7],[-22,-31],[-31,-8],[-4,-47],[-29,4],[-26,-14],[-53,-86],[-29,10],[-3,-18],[18,-11],[-13,-24],[-51,-6],[-13,-27],[-38,-22],[13,-34],[-18,-29],[-34,3],[-19,-29],[150,-42],[113,-81],[16,-41],[111,-75],[-33,-110],[-102,-75],[-5,-65],[-33,-19],[76,-187],[4,-50],[-51,-31],[17,-37],[-28,-27],[-61,-7],[-35,25],[21,-28],[-32,-49],[-13,-65],[-61,-99],[-80,-74],[-36,-56],[-16,-73],[-83,-103],[6,-98],[35,-37],[20,-57],[19,-159],[-61,-85],[-35,-100],[5,-44],[43,-10],[25,-32],[-2,-31],[45,0],[3,-40],[19,-19],[-7,-22],[41,-2],[32,-23],[26,-2],[98,171],[73,44],[31,-23],[34,-3],[37,-54],[-13,-131],[-33,-8],[15,-48],[-72,-77],[-71,-48],[-114,-29],[-5,-29],[39,-146],[80,-109],[66,4],[101,-17],[201,-69],[23,-39],[12,-84],[57,-37],[30,68],[39,20],[28,-20],[232,-67],[110,-47],[138,-8],[44,-21],[108,30],[120,-17],[-20,-83],[41,-94],[62,22],[16,66],[72,56],[26,0],[26,-38],[81,44],[14,34],[-13,41],[81,72],[-9,49],[-30,19],[-1,15],[78,75],[25,6],[27,-19],[71,-4],[155,-60],[42,51],[99,61],[83,114],[31,15],[33,-21],[79,-15],[35,-109],[-5,-148],[-109,-105],[-71,-33],[-17,-39],[129,-330],[-34,-112],[119,-11],[43,27],[109,-21],[4,-67],[88,-112],[-41,-12],[-29,-27],[15,-70],[148,-84],[78,-6],[28,13],[49,82],[-14,21],[10,60],[31,46],[33,-1],[58,-21],[81,-117],[50,-9],[-42,-74],[19,-22],[31,-6],[48,11],[-5,69],[79,27],[-2,39],[24,41],[-8,29],[19,8],[133,-6],[127,-61],[76,16],[4,-33],[-67,-15],[-33,-33],[-66,-26],[-16,-53],[21,-37],[27,-3],[40,42],[24,4],[73,-108],[31,-10],[24,15],[22,72],[25,23],[32,9],[106,-18],[25,53],[20,9],[28,-17],[19,-42],[47,-8],[-1,-28],[29,-39],[88,-19],[-18,-36],[-56,-15],[-68,-44],[4,-35],[48,-26],[59,9],[18,81],[70,16],[74,-17],[63,57],[34,-14],[-24,-64],[9,-22],[113,-42],[25,16],[17,55],[60,33],[32,60],[26,13],[27,-7],[23,-68],[110,-87],[27,-74],[52,-44],[-18,-95],[16,-76],[-74,-84],[-9,-55],[-40,-70],[-1,-62],[-73,25],[-96,-13],[-63,-23],[-9,-35],[53,-36],[70,-23],[69,-124],[44,11],[36,61],[127,34],[56,-69],[-1,-57],[83,-3],[31,-48],[30,-17],[45,-1],[87,-77],[70,-39],[92,24],[96,-33],[39,-38],[8,-38],[-84,-78],[2,-30],[24,-28],[-7,-39],[-33,-10],[-49,32],[-59,-4],[-19,-29],[27,-109],[84,-28],[89,-83],[141,-22],[185,9],[146,40],[114,66],[65,-32],[-5,23],[23,-4],[12,-31],[44,-71],[-9,-23],[22,-45],[132,15],[-52,-153],[35,-11],[3,-28],[-42,-63],[2,-67],[72,-10],[90,14],[5,-43],[-19,-10],[14,-23],[-8,-17],[16,-6],[-8,-21],[24,-111],[-11,-29],[-31,-23],[9,-46],[21,-10],[12,-110],[-16,-39],[-157,-65],[-391,50],[28,80],[1,86],[14,7],[-20,36],[20,17],[-11,20],[57,59],[-12,11],[12,34],[-23,99],[-46,51],[-3,45],[-151,-40],[-84,-111],[-8,-30],[-27,-16],[-55,-12],[-60,17],[-51,-4],[-75,-24],[-107,-8],[-20,-6],[-24,-44],[-99,-28],[-82,30],[-79,-20],[-97,79],[-106,-72],[-226,31],[9,45],[-25,103],[-21,27],[15,22],[-43,-11],[-38,-42],[39,-122],[-4,-28],[-57,-61],[-46,-7],[-6,-67],[-53,-83],[-2,-93],[61,-130],[59,-69],[-15,-97],[-21,-21],[-5,-31],[17,-44],[-96,-73],[-17,-83],[-40,-25],[-75,-12],[-27,-34],[-15,-67],[-49,-35],[-12,-51],[17,-21],[-5,-87],[-29,-29],[-18,-87],[-23,-38],[-59,-43],[-32,-1],[-26,18],[-39,-26],[-49,-1],[-31,19],[-189,-71],[14,-58],[104,-104],[8,-40],[19,-14],[-21,-140],[41,-118],[-20,-30],[4,-73],[-102,-190],[124,14],[110,-19],[-149,-158],[15,-68],[-7,-102],[-16,-31],[9,-22],[-31,-60],[-28,-36],[-44,-21],[-20,-42],[-63,-54],[-15,-38],[7,-22],[-16,-36],[25,-47],[0,-126],[33,-26],[73,-15],[17,-37],[-28,-35],[-39,-13],[-10,-26],[-67,-1],[-17,13],[-36,-62],[-1,-36],[-44,-76],[30,-82],[-7,-66],[13,-34],[-130,-8],[-40,17],[-62,-5],[-51,-29],[-28,-50],[-45,-5],[5,-15],[-195,4],[-65,17],[-125,-81],[-127,-47],[-150,-98],[-61,5],[76,-93],[63,16],[101,-14],[69,-33],[60,-65],[94,5],[52,-70],[142,-92],[129,-167],[-156,-35],[-109,26],[-68,-66],[-79,-22],[-30,12],[-5,-54],[-54,-40],[96,-41],[-4,-10],[-246,-125],[-67,-92],[-57,-143],[22,-16],[-13,-64],[21,-1],[13,-26],[-18,-35],[-122,-81],[-61,-58],[-1,-30],[-181,-136],[66,-109],[27,-64],[-14,-7],[64,-112],[-14,-84],[5,-101],[-97,-33],[-52,-41],[-23,26],[4,22],[-24,-23],[-10,25],[-40,-6],[-46,-47],[-31,1],[-11,-20],[-29,5],[7,-25],[-47,-19],[21,-16],[-11,-31],[-25,1],[12,-22],[-12,-20],[-115,0],[-141,-227],[-10,37],[-29,-24],[-20,33],[-26,-23],[-25,8],[-19,-13],[16,-31],[-12,-5],[-8,-55],[-33,-26],[-20,3],[-11,-41],[-38,-7],[10,-20],[-19,-2],[-6,-22],[17,-11],[-19,-18],[-61,3],[-38,46],[-42,11],[-16,30],[-36,-24],[-23,23],[-36,-17],[-16,-24],[-17,12],[-38,-49],[-26,24],[-18,-9],[-20,11],[-45,-34],[-21,14],[-18,-16],[-48,1],[-1,-15],[-22,4],[-1,-22],[-21,-10],[-50,38],[-3,17],[-77,-9],[-29,8],[-9,-16],[5,-29],[64,-58],[37,16],[44,-28],[-4,-22],[-39,-22],[-76,8],[10,-226],[17,-31],[-12,-64],[14,-120],[105,-91],[99,-186],[36,-28],[48,-11],[21,-55],[33,-7],[40,-107],[297,-598],[189,-493],[-35,-33],[-21,3],[-4,-17],[-20,10],[-49,-40],[-44,5],[11,-33],[-20,-40],[-59,8],[-89,-53],[-144,-22],[-10,-18],[-64,-23],[-68,28],[-82,-43],[-14,-27],[-83,-18],[-51,-42],[2,-70],[61,-101],[6,-102],[62,-46],[38,-1],[14,-22],[27,3],[23,23],[13,-5],[24,35],[67,11],[15,16],[12,-22],[116,-22],[89,32],[1,-16],[32,-1],[33,31],[29,-14],[15,21],[28,-12],[8,14],[48,6],[17,-14],[12,27],[34,-26],[16,13],[22,-7],[23,27],[52,-15],[8,29],[25,-12],[17,6],[-6,25],[14,10],[37,-4],[42,16],[20,-14],[5,17],[23,-13],[3,20],[95,-2],[73,90],[32,1],[28,-25],[30,12],[-3,17],[22,7],[12,23],[35,-19],[37,18],[33,-6],[31,33],[46,-11],[65,34],[2,12],[45,-5],[1,33],[26,-9],[9,31],[19,-6],[37,34],[3,49],[20,1],[-3,34],[23,5],[0,33],[19,20],[-81,22],[-10,91],[-92,22],[-54,31],[-88,9],[-112,105],[33,113],[25,4],[-4,25],[56,5],[2,30],[148,9],[-39,126],[219,26],[202,90],[108,14],[18,23],[-7,38],[58,-15],[140,90],[69,-19],[12,-23],[69,-31],[22,12],[57,113],[36,34],[97,11],[17,8],[-8,15],[60,14],[69,54],[5,117],[30,-5],[52,34],[21,-6],[5,54],[37,23],[-8,21],[28,59],[30,27],[0,37],[86,38],[62,68],[97,72],[269,52],[183,58],[62,6],[16,21],[61,-6],[59,32],[86,16],[147,-50],[59,-4],[51,-26],[117,-182],[-6,-38],[25,-23],[25,2],[35,-43],[-11,-27],[25,-87],[52,-19],[1,-35],[31,-33],[-16,-64],[-15,0],[-10,-23],[13,-31],[-33,-84],[0,-34],[26,-17],[1,-21],[24,-7],[-3,-77],[-45,-43],[-12,-44],[35,-11],[7,-23],[23,-1],[42,-35],[38,-12],[33,7],[6,-11],[-24,-89],[-25,-18],[-20,-67],[-50,-61],[2,-33],[-22,-49],[5,-50],[-21,-95],[-31,-61],[-6,-83],[-56,-92],[-12,-92],[-31,-37],[9,-28],[-17,-63],[-23,-20],[4,-58],[49,-3],[16,-16],[-53,-50],[-27,-68],[-28,-5],[98,-173],[-7,-43],[40,-18],[7,-34],[-21,-39],[2,-29],[-75,-54],[-4,-77],[-62,6],[-23,-12],[5,33],[-17,10],[-24,-13],[-27,12],[-76,-25],[-22,64],[-23,-3],[-13,31],[-24,8],[-29,-18],[-71,2],[-17,24],[-78,20],[-25,22],[-19,0],[-36,-28],[-53,3],[-4,19],[-45,3],[4,23],[-56,15],[-58,-11],[-33,17],[-14,-23],[-40,-16],[-13,32],[-52,-6],[53,-204],[-29,-3],[-12,-17],[-21,-73],[-27,-14],[-29,-105],[-34,-15],[-44,-76],[25,-20],[-14,-70],[139,-81],[2,-23],[-72,-141],[-9,-66],[36,-59],[89,-36],[9,-24],[26,-14],[18,-49],[-371,-30],[4,-23],[-132,-2],[-13,-42],[-57,-10],[-312,44],[-124,-18],[-121,12],[-417,-21],[-149,-31],[-73,4],[-84,-16],[-164,32],[-122,-6],[-162,33],[-413,-39],[-95,-43],[-34,-51],[-75,-53],[-22,-57],[-97,-12],[-191,-104],[-309,-29],[-95,7],[-92,-27],[-100,-94],[-19,-38],[-106,-58],[-313,-114],[-440,-308],[-254,-209],[-74,-30],[-447,126],[-93,-20],[13,-67],[-171,-87],[-66,-72],[-72,-50],[-66,-17],[-102,-83],[-24,-4],[-57,-86],[-73,-40],[-33,-138],[-24,-16],[-23,-73],[-46,-41],[3,-23],[-36,-19],[-34,-50],[-32,-14],[-10,-34],[-60,-31],[-10,-20],[-61,-37],[7,-7],[-39,-13],[5,-17],[-84,-40],[-19,-25]],[[80755,52329],[3,29],[-55,113],[4,18],[-95,26],[-48,-18],[-68,9],[-98,85],[-149,77],[-14,-6],[-56,52],[-15,-11],[-37,10],[-105,52],[-9,46],[-23,24],[-62,4],[-89,-27],[-97,6],[-274,-50],[-45,-12],[-89,-122],[-444,-75],[-271,-212],[-33,-150],[-37,-22],[-191,-25],[-65,-29],[-100,-98],[-43,-25],[-28,11],[1,-70],[-113,-83],[-42,-11],[-58,37],[-42,2],[-173,-58],[-104,53],[-80,22],[-50,35],[-80,-73],[2,-50],[-41,-56],[-38,-23],[5,-40],[-43,2],[-87,-28],[-67,-98],[-11,-59],[-37,-31],[-23,6],[-11,-34],[-29,-25],[-22,49],[-24,4],[-27,52],[-16,3],[-39,75],[-37,13],[-32,74],[-104,18],[-90,-66],[-33,0],[1,-13],[-95,-1],[3,30],[-56,18],[-32,37],[-23,3],[-33,84],[-83,94],[-37,-3],[-72,-49],[-57,18],[-46,-14],[-25,16],[-21,-4],[-12,-25],[-24,-3],[-30,-27],[-57,-8],[-22,-28],[-56,-12],[-21,-23],[-75,31],[-69,-23],[-122,8],[-78,-12],[-111,-67],[-131,-44],[-156,-133],[156,-108],[43,-45],[51,-12],[9,-16],[-64,-33],[-16,8],[-19,-40],[-75,-17],[-12,-17],[-39,0],[-58,31],[-106,-39],[-81,-2],[-19,-18],[-5,26],[-36,6],[-39,-76],[-93,-90],[-205,-513],[-42,-13],[9,-74],[-18,-43],[-133,-73],[22,-40],[-47,-47],[4,-27],[-61,-52],[-64,-18],[-140,-127],[-43,-127],[-72,-17],[-54,3],[-55,-31],[-82,-21],[-164,-17],[-42,-18],[-95,-3],[-75,-33],[-41,-107],[-92,-109],[-113,-58],[-125,-5],[-39,-39],[-40,-4],[-39,-62],[-59,-22],[-47,-38],[-76,-26],[-56,5],[-30,-13],[-67,55],[-147,40],[-69,-16],[-25,-34],[-51,11],[-14,72],[-27,31],[6,46],[-23,76],[5,71],[-17,32],[-46,5],[-27,42],[-1,29],[-30,13],[-83,124],[-10,22],[28,31],[-24,1],[-20,25],[-73,-6],[-92,24],[-172,129],[-142,60],[-80,23],[-61,-99],[-80,-67],[-93,-19],[-79,5],[-131,-36],[-110,-4],[-108,19],[-96,-112],[-25,-253],[-116,-26],[-209,-83],[-288,-245],[-4,-56],[-157,-163],[-99,-126],[-216,-449],[-108,-56],[-237,30],[-113,-11],[-96,-33],[-80,5],[-43,-18],[17,-99],[-47,-132],[-1,-41],[59,-96],[-20,-38],[42,-66],[2,-32],[69,-47],[60,-76],[12,-31],[-36,-33],[-109,10],[-34,30],[-68,0],[-32,16],[-22,-2],[-7,-35],[-54,41],[-27,-9],[-84,44],[-41,-10],[-14,31],[-29,-13],[-30,26],[-32,-6],[-15,41],[-29,0],[-33,46],[-30,-5],[-65,32],[-37,43],[-1,31],[-48,-8],[-35,40],[-25,-3],[-14,21],[-31,0],[-35,30],[2,21],[-43,-5],[-45,51],[-39,6],[5,17],[-26,5],[-5,25],[-22,-13],[-60,28],[-54,-8],[-77,39],[-239,32],[-78,40],[-32,-1],[2,12],[-58,24],[-56,67],[-106,81],[-13,154],[21,8],[-31,88],[-221,35],[-471,235],[-167,-103],[-183,-69],[-92,-80],[9,-18],[-42,-5],[19,-19],[-15,-33],[16,-24],[-15,-26],[8,-50],[-17,-9],[-4,-71],[-17,-18],[7,-43],[-14,-12],[18,-23],[-55,-50],[-1,-103],[-26,-54],[-32,-25]],[[65697,48203],[-135,-40],[-82,-41],[-82,19],[-28,-9],[-29,15],[-32,-7],[54,47],[7,46],[-18,110],[-17,28],[-37,21],[-24,79],[-29,28],[-32,88],[-37,52],[-7,100],[11,36],[-14,10],[-2,56],[-19,35],[23,34],[-48,87],[6,34],[-28,29],[8,71],[-21,61],[7,20],[-39,-1],[-10,32],[-67,43],[-19,42],[-90,100],[-1,57],[36,92],[-5,30],[43,33],[23,75],[-9,24],[23,26],[-21,15],[-64,-3],[-51,41],[-36,3],[-10,-11],[-15,23],[14,39],[-24,7],[22,58],[-7,28],[27,17],[-5,23],[18,13],[-13,50],[34,64],[1,35],[-14,-2],[-18,24],[14,32],[-23,24],[0,28],[-13,2],[36,75],[-12,44],[-75,36],[-28,33],[-368,80],[-88,81],[-32,51],[-46,34],[-43,7],[-9,49],[-41,25],[107,190],[-18,24],[-27,-4],[-9,20],[-51,21],[-86,84],[-16,56],[-56,37],[-15,25],[-70,29],[-42,-1],[-5,12],[-71,15],[-116,49],[-114,96],[-79,26],[-50,56],[-40,18],[-17,37],[-28,1],[-9,27],[-42,11],[-65,59],[-82,10],[-32,28],[-44,-3],[-32,43],[-53,-17],[-40,48],[-41,4],[8,138],[74,229],[47,215],[118,220],[-10,308],[-75,131],[10,77],[59,45],[236,31],[368,113],[53,69],[83,151],[58,142],[57,291],[-76,431],[359,151],[-99,385],[-43,20],[-87,-4],[-47,35],[-51,-21],[-59,18],[-45,-17],[-60,16],[-17,-28],[-52,-4],[-91,-58],[10,-19],[-57,-38],[4,-31],[-34,14],[7,-21],[-31,-16],[14,-10],[-4,-22],[-37,4],[-21,-36],[-20,13],[-11,-17],[-40,2],[6,-27],[-47,-8],[-4,-13],[26,-10],[-10,-9],[-47,22],[-36,-27],[11,-14],[-15,-16],[-40,32],[-2,-16],[-30,-19],[-39,15],[0,-24],[-46,25],[-103,-83],[-42,-81],[8,-32],[-28,-12],[4,-12],[33,1],[5,-10],[-10,-72],[-49,-72],[8,-85],[-71,-102],[-81,-38],[-60,0],[-43,34],[-16,-29],[-132,-1],[-47,-38],[-36,19],[-75,-6],[-53,-49],[-83,21],[-66,-11],[-133,59],[-30,-7],[-28,-36],[26,-119],[-63,-25],[-78,7],[-20,-23],[-7,-46],[-68,-80],[-151,-100],[-89,-6],[-36,173],[-92,32],[-161,17],[-30,-10],[-66,29],[-36,-12],[-53,56],[-8,48],[-19,10],[36,130],[-53,20],[-7,63],[-31,38],[-45,-10],[-15,23],[12,19],[-62,25],[34,97],[-24,59],[-76,3],[-38,67],[-66,48],[-6,41],[22,28],[-35,20],[13,89],[-42,70],[-1,53],[11,5],[-86,140],[22,24],[-7,50],[31,20],[-15,25],[19,23],[-52,34],[22,11],[-68,11],[-37,39],[23,82],[-21,49],[10,24],[-25,98],[107,102],[7,67],[-18,11],[60,64],[80,123],[-6,9],[44,43],[-47,150],[-26,15],[6,26],[-35,31],[29,86],[-10,26],[22,113],[-13,36],[28,52],[-40,59],[-27,-2],[17,23],[-20,45],[2,38],[-15,8],[7,24],[-16,10],[14,25],[-32,91],[6,22],[26,7],[7,34],[-21,31],[14,23],[-28,33],[-13,77],[8,153],[-132,68],[-120,156],[-74,59],[-100,34],[-76,81],[-58,19],[-44,39],[-52,-3],[-44,20],[-27,-21],[-255,16],[-97,-22],[-30,-21],[-113,27],[-157,-2],[-158,-22],[-40,22],[-131,-10],[-107,13],[-112,-46],[-47,20],[-4,23],[-57,-24],[-21,15],[-109,17]],[[34145,33725],[4,-3]],[[34145,33725],[0,0]],[[33910,34063],[-6,3]],[[33910,34063],[0,0]],[[33971,34051],[-39,3]],[[33932,34054],[-45,26],[-14,27]],[[33873,34107],[1,6]],[[33874,34113],[65,-8],[40,25],[-8,-79]],[[33828,34103],[11,-23]],[[33839,34080],[-1,-27]],[[33838,34053],[-23,-2],[4,-36],[-35,21],[6,-29],[-21,-13],[-30,57],[-53,-75],[2,-40],[23,-37],[26,3],[-19,-48],[22,-39],[-29,-24],[-30,-1],[-18,-34],[10,-20],[-63,-49],[8,-30],[-14,-3],[0,-37],[-37,-51],[3,-113],[-37,-88],[-26,-27],[-119,-32],[-6,-21],[-53,-28],[-17,-49],[-38,-20],[0,-32],[-19,-17],[-66,-13],[-56,23],[-36,80],[-83,68],[-38,71],[-139,45],[-45,34],[-47,-21],[-34,56],[35,95],[-54,52],[-14,70],[-19,24],[12,26],[83,5],[59,30],[24,34],[65,29],[66,-3],[59,51],[43,18],[37,83],[-20,59],[-76,105],[36,46],[50,26],[-19,38],[-75,-3],[-13,46]],[[32990,34313],[65,15],[106,-21],[67,-34],[98,-17],[36,-26],[65,5],[63,42],[111,-5],[182,-65],[148,-13],[12,-16],[-24,-24],[-58,6],[-24,-11],[-14,-34],[5,-12]],[[32463,35290],[-15,39]],[[32448,35329],[40,-20],[-25,-19]],[[32540,36776],[19,-35],[-24,-56],[-63,-25],[-24,8],[-49,-17],[-71,-1],[-1,20],[-101,26],[21,15],[70,15],[63,27],[15,-15],[22,62],[32,27],[-17,6],[59,9],[29,-27],[5,-30],[15,-9]],[[55446,55899],[71,-97],[11,-22],[-24,-6],[-110,136],[27,20],[25,-31]],[[55372,55995],[46,-62],[-26,-17],[-50,62],[30,17]],[[55551,56353],[17,-18],[-38,13],[21,5]],[[55789,56346],[-37,-34],[-21,17],[30,32],[28,-15]],[[56903,57269],[-4,-24],[-12,45],[16,-21]],[[56877,57248],[-47,-64],[36,85],[-12,36],[26,-31],[-3,-26]],[[56794,57318],[-48,-26],[-41,9],[81,27],[8,-10]],[[65697,48203],[253,-231],[13,-61],[94,-27],[-3,-16],[37,1],[-9,-30],[37,11],[8,-30],[29,10],[-8,-42],[41,20],[28,-30],[-2,-26],[40,25],[17,-17],[-14,-20],[24,4],[34,-29],[-51,-78],[79,-29],[51,-55],[3,-14],[-21,-9],[31,-70],[19,-14],[13,19],[24,-17],[-13,-67],[22,-27],[-1,-40],[67,-42],[63,-67],[-59,-42],[-82,-6],[-12,19],[-65,-50],[-57,2],[-17,-24],[-72,-17],[-14,-28],[-106,-47],[-17,20],[-37,-20],[-29,17],[-21,-8],[-5,-28],[-97,-4],[-57,-77],[3,-27],[-42,8],[-75,-14],[-19,-35],[-41,13],[-69,-37],[-83,-4],[-12,38],[-35,-43],[-40,12],[-12,22],[-43,-4],[-32,25],[-21,-7],[-45,21],[-18,-23],[-86,-10],[-139,57],[-967,-783],[4,-27],[-358,-349],[35,-22],[39,-83],[-9,-43],[-25,-22],[20,-31],[29,-5],[0,-14],[56,-3],[-11,-41],[22,-29],[94,-29],[87,-6],[64,-80],[21,-10],[19,18],[74,-22],[11,-20],[-5,-96],[51,-32],[-19,-22],[31,-48],[-4,-43],[15,-22],[5,-50],[-15,-38],[30,-31],[11,-63],[-45,-72],[-57,9],[-18,-55],[-40,-38],[33,-43],[-17,-23],[-47,-20],[29,-41],[-6,-26],[-55,-18],[-13,-26],[4,-18],[27,-6],[-27,-31],[1,-28],[109,-106],[80,-4],[24,-22],[52,30],[28,-10],[22,-55],[56,-69],[216,-164],[47,-101],[45,-34],[47,-69],[94,-94],[11,-64],[27,-27],[-106,-35],[-203,25],[-112,-29],[-25,-40],[-19,-1],[-54,-101],[-15,32],[-4,-31],[-103,15],[-19,-25],[-106,79],[-44,-15],[-1,-22],[-48,-49],[-25,-53],[-25,-14],[13,-34],[-22,7],[-33,-22],[-12,-41],[-33,-19],[3,-17],[-123,-10],[-33,-31],[-36,6],[-47,-21],[5,-60],[35,-54],[-64,-114],[-4,-81],[-121,-169],[-49,-41],[-63,-19],[-7,-61],[-32,-37],[22,-37],[59,-34],[41,-73],[43,-36],[42,15],[46,-7],[23,-62],[30,-31],[-20,-25],[12,-29],[-25,8],[-11,-58],[-46,-43],[-26,-44],[5,-22],[-32,-9],[-23,-34],[8,-46],[32,-41],[12,-103],[-35,-21],[-25,-39],[4,-48],[-20,-61],[54,-2],[56,-46],[62,-12],[66,-168],[-21,-55],[4,-56],[-68,-49],[-12,-50],[-95,-130],[-66,-225],[1,-120],[30,-62],[84,-80],[34,-56],[-63,-117],[-8,-89],[-28,-48],[3,-56],[-39,-28],[-23,-43],[2,-126],[-29,-48],[-21,-82],[27,-60],[122,-98],[67,-110],[-49,-134],[-100,-83],[-5,-67],[13,-22],[7,-113],[-48,-33],[6,-45],[-17,-19],[29,-40],[7,-42],[-21,-65],[70,-136],[-16,-25],[20,-30],[9,-71],[-3,-38],[-48,-87],[21,-187],[-49,-80],[22,-92],[107,-127],[-44,-125],[3,-75],[13,-41],[79,-79],[-15,-29],[8,-145],[-15,-107],[17,-31],[66,-51],[13,-121],[-9,-66],[53,-148],[-34,-78],[-86,-98],[-404,-278],[2,-91]],[[63303,36556],[-106,-102],[-122,-90],[8,-118],[-54,-145],[11,-33],[-112,-31],[-93,0],[-72,-45],[-21,-66],[-10,-218],[5,-44],[24,-28],[-73,-105],[-14,-11],[-56,2],[-61,33],[-100,1],[-29,-81],[-64,-68],[-46,41],[39,79],[-54,57],[-99,30],[-97,59],[-105,42],[53,77],[-87,81],[99,99],[20,4],[17,25],[-15,17],[-80,-29],[-91,25],[-20,-19],[-1,-24],[-146,117],[-56,151],[-86,-38],[-65,14],[-40,-32],[-55,36],[-39,59],[-46,33],[-216,56],[-123,125],[-42,8],[-37,64],[-52,43],[-1,99],[-13,20],[-62,33],[-49,-26],[-102,10],[-161,170],[-93,23],[-59,65],[-75,33],[-120,101],[-46,21],[-11,-13],[-46,17],[-14,-12],[-28,25],[-80,28],[3,22],[-24,11],[-26,-7],[-3,-14],[-45,17],[-64,-5],[-28,19],[-22,-20],[-8,10],[-89,-6],[-103,-45],[-65,-86],[-26,-14],[-41,6],[3,-133],[-184,-117],[-69,-14],[-97,-46],[-30,-89],[-54,-36],[-23,-35],[-3,-43],[-21,-18],[-1,-25],[-25,1],[-14,-23],[-29,4],[-61,-99],[-89,-16],[-67,-42],[-2,-49],[37,-44],[-74,3],[-81,18],[-8,13],[-17,-16],[-36,11],[-35,-29],[-21,5],[-23,-123],[-77,70],[-65,37],[-23,46],[-64,34],[10,55],[-10,37],[-44,38],[-83,39],[-78,30],[-96,-7],[-112,44],[3,20],[-50,-11],[-115,-64],[-5,56],[48,53],[-37,66],[-62,94],[-92,93],[-117,151],[-50,24],[-70,-39],[-274,-209],[-443,-377],[-178,-125],[-134,-263],[-79,62],[-84,-148],[1,-74],[-16,5],[-81,-77],[-62,1],[-31,-28],[-61,22],[-16,-31],[-127,23],[-133,-38],[-45,7],[-29,-183],[-120,-183],[-125,-69],[-175,-174],[-289,-106],[-21,-6],[-242,52],[-282,286],[-56,50],[-13,-9],[-36,25],[-3,32],[-68,71],[-44,27],[-40,-30],[-77,44],[33,26],[-103,105],[-67,26],[-48,-22],[-60,-4],[-107,76],[-33,-8],[-28,59],[-29,12],[-54,-12],[-36,-45],[0,-30],[35,-9],[8,-16],[-87,-4],[-27,-33],[-83,-24],[-69,-92],[-82,-69],[-20,6],[14,36],[-22,35],[-66,14],[-40,-22],[-51,-8],[-32,51],[-74,-32],[-5,-17],[37,-34],[80,-14],[3,-33],[-63,-66],[-69,43],[-125,-59],[-2,-32],[54,-55],[-5,-16],[-81,-1],[-19,15],[-5,56],[32,42],[-3,16],[-22,-1],[-46,-43],[-58,31],[-165,-126],[0,-22],[37,-18],[20,-34],[-30,-67],[-40,4],[-23,55],[-36,-6],[-20,-38],[-62,-42],[-15,-34],[-63,-19],[12,-44],[-22,-52],[-75,42],[-34,42],[-47,-30],[11,-48],[-46,-12],[-46,14],[-71,-6],[-77,40],[-63,-49],[-85,1],[-38,11],[-21,37],[-52,-40],[56,-136],[-37,-48],[-23,-6],[-39,63],[-116,-10],[-64,-20],[23,-53],[-48,-35],[-51,20],[16,33],[-24,78],[-65,1],[-75,66],[-64,27],[-81,1],[-103,-70],[-53,-11],[-64,11],[-178,-210],[-108,-60],[-62,-112],[-51,-6],[-57,30],[-32,0],[-5,-60],[89,-99],[107,-58],[189,-27],[0,-52],[-23,-22],[-23,-1],[-68,24],[-77,-66],[-28,35],[-93,17],[-48,37],[-14,-4],[-45,-128],[-51,-48],[7,-88],[-154,-40],[-19,-38],[94,-58],[65,-70],[-10,-54],[-72,-109],[-106,-53],[-137,33],[-35,-40],[18,-90],[-27,-6],[-35,-41],[-108,-32],[-115,23],[26,-66],[-14,-21],[-20,2],[-33,52],[-25,10],[-56,-36],[-19,-35],[0,-48],[-50,-29],[-85,-5],[-83,-47],[-72,5],[-51,35],[-44,171],[16,35],[-25,24],[-301,-112],[-15,-40],[65,-44],[-35,-107],[-51,-53],[-78,-33],[-116,59],[-15,-7],[-34,-182],[12,-101],[-11,-43],[-109,-15],[-63,38],[-44,-25],[-35,-58],[-1,-68],[-53,5],[-73,55],[-61,-10],[-95,-58],[-9,-107],[34,-136],[-52,-107],[10,-37],[30,-33],[-149,-75],[-136,67],[-76,67],[-61,-24],[-69,-96],[-40,-22],[-51,12],[-13,53],[-37,-12],[-71,10],[-118,-78],[-126,83],[-62,10],[-29,-1],[-67,-73],[-25,-5],[-57,39],[-217,72],[-34,-28],[27,-66],[-11,-20],[-78,12],[-38,56],[-35,20],[-167,1],[-140,124],[-133,73],[25,146],[64,61],[28,56],[60,46],[-49,83],[-69,41],[-82,-51],[-31,28],[-76,7],[-120,-11],[-92,-29],[-57,-111],[-18,-148],[-14,-18],[-69,-23],[-10,-25],[-12,-108],[35,-92],[37,-50],[-4,-21],[-44,-36],[-52,-3],[-101,36],[-198,-102],[-67,1],[-149,53],[-134,-36],[-109,4],[-77,180],[-72,-1],[-19,-42],[-1,-76],[-29,-50],[-16,-123],[-49,-154],[-203,-27],[-71,-30],[-27,-81],[-111,-124],[-44,9],[-14,36],[-142,47],[-84,-1],[-93,-43],[-126,42],[-7,52],[81,150],[-58,90],[-86,44],[-110,-9],[-88,83],[-88,5],[-108,-30],[-53,7],[-44,52],[-17,92],[-55,17],[-20,-7],[-21,-51],[-56,-60],[-93,-30],[-30,-37],[-104,-64],[-35,-13],[-103,1],[-102,23],[11,106],[-8,57],[-15,16],[-130,-53],[-74,32],[-67,7],[-28,84],[7,78],[-71,-25],[-59,-74],[-102,-59],[-53,-12],[-118,59],[-72,77],[-29,6],[-53,-25],[-44,2],[-75,84],[-107,47],[-93,6],[-57,-28],[-45,-56],[-102,-4],[-34,17],[-13,50],[-31,42],[-88,5],[-71,-22],[-43,-38],[-28,-61],[-81,-70],[-14,-79],[-18,-19],[-118,-56],[-121,-25],[-106,53],[-1,25],[41,25],[152,2],[44,31],[7,32],[-18,2],[-43,-29],[-297,66],[-18,-28],[-135,-58],[-58,60],[-9,64],[-40,61],[-87,32],[-28,26],[-4,77],[24,68],[-54,17],[-95,-22],[-63,105],[-36,-39],[-80,-34],[-69,-81],[-71,-41],[-100,-36],[-41,44],[-27,-7],[17,-89],[-71,-33],[-33,11],[-8,57],[-19,16],[-114,5],[-54,-30],[-21,2],[-200,157],[-184,-66],[-79,2],[-119,-18],[-65,36],[-73,-6],[-42,-18],[-60,-60],[-47,-1],[-70,33],[-63,75],[-17,50],[5,98],[-22,114],[-14,7],[-136,-117],[7,-115],[28,-29],[43,-14],[-16,-45],[-53,-63],[-92,-9],[-54,-49],[-25,5],[-36,54],[-139,-1],[-145,-25]],[[36739,32455],[-53,88],[-55,172],[-10,91],[-81,177],[-7,114],[-142,93],[-106,-22],[-65,-48],[-24,-3],[-171,26],[-88,40],[-26,39],[-1,71],[-18,17],[-139,-10],[-73,43],[-128,31],[-231,-28],[-173,3],[-46,-36],[13,-100],[-22,-58],[-62,-59],[-57,-12],[-48,20],[-30,-2],[-170,-55],[-137,-69],[-169,72],[-47,-1],[-28,49],[-80,63],[-41,73],[-42,33]],[[34182,33267],[4,7],[-90,83],[-19,32],[-4,70],[-67,71],[37,47],[149,65],[21,41],[-62,41],[-19,98],[-30,48],[-87,85],[-9,34],[20,31],[10,114],[-29,59],[-38,32],[-85,26],[14,53],[-26,-49],[-36,34],[-115,42],[-75,6],[-38,-12],[-19,5],[-19,-17],[-70,2],[-102,-53],[-22,2],[-246,109],[-134,15],[-101,-23],[-172,100],[-6,26],[45,25],[19,51],[33,32],[17,52],[-13,84],[89,117],[21,70],[-16,64],[17,221],[-30,67],[-130,99],[-85,43],[-134,-7],[-47,-36],[-25,14],[25,118],[52,49],[7,42],[30,45],[-2,47],[-35,115],[-28,23],[-21,48],[0,30],[28,-13],[-23,34],[1,61],[-27,31],[11,16],[-35,-3],[-44,57],[-28,-4],[13,43],[-17,-26],[-24,6],[1,26],[28,31],[25,-1],[16,40],[45,-4],[-26,25],[-2,26],[17,18],[-4,31],[25,24],[-15,18],[20,33],[-2,14],[27,57],[-27,-12],[-6,16],[40,36],[-17,39],[30,40],[-19,-9],[-10,25],[69,67],[53,-61],[47,26],[8,-29],[21,24],[-1,-22],[19,9],[7,-30],[22,17],[6,-12],[58,8],[0,-16],[75,36],[17,-13],[34,17],[15,-19],[27,16],[24,-6],[6,42],[54,15],[-20,46],[23,26],[30,7],[34,-15],[16,18],[18,-16],[7,17],[38,-1],[18,-16],[22,24],[13,-22],[6,22],[32,-10],[-9,19],[25,18],[15,-22],[22,10],[46,58],[27,5],[27,27],[82,-12],[55,5],[27,17],[50,-33],[76,27],[67,-37],[50,0],[75,24],[84,62],[43,14],[-17,38],[-81,14],[-1,28],[-30,7],[31,39],[86,18],[9,-19],[87,22],[26,-12],[12,19],[58,4],[13,-30],[56,32],[57,-26],[27,28],[69,-2],[38,-47],[40,45],[28,5],[7,-12],[63,-2],[21,-23],[38,9],[14,-14],[56,0],[31,10],[-8,22],[20,19],[31,5],[4,-19],[27,-3],[5,-18],[80,16],[23,26],[15,-12],[29,22],[84,9],[8,20],[42,-14],[54,31],[5,16],[26,-18],[-3,-19],[29,-3],[-6,-12],[39,3],[17,-27],[85,-34],[30,24],[-4,-18],[26,11],[20,-16],[76,11],[5,-19],[15,16],[33,-2],[16,-40],[53,22],[6,-16],[45,1],[-2,-11],[45,7],[35,-12],[36,14],[27,-5],[34,24],[24,-11],[44,-2],[21,14],[-33,34],[72,43],[2,-14],[47,12],[12,20],[57,23],[-7,22],[36,34],[28,62],[80,22],[46,-14],[88,55],[18,-8],[53,12],[57,-20],[56,5],[6,-15],[48,19],[93,-40],[35,-32],[27,4],[11,-58],[-36,-48],[9,-24],[52,-30],[8,-28],[30,-12],[41,15],[66,-18],[42,6],[1,-20],[21,3],[11,-32],[26,-20],[-4,-41],[23,-3],[-8,-18],[21,-20],[-9,-29],[43,-21],[30,12],[13,-79],[57,37],[-16,72],[68,18],[-14,-37],[64,21],[-10,-23],[54,10],[-14,-25],[77,20],[8,-13],[-16,-15],[55,-4],[20,28],[24,-16],[140,11],[32,14],[-16,-27],[29,13],[-8,-18],[150,32],[56,-8],[5,-11],[149,3],[64,38],[4,31],[55,12],[2,19],[73,30],[52,42],[91,22],[93,47],[282,197],[66,77],[7,36],[37,13],[22,35],[28,8],[37,69],[-16,12],[21,6],[-11,16],[25,22],[-1,64],[44,20],[33,95],[29,11],[32,-36],[42,15],[8,61],[-14,30],[40,-9],[84,11],[30,27],[-21,51],[103,45],[19,34],[-17,3],[22,18],[44,10],[11,22],[35,-16],[50,43],[18,-3],[6,-18],[50,21],[-16,51],[30,13],[9,20],[-20,22],[28,5],[37,34],[17,50],[-15,10],[8,31],[27,19],[-14,13],[34,40],[-16,1],[15,22],[-5,78],[-51,-12],[-37,30],[13,24],[56,6],[44,26],[0,29],[-17,6],[34,12],[20,-71],[-4,-41],[18,-21],[179,-57],[101,37],[20,-27],[58,4],[14,39],[48,29],[19,-5],[6,28],[35,-17],[70,44],[12,-28],[16,25],[44,-18],[5,16],[43,4],[0,54],[38,41],[24,-43],[-12,39],[44,61],[42,8],[-38,23],[12,20],[41,-5],[25,20],[87,17],[14,12],[69,31],[12,26],[35,-1],[133,92],[-3,24],[33,30],[21,1],[48,52],[4,21],[45,28],[-2,14],[23,15],[23,39],[139,161],[26,75],[39,28],[23,38],[136,57],[55,87],[61,13],[38,-32],[42,15],[-9,36],[28,63],[-15,2],[5,22],[30,25],[47,-8],[33,2],[35,21],[-2,14],[-26,-1],[-5,20],[17,7],[23,-15],[-14,31],[9,18],[43,32],[32,40],[41,-5],[16,11],[10,47],[39,20],[-13,30],[39,27],[15,47],[56,80],[137,79],[-4,37],[19,21],[75,41],[50,-6],[20,11],[49,82],[14,77],[88,118],[25,69],[68,41],[-19,-1],[-5,20],[27,-15],[59,23],[20,24],[31,-14],[13,51],[38,-12],[64,12],[59,18],[49,35],[33,0],[32,29],[55,-19],[34,21],[31,-24],[55,-116],[37,-10],[44,18],[39,-2],[1,-19],[-37,10],[-28,-22],[-5,-48],[49,-51],[-24,13],[-23,-33],[32,-57],[61,-53],[135,-36],[87,-2],[110,17],[89,35],[109,74],[86,85],[80,2],[4,-53],[50,-19],[168,7],[77,29],[356,209],[189,132],[14,38],[30,-1],[1,16],[23,7],[5,21],[96,46],[103,105],[39,14],[23,36],[21,19],[34,8],[20,41],[59,14],[56,-5],[169,171],[193,99],[95,108],[170,138],[13,25],[132,14],[107,151],[22,47],[-10,12],[54,-28],[-22,-19],[14,-15],[47,-8],[41,-26],[50,17],[29,-36],[-16,37],[-54,11],[33,20],[-22,11],[-17,-28],[-53,40],[-44,15],[20,5],[35,42],[17,5],[45,61],[54,18],[117,84],[82,24],[240,2],[77,29],[181,33],[154,82],[84,66],[32,46],[2,-35],[30,64],[81,34],[201,151],[113,60],[141,125],[79,21],[106,56],[162,181],[108,287],[126,119],[87,42],[123,175],[69,176],[28,120],[55,78],[17,103],[27,43],[30,30],[101,48],[120,19],[77,35],[100,78],[74,84],[84,148],[102,293],[23,1],[47,53],[50,-4],[73,54],[136,187],[73,141],[-19,11],[27,47],[7,-22],[43,52],[100,49],[20,54],[63,51],[21,44],[29,13],[7,37],[33,28],[8,44],[88,141],[-8,50],[15,32],[-18,29],[61,105],[-22,13],[4,21],[47,36],[10,73],[35,12],[-30,16],[127,138],[18,43],[94,42],[-11,7],[22,18],[0,40],[57,71],[-17,28],[59,80],[5,57],[34,86],[-1,106],[56,90],[24,76],[27,56],[16,148],[29,74],[7,152],[75,193],[73,122],[68,76],[18,74],[6,160],[41,61],[49,127],[182,239],[10,49],[62,86],[160,376],[98,133],[58,28],[53,100],[9,93],[-46,246],[-48,46],[86,-52],[52,-161],[-6,-120],[46,-40],[-38,50],[16,98],[-49,170],[-18,12],[24,31],[-11,51],[24,50],[59,58],[-25,39],[16,19],[73,0],[123,-101],[81,33],[34,-10],[39,-27],[37,-62],[18,-51],[27,-28],[66,-47],[76,-80],[46,-29],[11,7],[-102,84],[-41,47],[-51,31],[-39,71],[-46,75],[-52,28],[-26,3],[-79,-27],[-88,91],[-54,25],[-71,-18],[-5,25],[-21,-18],[6,-19],[-15,-17],[-16,-103],[-56,-75],[40,88],[-6,63],[-79,184],[72,9],[41,59],[37,10],[67,85],[0,99],[18,74],[-48,150],[24,6],[-3,87],[41,37],[38,81],[42,110],[76,68],[-31,176],[-64,142],[26,45],[-9,77],[25,20],[14,49],[-7,49],[22,23],[97,336],[49,50],[58,254],[37,79],[12,55],[20,9],[33,123],[15,16],[32,90],[39,204],[18,8],[-1,21],[26,28],[91,64],[42,110],[43,52],[-4,83],[128,101],[41,-6],[129,53],[35,99],[3,174],[-16,110],[10,7],[-21,67],[13,-16],[-7,66],[15,15],[-32,225],[11,17],[-13,39],[11,36],[-68,491],[-52,249],[-18,201],[-69,278],[3,327],[24,103],[92,127],[93,59],[25,3],[39,-167],[-6,-34],[-20,-14],[14,-62],[51,-48],[127,-72],[24,-42],[58,-9],[-29,-23],[36,7],[-10,-38],[20,3],[13,-44],[12,21],[-15,43],[26,0],[43,-371],[-12,-41],[41,-1342],[-8,604],[-1,474],[-21,389],[22,34],[-11,4],[-2,138],[34,-8],[47,2],[169,44],[47,30],[141,10],[126,-43],[58,12],[37,-9],[-31,21],[23,-5],[2,31],[11,-28],[5,16],[-39,52],[13,9],[11,-27],[7,32],[45,-38],[-29,-19],[43,6],[-13,19],[55,-15],[-12,37],[-48,27],[2,23],[148,5],[190,133],[69,88],[123,85],[42,1],[79,-57],[4,-31],[-29,-37],[-96,-13],[-32,-15],[-15,-72],[21,70],[117,23],[2,-43],[33,-30],[-29,-2],[18,-11],[21,9],[429,-527],[-231,292],[-10,20],[27,6],[123,-160],[-286,382],[-8,6],[-30,-17],[-36,48],[-9,-4],[14,44],[40,36],[-1,40],[-8,-14],[-22,28],[33,4],[44,43],[-49,-38],[-36,12],[68,108],[38,-9],[8,-13],[20,9],[33,-18],[-14,19],[-53,19],[4,18],[71,11],[17,-57],[37,-2],[-39,22],[-3,42],[14,11],[55,-14],[39,-47],[6,18],[-33,27],[27,-2],[-41,29],[181,7],[-42,-55],[24,15],[32,-8],[38,30],[28,-16],[106,64],[27,-26],[-31,8],[47,-32],[-11,29],[334,-248],[-10,11],[-354,264],[-115,-59],[-13,13],[109,57],[-117,-58],[-3,10],[191,98],[31,-2],[43,23],[16,38],[146,68],[67,77],[39,77],[10,-58],[17,-8],[88,69],[-1,3],[-85,-68],[-16,10],[-1,67],[36,17],[29,-7],[21,17],[-15,194],[14,-63],[-5,72],[28,11],[50,-6],[25,-55],[-34,-62],[30,37],[13,-6],[-4,32],[18,-7],[36,16],[51,52],[-74,-56],[-32,4],[-22,47],[59,35],[36,49],[10,44],[54,-80],[-32,57],[28,-4],[63,-30],[-69,45],[-29,-4],[-9,20],[20,29],[105,71],[16,-8],[-33,40],[16,34],[31,-38],[6,-48],[10,11],[-16,42],[-16,22],[29,-14],[-29,26],[22,1],[17,18],[11,-10],[5,32],[19,3],[22,-20],[-13,-7],[25,-27],[-40,-114],[-55,-67],[51,53],[61,84],[11,32],[9,-29],[-28,-39],[7,-23],[24,57],[4,39],[-52,64],[96,32],[15,-11],[4,-28],[-10,-9],[9,-55],[-6,-158],[8,161],[-9,51],[13,-8],[-2,-34],[17,41],[-22,2],[12,28],[-22,25],[28,5],[74,27],[-15,-25],[31,30],[90,15],[48,-13],[19,-28],[-24,-22],[8,-9],[20,34],[62,-79],[74,-64],[-8,-25],[19,-82],[-5,56],[66,-42],[66,4],[170,76],[31,41],[14,53],[25,126],[-19,62],[4,36]],[[12567,15553],[0,0]],[[19118,15891],[-21,-2],[-4,17],[20,6],[5,-21]],[[13389,15896],[0,0]],[[13081,15944],[79,-50],[40,-44],[-1,-21],[34,25],[22,-13],[-5,23],[19,9],[29,-18],[10,22],[52,8],[31,-22],[-39,-19],[15,-64],[-24,7],[-21,-31],[-28,36],[-17,-25],[-37,26],[4,-17],[-19,-20],[24,-19],[-9,-15],[-44,21],[10,-16],[-11,-38],[4,-20],[-26,-12],[47,-35],[-20,-3],[24,-12],[-33,-7],[19,-22],[-62,-33],[-26,27],[-19,0],[-23,-50],[-25,-8],[15,-23],[-49,-13],[-8,15],[-16,-23],[-34,-20],[-96,11],[-41,9],[-30,-12],[1,18],[-19,-21],[-166,-2],[-1,17],[-22,4],[31,11],[6,24],[-42,4],[-8,46],[-29,0],[34,19],[-8,18],[56,11],[12,16],[49,-11],[11,16],[35,5],[12,34],[25,6],[-25,13],[34,-4],[-5,24],[71,16],[-26,3],[-8,14],[41,6],[-31,20],[45,1],[-20,8],[20,10],[-43,-1],[4,30],[90,40],[25,-13],[43,61],[52,10],[-24,29],[38,-13],[4,15],[23,2]],[[16654,16807],[-12,6],[-1,43],[26,28],[6,21],[27,-5],[-46,-93]],[[16728,16985],[0,0]],[[12542,17122],[-81,-20],[-30,6],[65,29],[46,-15]],[[0,16770],[0,0]],[[11783,17484],[-7,-20],[-21,22],[28,-2]],[[13440,17536],[13,-24],[23,11],[7,-47],[-30,-16],[-8,-47],[-47,-15],[-53,56],[-7,-37],[-25,4],[-8,60],[27,-2],[4,24],[31,30],[-1,19],[41,10],[33,-26]],[[6238,17256],[-27,-19],[-3,19],[31,20],[-1,-20]],[[6350,17337],[19,-22],[19,9],[5,-43],[-16,-20],[-14,5],[-30,-69],[-51,-8],[-5,28],[-20,-17],[-11,27],[-28,-7],[48,80],[69,52],[15,-15]],[[12362,17914],[84,-32],[35,-9],[16,-21],[83,-44],[36,-6],[11,12],[33,-22],[119,-2],[68,-29],[-23,-19],[23,-40],[-38,-79],[37,-22],[-7,-21],[34,-15],[41,22],[25,1],[34,61],[38,-3],[30,-23],[8,-37],[44,-20],[17,-24],[45,6],[29,-28],[34,-2],[28,-19],[-8,-42],[-27,-6],[-4,33],[-14,-43],[-41,-8],[-35,58],[-4,-75],[-37,-6],[-13,-16],[-27,26],[-40,-22],[-22,62],[-9,-43],[-28,35],[-17,-1],[36,-62],[-21,11],[-27,-16],[19,-28],[-18,-25],[-36,-16],[8,29],[-49,24],[5,23],[-15,15],[43,55],[-7,34],[27,-8],[-8,55],[-42,15],[-58,-53],[1,-15],[-92,-48],[7,-12],[-66,-9],[-2,-42],[-34,-11],[-4,-43],[38,-29],[0,-35],[-67,-53],[-5,-33],[-103,-26],[-58,19],[5,15],[-23,10],[-123,-5],[-10,22],[44,42],[100,27],[39,19],[-135,6],[-66,-17],[-7,29],[-34,22],[-45,-1],[-4,-17],[-20,-1],[-47,19],[-9,23],[-18,-25],[17,-21],[-13,-13],[-17,16],[-1,52],[-103,-28],[-60,21],[-9,41],[-60,83],[43,95],[-18,-7],[-7,30],[-78,-17],[23,31],[49,12],[-23,15],[26,22],[-22,10],[-2,28],[32,-6],[10,16],[71,36],[49,-3],[31,-18],[-35,31],[37,23],[22,34],[39,14],[28,32],[62,32],[-22,-2],[90,72],[33,-12],[109,-16],[22,-24]],[[12182,18002],[-41,-2],[-5,32],[50,-17],[-4,-13]],[[25147,20036],[12,-8]],[[25147,20036],[0,0]],[[23624,20384],[-19,-4],[-19,50],[38,-46]],[[11238,22993],[-36,-19],[-5,27],[40,7],[1,-15]],[[11065,23115],[-24,-80],[-61,-59],[-41,-5],[-45,-75],[-32,-1],[-31,16],[37,52],[86,60],[-17,72],[69,-17],[-13,32],[72,5]],[[11127,23147],[-42,6],[8,58],[41,23],[21,-5],[2,-68],[-30,-14]],[[11057,23212],[-46,7],[12,31],[38,-12],[-4,-26]],[[8527,23164],[-45,-25],[-8,17],[-18,-2],[38,43],[47,-8],[-14,-25]],[[15499,23505],[16,-19],[-32,-35],[-23,5],[1,28],[-38,-18],[16,24],[60,15]],[[8944,23700],[10,-10],[36,3],[27,-34],[27,14],[6,-21],[-77,-7],[-3,16],[-31,-2],[-5,17],[-21,3],[31,21]],[[11001,24403],[60,-19],[4,-33],[28,31],[55,16],[5,33],[35,32],[26,-31],[-4,-43],[22,9],[-16,-57],[-71,-102],[-23,-7],[-4,-111],[15,-26],[-15,1],[-31,-37],[-28,-21],[13,-39],[-22,-6],[44,-6],[22,-37],[-29,-6],[-1,-13],[-23,12],[2,-23],[19,-10],[-16,-67],[21,3],[0,-22],[18,12],[5,-23],[32,-22],[-6,-17],[27,11],[10,-43],[-8,-5],[-36,29],[-18,-19],[32,-40],[-16,-27],[24,-39],[-2,-38],[-33,-43],[16,-31],[-5,-55],[-27,6],[-3,-24],[-33,7],[1,-35],[23,0],[17,-57],[58,-1],[-13,-27],[-13,8],[-21,-45],[13,-17],[-1,-26],[-15,-27],[-26,16],[-27,-6],[-21,37],[-28,-7],[-41,10],[-34,56],[-10,-38],[15,-22],[-23,-24],[-30,12],[-2,-24],[-32,-6],[3,22],[-41,-27],[47,65],[-7,56],[-19,11],[7,16],[-37,26],[14,8],[-16,18],[17,28],[-9,9],[-50,-32],[-33,-4],[-9,-19],[-61,-17],[-30,0],[-15,32],[-52,-2],[-1,45],[51,47],[-25,-8],[-13,22],[-68,-11],[43,44],[6,29],[-29,-2],[12,29],[-21,-7],[5,83],[-36,-15],[-32,15],[-5,21],[103,52],[-86,-1],[-14,18],[13,40],[19,0],[-9,20],[58,23],[36,-11],[26,38],[64,-29],[12,-14],[37,-6],[46,61],[46,4],[25,66],[6,30],[-17,44],[-80,-4],[-59,45],[-12,57],[27,55],[-6,14],[-30,-4],[12,46],[-15,16],[-34,-20],[13,27],[-13,3],[1,28],[90,8],[20,24],[-7,-33],[39,47],[24,-6],[59,24],[77,1],[-34,37],[55,45],[18,-4],[11,-38],[28,-22]],[[9292,24465],[-50,-30],[-42,-3],[-12,12],[-17,-26],[-31,-11],[-14,8],[-13,-18],[-14,12],[-19,-28],[-25,31],[47,13],[12,-8],[20,40],[23,-8],[89,54],[13,22],[12,-7],[21,-53]],[[9523,24605],[-6,-32],[-27,3],[-26,-45],[-21,8],[-6,-23],[-25,-10],[-12,17],[9,27],[22,5],[34,40],[17,-9],[41,19]],[[9194,25522],[4,-47],[-25,3],[-12,-23],[-18,6],[-8,-38],[-39,2],[-4,32],[20,-6],[-2,35],[48,10],[5,27],[31,-1]],[[9446,25670],[-20,-53],[-15,24],[-1,-28],[-34,15],[4,-21],[-22,15],[7,-28],[-23,-39],[-23,-3],[-18,-21],[-15,7],[-39,-31],[-22,10],[-8,24],[31,-1],[34,37],[-7,34],[32,-5],[-5,25],[59,3],[18,23],[28,-10],[23,27],[16,-4]],[[33828,34103],[0,0]],[[33874,34113],[0,0]],[[32463,35290],[-49,-30],[-1,-14],[-26,-3],[-30,74],[14,-60],[35,-57],[36,-39],[133,-81],[9,-35],[99,-72],[29,-47],[8,-78],[-47,-159],[35,-143],[-28,-68],[18,-51],[55,-35],[45,-62],[48,-26],[144,9]],[[33838,34053],[45,-1],[21,14]],[[33910,34063],[22,-9]],[[33971,34051],[24,-96],[99,-98],[25,-48],[10,-68],[16,-16]],[[34149,33722],[41,-40],[-29,-36],[-142,-64],[-32,-65],[59,-59],[19,-90],[36,-59],[81,-42]],[[36739,32455],[46,-64],[11,-5],[14,31],[31,-22],[-16,-21],[24,-29],[44,2],[28,-15],[2,-29],[43,-37],[11,-36],[44,-50],[-25,-37],[15,-39],[21,-9],[-6,-31],[19,6],[12,-18],[-24,-94],[16,-34],[33,3],[14,-28],[-7,-11],[-23,10],[-28,-10],[-15,-28],[3,-49],[12,-13],[28,10],[16,-11],[-9,-47],[21,-77],[-10,-48],[18,-26],[-7,-26],[32,-185],[51,-25],[37,-52],[-17,-13],[-22,23],[-14,-4],[19,-59],[33,4],[-6,-33],[51,-2],[24,-33],[22,7],[22,-23],[15,30],[35,-32],[14,26],[86,-18],[66,12],[184,-204],[107,-70],[49,12],[73,-55],[28,-44],[-15,-41],[37,-54],[2,-74],[38,-100],[156,-125],[11,-86],[-13,-21],[60,-107],[51,-141],[168,-75],[37,10],[19,-28],[80,-26],[29,18],[69,-40],[42,-5],[19,13],[113,4],[32,14],[140,-104],[86,-83],[4,-71],[-18,-32],[11,-3],[-29,-84],[-3,-61],[48,-132],[6,-84],[-19,-52],[12,-58],[37,-51],[-45,-79],[-34,-134],[9,-173],[-87,-106],[-80,-135],[-18,-73]],[[38939,28456],[-148,1],[-506,-133],[-206,-37],[-446,-166],[-83,93],[-178,19],[-30,-8],[-84,-125],[-71,-16],[-60,-42],[-121,-42],[-32,-62],[1,-63],[-56,13],[-53,-7],[-135,-123],[-112,-266],[-112,-214],[-124,-126],[-80,-47],[-102,-25],[-56,-51],[-135,3],[-89,18],[-59,-29],[-53,2],[-195,154],[-48,77],[-48,140],[-21,11],[-36,66],[-54,-5],[-218,-143],[-35,-61],[5,-85],[-45,-26],[-14,-40],[-92,-51],[-26,-34],[-128,-47],[-78,-48],[-8,-22],[-43,-16],[-62,-4],[-37,-25],[-53,18],[-53,-1],[4,-12],[-55,-59],[28,-8],[-36,-88],[34,-63],[-27,-6],[-4,-35],[-26,-10],[3,-49],[-111,-58],[-104,-110],[-19,22],[-43,-8],[-121,75],[-147,8],[-63,56],[-117,35],[-68,58],[-29,9],[-2,20],[-44,32],[-166,95],[-162,126],[-88,223],[-83,-82],[-2,-40],[-28,-57],[-56,-61],[-11,-34],[-118,-45],[-127,-94],[-36,-7],[-24,-30],[-74,-21],[-34,-30],[-65,-4],[-43,-24],[-25,10],[-42,-6],[-34,20],[-25,-20],[-50,16],[-38,-7],[-50,-38],[-30,-3],[-18,-24],[-15,3],[-34,-33],[-41,2],[1,-30],[-46,12],[-21,-20],[-56,-13],[-11,-62],[-24,-36],[-108,-77],[-140,-53],[-147,-163],[71,-28],[89,-134],[13,-54],[-30,-424],[-239,-44],[-32,-20],[-46,-108],[76,-104],[56,17],[63,-83],[69,-23],[-20,-38],[-17,4],[-47,-131],[50,-8],[4,11],[89,2],[71,20],[10,-16],[58,18],[11,-18],[58,30],[12,-12],[6,-39],[-19,-78],[27,-77],[9,-107],[45,-87],[51,-55],[25,-2],[49,-41],[12,-24],[12,-179],[33,-55],[6,-49],[-25,-92],[15,-52],[-11,-22],[16,-17],[-15,-33],[48,-65],[38,-17],[15,-24],[-6,-42],[-17,-5],[-17,-43],[42,-85],[-14,-33],[93,-97],[-19,-27],[5,-34],[-15,-8],[1,-57],[-75,8],[-150,-120],[55,-62],[-4,-113],[-114,40],[-26,-16],[-67,-131],[-70,-75],[-1,-99],[114,-41],[-6,-27],[27,-51],[-14,-35],[1,-75],[21,-71],[143,6],[185,-19],[83,28],[82,-9],[70,25],[14,-15],[87,6],[36,-70],[30,-20],[-128,26],[-13,-10],[-54,-93],[-9,-125],[-40,-17],[-8,-35],[-85,-33],[-61,-79],[-62,-45],[-43,-10],[-170,16],[-112,-10],[-63,25],[-83,7],[-213,112],[-94,14],[-178,-27],[-130,-46],[-118,-76],[-297,-138],[14,31],[-21,23],[-36,204],[46,223],[-55,50],[-142,-4],[-82,-30],[-14,-22],[-172,-19],[-72,-54],[-58,-81],[-208,3],[-70,-33],[-307,14],[-62,11],[-25,22],[-90,24],[-3,9],[95,37],[9,16],[-43,72],[-33,171],[-56,50],[-91,31],[-23,101],[-44,-8],[2,38],[-39,12],[-18,52],[-29,-11],[-33,38],[-37,-10],[-22,10],[-11,-23],[-23,11],[-10,-29],[-30,-3],[-36,-33],[-1,-21],[-55,-28],[-103,7],[-30,18],[-46,-10],[-51,30],[-50,-28],[-59,-8],[-16,18],[-6,-22],[-80,-1],[-25,-26],[-42,-7],[-64,13],[-67,-30],[-60,14],[-19,20],[-30,-6],[-51,21],[-65,-105],[-41,-30],[-38,-136],[-47,-35],[-12,-42],[-30,-4],[-36,-36],[-3,-23],[-61,-41],[-12,-26],[-12,-80],[-17,-20],[7,-31],[-16,-38],[-2,-153],[-27,-176],[2,-85],[54,-102],[60,-50],[11,-31],[21,-118],[-35,-51],[7,-66],[105,-13],[61,-72],[-62,-64],[10,-13],[-11,-59],[12,-79],[42,-55],[-24,-10],[-261,50],[-109,2],[-198,-78],[-66,-10],[-37,62],[13,46],[-6,72],[-32,38],[-63,30],[-53,-51],[17,65],[-27,14],[-3,20],[-179,62],[-6,17],[-30,-17],[-55,1],[-143,37],[-89,7],[-397,-19],[-169,35],[-147,57],[-33,-2],[-101,-62],[-35,-29],[11,-12],[-54,-24],[-113,-19],[-106,-71],[-11,-69],[57,-101],[-103,-84],[-14,-31],[16,-27],[94,-18],[209,-189],[171,-33],[157,-2],[18,-75],[48,-45],[-22,3],[-7,-95],[-41,-24],[-202,-9],[-8,-12],[-108,59],[-124,22],[-100,38],[-222,-26],[55,-64],[-18,-58],[46,6],[15,-70],[-47,-51],[37,-48],[-90,-24],[-28,-29],[11,-19],[-26,8],[-9,-11]],[[25161,20060],[-12,-15]],[[25149,20045],[-4,-8]],[[25145,20037],[53,-35],[-16,-62],[9,-57],[-62,-42],[49,-163],[-27,-39],[14,-70],[-34,-57],[12,-58],[40,-47],[6,-71],[-72,-18],[-67,8],[-102,42],[-230,39],[-27,-24],[-154,-47],[-24,-40],[-99,-59],[-12,5],[-165,-194],[-76,-23],[-61,24],[-16,14],[-55,125],[8,8],[-17,36],[14,192],[20,97],[13,17],[216,138],[49,57],[13,78],[-18,48],[-82,67],[51,-16],[-43,29],[-2,21],[-23,-21],[-28,5],[-15,27],[21,21],[-1,18],[-36,-35],[-29,8],[20,-32],[-53,8],[-30,47],[23,11],[-5,23],[13,23],[-15,14],[-10,-45],[-24,-6],[-38,32],[-190,50],[5,22],[-22,-12],[-59,65],[-84,196],[-86,75],[-75,6],[-47,75],[-48,36],[-47,-9],[-67,32],[-32,101],[-20,-4],[41,-102],[69,-40],[70,-1],[69,-94],[-27,-48],[20,-29],[-26,5],[-96,-26],[137,19],[-26,31],[20,36],[81,-2],[4,-34],[15,-28],[-41,-28],[51,0],[-21,12],[16,15],[43,-17],[35,-75],[10,-38],[-22,-11],[-12,17],[-19,-2],[10,-38],[4,26],[38,0],[14,-61],[18,-48],[49,-38],[86,-48],[-9,-19],[-30,-8],[-73,31],[64,-32],[41,8],[26,15],[43,-15],[-16,-14],[-12,-35],[-37,2],[63,-14],[-20,11],[9,30],[37,18],[40,-30],[-17,-11],[11,-27],[7,23],[78,-66],[147,-44],[-13,-9],[34,-38],[23,9],[22,-26],[-10,-27],[-44,-21],[-19,-18],[-99,-44],[-14,-24],[-22,-4],[-54,-57],[-37,-22],[-32,-77],[-52,-17],[31,-2],[10,-21],[23,-8],[-31,-46],[2,-48],[-28,-69],[18,-99],[-14,-3],[-20,-50],[-43,-8],[57,0],[31,-18],[9,12],[2,-35],[40,8],[-22,-13],[38,-2],[10,-25],[-32,-5],[36,-47],[122,-69],[84,-2],[110,53],[13,39],[32,16],[18,-6],[42,15],[333,161],[63,15],[126,1],[29,18],[19,-37],[122,-50],[84,-82],[127,-59],[83,-78],[54,-144],[-15,-19],[-96,-38],[-130,-10],[-74,108],[-62,40],[-97,-4],[13,-16],[-20,-13],[10,-18],[-52,22],[13,-22],[-19,-54],[23,22],[126,10],[82,-56],[33,-47],[65,-29],[13,-40],[36,-31],[41,-86],[81,-109],[-4,-79],[53,-228],[-27,-69],[-28,-23],[-43,-8],[-42,11],[-71,89],[17,-30],[-12,-82],[-75,-7],[-139,25],[71,-39],[44,-57],[112,1],[40,-23],[8,-28],[-50,-93],[39,-12],[46,-47],[68,-129],[148,-90],[153,-65],[83,-60],[57,-73],[-2,-41],[-40,-53],[2,-45],[-37,-74],[53,-99],[-51,-122],[-83,-144],[-134,3],[105,-35],[8,-20],[-26,-69],[18,-169],[-67,-121],[-32,-14],[-41,3],[-55,44],[-77,12],[-15,28],[-7,-37],[15,-13],[-84,27],[-171,-42],[1,-13],[-38,-13],[-28,-30],[-39,1],[16,-17],[-47,-25],[-117,-140],[-131,-56],[-8,17],[-60,28],[-8,-22],[71,-27],[-6,-9],[-78,34],[15,30],[-74,15],[-57,77],[-61,39],[-200,34],[-123,-22],[-54,-36],[-62,10],[18,14],[-11,12],[26,36],[-28,125],[39,56],[-86,154],[16,34],[-25,1],[-40,-14],[17,-58],[61,-107],[-18,-120],[9,-57],[-22,-67],[-1,-173],[-116,-43],[-69,22],[-170,91],[-73,41],[-44,-27],[39,-21],[-74,15],[-210,-71],[-116,10],[-61,-28],[-9,-18],[-27,-3],[-11,-50],[-107,-57],[-63,-59],[-90,-37],[-109,-13],[-70,-36],[-41,2],[-38,20],[-91,-2],[-33,11],[-70,12],[-128,30],[-129,16],[-149,57],[-99,15],[-151,86],[-30,-3],[-11,-17],[-10,28],[-41,35],[-119,59],[-54,53],[-10,22],[40,25],[2,41],[37,56],[29,109],[-13,36],[26,58],[28,-13],[95,128],[-38,-13],[-15,10],[-3,-36],[-63,-73],[-79,-25],[-31,1],[24,-83],[-72,-179],[26,-23],[-12,-21],[-17,7],[-12,-14],[-109,73],[-121,0],[-152,84],[-112,-81],[-36,12],[14,-23],[-106,-78],[-69,-4],[-50,30],[-129,13],[-70,-52],[-93,-6],[-76,13],[-24,18],[2,71],[-116,33],[-47,-10],[-27,-21],[5,-59],[-17,-34],[-63,20],[-50,-17],[-21,12],[-97,2],[-51,-52],[-25,9],[-18,-19],[-62,-15],[-44,11],[-69,45],[-23,0],[-10,-22],[-52,-7],[-15,-18],[-56,7],[-74,-15],[-43,19],[-7,29],[-23,14],[-25,-2],[9,21],[-14,3],[18,20],[-14,12],[5,41],[-10,18],[43,25],[17,61],[-29,29],[-34,7],[-14,72],[-51,0],[-34,33],[-39,8],[-1,35],[-68,37],[-21,36],[-5,75],[-14,-1],[25,50],[-7,30],[16,47],[-29,4],[-38,35],[-50,29],[-33,2],[-16,-14],[-36,31],[-94,9],[-52,25],[29,85],[-21,62],[7,50],[41,54],[47,23],[-54,145],[223,113],[51,100],[78,72],[51,3],[-35,14],[-13,32],[-20,9],[3,45],[-13,-8],[-5,-82],[-56,-37],[-47,-62],[-16,-3],[-27,33],[8,-52],[-102,-63],[-61,2],[-36,55],[-36,16],[31,-54],[-31,-124],[28,-71],[-25,-29],[-41,-14],[21,-11],[-51,-82],[33,-137],[-32,11],[-10,-41],[21,-45],[-4,-37],[35,-57],[27,-11],[19,-54],[-23,-28],[-46,-12],[-20,-30],[1,-45],[52,-56],[-36,-18],[-4,-48],[-18,9],[-2,25],[-34,-17],[-45,46],[-21,-11],[-38,-2],[4,-36],[-19,7],[-23,-32],[8,-16],[-25,-10],[20,-31],[-32,-10],[-27,10],[-32,-20],[-6,-48],[19,-42],[41,-20],[-68,-56],[0,12],[-50,-2],[-32,26],[9,45],[-16,1],[-15,31],[10,34],[-11,45],[-33,43],[-19,1],[-21,-22],[-37,78],[-72,50],[-19,-20],[-16,14],[-14,-25],[-25,-6],[-35,27],[-36,-47],[-15,3],[-13,35],[-47,-6],[-30,-30],[-2,-53],[-36,14],[-46,-5],[-13,-50],[31,-57],[-6,-18],[-26,18],[-22,-24],[-19,14],[-25,-10],[-56,9],[-18,15],[-29,-7],[-103,41],[-15,-19],[-31,12],[-14,41],[-30,-62],[-41,-12],[-47,7],[-14,-33],[-22,8],[-14,-13],[-90,-3],[-121,19],[-56,86],[-14,56],[-57,67],[-37,24],[-95,11],[-97,77],[7,10],[21,-19],[8,41],[90,180],[3,28],[-22,76],[-29,50],[21,26],[-28,-6],[-15,-27],[39,-50],[6,-44],[15,-17],[-3,-39],[-46,-19],[19,72],[-30,-67],[12,42],[-3,48],[-57,78],[38,-62],[15,-36],[1,-37],[-15,-16],[-32,-60],[31,37],[8,-16],[-22,-20],[-14,-30],[-14,-1],[20,-23],[-11,-37],[-26,-47],[-33,-7],[-45,-36],[-113,-186],[11,-25],[73,-49],[12,-44],[47,-54],[46,-23],[-26,-69],[1,-137],[55,-21],[44,0],[102,-76],[108,-33],[49,-7],[34,14],[70,-15],[35,6],[22,-14],[7,11],[56,-38],[39,-7],[5,-34],[-16,-15],[-18,12],[-59,-1],[-32,8],[-28,18],[-26,-31],[-103,-22],[44,-51],[-12,-32],[-24,-8],[17,-39],[-9,-34],[86,-40],[71,-70],[-71,-26],[16,-11],[-33,-53],[-147,-51],[-27,-42],[25,-35],[80,-47],[-9,0],[23,-57],[-19,-37],[20,-16],[-24,-30],[-42,13],[-21,-13],[-18,7],[-68,-32],[-68,22],[-19,-16],[-68,20],[-32,-9],[2,12],[-50,11],[-17,-32],[-37,7],[-7,-65],[-35,-74],[52,-21],[-8,-13],[20,-5],[-24,-52],[37,-15],[-18,-25],[13,-4],[-22,-28],[-23,3],[-38,-22],[-68,-3],[-5,-25],[-30,3],[16,13],[-21,14],[3,18],[-39,41],[23,22],[-38,27],[25,34],[-14,8],[-23,-15],[-46,5],[7,12],[-55,9],[10,12],[-43,15],[7,7],[-42,37],[-20,3],[27,13],[-18,7],[39,30],[-17,22],[14,96],[-36,10],[-55,-10],[-82,34],[-32,0],[44,85],[-12,32],[31,21],[5,56],[-45,38],[-27,-22],[-17,35],[30,26],[-17,26],[34,14],[-20,26],[16,27],[-28,1],[15,23],[-29,-2],[8,37],[-34,3],[-1,31],[-41,-10],[-14,10],[29,6],[1,19],[66,39],[2,20],[25,23],[-1,39],[36,53],[-28,13],[4,19],[44,41],[-5,28],[-89,25],[25,24],[-8,12],[35,15],[17,31],[-17,53],[-43,21],[-73,-8],[-51,31],[-24,-6],[-32,18],[-67,-10],[-4,26],[-62,30],[-121,-6],[-19,33],[-49,11],[9,96],[49,36],[36,57],[-12,39],[-4,45],[-98,77],[-32,59],[-59,31],[-17,27],[-60,19],[-95,59],[-48,7],[-47,28],[-85,-8],[-50,7],[-27,-13],[-17,25],[-70,13],[-85,-43],[-67,-73],[-25,12],[14,33],[-9,21],[-48,36],[-48,3],[16,25],[-51,-21],[12,49],[-60,16],[7,19],[-16,3],[-40,-26],[5,18],[-57,-2],[-28,33],[-19,-22],[-53,-14],[50,23],[-19,22],[4,17],[-96,43],[-33,61],[-77,-9],[-22,27],[5,20],[29,17],[6,34],[-25,3],[17,11],[-10,15],[-50,-14],[52,48],[-7,22],[-43,21],[-24,-24],[-20,21],[-76,-40],[-9,9],[13,25],[-10,19],[-55,-2],[-12,7],[-56,-9],[21,15],[-8,10],[14,27],[-23,28],[67,7],[-36,29],[34,9],[8,25],[-44,2],[7,15],[-37,23],[1,25],[-23,5],[6,44],[41,21],[37,-69],[23,26],[46,-25],[14,18],[87,7],[15,-21],[9,-66],[17,-13],[27,5],[17,28],[-6,31],[35,-6],[26,20],[26,-19],[-2,-21],[52,-13],[-1,34],[24,19],[34,-60],[13,6],[-1,37],[25,9],[17,-12],[8,19],[10,-35],[34,-12],[36,52],[39,-17],[17,9],[20,-24],[-1,27],[54,-18],[103,15],[160,-42],[3,-31],[18,5],[55,-19],[37,-33],[3,-27],[37,4],[70,-4],[31,-30],[112,-1],[25,30],[23,-8],[19,11],[5,81],[42,16],[38,63],[33,12],[6,51],[16,13],[-14,19],[4,66],[-14,54],[58,27],[-41,6],[26,5],[12,28],[-13,9],[26,39],[-14,15],[18,5],[-18,29],[35,1],[-25,63],[20,28],[-32,36],[40,6],[-34,17],[21,31],[36,8],[-16,29],[10,23],[-18,24],[-14,-9],[-59,84],[24,-4],[34,32],[-16,21],[17,8],[-18,25],[3,22],[15,0],[-6,35],[25,-5],[6,-35],[32,15],[32,-27],[17,4],[14,-24],[41,29],[-4,10],[41,12],[15,65],[27,12],[22,-23],[-1,26],[14,-13],[32,5],[34,-49],[6,37],[15,-24],[12,10],[3,-29],[31,-25],[22,13],[57,-4],[58,-74],[15,0],[21,32],[-15,34],[54,57],[-15,16],[29,1],[-6,18],[23,-3],[3,21],[27,-1],[-26,47],[4,19],[24,8],[-2,33],[42,-11],[53,39],[42,-3],[20,20],[-4,55],[-18,1],[14,22],[-12,11],[19,12],[3,32],[37,-8],[8,24],[44,4],[-21,35],[9,39],[15,4],[13,-24],[12,35],[8,-11],[30,5],[3,20],[34,-8],[38,18],[0,61],[47,1],[2,16],[33,-14],[29,21],[37,-32],[13,46],[-16,34],[19,9],[31,-11],[-23,39],[49,-2],[-7,30],[14,19],[57,-8],[35,10],[-2,14],[-41,15],[52,30],[0,20],[49,3],[7,-17],[32,2],[3,-26],[29,-13],[38,9],[30,24],[85,-1],[13,-14],[55,12],[8,35],[34,9],[58,-16],[65,-47],[86,6],[24,-23],[24,0],[35,-33],[4,18],[23,2],[42,41],[2,25],[20,48],[39,19],[147,-78],[17,-81],[35,-28],[82,-22],[40,8],[110,-17],[22,15],[21,-28],[12,10],[70,-23],[88,9],[17,41],[-26,31],[90,33],[19,75],[91,48],[13,35],[24,0],[8,32],[-16,15],[32,-9],[29,-36],[30,13],[-25,57],[9,16],[59,22],[13,53],[-6,24],[-53,22],[56,9],[-8,19],[91,19],[49,229],[-8,17],[-45,18],[-6,55],[-35,24],[25,15],[6,22],[-51,41],[31,-4],[6,62],[-34,40],[20,2],[17,36],[-32,107],[20,54],[-79,75],[40,6],[0,46],[-26,3],[11,33],[24,-11],[20,25],[-2,23],[-42,8],[-21,31],[14,37],[20,-10],[37,33],[-1,36],[-29,33],[29,51],[-20,-1],[1,34],[59,47],[12,37],[-31,90],[-38,4],[32,39],[8,-5],[-18,82],[59,36],[-19,14],[7,45],[-25,79],[-62,55],[-10,33],[10,35],[-40,15],[-14,30],[26,10],[0,12],[-23,41],[-5,60],[-38,31],[-30,-3],[-44,43],[0,42],[24,27],[-12,16],[82,52],[22,51],[-67,27],[-55,-62],[6,-10],[-43,0],[6,26],[-13,29],[-44,0],[-28,51],[21,26],[-18,19],[16,14],[-7,21],[-86,14],[52,72],[-1,50],[57,71],[-20,67],[24,82],[-13,132],[-60,168],[-26,19],[15,13],[-24,48],[-2,66],[-385,718],[-19,20],[-56,-8],[-33,42],[-21,6],[27,44],[-30,-6],[-19,31],[14,25],[-44,49],[-45,-4],[-42,19],[-37,6],[8,34],[-55,6],[-11,13],[-48,-18],[-1,-28],[-41,-41],[-106,-13],[-2,18],[-73,-12],[-14,15],[-42,-1],[-21,-16],[-5,41],[-68,-32],[-16,-36],[-33,10],[-25,-7],[7,16],[-38,-28],[-21,17],[2,36],[-23,-11],[-23,41],[-18,3],[-34,-45],[7,-65],[-11,-11],[-21,57],[-25,4],[23,32],[-32,-10],[-6,22],[-52,-18],[14,44],[-67,-8],[-9,21],[-30,8],[7,37],[-48,18],[-41,-34],[-10,3],[-66,-33],[-9,14],[-18,-12],[-18,10],[-10,-14],[-75,-9],[-16,-28],[-12,39],[-16,3],[-27,-35],[-9,27],[-29,6],[-18,-46],[-25,20],[1,-39],[-18,-32],[-41,-14],[-9,13],[-39,-30],[21,83],[53,52],[43,21],[-13,62],[-59,1],[44,25],[6,18],[-26,39],[-77,38],[-81,-22],[-23,16],[17,17],[-32,6],[8,-13],[-25,-18],[-28,28],[-8,-20],[-30,-5],[-3,23],[-66,-15],[-5,-12],[-40,-2],[2,15],[-35,-27],[-73,-12],[4,34],[25,26],[45,7],[-2,21],[-22,23],[-66,-11],[-22,73],[59,15],[75,64],[58,22],[28,33],[-8,18],[-96,-28],[-52,-57],[-116,-35],[-16,-99],[39,-37],[-20,-36],[-36,-28],[-40,17],[-10,14],[-25,0],[-29,28],[-44,-9],[-31,24],[-15,-16],[-33,20],[-44,-30],[-10,18],[-19,-5],[-9,-47],[-59,-17],[-5,29],[-31,-20],[1,38],[-18,-5],[-12,-32],[-35,-1],[47,51],[8,46],[-68,9],[28,7],[-48,14],[24,21],[-56,4],[-14,70],[-69,-35],[20,46],[-22,-15],[-7,16],[-26,-13],[-17,9],[36,33],[-9,30],[-64,-41],[-33,4],[-10,41],[-10,-39],[-41,10],[-53,-16],[-53,8],[8,29],[-30,-22],[-48,-7],[-6,19],[-35,-10],[-16,13],[-35,-18],[-17,23],[-16,-22],[-20,7],[-71,-50],[-87,-9],[-59,-41],[-73,-9],[-32,38],[21,16],[-48,-2],[-33,26],[0,-11],[-34,2],[9,13],[-23,8],[-2,29],[-22,14],[-29,-27],[-9,-33],[-51,-27],[-11,-38],[-21,-8],[1,-33],[-40,-17],[13,-8],[-1,-29],[-43,-5],[-13,-17],[-14,29],[28,23],[-57,30],[13,84],[-14,12],[17,17],[-39,18],[-78,-32],[-8,-21],[-22,-5],[-48,-48],[15,-5],[-27,-47],[-52,-36],[-25,-3],[-3,23],[-28,7],[5,39],[-26,-9],[-14,15],[23,33],[-24,-11],[-6,23],[-20,-10],[-21,17],[-7,-13],[-32,31],[-5,-22],[-29,14],[-49,-27],[-32,1],[11,-29],[-7,-13],[-39,15],[-6,-16],[-13,20],[-31,-71],[-68,-37],[-14,-22],[-24,21],[6,39],[-20,-4],[-5,41],[-7,-17],[-28,-3],[-9,-34],[-25,-5],[7,-28],[-36,-37],[-38,28],[-18,4],[-25,72],[-44,30],[35,-40],[13,-78],[27,-24],[-3,-43],[-35,-14],[-14,-37],[-29,7],[-5,21],[-13,-31],[-56,-14],[-11,31],[-8,-17],[-18,4],[-26,-21],[-23,8],[-19,-36],[-27,-8],[-41,1],[-24,-15],[-12,8],[-24,-54],[3,-16],[-30,-7],[14,-17],[-52,-14],[-31,18],[1,-12],[-55,-30],[13,-1],[-11,-28],[-16,6],[7,26],[-19,8],[5,22],[-16,5],[8,52],[53,81],[-19,18],[-20,-8],[1,40],[-36,9],[-52,-76],[-78,-39],[-14,13],[-30,-6],[-8,36],[-45,-33],[-39,6],[-12,-28],[-14,2],[-1,-70],[-53,-16],[-21,-71],[-31,-1],[-7,40],[-90,-58],[-34,8],[-17,25],[-29,-51],[-33,28],[-3,52],[-50,-8],[-15,23],[-15,-12],[-2,23],[-21,8],[-7,-18],[-12,109],[15,71],[31,41],[62,15],[25,-36],[17,2],[21,38],[-10,25],[28,46],[-11,19],[24,41],[35,20],[16,-19],[14,12],[13,-13],[45,24],[27,49],[-4,36],[29,67],[-17,19],[11,69],[53,10],[-15,83],[19,34],[-16,17],[-40,6],[22,32],[-16,-3],[-4,21],[-19,6],[-55,-23],[-17,59],[-28,-18],[11,46],[-16,11],[-50,3],[-13,30],[35,20],[-12,13],[-34,-6],[-8,57],[-37,27],[26,14],[-5,36],[-27,-3],[26,35],[55,23],[16,37],[27,4],[28,29],[23,-10],[14,33],[23,-7],[37,22],[45,-68],[17,9],[24,-25],[57,3],[39,47],[16,58],[25,17],[-9,8],[21,40],[25,18],[47,0],[28,62],[25,13],[-1,24],[68,57],[10,84],[-18,139],[-59,30],[-44,-24],[-17,7],[92,31],[6,16],[-14,23],[-36,6],[-8,39],[-20,9],[-64,-8],[16,15],[-14,11],[-23,-16],[-29,7],[-56,-14],[-26,10],[46,71],[7,68],[-13,10],[-50,5],[-57,-45],[-112,-6],[-4,-7],[-77,-15],[-45,-22],[-12,25],[17,12],[25,-8],[-18,24],[42,39],[28,11],[29,-7],[-13,58],[23,5],[5,16],[25,-4],[-1,21],[23,-31],[-2,50],[62,41],[5,13],[53,47],[35,-6],[-3,21],[23,2],[13,17],[31,-3],[17,-41],[9,32],[24,-9],[43,47],[22,-4],[-5,16],[42,0],[-29,24],[42,14],[15,41],[45,-18],[9,27],[34,-22],[12,11],[-23,21],[8,8],[46,-23],[11,17],[-24,23],[46,-16],[-13,30],[25,-2],[1,17],[25,-6],[-21,26],[23,-5],[-1,21],[38,-27],[-13,27],[35,-4],[-4,30],[48,8],[31,-22],[20,12],[24,-8],[-23,-70],[11,-14],[-8,-63],[33,12],[44,35],[30,10],[18,22],[14,-33],[78,53],[43,-6],[21,-42],[29,2],[15,-31],[27,12],[25,-10],[19,68],[31,-30],[56,10],[-17,15],[4,58],[19,-1],[27,-18],[18,14],[26,-1],[17,15],[9,-17],[42,15],[37,-12],[37,20],[-2,34],[21,-1],[1,-16],[63,14],[10,36],[30,-17],[4,33],[50,-11],[16,-43],[5,21],[89,30],[108,62],[1,32],[-48,73],[39,-9],[22,28],[43,4],[18,43],[16,1],[2,25],[23,15],[115,4],[9,17],[68,-21],[12,38],[-16,9],[69,24],[-25,22],[47,9],[30,29],[35,-2],[-3,16],[20,8],[-18,19],[32,20],[-1,21],[48,27],[-20,28],[-54,15],[47,-1],[76,23],[3,61],[-33,20],[48,-16],[10,34],[27,11],[46,-26],[30,18],[8,16],[35,31],[74,-6],[36,-44],[57,40],[-3,-40],[32,-21],[5,24],[48,5],[-24,9],[18,24],[-23,7],[29,28],[91,20],[22,-28],[10,29],[30,-7],[25,22],[14,-18],[19,25],[31,-21],[66,27],[16,-12],[55,10],[20,-13],[28,29],[-13,25],[48,7],[34,34],[33,13],[16,44],[-2,46],[-22,48],[-44,-4],[-23,22],[3,35],[-23,-8],[-13,-26],[-27,23],[-79,-9],[0,36],[56,-4],[13,-16],[21,22],[41,4],[4,16],[38,-10],[15,9],[11,38],[37,16],[33,0],[38,10],[9,-25],[9,21],[47,28],[114,46],[2,56],[-25,1],[1,25],[-42,21],[-13,50],[-107,-5],[-6,17],[86,20],[99,-2],[67,33],[2,18],[-81,10],[17,19],[-36,1],[-4,15],[-25,-11],[13,19],[73,11],[32,-16],[9,9],[34,-7],[9,36],[16,7],[48,-10],[-28,37],[4,19],[-77,6],[-2,47],[52,-33],[-6,24],[45,-15],[-4,33],[61,-27],[-15,22],[14,4],[29,-30],[11,25],[66,-33],[17,-23],[23,13],[-13,6],[26,21],[40,16],[8,-7],[-23,-45],[46,36],[7,-26],[-21,-13],[0,-17],[38,16],[10,-13],[23,3],[39,-53],[17,13],[-36,51],[-3,49],[44,-21],[-5,16],[25,14],[-5,13],[35,-13],[45,15],[19,-19],[26,17],[54,16],[36,-15],[-39,-53],[45,13],[-25,-30],[20,2],[11,-31],[54,9],[32,27],[36,8],[35,-5],[-19,-27],[28,15],[47,-38],[29,12],[8,-25],[31,-22],[16,10],[30,-9],[41,20],[-8,-12],[29,-2],[38,27],[79,-41],[50,5],[8,14],[-16,14],[58,14],[26,-28],[33,1],[30,43],[-18,46],[-61,21],[-11,35],[25,39],[-35,17],[-1,17],[27,13],[31,-18],[6,17],[83,6],[16,15],[17,-20],[23,14],[45,-24],[8,24],[24,-2],[-6,23],[-27,35],[-45,-2],[2,11],[64,27],[59,-7],[42,15],[63,29],[2,34],[-22,-6],[-45,24],[17,16],[53,31],[-28,-1],[21,19],[40,5],[3,38],[-45,24],[7,22],[-33,-11],[20,17],[-26,11],[-21,-23],[-35,-2],[-19,10],[-2,22],[-24,-11],[-29,2],[41,41],[43,12],[-7,-12],[32,-18],[63,33],[-1,37],[11,-8],[46,10],[45,-19],[84,68],[32,-6],[1,-31],[59,-22],[21,11],[32,-31],[15,-25],[35,16],[32,-12],[7,-34],[100,-49],[20,21],[-48,42],[28,37],[23,-12],[21,25],[35,-3],[17,24],[18,-17],[-8,-42],[47,-17],[-10,-9],[31,-10],[46,43],[30,-12],[23,19],[25,-32],[22,46],[27,-39],[29,3],[11,19],[15,-19],[36,21],[41,-9],[73,24],[-7,20],[37,-31],[26,5],[5,-19],[57,-9],[12,13],[-13,42],[45,0],[-3,49],[52,27],[24,2],[-11,14],[32,0],[9,27],[-48,27],[53,24],[-6,54],[-43,8],[31,11],[-7,30],[-55,-7],[-5,39],[25,35],[31,-27],[43,17],[13,-26],[16,12],[10,-19],[50,11],[-9,19],[15,11],[-23,25],[-8,28],[34,12],[46,-7],[-23,-29],[20,-14],[-8,-28],[55,-4],[21,-19],[19,13],[43,-6],[0,30],[51,8],[18,-26],[35,-7],[-16,-14],[33,3],[51,-30],[20,18],[57,-15],[35,27],[79,110],[1,17],[-33,33],[4,23],[43,38],[9,47],[-98,36],[27,12],[25,-9],[10,35],[-37,12],[8,12],[-37,3],[27,25],[-33,2],[12,9],[-8,29],[-14,-3],[-11,29],[17,14],[0,49],[-34,23],[-28,-10],[12,16],[-17,12],[30,23],[26,40],[20,4],[-2,34],[-24,21],[51,2],[23,17],[50,-6],[-17,30],[38,17],[2,14],[-30,-6],[-15,15],[36,38],[68,8],[-9,19],[-30,-1],[25,22],[-11,23],[-59,34],[-26,-18],[-14,11],[-31,-10],[-12,11],[-40,10],[-7,-12],[-32,0],[-62,26],[-64,-22],[92,86],[3,70],[-34,5],[22,43],[-29,11],[-22,-13],[-12,27],[-67,-2],[39,53],[-37,-4],[-84,13],[-21,20],[18,25],[97,5],[18,20],[9,29],[33,-11],[-1,24],[26,1],[-19,16],[60,17],[8,25],[31,2],[40,41],[78,23],[34,32],[105,44],[7,52],[220,156],[14,42],[-30,12],[24,16],[-16,23],[-77,-14],[-23,18],[-11,-16],[-33,43],[-16,-33],[-14,24],[-11,-39],[-30,14],[-4,25],[34,24],[-53,25],[19,14],[-7,20],[22,12],[-16,50],[-27,13],[26,46],[67,3],[-9,44],[-64,0],[-23,15],[-34,-9],[-37,22],[-86,-2],[-14,26],[33,16],[-55,-2],[8,38],[-14,19],[-14,-29],[-18,-1],[-8,31],[-23,-18],[-2,26],[22,37],[-56,-18],[-9,35],[15,43],[30,-8],[17,41],[7,62],[16,25],[20,-1],[31,81],[31,-1],[39,16],[4,19],[-20,9],[30,52],[32,8],[1,37],[25,9],[5,-23],[27,10],[-15,8],[57,54],[12,-28],[51,26],[9,-31],[19,41],[41,0],[-9,18],[49,16],[12,-13],[28,53],[28,7],[-13,22],[24,1],[-7,15],[34,12],[-45,32],[16,13],[-23,17],[15,11],[-20,13],[7,21],[32,6],[6,34],[22,-16],[25,37],[52,7],[47,-13],[7,18],[46,-14],[-12,27],[64,37],[35,-25],[14,16],[39,-34],[10,-76],[13,9],[31,-11],[42,15],[-7,25],[52,-50],[-58,-23],[-18,-39],[81,-24],[33,23],[46,0],[-8,-39],[-20,-27],[32,-60],[76,44],[-9,55],[14,-13],[29,14],[6,27],[24,-16],[29,20],[3,-22],[20,8],[8,-40],[14,12],[14,-14],[19,7],[13,-32],[28,3],[26,-30],[0,42],[14,15],[32,2],[22,-26],[41,23],[18,31],[16,-20],[29,27],[43,-28],[29,-6],[-5,-37],[32,5],[14,-17],[-10,-27],[19,10],[10,-16],[26,2],[10,46],[50,14],[1,-35],[45,3],[28,-26],[33,15],[17,-18],[13,6],[-2,-30],[12,-9],[-13,-23],[63,33],[56,-47],[19,53],[42,-4],[23,-69],[-21,-69],[15,13],[8,-34],[10,11],[15,-31],[-7,-34],[36,-14],[21,17],[27,-19],[3,24],[-15,13],[21,5],[0,15],[31,0],[-14,26],[5,31],[20,-10],[22,9],[-17,27],[23,17],[-2,29],[27,-62],[48,7],[-2,50],[29,-14],[55,-44],[57,-19],[18,44],[41,-1],[22,10],[11,30],[29,-17],[0,21],[31,-28],[-3,32],[50,-21],[2,25],[45,-19],[-41,96],[34,-41],[22,-2],[0,-27],[60,-23],[1,-23],[70,1],[13,20],[1,58],[35,-4],[2,-12],[62,-26],[-4,-25],[-35,-8],[36,-6],[11,-30],[13,8],[28,-31],[-6,27],[64,38],[-3,23],[48,-14],[-36,38],[35,-8],[-30,61],[52,-58],[37,-19],[17,-21],[59,-43],[-24,-11],[26,-74],[-15,-8],[9,-29],[-31,-24],[5,-80],[-33,-35],[24,-45],[32,-14],[0,-16],[75,-25],[63,7],[51,-29],[349,-93],[20,-22],[-15,-9],[-24,20],[-348,90],[-31,-4],[-31,-21],[-19,-37],[11,-12],[-35,-50],[-49,-141],[-116,-106],[-15,-6],[-98,-124],[39,-72],[68,-35],[194,64],[95,65],[-82,-68],[-223,-77],[22,-57],[57,-64],[35,-21],[153,79],[45,-11],[20,13],[45,-12],[42,17],[57,-10],[-13,-17],[7,-25],[22,-13],[-12,-44],[33,-12],[21,-21],[23,5],[25,-106],[70,-11],[32,14],[28,-43],[3,82],[-99,62],[48,28],[-12,49],[21,65],[-30,9],[-6,21],[58,13],[-10,-25],[26,-3],[101,24],[33,-10],[-11,-12],[34,5],[16,-55],[23,-7],[27,16],[-9,-21],[20,-6],[43,50],[28,-12],[76,26],[-16,19],[14,22],[-4,32],[19,15],[36,1],[4,-25],[72,41],[19,-17],[6,14],[56,-15],[35,23],[1,-18],[24,24],[83,25],[81,17],[15,53],[48,6],[44,51],[13,30],[-27,19],[26,14],[47,3],[5,-29],[35,-23],[72,-9],[23,17],[-9,24],[33,31],[-24,30],[51,37],[8,-9],[63,2],[1,-16],[24,-14],[61,-7],[26,26],[-28,16],[23,43],[-31,1],[32,10],[14,-11],[15,18],[-21,6],[11,32],[-23,-8],[43,32],[4,-21],[66,-42],[81,24],[-10,-16],[31,-11],[37,-47],[43,16],[-50,91],[27,5],[3,45],[-24,8],[36,26],[-20,0],[21,17],[-26,12],[5,25],[46,26],[25,33],[50,-8],[10,85],[39,-13],[5,18],[44,9],[20,18],[-1,19],[36,20],[-30,26],[49,-11],[14,21],[-17,20],[76,49],[-16,46],[-51,-9],[4,11],[-48,-3],[16,10],[-41,7],[3,24],[49,35],[-19,4],[-1,21],[-48,16],[7,20],[-59,8],[-67,38],[-7,19],[44,33],[-7,24],[-24,-15],[27,49],[44,15],[-23,36],[-38,9],[25,32],[23,-5],[62,47],[57,-10],[30,9],[-22,15],[15,23],[-7,16],[14,54],[-24,18],[20,20],[10,29],[34,16],[-10,-28],[32,6],[39,-16],[66,17],[21,18],[79,-14],[9,-35],[72,-11],[14,-7],[-27,-41],[17,-19],[61,6],[8,-28],[54,-11],[-7,-20],[58,-3],[61,-29],[25,-26],[-9,-15],[17,-41],[-21,-23],[17,-13],[-26,-13],[13,-18],[-26,-21],[2,-17],[27,-13],[-27,-12],[14,-8],[-21,-20],[18,-11],[32,15],[-67,-47],[11,-13],[-24,-15],[22,-43],[103,-2],[12,14],[-10,18],[42,11],[-5,-17],[16,-13],[47,-5],[-14,-61],[36,-17],[-15,-10],[9,-23],[78,-31],[56,7],[13,-15],[31,10],[5,14],[59,-10],[-10,-15],[29,7],[15,-13],[-18,-31],[15,-13],[34,-5],[13,12],[-5,22],[11,65],[19,-23],[19,34],[15,-27],[50,-4],[7,-17],[42,4],[5,44],[18,4],[12,27],[18,-54],[14,25],[26,-13],[24,-87],[39,1],[10,-16],[-22,97],[64,-18],[78,10],[28,34],[27,7],[-19,9],[36,28],[24,-8],[-6,-22],[20,-1],[33,19],[-12,29],[19,15],[5,-15],[17,16],[30,-38],[77,23],[19,-9],[2,-24],[47,-14],[46,23],[4,21],[29,7],[27,-20],[5,-33],[29,6],[40,-15],[60,17],[102,-27],[-1,-18],[30,-11],[32,5],[43,48],[49,-2],[27,-37],[-11,-28],[145,80],[70,-60],[107,-15],[18,-30],[17,13],[62,-37],[37,-29],[18,30],[31,-3],[23,14],[85,-57],[23,12],[-2,21],[55,10],[33,-32],[80,-13],[12,20],[-92,-1],[-30,32],[-63,-11],[-14,-31],[-79,70],[-67,11],[-25,-15],[9,22],[-24,0],[1,17],[-32,11],[18,29],[-8,10],[27,11],[-79,-15],[-165,78],[-99,85],[-85,14],[-76,-45],[-22,11],[129,244],[-33,39],[-6,29],[14,24],[-14,21],[28,20],[-7,43],[-28,10],[1,37],[-54,33],[-92,34],[-36,-2],[0,19],[-34,13],[-39,2],[22,32],[-20,22],[-37,-2],[-8,11],[26,41],[38,15],[-49,-6],[30,19],[-14,2],[4,51],[50,48],[-1,60],[42,55],[53,26],[33,39],[8,70],[47,36],[16,-8],[35,13],[26,29],[58,6],[7,51],[-43,8],[-39,57],[176,52],[40,-33],[42,33],[19,75],[28,33],[68,27],[24,-13],[60,13],[-5,17],[18,9],[103,27],[53,33],[26,-23],[36,-1],[34,31],[81,-5],[79,36],[46,-20],[18,18],[35,-3],[19,16],[22,-18],[64,19],[79,-21],[140,2],[181,80],[54,10],[51,50],[69,31],[79,64],[7,37],[14,6],[-6,30],[18,-3],[4,34],[-24,50],[56,78],[48,4],[23,19],[36,3],[-3,-15],[39,19],[56,-5],[5,85],[38,40],[81,29],[-33,19],[9,30],[53,23],[-9,-54],[25,56],[41,-26],[-10,30],[20,-11],[-1,-16],[21,8],[-46,39],[23,76],[21,10],[40,69],[59,49],[-7,10],[37,-6],[43,22],[-58,40],[80,0],[87,45],[86,-80],[13,15],[-8,27],[-49,57],[36,20],[-35,-9],[-23,8],[73,54],[-19,16],[-45,-3],[14,40],[54,24],[-3,33],[49,39],[-20,6],[14,25],[-33,-7],[-1,16],[87,59],[0,24],[37,2],[-34,9],[29,45],[70,50],[-12,11],[31,2],[-19,27],[44,34],[-23,7],[32,47],[-29,107],[124,38],[22,29],[58,22],[59,53],[-10,49],[35,35],[-6,9],[72,41],[-27,22],[3,22],[-21,5],[23,39],[-38,84],[-109,70],[-45,-27],[-7,10],[32,14],[2,15],[-28,-10],[-35,13],[2,22],[24,2],[6,-14],[18,39],[47,31],[12,25],[39,3],[42,25],[43,0],[19,21],[-17,9],[52,12],[9,21],[111,21],[97,146],[-17,74],[62,67],[-4,29],[-32,10],[1,16],[45,23],[-18,22],[28,32],[9,40],[48,3],[36,-35],[33,9],[-2,-52],[21,10],[63,-48],[78,-26],[3,-19],[28,-16],[-5,-26],[24,-3],[17,-57],[33,-33],[11,8],[48,-19],[23,14],[15,-23],[32,7],[11,-17],[18,14],[-2,-26],[26,12],[-4,-18],[85,-4],[-14,-12],[15,-39],[-4,-28],[41,-45],[95,-17],[10,-17],[80,-1],[13,-14],[58,15],[4,-54],[27,-24],[181,-1],[87,-17],[38,-22],[41,-57],[87,-46]],[[45464,23250],[-6,-2]],[[45464,23250],[0,0]],[[45740,23500],[4,21],[-18,34]],[[45726,23555],[25,-28],[-11,-27]],[[45578,23554],[10,-6]],[[45588,23548],[2,-3]],[[45590,23545],[0,-2]],[[45590,23543],[-17,8],[-41,-11],[-68,-56]],[[45464,23484],[7,19],[34,50],[41,20]],[[45546,23573],[32,-19]],[[45557,23568],[-11,5]],[[45557,23568],[0,0]],[[45672,23663],[2,-12]],[[45672,23663],[0,0]],[[45672,23663],[25,36],[22,-4]],[[45719,23695],[-35,-62]],[[45684,23633],[-8,15]],[[45676,23648],[-4,15]],[[63303,36556],[100,3],[175,-32],[83,-92],[11,-62],[111,-95],[209,-87],[149,-3],[48,-32],[191,-79],[77,-154],[86,113],[143,-202],[-14,-132],[71,-190],[-12,-70],[19,-15],[-37,-87],[-251,-181],[-20,-47],[-26,-22],[-11,-48],[-51,-51],[-5,-24],[-87,-73],[177,-32],[32,-100],[32,-227],[-27,-18],[-25,-48],[149,-8],[103,12],[75,-40],[360,-81],[53,-26],[68,-87],[131,-116],[86,-6],[162,-65],[53,-52],[132,-80],[224,12],[105,27],[70,-20],[83,0],[11,-40],[-68,-196],[-210,-134],[44,-38],[20,10],[-118,-145],[-98,-54],[24,-67],[34,-81],[61,-31],[25,-36],[-26,-50],[81,9],[194,-46],[36,-27],[31,-69],[100,-68],[32,-2],[-26,-78],[104,-71],[-42,-69],[47,-70],[58,-60],[60,-32],[71,-105],[35,3],[95,-44],[29,-56],[42,-37],[-19,-20],[35,-19],[-92,-92],[-51,-86],[-44,9],[-66,-37],[-61,-8],[-125,-69],[-63,-80],[-2,-57],[19,-70],[-8,-36],[-65,-53],[-142,-70],[-9,-27],[45,-12],[-102,-115],[-49,-77],[-59,-153],[10,-46],[47,-48],[65,9],[6,-12],[91,31],[42,-70],[-18,-148],[17,-16],[-66,-56],[-14,-90],[-70,-77],[-12,-63],[18,-59],[-61,-68],[3,-28],[-41,-50],[-58,-40],[-18,-35],[-75,-23],[-15,-24],[-119,-71],[-19,-25],[-63,-19],[-43,-62],[25,-61],[-10,-79],[-202,-203],[-10,-33],[-114,-98],[-13,-45],[-87,-76],[-15,-73],[51,-25],[17,-55],[71,-65],[1,-51],[-236,-218],[42,-50],[-104,-71],[-270,-408],[14,-34],[113,-48],[2,-82],[35,-75],[33,-18],[11,-42],[80,-73],[-85,-278],[126,-27],[46,-93],[-65,-30],[-126,59],[-151,20],[-298,-192],[-39,-62],[-13,-79],[2,-183],[-36,-80],[32,-25],[-7,-47],[61,15],[35,-9],[-19,-22],[32,-45],[-36,-6],[-17,-39],[27,-28],[16,-59],[-32,-40],[5,-34],[-29,-11],[-3,13],[-29,6],[-25,-23],[2,-21],[-50,-102],[2,-13],[26,2],[14,-13],[-16,-28],[9,-39],[-34,-19],[5,-75],[-24,-29],[14,-21],[0,-125],[-51,-41],[19,-35],[-26,-93],[-25,-26],[-41,-4],[-31,-53],[16,-31],[-10,-49],[35,-47],[12,9],[27,-8],[7,-32],[16,0],[27,-43],[233,-45],[105,-63],[-5,-54],[-25,-36],[-21,-4],[-24,-56],[-73,-78],[139,-683],[-117,-225],[-133,-63],[-20,-56],[1,-119],[-139,-145],[-67,-104],[-95,-57],[-89,-125],[-14,-45],[-39,-31],[-21,-56],[-60,-27],[-2,-52],[-28,-32],[-91,-39],[-15,23],[-41,14],[-104,-69],[-44,-11],[-29,-63],[-47,-22],[24,-41],[-51,-56],[9,-33],[-47,3],[1,-13],[-25,-17],[-17,15],[-7,-38],[-41,-45],[-21,-3],[-13,22],[-66,-7],[-13,-38],[-105,-61],[-63,5],[-44,-26],[-10,-25],[20,-37],[-82,-69],[-5,-48],[-48,-6],[-150,-173],[-88,-220],[-46,-61],[6,-87],[-80,-77],[-32,-142],[-55,-68],[-5,-33],[-59,-87],[-1,-51],[-22,-33],[9,-81],[48,-119],[17,-127],[-34,-27],[-12,-52],[-105,-120],[13,-62],[-39,12],[-7,-9],[-19,-188],[-31,-14],[-7,-36],[-97,-69],[-80,4],[-44,-21],[2,-41],[-37,-75],[19,-42],[-40,-38],[-39,-70],[-106,-74],[-57,-59],[-19,-64],[-45,-58],[-35,-127],[-29,-55],[-7,-68],[13,-54],[-42,-46],[26,-102],[43,-49],[-5,-29]],[[61682,20042],[-33,48],[-32,5],[-14,39],[-20,12],[-22,78],[-56,36],[13,82],[-8,31],[-43,18],[-45,51],[-84,33],[7,17],[35,-3],[48,65],[-37,15],[3,36],[-56,79],[8,17],[-58,40],[-22,-2],[-55,41],[-31,1],[-74,52],[-9,-37],[-104,35],[-166,95],[-49,5],[-28,68],[-46,28],[-80,14],[-116,45],[-61,-15],[-53,27],[-8,-30],[-23,0],[-34,25],[-42,-7],[-68,18],[-24,-14],[-56,7],[-13,-22],[-32,-9],[-82,38],[-67,7],[-42,-35],[-42,32],[-43,-12],[-82,33],[-25,-10],[-74,-94],[-48,1],[-67,-63],[-69,8],[-69,52],[-30,7],[-173,-81],[-23,-29],[-144,-89],[-32,9],[-127,-37],[-151,33],[-109,-33],[-4,-32],[76,-20],[149,-96],[29,-33],[17,-47],[-14,-101],[9,-26],[103,-132],[90,-27],[24,-56],[-1,-58],[-19,-22],[29,-31],[-15,-22],[74,-42],[12,11],[30,-29],[4,-41],[-18,-10],[14,-15],[-19,-5],[9,-24],[-22,-23],[-12,-57],[59,-129],[-47,-62],[-1,-67],[-25,-47],[5,-42],[-43,-107],[-12,-96],[-34,-25],[-29,-60],[2,-117],[-88,-27],[-29,22],[-194,22],[-59,86],[-54,19],[-67,-20],[-160,-106],[5,23],[-51,57],[-24,8],[-47,-17],[-14,24],[-68,2],[-21,99],[-102,71],[-27,39],[-34,13],[-152,-89],[-56,-5],[-19,-21],[-50,31],[-57,8],[-265,-115]],[[57382,19237],[-122,-75],[-25,26],[-93,-4],[-160,-68],[-78,-151],[1,-31],[-35,-20],[-120,20],[-20,-11],[-50,8],[-84,-28],[-55,2],[-109,-39],[-76,30],[-219,-8],[-46,21],[-29,2],[-69,-7],[-43,11],[-62,63],[-36,112],[-60,39],[-14,32],[-61,14],[-10,17],[-19,-5],[-54,32],[-53,57],[-92,44],[-23,34],[-62,20],[-118,-1]],[[55286,19373],[54,137],[-21,34],[-40,26],[-16,70],[32,74],[64,90],[-35,73],[19,41],[-9,10],[-118,33],[-2,-13],[-148,-16],[-27,-28],[-50,-6],[-44,-24],[-45,-39],[-37,-12],[-8,-18],[-78,-13],[-14,22],[-51,-24],[-21,13],[-95,-21],[-27,-17],[4,-41],[-24,-1],[-1,-19],[-25,-12],[9,-19],[-26,-36],[-201,-45],[-223,-95],[-47,1],[-65,31],[-82,6],[-49,-26],[-70,-3],[-64,-25],[-86,-68],[-70,-16],[-21,-29],[-32,-13],[-12,9],[-59,-37],[-30,-40],[-92,-17],[-27,-63],[-92,-33],[-24,-74],[-78,57],[-31,6],[-6,19],[-135,-7],[-45,194],[-1,182],[47,54],[72,6],[45,-20],[2,16],[-36,68],[33,31],[-39,35],[4,21],[-28,16],[-29,-15],[-20,37],[2,38],[-46,9],[16,113],[48,69],[-34,66],[23,129],[-16,14],[46,55],[-45,33],[9,11],[-563,333],[-57,-16],[-55,12],[-5,-37],[-23,8],[-23,-21],[-37,13],[-29,-19],[-19,-85],[-79,29],[-56,50],[-74,7],[-22,-13],[-93,14],[-111,-56],[-56,-1],[-46,-25],[-167,34],[-27,-40],[-120,-45],[8,-16],[-32,-10],[-25,-69],[-29,-32],[-32,-4],[-2,-21],[-30,-23],[-65,-8],[-71,-28],[-49,4],[-10,27],[-80,-2],[-49,-49],[-28,1],[-28,-22],[-38,-49],[-68,-4],[-68,-34],[-48,22],[-20,-8],[-84,64],[-31,52],[-23,110],[-57,71],[-43,-12],[-18,-23],[-55,23],[-11,-21],[-71,35],[50,31],[17,51],[35,0],[-1,49],[29,0],[22,64],[-95,69],[-33,-17],[-38,2],[-9,-20],[-91,-40],[-21,-46],[-101,-98],[-66,-24],[-48,-40],[4,-39],[-31,-18],[-95,-20],[-46,3],[-71,32],[-84,-15],[-329,-225],[-48,-20],[-56,-49],[-49,72],[-117,-62],[-23,27],[-52,-46],[51,-49],[-23,-15],[15,-46],[-37,-17],[25,-61],[-1,-75],[-19,-47],[15,-68],[-68,-100],[-34,-23],[-14,-34],[44,-63],[73,-24],[39,-75],[100,-75],[34,1],[-26,-36],[24,-18],[-86,-85],[-53,-4],[6,-23],[-62,-41],[-46,-2],[-17,-58],[-37,-40],[-48,5],[-11,-36],[-112,-30],[-83,-4],[-64,-31],[-29,-38],[-17,-109],[-61,-104],[24,-56],[-33,-17],[-11,-60],[-51,-72],[67,15],[-11,-18],[-153,-167],[-207,-165],[75,-76],[56,-100],[-38,-73],[28,-48],[36,-17],[67,-85],[99,-69],[112,-51],[11,-18],[-47,-22],[-75,-88],[-60,29],[-24,-30],[-32,9],[-45,-59],[-56,-11],[-39,17],[-29,-77],[-41,-54],[45,-33],[-1,-27],[-72,-30],[-47,-44],[-20,7],[-27,-67],[-19,-3],[-35,46],[-41,-10],[-13,33],[29,19],[-44,53],[61,49],[-69,17],[-33,60],[-9,-5],[-133,157],[-23,-13],[-35,65],[9,3],[-35,39],[-27,-3],[-29,60],[12,9],[-78,21],[30,91],[-29,44],[6,42],[-127,9],[-28,17],[-29,-12],[-13,-50],[-44,14],[-21,-13],[-34,35],[-42,6],[-72,68],[-45,15],[-11,81],[-34,73],[13,11],[-1,87],[-17,17],[10,44],[48,58],[-64,94],[-27,82],[-1,67],[-119,79],[-40,-28],[-16,-31],[-55,-3],[-48,-50],[-97,20],[-28,-9],[-25,-62],[-64,-20],[-28,27],[-22,-7],[-32,26],[-51,13],[-8,30],[-8,-12],[-36,18],[2,17],[37,30],[-81,23],[5,17],[-60,25],[8,68],[-12,4],[-6,44],[-29,27],[-173,82],[-16,-19],[-36,7],[25,-45],[-23,-32],[-18,23],[-87,-2],[-82,-26],[-81,-65],[-50,35],[-18,-17],[47,-40],[-57,-55],[-20,-105],[-90,-147],[-37,-6],[-39,-50],[-115,-88],[-43,-43],[15,-24],[-47,-15],[-50,16],[-10,-23],[-31,4],[-8,-13],[-26,24],[-239,-77],[-52,-81],[-60,-58],[-24,-78],[4,-32],[38,-39],[43,-95],[-1,-73],[-47,5],[-13,-20],[32,-29],[1,-109]],[[44486,17505],[-68,20],[-27,-18],[-79,46],[-54,-7],[-33,15],[-98,1],[-123,-65],[-163,67],[-264,11],[-76,28],[-120,-19],[-165,-3],[-76,76],[-50,117],[-96,60],[-13,25],[-15,-2],[11,27],[-26,48],[-48,31],[-13,57],[-45,38],[-7,20],[29,100],[-43,211],[3,81],[26,102],[44,77],[0,45],[35,18],[18,53],[-9,24],[15,10],[9,67],[-12,208],[54,41],[122,157],[43,28],[58,93],[25,82],[19,176],[-29,38],[-32,13],[22,56],[-5,38],[-77,93],[-15,57],[16,62],[40,-5],[-31,17],[62,47],[93,28],[11,-25],[2,28],[21,-48],[-13,48],[32,9],[19,-18],[-32,-100],[12,18],[13,55],[13,-22],[4,50],[-17,14],[26,7],[34,-58],[-22,72],[64,22],[5,11],[176,127],[10,-27],[7,44],[41,46],[39,30],[15,-5],[4,23],[121,83],[56,6],[12,-59],[0,37],[27,8],[24,-4],[41,6],[0,-20],[28,7],[-15,12],[35,-2],[6,-33],[16,29],[82,10],[186,89],[98,74],[48,62],[31,58],[28,166],[-11,65],[28,-3],[-29,19],[0,103],[31,70],[67,97],[30,110],[16,164],[-25,103],[-69,89],[-76,80],[-118,78],[-10,29],[384,354],[-15,70],[32,-2],[66,71],[23,-11],[-18,-38],[30,-4],[-16,15],[3,33],[-23,9],[-68,-71],[-35,1],[17,-64],[-35,-35],[-20,33],[12,3],[-140,94],[-16,45],[27,23],[133,-49],[61,6],[89,115],[8,51],[-31,49],[-22,10],[-97,-38],[-36,22],[-25,44],[12,16],[82,21],[23,31],[10,50],[-21,101],[-6,57],[-28,49],[15,21],[-19,1],[1,39],[21,54],[47,52],[36,-4],[-26,12],[41,35],[146,44],[247,48],[111,-59],[90,13],[-14,2],[53,48],[65,97],[-22,31],[-46,16],[-81,-34],[-4,32],[39,53],[60,34],[-35,-14],[15,19],[38,-8],[13,-39],[38,-39],[38,-4],[93,51],[21,23],[-6,23],[-70,71],[2,58],[26,13],[137,-21],[117,-56],[54,-31],[82,-122],[55,-21],[164,23],[124,61],[159,26],[127,-9],[64,51],[26,56],[34,15],[44,-24],[2,33],[-80,3],[-35,-30],[-4,-45],[-52,-41],[-97,7],[-149,-19],[-106,-26],[-65,-44],[-163,-23],[-44,27],[-69,105],[-1,42]],[[46057,23616],[2,9]],[[46059,23625],[16,24]],[[46075,23649],[48,47],[-1,138],[-114,343],[-218,146],[-31,48],[-76,66],[24,58],[-9,49],[38,-12],[-35,21],[-1,59],[58,50],[-37,79],[1,76],[-31,94],[23,68],[-48,70],[30,57],[73,25],[96,68],[29,63],[62,52],[-29,35],[24,16],[-10,16],[72,50],[7,46],[12,-3],[2,70],[-121,50],[-47,36],[-13,27],[-77,0],[-8,-13],[-93,13],[-6,58],[39,89],[-26,56],[58,20],[3,25],[49,45],[-33,21],[-15,49],[-36,38],[-52,12],[18,50],[46,53],[140,51],[70,70],[156,230],[67,175],[142,194],[-17,31],[17,79],[-32,6],[-6,17],[-18,-10],[-41,16],[-12,24],[40,45],[-42,38],[10,30],[-13,7],[15,35],[96,40],[18,55],[98,134],[-21,-10],[-36,15],[-3,16],[-77,4],[-32,-17],[-170,7],[-12,34],[18,39],[-183,113],[-92,41],[24,36],[-36,90],[17,48],[-15,35],[32,0],[7,27],[40,13],[25,-1],[11,-19],[68,21],[57,-4],[2,-10],[38,7],[99,84],[76,157],[6,67],[-32,25],[-100,-18],[38,195],[-27,150],[-86,42],[-75,-13],[-145,-55],[-65,-3],[-41,-42],[-112,-51],[-7,28],[15,28],[-93,0],[-68,19],[1,43],[21,11],[-1,24],[-30,16],[-11,-23],[-46,38],[11,53],[-23,4],[-36,-19],[16,33],[-83,28],[2,110],[-43,90],[-39,41],[-29,10],[-67,-38],[-114,-12],[-47,39],[-51,17],[-55,69],[-49,12],[-137,-57],[-28,307],[-357,83],[-234,-152],[-133,-67],[-486,77],[-21,18],[-92,-4],[-13,-4],[-204,33],[-121,-30],[-118,75],[5,-39],[-239,6],[-113,-28],[-232,-112],[-60,-71],[-9,-50],[-55,27],[-70,13],[-35,-27],[-83,-18],[-76,8],[-99,34],[-32,70],[-172,127],[-15,54],[-299,-134],[-84,17],[-43,38],[-94,2],[-213,-78],[-10,-51],[-36,-3],[-86,-60],[-77,-33],[-97,-24],[-57,9],[-73,-12],[-19,-30],[-154,-57],[-213,-15],[-67,-25],[-161,0],[-15,-42],[65,-72],[-27,-47],[40,-31],[-20,-30],[13,-10],[-25,-31],[18,-146],[124,-232],[26,-96],[-262,-17],[-277,21],[-308,250],[23,22],[-204,16]],[[32020,12973],[47,-37],[38,-4],[62,-39],[131,-35],[1,-10],[68,10],[158,100],[79,2],[62,-20],[27,7],[5,-10],[43,-18],[-2,-25],[46,-24],[7,-24],[-15,-22],[11,-10],[48,-2],[24,-15],[54,17],[18,-62],[-16,-14],[-55,18],[-31,-15],[26,-56],[-9,-36],[-12,-14],[-47,6],[6,-23],[-57,-11],[-22,-44],[1,-17],[32,-15],[-2,-66],[-20,5],[1,-21],[-24,-11],[11,-13],[-41,-12],[-52,-40],[-52,1],[-4,18],[-22,-6],[15,30],[-71,9],[-14,10],[1,28],[-72,-10],[3,-17],[-59,13],[-6,22],[-24,11],[9,38],[-8,52],[-38,23],[-74,-23],[-20,-30],[-31,-1],[-5,-23],[-19,23],[-25,-38],[-12,4],[-31,-31],[-84,-1],[-57,33],[26,24],[17,-3],[48,63],[-17,15],[22,45],[-29,3],[-12,15],[76,28],[8,40],[-22,64],[-140,20],[-25,27],[2,39],[-46,1],[-9,41],[-18,0],[-24,38],[59,23],[86,-22],[50,56],[14,-36],[33,-16]],[[31622,13053],[5,-28],[-58,-12],[-29,-34],[7,-22],[-21,-17],[-89,21],[8,26],[-12,44],[14,9],[16,-22],[78,19],[16,-12],[0,28],[65,0]],[[32327,14370],[45,-8],[21,-23],[-21,-13],[-34,21],[-8,-5],[-38,23],[35,5]],[[18267,15355],[-34,-3],[0,22],[-16,9],[45,14],[23,-3],[-18,-39]],[[26857,16744],[3,-87],[-36,70],[9,23],[24,-6]],[[26945,16758],[15,-2],[14,-44],[-11,-30],[5,-33],[-19,0],[-13,20],[-2,88],[11,1]],[[25953,18721],[0,0]],[[26077,19178],[0,0]],[[26139,19206],[-11,-19],[-38,-23],[13,35],[36,7]],[[25149,20045],[0,0]],[[27002,20125],[0,0]],[[45590,23545],[0,0]],[[45588,23548],[0,0]],[[46059,23625],[0,0]],[[45684,23633],[0,0]],[[46075,23649],[-19,-17],[-15,-39],[-165,80],[-113,16],[-18,19],[-26,-13]],[[45674,23651],[13,-52],[39,-44]],[[45740,23500],[-95,-42],[-38,32],[-11,62],[-39,16]],[[45464,23484],[-37,-45],[17,-45],[39,-6],[74,33],[29,-13],[11,-21],[-74,-98],[-59,-39]],[[45458,23248],[-37,3],[-82,54],[-99,-1],[-217,-44],[-116,-41],[-126,-118],[-54,7],[50,-13],[-11,-41],[9,-89],[47,-206],[-15,-30],[-30,-13],[-51,-8],[-21,-40],[16,-45],[39,-33],[40,-11],[85,25],[25,-34],[-26,-71],[-29,-27],[-74,-29],[-9,32],[-5,-32],[-92,38],[-51,-6],[-32,-48],[13,-39],[138,-132],[-65,-61],[-44,-33],[-63,-61],[-11,-18],[-105,-70],[-41,-44],[-31,58],[31,-124],[137,-141],[9,-6],[100,-111],[32,-87],[-47,-193],[-109,-208],[-17,-241],[-49,-169],[4,-30],[-24,-50],[-111,-70],[-130,-28],[-82,11],[-40,20],[2,-11],[-90,14],[-23,38],[6,-35],[-101,-23],[-102,-65],[-290,-123],[-112,2],[-32,-23],[-53,11],[-52,72],[35,-61],[-19,-34],[21,14],[8,-17],[-282,-211],[-33,-115],[-79,-126],[-8,-56],[34,-54],[-18,-157],[-31,-91],[-66,-102],[-134,-101],[-48,-72],[13,-27],[-17,-30],[-116,-104],[-75,-96],[15,-60],[-14,-16],[-110,-73],[-154,-25],[-51,-22],[-75,-156],[-74,-78],[-59,-33],[-114,-17],[-103,29],[-30,36],[-185,65],[-30,27],[-33,86],[-68,4],[-14,20],[-144,28],[-37,36],[-149,-3],[-75,-22],[-67,17],[-20,21],[-5,90],[-30,37],[20,-58],[-110,64],[-39,31],[-15,-10],[-164,107],[-80,35],[74,28],[32,26],[-6,20],[78,46],[18,16],[75,34],[65,36],[43,-55],[-2,27],[-38,31],[52,62],[2,27],[32,-7],[12,18],[-2,124],[-5,8],[2,-130],[-22,-10],[4,89],[-10,57],[7,-74],[-11,-65],[-25,5],[12,-32],[-42,-58],[-81,-49],[42,36],[-20,22],[31,21],[32,82],[-20,-25],[28,144],[-10,54],[-11,24],[29,10],[18,19],[-55,-21],[18,-40],[0,-56],[-54,122],[16,-46],[-78,111],[18,-3],[-42,28],[-118,120],[-69,27],[-156,28],[-56,66],[11,130],[40,64],[13,-5],[-42,42],[-77,-40],[15,45],[69,40],[12,21],[-23,18],[-69,-21],[-8,27],[54,31],[-10,47],[-35,-26],[-24,14],[-9,32],[38,18],[45,78],[36,8],[22,-36],[7,5],[-23,37],[-44,-12],[-46,-78],[-39,-18],[16,-48],[28,-7],[22,21],[9,-31],[-54,-35],[3,-29],[19,-5],[59,20],[16,-10],[-77,-55],[-28,-39],[26,-24],[53,41],[38,-11],[-44,-73],[-10,-72],[-30,-17],[-170,24],[-95,-19],[-82,-38],[-144,34],[-92,149],[-169,70],[-69,105],[27,112],[-52,80],[-83,45],[-60,11],[-47,-8],[-41,13],[-56,50],[-47,93],[-52,-6],[-56,24],[3,30],[51,65],[-40,96],[21,18],[15,69],[-34,36],[20,15],[3,57],[32,39],[20,92],[-36,44],[13,20],[-30,-14],[48,-50],[-21,-88],[-33,-43],[-1,-47],[-22,-24],[36,-47],[-30,-68],[-100,67],[-189,24],[-35,-12],[-7,-49],[-77,-45],[-100,-11],[-83,31],[-43,47],[-67,21],[40,43],[-14,27],[-41,-23],[-55,20],[-17,-1],[-28,-53],[-28,-20],[-100,-11],[102,6],[31,25],[26,49],[67,-20],[43,20],[6,-21],[-37,-25],[1,-20],[68,-21],[40,-46],[93,-34],[93,10],[80,44],[24,61],[210,-26],[78,-63],[44,-93],[-3,-23],[-46,-46],[-3,-35],[58,-31],[64,1],[41,-93],[57,-47],[100,-22],[60,2],[74,-51],[31,-72],[-27,-98],[46,-90],[53,-51],[148,-55],[37,-106],[40,-39],[159,-54],[255,11],[29,-14],[58,-82],[169,-177],[-73,38],[137,-75],[44,-43],[-86,-167],[-32,-109],[-41,-64],[-38,-42],[-194,-141],[28,10],[-29,-79],[-11,11],[11,-42],[-21,-39],[-20,22],[-20,-7],[5,43],[-27,-2],[15,-22],[2,-37],[15,-9],[9,23],[26,-21],[-25,-12],[20,-5],[29,12],[-17,6],[10,22],[22,-34],[-10,-20],[55,-17],[33,-99],[44,-73],[-10,-38],[-94,-53],[-10,-18],[32,14],[93,54],[6,24],[35,-19],[68,-6],[-21,-92],[18,34],[3,-14],[44,-36],[-42,52],[26,66],[46,-18],[57,-33],[28,-38],[-29,9],[8,-16],[-43,-17],[23,-11],[-25,-15],[24,-3],[0,-22],[-30,-22],[-43,23],[62,-41],[-10,18],[33,25],[7,52],[33,2],[62,-24],[-15,-58],[-18,-4],[-16,-37],[-14,0],[20,-27],[51,-26],[-52,47],[8,28],[25,13],[27,-65],[49,-52],[8,9],[-57,59],[-8,34],[17,-21],[27,-9],[-53,39],[15,55],[74,-84],[17,-43],[8,7],[32,-26],[38,-17],[27,0],[-38,-53],[55,22],[-28,-32],[36,27],[6,-26],[-32,-39],[26,0],[-75,-38],[66,28],[30,6],[19,-17],[-41,-43],[40,33],[48,-11],[-51,-57],[44,37],[12,20],[9,-42],[25,11],[-37,-45],[34,32],[4,-6],[46,28],[-52,-100],[33,55],[11,-16],[20,20],[29,2],[6,-46],[-42,-37],[25,7],[-2,-18],[53,24],[0,-15],[38,4],[4,-21],[64,-3],[14,-29],[61,4],[-3,-46],[-164,20],[-27,-14],[28,-3],[24,-26],[67,-1],[41,-36],[97,-46],[80,34],[87,-52],[2,-21],[-84,-122],[-129,-86],[-405,-132],[-319,-216],[-237,-45],[-333,-38],[-453,67],[-218,46],[-537,67],[-686,123],[-1082,157],[-197,39],[-40,-10],[0,-28],[-44,1],[-95,-68],[-120,-131],[-35,3],[-2,36],[-17,9],[-139,7],[-108,-154],[-52,-39],[-73,33],[-40,-16],[-16,34],[-20,-6],[-35,26],[-194,42],[-683,75],[-80,0],[-72,-24],[-26,-24],[-126,2],[-123,-59],[-12,-19],[12,-21],[-89,-2],[-80,-63],[-52,5],[-85,62],[-18,-14],[-40,9],[-195,-19],[-86,-47],[-44,17],[-319,-54],[-289,-81],[-447,-201],[-79,-86],[-67,-14],[-190,-128],[-45,-44],[0,-43],[-85,-116],[10,-79],[-72,-2],[-103,-129],[-85,-137],[-1,-16],[57,-46],[-56,26],[-21,-45],[76,-16],[14,33],[13,-3],[-26,-58],[12,-14],[-1,-52],[28,-24],[-10,-8],[7,-31],[42,-26],[26,-41],[30,-6],[-11,-30],[30,-14],[13,-50],[34,-3],[-7,-14],[25,-17],[-13,-15],[59,-70],[13,-54],[90,-26],[124,-13],[38,-39],[-35,-4],[0,13],[-27,4],[-97,-64],[-26,-82],[-20,-12],[11,-20],[-23,0],[-31,-19],[-3,-15],[-46,-15],[-16,-51],[41,-31],[-12,-39],[-31,-7],[3,-15],[-22,-14],[-42,1],[-27,-49],[14,-15],[-93,-14],[-9,-15],[20,-26],[-23,-43],[-25,-10],[-43,9],[35,-51],[-45,-7],[12,-66],[-20,-33],[38,-36],[-56,-11],[-16,-31],[25,-19],[-33,-15],[-11,-42],[24,-13],[-7,-14],[-50,-13],[-49,-102],[-2,-117],[34,-53],[94,-66],[-5,9],[41,4],[6,17],[-42,36],[64,-31],[69,7],[23,-25],[-2,-24],[-55,1],[-27,-25],[2,-23],[-39,-20],[-16,7],[-95,-101],[-61,-1],[-35,-17],[-190,-210],[-177,-250],[-54,-103],[-15,-72],[13,-3],[-3,-40],[101,-31],[74,-77],[-29,-25],[-14,27],[-44,-2],[-32,23],[-41,-13],[-16,15],[-25,0],[-133,-45],[-16,-17],[-22,35],[-13,-6],[-25,21],[-67,-21],[-26,16],[-4,-13],[-37,-11],[-13,12],[-37,-5],[-13,13],[-20,-5],[0,21],[-25,-15],[-33,-3],[-25,29],[-74,-18],[-26,-25],[-42,14],[-35,52],[-102,46],[-2,-32],[-46,32],[0,-22],[-47,11],[-21,-29],[-35,-13],[7,-13],[-36,-8],[-59,8],[-42,45],[-16,-20],[-60,23],[-23,-21],[-71,-6],[-86,23],[-108,-112],[-50,-126],[9,-95],[31,-25],[144,-12],[4,-99],[-59,-11],[-22,23],[-1,-23],[-28,-2],[-57,33],[-43,-33],[-17,11],[-35,-7],[-35,-31],[0,21],[-29,14],[-2,51],[-40,-41],[-47,30],[-3,-27],[-34,-19],[-4,28],[-25,-28],[10,-9],[-11,-43],[-76,-10],[-22,3],[-20,33],[-10,-31],[-19,15],[-19,-18],[27,-12],[-80,6],[-5,-55],[39,-22],[31,-45],[-16,-21],[-51,-8],[-78,-69],[-30,-41],[12,-10],[-27,-21],[22,-27],[-28,-45],[-64,20],[-21,-19],[-2,21],[-21,-20],[-58,19],[-39,69],[12,65],[-34,11],[-9,-10],[-14,22],[-42,-17],[-15,24],[-22,-10],[-6,20],[-22,9],[-24,-73],[-15,-12],[-26,6],[6,24],[-21,-16],[6,23],[-47,-29],[-38,14],[20,4],[-18,13],[12,25],[-38,-11],[-38,29],[-48,-42],[-45,9],[-14,21],[-14,-16],[-43,24],[-10,-11],[-92,14],[-33,40],[27,16],[-24,8],[12,26],[119,65],[-26,52],[-75,24],[-20,20],[-131,-8],[-34,17],[-25,35],[-9,-10],[-82,14],[-28,-55],[9,-9],[-35,-6],[20,-6],[-9,-22],[-100,-4],[2,-13],[-24,-13],[-74,13],[-3,-12],[-69,0],[-36,33],[50,-8],[-61,16],[7,45],[29,19],[-16,8],[27,37],[-11,24],[-74,52],[-72,-5],[-23,30],[-47,12],[-28,-13],[-70,8],[-16,-10],[-3,-30],[-23,-25],[-1,-66],[-74,8],[-6,-21],[-29,14],[-27,-18],[-36,8],[-75,-12],[-44,10],[-43,17],[-11,40],[-30,20],[-3,29],[-27,8],[-51,-40],[-38,16],[-38,-15],[-28,18],[-99,14],[-38,-15],[-15,12],[-104,-1],[-93,-61],[-117,-118],[-14,-117],[133,-47],[22,-19],[-2,-18],[34,-13],[4,-14],[-50,-20],[6,-14],[-81,20],[-19,-20],[-86,28],[-8,-16],[-44,0],[-7,-24],[-40,14],[-51,-32],[-66,-1],[-10,-22],[-21,15],[-31,-4],[-41,-97],[-59,-7],[12,-27],[-33,-33],[18,5],[-5,-58],[24,-30],[-46,-14],[-27,23],[-11,-17],[-20,20],[-57,-6],[-7,-33],[-49,-24],[-9,20],[-12,-20],[-48,-7],[-63,25],[-220,-133],[-24,-37],[18,-14],[-46,-14],[-16,-20],[17,-28],[-57,-31],[-10,-40],[25,-31],[-40,12],[-7,-13],[19,-30],[-1,22],[38,-19],[-22,-4],[62,-47],[-13,-6],[18,-32],[-46,-46],[-13,16],[-21,-7],[4,-37],[-38,-10],[-20,-32],[-61,-7],[-6,-107],[70,-18],[51,-31],[-9,-1],[-13,-84],[54,-35],[77,-22],[27,-49],[9,-46],[-13,-51],[-14,23],[-43,-16],[-57,49],[-31,10],[-37,-51],[-24,102],[-40,-6],[-13,16],[-74,-51],[-45,18],[-21,41],[8,-47],[-79,-54],[-32,-9],[-9,18],[-49,16],[-56,-10],[40,-84],[-6,-35],[-17,-18],[-62,-23],[-67,41],[-41,66],[-111,68],[70,-63],[-52,-104],[-3,-58],[21,-14],[7,-41],[-18,-22],[-31,1],[-14,-17],[48,-26],[-47,-14],[24,-32],[-11,-27],[-49,-31],[20,-28],[-34,9],[-10,-56],[-76,-9],[67,-13],[1,-44],[79,-81],[-7,-21],[-95,-53],[-43,77],[-48,14],[-42,35],[-54,3],[-50,-16],[-15,22],[-40,-5],[-13,12],[-12,-26],[-18,-2],[-5,-31],[-46,-1],[-4,-27],[-44,-1],[-8,21],[-36,-1],[-27,28],[-19,52],[-12,-12],[30,-55],[-8,-27],[-25,-5],[-52,32],[-8,21],[-5,-41],[-23,-25],[-24,8],[-8,22],[-27,3],[-21,41],[-8,-66],[-16,-5],[-37,56],[5,21],[-18,27],[8,35],[-64,28],[-33,-33],[-27,83],[-33,-2],[-18,27],[-16,-42],[-22,10],[-10,23],[22,47],[18,4],[-21,41],[-76,17],[-24,20],[-32,-11],[-35,8],[-70,43],[-14,-13],[-27,18],[1,24],[-24,-16],[-17,13],[-18,-38],[-22,9],[1,22],[-21,6],[-23,-12],[-12,10],[-64,-1],[-29,7],[-33,-7],[-47,12],[-47,72],[9,30],[16,3],[-8,25],[24,18],[-42,10],[28,5],[11,21],[-55,26],[-67,-10],[2,-41],[-112,22],[-33,-16],[-32,7],[-10,-18],[-17,31],[15,15],[-31,45],[-84,27],[-19,32],[-32,17],[-48,9],[-28,-33],[11,-55],[-18,-1],[14,-32],[-30,41],[-35,4],[-7,31],[17,22],[-36,10],[-17,-5],[-4,-32],[-28,-28],[-27,17],[-27,6],[-29,-23],[0,-25],[-46,7],[-8,-28],[-18,27],[-21,-9],[-8,-22],[-25,12],[-12,-15],[-29,18],[-61,-51],[-83,-6],[19,-22],[-11,-4],[-60,14],[41,-22],[-31,-2],[-169,50],[-124,78],[-31,75],[-75,54],[-37,8],[5,30],[-60,-21],[-115,26],[-24,29],[-3,-21],[-35,21],[-22,-2],[-57,29],[18,48],[-22,-15],[-3,-23],[-24,2],[-58,97],[-37,3],[-49,-35],[-42,10],[-62,-10],[-34,17],[-19,60],[-29,23],[-90,-7],[-25,-37],[-51,15],[-49,42],[-12,28],[-43,-21],[-45,23],[-13,-8],[21,-14],[-25,-19],[-44,3],[-18,19],[1,34],[-22,10],[-23,-20],[-16,4],[13,-36],[-33,16],[-57,-4],[-32,25],[-45,-2],[-9,50],[19,30],[-10,6],[-25,-30],[-19,32],[-14,-9],[-13,28],[-30,6],[5,42],[-23,32],[15,34],[29,6],[-35,17],[-5,26],[25,151],[8,12],[50,36],[0,27],[23,18],[-8,17],[79,54],[89,13],[41,-7],[35,22],[52,-11],[16,15],[14,46],[-60,30],[0,51],[-36,25],[90,38],[8,57],[-12,130],[-64,210],[-64,58],[-66,21],[-2,15],[35,5],[11,30],[-20,100],[-46,95],[-58,54],[-37,13],[34,18],[6,45],[-52,132],[-162,283],[-70,58],[-45,-9],[-72,33],[-72,-31],[-9,28],[-51,-16],[-16,21],[-60,-28],[-37,9],[-9,22],[-20,-8],[-43,12],[-3,28],[-63,-41],[-31,-5],[6,23],[-61,-2],[10,10],[-27,9],[2,28],[-24,-18],[-38,22],[-62,-19],[-25,22],[10,34],[-53,-17],[-7,-15],[-36,-3],[-26,46],[-28,10],[-26,52],[-45,-34],[-92,-22],[2,-11],[-65,2],[-45,22],[-24,38],[-46,-9],[-2,61],[-23,-13],[-16,20],[-55,-42],[-47,46],[26,15],[-43,28],[-5,31],[-62,22],[-3,14],[-28,-16],[-44,18],[-6,19],[26,11],[-9,20],[17,9],[0,27],[-24,-2],[-8,20],[-26,-11],[-8,-18],[-48,1],[-2,-20],[-27,-3],[-15,16],[-14,-24],[-19,6],[-10,-41],[-51,-55],[-42,-5],[-29,21],[-1,-21],[-37,10],[3,29],[82,9],[7,17],[42,6],[4,24],[-19,16],[27,3],[16,38],[34,0],[2,26],[-28,40],[-30,6],[-23,33],[18,8],[12,31],[18,-5],[-76,44],[20,8],[-11,36],[-46,-1],[5,38],[-21,18],[2,24],[-38,11],[-17,-13],[-9,63],[-39,-39],[-8,33],[42,13],[-11,14],[12,12],[39,3],[96,75],[134,-14],[25,41],[56,-16],[5,14],[35,-1],[12,15],[-31,14],[24,1],[-1,22],[29,-1],[-21,22],[147,-41],[34,47],[2,34],[-27,29],[-22,-14],[-42,16],[12,15],[-29,12],[5,-25],[-56,13],[3,14],[28,-5],[19,30],[-2,27],[-51,21],[-14,-12],[-54,15],[46,1],[-48,17],[28,28],[-16,18],[22,29],[-35,19],[43,-10],[17,-15],[65,41],[84,-17],[80,8],[47,-10],[45,-30],[45,-3],[9,10],[75,-17],[96,-46],[32,2],[21,19],[97,-17],[101,14],[105,-19],[24,8],[58,-22],[69,2],[75,-70],[86,-29],[-22,-41],[-110,-69],[-38,-9],[-52,-63],[3,31],[-28,-17],[-69,25],[-63,-16],[27,-12],[89,-97],[59,-10],[36,35],[-16,-43],[78,-131],[84,-24],[76,-46],[189,-48],[85,-1],[190,49],[38,-11],[53,-44],[110,0],[24,-24],[60,-11],[54,22],[86,-8],[43,18],[64,72],[43,149],[-51,86],[-27,92],[-74,26],[-91,71],[-50,1],[-184,50],[53,36],[30,3],[20,35],[61,51],[21,80],[-3,87],[122,-2],[91,42],[74,-10],[17,11],[39,-9],[78,-54],[34,18],[24,38],[39,20],[123,0],[86,-19],[56,21],[2,-19],[219,-144],[137,-30],[72,5],[49,-10],[23,-22],[93,-9],[70,-93],[-1,-52],[99,117],[91,-6],[78,12],[66,-27],[64,19],[48,-23],[135,-15],[30,-19],[145,56],[80,-6],[15,-20],[18,0],[43,-133],[-66,7],[-65,-15],[-25,-28],[-35,-3],[21,-32],[-48,-9],[8,-40],[40,-1],[26,-20],[77,-117],[5,-62],[59,-33],[52,-69],[-17,-76],[-90,-96],[68,19],[138,-12],[28,-16],[7,-50],[-12,-27],[11,-29],[42,105],[41,35],[153,23],[94,67],[89,5],[43,-51],[27,19],[48,-25],[46,32],[50,10],[55,-14],[30,-29],[94,65],[73,-17],[49,29],[137,-13],[40,38],[49,-32],[-26,-25],[-23,0],[54,-80],[9,-52],[32,-34],[11,-42],[38,-13],[-19,31],[28,63],[-17,47],[16,-2],[-46,70],[54,4],[-36,42],[65,-30],[4,9],[-85,41],[123,17],[-37,9],[2,28],[30,10],[-51,-3],[-18,38],[105,6],[94,47],[61,-9],[90,-21],[26,-33],[82,-32],[26,9],[-27,35],[-65,10],[3,52],[-28,-16],[-30,23],[-115,5],[5,48],[-31,4],[-9,-12],[32,-4],[-7,-29],[-29,26],[-58,-22],[-24,6],[-5,-14],[-85,-2],[-40,36],[-4,-39],[-75,-55],[-132,28],[6,26],[-23,4],[-23,54],[-7,-31],[14,-37],[-26,-31],[-32,-10],[-84,27],[-37,-4],[-42,27],[-96,13],[-151,93],[-145,24],[-72,-14],[-36,30],[-85,28],[-86,62],[-118,21],[-52,40],[-12,33],[14,26],[48,18],[64,-20],[55,17],[64,-4],[88,98],[18,47],[58,-1],[28,23],[77,22],[33,29],[48,215],[13,21],[30,-7],[6,19],[-41,36],[19,14],[35,-41],[-11,-54],[17,19],[42,-10],[-15,-49],[12,-2],[13,48],[23,1],[-10,-21],[30,9],[38,-7],[21,16],[27,-11],[-9,-58],[19,-9],[17,43],[95,-20],[0,-14],[123,-8],[32,-10],[10,82],[-37,80],[41,28],[3,21],[17,7],[0,-20],[21,6],[22,-17],[25,2],[92,63],[78,34],[58,137],[37,18],[23,-4],[70,-34],[133,-98],[152,-52],[-23,-36],[-25,-122],[17,-3],[33,-48],[23,-66],[4,-139],[18,-8],[43,96],[23,5],[79,-12],[24,-73],[-11,-18],[75,28],[14,73],[21,12],[115,12],[60,-6],[80,-31],[23,-65],[21,35],[30,14],[134,-11],[19,-27],[46,22],[11,27],[85,-22],[83,5],[-131,49],[-105,-13],[-77,23],[-62,-2],[-171,52],[-265,50],[-95,43],[-55,53],[34,38],[123,69],[156,126],[58,71],[24,64],[87,83],[109,21],[156,-34],[56,4],[110,-83],[-33,75],[132,135],[68,253],[24,44],[44,10],[117,3],[89,-22],[155,30],[44,-40],[20,27],[39,1],[63,-17],[134,-82],[208,-319],[-21,-31],[28,-12],[-11,-18],[-20,23],[-55,-49],[33,14],[28,-14],[39,32],[-9,37],[14,3],[53,-50],[-8,-46],[42,-17],[28,-26],[34,-5],[57,-53],[18,-34],[44,-23],[-7,-37],[-40,-23],[8,-42],[-79,-114],[-6,-46],[18,-41],[-23,-50],[31,40],[19,80],[129,124],[51,19],[24,-33],[-37,-117],[38,7],[24,-18],[62,-105],[64,-37],[89,-4],[25,4],[-12,13],[-39,-2],[-43,20],[-108,128],[-7,96],[68,26],[8,-21],[9,19],[19,-10],[43,11],[111,-66],[40,61],[-32,-61],[20,-18],[104,11],[33,22],[131,0],[12,-23],[138,-59],[32,-18],[43,-5],[-53,18],[-36,25],[-62,17],[-70,49],[5,14],[-29,10],[-151,24],[-100,-2],[-20,-4],[-103,68],[-172,-32],[-54,22],[-78,89],[-54,116],[39,24],[62,-6],[19,19],[-1,41],[47,-7],[3,17],[-31,-1],[21,18],[71,12],[-35,5],[55,24],[23,-26],[6,10],[-29,18],[-56,-24],[1,18],[28,36],[-24,-16],[-10,-37],[-46,-30],[-9,15],[-13,-17],[-40,46],[38,27],[19,-2],[6,22],[-84,-54],[16,21],[-8,23],[-33,19],[-31,-11],[-20,15],[-2,73],[-17,28],[-40,7],[-12,18],[-51,-29],[43,42],[39,8],[-14,9],[-24,-7],[-34,-36],[-5,18],[15,12],[-49,44],[-18,83],[-37,44],[-60,34],[-27,51],[-60,33],[-18,62],[68,15],[-53,-44],[30,-41],[10,6],[-17,40],[34,-40],[-30,49],[20,14],[25,-61],[-10,-12],[25,-29],[9,38],[11,-18],[10,13],[-26,17],[-1,82],[38,-7],[-18,-75],[12,25],[12,-19],[-5,71],[8,-11],[21,11],[6,-129],[26,-20],[-28,-20],[42,14],[31,-26],[-3,18],[-46,31],[37,3],[-27,36],[11,41],[-11,52],[23,-15],[10,-54],[-6,76],[99,-31],[29,-17],[16,8],[-56,-111],[21,22],[39,82],[17,-21],[-14,-5],[56,-34],[-20,25],[71,25],[-76,-20],[-24,30],[83,13],[-86,-7],[-19,23],[48,6],[-57,5],[67,97],[31,-5],[44,24],[33,-5],[27,15],[36,-15],[20,15],[6,-28],[-16,-34],[35,-14],[-21,21],[17,50],[49,-15],[27,8],[127,-35],[49,19],[20,-11],[45,71],[12,62],[69,15],[78,-19],[-3,14],[34,-2],[47,-22],[-13,15],[25,49],[-30,116],[68,34],[-73,-26],[14,-89],[-11,-55],[-37,-13],[-8,13],[-97,20],[-91,-13],[-36,-38],[-6,-36],[-23,-14],[-49,5],[-14,26],[-51,30],[-44,-3],[-34,40],[-18,-38],[-110,4],[-48,27],[-35,-17],[-23,13],[-2,-17],[-114,-37],[-30,-23],[-65,48],[-56,7],[1,-37],[32,-45],[-56,-42],[-104,5],[-72,28],[-74,-39],[-46,8],[-74,53],[-77,15],[-18,-17],[3,-44],[-78,-122],[-78,-45],[-94,-16],[-29,-32],[-34,1],[-58,13],[0,14],[-38,19],[-56,4],[29,128],[-40,225],[8,128],[36,137],[76,22],[210,-34],[120,23],[17,23],[55,23],[-93,-7],[-17,19],[10,30],[-33,-30],[6,35],[-23,19],[-6,-14],[21,-20],[-8,-13],[-85,19],[-13,-19],[-1,62],[-22,-28],[-22,-2],[-32,95],[-7,59],[-13,-8],[15,-51],[-6,-13],[-95,-45],[-70,26],[-43,46],[-84,50],[-17,30],[-84,18],[-15,16],[-51,-3],[-117,50],[-31,40],[38,105],[37,-14],[-27,39],[21,11],[34,56],[6,123],[37,125],[-10,71],[-32,44],[-7,97],[72,126],[62,55],[20,87],[-5,21],[-21,8],[118,9],[36,-8],[29,-28],[49,10],[8,15],[84,-3],[-69,11],[23,3],[-14,15],[-70,15],[-25,-12],[-31,6],[-14,48],[-107,72],[32,78],[15,95],[46,28],[56,65],[65,30],[2,23],[38,3],[2,-31],[45,4],[-10,9],[28,28],[11,-15],[3,36],[27,4],[1,-26],[17,-2],[-14,23],[12,9],[20,-29],[7,14],[-18,19],[34,3],[124,56],[27,-29],[-22,-9],[30,-9],[20,-30],[14,-68],[16,85],[-54,48],[2,33],[155,149],[39,133],[25,-5],[-21,25],[33,49],[14,136],[18,18],[3,32],[46,16],[42,-17],[20,-24],[19,0],[33,-61],[-10,71],[-46,59],[189,102],[15,-5],[17,22],[101,31],[58,1],[49,-20],[-3,21],[58,24],[14,27],[18,-21],[30,-3],[17,16],[73,-1],[52,18],[37,27],[118,3],[135,-22],[137,28],[129,67],[21,42],[88,67],[88,104],[38,6],[45,-17],[75,55],[34,11],[34,-11],[52,30],[-50,-20],[-31,9],[-44,-13],[-72,-50],[-80,12],[-192,-154],[-69,-83],[-116,-34],[-71,-5],[85,16],[-101,-8],[-61,30],[-44,1],[-14,20],[-22,-11],[-10,12],[-35,1],[-162,-21],[-10,-17],[-140,14],[-103,-14],[-8,-17],[-24,16],[-44,-38],[-21,10],[-16,-15],[19,44],[-32,10],[-20,-15],[-34,34],[28,-47],[-1,-50],[-107,-11],[-47,-61],[-25,1],[-12,-25],[11,-14],[-19,-15],[-15,5],[10,47],[23,5],[-7,14],[-72,-9],[14,-23],[-8,-69],[-121,-55],[-79,-117],[-27,-138],[-50,-29],[-12,-43],[-68,-44],[-41,-57],[-54,-27],[-3,-12],[37,0],[-99,-39],[-77,26],[-65,2],[-50,26],[-12,-9],[19,-50],[-75,-89],[-92,23],[-28,-61],[-77,-36],[18,-25],[-55,-7],[-82,-90],[-31,-10],[-41,13],[-141,157],[-139,66],[-19,111],[-58,35],[7,184],[-33,151],[39,57],[-6,61],[14,0],[-24,56],[6,34],[-49,19]],[[25147,20036],[14,24]],[[53821,16075],[1,0]],[[53821,16075],[0,0]],[[53601,16191],[34,-8]],[[53601,16191],[0,0]],[[44655,16883],[6,-23],[-53,-10],[-32,-45],[-32,8],[5,36],[-21,10],[19,28],[78,25],[30,-29]],[[44238,16984],[28,-66],[44,-38],[-53,-102],[-62,96],[7,96],[7,-9],[11,33],[18,-10]],[[44329,16998],[-3,11],[27,11],[69,-35],[-3,-17],[23,15],[38,-14],[5,-15],[-30,-26],[-41,10],[-40,-13],[14,-10],[50,15],[35,-23],[-38,-23],[61,17],[-34,28],[18,8],[35,-13],[-14,-30],[3,-21],[-37,-8],[-32,-28],[-22,-8],[-53,42],[30,-4],[22,21],[-55,0],[-4,-21],[-27,14],[-58,63],[32,1],[0,26],[-37,-19],[-28,59],[51,14],[4,-37],[32,-26],[-27,33],[24,40],[24,-15],[-25,-10],[11,-12]],[[44204,17085],[-51,-23],[31,1],[-88,-56],[19,-2],[66,52],[17,-19],[-22,4],[11,-39],[-18,-13],[-9,12],[-39,-5],[52,-12],[-2,-17],[-78,-6],[55,-6],[-60,-32],[85,34],[-47,-32],[27,2],[17,18],[-4,-26],[-40,-9],[39,-3],[-30,-30],[-42,-7],[-24,37],[-38,-4],[23,44],[-21,-9],[-6,-26],[-16,25],[-57,16],[-23,26],[-5,22],[19,30],[14,-16],[-7,30],[12,33],[45,17],[125,28],[-17,-42],[38,51],[-28,-52],[40,44],[-5,9],[37,18],[5,-67]],[[44169,17206],[27,-16],[-19,-18],[-39,20],[-53,4],[84,-28],[31,14],[-2,-21],[-70,-26],[2,-5],[-87,-20],[-73,-25],[26,117],[30,-28],[1,-37],[21,11],[-17,32],[-32,31],[18,17],[152,-22]],[[43956,17196],[-6,-52],[-25,-30],[-89,3],[-22,-5],[-17,-49],[23,20],[-1,23],[30,-4],[79,7],[22,20],[-25,-80],[-68,2],[40,-12],[-55,-18],[27,-6],[46,26],[-16,-32],[-76,-22],[-93,18],[56,-21],[-170,-25],[-22,-24],[-7,-47],[-72,20],[7,-8],[-22,-24],[-78,20],[-56,-17],[4,110],[34,48],[20,-1],[-42,-111],[4,-24],[24,76],[6,-22],[-24,-40],[6,-15],[23,49],[11,86],[-10,32],[32,-18],[-28,31],[15,32],[58,46],[19,2],[15,-22],[36,9],[14,17],[26,-5],[44,31],[19,6],[39,-13],[-54,-34],[-33,10],[-48,-42],[-89,-42],[-6,-48],[17,22],[1,-25],[19,-5],[8,-21],[-24,-52],[29,51],[-8,25],[-20,7],[-6,44],[21,10],[15,-45],[6,33],[-13,13],[49,25],[-1,-37],[11,40],[46,41],[17,-14],[-25,-9],[28,-6],[-8,-17],[4,-56],[2,60],[15,-7],[-8,31],[33,-11],[19,4],[10,-67],[15,0],[-20,69],[-49,9],[36,29],[54,-13],[59,26],[26,-10],[-39,-4],[34,-9],[36,11],[2,-12],[26,16],[9,-21],[12,102],[22,2],[15,-60]],[[43593,17238],[33,-49],[-16,-18],[-36,5],[-10,-19],[-29,-2],[-12,15],[46,41],[-53,-40],[-27,4],[-14,47],[26,19],[61,-10],[28,18],[3,-11]],[[43843,17261],[-8,-16],[28,8],[49,-17],[-14,-46],[-35,-12],[-55,10],[-89,-17],[10,17],[54,9],[13,9],[10,72],[37,-17]],[[43785,17299],[-17,-39],[22,23],[-6,-35],[-29,-46],[-82,2],[-41,-15],[-32,42],[6,23],[15,-16],[3,20],[52,9],[61,3],[48,29]],[[55286,19373],[-73,-141],[-86,-55],[-19,-56],[61,-238],[57,-58],[-3,-14],[-90,-58],[-92,-12],[-69,-50],[-14,-33],[44,-57],[-78,-63],[-46,-63],[15,-29],[-51,-30],[-21,-52],[-72,-67],[-64,-12],[-68,14],[39,-97],[-26,-19],[-26,32],[-26,-1],[-7,-22],[40,-17],[3,-15],[-69,-11],[24,-34],[-20,-4],[-76,46],[-25,1],[-16,-15],[-24,-52],[0,-59],[-33,-38],[4,-24],[25,0],[-21,-25],[-47,2],[31,-100],[30,-35],[-22,-6],[-24,19],[-64,12],[-29,-14],[-18,-34],[0,-26],[35,-39],[-38,-7],[-3,-36],[56,-3],[6,-35],[-47,-15],[-28,17],[-72,-33],[-32,-37],[16,-73],[-25,5],[-46,42],[-19,-38],[-91,-20],[-79,45],[-54,-6],[-54,-200],[-43,-27],[-76,-93],[13,-93],[-21,-44],[15,-11],[41,51],[12,-49],[-13,-16],[-40,9],[-40,-32],[65,-68],[10,-55],[54,-6],[-5,-23],[-47,-18],[43,-71],[52,-33],[-48,-24],[14,-22],[-13,-76],[23,-102],[-20,-77],[13,-66],[-77,-33],[-37,15],[-11,-19]],[[53629,16347],[28,-44],[141,-93],[43,-51],[-2,-56],[-24,-26],[-35,-6],[-30,11],[-33,94],[-100,19],[-38,21],[-48,80],[-117,118],[130,-158],[0,-20],[-54,-7],[-9,-30],[85,-126],[-63,-116],[25,-120],[-12,-19],[-81,6]],[[53435,15824],[-25,-6]],[[53410,15818],[-119,-35],[-64,-87],[-82,-29],[-39,-44],[-9,-40],[-41,-14],[-26,18],[46,24],[-9,68],[-32,-6],[-14,-49],[-44,-6],[-7,62],[-68,47],[66,-53],[1,-60],[53,5],[17,49],[26,4],[5,-60],[-39,-14],[-6,-16],[20,-19],[65,10],[16,-12],[15,-59],[-22,-73],[-59,-66],[-64,22],[-14,52],[-78,61],[73,-63],[12,-55],[39,-11],[22,-27],[-14,-39],[-100,-58],[-9,20],[-5,-27],[-82,-19],[-123,16],[-28,15],[61,-2],[-10,16],[-17,-13],[-31,21],[-2,58],[-4,-56],[7,-18],[-96,-34],[-25,-42],[-13,-142],[51,-230],[-1,-100],[-16,-76],[-45,-25],[12,-4],[33,22],[37,-205],[-19,-124],[-21,-17],[-15,12],[-6,118],[6,17],[-8,27],[1,-105],[-81,13],[-25,16],[-6,72],[-52,2],[-43,-18],[8,-26],[4,26],[73,6],[15,-67],[13,-11],[91,-33],[-32,-68],[-12,34],[7,-64],[87,-105],[-17,-71],[-33,-38],[-75,-28],[-5,-30],[-33,-17],[-7,-29],[-31,8],[-40,68],[-134,36],[-27,-25],[-43,-9],[6,-7],[42,15],[17,22],[80,-28],[-146,-19],[-143,-70],[-259,-38],[-93,-22],[-64,-48],[-72,-17],[-45,5],[-52,28],[-244,-41],[-11,81],[1,-45],[-14,-12],[0,57],[-25,-89],[-14,78],[-45,39],[-13,-29],[34,-47],[1,-22],[-79,-45],[-63,-2],[-14,21],[20,23],[-36,1],[6,19],[-21,-3],[3,46],[-17,23],[-72,-35],[6,50],[-52,-38],[31,46],[-35,32],[-1,34],[20,-3],[40,59],[27,14],[54,-29],[32,-33],[51,1],[30,23],[-15,28],[7,13],[-97,6],[-13,-28],[-49,21],[-27,-13],[-43,-60],[-17,14],[4,56],[91,63],[29,-14],[-3,20],[-41,-9],[-2,11],[-88,-80],[4,-98],[32,-27],[-27,-33],[-22,-74],[-44,31],[18,65],[-23,-31],[8,30],[-34,-28],[-13,17],[-32,-47],[-33,-1],[-52,-51],[-15,5],[-7,-84],[-57,-5],[-8,16],[27,35],[-20,27],[14,36],[50,15],[-18,56],[7,-57],[-45,-5],[-14,-36],[-76,-56],[1,-19],[46,49],[23,-9],[-6,-54],[-28,-14],[30,2],[4,14],[57,-12],[-4,-31],[-44,-23],[-21,-36],[-70,-3],[-139,39],[-40,-7],[-10,-15],[-34,6],[3,23],[35,-10],[-13,72],[-20,31],[-120,44],[-53,-17],[1,-30],[-14,-3],[1,33],[-27,24],[14,7],[17,-20],[19,5],[-3,51],[-68,65],[-67,-13],[3,-32],[-16,-2],[3,32],[-28,34],[46,-20],[19,55],[-5,73],[-28,57],[-72,21],[-30,-11],[-18,-41],[-13,2],[22,62],[80,58],[-54,21],[-182,259],[2,63],[40,118],[-6,48],[-1,90],[67,93],[-70,-87],[-3,-156],[-45,-123],[-24,22],[-4,-177],[16,-90],[56,-68],[81,-35],[-60,-32],[4,27],[-74,70],[-17,3],[-55,-33],[0,-56],[-11,51],[-13,5],[84,47],[-115,298],[-77,141],[-25,-1],[-37,-28],[-53,36],[-12,28],[49,-46],[25,-1],[42,28],[-13,26],[-73,116],[-32,32],[-224,84],[-250,62],[-471,68],[-254,9],[-41,-7],[34,-12],[-10,-26],[-84,-2],[-81,-26],[-45,-27],[-39,-45],[5,-33],[24,1],[19,-37],[-7,-36],[-24,-19],[-67,2],[-87,-37],[-188,26],[-136,-34],[-77,-4],[-28,-27],[-32,-4],[-139,33],[-52,-35],[49,60],[12,53],[-44,26],[25,59],[-26,4],[-5,-62],[-23,7],[8,57],[-105,20],[-2,-18],[36,-37],[57,-16],[-11,-85],[14,-136],[-25,79],[-46,22],[-137,-41],[-73,-2],[-51,-23],[-1,-25],[-40,9],[-14,59],[29,17],[-27,16],[-9,-38],[31,-104],[-14,-10],[-14,13],[-12,71],[-37,29],[-15,-10],[10,-20],[-318,50],[-147,-90],[-29,41],[-30,3],[32,-24],[-45,21],[-33,-2],[67,-16],[17,-31],[-76,-4],[-33,43],[-77,-17],[1,-6],[74,16],[8,-25],[-76,-20],[-39,24],[11,-36],[27,3],[-77,-25],[-84,34],[20,32],[-15,-3],[-28,-37],[-39,-10],[80,3],[1,-22],[16,-4],[3,-22],[12,23],[119,4],[63,29],[42,-4],[-20,-14],[7,-17],[24,31],[81,10],[101,50],[105,16],[-20,-17],[-57,-5],[-73,-36],[61,24],[5,-15],[29,18],[9,-26],[3,31],[68,14],[23,-3],[-39,-16],[35,-8],[2,11],[29,12],[27,-16],[-6,-20],[25,15],[91,-56],[6,-56],[39,-54],[-26,-34],[-85,-41],[-54,-48],[-229,-98],[-232,-65],[-269,2],[-219,43],[-164,64],[-207,102],[-248,146],[-247,184],[-386,360],[-420,434],[-268,305],[-417,533],[-63,111],[-140,339],[-151,276],[-21,104],[2,97],[11,32],[37,23],[139,-2],[105,-80],[39,-52],[75,-49],[-4,-40],[15,-8],[14,42],[11,-67],[25,18],[35,-40],[18,5],[-34,23],[-6,22],[-35,-14],[-6,58],[15,27],[199,44],[-48,-63],[-48,-26],[-7,-69],[12,-22],[6,86],[42,-15],[-18,26],[20,-4],[14,-32],[-17,-40],[-5,-36],[14,28],[33,-50],[-3,-21],[-39,-1],[34,-7],[13,32],[-18,20],[1,18],[-20,20],[17,10],[-14,82],[7,-8],[63,31],[-33,-61],[35,40],[8,-30],[17,-4],[-7,-24],[35,28],[-32,2],[-16,47],[27,-7],[27,21],[-7,-22],[49,-45],[-55,-48],[-57,-2],[-29,-19],[33,0],[-5,13],[59,1],[-15,-48],[-11,-4],[-35,-53],[2,-59],[-23,-25],[25,-30],[56,17],[75,-20],[35,27],[77,-29],[-12,-10],[-52,5],[46,-25],[-13,17],[58,-3],[-22,18],[15,13],[23,-37],[-35,-35],[24,-4],[17,45],[-26,36],[-30,-6],[-3,36],[11,26],[60,8],[44,-9],[-13,12],[43,-6],[-10,12],[76,11],[26,-49],[-4,33],[19,-69],[-28,9],[-49,3],[-62,-5],[-46,-83],[22,-2],[-10,21],[22,14],[12,41],[13,5],[35,-21],[12,23],[58,-5],[-10,-18],[29,6],[25,-44],[-22,-10],[-23,18],[-16,-10],[-1,-25],[-26,-4],[-21,16],[-41,-2],[31,-16],[9,-15],[13,16],[38,-1],[17,33],[-13,-45],[21,-32],[-11,44],[56,31],[22,-24],[-29,-3],[21,-14],[15,18],[-47,59],[-2,42],[-15,49],[13,17],[52,16],[25,-40],[-10,-37],[4,-32],[27,-34],[-21,-18],[58,9],[-31,14],[-28,35],[-2,17],[17,38],[50,-12],[15,-40],[-36,2],[36,-13],[9,18],[14,-26],[-2,27],[40,-12],[2,-34],[14,16],[37,2],[33,25],[6,-21],[-40,-69],[-34,-1],[-61,-53],[-8,12],[-9,-31],[-70,10],[10,-16],[51,-3],[-14,-36],[47,59],[-28,-42],[6,-16],[36,70],[71,36],[-6,-57],[-12,33],[-11,-11],[18,-32],[-30,-16],[-42,-10],[26,-5],[-24,-19],[19,-2],[14,29],[19,6],[-28,-68],[31,-4],[-10,38],[37,-5],[-11,-32],[24,38],[-38,4],[1,20],[18,21],[12,31],[5,46],[38,58],[1,-41],[11,24],[21,-28],[-12,-45],[20,35],[-5,-28],[16,17],[17,-27],[-11,-22],[-37,-22],[32,7],[0,-60],[-18,-2],[57,-15],[-14,-13],[36,9],[30,-21],[-26,32],[56,-15],[-6,14],[-100,7],[-11,43],[51,-32],[-42,50],[49,12],[-48,-3],[21,68],[12,5],[16,43],[20,30],[23,-15],[-21,-34],[33,31],[33,-20],[-28,-21],[-2,-38],[-29,-18],[-1,-53],[7,50],[53,-25],[10,-16],[20,4],[-20,16],[46,2],[3,-43],[5,39],[-15,16],[-11,-12],[-57,6],[-15,15],[17,60],[58,1],[42,36],[41,10],[-1,24],[38,25],[-59,16],[8,25],[113,-42],[-64,-26],[-39,-39],[13,-30],[-10,-11],[-11,-85],[15,22],[1,-25],[22,3],[-29,41],[18,57],[-14,22],[12,9],[20,-11],[-5,-29],[18,-22],[1,-43],[13,-3],[-15,32],[8,28],[14,-38],[3,18],[66,-27],[-16,-21],[-64,-61],[69,55],[22,-36],[-9,-37],[-51,14],[14,-30],[-28,-10],[97,5],[-33,-34],[-56,-27],[62,24],[18,25],[12,-21],[-2,41],[-65,-1],[3,15],[29,-6],[25,38],[26,-10],[-18,-17],[34,-11],[20,9],[3,34],[15,-21],[31,-17],[25,4],[-51,17],[-22,23],[-20,-39],[-18,33],[-33,5],[-19,24],[12,28],[-8,18],[-61,22],[33,50],[17,-1],[-33,-29],[77,40],[-24,69],[-39,45],[80,-43],[46,-61],[1,-27],[-17,-51],[16,-29],[-24,-4],[9,-19],[47,4],[44,-33],[6,4],[-47,34],[-34,2],[14,29],[-25,9],[18,32],[58,-16],[-42,-19],[40,-19],[-18,17],[28,17],[26,-24],[-14,-16],[40,-7],[31,5],[-56,4],[6,15],[-21,7],[-8,20],[61,-3],[-22,11],[27,15],[47,-8],[-43,17],[-51,-29],[-80,22],[3,40],[-24,38],[97,46],[-8,-74],[20,69],[42,-13],[14,-18],[18,12],[-89,32],[-94,-42],[-29,17],[67,43],[66,72],[24,16],[29,-20],[-18,24],[55,-19],[32,-31],[3,-24],[38,-16],[-39,33],[76,-45],[-25,-13],[-4,-50],[2,-88],[10,139],[40,-41],[14,-46],[8,12],[-39,80],[54,-2],[22,-31],[-6,-18],[34,-36],[-20,51],[-28,43],[16,45],[48,11],[61,-120],[-58,132],[90,-10],[-65,19],[-28,-2],[-16,16],[-80,-79],[-58,36],[-14,47],[31,-14],[-109,82],[-155,-53],[-27,17],[-29,0],[45,-19],[-59,-8],[42,-5],[-66,-15],[-74,22],[25,4],[-56,11],[1,13],[120,4],[-64,13],[-70,-11],[-33,35],[-12,77],[41,18],[3,-98],[8,89],[109,-71],[-98,77],[31,-1],[-58,45],[23,53],[-31,-16],[9,20],[-36,-8],[38,49],[31,-8],[-5,29],[57,6],[59,75],[-12,16],[42,51],[81,3],[124,42],[74,-7],[65,27],[36,-17],[56,5],[13,10],[8,71],[26,56],[57,14],[79,-26],[67,34],[27,48],[56,7],[-55,0],[-33,-51],[-58,-31],[-43,19],[47,11],[-107,-4],[-49,-21],[-38,-133],[-89,16],[-65,-27],[-69,10],[-105,-34],[-72,-6],[-96,85],[-33,-77],[22,-68],[-23,-46],[-141,55]],[[48456,7849],[-2,-45],[-30,42],[14,21],[18,-18]],[[46273,8789],[3,-22],[-18,2],[15,20]],[[56261,9324],[3,-28],[-40,1],[-25,36],[62,-9]],[[56138,9315],[-47,-5],[-4,59],[27,2],[38,-40],[-14,-16]],[[44526,9262],[215,-58],[117,-89],[-108,-6],[-70,21],[-32,16],[-29,80],[-90,27],[-53,-8],[-25,-27],[-84,7],[-96,-22],[-31,10],[2,27],[85,3],[17,-10],[21,17],[83,2],[35,23],[43,-13]],[[45003,11332],[-39,-20],[-28,0],[-8,38],[-114,7],[35,17],[-20,22],[117,26],[10,-20],[51,-8],[10,-27],[-14,-35]],[[48041,12160],[-26,-26],[-29,26],[20,15],[35,-15]],[[48314,12270],[-11,-8],[-39,52],[50,-44]],[[47209,12291],[-40,-21],[4,22],[36,-1]],[[48232,12314],[-27,-61],[-55,58],[7,48],[75,-45]],[[48177,12370],[0,-14],[-22,9],[-25,-10],[-13,78],[54,-41],[6,-22]],[[47331,12417],[-59,-25],[42,33],[49,8],[-32,-16]],[[47276,12442],[-18,-25],[-10,14],[28,11]],[[47335,12480],[-55,-50],[18,41],[37,9]],[[47288,12468],[-32,-24],[22,39],[10,-15]],[[47317,12507],[0,0]],[[47819,12489],[-14,-5],[-78,61],[-6,21],[76,-37],[22,-40]],[[47339,12541],[16,-50],[-41,-1],[25,70],[32,17],[-32,-36]],[[47476,12635],[40,-5],[-39,-41],[44,36],[11,-18],[-51,-31],[47,10],[-10,-27],[-34,-8],[-3,-43],[13,38],[19,5],[-30,-52],[-61,-8],[-10,17],[-13,-32],[-61,-13],[25,26],[-13,58],[62,63],[51,13],[13,12]],[[47452,12661],[11,-13],[-10,-21],[-73,-5],[25,6],[24,32],[23,1]],[[52957,13516],[-40,-23],[-47,10],[25,77],[-22,49],[-41,27],[28,8],[24,26],[-2,-27],[48,-37],[38,-76],[-11,-34]],[[52368,13680],[21,-8],[74,9],[-2,-37],[-68,-37],[-51,19],[-13,26],[39,28]],[[52567,13622],[2,-43],[-18,-94],[-11,45],[-24,55],[-38,16],[-31,25],[40,42],[-7,33],[110,15],[24,-23],[-39,-27],[-8,-44]],[[52456,13724],[30,-12],[-62,4],[144,79],[21,-19],[-10,-37],[-123,-15]],[[53410,15818],[0,0]],[[57382,19237],[83,-14],[129,-54],[45,-55],[36,-116],[30,-37],[218,-148],[-23,-39],[-31,2],[13,-31],[-32,-17],[-3,-37],[219,-79],[-18,-74],[-38,-24],[-1,-51],[147,-8],[-17,-71],[37,9],[45,-19],[3,-12],[-28,1],[-4,-18],[62,-64],[33,31],[25,-16],[14,-40],[139,-80],[178,-250],[77,-67],[171,-99],[81,-89],[33,-211],[38,-108],[-9,-69],[45,-30],[9,-38],[-50,-116],[39,5],[23,38],[19,-58],[-19,-56],[1,-79],[37,-72],[-92,5],[41,-8],[53,-35],[82,-92],[75,-218],[-40,-26],[-46,-67],[31,-85],[203,-147],[22,-100],[30,-27],[-111,-111],[121,-93],[40,40],[152,-3],[33,27],[34,83],[18,0],[6,-22],[45,-31],[-4,-37],[52,2],[-4,-14],[30,-36],[-19,-10],[43,-19],[10,-27],[66,-37],[-10,22],[19,18],[41,-37],[-22,-85],[-26,1],[32,-53],[-5,-19],[129,58],[50,-10],[0,80],[76,24],[47,-74],[13,7],[62,-39],[62,0],[11,-41],[-23,-6],[2,-33],[-35,-54],[-3,-65],[-33,-107],[-48,-93],[24,-96],[-34,-36]],[[60338,15151],[-169,29],[-6,12],[-169,11],[-163,35],[-75,38],[-52,4],[-108,-34],[-100,-94],[-25,-7],[-52,19],[-123,174],[-225,13],[-112,22],[-156,44],[-123,63],[-16,-17],[10,-115],[-26,-101],[-76,-50],[-71,-11],[-41,44],[44,40],[30,9],[-1,18],[-27,35],[-36,13],[67,67],[-23,71],[-18,16],[-99,-21],[-16,15],[-23,-2],[-89,-36],[-55,8],[-27,-11],[-58,33],[-29,-8],[-18,-27],[-26,-6],[-22,-59],[-59,-6],[-22,-63],[-67,-35],[-10,-57],[10,-20],[-94,30],[2,52],[-63,4],[-81,35],[-96,-62],[-64,-13],[23,-37],[-45,-58],[-84,21],[-71,-63],[44,-21],[-59,-70],[-38,31],[-33,-101],[-35,2],[-10,-46],[-52,22],[-31,-79],[-21,4],[-10,-41],[-17,5],[-1,-33],[-58,-69],[89,-71],[-31,-27],[25,-27],[-106,-47],[6,-82],[29,-6],[2,-35],[-52,8],[-45,-78],[-17,-63],[41,-51],[-33,-39],[-62,-28],[4,-9],[-60,-43],[-13,13],[-80,-61],[-101,-31],[-71,-57],[-37,-66],[-27,12],[8,-67],[-121,-16],[16,-38],[-70,-21],[-39,9],[-34,-21],[-91,32],[-131,-19],[-129,-56],[-50,-82],[-126,-14],[-36,-16],[-51,15],[-19,-17],[-19,5],[-42,-46],[-30,5],[-89,-39],[-29,-44],[-52,-29],[-6,-16]],[[55313,13454],[-76,-53],[-82,-17],[7,-27],[-38,9],[-3,-21],[-55,50],[-29,-17],[-56,2],[-32,-29],[-58,21],[-25,-19],[-30,8],[-40,-27],[-25,14],[-75,-10],[-92,28],[-58,-8],[-82,36],[-13,-17],[-33,23],[-17,-13],[-23,22],[-24,-18],[-35,-4],[1,21],[-53,5],[4,27],[-168,-1],[-16,-37],[57,-12],[16,-28],[76,-36],[55,-56],[37,-129],[-7,-42],[51,-49],[-70,-110],[25,-53],[-24,-39],[-6,-59],[59,-69],[-28,-103],[10,-20],[-25,-34],[-52,-23],[-38,14],[-7,76],[-36,-11],[1,-73],[-102,3],[-3,-26],[-108,-59],[-68,-101],[-71,118],[-102,29],[-31,-68],[14,-2],[-26,-28],[21,-4],[23,-30],[-48,-27],[-39,17],[-12,-59],[71,-23],[-53,-96],[-7,-43],[-33,-37],[-25,-136],[21,6],[33,-22],[147,-23],[59,1],[12,-12],[44,10],[26,-19],[28,14],[37,-29],[28,13],[83,-28],[91,-6],[75,-61],[-11,-24],[45,-41],[67,-102],[39,-92],[58,-75],[-11,-56],[-51,-32],[-13,-38],[-31,-16],[18,-43],[53,-41],[19,1],[-3,-66],[-16,-33],[-29,-15],[-8,-87],[-28,-32],[5,-42],[-185,-120],[-43,-55],[-27,-87],[33,2],[-15,-37],[10,-67],[180,-93],[-55,-241],[3,-20],[212,73],[201,135],[91,29],[49,-51],[77,71],[70,-10],[-2,-17],[94,-29],[268,50],[35,-11]],[[55365,10506],[-68,-197],[-40,-214],[1,-130],[34,-75],[22,-31],[34,-123],[49,-51],[143,-77],[171,-66],[26,0],[22,-14],[273,-108],[25,-16],[-19,-27],[24,-20],[-38,-22],[-34,12],[-57,-27],[-14,-24],[2,-73],[-31,-23],[-65,8],[-19,71],[-29,2],[-26,-42],[-58,-33],[-25,10],[-48,-44],[-15,2],[-106,-44],[-10,13],[-33,-1],[-11,37],[-12,-11],[-24,10],[-1,23],[-14,-21],[-48,5],[-22,29],[-13,-9],[-45,14],[-6,17],[-16,-27],[-17,2],[-21,21],[12,14],[-34,18],[-16,-13],[-6,34],[-29,-11],[-16,36],[-21,-4],[-26,45],[-49,1],[-50,20],[-98,-7],[-82,-51],[32,-50],[-6,-91],[-31,-1],[-3,20],[-26,-6],[-64,18],[-6,-13],[-103,-22],[-21,-16],[-29,20],[-16,-10],[-15,10],[-30,-40],[-69,72],[8,48],[-20,11],[-13,42],[-23,0],[-16,26],[-40,11],[-50,40],[8,64],[-24,21],[-35,-15],[-55,18],[-49,-7],[-27,-19],[15,-33],[-24,-29],[-135,-20],[-1,-30],[-53,40],[-1,-49],[-20,7],[-4,-37],[-63,-47],[-35,5],[-48,36],[-106,-56],[-13,10],[-34,-47],[-67,11],[7,15],[-28,8],[-62,-17],[-60,-39],[-7,-116],[37,-30],[-30,-14],[-21,-69],[-20,-30],[-15,3],[-10,-32],[-118,-39],[-9,16],[-35,-7],[-43,20],[-39,55],[-50,13],[-36,59],[-25,3],[-26,43],[-68,39],[-65,-3],[-36,-32],[-51,7],[-12,29],[-29,-10],[-7,-21],[-25,24],[-22,-29],[-25,18],[-26,-19],[-12,28],[-42,-14],[-75,32],[-52,107],[-12,-9],[-20,15],[-8,-14],[-65,-6],[-15,28],[-24,-11],[-43,45],[-24,-26],[-11,21],[-51,-19],[-32,19],[-25,-17],[-28,15],[-28,-12],[-11,11],[-42,-9],[-64,63],[-2,54],[-63,27],[1,43],[-54,26],[-6,22],[-15,2],[-6,-22],[-53,11],[-10,-16],[-44,22],[37,4],[46,61],[-22,46],[7,40],[-54,26],[-11,30],[49,-8],[-4,14],[65,62],[74,-6],[6,-43],[24,9],[17,29],[-13,54],[8,-60],[-18,-21],[-18,-1],[6,27],[-12,15],[-84,4],[-61,-52],[-128,-26],[-19,-19],[28,-8],[28,24],[43,-20],[5,-21],[-113,-45],[-2,-25],[-34,-23],[-33,-59],[-59,19],[-35,-48],[-24,-6],[-3,-17],[-42,-4],[-19,-37],[-37,11],[-1,64],[-61,12],[-41,-30],[-38,-4],[-27,16],[-226,-42],[-172,-12],[-94,18],[3,-36],[-28,-31],[-284,-172],[-114,-97],[-104,-151],[-53,-178],[83,-49],[222,-196],[38,5],[22,-14],[90,-96],[-1,-36],[38,-105],[-47,-87],[-92,-36],[-51,-46],[6,-10],[-36,-25],[-21,17],[-43,-16],[-85,24],[-2,34],[-20,15],[-2,26],[-15,-7],[-4,29],[-10,-21],[-98,74],[-53,5],[-11,-12],[-91,20],[-110,50],[-69,7],[-60,36],[-97,-5],[-73,35],[-44,-17],[-70,70],[-43,2],[-43,-33],[-52,5],[-13,-24],[-29,-13],[-65,9],[-6,-10],[-26,17],[-8,-10],[-34,43],[-49,-7],[-44,12],[-217,-37],[-136,-70],[-76,-63],[-50,-91],[0,-66],[29,-48],[-17,-10],[76,-40],[29,-37],[42,-22],[-2,-17],[-35,-8],[-24,-28],[2,61],[-26,10],[2,20],[-51,5],[-25,-15],[5,-51],[-17,-28],[-39,-4],[-88,21],[-24,86],[-12,-13],[-30,41],[0,56],[-36,22],[-24,-1],[-29,-35],[-68,-13],[-68,31],[-55,-41],[-41,27],[-35,-2],[-29,17],[-36,-23],[-26,25],[-17,-8],[-16,14],[-48,-1],[-36,45],[-47,-31],[-27,4],[-1,20],[-44,-12],[-41,33],[3,24],[-19,14],[-40,-3],[-28,24],[-18,-27],[-11,12],[5,32],[-75,34],[-8,44],[-56,15],[-16,34],[-23,7],[-21,-14],[-46,0],[-29,38],[10,16],[-34,-16],[-30,26],[-2,26],[-19,-16],[-15,27],[-9,-12],[-33,25],[10,37],[-50,-34],[-17,11],[-4,63],[-31,-27],[-35,-2],[3,24],[-52,-8],[-15,42],[-16,-9],[-27,20],[34,101],[-40,-13],[-47,28],[-23,-22],[5,-15],[-28,-12],[-17,14],[7,38],[-34,-12],[-13,15],[-22,-3],[-13,29],[-59,3],[-11,54],[-44,-23],[-80,13],[-11,55],[16,48],[-31,-15],[1,25],[-15,-15],[-47,4],[-29,-14],[-42,39],[2,50],[-38,-11],[-16,28],[-55,-38],[-16,77],[39,65],[-83,-23],[-9,16],[-25,-12],[-1,25],[-14,-14],[-13,13],[-38,-29],[9,23],[-49,-5],[-10,33],[-54,-23],[-6,15],[-30,-9],[-33,17],[-12,45],[-8,-10],[-38,14],[-116,-65],[-19,-40],[6,-52],[-58,-12],[-96,47],[-40,48],[-176,30],[-59,41],[27,43],[14,-15],[42,6],[5,45],[19,5],[6,21],[13,-7],[14,25],[81,44],[46,58],[18,-4],[27,31],[20,1],[16,32],[58,12],[35,-18],[16,19],[66,6],[59,26],[37,139],[16,178],[-9,188],[-33,177],[-200,607],[-112,222],[-216,365],[-27,31],[-73,-17],[0,42],[48,33],[-9,31],[76,27],[27,36],[-8,11],[45,17],[28,31],[25,-26],[61,-2],[58,46],[-7,46],[40,15],[80,6],[29,19],[50,-41],[72,-29],[35,2],[29,33],[19,-36],[64,-17],[105,21],[112,82],[46,57],[195,379],[0,-71],[15,-6],[59,99],[110,120],[62,31],[68,-33],[44,6],[95,46],[121,98],[97,168],[94,234],[72,296],[36,98],[17,15],[255,-46],[236,64],[-7,-66],[-67,-36],[-134,-2],[-142,36],[-40,-10],[9,-34],[61,-55],[62,-28],[148,-12],[42,-36],[7,-34],[-13,-58],[-30,-19],[-78,34],[57,-57],[-6,-96],[-23,-29],[-85,6],[-35,41],[-5,30],[-27,13],[61,-86],[-17,-11],[-46,10],[43,-17],[-20,-38],[32,25],[42,10],[38,-6],[-1,-21],[-40,-16],[-58,5],[-19,-5],[-15,-23],[31,22],[48,-2],[-29,-14],[68,12],[-60,-20],[19,-3],[-12,-27],[-95,-13],[-47,-34],[53,29],[53,8],[-45,-14],[-41,-49],[45,44],[80,9],[-72,-54],[-9,-42],[-39,-23],[-14,-22],[-16,6],[-9,-48],[13,-6],[-35,-13],[34,1],[-27,-44],[-10,-68],[-90,-4],[-43,-24],[82,22],[-3,-43],[14,22],[45,13],[8,34],[11,-8],[10,-70],[-20,-16],[-46,-5],[-16,-15],[5,-31],[-19,-4],[-14,16],[-19,-33],[22,15],[37,-8],[-10,27],[12,21],[48,8],[16,-39],[-38,-23],[29,-40],[-9,-27],[21,11],[9,-34],[42,-5],[-46,-27],[17,-25],[31,6],[31,-38],[-31,-22],[17,-33],[-27,-17],[-27,21],[14,41],[-33,1],[-27,-33],[25,-29],[-34,-3],[0,-27],[-21,-6],[-17,-30],[-30,-9],[4,-34],[6,38],[23,2],[20,31],[18,4],[2,28],[34,4],[-24,31],[25,31],[24,0],[-14,-38],[29,-28],[37,23],[-18,31],[31,14],[-1,16],[-34,38],[-38,-2],[2,16],[40,17],[-8,16],[-34,9],[11,23],[-27,12],[-20,36],[36,30],[-16,29],[10,25],[93,-27],[6,-15],[-44,-17],[-14,-23],[44,-40],[29,-6],[-67,51],[56,30],[29,-26],[-12,-12],[45,-59],[-20,-17],[34,0],[-48,108],[15,22],[-25,-15],[-32,34],[-43,6],[-30,21],[-8,51],[-21,67],[34,-1],[2,-24],[40,-25],[-1,-28],[46,-20],[-41,27],[9,21],[18,3],[-52,16],[-16,12],[0,23],[-23,7],[53,33],[43,14],[16,-21],[-14,-37],[25,-8],[-10,19],[11,27],[27,-79],[-13,-48],[38,-41],[8,-42],[12,-1],[-15,53],[-38,43],[17,28],[-27,98],[54,-27],[12,-20],[29,17],[-4,-53],[14,-38],[2,84],[-18,17],[-53,7],[-30,25],[141,-2],[16,-28],[-27,-29],[15,-15],[-26,-46],[9,-14],[38,109],[-23,35],[41,16],[15,-14],[36,8],[-43,-93],[21,-28],[-27,-7],[-13,-34],[-37,-24],[11,-25],[41,74],[39,-2],[4,-63],[-47,-39],[-16,-36],[-36,-33],[4,-37],[-27,-25],[26,5],[-10,-40],[22,51],[27,-7],[-32,22],[-2,32],[34,29],[22,-12],[-16,25],[31,35],[14,-9],[-8,-23],[19,-12],[-12,-15],[4,-46],[19,7],[1,-21],[37,-52],[-28,54],[18,11],[25,-33],[-13,29],[-48,26],[-7,24],[9,21],[-15,12],[-3,33],[17,24],[-1,46],[-19,51],[13,2],[-18,25],[23,39],[17,1],[8,-29],[54,-60],[-35,-36],[-10,-40],[19,23],[19,-36],[13,-67],[9,36],[-35,69],[28,53],[-50,64],[27,11],[45,-27],[46,-132],[-11,-25],[-31,-13],[-1,-33],[-17,-6],[6,-41],[12,-10],[-10,45],[21,-15],[-1,59],[33,17],[-3,-27],[16,-19],[-4,-57],[-28,-23],[41,3],[12,-34],[-8,-40],[14,24],[6,-50],[27,-51],[5,7],[-52,154],[15,-4],[8,-33],[22,0],[40,-30],[-6,18],[-47,24],[-14,28],[-20,9],[-2,64],[39,-21],[-43,39],[144,-17],[-29,-21],[56,25],[-49,-50],[-20,-55],[16,-4],[-1,28],[21,23],[2,-40],[-7,-31],[1,-45],[9,7],[1,65],[20,16],[-19,12],[-5,33],[27,19],[43,-61],[4,-42],[23,-6],[-17,-71],[10,-28],[13,92],[4,-24],[21,6],[19,-66],[13,70],[78,18],[33,47],[14,-20],[-14,-34],[26,-25],[-10,-25],[12,-37],[-42,-13],[-8,-17],[23,-36],[28,-8],[-17,-61],[17,14],[8,40],[25,-17],[27,20],[15,-55],[38,17],[11,27],[20,-22],[20,4],[9,-17],[21,12],[0,-32],[20,-6],[-23,-21],[4,-34],[22,-30],[-20,59],[24,28],[-20,9],[1,32],[-58,2],[-15,28],[-45,-45],[-20,50],[24,16],[-57,-24],[-66,31],[1,30],[44,12],[-4,81],[31,-59],[-24,66],[15,-4],[-3,26],[22,-17],[-15,41],[-22,-39],[-21,-5],[8,40],[-16,25],[-23,6],[-22,-47],[-50,8],[-46,-22],[-47,57],[28,25],[-16,2],[18,28],[-10,22],[39,16],[13,-18],[19,5],[23,-18],[43,5],[3,22],[20,-10],[10,-34],[25,-5],[8,-28],[62,-11],[-9,14],[-48,2],[-8,25],[-35,20],[3,17],[-37,15],[-4,-29],[-21,0],[-28,22],[-26,-5],[-3,24],[-48,-19],[-65,60],[-33,-8],[-46,17],[-53,-19],[-33,25],[5,47],[45,-9],[5,17],[50,-4],[-41,14],[-72,-8],[-19,48],[25,-31],[53,6],[35,-13],[34,23],[56,3],[8,23],[-23,58],[8,13],[19,-35],[24,-6],[-3,-20],[28,7],[42,-41],[13,-36],[54,-93],[48,32],[-6,31],[18,7],[39,-111],[77,-56],[-20,30],[-48,27],[-17,44],[43,34],[8,-38],[8,22],[-10,21],[-51,53],[-63,22],[-22,64],[-52,58],[-41,6],[-27,27],[-20,61],[32,16],[-11,68],[60,-33],[35,-51],[53,-21],[5,-13],[-39,-16],[13,-70],[62,-58],[18,40],[57,16],[30,-17],[63,-128],[41,-37],[169,-58],[92,-6],[145,19],[18,-10],[-19,-28],[80,23],[41,-10],[65,51],[48,-22],[8,-26],[-55,-70],[-89,-19],[-49,21],[-32,-25],[-4,-43],[-19,4],[-53,-21],[-15,-25],[-70,-9],[5,-15],[60,13],[22,29],[49,17],[25,0],[13,14],[30,-55],[44,-28],[22,13],[11,-26],[-52,-28],[-6,-27],[-26,-11],[-69,17],[-6,-5],[69,-19],[37,13],[8,29],[51,26],[-5,26],[23,-10],[37,18],[29,-5],[-8,-100],[-29,-41],[-21,-55],[7,-2],[37,45],[-17,8],[33,50],[12,80],[-12,23],[-27,5],[-36,-18],[-37,19],[-27,-13],[-33,23],[-24,76],[60,-4],[78,15],[77,52],[85,15],[57,26],[31,37],[28,73],[15,-18],[5,-111],[51,-19],[52,-41],[64,-10],[98,5],[44,-11],[56,32],[23,41],[-28,66],[6,52],[19,22],[58,-34],[-6,-38],[33,-85],[-24,-60],[-28,-9],[-5,-36],[23,-42],[-17,-17],[-32,-2],[-32,37],[-38,-23],[-23,18],[-45,7],[-10,-48],[33,-20],[-31,-6],[35,-5],[-12,-20],[-33,-10],[-2,-16],[44,-33],[43,-9],[31,13],[9,-7],[-37,-50],[-32,2],[-20,27],[-31,-10],[-10,-42],[35,-44],[-42,-2],[-3,-28],[-25,-1],[-2,-15],[41,16],[-8,22],[47,6],[-34,49],[9,35],[24,5],[18,-24],[41,-3],[35,50],[-9,22],[-40,-14],[-73,32],[46,50],[-40,31],[14,31],[34,-1],[20,-22],[40,32],[-5,-26],[38,-20],[-15,-19],[-6,-37],[15,-18],[39,-14],[6,-54],[3,57],[-47,15],[-14,26],[23,38],[-2,13],[64,6],[-10,78],[32,21],[-8,11],[24,66],[24,7],[8,-18],[30,-5],[-14,-32],[13,-23],[-11,-5],[36,-13],[48,28],[-29,-4],[-17,-21],[-22,9],[-14,29],[21,42],[-36,-4],[-15,22],[-22,-4],[-17,37],[15,69],[32,-24],[31,3],[22,-24],[-7,-40],[16,40],[-30,25],[-29,-8],[9,24],[-22,-12],[-28,27],[2,11],[38,8],[9,-8],[12,28],[41,-19],[33,14],[-22,7],[-8,-19],[-48,19],[5,63],[31,83],[101,110],[187,74],[83,-29],[-31,-70],[25,-31],[-33,-54],[40,50],[-3,30],[23,1],[-36,16],[23,24],[45,2],[0,-51],[39,33],[18,-29],[24,-10],[-35,44],[-27,-7],[-3,38],[174,-37],[136,64],[33,-2],[26,-58],[72,-65],[-54,71],[-15,49],[56,8],[-12,10],[-39,-12],[-12,9],[-89,135],[9,21],[36,19],[23,42],[54,-12],[48,30],[33,0],[-3,13],[-38,48],[-24,-8],[0,14],[-46,1],[-10,8],[77,-5],[30,-28],[5,8],[112,-47],[42,8],[101,62],[63,11],[16,-8],[2,-27],[-39,-48],[43,37],[7,48],[101,-34],[120,74],[117,16],[78,-8],[-39,35],[112,12],[79,-40],[59,-6],[152,96],[68,7],[34,23],[60,-30],[46,15],[26,31],[36,-19],[78,55],[-74,-47],[-22,22],[-19,-1],[-58,-38],[-71,21],[-52,-22],[-55,-3],[-149,-93],[-34,11],[-48,43],[-70,16],[-212,-27],[-31,11],[8,50],[-17,-1],[68,80],[44,108],[79,18],[23,-7],[66,33],[-33,0],[7,31],[32,20],[40,-13],[-11,24],[163,79],[124,13],[-2,-36],[-25,-34],[9,-12],[66,120],[121,35],[2,28],[96,16],[41,-23],[0,-19],[-29,-21],[16,-19],[-40,-44],[19,-20],[-15,-19],[4,-47],[13,-19],[1,-28],[26,-28],[-28,65],[-13,15],[16,61],[-18,21],[39,44],[-16,9],[10,14],[48,-29],[0,-61],[48,-31],[-2,-50],[23,-40],[52,-42],[-45,45],[-23,42],[8,45],[-46,26],[-3,67],[-38,32],[5,21],[60,-12],[67,18],[8,-14],[53,-39],[20,-39],[1,-32],[15,-14],[18,100],[-10,24],[20,62],[38,19],[47,-11],[97,25],[104,-125],[-23,-71],[29,-32],[42,-6],[65,34],[14,54],[-43,68],[-58,54],[182,30],[17,-15],[7,-54],[79,-9],[46,-29],[-9,-41],[-64,-4],[-5,-29],[18,-6],[61,6],[19,-27],[64,-40],[-87,73],[-63,-6],[-4,20],[62,3],[17,44],[43,12],[63,-50],[79,14],[63,34],[24,32],[19,4],[71,-28],[4,4],[-81,29],[-30,-23],[-73,-45],[-67,-13],[-59,47],[-52,-7],[-44,35],[-69,6],[-22,16],[1,42],[-30,33],[-10,-13],[-170,-22],[-43,-31],[-21,3],[-44,48],[-68,37],[-49,92],[-17,20],[-23,-1],[-28,22],[6,31],[-22,9],[5,14],[37,-11],[22,46],[66,35],[104,99],[101,57],[58,80],[39,18],[-6,82],[-39,90],[14,12],[55,-3],[67,35],[25,-19],[73,-18],[-102,42],[-59,-34],[-70,10],[-21,56],[19,18],[-31,9],[-15,21],[-96,76],[11,17],[-36,-11],[-15,19],[-65,205],[9,74],[28,47],[80,43],[25,-2],[36,-37],[-6,20],[87,-9],[7,-18],[-33,-40],[-32,-4],[6,-10],[52,7],[-6,-151],[33,161],[21,-41],[-21,108],[106,203],[32,132],[51,68],[20,8],[40,-13],[25,24],[14,-6],[47,28],[-21,2],[-22,-24],[-20,11],[-25,-30],[-34,14],[27,56],[14,130],[25,78],[26,27],[34,9],[123,-16],[74,17],[38,128],[-43,89],[44,108],[4,38],[-92,83],[12,23],[89,-20]],[[53635,16183],[73,-17],[18,-75],[47,-29],[48,13]],[[53822,16075],[16,4],[20,60],[-49,74],[-139,90],[-36,56],[-5,-12]],[[55313,13454],[12,-12],[43,10],[73,-14],[59,-37],[51,37],[42,-56],[60,39],[-4,16],[30,9],[96,-49],[53,-11],[-15,-42],[84,-78],[191,-95],[10,-22],[71,-34],[40,59],[229,-178],[38,-11],[24,-26],[122,-45],[-87,-24],[20,-60],[-94,-162],[-50,-133],[121,-23],[129,11],[145,46],[334,164],[-4,-30],[75,-15],[20,-230],[73,-256],[33,-58],[59,-10],[49,-192],[107,-182],[49,-57]],[[57601,11703],[-12,-14],[36,-55],[25,-89],[5,-150],[-16,-76],[12,98],[-11,157],[-385,17],[-105,-33],[-375,-25],[-212,-47],[-358,-131],[-164,-78],[-139,-92],[-167,-131],[-191,-178],[-63,-18],[-18,-27],[48,31],[8,-21],[-90,-164],[-64,-171]],[[60338,15151],[-39,-124],[25,-200],[-112,-248],[-73,-83],[-78,-58],[-81,-27]],[[59980,14411],[-22,13],[-47,-27],[-24,-50],[-62,-18],[-61,-52],[23,-75],[-45,-99],[35,-34],[-9,-21],[-15,7],[-39,-19],[-34,-112],[-44,-38],[-17,-136],[-70,11],[0,-17],[-99,-7],[-39,-23],[-10,-207],[16,-41],[26,-12],[0,-46],[-20,-34],[17,-57],[-61,-134],[-175,-270],[-183,-339],[10,-136],[-92,-369],[28,-87],[-68,-16],[45,-11],[99,-65],[3,-117]],[[59046,11773],[-74,36],[-167,25],[-305,-271],[-520,-183],[-179,-7],[-34,-32],[-58,-93],[19,45],[40,57],[66,71],[-58,75],[-49,-26],[-16,8],[18,180],[-31,4],[-19,18],[-27,-4],[-12,48],[-19,8],[-26,-18],[6,-11]],[[61682,20042],[1,-30],[86,-53],[89,-229],[69,-13],[63,42],[34,3],[84,-119],[77,-56],[33,-49],[267,-197],[60,-98],[29,-179],[13,3],[42,-50],[7,-77],[-20,-40],[36,-67],[-34,-39],[4,-97],[-53,-9],[-15,-33],[91,-130],[242,-105],[67,0],[264,-67],[152,-19],[64,31],[81,-10],[9,45],[169,-33],[47,36],[15,42],[61,82],[-34,16],[11,10],[104,26],[5,12],[71,3],[68,178],[9,65],[-21,3],[25,64],[65,28],[-14,56],[16,36],[24,14],[36,-9],[-92,96],[-88,37],[92,82],[174,211],[105,51],[93,15],[119,47],[16,-14],[66,18],[175,11],[159,55],[464,96],[56,-2],[112,-65],[55,-1],[133,64],[83,131],[81,1],[77,35],[137,109],[4,-58],[53,-10],[160,14],[-11,-50],[301,1],[11,14],[56,4],[25,-86],[41,-6],[60,-62],[64,22],[70,-32],[15,-24],[139,-29],[4,-63],[53,-24],[16,-30],[0,-55],[46,-12],[102,34],[27,-42],[108,-54],[34,-55],[62,12],[60,-51],[31,39],[51,-15],[90,18],[51,-47],[33,11],[70,-35],[100,-78],[108,2],[130,39],[17,59],[38,-1],[32,-48],[42,-8],[0,-62],[46,-2],[66,-68],[-9,-109],[49,-94],[-49,-77],[115,-126],[-3,-43],[-38,-90],[38,-34],[18,-47],[93,-124]],[[68817,18424],[-81,-69],[117,-153],[-37,-51],[321,-669],[12,-74],[51,-496],[25,-60],[11,-210],[-119,-186]],[[69117,16456],[-349,285],[-245,44],[-388,-205],[-182,-212],[-29,-58],[-260,-217],[-122,-160],[-134,-118],[-4,-29],[-100,-71],[-30,-61],[-393,-314],[-111,-215],[-14,5],[-71,-67],[-227,-152],[-242,-124],[-159,-152],[-45,-2],[-90,-85],[-1,-56],[-144,-193],[-103,-180],[-23,-102],[-541,-683],[-302,-17],[-92,24],[-37,-38],[-58,-21],[-114,-89],[-119,-65],[122,-216],[-53,-12],[-37,-25],[-15,-60],[16,-45],[-20,-27],[-156,-67],[-65,-7],[-78,-85],[-17,-63],[-21,-20],[-84,-5],[-139,37],[-54,-13],[-72,7],[-17,84],[-125,131],[-45,-61],[-26,-96],[-30,-2],[-63,-58],[-170,-102],[-8,-146],[-521,-4],[-17,70],[20,11],[28,69],[-61,116],[-13,75],[-43,62],[1,49],[30,92],[-11,38],[-88,7],[-115,62],[-53,-1],[-108,-33],[-53,10],[-77,49],[-45,10],[-155,-29],[2,26],[25,29],[-17,11],[-36,-16],[-26,35],[-61,-10],[-48,54],[-64,-24],[-66,19],[-19,-75],[-29,-18],[-58,16],[-39,51],[22,-2],[-17,39],[-62,85],[-38,4],[3,-88],[-132,7],[-34,22],[1,-19],[-43,15],[-356,295],[-59,31],[-87,11]],[[60712,13428],[144,187],[-90,-132],[48,54],[18,-12],[-31,-101],[44,129],[-19,-4],[48,64],[14,11],[78,-64],[129,-48],[-173,-117],[-15,-22],[19,-25],[11,9],[-20,20],[122,93],[88,41],[60,9],[113,59],[43,41],[31,62],[22,-2],[-5,15],[188,261],[39,122],[46,56],[107,6],[91,-15],[210,30],[89,33],[-11,4],[15,57],[82,53],[63,85],[-26,28],[14,36],[-37,-31],[-8,-88],[-36,-28],[-65,-15],[-13,-38],[-23,-17],[-1,-52],[-108,-10],[27,33],[-30,-19],[-18,37],[14,-51],[-36,46],[25,-44],[-110,-27],[-21,0],[-1,19],[31,17],[-26,6],[-12,-41],[-40,5],[-155,-1],[-63,-77],[-29,-105],[-56,-78],[-192,-236],[-76,49],[77,92],[-80,-87],[-98,67],[169,-133],[-71,-59],[-88,-33],[-79,6],[-119,66],[80,-37],[-55,30],[1,8],[-98,39],[22,54],[46,29],[32,9],[53,-29],[-11,29],[67,74],[36,-29],[-22,40],[-17,2],[-63,-79],[-72,-3],[-61,-34],[-25,-60],[-64,-55]],[[60799,13612],[-67,59],[49,119],[-61,85],[-78,196],[-77,34],[-107,-18],[-143,-53],[-50,81],[12,114],[-66,-9],[-111,24],[12,67],[-58,28],[13,40],[-87,32]],[[60799,13612],[-134,-181],[-30,-55],[-15,-86],[-11,-190],[16,-121],[50,-97],[19,-81],[-22,15],[-8,37],[-30,60],[-43,19],[-1,112],[-3,-114],[42,-18],[31,-65],[10,-40],[-21,-19],[35,6],[-100,-53],[-173,-59],[100,20],[191,77],[3,-29],[13,21],[94,-78],[16,-19],[21,-97],[-34,-117],[-9,-122],[-20,2],[-2,24],[-22,4],[-26,-34],[9,-19],[34,-2],[20,15],[5,-16],[-39,-128],[-71,-102],[-84,-55],[-85,-26],[-14,53],[-18,-9],[26,-34],[-23,-9],[-20,23],[-22,-17],[13,-18],[-26,8],[15,-23],[-48,-38],[-25,-33],[-33,63],[-63,34],[-190,9],[122,-27],[57,8],[53,-42],[-5,-14],[-36,10],[15,-17],[-26,-12],[-28,9],[-8,-12],[28,-10],[-22,-13],[51,-14],[-19,-34],[-70,-27],[-118,-11],[-213,52],[-196,6],[-47,-11],[-52,-50],[-50,-23],[-159,-42],[-99,-4],[-114,18],[-52,21],[-63,2]],[[69744,13128],[-72,-153],[-490,109],[-502,-160],[-10,-172],[-1405,241],[-178,9],[-88,-11],[16,34],[-534,102],[-512,-857],[-114,-286],[62,-29],[28,-138],[-64,-136],[-92,-313],[51,-48],[72,-12],[39,-36],[4,-89],[-34,-119],[12,-30],[41,-25],[12,-24],[-32,0],[-128,68],[-113,32],[-99,16],[-104,-9],[-38,-250],[-61,-103],[-10,-96],[147,-374],[110,-40],[317,-486],[302,-139],[14,-80],[73,-32],[55,-43],[49,-50],[41,-91],[93,-56],[93,-35],[4,-38],[-105,-129],[13,-65],[40,-55],[82,-71],[65,-34],[55,-90],[-7,-68],[26,-51],[-1,-49],[-20,-85],[-29,-28],[1,-39],[-16,-11],[15,-17],[-13,-12],[10,-27],[-16,-28],[5,-28],[-31,-15],[10,-53],[-30,-29],[-10,-49],[-70,-79],[-15,-93],[-54,-32],[-130,-19],[-18,10],[-149,-1],[-123,24]],[[66184,7956],[-161,8],[-45,-25],[-141,-24],[-55,12],[-55,-47],[-107,5],[4,-19],[-46,-46],[-27,-74],[-43,-15],[-108,25],[-66,-30],[-6,-30],[-39,-44],[19,-50],[32,-31],[-38,-29],[-5,-23],[-44,-25],[-22,-36],[-63,-51],[-56,-21],[-258,108],[-10,-7],[-35,44],[-185,43],[-132,17],[-10,-13],[-212,-35],[-207,62],[-66,34],[-62,65],[-114,59],[-74,86],[-116,-9],[-34,-46],[-107,-3],[4,-12],[-30,-18],[16,-50],[-24,6],[-5,-29],[-25,-20],[-46,25],[-98,-10],[13,81],[-45,45],[-43,-18],[-40,58],[-38,-7]],[[63129,7842],[6,74],[-272,472],[-244,504],[-52,75],[7,10],[-315,474],[-85,63],[-187,-104],[-73,-11],[-67,7],[-282,86],[-238,183],[17,11],[152,-131],[101,-65],[288,-79],[64,2],[48,17],[23,188],[-27,16],[13,27],[-14,68],[-73,170],[-89,143],[-185,-13],[-36,-23],[-103,9],[-98,-45],[-56,-50],[-13,12],[64,54],[69,29],[-7,9],[131,-9],[107,34],[-93,-9],[147,19],[181,52],[18,25],[-6,19],[19,147],[40,155],[40,42],[150,58],[13,18],[-187,-59],[-38,-40],[-62,-254],[-43,-59],[-120,-34],[-49,2],[11,9],[-23,36],[-107,77],[-80,-133],[-5,11],[79,125],[-7,61],[-140,166],[-124,113],[-634,535],[-241,207],[-161,182],[-61,103],[32,48],[90,47],[59,65],[62,5],[8,49],[127,58],[-6,28],[-180,-57],[241,101],[99,56],[53,54],[29,56],[55,8],[87,42],[45,35],[65,76],[-45,28],[-45,-47],[17,-24],[-26,-25],[-28,19],[-47,-40],[-57,-21],[32,267],[9,184],[-11,80],[-60,18],[-57,46],[-32,71],[26,40],[85,32],[-10,3],[-106,-46],[-3,90],[-24,-1],[-5,-24],[-40,96],[-4,159],[12,117],[34,93],[74,-13],[100,-43],[-53,30],[-59,20],[-55,11],[4,14]],[[69117,16456],[-98,-530],[130,-376],[-170,-241],[63,-204],[-133,-214],[-36,-123],[255,-275],[182,-478],[54,-82],[359,-348],[71,-362],[-50,-95]],[[66184,7956],[-8,-38],[29,-40],[24,-17],[59,-2],[-1,-107],[-25,-78],[12,-47],[-32,-142],[56,-141],[-27,-24],[92,-88],[80,-43],[45,-78],[143,-103],[121,-67],[283,127],[51,45],[62,22],[181,112],[465,246],[162,57],[229,51],[94,34],[608,50],[96,-40],[42,-100],[51,26],[24,-27],[75,-14],[-5,53],[191,-65],[-10,100],[124,-2],[-6,25],[27,24],[1,-14],[72,-4],[321,39],[102,0],[179,-14],[124,-44],[5,98],[60,80],[253,-16],[58,-39],[106,-20],[5,15],[67,6],[25,-57],[38,11],[28,-23],[-69,-34],[3,-19],[46,-29],[-4,-38],[-35,-19],[15,-77],[-32,3],[123,-117],[-113,-6],[-15,-86],[15,-53],[49,-73],[-2,-41],[-15,-38],[-65,-72],[40,-1],[55,-29],[63,14],[-5,-98],[46,-13],[22,-45],[95,7],[36,21],[27,-48],[52,-11],[-7,-21],[15,-29],[66,23],[7,41],[28,-25],[95,1],[-101,-86],[37,-18],[79,-6],[-27,-56],[-31,-4],[-34,-43],[38,0],[75,-44],[55,-55]],[[71567,6459],[-3,-50],[-33,-48],[-211,-159],[-41,17],[-99,-66],[-81,18],[-56,-62],[-27,-10],[-49,5],[-74,35],[-33,-5],[43,-77],[104,-127],[-72,-37],[-4,-39],[-40,-4],[35,-89],[-392,-128],[128,-66],[69,-56],[31,-118],[28,-46],[-38,-172],[-725,542],[-109,-23],[-267,-101],[-181,-98],[-104,-92],[-116,-46],[-74,-11],[-131,-90],[-288,-50],[-37,43],[-78,13],[16,54],[-15,3],[-52,-32],[-25,10],[-86,-32],[-96,-70],[-62,5],[-76,-41],[-101,-14],[-125,-64],[-23,-61],[-42,-46],[-76,-42]],[[67879,4932],[-7,10],[-78,-29],[-43,-44],[-88,-37],[-98,-22],[-85,-5],[-40,-18],[-73,-65],[-62,-28],[-15,9],[0,-75],[-31,-19],[-116,42],[-141,182],[-174,161],[-77,15],[-52,42],[-122,49],[-258,29],[-227,-51],[-70,-36],[-21,-33],[11,-27],[-43,-39],[-17,-52],[-29,-22],[14,-37],[-13,-34],[-40,-32],[-18,8],[8,49],[-74,59],[1,27],[-93,36],[-76,7],[-41,-17],[1,-53],[-38,-18],[-30,20],[20,53],[-41,27],[-92,29],[-156,8],[-60,-125],[0,-41],[-9,47],[-29,-2],[2,-38],[23,-5],[-10,-32],[56,-46],[-71,39],[-12,-19],[-6,18],[-17,-7],[-11,39],[-42,45],[-58,30],[-24,-10],[-5,-18],[-22,4],[-2,15],[-77,-17],[-41,25],[-4,28],[-11,-7],[-1,44],[-16,17],[-76,39],[-3,28],[-56,10],[-60,-27],[-87,47],[0,56],[18,-2],[-9,45],[-34,17],[11,48],[-14,-10],[-41,28],[4,40],[-25,17],[1,43],[-57,72],[40,55],[-2,33],[-43,27],[-14,37],[-29,-1],[-17,54],[-36,30],[3,38],[-51,49],[-36,11],[-15,56],[-35,29],[-15,-9],[-5,21],[-32,-3],[-3,23],[28,35],[-4,33],[-18,23],[-27,-14],[-20,56],[-34,13],[-61,12],[-16,22],[-38,11],[-48,-13],[-29,26],[-54,12],[-10,17],[20,16],[-25,91],[-72,49],[-56,18],[-19,-41],[-28,12],[10,26],[56,36],[10,30],[37,28],[13,37],[-127,207],[-280,666],[-84,229],[-85,319]],[[75832,12003],[26,-21],[-82,-22],[51,-51],[-69,-93],[50,-50],[-20,-34],[53,-32],[-37,-59],[20,-8],[-39,-62],[-30,-7],[47,-59],[-2,-86],[28,-6],[1,-61],[21,-31],[28,1],[-10,-76],[10,-213],[28,11],[25,-8],[2,-92],[-103,4],[-24,-99],[-162,0],[-84,25],[-16,21],[-581,-98],[-267,45],[-64,-41],[-7,8],[-43,-14],[-19,72],[-53,25],[-2,-61],[-23,-11],[-8,-32],[2,-94],[-143,38],[-26,-8],[-3,-28],[-122,48],[57,154],[5,51],[33,58],[10,98],[-36,-9],[-239,118],[-83,-82],[-20,2],[-55,46],[-41,-19],[-60,84],[-3,-21],[-43,41],[-56,-50],[19,-107],[-35,-24],[-74,-15],[-54,-71]],[[73510,10998],[-177,69],[-246,-56],[-56,6],[-58,48],[-107,144],[-43,-73],[-60,-53],[-62,54],[-84,32],[-12,-8],[3,-27],[-51,42],[-97,27],[-90,70],[-35,91],[-39,47],[-188,-23],[-149,44],[-57,54],[-53,121],[-57,16],[-39,29],[-22,57],[-222,92],[-351,569],[-81,208],[-58,71],[-290,166],[4,20],[-32,54],[2,-28],[-32,-3],[-16,25],[-1,61],[-52,112],[-41,17],[-116,-24],[-82,5],[-173,91],[-252,-4],[-138,-44],[-56,31]],[[69117,16456],[727,-81],[71,10],[108,-29],[131,-12],[126,-46],[61,9],[51,-20],[30,1],[67,47],[59,-11],[7,-20],[26,1],[73,-36],[71,-53],[33,12],[-7,-19],[43,-36],[14,4],[26,-41],[30,0],[53,-73],[92,-36],[137,-117],[17,50],[23,-55],[211,-14],[141,-34],[32,-48],[31,14],[293,-351],[332,-346],[27,-49],[160,-66],[65,-49],[157,-63],[86,-58],[82,-20],[101,-73],[174,-85],[104,-12],[149,6],[247,-108],[23,38],[49,9],[134,-148],[389,-301],[-36,-38],[223,-301],[44,24],[202,-305],[-11,-13],[243,-378],[44,-126],[88,-151],[192,-272],[-10,-4],[175,-188],[83,-114],[14,-44],[57,-15],[11,17],[127,-70],[97,-34],[7,-38],[109,-94]],[[73689,21427],[-39,-25],[-15,-102],[47,-207],[-34,-155],[97,-172],[27,-227],[33,-116],[22,-40],[140,-140],[75,45],[15,-33],[-33,-41],[-5,-65],[59,-46],[28,-91],[120,-80],[19,-27],[-11,-96],[-30,-88],[5,-53],[163,-197],[121,-56],[11,-68],[42,-100],[-18,-81],[53,-36],[23,-52],[-14,-10],[12,-34],[-25,-9],[-4,-24],[-97,-5],[18,-36],[53,-45],[-10,-13],[-45,-12],[-36,19],[-36,-26],[7,-11],[-57,-2],[-59,-50],[82,-63],[-6,-24],[-37,-50],[-19,11],[-60,-10],[-28,-71],[-40,11],[-74,-15],[-39,22],[-32,-5],[-33,42],[-91,44],[-60,96],[-381,-6],[-101,-36],[549,-446],[54,-94],[-29,-27],[95,-107],[257,-210],[50,-56],[127,-93],[54,-105],[157,-143],[42,-81],[-22,-9],[189,-418],[58,-106],[181,-186],[2,-43],[30,25],[334,-88],[106,-74],[188,-197],[259,-427],[249,-301],[50,-95],[26,-109],[40,-73],[153,-448],[248,-222],[169,-269],[15,-94],[34,-37],[89,-52],[183,-364],[96,-144],[69,-77],[58,3],[51,-48],[72,-17],[65,-83],[20,131],[31,31],[33,-26],[12,29],[32,14],[9,-28],[27,1],[11,20],[91,1],[24,-60],[-7,-65],[20,-65],[-105,-143],[73,-45],[-28,-119],[22,-38]],[[78005,13089],[116,-148],[69,-127],[86,-56],[43,-5],[-4,-50],[48,-41],[14,-47],[-23,-32],[18,-72],[-13,-48],[17,-32],[-9,-48],[-26,-29],[12,-28],[-45,-63],[44,-67],[2,-79],[26,-50],[-65,1],[47,-52],[-81,-73],[47,-51],[89,-28],[39,-60],[-31,-45],[-51,-107],[81,-214]],[[78455,11438],[-256,-3],[-7,-72],[-15,-16],[-114,32],[-18,52],[-59,-21],[-88,21],[-106,-22],[-106,4],[-51,24],[-39,-13],[-10,-20],[-50,7],[155,317],[-31,-1],[-120,-162],[-80,-54],[-35,48],[-157,98],[-53,53],[-7,41],[-31,35],[-124,-70],[-12,41],[-53,43],[-41,58],[-97,69],[-42,79],[-22,-28],[-13,19],[-37,-27],[-13,8],[-105,-16],[-35,-28],[18,50],[-14,-5],[-52,26],[18,46],[52,49],[-88,115],[-25,-11],[-16,15],[-44,-63],[-59,-52],[-83,72],[-88,-95],[-40,61],[-66,68],[-25,7],[-143,-100],[26,-25],[-122,-89]],[[68817,18424],[45,34],[-6,67],[86,23],[50,59],[223,60],[84,64],[69,18],[78,42],[35,0],[45,78],[84,1],[77,79],[-1,34],[-38,39],[-3,23],[69,133],[5,62],[14,29],[8,76],[75,18],[-33,47],[55,63],[-3,39],[23,24],[56,-33],[88,69],[200,-20],[60,10],[34,-19],[17,-46],[33,-33],[36,16],[98,-39],[110,21],[75,42],[-23,76],[29,39],[-6,41],[-49,26],[-39,58],[0,30],[-80,28],[-22,76],[24,15],[90,11],[95,74],[41,5],[32,-57],[46,17],[88,65],[16,28],[-20,32],[121,72],[67,81],[191,130],[200,84],[71,63],[89,51],[65,76],[72,51],[466,238],[193,52],[192,111],[70,72],[17,42],[38,335],[143,239],[-6,118],[-44,127],[97,14],[48,-10],[51,20],[37,-7],[96,62],[79,-87],[204,-128],[23,-41],[103,-86],[5,-44],[74,-63],[-18,-51],[60,-76],[9,-47],[-11,-39]],[[79738,7902],[35,-74],[14,-147],[57,-29],[97,18],[42,-47],[32,-320],[-18,-87],[-57,-108],[23,-92],[92,-86],[85,-35],[148,-40],[170,3],[61,-36],[26,-45],[-4,-34],[-91,-158],[-44,-50],[-7,-40],[123,-52],[107,-77],[90,-114],[82,-143],[208,-123],[133,28],[268,-83],[88,-12],[284,26],[80,-29],[37,-37],[14,-37]],[[81913,5842],[6,-93],[39,-144],[35,-45],[108,-66],[33,-37],[34,-154],[72,-126],[45,-161],[72,-98],[9,-35]],[[82366,4883],[-647,87],[-27,-34],[6,-11],[145,-77],[42,-84],[-29,-17],[-20,25],[-81,-42],[-154,-262],[-51,-48]],[[81550,4420],[-377,419],[-22,9],[-106,9],[-83,-10],[-167,-69],[-29,-38],[-144,-18],[-239,-106],[-34,-53],[-32,-137],[-41,-35],[-90,-43],[-64,-9],[-60,11],[-35,-13],[-216,60],[-263,-28],[-76,15],[-48,-12],[-52,85],[-160,191],[-18,4],[-29,51],[-43,95],[-37,143],[12,14],[-28,49],[-14,116],[-31,81],[-234,374],[-112,103],[-65,159],[-12,-4],[-17,140],[-65,91],[-49,32],[-69,14],[3,10],[-148,77],[-102,104],[-47,18],[-25,95],[-109,-35],[-103,-9],[-141,25],[-251,73],[-197,9]],[[77281,6477],[-27,17],[-45,67],[-2,42],[-27,7],[-12,21],[4,150],[82,29],[-7,42],[25,37],[-39,82],[65,13],[-42,119],[-24,9],[-21,53],[-54,-3],[12,105],[-26,84],[-32,20],[-28,52],[-47,40],[-21,56],[13,116],[60,137],[32,7],[8,16],[93,14],[30,47],[15,-6],[19,23],[51,-14],[41,-32],[1,-20],[45,2],[17,19],[11,-34],[18,7],[61,-19],[105,31],[23,-9],[42,84],[-3,58],[40,5],[9,17],[-18,23],[5,26],[46,20],[-71,55],[50,54],[65,-8],[7,24],[148,7],[11,-13],[78,49],[63,19],[-54,84],[40,63],[6,72],[158,-51],[55,-5],[134,39],[56,-39],[247,84],[1,10],[218,0],[4,73],[137,-16],[16,25],[57,22],[8,-39],[99,6],[11,-77],[31,-56],[-40,-74],[10,-54],[136,-107],[100,-120],[127,-95],[51,-67]],[[83714,6404],[-23,3]],[[83714,6404],[0,0]],[[83767,6444],[-1,1]],[[83767,6444],[0,0]],[[83670,6566],[-7,-12]],[[83670,6566],[0,0]],[[83708,6633],[0,8]],[[83708,6633],[0,0]],[[84017,7373],[-22,-60],[31,-70],[-51,-107],[27,-61],[-93,-56],[-103,9],[-52,-39],[-37,-53],[-35,-139],[28,-107],[-1,-34]],[[83709,6656],[-11,-39]],[[83698,6617],[-1,-3]],[[83697,6614],[-48,-62],[-5,-93],[23,-42],[29,-19],[26,5]],[[83722,6403],[1,0]],[[83723,6403],[44,36],[41,-35],[-85,-83],[12,-19],[49,-3],[-59,-96],[-2,-36],[17,-32],[129,-96],[21,-71]],[[83890,5968],[-163,-137],[-452,-548],[-125,-113],[-155,-98],[-422,-172],[-207,-17]],[[81913,5842],[93,-25],[30,54],[24,-13],[-31,72],[195,144],[73,-72],[31,288],[198,-53],[-136,619],[-5,418],[22,11],[3,-22],[99,37],[-25,20],[47,59],[8,-63],[88,-37],[144,70],[31,124],[8,120],[62,29],[11,34],[61,-32],[56,33],[47,-4],[39,-31],[4,38],[48,-58],[216,-59],[411,3],[134,-56],[118,-117]],[[97511,10033],[-3,137],[-36,57],[-123,3],[-28,-42],[-37,35],[-52,-3],[14,18],[-10,12],[38,41],[-174,31],[-23,68],[-60,25],[45,98],[-11,83],[92,19],[-140,233],[-14,205],[-27,74],[-60,-31],[-219,-49],[7,-7],[-136,-61],[-115,-98],[-1,-24],[-176,-179],[-109,-91],[-29,17],[-220,-126],[54,212],[8,104],[-87,9],[-106,62],[-132,132],[-18,-13],[-22,13],[-101,-6],[-240,24],[-9,-37],[-133,35],[-171,-62],[-22,68],[-36,-45],[-43,17],[-24,26],[14,48],[-33,15],[-33,-47],[-29,-17],[-63,22],[-43,89],[-28,-9],[-7,26],[-33,15],[-59,-2],[-110,30],[-18,-47],[-30,-17],[-64,-256],[-109,9],[10,127],[-140,-52],[-115,128],[-48,-11],[-50,19],[42,43],[37,73],[-4,57],[39,61],[3,33],[65,10],[6,32],[76,19],[-4,119],[-24,47],[-47,23],[0,42],[594,85],[199,-7],[102,-42],[9,100],[-63,31],[-68,63],[52,42],[-10,154],[-76,-2],[-37,52],[26,34],[-17,17],[-42,11],[-10,-18],[-38,22],[17,61],[-26,7],[-59,50],[-84,158],[-52,40],[-82,18],[-20,23],[-35,89],[-56,71],[-33,113],[-66,72],[-51,95],[-67,45],[-6,18],[-33,-12],[-82,66],[-25,64],[10,81],[-10,21],[-77,54],[-65,-39],[-22,-41],[-69,-16],[-62,-49],[-152,16],[-232,-145],[-87,-15],[-50,10],[-201,-66],[-100,-3],[-50,-27],[-151,-133],[-189,97],[-38,-2],[-82,28],[-53,-69],[-25,9],[-17,-29]],[[92162,12848],[-34,5],[-15,39],[41,133],[9,92],[-14,49],[34,-16],[-108,100],[-12,-9],[79,-97],[-9,-148],[-48,16],[45,-26],[-34,-91],[37,-68],[-43,-15],[-10,-36]],[[92080,12776],[-6,-12]],[[92074,12764],[-53,-46],[-36,-12],[-94,6],[-44,-29],[-3,-37],[20,-23],[102,-32],[1,-27],[-22,-30],[-28,-12],[-42,10],[-49,64],[-23,6],[-81,-68],[-20,-47],[13,-19],[41,-23],[73,-15],[16,-19],[-167,-154],[-52,-26],[-47,21],[-30,107],[-43,11],[-66,-21],[-88,-193],[20,-32],[58,-32],[-3,-18],[-125,-34],[-69,69],[-92,45],[-38,64],[-62,21],[-91,-40],[-21,19],[-22,-3],[31,-21],[-12,-29],[-143,-143],[-72,-111],[-25,-31],[-42,-27],[-219,-19],[-95,-65],[-23,0],[-1,29],[-51,55],[60,64],[-27,20],[-42,-10],[-13,18]],[[90233,11945],[-4,6]],[[90229,11951],[-27,5],[5,39],[25,5],[19,52],[-67,80],[-27,8],[6,26],[44,32],[-2,28],[-39,-4],[2,17],[-36,29],[13,15],[-11,28],[-142,7],[-65,68],[-165,-68],[-16,-68],[-28,-33],[-50,-3],[-34,-56],[-29,-15],[-39,5],[-107,69],[-92,-15],[-50,22],[-112,7]],[[89205,12231],[-39,37],[-80,27],[-1,48],[-40,45],[-77,-30],[-75,33],[-36,43],[-76,-12],[-37,61],[-73,39],[-24,-2],[-41,-33],[-23,6],[-2,61],[-19,41],[-34,26],[-50,-7],[-88,34],[-47,106],[-43,-6],[-45,24],[-11,29],[36,32],[-8,25],[-108,32],[-29,50],[11,45],[-56,0],[-20,13],[-4,29],[41,40],[12,44],[-54,39],[-21,49],[-57,44],[-3,73],[-23,41],[27,39],[53,10],[19,20],[-44,119],[-48,50],[8,133],[-75,48],[8,62],[29,49],[-7,42],[-56,1],[-28,103],[69,270],[129,-80],[88,-80],[15,14],[44,-37],[11,1],[-3,28],[25,4],[-5,24],[17,7],[27,-52],[54,26],[78,13],[-28,48],[22,4],[24,42],[-127,7],[1,24],[22,2],[-9,55],[23,14],[-29,108],[23,110],[38,24],[-15,21],[13,4],[-6,62],[124,25],[87,43],[174,45],[25,-101],[-17,-112],[32,-1],[72,-41],[153,-2],[13,-20],[46,-11],[25,-24],[4,48],[-21,13],[-25,59],[15,12],[13,59],[17,4],[1,33],[19,-6],[29,54],[104,333],[125,187],[74,53],[-6,57],[-31,45],[-45,31],[-242,-21],[-188,-56],[-189,-3],[-48,-11],[-7,-16],[-159,-21],[-47,-28],[-34,13],[-46,-16],[-60,9],[65,165],[30,148],[69,144],[35,-9],[49,30],[65,221],[50,51],[98,49],[89,99],[6,25],[-15,34],[26,50],[51,45],[32,69],[-38,70],[-35,41],[-81,53],[-19,36],[-18,9],[-27,-19],[-33,24],[-53,9],[-92,-33],[-107,-8],[1,14],[-53,20],[-36,34],[6,30],[-31,43],[-32,3],[-29,31],[-52,9],[-108,-30],[-68,0],[-143,-67],[-97,20],[-77,0],[-140,-43],[-63,-42],[-54,52],[-70,127],[-70,42],[3,21],[-53,46],[-24,43],[-14,61],[80,103],[-18,8],[12,42],[-14,7],[125,484],[19,286],[-251,351],[27,54],[-122,14],[-101,50],[-73,51],[21,45],[-57,-48],[-158,215],[-6,63],[-34,26],[-17,35],[-13,72],[43,34],[70,22],[-27,93],[41,23],[-3,87],[31,11],[63,-8],[47,25],[-511,642],[-598,255],[-161,-24],[-483,153],[-393,227],[-268,-66],[-205,20],[-228,-62],[-66,-81],[-93,23]],[[83957,20278],[-132,14],[-55,52],[-57,27],[-131,6],[-152,51],[-92,-10],[-54,18],[-78,1],[47,18],[47,81],[37,0],[63,34],[45,-4],[12,46],[-91,8],[-18,75],[9,18],[-43,41],[26,21],[-6,31],[142,1],[39,40],[57,8],[-68,85],[-110,50],[10,84],[27,22],[13,35],[-27,113],[-57,55],[-70,16],[-32,28],[-63,21],[-5,42]],[[83190,21406],[132,22],[102,67],[8,-7],[55,48],[124,30],[47,25],[78,105],[22,57],[-54,86],[-33,12],[-14,25],[91,21],[61,56],[81,-25],[4,27],[-38,35],[43,29],[30,-13],[40,46],[36,143],[26,34],[30,15],[57,-23],[55,6],[-2,27],[-34,34],[66,73],[21,-29],[20,15],[42,-48],[63,39],[-20,58],[11,17],[-8,33],[26,9],[24,-43],[52,25],[-24,79],[82,1],[43,-70],[37,-27],[134,-30],[79,-43],[156,-158],[96,-17],[19,10],[13,26],[-45,41],[-49,141],[-12,48],[7,76],[19,53],[45,14],[92,-31],[138,-16],[-7,25],[-36,-1],[-15,84],[-44,52],[-19,51],[3,60],[37,75],[84,59],[151,25],[94,43],[52,39],[62,14],[11,39],[29,20],[-1,54],[205,124],[1,20],[-33,47],[23,74],[170,89],[40,61],[60,17],[117,78],[54,17],[-75,66],[-151,240],[-92,75],[-12,39],[47,136],[-10,20],[101,14],[26,46],[87,52],[45,52],[27,-16],[20,-48],[24,-3],[40,75],[114,44],[17,24],[52,-8],[103,12],[72,-27],[37,31],[110,26],[66,-10],[15,22],[4,74],[106,96],[-22,99],[-37,40],[12,78],[-27,77],[29,43],[57,-2],[27,43],[8,64],[-13,23],[-42,7],[6,88],[-37,18],[-3,54],[-70,53],[23,134],[-62,60],[-101,55],[-62,88],[39,32],[-8,30],[-47,34],[20,78],[-3,108],[-116,58],[-222,47],[-25,48],[7,109],[-67,112],[-123,2],[-71,52],[-64,72],[-53,9],[-122,54],[-26,45],[-23,3],[-20,28],[-40,-4],[-32,88],[16,46],[-11,45],[-69,49],[-6,33],[-56,39],[-14,98],[28,40],[94,69],[-2,53],[-116,183],[-5,43],[-44,49],[-17,86],[-49,73],[13,80],[-12,41],[-73,88],[-23,50],[163,112],[117,132],[-219,193],[-161,283],[215,218],[52,100],[60,66],[40,16],[47,-30],[35,9],[44,-20],[20,84],[74,126],[264,302]],[[86170,29515],[150,-144],[108,-75],[5,-30],[67,-73],[13,-60],[158,-110],[33,-48],[303,-192],[85,-79],[40,-63],[16,-74],[34,-53],[2,-37],[46,-96],[176,-48],[137,-73],[113,-214],[28,-138],[284,-250],[75,-195],[77,-135],[-2,-87],[-51,-136],[-5,-69],[7,-79],[64,-160],[191,-150],[103,-28],[401,112],[19,-11],[96,9],[81,43],[20,52],[44,-34],[49,12],[17,26],[21,-14],[16,-71],[55,-44],[1,-33],[-18,-10],[34,-80],[-4,-65],[-69,-3],[41,-125],[53,-34],[8,-47],[-22,-15],[31,-55],[3,-41],[45,-36],[8,-24],[-34,-19],[-56,-72],[10,-18],[41,7],[-1,-26],[-51,-14],[-48,-47],[82,-27],[14,-51],[-13,-22],[12,-30],[-11,-40],[32,-50],[34,26],[80,-48],[62,26],[49,-15],[142,96],[95,6],[138,-37],[47,8],[50,57],[15,54],[54,42],[64,-38],[65,41],[40,-11],[33,7],[44,29],[80,92],[108,35],[56,119],[32,2],[43,-20],[41,7],[79,-46],[258,172],[5,-22],[59,26],[69,9],[22,22],[0,31],[88,64],[37,-27],[118,75],[0,29],[63,46],[41,90],[32,33],[41,-1],[67,37],[33,-23],[55,-10],[42,11],[120,-15],[35,13],[41,53],[132,80],[-68,181],[-1,38],[23,44],[190,37],[161,-26],[80,-35],[52,-99],[28,-26],[33,-5],[16,-31],[6,-104],[48,-41],[47,-9],[58,15],[52,-13],[191,53],[47,-27],[30,-79],[53,-25],[41,-64],[207,-4],[49,-20],[50,-55],[-12,-36],[-36,-30],[0,-40],[-65,1],[-99,-55],[-307,-50],[-88,-28],[-17,-55],[65,-100],[60,-7],[34,48],[22,5],[97,-24],[3,-51],[41,-4],[13,118],[83,13],[89,-7],[14,46],[21,7],[36,-21],[-4,-43],[44,-21],[30,56],[-1,38],[45,35],[33,-7],[51,-83],[8,-61],[100,-43],[-8,-111],[14,-69],[30,-26],[-28,-62],[27,-52],[-1,-59],[58,4],[26,-37],[33,-10],[235,-8],[88,19],[66,-2],[48,-75],[55,-1],[36,-84],[-3,-53],[25,-82],[55,-61],[137,-68],[160,-51],[80,-70],[34,-74],[1,-106],[93,0],[61,-92],[124,-19],[48,-45],[13,-32],[134,-73],[80,-13],[12,-23],[86,-10],[16,14],[78,-15],[86,-117],[36,22],[210,-89],[35,8],[-44,-43],[-20,3],[-19,-66],[-79,-98],[-31,-87],[-89,-52],[-16,-60],[22,-73],[-28,-50],[-53,-38],[11,-39],[37,-22],[-48,-31],[10,-52],[89,-105],[126,-72],[92,7],[27,-86],[13,-16],[37,-4],[27,-66],[49,-37],[21,-44],[-8,-49],[36,-23],[35,-98],[45,-25],[20,-75],[90,-106],[1,-94],[26,-75],[80,0],[99,-27],[14,-17],[156,-19],[80,-70],[15,-56],[21,-13],[45,40],[11,-5],[29,-56],[-52,-133],[31,4],[68,-99],[110,137],[14,-10],[55,38],[16,-41],[12,75],[35,33],[10,-23],[26,-1],[23,-33],[72,-4],[60,178],[202,246],[64,-64],[-28,-33],[13,-67],[-12,-53],[69,-159],[45,-43],[162,-57],[49,22],[50,-6],[20,27],[-17,150],[67,129],[57,-55],[126,-53],[76,65],[128,-345],[12,-67],[-7,-121],[208,-38],[27,146],[-19,16],[129,100],[8,-33],[100,-10],[44,-29],[48,-11],[0,-19],[176,-5],[176,-30],[201,-93],[64,-48],[20,-58],[-10,-163],[35,-62],[98,-39],[116,2],[17,-53],[-10,-45],[-354,-66],[65,-143],[-28,-57],[-45,-25],[75,-214],[-1,-109],[-22,-38],[-83,-27],[-98,3],[-158,-61],[-94,-1],[-29,-87],[-27,1],[-41,-23],[-7,-46],[-92,-139],[59,-206],[175,-173],[55,-37],[-25,-26],[-55,-10],[-17,-22],[-5,-159],[-15,-49],[-25,-23],[-58,-12],[82,-162],[-4,-45],[-88,-170],[36,-171],[-59,-140],[-102,-122],[-18,-119],[33,-83],[101,-145],[56,-140],[48,-71],[57,-49],[188,-97],[89,-88],[16,-56],[-100,-287],[-91,-141],[-35,-114],[-11,3],[-58,-85],[-18,-153],[-16,-18],[7,-43],[-21,-28],[-84,-57],[-371,-138],[-36,-54],[3,-58],[31,-65],[204,-192],[-42,-149],[79,-361],[54,-63],[168,-117],[90,-115],[44,-99],[-18,-170],[-16,-35],[-40,-29],[-67,-22],[-73,-3],[-39,22],[-86,110],[-56,19],[-57,-1],[-52,-40],[-3,-106],[93,-81],[126,-33],[137,-60],[102,-141],[29,-147],[-5,-105],[-26,-40],[15,-8],[-136,-237],[13,-64],[38,-61],[160,-126],[239,-54],[77,-65],[19,-57],[-36,-84],[-87,-59],[-176,-48],[-4,19],[-32,-14],[-4,-21],[-95,-19],[-26,2],[-5,25],[-60,-8],[-143,18],[-64,-7],[-99,-31],[-83,-56],[-12,-93],[-51,-120],[1,-67],[44,-82],[123,-62],[124,-12],[80,23],[72,49],[151,165],[45,17],[33,-24],[-35,11],[-22,-14],[1,-17],[40,-17],[13,-30],[-43,-114],[-90,-152],[-244,-295],[-44,-22],[-31,-68],[-19,-121],[36,-87],[56,-45],[46,-14],[45,14],[60,54],[58,25],[60,-3],[40,-33],[60,-119],[10,-85],[-31,-125],[-66,-102],[6,-108],[135,-250],[207,-217],[38,-62],[4,-44],[-34,-59],[-107,-118],[-64,-140],[-30,-9],[-20,27],[4,-45],[32,-16],[1,-17],[-25,-112],[-40,-72],[-54,-52],[-27,7],[-45,-11],[-1,-8],[50,-7],[-85,-44],[-139,-51],[-25,14],[-56,-15],[39,-11],[-287,-155],[-220,-170],[-12,28],[28,61],[5,59],[-88,-27],[2,-24],[42,0],[-38,-154],[-209,-254],[-18,-13],[-18,11],[8,-32],[-19,-79],[-18,-6],[-33,-59],[-6,-43],[-172,-116],[-80,-131],[21,-23],[-79,-66],[-124,-29],[-279,1]],[[80804,15679],[-35,-137],[3,-40],[104,-115],[49,-202],[-24,-109],[33,-69],[-33,-51],[1,-21],[84,-122],[82,-47],[-32,-120],[23,-42],[-9,-85],[33,-74],[-33,-62],[-66,-29],[-89,-103],[22,-40],[-13,-55],[36,-149],[0,-120],[83,-60],[-101,-128],[50,-72],[-3,-22],[57,-36],[9,-124],[46,-51],[25,-85],[-23,-66],[-49,-22],[-46,-45],[-6,-96],[-137,-70],[-66,-92],[-10,-48],[-137,-80],[5,-41],[68,-91],[-9,-84],[-39,-68],[21,-60],[-65,-115],[49,-52],[101,-56],[90,-147],[192,-52],[-24,-40],[-87,-60],[4,-68],[32,-57],[107,-49],[129,16],[76,-25],[102,7],[74,-19],[77,38],[83,4],[241,60],[241,-350],[98,-77],[177,-80],[182,-28],[94,-51],[114,-40],[23,13],[57,-40],[50,43],[27,46],[100,-28],[42,-28],[71,55],[52,-13],[17,43],[70,-17],[53,9],[103,68],[98,29],[90,65],[103,4],[253,-40],[78,29],[153,-7],[118,-67],[19,2],[94,-67],[58,-22],[128,-18],[15,-47],[100,-97],[25,-46],[-29,-107],[106,-44],[27,-85],[53,-52]],[[84919,10786],[-83,-40],[-65,-52],[8,-20],[-100,-35],[23,-13],[-84,-11],[-189,-57],[-20,-46],[40,-30],[-58,-22],[-10,-32],[-93,-63],[30,-84],[-20,-114],[73,-169],[-2,-62],[49,6],[87,42],[84,-9],[94,-91],[89,-57],[26,-55],[125,-74],[71,5],[90,58],[23,-25],[29,-120],[38,-48],[145,-96],[77,-9],[16,-25],[1,-44],[-88,-161],[-13,-63],[-33,-42],[-76,-15],[-41,16],[-37,27],[-13,56],[-27,32],[-76,-25],[-44,-32],[-11,-26],[11,-42],[103,-92],[20,-43],[-71,-62],[-125,-3],[-54,-20],[-42,-59],[-6,-129],[-72,-46],[-8,-57],[40,-49],[-9,-30],[-72,-88],[-146,-25],[-7,-73],[-52,-60]],[[84464,8283],[-74,82],[-119,-19],[-86,41],[49,25],[-5,28],[30,47],[-12,17],[-93,-23],[-68,58],[-105,46],[-47,-3],[-14,30],[11,13],[-123,26],[-81,42],[-88,-17],[-29,55],[6,22],[-26,-12],[-47,-122],[-29,3],[-91,-74],[-75,26],[-9,42],[-31,25],[-15,49],[-25,11],[-26,90],[-53,76],[-141,77],[-69,60],[-32,-32],[-65,-23],[-149,-35],[-209,-22],[-78,-25],[3,-12],[-143,-36],[-25,15],[-108,-15],[-37,40],[-66,8],[-126,-46],[-127,-22],[-23,-1],[-13,24],[-93,-70],[23,-47],[-44,-30],[-289,-85],[-23,-19],[-26,7],[-77,-18],[-8,8],[35,56],[-5,26],[-13,-2],[-109,-38],[-88,-53],[-136,-30],[-71,-45],[-4,19],[-57,43],[-31,-22],[-49,54],[-44,24],[-19,35],[-32,-13],[-13,13],[-75,-22],[-4,8]],[[80529,8621],[11,119],[34,75],[-5,52],[-21,42],[-44,24],[-44,141],[-59,47],[-30,125],[-111,58],[-115,133],[-26,-14],[-138,6],[-142,-88],[-144,-59],[-24,113],[-45,51],[-28,67],[-77,91],[-1,71],[-49,52],[36,47],[-28,44],[101,77],[-14,56],[-102,185],[-43,35],[-47,3],[-111,51],[-51,49],[-80,-49],[5,-11],[-41,-28],[-3,-27],[-91,102],[-101,40],[-28,29],[-80,141],[-8,62],[-11,12],[-24,-7],[-22,59],[20,6],[-41,82],[22,133],[-57,-1],[25,141],[-103,97],[-38,145],[-101,238]],[[78005,13089],[128,34],[4,28],[20,-2],[10,23],[-15,11],[12,20],[48,50],[129,85],[-12,21],[104,78],[13,18],[18,61],[-19,3],[-6,50],[26,14],[-12,11],[34,50],[76,54],[-20,47],[16,5],[3,30],[-21,38],[8,69],[-37,48],[82,96],[30,-15],[35,-63],[33,-25],[21,-122],[47,-8],[55,-49],[107,-11],[33,9],[-3,22],[42,93],[20,16],[-31,126],[6,93],[28,91],[-10,87],[-22,24],[-10,43],[10,166],[12,11],[-37,52],[-2,28],[14,65],[57,62],[64,37],[73,88],[91,14],[72,52],[48,-54],[114,124],[92,43],[57,80],[389,16],[188,101],[-177,172],[61,131],[23,17],[89,6],[70,59],[-4,15],[91,63],[114,-17],[9,19],[216,-49],[18,18],[30,100],[54,-31],[-31,-24],[24,-27]],[[84556,15328],[9,-38],[34,-20],[-41,-42],[23,-32],[-33,-66],[12,-23],[21,-5],[-7,-50],[57,-9],[123,13],[2,-61],[88,-18],[106,-56],[74,-16],[88,20],[131,125],[103,73],[32,-18],[228,104],[48,-43],[13,-38],[-6,-124],[60,-41],[307,-442],[-51,-168],[17,-392],[-100,-166],[-34,-8],[-53,51],[97,-205],[19,-177],[-40,-42],[-79,-43],[-132,-129],[-86,-51],[-66,-123],[-66,-87],[-97,-95],[-42,-70],[-33,-34],[-133,-58],[-80,-123],[-67,-32],[23,-48],[-8,-72],[25,-27],[62,-27],[77,-12],[351,-150],[32,-287],[79,-67],[48,-15]],[[85691,11864],[-33,-77],[-5,-73],[-21,-5],[34,-34],[46,-122],[68,-35],[16,-29],[108,-87],[51,-69],[21,9],[27,-19],[39,-65],[54,-27],[196,-44],[-29,-75],[-80,-38],[2,-23],[-63,-35],[-54,78],[-55,-79],[-2,-53],[-28,-42],[-17,-12],[-27,33],[-133,-21],[-5,-25],[-65,-65],[-62,-99],[-31,49],[-37,21],[-56,-74],[-49,82],[-78,-10],[-87,-41],[12,-41],[-45,-126],[-6,-87],[-55,52],[-139,78],[-103,102],[-17,0],[-64,50]],[[80804,15679],[206,178],[32,2],[71,-27],[43,41],[23,34],[50,179],[-21,33],[72,25],[-94,151],[-16,93],[-62,118],[25,113],[-5,62],[-32,88],[-62,85],[-12,41]],[[81022,16895],[-41,294],[41,-10],[102,-73],[31,74],[24,14],[36,-2],[24,49],[70,18],[27,29],[59,2],[22,-26],[-34,73],[4,70],[-115,196],[-52,141],[-17,64],[7,53],[-83,101],[48,28],[-4,26],[29,10],[40,62],[22,8],[13,-17],[53,13],[114,113],[532,-526],[239,-523],[26,-35],[12,11],[33,-72],[-22,-14],[57,-61],[13,13],[24,-49],[35,-13],[13,-38],[-15,-66],[40,20],[68,-78],[-14,-12],[30,-36],[-39,-19],[162,-110],[16,-55],[54,-27],[95,-177],[61,-83],[41,37],[100,37],[0,14],[125,72],[48,1],[28,35],[19,1],[18,-58],[109,-111],[35,-16],[137,5],[22,-21],[18,-99],[-18,-216],[30,-59],[194,-120],[214,-57],[91,-70],[54,-61],[35,-65],[-10,-58],[-167,-177],[35,-30],[-153,-122],[-67,-81],[-3,-70],[45,-69],[69,-31],[90,1],[151,13],[89,25],[4,27],[33,7],[7,17],[22,-5],[53,44],[21,50],[-42,23],[-18,28],[152,156],[27,4],[-3,34],[59,38]],[[89205,12231],[-37,17],[-168,7],[-67,-13],[-72,46],[-102,28],[-48,-14],[-22,-26],[-17,2],[-25,-38],[33,-29],[-5,-32],[15,-27],[-75,-24],[-110,-62],[-60,-54],[-19,-40],[-21,12],[-28,-5],[2,-39],[19,-13],[-5,-62],[-70,42],[-67,3],[-8,14],[-75,26],[-8,-9],[-40,20],[-90,-21],[-6,-28],[-78,-33],[-42,-52],[-31,4],[-16,-23],[-16,7],[-104,-39],[10,-53],[-143,0],[-23,19],[-77,9],[-34,46],[-21,5],[-29,66],[-25,-2],[-28,46],[-22,-7],[-52,53],[-55,3],[-54,37],[-16,-8],[-13,14],[-9,-19],[-38,12],[-18,-18],[-46,37],[-3,-10],[-43,6],[-17,22],[-147,-21],[-21,-23],[-19,-118],[-39,-111],[-44,-48],[23,-21],[48,21],[21,-34],[-6,-21],[55,-57],[24,14],[29,-16],[4,-86],[-90,-132],[12,-35],[78,-61],[-10,-26],[-83,11],[-2,22],[-35,11],[-8,17],[-37,-10],[-24,18],[4,16],[-105,16],[-50,41],[-59,-15],[-57,18],[-10,15],[-22,-3],[-17,37],[-50,27],[-20,54],[-85,88],[-52,86],[-94,88],[-46,19],[-252,-14],[-36,43],[-63,33],[-10,-13]],[[84556,15328],[-32,41],[-10,83],[11,58],[87,76],[-33,38],[11,26],[184,234],[56,621],[-56,78],[-19,90],[135,97],[-100,71],[-20,48],[26,86],[4,111],[-47,77],[-59,300],[111,77],[22,30],[51,231],[-43,67],[-58,28],[-46,65],[-7,115],[32,108],[-1,71],[-58,113],[-95,69],[-16,122],[8,58],[293,130],[-586,478],[-666,728],[252,273],[60,25],[10,27]],[[81022,16895],[-30,104],[-102,171],[26,149],[-80,60],[-139,46],[-24,44],[-1,88],[-31,62],[-137,75],[-97,86],[-83,52],[-30,37],[-55,12],[-68,37],[44,53],[4,32],[-72,45],[0,19],[-139,-39],[-24,112],[-132,202],[3,41],[28,29],[17,67],[32,31],[-59,91],[-66,18],[-23,29],[-56,27],[-169,-23],[-18,267],[-35,31],[-59,199],[92,60],[-24,83],[-138,189],[-1,53],[-71,51],[-24,2],[-75,80],[-92,18],[-26,-24],[-13,8],[15,63],[-48,62],[-147,-63],[-22,23],[-40,131],[-18,-5],[-32,45],[-31,10],[-28,85],[5,124],[-16,44],[-34,46],[-57,33],[-4,71],[-77,37],[-72,-5],[-48,207],[-128,-25],[-50,-27],[-64,-128],[-48,-46]],[[78131,20351],[50,574],[833,939],[1479,-637],[1009,54],[49,14],[86,-39],[56,-9],[272,14],[1225,145]],[[90233,11945],[0,0]],[[91409,12045],[22,-12],[104,35],[45,-9],[-125,-187],[-168,-478],[-69,-107],[-81,-52],[-232,-92],[-43,-45],[-3,-44],[-16,-16],[-233,-56],[-87,-59],[-134,-45],[-225,-138],[-92,-37],[-121,-10],[-90,-39],[-78,-15],[-96,24],[11,92],[-12,13],[14,21],[-32,84],[-13,107],[30,28]],[[89685,11008],[68,-14],[36,-24],[4,15],[100,30],[-10,8],[18,33],[18,117],[25,14],[-3,24],[67,80],[33,7],[109,-68],[50,-5],[57,58],[30,68],[-5,77],[11,23],[232,158],[45,46],[3,32],[-22,21],[-169,24],[-19,28],[71,49],[202,15],[63,30],[118,165],[55,59],[34,-15],[-20,25],[127,119],[21,7],[47,-13],[40,-63],[92,-44],[80,-74],[116,25]],[[90229,11951],[12,-32],[39,10],[26,-15],[-37,-20],[-22,-34],[23,-33],[-24,-15],[4,-25],[17,-4],[22,17],[-6,-30],[42,-14],[15,-40],[168,-31],[23,-26],[-173,-116],[-108,-93],[-36,33],[54,14],[12,15],[-9,22],[67,19],[10,23],[-27,17],[-56,-5],[-53,62],[-28,-4],[-23,-21],[32,-72],[-20,-37],[-53,159],[-50,0],[45,-9],[28,-102],[-70,-51],[67,39],[23,-45],[27,3],[15,40],[-22,78],[19,9],[51,-60],[70,0],[10,-10],[-68,-18],[-10,-41],[-42,-8],[-17,-17],[48,-51],[-23,-56],[10,-47],[-27,-54],[-44,-18],[-110,68],[-62,-9],[-86,-82],[-37,-77],[0,-90],[-32,-38],[-105,8],[-61,21],[-110,69],[-2,16],[-74,36],[-56,55],[-85,125],[9,35],[34,11],[-4,9],[-54,9],[15,-19],[-16,-30],[-43,18],[-86,0],[-28,-42],[-20,-120],[-31,-25],[-63,31],[-53,86],[-79,73],[-216,-7],[-47,-19],[-13,16],[-24,-5],[13,-19],[-10,-43],[12,-68],[45,-117],[17,-88],[-54,-77],[38,-39],[5,-45],[-28,-52],[-33,20],[-25,-4],[25,-88],[-11,-16],[-80,1],[81,-7],[19,22],[-27,77],[49,-15],[33,32],[7,67],[-37,49],[43,36],[28,-161],[-6,-83],[-37,-75],[-92,-109],[-28,-57],[3,-22],[32,-121],[16,1],[63,-93],[207,-154],[38,-48],[-28,-45],[39,18],[52,-83],[48,-46],[75,-35],[88,-64],[11,-45],[-16,-35],[-41,-28],[-191,-47],[-18,-22],[-43,20],[25,-31],[-17,9],[-84,-148],[4,-76],[22,-41],[-10,-4],[119,-176],[166,-131],[38,-6],[180,-110],[66,-90],[-1,-59],[-43,-64],[-46,-28],[-55,-10],[12,-9],[-62,-29],[-83,5],[36,-22],[-63,-21],[-60,1],[-10,-26],[-54,-11],[0,-19],[-29,-8],[5,-12],[-59,-18],[-51,-40],[-24,15],[-1,-20],[-41,-23],[-43,20],[-3,17],[-103,79],[-138,233],[-45,29],[-130,31],[-29,54],[107,54],[25,51],[-78,70],[-98,157],[-9,-5],[89,-179],[39,-18],[27,-37],[-39,-44],[-83,-31],[-28,3],[21,-14],[26,-70],[143,-42],[48,-32],[64,-153],[85,-108],[-48,-14],[-31,-42],[58,15],[38,-11],[17,12],[39,-27],[41,-66],[11,-28],[-19,-26],[12,-9],[-41,-105],[-63,-42],[-23,-101],[-63,-138],[-2,-115],[-71,-79],[-186,-151],[-47,-60],[-422,-257],[-97,-23],[-87,-103],[-92,-6],[-39,-68],[-53,-38],[-139,-65],[-142,19],[-117,-21],[-16,13],[5,35],[-28,-4],[-28,30],[-16,-18],[16,-24],[-21,-25],[-5,-69],[-49,-102],[-78,-36],[-37,-53],[-178,-74],[-518,-343],[-141,-55],[-9,25],[-18,2],[-37,-48],[-80,-36],[-44,-46],[-34,3],[-30,-20],[4,-15],[-26,2],[-12,-15]],[[85685,6113],[-47,97],[-125,150],[15,13],[-56,119],[-64,55],[18,16],[38,-12],[23,28],[59,9],[111,54],[12,-21],[147,89],[-33,34],[-102,45],[48,18],[104,91],[41,-44],[77,68],[25,-22],[54,42],[89,109],[-139,87],[-52,11],[-87,67],[-98,179],[67,41],[-56,73],[23,18],[-54,75],[-31,-17],[-76,59],[-220,43],[-45,108],[-30,15],[-37,-9]],[[85284,7801],[-14,59],[-80,2],[7,39],[-116,91],[-47,19],[5,16],[-76,28],[-40,36],[-26,-2],[-17,33],[-43,28],[-49,9],[21,101],[-69,34],[-22,-11],[13,39],[-57,15],[-42,-65],[-27,-1],[-82,-49],[-28,2],[-9,29],[-21,4],[-1,26]],[[95658,7332],[-10,-36],[-10,19],[20,17]],[[92074,12764],[0,0]],[[97511,10033],[-389,-22],[-31,31],[18,-40],[-217,-13],[-158,-32],[-49,-49],[-79,-30],[-125,10],[-79,-35],[-210,-143],[-194,-76],[-35,-8],[-26,15],[-26,-29],[-261,-124],[-314,-177],[-15,-10],[-11,34],[0,-42],[-71,-54],[-389,-235],[-74,-27],[-124,-73],[16,35],[-26,-9],[-8,-33],[-15,1],[-22,-31],[-88,-36],[-199,-139],[-60,-5],[-341,-212],[-101,-24],[-201,-108],[-74,-59],[-256,-79],[-78,0],[-76,-34],[-100,-8],[-66,-27],[-236,-6],[-351,-171],[-141,-3],[-50,-28],[-30,-42],[-127,-73],[-134,11],[-218,-54],[-127,-92],[9,-38],[-104,17],[-103,62],[-105,38],[-51,38],[-87,-10],[-134,22],[19,42],[67,59],[6,49],[49,-33],[26,11],[21,46],[59,8],[57,50],[13,33],[57,38],[-58,-19],[-34,43],[22,-57],[-13,-33],[-51,-39],[-53,-3],[-35,-61],[-71,23],[-7,-50],[-75,-56],[-28,6],[4,25],[-43,-44],[-84,-31],[-91,4],[-606,-46],[-102,-1],[-86,24],[-16,-14],[-18,23],[-23,-11],[-7,17],[-48,0],[-35,29],[-23,-9],[-16,25],[-29,-19],[-47,30],[-46,74],[-132,59],[-110,18],[-27,33],[-46,4],[-6,21],[-73,59],[-57,-28],[-43,20],[-81,80],[1,27],[-40,25],[1,60],[48,85],[74,38],[18,28],[35,-2],[199,99],[94,82],[30,12],[31,-20],[27,-53],[69,44],[53,-38],[-51,47],[-50,-23],[-45,46],[-10,49],[15,45],[-14,25],[5,53],[22,8],[-7,62],[-90,124],[-4,26],[-35,3],[-18,21],[48,45],[-55,-38],[-20,4],[-47,33],[11,20],[-50,-10],[-86,36],[-28,32],[2,-19],[-156,111],[-79,93],[-25,83],[40,53],[55,38],[184,68],[84,91],[12,56],[-20,93],[-52,49],[29,21],[36,-31],[42,-13],[14,-46],[23,-8],[2,-30],[10,32],[56,17],[-78,-8],[-10,43],[-72,38],[-18,25],[-78,-14],[-78,30],[-62,58],[-107,149],[-187,125],[-85,98],[-31,62],[7,68],[120,169],[26,97],[-32,293],[-74,206],[11,32],[95,23],[119,-12],[110,-131],[47,-36],[4,-21],[14,18],[67,-8],[36,26],[24,-15],[-10,27],[20,123],[20,26],[36,4],[51,-32],[58,-96],[64,-73],[242,-145]],[[91409,12045],[53,32],[5,36],[-72,19],[-21,24],[4,32],[75,141],[43,21],[31,-1],[32,-93],[44,-32],[44,0],[56,31],[86,87],[62,40],[16,30],[-18,30],[-112,29],[-16,16],[10,34],[69,61],[81,-68],[38,-8],[42,19],[23,41],[-6,37],[-105,32],[-14,40],[25,23],[107,-5],[44,16],[44,27],[50,57],[48,24],[-15,31]],[[80755,52329],[-27,-14],[-50,-71],[-30,-93],[-6,-48],[24,-71],[-12,-26],[15,-22],[-28,-65],[-25,8],[-6,-65],[12,-19],[-22,-35],[23,-57],[41,-32],[12,-48],[24,15],[29,-12],[31,11],[78,-22],[-44,-63],[28,-81],[-43,-62],[-2,-26],[22,-33],[-28,-28],[6,-64],[-21,-13],[6,-67],[170,-64],[53,-84],[54,-33],[47,-85],[12,-46],[-10,-19],[27,-20],[25,-60],[-10,-39],[144,-46],[38,8],[11,-35],[66,-36],[3,15],[51,-5],[51,-24],[34,2],[34,-30],[248,-57],[34,-55],[69,-42],[43,-22],[97,-5],[49,-43],[72,-24],[-13,-39],[35,-29],[32,6],[250,-111],[55,-52],[138,-87],[9,-41],[39,-16],[-5,-37],[15,-19],[-12,-14],[49,-47],[107,-25],[61,-39],[19,-49],[130,-36],[21,-65],[24,-26],[-40,-94],[4,-48],[-56,-67],[16,-77],[23,-39],[86,9],[48,-85],[36,-7],[41,-94],[74,-17],[70,37],[33,1],[46,-37],[214,-25],[219,-83],[34,11],[102,-43],[33,0],[14,-35],[38,-17],[29,-98],[31,-42],[123,-71],[74,-77],[50,7],[268,-21],[111,-123],[35,-7],[19,-29],[58,-14],[27,-67],[46,-55],[-18,-27],[48,-134],[34,3],[25,30],[46,-26],[0,-54],[79,-61],[5,-34],[32,-15],[2,-30],[76,-70],[155,-74],[57,-12],[62,-61],[158,-46],[39,6],[15,-24],[96,-36],[67,-37],[2,-18],[51,-15],[0,-46],[36,-4],[3,-22],[55,-33],[80,-23],[3,-159],[63,-41],[112,-59],[76,-19],[185,6],[89,-39],[93,-19],[173,-107],[38,0],[111,22],[28,25],[135,18],[180,56],[155,-14],[284,83],[91,45],[8,18],[145,-24],[53,8],[51,35],[-22,51],[112,35],[59,10],[91,-10],[67,-51],[30,10],[4,32],[51,7],[48,-48],[65,35],[29,-25],[41,10],[64,107],[20,-1],[29,-56],[44,23],[23,-12],[33,20],[18,54],[65,2],[63,38],[62,-26],[31,-87],[39,-49],[54,27],[183,-24],[58,-39],[17,-49],[13,4],[12,-22],[44,-7],[49,29],[74,-14],[26,-20],[-13,-6],[-40,-145],[-7,-77],[-144,-248],[-32,-158],[-171,-172],[-15,-85],[15,-57],[-70,-24],[-106,17],[-72,-56],[-120,-8],[-40,-31],[-79,-27],[-55,-79],[-94,-83],[-118,24],[-29,35],[-222,-7],[-123,-134],[-22,-77],[-19,-9],[17,-106],[-71,-315],[9,-104],[73,-134],[21,-90],[-23,-224],[-82,-108],[-19,-57],[-33,-111],[22,-112],[-30,-64],[-85,-17],[-57,-73],[-68,-34],[8,-33],[25,-14],[8,-48],[32,-13],[-8,-34],[18,-9],[3,-103],[-14,-37],[-32,-17],[10,-11],[-30,-76],[-42,-36],[34,-88],[22,6],[48,-25],[25,18],[28,-7],[23,-22],[-30,-9],[23,-15],[30,-6],[10,17],[18,-16],[16,9],[33,-31],[88,-34],[14,10],[55,-17],[-3,21],[79,-18],[5,25],[29,17],[19,-21],[0,-38],[29,-10],[-1,-47],[65,-8],[0,-21],[19,2],[-1,35],[26,-24],[35,28],[60,-34],[22,27],[30,5],[-9,-26],[42,8],[39,-15],[141,23],[17,-16],[20,2],[12,-23],[13,5],[-9,28],[47,-16],[-15,22],[33,10],[51,-9],[-8,-13],[25,-10],[1,17],[23,-12],[0,20],[45,-13],[-2,16],[89,10],[8,14],[22,-22],[90,6],[49,29],[60,-30],[-4,-53],[65,-17],[4,16],[51,-16],[-4,-16],[38,8],[19,-17],[35,-2],[7,12],[80,-17],[101,-38],[19,-39],[41,-27],[-116,4],[-50,16],[-33,17],[-9,33],[-48,-48],[-110,-54],[-144,-34],[40,-188],[-28,-10],[8,-40],[-15,-39],[-31,0],[7,-19],[-38,-10],[-14,-20],[-11,23],[-52,-14],[-32,7],[3,-29],[-13,9],[-16,-13],[-22,12],[-24,-6],[-16,-21],[-112,-36],[-13,6],[-23,-21],[-29,42],[33,18],[-51,70],[-139,-15],[-66,12],[-57,-28],[-7,-15],[-19,3],[-26,-29],[-23,-1],[-11,-18],[-26,1],[-95,29],[-6,25],[-55,-2],[-14,-25],[-19,21],[-17,-1],[-87,130],[-96,-8],[-137,13],[-116,-38],[-83,-55],[-196,-51],[-62,-43],[-133,-54],[-59,-54],[-118,-8],[-50,-25],[-49,-1],[-59,-27],[-72,-8],[-42,-34],[-57,-119],[-176,-1],[-32,-11],[-46,-57],[-32,-86],[-28,-9],[35,-79],[70,-64],[-4,-22],[-115,-60],[-36,-35],[184,35],[20,-3],[-5,-15],[32,-49],[-7,-71],[-25,-59],[-56,-36],[46,-72],[-3,-67],[-40,41],[-17,-8],[-4,-25],[-32,30],[-26,-12],[-44,21],[-146,-42],[-27,-17],[-7,14],[-136,-92],[-43,-1],[1,16],[-109,-4],[-3,21],[-90,-44],[-46,20],[-9,26],[-106,-39],[-70,-5],[-32,-81],[120,-241],[-22,-25],[-35,-1],[27,-61],[-13,-77],[-50,-102],[31,-19],[4,-25],[-122,-154],[-47,-28],[-26,-148],[192,-50],[4,-94],[-10,-11],[-38,32],[-108,-10],[-137,-125],[-90,-28],[-68,-63],[-45,-75],[-46,-39],[-82,-35],[-106,-99],[-196,-74],[-67,24],[48,-64],[24,-105],[34,-56],[34,-20],[50,-143],[23,-241],[-49,-146],[-9,-116],[48,-31],[43,1],[-58,-110],[-10,-48],[-128,-104],[-28,-52],[-182,-42],[-72,-68],[-113,-67],[2,-19],[27,-23],[-23,-1],[-5,-121],[-316,-161],[-14,-170],[99,-35],[55,-56],[28,-53],[117,-12],[13,-41],[31,-17],[80,9],[51,-9],[23,-21],[34,-5],[37,-64],[39,-10],[80,21],[63,-55],[29,-74],[33,20],[40,-1],[77,5],[0,20],[52,33],[-11,29],[101,19],[6,33],[-17,20],[20,9],[28,-16],[4,50],[59,55],[44,8],[13,45],[-11,20],[29,28],[15,32],[60,-5],[77,-39],[26,-42],[162,-61],[30,-44],[68,-50],[-32,-117],[-190,-173],[-166,-188],[-344,-196],[-57,-18],[-86,-3],[-289,-97],[-286,-130],[-126,-19],[-162,-2],[-159,-46],[-101,11],[-132,-6],[58,-210],[-37,-20],[-17,5],[-48,-95],[-133,-67],[-23,-100],[71,-55],[11,-37],[80,-99],[7,-30],[98,-12],[97,59],[95,14],[150,-132],[57,-12],[144,20],[81,-22],[79,-67],[97,-24],[40,-17],[11,-18],[48,-11],[29,-89],[28,-9],[-77,-78],[-19,-50],[16,-92],[90,-233],[1,-51],[-26,-46],[-83,-32],[-167,-8],[-139,-26],[-85,16],[-54,-18],[-44,-41],[52,-419],[31,-61],[-5,-25],[52,-191],[-136,-315],[-80,-120],[-19,-74],[69,-25],[51,-67],[35,-14],[-17,-64],[33,-16],[17,-62],[20,-20],[-20,-36],[67,-101],[-14,-74],[53,-94],[18,-6],[2,-27],[166,-48],[-10,-41],[29,-5],[7,-24],[26,-5],[60,-58],[-4,-43],[37,-61],[91,-60],[55,-3],[40,-19],[28,-56],[26,-1],[44,-84],[27,-27],[27,5],[23,-55],[39,-41],[85,-52],[20,-36],[39,-29],[-78,-88],[5,-60],[178,-246],[38,-107],[-57,-114],[-95,-120],[-49,-106],[-16,-81],[2,-124],[-213,-305],[161,-193],[247,-233],[26,-190],[67,-285],[62,-83],[109,-232],[109,-86],[103,-179],[102,-130],[27,-116],[3,-128],[38,-64]],[[78131,20351],[-231,-3],[-577,-187],[-562,-25],[-285,59],[110,226],[39,51],[-27,17],[11,50],[-17,39],[25,106],[5,94],[-27,69],[17,31],[-43,45],[-10,43],[-90,3],[-31,-51],[-157,-71],[-125,146],[-104,227],[-179,-69],[-86,43],[-9,25],[-42,0],[-36,43],[-27,-6],[-16,47],[-41,33],[-5,33],[-38,14],[-21,-23],[-62,0],[-18,13],[-67,-40],[-178,-51],[-39,15],[-34,-14],[-34,10],[-5,18],[-39,5],[-10,45],[-72,68],[-19,59],[-28,166],[15,37],[45,24],[17,61],[54,57],[-4,72],[-490,424],[-169,-295],[-205,-197],[-89,-58],[-11,-55],[-62,-83],[-112,-59],[-164,-154],[-83,-1]],[[85284,7801],[-58,-117],[-211,-161],[25,-30],[-5,-17],[-23,4],[-79,-56],[-73,-27],[-21,-61],[-41,10],[-39,-38],[-17,6],[-21,-36],[-31,-7],[-6,-26],[10,-42],[15,-14],[-40,-50],[-2,-56],[-53,-6],[-3,33],[-21,-4],[51,119],[-10,14],[16,54],[-46,13],[-19,36],[27,40],[38,-17],[6,38],[-45,25],[15,20],[-51,31],[-21,-4],[-73,52],[-26,-2],[-15,33],[-90,-4],[-103,-36],[-43,-22],[-72,-98],[-85,6],[-27,-31]],[[79738,7902],[356,196],[141,213],[34,119],[67,38],[55,71],[10,-5],[22,26],[54,27],[4,27],[48,7]],[[84508,24],[-11,-19],[-31,9],[-50,-14],[2,10],[-40,-4],[-10,25],[-68,12],[18,9],[-33,5],[11,15],[-39,25],[-2,16],[26,24],[-18,35],[109,80],[23,1],[4,-16],[54,-4],[41,-29],[44,-76],[-23,-62],[-23,-26],[16,-16]],[[81930,1029],[19,-37],[-8,-30],[-79,30],[-105,-20],[-61,28],[53,51],[32,1],[18,-13],[131,-10]],[[83890,5968],[26,-55],[121,3],[24,-35],[37,-27],[-3,-19],[-73,-55],[-22,-41],[-3,-47],[27,-33],[73,-28],[74,0],[83,32],[-4,-22],[-58,-44],[10,-48],[46,-23],[49,12],[57,53],[-33,-48],[-12,-152],[-62,-106],[-52,-51],[33,-65],[-4,-48],[-49,-76],[-87,-81],[-43,-133],[-49,-52],[-91,-47],[-147,22],[146,-225],[5,-42],[-16,-29],[-161,-197],[-296,-286],[-223,-253],[-63,-25],[-34,14],[10,56],[-22,23],[-43,-25],[-17,19],[-78,-53],[-19,-37],[10,-121],[-24,-53],[11,-5],[-26,-24],[13,-19],[-61,-72],[30,-39],[55,49],[-50,-64],[41,-72],[10,-65],[-96,-285],[-116,-388],[-18,-430],[-5,-260],[23,-153],[39,-87],[-2,-86],[-28,-21],[-181,-38],[-142,-99],[-76,-23],[-61,9],[-90,-15],[-26,-20],[-12,-34],[22,-60],[-23,12],[-26,-20],[-79,-15],[-99,19],[-79,-20],[-63,24],[-28,-10],[-114,23],[-106,0],[-174,40],[-233,99],[-123,18],[-139,-33],[-171,-77],[-64,-48],[-26,-65],[-64,-47],[-89,-38]],[[80487,1081],[-95,147],[67,12],[23,88],[0,25],[-85,101],[231,169],[9,96],[-45,44],[3,60],[-21,30],[67,28],[62,48],[51,10],[62,-193],[14,1],[139,74],[27,26],[-5,34],[116,15],[263,94],[224,3],[25,13],[45,-9],[22,-22],[41,3],[24,20],[55,-4],[25,19],[12,42],[-5,55],[37,31],[-8,16],[15,10],[-39,88],[34,128],[-67,4],[0,92],[-24,88],[52,68],[1,68],[-20,71],[25,63],[-6,92],[-18,52],[-22,-12],[-25,30],[-16,-2],[9,39],[-81,-6],[17,75],[-5,57],[-17,12],[14,20],[-13,120],[74,79],[-92,45],[-32,31],[-121,1],[-62,-16],[-49,13],[78,165],[-2,61],[32,0],[4,21],[-36,15],[9,48],[-19,25],[33,8],[63,-10],[-2,56],[14,24],[-130,58],[-4,67],[39,21],[37,47],[52,4],[54,-30],[49,5],[21,46],[0,57],[-37,120],[-104,145]],[[83723,6403],[0,0]],[[83697,6614],[0,0]],[[85685,6113],[-10,-23],[-32,-12],[-7,-23],[-27,-16],[-37,6],[-6,28],[-8,-21],[-21,-2],[3,17],[-47,-15],[-81,-64],[-31,-8],[-11,-27],[-31,-4],[-27,-39],[-112,-34],[-32,-27],[-160,-63],[-50,-37],[-74,-21],[-10,-14],[9,-38],[-47,29],[-106,-50],[-43,13],[-68,44],[-6,20],[-31,3],[-117,-62],[-75,-14],[-43,16],[-49,-100],[-45,-20],[-25,8],[-5,15],[67,64],[-4,33],[-47,25],[-80,-40],[-111,14],[-27,32],[12,46],[119,101],[-37,0],[-13,49],[-52,31],[-121,-5],[-31,50],[-14,72],[-146,103],[9,68],[47,62],[-10,43],[-37,-17],[-10,17],[78,70],[2,26],[-50,22]],[[83766,6445],[-22,-8],[-30,-33]],[[83691,6407],[-13,6],[-19,37],[4,104]],[[83670,6566],[35,45],[3,22]],[[83708,6641],[1,15]],[[73510,10998],[74,-19],[60,-40],[-39,-33],[-90,1],[-52,-15],[3,-43],[-24,-9],[-51,-116],[18,-79],[-119,-37],[-52,-36],[15,-61],[-39,-188],[19,-127],[-46,-53],[2,-16],[-37,-23],[54,-129],[44,-51],[41,-23],[-9,-86],[-25,-34],[35,-1],[15,-28],[-23,-12],[4,-92],[15,-49],[31,-5],[-5,-24],[-22,-2],[24,-62],[-19,-56],[5,-59],[82,11],[-27,-83],[13,-77],[47,-44],[180,-46],[154,-95],[72,-15],[49,-45],[-29,-27],[-20,-67],[-9,-108],[23,-54],[37,-41],[80,-41],[174,88],[105,-7],[95,25],[122,-11],[71,24],[50,1],[41,15],[88,81],[57,-34],[9,-32],[50,-17],[29,-33],[31,-7],[54,-41],[42,-48],[37,-10],[27,-37],[127,-10],[44,-35],[61,-5],[57,17],[42,-94],[-8,-194],[49,-194],[-38,-29],[-8,-76],[-72,-17],[-55,-98],[23,-71],[45,-34],[32,-52],[-48,-38],[69,-31],[-20,-28],[20,-73],[-99,-115],[-10,-59],[59,-77],[68,-48],[-9,-15],[-78,9],[-64,-23],[-39,-44],[-18,-63],[-47,-40],[-21,-5],[-101,-46],[10,-41],[-128,-13],[-115,-44],[-11,-26],[14,-12],[2,-46],[-69,-23],[40,-73],[-67,-15],[-6,-45],[28,-81],[16,-7],[17,-117],[89,-114]],[[74832,6371],[-25,-18],[-20,43],[-55,-37],[-16,50],[-29,-16],[-97,-6],[-106,-63],[-45,14],[-58,86],[-63,-17],[-82,-70],[-57,100],[-107,-65],[-22,39],[-144,-23],[1,16],[-64,23],[-101,68],[-21,65],[-130,11],[-162,42],[-422,169],[-326,32],[-172,-30],[-357,-97],[-123,-15],[-115,8],[-143,-74],[-80,-65],[-100,-32],[-24,-50]],[[77281,6477],[-202,3],[-223,27],[-230,73],[-44,44],[0,36],[-43,0],[-12,-25],[-23,-6],[-63,11],[-21,-39],[-115,52],[-86,-69],[-31,3],[-47,-22],[-18,-52],[-27,1],[-11,18],[-133,62],[-21,97],[-71,-6],[-26,-11],[7,-73],[-37,9],[-29,-9],[-69,-57],[-129,-31],[-102,20],[-27,-35],[-61,-7],[-117,-51],[-32,-69],[0,-38],[-38,-32],[-31,-66],[8,-58],[-21,-103],[-67,-56],[-16,13],[-42,1],[-56,38],[-78,108],[-39,13],[-11,18],[1,128],[-16,34]],[[80487,1081],[-29,-18],[-122,-20],[-21,-19],[-31,22],[-45,3],[-82,-36],[-35,27],[-8,39],[0,-63],[-23,21],[5,25],[-214,-247],[57,77],[-137,80],[-27,-18],[-15,7],[-13,-17],[11,-27],[-35,22],[52,-73],[-82,27],[-17,-45],[73,-53],[90,-10],[-91,0],[-90,64],[-43,-20],[-15,-23],[32,-84],[1,-98],[-104,-18],[-46,77],[-45,37],[-125,12],[-96,-6],[-79,-44],[5,-77],[30,-81],[-10,-18],[-25,15],[-32,74],[-66,92],[-79,37],[-4,43],[32,14],[14,31],[51,-43],[-14,-13],[56,8],[48,90],[-5,14],[-61,22],[-68,4],[-18,15],[-99,-59],[-56,-66],[-5,-26],[23,-27],[-15,-44],[-37,-36],[0,-26],[32,-13],[-25,-81],[-57,19],[-16,37],[-229,171],[-137,70],[-90,24],[-172,8],[-222,-200],[-110,-52],[-131,-15],[-273,-189],[-282,-107],[-55,2],[-152,59],[-315,77],[-37,3],[-34,-17],[-107,2],[-77,23],[-35,-22],[-234,10],[-268,-48],[-50,12],[18,31],[-20,33],[-58,-35],[-33,-3],[5,-10],[-34,0],[3,-12],[-30,12],[-5,-12],[-28,6],[-1,-12],[-56,6],[-1,-12],[-58,8],[-51,-19],[3,-11],[-97,17],[-2,74],[-42,297],[-8,26],[12,103],[24,58],[-19,52],[54,46],[12,68],[-20,-67],[-52,-49],[19,-57],[-26,-48],[-16,-109],[55,-324],[-11,-97],[-49,8],[-10,-15],[-24,10],[-213,-68],[12,23],[-104,198],[-70,59],[-230,61],[-111,-5],[-95,20],[-122,-45],[-273,55],[-66,1],[-110,-33],[-154,-2],[-80,9],[-141,41],[-126,11],[-326,116],[-124,78],[-75,27],[-122,-31],[-53,-22],[-2,-24],[-30,-2],[-3,14],[-55,30],[-301,119],[-132,18],[-86,-11],[-162,28],[-166,46],[-88,42],[-170,12],[-52,39],[-38,-25],[-134,77],[-239,-8],[-55,-27],[-67,0],[-105,-66],[-190,-17],[-134,28],[-96,51],[-152,52],[-253,49],[-58,105],[-38,14],[5,32],[-71,198],[-119,200],[-133,141],[-114,93],[-46,9],[-45,107],[-45,58],[6,51],[-80,181],[-78,168],[-53,6],[-52,28],[-15,95],[-73,142],[-106,137],[-72,41],[-70,124],[-44,23],[-22,29],[-161,-39],[-104,27],[87,29],[5,14],[-17,75],[-57,99],[-172,96],[-38,44],[-61,33],[-10,27],[-96,29],[-39,56],[-76,27],[-15,19],[-86,40],[-203,71],[-38,62],[-63,21],[-7,40],[-72,37],[-1,23],[-45,56],[-1,34],[-86,26],[-40,33],[4,26],[-21,16],[18,45],[-30,47],[28,35],[-28,101],[109,63],[92,75],[-13,25],[124,81],[73,25],[163,26],[144,70],[15,30],[37,20],[-5,7]]],"bbox":[-5.66892180565064,51.3749671715266,-2.64987283231933,53.4355052310238],"transform":{"scale":[0.00003019079164122951,0.000020605586650838487],"translate":[-5.66892180565064,51.3749671715266]}}