{"type":"Topology","objects":{"ward":{"type":"GeometryCollection","geometries":[{"type":"Polygon","arcs":[[0,1,2,3,4]],"id":1,"properties":{"WD24CD":"E05000932","WD24NM":"Ainsdale","LAD24CD":"E08000014"}},{"type":"Polygon","arcs":[[5,-5,6,7]],"id":2,"properties":{"WD24CD":"E05000933","WD24NM":"Birkdale","LAD24CD":"E08000014"}},{"type":"Polygon","arcs":[[8,9,10,11]],"id":3,"properties":{"WD24CD":"E05000934","WD24NM":"Blundellsands","LAD24CD":"E08000014"}},{"type":"Polygon","arcs":[[12,13,14,15]],"id":4,"properties":{"WD24CD":"E05000935","WD24NM":"Cambridge","LAD24CD":"E08000014"}},{"type":"Polygon","arcs":[[16,17,18,19,-10,20]],"id":5,"properties":{"WD24CD":"E05000936","WD24NM":"Church","LAD24CD":"E08000014"}},{"type":"Polygon","arcs":[[21,22,23,24,25,26,27]],"id":6,"properties":{"WD24CD":"E05000937","WD24NM":"Derby","LAD24CD":"E08000014"}},{"type":"Polygon","arcs":[[28,29,-7,-4,30,-15]],"id":7,"properties":{"WD24CD":"E05000938","WD24NM":"Duke's","LAD24CD":"E08000014"}},{"type":"Polygon","arcs":[[31,32,-17,33,34,35]],"id":8,"properties":{"WD24CD":"E05000939","WD24NM":"Ford","LAD24CD":"E08000014"}},{"type":"Polygon","arcs":[[36,37,38,-2]],"id":9,"properties":{"WD24CD":"E05000940","WD24NM":"Harington","LAD24CD":"E08000014"}},{"type":"Polygon","arcs":[[39,40,-8,-30]],"id":10,"properties":{"WD24CD":"E05000941","WD24NM":"Kew","LAD24CD":"E08000014"}},{"type":"Polygon","arcs":[[-26,41,42,43,-19,44]],"id":11,"properties":{"WD24CD":"E05000942","WD24NM":"Linacre","LAD24CD":"E08000014"}},{"type":"Polygon","arcs":[[-27,-45,-18,-33,45]],"id":12,"properties":{"WD24CD":"E05000943","WD24NM":"Litherland","LAD24CD":"E08000014"}},{"type":"MultiPolygon","arcs":[[[46,47]],[[48,49,50,-35,51,-12,52,53]]],"id":13,"properties":{"WD24CD":"E05000944","WD24NM":"Manor","LAD24CD":"E08000014"}},{"type":"MultiPolygon","arcs":[[[54,55]],[[56,57]],[[58,59]],[[60,61]],[[62,63,-13,64]]],"id":14,"properties":{"WD24CD":"E05000945","WD24NM":"Meols","LAD24CD":"E08000014"}},{"type":"Polygon","arcs":[[65,66,67,68,69,70,71,72,73,74,75]],"id":15,"properties":{"WD24CD":"E05000946","WD24NM":"Molyneux","LAD24CD":"E08000014"}},{"type":"Polygon","arcs":[[-73,76,77,-28,-46,-32,78,79]],"id":16,"properties":{"WD24CD":"E05000947","WD24NM":"Netherton and Orrell","LAD24CD":"E08000014"}},{"type":"Polygon","arcs":[[80,81,-40,-29,-14,-64]],"id":17,"properties":{"WD24CD":"E05000948","WD24NM":"Norwood","LAD24CD":"E08000014"}},{"type":"Polygon","arcs":[[82,83,-74,-80,84,-50,85]],"id":18,"properties":{"WD24CD":"E05000949","WD24NM":"Park","LAD24CD":"E08000014"}},{"type":"Polygon","arcs":[[86,-54,87,-47,88,-38]],"id":19,"properties":{"WD24CD":"E05000950","WD24NM":"Ravenmeols","LAD24CD":"E08000014"}},{"type":"Polygon","arcs":[[-79,-36,-51,-85]],"id":20,"properties":{"WD24CD":"E05000951","WD24NM":"St Oswald","LAD24CD":"E08000014"}},{"type":"Polygon","arcs":[[-75,-84,89]],"id":21,"properties":{"WD24CD":"E05000952","WD24NM":"Sudell","LAD24CD":"E08000014"}},{"type":"Polygon","arcs":[[-34,-21,-9,-52]],"id":22,"properties":{"WD24CD":"E05000953","WD24NM":"Victoria","LAD24CD":"E08000014"}},{"type":"Polygon","arcs":[[90,91,92,93]],"id":23,"properties":{"WD24CD":"E05000954","WD24NM":"Bebington","LAD24CD":"E08000015"}},{"type":"Polygon","arcs":[[94,95,96,97,98,99,100]],"id":24,"properties":{"WD24CD":"E05000955","WD24NM":"Bidston and St James","LAD24CD":"E08000015"}},{"type":"Polygon","arcs":[[101,102,103,104,-96,105,106]],"id":25,"properties":{"WD24CD":"E05000956","WD24NM":"Birkenhead and Tranmere","LAD24CD":"E08000015"}},{"type":"Polygon","arcs":[[107,108,109,-91,110]],"id":26,"properties":{"WD24CD":"E05000957","WD24NM":"Bromborough","LAD24CD":"E08000015"}},{"type":"Polygon","arcs":[[-110,111,112,113,114,115,-92]],"id":27,"properties":{"WD24CD":"E05000958","WD24NM":"Clatterbridge","LAD24CD":"E08000015"}},{"type":"Polygon","arcs":[[-105,116,117,-97]],"id":28,"properties":{"WD24CD":"E05000959","WD24NM":"Claughton","LAD24CD":"E08000015"}},{"type":"Polygon","arcs":[[118,119,-112,-109,120]],"id":29,"properties":{"WD24CD":"E05000960","WD24NM":"Eastham","LAD24CD":"E08000015"}},{"type":"Polygon","arcs":[[121,122,123,124,125]],"id":30,"properties":{"WD24CD":"E05000961","WD24NM":"Greasby, Frankby and Irby","LAD24CD":"E08000015"}},{"type":"MultiPolygon","arcs":[[[126,-127,127]],[[128,129]],[[130,131]],[[132,133]],[[-115,134,135,136,137,138,139,140]]],"id":31,"properties":{"WD24CD":"E05000962","WD24NM":"Heswall","LAD24CD":"E08000015"}},{"type":"MultiPolygon","arcs":[[[141]],[[142]],[[143]],[[144,-124,145,146]]],"id":32,"properties":{"WD24CD":"E05000963","WD24NM":"Hoylake and Meols","LAD24CD":"E08000015"}},{"type":"Polygon","arcs":[[-99,147,148,149,150]],"id":33,"properties":{"WD24CD":"E05000964","WD24NM":"Leasowe and Moreton East","LAD24CD":"E08000015"}},{"type":"Polygon","arcs":[[151,-101,152,153,154]],"id":34,"properties":{"WD24CD":"E05000965","WD24NM":"Liscard","LAD24CD":"E08000015"}},{"type":"Polygon","arcs":[[155,-125,-145,156,-149]],"id":35,"properties":{"WD24CD":"E05000966","WD24NM":"Moreton West and Saughall Massie","LAD24CD":"E08000015"}},{"type":"Polygon","arcs":[[-154,157,158]],"id":36,"properties":{"WD24CD":"E05000967","WD24NM":"New Brighton","LAD24CD":"E08000015"}},{"type":"Polygon","arcs":[[-104,159,160,-117]],"id":37,"properties":{"WD24CD":"E05000968","WD24NM":"Oxton","LAD24CD":"E08000015"}},{"type":"Polygon","arcs":[[161,-116,-141,162,-122,163]],"id":38,"properties":{"WD24CD":"E05000969","WD24NM":"Pensby and Thingwall","LAD24CD":"E08000015"}},{"type":"Polygon","arcs":[[164,-93,-162,-160,-103]],"id":39,"properties":{"WD24CD":"E05000970","WD24NM":"Prenton","LAD24CD":"E08000015"}},{"type":"Polygon","arcs":[[-111,-94,-165,-102,165]],"id":40,"properties":{"WD24CD":"E05000971","WD24NM":"Rock Ferry","LAD24CD":"E08000015"}},{"type":"Polygon","arcs":[[-106,-95,-152,166]],"id":41,"properties":{"WD24CD":"E05000972","WD24NM":"Seacombe","LAD24CD":"E08000015"}},{"type":"Polygon","arcs":[[-118,-161,-164,-126,-156,-148,-98]],"id":42,"properties":{"WD24CD":"E05000973","WD24NM":"Upton","LAD24CD":"E08000015"}},{"type":"Polygon","arcs":[[-153,-100,-151,167,-158]],"id":43,"properties":{"WD24CD":"E05000974","WD24NM":"Wallasey","LAD24CD":"E08000015"}},{"type":"Polygon","arcs":[[-123,-163,-140,168,-146]],"id":44,"properties":{"WD24CD":"E05000975","WD24NM":"West Kirby and Thurstaston","LAD24CD":"E08000015"}},{"type":"Polygon","arcs":[[169,170,171,172,173]],"id":505,"properties":{"WD24CD":"E05005150","WD24NM":"Bank Hall","LAD24CD":"E07000117"}},{"type":"Polygon","arcs":[[174,175,-177,177,178,179,180]],"id":506,"properties":{"WD24CD":"E05005151","WD24NM":"Briercliffe","LAD24CD":"E07000117"}},{"type":"Polygon","arcs":[[181,-170,182,-179,183]],"id":507,"properties":{"WD24CD":"E05005152","WD24NM":"Brunshaw","LAD24CD":"E07000117"}},{"type":"Polygon","arcs":[[-185,-186,186,187,188,189,-184,-178]],"id":508,"properties":{"WD24CD":"E05005153","WD24NM":"Cliviger with Worsthorne","LAD24CD":"E07000117"}},{"type":"Polygon","arcs":[[190,-189,191,192,193,194,195]],"id":509,"properties":{"WD24CD":"E05005154","WD24NM":"Coal Clough with Deerplay","LAD24CD":"E07000117"}},{"type":"Polygon","arcs":[[-172,196,197,198,199,200]],"id":510,"properties":{"WD24CD":"E05005155","WD24NM":"Daneshouse with Stoneyholme","LAD24CD":"E07000117"}},{"type":"Polygon","arcs":[[201,202,203,204]],"id":511,"properties":{"WD24CD":"E05005156","WD24NM":"Gannow","LAD24CD":"E07000117"}},{"type":"Polygon","arcs":[[-204,205,206,207,208,209]],"id":512,"properties":{"WD24CD":"E05005157","WD24NM":"Gawthorpe","LAD24CD":"E07000117"}},{"type":"Polygon","arcs":[[210,-194,211,212,213,214,215,216,-207]],"id":513,"properties":{"WD24CD":"E05005158","WD24NM":"Hapton with Park","LAD24CD":"E07000117"}},{"type":"Polygon","arcs":[[217,-180,-183,-174,218,219]],"id":514,"properties":{"WD24CD":"E05005159","WD24NM":"Lanehead","LAD24CD":"E07000117"}},{"type":"Polygon","arcs":[[-173,-201,220,-219]],"id":515,"properties":{"WD24CD":"E05005160","WD24NM":"Queensgate","LAD24CD":"E07000117"}},{"type":"Polygon","arcs":[[221,-195,-211,-206,-203]],"id":516,"properties":{"WD24CD":"E05005161","WD24NM":"Rosegrove with Lowerhouse","LAD24CD":"E07000117"}},{"type":"Polygon","arcs":[[-182,-190,-191,222,-197,-171]],"id":517,"properties":{"WD24CD":"E05005162","WD24NM":"Rosehill with Burnley Wood","LAD24CD":"E07000117"}},{"type":"Polygon","arcs":[[-223,-196,-222,-202,223,-198]],"id":518,"properties":{"WD24CD":"E05005163","WD24NM":"Trinity","LAD24CD":"E07000117"}},{"type":"Polygon","arcs":[[224,-199,-224,-205,-210,225]],"id":519,"properties":{"WD24CD":"E05005164","WD24NM":"Whittlefield with Ightenhill","LAD24CD":"E07000117"}},{"type":"Polygon","arcs":[[-216,226,227,228,229,230,231]],"id":520,"properties":{"WD24CD":"E05005206","WD24NM":"Altham","LAD24CD":"E07000120"}},{"type":"Polygon","arcs":[[-214,232,233,234,235,236,237]],"id":521,"properties":{"WD24CD":"E05005207","WD24NM":"Barnfield","LAD24CD":"E07000120"}},{"type":"Polygon","arcs":[[238,239,-234]],"id":522,"properties":{"WD24CD":"E05005208","WD24NM":"Baxenden","LAD24CD":"E07000120"}},{"type":"Polygon","arcs":[[240,-236,241,242,243]],"id":523,"properties":{"WD24CD":"E05005209","WD24NM":"Central","LAD24CD":"E07000120"}},{"type":"Polygon","arcs":[[-229,244,-243,245,246,247,248,249]],"id":524,"properties":{"WD24CD":"E05005210","WD24NM":"Church","LAD24CD":"E07000120"}},{"type":"Polygon","arcs":[[-230,-250,250,251]],"id":525,"properties":{"WD24CD":"E05005211","WD24NM":"Clayton-le-Moors","LAD24CD":"E07000120"}},{"type":"Polygon","arcs":[[-238,252,253,-227,-215]],"id":526,"properties":{"WD24CD":"E05005212","WD24NM":"Huncoat","LAD24CD":"E07000120"}},{"type":"Polygon","arcs":[[-240,254,255,256,257]],"id":527,"properties":{"WD24CD":"E05005213","WD24NM":"Immanuel","LAD24CD":"E07000120"}},{"type":"Polygon","arcs":[[258,-244,-245,-228,-254]],"id":528,"properties":{"WD24CD":"E05005214","WD24NM":"Milnshaw","LAD24CD":"E07000120"}},{"type":"Polygon","arcs":[[-231,-252,259,260,261]],"id":529,"properties":{"WD24CD":"E05005215","WD24NM":"Netherton","LAD24CD":"E07000120"}},{"type":"Polygon","arcs":[[-261,262,263,264,265,266]],"id":530,"properties":{"WD24CD":"E05005216","WD24NM":"Overton","LAD24CD":"E07000120"}},{"type":"Polygon","arcs":[[-237,-241,-259,-253]],"id":531,"properties":{"WD24CD":"E05005217","WD24NM":"Peel","LAD24CD":"E07000120"}},{"type":"Polygon","arcs":[[-260,-251,-249,267,268,269,270,-263]],"id":532,"properties":{"WD24CD":"E05005218","WD24NM":"Rishton","LAD24CD":"E07000120"}},{"type":"Polygon","arcs":[[271,-257,272,-247]],"id":533,"properties":{"WD24CD":"E05005219","WD24NM":"St Andrew's","LAD24CD":"E07000120"}},{"type":"Polygon","arcs":[[-248,-273,-256,273,274,275,-268]],"id":534,"properties":{"WD24CD":"E05005220","WD24NM":"St Oswald's","LAD24CD":"E07000120"}},{"type":"Polygon","arcs":[[-235,-258,-272,-246,-242]],"id":535,"properties":{"WD24CD":"E05005221","WD24NM":"Spring Hill","LAD24CD":"E07000120"}},{"type":"Polygon","arcs":[[276,277,278,279]],"id":853,"properties":{"WD24CD":"E05008610","WD24NM":"Alderley Edge","LAD24CD":"E06000049"}},{"type":"Polygon","arcs":[[280,281,282,283,284]],"id":854,"properties":{"WD24CD":"E05008611","WD24NM":"Alsager","LAD24CD":"E06000049"}},{"type":"Polygon","arcs":[[285,-287,-288,-289,289,290]],"id":855,"properties":{"WD24CD":"E05008612","WD24NM":"Audlem","LAD24CD":"E06000049"}},{"type":"Polygon","arcs":[[291,292,293,294,295,296,297]],"id":856,"properties":{"WD24CD":"E05008613","WD24NM":"Bollington","LAD24CD":"E06000049"}},{"type":"Polygon","arcs":[[298,299,-285,300,301,302,303,304,305,306,307,308,309,310,311,312,313,314]],"id":857,"properties":{"WD24CD":"E05008614","WD24NM":"Brereton Rural","LAD24CD":"E06000049"}},{"type":"Polygon","arcs":[[315,316,317,318,319]],"id":858,"properties":{"WD24CD":"E05008615","WD24NM":"Broken Cross and Upton","LAD24CD":"E06000049"}},{"type":"Polygon","arcs":[[-310,320,321,322,323,324,325,326,327]],"id":859,"properties":{"WD24CD":"E05008616","WD24NM":"Bunbury","LAD24CD":"E06000049"}},{"type":"Polygon","arcs":[[328,-278,329,330,331,332,333,334,335,336]],"id":860,"properties":{"WD24CD":"E05008617","WD24NM":"Chelford","LAD24CD":"E06000049"}},{"type":"Polygon","arcs":[[-338,-339,339,340,341]],"id":861,"properties":{"WD24CD":"E05008618","WD24NM":"Congleton East","LAD24CD":"E06000049"}},{"type":"Polygon","arcs":[[-341,342,-299,343]],"id":862,"properties":{"WD24CD":"E05008619","WD24NM":"Congleton West","LAD24CD":"E06000049"}},{"type":"Polygon","arcs":[[344,345,346,347,348]],"id":863,"properties":{"WD24CD":"E05008620","WD24NM":"Crewe Central","LAD24CD":"E06000049"}},{"type":"Polygon","arcs":[[349,350,-345,351,352,-308]],"id":864,"properties":{"WD24CD":"E05008621","WD24NM":"Crewe East","LAD24CD":"E06000049"}},{"type":"Polygon","arcs":[[-349,353,354,-352]],"id":865,"properties":{"WD24CD":"E05008622","WD24NM":"Crewe North","LAD24CD":"E06000049"}},{"type":"Polygon","arcs":[[-354,-348,355,356,357]],"id":866,"properties":{"WD24CD":"E05008623","WD24NM":"Crewe St Barnabas","LAD24CD":"E06000049"}},{"type":"Polygon","arcs":[[-346,-351,358,359,360,361,362]],"id":867,"properties":{"WD24CD":"E05008624","WD24NM":"Crewe South","LAD24CD":"E06000049"}},{"type":"Polygon","arcs":[[-347,-363,363,-356]],"id":868,"properties":{"WD24CD":"E05008625","WD24NM":"Crewe West","LAD24CD":"E06000049"}},{"type":"Polygon","arcs":[[364,-314,365,-332]],"id":869,"properties":{"WD24CD":"E05008626","WD24NM":"Dane Valley","LAD24CD":"E06000049"}},{"type":"Polygon","arcs":[[366,367,368,369]],"id":870,"properties":{"WD24CD":"E05008627","WD24NM":"Disley","LAD24CD":"E06000049"}},{"type":"Polygon","arcs":[[-318,370,371,372,-374,-375,-342,-344,-315,-365,-331,375]],"id":871,"properties":{"WD24CD":"E05008628","WD24NM":"Gawsworth","LAD24CD":"E06000049"}},{"type":"Polygon","arcs":[[376,377,378,379,380]],"id":872,"properties":{"WD24CD":"E05008629","WD24NM":"Handforth","LAD24CD":"E06000049"}},{"type":"Polygon","arcs":[[-301,-284,381,382,383,384,-359,-350,-307,385]],"id":873,"properties":{"WD24CD":"E05008630","WD24NM":"Haslington","LAD24CD":"E06000049"}},{"type":"Polygon","arcs":[[386,387,-335,388,389,390,391,392]],"id":874,"properties":{"WD24CD":"E05008631","WD24NM":"High Legh","LAD24CD":"E06000049"}},{"type":"Polygon","arcs":[[393,-336,-388]],"id":875,"properties":{"WD24CD":"E05008632","WD24NM":"Knutsford","LAD24CD":"E06000049"}},{"type":"Polygon","arcs":[[-355,-358,394,-321,-309,-353]],"id":876,"properties":{"WD24CD":"E05008633","WD24NM":"Leighton","LAD24CD":"E06000049"}},{"type":"Polygon","arcs":[[395,396,397,-316,398,399]],"id":877,"properties":{"WD24CD":"E05008634","WD24NM":"Macclesfield Central","LAD24CD":"E06000049"}},{"type":"Polygon","arcs":[[-293,400,401,-396,402]],"id":878,"properties":{"WD24CD":"E05008635","WD24NM":"Macclesfield East","LAD24CD":"E06000049"}},{"type":"Polygon","arcs":[[-403,-400,403,-294]],"id":879,"properties":{"WD24CD":"E05008636","WD24NM":"Macclesfield Hurdsfield","LAD24CD":"E06000049"}},{"type":"Polygon","arcs":[[404,-372,405,-397,-402]],"id":880,"properties":{"WD24CD":"E05008637","WD24NM":"Macclesfield South","LAD24CD":"E06000049"}},{"type":"Polygon","arcs":[[-295,-404,-399,-320,406]],"id":881,"properties":{"WD24CD":"E05008638","WD24NM":"Macclesfield Tytherington","LAD24CD":"E06000049"}},{"type":"Polygon","arcs":[[-398,-406,-371,-317]],"id":882,"properties":{"WD24CD":"E05008639","WD24NM":"Macclesfield West and Ivy","LAD24CD":"E06000049"}},{"type":"Polygon","arcs":[[-312,407,408]],"id":883,"properties":{"WD24CD":"E05008640","WD24NM":"Middlewich","LAD24CD":"E06000049"}},{"type":"Polygon","arcs":[[409,410,411,412,-337,-394,-387,413]],"id":884,"properties":{"WD24CD":"E05008641","WD24NM":"Mobberley","LAD24CD":"E06000049"}},{"type":"Polygon","arcs":[[414,415,-323,416]],"id":885,"properties":{"WD24CD":"E05008642","WD24NM":"Nantwich North and West","LAD24CD":"E06000049"}},{"type":"Polygon","arcs":[[417,418,419,-291,420,-415,421]],"id":886,"properties":{"WD24CD":"E05008643","WD24NM":"Nantwich South and Stapeley","LAD24CD":"E06000049"}},{"type":"Polygon","arcs":[[-343,-340,-423,-424,424,425,426,-281,-300]],"id":887,"properties":{"WD24CD":"E05008644","WD24NM":"Odd Rode","LAD24CD":"E06000049"}},{"type":"Polygon","arcs":[[-369,427,428,429,-298,430,431,432]],"id":888,"properties":{"WD24CD":"E05008645","WD24NM":"Poynton East and Pott Shrigley","LAD24CD":"E06000049"}},{"type":"Polygon","arcs":[[-431,-297,433,434,435,436]],"id":889,"properties":{"WD24CD":"E05008646","WD24NM":"Poynton West and Adlington","LAD24CD":"E06000049"}},{"type":"Polygon","arcs":[[-434,-296,-407,-319,-376,-330,-277,437,438,439]],"id":890,"properties":{"WD24CD":"E05008647","WD24NM":"Prestbury","LAD24CD":"E06000049"}},{"type":"Polygon","arcs":[[440,441,-305]],"id":891,"properties":{"WD24CD":"E05008648","WD24NM":"Sandbach Elworth","LAD24CD":"E06000049"}},{"type":"Polygon","arcs":[[442,443,-302,-386,-306,-442]],"id":892,"properties":{"WD24CD":"E05008649","WD24NM":"Sandbach Ettiley Heath and Wheelock","LAD24CD":"E06000049"}},{"type":"Polygon","arcs":[[-444,444,-303]],"id":893,"properties":{"WD24CD":"E05008650","WD24NM":"Sandbach Heath and East","LAD24CD":"E06000049"}},{"type":"Polygon","arcs":[[-445,-443,-441,-304]],"id":894,"properties":{"WD24CD":"E05008651","WD24NM":"Sandbach Town","LAD24CD":"E06000049"}},{"type":"Polygon","arcs":[[-385,445,-419,446,-360]],"id":895,"properties":{"WD24CD":"E05008652","WD24NM":"Shavington","LAD24CD":"E06000049"}},{"type":"Polygon","arcs":[[447,-449,-373,-405,-401,-292,-430]],"id":896,"properties":{"WD24CD":"E05008653","WD24NM":"Sutton","LAD24CD":"E06000049"}},{"type":"Polygon","arcs":[[-447,-418,449,-361]],"id":897,"properties":{"WD24CD":"E05008654","WD24NM":"Willaston and Rope","LAD24CD":"E06000049"}},{"type":"Polygon","arcs":[[450,-439,451,452,-379]],"id":898,"properties":{"WD24CD":"E05008655","WD24NM":"Wilmslow Dean Row","LAD24CD":"E06000049"}},{"type":"Polygon","arcs":[[-452,-438,-280,453,454]],"id":899,"properties":{"WD24CD":"E05008656","WD24NM":"Wilmslow East","LAD24CD":"E06000049"}},{"type":"Polygon","arcs":[[455,-380,-453,-455,456,457]],"id":900,"properties":{"WD24CD":"E05008657","WD24NM":"Wilmslow Lacey Green","LAD24CD":"E06000049"}},{"type":"Polygon","arcs":[[-454,-279,-329,-413,458,-457]],"id":901,"properties":{"WD24CD":"E05008658","WD24NM":"Wilmslow West and Chorley","LAD24CD":"E06000049"}},{"type":"Polygon","arcs":[[-357,-364,-362,-450,-422,-417,-322,-395]],"id":902,"properties":{"WD24CD":"E05008659","WD24NM":"Wistaston","LAD24CD":"E06000049"}},{"type":"Polygon","arcs":[[-324,-416,-421,-290,-460,-461,461,462]],"id":903,"properties":{"WD24CD":"E05008660","WD24NM":"Wrenbury","LAD24CD":"E06000049"}},{"type":"Polygon","arcs":[[463,-465,-286,-420,-446,-384]],"id":904,"properties":{"WD24CD":"E05008661","WD24NM":"Wybunbury","LAD24CD":"E06000049"}},{"type":"Polygon","arcs":[[465,466,467,468,469]],"id":1506,"properties":{"WD24CD":"E05009932","WD24NM":"Bourne","LAD24CD":"E07000128"}},{"type":"Polygon","arcs":[[470,471,472,473,474]],"id":1507,"properties":{"WD24CD":"E05009933","WD24NM":"Breck","LAD24CD":"E07000128"}},{"type":"Polygon","arcs":[[475,476,477,478]],"id":1508,"properties":{"WD24CD":"E05009934","WD24NM":"Brock with Catterall","LAD24CD":"E07000128"}},{"type":"Polygon","arcs":[[-479,479,480,481]],"id":1509,"properties":{"WD24CD":"E05009935","WD24NM":"Calder","LAD24CD":"E07000128"}},{"type":"Polygon","arcs":[[-474,482,483,484,485]],"id":1510,"properties":{"WD24CD":"E05009936","WD24NM":"Carleton","LAD24CD":"E07000128"}},{"type":"Polygon","arcs":[[486,487,488,489,490]],"id":1511,"properties":{"WD24CD":"E05009937","WD24NM":"Cleveleys Park","LAD24CD":"E07000128"}},{"type":"Polygon","arcs":[[-481,491,492,493]],"id":1512,"properties":{"WD24CD":"E05009938","WD24NM":"Garstang","LAD24CD":"E07000128"}},{"type":"MultiPolygon","arcs":[[[494]],[[495,-496,496]],[[-492,-480,-478,497,498,499,500,501,502,503,504]]],"id":1513,"properties":{"WD24CD":"E05009939","WD24NM":"Great Eccleston","LAD24CD":"E07000128"}},{"type":"MultiPolygon","arcs":[[[505,-506,506]],[[507,508]],[[509,-510,510]],[[511,-504,512,513,514,515]]],"id":1514,"properties":{"WD24CD":"E05009940","WD24NM":"Hambleton & Stalmine","LAD24CD":"E07000128"}},{"type":"Polygon","arcs":[[516,517,518,-472,519]],"id":1515,"properties":{"WD24CD":"E05009941","WD24NM":"Hardhorn with High Cross","LAD24CD":"E07000128"}},{"type":"Polygon","arcs":[[520,521,522,523,-489]],"id":1516,"properties":{"WD24CD":"E05009942","WD24NM":"Jubilee","LAD24CD":"E07000128"}},{"type":"Polygon","arcs":[[524,-486,525,526,-468]],"id":1517,"properties":{"WD24CD":"E05009943","WD24NM":"Marsh Mill","LAD24CD":"E07000128"}},{"type":"Polygon","arcs":[[527,528,-470,529,530,531]],"id":1518,"properties":{"WD24CD":"E05009944","WD24NM":"Mount","LAD24CD":"E07000128"}},{"type":"Polygon","arcs":[[532,-491,533,-531]],"id":1519,"properties":{"WD24CD":"E05009945","WD24NM":"Park","LAD24CD":"E07000128"}},{"type":"Polygon","arcs":[[-528,534,535]],"id":1520,"properties":{"WD24CD":"E05009946","WD24NM":"Pharos","LAD24CD":"E07000128"}},{"type":"Polygon","arcs":[[-469,-527,-487,-533,-530]],"id":1521,"properties":{"WD24CD":"E05009947","WD24NM":"Pheasant's Wood","LAD24CD":"E07000128"}},{"type":"MultiPolygon","arcs":[[[536]],[[537,537,537]],[[538]],[[539]],[[540]],[[541]],[[542]],[[543,544]],[[545,546]],[[547,548,549,550,-493,-505,-512,551,552]],[[553,554]],[[555,-556,556]],[[557,558]]],"id":1522,"properties":{"WD24CD":"E05009948","WD24NM":"Pilling","LAD24CD":"E07000128"}},{"type":"MultiPolygon","arcs":[[[-514,559]],[[560,560,560]],[[-509,561]],[[-558,562,-552,-516,563,-506,564,509,565]]],"id":1523,"properties":{"WD24CD":"E05009949","WD24NM":"Preesall","LAD24CD":"E07000128"}},{"type":"Polygon","arcs":[[-534,-490,-524,566,567]],"id":1524,"properties":{"WD24CD":"E05009950","WD24NM":"Rossall","LAD24CD":"E07000128"}},{"type":"MultiPolygon","arcs":[[[568,-569,569]],[[570,-571,571]],[[572,572,572]],[[573,574,575,576,577,-475,-525,-467,578]]],"id":1525,"properties":{"WD24CD":"E05009951","WD24NM":"Stanah","LAD24CD":"E07000128"}},{"type":"Polygon","arcs":[[-519,579,580,581,-483,-473]],"id":1526,"properties":{"WD24CD":"E05009952","WD24NM":"Tithebarn","LAD24CD":"E07000128"}},{"type":"Polygon","arcs":[[-485,582,583,-521,-488,-526]],"id":1527,"properties":{"WD24CD":"E05009953","WD24NM":"Victoria & Norcross","LAD24CD":"E07000128"}},{"type":"Polygon","arcs":[[-535,-532,-568,584]],"id":1528,"properties":{"WD24CD":"E05009954","WD24NM":"Warren","LAD24CD":"E07000128"}},{"type":"Polygon","arcs":[[585,586,-476,-482,-494,-551,587]],"id":1529,"properties":{"WD24CD":"E05009955","WD24NM":"Wyresdale","LAD24CD":"E07000128"}},{"type":"Polygon","arcs":[[588,589,590,591,592,593,594]],"id":1657,"properties":{"WD24CD":"E05010214","WD24NM":"Bamber Bridge East","LAD24CD":"E07000126"}},{"type":"Polygon","arcs":[[-593,595,596,597]],"id":1658,"properties":{"WD24CD":"E05010215","WD24NM":"Bamber Bridge West","LAD24CD":"E07000126"}},{"type":"Polygon","arcs":[[598,599,600,601,602]],"id":1659,"properties":{"WD24CD":"E05010216","WD24NM":"Broad Oak","LAD24CD":"E07000126"}},{"type":"Polygon","arcs":[[603,604,605,606,607]],"id":1660,"properties":{"WD24CD":"E05010217","WD24NM":"Broadfield","LAD24CD":"E07000126"}},{"type":"Polygon","arcs":[[608,609,610,611,612,613]],"id":1661,"properties":{"WD24CD":"E05010218","WD24NM":"Buckshaw & Worden","LAD24CD":"E07000126"}},{"type":"Polygon","arcs":[[614,615,616,617,618]],"id":1662,"properties":{"WD24CD":"E05010219","WD24NM":"Charnock","LAD24CD":"E07000126"}},{"type":"Polygon","arcs":[[619,-589,620]],"id":1663,"properties":{"WD24CD":"E05010220","WD24NM":"Coupe Green & Gregson Lane","LAD24CD":"E07000126"}},{"type":"Polygon","arcs":[[-606,621,622,623,624]],"id":1664,"properties":{"WD24CD":"E05010221","WD24NM":"Earnshaw Bridge","LAD24CD":"E07000126"}},{"type":"Polygon","arcs":[[-592,625,626,627,-608,628,629,-596]],"id":1665,"properties":{"WD24CD":"E05010222","WD24NM":"Farington East","LAD24CD":"E07000126"}},{"type":"Polygon","arcs":[[630,-629,-607,-625,631,632,-617]],"id":1666,"properties":{"WD24CD":"E05010223","WD24NM":"Farington West","LAD24CD":"E07000126"}},{"type":"Polygon","arcs":[[633,634,635,636,637,638]],"id":1667,"properties":{"WD24CD":"E05010224","WD24NM":"Hoole","LAD24CD":"E07000126"}},{"type":"Polygon","arcs":[[639,-602,640,641,642,643]],"id":1668,"properties":{"WD24CD":"E05010225","WD24NM":"Howick & Priory","LAD24CD":"E07000126"}},{"type":"Polygon","arcs":[[644,-612,645,-604,-628]],"id":1669,"properties":{"WD24CD":"E05010226","WD24NM":"Leyland Central","LAD24CD":"E07000126"}},{"type":"MultiPolygon","arcs":[[[-637,636,646]],[[-642,647,-639,648]]],"id":1670,"properties":{"WD24CD":"E05010227","WD24NM":"Longton & Hutton West","LAD24CD":"E07000126"}},{"type":"Polygon","arcs":[[649,-597,-630,-631,-616,650]],"id":1671,"properties":{"WD24CD":"E05010228","WD24NM":"Lostock Hall","LAD24CD":"E07000126"}},{"type":"Polygon","arcs":[[651,-619,652,-600,653]],"id":1672,"properties":{"WD24CD":"E05010229","WD24NM":"Middleforth","LAD24CD":"E07000126"}},{"type":"Polygon","arcs":[[-632,-624,654,-634,655]],"id":1673,"properties":{"WD24CD":"E05010230","WD24NM":"Moss Side","LAD24CD":"E07000126"}},{"type":"Polygon","arcs":[[-601,-653,-618,-633,-656,-648,-641]],"id":1674,"properties":{"WD24CD":"E05010231","WD24NM":"New Longton & Hutton East","LAD24CD":"E07000126"}},{"type":"Polygon","arcs":[[656,-613,-645,-627]],"id":1675,"properties":{"WD24CD":"E05010232","WD24NM":"St Ambrose","LAD24CD":"E07000126"}},{"type":"Polygon","arcs":[[657,658,659,-621,-595,660,661,662,663,664,665,666,667,668,669]],"id":1676,"properties":{"WD24CD":"E05010233","WD24NM":"Samlesbury & Walton","LAD24CD":"E07000126"}},{"type":"Polygon","arcs":[[-605,-646,-611,670,671,-622]],"id":1677,"properties":{"WD24CD":"E05010234","WD24NM":"Seven Stars","LAD24CD":"E07000126"}},{"type":"Polygon","arcs":[[-594,-598,-650,672,-661]],"id":1678,"properties":{"WD24CD":"E05010235","WD24NM":"Walton-le-Dale East","LAD24CD":"E07000126"}},{"type":"MultiPolygon","arcs":[[[663,-664,673]],[[-666,665,674]],[[-662,-673,-651,-615,-652,675]]],"id":1679,"properties":{"WD24CD":"E05010236","WD24NM":"Walton-le-Dale West","LAD24CD":"E07000126"}},{"type":"Polygon","arcs":[[676,677,678,679,-68,680]],"id":2201,"properties":{"WD24CD":"E05010935","WD24NM":"Cherryfield","LAD24CD":"E08000011"}},{"type":"Polygon","arcs":[[681,682,683,684,685,686,687,688]],"id":2202,"properties":{"WD24CD":"E05010936","WD24NM":"Halewood North","LAD24CD":"E08000011"}},{"type":"Polygon","arcs":[[689,690,691,-685]],"id":2203,"properties":{"WD24CD":"E05010937","WD24NM":"Halewood South","LAD24CD":"E08000011"}},{"type":"Polygon","arcs":[[692,693,694,-677,695,696,697]],"id":2204,"properties":{"WD24CD":"E05010938","WD24NM":"Northwood","LAD24CD":"E08000011"}},{"type":"Polygon","arcs":[[698,699,700,701,702,703]],"id":2205,"properties":{"WD24CD":"E05010939","WD24NM":"Page Moss","LAD24CD":"E08000011"}},{"type":"Polygon","arcs":[[704,705,706,707,708,709,-678,-695,710,711]],"id":2206,"properties":{"WD24CD":"E05010940","WD24NM":"Prescot North","LAD24CD":"E08000011"}},{"type":"Polygon","arcs":[[712,713,714,-705,715]],"id":2207,"properties":{"WD24CD":"E05010941","WD24NM":"Prescot South","LAD24CD":"E08000011"}},{"type":"Polygon","arcs":[[716,-688,717,718,719,-700,720]],"id":2208,"properties":{"WD24CD":"E05010942","WD24NM":"Roby","LAD24CD":"E08000011"}},{"type":"Polygon","arcs":[[-697,721,-66,722]],"id":2209,"properties":{"WD24CD":"E05010943","WD24NM":"Shevington","LAD24CD":"E08000011"}},{"type":"Polygon","arcs":[[723,-689,-717,724]],"id":2210,"properties":{"WD24CD":"E05010944","WD24NM":"St Gabriels","LAD24CD":"E08000011"}},{"type":"Polygon","arcs":[[725,-725,-721,-699,726,-706]],"id":2211,"properties":{"WD24CD":"E05010945","WD24NM":"St Michaels","LAD24CD":"E08000011"}},{"type":"Polygon","arcs":[[-727,-704,727,-707]],"id":2212,"properties":{"WD24CD":"E05010946","WD24NM":"Stockbridge","LAD24CD":"E08000011"}},{"type":"Polygon","arcs":[[-701,-720,728,729,730]],"id":2213,"properties":{"WD24CD":"E05010947","WD24NM":"Swanside","LAD24CD":"E08000011"}},{"type":"Polygon","arcs":[[731,732,733,-682,-724,-726,-715]],"id":2214,"properties":{"WD24CD":"E05010948","WD24NM":"Whiston and Cronton","LAD24CD":"E08000011"}},{"type":"Polygon","arcs":[[-696,-681,-67,-722]],"id":2215,"properties":{"WD24CD":"E05010949","WD24NM":"Whitefield","LAD24CD":"E08000011"}},{"type":"Polygon","arcs":[[734,735,736,737,738,739]],"id":2276,"properties":{"WD24CD":"E05011024","WD24NM":"Appleton","LAD24CD":"E06000007"}},{"type":"MultiPolygon","arcs":[[[740,741]],[[742,743,744,745,746,747,-739,748,749]],[[750,751,752,753,754,755,756,757,758]]],"id":2277,"properties":{"WD24CD":"E05011025","WD24NM":"Bewsey and Whitecross","LAD24CD":"E06000007"}},{"type":"Polygon","arcs":[[759,760,761]],"id":2278,"properties":{"WD24CD":"E05011026","WD24NM":"Birchwood","LAD24CD":"E06000007"}},{"type":"Polygon","arcs":[[762,763,764,765,766,767,768,769,770,771,772]],"id":2279,"properties":{"WD24CD":"E05011027","WD24NM":"Burtonwood and Winwick","LAD24CD":"E06000007"}},{"type":"Polygon","arcs":[[-757,773,774,-769,775]],"id":2280,"properties":{"WD24CD":"E05011028","WD24NM":"Chapelford and Old Hall","LAD24CD":"E06000007"}},{"type":"Polygon","arcs":[[776,777,-762,-765,778,779,780,781]],"id":2281,"properties":{"WD24CD":"E05011029","WD24NM":"Culcheth, Glazebury and Croft","LAD24CD":"E06000007"}},{"type":"Polygon","arcs":[[782,783,784,-752,785,786]],"id":2282,"properties":{"WD24CD":"E05011030","WD24NM":"Fairfield and Howley","LAD24CD":"E06000007"}},{"type":"Polygon","arcs":[[787,-390,788,-735,789,790,791]],"id":2283,"properties":{"WD24CD":"E05011031","WD24NM":"Grappenhall","LAD24CD":"E06000007"}},{"type":"Polygon","arcs":[[-775,792,793,794,-770]],"id":2284,"properties":{"WD24CD":"E05011032","WD24NM":"Great Sankey North and Whittle Hall","LAD24CD":"E06000007"}},{"type":"MultiPolygon","arcs":[[[795,-754]],[[796,-793,-774,-756,797]]],"id":2285,"properties":{"WD24CD":"E05011033","WD24NM":"Great Sankey South","LAD24CD":"E06000007"}},{"type":"Polygon","arcs":[[798,799,-791,800,-783,801]],"id":2286,"properties":{"WD24CD":"E05011034","WD24NM":"Latchford East","LAD24CD":"E06000007"}},{"type":"MultiPolygon","arcs":[[[-745,744,802]],[[-743,742,803]],[[-801,804,-747,805,-742,806,-784]]],"id":2287,"properties":{"WD24CD":"E05011035","WD24NM":"Latchford West","LAD24CD":"E06000007"}},{"type":"Polygon","arcs":[[-392,807,-792,-800,808,809]],"id":2288,"properties":{"WD24CD":"E05011036","WD24NM":"Lymm North and Thelwall","LAD24CD":"E06000007"}},{"type":"Polygon","arcs":[[-391,-788,-808]],"id":2289,"properties":{"WD24CD":"E05011037","WD24NM":"Lymm South","LAD24CD":"E06000007"}},{"type":"Polygon","arcs":[[810,-786,-751,811]],"id":2290,"properties":{"WD24CD":"E05011038","WD24NM":"Orford","LAD24CD":"E06000007"}},{"type":"MultiPolygon","arcs":[[[-749,-738,812,813,814]],[[-797,815,816,817,818,-794]]],"id":2291,"properties":{"WD24CD":"E05011039","WD24NM":"Penketh and Cuerdley","LAD24CD":"E06000007"}},{"type":"Polygon","arcs":[[819,-812,-759,820,-767,821]],"id":2292,"properties":{"WD24CD":"E05011040","WD24NM":"Poplars and Hulme","LAD24CD":"E06000007"}},{"type":"Polygon","arcs":[[822,823,-822,-766,-761]],"id":2293,"properties":{"WD24CD":"E05011041","WD24NM":"Poulton North","LAD24CD":"E06000007"}},{"type":"Polygon","arcs":[[824,-802,-787,-811,-820,-824]],"id":2294,"properties":{"WD24CD":"E05011042","WD24NM":"Poulton South","LAD24CD":"E06000007"}},{"type":"Polygon","arcs":[[825,826,-809,-799,-825,-823,-760,-778,827]],"id":2295,"properties":{"WD24CD":"E05011043","WD24NM":"Rixton and Woolston","LAD24CD":"E06000007"}},{"type":"Polygon","arcs":[[-740,-748,-805,-790]],"id":2296,"properties":{"WD24CD":"E05011044","WD24NM":"Stockton Heath","LAD24CD":"E06000007"}},{"type":"Polygon","arcs":[[-758,-776,-768,-821]],"id":2297,"properties":{"WD24CD":"E05011045","WD24NM":"Westbrook","LAD24CD":"E06000007"}},{"type":"Polygon","arcs":[[828,829,830,831]],"id":2556,"properties":{"WD24CD":"E05011350","WD24NM":"Ancoats & Beswick","LAD24CD":"E08000003"}},{"type":"Polygon","arcs":[[-830,832,833,834,835,836,837]],"id":2557,"properties":{"WD24CD":"E05011351","WD24NM":"Ardwick","LAD24CD":"E08000003"}},{"type":"Polygon","arcs":[[838,839,840,841,842,843]],"id":2558,"properties":{"WD24CD":"E05011352","WD24NM":"Baguley","LAD24CD":"E08000003"}},{"type":"Polygon","arcs":[[844,-844,845,846,847,848]],"id":2559,"properties":{"WD24CD":"E05011353","WD24NM":"Brooklands","LAD24CD":"E08000003"}},{"type":"Polygon","arcs":[[849,850,851,852,853,854]],"id":2560,"properties":{"WD24CD":"E05011354","WD24NM":"Burnage","LAD24CD":"E08000003"}},{"type":"Polygon","arcs":[[855,856,857,858,859,860]],"id":2561,"properties":{"WD24CD":"E05011355","WD24NM":"Charlestown","LAD24CD":"E08000003"}},{"type":"Polygon","arcs":[[861,862,863,864,865,866,867]],"id":2562,"properties":{"WD24CD":"E05011356","WD24NM":"Cheetham","LAD24CD":"E08000003"}},{"type":"Polygon","arcs":[[868,869,870,871,872]],"id":2563,"properties":{"WD24CD":"E05011357","WD24NM":"Chorlton","LAD24CD":"E08000003"}},{"type":"Polygon","arcs":[[873,874,875,876,877,-869,878]],"id":2564,"properties":{"WD24CD":"E05011358","WD24NM":"Chorlton Park","LAD24CD":"E08000003"}},{"type":"Polygon","arcs":[[879,880,881,882,-829,883]],"id":2565,"properties":{"WD24CD":"E05011359","WD24NM":"Clayton & Openshaw","LAD24CD":"E08000003"}},{"type":"Polygon","arcs":[[884,885,-868,886,887]],"id":2566,"properties":{"WD24CD":"E05011360","WD24NM":"Crumpsall","LAD24CD":"E08000003"}},{"type":"Polygon","arcs":[[888,889,890,891,-864]],"id":2567,"properties":{"WD24CD":"E05011361","WD24NM":"Deansgate","LAD24CD":"E08000003"}},{"type":"Polygon","arcs":[[-851,892,893,894,895,896,897,898]],"id":2568,"properties":{"WD24CD":"E05011362","WD24NM":"Didsbury East","LAD24CD":"E08000003"}},{"type":"Polygon","arcs":[[899,-898,900,-875,901]],"id":2569,"properties":{"WD24CD":"E05011363","WD24NM":"Didsbury West","LAD24CD":"E08000003"}},{"type":"Polygon","arcs":[[-853,902,903,904,905,906]],"id":2570,"properties":{"WD24CD":"E05011364","WD24NM":"Fallowfield","LAD24CD":"E08000003"}},{"type":"Polygon","arcs":[[907,908,909,910,-833,-883]],"id":2571,"properties":{"WD24CD":"E05011365","WD24NM":"Gorton & Abbey Hey","LAD24CD":"E08000003"}},{"type":"Polygon","arcs":[[-859,911,912,-862,-886,913]],"id":2572,"properties":{"WD24CD":"E05011366","WD24NM":"Harpurhey","LAD24CD":"E08000003"}},{"type":"Polygon","arcs":[[914,-860,-914,-885,915,916]],"id":2573,"properties":{"WD24CD":"E05011367","WD24NM":"Higher Blackley","LAD24CD":"E08000003"}},{"type":"Polygon","arcs":[[-837,917,918,919,920,-890]],"id":2574,"properties":{"WD24CD":"E05011368","WD24NM":"Hulme","LAD24CD":"E08000003"}},{"type":"Polygon","arcs":[[921,922,-855,923,924]],"id":2575,"properties":{"WD24CD":"E05011369","WD24NM":"Levenshulme","LAD24CD":"E08000003"}},{"type":"Polygon","arcs":[[925,-925,926,-834,-911]],"id":2576,"properties":{"WD24CD":"E05011370","WD24NM":"Longsight","LAD24CD":"E08000003"}},{"type":"Polygon","arcs":[[927,928,-884,-832,929,-913,930]],"id":2577,"properties":{"WD24CD":"E05011371","WD24NM":"Miles Platting & Newton Heath","LAD24CD":"E08000003"}},{"type":"Polygon","arcs":[[-836,931,-906,932,933,-918]],"id":2578,"properties":{"WD24CD":"E05011372","WD24NM":"Moss Side","LAD24CD":"E08000003"}},{"type":"Polygon","arcs":[[934,-931,-912,-858,935]],"id":2579,"properties":{"WD24CD":"E05011373","WD24NM":"Moston","LAD24CD":"E08000003"}},{"type":"Polygon","arcs":[[-901,-897,936,937,-839,-845,938,-876]],"id":2580,"properties":{"WD24CD":"E05011374","WD24NM":"Northenden","LAD24CD":"E08000003"}},{"type":"Polygon","arcs":[[939,-902,-874,-904]],"id":2581,"properties":{"WD24CD":"E05011375","WD24NM":"Old Moat","LAD24CD":"E08000003"}},{"type":"Polygon","arcs":[[-831,-838,-889,-863,-930]],"id":2582,"properties":{"WD24CD":"E05011376","WD24NM":"Piccadilly","LAD24CD":"E08000003"}},{"type":"Polygon","arcs":[[-927,-924,-854,-907,-932,-835]],"id":2583,"properties":{"WD24CD":"E05011377","WD24NM":"Rusholme","LAD24CD":"E08000003"}},{"type":"Polygon","arcs":[[940,941,-840,-938,942]],"id":2584,"properties":{"WD24CD":"E05011378","WD24NM":"Sharston","LAD24CD":"E08000003"}},{"type":"Polygon","arcs":[[-905,-879,-873,943,-933]],"id":2585,"properties":{"WD24CD":"E05011379","WD24NM":"Whalley Range","LAD24CD":"E08000003"}},{"type":"Polygon","arcs":[[-852,-899,-900,-940,-903]],"id":2586,"properties":{"WD24CD":"E05011380","WD24NM":"Withington","LAD24CD":"E08000003"}},{"type":"Polygon","arcs":[[944,-458,-459,-412,945,-841,-942]],"id":2587,"properties":{"WD24CD":"E05011381","WD24NM":"Woodhouse Park","LAD24CD":"E08000003"}},{"type":"Polygon","arcs":[[946,947,948,949]],"id":2688,"properties":{"WD24CD":"E05011508","WD24NM":"Audley & Queen's Park","LAD24CD":"E06000008"}},{"type":"Polygon","arcs":[[-949,950,951,952,953]],"id":2689,"properties":{"WD24CD":"E05011509","WD24NM":"Bastwell & Daisyfield","LAD24CD":"E06000008"}},{"type":"Polygon","arcs":[[954,955,956,957,958,959,960]],"id":2690,"properties":{"WD24CD":"E05011510","WD24NM":"Billinge & Beardwood","LAD24CD":"E06000008"}},{"type":"Polygon","arcs":[[-948,961,962,963,964,965,-951]],"id":2691,"properties":{"WD24CD":"E05011511","WD24NM":"Blackburn Central","LAD24CD":"E06000008"}},{"type":"Polygon","arcs":[[966,967,968,969,970,971]],"id":2692,"properties":{"WD24CD":"E05011512","WD24NM":"Blackburn South & Lower Darwen","LAD24CD":"E06000008"}},{"type":"Polygon","arcs":[[-276,972,-972,973,-962,-947,974]],"id":2693,"properties":{"WD24CD":"E05011513","WD24NM":"Blackburn South East","LAD24CD":"E06000008"}},{"type":"Polygon","arcs":[[975,976,977,-968]],"id":2694,"properties":{"WD24CD":"E05011514","WD24NM":"Darwen East","LAD24CD":"E06000008"}},{"type":"Polygon","arcs":[[978,-977,979]],"id":2695,"properties":{"WD24CD":"E05011515","WD24NM":"Darwen South","LAD24CD":"E06000008"}},{"type":"Polygon","arcs":[[-979,980,981,982,-969,-978]],"id":2696,"properties":{"WD24CD":"E05011516","WD24NM":"Darwen West","LAD24CD":"E06000008"}},{"type":"Polygon","arcs":[[-974,-971,983,984,-963]],"id":2697,"properties":{"WD24CD":"E05011517","WD24NM":"Ewood","LAD24CD":"E06000008"}},{"type":"Polygon","arcs":[[-975,-950,-954,985,-269]],"id":2698,"properties":{"WD24CD":"E05011518","WD24NM":"Little Harwood & Whitebirk","LAD24CD":"E06000008"}},{"type":"Polygon","arcs":[[-958,986,-984,-970,-983,987,988,-659,989]],"id":2699,"properties":{"WD24CD":"E05011519","WD24NM":"Livesey with Pleasington","LAD24CD":"E06000008"}},{"type":"Polygon","arcs":[[-985,-987,-957,990,-964]],"id":2700,"properties":{"WD24CD":"E05011520","WD24NM":"Mill Hill & Moorgate","LAD24CD":"E06000008"}},{"type":"Polygon","arcs":[[-270,-986,-953,991,-961,992]],"id":2701,"properties":{"WD24CD":"E05011521","WD24NM":"Roe Lee","LAD24CD":"E06000008"}},{"type":"Polygon","arcs":[[-952,-966,993,-955,-992]],"id":2702,"properties":{"WD24CD":"E05011522","WD24NM":"Shear Brow & Corporation Park","LAD24CD":"E06000008"}},{"type":"Polygon","arcs":[[-965,-991,-956,-994]],"id":2703,"properties":{"WD24CD":"E05011523","WD24NM":"Wensley Fold","LAD24CD":"E06000008"}},{"type":"Polygon","arcs":[[-275,994,995,996,997,998,999,1000,1001,1002,1003,-981,-980,-976,-967,-973]],"id":2704,"properties":{"WD24CD":"E05011524","WD24NM":"West Pennine","LAD24CD":"E06000008"}},{"type":"Polygon","arcs":[[1004,1005,1006,1007,1008]],"id":3127,"properties":{"WD24CD":"E05012000","WD24NM":"Alston & Hothersall","LAD24CD":"E07000124"}},{"type":"Polygon","arcs":[[-265,1009,1010,1011]],"id":3128,"properties":{"WD24CD":"E05012001","WD24NM":"Billington & Langho","LAD24CD":"E07000124"}},{"type":"Polygon","arcs":[[1012,1013,1014,1015,1016,1017,1018,1019]],"id":3129,"properties":{"WD24CD":"E05012002","WD24NM":"Bowland","LAD24CD":"E07000124"}},{"type":"Polygon","arcs":[[1020,1021,1022,-1011,1023,1024,1025]],"id":3130,"properties":{"WD24CD":"E05012003","WD24NM":"Brockhall & Dinckley","LAD24CD":"E07000124"}},{"type":"Polygon","arcs":[[-1013,1026,1027,1028,1029,1030,1031,1032]],"id":3131,"properties":{"WD24CD":"E05012004","WD24NM":"Chatburn","LAD24CD":"E07000124"}},{"type":"Polygon","arcs":[[1033,1034,1035,-586,1036,1037,-1017]],"id":3132,"properties":{"WD24CD":"E05012005","WD24NM":"Chipping","LAD24CD":"E07000124"}},{"type":"Polygon","arcs":[[1038,1039,1040,1041,-1025]],"id":3133,"properties":{"WD24CD":"E05012006","WD24NM":"Clayton-le-Dale & Salesbury","LAD24CD":"E07000124"}},{"type":"Polygon","arcs":[[1042,1043,-1008,1044,1045,-1035,1046]],"id":3134,"properties":{"WD24CD":"E05012007","WD24NM":"Derby & Thornley","LAD24CD":"E07000124"}},{"type":"Polygon","arcs":[[-1009,-1044,1047]],"id":3135,"properties":{"WD24CD":"E05012008","WD24NM":"Dilworth","LAD24CD":"E07000124"}},{"type":"Polygon","arcs":[[-208,-217,-232,-262,-267,1048,1049,1050,1051]],"id":3136,"properties":{"WD24CD":"E05012009","WD24NM":"East Whalley, Read & Simonstone","LAD24CD":"E07000124"}},{"type":"Polygon","arcs":[[1052,1053,1054]],"id":3137,"properties":{"WD24CD":"E05012010","WD24NM":"Edisford & Low Moor","LAD24CD":"E07000124"}},{"type":"Polygon","arcs":[[1055,1056,1057,1058,-1027,-1020,1059]],"id":3138,"properties":{"WD24CD":"E05012011","WD24NM":"Gisburn & Rimington","LAD24CD":"E07000124"}},{"type":"Polygon","arcs":[[1060,-1026,-1042,1061,-1047,-1034,-1016]],"id":3139,"properties":{"WD24CD":"E05012012","WD24NM":"Hurst Green & Whitewell","LAD24CD":"E07000124"}},{"type":"Polygon","arcs":[[1062,1063,1064]],"id":3140,"properties":{"WD24CD":"E05012013","WD24NM":"Littlemoor","LAD24CD":"E07000124"}},{"type":"Polygon","arcs":[[1065,-1040,1066,-959,-990,-658,1067,-1006]],"id":3141,"properties":{"WD24CD":"E05012014","WD24NM":"Mellor","LAD24CD":"E07000124"}},{"type":"Polygon","arcs":[[1068,-1064,1069,1070,-1053,1071]],"id":3142,"properties":{"WD24CD":"E05012015","WD24NM":"Primrose","LAD24CD":"E07000124"}},{"type":"Polygon","arcs":[[-1041,-1066,-1005,-1048,-1043,-1062]],"id":3143,"properties":{"WD24CD":"E05012016","WD24NM":"Ribchester","LAD24CD":"E07000124"}},{"type":"Polygon","arcs":[[1072,-1051,1073,-1029,1074]],"id":3144,"properties":{"WD24CD":"E05012017","WD24NM":"Sabden","LAD24CD":"E07000124"}},{"type":"Polygon","arcs":[[1075,-1072,-1055,1076,1077,-1032]],"id":3145,"properties":{"WD24CD":"E05012018","WD24NM":"St Mary's","LAD24CD":"E07000124"}},{"type":"Polygon","arcs":[[1078,-1065,-1069,-1076,-1031]],"id":3146,"properties":{"WD24CD":"E05012019","WD24NM":"Salthill","LAD24CD":"E07000124"}},{"type":"Polygon","arcs":[[-1077,-1054,-1071,1079,1080,-1021,-1061,-1015,1081]],"id":3147,"properties":{"WD24CD":"E05012020","WD24NM":"Waddington, Bashall Eaves & Mitton","LAD24CD":"E07000124"}},{"type":"Polygon","arcs":[[-1033,-1078,-1082,-1014]],"id":3148,"properties":{"WD24CD":"E05012021","WD24NM":"West Bradford & Grindleton","LAD24CD":"E07000124"}},{"type":"Polygon","arcs":[[-1049,-266,-1012,-1023,1082,1083]],"id":3149,"properties":{"WD24CD":"E05012022","WD24NM":"Whalley & Painter Wood","LAD24CD":"E07000124"}},{"type":"Polygon","arcs":[[-1083,-1022,-1081,1084]],"id":3150,"properties":{"WD24CD":"E05012023","WD24NM":"Whalley Nethertown","LAD24CD":"E07000124"}},{"type":"Polygon","arcs":[[-1010,-264,-271,-993,-960,-1067,-1039,-1024]],"id":3151,"properties":{"WD24CD":"E05012024","WD24NM":"Wilpshire & Ramsgreave","LAD24CD":"E07000124"}},{"type":"Polygon","arcs":[[-1074,-1050,-1084,-1085,-1080,-1070,-1063,-1079,-1030]],"id":3152,"properties":{"WD24CD":"E05012025","WD24NM":"Wiswell & Barrow","LAD24CD":"E07000124"}},{"type":"MultiPolygon","arcs":[[[1085,-644,1086]],[[1087,1088,1089,1090,1091,1092]]],"id":3299,"properties":{"WD24CD":"E05012193","WD24NM":"Ashton","LAD24CD":"E07000123"}},{"type":"Polygon","arcs":[[1093,1094,1095,1096]],"id":3300,"properties":{"WD24CD":"E05012194","WD24NM":"Brookfield","LAD24CD":"E07000123"}},{"type":"Polygon","arcs":[[1097,-1088,1098,1099,1100]],"id":3301,"properties":{"WD24CD":"E05012195","WD24NM":"Cadley","LAD24CD":"E07000123"}},{"type":"MultiPolygon","arcs":[[[-603,-640,-1086,1101]],[[1102,1103,1104,-1090,1105]]],"id":3302,"properties":{"WD24CD":"E05012196","WD24NM":"City Centre","LAD24CD":"E07000123"}},{"type":"Polygon","arcs":[[1106,1107,1108,-1096]],"id":3303,"properties":{"WD24CD":"E05012197","WD24NM":"Deepdale","LAD24CD":"E07000123"}},{"type":"Polygon","arcs":[[-668,1109,-1104,1110,1111]],"id":3304,"properties":{"WD24CD":"E05012198","WD24NM":"Fishwick & Frenchwood","LAD24CD":"E07000123"}},{"type":"Polygon","arcs":[[1112,-1097,-1109,1113,1114,1115]],"id":3305,"properties":{"WD24CD":"E05012199","WD24NM":"Garrison","LAD24CD":"E07000123"}},{"type":"Polygon","arcs":[[1116,1117,-1101,1118,1119]],"id":3306,"properties":{"WD24CD":"E05012200","WD24NM":"Greyfriars","LAD24CD":"E07000123"}},{"type":"MultiPolygon","arcs":[[[1120,-1121,1121]],[[-1093,1122,1123,1124,1125,-1099]]],"id":3307,"properties":{"WD24CD":"E05012201","WD24NM":"Ingol & Cottam","LAD24CD":"E07000123"}},{"type":"MultiPolygon","arcs":[[[1126,1127]],[[1128,-1129,1129]],[[-1092,1130,1131,1132,-1121,1133,-1123]]],"id":3308,"properties":{"WD24CD":"E05012202","WD24NM":"Lea & Larches","LAD24CD":"E07000123"}},{"type":"Polygon","arcs":[[-1108,1134,-1106,-1089,-1098,-1118,-1114]],"id":3309,"properties":{"WD24CD":"E05012203","WD24NM":"Plungington","LAD24CD":"E07000123"}},{"type":"Polygon","arcs":[[-1007,-1068,-670,1135,-1116,1136,-1120,1137,-1045]],"id":3310,"properties":{"WD24CD":"E05012204","WD24NM":"Preston Rural East","LAD24CD":"E07000123"}},{"type":"Polygon","arcs":[[-1036,-1046,-1138,-1119,-1100,-1126,1138,-498,-477,-587]],"id":3311,"properties":{"WD24CD":"E05012205","WD24NM":"Preston Rural North","LAD24CD":"E07000123"}},{"type":"Polygon","arcs":[[-669,-1112,1139,-1094,-1113,-1136]],"id":3312,"properties":{"WD24CD":"E05012206","WD24NM":"Ribbleton","LAD24CD":"E07000123"}},{"type":"Polygon","arcs":[[-1140,-1111,-1103,-1135,-1107,-1095]],"id":3313,"properties":{"WD24CD":"E05012207","WD24NM":"St Matthew's","LAD24CD":"E07000123"}},{"type":"Polygon","arcs":[[-1115,-1117,-1137]],"id":3314,"properties":{"WD24CD":"E05012208","WD24NM":"Sharoe Green","LAD24CD":"E07000123"}},{"type":"Polygon","arcs":[[1140,1141,1142,1143,1144]],"id":3315,"properties":{"WD24CD":"E05012209","WD24NM":"Blacon","LAD24CD":"E06000050"}},{"type":"Polygon","arcs":[[1145,1146,1147,1148,1149,1150]],"id":3316,"properties":{"WD24CD":"E05012210","WD24NM":"Central & Grange","LAD24CD":"E06000050"}},{"type":"Polygon","arcs":[[1151,1152,1153,1154,-1142,1155]],"id":3317,"properties":{"WD24CD":"E05012211","WD24NM":"Chester City & the Garden Quarter","LAD24CD":"E06000050"}},{"type":"Polygon","arcs":[[1156,1157,1158,1159,1160,1161,1162,1163,1164,1165]],"id":3318,"properties":{"WD24CD":"E05012212","WD24NM":"Christleton & Huntington","LAD24CD":"E06000050"}},{"type":"Polygon","arcs":[[1166,1167,1168,1169,1170,1171,1172,1173]],"id":3319,"properties":{"WD24CD":"E05012213","WD24NM":"Davenham, Moulton & Kingsmead","LAD24CD":"E06000050"}},{"type":"Polygon","arcs":[[1174,1175,1176,1177,1178,-1159]],"id":3320,"properties":{"WD24CD":"E05012214","WD24NM":"Farndon","LAD24CD":"E06000050"}},{"type":"Polygon","arcs":[[1179,1180,1181,1182,1183,1184,1185]],"id":3321,"properties":{"WD24CD":"E05012215","WD24NM":"Frodsham","LAD24CD":"E06000050"}},{"type":"Polygon","arcs":[[-1184,1186,1187,1188,-1166,1189,1190,1191,1192,1193,1194,-1146,1195,1196,1197,1198]],"id":3322,"properties":{"WD24CD":"E05012216","WD24NM":"Gowy Rural","LAD24CD":"E06000050"}},{"type":"Polygon","arcs":[[-1165,1199,-1153,1200,-1190]],"id":3323,"properties":{"WD24CD":"E05012217","WD24NM":"Great Boughton","LAD24CD":"E06000050"}},{"type":"Polygon","arcs":[[-1154,-1200,-1164,1201,1202,1203,1204,1205]],"id":3324,"properties":{"WD24CD":"E05012218","WD24NM":"Handbridge Park","LAD24CD":"E06000050"}},{"type":"Polygon","arcs":[[-1172,1206,1207,1208]],"id":3325,"properties":{"WD24CD":"E05012219","WD24NM":"Hartford & Greenbank","LAD24CD":"E06000050"}},{"type":"Polygon","arcs":[[1209,-1187,-1183]],"id":3326,"properties":{"WD24CD":"E05012220","WD24NM":"Helsby","LAD24CD":"E06000050"}},{"type":"Polygon","arcs":[[1210,-1204]],"id":3327,"properties":{"WD24CD":"E05012221","WD24NM":"Lache","LAD24CD":"E06000050"}},{"type":"Polygon","arcs":[[1211,1212,1213,1214]],"id":3328,"properties":{"WD24CD":"E05012222","WD24NM":"Ledsham & Manor","LAD24CD":"E06000050"}},{"type":"MultiPolygon","arcs":[[[1215,1216]],[[1217,1218]],[[1219,1220,1221,1222,1223,1224,1225,1226,1227,1228,1229,1230,1231,1232,1233,1234]]],"id":3329,"properties":{"WD24CD":"E05012223","WD24NM":"Little Neston","LAD24CD":"E06000050"}},{"type":"Polygon","arcs":[[-1236,1236,1237,-1176,1238,-462]],"id":3330,"properties":{"WD24CD":"E05012224","WD24NM":"Malpas","LAD24CD":"E06000050"}},{"type":"Polygon","arcs":[[-334,1239,1240,1241,1242,1243,-1181,1244,1245,1246,-736,-789,-389]],"id":3331,"properties":{"WD24CD":"E05012225","WD24NM":"Marbury","LAD24CD":"E06000050"}},{"type":"Polygon","arcs":[[-114,1247,-1235,1248,-135]],"id":3332,"properties":{"WD24CD":"E05012226","WD24NM":"Neston","LAD24CD":"E06000050"}},{"type":"Polygon","arcs":[[1249,1250,-1150,1251,1252,-119]],"id":3333,"properties":{"WD24CD":"E05012227","WD24NM":"Netherpool","LAD24CD":"E06000050"}},{"type":"Polygon","arcs":[[-1201,-1152,1253,-1191]],"id":3334,"properties":{"WD24CD":"E05012228","WD24NM":"Newton & Hoole","LAD24CD":"E06000050"}},{"type":"Polygon","arcs":[[1254,-1174,1255,1256]],"id":3335,"properties":{"WD24CD":"E05012229","WD24NM":"Northwich Leftwich","LAD24CD":"E06000050"}},{"type":"Polygon","arcs":[[1257,-1256,-1173,-1209,1258,-1242]],"id":3336,"properties":{"WD24CD":"E05012230","WD24NM":"Northwich Winnington & Castle","LAD24CD":"E06000050"}},{"type":"Polygon","arcs":[[1259,1260,-1257,-1258,-1241]],"id":3337,"properties":{"WD24CD":"E05012231","WD24NM":"Northwich Witton","LAD24CD":"E06000050"}},{"type":"MultiPolygon","arcs":[[[-1218,1261,-1232,1262,1263,1264]],[[-138,1265]],[[-1234,1266,-129,1267,-131,-127,1268,-133,1269,-136,-1249]]],"id":3338,"properties":{"WD24CD":"E05012232","WD24NM":"Parkgate","LAD24CD":"E06000050"}},{"type":"Polygon","arcs":[[1270,-1167,-1255,-1261]],"id":3339,"properties":{"WD24CD":"E05012233","WD24NM":"Rudheath","LAD24CD":"E06000050"}},{"type":"Polygon","arcs":[[1271,1272,-1188,-1210,-1182,-1244]],"id":3340,"properties":{"WD24CD":"E05012234","WD24NM":"Sandstone","LAD24CD":"E06000050"}},{"type":"Polygon","arcs":[[-1214,1273,-1193,1274,-1145,1275,1276,1277]],"id":3341,"properties":{"WD24CD":"E05012235","WD24NM":"Saughall & Mollington","LAD24CD":"E06000050"}},{"type":"Polygon","arcs":[[-333,-366,-313,-409,1278,-1168,-1271,-1260,-1240]],"id":3342,"properties":{"WD24CD":"E05012236","WD24NM":"Shakerley","LAD24CD":"E06000050"}},{"type":"Polygon","arcs":[[1279,-1274,-1213,1280,1281]],"id":3343,"properties":{"WD24CD":"E05012237","WD24NM":"Strawberry","LAD24CD":"E06000050"}},{"type":"Polygon","arcs":[[-1149,1282,-1281,-1212,-1252]],"id":3344,"properties":{"WD24CD":"E05012238","WD24NM":"Sutton Villages","LAD24CD":"E06000050"}},{"type":"Polygon","arcs":[[1283,-326,1284,1285,1286]],"id":3345,"properties":{"WD24CD":"E05012239","WD24NM":"Tarporley","LAD24CD":"E06000050"}},{"type":"Polygon","arcs":[[1287,-1286,1288,-1157,-1189,-1273,1289]],"id":3346,"properties":{"WD24CD":"E05012240","WD24NM":"Tarvin & Kelsall","LAD24CD":"E06000050"}},{"type":"Polygon","arcs":[[-1285,-325,-463,-1239,-1175,-1158,-1289]],"id":3347,"properties":{"WD24CD":"E05012241","WD24NM":"Tattenhall","LAD24CD":"E06000050"}},{"type":"Polygon","arcs":[[-1192,-1254,-1156,-1141,-1275]],"id":3348,"properties":{"WD24CD":"E05012242","WD24NM":"Upton","LAD24CD":"E06000050"}},{"type":"Polygon","arcs":[[-1259,-1208,1290,-1290,-1272,-1243]],"id":3349,"properties":{"WD24CD":"E05012243","WD24NM":"Weaver & Cuddington","LAD24CD":"E06000050"}},{"type":"MultiPolygon","arcs":[[[-1198,1291]],[[-1196,-1151,-1251,1292]]],"id":3350,"properties":{"WD24CD":"E05012244","WD24NM":"Westminster","LAD24CD":"E06000050"}},{"type":"Polygon","arcs":[[-1194,-1280,1293,1294]],"id":3351,"properties":{"WD24CD":"E05012245","WD24NM":"Whitby Groves","LAD24CD":"E06000050"}},{"type":"Polygon","arcs":[[1295,-1294,-1282,-1283,-1148]],"id":3352,"properties":{"WD24CD":"E05012246","WD24NM":"Whitby Park","LAD24CD":"E06000050"}},{"type":"Polygon","arcs":[[-120,-1253,-1215,-1278,1296,1297,1298,1299,-1220,-1248,-113]],"id":3353,"properties":{"WD24CD":"E05012247","WD24NM":"Willaston & Thornton","LAD24CD":"E06000050"}},{"type":"Polygon","arcs":[[1300,1301,1302,1303]],"id":3354,"properties":{"WD24CD":"E05012248","WD24NM":"Winsford Dene","LAD24CD":"E06000050"}},{"type":"Polygon","arcs":[[-408,-311,-328,1304,-1301,1305,-1169,-1279]],"id":3355,"properties":{"WD24CD":"E05012249","WD24NM":"Winsford Gravel","LAD24CD":"E06000050"}},{"type":"Polygon","arcs":[[-1171,1306,-1303,1307,-1287,-1288,-1291,-1207]],"id":3356,"properties":{"WD24CD":"E05012250","WD24NM":"Winsford Over & Verdin","LAD24CD":"E06000050"}},{"type":"Polygon","arcs":[[-1305,-327,-1284,-1308,-1302]],"id":3357,"properties":{"WD24CD":"E05012251","WD24NM":"Winsford Swanlow","LAD24CD":"E06000050"}},{"type":"Polygon","arcs":[[-1306,-1304,-1307,-1170]],"id":3358,"properties":{"WD24CD":"E05012252","WD24NM":"Winsford Wharton","LAD24CD":"E06000050"}},{"type":"Polygon","arcs":[[-1195,-1295,-1296,-1147]],"id":3359,"properties":{"WD24CD":"E05012253","WD24NM":"Wolverham","LAD24CD":"E06000050"}},{"type":"Polygon","arcs":[[1308,1309,1310,1311,1312,1313]],"id":3952,"properties":{"WD24CD":"E05013018","WD24NM":"Barton & Winton","LAD24CD":"E08000006"}},{"type":"Polygon","arcs":[[-865,-892,1314,1315,1316]],"id":3953,"properties":{"WD24CD":"E05013019","WD24NM":"Blackfriars & Trinity","LAD24CD":"E08000006"}},{"type":"Polygon","arcs":[[1317,1318,1319,1320,1321]],"id":3954,"properties":{"WD24CD":"E05013020","WD24NM":"Boothstown & Ellenbrook","LAD24CD":"E08000006"}},{"type":"Polygon","arcs":[[-866,-1317,1322,1323]],"id":3955,"properties":{"WD24CD":"E05013021","WD24NM":"Broughton","LAD24CD":"E08000006"}},{"type":"Polygon","arcs":[[1324,1325,-828,-777,1326,1327]],"id":3956,"properties":{"WD24CD":"E05013022","WD24NM":"Cadishead & Lower Irlam","LAD24CD":"E08000006"}},{"type":"Polygon","arcs":[[1328,1329,1330,1331,1332]],"id":3957,"properties":{"WD24CD":"E05013023","WD24NM":"Claremont","LAD24CD":"E08000006"}},{"type":"Polygon","arcs":[[-1331,1333,-1314,1334,1335]],"id":3958,"properties":{"WD24CD":"E05013024","WD24NM":"Eccles","LAD24CD":"E08000006"}},{"type":"Polygon","arcs":[[1336,1337,1338,-1328,1339,-1319,1340,-1312]],"id":3959,"properties":{"WD24CD":"E05013025","WD24NM":"Higher Irlam & Peel Green","LAD24CD":"E08000006"}},{"type":"Polygon","arcs":[[-887,-867,-1324,1341,1342,1343,1344]],"id":3960,"properties":{"WD24CD":"E05013026","WD24NM":"Kersal & Broughton Park","LAD24CD":"E08000006"}},{"type":"Polygon","arcs":[[1345,1346,1347,1348,1349,1350]],"id":3961,"properties":{"WD24CD":"E05013027","WD24NM":"Little Hulton","LAD24CD":"E08000006"}},{"type":"Polygon","arcs":[[-1315,-891,1351,1352]],"id":3962,"properties":{"WD24CD":"E05013028","WD24NM":"Ordsall","LAD24CD":"E08000006"}},{"type":"Polygon","arcs":[[1353,1354,-1343,1355,-1333,1356,1357,1358,1359]],"id":3963,"properties":{"WD24CD":"E05013029","WD24NM":"Pendlebury & Clifton","LAD24CD":"E08000006"}},{"type":"Polygon","arcs":[[-1323,-1316,-1353,1360,1361,-1329,-1356,-1342]],"id":3964,"properties":{"WD24CD":"E05013030","WD24NM":"Pendleton & Charlestown","LAD24CD":"E08000006"}},{"type":"Polygon","arcs":[[-1361,-1352,-921,1362,1363]],"id":3965,"properties":{"WD24CD":"E05013031","WD24NM":"Quays","LAD24CD":"E08000006"}},{"type":"Polygon","arcs":[[1364,1365,1366,1367,-1358]],"id":3966,"properties":{"WD24CD":"E05013032","WD24NM":"Swinton & Wardley","LAD24CD":"E08000006"}},{"type":"Polygon","arcs":[[-1332,-1336,1368,-1365,-1357]],"id":3967,"properties":{"WD24CD":"E05013033","WD24NM":"Swinton Park","LAD24CD":"E08000006"}},{"type":"Polygon","arcs":[[1369,-1359,-1368,1370,-1347,1371]],"id":3968,"properties":{"WD24CD":"E05013034","WD24NM":"Walkden North","LAD24CD":"E08000006"}},{"type":"Polygon","arcs":[[-1367,-1322,1372,-1348,-1371]],"id":3969,"properties":{"WD24CD":"E05013035","WD24NM":"Walkden South","LAD24CD":"E08000006"}},{"type":"Polygon","arcs":[[-1362,-1364,1373,-1309,-1334,-1330]],"id":3970,"properties":{"WD24CD":"E05013036","WD24NM":"Weaste & Seedley","LAD24CD":"E08000006"}},{"type":"Polygon","arcs":[[-1369,-1335,-1313,-1341,-1318,-1366]],"id":3971,"properties":{"WD24CD":"E05013037","WD24NM":"Worsley & Westwood Park","LAD24CD":"E08000006"}},{"type":"Polygon","arcs":[[-1003,1374,1375,1376,1377,1378,1379]],"id":3998,"properties":{"WD24CD":"E05013064","WD24NM":"Adlington & Anderton","LAD24CD":"E07000118"}},{"type":"Polygon","arcs":[[1380,1381,1382,-609,1383,1384]],"id":3999,"properties":{"WD24CD":"E05013065","WD24NM":"Buckshaw & Whittle","LAD24CD":"E07000118"}},{"type":"Polygon","arcs":[[1385,1386,1387,1388]],"id":4000,"properties":{"WD24CD":"E05013066","WD24NM":"Chorley East","LAD24CD":"E07000118"}},{"type":"Polygon","arcs":[[-982,-1004,-1380,1389,-1386,1390,-1381,1391,-988]],"id":4001,"properties":{"WD24CD":"E05013067","WD24NM":"Chorley North East","LAD24CD":"E07000118"}},{"type":"Polygon","arcs":[[-1388,1392,1393,1394,1395,1396]],"id":4002,"properties":{"WD24CD":"E05013068","WD24NM":"Chorley North West","LAD24CD":"E07000118"}},{"type":"Polygon","arcs":[[-1389,-1397,1397,-1382,-1391]],"id":4003,"properties":{"WD24CD":"E05013069","WD24NM":"Chorley North & Astley","LAD24CD":"E07000118"}},{"type":"Polygon","arcs":[[-1379,1398,1399,-1393,-1387,-1390]],"id":4004,"properties":{"WD24CD":"E05013070","WD24NM":"Chorley South East & Heath Charnock","LAD24CD":"E07000118"}},{"type":"Polygon","arcs":[[-1400,1400,1401,-1394]],"id":4005,"properties":{"WD24CD":"E05013071","WD24NM":"Chorley South West","LAD24CD":"E07000118"}},{"type":"Polygon","arcs":[[-989,-1392,-1385,1402,-590,-620,-660]],"id":4006,"properties":{"WD24CD":"E05013072","WD24NM":"Clayton East, Brindle & Hoghton","LAD24CD":"E07000118"}},{"type":"Polygon","arcs":[[-1403,-1384,-614,-657,-626,-591]],"id":4007,"properties":{"WD24CD":"E05013073","WD24NM":"Clayton West & Cuerden","LAD24CD":"E07000118"}},{"type":"Polygon","arcs":[[-1401,-1399,-1378,1403,1404,1405,1406]],"id":4008,"properties":{"WD24CD":"E05013074","WD24NM":"Coppull","LAD24CD":"E07000118"}},{"type":"MultiPolygon","arcs":[[[1407,-1408,1408]],[[1409,1410]],[[1411,-1412,1412]],[[1413,1414,1415]],[[1416,1416,1416]],[[1417,1417,1417]],[[-623,-672,1418,1419,1420,1421,1422,1423,1424,1425,1426,1427,1428,1429,1430,1431,1432,-635,-655]]],"id":4009,"properties":{"WD24CD":"E05013075","WD24NM":"Croston, Mawdesley & Euxton South","LAD24CD":"E07000118"}},{"type":"Polygon","arcs":[[1433,-1395,-1402,-1407,1434,-1420]],"id":4010,"properties":{"WD24CD":"E05013076","WD24NM":"Eccleston, Heskin & Charnock Richard","LAD24CD":"E07000118"}},{"type":"Polygon","arcs":[[-1383,-1398,-1396,-1434,-1419,-671,-610]],"id":4011,"properties":{"WD24CD":"E05013077","WD24NM":"Euxton","LAD24CD":"E07000118"}},{"type":"Polygon","arcs":[[1435,1436,1437,1438]],"id":4103,"properties":{"WD24CD":"E05013169","WD24NM":"Appleton","LAD24CD":"E06000006"}},{"type":"Polygon","arcs":[[1439,-683,1440,1441]],"id":4104,"properties":{"WD24CD":"E05013170","WD24NM":"Bankfield","LAD24CD":"E06000006"}},{"type":"Polygon","arcs":[[1442,1443,-1245,-1180,1444,1445]],"id":4105,"properties":{"WD24CD":"E05013171","WD24NM":"Beechwood & Heath","LAD24CD":"E06000006"}},{"type":"Polygon","arcs":[[1446,1447,1448,1449,-733,1450]],"id":4106,"properties":{"WD24CD":"E05013172","WD24NM":"Birchfield","LAD24CD":"E06000006"}},{"type":"Polygon","arcs":[[1451,1452,1453,1454]],"id":4107,"properties":{"WD24CD":"E05013173","WD24NM":"Bridgewater","LAD24CD":"E06000006"}},{"type":"MultiPolygon","arcs":[[[1455,-1456,1456]],[[1457,1458,1459,1460,-1436]]],"id":4108,"properties":{"WD24CD":"E05013174","WD24NM":"Central & West Bank","LAD24CD":"E06000006"}},{"type":"Polygon","arcs":[[-1247,1461,1462,1463,-813,-737]],"id":4109,"properties":{"WD24CD":"E05013175","WD24NM":"Daresbury, Moore & Sandymoor","LAD24CD":"E06000006"}},{"type":"Polygon","arcs":[[1464,-1460,1465,1455,1466,1467,-690,-684,-1440]],"id":4110,"properties":{"WD24CD":"E05013176","WD24NM":"Ditton, Hale Village & Halebank","LAD24CD":"E06000006"}},{"type":"Polygon","arcs":[[-818,1468,-1438,-1448,1469]],"id":4111,"properties":{"WD24CD":"E05013177","WD24NM":"Farnworth","LAD24CD":"E06000006"}},{"type":"Polygon","arcs":[[-1453,1470,-1446,1471]],"id":4112,"properties":{"WD24CD":"E05013178","WD24NM":"Grange","LAD24CD":"E06000006"}},{"type":"Polygon","arcs":[[-814,-1464,1472,1473,-1452,1474]],"id":4113,"properties":{"WD24CD":"E05013179","WD24NM":"Halton Castle","LAD24CD":"E06000006"}},{"type":"Polygon","arcs":[[1475,1476,-1443,-1471,-1474]],"id":4114,"properties":{"WD24CD":"E05013180","WD24NM":"Halton Lea","LAD24CD":"E06000006"}},{"type":"Polygon","arcs":[[1477,-1458,-1439,-1469,-817]],"id":4115,"properties":{"WD24CD":"E05013181","WD24NM":"Halton View","LAD24CD":"E06000006"}},{"type":"Polygon","arcs":[[-1461,-1465,-1442,1478,-1449,-1437]],"id":4116,"properties":{"WD24CD":"E05013182","WD24NM":"Highfield","LAD24CD":"E06000006"}},{"type":"Polygon","arcs":[[-1450,-1479,-1441,-734]],"id":4117,"properties":{"WD24CD":"E05013183","WD24NM":"Hough Green","LAD24CD":"E06000006"}},{"type":"Polygon","arcs":[[-1454,-1472,-1445,-1186,1479]],"id":4118,"properties":{"WD24CD":"E05013184","WD24NM":"Mersey & Weston","LAD24CD":"E06000006"}},{"type":"Polygon","arcs":[[1480,-1476,-1473,-1463]],"id":4119,"properties":{"WD24CD":"E05013185","WD24NM":"Norton North","LAD24CD":"E06000006"}},{"type":"Polygon","arcs":[[-1246,-1444,-1477,-1481,-1462]],"id":4120,"properties":{"WD24CD":"E05013186","WD24NM":"Norton South & Preston Brook","LAD24CD":"E06000006"}},{"type":"Polygon","arcs":[[1481,1482,1483,1484,1485,1486,1487,-1075,-1028,-1059,1488]],"id":4131,"properties":{"WD24CD":"E05013201","WD24NM":"Barrowford & Pendleside","LAD24CD":"E07000122"}},{"type":"Polygon","arcs":[[1489,-1491,-1492,-176,1492,1493,1494,-1483,1495]],"id":4132,"properties":{"WD24CD":"E05013202","WD24NM":"Boulsworth & Foulridge","LAD24CD":"E07000122"}},{"type":"Polygon","arcs":[[1496,1497,-1486,1498]],"id":4133,"properties":{"WD24CD":"E05013203","WD24NM":"Bradley","LAD24CD":"E07000122"}},{"type":"Polygon","arcs":[[-181,-218,1499,1500,1501]],"id":4134,"properties":{"WD24CD":"E05013204","WD24NM":"Brierfield East & Clover Hill","LAD24CD":"E07000122"}},{"type":"Polygon","arcs":[[-1500,-220,-221,-200,-225,1502,1503]],"id":4135,"properties":{"WD24CD":"E05013205","WD24NM":"Brierfield West & Reedley","LAD24CD":"E07000122"}},{"type":"Polygon","arcs":[[1504,-1503,-226,-209,-1052,-1073,-1488]],"id":4136,"properties":{"WD24CD":"E05013207","WD24NM":"Fence & Higham","LAD24CD":"E07000122"}},{"type":"Polygon","arcs":[[-1493,-175,-1502,1505,-1497,1506]],"id":4137,"properties":{"WD24CD":"E05013208","WD24NM":"Marsden & Southfield","LAD24CD":"E07000122"}},{"type":"Polygon","arcs":[[1507,-1484,-1495]],"id":4138,"properties":{"WD24CD":"E05013209","WD24NM":"Vivary Bridge","LAD24CD":"E07000122"}},{"type":"Polygon","arcs":[[-1507,-1499,-1485,-1508,-1494]],"id":4139,"properties":{"WD24CD":"E05013210","WD24NM":"Waterside & Horsfield","LAD24CD":"E07000122"}},{"type":"Polygon","arcs":[[-1506,-1501,-1504,-1505,-1487,-1498]],"id":4140,"properties":{"WD24CD":"E05013211","WD24NM":"Whitefield & Walverden","LAD24CD":"E07000122"}},{"type":"Polygon","arcs":[[1508,1509,1510,1511,1512]],"id":4930,"properties":{"WD24CD":"E05014033","WD24NM":"Balderstone & Kirkholt","LAD24CD":"E08000005"}},{"type":"Polygon","arcs":[[1513,1514,1515,1516,1517]],"id":4931,"properties":{"WD24CD":"E05014034","WD24NM":"Bamford","LAD24CD":"E08000005"}},{"type":"Polygon","arcs":[[-1511,1518,1519,1520,1521,-1515,1522]],"id":4932,"properties":{"WD24CD":"E05014035","WD24NM":"Castleton","LAD24CD":"E08000005"}},{"type":"Polygon","arcs":[[1523,1524,1525,1526,1527]],"id":4933,"properties":{"WD24CD":"E05014036","WD24NM":"Central Rochdale","LAD24CD":"E08000005"}},{"type":"Polygon","arcs":[[1528,-856,1529,1530,1531]],"id":4934,"properties":{"WD24CD":"E05014037","WD24NM":"East Middleton","LAD24CD":"E08000005"}},{"type":"Polygon","arcs":[[1532,-1528,1533,1534,1535,1536]],"id":4935,"properties":{"WD24CD":"E05014038","WD24NM":"Healey","LAD24CD":"E08000005"}},{"type":"Polygon","arcs":[[-1521,1537,1538,1539,1540,1541]],"id":4936,"properties":{"WD24CD":"E05014039","WD24NM":"Hopwood Hall","LAD24CD":"E08000005"}},{"type":"Polygon","arcs":[[1542,1543,-1513,1544,-1525,1545]],"id":4937,"properties":{"WD24CD":"E05014040","WD24NM":"Kingsway","LAD24CD":"E08000005"}},{"type":"Polygon","arcs":[[-1547,1547,1548,1549,-1551,-1552]],"id":4938,"properties":{"WD24CD":"E05014041","WD24NM":"Littleborough Lakeside","LAD24CD":"E08000005"}},{"type":"Polygon","arcs":[[1552,-1526,-1545,-1512,-1523,-1514]],"id":4939,"properties":{"WD24CD":"E05014042","WD24NM":"Milkstone & Deeplish","LAD24CD":"E08000005"}},{"type":"Polygon","arcs":[[1553,1554,1555,-1543,1556,-1548,-1558]],"id":4940,"properties":{"WD24CD":"E05014043","WD24NM":"Milnrow & Newhey","LAD24CD":"E08000005"}},{"type":"Polygon","arcs":[[1558,1559,-1535,1560,-1517,1561,1562,1563,1564,1565,1566,1567]],"id":4941,"properties":{"WD24CD":"E05014044","WD24NM":"Norden","LAD24CD":"E08000005"}},{"type":"Polygon","arcs":[[-1522,-1542,1568,-1562,-1516]],"id":4942,"properties":{"WD24CD":"E05014045","WD24NM":"North Heywood","LAD24CD":"E08000005"}},{"type":"Polygon","arcs":[[1569,-1531,1570,1571,-1538,-1520,1572]],"id":4943,"properties":{"WD24CD":"E05014046","WD24NM":"North Middleton","LAD24CD":"E08000005"}},{"type":"Polygon","arcs":[[-1549,-1557,-1546,-1524,-1533,1573]],"id":4944,"properties":{"WD24CD":"E05014047","WD24NM":"Smallbridge & Firgrove","LAD24CD":"E08000005"}},{"type":"Polygon","arcs":[[-1571,-1530,-861,-915,1574,1575]],"id":4945,"properties":{"WD24CD":"E05014048","WD24NM":"South Middleton","LAD24CD":"E08000005"}},{"type":"Polygon","arcs":[[-1527,-1553,-1518,-1561,-1534]],"id":4946,"properties":{"WD24CD":"E05014049","WD24NM":"Spotland & Falinge","LAD24CD":"E08000005"}},{"type":"Polygon","arcs":[[-1550,-1574,-1537,1576,-1578]],"id":4947,"properties":{"WD24CD":"E05014050","WD24NM":"Wardle, Shore & West Littleborough","LAD24CD":"E08000005"}},{"type":"Polygon","arcs":[[-1569,-1541,1578,1579,1580,-1563]],"id":4948,"properties":{"WD24CD":"E05014051","WD24NM":"West Heywood","LAD24CD":"E08000005"}},{"type":"Polygon","arcs":[[-1572,-1576,1581,-1539]],"id":4949,"properties":{"WD24CD":"E05014052","WD24NM":"West Middleton","LAD24CD":"E08000005"}},{"type":"Polygon","arcs":[[1582,1583,1584,1585,1586]],"id":5017,"properties":{"WD24CD":"E05014120","WD24NM":"Billinge & Seneley Green","LAD24CD":"E08000013"}},{"type":"Polygon","arcs":[[1587,1588,1589,1590,1591]],"id":5018,"properties":{"WD24CD":"E05014121","WD24NM":"Blackbrook","LAD24CD":"E08000013"}},{"type":"Polygon","arcs":[[-795,-819,-1470,-1447,1592,1593,1594,1595,1596,-771]],"id":5019,"properties":{"WD24CD":"E05014122","WD24NM":"Bold & Lea Green","LAD24CD":"E08000013"}},{"type":"Polygon","arcs":[[1597,1598,-716,-712,1599]],"id":5020,"properties":{"WD24CD":"E05014123","WD24NM":"Eccleston","LAD24CD":"E08000013"}},{"type":"Polygon","arcs":[[1600,1601,1602,1603,-773,1604,-1592,1605,-1584,1606]],"id":5021,"properties":{"WD24CD":"E05014124","WD24NM":"Haydock","LAD24CD":"E08000013"}},{"type":"Polygon","arcs":[[-1585,-1606,-1591,1607,1608,1609]],"id":5022,"properties":{"WD24CD":"E05014125","WD24NM":"Moss Bank","LAD24CD":"E08000013"}},{"type":"Polygon","arcs":[[1610,1611,-779,-764,1612,-1603]],"id":5023,"properties":{"WD24CD":"E05014126","WD24NM":"Newton-le-Willows East","LAD24CD":"E08000013"}},{"type":"Polygon","arcs":[[-1613,-763,-1604]],"id":5024,"properties":{"WD24CD":"E05014127","WD24NM":"Newton-le-Willows West","LAD24CD":"E08000013"}},{"type":"Polygon","arcs":[[-1605,-772,-1597,1613,1614,1615,-1588]],"id":5025,"properties":{"WD24CD":"E05014128","WD24NM":"Parr","LAD24CD":"E08000013"}},{"type":"Polygon","arcs":[[-1616,1616,1617,1618,-1589]],"id":5026,"properties":{"WD24CD":"E05014129","WD24NM":"Peasley Cross & Fingerpost","LAD24CD":"E08000013"}},{"type":"Polygon","arcs":[[1619,-1586,-1610,1620,-693,1621,1622]],"id":5027,"properties":{"WD24CD":"E05014130","WD24NM":"Rainford","LAD24CD":"E08000013"}},{"type":"Polygon","arcs":[[-1593,-1451,-732,-714,1623]],"id":5028,"properties":{"WD24CD":"E05014131","WD24NM":"Rainhill","LAD24CD":"E08000013"}},{"type":"Polygon","arcs":[[-1590,-1619,1624,1625,1626,-1608]],"id":5029,"properties":{"WD24CD":"E05014132","WD24NM":"St Helens Town Centre","LAD24CD":"E08000013"}},{"type":"Polygon","arcs":[[1627,-1595,1628,-1617,-1615]],"id":5030,"properties":{"WD24CD":"E05014133","WD24NM":"Sutton North West","LAD24CD":"E08000013"}},{"type":"Polygon","arcs":[[-1596,-1628,-1614]],"id":5031,"properties":{"WD24CD":"E05014134","WD24NM":"Sutton South East","LAD24CD":"E08000013"}},{"type":"Polygon","arcs":[[-1629,-1594,-1624,-713,-1599,1629,-1625,-1618]],"id":5032,"properties":{"WD24CD":"E05014135","WD24NM":"Thatto Heath","LAD24CD":"E08000013"}},{"type":"Polygon","arcs":[[-1626,-1630,-1598,1630]],"id":5033,"properties":{"WD24CD":"E05014136","WD24NM":"West Park","LAD24CD":"E08000013"}},{"type":"Polygon","arcs":[[-1609,-1627,-1631,-1600,-711,-694,-1621]],"id":5034,"properties":{"WD24CD":"E05014137","WD24NM":"Windle","LAD24CD":"E08000013"}},{"type":"Polygon","arcs":[[1631,1632,1633,1634]],"id":5049,"properties":{"WD24CD":"E05014152","WD24NM":"Besses","LAD24CD":"E08000002"}},{"type":"Polygon","arcs":[[-1581,1635,1636,-1564]],"id":5050,"properties":{"WD24CD":"E05014153","WD24NM":"Bury East","LAD24CD":"E08000002"}},{"type":"Polygon","arcs":[[1637,1638,1639,1640,1641]],"id":5051,"properties":{"WD24CD":"E05014154","WD24NM":"Bury West","LAD24CD":"E08000002"}},{"type":"Polygon","arcs":[[1642,-1638,1643,1644]],"id":5052,"properties":{"WD24CD":"E05014155","WD24NM":"Elton","LAD24CD":"E08000002"}},{"type":"Polygon","arcs":[[-1575,-917,1645,1646,-1632,1647,-1582]],"id":5053,"properties":{"WD24CD":"E05014156","WD24NM":"Holyrood","LAD24CD":"E08000002"}},{"type":"Polygon","arcs":[[-1565,-1637,1648,-1643,1649,1650]],"id":5054,"properties":{"WD24CD":"E05014157","WD24NM":"Moorside","LAD24CD":"E08000002"}},{"type":"Polygon","arcs":[[1651,-1650,-1645,1652,1653,-997,1654]],"id":5055,"properties":{"WD24CD":"E05014158","WD24NM":"North Manor","LAD24CD":"E08000002"}},{"type":"Polygon","arcs":[[-1634,1655,-1354,1656,1657,1658,1659]],"id":5056,"properties":{"WD24CD":"E05014159","WD24NM":"Pilkington Park","LAD24CD":"E08000002"}},{"type":"Polygon","arcs":[[1660,1661,-1659,1662,1663,-1640]],"id":5057,"properties":{"WD24CD":"E05014160","WD24NM":"Radcliffe East","LAD24CD":"E08000002"}},{"type":"Polygon","arcs":[[-1641,-1664,1664,1665,1666,1667,1668]],"id":5058,"properties":{"WD24CD":"E05014161","WD24NM":"Radcliffe North & Ainsworth","LAD24CD":"E08000002"}},{"type":"Polygon","arcs":[[-1663,-1658,1669,1670,-1665]],"id":5059,"properties":{"WD24CD":"E05014162","WD24NM":"Radcliffe West","LAD24CD":"E08000002"}},{"type":"Polygon","arcs":[[1671,-1655,-996,1672]],"id":5060,"properties":{"WD24CD":"E05014163","WD24NM":"Ramsbottom","LAD24CD":"E08000002"}},{"type":"Polygon","arcs":[[-1636,-1580,1673,-1661,-1639,-1649]],"id":5061,"properties":{"WD24CD":"E05014164","WD24NM":"Redvales","LAD24CD":"E08000002"}},{"type":"Polygon","arcs":[[-916,-888,-1345,1674,-1646]],"id":5062,"properties":{"WD24CD":"E05014165","WD24NM":"Sedgley","LAD24CD":"E08000002"}},{"type":"Polygon","arcs":[[-1675,-1344,-1355,-1656,-1633,-1647]],"id":5063,"properties":{"WD24CD":"E05014166","WD24NM":"St. Mary's","LAD24CD":"E08000002"}},{"type":"Polygon","arcs":[[-1644,-1642,-1669,1675,-1653]],"id":5064,"properties":{"WD24CD":"E05014167","WD24NM":"Tottington","LAD24CD":"E08000002"}},{"type":"Polygon","arcs":[[-1540,-1648,-1635,-1660,-1662,-1674,-1579]],"id":5065,"properties":{"WD24CD":"E05014168","WD24NM":"Unsworth","LAD24CD":"E08000002"}},{"type":"Polygon","arcs":[[1676,1677,1678,1679,1680,1681]],"id":5068,"properties":{"WD24CD":"E05014171","WD24NM":"Aspatria","LAD24CD":"E06000063"}},{"type":"Polygon","arcs":[[1682,1683,1684,1685]],"id":5069,"properties":{"WD24CD":"E05014172","WD24NM":"Belah","LAD24CD":"E06000063"}},{"type":"Polygon","arcs":[[1686,1687,1688,1689]],"id":5070,"properties":{"WD24CD":"E05014173","WD24NM":"Belle Vue","LAD24CD":"E06000063"}},{"type":"Polygon","arcs":[[1690,1691,1692,1693,1694,1695,1696]],"id":5071,"properties":{"WD24CD":"E05014174","WD24NM":"Botcherby","LAD24CD":"E06000063"}},{"type":"Polygon","arcs":[[1697,1698,1699,1700,1701,1702,1703,-1679]],"id":5072,"properties":{"WD24CD":"E05014175","WD24NM":"Bothel and Wharrels","LAD24CD":"E06000063"}},{"type":"Polygon","arcs":[[-1705,-1706,-1707,1707,1708,1709]],"id":5073,"properties":{"WD24CD":"E05014176","WD24NM":"Brampton","LAD24CD":"E06000063"}},{"type":"Polygon","arcs":[[1710,1711,1712,1713]],"id":5074,"properties":{"WD24CD":"E05014177","WD24NM":"Bransty","LAD24CD":"E06000063"}},{"type":"Polygon","arcs":[[-1695,1714,1715,1716,-1687,-1685,1717]],"id":5075,"properties":{"WD24CD":"E05014178","WD24NM":"Castle","LAD24CD":"E06000063"}},{"type":"Polygon","arcs":[[-1701,1718,1719,1720,1721,1722,1723]],"id":5076,"properties":{"WD24CD":"E05014179","WD24NM":"Cleator Moor East and Frizington","LAD24CD":"E06000063"}},{"type":"Polygon","arcs":[[1724,1725,1726,1727,-1721]],"id":5077,"properties":{"WD24CD":"E05014180","WD24NM":"Cleator Moor West","LAD24CD":"E06000063"}},{"type":"Polygon","arcs":[[-1703,1728,1729]],"id":5078,"properties":{"WD24CD":"E05014181","WD24NM":"Cockermouth North","LAD24CD":"E06000063"}},{"type":"Polygon","arcs":[[-1702,-1724,1730,1731,1732,1733,1734,-1729]],"id":5079,"properties":{"WD24CD":"E05014182","WD24NM":"Cockermouth South","LAD24CD":"E06000063"}},{"type":"Polygon","arcs":[[-1736,1736,1737,1738,-1708]],"id":5080,"properties":{"WD24CD":"E05014183","WD24NM":"Corby and Hayton","LAD24CD":"E06000063"}},{"type":"Polygon","arcs":[[-1694,1739,1740,1741,-1715]],"id":5081,"properties":{"WD24CD":"E05014184","WD24NM":"Currock","LAD24CD":"E06000063"}},{"type":"MultiPolygon","arcs":[[[1742,-1743,1743]],[[1744,-1745,1745]],[[1746]],[[1747]],[[1748,1749,1750,1751,1752,-1686,-1690,1753,1754,1755,1756,1757,1758,1759]]],"id":5082,"properties":{"WD24CD":"E05014185","WD24NM":"Dalston and Burgh","LAD24CD":"E06000063"}},{"type":"Polygon","arcs":[[-1704,-1730,-1735,1760,1761,1762,1763,-1680]],"id":5083,"properties":{"WD24CD":"E05014186","WD24NM":"Dearham and Broughton","LAD24CD":"E06000063"}},{"type":"Polygon","arcs":[[-1742,1764,1765,-1756,1766,-1716]],"id":5084,"properties":{"WD24CD":"E05014187","WD24NM":"Denton Holme","LAD24CD":"E06000063"}},{"type":"Polygon","arcs":[[1767,1768,-1726]],"id":5085,"properties":{"WD24CD":"E05014188","WD24NM":"Egremont","LAD24CD":"E06000063"}},{"type":"Polygon","arcs":[[1769,-1727,-1769,1770,1771,1772,1773]],"id":5086,"properties":{"WD24CD":"E05014189","WD24NM":"Egremont North and St Bees","LAD24CD":"E06000063"}},{"type":"Polygon","arcs":[[1774,1775,1776,-1771,-1768,-1725,-1720]],"id":5087,"properties":{"WD24CD":"E05014190","WD24NM":"Gosforth","LAD24CD":"E06000063"}},{"type":"Polygon","arcs":[[1777,1778,-1740,-1693]],"id":5088,"properties":{"WD24CD":"E05014191","WD24NM":"Harraby North","LAD24CD":"E06000063"}},{"type":"Polygon","arcs":[[1779,1780,-1778,-1692]],"id":5089,"properties":{"WD24CD":"E05014192","WD24NM":"Harraby South","LAD24CD":"E06000063"}},{"type":"Polygon","arcs":[[-1732,1781,1782,1783,1784]],"id":5090,"properties":{"WD24CD":"E05014193","WD24NM":"Harrington","LAD24CD":"E06000063"}},{"type":"Polygon","arcs":[[-1728,-1770,1785,1786,-1711,1787,-1722]],"id":5091,"properties":{"WD24CD":"E05014194","WD24NM":"Hillcrest and Hensingham","LAD24CD":"E06000063"}},{"type":"Polygon","arcs":[[-1709,-1739,1788,-1697,1789,-1683,-1753,1790]],"id":5092,"properties":{"WD24CD":"E05014195","WD24NM":"Houghton and Irthington","LAD24CD":"E06000063"}},{"type":"Polygon","arcs":[[-1731,-1723,-1788,-1714,1791,-1782]],"id":5093,"properties":{"WD24CD":"E05014196","WD24NM":"Howgate","LAD24CD":"E06000063"}},{"type":"Polygon","arcs":[[-1712,-1787,1792,-1773,1793]],"id":5094,"properties":{"WD24CD":"E05014197","WD24NM":"Kells and Sandwith","LAD24CD":"E06000063"}},{"type":"Polygon","arcs":[[1794,1795,-1775,-1719,-1700,1796]],"id":5095,"properties":{"WD24CD":"E05014198","WD24NM":"Keswick","LAD24CD":"E06000063"}},{"type":"MultiPolygon","arcs":[[[1797,1798]],[[-1710,-1791,-1752,1799,1800,1801,-1803]]],"id":5096,"properties":{"WD24CD":"E05014199","WD24NM":"Longtown","LAD24CD":"E06000063"}},{"type":"MultiPolygon","arcs":[[[1803,1804]],[[1805,1806,1807,1808,1809,1810,-1763]]],"id":5097,"properties":{"WD24CD":"E05014200","WD24NM":"Maryport North","LAD24CD":"E06000063"}},{"type":"MultiPolygon","arcs":[[[-1810,1809,1811]],[[-1806,-1762,1812,1813,-1804,1814]],[[-1808,1807,1815]]],"id":5098,"properties":{"WD24CD":"E05014201","WD24NM":"Maryport South","LAD24CD":"E06000063"}},{"type":"MultiPolygon","arcs":[[[1816,1817]],[[1818,1819]],[[1820,-1821,1821]],[[1822,1823]],[[1824,1825,1826,1827]],[[1828,1829]]],"id":5099,"properties":{"WD24CD":"E05014202","WD24NM":"Millom","LAD24CD":"E06000063"}},{"type":"MultiPolygon","arcs":[[[-1826,1825,1830]],[[1831,1832]],[[1833,1834]],[[1835]],[[1836]],[[1837]],[[1838,1839,1840,1841,1842,1843,1844,1845,1846,1847,1848,1849,1850,1851,1852,1853,1854,1855,1856,1857,1858,-1819,1859,1820,1860,-1823,1861,-1828,1862,-1829,1863,-1817,1864,-1776,-1796]]],"id":5100,"properties":{"WD24CD":"E05014203","WD24NM":"Millom Without","LAD24CD":"E06000063"}},{"type":"Polygon","arcs":[[-1774,-1793,-1786]],"id":5101,"properties":{"WD24CD":"E05014204","WD24NM":"Mirehouse","LAD24CD":"E06000063"}},{"type":"Polygon","arcs":[[-1767,-1755,1865,-1688,-1717]],"id":5102,"properties":{"WD24CD":"E05014205","WD24NM":"Morton","LAD24CD":"E06000063"}},{"type":"Polygon","arcs":[[1866,-1784,1867,1868]],"id":5103,"properties":{"WD24CD":"E05014206","WD24NM":"Moss Bay and Moorclose","LAD24CD":"E06000063"}},{"type":"Polygon","arcs":[[-1733,-1785,-1867,1869,1870]],"id":5104,"properties":{"WD24CD":"E05014207","WD24NM":"St John's and Great Clifton","LAD24CD":"E06000063"}},{"type":"Polygon","arcs":[[1871,-1870,-1869,1872]],"id":5105,"properties":{"WD24CD":"E05014208","WD24NM":"St Michael's","LAD24CD":"E06000063"}},{"type":"Polygon","arcs":[[-1761,-1734,-1871,-1872,1873,-1813]],"id":5106,"properties":{"WD24CD":"E05014209","WD24NM":"Seaton","LAD24CD":"E06000063"}},{"type":"MultiPolygon","arcs":[[[1874]],[[1875,-1876,1876]],[[1877,1878]],[[1879,-1880,1880]],[[1881,1882,-1682,1883]],[[-1750,1749,1884]],[[-1745,-1743,-1760,1885,1886,1887,1888]]],"id":5107,"properties":{"WD24CD":"E05014210","WD24NM":"Solway Coast","LAD24CD":"E06000063"}},{"type":"Polygon","arcs":[[-1696,-1718,-1684,-1790]],"id":5108,"properties":{"WD24CD":"E05014211","WD24NM":"Stanwix Urban","LAD24CD":"E06000063"}},{"type":"MultiPolygon","arcs":[[[1887,-1888,1889]],[[-1759,1890,1891,-1698,-1678,1892,-1882,1893,-1878,1894,-1880,1895,1875,1896,-1886]]],"id":5109,"properties":{"WD24CD":"E05014212","WD24NM":"Thursby","LAD24CD":"E06000063"}},{"type":"Polygon","arcs":[[-1779,-1781,1897,-1765,-1741]],"id":5110,"properties":{"WD24CD":"E05014213","WD24NM":"Upperby","LAD24CD":"E06000063"}},{"type":"Polygon","arcs":[[-1738,1898,1899,-1757,-1766,-1898,-1780,-1691,-1789]],"id":5111,"properties":{"WD24CD":"E05014214","WD24NM":"Wetheral","LAD24CD":"E06000063"}},{"type":"Polygon","arcs":[[-1677,-1883,-1893]],"id":5112,"properties":{"WD24CD":"E05014215","WD24NM":"Wigton","LAD24CD":"E06000063"}},{"type":"Polygon","arcs":[[-1866,-1754,-1689]],"id":5113,"properties":{"WD24CD":"E05014216","WD24NM":"Yewdale","LAD24CD":"E06000063"}},{"type":"Polygon","arcs":[[-1901,-1902,-1903,1903,1904,1905,1906,-1899,-1737,-1908]],"id":5114,"properties":{"WD24CD":"E05014217","WD24NM":"Alston and Fellside","LAD24CD":"E06000064"}},{"type":"Polygon","arcs":[[-1909,1909,1910]],"id":5115,"properties":{"WD24CD":"E05014218","WD24NM":"Appleby and Brough","LAD24CD":"E06000064"}},{"type":"MultiPolygon","arcs":[[[1911,-1912,1912]],[[1913,-1914,1914]],[[1915,-1916,1916]],[[1917,-1918,1918]],[[1919,1920,1921,1922,1923,1924,1925,1926,1927,1928,1929,1930,1931,1932]]],"id":5116,"properties":{"WD24CD":"E05014219","WD24NM":"Bowness and Lyth","LAD24CD":"E06000064"}},{"type":"Polygon","arcs":[[1933,1934,1935,1936,1937,1938]],"id":5117,"properties":{"WD24CD":"E05014220","WD24NM":"Burton and Holme","LAD24CD":"E06000064"}},{"type":"MultiPolygon","arcs":[[[1939,-1940,1940]],[[1941,-1942,1942]],[[-1931,1943,1944,1945,1946,1947,1948,1949,1950,1951]]],"id":5118,"properties":{"WD24CD":"E05014221","WD24NM":"Coniston and Hawkshead","LAD24CD":"E06000064"}},{"type":"Polygon","arcs":[[1952,1953,1954,1955,1956,1957]],"id":5119,"properties":{"WD24CD":"E05014222","WD24NM":"Dalton North","LAD24CD":"E06000064"}},{"type":"Polygon","arcs":[[1958,1959,1960,-1954]],"id":5120,"properties":{"WD24CD":"E05014223","WD24NM":"Dalton South","LAD24CD":"E06000064"}},{"type":"Polygon","arcs":[[1961,1962,1963,1964,1965]],"id":5121,"properties":{"WD24CD":"E05014224","WD24NM":"Eamont and Shap","LAD24CD":"E06000064"}},{"type":"Polygon","arcs":[[-1967,-1911,1967,-1962,1968,-1904]],"id":5122,"properties":{"WD24CD":"E05014225","WD24NM":"Eden and Lyvennet Vale","LAD24CD":"E06000064"}},{"type":"MultiPolygon","arcs":[[[1969]],[[1970,1971]],[[-1949,1972]],[[-1947,1973]],[[1974,1939,1975,1976,-1942,1977,-1944,-1930]]],"id":5123,"properties":{"WD24CD":"E05014226","WD24NM":"Grange and Cartmel","LAD24CD":"E06000064"}},{"type":"Polygon","arcs":[[1978,-1965,1979,1980,-1797,-1699,-1892,1981]],"id":5124,"properties":{"WD24CD":"E05014227","WD24NM":"Greystoke and Ullswater","LAD24CD":"E06000064"}},{"type":"Polygon","arcs":[[-1961,1982,1983,-1955]],"id":5125,"properties":{"WD24CD":"E05014228","WD24NM":"Hawcoat and Newbarns","LAD24CD":"E06000064"}},{"type":"Polygon","arcs":[[-1907,1984,1985,-1982,-1891,-1758,-1900]],"id":5126,"properties":{"WD24CD":"E05014229","WD24NM":"Hesket and Lazonby","LAD24CD":"E06000064"}},{"type":"MultiPolygon","arcs":[[[1986]],[[-1858,1857,1987]],[[-1856,1855,1988]],[[-1833,1989,-1854,1990]],[[-1852,1851,1991]],[[-1835,1992,-1850,1993]],[[-1848,1847,1994]],[[-1846,1845,1995]],[[-1844,1996]],[[-1842,1997]],[[-1951,1998,-1971,1999,2000,2001,2002,-1958,2003,-1840]]],"id":5127,"properties":{"WD24CD":"E05014230","WD24NM":"High Furness","LAD24CD":"E06000064"}},{"type":"Polygon","arcs":[[2004,2005,2006]],"id":5128,"properties":{"WD24CD":"E05014231","WD24NM":"Kendal Castle","LAD24CD":"E06000064"}},{"type":"Polygon","arcs":[[2007,-2006,2008,2009,-1921,2010]],"id":5129,"properties":{"WD24CD":"E05014232","WD24NM":"Kendal Highgate","LAD24CD":"E06000064"}},{"type":"Polygon","arcs":[[2011,2012,-2007,-2008,2013,2014]],"id":5130,"properties":{"WD24CD":"E05014233","WD24NM":"Kendal Nether","LAD24CD":"E06000064"}},{"type":"Polygon","arcs":[[-2005,-2013,2015,2016,-2009]],"id":5131,"properties":{"WD24CD":"E05014234","WD24NM":"Kendal South","LAD24CD":"E06000064"}},{"type":"Polygon","arcs":[[-2014,-2011,-1920,2017]],"id":5132,"properties":{"WD24CD":"E05014235","WD24NM":"Kendal Strickland and Fell","LAD24CD":"E06000064"}},{"type":"Polygon","arcs":[[-1937,2018,2019,2020]],"id":5133,"properties":{"WD24CD":"E05014236","WD24NM":"Kent Estuary","LAD24CD":"E06000064"}},{"type":"Polygon","arcs":[[-2022,2022,2023,2024,-1963,-1968,-1910]],"id":5134,"properties":{"WD24CD":"E05014237","WD24NM":"Kirkby Stephen and Tebay","LAD24CD":"E06000064"}},{"type":"MultiPolygon","arcs":[[[-1928,1927,2025]],[[-1926,1925,2026]],[[-1924,1923,2027]],[[-2017,2028,-1938,-2021,2029,1911,2030,1913,2031,1915,2032,1917,-1922,-2010]]],"id":5135,"properties":{"WD24CD":"E05014238","WD24NM":"Levens and Crooklands","LAD24CD":"E06000064"}},{"type":"Polygon","arcs":[[2033,2034,-1959,-1953,-2003,2035]],"id":5136,"properties":{"WD24CD":"E05014239","WD24NM":"Low Furness","LAD24CD":"E06000064"}},{"type":"Polygon","arcs":[[2036,2037,2038,2039,2040,2041,2042,2043,2044,2045,2046,2047,2048,2049,2050,2051,2052,2053,2054,2055,2056,2057,2058,2059,2060,2061,2062,2063,2064]],"id":5137,"properties":{"WD24CD":"E05014240","WD24NM":"Old Barrow and Hindpool","LAD24CD":"E06000064"}},{"type":"Polygon","arcs":[[-1984,2065,-2065,2066,2067,2068,2069,2070,2071,2072,2073,2074,-1956]],"id":5138,"properties":{"WD24CD":"E05014241","WD24NM":"Ormsgill and Parkside","LAD24CD":"E06000064"}},{"type":"Polygon","arcs":[[-1906,2075,-1985]],"id":5139,"properties":{"WD24CD":"E05014242","WD24NM":"Penrith North","LAD24CD":"E06000064"}},{"type":"Polygon","arcs":[[-1905,-1969,-1966,-1979,-1986,-2076]],"id":5140,"properties":{"WD24CD":"E05014243","WD24NM":"Penrith South","LAD24CD":"E06000064"}},{"type":"MultiPolygon","arcs":[[[2076]],[[2044,-2045,2077]],[[-2043,2042,2078]],[[-2041,2040,2079]],[[-2047,2046,2080]],[[2048,-2049,2081]],[[2050,-2051,2082]],[[-2053,2052,2083]],[[2038,-2039,2084]],[[-2035,2085,-2037,-2066,-1983,-1960]]],"id":5141,"properties":{"WD24CD":"E05014244","WD24NM":"Risedale and Roosecote","LAD24CD":"E06000064"}},{"type":"Polygon","arcs":[[2086,2087,2088,-1939,-2029,-2016,-2012,2089,-2024]],"id":5142,"properties":{"WD24CD":"E05014245","WD24NM":"Sedbergh and Kirkby Lonsdale","LAD24CD":"E06000064"}},{"type":"Polygon","arcs":[[2090,-2036,-2002]],"id":5143,"properties":{"WD24CD":"E05014246","WD24NM":"Ulverston","LAD24CD":"E06000064"}},{"type":"Polygon","arcs":[[-2025,-2090,-2015,-2018,-1933,2091,-1980,-1964]],"id":5144,"properties":{"WD24CD":"E05014247","WD24NM":"Upper Kent","LAD24CD":"E06000064"}},{"type":"MultiPolygon","arcs":[[[2092]],[[2093,-2055]],[[2056,-2057,2094]],[[2058,-2059,2095]],[[2096,2097,-2062,-2061]],[[-2064,2098,-2067]],[[-2069,2068,2099]],[[-2071,2070,2100]],[[2101,2101,2101]],[[-2074,2073,2102]],[[2103]]],"id":5145,"properties":{"WD24CD":"E05014248","WD24NM":"Walney Island","LAD24CD":"E06000064"}},{"type":"Polygon","arcs":[[-2092,-1932,-1952,-1839,-1795,-1981]],"id":5146,"properties":{"WD24CD":"E05014249","WD24NM":"Windermere and Ambleside","LAD24CD":"E06000064"}},{"type":"Polygon","arcs":[[2104,2105,2106,2107,2108,2109]],"id":5416,"properties":{"WD24CD":"E05014519","WD24NM":"Ashton Hurst","LAD24CD":"E08000008"}},{"type":"Polygon","arcs":[[2110,2111,2112,2113,-2107]],"id":5417,"properties":{"WD24CD":"E05014520","WD24NM":"Ashton St Michael's","LAD24CD":"E08000008"}},{"type":"Polygon","arcs":[[-2108,-2114,2114,2115,2116,2117,2118,2119]],"id":5418,"properties":{"WD24CD":"E05014521","WD24NM":"Ashton Waterloo","LAD24CD":"E08000008"}},{"type":"Polygon","arcs":[[2120,2121,2122,-908,-882,2123,2124]],"id":5419,"properties":{"WD24CD":"E05014522","WD24NM":"Audenshaw","LAD24CD":"E08000008"}},{"type":"Polygon","arcs":[[2125,2126,2127,2128,2129,-2122]],"id":5420,"properties":{"WD24CD":"E05014523","WD24NM":"Denton North East","LAD24CD":"E08000008"}},{"type":"Polygon","arcs":[[2130,2131,2132,-2129]],"id":5421,"properties":{"WD24CD":"E05014524","WD24NM":"Denton South","LAD24CD":"E08000008"}},{"type":"Polygon","arcs":[[-2130,-2133,2133,2134,2135,2136,-909,-2123]],"id":5422,"properties":{"WD24CD":"E05014525","WD24NM":"Denton West","LAD24CD":"E08000008"}},{"type":"Polygon","arcs":[[2137,-2124,-881,2138,2139,-2116]],"id":5423,"properties":{"WD24CD":"E05014526","WD24NM":"Droylsden East","LAD24CD":"E08000008"}},{"type":"Polygon","arcs":[[2140,-2139,-880,-929,2141]],"id":5424,"properties":{"WD24CD":"E05014527","WD24NM":"Droylsden West","LAD24CD":"E08000008"}},{"type":"Polygon","arcs":[[-2112,2142,2143,-2126,-2121,2144]],"id":5425,"properties":{"WD24CD":"E05014528","WD24NM":"Dukinfield","LAD24CD":"E08000008"}},{"type":"Polygon","arcs":[[2145,2146,-2143,2147]],"id":5426,"properties":{"WD24CD":"E05014529","WD24NM":"Dukinfield Stalybridge","LAD24CD":"E08000008"}},{"type":"Polygon","arcs":[[2148,2149,2150]],"id":5427,"properties":{"WD24CD":"E05014530","WD24NM":"Hyde Godley","LAD24CD":"E08000008"}},{"type":"Polygon","arcs":[[2151,-2151,2152,-2127,-2144,-2147,2153]],"id":5428,"properties":{"WD24CD":"E05014531","WD24NM":"Hyde Newton","LAD24CD":"E08000008"}},{"type":"Polygon","arcs":[[-2150,2154,-2156,2156,2157,2158,-2131,-2128,-2153]],"id":5429,"properties":{"WD24CD":"E05014532","WD24NM":"Hyde Werneth","LAD24CD":"E08000008"}},{"type":"Polygon","arcs":[[-2160,-2161,-2162,-2163,-2155,-2149,-2152,2163,-2165]],"id":5430,"properties":{"WD24CD":"E05014533","WD24NM":"Longdendale","LAD24CD":"E08000008"}},{"type":"Polygon","arcs":[[2165,2166,2167,-2105,2168]],"id":5431,"properties":{"WD24CD":"E05014534","WD24NM":"Mossley","LAD24CD":"E08000008"}},{"type":"Polygon","arcs":[[-2113,-2145,-2125,-2138,-2115]],"id":5432,"properties":{"WD24CD":"E05014535","WD24NM":"St Peter's","LAD24CD":"E08000008"}},{"type":"Polygon","arcs":[[2169,-2148,-2111,-2106,-2168]],"id":5433,"properties":{"WD24CD":"E05014536","WD24NM":"Stalybridge North","LAD24CD":"E08000008"}},{"type":"Polygon","arcs":[[-2171,-2164,-2154,-2146,-2170,-2167,2171]],"id":5434,"properties":{"WD24CD":"E05014537","WD24NM":"Stalybridge South","LAD24CD":"E08000008"}},{"type":"Polygon","arcs":[[2172,2173,2174,2175,2176]],"id":5435,"properties":{"WD24CD":"E05014538","WD24NM":"Ansdell & Fairhaven","LAD24CD":"E07000119"}},{"type":"Polygon","arcs":[[2177,2178,2179,2180]],"id":5436,"properties":{"WD24CD":"E05014539","WD24NM":"Ashton","LAD24CD":"E07000119"}},{"type":"Polygon","arcs":[[2181,-2176,2182,2183,-2179]],"id":5437,"properties":{"WD24CD":"E05014540","WD24NM":"Carnegie","LAD24CD":"E07000119"}},{"type":"Polygon","arcs":[[2184,2185,2186]],"id":5438,"properties":{"WD24CD":"E05014541","WD24NM":"Freckleton Village","LAD24CD":"E07000119"}},{"type":"Polygon","arcs":[[2187,-2177,-2182,-2178,2188]],"id":5439,"properties":{"WD24CD":"E05014542","WD24NM":"Heyhouses","LAD24CD":"E07000119"}},{"type":"Polygon","arcs":[[2189,-2180,-2184,2190,2191,2192,2193]],"id":5440,"properties":{"WD24CD":"E05014543","WD24NM":"Kilgrimol","LAD24CD":"E07000119"}},{"type":"Polygon","arcs":[[2194,2195,-2189,-2181,-2190,2196]],"id":5441,"properties":{"WD24CD":"E05014544","WD24NM":"Kilnhouse","LAD24CD":"E07000119"}},{"type":"Polygon","arcs":[[2197,2198,2199]],"id":5442,"properties":{"WD24CD":"E05014545","WD24NM":"Kirkham","LAD24CD":"E07000119"}},{"type":"MultiPolygon","arcs":[[[2200,2201]],[[2202,2203]],[[2204,2205]],[[2206,2207]],[[2208,2209,2210,2211]],[[2212,2213]],[[2214,2215]],[[2216,2217,2218]]],"id":5443,"properties":{"WD24CD":"E05014546","WD24NM":"Lytham East","LAD24CD":"E07000119"}},{"type":"MultiPolygon","arcs":[[[-2211,2219]],[[2220,-2174,2221,2222,-2218]]],"id":5444,"properties":{"WD24CD":"E05014547","WD24NM":"Lytham West","LAD24CD":"E07000119"}},{"type":"Polygon","arcs":[[2223,-2200,2224,2225]],"id":5445,"properties":{"WD24CD":"E05014548","WD24NM":"Medlar-with-Wesham","LAD24CD":"E07000119"}},{"type":"Polygon","arcs":[[-2222,-2173,-2188,-2196,2226]],"id":5446,"properties":{"WD24CD":"E05014549","WD24NM":"Park","LAD24CD":"E07000119"}},{"type":"MultiPolygon","arcs":[[[1131,-1132,2227]],[[-1139,-1125,2228,1128,2229,-1127,2230,-2187,2231,2232,-2198,-2224,2233,-499]]],"id":5447,"properties":{"WD24CD":"E05014550","WD24NM":"Rural East Fylde","LAD24CD":"E07000119"}},{"type":"MultiPolygon","arcs":[[[575,-576,2234]],[[573,-574,2235]],[[501,-502,2236]],[[-496,2237,-500,-2234,-2226,2238,2239,2240,-520,-471,-578,2241,-569,2242,-571,2243,2244]]],"id":5448,"properties":{"WD24CD":"E05014551","WD24NM":"Rural North Fylde","LAD24CD":"E07000119"}},{"type":"Polygon","arcs":[[-2241,2245,2246,-517]],"id":5449,"properties":{"WD24CD":"E05014552","WD24NM":"Staining","LAD24CD":"E07000119"}},{"type":"MultiPolygon","arcs":[[[2247,-2248,2248]],[[2249,-2201,2250,-2203,-2205,2251,-2207,2252,-2209,2253,2254,2255,2256,2257,2258,-2232,-2186]]],"id":5450,"properties":{"WD24CD":"E05014553","WD24NM":"Warton","LAD24CD":"E07000119"}},{"type":"MultiPolygon","arcs":[[[-2257,2256,2259]],[[-2255,2254,2260]],[[-2225,-2199,-2233,-2259,2261,-2248,2262,-2213,2263,-2215,-2219,-2223,-2227,-2195,2264,2265,2266,-2239]]],"id":5451,"properties":{"WD24CD":"E05014554","WD24NM":"Wrea Green with Westby","LAD24CD":"E07000119"}},{"type":"Polygon","arcs":[[2267,-2109,-2120,2268,2269,2270,2271]],"id":5543,"properties":{"WD24CD":"E05014646","WD24NM":"Alexandra","LAD24CD":"E08000004"}},{"type":"Polygon","arcs":[[2272,2273,2274,2275]],"id":5544,"properties":{"WD24CD":"E05014647","WD24NM":"Chadderton Central","LAD24CD":"E08000004"}},{"type":"Polygon","arcs":[[2276,-2275,2277,-1532,-1570,2278]],"id":5545,"properties":{"WD24CD":"E05014648","WD24NM":"Chadderton North","LAD24CD":"E08000004"}},{"type":"Polygon","arcs":[[-2274,2279,2280,2281,-936,-857,-1529,-2278]],"id":5546,"properties":{"WD24CD":"E05014649","WD24NM":"Chadderton South","LAD24CD":"E08000004"}},{"type":"Polygon","arcs":[[2282,-2271,2283,-2276,-2277,2284,2285]],"id":5547,"properties":{"WD24CD":"E05014650","WD24NM":"Coldhurst","LAD24CD":"E08000004"}},{"type":"Polygon","arcs":[[2286,2287,2288,-1509,-1544,-1556]],"id":5548,"properties":{"WD24CD":"E05014651","WD24NM":"Crompton","LAD24CD":"E08000004"}},{"type":"Polygon","arcs":[[2289,-2117,-2140,-2141,2290,-2282]],"id":5549,"properties":{"WD24CD":"E05014652","WD24NM":"Failsworth East","LAD24CD":"E08000004"}},{"type":"Polygon","arcs":[[-2291,-2142,-928,-935]],"id":5550,"properties":{"WD24CD":"E05014653","WD24NM":"Failsworth West","LAD24CD":"E08000004"}},{"type":"Polygon","arcs":[[2291,-2118,-2290,-2281,2292]],"id":5551,"properties":{"WD24CD":"E05014654","WD24NM":"Hollinwood","LAD24CD":"E08000004"}},{"type":"Polygon","arcs":[[-2269,-2119,-2292,2293]],"id":5552,"properties":{"WD24CD":"E05014655","WD24NM":"Medlock Vale","LAD24CD":"E08000004"}},{"type":"Polygon","arcs":[[2294,-2285,-2279,-1573,-1519,-1510,-2289]],"id":5553,"properties":{"WD24CD":"E05014656","WD24NM":"Royton North","LAD24CD":"E08000004"}},{"type":"Polygon","arcs":[[2295,2296,2297,-2286,-2295,-2288]],"id":5554,"properties":{"WD24CD":"E05014657","WD24NM":"Royton South","LAD24CD":"E08000004"}},{"type":"Polygon","arcs":[[-2299,-2300,2300,2301,2302,2303,2304,-1554,-2306]],"id":5555,"properties":{"WD24CD":"E05014658","WD24NM":"Saddleworth North","LAD24CD":"E08000004"}},{"type":"Polygon","arcs":[[-2307,-2308,-2172,-2166,2308,-2301]],"id":5556,"properties":{"WD24CD":"E05014659","WD24NM":"Saddleworth South","LAD24CD":"E08000004"}},{"type":"Polygon","arcs":[[-2309,-2169,-2110,-2268,2309,2310,-2302]],"id":5557,"properties":{"WD24CD":"E05014660","WD24NM":"Saddleworth West & Lees","LAD24CD":"E08000004"}},{"type":"Polygon","arcs":[[-2305,2311,-2296,-2287,-1555]],"id":5558,"properties":{"WD24CD":"E05014661","WD24NM":"Shaw","LAD24CD":"E08000004"}},{"type":"Polygon","arcs":[[-2304,2312,2313,-2297,-2312]],"id":5559,"properties":{"WD24CD":"E05014662","WD24NM":"St James'","LAD24CD":"E08000004"}},{"type":"Polygon","arcs":[[-2314,2314,-2310,-2272,-2283,-2298]],"id":5560,"properties":{"WD24CD":"E05014663","WD24NM":"St Mary's","LAD24CD":"E08000004"}},{"type":"Polygon","arcs":[[-2303,-2311,-2315,-2313]],"id":5561,"properties":{"WD24CD":"E05014664","WD24NM":"Waterhead","LAD24CD":"E08000004"}},{"type":"Polygon","arcs":[[-2270,-2294,-2293,-2280,-2273,-2284]],"id":5562,"properties":{"WD24CD":"E05014665","WD24NM":"Werneth","LAD24CD":"E08000004"}},{"type":"Polygon","arcs":[[2315,2316,2317,2318,2319,-1000]],"id":5709,"properties":{"WD24CD":"E05014818","WD24NM":"Astley Bridge","LAD24CD":"E08000001"}},{"type":"Polygon","arcs":[[-1654,-1676,-1668,2320,2321,-2317,2322,-998]],"id":5710,"properties":{"WD24CD":"E05014819","WD24NM":"Bradshaw","LAD24CD":"E08000001"}},{"type":"Polygon","arcs":[[-1667,2323,2324,-2321]],"id":5711,"properties":{"WD24CD":"E05014820","WD24NM":"Breightmet","LAD24CD":"E08000001"}},{"type":"Polygon","arcs":[[-2323,-2316,-999]],"id":5712,"properties":{"WD24CD":"E05014821","WD24NM":"Bromley Cross","LAD24CD":"E08000001"}},{"type":"Polygon","arcs":[[2325,2326,2327,2328,2329]],"id":5713,"properties":{"WD24CD":"E05014822","WD24NM":"Farnworth North","LAD24CD":"E08000001"}},{"type":"Polygon","arcs":[[2330,-1372,-1346,2331,-2327]],"id":5714,"properties":{"WD24CD":"E05014823","WD24NM":"Farnworth South","LAD24CD":"E08000001"}},{"type":"Polygon","arcs":[[2332,-2329,2333,2334,2335,2336]],"id":5715,"properties":{"WD24CD":"E05014824","WD24NM":"Great Lever","LAD24CD":"E08000001"}},{"type":"Polygon","arcs":[[2337,2338,2339,-2319]],"id":5716,"properties":{"WD24CD":"E05014825","WD24NM":"Halliwell","LAD24CD":"E08000001"}},{"type":"Polygon","arcs":[[2340,2341,2342,2343,2344,2345,2346]],"id":5717,"properties":{"WD24CD":"E05014826","WD24NM":"Heaton, Lostock & Chew Moor","LAD24CD":"E08000001"}},{"type":"Polygon","arcs":[[2347,-2346,2348,-1375,-1002]],"id":5718,"properties":{"WD24CD":"E05014827","WD24NM":"Horwich North","LAD24CD":"E08000001"}},{"type":"Polygon","arcs":[[-2349,-2345,2349,2350,-1376]],"id":5719,"properties":{"WD24CD":"E05014828","WD24NM":"Horwich South & Blackrod","LAD24CD":"E08000001"}},{"type":"Polygon","arcs":[[2351,-2334,-2328,-2332,-1351,2352,2353,-2343]],"id":5720,"properties":{"WD24CD":"E05014829","WD24NM":"Hulton","LAD24CD":"E08000001"}},{"type":"Polygon","arcs":[[-1657,-1360,-1370,-2331,-2326,2354,-1670]],"id":5721,"properties":{"WD24CD":"E05014830","WD24NM":"Kearsley","LAD24CD":"E08000001"}},{"type":"Polygon","arcs":[[-1666,-1671,-2355,-2330,-2333,2355,-2324]],"id":5722,"properties":{"WD24CD":"E05014831","WD24NM":"Little Lever & Darcy Lever","LAD24CD":"E08000001"}},{"type":"Polygon","arcs":[[2356,-2336,2357,-2341,2358,-2339]],"id":5723,"properties":{"WD24CD":"E05014832","WD24NM":"Queens Park & Central","LAD24CD":"E08000001"}},{"type":"Polygon","arcs":[[-2335,-2352,-2342,-2358]],"id":5724,"properties":{"WD24CD":"E05014833","WD24NM":"Rumworth","LAD24CD":"E08000001"}},{"type":"Polygon","arcs":[[-2320,-2340,-2359,-2347,-2348,-1001]],"id":5725,"properties":{"WD24CD":"E05014834","WD24NM":"Smithills","LAD24CD":"E08000001"}},{"type":"Polygon","arcs":[[-2325,-2356,-2337,-2357,-2338,-2318,-2322]],"id":5726,"properties":{"WD24CD":"E05014835","WD24NM":"Tonge with the Haulgh","LAD24CD":"E08000001"}},{"type":"Polygon","arcs":[[-2344,-2354,2359,2360,2361,2362,-2350]],"id":5727,"properties":{"WD24CD":"E05014836","WD24NM":"Westhoughton North & Hunger Hill","LAD24CD":"E08000001"}},{"type":"Polygon","arcs":[[2363,2364,2365,2366,-2361]],"id":5728,"properties":{"WD24CD":"E05014837","WD24NM":"Westhoughton South","LAD24CD":"E08000001"}},{"type":"Polygon","arcs":[[2367,2368,2369,2370,2371]],"id":5776,"properties":{"WD24CD":"E05014885","WD24NM":"Bare","LAD24CD":"E07000121"}},{"type":"Polygon","arcs":[[2372,2373,2374,2375,-2372,2376,2377,2378]],"id":5777,"properties":{"WD24CD":"E05014886","WD24NM":"Bolton & Slyne","LAD24CD":"E07000121"}},{"type":"Polygon","arcs":[[2379,2380,2381,2382,2383]],"id":5778,"properties":{"WD24CD":"E05014887","WD24NM":"Bowerham","LAD24CD":"E07000121"}},{"type":"Polygon","arcs":[[2384,2385,2386,2387,2388]],"id":5779,"properties":{"WD24CD":"E05014888","WD24NM":"Bulk","LAD24CD":"E07000121"}},{"type":"Polygon","arcs":[[2389,-2379,2390,2391,2392,2393,2394,2395,2396,2397,2398,2399,2400]],"id":5780,"properties":{"WD24CD":"E05014889","WD24NM":"Carnforth & Millhead","LAD24CD":"E07000121"}},{"type":"Polygon","arcs":[[-2386,2401,2402,2403,2404]],"id":5781,"properties":{"WD24CD":"E05014890","WD24NM":"Castle","LAD24CD":"E07000121"}},{"type":"MultiPolygon","arcs":[[[-548,547,2405]],[[-544,2406]],[[-554,2407,-556,2408]],[[2409]],[[2410]],[[2411]],[[2412]],[[2413]],[[2414]],[[2415]],[[2416]],[[2417]],[[2418]],[[2419]],[[2420]],[[2421]],[[2422]],[[2423]],[[2424]],[[-1037,-588,-550,2425,-547,2426,2427,2428,2429,-2381,2430]]],"id":5782,"properties":{"WD24CD":"E05014891","WD24NM":"Ellel","LAD24CD":"E07000121"}},{"type":"Polygon","arcs":[[2431,2432,-2373,-2390,2433,2434]],"id":5783,"properties":{"WD24CD":"E05014892","WD24NM":"Halton-with-Aughton & Kellet","LAD24CD":"E07000121"}},{"type":"Polygon","arcs":[[2435,2436,2437,2438,2439]],"id":5784,"properties":{"WD24CD":"E05014893","WD24NM":"Heysham Central","LAD24CD":"E07000121"}},{"type":"Polygon","arcs":[[2440,2441,-2440,2442]],"id":5785,"properties":{"WD24CD":"E05014894","WD24NM":"Heysham North","LAD24CD":"E07000121"}},{"type":"Polygon","arcs":[[2443,2444,-2438]],"id":5786,"properties":{"WD24CD":"E05014895","WD24NM":"Heysham South","LAD24CD":"E07000121"}},{"type":"Polygon","arcs":[[2445,-2384,2446,-2402,-2385]],"id":5787,"properties":{"WD24CD":"E05014896","WD24NM":"John O'Gaunt","LAD24CD":"E07000121"}},{"type":"Polygon","arcs":[[-2448,-1018,-1038,-2431,-2380,-2446,-2389,2448,-2432,2449]],"id":5788,"properties":{"WD24CD":"E05014897","WD24NM":"Lower Lune Valley","LAD24CD":"E07000121"}},{"type":"Polygon","arcs":[[-2404,2450,2451]],"id":5789,"properties":{"WD24CD":"E05014898","WD24NM":"Marsh","LAD24CD":"E07000121"}},{"type":"MultiPolygon","arcs":[[[2452]],[[2453]],[[2454]],[[2455]],[[2456]],[[2457]],[[2458]],[[2459]],[[2460]],[[2461]],[[2462]],[[2463]],[[2464]],[[2465]],[[2466,2467,2468,2469,2470,-2444,-2437,2471]]],"id":5790,"properties":{"WD24CD":"E05014899","WD24NM":"Overton","LAD24CD":"E07000121"}},{"type":"Polygon","arcs":[[2472,2473,2474,-2370]],"id":5791,"properties":{"WD24CD":"E05014900","WD24NM":"Poulton","LAD24CD":"E07000121"}},{"type":"MultiPolygon","arcs":[[[2469,-2470,2475]],[[-2468,2467,2476]],[[2477,2478,-2467,2479,2480,-2375]]],"id":5792,"properties":{"WD24CD":"E05014901","WD24NM":"Scale Hall","LAD24CD":"E07000121"}},{"type":"Polygon","arcs":[[-2430,2481,2482,-2382]],"id":5793,"properties":{"WD24CD":"E05014902","WD24NM":"Scotforth East","LAD24CD":"E07000121"}},{"type":"Polygon","arcs":[[-2403,-2447,-2383,-2483,2483,-2428,2484,-2451]],"id":5794,"properties":{"WD24CD":"E05014903","WD24NM":"Scotforth West","LAD24CD":"E07000121"}},{"type":"Polygon","arcs":[[-1936,2485,2486,2487,2488,2489,2490,2491,2492,2493,2494,2495,2496,-2019]],"id":5795,"properties":{"WD24CD":"E05014904","WD24NM":"Silverdale","LAD24CD":"E07000121"}},{"type":"MultiPolygon","arcs":[[[2497]],[[2498,-2478,-2374,-2433,-2449,-2388]]],"id":5796,"properties":{"WD24CD":"E05014905","WD24NM":"Skerton","LAD24CD":"E07000121"}},{"type":"Polygon","arcs":[[-2481,2499,-2368,-2376]],"id":5797,"properties":{"WD24CD":"E05014906","WD24NM":"Torrisholme","LAD24CD":"E07000121"}},{"type":"Polygon","arcs":[[-2484,-2482,-2429]],"id":5798,"properties":{"WD24CD":"E05014907","WD24NM":"University","LAD24CD":"E07000121"}},{"type":"Polygon","arcs":[[-2501,-2450,-2435,2501,-1934,-2089]],"id":5799,"properties":{"WD24CD":"E05014908","WD24NM":"Upper Lune Valley","LAD24CD":"E07000121"}},{"type":"MultiPolygon","arcs":[[[-2378,2502,-2391]],[[2392,-2393,2503]],[[-2395,2394,2504]],[[2396,-2397,2505]],[[-2399,2398,2506]],[[2507,-2496]],[[-2494,2493,2508]],[[-2492,2509]],[[2489,-2490,2510]],[[-2488,2487,2511]],[[-1935,-2502,-2434,-2401,2512,-2486]]],"id":5800,"properties":{"WD24CD":"E05014909","WD24NM":"Warton","LAD24CD":"E07000121"}},{"type":"Polygon","arcs":[[2513,-2441,2514,-2474]],"id":5801,"properties":{"WD24CD":"E05014910","WD24NM":"West End","LAD24CD":"E07000121"}},{"type":"Polygon","arcs":[[-2500,-2480,-2472,-2436,-2442,-2514,-2473,-2369]],"id":5802,"properties":{"WD24CD":"E05014911","WD24NM":"Westgate","LAD24CD":"E07000121"}},{"type":"Polygon","arcs":[[2515,2516,2517,2518]],"id":5820,"properties":{"WD24CD":"E05014929","WD24NM":"Aughton & Holborn","LAD24CD":"E07000127"}},{"type":"MultiPolygon","arcs":[[[-1424,1423,2519]],[[1425,-1426,2520]],[[1427,-1428,2521]],[[2522,-1430]],[[2523,-1414,2524,1411,2525,-1410,2526,-1408,2527,-1422,2528,2529,2530,2531,2532,2533]]],"id":5821,"properties":{"WD24CD":"E05014930","WD24NM":"Burscough Bridge & Rufford","LAD24CD":"E07000127"}},{"type":"Polygon","arcs":[[2534,2535,2536,-2532]],"id":5822,"properties":{"WD24CD":"E05014931","WD24NM":"Burscough Town","LAD24CD":"E07000127"}},{"type":"MultiPolygon","arcs":[[[2537]],[[2538]],[[2539]],[[2540]],[[2541]],[[2542]],[[2543]],[[2544]],[[2545]],[[2546,-2534,2547,-81,-63,2548,-55,2549,-57,2550,-59,2551,-61,2552]]],"id":5823,"properties":{"WD24CD":"E05014932","WD24NM":"North Meols & Hesketh Bank","LAD24CD":"E07000127"}},{"type":"Polygon","arcs":[[2553,2554,2555,2556]],"id":5824,"properties":{"WD24CD":"E05014933","WD24NM":"Old Skelmersdale","LAD24CD":"E07000127"}},{"type":"Polygon","arcs":[[-2531,2557,-2517,2558,-2535]],"id":5825,"properties":{"WD24CD":"E05014934","WD24NM":"Ormskirk East","LAD24CD":"E07000127"}},{"type":"Polygon","arcs":[[-2559,-2516,2559,-2536]],"id":5826,"properties":{"WD24CD":"E05014935","WD24NM":"Ormskirk West","LAD24CD":"E07000127"}},{"type":"Polygon","arcs":[[-1406,2560,2561,2562,2563,2564,2565,-2529,-1421,-1435]],"id":5827,"properties":{"WD24CD":"E05014936","WD24NM":"Rural North East","LAD24CD":"E07000127"}},{"type":"Polygon","arcs":[[2566,-2555,2567,2568,-1622,-698,-723,-76,-90,-83,2569,-2518,-2558,-2530,-2566]],"id":5828,"properties":{"WD24CD":"E05014937","WD24NM":"Rural South","LAD24CD":"E07000127"}},{"type":"Polygon","arcs":[[-2537,-2560,-2519,-2570,-86,-49,-87,-37,-1,-6,-41,-82,-2548,-2533]],"id":5829,"properties":{"WD24CD":"E05014938","WD24NM":"Rural West","LAD24CD":"E07000127"}},{"type":"Polygon","arcs":[[2570,-2556,-2567,-2565]],"id":5830,"properties":{"WD24CD":"E05014939","WD24NM":"Skelmersdale North","LAD24CD":"E07000127"}},{"type":"Polygon","arcs":[[2571,-2568,-2554,2572]],"id":5831,"properties":{"WD24CD":"E05014940","WD24NM":"Skelmersdale South","LAD24CD":"E07000127"}},{"type":"Polygon","arcs":[[-2564,2573,-2573,-2557,-2571]],"id":5832,"properties":{"WD24CD":"E05014941","WD24NM":"Tanhouse & Skelmersdale Town Centre","LAD24CD":"E07000127"}},{"type":"MultiPolygon","arcs":[[[2574,-1432]],[[2575,2576,2577,-1415,-2524,-2547]]],"id":5833,"properties":{"WD24CD":"E05014942","WD24NM":"Tarleton Village","LAD24CD":"E07000127"}},{"type":"Polygon","arcs":[[2578,2579,-1623,-2569,-2572,-2574,-2563]],"id":5834,"properties":{"WD24CD":"E05014943","WD24NM":"Up Holland","LAD24CD":"E07000127"}},{"type":"Polygon","arcs":[[2580,2581,2582,2583,2584,2585,2586,2587]],"id":5880,"properties":{"WD24CD":"E05014989","WD24NM":"Abram","LAD24CD":"E08000010"}},{"type":"Polygon","arcs":[[2588,-1601,2589,-2585]],"id":5881,"properties":{"WD24CD":"E05014990","WD24NM":"Ashton-in-Makerfield South","LAD24CD":"E08000010"}},{"type":"Polygon","arcs":[[-1377,-2351,-2363,2590,2591,2592,2593,-1404]],"id":5882,"properties":{"WD24CD":"E05014991","WD24NM":"Aspull, New Springs & Whelley","LAD24CD":"E08000010"}},{"type":"Polygon","arcs":[[-1320,-1340,-1327,-782,2594,2595,2596]],"id":5883,"properties":{"WD24CD":"E05014992","WD24NM":"Astley","LAD24CD":"E08000010"}},{"type":"Polygon","arcs":[[-2353,-1350,2597,2598,-2364,-2360]],"id":5884,"properties":{"WD24CD":"E05014993","WD24NM":"Atherton North","LAD24CD":"E08000010"}},{"type":"Polygon","arcs":[[2599,2600,2601,2602,-2365,-2599]],"id":5885,"properties":{"WD24CD":"E05014994","WD24NM":"Atherton South & Lilford","LAD24CD":"E08000010"}},{"type":"Polygon","arcs":[[-2586,-2590,-1607,-1583,2603,2604,2605]],"id":5886,"properties":{"WD24CD":"E05014995","WD24NM":"Bryn with Ashton-in-Makerfield North","LAD24CD":"E08000010"}},{"type":"Polygon","arcs":[[2606,2607,2608,2609,2610,2611]],"id":5887,"properties":{"WD24CD":"E05014996","WD24NM":"Douglas","LAD24CD":"E08000010"}},{"type":"Polygon","arcs":[[2612,2613,-1611,-1602,-2589,-2584]],"id":5888,"properties":{"WD24CD":"E05014997","WD24NM":"Golborne & Lowton West","LAD24CD":"E08000010"}},{"type":"Polygon","arcs":[[-2362,-2367,2614,-2581,2615,-2591]],"id":5889,"properties":{"WD24CD":"E05014998","WD24NM":"Hindley","LAD24CD":"E08000010"}},{"type":"Polygon","arcs":[[-2603,2616,-2582,-2615,-2366]],"id":5890,"properties":{"WD24CD":"E05014999","WD24NM":"Hindley Green","LAD24CD":"E08000010"}},{"type":"Polygon","arcs":[[-2616,-2588,2617,-2608,2618,-2592]],"id":5891,"properties":{"WD24CD":"E05015000","WD24NM":"Ince","LAD24CD":"E08000010"}},{"type":"Polygon","arcs":[[2619,2620,-2601,2621,-2596]],"id":5892,"properties":{"WD24CD":"E05015001","WD24NM":"Leigh Central & Higher Folds","LAD24CD":"E08000010"}},{"type":"Polygon","arcs":[[-2595,-781,2622,-2620]],"id":5893,"properties":{"WD24CD":"E05015002","WD24NM":"Leigh South","LAD24CD":"E08000010"}},{"type":"Polygon","arcs":[[-2602,-2621,2623,-2613,-2583,-2617]],"id":5894,"properties":{"WD24CD":"E05015003","WD24NM":"Leigh West","LAD24CD":"E08000010"}},{"type":"Polygon","arcs":[[-2623,-780,-1612,-2614,-2624]],"id":5895,"properties":{"WD24CD":"E05015004","WD24NM":"Lowton East","LAD24CD":"E08000010"}},{"type":"Polygon","arcs":[[2624,2625,-2604,-1587,-1620,-2580,2626]],"id":5896,"properties":{"WD24CD":"E05015005","WD24NM":"Orrell","LAD24CD":"E08000010"}},{"type":"Polygon","arcs":[[2627,-2611,2628,-2625,2629]],"id":5897,"properties":{"WD24CD":"E05015006","WD24NM":"Pemberton","LAD24CD":"E08000010"}},{"type":"Polygon","arcs":[[2630,-2630,-2627,-2579,-2562,2631]],"id":5898,"properties":{"WD24CD":"E05015007","WD24NM":"Shevington with Lower Ground & Moor","LAD24CD":"E08000010"}},{"type":"Polygon","arcs":[[-2594,2632,2633,-2632,-2561,-1405]],"id":5899,"properties":{"WD24CD":"E05015008","WD24NM":"Standish with Langtree","LAD24CD":"E08000010"}},{"type":"Polygon","arcs":[[-1349,-1373,-1321,-2597,-2622,-2600,-2598]],"id":5900,"properties":{"WD24CD":"E05015009","WD24NM":"Tyldesley & Mosley Common","LAD24CD":"E08000010"}},{"type":"Polygon","arcs":[[-2593,-2619,-2607,2634,-2633]],"id":5901,"properties":{"WD24CD":"E05015010","WD24NM":"Wigan Central","LAD24CD":"E08000010"}},{"type":"Polygon","arcs":[[-2635,-2612,-2628,-2631,-2634]],"id":5902,"properties":{"WD24CD":"E05015011","WD24NM":"Wigan West","LAD24CD":"E08000010"}},{"type":"Polygon","arcs":[[-2610,2635,-2605,-2626,-2629]],"id":5903,"properties":{"WD24CD":"E05015012","WD24NM":"Winstanley","LAD24CD":"E08000010"}},{"type":"Polygon","arcs":[[-2618,-2587,-2606,-2636,-2609]],"id":5904,"properties":{"WD24CD":"E05015013","WD24NM":"Worsley Mesnes","LAD24CD":"E08000010"}},{"type":"Polygon","arcs":[[2636,-436,2637,2638,2639,2640]],"id":5905,"properties":{"WD24CD":"E05015014","WD24NM":"Bramhall North","LAD24CD":"E08000007"}},{"type":"Polygon","arcs":[[-435,-440,-451,-378,2641,-2638]],"id":5906,"properties":{"WD24CD":"E05015015","WD24NM":"Bramhall South & Woodford","LAD24CD":"E08000007"}},{"type":"Polygon","arcs":[[-2159,2642,2643,2644,-2134,-2132]],"id":5907,"properties":{"WD24CD":"E05015016","WD24NM":"Bredbury & Woodley","LAD24CD":"E08000007"}},{"type":"Polygon","arcs":[[2645,2646,2647,2648,-2643,-2158]],"id":5908,"properties":{"WD24CD":"E05015017","WD24NM":"Bredbury Green & Romiley","LAD24CD":"E08000007"}},{"type":"Polygon","arcs":[[2649,2650,2651,2652,2653,-2135,-2645]],"id":5909,"properties":{"WD24CD":"E05015018","WD24NM":"Brinnington & Stockport Central","LAD24CD":"E08000007"}},{"type":"Polygon","arcs":[[2654,2655,-2640,2656,2657,-895,2658]],"id":5910,"properties":{"WD24CD":"E05015019","WD24NM":"Cheadle East & Cheadle Hulme North","LAD24CD":"E08000007"}},{"type":"Polygon","arcs":[[-2639,-2642,-377,2659,2660,-2657]],"id":5911,"properties":{"WD24CD":"E05015020","WD24NM":"Cheadle Hulme South","LAD24CD":"E08000007"}},{"type":"Polygon","arcs":[[-2661,2661,-943,-937,-896,-2658]],"id":5912,"properties":{"WD24CD":"E05015021","WD24NM":"Cheadle West & Gatley","LAD24CD":"E08000007"}},{"type":"Polygon","arcs":[[2662,2663,2664,-2641,-2656,2665,-2651]],"id":5913,"properties":{"WD24CD":"E05015022","WD24NM":"Davenport & Cale Green","LAD24CD":"E08000007"}},{"type":"Polygon","arcs":[[-2666,-2655,2666,-2652]],"id":5914,"properties":{"WD24CD":"E05015023","WD24NM":"Edgeley","LAD24CD":"E08000007"}},{"type":"Polygon","arcs":[[2667,2668,2669,2670,-2647]],"id":5915,"properties":{"WD24CD":"E05015024","WD24NM":"Hazel Grove","LAD24CD":"E08000007"}},{"type":"Polygon","arcs":[[-2660,-381,-456,-945,-941,-2662]],"id":5916,"properties":{"WD24CD":"E05015025","WD24NM":"Heald Green","LAD24CD":"E08000007"}},{"type":"Polygon","arcs":[[2671,2672,-893,-850,-923,2673]],"id":5917,"properties":{"WD24CD":"E05015026","WD24NM":"Heatons North","LAD24CD":"E08000007"}},{"type":"Polygon","arcs":[[-2653,-2667,-2659,-894,-2673,2674]],"id":5918,"properties":{"WD24CD":"E05015027","WD24NM":"Heatons South","LAD24CD":"E08000007"}},{"type":"Polygon","arcs":[[-2649,2675,-2663,-2650,-2644]],"id":5919,"properties":{"WD24CD":"E05015028","WD24NM":"Manor","LAD24CD":"E08000007"}},{"type":"Polygon","arcs":[[-2677,-2678,-2679,2679,-2668,-2646,-2157]],"id":5920,"properties":{"WD24CD":"E05015029","WD24NM":"Marple North","LAD24CD":"E08000007"}},{"type":"Polygon","arcs":[[-2681,-370,-433,2681,-2669,-2680]],"id":5921,"properties":{"WD24CD":"E05015030","WD24NM":"Marple South & High Lane","LAD24CD":"E08000007"}},{"type":"Polygon","arcs":[[2682,-2670,-2682,-432,-437,-2637,-2665]],"id":5922,"properties":{"WD24CD":"E05015031","WD24NM":"Norbury & Woodsmoor","LAD24CD":"E08000007"}},{"type":"Polygon","arcs":[[-2671,-2683,-2664,-2676,-2648]],"id":5923,"properties":{"WD24CD":"E05015032","WD24NM":"Offerton","LAD24CD":"E08000007"}},{"type":"Polygon","arcs":[[2683,-2674,-922,-926,-910,-2137]],"id":5924,"properties":{"WD24CD":"E05015033","WD24NM":"Reddish North","LAD24CD":"E08000007"}},{"type":"Polygon","arcs":[[-2654,-2675,-2672,-2684,-2136]],"id":5925,"properties":{"WD24CD":"E05015034","WD24NM":"Reddish South","LAD24CD":"E08000007"}},{"type":"Polygon","arcs":[[-584,2684,2685,-522]],"id":6077,"properties":{"WD24CD":"E05015186","WD24NM":"Anchorsholme","LAD24CD":"E06000009"}},{"type":"Polygon","arcs":[[2686,2687,2688,2689]],"id":6078,"properties":{"WD24CD":"E05015187","WD24NM":"Bispham","LAD24CD":"E06000009"}},{"type":"Polygon","arcs":[[2690,2691,2692,2693,2694]],"id":6079,"properties":{"WD24CD":"E05015188","WD24NM":"Bloomfield","LAD24CD":"E06000009"}},{"type":"Polygon","arcs":[[2695,2696,2697,2698]],"id":6080,"properties":{"WD24CD":"E05015189","WD24NM":"Brunswick","LAD24CD":"E06000009"}},{"type":"Polygon","arcs":[[2699,-2698,2700,2701,2702,2703]],"id":6081,"properties":{"WD24CD":"E05015190","WD24NM":"Claremont","LAD24CD":"E06000009"}},{"type":"Polygon","arcs":[[-2266,2704,2705,2706]],"id":6082,"properties":{"WD24CD":"E05015191","WD24NM":"Clifton","LAD24CD":"E06000009"}},{"type":"Polygon","arcs":[[-581,2707,2708,-2704,2709,2710]],"id":6083,"properties":{"WD24CD":"E05015192","WD24NM":"Greenlands","LAD24CD":"E06000009"}},{"type":"Polygon","arcs":[[2711,2712,2713,2714,2715,-2706]],"id":6084,"properties":{"WD24CD":"E05015193","WD24NM":"Hawes Side","LAD24CD":"E06000009"}},{"type":"Polygon","arcs":[[2716,-2193,2717,2718,-2713]],"id":6085,"properties":{"WD24CD":"E05015194","WD24NM":"Highfield","LAD24CD":"E06000009"}},{"type":"Polygon","arcs":[[-582,-2711,2719,-2687,2720,-484]],"id":6086,"properties":{"WD24CD":"E05015195","WD24NM":"Ingthorpe","LAD24CD":"E06000009"}},{"type":"Polygon","arcs":[[2721,-2699,-2700,-2709,2722]],"id":6087,"properties":{"WD24CD":"E05015196","WD24NM":"Layton","LAD24CD":"E06000009"}},{"type":"Polygon","arcs":[[-2246,-2240,-2267,-2707,-2716,2723,2724,-2696,-2722,2725]],"id":6088,"properties":{"WD24CD":"E05015197","WD24NM":"Marton","LAD24CD":"E06000009"}},{"type":"Polygon","arcs":[[-583,-2721,-2690,2726,-2685]],"id":6089,"properties":{"WD24CD":"E05015198","WD24NM":"Norbreck","LAD24CD":"E06000009"}},{"type":"Polygon","arcs":[[-518,-2247,-2726,-2723,-2708,-580]],"id":6090,"properties":{"WD24CD":"E05015199","WD24NM":"Park","LAD24CD":"E06000009"}},{"type":"Polygon","arcs":[[-2192,2727,2728,2729,-2718]],"id":6091,"properties":{"WD24CD":"E05015200","WD24NM":"Squires Gate","LAD24CD":"E06000009"}},{"type":"Polygon","arcs":[[-2197,-2194,-2717,-2712,-2705,-2265]],"id":6092,"properties":{"WD24CD":"E05015201","WD24NM":"Stanley","LAD24CD":"E06000009"}},{"type":"Polygon","arcs":[[-2725,2730,-2694,2731,-2701,-2697]],"id":6093,"properties":{"WD24CD":"E05015202","WD24NM":"Talbot","LAD24CD":"E06000009"}},{"type":"Polygon","arcs":[[-2724,-2715,2732,-2695,-2731]],"id":6094,"properties":{"WD24CD":"E05015203","WD24NM":"Tyldesley","LAD24CD":"E06000009"}},{"type":"Polygon","arcs":[[-2714,2733,-2691,-2733]],"id":6095,"properties":{"WD24CD":"E05015204","WD24NM":"Victoria","LAD24CD":"E06000009"}},{"type":"Polygon","arcs":[[-2720,-2710,-2703,2734,-2688]],"id":6096,"properties":{"WD24CD":"E05015205","WD24NM":"Warbreck","LAD24CD":"E06000009"}},{"type":"MultiPolygon","arcs":[[[-2729,2728,2735]],[[2736,-2692,-2734,-2719,-2730]]],"id":6097,"properties":{"WD24CD":"E05015206","WD24NM":"Waterloo","LAD24CD":"E06000009"}},{"type":"Polygon","arcs":[[2737,2738,2739,2740,2741,2742]],"id":6130,"properties":{"WD24CD":"E05015239","WD24NM":"Altrincham","LAD24CD":"E08000009"}},{"type":"Polygon","arcs":[[2743,2744,2745,2746,2747]],"id":6131,"properties":{"WD24CD":"E05015240","WD24NM":"Ashton upon Mersey","LAD24CD":"E08000009"}},{"type":"Polygon","arcs":[[-2741,2748,-414,-393,-810,-827,2749,2750]],"id":6132,"properties":{"WD24CD":"E05015241","WD24NM":"Bowdon","LAD24CD":"E08000009"}},{"type":"Polygon","arcs":[[2751,2752,2753,-2742,-2751,2754]],"id":6133,"properties":{"WD24CD":"E05015242","WD24NM":"Broadheath","LAD24CD":"E08000009"}},{"type":"Polygon","arcs":[[-848,2755,-2753,2756,2757,2758]],"id":6134,"properties":{"WD24CD":"E05015243","WD24NM":"Brooklands","LAD24CD":"E08000009"}},{"type":"Polygon","arcs":[[2759,-2747,2760,-2755,-2750,-826,-1326,2761]],"id":6135,"properties":{"WD24CD":"E05015244","WD24NM":"Bucklow-St Martins","LAD24CD":"E08000009"}},{"type":"Polygon","arcs":[[2762,2763,-1338,2764]],"id":6136,"properties":{"WD24CD":"E05015245","WD24NM":"Davyhulme","LAD24CD":"E08000009"}},{"type":"Polygon","arcs":[[2765,-2762,-1325,-1339,-2764]],"id":6137,"properties":{"WD24CD":"E05015246","WD24NM":"Flixton","LAD24CD":"E08000009"}},{"type":"Polygon","arcs":[[-1363,-920,2766,2767,2768,2769,-1310,-1374]],"id":6138,"properties":{"WD24CD":"E05015247","WD24NM":"Gorse Hill & Cornbrook","LAD24CD":"E08000009"}},{"type":"Polygon","arcs":[[2770,-410,-2749,-2740]],"id":6139,"properties":{"WD24CD":"E05015248","WD24NM":"Hale","LAD24CD":"E08000009"}},{"type":"Polygon","arcs":[[-842,-946,-411,-2771,-2739,2771]],"id":6140,"properties":{"WD24CD":"E05015249","WD24NM":"Hale Barns & Timperley South","LAD24CD":"E08000009"}},{"type":"Polygon","arcs":[[-871,2772,2773,-2768,2774]],"id":6141,"properties":{"WD24CD":"E05015250","WD24NM":"Longford","LAD24CD":"E08000009"}},{"type":"Polygon","arcs":[[2775,2776,-2765,-1337,-1311,-2770]],"id":6142,"properties":{"WD24CD":"E05015251","WD24NM":"Lostock & Barton","LAD24CD":"E08000009"}},{"type":"Polygon","arcs":[[-2757,-2752,-2761,-2746]],"id":6143,"properties":{"WD24CD":"E05015252","WD24NM":"Manor","LAD24CD":"E08000009"}},{"type":"Polygon","arcs":[[-934,-944,-872,-2775,-2767,-919]],"id":6144,"properties":{"WD24CD":"E05015253","WD24NM":"Old Trafford","LAD24CD":"E08000009"}},{"type":"Polygon","arcs":[[-870,-878,2777,-2758,-2745,-2773]],"id":6145,"properties":{"WD24CD":"E05015254","WD24NM":"Sale Central","LAD24CD":"E08000009"}},{"type":"Polygon","arcs":[[-877,-939,-849,-2759,-2778]],"id":6146,"properties":{"WD24CD":"E05015255","WD24NM":"Sale Moor","LAD24CD":"E08000009"}},{"type":"Polygon","arcs":[[-2774,-2744,2778,-2776,-2769]],"id":6147,"properties":{"WD24CD":"E05015256","WD24NM":"Stretford & Humphrey Park","LAD24CD":"E08000009"}},{"type":"Polygon","arcs":[[-846,-843,-2772,-2738,2779]],"id":6148,"properties":{"WD24CD":"E05015257","WD24NM":"Timperley Central","LAD24CD":"E08000009"}},{"type":"Polygon","arcs":[[-2780,-2743,-2754,-2756,-847]],"id":6149,"properties":{"WD24CD":"E05015258","WD24NM":"Timperley North","LAD24CD":"E08000009"}},{"type":"Polygon","arcs":[[-2779,-2748,-2760,-2766,-2763,-2777]],"id":6150,"properties":{"WD24CD":"E05015259","WD24NM":"Urmston","LAD24CD":"E08000009"}},{"type":"Polygon","arcs":[[2780,2781,2782,2783,2784,2785]],"id":6168,"properties":{"WD24CD":"E05015277","WD24NM":"Aigburth","LAD24CD":"E08000012"}},{"type":"Polygon","arcs":[[2786,2787,2788,2789,2790]],"id":6169,"properties":{"WD24CD":"E05015278","WD24NM":"Allerton","LAD24CD":"E08000012"}},{"type":"Polygon","arcs":[[2791,2792,2793,2794,2795,2796]],"id":6170,"properties":{"WD24CD":"E05015279","WD24NM":"Anfield","LAD24CD":"E08000012"}},{"type":"Polygon","arcs":[[2797,2798,2799,2800,2801]],"id":6171,"properties":{"WD24CD":"E05015280","WD24NM":"Arundel","LAD24CD":"E08000012"}},{"type":"Polygon","arcs":[[-718,-687,2802,2803,2804]],"id":6172,"properties":{"WD24CD":"E05015281","WD24NM":"Belle Vale","LAD24CD":"E08000012"}},{"type":"Polygon","arcs":[[2805,-730,2806,2807,2808,2809]],"id":6173,"properties":{"WD24CD":"E05015282","WD24NM":"Broadgreen","LAD24CD":"E08000012"}},{"type":"Polygon","arcs":[[2810,2811,2812,2813,2814]],"id":6174,"properties":{"WD24CD":"E05015283","WD24NM":"Brownlow Hill","LAD24CD":"E08000012"}},{"type":"Polygon","arcs":[[2815,-2791,2816,2817,2818]],"id":6175,"properties":{"WD24CD":"E05015284","WD24NM":"Calderstones","LAD24CD":"E08000012"}},{"type":"Polygon","arcs":[[2819,2820,2821,2822,-2811,2823]],"id":6176,"properties":{"WD24CD":"E05015285","WD24NM":"Canning","LAD24CD":"E08000012"}},{"type":"Polygon","arcs":[[-2805,2824,2825,-2819,2826,2827,-2807,-729,-719]],"id":6177,"properties":{"WD24CD":"E05015286","WD24NM":"Childwall","LAD24CD":"E08000012"}},{"type":"Polygon","arcs":[[2828,-2827,-2818,2829,2830]],"id":6178,"properties":{"WD24CD":"E05015287","WD24NM":"Church","LAD24CD":"E08000012"}},{"type":"Polygon","arcs":[[-2813,2831,2832,2833,2834,2835]],"id":6179,"properties":{"WD24CD":"E05015288","WD24NM":"City Centre North","LAD24CD":"E08000012"}},{"type":"Polygon","arcs":[[-2823,2836,2837,2838,-2832,-2812]],"id":6180,"properties":{"WD24CD":"E05015289","WD24NM":"City Centre South","LAD24CD":"E08000012"}},{"type":"Polygon","arcs":[[2839,2840,2841,2842,2843]],"id":6181,"properties":{"WD24CD":"E05015290","WD24NM":"Clubmoor East","LAD24CD":"E08000012"}},{"type":"Polygon","arcs":[[2844,-2792,2845,2846,-2842]],"id":6182,"properties":{"WD24CD":"E05015291","WD24NM":"Clubmoor West","LAD24CD":"E08000012"}},{"type":"Polygon","arcs":[[-2846,-2797,2847,-23,2848]],"id":6183,"properties":{"WD24CD":"E05015292","WD24NM":"County","LAD24CD":"E08000012"}},{"type":"Polygon","arcs":[[-710,2849,2850,2851,2852,-679]],"id":6184,"properties":{"WD24CD":"E05015293","WD24NM":"Croxteth","LAD24CD":"E08000012"}},{"type":"Polygon","arcs":[[2853,2854,2855,-2850,-709]],"id":6185,"properties":{"WD24CD":"E05015294","WD24NM":"Croxteth Country Park","LAD24CD":"E08000012"}},{"type":"Polygon","arcs":[[2856,2857,2858,2859,-2838,2860]],"id":6186,"properties":{"WD24CD":"E05015295","WD24NM":"Dingle","LAD24CD":"E08000012"}},{"type":"Polygon","arcs":[[2861,-2802,2862,-2820,2863,2864]],"id":6187,"properties":{"WD24CD":"E05015296","WD24NM":"Edge Hill","LAD24CD":"E08000012"}},{"type":"Polygon","arcs":[[2865,2866,2867,-2794,2868]],"id":6188,"properties":{"WD24CD":"E05015297","WD24NM":"Everton East","LAD24CD":"E08000012"}},{"type":"Polygon","arcs":[[-2868,2869,2870,2871,-2795]],"id":6189,"properties":{"WD24CD":"E05015298","WD24NM":"Everton North","LAD24CD":"E08000012"}},{"type":"Polygon","arcs":[[-2867,2872,-2814,-2836,2873,-2870]],"id":6190,"properties":{"WD24CD":"E05015299","WD24NM":"Everton West","LAD24CD":"E08000012"}},{"type":"Polygon","arcs":[[-2853,2874,2875,2876,-69,-680]],"id":6191,"properties":{"WD24CD":"E05015300","WD24NM":"Fazakerley East","LAD24CD":"E08000012"}},{"type":"Polygon","arcs":[[-2877,2877,2878,-70]],"id":6192,"properties":{"WD24CD":"E05015301","WD24NM":"Fazakerley North","LAD24CD":"E08000012"}},{"type":"Polygon","arcs":[[2879,2880,-2878,-2876]],"id":6193,"properties":{"WD24CD":"E05015302","WD24NM":"Fazakerley West","LAD24CD":"E08000012"}},{"type":"Polygon","arcs":[[2881,2882,2883,-2784,2884,2885,-2859]],"id":6194,"properties":{"WD24CD":"E05015303","WD24NM":"Festival Gardens","LAD24CD":"E08000012"}},{"type":"Polygon","arcs":[[2886,2887,2888,2889,2890]],"id":6195,"properties":{"WD24CD":"E05015304","WD24NM":"Garston","LAD24CD":"E08000012"}},{"type":"Polygon","arcs":[[2891,2892,-2825,-2804]],"id":6196,"properties":{"WD24CD":"E05015305","WD24NM":"Gateacre","LAD24CD":"E08000012"}},{"type":"Polygon","arcs":[[-2890,2893,-2782,2894,2895]],"id":6197,"properties":{"WD24CD":"E05015306","WD24NM":"Grassendale & Cressington","LAD24CD":"E08000012"}},{"type":"Polygon","arcs":[[2896,2897,-2786,2898,-2799,2899]],"id":6198,"properties":{"WD24CD":"E05015307","WD24NM":"Greenbank Park","LAD24CD":"E08000012"}},{"type":"Polygon","arcs":[[2900,-2864,-2824,-2815,-2873,-2866,2901,2902]],"id":6199,"properties":{"WD24CD":"E05015308","WD24NM":"Kensington & Fairfield","LAD24CD":"E08000012"}},{"type":"Polygon","arcs":[[-2848,-2796,-2872,2903,2904,-24]],"id":6200,"properties":{"WD24CD":"E05015309","WD24NM":"Kirkdale East","LAD24CD":"E08000012"}},{"type":"Polygon","arcs":[[2905,2906,-42,-25,-2905]],"id":6201,"properties":{"WD24CD":"E05015310","WD24NM":"Kirkdale West","LAD24CD":"E08000012"}},{"type":"Polygon","arcs":[[-731,-2806,2907,2908,2909,-702]],"id":6202,"properties":{"WD24CD":"E05015311","WD24NM":"Knotty Ash & Dovecot Park","LAD24CD":"E08000012"}},{"type":"Polygon","arcs":[[2910,-2895,-2781,-2898,-2789]],"id":6203,"properties":{"WD24CD":"E05015312","WD24NM":"Mossley Hill","LAD24CD":"E08000012"}},{"type":"Polygon","arcs":[[-686,-692,2911,-2887,2912,2913,-2892,-2803]],"id":6204,"properties":{"WD24CD":"E05015313","WD24NM":"Much Woolton & Hunts Cross","LAD24CD":"E08000012"}},{"type":"Polygon","arcs":[[-2852,2914,2915,-2844,-2880,-2875]],"id":6205,"properties":{"WD24CD":"E05015314","WD24NM":"Norris Green","LAD24CD":"E08000012"}},{"type":"Polygon","arcs":[[-2809,2916,2917,2918]],"id":6206,"properties":{"WD24CD":"E05015315","WD24NM":"Old Swan East","LAD24CD":"E08000012"}},{"type":"Polygon","arcs":[[-2917,2919,2920,2921,-2865,-2901,2922]],"id":6207,"properties":{"WD24CD":"E05015316","WD24NM":"Old Swan West","LAD24CD":"E08000012"}},{"type":"Polygon","arcs":[[-72,2923,-77]],"id":6208,"properties":{"WD24CD":"E05015317","WD24NM":"Orrell Park","LAD24CD":"E08000012"}},{"type":"Polygon","arcs":[[-2830,-2817,-2790,-2897,2924,2925]],"id":6209,"properties":{"WD24CD":"E05015318","WD24NM":"Penny Lane","LAD24CD":"E08000012"}},{"type":"Polygon","arcs":[[-2801,2926,-2857,2927,-2821,-2863]],"id":6210,"properties":{"WD24CD":"E05015319","WD24NM":"Princes Park","LAD24CD":"E08000012"}},{"type":"Polygon","arcs":[[2928,2929,-2908,-2810,-2919,2930,2931,-2840,-2916,2932]],"id":6211,"properties":{"WD24CD":"E05015320","WD24NM":"Sandfield Park","LAD24CD":"E08000012"}},{"type":"Polygon","arcs":[[-2899,-2785,-2884,2933,-2882,-2858,-2927,-2800]],"id":6212,"properties":{"WD24CD":"E05015321","WD24NM":"Sefton Park","LAD24CD":"E08000012"}},{"type":"Polygon","arcs":[[-2925,-2900,-2798,-2862,-2922,2934]],"id":6213,"properties":{"WD24CD":"E05015322","WD24NM":"Smithdown","LAD24CD":"E08000012"}},{"type":"Polygon","arcs":[[-1468,2935,-2888,-2912,-691]],"id":6214,"properties":{"WD24CD":"E05015323","WD24NM":"Speke","LAD24CD":"E08000012"}},{"type":"Polygon","arcs":[[2936,-2913,-2891,-2896,-2911,-2788]],"id":6215,"properties":{"WD24CD":"E05015324","WD24NM":"Springwood","LAD24CD":"E08000012"}},{"type":"Polygon","arcs":[[-2883,-2934]],"id":6216,"properties":{"WD24CD":"E05015325","WD24NM":"St Michaels","LAD24CD":"E08000012"}},{"type":"Polygon","arcs":[[-2918,-2923,-2903,2937,-2931]],"id":6217,"properties":{"WD24CD":"E05015326","WD24NM":"Stoneycroft","LAD24CD":"E08000012"}},{"type":"Polygon","arcs":[[-2861,-2837,-2822,-2928]],"id":6218,"properties":{"WD24CD":"E05015327","WD24NM":"Toxteth","LAD24CD":"E08000012"}},{"type":"Polygon","arcs":[[-2902,-2869,-2793,2938]],"id":6219,"properties":{"WD24CD":"E05015328","WD24NM":"Tuebrook Breckside Park","LAD24CD":"E08000012"}},{"type":"Polygon","arcs":[[-2932,-2938,-2939,-2845,-2841]],"id":6220,"properties":{"WD24CD":"E05015329","WD24NM":"Tuebrook Larkhill","LAD24CD":"E08000012"}},{"type":"Polygon","arcs":[[-2874,-2835,2939,-2906,-2904,-2871]],"id":6221,"properties":{"WD24CD":"E05015330","WD24NM":"Vauxhall","LAD24CD":"E08000012"}},{"type":"Polygon","arcs":[[-2879,-2881,-2843,-2847,-2849,-22,-78,-2924,-71]],"id":6222,"properties":{"WD24CD":"E05015331","WD24NM":"Walton","LAD24CD":"E08000012"}},{"type":"Polygon","arcs":[[-2907,-2940,-2834,2940,2941,-43]],"id":6223,"properties":{"WD24CD":"E05015332","WD24NM":"Waterfront North","LAD24CD":"E08000012"}},{"type":"Polygon","arcs":[[-2839,-2860,-2886,2942,-2941,-2833]],"id":6224,"properties":{"WD24CD":"E05015333","WD24NM":"Waterfront South","LAD24CD":"E08000012"}},{"type":"Polygon","arcs":[[-2828,-2829,2943,-2920,-2808]],"id":6225,"properties":{"WD24CD":"E05015334","WD24NM":"Wavertree Garden Suburb","LAD24CD":"E08000012"}},{"type":"Polygon","arcs":[[-2831,-2926,-2935,-2921,-2944]],"id":6226,"properties":{"WD24CD":"E05015335","WD24NM":"Wavertree Village","LAD24CD":"E08000012"}},{"type":"Polygon","arcs":[[2944,2945,-2929,2946,-2855]],"id":6227,"properties":{"WD24CD":"E05015336","WD24NM":"West Derby Deysbrook","LAD24CD":"E08000012"}},{"type":"Polygon","arcs":[[2947,-2909,-2930,-2946]],"id":6228,"properties":{"WD24CD":"E05015337","WD24NM":"West Derby Leyfield","LAD24CD":"E08000012"}},{"type":"Polygon","arcs":[[-2856,-2947,-2933,-2915,-2851]],"id":6229,"properties":{"WD24CD":"E05015338","WD24NM":"West Derby Muirhead","LAD24CD":"E08000012"}},{"type":"Polygon","arcs":[[-2893,-2914,-2937,-2787,-2816,-2826]],"id":6230,"properties":{"WD24CD":"E05015339","WD24NM":"Woolton Village","LAD24CD":"E08000012"}},{"type":"Polygon","arcs":[[-708,-728,-703,-2910,-2948,-2945,-2854]],"id":6231,"properties":{"WD24CD":"E05015340","WD24NM":"Yew Tree","LAD24CD":"E08000012"}},{"type":"Polygon","arcs":[[2948,-1489,-1058,-2950]],"id":6437,"properties":{"WD24CD":"E05015546","WD24NM":"Barnoldswick","LAD24CD":"E07000122"}},{"type":"Polygon","arcs":[[-2951,-1496,-1482,-2949,-2952]],"id":6438,"properties":{"WD24CD":"E05015547","WD24NM":"Earby & Coates","LAD24CD":"E07000122"}},{"type":"Polygon","arcs":[[-2953,2953,2954,-187]],"id":6708,"properties":{"WD24CD":"E05015817","WD24NM":"Bacup","LAD24CD":"E07000125"}},{"type":"Polygon","arcs":[[-2956,2956,-1559,2957,-2954]],"id":6709,"properties":{"WD24CD":"E05015818","WD24NM":"Britannia & Lee Mill","LAD24CD":"E07000125"}},{"type":"Polygon","arcs":[[2958,2959,2960,2961,-212,-193]],"id":6710,"properties":{"WD24CD":"E05015819","WD24NM":"Goodshaw & Cribden","LAD24CD":"E07000125"}},{"type":"Polygon","arcs":[[2962,2963,-1566,-1651,-1652,-1672,2964,2965]],"id":6711,"properties":{"WD24CD":"E05015820","WD24NM":"Greenfield & Eden","LAD24CD":"E07000125"}},{"type":"Polygon","arcs":[[-1567,-2964,2966,-2960,2967]],"id":6712,"properties":{"WD24CD":"E05015821","WD24NM":"Hareholme & Waterfoot","LAD24CD":"E07000125"}},{"type":"Polygon","arcs":[[-2962,2968,-2966,2969,-255,-239,-233,-213]],"id":6713,"properties":{"WD24CD":"E05015822","WD24NM":"Haslingden","LAD24CD":"E07000125"}},{"type":"Polygon","arcs":[[-2965,-1673,-995,-274,-2970]],"id":6714,"properties":{"WD24CD":"E05015823","WD24NM":"Helmshore","LAD24CD":"E07000125"}},{"type":"Polygon","arcs":[[-2967,-2963,-2969,-2961]],"id":6715,"properties":{"WD24CD":"E05015824","WD24NM":"Longholme","LAD24CD":"E07000125"}},{"type":"Polygon","arcs":[[-188,-2955,-2958,-1568,-2968,-2959,-192]],"id":6716,"properties":{"WD24CD":"E05015825","WD24NM":"Whitewell & Stacksteads","LAD24CD":"E07000125"}},{"type":"Polygon","arcs":[[-2971,-1577,-1536,-1560,-2957]],"id":6717,"properties":{"WD24CD":"E05015826","WD24NM":"Whitworth","LAD24CD":"E07000125"}}]}},"arcs":[[[54121,34071],[-57,-21],[-6,-17],[-11,-8],[-28,-9],[-13,-12],[-20,-7],[-19,-22],[-1,-11],[-7,-7],[-12,-2],[2,-10],[-4,-4],[13,-6],[0,-5],[-4,-22],[-5,-3],[-6,-20],[3,-5],[-5,-7],[4,-2],[-13,-11],[-22,-8],[6,-4],[23,-1],[-3,-14]],[[53936,33833],[-10,1],[-12,6],[-2,-4],[-61,9],[-7,-4],[-55,6],[9,24],[-39,2],[-10,-1],[0,-3],[-16,-1],[2,-7],[-11,-1],[1,-6],[-19,2],[-270,-2]],[[53436,33854],[70,79],[32,25],[59,77],[7,-5],[22,31]],[[53626,34061],[228,2],[21,-6],[6,5],[16,5],[4,-6],[-2,-8],[6,-4],[62,67]],[[53967,34116],[42,7],[2,-4],[-6,-2],[6,-9],[8,1],[7,-20],[-9,-1],[2,-4],[42,-1],[60,-12]],[[54282,34213],[-33,-17],[3,-7],[-13,-7],[0,-9],[-34,-19],[-15,-31],[-12,-3],[-8,-7],[-23,-9],[-5,-9],[1,-9],[-22,-15]],[[53967,34116],[149,160],[42,33]],[[54158,34309],[76,-56],[4,2],[5,-4],[-11,-8],[50,-30]],[[54009,32988],[3,-8],[-8,0],[-21,-11],[-46,-32],[-8,7],[-38,-16],[40,-35]],[[53931,32893],[-102,-39]],[[53829,32854],[-11,12],[-4,-2],[-53,67],[-42,40],[-57,114],[-9,17],[-9,7],[11,16],[-8,30]],[[53647,33155],[19,0],[13,2],[14,8],[43,2],[2,-7],[73,-58],[19,7],[57,-32],[51,-37],[53,-12],[15,-22],[-12,-12],[15,-6]],[[54449,34785],[60,-51],[94,-68],[-7,-4],[31,-29],[-17,-5],[5,-7],[17,4],[6,-8],[-12,-5],[-38,-7],[-54,-19],[24,-21],[23,-33],[-41,-12],[-54,-3],[-26,-7],[35,-30],[9,-15],[-1,-14]],[[54503,34451],[-50,-8],[-74,-18]],[[54379,34425],[-44,-6],[-40,6],[-63,41],[-44,-37],[-70,24],[-4,-2],[-29,11]],[[54085,34462],[32,38],[31,18],[5,-2],[25,25],[24,16],[9,15],[6,24],[8,10],[-3,16],[-26,-4],[-24,-19],[-15,-21],[-7,1],[-29,26],[-15,27],[-1,25],[5,17],[11,14],[9,2],[23,-5],[15,3],[11,-2],[27,-13],[28,-5],[13,3],[11,7],[-4,4],[-17,3],[43,0],[-4,4],[5,4],[31,7],[43,20],[17,18],[14,-11],[7,-9],[5,-1],[7,3],[12,-1],[9,4],[-11,-4],[-10,2],[-7,-3],[-5,2],[-14,18],[7,6],[12,4],[1,4],[-6,2],[-24,-2],[1,18],[16,14],[16,1],[19,-4],[15,-10],[1,-10],[15,-7],[13,-1],[-18,4],[-8,4],[0,3],[12,-1],[18,3],[-28,-1],[-2,7],[-10,10],[20,3]],[[54120,32858],[2,-25],[-19,-6],[10,-28],[64,-31]],[[54177,32768],[18,-10]],[[54195,32758],[-42,-13],[-247,-35]],[[53906,32710],[-48,35],[3,7],[30,14],[3,4],[-39,57],[-14,10],[-12,17]],[[53931,32893],[47,-41],[52,23],[2,14],[54,-1],[29,-14],[-8,-3],[-6,-9],[19,-4]],[[54520,32681],[8,-20],[1,-36],[-14,-23],[-7,0],[4,-21]],[[54512,32581],[-14,0],[-2,-8],[-12,-11],[13,-18],[-4,-1]],[[54493,32543],[-22,-4],[-14,5],[-7,-7],[-12,-2]],[[54438,32535],[-40,-7]],[[54398,32528],[-5,18],[-25,-5],[-40,141]],[[54328,32682],[46,9],[-13,13],[16,4],[32,22]],[[54409,32730],[6,-8],[25,-16],[10,-37],[70,12]],[[54379,34425],[-48,-46],[-16,5],[-14,-15]],[[54301,34369],[-35,1],[-10,-2],[-98,-59]],[[53626,34061],[45,65],[9,7],[11,28],[8,4],[5,-5],[35,46],[27,16],[35,13],[10,9],[-5,2],[10,12],[6,-1],[0,5],[9,5],[13,16],[19,16],[9,13],[4,-1],[4,9],[10,7],[6,10],[13,1],[1,7],[13,7],[0,5],[18,11],[5,7],[3,-2],[6,12],[2,-1],[7,4],[-1,8],[20,11],[13,5],[6,12],[6,-2],[-3,-4],[9,3],[7,6],[8,4],[4,-1],[10,6],[8,10],[6,3],[8,0],[20,13]],[[54434,32934],[-17,-6],[-1,-4],[6,-35],[25,-44]],[[54447,32845],[-114,-41],[-36,-10],[-43,-16],[-32,11],[-43,27],[-17,-10],[37,-25],[-16,-8],[2,-2],[-8,-3]],[[54120,32858],[37,38],[-4,5],[-10,2],[5,8],[7,0],[5,14],[7,-2],[4,3]],[[54171,32926],[8,6],[-1,3],[15,0]],[[54193,32935],[2,-1],[44,10],[3,-8],[5,-1],[-1,-12],[12,7],[13,3],[94,-5],[45,3],[14,7],[10,-4]],[[53936,33833],[17,-2],[2,6],[17,-2],[0,-6],[85,-9],[0,-8]],[[54057,33812],[-86,4],[5,-11],[-44,-19],[-59,-33],[-67,-28],[-41,-13],[-28,-6],[-49,-1],[16,-23],[-30,-8],[8,-13],[18,-16],[6,-14],[-6,-21],[-36,-6],[16,-25],[-48,-11],[-35,-13],[2,-4],[6,1],[-3,-5],[-26,-3],[5,-28],[28,-51],[-173,-99],[-84,-19]],[[53352,33347],[-16,1],[-9,4],[-3,11],[-10,9],[0,11],[-13,7],[-13,-2],[-5,2],[-15,23],[-1,27],[-9,9],[-1,29],[-7,8],[4,62],[19,67],[39,72],[26,44],[49,58],[49,65]],[[54301,34369],[60,-3],[-2,-2],[9,1],[2,-5],[42,-12],[17,-3],[7,-5],[45,-11],[32,-1],[26,-38],[3,-19],[24,-20]],[[54566,34251],[-135,-81],[-107,47],[4,3],[-12,6],[-34,-13]],[[54398,32528],[-50,-9],[-6,-4]],[[54342,32515],[-6,5],[-10,-4],[-12,11],[-60,-10],[2,-4],[-49,-9],[-3,2],[-20,-7],[-12,0]],[[54172,32499],[0,7],[-8,-1],[-2,11],[-15,19],[-56,66],[-8,-2],[-4,6],[-3,-2],[-96,52],[-74,55]],[[54195,32758],[76,-71],[33,-6],[24,1]],[[54447,32845],[27,-41],[20,-21],[-88,0],[-52,-7],[38,-32],[3,2],[21,-11],[-7,-5]],[[53425,33295],[224,5]],[[53649,33300],[-5,-9],[2,-14],[-27,-3],[-6,6],[-1,-3],[-14,-2],[17,0],[1,-5],[-5,-3],[4,-3],[-25,-3],[13,-2],[7,-13],[-10,0],[6,-4],[-6,-2],[-17,-1],[-26,6],[-35,17],[-17,2],[9,2],[-29,11],[-34,10],[-14,1],[-12,7]],[[54337,33268],[12,-2],[7,-10],[14,-2],[21,1],[14,-2],[10,-5],[9,-11]],[[54424,33237],[-59,-16],[0,-11],[11,-13],[32,-13],[-7,-6],[3,-1],[-23,-20],[4,-3],[-14,-12],[-9,-15],[-4,-21],[-21,-22],[8,-9],[4,1],[38,-18],[23,14],[36,-10],[-27,-22],[23,-8]],[[54442,33032],[-24,-14],[-54,-41],[10,-12],[-13,-3],[-3,6],[-21,14],[-33,11],[-19,16],[-30,-18],[-33,-39],[-29,-17]],[[54171,32926],[-27,8],[32,18],[-51,59],[-88,-11],[-28,-12]],[[53647,33155],[2,4],[-20,46],[13,7],[2,11],[6,4],[-12,12],[2,8],[-18,16],[3,10],[25,3],[-3,15],[7,17]],[[53654,33308],[40,7],[-13,21],[16,6],[55,-11],[33,-13],[34,-18],[17,-5],[237,-124],[52,-32],[43,12],[30,3],[10,-1],[3,8],[11,5],[1,7],[19,8],[19,14],[16,23],[30,15],[-7,5],[37,30]],[[54733,34801],[5,-5]],[[54738,34796],[-15,-4],[-11,7],[21,2]],[[54697,34836],[35,-33]],[[54732,34803],[-24,-2],[-11,9],[-8,0],[-24,-14],[-11,10],[-14,4],[-22,12],[-4,10],[2,7],[5,2],[10,-2],[1,-4],[3,5],[13,0],[7,1],[5,-3],[-1,5],[15,-12],[-7,9],[12,1],[9,-5],[2,4],[3,-5],[4,1]],[[54686,34846],[8,-7]],[[54694,34839],[-3,2],[-24,0],[-6,3],[1,6],[15,-4],[9,0]],[[54676,34855],[8,-7]],[[54684,34848],[-9,0],[-18,7],[0,5],[12,-6],[7,1]],[[54739,34796],[28,-27],[-23,-10],[-32,-42],[4,-7],[41,-21],[12,-2],[22,1],[-8,-5],[9,-7],[4,-14],[-2,-30],[-33,-51],[24,-11],[28,-27],[18,-41],[-12,-7],[-9,-15],[-56,-23],[-17,-13]],[[54737,34444],[-75,9],[-27,9],[-47,0],[-85,-11]],[[54449,34785],[24,2],[-20,1],[16,26],[6,32],[16,6],[59,11],[39,-1],[9,-8],[-7,-13],[3,-8],[-7,2],[-15,-3],[21,0],[3,-13],[-19,-4],[-31,-1],[-17,-6],[26,5],[17,0],[3,-1],[19,3],[20,-2],[13,-7],[-8,-3],[-19,5],[-2,-4],[5,-1],[-1,-4],[-26,-9],[26,8],[3,4],[-6,3],[15,-1],[4,-4],[7,-17],[-1,10],[-4,7],[6,4],[14,-1],[12,-8],[-5,-2],[18,-5],[-5,-3],[3,-8],[-8,-15],[9,16],[-2,8],[13,3],[5,-3],[-3,-12],[4,9],[-4,6],[12,14],[12,-2],[17,-8],[-3,-4],[-11,-6],[-7,-8],[19,14],[10,-14],[-2,-21],[-13,-7],[-9,-12],[-4,-10],[-4,-8],[17,-15],[57,-18],[17,1],[4,3],[-21,-3],[-9,2],[-42,14],[-18,15],[4,17],[10,13],[14,7],[2,12],[5,-2],[9,6],[-14,-4],[-5,26],[9,2],[5,-5],[15,-10],[-21,16],[7,2]],[[55332,33094],[-16,-9],[-26,3],[-14,-2],[-37,-14],[-7,-5],[-3,-14],[22,-24],[-3,-12],[-24,-14],[-4,-9]],[[55220,32994],[0,-11],[-41,0],[-13,3],[-46,-40],[-22,-36],[-19,-10]],[[55079,32900],[-50,-4],[23,-18],[3,-7],[-11,-9],[-11,-2],[1,-11],[-35,-17]],[[54999,32832],[-48,-15],[-5,0]],[[54946,32817],[9,5],[-59,-7],[0,6],[-62,-2],[0,-2],[-61,-4],[-9,-7],[-7,8],[-67,-4],[-6,-2]],[[54684,32808],[-8,6],[-17,-39],[-5,0],[-7,-10]],[[54647,32765],[-8,0],[-1,3]],[[54638,32768],[17,55],[3,-2],[47,95],[30,40],[-15,22]],[[54720,32978],[27,-4],[10,3],[3,12],[-11,14],[22,6],[-7,10],[-7,3],[-2,14],[-7,4],[9,5],[-4,20],[-17,11],[-10,2],[-24,12],[24,10],[44,12],[2,3],[21,4]],[[54793,33119],[-7,-25],[-13,-25],[49,4],[20,-14],[10,7],[19,4],[18,2],[9,-3],[14,4],[14,0],[10,-4],[19,2],[16,-6],[20,-1],[9,-2],[44,4],[116,78],[-85,75],[14,32],[-33,20]],[[55056,33271],[8,6],[13,-6],[2,3],[8,-2],[2,1],[11,-4],[7,1],[-2,-4],[21,0],[6,-4],[10,1],[16,-7],[45,0],[21,3],[7,-4],[6,5],[5,-4],[6,3],[2,-4],[5,3],[9,-5],[24,6],[5,-1],[8,3],[8,-3],[7,3],[32,-11],[44,-4],[5,-5],[-27,-4],[-7,-6],[-29,-39],[-43,-31],[41,-67]],[[54638,32768],[-16,3],[-52,-5],[-24,-16],[2,-2],[-41,-28],[4,-23],[8,-14]],[[54519,32683],[1,-2]],[[54434,32934],[48,-18],[32,14],[12,-10],[49,18],[40,-27],[27,18],[55,56]],[[54697,32985],[10,-1],[13,-6]],[[54737,34444],[-85,-89],[8,-15],[-23,-19]],[[54637,34321],[-19,-13],[-40,-50],[-12,-7]],[[54813,33432],[7,-10],[16,-8],[5,1],[4,-6],[8,4],[2,-3],[9,1],[6,-3],[-3,-12],[10,1],[6,-4],[-5,-1],[0,-5],[6,-2],[1,-7],[9,-6],[-2,-9],[7,-9],[4,0],[13,-11],[8,1],[12,-7],[11,0],[11,-5],[10,-11],[2,-17],[25,-16]],[[54995,33288],[-10,-6],[-63,-22],[-58,-13],[-21,2],[-35,-13],[-8,9],[-10,7],[-11,1],[0,4],[-10,1],[0,-2],[-9,6],[-12,-4],[17,-53],[15,0],[0,-4],[14,3],[19,-8],[-18,-31],[-2,-46]],[[54697,32985],[-3,-1],[-11,14],[-40,10],[-38,6],[-74,5],[-85,16],[-4,-3]],[[54424,33237],[19,-7],[34,-22],[8,-9],[31,1],[5,5],[12,2],[29,15],[38,6],[0,10],[11,29],[-3,19],[-35,23],[-34,60],[-23,18],[0,10],[-15,22],[-19,10],[-19,19],[1,13],[10,19],[39,15],[17,0],[1,-3],[10,-1],[1,-4],[42,7],[15,-7],[7,0],[3,-6],[27,-4],[6,-3],[19,0],[11,4],[16,0],[39,-17],[30,1],[24,-14],[6,-14],[7,-2],[2,2],[17,-2]],[[54057,33812],[-8,-80],[-13,-3],[3,-37],[-92,-5],[-73,-30],[-8,-7],[-4,-23],[17,-30],[-9,-27],[14,-27],[-1,-12],[-17,-28],[-49,-49],[-9,-4],[16,-2],[8,-5],[-4,-13],[8,-4],[7,1],[15,11],[6,1],[8,-2],[12,-13],[1,-6],[-6,-7],[5,-3],[17,1],[14,6],[12,-11],[23,-6],[9,9],[17,7],[10,0],[10,-9],[20,9],[10,-9],[43,-14],[8,-9],[21,3],[9,-9],[16,-2],[1,-20],[16,-5],[11,6],[7,-5],[10,-2],[-2,-11],[11,-10],[25,-4],[10,2],[32,-8],[4,-9],[12,-7],[29,-6],[3,-7],[12,-2],[4,-9],[17,0],[12,-9]],[[53654,33308],[6,15],[-20,21],[-4,-1],[20,-20],[-7,-23]],[[53425,33295],[-33,30],[-38,22],[-2,0]],[[54995,33288],[6,3],[6,0],[26,-10],[20,-4],[-1,-4],[4,-2]],[[54224,31771],[41,-74]],[[54265,31697],[-17,-6],[-24,8],[5,-8],[-3,-7],[-39,-14],[-17,-4],[-27,1],[0,-4],[-53,-4],[0,-19],[27,-1],[6,-30],[-61,-18],[-8,-6],[-50,25],[-31,10],[-72,17],[-52,20],[-203,126]],[[53646,31783],[30,7],[39,2],[49,-4],[5,9],[21,-1],[27,-7],[30,10],[55,24],[4,-2],[6,3],[-4,2],[23,11],[32,2]],[[53963,31839],[9,1],[2,-3],[24,0],[18,6],[19,-10],[26,1],[30,-5],[8,-6],[4,3],[9,-9],[9,1],[26,-10],[35,-19],[29,-10],[8,-9],[5,1]],[[53686,32272],[58,-19],[2,-2],[-16,-10],[13,-3],[24,-18],[30,-12],[28,-21],[40,-6],[81,10],[20,-3],[40,-12],[25,-13],[17,0],[1,-5]],[[54049,32158],[-7,-22],[-4,-3],[-9,2],[-1,-4],[-7,-2],[-33,-41],[-42,11]],[[53946,32099],[-119,31],[-62,-3],[-65,18],[-4,-5],[2,-5],[-41,-2],[-5,-12],[6,-10],[-30,-2],[9,-13],[-31,-10],[-9,10],[-20,-7],[10,-9],[-48,-15],[-16,-3],[-89,-36]],[[53434,32026],[-10,24],[-16,74]],[[53408,32124],[-4,49],[8,21],[15,21],[19,17],[28,17],[75,29]],[[53549,32278],[45,12],[27,2]],[[53621,32292],[31,-4],[24,-8],[10,-8]],[[54193,32017],[-45,-9],[-8,0],[-15,7],[-5,0],[-3,-4],[-6,1],[-14,-9],[-3,-14],[-5,2],[-8,-1],[-7,-8],[3,-4],[5,1],[4,-6],[9,1],[3,-18],[-18,-2],[1,-4],[-16,-6],[3,-20],[-28,2],[-1,-4],[-25,1],[-2,-5]],[[54012,31918],[-21,38],[-55,9]],[[53936,31965],[1,1],[-39,2],[-2,7],[14,40],[0,2],[-8,-2],[-7,14]],[[53895,32029],[7,4],[-2,4],[17,10],[18,1],[9,10],[-30,2],[32,39]],[[54049,32158],[84,5]],[[54133,32163],[15,-25],[-5,-4],[-15,-1],[0,-2],[27,-2],[17,-21],[6,-13],[-7,-2],[9,-49],[-4,0],[0,-7],[6,0],[-3,-3],[6,-2],[1,-4],[7,-11]],[[54301,31858],[6,-1],[50,-44],[24,-12],[7,-1],[23,6],[47,-37],[3,-8],[7,1],[42,-36],[55,-55],[-11,-7],[10,1],[10,-16],[6,-2],[8,-11],[17,-13],[38,-56],[13,-29]],[[54656,31538],[-9,-3],[-29,-25],[-26,-13],[-23,-8],[-46,-5],[-11,16],[-21,10],[-1,-3],[-19,-5],[1,-3],[-6,0],[0,-3],[-88,-22],[-7,-8]],[[54371,31466],[-63,150],[-43,81]],[[54224,31771],[-25,49],[58,10],[4,3],[6,30],[18,1],[5,-5],[11,-1]],[[54371,31466],[76,-183]],[[54447,31283],[-44,6],[-77,16],[-25,-14],[-66,-27],[-31,-11],[-56,-11],[-15,-11],[-55,9],[-26,-9],[-7,-5],[-19,9],[-21,-15],[-35,11]],[[53970,31231],[-7,2],[-8,-6],[-50,22],[0,13],[-18,25],[-8,3],[-23,-2],[-4,6],[4,2],[-6,4],[-34,7],[-22,21],[-3,12],[-27,-3],[-81,-15],[-44,29],[-39,18],[-42,15]],[[53558,31384],[-7,132],[7,31]],[[53558,31547],[88,236]],[[53895,32029],[-4,8],[-10,-1],[0,-4],[-23,-4],[-9,24],[-36,2],[-1,-6],[-9,-7],[-39,1],[-34,-7],[4,-11],[-18,-5],[-6,7],[-49,-18],[-29,-7],[24,-21],[-10,-20],[-1,-7],[4,-3],[-50,-15],[9,-9],[-47,-13]],[[53561,31913],[-25,29],[-80,56],[-22,28]],[[54940,31316],[-28,-21],[-76,40],[-67,-45]],[[54769,31290],[-27,-21],[-21,7],[-30,3],[-34,-1],[-17,-8],[-14,5],[-37,-8],[-25,-8],[7,-4],[-8,-3],[-10,5],[-21,2],[-28,10],[-51,10],[-6,4]],[[54656,31538],[5,-11],[50,-42],[11,-18],[5,1],[14,-18],[6,-1],[6,3],[6,-6],[1,3],[5,-5],[4,0],[62,-56],[70,-52],[39,-20]],[[53329,31932],[-26,-3],[-57,-14],[4,-8],[-9,-6],[6,-8],[-3,-2],[7,-4],[-6,-8],[7,-23],[-7,-16],[7,-14],[-7,-5],[55,-52],[-12,-4],[-2,-8],[4,-4],[-64,-10],[-8,-12],[4,-9],[-10,-13],[-3,0],[2,-8],[-38,-9],[-14,-12],[-5,-8],[3,-9],[-5,-4],[-43,-2],[-21,34],[-16,8],[-10,-3]],[[53062,31696],[-4,6],[-6,-2],[6,5],[-9,5],[3,6],[-23,14],[-11,20],[1,9],[-6,9],[14,7],[-6,18],[6,5],[-9,16],[-27,-9],[-33,-5],[-90,10],[-37,1],[-3,8],[8,2],[-1,3],[-28,-6],[-3,3],[2,14],[-7,5],[0,35],[15,15],[15,7],[0,7],[10,12],[-2,8],[-8,8],[-6,1],[3,9],[-4,1],[11,16],[-7,9],[-7,-1],[-21,11],[11,5]],[[52809,31983],[44,-1],[31,4],[76,27],[4,-7],[16,-9],[25,8],[12,11],[17,0],[18,9]],[[53052,32025],[10,-7],[24,0],[11,-3],[36,8],[33,-2],[20,2],[11,7],[3,-1],[2,5]],[[53202,32034],[65,-51],[18,-6],[24,-1],[20,-44]],[[53136,31176],[-4,-2]],[[53136,31176],[0,0]],[[53119,31167],[-45,-24]],[[53074,31143],[-25,10],[-1,4],[9,-2],[6,5],[10,1],[-15,1],[-3,-6],[-4,2],[5,8],[5,2],[8,-3],[34,2],[-38,-1],[-5,3],[6,7],[25,3],[0,-6],[28,-6]],[[53132,31174],[-12,-6]],[[53120,31168],[-28,6],[7,4],[-7,3],[6,6],[27,-3],[7,-10]],[[53160,31189],[-21,-11]],[[53139,31178],[-6,0],[-7,8],[-20,3],[7,8],[18,0],[14,-9],[-12,8],[27,-7]],[[53558,31384],[-14,5],[-22,-17],[-16,5],[-22,-16],[-6,-12],[-20,-11]],[[53458,31338],[-79,-32],[-172,-92]],[[53207,31214],[-1,-1]],[[53206,31213],[-37,-19]],[[53169,31194],[-6,4],[0,6],[-12,7],[11,1],[4,3],[-5,8],[19,-1],[8,6],[-11,-5],[-1,1],[-17,-1],[5,-9],[-15,-2],[-4,-3],[-27,3],[-13,-3],[-7,1],[2,6],[-4,-3],[5,-6],[-17,-4],[-18,2],[2,5],[17,5],[7,7],[24,3],[11,15],[-14,-14],[-14,-1],[-8,-2],[-15,-7],[-10,-2],[-9,-12],[-25,-13],[-25,1],[-18,7],[-3,6],[6,6],[-8,4],[10,4],[-15,-1],[-9,-4],[-24,-1],[-7,1],[-8,7],[-5,9],[13,-7],[0,17],[-11,16],[17,-5],[-30,15],[-2,13],[11,-6],[-11,9],[-9,16],[5,4],[18,-3],[2,-10],[1,12],[6,-3],[3,7],[17,-3],[1,-8],[-1,-19],[4,22],[2,8],[-2,2],[15,-8],[-12,9],[5,2],[-3,5],[9,-1],[12,-8],[-6,-7],[8,6],[6,-8],[-16,-11],[12,6],[8,-1],[-5,-7],[6,3],[-2,-8],[-6,-5],[0,8],[-5,-15],[-12,-4],[-11,-9],[4,1],[1,-8],[11,-7],[-10,15],[16,7],[4,-13],[-2,14],[10,11],[7,2],[8,-7],[2,-15],[4,-3],[7,0],[9,-8],[11,-1],[3,3],[-14,-1],[-6,7],[-12,3],[-2,15],[-8,11],[4,12],[-10,16],[14,-6],[-1,-10],[6,-17],[1,5],[4,-3],[0,-13],[5,-6],[16,1],[-19,5],[0,13],[-7,6],[-4,11],[5,5],[10,-8],[18,-6],[10,-6],[-1,-7],[3,1],[5,-4],[18,-4],[1,-5],[4,3],[-4,2],[13,-1],[-31,6],[33,4],[46,0],[-15,1],[20,11],[14,-2],[2,-6],[12,-3],[15,-9],[14,-4],[20,-4],[-12,4],[-6,0],[-8,4],[-7,0],[-17,10],[6,3],[-12,-2],[-5,3],[1,5],[10,3],[-3,8],[17,2],[-10,1],[-8,-3],[2,-6],[-8,-4],[-22,3],[7,10],[10,0],[3,5],[-7,-4],[-4,0],[5,5],[-12,-1],[8,-1],[-6,-5],[-7,-10],[-13,-8],[-10,-2],[-40,1],[15,5],[6,6],[-7,-2],[-1,-4],[-13,-4],[-28,12],[18,3],[-22,1],[14,10],[43,1],[-42,0],[-2,3],[21,1],[-21,0],[-11,-13],[-11,2],[-14,22],[9,-2],[2,-4],[7,2],[20,-2],[21,6],[-23,-5],[-22,2],[-3,3],[-6,0],[-5,3],[31,3],[3,2],[12,3],[45,-3],[-11,5],[1,6],[14,-2],[19,-13],[36,-1],[-34,2],[-35,22],[3,4],[-4,3],[7,3],[-8,6],[27,3],[-21,-1],[-7,-3],[7,-4],[-2,-2],[-13,1],[-31,-3],[-21,10],[1,3],[9,-4],[13,3],[9,-2],[15,9],[-17,-8],[-7,2],[-10,-3],[-12,4],[7,3],[22,3],[41,14],[-10,-1],[-34,-13],[-19,-2],[5,5],[-15,-9],[-26,3],[9,2],[-8,0],[6,5],[11,1],[51,14],[-56,-14],[-6,1],[11,4],[-3,1],[14,6],[6,3],[-19,-8],[23,11],[-16,-5],[-17,-11],[-8,-9],[-6,-1],[-9,1],[-17,13],[10,3],[3,7],[16,-1],[14,5],[12,-1],[-13,3],[-10,-5],[-16,2],[3,3],[-10,-4],[-2,-7],[-18,-3],[-9,-4],[-7,1],[3,4],[18,6],[-9,0],[-7,-5],[-8,1],[5,5],[34,13],[-20,-6],[-16,-8],[-5,8],[15,5],[24,5],[-18,-2],[-8,-3],[21,11],[5,8],[-19,12],[-4,11],[-22,28],[4,22],[10,7],[15,1],[17,-12],[18,-1],[28,-14],[11,-12],[23,-7],[7,-5],[5,-6],[-1,-7],[7,-12],[-7,23],[40,-13],[34,-21],[10,-12],[16,-7],[26,-21],[21,-9],[31,-30],[2,-8],[2,3],[-1,6],[-28,27],[-49,35],[-10,3],[-26,22],[-21,12],[-45,15],[-15,8],[3,4],[-70,45],[-36,14],[-30,19]],[[52933,31546],[29,10],[21,11],[-19,11],[36,13],[34,4],[23,9],[8,9],[7,3],[35,6]],[[53107,31622],[21,-11],[38,-14],[22,-15],[32,9],[1,3],[62,-16],[42,-15],[-2,-5],[21,-11],[44,-10],[7,13],[-19,4],[-9,13],[12,1],[43,13],[14,-14],[15,-5],[44,13],[12,-2],[3,-3],[7,1],[1,3],[36,-13],[4,-14]],[[52287,31894],[10,-9],[-3,-6],[-13,4],[3,4],[-8,-1],[-10,7],[6,0],[4,6],[11,-5]],[[52135,31960],[34,-26],[-20,9],[-7,0],[-20,18],[13,-1]],[[52101,31968],[6,-5],[-24,10],[-19,15],[-4,6],[2,8],[-5,7],[2,2],[24,-22],[23,-18],[-5,-3]],[[52902,32258],[4,-4],[19,-14],[-7,-8],[-12,-5],[17,-16],[-11,-10],[17,-8],[-3,-10],[49,-39],[16,-16],[-30,-3],[-3,-14],[28,-21],[-4,-2],[4,-4],[4,1],[14,-19],[17,-13],[-2,-1],[20,-13],[-9,-3],[22,-11]],[[52809,31983],[-12,6],[-8,9],[-11,-6],[-3,2],[-7,-6],[-76,51],[-59,-32],[-48,-7],[-26,-23],[-27,0],[-20,-5],[-18,1],[-6,-37],[4,-27],[6,-6],[16,5],[6,-2],[18,-20],[10,-20],[-51,-2],[-20,-3],[-50,-1]],[[52427,31860],[-25,19],[-10,19],[-20,7],[-8,13],[-28,11],[-10,9],[-13,2],[4,20],[-3,13],[-3,4],[-13,2],[-2,15],[14,18],[25,8],[-4,10],[3,6],[27,-2],[41,17],[126,76],[12,15],[9,5],[22,4],[48,20],[260,78],[13,6],[-7,2],[3,2],[5,-3],[9,2]],[[53408,32124],[-176,-34],[-10,9]],[[53222,32099],[-17,15],[-32,75],[-38,61],[-23,50]],[[53112,32300],[124,39],[24,-1],[28,7],[21,8],[17,15],[19,3],[48,23]],[[53393,32394],[28,-35],[78,15],[3,-26],[28,-67],[19,-3]],[[54034,32329],[-30,-13],[-62,-17],[-74,13],[-27,-21],[-47,-25],[7,-6],[-30,10],[-82,6],[-3,-4]],[[53621,32292],[36,21],[-7,5],[25,10],[24,1],[16,-2],[26,0],[15,8],[31,7],[-5,4],[14,7],[-5,1],[-9,10],[16,5],[-16,16]],[[53782,32385],[24,-4],[35,2],[6,-2],[3,-10],[19,2],[16,-15],[41,13],[27,11],[-6,8],[15,5],[21,4]],[[53983,32399],[-14,-3],[-1,-3],[28,-42],[22,-24],[23,5],[-7,-3]],[[53222,32099],[-45,-16],[2,-7],[9,-4],[-8,-11],[1,-7],[21,-20]],[[52902,32258],[142,25],[68,17]],[[53782,32385],[-28,21],[26,14],[21,7],[-10,8],[-42,19],[-28,31],[13,4],[-12,2],[-13,-2],[-39,-16],[-10,12],[37,11],[14,7],[0,11]],[[53711,32514],[117,14],[13,2],[17,10],[11,-1],[-1,-4],[11,-12],[25,-12],[2,-7],[17,-18],[6,-2],[17,2],[-22,-6],[18,-49],[20,-28],[11,-5],[10,1]],[[53936,31965],[-6,-12],[-29,-20],[-45,-18],[-154,-21],[-43,-13],[-55,-2],[-32,-5]],[[53572,31874],[-11,39]],[[53572,31874],[6,-26],[15,-24],[21,-20],[32,-21]],[[53107,31622],[-13,10],[-22,9],[-54,38],[37,6],[-5,7],[12,4]],[[53329,31932],[17,-39],[11,-11],[47,-15],[57,18],[77,-13],[34,2]],[[54012,31918],[31,-34],[-49,-6],[-3,-20],[-29,-12],[1,-7]],[[54193,32017],[3,-5],[-8,-3],[11,-15],[8,0],[-16,-4],[17,-30],[13,-14],[20,3],[22,-21],[-2,-2],[-29,-6],[11,1],[4,-3],[-8,-3],[3,-4],[45,-37],[13,-15],[1,-1]],[[54034,32329],[-10,-4],[2,-9],[68,-61],[23,-52],[-16,-10],[9,0],[4,-5],[-5,-4],[15,-3],[9,-18]],[[53393,32394],[80,35],[17,13],[62,29],[18,4],[106,33],[35,6]],[[52933,31546],[-1,1],[-99,74],[-17,6],[-43,26],[-18,6],[-12,0],[-47,21],[-59,47],[-8,2],[-72,69],[-14,2],[-15,8],[-14,13],[-46,5],[-25,23],[-16,11]],[[61738,35756],[-4,-4],[-10,3],[-2,-4],[7,-4],[-19,-6],[-3,-6],[17,-7],[-8,-2],[4,-4],[-26,-7],[-9,-7],[-14,0],[-2,-19],[-11,-10],[8,-1],[14,-24],[20,-8],[-13,-5]],[[61687,35641],[-50,14],[-24,-2],[-4,5],[-9,0],[-39,7],[-15,0]],[[61546,35665],[17,14],[6,12],[-4,25],[-18,17],[0,13],[5,9],[9,0],[16,11],[14,4],[-19,7],[25,32]],[[61597,35809],[1,2],[14,-4],[37,19]],[[61649,35826],[20,-39],[-12,-10],[9,-5],[16,3],[42,-7],[14,-12]],[[62003,36005],[6,-6],[43,-6],[52,-4],[7,4],[6,-4],[23,6],[24,-2],[7,2],[4,-2],[4,3],[22,1],[5,2],[9,-4],[8,1],[7,-3],[17,2],[6,-3],[23,2],[4,-2],[6,3],[10,-1],[36,5],[46,-1],[22,5],[15,-7],[4,-20],[14,-9]],[[62433,35967],[42,2],[20,4],[65,-41],[18,13],[46,22],[157,-128]],[[62616,35717],[4,13],[12,9],[-1,17],[-4,4],[5,12],[-5,7],[20,4],[134,56]],[[62616,35717],[-74,20],[-31,-4],[-13,2],[-31,-10],[-86,8],[-17,-1],[-21,-6],[-37,0],[-87,30],[-28,6],[-8,-1],[-20,3],[-37,19],[-28,4],[-40,-6],[-17,-17],[-10,-2],[-9,-11],[-18,-3],[-11,2],[0,-3],[-6,1],[-6,-2],[-5,2],[-28,-10],[0,2],[-14,3],[-4,-2],[-5,7],[-8,-2],[-18,6],[-7,-2],[-8,2],[-6,-1],[-12,2],[-5,5],[-6,-2],[3,-2],[-10,-3],[1,9],[-6,-2],[-8,3],[2,3],[-7,2],[-6,-4],[-20,3],[-14,-4],[-6,-6],[-13,2]],[[61771,35757],[-4,0]],[[61767,35757],[27,66],[-15,29],[14,3],[-27,8],[-1,16],[29,1],[-3,6],[-19,0],[8,13],[-12,5],[-16,13],[17,11]],[[61769,35928],[45,-13],[23,-3],[5,5],[30,-9],[-5,-17],[31,30],[66,45],[15,17],[9,4],[-6,15],[-7,4],[-7,10],[17,-1],[18,-10]],[[61784,35578],[-13,2],[-50,21],[-34,40]],[[61738,35756],[11,-2],[18,3]],[[61771,35757],[-1,-15],[-4,-4],[4,-4],[5,5],[12,-4],[0,-7],[26,-13],[13,4],[15,-6],[-6,-10],[5,-8],[-14,-9],[-5,2],[-7,-11],[55,-22],[25,-8],[-26,-14],[13,-14],[-54,-22],[-36,-21],[-7,2]],[[62578,35330],[20,15],[18,29],[-20,32],[14,46],[-7,19],[7,28],[-3,37],[-9,19],[-35,22],[-13,29],[9,11],[31,20],[16,15],[31,9],[24,18],[-9,14],[-33,12],[-5,6],[2,6]],[[62195,35087],[18,20],[15,5],[25,15],[10,15],[22,20],[36,10],[2,4],[30,4],[7,4],[-7,11],[8,4],[28,-8],[10,8],[22,-6],[7,-7],[6,3],[5,10],[25,7],[1,7],[13,4],[-10,15],[12,-1],[5,3],[21,25],[-2,13],[-7,5],[1,17],[28,16],[42,13],[10,7]],[[62195,35087],[-59,45],[-57,25],[-35,9],[-28,4],[-2,-2],[-43,9],[-65,-5],[-15,14],[-90,31]],[[61801,35217],[-32,9],[-24,3],[-50,0],[-69,-9],[-5,15],[-20,27],[-45,46],[-24,16],[6,5]],[[61538,35329],[30,24],[5,-6],[54,-15],[13,28],[-7,34],[6,49],[22,42],[17,6],[-4,10],[19,10]],[[61693,35511],[35,6],[18,11],[8,1],[22,20],[0,11],[8,18]],[[61421,35621],[-1,-3],[-12,1],[-2,-21],[11,1],[3,-14],[-25,-36],[40,-2],[77,13],[20,-1],[7,10],[15,-2],[21,3],[9,8],[29,-8],[11,2],[23,-23],[17,-9],[3,-11],[26,-18]],[[61538,35329],[-7,-5],[-25,17],[-37,18],[-27,20],[-21,-14],[-19,-7],[-2,-5],[-17,-14],[7,-5],[-3,-3],[-18,-2],[-23,-10],[-10,4],[-39,-8],[25,-6],[13,-10],[-4,-9],[-23,-12],[-13,-12]],[[61295,35266],[-15,-4],[-26,0],[-38,14],[-29,-3],[-32,15],[-20,-5],[-15,-8],[-19,11],[4,4],[-7,13],[-55,28],[-19,20]],[[61024,35351],[54,10],[-1,12],[7,6],[13,2],[57,-4],[18,4],[35,16],[20,-4],[35,0],[20,28],[-7,15],[3,7],[-7,12],[-25,23],[-18,8],[-11,14],[-16,6],[-13,10],[1,8],[17,19],[-20,16],[-20,11],[-53,4],[-17,13]],[[61096,35587],[105,37],[37,-14],[-9,-10],[28,-2],[-1,-5],[15,-7],[13,7],[42,9],[-31,39]],[[61295,35641],[57,8],[8,-12],[8,-1],[2,4],[9,-4],[1,5],[28,-12],[15,-2],[-2,-6]],[[61546,35665],[-11,-5],[-35,-4]],[[61500,35656],[-5,6],[9,6],[-37,23],[10,10],[1,8],[7,5],[-1,8],[-9,-2],[-47,35]],[[61428,35755],[-15,13],[-28,8],[4,19],[-22,7],[-20,3],[-10,12],[1,7],[15,8],[-11,15],[10,11]],[[61352,35858],[100,35],[17,3]],[[61469,35896],[2,-6],[-5,-6],[-7,-4],[-16,-3],[5,-6],[35,-23],[9,0],[20,-6],[7,14],[13,0],[11,4],[25,-16],[3,1],[26,-36]],[[61306,35697],[7,-7],[-25,-4]],[[61288,35686],[-13,2],[-16,5],[-31,2],[-16,6],[-24,1],[15,12],[-7,3],[-9,-4],[-20,3],[-28,11],[3,3],[-5,4],[-29,-13],[-53,2],[-24,-3],[-15,4]],[[61016,35724],[1,10],[-7,0],[-4,3],[8,1],[-6,16],[-6,0]],[[61002,35754],[80,8],[36,2],[26,-2],[24,-7],[28,0],[5,6],[12,-4],[18,13],[23,6],[75,-56],[-17,-12],[-7,0],[-3,-7],[4,-4]],[[61016,35724],[-11,-1],[-11,3],[-13,-1],[-12,3],[-34,-1]],[[60935,35727],[-3,2],[-19,-1],[-1,7],[-37,-1],[-34,43],[-44,-6],[5,13],[15,11],[8,1],[-3,3],[7,11],[-8,14],[2,12],[-12,13],[4,7],[-3,2],[4,31],[-5,9]],[[60811,35898],[18,4],[5,-8],[18,7]],[[60852,35901],[2,-3],[15,7]],[[60869,35905],[9,-14],[10,2],[51,-36],[31,-9],[-30,-10],[-8,-5],[1,-22],[11,-9],[-21,-6],[19,-3],[11,2],[11,-9],[-8,-3],[10,1],[20,-13],[10,-7],[6,-10]],[[60935,35727],[14,-7],[36,-30],[17,15],[13,-6],[5,-7],[19,-2],[-2,-7],[12,-10],[-3,-7],[8,-3],[1,-6],[14,-14],[0,-8],[5,-3],[3,-27],[19,-18]],[[61024,35351],[-38,-11],[-22,-17],[-14,-5]],[[60950,35318],[-3,3],[-104,-15]],[[60843,35306],[4,41],[-26,3],[-34,33]],[[60787,35383],[-21,17],[-36,11],[-6,9],[-7,1],[-8,10],[-5,2],[-1,4],[6,3],[-3,9],[5,7],[-6,7],[-2,18],[-4,3],[3,3],[-13,10],[-2,9],[-10,4],[1,5],[6,2],[-5,6],[8,24],[-13,37],[5,10],[18,8],[1,4],[-8,8],[-15,2],[-16,8],[-24,4]],[[60635,35628],[-3,9],[5,15],[-18,11],[-13,25],[9,4],[15,20],[-46,7],[3,7],[-5,4],[4,4],[-14,6]],[[60572,35740],[16,3],[20,-1],[23,4],[1,10],[8,7],[-2,5],[8,11],[-4,6],[3,12],[17,16],[9,4],[-1,8],[23,23],[6,0],[3,3],[17,-5],[10,1],[3,11],[24,21],[13,1],[8,5],[12,-1],[8,10],[12,1],[2,3]],[[61721,35946],[48,-18]],[[61649,35826],[64,41],[-59,29],[-25,3],[-26,-2],[-4,16]],[[61599,35913],[21,7],[23,0],[21,4],[21,10],[22,2],[2,14],[12,-4]],[[61469,35896],[130,17]],[[61288,35686],[7,-17],[-4,0],[4,-28]],[[61421,35621],[30,-11],[36,-27],[21,16],[-5,7],[9,5],[7,-6],[10,3],[12,10],[13,-5],[6,5],[-5,2],[-58,17],[-26,12],[9,2],[6,5],[14,0]],[[61306,35697],[48,10],[29,11],[27,17],[18,20]],[[61268,35924],[11,-3],[5,-6],[-4,-8],[16,-12],[4,-16],[6,-3],[37,-1],[10,-10],[-1,-7]],[[60869,35905],[15,14],[5,23],[7,9],[24,13],[40,15],[-2,-8],[-10,-1],[-8,-5],[3,-11],[7,-4],[-1,-31],[10,-8],[27,5],[8,8],[19,-11],[-9,-6],[5,-2],[-3,-9],[-6,-3],[22,-26],[7,-3],[14,5],[26,3],[23,-4],[-2,-2],[29,-8],[26,-4],[12,6],[14,2],[6,7],[2,13],[22,20],[14,1],[23,13],[30,8]],[[60635,35628],[-45,-36],[-19,-12],[-21,-5],[-14,4],[-4,-1],[-3,-8],[-11,-1],[-11,-21],[-14,-10],[-10,-13],[-20,-9]],[[60463,35516],[-22,-13],[-9,-10],[-24,-5],[-11,-9],[-17,-6],[-71,-8],[-32,8],[-20,-5],[-3,-17],[-14,-25]],[[60240,35426],[-34,11],[-9,10],[8,6],[-50,20],[10,6],[11,13]],[[60176,35492],[4,8],[-5,13],[25,10],[-13,15],[-16,57],[16,43],[-18,26]],[[60169,35664],[23,5],[5,6],[29,0],[14,6],[-1,8],[-18,9],[15,21],[29,11],[13,2],[19,-7],[11,9]],[[60308,35734],[45,-10],[15,4],[12,10],[14,1],[12,-3],[4,-10],[13,-3],[14,1],[-10,16],[-14,5],[2,9],[-6,7],[11,3],[5,7],[8,2],[82,-36],[35,-11],[9,1],[5,10],[8,3]],[[60843,35306],[-116,2],[5,-37],[8,-2]],[[60740,35269],[-6,-3],[-16,-1],[-48,13],[-14,0],[-10,-3],[-31,-4],[-20,0],[-8,3],[-30,-2],[-14,2],[-4,6],[-5,2],[-6,-2],[-7,6],[-7,-3],[-5,7],[-27,5],[-2,-4],[-13,0],[2,-7],[-19,-5],[9,-13],[-27,-7],[-4,5],[-7,-3],[6,-7],[-29,-5],[-23,-8]],[[60375,35241],[-14,22],[-5,29],[-9,20],[-8,11],[-5,1],[1,6],[-9,1],[-5,8]],[[60321,35339],[7,34],[10,7],[17,6]],[[60355,35386],[24,-18],[11,-20],[87,13]],[[60477,35361],[30,2],[44,10],[4,4],[-3,3],[46,33],[21,-8],[23,8],[21,-9],[20,8],[50,-35],[54,6]],[[60740,35269],[3,-3],[7,-45],[-24,1],[-15,-23],[18,-1],[1,-8],[-14,-1],[-21,-18],[-16,2],[-6,-10],[-38,-9],[12,-10],[-22,-9],[-13,14],[-13,-20],[-32,-15],[6,-15],[-6,-10],[-13,-7],[-55,0],[-2,-5],[-30,3],[-19,0]],[[60448,35080],[-1,3],[-24,13],[-4,7],[-28,10],[-42,20],[31,20],[-11,16],[7,3],[17,-2],[12,2],[-11,18],[26,9],[19,1],[2,-3],[7,4],[-46,19],[-27,21]],[[60348,35392],[7,-6]],[[60321,35339],[-60,-45],[-15,28],[-27,7],[-17,-2],[-7,-7],[-22,8],[-9,-1],[-6,12]],[[60158,35339],[49,5],[-6,35],[15,1],[0,6],[22,-3],[0,10],[8,-1],[-2,17]],[[60244,35409],[16,0],[2,-6],[23,3],[2,-6],[45,5],[16,-13]],[[60240,35426],[6,-1],[-12,-16],[10,0]],[[60158,35339],[-21,-1]],[[60137,35338],[-55,1],[-43,11]],[[60039,35350],[-43,24]],[[59996,35374],[8,11],[1,22],[14,7],[4,7],[15,-1],[3,9],[14,7],[0,19],[-15,9]],[[60040,35464],[11,2],[6,-2],[7,4],[1,10],[9,1],[-3,10],[27,3],[42,-9],[15,3],[8,6],[13,0]],[[60040,35464],[-9,-1],[-9,5],[14,0],[1,7],[-14,3],[-22,-2],[-4,3],[7,14],[-10,7],[15,10],[-7,13],[5,7],[-4,10],[35,12],[5,13],[-8,7],[2,5],[34,14],[-14,11],[-1,4],[6,4],[14,-2],[-7,9],[6,6],[31,-4],[-5,13]],[[60101,35632],[0,4],[10,5],[18,0],[10,4],[4,10],[13,4],[1,6],[12,-1]],[[60477,35361],[-17,7],[19,10],[-21,21],[-33,16],[-4,-4],[-19,9]],[[60402,35420],[21,17],[31,40],[29,24],[-20,15]],[[60448,35080],[-53,-52],[-86,-22],[-127,-26],[-123,-14],[-85,-29]],[[59974,34937],[-16,13],[-5,17],[-24,33],[-27,12],[8,0],[-25,79],[-8,99],[21,1],[42,-4],[10,9],[41,57]],[[59991,35253],[16,2],[40,12],[29,-15],[10,5],[17,-5],[15,19],[9,-4],[8,5],[3,-2],[28,4]],[[60166,35274],[13,-6],[7,1],[29,-14],[1,-6],[16,-7],[17,-15],[7,-2],[20,0],[-2,5],[8,1],[-2,8],[22,4],[-4,7],[41,6],[4,-9],[10,-5],[8,-1],[5,2],[9,-2]],[[60402,35420],[-54,-28]],[[60101,35632],[-15,-2],[-6,4],[-40,-15],[-33,-6],[-3,-4],[-18,-4],[0,-8],[-7,-1],[-8,-7],[-8,0],[-28,-13],[-7,0],[-6,3],[-6,12],[-8,6]],[[59908,35597],[16,8],[0,22],[15,32],[25,3],[32,-2],[35,3],[8,-1],[4,3],[-2,11],[40,5],[1,7],[-8,14],[26,8],[30,15],[-2,7],[9,29],[-5,15],[2,34]],[[60134,35810],[33,-1],[27,4],[21,-1],[7,-3],[-4,-12],[6,-5],[14,3],[23,-2],[35,8],[11,-1],[8,-19],[-2,-15],[-21,-18],[3,-6],[13,-8]],[[59908,35597],[-44,-19],[-76,-23],[-1,9],[-11,16],[-51,29],[-12,0],[-15,5],[-30,-10],[-50,3],[-15,5],[-32,2],[-13,15],[7,21],[-3,23]],[[59562,35673],[-1,14]],[[59561,35687],[31,19],[41,38],[62,30],[99,39],[105,64]],[[59899,35877],[50,31],[57,6],[12,17],[12,0],[19,7]],[[60049,35938],[28,-13],[4,-7],[-17,-19],[-34,-16],[-6,-6],[4,-18],[11,-16],[-10,-23],[17,-5],[39,2],[32,-8],[17,1]],[[59996,35374],[-13,8],[-3,-13],[-23,-8],[-10,-1],[-18,8],[-16,0],[-72,-16],[2,-10],[-71,-3],[-31,-4],[-2,3],[-5,-4],[-20,-3],[-2,3],[-12,-2],[-8,1],[3,-5],[-58,-11]],[[59637,35317],[-4,10],[-9,8],[3,1],[-13,10],[1,5],[-27,10],[1,4],[-6,1],[2,3],[-11,10],[-19,9],[-19,-1],[-4,3],[-3,-3],[-7,4],[5,8],[-8,20],[1,19],[9,12],[19,14],[9,13],[16,7],[-58,27],[-12,13],[5,6],[-4,12],[-19,9]],[[59485,35551],[-38,30],[-13,7],[-19,4],[-29,21]],[[59386,35613],[4,2],[5,-3],[12,3],[16,-1],[25,6],[47,19],[46,29],[21,5]],[[60137,35338],[4,-20],[-5,-6],[14,-14],[5,-12],[-3,-3],[14,-9]],[[59991,35253],[-15,1],[-21,9],[12,70],[18,0],[34,14],[20,3]],[[59974,34937],[-36,-11],[-26,-1]],[[59912,34925],[-19,-4],[-9,2],[-58,31],[-2,3],[7,6],[-1,5],[10,8],[2,6],[-72,30],[-65,38],[-10,3],[8,3],[5,9],[-12,65],[-49,42]],[[59647,35172],[-11,9],[-2,52],[-8,10],[-4,19],[-5,2],[5,7],[-7,18],[4,6],[8,2],[-2,6],[15,10],[-3,4]],[[61857,31292],[-4,-4],[7,-7],[-15,-7],[-3,-4],[-14,-46]],[[61828,31224],[-26,-11],[-11,0],[-14,8],[-5,6],[-6,1],[-7,-9],[-44,-22],[-15,1],[-26,-4],[-10,2],[-5,-3],[-35,-2],[-11,2],[-6,-3],[-3,4],[-26,1],[4,14],[-25,8]],[[61557,31217],[2,5],[-35,6],[0,3],[-21,-4],[-12,4],[2,8],[-4,9],[-34,13],[-14,16],[-48,0],[-16,9],[19,13],[3,13],[17,3],[2,3],[-17,19],[8,5],[5,-1]],[[61414,31341],[18,-1],[40,-15],[6,4],[8,0],[5,8],[11,3],[10,-2],[11,6],[23,1],[44,24],[27,1],[23,-10],[4,-13],[8,-7],[-1,-11],[13,-1],[5,-5],[16,-2],[5,-6],[12,-3],[16,1],[1,-5],[18,1],[30,-6],[9,1],[2,3],[18,2],[6,-3],[34,-6],[21,-8]],[[60886,29467],[12,1],[17,-6],[21,0],[20,-6],[26,-13],[26,-7],[22,1],[9,-4],[22,-14],[8,-12],[35,-14],[12,-13],[21,-10],[23,-4],[-1,-11],[24,-10],[6,-11],[-5,-7],[1,-5],[-6,-7],[-5,-1],[1,-11],[10,-3],[5,-6],[9,-1]],[[61199,29293],[7,-8],[8,-1],[9,-9],[-7,-16],[-31,-11],[-31,-6]],[[61154,29242],[-32,-5],[-33,0],[-21,-7],[-12,0],[-14,-6],[-10,0],[-10,9],[2,4],[-5,6],[-9,6],[-30,3],[-16,-1],[-4,8],[-14,8],[-28,-4],[-33,-1],[-38,-10],[-30,-2]],[[60817,29250],[0,5],[-6,4],[-24,1],[-20,6],[-4,6],[-7,2],[-3,11],[-30,16],[-20,0],[-9,-4],[-17,2],[-18,10],[-9,1],[-1,-4],[-10,0],[7,16],[13,12],[0,15],[14,9],[-9,60],[-16,9],[-10,13],[10,4]],[[60648,29444],[12,4],[47,35],[0,6],[-9,1],[-3,4],[3,12],[-4,7],[8,6],[-12,15],[-6,28],[-6,7],[14,11],[13,-7],[35,-10],[0,-4],[18,-14],[-1,-3],[11,-2],[2,-5],[10,-6],[-2,-10],[12,-17],[13,-3],[4,4],[25,-15],[10,-11],[18,-3],[14,-9],[6,3],[6,-1]],[[59111,28839],[6,-2],[-6,-5],[8,-1],[-9,-6],[1,-8],[-7,-9],[31,-14],[-4,-6],[8,-1],[-1,-5],[9,-2],[-5,-3],[8,-4],[0,-4],[-22,-7],[-8,-8],[4,-4],[-4,-4],[5,-6],[-6,-4],[2,-8],[-6,-7],[-10,-4],[-21,0],[-3,-5],[-7,1],[8,-8],[-7,-14],[9,-12],[12,-6],[8,2],[-1,-5],[6,2],[4,-7],[4,0],[36,-23],[6,0],[0,-6],[6,1],[6,-4],[7,2],[3,-5],[10,0],[0,-3],[9,-2],[12,-20],[-4,-11],[5,-3],[-10,-2],[7,-2],[-4,-4],[6,-3],[30,-6],[1,2],[30,1],[13,4],[11,-4],[15,-2],[0,-1],[30,1],[17,-7],[4,2],[5,-23],[-13,-10],[7,-4],[-1,-5],[21,-22],[21,-11],[7,1],[10,-3],[11,0],[17,-12],[43,0],[12,-11],[25,-5],[15,0],[13,-6],[3,-5],[21,-6],[11,-12],[21,-13],[4,-12],[-3,-5],[12,-4],[-2,-3],[7,-2],[4,-13],[18,-3]],[[59239,28138],[11,10],[14,2],[8,6],[-1,8],[18,2],[7,5],[14,-1],[4,-3],[10,1],[8,-6],[10,0],[24,7],[25,13],[8,0],[12,4],[16,-3],[14,2],[5,6],[64,7],[18,7],[7,-2],[11,11],[25,9],[34,23],[13,-7],[11,0],[15,-6],[41,2],[-2,8],[4,12],[-9,12],[-8,3],[6,16],[8,3],[5,8],[-3,7],[-14,5],[17,11],[2,7],[-9,11],[-13,6],[-3,5],[9,8],[-27,15],[4,9]],[[58202,28136],[8,-10],[-2,-5],[22,-15],[17,2],[8,6],[52,-5],[15,5],[17,10],[-1,9],[13,2],[5,6],[12,0],[15,5],[-12,9],[-17,7],[-5,7],[3,4],[6,1],[4,-3],[3,3],[8,-6],[24,-2],[7,5],[0,5],[15,8],[21,-4],[25,7],[4,6],[7,-12],[14,-13],[14,0],[17,-29],[19,-10],[2,-4],[31,-7],[12,0],[12,4],[16,-2],[51,-38],[18,-7],[39,-35],[29,-7],[24,-1],[2,20],[24,16],[-6,6],[2,4],[8,2],[10,11],[8,-1],[2,3],[10,4],[-9,14],[6,3],[-3,8],[6,3],[5,13],[-7,3],[2,5],[-2,3],[6,0],[-6,7],[9,3],[-5,4],[0,14],[-7,5],[5,5],[-11,4],[7,3],[-3,9],[12,12],[-6,5],[10,3],[-3,11],[-5,2],[7,4],[-7,2],[2,7],[6,1],[-2,8],[7,3],[-5,2],[8,3],[-6,7],[8,6],[11,-3],[5,-7],[17,-3],[8,-6],[26,-3],[12,-7],[13,-11],[1,-9],[9,-8],[-5,-2],[1,-9],[11,-4],[5,-5],[13,-1],[12,-8],[3,8],[55,13],[17,11],[32,0],[38,-7],[10,-12],[-1,-12],[30,1],[8,-20],[21,-15],[6,-11],[28,-11]],[[57828,28468],[-2,-24],[6,-5],[0,-9],[18,-16],[37,-23],[28,-1],[38,11],[70,5],[2,-5],[8,-5],[-4,-5],[16,-11],[6,-12],[10,-5],[-3,-5],[4,-12],[-19,-21],[14,-4],[34,-2],[25,3],[21,5],[9,0],[-17,-16],[-23,-11],[-5,-11],[7,-3],[34,7],[25,-16],[-37,-6],[-18,-16],[15,-20],[-1,-9],[10,-8],[-3,-10],[5,-9],[-18,-23],[17,-8],[9,-11],[22,-1],[13,-4],[6,-10],[15,-3],[0,-3]],[[57828,28468],[13,26],[11,7],[22,5],[22,10],[26,6],[-33,23],[3,5],[28,8],[39,3],[-3,6],[73,-13],[23,5],[41,15],[-17,12],[-21,7],[12,4],[-14,12],[11,2],[14,-2],[7,5],[8,-1],[0,30],[-4,1],[2,7],[29,-6],[9,4],[18,18],[-6,12],[30,15],[-4,7],[25,14],[17,1],[-3,5],[17,11],[28,-3],[2,-3],[9,0],[0,12],[20,3],[-2,24],[-9,-1],[1,10],[9,5],[-11,7],[17,14],[16,3],[-9,14],[-23,21],[16,5],[-19,14],[-12,3],[12,24],[15,12],[9,2],[29,19],[17,14],[19,10],[31,9],[9,6],[17,-7],[20,1],[16,-3],[6,4],[10,1],[4,2],[7,16],[11,5],[-1,2],[22,7],[5,-8],[-11,-12],[12,-26],[-13,-25],[22,-5],[-2,-3],[5,-18],[25,3],[34,13],[27,5],[-8,8],[-3,14],[19,1],[24,23],[12,7],[19,4],[8,7],[3,18],[17,2],[9,-3],[35,7],[8,-1],[14,2],[25,18],[22,3]],[[58817,29018],[3,-7],[12,-4],[3,-8],[10,-8],[19,-1],[-3,-10],[18,-1],[2,-5],[-4,-7],[4,-8],[24,-4],[12,-8],[14,-1],[-2,-9],[7,-9],[7,4],[9,-1],[-9,-9],[11,-7],[-9,2],[3,-9],[14,-5],[19,2],[5,-5],[10,5],[15,-3],[2,-2],[-8,-2],[-1,-3],[24,-2],[6,-6],[-4,-5],[9,-1],[3,-8],[19,-2],[-1,-5],[-10,0],[-2,-4],[13,-1],[10,-15],[8,-2],[12,-8],[20,3]],[[63040,31255],[-11,-19],[-8,0],[-13,-7],[10,-10],[-29,-22],[-17,-39],[31,-67],[-17,-28],[-7,-37],[-12,-14],[0,-11],[5,-2],[-6,-3],[4,-5],[-5,-1],[-4,-7],[-3,-40],[-4,-5],[-15,-7],[-14,12],[-10,-1],[1,-11],[20,-17],[-1,-4],[-16,1],[1,-3],[13,-14],[12,-1],[8,4],[5,-15]],[[62958,30882],[-45,-9],[-21,6],[-28,-1],[-9,7],[-18,4],[3,6],[-10,13]],[[62830,30908],[14,13],[1,7],[-14,22],[-2,26],[-24,49],[-27,37],[-31,5]],[[62747,31067],[-29,10],[-3,7],[-13,0],[1,6],[-16,-1],[-32,5],[-21,7],[-11,8]],[[62623,31109],[26,15],[0,10],[-16,6],[-17,12],[-13,3],[-10,7],[14,13],[18,0],[9,12],[3,15],[21,23],[-2,3],[8,6]],[[62664,31234],[7,0],[5,-4],[75,-11],[5,-5],[11,-2],[39,10],[10,4],[-5,4],[10,1],[4,5],[11,-3],[17,9],[27,7],[14,12],[15,0],[9,35],[-4,30],[23,29]],[[62937,31355],[19,-1],[21,-22],[34,-23],[16,-37],[13,-17]],[[61837,30138],[-9,-5],[10,-18],[-18,-7],[-10,-11],[-6,2],[-11,-18],[-9,1],[-3,-14],[4,-6],[-5,-6],[1,-7],[-14,3],[6,4],[-9,0],[2,6],[-23,7],[-16,-3],[-11,-12],[-4,1],[-5,-9],[-8,1],[-8,7],[-8,0],[-12,12],[-16,4],[0,7],[-6,4],[-10,-7],[-26,17],[-16,-7],[-17,-4],[-15,28],[-16,-2],[-17,3],[-81,-87],[16,-16]],[[61467,30006],[-20,-11],[-8,-1],[-49,15],[-3,0],[0,-9],[-65,1],[0,-11],[-6,-10],[-23,-20],[30,-7],[-8,-16],[-10,-10],[-12,-5],[-27,2],[19,-7],[12,-14],[1,-13],[-4,-5],[-7,-2],[-3,-7],[6,-8],[-2,-15],[23,-2],[-5,-13],[11,-27],[-32,-8],[-9,1],[-3,3],[-6,-1],[10,-34],[-3,-20],[-8,-8],[-7,-21],[-95,-1],[-80,-27],[-20,-49],[-14,6],[-16,-6],[4,-5],[-4,-5],[-31,-34],[-1,-11],[-43,-63],[4,-5],[-7,-26],[-23,7],[-4,-4],[-10,1],[-4,-4],[-7,2],[-10,-11],[-5,-16],[-7,-5]],[[60648,29444],[-12,-1],[-71,28],[-63,5],[3,14],[-51,22],[-6,-1],[-21,3],[-20,-10],[-6,2],[-12,-3],[-9,5],[-7,-1],[-3,3],[-9,1],[5,5],[-5,3],[5,21],[18,22]],[[60384,29562],[15,21],[-7,26],[-1,23],[5,20],[3,3],[15,-5],[5,4],[-22,12],[-1,5],[-20,5],[-4,16]],[[60372,29692],[10,21],[28,-2],[6,4],[23,3],[8,6],[4,-2],[15,21],[17,9],[24,7],[15,10],[17,6],[15,13],[16,8],[6,2],[4,-5],[66,24],[3,-1],[26,6],[8,33],[-30,21],[-19,7],[8,9],[-11,5],[2,5],[23,22],[30,11],[21,1],[9,7],[8,-1],[0,11],[6,8],[18,5],[-7,5],[-9,0],[-30,16],[-16,4],[-22,-8],[-35,0],[-28,-4],[11,-25]],[[60612,29954],[-27,2],[-23,-5],[-42,-9],[-18,-12],[-19,10],[-22,-22],[-18,-1],[-4,-5],[-12,8],[-2,7],[-10,7],[-39,16],[-11,-5],[-18,9],[-14,-4],[-19,2],[-20,-8],[-5,1],[-21,-4],[-19,0],[-7,4],[-22,-7],[-24,4]],[[60196,29942],[-17,6],[-15,8],[-24,-2],[-40,12],[-16,-31],[-54,-23],[-25,-18],[-2,-9],[7,-14],[-7,-14],[9,-15],[-1,-11]],[[60011,29831],[9,-15],[-2,-5],[-6,-10],[-18,-10],[-6,-19],[6,-11],[-36,-51],[15,-2],[7,-8],[22,-1],[15,3],[7,-5],[37,-3],[7,-6],[24,-4],[4,-7],[7,-1],[2,-12]],[[60105,29664],[-6,-7],[-24,-4],[-31,3],[-13,-4],[-14,0],[-6,-6],[-11,-4],[-16,4],[-19,-1],[-12,7],[-6,-1],[-21,-16],[-11,-18],[-24,-22],[-7,-1],[-15,-10],[-13,4]],[[59856,29588],[-19,9],[-8,-1],[-13,3],[-8,5],[-1,9],[-8,4],[-9,1],[-6,-5],[-7,3],[-12,-9],[-12,10],[-30,2],[-5,22],[-7,1],[-10,-2],[-3,2],[-9,-1],[-116,16],[-72,-2]],[[59501,29655],[-3,0]],[[59498,29655],[-14,22],[3,29],[31,73],[-25,44],[-2,20],[-14,11],[-5,8],[-3,29],[18,36],[-11,12]],[[59476,29939],[-5,3],[6,22],[5,7],[11,5],[18,0],[5,-3],[4,2],[52,-9],[25,0],[6,3],[0,4],[-12,6],[8,8],[12,3],[-1,3],[-9,1],[12,7],[-2,9],[-7,2],[9,3],[-4,8],[6,0],[-4,15],[5,1],[-1,8]],[[59615,30047],[54,11],[-8,28],[18,3],[23,9],[12,15],[12,6],[41,-34],[15,-8],[13,7],[19,-1],[25,2],[36,16],[2,-6],[6,0],[5,-6],[14,-3],[-2,-4],[55,14]],[[59955,30096],[83,-17],[-13,20],[5,1],[7,24],[12,6],[5,9],[29,9],[11,0],[8,-14],[12,-3],[29,-23],[23,-8],[14,-10],[11,-1],[36,-12],[13,9],[-9,7],[30,25],[10,20],[13,0],[35,38],[-3,4],[-11,2],[-7,8],[-26,6],[-2,2],[9,10],[-39,7],[12,17],[22,3],[21,9],[-12,18],[5,2],[-8,14],[2,12]],[[60282,30290],[38,3],[14,-5],[27,6],[15,-2],[5,2],[10,-4],[25,1],[1,-5],[10,-2],[25,-2],[17,4],[11,-2],[17,3],[14,-8],[4,-12],[8,-1],[2,-5],[10,-4],[8,2],[0,-3],[6,0],[39,-20],[15,2],[43,-4],[11,31],[2,37],[15,46],[-2,10],[17,13],[-2,14],[19,5],[13,-9],[5,0],[19,14],[31,1],[16,6],[9,15],[0,18],[5,11],[-15,0],[4,12],[52,25],[43,38],[43,22],[29,19]],[[60960,30562],[20,-8],[2,-5],[15,-3],[12,-7],[39,-8],[4,-3],[8,2],[4,-2],[35,-37],[37,-20],[4,-8],[32,-23],[13,-5],[2,2],[29,-11],[32,-7],[3,2],[18,-3],[10,-10],[24,-11],[20,-1],[0,-8],[37,-7],[-1,-6],[23,-3],[20,3],[13,-5],[24,-1],[8,-6],[20,-1],[4,-7],[6,-2],[53,-5],[15,-28],[23,6],[6,-1],[20,2],[20,7],[23,2],[34,-5],[10,-10],[19,-8],[13,-12],[7,-13],[11,1],[10,-8],[16,-23],[28,-19],[7,-26],[-22,-15],[-3,-15],[-9,-8],[31,-12],[11,-8],[37,-17]],[[62556,30896],[-16,-19]],[[62540,30877],[-73,-3],[-85,6],[-50,-8],[-121,-2]],[[62211,30870],[8,3],[19,3],[-1,18],[-50,24],[-6,-10],[-9,-3],[-35,11],[-29,20],[8,11]],[[62116,30947],[3,5],[-11,3],[5,9],[47,25],[19,5],[10,7],[-1,13],[23,12],[13,-22],[16,-10],[-5,-4],[25,-9],[21,-6],[12,5],[11,-6],[9,-1],[13,4],[2,5],[26,3],[2,4],[12,2],[-3,5],[7,4],[6,14],[-4,8],[3,16],[12,1],[3,-4],[7,3],[-4,9],[4,-1],[12,14],[10,-1],[15,-8],[15,4],[8,27],[12,7]],[[62471,31089],[18,-52],[20,-23],[23,-18],[-4,-2],[-22,4],[4,-5],[10,-2],[-23,-12],[-20,-3],[-11,-17],[7,-4],[-22,-12],[19,-6],[28,-17],[33,-9],[25,-15]],[[59498,29655],[3,-6],[-81,2],[-33,-2],[-87,-14],[-112,-3],[-85,3],[-35,5],[-20,-4],[-7,1],[-1,6],[-3,-17],[-21,-18],[12,-7],[-7,-10],[18,-15],[-4,-18],[16,-4],[0,-5],[7,-2],[-2,-3],[15,-10],[4,-7],[-14,-15],[-2,-12],[5,-6]],[[59064,29494],[9,-7],[-8,-14],[5,-4],[-5,-9],[-35,-5],[0,-3],[13,-2],[1,-4],[-4,-3],[-7,4],[-9,-3],[-4,-5],[9,-3],[-5,-14],[-19,-5],[-10,-7],[12,-3],[2,-14],[7,-2],[7,-10],[-4,-3],[-11,-2],[-5,-4],[-4,-11],[9,-5],[-8,-5],[19,-5],[6,-11],[-22,-10],[7,-9],[-9,0],[-3,-5],[-7,2],[-3,-8],[-8,4],[-5,-1],[5,-3],[-10,-6],[10,-2],[-4,-7],[-8,0]],[[58968,29290],[-17,-4],[-8,3],[-3,-5],[-13,4],[-2,-6],[-18,5],[-3,-2],[4,-4],[-8,-5],[-5,0],[0,7],[-8,-3],[4,-4],[-10,-6],[4,-2],[-2,-4],[-17,1],[7,-4],[-1,-6],[-16,-1],[-3,-3],[2,-7],[12,1],[5,-2],[0,-11],[-10,-9],[-6,3],[-5,-1],[-19,-18],[9,-29],[-12,-2],[-3,-16],[-12,4],[-10,-1],[-19,3],[-10,-1],[-19,-11],[-46,4],[12,-12],[-13,-19],[5,-10],[-24,-4],[1,-9],[-8,-1],[-12,-12],[-1,-30]],[[58670,29061],[-53,-11],[-47,-15],[-13,-7],[-77,-22],[-4,1],[-2,10],[9,12],[-18,21],[1,14],[12,12],[3,9],[-2,21],[-16,29],[11,16],[-3,16],[6,17],[-15,3],[5,5],[-27,1],[-33,9],[-29,28],[-16,-3],[-8,6],[-21,0],[-25,3],[4,12],[-14,10],[2,7],[-11,6],[2,12],[-9,6],[5,6],[-14,1],[-7,5],[-13,-1],[-16,2],[-17,11],[-7,-1],[-22,18],[-49,25],[-10,15],[-2,18],[7,4],[-3,2],[5,4],[-8,17],[-7,3],[1,11],[6,5],[10,0],[23,14],[17,5],[5,8],[15,5],[-5,6],[-18,5],[-35,-6],[-30,16],[-11,2],[-23,-2],[-26,1],[-23,-8],[-1,-3],[-17,8],[-16,-2],[-12,3],[-27,21],[-15,5],[-16,9],[-15,2],[-7,17],[11,16],[-1,5],[-19,9],[-13,-3],[-16,2],[-11,-4],[-11,-19],[-15,-6],[-16,5],[-10,-1],[-14,-13],[-23,-2],[-38,-19],[-8,-10],[-22,9],[-32,7],[-2,-3],[-27,2],[2,-13],[-28,-4],[-52,27],[-16,0],[18,25],[-26,11],[-53,3],[-18,8],[-16,-10],[-6,-1],[-28,5]],[[57414,29566],[-2,5],[13,6],[-7,8],[6,4],[13,4],[18,12],[30,4],[13,7],[18,34],[-1,22],[9,16],[0,13],[13,0],[20,-6],[37,2],[24,-10],[51,-5],[32,-2],[1,5],[7,1],[-1,27],[9,14],[-7,5],[-18,3],[-11,7],[25,42],[4,0],[3,10],[17,8],[16,2],[18,6],[7,5],[19,20],[10,7],[9,0],[9,22]],[[57818,29864],[7,0],[11,10],[15,5],[4,5],[20,5],[22,-2],[5,-8],[51,0],[7,3],[2,-2],[13,-1],[10,2],[23,-5],[6,-7],[5,0],[4,-11],[18,-12],[2,-8],[13,-6],[8,0],[0,3],[31,9],[16,-2],[9,-7],[5,-1],[3,-6],[8,2],[15,-4],[18,4],[5,-4],[6,5],[7,0],[-1,9],[9,-1],[1,4],[10,2],[-34,22],[-11,17],[-23,17],[-17,22],[4,1],[6,33],[28,-5],[19,-10],[25,-1],[14,3],[8,-1],[5,-7],[25,-10],[7,20],[19,3],[5,10],[-4,2],[19,6],[20,18],[25,-5],[16,19],[42,-10],[13,2]],[[58417,29991],[1,-3],[16,-2],[30,5],[21,-7],[25,-14],[-14,-6],[24,-15],[21,-8],[2,-14],[16,-10],[11,-12],[27,-16],[55,-15],[91,22],[40,2],[17,4],[28,14],[10,9],[3,21],[-4,13],[15,5],[8,7],[6,-3],[17,0],[13,-6],[0,-4],[26,-1],[7,-8],[9,0],[4,3],[-6,1],[3,4],[15,5],[7,-2],[17,2],[7,-4],[10,2],[2,-2],[6,6],[16,4],[8,-3],[8,1],[10,7],[5,7],[-9,21],[8,-1],[2,3],[4,-2],[6,4],[5,-4],[11,5],[15,-2],[2,2]],[[59094,30006],[13,-8],[10,2],[12,-6],[12,0],[7,5],[14,1],[20,-2],[20,-6],[4,-5],[-10,-8],[-6,-10],[23,-6],[34,-21],[25,-7],[13,-11],[17,-6],[24,-1],[29,-16],[46,4],[22,31],[27,-3],[18,2],[8,4]],[[61371,31148],[130,27],[43,20],[13,22]],[[61828,31224],[32,-26],[3,-51],[7,-7],[-25,-11],[-9,-1],[-4,2],[-3,-6],[-20,8],[-17,0],[7,-14],[-74,-54],[3,-8],[-4,-6],[0,-22],[-49,-24],[-20,-14],[6,-3],[12,2],[11,-3],[22,2],[17,-21],[20,-3],[-1,-18],[8,-12],[-5,-8],[7,-5],[-13,-5],[-7,-6]],[[61732,30910],[-11,0],[1,-4],[-10,0],[-6,-4],[-7,-1],[-3,-3],[-41,3],[-18,-12],[-14,-1],[-5,-4],[-4,3],[-14,-5],[-6,4],[-8,-2],[-10,2],[-14,-3],[-17,2],[-10,-3],[1,4],[-12,-1],[6,-12],[-1,-17],[-10,-11],[-17,-3],[-31,3],[-14,-2],[-11,-6],[-22,0],[-4,-2],[-22,7],[-14,-2],[-1,4],[-5,0],[3,4],[-5,-1],[-6,5],[-14,1],[0,5],[-5,-3],[-6,3],[-4,-3],[-12,2],[-14,-1],[-16,3],[-11,7],[-8,-8],[-18,8],[-16,-3],[-27,17],[-69,-60],[-20,4],[-9,-7],[-14,9],[-37,7],[-11,-16],[4,-13],[-9,-7],[-2,-5],[3,-3],[-11,-5],[2,-3],[-8,-1],[-7,-6],[2,-8],[-10,-3],[-16,2],[-7,-2],[-10,4],[-20,-1],[-3,1],[-19,-9],[-15,2],[-14,-2],[-14,-11],[-5,0],[-1,6],[-11,-1]],[[60888,30752],[-4,6],[-20,-3],[-8,5],[-16,-1],[-8,4],[-16,-3],[-3,6],[-8,0],[2,3],[-6,-1],[-6,3],[-18,1],[-10,6],[4,3],[-9,0],[-11,10],[-1,4],[-10,-2],[-4,3],[1,6],[-13,-1],[2,5],[-10,-1],[-5,4],[-13,0],[0,6],[-10,-4],[-13,5],[-4,-5],[-6,-2],[-8,2],[-5,-6],[-9,5],[-21,-5],[-11,3],[-11,-3],[-7,3],[-2,-5],[-22,-4],[0,-3],[-9,-5],[2,-1],[-16,-5],[-2,-5],[-24,-6],[-8,2],[-4,-2]],[[60508,30774],[-6,3],[-13,-2],[-2,-4],[-5,2],[-13,-3],[-12,3],[-1,6],[-6,-4],[-9,-1],[-5,6],[-7,-2],[-4,2],[-16,-2],[-2,-3],[-7,4],[-4,-4],[-10,2],[-7,-5],[-11,-1],[-10,3],[-5,3],[5,2],[-4,5],[4,7],[-15,5],[-5,-3],[-5,3],[0,9],[-8,2],[2,3],[-10,0],[-2,7],[-8,-1],[-5,10],[-11,-1],[-5,2],[-5,-2],[-7,4],[-10,-2],[-3,2],[7,2],[-3,3],[-12,0],[-2,4],[-15,-1],[1,4],[-5,1],[-10,-1],[-6,5],[-3,-1],[-8,3],[-5,8],[-7,5],[5,4],[-5,0],[2,5],[22,11],[3,26],[-3,-2],[-35,-5],[-3,4],[-8,-1],[-9,5],[-2,5],[-7,-3],[-1,4],[-8,0],[-6,-4],[1,-10],[18,2],[-7,-16],[-19,3],[0,4],[-10,5],[10,0],[0,24],[-11,1],[-9,-9],[-14,5],[3,7],[-25,12],[-15,-1],[-2,-2],[-8,4],[-5,-7],[-18,-4],[-5,2],[-4,-5],[-10,7],[-3,-2],[-11,4],[-6,-2],[1,5],[-10,1],[-8,4],[-14,-2],[-3,4],[-9,-2],[-12,11],[-4,-2],[-22,1],[-8,-5],[-11,2],[-1,3],[-10,-4],[7,-8],[-10,-1],[6,-8],[-6,-3],[5,-5],[-3,-4],[-11,4],[-4,-5],[-8,2],[-55,-43],[-19,9],[-22,5],[-3,-4],[-5,2],[15,18],[-20,12],[-22,7],[-17,14],[-10,15],[-17,6],[-40,-1],[-43,12],[-11,19],[-12,-3],[-4,19],[-13,7],[-6,10],[-12,9],[2,3],[-6,6]],[[59533,31042],[12,5],[7,-3],[6,5],[-5,4],[12,2],[2,4]],[[59567,31059],[8,0],[7,3],[13,-2],[3,7],[11,-4],[2,4],[13,4],[14,-3],[13,5],[6,-4],[12,8],[3,-4],[17,5],[8,-2],[6,3],[4,-3],[2,5],[41,16],[10,-1],[4,-6],[7,0],[28,6],[29,-6],[9,2],[7,-3],[29,1],[11,0],[2,-3],[16,5],[31,-9],[17,-2],[11,-7],[22,13],[10,-1],[8,5],[15,3],[50,-8],[15,3],[-23,37],[-14,9],[-2,30],[15,5],[-15,12],[36,15],[20,3],[14,8],[23,3]],[[60135,31211],[70,-55],[26,13],[11,-6],[6,5],[34,-14],[20,-5],[27,4],[2,-8],[12,3],[4,-18],[57,11],[41,-20],[69,5],[20,10],[31,2],[38,11],[14,7],[22,23],[15,30],[12,10],[-22,13],[-2,6],[-8,1],[0,4],[-9,2],[-5,11],[-3,-1],[-4,5],[-7,1],[2,4],[-6,7],[-7,1],[-9,8]],[[60586,31281],[13,-1],[3,-2],[7,3],[3,-2],[12,1],[4,-2],[12,2],[2,-2],[6,1],[2,-3],[14,1],[3,-3],[5,2],[6,-4],[4,3],[3,-4],[7,0],[12,-5],[1,2],[30,-5],[3,3],[26,-9],[13,-3],[14,2],[6,-4],[28,-5],[-1,-4],[10,0],[2,-3],[9,0],[0,-4],[14,-2],[1,-5],[8,-2],[-3,-4],[8,-2],[14,-10],[5,1],[2,-5],[9,2],[11,-1],[31,-8],[1,-3],[8,0],[5,-5],[9,2],[14,-12],[-1,-4],[17,-7],[4,2],[4,-5],[11,-3],[3,-9],[14,-7],[3,-4],[6,0],[6,-8],[20,-5],[4,-14],[11,-5],[4,-8],[13,-11],[-4,-5],[7,-10],[18,1],[32,9],[20,-5],[18,1],[9,6],[4,14],[14,13],[19,1],[24,14],[11,3],[2,-2],[14,1],[4,-3],[14,4],[1,-5],[11,-5],[3,12],[16,5],[24,0],[9,5]],[[62501,29936],[-29,134],[0,20],[-4,2],[4,9],[9,6],[-9,8],[2,6],[16,8],[2,12],[8,2],[2,4],[-9,12],[1,10],[14,13]],[[62068,29749],[62,60],[34,27],[21,9],[10,9],[9,4],[7,-5],[23,7],[11,-1],[41,30],[41,14],[10,11],[28,22],[5,10],[-4,18],[8,-4],[22,5],[13,-1],[24,-13],[12,3],[18,-11],[38,-7]],[[62068,29749],[-15,7],[-22,3],[-14,10],[-27,-1],[2,10],[-13,11],[-20,3],[-9,6],[3,4],[-7,10],[7,12],[-7,8],[37,23],[-55,16],[-3,3],[6,5],[-34,10],[-8,1],[-38,-5],[-27,7],[-9,-3],[-10,7],[-1,12],[-21,18]],[[61783,29926],[5,3],[9,1],[68,-6],[36,1],[-19,8],[-12,8],[-7,10],[6,3],[-3,5],[-11,-2],[14,11],[4,-1],[9,3],[6,-4],[10,8],[-11,5],[3,2],[-4,8],[-11,7],[-21,6],[-2,25],[31,-2],[9,1],[2,4],[-10,13],[4,8],[24,7],[34,15],[-3,8],[6,8],[-10,13],[6,14]],[[61945,30116],[11,0],[8,3],[-1,4],[41,1],[7,2],[16,-3],[10,7],[8,16],[15,4],[-1,6],[30,17],[14,5],[-1,7],[3,3],[29,10],[-3,7],[5,6],[-17,4],[-5,3],[17,8],[15,-4],[19,5],[16,-2],[6,4],[18,-6],[3,19],[11,-4],[8,4],[6,-2],[-3,-4],[-8,-3],[0,-4],[7,-6],[17,-1],[23,3],[4,8],[6,2],[14,-14],[54,5],[10,4],[20,-1],[25,-17],[-1,-4],[4,-4],[40,-13],[4,8],[16,4],[11,15],[7,1],[6,-4],[-1,-13],[20,-20]],[[61783,29926],[-49,-6],[-18,-9],[-39,8],[-4,-3],[-36,4],[-1,-5],[-12,-1],[-25,4],[-21,6],[1,15],[-8,2],[-10,8],[-35,6],[-10,-2],[-14,7],[-3,4],[-11,3],[-2,11],[-5,0],[-1,4],[5,4],[-2,4],[6,3],[-4,2],[3,4],[-7,5],[-14,2]],[[61837,30138],[11,4],[11,-3],[11,3],[51,-23],[24,-3]],[[59611,29478],[80,-132]],[[59691,29346],[-27,17],[-47,9]],[[59617,29372],[-47,14],[-225,45]],[[59345,29431],[50,9],[36,3],[36,0],[5,13],[0,22],[14,20]],[[59486,29498],[45,-21],[-3,-16],[11,-2],[25,-3],[-1,5],[13,19],[31,-5],[4,3]],[[59856,29588],[-36,-48],[15,-9],[7,1],[15,-6],[11,0],[6,-8],[13,-6],[9,-13],[-4,-1],[1,-29],[-7,-1],[3,-3],[-2,-7],[-6,-4],[3,-6],[-13,-19],[-12,-7],[-9,-13],[27,-37],[13,-1],[-2,-13],[16,-4],[14,-8],[4,4],[11,0],[2,-14],[7,-6],[8,-1],[0,-8],[-20,-18],[3,-2],[-9,-8],[-1,-9],[-23,-17],[-4,-25],[-35,-9],[-34,-3],[-24,5],[-26,-4],[-19,5]],[[59758,29236],[-67,110]],[[59611,29478],[-73,116]],[[59538,29594],[-37,61]],[[59486,29498],[-34,18],[-30,21]],[[59422,29537],[11,9],[75,-4],[-9,43],[39,9]],[[59345,29431],[-117,23]],[[59228,29454],[8,15],[12,12],[-3,25]],[[59245,29506],[24,-3],[-3,10],[29,1],[7,12],[23,-2],[-5,20],[33,1],[0,-3],[10,0],[4,-19],[51,1],[-1,10],[5,3]],[[59758,29236],[-13,1],[-19,-3],[-1,-7]],[[59725,29227],[-24,8],[-43,-4],[-6,3],[-98,-32]],[[59554,29202],[-7,9],[0,12],[-8,9],[5,11],[-3,7]],[[59541,29250],[-8,7],[-7,-1],[-1,3],[-7,0],[-13,5],[-4,-2],[-8,2],[6,5],[6,0],[-14,9],[-16,-8],[-17,0],[-32,6],[7,7],[8,-1],[17,16],[-21,9]],[[59437,29307],[7,1],[43,-1],[-1,-3],[24,-6],[8,-9],[27,5],[-14,24],[-9,3],[4,3],[-3,18],[25,1],[-1,6],[26,4],[0,11],[16,-1],[-2,8],[12,2],[19,-3],[-1,2]],[[59437,29307],[-10,4],[-6,-4],[-22,14],[-12,0],[-1,4],[-8,-1],[-12,-11],[-7,9],[-15,6],[-8,1],[-2,-3],[-7,1],[2,4],[-8,1],[-6,-1],[-3,4],[-10,2],[-11,-1],[-4,-4],[-6,2],[-6,22],[-18,-2],[-14,11],[1,4],[12,5],[-5,3],[20,9],[-6,19],[-4,0],[-25,-12],[-10,6],[10,3],[-10,15],[2,37]],[[60888,30752],[1,-10],[-7,-10],[24,-38],[15,-38],[7,-41],[12,-6],[-20,-8],[8,-13],[14,-6],[8,-13],[10,-7]],[[60282,30290],[-35,2],[-2,2],[-8,-2],[-22,7],[-23,-2],[-4,4],[-5,-2],[-15,3],[-1,-2],[-22,2],[-4,-6],[-8,-2],[-18,1],[-6,19],[-13,18],[-5,24],[-6,4],[-4,15],[-15,11],[-10,0],[-7,-11],[-9,0],[-8,4],[-9,-13],[-13,-5],[-20,0],[-6,8],[-27,-2],[-10,7],[-27,9],[15,31],[-2,24],[-3,9],[-30,-2],[-18,61],[5,1],[-1,5],[8,11],[14,-3],[17,2],[16,-1],[12,3],[35,-1],[19,6],[14,20],[7,1],[10,10],[-16,7],[5,7],[-23,11],[5,3],[-18,9],[3,4],[35,-13],[21,26],[-21,9],[25,20],[101,-36],[46,-23],[32,-6],[93,-35],[40,2],[41,64],[4,25],[52,24],[3,9],[7,0],[60,36],[-36,26],[-6,20],[17,25]],[[63561,31879],[-29,-22],[19,-13],[3,-6],[16,5],[14,-15],[16,-8],[10,0],[10,3],[12,12],[2,9],[16,4],[15,-7],[27,-4],[11,-21],[7,-4],[14,-2],[23,-9],[12,8],[14,-5],[-16,-34],[-2,-14],[4,-13],[15,0],[8,-3]],[[63782,31740],[12,-3],[1,-10],[-5,0],[6,-14],[-1,-3],[-17,-5],[7,-16],[-1,-14],[31,-16],[-53,-38],[-40,-16],[9,-40],[-3,-30]],[[63728,31535],[-37,4],[-45,9],[-59,1],[-11,5],[-64,12],[1,9],[17,10],[5,12],[18,14],[-8,14],[1,21],[-8,10],[1,7],[-19,14],[-8,3],[-10,0],[-5,4],[-35,2],[-7,5],[-17,3],[-20,-3],[-6,-4],[-9,0],[-9,10],[4,9],[-4,9],[-14,3],[-3,5],[-14,2],[-1,4],[-25,5],[1,4],[-13,5],[-21,19],[-18,6],[-9,-2],[-2,6]],[[63275,31772],[11,4],[5,12],[4,0],[13,17],[10,3],[0,8],[-5,0],[-1,4],[7,5],[9,24],[14,4],[18,0],[18,16],[14,3],[19,-1],[26,12],[9,9],[19,9],[5,13],[16,-10],[4,-10],[56,1],[16,-4],[-1,-12]],[[62211,30870],[0,-9],[12,-11],[64,-32],[-26,-21],[33,-8],[-1,-3],[58,-1],[-5,-23],[5,-5],[39,-4]],[[62390,30753],[18,3],[2,-8],[-6,-2],[3,-4],[-5,-2],[6,-21],[-6,-4],[7,-5],[16,-1],[-8,-22],[25,-6],[50,-6],[6,18],[37,-4]],[[62535,30689],[39,-47],[-14,-8],[-2,-10],[15,-9],[12,-11],[18,-7],[11,-10],[5,-12],[-2,-11],[12,-10],[0,-5],[7,-6],[2,-15],[38,5],[15,-1],[12,-6],[0,-5],[13,-4],[21,-3],[21,-7],[5,-7],[14,-5],[10,-8],[-4,-13],[11,-24],[24,1],[11,7],[29,-25],[10,-24],[16,-20],[-4,-29],[21,-9],[64,-4],[24,-5],[8,-5],[-15,-59],[-51,-84],[4,-22],[5,-6],[9,-4],[47,-5],[8,-6],[46,-13],[5,-13],[-5,-8],[1,-12],[-24,-17],[-5,-7],[2,-4],[-11,-4],[-11,6],[-14,0]],[[62894,30054],[17,7],[10,11],[8,-3],[11,0],[11,13],[10,-1],[7,4],[20,-6]],[[62508,30182],[5,2],[20,1],[42,-8],[38,-43],[-3,-14],[7,-12],[14,-8],[24,5],[8,-4],[-4,-7],[2,-4],[7,-1],[24,9],[18,3],[8,-5],[-5,-3],[1,-9],[17,-10],[13,1],[11,7],[6,-1],[5,-6],[-20,-7],[5,-14],[35,-8],[13,7],[4,-1],[1,-6],[11,-3],[47,14],[20,-9],[12,6]],[[61732,30910],[10,-4],[16,-3],[10,2],[8,-3],[6,7],[5,1],[10,8],[1,11],[10,3],[12,-1],[24,6],[17,7],[8,10],[17,2],[28,-4],[33,4],[64,19],[35,-3],[0,-8],[14,-17],[43,3],[13,-3]],[[61935,31743],[78,-12],[4,-3],[25,-7],[37,-2]],[[62079,31719],[-1,-6],[-24,-30],[26,-16],[4,1],[37,-27],[-17,-8],[-76,-10],[-19,-10],[-1,-10],[-13,-11]],[[61995,31592],[-21,3],[-5,-5],[-13,8],[-14,2],[4,4],[-9,1],[3,6],[-5,1],[-11,-7],[-6,1],[-21,-11],[-43,-15],[-29,-17],[-52,9],[-24,10],[-3,-4]],[[61746,31578],[-34,7],[9,11],[-6,2],[4,5],[-4,1],[17,18],[9,-2],[23,21],[-6,2],[-15,-2],[-12,2],[-2,4],[-7,-5],[-11,7],[-5,0],[2,10],[-9,3],[-7,-4],[-9,1],[2,-5],[-10,4],[4,10],[24,8],[16,16],[-21,19],[7,6],[-29,9],[-33,17],[-16,19],[-5,13]],[[61622,31775],[29,4],[51,1],[4,4],[19,0],[19,-3],[7,-9],[33,4],[-1,-7],[15,-2],[1,-11],[37,5],[32,-4],[-11,-17],[63,-1],[1,5],[14,-1]],[[60817,29250],[-10,3],[-8,-3],[-36,-20],[-5,-8],[-7,-4],[-51,-10],[-5,-11],[7,-11],[-11,-8],[-5,-21],[-11,-11],[-41,-21],[-4,-10],[-25,-17],[-2,-11],[-23,-29],[-29,-9],[-30,-26],[-9,-3]],[[60512,29020],[-5,5],[-11,3],[2,3],[-16,2],[0,4],[-10,1],[-1,5],[-9,4],[-7,-1],[-1,-3],[-20,-2],[-9,-31],[-17,0],[-20,-6],[-2,9],[-47,-5],[-36,2],[-4,-4],[-15,2],[-13,-3],[-13,3]],[[60258,29008],[-9,9],[12,14],[-23,12],[-12,-1],[-12,-5],[-13,0],[3,16],[8,11],[-1,6],[-14,1],[-31,10],[-52,10],[-96,-51],[-15,-5],[2,-3],[-17,-3],[-4,3],[-17,-1],[-77,21],[-18,2],[-116,-15],[-15,7]],[[59741,29046],[-19,23],[-20,16],[-7,2],[4,25],[16,0],[4,5],[-1,8],[8,1],[-5,25],[5,1],[-28,45],[7,15],[16,3],[4,12]],[[60105,29664],[19,-12],[26,-8],[17,-9],[12,-11],[19,-6],[6,-17],[-5,-5],[15,-13],[15,-5],[-1,-4],[84,16],[21,-3],[51,-25]],[[60165,31877],[-25,-16],[-50,-46],[-50,-59],[-50,-46],[-22,-59],[7,-3],[42,5],[38,-2],[0,-5],[11,-3],[11,-17],[13,-31],[36,-21],[-47,-30],[-25,-23],[-7,-15],[4,-12],[86,-33],[91,-48]],[[60228,31413],[-76,8],[-60,-9],[-24,1],[-20,-31],[6,-1],[-21,-28],[6,-11],[22,-11],[40,-2],[31,-15],[1,-24],[-12,-13],[1,-4],[-27,-2],[6,-4],[0,-6],[34,-50]],[[59567,31059],[-6,4],[2,2],[-6,9],[-9,1],[-7,7],[-25,10],[2,3],[-11,5],[-108,25],[-53,-15],[-23,9],[4,6],[-67,23],[-59,9],[-44,1],[-57,-4],[-23,-5],[-1,16],[6,14],[-3,14],[7,11],[-5,30],[-2,5],[-4,0],[-34,-11],[10,28],[-2,24],[-11,2],[-5,5],[-1,16],[-24,26],[-3,8],[-2,11],[7,8],[20,6],[-13,8],[-24,37],[-40,24],[-13,3],[25,29],[50,21],[12,43],[51,56],[34,28],[-7,8],[11,15],[-16,10],[-14,3],[-44,-12],[-16,-12],[-49,8],[-39,-8],[-15,6],[-19,0],[-23,-3]],[[58881,31626],[-25,50],[14,0],[27,9],[12,7],[23,26],[18,3],[2,4],[8,-1],[3,4],[9,0],[7,6],[13,5],[-1,4],[11,2]],[[59002,31745],[26,6],[9,9],[-6,4],[14,7],[16,7],[18,3],[1,10],[10,4],[0,6],[22,4],[8,3],[-1,3],[8,-1],[0,9],[7,3],[0,8],[22,7],[1,11],[23,0],[-2,5],[6,5],[8,-3],[17,2],[6,-3],[28,1],[6,-4],[2,2],[8,-2],[18,-10],[20,0],[32,-11],[0,-2],[18,-1],[8,-4],[3,1],[16,-5],[20,-1],[17,9],[22,-3],[20,37],[76,-11],[5,-4],[31,-7],[70,8],[2,35],[19,-3],[16,3],[-4,4],[9,15],[9,-5],[17,18],[15,-6],[36,23],[-12,4]],[[59742,31935],[31,30],[-9,28],[2,16],[-6,2],[14,18],[-11,7]],[[59763,32036],[14,-3],[5,-5],[12,6],[9,-8],[17,3],[9,-4],[9,0],[15,-14],[61,-7],[27,-11],[2,-2],[-7,-4],[14,-21],[31,-12],[30,-6],[9,-7],[3,-5],[-14,-5],[2,-6],[26,-4],[2,-4],[17,0],[29,-18],[13,-1],[9,-4],[4,-11],[30,4],[7,-7],[17,-3]],[[60228,31413],[39,-40],[41,-7],[30,1],[23,-3],[48,12],[29,16],[35,6],[12,8],[-1,7],[9,2],[12,-1],[-1,-8],[-7,-10],[8,-2],[-7,-4],[6,-8],[-6,-3],[0,-5],[7,-2],[-3,-6],[7,-9],[-2,-6],[14,-7],[-4,-6],[5,-2],[0,-9],[9,-6],[-3,-3],[9,-1],[-1,-4],[8,-2],[-3,-2],[5,-2],[-1,-4],[16,-4],[7,-9],[5,0],[3,-6],[8,2],[2,-5]],[[59245,29506],[-43,1],[-61,-11],[-4,-4],[-9,-1],[-25,4],[-7,-2],[-2,2],[-9,0],[-3,3],[-13,1],[0,-5],[-5,0]],[[62688,30879],[16,-31],[4,-27]],[[62708,30821],[-1,-18],[-5,0],[-4,4],[-20,-1],[-27,-2],[-11,-7],[5,-6],[-4,-14],[-18,3],[-21,-35],[-16,1],[2,6],[-10,0],[-3,3],[-9,-2],[-1,-6],[-27,2],[-24,37],[-7,9],[-6,2],[1,4]],[[62502,30801],[16,44],[21,18],[1,14]],[[62556,30896],[22,4],[32,-4],[20,1],[20,9],[28,1]],[[62678,30907],[10,-28]],[[62958,30882],[25,5],[-8,-11],[-25,-12],[6,-21],[11,-11],[12,-2],[6,7],[20,7],[8,5],[5,10],[129,5],[32,-21],[-13,-23],[21,-12],[3,-5],[-17,-2],[-25,-10],[-6,-4],[-238,6],[-38,5],[-12,8],[-10,0],[-8,-5],[-8,4],[-4,-3],[-15,7],[-13,-2],[-9,-5]],[[62787,30802],[-48,12],[-21,3],[-10,4]],[[62688,30879],[48,-9],[7,16],[-10,13],[7,3],[8,-5],[10,5],[-7,8],[36,5],[21,-9],[22,2]],[[62678,30907],[-11,23],[1,14],[77,99],[4,13],[-2,11]],[[62787,30802],[-22,-12],[-22,5],[-5,-8],[3,-22],[29,-38],[-7,-14],[-21,-14],[-64,-23],[-57,-11],[-11,17],[1,6],[-31,0],[-51,7],[6,-6]],[[62390,30753],[-4,6],[8,49],[-3,3],[12,2],[48,-13],[29,-1],[22,2]],[[62471,31089],[14,3],[18,-4],[22,6],[28,13],[38,5],[32,-3]],[[59615,30047],[-13,6],[5,4],[-6,9],[-17,7],[-1,4],[-11,-2],[-4,4],[-10,-2],[-3,9],[-15,-1],[-12,8],[-9,0],[-16,4],[-11,8],[-11,-1],[-4,3],[1,5],[-11,6],[8,10],[-7,7],[10,3],[-3,20],[4,2],[-6,5],[0,9],[6,8],[-8,7],[2,3],[-7,3],[-1,12],[11,9],[-3,12],[4,11],[-19,15],[0,3],[-21,9],[3,7],[-7,2],[7,3],[-2,4],[9,14],[10,6],[-4,10],[3,7],[-6,0],[-2,4],[-9,0]],[[59439,30323],[-1,8],[6,13],[16,0],[11,4],[5,7],[8,-7],[12,-2],[-2,-6],[28,-8],[4,-7],[32,5],[20,12],[13,-2],[13,3],[24,-9],[5,-5],[14,3],[8,-17],[11,-8],[13,4],[8,-10],[37,11],[11,-12],[5,-15],[25,1],[4,-12],[-11,-7],[50,-17],[11,-8],[32,-13],[10,-8],[25,-36],[10,-2],[-3,-16],[4,-10],[22,-25],[46,-30],[-10,-6]],[[60460,31861],[6,-2],[5,3],[9,-3],[9,-14],[20,-5],[8,3],[3,14],[39,-12],[34,9]],[[60593,31854],[15,-12],[5,0],[2,4],[5,2],[26,-10],[17,-2],[11,-15],[16,1],[5,-6],[-13,-14],[21,-10],[9,-1],[14,8],[17,0],[10,-29],[9,2],[-2,6],[6,4],[8,-1],[14,-8],[19,5],[25,-1],[13,-6],[-1,-8]],[[60844,31763],[-3,-6],[15,-7],[5,-11],[27,-4],[14,-8],[23,-4],[1,-4],[9,-3],[2,-9],[8,-6],[13,0],[7,-3],[-1,-12],[15,8],[9,1],[4,-3],[-5,-6],[9,1],[11,-4],[-12,-18],[15,-6],[3,-10],[-17,-5],[7,-5],[-52,-26],[15,-8],[33,16],[11,2],[9,9],[12,-2],[5,2],[26,0],[12,-7],[20,7]],[[61094,31632],[8,2],[6,-3],[-9,-18],[11,1],[6,-3],[-15,-7],[-1,-5],[8,-3],[5,8],[4,1],[2,-6],[12,-3],[-2,-4],[7,0],[-3,-6],[11,-6],[12,-24],[76,-43],[5,0],[7,4],[11,0],[27,-10],[29,-24],[0,-12],[-27,-3],[1,-64],[-4,-29],[-33,-28],[-3,1],[-15,-63],[1,-13],[10,-3],[22,-16],[-4,-11],[3,-11],[-4,-2],[2,-8],[14,-7],[24,3],[17,-22],[6,1],[-2,-6],[6,-1],[12,-12],[-3,-14],[6,-7],[17,-2],[14,-6]],[[60165,31877],[10,1],[9,-6],[5,8],[14,-4],[2,-3],[-5,-3],[11,-4],[-4,-3],[5,-3],[-3,-5],[19,-7],[2,-7],[8,-1],[14,-6],[23,3],[27,-9],[-4,-5],[9,0],[4,-4],[7,2],[-1,6],[8,-3],[8,2],[10,-1],[5,-9],[7,-2],[9,2],[-5,5],[9,1],[2,5],[14,-5],[25,3],[2,4],[-13,9],[-1,8],[3,2],[30,1],[-1,14],[31,-2]],[[59059,29129],[-37,-8],[-50,0],[-47,-6],[-40,8],[-37,2],[-4,-2],[-9,4],[-9,0],[0,-20],[-3,-10],[-11,-6],[0,-17]],[[58812,29074],[-14,-2],[-2,-3],[-47,-6],[-33,2],[-46,-4]],[[58968,29290],[6,-3],[1,-11],[56,-15],[17,-9],[-2,-9],[-33,-11],[0,-5],[-15,-13],[-1,-10],[14,-23],[34,-21],[-1,-22],[15,-9]],[[59064,29125],[32,-23],[-17,-2],[2,-13],[34,-2],[51,-9],[32,2],[27,-2],[69,-16]],[[59294,29060],[-1,0]],[[59293,29060],[-8,-5],[-2,-7],[3,-34],[10,-6],[-9,-6],[13,-10],[-8,-5],[28,-10],[-4,-6],[14,-5],[3,-4],[-6,-1],[-11,-16],[-18,-3],[7,-11],[-9,-8],[1,-22],[5,-10],[-6,-12],[-5,-6],[-8,-2],[-26,1],[-19,6],[-13,-5],[-32,-3],[-3,-5],[-18,-2],[-4,2],[-15,-4],[-2,2],[-10,-7],[-11,3],[-22,-14],[3,-6]],[[58817,29018],[1,14],[-4,7],[14,6],[-5,15],[-10,4],[-9,-5],[8,15]],[[59059,29129],[5,-4]],[[62001,29690],[67,59]],[[61830,29565],[83,53],[88,72]],[[61830,29565],[-15,-7],[0,-6],[-40,-31],[1,-9],[-53,-21],[-1,-3],[6,-4],[-9,-8],[-2,-9],[10,-3],[-10,-8],[-15,-2],[-23,5],[-32,-3],[-15,-6],[-20,-2],[-38,-17]],[[61574,29431],[2,-3],[-11,-6],[-1,-16],[-14,-16],[-20,-13],[-9,-12],[-28,-20],[0,-12],[-10,-4],[-21,8],[5,8],[-6,6],[-1,9],[-8,-1],[-25,8],[-1,-9],[-24,-21]],[[61402,29337],[-12,-6],[-9,2],[-28,-12],[-58,-8],[-13,4],[-8,-9],[-18,-7],[-57,-8]],[[63728,31535],[42,-9],[-14,-15],[-10,-20],[7,-8],[-5,-7],[7,-11],[9,-2],[-8,-4],[5,-10],[12,0],[8,-5],[20,-7],[17,-2],[6,2],[21,-25]],[[63845,31412],[-16,-18],[-10,-21],[-1,-31],[-42,-61],[-6,-20],[6,-19],[0,-50],[-9,-48],[14,0],[0,-18]],[[63781,31126],[-17,-4],[-35,0],[-12,-8],[-22,1],[-4,13],[6,8],[-10,3],[-2,4],[-1,28],[-18,-2],[-19,2],[-53,13],[-4,5],[1,10],[40,15],[0,17],[6,6],[-18,12],[-30,10],[4,17],[-5,10],[10,4],[-10,2],[0,6],[8,7],[-1,16],[-7,11],[2,6],[-41,-23],[-26,-7],[-40,4],[-27,12],[-58,5],[-31,6],[-46,-29],[-31,-15],[-53,-6],[-6,1],[-2,6],[-8,-6],[-4,-9],[8,-11],[-11,-6],[-14,-2],[-14,10],[-18,2],[-29,-3],[-5,-3],[-24,6],[-9,-3],[-9,4],[-23,-2],[-13,2],[-7,-15],[-9,-1]],[[62937,31355],[-21,4],[-10,-1],[7,20],[-6,16],[-27,31],[8,23],[15,-3],[44,15],[50,23],[13,10],[9,18],[-3,1],[3,6],[-8,10],[0,17],[6,10],[-2,14],[-16,18],[-24,14],[-19,-3],[-7,-5],[-30,-1],[-13,5],[-13,-3],[-26,2],[-18,5],[-22,-7],[-13,-1],[-3,5],[-17,-3],[-35,8],[-8,-3],[12,19],[-15,6],[-15,13],[4,3],[-31,6],[-23,1],[-14,8],[17,32],[35,48],[2,31],[30,40],[8,21]],[[62761,31828],[24,0],[4,-3],[7,4],[8,-2],[23,2],[8,4],[9,-1],[17,9]],[[62861,31841],[25,0],[2,-2],[21,4],[37,-2],[9,-5],[5,0],[8,-9],[18,-4],[38,-23],[30,-13],[1,-6],[22,-2],[27,-10],[6,3],[23,-7],[29,-1],[3,3],[11,-2],[1,3],[7,-4],[11,5],[7,-2],[2,-5],[24,5],[7,-2],[16,10],[9,-3],[6,2],[9,-2]],[[62664,31234],[-4,11],[-25,0],[-11,7],[-7,-1],[-9,6],[-5,-4],[-6,11],[-17,0],[-3,4],[-11,-4],[-9,4],[-21,-2],[-9,13],[-12,0],[-9,7],[0,6],[-16,0],[-18,35],[2,8],[-16,15],[-1,13],[-7,2],[-6,30],[-14,27],[-19,17],[-8,2],[-3,6],[-9,1],[2,7],[-7,0],[-13,-5],[-5,4],[-13,1],[0,9],[-22,4],[8,9],[-8,4],[3,8],[-10,0],[1,8]],[[62327,31497],[11,6],[15,-2],[-1,-2],[9,-1],[1,-3],[17,-2],[16,7],[5,22],[5,2],[-3,9],[4,7],[3,29],[10,20],[9,2],[7,8],[15,6],[1,5],[25,20],[-20,8],[-10,10],[-5,0],[-34,30],[15,14],[25,7],[5,4],[-6,2],[8,7],[6,-1],[31,22]],[[62491,31733],[21,8],[20,17],[-9,8],[-7,21],[6,13],[-4,12],[4,7],[-2,9],[17,18],[-15,0],[2,6]],[[62524,31852],[24,-2],[31,-19],[39,0],[13,-3],[3,-6],[4,1],[28,-19],[16,1],[5,9],[13,7],[29,4],[1,-2],[7,4],[10,-2],[3,4],[11,-1]],[[61857,31292],[99,66],[10,27],[-2,6],[28,34],[14,7],[1,8]],[[62007,31440],[12,8],[19,6],[8,7],[9,15],[0,11],[15,20],[8,14],[-3,1],[11,13],[-2,3]],[[62084,31538],[6,1],[11,-3],[12,-11],[2,3],[16,-5],[6,-8],[0,4],[8,5],[24,-1],[11,2],[6,-2],[7,3],[1,-3],[16,3],[5,-2],[7,6],[2,-5],[4,0],[-1,-6],[7,5],[5,-7],[14,-4],[-2,-4],[13,2],[-1,-5],[24,-7],[10,-5],[13,0],[0,-5],[6,-1],[-3,4],[8,-1],[-1,4],[7,2]],[[60196,29942],[-13,-8],[0,-11],[5,0],[6,-13],[-3,-5],[8,-9],[9,-22],[6,-3],[-8,-7],[7,-18],[-1,-10],[18,0],[-5,-10],[13,-28]],[[60238,29798],[-15,-6],[-12,0],[-1,2],[-14,-2],[-4,-7],[-20,4],[-26,-19],[-25,18],[-3,-1],[-13,13],[-26,40],[-49,-6],[-11,1],[-8,-4]],[[60238,29798],[7,3],[3,-2],[9,2],[3,-4],[36,-3]],[[60296,29794],[-5,-8],[3,-4],[-13,-6],[1,-2],[11,-3],[-13,-13],[11,-4],[9,10],[4,0],[3,-5],[8,-3],[-8,-5],[5,-4],[-5,-3],[0,-4],[18,-5],[3,-5],[15,5],[-20,-30],[49,-13]],[[60296,29794],[8,-1],[12,12],[29,17],[38,-26],[14,0],[16,7],[23,24],[39,26],[27,38],[43,22],[13,2],[28,16],[22,17],[4,6]],[[59741,29046],[-19,-6],[-4,-10],[-28,-15],[-60,8],[-7,4],[-19,4],[-2,-3],[-26,9],[-4,4],[-11,1],[-1,-9],[-10,2],[-23,-4],[-2,-3],[-24,-1],[-5,8],[-14,-4],[-3,7],[-9,-3],[-2,4],[-19,-3],[0,-3],[-12,-3],[-8,0],[-20,7],[-2,-3],[-39,6],[3,5],[-29,1],[-13,-3],[0,5],[-14,0],[0,5],[-14,4],[-6,0],[-2,3]],[[59294,29060],[44,24],[31,-5],[13,-7],[14,17],[21,14],[-5,5],[28,7],[1,4],[21,1],[10,-5],[12,3],[-3,5],[23,5],[9,-6],[31,-3],[6,6],[-7,8],[-52,30],[59,25],[-1,2],[12,5],[-7,7]],[[63781,31126],[-1,-36],[-10,-31],[11,-31],[7,-7],[8,-39],[4,-2],[9,-21],[-2,-13],[-22,-28],[-16,-36],[87,-47],[-6,-14],[-8,-49],[25,-20],[-5,-12],[83,-36],[29,-7],[42,-15],[17,0],[28,-49],[5,-5],[29,-11],[6,-6],[-1,-21],[-9,-8],[-17,-1],[-8,-5],[-4,2],[-4,-4],[-25,-3],[-14,-6],[-24,0],[1,-3],[-8,0],[-1,-3],[-10,-2],[-4,-7],[-20,-10],[1,-18],[10,-13],[-8,-2],[5,-12],[-2,-20],[15,-11],[7,-9]],[[62988,30079],[15,-14],[16,-5],[1,-3],[17,3],[25,-1],[9,8],[22,1],[16,-6],[25,7],[38,6],[15,-1],[9,11],[-8,-2],[-6,4],[26,15],[44,1],[50,13],[11,12],[-13,9],[-2,9],[-11,3],[3,8],[3,3],[21,5],[3,10],[19,3],[20,7],[-8,12],[-17,6],[1,8],[26,9],[26,24],[11,5],[0,4],[9,8],[13,4],[19,-2],[13,3],[22,-3],[11,9],[14,2],[13,-5],[19,0],[8,5],[19,-5],[30,2],[40,-15],[30,-18],[29,-6],[18,1],[21,13],[30,11],[1,5],[10,4],[29,-4],[14,4],[5,6],[31,-5],[16,8],[-3,6],[15,14],[1,10],[19,4],[3,11],[17,9],[4,39],[14,7],[-10,4],[7,11],[1,9],[20,7],[5,13],[14,2],[4,11],[13,8],[-2,15]],[[59064,29125],[20,3],[-2,6],[37,10],[26,-1],[26,-9],[2,5],[8,0],[6,8],[-11,6],[5,3],[12,0],[0,4],[14,4],[12,-6],[5,0],[4,5],[24,2],[-2,2],[8,6],[-2,3],[5,0],[2,6],[-5,1],[12,8],[-1,-5],[9,0],[-1,-5],[19,1],[19,-2],[0,-3],[26,-1],[11,16],[-1,7],[20,5],[6,-5],[15,5],[3,-2],[24,11],[51,1],[-4,5],[15,3],[1,-3],[19,8],[17,17],[23,6]],[[61995,31592],[35,-9],[13,-22],[41,-23]],[[62007,31440],[-25,10],[0,7],[-41,6],[4,3],[-3,3],[-10,-7],[-19,8],[-2,-6],[-14,6],[-7,-3],[-11,4],[-13,1],[4,5],[-11,3],[-8,-5],[-3,4],[-21,0],[-12,4],[-7,0],[-1,4],[-6,-4],[-27,3],[-17,4],[-1,6],[-9,-2],[-1,-5],[-5,0],[-15,4],[-13,9],[-18,4]],[[61695,31506],[23,42],[28,30]],[[61414,31341],[18,21],[17,6],[30,16],[39,12],[16,12],[45,22],[30,35],[40,27],[9,22],[-7,6]],[[61651,31520],[9,-1],[5,-4],[12,-1],[18,-8]],[[61547,31782],[12,-3],[19,0],[46,9],[-2,-13]],[[61651,31520],[-15,-7],[-9,10],[-22,0],[-7,5],[-39,4],[-1,6],[-9,3],[1,7],[-15,9],[-6,13],[-12,0],[0,8],[-18,2],[-5,4],[-7,-4],[-44,4],[8,6],[-14,3],[1,10],[-11,13],[-28,5],[1,15],[-19,1],[-12,5],[-9,5],[-4,9],[-19,2],[-9,-7],[13,18],[-1,7],[-40,-1],[-20,-9],[-23,8],[-10,0],[-28,-19],[-20,-3],[-4,-20],[-15,5],[-16,21]],[[61164,31658],[22,24],[48,16],[15,3],[46,-1],[2,11],[25,11],[3,6],[-7,3],[34,20],[29,8],[-8,22],[24,11],[22,2],[43,-3],[43,5],[9,-1],[1,-11],[32,-2]],[[61094,31632],[20,18],[-8,4],[20,9],[38,-5]],[[57686,28453],[53,12],[9,15],[13,2],[9,-6],[14,6],[16,-7],[28,-7]],[[57144,28471],[25,-6],[21,-8],[1,-5],[24,-26],[30,-5],[22,-16],[-6,-13],[15,-3],[8,1],[1,-4],[8,3],[27,-3],[12,4],[34,-1],[14,-7],[30,13],[33,6],[0,4],[22,6],[14,1],[34,22],[25,6],[5,-4],[22,14],[10,1],[20,16],[6,-1],[29,7],[1,-4],[39,-2],[16,-14]],[[57144,28471],[31,48],[22,18],[33,46],[17,43],[81,24],[17,-1],[-40,47],[-24,14],[18,16],[6,12],[28,7],[3,3],[0,7],[9,12],[-6,26],[7,5],[-5,5],[5,3],[-5,3],[15,6],[47,6],[8,22],[26,21],[-130,60],[-66,36],[-21,7],[-24,16],[-60,12],[-22,11],[-24,-3],[3,-8],[-25,-2],[-23,-6],[3,-19],[-11,-18],[-56,-5],[-19,-19],[0,-12],[-9,6],[0,12],[-28,26],[-11,-2],[-31,21],[-24,5],[-15,17],[-40,14],[1,14],[21,10],[-22,9],[-12,10],[2,3],[-18,3],[3,5],[-28,3],[5,10],[-21,9],[8,10],[-21,11],[-93,32]],[[56629,29142],[16,20],[13,2],[-12,25],[4,19],[20,13],[3,5],[15,3],[15,17],[-3,13],[10,1],[26,-4],[66,43],[-7,20],[26,12],[11,16],[14,-3],[52,8],[25,-2],[45,13],[43,-5],[17,6],[-4,25],[26,20],[8,63],[17,10],[-11,11],[-8,22],[-15,14],[3,1],[-3,14],[8,8],[6,17],[14,8],[10,13],[23,-10],[38,21],[29,2],[39,-7],[2,-3],[18,-2],[29,-13],[37,-1],[16,-10],[34,0],[39,-8],[6,7],[25,0]],[[60258,29008],[-11,-14],[-10,-1],[-2,-2],[-39,-2],[-7,-12],[14,-13],[-15,-4],[-9,-7],[-18,-4],[15,-6],[13,-14],[-13,-3],[10,-12],[0,-12],[-7,-10],[-12,-1],[6,-8],[-7,-21],[7,-17],[-4,-25],[-18,-2],[18,-16],[14,-2],[15,-10],[14,-27],[-42,-13],[28,-18],[-2,-3],[38,-35],[68,-50],[-23,-10],[-5,-16],[-13,-10],[-16,-4],[-20,2],[-8,-7],[-14,-4],[-2,-5],[-7,-2],[0,-3],[-6,1],[-7,-3],[1,-5],[11,-3],[0,-6],[9,-10],[-1,-10],[4,-2],[-1,-10],[5,-6],[-4,-1],[0,-5],[5,-6],[-8,-9],[6,-7],[-5,-5]],[[59652,28381],[26,10],[17,0],[12,3],[7,-9],[16,1],[11,-3],[32,5],[17,0],[26,7],[5,6],[16,6],[2,-3],[11,-2],[12,3],[39,0],[13,-3],[14,11],[10,0],[0,6],[30,9],[7,8],[-11,8],[5,5],[1,11],[-22,8],[-3,5],[6,2],[21,-2],[7,2],[7,-7],[6,-1],[18,4],[32,-4],[61,13],[14,-10],[5,1],[1,6],[35,5],[13,11],[8,-1],[22,3],[2,3]],[[54226,36633],[11,5],[8,-2],[7,-10],[0,-13],[74,-52],[6,0],[39,-15],[34,-6],[32,-10],[-16,-12]],[[54421,36518],[-5,-3],[-10,1],[-29,9],[-15,0],[-61,-33],[-7,-10],[-8,1],[-19,-6],[-23,1],[13,-51]],[[54257,36427],[-19,0],[-82,14],[-7,26],[-20,14],[17,6],[13,23],[-8,26],[-16,20]],[[54135,36556],[-18,18],[-17,39],[-23,23],[5,17]],[[54082,36653],[39,-7],[21,-1],[55,11],[27,-24],[2,1]],[[54439,36310],[28,6],[3,-5],[-9,-2],[1,-5],[-11,-14],[2,-7],[14,-10],[2,-5],[17,-4],[19,-2],[18,-11],[2,-10],[40,-9],[21,-14],[2,-6]],[[54588,36212],[-214,-28],[-43,0]],[[54331,36184],[0,21],[12,5],[-1,18],[-17,4],[-20,9],[-12,12],[-6,12]],[[54287,36265],[11,52],[-17,35]],[[54281,36352],[23,-7],[77,-34],[32,-4],[26,3]],[[57215,36802],[4,-6],[-3,-7],[42,-25],[28,-28],[63,-26],[35,-17],[-5,-12],[-15,-8],[14,-8],[-7,-8],[-36,-20],[-3,-5],[-12,-3]],[[57320,36629],[-20,-12],[-27,-3],[-13,-10],[-2,-10],[-19,-8],[1,-21],[16,-10],[-15,-11],[19,-9],[0,-4],[-12,-18],[-21,-8],[1,-8],[6,-2],[-6,-4],[-1,-27],[-24,-4],[-12,-9],[-27,-4],[-25,-9],[-44,-10],[-8,-11],[-8,-2],[20,-24],[7,-13],[-12,-16],[-13,-7],[1,-9],[-15,-2],[-5,-13],[-30,-20],[-9,-11],[20,-25],[-40,-2],[-10,-3],[-17,-14],[-10,-1],[-21,-12],[-57,-6],[-1,3],[-29,14],[-23,2],[-25,-7],[-37,2],[-3,-4],[-20,-3],[-20,4],[-10,-2],[-3,3],[-20,3],[-8,-2],[-1,-12],[31,-28],[9,-17],[5,0],[3,-19],[5,-7],[8,-2],[22,-100],[19,-47],[-4,-4],[4,-14],[-66,-4],[-61,2],[-6,3],[-9,-1],[-8,5],[-18,-2],[-6,5],[-6,1],[-15,13],[-19,2],[-29,14],[-49,56],[-41,61],[-34,-5]],[[56423,36150],[-77,68],[2,10],[-27,2],[-27,8],[-26,-23],[-23,13],[7,8],[11,-1],[-2,6],[5,8],[-10,29],[5,3],[0,7],[9,12],[-9,3],[18,7],[1,6],[-9,8],[-8,2],[2,6],[-7,5],[5,5],[-11,2],[-5,-5],[-6,4],[-8,-5],[-12,2],[-3,-3],[-11,3],[-5,7],[-7,0],[-7,-5],[-4,2],[12,6],[1,5],[-13,1],[2,8],[-29,2],[-3,6],[-8,-6],[-8,-1],[-25,7],[-7,-4],[-22,0],[-4,-2],[1,9],[-17,2],[-5,13],[-11,8],[6,20],[16,15],[-11,3],[5,6],[15,3],[0,-10],[15,3],[34,17],[23,-4],[14,12],[25,8],[-2,10],[37,-2],[3,3],[-2,13],[-8,4],[4,3],[18,-4],[0,-3],[14,-3],[2,-2],[33,5],[13,-2],[3,11],[-12,4],[-3,4],[12,5],[8,-12],[19,-2],[14,9],[28,11],[15,3],[11,-4],[16,1],[6,3],[0,5]],[[56419,36531],[10,10],[6,-3],[4,2],[-4,4],[7,4],[3,-4],[11,0],[6,-2],[13,8],[4,-2],[9,4],[23,2],[0,-3],[22,-5],[5,7],[14,2],[0,6],[17,1],[0,5],[30,-2],[23,7],[43,-6],[22,6],[14,0],[17,-8],[5,-7],[56,-3],[44,3],[4,10],[7,5],[23,2],[20,-1],[7,3],[13,-1],[17,3],[11,6],[8,12],[23,2],[12,10],[22,0],[8,6],[0,7],[-13,17],[16,5],[3,8],[-9,8],[2,10],[-7,16],[-9,7],[1,4],[16,6],[0,7],[12,-4],[51,5],[39,-3],[9,5],[7,10],[44,2],[9,24],[23,5],[-2,17],[17,32],[8,0]],[[56419,36531],[-13,6],[8,10],[-10,12],[18,7],[5,6],[-4,2],[-15,-2],[-12,2],[0,8],[-30,14],[-37,26],[5,8]],[[56334,36630],[1,14],[23,12],[79,25],[-3,8],[15,13],[0,15],[22,2],[8,7],[-2,18],[6,9],[-11,7],[1,4],[17,7],[18,-3],[6,3],[-16,23],[4,6],[15,3],[0,4],[-25,14],[-27,3],[-3,7],[-15,13],[-1,11],[13,16],[7,17]],[[56466,36888],[25,17],[24,-4],[2,-9],[29,8],[17,12],[37,0],[19,3],[2,-25],[-8,-3],[0,-12],[6,0],[7,-6],[24,6],[14,-2],[19,7],[0,5],[11,11],[-4,4],[5,2],[2,11],[33,17],[31,9],[33,0],[19,3],[57,11],[17,6],[27,5],[9,4],[11,-1],[17,7],[20,0],[2,2],[19,2],[2,4],[8,-1],[11,6],[10,20],[12,-2],[0,8],[11,2],[7,0],[-1,3],[9,0],[8,7],[3,-1],[-6,-20],[-18,-37],[17,-36],[4,-31],[3,-4],[16,-3],[48,-27],[58,-44],[19,-4],[2,-16]],[[54287,36265],[0,-9],[-19,-5],[2,-2],[-7,-4],[-12,3],[-10,-1],[-5,4],[-7,-6],[-13,1],[-6,-3],[0,-5],[-7,3],[-15,-3],[-5,18],[-13,3],[-29,-15],[-13,6],[-9,-3]],[[54119,36247],[-56,80],[-5,1],[-11,9],[-8,11]],[[54039,36348],[8,1],[3,-4],[64,17],[41,6],[8,5]],[[54163,36373],[54,-6],[64,-15]],[[53984,36658],[57,-122]],[[54041,36536],[-28,-5],[-30,-12],[-31,-3],[-55,5]],[[53897,36521],[2,8],[4,0],[-3,6],[5,-1],[4,13],[-6,0],[2,5],[-6,0],[3,12],[-18,2],[-14,-2],[-4,13],[4,55]],[[53870,36632],[5,22]],[[53875,36654],[48,3],[23,-2],[4,3],[18,2],[16,-2]],[[56334,36630],[-12,5],[1,9],[-71,-10],[-1,15],[-16,17],[9,10],[1,10],[-46,-2],[2,-7],[-10,0],[-1,6],[-54,-7],[-52,1],[-18,-9],[-10,0],[-2,-3],[-30,9],[-4,-2],[-6,-10],[21,-11],[3,-7],[-1,-21],[-17,0],[0,-3],[11,-5],[12,4],[9,-8],[27,-9],[7,-8],[-11,-73],[-158,4],[-94,41],[-10,32]],[[55813,36598],[-2,5],[45,29],[13,2],[-2,12],[-12,13],[5,9],[-18,11],[3,6],[-5,5],[8,7],[-7,7],[5,10],[-7,20],[-29,12],[-15,2],[-15,11],[-7,1],[-15,9],[-19,2],[-9,-2],[-10,5],[-15,1],[-24,17],[-10,14],[250,-2],[2,-5],[115,6],[62,-2],[14,2],[15,-2],[8,-9],[10,4],[4,14],[23,15],[1,7],[34,22],[4,14],[-3,11],[5,14],[6,4],[14,0],[15,12],[18,1],[14,40],[-12,6],[-20,26],[-3,22],[-8,5],[-9,2],[-3,6],[-11,4],[-10,17]],[[56206,37040],[21,2],[29,10],[5,4],[-3,3],[5,4],[-1,8],[29,11],[20,-2],[5,-5],[26,-5],[24,-12],[10,-1],[11,23],[5,0],[3,6],[6,-2],[12,1],[3,7],[29,0],[8,-18],[13,-7],[10,3],[0,8],[7,6],[17,4],[-3,-4],[6,0],[7,-7],[15,-5],[-3,-5],[3,-9],[-5,-7],[-7,-2],[-14,10],[-10,1],[-23,-16],[0,-18],[-5,-4],[6,-5],[-9,-1],[1,-4],[21,-34],[9,-2],[39,-23],[-11,-4],[-4,-11],[-35,-11],[-9,-1],[-2,-25],[-19,-1],[2,-13],[16,1]],[[54811,36253],[-6,-1],[-11,3],[2,7],[35,16],[23,5],[-3,-13],[-14,-8],[-26,-9]],[[55345,36363],[-3,0]],[[55345,36363],[0,0]],[[56423,36150],[6,-7],[-64,-21],[-18,-12],[12,-12],[-8,-7],[-20,1],[-31,-13],[-39,16],[-20,25],[-9,-19],[-33,-10],[-24,-3],[-1,-10],[-7,-2],[13,-24],[25,-5],[6,-6],[-20,-15],[-2,-7],[9,-4],[1,-3],[-9,-3],[-13,4],[-19,1],[0,8],[-9,1],[-21,-8],[-37,-8],[-13,1],[-151,-39]],[[55927,35969],[-97,48],[-25,37],[-21,18],[-82,3],[-48,-4],[-29,-3],[-46,-13],[-26,2],[-36,9],[-14,7]],[[55503,36073],[-1,9],[16,13],[43,17],[29,8],[25,18],[9,37],[-34,10],[-29,4],[-23,9],[-5,5],[-7,-1],[-37,-22],[-69,1],[-25,3],[-5,2],[-17,1],[-62,19],[-5,15],[25,13],[6,15],[-26,13],[20,19],[36,13],[82,12],[2,8],[-14,10],[-2,8],[-10,7]],[[55425,36339],[11,11],[21,12],[16,20],[41,4],[14,-3],[5,-4],[2,-31],[8,-15],[9,-7],[29,-4],[67,2],[68,-18],[-12,4],[22,1],[11,5],[4,6],[-9,12],[-16,14],[9,14],[8,-1],[21,-12],[52,17],[19,13],[12,-2],[27,-19],[18,6],[24,0],[22,6],[9,-2],[-6,4],[-24,-6],[-28,-1],[-14,-5],[-26,18],[-14,2],[-21,-13],[-48,-17],[-22,13],[-13,0],[-8,-15],[18,-15],[7,-11],[-9,-9],[-13,-3],[-21,2],[-45,14],[-69,-2],[-29,4],[-13,20],[-2,31],[-5,5],[-13,5],[-16,0],[-30,-5],[-19,-22],[-12,-5],[-26,-19],[-45,22],[-26,5],[-25,-5]],[[55320,36360],[-13,1]],[[55307,36361],[1,2],[-17,-1],[-38,-22],[-13,6],[-10,13],[-25,16],[-28,4],[-53,-1],[-26,-11],[-14,-31],[-10,-6],[-97,-28],[-15,1],[-14,5],[-1,9],[-2,-9],[-11,3],[-46,1],[-23,0],[-6,-4],[-5,-19],[-34,-5],[-35,-21],[-41,14],[29,5],[-29,-2],[-11,4],[-8,8],[-14,21]],[[54711,36313],[52,6],[3,4],[28,9],[9,9],[22,5],[8,11],[23,14],[-1,10],[-8,9],[36,35],[33,95],[-51,71],[-18,18],[44,16],[47,13],[46,18],[125,64],[88,20]],[[55197,36740],[86,13],[8,-3],[21,-19],[3,-12],[10,-12],[10,-5],[6,-8],[12,-5],[8,1],[14,-6],[11,-1],[7,-13],[15,-5],[13,-10],[10,-1],[3,-3],[15,-5],[11,-15],[6,0],[10,-6],[11,-11],[27,-11],[4,-11],[-11,-21],[4,-3],[-2,-6],[10,-9],[172,33],[122,12]],[[54375,36741],[5,-4]],[[54375,36741],[0,0]],[[54301,36759],[-4,-9],[-4,11]],[[54293,36761],[8,-2]],[[54341,36764],[-6,1]],[[54341,36764],[0,0]],[[54983,36752],[215,-2],[-1,-10]],[[54711,36313],[-1,0],[-14,20],[6,4],[-9,-1],[-11,8],[-31,13],[-55,9],[-51,0],[-23,9],[-1,6],[18,20],[59,42],[-1,10],[20,-7],[-10,7],[-4,-1],[-6,4],[-3,17],[-16,18],[23,4],[-15,0],[-2,2],[-7,-3],[-48,39],[-91,46],[-40,25],[-4,4],[14,7],[-14,-6],[-9,9],[-3,8],[9,1],[3,7],[6,-3],[0,4],[7,-3],[-11,6],[4,6],[5,-2],[5,2],[-6,5],[7,3],[3,7],[13,2],[-1,4],[-13,10],[12,-13],[-12,-3],[-11,-10],[5,-5],[-7,1],[-12,-11],[1,-5],[-18,2],[-5,9],[-2,-1],[-9,8],[14,-1],[3,4],[6,-2],[1,6],[9,1],[7,4],[2,5],[-9,-8],[-6,2],[5,3],[-3,5],[26,8],[-11,-2],[-16,-6],[3,-7],[-8,-4],[-2,-4],[-10,-2],[-17,2],[13,6],[-13,-4],[-6,1],[-5,6],[8,4],[17,-6],[7,3],[-9,-2],[-10,8],[-20,-1],[-5,7],[12,1],[5,3],[1,7],[-7,-9],[-12,0],[-2,4],[8,2],[15,6],[-6,1],[-13,-7],[-8,12],[19,3],[6,-1],[-12,5],[5,-4],[-18,-1],[-13,21],[25,-2],[5,-2],[7,-12],[-6,15],[4,8],[-7,-8],[-10,1],[-5,0],[-7,3],[21,-1],[5,8],[-3,-2],[-3,-6],[-22,1],[-3,1],[-3,12],[1,11],[-4,2],[4,9]],[[54305,36754],[4,-4],[-2,-6],[12,-9],[6,4],[-1,9]],[[54324,36748],[1,1],[11,-17],[1,0],[-8,13],[-1,6],[12,1],[-4,11],[15,-3],[6,2],[10,-6],[-3,-8],[3,-2],[-9,-4],[12,2],[5,-8],[21,-2],[-6,-11],[11,12]],[[54401,36735],[71,12],[12,-8],[17,2],[10,-11],[14,-2],[25,0],[11,8],[50,8],[64,15],[47,4],[17,-1],[0,3],[72,8],[11,-20],[161,-1]],[[54623,36045],[-16,-7],[-31,-6],[-35,21],[-151,-7],[0,5],[-6,2],[-5,9],[-46,4],[0,3],[-11,1],[1,-14],[-89,-7],[-26,-13],[-21,-3],[-18,-15],[-15,8]],[[54154,36026],[6,2],[-36,25],[16,3],[12,9],[19,-1],[16,23],[-4,10],[-22,9],[-3,13],[-13,7]],[[54145,36126],[124,48],[36,8],[26,2]],[[54588,36212],[-1,-19],[-23,-22],[-27,-16],[14,-15],[7,-36],[12,-21],[21,-24],[32,-14]],[[53897,36521],[3,-4],[-5,-23],[-7,-2],[2,-5],[-4,-2],[1,-8],[15,2],[0,-9]],[[53902,36470],[-105,5]],[[53797,36475],[-2,62],[4,18],[6,4],[1,23],[-4,39]],[[53802,36621],[58,3],[4,1],[-1,7],[7,0]],[[54257,36427],[24,-75]],[[54163,36373],[-29,6],[-20,9],[-74,59],[-19,49],[20,40]],[[54041,36536],[94,20]],[[54051,36886],[22,4],[9,-11],[11,2],[27,-9],[19,12],[5,-4],[31,5],[2,-1]],[[54177,36884],[-42,-7],[20,-8],[4,1],[8,-6],[17,4],[4,-4],[8,0],[-1,-3],[7,-2],[-4,-35],[-5,-12],[-10,-21],[-1,-28],[7,-16],[-5,39],[13,24],[5,-90],[-7,-3],[-1,-9],[-12,-1],[-10,2],[1,7],[7,4],[-2,9],[-4,-2],[4,-6],[-9,-7],[1,-7],[-4,0],[-9,9],[8,-12],[5,0],[7,-6],[2,5],[13,0],[-1,-6],[6,19],[4,-1],[7,-28],[-2,-3],[4,-6],[-13,-1],[10,-2],[-3,-8],[6,6],[19,-27],[-4,-2],[10,-3],[-8,-3],[-1,-5]],[[54082,36653],[-6,8],[-42,25],[-56,-6]],[[53978,36680],[25,56],[-7,7],[-4,36],[33,38],[-10,20],[-86,-15]],[[53929,36822],[-23,66],[52,6],[8,-23],[85,15]],[[53978,36680],[6,-22]],[[53875,36654],[2,27],[52,141]],[[54051,36886],[-21,53]],[[54030,36939],[5,2],[35,4],[25,6],[26,7],[46,3],[11,-2],[21,-9],[-1,-2],[11,-11],[8,-22],[-15,-23],[-25,-8]],[[55158,37051],[-6,-1],[0,7],[7,1],[-1,-7]],[[55219,37057],[0,0]],[[55219,37057],[-5,11],[11,2],[4,-5],[9,-1],[-6,-3],[-13,-4]],[[55152,37071],[-2,-2],[-8,5],[10,-3]],[[55270,37075],[-19,-2],[-12,1],[9,6],[20,0],[2,-5]],[[55284,37079],[4,-5],[-14,3],[1,8],[14,-2],[-5,-4]],[[55157,37101],[-15,-3],[-11,1],[4,8],[21,3],[1,-9]],[[55360,37117],[14,0]],[[55374,37117],[4,-4],[-3,-10],[-17,-5],[-9,-7],[-11,1],[-13,6],[-18,-3],[-13,2],[42,10],[24,10]],[[55406,37093],[-7,-2],[1,4],[8,2],[-10,3],[4,6],[-16,6],[-1,6]],[[55385,37118],[3,0],[14,-10],[10,2],[8,-10],[-3,-3],[-8,1],[-3,-5]],[[55407,37093],[3,-1]],[[55410,37092],[2,0]],[[55412,37092],[3,-1],[3,-13],[-10,-4],[16,0],[11,2],[11,-9],[-6,-10],[-13,1],[2,-7],[-14,0],[-9,-14],[-11,1],[-5,-4],[-11,4],[3,5],[-6,0],[-18,-11],[12,-9],[0,-5],[8,0],[12,-4],[39,-22],[44,-12],[-4,-24],[90,-95],[369,139],[69,14],[87,-12],[46,15],[11,5],[-10,12],[-6,20],[7,9],[22,16]],[[56154,37079],[21,-7],[2,-10],[23,-13],[6,-9]],[[54983,36752],[-78,27],[-41,33],[-4,-1],[-6,14],[-5,-1],[-5,9],[-14,5],[-30,95],[-5,5],[-11,3],[-6,5],[11,8],[-1,16],[6,2],[-5,10],[13,22],[-8,4],[2,6],[24,12],[11,0],[-20,3],[2,12],[24,-2],[7,8],[-18,0],[1,6],[8,0],[2,-3],[30,0],[1,-3],[6,12],[17,3],[23,-5],[2,1],[41,-3],[8,40],[-4,14]],[[54961,37109],[36,1],[3,4],[-8,6],[37,-5],[32,-13],[-25,-1],[33,-1],[2,-2],[-19,-17],[-11,6],[-8,-2],[-21,7],[-4,-1],[54,-16],[3,2],[-9,5],[2,3],[12,11],[14,3],[16,-2],[12,-14],[13,-6],[-12,-2],[6,-10],[-11,2],[-7,-2],[-6,3],[-4,-2],[-24,7],[26,-11],[1,5],[10,-6],[4,5],[8,-3],[5,2],[-5,10],[8,-3],[8,3],[6,-3],[-9,-2],[5,-2],[-6,-2],[-2,-6],[-8,-3],[-10,1],[14,-3],[-2,2],[7,2],[2,7],[13,2],[-7,-5],[2,-2],[-9,-7],[4,-2],[6,9],[-2,3],[7,4],[-13,2],[10,2],[10,-5],[8,2],[-3,-5],[5,-1],[-2,-3],[-7,-2],[-3,-7],[-8,1],[12,-4],[6,1],[2,-2],[3,4],[5,-4],[7,0],[2,3],[-12,2],[0,6],[11,4],[-6,0],[-4,4],[21,-3],[20,0],[5,-8],[-2,-3],[5,-6],[-3,7],[12,5],[-5,-7],[5,2],[10,-3],[-5,4],[9,8],[10,3],[-1,6],[23,1],[5,2],[10,-6],[6,6],[1,6],[5,1],[3,-7],[7,3],[11,-2],[22,4],[4,-3],[7,4],[-2,9],[8,7],[13,3],[17,11],[13,-4],[-4,-5],[11,-4],[-9,-2],[0,-4],[9,2]],[[55318,37132],[11,-11],[10,-4]],[[55339,37117],[-8,-6],[-7,7],[-6,14]],[[55317,37135],[0,-2]],[[55317,37135],[0,0]],[[54961,37111],[-9,35]],[[54952,37146],[34,6],[37,-1],[17,-6],[8,-13],[8,-4],[44,-4],[15,-5],[-10,-6],[-23,-3],[-31,3],[-33,8],[-21,0],[-8,-2],[9,-5],[-3,-3],[-31,-2],[-3,2]],[[54305,36754],[9,-9],[10,3]],[[54335,36765],[0,0]],[[54293,36761],[-3,5],[24,-4],[18,1],[-12,-14],[-18,11],[-1,-1]],[[54961,37111],[-9,-1],[-25,-6],[18,1],[8,4],[8,0]],[[54401,36735],[-6,1],[-15,1]],[[54375,36741],[0,6],[-8,2],[5,9],[-16,7],[14,3],[-13,0],[-2,-4],[-14,0]],[[54335,36765],[9,3],[1,5],[-16,5],[-11,0],[-7,6],[4,5],[11,2],[-11,3],[8,1],[3,4],[10,-2],[14,4],[-19,-3],[-6,2],[-3,-4],[-7,1],[-2,-3],[11,-3],[-10,-1],[-5,-6],[7,-7],[26,-4],[-1,-5],[-13,-3],[-16,0],[-13,3],[-11,8],[0,8],[0,46],[19,-35],[3,1],[2,21],[-30,32],[2,53],[-4,1],[2,22],[-5,22],[4,8],[-21,3],[25,1],[8,5],[1,16],[13,5],[94,23],[39,15],[122,34],[141,32],[157,31],[92,26]],[[53802,36621],[-6,21],[-3,34],[-14,40],[2,11],[-11,46],[-3,71],[1,17],[6,11]],[[53774,36872],[155,-50]],[[54440,36323],[-2,-1]],[[54440,36323],[0,0]],[[54463,36347],[-1,-5]],[[54463,36347],[0,0]],[[54469,36351],[0,0]],[[54454,36325],[-8,-1]],[[54446,36324],[-13,-3],[-2,-2]],[[54431,36319],[0,-1]],[[54431,36318],[0,-1]],[[54431,36317],[8,-7]],[[54421,36518],[21,9],[16,-4],[-2,-1],[21,-4],[0,-3],[-12,-2],[5,-1],[11,4],[55,-30],[15,-14],[4,-12],[-1,-4],[-15,-9],[-23,-8],[-49,-2],[-10,-9],[-1,-23],[15,-21],[1,-13],[4,0],[3,-13],[5,-4],[-22,-5],[-2,-12],[-7,-6],[1,-6]],[[54145,36126],[-10,5],[-6,11],[-22,16],[-17,-3],[-1,-10],[9,-16],[-25,-4],[-3,16],[-6,1],[-4,16]],[[54060,36158],[50,18],[-25,22],[-8,17],[7,3]],[[54084,36218],[5,2],[-6,6],[27,7],[1,9],[10,3],[-2,2]],[[54039,36348],[-2,10]],[[54037,36358],[0,14],[13,11],[16,28],[-68,6],[-3,8],[-40,42],[-53,3]],[[53774,36872],[15,17],[37,19],[23,7],[39,7],[36,8],[26,9],[32,1],[35,-4],[13,3]],[[57634,37142],[68,-36],[69,-22],[27,-18],[46,-19],[-8,-34],[-23,-37],[68,-9],[30,-23],[28,-33],[20,-37],[-40,-23],[-1,-5],[35,-37],[15,-37],[-30,-77],[-56,-34],[-10,-3],[-16,-10],[-35,-7],[-11,-6],[-33,-1],[-25,5],[-19,9],[-29,1],[-13,3],[-15,-4],[-13,-8]],[[57663,36640],[-4,7],[-11,-2],[-2,4],[-21,2],[-9,4],[-14,1],[-5,5],[-12,-2],[-37,3],[-8,-14],[-42,4],[-17,-9],[-14,2],[-23,-17],[-19,-6],[-7,-1],[-14,4],[-61,-3],[-23,7]],[[56154,37079],[-15,13],[-30,6],[-13,-2],[-23,4],[-17,5],[-10,8],[3,4],[19,4],[5,4],[41,8],[8,17],[23,10],[5,6],[-3,5],[-5,0],[-3,4],[-13,3],[-3,9],[12,26],[12,8],[-12,4],[-14,11],[-7,1],[2,4],[-11,20],[12,10],[14,-3],[6,7],[6,1],[3,11],[-3,6],[-8,2],[5,7],[-1,10],[2,3],[7,1],[11,11],[19,5],[1,15],[8,9],[-10,14],[14,4],[-1,6],[21,3],[5,-5],[10,-6],[6,-21],[13,-9],[30,-10],[18,-18],[10,-2],[1,-3],[45,6],[15,-12],[25,-9],[1,-4],[15,-4],[12,0],[5,-8],[33,-3],[9,10],[12,3],[27,2],[51,-7],[9,-5],[-1,-4],[19,-3],[3,-16],[11,-9],[-9,-11],[13,-8],[24,-4],[9,-6],[17,-5],[-14,-11],[-1,-4],[-8,-2],[-24,-19],[3,-3],[22,9],[103,26],[9,6],[-4,1],[3,15],[10,4],[10,9],[-5,22],[36,11],[2,7],[16,9],[12,15],[-8,4],[-17,-1],[-7,6],[13,23],[-3,8],[9,3],[5,12],[-11,8],[-1,5],[42,10],[18,19],[7,1],[7,6],[22,2],[10,-1],[16,-13],[22,12],[4,8],[40,8],[7,-16],[23,-22],[14,-26],[6,-32],[-14,-36],[13,-20],[11,-29],[29,-19],[-1,-22],[30,-22],[27,-39],[-10,-26],[-10,-13],[5,-12],[17,23],[13,9],[20,2],[77,17],[9,5],[32,-3],[45,8],[60,-1],[91,-26],[15,1],[71,17],[67,-3]],[[57636,35186],[-4,-27],[-31,-41],[116,-7],[58,1],[25,-29],[12,-38]],[[57812,35045],[-1,-10],[-11,1],[-17,6],[-44,0],[-102,-19],[-4,-6],[14,-8],[-6,0],[-37,-21]],[[57604,34988],[-21,2],[-8,-2],[-11,5],[-14,2],[2,4],[9,0],[3,5],[-8,1],[8,6],[-7,2],[4,5],[-9,8],[1,7],[-5,3],[-10,-3],[-2,6]],[[57536,35039],[-7,6],[-22,5],[-32,16]],[[57475,35066],[21,11],[20,34],[-1,28],[-21,47]],[[57494,35186],[0,16],[57,14],[17,-23],[42,12],[-6,19],[-13,2],[22,6]],[[57613,35232],[18,-30],[5,-16]],[[57475,35066],[-82,7]],[[57393,35073],[-6,67],[-25,40]],[[57362,35180],[6,-1],[2,-4],[45,2],[0,7],[11,3],[10,-3],[12,0],[1,5],[7,0],[1,-4],[37,1]],[[56961,35364],[13,-31]],[[56974,35333],[-8,-2],[-9,-8],[18,-7],[14,-12],[-35,-22],[29,6],[30,-1],[-7,-10],[-15,-5],[-5,2],[-8,-8],[-14,1],[-10,-3],[-9,-15],[-34,-6],[-3,-11],[-12,-11],[1,-7],[-8,-13],[-14,2],[-4,-9],[-8,1],[0,-4],[17,-4],[-7,-9]],[[56873,35178],[-10,4],[-24,2],[-37,9],[-45,2],[-15,7],[-9,9],[-7,1],[-5,5],[2,2],[-29,7]],[[56694,35226],[23,14],[8,-4],[51,17],[26,3],[30,0],[3,35],[-16,-4],[-13,16],[12,3],[38,0],[-2,27],[17,3],[88,29]],[[56959,35365],[2,-1]],[[57131,34906],[8,-5],[-1,-7],[-17,-1],[5,-9],[9,1],[3,-20],[-4,-3],[8,0],[25,-25],[8,-16],[-1,-2],[-29,-3],[-1,-4],[-10,-1],[1,-4],[-12,0],[-4,4],[-10,0],[-6,-6],[13,-6],[-1,-13]],[[57115,34786],[-49,3],[-15,-2],[-1,7],[-17,0],[-2,-13],[-21,14],[-7,0],[-1,3],[-23,-7]],[[56979,34791],[4,2],[5,17],[-4,3],[-1,10],[-5,1],[3,5],[-5,2],[3,4],[9,-2],[3,3],[-5,3],[18,10],[5,-2],[14,9],[-17,4],[9,17],[-2,23]],[[57013,34900],[6,-2],[2,-10],[14,2],[4,-2],[4,4],[8,-3],[7,7],[1,-3],[14,1],[-2,-3],[10,0],[3,9],[9,2],[-5,3],[24,6]],[[57112,34911],[6,2],[13,-7]],[[57561,34774],[-8,-9],[-9,1],[2,-5],[-9,-10],[-7,-31],[2,-18],[-19,1],[-40,11],[-21,-5],[-6,-11],[-31,-5],[-24,3],[-26,-7]],[[57365,34689],[-28,3],[-9,-4],[-17,3],[-4,-3],[-14,0],[-12,3],[-34,-4],[-8,5],[-5,-4],[-3,4],[-10,-4],[-10,5],[-22,-1],[-2,3],[-8,-2],[-12,6],[-14,0],[-8,-3],[-2,2],[-12,-2],[-1,3],[-22,0],[-5,4],[-6,-1],[-8,3],[-8,-2],[-4,3],[-9,1],[0,3],[-8,0]],[[57060,34710],[1,11],[10,4],[-2,15],[-4,0],[-2,8],[13,3],[3,5],[59,-2],[-3,15],[16,4]],[[57151,34773],[5,3],[24,2],[58,0],[47,-5],[-1,5],[5,3],[4,-1],[11,2]],[[57304,34782],[6,-11],[32,-6],[8,25],[2,31]],[[57352,34821],[17,-1],[21,-10],[69,-5],[25,-5],[21,1],[22,-3],[14,-5],[7,-16],[13,-3]],[[57139,35213],[8,-10],[2,-11],[37,-16],[-5,-12]],[[57181,35164],[-1,-11],[17,-13],[7,-19]],[[57204,35121],[-8,1],[-13,-3],[-17,-11],[-14,0],[-5,10],[-7,1],[-48,-1],[-48,-7],[-52,-1]],[[56992,35110],[-18,-1],[-8,17],[-26,17]],[[56940,35143],[19,14],[-10,3],[5,14],[20,0],[0,8],[8,3],[-3,5],[27,7],[-1,3],[14,4],[7,-3],[0,-3],[-7,-2],[4,-4],[15,7],[10,0],[6,13],[2,-2],[15,1],[20,6],[17,-11],[0,3],[31,4]],[[58088,35250],[0,-3],[-14,0],[0,-7],[-22,-8],[1,-5],[-10,3],[-2,-2],[-12,7],[-12,-9],[-34,3],[17,-14],[-6,0],[-59,-42],[-15,-1],[-56,-30],[4,-33],[9,-14],[-24,-11],[-23,-18],[-2,-7],[-10,-4],[-6,-10]],[[57636,35186],[21,-11],[30,9],[19,10],[19,-8],[11,2],[2,-3],[-7,-10],[-2,-14],[14,-1],[7,9],[29,15],[-27,8],[0,4],[9,-2],[5,2],[-13,4],[-5,4],[7,3],[-1,4],[-10,0],[5,11],[16,-3],[6,11],[-2,2],[14,6],[15,0],[-5,5],[61,7],[-5,8],[11,-1],[-8,7],[18,16],[-9,7],[1,4],[-9,0],[-6,5],[16,-1],[30,5],[24,-2],[11,4],[15,-8],[21,-5],[6,-8],[10,0],[1,-3],[15,-2],[6,-4],[7,1],[3,-4],[25,-3],[1,-3],[5,1],[14,-10],[31,-4]],[[56979,34791],[-1,-12],[-15,4],[-7,-2],[2,4],[-11,5],[-22,2],[3,5],[-8,2],[-5,-11],[0,-12],[13,-27],[13,-12],[23,-12],[-7,0],[-3,3],[-23,4],[-9,-16],[-23,3],[-5,7],[-16,1],[-3,-6],[-18,5]],[[56857,34726],[-3,3],[-27,6],[22,18],[-26,3],[-17,6]],[[56806,34762],[19,12],[10,12],[6,1],[7,10],[2,33],[29,-5],[29,-12],[18,-1],[3,34],[37,44],[8,26]],[[56974,34916],[39,-16]],[[57536,35039],[-41,-24],[-74,-33],[-32,-22],[-17,-19],[-12,-20],[-7,-43]],[[57353,34878],[-18,-1],[-5,-6],[-18,1],[-1,-5],[-13,0],[2,12],[-70,12],[-4,-13],[-20,0]],[[57206,34878],[-4,6],[-23,1],[4,9],[-13,0],[-21,6],[-10,7],[-8,-1]],[[57112,34911],[-4,8],[25,-9],[19,-1],[-2,27],[50,7],[27,-1],[-43,92],[3,0]],[[57187,35034],[82,23],[-3,4],[6,5],[17,2],[17,-6],[57,10],[30,1]],[[57204,35121],[28,-44],[-41,-21],[-7,-13],[3,-9]],[[56974,34916],[-146,61]],[[56828,34977],[7,25],[151,45],[6,63]],[[56638,34968],[-34,-82],[-21,-73]],[[56583,34813],[-76,0],[-5,-4],[-40,-9],[-60,-5],[-15,3],[-87,1],[-26,-8],[-20,-11],[-19,-2],[3,-8],[-22,-6],[-78,6],[-16,-5],[-10,-7],[-6,-1],[-7,5],[-11,3],[-51,0],[-13,3],[-27,-2],[-6,-3]],[[55991,34763],[-5,-1],[-22,5],[-21,-4],[-13,2],[-21,16],[-9,12],[-9,29],[-27,10],[-7,17],[3,21],[15,15],[18,2],[16,-1],[19,-3],[-2,-4],[17,9],[6,10],[-1,10],[3,1],[-9,41],[8,3],[13,-2],[-21,5],[-2,9],[10,5],[-10,-3],[-2,18],[-4,22],[-13,15],[14,9]],[[55935,35031],[5,-8]],[[55940,35023],[1,-3],[11,-2],[-4,6]],[[55948,35024],[5,7],[-4,6],[21,11],[12,-4],[10,-15],[5,3],[13,1],[4,7],[6,-2],[2,-4],[6,1],[6,-12],[7,4],[9,-5],[15,3],[5,-3],[16,0],[31,-16],[29,-6],[42,26],[52,-2],[12,-7],[2,17],[24,-3],[-4,-17],[10,-2],[40,5],[26,-2],[47,-8],[3,-4],[-48,-26],[4,-3],[40,-1],[26,-13],[29,3],[49,-1],[18,5],[120,1]],[[56930,35384],[6,3],[9,-4],[14,-18]],[[56694,35226],[-33,5],[-13,-4],[-15,6],[-5,6],[-26,9],[-25,1],[-48,13],[-26,-1]],[[56503,35261],[-26,4],[-11,6],[-14,3],[-24,12],[4,15],[-9,62]],[[56423,35363],[98,14],[66,14]],[[56587,35391],[2,-7],[44,11],[185,7],[36,-1],[42,-5],[22,-6],[12,-6]],[[57206,34878],[-10,-15],[-18,-1],[4,-11],[30,2],[18,-10],[15,-15],[38,-1],[21,-45]],[[57151,34773],[-4,3],[-22,-2],[-10,12]],[[55940,35023],[0,0]],[[56503,35261],[0,-3],[6,1],[0,-35],[26,-6],[-21,-12],[-33,-10],[-8,-5],[21,-13],[1,-4],[-8,-2],[-11,-16],[4,-11],[78,0],[-39,-42],[4,-1],[-2,-5],[63,-48],[5,-8],[6,0],[19,-21],[-7,-6],[7,-9],[22,-12],[-13,-9],[15,-16]],[[55948,35024],[-6,-1],[-5,11],[-21,-8],[-26,29],[11,12],[-15,-8],[-42,35],[11,5],[26,-15],[6,0],[-33,16],[-6,-3],[-12,2],[13,7],[4,-2],[4,10],[15,6],[3,4],[8,-3],[8,1],[15,14],[-16,-14],[-8,-1],[-4,5],[2,2],[65,30],[28,-4],[-27,5],[-71,-33],[0,11],[-3,-12],[-19,-6],[-5,-9],[-18,-7],[-16,10],[6,0],[-9,9],[-1,-7],[-46,29],[16,-1],[17,-5],[14,3],[3,5],[8,5],[32,5],[-20,-1],[-16,-5],[-11,-9],[-16,-1],[-11,6],[5,1],[7,10],[-11,-8],[4,6],[-12,-9],[-10,4],[10,14],[-3,10],[6,2],[-5,2],[-1,4],[8,10],[-7,-3],[-3,-14],[-23,10],[3,3],[23,4],[11,11],[22,2],[12,-7],[-8,7],[13,-1],[7,4],[3,6],[-11,-10],[-8,4],[-15,-1],[0,-1],[-27,-5],[6,0],[-4,-5],[-12,-5],[-15,-1],[-5,-1],[1,-7],[21,-8],[5,-6],[-9,-14],[-10,-2],[-12,2],[-32,14],[20,9],[-24,-8],[-4,1],[3,11],[-5,-9],[-7,3],[-3,9],[5,-1],[10,2],[-4,1],[-6,-3],[-5,5],[28,6],[-22,-3],[3,4],[-10,-7],[-1,-11],[-21,8],[-16,12],[61,23],[71,18],[22,5],[55,12],[11,-2],[-1,-6],[-9,-3],[7,0],[4,4],[0,5],[-4,4],[40,9],[18,2],[6,-7],[-1,-6],[-35,-6],[-11,-6],[-1,-5],[10,10],[8,1],[30,5],[3,8],[-4,7],[43,8],[10,4],[27,-10],[-5,-12],[2,-1],[1,-19],[-5,-4],[-21,-5],[-27,-3],[29,1],[19,6],[8,6],[0,16],[4,5],[0,8],[6,2],[-27,6],[-4,3],[1,6],[172,37],[186,35],[62,6],[11,-1],[10,-48],[-4,48]],[[57351,35212],[11,-32]],[[57181,35164],[14,-3],[39,2],[-4,8],[6,0],[-5,12],[0,17],[51,-20],[13,1],[-4,14],[4,7],[27,13],[25,4],[4,-7]],[[57094,35334],[14,-3],[27,1],[9,-8],[-4,-11],[-15,-7],[-1,-11],[14,-11],[5,-12],[-3,-4],[42,-38],[-51,-1],[9,-10],[-1,-6]],[[56940,35143],[-25,11],[-20,15],[-22,9]],[[56974,35333],[2,-5],[20,-8],[39,-9],[20,3],[16,9],[10,1],[13,10]],[[56806,34762],[-29,2],[-1,3],[-37,3],[-12,-3],[-1,-3],[-13,3],[-18,42],[-5,3],[-17,-3],[-26,4],[-64,0]],[[56638,34968],[96,21],[94,-12]],[[57353,34878],[-1,-57]],[[58102,35619],[5,-4],[23,-1],[6,-3],[14,-1],[15,-13],[6,5],[5,-1],[26,11],[0,4],[10,-3],[0,8],[9,4],[14,1],[4,4],[11,-14],[14,-11],[17,-40],[33,-5],[26,1],[76,19],[44,-4],[64,6],[78,-14],[-2,-41],[20,-20],[-26,-14],[-36,-9],[-69,-28],[-48,-14],[3,-12],[-6,-26],[8,-6],[14,-4],[9,1],[0,-5],[8,-1],[19,4],[10,6],[33,4],[16,-2],[10,-10]],[[58565,35391],[-8,-12],[6,-4],[-5,-5],[1,-9],[-8,-9],[2,-9],[-11,-6],[-2,-7],[-5,-2],[-6,4],[-10,-8],[-19,0],[-10,-14],[-24,-6]],[[58466,35304],[-21,17],[-31,8],[-20,1],[-37,12],[0,3],[-36,-1],[-10,-4],[-9,-18],[-11,-12],[-24,-7],[-14,-9],[-5,-7],[-13,-5],[-17,-12],[-27,-2],[-38,5],[-14,0],[-14,-5],[-20,-3],[-7,-4],[-1,-6],[-9,-5]],[[57613,35232],[-5,22],[3,15],[-6,1],[-19,-9],[-22,-1],[-8,2],[-7,-1],[-23,15],[-25,7],[-11,0],[-5,-11],[-12,-6],[-23,9],[-24,1],[-6,3]],[[57420,35279],[-6,11],[-14,6],[-21,0]],[[57379,35296],[-18,2],[-26,-4]],[[57335,35294],[-3,1]],[[57332,35295],[-10,3]],[[57322,35298],[-11,7]],[[57311,35305],[-27,18],[38,27],[12,5],[13,1],[31,-22],[16,-7],[48,-10],[32,2],[19,6],[12,8],[-3,2]],[[57502,35335],[7,3],[16,21],[5,10],[-1,27],[7,17]],[[57536,35413],[18,16],[19,4],[27,0],[50,-10],[12,2],[10,4],[4,6],[-1,31],[5,8],[16,3],[61,-1],[46,8],[39,11],[42,26],[8,18],[-11,15],[-48,27],[-61,20],[-11,6],[-2,7],[6,10],[9,5],[16,2]],[[57790,35631],[16,0],[49,-9],[52,-20],[77,-9],[30,0],[30,4],[58,22]],[[57060,34710],[-4,-5],[0,-22],[-5,-1],[9,-22],[-25,1],[-18,-43]],[[57017,34618],[-29,4],[-17,7],[-23,5],[-47,1],[-55,6],[-14,6],[-11,-4],[-6,1],[-3,5],[6,22],[15,23],[6,20],[18,12]],[[57351,35212],[24,5],[7,-3],[9,-1],[15,4],[11,-3],[8,2],[5,-3],[12,-2],[2,6],[-4,0],[-13,10],[-11,-4],[-4,7],[9,1],[-10,17],[-1,7],[7,3],[-9,16],[12,5]],[[57335,35294],[0,0]],[[57311,35305],[0,0]],[[57094,35334],[1,1],[31,8],[47,4],[57,-24],[52,-1],[32,-21],[16,-7],[12,-1],[18,4],[19,-1]],[[55367,32873],[9,1],[15,-9],[25,-2],[2,-9],[19,-5],[-6,-11],[12,-14],[-12,-6],[9,-10],[15,-1],[2,2],[19,-5],[-3,-6],[16,-3],[-4,-5],[10,-5],[-17,-15],[-35,-21],[-9,-17]],[[55434,32732],[-5,1],[-130,-9]],[[55299,32724],[-4,1]],[[55295,32725],[-12,1],[-11,9],[2,3],[-7,2],[-6,9],[4,1],[-2,11],[-50,18],[-54,9],[20,-24],[-10,-21],[-10,-2],[-63,2],[-12,-3],[-6,1],[-13,35],[-28,-5],[-23,39],[10,6],[-25,16]],[[55079,32900],[43,-22],[87,-65],[6,4],[-1,4],[23,8],[24,19],[22,-5],[48,0],[23,-6],[16,21],[-3,15]],[[56096,32134],[65,-108],[67,-74],[24,-74],[104,14]],[[56356,31892],[-9,-11],[19,-5],[-16,-22],[1,-4],[7,-2],[-2,-4],[4,-2],[-35,-39],[7,-1],[-9,-9]],[[56323,31793],[-1,0]],[[56322,31793],[-10,1],[-11,-3],[-10,5],[-10,1],[-5,3],[-19,-2],[-24,11],[-26,7],[-13,-1],[-6,5],[-24,1],[-20,10],[-9,-1],[-9,5],[-21,4],[1,4],[-14,8],[-5,10],[-31,15],[0,8],[-13,5],[0,2],[-11,-1],[-20,3],[-3,-7],[-14,-7],[-34,18],[-49,-31],[-19,8],[-20,-7],[12,-9],[-25,-6],[7,-6],[-28,-13],[44,-2],[-1,-5],[-205,-29]],[[55677,31797],[-14,21],[-2,20],[16,33],[-4,26],[-15,44],[-21,15],[23,10]],[[55660,31966],[19,10],[37,2],[13,7],[21,2],[26,-5],[65,-3],[24,4],[15,-6],[18,0],[11,-6],[27,2],[8,-4],[12,0],[10,5],[-7,13],[-23,15],[-10,11],[-25,9],[-12,10],[-15,5],[-20,12],[9,9],[-2,8],[8,11],[-4,15],[-8,11],[-2,11],[-5,5],[-5,-2],[-8,5],[-12,12],[-7,14]],[[55818,32148],[4,5]],[[55822,32153],[35,-8],[63,-22],[47,-8],[31,0],[30,2],[68,17]],[[56322,31793],[-23,-41],[-131,-3],[-78,-8],[-28,-20],[-41,-23],[-7,-14],[-18,-7]],[[55996,31677],[-35,-2],[-7,2],[-53,-10],[-33,-2],[-79,6],[-57,60]],[[55732,31731],[-55,66]],[[55937,32925],[19,-23],[60,-44]],[[56016,32858],[-18,-70],[-1,-30]],[[55997,32758],[-317,-15],[-214,-7],[-32,-4]],[[55367,32873],[-8,7],[31,11],[-21,17],[-20,38],[-20,25]],[[55329,32971],[165,43]],[[55494,33014],[14,-10],[31,-13],[47,-13],[22,9],[84,11],[6,-1],[57,-27],[-5,-11],[10,-10],[-10,-34],[181,-12],[6,22]],[[55695,32371],[17,-25],[4,-9],[-6,-3],[20,-41]],[[55730,32293],[2,-13],[4,1],[2,-6],[-4,-4],[9,-2],[-2,-4],[-90,13]],[[55651,32278],[-92,6],[-42,7]],[[55517,32291],[27,25],[-4,8],[-13,5],[-3,8]],[[55524,32337],[-9,24],[7,6],[-18,11],[6,9],[8,2],[4,6],[18,7],[1,3],[-6,3]],[[55535,32408],[2,4],[12,-1],[12,13],[5,-4],[9,1],[9,4],[17,-3],[69,-27],[25,-24]],[[56293,32426],[5,-13],[-44,-16],[-95,-46],[-110,-44]],[[56049,32307],[-16,40],[-30,35],[-30,22],[-21,-5]],[[55952,32399],[4,13],[-35,9],[-29,4],[-103,1],[-41,5],[-33,7],[-27,11],[-28,19],[-22,24],[-18,30],[-28,0],[-65,11],[-8,-8],[-16,4]],[[55503,32529],[-4,7]],[[55499,32536],[5,11],[17,9],[4,42],[-17,11],[-24,25],[-19,6],[-10,8],[-56,21]],[[55399,32669],[-59,26],[-6,5],[-17,5],[-6,4],[2,8],[-12,3],[-2,4]],[[55997,32758],[137,3]],[[56134,32761],[-18,-36],[-7,-68],[19,-2],[-2,-17],[11,-21],[37,-20],[50,-54],[-16,-24],[-21,7],[-48,1],[-7,-3],[-7,-9],[3,-14],[19,-10],[29,-4],[9,-9],[22,-1],[-9,-20],[37,1],[7,-10],[-6,0],[5,-16],[52,-6]],[[56349,32410],[23,-8],[9,0],[24,-10]],[[56405,32392],[-38,-55],[-14,2]],[[56353,32339],[-47,13],[-23,-26],[-70,-29],[-34,-24],[-18,-1],[1,9],[-26,19],[-84,-7],[-3,14]],[[56293,32426],[6,1],[12,-10],[24,-7],[14,0]],[[55796,32271],[3,-26],[-16,-5],[10,-3],[2,-6],[-16,-5],[-9,-18],[14,-7],[-6,-4],[47,-16],[2,-19],[-5,-9]],[[55818,32148],[-74,-16],[-29,-10],[-16,3],[-62,-21],[-98,32],[-39,8],[-14,10]],[[55486,32154],[-8,11],[-25,-6],[-58,56],[-3,8]],[[55392,32223],[152,17],[49,2],[49,-1],[9,37]],[[55730,32293],[13,3],[3,-3],[38,1],[5,-17],[7,-6]],[[55329,32971],[-40,-10],[-14,11],[-55,22]],[[55332,33094],[17,-1],[19,-6],[26,-3],[78,-25],[13,-34],[9,-11]],[[56007,32291],[-5,-12],[9,-10],[5,-1],[9,-30],[24,-11],[3,-9],[-2,-6],[-12,-2],[-26,-11],[3,-14],[19,-8],[11,-8],[-1,-4],[35,-11],[21,-2],[22,-10],[-26,-8]],[[55796,32271],[41,23],[32,-12],[9,4],[19,-16],[26,9],[13,8],[26,-14],[45,18]],[[56049,32307],[-42,-16]],[[55695,32371],[77,11],[61,-22],[21,4],[26,12],[72,23]],[[55535,32408],[-6,3],[-11,19],[-7,4],[4,2],[-5,11],[6,2],[-37,21],[7,3],[-14,9],[24,13],[7,34]],[[55392,32223],[-85,-10]],[[55307,32213],[-18,36]],[[55289,32249],[1,8],[12,5],[13,11],[4,-1],[10,10],[40,21],[27,-7],[97,-34],[24,29]],[[56353,32339],[3,-4],[-11,-10],[3,0],[-3,-5],[41,-22],[-5,-6],[-67,-6],[1,-33],[14,-39],[-24,-44],[-1,-10],[139,-9],[57,-1],[110,9],[72,12],[21,-2]],[[56703,32169],[-10,-29],[9,-16],[18,-17],[-9,0],[2,-4],[-11,-3],[-51,-7],[5,-13],[29,1],[-10,-36],[-11,-2],[-21,-11],[-11,-10],[-74,-15],[15,-5],[9,-8],[1,-19]],[[56583,31975],[-9,2],[-19,12],[-38,3],[-29,10],[-17,1],[-14,-7],[-12,-1],[-11,-18],[-23,-3],[-10,3],[-4,-12],[-14,-21],[-4,-16],[-8,0],[-15,-36]],[[58389,31879],[12,-10],[15,-2],[9,3],[21,-5],[4,3],[26,-17],[55,-26],[-13,-17],[6,-4],[-10,-11],[-9,-33],[-38,5],[-11,-6],[4,-1],[-1,-6],[4,1],[5,-4],[-1,-7],[8,0],[7,-5],[27,-5],[1,-6],[-22,-10],[-13,-2],[-6,-10],[-14,-10],[1,-4],[15,-5],[-18,0],[-12,-34],[-26,-39],[71,24],[28,18],[82,-24],[11,-11],[72,-48]],[[58679,31571],[-18,-27],[-16,-8],[-15,-18],[-36,4],[-32,13],[-22,-33],[-33,-24],[-14,-4],[-13,-16],[-16,-5],[-12,-3],[-20,5],[-13,5],[-13,11],[-15,-1],[-57,4],[-14,4],[-15,-1],[-6,10],[3,5],[-10,2],[-5,6],[-12,-2],[-46,10],[0,-6],[-20,-12],[3,-9],[-4,-5],[-15,0],[-26,-11],[2,-21],[-26,0]],[[58143,31444],[-10,8],[-2,13],[-21,3],[-23,-4],[-14,5],[-15,11],[-33,8],[-20,26],[-7,3],[-44,-14],[-13,1],[-12,5],[-15,14],[-7,8],[40,25],[39,56],[12,6],[31,7],[5,6],[-5,13],[-24,17],[-27,4],[-12,4],[-4,5],[-5,-7],[-6,-1],[-38,1],[-29,4],[-9,-2],[-10,-10],[-34,5],[-7,-9],[-29,4],[5,21],[23,38],[-9,2],[4,13],[4,2],[17,-2],[1,4],[-7,2],[-1,4],[7,31],[-36,49]],[[57803,31823],[177,32]],[[57980,31855],[133,24]],[[58113,31879],[20,-8],[-12,-5],[9,-9],[8,2],[2,-4],[2,-12],[-15,-6],[2,-6],[14,-2],[11,5],[5,-1],[0,-9],[-6,-2],[4,-6],[-10,-14],[7,1],[14,9],[29,13],[23,-19],[23,5],[-3,8],[13,4],[5,-5],[14,5],[11,-4],[1,-5],[20,4],[-8,35],[37,19],[17,4],[18,-1],[21,4]],[[58121,31904],[-18,1],[-11,6],[20,8]],[[58112,31919],[6,-2],[3,-13]],[[58123,31903],[17,-1]],[[58140,31902],[6,0]],[[58146,31902],[9,1]],[[58155,31903],[11,1]],[[58166,31904],[31,3],[3,-4],[-19,-8],[0,-3]],[[58181,31892],[-68,-13]],[[57980,31855],[6,6],[-8,4],[1,3],[10,3],[-16,16],[9,13],[-7,1],[-9,-2],[-10,-12],[-2,-12],[-13,-6],[-59,36],[14,5],[-5,12]],[[57891,31922],[24,15],[41,37],[41,46],[10,6],[17,3],[10,-4],[1,-7],[-25,-25],[-4,-15],[14,-40],[11,-15],[24,-10],[17,-4],[19,1],[4,-3],[-5,-1],[29,-5],[4,2]],[[58118,32279],[12,-40],[21,-29],[3,-93],[4,-5],[14,-5]],[[58172,32107],[56,-24],[0,-20],[-5,-8],[-32,-27],[-11,-5]],[[58180,32023],[-15,-10],[-3,-16],[-47,-70],[-12,-9],[-25,-4],[-36,9],[-15,17],[-13,43],[6,12],[23,21],[-5,12],[-5,3],[-11,2],[-22,-5]],[[58000,32028],[-7,4],[-1,16],[-42,-7],[-5,0]],[[57945,32041],[1,19],[-2,-19]],[[57944,32041],[-21,2],[4,15],[10,16],[-10,44]],[[57927,32118],[3,14],[19,24],[11,9]],[[57960,32165],[14,16],[37,27],[-8,42],[12,23]],[[58015,32273],[21,-2],[82,8]],[[59279,32445],[-68,-28],[-29,-25],[-70,-39],[-51,-34],[-42,-9],[-4,-5],[-86,-18],[-2,2],[-180,-40]],[[58747,32249],[-42,19],[-34,18],[-94,65],[-58,35]],[[58519,32386],[208,51],[53,10],[375,28],[69,7],[55,-37]],[[57392,32628],[0,-5],[8,-10],[19,-9],[11,-2],[10,2],[6,-3],[8,-2],[9,2],[9,-4],[12,3],[38,-5],[11,-12],[8,-2],[31,6],[23,1],[12,-4],[16,-13],[14,3],[18,-12],[4,-9],[36,-4],[23,5]],[[57718,32554],[68,-25],[10,-14],[-7,-20],[20,-26],[25,-6],[11,0],[-4,6],[12,13],[43,5],[0,7],[6,0],[11,4],[-5,4],[16,-1],[19,19],[38,9],[7,5],[48,5],[22,-4],[16,1],[18,9],[16,-1],[18,-7],[8,1],[3,24],[-8,26],[-19,20],[68,-35],[61,-61],[6,5]],[[58245,32517],[33,-18],[149,-64],[92,-49]],[[58519,32386],[-122,-17]],[[58397,32369],[-80,-6],[-275,-11],[-75,-7],[-75,-12]],[[57892,32333],[-133,-27],[-110,-15],[17,-34],[7,-28],[-2,-13]],[[57671,32216],[-11,-6]],[[57660,32210],[-33,7],[-13,0],[-43,17],[-46,2],[-6,3],[-46,2],[-1,-7],[-67,23]],[[57405,32257],[2,32],[11,-1],[37,10],[-2,21],[-45,3],[-5,28],[22,20],[33,19],[9,14],[18,6],[-1,10],[-9,15],[-16,5],[-37,4],[-23,-2],[-24,8],[-8,23],[18,-1],[24,6],[-1,17],[28,14],[5,9],[-4,6],[-15,2],[-82,-20],[0,6],[-31,-8],[-1,3]],[[57308,32506],[23,28],[-15,3],[10,19],[16,-4],[2,3],[2,16],[9,16],[-5,8],[3,4],[-11,11],[14,19]],[[57356,32629],[25,2],[11,-3]],[[57927,32118],[-160,-23],[-90,-8]],[[57677,32087],[-4,23],[-25,32],[-17,34],[6,18],[23,16]],[[57671,32216],[31,4],[46,13],[76,3],[0,-18],[12,-25],[9,3],[6,7],[39,5],[56,-32],[8,-1],[6,-10]],[[59157,32698],[1,-6],[15,-6],[11,-8],[7,-26],[32,-12],[39,-35],[26,-17],[0,-7],[-22,-28],[2,-8],[38,-37],[32,-4],[30,-14]],[[59368,32490],[-23,-18],[-66,-27]],[[58245,32517],[22,7],[54,45]],[[58321,32569],[22,18],[9,32],[29,47],[1,16],[204,27],[-34,57],[21,3],[135,31]],[[58708,32800],[324,75],[61,11]],[[59093,32886],[34,-14],[35,-33],[-12,-24],[-10,-9],[-2,-21],[5,-8],[0,-13],[-11,-22],[23,-26],[2,-18]],[[58454,32092],[-9,-44],[-7,-6],[-11,-3]],[[58427,32039],[-31,-1],[-23,2],[-34,8],[-19,-1],[-13,-6],[-8,-15],[4,-11],[3,-4]],[[58306,32011],[-4,-7],[-10,3],[-1,3],[-62,4],[-36,10],[-13,-1]],[[58172,32107],[55,32],[35,-2],[21,30],[71,8]],[[58354,32175],[19,-16],[20,-12],[50,-57],[11,2]],[[58900,31814],[15,-20],[58,-9],[29,-40]],[[58881,31626],[-190,-59],[-12,4]],[[58389,31879],[20,5],[20,17],[25,4],[-7,6],[-7,-4],[-19,10],[3,2],[-5,3],[6,3],[1,5],[-10,9]],[[58416,31939],[136,29]],[[58552,31968],[-8,-6],[2,-2],[-4,-14],[94,-2],[57,-7],[23,-26],[16,-12],[55,-22],[87,-39],[26,-24]],[[57677,32087],[-15,-1],[19,-23],[-4,-9]],[[57677,32054],[-9,0],[-2,-5],[-11,-5],[-23,8],[5,12],[-84,8],[-128,19],[-57,13]],[[57368,32104],[11,28],[10,3],[6,12],[17,4],[-9,69],[-6,1],[-1,20],[9,16]],[[58000,32028],[-16,-10],[-86,-78],[-23,-15],[-24,1],[-97,26],[-15,3],[-12,-1],[-8,3],[3,5],[26,16],[7,-2],[12,-14],[6,-1],[12,10],[9,-3],[5,1],[15,15],[9,-9],[14,1],[9,5],[2,7],[11,7],[15,17],[20,6],[31,1],[10,5],[10,17]],[[57717,31958],[-12,8],[-7,2],[-3,5],[2,6],[-8,5],[-6,13],[2,4],[-9,13],[18,10],[50,6],[14,9],[-11,7],[-70,8]],[[57944,32041],[-11,-17],[-9,-4],[-31,-1],[-19,-6],[-16,-17],[-12,-8],[-2,-7],[-8,-5],[-11,-1],[-8,10],[-5,0],[-15,-16],[-13,2],[-11,-9],[-18,16],[-7,1],[-26,-15],[-5,-6]],[[58561,32063],[34,-8],[44,-38],[6,-1],[23,2],[51,-15]],[[58719,32003],[-167,-35]],[[58416,31939],[-6,10],[-31,1],[-1,-4],[-43,-1],[-8,2],[-16,-4],[-3,4],[-5,-1],[23,12],[20,20],[19,6],[32,26],[20,24],[12,3],[-2,2]],[[58454,32092],[4,8],[13,-1],[10,-31],[10,-8],[21,-8],[11,-2],[14,2],[24,11]],[[58155,31903],[0,0]],[[58140,31902],[0,0]],[[58416,31939],[-235,-47]],[[58166,31904],[-18,-2],[-11,2],[-16,0]],[[58112,31919],[56,78],[2,14],[11,8],[12,2],[21,-8],[17,-3],[43,-1],[35,-10],[9,6],[-4,5],[-8,1]],[[59742,31935],[-78,33],[-111,24],[-27,3],[-54,-1],[-22,4],[-45,-9],[-69,0],[-37,3],[-26,-8],[-23,-2],[-23,10],[-12,2],[-61,-11],[-28,-1],[-39,-7],[-16,-12],[-20,-5],[-21,0],[-62,-10],[8,-15],[-7,-14],[-10,-6],[-6,-10],[4,-11],[-11,-11],[2,-6],[-17,-17],[4,-2],[-9,-11],[2,-19],[-11,-2],[-9,-5],[2,-2],[-10,-3]],[[58719,32003],[519,105],[27,7]],[[59265,32115],[27,-18],[20,-4],[9,-9],[15,-4],[29,8],[-2,6],[19,2],[3,6],[18,-5],[9,5],[21,-7],[9,3],[14,-12],[2,8],[8,-1],[5,4],[8,-2],[7,3],[8,-3],[16,5],[0,4],[7,3],[3,-6],[9,3],[24,-2],[2,-4],[13,-6],[1,-4],[15,-3],[-4,-6],[26,-2],[12,-9],[11,0],[6,4],[12,1],[-2,-13],[18,-8],[8,1],[7,-2],[13,3],[8,-3],[-2,-8],[15,-5],[18,6],[15,0],[4,5],[14,-13]],[[58356,32179],[-2,-4]],[[58118,32279],[10,0],[31,17],[58,-32],[76,4],[9,3],[34,-24],[12,-13],[2,-9],[-7,-22],[8,-5],[5,-19]],[[57803,31823],[-111,-21],[-311,-74]],[[57381,31728],[-6,7]],[[57375,31735],[59,14],[28,16],[13,40],[-4,2],[0,17],[12,28],[45,51],[24,11],[20,3],[25,-4],[50,-16],[44,2],[24,17],[9,26],[7,4],[51,-13],[78,-16],[15,0],[16,5]],[[57717,31958],[4,-5],[-13,-4],[-15,-8],[-33,-28],[-14,0],[-49,15],[-21,2],[-41,-10],[-15,-8],[-5,-5],[-5,0],[-34,-30],[-41,-57],[-2,1],[-8,-11],[-6,-1],[3,-3],[-16,-34],[-24,-16],[-22,0],[-4,8],[-8,-7],[-12,2],[-37,12],[-18,8],[-4,-1],[-15,6],[-19,10],[2,-3],[-44,11]],[[57201,31802],[-1,26],[-36,36],[-5,98],[3,20],[13,15],[20,10],[32,9]],[[57227,32016],[0,1]],[[57227,32017],[138,20],[2,21],[-5,33],[6,13]],[[58479,32221],[-76,-18],[-47,-24]],[[58015,32273],[14,18],[-12,8],[-42,8],[-11,15],[-13,7],[-38,1],[-10,-5],[-11,8]],[[58397,32369],[10,-17],[12,-45],[9,-4],[-4,-2],[19,-37],[36,-43]],[[58747,32249],[-121,-28],[6,-8],[-7,-10],[-3,-17],[-22,-18],[-36,8]],[[58564,32176],[-41,5],[-11,13],[-10,4],[2,6],[-20,10],[-5,7]],[[58564,32176],[-12,-28],[20,-1],[9,-23],[27,6],[11,-4],[-4,-8],[-44,-2],[-19,-11],[-2,-5],[-9,-6],[2,-11],[10,-6],[8,-14]],[[59544,32294],[-14,-5],[-27,-19]],[[59503,32270],[-25,-22],[-56,-63],[-38,-29],[-55,-27],[-64,-14]],[[59368,32490],[13,-3],[29,-1],[15,-6],[24,-29],[40,-29],[10,-15],[24,-14],[12,-24],[13,-11],[-2,-22],[-20,-16],[5,-12],[13,-6],[0,-8]],[[61941,32952],[36,-46],[22,-37],[3,-18],[-9,-22],[1,-26]],[[61994,32803],[-55,0],[-94,29],[-67,2]],[[61778,32834],[-10,10],[-6,15],[-25,5],[-32,19],[-29,11],[-51,27],[10,6],[75,26]],[[61710,32953],[13,-8],[11,-14],[20,10],[22,-24],[114,46],[29,-6],[10,7],[12,-12]],[[61994,32803],[-4,-33],[-16,-25]],[[61974,32745],[-14,-20],[5,-16],[-5,-8],[-11,-6],[-40,-8]],[[61909,32687],[-13,7],[-30,0],[-15,-9],[-80,-6],[-22,-6],[-46,5],[-20,-4]],[[61683,32674],[-2,2],[-39,-1],[-47,3]],[[61595,32678],[2,32],[13,0],[1,6],[29,1],[48,17],[-88,71]],[[61600,32805],[50,17],[73,-4],[12,4],[17,14],[26,-2]],[[61278,32155],[-2,-42],[-44,-55]],[[61232,32058],[-17,-35]],[[61215,32023],[-23,-37],[-17,-18],[-32,-22],[-30,-17],[-3,1]],[[61110,31930],[6,4],[-15,1],[-13,5],[-39,35],[-15,8],[-22,5],[-32,19],[-4,6],[11,10],[-6,9],[1,6]],[[60982,32038],[-4,4],[3,3],[-6,5],[-1,4],[6,3],[-3,21]],[[60977,32078],[19,4],[1,-4],[17,-1],[61,11],[-25,25],[-9,26],[-12,12],[-1,8],[7,-1],[-9,25],[28,0],[3,-18],[35,2],[2,-12],[72,3],[69,-4],[10,6],[15,-4],[3,1],[15,-2]],[[61191,32290],[0,-6],[31,-4],[6,-24],[3,0],[-7,-17],[-58,22],[-19,-18],[-7,-23],[151,-8],[-2,-29],[-11,-28]],[[60977,32078],[-33,27],[-14,18],[-22,3],[-12,14]],[[60896,32140],[-109,115]],[[60787,32255],[16,-4],[23,-2],[30,-10],[53,0],[13,2],[15,-2]],[[60937,32239],[7,-2],[28,1],[28,-12],[5,24],[7,8],[25,15],[29,6],[19,11],[7,0],[9,-5],[26,11],[14,-1],[15,-6],[35,1]],[[62022,32469],[-17,-53],[0,-15],[-36,4],[-21,-9],[-27,-31],[-25,-14],[-5,2],[-26,-21]],[[61865,32332],[-105,15],[9,26]],[[61769,32373],[19,53],[43,-7],[58,100]],[[61889,32519],[7,13]],[[61896,32532],[6,2]],[[61902,32534],[68,16],[39,1],[7,-15],[-9,-3],[-6,-8],[5,-17],[-13,-35],[29,-4]],[[61998,33347],[75,-24]],[[62073,33323],[134,-17],[-1,6],[19,-1],[-3,-34]],[[62222,33277],[-4,0],[-22,-55],[-26,-34],[-39,10],[28,22],[-50,17],[-27,-7],[-8,-7],[-42,-18],[-29,19],[2,9],[-31,-2],[-4,-6],[-17,-7],[-21,0],[-21,6]],[[61911,33224],[-57,8],[-17,7],[-36,7],[-16,18]],[[61785,33264],[0,12],[27,18],[62,76]],[[61874,33370],[9,-10],[12,-5],[38,-7],[65,-1]],[[61681,33077],[7,-14],[0,-18],[-17,-10],[3,-8],[-11,0],[-4,-6],[3,-11],[-10,-14],[-15,-5],[19,-4],[3,-4]],[[61659,32983],[-74,-16],[-39,-11]],[[61546,32956],[-7,7],[-42,-9],[-25,-2]],[[61472,32952],[-5,10],[-13,7]],[[61454,32969],[-2,19],[-9,7],[-18,5],[10,17],[-23,18],[8,3],[-14,13],[11,4],[-6,7],[25,23],[-3,3],[11,7],[43,-14],[5,13],[11,10],[-4,14],[-29,6],[3,6],[-18,2]],[[61455,33132],[11,14],[11,-1],[14,13],[1,7],[12,5]],[[61504,33170],[15,-19],[25,7],[14,0],[61,-17],[19,-24],[30,-23],[13,-17]],[[61290,32578],[2,-39],[-52,-3],[-55,1],[0,-4],[-6,-1],[8,-17],[24,-9],[-12,-13],[11,-5],[-10,-17],[9,-6],[2,-9],[-21,-8],[-13,-2],[-26,1],[-18,7],[-3,-7],[-15,-8],[-2,-8],[-7,-6]],[[61106,32425],[-23,16],[-40,6],[-26,-2],[-37,9],[-4,26],[5,9]],[[60981,32489],[40,-13],[12,2],[-11,25],[38,3],[16,19],[-16,17],[-17,4],[1,8],[3,-1],[10,9],[21,-2],[33,36],[62,1],[3,9],[26,3],[35,1]],[[61237,32610],[15,1]],[[61252,32611],[6,-1],[1,-20],[-5,0],[5,-3],[3,-9],[28,0]],[[61515,32522],[1,-21],[-6,-17],[-39,-39]],[[61471,32445],[-27,-22],[-23,-29],[-27,-21],[-22,-30],[-43,-47]],[[61329,32296],[-13,7],[-7,8],[2,20],[-5,6],[-24,7],[-35,0],[-15,10]],[[61232,32354],[-20,8],[-48,5],[-29,10],[-16,20],[-6,19]],[[61113,32416],[-7,9]],[[61290,32578],[82,2],[5,1],[6,-4],[7,0],[1,-34],[-10,-38],[87,15],[47,2]],[[62266,32982],[-7,-6],[6,-10],[-2,-8],[-27,-3],[1,-12],[-7,-4],[4,-10],[7,-25],[9,-17]],[[62250,32887],[-1,-9],[-4,0],[21,-5],[5,-21],[4,-3],[26,-5],[7,-14],[29,4],[25,1],[5,-8],[46,-15]],[[62413,32812],[5,-5],[2,-12]],[[62420,32795],[-100,-8],[-75,-11],[-41,-1],[-47,4],[-120,20],[-43,4]],[[61941,32952],[25,5],[13,-1],[17,12],[6,-1],[5,-7],[5,-1],[7,11],[9,4],[6,-2],[3,-8],[9,-2],[25,12],[1,3],[16,-2],[26,1],[36,12],[20,-7],[19,-1],[40,0],[20,5],[17,-3]],[[61472,33288],[23,-9],[6,7],[0,5],[22,-11],[25,-3],[-1,-6],[47,2],[16,-10],[7,-1],[14,6],[27,-10],[22,0],[3,7],[22,-1]],[[61705,33264],[-11,-12],[29,-13],[2,-10],[10,-5],[-1,-13],[-15,-3],[-3,-7],[27,-7],[-13,-14],[5,-4],[-8,-7],[-6,-11],[16,-11],[-6,-6],[10,-9],[-12,-1],[-9,-9],[-13,-1],[-7,-4],[8,-8],[-3,-1],[6,-11],[-6,-1],[2,-3],[20,-10],[0,-3],[-46,-3]],[[61504,33170],[-16,19],[-32,18],[-64,15]],[[61392,33222],[4,21],[22,4],[-2,9],[10,1],[-1,6],[6,1],[-6,16],[20,-2],[-4,15],[29,-8],[2,3]],[[61546,32956],[8,-8],[-40,-50],[11,-2],[4,6],[41,-8],[3,-2],[-3,-5],[20,-10],[-60,-34],[13,-14],[31,9],[14,-22],[12,-11]],[[61600,32805],[-29,-4],[-53,-12],[-104,7],[-32,10],[-18,10],[-17,18],[-16,4]],[[61331,32838],[6,10],[24,10],[42,25],[26,11]],[[61429,32894],[40,12],[31,18],[4,14],[-32,14]],[[61865,32332],[14,1],[-3,-11],[-6,-1],[-12,3],[-12,-11]],[[61846,32313],[-36,9],[-11,-52],[-8,-17],[8,-3],[-9,-1],[5,-11],[23,-25]],[[61818,32213],[-56,-14]],[[61762,32199],[-10,-3],[1,-10],[-8,-15],[-24,-11],[-21,2],[-29,-5],[-78,2],[-21,-2]],[[61572,32157],[-15,-1],[-13,3],[-25,12],[-11,11],[6,10],[56,25],[-4,29],[-9,10]],[[61557,32256],[2,1],[61,-14],[19,-1],[5,6],[-3,21],[-11,15],[6,26],[-9,45],[4,9],[19,16],[15,21]],[[61665,32401],[53,-21],[36,-7],[15,0]],[[61623,32416],[44,-13],[-2,-2]],[[61557,32256],[-31,9],[-13,-1],[-22,-24],[1,-7],[16,-12],[-3,-6],[-10,-4],[-10,0],[-13,7],[-33,9],[-14,7],[-5,11],[2,16],[24,26],[5,29],[11,15],[-10,14],[-18,9],[-7,-1],[-10,-10],[15,-13],[-3,-10],[-17,-5],[-34,-1],[-14,-16],[-35,-2]],[[61471,32445],[54,-19],[28,-13],[21,-17],[14,-16],[35,36]],[[61889,32519],[-88,1],[-40,5]],[[61761,32525],[-44,4],[-2,-2],[-200,-5]],[[61515,32522],[-6,85],[58,1]],[[61567,32608],[-8,-17],[11,-4],[68,20],[12,-1],[5,-6],[72,18]],[[61727,32618],[20,-29],[17,-15],[24,2],[6,-14],[23,1],[1,-9],[58,-1],[5,-22],[15,1]],[[62420,32795],[20,-17],[9,-14],[-10,-8],[1,-8],[-13,-6],[-8,-13],[-27,-4],[5,-7],[3,0],[17,-15],[11,-2],[-2,-3]],[[62426,32698],[-15,-1],[15,-7],[-10,-13],[-17,-2],[-61,-26]],[[62338,32649],[-19,-6],[5,-8],[-17,-2],[4,-12],[-46,17]],[[62265,32638],[-106,43],[-20,16],[-13,21],[-152,27]],[[61911,33224],[-13,-38],[7,-20],[9,-10],[21,-12],[31,-10],[-19,-20],[37,-13],[14,-17]],[[61998,33084],[-175,-54],[-52,-21],[-42,18],[-20,-16],[-20,-22],[-30,-6]],[[61705,33264],[51,5],[29,-5]],[[61581,33413],[30,3],[6,8],[45,5],[10,8],[67,10],[10,6],[3,5],[7,0],[9,-4],[1,-9],[26,-1],[11,-3],[7,2],[21,-13],[23,-21],[9,0],[18,-14],[-12,-10],[2,-15]],[[61472,33288],[19,37],[-97,-19],[-55,-20],[-16,-2],[-17,21],[-1,29]],[[61305,33334],[-14,32],[-8,11],[5,3],[-6,1],[-2,5],[1,11],[9,8],[84,47],[56,7],[12,6],[36,-4],[83,-37],[9,-12],[11,1]],[[61595,32678],[-51,-2],[-24,10],[-68,13],[-29,-4]],[[61423,32695],[-2,5],[6,2],[-2,5],[5,1],[-7,12],[-21,-5],[-19,2],[-19,27]],[[61364,32744],[-27,19],[-18,4],[-6,5],[6,3],[-11,9],[-24,0],[30,25],[-3,2]],[[61311,32811],[13,8],[7,19]],[[62213,32591],[-14,-5],[9,-6],[-19,-31],[-8,-54]],[[62181,32495],[-5,-33],[-5,0],[-9,-12],[-10,6],[-12,3],[0,2],[-10,1],[-1,4],[-9,-1],[-6,4],[-21,1],[-2,4],[-10,0],[-4,4],[-10,-1],[-7,3],[-1,3],[-10,0],[13,-13],[-15,-3],[-25,2]],[[61902,32534],[16,11],[38,17],[8,27]],[[61964,32589],[51,3],[-10,17],[7,6],[22,-1],[1,14],[14,6],[-10,12],[6,2],[21,-11],[5,-10],[2,-27],[116,17],[8,-19],[15,1],[1,-8]],[[62265,32638],[-13,-39],[-39,-8]],[[61964,32589],[-29,-3],[-44,67],[30,6],[-9,15],[-3,13]],[[62147,33121],[-4,-9],[8,-3],[11,0],[2,-2],[-12,-3],[22,-21],[44,5],[-16,-7],[39,-13],[25,-18],[15,5],[24,-11],[2,-8],[-17,-6],[2,-7],[-8,-12],[4,-9],[-3,-7],[9,-1]],[[62294,32994],[-9,-13],[-19,1]],[[61710,32953],[-18,10],[-35,-7],[-2,2],[25,13],[-20,8],[-1,4]],[[61998,33084],[52,20],[47,25],[-2,-6],[18,0],[11,-3],[23,1]],[[61683,32674],[18,-29],[17,-13],[9,-14]],[[61567,32608],[14,27],[-101,1],[-40,16],[-46,-15],[-7,10],[-7,-1],[-2,6],[11,1],[-5,5],[6,0],[0,4],[-12,0],[-1,9],[3,14]],[[61380,32685],[43,10]],[[62359,33203],[-2,4],[-17,-8],[-6,-8],[-15,-5],[2,-3],[-6,-3],[4,-2],[-7,-2],[-18,0],[-13,7],[-26,-2],[-15,2],[-27,-4],[-1,-6],[-10,-1],[-7,-5],[-7,-12],[5,-1],[0,-6],[-5,-3],[-4,2],[2,-6],[-13,-8],[0,-5],[-11,-5],[-15,-2]],[[62222,33277],[13,-3],[42,-31],[54,17],[28,-30],[14,-7],[-14,-20]],[[61572,32157],[-23,-9],[-19,-3],[1,-4]],[[61531,32141],[-135,-5],[-6,-14],[-8,-4],[8,-4],[8,-37],[2,-30],[-4,-3],[-59,6],[-89,5],[-16,3]],[[61191,32290],[-5,19],[2,7],[17,6],[4,4],[5,0],[18,28]],[[61761,32525],[-4,-1],[-21,-21],[-30,-21],[-29,-11],[-54,-55]],[[61529,32038],[2,-19],[-5,-6],[5,-9],[-6,-9],[5,-4],[-3,-3],[9,-2],[-2,-3],[12,-10],[-4,-4],[0,-12],[-8,-8],[8,-17],[-4,-4],[3,-7],[11,-8],[4,-8],[-6,-4],[14,-5],[3,-12]],[[61567,31884],[-24,7],[-54,7],[-69,30],[-42,8],[10,24],[17,-2],[0,6],[4,3],[-2,3],[5,2],[1,8],[-11,9],[-31,-1],[-40,-10],[-14,0],[-25,18],[-8,17],[-9,7],[-38,8],[-1,-3],[-10,0],[-4,-5],[-7,3]],[[61531,32141],[-1,-12],[-41,-15],[23,-18],[-15,-2],[0,-23],[15,0],[5,-9],[-17,-1],[-5,-22],[34,-1]],[[61252,32611],[128,74]],[[61567,31884],[17,-5],[-37,-97]],[[60844,31763],[76,8],[58,15],[14,7],[23,21],[34,65],[20,22],[4,0],[37,29]],[[59578,35293],[-40,-30],[-15,16],[-44,-9],[8,-14],[8,-1],[-12,-17],[4,-5],[-6,-14],[-6,-2],[2,-10],[-109,-4]],[[59368,35203],[-23,19],[-19,6],[5,12],[22,-1],[15,2],[4,4],[-9,16],[12,2],[-9,18],[12,2],[-17,35],[5,0],[-5,12]],[[59361,35330],[21,30],[-5,6],[3,7]],[[59380,35373],[29,10],[13,-16],[28,-17],[11,-2],[13,2],[11,-11],[12,4],[25,-9],[4,-27],[52,-14]],[[59361,35330],[-18,-1],[-13,-4],[-10,2],[-4,21],[6,3],[-20,21],[-10,-6],[-37,5]],[[59255,35371],[-29,15],[-32,29]],[[59194,35415],[138,25]],[[59332,35440],[43,-44],[5,-23]],[[59173,35438],[-172,-61],[13,-10],[18,-6],[-3,-1],[11,-6],[6,0]],[[59046,35354],[-34,-18],[-22,7],[-5,-9],[-30,-9],[3,-24],[18,-28],[-1,-18],[12,-7]],[[58987,35248],[-10,-7],[-46,-17]],[[58931,35224],[-24,6],[-30,-1],[-34,-12],[-15,4],[7,6],[-10,15],[-24,9],[-4,20],[16,11],[2,12],[-31,36],[-7,0],[-11,8],[-4,13],[9,7],[5,9],[10,5],[13,17],[0,11],[-13,10],[-4,9]],[[58782,35419],[28,2],[15,7],[9,-1],[24,17],[9,1],[11,14],[30,7],[4,5],[-3,4],[6,5],[35,4],[15,22],[10,3],[38,3],[26,-7],[28,-3]],[[59067,35502],[15,3],[26,11]],[[59108,35516],[16,-19],[-9,-5],[-9,0],[9,-5],[6,-12],[27,-16],[-42,-17],[16,-7],[33,7],[9,0],[9,-4]],[[59368,35203],[-41,-1],[-7,2],[-22,-15],[-14,0],[-6,9],[-8,-2]],[[59270,35196],[-41,29],[-14,5],[-10,-6],[-32,-2],[5,5],[-12,0],[-8,3],[3,2],[-9,7],[-64,-26]],[[59088,35213],[2,10],[-5,8],[-10,3],[-13,-3],[-2,9],[9,17],[-6,0],[3,9],[-3,0]],[[59063,35266],[-5,28],[44,2],[49,16],[-12,15],[18,10],[21,6]],[[59178,35343],[23,4],[25,0],[18,11],[11,13]],[[59464,35032],[-57,-13],[-32,-2],[-34,2]],[[59341,35019],[-81,9],[-47,-1]],[[59213,35027],[-183,-24]],[[59030,35003],[-14,10],[0,9],[14,19],[-20,-2],[-12,2]],[[58998,35041],[44,31],[19,-15],[38,37],[-22,8],[17,10],[18,20],[6,-2],[4,9],[9,-7],[4,1],[7,-14],[7,-1],[29,-24],[11,-3],[-7,-5],[16,-9],[26,5],[5,4],[-3,1],[4,7],[16,13],[-4,1]],[[59242,35108],[24,2],[0,7],[3,-4],[3,4],[15,2],[-2,2],[9,-1],[1,5],[22,-1],[6,-3],[10,2],[23,16],[16,6],[15,-1],[35,-47],[40,8],[3,-3],[-5,-1],[21,-27],[-36,-9],[15,-19],[4,-14]],[[59647,35172],[-5,0],[-15,-24],[-21,-19],[-98,-73],[-44,-24]],[[59242,35108],[-27,17],[-36,38],[6,2],[-4,4],[10,0],[-10,11],[3,3],[86,13]],[[59578,35293],[22,20],[37,4]],[[59341,35019],[-2,-8],[11,-28],[-2,-27],[142,-25],[27,-24],[24,-10],[30,-18]],[[59571,34879],[-13,-12],[-10,-2],[-5,-7],[-46,-8],[5,-6],[-6,-11],[13,0],[1,-2],[-23,-1],[-36,6],[-30,-5],[3,-7],[-22,-9],[-15,10],[-13,-3]],[[59374,34822],[-2,11],[-10,11],[-64,53],[-45,50],[-14,20],[-9,33],[-17,27]],[[59074,34624],[13,4],[13,22],[-6,18],[-8,8],[123,53],[40,29],[20,6],[10,9],[18,5],[30,-4],[26,10],[2,5],[27,5],[-8,28]],[[59571,34879],[47,-42],[83,-109],[60,-57],[23,-27],[13,-9],[-1,-3],[-20,-12],[-16,18],[-3,11],[-58,10],[-99,-36],[-11,-3],[-9,3],[7,9],[-20,11],[-8,12],[1,22],[-8,15],[-15,6],[-23,24],[-30,13],[-38,-30],[-4,6],[-6,0],[-23,-6],[-20,6],[-9,0],[1,-4],[-8,-1],[-25,-16],[5,-2],[-26,-9],[-4,-4],[-4,2],[-10,-7],[12,-8],[0,-4],[-19,-9],[-10,-13],[-21,-11],[-44,-31],[-35,-35],[-19,4],[-51,-1],[-5,13],[-47,49]],[[59074,34624],[-15,-9],[-4,-7],[-9,-2],[-2,-7],[-31,-7],[-22,-1],[-15,-7],[-22,14],[-6,13],[-12,8],[3,7],[-21,17],[-10,5],[-23,4],[-3,20]],[[58882,34672],[6,33],[-7,16],[11,20],[-6,15],[9,7],[-1,7],[6,9],[11,7],[-7,8],[6,7],[-3,8],[-10,6],[-8,1],[0,5],[-8,-2],[-16,9],[-11,1],[-1,4],[-12,0],[-5,4],[-21,-6],[-23,4],[-13,7],[-9,-1],[-9,5],[-9,0],[-9,8],[-23,8],[3,5],[-15,6],[-9,14],[-23,11],[-3,10],[-8,6],[-1,5],[-12,6],[2,3],[-7,10],[12,12],[-4,9],[-12,9],[14,10],[16,3],[-8,6],[6,7],[13,6],[-5,11]],[[58679,35011],[111,-15],[42,-2],[145,4],[53,5]],[[58998,35041],[-59,8],[-18,72]],[[58921,35121],[31,2],[48,11],[38,-2],[25,6],[-11,24],[39,3],[40,19],[-43,29]],[[59332,35440],[-15,15],[25,6],[-2,4],[48,11],[-51,49],[11,1],[47,-7],[48,17],[16,8],[26,7]],[[58931,35224],[-4,-9],[29,-13],[9,-2],[3,-6],[-28,-4],[2,-3],[-60,-7],[31,-59],[8,0]],[[58679,35011],[-4,18],[2,9],[-2,5],[-15,6],[6,8],[-4,3],[-10,2],[-15,10],[-7,-3],[-17,2],[-10,11]],[[58603,35082],[6,8],[4,15],[-43,14],[-43,-11],[-17,19],[11,15],[-7,17],[1,13],[-6,2],[0,19],[-21,5],[-13,24],[-9,0],[-19,13],[3,5],[-2,9],[6,7],[-17,8],[0,11],[28,10],[-7,12],[8,7]],[[58565,35391],[15,7],[-2,3],[7,5],[15,6],[12,1],[7,5],[8,-2],[22,4],[19,0],[10,3],[5,-3],[5,3],[20,-4],[1,-4],[37,-3],[9,8],[16,3],[9,-1],[2,-3]],[[58987,35248],[17,13],[59,5]],[[59194,35415],[-15,-4],[-6,27]],[[59108,35516],[34,8],[44,16],[14,2],[8,-2],[34,11],[6,18],[13,15],[8,21],[10,5],[-1,5],[32,-10],[39,17],[25,-3],[12,-6]],[[59178,35343],[-26,9],[-17,0],[-18,-3],[-12,4],[-29,-11],[-7,9],[-18,6],[-5,-3]],[[59912,34925],[23,-19],[32,-38],[23,-18],[-1,-5],[16,-12],[10,-22],[19,-10],[69,-27],[61,-3],[16,3],[22,0],[62,-12],[-13,-49],[-2,-57],[18,-38],[27,-39]],[[60294,34579],[23,-37],[60,-65],[-2,-9],[-25,-27],[-7,-12],[-8,-27],[3,-8],[-3,-16],[-21,0],[-13,-3],[-18,-21],[23,-40],[14,0],[-5,-8],[4,-1]],[[60319,34305],[4,-5],[-3,-12],[-16,-18],[4,-5],[-6,-9],[-6,-2],[1,6],[-51,-2],[-4,-6],[-23,-3]],[[60219,34249],[-46,4],[-11,5],[-9,11],[-114,-8],[-9,-4],[-20,-24],[6,-1],[2,-6],[-12,-34],[-21,-2],[-8,6],[-10,1]],[[59967,34197],[-43,2],[-39,-6],[-23,-9],[-35,-1],[-17,2],[-28,16],[-12,3],[-5,6],[5,15],[-3,62],[-43,31],[-21,29],[-56,41],[-35,-21],[-7,-7],[-1,-6],[-21,-3],[-3,-4],[-2,3],[-9,-5],[-20,6],[-11,-1],[3,-4],[-6,-1],[14,-21],[2,-11],[-5,0],[11,-11],[-12,-10],[-4,-20],[12,-14],[-8,-6],[-13,-31]],[[59532,34221],[-14,4],[2,-4],[-15,2],[-14,-10],[-13,-1],[-6,-9],[-14,-10],[16,-7],[13,2],[10,-6],[7,0],[3,-6],[-11,-4],[6,-4],[-12,-5],[-7,1],[-17,-5],[-21,-8],[-36,18],[0,3],[-25,-6],[-11,-7],[-32,-9],[-24,-31]],[[59317,34119],[-59,4],[-170,52],[-106,25],[-24,8]],[[58958,34208],[-9,6]],[[58949,34214],[-34,20],[-33,10],[-17,2],[-43,98],[6,13],[18,13],[5,10],[-6,25],[-8,20],[-19,20],[-4,13],[-11,11],[-19,10],[-2,34],[-35,46]],[[58747,34559],[31,21],[8,20],[18,16],[2,22],[6,10],[10,3],[40,3],[20,18]],[[58332,36067],[-2,-4],[15,-12],[8,-14],[14,-14],[17,-6],[6,-12],[13,-10],[-6,-9],[15,-12],[8,0],[11,-7],[-7,-43],[19,-5],[10,-7],[29,3],[6,-8],[21,-4],[14,-9],[23,-5],[17,-12],[19,-1],[16,-20],[-8,-6]],[[58590,35850],[-49,16],[-17,-1],[-19,-5],[-18,-13],[-6,-27],[-22,-32],[-12,-10],[-15,-5],[-16,-1],[-29,7],[-44,25],[-16,0],[-21,-8],[-7,-8],[11,-13],[14,-40],[19,-31],[-2,-7],[-10,-6],[-47,0],[-16,2],[-33,21],[-21,23],[-20,13],[-22,5],[-31,-3]],[[58141,35752],[-3,5],[-14,6],[-16,1],[-22,12],[2,2],[-19,15],[-51,33],[-19,4],[-20,-7],[-3,9],[-14,9],[-15,18],[-12,9],[-30,14],[-23,31],[-22,16],[32,15],[10,8],[7,1],[12,9],[6,-1],[2,4],[6,-1],[10,5],[1,7],[6,4],[1,13],[18,9],[17,15],[0,6],[10,10],[-4,7],[5,9]],[[57999,36049],[52,1]],[[58051,36050],[32,-17],[0,-13],[128,40],[59,4],[39,7],[23,-4]],[[59561,35687],[-46,48],[-12,2],[-18,-2],[-8,3],[-4,10],[6,9],[-2,5],[5,4],[-86,23]],[[59396,35789],[164,45],[7,8],[-1,23],[11,5],[0,8],[13,1],[24,10],[73,43],[108,40],[40,23]],[[59835,35995],[9,-2],[15,-11],[-19,-15],[0,-8],[4,0],[0,5],[20,-3],[-17,-17],[7,0],[11,-15],[-12,-9],[41,-23],[5,-20]],[[60710,36729],[-20,7],[-24,-1],[-12,-3],[-32,2],[-14,-2],[-9,2],[-1,3],[-18,-5],[-6,3],[-11,1],[-35,10]],[[60528,36746],[-2,12],[20,1],[17,5],[13,21],[-35,9],[-23,23],[-3,6],[6,7],[20,9],[-16,5],[-6,-2],[-22,2],[-9,11],[-14,8],[-5,-12],[-28,2],[5,4],[1,19],[3,1],[-20,14],[10,9],[-24,14],[20,14],[34,-16],[6,-1],[10,4],[-18,2],[-53,21],[-14,17],[3,18],[-26,7],[-7,21],[-37,25],[-8,20],[-6,3],[4,16],[-4,28],[-20,9],[-8,12],[9,3],[0,8],[11,-1],[6,2],[11,11],[14,8],[-12,9],[2,26],[-15,6],[-19,33],[4,30],[-12,19],[7,6],[5,26],[-4,17],[-14,23],[18,23],[45,25],[-33,6],[-76,2],[-29,6],[-3,4],[-43,-5],[-35,0],[-25,-4],[-3,-65],[39,12],[21,2],[32,-7],[40,0],[-6,-11],[-18,-16],[-26,11],[1,8],[-17,-2],[-42,-11],[-23,-1],[-5,-149],[-17,6],[-47,9],[-37,13],[-25,4],[-16,1],[-5,-2],[11,-15],[-4,-13],[4,-5],[-14,-20],[-18,-2],[-3,-4],[28,-47],[-1,-33],[-9,-13],[-5,-35],[-72,-27],[-15,-19],[-17,-4]],[[59835,36962],[-116,-16],[-42,-41],[-27,-44],[-23,-4],[5,-7]],[[59632,36850],[-39,10],[-55,5],[-17,8],[-27,2],[-31,-10],[-36,-19],[-43,-11],[-40,-5],[-77,4],[-28,-4],[-45,42],[-7,3],[-11,1],[-13,6],[-28,4],[-9,13],[-29,14],[0,4],[-12,4],[-61,39],[-51,82],[-17,6],[-29,5],[-9,7],[-9,-3],[1,7],[21,20],[7,26],[6,1],[8,14],[11,5]],[[58963,37130],[59,-9],[30,5],[-14,8],[-4,9],[6,10],[5,1],[3,12],[-3,9],[-11,10],[1,13],[14,13],[7,1],[5,10],[-13,5],[-9,9],[-4,20],[-73,69],[48,19],[54,48],[44,31],[-14,33],[-36,28],[15,21],[61,-22],[13,3],[54,39],[55,-1],[23,15],[9,18],[23,11],[0,9],[113,23],[40,1],[51,85],[223,-61],[-15,-26],[-24,-26],[15,-9],[16,5],[22,1],[42,12],[57,4],[20,35],[-2,10],[11,6],[-6,12],[4,12],[-5,17],[-35,8],[-3,10],[-10,6],[-29,-2],[-28,2],[-7,11],[-29,11],[-13,18],[4,7],[-23,13],[-9,12],[-17,2],[-12,17],[-15,8],[-2,6],[8,11],[-22,22],[-9,-1],[-11,5],[-9,-4],[-5,8],[-17,3],[-19,-12],[-29,-1],[-13,-4],[-19,1],[-35,15],[-3,5],[-16,3],[-7,4],[2,3],[-12,1],[1,7],[-7,1],[-3,5],[-6,0],[-11,10],[-20,3],[-13,7],[-36,21],[0,5],[-9,3],[-1,6],[-10,3],[-2,5],[-5,-1],[-4,7],[-25,13],[-38,5],[-21,8],[-26,2],[-12,-3],[-38,3]],[[59143,37976],[43,17],[164,33]],[[59350,38026],[47,-27],[57,-25],[20,-2],[57,4],[52,14],[28,1],[19,-4],[74,-3],[66,-31],[32,22],[34,7],[43,6],[65,4],[14,3],[7,-2],[16,9],[20,1],[13,-1],[32,6],[23,-8],[32,8],[16,1],[24,8],[27,22],[99,14]],[[60267,38053],[19,-52],[2,-22],[-17,-9],[-2,-8],[4,-7],[-10,-25],[-16,-11],[-9,-18],[-19,-7],[-11,0],[-27,-8],[-6,-8],[-36,-22],[-4,-12],[-6,-1],[-15,-11],[-14,-20],[6,-30],[-4,-9],[7,-4],[2,-11],[-7,-5],[15,-7],[-1,-13],[15,-12],[0,-9],[15,-17],[-6,-10],[-6,-1],[4,-6],[-5,-9],[11,5],[24,-5],[61,-42],[30,-25],[19,11],[48,-2],[-4,-3],[-2,-20],[33,-8],[28,-24],[6,-2],[11,4],[34,-18],[-13,-10],[5,-4],[54,21],[1,-4],[-18,-7],[20,-36],[-2,-2],[14,-10],[-28,-23],[-4,-7],[19,-6],[32,-5],[14,-6],[29,7],[12,-15],[19,4],[45,0],[9,-5],[1,-10],[-8,-16],[5,-2],[2,-8],[9,-9],[13,-4],[7,-14],[5,-1],[42,7],[4,-2],[51,-58],[20,-9],[-3,-6],[-9,-5],[-3,-12],[-8,-11],[-10,-8],[7,-8],[-15,-4],[-2,-10],[-19,-13],[-8,-11],[19,-4],[60,1],[15,41],[112,16],[13,19],[11,9],[18,4],[64,-48],[38,-21],[-10,-36],[9,-40],[-3,-28],[-6,-29],[-9,-5],[-4,-23],[-12,-6],[2,-13],[8,-1],[3,-4],[-5,-6],[2,-8],[15,-6],[5,-8],[10,-5],[-5,-9],[15,6],[-3,18],[41,7],[2,-3],[38,-13],[10,-14],[-13,-21],[-24,-9],[0,2],[-26,11],[-10,-5],[-16,6],[-32,-4],[-3,-26],[-11,-9],[-45,-7],[-14,13],[-15,-1],[0,6],[-9,2],[-15,-32],[-25,-5],[5,-3],[1,-11],[-51,-13],[13,-15],[12,-5],[-32,-2],[-38,-14],[4,-6],[17,-2],[11,-9],[-6,-4],[10,-7],[24,6],[28,3],[17,-16],[-9,-7],[-22,-2],[-23,-7],[-5,-7],[-48,-17],[1,-5],[-14,-13],[-7,-2],[-14,1],[-13,-9],[-14,-1],[-3,-5],[-13,-1],[-39,-28]],[[59596,36051],[19,-1],[19,7],[11,13],[-1,19],[11,5],[11,1],[4,-3],[6,-17],[12,-12],[-6,-17],[1,-13]],[[59683,36033],[5,-17],[10,-3],[18,5],[24,13],[14,1],[4,-5],[3,-35],[17,-9],[16,-1],[29,13],[12,1]],[[59835,35996],[0,-1]],[[59396,35789],[-61,14],[-47,5],[-83,17]],[[59205,35825],[1,13],[6,8],[22,-1],[12,5],[29,5],[5,6],[-9,20],[-33,22],[3,15],[-5,27],[-7,4],[21,11],[-8,3],[1,20],[-10,14],[-19,-1],[-5,3]],[[59209,35999],[34,12],[14,2],[19,-3],[13,4],[5,9],[-13,33],[10,9],[27,6],[50,-4],[29,1],[15,5],[24,25],[25,6],[18,-1],[12,-4],[28,-29],[30,-13],[24,-5],[23,-1]],[[60710,36729],[6,-4],[14,-2],[0,-3],[12,-4],[10,2],[23,-6],[7,4],[24,-5],[15,1],[17,-4],[15,1],[4,-4],[28,-1],[7,-4],[7,2],[6,-1],[15,7],[46,-11],[5,3],[27,1],[14,8],[11,-3],[39,4],[16,-5],[8,2],[46,-9],[25,-11],[0,-4],[16,-3],[19,-34],[12,-6],[20,-16],[16,-6],[0,-15],[10,-11],[44,-14],[13,-11],[14,-2],[22,-10],[14,-8],[13,-14]],[[61370,36533],[-1,-5],[7,-11],[-2,-22],[-45,-10],[0,-3],[-21,-5],[-43,0],[-26,25],[-8,4],[-38,-11],[-79,-35],[-97,-12],[-12,-5],[-76,-13],[-27,-16],[-42,-34],[-22,-8],[-28,-19],[-15,-5],[-11,-15],[7,-16]],[[60791,36317],[-67,-16],[-18,-8]],[[60706,36293],[-35,-16],[-22,-5],[-14,2],[-8,-3],[-15,-1],[-42,-14],[-12,4],[-11,-2],[-39,33],[-19,4],[-11,0],[6,14],[-41,10],[-122,42]],[[60321,36361],[-34,14],[11,17],[47,30],[-56,26],[73,48],[-8,5],[14,-2],[49,33],[-21,17],[-6,-3],[-26,0],[-14,4],[-1,14],[-13,14]],[[60336,36578],[-17,14],[9,5],[-5,6],[7,5],[-10,7],[-9,-2],[-15,16],[-21,9],[-20,13],[-9,-4],[-2,1]],[[60244,36648],[11,7],[39,15],[22,4],[1,21],[21,6],[40,-13],[20,-3],[25,5],[25,0],[14,7],[4,-1],[7,34],[-17,4],[13,18],[6,-2],[9,2],[17,-10],[27,4]],[[58963,37130],[-9,0],[-28,-17],[-29,-8],[6,-28],[-11,-7],[0,-14],[-11,-3],[-2,-7],[-4,-1],[-9,5],[-17,-15],[-17,-8],[-22,-1],[-15,-5],[-18,-15],[-5,-30],[33,-7],[9,-20],[20,-12],[2,-6],[-11,-47],[43,-22],[-4,-4],[-32,-11],[-5,-17],[-27,-4],[-16,-11],[-14,-33],[-5,-46],[9,-10],[26,-15],[-19,-18],[-37,-24],[2,-6],[12,-7],[2,-7],[-29,-34],[1,-15],[-19,-5],[-46,-4],[-19,-7],[1,-9],[6,-5],[30,1],[2,-13],[7,-7],[36,-7],[-23,-10]],[[58707,36534],[-13,-8],[-18,-6],[-39,-3],[-45,-22],[-32,-2],[-13,-13],[-2,-12],[-34,-13],[-5,-7],[-24,-3],[3,-7],[-10,-3],[-1,-6],[8,2],[-1,-3],[-42,-11],[-18,2],[-9,-13],[-10,-4],[-2,5],[-6,1],[-9,-7],[-16,1],[-7,-10],[-11,6],[-12,1],[-11,-8],[-2,-6],[-6,-2],[4,-3],[-7,-3],[-1,-10],[-24,0],[-1,3],[9,2],[-10,3],[-16,-8],[-4,-11],[-15,1],[1,-5],[-9,3],[2,-9],[-7,-3],[-2,-8],[14,-3],[-2,-10],[-11,-9],[-31,-13],[-2,-6],[-4,0],[-6,-4],[2,-4],[-7,1],[1,-4],[-8,0],[-15,-7],[9,-1],[-3,-3],[7,-3],[-3,-1],[-14,2],[2,-6],[-13,-7],[4,-3],[-7,0],[1,-6],[-22,1],[-6,2],[-3,-6],[-10,6],[-7,-4],[-13,3],[-15,-6],[-5,-6],[-8,2],[5,7],[-21,-4],[-22,1],[-5,1],[3,4],[-7,0],[-4,7],[-8,-5],[-3,2],[-9,-1],[-4,2],[2,5],[-7,-6],[-18,-4],[-8,3]],[[57959,36252],[-6,4],[-12,2],[1,2],[-17,14],[-3,6],[-11,5],[-1,7],[-11,0],[-3,4],[7,4],[-28,0],[-12,8],[-20,6],[-6,-1],[-6,6],[-8,2],[-4,6],[4,3],[-7,3],[4,7],[-11,13],[17,11],[9,14],[21,19],[-11,9],[4,20],[-7,20],[-5,4],[2,9],[-6,5],[24,16],[-11,13],[-1,8],[9,17],[-43,14],[-55,9],[-12,15],[1,9],[19,26],[-12,17],[-20,8],[-63,15],[-6,4],[0,5]],[[57634,37142],[-14,9],[-11,21],[45,28],[15,14],[15,6],[53,8],[68,-6],[65,-25],[33,-20],[32,-5],[18,10],[12,22],[26,10],[43,-2],[35,4],[88,21],[48,7],[69,42],[22,24],[9,35],[9,7],[32,9],[71,4],[88,13],[-34,11],[-45,26],[-34,26],[-28,16],[-15,14],[-2,9],[17,6],[13,9],[-4,15],[-29,21],[-28,12],[-2,12],[-31,52],[2,13],[15,30],[-7,15],[4,10],[43,49],[25,15],[7,1]],[[58372,37740],[32,3],[11,-2],[25,4],[71,2],[74,-16],[20,3],[12,7],[17,44],[52,27],[65,11],[44,22],[53,-34],[30,-12],[56,11],[83,-17],[15,-1],[12,3],[35,12],[-11,17],[-15,8],[13,2],[13,7],[-1,14],[22,14],[26,29],[1,19],[-12,22],[17,31],[11,6]],[[59205,35825],[6,-7],[8,-1],[3,-7],[8,-6],[16,-2],[9,-3],[-49,-28],[10,-26],[12,-4],[5,-7],[0,-14],[-7,-9],[-1,-13],[18,-5],[13,-10],[8,-13],[-2,-19],[-9,-2],[-35,7],[-19,0],[-18,4],[-11,6],[-21,0],[-1,2],[-15,2],[-8,0],[-9,2],[-11,-3],[-16,2],[-10,-4],[-9,3],[-7,-5],[-8,1],[-7,-2],[-5,3],[-24,-2],[-12,7],[-27,7]],[[58980,35679],[-20,-4],[-15,5],[-3,-14],[-8,-5],[-40,-10],[-23,1],[-8,-5],[-11,2],[-19,-6],[-87,-11],[19,29],[0,18],[9,16],[-1,9],[8,5],[-2,4],[19,22],[-1,13],[6,9],[-8,10],[-11,6],[-4,16],[-12,9],[-1,13],[-17,9],[-1,4]],[[58749,35824],[12,0],[21,9],[-3,12],[-22,9],[-8,7],[4,16],[11,11],[16,6],[30,-1],[16,-5],[20,-13],[36,2],[15,11],[13,32]],[[58910,35920],[8,12],[19,13],[114,49],[13,1],[12,-6],[29,-36],[4,-1],[19,2],[20,11],[8,23],[27,8],[26,3]],[[58730,36291],[-111,-47]],[[58619,36244],[-131,-16],[-3,-3],[-53,-14],[-32,-13],[-28,-9],[-58,-12],[-58,-20],[-36,-15],[-57,-34],[-33,15],[-6,11],[-7,4],[-9,-4],[11,-8],[-35,-12],[7,-6],[-7,-2],[-12,2],[-18,-2],[3,-9],[30,-4],[6,4],[16,-2],[38,-11],[-54,-32],[-42,-2]],[[57999,36049],[-1,57],[24,34],[-121,62]],[[57901,36202],[-27,10],[7,8],[16,12],[10,-1],[19,5],[12,12],[21,4]],[[58707,36534],[5,-2],[20,-27],[25,-9],[-1,-9],[23,-20],[9,-17],[-3,-6],[3,-15],[-8,-16],[4,-53],[-60,-40],[6,-29]],[[58619,36244],[-1,-5],[-14,-7],[-4,-11],[-5,-2],[9,-20],[-9,-15],[0,-15],[-6,-9],[-8,-6],[-2,-7],[-22,-2],[-7,-4],[-19,-21],[-11,-7],[3,-11],[-12,-10],[-2,-9],[-15,-13],[-32,7],[0,-2],[-17,-2],[-10,3],[-6,-4],[-5,2],[-27,-8],[1,-3],[-8,-1],[-24,2],[-4,-2],[-21,6],[-9,-1]],[[60049,35938],[-4,17],[-5,4],[-64,1],[5,15],[24,-2],[-2,4],[10,16],[18,-2],[16,14],[12,32]],[[60059,36037],[42,-8],[19,-9],[47,2],[7,-10],[7,-3],[8,1],[20,-13]],[[60209,35997],[16,-6],[27,-24],[11,-17],[-8,-10],[5,-8],[9,2],[5,6],[8,-2],[16,8],[9,-1],[9,10],[11,1],[16,11],[20,-1],[6,8],[11,-2],[26,9],[15,-1],[11,-3],[13,-10],[18,3],[6,-7],[9,-2],[16,5],[21,13],[101,30],[25,1],[58,13],[115,17]],[[60814,36040],[24,-42],[-17,-3],[9,-18],[-7,-1],[2,-4],[-11,-9],[-3,-9],[5,-10],[-9,-2],[17,-31],[13,2],[15,-12]],[[60038,36414],[-6,-5],[-19,6],[-94,-56],[-38,-17],[-10,-8],[-23,-6],[-2,-5]],[[59846,36323],[4,-4],[-8,-7],[-14,5],[-9,-3],[8,-8],[-3,-4],[-28,4],[-14,9],[1,15],[53,8],[18,15],[1,15],[-18,22],[-4,12],[5,9],[10,-1],[25,18],[14,33]],[[59887,36461],[13,-2],[5,12],[81,-20],[2,-5],[21,-7],[-8,-8],[4,-1],[-2,-6],[35,-10]],[[61736,37405],[-23,-15],[-40,-12],[-43,-34],[11,-3],[14,-13],[4,-8],[-7,-8],[11,-5],[11,3],[16,-1],[6,-21],[-6,-20],[2,-15],[49,22],[59,14],[14,-12],[0,-4],[32,-4],[25,21],[4,11],[33,12],[15,1],[1,9],[11,7],[-2,5],[44,-5]],[[61977,37330],[4,-30],[19,-45],[22,-30],[30,-26],[4,-9],[16,-6],[16,-12]],[[62088,37172],[-23,-12],[-30,-10],[-43,-12],[-42,-7],[-34,-9],[-15,-8],[-29,-7],[-27,-15],[-49,-12],[-5,-5],[-18,7],[-9,11],[-8,0],[-8,-3],[-7,2],[-13,0],[-8,-6],[-13,-1],[1,4],[-8,1],[-1,4],[-6,0],[-1,-7],[-5,-1],[10,-9],[-34,-7],[-12,-16],[-39,-7],[-8,-6],[-31,-11],[-14,-1],[-9,-7],[-18,-5],[-4,-5],[-29,-13],[11,-22],[2,-39],[7,-23],[28,-43],[31,-35],[23,-66],[55,-56],[24,-30],[-4,-9],[25,-2],[17,-10],[-2,-21]],[[61716,36643],[3,-9],[-11,-20],[-24,-11],[-22,-7],[-30,-3],[-25,-13],[-25,2],[-13,-5],[-33,0],[-55,-12],[-9,-1],[-3,2],[-35,-15],[-9,-8],[-16,-1],[-5,-4],[-34,-5]],[[60267,38053],[116,-77],[-21,-5],[22,-20],[-7,-32],[32,-24],[-25,-23],[6,-11],[-4,-7],[21,-8],[-8,-19],[10,-8],[13,-1],[1,-7],[12,-10],[-9,-11],[2,-10],[69,-4],[7,-9],[36,5],[20,-8],[3,-12],[35,-61],[2,-5],[-13,-12],[-20,12],[-49,11],[-22,20],[-20,-15],[-12,-63],[2,-34],[11,-48],[61,-20],[56,-27],[16,16],[23,4],[18,-7],[3,-4],[65,31],[19,2],[56,-2],[8,-16],[10,-9],[17,-7],[12,-15],[15,-5],[11,1],[8,-6],[5,2],[8,-3],[47,-26],[-7,-7],[50,-21],[30,-8],[1,-12],[-18,-16],[-3,-9],[34,-12],[-1,-6],[10,-1],[4,3],[18,2],[50,-5],[7,3],[16,-9],[5,2],[354,44],[3,3],[11,1],[6,13],[11,4],[7,0],[7,-4],[8,3],[4,-2],[19,0],[11,3],[3,-2],[9,0],[22,4],[1,4],[9,-1],[-1,-5],[8,-2],[24,5],[21,-14],[9,-14],[30,2],[29,-7]],[[59632,36850],[0,-5],[-50,-76],[-4,-16],[-7,-5],[-72,-21],[-32,-1],[-1,-5],[-17,-4],[-3,-9],[-6,-3],[-14,10],[-37,0],[-13,2],[-51,-9],[-6,-7],[-28,1],[-47,-19],[-30,7],[-29,-1],[-8,6],[-21,3],[-34,-13],[-15,-2],[-16,1],[-35,-16],[-27,-16],[2,-6],[-16,-9],[-5,-17],[8,-16],[-5,-7],[7,-12],[42,-8],[12,-6],[6,-9],[-16,-5],[3,-6],[46,-20],[38,15],[13,0],[10,-5],[2,-11],[-7,-15],[3,-12],[8,-9],[23,4],[21,16],[10,0],[18,-3],[13,-7],[16,-19],[33,-5],[38,-13],[-5,-20],[9,-9],[56,-16],[28,-16],[3,-12],[-21,-17],[-1,-10],[55,-18],[10,-10],[-43,-27],[-5,-6],[3,-9],[8,-4],[20,1],[20,-4],[65,-6],[16,-4],[4,-4],[-6,-18],[-34,-27],[-13,-13],[-2,-6],[3,-5],[16,-7],[56,0],[7,-1],[4,-4],[13,-34],[-9,-45],[13,-31],[-7,-21],[-7,-8],[-12,-5]],[[58910,35920],[-8,0],[-32,-16],[-19,-3],[-4,8],[-27,-2],[-28,9],[25,25],[-21,6],[-16,15],[5,5],[-8,6],[-8,18],[6,10],[-8,9],[-2,18],[-20,28],[-7,3],[1,6],[-19,15],[20,32],[-3,3],[13,17],[-16,17],[-14,25],[13,56],[-5,28],[7,19],[-5,14]],[[60294,36347],[-42,-19],[-17,0],[-30,-9],[-21,1],[-12,-5],[-14,3],[-10,0],[-10,5],[-25,-3],[-1,4],[-5,0],[-9,19],[-36,6],[-32,-5]],[[60030,36344],[1,5],[-16,7],[7,-1],[49,46],[11,-1],[2,4]],[[60084,36404],[19,3],[26,18],[12,-8],[10,10],[33,-12],[19,-19],[57,-32],[18,-6],[-3,-4],[19,-7]],[[58590,35850],[51,-12],[49,-4],[59,-10]],[[58980,35679],[4,-54],[-6,-10],[-19,-9],[-3,-9],[13,-12],[46,-27],[52,-56]],[[58102,35619],[2,7],[-22,42],[-2,26],[36,45],[11,9],[14,4]],[[60102,36446],[-10,-9],[4,-7],[-12,-26]],[[60030,36344],[-8,-1],[-35,4],[-9,-3],[-1,-5],[-32,-1],[-16,-6],[-16,-1]],[[59913,36331],[-59,-3],[-8,-5]],[[60038,36414],[32,40],[21,-1],[11,-7]],[[60954,36118],[6,-21],[-5,-8],[3,-8],[-36,-9],[-13,-7],[13,-9],[-21,-6],[-50,-1],[-37,-9]],[[60209,35997],[47,33],[78,47],[58,16],[-33,32],[57,27],[28,9],[35,26],[22,-14],[11,5],[8,0],[6,7],[45,24],[42,35],[29,8],[35,18],[11,12],[18,11]],[[60791,36317],[19,-10],[-5,-10],[2,-5],[19,-8],[16,-3],[-27,-21],[-49,-1],[-29,-7],[41,-2],[22,-8],[6,-28],[-82,-16],[-6,-9],[18,-18],[-39,-1],[-19,1],[-4,3],[-13,-9],[-5,-8],[8,1],[11,7],[11,-7],[19,0],[14,-12],[39,-13],[37,13],[3,-2],[48,-2],[47,-5],[3,-20],[58,1]],[[60336,36578],[-55,-11],[-37,-12],[-49,-19],[-40,-20],[-30,-22],[-3,-9],[18,-10],[-4,-12],[-34,-17]],[[59887,36461],[10,24],[13,8],[27,5],[44,1],[20,8],[26,18],[47,14],[18,20],[-15,8],[-25,5],[-1,4],[10,8]],[[60061,36584],[24,18],[33,13],[8,12],[11,6],[18,3],[53,-4],[24,7],[12,9]],[[60321,36361],[-27,-14]],[[59913,36331],[7,-2],[-1,-4],[12,0],[-16,-22],[-15,-34],[7,-13],[-17,-34],[-5,-30],[-11,-7],[-7,1],[-14,-13],[-30,-19],[1,-6]],[[59824,36148],[-6,-17],[-62,-56],[-41,-32],[-5,-9],[-27,-1]],[[59835,36962],[-44,-25],[-6,-33],[21,-18],[57,-128],[18,-23],[29,-21],[5,-8],[5,0],[35,-53],[34,-22],[3,-2],[8,6],[12,-4],[9,-11],[14,1],[10,-16],[11,-7],[5,-14]],[[59835,35996],[48,36],[36,16]],[[59919,36048],[79,17],[29,9],[-15,-10],[12,-20],[35,-7]],[[59824,36148],[27,-4],[12,-7],[4,-6],[6,0],[9,-7],[14,1],[9,-2],[1,10],[8,3],[5,-88]],[[56934,35389],[-4,-5]],[[56587,35391],[47,6],[76,4],[114,3],[57,-4],[53,-11]],[[56837,35560],[10,-19],[12,-2],[5,-17],[23,4]],[[56887,35526],[18,-23],[19,-15],[-4,-12],[21,-6]],[[56941,35470],[-26,-12],[38,-48],[-11,-9],[-4,-5]],[[56938,35396],[-39,8],[-53,6],[-200,-5],[10,5],[-64,-5],[-71,-14]],[[56521,35391],[-2,25],[11,23],[59,-2],[81,11],[75,1],[2,8],[-50,2],[-3,3],[-14,-3],[-2,7],[-9,-1],[-2,8],[-14,3],[2,27],[-16,-2],[-6,10],[0,9],[36,6],[-9,15],[8,1],[1,4],[20,1],[4,3]],[[56693,35550],[22,6],[33,-5],[13,5],[20,-4],[6,-3],[9,4],[24,0],[3,4],[14,3]],[[57578,35665],[32,-26],[-59,-14],[-14,-17],[-10,-21],[-17,-16],[-78,-41],[-17,-14]],[[57415,35516],[-20,8],[-33,8]],[[57362,35532],[25,12],[-4,-1],[-9,6],[-32,39]],[[57342,35588],[49,1],[8,2],[-20,26],[-22,-6],[-9,17],[-14,11],[20,4],[53,-4],[51,15],[9,-2],[10,2],[25,0],[10,4],[0,5],[13,3],[53,-1]],[[56985,35579],[21,-31],[-119,-22]],[[56837,35560],[-36,21],[10,8],[-6,5],[-12,4],[-19,2],[-30,6],[-41,39],[22,1],[20,5],[8,7],[2,14],[32,8],[-23,7],[-11,-1],[-5,-2],[-5,3],[14,20],[2,7],[-4,2],[-39,-18],[-23,7],[12,6],[-3,5]],[[56702,35716],[-1,2],[7,2],[-1,3],[27,17],[114,11],[13,6]],[[56861,35757],[84,-183],[40,5]],[[56934,35389],[22,-12],[5,-13]],[[57146,35464],[13,-16],[15,0],[85,-22]],[[57259,35426],[38,-26],[-10,-4],[-11,-2],[-12,2],[-3,-8],[-13,-7],[-30,20],[-45,-7],[-7,-7],[18,-11],[5,1],[8,-4],[-8,-2],[6,-5],[-8,-3],[2,-2],[-9,-5],[-10,-2]],[[57170,35354],[-56,-6],[-39,-13],[-28,-17],[-17,0],[-38,13],[-12,15],[-14,37],[-14,11],[-14,2]],[[56941,35470],[83,-3],[34,8],[21,-27],[11,10],[8,-3],[14,0],[2,-3],[20,4],[-2,3],[14,5]],[[57362,35532],[-78,-36],[-106,-15],[-1,-3],[-42,-6]],[[57135,35472],[-43,26],[-10,31],[146,-3],[14,48]],[[57242,35574],[20,2],[5,-3],[8,6],[36,7],[6,1],[8,-4],[17,5]],[[57502,35335],[-2,1],[-30,-14],[-19,-2],[-17,2],[-44,12],[-40,26],[1,3],[-17,-1],[-18,-7],[-22,-17],[-18,-9],[-30,-3],[-28,7],[-38,20],[-10,1]],[[57259,35426],[130,33],[39,13],[62,4]],[[57490,35476],[8,0],[0,-10],[5,0],[4,4],[0,-10],[4,-1],[12,2],[4,-7],[-5,-9],[-9,1],[-28,-12],[-12,-9],[-2,-7],[3,-4],[10,-3],[23,2],[-1,3],[10,3],[5,-4],[8,3],[7,-5]],[[57505,35700],[73,-35]],[[57242,35574],[-44,1],[-15,-5],[-26,2],[-13,-3],[-72,1],[-20,1],[-9,13]],[[57043,35584],[115,7],[-3,35],[11,13],[6,1],[21,16],[12,4],[0,3],[15,-1],[15,6],[7,10],[19,-2],[6,6],[6,2],[-22,25],[41,18],[12,9],[-17,8],[25,24],[1,15]],[[57313,35783],[54,1],[8,-9],[15,-5],[1,-11],[18,-11],[-12,-8],[0,-11],[68,-16],[36,-14],[4,1]],[[56990,35768],[11,-19],[6,-43],[36,-122]],[[57043,35584],[-58,-5]],[[56861,35757],[2,3],[-12,19]],[[56851,35779],[125,16],[14,-27]],[[56237,35457],[-2,-2]],[[56237,35457],[0,0]],[[56693,35550],[-30,8],[-57,6],[-100,-2],[-44,2],[-5,-9],[-22,-13],[-23,-6],[-21,-11],[-18,-15],[-1,-15],[-26,-6],[-50,-19],[-13,3]],[[56283,35473],[-3,2],[15,-3],[1,2],[-13,2],[-11,0],[-17,-15],[-18,-3],[-12,-10]],[[56225,35448],[-3,4],[-8,2],[-6,9],[-23,13],[5,12],[7,3],[-7,27],[4,11],[68,83],[58,32],[44,32]],[[56364,35676],[16,2],[8,-7],[-3,-14],[4,-9],[21,7],[100,8],[0,2],[16,0],[133,18],[15,22],[28,11]],[[56234,35349],[-1,7],[33,18],[8,16]],[[56274,35390],[4,-5],[10,-24],[-54,-12]],[[56219,35444],[0,-2]],[[56219,35444],[0,0]],[[56521,35391],[-94,-13],[-36,-2],[-4,-2],[-46,-3],[-15,-5],[-33,-4],[-12,26],[21,3],[-20,-1],[1,6],[15,-1],[26,4],[-4,2],[-23,-6],[-13,2],[-7,-5],[-6,3],[-4,9],[5,0],[0,5],[10,2],[39,0],[-37,1],[-12,-3],[-3,-4],[-3,4]],[[56266,35409],[-1,3]],[[56265,35412],[-15,19],[-16,1],[-1,6],[-11,5],[13,12]],[[56237,35457],[19,3],[18,14],[9,-1]],[[57135,35472],[11,-8]],[[57790,35631],[92,36],[2,7],[10,9],[-49,27],[-29,-3],[-13,-8],[-6,5],[-27,1],[-6,11],[-72,17],[-36,-27],[-22,8],[-16,12],[-50,-9],[-63,-17]],[[57313,35783],[-18,0],[-49,12],[-25,-2],[-20,-7],[-7,2],[-8,-4],[-12,5],[-6,-3],[-3,2],[-31,-10],[-76,-12],[-14,-1],[-16,6],[-38,-3]],[[56851,35779],[-54,122],[-8,27],[37,13],[15,10],[16,-1],[28,6],[24,-1],[6,3],[11,-4],[13,9],[-4,5],[27,10],[2,-2],[31,-1],[8,-10],[20,-7],[78,-10],[17,43],[39,12],[148,15],[128,6],[18,-1],[25,5],[27,-2],[7,2],[3,5],[16,1],[35,12],[12,13],[28,15],[8,-2],[50,18],[32,10],[5,-2],[5,10],[12,1],[27,15],[3,5],[-17,11],[13,3],[14,9],[7,2],[64,-5],[19,4],[29,22],[26,27]],[[56364,35676],[-16,20],[-10,0],[-272,163],[-36,3],[-42,65],[-23,24],[-38,18]],[[57490,35476],[-75,40]],[[55158,30432],[10,-22],[18,-15],[6,-10],[-1,-7],[9,-6]],[[55200,30372],[-6,-5],[3,-4],[-11,-4],[1,-3],[-17,2],[10,-10],[-12,-12],[15,-17],[-13,-9],[-40,-19],[5,-3],[-10,-6],[-6,0],[-26,-18],[17,-8],[-7,-5],[15,-7]],[[55118,30244],[-97,-68],[-1,-1]],[[55020,30175],[-18,58],[-27,16],[-39,30],[-62,20],[-18,12],[-59,56]],[[54797,30367],[76,38],[-11,2],[41,20],[16,16],[66,6],[22,6],[10,-8],[33,-12],[13,-8],[4,3],[67,-11],[9,7],[15,6]],[[55353,31071],[18,-43]],[[55371,31028],[-30,-12],[-49,24],[1,-4],[-31,-27],[6,-13],[-10,-6],[0,-6],[-10,-3],[-11,3],[-3,-2]],[[55234,30982],[-67,49],[-25,-11],[-17,-15],[-47,2],[-18,13],[-6,12],[-7,-2],[2,-4],[-7,1],[2,-3],[-47,-5]],[[54997,31019],[-7,76],[-72,4]],[[54918,31099],[-5,10],[8,8],[65,0],[73,11]],[[55059,31128],[7,1],[2,-7],[23,4],[17,-30],[8,0],[-2,-9],[239,-16]],[[55311,30387],[35,-46],[5,-14],[10,-9],[83,-28],[53,-4]],[[55497,30286],[-4,-2],[41,-6],[-7,-19],[-10,-2],[-3,-6],[-10,2],[-2,-4],[-13,-5]],[[55489,30244],[-19,9],[-23,-1],[-48,-24],[-53,-14],[-18,-12]],[[55328,30202],[-2,3],[-6,-4],[-5,1],[-22,-13],[-11,-3],[-73,-3],[-21,8],[-13,15],[1,9],[17,24],[-2,14],[2,9],[4,1],[-36,10],[-43,-29]],[[55200,30372],[34,5],[7,7],[8,0],[13,6],[8,11],[8,1],[15,-4],[2,-5],[11,-7],[5,1]],[[56187,30325],[16,-16],[2,-12],[7,-4],[-3,-3],[13,-7],[-12,-7],[10,-4],[45,-4],[10,-4],[6,-9],[4,-32],[35,-8],[6,-19],[32,-18],[12,-2],[-1,-14]],[[56369,30162],[10,-17],[13,-13],[-6,-4],[-1,-6],[-49,-15],[-5,-6],[-12,-4],[-28,-3],[-7,-9],[15,-22],[15,-7],[13,-15],[14,-10],[-10,-9],[-21,-27],[24,-42],[-21,-3],[-20,-8],[-13,-13],[-46,17],[-25,5],[-6,-2],[-25,10],[-51,-20],[-10,5],[-36,-10],[-18,-1],[-4,-4]],[[56059,29929],[-9,-2],[-7,3],[-43,39],[-48,22],[-21,6],[-71,14],[-48,19],[-110,3],[-56,6],[-12,-7],[42,-35],[-22,0],[8,-9],[-9,-4],[28,-25],[9,-18],[-29,-10],[13,-11],[9,-20],[-33,-9],[17,-21],[-13,-5],[5,-15],[-29,-3],[-24,-6],[-60,-3],[-16,-6],[-19,-12],[-11,-11],[-1,-8],[20,-23],[1,-8],[-13,-19],[-32,-38],[-42,-29],[-2,-18],[-26,-10],[-12,1],[-21,9],[-8,0],[-17,-11],[-10,-18],[9,-21]],[[55346,29616],[-7,-5],[-7,-1],[-1,-8],[-35,-10],[-6,-4],[3,-3],[-30,-14],[0,-13],[-18,-9],[-23,0],[-38,-20],[-26,4],[-7,5],[-12,3],[-13,0],[-2,-4],[-6,-1],[-16,5],[-7,4],[-11,1],[-6,6],[-28,4],[2,4],[-25,8],[-2,6],[-13,5],[4,10],[-22,-3],[-8,4],[-44,12],[-5,4],[-27,-2],[-24,13],[-11,0],[-20,-6],[-27,14],[-9,-1],[-10,-8],[-12,2],[-13,6],[0,8],[-18,37],[-11,5],[-41,7],[-31,13],[-25,4],[-19,19],[-35,2]],[[54604,29719],[-151,163],[-4,-1],[-7,2],[3,-13],[-22,-4],[-19,-10],[-4,9],[-6,0],[-7,6],[0,9],[-9,6],[-4,9],[-26,9],[-24,2]],[[54324,29906],[-13,3],[-8,5],[20,7],[7,16],[17,2],[-2,3],[8,3],[17,-6],[14,10],[20,5],[9,-5],[-1,-4],[22,-12],[25,9],[35,2],[41,30]],[[54535,29974],[25,-2],[20,-6],[33,19]],[[54613,29985],[66,-11],[277,-39],[62,-4],[69,3],[0,11],[31,18],[52,45],[44,44],[57,-4],[87,12],[3,-3],[34,1],[-4,4],[4,2],[-2,11],[96,80]],[[55489,30155],[34,-3],[46,-19],[8,-1],[30,4],[8,-3],[10,-12],[15,8],[17,14],[5,14],[-11,34],[4,21],[6,9],[46,41],[10,18]],[[55717,30280],[41,7],[36,3],[-19,13],[42,9],[46,5],[61,-3],[36,9],[15,6],[14,2],[26,-5],[17,6],[14,13],[25,10],[44,12],[18,-2],[22,-11],[21,-26],[9,0],[2,-3]],[[59110,30732],[58,31],[14,-14],[67,-17],[34,0],[2,-2],[10,1],[58,-10]],[[59353,30721],[100,-170],[-14,-4],[-9,1],[-8,-6],[-26,-1],[47,-55],[-6,-8],[-28,-13],[-36,-7],[-19,-7],[-14,-13],[-3,0],[-8,11],[-27,-8],[15,-7],[-7,-5],[1,-6],[-16,-7],[-1,-4],[13,1],[10,-8],[13,2],[6,-11],[15,2],[21,-10],[-13,-18],[1,-2]],[[59360,30368],[-2,-3],[-49,-11],[-39,1],[-21,-7]],[[59249,30348],[-66,28],[-8,0],[-8,5],[-18,22],[-39,1],[-33,-7],[-8,10],[-28,5],[-26,15],[-17,-8],[-38,11],[-7,5],[-20,-5],[-8,-13],[-9,-2],[-13,1],[-12,-6]],[[58891,30410],[-35,23],[-1,4],[10,11],[-2,5],[-51,20],[-73,71],[-51,28],[-16,12],[-2,12],[6,11],[7,6],[10,2]],[[58693,30615],[11,5],[46,43],[50,34],[37,56]],[[58837,30753],[32,33]],[[58869,30786],[17,-7],[9,-1],[-2,-8],[22,-5],[19,20],[2,12],[13,-9],[-16,-12],[4,-27],[14,-8],[-17,-41],[-2,-15],[32,8],[65,5],[22,5],[59,29]],[[56059,29929],[10,-82],[-10,-30],[13,-26],[-44,-8],[-24,1],[-70,-3],[-31,-6],[1,-29],[-12,-23],[-3,-20],[14,-10],[9,-13],[-19,-9],[13,-9],[11,-15],[-22,-10],[-15,-26],[-19,-16],[-2,-9],[21,1],[25,-7],[2,-2],[34,-12],[25,-19],[16,-4],[11,-2],[24,3],[36,-8],[40,1],[24,-13],[15,-17],[28,-20],[18,-4],[38,-14],[11,0],[3,-23],[-5,-13],[-28,-3],[12,-6],[-9,-20],[-3,-4],[-9,-1],[15,-17],[40,-3],[18,-12],[39,-15],[12,-16],[18,-13],[4,-7],[-3,-12],[20,-17],[-11,-15],[1,-11],[-18,-13],[-15,-31],[6,-11],[-23,-44],[2,-28],[-21,-15],[-17,-4],[-6,-3],[-34,-5],[-13,2],[-4,-3],[2,-12],[-5,-4],[22,-7],[4,-4],[6,-19],[-8,-2],[5,-13],[12,-13],[16,0],[14,-6]],[[56266,29026],[14,-7],[2,-6],[-5,-22],[4,-32],[-7,-6],[-26,0],[9,-10],[-6,-2],[22,-14],[-45,-30],[-10,-12],[-10,-3],[-17,8],[-3,-1],[-42,-47],[-15,1],[-5,-3],[9,-11],[17,-8],[-4,-12],[-36,-17],[-48,-41],[-11,-18],[-5,-19],[-33,7],[2,5],[-10,7],[2,16],[-12,1],[-19,7],[-16,-1],[-13,-11],[0,-18],[-13,-2],[-26,-16],[-30,-3],[-6,-4],[-2,-9],[5,-15],[10,1],[22,-4],[-13,-14],[-14,1],[-23,7],[-27,-3],[-5,3],[-12,1],[-1,-3],[-13,-2],[-11,5],[-36,3]],[[55754,28673],[-21,10],[-15,2],[-24,-9],[-13,-9],[-68,26],[0,8],[-22,19],[12,26],[-6,6],[-1,20],[4,7],[8,5],[-1,6],[10,3],[0,5],[21,14],[6,14],[-11,13],[9,12],[-24,7],[0,4],[-7,4],[-28,-3]],[[55583,28863],[-5,5],[-15,2],[-27,11],[52,18],[3,2],[-6,10],[-9,3],[-16,-8],[-20,3],[-1,7],[13,5],[1,5],[-42,-9],[-5,2],[-3,6],[5,3],[11,2],[30,18],[22,6],[-4,9],[5,19],[-4,4],[-14,-3],[-10,-14],[-7,-4],[-10,-2],[-7,4],[-1,5],[8,7],[15,2],[4,3],[-5,4],[1,4],[30,5],[19,-12],[12,7],[5,13],[-9,5],[-65,4],[-5,7],[3,7],[15,5],[30,-6],[15,6],[-1,3],[-14,8],[-31,2],[-22,-16],[-22,-1],[-14,6],[-8,11],[5,4],[23,7],[13,-3],[24,10],[11,1],[21,-6],[7,1],[2,5],[-11,8],[-2,8],[-10,6],[-27,0],[-28,5],[-8,4],[3,5],[45,11],[-21,9],[-16,25],[-12,5],[-17,1],[-37,-13],[-14,0],[-5,5],[1,11],[23,15],[3,9],[-4,2],[-48,4],[-9,5],[4,9],[17,6],[2,15],[20,12],[15,21],[-41,19],[-107,36],[-7,6],[-1,17],[-16,14],[-21,2],[-50,-9]],[[55207,29338],[-8,8],[-3,10],[7,6],[22,6],[-3,35],[22,9],[22,-1],[8,-7],[-2,-6],[-10,-4],[-22,1],[-3,-6],[10,-11],[32,9],[30,31],[29,44],[1,8],[-7,4],[-29,-8],[-18,-7],[-5,0],[3,15],[14,17],[-1,16],[7,1],[10,-5],[13,0],[8,3],[11,14],[26,5],[-1,22],[23,40],[6,29],[-4,4],[-7,0],[-19,-11],[-11,-2],[-12,9]],[[56936,31356],[50,-8],[77,-21],[66,-34]],[[57129,31293],[21,-12],[53,-10],[49,-29],[12,-20],[5,-21],[32,-39],[9,-7]],[[57310,31155],[-15,-16],[-29,-20],[-7,-2],[-14,9],[-10,0],[-8,-4],[-18,-1],[-10,-5],[25,-31],[20,-16],[8,-4],[26,-5],[-33,-16],[-29,-22],[-41,-6],[-25,2],[-2,7],[-8,0],[-8,5],[-9,-3],[-15,10],[-19,-8],[-5,4],[-3,18],[-27,-9],[-21,-11],[-18,-4],[-17,-19],[-10,-36],[4,-17],[6,-6],[-7,-4],[-24,-2],[-17,-14],[44,-25],[-13,-9],[-77,-8],[-80,39],[-69,22],[-25,17],[-14,-7],[-19,0]],[[56697,30958],[-23,40],[-5,53],[16,3],[2,7],[-7,31],[-13,6],[-6,10],[-9,3],[-27,21],[-93,20],[-12,0],[-22,-7],[2,-13],[-5,-5],[-14,1],[-11,-9],[-24,-1],[-11,-6],[-15,-1],[-26,-8],[-24,0],[-12,-6]],[[56358,31097],[-11,1],[-15,11],[-25,-1],[-14,6],[-8,12],[11,9],[-3,9],[-5,1],[-20,-3],[-11,6],[6,26],[13,8],[-2,9],[9,8]],[[56283,31199],[2,12],[28,8],[235,113],[11,3],[7,-3],[4,5],[30,6],[12,5],[22,16],[0,10]],[[56634,31374],[49,-22],[77,-50],[24,-2],[20,5],[7,7],[10,24],[18,12],[25,5],[41,0],[6,7],[25,-4]],[[56358,31097],[3,-9],[-18,-9],[-36,-12],[-4,-8],[0,-12],[32,-9],[-7,-19]],[[56328,31019],[-17,-17],[-85,-31],[-81,-44],[-77,-60],[-34,1],[-5,-16],[-17,-11],[12,-41],[-7,-1],[-6,-26],[32,-5],[16,3],[-1,-40],[-12,-4],[-2,-15],[23,-2],[-11,-20],[-5,-23],[181,9],[65,10],[55,15],[27,-2],[2,1],[33,-18],[37,-30],[22,-23],[38,-15],[-12,-7],[2,-6],[-4,-2],[-1,-9],[10,-15],[-1,-7],[9,-16],[22,1],[3,-10],[23,-16],[-4,-21],[11,-5],[20,1],[16,-9],[-43,-20],[-16,6],[-31,-17],[-40,-11],[-5,-8],[7,2],[11,-3],[3,2],[7,-9],[34,-10]],[[56532,30425],[-12,-14],[-15,-10],[-8,4],[-34,-14],[13,-11],[-16,-10],[-43,-9],[-140,-21],[-49,-4],[-41,-11]],[[55717,30280],[-17,38],[-43,32]],[[55657,30350],[-21,17],[-23,29],[-35,19],[-7,0],[-2,5],[-24,10],[-13,11],[-8,2]],[[55524,30443],[7,6],[29,7],[16,-2],[37,26],[-5,8],[2,4],[-27,24],[0,13],[7,12],[-33,9],[-19,9],[5,11]],[[55543,30570],[23,11],[-11,14],[-27,20],[-14,5],[-41,31],[-30,12],[15,17],[-18,1],[4,27],[-33,5],[0,4],[-27,5],[-11,27],[-31,-3],[-8,9],[-7,30],[-22,1],[-5,31],[-11,-1],[-39,19],[-22,7],[-19,-4],[-12,1],[-80,-8],[-15,9]],[[55102,30840],[20,10],[8,0],[3,3],[14,2],[3,-4],[86,14],[106,6],[30,4],[-5,5],[17,4],[-12,11]],[[55372,30895],[11,4],[-1,-2],[14,-14],[48,16],[-8,19],[-13,59],[-13,16],[-39,35]],[[55353,31071],[-24,23],[-41,20],[16,5],[20,14],[6,10]],[[55330,31143],[32,-5],[-31,6]],[[55331,31144],[21,31]],[[55352,31175],[64,-17],[29,-3],[53,3],[92,16],[53,-6],[6,-5],[-34,-23],[1,-8],[12,-11],[-8,15],[2,5],[11,5],[10,11],[35,20],[-22,1],[-8,6],[11,13],[47,14],[75,12],[15,6],[-4,6],[-77,23],[-2,3],[11,17],[-8,13],[2,6],[13,6],[27,5],[76,8],[49,-1],[85,-8],[60,-12],[20,-10],[61,-16],[64,-38],[105,-19],[-3,-3],[8,-10]],[[55489,30155],[8,10],[0,21],[5,15],[-6,3],[1,26],[-8,14]],[[55497,30286],[28,5],[132,59]],[[54613,29985],[15,7],[47,9],[28,15],[23,5],[21,1],[22,10],[24,-17],[36,13]],[[54829,30028],[62,24],[58,19]],[[54949,30071],[11,-14],[27,-17],[-6,-12],[5,0],[-8,-12],[37,-9],[36,24],[5,-3],[15,13],[23,9],[14,11],[15,17],[-21,21],[-27,8],[19,23],[-22,6],[5,6],[-19,5],[-37,-3]],[[55021,30144],[0,25]],[[55021,30169],[8,2],[136,97],[14,-6],[6,-11],[-4,-16],[-13,-20],[0,-13],[13,-15],[12,-6],[22,-5],[71,4],[43,16],[3,3],[-4,3]],[[58693,30615],[-12,6],[-1,4],[-54,15],[-14,9],[-50,10],[-12,8],[-23,11],[2,2],[-82,-4],[-113,-20],[15,-16],[-7,-3]],[[58342,30637],[-6,4],[-7,15],[-22,12],[30,19],[-7,6],[1,4],[-15,0],[7,15],[-16,22],[1,2],[12,2],[58,4],[-11,24],[11,32],[28,-2],[31,7],[54,36],[11,2],[24,0],[62,-8],[22,3],[3,3],[16,-1],[18,2]],[[58647,30840],[9,-18],[19,4],[18,11],[8,1],[55,44],[18,0],[9,-19],[4,-3],[11,3],[2,-2],[-1,-26],[-24,-14],[-57,-23],[91,4],[10,-3],[-2,-3],[20,-12],[-12,-26],[3,-3],[9,-2]],[[56697,30958],[-121,2],[-75,-33],[3,-3],[-27,-8],[-2,-6],[-13,-4],[9,-23],[-47,-2],[-48,3],[4,8],[-4,9],[13,23],[-12,21],[4,21],[-4,18],[-22,15],[-2,5],[-11,4],[-14,11]],[[54949,30071],[12,18],[36,17],[18,16],[6,22]],[[54765,31109],[78,-67],[13,-37],[22,-43],[13,-13],[23,-38]],[[54914,30911],[24,-21],[93,-68]],[[55031,30822],[-40,-10],[-34,-12],[-37,46],[-13,35],[-18,23],[-42,36],[-29,-5],[-30,16],[-23,2],[-24,14],[-31,9],[-66,35],[-96,2]],[[54548,31013],[20,45],[15,1],[-1,10],[27,51],[156,-11]],[[53458,30838],[-24,8]],[[53434,30846],[17,4],[7,-12]],[[53393,30949],[5,3]],[[53398,30952],[3,-2],[-8,-1]],[[54001,31126],[55,-28],[33,-22],[-92,-65],[-1,-12],[-5,-2],[-24,3],[-27,-2],[-26,-9],[-7,0],[1,-20],[-37,-5],[-46,-18],[-185,-86],[-64,-7],[-1,-8],[-14,-1],[0,-8],[-13,-7],[-7,-10]],[[53541,30819],[-58,12],[-21,6]],[[53462,30837],[-4,2],[-2,8],[-5,4],[-20,-4]],[[53431,30847],[-50,25]],[[53381,30872],[-3,1]],[[53378,30873],[-11,5]],[[53367,30878],[0,1]],[[53367,30879],[-17,10]],[[53350,30889],[-1,1]],[[53349,30890],[-9,6]],[[53340,30896],[-19,13]],[[53321,30909],[-1,1]],[[53320,30910],[72,38]],[[53392,30948],[11,1],[-4,3]],[[53399,30952],[197,107],[17,7],[12,-8],[5,2],[12,-9],[27,7],[-4,5],[7,-2],[26,9],[-19,34]],[[53679,31104],[26,10],[13,-5],[11,6],[9,2],[-10,16],[8,0],[50,13],[28,3],[44,-2],[86,-20],[57,-1]],[[56879,28360],[17,-3],[46,10],[7,-2],[15,3],[14,-1],[14,9],[31,9],[70,40],[37,26],[14,20]],[[56879,28360],[-6,7],[-5,-1],[-9,4],[-21,-1],[-4,3],[-18,-3],[-12,7],[-6,-4],[-10,3],[-9,-2],[-20,7],[-1,3],[-7,-1],[-7,8],[-9,-1],[-18,6],[-19,0],[-6,-3],[-17,-2],[-26,3],[-28,-7],[-46,0],[-14,3],[-16,9],[0,18],[6,3],[0,11],[-15,4],[2,3],[-14,9],[-3,-1],[-2,8],[-12,6],[-8,0],[-4,5],[-10,-3],[-6,4],[-8,-6],[-10,-2],[-4,-6],[-4,1],[-3,6],[-10,-1],[-9,7],[-16,-2],[-7,2],[-5,-3],[-19,-3],[2,-3],[-15,-3],[-17,7],[4,5],[-5,6],[7,0],[0,7],[-10,1],[-24,-11],[4,-4],[-9,-4],[1,-2],[-12,2],[-15,10],[-16,5],[-16,-5],[-10,-9],[-21,-13],[3,-4],[18,-3],[3,-8],[-6,-3],[-20,-1],[-3,6],[-4,-1],[-9,3],[-2,-2],[-9,-1],[-8,-17],[-12,2],[-11,10],[-5,2],[-12,-4],[-4,-7],[-6,-2]],[[56145,28417],[-6,4],[4,6],[-6,4],[4,3],[-20,4],[-9,-3],[-4,3],[-30,-1],[4,7],[-3,2],[-25,1],[-3,-4],[-3,5],[-7,-2],[0,3],[-10,0],[-2,4],[-8,3],[-9,-2],[-35,7],[-16,-8],[-17,-1],[-35,9],[-4,9],[-10,0],[-16,7],[-11,-1],[-1,5],[-11,3],[-6,-2],[-19,4],[4,3],[-4,3],[11,4],[0,4],[-13,18],[0,8],[-8,4],[-3,8],[-7,2],[-4,20],[-3,-1],[-10,16],[-7,3],[-3,11],[1,18],[20,-2],[9,4],[-7,3],[-26,30],[-22,10],[-7,10],[2,11]],[[56266,29026],[18,12],[7,3],[10,-1],[17,7],[38,0],[20,-5],[32,-3],[14,3],[5,-2],[8,4],[17,-4],[13,-9],[26,-6],[29,-3],[12,-4],[29,0],[19,-7],[15,4],[21,0],[16,-6],[13,-12],[9,-1],[20,4],[-21,14],[-15,24],[-4,17],[-16,21],[3,4],[10,-2],[5,3],[15,20],[-11,7],[-13,13],[2,21]],[[59533,31042],[-17,1],[-5,-3],[-6,2],[-12,-6],[-9,1],[-16,-5],[-24,4],[-9,-3],[-3,6],[-11,-4],[-26,-3],[-2,-10],[-8,1],[-2,-5],[-13,-1],[1,-6],[-6,-2],[0,-4],[-10,0],[0,-6],[-17,-9],[7,-11],[-10,-3],[-18,-13],[0,-4],[-6,0]],[[59311,30959],[-7,-3],[-27,2],[-11,-8],[-10,5],[-6,0],[-6,-3],[-7,0],[1,-4],[-12,1],[-18,-5],[-10,1],[-5,-3],[-18,6],[-27,-5],[-21,6],[-25,-7],[-8,-6],[-9,3],[-7,12],[-6,3],[-23,-8],[-16,5],[-3,-8],[-20,5],[-7,-4],[-18,5],[1,13],[-7,14],[-16,15],[-32,-9],[-8,-12],[-9,-4],[-31,-3]],[[58883,30963],[-10,4],[-17,-5],[-3,-2],[18,-5],[-5,-4],[-13,-1],[-37,24],[-12,14],[-16,4],[-12,-1],[-18,-9],[-32,0],[-23,-4],[-22,-8],[-14,-14],[-50,-19],[-3,-8],[9,-23],[-3,-7],[-26,-1],[-9,-15],[-11,-6],[-11,0],[-16,9],[-37,-9]],[[58510,30877],[-8,2],[-28,22],[-8,1],[-18,-5],[-7,4],[-1,10],[23,5],[14,7],[5,14],[8,7],[-8,15],[3,9],[-6,7],[-19,2],[-23,9],[-49,-4],[-32,4],[-32,9],[-24,-2],[-20,1],[-70,-14],[-41,5],[-22,12],[-8,16],[-22,13],[-8,20],[-13,11],[-12,6],[-28,5],[-50,4],[-8,7],[-14,28],[-45,23],[-23,-2],[-14,3],[-26,-8],[-43,-32],[-22,-7],[-67,-8],[-5,4],[-20,3],[-9,-6],[-44,9]],[[57666,31086],[-20,24],[-13,5],[-87,6],[-14,-3],[-58,-34],[-11,-3],[-10,0],[-26,6],[-24,10],[-4,8],[1,28],[-4,4],[-43,13],[-43,5]],[[57129,31293],[71,39],[-1,2],[13,7],[45,21],[2,6],[19,12]],[[57278,31380],[69,-11],[282,-54],[28,-8],[41,-21],[-27,33],[-6,13],[50,-6],[7,2],[2,4],[30,-19],[31,-4],[25,5],[5,-3],[18,8],[33,7],[-6,21],[19,3],[47,37],[-19,7],[23,6],[-4,6],[-31,9]],[[57895,31415],[11,10],[12,-1],[17,4],[32,-16],[31,-7],[5,-4],[-6,-3],[5,-4],[-3,-5],[5,-1],[3,-11],[11,-2],[-18,-19],[10,-6],[0,6],[11,10],[14,2],[1,7],[16,6],[11,23],[12,5],[28,1],[6,4],[20,2],[14,7],[0,21]],[[53970,31231],[-19,-19],[8,-2],[25,-18],[-10,-16],[-32,-23],[59,-27]],[[53679,31104],[-5,25],[-7,0],[-9,9],[-21,10],[-21,2],[-2,8],[6,9],[-9,9],[-11,34],[-1,26],[-19,32],[-30,3],[-12,4],[-12,17],[-50,31],[3,1],[-21,14]],[[54940,31316],[1,-1],[83,-26],[22,7],[28,-4],[33,-14],[35,-24],[18,-3],[22,-22]],[[55182,31229],[-53,-33],[-9,0],[-38,-26],[-17,6],[-15,-19],[9,-29]],[[54918,31099],[-153,10]],[[54765,31109],[-9,14],[-36,30],[39,12],[13,2],[0,3],[15,4],[-5,21],[-6,0],[-1,8],[16,16],[6,-2],[11,11],[12,3],[-11,7],[10,5],[-11,7],[-39,40]],[[55311,30387],[3,1],[-8,13],[50,18],[31,4],[6,-7],[-15,-4],[10,-16],[28,11],[6,-4],[28,16],[74,24]],[[59092,30833],[4,-5],[-12,-4],[0,-6],[13,-4],[8,-8],[9,-1],[2,-6],[10,-2],[-4,-5],[0,-18],[-6,-18],[12,-3],[-27,-14],[9,-7]],[[58869,30786],[11,10],[24,5],[5,5],[-3,7],[4,5],[-7,6],[0,7],[8,14],[-10,3],[-1,6],[5,20]],[[58905,30874],[16,3],[11,-2],[13,1],[27,-5],[-5,-23],[-24,-8],[6,-6],[15,4],[11,0],[-2,-9],[-13,4],[-5,-2],[10,-4],[6,-5],[-4,-12],[6,-1],[10,5],[1,6],[7,2],[12,-4],[-8,-8],[4,-4],[18,5],[1,6],[11,4],[11,-11],[17,7],[-6,7],[11,3],[6,7],[12,-2],[12,1]],[[58883,30963],[28,-19],[11,-16],[0,-9],[-16,-21],[-1,-24]],[[58647,30840],[0,6],[-31,-3],[-86,15],[-33,12],[11,1],[2,6]],[[59311,30959],[4,-13],[-9,-19],[-4,-28],[-10,-13]],[[59292,30886],[-83,3],[-44,-5],[8,-8],[-5,-15],[21,-4],[-1,-3],[-10,1],[0,-4],[-8,1],[-2,-3],[-10,3],[-10,-11],[-18,7],[-22,-5],[-17,7],[-8,-3],[12,-12],[-3,-2]],[[53393,30949],[-1,-1]],[[53320,30910],[-40,32]],[[53280,30942],[-54,43]],[[53226,30985],[11,-6],[41,-6],[-1,-19],[3,-2],[24,6],[-24,-4],[0,19],[10,2],[29,2],[-4,1],[10,7],[14,2],[16,-8],[6,-11],[15,-9],[22,-7]],[[53206,31213],[0,-8],[-6,-12],[-14,-1],[14,9],[-16,-9],[-15,2]],[[53399,30952],[-24,8],[-15,13],[0,5],[33,6],[3,6],[9,2],[30,-5],[5,-8],[-8,-2],[15,1],[-6,1],[-6,9],[-31,6],[-7,-1],[-5,-4],[-8,4],[8,-7],[-24,-6],[-20,9],[-12,1],[-38,-8],[-29,-1],[-6,2],[-10,9],[11,-7],[10,-1],[3,2],[-9,5],[14,5],[22,2],[-22,-2],[-14,-4],[-2,-2],[10,-4],[-10,-1],[-15,13],[-6,-2],[-29,5],[-11,9],[2,6],[-6,-3],[6,8],[-7,-1],[-1,9],[9,1],[33,-5],[18,-4],[19,3],[24,-1],[15,-12],[-5,6],[18,1],[11,5],[-27,-5],[-11,6],[-21,1],[17,6],[-32,-7],[-6,3],[0,-3],[-39,8],[29,6],[-5,1],[10,4],[31,-2],[33,2],[8,-5],[15,-5],[50,-4],[4,0],[-44,5],[37,7],[21,14],[24,-1],[-1,-8],[3,6],[11,-5],[36,-2],[0,8],[-4,-6],[-10,-1],[-24,3],[-8,6],[3,1],[-29,1],[-19,-2],[-1,-10],[-20,-5],[-48,10],[-16,1],[-17,-1],[-8,-4],[-30,3],[-37,-5],[1,8],[-4,5],[16,6],[18,-1],[10,-9],[10,-3],[21,3],[24,0],[22,7],[9,-5],[5,4],[7,2],[21,14],[-23,-14],[-10,-5],[-6,5],[6,9],[-1,16],[30,5],[12,-4],[16,0],[5,-1],[-6,17],[5,1],[-9,2],[5,-9],[-1,-8],[-13,-1],[-13,5],[-25,-3],[0,2],[-12,-9],[-9,-21],[-7,-3],[-11,-1],[-50,10],[-35,8],[9,9],[15,4],[14,-2],[26,-13],[-21,13],[-16,3],[-18,-2],[-1,5],[4,7],[10,-4],[-5,5],[31,-2],[16,8],[5,-9],[-1,11],[-4,0],[3,7],[20,10],[5,0],[10,-7],[16,-5],[-20,8],[5,5],[-7,-4],[-7,5],[4,13],[0,3],[-5,-16],[-11,-4],[-12,-7],[-9,-10],[-11,-4],[-15,7],[6,-6],[-18,3],[-25,-4],[-5,5],[10,7],[15,5],[3,-2],[2,8],[15,8],[6,-2],[-11,9],[3,5],[11,-1],[4,2],[-17,-2],[-1,-6],[4,-4],[-15,-7],[-8,-8],[-12,-3],[-12,-8],[9,-13],[-4,-9],[-19,7],[12,-8],[-4,-4],[-30,7],[-6,0],[-12,5],[18,6],[-6,3],[6,4],[2,11],[-1,4],[-2,-15],[-7,-5],[-13,-6],[0,-5],[-11,-1],[-16,3],[10,6],[-10,-3],[-1,10],[5,1],[9,5],[-15,-6],[-2,-4],[-14,9],[12,3],[7,-3],[5,5],[7,-1],[2,3],[-11,-2],[-4,-4],[-6,3],[-9,-2],[-3,3],[7,3],[9,-1],[7,4],[-20,-4],[-6,-2],[-1,3],[9,5],[12,-1],[10,3],[5,4],[-17,-6],[-8,1],[-7,-3],[7,11],[-6,-3],[13,10],[-14,-9],[-6,5],[7,5],[19,4],[9,6],[19,-5],[15,4],[4,11],[7,0],[13,-7],[12,2],[23,10],[-24,-10],[-12,-1],[-10,7],[-12,0],[-2,-10],[-8,-4],[-22,6],[-12,-2],[-2,-5],[-23,-4],[-8,-7],[-18,-2],[-2,9]],[[53119,31167],[1,1]],[[53136,31176],[33,10],[19,-8],[-17,8],[-32,-8]],[[53160,31189],[20,-2],[37,1],[13,2],[-2,-5],[8,-4],[11,-2],[-17,6],[2,5],[28,15],[11,-17],[15,-5],[7,2],[4,6],[8,3],[9,-1],[2,3],[-14,-2],[-6,-3],[-5,-7],[-5,0],[-14,4],[-4,8],[3,0],[-9,10],[13,1],[6,-5],[7,0],[-15,6],[-17,-3],[-22,-12],[-22,1],[-5,5],[5,14],[7,1],[7,-6],[14,-4],[-19,9],[10,6],[30,0],[1,10],[3,0],[-5,5],[-4,-14],[-24,0],[-25,-6]],[[59292,30886],[9,-3],[0,2],[50,-26],[9,5],[30,-19],[0,-5],[13,-3],[-39,-33],[-15,-7],[-34,-8],[38,-68]],[[57666,31086],[-30,-7],[-19,2],[-15,-7],[-2,-14],[9,-63],[16,-12],[-5,-8],[1,-17],[7,-4],[-7,-3],[0,-17],[-7,-4],[-16,2],[-33,-13],[-18,-1],[-20,-9],[-25,-17],[-2,-6],[-12,-3],[-11,-7],[-42,-53],[-35,13],[-9,-7],[-16,6],[-7,7],[-12,-1],[-8,4],[-23,-3],[-13,2],[-9,-3],[-67,10],[7,-11],[-27,-34],[-18,-5],[8,-21],[-34,-5],[0,-15],[-9,-13],[-4,0],[6,-6],[-2,-5],[37,-5],[24,-9]],[[57224,30724],[3,-36],[-109,-5],[-38,-15],[-30,-8],[-26,-15],[-1,-6],[10,-8],[27,-12],[6,-9],[13,-8],[-14,-11],[2,-18],[-22,-17],[-26,-48],[-16,-8],[-24,-22],[-51,-2],[-6,-10],[-39,-1],[-54,-41],[-19,-3],[-13,-4],[0,-3],[-82,-10],[-69,-15],[-12,-7],[-4,3],[3,5],[-17,3],[-9,5],[-16,0],[-31,20],[-21,7],[-7,0]],[[55031,30822],[71,18]],[[55543,30570],[-39,1],[-82,-7],[-34,-7],[-40,7],[-20,0],[0,3],[-20,21],[-14,34],[-78,3],[2,-2],[-46,-12],[-22,-15],[-9,-23],[17,-36],[4,-18],[-6,-36],[-12,-21],[14,-30]],[[54797,30367],[-56,66],[-160,68],[-112,61],[-68,28],[-73,41],[-230,101]],[[54098,30732],[-91,40]],[[54007,30772],[24,19],[0,10],[17,0],[20,14],[23,4],[13,9],[12,-2],[19,9],[34,23],[15,27],[40,46],[18,13],[14,-7],[17,12],[6,-3],[25,17],[-26,20],[82,26],[5,-5],[71,21],[28,2],[18,5],[4,-8],[6,2],[12,-12],[44,-1]],[[59439,30323],[-18,1],[-5,3],[-16,17],[12,8],[-10,12],[-42,4]],[[55075,30938],[-9,-12],[-26,-15],[13,-7],[22,-39],[27,-25]],[[54914,30911],[11,4],[7,-6],[21,9],[9,-4],[43,28],[42,15]],[[55047,30957],[28,-19]],[[54997,31019],[17,-36],[33,-26]],[[58433,30103],[-2,-2],[-11,3],[-16,-24],[33,-10],[-13,-13],[12,-8],[-21,-19],[14,-1],[-12,-19],[-6,-1],[6,-18]],[[57818,29864],[-5,15],[-19,-4],[-38,8],[-20,-1],[-28,5],[-16,-5],[-12,2],[-24,-10],[-18,-2],[-5,-8],[-12,-1],[-14,-9],[-33,-10],[-18,-2],[-8,2],[-3,5],[-17,4],[-12,-15],[-20,10],[-15,-6],[-15,10],[-6,-1],[-8,6],[-3,12],[-18,-3],[-24,15],[-2,-2],[-11,3],[-31,3],[-14,-11],[-9,6],[-4,-2],[-16,5],[-2,11],[-19,3],[-11,-4],[-23,2],[-36,-5],[-30,10]],[[57199,29900],[0,12],[-10,18],[-3,16],[5,8],[29,0],[4,2],[3,20],[11,13],[-2,20],[-4,7],[-31,0],[-2,20],[15,28],[-14,48],[-34,28],[-19,0],[8,24],[21,-7],[21,4],[33,-2],[10,41],[25,-8],[13,0],[10,5],[1,5],[36,-6],[-11,21],[-11,8],[15,7],[22,23],[16,10],[-8,6],[0,6],[37,11],[34,-2],[16,-4],[111,3],[1,5],[37,-1],[3,6],[11,-2],[13,2],[14,-5],[24,8],[8,-3],[2,-8],[7,-7],[-13,-10],[10,-23],[23,-3],[40,0],[128,148]],[[57854,30392],[115,-25],[13,0],[63,-32],[32,-7],[18,6],[22,0],[23,6],[15,-2],[27,-10],[4,1],[12,-5],[22,4],[27,-2],[13,-5],[34,-21],[2,-7],[-9,-6],[14,-14],[6,-3],[-1,-2],[16,-3],[5,-7],[-7,-28],[22,-6],[2,-4],[-10,-17],[7,-16],[11,-12],[15,-7],[11,-2],[18,-15],[4,-13],[-7,-5],[1,-8],[18,-5],[8,-11],[12,-3],[1,-3]],[[58025,30518],[-22,-19],[-44,24],[-52,-69],[-53,-62]],[[57199,29900],[-14,6],[-24,-1],[-19,3],[-3,-2],[4,-5],[-4,-4],[-38,-3],[-3,-12],[-10,3],[-15,-2],[-10,-2],[-10,-8],[-24,8],[-30,-17],[-39,-2],[-13,2],[-12,7],[-36,11],[-13,8],[40,31],[11,14],[-65,21],[-23,-24],[-38,27],[-21,-2],[9,18],[0,12],[8,10],[-10,0],[-19,11],[-16,2],[-6,8],[4,3],[-9,3],[3,4],[-20,5],[-17,4],[-17,9],[-16,-2],[-9,3],[-2,-3],[-19,1],[-44,-8],[-65,-5],[-14,-6],[-14,0],[-8,-3],[-25,3],[-39,63],[-9,3],[-3,24],[-30,14],[-6,12],[-21,14],[1,3],[-8,3]],[[57224,30724],[-1,12],[18,0],[27,-11],[58,9],[-2,3],[36,11],[30,-15],[-2,-4],[-11,-3],[9,-8],[15,-1],[14,-5],[0,-4],[5,1],[4,-7],[-9,-3],[12,-7],[12,-17],[16,-2],[20,4],[24,-1],[3,9],[-2,10],[4,6],[16,2],[16,5],[23,-1],[7,-5],[19,-5],[21,14],[3,5],[10,3],[74,-28],[77,-4],[6,-8],[13,-7],[15,-15],[7,1],[2,-3],[-7,-1],[11,-23],[81,10],[47,9],[6,5],[25,-8],[-1,-4],[39,-26],[-38,-65],[82,1],[-3,-14],[13,-1],[-43,-20]],[[58342,30637],[25,-12],[-12,-8],[47,-16],[20,-16],[-2,-4],[-48,19],[-12,-1],[-6,-4],[-6,3],[-18,-6],[-11,-9],[-8,2],[-15,-8],[-15,-2],[-22,-17],[-39,-4],[-31,-7],[-54,0],[-9,-11],[-24,-10],[-21,-3],[-28,1],[-11,-4],[-17,-2]],[[55331,31144],[-21,8],[-51,29],[-11,4],[0,3],[9,2],[-19,2],[-29,17],[-1,3],[44,-2],[77,-13],[7,-14],[16,-8]],[[55182,31229],[19,-20],[25,-15],[49,-27],[13,-4],[21,-13],[21,-7]],[[55075,30938],[19,-10],[23,-5],[0,-6],[34,0],[37,14],[47,26],[22,9]],[[55257,30966],[13,-9],[27,-33],[20,-16],[15,-5],[16,-1],[3,-3],[21,-4]],[[55234,30982],[23,-16]],[[54007,30772],[-97,30]],[[53910,30802],[-121,4]],[[53789,30806],[-120,4]],[[53669,30810],[-77,3],[-51,6]],[[58893,30257],[-10,-9],[13,-11],[23,-14],[1,-13],[14,-18],[15,-11]],[[58949,30181],[-11,-16],[-28,-2],[-9,2],[-12,17],[-1,11],[-16,0],[0,2],[-27,-4],[-30,-14],[-8,3],[-9,-12],[-8,0],[-18,-9],[-17,10],[-6,-3],[-54,47],[-10,16]],[[58685,30229],[-9,3],[0,4],[37,10],[47,20],[71,-4],[62,6]],[[58893,30268],[0,-11]],[[59094,30006],[13,17],[22,15],[-5,10],[20,5],[6,4],[12,-4],[7,16],[12,2],[-2,9],[-16,17],[-21,4],[-5,6],[-14,4],[-14,-5],[-16,14],[-27,7],[5,5],[-13,-5],[-4,6],[4,6],[-30,10],[2,6],[-5,5],[-22,-4],[-2,5],[11,3],[1,3],[-32,2],[-32,12]],[[58893,30257],[6,-1],[8,-12],[6,2],[20,-6],[1,3],[9,1],[-6,11],[11,2],[16,6],[5,-1],[-2,16],[28,4],[2,-5],[11,0],[-4,8],[7,0],[27,11],[5,13],[10,0],[21,-24],[43,12],[7,-9],[38,9],[-9,15],[19,5],[2,-1],[11,2],[3,-7],[40,8],[-1,-6],[24,-12],[12,7],[12,-4],[9,9],[30,3],[-3,4],[-62,28]],[[58891,30410],[0,-9],[-21,-9],[-6,-15],[10,-17],[14,-8],[3,-8],[-23,-5],[-16,-11],[-12,-3],[-8,-15],[2,-4],[19,1],[26,-15],[14,-24]],[[58685,30229],[-16,-12],[21,-8],[-31,-29],[6,-6],[-18,-11],[9,-5],[-4,-3],[-11,5],[-18,-9],[-40,-11],[-50,23],[-17,-10],[-22,-17],[-7,-15],[2,-17],[-11,-16],[-16,6],[-5,6],[-11,3],[-3,-2],[-10,2]],[[60683,32896],[5,-13],[5,-1],[2,-5]],[[60695,32877],[-218,-48]],[[60477,32829],[-95,-27]],[[60382,32802],[-7,6],[10,8],[11,-1],[24,7],[-2,4],[10,2],[-4,3],[-6,-1],[-17,22],[3,1],[-23,15],[-15,3],[-36,-17],[-59,-9],[-19,34],[-4,49],[-6,18]],[[60242,32946],[67,20],[-4,2],[34,3],[82,16]],[[60421,32987],[8,-4],[-25,-36],[-1,-17],[2,-10],[13,0],[2,-17],[23,-5],[69,9],[37,-1],[40,2],[4,-13],[12,-4],[43,6],[35,-1]],[[61429,32894],[-19,15],[-121,-3],[-19,3]],[[61270,32909],[6,3]],[[61276,32912],[15,-3],[14,4],[-1,17],[6,28],[6,8],[10,4],[16,4],[39,0],[50,-1],[23,-4]],[[60307,33177],[-15,-27],[13,-1],[-2,-9],[8,-6],[-10,-12],[-1,-14],[-24,18],[-5,9],[-81,-52],[-21,-25],[-4,-19],[7,-20],[11,-14],[38,-30],[-12,-3],[-11,-7],[6,-4],[-1,-4],[15,0],[-25,-22],[4,-3]],[[60197,32932],[-100,-34],[-43,-26],[-383,-68]],[[59671,32804],[-23,92],[17,24],[3,18],[8,5],[0,10],[-6,20],[-19,12],[-3,5],[22,12],[25,31],[19,8],[-14,15],[0,12],[28,8],[-2,26]],[[59726,33102],[34,9],[61,10],[-17,7],[9,7],[-9,7],[34,11],[-7,17],[40,-1]],[[59871,33169],[110,-1],[8,2],[103,-1],[2,-2],[53,10],[76,6],[33,-1],[51,-5]],[[61276,32912],[-10,13],[12,20],[5,31],[-16,24],[-1,35],[-14,40],[7,26],[18,15],[37,15],[3,5]],[[61317,33136],[18,0],[4,6],[18,-28],[36,7],[-2,4],[34,8],[26,-4],[4,3]],[[59926,32566],[-11,-33],[-20,-23],[-4,-10],[-7,-4],[4,-5]],[[59888,32491],[-36,-54],[-19,-18],[-30,-21],[-43,-20],[-216,-84]],[[59157,32698],[16,4],[13,-3],[30,3],[7,5],[18,6],[17,-1],[23,6],[111,-2],[295,25],[-11,44]],[[59676,32785],[47,-42],[72,-84],[0,-4],[-17,-9],[9,-5],[-6,-4],[1,-5],[17,1],[10,-3],[-14,-8],[35,-22],[0,-5],[11,-1],[5,-4],[-5,-7],[16,-15],[4,-20],[38,16],[7,6],[20,-4]],[[61021,33070],[18,-23],[-13,-5],[32,-25],[-3,-2],[8,-5],[-20,-5],[4,-1],[-8,-3],[-13,6],[-5,-3],[-28,15],[-32,-7],[-1,-27]],[[60960,32985],[-43,6],[-29,-1],[-35,-8],[-43,-20],[-75,-2]],[[60735,32960],[-4,21],[3,4],[-4,2],[8,2],[0,3],[-15,0],[4,4],[-5,2],[5,3],[-4,2],[6,4],[-9,1],[-3,9],[4,5],[-24,14]],[[60697,33036],[17,21],[12,7],[0,16],[97,6],[56,-6],[16,-5],[17,7],[-1,3],[20,5],[13,-1],[6,4]],[[60950,33093],[46,-11],[25,-12]],[[60735,32960],[-33,-3],[-11,-8],[-4,-10],[6,-2],[0,-6],[-9,-3],[-4,-11],[7,-4],[-4,-3],[0,-14]],[[60421,32987],[13,0],[-12,19],[10,-5],[5,1],[18,-4],[-1,5],[5,1],[3,-3],[13,3],[-4,17]],[[60471,33021],[14,2],[9,5],[21,2],[30,-3],[23,-5],[5,-4],[27,26],[16,-2],[2,-19],[4,-3],[75,16]],[[60382,32802],[-67,-22]],[[60315,32780],[-77,-25],[-27,-12],[-61,-17],[-67,-29],[-44,-24],[-31,-22],[-43,-37],[-19,-20]],[[59946,32594],[-20,-28]],[[59676,32785],[-5,19]],[[60197,32932],[45,14]],[[61317,33136],[-15,9],[-35,5],[-17,-1],[-21,-7],[-16,-18],[-6,-14],[7,-19],[-1,-14],[-15,-11],[-16,-4],[-24,3],[-30,10],[-40,18],[-17,16],[-1,16]],[[61070,33125],[1,34],[-4,9]],[[61067,33168],[12,7],[43,8],[24,15],[19,5],[12,1]],[[61177,33204],[47,4],[27,10],[9,-1],[112,10],[4,-4],[16,-1]],[[59676,33441],[57,-6],[41,-1],[38,-4],[0,2],[82,-20],[25,-3]],[[59919,33409],[-106,-43],[-24,-24],[77,-27],[27,-6]],[[59893,33309],[-8,-13],[29,-14],[-15,-15],[-6,-14],[22,-14],[-103,11],[-2,-10]],[[59810,33240],[-53,15],[-185,29],[-74,14]],[[59498,33298],[29,21]],[[59527,33319],[29,-4],[3,11],[31,14],[2,6],[12,7],[6,12],[5,0],[5,7],[2,7],[-7,9],[10,23],[27,12],[9,20],[15,-2]],[[61331,32838],[-18,3],[-32,-23],[-21,-8],[-73,-41],[-28,0],[8,30],[-20,3],[1,14],[-7,33],[-33,-10],[-15,4],[2,15],[9,10],[-6,1],[1,4]],[[61099,32873],[50,-5],[9,2],[4,6],[-3,2],[19,9],[22,19],[9,22],[61,-19]],[[60612,33365],[28,-21],[66,-16],[15,-10]],[[60721,33318],[22,-11],[13,-2],[36,0],[69,4],[17,-3],[73,-48],[8,-13],[-6,-25],[4,-5],[44,-14],[16,1],[16,-3],[25,-12],[9,-19]],[[61070,33125],[-41,2],[-12,4],[-9,-5],[33,-52],[-20,-4]],[[60950,33093],[2,2],[-32,17],[-41,31],[-28,-10],[-14,9],[-28,10],[-10,-11],[-3,-11],[-5,0],[-5,5],[-17,4],[9,10],[-5,8],[-12,-4],[-12,4],[3,2],[-16,4],[10,11],[-83,13]],[[60663,33187],[-47,8],[44,38],[-13,14],[-121,35],[-1,3],[-69,-2]],[[60456,33283],[0,15]],[[60456,33298],[35,31],[-27,5],[6,3],[2,6],[-5,1],[5,9],[-18,4],[7,11],[11,-3],[6,5],[-16,5],[1,3],[14,0],[8,6],[26,-1],[7,4],[-9,6],[3,5],[25,2],[39,-10],[36,-25]],[[61099,32873],[-12,2],[-1,-2],[-31,6],[-1,-2],[-8,1],[1,2],[-20,3]],[[61027,32883],[3,9],[43,-5],[7,21],[-9,2],[2,36],[-4,1],[-18,23],[-25,-3],[-1,19],[-65,-1]],[[61311,32811],[-52,-18],[-74,-46],[-27,-7],[-24,4],[-160,55],[-38,15]],[[60936,32814],[9,8],[16,0],[-5,12],[16,7],[10,34],[-6,1],[5,12],[46,-5]],[[60663,33187],[-12,-19],[-30,-31],[0,-11],[-22,-7],[1,-3],[-44,-12]],[[60556,33104],[-97,27],[-86,33],[-66,13]],[[60307,33177],[10,39],[23,26]],[[60340,33242],[44,25],[36,11],[36,5]],[[60471,33021],[8,11],[1,21],[5,1],[8,17],[21,4],[4,9],[-4,7],[42,13]],[[60079,33391],[36,-28],[43,-17],[144,-25],[18,-5],[5,9],[131,-27]],[[60340,33242],[-84,21],[-29,5],[-41,2],[-38,-1],[-42,-6],[-35,1],[-178,45]],[[59919,33409],[15,-2],[62,2],[0,2],[24,-1],[35,-8],[24,-11]],[[59871,33169],[-4,13],[11,13],[-35,29],[-33,16]],[[60936,32814],[-115,51],[-27,9],[-46,7],[-53,-4]],[[58949,34214],[-132,-75],[-42,-16],[-3,-6],[-13,-8],[-23,-3],[-9,-5],[-26,-17],[-9,-13],[-23,-9],[-22,-2],[-21,-8],[-11,-2],[-11,2],[-1,-4],[-24,-5],[-4,-4],[-11,-1],[-3,2],[-5,-5],[-4,-21],[-30,-6],[-1,-4],[-7,-2]],[[58514,34002],[-6,-6],[0,-11],[-4,-1],[-1,-8],[-3,-3],[-8,-1],[-6,-13],[-20,-3],[-73,-28],[-22,-4],[-24,-7],[1,4],[-14,4],[2,6],[-11,2],[1,5],[-5,6],[-14,6],[3,4],[-5,0],[-1,5],[-10,0],[-8,5],[-1,5],[-4,0],[4,9],[5,1],[-8,3],[2,5],[-5,3],[-7,0],[4,3],[-8,1],[3,2],[-5,5],[-9,2],[5,4],[-2,4],[-14,5],[0,3],[-6,-2],[-15,7],[-6,8],[5,4],[-17,5],[1,4],[-12,-2],[-2,5],[-15,2],[3,4],[-5,3],[-41,10],[-15,-16],[-31,-6],[-11,0],[-9,3],[-20,-16],[-34,-5],[-27,-13],[-8,-9],[-13,-3],[-16,-7],[-1,-14],[-6,-7],[6,-6],[-9,-17],[-16,-10],[5,-10],[-14,-4],[-11,-11],[-8,0],[-6,2],[-14,-8],[-10,3],[-20,-2]],[[57848,33911],[-15,14],[-7,1],[0,19],[-8,5],[-7,11],[-15,7],[-4,30],[-4,3],[9,15]],[[57797,34016],[25,27],[25,13],[18,21],[20,11],[-2,3],[-10,2],[-8,9],[-3,12]],[[57862,34114],[12,2],[11,-6],[20,-2],[12,4],[6,9],[-1,9],[9,2],[1,3],[9,6],[5,10],[20,-2],[9,3],[14,-2],[46,13],[20,-1],[-1,3],[9,1],[5,6],[7,-2],[6,6],[20,-4],[7,0],[1,4],[22,-4],[36,11],[0,-10],[-5,-3],[-2,-14],[3,-2],[-2,-5],[20,6],[3,4],[43,6],[5,9],[14,10],[22,10],[27,7],[6,15],[11,9],[9,-1],[17,-7],[13,3],[-7,12],[1,5],[5,-2],[-4,28],[-17,15],[-6,14],[-21,27],[-7,6],[-21,7],[-15,9],[-10,8],[-1,16],[-19,19],[-10,35],[-9,1],[-2,4],[-1,18],[7,10]],[[58214,34452],[26,33],[7,23],[-7,17],[-11,8],[3,31],[-19,8],[4,6],[48,-1],[21,6],[17,-4],[11,-10],[96,-11],[15,2],[10,8],[20,4],[31,-4],[33,0],[26,-8],[42,-1],[22,-4],[62,2],[28,-5],[38,6],[6,6],[4,-5]],[[57874,34774],[-18,-33],[5,0],[-1,-7],[17,-2],[-5,-3],[-21,-4],[-76,12],[-12,-7],[-6,-9],[0,-12],[13,-14],[-18,-12],[6,-7],[10,-39]],[[57768,34637],[-30,0],[-27,-5],[-11,-22]],[[57700,34610],[-283,37],[-33,11],[-18,9],[5,1],[-3,14],[-10,1],[7,6]],[[57561,34774],[26,5],[8,-2],[100,20],[6,-12],[8,-1],[2,6],[13,6],[4,39]],[[57728,34835],[50,8],[13,-3],[26,3],[19,-8],[21,-23],[8,-17],[2,-19],[7,-2]],[[57999,34523],[15,1],[25,-9],[27,1],[44,-6],[19,6],[33,1],[6,-13],[-10,-18],[1,-18]],[[58159,34468],[-8,-8],[3,-11],[-6,-14],[-40,-18],[-18,1],[-29,-8],[-5,-11],[6,-8],[-32,-16],[-37,-7],[-5,-28],[-8,-15],[-32,34],[-68,43],[-29,28]],[[57851,34430],[-17,36],[1,37]],[[57835,34503],[1,2],[80,2],[60,6],[3,-2],[13,9],[0,5],[7,-2]],[[58214,34452],[-16,1],[-39,15]],[[57999,34523],[12,12],[17,8],[11,14],[-5,7],[0,12],[15,25],[-2,5],[-14,9],[-21,37],[-33,-5],[-177,-6],[-34,-4]],[[57874,34774],[29,-4],[12,4],[6,-3],[36,4],[0,-3],[12,-6],[1,-6],[70,20],[9,18],[-1,17],[21,32],[17,11],[29,9],[37,18],[53,43],[8,11],[3,13],[19,17],[83,64],[30,9],[22,26],[13,3],[39,-5],[61,-18],[12,8],[37,15],[22,0],[49,11]],[[57851,34430],[-16,-4],[-33,-1],[-10,-3],[-55,-57]],[[57737,34365],[-31,17],[-9,15],[-12,7],[-25,-7],[-3,3],[-14,-1],[1,2],[-6,4],[-15,1],[-24,-4],[-27,-11],[-15,7]],[[57557,34398],[1,4],[-6,4],[-15,0],[10,8],[-5,6],[-49,-5],[6,18],[-20,4],[-1,4],[11,3],[-11,3]],[[57478,34447],[13,16],[27,0],[6,16],[-3,16],[10,8]],[[57531,34503],[51,-24],[2,10],[15,10],[26,5],[15,10],[9,0],[3,4],[16,1],[5,7],[8,-1],[6,-6],[14,-4],[6,7],[16,-1],[2,9],[8,0],[3,16],[23,1],[-1,8],[29,10],[2,-22],[18,-19],[-6,-17],[34,-4]],[[57531,34503],[-8,3],[19,13],[40,13],[16,9],[9,10],[4,13],[20,0],[19,7],[9,0],[25,28],[16,11]],[[57862,34114],[-12,17],[-24,19],[-5,-1],[-23,13],[-14,2],[-1,4],[-24,0]],[[57759,34168],[8,12],[-7,14],[4,10],[11,1],[8,10],[-5,9],[5,10],[-3,9],[5,4],[21,-2],[9,3],[16,12],[-2,5],[3,4],[-21,14],[-3,-2],[-50,11],[-6,-2],[2,12],[15,18],[5,-1],[4,13],[-12,11],[5,1],[-3,3],[-31,18]],[[57759,34168],[-7,-3],[3,-4],[-7,-1],[-27,7],[-2,9],[25,7],[0,11],[20,19],[-21,7],[4,6],[-10,8],[-26,9],[-5,-3],[-37,14],[-36,-17],[-16,13],[-17,0],[-1,10],[-8,6]],[[57591,34266],[1,7],[-21,8],[6,8],[8,4],[-14,9],[8,7],[-3,6],[-7,4],[-6,-2],[-11,0],[-5,3],[-7,13],[10,6],[-13,6],[2,6],[16,10],[-12,1],[13,8],[-5,5],[21,-4],[-10,11],[-17,-2],[1,10],[-6,8],[8,3],[9,-3]],[[57728,34835],[-11,44],[-3,46],[4,16],[-25,-5],[-33,-15],[-23,-6],[4,22],[-8,27],[-8,10],[3,7],[-24,7]],[[57797,34016],[-2,8],[-9,4],[3,7],[-12,2],[-12,7],[-14,1],[-8,-4],[3,-2],[-31,-4],[-4,3],[-9,-3],[-10,2],[-15,-3],[-30,1],[-8,-5],[-23,-6],[-23,-2],[-25,-13],[-36,-3],[-5,-4]],[[57527,34002],[-15,-3],[-28,1],[-10,-2],[-3,2],[-14,1],[-12,7],[-17,2],[-2,4],[-17,1],[-14,-3],[-23,3],[-7,-3],[-14,2],[-3,-3],[-10,0],[0,-2],[-10,-3],[-30,-5],[-8,3],[-14,-6],[-9,-1],[-15,9],[-14,1]],[[57238,34007],[-14,4],[-47,-2],[-4,4],[2,12],[-11,11],[-13,53],[-8,9],[16,3],[23,11],[6,0]],[[57188,34112],[32,-17],[9,-14],[33,2],[6,-2],[75,17],[24,11],[17,4],[1,30],[-5,18],[-11,8],[-3,13],[20,11],[21,6],[-3,3],[6,4],[3,-1],[15,17],[20,4],[1,7],[5,2],[7,10],[13,5],[2,9],[8,5],[17,4],[6,-2],[7,5],[3,-3],[10,1],[14,-2],[19,-9],[14,6],[17,2]],[[56118,34223],[-12,1]],[[56118,34223],[0,0]],[[56099,34241],[-1,7],[11,5]],[[56109,34253],[-9,-8],[-1,-4]],[[56111,34329],[-4,-8]],[[56111,34329],[0,0]],[[56114,34347],[-21,2],[-11,5],[4,12],[-7,5],[4,6],[-5,3],[-19,4],[5,11],[-26,14],[-2,25],[6,7],[16,5],[3,5],[-18,5],[-9,0],[-18,10]],[[56016,34466],[3,10],[17,2],[17,-5],[5,8],[-23,15],[-2,28],[-27,2],[-35,11],[5,15],[11,13],[-12,12],[-23,11],[8,7],[47,16],[12,19]],[[56019,34630],[69,-115],[4,-61],[-18,-35],[-2,-12],[42,-60]],[[55955,34695],[0,0]],[[55944,34702],[0,0]],[[57017,34618],[-16,-25],[-33,-25],[25,4],[5,-4],[67,-2],[16,-4],[11,3],[10,-4],[26,0],[23,5],[5,-10],[-32,-7],[7,-3],[17,6],[24,2],[28,7],[25,0],[14,-6],[24,-1],[5,-2],[12,3],[5,-4],[12,11],[12,1],[1,2],[16,4],[8,1],[4,-3],[17,3],[10,-5],[2,3],[4,-3],[5,1],[4,-11],[19,2],[23,-81]],[[57422,34476],[-10,-1],[-18,-8],[-15,0],[-51,11],[-15,7],[-24,1],[-10,-2],[-9,-6],[-30,5],[-15,-12],[-20,2],[-24,9],[-23,-2],[-12,-5],[1,-3],[-12,-2],[-13,2],[5,6],[11,0],[-2,5],[-12,2],[-13,-1],[-6,3],[0,-5],[-12,-1],[3,7],[-26,-6],[-3,-13],[-9,0],[-10,5],[-14,0],[1,5],[-6,5],[-18,-7],[0,4],[-10,2],[-11,11],[-10,-1],[-27,21],[-12,21],[-42,4],[-3,-6],[-47,5],[-3,-4],[-21,3],[-15,-7],[-11,11],[-18,-6],[-3,6],[-11,0],[-1,2],[-19,-3],[1,-3],[-39,-5],[-4,-3],[-18,3],[3,8],[-40,8],[-5,-3],[-1,4],[-7,1],[-25,-44],[7,-2],[9,-37],[-6,-3],[-14,3],[-16,-1],[-5,5],[-6,1],[4,-7],[-4,-12],[58,-78],[12,-9],[8,-5],[2,3],[16,-1],[19,-7],[15,3],[1,-2],[13,-2],[6,-6],[14,-1],[18,-13],[5,-1],[2,-5],[17,-13],[-3,-3],[8,-13],[-11,-7],[-4,-11],[-19,-3],[-1,-3],[6,-10],[17,-10],[7,-9],[-2,-39],[-7,-12],[12,-12]],[[56790,34184],[-69,-15],[-57,-35],[-67,-20],[-25,-12],[-5,5],[-13,2],[1,3],[-6,4],[2,3],[-30,11],[-13,9],[-6,1],[-1,3],[-14,-1],[-10,4],[-5,-3],[-13,0],[-10,4],[-21,1],[-4,4],[-14,1],[-1,-2],[-13,2],[-19,-6],[-13,10],[-4,25],[-116,-4],[42,-35],[3,-9],[9,-8],[-8,-1],[-16,-19],[-9,-5],[-25,4],[-24,9]],[[56216,34114],[-2,5],[-14,6],[1,7],[-7,2],[10,9],[-17,6],[7,11],[-10,3],[-15,12],[-2,13],[5,6],[-5,2]],[[56167,34196],[-15,15],[-33,13],[-14,2]],[[56105,34226],[-3,2]],[[56102,34228],[-1,2],[0,14],[17,13],[1,5]],[[56119,34262],[1,1]],[[56120,34263],[0,10]],[[56120,34273],[-4,12]],[[56116,34285],[-9,32],[9,16]],[[56116,34333],[3,0],[1,7],[-4,7]],[[56116,34347],[-43,61],[21,50],[-1,45],[-11,31],[15,-4],[21,-1],[119,10],[11,-2],[6,-4],[13,-4],[31,1],[9,4],[16,-4],[13,2],[19,-11],[14,1],[8,-4],[35,3],[-33,-2],[-10,3],[-13,0],[-18,10],[-14,-1],[-17,3],[-9,-3],[-34,-1],[-16,7],[-12,2],[64,50],[27,11],[33,6],[12,5],[157,2],[-139,-1],[14,10],[26,46],[0,9],[-2,-11],[-10,-11],[-15,-33],[-13,-10],[-16,0],[-47,-12],[-26,-10],[-17,-11],[-48,-39],[-114,-10],[-31,1],[-12,7],[-54,82],[-8,26],[-18,19],[1,7]],[[56000,34672],[3,6],[-1,4]],[[56002,34682],[0,3],[-18,12],[-8,1],[-19,-2],[-11,6],[7,24],[9,8],[10,5],[19,-3],[9,3],[2,7],[-3,10],[-10,5],[2,2]],[[57422,34476],[17,1],[6,-7],[-9,0],[-3,-5],[7,-4],[7,9],[14,-2],[2,-4],[-8,-1],[-1,-3],[15,-7],[-2,-6],[11,0]],[[57188,34112],[3,4],[9,1],[1,4],[11,4],[-4,9],[5,8],[8,4],[3,7],[-4,8],[-7,2],[-2,4],[5,4],[-4,17],[3,7],[-25,16],[-17,-3],[1,-14],[8,-7],[-3,-5],[-12,-5],[-10,1],[-28,-3],[-28,-12],[-11,-13],[0,-11],[-49,-9],[-27,6],[-82,3],[-54,20],[-71,14],[-10,4],[-7,7]],[[56924,31829],[-10,1],[-8,4],[-8,-1],[-45,7],[-2,18],[-25,0],[-1,-12],[-7,1],[5,33]],[[56823,31880],[-2,22],[8,1],[-2,18],[5,12],[-18,3],[6,21]],[[56820,31957],[152,21]],[[56972,31978],[-9,-78],[-39,-71]],[[56554,31840],[-7,-3],[-24,10],[-46,3],[-5,-26],[-15,1],[-2,-7],[-38,7],[-12,-19],[-9,1],[-10,-16],[-31,3],[-32,-1]],[[56356,31892],[146,20]],[[56502,31912],[1,-6],[53,-3],[28,-10],[-9,-2],[2,-5],[-5,0],[1,-4],[-11,-1],[0,-3],[-5,-1],[-2,-14],[5,-3],[-6,-2],[-4,-11],[5,-2],[-1,-5]],[[57050,31441],[22,1],[14,-15],[16,-7],[28,-5],[1,-8],[96,-18]],[[57227,31389],[51,-9]],[[56936,31356],[3,10],[37,-1],[-11,2],[-11,7],[-9,1],[4,6],[-6,2],[11,1],[-4,3],[-33,-1],[-6,11],[-32,-1],[-44,7],[-25,-2],[-2,11],[10,13],[-2,26],[-20,1],[-2,15],[-27,0],[-10,6],[-13,0],[-5,2],[8,10],[-44,1],[-5,16],[13,1],[-2,5],[-12,0],[2,7],[29,34],[12,2],[0,4],[7,3],[16,-7],[20,10],[6,0]],[[56789,31561],[217,-123],[14,-6],[30,9]],[[56806,32155],[34,-5]],[[56840,32150],[-4,-11],[26,-13],[-12,-12],[-49,15],[-4,-23],[4,-10],[8,-7],[-9,-22],[8,-1],[-6,-3],[1,-2],[-27,-5],[-2,-3],[14,-41],[38,-38],[-6,-17]],[[56820,31957],[-211,-30]],[[56609,31927],[-2,5],[16,14],[-2,16],[-7,4],[-30,3],[-1,6]],[[56703,32169],[13,4],[33,-10],[57,-8]],[[56925,31645],[0,-9],[18,-1],[2,-22],[105,7],[30,-3],[24,-7],[3,-12],[-10,-42],[4,-43]],[[57101,31513],[-12,-2],[-24,3],[-54,13],[4,5],[5,-1],[0,7],[-4,12],[-6,-2],[-3,3],[7,3],[-13,6],[0,-7],[-40,-11],[-45,16],[-27,16]],[[56889,31574],[-25,16],[-2,3],[14,0],[-2,5],[-10,8],[-12,0],[-8,4],[-8,10],[12,3],[-6,9],[-19,5],[1,10],[-57,3],[0,1]],[[56767,31651],[158,-6]],[[56564,31703],[1,-2]],[[56564,31703],[0,0]],[[56924,31829],[31,3],[20,8],[22,-16],[18,-24],[2,-34]],[[57017,31766],[-27,-12],[-34,-11],[-25,1],[-16,2],[-4,-2],[-28,-3],[-19,-5],[-6,-13],[-18,-6],[-3,-2],[-7,1],[7,-21],[-3,-9],[-11,-9],[-15,-2],[-23,0],[-30,13],[-15,3],[2,1],[-61,9],[-28,-1],[-79,-9],[0,5],[-9,10],[11,-1],[-9,3],[-26,17]],[[56541,31725],[29,15],[0,17],[-10,13],[44,1],[-5,45],[21,4],[1,5]],[[56621,31825],[17,4],[2,-3],[25,6],[12,-4],[3,2],[11,-4],[9,8],[4,9],[20,9],[8,11],[-8,18],[30,2],[69,-3]],[[57895,31415],[-9,-3],[-11,4],[-15,18],[-15,11],[-10,3],[-7,15],[-30,1],[-34,-5],[-7,13],[-9,-2],[-7,9],[-19,-2],[1,11],[6,4],[0,3],[-59,-12],[-74,-32],[-2,9]],[[57594,31460],[-12,53],[-9,1],[-48,-8],[-16,17],[-29,7],[3,50],[-10,12],[-3,12],[-37,12],[-7,24],[-10,3],[-31,0],[-34,-6],[-27,-1]],[[57324,31636],[-59,1],[-9,14],[-30,7],[27,17],[-16,19],[144,34]],[[56554,31840],[16,-1],[3,2],[9,-3],[14,12],[14,0],[11,-25]],[[56541,31725],[-8,4],[-12,13],[-4,0],[10,-12],[34,-20],[3,-7]],[[56565,31701],[4,-10],[-51,-13],[-43,-23],[-15,-15],[-21,-30],[-34,-31],[-10,-15],[-10,-27],[-20,21],[-37,14],[39,-18],[7,-9],[-1,-5],[11,-5],[5,-7],[4,-12],[-2,-10],[-14,-16],[-38,-25],[-24,-11],[-40,-10],[-47,-1],[-29,20],[-56,29],[-18,2],[-131,46],[-24,3],[-17,-1],[-11,-3],[-21,-11]],[[55921,31528],[-45,31],[-10,20],[11,0],[0,5],[35,1],[41,-5],[9,30],[21,-2],[-2,-5],[16,-1],[1,9],[-12,4],[17,16],[-17,6],[11,25],[-1,15]],[[57227,32016],[-255,-38]],[[56840,32150],[19,-3],[83,3],[49,-9],[-13,0],[4,-20],[32,-57],[25,-6],[-1,-6],[50,-12],[1,-11],[38,1],[100,-13]],[[57101,31513],[-6,-28],[-29,-35],[-16,-9]],[[56789,31561],[2,2],[47,1],[22,3],[-3,7],[10,2],[11,-1],[3,-5],[7,1],[1,3]],[[57324,31636],[-5,-40],[5,-8],[10,-4],[10,-12],[-24,-11],[-26,-3],[3,-6],[-12,-16],[2,-13],[-12,0],[-7,-22]],[[57268,31501],[-8,-3],[-23,4],[0,10],[-5,1],[-10,-18],[-18,5],[-1,-5],[-14,0],[-3,2],[5,6],[-36,9],[-8,6],[-26,0],[-20,-5]],[[56925,31645],[33,4],[23,11],[21,16],[11,1],[41,18],[38,30],[22,12],[9,10],[19,9],[16,1],[46,-1],[75,-8],[47,-10],[49,-3]],[[57268,31501],[57,-14],[-1,-7],[-18,-14],[28,-3],[22,-14]],[[57356,31449],[36,-23],[1,-8],[6,-5],[-37,-2],[-35,2],[-21,7],[-14,10],[-9,-6],[-3,-12],[-8,-6],[-15,-2],[-22,4],[-8,-19]],[[57201,31802],[-65,5],[-47,-11],[-37,-13],[-35,-17]],[[56502,31912],[107,15]],[[56634,31374],[-1,7],[-11,15],[-37,26],[-23,21],[-17,23],[-3,-1],[-14,26],[2,24],[9,22],[18,17],[37,26],[49,33],[-52,-32],[-26,-13],[-4,6],[12,16],[27,32],[21,13],[100,18],[46,-2]],[[57594,31460],[-10,-4],[-28,4],[-34,-9],[-15,1],[-9,-2],[-20,9],[-52,5],[-12,15],[-31,-10],[2,-12],[-16,-2],[-13,-6]],[[61883,36529],[32,-14],[39,-11]],[[61954,36504],[-2,-37],[-7,-2]],[[61945,36465],[-1,-15],[9,-44],[29,-12],[-9,-10],[-25,6],[-25,-23],[11,-10],[-23,-24],[-19,-13],[20,-12],[5,5],[29,6],[6,8],[16,-6],[19,-15],[-20,-16],[8,-4],[-5,0],[-3,-5],[-11,-1],[2,-3]],[[61958,36277],[-9,-2],[-5,-11],[-10,-5],[-20,-2],[-7,-11]],[[61907,36246],[-7,-4],[-35,3],[-34,-6],[-9,-19],[-31,2],[-22,-21],[-37,-1],[-34,3],[1,-11],[18,-7],[2,-9],[-10,-22],[-14,-6]],[[61695,36148],[-11,-22],[-31,-1],[-13,-3]],[[61640,36122],[-10,6],[-12,18],[-51,28],[-20,6],[-21,0],[-14,23],[-85,-30],[-14,4],[-3,-2],[-40,18],[-147,-60],[-23,20],[-25,-3],[14,-9],[-17,-7],[5,-4],[-35,-19],[-31,-10],[-12,0],[-33,18],[-112,-1]],[[61716,36643],[14,5],[14,13],[17,-15],[19,-11],[14,-5],[10,-1],[27,-21],[12,-14],[40,-65]],[[62866,36623],[4,-9],[70,-25],[18,-28],[28,-15],[3,-6],[42,-18],[25,-26],[6,0],[6,-3],[0,-9],[9,-8],[-12,-18],[-15,-14],[-39,-20],[-17,-14],[2,-3],[9,1],[27,13],[16,4],[32,-1],[43,-29],[5,-8],[-3,-6],[7,-10],[-2,-5],[11,-11],[33,-12],[23,-12],[11,1],[14,-2],[16,-7],[15,3],[8,-1],[155,-82]],[[63271,36020],[138,36],[18,85],[-11,102]],[[62781,35839],[96,35],[51,24],[50,19],[65,39],[228,64]],[[62433,35967],[-5,4],[0,10],[6,18],[-8,6],[43,17],[16,13],[12,1],[-4,5],[-52,11],[-12,-1],[-12,16],[-7,-1],[-4,13],[10,0],[-1,41],[-23,19],[3,11],[-29,11],[-24,-4],[-18,9],[10,3],[-23,14]],[[62311,36183],[-2,3],[8,3],[-7,5],[-7,13],[-3,18],[13,-3],[33,3],[62,46],[52,11],[7,-3],[18,4],[-12,3],[4,7],[24,2],[-10,10],[-33,-2],[-10,2],[-26,14],[-10,11],[-36,3],[-2,11],[-15,-2],[-45,1],[-1,13],[-10,3],[-10,-3]],[[62293,36356],[-42,41],[-2,19],[-11,8],[-15,1],[-41,10],[2,6],[-22,6],[-77,3],[-19,6],[-32,-16],[-8,0],[-32,10],[-17,2],[-32,13]],[[61954,36504],[127,30],[0,38],[30,0],[21,5],[6,6],[-2,13],[4,7],[11,14],[12,6],[10,1],[5,-3],[19,-1],[23,-8],[16,4],[7,4],[0,5],[46,-25],[1,-11],[-11,-17],[7,-6],[10,-3],[21,2],[10,-3],[63,-4],[9,3],[33,1],[23,5],[25,-2],[23,-6],[24,-2],[25,-6],[74,-1],[68,8],[128,48],[22,12],[22,5]],[[62077,36176],[-5,-11],[-28,7],[-29,-13],[-8,-10],[-9,2],[-19,12],[-39,14],[-114,-64]],[[61826,36113],[-7,4],[-36,-7],[-4,1],[8,4],[-18,12],[-43,14],[-31,7]],[[61907,36246],[5,-1],[11,-18],[13,6],[20,-14],[4,-10],[7,-5],[22,-1],[45,-7],[26,-15],[17,-5]],[[61721,35946],[7,20],[-29,3],[-24,11],[7,7],[20,2],[-3,6],[1,6],[5,1],[-4,3],[-27,3],[-24,-4],[-41,0],[9,35],[35,18]],[[61653,36057],[5,-2],[12,4],[9,-14],[30,-9],[-2,-1],[17,-6],[-1,-2],[10,0],[21,-8],[6,10],[15,10],[10,5],[6,-3],[9,7],[5,-3],[9,6],[5,-3],[29,22],[16,-11],[0,6],[6,4],[12,-2],[21,14],[-4,7],[2,2]],[[61901,36090],[18,-9],[25,-21],[2,-7],[-14,-4],[11,-4],[4,-8],[-2,-8],[14,-7],[15,2],[29,-19]],[[61268,35924],[-33,20],[-13,12],[0,15],[-26,19],[3,12],[48,11],[174,57],[36,-20],[40,-13],[21,-1],[10,4],[29,28],[2,7],[-8,13],[2,5],[76,26]],[[61629,36119],[17,-26],[0,-8],[-13,-7],[-24,-2],[-3,-5],[10,-3],[3,-4],[-4,-3],[7,-4],[29,6],[9,-2],[-7,-4]],[[61640,36122],[-11,-3]],[[61901,36090],[-45,28],[-26,-9],[-4,4]],[[62077,36176],[1,27],[32,-10],[-1,-6],[18,-6],[55,-9],[12,-1],[17,3],[-1,-8],[13,1],[1,-4],[13,1],[33,9],[5,-4],[18,3],[8,-5],[7,4],[-10,6],[13,6]],[[62293,36356],[6,-10],[-1,-14],[-15,-23],[-52,-3],[-105,-20],[-12,-7],[-19,25],[-66,-17],[-4,-7],[-67,-3]],[[62668,33869],[-17,-23]],[[62651,33846],[-105,-31],[-1,2],[-95,4],[-94,-14]],[[62356,33807],[-17,0],[9,21],[-1,18],[-9,12],[-50,43],[-22,29],[-10,26],[11,14]],[[62267,33970],[10,-2],[64,21],[1,8],[15,3],[1,-6],[39,11],[45,33]],[[62442,34038],[16,-51],[4,-32],[32,3],[19,8],[14,-1],[26,-32],[25,-8],[15,-15],[-21,-5],[17,-11],[-10,-4],[9,-6],[20,9],[17,-4],[1,-5],[6,2],[17,-6],[19,-11]],[[62263,34100],[-12,-4],[-14,8],[-8,0],[-26,-16],[-10,-12],[-5,-13],[9,-7],[-5,-12],[15,4],[1,-11],[9,-3],[52,2],[-26,-19],[-47,-16]],[[62196,34001],[-30,-13],[-117,5],[-23,-4],[-12,-7]],[[62014,33982],[-4,2],[-5,-4],[-23,11],[3,4],[-10,5],[-36,8],[-32,-4],[5,-21],[-6,-15],[-10,1],[-19,12],[-8,1],[-12,-2],[-10,-9],[-10,-3],[-6,3],[-4,15],[-22,3],[-15,9],[-58,-23],[-36,6],[-1,11],[-20,8]],[[61675,34000],[9,8],[21,5],[19,17],[0,21],[-34,22],[-1,16],[14,8],[-4,7],[16,4],[-4,8],[15,1],[8,4],[-4,11],[3,3],[15,-6],[10,2],[16,5],[14,17],[77,-6],[49,8],[14,7],[7,-7],[14,6],[18,-18],[33,-1],[-6,14],[3,4],[-5,5],[7,3],[14,1]],[[62013,34169],[6,-16],[36,2],[-5,-9],[3,-10],[-8,-3],[-27,-2],[-12,-8],[6,-8],[37,4],[6,-9],[-11,-3],[9,-7],[17,2],[11,-15],[30,2],[21,18],[2,7],[13,-1],[5,3],[2,-4],[9,0],[0,-5],[20,0],[16,7],[7,-5],[19,6],[8,-4],[3,2],[24,-5],[3,-8]],[[62356,33807],[40,-29],[3,-25],[-4,-2]],[[62395,33751],[-23,-5],[-2,-5],[-21,-2],[-6,-5],[-31,-4],[-65,2],[-26,-3],[-47,-20],[-33,-19]],[[62141,33690],[-22,6],[-54,3],[-11,10],[-14,2],[-11,16],[-14,-1],[-20,5],[-17,1],[-7,-2],[-18,0],[-8,-6],[-3,1],[-26,49],[45,21],[-13,4],[9,23],[-12,4],[13,24]],[[61958,33850],[7,14],[24,9],[-8,9],[15,11],[-4,4],[7,12],[28,-1],[-2,14],[7,4],[-10,7],[20,7],[-11,14],[2,2],[-25,8],[11,7],[-11,7],[6,4]],[[62196,34001],[10,-8],[39,-9],[22,-14]],[[62469,34232],[-4,-7],[28,-10],[8,13],[8,3],[30,-24],[-6,-20],[-15,-10],[37,-7],[-9,-12],[-4,1],[0,-9],[31,-12],[5,-4]],[[62578,34134],[-60,-28],[-102,-33]],[[62416,34073],[-37,-9],[-9,22],[-8,-4],[-76,-9],[9,29]],[[62295,34102],[16,30],[18,10],[-18,19],[-20,2],[4,7],[-7,25],[11,1]],[[62299,34196],[6,-6],[5,1],[-3,8],[47,12],[5,-4],[8,7],[67,17],[19,4],[16,-3]],[[62196,33437],[-3,1],[-15,-17],[-4,-13],[-24,-9],[-17,-25],[-60,-51]],[[61998,33347],[3,8],[20,-3],[18,15],[23,2],[12,60],[-73,0],[-2,24],[-61,2],[7,33],[10,1],[33,9]],[[61988,33498],[75,19],[37,5],[35,-2],[75,6]],[[62210,33526],[17,0],[5,-47],[-12,-15],[0,-7],[-6,0],[-18,-20]],[[62471,34329],[-6,-5],[27,-24],[-5,-11],[9,-2],[5,-7],[-4,-7],[5,-5],[-4,-25],[-14,-2],[-15,-9]],[[62299,34196],[-4,6],[-50,-6],[-6,4],[-6,-2],[-4,2],[-8,-5],[-17,-1],[-7,4],[6,1],[1,5],[-13,2],[-4,-5],[-7,0],[-42,6],[-5,5],[9,20],[-4,20],[-13,14],[-16,7],[-13,15],[-21,1],[-4,10]],[[62071,34299],[-3,3],[11,14]],[[62079,34316],[93,12],[15,-2],[2,4],[116,14],[5,1],[2,8]],[[62312,34353],[14,6],[11,1],[15,-6],[4,-6],[7,-2],[15,-1],[19,3],[26,-5],[29,6],[7,0],[4,-3],[-1,-4],[8,-5],[1,-8]],[[62141,33690],[-32,-32],[-9,4],[-33,-21],[-2,-12],[-49,-30],[-32,-14],[-11,8],[-63,19]],[[61910,33612],[-16,31],[-1,18],[-15,63],[-27,3],[-29,-1],[-4,5],[-128,-37],[-52,-18],[-56,-25],[-53,-32]],[[61529,33619],[-15,4],[-22,-4],[-6,3],[-9,12],[9,2],[12,19],[25,21],[-21,7],[3,15],[11,-1],[7,14],[-33,18],[-35,27],[-3,16]],[[61452,33772],[48,5],[52,12],[48,23],[44,37],[18,3]],[[61662,33852],[104,5],[82,15],[18,-2],[30,-10],[62,-10]],[[62717,34061],[9,-3],[-2,-6],[13,-2],[-5,-4],[-7,2],[-23,-13],[7,-4],[-17,-6],[8,-15],[20,-7],[-3,-11],[8,-7],[-11,-1],[-8,-8],[-7,-21],[3,-2],[22,9],[6,-8],[15,-3],[-12,-8],[14,-3],[0,-5],[14,0],[4,4],[19,-5]],[[62784,33934],[-7,-31],[-54,-2],[-46,-25],[6,-3],[-4,-4],[-11,0]],[[62442,34038],[-5,11],[-21,24]],[[62578,34134],[12,1],[19,-19],[29,1],[-2,-20],[-22,-17],[103,-19]],[[63563,34234],[11,15],[7,31],[-10,17],[-66,19],[-41,24],[-4,15],[0,27],[8,26],[10,6],[-8,18],[10,1],[-1,8],[29,31],[9,21],[-1,15],[-7,16],[-9,8],[3,3],[-74,29],[-36,20],[-10,10],[-25,6],[-7,8],[-14,25],[-4,24],[13,20],[26,15]],[[63563,34234],[-65,-3],[-27,-7],[-53,-21],[-47,-9],[-81,-3],[-116,2],[-38,-5],[-31,-11],[-55,-28],[-23,-16],[-13,-16],[-18,6],[5,1],[-10,9],[9,2],[-13,7],[17,3],[-3,21],[-20,3],[-3,-12],[-21,8],[-14,-1],[-6,8],[3,3],[-10,3],[-13,0],[-17,-9],[-9,8],[-8,2],[-18,1],[-19,-3],[-22,0],[0,5],[-19,15],[-44,12],[-19,-1],[-17,3],[-8,-4],[-5,1],[-36,-29]],[[62676,34179],[-8,6],[-11,-1],[-5,3],[84,60]],[[62736,34247],[54,38],[47,23],[-5,9],[4,5],[18,0],[11,5],[17,27],[-22,-4],[-29,1],[33,20],[32,45],[-20,3],[-11,-5],[-5,6],[-7,2],[11,7],[3,8],[13,8],[-6,6],[-17,3],[-16,9],[-3,-1],[-5,3],[5,4],[-6,4],[-26,7],[-9,15],[-6,-1],[-8,5],[-17,-11],[-8,11],[-20,41],[32,9],[2,9],[-8,6],[-27,2],[-3,3],[12,5],[12,11],[5,-1],[10,4],[-1,8],[-7,7],[-1,12]],[[63315,34724],[-37,-4],[-12,2],[-92,-36],[-4,-6],[-15,-7],[-21,-2],[-18,1],[-29,9],[-25,-2],[-10,-4],[3,-15],[-6,-29],[-8,-6],[-9,-2],[-3,-9],[-8,-2],[-24,0],[-5,2],[-25,-7],[-30,12],[-9,10],[-164,-14]],[[63372,34692],[18,6],[-23,32],[-41,-10],[-7,5],[-4,-1]],[[62263,34100],[32,2]],[[63602,34188],[-25,-22],[-6,-11],[-1,-26],[-24,-23],[-2,-29],[14,-15],[-33,-53],[-7,2],[-10,-6],[10,-6],[-3,-4],[-62,-23],[-60,-6],[-51,-12],[-16,-8],[-13,-1],[1,-3],[8,1],[8,-24]],[[63330,33919],[-46,-19],[-71,-1],[-4,11],[-22,11],[1,2],[-107,3],[-28,-8],[-14,9],[-17,2],[-10,9],[-8,-2],[-6,7],[-10,2],[-17,-7],[-2,3],[-15,-6],[-32,-2],[-4,2]],[[62918,33935],[-13,7],[-5,6],[-16,-4],[-39,3],[-12,8],[-4,8],[-13,-3],[-19,6],[-19,-8],[8,-16],[-2,-8]],[[62717,34061],[5,18],[-14,0],[-10,5],[10,5],[-4,3],[12,4],[5,-3],[13,7],[1,9],[-29,35],[1,10],[-21,1],[-6,5],[-8,11],[4,8]],[[63602,34188],[-31,33],[-8,13]],[[61745,34595],[23,1]],[[61768,34596],[16,-16],[8,-1],[-2,-9],[7,-8],[73,-41],[-7,-12],[10,-22],[31,-10],[-8,2],[-8,-16],[72,-21],[12,-13],[11,0],[48,-13],[7,-11],[41,1],[10,3],[19,-2],[-2,-6],[10,-5],[5,-12],[-17,-1],[-7,-4],[9,-7],[-1,-13],[8,-10],[9,-4],[4,-8],[-13,-2],[-34,-19]],[[62071,34299],[-12,-1],[-2,-5],[-21,-12],[26,-25],[-16,-3],[15,-9],[1,-10],[10,0],[-2,-8],[-30,-11],[-12,1],[-24,-17],[-12,-5],[-13,1],[-13,-6],[31,0],[2,-14],[14,2],[0,-8]],[[61675,34000],[-14,-1],[-12,-7],[-7,-28],[-10,-9],[-8,3]],[[61624,33958],[-23,19],[-11,-4],[-16,-13],[-73,1]],[[61501,33961],[5,18],[-13,6],[-17,3],[-9,6],[1,5],[-14,14],[-5,21],[-45,-10],[-36,0],[-23,4],[-21,11],[-4,-1],[-21,14]],[[61299,34052],[-49,48]],[[61250,34100],[26,15],[21,-5],[-4,-7],[7,-3],[57,16],[0,4],[25,-2],[-12,26],[8,5],[12,1],[3,4],[-30,2],[3,10],[-9,3],[4,2],[-3,18],[-24,7],[5,13],[-12,31],[-18,87],[-20,14],[4,3],[1,13],[-24,12],[6,14],[-9,4],[28,21],[6,8],[-2,4],[8,7],[28,13],[15,21],[6,1],[7,6],[25,3],[37,11],[12,13],[45,30],[16,20],[89,32]],[[61587,34577],[0,1]],[[61587,34578],[34,17],[70,17],[9,-8],[12,0],[11,-6],[22,-3]],[[61662,33852],[8,16],[-10,1],[3,38],[-11,0],[-4,15],[-8,7],[-11,4],[3,4],[-19,4],[5,5],[0,9],[6,3]],[[62369,33654],[-20,-5],[-5,-5],[-16,2],[-40,-11],[-22,-19],[-21,-10],[-6,-12],[-16,-1],[-7,-4],[-8,0],[-3,-51],[5,-12]],[[61988,33498],[-21,22],[-13,3],[-26,0],[-48,27],[-27,6]],[[61853,33556],[28,31],[5,18],[14,2],[10,5]],[[62395,33751],[0,-14],[6,-3],[9,-64],[-41,-16]],[[62471,34329],[7,-2],[7,2],[68,-23],[13,2],[5,-7],[9,0],[19,24],[12,8],[21,4],[-3,5],[14,6],[18,-30],[20,-12],[-52,-14],[6,-11],[5,-6],[8,4],[22,-14],[-1,-4],[19,4],[23,-11],[13,6],[12,-13]],[[61581,33413],[9,16],[19,10],[2,14],[-15,37],[-6,34],[-11,23],[-41,32],[50,19]],[[61588,33598],[12,-4],[12,6],[12,-7],[17,13],[20,-8],[3,5],[21,-5],[2,-7],[-41,-17],[0,-16],[7,-17],[41,-23],[22,14],[7,-1],[55,15],[36,11],[15,9],[24,-10]],[[62312,34353],[5,55],[-32,37],[0,22],[86,86],[15,42],[46,51],[7,37],[-2,31],[17,2]],[[62764,34615],[-39,1],[-70,33],[4,3],[-12,4],[-5,12],[-1,24],[-8,18],[-21,14],[-28,12],[-13,12],[-18,-11],[-18,-6],[-17,-9],[-14,-35],[-11,-9],[-12,4],[-11,9],[-16,25]],[[61452,33772],[-37,22],[0,15],[-6,4],[-39,22],[-18,-5],[-42,8],[-21,-11],[-3,-7],[2,-12],[-7,-14],[-6,-4],[-19,-4],[-10,-5],[-14,-1],[-39,8],[0,7],[-10,6],[-2,5],[-14,0],[-3,5],[-7,1]],[[61157,33812],[-10,12],[0,24],[6,2],[16,-10],[15,-4],[6,5],[-1,12]],[[61189,33853],[-7,11],[2,7],[19,20],[11,1],[33,-12],[18,-10],[8,8],[-6,17],[35,-5],[8,2],[5,7],[9,1],[46,-3],[8,14],[1,12],[26,19],[26,8],[23,11],[27,2],[20,-2]],[[61588,33598],[-12,8],[-6,0],[-6,7],[-18,3],[0,3],[-6,-2],[-2,2],[-9,0]],[[57327,33055],[-1,-4],[25,-3],[28,2],[9,3],[6,-3],[15,1],[19,3],[1,4],[11,2],[21,-3],[5,-15],[10,-13],[-1,-7],[8,-11],[26,-9],[-16,-8]],[[57493,32994],[-52,-29],[-73,-28],[-298,-70],[-37,-17],[-37,-30]],[[56996,32820],[-10,-1],[-6,7],[16,23],[1,10],[-15,5],[-10,8],[3,7],[-11,15],[-12,3],[-6,6],[-7,-1],[-6,5],[-9,0],[3,4],[-5,3],[5,7],[-8,5],[-4,-2],[-4,7],[-9,4],[4,3],[-15,3],[-3,11],[-5,1],[-8,10],[-2,9],[-5,1],[2,4],[-5,9],[-9,2],[-1,5]],[[56855,32993],[-22,11],[-5,-1],[-4,10],[5,0],[1,6],[-15,10],[2,8],[-34,14],[-4,17],[21,14],[21,6],[-13,16],[16,5],[9,16],[61,24],[14,-4],[8,5]],[[56916,33150],[10,8],[9,2],[6,4],[8,-3],[3,5],[10,-2],[7,-5],[19,-3],[5,3],[5,13],[43,20],[14,-11],[14,-62],[15,-16],[16,3],[6,-11],[24,6],[15,-14],[2,-10],[21,-1],[4,4],[33,-1],[17,-3],[8,-5],[19,2],[23,-6],[9,2],[15,-2],[8,-5],[7,1],[0,-4],[16,-4]],[[57261,32671],[-18,-5],[-19,-2],[-19,11],[-14,12],[-62,5],[-20,-12],[2,-7],[-17,1],[-47,-3]],[[57047,32671],[-7,4],[-8,11]],[[57032,32686],[-5,5],[-15,2],[-50,0],[-12,13],[-16,4]],[[56934,32710],[-3,11],[7,0],[34,43],[15,-2],[2,3],[17,-3],[8,9],[21,-9],[30,-22],[4,0],[11,15],[-1,9],[8,5],[-31,13],[-7,21],[-19,9]],[[57030,32812],[226,-3],[-16,-13],[13,-7],[-17,-7],[20,-13],[65,-9],[-1,-2],[8,-4],[-1,-14],[12,-3],[-7,-5],[-46,-8],[-25,-53]],[[56806,32155],[-42,6],[1,8],[9,1],[50,48],[27,3],[12,22],[-14,2],[-27,-8],[-11,-1],[-44,6],[4,18],[-21,12],[-4,-3],[-4,3],[-23,2],[-18,13],[-19,3],[-4,3],[-40,1],[-53,25],[-7,8],[8,16],[-58,31],[15,4]],[[56543,32378],[55,24],[29,5],[94,3],[36,-2],[90,-12],[52,8]],[[56899,32404],[3,-10]],[[56902,32394],[-24,-6],[12,-6],[-3,-5],[5,-1],[-5,-10],[-2,-21],[38,9],[-4,4],[7,2],[33,-19],[28,-1],[12,-4],[19,-9],[5,-10],[6,6],[29,2],[48,11],[3,-2],[82,42],[19,19],[2,16],[-13,12],[-2,15],[10,27],[19,15]],[[57226,32480],[38,31],[44,-5]],[[56505,32685],[-13,-40],[2,-18],[-15,0],[3,-7],[-6,-7],[6,-9],[0,-7],[-35,-10],[8,-9],[2,-15],[-1,-33],[-12,-15],[-19,-12]],[[56425,32503],[-30,-20],[-14,-15],[7,-4],[32,1],[47,9],[26,-12],[-113,-29],[-6,-10],[-10,-1],[-15,-12]],[[56134,32761],[8,13],[52,12],[15,10],[13,1],[8,-4],[30,4],[81,-27],[20,-11],[24,-20],[40,-7],[7,1],[7,-7],[17,-5],[2,-8],[53,-13],[2,-4],[-8,-11]],[[57560,32971],[18,-34],[10,-1],[1,-9],[9,-1],[35,-26],[27,-16],[0,-4],[76,1],[44,5],[11,-1],[140,8]],[[57931,32893],[50,-5],[-1,-25],[-9,-2],[9,-5],[1,-3],[27,-6],[2,-5],[-28,6],[1,-16],[39,-38],[-4,-4],[-7,-1],[-16,2],[-6,-5],[-31,4],[-4,-16],[4,0],[-6,-7],[-7,2],[-9,-17]],[[57936,32752],[-45,4],[-33,6],[-81,-3]],[[57777,32759],[-86,2],[10,-7],[-17,-9],[3,-3],[-12,-2],[9,-24],[-5,-15],[-5,1],[-15,-26],[-25,1],[-4,-8],[-26,16],[-25,-16],[-4,3],[-14,-1],[-21,5],[-19,6],[-46,25],[-4,0],[-13,-11],[7,-6],[-14,-12],[-10,3],[-9,-2],[-2,-7],[-21,-21],[-15,-10],[-1,-3],[11,-2],[-12,-8]],[[57356,32629],[-8,1],[-31,16],[-32,22],[-10,4],[-14,-1]],[[57030,32812],[-21,8],[-13,0]],[[57493,32994],[29,-5],[31,2],[7,-20]],[[56934,32710],[-85,-9],[-10,0],[-5,6],[-9,-6],[-22,-8],[-4,3],[-5,-1],[-4,-4],[-24,11],[-5,1],[-6,-4],[-3,7],[-9,6]],[[56743,32712],[-15,36],[32,5],[-7,6],[2,9],[-8,1],[7,10],[-27,10],[-4,6]],[[56723,32795],[6,13],[-6,2],[-5,8],[-26,12],[-2,7],[-26,12],[-7,0],[-16,6],[8,22],[11,10],[11,2],[8,5],[12,0],[18,5],[11,8],[39,4],[8,8],[24,45],[24,9],[11,14],[20,6],[9,0]],[[57936,32752],[16,-11],[-3,-12],[16,-9],[0,-5],[6,-4],[28,-1],[11,-3],[0,-2],[22,4],[32,-5],[25,2],[11,-1]],[[58100,32705],[6,-3],[-4,-5],[4,-13],[21,-17],[35,-10],[44,3],[3,-5],[16,-3],[24,-10],[11,-7],[-15,-10],[8,-4],[5,-26],[9,-7],[34,-6],[20,-13]],[[57718,32554],[-2,5],[17,-3],[14,11],[13,21],[4,2],[12,0],[-15,21],[9,9],[16,3],[-6,19],[10,1],[3,-3],[9,4],[27,1],[-9,19],[24,3],[-4,8],[16,3],[8,6],[-33,27],[-20,11],[-5,-1],[-5,9],[-16,10],[-8,19]],[[57226,32480],[-27,-7],[-14,15],[5,0],[3,7],[23,-4],[1,9],[-14,-1],[-3,5],[5,5],[11,2],[-26,5],[5,5],[-18,4],[-1,8],[-24,6],[-4,-10],[-19,4],[-13,0]],[[57116,32533],[0,18],[-4,4],[-41,9],[-35,-2]],[[57036,32562],[-12,0],[-35,7],[-25,14],[-5,7],[16,13],[0,11],[21,25],[14,5],[16,15],[21,12]],[[57036,32562],[-19,-21],[10,-9],[-28,-17],[-9,-13],[6,-2],[-7,-10],[-59,1],[-12,-7]],[[56918,32484],[-46,24],[-20,20],[-43,16],[-26,13],[-34,11]],[[56749,32568],[34,22],[52,24],[34,37],[5,10],[48,-5],[33,11],[8,-14],[50,15],[-1,13],[20,5]],[[56845,33246],[20,-22],[10,-3],[5,-27],[31,-28],[3,-6],[-4,-7],[6,-3]],[[56723,32795],[-133,-9],[-87,-5],[-9,2],[4,49],[-9,2],[-11,-6],[-36,1],[-47,4],[-8,5],[-122,15],[-38,21],[-85,-8],[-73,-18],[-2,2],[-30,-7],[-21,15]],[[55937,32925],[9,39],[19,28],[16,16],[5,19],[-26,79],[10,-1],[47,66],[10,5],[50,9],[-4,5],[3,15],[9,8],[22,9],[18,7],[46,6],[57,17],[10,8],[21,31],[24,12],[63,41]],[[56346,33344],[79,-75],[16,-28],[15,-16],[10,-22],[-1,-15],[11,-5],[86,-10],[11,14],[26,5],[31,13],[43,0],[13,6],[57,16],[49,11],[44,0],[9,8]],[[56405,32392],[60,-23],[9,10],[36,-4],[33,3]],[[56749,32568],[-32,-19],[-43,-17]],[[56674,32532],[-27,12],[-25,1],[-7,-7],[-14,3],[16,41],[-4,4],[5,1],[1,4],[8,2],[-3,8],[3,19],[30,27],[24,11]],[[56681,32658],[14,12],[27,-8],[5,6],[29,6],[-13,38]],[[57116,32533],[-3,-14],[-29,-17],[-2,-15],[-3,-5],[-9,-2],[1,-8],[-13,1],[4,-15],[0,-43],[-59,-13],[-19,-9],[-21,-1],[-20,-3],[-39,1],[-2,4]],[[56899,32404],[2,45],[17,35]],[[56425,32503],[31,-20],[68,20],[21,-7],[25,3],[-4,13],[23,2],[30,-5],[55,23]],[[56505,32685],[3,-3],[13,-1],[4,2],[25,-16],[55,-10],[18,30],[58,-29]],[[61357,33512],[-48,-17],[-118,-34],[-44,-17],[-30,-15]],[[61117,33429],[-34,-16]],[[61083,33413],[-19,53],[-22,28],[22,4],[-21,17],[-26,12]],[[61017,33527],[38,8],[3,-3],[16,3],[1,7],[4,3],[30,2],[-1,-3],[14,-3],[1,-4],[24,27],[43,17],[37,24],[9,3],[17,-20],[15,-9],[7,-1],[17,7],[28,-40],[37,-33]],[[61189,33853],[-168,11],[-39,7],[-17,7],[-3,11],[-21,11],[-1,15],[-4,4]],[[60936,33919],[28,4],[38,-1],[63,18],[99,5],[53,5],[34,6],[-53,91],[19,-1],[9,-4],[10,7],[14,2],[25,-8],[7,7],[17,2]],[[60788,33931],[12,2],[1,-3],[18,-1],[25,-8],[9,6],[34,-4],[10,-4],[10,2]],[[60907,33921],[0,-16],[-13,-25],[-36,-31],[1,-7],[8,-7],[-7,-21],[2,-11],[-15,-16],[-2,-8]],[[60845,33779],[-5,0],[1,7],[-14,-5],[-13,4],[12,12],[2,9],[-4,6],[-16,5],[-2,5],[-6,2],[-8,-6],[2,-8],[-10,-5],[-13,0],[-12,6],[-7,0],[-30,-15],[-15,7],[-25,-12],[-19,10],[-33,2],[-6,3]],[[60624,33806],[28,8],[-34,24],[-35,38],[-6,-8],[-7,3],[-42,-5],[-3,11],[49,3],[-10,10],[-5,-2],[-4,8],[3,3],[-11,11],[-14,2],[-1,9],[-15,7],[-24,4],[4,5],[-8,5],[-14,4],[-22,0]],[[60453,33946],[-1,16],[37,-1],[-1,-9],[13,-3],[4,1],[6,-4],[38,-10],[25,11],[28,7],[16,0],[34,-9],[65,-2],[17,-5],[14,1],[8,-12],[32,4]],[[60973,34059],[8,-7],[-13,-8],[-5,-7],[18,-25],[-2,-20],[-12,-11],[-23,-10],[-3,-27],[-21,-10],[-13,-13]],[[60788,33931],[-4,13],[-18,-3],[-3,13],[17,5],[-24,13],[-25,4],[10,15],[-4,6],[3,10],[6,5],[8,1],[-6,9],[7,1],[12,8],[-12,4],[18,3],[-5,3],[-15,-2],[-4,11],[-11,5],[-20,1],[-10,7],[-7,13],[1,12],[-13,7],[-2,5],[10,12],[10,-2],[-2,-8],[21,-2],[-2,-11],[28,0],[1,13],[9,1],[1,7],[15,9],[-16,14]],[[60762,34133],[23,20],[33,-6],[3,-5],[18,1],[11,-4],[10,3],[17,-6],[13,8],[11,-27],[19,-23],[37,-32],[16,-3]],[[61305,33334],[-37,5],[-43,2]],[[61225,33341],[-45,9],[-23,10],[-17,11],[-17,23],[-6,35]],[[61357,33512],[47,20],[48,26],[77,61]],[[60936,33919],[-29,2]],[[60973,34059],[6,10],[27,14],[2,13],[22,6],[1,10],[3,0],[6,-11],[8,9],[14,8],[48,9],[8,11],[25,15]],[[61143,34153],[20,6],[24,-6],[6,-14],[16,-5],[2,6],[31,-3],[8,-37]],[[61075,34289],[11,-14],[-1,-7],[18,-9],[11,-11],[10,-24],[13,-10],[-10,-15],[20,-20],[0,-13],[-7,-9],[3,-4]],[[60762,34133],[-72,31],[-10,-7],[-26,-1],[1,-8],[-4,-5],[-20,0],[-19,-6],[-38,19],[-15,-4],[-8,1],[-5,5],[-32,7],[-5,4],[-22,0],[-12,-5],[-18,1],[-15,3],[4,3],[-8,2],[-9,10],[-6,1],[0,9],[-19,0],[3,3],[-10,6],[-15,-7],[-31,9],[-8,-3],[9,7],[-8,3],[-10,-8],[3,6],[-4,-1],[-11,8],[-15,0],[-3,4],[-6,0],[1,-5],[-5,-1],[-6,7],[-15,-2],[-20,10],[-36,6]],[[60217,34235],[2,14]],[[60319,34305],[37,6],[10,-13],[37,2],[16,10],[36,-8],[2,8],[21,23],[1,7],[14,-3],[17,-11],[2,-12],[5,-6],[42,-9],[84,-29],[5,4],[12,-1],[25,-3],[22,-8],[25,1],[7,-4],[31,-2],[20,19],[34,3],[29,-5],[-8,-2],[2,-4],[15,-1],[7,-3],[-2,-12],[15,-1],[23,2],[12,8],[11,-3],[0,2],[49,-5],[-6,14],[15,-9],[11,7],[11,-2],[51,23],[16,1]],[[61083,33413],[-43,-11],[-72,-6],[-43,-8],[-37,-13],[-41,-22],[-41,-16],[-85,-19]],[[60612,33365],[10,14],[1,6],[-7,11],[5,1],[-6,7],[-8,1],[-26,30],[-4,17],[3,24],[-23,-5],[-3,3]],[[60554,33474],[7,4],[75,14],[2,-4],[34,2],[5,1],[-1,4],[49,2],[1,-3],[8,0],[2,-9],[6,3],[-4,7],[4,3],[26,-1],[1,2],[-1,13],[-6,1],[-1,4],[45,8],[10,-1],[-1,-2],[25,-11],[20,1],[-7,6],[5,2],[-8,10],[26,3],[-4,4],[10,5],[-4,3],[-7,0],[-6,6],[-4,-1],[-2,10],[4,4],[-28,11]],[[60835,33575],[-21,12],[8,4],[11,-2],[8,10],[6,-13],[16,-5],[46,-1],[12,6],[11,13],[27,8],[12,14]],[[60971,33621],[20,11],[21,3],[16,6],[10,6],[14,17],[15,-22],[-61,-96],[11,-19]],[[60845,33779],[5,-11],[25,-3],[52,-1],[16,-6],[9,-8]],[[60952,33750],[1,-11],[-13,-14],[4,-5],[11,-5],[27,-1],[23,-5],[11,-6],[5,-7],[-3,-6],[-19,-7],[-38,5],[-20,0],[-6,-3],[30,-33],[6,-31]],[[60835,33575],[-90,5],[-35,10],[-12,9],[15,17],[-8,13],[-19,8],[-22,-1],[-11,15]],[[60653,33651],[-12,13],[-41,82],[24,14],[-11,9],[-9,-4],[-13,3],[22,29],[0,6],[11,3]],[[60653,33651],[-18,0],[-7,17],[-24,-3],[-1,-7],[-28,-3],[-27,6],[-9,-8],[-52,-8],[-20,-1],[-39,-10]],[[60428,33634],[-35,46],[-52,2],[-17,8],[-13,10],[-14,2],[-26,-3],[-3,10]],[[60268,33709],[1,6],[12,6],[1,9],[-7,1],[-3,24],[-12,13],[3,20],[-7,3],[-14,14],[6,4],[7,31],[-6,6],[-2,11],[-4,1],[1,9],[14,7],[4,8],[-14,7],[2,2],[-12,13],[2,4]],[[60240,33908],[38,6],[38,14],[6,5]],[[60322,33933],[28,10],[19,4],[84,-1]],[[60554,33474],[-32,16],[-36,4],[-44,14],[-63,10],[1,8],[-47,3],[-61,20]],[[60272,33549],[17,4],[34,-9],[15,0],[27,20],[16,5],[7,-5],[5,-20],[12,-5],[14,4],[11,11],[4,16],[7,5],[-13,10],[12,23],[-12,26]],[[60735,34472],[47,6],[3,-4],[16,-3],[17,-3],[0,3],[11,-2],[-1,7],[21,17],[-1,9],[15,4],[2,7],[11,1],[7,5],[15,2],[13,6],[0,5],[9,10],[21,8],[-1,5],[36,23],[12,-3],[31,-21],[-1,-16],[20,-43],[-5,-6],[4,-10],[-15,-5],[-9,-5],[8,-1],[0,-17],[-15,-4],[-6,-8],[4,-14],[-2,-17],[17,-63],[6,-12],[27,-19],[10,-15],[13,-10]],[[60294,34579],[93,-19],[58,-5],[1,-46],[20,-9],[192,-30],[65,4],[12,-2]],[[61157,33812],[-7,-13],[0,-12],[-17,-6],[-18,-1],[-13,-8],[1,-4],[10,-4],[6,-8],[15,-10],[-23,-28],[-11,-1],[-11,4],[-15,16],[-14,2],[-9,-2],[-6,-5],[1,-3],[-18,4],[-1,5],[-8,0],[-3,7],[-42,-3],[-7,10],[-15,-2]],[[61177,33204],[-5,4],[16,6],[16,24],[-19,16],[21,19],[-48,47],[23,3],[-1,3],[16,2],[34,-8],[-5,21]],[[60322,33933],[-11,12],[10,5],[-2,4],[18,16],[5,16],[16,10],[-5,11],[6,4],[8,13],[-4,5],[4,10],[-8,12],[14,11],[-53,48],[-8,-3],[-46,9],[-8,8],[-12,4],[13,5],[-4,3],[-7,-2],[-15,21],[-17,-2],[-3,5],[28,3],[-5,7],[5,1],[-12,11],[-52,21],[22,16],[20,-3],[-2,21]],[[52068,45299],[14,-1],[11,-8],[17,1],[2,-8],[7,0],[10,-10],[-10,-5],[4,-2],[5,2],[6,-5],[12,-4],[3,2],[9,-7],[-1,-3],[10,-7],[-5,-4],[-6,2],[3,-8],[-8,-2],[4,-6],[-8,-8],[12,-2],[12,1],[0,-5],[-7,-2],[7,-6],[9,1],[11,-9],[0,-9],[8,-6],[-1,-4],[9,-8],[11,-1],[9,-9],[-6,-2],[-12,1],[-8,-10],[-20,-8],[0,-6],[-8,-1],[-10,-6],[-9,0],[-8,-5],[1,-7],[-12,-10],[-16,-8],[1,-6],[-15,0],[1,-3],[-13,-8],[-23,-10],[-30,-18],[-26,-23],[-6,-11],[-1,-13],[-10,-6],[9,-7],[-3,-7],[18,-4],[28,-15],[15,-4],[-175,-33],[16,-25],[14,-1],[4,2],[8,-2],[3,-4],[10,1],[5,-5],[17,-6],[8,-7],[27,-4],[11,-20],[23,-6],[-5,-8],[-8,-3],[7,-4],[-5,-11],[9,-6],[-15,-13],[-23,-7],[-7,-9],[6,-6],[17,1],[13,-4],[1,-6],[27,-2],[18,-12],[3,-8],[30,-16]],[[52103,44738],[10,-10],[-2,-7],[-17,-18],[-7,1],[2,-4],[-26,-26],[-4,-20],[14,-21],[-20,-4],[1,-5],[-28,-9],[0,-3],[-14,-4],[12,-17],[-7,-5],[-5,2],[-9,-11],[3,-2],[-32,-10],[-4,-2],[1,-6],[-16,-4],[12,-15],[-10,-6],[0,-10],[-47,-6],[-29,-1]],[[51881,44515],[-5,13],[-22,3],[-18,-4],[-4,-5],[-25,-2],[-6,8],[-18,2],[-34,11],[2,4],[-5,6],[1,7],[-25,13],[-36,-1],[-8,5],[-6,0],[-4,-6],[-17,0],[-16,5],[-4,-12],[-31,-12],[-24,-1],[-22,5],[-14,-17],[-5,4],[-11,-2],[-23,2],[-6,-4],[8,0],[-7,-6],[9,-5],[-31,-10],[-12,0],[-1,3],[-12,1],[-18,9],[-6,-3],[-45,-4],[-20,8],[-15,-4],[-29,1],[-1,-8],[-17,0],[-12,5],[-6,-3],[0,-5],[-8,0],[-2,-9],[-10,-10],[-8,-2],[-14,3],[-13,-3],[-17,-11],[-10,-3],[-33,-3],[-1,1],[-12,-6],[-16,1],[2,-3],[-33,-6],[-13,-15],[-13,4],[-14,-4],[-9,3],[-7,-3],[6,-10],[-33,-11],[-33,3],[-25,-9],[-9,0],[-7,4],[-12,-4],[-8,2],[-20,-3],[-25,4]],[[50883,44426],[-6,1],[9,5],[20,5],[6,17],[-4,0],[-26,20],[7,7],[-9,16],[-7,5],[-30,-3],[-19,24],[-11,1],[-47,24],[-13,-4],[4,-4],[-26,-9],[25,-21],[-7,-2],[-3,2],[-102,-36],[-60,-17],[3,-3],[-16,-6],[-4,3],[-45,-12],[-3,3],[-32,-8],[-5,4],[-50,-17],[-17,13],[-24,-8],[-28,14],[-41,11],[-16,1],[-25,-11],[-26,8],[-15,2],[-22,9],[-46,29],[-23,5],[-17,8],[-32,6],[-18,6],[-1,8],[-8,1]],[[50073,44523],[11,16],[24,93],[5,79],[-19,56],[-41,75],[-7,37],[7,21],[24,38],[41,44],[33,67],[10,12],[13,8],[52,70],[45,53],[34,54]],[[50305,45246],[46,-8],[31,-12],[42,-24],[4,1],[77,-34],[35,-11],[8,7],[20,-10],[33,18],[2,-2],[86,22],[3,-10],[43,9],[78,33],[32,-29],[-10,-2],[2,-2],[28,-21],[-3,-6],[13,-6],[-14,-5],[4,-4],[-4,-2],[8,-6],[-1,-6],[18,-15],[9,1],[-47,-32],[8,-3],[-19,-11],[-4,-8],[-29,-24],[-14,-3],[-8,-9],[12,-6],[-15,-6],[13,-7],[-21,-16],[39,-28],[39,-8],[4,2],[50,-37],[14,7],[15,3],[4,3],[32,6],[5,-1],[26,8],[12,-2],[16,6],[24,-6],[49,10],[29,2],[31,12],[28,5],[86,52],[10,10],[96,29],[33,22],[20,-5],[17,9],[4,12],[8,2],[2,10],[-4,3],[13,7],[-8,9],[13,3],[2,5],[13,5],[-2,7],[6,5],[-4,5],[19,15],[-2,10],[-5,3],[6,6],[-5,6],[4,8],[18,10],[-3,9],[9,5],[6,-6],[7,6],[9,-6],[5,0],[-3,7],[6,2],[3,6],[6,-2],[1,-9],[9,-6],[8,1],[9,9],[41,2],[14,-7],[8,4],[-13,8],[29,-1],[-3,5],[-9,2],[5,3],[10,0],[5,3],[-7,4],[6,6],[-11,1],[3,5],[8,-1],[0,3],[-7,2],[4,6],[4,-2],[6,3],[8,-5],[7,-1],[22,7],[10,-6],[16,5],[54,6],[-6,12],[12,-2],[9,1],[7,-9],[12,7],[7,-1],[1,-4],[10,9],[8,-1],[-1,4],[17,4],[3,-2],[58,3],[2,-10],[6,2],[56,-8],[12,1],[25,-6],[20,4]],[[54831,46037],[12,-75],[36,-11]],[[54879,45951],[-8,-3],[14,-9],[-26,-15],[2,-5],[-6,-3],[-7,7],[-1,15],[-36,-1],[16,-31],[-13,-4],[-9,1],[-6,-5],[18,-9],[-13,-11],[-21,12],[-10,-3],[-19,-14],[15,-4],[-22,-15],[-8,-10]],[[54739,45844],[-36,-7],[-19,-7],[-19,-10],[-41,-31],[-15,-3]],[[54609,45786],[-9,14],[-4,15],[-6,79],[9,20],[22,20],[3,-2],[16,30],[0,96],[20,-1],[7,-21],[76,18],[37,4],[22,-1],[6,-22],[23,2]],[[54609,45786],[-9,-16],[5,-25],[6,-2],[-3,-20],[25,1],[4,-2],[5,3],[15,1],[18,-11],[17,-9],[-8,-4]],[[54684,45702],[-61,-21]],[[54623,45681],[-23,5],[-9,6],[-14,0],[-6,-2],[-18,4],[-22,-4],[-2,-4],[-5,3],[-17,-2],[-12,14],[-25,2],[-1,13],[4,2],[-132,5]],[[54341,45723],[-2,39],[70,-5],[0,16],[15,11],[18,2],[8,13],[9,3],[7,8],[31,-11],[59,-11],[26,-3],[27,1]],[[55119,45802],[-8,-10],[5,-3],[32,-9],[23,-12],[42,-14],[28,2],[16,10],[14,-1],[24,-25],[27,-14],[0,-11],[27,3],[19,-57]],[[55368,45661],[-8,0]],[[55360,45661],[-77,0],[-1,2],[-17,7],[-39,-4],[-157,-3]],[[55069,45663],[0,17],[14,19],[-4,2],[-15,-3],[-5,3],[4,11],[-7,1],[-6,-4],[-4,2],[13,7],[-13,6],[-33,-4]],[[55013,45720],[-12,-2],[-12,4],[-7,21],[-6,0],[-7,8],[6,1],[-12,14],[26,7],[-9,11]],[[54980,45784],[14,-7],[23,4],[7,28],[10,5],[16,3]],[[55050,45817],[25,-1],[30,-12],[14,-2]],[[51881,44515],[-4,-5],[9,-9],[34,-16],[-5,-4],[26,-7],[5,0],[16,-12],[9,1],[6,5],[9,1],[7,5],[36,-14],[10,5],[14,-2],[30,6],[-3,5],[9,0],[7,6],[37,-5],[17,0],[7,5],[19,-15],[15,-1],[5,3],[14,-2],[-1,-7],[9,-7],[22,7],[2,-2],[14,6],[9,0],[22,-8],[9,2],[14,-4],[39,6],[23,-13],[11,0],[3,-6],[7,-1],[3,-14],[13,-15],[10,0],[22,-6],[13,2],[21,-2],[-3,-19],[33,-10],[7,-8],[0,-6],[9,-5],[71,4],[2,-2],[59,-15],[37,-14],[25,4],[15,-1],[23,-15],[44,-5],[25,7],[31,-8],[19,-1],[5,-5],[13,-3],[12,-13],[37,-12],[12,-10],[18,-1],[-2,-9],[-20,-22],[16,-14],[1,-4],[39,-28],[25,-13],[41,-11],[-2,-6],[9,-2],[1,-21],[7,-8],[-2,-16],[9,-10],[-7,-7],[3,-4],[-8,-6],[10,-8],[6,-22],[14,-16],[24,-18],[41,-20],[90,-31],[23,-29],[1,-15],[10,-27],[-9,-27],[0,-23],[16,-72],[15,-3],[9,-8],[19,-7],[19,-13],[6,-1],[34,-41],[-1,-2],[12,-7],[-1,-6],[6,0],[3,-4],[6,-1],[0,-3],[11,-6],[7,-9],[27,-9],[9,1],[2,-3]],[[53488,43654],[-14,-9],[-5,5],[-13,-3],[-6,-10],[-26,4],[3,-7],[-11,-6],[-6,-10],[-19,-7],[2,-4],[-11,-7],[1,-4],[-7,-5],[5,-4],[-9,-2],[-2,-17],[-5,-4],[3,-2],[-5,-7],[5,0],[2,-43],[-19,-50],[9,-18],[12,-11],[1,-26],[5,-10],[7,-6],[-4,-5],[4,-11],[-7,-14],[6,-16],[-5,-3],[-7,-17],[6,-14],[-5,-3],[6,-14],[12,-13],[0,-12],[5,-5],[-26,-24],[3,-11],[-4,-10],[26,-14],[20,-1],[11,-12],[-5,-14]],[[53421,43178],[-14,-4],[-12,-1],[-11,7],[-9,2],[-32,-10],[-14,9],[-7,1],[-21,-6],[-7,-11],[-7,-3],[-7,3],[-2,9],[-11,3],[-5,-13],[9,-16],[-2,-5],[-6,-2],[-13,2],[-20,-2],[-27,-22],[-16,-1],[-16,5],[-11,0],[-32,-14],[-28,5],[-32,-5],[-22,-12],[-26,2],[-26,6],[-7,9],[-30,12],[-27,2],[-37,16],[-35,6],[-39,0],[-134,-21],[24,-7],[4,-15],[26,-12],[8,0],[19,7],[15,-3],[5,-8],[2,-23],[-12,-10],[0,-7],[116,-245],[-149,6],[-16,4],[-16,-3],[-21,4],[-19,-8],[-52,1],[2,-26],[-11,-25],[11,-38],[1,-2],[13,5],[5,-2],[24,-17],[19,-22],[22,-7],[-125,-107],[19,-37],[-7,-63],[-64,-24],[-56,-26],[-6,-10],[10,-33],[-5,-7],[-14,-5],[-9,-9],[-41,-23],[-30,1],[-16,7],[-14,12],[-7,0],[-2,-7],[13,-13],[3,-13],[-3,-59],[-12,-26],[-72,-53],[-21,-8],[-22,-33],[-15,-9],[-4,-9]],[[52205,42122],[-32,4],[-9,3],[-33,19],[-33,27],[-15,-6],[-14,3],[-9,-4],[-3,3],[-7,-6],[-3,1],[-11,-10],[-19,1],[-3,3],[-11,2],[4,3],[-12,3],[2,2],[-23,12],[-33,11],[11,9],[0,8],[-42,11],[-29,-1],[-1,4],[-12,1],[-3,5],[-41,3],[-11,3],[-23,-5],[-10,2],[-34,17],[-6,8],[-42,26],[-20,6],[-36,3],[-13,6],[-46,11],[-60,21],[0,10],[-9,6],[-53,5],[-20,6],[-2,4],[-14,8],[-40,10],[3,23],[-11,0],[-27,8],[-30,16],[-15,1],[-71,-21],[-17,-1],[-79,21],[-24,-4],[-12,12],[-46,3],[-39,25],[-26,11],[-101,-15],[-46,17],[-46,22],[-12,53],[-46,8],[17,31],[0,25],[-5,9],[-18,11],[-9,12],[-31,10],[9,27],[-25,12],[2,16],[-44,29],[12,9],[-4,17],[-8,8],[7,6],[3,21],[-3,18],[-20,24],[-26,6],[-13,-1],[0,5],[-35,-4],[-24,20],[-4,14],[-27,35],[-1,6],[-15,11],[-49,12],[-9,-2],[-23,3],[-26,-8],[-8,-1],[-19,3],[-8,-4],[-51,21],[-1,5],[-21,4],[1,-4],[-17,7],[-14,2]],[[50233,42974],[2,11],[-43,22],[8,5],[-2,11],[7,4],[12,27],[17,18],[7,14],[21,-2],[16,5],[30,1],[9,3],[13,-1],[59,23],[48,13],[8,16],[18,12],[47,7],[15,5],[26,0],[22,30],[32,16],[18,17],[22,10],[-1,6],[-108,51],[-39,7],[42,30],[23,24],[-3,26],[24,27],[103,-4],[0,36],[119,-2],[2,8],[58,-12],[23,2],[2,-2],[12,3],[9,13],[-28,6],[7,31],[57,48],[57,20],[21,1],[21,5],[43,55]],[[51089,43620],[18,22],[24,13],[-32,17],[-33,13],[3,4],[-33,39],[-61,27],[3,2],[-34,17],[-9,-4],[-39,20],[-13,2],[-10,-4],[-9,2]],[[50864,43790],[18,8],[20,15],[13,19],[14,3],[-3,7],[-13,2],[-7,5],[-9,-12],[-7,-4],[-31,13],[-38,28],[-6,20],[-8,2],[-11,10],[-8,-1],[-51,42],[-23,11],[-2,6],[-16,7],[11,11],[43,24],[6,1],[5,-2],[6,5],[15,-2],[19,25],[31,25],[45,11],[-54,43],[51,22],[27,20],[51,-4],[2,-3],[28,17],[2,8],[33,10],[-36,36],[-21,8],[-30,20],[-32,12],[-15,2],[-33,19],[-18,4],[-11,-3],[-15,12],[-22,4],[-26,-10],[-65,-9],[-13,8],[2,6],[-22,6],[4,4],[-6,10],[4,10],[-3,5],[12,1],[7,7],[31,11],[2,7],[19,1],[1,5],[10,4],[-5,6],[9,5],[17,1],[4,-2],[-4,-4],[43,9],[24,9],[1,9],[9,-2],[9,15],[23,15],[12,3]],[[59189,47456],[-18,4],[-14,0],[-12,2],[0,2],[12,2],[-10,15],[-11,4],[-14,-1],[-19,3],[4,8],[-3,3],[-5,-10],[-25,6],[-7,5],[-15,22],[-16,4],[-14,1],[-11,-4],[-11,-9],[-9,-2],[-19,5],[-25,-7],[-16,3],[-31,-1],[-5,-5],[2,-23],[-13,-10],[-66,5],[-14,-14],[-5,2],[-2,8],[-32,1],[-17,-22],[-44,2],[-32,12],[-37,-8],[-17,3],[-10,-7],[-18,-3],[-17,-9],[7,-1],[11,3],[-4,-6],[-17,-3],[-9,4],[-9,-1],[-5,6],[-10,3],[4,4],[-13,1],[-17,-6],[12,-5],[-12,-5],[-18,25],[-19,2],[-13,-5],[-6,9],[11,9],[17,-2],[7,2],[-13,8],[15,10],[-7,5],[-15,-4],[8,8],[14,-3],[6,7],[-13,4],[-13,-5],[2,7],[-4,8],[-21,8],[-6,6],[-13,-2],[-13,3],[-4,7],[3,8],[-14,3],[-7,4],[6,17],[-17,9],[-22,3],[-41,-16],[-10,1],[3,7],[-19,-5],[1,4],[-13,1],[-12,5],[-15,-3],[-5,2],[11,8],[-4,9]],[[58401,46321],[-29,16],[-67,7],[-78,20],[-22,-1],[-65,5],[-13,11],[2,4],[-11,-2],[-9,3],[7,6],[-1,6],[-9,3],[2,8],[-10,9],[1,3],[-15,21],[10,21],[59,0],[25,4],[13,21],[-3,9],[6,3],[14,18],[-1,4],[19,17],[8,3],[37,-1],[4,-2],[10,4],[1,3],[11,1],[-2,3],[8,2],[15,11],[12,2],[24,25],[4,15],[-6,4],[4,5],[-13,13],[15,11],[9,24],[14,13],[0,16],[18,11],[-5,12],[13,13],[-6,7],[-17,4],[-27,-6],[-12,4],[7,10],[26,10],[5,5],[-5,6],[-18,-7],[-10,4],[2,5],[16,10],[-21,11],[-8,14],[29,28],[-13,17],[17,8],[34,2],[-3,10],[30,16],[40,3],[21,4],[11,-5],[-4,-5],[10,-1],[11,2],[10,9],[20,2],[21,10],[36,13],[8,7],[-5,8],[6,8],[13,6],[34,5],[13,14],[53,-6],[7,4],[3,12],[10,4],[26,-13],[15,1],[6,11],[-6,18],[7,6],[10,-5],[13,5],[28,-4],[24,3],[15,5],[17,2],[-4,10],[14,-2],[21,-6],[7,7],[10,3],[-2,9],[8,4],[9,0],[6,-3],[-3,-15],[43,-11],[7,4],[-1,6],[-19,5],[-7,7],[8,11],[26,3],[57,-2],[35,2],[100,26],[6,14],[-6,20],[-18,13],[-31,10],[9,9],[-4,6],[-65,26],[12,12],[22,12],[-4,7],[5,3],[-12,4],[-2,-7],[-18,-9],[-14,1],[0,5],[6,6],[-28,19],[-19,-4],[-22,14],[2,20],[-8,5],[0,5],[4,3],[16,-1],[5,8],[-12,3],[-21,-3],[-5,3],[5,7],[27,10],[27,4],[3,8],[36,3],[16,20],[-11,8],[0,17],[-7,7],[-50,17],[-17,10],[-2,5],[17,15],[23,5],[7,27],[15,13],[12,4],[23,1],[10,-14],[33,3],[5,4],[-2,14]],[[58408,46162],[-35,69],[28,90]],[[58408,46162],[-66,10],[-126,27],[-31,1],[-17,4],[-29,0],[-22,-6],[-26,-1],[-53,-10],[-14,-4],[-25,-13],[-145,-7],[-115,5],[-30,-3],[-27,15],[-19,1],[-5,9],[-73,-4],[-18,5],[-78,-5],[-19,10],[9,5],[-1,5],[7,8],[-14,6],[-7,-2],[-15,8],[-26,-16],[-82,-23],[4,-8],[-33,-14],[4,-37],[-30,-5],[5,-15],[-53,-5],[4,-10],[-61,2],[18,-20],[-10,-8],[1,-5],[-16,0],[-10,-4],[-26,7],[-13,-15],[-1,-15],[-7,-14],[-12,-11],[-26,-15],[2,-3],[-15,-8],[-14,-20],[20,-9],[-31,-23],[0,-6],[-8,-10],[-15,-7],[-1,-3],[-9,0],[-11,-6],[-33,-1],[-17,3],[-7,11],[-15,-1],[-11,8],[-12,1],[-1,11],[-14,3],[-11,9],[-10,4],[-13,-1],[-42,5],[-12,4],[5,4],[-2,4],[-17,1],[0,7],[-12,-6],[-16,3],[-5,10],[-25,3],[-22,15],[-20,2],[6,9],[-5,3],[-54,7],[-22,5],[0,3],[-41,7],[-22,-1],[-12,6],[-17,0],[-29,-3],[-20,-6],[-49,8],[-19,-2],[-31,4],[-46,-3],[-9,-1],[6,-8],[-29,-9],[-7,-5],[-10,2],[-22,-10],[-11,-12]],[[56242,45993],[-13,18],[0,12],[-5,0],[-4,6],[5,9],[-20,7],[-3,13],[7,8],[16,5],[0,2],[15,2],[37,-6],[17,5],[-1,8],[-48,20],[-5,8],[26,4],[56,17],[23,21],[62,2],[14,10],[12,0],[-2,48],[39,9],[-12,29],[2,6],[18,16],[4,-2],[27,11],[6,3],[-3,5],[6,2],[-14,9],[-7,1],[-7,-2],[-8,5],[13,6],[8,-7],[9,3],[10,-3],[26,-17],[6,-1],[24,3],[16,8],[-6,7],[-12,5],[-11,0],[-9,8],[34,16],[2,10],[15,7],[12,0],[6,-3],[42,15],[34,-1],[21,2],[13,-2],[76,8],[22,8],[2,-3],[30,0],[11,32],[-10,12],[-19,8],[10,10],[-1,10],[17,10],[0,4],[-38,0],[-15,2],[-4,3],[17,15],[-5,6],[2,9],[15,16],[22,0],[11,8],[-2,2],[21,9],[8,9],[21,5],[8,0],[-8,14],[3,21],[5,2],[14,-3],[7,2],[30,19],[-4,3],[-3,20],[-39,9],[-11,0],[-16,12],[13,4],[6,5],[-7,13],[3,9],[18,11],[-1,7],[-16,6],[-26,-7],[-14,-1],[-5,16],[-8,3],[-23,-1],[-11,20],[-4,43],[-26,-2],[0,6],[-37,14],[6,12],[9,6],[7,3],[31,1],[6,6],[-16,0],[-33,9],[-28,2],[-32,19],[1,5],[46,27],[31,11],[48,9],[48,16],[-24,8],[-36,4],[-38,12],[-153,56],[5,23],[11,16],[3,34],[-16,26],[-19,0],[2,7],[9,6],[19,5],[23,10],[26,-10],[6,1],[3,11],[-12,9],[31,8],[14,9],[-8,11],[2,13],[8,5],[28,0],[11,3],[11,5],[7,14]],[[56811,47200],[26,-4],[11,-15],[7,-4],[10,-1],[6,11],[6,2],[39,-11],[7,19],[29,10],[3,16],[37,12],[-1,19],[8,3],[9,-6],[17,2],[18,12],[19,8],[15,-3],[7,1],[14,-8],[14,5],[10,0],[5,-5],[33,-2],[35,5],[3,-5],[26,11],[19,-3],[19,7],[14,-7],[10,2],[10,-5],[5,6],[18,0],[7,-2],[11,4],[13,-1],[9,5],[5,9],[9,2],[10,0],[31,11],[12,0],[11,-5],[2,4],[17,2],[6,-1],[21,4],[10,-2],[6,-6],[46,4],[15,9],[16,17],[9,0],[4,8],[7,3],[7,18],[6,3],[12,18],[17,1],[8,5],[-3,4],[3,19],[10,8],[34,3],[26,14],[11,10],[24,6],[7,6],[10,3],[10,7],[6,14],[35,11],[14,46],[27,4],[29,12],[23,17],[20,3],[38,-2],[7,2],[6,7],[8,3],[25,1],[8,4],[24,4],[3,4],[-4,9],[4,4],[7,1],[12,14],[10,-5],[10,6],[7,-6],[19,2],[11,-4],[49,3],[19,-5],[9,-6],[10,3],[15,-6],[20,2],[9,-3]],[[48867,42663],[-20,-42],[-3,-18],[3,-5],[-24,-2],[-32,-10],[-38,-19],[-3,1],[-12,-4],[-3,6],[-21,8],[0,-3],[-14,7],[-19,20],[-9,0],[-20,-14],[3,-3],[-14,-10]],[[48641,42575],[-28,12],[14,10],[-7,3],[-10,-7],[-6,2],[-4,-2],[-8,3],[-4,-3],[-6,3],[28,27],[-30,5]],[[48580,42628],[9,22],[-2,44],[13,15],[44,28]],[[48644,42737],[7,-3],[27,-5],[-8,3],[2,4],[27,-7],[8,2],[21,-12],[6,5],[19,-2],[3,-9],[17,1],[6,-7],[16,6],[20,-2],[-15,-16],[19,-2],[17,-6],[31,-24]],[[55013,45720],[5,-3],[-7,-9],[-6,2],[-6,-3],[-12,3],[-22,-12],[7,-3],[-11,-6],[-29,14],[8,8],[-12,5],[-3,-2],[-8,4],[-7,-6],[-25,13],[-12,-7],[0,-13],[-11,-4]],[[54862,45701],[-16,13],[-18,5],[-36,29],[-8,-2],[0,-19],[-14,-21],[-35,21],[-27,-11],[17,-9],[-10,-5],[10,-5],[-8,-3]],[[54717,45694],[-3,-2],[-13,4],[-6,-1],[-11,7]],[[54739,45844],[28,1],[14,-1],[12,-5],[8,-9],[1,-17],[6,-9],[14,-11],[17,-5],[14,1],[37,10],[31,24],[12,2],[16,0],[13,-7],[6,-22],[12,-12]],[[52205,42122],[15,-29],[-7,-17],[15,-30],[-25,-23],[5,-5],[-4,-5],[-25,-14],[-14,1],[-7,-2],[-8,-8]],[[52150,41990],[-10,2],[-34,30],[-38,-4],[-90,5],[-28,-3],[-38,-19],[-28,18],[-16,36],[-3,20],[-5,2],[-9,12],[-17,7],[-23,6],[-17,-1],[-13,6],[-23,-10],[-36,-1],[-13,3],[-12,9],[-30,12],[-13,-1],[-28,2],[-20,5],[-27,-3],[-23,7],[-31,-17],[-17,-15],[-17,-7],[-11,2],[-40,-4],[-24,-16],[-14,-4],[-42,3],[-119,-38],[-44,-9],[-27,-12],[-26,1],[-43,20],[-24,4],[-62,-2],[-34,-14],[-17,-35],[-144,-72],[-9,-21],[-36,-13],[-44,-22],[-14,-17],[-6,-14],[19,-11],[12,-11],[-11,-4],[-2,-5],[-19,-8],[-28,5],[-12,-1],[-17,-8],[-2,-4],[-21,-4],[0,-4],[-8,-6],[-11,3],[-10,-15],[-19,0],[-30,-14],[-29,-5],[-18,-11],[-20,-2],[-14,10],[-7,-4],[-31,3],[-61,-5],[-7,23],[9,13],[-13,15],[-13,6],[-5,7],[19,10],[3,28],[9,17],[-8,16],[-21,6],[-6,6],[-15,-2],[-15,7],[-27,0],[-7,5],[-37,6],[-25,1],[-10,4],[-23,-1],[-1,-6],[-61,3],[-28,-4],[-4,4],[-9,0],[-45,-15],[-17,-11],[-21,-4],[-10,13],[-2,35],[9,10],[2,12],[-7,11],[-13,4],[-5,5],[-17,2],[-16,-5],[-16,5],[-27,-5],[-23,-11],[-26,11],[9,11],[3,21],[16,46],[53,82],[-28,19],[-14,2],[-23,13],[-14,2],[-13,-2],[-31,9]],[[49801,42151],[8,10],[26,11],[7,5],[-7,7],[-27,4],[-43,12],[-34,0],[-87,38],[-10,16],[-6,3],[15,35],[-7,8],[-59,0],[-40,15],[-54,-15],[-27,-2],[-34,7],[-2,3],[-77,26],[5,2],[11,-4],[17,6],[-11,6],[6,3],[-3,14],[10,1],[3,15],[41,-2],[38,3],[-52,54],[-10,-1],[-7,-6],[-3,4],[-5,0],[0,-11],[-8,-3],[-13,-13],[-16,-3],[-3,-5],[-18,5],[-10,-3],[-7,-5],[-23,0],[-30,7],[-1,3],[14,38],[-2,18],[4,10],[-8,12],[3,6],[-9,2],[-56,-5],[-20,2],[-27,-8],[-3,2]],[[49150,42478],[1,7],[33,15],[18,4],[26,16],[1,4],[17,7],[16,0],[8,5],[34,6],[3,3],[6,-2],[19,2],[0,8],[17,8],[-5,4],[-7,1],[-1,10],[51,24],[11,23],[13,12],[32,12],[15,0],[9,6],[7,0],[-13,4],[-22,12],[14,10],[-116,51],[-73,10],[-48,-2]],[[49216,42738],[-2,4],[7,1],[-1,5],[11,5],[2,11],[7,3],[3,7],[6,1],[-2,12],[5,8],[29,21],[1,7],[13,3],[0,6],[9,-3],[3,9],[14,16],[18,11],[8,-1],[14,4],[5,-2],[7,3],[15,-1],[0,3],[7,-1],[5,5],[19,-2],[50,8],[31,9],[23,11],[23,3],[11,-2],[9,2],[29,13]],[[49595,42917],[17,-3],[19,-12],[5,-10],[46,8],[58,7],[31,0],[48,8],[16,-2],[32,-9],[4,-10],[29,6],[7,-5],[23,-5],[41,5],[25,11],[20,35],[25,18],[-2,9],[20,29],[11,2],[6,7],[-5,5],[21,18],[-13,5],[9,6],[7,-7],[19,-4],[14,-9],[12,-9],[-6,-7],[20,-8],[21,-1],[14,-10],[9,-3],[3,5],[32,-13]],[[49801,42151],[-18,-13],[-32,0],[-13,-6],[-17,2],[-29,-12],[-24,-6]],[[49668,42116],[-18,1],[-9,21],[-67,5],[-106,2],[-35,-12],[-55,-13],[-20,-3],[-5,3],[-32,-2],[-22,-8],[-14,-2],[-26,-23],[-3,-8],[-21,-5],[-10,14],[1,7],[-34,17],[-11,14],[8,27],[9,7],[6,20],[-13,-3],[14,12]],[[49205,42187],[0,5],[-13,4],[3,8],[-12,2],[6,8],[-21,16],[-15,5],[-23,-2],[-6,19],[-10,-8],[-13,7],[18,14],[7,-5],[14,23],[-18,10],[-2,4],[16,7],[-5,17],[-8,2],[6,1],[-2,5],[-16,4],[-8,7],[10,2],[2,4],[1,9],[-10,8]],[[49106,42363],[-1,3],[9,3],[-10,27],[2,8],[-14,17],[-12,7],[-3,20],[22,9],[-3,12],[33,10],[5,-5],[16,4]],[[51089,43620],[-89,-9],[-48,-2],[-6,-3],[4,-10],[-26,-2],[-31,10],[-2,-6],[-33,7],[-22,1],[-6,6],[-11,0],[-11,10],[-12,-5],[-3,3],[-6,-4],[-8,1],[-15,12],[-6,0],[-5,-7],[-23,-6],[-2,-6],[-23,-2],[-6,-10],[-9,2],[-40,-1],[-11,3],[-5,-5],[-2,3],[-9,0],[-13,-15],[-82,51],[-57,25],[-4,6],[9,10],[-49,-3],[-17,8],[-15,17],[-32,-5],[-43,-12],[-41,-6],[-20,-8],[-31,5]],[[50228,43673],[0,2],[9,2],[23,0],[15,7],[9,1],[17,12],[-4,7],[5,0],[13,19],[1,17],[7,6],[24,4],[17,25],[-10,11],[-9,2],[0,6],[7,5],[50,10],[7,3],[11,13],[17,5],[14,1],[8,4],[49,-8],[57,2],[60,17],[3,9],[23,1],[39,10],[36,-16],[5,-25],[-23,-15],[-25,-6],[11,-16],[-8,-3],[3,-15],[-48,-9],[-6,-30],[8,-2],[-2,-6],[19,-16],[8,-16],[10,2],[2,6],[55,8],[32,10],[15,2],[-4,-12],[7,-4],[20,6],[6,7],[0,9],[-5,7],[-13,3],[-4,11],[5,4],[47,9],[9,7],[-4,10],[5,9],[13,5]],[[49595,42917],[-16,29],[-3,44],[3,7],[-16,21],[2,12],[-6,10],[-31,17],[-23,-6],[-17,4],[-33,0],[-12,3],[-7,7]],[[49436,43065],[25,11],[-2,5],[36,38],[31,-2],[15,8],[17,-10],[19,10],[1,8],[-7,7],[-15,4],[-13,-1],[-14,8],[15,14],[15,28],[16,4],[9,6],[-11,7],[2,5],[13,5],[58,-2],[12,3],[-1,10],[8,4],[-11,2],[-6,9],[6,5],[-2,11],[7,3],[-15,2],[-8,5],[-19,-5],[-20,17]],[[49597,43284],[26,26],[13,4],[-1,8],[10,7],[5,15],[-6,5],[-11,1],[-4,4],[9,0],[6,9],[18,4],[1,10],[18,4],[12,7],[0,9],[9,1],[-7,8],[-73,23],[39,16],[-32,23],[29,10],[5,-3],[13,5],[13,12],[-2,6],[4,0],[-14,22],[2,7],[-21,27],[24,7],[35,1],[30,4],[11,-2],[19,10],[2,13]],[[49779,43587],[13,3],[22,12]],[[49814,43602],[23,6],[17,-2],[5,-4],[-3,-10],[10,-10],[27,-4],[40,2],[7,2],[23,22],[27,13],[12,-1],[48,-13],[24,2],[10,53],[29,17],[25,8],[20,1],[34,-8],[30,-1],[6,-2]],[[58264,45299],[8,18],[81,51],[-24,29],[-15,26],[-36,43],[-23,12],[-48,36],[-17,31],[1,8],[-28,13],[-56,42],[-62,40],[9,11],[70,13],[11,6],[16,1],[18,12],[13,0],[29,19],[30,10],[30,18],[21,6],[32,17],[15,16],[0,12],[70,84],[9,42],[4,51],[61,8],[17,11],[9,2],[-14,6],[-4,8],[-12,7],[8,5],[56,2],[19,8],[38,6],[14,9],[9,18],[-8,12],[-7,3],[-14,-9],[-20,2],[-4,-6],[-7,2],[3,11],[-8,12],[-23,13],[-55,5],[-32,30],[-14,27],[-26,4]],[[58264,45299],[-56,16],[-14,9],[-31,5],[-7,-1],[-19,6],[-14,12],[-4,8],[-23,0],[-14,9],[-12,0],[-9,3],[-8,-3],[-13,1],[-8,-2],[-15,4],[-13,-3],[-8,4],[-18,-2],[-6,-5],[-10,3],[-7,-3],[-8,2],[-9,-1],[-6,3],[-30,2],[-4,4],[-7,1],[-12,-2],[-12,6],[-11,-4],[-19,0],[-4,4],[-19,2],[-7,-4],[-20,0],[-9,4],[-18,1],[-5,-3],[-10,0],[-21,-5],[-14,4],[-57,-7],[-9,3],[-18,-6],[-40,5],[-13,10],[-7,0],[-23,-48],[-15,-8],[-93,-32],[-34,-23],[-16,-26],[-14,-12],[-7,-1],[-3,-11],[-24,-8],[-9,-7],[-30,-3],[-19,9],[-1,14],[-10,4],[-6,-6],[-34,-2],[-3,3],[-4,-3],[-20,-7],[-3,2],[-60,-26],[-13,-1],[11,-28],[29,-23],[10,-19],[25,-26],[33,-22],[2,-13],[-152,-26],[-16,22],[-70,11],[-21,-8],[-34,2],[-9,3],[-27,-5],[-22,1],[-27,-5],[-29,14],[-37,11],[-6,13],[-10,7],[-32,6],[-25,33],[-24,2],[-21,8],[-26,1],[-20,-16],[-17,-2]],[[56610,45128],[-14,9],[-4,14],[9,15],[5,23],[21,18],[-3,10],[-20,5],[-86,-6],[-64,7],[-45,-6],[-30,4],[-19,16],[-14,26],[-13,4],[-10,9],[-5,22],[-12,13],[-20,13],[-87,41],[-57,83],[-12,4],[-46,3],[-60,18],[-17,12],[-25,30],[-35,21],[-11,2],[-48,-1],[-15,7],[-3,5],[6,10],[38,41],[-3,14],[-32,65],[-3,37],[3,16],[8,18],[9,9],[41,14],[11,9],[-4,5],[-48,26]],[[55896,45813],[-25,10],[-5,9],[4,6],[28,7],[52,-3],[12,1],[15,9],[10,24],[-3,3],[-52,9],[-38,25],[8,6],[17,4],[50,-7],[14,5],[8,14],[6,2],[6,-12],[22,-3],[9,5],[29,2],[2,14],[15,2],[25,11],[13,-4],[-9,-10],[3,-7],[-9,-2],[9,-7],[1,3],[13,0],[13,4],[3,-2],[49,16],[46,9],[-13,15],[14,13],[4,9]],[[55069,45663],[-56,-2],[-15,-6],[-2,-11],[22,-29]],[[55018,45615],[-36,-14],[-6,6],[-10,-3],[4,-4],[-12,-2],[2,-4],[-53,-8],[4,31],[-5,4],[-12,5],[-20,-4],[-18,-8]],[[54856,45614],[15,29],[24,22],[-5,8],[-26,13],[-2,15]],[[53114,46022],[0,1]],[[53114,46022],[0,0]],[[53114,46023],[3,5]],[[53114,46023],[0,0]],[[54245,46097],[-7,-3],[1,9],[5,0],[1,-6]],[[54238,46107],[-2,-1],[0,9],[6,11],[4,1],[12,-8],[-20,-12]],[[53114,46022],[6,5],[-3,2]],[[53117,46029],[4,7]],[[53121,46036],[3,2],[11,-3],[42,-1],[47,4],[27,7],[26,3],[14,4],[-2,-5],[5,0],[-1,5],[-17,-3],[-2,2],[56,29],[108,21],[6,-4],[5,-35],[-3,36],[-3,6],[115,23],[49,22],[17,4],[-16,-3],[21,17],[24,33],[11,3],[43,-2],[5,2],[-16,-1],[18,7],[22,3],[52,1],[15,-3],[-7,-4],[11,3],[60,-12],[45,-4],[-6,-12],[8,12],[55,2],[30,5],[6,-3],[13,0],[-16,3],[3,3],[68,14],[27,3],[32,-2],[33,-4],[15,-7],[9,-10],[11,-28],[17,-13],[13,-19],[-8,-19],[-2,-21],[-31,-23],[10,-5],[34,23],[12,3],[1,7],[17,9],[0,10],[2,1],[-18,12]],[[54247,46134],[11,4],[33,-4],[48,-12],[23,-1],[15,33],[45,-6],[32,1],[35,-13],[31,-4],[30,7],[3,3],[27,-5],[0,-3],[25,-2],[28,-9],[40,1],[20,5],[32,-6],[32,0],[13,-3],[48,-3]],[[54818,46117],[13,-80]],[[54341,45723],[3,-43],[64,-32],[-7,-5],[32,-25],[11,7],[26,-5],[19,-19],[-7,-2],[12,-4],[-3,-3],[18,-5]],[[54509,45587],[45,-15],[5,1],[10,-16],[60,-7]],[[54629,45550],[59,-22],[32,5],[2,-7],[51,12]],[[54773,45538],[1,-12],[15,-9],[-7,-1],[0,-3],[17,-21],[-9,-43],[-23,-17],[-23,1],[-22,-26],[-6,-17],[-16,-4],[-43,-1],[-36,-7],[-9,1],[-32,-9],[-10,-6],[-6,-16],[7,-6],[-4,-16],[10,-6],[7,0],[12,-4],[-3,-5],[11,-2],[-1,-4],[9,-2],[7,-7],[10,-4],[6,1],[15,-6],[-1,-5],[7,-1],[3,-8],[9,-3],[2,-5],[-3,-1],[15,-6],[-5,-2],[6,-2],[1,-16],[7,1],[5,-5],[3,-15],[25,-8],[0,-7],[7,-2],[11,-14],[5,0],[-1,-8],[7,-12],[16,-12],[11,-4],[5,-7],[13,-1],[-2,-3],[13,-8],[0,-5],[17,-3],[-2,-11],[17,-8],[0,-8],[12,-2],[9,6],[31,0],[7,-4],[43,-9],[13,-1],[21,3],[9,-3],[26,1],[75,-13],[22,-1],[0,3],[36,3]],[[55145,45081],[7,-10],[22,-18],[-3,-1],[6,-22],[-3,-30],[-160,-35],[13,-29],[-85,-43],[-60,-76],[35,-7],[-93,-41],[-11,0],[-4,-6],[2,-10],[-14,-6],[-11,-11],[-23,-5],[-22,6],[-22,-2],[-9,-9],[-90,-39],[-25,15],[-28,-3],[-17,-25],[-43,10],[-27,-8],[-17,3],[-9,-1],[-48,-13]],[[54406,44665],[-9,3],[-5,5],[-6,0],[0,6],[-7,3],[0,14],[-29,7],[-10,10],[5,8],[15,2],[15,10],[11,4],[-2,10],[35,7],[-26,22],[-17,8],[-1,4],[14,15],[-14,19],[-5,4],[5,-13],[-14,-2],[-10,5],[-30,2],[-26,-2],[-3,-11],[-50,-6],[-30,-2],[-47,4],[-4,10],[5,10],[62,46],[9,8],[2,9],[-98,28],[-21,-21],[-30,8],[-36,-28],[-55,21],[-13,14],[1,17],[3,2],[10,-2],[1,4],[-9,5],[15,4],[-2,9],[12,4],[-6,5],[6,6],[-8,3],[-3,8],[17,4],[2,4],[-7,3],[-12,-2],[-8,7],[-5,8],[7,1],[-11,8],[7,7],[-11,3],[-18,0],[2,16],[8,8],[-8,5],[-2,9],[-7,5],[5,16],[10,5],[5,16],[-7,1],[2,6],[-14,4],[4,2],[-4,18],[-17,18],[-34,-2],[-11,3],[-4,4],[0,12],[-21,11],[-5,-1],[-12,6],[-8,6],[-19,-2],[-30,6],[-3,15],[30,6],[55,4],[33,6],[62,26],[13,10],[7,19],[12,16],[37,18],[-1,3],[10,2],[-12,20],[-5,27],[-5,1],[-23,-10],[-25,-5],[-38,14],[-130,8],[-76,8],[-57,10],[-48,5],[-4,0],[-3,-7],[-9,-1],[21,44],[-62,9],[4,6],[53,0],[3,11],[6,2],[54,-3],[-1,13],[18,5],[6,9],[7,1],[-5,6],[9,15],[-20,26],[-9,-1],[-71,15],[-9,3],[-18,16],[-45,15],[63,32],[15,12],[5,11],[63,43],[-20,3],[-6,-8],[-11,6],[6,11],[-10,1],[-1,12],[-26,-3],[-18,-6],[-46,10],[-9,51],[-16,41],[-18,3],[-28,21],[3,19],[-3,1],[-53,0],[-12,-3],[4,-4],[-48,-7],[-21,1],[-51,10],[-22,-2],[1,3],[-19,3],[-2,16],[-22,-3],[-16,24],[-32,-5],[-12,-5],[-4,-7],[-22,2],[-4,-3],[6,-9],[-3,-7],[-7,-6],[-13,-3],[-47,-1],[-62,14]],[[53043,45841],[8,10],[38,14],[29,19],[-20,24],[-11,22],[17,7],[0,4],[11,8],[1,9],[-12,5],[-22,28],[8,8],[10,2],[-1,9],[12,-2],[5,4],[-2,10]],[[49814,43602],[-3,4],[12,14],[14,9],[24,7],[4,14],[6,5],[-21,13],[18,16],[-30,37]],[[49838,43721],[70,15],[57,6],[34,13],[70,64],[55,36],[6,14],[-9,26],[6,2],[11,26],[-29,23],[1,17],[-52,-4],[-15,-13],[-26,-8],[-12,-1],[-4,5],[-27,5],[-35,-15],[-56,-4],[-12,9],[0,4],[-18,6],[9,2],[6,6],[-34,14],[-42,-10],[-27,29],[27,45],[-27,5],[8,12],[-27,8]],[[49746,44058],[5,2],[-62,10],[-2,3],[22,9],[-39,28],[-11,-4],[-29,19],[19,14],[-5,2],[4,2],[61,-12],[27,1],[40,12],[26,-4],[35,2],[20,8],[53,6],[24,11],[14,-5],[28,0],[29,16],[38,1],[26,13],[15,15],[59,8],[32,-3],[32,16],[4,1],[11,-3],[17,4],[4,11],[-3,13],[7,3],[28,5],[35,-8],[17,0],[3,9],[28,-2],[16,8],[-7,7],[6,6],[-5,19],[-37,20],[-26,6],[-46,-2],[-38,-4],[-16,5],[-34,19],[-46,6],[-22,13],[-40,5],[-5,4],[2,13],[-15,9],[0,5],[-13,9],[-33,11],[-8,17],[-14,8]],[[49977,44445],[43,24],[43,38],[10,16]],[[54856,45614],[-7,-32]],[[54849,45582],[-51,4],[-3,-20],[-19,-19],[-3,-9]],[[54629,45550],[44,41],[48,67],[26,24],[-30,12]],[[49668,42116],[-14,-7],[-26,-5],[-5,2],[-24,-6],[-23,-16],[-33,-12],[-4,-9],[-23,-20],[-10,-3],[-17,-15],[7,-6],[11,-4],[6,-11],[-13,0],[-16,-13],[0,-4],[-29,-2],[6,-13],[-19,1],[-33,-4],[-32,-9],[-69,-7],[-33,-8],[-4,-7],[13,-2],[7,-5],[-9,-5],[-23,5],[-11,-17],[3,0],[-3,-15],[-25,-26],[-119,19],[13,32],[-24,-5],[-15,10],[-13,-8],[-49,3],[-22,-4],[-61,4],[0,-3],[-15,-1],[-13,3],[-2,-8],[-43,9],[-12,-1]],[[48848,41923],[-38,19],[-14,2],[-5,5],[6,18],[26,10],[18,22],[2,14],[-11,14],[-7,30],[14,31],[14,7],[5,-1],[6,-13],[30,5],[1,-13],[25,4],[1,-2],[35,8],[36,-10],[7,15],[15,-8],[14,8],[14,-12],[12,7],[15,19],[34,2],[-15,42],[10,0],[1,10],[24,0],[14,4],[11,-1],[-1,-9],[9,2],[2,5],[6,1],[1,-5],[11,-1],[7,24],[22,11]],[[48873,42419],[24,-8],[12,-7],[13,4],[11,-7],[14,6],[17,-10],[10,2],[19,-12],[8,1],[27,-10],[-15,-10],[7,-5],[19,-4],[4,6],[10,1],[53,-3]],[[48848,41923],[5,-9],[-6,-3],[-17,1],[-10,-4],[-17,-14],[-29,-34],[-46,-20],[-24,-6]],[[48704,41834],[-3,2],[-12,28],[-14,10],[-11,26],[-24,15],[-13,18],[-40,23],[-7,17],[-22,19],[-99,60],[-43,19],[-14,1],[-4,-2],[2,-4],[-9,-2],[-58,-2],[-27,9],[-12,11],[-1,7],[-18,28],[-33,37],[-8,18],[-32,20],[-30,6],[-23,21],[-29,44],[-8,22],[12,31],[84,20],[41,6],[10,10],[17,9],[75,16]],[[48351,42377],[17,-23],[4,-13],[11,-15],[-5,-2],[10,-15],[3,-14],[15,-18],[7,1],[26,-6],[-2,-7],[-32,-9],[2,-36],[14,-6],[20,-3],[4,1],[14,-22],[7,0],[2,-5],[15,-3],[46,14],[18,3],[6,9],[16,10],[8,34],[1,25],[63,1],[17,56],[-10,99],[12,-1],[15,8],[27,6]],[[48702,42446],[63,-130],[6,-32],[14,-3],[19,37],[13,6],[-14,6],[12,20],[0,13],[8,3],[6,12],[24,19],[20,22]],[[52150,41990],[18,-2],[24,-13],[2,-7],[19,-6],[-1,-6],[8,-8],[37,-21],[31,-6],[17,3],[21,-5],[9,-6],[9,-14],[-4,-13],[14,-2],[5,-9],[16,-6],[-5,-5],[-3,-24]],[[52367,41840],[-9,-49],[-20,-19],[-44,-10],[-16,1],[-5,-3],[-13,1],[-12,-8],[-9,-12],[-11,-5],[-10,5],[-18,-1],[-23,-16],[-14,-3],[-30,-20],[-12,-1],[-22,-21],[-50,7],[-47,-13],[-43,-16],[-41,0],[-10,-15],[0,-10],[-18,-19],[-140,10],[-25,-9],[-11,-9],[-12,-4],[-16,-1],[-26,7],[-21,-5],[-9,-12],[-16,-7],[-9,-9],[-20,-2],[-28,-15],[-40,-4],[-13,-11],[-34,-19],[-30,-7],[-64,-33],[-21,-5],[-18,-9],[-14,-15],[-19,-11],[-6,-9],[-17,-7],[-10,-20],[-46,-37],[-26,-11],[-51,-10],[-25,-11],[-48,-10],[-3,-9],[-36,-10],[-16,0],[-20,-10],[-19,-3],[-2,-4],[-28,-2],[-41,-8],[-26,10],[-21,2],[-25,14],[-39,35],[-25,-14],[-16,-23],[-12,-1],[-4,-4],[-25,-6],[-8,1],[-5,-2],[-1,-5],[-7,-2],[-46,23],[-11,2],[-22,-2],[-24,14],[-12,0],[11,7],[13,17],[-12,0],[1,5],[-10,9],[-14,4],[-7,-7],[-10,-1],[1,-7],[-5,-7],[-13,-6],[-25,-5],[-20,0],[-19,4],[-50,-26],[-35,-13],[-47,-32],[-14,-6],[-19,-1],[-31,-6],[-3,-5],[-20,-7],[-12,-10],[-14,-3],[-14,1],[-21,-2],[9,-18],[-13,-9],[-9,-15],[16,-20],[-17,-5],[-5,-5],[-56,-4],[-14,6],[-19,1],[5,21],[-18,-7],[-20,16],[-21,-2],[-5,2],[-12,-4],[-18,3],[-12,-2],[-6,3],[-4,-3],[-8,7],[-56,10],[-36,12],[-1,-6],[-13,-6],[-9,-12],[-9,3],[-11,-7],[5,-2],[-4,-18],[-6,-4],[-14,-31],[9,-3],[-22,-12],[-9,-1],[-72,-29],[-13,-1]],[[49704,41085],[-5,11],[-18,24],[-155,134],[-86,53],[-38,24],[5,5],[14,1],[6,4],[-18,-1],[-28,30],[-47,37],[-6,-1],[60,-48],[7,-10],[-10,1],[-10,6],[-40,32],[-16,9],[-16,17],[-96,65],[-156,119],[-128,82],[-55,26],[-24,11],[-6,21],[-17,16],[-10,4],[-8,15],[-24,17],[-45,24],[-30,21]],[[55360,45661],[-13,-13],[8,-11],[-39,-17],[1,-13],[-65,-22],[-23,-11],[-7,1],[-1,-3],[-22,4],[0,5],[-9,0],[0,3],[-26,-4],[-7,4],[-14,-12],[-29,19],[-14,-8],[-3,-6],[9,-15],[-29,-5]],[[55077,45557],[-7,-2],[-19,18],[-33,42]],[[55368,45661],[20,-39],[21,-32],[28,-14],[14,-3],[8,-8],[-9,-32],[6,-10],[18,-6],[26,-2],[-13,-24],[20,-11],[3,-11],[-29,-6],[-36,14],[4,22],[-83,23],[-42,17],[-47,9],[-9,-11],[3,-1],[-11,-10],[-15,-7],[-45,28],[-8,-5],[-4,2],[-11,-15],[-2,-10],[-15,-4],[-13,6],[-10,-3],[-9,6]],[[55128,45524],[-8,4],[0,5],[-26,8],[-17,16]],[[49436,43065],[-4,0],[-14,16],[-42,1],[-19,12],[-9,12],[-16,2],[-32,-3],[-27,2],[-11,5],[-19,0],[-31,-16],[-14,-4],[-29,4],[-55,0],[-15,-7],[-5,10],[-11,10],[-19,6],[-11,8],[-18,1],[0,4],[-7,2],[-19,-3],[4,-22],[-50,-49],[-4,-18],[-25,-8],[-46,18],[-10,0],[0,3],[-91,12],[-29,6]],[[48758,43069],[17,19],[-11,36],[13,8],[3,14],[-10,23],[5,8],[4,-5],[21,1],[1,-3],[16,0],[5,4],[-24,8],[-6,26],[-16,23],[-2,11],[10,31],[-20,48]],[[48764,43321],[53,18],[13,-1],[10,-20],[39,-33],[33,-8],[51,4],[13,-6],[11,1],[80,35],[22,5],[32,16]],[[49121,43332],[20,8],[28,-1],[33,-19],[19,-2],[56,18],[43,3],[20,5],[18,10],[-41,27],[-30,11],[37,17],[67,24],[-4,4],[61,17],[30,11],[108,-68],[-66,-64],[77,-49]],[[48873,42419],[17,13],[-6,2],[5,5],[-24,14],[-18,19],[16,6],[-23,3],[-19,7],[-3,5],[-23,-10],[-5,8],[-28,16],[-12,10],[-14,1],[-7,4],[7,3],[-5,2],[-6,-2],[-9,6],[10,2],[-1,5],[-16,-2],[-5,5],[3,4],[-17,-3],[-20,11]],[[48670,42553],[-11,3],[9,9],[-2,5],[-18,1],[-7,4]],[[48867,42663],[12,10],[16,-6],[0,-5],[11,-5],[12,5],[42,5],[0,-57],[62,12],[5,-30],[-13,-29],[10,-5],[23,-1],[18,5],[-16,1],[1,2],[11,2],[-6,7],[-19,6],[12,4],[2,16],[-4,5],[16,12],[15,2],[4,11],[89,18],[20,65],[14,11],[8,14],[4,0]],[[55896,45813],[-11,-4],[2,-9],[-15,2],[-7,-5],[-19,-31],[-29,-17],[-26,2],[-26,-4],[-19,-9],[-101,-10],[-42,-2],[-37,5],[-36,-12],[-12,0],[-7,5],[-13,21],[7,10],[-1,8],[-22,16],[6,9],[5,-1],[4,2],[-5,3],[3,5],[10,2],[-14,23],[-3,19],[4,17],[-4,13],[4,6],[-5,15],[-5,4],[-27,7],[-9,10],[-6,1],[-9,-3],[-5,-13],[-16,-14],[-18,-4],[-21,3],[-21,10],[-12,43],[-9,6],[-11,1],[-18,-7],[-5,-25],[-42,-42],[-4,-14],[6,-17],[44,-26],[1,-8],[-5,-7],[-16,-6],[-25,3],[-21,13],[-12,11],[-16,4],[-54,-17],[-32,-3]],[[55050,45817],[1,4],[-9,9],[-16,1],[-15,13],[13,1],[18,8],[17,15],[-25,10],[28,20],[0,4],[-22,8],[6,4],[-2,2],[-7,-3],[-29,10],[-5,-9],[-22,8],[-18,-7],[-44,30],[-4,-2],[-22,19],[-14,-11]],[[54818,46117],[-2,17],[24,2],[2,6],[-28,-1],[-12,64],[74,-1],[44,6],[24,17],[40,8],[24,13],[17,3],[14,36],[38,23],[16,4],[-32,62],[-20,5],[-3,6],[3,5],[-40,14],[-8,9],[-19,10],[-5,7],[-17,0],[-20,18],[-6,11],[-16,1],[-16,9],[-11,-5],[-4,10],[-14,1],[-19,9],[9,-1],[16,5],[-4,5],[29,5],[14,-7],[18,7],[6,-5],[27,5],[10,7],[-3,6],[7,-1],[5,5],[8,-1],[3,10],[-46,5],[-8,7],[4,16],[41,26],[37,-1],[33,5],[21,25],[28,17],[-1,5],[14,-2],[62,11],[45,16],[47,4],[21,8],[24,21],[11,5],[-4,4],[-18,1],[-10,13],[0,10],[20,32],[29,33],[23,15],[7,11],[18,9],[20,1],[11,-3],[8,-7],[1,-10],[7,-1],[9,13],[26,22],[8,2],[28,-3],[15,2],[24,-6],[9,2],[18,25],[42,18],[39,7],[34,2],[11,5],[21,-5],[42,9],[25,0],[3,7],[-8,14],[11,9],[18,-5],[1,-19],[25,-2],[35,29],[6,1],[18,-5],[12,1],[7,6],[-2,16],[7,6],[38,2],[20,7],[30,-5],[10,3],[19,21],[12,3],[13,1],[15,8],[13,23],[47,11],[22,21],[25,-1],[3,17],[52,16],[26,-4],[21,5],[-2,5],[-21,7],[-4,13],[-11,12],[10,15],[-1,8],[12,13],[5,30],[-4,5],[4,4],[18,3],[-12,10],[7,10],[38,15],[25,21],[-9,5],[-14,0],[1,10],[9,6],[-7,2],[-14,-1],[-16,14],[-1,6],[12,17],[-11,9],[7,15],[-21,20],[-2,6],[34,3],[5,12],[14,5],[38,-6],[16,3],[9,-5],[11,0],[10,-12],[1,-5],[19,-14],[53,-15],[-2,-5],[26,-11],[19,-27],[32,-29],[-5,-9],[12,-7],[20,-6],[17,1],[9,3],[44,-4],[17,-11],[27,-10],[3,-5],[13,0],[7,5],[14,-1],[19,-6],[10,2],[6,-2],[18,7],[18,-6],[-7,-6]],[[48644,42737],[10,14],[-5,26],[9,16],[19,7],[6,8],[-10,26],[-5,5],[-8,62],[-6,9],[15,33],[-3,25],[-8,11],[6,7],[15,1],[3,10],[13,0],[7,3],[4,13],[11,6],[9,27],[19,17],[13,6]],[[48670,42553],[-46,-20],[31,-11],[13,-9],[34,-67]],[[48351,42377],[16,6],[15,21],[42,30],[13,17],[27,67],[-2,18],[8,4],[34,62],[3,14],[-6,7],[3,11],[6,0],[-7,-6],[1,-6],[11,-8],[7,4],[-5,-6],[19,-7],[26,10],[-4,4],[7,2],[1,6],[-32,7],[46,-6]],[[54114,42152],[-78,-2],[-82,-16],[-14,1],[-28,-3],[-36,-12],[-26,-5],[-21,0],[-37,4],[-24,-38],[0,-7],[-14,-1],[-33,9],[-60,3],[-77,-19],[-33,-1],[-27,-8],[-53,-41],[-25,6],[-38,-15],[-5,-10],[-33,-34],[-15,-39],[-10,-10],[-28,-16],[-11,1],[-17,7],[-21,-4],[-63,15],[-18,-28],[-42,-40],[30,-46],[-66,-11],[-65,23],[-58,16],[-13,9],[-27,47],[-13,-4],[-45,-7],[-30,-10],[-15,-12],[-4,-14],[-24,-26],[-27,-9],[-9,-14],[-25,-14],[-26,-7],[-31,4],[-6,-2],[-7,-7],[-1,-12],[-16,-2],[-16,-15]],[[52651,41736],[-75,4],[-16,12],[-23,11],[-15,21],[-36,28],[-38,4],[-6,-3],[-41,7],[-34,20]],[[53421,43178],[11,3],[17,-5],[36,-3],[10,-4],[7,-9],[7,-1],[71,28],[22,4],[23,1],[27,-15],[9,0],[27,11],[0,3],[34,-1],[5,5],[12,-10],[6,-1],[62,9],[22,-1],[21,-12],[12,-2],[11,3],[7,-6],[9,-17],[-8,-15],[13,-9],[26,-31],[9,-6],[-3,-9],[8,-2],[16,2],[88,-1],[47,-22],[60,-7],[6,-5],[3,-15],[16,-14],[15,-4],[-17,-8],[1,-4],[-12,-10],[-57,-34],[-14,-4],[-21,-1],[-45,-17],[-13,-2],[-50,-38],[-57,-13],[65,-47],[32,-11],[29,-1],[42,14],[12,-9],[-22,-33],[-34,-25],[-24,-12],[-21,-3],[75,-19],[41,-30],[-35,-24],[19,-50],[-12,-15],[29,-35],[-81,-63],[17,-19],[-15,-38],[1,-18],[-10,-22],[10,-11],[52,-9],[7,-7],[24,-9],[8,-8],[0,-14],[-12,-23],[8,-10],[-2,-9],[7,-9],[-17,-32],[10,-9],[10,-36],[17,-11],[15,0],[2,-13],[-10,-14],[-11,-42],[-12,-11]],[[53701,46610],[-5,13],[5,1]],[[53701,46624],[-2,-1],[2,-13]],[[54247,46134],[-9,9],[-3,14],[-27,24],[-8,19],[5,-1],[-29,20],[-47,9],[-22,1],[-64,-8],[-39,-9],[-18,-2],[-98,-3],[-18,1],[0,3],[-39,13],[9,1],[-16,3],[-12,4],[2,5],[-14,10],[-18,28],[-11,7],[-14,7],[0,6],[-22,1],[7,-2],[14,1],[1,-7],[15,-7],[-5,-1],[15,-7],[6,-15],[21,-21],[-8,-1],[-37,9],[-5,8],[-11,4],[-1,4],[8,4],[-4,5],[-11,2],[-11,-5],[3,0],[6,4],[11,-1],[4,-4],[-8,-7],[4,-5],[9,-3],[-3,-3],[-73,-8],[9,6],[-15,-5],[-33,-4],[-11,5],[-7,11],[-3,1],[8,-12],[11,-7],[-16,-6],[-20,-3],[-9,4],[-4,7],[-8,2],[-2,-2],[7,-3],[5,-8],[-2,-2],[-42,0],[-23,-8],[-10,-2],[-18,4],[-17,8],[-10,7],[-3,8],[9,1],[14,9],[13,3],[7,-3],[4,1],[11,7],[-8,-1],[-2,-5],[-10,2],[-20,-4],[-8,-7],[-15,0],[-24,-3],[-7,-8],[11,8],[20,1],[5,-12],[-9,-8],[11,6],[14,-10],[3,0],[11,-6],[1,2],[26,-6],[24,1],[11,-5],[1,-6],[-15,-7],[-43,-20],[-21,-1],[15,-2],[-10,-6],[-35,-8],[-10,2],[-15,10],[-19,-1],[-17,-3],[7,0],[12,2],[7,-1],[-22,-5],[-9,5],[5,-19],[-31,0],[-7,7],[7,4],[-4,3],[-13,2],[10,4],[-13,2],[2,-6],[13,-2],[4,-3],[-7,-4],[5,-7],[-9,0],[0,4],[-23,9],[-11,16],[10,-16],[22,-11],[-8,-1],[-17,4],[-3,-2],[10,-2],[-12,-3],[-23,18],[-1,-2],[10,-7],[7,-5],[-2,-11],[-31,-21],[-33,7],[0,15],[-3,-16],[24,-11],[-13,-10],[-7,0],[5,-3],[-2,-3],[-23,-6],[-21,-1],[11,-2],[-10,-2],[-37,2],[-44,12],[-23,21],[-39,52],[-8,22],[41,-1],[30,-16],[37,-13],[-37,16],[-25,16],[-15,3],[48,11],[26,13],[-12,-1],[-20,-8],[-53,-3],[-35,32],[-3,14],[72,31],[9,-5],[20,-20],[67,-32],[-8,-9],[7,-5],[13,0],[-6,-6],[9,5],[20,-2],[4,-7],[7,6],[24,1],[11,3],[27,1],[25,-4],[2,6],[-7,2],[-80,3],[-15,5],[-5,-1],[-12,2],[-1,3],[-14,1],[-28,10],[-37,18],[-8,6],[-7,15],[5,18],[18,10],[37,-17],[27,-20],[20,-9],[26,-18],[1,-12],[4,9],[-37,29],[26,-4],[9,4],[-1,2],[-8,-5],[-27,7],[-6,4],[7,-1],[-6,6],[-18,10],[2,14],[-9,-9],[-11,7],[0,9],[70,4],[23,10],[21,15],[44,22],[20,-6],[19,0],[12,10],[6,10],[25,-1],[12,5],[3,5],[-11,24],[16,-16],[6,0],[-15,18],[-3,9],[4,7],[14,10],[87,19],[34,3],[12,4],[11,12],[-10,-4],[18,11],[-16,-7],[-12,-12],[-9,2],[-5,4],[48,57],[26,18],[31,14],[11,2],[38,-4],[35,0],[27,-4],[17,-7],[10,-19],[-6,-23],[-10,1],[9,-7],[-24,-2],[23,1],[22,-22],[-16,0],[23,-2],[29,-8],[2,-6],[-11,-22],[3,-17],[21,-13],[28,-7],[9,-1],[9,4],[29,4],[119,28],[108,29],[-7,4],[-175,-42],[-77,-11],[-7,-3],[-35,2],[-12,11],[22,26],[21,-3],[-20,5],[1,15],[-15,17],[-17,8],[-23,4],[-6,5],[3,35],[-16,15],[-2,6],[-9,8],[-21,8],[-33,4],[-3,-3],[-14,2],[-19,18],[-4,26],[41,11],[-10,-2]],[[53733,46633],[24,6],[-7,12],[32,22],[50,13],[1,5],[-17,5],[-6,10],[-4,37],[17,12],[-2,9],[4,6],[-3,3],[-9,-1],[-12,-8],[-12,-2],[-11,8],[3,16],[14,0],[5,12],[19,-1],[3,18],[9,7],[11,0],[11,7],[-6,5],[12,13],[12,-1],[7,4],[0,4],[-13,3],[1,13],[-17,8],[8,7],[18,1],[-5,7],[-8,-3],[-2,3],[11,13],[9,2],[13,-7],[11,-1],[22,9],[1,10],[39,5],[1,8],[-17,6],[2,8],[-7,4],[1,8],[-18,8],[-1,6],[18,9],[6,18],[16,11],[18,1],[19,8],[4,13],[-16,2],[-34,12],[-9,9],[-2,8],[-14,-3],[-4,-5],[-7,-1],[-9,4],[-9,10],[-14,8],[-19,-2],[-2,3],[17,21],[-4,5],[-11,5],[-17,-2],[-17,1],[-2,9],[7,11],[-3,4],[-34,0],[-20,10],[-16,3],[-10,-11],[-16,-3],[0,21],[21,16],[-1,10],[4,4],[28,2],[42,17],[4,7],[39,-5],[48,2],[63,-1],[62,-3],[202,-23],[267,-20],[74,-1],[58,-7],[19,38],[11,10],[46,8],[25,0],[40,24],[46,10],[17,-1],[9,4],[0,4],[-10,6],[-37,14],[-17,18],[4,27],[6,9],[15,9],[13,7],[40,11],[20,1],[23,-7],[30,-1],[50,16],[47,28],[6,9],[-7,17],[22,8],[25,0],[18,-16],[42,4],[20,-4],[41,-2],[28,9],[41,65],[-10,12],[4,13],[24,4],[7,-2],[3,-8],[36,-4],[11,1],[10,7],[0,5],[-18,5],[-5,6],[30,13],[7,20],[-5,3],[-29,2],[-6,5],[2,7],[21,5],[49,-6],[21,4],[7,12],[16,9],[30,25],[-15,15],[11,9],[1,18],[8,13],[31,7],[37,-3],[16,11],[34,4]],[[55615,47686],[61,1],[19,23],[20,5],[28,-1],[6,4],[-1,5],[-14,7],[-3,10],[26,22],[25,12],[20,-11],[8,2],[3,5],[-4,7],[-37,24],[9,13],[9,1],[46,-11],[27,1],[49,31],[8,19],[-27,15],[-29,23],[-5,12],[6,6],[50,28],[13,10],[4,9],[21,-3],[38,4],[12,-9],[11,4],[11,0],[21,-8],[2,-6],[6,-1],[31,8],[21,-1],[29,5],[23,12],[20,-4],[28,4],[19,7],[15,0],[6,6],[19,-4],[1,12],[8,5],[48,1],[7,7],[-1,8],[22,21],[67,21],[3,5],[-5,3],[3,3],[48,6],[5,6],[9,3],[21,0],[-3,6],[9,9],[41,7],[10,6],[0,7],[29,1],[31,8],[-1,7],[18,2],[8,-3],[9,3],[-3,5],[20,0],[1,8],[23,0],[6,4],[4,14],[13,-4],[8,12],[22,3],[-7,7],[16,5],[21,1],[5,6],[7,0],[6,3],[-3,4],[4,3],[6,0],[-1,9],[10,2],[2,8],[12,5],[31,10],[44,3],[21,7],[16,2],[11,8],[50,11],[8,4],[19,-3],[30,4],[9,-2],[7,3],[13,-1],[9,6],[12,2],[7,13],[17,7],[3,9],[9,5],[-2,9],[21,18],[1,9],[10,4],[2,9],[10,5],[15,15],[4,11],[32,24],[2,6]],[[58258,47601],[6,4],[0,9],[-7,11],[-20,10],[0,3],[-14,-2],[-6,2],[0,4],[-10,0],[-7,4],[-11,-3],[-16,5],[-3,9],[-11,-1],[12,9],[-8,1],[3,7],[-14,6],[5,6],[-3,7],[8,9],[-10,7],[8,18],[-13,12],[-46,14],[-8,14],[1,16],[-6,7],[-6,26],[7,11],[19,7],[-37,1],[-33,14],[-39,1],[-5,4],[-47,7],[-54,15],[-29,-2],[-13,-13],[-67,2],[-30,17],[-92,13],[-17,0],[-14,12],[-66,30],[-14,4],[-28,55],[5,8],[-6,12],[-16,18],[-10,6],[-36,4],[-21,-1],[-26,29],[-12,3],[-7,9],[-16,33],[-23,0],[-4,10],[16,12],[0,5],[-69,75],[3,8],[29,12],[3,7],[22,15],[-4,4],[12,12],[21,6],[-3,20],[-27,17],[-119,102]],[[49427,44066],[-16,4],[-6,-6],[-5,1],[-3,-3],[-15,1],[-16,-31],[-6,-1],[-6,3],[-5,-4],[-6,0]],[[49343,44030],[15,42],[6,58],[19,-4],[-1,-9],[5,-2],[20,-1],[7,4],[-4,-13],[4,-3],[5,2],[2,12],[18,-8],[4,-9],[-6,-11],[-17,-3],[-7,-7],[2,-6],[12,-6]],[[49746,44058],[-33,4],[-6,-9],[-23,0],[0,-4],[-27,0],[0,-3],[-13,-6],[-5,2],[-15,-4],[3,-2],[-8,-5],[11,-4],[-7,-3],[-32,17],[11,7],[12,-3],[0,4],[-31,13],[-12,10],[-11,3],[-24,-10],[-35,6],[-28,-9],[9,15]],[[49482,44077],[19,4],[15,8],[-25,-10],[-13,-1]],[[49478,44078],[-13,1]],[[49465,44079],[-11,2],[-7,-4]],[[49447,44077],[-3,-1]],[[49444,44076],[-5,-3],[5,-5],[-2,-4],[-17,5],[-8,8],[10,6],[2,-2],[7,2],[6,7],[2,21],[-12,9],[1,6],[-22,0],[33,2],[24,23],[3,10],[24,31],[17,12],[35,21],[50,17],[16,9],[43,16],[69,34],[60,19],[43,21],[46,32],[44,37],[59,35]],[[49444,44076],[0,0]],[[49838,43721],[-29,16],[-7,7],[3,5],[-86,24],[-26,-6],[-15,21],[-21,5],[15,8],[-10,19],[-104,-5],[-114,-54],[-44,12],[-12,-1],[-26,-13],[-44,-8],[-16,-6],[-34,6],[-9,-1],[-23,17],[-45,12],[-59,27]],[[49132,43806],[36,16],[34,21],[68,63],[34,58],[13,15],[8,32],[18,19]],[[49427,44066],[15,-4],[8,4],[-3,7],[5,4],[9,2],[12,-2],[9,0]],[[49465,44079],[0,0]],[[51572,39335],[3,6]],[[51575,39341],[25,-2],[-28,-4]],[[51847,39599],[5,0]],[[51852,39599],[4,-2],[4,-5],[-9,-11],[-19,1],[6,15],[9,2]],[[51836,39599],[-5,0]],[[51836,39599],[0,0]],[[51823,39599],[6,0]],[[51829,39599],[4,-2],[-13,-13],[-6,-1],[-3,7],[12,7],[0,2]],[[51816,39599],[2,0]],[[51818,39599],[3,0]],[[51821,39599],[-1,-3],[-7,-2],[-4,-5],[4,-7],[5,-2],[-15,2],[0,9],[-5,2],[1,6]],[[51799,39599],[17,0]],[[51589,39369],[27,53],[-16,26],[-28,17],[6,7],[-2,19],[-41,-3],[-104,12],[2,14],[32,16],[27,8],[14,21],[24,18],[12,23],[19,10],[14,15],[32,15],[38,-19],[87,-21],[65,-1]],[[51797,39599],[-1,-6],[5,-3],[-4,-7],[6,-2],[3,-5],[3,3],[11,-1],[3,-9],[-10,-3],[-15,0],[-8,-4],[-3,-8],[-11,-2],[-13,1],[-16,-2],[0,-2],[12,3],[23,-1],[7,-5],[2,-6],[-10,-8],[-11,4],[10,-6],[16,9],[-3,-5],[3,-5],[-9,2],[29,-12],[1,3],[-17,7],[-1,13],[-5,1],[-6,9],[13,7],[-3,-7],[6,8],[-12,-4],[2,5],[47,8],[9,-2],[4,-14],[-3,-1],[-5,12],[2,-12],[13,-2],[1,-10],[-7,-12],[2,-16],[4,-3],[40,-8],[22,-19],[28,-19],[8,-10],[-12,1],[-45,-21],[-2,-17],[-7,-10],[-21,-19],[-23,-11],[-34,-28],[-20,10],[-61,-20],[-27,-3],[-33,1],[-45,10],[-23,10],[-17,13]],[[51821,39599],[0,0]],[[52156,39747],[6,-7],[-6,-1],[3,-9],[-15,9],[12,-12],[2,-6],[-4,-7],[-9,10],[2,1],[-5,6],[2,-7],[-6,7],[2,4],[-6,9]],[[52134,39744],[9,-1],[13,4]],[[52173,39753],[-5,-6],[-6,3]],[[52162,39750],[11,3]],[[50068,40874],[6,-11],[-21,7],[-6,13],[21,-9]],[[50328,40893],[-6,-1],[-2,6],[8,-5]],[[50031,40941],[21,-9],[-17,5],[-4,4]],[[52651,41736],[9,-26],[-3,-7],[2,-25],[11,-7],[20,1],[12,3],[7,-3],[5,-36],[19,-9],[0,-3],[-15,-7],[6,-17],[14,-7],[2,-33],[-24,-8],[32,-33],[28,-5],[174,-71],[70,-3],[45,54],[34,-35],[50,-12],[3,-3],[-1,-8],[8,-5],[1,-21],[-13,-4],[0,-12],[-7,-9],[9,-5]],[[53149,41380],[-9,-3],[-16,2],[-38,-7],[-9,1],[0,-4],[-10,-4],[-44,-10],[-5,-4],[-18,-4],[-6,2],[-15,-8],[-38,-9],[-33,0],[-7,-4],[-11,-1],[-5,-4],[-9,1],[-17,-6],[-15,0],[-9,-4],[-16,2],[-30,-7],[-34,3],[-29,-3],[-12,-5],[-6,-10],[-31,-21],[-8,-14],[-13,-3],[-24,-11],[-16,-4],[-5,-21],[-7,-1],[-1,7],[-6,-22],[3,-10],[8,-7],[-16,-16],[2,-14],[5,0],[0,-13],[-7,-5],[-33,-10],[-16,-13],[-16,-2],[-14,-8],[23,-24],[-9,-2],[-5,-15],[-4,-45],[-10,-11],[-28,-13],[-20,-16],[-4,-11],[-16,-14],[-1,-10],[6,-5],[-3,-12],[-8,-10],[-18,-7],[-16,-32],[-26,-33],[13,-9],[0,-8],[-53,-1],[-31,-12],[-36,0],[-18,-12],[-10,-16],[-20,-14],[-2,-16],[-35,-16],[-25,2],[10,-16],[-1,-8],[-18,-8],[-5,-9],[2,-7],[17,-4],[-4,-10],[9,-9],[-8,-11],[-9,-1],[-11,-10],[-29,-11],[-11,-7],[-53,-6],[-1,-8],[-9,-5],[-23,-20],[-27,-13],[-15,-15],[-38,-18],[0,-2],[12,-5],[3,-14],[18,-21],[-10,-15],[24,-11],[16,7],[17,-3],[25,-16],[-2,-32],[-5,-5],[-16,-3],[-5,-5],[15,-31],[-7,-14],[3,-10],[-17,-14],[-8,-19],[-15,-16],[0,-16],[-12,-23],[9,-10],[-8,-20],[16,-10],[11,-16],[2,-19],[17,-21],[47,-18],[4,-7],[-2,-19],[2,-4]],[[52067,40136],[0,-6],[10,-8],[23,-9],[-13,-19],[-4,-27]],[[52083,40067],[-6,-4],[-4,-12]],[[52073,40051],[-2,-4],[-2,-13],[10,-24],[-2,18],[18,-6],[-6,-11],[-27,-18]],[[52062,39993],[-11,-3],[-4,-6]],[[52047,39984],[-7,-7],[2,-5],[-26,-3],[30,2],[-7,-4],[4,-12]],[[52043,39955],[1,-3]],[[52044,39952],[8,-11],[13,-9],[13,-4],[21,-6],[18,-9],[2,-8],[-4,-11],[-4,-5],[-15,-7],[-8,-1],[-3,3],[-14,-8],[-30,10],[-9,-1],[-2,-4],[9,-9],[-19,-6],[-8,5],[-8,3],[-2,-6],[-7,-8],[-28,-5],[-1,-1],[30,5],[6,5],[1,8],[10,-2],[3,-5],[5,-1],[17,5],[2,8],[-6,7],[7,0],[13,-5],[24,-9],[-3,-3],[6,-13],[0,16],[9,-10],[4,-15],[1,-22],[4,3],[0,19],[16,-23]],[[52115,39822],[-1,-1]],[[52114,39821],[-29,-32],[24,21]],[[52109,39810],[-16,-37],[2,-3]],[[52095,39770],[1,-2]],[[52096,39768],[2,-2]],[[52098,39766],[0,-1]],[[52098,39765],[7,-10],[12,-6]],[[52117,39749],[-10,-1],[5,-1],[-8,-12],[9,9],[0,3],[6,1]],[[52119,39748],[6,-3]],[[52125,39745],[4,0]],[[52129,39745],[2,-1]],[[52131,39744],[7,-10],[-12,0],[-14,-10],[14,9],[9,2],[4,-8],[-12,-7],[13,6],[3,-4],[-15,-5],[17,4],[3,-9],[-20,-19],[-10,3],[4,4],[-4,14],[-1,-7],[4,-6],[-7,-2],[-7,1],[4,5],[-8,-3],[2,-2],[-13,2],[3,15],[-5,1],[17,6],[-17,-4],[1,11],[-20,13],[17,-14],[1,-5],[-3,-3],[4,-11],[-3,-4],[-3,11],[-6,-2],[-10,10],[9,-10],[6,-1],[-8,-8],[-9,3],[-2,11],[-1,-11],[-16,0],[30,-4],[3,3],[3,-4],[-4,-5],[-19,0],[-7,-2],[-7,-7],[-11,3],[-6,4],[-4,16],[6,6],[9,-1],[2,9],[-13,8],[2,7],[-8,5],[9,11],[10,3],[-2,2],[-14,1],[6,2],[-3,4],[15,-3],[-2,5],[-3,-2],[-12,1],[4,-5],[-7,-2],[4,-4],[12,2],[-11,-5],[-8,-10],[8,-6],[-4,-6],[12,-6],[-11,1],[12,-3],[-18,-14],[-16,6],[-14,-3],[2,9],[-8,4],[-16,-5],[7,10],[-12,-5],[-5,3],[9,-9],[20,3],[-12,-13],[3,-4],[-17,1],[6,7],[-24,6],[21,-7],[-5,-6],[21,-3],[2,11],[7,-4],[24,-1],[-1,-4],[-14,-3],[13,2],[7,-9],[-18,-7],[19,5],[14,-9],[-24,-5],[1,-1],[25,6],[11,-3],[11,0],[21,-2],[6,-4],[8,-6],[-15,-2],[-7,6],[-10,-1],[-6,4],[-13,-2],[-13,0],[-8,-3],[16,3],[5,-1],[14,3],[0,-4],[11,-2],[7,0],[2,-4],[-11,-4],[-21,-1],[-24,2],[24,-3],[21,1],[7,3],[10,0],[7,-3],[-7,-4],[-6,0],[-8,-4],[-14,-1],[-3,-2],[21,3],[5,3],[1,-5],[-11,-1],[-5,-5],[-15,3],[3,-4],[12,0],[-5,-5],[5,-7],[-18,-6],[-2,-4],[-9,6],[2,10],[-4,-9],[-6,1],[-13,8],[11,-8],[17,-8],[-8,-3],[-16,6],[-2,8],[-1,-6],[-4,6],[1,-9],[-7,8],[10,-15],[-5,0],[-9,-6],[-7,0],[4,11],[-6,-10],[-9,-4],[-7,7],[-1,8],[-2,3],[19,2],[-20,-1],[15,4],[-17,-3],[-11,0],[5,6],[-9,-3],[2,-5],[10,-4],[5,-5],[-12,3],[-7,9],[3,5],[19,14],[12,-1],[1,4],[14,9],[-13,-6],[-6,-7],[1,8],[-7,8],[1,2],[18,4],[-4,6],[-7,2],[-9,-3],[-8,6],[9,2],[5,6],[-5,2],[-16,0],[-8,8],[-16,10],[3,-5],[11,-5],[9,-12],[-5,-2],[-9,4],[-8,-2],[-9,7],[10,8],[-5,3],[-12,1],[15,-4],[-10,-8],[11,-7],[9,2],[9,-5],[5,3],[-1,4],[19,-1],[1,-3],[-5,-3],[-8,0],[-2,-3],[9,-7],[16,-2],[-23,-6],[-21,11],[21,-12],[-2,-6],[-15,3],[6,6],[-10,-6],[18,-4],[5,3],[7,-2],[-1,-4],[-10,-5],[-7,-6],[-10,6],[9,-8],[-13,-3],[-15,8],[13,-10],[-8,-11],[-8,5],[6,-6],[8,2],[1,-3],[-11,0],[-4,4],[-1,-4],[15,-1],[6,-4],[-14,-6],[9,6],[-11,3],[7,-4],[-18,6],[15,-8],[-8,-5],[-10,4],[-10,-1],[-3,1],[3,8],[10,2],[-11,12],[12,3],[2,10],[7,-1],[11,6],[-3,5],[-4,-6],[2,9],[-6,-14],[-6,2],[-12,-1],[-5,6],[7,7],[12,0],[-1,3],[-15,4],[-2,0],[16,-5],[-11,0],[-8,-8],[-13,1],[4,7],[-18,2],[-7,13],[5,-13],[19,-2],[-5,-7],[14,-3],[13,-12],[-11,-1],[-9,-5],[-6,16],[-1,-2],[-12,-3],[-2,7],[-2,-5],[6,-3],[8,3],[5,-6],[2,-6],[-4,-3],[-9,4],[-3,6],[-21,-5],[9,0],[6,4],[7,-7],[9,-2],[10,-5],[-16,-12],[9,-17],[-10,4],[-11,7],[6,0],[5,8],[-7,-6],[-1,5],[-15,-13],[0,-11]],[[51847,39599],[1,3],[-12,7],[10,3],[6,7],[-7,3],[-9,-7],[-14,2],[4,5],[-1,6],[8,-3],[7,0],[2,4],[9,-1],[-4,6],[-9,-3],[-9,5],[7,4],[1,4],[10,7],[-6,-2],[-7,-7],[-2,18],[1,-18],[2,-2],[-7,-4],[10,-6],[7,3],[5,-4],[-8,1],[-4,-5],[-12,4],[-4,-1],[2,-5],[-5,-5],[12,-5],[1,-4],[11,-8],[-7,-2]],[[51831,39599],[-4,7],[-2,-4],[4,-3]],[[51823,39599],[-5,8],[-2,-8]],[[51799,39599],[11,29],[-13,-29]],[[51589,39369],[-27,24],[-12,6],[-40,-8],[-14,5],[2,17],[-8,-16],[15,-12],[-19,-18],[-92,-33],[96,23],[-27,-20],[41,5],[-38,-18],[75,20],[34,-3]],[[51572,39335],[-88,-12],[-8,-8],[-111,-2],[-101,9],[-41,0],[-40,8],[-40,18],[-66,54],[-193,193],[-132,119],[-138,114],[-70,45],[-25,23],[-34,14],[-14,9],[-92,91],[-10,32],[-40,32],[-19,23],[-26,20],[-34,34],[-32,37],[5,1],[-10,8],[1,8],[10,8],[-1,10],[-21,32],[-5,24],[17,18],[23,4],[10,7],[15,40],[1,34],[-3,36],[-14,45],[-71,132],[-1,36],[13,35],[5,24],[17,18],[68,39],[19,40],[12,5],[11,0],[8,-5],[2,-8],[-19,-33],[10,-25],[-5,-15],[-16,-16],[1,-9],[7,-5],[14,-3],[9,-6],[56,-12],[27,-1],[-2,-5],[-7,-2],[4,-3],[-3,-8],[-7,-3],[8,-5],[-6,6],[6,2],[6,10],[11,1],[4,-8],[3,1],[-4,7],[15,9],[-24,-8],[6,7],[11,6],[55,35],[4,-9],[-7,-7],[6,-3],[-10,-1],[0,-5],[8,3],[-10,-1],[2,3],[11,0],[-6,4],[10,5],[-3,10],[37,13],[11,15],[1,15],[14,-4],[-1,5],[13,2],[-3,5],[-5,-3],[4,-2],[-11,-2],[2,-4],[-8,1],[-10,13],[29,22],[6,16],[24,11],[12,-2],[26,-12],[15,0],[10,3],[4,5],[7,28],[-5,19],[12,1],[4,-16],[9,-5],[11,0],[11,4],[13,13],[10,4],[-11,13],[17,3],[33,0],[18,4],[1,7],[-18,1],[0,3],[36,9],[33,16],[-1,3],[-8,5],[-6,6],[22,-3],[4,1],[-4,9],[5,5],[-2,7],[8,3],[-6,1],[-3,-3],[1,-8],[-5,-5],[2,-8],[-19,3],[-4,-4],[13,-9],[0,-4],[-30,-14],[-37,-9],[0,-6],[18,0],[-2,-5],[-16,-4],[-35,0],[-14,-2],[-5,-5],[12,-8],[-9,-4],[-13,-13],[-10,-4],[-7,0],[-8,5],[-3,15],[-7,3],[-9,-1],[-6,-6],[-1,-28],[-4,-21],[-15,-2],[-17,11],[-21,4],[-16,-2],[-18,-7],[-16,-24],[-36,-28],[-1,-19],[-4,-6],[-20,-5],[-26,-3],[-19,-6],[3,3],[-16,-3],[-22,-7],[0,10],[-4,-5],[-6,0],[-6,-2],[12,0],[3,-3],[-35,-3],[-4,-12],[-4,10],[-1,-6],[-15,16],[-5,11],[12,11],[-1,7],[5,3],[-5,8],[7,36],[-14,24],[-27,15],[-21,2],[-3,9],[11,27],[-5,4],[9,-1],[4,2],[2,16],[19,13],[36,5],[8,7],[5,-2],[-5,10],[8,8],[7,-2],[-6,4],[12,2],[6,4],[-6,7],[13,-3],[-3,14],[2,-13],[-14,4],[0,-4],[-17,-8],[-3,-7],[-9,-13],[-24,4],[-10,-4],[-4,2],[10,2],[-20,4],[2,-4],[-11,0],[2,4],[-9,1],[-1,-4],[3,-14],[-12,10],[1,4],[-6,-2],[-4,5],[5,2],[-1,4],[-6,-4],[-8,1],[-3,8],[-4,-5],[-14,1],[14,-3],[3,-9],[9,0],[-1,-8],[5,2],[22,-12],[-21,3],[-6,-12],[16,-15],[-8,3],[-21,-11],[-11,3],[-9,8],[-10,6],[-22,6],[-22,2],[-40,-7],[-16,-26],[-14,-3],[-10,3],[4,3],[-11,5],[7,-5],[-5,-2],[-12,4],[-23,15],[-7,11],[-20,10],[2,11],[22,14],[-5,-1],[-7,17],[11,0],[-14,2],[-11,8],[-2,0],[-15,6],[-25,25],[20,24],[10,4],[23,0],[8,13],[9,-2],[10,-9],[20,2],[-5,8],[-16,2],[19,5],[2,11],[13,9],[-13,-8],[-4,-11],[-20,-4],[2,-5],[15,0],[4,-6],[-17,-2],[-10,10],[-9,2],[-14,-14],[-20,1],[-23,-13],[-9,2],[8,-4],[-12,-20],[11,-18],[27,-26],[-17,-7],[-8,-17],[12,-5],[1,-17],[13,-12],[37,-16],[24,-14],[43,-6],[40,-4],[14,3],[21,2],[31,-6],[-28,-1],[7,-7],[20,-11],[8,-12],[-13,-13],[-68,-32],[-40,-24],[-21,0],[-15,9],[-16,6],[-23,17],[-49,40],[-179,131],[-104,96],[-15,3],[8,16],[-2,17],[-13,31]],[[54509,45587],[63,64],[51,30]],[[48973,43386],[30,-12],[8,-1],[10,7],[25,-12],[11,5],[27,-13],[11,17],[-6,2],[16,3],[6,-5],[5,5],[14,-4],[21,-13],[4,-7],[-26,7],[-25,-23],[17,-10]],[[48764,43321],[-16,21],[5,1],[-1,5],[-23,35],[9,37]],[[48738,43420],[74,1],[8,-8],[51,-10],[3,-3],[39,-11],[-21,-22],[18,-5],[2,3],[5,-3],[27,22],[23,4],[6,-2]],[[48973,43386],[19,14],[6,18],[23,7],[4,-6],[19,7],[-1,6],[-6,3],[-15,1],[2,5],[-6,1],[5,9],[-21,3],[12,15],[4,-1],[0,5],[15,16]],[[49033,43489],[12,-3],[28,3],[20,5],[22,13],[11,3],[47,-5],[10,-3],[13,-7],[13,5],[39,22],[51,21],[4,8],[-7,13],[2,4],[12,10],[8,12],[26,14],[15,-2],[28,-23],[40,-20],[21,-1],[25,8],[21,2],[29,-3],[13,6],[1,7],[-63,1],[-5,10],[12,10],[54,21],[24,23],[10,3],[14,0],[53,-20],[8,-11],[0,-20],[8,-6],[11,0],[21,9],[14,2],[64,-14],[17,1]],[[49028,43492],[5,-3]],[[48738,43420],[-12,67],[-28,48],[9,0],[56,-27],[44,-1],[13,-3],[-10,-5],[-1,-5],[18,1],[0,4],[8,-9],[25,-6],[36,-3],[10,2],[-34,7],[-26,0],[-10,9],[14,-5],[29,1],[15,4],[17,10],[32,8],[56,-11],[25,-14],[4,0]],[[49028,43492],[-15,13],[-51,15],[-25,3],[-18,-2],[-46,-17],[-27,-4],[-45,15],[-1,3],[9,5],[-14,5],[16,24],[16,4],[14,9],[7,17],[11,0],[7,9],[2,25],[-5,8],[5,6],[29,15],[47,31],[30,27],[23,31],[39,25],[52,20],[44,27]],[[51506,45607],[10,-14],[-23,10],[1,6],[-9,4],[-1,7],[22,-13]],[[52435,45874],[9,3]],[[52435,45874],[0,0]],[[52382,45889],[-7,-9]],[[52375,45880],[1,4],[6,5]],[[52392,45896],[-2,0]],[[52392,45896],[0,0]],[[52282,45847],[12,-4],[-6,-21],[17,-35],[-2,-21],[-10,-12],[-82,-45],[-23,-4],[-29,2],[-35,-4],[-30,-8],[-30,-20],[19,-14],[120,-149]],[[52203,45512],[-57,-7],[17,-76],[-40,-16],[-29,-7],[-29,-65],[3,-42]],[[50305,45246],[9,14],[4,14],[10,8],[28,99],[11,13],[4,38],[14,20],[15,6],[16,37],[19,10],[-4,3],[11,-1],[-1,-2],[24,-7],[6,3],[0,4],[-24,6],[-8,-1],[10,7],[30,5],[69,42],[84,77],[-1,4],[13,3],[83,62],[9,5],[75,20],[16,9],[11,1],[17,7],[34,18],[53,18],[37,6],[28,0],[12,-3],[18,-8],[0,-5],[-55,-12],[-9,-6],[-50,-15],[-17,-10],[-15,-1],[-6,-3],[2,-7],[-25,-2],[-11,-3],[-4,-8],[-8,7],[-18,0],[-13,-6],[-5,-5],[4,-6],[-8,1],[-6,-6],[3,-3],[18,-10],[6,3],[4,-2],[-7,-5],[-11,-1],[-4,-11],[4,-5],[7,-3],[-11,8],[4,11],[12,1],[7,4],[-5,3],[-5,-2],[-4,1],[-18,11],[6,6],[9,0],[-5,5],[6,4],[12,6],[10,-3],[1,3],[9,-1],[0,-5],[12,-8],[26,-10],[9,3],[-13,-1],[-10,5],[-14,6],[-3,4],[5,8],[12,3],[22,-1],[4,3],[9,-4],[-11,10],[7,3],[17,-6],[-10,5],[13,4],[8,-9],[-5,-1],[12,-2],[-22,-12],[-6,0],[-8,-4],[14,2],[1,-5],[-8,-7],[4,-5],[15,-5],[12,5],[7,-5],[-10,1],[7,-2],[33,3],[2,-6],[-2,-3],[9,0],[-13,-16],[3,1],[6,-4],[8,0],[11,5],[13,-3],[-6,-4],[-24,-3],[22,2],[10,5],[38,-2],[-2,-4],[6,-1],[-3,5],[69,-4],[-68,5],[-38,2],[-15,3],[-12,-5],[-6,0],[-6,4],[10,14],[-9,11],[-29,-2],[-8,5],[1,2],[-17,-5],[-13,4],[5,6],[5,-1],[-2,13],[26,9],[1,-7],[-15,-5],[8,1],[22,-12],[12,-4],[33,-9],[-35,10],[-1,5],[-3,-3],[-18,9],[7,1],[-13,2],[7,8],[-1,4],[-17,7],[-5,5],[7,8],[16,-2],[15,-9],[8,-13],[11,-8],[-14,16],[36,-20],[13,-4],[-23,11],[22,1],[-22,-1],[-13,6],[-20,15],[-12,8],[0,4],[13,2],[9,-9],[10,-5],[0,3],[-8,2],[-9,9],[11,3],[2,-6],[1,5],[7,3],[6,-1],[10,-13],[2,-6],[-4,-2],[8,0],[3,-6],[4,0],[10,-6],[7,-8],[15,-6],[-18,-6],[11,2],[3,-5],[-3,-4],[3,-5],[-12,-3],[15,2],[-5,4],[4,6],[-3,5],[3,2],[28,-2],[1,-3],[-10,-7],[2,-2],[6,7],[5,-3],[-1,5],[15,-1],[3,-6],[-9,-6],[8,0],[2,5],[-2,5],[12,-2],[-11,5],[-10,1],[0,2],[18,0],[38,-9],[-15,-10],[16,8],[16,1],[-1,-4],[6,6],[44,0],[16,-3],[-10,-6],[16,7],[42,-8],[30,-10],[21,-11],[38,-5],[-3,-7],[6,6],[11,-4],[42,-21],[-14,0],[-5,2],[-2,-3],[-19,-10],[5,-7],[6,-2],[-11,10],[20,9],[1,3],[18,-4],[9,-4],[15,-9],[-13,-14],[-9,9],[-3,0],[-1,-7],[4,7],[8,-14],[8,-6],[0,-3],[21,-14],[20,-9],[-32,18],[4,3],[-9,1],[-1,4],[-10,7],[17,14],[18,-12],[6,-2],[2,-6],[16,-1],[-14,2],[-3,6],[-7,1],[-2,6],[13,-5],[32,-3],[15,-5],[32,-20],[-1,-9],[-7,-15],[-19,-20],[-14,-22],[0,-11],[12,-30],[24,-18],[-28,-28],[-36,-2],[-9,2],[-2,7],[-6,3],[-14,0],[-36,-19],[-8,-6],[13,-20],[35,-10],[29,-1],[7,-6],[10,-1],[15,6],[11,-2],[-3,2],[-12,0],[-13,-5],[-8,1],[-8,7],[-23,-1],[-28,7],[-14,6],[-10,16],[16,12],[34,13],[5,-2],[5,-8],[11,-3],[32,-1],[19,4],[9,11],[26,11],[5,6],[-9,14],[-29,13],[-2,6],[8,3],[-10,-1],[-3,13],[4,10],[15,8],[-9,-2],[28,23],[13,24],[4,26],[6,1],[-8,13],[4,5],[13,-2],[-2,3],[-9,-1],[-4,5],[0,-8],[-5,-1],[-21,14],[1,11],[-5,10],[2,4],[6,1],[-4,2],[-4,-6],[-14,13],[-2,30],[6,-2],[-1,-7],[7,-9],[-3,8],[15,-4],[-17,6],[3,6],[-7,4],[-4,8],[-33,7],[-4,7],[10,16],[27,8],[2,-6],[4,6],[11,-2],[-16,-10],[9,4],[-6,-8],[14,11],[4,-11],[0,12],[7,1],[21,-3],[-10,-6],[20,6],[31,-2],[17,-5],[-11,-11],[-20,8],[9,-5],[-3,-3],[6,-2],[-8,-4],[3,-4],[-6,-7],[8,6],[-4,5],[8,3],[-4,5],[11,-3],[4,0],[8,9],[19,6],[2,-12],[-12,-4],[12,2],[2,13],[8,7],[26,12],[41,12],[-13,-8],[-4,-12],[-11,-10],[-9,-1],[-3,-4],[1,-15],[6,-5],[-5,10],[1,12],[23,2],[-10,2],[13,11],[5,10],[29,4],[8,8],[10,0],[-7,1],[-7,-3],[0,5],[16,7],[8,7],[24,2],[-8,0],[16,35],[19,14],[1,9],[8,-3],[3,-12],[-14,-1],[-4,-10],[11,-4],[-6,-2],[0,-5],[-8,0],[1,-21],[2,10],[-3,10],[8,0],[4,5],[9,-1],[10,4],[-13,-3],[-4,5],[-8,3],[1,6],[17,4],[2,8],[-4,3],[0,8],[-11,3],[-12,-3],[1,-9],[-4,-5],[-7,2],[-19,11],[6,5],[0,6],[12,9],[-12,-1],[2,30],[10,8],[16,6],[32,4],[13,-2],[7,-5],[1,-8],[19,-8],[4,-10],[11,5],[-5,-9],[7,7],[-2,3],[-10,-5],[-2,9],[-17,7],[0,4],[66,-11],[58,1],[34,-31],[43,-14],[17,-4],[7,-11],[6,-6],[21,-2],[35,10],[31,15],[18,-10],[17,2],[38,23]],[[53121,46036],[0,0]],[[53043,45841],[-34,-12],[5,-16],[-59,-12],[-29,3],[-183,-35],[-39,2],[-40,-18],[-45,35],[-33,-14],[-15,-10],[-27,-6],[-9,2],[-7,6],[8,7],[6,18],[7,6],[-4,0],[-8,6],[8,20],[33,57],[31,22],[-65,39],[-59,-21],[20,-9],[-39,-22],[-12,-10]],[[52454,45879],[-5,1],[-17,-6],[-15,2],[-6,18],[-14,6],[1,-2],[-10,-1],[-9,-7],[-6,-8],[-1,-6],[-15,-3],[-7,-6],[-23,12],[-4,0]],[[52323,45879],[-11,0]],[[52312,45879],[-3,-8],[15,-6],[-15,-5],[-30,-3],[-5,-8],[-14,-6],[-20,-17],[-14,1],[-5,2],[-2,8],[-18,2],[-9,-4],[-8,-9],[-40,-11],[-8,-3],[-13,14],[-8,19],[-11,6],[-13,-1],[-20,-4],[-13,7],[1,3],[31,4],[-26,-3],[-16,2],[-34,35],[-11,3],[-33,-2],[-61,2],[-13,7],[-8,11],[-21,1],[-42,-11],[-38,-6],[-33,-13],[-55,-54],[-31,-40],[-16,-5],[-11,0],[-23,7],[-13,8],[-9,1],[-83,28],[-4,3],[-1,5],[-5,-5],[-57,17],[-50,7],[-31,20],[9,5],[-14,-3],[-2,-5],[-14,0],[-59,26],[-5,4],[9,2],[-15,2],[-27,15],[-8,8],[0,9],[-10,16],[12,23],[52,42],[36,7],[21,16],[35,12],[73,74],[60,38],[38,8],[83,-3],[69,8],[0,-12],[4,-10],[-1,-5],[-13,-4],[-12,-13],[-15,-9],[3,-1],[13,10],[11,12],[13,3],[3,-2],[-1,9],[-4,10],[1,13],[81,3],[28,5],[41,0],[60,11],[21,7],[44,22],[9,4],[28,14],[8,0],[6,8],[-9,17],[12,-9],[9,-17],[-8,17],[23,-5],[13,2],[43,2],[46,11],[60,10],[91,-8],[39,-12],[-9,-7],[11,6],[99,-16],[15,-6],[-2,-5],[12,-5],[8,-17],[20,-19],[34,-21],[3,-3],[44,-9],[38,-2],[125,-28],[14,-12],[-7,-14],[11,-17],[12,-9],[24,-3],[-28,5],[-15,21],[11,-10],[29,-12],[57,-10],[7,-7],[1,-3],[14,-10],[27,-7],[51,-4],[97,7],[8,-4],[1,2],[10,0],[42,-8],[-4,-8],[2,-2]],[[52323,45879],[0,0]],[[54406,44665],[-13,-13],[3,-6],[-22,-20],[-2,-14],[-7,-3],[15,-13],[-6,-15],[19,-8],[-15,-11],[-8,3],[-21,-17],[2,-1],[-12,-18],[-15,-9],[-16,-8],[-8,9],[-9,3],[-5,10],[-9,3],[1,-20],[-30,-42],[-23,-5],[-22,-11],[-27,-6],[-27,1],[-43,-16],[-28,-3],[-13,-8],[-20,-5],[3,-9],[-39,-2],[-4,-3],[1,-7],[7,-3],[14,-4],[16,0],[5,-4],[-2,-7],[-10,-9],[1,-11],[-7,-6],[15,-6],[4,-14],[7,-3],[32,-3],[17,-6],[0,-11],[38,-9],[-2,-17],[36,-1],[31,-10],[14,2],[14,-5],[12,1],[11,5],[30,-2],[3,-6],[-4,-11],[33,-5],[6,-6],[-1,-15],[9,-5],[21,-5]],[[54356,44225],[-5,-6],[9,-4],[5,-6],[-1,-18],[20,-5],[1,-10],[28,-13],[-3,-5],[-14,2],[-8,-1],[3,-9],[6,-3],[22,1],[-3,-10],[-10,-8],[-4,-12],[-17,-1],[-2,-10],[-20,2],[-9,-11],[-14,-9],[5,-10],[16,-8],[-13,-20],[7,-13],[-27,-22],[-3,-27],[-16,-19],[9,-9],[-5,-13],[17,-10],[-12,-5],[-2,-3],[-15,2],[-4,-10],[-14,6],[-37,-2],[-36,2],[-123,-15],[-50,0],[-105,7],[-49,26],[-18,4],[-108,16],[-59,-1],[-55,8],[-94,-41],[-51,-8],[-29,5],[-50,-83],[43,-7],[118,-4],[99,-26],[53,-21],[-31,-18],[-17,-21],[-38,-22],[-25,-4],[-15,-9],[-15,-2],[-4,-7],[-15,-11],[-5,-13],[-10,-5],[-1,-5],[-16,-3],[-7,-7],[-16,5],[-7,-1],[-22,-11]],[[52103,44738],[67,23],[14,-9],[22,-3],[30,4],[43,20],[21,5],[-4,14],[7,-1],[-9,15],[51,6],[16,8],[3,-6],[23,-1],[54,8],[15,7],[23,24],[84,31],[10,1],[-2,3],[9,9],[92,34],[11,2],[24,20],[61,21],[28,19],[14,-1],[0,3],[49,-2],[9,6],[8,0],[58,12],[14,12],[36,13],[-10,8],[5,2],[-5,4],[8,10],[3,18],[19,4],[3,2],[-7,6],[4,1],[46,6],[35,0],[39,18],[18,-1],[71,-15],[85,36],[16,19],[-3,16],[17,27],[9,6],[-4,6],[-29,7],[-7,-2],[-21,8],[2,7],[-11,8],[0,7],[-6,9],[-7,-1],[-6,4],[5,5],[-36,12],[-16,0],[-9,-6],[-7,2],[-1,-6],[-23,-5],[-10,-6],[2,-4],[-8,-1],[9,-12],[5,0],[3,-11],[-6,-2],[1,-8],[-5,-8],[-14,-2],[-8,3],[-5,-7],[-6,7],[-11,0],[-7,9],[6,4],[-7,8],[-5,-1],[-10,13],[-19,4],[0,5],[-16,-2],[-4,4],[-35,13],[-11,-1],[-7,3],[1,3],[-12,11],[6,2],[-3,5],[6,6],[-19,14],[0,5],[-13,2],[-14,14],[4,3],[-12,1],[1,6],[-11,2],[-5,11],[-9,1],[-5,-3],[-12,5],[0,10],[-19,5],[1,5],[-9,0],[-6,4],[-16,13],[1,7],[-32,11],[-38,9],[-11,7],[-24,1],[-24,13],[-5,6],[-12,-5],[-14,10],[-18,3],[-35,33],[-13,5],[-23,4],[-19,9],[1,8],[-9,9],[-37,24],[-28,26],[-12,4],[-6,9],[-20,11],[-17,20],[-24,1],[-16,9],[-20,0],[4,-12],[12,-12],[22,-8],[5,-10],[-16,0],[19,-22],[-235,-48]],[[52282,45847],[7,9],[25,2],[13,4],[0,6],[-16,4],[2,5],[11,0],[20,-11],[8,0],[7,6],[16,3],[0,5]],[[52382,45889],[8,7]],[[52392,45896],[18,-2],[1,-16],[4,-3],[17,-2],[3,1]],[[52444,45877],[6,2],[10,-2],[1,-5],[-8,-9],[-11,-3],[-19,8],[-17,-15],[4,-2],[16,-1],[8,-9],[-7,-19],[-16,-22],[2,-5],[9,-2],[6,7],[15,7],[10,-9],[14,-3],[3,-9],[8,-6],[-2,-3],[-10,-1],[-28,4],[-7,-1],[4,-6],[40,-14],[-3,-4],[-16,-2],[4,-13],[9,-8],[-37,-7],[15,-9],[11,-12],[25,5],[17,10],[-5,0],[-14,-10],[-23,-5],[-11,13],[-14,8],[36,6],[1,1],[-13,20],[15,2],[4,5],[-40,15],[-3,5],[31,-4],[14,2],[1,3],[-8,7],[-2,9],[-16,3],[-9,8],[-11,-3],[-7,-4],[-5,-6],[-7,1],[-1,4],[23,35],[0,8],[-8,9],[-21,2],[17,14],[17,-7],[11,2],[11,11],[-1,3],[-8,3]],[[55128,45524],[-6,-1],[-13,7],[-36,-14],[-16,0],[1,-2],[-40,-9],[1,-3],[-14,-3],[-23,0],[4,24],[-45,12],[-39,0],[-17,6],[-13,10],[3,8],[-6,10],[-20,13]],[[56610,45128],[-1,-19],[-14,-20]],[[56595,45089],[-15,6],[-18,2],[-68,-4],[-60,-25],[-55,12],[-40,4],[-92,-17],[-41,-13],[-17,1],[-6,-3],[-115,43],[-33,17],[-29,20],[-40,-23],[-35,25],[-37,-21],[-25,12],[-21,14],[3,5],[-5,20],[5,1],[-37,5],[-7,12],[2,10],[-67,-11],[-101,4],[-6,8],[-19,5],[-25,17],[-20,5],[-9,-10],[-30,-5],[-18,-7],[-14,1],[0,-3],[-8,-3],[-1,-7],[-16,-3],[3,-10],[19,-2],[-14,-21],[2,-9],[-17,-5],[-5,-11],[-13,1],[-6,-3],[-14,-10],[-1,-6],[-35,-12],[-13,-3],[-24,1],[-30,-15],[-21,-3],[-21,3],[-10,8],[-108,-10],[-3,5],[-19,0]],[[60862,44800],[-26,14],[-9,0],[-6,3],[-20,3],[-46,16],[-1,16],[-38,57],[-1,21],[-7,-4],[-5,4],[-10,-4],[-18,-2],[-23,2],[-25,13],[-17,4],[-32,1],[-18,-6],[-19,1],[-28,7],[-1,11],[-30,21],[-9,1],[-30,29],[-40,25],[-95,39],[6,8],[-11,6],[2,8],[-7,11],[-5,4],[-25,9],[13,12],[-80,25],[-6,0],[-7,5],[-43,9],[-27,3],[-21,14],[-9,9]],[[60731,44214],[-37,9],[-10,13],[0,12],[-12,9],[-4,6],[7,4],[-3,9],[9,16],[15,5],[8,12],[8,0],[8,8],[-9,10],[4,10],[10,8],[-12,21],[9,19],[-2,17],[39,44],[2,11],[17,15],[-2,15],[-13,11],[2,14],[-10,4],[8,38],[15,15],[-1,6],[9,1],[24,15],[0,6],[28,15],[13,0],[1,4],[31,10],[3,6],[-4,1],[15,8],[-4,9],[-27,8],[0,24],[-21,28],[1,9],[8,4],[-10,24],[8,10],[2,9],[-7,27],[15,7]],[[60446,43947],[0,6],[19,0],[12,19],[10,7],[15,4],[4,-3],[9,2],[18,-2],[19,8],[-1,3],[11,11],[0,10],[7,2],[-1,5],[12,8],[-10,9],[-14,6],[-2,7],[-8,7],[9,6],[28,7],[-10,8],[5,8],[-3,14],[6,8],[-8,6],[1,6],[7,5],[22,-1],[11,2],[5,4],[-1,21],[14,0],[2,4],[14,4],[40,24],[43,32]],[[60446,43947],[-7,-11],[-34,-1],[-27,24],[-20,6],[-28,3],[-22,-11],[-36,0],[-3,4],[12,6],[-5,5],[-18,2],[-25,-6],[-32,3],[-16,7],[3,11],[-29,6],[-10,9],[-23,9],[-17,4],[-40,2],[-24,5],[-32,-7],[-18,6],[-11,-3],[-23,8],[-4,-3],[-10,5],[-14,-1],[-22,9],[-9,-2],[-13,2],[-15,-2],[-35,2],[-13,-2],[-13,-4],[4,-6],[-10,1],[-2,-5],[-14,-1],[5,-5],[-21,-12],[-24,4],[-20,-5],[-7,-7],[-13,2],[-15,-4],[-23,0],[-6,3],[-14,1],[-7,-2],[-13,1],[-3,-3],[-8,2],[-14,-2],[-18,7],[-18,-7],[-15,0],[0,-3],[-9,-1],[-2,-3],[-25,-2],[-29,-7],[1,-2],[-14,0],[-5,-3],[-6,2],[-9,-2],[-53,0],[-19,4],[-27,-15],[3,-7],[-6,-5],[-16,-4],[-58,-47],[-17,-8],[-38,-12],[-32,-1],[-17,-7],[-32,-23],[-14,-13],[-5,-16],[-22,-16],[-37,-12],[-12,-15],[-12,0],[-9,-5],[-6,0],[-38,-22],[-34,5],[-7,-3],[-12,-1],[-12,-6],[-29,4],[-7,4],[-66,-4],[-4,4],[-23,6],[-50,4],[-25,-4],[-12,-9],[2,-11],[-6,-6],[-27,-10],[-18,5],[-16,-5],[-6,3],[-8,-4],[-2,-4],[-5,3],[-57,-20],[-4,-11],[-8,-3],[4,-8],[11,-9],[-6,-1],[6,-10],[-17,-3],[-5,-4],[-11,0],[-13,-3],[-9,4],[-4,-2],[-30,-4],[-26,4],[-8,5],[-10,-1],[-9,5],[-19,0],[-5,-11],[-16,-9],[-6,-7],[-34,-17],[2,-13],[-7,-4],[2,-7],[-11,-10],[3,-22],[-5,-4],[-38,-12],[-21,0],[-22,-13],[-32,-9],[-9,-9],[-20,-6],[-20,7],[-49,5],[-12,-8],[-13,-3],[2,-5],[-4,-2],[-39,-11],[-33,1],[-22,9],[-17,13],[-20,8],[-6,17],[-35,24],[10,10],[0,7],[6,3],[-4,9],[-11,2],[-16,15],[-17,8],[-4,7],[-28,7],[-36,3],[-43,-8],[-17,-7],[-10,0],[-42,17],[-13,12],[-9,22],[17,36],[-7,24],[-23,-12],[-26,-6],[-42,-18],[-51,-13],[-67,-13],[-48,-16],[-28,-4],[-45,0],[-21,2],[-28,8],[-38,2],[-12,-12],[-14,-6],[35,-25],[-1,-12],[9,-9],[31,-15],[-4,-7],[-12,-5],[-14,-1],[-37,14],[-58,8],[-15,8],[-15,21],[-22,12],[-12,0],[-94,-23]],[[57047,43606],[-12,21],[-30,33],[38,21],[-9,18]],[[57034,43699],[-3,8],[39,5],[-120,129],[-24,92]],[[56926,43933],[34,-1],[47,-7],[75,15],[16,-5],[8,2],[17,-6],[26,5],[5,8],[9,5],[41,12],[5,6],[-1,16],[9,6],[-8,9],[21,-2],[27,-10],[-22,14],[-45,10],[-4,16],[2,19],[7,14],[28,24],[8,2],[23,0],[15,4],[22,10],[14,10],[-3,9],[-51,19],[-12,16],[2,13],[16,9],[43,8],[9,7],[-18,33],[-33,26],[-2,12],[6,6],[28,1],[22,4],[11,8],[-4,9],[21,19],[-7,15],[22,37],[5,35],[-10,15],[-32,15],[-126,18],[-34,11],[-19,30],[10,25],[6,2],[0,14],[-29,16],[-27,6],[-30,-5],[-8,1],[-32,16],[-35,9],[-6,6],[5,10],[-8,7],[-32,9],[-28,4],[-19,20],[-14,6],[-100,14],[-10,11],[-2,20],[-19,20],[-33,16],[-24,8],[-9,7],[-12,21],[-2,30],[-13,15],[-31,6],[-107,-8],[-16,4],[-13,12],[-16,3],[-7,5],[-14,30],[-2,21],[-30,17],[-2,10],[48,48],[83,40],[14,11],[7,16],[-5,14],[-11,7],[-30,7],[-10,11],[4,4],[46,21],[19,18]],[[60088,45195],[-54,88],[-32,67],[-96,45],[-30,-53],[-22,-14],[-4,-13],[-23,-17],[-6,-11],[-21,-16],[-47,-15],[-8,0],[-15,-9],[-35,-5],[-24,-8],[-20,-8],[-3,-8],[-18,-2],[-4,-5],[-9,-1],[-1,-4],[-13,1],[-15,-6],[-21,0],[-20,-8],[-14,-14],[-17,-6],[-15,0],[-20,-5],[-8,2],[-12,14],[-25,8],[-5,-3],[-1,-8],[-20,-11],[1,-11],[-18,-8],[-35,-32],[-44,-21],[-8,-12],[-17,-6],[-3,-8],[-16,-5],[-10,-11],[-24,-11],[-5,-9],[-40,-17],[-16,-2],[-4,-4],[-69,-37],[-11,-4],[-9,3],[-8,-2],[-37,5],[-13,-4],[-40,-4],[-32,-9],[-38,-1],[-6,-3],[-37,-4],[-17,-4],[-3,-5],[-11,-2],[-7,-6],[-70,0],[-29,6],[-24,9],[-68,41],[-144,42],[-92,62],[-45,71],[-52,46],[-45,86]],[[62329,41890],[4,9],[-72,162],[39,128],[-61,143],[-55,19],[4,24],[28,42],[-12,31],[-95,31],[-147,-28],[-121,99],[7,74],[-351,121],[-156,83],[-83,73],[-323,127],[-41,143],[-155,180]],[[62329,41890],[-16,1],[-3,-5],[-11,0],[-19,-8],[-25,-5],[-29,-14],[-13,0],[2,-2],[-11,-3],[-41,12],[-9,-4],[-5,5],[-11,-5],[-13,1],[-26,9],[-14,13],[4,1],[-32,28],[-34,-5],[-27,5],[-28,-1],[-59,10],[-14,-2],[-13,2],[-32,-7],[-14,-6],[-30,-5],[-38,15],[-16,-1],[-19,3],[1,5],[-6,3],[7,6],[-21,14],[-81,26],[-46,-4],[-9,10],[-22,4],[-4,12],[-14,1],[-8,8],[-31,6],[-2,6],[-14,5],[0,10],[-7,7],[-15,5],[5,4],[-14,13],[-36,16],[-1,27],[-8,3],[-26,-1],[-10,8],[-22,0],[-20,7],[0,12],[11,8],[-5,9],[-14,5],[-2,6],[-17,4],[-23,3],[-9,7],[-26,-3],[-71,25],[1,3],[-16,0],[-7,-5],[-32,-8],[-22,0],[-37,-14],[-15,10],[-25,-2],[-16,3],[-4,4],[-13,-2],[5,8],[-16,-1],[2,-4],[-13,-2],[-21,0],[-7,21],[-23,3],[5,-1],[-3,-2],[3,-8],[-4,-4],[-21,2],[-12,10],[-47,-7],[-10,-13],[-8,1],[-69,-10],[-22,-1],[-17,-5],[-14,0],[-16,2],[-1,2],[-25,0],[-7,13],[4,0],[0,10],[-14,5],[-18,-1],[-15,-7],[-4,12],[-23,4],[0,7],[8,-1],[7,5],[-23,-3],[-15,-4],[-5,0],[-2,5],[-30,1],[-48,-5],[-24,0],[-1,7],[8,5],[-4,2],[-17,-4],[-2,-6],[12,-24],[-6,-9],[-34,-8],[-44,-6],[-6,-3],[-47,-3],[-35,6],[-18,7],[-16,34],[-31,9],[0,2],[-30,-7],[-9,0],[-3,6],[-24,0],[-14,-8],[-11,4],[-13,0],[-5,-2],[0,-10],[-126,1],[-2,-5],[-8,0],[-32,4],[0,3],[-11,1],[-3,5],[-24,3],[-93,-8],[-1,6],[-6,1],[-81,-8],[2,8],[-112,-26],[-6,-5]],[[59591,42192],[-5,6],[9,8],[14,4],[8,-1],[7,6],[-4,18],[-7,4],[5,11],[-5,10],[7,8],[-1,6],[6,3],[-8,20],[-21,-12],[-45,-15],[-54,-6],[-15,6],[-19,-2],[-41,8],[1,3],[-40,18],[9,9],[8,20],[-9,-5],[-5,5],[-6,-1],[-25,19],[-30,12],[-38,10],[-55,29],[-38,-8],[-7,12],[-9,-2],[-8,15],[-9,5],[-1,12],[-10,3],[-4,6],[-8,0],[-5,4],[-4,8],[-7,-2],[-10,4],[-12,-2],[-18,-12],[0,-6],[-4,1],[-6,-6],[-16,0],[-5,-4],[-7,1],[5,-4],[-5,-16],[-12,-1],[-2,-5],[-6,0],[-8,-6],[-23,-5],[-10,-5],[10,-4],[-4,-6],[-22,-5],[-51,-4],[-48,-20],[-13,3],[-20,-9],[-1,-4],[-6,1],[-2,-5],[-23,-7],[-11,1],[-5,-3],[-52,-3],[-3,11],[-20,26],[-49,161],[37,45],[-16,18],[-17,114],[22,8],[-2,11],[-82,103],[-7,18],[15,26],[1,28],[-5,13],[-11,3],[-3,4],[42,1],[28,11],[-9,8],[4,6],[19,4],[13,11],[1,8],[-15,15],[11,6],[90,-1],[18,-3],[4,-3],[0,-16],[16,-30],[4,-5],[13,-2],[20,5],[25,33],[28,14],[19,1],[37,-6],[30,-13],[37,6],[12,8],[21,-10],[14,1],[16,-8],[10,10],[14,4],[41,1],[16,7],[27,-15],[10,-2],[23,5],[-5,8],[11,7],[25,0],[23,20],[46,-10],[9,29],[-4,8],[-10,4],[-11,14],[-12,6],[-28,11],[-13,2],[-7,6],[-20,7],[-19,3],[-2,6],[-6,2],[3,10],[53,1],[25,9],[27,-6],[21,1],[7,-5],[15,0],[42,-24],[30,8],[14,14],[18,-2],[24,14],[20,2],[38,13],[37,4],[35,-6],[15,5],[10,-2],[34,4],[2,-2],[20,6],[8,-3],[8,2],[8,-1],[11,23],[25,33],[88,34],[42,31],[15,5],[21,8],[3,6],[14,4],[15,9],[-4,2],[15,14],[17,4],[22,11],[30,19],[16,15],[71,31],[20,12],[23,-8],[20,7],[5,-3],[19,1],[27,5],[13,-2],[38,5],[9,-3],[20,2],[14,-1],[9,4],[20,0],[93,-4],[31,1],[16,-3],[18,-13],[21,-9],[12,0],[22,-23],[11,-3],[24,0],[-1,-10],[21,-12],[24,13],[65,17],[19,9]],[[56065,39930],[-10,3]],[[56065,39930],[0,0]],[[56038,39933],[-4,0]],[[56038,39933],[0,0]],[[56063,39951],[0,1]],[[56063,39951],[0,0]],[[56053,39959],[2,14]],[[56053,39959],[0,0]],[[56484,40635],[20,-32],[25,-19],[-26,-10],[10,-9],[-4,-17]],[[56509,40548],[-8,-1],[5,-7],[-32,-10],[21,-26]],[[56495,40504],[-29,-18],[-9,-39],[-97,25],[-84,-2],[-6,-24],[4,-28],[-2,-23],[-14,-44],[-30,0],[-11,3],[-36,-4],[-4,3],[-9,-1],[-3,13],[-68,-2],[-9,-20],[10,-15],[-18,-6],[-5,3],[-30,-1],[-33,10],[-63,-8],[38,-80],[24,-17],[4,-10],[-4,-8],[-7,-1],[-5,-8],[-9,-2],[-8,-12],[16,-12],[14,-4],[8,-16],[11,-7],[-6,-5],[3,-8],[-6,-5],[-4,-11],[-1,-12],[6,-5],[-9,-7],[17,-11],[13,-4],[25,-21],[2,-10],[14,-12],[-4,-10],[12,-10],[-12,-12],[-24,1],[0,-9],[-17,-5],[15,-20]],[[56055,39973],[-4,-16],[11,-3],[0,-4]],[[56062,39950],[-4,-3]],[[56058,39947],[-10,-6]],[[56048,39941],[-1,0]],[[56047,39941],[-14,-3],[-1,-5],[3,-2],[14,2]],[[56049,39933],[3,0]],[[56052,39933],[22,-7],[16,-12],[1,-14],[13,-8],[-42,-7],[-26,-11],[-5,-8],[-1,-11],[8,-26],[19,-10],[-1,3],[28,1],[19,7],[28,16],[12,0],[11,-5],[10,-10],[-17,-3],[13,-1],[5,2],[7,-7],[9,-5],[3,-14],[-27,-26],[-20,-39],[-8,-61],[-30,-25],[-2,-1],[-11,-14],[-28,-5],[28,4],[-11,-6],[9,3],[2,-9],[2,-5],[-13,-16],[-8,-4],[-23,3],[21,-4],[-5,-11],[-49,-25],[-50,-11],[-108,-13],[-21,-6],[-15,-8],[11,18],[65,63],[9,-1],[4,-4],[14,0],[53,11],[-22,0],[-43,-9],[-10,4],[-11,-1],[-21,-11],[6,2],[-42,-34],[-52,-72],[55,83],[-2,26],[1,-25],[-42,-60],[-12,-2],[10,0],[-11,-16],[-9,-20],[-12,1],[-104,-10],[-59,-12],[-25,-1],[-52,-7],[-8,1],[5,6],[-9,0],[-2,6],[60,19],[-44,-13],[-16,-6],[2,-6],[9,0],[-12,-7],[18,-29],[-30,44],[24,-40],[-14,20],[-11,4],[-31,-2],[-34,-8]],[[55423,39436],[0,7],[-47,53],[-9,5],[-8,28],[-24,18],[18,10],[-19,15],[7,15],[13,4],[6,20],[19,3],[19,-9],[25,-1],[6,7],[-21,9],[10,9],[4,0],[5,-4],[10,3],[19,-5],[5,1],[-13,8],[9,6],[-2,6],[5,6],[-4,5],[4,4],[-25,14],[-20,6],[-15,11],[1,9],[-10,5],[2,11],[-13,1],[-2,15],[-10,7],[-15,4],[1,11],[-12,14],[10,9],[-8,4],[0,6],[-13,5],[-2,4],[3,21],[15,10],[-1,18],[-12,3],[-8,12],[-17,10],[-16,5],[-16,-3],[-11,2],[-9,11],[10,22],[15,3],[-7,18],[26,41],[13,10],[-3,16],[15,9],[2,6],[8,7],[-1,10],[19,19],[-7,9],[7,10],[-4,7],[4,15],[-8,17],[10,29],[-32,15],[-4,17],[5,9],[21,6],[-2,16],[27,26],[-6,2],[-5,-5],[0,10],[-33,10],[-2,5],[-9,0],[-2,5],[-12,2],[-7,13],[5,14],[-21,8],[1,3],[-11,6],[-1,9],[-23,7],[0,8],[-13,3],[23,13],[-2,5],[-14,1],[-9,9],[-15,-1],[-3,6],[-8,1],[-4,4],[-10,-2],[-8,4],[-22,1],[-5,3],[-3,7],[4,11],[-10,15],[3,11],[-9,9],[4,9],[-8,6],[3,13],[-3,7],[26,13],[-3,4],[4,9],[13,7],[0,11],[-5,5],[11,8],[-8,7],[3,12],[-7,7],[-1,13],[-8,8],[2,4],[33,19],[-4,10],[9,44],[-1,22],[-6,0],[-6,5],[2,6],[11,3],[-10,7],[-12,2],[-10,-12],[-20,-6],[-3,3],[-58,-6],[-17,0],[-15,26],[-54,-7],[-13,0],[-20,-16],[-9,-20],[2,-4],[15,-6],[-9,-11],[-44,-11],[-14,0],[-6,9],[-12,6],[-2,8],[-20,1],[-11,-44],[-8,-4],[-1,-10],[-15,-15],[-6,-16],[-23,-18],[-10,-19],[-9,-5],[-19,-21],[-12,-30],[4,-8],[-13,-19],[3,-9],[-17,-21],[7,-13],[-7,-8],[8,-11],[-6,-1],[-1,-6],[9,-1],[-1,-5],[5,-1],[-9,-10],[6,0],[1,-3],[-6,-28],[7,-1],[9,-11],[-6,-21],[10,-7],[-9,-17],[2,-7],[-12,-17],[-13,-11],[5,-22],[-14,-36],[1,-31],[-5,-11],[-30,-29],[-6,-1],[-22,8],[-9,0],[-18,-11],[-22,-21],[-28,-13],[-37,-2],[-5,3],[5,3]],[[54542,40052],[14,-2],[17,2],[33,18],[30,25],[23,11],[6,0],[-6,-6],[14,-7],[9,2],[9,8],[-9,8],[8,16],[-11,18],[-2,30],[-6,3],[-6,11],[-10,0],[-4,3],[15,7],[1,15],[7,6],[-11,10],[6,4],[-2,4],[6,5],[-8,4],[-2,5],[18,17],[-1,7],[-5,3],[2,8],[-16,-1],[-6,4],[2,8],[10,5],[-5,2],[3,6],[-7,5],[1,4],[-4,1],[-1,5],[-14,2],[-5,6],[-9,1],[-5,7],[17,13],[2,6],[-7,6],[-2,11],[12,7],[-2,9],[7,2],[-8,1],[-3,4],[3,6],[7,3],[-5,5],[3,6],[-11,10],[11,11],[-3,8],[3,3],[23,5],[-3,9],[7,3],[-7,3],[12,4],[-9,1],[-4,-4],[-4,0],[7,12],[-3,10],[16,9],[-7,15],[14,12],[21,11],[-5,1],[-5,-2],[-3,2],[7,2],[5,7],[-6,10],[9,4],[1,5],[10,3],[16,13],[26,11],[16,2],[-6,10],[-15,2],[-9,5],[5,14],[11,12],[-17,6],[-3,10],[-7,6],[6,15],[-3,6],[6,10],[18,10],[-9,14],[11,7],[9,20],[12,10],[13,4],[-5,12],[2,16],[12,0],[7,11],[22,6],[10,8],[-6,4],[-10,-3],[3,-7],[-5,-1],[-13,1],[-5,6],[-7,22],[21,9]],[[54827,40846],[19,8],[29,20],[37,29],[3,13],[16,5],[-1,7],[-17,6],[37,27],[-2,7],[54,15],[23,-10],[15,1],[8,-29],[9,-4],[6,4],[20,-6],[-1,-9],[15,-2],[4,-5],[32,2],[42,-27],[10,-3],[21,2],[0,-3],[8,-1],[10,-6],[-15,-15],[-14,-4],[-26,-18],[-16,-7],[3,-7],[37,7],[63,18],[36,1],[32,-7],[-10,32],[7,38],[13,5],[17,0],[53,19],[37,33],[6,0],[8,14],[-6,16],[5,3],[13,-8]],[[55467,41007],[-2,-37],[-8,-5],[7,-24],[-13,-15],[9,-1],[6,-7],[19,-2],[32,4],[16,6],[5,-1],[6,-31],[-15,-16],[-8,-3],[6,-9],[17,6],[13,13],[31,-21],[94,30],[60,6],[83,-24],[30,-20],[60,16],[39,14],[61,6],[4,3],[-4,5],[11,9],[16,-2],[8,-5],[2,-8],[7,1],[3,-14],[-4,-6],[9,-9],[-1,-8],[18,-11],[23,-52],[-18,3],[-3,-25],[34,-1],[-1,-10],[26,-1],[18,-10],[18,1],[5,-9],[-3,-4],[22,-7],[10,-6],[-8,-11],[1,-8],[5,-3],[32,9],[28,-5],[11,1],[35,8],[14,7],[26,-4],[28,-8],[13,-23],[20,-11],[21,-5],[21,-27],[22,-11]],[[57714,39444],[-15,-16],[-30,-85],[-30,-33],[-53,-39],[-43,-13],[-17,-13],[-20,-6],[-12,1],[-10,-3],[-8,-7],[-14,-1],[-7,-5],[-32,-11],[-16,-15],[-7,-3],[-2,-9],[5,-3],[-6,-7],[10,-4],[-7,-5],[1,-5],[-25,-8],[-5,-6],[-8,-2],[1,-10],[-7,-6],[2,-10],[10,-13],[1,-11]],[[57370,39096],[-23,-20],[-7,2],[-9,-6],[-78,32],[-30,-1],[-18,-12],[-15,1],[-18,6],[-48,-6],[-41,14],[-1,-2],[-28,-7],[-44,5],[-47,9],[-18,1],[-64,9],[-11,2],[5,11],[-44,2],[-44,7],[2,18]],[[56789,39161],[4,20],[-7,7],[0,15],[-5,8],[8,4],[-3,12],[6,6],[2,11],[-4,9],[11,11],[6,17],[-42,8],[-41,4],[-19,4],[-5,6],[-12,4],[-18,0],[-6,18]],[[56664,39325],[-10,36],[-8,12],[-3,21],[-9,5],[-6,13],[12,1],[25,-7],[11,1],[0,4],[23,2],[6,11],[12,-2],[22,52],[28,14],[-16,16],[22,23],[7,20],[9,0],[-3,14],[-54,23],[5,12],[-12,2],[-10,8],[10,-5],[11,6],[64,-25],[66,-14],[22,-2],[94,9],[81,0],[42,-6],[59,-22],[16,20],[56,23],[-12,5],[-4,10],[15,17],[19,0],[-3,3],[-12,2],[-9,10],[-9,4],[-1,5],[7,7],[-10,18]],[[57217,39671],[13,8],[18,3],[21,10],[1,17],[-3,3],[27,12],[32,27],[10,18],[117,104],[180,81],[31,9],[77,83]],[[57741,40046],[26,30],[27,-9],[107,16],[3,-5],[56,-2],[36,7],[43,2],[29,14],[43,10],[65,5],[30,-2],[30,-15],[-1,-21],[21,-28],[-51,-16],[-11,-7],[6,-14],[-8,-33],[6,-22],[-4,-7],[-25,-22],[-48,-23],[-4,-5],[5,-7],[33,-5],[41,-14],[5,-14],[-19,-16],[-16,-4],[-9,3],[1,14],[-6,6],[-13,1],[-12,-4],[11,-25],[2,-32],[12,-23],[-36,-47],[-44,-18],[3,-16],[20,-34],[-16,-26],[-7,7],[5,25],[-28,11],[-9,11],[-26,-5],[-8,2],[-8,20],[-18,20],[0,11],[-11,19],[-26,5],[-30,-4],[-31,2],[-22,-20],[-9,2],[0,11],[-11,11],[-10,3],[-7,-2],[-9,14],[-13,-10],[-13,-3],[-36,-4],[-4,-17],[-14,-10],[15,-23],[-11,-11],[-15,-7],[-3,-7],[-9,0],[-1,-11],[-14,-8],[10,-10],[1,-9],[8,-7],[-2,-12],[-48,-35],[18,-14],[-1,-12],[-10,-8],[-8,0],[1,-6],[-6,-3],[-21,3],[-14,-5],[47,-51],[27,-42],[-6,-3],[22,-12]],[[53985,39857],[0,1]],[[53985,39857],[0,0]],[[54076,39962],[-13,-11]],[[54076,39962],[0,0]],[[54542,40052],[-9,4],[-18,1],[-17,-11],[-35,-13],[-13,-11],[-24,-11],[-19,-3],[-52,-17],[-5,15],[-8,2],[-4,5],[-11,-1],[-21,5],[-31,18],[-23,-8],[-21,-24],[-11,10],[-35,2],[-7,4],[-18,-3],[-10,-10],[-5,-18],[-7,-6],[-28,-8]],[[54110,39974],[25,18],[26,28],[1,3],[-33,-35],[-18,-13],[-32,-9],[-6,-4],[-22,-20],[-16,-6],[-7,-1]],[[54028,39935],[-8,4],[-8,-10],[-14,-7]],[[53998,39922],[-12,-5],[-3,-3]],[[53983,39914],[-5,-3],[-15,-4],[8,-9],[-5,-10],[1,-15],[14,-13],[1,-13],[-27,-1],[-4,-2],[3,-8],[-27,-3],[-13,-5],[-8,-12],[-2,-22],[-3,-5],[-9,-2],[-22,4],[-58,3],[-17,11],[15,-11],[-14,-10],[-3,-21],[-9,-16]],[[53784,39747],[-19,-6]],[[53765,39741],[1,2],[-7,1],[-4,6]],[[53755,39750],[-13,13],[-22,4],[-11,4],[-27,22],[-16,6],[-6,27],[-10,7],[-13,3],[-5,5],[26,24],[5,8],[-2,5],[-12,20],[-7,5],[-10,1],[0,15],[-10,11],[-7,3],[-16,-2],[-9,5],[-14,-5],[-18,-1],[-2,-10],[-7,-8],[-12,-2],[-19,-9],[-9,0],[-19,-13],[-30,-2],[-18,-5],[-27,2],[-37,-32],[-83,-14],[-1,-24],[-22,-34],[-3,-15],[4,-9],[-21,0],[-22,4],[-18,-15],[-24,-9],[-14,14],[5,4],[-3,1],[-10,-2],[-15,1],[-35,7],[-8,-3],[-10,3],[-6,-2],[-14,8],[-10,2],[-129,8],[10,18],[-11,45],[62,104],[2,36],[-26,40],[-90,114],[49,88],[5,4],[19,1],[9,5],[0,5],[-6,6],[10,2],[2,13],[20,20],[32,20],[-1,7],[13,21],[42,46],[-13,50],[-55,34],[-10,17],[17,6],[-10,15],[-53,22],[-27,-9],[-1,7],[15,10],[14,4],[9,11],[-2,8],[15,24],[6,28],[-7,9],[-19,6],[-9,17],[2,7],[-125,167],[27,36],[23,15],[8,12],[11,5],[26,4],[-7,9],[2,18],[9,15],[18,12],[1,18],[-5,12],[3,25],[8,15],[13,10],[35,3],[62,22],[5,19],[-7,31],[2,24],[7,10],[17,12],[0,10],[10,10],[-15,22],[8,28],[-22,-1],[-15,12],[6,21],[-6,19],[-8,11],[1,7],[38,45],[46,26],[21,39]],[[53149,41380],[26,3],[13,-3],[41,7],[25,11],[29,3],[49,-1],[15,-4],[8,3],[14,-6],[13,3],[23,-1],[38,12],[10,9],[26,-1],[51,6],[35,-7],[18,5],[11,0],[3,-4],[10,1],[6,-5],[31,6],[10,-2],[4,-9],[22,-3],[20,1],[21,-8],[19,-2],[6,3],[-3,15],[12,4],[29,-7],[11,2],[17,-3],[21,4],[47,-3],[8,3],[-2,3],[7,4],[15,2],[15,-11],[28,-1],[7,4],[0,12],[10,5],[3,6],[-4,1],[3,5],[-4,0],[-4,7],[7,3],[7,13],[15,10],[-7,4],[7,9],[-9,3],[13,5],[7,12],[5,-6],[-8,-16],[5,-6],[7,0],[1,-5],[9,4],[0,10],[11,-1],[23,-11],[4,-8],[-7,-8],[8,-6],[40,-12],[16,-1],[8,-6],[49,11],[15,-3],[24,3],[9,-7],[13,-2],[4,-6],[6,5],[22,6],[54,10],[46,-7],[20,-6],[21,3],[51,-2],[27,15],[31,3],[7,-4],[-7,-12],[23,-3],[15,-22],[-6,-1],[3,-6],[-5,-1],[-4,8],[-9,3],[-7,-5],[15,-8],[-4,-6],[-5,1],[-8,9],[-4,0],[-8,-7],[-4,-6],[9,-3],[1,-14],[-7,-2],[1,-5],[-6,-4],[4,-5],[-8,-4],[3,-4],[-15,-1],[-12,5],[-12,-2],[-14,-5],[1,-8],[-21,-4],[0,-4],[8,-4],[21,-3],[4,5],[20,4],[6,-2],[-8,-2],[8,-3],[10,0],[5,-8],[13,0],[-3,-3],[4,-3],[9,5],[-1,5],[9,-4],[-9,-5],[20,1],[11,-3],[7,-6],[5,6],[7,2],[18,-8],[11,-22],[4,-1],[8,2],[-1,-4],[7,-2],[-14,-7],[0,-8],[33,-21],[-25,-14],[-1,-9],[8,-14],[-14,-5],[1,-5],[27,-5],[3,-11],[11,-3],[41,-21],[26,-10],[17,-18],[23,-9],[7,-16],[15,-6],[8,-10],[-1,-8],[8,-7],[-8,-10],[9,-30],[-3,-17],[11,-23],[-9,-8],[5,-39],[-9,-8],[10,-33],[7,-8],[1,-16],[8,-3],[2,-6],[-7,-8],[5,-20],[7,-4]],[[52868,39160],[5,-40],[14,-11],[-5,-2],[-15,4],[-23,-2],[-3,-19],[-5,-1],[-15,-30],[-68,-7],[-35,-1]],[[52718,39051],[-6,8],[-15,0],[-40,8],[-25,-1],[-16,-9],[-11,15],[-21,5],[-25,-19],[-17,-3],[9,-14],[-15,-7],[-9,-1],[0,-3],[-16,1],[-1,2],[-8,-4],[-11,3],[-1,-5],[-7,3],[-12,-6],[-2,6],[-5,-2],[0,-5],[-13,9],[-2,12],[-24,32],[-15,7],[-41,-3],[-23,-12],[-9,7],[-14,-5]],[[52323,39070],[-6,-6],[-34,0],[-33,5],[-43,1],[-17,7],[7,-22],[-10,2]],[[52187,39057],[-26,7],[2,2],[-23,6],[-66,-14],[11,-28],[-9,-4],[-13,1],[-25,-5],[-5,-21],[-6,-5],[14,-1],[-25,-48],[-22,4],[-12,-1],[-20,8],[-8,-14],[-7,0]],[[51947,38944],[-2,14],[5,20],[10,8],[9,1],[3,10],[8,9],[0,8],[-6,9],[-16,12],[-28,6],[-31,0],[-10,-7],[3,-6],[-9,-12],[-11,-4],[-13,2],[-23,23],[4,13],[-3,9],[-41,27],[-10,11],[-5,18],[11,26],[19,13],[38,5],[41,11],[5,-3],[5,2],[21,-1],[-5,1],[23,2],[70,-9],[36,3],[26,8],[19,1],[21,7],[48,34],[12,5],[15,35],[4,32],[-76,27],[14,5],[51,-23],[14,-2],[-16,5],[17,2],[-6,2],[-13,-4],[-12,7],[17,-1],[4,2],[12,-3],[-11,6],[-1,5],[-16,-2],[2,-1],[-12,-4],[-5,4],[10,2],[14,16],[5,21],[-6,5],[7,-3],[-6,5],[6,0],[13,23],[-1,15],[7,6],[-3,2],[9,11],[12,9],[-4,12],[5,32],[-3,5],[1,20],[-1,7],[5,4],[10,-1],[9,-4],[10,-2],[10,2],[20,8],[20,16],[8,9]],[[52310,39532],[1,-5],[8,-1],[2,5],[6,-1],[-2,-16],[9,-9],[-4,-5],[52,1],[29,-11],[28,-5],[17,-13],[47,-15],[23,-1],[27,2],[93,-4],[40,43],[39,34],[72,43],[41,19],[10,-43],[-28,-59],[-37,-38],[-51,-41],[-2,-7],[-24,-26],[-8,-1],[-4,-5],[-11,-17],[7,-6],[46,7],[34,-76],[24,-19],[3,-17],[-4,-12],[21,-13],[51,-13],[-8,-12],[4,-9],[-11,-4],[14,-8],[4,-14]],[[52718,39051],[-26,0],[-4,-17],[-14,-23],[12,-51],[-8,-16],[11,-26],[-7,-39],[11,-19],[-9,-23],[39,-4],[-13,-8]],[[52710,38825],[-74,-1],[-28,-9],[-71,10],[0,-6],[-31,0],[-31,27],[-2,11],[12,26],[-2,5],[-11,4],[-27,2],[-54,-2],[-6,15],[5,5],[-9,-2]],[[52381,38910],[-8,8],[-1,11],[-41,59],[-8,82]],[[56941,43565],[-20,-5],[-1,-12],[-6,-5],[-38,-2],[-19,-5],[-16,-11],[-16,-3],[-26,3],[-20,-9],[24,-31],[6,-19],[8,-8],[12,-4],[14,-10],[23,-2],[12,-8],[12,-3],[19,0],[47,-11],[28,1],[69,-11],[121,-42],[9,-5],[-4,-3],[107,-38],[-3,-2],[54,-17],[1,-14],[15,-11],[11,3],[20,-6],[10,0],[17,-10],[-7,-2],[2,-2],[14,0],[20,-8],[-27,-7],[-25,1],[-15,-6],[-16,0],[-18,-13],[-14,-6],[-19,1],[-21,8],[-18,2],[-23,-2],[-19,-9],[6,-17],[-13,-13],[0,-15],[17,-13],[0,-7],[-10,-11],[-16,-7],[-9,2],[-8,6],[-21,5],[-9,-15],[7,-4],[14,-28],[13,-7],[-1,-11],[-19,-7],[-3,-25],[3,-14],[-4,-7],[22,-39],[-8,-15],[1,-15],[-6,-7],[-22,-1],[-21,7],[-17,1],[-57,21],[-63,-10],[14,-50],[3,-47],[-9,-16],[-42,-8],[102,-178],[45,2],[47,7],[44,-7],[39,-26],[10,-63],[18,11],[34,4],[-32,43],[-9,42],[28,20],[10,0],[22,-5],[10,1],[65,-35],[14,-9],[3,-10],[24,-9],[-1,-9],[12,-18],[19,-14],[13,-15],[29,-19],[26,-3],[57,-45],[13,-49],[22,3],[7,-11],[86,-11],[43,-75],[-53,-57],[-22,-41],[21,-1],[17,-70],[79,-133],[-116,-63],[-14,-3],[-8,-8],[-4,-1],[-3,4],[-102,-5],[1,-4],[10,0],[5,-3],[3,-10],[15,-10],[1,-4]],[[57597,41968],[-10,-14],[-33,-15],[-8,0],[-3,-5],[-20,-2],[-7,-3],[2,-5],[-7,-5],[-19,-8],[-21,-3],[-13,-5],[-11,-10],[-16,-2],[-18,-16],[-75,-24],[-53,-10],[-29,-18],[-13,-4],[35,-29],[-22,-9],[1,-4],[-17,-23],[-44,-31],[3,-37],[-4,-11],[-6,-5]],[[57189,41670],[-21,-7],[-8,-16],[0,-11],[-15,-5],[9,-26],[-1,-16],[26,-7],[-4,-5],[12,-1],[-2,-8],[-7,-4],[1,-3],[-23,-8],[-31,-18],[-20,0],[-17,7],[7,7],[-26,13],[-55,17],[-23,4],[-39,20],[-8,-5],[-17,7],[-23,1],[-36,18],[-9,0],[-11,3],[-20,16],[-9,-2],[-12,4],[-1,8],[-2,3],[-10,0],[-2,8],[-11,6],[-5,-6],[-13,10],[-12,0],[-9,4],[-35,-8],[-16,-1],[-11,3],[-11,17],[-32,10],[-188,120],[-51,-31],[-70,40],[-23,7],[-24,0],[-43,23],[-25,22],[8,48],[-110,62],[-34,-34],[-53,-34],[-17,-3],[-27,26],[-68,26],[-28,-8],[-45,-25],[-32,-2],[-17,3],[-13,10],[-28,7],[-10,-1],[-11,3],[-60,0],[-5,23],[-14,17],[4,3],[-27,8],[-23,11],[-25,6],[-14,7],[-17,12],[-2,10],[4,9]],[[55549,42064],[7,15],[10,8],[1,11],[1,12],[-17,28],[6,12],[-140,137],[-121,6],[-22,7],[-18,-6],[-30,17],[-4,8],[-14,3],[-22,16],[-6,-2],[-3,6],[8,1],[0,4],[-36,18],[-50,46],[-32,48],[-23,66],[-44,87],[-1,31],[20,33],[12,8],[-3,13],[-29,1],[-32,10],[-50,27],[23,16],[38,5],[49,21],[6,10],[6,3],[47,8],[39,-2],[36,10],[55,8],[61,18],[33,3],[65,14],[55,21],[40,0],[29,-11],[31,-2],[18,-10],[14,2],[16,21],[30,16],[6,22],[31,21],[15,16],[27,14],[2,9],[-7,18],[51,46],[26,20],[55,28],[15,17],[53,42],[28,8],[52,25],[12,22],[30,35],[3,27],[22,12],[9,12],[21,17],[3,12],[18,22],[1,24],[43,10],[17,16],[22,14],[67,4],[26,7],[8,5],[3,10],[9,6],[16,5],[24,2],[20,8],[6,8],[17,3],[9,-1],[19,-8],[42,-28],[9,-1],[20,6],[34,26],[-2,3],[-30,12],[7,5],[3,11],[14,7],[17,1],[16,5],[34,22]],[[56551,43513],[15,2],[19,-5],[13,-8],[13,-19],[8,0],[9,4],[-6,13],[32,15],[9,11],[9,3],[15,1],[22,-4],[28,6],[55,1],[20,5],[15,12],[-7,18],[28,12],[18,2],[18,-4],[8,-15],[9,-3],[10,0],[19,7],[11,-2]],[[60739,43351],[11,3],[37,22],[28,9],[27,14],[18,2],[11,4],[20,19],[8,3],[-1,6],[14,14],[11,5],[28,0],[6,8],[21,8],[10,10],[21,10],[26,24],[12,4],[47,6],[-13,10],[1,14],[-6,2],[-1,15],[-21,8],[8,22],[-14,26],[-1,25],[-51,15],[-39,6],[-11,5],[-4,7],[10,14],[-5,5],[-28,5],[-21,-6],[-49,-2],[-28,-5],[-25,6],[-34,-4],[-24,11],[-24,6],[-2,7],[13,10],[-7,9],[-21,9],[-12,-1],[-49,7],[-40,25],[-18,7],[-17,30],[-32,16],[-22,0],[-11,13],[-13,3],[-2,16],[13,23],[-7,7],[-26,6],[-3,3],[0,10],[16,8],[3,7],[-16,13],[-4,7],[-11,5]],[[59591,42192],[1,-11],[8,-6],[2,-7],[13,-3],[5,-6],[8,-3],[-5,-12],[1,-15],[-7,-10],[-7,-3],[-1,-16],[-22,-13],[4,-6],[-9,-3],[-4,-10],[-19,-17],[-9,-2],[-47,-67],[-10,-28],[-13,-16],[-11,-24],[7,-30],[-9,-3],[0,-3],[-14,-9],[-30,-8],[-7,4],[-9,-5],[-14,-1],[4,-3],[-16,-6],[-16,4],[-11,-7],[-7,0],[-61,12],[-62,-4],[-57,2],[-42,-8],[-79,-30],[-8,14],[6,47],[-24,24],[29,53],[-3,12],[-34,7],[-31,-1],[-36,6],[-9,-2],[-6,5],[-20,-9],[-41,3],[-15,-4],[-79,-10],[-51,-21],[-31,-8],[-64,7],[-49,47],[-20,46],[-8,4],[-28,-10],[-23,-23],[-97,-9],[-147,8],[-79,-1],[-203,-34],[-25,5],[-29,-32],[2,-10],[-58,10],[-41,19],[-46,17],[-30,-10],[-47,-8],[-18,-14],[-18,-3],[-11,4],[6,9],[-1,6],[-13,8],[-22,3],[-19,-9],[-8,3]],[[56941,43565],[9,-3],[20,-1],[38,9],[9,6],[14,22],[16,8]],[[53865,39189],[0,-14],[-4,10],[-5,-3],[-6,22],[7,-1],[8,-14]],[[53761,39725],[-4,4],[2,6]],[[53759,39735],[6,-4],[-4,-6]],[[53784,39747],[-14,-14],[-6,5],[1,3]],[[53998,39922],[-15,-8]],[[55423,39436],[-23,-7],[-20,-20],[-12,-5],[-18,-2],[11,0],[-17,-24],[-8,-3],[-4,6],[-6,0],[-16,-8],[-15,1],[-27,-15],[-9,-3],[-7,1],[11,-6],[-14,-13],[2,-5],[-7,-6],[-6,1],[-1,5],[-17,3],[-14,-1],[-9,-6],[-1,-5],[22,-1],[1,-3],[20,-10],[-7,-2],[0,-5],[-9,-1],[0,-4],[10,-1],[8,3],[3,-2],[-12,-17],[9,-4],[-9,-6],[0,-6],[-11,-5],[0,-7],[20,-2],[8,15],[5,-12],[-10,-1],[-5,-8],[-8,-4],[-44,-6],[-16,3],[-6,6],[5,7],[-6,3],[-28,2],[-17,-10],[4,-7],[-9,-1],[6,-5],[20,15],[7,-7],[3,-12],[29,-5],[30,-11],[19,1],[-16,-12],[-29,-1],[-7,2],[-24,-5],[-23,-14],[10,-20],[-17,-5],[3,-7],[-4,-6],[-22,5],[-5,-4],[-19,-3],[-12,-17],[-33,-5],[-12,-6],[0,-9],[-16,0],[18,-2],[3,10],[38,6],[37,11],[33,-9],[5,-18],[-8,-6],[2,-4],[-10,-9],[-23,1],[19,-7],[-5,-7],[-9,1],[-22,-7],[-37,-4],[-11,-20],[-35,-31],[-4,-24],[-20,-15],[-20,-3],[-42,8],[-6,3],[0,8],[-6,1],[-1,-19],[-34,9],[-23,2],[-10,-6],[-24,-5],[-18,2],[-25,-9],[-29,-1],[-20,6],[12,7],[-19,-5],[-11,5],[-5,-3],[-13,3],[-19,12],[-1,5],[-16,6],[-43,-15],[-16,-2],[-1,2],[10,4],[-3,6],[-12,6],[-13,-2],[4,-3],[-31,1],[-19,-2],[-10,2],[-6,-2],[-10,1],[-45,-2],[-44,4],[-19,7],[-23,3],[-11,7],[-26,6],[-3,4],[1,5],[-8,-2],[-15,-10],[-11,1],[0,-2],[-19,-3],[-13,1],[-10,6],[-7,11],[2,13],[15,-1],[-16,5],[-7,7],[6,5],[-7,-1],[-3,2],[0,6],[15,16],[0,16],[-9,23],[15,15],[10,-2],[5,-9],[-3,-4],[7,3],[7,0],[14,-16],[-9,14],[-18,7],[-2,5],[-7,4],[5,6],[8,1],[-6,3],[6,1],[4,5],[6,0],[10,3],[-12,-1],[9,3],[4,6],[-7,15],[24,-5],[-1,-6],[3,4],[6,-3],[6,1],[8,11],[-6,18],[-3,2],[-14,3],[2,8],[10,0],[3,3],[-7,4],[-17,-1],[-2,3],[15,1],[14,6],[-7,-1],[-9,-4],[-12,0],[-3,-3],[6,-3],[15,1],[5,-4],[-12,-1],[-3,-6],[3,-5],[13,-2],[5,-9],[1,-10],[-8,-10],[-23,9],[3,2],[-6,4],[13,12],[-5,0],[-2,4],[-5,2],[6,-6],[5,0],[-8,-8],[-3,1],[-15,0],[17,-1],[-3,-3],[5,-5],[-3,-2],[-11,1],[-16,10],[15,-11],[-17,-4],[-7,1],[-10,-8],[-5,2],[-27,-3],[-21,3],[-22,14],[-12,13],[2,4],[8,4],[-5,0],[-2,6],[14,-2],[0,13],[18,5],[-20,-3],[-4,-4],[1,-7],[-10,1],[-5,-2],[-16,22],[19,6],[-19,-4],[5,16],[13,7],[3,6],[-18,-13],[-5,-17],[-4,2],[-20,14],[14,6],[-6,-1],[1,4],[-6,-6],[-12,4],[7,9],[-8,-6],[-9,7],[-9,3],[15,-9],[-4,-2],[-20,15],[-16,6],[7,7],[11,8],[-17,-10],[-10,2],[11,4],[6,7],[-18,15],[10,5],[-5,4],[-4,-2],[-1,5],[5,3],[6,-2],[-10,6],[3,-4],[-5,-3],[1,-5],[6,1],[3,-3],[-9,-5],[15,-17],[-9,-7],[-14,2],[-11,8],[3,5],[-5,-2],[-24,16],[3,1],[-13,8],[6,8],[13,-3],[-7,20],[3,-17],[-10,0],[-13,-4],[-12,14],[-1,10],[15,-5],[-15,8],[-1,7],[-90,31],[2,1],[20,-6],[130,-46],[-77,29],[8,1],[-19,3],[-27,9],[74,13],[10,-1],[9,6],[10,17],[12,8],[17,0],[18,-6],[17,2],[10,5],[-19,-7],[-18,4],[17,2],[14,6],[24,20],[-1,27],[-9,7],[-3,5],[3,0],[-19,8],[-2,8],[-10,8],[-1,-2],[-10,4],[0,-2],[-10,-2],[-13,13],[4,23],[-12,11],[-3,11],[-11,14],[13,8],[-15,-7],[1,-8],[-11,6],[-8,1],[-9,7],[-6,35],[4,18],[-6,-7],[3,-1],[-3,-12],[4,-14],[-10,-2],[-2,11],[-22,28],[10,5],[-6,0],[0,8],[-24,22],[-1,-4],[7,-7],[-21,2],[-40,-8],[7,5],[-6,0],[1,7],[-3,-2],[3,-6],[-12,-8],[-23,-3],[-33,1],[-5,14],[-8,10],[-11,36],[11,15],[21,8],[19,13],[52,2],[11,6],[2,6],[24,7],[9,11],[-5,22],[6,5],[23,-6],[19,-16],[-25,-12],[-7,-7],[3,-8],[15,-14],[12,0],[8,2],[26,28],[25,-9],[11,0],[41,14],[30,-8],[5,16],[-3,11],[7,5],[-5,0],[-7,-4],[3,-12],[-4,-13],[-28,7],[-49,-14],[-10,3],[-8,7],[-10,1],[-7,-3],[-26,-26],[-24,13],[2,5],[29,11],[10,9],[-7,12],[-17,6],[-12,18],[5,5],[16,-3],[6,3],[2,6],[-2,7]],[[53985,39858],[-3,7],[-10,6],[-3,7],[6,19],[-10,9],[16,4],[31,17],[8,10],[8,-2]],[[54028,39935],[7,0],[16,6],[12,10]],[[54076,39962],[30,9],[4,3]],[[56333,43602],[42,-17],[66,-42],[41,-13],[21,1],[28,-3],[18,-10],[2,-5]],[[55549,42064],[-72,-73],[-26,-10],[-19,1]],[[55432,41982],[-14,9],[0,6],[-8,6],[-16,9],[-21,4],[-51,-3],[-12,-6],[-16,-2],[-20,2],[-8,5],[-34,-12],[-17,0],[5,-17],[-32,5],[-32,-4],[-11,-10],[-16,-30],[-35,-47],[-39,-10],[-8,-11],[-14,-40],[-7,-3],[-14,1],[-15,3],[-22,9],[-61,33],[-17,1],[-34,-13],[-7,1],[-14,13],[-21,8],[-19,24],[-21,18],[-10,14],[3,3],[-14,20],[-6,1],[-12,20],[-57,24],[-69,-20],[-37,-1],[-10,37],[-50,19],[-21,21],[-9,14],[-11,4],[-2,5],[-23,9],[-7,15],[-38,3],[-34,0],[-22,-4],[-25,13],[-33,3],[-84,-5],[-58,-22],[-28,1],[-4,2],[-8,29],[2,16]],[[54356,44225],[1,4],[4,2],[25,-6],[15,2],[42,-11],[19,-8],[10,2],[25,-1],[8,-14],[14,-6],[3,-5],[26,-18],[0,-5],[6,-3],[-4,-12],[9,-4],[5,-8],[50,-22],[49,-8],[27,-8],[18,-13],[54,-31],[65,-25],[3,-1],[67,25],[166,-107],[44,3],[31,6],[18,0],[9,2],[9,14],[16,6],[8,8],[13,2],[13,4],[13,-2],[11,7],[33,9],[5,-1],[11,-11],[13,-4],[53,2],[19,9],[-4,8],[6,8],[29,7],[16,-1],[1,4],[10,1],[11,-4],[38,-26],[17,-21],[13,-7],[13,0],[19,6],[19,-15],[11,0],[14,5],[15,0],[18,-7],[12,-13],[7,-3],[-3,-2],[4,-8],[29,-9],[8,-11],[7,0],[19,-15],[3,3],[5,-3],[-1,-4],[22,-16],[15,-17],[13,-4],[-4,-5],[5,-6],[20,-3],[14,7],[8,-6],[15,8],[4,7],[27,11],[16,2],[15,-9],[11,-1],[6,-4],[19,-40],[43,-48],[3,-13],[16,-12],[22,-8],[16,-15],[81,-33],[31,-21],[23,-7],[-2,-3],[32,-14],[4,-1],[35,12],[15,-14],[24,-14],[45,-19],[21,-3]],[[52381,38910],[-17,-6],[-11,-23],[-2,-13],[5,-14],[19,-17],[56,-20],[13,-14],[4,-13],[-4,-15],[-38,-69],[-20,-62],[-3,5],[-23,-1],[-2,17],[-8,-2],[-2,2],[-23,2],[2,13],[-28,0],[-36,-10]],[[52263,38670],[-19,31],[-1,8],[-9,4],[0,5],[15,3],[1,4],[-10,9],[-7,-1],[-4,4],[4,1],[1,6],[-23,23],[-19,12],[-33,-19],[-16,13],[-5,-2],[2,5],[-7,9],[-30,-6],[-3,2],[-12,20],[0,42],[11,1],[0,3],[-11,3],[9,12],[-24,1],[33,39],[4,12],[14,11],[7,0],[11,9],[2,9],[-16,0],[5,10],[14,13],[23,14],[-16,6],[6,5],[-12,5],[5,1],[2,6],[7,-1],[17,10],[3,6],[10,1],[-2,4],[23,5],[-14,24],[-12,5]],[[56926,43933],[-40,5],[-70,19],[-41,2],[5,9],[-14,2],[-40,108],[-6,74],[-29,38],[-62,-7],[-24,7],[-46,19],[-3,-25],[-177,-21],[4,-21],[30,-63],[-59,-24],[-38,-43],[-45,-40],[-1,-6],[-42,3],[3,-13],[55,-12],[6,-45],[-39,-23],[-8,-18],[-40,-38],[16,-8],[37,-33],[25,-15],[7,-9],[40,-18],[6,-8],[-8,-6]],[[56328,43723],[-4,-3],[7,-3],[-8,-4],[2,-7],[16,-15],[11,-5],[-11,-12],[26,-12],[-22,-11],[-2,-14],[-24,-12],[8,-12],[16,1],[-10,-12]],[[53921,39525],[10,8],[6,7],[5,-2],[3,-10],[-4,-8],[-13,-14],[-19,-14],[-16,-10],[-15,-5],[3,5],[-6,2],[14,9],[-10,-4],[-4,5],[4,6],[21,3],[4,7],[-1,6],[18,9]],[[52131,39744],[0,0]],[[52125,39745],[0,0]],[[52134,39744],[-12,7],[-5,-2]],[[52098,39765],[2,1],[9,-10],[21,-2],[7,-8],[19,1]],[[52098,39766],[0,0]],[[52162,39750],[-14,4],[-9,14],[6,-13],[-14,9],[0,-2],[10,-7],[8,-4],[-10,-4],[-8,9],[-8,0],[-14,10],[9,-8],[-9,-1],[-7,9],[-7,4]],[[52109,39810],[11,9],[9,-14],[9,-8],[-13,-5],[16,4],[-10,-5],[10,3],[-9,-5],[9,3],[-8,-8],[7,5],[6,6],[1,-4],[22,-16],[10,-16],[-6,-6]],[[52114,39821],[0,0]],[[52044,39952],[0,0]],[[52062,39993],[-11,-6],[-4,-3]],[[52083,40067],[-10,-16]],[[53755,39750],[4,-15]],[[53761,39725],[-8,-16],[2,-45],[-9,-48],[12,-14],[15,-8],[-12,2],[22,-7],[-13,-4],[31,5],[17,9],[6,0],[15,-11],[0,2],[31,-6],[9,-9],[2,5],[40,-17],[13,-8],[7,-15],[-5,-1],[-6,-7],[-9,-7]],[[53921,39525],[-18,-8],[-19,1],[15,-4],[-5,-11],[-4,4],[-11,-5],[-7,-10],[-1,-7],[3,-14],[6,-7],[-12,-13],[-15,-6],[-21,-13],[-4,-12],[-10,-3],[-5,7],[-35,6],[-10,-2],[-23,-13],[-15,-32],[-2,-17]],[[53728,39366],[-14,0],[-14,4],[-8,13],[-45,16],[-6,7],[4,13],[-10,0],[-9,8],[-56,-6],[20,35],[-43,33],[-18,-9],[5,16],[-20,11],[-47,3],[-5,-8],[-15,-4],[-31,2],[-47,-35],[-11,7],[-4,12],[-11,10],[-16,0],[0,9],[10,-3],[-5,5],[-9,0],[-39,12],[-24,-7],[-2,-11],[3,-13],[24,-30],[-8,-4],[2,-7],[-6,-13],[6,-8],[-3,-10],[-9,0],[-3,-7],[8,-7],[-38,-4],[-21,0],[-23,-5],[-11,5],[-1,9],[-22,-5],[0,-8],[-16,-3],[-18,3],[4,-13],[11,-12],[-1,-7],[-7,-5],[-3,-9],[24,-11],[-3,-2]],[[53147,39333],[-48,-9],[-15,-13],[22,-15],[-24,-6],[24,-22],[-32,-18],[-38,-10],[6,-14],[33,-37],[2,-9],[-37,-2],[-26,3],[-12,-12],[-11,-3],[-52,2],[-71,-8]],[[52310,39532],[4,11],[9,37],[10,21],[18,23],[-1,4],[11,12],[13,16],[16,16],[15,10],[9,19],[16,8],[5,21],[18,-4],[19,14],[0,4],[-13,5],[-5,4],[24,12],[15,-3],[3,10],[11,-6],[23,10],[0,4],[-10,14],[9,-16],[-22,-10],[-5,5],[-7,0],[-4,-10],[-13,4],[-10,-3],[-17,-11],[7,-7],[11,-3],[-17,-15],[-9,7],[-5,14],[2,-14],[-11,-1],[-9,-8],[-5,13],[2,-13],[10,-10],[-18,-4],[-8,10],[3,12],[-8,-8],[11,-14],[-12,-11],[-3,-8],[9,-5],[-9,-4],[-13,26],[9,-25],[-13,3],[-12,7],[-5,17],[-12,23],[16,7],[-16,-4],[-4,5],[-11,31],[-10,10],[-8,12],[-23,16],[-13,6],[-10,0],[-6,-4],[-9,-1],[6,5],[-5,8],[-11,8],[-19,11],[-11,13],[4,16],[15,14],[-4,16],[-2,-1],[5,-16],[-9,-5],[-1,13],[-19,17],[-13,15],[-8,6],[-1,6],[-37,14],[36,-15],[-1,-5],[-15,2],[-20,5],[-13,0],[-36,4],[-34,10],[-3,13],[20,-6],[-20,9],[4,7],[26,-3],[-22,6],[38,28],[4,6],[-4,14],[-14,20],[7,43],[10,22],[-9,8],[3,4],[10,-1],[9,7],[-4,10],[11,17],[-19,13],[12,-16],[-5,-15],[4,-8],[-9,-7],[-11,0],[-4,-5],[-25,12],[-1,4]],[[56940,40463],[2,-50],[-16,-35],[-37,16],[-25,21],[-72,33],[-5,-17],[-17,2],[-6,-2],[-18,3],[20,16],[9,12]],[[56775,40462],[2,6],[-21,49],[-9,4],[-25,-5],[-13,7],[19,20],[-13,13]],[[56715,40556],[53,-2],[-2,3],[8,19],[4,0],[8,8],[12,20],[-9,7],[5,0],[32,-21],[59,-62],[18,-33],[9,-34],[20,-3],[8,5]],[[56711,40581],[-5,-11],[9,-14]],[[56775,40462],[-37,24],[-9,2],[-5,-19],[-42,5],[8,17],[-49,-5],[-14,2],[-8,-9],[-9,7],[-14,-1],[-14,-5]],[[56582,40480],[-77,11],[-10,13]],[[56509,40548],[57,12],[71,4],[19,5],[7,8],[41,4],[5,3],[2,-3]],[[57073,40600],[0,-21],[13,-41],[-5,-42],[-29,-30],[-38,-20]],[[57014,40446],[-21,8],[-9,7],[7,6],[-20,3],[7,8],[-2,6],[-31,-2],[-5,-19]],[[56711,40581],[20,6],[11,14],[-3,5],[-36,18],[-13,12],[2,9],[14,15],[-25,21],[2,21],[-4,9],[17,8],[15,3],[0,15],[6,11]],[[56717,40748],[12,13],[-16,12],[6,5],[-1,7],[32,10],[0,4],[7,2],[3,-2],[6,4],[7,-12],[17,-4],[0,-11],[30,-8],[13,5],[13,-8],[-3,-14],[6,-3],[-29,-14],[23,-6],[63,4],[-2,-32],[16,1],[1,-9],[13,4],[3,-3],[-6,-5],[3,-13],[22,-3],[14,2],[4,5],[5,0],[34,-4],[7,1],[39,-7],[-7,-29],[19,-20],[2,-20]],[[57014,40446],[-17,-12],[-47,-53],[58,-10],[1,-6],[-4,-3],[44,-13],[10,-6],[21,4],[15,-5],[16,0],[15,-5],[-8,-6],[-10,-1],[2,-6],[-9,-13],[-8,-1],[4,-4],[-7,-5],[0,-13],[16,4],[7,5],[16,-4],[-6,-12],[-9,-11],[-24,-9],[8,-17],[-28,-13],[2,-1],[21,4],[17,-5],[-8,-8],[-7,-19],[9,-2],[18,1],[19,-3],[14,-9],[7,0],[5,-6]],[[57167,40183],[-27,-14],[-18,-3],[-21,-22],[-19,-13],[-18,2],[-25,-7],[-55,4],[-13,-11],[-27,-12],[3,-9],[-6,-16],[-11,-16],[-13,-7],[-24,-31],[-10,-26],[-16,-15],[-15,-8],[-2,-8],[-15,-10],[-52,-29],[-16,-36],[-21,6],[6,-32],[-5,-15],[6,-9],[-50,-3],[-55,9],[-24,10],[-33,2],[-13,-1],[-10,3],[-42,-5],[30,15],[-17,12],[6,11],[-14,1],[-1,3],[19,29],[15,0],[-40,13],[-24,1],[10,10],[6,20],[19,14],[3,16],[16,10],[13,-3],[26,1],[-10,1],[-3,13],[-17,9],[-2,11],[3,9],[25,23],[-9,14],[0,12],[-8,10],[15,9],[12,34],[48,-5],[42,0],[7,24],[20,0],[13,8],[11,1],[25,31],[2,13],[1,14],[-47,1],[3,16],[-5,0],[-5,-14],[-7,0],[-16,9],[-10,2],[-46,-3],[-13,-6],[19,16],[-3,26],[21,26],[-1,9],[-7,8],[-2,17],[23,21],[-13,6],[19,12],[1,6],[-4,6],[-18,6],[-4,4],[-16,1],[-21,7],[-24,2],[-9,-4],[-18,3],[-3,-5],[-11,-2],[3,9],[-5,4],[-1,10],[30,-4],[4,46]],[[56484,40635],[23,-5],[3,6],[30,13],[14,1],[-46,22],[13,20],[38,12],[-3,7],[6,1],[-2,20],[10,7],[15,-11],[4,1],[61,18],[9,16],[42,-2],[12,-7],[4,-6]],[[56664,39325],[-15,-2],[-25,-10],[-142,-16],[-9,2],[-1,8],[-5,3],[-20,0],[-28,10],[-16,2],[-13,7],[-23,1],[-22,11],[-6,7],[-12,1],[-20,13],[-5,1],[-16,-3],[-60,27],[-1,11],[-11,2],[-8,-2],[-22,6],[-7,-4],[-1,-7],[-20,4],[-7,0],[-11,-11],[-14,-7],[-7,-10],[-27,2],[-20,-19],[-50,-20],[9,-22],[12,-6],[4,-8],[-2,-8],[4,-4],[-3,-5],[-11,-6],[-6,-11],[-31,-11],[-22,1],[-23,-8],[-51,-10],[-81,-44],[-6,1]],[[55813,39191],[-4,2],[5,4],[-16,12],[-18,7],[-6,-2],[-16,4],[-23,11],[-21,4],[-6,7],[-14,6],[-15,3],[-9,-1],[-64,15],[-28,0],[-11,3],[-12,14],[-2,10],[5,10],[-2,15],[5,6],[-6,19],[6,12],[20,9],[6,5],[17,3],[25,-4],[18,4],[3,-5],[14,-5],[-13,7],[0,4],[16,6],[10,8],[24,10],[52,13],[35,21],[42,11],[22,20],[-5,10],[-10,2],[0,2],[33,-6],[15,-4],[19,-2],[6,-6],[14,-3],[6,1],[-12,0],[-7,2],[24,3],[11,3],[-28,-4],[-10,4],[20,1],[14,6],[4,16],[25,21],[-2,3],[7,6],[43,18],[19,4],[28,12],[-10,-15],[48,62],[32,11],[19,-1],[37,23],[3,5],[14,6],[27,5],[22,14],[3,13],[33,2],[13,-10],[6,3],[-9,4],[-3,4],[-44,1],[25,12],[5,7],[-26,-16],[-22,-7],[-7,-22],[-10,-1],[-34,14],[-6,-6],[7,-9],[-4,-19],[-34,-19],[-26,-1],[19,14],[43,53],[-1,41]],[[56186,39716],[23,-2],[20,12],[11,1],[16,-4],[19,-14],[13,3],[19,9],[4,-6],[26,-6],[2,4],[19,5],[37,22],[43,12],[11,-1],[21,8],[13,-5],[13,-18],[9,-5],[5,13],[9,7],[33,19],[7,-1],[25,15],[22,7],[6,-2],[4,-11],[25,-16],[8,-1],[16,2],[-5,-38],[9,-34],[37,8],[19,20],[26,-4],[2,-18],[-4,-9],[11,-11],[-15,-5],[-2,-5],[15,-8],[16,16],[31,15],[7,8],[1,10],[37,26],[18,-11],[26,-2],[13,-7],[17,-2],[0,4],[24,0],[0,-7],[21,0],[-9,-6],[-11,-3],[26,-6],[43,-3],[11,-5],[20,2],[7,-2],[13,5],[25,-9],[13,1],[11,5],[10,0],[38,-5],[2,-3],[15,-2],[10,-8],[9,-1],[9,6],[6,-4]],[[62225,41773],[82,60],[22,57]],[[62225,41773],[-17,12],[13,15],[-66,4],[-23,-28],[-22,-11],[-14,-14],[-24,-34],[-31,-28],[-29,-3],[-415,-4],[-17,10],[-7,-1],[-6,6],[-9,-1],[-6,2],[-22,-1],[-15,2],[-20,16],[-16,-3],[-16,4],[-38,-13],[-31,-3],[-30,-15],[-13,1],[-8,-2],[-7,2],[-42,-13],[-7,0],[24,-39],[-48,-9],[-9,-9],[-35,-2],[-53,-16],[-37,-5],[-82,8],[8,-7],[-5,-9],[10,-13],[-8,-31],[5,-11],[-26,-2],[-47,-38],[-38,-7],[-20,-33],[-23,-17],[-3,-9],[3,-50],[15,-28],[6,-33],[-17,-30],[22,-21],[-10,-27],[7,-18],[36,-8],[27,-12],[26,-19],[39,-11],[4,-8],[-8,-21],[-16,-10],[-11,-1],[20,-3],[11,-24],[-51,-66],[-188,-6],[-11,-15],[-7,-2],[-15,-13],[1,-5],[-5,-1],[-14,-13],[-11,-3],[-8,-12],[-17,-10],[-8,0],[-29,-9],[-28,-23],[-11,-1],[-5,-6],[-36,0],[-43,-20],[-18,-18],[-79,-12],[-28,-10],[-7,-12],[-41,-9],[-28,-2],[-24,3],[-15,9]],[[60328,40844],[-45,24],[-14,18],[-13,8],[-49,42],[-6,5],[9,8],[-3,19],[-19,15],[-101,-16],[-37,0],[-24,4],[-31,-1],[-6,3],[-31,0],[-9,-2],[-3,-4],[-37,-9],[-15,-9],[-27,-5],[-11,1],[-19,-10],[-19,-2],[-23,9],[-26,5],[-1,6],[-16,5],[-2,5],[-13,9],[-19,-1],[-32,10],[-34,2],[-4,4],[1,7],[-9,5],[-22,4],[0,6],[-9,5],[1,6],[-12,6],[-50,-2],[-16,-9],[-24,-3],[-28,-20],[-10,-19],[-54,-17],[-52,27],[-19,7],[-22,13],[-3,9],[-19,10],[-86,16],[-27,-7],[-53,-3],[-37,-10],[-4,-11],[-29,-11],[-51,8],[-27,-6],[1,-7],[-12,-18],[-50,-21],[-51,17],[-20,1],[-13,18],[11,6],[-9,16],[-12,10],[-16,1],[-12,12],[-3,12],[-70,27],[25,14],[3,17],[-25,8],[-14,7],[-8,21],[-11,10],[-6,12],[13,16],[-7,12],[-14,2],[-51,-10],[-6,-14],[-8,-7],[-10,-4],[-10,-11],[-19,-7],[-8,-8],[-20,-5],[-24,-2],[-18,5],[-2,5],[-26,6],[-21,3],[-36,1],[-33,8],[-18,8],[-6,0],[-22,11],[-14,1],[-17,-4],[-13,0],[-12,-5],[-18,-12],[-18,-19],[-17,7],[-15,18],[-32,13],[-33,32],[-43,17],[-15,22],[-21,-6],[-22,42],[0,31],[-10,-1],[-24,6],[-26,0],[-11,4],[-3,12],[-32,1],[-5,-6],[-10,3],[-18,0],[-33,-9],[-32,-4],[-43,0],[-17,-6],[-20,-16],[-16,0],[-8,-8],[-23,-3],[-17,3],[-8,12],[-26,13],[-3,8],[5,12],[-13,10],[-11,4],[-55,5],[-1,6],[-7,6],[-27,2],[-24,14],[-24,-2],[-3,11],[-16,10],[-32,31],[3,6],[-8,8],[-36,12],[-10,0],[-30,10],[-15,2],[-7,8],[-17,8],[-41,5],[-25,-1],[-16,3],[-20,12],[-5,9],[-15,2]],[[57224,41509],[-1,22],[4,18],[33,41],[1,17],[-8,32],[-12,21],[-10,-7],[-42,17]],[[56052,39933],[0,0]],[[56047,39941],[0,0]],[[56058,39947],[0,0]],[[57167,40183],[3,-2],[17,3],[7,-3],[2,-8],[-2,-4],[-13,-4],[-12,-15],[-3,-8],[7,-4],[-1,-5],[-10,-5],[-12,-16],[6,-23],[8,-3],[14,-12],[6,5],[30,6],[39,2],[4,2],[20,1],[9,-4],[16,2],[15,-3],[32,0],[45,-12],[0,-4],[13,-11],[18,-1],[29,1],[13,-4],[10,-8],[35,5],[26,8],[-6,13],[4,2],[-1,5],[18,2],[24,-1],[64,8],[7,-3],[-7,-16],[3,-3],[6,7],[-1,12],[92,-39]],[[56186,39716],[-2,13],[19,21],[4,8],[-6,8],[1,7],[-2,9],[8,19],[-34,42],[-25,8],[-22,1],[-52,-6],[-31,-9],[-5,27],[12,13],[23,5],[29,2],[31,-8],[24,-1],[22,12],[9,17],[8,4],[13,0],[25,-8],[2,2],[-24,8],[-17,1],[-12,-6],[-8,-15],[-12,-7],[-12,-4],[-21,3],[-34,16],[-3,13],[-17,15],[-12,4]],[[56055,39933],[-3,1],[-14,-1]],[[56034,39933],[1,5],[14,2],[15,9],[-1,2]],[[56063,39952],[0,2],[-11,3],[1,2]],[[53688,39180],[4,-12],[-13,-20],[2,-6],[-4,-10],[4,-11],[-9,-22],[0,-19],[-61,-15],[-19,-9],[-13,-3],[-69,-45],[-7,-21],[-8,-12],[-43,-32],[-15,-52],[-24,-28],[4,-15],[-33,-16],[-20,-21],[-18,-14],[-38,-16],[-18,-11],[-11,-26],[-25,-22],[3,-14],[-8,-13],[-29,-18],[-74,-22],[-50,-25],[-5,-5],[3,-8],[-12,-15],[-47,-19],[-30,-18],[0,-17],[-14,-13],[-88,-37],[-10,-8],[-69,-33]],[[52824,38457],[-5,4],[10,3],[-5,9],[63,19],[-21,19],[-38,28],[-52,11],[-5,8],[-26,12],[-38,12],[-6,5],[2,2],[-31,10],[-63,31],[-32,20],[6,16],[8,7],[8,0],[8,7],[47,15],[4,12],[28,8],[4,32],[-9,19],[3,3],[-3,7],[29,49]],[[53147,39333],[-4,-4],[25,-9],[-14,-8],[14,-18],[0,-41],[-17,-10],[-39,-33],[0,-10],[7,0],[8,-9],[4,0],[5,-11],[20,1],[50,8],[49,1],[47,-9],[90,0],[35,-7],[38,4],[32,0],[29,-7],[20,-10],[32,-2],[27,12],[79,8],[4,1]],[[52170,38641],[49,-29],[40,-14],[20,-4],[23,1],[20,-4],[28,-29],[-1,-19]],[[52349,38543],[-156,-45],[-40,-22],[-6,-4]],[[52147,38472],[-4,-4]],[[52143,38468],[6,-12],[-17,-7],[-1,-5]],[[52131,38444],[0,-2]],[[52131,38442],[0,-5]],[[52131,38437],[0,-5]],[[52131,38432],[6,-6]],[[52137,38426],[1,-1]],[[52138,38425],[-8,7],[0,5]],[[52130,38437],[0,8]],[[52130,38445],[1,4],[-5,8]],[[52126,38457],[-4,0]],[[52122,38457],[-12,2],[-7,3],[-9,-4]],[[52094,38458],[-2,0]],[[52092,38458],[-7,1]],[[52085,38459],[-10,5]],[[52075,38464],[-18,13],[-11,18],[-5,5],[-20,7],[8,4],[-2,4],[-13,10],[-5,-3],[-14,4],[1,5],[-8,1],[-30,21],[-20,36]],[[51938,38589],[2,0],[-8,10]],[[51932,38599],[1,12]],[[51933,38611],[-5,7]],[[51928,38618],[-2,3],[8,5]],[[51934,38626],[1,2]],[[51935,38628],[2,5]],[[51937,38633],[-32,36],[-2,16],[10,44]],[[51913,38729],[-2,17],[-6,11],[6,14]],[[51911,38771],[2,3]],[[51913,38774],[5,2]],[[51918,38776],[29,4],[11,-14],[212,-125]],[[52263,38670],[-36,-8],[2,-3],[-59,-18]],[[51918,38776],[0,1]],[[51918,38777],[-4,2]],[[51914,38779],[-6,3]],[[51908,38782],[-1,9]],[[51907,38791],[-1,16]],[[51906,38807],[6,16]],[[51912,38823],[-1,22]],[[51911,38845],[0,5]],[[51911,38850],[6,18],[9,7],[0,9],[13,11],[6,25],[6,4],[-4,20]],[[57034,43699],[-39,1],[-75,-7],[-90,9],[-6,-17],[-7,-1],[-7,-22],[6,-2],[-2,-3],[-17,-17],[-4,4],[-16,-13],[-5,2],[-14,-14],[-92,4],[-31,22],[17,7],[-5,6],[-18,2],[-48,21],[-25,20],[-68,14],[-42,18],[-31,0],[-19,5],[-8,6],[-22,-3],[-11,-8],[-2,1],[-25,-11]],[[52598,38172],[-10,-3],[-31,15],[10,18],[17,9],[0,-6],[17,-14],[-3,-19]],[[52137,38426],[0,0]],[[52131,38432],[0,0]],[[52131,38442],[0,0]],[[52130,38445],[0,0]],[[52126,38457],[0,0]],[[52094,38458],[0,0]],[[52075,38464],[0,0]],[[52147,38472],[0,0]],[[52824,38457],[-52,-27],[-41,-26],[-23,-9],[-35,-32],[-20,-3],[-10,-6],[-14,8],[-13,-7],[-14,-2],[-2,-3],[4,-9],[17,-14],[22,-11],[15,-10],[17,-23],[37,-12],[28,-14],[46,-34],[13,-5],[2,14],[-3,5],[-7,2],[-15,13],[8,-1],[14,-6],[6,-9],[0,-21],[11,-10],[-7,-9],[-31,13],[-7,21],[-11,10],[-95,45],[-15,14],[19,-12],[-11,19],[-27,15],[-20,9],[-8,2],[-12,-2],[-5,-14],[-5,-18],[16,-18],[-3,-4],[-8,-3],[-8,1],[-7,3],[-3,12],[-11,-4],[-10,2],[21,7],[9,9],[15,51],[-3,10],[-24,11],[-3,4],[5,2],[-17,9],[-42,18],[-35,19],[-10,2],[-10,19],[17,8],[-3,3],[7,-1],[-3,4],[16,5],[-7,-1],[-1,10],[-9,4],[-17,29],[-31,31],[-18,8],[-13,1],[1,5],[-42,-11]],[[60328,40844],[5,-10],[54,-23],[18,-19],[23,-9],[39,-8],[49,-15],[2,-15],[74,-22],[43,-21],[12,-23],[-7,-19],[5,-8],[63,-25],[55,-6],[21,2],[21,-33],[29,-9],[12,-13],[13,-7],[25,-5],[-49,-98],[-20,-15],[-16,-6],[-14,7],[-14,-7],[-14,-2],[25,-39],[-8,-12],[-31,-21],[2,-22],[37,-7],[1,-8],[-19,-35],[-18,-15],[42,-42],[25,-16],[-7,-4],[-11,-27],[-25,-6],[6,-8],[-6,-5],[-23,-14],[-17,-4],[20,-4],[20,-18],[5,-20],[17,-6],[37,-38],[-5,-22],[-21,-18],[2,-21],[-27,-33],[17,-25]],[[60795,39945],[-29,-20],[-5,-19],[1,-43],[-7,-11],[6,-14],[-27,-24],[-2,-12],[-25,4],[-29,-12],[-44,-23],[-17,-4],[-47,-1],[-53,3],[-24,32],[-95,48],[-18,28],[-96,-13],[-7,-74],[-116,-9],[-112,2],[-40,-48],[-4,-33],[-22,-44],[-19,-6],[-8,9],[-10,0],[-16,6],[-13,-2],[-14,3],[-27,-7],[-89,-14],[-23,-6],[-28,-2],[-25,6],[-14,-8],[-19,-4],[-22,12],[-36,14],[-186,9]],[[59434,39668],[13,26],[7,26],[-8,65],[-51,-31],[-72,-22],[-8,0],[-19,-23],[-34,-18],[-7,-9],[-108,-31],[-29,-17],[-5,-6],[-40,-17],[-11,-8],[-109,-17],[-15,1],[-25,-1],[-31,-7],[-5,-4],[-12,0],[-5,-5],[1,-10],[-9,-4],[-12,2],[-8,-3],[-3,-5],[-21,-8],[-5,-10],[-15,-4],[-3,4],[-39,-24],[-33,3],[-37,-19],[-12,-10],[-11,0],[-12,-5],[-21,-25],[-50,-24],[-67,-15],[-53,-7],[-6,-3],[-68,-7],[-49,-11],[-21,-1],[-26,5],[-27,-7],[-15,10],[-16,-17],[-38,4],[1,9],[-45,1],[-32,-7],[-53,-3],[-13,-5],[-59,7],[-125,4],[-23,16],[-26,4],[-11,10],[-84,29]],[[57073,40600],[91,16],[64,91],[-3,5],[-17,7],[-18,12],[5,25],[-1,10],[-12,16],[6,19],[-2,23],[-6,11],[13,12],[-35,-8],[-40,1],[-55,-2],[-2,12],[22,53],[15,-2],[3,3],[1,9],[-14,19],[11,27],[14,-1],[57,14],[23,-1],[79,22],[-5,4],[6,6],[-23,3],[-11,9],[8,21],[11,0],[-12,27],[25,12],[10,10],[1,11],[9,10],[-4,8],[-15,1],[5,13],[-13,10],[-18,8],[-7,8],[5,12],[-10,30],[7,11],[-12,20],[2,28],[19,7],[7,11],[-15,31],[-10,-1],[2,8],[-13,10],[-7,13],[-15,5],[-5,6],[19,19],[-1,13],[-11,7],[-5,13],[0,8],[10,6],[1,11],[5,4],[-2,13],[-19,24],[37,9],[2,6],[-12,18],[6,13]],[[53728,39366],[7,-24],[8,-4],[-3,-2],[9,-3],[-5,-1],[-1,-12],[-8,-4],[-11,0],[-9,-5],[-34,-2],[38,-1],[-10,-2],[-26,-27],[-22,-32],[0,4],[-5,2],[4,7],[-5,8],[3,12],[-12,19],[9,-18],[-5,-11],[4,-41],[18,-14],[7,-23],[9,-12]],[[55467,41007],[34,217],[4,8],[0,61],[-43,123],[-21,0],[-35,18],[-18,20],[-3,23],[14,14],[37,18],[42,26],[36,-5],[-8,13],[4,10],[12,15],[11,5],[-5,9],[2,15],[-16,24],[-8,34],[-21,27],[19,11],[14,43],[-24,42],[-1,22],[4,7],[-29,15],[5,45],[-7,7],[-16,6],[-8,16],[2,59],[-12,27]],[[52330,38192],[-5,-3],[-23,11],[5,4],[11,-1],[11,-7],[1,-4]],[[51938,38589],[-6,10]],[[51933,38611],[0,0]],[[51934,38626],[0,0]],[[51937,38633],[-33,36],[-2,16],[11,44]],[[51913,38729],[-2,16],[-6,11],[6,15]],[[51913,38774],[5,3]],[[51908,38782],[0,0]],[[51906,38807],[0,0]],[[51912,38823],[0,0]],[[51911,38850],[0,0]],[[51835,38975],[-6,-3],[-22,1],[-14,-2],[-39,-13],[-17,-1],[-21,-7],[-5,-11],[-4,-3],[8,0],[1,-7],[-16,2],[15,-5],[-9,-3],[-3,-3],[11,2],[-1,-6],[-5,-3],[-13,-2],[7,-6],[-1,4],[14,6],[1,3],[3,-12],[-16,-2],[12,0],[0,-3],[-10,0],[-12,-4],[25,3],[-4,-11],[6,-4],[-5,-2],[0,-5],[-9,-1],[11,-1],[4,9],[-1,7],[8,-16],[-11,-1],[4,-2],[-2,-3],[11,6],[-1,-6],[5,2],[5,-4],[14,-2],[-2,-4],[-5,4],[-3,-5],[-4,4],[-6,-4],[10,-1],[5,5],[-2,-8],[-5,-4],[-16,2],[8,-7],[-3,-3],[7,-15],[-3,12],[0,6],[-7,6],[14,-2],[8,4],[-1,5],[22,-4],[-2,-4],[15,-7],[-1,-5],[-7,1],[-10,-1],[12,-2],[-2,3],[10,-1],[13,-8],[1,-7],[-7,8],[-2,-1],[-10,2],[-3,-1],[14,-1],[2,-5],[-10,4],[-6,-4],[-12,7],[4,-8],[9,0],[7,3],[8,-3],[2,2],[11,-14],[-8,4],[3,-5],[-20,3],[-2,5],[-5,-2],[7,-4],[20,-3],[2,4],[4,-4],[-2,-7],[-8,4],[-6,-2],[-5,2],[-10,-1],[-9,5],[0,4],[-16,2],[3,-3],[11,0],[0,-3],[14,-6],[4,1],[13,-6],[1,5],[14,-3],[3,-13],[3,-2],[30,-39],[9,-46],[-9,-44],[11,-22],[29,-18],[7,-9],[5,-13],[-7,-6],[9,-46],[6,-15],[7,0],[-1,-5],[9,-8],[1,-13],[-13,-7],[-12,-1],[2,4],[-5,2],[-4,-2],[4,-4],[-12,-1],[4,4],[-23,2],[-13,-5],[-7,7],[-11,0],[-2,4],[7,-1],[1,3],[-11,-2],[-3,-4],[-6,3],[-1,-3],[10,0],[14,-3],[3,-4],[-9,-7],[-6,3],[-3,-1],[9,-2],[8,5],[18,-1],[0,5],[16,-2],[-7,-2],[1,-4],[-16,0],[-11,-8],[-9,5],[6,-6],[-11,2],[9,-3],[-8,-5],[5,-1],[6,6],[8,1],[-5,-3],[-2,-7],[4,5],[2,-2],[0,8],[11,6],[11,-3],[-3,-5],[1,-5],[-5,0],[1,-5],[-9,2],[5,-3],[-18,-5],[16,2],[14,9],[7,-4],[-7,-6],[-14,-2],[-1,-2],[23,6],[1,5],[8,-1],[2,2],[-10,-1],[2,3],[-12,3],[0,2],[15,-4],[-6,3],[-7,1],[4,9],[7,-2],[-3,-5],[7,0],[6,3],[-8,0],[-5,5],[13,2],[14,-1],[2,-3],[-13,-3],[12,-1],[-17,-5],[-1,-2],[22,8],[2,-2],[4,8],[7,-8],[-5,1],[-19,-10],[-8,1],[5,-4],[9,4],[-1,-3],[12,8],[4,-4],[-21,-7],[-16,-1],[-11,-4],[17,3],[7,1],[-12,-6],[8,1],[4,4],[23,4],[1,-3],[-21,-9],[-6,2],[-31,-5],[26,4],[6,0],[-5,-4],[-17,-5],[17,3],[1,-1],[11,4],[4,-3],[-15,-5],[-4,-5],[22,11],[2,-7],[-18,-6],[10,1],[12,6],[3,-5],[12,0],[-5,-5],[10,0],[-6,-6],[8,-4],[-8,-3],[2,-2],[10,1],[-11,-5],[20,5],[0,-4],[-8,-3],[10,-2],[5,-9],[-14,-1],[11,-1],[1,-4],[17,4],[0,-6],[9,-4],[-23,-5],[12,1],[2,-3],[26,4],[16,7],[8,11],[22,-2],[9,-11],[0,-11],[-9,-3],[-5,2],[0,-10],[-20,1],[3,-7],[-5,-4],[30,-3],[27,2],[32,-30],[24,2],[-18,-5],[-8,0],[-9,-9],[-12,-3],[1,-4],[-7,-1],[0,-4],[-31,4],[31,-5],[2,-13],[-8,-27],[3,-14],[5,-7],[8,-1],[-3,-4],[24,-16],[-1,-8],[9,-1],[-9,-5],[19,3],[13,-12],[9,-1],[1,-3],[19,8],[20,1],[15,-2],[30,-10],[-8,-16],[3,-17],[32,-24],[11,-2],[-11,0],[-6,-7],[-1,-15],[10,-10],[-5,-5],[6,-1],[2,-9],[13,-14],[65,-27],[26,-3],[105,27],[46,20],[16,13],[14,-10],[2,-13],[7,3],[15,-6],[-3,-2],[6,-12],[-2,-4],[-11,0],[-9,13],[8,-14],[-8,-2],[18,1],[-10,-10],[9,-7],[7,-1],[5,6],[-7,9],[11,-1],[2,7],[-7,4],[8,1],[1,2],[-9,16],[-16,7],[11,3],[13,10],[18,-5],[3,-6],[-8,-14],[1,-30],[-17,-20],[-135,-10],[-49,-7],[-31,-8],[-30,5],[-108,26],[-145,142],[-69,58],[-26,11],[-117,101],[-78,82],[-84,105],[-33,38],[-11,6],[-4,10],[6,6],[-10,18],[9,10],[-9,29],[-15,17],[-8,0],[-1,-4],[-7,7],[7,-2],[8,2],[-3,21],[-9,34],[-24,49],[-7,23],[-11,95],[6,14],[45,41],[30,12],[57,9],[49,21],[19,1],[14,-4],[17,-9],[-1,-8]],[[63265,33262],[3,-7],[-9,-10],[15,-14],[2,-22],[-15,-4],[-1,-26],[26,3],[15,-3],[21,5],[-6,-5],[18,-18],[-18,-17],[3,-33],[-17,-19],[-9,-18],[-28,-22]],[[63265,33052],[-36,-9],[-3,-6],[-4,3],[-23,-10]],[[63199,33030],[2,18],[-6,1],[-2,7],[-41,11],[-49,-3],[-33,-13],[-6,1],[-8,-9],[-11,-1],[-5,-11],[-3,1],[-7,-7],[-7,2],[-2,-2],[-15,5]],[[63006,33030],[-21,7],[-18,2],[-21,-6],[-20,46],[-1,38],[7,20],[5,5],[4,-4],[9,-2],[32,0],[18,2],[24,15],[25,10],[13,11],[1,7],[13,4],[9,-1],[12,2],[18,7],[3,50]],[[63118,33243],[20,4],[3,5],[35,1],[4,4]],[[63180,33257],[58,10],[5,-15],[7,0],[15,10]],[[63199,33030],[6,-22],[-1,-21],[-13,-16],[-42,-37],[10,-3],[-19,-47]],[[63140,32884],[-9,18],[-41,-4],[-45,5],[-19,-8],[-16,-1],[-7,5],[-4,20]],[[62999,32919],[12,23],[5,1],[4,8],[7,3],[-10,9],[-1,6],[-26,5],[11,26],[-9,-1],[-18,11]],[[62974,33010],[32,20]],[[62974,33010],[-4,-3],[-19,-1],[1,11],[-5,1],[-18,-14],[-2,-6],[-11,-6],[-16,-3],[3,-5],[-123,4],[-57,-4]],[[62723,32984],[-74,66]],[[62649,33050],[15,6],[11,9],[17,1],[8,5],[10,40]],[[62710,33111],[14,0],[18,5]],[[62742,33116],[53,19],[72,12],[9,12],[23,7],[5,7],[-2,7],[6,6],[8,-1],[9,9],[20,9],[3,10],[-5,7],[19,4],[-2,6],[7,7],[-3,10],[11,0]],[[62975,33247],[132,0],[11,-4]],[[62850,32772],[20,-10],[-30,-16],[5,-4]],[[62845,32742],[-29,-6],[-57,-6],[2,-7],[-20,0],[-2,3],[-27,1],[-15,3],[7,12],[-18,3],[11,18],[-13,3],[-30,-38]],[[62654,32728],[-45,12],[-84,-15],[9,-14],[-34,-6],[-10,-6],[-5,1],[-5,-9],[-15,-8],[-8,0],[-31,15]],[[62413,32812],[-3,11],[25,6],[0,10],[20,1],[11,-3],[5,13],[7,-1],[0,4],[23,13],[17,16],[110,48],[20,-7],[22,-13],[15,-4],[35,28],[27,8]],[[62747,32942],[4,-34],[-17,-27],[-23,-17],[-85,-40],[132,4],[-24,-6],[-16,-13],[3,-2],[7,6],[17,4],[1,-4],[6,1],[10,-11],[-17,-3],[3,-12],[19,2],[11,-2],[-5,-14],[-14,-12],[61,3],[30,7]],[[62845,32742],[7,-2],[24,7],[2,-6],[-6,-9],[11,-4],[8,-12],[6,0],[13,12],[5,0]],[[62915,32728],[2,-4],[-11,-13],[9,-9],[24,0],[8,-10],[-16,-12],[11,-1],[12,6],[5,-2],[-16,-23]],[[62943,32660],[-8,-13],[9,-14],[-10,-16]],[[62934,32617],[-13,-1],[-20,4],[-41,-7],[3,-11],[-9,-6],[-3,2],[-33,-8],[-21,16],[-14,-5],[-8,-20],[-27,3],[5,9]],[[62753,32593],[-6,15],[1,4],[10,3],[-28,46],[-22,0],[-5,4],[-107,-1],[58,64]],[[62934,32617],[4,-10],[43,0],[11,-7],[22,-1],[2,-2],[-20,-13],[-13,-16],[26,-22],[-36,-17],[2,-15],[-7,-23]],[[62968,32491],[-10,-10],[-26,6],[-12,-2],[-3,-7],[13,-23],[-9,-2],[-28,2],[-13,-8],[-8,0],[-44,10],[-32,23],[-6,12],[-45,28],[-10,-5],[-2,-8],[20,1],[5,-3],[-2,-4],[-25,-13],[-14,-1],[-13,-6],[-2,5],[11,17],[-32,20],[-5,0]],[[62676,32523],[-4,2],[6,6],[11,2],[2,15],[18,9],[-8,4],[5,4],[9,1],[1,8],[-8,6],[16,3],[-6,9],[35,1]],[[62676,32523],[-5,-2],[-1,-10],[11,-14],[-2,-4],[-59,15],[-16,0]],[[62604,32508],[-17,-8],[-10,-2],[-10,-8],[-7,2],[-4,15],[-7,-1],[-12,-13],[-18,5],[-14,8],[-5,-2],[-1,-6]],[[62499,32498],[-6,13],[5,1],[-9,22],[-10,4],[-8,9],[16,8],[-5,3]],[[62482,32558],[-24,6],[-10,-1],[-18,10],[4,8],[-8,10],[-31,16],[-21,7],[-36,35]],[[62723,32984],[24,-42]],[[62250,32887],[193,-15],[-2,25],[18,29],[30,24],[16,5],[17,0],[12,2],[7,11],[-35,10]],[[62506,32978],[27,7],[2,-2],[17,3],[9,30],[37,27],[9,3],[28,-1],[14,5]],[[62360,33004],[4,-4],[10,0],[6,-6],[24,0],[5,3],[25,-2],[14,8],[15,-17],[43,-8]],[[62294,32994],[10,5],[27,-1],[8,2],[6,8],[15,-4]],[[63140,32884],[-6,-13],[5,-8],[-17,-8],[-3,2],[-13,-3],[2,-7],[-5,-1],[17,-9],[2,2],[14,-4],[-6,-31],[23,-1],[-38,-40],[-2,-9]],[[63113,32754],[-36,-11],[-37,-3],[-50,1],[0,5],[-17,2],[-32,-7],[-7,3],[-16,-7],[-3,-9]],[[62850,32772],[6,7],[-2,12],[-10,4],[-23,1],[-4,15],[4,5],[15,5],[4,7],[47,42],[13,7],[-9,15],[31,13],[10,0],[10,-5],[14,4],[3,4],[-2,12],[8,7],[24,-3],[10,-5]],[[63367,32911],[36,-27],[-7,-3],[6,-6],[-4,-3],[15,-18],[9,-2],[3,-7],[-3,-16],[9,-4],[-6,0],[-1,-9],[-11,2],[-7,-12],[-29,-27],[-2,-5],[3,-7]],[[63378,32767],[-17,-10],[-28,7],[-4,-6],[-19,9],[-16,-1],[-21,-11],[-5,8],[-32,-9],[-11,3],[-26,-3],[-19,3],[-9,-3],[-58,0]],[[63140,32884],[12,-9],[17,1],[23,12],[56,23],[4,-1],[5,-8],[7,-2],[11,6],[21,3],[27,1],[14,-4],[7,6],[23,-1]],[[63392,32669],[50,-10],[-5,-5],[-23,-4],[-12,-17],[5,-2],[7,-15],[-4,-15],[7,0],[-2,-5],[5,-3],[10,3],[8,-6],[-5,-6],[10,-5],[-13,-3],[119,-40],[-13,-4]],[[63536,32532],[-101,-16],[-53,-5],[-38,6],[-84,8],[-24,-3],[-15,-8],[-19,11],[-5,18],[-19,27],[-45,10],[-41,37],[-24,15],[-13,5]],[[63055,32637],[9,4],[-8,21],[21,12],[20,-1],[9,-19],[33,9],[17,12],[8,1],[11,-3],[1,11],[19,7],[34,9],[3,-3],[35,9],[-1,-14],[15,-25],[54,6],[57,-4]],[[63422,32680],[-26,-6],[-4,-5]],[[63055,32637],[-28,6],[-40,14],[-44,3]],[[63378,32767],[20,-12],[11,1],[-5,-4],[2,-3],[18,-11],[10,-12],[2,-7],[-15,-7],[-7,-9],[8,-23]],[[63536,32532],[20,-6],[11,-21],[-1,-8],[26,-29],[0,-12],[4,-3],[-6,-2],[7,-7]],[[63607,32421],[5,2],[-15,17],[0,4]],[[63607,32421],[-41,-13],[-34,3],[-14,-11],[-34,-3],[-9,2],[4,4],[-24,8],[-35,6],[-16,6],[-17,0],[-12,8],[-30,3],[-8,-1],[-1,5],[-12,1],[-25,-7],[1,-4],[-16,-6],[-4,5],[-13,-6],[-4,-8],[-30,11],[-20,-13],[-17,-4],[-3,-5]],[[63193,32402],[-7,4],[-10,-3],[-34,-17],[-17,9],[-6,-1],[-5,-6],[-15,-1],[-36,7]],[[63063,32394],[-1,4],[-15,5],[-14,18],[6,3],[3,12],[-3,9],[-9,3],[7,3],[8,-2],[3,1],[-7,5],[11,5],[-23,6],[-7,13],[-16,10],[-23,3],[-15,-1]],[[63980,32685],[-6,7],[-1,9],[70,20],[3,4],[-9,11]],[[63985,32644],[13,13],[-20,10],[2,18]],[[63877,32566],[17,0],[16,10],[-3,34],[18,15],[36,16],[24,3]],[[63597,32444],[6,3],[38,4],[3,11],[28,13],[16,24],[5,2],[7,-5],[18,14],[10,2],[13,1],[22,-24],[17,-11],[11,-4],[28,2],[2,3],[-14,8],[7,8],[-16,23],[-18,9],[16,8],[27,5],[12,11],[30,16],[12,-1]],[[63422,32680],[6,-2],[39,14],[53,-6],[-9,-15],[15,5],[14,-8],[6,4],[14,-4],[8,9],[14,-8],[6,10],[16,-5],[3,4],[23,7],[13,11],[33,-13],[10,15],[20,0],[-1,3],[9,1],[0,3],[13,-8],[35,-8],[-2,7],[-27,12],[13,13],[-1,6],[13,-1],[9,5],[18,-5],[12,17],[0,9],[29,-1],[48,38],[6,-4],[23,11],[6,19],[3,2],[11,-6],[24,3],[1,11],[20,4]],[[64037,32736],[-24,15],[-2,6],[-24,7],[-9,19],[-8,4],[3,18],[8,7],[-13,17]],[[63392,33335],[40,-4],[45,1],[2,-7],[11,-2],[2,8],[21,4],[11,0],[4,-9],[20,8],[18,-1],[36,-6],[20,-8],[15,-2],[27,-21],[22,-11],[5,-10],[-12,-21],[19,-2],[74,-19],[58,10],[59,17],[52,-20],[26,-14],[18,-15],[11,-2]],[[63996,33209],[-72,-41],[-31,-3],[-16,-5],[-16,-12],[-6,-15],[-8,-1],[-17,8],[-14,1],[-25,-9],[-5,-9],[-15,-5],[-13,1]],[[63758,33119],[-9,-2],[-17,3],[-22,8],[-8,6],[-49,9],[-20,20],[-31,4],[-9,-4],[-7,4],[10,-8],[-1,-3],[-9,-3],[0,-5],[-37,-7],[-25,-18],[-47,1],[-17,-11],[3,-20],[12,-17],[-20,-6],[-6,6],[-28,-4],[-34,3],[-38,-22],[-58,-3],[-26,2]],[[63265,33262],[34,6],[21,-7],[19,1],[-3,14],[13,16],[-1,11],[-29,23],[-10,-1],[4,13],[19,7],[37,-9],[23,-1]],[[63758,33119],[2,-3],[-14,-16],[-33,-9],[-3,-3],[35,-23],[6,-9],[-41,12],[-27,-12],[-24,-28],[-6,8],[-36,-1],[-11,2],[2,3],[-12,2],[-4,-5],[-20,-3],[-5,-15],[-17,6],[-26,0],[-11,-6],[-7,4],[-10,-8],[-3,2],[-7,-3],[-31,-38],[-31,-30],[-18,-13],[-23,-5],[-16,-17]],[[63968,32829],[-6,4],[2,15],[16,44],[17,1],[10,9],[0,5],[30,18],[47,10],[22,18],[5,16],[15,14],[0,11],[10,7],[4,15],[-16,34],[5,11],[-8,21],[14,19],[37,18],[5,7],[34,22]],[[63996,33209],[37,-11],[39,-8],[46,-18],[61,-18],[32,-6]],[[54250,35326],[40,-15],[60,-11],[31,-38],[31,-26],[57,-5]],[[54469,35231],[2,-8],[9,0],[1,-8],[-17,1],[-16,-25]],[[54448,35191],[-121,27],[-47,1],[-32,-7],[-58,3],[-13,4]],[[54177,35219],[33,62]],[[54210,35281],[59,-13],[7,18],[-14,10],[-34,5],[-14,9],[30,19],[6,-3]],[[54129,35400],[-117,-57]],[[54012,35343],[-30,16]],[[53982,35359],[-66,44],[-46,40]],[[53870,35443],[27,6],[42,-4],[85,3],[4,-16],[35,5],[26,-14],[3,2],[37,-25]],[[54012,35343],[37,-16],[52,-19],[109,-27]],[[54177,35219],[-24,7],[-36,5],[-116,43],[-12,5],[-13,-1],[-54,37],[-6,-3],[4,-3],[-5,-6],[-24,2],[-9,5]],[[53882,35310],[100,49]],[[55610,35336],[-7,-8],[5,-6],[-6,0],[-1,-6],[5,-5],[-5,-11],[11,-35],[21,-38],[-23,-5],[-38,-3],[-76,-6],[-39,-6],[-7,4]],[[55450,35211],[-2,9],[-16,16],[2,6],[5,1],[-6,7],[3,11],[5,10],[21,21],[-1,10],[-18,10],[-30,-3],[-25,6],[4,15],[11,10],[-2,4],[12,6],[-1,3],[9,6],[-1,3]],[[55420,35362],[87,23],[64,4],[61,13],[45,5],[-16,-26],[-24,-12],[-21,-18],[0,-9],[-6,-6]],[[54307,35397],[-2,-33],[-23,-13],[-32,-25]],[[54129,35400],[33,-21],[48,29],[9,2],[12,16],[23,-5],[-6,-8],[33,-12],[26,-4]],[[53979,35543],[2,-5],[-7,-3],[34,-48],[-53,-7],[-4,8],[-12,-2],[-3,8],[-22,-2],[-21,5],[-9,16],[-6,2],[-5,6],[-25,-4],[-42,5],[30,-41],[34,-38]],[[53882,35310],[-10,13],[-46,27],[-24,21],[-11,37],[-8,8],[-5,0],[3,-17],[-11,18],[-10,15],[-12,7],[-20,3],[2,18],[-4,-2],[-2,4],[2,25],[-8,12],[1,22],[-8,23],[3,25],[-2,5],[-7,-1]],[[53705,35573],[226,39]],[[53931,35612],[10,0]],[[53941,35612],[38,-69]],[[54290,35555],[67,-20]],[[54357,35535],[3,-20],[-50,-79],[-3,-39]],[[53979,35543],[125,18],[4,-5],[37,-1],[145,0]],[[55553,35671],[-14,-10],[28,-13],[30,-9],[4,-6],[-16,-2],[3,-12],[39,-18],[4,-16],[-52,-13],[-15,1],[-34,-17],[-69,-19],[-52,-24]],[[55409,35513],[-17,7],[-38,22],[-22,29],[-22,17],[-32,16],[-25,9],[-1,4],[-10,-2],[-107,11],[18,26],[-19,4],[2,3],[-21,12],[-2,23],[5,8]],[[55118,35702],[35,-8],[57,-4],[55,-13],[78,-10],[1,2],[84,-2],[125,4]],[[54932,35174],[5,-10]],[[54937,35164],[-16,2],[0,5],[11,3]],[[54929,35179],[3,-4]],[[54932,35175],[-11,-3],[-3,-7],[-27,1],[6,7],[32,5],[0,1]],[[54925,35187],[4,-8]],[[54929,35179],[-10,-3],[-15,1],[-11,-4],[-6,-6],[-24,3],[20,11],[8,3],[23,1],[11,2]],[[54909,35217],[13,-24]],[[54922,35193],[2,-4],[-17,-2],[1,2],[-14,-2],[-2,7],[11,12],[-12,-11],[1,-8],[-7,2],[2,8],[-2,6],[1,6],[23,8]],[[54893,35247],[15,-29]],[[54908,35218],[-23,-10],[-2,-5],[3,-6],[-7,-3],[5,-1],[-2,-4],[5,-3],[-9,-4],[0,4],[-9,-9],[-19,2],[14,5],[-6,2],[-9,-6],[16,-4],[-15,-6],[-19,1],[1,6],[-3,5],[6,1],[4,-5],[5,1],[-4,7],[0,-7],[-5,7],[-6,-3],[-3,2],[17,6],[24,18],[-25,-18],[-20,-6],[9,-8],[-5,-7],[-14,0],[0,20],[-2,-20],[-5,11],[0,-11],[-37,4],[-20,1],[-2,1],[10,7],[-13,-8]],[[54743,35175],[-3,15]],[[54740,35190],[60,13],[16,-4],[9,4],[6,1],[11,3],[15,3],[-12,-1],[-36,-8],[-4,4],[8,1],[10,7],[17,8],[14,-2],[3,2],[-6,3],[-4,-3],[-5,2],[1,12],[14,3],[22,11],[6,-10],[-4,9],[12,-1]],[[54882,35261],[7,-7]],[[54889,35254],[-9,-1],[2,8]],[[54863,35284],[18,-21]],[[54881,35263],[-2,0],[-16,21]],[[54863,35284],[14,-24],[-1,-7],[-33,5],[-9,-1],[-18,4],[-30,-6],[30,4],[16,-4],[11,1],[28,-3],[-6,-6],[-23,-7],[-12,-19],[-34,-14],[-23,-4],[-4,4],[-7,0],[8,-4],[-30,-8]],[[54740,35195],[-4,27],[-6,0],[-1,4],[-11,0],[-2,9],[-6,4],[-44,-2],[-11,39],[-15,15],[-26,61]],[[54614,35352],[118,-12],[15,3],[13,5],[-59,37],[134,23],[29,-48],[0,-23],[-13,-19],[11,-8],[1,-26]],[[54743,35175],[-36,3],[15,8],[10,0],[8,4]],[[54740,35195],[-27,-6],[-17,-1],[-14,-4],[-14,-2],[-25,1],[-4,6],[-7,-3],[-25,4],[-22,-1],[-38,1],[-49,-3],[-50,4]],[[54469,35231],[25,0],[-7,10],[5,1],[-2,5],[9,2],[-5,6],[-18,-4],[-4,18],[-11,11],[5,13],[16,6],[13,9],[-9,20],[20,67],[2,5],[9,-1]],[[54517,35399],[12,-2],[26,-32],[27,-10],[32,-3]],[[55378,36010],[48,-19],[20,-23],[47,-23],[21,-18],[14,-28],[4,-26],[-36,-31],[61,-81],[8,-8],[12,-6],[2,-11],[10,-11],[-4,-27],[-9,-12],[-23,-15]],[[55118,35702],[4,7],[-10,10],[-10,5]],[[55102,35724],[-17,11],[13,15],[-7,2],[-2,25],[33,18],[109,-4],[21,-4],[98,16],[-10,26],[2,13],[-24,41],[10,14],[-17,26],[3,9],[-12,12],[-4,13],[17,10],[12,52],[51,-9]],[[54357,35535],[70,-22],[2,-2],[-21,1],[-1,-12],[10,-1],[-4,-18],[17,-1],[5,-24],[82,-21],[0,-36]],[[56266,35409],[0,0]],[[56225,35448],[-6,-4]],[[56219,35442],[11,-4],[1,-7],[19,-2],[15,-20],[3,-14],[6,-5]],[[56234,35349],[-77,-15],[-21,-5],[-2,2],[-47,-12],[-73,-15],[-4,4],[-10,-1],[10,-4],[-11,0],[-18,-6],[-8,5],[-14,5],[17,-8],[-2,-3],[-10,-3],[-5,2],[-1,-3],[-19,-4],[-102,-17],[-13,-5],[-127,-26],[-54,-13],[-9,11],[1,5],[-6,2],[-14,19],[-5,27],[-4,0],[-3,10],[5,10],[-5,7],[8,5],[-6,6],[5,7]],[[55420,35362],[-5,5],[-1,17],[8,8],[-6,4],[6,5],[-8,28],[-28,18]],[[55386,35447],[-19,8],[0,11],[-11,6],[13,5],[-13,21],[53,15]],[[55378,36010],[23,32],[11,8],[55,18],[36,5]],[[54431,36319],[0,0]],[[54454,36325],[0,0]],[[55320,36360],[0,0]],[[55345,36363],[-1,-2],[18,0],[47,-23],[8,-1],[8,2]],[[55102,35724],[-9,-2],[-15,9],[-10,2],[-65,-8],[-25,25],[-20,-3],[-55,2],[-10,11],[-26,4],[-29,17],[-26,1],[-22,-7],[-13,1],[-21,-7],[-12,-8],[-24,-3],[-117,-26],[0,3],[-73,-16],[-63,89],[-83,-1]],[[54384,35807],[-51,54]],[[54333,35861],[69,-12],[20,22],[3,11],[11,7],[-5,11],[62,5],[34,-13],[25,1],[51,8],[21,21],[41,2],[51,7],[2,28],[-32,9],[-27,28],[30,3],[-66,46]],[[54431,36317],[7,5]],[[54440,36323],[12,0],[5,2],[4,-1],[-6,7],[7,5],[0,6]],[[54463,36347],[6,4]],[[54469,36351],[12,-2],[-5,-2],[8,1],[-7,-4],[0,-6],[4,5],[7,3],[39,-12],[22,0],[63,13],[28,-5],[22,-11],[21,-32],[41,-32],[41,-19],[30,-5],[31,7],[24,10],[14,8],[12,14],[19,16],[70,-4],[42,4],[87,32],[10,8],[0,20],[7,8],[52,7],[19,1],[22,-4],[26,-23],[22,-10],[13,4],[26,18],[29,-2],[22,6]],[[54333,35861],[-19,37],[4,7],[-12,19],[14,8],[-11,16]],[[54309,35948],[-11,10],[-25,2],[-3,13],[-14,-3],[-21,17],[-5,11],[-33,11],[-38,4],[-15,7],[10,6]],[[55075,35219],[2,0]],[[55075,35219],[0,0]],[[55450,35211],[-1,-6],[-13,-3],[-125,-14],[-21,1],[11,-2],[-38,-4],[-19,9],[-17,3],[25,-7],[5,-5],[-39,-5],[-10,1],[0,6],[-7,0],[0,11],[-2,-9],[9,-3],[0,-6],[-31,-2],[0,13],[-2,-14],[-4,0],[-3,13],[2,-13],[-21,-2],[-4,8],[0,-8],[-20,1],[-1,-3],[-10,1],[-1,8],[-2,-8],[-4,10],[1,-11],[-6,1],[-3,-3],[-7,6],[3,23],[-5,-17],[2,-11],[-7,3],[-5,8],[3,-11],[-2,-2],[-3,15],[1,-13],[-2,-3],[-3,8],[-1,-6],[-3,4],[2,18],[-5,-12],[3,-8],[-5,-2],[-7,12],[3,-11],[6,-2],[-13,0],[-7,2],[-2,4],[5,9],[-8,-5],[3,10],[-5,-7],[4,-8],[4,-4],[7,-3],[-20,-1],[-6,17],[4,-16],[-16,1],[4,28],[-6,-30],[-19,-1],[0,18],[-2,-18],[-57,0]],[[54932,35174],[0,1]],[[54925,35187],[12,-1],[23,4],[9,-5],[-5,7],[37,4],[8,3],[-19,-4],[-24,-1],[3,6],[-5,-3],[1,7],[-4,0],[3,-10],[-8,-5],[-21,-1],[17,5],[4,9],[-3,3],[-1,-11],[-19,-6],[-6,2],[18,7],[-11,-2],[-8,-4],[6,6],[-9,0],[8,9],[-5,4],[-6,-1],[7,-3],[-5,-10],[6,-1],[-6,-2]],[[54909,35217],[-1,1]],[[54893,35247],[19,-3],[-15,5],[4,3],[9,-1],[25,-12],[5,-10],[6,-3],[16,-3]],[[54962,35223],[1,0]],[[54963,35223],[11,-6],[12,1],[10,-3],[9,0],[5,3]],[[55010,35218],[6,2]],[[55016,35220],[11,-1],[5,3],[13,-4],[12,-2],[5,-4],[9,0],[-13,5],[10,3],[9,-2],[13,-1],[7,-6],[35,-5],[-23,6],[12,3],[-10,1],[9,5],[-5,0],[4,6],[-5,-2],[0,-4],[-7,-9],[-9,0],[-6,4],[12,0],[-13,3],[-11,0]],[[55080,35219],[32,30],[8,1],[2,7],[-6,1],[23,19],[-6,22],[24,2],[0,5],[8,0],[4,4],[-21,26],[28,13],[-19,9],[-12,9],[39,16],[92,21],[29,10],[13,7],[36,11],[32,15]],[[55016,35220],[0,0]],[[54963,35223],[0,0]],[[55080,35219],[-3,0]],[[55075,35219],[-7,2],[-9,0],[-3,6],[7,5],[17,1],[8,3],[-24,-4],[-9,2],[6,4],[-4,1],[-4,-5],[7,-2],[-6,-4],[3,-8],[-3,-1],[-21,5],[-23,-3],[-13,-4],[-21,5],[4,-2],[-33,9],[3,1],[17,-4],[5,1],[7,10],[31,-1],[-27,3],[5,3],[26,-1],[14,3],[-8,1],[-3,-3],[-28,0],[11,3],[-7,0],[-16,-8],[-9,-10],[-19,5],[-7,5],[-1,5],[-18,8],[12,5],[-14,-4],[-5,2],[-17,2],[-10,-1]],[[54882,35261],[-1,2]],[[54290,35555],[-41,56],[6,2],[-9,8],[-4,-1],[-45,58],[21,-1],[1,32],[7,-2],[17,8],[-8,6],[26,7],[1,7]],[[54262,35735],[85,-5],[57,1]],[[54404,35731],[12,0],[-14,12],[-20,32],[-25,17],[27,15]],[[63047,33339],[34,10],[13,-13],[9,2],[3,-3],[10,9],[25,9],[16,0],[10,5],[31,0],[18,8],[11,-4],[0,-4],[7,-3],[1,-3],[-31,-16],[-4,-8],[-11,-2],[-43,-29],[-24,-8],[3,-3],[22,4],[14,-11],[13,-2],[7,-12],[-1,-8]],[[62975,33247],[-5,3],[2,8],[-22,3],[0,10],[-14,18],[-47,26],[-8,2],[-8,-4],[4,-3],[-10,-9],[-16,-3],[1,-5],[-58,-6],[-8,28],[-23,34]],[[62763,33349],[-10,17],[-6,33],[-7,5]],[[62740,33404],[14,0]],[[62754,33404],[2,-5],[55,-12],[58,-3],[57,-14],[6,8],[15,0],[2,-7],[-4,-2],[73,-34],[20,2],[4,4],[5,-2]],[[62585,33418],[-35,-9],[-26,-13],[-17,-14],[-11,-19]],[[62496,33363],[-24,4],[-8,-13],[-2,3],[-38,6],[-4,-7],[-26,15],[29,64],[-53,5],[3,10],[3,1]],[[62376,33451],[21,0],[9,4],[-3,6],[24,5],[17,-4],[14,15],[51,79],[-2,14],[21,1]],[[62528,33571],[60,-26],[11,-11],[2,-6],[-12,-3],[-34,-49],[17,-4],[3,-3],[1,-11],[-7,-8],[-7,-27],[24,-3],[-1,-2]],[[62529,33576],[-1,-5]],[[62376,33451],[-6,6],[-28,15],[-47,-25],[-18,-5],[-35,-5],[-4,-3],[1,-10],[-24,2],[-19,11]],[[62369,33654],[17,-17],[19,-12],[26,-10],[64,-15],[34,-24]],[[62496,33363],[-5,-23],[9,6],[65,-23]],[[62565,33323],[-17,-23],[-49,-35],[-19,-24]],[[62480,33241],[-27,10],[-20,-19],[-64,-35],[-10,6]],[[62818,33529],[29,-52],[-48,-21],[-7,3],[-16,0],[1,-18],[37,3],[16,-25],[-35,-11],[-41,-4]],[[62740,33404],[-27,2],[-25,15],[-35,-14],[-5,2],[-12,-2],[-22,2],[1,6],[-30,3]],[[62529,33576],[22,-1],[44,3]],[[62595,33578],[0,-3],[45,-1],[18,-4],[9,-16],[17,-1],[0,4],[14,0],[0,-2],[33,-7],[25,-14],[2,-4],[-4,-4],[12,-3],[0,-5],[11,0],[1,3],[18,0],[22,8]],[[62918,33935],[-2,-2],[5,-7],[-13,-9],[25,-6],[1,-9],[-6,0],[19,-16],[-3,-30],[5,-9],[11,-1],[-23,-2],[9,-13],[-17,-4],[5,-8],[-3,-10],[13,-2],[-2,-8],[-16,1],[-7,-21],[-21,2],[22,-53],[-7,-23],[5,-15],[-7,-12],[6,-5],[-4,-4],[-8,2],[-3,-4]],[[62902,33667],[-18,0],[0,3],[-24,-1],[-11,-3],[-4,2],[-14,-1],[-38,9],[18,15],[-5,9],[-7,-3],[-1,4],[-12,1],[8,17],[-5,5],[-13,1],[5,11],[-4,1],[-86,3],[-10,-1],[-5,-4],[-9,7]],[[62667,33742],[15,25],[-27,57],[-4,22]],[[62480,33241],[29,-16],[24,-19],[45,-66],[26,-1],[9,7],[10,-1],[10,-5],[27,4],[-5,-10],[17,-9],[8,1],[10,-9],[20,-6]],[[62360,33004],[5,-1],[6,5],[8,1],[2,5],[9,1],[19,13],[-1,9],[22,5],[9,9],[-9,16],[6,17],[-9,2],[-3,4],[-14,5],[-35,-15],[-3,5],[6,4],[-14,11],[8,7],[-5,1],[3,7],[-16,22],[12,7],[-11,2],[-13,12],[3,30],[14,15]],[[62675,33315],[4,1],[11,-9],[-4,-1],[20,-15],[27,-1],[38,-6],[4,-17],[-17,-2],[-1,8],[-25,-4],[2,-28],[27,-1],[19,8],[8,-1],[19,-24],[-11,-13],[-10,0],[-9,-9],[-5,-9],[8,-4],[-18,-17],[-14,-4],[-9,-11],[-8,-1],[7,-4],[-3,-15],[7,0],[6,-7],[-9,-3],[3,-10]],[[62565,33323],[33,-7],[35,-19],[42,18]],[[62675,33315],[-10,7],[18,20],[45,21],[35,-14]],[[62667,33742],[-17,-44],[48,-54],[8,-15],[0,-14],[-10,-4],[-25,-2],[-51,-25],[-25,-6]],[[62902,33667],[5,-2],[28,2],[25,-6]],[[62960,33661],[-5,-15],[13,-6],[-12,-22],[-21,-25],[-41,-33],[-12,-19]],[[62882,33541],[-23,1],[-2,12],[-15,-1],[-7,-14],[-19,-2],[2,-8]],[[64555,33556],[-11,9],[-135,55],[-18,64],[-17,25],[-16,13],[-22,12],[-5,-5],[-27,18],[0,4],[-28,14],[-98,22],[-42,37],[-68,24],[-32,24],[-87,92],[-39,35],[-11,16],[-36,26],[-76,42],[-1,16],[-9,4],[-9,18]],[[64573,33543],[-18,13]],[[64573,33543],[-157,-20],[-18,0],[-29,5],[-38,-2],[-19,4],[-53,-6],[-54,-1],[-18,-4],[-11,4],[-17,-3],[-34,1],[-63,22],[-81,4],[18,14],[-14,1],[0,5],[-10,1],[-15,-6],[-12,1],[-13,-4],[-15,2],[-9,-8],[-47,-1],[-19,-8],[-7,0],[3,12],[-35,-9],[5,-2],[-9,-3],[-3,-5],[-13,11],[-6,-13],[-8,5],[-8,-1],[-5,-6],[5,-12],[-10,-23],[-15,-9],[-14,0],[-1,6],[-23,-12],[5,-6],[-36,-7],[-35,-15],[-23,1],[-17,-5],[-23,0],[-10,-4],[-3,2],[-6,-1],[-48,43],[-19,-3],[7,-15],[-27,-2],[-4,4],[-19,-31],[1,-12],[-36,13]],[[63408,33445],[-25,9],[-10,0],[-5,5],[-7,-1],[-1,4],[-22,6],[-5,-4],[-5,2],[3,5],[-3,0],[-38,-17],[-17,-3],[-22,6],[-16,-4],[-12,8],[4,1],[10,-2],[2,5],[-14,3],[-2,3],[8,-1],[7,3],[-2,5],[28,26],[-68,12],[-8,-3],[4,-3],[-3,-5],[-30,-6]],[[63159,33499],[12,21],[21,13],[6,7],[1,10],[8,12],[-7,12],[0,11],[7,4]],[[63207,33589],[46,27],[-1,5],[8,5],[73,21],[60,48],[-13,10],[-67,19]],[[63313,33724],[-13,13],[-3,18],[-13,10],[0,12],[12,12],[43,19],[14,22],[13,11],[-3,3],[12,24],[-16,17],[-16,7],[-13,27]],[[63768,34121],[-50,-13],[-38,6],[-42,-1],[-15,14],[-18,31],[3,14],[-6,16]],[[64727,33408],[-31,121],[-62,-7],[-21,19],[-28,-4],[-12,6]],[[64211,33148],[20,-23],[18,-12],[19,-5],[17,-8],[42,-3],[42,3],[43,19],[40,-2],[27,-5],[64,21],[26,5],[16,8],[24,4],[43,28],[7,13],[-49,24],[-8,11],[-39,24],[31,18],[9,31],[1,40],[49,13],[15,7],[15,34],[23,12],[21,3]],[[63392,33335],[3,9],[12,8],[-9,14],[6,-1],[12,4],[-11,30],[-8,9],[0,10],[8,7],[-4,3],[-13,3],[16,2],[2,1],[-14,6],[1,2],[8,-3],[7,6]],[[63047,33339],[16,9],[20,30],[3,0],[4,22]],[[63090,33400],[27,-2],[14,17],[-1,5],[-6,-1],[-4,6],[3,8],[14,10],[8,0],[16,8],[5,17],[-12,27],[5,4]],[[63313,33724],[-3,-9],[7,-4],[-8,-10],[-32,-3],[-13,10],[-15,-2],[0,9],[-7,5],[-29,11],[-25,-1],[-6,-5],[-28,-3],[-12,-5],[-45,8],[-17,7],[-8,-15],[3,-8],[-28,5],[-44,-3],[-1,-13],[-10,-23],[-27,-16],[-5,2]],[[63207,33589],[-11,3],[-4,-4],[-10,1],[11,12],[-9,4],[-22,-9],[-7,0],[-10,7],[1,3],[-32,4],[-39,-30],[-75,-92],[-27,-9]],[[62973,33479],[-50,-18],[-3,9],[-34,16],[-4,55]],[[62973,33479],[11,-13],[5,-19],[-12,-8],[6,0],[40,-21],[-2,-2],[11,-5],[21,-6],[37,-5]],[[59532,34221],[33,-2],[42,-29],[6,3],[2,-14],[11,-26],[7,-5],[-2,-13],[3,-5],[22,-4],[1,-6],[20,-7],[9,-10],[19,1],[67,-10],[15,-8],[14,-1],[23,-7],[14,-17],[26,-8],[-3,-35],[-17,-14],[-28,1],[-7,-8],[5,-10],[24,0],[3,-3]],[[59841,33984],[-2,-8],[-11,3],[-15,-1],[-16,4],[-12,-5],[0,-5],[9,-5],[22,-2],[-2,-13]],[[59814,33952],[-1,-9],[19,-6],[-1,-4],[-8,-6],[-21,-5],[-13,-8]],[[59789,33914],[-14,9],[-3,11],[-11,3],[-15,2],[-30,-6],[-8,6],[-35,-8],[-18,6],[-15,-1],[-10,15],[-10,-5],[-6,4],[-33,-1],[-9,5]],[[59572,33954],[-16,3],[7,7],[-12,5],[0,4],[-6,-1],[-5,3],[2,5],[-6,1],[0,3],[-9,4],[-2,4],[-6,1],[-6,11],[-10,2],[1,6],[-9,9],[-13,8],[-26,25],[-61,26],[-45,10],[-10,-1],[-27,21],[4,9]],[[60240,33908],[-15,8],[-8,2],[-48,-3],[-73,3],[-40,-4],[-35,-15],[-8,0]],[[60013,33899],[10,9],[10,17],[-45,5],[-14,6],[-5,7],[-25,8],[-2,4],[-15,3],[-8,-13],[-4,0],[-2,-4],[-30,6],[-69,5]],[[59841,33984],[31,2],[26,-4],[0,4],[38,-9],[28,24],[-25,34],[-2,21],[-12,15],[24,-6],[21,9],[-4,18],[16,17],[22,15],[3,9],[-8,16],[-9,7],[-9,3],[-3,5],[7,3],[-9,9],[1,10],[-7,2],[-3,9]],[[60268,33709],[-121,-1],[-2,12],[-8,0],[-19,-2],[-10,2],[-7,-2],[-3,-5],[-11,0],[1,24],[-13,4],[-8,-22],[-48,23],[-10,-4]],[[60009,33738],[5,14],[-16,2],[-4,6],[26,19],[11,0],[-5,14],[11,18],[-2,2],[-14,-2],[-3,2],[14,8],[-8,11],[8,21],[-17,9],[-6,29],[4,8]],[[60190,33532],[-26,-4],[-11,-9],[5,-12],[-17,6],[-7,0],[-4,-12],[-48,0]],[[60082,33501],[-5,4],[-36,-10],[-26,0],[-26,15],[-2,6],[-56,-9],[-46,1],[-39,-4],[-50,0],[10,-20],[-22,-2],[-57,7],[-43,-1],[-36,13],[-3,4]],[[59645,33505],[35,-1],[-1,12],[-22,10],[-7,7]],[[59650,33533],[6,10],[38,6],[20,17],[38,9],[-16,29],[79,-5],[-4,-19],[30,2],[29,-4],[42,2],[5,-6],[3,4],[7,-2],[17,10],[-19,9],[7,6],[18,-8],[4,2],[15,1],[9,-2],[5,3],[-21,11],[-20,16],[12,5]],[[59954,33629],[13,-7],[12,1],[26,23],[31,-17],[31,-5],[25,5],[14,-12],[-2,-14],[11,-21],[8,-1],[8,9],[7,1],[9,-2],[11,-13],[28,5],[32,-13],[0,-5],[-28,-31]],[[60082,33501],[31,-36],[-21,-2],[16,-40],[5,-2],[-34,-30]],[[59676,33441],[-12,46],[-31,10],[0,8],[12,0]],[[59984,33670],[-8,-15],[-22,-12],[0,-14]],[[59650,33533],[-38,20],[-12,-5],[-19,6],[-6,-6],[-26,0],[-13,3],[13,18],[-19,24],[12,4],[6,-6],[19,2],[0,6],[-4,1],[14,10],[1,6],[-6,1],[2,3]],[[59574,33620],[26,3],[22,6],[30,18],[16,17]],[[59668,33664],[26,-7],[119,45],[33,6],[20,0]],[[59866,33708],[11,-13],[4,1],[11,-6],[24,-1],[9,-10],[7,-1],[13,5],[5,-1],[8,-11],[26,-1]],[[59789,33914],[0,-18],[4,0],[0,-9],[7,-8],[5,-19],[4,-3],[26,0],[7,-8],[-15,-52],[-11,-14],[-9,2]],[[59807,33785],[-13,14],[-29,16],[-10,16],[-20,2],[-24,-2],[-47,5],[-16,5],[-18,-11],[-6,1],[-30,-6],[6,9],[-5,-1],[-3,5],[-18,5],[3,3],[-14,7],[4,3],[-12,6],[-5,-6],[-26,9],[-9,-1]],[[59515,33864],[-1,5],[15,4],[0,9],[-5,25],[-14,20],[11,9],[-4,2],[55,16]],[[59464,33787],[1,-12],[30,-20],[27,-4],[1,-11],[-38,-8],[0,-2]],[[59485,33730],[-44,-1],[-41,3],[-4,-16],[3,-13],[9,-1],[9,-8],[4,0],[7,-12],[-32,-11]],[[59396,33671],[-14,-5],[-9,6],[-21,-5],[-11,-8],[6,-4],[-2,-5],[-8,-3],[-61,4],[-6,-14],[31,-13],[-11,-4]],[[59290,33620],[-8,-2],[-3,3],[-6,-3],[-10,7],[1,4],[-5,0],[-2,-5],[-5,0],[6,-13],[-28,-8],[-5,3],[-19,-7],[-13,2],[-1,-3],[-21,-11],[-17,10],[-63,-3],[-4,-8],[-175,47],[10,4],[-63,13],[17,28],[-21,7],[11,14],[17,1],[0,3],[-8,0],[5,12]],[[58880,33715],[-2,22],[8,3],[1,6],[-13,10],[-5,15],[3,12],[-17,23],[12,10]],[[58867,33816],[21,-9],[44,28],[30,1],[43,6],[58,-1]],[[59063,33841],[27,7],[35,3],[18,-3],[28,11],[45,-14],[26,-4],[21,1],[51,5],[104,19],[26,-80],[20,1]],[[58958,34208],[-33,-41],[-31,-64],[17,-8],[23,-4],[9,-7],[35,-13],[32,-2],[23,-8],[12,-11],[59,-7],[52,-12],[3,-3],[53,-6],[5,-7],[9,-2],[11,-14],[30,-7],[6,-5],[-20,-2],[-59,11],[-50,-6],[-27,7],[-96,-9],[-6,-37],[-11,-25],[-2,-28],[-6,-18],[-4,-11],[-13,-7],[24,-10],[36,-3],[24,-8]],[[58867,33816],[-118,49],[-97,37],[-57,31],[-60,55],[-21,14]],[[58880,33715],[-84,18],[-17,-18],[-39,-8],[-23,-16],[-89,41],[-39,23],[-31,24],[-11,-5],[-12,1],[-20,-5],[-25,-17],[-65,-24],[-19,-20]],[[58406,33709],[-6,1],[1,4],[-35,14],[-2,5],[-10,1],[-18,23],[-31,6],[-6,9],[13,10],[0,14],[-42,16],[-29,21],[-45,14],[-54,13],[-8,7],[-53,0],[-14,-6],[-29,1],[-22,10],[-5,-1],[-32,11],[-30,1],[-25,5],[-16,-2],[-12,-5],[-27,-7],[-36,-1],[-10,9],[1,5],[24,24]],[[59396,33671],[1,-6],[4,-1],[14,5],[5,-5],[4,1],[9,-5],[-10,-6],[0,-4],[17,-10],[18,-1],[6,-4],[1,-8],[23,2],[-4,-5],[6,-2],[5,2],[5,-4],[33,0],[21,8],[6,-5],[14,-3]],[[59527,33319],[-100,19],[-43,0],[-33,12],[-28,-2],[-58,16],[-37,-1],[-71,11],[-5,9]],[[59152,33383],[-4,8],[8,7],[3,10],[7,2],[15,13],[0,4],[-9,6],[-9,-1],[-15,10],[-3,16],[31,1],[16,5],[2,4],[-8,9],[5,14],[0,21],[-5,0],[3,36],[-5,1],[11,7],[40,13],[1,8],[37,11],[13,9],[-4,4],[11,7],[1,8],[-4,4]],[[60190,33532],[-6,-8],[3,-8],[40,12],[45,21]],[[59984,33670],[0,9],[-17,20],[17,17],[-11,14],[14,4],[15,0],[7,4]],[[59807,33785],[18,-31],[41,-46]],[[59668,33664],[-51,14],[53,37],[-4,2],[-16,-7],[-16,8],[-4,9],[14,3],[-33,19],[-80,-15],[-46,-4]],[[59464,33787],[31,2],[-14,39],[28,22],[-13,4],[-1,6],[13,5],[7,-1]],[[59152,33383],[-60,10],[1,4],[-17,3],[-11,5],[-28,-2],[-11,7],[-18,1],[0,2],[-16,-1],[-4,-9]],[[58988,33403],[-85,15],[-1,35],[-17,30],[-32,1],[14,15],[-21,5],[-38,-1],[23,31],[2,20],[-4,11],[-100,-35],[-230,-67]],[[58499,33463],[-11,16],[-36,11],[-30,0],[-13,6],[-16,-5]],[[58393,33491],[-3,4],[16,11],[-2,8],[13,0],[-2,7],[28,4],[2,5],[12,2],[-1,8],[16,4],[-1,14],[12,6],[-3,6],[-11,4],[-9,8],[-5,16],[-6,3],[2,7],[34,7],[-5,9],[-11,0],[-18,10],[-7,0],[-5,4],[-39,10],[7,7],[-3,1],[8,18],[15,10],[-1,12],[-20,13]],[[58988,33403],[-7,-12],[-10,-7],[-2,-10],[-9,-5],[-27,20],[-24,-4],[1,-13],[-4,1],[-4,-6],[8,-24],[-4,-18]],[[58906,33325],[-13,-7],[-8,1],[-5,-5],[-8,-2],[-3,1],[-9,-6],[-6,3],[-5,-4],[-9,0],[-5,-4],[-21,-3],[-12,-8],[-11,1],[3,-8],[-4,0],[1,-5],[-8,-2],[4,-3],[-7,-5]],[[58780,33269],[-23,-1],[-3,3],[-6,-4],[-1,3],[-13,-2],[0,10],[-12,1],[3,4],[-6,14],[-7,0],[-1,6],[-6,2],[5,5],[-3,2],[-8,0],[1,3],[-24,7],[0,5],[-9,2],[-8,9],[-1,-2],[-8,1],[-13,18],[-14,4],[1,4],[-38,10],[-3,4],[-6,-1],[-3,5],[-7,-2],[-4,7],[-21,2]],[[58542,33388],[-7,11],[-10,0],[-13,6],[-34,0],[-14,8],[1,13],[10,5],[2,7],[13,7],[-3,13],[12,5]],[[55922,38315],[-12,-1],[-6,-10],[-22,-9],[-48,-11],[9,-6],[-4,-19],[-10,-28],[-20,-22]],[[55809,38209],[-28,9],[-44,6],[-41,14],[-26,-1]],[[55670,38237],[-35,14],[101,17],[-25,39],[-79,2],[-3,14],[-4,4]],[[55625,38327],[8,-8],[12,4],[-13,-6],[2,-5],[19,-1],[8,2],[5,-3],[26,-2],[7,2],[-7,6],[8,-3],[2,-4],[27,3],[35,9],[3,4],[5,0],[9,6],[-3,-6],[5,0],[18,9],[45,29],[11,13],[-14,1],[11,2],[10,-2],[46,13],[24,2]],[[55934,38392],[2,-1],[-2,-14],[14,-8],[4,-14],[-6,-6],[-1,-19],[-23,-15]],[[56479,38629],[-13,-2],[-19,-6],[-26,-15],[-25,-31],[-5,-17],[-13,-15],[-5,-16],[-45,-38],[2,-23],[-9,-20],[126,-3],[8,23],[45,-7],[17,0],[3,-1],[-17,-12],[-8,-22],[14,-22],[-22,-24],[-18,1],[-18,7],[-62,3],[-23,-1],[-16,-33],[-20,3],[-2,-13],[9,-18],[-5,-7],[-72,-3],[4,-17],[-6,-16]],[[56258,38284],[-45,-15],[-78,-10],[-62,-21],[15,-3],[14,-10],[-1,-9]],[[56101,38216],[-26,0],[-24,-6],[-11,8],[-112,-18]],[[55928,38200],[0,9],[31,7],[4,10],[-3,6],[15,6],[-3,7],[-6,2],[5,5],[-7,7],[-6,-2],[-21,27],[-1,23],[-14,8]],[[55934,38392],[12,5],[-11,5],[7,-1],[4,4],[0,-6],[4,0],[39,15],[24,20],[-1,0],[-17,-11],[-7,-9],[-7,-1],[-11,2],[-9,13],[-14,7],[-3,8],[6,10],[23,10],[-40,-3],[-22,6],[2,37],[8,17],[14,11],[50,22],[8,2],[58,7],[1,6],[9,6],[18,8],[3,-2],[2,6],[30,11],[-7,1],[-3,8],[3,14],[11,18],[24,15],[37,4],[-5,6],[11,7],[1,17],[11,6],[17,26]],[[56214,38719],[15,-1]],[[56229,38718],[36,3],[62,-17],[37,-8],[17,-20],[-25,-27],[8,-5],[100,-16],[15,1]],[[56409,37982],[81,-19]],[[56490,37963],[-23,-14],[-91,-38],[-6,-13],[1,-4],[9,1],[-1,-5],[-11,3],[-15,-9]],[[56353,37884],[-8,1],[0,8],[-13,13],[-33,17],[-10,10],[-42,-14]],[[56247,37919],[-1,6],[-9,2],[2,3],[-9,0],[-4,24],[11,1],[2,17],[-5,1],[4,16]],[[56238,37989],[47,-3],[5,3],[6,-2],[12,7],[-7,3],[3,3],[8,-2],[7,4],[15,-11],[27,1],[44,-14],[4,4]],[[56450,38034],[-36,15],[-34,2],[-39,-12],[-68,-6],[-45,3]],[[56228,38036],[7,9],[-4,9],[7,12],[16,11],[-16,3],[-14,-1],[-18,4],[-19,-1]],[[56187,38082],[12,4],[18,13],[25,32],[12,28],[3,14],[-16,6]],[[56241,38179],[1,20],[9,11],[27,18]],[[56278,38228],[39,-20],[6,1],[2,-7],[-8,-4],[31,5],[44,1],[22,0],[17,-5],[13,-7],[-8,-4],[10,-19],[15,-9],[14,-19],[8,-26],[32,0],[-14,-18],[-7,-45],[-44,-18]],[[56795,38884],[-1,-8],[-15,-19],[-41,-24],[-21,-20],[-63,-28],[-20,-5],[-44,-34],[-20,-29],[-15,-33],[7,-17],[-7,-5],[2,-20],[-4,-6],[-37,-6],[-37,-1]],[[56229,38718],[-7,5],[0,3]],[[56222,38726],[7,4],[-3,5],[7,17]],[[56233,38752],[10,9]],[[56243,38761],[14,21],[-8,12],[13,1],[1,7]],[[56263,38802],[5,6]],[[56268,38808],[6,5],[13,0],[7,5]],[[56294,38818],[7,5]],[[56301,38823],[3,2],[11,-1],[1,5]],[[56316,38829],[3,3]],[[56319,38832],[19,10],[17,4],[2,-5],[8,-2],[-9,8]],[[56356,38847],[2,2],[-28,8],[9,4],[6,-2],[36,19],[12,-4],[10,9],[6,-3],[12,6],[8,-5],[5,2],[25,-13],[16,2],[12,-3],[15,-22],[11,0],[21,12],[9,-8],[16,6],[2,-6],[12,-5],[7,2],[4,4],[9,-4],[16,6],[4,6],[5,0],[-1,4],[9,3],[-2,2],[7,4],[-2,2],[16,4],[5,-1],[3,5],[13,6],[21,0],[0,7],[18,-3],[35,7],[20,-7],[13,-1],[11,-4],[0,-3],[11,-1]],[[56228,38036],[-10,-8],[13,-3],[11,-9],[-9,-18],[-7,-2],[1,-6]],[[56227,37990],[-11,0],[-17,-8],[-3,3],[2,8],[6,2],[-20,18],[-12,-4],[-7,-9],[-9,-3],[2,-5],[-7,0],[-10,-5],[-4,3],[-18,-7],[-30,-19]],[[56089,37964],[-10,-1],[0,9],[30,24],[-16,1],[-1,2],[10,0],[1,8],[11,-2],[-9,38],[-6,0],[-6,11],[7,1],[-6,16],[-1,32]],[[56093,38103],[25,-3],[23,-14],[11,-7],[27,0],[8,3]],[[55410,37092],[0,0]],[[55360,37117],[10,4],[4,-4]],[[55318,37132],[-1,1]],[[55317,37135],[12,7],[25,0],[2,-6],[-17,-19]],[[55758,37285],[-36,-3],[-24,6],[33,3],[4,1],[19,-2],[4,-5]],[[55716,37291],[-13,-2],[-1,4],[14,-2]],[[55734,37293],[-19,-2],[-7,3],[8,3],[18,-4]],[[55588,37570],[0,0]],[[55597,37577],[-5,-5],[0,5],[5,0]],[[55603,37582],[-5,-4],[2,6],[3,-2]],[[55835,37591],[0,0]],[[55843,37596],[-3,-5],[-5,2],[8,3]],[[55863,37601],[0,0]],[[55847,37602],[0,0]],[[55836,37602],[-6,-1],[1,5],[5,-4]],[[55846,37606],[-5,-4],[-2,4],[7,0]],[[55857,37606],[-7,-5],[2,6],[5,-1]],[[55871,37610],[0,0]],[[55872,37618],[2,-3],[-8,1],[6,2]],[[55869,37619],[0,0]],[[55412,37092],[-1,4],[-5,-3]],[[55385,37118],[0,4],[8,-1],[9,-7],[27,7],[15,-2],[-2,-15],[4,13],[12,-5],[4,1],[-8,5],[-5,10],[4,3],[-1,-5],[12,-1],[4,-6],[8,4],[-9,-1],[-2,3],[-12,1],[1,6],[-6,-3],[-6,2],[7,10],[4,1],[5,-7],[6,4],[2,-3],[5,1],[12,4],[2,-8],[4,-1],[-6,6],[6,8],[2,-4],[5,3],[-8,2],[-4,-4],[-15,-7],[-6,4],[-4,-4],[-4,7],[14,0],[7,4],[-14,15],[13,-6],[-2,3],[15,5],[17,-7],[2,2],[-9,3],[21,15],[24,-3],[7,6],[11,2],[-11,0],[-7,-5],[-26,2],[-18,-15],[-12,3],[-14,-1],[-12,1],[-7,9],[19,5],[7,5],[-23,-7],[-2,7],[-13,2],[24,5],[-30,-2],[-7,7],[1,-5],[-6,-4],[-18,-1],[-28,16],[7,3],[-10,0],[3,5],[-14,-6],[-13,5],[-8,16],[35,7],[9,-20],[18,-2],[4,7],[12,3],[7,9],[15,-6],[4,0],[25,-4],[10,2],[11,-12],[-9,13],[14,-4],[0,14],[8,6],[17,-15],[20,-7],[3,-8],[-4,-9],[8,10],[11,-1],[11,0],[19,-13],[-13,12],[3,5],[-16,-3],[-17,2],[-5,7],[-19,6],[-14,14],[33,14],[5,13],[24,0],[34,-9],[16,-20],[-5,-6],[-10,-3],[-2,-6],[8,-3],[-5,7],[4,4],[11,-2],[4,-8],[2,4],[-9,7],[5,8],[23,-5],[-21,5],[-5,0],[-14,19],[-54,13],[29,12],[28,0],[8,-7],[-10,-7],[14,-2],[1,-5],[14,1],[-7,-5],[8,1],[2,5],[-9,2],[-5,-3],[0,6],[-11,1],[8,6],[-1,8],[32,4],[15,-9],[117,-73],[41,-13],[-11,8],[-30,6],[-7,7],[-1,-2],[-120,77],[18,1],[8,-5],[37,-6],[51,4],[0,-11],[-18,6],[16,-6],[5,-1],[-9,-9],[8,-3],[25,4],[2,5],[-9,-5],[-18,-3],[-5,3],[9,9],[6,-1],[47,4],[-50,-3],[-8,15],[-6,0],[-8,-2],[1,4],[-24,2],[4,2],[4,8],[20,-5],[2,1],[-23,4],[-5,-9],[-8,1],[3,7],[17,4],[3,11],[-5,-9],[-7,0],[0,-4],[-13,-3],[1,-5],[-13,3],[-10,-2],[-18,4],[-10,7],[-14,-3],[2,8],[14,4],[39,0],[-11,0],[10,2],[-21,-1],[-8,2],[-22,-5],[0,5],[-6,-16],[-9,-2],[-52,17],[-11,-1],[-36,5],[-28,8],[-40,6],[-19,12],[-7,19],[-12,8],[-10,37],[-4,2],[-13,-1],[-5,3],[6,3],[15,0],[68,29],[7,13],[2,20],[-15,37],[7,14],[13,5],[5,8],[26,9],[9,6],[13,4],[9,-4],[9,5],[3,-2],[-6,-2],[3,-8],[-4,-4],[9,-7],[-12,0],[8,-3],[6,2],[-1,4],[10,-3],[10,4],[13,0],[3,8],[7,-1],[-2,9],[-10,-14],[-9,-1],[-15,-4],[4,6],[-6,-5],[-11,5],[4,4],[-2,3],[12,4],[-8,-1],[-6,-3],[0,3],[8,3],[14,-1],[15,3],[-25,-2],[-11,5],[-9,-5],[-4,2],[16,8],[3,-3],[4,9],[10,0],[17,8],[-21,-8],[-5,8],[37,16],[37,9],[14,0],[15,-8],[8,3],[17,-13],[12,-5],[44,-2],[4,-7],[3,2],[-5,5],[33,2],[11,-1],[18,7],[12,-10],[-12,-7],[10,4],[2,-4],[3,5],[17,0],[-26,-9],[11,1],[-1,-15],[2,9],[7,1],[-5,6],[14,6],[-1,-16],[15,-3],[11,6],[13,2],[-12,-6],[22,-7],[7,1],[6,7],[-11,-8],[-21,7],[17,2],[-9,7],[-25,-8],[-6,9],[3,5],[8,-3],[-2,3],[-18,7],[-14,1],[-5,5],[2,6],[3,2],[3,-4],[5,7],[-10,0],[15,7],[3,6],[-4,6],[-8,-2],[-7,10],[2,7],[12,-5],[-1,6],[-10,1],[-9,25],[4,10],[10,4],[15,34],[7,6],[-1,4],[5,21],[-4,4]],[[55894,37747],[90,15],[38,1],[-4,15],[32,2],[40,11],[25,-1],[5,-7],[12,0],[13,-6],[5,3],[33,6],[18,-3]],[[56201,37783],[33,-88],[19,-7],[11,1],[28,-16],[-51,-6],[9,-45],[18,1],[36,8],[37,18],[17,22],[-8,52],[-4,16],[-30,-3],[-5,3],[0,5],[-24,0],[0,10],[-28,-5],[-4,6],[1,15],[-9,0],[-11,18]],[[56236,37788],[28,13],[28,0],[3,-8],[45,0],[3,30],[8,11],[8,2],[-5,5],[-2,27],[6,5],[-6,0],[1,11]],[[56490,37963],[77,-15],[39,-17],[33,-9],[101,-8],[-5,-4],[-4,2],[-11,-3],[-31,-15],[-3,-6],[-20,-7],[-6,-13],[-12,-4],[-18,-18],[2,-6],[-6,-13],[-18,-15],[-4,-12],[-14,-3],[-3,-5],[-16,-5],[-13,1],[-4,-6],[-14,-5],[-14,-23],[6,-5],[-2,-15],[-4,-4],[-11,-1],[-5,-9],[31,-6],[46,7],[5,-8],[-3,-16],[50,-14],[22,2],[8,-2],[7,4],[23,1],[6,2],[16,0],[10,-4],[29,-3],[16,9],[18,-8],[28,11],[28,-3],[7,-7],[9,-23],[-7,-7],[-22,-2],[-12,-6],[-2,-16],[7,-1],[33,7],[25,8],[19,20],[22,1],[15,4],[24,0],[7,5],[37,7],[25,-3],[35,6],[16,-2],[31,5],[23,9],[191,126],[19,2],[15,-8],[32,-7],[16,1],[28,8],[70,6],[110,-10],[106,-16],[69,-1],[21,6],[61,7],[126,41],[66,-20],[18,-2],[81,7],[22,-4],[4,-20],[54,-34],[35,-12],[11,-8],[27,-9],[48,-10]],[[57474,38512],[-14,4],[-31,-1],[-30,8],[-27,-11],[-12,-3],[-6,3],[-34,-22],[-45,-21],[3,-1],[-26,-17],[-40,-33],[-1,-4],[11,-4],[0,-4],[-17,-6],[-5,-12],[-18,-16],[6,23],[-39,-18],[-38,21],[-13,-5],[-4,3],[-10,-4],[-10,10],[-31,-5],[-10,-4],[3,-1],[-34,-23],[-40,-14],[-32,-8],[-2,1],[-33,-10],[-52,-26],[-11,-10],[3,-16],[-14,-10],[-10,2],[-12,32],[-12,8],[-17,5],[-32,-4],[-50,-22],[-38,-8],[-97,5],[-41,-7],[-18,2],[-47,-4],[-11,-4]],[[56436,38281],[-4,18],[-8,6],[-97,-3],[-32,-6],[-37,-12]],[[56795,38884],[11,1],[4,5],[8,-1],[2,-6],[39,1],[7,-3],[22,8],[1,-4],[9,-1],[2,4],[10,2],[8,-4],[20,3],[30,14],[5,9],[16,3],[6,4],[-3,2],[3,6],[10,-3],[13,8],[-6,2],[2,3],[14,0],[0,3],[17,6],[22,-1],[6,-5],[7,2],[20,-4],[13,3],[11,-6],[10,6],[13,-6],[3,7],[11,8],[7,-2],[10,3],[-2,11],[6,0],[3,7],[7,1],[12,-4],[13,2],[8,-7],[7,0],[-5,7],[6,3],[7,-1],[6,-5],[9,5],[-8,5],[7,9],[-3,5],[15,2],[27,13],[-1,8],[13,9],[0,6],[15,3],[4,6],[7,1],[-2,2],[11,5],[23,5],[6,10],[-2,2],[18,13],[-3,4],[2,6]],[[57384,39084],[33,5],[55,0],[16,-4],[5,2],[23,-2],[21,-11],[4,2],[16,-9],[10,5],[17,-3],[22,5],[25,-5],[8,-5],[-9,-14],[7,-10],[-17,-21],[22,-8],[11,-11],[-4,-6],[23,-6],[5,-12],[9,-1],[10,2],[16,-5],[35,2],[17,10],[26,6],[23,-6],[16,2],[23,4],[32,17],[18,2],[19,-5],[15,-12],[10,-2],[5,-8],[9,-6],[-8,-4],[7,-3],[11,-4],[1,4],[9,-1],[-20,-55],[-28,-4],[-2,2],[-16,-17],[-5,-11],[-14,-1],[10,-17],[-11,-2],[-2,15],[-56,3],[-4,-5],[22,-3],[24,0],[1,-12],[11,2],[9,-16],[-7,-4],[2,-6],[-9,0],[-14,-8],[-20,-5],[-6,-24],[-29,1],[-13,4],[-12,-5],[-12,3],[-21,13],[6,4],[-22,7],[-58,-47],[-6,-4],[-5,2],[-8,-6],[-2,-21],[21,-18],[19,-25],[-2,-11],[-100,-37],[-26,-22],[-21,-31],[-10,2],[-56,-28],[2,-7],[5,1],[-13,-30],[14,-1],[-4,-16],[-17,-10],[4,-2],[-5,-4]],[[55405,38088],[21,1],[11,6],[40,-36]],[[55477,38059],[-8,-1],[-4,-3]],[[55465,38055],[-9,13],[-56,-12],[-3,-7],[-21,-11],[-15,1],[-3,-4],[-15,3],[0,18],[-52,-8],[-3,-24],[-10,-1],[-2,-7],[-25,-3],[-6,4],[2,-10],[-20,-2],[-1,-3],[-30,0],[8,17],[-3,2],[-31,2],[-5,2]],[[55165,38025],[-9,7],[4,9],[11,3],[2,-2],[14,0],[12,2],[16,-3],[11,3],[18,10],[1,15],[9,3],[11,37],[-2,8],[-12,1],[6,3],[1,8],[3,-9],[10,0],[15,16]],[[55286,38136],[11,0],[0,-2],[58,-2],[6,-3],[14,-37],[30,-4]],[[55332,38210],[8,-2],[9,-9],[21,-1],[1,-5],[44,-20],[-7,-4],[18,-9],[17,-5],[29,-3]],[[55472,38152],[-51,-34],[-11,-15],[-5,-15]],[[55286,38136],[4,20],[-14,2],[8,3],[0,8],[3,-1],[1,-8],[13,0],[24,18],[11,16],[1,14],[-20,3],[15,-1]],[[55465,38055],[4,-5],[-7,-1],[7,-8],[-7,0],[18,-27],[16,-65],[-64,-11],[-21,-20],[-55,-4],[0,-3],[-69,10],[-2,-2],[-39,9],[-43,2],[-30,9],[-9,-10],[-42,20],[-8,-2],[-14,7]],[[55100,37954],[8,-2],[48,12],[3,18],[-6,13],[7,5],[7,15],[-2,10]],[[56450,38034],[-14,-24],[-27,-28]],[[56238,37989],[-11,1]],[[59350,38026],[-9,43],[4,13],[10,23],[49,57],[-16,97],[12,32],[-61,11],[-96,81],[-39,-2],[-15,-3],[-20,17],[-30,5],[-10,24],[-16,-1],[-116,15],[-23,9],[2,16],[-10,11],[-74,-4],[-31,5],[-34,-8],[-11,6],[0,6],[-4,0],[-3,22],[-5,7],[19,10],[3,17],[-7,2],[-14,-4],[-11,6],[-25,1],[-14,5],[-28,2],[-22,6],[-13,14],[13,8],[-2,3],[7,16],[-4,4],[-8,0],[-7,8],[-9,0],[-26,18],[-2,-2],[-17,8],[-2,6],[-6,0],[-1,7],[-10,3],[-3,8],[6,4],[-2,3],[10,5],[-1,5],[-80,31],[-36,1],[-23,4],[-14,6],[-1,6],[-24,3],[3,16],[-5,2]],[[56278,38228],[37,15],[73,17],[48,21]],[[57474,38512],[-4,-5],[-5,-1],[8,-11],[26,-5],[7,-5],[26,-1],[36,-17],[75,-60],[62,-58],[37,-41],[31,-25],[27,25],[21,13],[152,75],[-45,1],[1,16],[-23,32],[-41,28],[-13,19],[-10,4],[-8,10],[5,15],[-4,14],[10,14],[-6,23],[-13,7],[-15,3],[11,5],[-8,10],[-27,6],[22,30],[88,21],[56,0],[25,12],[22,6],[-33,20],[26,4],[-12,11],[26,-6],[-4,9],[15,20],[14,7],[19,0],[9,6],[15,0],[11,-5],[22,6],[86,-8],[15,-4],[57,13],[25,-9],[22,10],[5,6],[34,2],[32,-20],[11,-4],[12,1],[10,6],[13,4],[18,-1]],[[56089,37964],[-20,-15],[-1,-6],[-19,-1],[-19,12],[7,21],[-15,6],[-6,-2],[-6,7],[-16,7],[-6,8],[-9,-3],[-10,9],[-22,-3],[-117,26],[-13,5]],[[55817,38035],[129,40],[78,15],[29,9],[33,5],[7,-1]],[[55279,37505],[-46,-10],[-19,0],[-9,6],[-1,5],[12,14],[8,2],[19,-2],[37,-9],[-1,-6]],[[55467,37622],[-1,-3],[-7,4],[8,-1]],[[55526,37642],[-6,-3],[-17,0],[3,2],[7,-1],[10,3],[3,-1]],[[55483,37645],[9,-4],[1,-4],[-5,-2],[-14,3],[-19,11],[27,0],[1,-4]],[[55474,37652],[0,0]],[[55476,37661],[-8,-8],[-4,1],[2,5],[10,2]],[[55432,37662],[0,0]],[[55483,37665],[-2,-5],[-5,3],[7,2]],[[55529,37703],[-9,-1],[2,3],[7,-2]],[[55516,37703],[-10,-6],[-3,4],[10,6],[3,-4]],[[55844,37732],[1,-9],[-7,5],[6,4]],[[55838,37751],[0,0]],[[55830,37757],[0,0]],[[55817,37807],[8,2],[3,5],[15,-1],[-2,-2],[8,-1],[-1,-16],[-7,3],[6,-8],[-3,-22],[-9,-5],[-8,0],[-2,8],[-3,1],[-6,17],[-11,6],[-8,0],[-3,7],[-2,-3],[-10,3],[-2,7],[11,7],[30,0],[6,-3],[-10,-5]],[[55875,38107],[-19,-8],[0,-12],[-14,-1],[-8,-5],[1,-10],[-13,0],[-20,-9],[8,-9]],[[55810,38053],[-3,-1]],[[55807,38052],[-2,0]],[[55805,38052],[-3,-2]],[[55802,38050],[-1,-2],[-37,-15],[-16,-13],[-11,-16],[4,1],[-1,-5],[-20,1],[13,-2],[-15,-8],[-18,1],[9,-7],[12,8],[18,4],[4,-14],[-9,-2],[8,-3],[0,4],[10,-16],[-14,0],[-8,9],[-1,-6],[-13,4],[-4,4],[-7,0],[17,-7],[10,-1],[8,-4],[15,-2],[32,-30],[-5,-17],[6,-17],[-4,17],[4,14],[4,0],[34,-29],[0,-3],[-16,-4],[-11,-1],[-9,-8],[1,-2],[-4,-17],[6,20],[19,7],[10,2],[7,0],[6,-3],[3,-6],[-7,-3],[10,2],[6,-8],[-6,-3],[8,-1],[6,-8],[5,-14],[-1,-11],[-15,1],[12,-4],[-5,-21],[-23,1],[-3,12],[-3,-3],[3,-10],[-26,2],[-4,2],[-1,17],[-16,1],[14,-4],[1,-13],[-10,0],[13,-4],[-7,-1],[-27,5],[7,14],[-9,-13],[7,-6],[6,2],[16,-3],[-10,-6],[1,-5],[-14,3],[-1,-1],[17,-2],[-1,-4],[7,-1],[5,-6],[16,-3],[-5,-4],[-7,-3],[9,0],[0,4],[5,0],[5,-14],[6,-6],[2,-8],[-4,-2],[-19,0],[6,16],[-11,3],[-5,-1],[15,-2],[-6,-8],[0,-11],[-2,-7],[5,7],[21,2],[8,-4],[1,-3],[-10,-1],[-9,-10],[-11,0],[0,-2],[12,1],[10,10],[7,0],[9,-6],[2,-6],[-7,-6],[4,-5],[-10,-5],[-14,7],[10,-8],[15,3],[3,-4],[-6,-11],[-31,-21],[-8,1],[-1,2],[3,18],[-5,-16],[-12,-3],[-7,8],[-1,-4],[8,-5],[8,2],[5,-4],[-8,-5],[21,3],[-5,-8],[-34,-14],[-72,-7],[-23,1],[12,5],[-20,0],[-3,-2],[-1,8],[-5,-2],[6,7],[-5,2],[10,20],[18,5],[14,-4],[3,-5],[-11,-17],[14,18],[-3,5],[13,1],[0,6],[10,3],[-2,7],[8,8],[13,5],[-1,7],[4,0],[6,10],[-8,-10],[-3,10],[0,-17],[-9,-2],[-15,-14],[3,-3],[-9,-1],[-10,-8],[-8,1],[1,2],[-9,-1],[-23,-5],[-8,-8],[-6,-20],[-7,-9],[-32,-11],[-2,-2],[-15,-2],[-17,5],[-9,6],[-10,16],[7,3],[-5,1],[-1,6],[-3,-5],[-13,13],[2,4],[12,-7],[4,3],[10,-2],[3,1],[-25,3],[17,2],[-24,3],[12,2],[-11,0],[3,4],[-4,2],[-1,5],[-20,0],[7,5],[-10,-4],[-2,-3],[-4,3],[2,3],[-5,4],[-6,10],[12,-3],[4,3],[6,-2],[-2,7],[-3,0],[4,-6],[-6,3],[-2,-4],[-7,1],[5,7],[-2,5],[-9,3],[9,-7],[-7,-7],[-7,4],[-6,8],[1,-5],[9,-6],[-12,-1],[4,-5],[0,5],[10,-5],[-4,-4],[-5,3],[-12,-6],[12,3],[12,-3],[2,-3],[-9,-5],[0,-6],[-6,-1],[4,-3],[8,0],[7,6],[12,-1],[9,3],[2,-8],[-3,-3],[-12,4],[13,-6],[-6,-6],[-6,2],[1,2],[-9,1],[5,-4],[-6,2],[-19,-5],[13,2],[17,-1],[-11,-6],[22,6],[-4,-5],[-7,0],[10,-4],[-2,5],[5,3],[5,-7],[5,0],[-2,-5],[-8,-5],[-1,4],[-8,0],[6,-6],[-7,-1],[-3,3],[-11,-4],[12,0],[-1,-2],[20,6],[1,-6],[8,-6],[-7,-3],[-15,-1],[-1,2],[-11,-4],[2,4],[-20,4],[14,-6],[2,-4],[-21,-2],[-9,5],[-1,7],[16,12],[7,1],[-4,6],[-8,2],[10,-8],[-10,-1],[-7,10],[1,-9],[8,-3],[-10,-7],[-7,-2],[3,13],[0,9],[-3,-2],[-16,5],[0,-2],[9,-2],[8,-8],[-9,-3],[-6,-5],[-10,5],[8,2],[0,7],[-3,-7],[-6,-2],[-4,6],[7,3],[-4,5],[0,-6],[-4,-2],[0,-4],[11,-7],[-6,-4],[-4,0],[-14,-4],[18,3],[4,-3],[-10,-3],[-6,-5],[-13,9],[3,7],[-2,3],[-7,0],[-1,-4],[5,-1],[-2,-5],[8,-10],[8,-1],[9,4],[13,-5],[-1,-4],[7,0],[12,-6],[-7,-1],[1,-3],[-7,-4],[-13,1],[0,8],[-2,-5],[0,-9],[-11,4],[-4,-1],[-5,-11],[1,-10],[8,-4],[5,-12],[-9,-14],[2,-17],[-46,-43],[-15,5],[-1,30],[-19,36],[1,7],[-14,16],[-11,8],[-2,10],[-10,-2],[10,0],[3,-10],[-10,1],[18,-5],[15,-21],[-41,5],[17,-4],[-4,-2],[-17,-1],[-1,-3],[19,3],[5,3],[20,-5],[9,-23],[-11,6],[-28,1],[-11,5],[2,-4],[10,-2],[26,-3],[8,-6],[-1,-11],[3,-1],[-9,-10],[-3,-1],[-7,-7],[-12,-5],[-19,-2],[-50,1],[-33,6],[-21,9],[-1,10],[13,12],[-21,4],[-4,16],[-14,1],[-8,15],[5,2],[26,1],[24,8],[-1,3],[11,6],[-25,-10],[-13,5],[-30,25],[5,3],[-5,4],[-2,13],[9,-2],[-16,7],[0,6],[-7,-4],[-6,1],[-6,11],[4,30],[4,2],[7,-3],[3,2],[-9,20],[5,8],[-1,15],[18,19],[15,6],[-17,38],[-23,0],[-11,-4],[-2,-4],[-13,-1],[-17,14],[-8,18],[-5,2],[-6,-2],[-2,6],[-55,21],[-40,26],[-14,6],[5,7],[29,-9],[7,0],[3,5],[-6,1],[4,5],[74,14],[0,14],[-11,3],[-66,-12],[-15,-6],[-10,-8],[-4,5],[37,22],[68,19],[-1,5],[4,-1]],[[55477,38059],[7,0],[0,17],[12,6],[13,22],[-1,16],[149,-2],[8,-4],[30,-3],[17,-5],[62,-1],[19,-6],[25,0],[12,9],[38,6],[7,-7]],[[55670,38237],[1,-3],[-37,-7],[-24,8],[1,-7],[-8,-7]],[[55603,38221],[-7,15],[-27,9],[-28,2],[-30,-2],[-3,4],[-43,-2],[-26,5]],[[55439,38252],[4,17],[-19,11],[-7,9],[-10,2],[4,3],[6,0],[26,-20],[18,5],[23,0],[-5,9],[15,-3],[-6,-6],[14,-8],[26,2],[13,4],[11,8],[2,14],[2,-6],[15,0],[22,10],[4,5],[10,-2],[22,7],[-4,14]],[[55805,38052],[0,0]],[[55807,38052],[0,0]],[[56101,38216],[3,-5],[7,-1],[0,-8],[-5,1],[-5,-6],[21,-7],[-9,-10],[-4,-2],[-10,-8],[-23,-8],[12,-28],[4,-22]],[[56092,38112],[-27,-1],[-31,-6],[-47,-13],[-66,-13],[-51,-16],[-54,-11],[-6,1]],[[55875,38107],[45,1],[17,-6],[11,7],[-5,9],[-115,41]],[[55828,38159],[51,7],[5,5],[12,-3],[27,-12],[23,18],[-12,10],[5,2],[-11,7],[0,7]],[[56236,37788],[-23,-6]],[[56213,37782],[13,42],[-4,41],[10,28],[-6,19],[21,7]],[[56213,37782],[-12,1]],[[55894,37747],[-5,20],[0,28],[5,4],[-5,5],[9,48],[22,17],[3,6],[-2,7],[-6,9],[5,-11],[-1,-10],[-18,-12],[-18,31],[-10,7],[22,14],[4,0],[2,-5],[6,6],[-7,-3],[-5,4],[9,2],[-7,0],[-3,6],[14,8],[-7,1],[-8,-8],[-19,12],[10,2],[-2,3],[-8,-5],[17,-13],[2,-7],[-12,-10],[-10,-2],[-12,6],[17,6],[-17,-5],[-6,3],[21,6],[-19,-4],[9,5],[-13,-4],[-8,5],[9,5],[-9,-2],[-2,4],[18,7],[-12,-3],[-12,-5],[-6,7],[20,6],[-7,1],[2,2],[-17,-8],[-5,4],[6,8],[9,1],[19,-6],[5,3],[-4,3],[6,3],[1,5],[-4,-1],[-4,-6],[2,-4],[-5,-2],[-11,6],[16,2],[-15,1],[-3,-3],[-6,1],[-18,-7],[-3,5],[13,4],[-1,5],[-4,-3],[-2,8],[-3,0],[27,11],[14,-3],[-12,4],[-31,-12],[5,-1],[2,-9],[-13,-3],[-15,11],[-1,5],[8,4],[8,-1],[0,8],[-4,-5],[-15,-6],[-8,6],[-7,9],[5,5],[17,5],[0,2],[-16,-6],[-8,-4],[-2,4],[9,2],[-11,1],[0,12],[-2,2],[4,14],[6,6],[17,8],[24,6]],[[56789,39161],[-31,-2],[-95,9],[-91,-4],[-30,-5],[2,-4],[-36,-4],[-3,-3],[-21,0],[2,10],[-72,-9],[-15,5],[-8,-2],[-17,1],[-40,7],[-132,5],[-9,-9],[-33,-19],[-7,-13],[-12,-5],[-18,-19],[0,-6],[72,-55],[-3,-2],[-36,6],[-34,-11],[1,-7],[-7,-5],[-9,-1],[-34,13],[-24,4],[-32,-19]],[[56017,39017],[-9,-2],[0,-3]],[[56008,39012],[-1,-1]],[[56007,39011],[-2,0]],[[56005,39011],[-4,0]],[[56001,39011],[-6,0]],[[55995,39011],[-37,-6]],[[55958,39005],[-8,-1]],[[55950,39004],[-9,-1]],[[55941,39003],[-9,-1]],[[55932,39002],[-15,1],[-4,-1]],[[55913,39002],[-9,-1],[11,5],[-9,1],[-5,8],[-7,-1],[-10,13],[2,8],[-6,-2],[-11,4],[-3,11],[-27,27],[3,5],[-4,2],[2,8],[8,14],[14,12],[3,15],[-10,11],[-6,17],[1,11],[-37,21]],[[56245,38166],[-2,-12],[-14,10],[11,8],[5,-6]],[[56241,38179],[-24,-16],[17,-14],[-4,-18],[-30,-29],[-21,-12],[-21,-4],[-14,13],[-13,7],[-17,4],[-22,2]],[[55828,38159],[-76,27],[57,23]],[[58448,38740],[3,6],[-15,14],[15,9],[7,12],[10,7],[-10,16],[4,10],[-2,22],[-10,-1],[-4,3],[1,6],[9,4],[-7,35],[20,14],[3,8],[26,1],[4,4],[-3,37],[8,23],[-11,0],[-29,5],[10,23],[27,4],[52,2],[22,-4],[25,0],[24,22],[11,17],[23,2],[44,-11],[26,10],[9,8],[1,21],[14,1],[7,5],[8,10],[-5,13],[15,2],[-12,21],[8,5],[0,13],[6,8],[9,2],[9,7],[35,8],[-4,10],[13,14],[33,18],[6,7],[28,12],[34,7],[305,214],[6,10],[-3,11],[25,39],[13,13],[9,31],[10,14],[45,33],[33,16],[16,13],[30,42]],[[57384,39084],[-10,5],[-4,7]],[[56214,38719],[8,7]],[[56233,38752],[0,0]],[[56268,38808],[0,0]],[[56294,38818],[0,0]],[[56319,38832],[0,0]],[[55932,39002],[-13,1],[-6,-1]],[[55941,39003],[0,0]],[[55995,39011],[-2,-1],[-35,-5]],[[56005,39011],[0,0]],[[56007,39011],[0,0]],[[56356,38847],[-18,-4],[-16,-7],[-7,-5],[-3,-6],[-7,2],[-10,-8],[-26,-7],[-11,-11],[-19,-9],[8,-8],[-2,-3],[-23,-2],[-27,-14],[-21,3],[-6,4],[-4,10],[-18,9],[3,5],[-17,16],[-1,6],[-24,20],[9,1],[9,-9],[1,2],[-7,7],[1,16],[10,6],[4,10],[9,1],[13,-8],[9,1],[-1,-5],[7,-5],[6,6],[11,-3],[-2,-6],[-14,-2],[4,-9],[1,4],[-4,5],[15,2],[2,12],[-3,-3],[-12,5],[2,6],[-5,2],[-10,-3],[-1,-3],[-7,0],[6,3],[-4,12],[-13,2],[7,4],[-2,4],[12,-4],[8,1],[-10,8],[8,-8],[-8,0],[-11,4],[-4,-6],[-5,2],[2,-6],[-5,4],[-10,1],[23,-8],[3,-4],[-16,3],[-19,-1],[-13,9],[5,6],[-14,3],[13,-4],[-6,-2],[4,-6],[19,-12],[-12,-4],[-10,5],[8,-7],[-5,-1],[-9,1],[5,-3],[-25,-7],[-5,-7],[3,-6],[-13,3],[10,-4],[-8,-2],[-2,-3],[13,4],[11,-3],[-2,-10],[12,-16],[-16,-3],[-3,2],[-16,3],[-31,22],[-6,2],[-7,-1],[-3,7],[-25,18],[-16,23],[-9,1],[-21,-5],[-12,21],[-9,4],[-15,0],[-8,6],[0,8],[13,11],[-3,14],[5,5],[33,9],[16,1],[13,15],[20,-11],[7,-1],[-9,-10],[10,6],[2,4],[-11,3],[-8,7],[-5,10],[10,1],[14,4],[-24,-4],[-7,12],[21,8],[1,6],[8,-3],[13,8],[4,-2],[26,1],[0,-8],[2,8],[26,1],[-52,-1],[-6,2]],[[55603,38221],[-3,-12],[-9,-11],[-75,-26],[-44,-20]],[[55332,38210],[6,-1],[3,10],[5,0],[-4,-11],[16,-7],[24,4],[10,6],[0,6],[-6,2],[7,4],[-1,-4],[7,-5],[34,21],[6,17]],[[55130,33729],[-17,-19],[20,-7],[-19,-12],[25,-17],[1,-32],[32,-32],[43,15]],[[55215,33625],[5,-4],[14,6],[4,-3],[-12,-5],[13,-10],[7,4],[11,-3],[-13,-21],[40,-12],[-4,-3],[24,-7]],[[55304,33567],[43,-14],[2,-32],[61,-33],[9,0],[25,-18],[3,-6],[-3,-13],[-10,-14],[2,-5],[-11,-11],[-35,-16],[-10,-1],[-7,2],[-1,-2],[-10,-2],[-33,-27],[-64,7],[15,34],[-43,34],[-42,-10],[2,-8],[-23,-2],[-2,-11],[-13,-6],[-11,1],[9,13],[-20,11],[24,14],[-43,26],[-20,6],[-41,22],[-14,19],[-53,-8],[-14,-4],[-13,2],[-26,-4],[-13,21],[-13,8],[-27,12],[-36,4]],[[54848,33556],[2,23],[-9,23],[4,54],[-3,37],[36,21],[6,-5],[25,14],[-8,4],[4,1],[-5,5],[-48,20],[3,7],[41,-6],[60,5],[7,4],[30,0],[11,-4],[23,-17],[20,-5],[56,-2],[27,-6]],[[56102,34228],[0,0]],[[56119,34262],[0,0]],[[56120,34273],[0,0]],[[56116,34333],[1,11],[-1,3]],[[55273,34638],[4,-11],[8,2],[42,-2],[24,3],[36,-2],[62,-15],[-6,-9],[29,-9],[18,16],[14,-3],[-2,-7],[15,-24],[14,-12],[-7,-2],[15,-18],[-6,-3],[51,-21],[11,-2],[-3,-7],[8,-16],[6,5],[25,0],[143,-59],[155,7],[18,7],[69,10]],[[56114,34347],[1,-11],[-4,-7]],[[56107,34321],[-3,-5],[15,-50],[-4,-9],[-6,-4]],[[56099,34241],[-1,-9],[5,-7],[3,-1]],[[56118,34223],[31,-12],[9,-12],[9,-3]],[[56216,34114],[-1,-24],[18,-23],[11,-9],[-11,-15],[2,-5],[9,-7],[11,2],[8,-3],[-1,-4],[9,-1],[6,-10],[8,-1],[4,-9],[17,-10],[16,-4],[23,4],[11,-2],[-3,-6],[8,-4],[-3,-7],[21,-19],[7,0],[10,-8],[-5,-27],[8,-2],[-1,-7],[10,-7],[-11,-3],[-3,-5],[-208,40],[-37,-24],[-13,-29],[-2,-13],[6,-17],[9,-6],[11,-2],[3,-4],[-6,-5],[-2,-18],[9,-8],[6,-16],[23,-15]],[[56193,33781],[-7,-3],[-1,-6],[-11,-14],[-37,-24],[-2,-8],[-13,-9],[-1,-4],[-9,-2],[-7,-6],[3,-5],[-14,-5],[6,-8],[13,-2],[1,-6],[-26,-38],[-71,7],[-104,3],[2,16],[17,20],[-75,20],[-49,4],[-56,-28],[-8,3],[3,8],[-18,8],[5,4],[-7,5],[0,7],[-7,0],[-5,3],[0,4],[-8,4],[-6,9],[-43,5]],[[55658,33743],[12,11],[-17,14],[-19,5],[-1,14],[33,6],[19,15],[2,4],[-14,26]],[[55673,33838],[29,9],[19,-2],[-1,4],[15,-1],[4,3],[10,0],[1,7],[7,-3],[1,5],[10,3],[5,-3],[17,0],[3,3],[3,-6],[10,0],[3,2],[10,-5],[4,3],[43,7],[-1,4],[9,0],[34,16],[2,17],[12,6],[-1,8],[-23,5],[1,2],[-23,19],[-56,33],[-34,-28],[-7,2],[5,5],[-7,8],[-15,10],[14,11],[-17,4],[-1,-1],[-30,3],[0,6],[-30,-1],[-26,2],[-18,-3],[-19,2],[-11,4],[-33,-16],[16,-20],[-9,-1],[-17,-17],[7,-4],[-8,-8],[-71,10],[3,11],[-44,6],[-32,-13],[-23,-27],[14,-18],[16,-6],[-5,-3],[2,-13],[-32,3]],[[55408,33882],[-71,61],[-51,38],[24,8],[-16,7],[-42,84],[19,12],[6,0],[-2,23],[51,91],[31,1],[162,77],[14,14],[-96,30],[-211,93]],[[55226,34421],[-36,165],[-7,3],[7,12],[-1,15],[4,4],[39,4],[-4,12],[45,2]],[[55673,33838],[-4,2],[-7,14],[-48,-31]],[[55614,33823],[-32,30],[-17,-3],[-122,25],[-73,6],[-20,4]],[[55350,33885],[3,4],[23,-5],[32,-2]],[[55226,35024],[1,-3],[-9,2],[2,4],[6,-3]],[[55188,35083],[-9,12],[9,0],[-3,2],[-13,0],[-8,2],[-5,16],[2,4],[10,5],[13,-6],[5,1],[11,-2],[-3,-3],[6,-3],[-1,5],[9,-7],[16,-2],[1,-4],[5,-1],[-3,5],[10,-2],[7,-6],[-7,-8],[6,-6],[-12,-10],[-8,-2],[-11,2],[-11,5],[-16,3]],[[55332,35126],[3,-4],[5,-1],[-11,-3],[3,8]],[[55188,35083],[23,-8],[12,-1],[6,-4],[-3,-8],[-27,-1],[8,6],[-11,-6],[5,11],[-11,-11],[-20,6],[-14,10],[-4,15],[-26,5],[5,3],[-2,3],[-5,-3],[3,6],[-7,-8],[-19,5],[-1,12],[-7,9],[15,4],[25,-5],[-22,6],[28,6],[9,-4],[20,-6],[-8,-3],[-3,-6],[-17,7],[17,-8],[8,-18],[7,-1],[10,-5],[4,-11],[2,3]],[[55178,35130],[-7,-4],[-24,7],[-3,4],[27,5],[7,-4],[0,-8]],[[55264,35149],[-10,-13],[-42,-13],[-9,-5],[-21,5],[0,6],[4,14],[54,5],[-1,-1],[25,2]],[[55339,35144],[8,1],[-1,-23],[-11,2],[-3,11],[6,15],[7,0],[2,-4],[-8,-2]],[[55317,35157],[-6,-6],[-6,-14],[0,-4],[-17,-3],[15,1],[-2,-7],[-1,-13],[-23,-1],[1,2],[-22,-9],[-11,6],[-27,3],[10,5],[-11,-3],[-6,3],[3,4],[23,7],[11,3],[8,0],[11,12],[2,-1],[0,10],[48,5]],[[55335,35149],[-7,-15],[3,-4],[-1,-9],[-8,-7],[-6,3],[0,-4],[-12,-5],[-3,3],[1,17],[5,5],[0,8],[6,9],[11,7],[11,1],[11,-5],[-11,-4]],[[55854,34865],[-8,0],[8,14],[11,8],[-6,1],[-1,7],[-56,-5],[-5,5],[-11,0],[2,-8],[-4,-1],[-1,9],[-9,-2],[1,-11],[-6,0],[-1,-14],[-60,0],[-112,-11],[-93,-18],[-113,-32],[-117,-169]],[[55226,34421],[-308,-22],[-1,-6],[6,-3],[-7,-4],[16,-19],[-7,-4],[-13,2],[-16,-4],[-24,2],[-23,-5],[-9,-4],[-25,-4],[-8,-4],[-11,-15],[6,-13],[-8,-1],[2,-3],[-13,2],[-2,3],[-41,-16],[-27,5],[-8,9],[-22,0],[-25,6],[-9,-1],[-1,-3],[-11,2]],[[54739,34796],[-1,0]],[[54733,34801],[15,3],[7,-1],[11,-8],[3,0],[-12,8],[18,2],[26,-2],[49,11],[-4,0],[-48,-11],[-22,3],[2,6],[-6,-6],[-8,-2],[-21,2],[-11,-3]],[[54697,34836],[8,-2],[-11,5]],[[54686,34846],[22,-6],[15,-8],[9,-2],[7,4],[13,-13],[-3,7],[17,-7],[16,-3],[4,1],[-21,3],[-26,13],[-12,-3],[-9,5],[-26,11],[22,-2],[10,-4],[12,-2],[20,-8],[-17,8],[-16,3],[-9,4],[6,3],[33,-7],[-33,8],[-8,-3],[-19,2],[-9,-2]],[[54676,34855],[5,5],[-2,4],[27,10],[14,-10],[-1,-7],[3,-3],[17,2],[8,-8],[7,1],[21,-5],[-2,-5],[6,-8],[3,5],[-7,3],[1,5],[-23,6],[-6,-1],[-7,8],[-18,-2],[-1,10],[-11,11],[36,-8],[0,-6],[7,-3],[3,-4],[11,-4],[9,0],[0,-6],[27,-10],[0,1],[-26,10],[0,5],[-20,4],[-1,4],[-9,3],[2,5],[33,-10],[11,-1],[23,-9],[0,-5],[9,-9],[-1,6],[-7,3],[3,4],[6,1],[11,-11],[-2,4],[6,0],[19,-7],[-19,8],[-9,2],[4,4],[-10,1],[-6,-1],[-22,9],[-16,2],[-16,7],[-38,8],[-3,3],[9,5],[50,0],[42,-11],[3,-9],[1,7],[16,1],[24,-6],[8,0],[-32,6],[-13,0],[-27,8],[25,4],[4,6],[21,-3],[13,-3],[-8,4],[-8,1],[4,3],[-24,-1],[-4,-5],[-20,-4],[-39,4],[29,7],[25,-1],[16,1],[24,5],[-39,-6],[-10,3],[7,3],[-22,-4],[-23,-5],[6,4],[32,8],[-9,-1],[-22,-6],[-21,-7],[-41,2],[6,2],[-1,5],[-3,-5],[-23,12],[29,9],[30,6],[16,-1],[25,8],[-26,-7],[-13,1],[18,5],[0,2],[-36,-11],[10,5],[-43,-8],[-16,1],[-6,5],[-1,7],[5,2],[31,9],[35,3],[37,16],[64,-33],[22,1],[12,4],[10,-1],[1,-10],[7,-14],[-1,-21],[3,21],[-7,15],[2,10],[16,0],[13,-6],[11,2],[12,-3],[4,3],[-18,1],[-8,-2],[-9,6],[3,1],[-29,1],[-32,-4],[20,7],[4,4],[8,10],[44,11],[-44,-10],[-13,-14],[-25,-8],[-11,2],[-15,9],[-6,7],[-2,12],[8,6],[-10,-5],[-18,7],[-3,18],[12,3],[21,-3],[27,4],[-37,-3],[20,6],[9,1],[16,4],[-25,-4],[-21,-5],[-26,1],[-8,-4],[-1,-8],[-27,0],[-1,2],[22,10],[1,8],[25,7],[-36,-7],[7,-2],[0,-5],[-17,-5],[-12,0],[-4,4],[-1,10],[14,4],[-14,6],[0,3],[22,9],[-3,9],[27,22],[17,31],[19,14],[-1,7],[10,2],[5,5],[21,4],[23,0],[7,-2],[-6,-23],[-23,-5],[-5,-4],[28,7],[6,-20],[-12,-1],[-9,-6],[11,5],[10,0],[7,-10],[-11,39],[5,12],[6,3],[9,1],[7,-5],[26,-29],[-2,-3],[-16,-1],[-3,-2],[2,-11],[0,11],[7,0],[5,-7],[16,-6],[4,-5],[-17,-22],[5,0],[3,7],[5,2],[11,-3],[-11,5],[6,11],[-1,2],[-17,9],[-2,5],[11,3],[20,-6],[17,-10],[-3,-7],[5,-9],[-11,-12],[2,-2],[10,12],[1,-3],[10,-12],[-5,-14],[8,13],[-2,4],[-9,10],[-5,14],[5,2],[9,-6],[19,-27],[-4,-5],[0,-20],[4,22],[5,1],[10,-7],[3,-16],[-7,-11],[9,4],[0,18],[-7,8],[-14,10],[-11,18],[19,-7],[17,-3],[4,-20],[9,-10],[-7,11],[10,-4],[13,-25],[3,4],[-13,21],[7,0],[17,-13],[-16,14],[-18,4],[-7,18],[-18,4],[-5,4],[22,2],[17,-7],[-12,8],[-38,1],[-24,20],[-15,7],[5,2],[17,-5],[7,2],[-23,4],[-16,-1],[-8,3],[-10,10],[5,3],[-6,3],[9,0],[4,2],[29,-11],[-29,13],[-16,-3],[-12,11],[4,10],[17,2],[10,-6],[-4,5],[16,3],[11,-1],[-2,-5],[15,-12],[-8,11],[-6,2],[4,4],[32,4],[-2,-6],[7,-6],[-4,10],[5,0],[3,3],[32,2],[13,-6],[-2,-8],[7,2],[0,-14],[-13,5],[13,-9],[1,-6],[8,-5],[-9,-1],[11,-1],[6,-6],[-9,-6],[11,5],[8,-8],[1,-6],[-16,-11],[-11,-3],[0,-2],[13,4],[15,10],[2,-8],[-6,-12],[4,1],[2,-16],[-11,-14],[12,12],[5,-5],[-4,-11],[5,11],[-6,9],[1,13],[-4,3],[5,10],[9,-12],[0,-7],[2,-5],[9,-5],[-10,8],[0,7],[7,-4],[-18,21],[-2,5],[1,8],[19,-4],[0,-8],[10,-8],[9,-10],[2,-7],[7,-6],[18,-3],[-5,-5],[-15,-5],[-14,-26],[24,-21],[-23,23],[10,12],[3,10],[19,7],[3,6],[-16,2],[-10,12],[25,-9],[10,-7],[-2,4],[-10,5],[-14,4],[-9,4],[-8,11],[-9,7],[-3,12],[17,1],[6,-7],[-11,-5],[8,0],[5,6],[-8,7],[-19,-1],[-20,3],[-23,20],[-2,8],[9,5],[18,-3],[10,-8],[6,-3],[-8,8],[2,1],[15,-5],[4,-4],[-8,-5],[9,3],[11,-12],[-3,-1],[29,-11],[17,-3],[2,-14],[-4,-3],[-3,-9],[7,11],[14,-9],[-2,-8],[14,-14],[-5,-15],[-7,-1],[-3,-5],[10,6],[7,14],[17,-23],[11,-12],[-12,19],[-14,26],[-3,-3],[-11,8],[6,0],[3,-5],[4,1],[-3,8],[-2,22],[-17,0],[2,7],[9,-1],[6,-5],[1,10],[5,11],[4,5],[15,11],[-7,3],[4,9],[-5,4],[18,-6],[-12,-8],[3,-1],[16,8],[-13,7],[16,-6],[-12,7],[11,3],[6,-6],[-4,-3],[23,8],[-19,-5],[-5,7],[3,2],[24,2],[-2,-6],[56,18],[-2,6],[5,-2],[-1,-3],[20,7],[-13,-2],[-11,2],[2,4],[10,-1],[23,4],[-10,2],[-13,-4],[-6,0],[9,10],[6,-1],[10,0],[7,-3],[2,-4],[14,2],[0,4],[6,-1],[7,5],[-14,-4],[1,-3],[-11,0],[-12,5],[-10,0],[-5,3],[3,11],[8,-4],[18,5],[4,-1],[26,9],[14,1],[-3,-3],[5,-8],[4,-1],[-4,9],[9,2],[14,-12],[0,4],[10,0],[-14,3],[-3,11],[39,4],[17,-3],[6,-10],[2,5],[-1,10],[36,6],[15,-2],[2,-4],[-9,-10],[9,7],[2,7],[28,-3],[-8,-8],[11,7],[9,-2],[23,-5],[28,-9],[-4,-7],[12,5],[47,-18],[15,-7],[8,-3],[25,-15],[21,-8],[0,-7],[4,4],[5,-2],[-4,-3],[8,1],[11,-6],[24,-16],[-5,-5],[11,1],[24,-19],[9,-9],[-5,-3],[8,1],[9,-14],[18,-16],[-3,-3],[6,0],[-1,-6],[4,3],[9,-11],[21,-99],[-2,-8],[-3,1],[-1,-7],[-5,-2],[-23,4],[-21,-1],[-4,7],[1,-6],[-7,-2],[-19,-11],[-5,-13]],[[56312,33540],[6,-17],[0,-22],[-14,-35],[-24,-37]],[[56280,33429],[-83,21],[-31,3],[-28,-1],[-15,13],[5,5],[-23,19],[-33,43],[1,9],[10,8]],[[56083,33549],[154,27],[28,7]],[[56265,33583],[32,-25],[15,-18]],[[55658,33743],[-86,-71],[-9,-19],[-4,-26],[14,-8],[-12,-2],[1,-13],[-10,-8],[-35,19],[-8,-7],[-30,12],[7,6],[-7,3],[-10,-9],[-16,8],[-20,4],[-10,-4],[17,-13],[-11,-4],[-8,8],[-43,-18],[7,-20],[-6,-3],[-8,20],[-8,-3],[5,20],[-7,5],[-11,-3],[-8,-8],[-19,7],[-19,-19],[10,-14],[-10,-16]],[[55215,33625],[10,4],[-19,14],[12,3],[-2,21],[53,13],[2,-3],[11,3],[-1,-10],[13,-11],[13,4],[14,-11],[22,12],[20,-6],[54,49],[27,19],[170,97]],[[55130,33729],[-9,18],[8,1],[2,8],[21,-5],[8,13],[18,14],[-2,5],[15,11],[7,-1],[10,8],[-15,5],[44,20],[9,-4],[15,10],[25,10],[9,-10],[4,1],[14,11],[37,41]],[[57238,34007],[-10,-17]],[[57228,33990],[-15,-40],[-15,-56],[3,-21],[-8,-1],[-22,7],[-16,11],[-19,-1],[2,-4],[-14,-2],[-14,-7],[10,-4],[-7,-5],[-2,-14],[-19,-2],[-13,-4],[-14,0],[-7,-7],[-9,-1],[-11,-6],[-13,-21],[-26,-10],[-5,-9],[4,-15],[-3,-6],[-16,-7],[-5,4],[-8,-10],[-14,-8],[15,-1],[20,-8],[-19,-21],[12,-13]],[[56980,33708],[-14,1],[-14,-7],[2,-5],[-14,2],[-5,-14],[-23,15],[-26,0],[-37,8],[-1,-10],[-16,-12],[-11,-18],[-12,-5],[-2,-15],[-17,-5],[-10,-23],[-31,-20],[-7,-27],[-8,-4],[-13,-14],[-2,-9],[-5,-1]],[[56714,33545],[-30,37],[-13,10],[-9,-4]],[[56662,33588],[-1,6],[-6,3],[6,2],[-22,17],[-8,-2],[5,4],[-37,26],[-120,36],[-58,0],[-62,33],[-17,-18],[-31,-4],[-28,-11]],[[56283,33680],[-3,6],[-18,8],[-10,10],[5,13],[-5,4],[-11,3],[1,5],[-10,8],[1,10],[-7,2],[6,8],[-10,1],[7,5],[-11,3],[-3,6],[-22,9]],[[56283,33680],[-77,-19],[-35,-15],[-38,-10],[37,-6],[4,-5],[-2,-9],[-30,-18],[-25,-28],[-34,-21]],[[56280,33429],[167,-36]],[[56447,33393],[1,-16],[-4,-9],[-22,0],[-76,-24]],[[54813,33432],[36,12],[6,10],[4,15],[-17,20],[3,11],[-22,26],[3,17],[15,5],[7,8]],[[56662,33588],[-13,-5],[-8,-8],[-35,-7],[-17,20],[-22,-6],[-8,-6],[-31,-10],[-20,-6],[-36,-4],[-17,-6],[-19,2],[6,6],[-4,9],[6,10],[-6,1],[-5,5],[-2,15],[-33,2],[-11,-8],[-14,3],[-48,-2],[-60,-10]],[[56679,33452],[2,-45],[-18,-48],[-115,16],[-101,18]],[[56312,33540],[22,3],[5,-8],[4,2],[11,-9],[6,4],[7,-4],[-6,-5],[9,-2],[20,-13],[29,-6],[5,-10],[3,0],[-16,-18],[39,-3],[60,-10],[66,-4],[55,-7],[48,2]],[[56714,33545],[47,-44],[-40,-8],[-6,-19],[-37,-17],[1,-5]],[[56000,34672],[2,10]],[[55854,34865],[-3,-7],[7,-25],[9,-7],[20,-6],[8,-28],[13,-15],[25,-17],[13,0],[20,4],[28,-9],[4,-10],[-4,-5],[-23,1],[-15,-7],[-10,-13],[-4,-16],[2,-3]],[[55944,34702],[6,-7],[5,0]],[[55955,34695],[23,0],[19,-10],[3,-7],[-4,-13],[18,-18],[5,-17]],[[56980,33708],[6,-3],[1,-7],[13,-14],[18,-4],[-2,-7],[15,-16],[-2,-9],[17,-7],[15,2],[26,-7],[10,-7],[-5,-7]],[[57092,33622],[-6,-6],[5,-19],[-8,-2],[-3,-8],[-11,-8],[-7,-23],[-13,-3],[-10,-11],[1,-21],[-7,-10],[-18,-8],[-5,-9],[-15,-8],[-21,-18],[-8,-3],[1,-2],[-8,-8],[17,-26],[7,-1],[2,-11],[13,-9],[-1,-3],[-17,-3],[2,-24],[-8,-8],[7,-3],[-8,-9],[3,-4],[-4,-26],[-9,-7],[3,-14],[-9,-3],[-9,-12],[-10,-5],[-40,-6],[-14,-6],[-39,-29]],[[58081,33383],[6,-5],[21,3],[13,-9],[36,-8],[1,-7],[10,-6],[-1,-5],[6,-4],[1,-5],[-5,-4],[4,-6],[8,-4],[13,1],[35,-18],[34,-28],[16,-18],[81,-5],[38,-9],[7,7],[25,-1]],[[58430,33252],[68,-4],[1,-2],[-15,-4],[-8,-6],[38,-22],[0,-4],[-15,1],[-15,-8],[-4,-5],[19,-8],[23,2],[-5,-13],[7,-6]],[[58524,33173],[-23,-13],[-10,2],[-27,-24],[-13,-8],[5,-12],[-3,-18],[-21,-24],[-11,-21],[-13,-4],[-37,-1],[-14,8],[-46,17],[-2,-5],[-28,3],[-11,-3],[-4,3],[-50,-24],[50,-20]],[[58266,33029],[3,-3],[-4,-3],[-115,-42],[-19,-16],[-27,65],[-18,0],[-3,10],[-28,-6],[-20,4],[6,8],[-33,21],[-49,6]],[[57959,33073],[10,16],[-34,3],[5,7],[-19,6],[-16,-1],[-2,6],[4,2],[-39,7],[-1,3],[-12,3]],[[57855,33125],[-12,8],[-4,11],[17,10],[-9,1],[-68,-1],[49,37]],[[57828,33191],[94,71],[23,21],[7,17],[-12,19]],[[57940,33319],[18,3],[-1,3],[7,4],[5,-3],[25,8],[9,10],[-5,8],[34,12],[3,8],[8,4],[27,5],[6,3],[5,-1]],[[57959,33073],[-19,-11],[23,-7],[-14,-19],[-1,-21],[-34,-16],[17,-11],[-12,-6],[10,-6],[0,-3],[-8,-5],[-4,1],[-9,-11],[11,-3],[-14,-17],[-15,2],[-8,-12],[-12,-9],[38,-22],[17,0],[15,-3],[-9,-1]],[[57560,32971],[23,3],[17,-5],[32,2],[7,-3],[13,-13],[9,-2],[47,1],[12,-2],[3,4],[5,-1],[-33,39],[54,-2],[46,3],[-10,16],[7,14],[13,18],[17,11],[27,25],[2,7],[-33,6],[27,19],[10,14]],[[58393,33491],[0,-3],[-9,0],[-2,-8],[-3,4],[6,19],[-58,3],[1,-8],[-5,-1],[-44,13],[-40,-21]],[[58239,33489],[-5,4],[-20,5],[7,27],[14,17],[-38,8],[14,7],[-33,10],[-16,1],[-63,-39],[-41,-14],[-13,4],[-64,-21],[-4,11],[-10,-1],[-2,2],[-29,-6],[-27,4]],[[57909,33508],[56,52],[-17,28],[-28,10],[-13,1],[-11,-6],[-28,-5],[-5,1],[-2,-4],[-3,5],[14,7],[-1,14],[-10,4],[0,8],[-7,5],[-21,0],[-12,4],[-4,8],[6,9],[-6,14],[-15,16],[-22,5],[2,10],[-10,8],[2,5],[-6,6],[3,6],[-6,5],[7,9]],[[57772,33733],[3,11],[-12,8],[-3,7],[3,4],[-11,9],[12,11],[0,17],[-22,5],[-3,8],[3,5],[-7,13],[6,4],[-3,9],[-5,1],[-1,5],[-10,5],[6,4],[-8,17],[-6,0],[1,4],[-15,13],[-2,7],[-9,2],[-5,7],[1,11],[-10,14],[3,9],[-17,6],[-37,-12],[-36,-4],[-3,13],[-24,-1],[-20,9],[4,3],[-3,15],[-5,4],[-12,3],[7,2],[-5,21]],[[59093,32886],[-1,2],[78,15],[63,18],[42,15],[92,42],[-22,2],[-40,-2],[-5,18]],[[59300,32996],[9,2],[5,17],[6,0],[-5,9],[21,1],[-3,16],[27,7],[9,6],[-7,2],[-23,20],[13,11],[-3,9],[-20,0],[2,14],[-22,13],[-40,14],[0,24]],[[59269,33161],[47,8],[75,7],[223,-3],[4,-18],[-9,-9],[17,-1],[2,-7],[-8,-18],[-9,1],[4,-18],[8,-5],[-12,-8],[20,-12],[95,24]],[[59498,33298],[-115,18],[-56,4],[5,-4],[-1,-5],[6,-6],[-1,-6],[6,-10],[-18,-7],[-2,-11]],[[59322,33271],[-74,-2],[6,12],[-19,1],[-11,-7],[-4,2],[0,-9],[-22,-1],[1,-4],[-6,0],[1,-3],[-9,-2],[-5,7],[-15,2],[-12,7],[-43,1],[-32,-4],[-28,-16],[-17,18],[-20,-4],[-5,14],[-35,-12],[-14,18],[-3,33],[-28,7],[-13,-8],[-9,4]],[[59322,33271],[6,-13],[-1,-9],[-5,-4],[4,-6],[-23,-17],[4,-15],[-5,-11],[-8,1],[-4,-4],[-19,-1],[11,-16],[-6,-1],[-108,21],[-5,-16],[-8,-8],[14,-15],[1,-18]],[[59170,33139],[-178,-85],[-4,1],[4,4],[-24,3],[-1,-3],[-26,0],[-31,5],[-3,-2],[-11,2],[-2,-2],[-12,2],[-5,-3],[7,19],[0,19],[-31,-3],[-12,2]],[[58841,33098],[64,85],[-58,43],[-33,9],[2,5],[-17,1]],[[58799,33241],[-1,6],[13,6],[-17,1],[-14,15]],[[57327,33055],[-2,15],[9,3],[3,5],[-2,9],[-4,0],[0,8],[-11,-1],[-5,29],[-41,30],[41,3],[2,9]],[[57317,33165],[44,-8],[47,-13],[44,-16],[30,-17],[15,22],[20,18],[29,16],[42,12],[7,8]],[[57595,33187],[52,15],[24,1],[15,3],[53,-9],[38,18],[51,-16],[0,-8]],[[57736,33474],[19,-11],[54,-20]],[[57809,33443],[27,-14],[12,-9]],[[57848,33420],[-19,-6],[-16,1],[-12,-9],[-18,-4],[-44,-25],[-18,9],[-17,0],[-5,4],[5,4],[-16,11],[1,3],[-7,5],[-25,16],[-17,3],[-24,-28],[-33,-19],[-90,-36],[-43,-9],[-32,-4]],[[57418,33336],[-15,-1]],[[57403,33335],[-5,7],[-10,-1],[-1,6],[-23,19],[5,2],[-6,4],[12,5],[-6,5],[2,6],[-7,2],[7,4],[-2,6],[-18,1],[4,5],[-3,3],[18,0],[-4,6],[20,3],[8,-3],[16,7],[-2,3],[17,0],[4,9],[7,3],[5,18],[25,13],[0,10],[9,7],[26,1],[12,3],[19,-3],[1,-4],[18,2],[9,7],[-3,0],[-1,11],[5,8],[-55,25],[-5,5],[3,13]],[[57504,33553],[71,-23],[125,-50],[36,-6]],[[58266,33029],[47,-16],[81,-16],[80,4],[31,-10]],[[58505,32991],[-22,-17],[-40,-4],[-19,-9],[-9,-13],[9,-22],[-3,-29],[-19,-10],[-30,-8],[3,-7],[-6,2],[-27,-11],[-5,1],[-5,-6],[-6,1],[3,-3],[-13,-8],[-27,-13],[-3,3],[-8,-5],[-1,-6],[-7,-5],[3,-1],[-26,-17],[4,-8],[-10,0],[-4,-12],[-28,-5],[5,-12],[-89,9],[-25,-71]],[[58542,33388],[-8,-11],[5,-4],[-4,-10],[-5,0],[-2,-4],[3,-5],[-6,1],[-5,-11],[-8,2],[-4,-3],[-81,21],[-37,-31],[-39,10],[1,-6],[-7,0],[-7,-9],[3,0],[1,-5],[-5,-2],[13,-13],[24,0],[28,-12],[16,1],[6,-15],[12,-2],[-6,-28]],[[58081,33383],[84,23],[-3,3],[50,16],[87,15],[-54,16],[-17,9],[21,10],[4,-3],[6,6],[-24,7],[4,4]],[[58799,33241],[-143,3],[-3,-2],[14,-9],[-5,0],[-1,-11],[-30,-3],[-8,-1],[1,-5],[-9,0],[9,-18],[-6,-1],[3,-6],[-11,-4],[3,-2],[-9,-8],[-8,1],[-4,3],[-28,0],[-1,-4],[-23,4],[-16,-5]],[[57940,33319],[-41,46],[-21,-3],[-1,10],[14,2],[-43,46]],[[57809,33443],[17,18],[14,-1],[0,10],[51,20],[18,18]],[[59300,32996],[-26,-4],[-84,8],[-28,7],[-53,8],[-31,-26],[-11,-2],[-1,-3],[-45,-1],[-45,12],[-66,-1],[-66,13],[-36,3],[-29,8]],[[58779,33018],[62,80]],[[59170,33139],[33,12],[66,10]],[[58708,32800],[29,169],[9,14],[33,35]],[[58779,33018],[-20,3],[-18,0],[-43,-20],[-41,-3],[-53,-15],[-66,-1],[-33,9]],[[57123,33613],[-9,-28],[1,-30],[7,-23],[29,-49],[13,-47],[-1,-35],[-10,-43]],[[57153,33358],[-1,-37],[4,-24],[19,-54],[15,-23],[23,-20],[28,-15],[37,-13],[39,-7]],[[57092,33622],[7,-6],[24,-3]],[[57373,33577],[131,-24]],[[57403,33335],[-114,4],[-11,5],[-32,2],[-33,11],[-27,5],[-17,1],[-16,-5]],[[57123,33613],[17,2],[66,-17],[167,-21]],[[57581,33673],[9,-20],[7,-4],[-6,-10],[-18,-3],[-3,-4],[-27,-5],[-32,-12],[-29,-6],[-10,-10],[4,-5],[-3,-3],[6,-3],[-4,-6],[-29,9],[-21,0],[-4,5],[-26,8],[-14,-2],[-6,-9],[-8,-3],[7,-6],[-1,-7]],[[57228,33990],[102,-8],[2,-15],[-21,-25],[25,-5],[-4,-2],[2,-5],[-18,-6],[31,-27],[-42,-22],[-14,-14],[9,-4],[-6,-6],[11,-4],[-8,-6],[16,-6],[-19,-15],[23,-9],[8,-9],[-9,-13],[-2,-17],[11,-8],[0,-7],[15,-16],[-12,-16],[0,-10],[-6,-2],[3,-12],[19,2],[40,-2],[45,-21],[16,2],[25,26],[16,8],[9,-4],[13,-1],[14,-12],[-3,-3],[9,-6],[17,-4],[4,-7],[19,-4],[10,-5],[3,3]],[[57772,33733],[-16,11],[-1,-2],[-12,0],[-17,-13],[-7,-12],[-5,1],[-3,-54]],[[57711,33664],[-31,0],[-8,5],[-18,-12],[-12,-2],[-20,17],[-25,9],[-16,-8]],[[57736,33474],[-17,17],[-8,19],[-4,99],[4,55]],[[57418,33336],[-6,-4],[11,-9],[9,4],[30,-9],[15,0],[15,-8],[9,1],[9,5],[3,-5],[7,2],[-1,-6],[5,1],[21,-16],[24,3],[2,-9],[21,-25],[3,-74]],[[62366,31989],[105,-20],[-23,-29],[-8,-3],[-3,-10],[-15,-5],[-6,-15],[33,-3],[3,-4],[12,-2],[-8,-14],[3,-1],[-9,-2],[-11,1],[0,-6],[19,-4],[40,-16],[26,-4]],[[62491,31733],[-100,20],[-48,15],[-235,112]],[[62108,31880],[-47,25],[13,8],[10,-5],[13,1],[35,10],[28,13],[13,16],[-48,20],[-5,0],[-16,9]],[[62104,31977],[62,52],[26,2],[22,7]],[[62214,32038],[90,-32],[62,-17]],[[62079,31719],[27,6],[-43,33],[-7,10],[-9,1],[1,12],[-7,3],[1,6],[17,-1],[-1,12],[32,5],[14,-2],[7,4],[-6,1],[3,6],[13,11],[-30,28],[-2,7],[19,19]],[[63063,32394],[-1,-5],[6,-3],[-5,-5],[4,-5],[-8,-3],[3,-3],[-5,-2],[-3,3],[-37,-4],[-42,-20],[-22,-2],[-1,-3],[-6,1],[-2,5],[-11,-3],[-4,3],[-7,-9],[-5,-31],[-59,27],[-22,-15],[-1,-4],[-6,5],[-5,-5],[-5,3],[-4,-9],[-5,-2],[-20,-1],[-18,5],[-6,-6],[-20,-2],[-2,2],[-21,-5],[-38,-15],[2,-1],[-9,-3],[-8,-12]],[[62670,32270],[-8,7],[-12,1],[-24,-11],[-31,0],[-27,3],[-11,-10],[-32,-3],[-5,3],[8,11],[8,1],[10,-3],[7,2],[-6,20]],[[62547,32291],[12,4],[-6,14],[9,28],[33,3],[27,10],[19,18],[8,14],[-8,28],[5,0],[-16,50],[-26,48]],[[63193,32402],[14,-14],[15,-23],[21,-8],[24,-18],[-6,-21],[4,-7],[8,1],[17,-7],[6,-8],[26,-10],[-27,0],[-10,-4],[0,-6],[-13,0],[-6,-10],[1,-8],[6,-5],[33,-5],[-10,-17],[-2,-2],[-57,2],[-28,-8],[-20,-20],[4,-11],[-3,-13],[-13,-4],[-14,5],[-6,14],[-16,11],[-3,6],[7,6],[-66,11],[-32,-3],[-47,-22],[-10,-11],[-7,-18],[-16,-14],[-11,-2],[-10,16],[-16,4],[-4,-29],[-12,-15]],[[62914,32135],[-17,-5],[-21,1],[-10,6],[3,17],[-6,11],[-35,10],[-35,4],[-16,10]],[[62777,32189],[-15,3],[-29,-2],[-26,2],[-50,16]],[[62657,32208],[-9,7],[-12,22],[5,7],[27,4],[13,6],[1,4],[-12,12]],[[62547,32291],[-26,-3],[-2,-9],[-38,-17],[-18,-14],[-11,2],[-21,-15],[-6,-9],[2,-33],[-8,-21],[-25,-8],[-33,-4]],[[62361,32160],[-31,-5],[-32,20]],[[62298,32175],[-8,33],[-21,26]],[[62269,32234],[-11,12]],[[62258,32246],[74,31],[25,5],[0,8],[9,8],[2,16],[9,3],[29,2],[7,7],[21,7],[6,9],[-2,11],[6,13],[24,0],[25,-3],[7,3],[-11,13],[0,20],[-3,1],[-5,-3],[-5,-12],[-21,0],[-12,7],[0,5],[17,1],[8,6],[-35,3],[-6,15],[2,3],[13,-7],[14,-2],[2,2],[0,14],[-21,3],[-7,5],[11,3],[-4,14],[5,13],[4,2],[18,-8],[8,1],[6,8],[14,6],[-16,7],[-6,7],[14,1],[15,4]],[[62024,32203],[-18,-9],[17,-7],[17,-12],[53,-55]],[[62093,32120],[54,-47],[32,-19],[35,-16]],[[62104,31977],[-15,7],[1,6],[-17,4],[-14,9],[-18,2],[-7,-1],[-11,-11],[-7,1],[-29,-20],[-29,18],[-24,-18],[-15,18],[-21,7]],[[61898,31999],[0,6],[15,0],[3,22],[-1,14],[-14,1],[0,5],[8,4],[4,-2],[27,4],[-7,20],[-30,-7],[-12,18],[-5,21],[-19,2],[-31,-3],[-24,3],[1,6],[-17,24],[-34,62]],[[61818,32213],[13,2],[15,-2],[20,-14],[14,-4],[22,3],[40,13],[26,-5],[56,-3]],[[61935,31743],[7,10],[3,25],[-12,20],[-21,16],[9,9],[-15,21],[-1,14],[-19,-3],[-1,8],[-19,1],[3,-11],[-23,-3],[-8,19],[-11,52],[-24,24]],[[61803,31945],[20,6],[5,-6],[20,4],[1,-6],[55,14],[-21,15],[-12,16],[0,3],[23,4],[4,4]],[[61803,31945],[-54,31],[-21,19],[-28,-7],[-2,-5],[-9,-7],[-7,-16],[-26,6],[-36,-12],[4,-6],[-17,-4],[-8,7],[3,5],[-7,8],[0,18],[-8,7],[6,5],[-4,9],[32,8],[3,11],[-4,1],[-6,-4],[-20,11],[-18,-7],[6,-10],[-5,3],[-10,-8],[-7,4],[3,3],[-8,9],[-1,22],[-17,0],[-8,-8]],[[62361,32160],[60,-46]],[[62421,32114],[41,-34],[44,-21],[-4,-6],[-33,-16]],[[62469,32037],[-27,11],[-5,-9],[-6,-1],[6,-3],[-12,-15],[3,-7],[-42,-9],[-20,-15]],[[62093,32120],[109,-9],[51,5],[15,7],[12,11],[18,41]],[[62024,32203],[37,-2],[62,8],[48,-1],[15,7],[20,14],[63,5]],[[62914,32135],[3,-2],[12,1],[8,-17],[10,-8]],[[62947,32109],[-18,-13],[4,-8],[-3,-6],[-33,-22],[-6,-44],[-10,-15],[15,-2],[7,2],[0,-20],[-4,-3],[32,-7],[6,-5],[-35,-2],[2,-5],[-8,-3],[-1,-6],[-14,-3],[2,-14],[-27,-7],[-2,-27],[-20,2],[11,-6],[6,1],[15,-10],[5,0],[4,-5],[-6,-1],[9,-10],[-6,-1],[3,-4],[-8,-4]],[[62867,31861],[-39,13],[-95,48],[-74,11],[4,4],[-9,5],[19,10],[-74,33]],[[62599,31985],[27,19],[13,3],[6,-4],[17,5],[13,0],[1,-3],[30,17],[28,1],[23,18],[25,28],[4,9],[-33,9],[10,12],[17,11],[5,11],[-4,5],[4,3],[7,0],[-6,3],[1,5],[-10,3],[1,15],[-11,4],[6,3],[-6,6],[5,3],[-4,3],[4,7],[-4,2],[9,6]],[[62260,32468],[-12,-21],[-14,-13],[-50,-18],[-24,-20],[37,-48]],[[62197,32348],[-51,-14],[-12,-16],[-7,-1],[-11,3],[-3,-3],[-34,2],[-11,-11],[-23,0],[-3,-4],[-13,1],[-14,-8],[-46,6],[-15,-1],[-30,4],[-8,-2],[-35,2],[-35,7]],[[62181,32495],[30,-4],[2,4],[43,-1],[-4,-21],[8,-5]],[[62197,32348],[27,-40],[-3,-14],[6,-12],[31,-36]],[[62657,32208],[-5,-22],[13,-2],[18,5],[17,-6],[-4,-3],[-10,2],[-27,0],[-4,-3],[26,-13],[-10,-4],[-15,4],[-2,-3],[6,-2],[-5,-6],[-11,3],[-5,-7],[4,-1],[-13,-14],[-11,-6],[-120,-13],[-59,1],[-19,-4]],[[63933,32288],[-76,1],[-46,-3],[-54,16],[-29,-8],[0,5],[-15,2],[5,11],[-22,3],[3,10],[-67,12],[2,11],[24,-5],[-3,12],[15,23],[-7,14],[-12,7],[-8,2],[-18,-3],[4,2],[-1,4],[-21,17]],[[63811,32064],[-1,17],[6,12],[26,25],[42,64],[12,10],[10,28],[11,13],[7,25],[-7,12],[16,18]],[[63648,31931],[13,2],[-3,13],[37,2],[-14,22],[-11,3],[26,8],[18,-8],[20,32],[81,20],[-4,39]],[[63648,31931],[-19,5],[-5,8],[0,-3],[-20,-6],[-16,14],[-17,27],[-21,23],[-7,-3],[-30,-2],[0,-3],[-19,-3],[-33,0],[-8,-3],[-1,-7],[-5,-4],[-7,2],[-9,-7],[-9,1],[-7,16],[-6,4],[-14,2],[-15,-6],[-13,5],[-2,7],[21,17],[6,16],[-6,14],[-24,13],[-1,6],[7,10],[-17,6],[7,15],[-3,13],[-13,1],[-11,-3],[-6,5],[-15,2],[-26,-9],[-29,-5],[-77,12],[-7,-10],[-20,-14],[-11,-18],[-29,3],[-16,-56],[-23,6],[-8,10],[-17,8],[-34,10],[-14,25],[-33,17],[-7,12],[-12,5]],[[63561,31879],[7,-1],[17,6],[-22,19],[-28,20],[0,4],[30,-3],[25,-11],[18,-3],[20,5],[8,4],[-1,3],[18,1],[-5,8]],[[62861,31841],[-8,4],[-1,8],[10,3],[5,5]],[[62469,32037],[130,-52]],[[62482,32558],[-47,-33],[-96,-46],[-38,-27],[-12,4],[-21,16],[-8,-4]],[[54037,36358],[-59,20],[-60,9],[6,16],[-9,1],[-18,21],[-24,-10],[-25,14],[-8,-9],[-33,-18],[-6,-14],[-17,-1]],[[53784,36387],[10,41],[1,12],[-3,5],[5,30]],[[53866,36291],[-8,-45],[-1,-42]],[[53857,36204],[-8,0],[-4,4],[9,4],[1,3],[-24,4],[-31,2],[-1,-11],[-15,-6],[-2,-14],[-43,2],[-13,0]],[[53726,36192],[9,49],[28,66]],[[53763,36307],[18,1],[29,7],[16,-15],[27,4],[4,-6],[10,1],[-1,-8]],[[53822,35870],[-5,-3],[-2,-24],[26,-61],[-49,-3]],[[53792,35779],[-68,-5],[-18,0]],[[53706,35774],[8,10],[1,17],[-5,11],[7,17],[1,14],[-7,10],[4,11],[-5,26]],[[53710,35890],[29,0],[37,9],[4,-3],[55,14]],[[53835,35910],[24,-19],[-37,-21]],[[54006,35958],[-38,-8],[-9,-9],[-2,-8]],[[53957,35933],[-57,6],[-15,17],[-41,1],[-44,34]],[[53800,35991],[21,16],[87,22]],[[53908,36029],[29,-20],[-3,-16],[19,2],[14,5],[8,-8],[7,2],[24,-36]],[[53872,36054],[5,-10],[12,2],[19,-17]],[[53800,35991],[-12,-12],[-62,-20],[-11,1],[-3,2]],[[53712,35962],[-5,18],[11,11],[-4,58],[-1,18]],[[53713,36067],[87,0],[63,13]],[[53863,36080],[9,-26]],[[54262,35735],[-89,-3],[3,-3],[-7,-2],[-4,-7],[2,-3],[-16,-1],[-1,4],[-15,0],[-17,9],[-25,-4]],[[54093,35725],[-4,10],[-30,12],[14,11],[-10,14],[-27,-15],[-32,11],[1,3],[-6,1],[-9,7],[29,10],[31,-6],[2,8],[5,0],[3,15],[-23,3],[-2,18]],[[54035,35827],[50,-1],[72,-17],[69,4],[43,1],[50,-10],[16,-6],[39,-26],[30,-41]],[[54060,36158],[-86,-46]],[[53974,36112],[-102,-58]],[[53863,36080],[-10,46],[-9,19],[16,24],[-2,30]],[[53858,36199],[51,6],[66,14],[25,6],[20,11],[33,8],[24,-24],[7,-2]],[[54093,35725],[-31,-2],[-107,0]],[[53955,35723],[-84,2]],[[53871,35725],[36,39],[47,8],[-23,17],[27,15]],[[53958,35804],[33,8],[7,6],[-1,5]],[[53997,35823],[38,4]],[[53955,35723],[7,-19],[-4,-2],[2,-8],[8,-12],[46,8],[30,-58],[-103,-20]],[[53931,35612],[-13,25],[-55,-9],[-18,47]],[[53845,35675],[49,7],[-23,43]],[[53858,36199],[-1,5]],[[53866,36291],[8,0],[3,19],[24,3],[5,-6],[24,6],[21,-1],[14,-7],[32,8],[14,12],[-5,18],[33,5]],[[54189,35977],[3,-6],[-10,-7],[5,-9],[-5,-6],[-12,-4],[-35,3],[-37,0],[-5,12],[-20,14],[-67,-16]],[[53974,36112],[9,-9],[24,-12],[7,-13],[6,-34],[30,-16],[35,-30],[33,16],[39,-17],[32,-20]],[[53997,35823],[-18,19],[-14,9],[27,17],[2,6],[7,2],[-31,33]],[[53970,35909],[-13,24]],[[54189,35977],[-7,9],[18,3],[32,-33],[1,-11],[61,-3],[15,6]],[[53763,36307],[21,80]],[[53705,35573],[-7,20],[-8,50]],[[53690,35643],[1,0]],[[53691,35643],[26,0],[3,-4],[23,4],[-2,6],[59,11],[-2,8],[47,7]],[[53970,35909],[-46,-9],[-4,4],[-34,-6],[-17,21],[-34,-9]],[[53710,35890],[5,12],[-3,20],[-7,10],[7,30]],[[53958,35804],[-16,12],[-32,10],[8,9],[-14,-2],[-26,7],[-56,30]],[[53871,35725],[-31,8],[-31,15],[-7,7],[-10,24]],[[53713,36067],[0,12],[6,15],[1,35],[-7,3],[-1,5],[9,7],[0,18],[5,30]],[[53691,35643],[0,0]],[[53691,35643],[-2,63],[6,20],[-2,9],[18,29],[-5,10]],[[60574,32111],[4,-3],[-8,-15],[4,-6],[-3,-7],[11,-10],[69,6],[43,-3]],[[60694,32073],[2,-10],[10,-6],[-1,-4],[22,-5],[-3,-21],[-28,3],[-6,-31]],[[60690,31999],[-7,-10],[-19,8],[0,12],[-12,6],[-12,-10],[-35,9],[-3,-6],[-40,14],[-24,3],[-5,-19],[-17,2],[6,-25],[-27,1]],[[60495,31984],[-19,2],[-2,4],[-59,8],[-20,8],[-13,-2],[1,22],[-6,3],[-3,14],[-12,4],[2,25],[5,5],[-8,18],[0,10],[6,1],[-3,5]],[[60364,32111],[113,22],[43,12]],[[60520,32145],[35,1],[-2,-9],[10,-12],[-1,-5],[12,-9]],[[60644,32490],[6,-21],[24,-2],[17,-9],[25,-8],[19,1],[18,-5],[17,6],[17,-2],[21,11],[17,4]],[[60825,32465],[-9,-14],[-23,-21],[-121,-102]],[[60672,32328],[-24,13],[-81,28],[-17,43],[-15,5],[-31,3]],[[60504,32420],[0,27],[19,12],[20,26],[18,13]],[[60561,32498],[25,-17],[50,11],[8,-2]],[[60495,31984],[5,-25],[-8,-3],[-11,2],[3,-10],[-7,-24],[35,-2],[9,-10],[-6,-2],[-13,-15],[-2,-14],[-14,-9],[-23,-2],[2,-7],[-5,-2]],[[59503,32270],[7,1],[10,-4],[3,5],[6,-2],[1,3],[10,0],[9,4],[10,-2],[16,4],[2,-4],[4,1],[13,-4],[3,-5],[9,1],[-1,-3],[22,-11],[16,-5],[34,-1],[21,-11],[14,4],[5,4],[15,1],[14,6],[9,-5],[5,3],[9,-4],[24,-3],[25,2],[18,-4],[6,5],[14,0],[13,-6],[9,4],[-1,-3],[6,-1],[10,4],[10,0],[12,10],[27,-10],[2,4],[10,-3],[9,20],[-11,17],[19,5],[99,-1],[144,3]],[[60214,32289],[-7,-6],[1,-38],[22,-6],[2,-14],[35,-8],[56,-19],[-15,-46],[8,-2],[-7,-16],[-9,-10],[-44,-9],[6,-7],[-5,-1],[4,-11],[66,5],[37,10]],[[60358,32299],[13,-16],[-20,-49],[5,-1],[60,-5],[7,16],[-10,3],[1,3],[-14,7],[40,17],[48,-1],[2,3],[28,1],[1,-7],[8,3],[2,-3],[19,1],[9,-10],[26,-7]],[[60583,32254],[-42,-33],[20,0],[21,-6],[56,8],[5,-1]],[[60643,32222],[-37,-37],[-3,1],[-12,-11],[-71,-30]],[[60214,32289],[70,3],[26,-6],[10,-4],[35,19],[3,-2]],[[60787,32255],[-15,0],[-31,-8],[-5,-3],[-28,-1],[-24,-12],[-41,-9]],[[60583,32254],[89,74]],[[60672,32328],[62,-20],[27,2],[117,0]],[[60878,32310],[12,2],[21,9],[32,8],[10,-47],[-4,0],[5,-29],[-19,-1],[2,-13]],[[60332,32481],[-8,-14],[8,-6],[3,-10],[21,-11],[15,5],[23,-9],[8,11],[-7,6],[-2,10],[5,9],[8,3],[20,-3],[11,12],[31,11],[13,-1],[5,-4],[9,2],[-19,18],[2,3],[11,-1],[43,9],[29,-23]],[[60504,32420],[-1,-18],[-10,-4],[1,-9],[-30,1],[-2,-12],[-43,1],[-14,-4],[-23,-64],[-24,-12]],[[59888,32491],[25,10],[47,8],[19,3],[28,-2],[2,-5],[-11,-12],[18,-10],[1,-12],[8,-8],[27,-3],[28,-12],[23,-3],[18,6],[9,11],[-5,7],[-16,6],[-10,9],[3,21],[18,9],[45,6],[1,-4],[-18,-8],[-1,-8],[3,-4],[19,-5],[11,2],[-9,11],[6,4],[15,2],[33,-3],[-2,-7],[-16,2],[-5,-6],[0,-7],[12,-12],[20,5],[23,-8],[5,11],[17,-2],[43,6],[10,-2],[0,-6]],[[60427,32676],[-49,-51],[-6,0]],[[60372,32625],[-133,0],[-44,4],[-13,-2],[4,-24],[9,-13],[-3,-2],[-144,-3],[-2,8],[-32,-3],[-18,5],[-17,-4],[-5,-4],[-3,5],[-10,-1],[-15,3]],[[60315,32780],[21,-16],[17,-9],[72,-18],[4,-8],[-10,-34],[8,-19]],[[60372,32625],[3,-15],[-11,-1],[2,-18],[-4,-2],[-30,7],[0,-16],[10,-8],[27,4],[3,-17],[6,-2],[4,-8],[7,-3],[-22,-13],[8,-2],[-4,-8],[3,-33],[-18,-1],[-12,-6],[-12,-2]],[[61364,32744],[-161,-30]],[[61203,32714],[-38,-20],[-62,-48],[-52,-27],[-14,-5],[-32,23],[-32,-13],[-12,-13]],[[60961,32611],[-140,21]],[[60821,32632],[-16,28],[3,24],[-64,28],[-37,25],[-170,70],[-52,16],[-8,6]],[[60690,31999],[31,-2],[12,-3],[4,4],[17,1],[4,-8],[-17,-50],[-9,-8],[4,-2],[-11,-11],[-12,-4],[5,-19],[-26,2],[0,4],[-24,-1],[-1,-4],[7,-7],[-5,-5],[-13,1],[-28,-6],[-26,1],[-2,-15],[11,-1],[-2,-9],[-16,-1],[0,-2]],[[60694,32073],[117,10],[8,-26],[61,-2],[59,-6],[6,-16],[37,5]],[[60981,32489],[-7,7],[-18,3],[-41,-18],[-39,5],[-16,-11],[-35,-10]],[[60825,32465],[6,20],[23,26],[8,22],[10,3],[89,75]],[[61203,32714],[30,-78],[4,-26]],[[60821,32632],[-6,-2],[-17,-20],[-57,-12],[-33,-1],[-2,27],[-107,-15]],[[60599,32609],[-1,17],[-81,1],[-1,22],[24,0],[-2,21],[-42,-1],[-55,8],[-14,-1]],[[61113,32416],[-32,-4],[-24,-9],[-6,-8],[-6,1],[-8,-3],[-26,21],[-35,14],[-9,-11],[5,-13],[-5,-4],[2,-13],[-15,-16],[-40,8],[-15,-24],[-16,6],[-8,-3],[-11,4],[-6,-6],[12,-38],[8,-8]],[[60644,32490],[21,3],[1,5],[11,4],[0,8],[-45,14],[-29,23],[-9,23],[5,39]],[[60574,32111],[7,3],[3,4],[62,15],[17,-5],[12,3],[10,-3],[18,5],[6,16],[187,-9]],[[54913,31928],[24,-18],[70,-36],[-9,-8],[5,-4],[-15,-10],[-5,2],[-3,-3],[75,-32]],[[55055,31819],[0,-2],[-69,-46],[15,-10]],[[55001,31761],[-12,1],[-62,29],[-117,47]],[[54810,31838],[13,5],[4,5],[-2,1],[52,41],[10,15],[-8,6]],[[54879,31911],[21,20]],[[54900,31931],[13,-3]],[[55313,31948],[25,-23],[61,6],[4,3],[55,-40]],[[55458,31894],[-96,-15],[-53,-18],[-26,-13],[-55,54],[-23,-12],[-64,-15]],[[55141,31875],[-40,38],[-32,48]],[[55069,31961],[71,33],[1,3],[13,4]],[[55154,32001],[18,0],[-1,5],[9,2],[10,-18],[-22,-9],[38,-15],[5,3],[10,-4],[-4,-4],[36,-13],[19,-14],[7,4],[34,10]],[[54721,32513],[46,-15],[24,-12],[22,-16],[20,-25]],[[54833,32445],[-54,-26],[-39,-12],[-26,-20]],[[54714,32387],[-21,-13]],[[54693,32374],[-24,15],[-28,29],[-57,12],[-54,5]],[[54530,32435],[22,15],[16,37]],[[54568,32487],[40,8],[7,9],[7,22],[12,12],[27,-5],[60,-20]],[[54819,32113],[48,-16],[62,-37]],[[54929,32060],[-93,-8],[-1,-7],[-12,0],[-2,5],[-15,-3]],[[54806,32047],[-6,2]],[[54800,32049],[-17,4],[3,16],[-36,6],[-3,3],[-5,-3],[2,12],[-5,50]],[[54739,32137],[80,-24]],[[55660,31966],[-31,25]],[[55629,31991],[-19,15],[23,14],[2,11],[-12,0],[-26,7],[6,7],[-8,2],[-10,9],[-21,-15],[-123,84],[-42,25]],[[55399,32150],[56,2],[1,3],[30,-1]],[[55241,32280],[30,-17],[16,-15],[2,1]],[[55307,32213],[-56,-8],[-49,9]],[[55202,32214],[-16,7],[-25,-2],[-31,1],[-51,16]],[[55079,32236],[11,1],[21,11],[0,4],[67,20],[-34,41],[-3,12]],[[55141,32325],[43,10],[10,-18],[17,-19],[30,-18]],[[54626,32218],[-5,-40],[-111,7]],[[54510,32185],[-37,11],[-6,-1],[-3,3]],[[54464,32198],[-13,18],[12,20],[1,6],[-9,7]],[[54455,32249],[76,7],[87,3]],[[54618,32259],[10,-17],[-2,-24]],[[55369,32035],[10,-20],[8,-1],[-2,-3],[8,-4],[-31,-5],[14,-30],[-27,-5],[-3,2],[-19,-15],[-14,-6]],[[55154,32001],[-10,14],[-29,24]],[[55115,32039],[11,2],[2,4],[41,16],[20,12]],[[55189,32073],[35,-10],[145,-28]],[[54654,32215],[6,-5],[34,-12],[3,-48],[-12,-1],[0,-3],[6,-14]],[[54691,32132],[-125,-18]],[[54566,32114],[-33,-6]],[[54533,32108],[-2,30],[-34,7],[13,40]],[[54626,32218],[28,-3]],[[55399,32150],[-61,-10],[24,-10],[30,-26],[26,-9],[44,-23],[-63,-30],[-1,-6],[-8,6],[-5,0],[-7,-9]],[[55378,32033],[-9,2]],[[55189,32073],[51,43],[5,9]],[[55245,32125],[-27,70],[-16,19]],[[55084,32133],[23,-1],[68,-14],[70,7]],[[55115,32039],[-22,7],[-101,14]],[[54992,32060],[40,16],[20,5],[-12,36],[-1,19],[45,-3]],[[54464,32198],[-28,-6],[-46,-19],[0,-11],[-20,-10]],[[54370,32152],[-15,18],[-52,38],[-40,48]],[[54263,32256],[2,8],[24,1],[2,-7],[27,5]],[[54318,32263],[110,13]],[[54428,32276],[3,-3],[20,-2],[4,-5],[-21,-16],[21,-1]],[[54533,32108],[-46,-7]],[[54487,32101],[-42,-5],[-24,0]],[[54421,32096],[-33,31],[-18,25]],[[55014,32463],[-16,-10],[-12,-15]],[[54986,32438],[-26,21],[-60,25]],[[54900,32484],[-47,20],[-2,17],[-11,25],[-33,43]],[[54807,32589],[62,18]],[[54869,32607],[21,-25],[27,-17],[-10,-34],[107,-68]],[[54900,32484],[-20,-18],[-29,-10],[-18,-11]],[[54721,32513],[8,4],[-26,19],[-30,14],[21,5]],[[54694,32555],[113,34]],[[54568,32487],[-5,6],[-34,4],[-36,46]],[[54512,32581],[68,1],[30,13],[14,0],[-9,-14],[32,-14],[29,8],[18,-20]],[[55399,32669],[-8,-6],[-5,3],[-30,2],[-15,-18],[-11,-2],[-10,-20],[-24,5],[-18,6],[0,3],[-28,6],[-6,-21],[-4,-2],[3,-4],[-4,-12],[3,-22],[9,-4],[-29,-13]],[[55222,32570],[-13,11],[-19,29],[-13,-5],[-10,-10],[-12,4],[-20,17],[-44,-18]],[[55091,32598],[-41,25],[-26,23]],[[55024,32646],[37,20],[176,48],[58,11]],[[55499,32536],[-32,-4],[-15,9],[-4,7],[-49,-13],[-20,2],[-40,-19],[0,-4],[-17,-10]],[[55322,32504],[-1,0]],[[55321,32504],[-26,5],[-30,11],[-43,50]],[[54650,32029],[36,-41]],[[54686,31988],[-8,-5]],[[54678,31983],[-40,-23],[-29,13],[-19,-12],[6,-3],[-14,-9],[-46,24],[-16,-5],[-34,21],[-33,36]],[[54453,32025],[-32,71]],[[54487,32101],[8,-8],[26,-13],[47,-55],[30,20],[37,-17],[15,1]],[[54833,32179],[30,-7],[-22,-32],[-4,1],[-9,-6],[11,-3],[-20,-19]],[[54739,32137],[-9,2],[-39,-7]],[[54654,32215],[64,1],[34,8],[42,1],[43,6]],[[54837,32231],[10,-26],[13,2],[-22,-18],[-33,-6],[28,-4]],[[54758,32343],[14,-36],[-153,-28]],[[54619,32279],[-48,34],[-5,14]],[[54566,32327],[24,5],[20,14],[25,6],[58,22]],[[54714,32387],[17,-9],[2,1],[10,-7],[13,7],[3,-5],[9,-5],[-26,-15],[16,-11]],[[54566,32327],[-13,12],[0,14],[-11,19]],[[54542,32372],[-30,59]],[[54512,32431],[18,4]],[[54619,32279],[-6,-4],[5,-16]],[[54428,32276],[0,85],[13,1],[2,-7],[29,2],[49,9],[-2,3],[23,3]],[[55024,32646],[0,1]],[[55024,32647],[-21,25],[-25,17],[-24,44],[-42,36],[-2,9],[-54,-3]],[[54856,32775],[90,42]],[[54856,32775],[-55,-27],[-10,21],[-98,-26]],[[54693,32743],[-14,18],[5,47]],[[55024,32647],[-21,-8],[-62,-12],[-72,-20]],[[54869,32607],[-29,32],[-45,12],[-19,10],[-46,41],[-26,33],[-11,8]],[[54678,31983],[16,-6]],[[54694,31977],[-16,-13],[-15,3],[-2,-3],[-2,-12],[8,-3],[-4,-5],[34,-11],[12,-5],[0,-3],[8,-3],[2,2],[92,-39],[41,35]],[[54852,31920],[18,-4],[9,-5]],[[54810,31838],[-33,13],[-173,57],[-37,20],[-13,3],[-3,-1],[-31,16],[-4,5],[-7,1],[1,4],[-11,1],[-38,22],[-42,32],[-3,9]],[[54416,32020],[15,-1],[22,6]],[[55339,31761],[45,-25],[42,-11],[25,-2],[106,4]],[[55557,31727],[-22,-71],[-7,-7],[-9,-27],[-20,12],[-73,-39],[-9,-3],[-15,-1],[1,-3],[-22,-11],[2,-4],[-3,-3]],[[55380,31570],[-195,78],[-16,8],[-23,16],[3,2],[-12,4],[-15,13],[-44,24],[-10,9]],[[55068,31724],[15,13],[3,-1],[27,27],[-4,1],[12,18],[-8,4],[6,7],[24,12],[42,-8],[25,16],[12,14]],[[55222,31827],[117,-66]],[[55629,31991],[-2,-3],[-6,0],[-82,-24]],[[55539,31964],[-2,24],[-14,13],[-145,32]],[[55068,31724],[-4,5],[-29,11],[-34,21]],[[55055,31819],[23,11],[-3,8],[45,9],[21,8],[-12,9],[8,-1],[14,5]],[[55151,31868],[71,-41]],[[54985,32060],[17,-25],[67,-74]],[[55069,31961],[-57,-25],[-47,-9],[-52,1]],[[54900,31931],[-10,2],[19,21],[5,18],[-11,30],[-13,15],[-17,12],[-21,7],[-40,4],[-6,7]],[[54929,32060],[29,-4],[27,4]],[[54912,32313],[41,-70],[-53,-3],[-63,-9]],[[54758,32343],[32,8],[37,3],[52,14]],[[54879,32368],[33,-55]],[[54512,32431],[-32,-6],[-24,-21]],[[54456,32404],[-2,23],[26,22],[19,38],[-36,27],[-15,6],[-7,6],[-3,9]],[[54456,32404],[-82,-1],[-6,-19],[-47,-3]],[[54321,32381],[15,42],[47,53],[-7,16],[-34,23]],[[55241,32280],[5,4],[31,2],[20,7],[-19,19],[11,4],[-3,1]],[[55286,32317],[111,11]],[[55397,32328],[127,9]],[[55141,31875],[10,-7]],[[55732,31731],[-175,-4]],[[55339,31761],[28,-2],[38,1],[145,19],[-59,51],[-23,57]],[[55468,31887],[23,13],[55,14],[-14,16],[7,34]],[[55091,32598],[32,-23],[37,-39],[-115,-56]],[[55045,32480],[-31,-17]],[[55079,32236],[-31,4],[33,31],[-15,53]],[[55066,32324],[12,5],[-1,15],[5,7]],[[55082,32351],[38,-9],[21,-17]],[[55079,32236],[6,-35]],[[55085,32201],[-76,-3],[-115,-12]],[[54894,32186],[-61,-7]],[[54912,32313],[66,-1],[28,3],[23,5],[-3,7],[36,7],[4,-10]],[[54647,32765],[-45,-70],[-83,-12]],[[54985,32060],[-1,0]],[[54984,32060],[8,0]],[[54800,32049],[-40,-15],[-47,-29],[-4,2],[-10,-3],[-2,-4],[4,-2],[-15,-10]],[[54650,32029],[34,23],[0,10],[-118,52]],[[55169,32431],[-3,-5]],[[55166,32426],[-32,-2],[34,-23],[36,-34],[46,-24],[36,-26]],[[55082,32351],[-11,9],[-7,19],[-22,18]],[[55042,32397],[-31,18],[-25,23]],[[55045,32480],[16,-4],[46,-25],[27,-8],[5,4],[30,-16]],[[54852,31920],[-158,57]],[[54894,32186],[21,-4],[13,-8],[14,-49],[42,-65]],[[55921,31528],[-21,-6],[-40,-22],[-33,-14],[-39,-2],[-139,6],[-96,24],[-66,22],[-61,15],[-46,19]],[[55458,31894],[10,-7]],[[54879,32368],[44,10],[20,7],[9,0],[32,8],[33,1],[25,3]],[[54833,32445],[46,-77]],[[54318,32263],[-10,35],[0,38],[13,45]],[[54263,32256],[-13,-3],[-11,0]],[[54239,32253],[-7,1],[-1,11],[-5,-1],[-20,62],[-2,12],[6,2],[1,8],[-9,5],[-3,30],[-5,0],[1,6],[-6,1],[6,8],[-8,54],[-15,47]],[[54416,32020],[-1,3],[-7,1],[2,5],[-5,-3],[-5,1],[-14,16],[2,3],[-7,2],[-9,11],[12,1],[-1,2],[-13,-1],[1,8],[-8,5],[-60,84],[1,7],[-8,6],[-36,49],[-3,0],[-19,24],[1,9]],[[55084,32133],[-7,13],[15,30],[-7,25]],[[55322,32504],[9,-4],[21,-20],[42,-31],[32,-14],[-18,-7],[8,-5],[-27,-13],[16,-15],[8,4],[11,-3],[-24,-10]],[[55400,32386],[-5,2],[-38,-4],[-13,4],[-12,-7],[-20,-6],[-93,35],[-30,3],[-23,13]],[[55169,32431],[40,17],[42,25],[70,31]],[[55400,32386],[4,-2],[-3,-11],[12,3],[8,-5],[-55,-33],[0,-3],[31,-7]],[[62109,37019],[-27,-10],[-18,4],[-31,19],[-14,-8],[0,-22],[-4,-4],[24,-3],[13,-11],[7,0],[-4,-6],[14,-4],[-3,-6],[-7,-2],[0,-8],[11,-13],[17,1],[6,-7],[-7,-22],[-8,-4],[4,-8],[-23,-20],[66,-34],[11,0],[19,11],[25,-21],[6,-9],[2,-25],[-15,-31],[5,-13],[-4,2],[-42,-2],[-19,3],[28,-17],[-73,-20],[-12,16],[-34,-17],[-21,-14],[-13,-14],[-1,-8],[-25,-41],[-27,-20],[-38,-45],[30,-40],[-44,-17]],[[62109,37019],[-20,15],[-12,31],[1,13],[17,16],[-1,14],[6,4],[17,-1],[19,4],[-10,6],[-2,12],[-29,12],[2,20],[-9,7]],[[62866,36623],[-93,116],[54,31]],[[62827,36770],[-22,9],[-19,26],[-28,17],[15,15],[-34,17],[-16,3],[-33,-3],[-27,42],[2,12],[-26,4],[-30,-2],[-7,11],[-15,8],[6,4],[-3,5],[-54,14],[-4,-3],[-17,5],[-8,-17],[-9,-7],[-31,8],[-43,-5],[0,5],[13,12],[-35,15],[-33,-18],[-16,-4],[-9,11],[-15,-3],[-3,6],[-31,-12],[-3,11],[-5,3],[-1,13],[22,15],[-26,25],[-71,27],[-26,-8],[-15,-23],[-31,11],[-30,0]],[[62301,34932],[-10,22],[-23,17],[-11,30],[-23,20],[-26,13],[8,8],[-2,7],[15,6],[-34,32]],[[62301,34932],[-74,-26],[-5,5],[-20,-1],[0,-10],[-21,0],[0,-3],[-17,0],[-48,10],[-20,11],[-2,-2],[-19,2],[-14,-3],[-10,-5],[3,-3],[-4,-3],[-5,1],[-3,-4],[-11,1],[-29,-25],[-3,-10],[6,-8],[-8,-2],[-6,-6],[6,-6],[-13,-6],[-16,9],[-15,25],[-2,15],[-14,19],[-8,1],[-8,5],[-17,-3],[-3,-3],[-6,2],[-3,-4],[-40,2],[-6,10],[-47,20],[-10,7],[-17,3]],[[61772,34947],[-31,10],[-22,19],[16,13],[-30,26],[20,5],[-2,5],[-8,-1],[-3,8],[3,2],[-2,11],[10,1],[-1,3],[-19,22],[11,9],[64,23],[24,17],[2,5],[-6,15],[-24,18],[13,9],[-1,25],[15,25]],[[62298,34871],[5,47],[-2,14]],[[62298,34871],[-6,6],[-81,-8],[-8,-10],[-81,-39],[9,-14],[12,-7],[27,-8],[15,-10],[-2,-3],[-23,1],[-2,-6],[-23,4],[-37,-1],[-4,-4],[2,-9],[-11,-11],[-15,-29],[-105,-3],[-106,-43],[-39,-31],[-9,-15],[-43,-35]],[[61745,34595],[-4,15],[-32,14],[-8,92],[30,-1],[-2,8],[-22,20],[3,14],[9,-1],[-3,21],[15,6],[7,11],[13,0],[7,5],[-5,14],[36,0],[15,7],[0,3],[10,-1],[1,5],[18,5],[-32,8],[-10,6],[-2,8],[11,7],[8,17],[-36,69]],[[61295,35266],[-4,-4],[1,-14],[26,-57],[25,-12],[9,-19],[17,-13],[13,-17],[-12,1],[-38,-9],[-17,-11],[-8,-1],[-42,-48],[-15,-21],[7,-5],[8,-1],[-2,-6],[22,-14]],[[61285,35015],[-22,-14],[-38,-16],[-19,-13],[-21,-15],[-11,-21],[-5,-3]],[[61169,34933],[-31,19],[-22,-9],[-8,7],[-10,0],[-13,10],[-14,2],[-7,5],[-25,-1],[-11,-7],[-17,-1],[-30,-7],[-19,0],[-17,-4],[-18,-1]],[[60927,34946],[-6,22],[-14,7],[21,4],[1,44],[-6,16],[2,44],[-34,-3],[-12,23],[-6,23],[7,39],[-4,1],[1,47],[21,28],[37,26],[11,12],[4,39]],[[60827,34835],[17,-9],[26,2],[19,-2],[18,-8],[11,-9],[-3,-15],[6,-52],[-7,-30],[10,-5],[0,-8],[6,-1],[4,7],[29,-3],[2,5],[78,8],[12,-5],[10,-12],[8,8],[31,9],[15,-6],[15,9],[15,-4],[5,3],[16,-3],[5,4]],[[61175,34718],[12,2],[7,8],[28,4],[89,-12],[19,-5],[14,-5],[11,-15],[26,-20],[10,-3],[7,-32],[42,-31],[147,-32]],[[60735,34472],[-2,11],[5,3],[-8,5],[7,7],[-8,2],[2,3],[11,8],[-2,5],[14,10],[14,1],[-15,19],[24,11],[20,2],[-9,35],[-22,9],[-5,4],[2,7],[-21,10],[1,11],[5,4],[27,3],[-2,8],[-15,10],[26,-2],[-8,31],[-24,22],[4,2],[15,0],[21,-5],[8,5],[-6,9],[-3,24],[-11,32],[-17,2],[0,8],[20,5],[-18,12],[-28,0],[-8,9],[9,2],[6,-4],[12,6],[-23,14],[6,8],[-48,20],[-20,15]],[[60671,34875],[24,6],[33,29],[1,-3],[32,15],[18,-22],[13,-40],[35,-25]],[[61175,34718],[-22,6],[-9,8],[16,12],[-3,12],[-14,17],[10,5],[6,17],[-13,3],[2,5],[29,37],[-3,7],[-8,0],[6,3],[-4,5],[14,4],[38,-6],[25,8],[-12,6],[8,9],[-20,6],[-61,-2],[-4,1],[4,6],[-66,-3],[15,14],[6,25],[12,4],[14,0],[7,4],[21,2]],[[61285,35015],[14,-7],[29,10],[12,-13],[-8,-12],[2,-34],[-8,-12],[-7,-2],[4,-10],[14,-10],[33,-4],[7,4],[27,-18],[29,-12],[15,-2],[1,-4],[5,0],[24,-19],[10,0],[9,-13],[-10,-9],[10,-1],[-13,-20],[57,-6],[3,-3],[2,-15],[-14,2],[-1,-4],[-7,0],[1,-28],[-11,-3],[3,-2],[-6,-6],[35,-31],[23,-10],[-7,-4],[-8,-16],[3,-2],[-25,-10],[-10,-11],[6,-11],[52,-7],[25,-21],[6,-11],[-10,-37],[-14,-13]],[[60927,34946],[-50,-1],[-2,-4],[-18,-4],[14,-19],[-4,-1],[3,-11],[-5,-21],[15,-11],[-15,-11],[19,-6],[-14,-12],[5,-6],[-48,-4]],[[60671,34875],[-43,-12],[-58,4],[-18,8],[-59,14],[-87,18],[-26,-2],[-19,-4],[-49,-1],[-64,15],[-39,-9],[-23,-1],[-32,4],[-38,10],[-76,5],[-66,13]],[[62454,34716],[-18,36],[9,25],[19,31],[-54,22],[-98,26],[-14,15]]],"bbox":[-8.64970957224644,49.8647926358421,1.76323286743115,60.8607658077002],"transform":{"scale":[0.00010413046570143291,0.00010996083132689424],"translate":[-8.64970957224644,49.8647926358421]}}