{"type":"Topology","objects":{"ward":{"type":"GeometryCollection","geometries":[{"type":"Polygon","arcs":[[0,1,2,3]],"id":391,"properties":{"WD24CD":"E05002441","WD24NM":"Baffins","LAD24CD":"E06000044"}},{"type":"Polygon","arcs":[[4,5,6,7,8]],"id":392,"properties":{"WD24CD":"E05002442","WD24NM":"Central Southsea","LAD24CD":"E06000044"}},{"type":"Polygon","arcs":[[9,10,-8,11,12,13]],"id":393,"properties":{"WD24CD":"E05002443","WD24NM":"Charles Dickens","LAD24CD":"E06000044"}},{"type":"Polygon","arcs":[[-4,14,15,16,17]],"id":394,"properties":{"WD24CD":"E05002444","WD24NM":"Copnor","LAD24CD":"E06000044"}},{"type":"Polygon","arcs":[[18,19,20,21]],"id":395,"properties":{"WD24CD":"E05002445","WD24NM":"Cosham","LAD24CD":"E06000044"}},{"type":"Polygon","arcs":[[22,23,24,25,26,27,28,29,-19,30,31]],"id":396,"properties":{"WD24CD":"E05002446","WD24NM":"Drayton and Farlington","LAD24CD":"E06000044"}},{"type":"Polygon","arcs":[[32,-5,33,34]],"id":397,"properties":{"WD24CD":"E05002447","WD24NM":"Eastney and Craneswater","LAD24CD":"E06000044"}},{"type":"Polygon","arcs":[[-3,35,-10,36,-15]],"id":398,"properties":{"WD24CD":"E05002448","WD24NM":"Fratton","LAD24CD":"E06000044"}},{"type":"MultiPolygon","arcs":[[[37,-38,38]],[[39,40,-17]],[[-30,41,42,-20]]],"id":399,"properties":{"WD24CD":"E05002449","WD24NM":"Hilsea","LAD24CD":"E06000044"}},{"type":"Polygon","arcs":[[43,-34,-9,-11,-36,-2]],"id":400,"properties":{"WD24CD":"E05002450","WD24NM":"Milton","LAD24CD":"E06000044"}},{"type":"MultiPolygon","arcs":[[[44]],[[37,-40,-16,-37,-14,45]]],"id":401,"properties":{"WD24CD":"E05002451","WD24NM":"Nelson","LAD24CD":"E06000044"}},{"type":"MultiPolygon","arcs":[[[46,47]],[[48,49]],[[50,51,52]],[[53,54]],[[55,-56,56]],[[57,-58,58]],[[59,60]],[[61,-62,62]],[[63,-64,64]],[[65,66]],[[67,68]],[[69,-70,70]],[[71,72]],[[73,74,75]],[[76,77,78,79]],[[-21,-43,80,81,82]]],"id":402,"properties":{"WD24CD":"E05002452","WD24NM":"Paulsgrove","LAD24CD":"E06000044"}},{"type":"MultiPolygon","arcs":[[[83]],[[84]],[[-33,85,86,-6]]],"id":403,"properties":{"WD24CD":"E05002453","WD24NM":"St Jude","LAD24CD":"E06000044"}},{"type":"Polygon","arcs":[[-7,-87,87,-12]],"id":404,"properties":{"WD24CD":"E05002454","WD24NM":"St Thomas","LAD24CD":"E06000044"}},{"type":"Polygon","arcs":[[88,89,90,91,92,93,94,95]],"id":467,"properties":{"WD24CD":"E05005010","WD24NM":"Cowden and Hever","LAD24CD":"E07000111"}},{"type":"Polygon","arcs":[[96,97,98,99,100,101,102,103]],"id":468,"properties":{"WD24CD":"E05005011","WD24NM":"Crockenhill and Well Hill","LAD24CD":"E07000111"}},{"type":"Polygon","arcs":[[104,105,106,107,108,109]],"id":469,"properties":{"WD24CD":"E05005012","WD24NM":"Dunton Green and Riverhead","LAD24CD":"E07000111"}},{"type":"Polygon","arcs":[[-95,110,111,112]],"id":470,"properties":{"WD24CD":"E05005013","WD24NM":"Edenbridge North and East","LAD24CD":"E07000111"}},{"type":"Polygon","arcs":[[-94,113,114,-111]],"id":471,"properties":{"WD24CD":"E05005014","WD24NM":"Edenbridge South and West","LAD24CD":"E07000111"}},{"type":"Polygon","arcs":[[115,116,117,118,119,120]],"id":472,"properties":{"WD24CD":"E05005016","WD24NM":"Farningham, Horton Kirby and South Darenth","LAD24CD":"E07000111"}},{"type":"Polygon","arcs":[[121,122,123,124,125,126,-116,127]],"id":473,"properties":{"WD24CD":"E05005017","WD24NM":"Fawkham and West Kingsdown","LAD24CD":"E07000111"}},{"type":"Polygon","arcs":[[128,-110,129,130,131,-101]],"id":474,"properties":{"WD24CD":"E05005018","WD24NM":"Halstead, Knockholt and Badgers Mount","LAD24CD":"E07000111"}},{"type":"Polygon","arcs":[[-125,132,133,134]],"id":475,"properties":{"WD24CD":"E05005021","WD24NM":"Kemsing","LAD24CD":"E07000111"}},{"type":"Polygon","arcs":[[135,136,137]],"id":476,"properties":{"WD24CD":"E05005026","WD24NM":"Sevenoaks Eastern","LAD24CD":"E07000111"}},{"type":"Polygon","arcs":[[138,139,-107,140]],"id":477,"properties":{"WD24CD":"E05005027","WD24NM":"Sevenoaks Kippington","LAD24CD":"E07000111"}},{"type":"Polygon","arcs":[[141,-137,142,-141,-106,143]],"id":478,"properties":{"WD24CD":"E05005028","WD24NM":"Sevenoaks Northern","LAD24CD":"E07000111"}},{"type":"Polygon","arcs":[[-136,144,-139,-143]],"id":479,"properties":{"WD24CD":"E05005029","WD24NM":"Sevenoaks Town and St John's","LAD24CD":"E07000111"}},{"type":"Polygon","arcs":[[145,-97,146,147,148]],"id":480,"properties":{"WD24CD":"E05005031","WD24NM":"Swanley St Mary's","LAD24CD":"E07000111"}},{"type":"Polygon","arcs":[[149,150,151,-149,152]],"id":481,"properties":{"WD24CD":"E05005032","WD24NM":"Swanley White Oak","LAD24CD":"E07000111"}},{"type":"Polygon","arcs":[[153,154,155,156]],"id":482,"properties":{"WD24CD":"E05005081","WD24NM":"Beacon Road","LAD24CD":"E07000114"}},{"type":"Polygon","arcs":[[157,158,159,160]],"id":483,"properties":{"WD24CD":"E05005082","WD24NM":"Birchington North","LAD24CD":"E07000114"}},{"type":"Polygon","arcs":[[161,-159,162]],"id":484,"properties":{"WD24CD":"E05005083","WD24NM":"Birchington South","LAD24CD":"E07000114"}},{"type":"Polygon","arcs":[[163,164,165,-154,166]],"id":485,"properties":{"WD24CD":"E05005084","WD24NM":"Bradstowe","LAD24CD":"E07000114"}},{"type":"Polygon","arcs":[[167,168,169,170,171,172,173,174]],"id":486,"properties":{"WD24CD":"E05005085","WD24NM":"Central Harbour","LAD24CD":"E07000114"}},{"type":"MultiPolygon","arcs":[[[175,176]],[[177,-169]],[[178,-171,179,180,181]]],"id":487,"properties":{"WD24CD":"E05005086","WD24NM":"Cliffsend and Pegwell","LAD24CD":"E07000114"}},{"type":"Polygon","arcs":[[182,183,184,185]],"id":488,"properties":{"WD24CD":"E05005087","WD24NM":"Cliftonville East","LAD24CD":"E07000114"}},{"type":"Polygon","arcs":[[-185,186,187,188]],"id":489,"properties":{"WD24CD":"E05005088","WD24NM":"Cliftonville West","LAD24CD":"E07000114"}},{"type":"Polygon","arcs":[[-184,189,-156,190,191,-187]],"id":490,"properties":{"WD24CD":"E05005089","WD24NM":"Dane Valley","LAD24CD":"E07000114"}},{"type":"Polygon","arcs":[[192,-175,193,194]],"id":491,"properties":{"WD24CD":"E05005090","WD24NM":"Eastcliff","LAD24CD":"E07000114"}},{"type":"Polygon","arcs":[[195,196,197,198]],"id":492,"properties":{"WD24CD":"E05005091","WD24NM":"Garlinge","LAD24CD":"E07000114"}},{"type":"Polygon","arcs":[[-167,-157,-190,-183,199]],"id":493,"properties":{"WD24CD":"E05005092","WD24NM":"Kingsgate","LAD24CD":"E07000114"}},{"type":"Polygon","arcs":[[-192,200,201,202,-188]],"id":494,"properties":{"WD24CD":"E05005093","WD24NM":"Margate Central","LAD24CD":"E07000114"}},{"type":"Polygon","arcs":[[-172,-179,203,204]],"id":495,"properties":{"WD24CD":"E05005094","WD24NM":"Nethercourt","LAD24CD":"E07000114"}},{"type":"Polygon","arcs":[[-173,-205,205,206]],"id":496,"properties":{"WD24CD":"E05005095","WD24NM":"Newington","LAD24CD":"E07000114"}},{"type":"Polygon","arcs":[[207,-194,-174,-207,208,209]],"id":497,"properties":{"WD24CD":"E05005096","WD24NM":"Northwood","LAD24CD":"E07000114"}},{"type":"Polygon","arcs":[[-166,210,211,-210,212,213,-155]],"id":498,"properties":{"WD24CD":"E05005097","WD24NM":"St Peters","LAD24CD":"E07000114"}},{"type":"Polygon","arcs":[[-201,-191,-214,214,-196,215]],"id":499,"properties":{"WD24CD":"E05005098","WD24NM":"Salmestone","LAD24CD":"E07000114"}},{"type":"Polygon","arcs":[[216,217,-195,-208,-212]],"id":500,"properties":{"WD24CD":"E05005099","WD24NM":"Sir Moses Montefiore","LAD24CD":"E07000114"}},{"type":"Polygon","arcs":[[-160,-162,218,-197,-215,-213,-209,-206,-204,-182,219,220,221,222]],"id":501,"properties":{"WD24CD":"E05005100","WD24NM":"Thanet Villages","LAD24CD":"E07000114"}},{"type":"Polygon","arcs":[[-165,223,-217,-211]],"id":502,"properties":{"WD24CD":"E05005101","WD24NM":"Viking","LAD24CD":"E07000114"}},{"type":"Polygon","arcs":[[-216,-199,224,225,-202]],"id":503,"properties":{"WD24CD":"E05005102","WD24NM":"Westbrook","LAD24CD":"E07000114"}},{"type":"Polygon","arcs":[[-225,-198,-219,-163,-158,226]],"id":504,"properties":{"WD24CD":"E05005103","WD24NM":"Westgate-on-Sea","LAD24CD":"E07000114"}},{"type":"Polygon","arcs":[[227,228,229,230,231,232,233,234,235,236]],"id":661,"properties":{"WD24CD":"E05006627","WD24NM":"Alvescot and Filkins","LAD24CD":"E07000181"}},{"type":"Polygon","arcs":[[237,238,239,240,241]],"id":662,"properties":{"WD24CD":"E05006628","WD24NM":"Ascott and Shipton","LAD24CD":"E07000181"}},{"type":"Polygon","arcs":[[242,243,244,245,-231,246,247]],"id":663,"properties":{"WD24CD":"E05006629","WD24NM":"Bampton and Clanfield","LAD24CD":"E07000181"}},{"type":"Polygon","arcs":[[248,249,250]],"id":664,"properties":{"WD24CD":"E05006632","WD24NM":"Carterton North East","LAD24CD":"E07000181"}},{"type":"Polygon","arcs":[[251,-247,-230,252,-249]],"id":665,"properties":{"WD24CD":"E05006634","WD24NM":"Carterton South","LAD24CD":"E07000181"}},{"type":"Polygon","arcs":[[253,254]],"id":666,"properties":{"WD24CD":"E05006637","WD24NM":"Chipping Norton","LAD24CD":"E07000181"}},{"type":"Polygon","arcs":[[255,256,257,258,259,-243,260,261]],"id":667,"properties":{"WD24CD":"E05006638","WD24NM":"Ducklington","LAD24CD":"E07000181"}},{"type":"Polygon","arcs":[[262,263,264,265,-259,266,267,268,269,270]],"id":668,"properties":{"WD24CD":"E05006639","WD24NM":"Eynsham and Cassington","LAD24CD":"E07000181"}},{"type":"Polygon","arcs":[[271,-270,272,273]],"id":669,"properties":{"WD24CD":"E05006640","WD24NM":"Freeland and Hanborough","LAD24CD":"E07000181"}},{"type":"Polygon","arcs":[[274,275,276,-255,277,278,279,280]],"id":670,"properties":{"WD24CD":"E05006642","WD24NM":"Kingham, Rollright and Enstone","LAD24CD":"E07000181"}},{"type":"Polygon","arcs":[[-241,281,282,283,284,285]],"id":671,"properties":{"WD24CD":"E05006643","WD24NM":"Milton-under-Wychwood","LAD24CD":"E07000181"}},{"type":"Polygon","arcs":[[-273,-269,286,287,288]],"id":672,"properties":{"WD24CD":"E05006644","WD24NM":"North Leigh","LAD24CD":"E07000181"}},{"type":"Polygon","arcs":[[289,290,-244,-260,-266]],"id":673,"properties":{"WD24CD":"E05006645","WD24NM":"Standlake, Aston and Stanton Harcourt","LAD24CD":"E07000181"}},{"type":"Polygon","arcs":[[291,292,293,-274,-289,294,295,-276,296,297]],"id":674,"properties":{"WD24CD":"E05006646","WD24NM":"Stonesfield and Tackley","LAD24CD":"E07000181"}},{"type":"Polygon","arcs":[[-297,-275,298]],"id":675,"properties":{"WD24CD":"E05006647","WD24NM":"The Bartons","LAD24CD":"E07000181"}},{"type":"Polygon","arcs":[[299,300,301,302,-256,303]],"id":676,"properties":{"WD24CD":"E05006648","WD24NM":"Witney Central","LAD24CD":"E07000181"}},{"type":"Polygon","arcs":[[-267,304,-301,305,306]],"id":677,"properties":{"WD24CD":"E05006649","WD24NM":"Witney East","LAD24CD":"E07000181"}},{"type":"Polygon","arcs":[[-306,-300,307]],"id":678,"properties":{"WD24CD":"E05006650","WD24NM":"Witney North","LAD24CD":"E07000181"}},{"type":"Polygon","arcs":[[-258,308,-302,-305]],"id":679,"properties":{"WD24CD":"E05006651","WD24NM":"Witney South","LAD24CD":"E07000181"}},{"type":"Polygon","arcs":[[-303,-309,-257]],"id":680,"properties":{"WD24CD":"E05006652","WD24NM":"Witney West","LAD24CD":"E07000181"}},{"type":"Polygon","arcs":[[309,310,-271,-272,-294]],"id":681,"properties":{"WD24CD":"E05006653","WD24NM":"Woodstock and Bladon","LAD24CD":"E07000181"}},{"type":"Polygon","arcs":[[311,312,313,314]],"id":735,"properties":{"WD24CD":"E05007362","WD24NM":"Ashford Common","LAD24CD":"E07000213"}},{"type":"Polygon","arcs":[[-315,315,316,317,318,319]],"id":736,"properties":{"WD24CD":"E05007363","WD24NM":"Ashford East","LAD24CD":"E07000213"}},{"type":"Polygon","arcs":[[320,-318,321,322,323]],"id":737,"properties":{"WD24CD":"E05007364","WD24NM":"Ashford North and Stanwell South","LAD24CD":"E07000213"}},{"type":"Polygon","arcs":[[-317,324,325,-322]],"id":738,"properties":{"WD24CD":"E05007365","WD24NM":"Ashford Town","LAD24CD":"E07000213"}},{"type":"Polygon","arcs":[[326,327,328,329,330,331]],"id":739,"properties":{"WD24CD":"E05007366","WD24NM":"Halliford and Sunbury West","LAD24CD":"E07000213"}},{"type":"Polygon","arcs":[[-314,332,-330,333,334,335,336,-316]],"id":740,"properties":{"WD24CD":"E05007367","WD24NM":"Laleham and Shepperton Green","LAD24CD":"E07000213"}},{"type":"Polygon","arcs":[[337,-336,338,339,340]],"id":741,"properties":{"WD24CD":"E05007368","WD24NM":"Riverside and Laleham","LAD24CD":"E07000213"}},{"type":"Polygon","arcs":[[341,342,343,344,345,-334,-329]],"id":742,"properties":{"WD24CD":"E05007369","WD24NM":"Shepperton Town","LAD24CD":"E07000213"}},{"type":"Polygon","arcs":[[346,-323,-326,347,-341,348,349,350]],"id":743,"properties":{"WD24CD":"E05007370","WD24NM":"Staines","LAD24CD":"E07000213"}},{"type":"Polygon","arcs":[[-337,-338,-348,-325]],"id":744,"properties":{"WD24CD":"E05007371","WD24NM":"Staines South","LAD24CD":"E07000213"}},{"type":"Polygon","arcs":[[351,352,-324,-347,353]],"id":745,"properties":{"WD24CD":"E05007372","WD24NM":"Stanwell North","LAD24CD":"E07000213"}},{"type":"Polygon","arcs":[[354,355,-331,-333,-313,356]],"id":746,"properties":{"WD24CD":"E05007373","WD24NM":"Sunbury Common","LAD24CD":"E07000213"}},{"type":"Polygon","arcs":[[357,358,359,-332,-356,360]],"id":747,"properties":{"WD24CD":"E05007374","WD24NM":"Sunbury East","LAD24CD":"E07000213"}},{"type":"Polygon","arcs":[[361,362,363,364,365,366]],"id":765,"properties":{"WD24CD":"E05007562","WD24NM":"Buckingham","LAD24CD":"E07000223"}},{"type":"Polygon","arcs":[[367,368,369,370,371,372,373]],"id":766,"properties":{"WD24CD":"E05007563","WD24NM":"Churchill","LAD24CD":"E07000223"}},{"type":"Polygon","arcs":[[374,-373,375]],"id":767,"properties":{"WD24CD":"E05007564","WD24NM":"Cokeham","LAD24CD":"E07000223"}},{"type":"Polygon","arcs":[[376,377,378,379]],"id":768,"properties":{"WD24CD":"E05007565","WD24NM":"Eastbrook","LAD24CD":"E07000223"}},{"type":"Polygon","arcs":[[380,381,-380,382,383,-362,384]],"id":769,"properties":{"WD24CD":"E05007566","WD24NM":"Hillside","LAD24CD":"E07000223"}},{"type":"Polygon","arcs":[[385,386,387,388,-374,-375,389,390]],"id":770,"properties":{"WD24CD":"E05007567","WD24NM":"Manor","LAD24CD":"E07000223"}},{"type":"MultiPolygon","arcs":[[[391]],[[392]],[[393]],[[394]],[[395]],[[396]],[[397]],[[398]],[[399,400,401,402,403]]],"id":771,"properties":{"WD24CD":"E05007568","WD24NM":"Marine","LAD24CD":"E07000223"}},{"type":"MultiPolygon","arcs":[[[404,405,406,407,-368,-389,408]],[[386,-387,409]]],"id":772,"properties":{"WD24CD":"E05007569","WD24NM":"Mash Barn","LAD24CD":"E07000223"}},{"type":"Polygon","arcs":[[410,-390,-376,-372,411,412,413,414]],"id":773,"properties":{"WD24CD":"E05007570","WD24NM":"Peverel","LAD24CD":"E07000223"}},{"type":"Polygon","arcs":[[415,416,417,-364,418]],"id":774,"properties":{"WD24CD":"E05007571","WD24NM":"St Mary's","LAD24CD":"E07000223"}},{"type":"MultiPolygon","arcs":[[[-404,403,419]],[[-402,-407,420]],[[-405,421]],[[-418,422,-365]]],"id":775,"properties":{"WD24CD":"E05007572","WD24NM":"St Nicolas","LAD24CD":"E07000223"}},{"type":"Polygon","arcs":[[-384,423,-419,-363]],"id":776,"properties":{"WD24CD":"E05007573","WD24NM":"Southlands","LAD24CD":"E07000223"}},{"type":"Polygon","arcs":[[-379,424,-416,-424,-383]],"id":777,"properties":{"WD24CD":"E05007574","WD24NM":"Southwick Green","LAD24CD":"E07000223"}},{"type":"Polygon","arcs":[[425,-369,-408,-401]],"id":778,"properties":{"WD24CD":"E05007575","WD24NM":"Widewater","LAD24CD":"E07000223"}},{"type":"Polygon","arcs":[[426,427,428,429,-413]],"id":779,"properties":{"WD24CD":"E05007694","WD24NM":"Broadwater","LAD24CD":"E07000229"}},{"type":"Polygon","arcs":[[430,431,432,433,434,435]],"id":780,"properties":{"WD24CD":"E05007695","WD24NM":"Castle","LAD24CD":"E07000229"}},{"type":"Polygon","arcs":[[436,437,438,-428,439]],"id":781,"properties":{"WD24CD":"E05007696","WD24NM":"Central","LAD24CD":"E07000229"}},{"type":"Polygon","arcs":[[440,-435,441,442]],"id":782,"properties":{"WD24CD":"E05007697","WD24NM":"Durrington","LAD24CD":"E07000229"}},{"type":"Polygon","arcs":[[-439,443,444,-429]],"id":783,"properties":{"WD24CD":"E05007698","WD24NM":"Gaisford","LAD24CD":"E07000229"}},{"type":"Polygon","arcs":[[445,446,-432,447]],"id":784,"properties":{"WD24CD":"E05007699","WD24NM":"Goring","LAD24CD":"E07000229"}},{"type":"Polygon","arcs":[[448,449,450,-438]],"id":785,"properties":{"WD24CD":"E05007700","WD24NM":"Heene","LAD24CD":"E07000229"}},{"type":"Polygon","arcs":[[451,-448,-431,452,-450]],"id":786,"properties":{"WD24CD":"E05007701","WD24NM":"Marine","LAD24CD":"E07000229"}},{"type":"Polygon","arcs":[[-434,453,454,-442]],"id":787,"properties":{"WD24CD":"E05007702","WD24NM":"Northbrook","LAD24CD":"E07000229"}},{"type":"Polygon","arcs":[[-414,-430,-445,455,456,457]],"id":788,"properties":{"WD24CD":"E05007703","WD24NM":"Offington","LAD24CD":"E07000229"}},{"type":"Polygon","arcs":[[-457,458,-443,459]],"id":789,"properties":{"WD24CD":"E05007704","WD24NM":"Salvington","LAD24CD":"E07000229"}},{"type":"Polygon","arcs":[[-371,460,-440,-427,-412]],"id":790,"properties":{"WD24CD":"E05007705","WD24NM":"Selden","LAD24CD":"E07000229"}},{"type":"Polygon","arcs":[[-444,-451,-453,-436,-441,-459,-456]],"id":791,"properties":{"WD24CD":"E05007706","WD24NM":"Tarring","LAD24CD":"E07000229"}},{"type":"Polygon","arcs":[[461,462,463,464,465]],"id":950,"properties":{"WD24CD":"E05008989","WD24NM":"Aldershot Park","LAD24CD":"E07000092"}},{"type":"Polygon","arcs":[[466,467,468,469,470,471]],"id":951,"properties":{"WD24CD":"E05008990","WD24NM":"Cherrywood","LAD24CD":"E07000092"}},{"type":"Polygon","arcs":[[472,473,474,475,476]],"id":952,"properties":{"WD24CD":"E05008991","WD24NM":"Cove and Southwood","LAD24CD":"E07000092"}},{"type":"Polygon","arcs":[[477,478,479,-477,480,-468,481]],"id":953,"properties":{"WD24CD":"E05008992","WD24NM":"Empress","LAD24CD":"E07000092"}},{"type":"Polygon","arcs":[[-470,482,483,484]],"id":954,"properties":{"WD24CD":"E05008993","WD24NM":"Fernhill","LAD24CD":"E07000092"}},{"type":"Polygon","arcs":[[485,-479,486]],"id":955,"properties":{"WD24CD":"E05008994","WD24NM":"Knellwood","LAD24CD":"E07000092"}},{"type":"Polygon","arcs":[[-466,487,488,489,490]],"id":956,"properties":{"WD24CD":"E05008995","WD24NM":"Manor Park","LAD24CD":"E07000092"}},{"type":"Polygon","arcs":[[491,-462,-491,492,493]],"id":957,"properties":{"WD24CD":"E05008996","WD24NM":"North Town","LAD24CD":"E07000092"}},{"type":"Polygon","arcs":[[-489,494,495]],"id":958,"properties":{"WD24CD":"E05008997","WD24NM":"Rowhill","LAD24CD":"E07000092"}},{"type":"Polygon","arcs":[[-475,496,-484,497]],"id":959,"properties":{"WD24CD":"E05008998","WD24NM":"St John's","LAD24CD":"E07000092"}},{"type":"Polygon","arcs":[[-480,-486,498,499,500,501,502,-473]],"id":960,"properties":{"WD24CD":"E05008999","WD24NM":"St Mark's","LAD24CD":"E07000092"}},{"type":"Polygon","arcs":[[503,-493,-490,-496,504,505,506,-501]],"id":961,"properties":{"WD24CD":"E05009000","WD24NM":"Wellington","LAD24CD":"E07000092"}},{"type":"Polygon","arcs":[[-481,-476,-498,-483,-469]],"id":962,"properties":{"WD24CD":"E05009001","WD24NM":"West Heath","LAD24CD":"E07000092"}},{"type":"Polygon","arcs":[[507,508,509,-471,-485,510,511,512,513,514]],"id":1151,"properties":{"WD24CD":"E05009352","WD24NM":"Blackwater and Hawley","LAD24CD":"E07000089"}},{"type":"Polygon","arcs":[[-502,-507,515,516,517]],"id":1152,"properties":{"WD24CD":"E05009353","WD24NM":"Crookham East","LAD24CD":"E07000089"}},{"type":"Polygon","arcs":[[518,-516,-506,519,520,521,522]],"id":1153,"properties":{"WD24CD":"E05009354","WD24NM":"Crookham West and Ewshot","LAD24CD":"E07000089"}},{"type":"Polygon","arcs":[[523,-517,-519,524]],"id":1154,"properties":{"WD24CD":"E05009355","WD24NM":"Fleet Central","LAD24CD":"E07000089"}},{"type":"Polygon","arcs":[[-474,-503,-518,-524,525,-511,-497]],"id":1155,"properties":{"WD24CD":"E05009356","WD24NM":"Fleet East","LAD24CD":"E07000089"}},{"type":"Polygon","arcs":[[-525,-523,526,527,-526]],"id":1156,"properties":{"WD24CD":"E05009357","WD24NM":"Fleet West","LAD24CD":"E07000089"}},{"type":"Polygon","arcs":[[528,529,530,-512,-528,531,532,533,534]],"id":1157,"properties":{"WD24CD":"E05009358","WD24NM":"Hartley Wintney","LAD24CD":"E07000089"}},{"type":"Polygon","arcs":[[535,536,537,-533]],"id":1158,"properties":{"WD24CD":"E05009359","WD24NM":"Hook","LAD24CD":"E07000089"}},{"type":"Polygon","arcs":[[-527,-522,538,539,540,541,-536,-532]],"id":1159,"properties":{"WD24CD":"E05009360","WD24NM":"Odiham","LAD24CD":"E07000089"}},{"type":"Polygon","arcs":[[-514,542,543,544]],"id":1160,"properties":{"WD24CD":"E05009361","WD24NM":"Yateley East","LAD24CD":"E07000089"}},{"type":"Polygon","arcs":[[-543,-513,-531,545]],"id":1161,"properties":{"WD24CD":"E05009362","WD24NM":"Yateley West","LAD24CD":"E07000089"}},{"type":"Polygon","arcs":[[-240,546,-237,547,-282]],"id":1162,"properties":{"WD24CD":"E05009363","WD24NM":"Burford","LAD24CD":"E07000181"}},{"type":"Polygon","arcs":[[-261,-248,-252,-251,548,-228,-547,-239,549]],"id":1163,"properties":{"WD24CD":"E05009364","WD24NM":"Brize Norton and Shilton","LAD24CD":"E07000181"}},{"type":"Polygon","arcs":[[-250,-253,-229,-549]],"id":1164,"properties":{"WD24CD":"E05009365","WD24NM":"Carterton North West","LAD24CD":"E07000181"}},{"type":"Polygon","arcs":[[550,551,552,553]],"id":1204,"properties":{"WD24CD":"E05009406","WD24NM":"Bletchley East","LAD24CD":"E06000042"}},{"type":"Polygon","arcs":[[554,555,556,557,558,-553]],"id":1205,"properties":{"WD24CD":"E05009407","WD24NM":"Bletchley Park","LAD24CD":"E06000042"}},{"type":"Polygon","arcs":[[559,-557,560,561,562]],"id":1206,"properties":{"WD24CD":"E05009408","WD24NM":"Bletchley West","LAD24CD":"E06000042"}},{"type":"Polygon","arcs":[[563,564,565,566,567]],"id":1207,"properties":{"WD24CD":"E05009409","WD24NM":"Bradwell","LAD24CD":"E06000042"}},{"type":"Polygon","arcs":[[568,569,570,571,572,573]],"id":1208,"properties":{"WD24CD":"E05009410","WD24NM":"Broughton","LAD24CD":"E06000042"}},{"type":"Polygon","arcs":[[-572,574,575,-554,-559,576,577,578,579]],"id":1209,"properties":{"WD24CD":"E05009411","WD24NM":"Campbell Park & Old Woughton","LAD24CD":"E06000042"}},{"type":"Polygon","arcs":[[580,581,-564,582,-578]],"id":1210,"properties":{"WD24CD":"E05009412","WD24NM":"Central Milton Keynes","LAD24CD":"E06000042"}},{"type":"Polygon","arcs":[[583,584,-551,-576,585,-570,586]],"id":1211,"properties":{"WD24CD":"E05009413","WD24NM":"Danesborough & Walton","LAD24CD":"E06000042"}},{"type":"Polygon","arcs":[[587,-563,588,589,590,591,-565,-582]],"id":1212,"properties":{"WD24CD":"E05009414","WD24NM":"Loughton & Shenley","LAD24CD":"E06000042"}},{"type":"Polygon","arcs":[[-586,-575,-571]],"id":1213,"properties":{"WD24CD":"E05009415","WD24NM":"Monkston","LAD24CD":"E06000042"}},{"type":"Polygon","arcs":[[592,593,594,595,596,597]],"id":1214,"properties":{"WD24CD":"E05009416","WD24NM":"Newport Pagnell North & Hanslope","LAD24CD":"E06000042"}},{"type":"Polygon","arcs":[[-573,-580,598,-594,599]],"id":1215,"properties":{"WD24CD":"E05009417","WD24NM":"Newport Pagnell South","LAD24CD":"E06000042"}},{"type":"Polygon","arcs":[[600,601,602,-574,-600,-593,603,604]],"id":1216,"properties":{"WD24CD":"E05009418","WD24NM":"Olney","LAD24CD":"E06000042"}},{"type":"Polygon","arcs":[[-562,605,-589]],"id":1217,"properties":{"WD24CD":"E05009419","WD24NM":"Shenley Brook End","LAD24CD":"E06000042"}},{"type":"Polygon","arcs":[[-579,-583,-568,606,-595,-599]],"id":1218,"properties":{"WD24CD":"E05009420","WD24NM":"Stantonbury","LAD24CD":"E06000042"}},{"type":"Polygon","arcs":[[-566,-592,607,608,609]],"id":1219,"properties":{"WD24CD":"E05009421","WD24NM":"Stony Stratford","LAD24CD":"E06000042"}},{"type":"Polygon","arcs":[[-606,-561,-556,610,611,-590]],"id":1220,"properties":{"WD24CD":"E05009422","WD24NM":"Tattenhoe","LAD24CD":"E06000042"}},{"type":"Polygon","arcs":[[-607,-567,-610,612,-596]],"id":1221,"properties":{"WD24CD":"E05009423","WD24NM":"Wolverton","LAD24CD":"E06000042"}},{"type":"Polygon","arcs":[[-558,-560,-588,-581,-577]],"id":1222,"properties":{"WD24CD":"E05009424","WD24NM":"Woughton & Fishermead","LAD24CD":"E06000042"}},{"type":"Polygon","arcs":[[613,614,615,616]],"id":1285,"properties":{"WD24CD":"E05009544","WD24NM":"Abbey","LAD24CD":"E07000113"}},{"type":"MultiPolygon","arcs":[[[617]],[[618]],[[619]],[[620,-621,621]],[[622]],[[623]],[[624,625,626,627,628,629,630,631,632,633,634,635,636,637,638,639,640,641,642,643,644,645,646,647,648,649,650,651,652,653,654,655,656,657,658,659,660,661,662,663,664,665,666,667,668,669,670,671,672,673,674,675,676,677,678,679,680,681,682,683,684,685,686,687,688,689,690,691,692,693,694,695,696,697,698,699,700,701,702,703,704,705,706,707,708,709,710]]],"id":1286,"properties":{"WD24CD":"E05009545","WD24NM":"Bobbing, Iwade and Lower Halstow","LAD24CD":"E07000113"}},{"type":"Polygon","arcs":[[711,712,713,714,715,-709,716]],"id":1287,"properties":{"WD24CD":"E05009546","WD24NM":"Borden and Grove Park","LAD24CD":"E07000113"}},{"type":"Polygon","arcs":[[717,718,719,720,721,722,-617,723]],"id":1288,"properties":{"WD24CD":"E05009547","WD24NM":"Boughton and Courtenay","LAD24CD":"E07000113"}},{"type":"Polygon","arcs":[[724,725,726,727,-712,728,729]],"id":1289,"properties":{"WD24CD":"E05009548","WD24NM":"Chalkwell","LAD24CD":"E07000113"}},{"type":"Polygon","arcs":[[730,-722,731,732,733,734,735,736]],"id":1290,"properties":{"WD24CD":"E05009549","WD24NM":"East Downs","LAD24CD":"E07000113"}},{"type":"MultiPolygon","arcs":[[[737]],[[738]],[[739]],[[740]],[[-710,-716,741,742,743,744]],[[745]],[[746]],[[747]]],"id":1291,"properties":{"WD24CD":"E05009550","WD24NM":"Hartlip, Newington and Upchurch","LAD24CD":"E07000113"}},{"type":"Polygon","arcs":[[-728,748,749,750,-713]],"id":1292,"properties":{"WD24CD":"E05009551","WD24NM":"Homewood","LAD24CD":"E07000113"}},{"type":"Polygon","arcs":[[751,752,753,-707]],"id":1293,"properties":{"WD24CD":"E05009552","WD24NM":"Kemsley","LAD24CD":"E07000113"}},{"type":"Polygon","arcs":[[754,-730,755,-753]],"id":1294,"properties":{"WD24CD":"E05009553","WD24NM":"Milton Regis","LAD24CD":"E07000113"}},{"type":"Polygon","arcs":[[756,757,758,759,760]],"id":1295,"properties":{"WD24CD":"E05009554","WD24NM":"Minster Cliffs","LAD24CD":"E07000113"}},{"type":"Polygon","arcs":[[761,762,763,-726,764]],"id":1296,"properties":{"WD24CD":"E05009555","WD24NM":"Murston","LAD24CD":"E07000113"}},{"type":"Polygon","arcs":[[765,766,767]],"id":1297,"properties":{"WD24CD":"E05009556","WD24NM":"Priory","LAD24CD":"E07000113"}},{"type":"MultiPolygon","arcs":[[[704,-705,768]],[[-701,700,769]],[[-699,698,770]],[[771]],[[-703,702,772]],[[-697,696]],[[-695,694,773]],[[-693,692,774]],[[775,775,775]],[[-690,689,776]],[[683,-684,777]],[[-686,685,778]],[[687,-688,779]],[[-682,681,780]],[[-673,672,781]],[[-678,677,782]],[[783,-674]],[[-676,675,784]],[[-679,678,785]],[[-680,679,786]],[[670,-671,787]],[[621,621,621]],[[-669,668,788]],[[-665,789,-621]],[[-667,666,790]],[[-663,662,791]],[[-661,660,792]],[[-659,658,793]],[[-657,656,794]],[[-654,653,795]],[[655,-656,796]],[[-652,651,797]],[[-650,649,798]],[[-648,647,799]],[[800,800,800]],[[645,-646,801]],[[800,800,800]],[[-641,640,802]],[[-644,643,803]],[[-642,641,804]],[[-639,638,805]],[[-637,636,806]],[[-635,634,807]],[[632,-633,808]],[[-631,630,809]],[[627,-628,810]],[[-630,629,811]],[[-626,625,812]],[[813]],[[814]],[[815]],[[816]],[[817]],[[818]],[[819]],[[820]],[[821]],[[822]],[[823]],[[824]],[[-625,825]],[[826]],[[827]],[[828]],[[829]],[[830]],[[-759,831,832,833]]],"id":1298,"properties":{"WD24CD":"E05009557","WD24NM":"Queenborough and Halfway","LAD24CD":"E07000113"}},{"type":"Polygon","arcs":[[834,835,-749,-727,-764]],"id":1299,"properties":{"WD24CD":"E05009558","WD24NM":"Roman","LAD24CD":"E07000113"}},{"type":"Polygon","arcs":[[836,-615,837,838,-766]],"id":1300,"properties":{"WD24CD":"E05009559","WD24NM":"St Ann's","LAD24CD":"E07000113"}},{"type":"Polygon","arcs":[[-760,-834,839]],"id":1301,"properties":{"WD24CD":"E05009560","WD24NM":"Sheerness","LAD24CD":"E07000113"}},{"type":"MultiPolygon","arcs":[[[840]],[[841]],[[842]],[[843]],[[844]],[[845]],[[846]],[[847]],[[848]],[[849]],[[850]],[[851]],[[852]],[[-758,853,854,-832]]],"id":1302,"properties":{"WD24CD":"E05009561","WD24NM":"Sheppey Central","LAD24CD":"E07000113"}},{"type":"MultiPolygon","arcs":[[[855]],[[856]],[[857]],[[858]],[[859]],[[860]],[[861]],[[862]],[[863]],[[864,-854,-757,865]]],"id":1303,"properties":{"WD24CD":"E05009562","WD24NM":"Sheppey East","LAD24CD":"E07000113"}},{"type":"MultiPolygon","arcs":[[[866]],[[867]],[[868]],[[-767,-839,869,-737,870,-762,871]]],"id":1304,"properties":{"WD24CD":"E05009563","WD24NM":"Teynham and Lynsted","LAD24CD":"E07000113"}},{"type":"Polygon","arcs":[[-729,-717,-708,-754,-756]],"id":1305,"properties":{"WD24CD":"E05009564","WD24NM":"The Meads","LAD24CD":"E07000113"}},{"type":"Polygon","arcs":[[-614,-723,-731,-870,-838]],"id":1306,"properties":{"WD24CD":"E05009565","WD24NM":"Watling","LAD24CD":"E07000113"}},{"type":"Polygon","arcs":[[-736,872,873,-714,-751,874,-835,-763,-871]],"id":1307,"properties":{"WD24CD":"E05009566","WD24NM":"West Downs","LAD24CD":"E07000113"}},{"type":"Polygon","arcs":[[-875,-750,-836]],"id":1308,"properties":{"WD24CD":"E05009567","WD24NM":"Woodstock","LAD24CD":"E07000113"}},{"type":"Polygon","arcs":[[875,876,877,878,879,880,881,882]],"id":1363,"properties":{"WD24CD":"E05009733","WD24NM":"Benson & Crowmarsh","LAD24CD":"E07000179"}},{"type":"Polygon","arcs":[[883,-883,884,885,886]],"id":1364,"properties":{"WD24CD":"E05009734","WD24NM":"Berinsfield","LAD24CD":"E07000179"}},{"type":"Polygon","arcs":[[887,-876,-884,888]],"id":1365,"properties":{"WD24CD":"E05009735","WD24NM":"Chalgrove","LAD24CD":"E07000179"}},{"type":"Polygon","arcs":[[889,890,891,892,893]],"id":1366,"properties":{"WD24CD":"E05009736","WD24NM":"Chinnor","LAD24CD":"E07000179"}},{"type":"Polygon","arcs":[[894,895,896,897]],"id":1367,"properties":{"WD24CD":"E05009740","WD24NM":"Didcot West","LAD24CD":"E07000179"}},{"type":"Polygon","arcs":[[898,899,900,901,902,903,904,905]],"id":1368,"properties":{"WD24CD":"E05009742","WD24NM":"Garsington & Horspath","LAD24CD":"E07000179"}},{"type":"Polygon","arcs":[[906,907,908,909,-879]],"id":1369,"properties":{"WD24CD":"E05009743","WD24NM":"Goring","LAD24CD":"E07000179"}},{"type":"Polygon","arcs":[[-893,910,911]],"id":1370,"properties":{"WD24CD":"E05009749","WD24NM":"Thame","LAD24CD":"E07000179"}},{"type":"Polygon","arcs":[[912,913,914,-877,-888,915]],"id":1371,"properties":{"WD24CD":"E05009751","WD24NM":"Watlington","LAD24CD":"E07000179"}},{"type":"Polygon","arcs":[[916,917,918,919,920]],"id":1372,"properties":{"WD24CD":"E05009754","WD24NM":"Abingdon Abbey Northcourt","LAD24CD":"E07000180"}},{"type":"Polygon","arcs":[[921,922,923,924,-919]],"id":1373,"properties":{"WD24CD":"E05009755","WD24NM":"Abingdon Caldecott","LAD24CD":"E07000180"}},{"type":"Polygon","arcs":[[-920,-925,925,926,927]],"id":1374,"properties":{"WD24CD":"E05009757","WD24NM":"Abingdon Fitzharris","LAD24CD":"E07000180"}},{"type":"Polygon","arcs":[[928,929,930,931,932,933,934,935]],"id":1375,"properties":{"WD24CD":"E05009769","WD24NM":"Ridgeway","LAD24CD":"E07000180"}},{"type":"Polygon","arcs":[[936,-935,937,938,939,940]],"id":1376,"properties":{"WD24CD":"E05009770","WD24NM":"Stanford","LAD24CD":"E07000180"}},{"type":"Polygon","arcs":[[941,942,943,-929,944,945]],"id":1377,"properties":{"WD24CD":"E05009771","WD24NM":"Steventon & the Hanneys","LAD24CD":"E07000180"}},{"type":"Polygon","arcs":[[946,947,948,949,950,951]],"id":1378,"properties":{"WD24CD":"E05009800","WD24NM":"Aldwick East","LAD24CD":"E07000224"}},{"type":"Polygon","arcs":[[-950,952,953]],"id":1379,"properties":{"WD24CD":"E05009801","WD24NM":"Aldwick West","LAD24CD":"E07000224"}},{"type":"Polygon","arcs":[[954,955,956,-415,-458,-460,-455,957,958,959,960,961,962,963,964]],"id":1380,"properties":{"WD24CD":"E05009802","WD24NM":"Angmering & Findon","LAD24CD":"E07000224"}},{"type":"MultiPolygon","arcs":[[[965]],[[966]],[[967]],[[968,-969,969]],[[970,971]],[[972]],[[973,-964,974,975,976]],[[977,978,979,980,981,982,983]]],"id":1381,"properties":{"WD24CD":"E05009803","WD24NM":"Arundel & Walberton","LAD24CD":"E07000224"}},{"type":"Polygon","arcs":[[984,985,986,987,988,-982]],"id":1382,"properties":{"WD24CD":"E05009804","WD24NM":"Barnham","LAD24CD":"E07000224"}},{"type":"Polygon","arcs":[[989,990,991,992]],"id":1383,"properties":{"WD24CD":"E05009805","WD24NM":"Beach","LAD24CD":"E07000224"}},{"type":"Polygon","arcs":[[993,994,995,996,997,-952,998,999,-987]],"id":1384,"properties":{"WD24CD":"E05009806","WD24NM":"Bersted","LAD24CD":"E07000224"}},{"type":"Polygon","arcs":[[1000,-993,1001,1002,-962]],"id":1385,"properties":{"WD24CD":"E05009807","WD24NM":"Brookfield","LAD24CD":"E07000224"}},{"type":"Polygon","arcs":[[-963,-1003,1003,1004,-975]],"id":1386,"properties":{"WD24CD":"E05009808","WD24NM":"Courtwick with Toddington","LAD24CD":"E07000224"}},{"type":"Polygon","arcs":[[1005,1006,1007,-959]],"id":1387,"properties":{"WD24CD":"E05009809","WD24NM":"East Preston","LAD24CD":"E07000224"}},{"type":"Polygon","arcs":[[1008,1009,1010,-994,-986,1011]],"id":1388,"properties":{"WD24CD":"E05009810","WD24NM":"Felpham East","LAD24CD":"E07000224"}},{"type":"Polygon","arcs":[[1012,1013,-995,-1011]],"id":1389,"properties":{"WD24CD":"E05009811","WD24NM":"Felpham West","LAD24CD":"E07000224"}},{"type":"Polygon","arcs":[[-454,-433,-447,1014,-1006,-958]],"id":1390,"properties":{"WD24CD":"E05009812","WD24NM":"Ferring","LAD24CD":"E07000224"}},{"type":"Polygon","arcs":[[-1014,1015,1016,1017,-996]],"id":1391,"properties":{"WD24CD":"E05009813","WD24NM":"Hotham","LAD24CD":"E07000224"}},{"type":"Polygon","arcs":[[-1017,1018,-948,1019,1020]],"id":1392,"properties":{"WD24CD":"E05009814","WD24NM":"Marine","LAD24CD":"E07000224"}},{"type":"MultiPolygon","arcs":[[[1021]],[[1022]],[[1023]],[[1024]],[[1025]],[[1026]],[[1027,-1009,1028]]],"id":1393,"properties":{"WD24CD":"E05009815","WD24NM":"Middleton-on-Sea","LAD24CD":"E07000224"}},{"type":"Polygon","arcs":[[-1018,-1021,1029,-997]],"id":1394,"properties":{"WD24CD":"E05009816","WD24NM":"Orchard","LAD24CD":"E07000224"}},{"type":"MultiPolygon","arcs":[[[1030,1031]],[[1032]],[[1033]],[[1034]],[[1035]],[[1036,1037]],[[-999,-951,-954,1038,1039,1040,1041,1042,1043]]],"id":1395,"properties":{"WD24CD":"E05009817","WD24NM":"Pagham","LAD24CD":"E07000224"}},{"type":"Polygon","arcs":[[-1020,-947,-998,-1030]],"id":1396,"properties":{"WD24CD":"E05009818","WD24NM":"Pevensey","LAD24CD":"E07000224"}},{"type":"MultiPolygon","arcs":[[[1044,1045]],[[-992,1046,-1004,-1002]]],"id":1397,"properties":{"WD24CD":"E05009819","WD24NM":"River","LAD24CD":"E07000224"}},{"type":"Polygon","arcs":[[1047,1048,-960,-1008]],"id":1398,"properties":{"WD24CD":"E05009820","WD24NM":"Rustington East","LAD24CD":"E07000224"}},{"type":"Polygon","arcs":[[-1049,1049,-990,-1001,-961]],"id":1399,"properties":{"WD24CD":"E05009821","WD24NM":"Rustington West","LAD24CD":"E07000224"}},{"type":"MultiPolygon","arcs":[[[1050]],[[1051]],[[1052,-1045,1053,-1029,-1012,-985,-981]]],"id":1400,"properties":{"WD24CD":"E05009822","WD24NM":"Yapton","LAD24CD":"E07000224"}},{"type":"Polygon","arcs":[[1054,-123,1055]],"id":1530,"properties":{"WD24CD":"E05009956","WD24NM":"Ash and New Ash Green","LAD24CD":"E07000111"}},{"type":"Polygon","arcs":[[-127,1056,-99,-117]],"id":1531,"properties":{"WD24CD":"E05009958","WD24NM":"Eynsford","LAD24CD":"E07000111"}},{"type":"Polygon","arcs":[[1057,1058,1059,-1056,-122,1060]],"id":1532,"properties":{"WD24CD":"E05009959","WD24NM":"Hartley and Hodsoll Street","LAD24CD":"E07000111"}},{"type":"Polygon","arcs":[[1061,-151,1062,1063]],"id":1533,"properties":{"WD24CD":"E05009960","WD24NM":"Hextable","LAD24CD":"E07000111"}},{"type":"Polygon","arcs":[[1064,1065,1066,1067,1068,1069]],"id":1534,"properties":{"WD24CD":"E05009961","WD24NM":"Leigh and Chiddingstone Causeway","LAD24CD":"E07000111"}},{"type":"Polygon","arcs":[[-126,-135,-144,-105,-129,-100,-1057]],"id":1535,"properties":{"WD24CD":"E05009962","WD24NM":"Otford and Shoreham","LAD24CD":"E07000111"}},{"type":"Polygon","arcs":[[-1068,1070,1071,1072,-90,1073]],"id":1536,"properties":{"WD24CD":"E05009963","WD24NM":"Penshurst, Fordcombe and Chiddingstone","LAD24CD":"E07000111"}},{"type":"Polygon","arcs":[[1074,-118,-98,-146,-152,-1062]],"id":1537,"properties":{"WD24CD":"E05009964","WD24NM":"Swanley Christchurch and Swanley Village","LAD24CD":"E07000111"}},{"type":"Polygon","arcs":[[1075,-96,-113,1076,1077,1078]],"id":1538,"properties":{"WD24CD":"E05009965","WD24NM":"Westerham and Crockham Hill","LAD24CD":"E07000111"}},{"type":"Polygon","arcs":[[1079,1080,1081]],"id":1539,"properties":{"WD24CD":"E05010015","WD24NM":"Broadmead","LAD24CD":"E07000112"}},{"type":"Polygon","arcs":[[1082,-1081,1083,1084,1085,1086]],"id":1540,"properties":{"WD24CD":"E05010016","WD24NM":"Cheriton","LAD24CD":"E07000112"}},{"type":"Polygon","arcs":[[1087,1088,-1082,-1083,1089]],"id":1541,"properties":{"WD24CD":"E05010017","WD24NM":"East Folkestone","LAD24CD":"E07000112"}},{"type":"Polygon","arcs":[[1090,1091,-1084,-1080,-1089,1092]],"id":1542,"properties":{"WD24CD":"E05010018","WD24NM":"Folkestone Central","LAD24CD":"E07000112"}},{"type":"Polygon","arcs":[[1093,-1093,-1088,1094,1095]],"id":1543,"properties":{"WD24CD":"E05010019","WD24NM":"Folkestone Harbour","LAD24CD":"E07000112"}},{"type":"Polygon","arcs":[[-1086,1096,1097,1098,1099,1100]],"id":1544,"properties":{"WD24CD":"E05010020","WD24NM":"Hythe","LAD24CD":"E07000112"}},{"type":"Polygon","arcs":[[-1099,1101,1102,1103,1104]],"id":1545,"properties":{"WD24CD":"E05010021","WD24NM":"Hythe Rural","LAD24CD":"E07000112"}},{"type":"Polygon","arcs":[[1105,1106,1107]],"id":1546,"properties":{"WD24CD":"E05010022","WD24NM":"New Romney","LAD24CD":"E07000112"}},{"type":"Polygon","arcs":[[1108,1109,-1095,-1090,-1087,-1101,1110,1111]],"id":1547,"properties":{"WD24CD":"E05010023","WD24NM":"North Downs East","LAD24CD":"E07000112"}},{"type":"Polygon","arcs":[[1112,-1111,-1100,-1105,1113,1114,1115,1116]],"id":1548,"properties":{"WD24CD":"E05010024","WD24NM":"North Downs West","LAD24CD":"E07000112"}},{"type":"Polygon","arcs":[[1117,-1108,1118,1119,-1103]],"id":1549,"properties":{"WD24CD":"E05010025","WD24NM":"Romney Marsh","LAD24CD":"E07000112"}},{"type":"Polygon","arcs":[[-1092,1120,-1097,-1085]],"id":1550,"properties":{"WD24CD":"E05010026","WD24NM":"Sandgate & West Folkestone","LAD24CD":"E07000112"}},{"type":"Polygon","arcs":[[-1119,-1107,1121,1122,1123,1124,1125]],"id":1551,"properties":{"WD24CD":"E05010027","WD24NM":"Walland & Denge Marsh","LAD24CD":"E07000112"}},{"type":"Polygon","arcs":[[1126,1127,1128,1129]],"id":1782,"properties":{"WD24CD":"E05010392","WD24NM":"Beltinge","LAD24CD":"E07000106"}},{"type":"Polygon","arcs":[[1130,1131,1132,1133,-719,1134,1135,1136]],"id":1783,"properties":{"WD24CD":"E05010393","WD24NM":"Blean Forest","LAD24CD":"E07000106"}},{"type":"Polygon","arcs":[[1137,-1137,1138,1139,1140,1141]],"id":1784,"properties":{"WD24CD":"E05010395","WD24NM":"Chestfield","LAD24CD":"E07000106"}},{"type":"Polygon","arcs":[[-1139,-1136,1142,1143,1144]],"id":1785,"properties":{"WD24CD":"E05010396","WD24NM":"Gorrell","LAD24CD":"E07000106"}},{"type":"Polygon","arcs":[[1145,1146,-1142,1147,1148,1149]],"id":1786,"properties":{"WD24CD":"E05010397","WD24NM":"Greenhill","LAD24CD":"E07000106"}},{"type":"Polygon","arcs":[[1150,1151,-1146,1152,-1127]],"id":1787,"properties":{"WD24CD":"E05010398","WD24NM":"Herne & Broomfield","LAD24CD":"E07000106"}},{"type":"Polygon","arcs":[[-1128,-1153,-1150,1153,1154]],"id":1788,"properties":{"WD24CD":"E05010399","WD24NM":"Heron","LAD24CD":"E07000106"}},{"type":"Polygon","arcs":[[1155,1156,1157,1158]],"id":1789,"properties":{"WD24CD":"E05010402","WD24NM":"Northgate","LAD24CD":"E07000106"}},{"type":"Polygon","arcs":[[-1135,-718,1159,-1143]],"id":1790,"properties":{"WD24CD":"E05010404","WD24NM":"Seasalter","LAD24CD":"E07000106"}},{"type":"Polygon","arcs":[[1160,-1158,1161,-1132]],"id":1791,"properties":{"WD24CD":"E05010405","WD24NM":"St Stephen's","LAD24CD":"E07000106"}},{"type":"Polygon","arcs":[[1162,-1148,-1141,1163,1164]],"id":1792,"properties":{"WD24CD":"E05010407","WD24NM":"Swalecliffe","LAD24CD":"E07000106"}},{"type":"Polygon","arcs":[[-1140,-1145,1165,-1164]],"id":1793,"properties":{"WD24CD":"E05010408","WD24NM":"Tankerton","LAD24CD":"E07000106"}},{"type":"Polygon","arcs":[[-1154,-1149,-1163,1166]],"id":1794,"properties":{"WD24CD":"E05010409","WD24NM":"West Bay","LAD24CD":"E07000106"}},{"type":"Polygon","arcs":[[-1157,1167,1168,1169,-1133,-1162]],"id":1795,"properties":{"WD24CD":"E05010410","WD24NM":"Westgate","LAD24CD":"E07000106"}},{"type":"Polygon","arcs":[[1170,1171,-1169]],"id":1796,"properties":{"WD24CD":"E05010411","WD24NM":"Wincheap","LAD24CD":"E07000106"}},{"type":"Polygon","arcs":[[-254,-277,-296,1172,1173,-242,-286,-1175,-278]],"id":2051,"properties":{"WD24CD":"E05010781","WD24NM":"Chadlington and Churchill","LAD24CD":"E07000181"}},{"type":"Polygon","arcs":[[-295,-288,1175,-1173]],"id":2052,"properties":{"WD24CD":"E05010782","WD24NM":"Charlbury and Finstock","LAD24CD":"E07000181"}},{"type":"Polygon","arcs":[[-1174,-1176,-287,-268,-307,-308,-304,-262,-550,-238]],"id":2053,"properties":{"WD24CD":"E05010783","WD24NM":"Hailey, Minster Lovell and Leafield","LAD24CD":"E07000181"}},{"type":"Polygon","arcs":[[1176,1177,1178,1179,1180,1181]],"id":2065,"properties":{"WD24CD":"E05010795","WD24NM":"Byfleet and West Byfleet","LAD24CD":"E07000217"}},{"type":"Polygon","arcs":[[1182,-1180,1183,1184,1185,1186]],"id":2066,"properties":{"WD24CD":"E05010796","WD24NM":"Canalside","LAD24CD":"E07000217"}},{"type":"Polygon","arcs":[[1187,1188,1189]],"id":2067,"properties":{"WD24CD":"E05010797","WD24NM":"Goldsworth Park","LAD24CD":"E07000217"}},{"type":"Polygon","arcs":[[1190,1191,1192,1193,1194,1195,1196,1197,1198]],"id":2068,"properties":{"WD24CD":"E05010798","WD24NM":"Heathlands","LAD24CD":"E07000217"}},{"type":"Polygon","arcs":[[1199,-1191,1200,1201]],"id":2069,"properties":{"WD24CD":"E05010799","WD24NM":"Hoe Valley","LAD24CD":"E07000217"}},{"type":"Polygon","arcs":[[1202,-1187,1203,-1190,1204,1205,1206,1207]],"id":2070,"properties":{"WD24CD":"E05010800","WD24NM":"Horsell","LAD24CD":"E07000217"}},{"type":"Polygon","arcs":[[-1189,1208,-1197,1209,1210,1211,-1205]],"id":2071,"properties":{"WD24CD":"E05010801","WD24NM":"Knaphill","LAD24CD":"E07000217"}},{"type":"Polygon","arcs":[[-1201,-1199,-1185,1212]],"id":2072,"properties":{"WD24CD":"E05010802","WD24NM":"Mount Hermon","LAD24CD":"E07000217"}},{"type":"Polygon","arcs":[[1213,-1202,-1213,-1184,-1179]],"id":2073,"properties":{"WD24CD":"E05010803","WD24NM":"Pyrford","LAD24CD":"E07000217"}},{"type":"Polygon","arcs":[[-1188,-1204,-1186,-1198,-1209]],"id":2074,"properties":{"WD24CD":"E05010804","WD24NM":"St John's","LAD24CD":"E07000217"}},{"type":"Polygon","arcs":[[1214,1215,1216,1217]],"id":2189,"properties":{"WD24CD":"E05010921","WD24NM":"Banbury Cross and Neithrop","LAD24CD":"E07000177"}},{"type":"Polygon","arcs":[[1218,1219,-1218,1220,1221]],"id":2190,"properties":{"WD24CD":"E05010922","WD24NM":"Banbury Grimsbury and Hightown","LAD24CD":"E07000177"}},{"type":"Polygon","arcs":[[-1221,-1217,1222,1223]],"id":2191,"properties":{"WD24CD":"E05010923","WD24NM":"Banbury Hardwick","LAD24CD":"E07000177"}},{"type":"Polygon","arcs":[[-1216,1224,1225,-1223]],"id":2192,"properties":{"WD24CD":"E05010924","WD24NM":"Banbury Ruscote","LAD24CD":"E07000177"}},{"type":"Polygon","arcs":[[1226,1227,1228,1229]],"id":2193,"properties":{"WD24CD":"E05010925","WD24NM":"Bicester East","LAD24CD":"E07000177"}},{"type":"Polygon","arcs":[[1230,-1229,1231,1232,1233]],"id":2194,"properties":{"WD24CD":"E05010926","WD24NM":"Bicester North and Caversfield","LAD24CD":"E07000177"}},{"type":"Polygon","arcs":[[-1228,1234,-1232]],"id":2195,"properties":{"WD24CD":"E05010928","WD24NM":"Bicester West","LAD24CD":"E07000177"}},{"type":"Polygon","arcs":[[1235,-1222,-1224,-1226,1236,1237,1238,1239,1240,1241,1242]],"id":2196,"properties":{"WD24CD":"E05010929","WD24NM":"Cropredy, Sibfords and Wroxton","LAD24CD":"E07000177"}},{"type":"Polygon","arcs":[[1243,1244,1245,-298,-299,-281,1246,-1239]],"id":2197,"properties":{"WD24CD":"E05010930","WD24NM":"Deddington","LAD24CD":"E07000177"}},{"type":"Polygon","arcs":[[1247,1248,1249,1250,1251]],"id":2198,"properties":{"WD24CD":"E05010932","WD24NM":"Kidlington East","LAD24CD":"E07000177"}},{"type":"Polygon","arcs":[[-1252,1252,-263,-311,1253]],"id":2199,"properties":{"WD24CD":"E05010933","WD24NM":"Kidlington West","LAD24CD":"E07000177"}},{"type":"Polygon","arcs":[[1254,1255,-1248,-1254,-310,-293,1256,1257,-1230,-1231,1258]],"id":2200,"properties":{"WD24CD":"E05010934","WD24NM":"Launton and Otmoor","LAD24CD":"E07000177"}},{"type":"Polygon","arcs":[[1259,1260,1261,1262,1263,1264,1265,1266]],"id":2247,"properties":{"WD24CD":"E05010995","WD24NM":"Alresford and Itchen Valley","LAD24CD":"E07000094"}},{"type":"Polygon","arcs":[[1267,1268,1269,1270,1271,1272,1273,1274,1275,1276]],"id":2248,"properties":{"WD24CD":"E05010996","WD24NM":"Badger Farm and Oliver's Battery","LAD24CD":"E07000094"}},{"type":"Polygon","arcs":[[1277,1278,1279,1280,1281]],"id":2249,"properties":{"WD24CD":"E05010997","WD24NM":"Bishop's Waltham","LAD24CD":"E07000094"}},{"type":"Polygon","arcs":[[1282,1283,1284,1285,1286,-1278,1287,1288]],"id":2250,"properties":{"WD24CD":"E05010998","WD24NM":"Central Meon Valley","LAD24CD":"E07000094"}},{"type":"Polygon","arcs":[[1289,1290,1291,-1270,1292]],"id":2251,"properties":{"WD24CD":"E05010999","WD24NM":"Colden Common and Twyford","LAD24CD":"E07000094"}},{"type":"Polygon","arcs":[[1293,1294,1295,-1285,1296]],"id":2252,"properties":{"WD24CD":"E05011000","WD24NM":"Denmead","LAD24CD":"E07000094"}},{"type":"Polygon","arcs":[[1297,1298,1299,1300]],"id":2253,"properties":{"WD24CD":"E05011001","WD24NM":"St Barnabas","LAD24CD":"E07000094"}},{"type":"Polygon","arcs":[[-1264,1301,1302,1303,-1298,1304]],"id":2254,"properties":{"WD24CD":"E05011002","WD24NM":"St Bartholomew","LAD24CD":"E07000094"}},{"type":"Polygon","arcs":[[1305,-1268,1306]],"id":2255,"properties":{"WD24CD":"E05011003","WD24NM":"St Luke","LAD24CD":"E07000094"}},{"type":"Polygon","arcs":[[1307,-1293,-1269,-1306,1308,-1303]],"id":2256,"properties":{"WD24CD":"E05011004","WD24NM":"St Michael","LAD24CD":"E07000094"}},{"type":"Polygon","arcs":[[-1309,-1307,-1277,1309,-1299,-1304]],"id":2257,"properties":{"WD24CD":"E05011005","WD24NM":"St Paul","LAD24CD":"E07000094"}},{"type":"Polygon","arcs":[[-1286,-1296,1310,1311,1312,-31,-22,-83,1313,1314,1315,1316,1317,1318]],"id":2258,"properties":{"WD24CD":"E05011006","WD24NM":"Southwick and Wickham","LAD24CD":"E07000094"}},{"type":"Polygon","arcs":[[-1305,-1301,1319,-1265]],"id":2259,"properties":{"WD24CD":"E05011007","WD24NM":"The Worthys","LAD24CD":"E07000094"}},{"type":"Polygon","arcs":[[1320,1321,1322,-1288,-1282,1323,-1290,-1308,-1302,-1263]],"id":2260,"properties":{"WD24CD":"E05011008","WD24NM":"Upper Meon Valley","LAD24CD":"E07000094"}},{"type":"Polygon","arcs":[[-1287,-1319,1324,1325,1326,1327,1328,-1279]],"id":2261,"properties":{"WD24CD":"E05011009","WD24NM":"Whiteley and Shedfield","LAD24CD":"E07000094"}},{"type":"Polygon","arcs":[[1329,-1266,-1320,-1300,-1310,-1276,1330,1331,1332]],"id":2262,"properties":{"WD24CD":"E05011010","WD24NM":"Wonston and Micheldever","LAD24CD":"E07000094"}},{"type":"Polygon","arcs":[[1333,1334,1335,1336,1337]],"id":2326,"properties":{"WD24CD":"E05011074","WD24NM":"Claygate","LAD24CD":"E07000207"}},{"type":"Polygon","arcs":[[1338,1339,1340,1341,1342,1343,1344,1345,1346]],"id":2327,"properties":{"WD24CD":"E05011075","WD24NM":"Cobham and Downside","LAD24CD":"E07000207"}},{"type":"Polygon","arcs":[[-1337,1347,-1339,1348,1349,1350,1351]],"id":2328,"properties":{"WD24CD":"E05011076","WD24NM":"Esher","LAD24CD":"E07000207"}},{"type":"Polygon","arcs":[[-1347,1352,1353,1354,-1349]],"id":2329,"properties":{"WD24CD":"E05011077","WD24NM":"Hersham Village","LAD24CD":"E07000207"}},{"type":"Polygon","arcs":[[1355,1356,-1338,-1352,1357,1358]],"id":2330,"properties":{"WD24CD":"E05011078","WD24NM":"Hinchley Wood and Weston Green","LAD24CD":"E07000207"}},{"type":"Polygon","arcs":[[1359,1360,1361,-1356,1362,1363,1364]],"id":2331,"properties":{"WD24CD":"E05011079","WD24NM":"Long Ditton","LAD24CD":"E07000207"}},{"type":"Polygon","arcs":[[1365,-1358,-1351,1366,1367,1368]],"id":2332,"properties":{"WD24CD":"E05011080","WD24NM":"Molesey East","LAD24CD":"E07000207"}},{"type":"Polygon","arcs":[[1369,-1368,1370,1371,-359]],"id":2333,"properties":{"WD24CD":"E05011081","WD24NM":"Molesey West","LAD24CD":"E07000207"}},{"type":"Polygon","arcs":[[1372,-1354,1373,1374,1375]],"id":2334,"properties":{"WD24CD":"E05011082","WD24NM":"Oatlands and Burwood Park","LAD24CD":"E07000207"}},{"type":"Polygon","arcs":[[1376,1377,1378,-1340,-1348,-1336]],"id":2335,"properties":{"WD24CD":"E05011083","WD24NM":"Oxshott and Stoke D'Abernon","LAD24CD":"E07000207"}},{"type":"Polygon","arcs":[[1379,-1363,-1359,-1366]],"id":2336,"properties":{"WD24CD":"E05011084","WD24NM":"Thames Ditton","LAD24CD":"E07000207"}},{"type":"Polygon","arcs":[[1380,-1376,1381,-342,-328,1382]],"id":2337,"properties":{"WD24CD":"E05011085","WD24NM":"Walton Central","LAD24CD":"E07000207"}},{"type":"Polygon","arcs":[[-1372,1383,-1383,-327,-360]],"id":2338,"properties":{"WD24CD":"E05011086","WD24NM":"Walton North","LAD24CD":"E07000207"}},{"type":"Polygon","arcs":[[-1367,-1350,-1355,-1373,-1381,-1384,-1371]],"id":2339,"properties":{"WD24CD":"E05011087","WD24NM":"Walton South","LAD24CD":"E07000207"}},{"type":"Polygon","arcs":[[-1382,-1375,1384,1385,-343]],"id":2340,"properties":{"WD24CD":"E05011088","WD24NM":"Weybridge Riverside","LAD24CD":"E07000207"}},{"type":"Polygon","arcs":[[-1374,-1353,-1346,1386,-1177,1387,-1385]],"id":2341,"properties":{"WD24CD":"E05011089","WD24NM":"Weybridge St George's Hill","LAD24CD":"E07000207"}},{"type":"Polygon","arcs":[[1388,1389,1390,-1271,-1292]],"id":2439,"properties":{"WD24CD":"E05011187","WD24NM":"Bishopstoke","LAD24CD":"E07000086"}},{"type":"Polygon","arcs":[[-1329,1391,1392,1393,1394,1395,1396,-1280]],"id":2440,"properties":{"WD24CD":"E05011188","WD24NM":"Botley","LAD24CD":"E07000086"}},{"type":"Polygon","arcs":[[1397,-1393,1398,1399,1400,1401,1402]],"id":2441,"properties":{"WD24CD":"E05011189","WD24NM":"Bursledon & Hound North","LAD24CD":"E07000086"}},{"type":"Polygon","arcs":[[1403,1404,1405,1406,1407,1408]],"id":2442,"properties":{"WD24CD":"E05011190","WD24NM":"Chandler's Ford","LAD24CD":"E07000086"}},{"type":"Polygon","arcs":[[1409,1410,-1405,1411]],"id":2443,"properties":{"WD24CD":"E05011191","WD24NM":"Eastleigh Central","LAD24CD":"E07000086"}},{"type":"Polygon","arcs":[[-1391,1412,-1412,-1404,1413,-1272]],"id":2444,"properties":{"WD24CD":"E05011192","WD24NM":"Eastleigh North","LAD24CD":"E07000086"}},{"type":"Polygon","arcs":[[-1411,1414,1415,1416,1417,-1406]],"id":2445,"properties":{"WD24CD":"E05011193","WD24NM":"Eastleigh South","LAD24CD":"E07000086"}},{"type":"Polygon","arcs":[[-1324,-1281,-1397,1418,-1389,-1291]],"id":2446,"properties":{"WD24CD":"E05011194","WD24NM":"Fair Oak & Horton Heath","LAD24CD":"E07000086"}},{"type":"Polygon","arcs":[[1419,1420,-1400]],"id":2447,"properties":{"WD24CD":"E05011195","WD24NM":"Hamble & Netley","LAD24CD":"E07000086"}},{"type":"Polygon","arcs":[[1421,1422,-1395]],"id":2448,"properties":{"WD24CD":"E05011196","WD24NM":"Hedge End North","LAD24CD":"E07000086"}},{"type":"Polygon","arcs":[[-1394,-1398,1423,-1422]],"id":2449,"properties":{"WD24CD":"E05011197","WD24NM":"Hedge End South","LAD24CD":"E07000086"}},{"type":"Polygon","arcs":[[-1414,-1409,1424,1425,-1273]],"id":2450,"properties":{"WD24CD":"E05011198","WD24NM":"Hiltingbury","LAD24CD":"E07000086"}},{"type":"Polygon","arcs":[[-1419,-1396,-1423,1426,1427,-1415,-1410,-1413,-1390]],"id":2451,"properties":{"WD24CD":"E05011199","WD24NM":"West End North","LAD24CD":"E07000086"}},{"type":"Polygon","arcs":[[-1424,-1403,1428,1429,1430,-1427]],"id":2452,"properties":{"WD24CD":"E05011200","WD24NM":"West End South","LAD24CD":"E07000086"}},{"type":"Polygon","arcs":[[1431,1432,1433,1434,1435,1436,1437]],"id":2453,"properties":{"WD24CD":"E05011201","WD24NM":"Ashdown","LAD24CD":"E07000062"}},{"type":"Polygon","arcs":[[1438,1439,1440,1441,1442]],"id":2454,"properties":{"WD24CD":"E05011202","WD24NM":"Baird","LAD24CD":"E07000062"}},{"type":"Polygon","arcs":[[-1441,1443,1444,1445,1446,1447]],"id":2455,"properties":{"WD24CD":"E05011203","WD24NM":"Braybrooke","LAD24CD":"E07000062"}},{"type":"Polygon","arcs":[[1448,1449,1450,1451,-1445,1452]],"id":2456,"properties":{"WD24CD":"E05011204","WD24NM":"Castle","LAD24CD":"E07000062"}},{"type":"Polygon","arcs":[[-1451,1453,1454,1455,1456]],"id":2457,"properties":{"WD24CD":"E05011205","WD24NM":"Central St Leonards","LAD24CD":"E07000062"}},{"type":"Polygon","arcs":[[1457,1458,1459,-1433]],"id":2458,"properties":{"WD24CD":"E05011206","WD24NM":"Conquest","LAD24CD":"E07000062"}},{"type":"Polygon","arcs":[[-1446,-1452,-1457,1460,1461]],"id":2459,"properties":{"WD24CD":"E05011207","WD24NM":"Gensing","LAD24CD":"E07000062"}},{"type":"Polygon","arcs":[[1462,1463,1464,-1435]],"id":2460,"properties":{"WD24CD":"E05011208","WD24NM":"Hollington","LAD24CD":"E07000062"}},{"type":"Polygon","arcs":[[1465,-1461,-1456,1466,1467]],"id":2461,"properties":{"WD24CD":"E05011209","WD24NM":"Maze Hill","LAD24CD":"E07000062"}},{"type":"Polygon","arcs":[[1468,-1449,1469,1470]],"id":2462,"properties":{"WD24CD":"E05011210","WD24NM":"Old Hastings","LAD24CD":"E07000062"}},{"type":"Polygon","arcs":[[1471,1472,-1471,1473,-1439,1474]],"id":2463,"properties":{"WD24CD":"E05011211","WD24NM":"Ore","LAD24CD":"E07000062"}},{"type":"Polygon","arcs":[[-1442,-1448,1475,-1459,1476]],"id":2464,"properties":{"WD24CD":"E05011212","WD24NM":"St Helens","LAD24CD":"E07000062"}},{"type":"Polygon","arcs":[[-1476,-1447,-1462,-1466,1477,-1463,-1434,-1460]],"id":2465,"properties":{"WD24CD":"E05011213","WD24NM":"Silverhill","LAD24CD":"E07000062"}},{"type":"Polygon","arcs":[[-1470,-1453,-1444,-1440,-1474]],"id":2466,"properties":{"WD24CD":"E05011214","WD24NM":"Tressell","LAD24CD":"E07000062"}},{"type":"Polygon","arcs":[[1478,-1467,-1455,1479,1480,1481,1482,-1436,-1465]],"id":2467,"properties":{"WD24CD":"E05011215","WD24NM":"West St Leonards","LAD24CD":"E07000062"}},{"type":"Polygon","arcs":[[-1478,-1468,-1479,-1464]],"id":2468,"properties":{"WD24CD":"E05011216","WD24NM":"Wishing Tree","LAD24CD":"E07000062"}},{"type":"Polygon","arcs":[[1483,-1244,-1238,1484]],"id":2554,"properties":{"WD24CD":"E05011348","WD24NM":"Adderbury, Bloxham and Bodicote","LAD24CD":"E07000177"}},{"type":"Polygon","arcs":[[-1220,1485,-1485,-1237,-1225,-1215]],"id":2555,"properties":{"WD24CD":"E05011349","WD24NM":"Banbury Calthorpe and Easington","LAD24CD":"E07000177"}},{"type":"Polygon","arcs":[[-109,1486,-1069,-1074,-89,-1076,1487,-130]],"id":2732,"properties":{"WD24CD":"E05011558","WD24NM":"Brasted, Chevening and Sundridge","LAD24CD":"E07000111"}},{"type":"Polygon","arcs":[[1488,1489,1490,-1070,-1487,-108,-140,-145,-138,-142,-134]],"id":2733,"properties":{"WD24CD":"E05011559","WD24NM":"Seal and Weald","LAD24CD":"E07000111"}},{"type":"Polygon","arcs":[[1491,1492,1493,1494,1495]],"id":2746,"properties":{"WD24CD":"E05011574","WD24NM":"Devonshire","LAD24CD":"E07000061"}},{"type":"Polygon","arcs":[[1496,1497,1498,1499,1500]],"id":2747,"properties":{"WD24CD":"E05011575","WD24NM":"Hampden Park","LAD24CD":"E07000061"}},{"type":"Polygon","arcs":[[1501,1502,-1497,1503,1504]],"id":2748,"properties":{"WD24CD":"E05011576","WD24NM":"Langney","LAD24CD":"E07000061"}},{"type":"Polygon","arcs":[[-1493,1505,1506,1507,1508]],"id":2749,"properties":{"WD24CD":"E05011577","WD24NM":"Meads","LAD24CD":"E07000061"}},{"type":"Polygon","arcs":[[1509,-1508,1510,1511,1512]],"id":2750,"properties":{"WD24CD":"E05011578","WD24NM":"Old Town","LAD24CD":"E07000061"}},{"type":"Polygon","arcs":[[1513,-1513,1514,1515,-1500]],"id":2751,"properties":{"WD24CD":"E05011579","WD24NM":"Ratton","LAD24CD":"E07000061"}},{"type":"Polygon","arcs":[[1516,1517,-1495,1518,-1498,-1503,1519]],"id":2752,"properties":{"WD24CD":"E05011580","WD24NM":"St Anthony's","LAD24CD":"E07000061"}},{"type":"Polygon","arcs":[[1520,-1496,-1518,1521]],"id":2753,"properties":{"WD24CD":"E05011581","WD24NM":"Sovereign","LAD24CD":"E07000061"}},{"type":"Polygon","arcs":[[-1494,-1509,-1510,-1514,-1499,-1519]],"id":2754,"properties":{"WD24CD":"E05011582","WD24NM":"Upperton","LAD24CD":"E07000061"}},{"type":"MultiPolygon","arcs":[[[1522,-1523,1523]],[[1524,1525,1526,1527]],[[1528,1529]],[[1530,-1531,1531]],[[1532,1533]],[[1534,1535]],[[1536,-1537,1537]],[[1538,-1539,1539]],[[1540,-1541,1541]],[[1542,-1543,1543]],[[1544,-1545,1545]],[[1546,-1547,1547]],[[1548,-1549,1549]],[[1550,-1551,1551]],[[1552,1553,1554,1555,1556,1557,1558,1559,1560,1561,1562,1563,1564,1565,1566,1567,1568,1569,1570,1571,1572,1573,1574,1575]]],"id":2755,"properties":{"WD24CD":"E05011583","WD24NM":"Chailey, Barcombe & Hamsey","LAD24CD":"E07000063"}},{"type":"Polygon","arcs":[[1576,1577,1578,1579,1580,1581,1582,1583]],"id":2756,"properties":{"WD24CD":"E05011584","WD24NM":"Ditchling & Westmeston","LAD24CD":"E07000063"}},{"type":"Polygon","arcs":[[1584,1585,1586,1587,1588]],"id":2757,"properties":{"WD24CD":"E05011585","WD24NM":"East Saltdean & Telscombe Cliffs","LAD24CD":"E07000063"}},{"type":"MultiPolygon","arcs":[[[1589,1590]],[[-1572,1591,1592,1593,1594,1595,-1589,1596,1597,1598,1599,-1578,1600]]],"id":2758,"properties":{"WD24CD":"E05011586","WD24NM":"Kingston","LAD24CD":"E07000063"}},{"type":"MultiPolygon","arcs":[[[1601,1602,1603]],[[1604,1604,1604]],[[1605,1606]]],"id":2759,"properties":{"WD24CD":"E05011587","WD24NM":"Lewes Bridge","LAD24CD":"E07000063"}},{"type":"Polygon","arcs":[[1607,1608,-1603,1609,-1570]],"id":2760,"properties":{"WD24CD":"E05011588","WD24NM":"Lewes Castle","LAD24CD":"E07000063"}},{"type":"Polygon","arcs":[[-1602,1610,-1592,-1571,-1610]],"id":2761,"properties":{"WD24CD":"E05011589","WD24NM":"Lewes Priory","LAD24CD":"E07000063"}},{"type":"MultiPolygon","arcs":[[[1611]],[[1612,1613,1614,-1594]],[[1615,1616,1617]]],"id":2762,"properties":{"WD24CD":"E05011590","WD24NM":"Newhaven North","LAD24CD":"E07000063"}},{"type":"MultiPolygon","arcs":[[[1618,1619,-1614]],[[1620,1621,-1616,1622]]],"id":2763,"properties":{"WD24CD":"E05011591","WD24NM":"Newhaven South","LAD24CD":"E07000063"}},{"type":"Polygon","arcs":[[-1553,1623]],"id":2764,"properties":{"WD24CD":"E05011592","WD24NM":"Newick","LAD24CD":"E07000063"}},{"type":"MultiPolygon","arcs":[[[-1527,1526,1624]],[[1524,-1525,1625]],[[1567,-1568,1626]],[[-1566,1627]],[[1563,-1564,1628]],[[-1562,1629]],[[1630,-1560]],[[-1558,1631]],[[1632,1633,1634,1635,1636,-1623,-1618,1637,-1591,1638,-1606,1639,1522,1640,-1530,1641,1530,1642,-1534,1643,1644,-1535,1645,-1537,1646,-1539,1647,-1541,1648,-1551,1649,-1547,1650,-1549,1651,-1545,1652,-1543,1653,-1555]]],"id":2765,"properties":{"WD24CD":"E05011593","WD24NM":"Ouse Valley & Ringmer","LAD24CD":"E07000063"}},{"type":"Polygon","arcs":[[-1615,-1620,1654,1655,1656,-1595]],"id":2766,"properties":{"WD24CD":"E05011594","WD24NM":"Peacehaven East","LAD24CD":"E07000063"}},{"type":"Polygon","arcs":[[-1657,1657,-1585,-1596]],"id":2767,"properties":{"WD24CD":"E05011595","WD24NM":"Peacehaven North","LAD24CD":"E07000063"}},{"type":"Polygon","arcs":[[-1656,1658,-1586,-1658]],"id":2768,"properties":{"WD24CD":"E05011596","WD24NM":"Peacehaven West","LAD24CD":"E07000063"}},{"type":"Polygon","arcs":[[-1601,-1577,1659,-1573]],"id":2769,"properties":{"WD24CD":"E05011597","WD24NM":"Plumpton, Streat, East Chiltington & St John","LAD24CD":"E07000063"}},{"type":"Polygon","arcs":[[1660,1661,1662,1663]],"id":2770,"properties":{"WD24CD":"E05011598","WD24NM":"Seaford Central","LAD24CD":"E07000063"}},{"type":"MultiPolygon","arcs":[[[1664,1665]],[[1666,1667]],[[1668,1669]],[[1670,1671,1672,1673]]],"id":2771,"properties":{"WD24CD":"E05011599","WD24NM":"Seaford East","LAD24CD":"E07000063"}},{"type":"Polygon","arcs":[[-1672,1674,-1661,1675,1676]],"id":2772,"properties":{"WD24CD":"E05011600","WD24NM":"Seaford North","LAD24CD":"E07000063"}},{"type":"Polygon","arcs":[[-1671,1677,-1662,-1675]],"id":2773,"properties":{"WD24CD":"E05011601","WD24NM":"Seaford South","LAD24CD":"E07000063"}},{"type":"Polygon","arcs":[[-1676,-1664,1678,-1621,-1637,1679]],"id":2774,"properties":{"WD24CD":"E05011602","WD24NM":"Seaford West","LAD24CD":"E07000063"}},{"type":"Polygon","arcs":[[1680,-1574,-1660,-1584,1681,1682,1683,1684]],"id":2775,"properties":{"WD24CD":"E05011603","WD24NM":"Wivelsfield","LAD24CD":"E07000063"}},{"type":"Polygon","arcs":[[1685,1686,1687,1688,1689,1690]],"id":2776,"properties":{"WD24CD":"E05011604","WD24NM":"Bexhill Central","LAD24CD":"E07000064"}},{"type":"Polygon","arcs":[[-1688,1691,1692,1693]],"id":2777,"properties":{"WD24CD":"E05011605","WD24NM":"Bexhill Collington","LAD24CD":"E07000064"}},{"type":"Polygon","arcs":[[-1689,-1694,1694,1695]],"id":2778,"properties":{"WD24CD":"E05011606","WD24NM":"Bexhill Kewhurst","LAD24CD":"E07000064"}},{"type":"Polygon","arcs":[[1696,-1691,1697,1698,1699]],"id":2779,"properties":{"WD24CD":"E05011607","WD24NM":"Bexhill Old Town & Worsham","LAD24CD":"E07000064"}},{"type":"Polygon","arcs":[[-1482,1700,-1700,1701,1702]],"id":2780,"properties":{"WD24CD":"E05011608","WD24NM":"Bexhill Pebsham & St Michaels","LAD24CD":"E07000064"}},{"type":"Polygon","arcs":[[-1481,1703,-1686,-1697,-1701]],"id":2781,"properties":{"WD24CD":"E05011609","WD24NM":"Bexhill Sackville","LAD24CD":"E07000064"}},{"type":"Polygon","arcs":[[-1702,-1699,1704,1705,1706,1707]],"id":2782,"properties":{"WD24CD":"E05011610","WD24NM":"Bexhill Sidley","LAD24CD":"E07000064"}},{"type":"Polygon","arcs":[[-1706,1708,-1695,-1693,1709,1710,1711]],"id":2783,"properties":{"WD24CD":"E05011611","WD24NM":"Bexhill St Marks","LAD24CD":"E07000064"}},{"type":"Polygon","arcs":[[-1698,-1690,-1696,-1709,-1705]],"id":2784,"properties":{"WD24CD":"E05011612","WD24NM":"Bexhill St Stephens","LAD24CD":"E07000064"}},{"type":"Polygon","arcs":[[1712,1713,1714,1715,1716]],"id":2785,"properties":{"WD24CD":"E05011613","WD24NM":"Brede & Udimore","LAD24CD":"E07000064"}},{"type":"Polygon","arcs":[[1717,1718,1719,1720,1721,1722,1723]],"id":2786,"properties":{"WD24CD":"E05011614","WD24NM":"Burwash & the Weald","LAD24CD":"E07000064"}},{"type":"Polygon","arcs":[[1724,1725,-1437,-1483,-1703,-1708,1726,1727,-1721]],"id":2787,"properties":{"WD24CD":"E05011615","WD24NM":"Catsfield & Crowhurst","LAD24CD":"E07000064"}},{"type":"MultiPolygon","arcs":[[[1728,1729,1730]],[[-1123,1731,1732,1733,1734,-1713,1735,1736]]],"id":2788,"properties":{"WD24CD":"E05011616","WD24NM":"Eastern Rother","LAD24CD":"E07000064"}},{"type":"Polygon","arcs":[[1737,1738,-1724,1739,1740,1741]],"id":2789,"properties":{"WD24CD":"E05011617","WD24NM":"Hurst Green & Ticehurst","LAD24CD":"E07000064"}},{"type":"Polygon","arcs":[[1742,-1725,-1720,1743]],"id":2790,"properties":{"WD24CD":"E05011618","WD24NM":"North Battle, Netherfield & Whatlington","LAD24CD":"E07000064"}},{"type":"Polygon","arcs":[[1744,1745,-1736,-1717,1746,1747,1748]],"id":2791,"properties":{"WD24CD":"E05011619","WD24NM":"Northern Rother","LAD24CD":"E07000064"}},{"type":"Polygon","arcs":[[1749,-1748,1750,-1718,-1739]],"id":2792,"properties":{"WD24CD":"E05011620","WD24NM":"Robertsbridge","LAD24CD":"E07000064"}},{"type":"MultiPolygon","arcs":[[[1751,-1733]],[[-1730,1752,-1714,-1735,1753]]],"id":2793,"properties":{"WD24CD":"E05011621","WD24NM":"Rye & Winchelsea","LAD24CD":"E07000064"}},{"type":"Polygon","arcs":[[-1716,1754,-1475,-1443,-1477,-1458,-1432,1755,-1744,-1719,-1751,-1747]],"id":2794,"properties":{"WD24CD":"E05011622","WD24NM":"Sedlescombe & Westfield","LAD24CD":"E07000064"}},{"type":"Polygon","arcs":[[-1756,-1438,-1726,-1743]],"id":2795,"properties":{"WD24CD":"E05011623","WD24NM":"South Battle & Telham","LAD24CD":"E07000064"}},{"type":"Polygon","arcs":[[-1753,-1729,1756,-1472,-1755,-1715]],"id":2796,"properties":{"WD24CD":"E05011624","WD24NM":"Southern Rother","LAD24CD":"E07000064"}},{"type":"Polygon","arcs":[[1757,1758,1759,1760,1761,1762,1763,-1635,1764,1765]],"id":2797,"properties":{"WD24CD":"E05011625","WD24NM":"Arlington","LAD24CD":"E07000065"}},{"type":"Polygon","arcs":[[1766,1767,1768,1769,1770,1771,1772,1773]],"id":2798,"properties":{"WD24CD":"E05011626","WD24NM":"Buxted","LAD24CD":"E07000065"}},{"type":"Polygon","arcs":[[1774,1775,-1766,1776,1777]],"id":2799,"properties":{"WD24CD":"E05011627","WD24NM":"Chiddingly, East Hoathly & Waldron","LAD24CD":"E07000065"}},{"type":"Polygon","arcs":[[1778,1779,1780,1781,1782]],"id":2800,"properties":{"WD24CD":"E05011628","WD24NM":"Crowborough Central","LAD24CD":"E07000065"}},{"type":"Polygon","arcs":[[1783,1784,-1779,1785,1786]],"id":2801,"properties":{"WD24CD":"E05011629","WD24NM":"Crowborough Jarvis Brook","LAD24CD":"E07000065"}},{"type":"Polygon","arcs":[[-1786,-1783,1787,1788,1789]],"id":2802,"properties":{"WD24CD":"E05011630","WD24NM":"Crowborough North","LAD24CD":"E07000065"}},{"type":"Polygon","arcs":[[-1785,1790,1791,-1780]],"id":2803,"properties":{"WD24CD":"E05011631","WD24NM":"Crowborough South East","LAD24CD":"E07000065"}},{"type":"Polygon","arcs":[[-1792,1792,-1767,1793,-1781]],"id":2804,"properties":{"WD24CD":"E05011632","WD24NM":"Crowborough South West","LAD24CD":"E07000065"}},{"type":"Polygon","arcs":[[-1788,-1782,-1794,-1774,1794]],"id":2805,"properties":{"WD24CD":"E05011633","WD24NM":"Crowborough St Johns","LAD24CD":"E07000065"}},{"type":"Polygon","arcs":[[1795,1796,1797,1798,1799,1800,-1633,-1554,-1624,-1576,1801,1802]],"id":2806,"properties":{"WD24CD":"E05011634","WD24NM":"Danehill & Fletching","LAD24CD":"E07000065"}},{"type":"Polygon","arcs":[[-1796,1803,1804]],"id":2807,"properties":{"WD24CD":"E05011635","WD24NM":"Forest Row","LAD24CD":"E07000065"}},{"type":"Polygon","arcs":[[1805,1806,1807,-1778,1808,1809,1810,-1769,1811,1812]],"id":2808,"properties":{"WD24CD":"E05011636","WD24NM":"Framfield & Cross-in-Hand","LAD24CD":"E07000065"}},{"type":"Polygon","arcs":[[1813,1814,-1741,1815,1816,1817,1818,1819]],"id":2809,"properties":{"WD24CD":"E05011637","WD24NM":"Frant & Wadhurst","LAD24CD":"E07000065"}},{"type":"Polygon","arcs":[[-1817,1820,-1812,-1768,-1793,-1791,-1784,1821]],"id":2810,"properties":{"WD24CD":"E05011638","WD24NM":"Hadlow Down & Rotherfield","LAD24CD":"E07000065"}},{"type":"Polygon","arcs":[[1822,1823,1824,1825,1826]],"id":2811,"properties":{"WD24CD":"E05011639","WD24NM":"Hailsham Central","LAD24CD":"E07000065"}},{"type":"Polygon","arcs":[[1827,1828,1829,1830,1831,-1823]],"id":2812,"properties":{"WD24CD":"E05011640","WD24NM":"Hailsham East","LAD24CD":"E07000065"}},{"type":"Polygon","arcs":[[-1826,1832,1833,1834]],"id":2813,"properties":{"WD24CD":"E05011641","WD24NM":"Hailsham North","LAD24CD":"E07000065"}},{"type":"Polygon","arcs":[[-1834,1835,-1759,1836]],"id":2814,"properties":{"WD24CD":"E05011642","WD24NM":"Hailsham North West","LAD24CD":"E07000065"}},{"type":"Polygon","arcs":[[-1824,-1832,1837,1838,-1761,1839]],"id":2815,"properties":{"WD24CD":"E05011643","WD24NM":"Hailsham South","LAD24CD":"E07000065"}},{"type":"Polygon","arcs":[[-1833,-1825,-1840,-1760,-1836]],"id":2816,"properties":{"WD24CD":"E05011644","WD24NM":"Hailsham West","LAD24CD":"E07000065"}},{"type":"Polygon","arcs":[[1840,-1789,-1795,-1773,1841,-1797,-1805,1842,1843,1844,-92]],"id":2817,"properties":{"WD24CD":"E05011645","WD24NM":"Hartfield","LAD24CD":"E07000065"}},{"type":"Polygon","arcs":[[1845,1846,-1806,1847]],"id":2818,"properties":{"WD24CD":"E05011646","WD24NM":"Heathfield North","LAD24CD":"E07000065"}},{"type":"Polygon","arcs":[[-1807,-1847,1848]],"id":2819,"properties":{"WD24CD":"E05011647","WD24NM":"Heathfield South","LAD24CD":"E07000065"}},{"type":"Polygon","arcs":[[1849,-1828,-1827,-1835,-1837,-1758,-1776,1850]],"id":2820,"properties":{"WD24CD":"E05011648","WD24NM":"Hellingly","LAD24CD":"E07000065"}},{"type":"Polygon","arcs":[[-1727,-1707,-1712,1851,-1520,-1502,1852,-1829,-1850,1853]],"id":2821,"properties":{"WD24CD":"E05011649","WD24NM":"Herstmonceux & Pevensey Levels","LAD24CD":"E07000065"}},{"type":"Polygon","arcs":[[-1722,-1728,-1854,-1851,-1775,-1808,-1849,-1846,1854]],"id":2822,"properties":{"WD24CD":"E05011650","WD24NM":"Horam & Punnetts Town","LAD24CD":"E07000065"}},{"type":"Polygon","arcs":[[1855,-1515,-1512,1856,1857,1858]],"id":2823,"properties":{"WD24CD":"E05011651","WD24NM":"Lower Willingdon","LAD24CD":"E07000065"}},{"type":"Polygon","arcs":[[-1772,1859,-1798,-1842]],"id":2824,"properties":{"WD24CD":"E05011652","WD24NM":"Maresfield","LAD24CD":"E07000065"}},{"type":"Polygon","arcs":[[-1740,-1723,-1855,-1848,-1813,-1821,-1816]],"id":2825,"properties":{"WD24CD":"E05011653","WD24NM":"Mayfield & Five Ashes","LAD24CD":"E07000065"}},{"type":"Polygon","arcs":[[1860,-1522,-1517,-1852,-1711]],"id":2826,"properties":{"WD24CD":"E05011654","WD24NM":"Pevensey Bay","LAD24CD":"E07000065"}},{"type":"Polygon","arcs":[[-1504,1861,-1859,1862,1863,1864]],"id":2827,"properties":{"WD24CD":"E05011655","WD24NM":"Polegate Central","LAD24CD":"E07000065"}},{"type":"Polygon","arcs":[[-1838,-1831,1865,-1864,1866,1867]],"id":2828,"properties":{"WD24CD":"E05011656","WD24NM":"Polegate North","LAD24CD":"E07000065"}},{"type":"Polygon","arcs":[[-1863,-1858,1868,-1867]],"id":2829,"properties":{"WD24CD":"E05011657","WD24NM":"Polegate South & Willingdon Watermill","LAD24CD":"E07000065"}},{"type":"MultiPolygon","arcs":[[[1869,-1673,-1677,-1680,-1636,-1764]],[[-1839,-1868,-1869,-1857,-1511,-1507,1870,-1666,1871,-1668,1872,-1669,1873,-1762]]],"id":2830,"properties":{"WD24CD":"E05011658","WD24NM":"South Downs","LAD24CD":"E07000065"}},{"type":"Polygon","arcs":[[-1853,-1505,-1865,-1866,-1830]],"id":2831,"properties":{"WD24CD":"E05011659","WD24NM":"Stone Cross","LAD24CD":"E07000065"}},{"type":"Polygon","arcs":[[-1811,1874,1875,-1770]],"id":2832,"properties":{"WD24CD":"E05011660","WD24NM":"Uckfield East","LAD24CD":"E07000065"}},{"type":"Polygon","arcs":[[-1875,-1810,1876,-1800,1877]],"id":2833,"properties":{"WD24CD":"E05011661","WD24NM":"Uckfield New Town","LAD24CD":"E07000065"}},{"type":"Polygon","arcs":[[-1876,-1878,-1799,-1860,-1771]],"id":2834,"properties":{"WD24CD":"E05011662","WD24NM":"Uckfield North","LAD24CD":"E07000065"}},{"type":"Polygon","arcs":[[-1877,-1809,-1777,-1765,-1634,-1801]],"id":2835,"properties":{"WD24CD":"E05011663","WD24NM":"Uckfield Ridgewood & Little Horsted","LAD24CD":"E07000065"}},{"type":"Polygon","arcs":[[-1501,-1516,-1856,-1862]],"id":2836,"properties":{"WD24CD":"E05011664","WD24NM":"Upper Willingdon","LAD24CD":"E07000065"}},{"type":"Polygon","arcs":[[-1073,1878,1879,-1818,-1822,-1787,-1790,-1841,-91]],"id":2837,"properties":{"WD24CD":"E05011665","WD24NM":"Withyham","LAD24CD":"E07000065"}},{"type":"Polygon","arcs":[[1880,1881,1882,1883,1884,1885]],"id":2838,"properties":{"WD24CD":"E05011666","WD24NM":"Chichester Central","LAD24CD":"E07000225"}},{"type":"Polygon","arcs":[[1886,1887,1888,-1886,1889]],"id":2839,"properties":{"WD24CD":"E05011667","WD24NM":"Chichester East","LAD24CD":"E07000225"}},{"type":"Polygon","arcs":[[1890,-1890,-1885,1891,1892]],"id":2840,"properties":{"WD24CD":"E05011668","WD24NM":"Chichester North","LAD24CD":"E07000225"}},{"type":"Polygon","arcs":[[1893,-1881,-1889]],"id":2841,"properties":{"WD24CD":"E05011669","WD24NM":"Chichester South","LAD24CD":"E07000225"}},{"type":"Polygon","arcs":[[-1892,-1884,1894,1895]],"id":2842,"properties":{"WD24CD":"E05011670","WD24NM":"Chichester West","LAD24CD":"E07000225"}},{"type":"Polygon","arcs":[[1896,1897,1898,1899,1900]],"id":2843,"properties":{"WD24CD":"E05011671","WD24NM":"Easebourne","LAD24CD":"E07000225"}},{"type":"Polygon","arcs":[[1901,1902,1903,1904,-1901,1905,1906,1907,1908,1909]],"id":2844,"properties":{"WD24CD":"E05011672","WD24NM":"Fernhurst","LAD24CD":"E07000225"}},{"type":"MultiPolygon","arcs":[[[1910,-1911,1911]],[[1912,1913]],[[1914,-1915,1915]],[[1916,-1917,1917]],[[1918,-1919,1919]],[[1920,1921,1922,1923,1924,1925,1926,1927,1928,-984,1929,-1898,1930,1931]]],"id":2845,"properties":{"WD24CD":"E05011673","WD24NM":"Fittleworth","LAD24CD":"E07000225"}},{"type":"Polygon","arcs":[[1932,-1899,-1930,-983,-989,1933,-1887,-1891,1934,1935,1936]],"id":2846,"properties":{"WD24CD":"E05011674","WD24NM":"Goodwood","LAD24CD":"E07000225"}},{"type":"MultiPolygon","arcs":[[[1937]],[[1938]],[[1939]],[[1940]],[[-1895,-1883,1941,1942,1943,1944,1945,1946,1947]]],"id":2847,"properties":{"WD24CD":"E05011675","WD24NM":"Harbour Villages","LAD24CD":"E07000225"}},{"type":"Polygon","arcs":[[1948,-1937,1949,1950,1951,1952,1953,1954,1955,-1907]],"id":2848,"properties":{"WD24CD":"E05011676","WD24NM":"Harting","LAD24CD":"E07000225"}},{"type":"Polygon","arcs":[[-1893,-1896,-1948,1956,-1935]],"id":2849,"properties":{"WD24CD":"E05011677","WD24NM":"Lavant","LAD24CD":"E07000225"}},{"type":"Polygon","arcs":[[1957,1958,1959,1960,1961,-1932,1962,-1904,1963,1964,1965,1966]],"id":2850,"properties":{"WD24CD":"E05011678","WD24NM":"Loxwood","LAD24CD":"E07000225"}},{"type":"Polygon","arcs":[[-1900,-1933,-1949,-1906]],"id":2851,"properties":{"WD24CD":"E05011679","WD24NM":"Midhurst","LAD24CD":"E07000225"}},{"type":"MultiPolygon","arcs":[[[1967]],[[1968]],[[1969]],[[1970,-1971,1971]],[[-1037,1972]],[[1973]],[[-988,-1000,-1044,1974,1975,-1942,-1882,-1894,-1888,-1934]]],"id":2852,"properties":{"WD24CD":"E05011680","WD24NM":"North Mundham & Tangmere","LAD24CD":"E07000225"}},{"type":"Polygon","arcs":[[-1931,-1897,-1905,-1963]],"id":2853,"properties":{"WD24CD":"E05011681","WD24NM":"Petworth","LAD24CD":"E07000225"}},{"type":"Polygon","arcs":[[1976,1977,1978,1979,1980]],"id":2854,"properties":{"WD24CD":"E05011682","WD24NM":"Selsey South","LAD24CD":"E07000225"}},{"type":"MultiPolygon","arcs":[[[1981,1982]],[[1983,-1984,1984]],[[1985,-1986,1986]],[[1987,-1988,1988]],[[1989,-1990,1990]],[[1991,-1992,1992]],[[1993,-1994,1994]],[[1995,-1996,1996]],[[1997,-1998,1998]],[[1999]],[[2000]],[[2001,-2002,2002]],[[2003,-1040]],[[1041,-1042,2004]],[[2005,2005,2005]],[[2006]],[[2007]],[[2008]],[[2009]],[[2010]],[[2011]],[[2012]],[[2013]],[[2014]],[[2015]],[[2016]],[[2017]],[[-1971,1970,2018]],[[2019,-1031,2020,-1981,2021,2022,2023,2024,2025,-1943,-1976]]],"id":2855,"properties":{"WD24CD":"E05011683","WD24NM":"Sidlesham with Selsey North","LAD24CD":"E07000225"}},{"type":"MultiPolygon","arcs":[[[2026,-2027,2027]],[[2028,-2029,2029]],[[2030,2031,2032,-1946]]],"id":2856,"properties":{"WD24CD":"E05011684","WD24NM":"Southbourne","LAD24CD":"E07000225"}},{"type":"MultiPolygon","arcs":[[[2033,-1978]],[[-1980,2034,-2022]],[[-1986,2035,-1984,2036]],[[1987,2037,-1990,2038]],[[-1992,2039]],[[2023,-2024,2040]],[[-1944,-2026,2041,2042,2001,2043,-1998,2044,-1994,-1996,2045,-1982,2046]]],"id":2857,"properties":{"WD24CD":"E05011685","WD24NM":"The Witterings","LAD24CD":"E07000225"}},{"type":"Polygon","arcs":[[-1936,-1957,-1947,-2033,2047,2048,-1950]],"id":2858,"properties":{"WD24CD":"E05011686","WD24NM":"Westbourne","LAD24CD":"E07000225"}},{"type":"Polygon","arcs":[[-882,2049,-880,-910,2050,2051,2052,2053,2054,-885]],"id":2859,"properties":{"WD24CD":"E05011701","WD24NM":"Cholsey","LAD24CD":"E07000179"}},{"type":"Polygon","arcs":[[-2054,2055,-895,2056,2057]],"id":2860,"properties":{"WD24CD":"E05011702","WD24NM":"Didcot North East","LAD24CD":"E07000179"}},{"type":"Polygon","arcs":[[-2053,2058,-896,-2056]],"id":2861,"properties":{"WD24CD":"E05011703","WD24NM":"Didcot South","LAD24CD":"E07000179"}},{"type":"Polygon","arcs":[[2059,2060,2061,2062,-906,2063,2064,2065,2066,2067,-1249,-1256]],"id":2862,"properties":{"WD24CD":"E05011704","WD24NM":"Forest Hill & Holton","LAD24CD":"E07000179"}},{"type":"Polygon","arcs":[[-911,-892,2068,-916,-889,-887,2069,-900,2070,-2062,2071]],"id":2863,"properties":{"WD24CD":"E05011705","WD24NM":"Haseley Brook","LAD24CD":"E07000179"}},{"type":"Polygon","arcs":[[2072,2073,2074,2075,2076,2077,2078,-908,2079]],"id":2864,"properties":{"WD24CD":"E05011707","WD24NM":"Kidmore End & Whitchurch","LAD24CD":"E07000179"}},{"type":"Polygon","arcs":[[2080,2081,-901,-2070,-886,-2055,-2058,2082,-922,-918,2083,2084,2085]],"id":2865,"properties":{"WD24CD":"E05011708","WD24NM":"Sandford & the Wittenhams","LAD24CD":"E07000179"}},{"type":"Polygon","arcs":[[-881,-2050]],"id":2866,"properties":{"WD24CD":"E05011710","WD24NM":"Wallingford","LAD24CD":"E07000179"}},{"type":"Polygon","arcs":[[-2071,-899,-2063]],"id":2867,"properties":{"WD24CD":"E05011711","WD24NM":"Wheatley","LAD24CD":"E07000179"}},{"type":"Polygon","arcs":[[-897,-2059,-2052,2086,2087,2088,2089,2090]],"id":2868,"properties":{"WD24CD":"E05011713","WD24NM":"Blewbury & Harwell","LAD24CD":"E07000180"}},{"type":"Polygon","arcs":[[2091,2092,-290,-265,2093]],"id":2869,"properties":{"WD24CD":"E05011714","WD24NM":"Cumnor","LAD24CD":"E07000180"}},{"type":"Polygon","arcs":[[-924,2094,-2090,2095,-942,2096,-926]],"id":2870,"properties":{"WD24CD":"E05011715","WD24NM":"Drayton","LAD24CD":"E07000180"}},{"type":"Polygon","arcs":[[-2083,-2057,-898,-2091,-2095,-923]],"id":2871,"properties":{"WD24CD":"E05011717","WD24NM":"Sutton Courtenay","LAD24CD":"E07000180"}},{"type":"Polygon","arcs":[[2097,2098,2099,-941,2100,-245,-291,-2093]],"id":2872,"properties":{"WD24CD":"E05011718","WD24NM":"Thames","LAD24CD":"E07000180"}},{"type":"Polygon","arcs":[[2101,2102,-2098,-2092]],"id":2873,"properties":{"WD24CD":"E05011719","WD24NM":"Wootton","LAD24CD":"E07000180"}},{"type":"Polygon","arcs":[[2103,2104,2105,2106,2107,2108]],"id":2874,"properties":{"WD24CD":"E05011743","WD24NM":"Aylesford & East Stour","LAD24CD":"E07000105"}},{"type":"Polygon","arcs":[[2109,2110,2111,2112,2113]],"id":2875,"properties":{"WD24CD":"E05011744","WD24NM":"Beaver","LAD24CD":"E07000105"}},{"type":"Polygon","arcs":[[2114,2115,2116,2117,2118,2119,2120]],"id":2876,"properties":{"WD24CD":"E05011745","WD24NM":"Biddenden","LAD24CD":"E07000105"}},{"type":"Polygon","arcs":[[-1115,2121,2122,2123]],"id":2877,"properties":{"WD24CD":"E05011746","WD24NM":"Bircholt","LAD24CD":"E07000105"}},{"type":"Polygon","arcs":[[2124,2125,2126,2127,2128,2129]],"id":2878,"properties":{"WD24CD":"E05011747","WD24NM":"Bockhanger","LAD24CD":"E07000105"}},{"type":"Polygon","arcs":[[2130,2131,2132,-2126,2133]],"id":2879,"properties":{"WD24CD":"E05011748","WD24NM":"Bybrook","LAD24CD":"E07000105"}},{"type":"Polygon","arcs":[[-734,2134,2135,2136]],"id":2880,"properties":{"WD24CD":"E05011749","WD24NM":"Charing","LAD24CD":"E07000105"}},{"type":"Polygon","arcs":[[2137,-2131,2138,2139]],"id":2881,"properties":{"WD24CD":"E05011750","WD24NM":"Conningbrook & Little Burton Farm","LAD24CD":"E07000105"}},{"type":"Polygon","arcs":[[2140,2141,2142,-732,-721]],"id":2882,"properties":{"WD24CD":"E05011751","WD24NM":"Downs North","LAD24CD":"E07000105"}},{"type":"Polygon","arcs":[[-2133,2143,-2108,2144,2145,-2127]],"id":2883,"properties":{"WD24CD":"E05011753","WD24NM":"Furley","LAD24CD":"E07000105"}},{"type":"Polygon","arcs":[[2146,2147,2148,2149]],"id":2884,"properties":{"WD24CD":"E05011755","WD24NM":"Godinton","LAD24CD":"E07000105"}},{"type":"Polygon","arcs":[[2150,-2104,2151]],"id":2885,"properties":{"WD24CD":"E05011756","WD24NM":"Highfield","LAD24CD":"E07000105"}},{"type":"Polygon","arcs":[[-1124,-1737,-1746,2152,2153,2154]],"id":2886,"properties":{"WD24CD":"E05011757","WD24NM":"Isle of Oxney","LAD24CD":"E07000105"}},{"type":"Polygon","arcs":[[2155,-2139,-2134,-2125,2156,2157]],"id":2887,"properties":{"WD24CD":"E05011758","WD24NM":"Kennington","LAD24CD":"E07000105"}},{"type":"Polygon","arcs":[[2158,2159,2160,2161,2162,2163,2164]],"id":2888,"properties":{"WD24CD":"E05011759","WD24NM":"Kingsnorth Village & Bridgefield","LAD24CD":"E07000105"}},{"type":"Polygon","arcs":[[-2123,2165,-2161,2166,-2105,-2151,2167,2168]],"id":2889,"properties":{"WD24CD":"E05011760","WD24NM":"Mersham, Sevington South with Finberry","LAD24CD":"E07000105"}},{"type":"Polygon","arcs":[[-2106,2169,2170,2171,-2110,2172]],"id":2890,"properties":{"WD24CD":"E05011761","WD24NM":"Norman","LAD24CD":"E07000105"}},{"type":"Polygon","arcs":[[-2167,-2160,2173,2174,-2170]],"id":2891,"properties":{"WD24CD":"E05011762","WD24NM":"Park Farm North","LAD24CD":"E07000105"}},{"type":"Polygon","arcs":[[-2159,2175,-2174]],"id":2892,"properties":{"WD24CD":"E05011763","WD24NM":"Park Farm South","LAD24CD":"E07000105"}},{"type":"Polygon","arcs":[[-2146,2176,-2147,2177,2178,-2128]],"id":2893,"properties":{"WD24CD":"E05011764","WD24NM":"Repton","LAD24CD":"E07000105"}},{"type":"Polygon","arcs":[[2179,2180,-2153,-1745,2181,-2117,2182]],"id":2894,"properties":{"WD24CD":"E05011765","WD24NM":"Rolvenden & Tenterden West","LAD24CD":"E07000105"}},{"type":"Polygon","arcs":[[2183,-2171,-2175,-2176,-2165,2184,2185]],"id":2895,"properties":{"WD24CD":"E05011766","WD24NM":"Roman","LAD24CD":"E07000105"}},{"type":"Polygon","arcs":[[-1114,-1104,-1120,-1126,2186,-2162,-2166,-2122]],"id":2896,"properties":{"WD24CD":"E05011767","WD24NM":"Saxon Shore","LAD24CD":"E07000105"}},{"type":"Polygon","arcs":[[-2113,2187,2188,2189,2190,2191]],"id":2897,"properties":{"WD24CD":"E05011768","WD24NM":"Singleton East","LAD24CD":"E07000105"}},{"type":"Polygon","arcs":[[-2190,2192]],"id":2898,"properties":{"WD24CD":"E05011769","WD24NM":"Singleton West","LAD24CD":"E07000105"}},{"type":"Polygon","arcs":[[-2172,-2184,2193,-2111]],"id":2899,"properties":{"WD24CD":"E05011770","WD24NM":"Stanhope","LAD24CD":"E07000105"}},{"type":"Polygon","arcs":[[2194,-2180,2195]],"id":2900,"properties":{"WD24CD":"E05011771","WD24NM":"Tenterden North","LAD24CD":"E07000105"}},{"type":"Polygon","arcs":[[2196,-2154,-2181,-2195,2197]],"id":2901,"properties":{"WD24CD":"E05011772","WD24NM":"Tenterden South","LAD24CD":"E07000105"}},{"type":"Polygon","arcs":[[2198,2199,-2198,-2196,-2183,-2116]],"id":2902,"properties":{"WD24CD":"E05011773","WD24NM":"Tenterden St Michael's","LAD24CD":"E07000105"}},{"type":"Polygon","arcs":[[-2136,2200,-2178,-2150,2201,2202,2203]],"id":2903,"properties":{"WD24CD":"E05011774","WD24NM":"Upper Weald","LAD24CD":"E07000105"}},{"type":"Polygon","arcs":[[-2145,-2107,-2173,-2114,-2192,2204,-2148,-2177]],"id":2904,"properties":{"WD24CD":"E05011775","WD24NM":"Victoria","LAD24CD":"E07000105"}},{"type":"Polygon","arcs":[[-2112,-2194,-2186,2205,-2188]],"id":2905,"properties":{"WD24CD":"E05011776","WD24NM":"Washford","LAD24CD":"E07000105"}},{"type":"Polygon","arcs":[[-2149,-2205,-2191,-2193,-2189,-2206,-2185,-2164,2206,-2199,-2115,2207,-2202]],"id":2906,"properties":{"WD24CD":"E05011777","WD24NM":"Weald Central","LAD24CD":"E07000105"}},{"type":"Polygon","arcs":[[-2203,-2208,-2121,2208,2209]],"id":2907,"properties":{"WD24CD":"E05011778","WD24NM":"Weald North","LAD24CD":"E07000105"}},{"type":"Polygon","arcs":[[-2163,-2187,-1125,-2155,-2197,-2200,-2207]],"id":2908,"properties":{"WD24CD":"E05011779","WD24NM":"Weald South","LAD24CD":"E07000105"}},{"type":"Polygon","arcs":[[2210,-2168,-2152,-2109,-2144,-2132,-2138]],"id":2909,"properties":{"WD24CD":"E05011780","WD24NM":"Willesborough","LAD24CD":"E07000105"}},{"type":"Polygon","arcs":[[2211,-1116,-2124,-2169,-2211,-2140,-2156,2212,-2142]],"id":2910,"properties":{"WD24CD":"E05011781","WD24NM":"Wye with Hinxhill","LAD24CD":"E07000105"}},{"type":"Polygon","arcs":[[2213,2214,2215,2216,-1958,2217]],"id":2941,"properties":{"WD24CD":"E05011812","WD24NM":"Billingshurst","LAD24CD":"E07000227"}},{"type":"MultiPolygon","arcs":[[[2218,-391,-411,-957,2219]],[[2220,-2221,2221]],[[2222,-2223,2223]],[[2224,-385,-367,2225,2226,2227,2228]]],"id":2942,"properties":{"WD24CD":"E05011813","WD24NM":"Bramber, Upper Beeding & Woodmancote","LAD24CD":"E07000227"}},{"type":"Polygon","arcs":[[2229,2230,2231]],"id":2943,"properties":{"WD24CD":"E05011814","WD24NM":"Broadbridge Heath","LAD24CD":"E07000227"}},{"type":"Polygon","arcs":[[2232,2233,2234,2235,2236,2237,2238,2239,2240,2241,2242,2243,2244]],"id":2944,"properties":{"WD24CD":"E05011815","WD24NM":"Colgate & Rusper","LAD24CD":"E07000227"}},{"type":"MultiPolygon","arcs":[[[2245,-2246,2246]],[[2247,-2248,2248]],[[2249,-2228,2250,2251,2252,2253,2254,2255,2256,2257,2258]]],"id":2945,"properties":{"WD24CD":"E05011816","WD24NM":"Cowfold, Shermanbury & West Grinstead","LAD24CD":"E07000227"}},{"type":"Polygon","arcs":[[2259,2260,2261,-2230,2262,2263]],"id":2946,"properties":{"WD24CD":"E05011817","WD24NM":"Denne","LAD24CD":"E07000227"}},{"type":"Polygon","arcs":[[-2238,2264,-2260,2265,2266]],"id":2947,"properties":{"WD24CD":"E05011818","WD24NM":"Forest","LAD24CD":"E07000227"}},{"type":"MultiPolygon","arcs":[[[2267,-2268,2268]],[[-2227,2269,-2251]]],"id":2948,"properties":{"WD24CD":"E05011819","WD24NM":"Henfield","LAD24CD":"E07000227"}},{"type":"Polygon","arcs":[[2270,2271,2272,-2241]],"id":2949,"properties":{"WD24CD":"E05011820","WD24NM":"Holbrook East","LAD24CD":"E07000227"}},{"type":"Polygon","arcs":[[-2273,2273,-2266,-2264,2274,2275,-2242]],"id":2950,"properties":{"WD24CD":"E05011821","WD24NM":"Holbrook West","LAD24CD":"E07000227"}},{"type":"Polygon","arcs":[[-2243,-2276,2276,-2232,2277,2278,-2214,2279,2280,2281]],"id":2951,"properties":{"WD24CD":"E05011822","WD24NM":"Itchingfield, Slinfold & Warnham","LAD24CD":"E07000227"}},{"type":"Polygon","arcs":[[2282,-2258,2283,2284,-2261,-2265,-2237,2285]],"id":2952,"properties":{"WD24CD":"E05011823","WD24NM":"Nuthurst & Lower Beeding","LAD24CD":"E07000227"}},{"type":"MultiPolygon","arcs":[[[-979,978,2286]],[[-1928,1927,2287]],[[-1926,1925,2288]],[[-1922,1921,2289]],[[-1924,2290]],[[2291]],[[-1961,2292]],[[2293,2294,-977,2295,-969,2296,-972,2297,-1911,2298,-1914,2299,-1915,2300,-1917,2301,-1919,2302,-1959,-2217]]],"id":2953,"properties":{"WD24CD":"E05011824","WD24NM":"Pulborough, Coldwaltham & Amberley","LAD24CD":"E07000227"}},{"type":"Polygon","arcs":[[2303,-2271,-2240]],"id":2954,"properties":{"WD24CD":"E05011825","WD24NM":"Roffey North","LAD24CD":"E07000227"}},{"type":"Polygon","arcs":[[-2267,-2274,-2272,-2304,-2239]],"id":2955,"properties":{"WD24CD":"E05011826","WD24NM":"Roffey South","LAD24CD":"E07000227"}},{"type":"Polygon","arcs":[[-2280,-2218,-1967,2304,2305,2306]],"id":2956,"properties":{"WD24CD":"E05011827","WD24NM":"Rudgwick","LAD24CD":"E07000227"}},{"type":"Polygon","arcs":[[-2285,2307,-2278,-2231,-2262]],"id":2957,"properties":{"WD24CD":"E05011828","WD24NM":"Southwater North","LAD24CD":"E07000227"}},{"type":"Polygon","arcs":[[-2284,-2257,2308,-2215,-2279,-2308]],"id":2958,"properties":{"WD24CD":"E05011829","WD24NM":"Southwater South & Shipley","LAD24CD":"E07000227"}},{"type":"MultiPolygon","arcs":[[[2252,-2253,2309]],[[2310,-2248,2311,-2246,2312,2267,2313,-2223,2314,-2221,2315,-2220,-956,2316,-2255]]],"id":2959,"properties":{"WD24CD":"E05011830","WD24NM":"Steyning & Ashurst","LAD24CD":"E07000227"}},{"type":"Polygon","arcs":[[2317,-965,-974,-2295]],"id":2960,"properties":{"WD24CD":"E05011831","WD24NM":"Storrington & Washington","LAD24CD":"E07000227"}},{"type":"Polygon","arcs":[[-2263,-2277,-2275]],"id":2961,"properties":{"WD24CD":"E05011832","WD24NM":"Trafalgar","LAD24CD":"E07000227"}},{"type":"Polygon","arcs":[[-2309,-2256,-2317,-955,-2318,-2294,-2216]],"id":2962,"properties":{"WD24CD":"E05011833","WD24NM":"West Chiltington, Thakeham & Ashington","LAD24CD":"E07000227"}},{"type":"Polygon","arcs":[[2318,2319,2320,2321,2322,2323]],"id":3153,"properties":{"WD24CD":"E05012026","WD24NM":"Bagshot","LAD24CD":"E07000214"}},{"type":"MultiPolygon","arcs":[[[2324,-1206,-1212]],[[-1210,-1196,2325,2326,2327,2328,2329]]],"id":3154,"properties":{"WD24CD":"E05012027","WD24NM":"Bisley & West End","LAD24CD":"E07000214"}},{"type":"Polygon","arcs":[[2330,2331,-482,-467,2332,2333]],"id":3155,"properties":{"WD24CD":"E05012028","WD24NM":"Frimley","LAD24CD":"E07000214"}},{"type":"Polygon","arcs":[[2334,-478,-2332]],"id":3156,"properties":{"WD24CD":"E05012029","WD24NM":"Frimley Green","LAD24CD":"E07000214"}},{"type":"Polygon","arcs":[[-2328,2335,2336,2337,2338]],"id":3157,"properties":{"WD24CD":"E05012030","WD24NM":"Heatherside","LAD24CD":"E07000214"}},{"type":"Polygon","arcs":[[-2329,-2339,-2320,2339]],"id":3158,"properties":{"WD24CD":"E05012031","WD24NM":"Lightwater","LAD24CD":"E07000214"}},{"type":"Polygon","arcs":[[-2327,2340,2341,-499,-487,-2335,-2331,2342,-2336]],"id":3159,"properties":{"WD24CD":"E05012032","WD24NM":"Mytchett & Deepcut","LAD24CD":"E07000214"}},{"type":"Polygon","arcs":[[2343,2344,2345,2346,-2322]],"id":3160,"properties":{"WD24CD":"E05012033","WD24NM":"Old Dean","LAD24CD":"E07000214"}},{"type":"Polygon","arcs":[[-2343,-2334,2347,2348,2349,-2337]],"id":3161,"properties":{"WD24CD":"E05012034","WD24NM":"Parkside","LAD24CD":"E07000214"}},{"type":"Polygon","arcs":[[2350,-509,2351,2352]],"id":3162,"properties":{"WD24CD":"E05012035","WD24NM":"St Michaels","LAD24CD":"E07000214"}},{"type":"Polygon","arcs":[[-2338,-2350,2353,-2344,-2321]],"id":3163,"properties":{"WD24CD":"E05012036","WD24NM":"St Pauls","LAD24CD":"E07000214"}},{"type":"Polygon","arcs":[[-2354,-2349,2354,-2353,2355,-2345]],"id":3164,"properties":{"WD24CD":"E05012037","WD24NM":"Town","LAD24CD":"E07000214"}},{"type":"Polygon","arcs":[[-2348,-2333,-472,-510,-2351,-2355]],"id":3165,"properties":{"WD24CD":"E05012038","WD24NM":"Watchetts","LAD24CD":"E07000214"}},{"type":"Polygon","arcs":[[2356,2357,-1207,-2325,-1211,-2330,-2340,-2319,2358,2359]],"id":3166,"properties":{"WD24CD":"E05012039","WD24NM":"Windlesham & Chobham","LAD24CD":"E07000214"}},{"type":"Polygon","arcs":[[2360,2361,2362,2363]],"id":3203,"properties":{"WD24CD":"E05012085","WD24NM":"Andover Downlands","LAD24CD":"E07000093"}},{"type":"Polygon","arcs":[[2364,-2363,2365,2366,2367]],"id":3204,"properties":{"WD24CD":"E05012088","WD24NM":"Andover Romans","LAD24CD":"E07000093"}},{"type":"Polygon","arcs":[[2368,2369,2370,2371,2372,2373,2374,2375]],"id":3205,"properties":{"WD24CD":"E05012093","WD24NM":"Blackwater","LAD24CD":"E07000093"}},{"type":"Polygon","arcs":[[2376,-1332,2377,2378,2379,-2361,2380]],"id":3206,"properties":{"WD24CD":"E05012097","WD24NM":"Harewood","LAD24CD":"E07000093"}},{"type":"Polygon","arcs":[[-2378,-1331,-1275,2381,-2376,2382,2383,2384]],"id":3207,"properties":{"WD24CD":"E05012098","WD24NM":"Mid Test","LAD24CD":"E07000093"}},{"type":"Polygon","arcs":[[2385,2386,-2371,2387]],"id":3208,"properties":{"WD24CD":"E05012100","WD24NM":"Romsey Abbey","LAD24CD":"E07000093"}},{"type":"Polygon","arcs":[[2388,2389,-2386,2390,2391]],"id":3209,"properties":{"WD24CD":"E05012102","WD24NM":"Romsey Tadburn","LAD24CD":"E07000093"}},{"type":"Polygon","arcs":[[2392,2393,2394,2395,2396,2397]],"id":3238,"properties":{"WD24CD":"E05012132","WD24NM":"Aldermaston","LAD24CD":"E06000037"}},{"type":"Polygon","arcs":[[-2079,2398,2399,2400,-2087,-2051,-909]],"id":3239,"properties":{"WD24CD":"E05012133","WD24NM":"Basildon","LAD24CD":"E06000037"}},{"type":"Polygon","arcs":[[2401,2402,2403,-2398,2404,-2400,2405]],"id":3240,"properties":{"WD24CD":"E05012134","WD24NM":"Bradfield","LAD24CD":"E06000037"}},{"type":"Polygon","arcs":[[-2397,2406,2407,2408,2409,-2405]],"id":3241,"properties":{"WD24CD":"E05012135","WD24NM":"Bucklebury","LAD24CD":"E06000037"}},{"type":"Polygon","arcs":[[2410,2411,2412,-2403,2413,2414,2415]],"id":3242,"properties":{"WD24CD":"E05012136","WD24NM":"Burghfield & Mortimer","LAD24CD":"E06000037"}},{"type":"Polygon","arcs":[[2416,-2409,2417,2418,2419,2420,2421,2422]],"id":3243,"properties":{"WD24CD":"E05012137","WD24NM":"Chieveley & Cold Ash","LAD24CD":"E06000037"}},{"type":"Polygon","arcs":[[2423,-2423,2424,2425,-933,2426,2427]],"id":3244,"properties":{"WD24CD":"E05012138","WD24NM":"Downlands","LAD24CD":"E06000037"}},{"type":"Polygon","arcs":[[-2422,2428,2429,2430,2431,2432,2433,2434,2435,-2425]],"id":3245,"properties":{"WD24CD":"E05012139","WD24NM":"Hungerford & Kintbury","LAD24CD":"E06000037"}},{"type":"Polygon","arcs":[[-934,-2426,-2436,2436,2437,-938]],"id":3246,"properties":{"WD24CD":"E05012140","WD24NM":"Lambourn","LAD24CD":"E06000037"}},{"type":"Polygon","arcs":[[2438,2439,-2430,2440,2441]],"id":3247,"properties":{"WD24CD":"E05012141","WD24NM":"Newbury Central","LAD24CD":"E06000037"}},{"type":"Polygon","arcs":[[2442,2443,-2442,2444,-2420]],"id":3248,"properties":{"WD24CD":"E05012142","WD24NM":"Newbury Clay Hill","LAD24CD":"E06000037"}},{"type":"Polygon","arcs":[[2445,2446,2447,2448,2449,-2439,-2444]],"id":3249,"properties":{"WD24CD":"E05012143","WD24NM":"Newbury Greenham","LAD24CD":"E06000037"}},{"type":"Polygon","arcs":[[-2445,-2441,-2429,-2421]],"id":3250,"properties":{"WD24CD":"E05012144","WD24NM":"Newbury Speen","LAD24CD":"E06000037"}},{"type":"Polygon","arcs":[[-2450,2450,-2431,-2440]],"id":3251,"properties":{"WD24CD":"E05012145","WD24NM":"Newbury Wash Common","LAD24CD":"E06000037"}},{"type":"Polygon","arcs":[[2451,2452,2453,-2406,-2399,-2078]],"id":3252,"properties":{"WD24CD":"E05012146","WD24NM":"Pangbourne","LAD24CD":"E06000037"}},{"type":"Polygon","arcs":[[-2401,-2410,-2417,-2424,2454,-2088]],"id":3253,"properties":{"WD24CD":"E05012147","WD24NM":"Ridgeway","LAD24CD":"E06000037"}},{"type":"Polygon","arcs":[[2455,2456,2457]],"id":3254,"properties":{"WD24CD":"E05012148","WD24NM":"Thatcham Central","LAD24CD":"E06000037"}},{"type":"Polygon","arcs":[[-2407,-2396,2458,-2447,2459,-2456,2460]],"id":3255,"properties":{"WD24CD":"E05012149","WD24NM":"Thatcham Colthrop & Crookham","LAD24CD":"E06000037"}},{"type":"Polygon","arcs":[[-2461,-2458,2461,-2418,-2408]],"id":3256,"properties":{"WD24CD":"E05012150","WD24NM":"Thatcham North East","LAD24CD":"E06000037"}},{"type":"Polygon","arcs":[[-2462,-2457,-2460,-2446,-2443,-2419]],"id":3257,"properties":{"WD24CD":"E05012151","WD24NM":"Thatcham West","LAD24CD":"E06000037"}},{"type":"Polygon","arcs":[[2462,2463,-2414,-2402,-2454]],"id":3258,"properties":{"WD24CD":"E05012152","WD24NM":"Theale","LAD24CD":"E06000037"}},{"type":"Polygon","arcs":[[2464,2465,2466,-2452,-2077]],"id":3259,"properties":{"WD24CD":"E05012153","WD24NM":"Tilehurst & Purley","LAD24CD":"E06000037"}},{"type":"Polygon","arcs":[[2467,2468,-2463,-2453,-2467]],"id":3260,"properties":{"WD24CD":"E05012154","WD24NM":"Tilehurst Birch Copse","LAD24CD":"E06000037"}},{"type":"Polygon","arcs":[[2469,-2415,-2464,-2469,2470]],"id":3261,"properties":{"WD24CD":"E05012155","WD24NM":"Tilehurst South & Holybrook","LAD24CD":"E06000037"}},{"type":"Polygon","arcs":[[2471,2472,2473,2474,2475]],"id":3396,"properties":{"WD24CD":"E05012290","WD24NM":"Alton Amery","LAD24CD":"E07000085"}},{"type":"Polygon","arcs":[[2476,2477,2478,2479,2480,2481]],"id":3397,"properties":{"WD24CD":"E05012291","WD24NM":"Alton Ashdell","LAD24CD":"E07000085"}},{"type":"Polygon","arcs":[[2482,-2481,2483,-2472,2484]],"id":3398,"properties":{"WD24CD":"E05012292","WD24NM":"Alton Eastbrooke","LAD24CD":"E07000085"}},{"type":"Polygon","arcs":[[2485,-2482,-2483,2486,2487]],"id":3399,"properties":{"WD24CD":"E05012293","WD24NM":"Alton Holybourne","LAD24CD":"E07000085"}},{"type":"Polygon","arcs":[[-2480,2488,-2473,-2484]],"id":3400,"properties":{"WD24CD":"E05012294","WD24NM":"Alton Westbrooke","LAD24CD":"E07000085"}},{"type":"Polygon","arcs":[[-2479,2489,2490,-2474,-2489]],"id":3401,"properties":{"WD24CD":"E05012295","WD24NM":"Alton Whitedown","LAD24CD":"E07000085"}},{"type":"Polygon","arcs":[[-2487,-2485,-2476,2491]],"id":3402,"properties":{"WD24CD":"E05012296","WD24NM":"Alton Wooteys","LAD24CD":"E07000085"}},{"type":"Polygon","arcs":[[-2488,-2492,-2475,-2491,2492,-1260,2493,2494,-541,2495]],"id":3403,"properties":{"WD24CD":"E05012297","WD24NM":"Bentworth & Froyle","LAD24CD":"E07000085"}},{"type":"Polygon","arcs":[[2496,2497,2498,2499,2500,2501,2502,2503,-2477,-2486,-2496,-540]],"id":3404,"properties":{"WD24CD":"E05012298","WD24NM":"Binsted, Bentley & Selborne","LAD24CD":"E07000085"}},{"type":"Polygon","arcs":[[2504,2505,-1909,2506,2507,2508]],"id":3405,"properties":{"WD24CD":"E05012299","WD24NM":"Bramshott & Liphook","LAD24CD":"E07000085"}},{"type":"Polygon","arcs":[[2509,2510,2511,-1952,2512,2513,-1289,-1323,2514]],"id":3406,"properties":{"WD24CD":"E05012300","WD24NM":"Buriton & East Meon","LAD24CD":"E07000085"}},{"type":"Polygon","arcs":[[2515,2516,2517,2518,-1283,-2514]],"id":3407,"properties":{"WD24CD":"E05012301","WD24NM":"Clanfield","LAD24CD":"E07000085"}},{"type":"Polygon","arcs":[[-2490,-2478,-2504,2519,-1261,-2493]],"id":3408,"properties":{"WD24CD":"E05012302","WD24NM":"Four Marks & Medstead","LAD24CD":"E07000085"}},{"type":"Polygon","arcs":[[2520,-1954,2521,2522,2523,-2515,-1322,2524]],"id":3409,"properties":{"WD24CD":"E05012303","WD24NM":"Froxfield, Sheet & Steep","LAD24CD":"E07000085"}},{"type":"Polygon","arcs":[[-2509,2525,2526]],"id":3410,"properties":{"WD24CD":"E05012304","WD24NM":"Grayshott","LAD24CD":"E07000085"}},{"type":"Polygon","arcs":[[2527,-2526,-2508,2528,2529,2530,2531,-2500,2532]],"id":3411,"properties":{"WD24CD":"E05012305","WD24NM":"Headley","LAD24CD":"E07000085"}},{"type":"Polygon","arcs":[[2533,2534,2535,2536,-1297,-1284,-2519]],"id":3412,"properties":{"WD24CD":"E05012306","WD24NM":"Horndean Catherington","LAD24CD":"E07000085"}},{"type":"Polygon","arcs":[[2537,2538,-2534,-2518]],"id":3413,"properties":{"WD24CD":"E05012307","WD24NM":"Horndean Downs","LAD24CD":"E07000085"}},{"type":"Polygon","arcs":[[2539,2540,2541,-2536,2542,-2538,-2517]],"id":3414,"properties":{"WD24CD":"E05012308","WD24NM":"Horndean Kings & Blendworth","LAD24CD":"E07000085"}},{"type":"Polygon","arcs":[[-2543,-2535,-2539]],"id":3415,"properties":{"WD24CD":"E05012309","WD24NM":"Horndean Murray","LAD24CD":"E07000085"}},{"type":"Polygon","arcs":[[2543,2544,-2531]],"id":3416,"properties":{"WD24CD":"E05012310","WD24NM":"Lindford","LAD24CD":"E07000085"}},{"type":"Polygon","arcs":[[-1955,-2521,2545,2546]],"id":3417,"properties":{"WD24CD":"E05012311","WD24NM":"Liss","LAD24CD":"E07000085"}},{"type":"Polygon","arcs":[[2547,-2510,-2524,2548]],"id":3418,"properties":{"WD24CD":"E05012312","WD24NM":"Petersfield Bell Hill","LAD24CD":"E07000085"}},{"type":"Polygon","arcs":[[2549,-2511,-2548,2550]],"id":3419,"properties":{"WD24CD":"E05012313","WD24NM":"Petersfield Causeway","LAD24CD":"E07000085"}},{"type":"Polygon","arcs":[[-1953,-2512,-2550,2551,-2522]],"id":3420,"properties":{"WD24CD":"E05012314","WD24NM":"Petersfield Heath","LAD24CD":"E07000085"}},{"type":"Polygon","arcs":[[-2552,-2551,-2549,-2523]],"id":3421,"properties":{"WD24CD":"E05012315","WD24NM":"Petersfield St Peter's","LAD24CD":"E07000085"}},{"type":"Polygon","arcs":[[-2503,2552,-2546,-2525,-1321,-1262,-2520]],"id":3422,"properties":{"WD24CD":"E05012316","WD24NM":"Ropley, Hawkley & Hangers","LAD24CD":"E07000085"}},{"type":"Polygon","arcs":[[-2049,2553,2554,2555,2556,2557,-2540,-2516,-2513,-1951]],"id":3423,"properties":{"WD24CD":"E05012317","WD24NM":"Rowlands Castle","LAD24CD":"E07000085"}},{"type":"Polygon","arcs":[[-2544,-2530,2558,2559]],"id":3424,"properties":{"WD24CD":"E05012318","WD24NM":"Whitehill Chase","LAD24CD":"E07000085"}},{"type":"Polygon","arcs":[[-2559,-2529,-2507,-1908,-1956,-2547,-2553,-2502,2560]],"id":3425,"properties":{"WD24CD":"E05012319","WD24NM":"Whitehill Hogmoor & Greatham","LAD24CD":"E07000085"}},{"type":"Polygon","arcs":[[-2532,-2545,-2560,-2561,-2501]],"id":3426,"properties":{"WD24CD":"E05012320","WD24NM":"Whitehill Pinewood","LAD24CD":"E07000085"}},{"type":"Polygon","arcs":[[2561,2562,2563,2564,2565]],"id":3462,"properties":{"WD24CD":"E05012392","WD24NM":"Bean & Village Park","LAD24CD":"E07000107"}},{"type":"Polygon","arcs":[[2566,-2565,2567,2568,2569,2570,2571]],"id":3463,"properties":{"WD24CD":"E05012393","WD24NM":"Brent","LAD24CD":"E07000107"}},{"type":"MultiPolygon","arcs":[[[-2573,2573,2574]],[[2575,2576,2577,2578]]],"id":3464,"properties":{"WD24CD":"E05012394","WD24NM":"Bridge","LAD24CD":"E07000107"}},{"type":"Polygon","arcs":[[2579,2580,-2582,-2575,2582]],"id":3465,"properties":{"WD24CD":"E05012395","WD24NM":"Burnham","LAD24CD":"E07000107"}},{"type":"Polygon","arcs":[[2583,-120,2584,-2568,-2564]],"id":3466,"properties":{"WD24CD":"E05012396","WD24NM":"Darenth","LAD24CD":"E07000107"}},{"type":"Polygon","arcs":[[2585,2586,2587,2588,2589,2590]],"id":3467,"properties":{"WD24CD":"E05012398","WD24NM":"Greenhithe & Knockhall","LAD24CD":"E07000107"}},{"type":"Polygon","arcs":[[2591,2592,2593,-2595]],"id":3468,"properties":{"WD24CD":"E05012399","WD24NM":"Heath","LAD24CD":"E07000107"}},{"type":"Polygon","arcs":[[2595,-1063,-150,-2597,2597]],"id":3469,"properties":{"WD24CD":"E05012400","WD24NM":"Joyden's Wood","LAD24CD":"E07000107"}},{"type":"Polygon","arcs":[[2598,2599,2600,-1061,-128,-121,-2584,-2563,2601,2602]],"id":3470,"properties":{"WD24CD":"E05012401","WD24NM":"Longfield, New Barn & Southfleet","LAD24CD":"E07000107"}},{"type":"Polygon","arcs":[[2603,2604,-2598,-2606,-2594]],"id":3471,"properties":{"WD24CD":"E05012402","WD24NM":"Maypole & Leyton Cross","LAD24CD":"E07000107"}},{"type":"Polygon","arcs":[[-2572,2606,2607,2608]],"id":3472,"properties":{"WD24CD":"E05012403","WD24NM":"Newtown","LAD24CD":"E07000107"}},{"type":"Polygon","arcs":[[-2570,2609,-2604,-2593,2610,2611]],"id":3473,"properties":{"WD24CD":"E05012404","WD24NM":"Princes","LAD24CD":"E07000107"}},{"type":"Polygon","arcs":[[-2590,2612,-2566,2613,-2576,2614]],"id":3474,"properties":{"WD24CD":"E05012405","WD24NM":"Stone Castle","LAD24CD":"E07000107"}},{"type":"Polygon","arcs":[[-2567,-2609,2615,-2614]],"id":3475,"properties":{"WD24CD":"E05012406","WD24NM":"Stone House","LAD24CD":"E07000107"}},{"type":"Polygon","arcs":[[-2616,-2608,2616,-2577]],"id":3476,"properties":{"WD24CD":"E05012408","WD24NM":"Temple Hill","LAD24CD":"E07000107"}},{"type":"Polygon","arcs":[[-2607,-2571,-2612,2617,-2580,2618,-2578,-2617]],"id":3477,"properties":{"WD24CD":"E05012409","WD24NM":"Town","LAD24CD":"E07000107"}},{"type":"Polygon","arcs":[[-2618,-2611,-2592,-2620,-2581]],"id":3478,"properties":{"WD24CD":"E05012410","WD24NM":"West Hill","LAD24CD":"E07000107"}},{"type":"Polygon","arcs":[[-2569,-2585,-119,-1075,-1064,-2596,-2605,-2610]],"id":3479,"properties":{"WD24CD":"E05012411","WD24NM":"Wilmington, Sutton-at-Hone & Hawley","LAD24CD":"E07000107"}},{"type":"Polygon","arcs":[[2620,2621,2622]],"id":3562,"properties":{"WD24CD":"E05012494","WD24NM":"Ascot & Sunninghill","LAD24CD":"E06000040"}},{"type":"Polygon","arcs":[[2623,2624,2625,2626,2627]],"id":3563,"properties":{"WD24CD":"E05012495","WD24NM":"Belmont","LAD24CD":"E06000040"}},{"type":"Polygon","arcs":[[2628,2629,2630,2631,2632,2633,2634,2635,2636]],"id":3564,"properties":{"WD24CD":"E05012496","WD24NM":"Bisham & Cookham","LAD24CD":"E06000040"}},{"type":"Polygon","arcs":[[2637,2638,2639,2640,-2626]],"id":3565,"properties":{"WD24CD":"E05012497","WD24NM":"Boyn Hill","LAD24CD":"E06000040"}},{"type":"Polygon","arcs":[[2641,2642,2643,2644,2645,2646,2647,2648]],"id":3566,"properties":{"WD24CD":"E05012498","WD24NM":"Bray","LAD24CD":"E06000040"}},{"type":"Polygon","arcs":[[2649,2650,2651,-2644,2652,2653,2654]],"id":3567,"properties":{"WD24CD":"E05012499","WD24NM":"Clewer & Dedworth East","LAD24CD":"E06000040"}},{"type":"Polygon","arcs":[[-2643,2655,-2653]],"id":3568,"properties":{"WD24CD":"E05012500","WD24NM":"Clewer & Dedworth West","LAD24CD":"E06000040"}},{"type":"Polygon","arcs":[[2656,-2650,2657]],"id":3569,"properties":{"WD24CD":"E05012501","WD24NM":"Clewer East","LAD24CD":"E06000040"}},{"type":"Polygon","arcs":[[2658,-2648,2659,2660,-2640]],"id":3570,"properties":{"WD24CD":"E05012502","WD24NM":"Cox Green","LAD24CD":"E06000040"}},{"type":"Polygon","arcs":[[2661,2662,-350,2663,2664,2665,2666,2667,2668]],"id":3571,"properties":{"WD24CD":"E05012503","WD24NM":"Datchet, Horton & Wraysbury","LAD24CD":"E06000040"}},{"type":"Polygon","arcs":[[2669,2670,-2668,2671,-2658,-2655,2672,2673,2674]],"id":3572,"properties":{"WD24CD":"E05012504","WD24NM":"Eton & Castle","LAD24CD":"E06000040"}},{"type":"Polygon","arcs":[[-2628,2675,-2632,2676]],"id":3573,"properties":{"WD24CD":"E05012505","WD24NM":"Furze Platt","LAD24CD":"E06000040"}},{"type":"Polygon","arcs":[[-2634,2677,-2660,-2647,2678,2679,2680,2681]],"id":3574,"properties":{"WD24CD":"E05012506","WD24NM":"Hurley & Walthams","LAD24CD":"E06000040"}},{"type":"Polygon","arcs":[[-2667,2682,2683,2684,2685,-2651,-2657,-2672]],"id":3575,"properties":{"WD24CD":"E05012507","WD24NM":"Old Windsor","LAD24CD":"E06000040"}},{"type":"Polygon","arcs":[[-2649,-2659,-2639,2686,2687]],"id":3576,"properties":{"WD24CD":"E05012508","WD24NM":"Oldfield","LAD24CD":"E06000040"}},{"type":"Polygon","arcs":[[-2676,-2627,-2641,-2661,-2678,-2633]],"id":3577,"properties":{"WD24CD":"E05012509","WD24NM":"Pinkneys Green","LAD24CD":"E06000040"}},{"type":"Polygon","arcs":[[2688,2689,-2624,-2677,-2631]],"id":3578,"properties":{"WD24CD":"E05012510","WD24NM":"Riverside","LAD24CD":"E06000040"}},{"type":"Polygon","arcs":[[2690,-2687,-2638,-2625,-2690]],"id":3579,"properties":{"WD24CD":"E05012511","WD24NM":"St Mary's","LAD24CD":"E06000040"}},{"type":"Polygon","arcs":[[-2685,2691,-2359,-2324,2692,-2621,2693]],"id":3580,"properties":{"WD24CD":"E05012512","WD24NM":"Sunningdale & Cheapside","LAD24CD":"E06000040"}},{"type":"Polygon","arcs":[[2694,2695,2696,2697,2698,2699,-2073,2700]],"id":3812,"properties":{"WD24CD":"E05012854","WD24NM":"Sonning Common","LAD24CD":"E07000179"}},{"type":"Polygon","arcs":[[2701,2702,2703,2704,-1096,-1110,2705]],"id":3813,"properties":{"WD24CD":"E05012855","WD24NM":"Alkham & Capel-le-Ferne","LAD24CD":"E07000108"}},{"type":"Polygon","arcs":[[2706,2707,2708,2709,2710,2711]],"id":3814,"properties":{"WD24CD":"E05012856","WD24NM":"Aylesham, Eythorne & Shepherdswell","LAD24CD":"E07000108"}},{"type":"Polygon","arcs":[[2712,2713,2714,2715,2716]],"id":3815,"properties":{"WD24CD":"E05012857","WD24NM":"Buckland","LAD24CD":"E07000108"}},{"type":"Polygon","arcs":[[-2709,2717,-2716,2718,-2706,-1109,2719]],"id":3816,"properties":{"WD24CD":"E05012858","WD24NM":"Dover Downs & River","LAD24CD":"E07000108"}},{"type":"Polygon","arcs":[[2720,2721,2722,2723,2724,-2707,2725,2726]],"id":3817,"properties":{"WD24CD":"E05012859","WD24NM":"Eastry Rural","LAD24CD":"E07000108"}},{"type":"Polygon","arcs":[[2727,2728,2729,-2713,2730,-2724,2731]],"id":3818,"properties":{"WD24CD":"E05012860","WD24NM":"Guston, Kingsdown & St Margaret's-at-Cliffe","LAD24CD":"E07000108"}},{"type":"Polygon","arcs":[[2732,-2726,-2712,2733,2734,2735,2736]],"id":3819,"properties":{"WD24CD":"E05012861","WD24NM":"Little Stour & Ashstone","LAD24CD":"E07000108"}},{"type":"Polygon","arcs":[[2737,2738,-2703,2739]],"id":3820,"properties":{"WD24CD":"E05012862","WD24NM":"Maxton & Elms Vale","LAD24CD":"E07000108"}},{"type":"Polygon","arcs":[[2740,2741,2742,-2722]],"id":3821,"properties":{"WD24CD":"E05012863","WD24NM":"Middle Deal","LAD24CD":"E07000108"}},{"type":"Polygon","arcs":[[-2743,2743,-2732,-2723]],"id":3822,"properties":{"WD24CD":"E05012864","WD24NM":"Mill Hill","LAD24CD":"E07000108"}},{"type":"Polygon","arcs":[[2744,-2741,-2721,2745,2746]],"id":3823,"properties":{"WD24CD":"E05012865","WD24NM":"North Deal","LAD24CD":"E07000108"}},{"type":"Polygon","arcs":[[2747,2748,-2740,-2702,-2719,-2715]],"id":3824,"properties":{"WD24CD":"E05012866","WD24NM":"St Radigunds","LAD24CD":"E07000108"}},{"type":"MultiPolygon","arcs":[[[2749]],[[-220,-181,2750]],[[-2746,-2727,-2733,2751,-176,2752]]],"id":3825,"properties":{"WD24CD":"E05012867","WD24NM":"Sandwich","LAD24CD":"E07000108"}},{"type":"Polygon","arcs":[[2753,-2738,-2749]],"id":3826,"properties":{"WD24CD":"E05012868","WD24NM":"Tower Hamlets","LAD24CD":"E07000108"}},{"type":"Polygon","arcs":[[2754,-2704,-2739,-2754,-2748,-2714,-2730]],"id":3827,"properties":{"WD24CD":"E05012869","WD24NM":"Town & Castle","LAD24CD":"E07000108"}},{"type":"Polygon","arcs":[[2755,-2728,-2744,-2742,-2745]],"id":3828,"properties":{"WD24CD":"E05012870","WD24NM":"Walmer","LAD24CD":"E07000108"}},{"type":"Polygon","arcs":[[-2731,-2717,-2718,-2708,-2725]],"id":3829,"properties":{"WD24CD":"E05012871","WD24NM":"Whitfield","LAD24CD":"E07000108"}},{"type":"Polygon","arcs":[[2756,2757,2758,2759]],"id":3830,"properties":{"WD24CD":"E05012872","WD24NM":"Banstead Village","LAD24CD":"E07000211"}},{"type":"Polygon","arcs":[[-2761,2761,2762,2763,2764,2765,-2758,2766]],"id":3831,"properties":{"WD24CD":"E05012873","WD24NM":"Chipstead, Kingswood & Woodmansterne","LAD24CD":"E07000211"}},{"type":"Polygon","arcs":[[2767,2768,2769,2770,2771]],"id":3832,"properties":{"WD24CD":"E05012874","WD24NM":"Earlswood & Whitebushes","LAD24CD":"E07000211"}},{"type":"Polygon","arcs":[[2772,2773,2774,2775,-2762,-2777,-2778]],"id":3833,"properties":{"WD24CD":"E05012875","WD24NM":"Hooley, Merstham & Netherne","LAD24CD":"E07000211"}},{"type":"Polygon","arcs":[[2778,2779,2780,2781,2782,2783]],"id":3834,"properties":{"WD24CD":"E05012876","WD24NM":"Horley Central & South","LAD24CD":"E07000211"}},{"type":"Polygon","arcs":[[2784,-2784,2785,2786,-2769,2787]],"id":3835,"properties":{"WD24CD":"E05012877","WD24NM":"Horley East & Salfords","LAD24CD":"E07000211"}},{"type":"Polygon","arcs":[[-2786,-2783,2788,2789]],"id":3836,"properties":{"WD24CD":"E05012878","WD24NM":"Horley West & Sidlow","LAD24CD":"E07000211"}},{"type":"Polygon","arcs":[[2790,2791,2792,2793,2794,-2764]],"id":3837,"properties":{"WD24CD":"E05012879","WD24NM":"Lower Kingswood, Tadworth & Walton","LAD24CD":"E07000211"}},{"type":"Polygon","arcs":[[-2771,2795,2796,2797]],"id":3838,"properties":{"WD24CD":"E05012880","WD24NM":"Meadvale & St John's","LAD24CD":"E07000211"}},{"type":"Polygon","arcs":[[-2766,2798,2799,2800,2801,-2759]],"id":3839,"properties":{"WD24CD":"E05012881","WD24NM":"Nork","LAD24CD":"E07000211"}},{"type":"Polygon","arcs":[[2802,-2772,2803,-2775]],"id":3840,"properties":{"WD24CD":"E05012882","WD24NM":"Redhill East","LAD24CD":"E07000211"}},{"type":"Polygon","arcs":[[-2804,-2798,2804,-2791,-2763,-2776]],"id":3841,"properties":{"WD24CD":"E05012883","WD24NM":"Redhill West & Wray Common","LAD24CD":"E07000211"}},{"type":"Polygon","arcs":[[-2805,-2797,2805,2806,2807,-2792]],"id":3842,"properties":{"WD24CD":"E05012884","WD24NM":"Reigate","LAD24CD":"E07000211"}},{"type":"Polygon","arcs":[[-2770,-2787,-2790,2808,-2806,-2796]],"id":3843,"properties":{"WD24CD":"E05012885","WD24NM":"South Park & Woodhatch","LAD24CD":"E07000211"}},{"type":"Polygon","arcs":[[-2765,-2795,2809,2810,-2799]],"id":3844,"properties":{"WD24CD":"E05012886","WD24NM":"Tattenham Corner & Preston","LAD24CD":"E07000211"}},{"type":"Polygon","arcs":[[2811,2812,2813]],"id":3845,"properties":{"WD24CD":"E05012887","WD24NM":"Addlestone North","LAD24CD":"E07000212"}},{"type":"Polygon","arcs":[[-344,-1386,2814,2815,2816,-2812,2817]],"id":3846,"properties":{"WD24CD":"E05012888","WD24NM":"Addlestone South","LAD24CD":"E07000212"}},{"type":"Polygon","arcs":[[-345,-2818,-2814,2818,2819]],"id":3847,"properties":{"WD24CD":"E05012889","WD24NM":"Chertsey Riverside","LAD24CD":"E07000212"}},{"type":"Polygon","arcs":[[-346,-2820,2820,2821]],"id":3848,"properties":{"WD24CD":"E05012890","WD24NM":"Chertsey St Ann's","LAD24CD":"E07000212"}},{"type":"Polygon","arcs":[[-349,-340,2822,2823,-2664]],"id":3849,"properties":{"WD24CD":"E05012891","WD24NM":"Egham Hythe","LAD24CD":"E07000212"}},{"type":"Polygon","arcs":[[-2824,2824,2825,2826,2827,-2665]],"id":3850,"properties":{"WD24CD":"E05012892","WD24NM":"Egham Town","LAD24CD":"E07000212"}},{"type":"Polygon","arcs":[[-2827,2828,2829]],"id":3851,"properties":{"WD24CD":"E05012893","WD24NM":"Englefield Green East","LAD24CD":"E07000212"}},{"type":"Polygon","arcs":[[-2828,-2830,2830,-2683,-2666]],"id":3852,"properties":{"WD24CD":"E05012894","WD24NM":"Englefield Green West","LAD24CD":"E07000212"}},{"type":"Polygon","arcs":[[-2819,2831,-2357,2832,2833,-2821]],"id":3853,"properties":{"WD24CD":"E05012895","WD24NM":"Longcross, Lyne & Chertsey South","LAD24CD":"E07000212"}},{"type":"Polygon","arcs":[[-1388,-1182,2834,-2815]],"id":3854,"properties":{"WD24CD":"E05012896","WD24NM":"New Haw","LAD24CD":"E07000212"}},{"type":"Polygon","arcs":[[-2813,-2817,2835,-1208,-2358,-2832]],"id":3855,"properties":{"WD24CD":"E05012897","WD24NM":"Ottershaw","LAD24CD":"E07000212"}},{"type":"Polygon","arcs":[[-339,-335,-2822,-2834,2836,-2825,-2823]],"id":3856,"properties":{"WD24CD":"E05012898","WD24NM":"Thorpe","LAD24CD":"E07000212"}},{"type":"Polygon","arcs":[[-2837,-2833,-2360,-2692,-2684,-2831,-2829,-2826]],"id":3857,"properties":{"WD24CD":"E05012899","WD24NM":"Virginia Water","LAD24CD":"E07000212"}},{"type":"Polygon","arcs":[[-2816,-2835,-1181,-1183,-1203,-2836]],"id":3858,"properties":{"WD24CD":"E05012900","WD24NM":"Woodham & Rowtown","LAD24CD":"E07000212"}},{"type":"Polygon","arcs":[[2837,-2234,2838,2839]],"id":3872,"properties":{"WD24CD":"E05012914","WD24NM":"Bewbush & North Broadfield","LAD24CD":"E07000226"}},{"type":"Polygon","arcs":[[2840,2841,-2235,-2838,2842]],"id":3873,"properties":{"WD24CD":"E05012915","WD24NM":"Broadfield","LAD24CD":"E07000226"}},{"type":"Polygon","arcs":[[2843,2844,2845,2846,2847,2848,2849]],"id":3874,"properties":{"WD24CD":"E05012916","WD24NM":"Furnace Green","LAD24CD":"E07000226"}},{"type":"Polygon","arcs":[[2850,-2843,-2840,2851]],"id":3875,"properties":{"WD24CD":"E05012917","WD24NM":"Gossops Green & North East Broadfield","LAD24CD":"E07000226"}},{"type":"Polygon","arcs":[[2852,-2852,-2839,-2233,2853]],"id":3876,"properties":{"WD24CD":"E05012918","WD24NM":"Ifield","LAD24CD":"E07000226"}},{"type":"Polygon","arcs":[[-2781,2854,2855,2856,-2854,-2245,2857]],"id":3877,"properties":{"WD24CD":"E05012919","WD24NM":"Langley Green & Tushmore","LAD24CD":"E07000226"}},{"type":"Polygon","arcs":[[2858,2859,-2844,2860]],"id":3878,"properties":{"WD24CD":"E05012920","WD24NM":"Maidenbower","LAD24CD":"E07000226"}},{"type":"Polygon","arcs":[[2861,-2853,-2857,2862]],"id":3879,"properties":{"WD24CD":"E05012921","WD24NM":"Northgate & West Green","LAD24CD":"E07000226"}},{"type":"Polygon","arcs":[[2863,2864,2865,2866,-2855,-2780]],"id":3880,"properties":{"WD24CD":"E05012922","WD24NM":"Pound Hill North & Forge Wood","LAD24CD":"E07000226"}},{"type":"Polygon","arcs":[[-2861,-2850,2867,-2866,2868]],"id":3881,"properties":{"WD24CD":"E05012923","WD24NM":"Pound Hill South & Worth","LAD24CD":"E07000226"}},{"type":"Polygon","arcs":[[2869,-2848,2870,-2851,-2862]],"id":3882,"properties":{"WD24CD":"E05012924","WD24NM":"Southgate","LAD24CD":"E07000226"}},{"type":"Polygon","arcs":[[-2868,-2849,-2870,-2863,-2856,-2867]],"id":3883,"properties":{"WD24CD":"E05012925","WD24NM":"Three Bridges","LAD24CD":"E07000226"}},{"type":"Polygon","arcs":[[2871,-2841,-2871,-2847]],"id":3884,"properties":{"WD24CD":"E05012926","WD24NM":"Tilgate","LAD24CD":"E07000226"}},{"type":"Polygon","arcs":[[-1274,-1426,2872,2873,-2392,2874,-2369,-2382]],"id":3885,"properties":{"WD24CD":"E05012927","WD24NM":"Ampfield & Braishfield","LAD24CD":"E07000093"}},{"type":"Polygon","arcs":[[-2367,2875,2876,2877,2878]],"id":3886,"properties":{"WD24CD":"E05012928","WD24NM":"Andover Harroway","LAD24CD":"E07000093"}},{"type":"Polygon","arcs":[[2879,2880,2881,-2877,2882]],"id":3887,"properties":{"WD24CD":"E05012929","WD24NM":"Andover Millway","LAD24CD":"E07000093"}},{"type":"Polygon","arcs":[[-2380,2883,2884,-2883,-2876,-2366,-2362]],"id":3888,"properties":{"WD24CD":"E05012930","WD24NM":"Andover St Mary's","LAD24CD":"E07000093"}},{"type":"Polygon","arcs":[[2885,-2880,-2885]],"id":3889,"properties":{"WD24CD":"E05012931","WD24NM":"Andover Winton","LAD24CD":"E07000093"}},{"type":"Polygon","arcs":[[2886,-2881,-2886,-2884,-2379,-2385,2887,2888]],"id":3890,"properties":{"WD24CD":"E05012932","WD24NM":"Anna","LAD24CD":"E07000093"}},{"type":"Polygon","arcs":[[2889,-2889,2890,2891,2892,2893,2894,2895]],"id":3891,"properties":{"WD24CD":"E05012933","WD24NM":"Bellinger","LAD24CD":"E07000093"}},{"type":"Polygon","arcs":[[-2433,2896,-2368,-2879,2897,2898,2899]],"id":3892,"properties":{"WD24CD":"E05012934","WD24NM":"Bourne Valley","LAD24CD":"E07000093"}},{"type":"Polygon","arcs":[[-2878,-2882,-2887,-2890,2900,-2898]],"id":3893,"properties":{"WD24CD":"E05012935","WD24NM":"Charlton & the Pentons","LAD24CD":"E07000093"}},{"type":"MultiPolygon","arcs":[[[2901,-2902,2902]],[[2903,2904,2905,2906,2907,2908,2909,2910,2911]],[[2912,-1407,-1418,2913,2914,2915,2916,2917,2918,2919,2920,2921,2922,2923,2924,2925,2926,2927,2928,-2372,-2387,-2390,2929]]],"id":3894,"properties":{"WD24CD":"E05012936","WD24NM":"Chilworth, Nursling & Rownhams","LAD24CD":"E07000093"}},{"type":"Polygon","arcs":[[2930,-2930,-2389,-2874]],"id":3895,"properties":{"WD24CD":"E05012937","WD24NM":"North Baddesley","LAD24CD":"E07000093"}},{"type":"Polygon","arcs":[[-2391,-2388,-2370,-2875]],"id":3896,"properties":{"WD24CD":"E05012938","WD24NM":"Romsey Cupernham","LAD24CD":"E07000093"}},{"type":"Polygon","arcs":[[-1425,-1408,-2913,-2931,-2873]],"id":3897,"properties":{"WD24CD":"E05012939","WD24NM":"Valley Park","LAD24CD":"E07000093"}},{"type":"MultiPolygon","arcs":[[[2931,-2932,2932]],[[2933,-2934,2934]],[[-2734,-2711,2935,2936,2937,2938]]],"id":3898,"properties":{"WD24CD":"E05012953","WD24NM":"Little Stour & Adisham","LAD24CD":"E07000106"}},{"type":"Polygon","arcs":[[-2936,-2710,-2720,-1112,-1113,2939,2940]],"id":3899,"properties":{"WD24CD":"E05012954","WD24NM":"Nailbourne","LAD24CD":"E07000106"}},{"type":"MultiPolygon","arcs":[[[2941,-2736]],[[-222,2942,2943,-1151,-1130,2944]]],"id":3900,"properties":{"WD24CD":"E05012955","WD24NM":"Reculver","LAD24CD":"E07000106"}},{"type":"MultiPolygon","arcs":[[[2945]],[[-2944,2946,2933,2947,2931,2948,2949,-2938,2950,-1159,-1161,-1131,-1138,-1147,-1152]]],"id":3901,"properties":{"WD24CD":"E05012956","WD24NM":"Sturry","LAD24CD":"E07000106"}},{"type":"Polygon","arcs":[[-1227,-1258,2951,-1233,-1235]],"id":3913,"properties":{"WD24CD":"E05012968","WD24NM":"Bicester South and Ambrosden","LAD24CD":"E07000177"}},{"type":"Polygon","arcs":[[2952,-1259,-1234,-2952,-1257,-292,-1246,2953,2954]],"id":3914,"properties":{"WD24CD":"E05012969","WD24NM":"Fringford and Heyfords","LAD24CD":"E07000177"}},{"type":"Polygon","arcs":[[2955,-921,-928,2956,2957,2958]],"id":3915,"properties":{"WD24CD":"E05012970","WD24NM":"Abingdon Dunmore","LAD24CD":"E07000180"}},{"type":"Polygon","arcs":[[-2084,-917,-2956,2959]],"id":3916,"properties":{"WD24CD":"E05012971","WD24NM":"Abingdon Peachcroft","LAD24CD":"E07000180"}},{"type":"Polygon","arcs":[[-2101,-940,2960,-232,-246]],"id":3917,"properties":{"WD24CD":"E05012973","WD24NM":"Faringdon","LAD24CD":"E07000180"}},{"type":"Polygon","arcs":[[2961,2962,-930,-944]],"id":3918,"properties":{"WD24CD":"E05012974","WD24NM":"Grove North","LAD24CD":"E07000180"}},{"type":"Polygon","arcs":[[-2089,-2455,-2428,2963,2964,-2962,-943,-2096]],"id":3919,"properties":{"WD24CD":"E05012975","WD24NM":"Hendreds","LAD24CD":"E07000180"}},{"type":"Polygon","arcs":[[-2103,2965,-2957,-927,-2097,-946,2966,-2099]],"id":3920,"properties":{"WD24CD":"E05012977","WD24NM":"Marcham","LAD24CD":"E07000180"}},{"type":"Polygon","arcs":[[-2965,2967,-931,-2963]],"id":3921,"properties":{"WD24CD":"E05012978","WD24NM":"Wantage & Grove Brook","LAD24CD":"E07000180"}},{"type":"Polygon","arcs":[[-2964,-2427,-932,-2968]],"id":3922,"properties":{"WD24CD":"E05012979","WD24NM":"Wantage Charlton","LAD24CD":"E07000180"}},{"type":"Polygon","arcs":[[-2961,-939,-2438,2968,-2970,-2971,-2972,-2973,-233]],"id":3923,"properties":{"WD24CD":"E05012980","WD24NM":"Watchfield & Shrivenham","LAD24CD":"E07000180"}},{"type":"Polygon","arcs":[[-2937,-2941,2973,-1171,-1168,-1156,-2951]],"id":3924,"properties":{"WD24CD":"E05012990","WD24NM":"Barton","LAD24CD":"E07000106"}},{"type":"Polygon","arcs":[[-1170,-1172,-2974,-2940,-1117,-2212,-2141,-720,-1134]],"id":3925,"properties":{"WD24CD":"E05012991","WD24NM":"Chartham & Stone Street","LAD24CD":"E07000106"}},{"type":"Polygon","arcs":[[-945,-936,-937,-2100,-2967]],"id":3926,"properties":{"WD24CD":"E05012992","WD24NM":"Kingston Bagpuize","LAD24CD":"E07000180"}},{"type":"Polygon","arcs":[[-537,-542,-2495,2974,2975,2976,2977,2978,2979]],"id":4012,"properties":{"WD24CD":"E05013078","WD24NM":"Basing & Upton Grey","LAD24CD":"E07000084"}},{"type":"Polygon","arcs":[[2980,-534,-538,-2980,2981,2982,2983,-2393,-2404,-2413]],"id":4013,"properties":{"WD24CD":"E05013079","WD24NM":"Bramley","LAD24CD":"E07000084"}},{"type":"Polygon","arcs":[[-2976,2984,2985,2986,2987,2988]],"id":4014,"properties":{"WD24CD":"E05013080","WD24NM":"Brighton Hill","LAD24CD":"E07000084"}},{"type":"Polygon","arcs":[[2989,2990,2991]],"id":4015,"properties":{"WD24CD":"E05013081","WD24NM":"Brookvale & Kings Furlong","LAD24CD":"E07000084"}},{"type":"Polygon","arcs":[[-2979,2992,2993,2994,-2982]],"id":4016,"properties":{"WD24CD":"E05013082","WD24NM":"Chineham","LAD24CD":"E07000084"}},{"type":"Polygon","arcs":[[-2989,2995,-2992,2996,-2977]],"id":4017,"properties":{"WD24CD":"E05013083","WD24NM":"Eastrop & Grove","LAD24CD":"E07000084"}},{"type":"Polygon","arcs":[[2997,2998,-2381,-2364,-2365,-2897,-2432,-2451,-2449]],"id":4018,"properties":{"WD24CD":"E05013084","WD24NM":"Evingar","LAD24CD":"E07000084"}},{"type":"Polygon","arcs":[[2999,3000,-2986]],"id":4019,"properties":{"WD24CD":"E05013085","WD24NM":"Hatch Warren & Beggarwood","LAD24CD":"E07000084"}},{"type":"Polygon","arcs":[[3001,-2987,-3001,3002,3003]],"id":4020,"properties":{"WD24CD":"E05013086","WD24NM":"Kempshott & Buckskin","LAD24CD":"E07000084"}},{"type":"Polygon","arcs":[[-2978,-2997,-2991,3004,3005,3006,-2993]],"id":4021,"properties":{"WD24CD":"E05013087","WD24NM":"Norden","LAD24CD":"E07000084"}},{"type":"Polygon","arcs":[[3007,-3003,-3000,-2985,-2975,-2494,-1267,-1330,3008,3009]],"id":4022,"properties":{"WD24CD":"E05013088","WD24NM":"Oakley & The Candovers","LAD24CD":"E07000084"}},{"type":"Polygon","arcs":[[-2994,-3007,3010]],"id":4023,"properties":{"WD24CD":"E05013089","WD24NM":"Popley","LAD24CD":"E07000084"}},{"type":"Polygon","arcs":[[-2995,-3011,-3006,3011,3012,3013,-2983]],"id":4024,"properties":{"WD24CD":"E05013090","WD24NM":"Sherborne St John & Rooksdown","LAD24CD":"E07000084"}},{"type":"Polygon","arcs":[[-2996,-2988,-3002,3014,-2990]],"id":4025,"properties":{"WD24CD":"E05013091","WD24NM":"South Ham","LAD24CD":"E07000084"}},{"type":"Polygon","arcs":[[-2984,-3014,3015,-2394]],"id":4026,"properties":{"WD24CD":"E05013092","WD24NM":"Tadley & Pamber","LAD24CD":"E07000084"}},{"type":"Polygon","arcs":[[-2395,-3016,-3013,3016,-3010,3017,-2998,-2448,-2459]],"id":4027,"properties":{"WD24CD":"E05013093","WD24NM":"Tadley North, Kingsclere & Baughurst","LAD24CD":"E07000084"}},{"type":"Polygon","arcs":[[-3009,-1333,-2377,-2999,-3018]],"id":4028,"properties":{"WD24CD":"E05013094","WD24NM":"Whitchurch, Overton & Laverstoke","LAD24CD":"E07000084"}},{"type":"Polygon","arcs":[[-3005,-3015,-3004,-3008,-3017,-3012]],"id":4029,"properties":{"WD24CD":"E05013095","WD24NM":"Winklebury & Manydown","LAD24CD":"E07000084"}},{"type":"Polygon","arcs":[[3018,3019,3020,3021,-2066]],"id":4030,"properties":{"WD24CD":"E05013096","WD24NM":"Barton & Sandhills","LAD24CD":"E07000178"}},{"type":"Polygon","arcs":[[-903,3022,3023,3024,3025]],"id":4031,"properties":{"WD24CD":"E05013097","WD24NM":"Blackbird Leys","LAD24CD":"E07000178"}},{"type":"Polygon","arcs":[[3026,3027,3028]],"id":4032,"properties":{"WD24CD":"E05013098","WD24NM":"Carfax & Jericho","LAD24CD":"E07000178"}},{"type":"Polygon","arcs":[[3029,-2064,-905,3030,3031,3032,3033,3034]],"id":4033,"properties":{"WD24CD":"E05013099","WD24NM":"Churchill","LAD24CD":"E07000178"}},{"type":"Polygon","arcs":[[-3024,3035,3036,3037,3038,3039]],"id":4034,"properties":{"WD24CD":"E05013100","WD24NM":"Cowley","LAD24CD":"E07000178"}},{"type":"Polygon","arcs":[[3040,3041,3042]],"id":4035,"properties":{"WD24CD":"E05013101","WD24NM":"Cutteslowe & Sunnymead","LAD24CD":"E07000178"}},{"type":"Polygon","arcs":[[3043,-3039,3044,3045,3046,3047]],"id":4036,"properties":{"WD24CD":"E05013102","WD24NM":"Donnington","LAD24CD":"E07000178"}},{"type":"Polygon","arcs":[[3048,-3035,3049,-3020]],"id":4037,"properties":{"WD24CD":"E05013103","WD24NM":"Headington","LAD24CD":"E07000178"}},{"type":"Polygon","arcs":[[-3050,-3034,3050,3051,-3021]],"id":4038,"properties":{"WD24CD":"E05013104","WD24NM":"Headington Hill & Northway","LAD24CD":"E07000178"}},{"type":"Polygon","arcs":[[3052,3053,-3046,3054,3055,3056,3057]],"id":4039,"properties":{"WD24CD":"E05013105","WD24NM":"Hinksey Park","LAD24CD":"E07000178"}},{"type":"Polygon","arcs":[[3058,3059,-3053,3060,-3027,3061,3062]],"id":4040,"properties":{"WD24CD":"E05013106","WD24NM":"Holywell","LAD24CD":"E07000178"}},{"type":"Polygon","arcs":[[3063,-2081,3064,-3037]],"id":4041,"properties":{"WD24CD":"E05013107","WD24NM":"Littlemore","LAD24CD":"E07000178"}},{"type":"Polygon","arcs":[[-904,-3026,3065,-3031]],"id":4042,"properties":{"WD24CD":"E05013108","WD24NM":"Lye Valley","LAD24CD":"E07000178"}},{"type":"Polygon","arcs":[[-3022,-3052,3066,-3063,3067,3068,-3041,3069,-2067]],"id":4043,"properties":{"WD24CD":"E05013109","WD24NM":"Marston","LAD24CD":"E07000178"}},{"type":"Polygon","arcs":[[-902,-2082,-3064,-3036,-3023]],"id":4044,"properties":{"WD24CD":"E05013110","WD24NM":"Northfield Brook","LAD24CD":"E07000178"}},{"type":"Polygon","arcs":[[3070,3071,-3028,-3061,-3058,3072,3073]],"id":4045,"properties":{"WD24CD":"E05013111","WD24NM":"Osney & St Thomas","LAD24CD":"E07000178"}},{"type":"Polygon","arcs":[[-2065,-3030,-3049,-3019]],"id":4046,"properties":{"WD24CD":"E05013112","WD24NM":"Quarry & Risinghurst","LAD24CD":"E07000178"}},{"type":"Polygon","arcs":[[-3065,-2086,-3055,-3045,-3038]],"id":4047,"properties":{"WD24CD":"E05013113","WD24NM":"Rose Hill & Iffley","LAD24CD":"E07000178"}},{"type":"Polygon","arcs":[[-3033,3074,-3048,3075,-3059,-3067,-3051]],"id":4048,"properties":{"WD24CD":"E05013114","WD24NM":"St Clement's","LAD24CD":"E07000178"}},{"type":"Polygon","arcs":[[-3047,-3054,-3060,-3076]],"id":4049,"properties":{"WD24CD":"E05013115","WD24NM":"St Mary's","LAD24CD":"E07000178"}},{"type":"Polygon","arcs":[[3076,-3071,3077,-3042,-3069]],"id":4050,"properties":{"WD24CD":"E05013116","WD24NM":"Summertown","LAD24CD":"E07000178"}},{"type":"Polygon","arcs":[[-3066,-3025,-3040,-3044,-3075,-3032]],"id":4051,"properties":{"WD24CD":"E05013117","WD24NM":"Temple Cowley","LAD24CD":"E07000178"}},{"type":"Polygon","arcs":[[-3062,-3029,-3072,-3077,-3068]],"id":4052,"properties":{"WD24CD":"E05013118","WD24NM":"Walton Manor","LAD24CD":"E07000178"}},{"type":"Polygon","arcs":[[-2068,-3070,-3043,-3078,-3074,3078,-1250]],"id":4053,"properties":{"WD24CD":"E05013119","WD24NM":"Wolvercote","LAD24CD":"E07000178"}},{"type":"Polygon","arcs":[[3079,3080,3081,3082,3083]],"id":4054,"properties":{"WD24CD":"E05013120","WD24NM":"Abbey","LAD24CD":"E06000060"}},{"type":"Polygon","arcs":[[3084,3085,3086,3087]],"id":4055,"properties":{"WD24CD":"E05013121","WD24NM":"Amersham and Chesham Bois","LAD24CD":"E06000060"}},{"type":"Polygon","arcs":[[-3089,-3090,3090,3091,3092,3093,3094,3095]],"id":4056,"properties":{"WD24CD":"E05013122","WD24NM":"Aston Clinton and Bierton","LAD24CD":"E06000060"}},{"type":"Polygon","arcs":[[-3094,3096,3097]],"id":4057,"properties":{"WD24CD":"E05013123","WD24NM":"Aylesbury East","LAD24CD":"E06000060"}},{"type":"Polygon","arcs":[[-3095,-3098,3098,3099,3100,3101]],"id":4058,"properties":{"WD24CD":"E05013124","WD24NM":"Aylesbury North","LAD24CD":"E06000060"}},{"type":"Polygon","arcs":[[3102,-3101,3103,3104]],"id":4059,"properties":{"WD24CD":"E05013125","WD24NM":"Aylesbury North West","LAD24CD":"E06000060"}},{"type":"Polygon","arcs":[[-3093,3105,3106,-3099,-3097]],"id":4060,"properties":{"WD24CD":"E05013126","WD24NM":"Aylesbury South East","LAD24CD":"E06000060"}},{"type":"Polygon","arcs":[[-3107,3107,3108,3109,-3100]],"id":4061,"properties":{"WD24CD":"E05013127","WD24NM":"Aylesbury South West","LAD24CD":"E06000060"}},{"type":"Polygon","arcs":[[-3110,3110,-3104]],"id":4062,"properties":{"WD24CD":"E05013128","WD24NM":"Aylesbury West","LAD24CD":"E06000060"}},{"type":"Polygon","arcs":[[3111,3112,3113,3114,3115]],"id":4063,"properties":{"WD24CD":"E05013129","WD24NM":"Beaconsfield","LAD24CD":"E06000060"}},{"type":"Polygon","arcs":[[3116,-894,-912,-2072,-2061,3117,3118]],"id":4064,"properties":{"WD24CD":"E05013130","WD24NM":"Bernwood","LAD24CD":"E06000060"}},{"type":"Polygon","arcs":[[-3083,3119,3120,3121]],"id":4065,"properties":{"WD24CD":"E05013131","WD24NM":"Booker, Cressex and Castlefield","LAD24CD":"E06000060"}},{"type":"Polygon","arcs":[[3122,3123,3124,3125]],"id":4066,"properties":{"WD24CD":"E05013132","WD24NM":"Buckingham East","LAD24CD":"E06000060"}},{"type":"Polygon","arcs":[[-3124,3126,3127,-2955,3128,3129,3130]],"id":4067,"properties":{"WD24CD":"E05013133","WD24NM":"Buckingham West","LAD24CD":"E06000060"}},{"type":"Polygon","arcs":[[3131,3132,-3116,3133,3134,3135]],"id":4068,"properties":{"WD24CD":"E05013134","WD24NM":"Chalfont St Giles","LAD24CD":"E06000060"}},{"type":"Polygon","arcs":[[3136,3137,-3132,3138,-3140]],"id":4069,"properties":{"WD24CD":"E05013135","WD24NM":"Chalfont St Peter","LAD24CD":"E06000060"}},{"type":"Polygon","arcs":[[-3141,-3142,3142,3143,-3145,-3146]],"id":4070,"properties":{"WD24CD":"E05013136","WD24NM":"Chesham","LAD24CD":"E06000060"}},{"type":"Polygon","arcs":[[-3147,-3148,-3149,-3139,-3136,3149,-3088,3150,-3143]],"id":4071,"properties":{"WD24CD":"E05013137","WD24NM":"Chess Valley","LAD24CD":"E06000060"}},{"type":"Polygon","arcs":[[-3152,-3153,-3144,-3151,-3087,3153,3154,3155,-3091,-3157]],"id":4072,"properties":{"WD24CD":"E05013138","WD24NM":"Chiltern Ridges","LAD24CD":"E06000060"}},{"type":"Polygon","arcs":[[3157,-3120,3158,3159,-2635,-2682,3160,3161,3162,-914,3163]],"id":4073,"properties":{"WD24CD":"E05013139","WD24NM":"Chiltern Villages","LAD24CD":"E06000060"}},{"type":"Polygon","arcs":[[3164,3165,3166,3167,3168,-2673,-2654,-2656,-2642,-2688,-2691,-2689,-2630,3169,-3113,3170]],"id":4074,"properties":{"WD24CD":"E05013140","WD24NM":"Cliveden","LAD24CD":"E06000060"}},{"type":"Polygon","arcs":[[3171,3172,3173,3174,3175,3176,-3137,-3178]],"id":4075,"properties":{"WD24CD":"E05013141","WD24NM":"Denham","LAD24CD":"E06000060"}},{"type":"Polygon","arcs":[[3178,-3084,-3122,3179,3180,3181]],"id":4076,"properties":{"WD24CD":"E05013142","WD24NM":"Downley","LAD24CD":"E06000060"}},{"type":"Polygon","arcs":[[3182,3183,3184,-3165,3185]],"id":4077,"properties":{"WD24CD":"E05013143","WD24NM":"Farnham Common and Burnham Beeches","LAD24CD":"E06000060"}},{"type":"Polygon","arcs":[[3186,3187,3188,-2637,3189,-3159,-3082]],"id":4078,"properties":{"WD24CD":"E05013144","WD24NM":"Flackwell Heath, Little Marlow and Marlow South East","LAD24CD":"E06000060"}},{"type":"Polygon","arcs":[[-3133,-3138,-3177,3190,-3186,-3171,-3112]],"id":4079,"properties":{"WD24CD":"E05013145","WD24NM":"Gerrards Cross","LAD24CD":"E06000060"}},{"type":"Polygon","arcs":[[-585,3191,3192,3193,3194,3195,3196,3197,3198,-611,-555,-552]],"id":4080,"properties":{"WD24CD":"E05013146","WD24NM":"Great Brickhill","LAD24CD":"E06000060"}},{"type":"Polygon","arcs":[[3199,3200,3201,-3155]],"id":4081,"properties":{"WD24CD":"E05013147","WD24NM":"Great Missenden","LAD24CD":"E06000060"}},{"type":"Polygon","arcs":[[-3198,3202,-3118,-2060,-1255,-2953,-3128,3203]],"id":4082,"properties":{"WD24CD":"E05013148","WD24NM":"Grendon Underwood","LAD24CD":"E06000060"}},{"type":"Polygon","arcs":[[3204,3205,3206,3207]],"id":4083,"properties":{"WD24CD":"E05013149","WD24NM":"Hazlemere","LAD24CD":"E06000060"}},{"type":"Polygon","arcs":[[3208,3209,3210,3211,3212,3213,3214,3215,-3175]],"id":4084,"properties":{"WD24CD":"E05013150","WD24NM":"Iver","LAD24CD":"E06000060"}},{"type":"Polygon","arcs":[[3216,3217,-3219,-3220,-3221,-3222,3222,3223,3224]],"id":4085,"properties":{"WD24CD":"E05013151","WD24NM":"Ivinghoe","LAD24CD":"E06000060"}},{"type":"Polygon","arcs":[[-3135,3225,-3085,-3150]],"id":4086,"properties":{"WD24CD":"E05013152","WD24NM":"Little Chalfont and Amersham Common","LAD24CD":"E06000060"}},{"type":"Polygon","arcs":[[-2636,-3160,-3190]],"id":4087,"properties":{"WD24CD":"E05013153","WD24NM":"Marlow","LAD24CD":"E06000060"}},{"type":"Polygon","arcs":[[-3226,-3134,-3115,3226,3227,-3208,3228,-3200,-3154,-3086]],"id":4088,"properties":{"WD24CD":"E05013154","WD24NM":"Penn Wood and Old Amersham","LAD24CD":"E06000060"}},{"type":"Polygon","arcs":[[-3201,-3229,-3207,3229,-3182,3230,3231,3232,3233]],"id":4089,"properties":{"WD24CD":"E05013155","WD24NM":"Ridgeway East","LAD24CD":"E06000060"}},{"type":"Polygon","arcs":[[-3231,-3181,3234,-3164,-913,-2069,-891,3235]],"id":4090,"properties":{"WD24CD":"E05013156","WD24NM":"Ridgeway West","LAD24CD":"E06000060"}},{"type":"Polygon","arcs":[[-3187,-3081,3236,3237,3238]],"id":4091,"properties":{"WD24CD":"E05013157","WD24NM":"Ryemead and Micklefield","LAD24CD":"E06000060"}},{"type":"Polygon","arcs":[[-3176,-3216,3239,3240,3241,3242,3243,3244,3245,3246,-3183,-3191]],"id":4092,"properties":{"WD24CD":"E05013158","WD24NM":"Stoke Poges and Wexham","LAD24CD":"E06000060"}},{"type":"Polygon","arcs":[[3247,-3105,-3111,-3109,3248,-3233,3249,-3119,-3203,-3197]],"id":4093,"properties":{"WD24CD":"E05013159","WD24NM":"Stone and Waddesdon","LAD24CD":"E06000060"}},{"type":"Polygon","arcs":[[3250,3251,-3237,-3080,-3179,-3230,-3206]],"id":4094,"properties":{"WD24CD":"E05013160","WD24NM":"Terriers and Amersham Hill","LAD24CD":"E06000060"}},{"type":"Polygon","arcs":[[-3236,-890,-3117,-3250,-3232]],"id":4095,"properties":{"WD24CD":"E05013161","WD24NM":"The Risboroughs","LAD24CD":"E06000060"}},{"type":"Polygon","arcs":[[-3114,-3170,-2629,-3189,3252,-3227]],"id":4096,"properties":{"WD24CD":"E05013162","WD24NM":"The Wooburns, Bourne End and Hedsor","LAD24CD":"E06000060"}},{"type":"Polygon","arcs":[[3253,-3238,-3252]],"id":4097,"properties":{"WD24CD":"E05013163","WD24NM":"Totteridge and Bowerdean","LAD24CD":"E06000060"}},{"type":"Polygon","arcs":[[-3253,-3188,-3239,-3254,-3251,-3205,-3228]],"id":4098,"properties":{"WD24CD":"E05013164","WD24NM":"Tylers Green and Loudwater","LAD24CD":"E06000060"}},{"type":"Polygon","arcs":[[-3156,-3202,-3234,-3249,-3108,-3106,-3092]],"id":4099,"properties":{"WD24CD":"E05013165","WD24NM":"Wendover, Halton and Stoke Mandeville","LAD24CD":"E06000060"}},{"type":"Polygon","arcs":[[-3180,-3121,-3158,-3235]],"id":4100,"properties":{"WD24CD":"E05013166","WD24NM":"West Wycombe","LAD24CD":"E06000060"}},{"type":"Polygon","arcs":[[3254,-3223,-3256,-3096,-3102,-3103,-3248,-3196]],"id":4101,"properties":{"WD24CD":"E05013167","WD24NM":"Wing","LAD24CD":"E06000060"}},{"type":"Polygon","arcs":[[-591,-612,-3199,-3204,-3127,-3123,3256,-608]],"id":4102,"properties":{"WD24CD":"E05013168","WD24NM":"Winslow","LAD24CD":"E06000060"}},{"type":"Polygon","arcs":[[3257,3258,3259]],"id":4262,"properties":{"WD24CD":"E05013359","WD24NM":"Bembridge","LAD24CD":"E06000046"}},{"type":"Polygon","arcs":[[3260,3261,3262,3263,3264,3265]],"id":4263,"properties":{"WD24CD":"E05013360","WD24NM":"Binstead & Fishbourne","LAD24CD":"E06000046"}},{"type":"Polygon","arcs":[[3266,3267,-3259,3268,3269,3270,3271,3272]],"id":4264,"properties":{"WD24CD":"E05013361","WD24NM":"Brading & St Helens","LAD24CD":"E06000046"}},{"type":"MultiPolygon","arcs":[[[3273,3273,3273]],[[3274,3275,3276,3277,3278,3279,3280,3281,3282]]],"id":4265,"properties":{"WD24CD":"E05013362","WD24NM":"Brighstone, Calbourne & Shalfleet","LAD24CD":"E06000046"}},{"type":"Polygon","arcs":[[3283,3284,3285,3286,3287,-3276,3288]],"id":4266,"properties":{"WD24CD":"E05013363","WD24NM":"Carisbrooke & Gunville","LAD24CD":"E06000046"}},{"type":"Polygon","arcs":[[3289,3290,3291,3292,-3287,3293,3294,3295]],"id":4267,"properties":{"WD24CD":"E05013364","WD24NM":"Central Rural","LAD24CD":"E06000046"}},{"type":"Polygon","arcs":[[-3293,3296,3297,-3277,-3288]],"id":4268,"properties":{"WD24CD":"E05013365","WD24NM":"Chale, Niton & Shorwell","LAD24CD":"E06000046"}},{"type":"Polygon","arcs":[[3298,3299,3300]],"id":4269,"properties":{"WD24CD":"E05013366","WD24NM":"Cowes Medina","LAD24CD":"E06000046"}},{"type":"Polygon","arcs":[[-3300,3301,3302,3303]],"id":4270,"properties":{"WD24CD":"E05013367","WD24NM":"Cowes North","LAD24CD":"E06000046"}},{"type":"Polygon","arcs":[[-3299,3304,3305,-3283,3306,-3302]],"id":4271,"properties":{"WD24CD":"E05013368","WD24NM":"Cowes South & Northwood","LAD24CD":"E06000046"}},{"type":"Polygon","arcs":[[-3303,-3307,-3282,3307]],"id":4272,"properties":{"WD24CD":"E05013369","WD24NM":"Cowes West & Gurnard","LAD24CD":"E06000046"}},{"type":"Polygon","arcs":[[3308,3309]],"id":4273,"properties":{"WD24CD":"E05013370","WD24NM":"East Cowes","LAD24CD":"E06000046"}},{"type":"MultiPolygon","arcs":[[[3310,-3311,3311]],[[3312,3313,3314,3315,3316,-3296,3317,3318,3319,3320,3321,3322,3323,3324]]],"id":4274,"properties":{"WD24CD":"E05013371","WD24NM":"Fairlee & Whippingham","LAD24CD":"E06000046"}},{"type":"MultiPolygon","arcs":[[[3325,3326]],[[3327,3328,3329]],[[3330,-3280,3331,3332,3333,3334]]],"id":4275,"properties":{"WD24CD":"E05013372","WD24NM":"Freshwater North & Yarmouth","LAD24CD":"E06000046"}},{"type":"MultiPolygon","arcs":[[[3333,-3334,3335]],[[-3279,3336,3337,-3328,3338,-3326,3339,-3332]]],"id":4276,"properties":{"WD24CD":"E05013373","WD24NM":"Freshwater South","LAD24CD":"E06000046"}},{"type":"Polygon","arcs":[[3340,-3272,3341,-3263,3342,3343]],"id":4277,"properties":{"WD24CD":"E05013374","WD24NM":"Haylands & Swanmore","LAD24CD":"E06000046"}},{"type":"Polygon","arcs":[[3344,3345,3346,3347]],"id":4278,"properties":{"WD24CD":"E05013375","WD24NM":"Lake North","LAD24CD":"E06000046"}},{"type":"Polygon","arcs":[[3348,3349,3350,-3346]],"id":4279,"properties":{"WD24CD":"E05013376","WD24NM":"Lake South","LAD24CD":"E06000046"}},{"type":"Polygon","arcs":[[3351,-3294,-3286,3352]],"id":4280,"properties":{"WD24CD":"E05013377","WD24NM":"Mountjoy & Shide","LAD24CD":"E06000046"}},{"type":"MultiPolygon","arcs":[[[3353,-3267,3354,3355]],[[3356]]],"id":4281,"properties":{"WD24CD":"E05013378","WD24NM":"Nettlestone & Seaview","LAD24CD":"E06000046"}},{"type":"Polygon","arcs":[[-3342,-3271,3357,-3347,-3351,3358,3359,3360,-3290,-3317,3361,-3264]],"id":4282,"properties":{"WD24CD":"E05013379","WD24NM":"Newchurch, Havenstreet & Ashey","LAD24CD":"E06000046"}},{"type":"MultiPolygon","arcs":[[[3362,3363,-3319]],[[-3321,3320,3364]],[[-3323,3322,3365]],[[3366,-3311,3367,3368,-3353,-3285,3369,3370]]],"id":4283,"properties":{"WD24CD":"E05013380","WD24NM":"Newport Central","LAD24CD":"E06000046"}},{"type":"Polygon","arcs":[[-3370,-3284,3371]],"id":4284,"properties":{"WD24CD":"E05013381","WD24NM":"Newport West","LAD24CD":"E06000046"}},{"type":"Polygon","arcs":[[3372,-3325,3373,-3309]],"id":4285,"properties":{"WD24CD":"E05013382","WD24NM":"Osborne","LAD24CD":"E06000046"}},{"type":"Polygon","arcs":[[-3295,-3352,-3369,3374,-3363,-3318]],"id":4286,"properties":{"WD24CD":"E05013383","WD24NM":"Pan & Barton","LAD24CD":"E06000046"}},{"type":"Polygon","arcs":[[3375,-3371,-3372,-3289,-3275,-3306]],"id":4287,"properties":{"WD24CD":"E05013384","WD24NM":"Parkhurst & Hunnyhill","LAD24CD":"E06000046"}},{"type":"Polygon","arcs":[[-3356,3376,3377,3378]],"id":4288,"properties":{"WD24CD":"E05013385","WD24NM":"Ryde Appley & Elmfield","LAD24CD":"E06000046"}},{"type":"Polygon","arcs":[[-3378,3379,-3344,3380,3381,3382]],"id":4289,"properties":{"WD24CD":"E05013386","WD24NM":"Ryde Monktonmead","LAD24CD":"E06000046"}},{"type":"Polygon","arcs":[[-3382,3383,-3261,3384]],"id":4290,"properties":{"WD24CD":"E05013387","WD24NM":"Ryde North West","LAD24CD":"E06000046"}},{"type":"Polygon","arcs":[[-3355,-3273,-3341,-3380,-3377]],"id":4291,"properties":{"WD24CD":"E05013388","WD24NM":"Ryde South East","LAD24CD":"E06000046"}},{"type":"Polygon","arcs":[[-3384,-3381,-3343,-3262]],"id":4292,"properties":{"WD24CD":"E05013389","WD24NM":"Ryde West","LAD24CD":"E06000046"}},{"type":"Polygon","arcs":[[3385,3386,-3269,-3258]],"id":4293,"properties":{"WD24CD":"E05013390","WD24NM":"Sandown North","LAD24CD":"E06000046"}},{"type":"Polygon","arcs":[[-3387,3387,-3348,-3358,-3270]],"id":4294,"properties":{"WD24CD":"E05013391","WD24NM":"Sandown South","LAD24CD":"E06000046"}},{"type":"Polygon","arcs":[[3388,3389,-3359,-3350]],"id":4295,"properties":{"WD24CD":"E05013392","WD24NM":"Shanklin Central","LAD24CD":"E06000046"}},{"type":"Polygon","arcs":[[3390,3391,-3360,-3390]],"id":4296,"properties":{"WD24CD":"E05013393","WD24NM":"Shanklin South","LAD24CD":"E06000046"}},{"type":"MultiPolygon","arcs":[[[3392]],[[3393]],[[-3329,-3338,3394]]],"id":4297,"properties":{"WD24CD":"E05013394","WD24NM":"Totland & Colwell","LAD24CD":"E06000046"}},{"type":"Polygon","arcs":[[3395,-3297,-3292,3396]],"id":4298,"properties":{"WD24CD":"E05013395","WD24NM":"Ventnor & St Lawrence","LAD24CD":"E06000046"}},{"type":"MultiPolygon","arcs":[[[3313,-3314,3397]],[[-3265,-3362,-3316,3398]]],"id":4299,"properties":{"WD24CD":"E05013396","WD24NM":"Wootton Bridge","LAD24CD":"E06000046"}},{"type":"Polygon","arcs":[[-3392,3399,-3397,-3291,-3361]],"id":4300,"properties":{"WD24CD":"E05013397","WD24NM":"Wroxall, Lowtherville & Bonchurch","LAD24CD":"E06000046"}},{"type":"Polygon","arcs":[[3400,3401,3402,3403,3404]],"id":4763,"properties":{"WD24CD":"E05013864","WD24NM":"Abbey","LAD24CD":"E06000038"}},{"type":"Polygon","arcs":[[3405,-3404,3406,3407,3408,3409,3410]],"id":4764,"properties":{"WD24CD":"E05013865","WD24NM":"Battle","LAD24CD":"E06000038"}},{"type":"Polygon","arcs":[[-2699,3411,3412,3413]],"id":4765,"properties":{"WD24CD":"E05013866","WD24NM":"Caversham","LAD24CD":"E06000038"}},{"type":"Polygon","arcs":[[3414,-3413,3415,-3411,3416,-2075]],"id":4766,"properties":{"WD24CD":"E05013867","WD24NM":"Caversham Heights","LAD24CD":"E06000038"}},{"type":"Polygon","arcs":[[3417,3418,3419,3420,3421]],"id":4767,"properties":{"WD24CD":"E05013868","WD24NM":"Church","LAD24CD":"E06000038"}},{"type":"Polygon","arcs":[[3422,3423,3424,-3407,-3403]],"id":4768,"properties":{"WD24CD":"E05013869","WD24NM":"Coley","LAD24CD":"E06000038"}},{"type":"Polygon","arcs":[[-3414,-3415,-2074,-2700]],"id":4769,"properties":{"WD24CD":"E05013870","WD24NM":"Emmer Green","LAD24CD":"E06000038"}},{"type":"Polygon","arcs":[[3425,-3421,3426,-3423,-3402]],"id":4770,"properties":{"WD24CD":"E05013871","WD24NM":"Katesgrove","LAD24CD":"E06000038"}},{"type":"Polygon","arcs":[[-3417,-3410,3427,3428,-2465,-2076]],"id":4771,"properties":{"WD24CD":"E05013872","WD24NM":"Kentwood","LAD24CD":"E06000038"}},{"type":"Polygon","arcs":[[3429,3430,-3428,-3409]],"id":4772,"properties":{"WD24CD":"E05013873","WD24NM":"Norcot","LAD24CD":"E06000038"}},{"type":"Polygon","arcs":[[3431,3432,3433,3434]],"id":4773,"properties":{"WD24CD":"E05013874","WD24NM":"Park","LAD24CD":"E06000038"}},{"type":"Polygon","arcs":[[-3433,3435,-3422,-3426,-3401,3436]],"id":4774,"properties":{"WD24CD":"E05013875","WD24NM":"Redlands","LAD24CD":"E06000038"}},{"type":"Polygon","arcs":[[-3425,3437,-2416,-2470,3438,-3430,-3408]],"id":4775,"properties":{"WD24CD":"E05013876","WD24NM":"Southcote","LAD24CD":"E06000038"}},{"type":"Polygon","arcs":[[-3412,-2698,3439,-3434,-3437,-3405,-3406,-3416]],"id":4776,"properties":{"WD24CD":"E05013877","WD24NM":"Thames","LAD24CD":"E06000038"}},{"type":"Polygon","arcs":[[-3431,-3439,-2471,-2468,-2466,-3429]],"id":4777,"properties":{"WD24CD":"E05013878","WD24NM":"Tilehurst","LAD24CD":"E06000038"}},{"type":"Polygon","arcs":[[-3420,3440,3441,-2411,-3438,-3424,-3427]],"id":4778,"properties":{"WD24CD":"E05013879","WD24NM":"Whitley","LAD24CD":"E06000038"}},{"type":"Polygon","arcs":[[3442,3443,3444,3445,3446,3447,3448]],"id":5035,"properties":{"WD24CD":"E05014138","WD24NM":"Alverstoke","LAD24CD":"E07000088"}},{"type":"Polygon","arcs":[[3449,3450,-3444,3451]],"id":5036,"properties":{"WD24CD":"E05014139","WD24NM":"Anglesey","LAD24CD":"E07000088"}},{"type":"MultiPolygon","arcs":[[[3452,-3453,3453]],[[3454,3455,3456,3457,3458,3459,3460,3461,3462,3463,3464]]],"id":5037,"properties":{"WD24CD":"E05014140","WD24NM":"Bridgemary","LAD24CD":"E07000088"}},{"type":"Polygon","arcs":[[3465,3466,-3449,3467,3468,3469]],"id":5038,"properties":{"WD24CD":"E05014141","WD24NM":"Brockhurst & Privett","LAD24CD":"E07000088"}},{"type":"Polygon","arcs":[[3470,3471,-3470,3472,-3455,3473,3452,3474]],"id":5039,"properties":{"WD24CD":"E05014142","WD24NM":"Elson","LAD24CD":"E07000088"}},{"type":"MultiPolygon","arcs":[[[3475,-3476,3476]],[[3477,-3478]],[[3478,3479]],[[3480,3481,3482,3483,-3466,-3472]]],"id":5040,"properties":{"WD24CD":"E05014143","WD24NM":"Forton","LAD24CD":"E07000088"}},{"type":"Polygon","arcs":[[-3468,-3448,3484,3485]],"id":5041,"properties":{"WD24CD":"E05014144","WD24NM":"Grange & Alver Valley","LAD24CD":"E07000088"}},{"type":"Polygon","arcs":[[-3450,3486,-3483,3487]],"id":5042,"properties":{"WD24CD":"E05014145","WD24NM":"Harbourside & Town","LAD24CD":"E07000088"}},{"type":"Polygon","arcs":[[-3479,3488,-3476,3489,3477,3490,-3481,-3471,3491]],"id":5043,"properties":{"WD24CD":"E05014146","WD24NM":"Hardway","LAD24CD":"E07000088"}},{"type":"Polygon","arcs":[[-3485,-3447,3492,3493,3494]],"id":5044,"properties":{"WD24CD":"E05014147","WD24NM":"Lee East","LAD24CD":"E07000088"}},{"type":"Polygon","arcs":[[-3493,-3446,3495,3496,3497]],"id":5045,"properties":{"WD24CD":"E05014148","WD24NM":"Lee West","LAD24CD":"E07000088"}},{"type":"Polygon","arcs":[[-3487,-3452,-3443,-3467,-3484]],"id":5046,"properties":{"WD24CD":"E05014149","WD24NM":"Leesland & Newtown","LAD24CD":"E07000088"}},{"type":"Polygon","arcs":[[3498,3499,-3457]],"id":5047,"properties":{"WD24CD":"E05014150","WD24NM":"Peel Common","LAD24CD":"E07000088"}},{"type":"Polygon","arcs":[[-3469,-3486,-3495,3500,-3499,-3456,-3473]],"id":5048,"properties":{"WD24CD":"E05014151","WD24NM":"Rowner & Holbrook","LAD24CD":"E07000088"}},{"type":"MultiPolygon","arcs":[[[3501]],[[3502]],[[3503,-3504,3504]],[[3505]],[[3506]],[[3507]],[[3508]],[[3509]],[[3510]],[[3511]],[[3512]],[[3513]],[[3514]],[[3515]],[[3516]],[[3517]],[[3518]],[[3519]],[[3520]],[[3521]],[[3522]],[[3523]],[[3524]],[[3525]],[[3526]],[[3527]],[[3528]],[[3529]],[[3530]],[[3531]],[[3532]],[[3533]],[[3534]],[[3535]],[[3536]],[[3537]],[[3538]],[[3539]],[[3540]],[[3541]],[[3542,3543,3544]]],"id":5346,"properties":{"WD24CD":"E05014449","WD24NM":"All Saints","LAD24CD":"E06000035"}},{"type":"MultiPolygon","arcs":[[[3545,3545,3545]],[[3546,3547,3548,3549,3550,3551,3552]]],"id":5347,"properties":{"WD24CD":"E05014450","WD24NM":"Chatham Central & Brompton","LAD24CD":"E06000035"}},{"type":"MultiPolygon","arcs":[[[3553,3553,3553]],[[3554,3555,3556,3557,3558,3559]]],"id":5348,"properties":{"WD24CD":"E05014451","WD24NM":"Cuxton, Halling & Riverside","LAD24CD":"E06000035"}},{"type":"Polygon","arcs":[[3560,3561,3562,3563,3564,3565,3566]],"id":5349,"properties":{"WD24CD":"E05014452","WD24NM":"Fort Horsted","LAD24CD":"E06000035"}},{"type":"Polygon","arcs":[[3567,-3551,3568,-3561,3569,3570,3571,3572]],"id":5350,"properties":{"WD24CD":"E05014453","WD24NM":"Fort Pitt","LAD24CD":"E06000035"}},{"type":"Polygon","arcs":[[3573,3574,3575,3576,3577,3578,3579,-3547,3580,3581]],"id":5351,"properties":{"WD24CD":"E05014454","WD24NM":"Gillingham North","LAD24CD":"E06000035"}},{"type":"Polygon","arcs":[[3582,3583,-3548,-3580]],"id":5352,"properties":{"WD24CD":"E05014455","WD24NM":"Gillingham South","LAD24CD":"E06000035"}},{"type":"Polygon","arcs":[[3584,3585,3586,3587,3588,3589]],"id":5353,"properties":{"WD24CD":"E05014456","WD24NM":"Hempstead & Wigmore","LAD24CD":"E06000035"}},{"type":"MultiPolygon","arcs":[[[3590]],[[3591]],[[3592]],[[3593]],[[3594]],[[3595]],[[3596]],[[3597]],[[-3543,3598,3503,3599,3600,3601]]],"id":5354,"properties":{"WD24CD":"E05014457","WD24NM":"Hoo St Werburgh & High Halstow","LAD24CD":"E06000035"}},{"type":"Polygon","arcs":[[-3588,3602,3603,-3563,3604,3605,3606]],"id":5355,"properties":{"WD24CD":"E05014458","WD24NM":"Lordswood & Walderslade","LAD24CD":"E06000035"}},{"type":"Polygon","arcs":[[-3584,3607,-3589,-3607,3608,3609,-3549]],"id":5356,"properties":{"WD24CD":"E05014459","WD24NM":"Luton","LAD24CD":"E06000035"}},{"type":"Polygon","arcs":[[-3606,3610,-3609]],"id":5357,"properties":{"WD24CD":"E05014460","WD24NM":"Princes Park","LAD24CD":"E06000035"}},{"type":"MultiPolygon","arcs":[[[3611]],[[3612]],[[3613]],[[3614]],[[3615]],[[3616]],[[3617]],[[3618]],[[-744,3619,3620,3621,-3578,3622,3623]],[[3624]],[[3625]],[[3626]],[[3627]],[[3628]],[[3629]]],"id":5358,"properties":{"WD24CD":"E05014461","WD24NM":"Rainham North","LAD24CD":"E06000035"}},{"type":"Polygon","arcs":[[-743,3630,-3586,3631,-3620]],"id":5359,"properties":{"WD24CD":"E05014462","WD24NM":"Rainham South East","LAD24CD":"E06000035"}},{"type":"Polygon","arcs":[[-3621,-3632,-3585,3632,3633]],"id":5360,"properties":{"WD24CD":"E05014463","WD24NM":"Rainham South West","LAD24CD":"E06000035"}},{"type":"Polygon","arcs":[[-3570,-3567,3634]],"id":5361,"properties":{"WD24CD":"E05014464","WD24NM":"Rochester East & Warren Wood","LAD24CD":"E06000035"}},{"type":"MultiPolygon","arcs":[[[3571,-3572,3635]],[[-3571,-3635,-3566,3636,3637]]],"id":5362,"properties":{"WD24CD":"E05014465","WD24NM":"Rochester West & Borstal","LAD24CD":"E06000035"}},{"type":"MultiPolygon","arcs":[[[-3576,3575,3638]],[[-3574,3573,3639]],[[-3553,3640,-3581]]],"id":5363,"properties":{"WD24CD":"E05014466","WD24NM":"St Mary's Island","LAD24CD":"E06000035"}},{"type":"Polygon","arcs":[[3641,3642,-3555,3643,3644,3645]],"id":5364,"properties":{"WD24CD":"E05014467","WD24NM":"Strood North & Frindsbury","LAD24CD":"E06000035"}},{"type":"MultiPolygon","arcs":[[[3646]],[[-3601,3647,-3646,3648,3649]]],"id":5365,"properties":{"WD24CD":"E05014468","WD24NM":"Strood Rural","LAD24CD":"E06000035"}},{"type":"Polygon","arcs":[[-3560,3650,3651,-3644]],"id":5366,"properties":{"WD24CD":"E05014469","WD24NM":"Strood West","LAD24CD":"E06000035"}},{"type":"Polygon","arcs":[[-3634,3652,-3622]],"id":5367,"properties":{"WD24CD":"E05014470","WD24NM":"Twydall","LAD24CD":"E06000035"}},{"type":"Polygon","arcs":[[-3653,-3633,-3590,-3608,-3583,-3579]],"id":5368,"properties":{"WD24CD":"E05014471","WD24NM":"Watling","LAD24CD":"E06000035"}},{"type":"Polygon","arcs":[[-3611,-3605,-3562,-3569,-3550,-3610]],"id":5369,"properties":{"WD24CD":"E05014472","WD24NM":"Wayfield & Weeds Wood","LAD24CD":"E06000035"}},{"type":"Polygon","arcs":[[3653,3654,3655,3656,3657,3658,3659,-2845,-2860,3660,3661]],"id":5605,"properties":{"WD24CD":"E05014708","WD24NM":"Ardingly, Balcombe & Turners Hill","LAD24CD":"E07000228"}},{"type":"Polygon","arcs":[[-1843,-1804,-1803,3662,-3654,3663,3664,3665,3666,3667]],"id":5606,"properties":{"WD24CD":"E05014709","WD24NM":"Ashurst Wood & East Grinstead South","LAD24CD":"E07000228"}},{"type":"Polygon","arcs":[[3668,3669,3670,3671,3672]],"id":5607,"properties":{"WD24CD":"E05014710","WD24NM":"Burgess Hill Dunstall","LAD24CD":"E07000228"}},{"type":"Polygon","arcs":[[-1582,3673,3674,3675,3676]],"id":5608,"properties":{"WD24CD":"E05014711","WD24NM":"Burgess Hill Franklands","LAD24CD":"E07000228"}},{"type":"Polygon","arcs":[[3677,-3676,3678,3679,-3669,3680]],"id":5609,"properties":{"WD24CD":"E05014712","WD24NM":"Burgess Hill Leylands","LAD24CD":"E07000228"}},{"type":"Polygon","arcs":[[-3675,3681,3682,-3679]],"id":5610,"properties":{"WD24CD":"E05014713","WD24NM":"Burgess Hill Meeds & Hammonds","LAD24CD":"E07000228"}},{"type":"Polygon","arcs":[[-1682,-1583,-3677,-3678,3683]],"id":5611,"properties":{"WD24CD":"E05014714","WD24NM":"Burgess Hill St Andrews","LAD24CD":"E07000228"}},{"type":"Polygon","arcs":[[-3680,-3683,3684,3685,-3670]],"id":5612,"properties":{"WD24CD":"E05014715","WD24NM":"Burgess Hill Victoria","LAD24CD":"E07000228"}},{"type":"Polygon","arcs":[[3686,3687,-3661,-2859,-2869,-2865,3688]],"id":5613,"properties":{"WD24CD":"E05014716","WD24NM":"Copthorne & Worth","LAD24CD":"E07000228"}},{"type":"Polygon","arcs":[[3689,-3664,-3662,-3688,3690]],"id":5614,"properties":{"WD24CD":"E05014717","WD24NM":"Crawley Down","LAD24CD":"E07000228"}},{"type":"Polygon","arcs":[[-3659,3691,3692,-1683,-3684,-3681,-3673,3693,-2259,-2283,3694]],"id":5615,"properties":{"WD24CD":"E05014718","WD24NM":"Cuckfield, Bolney & Ansty","LAD24CD":"E07000228"}},{"type":"Polygon","arcs":[[-3672,3695,3696,-1580,3697,3698,3699,3700,-2229,-2250,-3694]],"id":5616,"properties":{"WD24CD":"E05014719","WD24NM":"Downland Villages","LAD24CD":"E07000228"}},{"type":"Polygon","arcs":[[-3668,3701,3702,3703,3704,-1844]],"id":5617,"properties":{"WD24CD":"E05014720","WD24NM":"East Grinstead Ashplats","LAD24CD":"E07000228"}},{"type":"Polygon","arcs":[[-3704,3705,3706,3707]],"id":5618,"properties":{"WD24CD":"E05014721","WD24NM":"East Grinstead Baldwins","LAD24CD":"E07000228"}},{"type":"Polygon","arcs":[[-3702,-3667,3708]],"id":5619,"properties":{"WD24CD":"E05014722","WD24NM":"East Grinstead Herontye","LAD24CD":"E07000228"}},{"type":"Polygon","arcs":[[-3707,3709,-3665,-3690,3710]],"id":5620,"properties":{"WD24CD":"E05014723","WD24NM":"East Grinstead Imberhorne","LAD24CD":"E07000228"}},{"type":"Polygon","arcs":[[-3709,-3666,-3710,-3706,-3703]],"id":5621,"properties":{"WD24CD":"E05014724","WD24NM":"East Grinstead Town","LAD24CD":"E07000228"}},{"type":"Polygon","arcs":[[-3695,-2286,-2236,-2842,-2872,-2846,-3660]],"id":5622,"properties":{"WD24CD":"E05014725","WD24NM":"Handcross & Pease Pottage","LAD24CD":"E07000228"}},{"type":"Polygon","arcs":[[-3682,-3674,-1581,-3697,3711,-3685]],"id":5623,"properties":{"WD24CD":"E05014726","WD24NM":"Hassocks","LAD24CD":"E07000228"}},{"type":"Polygon","arcs":[[3712,-1684,-3693,3713,3714]],"id":5624,"properties":{"WD24CD":"E05014727","WD24NM":"Haywards Heath Ashenground","LAD24CD":"E07000228"}},{"type":"Polygon","arcs":[[3715,3716,-3715,3717,3718,3719]],"id":5625,"properties":{"WD24CD":"E05014728","WD24NM":"Haywards Heath Bentswood & Heath","LAD24CD":"E07000228"}},{"type":"Polygon","arcs":[[-1685,-3713,-3717,3720]],"id":5626,"properties":{"WD24CD":"E05014729","WD24NM":"Haywards Heath Franklands","LAD24CD":"E07000228"}},{"type":"Polygon","arcs":[[3721,-3718,-3714,-3692,-3658]],"id":5627,"properties":{"WD24CD":"E05014730","WD24NM":"Haywards Heath Lucastes & Bolnore","LAD24CD":"E07000228"}},{"type":"Polygon","arcs":[[3722,-3719,-3722,-3657]],"id":5628,"properties":{"WD24CD":"E05014731","WD24NM":"Haywards Heath North","LAD24CD":"E07000228"}},{"type":"Polygon","arcs":[[-3686,-3712,-3696,-3671]],"id":5629,"properties":{"WD24CD":"E05014732","WD24NM":"Hurstpierpoint","LAD24CD":"E07000228"}},{"type":"Polygon","arcs":[[-3720,-3723,-3656,3723]],"id":5630,"properties":{"WD24CD":"E05014733","WD24NM":"Lindfield","LAD24CD":"E07000228"}},{"type":"Polygon","arcs":[[-1802,-1575,-1681,-3721,-3716,-3724,-3655,-3663]],"id":5631,"properties":{"WD24CD":"E05014734","WD24NM":"Lindfield Rural & High Weald","LAD24CD":"E07000228"}},{"type":"Polygon","arcs":[[-2646,3724,3725,3726,3727,3728,-2679]],"id":5652,"properties":{"WD24CD":"E05014755","WD24NM":"Binfield North & Warfield West","LAD24CD":"E06000036"}},{"type":"Polygon","arcs":[[3729,3730,3731,3732,3733,3734,3735,-3728]],"id":5653,"properties":{"WD24CD":"E05014756","WD24NM":"Binfield South & Jennett's Park","LAD24CD":"E06000036"}},{"type":"Polygon","arcs":[[3736,3737,3738,3739,3740,3741]],"id":5654,"properties":{"WD24CD":"E05014757","WD24NM":"Bullbrook","LAD24CD":"E06000036"}},{"type":"Polygon","arcs":[[3742,3743,3744,-3732,3745]],"id":5655,"properties":{"WD24CD":"E05014759","WD24NM":"Easthampstead & Wildridings","LAD24CD":"E06000036"}},{"type":"Polygon","arcs":[[3746,3747,3748,-3733,-3745]],"id":5656,"properties":{"WD24CD":"E05014760","WD24NM":"Great Hollands","LAD24CD":"E06000036"}},{"type":"Polygon","arcs":[[3749,3750,3751,-3747,-3744]],"id":5657,"properties":{"WD24CD":"E05014761","WD24NM":"Hanworth","LAD24CD":"E06000036"}},{"type":"Polygon","arcs":[[-2346,-2356,-2352,-508,3752,3753]],"id":5658,"properties":{"WD24CD":"E05014763","WD24NM":"Owlsmoor & College Town","LAD24CD":"E06000036"}},{"type":"Polygon","arcs":[[3754,-3742,3755,-3730,-3727]],"id":5659,"properties":{"WD24CD":"E05014764","WD24NM":"Priestwood & Garth","LAD24CD":"E06000036"}},{"type":"Polygon","arcs":[[-3741,3756,-3746,-3731,-3756]],"id":5660,"properties":{"WD24CD":"E05014767","WD24NM":"Town Centre & The Parks","LAD24CD":"E06000036"}},{"type":"Polygon","arcs":[[3757,3758,3759,3760,3761,3762]],"id":5661,"properties":{"WD24CD":"E05014770","WD24NM":"Ashley, Bashley & Fernhill","LAD24CD":"E07000091"}},{"type":"Polygon","arcs":[[-2929,3763,3764,3765,3766,3767,3768,-3770,-2373]],"id":5662,"properties":{"WD24CD":"E05014771","WD24NM":"Ashurst, Bramshaw, Copythorne & Netley Marsh","LAD24CD":"E07000091"}},{"type":"Polygon","arcs":[[3770,3771,-3761]],"id":5663,"properties":{"WD24CD":"E05014772","WD24NM":"Ballard","LAD24CD":"E07000091"}},{"type":"Polygon","arcs":[[-3773,3773,-3759,3774,3775]],"id":5664,"properties":{"WD24CD":"E05014773","WD24NM":"Barton & Becton","LAD24CD":"E07000091"}},{"type":"Polygon","arcs":[[3776,3777,-3762,-3772,3778,-3780,-3781,-3782,-3783,-3784,3784,3785]],"id":5665,"properties":{"WD24CD":"E05014774","WD24NM":"Bransgore, Burley, Sopley & Ringwood East","LAD24CD":"E07000091"}},{"type":"Polygon","arcs":[[3786,3787,3788,3789,3790,3791,3792,3793,-3763,-3778,3794,-3766,3795]],"id":5666,"properties":{"WD24CD":"E05014775","WD24NM":"Brockenhurst & Denny Lodge","LAD24CD":"E07000091"}},{"type":"Polygon","arcs":[[3796,3797,-3788,3798,3799]],"id":5667,"properties":{"WD24CD":"E05014776","WD24NM":"Dibden & Dibden Purlieu","LAD24CD":"E07000091"}},{"type":"Polygon","arcs":[[-3801,3801,-3803,-3804,-3805,-3806]],"id":5668,"properties":{"WD24CD":"E05014777","WD24NM":"Downlands & Forest North","LAD24CD":"E07000091"}},{"type":"MultiPolygon","arcs":[[[3806,-3807,3807]],[[3808,-3791,3809,3810,3811,3812,3813]],[[3814,-3815,3815]]],"id":5669,"properties":{"WD24CD":"E05014778","WD24NM":"Fawley, Blackfield, Calshot & Langley","LAD24CD":"E07000091"}},{"type":"Polygon","arcs":[[-3817,-3769,3817,-3819,-3802]],"id":5670,"properties":{"WD24CD":"E05014779","WD24NM":"Fordingbridge, Godshill & Hyde","LAD24CD":"E07000091"}},{"type":"MultiPolygon","arcs":[[[3819]],[[-3809,3820,3821,3822,-3792]]],"id":5671,"properties":{"WD24CD":"E05014780","WD24NM":"Forest & Solent","LAD24CD":"E07000091"}},{"type":"Polygon","arcs":[[-3790,3823,-3810]],"id":5672,"properties":{"WD24CD":"E05014781","WD24NM":"Hardley, Holbury & North Blackfield","LAD24CD":"E07000091"}},{"type":"Polygon","arcs":[[3824,-3797,3825]],"id":5673,"properties":{"WD24CD":"E05014782","WD24NM":"Hythe Central","LAD24CD":"E07000091"}},{"type":"MultiPolygon","arcs":[[[-3813,3812,3826]],[[3827,-3815,3828,3806,3829,-3811,-3824,-3789,-3798,-3825]]],"id":5674,"properties":{"WD24CD":"E05014783","WD24NM":"Hythe South","LAD24CD":"E07000091"}},{"type":"Polygon","arcs":[[3830,3831,3832,-3822]],"id":5675,"properties":{"WD24CD":"E05014784","WD24NM":"Lymington","LAD24CD":"E07000091"}},{"type":"Polygon","arcs":[[-3795,-3777,3833,-3767]],"id":5676,"properties":{"WD24CD":"E05014785","WD24NM":"Lyndhurst & Minstead","LAD24CD":"E07000091"}},{"type":"MultiPolygon","arcs":[[[-3799,-3787,3834,3835,3836]],[[3837,3838,-3836]],[[3839,3840,3841]]],"id":5677,"properties":{"WD24CD":"E05014786","WD24NM":"Marchwood & Eling","LAD24CD":"E07000091"}},{"type":"Polygon","arcs":[[3842,3843,3844,-3775,-3758,-3794]],"id":5678,"properties":{"WD24CD":"E05014787","WD24NM":"Milford & Hordle","LAD24CD":"E07000091"}},{"type":"Polygon","arcs":[[-3774,-3846,-3779,-3771,-3760]],"id":5679,"properties":{"WD24CD":"E05014788","WD24NM":"Milton","LAD24CD":"E07000091"}},{"type":"Polygon","arcs":[[3846,-3844,3847,-3832]],"id":5680,"properties":{"WD24CD":"E05014789","WD24NM":"Pennington","LAD24CD":"E07000091"}},{"type":"Polygon","arcs":[[-3834,-3786,3848,-3850,-3851,-3852,-3818,-3768]],"id":5681,"properties":{"WD24CD":"E05014790","WD24NM":"Ringwood North & Ellingham","LAD24CD":"E07000091"}},{"type":"Polygon","arcs":[[-3785,-3853,-3849]],"id":5682,"properties":{"WD24CD":"E05014791","WD24NM":"Ringwood South","LAD24CD":"E07000091"}},{"type":"Polygon","arcs":[[-3823,-3833,-3848,-3843,-3793]],"id":5683,"properties":{"WD24CD":"E05014792","WD24NM":"Sway","LAD24CD":"E07000091"}},{"type":"MultiPolygon","arcs":[[[-2908,2907,3853]],[[2905,-2906,3854]],[[-2904,2903,3855]],[[2919,-2920,3856]],[[-2919,3857,-2902,3858]],[[2922,-2923,3859]],[[-2925,2924,3860]],[[3861,-2910,3862,-3841,3863,3864,-2927]]],"id":5684,"properties":{"WD24CD":"E05014793","WD24NM":"Totton Central","LAD24CD":"E07000091"}},{"type":"Polygon","arcs":[[-3865,3865,-3764,-2928]],"id":5685,"properties":{"WD24CD":"E05014794","WD24NM":"Totton North","LAD24CD":"E07000091"}},{"type":"Polygon","arcs":[[-3840,3866,-3838,-3835,-3796,-3765,-3866,-3864]],"id":5686,"properties":{"WD24CD":"E05014795","WD24NM":"Totton South","LAD24CD":"E07000091"}},{"type":"Polygon","arcs":[[3867,3868,3869,3870,3871]],"id":5803,"properties":{"WD24CD":"E05014912","WD24NM":"Chalk","LAD24CD":"E07000109"}},{"type":"Polygon","arcs":[[3872,3873,3874,3875,3876]],"id":5804,"properties":{"WD24CD":"E05014913","WD24NM":"Coldharbour & Perry Street","LAD24CD":"E07000109"}},{"type":"Polygon","arcs":[[-3870,3877,3878,3879,3880]],"id":5805,"properties":{"WD24CD":"E05014914","WD24NM":"Denton","LAD24CD":"E07000109"}},{"type":"Polygon","arcs":[[-3645,-3652,3881,3882,3883,-3872,3884,-3649]],"id":5806,"properties":{"WD24CD":"E05014915","WD24NM":"Higham & Shorne","LAD24CD":"E07000109"}},{"type":"Polygon","arcs":[[3885,3886,-3882,-3651,-3559,3887,3888,3889,3890,3891,-2600,3892]],"id":5807,"properties":{"WD24CD":"E05014916","WD24NM":"Istead Rise, Cobham & Luddesdown","LAD24CD":"E07000109"}},{"type":"Polygon","arcs":[[3893,-1058,-2601,-3892]],"id":5808,"properties":{"WD24CD":"E05014917","WD24NM":"Meopham North","LAD24CD":"E07000109"}},{"type":"Polygon","arcs":[[-3891,3894,-1059,-3894]],"id":5809,"properties":{"WD24CD":"E05014918","WD24NM":"Meopham South & Vigo","LAD24CD":"E07000109"}},{"type":"Polygon","arcs":[[3895,-3875,3896,-2603,3897,-2586,3898]],"id":5810,"properties":{"WD24CD":"E05014919","WD24NM":"Northfleet & Springhead","LAD24CD":"E07000109"}},{"type":"Polygon","arcs":[[3899,-3893,-2599,-3897,-3874]],"id":5811,"properties":{"WD24CD":"E05014920","WD24NM":"Painters Ash","LAD24CD":"E07000109"}},{"type":"Polygon","arcs":[[3900,3901,-3877,3902,3903]],"id":5812,"properties":{"WD24CD":"E05014921","WD24NM":"Pelham","LAD24CD":"E07000109"}},{"type":"Polygon","arcs":[[-3884,3904,3905,3906,-3868]],"id":5813,"properties":{"WD24CD":"E05014922","WD24NM":"Riverview Park","LAD24CD":"E07000109"}},{"type":"Polygon","arcs":[[3907,-3903,-3876,-3896,3908]],"id":5814,"properties":{"WD24CD":"E05014923","WD24NM":"Rosherville","LAD24CD":"E07000109"}},{"type":"Polygon","arcs":[[3909,-3905,-3883,-3887,3910]],"id":5815,"properties":{"WD24CD":"E05014924","WD24NM":"Singlewell","LAD24CD":"E07000109"}},{"type":"Polygon","arcs":[[-3880,3911,-3904,-3908,3912]],"id":5816,"properties":{"WD24CD":"E05014925","WD24NM":"Town","LAD24CD":"E07000109"}},{"type":"Polygon","arcs":[[-3907,3913,-3878,-3869]],"id":5817,"properties":{"WD24CD":"E05014926","WD24NM":"Westcourt","LAD24CD":"E07000109"}},{"type":"Polygon","arcs":[[-3879,-3914,-3906,-3910,3914,-3901,-3912]],"id":5818,"properties":{"WD24CD":"E05014927","WD24NM":"Whitehill & Windmill Hill","LAD24CD":"E07000109"}},{"type":"Polygon","arcs":[[-3915,-3911,-3886,-3900,-3873,-3902]],"id":5819,"properties":{"WD24CD":"E05014928","WD24NM":"Woodlands","LAD24CD":"E07000109"}},{"type":"Polygon","arcs":[[3915,3916,-463,3917]],"id":5835,"properties":{"WD24CD":"E05014944","WD24NM":"Ash South","LAD24CD":"E07000209"}},{"type":"Polygon","arcs":[[3918,-494,-504,-500,-2342,3919]],"id":5836,"properties":{"WD24CD":"E05014945","WD24NM":"Ash Vale","LAD24CD":"E07000209"}},{"type":"Polygon","arcs":[[-3918,-492,-3919,3920]],"id":5837,"properties":{"WD24CD":"E05014946","WD24NM":"Ash Wharf","LAD24CD":"E07000209"}},{"type":"Polygon","arcs":[[3921,3922,3923,3924,3925]],"id":5838,"properties":{"WD24CD":"E05014947","WD24NM":"Bellfields & Slyfield","LAD24CD":"E07000209"}},{"type":"Polygon","arcs":[[3926,3927,3928,3929,-3922,3930,-1193,3931]],"id":5839,"properties":{"WD24CD":"E05014948","WD24NM":"Burpham","LAD24CD":"E07000209"}},{"type":"Polygon","arcs":[[3932,3933,3934,3935,3936,-3929]],"id":5840,"properties":{"WD24CD":"E05014949","WD24NM":"Castle","LAD24CD":"E07000209"}},{"type":"Polygon","arcs":[[3937,3938,3939,3940,-3927,3941,-1344]],"id":5841,"properties":{"WD24CD":"E05014950","WD24NM":"Clandon & Horsley","LAD24CD":"E07000209"}},{"type":"Polygon","arcs":[[3942,3943,-3938,-1343]],"id":5842,"properties":{"WD24CD":"E05014951","WD24NM":"Effingham","LAD24CD":"E07000209"}},{"type":"Polygon","arcs":[[3944,-3933,-3928,-3941]],"id":5843,"properties":{"WD24CD":"E05014952","WD24NM":"Merrow","LAD24CD":"E07000209"}},{"type":"Polygon","arcs":[[-1195,3945,3946,-3916,-3921,-3920,-2341,-2326]],"id":5844,"properties":{"WD24CD":"E05014953","WD24NM":"Normandy & Pirbright","LAD24CD":"E07000209"}},{"type":"Polygon","arcs":[[3947,3948,3949,3950]],"id":5845,"properties":{"WD24CD":"E05014954","WD24NM":"Onslow","LAD24CD":"E07000209"}},{"type":"Polygon","arcs":[[3951,3952,3953,3954,3955,3956,3957,-464,-3917,-3947,3958]],"id":5846,"properties":{"WD24CD":"E05014955","WD24NM":"Pilgrims","LAD24CD":"E07000209"}},{"type":"Polygon","arcs":[[-1387,-1345,-3942,-3932,-1192,-1200,-1214,-1178]],"id":5847,"properties":{"WD24CD":"E05014956","WD24NM":"Send & Lovelace","LAD24CD":"E07000209"}},{"type":"Polygon","arcs":[[-3950,3959,-3935,3960,3961,3962,3963,-3952,3964,3965]],"id":5848,"properties":{"WD24CD":"E05014957","WD24NM":"Shalford","LAD24CD":"E07000209"}},{"type":"Polygon","arcs":[[-3960,-3949,3966,-3936]],"id":5849,"properties":{"WD24CD":"E05014958","WD24NM":"St Nicolas","LAD24CD":"E07000209"}},{"type":"Polygon","arcs":[[-3937,-3967,-3948,3967,-3923,-3930]],"id":5850,"properties":{"WD24CD":"E05014959","WD24NM":"Stoke","LAD24CD":"E07000209"}},{"type":"Polygon","arcs":[[-3925,3968,3969]],"id":5851,"properties":{"WD24CD":"E05014960","WD24NM":"Stoughton North","LAD24CD":"E07000209"}},{"type":"Polygon","arcs":[[-3924,3970,3971,-3969]],"id":5852,"properties":{"WD24CD":"E05014961","WD24NM":"Stoughton South","LAD24CD":"E07000209"}},{"type":"Polygon","arcs":[[3972,3973,3974,3975,-3961,-3934,-3945,-3940]],"id":5853,"properties":{"WD24CD":"E05014962","WD24NM":"Tillingbourne","LAD24CD":"E07000209"}},{"type":"Polygon","arcs":[[-3968,-3951,-3966,3976,-3971]],"id":5854,"properties":{"WD24CD":"E05014963","WD24NM":"Westborough","LAD24CD":"E07000209"}},{"type":"Polygon","arcs":[[-3931,-3926,-3970,-3972,-3977,-3965,-3959,-3946,-1194]],"id":5855,"properties":{"WD24CD":"E05014964","WD24NM":"Worplesdon","LAD24CD":"E07000209"}},{"type":"MultiPolygon","arcs":[[[3977,3978]],[[-3565,3979,3980,3981,3982,-3637]]],"id":5926,"properties":{"WD24CD":"E05015035","WD24NM":"Aylesford North & North Downs","LAD24CD":"E07000115"}},{"type":"MultiPolygon","arcs":[[[3983,3984,-3982]],[[-3978,3985,3986,3987,3988,3989,3990,3991]]],"id":5927,"properties":{"WD24CD":"E05015036","WD24NM":"Aylesford South & Ditton","LAD24CD":"E07000115"}},{"type":"Polygon","arcs":[[3992,3993,3994,3995,-3889,3996]],"id":5928,"properties":{"WD24CD":"E05015037","WD24NM":"Birling, Leybourne & Ryarsh","LAD24CD":"E07000115"}},{"type":"Polygon","arcs":[[3997,3998,3999,4000]],"id":5929,"properties":{"WD24CD":"E05015038","WD24NM":"Borough Green & Platt","LAD24CD":"E07000115"}},{"type":"Polygon","arcs":[[4001,4002,4003,4004,4005,4006,-1490,4007,-4000]],"id":5930,"properties":{"WD24CD":"E05015039","WD24NM":"Bourne","LAD24CD":"E07000115"}},{"type":"Polygon","arcs":[[4008,-4004,4009,4010,4011,4012,4013]],"id":5931,"properties":{"WD24CD":"E05015040","WD24NM":"Cage Green & Angel","LAD24CD":"E07000115"}},{"type":"Polygon","arcs":[[4014,4015,4016,4017,4018,4019,-4002,-3999,4020]],"id":5932,"properties":{"WD24CD":"E05015041","WD24NM":"East and West Peckham, Mereworth & Wateringbury","LAD24CD":"E07000115"}},{"type":"Polygon","arcs":[[4021,-3990,4022,-4016,4023,-4021,-3998,4024,-3995]],"id":5933,"properties":{"WD24CD":"E05015042","WD24NM":"East Malling, West Malling & Offham","LAD24CD":"E07000115"}},{"type":"Polygon","arcs":[[-4009,4025,-4005]],"id":5934,"properties":{"WD24CD":"E05015043","WD24NM":"Higham","LAD24CD":"E07000115"}},{"type":"Polygon","arcs":[[-4007,4026,-4013,4027,-1065,-1491]],"id":5935,"properties":{"WD24CD":"E05015044","WD24NM":"Hildenborough","LAD24CD":"E07000115"}},{"type":"Polygon","arcs":[[4028,4029,-1066,-4028,-4012]],"id":5936,"properties":{"WD24CD":"E05015045","WD24NM":"Judd","LAD24CD":"E07000115"}},{"type":"Polygon","arcs":[[-4015,-4024]],"id":5937,"properties":{"WD24CD":"E05015046","WD24NM":"Kings Hill","LAD24CD":"E07000115"}},{"type":"Polygon","arcs":[[-3991,-4022,-3994,4030,4031]],"id":5938,"properties":{"WD24CD":"E05015047","WD24NM":"Larkfield","LAD24CD":"E07000115"}},{"type":"Polygon","arcs":[[-1060,-3895,-3890,-3996,-4025,-4001,-4008,-1489,-133,-124,-1055]],"id":5939,"properties":{"WD24CD":"E05015048","WD24NM":"Pilgrims with Ightham","LAD24CD":"E07000115"}},{"type":"Polygon","arcs":[[4032,-4031,-3993,4033,-3557]],"id":5940,"properties":{"WD24CD":"E05015049","WD24NM":"Snodland East & Ham Hill","LAD24CD":"E07000115"}},{"type":"Polygon","arcs":[[-4034,-3997,-3888,-3558]],"id":5941,"properties":{"WD24CD":"E05015050","WD24NM":"Snodland West & Holborough Lakes","LAD24CD":"E07000115"}},{"type":"Polygon","arcs":[[-4026,-4014,-4027,-4006]],"id":5942,"properties":{"WD24CD":"E05015051","WD24NM":"Trench","LAD24CD":"E07000115"}},{"type":"Polygon","arcs":[[4034,4035,-4029,-4011]],"id":5943,"properties":{"WD24CD":"E05015052","WD24NM":"Vauxhall","LAD24CD":"E07000115"}},{"type":"Polygon","arcs":[[-3604,4036,-3980,-3564]],"id":5944,"properties":{"WD24CD":"E05015053","WD24NM":"Walderslade","LAD24CD":"E07000115"}},{"type":"Polygon","arcs":[[-4038,4038,4039,4040,4041]],"id":5984,"properties":{"WD24CD":"E05015093","WD24NM":"Auriol","LAD24CD":"E07000208"}},{"type":"Polygon","arcs":[[-2800,-2811,4042,4043,4044]],"id":5985,"properties":{"WD24CD":"E05015094","WD24NM":"College","LAD24CD":"E07000208"}},{"type":"Polygon","arcs":[[4045,4046,4047,4048,4049]],"id":5986,"properties":{"WD24CD":"E05015095","WD24NM":"Court","LAD24CD":"E07000208"}},{"type":"Polygon","arcs":[[-4051,-4042,4051,-4053,-4054,-4055]],"id":5987,"properties":{"WD24CD":"E05015096","WD24NM":"Cuddington","LAD24CD":"E07000208"}},{"type":"Polygon","arcs":[[-4041,4055,4056,4057,-4059,-4052]],"id":5988,"properties":{"WD24CD":"E05015097","WD24NM":"Ewell Court","LAD24CD":"E07000208"}},{"type":"Polygon","arcs":[[4059,4060,-4046,4061,-4056,-4040,4062]],"id":5989,"properties":{"WD24CD":"E05015098","WD24NM":"Ewell Village","LAD24CD":"E07000208"}},{"type":"Polygon","arcs":[[-4049,4063,-4065,4065,4066]],"id":5990,"properties":{"WD24CD":"E05015099","WD24NM":"Horton","LAD24CD":"E07000208"}},{"type":"Polygon","arcs":[[-4068,-2801,-4045,4068,-4060,4069,-4071]],"id":5991,"properties":{"WD24CD":"E05015100","WD24NM":"Nonsuch","LAD24CD":"E07000208"}},{"type":"Polygon","arcs":[[4071,-4066,-4073,-4074,-4075,-4058]],"id":5992,"properties":{"WD24CD":"E05015101","WD24NM":"Ruxley","LAD24CD":"E07000208"}},{"type":"Polygon","arcs":[[4075,4076,4077,-4079,-4064,-4048]],"id":5993,"properties":{"WD24CD":"E05015102","WD24NM":"Stamford","LAD24CD":"E07000208"}},{"type":"Polygon","arcs":[[-4070,-4063,-4039,-4080]],"id":5994,"properties":{"WD24CD":"E05015103","WD24NM":"Stoneleigh","LAD24CD":"E07000208"}},{"type":"Polygon","arcs":[[-4069,-4044,4080,-4076,-4047,-4061]],"id":5995,"properties":{"WD24CD":"E05015104","WD24NM":"Town","LAD24CD":"E07000208"}},{"type":"Polygon","arcs":[[-4062,-4050,-4067,-4072,-4057]],"id":5996,"properties":{"WD24CD":"E05015105","WD24NM":"West Ewell","LAD24CD":"E07000208"}},{"type":"Polygon","arcs":[[-4043,-2810,-2794,4081,4082,-4077,-4081]],"id":5997,"properties":{"WD24CD":"E05015106","WD24NM":"Woodcote & Langley Vale","LAD24CD":"E07000208"}},{"type":"Polygon","arcs":[[4083,-1965,4084,4085]],"id":6037,"properties":{"WD24CD":"E05015146","WD24NM":"Alfold, Dunsfold & Hascombe","LAD24CD":"E07000216"}},{"type":"Polygon","arcs":[[4086,4087,-4086,4088,4089,4090,4091,4092,4093,-3962,-3976]],"id":6038,"properties":{"WD24CD":"E05015147","WD24NM":"Bramley & Wonersh","LAD24CD":"E07000216"}},{"type":"Polygon","arcs":[[-4089,-4085,-1964,-1903,4094,4095]],"id":6039,"properties":{"WD24CD":"E05015148","WD24NM":"Chiddingfold","LAD24CD":"E07000216"}},{"type":"Polygon","arcs":[[4096,4097,-4087,-3975]],"id":6040,"properties":{"WD24CD":"E05015149","WD24NM":"Cranleigh East","LAD24CD":"E07000216"}},{"type":"Polygon","arcs":[[-4098,4098,-2305,-1966,-4084,-4088]],"id":6041,"properties":{"WD24CD":"E05015150","WD24NM":"Cranleigh West","LAD24CD":"E07000216"}},{"type":"Polygon","arcs":[[4099,4100,-3956]],"id":6042,"properties":{"WD24CD":"E05015151","WD24NM":"Elstead & Peper Harow","LAD24CD":"E07000216"}},{"type":"Polygon","arcs":[[4101,-2306,-4099,-4097,-3974]],"id":6043,"properties":{"WD24CD":"E05015152","WD24NM":"Ewhurst & Ellens Green","LAD24CD":"E07000216"}},{"type":"Polygon","arcs":[[4102,4103,4104,4105]],"id":6044,"properties":{"WD24CD":"E05015153","WD24NM":"Farnham Bourne","LAD24CD":"E07000216"}},{"type":"Polygon","arcs":[[4106,4107,4108,4109,4110]],"id":6045,"properties":{"WD24CD":"E05015154","WD24NM":"Farnham Castle","LAD24CD":"E07000216"}},{"type":"Polygon","arcs":[[-4105,4111,4112,-4108,4113]],"id":6046,"properties":{"WD24CD":"E05015155","WD24NM":"Farnham Firgrove","LAD24CD":"E07000216"}},{"type":"Polygon","arcs":[[4114,-4110,4115,-520,-505]],"id":6047,"properties":{"WD24CD":"E05015156","WD24NM":"Farnham Heath End","LAD24CD":"E07000216"}},{"type":"Polygon","arcs":[[-465,-3958,4116,-4106,-4114,-4107,4117,-488]],"id":6048,"properties":{"WD24CD":"E05015157","WD24NM":"Farnham Moor Park","LAD24CD":"E07000216"}},{"type":"Polygon","arcs":[[-4109,-4113,4118,-2497,-539,-521,-4116]],"id":6049,"properties":{"WD24CD":"E05015158","WD24NM":"Farnham North West","LAD24CD":"E07000216"}},{"type":"Polygon","arcs":[[-4104,4119,-2498,-4119,-4112]],"id":6050,"properties":{"WD24CD":"E05015159","WD24NM":"Farnham Rowledge","LAD24CD":"E07000216"}},{"type":"Polygon","arcs":[[-4118,-4111,-4115,-495]],"id":6051,"properties":{"WD24CD":"E05015160","WD24NM":"Farnham Weybourne","LAD24CD":"E07000216"}},{"type":"Polygon","arcs":[[4120,4121,-3953,-3964]],"id":6052,"properties":{"WD24CD":"E05015161","WD24NM":"Godalming Binscombe & Charterhouse","LAD24CD":"E07000216"}},{"type":"Polygon","arcs":[[4122,-4093,4123,-4091,4124,-3954,-4122]],"id":6053,"properties":{"WD24CD":"E05015162","WD24NM":"Godalming Central & Ockford","LAD24CD":"E07000216"}},{"type":"Polygon","arcs":[[-4094,-4123,-4121,-3963]],"id":6054,"properties":{"WD24CD":"E05015163","WD24NM":"Godalming Farncombe & Catteshall","LAD24CD":"E07000216"}},{"type":"Polygon","arcs":[[-4092,-4124]],"id":6055,"properties":{"WD24CD":"E05015164","WD24NM":"Godalming Holloway","LAD24CD":"E07000216"}},{"type":"Polygon","arcs":[[4125,-4095,-1902,4126,4127,4128]],"id":6056,"properties":{"WD24CD":"E05015165","WD24NM":"Haslemere East","LAD24CD":"E07000216"}},{"type":"Polygon","arcs":[[-1910,-2506,4129,-4127]],"id":6057,"properties":{"WD24CD":"E05015166","WD24NM":"Haslemere West","LAD24CD":"E07000216"}},{"type":"Polygon","arcs":[[-4128,-4130,-2505,-2527,-2528,4130]],"id":6058,"properties":{"WD24CD":"E05015167","WD24NM":"Hindhead & Beacon Hill","LAD24CD":"E07000216"}},{"type":"Polygon","arcs":[[-3955,-4125,-4090,-4096,-4126,4131,-4100]],"id":6059,"properties":{"WD24CD":"E05015168","WD24NM":"Milford & Witley","LAD24CD":"E07000216"}},{"type":"Polygon","arcs":[[-4101,-4132,-4129,-4131,-2533,-2499,-4120,-4103,-4117,-3957]],"id":6060,"properties":{"WD24CD":"E05015169","WD24NM":"Western Commons","LAD24CD":"E07000216"}},{"type":"Polygon","arcs":[[4132,4133,4134,-4136,-4078]],"id":6232,"properties":{"WD24CD":"E05015341","WD24NM":"Ashtead Lanes & Common","LAD24CD":"E07000210"}},{"type":"Polygon","arcs":[[4136,4137,-4133,-4083]],"id":6233,"properties":{"WD24CD":"E05015342","WD24NM":"Ashtead Park","LAD24CD":"E07000210"}},{"type":"Polygon","arcs":[[4138,4139,4140]],"id":6234,"properties":{"WD24CD":"E05015343","WD24NM":"Bookham East & Eastwick Park","LAD24CD":"E07000210"}},{"type":"Polygon","arcs":[[-4140,4141,-3943,-1342,4142]],"id":6235,"properties":{"WD24CD":"E05015344","WD24NM":"Bookham West","LAD24CD":"E07000210"}},{"type":"Polygon","arcs":[[-2793,-2808,4143,4144,4145,4146,4147,4148,-4137,-4082]],"id":6236,"properties":{"WD24CD":"E05015345","WD24NM":"Brockham, Betchworth, Buckland, Box Hill & Headley","LAD24CD":"E07000210"}},{"type":"Polygon","arcs":[[-2809,-2789,-2782,-2858,-2244,-2282,4149,4150,-4144,-2807]],"id":6237,"properties":{"WD24CD":"E05015346","WD24NM":"Capel, Leigh, Newdigate & Charlwood","LAD24CD":"E07000210"}},{"type":"Polygon","arcs":[[-4147,4151,4152]],"id":6238,"properties":{"WD24CD":"E05015347","WD24NM":"Dorking North","LAD24CD":"E07000210"}},{"type":"Polygon","arcs":[[4153,4154,-4152,-4146]],"id":6239,"properties":{"WD24CD":"E05015348","WD24NM":"Dorking South","LAD24CD":"E07000210"}},{"type":"Polygon","arcs":[[4155,4156,4157,-4141,-4143,-1341,-1379]],"id":6240,"properties":{"WD24CD":"E05015349","WD24NM":"Fetcham","LAD24CD":"E07000210"}},{"type":"Polygon","arcs":[[-4145,-4151,4158,-4154]],"id":6241,"properties":{"WD24CD":"E05015350","WD24NM":"Holmwoods & Beare Green","LAD24CD":"E07000210"}},{"type":"Polygon","arcs":[[-4135,4159,-4156,-1378,-4161]],"id":6242,"properties":{"WD24CD":"E05015351","WD24NM":"Leatherhead North","LAD24CD":"E07000210"}},{"type":"Polygon","arcs":[[-4134,-4138,-4149,4161,-4157,-4160]],"id":6243,"properties":{"WD24CD":"E05015352","WD24NM":"Leatherhead South","LAD24CD":"E07000210"}},{"type":"Polygon","arcs":[[-4162,-4148,-4153,-4155,-4159,-4150,-2281,-2307,-4102,-3973,-3939,-3944,-4142,-4139,-4158]],"id":6244,"properties":{"WD24CD":"E05015353","WD24NM":"Mickleham, Westcott & Okewood","LAD24CD":"E07000210"}},{"type":"Polygon","arcs":[[4162,4163,4164,4165]],"id":6289,"properties":{"WD24CD":"E05015398","WD24NM":"Brunswick & Adelaide","LAD24CD":"E06000043"}},{"type":"Polygon","arcs":[[-4165,4166,4167,4168]],"id":6290,"properties":{"WD24CD":"E05015399","WD24NM":"Central Hove","LAD24CD":"E06000043"}},{"type":"Polygon","arcs":[[4169,4170,4171,4172,-1599]],"id":6291,"properties":{"WD24CD":"E05015400","WD24NM":"Coldean & Stanmer","LAD24CD":"E06000043"}},{"type":"Polygon","arcs":[[4173,4174,4175,-4166,-4169,4176,4177]],"id":6292,"properties":{"WD24CD":"E05015401","WD24NM":"Goldsmid","LAD24CD":"E06000043"}},{"type":"Polygon","arcs":[[4178,4179,4180,4181,-3700]],"id":6293,"properties":{"WD24CD":"E05015402","WD24NM":"Hangleton & Knoll","LAD24CD":"E06000043"}},{"type":"Polygon","arcs":[[4182,4183,4184,4185,4186]],"id":6294,"properties":{"WD24CD":"E05015403","WD24NM":"Hanover & Elm Grove","LAD24CD":"E06000043"}},{"type":"Polygon","arcs":[[4187,4188,4189,4190,-4172]],"id":6295,"properties":{"WD24CD":"E05015404","WD24NM":"Hollingdean & Fiveways","LAD24CD":"E06000043"}},{"type":"Polygon","arcs":[[4191,4192,4193,4194,4195]],"id":6296,"properties":{"WD24CD":"E05015405","WD24NM":"Kemptown","LAD24CD":"E06000043"}},{"type":"Polygon","arcs":[[4196,4197,-4187,4198,-4188,-4171]],"id":6297,"properties":{"WD24CD":"E05015406","WD24NM":"Moulsecoomb & Bevendean","LAD24CD":"E06000043"}},{"type":"Polygon","arcs":[[-4182,4199,-381,-2225,-3701]],"id":6298,"properties":{"WD24CD":"E05015407","WD24NM":"North Portslade","LAD24CD":"E06000043"}},{"type":"Polygon","arcs":[[-1579,-1600,-4173,-4191,4200,4201,-3698]],"id":6299,"properties":{"WD24CD":"E05015408","WD24NM":"Patcham & Hollingbury","LAD24CD":"E06000043"}},{"type":"Polygon","arcs":[[-4190,4202,4203,-4174,4204,-4201]],"id":6300,"properties":{"WD24CD":"E05015409","WD24NM":"Preston Park","LAD24CD":"E06000043"}},{"type":"Polygon","arcs":[[4205,-4196,4206,-4184]],"id":6301,"properties":{"WD24CD":"E05015410","WD24NM":"Queen's Park","LAD24CD":"E06000043"}},{"type":"Polygon","arcs":[[-4194,4207,-4163,-4176,4208]],"id":6302,"properties":{"WD24CD":"E05015411","WD24NM":"Regency","LAD24CD":"E06000043"}},{"type":"Polygon","arcs":[[-1597,-1588,4209,4210,4211]],"id":6303,"properties":{"WD24CD":"E05015412","WD24NM":"Rottingdean & West Saltdean","LAD24CD":"E06000043"}},{"type":"Polygon","arcs":[[-4199,-4186,4212,-4203,-4189]],"id":6304,"properties":{"WD24CD":"E05015413","WD24NM":"Round Hill","LAD24CD":"E06000043"}},{"type":"Polygon","arcs":[[4213,4214,-377,-382,-4200,-4181]],"id":6305,"properties":{"WD24CD":"E05015414","WD24NM":"South Portslade","LAD24CD":"E06000043"}},{"type":"Polygon","arcs":[[-4185,-4207,-4195,-4209,-4175,-4204,-4213]],"id":6306,"properties":{"WD24CD":"E05015415","WD24NM":"West Hill & North Laine","LAD24CD":"E06000043"}},{"type":"Polygon","arcs":[[-4177,-4168,4215,4216,4217]],"id":6307,"properties":{"WD24CD":"E05015416","WD24NM":"Westbourne & Poets' Corner","LAD24CD":"E06000043"}},{"type":"Polygon","arcs":[[-4202,-4205,-4178,-4218,-4179,-3699]],"id":6308,"properties":{"WD24CD":"E05015417","WD24NM":"Westdene & Hove Park","LAD24CD":"E06000043"}},{"type":"Polygon","arcs":[[4218,-4211,4219,-4192,-4206,-4183,-4198]],"id":6309,"properties":{"WD24CD":"E05015418","WD24NM":"Whitehawk & Marina","LAD24CD":"E06000043"}},{"type":"Polygon","arcs":[[4220,-4214,-4180,-4217]],"id":6310,"properties":{"WD24CD":"E05015419","WD24NM":"Wish","LAD24CD":"E06000043"}},{"type":"Polygon","arcs":[[-4212,-4219,-4197,-4170,-1598]],"id":6311,"properties":{"WD24CD":"E05015420","WD24NM":"Woodingdean","LAD24CD":"E06000043"}},{"type":"Polygon","arcs":[[-2602,-2562,-2613,-2589,4221,-2587,-3898]],"id":6357,"properties":{"WD24CD":"E05015466","WD24NM":"Ebbsfleet","LAD24CD":"E07000107"}},{"type":"Polygon","arcs":[[-4222,-2588]],"id":6358,"properties":{"WD24CD":"E05015467","WD24NM":"Swanscombe","LAD24CD":"E07000107"}},{"type":"Polygon","arcs":[[-2143,-2213,-2158,4222,-2129,-2179,-2201,-2135,-733]],"id":6369,"properties":{"WD24CD":"E05015478","WD24NM":"Downs West","LAD24CD":"E07000105"}},{"type":"Polygon","arcs":[[-2157,-2130,-4223]],"id":6370,"properties":{"WD24CD":"E05015479","WD24NM":"Goat Lees","LAD24CD":"E07000105"}},{"type":"Polygon","arcs":[[4223,4224,4225,4226,4227]],"id":6381,"properties":{"WD24CD":"E05015490","WD24NM":"Banister & Polygon","LAD24CD":"E06000045"}},{"type":"Polygon","arcs":[[4228,4229,4230,-4226]],"id":6382,"properties":{"WD24CD":"E05015491","WD24NM":"Bargate","LAD24CD":"E06000045"}},{"type":"Polygon","arcs":[[4231,4232,4233,4234,-2915]],"id":6383,"properties":{"WD24CD":"E05015492","WD24NM":"Bassett","LAD24CD":"E06000045"}},{"type":"Polygon","arcs":[[4235,-4229,-4225,4236]],"id":6384,"properties":{"WD24CD":"E05015493","WD24NM":"Bevois","LAD24CD":"E06000045"}},{"type":"Polygon","arcs":[[-1428,-1431,4237,4238,4239,4240,-1416]],"id":6385,"properties":{"WD24CD":"E05015494","WD24NM":"Bitterne Park","LAD24CD":"E06000045"}},{"type":"Polygon","arcs":[[-4235,4241,4242,-2916]],"id":6386,"properties":{"WD24CD":"E05015495","WD24NM":"Coxford","LAD24CD":"E06000045"}},{"type":"Polygon","arcs":[[-4227,-4231,4243,4244,4245]],"id":6387,"properties":{"WD24CD":"E05015496","WD24NM":"Freemantle","LAD24CD":"E06000045"}},{"type":"Polygon","arcs":[[-1430,4246,4247,4248,-4238]],"id":6388,"properties":{"WD24CD":"E05015497","WD24NM":"Harefield","LAD24CD":"E06000045"}},{"type":"Polygon","arcs":[[-4245,4249,4250,4251]],"id":6389,"properties":{"WD24CD":"E05015498","WD24NM":"Millbrook","LAD24CD":"E06000045"}},{"type":"Polygon","arcs":[[-4249,4252,4253,4254,-4239]],"id":6390,"properties":{"WD24CD":"E05015499","WD24NM":"Peartree","LAD24CD":"E06000045"}},{"type":"Polygon","arcs":[[4255,-4237,-4224,4256,-4233,4257]],"id":6391,"properties":{"WD24CD":"E05015500","WD24NM":"Portswood","LAD24CD":"E06000045"}},{"type":"Polygon","arcs":[[-4243,4258,-4251,4259,-2917]],"id":6392,"properties":{"WD24CD":"E05015501","WD24NM":"Redbridge","LAD24CD":"E06000045"}},{"type":"Polygon","arcs":[[-4228,-4246,-4252,-4259,-4242,-4234,-4257]],"id":6393,"properties":{"WD24CD":"E05015502","WD24NM":"Shirley","LAD24CD":"E06000045"}},{"type":"Polygon","arcs":[[4260,-1401,4261,-4253,-4248]],"id":6394,"properties":{"WD24CD":"E05015503","WD24NM":"Sholing","LAD24CD":"E06000045"}},{"type":"Polygon","arcs":[[-1417,-4241,4262,4263,-4258,-4232,-2914]],"id":6395,"properties":{"WD24CD":"E05015504","WD24NM":"Swaythling","LAD24CD":"E06000045"}},{"type":"Polygon","arcs":[[-1429,-1402,-4261,-4247]],"id":6396,"properties":{"WD24CD":"E05015505","WD24NM":"Thornhill","LAD24CD":"E06000045"}},{"type":"Polygon","arcs":[[-4262,-1421,4264,-4254]],"id":6397,"properties":{"WD24CD":"E05015506","WD24NM":"Woolston","LAD24CD":"E06000045"}},{"type":"Polygon","arcs":[[4265,4266,4267,4268,4269,4270]],"id":6416,"properties":{"WD24CD":"E05015525","WD24NM":"Baylis & Salt Hill","LAD24CD":"E06000039"}},{"type":"Polygon","arcs":[[-3247,4271,4272,-3184]],"id":6417,"properties":{"WD24CD":"E05015526","WD24NM":"Britwell","LAD24CD":"E06000039"}},{"type":"Polygon","arcs":[[4273,4274,4275,4276,-4267]],"id":6418,"properties":{"WD24CD":"E05015527","WD24NM":"Chalvey","LAD24CD":"E06000039"}},{"type":"Polygon","arcs":[[4277,-3168,4278,4279]],"id":6419,"properties":{"WD24CD":"E05015528","WD24NM":"Cippenham Green","LAD24CD":"E06000039"}},{"type":"Polygon","arcs":[[-4268,-4277,4280,-2675,4281,4282]],"id":6420,"properties":{"WD24CD":"E05015529","WD24NM":"Cippenham Manor","LAD24CD":"E06000039"}},{"type":"Polygon","arcs":[[-4282,-2674,-3169,-4278,4283]],"id":6421,"properties":{"WD24CD":"E05015530","WD24NM":"Cippenham Village","LAD24CD":"E06000039"}},{"type":"Polygon","arcs":[[-4285,-4286,-354,-351,-2663,4286,-3213]],"id":6422,"properties":{"WD24CD":"E05015531","WD24NM":"Colnbrook & Poyle","LAD24CD":"E06000039"}},{"type":"Polygon","arcs":[[4287,4288,-4274,-4266,4289,-3244]],"id":6423,"properties":{"WD24CD":"E05015532","WD24NM":"Elliman","LAD24CD":"E06000039"}},{"type":"Polygon","arcs":[[4290,-4270,4291,-4272,-3246]],"id":6424,"properties":{"WD24CD":"E05015533","WD24NM":"Farnham","LAD24CD":"E06000039"}},{"type":"Polygon","arcs":[[4292,-4279,-3167]],"id":6425,"properties":{"WD24CD":"E05015534","WD24NM":"Haymill","LAD24CD":"E06000039"}},{"type":"Polygon","arcs":[[4293,-2670,-4281,-4276,4294]],"id":6426,"properties":{"WD24CD":"E05015535","WD24NM":"Herschel Park","LAD24CD":"E06000039"}},{"type":"Polygon","arcs":[[4295,-3214,-4287,-2662,4296,4297]],"id":6427,"properties":{"WD24CD":"E05015536","WD24NM":"Langley Foxborough","LAD24CD":"E06000039"}},{"type":"Polygon","arcs":[[4298,-4298,4299,4300]],"id":6428,"properties":{"WD24CD":"E05015537","WD24NM":"Langley Marish","LAD24CD":"E06000039"}},{"type":"Polygon","arcs":[[-3215,-4296,-4299,4301,-3240]],"id":6429,"properties":{"WD24CD":"E05015538","WD24NM":"Langley Meads","LAD24CD":"E06000039"}},{"type":"Polygon","arcs":[[-4302,-4301,4302,4303,4304,-3241]],"id":6430,"properties":{"WD24CD":"E05015539","WD24NM":"Langley St Mary's","LAD24CD":"E06000039"}},{"type":"Polygon","arcs":[[-4290,-4271,-4291,-3245]],"id":6431,"properties":{"WD24CD":"E05015540","WD24NM":"Manor Park & Stoke","LAD24CD":"E06000039"}},{"type":"Polygon","arcs":[[-4292,-4269,-4283,-4284,-4280,-4293,-3166,-3185,-4273]],"id":6432,"properties":{"WD24CD":"E05015541","WD24NM":"Northborough & Lynch Hill Valley","LAD24CD":"E06000039"}},{"type":"Polygon","arcs":[[4305,-4304,4306,-4295,-4275,-4289,4307]],"id":6433,"properties":{"WD24CD":"E05015542","WD24NM":"Slough Central","LAD24CD":"E06000039"}},{"type":"Polygon","arcs":[[-4300,-4297,-2669,-2671,-4294,-4307,-4303]],"id":6434,"properties":{"WD24CD":"E05015543","WD24NM":"Upton","LAD24CD":"E06000039"}},{"type":"Polygon","arcs":[[-3242,-4305,-4306,4308]],"id":6435,"properties":{"WD24CD":"E05015544","WD24NM":"Upton Lea","LAD24CD":"E06000039"}},{"type":"Polygon","arcs":[[-4309,-4308,-4288,-3243]],"id":6436,"properties":{"WD24CD":"E05015545","WD24NM":"Wexham Court","LAD24CD":"E06000039"}},{"type":"Polygon","arcs":[[-3162,4309,-2695,4310]],"id":6449,"properties":{"WD24CD":"E05015558","WD24NM":"Henley-on-Thames","LAD24CD":"E07000179"}},{"type":"Polygon","arcs":[[-915,-3163,-4311,-2701,-2080,-907,-878]],"id":6450,"properties":{"WD24CD":"E05015559","WD24NM":"Woodcote & Rotherfield","LAD24CD":"E07000179"}},{"type":"Polygon","arcs":[[-3079,-3073,-3057,4311,-2958,-2966,-2102,-2094,-264,-1253,-1251]],"id":6453,"properties":{"WD24CD":"E05015562","WD24NM":"Botley & Sunningwell","LAD24CD":"E07000180"}},{"type":"Polygon","arcs":[[-2085,-2960,-2959,-4312,-3056]],"id":6454,"properties":{"WD24CD":"E05015563","WD24NM":"Kennington & Radley","LAD24CD":"E07000180"}},{"type":"Polygon","arcs":[[-3754,4312,4313,4314,-3748,-3752,4315]],"id":6462,"properties":{"WD24CD":"E05015571","WD24NM":"Crowthorne","LAD24CD":"E06000036"}},{"type":"Polygon","arcs":[[4316,-3750,-3743,-3757,-3740]],"id":6463,"properties":{"WD24CD":"E05015572","WD24NM":"Harmans Water & Crown Wood","LAD24CD":"E06000036"}},{"type":"Polygon","arcs":[[-3753,-515,-545,4317,-4313]],"id":6464,"properties":{"WD24CD":"E05015573","WD24NM":"Sandhurst","LAD24CD":"E06000036"}},{"type":"Polygon","arcs":[[-2622,-2693,-2323,-2347,-4316,-3751,-4317,-3739,4318]],"id":6465,"properties":{"WD24CD":"E05015574","WD24NM":"Swinley Forest","LAD24CD":"E06000036"}},{"type":"Polygon","arcs":[[-3737,-3755,-3726,4319]],"id":6466,"properties":{"WD24CD":"E05015575","WD24NM":"Whitegrove","LAD24CD":"E06000036"}},{"type":"Polygon","arcs":[[-2652,-2686,-2694,-2623,-4319,-3738,-4320,-3725,-2645]],"id":6467,"properties":{"WD24CD":"E05015576","WD24NM":"Winkfield & Warfield East","LAD24CD":"E06000036"}},{"type":"MultiPolygon","arcs":[[[4320]],[[4321]],[[4322,4322,4322]],[[-27,26,4323]],[[4324]],[[-25,4325]],[[4326]],[[4327]],[[4328]],[[4329]],[[4330,-23,4331,4332,4333,4334]]],"id":6472,"properties":{"WD24CD":"E05015581","WD24NM":"Bedhampton","LAD24CD":"E07000090"}},{"type":"Polygon","arcs":[[-2558,4335,4336,4337,-2541]],"id":6473,"properties":{"WD24CD":"E05015582","WD24NM":"Cowplain","LAD24CD":"E07000090"}},{"type":"MultiPolygon","arcs":[[[4338]],[[-2032,4339,-2029,4340,2026,4341,4342,-2554,-2048]]],"id":6474,"properties":{"WD24CD":"E05015583","WD24NM":"Emsworth","LAD24CD":"E07000090"}},{"type":"Polygon","arcs":[[-2542,-4338,4343,-1294,-2537]],"id":6475,"properties":{"WD24CD":"E05015584","WD24NM":"Hart Plain","LAD24CD":"E07000090"}},{"type":"Polygon","arcs":[[-4343,4344,-4335,4345,-2555]],"id":6476,"properties":{"WD24CD":"E05015585","WD24NM":"Havant St Faith's","LAD24CD":"E07000090"}},{"type":"Polygon","arcs":[[4346,4347]],"id":6477,"properties":{"WD24CD":"E05015586","WD24NM":"Hayling East","LAD24CD":"E07000090"}},{"type":"Polygon","arcs":[[-4348,4348]],"id":6478,"properties":{"WD24CD":"E05015587","WD24NM":"Hayling West","LAD24CD":"E07000090"}},{"type":"Polygon","arcs":[[-4346,-4334,4349,-2556]],"id":6479,"properties":{"WD24CD":"E05015588","WD24NM":"Leigh Park Central & West Leigh","LAD24CD":"E07000090"}},{"type":"Polygon","arcs":[[-4350,-4333,4350,4351,-4336,-2557]],"id":6480,"properties":{"WD24CD":"E05015589","WD24NM":"Leigh Park Hermitage","LAD24CD":"E07000090"}},{"type":"Polygon","arcs":[[-4332,-32,-1313,4352]],"id":6481,"properties":{"WD24CD":"E05015590","WD24NM":"Purbrook","LAD24CD":"E07000090"}},{"type":"Polygon","arcs":[[-4351,-4353,-1312,4353]],"id":6482,"properties":{"WD24CD":"E05015591","WD24NM":"Stakes","LAD24CD":"E07000090"}},{"type":"Polygon","arcs":[[-4337,-4352,-4354,-1311,-1295,-4344]],"id":6483,"properties":{"WD24CD":"E05015592","WD24NM":"Waterloo","LAD24CD":"E07000090"}},{"type":"Polygon","arcs":[[4354,4355,4356,4357,4358,-3987,4359]],"id":6484,"properties":{"WD24CD":"E05015593","WD24NM":"Allington & Bridge","LAD24CD":"E07000110"}},{"type":"Polygon","arcs":[[4360,4361,-4017,-4023,-3989,4362]],"id":6485,"properties":{"WD24CD":"E05015594","WD24NM":"Barming Heath & Teston","LAD24CD":"E07000110"}},{"type":"Polygon","arcs":[[4363,4364,4365,4366]],"id":6486,"properties":{"WD24CD":"E05015595","WD24NM":"Bearsted & Downswood","LAD24CD":"E07000110"}},{"type":"Polygon","arcs":[[4367,4368,4369,4370,4371,4372]],"id":6487,"properties":{"WD24CD":"E05015596","WD24NM":"Boughton Monchelsea & Chart Sutton","LAD24CD":"E07000110"}},{"type":"Polygon","arcs":[[-3631,-742,-715,-874,4373,4374,-4367,4375,4376,4377,-4355,4378,-3984,-3981,-4037,-3603,-3587]],"id":6488,"properties":{"WD24CD":"E05015597","WD24NM":"Boxley Downs","LAD24CD":"E07000110"}},{"type":"Polygon","arcs":[[4379,4380,4381,4382,-4018,-4362]],"id":6489,"properties":{"WD24CD":"E05015598","WD24NM":"Coxheath & Farleigh","LAD24CD":"E07000110"}},{"type":"Polygon","arcs":[[-4358,4383,4384,-4380,-4361,4385]],"id":6490,"properties":{"WD24CD":"E05015599","WD24NM":"Fant & Oakwood","LAD24CD":"E07000110"}},{"type":"Polygon","arcs":[[-4366,4386,4387,4388,-4376]],"id":6491,"properties":{"WD24CD":"E05015600","WD24NM":"Grove Green & Vinters Park","LAD24CD":"E07000110"}},{"type":"Polygon","arcs":[[-873,-735,-2137,-2204,-2210,4389,4390,-4374]],"id":6492,"properties":{"WD24CD":"E05015601","WD24NM":"Harrietsham, Lenham & North Downs","LAD24CD":"E07000110"}},{"type":"Polygon","arcs":[[-2209,-2120,4391,4392,-4370,4393,-4390]],"id":6493,"properties":{"WD24CD":"E05015602","WD24NM":"Headcorn & Sutton Valence","LAD24CD":"E07000110"}},{"type":"Polygon","arcs":[[-4388,4394,4395,-4384,-4357,4396,4397]],"id":6494,"properties":{"WD24CD":"E05015603","WD24NM":"High Street","LAD24CD":"E07000110"}},{"type":"Polygon","arcs":[[-4375,-4391,-4394,-4369,4398,4399,4400,-4364]],"id":6495,"properties":{"WD24CD":"E05015604","WD24NM":"Leeds & Langley","LAD24CD":"E07000110"}},{"type":"Polygon","arcs":[[4401,-4373,4402,-4382,4403,4404]],"id":6496,"properties":{"WD24CD":"E05015605","WD24NM":"Loose & Linton","LAD24CD":"E07000110"}},{"type":"Polygon","arcs":[[-4383,-4403,-4372,4405,4406,4407,4408,-4019]],"id":6497,"properties":{"WD24CD":"E05015606","WD24NM":"Marden & Yalding","LAD24CD":"E07000110"}},{"type":"Polygon","arcs":[[-4386,-4363,-3988,-4359]],"id":6498,"properties":{"WD24CD":"E05015607","WD24NM":"Palace Wood","LAD24CD":"E07000110"}},{"type":"Polygon","arcs":[[4409,-4399,-4368,-4402,4410]],"id":6499,"properties":{"WD24CD":"E05015608","WD24NM":"Park Wood & Mangravet","LAD24CD":"E07000110"}},{"type":"Polygon","arcs":[[-4389,-4398,4411,-4377]],"id":6500,"properties":{"WD24CD":"E05015609","WD24NM":"Penenden Heath","LAD24CD":"E07000110"}},{"type":"Polygon","arcs":[[-4397,-4356,-4378,-4412]],"id":6501,"properties":{"WD24CD":"E05015610","WD24NM":"Ringlestone","LAD24CD":"E07000110"}},{"type":"Polygon","arcs":[[-4410,4412,-4400]],"id":6502,"properties":{"WD24CD":"E05015611","WD24NM":"Senacre","LAD24CD":"E07000110"}},{"type":"Polygon","arcs":[[-4365,-4401,-4413,-4411,-4405,4413,-4395,-4387]],"id":6503,"properties":{"WD24CD":"E05015612","WD24NM":"Shepway","LAD24CD":"E07000110"}},{"type":"Polygon","arcs":[[-4393,4414,4415,-4406,-4371]],"id":6504,"properties":{"WD24CD":"E05015613","WD24NM":"Staplehurst","LAD24CD":"E07000110"}},{"type":"Polygon","arcs":[[-4414,-4404,-4381,-4385,-4396]],"id":6505,"properties":{"WD24CD":"E05015614","WD24NM":"Tovil","LAD24CD":"E07000110"}},{"type":"Polygon","arcs":[[4416,4417,4418,4419,4420]],"id":6555,"properties":{"WD24CD":"E05015664","WD24NM":"Avenue","LAD24CD":"E07000087"}},{"type":"Polygon","arcs":[[4421,-4421,4422,-1317,4423]],"id":6556,"properties":{"WD24CD":"E05015665","WD24NM":"Fareham Park","LAD24CD":"E07000087"}},{"type":"MultiPolygon","arcs":[[[-3462,3461,4424]],[[-3464,3463,4425]],[[4426,4427]],[[4428,4429,4430,4431,4432,4433,4434,-3460,4435,-4417,-4422,4436,4437]]],"id":6557,"properties":{"WD24CD":"E05015666","WD24NM":"Fareham Town","LAD24CD":"E07000087"}},{"type":"Polygon","arcs":[[-3459,4438,-4418,-4436]],"id":6558,"properties":{"WD24CD":"E05015667","WD24NM":"Fort Fareham","LAD24CD":"E07000087"}},{"type":"Polygon","arcs":[[4439,-3497,4440,4441]],"id":6559,"properties":{"WD24CD":"E05015668","WD24NM":"Hill Head","LAD24CD":"E07000087"}},{"type":"Polygon","arcs":[[4442,4443,4444,4445,4446]],"id":6560,"properties":{"WD24CD":"E05015669","WD24NM":"Hook-with-Warsash","LAD24CD":"E07000087"}},{"type":"Polygon","arcs":[[4447,4448,-4447,4449]],"id":6561,"properties":{"WD24CD":"E05015670","WD24NM":"Locks Heath","LAD24CD":"E07000087"}},{"type":"Polygon","arcs":[[-1326,4450,4451,-4448,4452]],"id":6562,"properties":{"WD24CD":"E05015671","WD24NM":"Park Gate","LAD24CD":"E07000087"}},{"type":"Polygon","arcs":[[-82,4453,-72,4454,-68,-66,4455,-47,-50,4456,-51,4457,4458,-1314]],"id":6563,"properties":{"WD24CD":"E05015672","WD24NM":"Portchester Castle","LAD24CD":"E07000087"}},{"type":"Polygon","arcs":[[-53,4459,55,4460,-55,4461,-60,4462,61,4463,-70,4464,63,4465,-74,4466,-4458]],"id":6564,"properties":{"WD24CD":"E05015673","WD24NM":"Portchester Wicor","LAD24CD":"E07000087"}},{"type":"Polygon","arcs":[[-1327,-4453,-4450,-4446,4467]],"id":6565,"properties":{"WD24CD":"E05015674","WD24NM":"Sarisbury & Whiteley","LAD24CD":"E07000087"}},{"type":"Polygon","arcs":[[-4439,-3458,-3500,-3501,-3494,-3498,-4440,4468,-4419]],"id":6566,"properties":{"WD24CD":"E05015675","WD24NM":"Stubbington","LAD24CD":"E07000087"}},{"type":"Polygon","arcs":[[-1318,-4423,-4420,-4469,-4442,4469,-4444,4470,-4451,-1325]],"id":6567,"properties":{"WD24CD":"E05015676","WD24NM":"Titchfield","LAD24CD":"E07000087"}},{"type":"Polygon","arcs":[[-4471,-4443,-4449,-4452]],"id":6568,"properties":{"WD24CD":"E05015677","WD24NM":"Titchfield Common","LAD24CD":"E07000087"}},{"type":"Polygon","arcs":[[4471,-4437,-4424,-1316]],"id":6569,"properties":{"WD24CD":"E05015678","WD24NM":"Uplands & Funtley","LAD24CD":"E07000087"}},{"type":"MultiPolygon","arcs":[[[4472,-4432]],[[4433,-4434,4473]],[[-4430,4474]],[[-4459,-4467,-76,4475,-80,-79,4476,57,4477,-4428,4478,-4438,-4472,-1315]]],"id":6570,"properties":{"WD24CD":"E05015679","WD24NM":"Wallington & Downend","LAD24CD":"E07000087"}},{"type":"Polygon","arcs":[[4479,4480,-529,4481,4482,4483,4484]],"id":6674,"properties":{"WD24CD":"E05015783","WD24NM":"Barkham & Arborfield","LAD24CD":"E06000041"}},{"type":"Polygon","arcs":[[4485,4486,4487,4488]],"id":6675,"properties":{"WD24CD":"E05015784","WD24NM":"Bulmershe & Coronation","LAD24CD":"E06000041"}},{"type":"Polygon","arcs":[[4489,4490,4491,4492,4493]],"id":6676,"properties":{"WD24CD":"E05015785","WD24NM":"Emmbrook","LAD24CD":"E06000041"}},{"type":"Polygon","arcs":[[4494,4495,-4480,4496,-4492]],"id":6677,"properties":{"WD24CD":"E05015786","WD24NM":"Evendons","LAD24CD":"E06000041"}},{"type":"Polygon","arcs":[[4497,4498,-4314,-4318,-544,-546,-530,-4481,-4496]],"id":6678,"properties":{"WD24CD":"E05015787","WD24NM":"Finchampstead","LAD24CD":"E06000041"}},{"type":"Polygon","arcs":[[4499,-4484,4500,4501,4502]],"id":6679,"properties":{"WD24CD":"E05015788","WD24NM":"Hawkedon","LAD24CD":"E06000041"}},{"type":"Polygon","arcs":[[4503,-4502,4504,-3418,-3436,-3432]],"id":6680,"properties":{"WD24CD":"E05015789","WD24NM":"Hillside","LAD24CD":"E06000041"}},{"type":"Polygon","arcs":[[4505,4506,4507,-4486,4508,4509]],"id":6681,"properties":{"WD24CD":"E05015790","WD24NM":"Loddon","LAD24CD":"E06000041"}},{"type":"Polygon","arcs":[[4510,-4488,4511,-4507,4512,-4503,-4504,-3435,-3440,-2697]],"id":6682,"properties":{"WD24CD":"E05015791","WD24NM":"Maiden Erlegh & Whitegates","LAD24CD":"E06000041"}},{"type":"Polygon","arcs":[[4513,-4490,4514]],"id":6683,"properties":{"WD24CD":"E05015792","WD24NM":"Norreys","LAD24CD":"E06000041"}},{"type":"Polygon","arcs":[[-4501,-4483,4515,-3441,-3419,-4505]],"id":6684,"properties":{"WD24CD":"E05015793","WD24NM":"Shinfield","LAD24CD":"E06000041"}},{"type":"Polygon","arcs":[[-4508,-4512,-4487]],"id":6685,"properties":{"WD24CD":"E05015794","WD24NM":"South Lake","LAD24CD":"E06000041"}},{"type":"Polygon","arcs":[[-4516,-4482,-535,-2981,-2412,-3442]],"id":6686,"properties":{"WD24CD":"E05015795","WD24NM":"Spencers Wood & Swallowfield","LAD24CD":"E06000041"}},{"type":"Polygon","arcs":[[-2681,4516,-4509,-4489,-4511,-2696,-4310,-3161]],"id":6687,"properties":{"WD24CD":"E05015796","WD24NM":"Thames","LAD24CD":"E06000041"}},{"type":"Polygon","arcs":[[-2680,-3729,-3736,4517,-4515,-4494,4518,-4510,-4517]],"id":6688,"properties":{"WD24CD":"E05015797","WD24NM":"Twyford, Ruscombe & Hurst","LAD24CD":"E06000041"}},{"type":"Polygon","arcs":[[-3735,4519,-4498,-4495,-4491,-4514,-4518]],"id":6689,"properties":{"WD24CD":"E05015798","WD24NM":"Wescott","LAD24CD":"E06000041"}},{"type":"Polygon","arcs":[[-4493,-4497,-4485,-4500,-4513,-4506,-4519]],"id":6690,"properties":{"WD24CD":"E05015799","WD24NM":"Winnersh","LAD24CD":"E06000041"}},{"type":"Polygon","arcs":[[-3749,-4315,-4499,-4520,-3734]],"id":6691,"properties":{"WD24CD":"E05015800","WD24NM":"Wokingham Without","LAD24CD":"E06000041"}},{"type":"Polygon","arcs":[[-2119,4520,4521,-4415,-4392]],"id":6694,"properties":{"WD24CD":"E05015803","WD24NM":"Cranbrook, Sissinghurst & Frittenden","LAD24CD":"E07000116"}},{"type":"Polygon","arcs":[[4522,4523,4524,4525,4526,4527,4528]],"id":6695,"properties":{"WD24CD":"E05015804","WD24NM":"Culverden","LAD24CD":"E07000116"}},{"type":"Polygon","arcs":[[-4416,-4522,4529,-1742,-1815,4530,4531,-4407]],"id":6696,"properties":{"WD24CD":"E05015805","WD24NM":"Rural Tunbridge Wells","LAD24CD":"E07000116"}},{"type":"Polygon","arcs":[[-2182,-1749,-1750,-1738,-4530,-4521,-2118]],"id":6697,"properties":{"WD24CD":"E05015806","WD24NM":"Hawkhurst, Sandhurst & Benenden","LAD24CD":"E07000116"}},{"type":"Polygon","arcs":[[4532,-4529,4533,4534]],"id":6698,"properties":{"WD24CD":"E05015807","WD24NM":"High Brooms","LAD24CD":"E07000116"}},{"type":"Polygon","arcs":[[-4532,4535,-4408]],"id":6699,"properties":{"WD24CD":"E05015808","WD24NM":"Paddock Wood","LAD24CD":"E07000116"}},{"type":"Polygon","arcs":[[-1819,-1880,4536,-4526,4537]],"id":6700,"properties":{"WD24CD":"E05015809","WD24NM":"Pantiles","LAD24CD":"E07000116"}},{"type":"Polygon","arcs":[[-1820,-4538,-4525,4538,4539,4540]],"id":6701,"properties":{"WD24CD":"E05015810","WD24NM":"Park","LAD24CD":"E07000116"}},{"type":"Polygon","arcs":[[-4409,-4536,-4531,-1814,-4541,4541,4542,-4035,-4010,-4003,-4020]],"id":6702,"properties":{"WD24CD":"E05015811","WD24NM":"Pembury & Capel","LAD24CD":"E07000116"}},{"type":"Polygon","arcs":[[-4527,-4537,-1879,-1072,4543]],"id":6703,"properties":{"WD24CD":"E05015812","WD24NM":"Rusthall & Speldhurst","LAD24CD":"E07000116"}},{"type":"Polygon","arcs":[[-4540,4544,4545,-4535,4546,-4542]],"id":6704,"properties":{"WD24CD":"E05015813","WD24NM":"Sherwood","LAD24CD":"E07000116"}},{"type":"Polygon","arcs":[[-4036,-4543,-4547,-4534,-4528,-4544,-1071,-1067,-4030]],"id":6705,"properties":{"WD24CD":"E05015814","WD24NM":"Southborough & Bidborough","LAD24CD":"E07000116"}},{"type":"Polygon","arcs":[[-4539,-4524,4547,-4545]],"id":6706,"properties":{"WD24CD":"E05015815","WD24NM":"St James'","LAD24CD":"E07000116"}},{"type":"Polygon","arcs":[[-4546,-4548,-4523,-4533]],"id":6707,"properties":{"WD24CD":"E05015816","WD24NM":"St John's","LAD24CD":"E07000116"}},{"type":"Polygon","arcs":[[4548,4549,4550,-2788,-2768,-2803,-2774,4551]],"id":6776,"properties":{"WD24CD":"E05015885","WD24NM":"Bletchingley & Nutfield","LAD24CD":"E07000215"}},{"type":"Polygon","arcs":[[4552,4553,4554,-3689,-2864,-2779,-2785,-4551]],"id":6777,"properties":{"WD24CD":"E05015886","WD24NM":"Burstow, Horne & Outwood","LAD24CD":"E07000215"}},{"type":"Polygon","arcs":[[4555,4556,-4552,-2773,-4558,4558]],"id":6778,"properties":{"WD24CD":"E05015887","WD24NM":"Chaldon","LAD24CD":"E07000215"}},{"type":"Polygon","arcs":[[-93,-1845,-3705,-3708,-3711,-3691,-3687,-4555,4559,4560,-114]],"id":6779,"properties":{"WD24CD":"E05015888","WD24NM":"Dormansland & Felbridge","LAD24CD":"E07000215"}},{"type":"Polygon","arcs":[[4561,-4553,-4550,4562,4563]],"id":6780,"properties":{"WD24CD":"E05015889","WD24NM":"Godstone","LAD24CD":"E07000215"}},{"type":"Polygon","arcs":[[4564,-4563,-4549,-4557,4565,4566]],"id":6781,"properties":{"WD24CD":"E05015890","WD24NM":"Harestone","LAD24CD":"E07000215"}},{"type":"Polygon","arcs":[[-1077,-112,-115,-4561,4567,4568,4569,4570]],"id":6782,"properties":{"WD24CD":"E05015891","WD24NM":"Limpsfield","LAD24CD":"E07000215"}},{"type":"Polygon","arcs":[[4571,-4568,-4560,-4554,-4562,4572,4573]],"id":6783,"properties":{"WD24CD":"E05015892","WD24NM":"Lingfield & Crowhurst","LAD24CD":"E07000215"}},{"type":"Polygon","arcs":[[4574,-4570,4575,-4574,4576,4577]],"id":6784,"properties":{"WD24CD":"E05015893","WD24NM":"Oxted North","LAD24CD":"E07000215"}},{"type":"Polygon","arcs":[[-4572,-4576,-4569]],"id":6785,"properties":{"WD24CD":"E05015894","WD24NM":"Oxted South","LAD24CD":"E07000215"}},{"type":"Polygon","arcs":[[4578,-4566,-4556,4579,-4581,-4582,4582]],"id":6786,"properties":{"WD24CD":"E05015895","WD24NM":"Portley & Queens Park","LAD24CD":"E07000215"}},{"type":"Polygon","arcs":[[-4584,-1078,-4571,-4575,4584,-4586]],"id":6787,"properties":{"WD24CD":"E05015896","WD24NM":"Tatsfield & Titsey","LAD24CD":"E07000215"}},{"type":"Polygon","arcs":[[-4567,-4579,4586,4587]],"id":6788,"properties":{"WD24CD":"E05015897","WD24NM":"Valley","LAD24CD":"E07000215"}},{"type":"Polygon","arcs":[[-4589,-4590,-4585,-4578,4590,4591,-4593,-4594]],"id":6789,"properties":{"WD24CD":"E05015898","WD24NM":"Warlingham East & Chelsham & Farleigh","LAD24CD":"E07000215"}},{"type":"Polygon","arcs":[[-4592,4594,4595,-4597]],"id":6790,"properties":{"WD24CD":"E05015899","WD24NM":"Warlingham West","LAD24CD":"E07000215"}},{"type":"Polygon","arcs":[[-4559,-4598,-4580]],"id":6791,"properties":{"WD24CD":"E05015900","WD24NM":"Westway","LAD24CD":"E07000215"}},{"type":"Polygon","arcs":[[4598,-4587,-4583,-4600,-4596]],"id":6792,"properties":{"WD24CD":"E05015901","WD24NM":"Whyteleafe","LAD24CD":"E07000215"}},{"type":"Polygon","arcs":[[-4577,-4573,-4564,-4565,-4588,-4599,-4595,-4591]],"id":6793,"properties":{"WD24CD":"E05015902","WD24NM":"Woldingham","LAD24CD":"E07000215"}}]}},"arcs":[[[73057,8642],[-2,-11],[17,-20],[2,-9],[-17,-33],[4,-25],[24,-53]],[[73085,8491],[-62,1],[-35,-3],[1,-5],[-31,-1],[-2,8],[-22,-9],[-7,5],[8,3],[-7,6],[9,16],[-29,2],[-3,-9],[-41,3],[-7,9],[-19,1],[0,2],[-14,2],[-5,-7],[-10,1]],[[72809,8516],[43,65],[-4,2],[0,27]],[[72848,8610],[-6,6],[1,44],[55,-5],[42,2],[39,-10],[36,-4],[30,0],[1,1],[11,-2]],[[72835,8386],[-10,0],[-14,-8],[-58,6],[-26,0]],[[72727,8384],[2,33],[-46,-3],[-14,-6]],[[72669,8408],[3,18],[12,4],[18,24],[-3,5]],[[72699,8459],[25,8]],[[72724,8467],[19,2],[50,-10],[71,-10],[-29,-63]],[[72707,8598],[11,-9],[8,-35],[-6,-36],[4,-47]],[[72724,8471],[0,-4]],[[72699,8459],[-62,0],[-74,6],[-21,-6],[1,23],[-61,-14],[-13,2],[-25,8]],[[72444,8478],[2,0],[-7,8],[-8,2],[-1,5],[-4,-1],[-3,4],[11,6],[-2,3],[-38,-13],[-4,17],[9,2],[11,-11],[2,1],[-13,14],[-9,3],[5,4],[-5,0],[-1,6],[7,0],[-3,3],[3,5],[-3,3],[4,5],[-6,0],[1,24],[36,0],[13,-7],[-3,-2],[-10,5],[-2,-1],[0,-22],[17,0],[0,18],[24,-2],[-2,14],[-18,1],[4,5],[-11,1],[1,3],[10,0],[0,3],[-8,1],[21,15],[89,-15],[6,-3],[27,5],[0,1]],[[72586,8588],[34,-8],[-2,-4],[14,-4],[3,6],[30,-4],[8,27],[13,0],[2,-4],[19,1]],[[72848,8610],[-51,-1],[-2,5],[-66,-1]],[[72729,8613],[-1,17],[20,0],[-2,29]],[[72746,8659],[19,0],[1,50],[17,3],[54,-2],[-3,22],[53,-2],[15,40],[35,39]],[[72937,8809],[25,-6],[34,-3],[-4,6],[14,-12],[26,-8],[3,7],[3,0],[-4,-49],[24,-4],[8,-14],[-6,-5],[7,-11],[-17,-35],[6,-16],[1,-17]],[[72941,9006],[-9,-14],[21,-1],[-3,-3],[-70,-19],[-9,-42],[50,-3],[-6,-47],[-6,0],[-5,-8],[29,-8],[17,-12],[5,-20],[8,-2],[-17,-10]],[[72946,8817],[-87,18],[-124,15],[-56,1],[-27,4]],[[72652,8855],[-29,9],[-68,33],[-53,36],[14,1],[53,-5],[81,2],[26,7],[-8,10],[6,15],[48,-4],[6,28],[43,-1],[-121,29],[-59,23]],[[72591,9038],[63,-13],[83,-7],[40,1],[4,20],[30,-5],[16,3],[5,-1],[5,-7],[29,0],[0,-20],[75,-3]],[[73245,8978],[1,-15],[-19,-5],[7,-17],[-13,-2],[3,-16],[13,1],[9,-30],[8,-2],[0,-5],[-6,-2],[16,-24],[-7,-12]],[[73257,8849],[-7,-11]],[[73250,8838],[-2,-3],[2,-11]],[[73250,8824],[-13,-16]],[[73237,8808],[-4,-2]],[[73233,8806],[-3,-1]],[[73230,8805],[-3,-12],[15,-12],[-15,-30],[4,-6],[-32,4],[-4,7],[-12,1],[-1,-3],[-9,0],[-14,13],[-31,5],[-14,55],[-23,-7],[-23,-2],[-22,-6],[-7,-15],[-2,3],[4,13],[-5,2],[-72,-6],[-23,4]],[[72941,8813],[5,4]],[[72941,9006],[2,13]],[[72943,9019],[18,0],[1,-3],[11,-4],[5,4],[6,-3],[1,-5],[28,-2],[-1,-11],[90,-9],[139,-1],[4,-7]],[[72677,8307],[10,15],[7,2],[-4,4],[5,15],[10,3],[-4,3],[12,12],[6,-1],[-2,21],[10,0],[0,3]],[[72835,8386],[67,-4],[10,1],[16,9],[4,18],[58,0],[10,-7],[25,-4],[10,17],[5,-1]],[[73040,8415],[2,-3],[20,-2],[7,2],[1,3],[11,0],[50,20],[-25,-11],[5,-4],[9,-2],[23,9],[-9,7],[16,-2],[9,2],[12,10],[1,21],[-4,6],[-10,4],[15,-2],[8,-23],[-2,-21],[7,-21],[-16,-18],[-15,-5],[-175,-29],[-115,-25],[-158,-22],[-30,-2]],[[72809,8516],[-19,-27],[-12,-10],[-22,-7],[-32,-1]],[[72707,8598],[-10,14],[32,1]],[[72636,8733],[0,-1]],[[72636,8733],[0,0]],[[72746,8659],[-47,1],[32,37],[-49,-3],[0,24],[-27,-7],[-5,-3],[-7,21],[-7,3]],[[72636,8732],[9,-2],[7,1],[5,5],[6,22],[-1,9],[-4,3],[3,9],[22,7],[8,11],[15,8],[4,28],[20,8],[46,-2],[3,-3],[43,-2],[51,-6],[32,-6],[32,-13]],[[72941,8813],[-40,13],[-32,6],[-88,9],[-31,0],[-5,3],[-35,0],[-19,-6],[-13,-7],[-53,-47],[-6,-8],[-1,-11],[-11,0]],[[72607,8765],[52,59],[2,15],[-9,16]],[[73085,8491],[11,-23],[-5,0],[3,-12],[-18,-8],[-21,-17],[-4,-10],[-13,-2],[2,-4]],[[72537,8634],[1,-5],[-6,4],[-44,-4],[3,10],[10,7],[4,23],[10,16],[21,8],[9,-2],[12,-11],[16,-38],[-12,0],[-24,-8]],[[72586,8588],[7,23],[-4,1],[-10,-5],[-9,1],[-22,-5],[8,4],[0,2],[-23,-1],[22,2],[-1,6],[33,23],[-1,7],[-4,4],[6,0],[3,8],[-16,23],[-14,34],[-11,1],[-18,-3],[-5,2],[-21,16],[-6,17],[6,2],[13,-2],[34,3],[14,9],[-7,9],[10,0],[10,-6],[0,-6],[9,-6],[6,7],[9,-2],[-5,-11],[16,3],[21,-6],[0,-9]],[[72289,8829],[31,0],[9,3],[49,2]],[[72378,8834],[0,-1],[-45,-2],[-12,-3],[-32,1]],[[72289,8829],[-27,7],[-28,9]],[[72234,8845],[55,-16]],[[72208,8852],[6,-1]],[[72214,8851],[-19,2]],[[72195,8853],[13,-1]],[[72129,8857],[-24,-1],[-6,1]],[[72099,8857],[7,-1],[23,1]],[[72165,8862],[-4,-2]],[[72165,8862],[0,0]],[[71815,8870],[-4,2]],[[71815,8870],[0,0]],[[72060,8871],[23,-12]],[[72083,8859],[-3,1],[-20,11]],[[72060,8873],[-5,5]],[[72060,8873],[0,0]],[[72004,8879],[-7,0]],[[72004,8879],[0,0]],[[72381,8840],[3,9],[-18,23],[-3,-1]],[[72363,8871],[-1,6],[23,-28],[-4,-9]],[[72363,8871],[-2,-1],[-8,10],[-4,0]],[[72349,8880],[4,1],[10,-10]],[[72008,8879],[31,7]],[[72008,8879],[0,0]],[[72348,8880],[1,7],[-5,5]],[[72344,8892],[8,-6],[-4,-6]],[[71985,8912],[9,-11],[-2,-2],[-12,-2],[-1,-3]],[[71979,8894],[0,4],[12,3],[-7,11],[-5,1],[-18,-3]],[[71961,8910],[0,2],[17,3],[7,-3]],[[71960,8910],[-8,-1],[-31,3],[-24,-10],[-3,-4],[5,-14],[-7,-3],[-42,-10]],[[71850,8871],[-29,-3]],[[71821,8868],[5,3],[24,0]],[[71850,8871],[31,9],[10,1],[5,3],[-9,14],[39,18],[34,-6]],[[72607,8765],[-6,4],[16,21],[-4,2],[-9,-8],[-51,5],[-44,30],[-67,31],[3,4],[-4,7],[37,61],[-4,3],[-25,5],[-79,0],[-9,-11],[-6,1],[0,-5],[6,3],[21,-7],[2,-3],[-15,5],[-2,-1],[16,-5],[4,-9],[-6,2],[-3,-3],[-16,7],[-19,0],[-4,-8]],[[72339,8896],[-11,11],[5,2],[0,64],[10,0],[-2,27],[9,3],[1,32]],[[72351,9035],[26,0],[127,-10],[7,15],[48,4],[32,-6]],[[72770,8050],[0,0]],[[72514,8236],[0,0]],[[72677,8307],[-34,-2],[-26,-4],[-14,2],[-28,13],[-15,13],[-65,41]],[[72495,8370],[33,30],[25,-5],[6,1],[5,4],[7,-5],[16,-3],[21,8],[-2,6],[3,7],[6,3],[54,-8]],[[72495,8370],[-14,14],[-64,34],[-8,11],[4,9],[6,2],[7,-9],[1,5],[12,0],[7,-5],[-2,-3],[-14,-2],[6,-9],[5,6],[7,1],[4,11],[-15,4],[7,2],[-18,2],[-4,7],[2,3],[10,2],[-10,8],[8,2],[12,13]],[[83983,12387],[6,-4],[5,-11],[21,-9],[-2,-7],[5,2],[60,-12],[37,6],[39,-1],[55,9],[3,16]],[[84212,12376],[12,-21],[0,-24],[11,-18],[3,-14],[25,-18],[4,-26],[-3,-7],[-8,-3],[-10,-13],[-23,-12],[-5,-10],[7,-9],[-15,-33],[10,-2],[3,-18],[6,-8],[13,0],[3,-6],[15,-9],[4,-10],[14,-8],[-8,-1],[-15,-37],[6,-26],[-28,-52],[2,-17],[8,-12],[-3,-11],[-35,-51],[-5,-16],[10,-4],[6,-22],[10,-17],[-25,-4],[36,-4],[25,-28],[15,-9],[0,-14],[18,-11],[74,-19],[8,-14],[-1,-26],[9,-7],[-16,-18],[3,-26]],[[84372,11661],[-12,-2],[-16,4],[-3,-4],[-18,0],[-3,3],[-19,3],[-26,-5]],[[84275,11660],[-7,2],[-29,-2],[-2,2],[-18,-7],[-13,3],[-9,-5],[-23,-2],[-7,-3],[0,-4],[-28,-5],[-20,-3],[-8,1],[-2,2],[-10,-1],[-1,-3],[-19,-1],[-2,-5],[-8,-1],[-1,-4],[-10,-4],[-29,1],[-7,-5],[-13,3],[-4,-2],[-17,1],[-21,-7],[-12,1],[-18,-4],[-4,2],[-14,-4],[-5,3],[-4,-4],[-8,5],[-10,2],[-1,4],[-5,-3],[-13,1],[-4,-4],[-3,2],[-16,-5],[-6,0],[-6,-4],[-21,-7],[-73,-2],[-24,9],[-13,-1],[-12,2],[1,3],[-13,-2],[-2,2],[-7,0],[-8,6],[-36,-9],[-3,5],[-25,10],[-18,0],[-12,-2],[-9,2],[-5,-2],[-12,4]],[[83546,11621],[-1,12],[10,7],[9,2],[12,23],[11,8],[5,11],[-1,8],[-22,3],[-11,8],[-4,17],[6,8],[1,26]],[[83561,11754],[11,-1],[35,7],[11,-3],[6,-6],[108,51],[25,-4],[32,0],[50,8],[23,-6],[-5,18],[-3,0],[1,11],[18,25],[4,17],[10,2],[0,15],[3,1],[16,-6],[15,4],[3,-3],[9,0],[32,-8],[10,14],[-12,8],[-11,14],[10,15],[-19,18],[-19,32],[16,7],[8,-2],[6,6]],[[83954,11988],[9,4],[16,27],[26,31],[9,3],[-1,5],[-12,3],[-3,6],[-8,5],[7,30],[-10,8],[3,6],[-5,1],[-7,6],[-22,-2],[-35,3],[6,8],[26,12],[-17,5],[15,21],[-3,2],[13,13],[-31,5],[-2,3],[-64,6],[5,14],[-12,6],[5,18],[5,0],[16,31],[-15,7],[4,8],[-13,5],[14,8],[-5,5],[10,4],[7,-2],[27,8],[5,13],[31,4],[-21,5]],[[83927,12333],[-4,42],[-13,0],[1,13],[36,2],[0,-3],[36,0]],[[84615,13892],[2,-1]],[[84617,13891],[0,-2],[17,2],[46,-20],[45,-8],[34,-1],[86,6],[51,-52]],[[84896,13816],[-37,-41],[-39,-28],[-40,-22],[-75,-29],[-48,-24],[-55,-37],[-22,-24],[17,-3],[8,12],[51,-6],[20,7],[22,-18],[-14,-3],[9,-2],[-13,-14],[-10,-4],[-6,2],[-9,-2],[3,-12],[13,-18],[28,4],[-1,3],[28,-8],[28,-3],[25,-9]],[[84779,13537],[-27,-22],[19,-10],[-39,-33],[-69,3],[-1,-3],[-38,5],[-2,-9],[-42,5],[-7,-18],[4,-7],[-3,-2]],[[84574,13446],[-16,5],[-30,-3],[-31,1],[-28,7],[-24,13],[-3,9],[-18,17],[-1,10]],[[84423,13505],[-3,3],[16,5],[2,18],[7,3],[4,17],[11,8],[5,13],[2,9],[-10,2],[5,18],[-8,3],[0,3],[8,13],[-3,4],[32,32],[-11,5]],[[84480,13661],[16,11],[5,9],[15,-8],[6,1],[4,12],[-18,4],[10,18],[-3,7],[-12,6],[20,17],[8,-2],[7,26],[-10,2],[1,4],[-13,3],[1,8],[-14,1],[0,9],[7,0],[1,22],[-6,2],[0,11],[2,9],[4,1],[-15,14],[5,3],[-7,7],[11,20],[-22,12],[2,4]],[[84485,13894],[0,2],[101,-5],[29,1]],[[84622,13203],[20,-36],[55,-60],[9,-21],[147,-44]],[[84853,13042],[-9,-12],[-21,-4],[-18,-19],[-23,-13],[-1,-4],[-23,-11],[-4,-8],[6,-8],[-8,-2],[-19,3],[-17,-11],[-14,2],[11,-36],[47,-34]],[[84760,12885],[-8,-8],[-5,-12],[-17,1],[4,-12],[10,0],[1,-5],[-26,-18],[3,-16],[-17,-14],[12,-16],[6,0],[4,-6],[0,-13],[10,-21],[18,-17],[-1,-6],[-15,-8],[-19,1],[5,-4],[-16,2],[8,-35],[15,-29],[33,-40]],[[84765,12609],[-12,-4],[-5,-7],[-30,10],[-60,1],[-21,-6]],[[84637,12603],[-2,46],[-29,31],[4,7],[28,11],[10,36],[-3,29],[-7,24],[2,23],[-6,45],[7,21],[-9,19],[22,4],[2,9],[-24,-2],[12,11],[36,19],[1,6],[-42,0],[-17,10],[18,13],[14,4],[-31,11],[-21,31],[-41,49],[-40,46],[-39,37],[-11,24]],[[84471,13167],[10,21],[77,-2],[19,29],[7,0],[38,-12]],[[83954,11988],[-176,114],[-8,-3],[-5,-9],[-28,-2],[-7,10],[-11,4],[-22,-9],[-24,69],[-37,9],[-57,8],[-30,7],[-34,12],[-33,19],[-16,-9],[-19,-4],[-23,3]],[[83424,12207],[-10,8],[1,2],[-9,3],[-16,19],[2,3],[-3,4],[9,3],[-5,3],[7,13],[-11,8],[25,20],[47,1],[3,15],[17,17],[-2,15],[-7,7],[5,18]],[[83477,12366],[3,-3],[35,-3],[21,-8],[20,-3],[47,5],[36,-3],[75,-15],[19,-10],[20,-6],[23,6],[15,-3],[18,2],[6,2],[-1,-4],[30,4],[18,7],[16,14],[49,-15]],[[83561,11754],[-25,14],[-14,22],[11,29],[-16,4],[-5,12],[6,14],[-4,7],[4,4],[-8,2],[3,21],[-3,3],[4,15],[6,6],[9,2],[5,12],[17,6],[4,8],[8,5],[-1,9],[9,17],[-3,6],[-24,15],[-3,19],[-5,-1],[-15,6],[0,7],[-11,9],[6,4],[-6,1],[-10,7],[21,13],[4,15],[-8,0],[-9,4],[-14,-3],[-5,7],[-12,4],[-3,5],[-4,1],[5,3],[-11,17],[-10,7],[3,9],[-3,2],[-7,0]],[[83447,12123],[-3,6],[-6,0],[-3,3],[-1,8],[8,11],[-32,30],[8,9],[6,17]],[[85882,13943],[-4,-5],[-33,-16],[-13,-10],[-16,-20],[-37,-6],[-1,-12],[-19,3],[-24,-37],[-14,0],[-32,-17],[-34,-35],[-4,-11],[5,-6],[-25,-44],[-19,-13],[-10,-1],[-23,-24],[-21,9],[-14,13],[-6,-3],[-20,-3],[2,-6],[-7,-4],[12,-9],[-8,-4],[-16,-3],[4,-7],[-23,0],[-11,-10],[-18,3],[-19,-8],[17,-12],[30,-37],[6,-12],[2,-19],[-6,-1],[-22,-21],[-20,-7],[-33,-7],[8,-18],[-19,2],[-23,-5],[-30,17],[-13,3],[-11,10],[-16,-11],[-15,5]],[[85289,13544],[23,23],[18,5],[7,6],[-37,24],[-4,15],[-16,1],[-19,8],[-3,21],[-8,3],[-1,3],[7,22],[26,14],[-9,16],[-15,-5],[-68,38],[-3,4],[-5,1],[-4,-4],[-14,5],[-37,4],[-110,32],[-7,-7],[-14,0],[-36,22],[-56,11],[-8,10]],[[84896,13816],[58,78],[25,24],[39,26],[27,-6],[1,2],[7,-4]],[[85053,13936],[6,-3],[13,2],[31,-5],[7,2],[10,-6],[19,1],[34,-6],[41,1],[37,-5],[50,7],[7,4],[21,3],[26,-3],[5,7],[16,5],[-3,7],[8,10],[-8,15],[16,-1],[14,20],[12,7],[10,13],[-1,9],[5,1],[1,4],[-4,7]],[[85426,14032],[118,1]],[[85544,14033],[107,-4],[29,-6],[6,7],[12,-4],[8,3],[26,-5],[9,-21],[12,-16],[-22,-11],[63,-18],[88,-15]],[[85916,13935],[-4,-10],[6,-5],[-3,-13],[25,-1],[8,5],[1,-8],[-5,2],[-6,-7],[-4,-17],[1,-7],[8,-2],[4,-11],[-8,-16],[-5,2],[-23,-23],[12,-9],[24,-38],[-19,-3],[-18,-9],[-21,-24]],[[85889,13741],[-31,-36],[-48,-7],[-24,-10],[4,-18],[-5,-31],[-9,-5],[14,-26],[-13,-13],[6,-18],[-3,-6],[11,0],[5,-8],[-4,-13],[6,-35],[-54,-34],[-6,-10],[-4,-26],[-14,-21],[-17,-11],[11,-5],[6,1],[12,-16],[17,-3],[20,-7],[51,-2],[1,7],[15,3]],[[85836,13391],[-1,-13],[-15,-16],[-19,-39],[2,-25],[-5,-20],[-27,-14],[-10,-14],[-20,-11],[-14,-17],[-6,4],[-11,-11],[-28,-5],[-47,-17]],[[85635,13193],[-60,-1],[-56,17],[-26,0],[-28,9],[-28,0],[-32,-10],[-24,1],[-27,10],[-19,14],[-9,12]],[[85326,13245],[-20,24],[-6,13],[40,16],[23,16],[14,5],[-10,7],[-35,10],[-38,16],[-16,17]],[[85278,13369],[1,9],[-17,26],[22,3],[0,14],[-8,16],[-22,26],[-2,15],[7,8],[7,-1],[8,11],[-11,1],[0,7],[26,26],[0,14]],[[85882,13943],[34,-8]],[[84574,13446],[68,-33],[19,-4],[3,-5],[-39,-69],[-19,-20],[-5,-27],[-15,-23],[29,-34],[11,-30],[-4,2]],[[84471,13167],[-60,7],[-34,14],[-32,7],[-3,-16],[-13,-22],[-87,-2],[-71,-21],[-38,-21],[-3,1],[-40,-16],[-41,-24],[-48,-20],[-59,-31]],[[83942,13023],[-17,9],[-31,22],[-7,21],[-26,28],[20,4],[-7,18],[6,3],[-11,20],[14,19],[6,19],[-6,12],[17,10],[9,11],[48,13],[33,14],[38,25],[6,14],[24,3],[15,13],[23,1],[24,-7],[4,12],[39,-6],[15,19],[8,5],[7,-5],[5,2],[0,8],[23,14],[14,14],[-16,10],[-17,33],[7,3],[-5,12],[-12,-2],[-5,14],[5,17],[3,-1],[9,9],[7,1]],[[84211,13454],[29,4],[29,11],[62,-6],[1,3],[49,-12],[2,5],[-9,11],[10,-1],[10,11],[11,-1],[1,3],[-8,2],[25,21]],[[85635,13193],[6,-3],[-2,-9],[-27,-5],[7,-17],[-8,0],[-6,-29],[-6,-13],[-7,-4],[0,-7],[6,-6],[-3,-16],[19,-18],[-6,-41],[-60,2],[11,-14]],[[85559,13013],[-47,-2],[-17,4],[-3,4],[-33,3],[-43,-9],[-18,4],[-50,-2],[-25,2],[-10,7],[-41,2],[-27,12],[-8,-3],[-40,6],[-19,12],[-41,-4],[-4,5],[-25,-6],[-59,6],[-6,-5]],[[85043,13049],[-28,7],[13,33],[0,14],[38,55],[55,-8],[8,15],[29,-8],[0,5],[13,1],[11,15],[-15,3],[-3,6],[-16,8],[-37,7],[9,9],[32,-1],[42,6],[24,10],[24,15],[35,10],[49,-6]],[[85056,12826],[-40,12],[-27,1],[-19,-5],[-21,-1],[-29,-15],[0,17],[23,79],[2,34]],[[84945,12948],[49,0],[74,8]],[[85068,12956],[-20,-25],[4,-12],[-15,-27],[16,-10],[6,-13],[-3,-8],[24,-31],[-16,-5],[-4,2],[-4,-1]],[[84805,12851],[29,-61],[22,-20],[7,1],[10,-8],[-2,-8],[5,-11],[14,-2],[-20,-12],[1,-10],[25,0],[25,-7],[11,10],[23,-42],[24,-17],[-1,-37],[16,-16]],[[84994,12611],[-73,-1],[-39,-9],[-74,-9],[-18,1],[-17,18],[-8,-2]],[[84760,12885],[24,-14],[21,-20]],[[85043,13049],[30,-16],[18,-5],[36,-38],[-8,-4],[0,-31],[-51,1]],[[84945,12948],[-14,0],[-78,-19],[-50,-55],[-2,-12],[4,-11]],[[84853,13042],[30,-15],[12,3],[29,-2],[6,-12],[8,6],[13,-1],[7,20],[20,10],[14,2],[51,-4]],[[85056,12826],[55,-15],[36,-19],[21,-4],[4,-5],[-3,-13],[13,-4],[33,-20],[15,-17],[-4,0],[-5,-28],[-17,-24],[-9,-2],[-8,-8],[-23,-11],[-63,-22],[-61,-42],[-16,-2],[-30,21]],[[84763,13922],[-76,-22],[-70,-9]],[[84615,13892],[11,1],[-33,30],[-12,22],[-4,24],[-9,15],[-11,14],[-23,20],[-17,4],[-23,13],[2,3]],[[84496,14038],[1,2]],[[84497,14040],[98,-33],[149,-78],[19,-7]],[[84535,14041],[30,0],[37,-4],[-2,-4],[17,-7],[19,-3],[4,15],[17,-2],[1,4]],[[84658,14040],[10,0],[1,-11],[25,0],[-3,-9],[55,1],[19,-5],[20,-1],[56,-18]],[[84841,13997],[15,3],[13,-5],[1,-4],[43,-10],[8,-15],[-158,-44]],[[84497,14040],[3,5],[22,-5],[13,1]],[[96835,13705],[-6,-6],[7,-2],[-9,-18],[-4,0],[-18,-31],[-7,-5]],[[96798,13643],[-38,21],[-178,58]],[[96582,13722],[53,22],[33,5],[9,0],[50,22]],[[96727,13771],[63,-36],[11,7],[-11,9],[18,5],[8,-7],[-4,-2],[9,-6],[34,-14],[5,3],[10,-7],[-3,-5],[-22,2],[-10,-15]],[[95740,13798],[3,-9],[21,3],[9,-19]],[[95773,13773],[-81,-10],[-185,-9],[-58,-7],[-274,-20]],[[95175,13727],[29,19],[2,4],[-9,9]],[[95197,13759],[4,2],[26,1],[22,-4],[44,-1],[52,4],[41,11],[29,12],[2,7],[8,6],[30,8],[27,-4],[30,1],[30,6],[26,-10],[24,-4],[42,-3],[30,3],[15,-9],[10,-3],[13,3],[-1,6],[6,4],[33,3]],[[95878,13666],[-104,-41],[7,-2],[-5,-5],[5,-1],[-42,-9],[-32,0],[-189,18],[-12,4],[-3,-4],[-28,6],[-11,3],[6,4],[-6,1],[-13,8],[0,2],[-29,14],[-18,20],[-8,0],[2,4],[-5,4],[-18,-2],[-1,-4],[-9,-2],[-5,6],[-39,7],[-15,-3],[-14,-10],[-16,12],[-21,2],[-3,9],[-4,2],[-13,-5],[-11,-1],[-6,4],[0,9],[-16,10],[-9,0],[-5,-5],[2,-5],[14,-8],[-1,-5],[-13,-2],[-18,4],[-8,6],[0,5],[11,11]],[[95773,13773],[46,6],[-9,-4],[-3,-11],[-24,-1],[13,-55],[-11,-13],[-9,-4],[102,-25]],[[96951,13667],[-5,-12],[0,-30],[6,-42],[-9,-1],[3,4],[-7,1],[-11,-6]],[[96928,13581],[-95,19]],[[96833,13600],[-11,21],[-24,22]],[[96835,13705],[38,-6],[-6,-8],[9,-2],[8,12],[46,-9],[-5,-19],[26,-6]],[[96750,13324],[1,-4],[-5,-7],[-10,-4],[-7,-7],[19,-13],[-21,12],[5,8],[11,4],[7,7],[-13,16],[-9,2],[-9,-2],[6,-4],[-12,2],[-11,-10],[-5,2],[-3,-3],[10,-7],[-2,-1],[-10,7],[-8,-5],[13,-13],[22,0],[-16,-3],[-6,2],[-10,9],[-29,-10],[-7,0],[-4,-10],[17,-3],[-18,0],[2,-8],[12,-12],[64,-1],[-64,1],[-39,1]],[[96621,13270],[-16,21],[-2,0]],[[96603,13291],[-3,6]],[[96600,13297],[4,8],[-29,38]],[[96575,13343],[-16,37],[5,8],[-2,6],[3,5],[-27,-5]],[[96538,13394],[-14,24]],[[96524,13418],[26,4],[57,20]],[[96607,13442],[36,-28],[18,-21],[4,-16],[28,-14],[17,-16],[23,-5],[17,-18]],[[96236,13178],[-57,-7]],[[96179,13171],[4,8],[5,2],[-4,5],[-4,10],[2,5],[13,7],[6,-1],[9,-14],[26,-15]],[[96621,13270],[-1,0],[-17,21]],[[96323,13381],[29,0],[45,-9],[14,-7],[22,0],[23,-7],[10,2],[1,-3],[14,-4],[7,-4],[1,4],[7,0],[-1,-8],[34,-5],[46,3]],[[96600,13297],[-17,-2],[0,-1],[-13,-2],[-66,-3],[-54,5],[-11,-1],[-14,5],[-29,1],[-55,17],[-10,-2],[-34,4],[-34,-15],[-1,-10],[-20,-6],[-10,1],[-6,-5],[-6,0],[-22,-9],[-4,-7],[-26,-15],[-14,-18],[0,-14],[3,-6],[14,-1],[-2,-1],[10,-2],[-13,-4],[-11,-10],[10,6],[-4,-12],[5,13],[-1,2],[10,2],[-9,-18],[4,5],[-1,-16],[-9,-8],[-13,-1],[9,6],[-5,-1],[-9,5],[-11,17],[1,-9],[3,2],[6,-10],[-9,3],[19,-9],[-7,-3],[-11,5],[-1,-1],[10,-2],[-12,-4],[-7,5],[-8,0],[-3,8],[-4,-1],[-2,5],[-3,-4],[17,-11],[8,-2],[-13,-5],[-9,-7]],[[96106,13156],[-59,14]],[[96047,13170],[9,23],[32,33],[8,16],[28,35],[-1,31],[-5,1],[22,87],[21,-7],[5,10],[52,-3],[-3,-15],[31,-1],[47,3],[12,-2],[18,0]],[[96844,13864],[-17,-9],[-36,-28],[-39,-33],[7,-2],[-6,-8]],[[96753,13784],[-54,-1],[-13,-5],[-15,1],[-33,14],[-102,22]],[[96536,13815],[18,21],[-16,3],[2,4],[-6,1],[3,12],[3,-1],[2,19],[7,0],[0,13],[-10,2],[0,2]],[[96539,13891],[24,0],[23,8],[6,-2],[4,-6],[15,-3],[14,3],[2,-2],[68,-4],[36,8],[10,9],[9,3],[19,-5],[20,-12],[55,-24]],[[96536,13815],[-23,4],[-37,-2],[-22,18],[-23,9],[-6,-3],[-9,-14]],[[96416,13827],[-31,9],[-4,-3],[-19,6],[30,31],[7,0],[3,26]],[[96402,13896],[12,0],[8,3],[10,-5],[107,-3]],[[96753,13784],[14,5],[-40,-18]],[[96582,13722],[-179,58]],[[96403,13780],[15,16],[26,11],[-25,14],[-3,6]],[[96798,13382],[-49,-44],[-9,-3],[10,-11]],[[96607,13442],[61,21]],[[96668,13463],[23,7],[-3,-24],[10,-7],[22,-7],[-2,-2],[13,-4],[8,-6],[-5,-4],[9,-6],[49,-24],[6,-4]],[[96266,13824],[-12,-9],[13,-4],[15,-16],[-20,-19],[20,-11],[-23,-16],[11,-8],[-38,-9],[-14,-7]],[[96218,13725],[-8,-4],[-5,5],[-4,-2],[1,-6],[-38,-5],[-3,5],[-19,-6],[4,-3],[-25,-6],[-31,-3],[-51,-9],[-60,0],[-32,-5]],[[95947,13686],[-9,22],[1,30],[38,-1],[-6,30],[3,16]],[[95974,13783],[68,-5],[42,0],[74,23],[12,7],[52,16],[23,3],[21,-3]],[[96844,13864],[26,-5],[1,-4],[42,-10],[-9,-11],[0,-10],[15,-10],[24,-8],[10,-25],[12,-10],[16,-7],[6,-7],[-1,-25],[-11,-24],[3,-17],[-5,-8],[-22,-16]],[[96403,13780],[-136,44]],[[96267,13824],[-4,16],[1,8]],[[96264,13848],[25,3],[23,7],[2,8],[16,7],[2,3],[-4,5],[-13,1],[-13,-5],[3,5],[9,2],[14,-1],[33,11],[41,2]],[[96323,13381],[0,8]],[[96323,13389],[50,11],[100,12],[0,-6],[41,-6],[-3,-7],[18,-3],[9,4]],[[96323,13389],[2,17],[30,40],[20,48]],[[96375,13494],[87,1],[36,4],[12,-1],[-6,-9],[-6,-25],[5,-22],[18,-17],[3,-7]],[[96670,13514],[-5,-39],[3,-12]],[[96375,13494],[-19,-3],[3,42],[11,0],[1,4],[7,59],[34,-4],[31,14]],[[96443,13606],[16,-28],[25,-4],[6,4],[19,-11],[21,-4],[2,3],[8,-2],[-3,-6],[32,-5],[-1,-7],[18,-4],[22,-14],[25,-9],[24,-5],[13,0]],[[96833,13600],[-37,5],[-15,-2],[-16,1],[-3,-13],[-7,0],[-39,-87]],[[96716,13504],[-46,10]],[[96443,13606],[-8,15]],[[96435,13621],[27,13],[16,20],[30,27],[36,24],[38,17]],[[96435,13621],[-5,0],[-21,18],[-49,26],[4,14],[-95,28],[-51,18]],[[96266,13824],[1,0]],[[96716,13504],[0,-15],[15,-4],[30,6],[17,-21],[9,2],[31,-7],[-1,-6],[21,-7],[22,-11]],[[96860,13441],[-33,-39],[-29,-20]],[[95878,13666],[69,20]],[[96047,13170],[-7,-12],[-40,-24],[-3,-8],[-10,-1]],[[95987,13125],[-20,22],[-38,22],[-39,9],[-34,-8],[-14,12],[-46,24],[-28,2],[-84,8],[0,23],[-2,-23],[-34,-10],[-99,15],[-36,14],[-50,12],[-58,1],[-16,-2],[-22,-10],[-52,0],[-24,4],[-21,10],[-26,5],[-46,-1],[-51,11],[-46,23],[-12,27],[-11,5],[-9,-1]],[[95069,13319],[-20,3],[-10,5],[-19,17],[-1,9],[-20,15],[-45,12],[-59,27],[-9,10],[-10,22],[-20,19],[-1,8],[10,12],[-7,12],[-25,10],[-20,3],[-15,-1],[-13,4],[3,15],[-4,7],[-27,14],[-28,19],[-6,7],[-29,63],[7,12],[13,10],[13,2],[28,0],[33,4],[77,-20],[6,5],[12,30],[-4,5],[-40,3],[-10,7],[4,15],[-1,23],[-9,28],[-1,18]],[[94822,13773],[39,0],[6,-2],[214,-18],[63,0],[9,1],[2,3],[42,2]],[[96928,13581],[-2,-9],[5,-8],[-10,-8],[7,-10],[-11,-22],[-1,-16],[-11,-12],[-14,-2],[-6,-21],[-15,-14],[-10,-18]],[[95974,13783],[-13,0],[0,10],[19,1],[3,32]],[[95983,13826],[10,7],[25,0],[19,10],[12,2],[14,-1],[25,-8],[25,-5],[49,1],[28,4],[6,6],[9,-1],[15,3],[12,-2],[32,6]],[[95740,13798],[48,3],[31,-4],[9,1],[22,4],[20,9],[3,5],[-3,14],[16,7],[57,-14],[17,0],[23,3]],[[67192,17464],[8,-24],[-3,-5],[19,-36],[-2,-17],[17,-13],[54,-13],[17,5],[8,-7],[7,0],[24,-24],[16,-37],[-2,-4],[25,-25],[36,-25],[94,0],[-1,32],[9,47],[17,1],[2,-3],[28,4],[44,14],[19,-6],[20,-2],[9,3]],[[67657,17329],[13,-13],[-3,-9],[-4,0],[0,-5],[-5,1],[-2,-10],[-4,1],[-2,-9],[-7,-4],[0,-8],[-4,0],[0,-10],[-9,-4],[-10,-12],[-6,-1],[11,-18],[7,-2],[-1,-10],[-9,-7],[15,-18]],[[67637,17191],[4,-11],[-5,-4],[5,-2],[3,-8],[-11,-13],[4,-13],[-9,-5],[10,-15],[-7,-1],[7,-3],[-5,-7],[6,-4]],[[67639,17105],[4,-2],[10,2],[4,-6],[-6,2],[-3,-6],[20,0],[11,-11],[21,-10],[12,-4],[4,3],[6,-1],[0,-9],[-8,-16],[4,-23],[-13,-7],[6,-3],[-20,-11],[1,-21],[-5,0],[1,-5],[-7,-1],[-3,-16],[6,-18],[11,-6],[24,1],[-3,-20],[19,-2],[-12,-37],[-20,4],[-84,5],[-105,-5],[-7,-3],[-5,-8],[6,-2],[-2,-16],[14,-12],[21,-11],[1,-20],[18,-6],[28,-14],[-1,-4],[15,-6],[4,-6],[28,-23],[7,-11],[1,-29],[14,-10],[1,-18],[17,-6],[15,10],[48,3],[36,-9],[39,6],[25,11],[25,6],[8,-3],[18,1],[36,4],[28,-10],[-9,-1],[-1,-4]],[[67942,16691],[-20,-5],[-21,-18],[3,-7],[-12,-7],[-37,-9],[-10,-15],[3,-4],[-8,2],[-25,-5],[-34,-15],[-24,-7],[-41,-21],[-25,8]],[[67691,16588],[-3,7],[-10,8],[-15,4],[1,6],[-21,6],[-11,-3],[-11,-10],[-15,-1],[-20,-7],[-28,-20],[-70,-17],[-15,-5],[-8,-5],[-36,-8],[-19,1],[3,9],[-15,7],[-19,5],[-5,7],[-13,4],[-12,-7],[-24,1],[-22,-13],[-14,2],[-38,-8],[-14,-6]],[[67237,16545],[-5,12],[-44,16],[15,3],[9,6],[-2,6],[-30,13],[-12,11],[4,9],[-2,11],[-9,1],[-12,24],[-15,10],[-33,-10],[-5,3],[-5,-1],[-12,2],[-17,14],[-84,49],[-64,48],[-41,10],[-17,17],[6,7],[-3,0],[-2,7],[-3,-3],[-6,3],[14,9],[-3,5],[-12,0],[4,6],[-5,3],[1,4],[-8,2],[9,6],[-21,15],[3,1],[-18,8],[-11,14]],[[66801,16886],[-14,7],[3,2],[-7,4],[-2,7],[54,24],[32,19],[13,19],[-3,25],[-13,0],[-3,6],[8,1],[-8,24],[-15,22],[19,6],[-12,19],[-42,37],[10,6],[-31,17],[9,5],[-8,15],[3,3],[-12,11],[19,13],[-26,31],[-20,41],[-11,27],[4,0],[-14,55],[-74,63],[-88,36],[-19,15]],[[66553,17446],[54,27],[59,20],[54,24],[83,29],[63,37],[11,15],[19,13]],[[66896,17611],[31,-7],[33,-13],[35,-2],[31,-13],[36,-1],[15,-4],[-18,-21],[36,-18],[-17,-6],[-5,-6],[19,-4],[-16,-14],[17,-8],[9,2],[31,-44],[20,1],[39,11]],[[68275,18067],[-7,-2],[-37,6],[-23,-7],[-15,6],[-6,-15],[-43,-26],[-52,0],[-20,4],[-13,7],[-11,-5],[-25,-4],[-19,-14],[-1,-8],[23,-1],[18,-5],[35,-4],[29,-7],[-23,-21],[-36,8],[-6,-6],[-13,5],[-5,-2],[-37,-2],[-23,3],[-6,6],[-26,1],[-33,-34],[-31,7],[-2,-14],[-13,-1],[-14,-5],[-28,0]],[[67812,17937],[-21,-5],[-75,-5],[-68,-39],[-38,-33]],[[67610,17855],[-14,2],[-16,6],[-32,27],[-37,13]],[[67511,17903],[7,18],[40,4],[2,14],[-11,13],[-15,27],[13,2],[-6,11],[0,16],[-11,1],[11,22],[-11,3],[16,42],[14,5],[7,16],[-1,26],[44,16],[21,16],[13,2],[29,24],[-6,4],[-3,-1],[-17,7],[-1,-2],[-16,5],[-14,1],[19,19],[32,19],[-8,7],[7,12],[7,2],[-1,4],[7,1],[3,9],[-17,9],[-10,0],[-6,6],[-7,-3],[-17,3],[-1,6],[-12,0],[4,4],[-6,5],[9,-2],[2,6],[-6,-1],[-1,4],[8,4],[2,8],[-6,2],[-5,-2],[-3,6],[-11,5],[1,3],[-23,8],[-1,5],[9,-1],[-12,9],[-4,-1],[-6,7],[-3,-2],[-1,10]],[[67559,18366],[11,-1],[24,20],[-36,10],[12,11],[90,33],[39,2],[58,8],[19,19],[24,9],[4,-3],[25,9],[6,-3],[6,5],[1,8],[31,-4],[10,7],[20,-4],[3,14],[22,22],[31,1],[35,8],[39,-16],[54,-16],[-16,-17],[-36,-70],[-27,-18],[-22,-23],[16,-11],[-3,-2],[43,-32],[29,-16],[5,-11],[15,-11],[3,-7],[17,-2],[9,1],[3,3],[16,-4],[1,-5],[16,-6],[5,-5],[12,0],[-6,-4],[2,-4],[9,0],[12,3],[18,-20],[21,-15],[-4,-3],[38,-20],[-7,-10],[4,-2],[0,-5],[-11,-15],[-24,-14],[-1,-10],[4,-3],[-8,-13],[5,-7],[13,-5],[-4,-5],[7,-4],[-7,-7],[2,-7],[14,-7],[-8,-8],[33,-17]],[[68130,17126],[6,-2],[1,-17],[-3,-5],[19,2],[0,-14],[27,5],[0,-6],[6,-8],[-28,-7],[3,-9],[50,17],[16,4],[9,-2],[12,15],[66,-3],[12,-1],[-1,-3],[40,-8],[-3,-7],[7,-3],[-18,-24],[55,-4],[16,-5],[26,0],[2,-4],[27,1]],[[68477,17038],[-3,-26],[-4,0],[-2,-13],[-7,-1],[4,-19],[-31,-18],[7,-14],[13,-11],[38,-30],[13,-3],[3,-77],[36,-63],[18,-4],[23,-17],[-23,-3],[-18,1],[5,-30],[-16,-9]],[[68533,16701],[-24,5],[-12,-1],[-67,-20],[-19,2],[-10,-13],[-43,1],[-26,-2],[-18,8],[5,6],[-10,5],[-7,9],[-25,5],[-10,8],[-18,-4],[-3,7],[-6,0],[-4,-4],[-2,4],[-7,2],[-22,-13],[-8,3],[-4,-6],[-9,0],[-1,-5],[-18,3],[-5,-2],[3,-6],[-8,-3],[-23,-6],[-3,3],[-11,-2],[-5,-9],[-11,5],[-25,-4]],[[68077,16677],[-1,3],[8,4],[-3,2],[-11,-2],[-12,-6],[-9,4],[-18,-4],[-16,9],[-34,-2],[-12,8],[-27,-2]],[[67639,17105],[240,42]],[[67879,17147],[8,-9],[11,14],[16,2],[107,-3],[2,-5],[31,3],[13,-4],[0,-3],[30,-8],[-3,-5],[36,-3]],[[67848,17257],[-13,1],[-7,-6],[-73,-24]],[[67755,17228],[-42,75],[3,3],[-1,5],[46,5],[-21,40]],[[67740,17356],[36,1],[77,-7],[26,-8],[-17,-42],[1,-18],[4,-6],[23,-5],[-42,-14]],[[67848,17257],[7,-23],[20,-41],[-13,-20],[17,-26]],[[67637,17191],[30,7],[88,30]],[[68507,18795],[-77,-2],[-12,-22],[6,-2],[-11,-15],[-29,6],[-4,-8],[-198,-11],[2,-14],[-3,-1],[-132,19],[-49,13],[-42,41],[-6,-3],[-24,14],[1,11],[-17,22]],[[67912,18843],[13,6],[8,0],[1,4],[13,-1],[4,-3],[16,2],[7,19],[20,4],[-9,21],[7,18],[1,15],[-46,17],[8,8],[-1,3],[6,3],[19,-15],[51,-16],[19,-3],[34,2],[21,-10],[4,3],[43,-23],[9,13],[9,3],[2,6],[14,3],[11,6],[7,-2],[20,17],[4,-3],[6,7],[4,0],[13,8],[1,11],[31,6],[8,9],[22,-3],[7,10],[79,-19],[-20,-8],[11,-32],[39,9],[52,16],[2,4],[24,0],[1,-2],[12,-1],[19,2],[2,-5],[23,-4],[12,-7],[4,3],[16,-9],[17,-29],[-21,-8],[-39,-10],[-28,-23],[15,-9],[-4,-2],[9,-19],[-17,0],[-2,3],[-29,-2],[9,-17],[2,-24]],[[68616,17562],[-13,-8],[-6,-10],[5,-14],[-3,-16]],[[68599,17514],[-143,26],[-59,-96],[0,-7],[16,-19],[1,-8],[75,-8],[141,-22]],[[68630,17380],[87,-5],[104,-1],[54,3]],[[68875,17377],[-8,-7],[8,-5],[-2,-5],[12,2],[-5,-8],[0,-13],[16,-7],[-1,-8],[13,0],[-6,-7],[10,-6],[14,1],[1,-5],[14,6],[15,-26],[8,0],[-9,-6],[10,-2],[9,2],[5,-7],[11,-1],[49,-31],[4,-4],[-1,-4],[14,3],[10,-2],[8,3],[6,-2],[7,4],[5,-4],[13,1],[14,-6],[16,-10],[-24,-13]],[[69111,17210],[-11,7],[-18,1],[-23,5],[-25,14],[-40,8],[-35,-21],[-11,-3],[-16,-17],[-16,-8],[-10,-2],[-23,1],[-22,-11],[-7,-7],[-33,-14],[-63,-52],[-25,-40],[-10,7],[-3,-4],[-32,6],[-7,-15],[-9,6],[9,25],[12,-1],[3,7],[-16,11],[-14,3],[1,3],[-25,-2],[-13,10],[-89,-48],[-32,-25],[-11,-15],[-20,-1]],[[68130,17126],[-1,10],[54,29],[-3,12],[15,11],[-4,6],[10,19],[27,16],[12,5],[1,9],[9,8],[20,7],[16,10],[14,14],[17,26],[-3,6],[-11,-2],[-18,25],[-24,11],[-7,12],[-22,2],[-7,11],[-30,-10],[-11,27],[1,25],[-17,2],[16,16],[15,8]],[[68199,17441],[15,4],[29,12],[58,27],[17,10],[29,7],[21,10],[34,36],[9,0],[4,9],[9,5],[74,9],[28,-4],[13,17],[33,-3],[-1,19],[8,16],[15,0],[8,-3],[-15,-13],[8,-6],[-3,-9],[-9,-2],[5,-2],[5,2],[2,-6],[9,-5],[0,-3],[12,-6]],[[70215,17781],[56,-27],[-4,-1],[-11,-21],[-33,-27],[19,-4],[22,-15],[72,-38],[-8,-3],[-3,-37],[9,-37],[-1,-47],[12,1],[23,-37]],[[70368,17488],[-24,-1],[-35,-12],[-18,-1]],[[70291,17474],[-12,0],[-15,-9],[-23,1],[-20,-7],[-13,-16],[-26,-18],[-18,-7],[-48,-29],[-23,-7],[-47,-10],[-14,5],[-14,-7],[-12,2],[4,-5],[-19,-8],[3,-7],[-9,-7],[-10,2],[-6,-2],[3,-4],[10,-1],[-9,-7],[6,-7],[-12,-5],[8,-9],[-10,-6],[21,-17],[16,-4],[0,-10],[12,-6],[-9,-6],[4,-8],[-23,6],[-6,-2],[-1,-6],[-6,-1]],[[69973,17252],[-7,21],[-26,5],[-7,6],[6,7],[-2,4],[10,8],[-11,14],[8,8],[-1,9],[4,6],[-2,11],[-8,3],[-15,-13],[-1,-13],[-7,-3],[-17,-1],[-7,-10],[0,-14],[-23,-7],[-6,-8],[0,-6],[-12,-9],[-40,4],[-61,0],[-37,10],[-10,-4],[-11,2],[-7,5],[-19,5],[-14,9],[0,4],[-14,6],[-25,1],[6,13],[28,31],[-34,2],[0,3],[-9,1],[-35,-3],[1,-15],[-19,-6],[-17,-10],[-18,-3],[3,-7],[-10,-12],[9,-10],[3,-26],[-70,-118],[-79,23],[-18,18],[-28,-23],[20,-36],[-18,-8],[-5,13],[-10,1],[-1,6],[-8,1],[-7,14],[-21,3],[-10,-6],[-11,-2],[-15,6],[-42,7],[-22,0],[-18,10],[4,3],[-3,7],[-7,2],[5,7],[-10,9],[-34,3]],[[68875,17377],[58,9],[52,16],[41,17],[48,26],[-70,20],[12,21],[5,1],[-1,8],[8,8],[5,0],[6,8],[7,0],[7,19],[-5,3],[-4,22],[-14,23]],[[69030,17578],[17,15],[31,19]],[[69078,17612],[23,4],[5,-4],[23,-1],[20,-9],[31,4],[16,-5],[10,0],[3,-9],[29,-1],[13,-20],[0,-8],[74,-9],[-1,8],[28,-1],[0,3],[17,0],[13,5],[10,0],[17,4],[-1,7],[41,27],[50,-11],[3,14]],[[69502,17610],[26,-2],[1,3],[33,-4],[-11,-21],[17,0],[21,-13],[19,2],[21,5],[18,-9],[43,2],[30,6],[15,-1],[14,8],[30,0],[30,5],[1,4],[7,1],[35,-5],[16,0],[6,-1],[8,-11],[17,-6],[56,-10],[6,7],[12,4],[-5,2],[1,4],[-18,23],[3,3],[8,-1],[2,3],[-4,5],[3,16],[-6,9],[4,4],[-12,3],[0,10],[-9,5],[9,17],[20,8],[0,6],[6,-6],[8,4],[18,-2],[7,5],[34,-3],[-5,10],[5,3],[7,-1],[0,7],[5,3],[-4,5],[-8,2],[0,5],[-7,-2],[-5,4],[-8,-5],[-15,7],[2,5],[-5,5],[5,2],[-5,2],[-11,20],[-11,-1],[-4,2]],[[69978,17762],[19,14],[31,12],[35,-13],[21,6],[23,-15],[50,19],[58,-4]],[[69823,17895],[24,-18],[9,-22],[11,-1],[17,-7],[-3,-6],[3,-2],[24,4],[29,18],[20,9],[8,1],[14,-2],[5,4],[7,-3],[7,-9],[-8,-7],[3,-14],[-10,-14],[-11,-3],[0,-6],[-14,-5],[5,-13],[-6,-1],[-6,-6],[8,-15],[12,-1],[8,-10],[-1,-4]],[[69502,17610],[14,70],[-29,41],[-11,26],[-32,42],[7,11],[2,18],[11,20],[-2,33],[9,4],[28,6],[10,-11],[6,-2]],[[69515,17868],[13,-3],[-1,-3],[10,2],[46,34],[10,5],[22,-1],[7,-13],[17,-9],[45,-8],[30,8],[0,5],[7,4],[22,-3],[2,4],[19,-2],[39,8],[20,-1]],[[69525,19170],[9,-38],[17,-8],[-8,-4],[-3,-51],[8,-4],[-12,-40],[6,-8],[-16,-31],[2,-17],[5,-1],[1,-16],[21,-1],[2,-11],[46,-5],[-5,-23],[23,-2],[3,-3],[-3,-5],[-5,1],[-4,-9],[-5,-27],[4,-24],[-9,-11],[-12,-5],[-12,-23],[-16,-5],[7,-17],[-9,-1],[-3,-12],[9,-9],[63,-36],[7,8],[86,-13],[20,-7],[22,-14],[10,-2],[0,-5]],[[69774,18691],[-51,-16],[-69,-27],[-19,-6],[-37,-5],[-5,-4],[-1,-9],[-18,-8],[-7,-10],[-1,-13],[8,-4],[-9,-5],[-4,2],[-58,-16],[-45,-7],[-99,-2],[6,-5],[-13,-6],[9,-3]],[[69361,18547],[-20,3],[-59,-9],[-3,4],[-53,-12],[-27,-13],[-20,-16],[-21,-6],[0,-6],[-10,-7],[3,-7],[-11,-7],[-40,40],[-40,26],[-64,14],[-7,-3],[-29,19],[-5,5],[2,2],[-15,2],[-64,24],[-58,13],[-92,26],[-26,18],[-33,17],[-36,10],[-61,45],[-40,56],[-25,10]],[[67912,18843],[-12,0],[-2,3],[-18,-2],[-16,-8],[-27,-6],[-10,5],[-11,1],[-31,-6],[-3,-14],[-5,0],[-3,-11],[-3,2],[-1,-9],[5,-1],[-7,-4],[-6,-7],[-7,-1],[2,-5],[-12,-3],[6,-2],[1,-6],[-11,2],[-23,-26],[1,-4],[-13,-10],[4,-3],[-10,-6],[3,-1],[-22,-17],[-7,1],[-5,-4],[1,-5],[-4,1],[-8,-4],[-5,0],[-16,-3],[-1,2],[-16,-8],[-1,-4],[-10,-6],[-15,-1],[1,-6],[-14,-4],[6,-1],[-7,-3],[6,-2],[-10,-6],[-6,-7],[10,-8],[-10,0],[6,-13],[-6,-10],[-18,-5],[-34,-16],[2,-4],[-26,-4],[-12,-5],[-19,-14],[-15,-5],[-3,5],[-21,-7],[-20,3],[-1,-5],[-6,3],[-7,-5],[-3,3],[-4,-2],[-8,2]],[[67375,18557],[2,3],[-22,13],[10,3],[-2,4],[5,4],[-4,5],[4,4],[-6,0],[2,5],[-8,2],[8,3],[-10,2],[18,9],[-11,4],[6,2],[-1,6],[-13,-1],[-7,-4],[-5,5],[0,-7],[-5,-1],[-4,4],[-7,0],[0,5],[-7,-2],[-8,5],[-1,-5],[-6,8],[-12,-9],[-2,2],[-10,1],[2,5],[-6,-1],[1,5],[-6,-3],[3,4],[-8,7],[13,0],[-7,5],[11,6],[-4,3],[6,2],[-10,3],[-1,7],[-9,0],[6,3],[0,5],[16,3],[2,4],[4,-3],[11,6],[-4,3],[6,5],[-4,5],[4,4],[-15,5],[-10,-1],[-16,2],[20,13],[32,13],[21,14],[17,7],[20,17],[2,-1],[37,21],[16,15],[45,23],[36,16],[25,-1],[20,3],[-75,81],[-23,31],[-33,29],[-35,23],[-27,10],[-34,-1],[-44,4],[-23,-1],[-30,17],[-33,-11],[-29,-2],[2,21],[16,1],[11,15],[-47,14],[-36,3],[-15,6],[-17,22],[-17,42],[-27,38],[13,28],[21,20],[4,24],[8,16],[-5,1],[-11,22]],[[67069,19304],[81,-28],[7,-8],[130,-51],[46,-25],[23,-13],[-6,-8],[15,-3],[1,-3],[5,2],[2,-5],[11,-4],[-3,-5],[5,1],[4,-5],[25,-5],[33,-22],[26,-24],[10,-13],[15,-10],[-9,-4],[16,-11],[4,1],[18,-15],[4,1],[13,-11],[-10,-5],[13,-7],[6,2],[16,-11],[3,1],[9,-4],[63,38],[85,44],[21,35],[5,-1],[25,21],[-40,19],[-8,16],[-35,24],[114,-25],[75,-11],[115,30],[49,7],[134,35],[-38,43],[2,1],[-33,34],[-4,20],[15,2],[15,0],[5,4],[28,9],[9,6],[27,7],[28,14],[21,1],[18,0],[37,-9],[12,-9],[54,-16],[-2,-3],[14,-5],[10,7],[14,3],[5,3],[20,33]],[[68442,19389],[15,-35],[29,-28],[46,-25],[25,-9],[71,-12],[15,-7],[5,-3],[0,-20],[4,0],[38,-39],[15,-8],[17,-13],[16,4],[41,1],[32,8],[35,-2],[26,8],[39,0],[17,3],[12,12],[9,1],[26,-1],[44,5],[16,-2],[3,-3],[22,3],[22,7],[20,-1],[39,25],[18,6],[5,5],[5,-1],[21,3],[6,4],[31,8],[33,26],[3,11],[17,-1],[19,-10],[23,2],[33,-2],[8,-6],[24,-6],[-17,-12],[-7,-11],[3,-11],[33,2],[0,-3],[8,-2],[9,-6],[32,-10],[28,-15],[25,-6],[21,-23],[-3,-21],[6,-9]],[[67511,17903],[-16,3],[-19,-12],[-27,8],[-16,3],[-23,-21],[-31,15],[2,13],[-51,5],[-11,15],[-36,24],[-86,-9],[-42,-7],[-46,2],[-7,12],[7,20],[-2,3],[-26,10],[-6,8],[-14,7],[5,2],[-4,7],[-30,4],[-13,5],[-10,-1],[-3,18],[-13,3],[-26,17]],[[66967,18057],[-22,23]],[[66945,18080],[-18,17],[-3,30],[3,6],[-6,8],[-58,29],[21,14],[-17,11],[4,7]],[[66871,18202],[27,22],[27,4],[18,6],[32,26],[11,-1],[8,13],[19,10],[34,11],[9,6],[0,9],[-17,1],[4,14],[-7,0],[3,17],[20,0],[-1,14],[9,18],[20,10],[12,11],[1,40],[-4,5],[16,12],[-3,8],[12,3],[1,4],[12,4],[3,8],[10,1],[1,5],[19,-5],[23,3],[17,-10],[26,-4],[12,-5],[31,0],[7,9],[8,-2],[-1,-2],[12,1],[19,14],[17,2],[35,11],[10,6],[-2,4]],[[67381,18505],[15,1],[21,-7],[17,-2],[5,-3],[-1,-5],[11,-6],[18,0],[5,-12],[-8,-13],[-43,-8],[20,-19],[37,4],[3,-13],[-10,-11],[-12,-5],[2,-6],[-7,-6],[0,-6],[8,-1],[11,-6],[-6,-5],[9,-4],[2,6],[-3,1],[9,3],[8,-4],[1,5],[6,-1],[-2,-3],[5,-2],[18,0],[7,3],[18,-12],[9,1],[5,-3]],[[69078,17612],[26,26],[4,44],[7,21],[-10,26],[-28,-1],[2,13],[-9,28],[-12,13],[-16,2],[-29,14],[-30,3],[2,8],[16,4],[15,-3],[12,3],[-4,27],[-19,15],[-3,9],[-21,13],[-13,28],[-28,-4],[-26,24],[-15,2],[-10,15],[6,2]],[[68895,17944],[42,1],[42,11],[9,-1],[30,12],[26,-15],[135,30],[-3,3],[9,4],[15,-2],[21,9],[47,8]],[[69268,18004],[-6,-8],[53,-8],[0,9],[8,2],[-10,4],[14,7],[18,-3],[23,-15],[-1,-8],[6,-1],[-1,-4],[7,-3],[-10,-2],[30,-13],[7,-8],[-1,-17],[-9,-17],[-16,-10],[10,-10],[16,-6],[13,-1],[12,2],[-6,8],[25,9],[1,6],[13,3],[7,9],[-4,6],[8,-1],[5,-5],[8,1],[-4,5],[2,2],[6,-3],[7,2],[1,-2],[13,5],[10,-2],[4,-4],[7,0],[5,-6],[-2,-12],[-10,-13],[-1,-6],[-14,-4],[2,-15],[-8,-1],[9,-5],[0,-3]],[[69973,17252],[-13,-9],[1,-2],[14,2],[-7,-9],[11,-5],[1,-4],[-20,-5],[-12,2],[-4,-3],[4,-8],[7,-5],[-13,-8],[0,-7],[3,-1],[15,7],[1,-6],[-6,-5],[-20,-5],[-4,-8],[12,-13],[-16,-23],[5,-7],[22,-1],[3,-8],[-3,-10]],[[69954,17111],[-18,-9],[-11,-17],[-3,-13],[-24,-8],[-28,-34],[4,-9],[26,-16],[15,-17],[10,-7],[13,-22],[-2,-16],[-9,-7],[0,-12],[-5,-1],[-3,3],[-5,-6],[9,-11],[-6,-10],[-48,-53],[-4,-3],[-15,-1],[-1,-5],[-12,-6],[-5,-10],[-8,-8],[-32,-16],[-34,-25],[-59,-25],[-89,-5],[-22,1],[-8,5],[-21,6],[2,4],[-25,3],[-25,10],[-47,8],[-14,0],[-14,4],[-51,-3],[-67,-12],[-37,-2],[-30,-6],[-13,4],[-1,10],[6,3],[8,-3],[3,6],[-11,5],[-6,8],[-20,9],[-8,0],[-11,-6],[-11,3],[-26,0],[-10,2],[-14,-6],[0,2],[-10,-1],[-13,9],[-15,0],[-9,5],[-35,1],[-42,-8],[2,-4],[-7,-3],[6,-14],[-11,-22],[13,-35],[2,-22],[-12,-14],[-15,-7],[-17,5],[-1,-8],[-3,3],[-11,1],[-4,8],[-15,-2],[0,5],[-5,3],[-13,-5],[-2,6],[-7,2],[6,7],[-10,2],[-14,16],[-33,0],[-15,-5],[-15,-14],[-5,-1],[-20,-44],[-17,-10],[-13,-1],[-11,-13],[-8,-2],[-13,2],[-8,-3],[-33,8],[7,8],[-10,7],[-11,1],[4,6],[-7,5],[5,7],[-4,2],[-14,-4],[-28,0],[-10,-4],[-14,4],[-19,0],[-11,4],[2,12],[-42,-4],[-14,14],[-5,1]],[[70522,18688],[1,-9],[8,-14],[-11,-8],[43,-18],[22,-5],[7,-6],[-2,-6],[5,-4],[2,-20],[-6,-14],[-14,-16],[-16,-3],[-17,-20],[2,-13],[13,-23],[11,-7],[5,-6],[34,-12],[21,-3],[10,3],[16,-8],[9,3],[15,-28],[-14,-7],[-36,-12],[-11,-7],[-10,0],[0,-15],[-5,5],[-4,-1],[2,-14],[18,-22],[21,-9],[0,-6],[51,-22],[23,-58],[-19,-15],[-35,-8],[-13,-6],[-10,1],[-2,8],[-25,-5],[-51,-32],[-1,-4],[9,-2],[20,-17],[45,-21],[3,-4],[-8,-4],[-2,-7]],[[70626,18167],[-16,-13],[-41,4],[-8,2],[-23,0],[-28,10],[-20,-9],[-15,-12],[-51,-1],[-63,9],[-15,-15],[-18,7],[-17,1],[-56,17],[-49,-57]],[[70206,18110],[-21,20],[-23,38],[-2,24],[-27,24],[-53,-11],[-30,-11],[-41,-6],[-80,-5],[-6,-4],[-11,0],[-130,30],[-44,-6],[-69,-20],[-41,-26],[5,-16],[22,-18],[12,-22],[-4,-23],[-12,-19],[0,-16],[15,-17],[19,-11],[22,-8],[34,-5],[-5,-25],[14,-9],[38,-14],[23,-15],[7,-21],[-5,-9],[12,-9],[-2,-5]],[[69268,18004],[-6,27],[-24,17],[-2,31],[13,24],[5,31],[7,14],[8,33],[31,30]],[[69300,18211],[16,0],[13,-8],[0,-14],[13,-24],[11,4],[6,14],[19,8],[14,12],[18,22],[6,21],[-1,8],[11,25],[-7,10],[0,5],[16,1],[48,-6],[18,-4],[28,-16],[10,2],[-62,34],[-1,12],[5,3],[-59,58],[34,3],[-1,7],[6,6],[-2,26],[-16,27],[-18,0],[-34,-9],[-31,17],[-19,23],[0,17],[17,17],[-6,5],[1,4],[27,19],[-19,7]],[[69774,18691],[14,5],[5,-5],[8,2],[8,-4],[-6,-5],[40,-25],[7,-4],[4,2],[29,-16],[-4,-5],[17,-6],[-8,-8],[16,-12],[21,-10],[15,-14],[76,-17],[21,-9],[8,-7],[0,-9],[8,-9],[14,-3],[12,-10],[9,-20],[48,1],[44,-8],[8,-1],[1,3],[10,-4],[19,0],[29,-16],[16,-1],[3,16],[41,3],[-5,117],[39,56],[3,45]],[[70344,18713],[65,-6],[34,1],[20,-9],[59,-11]],[[69525,19170],[5,0],[7,19],[18,0],[5,5],[-3,23],[25,5],[14,11],[7,2],[21,-4],[0,-3],[31,-4],[116,18],[14,-6],[31,-3],[13,2],[11,-3],[14,-11],[7,-14],[-5,-4],[6,-6],[3,2],[14,-9],[13,-1],[15,-10],[12,1],[7,-8],[1,-12],[12,-8],[-2,-3],[11,-10],[4,-10],[4,0],[2,-7],[17,4],[1,6],[16,0],[-7,-7],[5,-15],[-3,-13],[13,-34],[-12,-23],[0,-14],[6,-6],[4,-22],[0,-22],[-10,-28],[53,-14],[37,2],[28,-10],[12,-1],[4,-3],[14,-3],[14,-9],[4,-13],[-7,-14],[19,0],[26,9],[15,-2],[63,2],[-38,-37],[-12,0],[-6,-4],[-16,-25],[94,-13],[-1,-11],[8,-16],[-11,-29],[51,-5],[2,-33],[3,-6]],[[68736,17543],[26,-7],[0,-5],[5,1],[3,-3],[16,-1],[-5,-3],[4,-5],[41,-19]],[[68826,17501],[17,-11],[-2,-6],[4,-2]],[[68845,17482],[-11,-21],[-18,4],[-15,-2],[6,12],[-36,5],[-29,-1],[-50,-12],[-20,6],[-28,3],[19,-19],[-31,-14],[5,-5],[-25,-7]],[[68612,17431],[-12,13],[26,7],[-22,29],[-5,34]],[[68616,17562],[35,-8],[29,3],[9,-9],[7,-1],[2,-3],[11,4],[27,-5]],[[68875,17377],[-7,19],[8,0],[-1,5],[9,2],[3,4],[-20,7],[-6,7],[8,1],[1,7],[-8,2],[-2,6],[1,14],[-5,3],[-1,9],[10,-1],[3,4],[-13,14],[-10,2]],[[68826,17501],[53,30],[63,15],[19,11]],[[68961,17557],[36,24],[14,1],[19,-4]],[[68736,17543],[-2,16],[5,3],[6,-3],[6,15],[15,17],[10,2],[11,-1],[2,3],[35,-7],[41,-21],[33,5],[16,5],[7,-5],[7,5],[13,-5],[20,-15]],[[68630,17380],[1,6],[-8,3],[2,6],[-5,7],[7,-1],[3,7],[-12,14],[-6,-1],[-4,4],[7,1],[-3,5]],[[70206,18110],[4,-15],[16,-24],[0,-18],[-27,-42],[-7,-40],[-2,-4],[-5,0],[42,-20],[2,-4]],[[70229,17943],[0,-2],[-9,-2],[2,-6],[-10,-1],[2,-9],[-11,-1],[16,-11],[-25,-3],[-2,-15],[-14,-19],[48,0],[43,8],[52,-37],[9,-14],[-30,-37],[-17,-8],[-12,-4],[-56,-1]],[[78841,14240],[70,-15],[30,-2],[1,6],[15,-2]],[[78957,14227],[-1,-8],[8,-19],[-2,-19],[-6,-16],[-15,-17]],[[78941,14148],[-184,23]],[[78757,14171],[-55,70],[14,2],[14,-1],[1,4],[43,-3],[1,-6],[14,-2],[7,7],[45,-2]],[[78757,14171],[-128,11],[-102,23]],[[78527,14205],[6,5],[73,27],[23,23],[11,-3],[21,30],[-36,14]],[[78625,14301],[57,8]],[[78682,14309],[27,2],[71,14]],[[78780,14325],[-13,-45],[76,-4],[-2,-36]],[[78636,14438],[-2,-31],[39,1],[0,-56],[20,-8],[-11,-35]],[[78625,14301],[-48,-7],[-31,16],[-5,-8],[-13,9],[-7,-18],[-89,9]],[[78432,14302],[-9,1],[4,20],[-12,2],[-6,8]],[[78409,14333],[84,18],[-15,29],[-16,17],[7,4],[7,14],[17,8],[6,6],[18,8],[20,-7],[3,4],[10,-1],[2,16],[56,-6],[3,2],[7,-6],[18,-1]],[[78527,14205],[-86,34],[-46,3]],[[78395,14242],[-22,5],[-28,16],[52,6],[-1,4],[32,6],[4,23]],[[79114,13991],[-13,-16]],[[79101,13975],[-17,-7],[-11,-14],[-13,-3],[0,-11],[-17,-4]],[[79043,13936],[-4,2],[-15,-2],[-13,-8],[-24,-7],[-14,14],[-6,0],[-10,6],[-31,8],[-13,0],[-18,-4],[-38,-2],[-2,5],[-16,3],[-17,0],[-10,3],[-4,-1],[-27,9],[-4,24],[-7,9]],[[78770,13995],[62,44],[49,27],[50,22]],[[78931,14088],[76,29],[29,16]],[[79036,14133],[6,-3],[1,-7],[-8,-2],[5,-15],[-2,-5],[9,-1],[2,-5],[-9,-1],[6,-6],[-5,-8],[2,-4],[9,0],[7,-13],[-9,-4],[4,-1],[8,2],[-3,-7],[8,-7],[5,-1],[5,-8],[-5,-2],[18,-22],[-3,-2],[8,-2],[3,-7],[4,1],[12,-12]],[[78941,14148],[-10,-18],[-4,-33],[4,-9]],[[78770,13995],[-62,-57],[-25,-13],[-30,-9],[-50,-8],[-76,-4],[-54,0],[-79,4]],[[78394,13908],[-4,13],[-9,11],[-31,18],[-6,7],[-2,9],[7,25],[-18,24],[5,40],[-6,15],[-13,9]],[[78317,14079],[15,6],[54,11],[30,-2],[54,63]],[[78470,14157],[35,33],[27,2],[-5,13]],[[78215,14189],[30,-22],[8,3],[-7,5],[9,4],[19,1],[7,-1],[0,-14],[34,-1],[6,14],[52,6],[7,-20],[51,-5],[8,13],[31,-4],[-6,-6],[0,-3],[6,-2]],[[78317,14079],[-34,10],[-16,0],[-10,-7],[7,-17],[-2,-4],[-6,-3],[-23,2],[-4,5],[19,27],[0,6],[-9,8],[-36,13],[-12,1],[-34,-5],[-14,4],[-2,15],[29,50],[1,21],[-5,23]],[[78166,14228],[-9,12]],[[78157,14240],[6,2],[52,-53]],[[79043,13936],[-7,-5],[7,-3],[2,-7],[-8,-4],[0,-6],[-6,0],[-5,-3],[-6,-9],[6,-4],[-4,-4],[-5,1],[-10,-6],[-33,-12],[-5,-4],[1,-11],[-11,-21],[-23,7],[-1,-2],[22,-6],[-9,-9],[-31,-12]],[[78917,13816],[-36,-1],[2,3],[-19,9],[-5,15],[-18,17],[-16,9],[-11,1],[-6,-5],[-4,-16],[-11,-6],[-25,0],[-26,10],[-16,-3],[0,-7],[16,-18],[-2,-11],[-14,-8],[-18,4],[-13,0],[-26,-13],[-16,-3],[1,-5],[14,-3]],[[78668,13785],[-26,-12],[-8,-6],[-12,-2],[-7,6],[17,14],[4,9],[-4,5],[-8,2],[-21,-5],[-50,1],[-10,6]],[[78543,13803],[11,22],[-3,8],[-20,16],[-41,22],[-12,3],[-9,-3],[-19,-22],[-11,-8],[-10,-2],[-9,0],[-13,5],[-12,16]],[[78395,13860],[-5,29],[5,9],[-1,10]],[[78114,14582],[2,-24],[-25,-51],[5,-1],[-14,-22],[31,-4],[27,-7],[6,-10],[-3,-6],[-7,0],[-3,-4],[10,-19],[-5,-3],[2,-5],[16,-8],[22,-7],[-2,-12],[2,-9],[-9,-5],[-3,-10],[3,-2],[-9,-5],[-1,-6],[5,-3],[-15,-28],[85,-17],[16,-7],[8,-8],[7,1],[1,18],[25,15],[5,40],[8,8],[-7,-55],[6,-8],[14,-2],[92,17]],[[78395,14242],[-14,-7],[-14,-2],[-12,1],[-2,-20],[-37,8],[-21,11],[-14,-10],[-10,-3],[-1,-5],[7,-3],[2,-6],[7,1],[3,-13],[-74,-5]],[[78157,14240],[-74,35],[-37,7]],[[78046,14282],[-5,5],[-12,1],[-6,9],[-1,6],[11,12],[-4,9],[-15,3],[-4,3],[-12,3],[-27,1],[-9,6],[8,19],[-4,11],[16,5],[26,18],[-133,88],[0,11],[34,12],[4,-3],[12,11],[31,36],[24,44],[-7,0],[4,8],[53,12]],[[78030,14612],[31,-1],[24,-6],[15,-8],[14,-15]],[[78170,14591],[-4,-16],[14,-3],[14,-2],[9,8],[21,0],[31,-4],[28,-8],[11,-6],[29,-28],[17,2],[24,-11],[33,-4],[87,1],[12,-6],[-6,-2],[4,-4],[24,-14],[46,-7],[74,-6],[23,-7]],[[78661,14474],[-6,-33],[-5,-5],[-14,2]],[[78114,14582],[17,-2],[3,4],[19,4],[4,4],[13,-1]],[[79046,14253],[2,-2],[11,1],[-6,-8],[39,-9],[-5,-7],[18,-5],[-6,-8],[21,-5],[18,-17],[6,-15],[6,-2]],[[79150,14176],[-29,-14],[-56,-14],[-29,-15]],[[78957,14227],[4,15],[38,0],[-1,3],[24,9],[20,2],[4,-3]],[[79308,14164],[45,-20],[-10,-7],[9,-15],[1,-24],[5,-7],[-40,1],[6,-33],[5,-4],[24,1],[28,-3],[4,-14]],[[79385,14039],[-23,6]],[[79362,14045],[-46,4],[-63,-15],[-1,6],[-26,-8],[5,-6],[-10,-5],[-23,-6],[-31,-2],[-21,-5],[-23,-9],[-9,-8]],[[79150,14176],[23,-10],[35,7],[35,3],[34,-3],[31,-9]],[[80415,9082],[7,-20],[48,-10],[30,-27],[19,-26],[5,-17],[-3,-16],[12,-15],[9,-4],[11,14],[27,-9],[62,-38],[26,-22],[11,-2],[2,-6]],[[80681,8884],[-7,-3],[-7,2],[-8,-1],[-45,3],[-33,-2]],[[80581,8883],[-61,-18],[-47,2]],[[80473,8867],[-38,3],[5,16],[-46,7],[-5,-5],[-6,1],[-41,11],[-8,-6],[-7,0],[-10,-17],[-6,1],[2,-5],[-9,1]],[[80304,8874],[3,5],[2,25],[-2,21],[-16,9],[-21,4],[-10,4],[1,8],[17,8],[0,11],[-27,21],[-21,7],[3,6],[19,11],[4,23],[-15,11],[-18,7],[-24,6],[-24,-3],[-5,2],[-2,5],[6,24],[12,4]],[[80186,9093],[4,-4],[30,0],[37,-12],[15,-2],[5,11],[24,2],[76,-8],[38,2]],[[79949,8792],[-7,-25],[28,-4],[-3,-11]],[[79967,8752],[-3,-11],[5,-9],[-5,1],[-6,-6],[-18,-30],[9,0],[6,-15]],[[79955,8682],[-40,-5],[-44,-14]],[[79871,8663],[-14,15],[-29,18]],[[79828,8696],[37,73]],[[79865,8769],[16,31]],[[79881,8800],[8,-5],[10,3],[6,-4],[-3,-8],[15,0],[6,11],[1,-4],[25,-1]],[[79787,9045],[19,-10],[17,-27],[40,-32],[40,-17],[-6,-4],[34,-30],[-13,-53],[-37,-72]],[[79865,8769],[-2,2],[-30,2],[0,4],[-10,6],[-6,-5],[-5,1],[2,3],[-8,1],[-17,10],[15,24],[15,-3],[6,8],[-11,3],[6,23],[-46,0],[7,27],[-5,24],[-13,17],[-2,30],[-9,19],[-1,23],[-7,17],[23,33],[0,9],[20,-2]],[[80925,8860],[52,-56],[8,1],[1,-21],[13,-3],[-8,-25]],[[80991,8756],[-136,11],[-66,-1],[-8,-2],[0,-5]],[[80781,8759],[-1,9],[6,0],[3,12],[-6,2],[-1,7],[-12,0],[4,10],[30,3],[6,10],[-3,5],[7,6],[3,30],[22,14]],[[80839,8867],[86,-7]],[[80714,9085],[2,-3],[31,-5],[17,-9],[7,-29],[25,-11],[10,-46],[10,-12],[35,-26],[13,-23],[9,-1],[23,-25]],[[80896,8895],[29,-35]],[[80839,8867],[-64,9],[-49,2]],[[80726,8878],[-34,2],[-11,4]],[[80415,9082],[63,2],[70,-12],[29,-2],[25,2],[1,32],[-24,48],[35,4],[54,-5],[7,-4],[-6,-24],[11,-35],[34,-3]],[[80198,9107],[-6,-10],[-21,-6],[-7,-29],[9,-6],[25,2],[24,-5],[28,-15],[-1,-21],[-20,-10],[-7,-9],[5,-6],[24,-8],[19,-16],[-18,-18],[-6,2],[-14,0],[21,-3],[6,-15],[38,-12],[2,-15]],[[80299,8907],[-5,-2]],[[80294,8905],[-2,0]],[[80292,8905],[-95,-30],[-99,-16],[-89,-22],[-27,-1],[-13,-41],[-19,1],[-1,-4]],[[79787,9045],[-18,32]],[[79769,9077],[35,-3],[78,5],[57,6],[49,15],[67,-8],[0,3],[20,-1],[19,4],[18,12],[46,-4],[40,1]],[[80385,8773],[-10,0],[10,3],[0,-3]],[[80401,8774],[-8,-2],[3,7],[6,1],[-1,-6]],[[80439,8778],[0,0]],[[80363,8779],[5,-2],[-19,-2],[11,6],[3,-2]],[[80424,8779],[0,-3],[-10,1],[1,3],[9,-1]],[[80433,8779],[-4,-3],[-5,4],[9,-1]],[[80411,8774],[-4,0],[-3,6],[10,0],[-3,-6]],[[80385,8786],[17,-4],[-18,-4],[-6,1],[3,3],[-8,-3],[-9,3],[11,7],[10,-3]],[[80336,8810],[38,-20],[-41,-15],[-8,7],[-11,-2],[1,-4],[14,-1],[10,-5],[44,1],[5,1],[1,6],[3,-6],[30,1],[11,4],[19,0],[11,3],[12,0],[-7,2],[8,2],[2,-3],[6,3],[17,0],[2,3],[97,-2],[23,-6],[29,2],[3,-11],[10,-10],[10,-1],[5,-13],[-7,0],[-3,-4],[-25,-2],[-231,9],[-139,-16]],[[80275,8733],[0,11],[-7,5],[45,18],[-4,22],[12,19]],[[80321,8808],[3,1]],[[80324,8809],[13,-1],[-3,2]],[[80334,8810],[2,0]],[[80326,8824],[-5,-3]],[[80321,8821],[-1,0]],[[80320,8821],[1,-13]],[[80321,8808],[-354,-56]],[[80292,8905],[-6,-24],[2,-17],[-4,3],[22,-23],[11,-6],[-2,-3],[6,-1],[-1,-3],[6,-3],[0,-4]],[[80299,8907],[0,0]],[[79565,9183],[45,-18],[39,-28],[27,-11],[10,-8],[27,-13],[5,-6],[-5,-8],[44,-4],[8,-10],[4,0]],[[79828,8696],[-15,10],[-18,2],[-2,3],[-20,-3],[-9,4],[-3,5],[-51,-7]],[[79710,8710],[-12,3],[-10,18],[-14,3],[-5,7],[-4,0],[-1,8],[-12,2],[-2,6],[24,12],[-9,5],[-40,10],[12,33],[-17,-1],[-3,13]],[[79617,8829],[-4,9],[2,12],[-4,3],[4,13],[-3,16],[2,9],[9,10],[-17,24],[-17,3],[0,3],[-32,1],[-5,3],[-9,16],[-4,25],[-17,32],[19,8],[-9,19],[5,20]],[[79537,9055],[7,4],[0,28],[-14,23],[-29,30],[-3,8],[3,9],[14,14],[32,14],[4,-4],[14,2]],[[80636,8810],[25,-4],[-15,-18]],[[80646,8788],[-57,5],[-110,0],[-7,2],[-9,0],[-1,-3],[-9,-1],[-5,3],[-32,-4],[-31,7],[-23,17]],[[80362,8814],[37,5],[58,0],[-3,3],[9,4],[2,12],[3,-1],[6,14],[-1,16]],[[80581,8883],[-5,-50],[41,-5],[-7,-15],[26,-3]],[[80336,8810],[0,0]],[[80320,8821],[4,-12]],[[80326,8824],[7,-8],[-6,1],[-2,-4],[-4,8]],[[80362,8814],[-58,60]],[[80726,8878],[-5,-34],[-46,3],[-1,-9],[-22,2],[-4,-16],[-7,0],[-5,-14]],[[80781,8759],[-28,4],[-7,-3],[-33,2],[-14,-23],[13,23],[-9,1],[3,2],[17,5],[47,2],[3,-2],[8,2],[0,3],[-12,0],[4,2],[-10,1],[16,1],[0,3],[-33,3],[-54,-1],[-14,-6],[6,-8],[-15,12],[-23,6]],[[80275,8733],[-7,-1],[-1,-3],[-25,-2],[-28,-6],[-60,-5],[-58,-13],[-141,-21]],[[79710,8710],[-140,-23]],[[79570,8687],[-47,-8]],[[79523,8679],[-8,29],[9,6],[1,36],[-4,8],[-24,-2],[-25,5],[-21,13]],[[79451,8774],[-43,26],[3,4],[54,4],[33,6],[64,3],[55,12]],[[79176,8666],[-48,-3]],[[79128,8663],[-240,3],[-66,-3]],[[78822,8663],[-7,16],[4,8],[-7,-2],[-7,15]],[[78805,8700],[150,11],[24,8],[41,22],[91,16]],[[79111,8757],[66,13]],[[79177,8770],[2,-75],[-7,-2],[4,-27]],[[79608,8608],[-32,-8],[-4,-4],[-83,-13],[-20,0],[-5,-2],[-31,-3]],[[79433,8578],[-1,18],[-10,30],[-30,-2],[-7,45],[-22,1],[-16,4]],[[79347,8674],[143,1],[33,4]],[[79570,8687],[1,-4],[10,2],[3,-4],[-9,-2],[19,-30],[-11,-2],[11,-30],[10,2],[4,-11]],[[79185,8771],[-8,-1]],[[79111,8757],[-5,20],[-50,-3],[-38,4],[1,25],[16,0],[0,2],[30,3],[-4,14],[8,0],[-1,6],[-17,-1],[0,4],[-18,-5],[-19,-10],[-3,59]],[[79011,8875],[25,4],[47,-1],[-3,-21],[16,0],[0,-7],[18,-1],[-9,-20],[64,-2],[0,-32],[7,-1],[-5,-13],[5,-8],[8,1],[1,-3]],[[79347,8674],[-4,3],[-5,44],[-33,0],[1,23],[-9,13],[3,12]],[[79300,8769],[17,-1],[0,-5],[8,-1],[37,1],[2,4],[16,0],[2,-4],[6,4],[7,-4],[6,3],[13,1],[0,5],[37,2]],[[79170,8556],[-146,-5],[-14,-2],[-2,-5],[-129,-11]],[[78879,8533],[-6,13],[-17,56],[-8,16],[-8,0],[-3,4],[-15,41]],[[79128,8663],[10,-41],[10,1],[10,-41],[6,-8],[6,-18]],[[79433,8578],[-97,-11]],[[79336,8567],[-3,15],[-17,-1],[-4,16],[6,1],[-6,35],[-26,0],[-9,38]],[[79277,8671],[70,3]],[[79336,8567],[-111,-10],[-55,-1]],[[79176,8666],[101,5]],[[78805,8700],[-13,55],[13,37],[1,14],[-22,15],[-6,14]],[[78778,8835],[8,-1],[2,5],[20,4],[-25,24],[72,8],[64,-9],[63,1],[29,8]],[[79300,8769],[2,11]],[[79302,8780],[4,65],[-13,13],[-29,-3],[-22,1],[-7,4],[-5,11],[6,16],[9,0],[3,5],[-3,7],[-7,-1],[-3,16],[-30,35],[-33,53]],[[79172,9002],[21,17],[61,14],[15,9],[28,5],[41,-1],[52,29],[15,5],[23,-6],[9,-10],[27,0],[37,-6],[36,-3]],[[79302,8780],[-117,-9]],[[79011,8875],[2,40],[-9,27],[10,25],[-9,9],[-12,28],[-2,19],[15,30],[26,-2],[32,-27],[13,-4],[-7,-3],[5,-10],[43,-13],[18,-14],[19,5],[4,7],[13,10]],[[79871,8663],[-32,-11],[-74,-16],[-46,-7],[-37,-9],[-47,-6],[-27,-6]],[[75841,12549],[29,-4],[2,-4],[5,0],[12,-4],[5,2],[15,-2],[-3,-7],[10,-1],[1,3],[17,-5],[19,-1],[0,-4],[25,0]],[[75978,12522],[-4,-5],[3,-10],[16,-10],[6,-1],[1,-11]],[[76000,12485],[-29,-20],[-4,-18],[-24,-19],[-20,-7],[-17,-1]],[[75906,12420],[-45,5],[-18,8],[-63,18]],[[75780,12451],[11,9],[51,19],[1,22],[7,4],[-13,10],[5,7],[-5,7],[13,6],[-10,3],[4,2],[-10,8],[7,1]],[[75784,13197],[18,-12],[0,-6],[8,-4],[11,0],[8,-7],[14,-3],[8,1],[16,-10],[10,2],[6,-3],[-1,-2],[7,-6],[9,2]],[[75898,13149],[-30,-20],[-8,-1],[-8,-34],[-79,-2],[-2,-13]],[[75771,13079],[-7,1],[-6,-9],[-25,12],[-3,-2],[-29,7],[-2,-2],[-14,0],[6,8],[-14,3],[-27,13],[30,12],[13,26],[9,6],[13,18]],[[75715,13172],[4,14],[12,13],[-4,13]],[[75727,13212],[3,6],[10,4]],[[75740,13222],[-2,-3],[7,-8],[10,-1],[2,-4],[18,2],[7,-4],[2,-7]],[[75660,12905],[-40,8],[-36,2],[-21,-7],[-12,2],[-11,-2],[-63,-18]],[[75477,12890],[-18,10],[-45,7],[-11,4],[0,5],[19,16],[-15,10],[-25,9],[-8,16],[2,9],[-15,4],[-6,8]],[[75355,12988],[258,20]],[[75613,13008],[114,9]],[[75727,13017],[-19,-32],[-14,-4],[2,-6],[3,1],[22,-20],[-20,-18],[-46,-12],[5,-21]],[[75905,13143],[15,-6],[-3,-10],[7,-4],[1,-3],[-11,-5],[11,-4],[0,-7],[12,-2],[-1,-4],[7,-3],[1,-9],[13,-13],[-2,-4],[10,-5],[2,-13],[4,-1],[-6,-8]],[[75965,13042],[-70,-6],[1,-3],[-18,-2],[-6,-12],[-9,-3],[-17,-18],[-13,1],[-1,-33],[9,-34],[-2,-17],[-17,2],[-4,-8],[-14,0]],[[75804,12909],[-72,-1],[-39,-14],[-9,1],[-24,10]],[[75727,13017],[44,62]],[[75898,13149],[3,-6],[4,0]],[[75715,13172],[-170,-75]],[[75545,13097],[-60,-16],[-73,-7]],[[75412,13074],[-3,13],[7,7],[33,-9],[17,-1],[22,29],[-38,12],[15,14],[123,72],[13,-9],[39,3],[20,7],[27,6],[6,17],[14,-3],[-2,-5],[15,-7],[7,-8]],[[76023,12886],[-2,-5],[-47,-4],[-2,-3],[-146,-4],[4,10],[-11,0],[-1,10],[-12,11],[-2,8]],[[75965,13042],[-4,-2],[2,-13],[7,-2],[-10,-8],[6,-9],[0,-10],[8,-4],[3,-7],[14,-4],[-5,-25],[11,-12],[-2,-7],[7,-12],[-4,-3],[3,-4],[5,0],[9,-10],[5,0],[4,-3],[-6,-2],[5,-4],[-4,-5],[5,-4],[-1,-6]],[[75780,12451],[-9,1],[-15,8],[-62,11]],[[75694,12471],[18,46],[14,20],[-12,3],[-6,19],[-9,14],[6,2],[-11,8]],[[75694,12583],[59,-1],[-1,-8],[8,-4],[27,0],[63,16]],[[75850,12586],[-4,-5],[3,-5],[21,-9],[-29,-18]],[[76051,12642],[-6,-13],[4,-14],[-20,-10],[-16,-2],[-12,-11],[-4,-6],[14,-20],[-5,-9],[-13,-4],[-8,-25],[-7,-6]],[[75850,12586],[112,57],[62,43]],[[76024,12686],[8,-19],[20,-3],[1,-4],[8,-4],[-1,-7],[-9,-3],[0,-4]],[[75694,12471],[-20,3],[-16,15],[-1,8],[-42,27],[-21,2],[-37,-4],[-24,3],[-24,-2]],[[75509,12523],[32,39],[50,41],[53,-7],[9,1],[14,-5],[-2,-13],[29,4]],[[75355,12988],[0,3],[13,1],[0,11],[21,7],[9,8],[-14,6],[4,6],[25,1],[-4,16],[7,0],[-4,27]],[[75545,13097],[33,-4],[-2,-8],[-15,-3],[-4,-5],[22,1],[-4,-12],[12,-4],[-5,-8],[8,-2],[4,2],[10,-42],[6,0],[3,-4]],[[76023,12886],[11,-4],[10,0],[-3,-6],[4,-3]],[[76045,12873],[-6,-1],[1,-3],[-13,-6],[2,-10],[-7,-3],[5,-4],[-1,-5],[7,-3],[1,-7],[8,-7],[-1,-4],[11,-9],[-7,-10],[7,-8],[2,-14],[-7,-13],[-6,-2],[-1,-14]],[[76040,12750],[-52,-2],[-2,-4],[-8,0],[-1,4],[-11,-1],[-32,-13],[-14,-1],[4,-14],[10,-5],[-2,-2],[-20,3],[-62,-13],[-48,-1],[-19,4],[-43,14],[-30,-1],[-49,-6],[-19,1],[-13,5],[-12,15],[-52,19],[-24,19],[-17,1],[-22,-9],[-17,-3],[-89,9],[-17,5],[-28,25]],[[75351,12799],[-17,20],[-12,6],[-11,2]],[[75311,12827],[3,4],[163,59]],[[76040,12750],[4,-7],[-3,-16],[-11,-6],[1,-8],[6,-5],[-12,-9],[-5,-10],[4,-3]],[[75509,12523],[-32,5],[-27,-7],[-42,-19],[-41,-4],[-17,22],[-12,32]],[[75338,12552],[-17,77],[4,42],[16,30],[-3,72]],[[75338,12773],[0,9],[13,17]],[[75531,13400],[13,-8],[-1,-9],[7,-4],[-1,-2],[25,-9],[21,-13],[13,-1],[11,-11]],[[75619,13343],[8,-13],[10,-4],[0,-6],[8,-1],[-2,-3],[7,-5],[-1,-5],[16,-4],[14,3],[6,-2],[4,-8],[10,-5]],[[75699,13290],[8,-2],[13,-12],[0,-5],[-9,-5],[-2,-6],[10,-2],[6,-10],[3,2],[6,-3],[-2,-6],[6,-3],[2,-16]],[[75412,13074],[-351,-31]],[[75061,13043],[-23,17],[-8,39],[-12,18],[14,33],[13,16],[-29,48],[4,17],[-1,11],[-10,13]],[[75009,13255],[131,10]],[[75140,13265],[169,13],[179,39],[-2,11],[-25,6],[-31,31],[-15,10],[-3,8],[4,5],[30,14],[-1,7],[-27,5],[14,10]],[[75432,13424],[8,1],[9,-9],[31,-2],[7,-2],[1,-4],[19,0],[8,-5],[16,-3]],[[75338,12773],[-50,-14],[-55,-9],[-47,-20],[-47,-14],[9,-62],[-14,2],[-2,9],[-107,16],[-1,10],[4,1],[-3,8],[-23,3],[7,4],[-10,8],[-3,10],[-5,4],[-26,-12],[-22,27]],[[74943,12744],[-5,17],[-8,7],[-11,2],[0,6],[17,1],[15,-8],[18,14],[6,2],[4,-3],[6,3],[-3,5],[-11,2],[-4,4],[21,3],[8,-6],[3,2],[14,-15],[22,11],[-13,10],[26,11],[-6,4],[5,4],[22,1],[21,15],[17,3]],[[75107,12839],[25,-5],[29,5],[32,-2],[19,-3],[22,-9],[15,-2],[62,4]],[[74824,12837],[6,-11],[-4,-19],[25,-3],[7,-20],[12,-4],[-3,-7],[-11,-7],[16,-11],[-3,-2],[10,-5],[12,6],[2,-3],[10,-2],[11,-17],[29,12]],[[75338,12552],[-14,-2],[-13,-17],[-57,-13],[-2,-10],[-25,-9],[-43,-1],[0,-35]],[[75184,12465],[-1,-9],[-27,-1],[1,-4],[-29,4],[-13,-12],[-5,-21]],[[75110,12422],[-19,1],[-6,-10],[-37,9],[6,8],[-14,5],[12,17],[-16,9],[-7,-2],[-3,5],[-35,-3],[-5,9],[-69,-3],[-23,-3],[13,15],[-4,9],[5,12],[14,5],[-9,11],[-5,0],[1,8],[-5,1],[5,15],[10,-1],[2,7],[-9,4],[8,5],[-6,-1],[-14,5],[-5,-3],[-40,3],[-85,58],[-48,-14],[-5,8],[-7,-5],[-4,2],[-12,-5],[-6,7],[4,8],[-7,29],[-34,49],[10,24],[-1,10],[22,13],[2,15],[8,10],[-3,8],[-5,1],[1,12],[10,5],[4,8],[5,0],[0,10],[4,1],[0,9],[8,2],[2,14]],[[74718,12838],[14,3],[24,-1],[8,-17],[36,14],[19,2],[5,-2]],[[75023,12916],[34,-16],[-29,-23],[5,-3],[-6,-6],[17,-1],[8,3],[3,-12],[30,3],[3,-10],[10,1],[2,-10],[7,0],[0,-3]],[[74824,12837],[20,3],[5,7],[5,-6],[66,26],[-32,18],[8,5],[-10,4],[30,18],[10,-5],[17,10],[8,-3],[35,15],[33,-17],[4,4]],[[75023,12916],[52,48],[4,29],[12,23],[-2,10],[-28,17]],[[74718,12838],[4,8],[-5,4]],[[74717,12850],[4,4],[-6,2],[2,3],[-5,4],[10,9],[-9,12],[-8,0],[-15,13],[-2,26],[-21,3],[-7,-3],[-6,4],[13,10],[-12,-1],[24,28],[21,10],[15,14],[-5,8],[351,47]],[[74253,13639],[1,-8],[-8,-6],[5,-7],[27,-13],[48,1],[12,-7],[16,-3],[3,-4],[32,-11],[20,8],[16,0],[22,-10],[-2,-4],[5,-2],[17,-1],[4,-3],[11,-1],[10,-3],[29,5],[15,-5],[25,-16],[5,0],[6,8],[14,0],[10,-4],[-4,-4],[6,-8],[23,2],[1,-7],[11,-5],[40,-3]],[[74673,13528],[7,-1],[14,4],[36,19],[21,-8],[10,3],[55,0],[15,-3],[29,0],[8,3],[22,-1],[9,-4],[2,-5],[14,-1],[10,-5]],[[74925,13529],[-6,-8],[1,-10],[9,-18],[1,-20],[5,-1],[9,-15],[0,-12],[-13,-18],[-20,-14],[-2,-20],[-14,-19],[-3,-18],[4,-8],[-59,-95],[-6,0],[-6,-12],[184,14]],[[74717,12850],[-24,-4],[-13,-6],[-33,-4],[-71,-4],[-75,-28],[-54,-11],[-36,-14],[-10,-11],[-11,-6],[-20,-4],[-21,5],[-12,-2],[-8,-9],[11,-16],[-2,-5],[-30,-14],[-15,-3],[-6,11],[2,12],[13,22],[-3,4],[1,6],[-17,-3],[-3,25],[-8,11],[1,9],[-8,11],[-15,4],[-20,-1],[-8,3],[-16,-1],[-14,7],[-12,1],[-10,4],[-23,18]],[[74147,12857],[-18,22],[1,6],[11,13],[22,1],[18,7],[31,4],[-26,44],[-47,26],[46,5],[-32,9],[-30,19],[-11,8],[3,10],[-8,9],[-13,6],[0,4],[-41,19],[-67,24],[-19,4],[5,7],[10,3],[7,15],[6,-2],[37,18],[-11,2],[7,8],[-10,7],[-58,4],[-11,-13],[-20,5],[0,3],[-43,8],[-44,16],[0,-12],[-16,-16],[-22,4],[7,25],[-20,1],[-23,-6],[-40,0],[-61,-6],[-32,-23],[-18,-2]],[[73617,13143],[-13,22],[-1,18],[-14,24],[3,31],[-5,22],[2,9],[15,7],[3,9],[23,5],[-5,19],[-7,7],[3,12],[16,7],[-3,25],[11,31],[-9,3],[-93,10],[14,6],[7,10],[-9,9],[-3,11],[-15,-4],[-22,1],[7,19],[-8,22],[56,42],[5,37],[15,25],[0,14]],[[73590,13596],[39,0],[51,7],[18,-4],[30,-2],[193,26],[105,10],[21,-7],[20,7],[4,19],[6,3],[-3,-5],[6,-3],[37,-8],[11,-1],[21,7],[15,0],[18,6],[13,1],[52,-10],[6,-3]],[[74147,12857],[-51,-16],[-57,-14],[-134,-23],[-155,-35],[-94,-12]],[[73656,12757],[1,23],[-3,10],[5,20],[15,16],[-33,22],[0,8],[-16,18],[9,16],[-19,1],[17,13],[6,26],[-60,3],[-30,6],[-10,5],[-34,5],[-7,-2],[-36,7],[-6,10],[-4,-2],[3,8],[-3,6],[5,2],[-5,6],[2,6],[-12,7],[6,18]],[[73447,13015],[5,20],[-1,19],[27,-2],[29,-12],[-3,5],[23,39],[26,0],[4,6],[12,2],[24,22],[21,0],[3,29]],[[75110,12422],[-1,-32],[-3,0],[1,-11],[-3,-5],[-31,-13],[-13,-10],[-1,-8],[-9,0],[-15,-23],[-31,-24],[-7,-16],[-23,-11],[-1,-3],[-8,0],[-31,-11],[-20,-15]],[[74914,12240],[-2,3],[-20,4],[-42,2],[-12,6],[-19,-4],[-20,0],[-24,6],[-55,1],[-28,-2],[-85,-20],[-34,-1]],[[74573,12235],[-97,-1],[-82,-7],[-12,6],[-3,-10],[-20,-6],[10,-13],[-34,-11],[-28,2],[-27,-5],[-25,-1],[-20,-4],[-14,-9],[-11,-1],[-74,-5],[-32,3],[-152,-40],[-20,14],[-26,-19],[-32,-18],[-35,-8],[-12,-5],[-21,-28],[-7,-16],[-21,-17],[-21,-9],[-43,-12],[-9,2],[-6,6],[-16,8],[-27,2],[-22,12],[-30,7],[-6,4]],[[73598,12056],[11,22],[-5,34],[-11,31],[2,29],[31,24],[-5,22],[-7,11],[1,27],[14,29],[10,6],[12,20],[22,18],[-34,13],[-16,10],[19,12],[23,-7],[2,11],[14,2],[17,8],[-6,16],[1,13],[-9,9],[-28,-8],[-22,17],[-9,21],[0,18],[46,2],[20,13],[-9,8],[23,6],[-19,24],[-20,8],[-21,6],[-9,-1],[-55,11],[-30,0],[-28,6],[10,10],[-2,1],[3,6],[15,9],[-11,8],[30,18],[-11,6],[-2,7],[6,7],[42,23],[-4,4],[16,11],[9,12],[6,22],[5,6],[12,6],[9,33],[0,21]],[[75140,13265],[10,51],[-15,9],[-8,1],[13,15],[1,8],[-19,10],[-24,4],[-27,16],[20,58],[-26,8],[5,16],[16,15],[0,8],[-104,15],[-10,4],[-2,2],[6,7],[8,4],[-4,8],[-8,3]],[[74972,13527],[10,-1],[6,6],[36,1]],[[75024,13533],[8,-5],[5,3],[39,3],[10,3],[5,-4],[22,0],[3,-5],[14,-1],[15,-20],[55,-11],[0,-4],[6,-2],[-3,-3],[26,-6],[3,-7],[17,-9],[-13,-11],[2,-17],[10,-7],[44,-5],[24,1],[22,5],[6,-3],[34,3],[16,-2],[6,3],[32,-8]],[[74925,13529],[18,2],[12,-4],[17,0]],[[67610,17855],[8,-19],[-2,-10],[7,-12],[-20,-28],[-5,-26],[-26,-62],[5,-5],[-8,-5],[-21,-3],[0,-12],[-6,0],[-1,-7],[23,-24],[16,-25],[7,3],[9,-5],[11,6],[18,-15],[-7,-6],[11,-9],[-3,-24],[4,-2],[-37,7],[-87,5],[-38,-62],[26,-16],[22,-34],[-27,-10],[-2,3],[-12,6],[-47,-6],[-14,16],[-13,3],[-24,-2],[-21,7],[-12,11],[-9,2],[-19,-4],[-27,-17],[-49,-9],[-48,-1]],[[66896,17611],[34,53],[23,53],[10,37],[-12,0],[-29,-9],[-20,39],[-10,49],[-4,-1],[-14,47],[-4,33],[10,23],[23,31],[19,14],[18,37],[5,32],[22,8]],[[67740,17356],[-4,6],[9,20],[-30,3],[-1,-6],[-16,6],[-15,-1],[3,-10],[-9,-1],[-7,-8],[-28,-19],[15,-17]],[[67812,17937],[26,-59],[16,3],[25,-11],[27,-8],[20,-31],[13,-14],[13,3],[26,-37],[22,8],[23,-26],[50,1],[56,12],[13,9],[2,4],[-11,13],[13,4],[8,-6],[30,10],[9,5],[20,-9],[10,-2],[21,3],[4,5],[30,0],[2,3],[38,0],[6,2],[64,-13],[16,1],[10,-4],[10,0],[-11,-23],[-23,-3],[-16,-12],[-23,-9],[-8,-1],[-13,3],[-16,-14],[-31,-10],[-31,-25],[-30,-8],[20,-14],[-2,-15],[11,-9],[7,-12],[-1,-6],[-7,-7],[4,-6],[-3,-5],[-6,3],[-12,0],[-7,-5],[-22,-1],[-3,5],[-9,-1],[0,-3],[9,-1],[2,-4],[-19,-18],[-11,-3],[-13,-9],[-13,-3],[-7,2],[-3,-3],[-12,4],[0,-5],[-40,-11],[1,-5],[-20,-9],[-30,-23],[-21,-3],[-8,1],[-4,-6],[3,-18],[-5,-16],[5,-14],[-36,4],[-35,-2],[172,-32],[39,-6],[13,7],[40,-11]],[[76236,19489],[9,-17],[9,-39],[-8,-9],[11,2],[12,-20],[15,-13],[54,-40],[11,-1],[34,-24],[-44,18],[-7,-17],[-3,-30]],[[76329,19299],[-21,10],[-54,3],[-39,13],[-4,-19],[-16,-19],[2,-6],[-25,-23],[8,-8],[25,-5],[6,-5],[-6,-3],[12,-2],[4,-9],[-7,0],[-4,-3],[0,-6],[-94,-24],[-58,-20],[-7,-7],[-25,-3],[-70,-19],[-69,33],[38,16],[-44,16],[-70,33],[-22,21],[-39,22]],[[75750,19285],[38,10],[9,-10],[25,-1],[55,12],[25,1],[61,12],[27,2],[13,4],[4,8],[-3,16],[23,-5],[2,3],[21,-2],[6,-4],[37,7],[-13,31],[5,1],[-5,10],[16,5],[-5,6],[-15,-3],[-6,4],[11,0],[-1,4],[-11,-1],[-4,3],[0,4],[7,2],[3,10],[-17,1],[27,14],[7,12],[-2,9],[-6,15],[-23,19],[-8,13],[-13,34]],[[76040,19531],[60,9],[54,-5],[46,-17],[21,-14],[15,-15]],[[75750,19285],[-2,2],[-88,-25],[-49,52],[-63,-1],[-61,-5]],[[75487,19308],[30,9],[69,36],[25,17],[37,31]],[[75648,19401],[30,-12],[15,11],[17,-10],[32,-12],[16,11],[32,-12],[36,20],[12,-7],[31,0],[20,14],[12,-2],[13,24],[-16,3],[1,2],[-11,-1],[8,13],[11,8],[20,7],[8,0],[-1,-4],[12,-1],[-3,-7],[7,-3],[7,6],[10,0],[-30,42],[-39,39]],[[75898,19530],[69,-5]],[[75967,19525],[31,1],[42,5]],[[75878,19546],[20,-16]],[[75648,19401],[-36,14]],[[75612,19415],[12,18],[23,15],[20,7],[20,12],[5,0],[45,33],[11,14],[5,4],[6,-2],[34,38]],[[75793,19554],[61,-22],[24,14]],[[75702,19874],[-70,-20],[-52,-20],[-57,-31]],[[75523,19803],[-49,-26],[-87,-27],[-41,-22]],[[75346,19728],[-90,38],[-10,2],[-127,49],[-48,22],[36,20],[57,17]],[[75164,19876],[74,11],[24,6],[48,18],[65,13],[15,-20],[32,-28],[17,5]],[[75439,19881],[204,61],[22,-33],[37,-35]],[[76642,19861],[101,-42]],[[76743,19819],[-36,-13],[-68,-6],[-58,6],[-34,-10]],[[76547,19796],[-31,-6],[-36,3],[-19,7],[-132,-33],[-185,-17]],[[76144,19750],[-1,9],[-11,11],[-8,1],[-13,9],[1,12],[-5,5],[5,11],[98,31],[4,8],[-56,-3],[-74,4],[-29,-5],[-28,-11],[-3,2],[-9,13],[13,26],[-5,5],[-21,8],[-4,11],[19,25],[19,12],[-6,9],[-15,6],[46,8],[-10,12],[-28,21]],[[76023,19990],[41,15],[71,16],[12,5],[1,9]],[[76148,20035],[57,-26],[177,-71],[258,-79],[2,2]],[[76144,19750],[12,-1],[8,-5],[5,4],[7,-1],[6,-9],[6,-1],[8,-16],[7,-2],[0,-4],[-7,-1],[12,-5],[-3,-3],[11,-4],[16,-11],[-3,-19],[-15,-6],[-5,-7],[-8,1],[-8,-5],[13,-13],[3,-9],[14,-4],[2,-15],[12,-4],[12,-12],[-3,-14],[-9,-2],[-8,-21],[13,-17],[-2,-26],[17,-20]],[[76257,19498],[-21,-9]],[[75967,19525],[0,8],[28,17],[17,7],[78,13],[72,15],[7,3],[0,4],[-13,17],[-30,11],[-8,7],[-24,-9],[-34,31],[13,2],[35,0],[-15,8],[-26,-2],[-15,11],[-15,38],[17,22],[-3,10],[-18,12],[-34,-7],[-44,35],[-38,19]],[[75917,19797],[-77,77],[-9,15],[-2,26]],[[75829,19915],[43,11],[40,24],[-13,15],[-17,32],[30,8]],[[75912,20005],[56,19],[33,-18],[22,-16]],[[75917,19797],[-103,-43],[25,-16],[45,-20],[22,-15],[-25,-11],[-57,-20],[-66,-39]],[[75758,19633],[-235,170]],[[75702,19874],[69,30],[58,11]],[[76890,19753],[-7,-12],[6,-8],[-2,-19],[-13,-12],[24,-9],[-15,-18],[13,-2],[-6,-11],[5,-1],[-4,-8],[21,-5],[-6,-5],[12,-6],[-1,-4],[-53,-18],[-16,-24],[-33,-4],[4,-14],[14,-20],[7,4],[32,-15],[9,-8],[-3,-1],[9,-16],[-19,-5],[-38,-1],[-12,-5],[-54,-39],[-4,-13],[-20,-20],[-6,-16],[-22,-3],[14,-27],[1,-18],[7,-15],[-12,-21],[27,-9],[22,-14],[0,-9],[-4,-5],[8,-14],[-11,-7],[4,-6],[-5,-9],[2,-7],[47,-40],[21,-12],[9,-17],[23,-20],[-17,-6],[-23,-2],[-11,-7],[-12,-2],[-7,-10]],[[76795,19138],[-126,62],[-24,14],[-5,8],[-12,-5],[-4,-12],[-64,1],[-8,14],[-37,12],[-55,9],[-9,5],[-9,1],[-32,11],[-30,-2],[-37,20],[0,9],[-14,1],[0,13]],[[76257,19498],[47,19],[73,10],[32,10],[15,6],[40,29],[28,14],[-28,25],[-25,45],[39,13],[30,14],[46,37],[18,35],[2,18],[-27,23]],[[76743,19819],[148,-62],[-1,-4]],[[75758,19633],[120,-87]],[[75793,19554],[-190,71],[-18,-17],[-75,-45],[-76,-34],[-34,-18]],[[75400,19511],[-47,22],[-11,-10],[-22,-5],[-11,-5],[-37,-1],[-6,-39]],[[75266,19473],[-15,-5],[-24,-1],[-16,6],[-13,11],[0,30],[-3,1],[3,9],[-5,6],[-49,23],[-22,3]],[[75122,19556],[2,4],[19,10],[27,31],[4,-1],[4,5],[17,10],[27,-1],[32,28],[19,12],[7,9],[30,-13],[44,-33],[48,28],[15,14],[21,32],[-92,37]],[[75459,20794],[22,-12],[-6,-10],[2,-5],[15,2],[21,-3],[40,-20],[10,-13],[11,-4],[29,-30],[18,-12],[42,-21],[28,-18],[19,-2],[9,-5],[7,-7],[1,-18],[7,-9],[13,-11],[22,-10],[-4,-3],[3,-4],[41,-14],[-54,-41],[-15,-30],[17,-35],[27,-13],[25,-4],[9,-6],[-1,-8],[5,-3],[-13,-9],[34,-6],[-10,-18],[-36,-40],[22,-17],[11,3],[33,-23],[13,-1],[28,3],[20,7],[51,9],[1,7],[-7,1],[3,3],[8,0],[8,3],[5,0],[30,3],[12,-3],[2,4],[14,-12],[-2,-9],[17,-10],[-2,-4],[12,-7],[-1,-6],[16,-10],[14,-27],[16,-7],[10,-18],[7,1],[5,-3],[-3,-5],[10,-11]],[[76150,20223],[-6,-13],[-36,-6],[-40,-12],[-31,2],[-20,-5],[-53,-21],[-19,-3],[-43,-20],[-60,-17],[-64,-24],[-83,-21]],[[75695,20083],[-19,7],[-32,2],[-54,-2],[-19,3],[-15,-5]],[[75556,20088],[-16,3],[-13,-8],[-6,-13],[-25,-10],[-6,-14],[12,-3],[-10,-7],[-35,-7],[-32,-2],[-22,5],[0,6],[-23,13],[2,7],[-9,2],[-18,20],[-9,3],[-49,-2],[-30,-8],[-21,7],[-4,5],[-21,-3],[-7,10],[-23,2],[-9,-3],[-12,1],[-8,4],[-25,-7],[1,-8],[-24,-6],[-9,3],[-22,-5]],[[75083,20073],[-11,0],[-16,6],[-1,7],[-5,1],[-2,7],[-11,7],[0,15],[8,8],[0,20],[-15,7],[-6,15],[-17,5],[-14,9],[-10,-1],[4,4],[-24,7],[1,7],[-14,7],[-4,12],[-8,3],[4,9],[-8,16],[5,2],[-4,4],[-33,8],[-4,-3],[-11,0],[-25,5],[-5,-2],[-12,7],[-3,17],[-15,23],[-5,-1],[-18,5],[-10,-1],[-7,4],[-14,1],[-12,8],[-5,-2],[-13,3],[-7,-1],[-12,3],[-2,5],[-6,-1],[7,9],[8,0],[18,8],[8,9],[-15,8],[-6,8],[-10,-4],[-14,8],[1,12],[8,6],[-12,6],[12,2],[3,4],[-6,10],[1,3],[-6,5],[-6,-1],[-10,13],[-15,9],[-8,-4],[-10,2],[-3,-3],[-12,7],[-16,-1],[-4,-3],[-17,5],[-11,-4],[-20,8],[-9,-2],[-16,2],[-8,7],[-3,4],[7,2],[2,6],[12,6],[11,1],[10,11],[-1,5],[10,1],[-4,6],[8,2],[-2,7],[11,3],[-1,14],[7,6],[-8,9],[12,7],[-11,19],[8,4]],[[74616,20570],[10,-5],[95,41],[3,-5],[26,1],[119,13],[6,-12],[16,-9],[44,1],[81,12],[24,19],[35,-14],[38,12],[-5,28],[-26,51],[-6,22],[149,-2],[24,-9],[5,12],[9,3],[-2,14],[13,9],[4,9],[18,10],[-2,12],[20,14],[3,11],[-6,37],[9,0],[10,4],[28,2],[7,10],[21,-15],[8,-15],[20,-18],[26,6],[2,-7],[-3,-9],[6,0],[14,-9]],[[75912,20005],[-9,12],[9,15],[-13,13],[6,29],[-11,11],[-20,3],[-29,-1],[-29,8],[-78,-13],[-19,-7],[-13,1],[-11,7]],[[76150,20223],[2,8],[5,-1],[27,-14],[8,0],[52,10],[10,5],[12,18],[3,-1],[-6,-7],[-3,-11],[6,-2],[8,4],[10,-2],[6,-11],[40,-13],[6,-11],[34,-3],[16,5],[-7,-25],[-12,-16],[-16,-13],[-29,-14],[-49,-11],[-157,-22],[-32,-9],[-20,-10],[84,-42]],[[76650,21192],[2,-9],[18,-12],[45,-9],[19,-7],[18,-11],[18,-2],[44,3],[76,-10],[22,-15],[16,-4],[-6,-20],[3,-10],[88,-15],[27,-2]],[[77040,21069],[-17,-26],[15,-23],[-5,-33],[-28,-7],[-23,-17],[-13,-17],[4,-13],[29,-21],[13,-21],[5,-22],[-11,-41],[-20,-10],[-29,-7],[-47,-3],[1,-7],[10,-6],[34,-36],[-18,-12],[15,-22],[19,-12],[-5,-11],[-7,0],[2,-18],[5,0],[3,-11],[43,-6],[11,-4],[18,-15],[29,-6],[45,-14],[17,0],[33,8],[66,-1],[32,-33],[18,-12],[31,-29],[-1,-19],[11,-15],[9,-25],[-3,-16],[-8,-8],[2,-9],[20,-18],[26,-12],[12,-14]],[[77383,20425],[-14,-2],[-37,-18],[-15,-15],[-16,-7],[-6,-7],[-9,-3],[49,-30],[-13,-6],[-42,-8],[-14,-10],[-5,-30],[-14,-3],[-13,-8],[14,-22],[-25,-9],[-12,-1],[-15,-9],[-38,-10],[-12,-7],[-20,-24],[-25,-11],[-21,-6],[-9,5],[-15,2],[-22,-21],[-31,-11],[-10,-11],[-29,-14],[-10,-10],[-20,-36],[0,-13],[-29,-36],[-21,-10],[-44,-8],[-26,-15],[-23,-22],[-9,-20],[-24,-14],[-11,-11],[-11,2],[-20,-27],[-9,3],[-11,-16],[-7,-5],[-16,-4],[-19,-11],[-12,-15]],[[75459,20794],[16,7],[26,20],[13,20],[21,20],[8,14],[29,28],[-26,8],[-1,16],[35,-3],[15,28],[42,2],[79,20],[12,-30],[13,-14],[0,-12],[7,-14],[10,5],[11,16],[29,16],[59,1],[9,-7],[35,19],[13,12],[21,7],[35,2],[2,9],[12,13],[26,-1],[53,54],[36,13],[46,9],[16,6],[29,26],[42,25],[29,6],[34,18],[-4,7]],[[76291,21160],[37,16],[51,9],[22,9],[71,5],[18,5],[34,-6],[12,4],[45,-3],[18,2],[51,-9]],[[75612,19415],[-125,44],[-87,52]],[[75439,19881],[-18,10],[4,2],[-5,7],[12,11],[5,-1],[4,4],[4,-3],[10,8],[-9,4],[-2,5],[5,3],[-6,2],[0,5],[11,4],[1,5],[9,7],[-8,4],[2,4],[-13,14],[20,9],[7,-4],[69,29],[67,19],[-6,5],[-30,-2],[3,26],[-19,30]],[[75122,19556],[-19,8],[-25,19],[-34,6],[-37,21],[-56,14],[-19,18],[-4,8],[-20,4],[-28,13],[5,5],[-49,23],[10,11],[-20,12],[2,2],[-12,11],[-22,10],[2,2],[-41,18],[4,3],[-20,5],[2,13],[-42,2]],[[74699,19784],[-5,14],[10,17],[29,23],[19,4],[9,-8],[6,-1],[2,2],[7,1],[6,-7],[31,-5],[15,12],[22,13],[-2,5],[27,19],[5,7],[-8,13],[-23,8],[-23,1],[-23,12],[-5,8],[10,7],[-3,17],[-4,6],[-13,6],[-10,8],[3,6],[33,20],[1,4],[18,5],[20,-1],[21,3]],[[74874,20003],[56,-18],[35,-15],[26,-17],[40,-34],[31,-17],[52,-17],[50,-9]],[[75487,19308],[-47,-7],[-52,-2],[-38,-13]],[[75350,19286],[-10,6],[-17,87],[-14,38],[-43,56]],[[74874,20003],[23,3],[52,-15],[20,0],[34,7],[37,22],[18,23],[10,6],[3,16],[12,8]],[[91841,13186],[-143,-39],[-34,1],[-60,12]],[[91604,13160],[6,5],[-4,1],[5,6],[6,1],[6,4],[-13,5],[9,1],[-22,4],[9,4],[-2,6],[-4,1],[7,8],[17,6],[-5,3]],[[91619,13215],[47,26],[66,14],[3,-1],[-2,-18],[4,20],[63,20]],[[91800,13276],[25,-8],[29,-4],[-13,-78]],[[89805,13874],[0,-3],[-9,1],[6,5],[3,-3]],[[89811,13877],[0,0]],[[89777,13981],[-5,0],[-2,4],[7,-4]],[[89997,14024],[-1,1]],[[89997,14024],[0,0]],[[89801,14051],[10,-4],[-7,1],[-7,-8],[-6,8],[-6,4],[6,0],[1,3],[9,-4]],[[89778,14054],[-4,0],[-2,6],[9,-1],[-3,-5]],[[89767,14099],[89,-18],[91,8],[1,-5],[5,4]],[[89953,14088],[-1,-4]],[[89952,14084],[-1,-1]],[[89951,14083],[-1,0]],[[89950,14083],[-2,0]],[[89948,14083],[-4,-2]],[[89944,14081],[7,-3]],[[89951,14078],[1,0]],[[89952,14078],[-3,2]],[[89949,14080],[5,-1]],[[89954,14079],[-1,-2]],[[89953,14077],[-2,-1]],[[89951,14076],[12,-8]],[[89963,14068],[-3,-8]],[[89960,14060],[5,-7]],[[89965,14053],[0,5]],[[89965,14058],[2,0]],[[89967,14058],[0,1]],[[89967,14059],[1,0]],[[89968,14059],[5,-4]],[[89973,14055],[1,-2]],[[89974,14053],[-1,0]],[[89973,14053],[-5,0]],[[89968,14053],[0,-1]],[[89968,14052],[1,0]],[[89969,14052],[0,-1]],[[89969,14051],[8,-1]],[[89977,14050],[-1,-3]],[[89976,14047],[-2,-1]],[[89974,14046],[-1,0]],[[89973,14046],[-2,1]],[[89971,14047],[2,-2]],[[89973,14045],[6,0]],[[89979,14045],[1,0]],[[89980,14045],[-1,-2]],[[89979,14043],[-1,0]],[[89978,14043],[9,-7]],[[89987,14036],[-5,5]],[[89982,14041],[10,-3]],[[89992,14038],[2,-9]],[[89994,14029],[3,-5]],[[89997,14024],[0,3]],[[89997,14027],[0,2]],[[89997,14029],[5,-5]],[[90002,14024],[-4,-1]],[[89998,14023],[-2,-1]],[[89996,14022],[0,-1]],[[89996,14021],[5,-7]],[[90001,14014],[5,-5]],[[90006,14009],[3,2],[-6,3]],[[90003,14014],[0,1]],[[90003,14015],[1,-1]],[[90004,14014],[3,0]],[[90007,14014],[1,0]],[[90008,14014],[-2,2]],[[90006,14016],[2,0]],[[90008,14016],[3,-4]],[[90011,14012],[2,-7]],[[90013,14005],[-1,-1]],[[90012,14004],[-2,0]],[[90010,14004],[-4,1]],[[90006,14005],[3,2]],[[90009,14007],[0,1]],[[90009,14008],[-6,-3]],[[90003,14005],[0,-1]],[[90003,14004],[4,-2]],[[90007,14002],[4,-1],[10,-9]],[[90021,13992],[21,-40]],[[90042,13952],[7,-1]],[[90049,13951],[1,0]],[[90050,13951],[7,-7]],[[90057,13944],[16,-8]],[[90073,13936],[5,-2],[36,-12]],[[90114,13922],[8,0]],[[90122,13922],[4,-6]],[[90126,13916],[6,-8]],[[90132,13908],[1,1]],[[90133,13909],[13,6],[13,10]],[[90159,13925],[35,-14]],[[90194,13911],[12,-5],[44,-32]],[[90250,13874],[4,-1]],[[90254,13873],[7,-3],[0,-5],[14,-8],[6,-8],[32,-12],[41,-10],[1,-9],[-5,-9],[5,-1],[15,18],[21,-7],[6,-9],[3,-13],[-2,-9],[-3,0],[1,-7],[-5,-7],[2,-2],[-23,-18],[9,1],[0,-3],[8,-1],[-4,-3],[-15,6],[-4,-3],[20,-8],[-6,-10],[-1,6],[-10,3],[-5,7],[-6,-3],[15,-9],[-3,-11],[8,3],[-2,-6],[-4,-1],[5,-7],[-4,-7],[-8,-5],[-3,-9]],[[90360,13694],[-4,2],[-52,7],[-17,9],[-25,27],[-9,4],[-25,3],[-17,-13],[-2,-13],[-29,2],[-12,-3],[-19,-17],[-46,-24],[-18,-15],[-37,-49],[7,-35]],[[90055,13579],[-19,-6],[-26,-4],[-9,-5],[-26,7],[-119,-61]],[[89856,13510],[-67,-35],[-30,-7],[-23,-13],[-9,3],[-13,-9],[-4,2],[-6,-2],[-3,2],[-52,-17],[-47,-4],[-14,-5]],[[89588,13425],[12,15],[-7,8],[12,4],[20,15],[18,22],[22,-2],[0,6],[6,-1],[9,18],[-10,2],[14,17],[-5,0],[0,7],[21,15],[15,30],[-63,30],[-35,11],[-34,15],[-25,4],[-39,0],[-29,6],[-46,-6],[-8,8],[-24,5],[-13,-1],[-7,6],[-32,12],[33,28],[7,12],[12,7],[10,-2],[19,17],[14,25],[15,10],[-2,3]],[[89468,13771],[2,-3],[20,-2],[26,-11],[-14,-22],[-1,-14],[5,-1],[-4,4],[1,11],[14,12],[6,-2],[25,-2],[15,24],[12,10],[6,1],[13,-6],[1,6],[15,2],[11,5],[-2,8],[10,14],[-8,16],[4,16],[14,29],[12,7],[8,11],[14,3],[33,1],[43,7],[22,12],[21,-8],[15,-4],[5,-3],[4,1],[1,-6],[-5,-7],[-18,-7],[-16,-3],[-2,-4],[6,-11],[-5,-6],[-24,-15],[0,-6],[-15,-4],[1,-18],[-12,-8],[12,-10],[4,-10],[11,6],[24,3],[4,-3],[8,2],[-1,5],[7,7],[11,-5],[40,10],[31,3],[4,5],[6,-3],[-2,4],[8,-4],[21,6],[4,4],[2,-3],[5,3],[5,12],[6,2],[0,6],[12,6],[2,8],[22,1],[-2,10],[-17,9],[-51,12],[-25,23],[-20,7],[-12,-2],[13,16],[1,8],[-5,5],[-21,6],[-1,-3],[15,-5],[4,-5],[-5,-11],[-9,-6],[-8,-2],[-9,2],[-14,9],[-6,19],[5,-8],[9,5],[-4,5],[18,-2],[3,3],[-19,4],[-20,-2],[-5,4],[-10,15],[2,4],[-5,2],[5,7],[-14,5],[-17,40],[15,16],[11,6],[10,-4],[0,-5],[20,-3],[5,6],[3,-6],[-3,-1],[14,-4],[11,2],[1,-8],[5,12],[-20,5],[3,-5],[7,-1],[-12,-2],[-2,10],[-31,13],[3,-2],[-7,-3],[-4,3],[5,8],[-4,11],[-9,1],[-3,23]],[[89953,13478],[59,-21],[-13,-13],[7,-2],[-4,-5]],[[90002,13437],[-46,8],[-9,-10],[-10,3],[-5,-12],[5,-3],[-6,-5],[20,-5],[-3,-2],[7,-2],[3,1],[6,-4],[8,1],[-3,-4],[-15,-8],[-1,-5],[-13,-7],[-10,5],[-26,-17],[10,-6],[6,3],[27,-15],[7,5],[19,-7]],[[89973,13351],[-48,-17],[-27,-42],[-15,-14],[-18,9],[-4,-3],[-16,10],[-10,-1],[-3,-3],[9,-4],[-3,-5],[14,-7],[-7,-11],[-3,-24],[-34,-35],[-28,14],[1,4],[-9,4],[-21,-13],[-35,13],[-91,25],[-149,52],[-28,-3]],[[89448,13300],[7,7],[-9,8],[-38,14],[-12,1],[-23,10]],[[89373,13340],[26,-1],[19,3],[14,11],[26,-7],[19,15],[36,16],[40,32],[35,16]],[[89856,13510],[52,-15],[45,-17]],[[92193,13467],[74,-70],[29,-4],[16,-5],[11,-9],[13,5],[23,-1],[-1,7],[42,10],[4,-16],[13,-11],[162,-97],[100,-51],[39,6],[27,-1],[17,-8],[27,-5],[25,-13]],[[92814,13204],[-2,-4],[11,-20],[11,-11],[-25,-5],[-2,-2],[-7,1],[-17,-3],[-50,-21],[9,-16],[16,-7],[-1,-12],[12,-7],[-2,-8],[9,-11],[-46,-95]],[[92730,12983],[-22,-39],[19,-39],[-81,-29],[-13,2],[-24,-10],[-30,-7],[-13,0],[-5,6],[-30,-14],[-23,-5],[-14,1],[14,-27],[-29,-1],[-29,-19],[-1,-21],[-23,-5],[-13,-10]],[[92413,12766],[-13,6],[-18,1],[-18,-1],[-32,-11],[-32,6],[-32,-1],[-30,15],[2,-9],[-10,-18],[1,-6],[-18,-9],[-21,-29],[-1,-16],[9,-28],[-19,-14],[-69,-23],[-38,-1],[-43,22],[-1,7],[-20,13],[-42,15],[-31,-2],[-18,-12],[-12,-3],[-5,-8],[-2,-18],[9,-21],[-12,-14],[-27,2],[-62,-10],[-5,5],[-43,-5]],[[91760,12599],[10,12],[-4,13],[10,17],[0,9],[-27,27],[-27,18],[-47,4],[-108,16],[-48,4],[-29,-19],[-29,15],[19,16],[-38,19],[-33,13],[32,29],[41,21],[-16,-2],[-10,3],[19,28],[29,8],[-2,4],[8,5],[-17,18],[-51,27],[0,7],[14,18],[4,19],[36,43],[46,31]],[[91542,13022],[68,-10],[20,2],[6,20],[-3,14],[115,-11],[1,5],[47,-8],[25,38],[20,114]],[[91800,13276],[1,7],[16,10],[29,-2],[12,5],[5,9],[-1,13],[-26,25],[-17,24],[-14,7],[-57,11],[-23,-4],[-23,-11],[-9,1],[-19,10],[28,1],[-26,0],[-7,3],[2,35],[7,9],[28,3],[49,12],[56,7],[38,-4],[14,6],[5,-2],[19,5],[-14,-2],[2,7],[-6,-2],[2,-5],[-9,6],[-7,-1],[-3,-8],[-7,4],[1,3],[27,5],[48,3],[59,-2],[51,11],[27,3],[29,0],[106,-11]],[[90128,13468],[16,5],[2,-5],[3,6],[11,2],[8,-1],[17,-8]],[[90185,13467],[-1,-7],[5,-10],[-7,-26]],[[90182,13424],[-4,-17]],[[90178,13407],[-6,-2],[-12,3],[-2,-3],[-11,2],[3,4],[-9,3],[-2,-4],[-7,0],[-1,4],[-5,-4],[-23,5],[-1,6],[-100,16]],[[89953,13478],[15,-4],[15,1],[14,5],[8,8]],[[90005,13488],[34,-2],[25,-5],[5,1],[4,-4],[33,-3],[14,-7],[8,0]],[[91333,13183],[89,-19],[-4,-4],[25,-7],[-6,-7],[4,-2],[-22,-19],[20,-7],[1,-10],[73,-21],[4,-28],[25,-37]],[[91760,12599],[-15,-10],[26,-12],[-14,-20],[-25,-3],[-54,16],[-45,6],[-6,-9],[-27,-14],[-59,-21],[-13,-14],[-10,-21]],[[91518,12497],[-36,10],[-44,-3],[-39,1],[-40,-9],[-24,-32],[-11,-41],[-52,-1],[-29,7],[-18,11]],[[91225,12440],[-9,8],[-28,8],[-38,24],[-62,-47],[-97,-31],[-19,-17],[-10,-21],[-11,1],[-46,7],[-40,25],[-8,-5],[-14,-3],[-9,11],[-6,-6],[-28,12],[-6,-9],[-9,2],[2,13],[-37,-1],[-6,-9],[-12,5],[-9,-9],[-21,4],[4,8],[-19,2],[5,5],[-27,6],[9,11],[2,12],[32,32],[-30,11]],[[90678,12489],[22,58],[15,17],[-68,21],[22,25],[7,26],[-2,8],[11,19],[-10,8],[-26,9],[-1,14],[11,8],[-1,2],[-73,29],[-21,-2],[-18,0],[-19,17],[-13,-14],[-59,-27],[-29,-20],[-12,-14],[-31,-18],[-11,2],[-30,-2],[-26,4],[-40,10],[-11,7],[11,10],[59,84],[17,19],[13,8],[14,26],[29,18],[-35,16],[-8,7],[-31,-12]],[[90334,12852],[7,21],[34,27],[24,30],[1,8]],[[90400,12938],[2,8],[24,15],[33,40],[8,23],[176,30],[49,-5],[98,19],[41,1],[34,-10],[15,-16],[-7,-12],[-44,-22],[45,-2],[46,5],[40,-4],[13,-6],[53,32],[10,16],[60,45],[43,15],[27,-2],[49,22],[20,20],[-3,1],[22,20],[9,-1],[18,21],[52,-8]],[[89471,13810],[-11,-4],[-1,3],[12,1]],[[89438,13903],[0,0]],[[89440,13907],[0,0]],[[89455,13919],[-10,-10],[-7,6],[17,4]],[[89373,13340],[-113,41],[-29,0],[-21,5],[-33,-13],[-16,0],[-50,-21],[-59,-10],[-47,-3],[12,16],[-2,10],[-34,6],[-16,0],[-13,-4],[-19,-18],[-30,-38],[-32,-25],[-28,15],[-6,7],[35,4],[24,20],[-40,13],[-14,10]],[[88842,13355],[6,12],[17,15],[40,-15],[28,17],[11,13],[-7,13],[23,16],[40,57],[3,11],[17,10],[20,0],[13,16],[16,31],[33,41]],[[89102,13592],[7,-1],[54,65],[-62,18],[-16,3],[-5,-4],[-28,9],[24,19],[-1,19],[12,12]],[[89087,13732],[2,-6],[4,4],[9,-13],[2,4],[-14,16],[7,26],[20,23],[12,-4],[5,19],[26,1],[13,5],[24,32],[16,1],[9,8],[1,11],[-14,9],[3,5],[17,8],[1,5],[-5,18],[-13,13],[29,6],[15,8],[33,8],[13,-7],[24,-8],[12,-9],[0,3],[5,-1],[-4,-4],[8,-6],[-1,-3],[15,-1],[-3,-5],[-7,1],[2,-4],[10,-3],[5,2],[8,-5],[3,1],[-15,7],[4,4],[12,-6],[1,-5],[-6,-2],[6,-2],[-7,-5],[6,2],[11,-7],[3,-14],[6,0],[1,-6],[10,-5],[8,-9],[-3,-21],[-5,-1],[-4,-6],[6,-5],[8,0],[-5,7],[6,9],[4,2],[1,-4],[-5,-1],[2,-3],[-5,-3],[3,-4],[8,1],[-7,-4],[10,-2],[0,-3],[9,10],[-2,-10],[16,1],[0,-5],[-4,-1],[-6,3],[-2,-3],[20,-3],[-5,3],[-3,5],[14,3],[-5,-6],[1,-2],[8,1],[-9,-4],[3,-4],[-4,-15],[4,-6]],[[89613,13930],[8,-9],[-18,-5],[-26,-17],[-29,-11],[-23,-19],[-2,5],[9,2],[-16,11],[-23,8],[8,1],[-6,6],[9,3],[4,6],[12,4],[14,1],[0,3],[11,2],[3,5],[25,6],[18,2],[22,-4]],[[89625,14076],[25,-6],[35,4],[8,-3],[5,1],[6,-4],[-7,-7],[5,-7],[0,-8],[-6,-36],[10,-25],[36,-40],[1,-5],[-7,-8],[-27,-1],[-17,6],[-26,0],[-8,2],[0,7],[-5,5],[-10,-8],[-11,1],[-31,11],[-1,6],[-36,-4],[-36,-8],[-2,9],[-14,15],[2,2],[5,-5],[18,4],[2,8],[-11,3],[1,3],[-16,7],[5,7],[-2,5],[-6,-3],[-9,5],[-3,13],[6,0],[-2,-5],[12,6],[0,3],[-28,-1],[-2,-5],[6,-4],[-5,-1],[-18,0],[-6,4],[-3,9],[2,5],[16,12],[24,1],[21,8],[12,-19],[10,2],[-3,-5],[14,-3],[0,-7],[7,1],[4,-4],[11,1],[13,6],[2,5],[-26,3],[-16,7],[4,2],[35,3],[32,-3],[5,10],[-4,1],[-3,16],[1,6],[6,0]],[[89585,14175],[20,-7],[16,3],[20,-2],[28,-8],[-3,-24],[-2,-5],[-6,-1],[14,-5],[-10,-8],[8,4],[3,-8],[-3,-6],[4,0],[1,-10],[-4,-5],[-9,1],[-5,10],[5,0],[-14,5],[-8,9],[1,5],[-5,0],[-14,9],[-5,-3],[-16,7],[-40,1],[-7,-10],[6,-32],[-37,-11],[-16,3],[-3,7],[4,6],[-6,4],[4,4],[-7,4],[2,8],[8,1],[-17,5],[10,0],[-8,4],[-6,13],[-7,0],[1,5],[-45,-13],[-5,0],[-1,7],[-10,1],[-5,-3],[5,-8],[-6,-5],[3,-4],[-13,-1],[-5,8],[5,12],[13,12],[11,1],[7,4],[-3,5],[12,6],[5,7],[9,1],[7,-5],[7,0],[0,-4],[6,2],[-3,4],[24,0],[26,-1],[7,-3],[26,0],[26,4]],[[90178,13407],[-16,-22]],[[90162,13385],[-10,-10],[-26,-7],[-9,-15],[-6,1],[2,5],[-8,2],[-3,-3],[-31,12],[-9,-9],[5,-3],[-17,-12],[-2,8],[-5,-1],[1,-4],[-11,2],[7,4],[-8,6],[-12,3],[-17,-19],[-28,5]],[[89975,13350],[-2,1]],[[90360,13694],[-1,-3],[14,-3],[8,-7],[-1,-11],[10,-1],[6,-4],[1,-18],[10,-22],[-7,-4],[-33,1],[8,-2],[-4,-3],[-10,-2],[-7,4],[3,-6],[-7,0],[-14,-7],[10,1],[-7,-10],[1,-12],[-2,-14],[-3,-2],[-8,3],[2,-6],[-8,-5],[7,-3],[7,1],[-13,-21],[-8,-2],[-6,-6]],[[90308,13530],[-5,0],[-34,14],[9,12],[-55,9],[-6,3],[-45,-13],[-2,4],[-11,-3],[-17,35],[-22,5],[-17,-2]],[[90103,13594],[-48,-15]],[[90308,13530],[-14,-9],[3,-4],[-14,-2],[1,-4],[-10,2],[-21,-3],[0,2],[-13,-5],[-32,-8],[-10,-8],[7,-11],[-13,-10],[-7,0],[-18,11],[-10,1],[-23,-9],[-12,-2],[-2,-2],[8,-1]],[[90005,13488],[40,54],[58,52]],[[91102,14186],[-22,-12],[-3,1],[-9,-11],[0,-11],[5,0],[-3,-5],[15,-7],[-48,-21]],[[91037,14120],[-58,19],[-97,23],[-30,0],[-8,-5],[-32,-7],[-87,-9],[-59,24],[-3,-2],[-20,9]],[[90643,14172],[-77,27],[-43,11],[-12,0],[-13,10]],[[90498,14220],[-8,10],[-14,9],[-26,27],[156,49],[8,-4],[27,0],[17,3],[10,4]],[[90668,14318],[150,-68],[85,-35],[82,-21],[64,0],[14,-4],[39,-4]],[[90548,13612],[-30,-70],[-4,-28],[-26,-25],[1,-7],[-7,-12],[-8,-3],[-17,-14],[-53,-22],[-11,-10],[14,-2]],[[90407,13419],[-3,-7],[-6,-4],[-6,1],[-11,-11],[4,-2],[-10,-14],[-4,1],[-4,-5]],[[90367,13378],[-80,13],[1,4],[-5,2],[8,18],[5,0],[0,4],[-61,0],[-53,5]],[[90185,13467],[11,-3],[8,7],[5,-3],[2,-8],[0,10],[-6,2],[7,7],[-4,12],[13,7],[34,9],[9,-15],[3,1],[-8,9],[3,3],[15,2],[17,-3],[17,6],[31,39],[14,43],[12,12],[40,2],[14,11],[23,3],[22,-1],[37,-8],[32,2],[12,-1]],[[91588,13213],[-13,-2],[-10,-3],[-1,-4],[-11,8],[-6,-3],[-5,3],[5,6],[-11,8],[-4,-2],[-56,29],[3,3],[-8,2],[-1,-4],[-6,2],[2,3],[-8,3],[-6,-5],[-10,1],[-47,-4]],[[91395,13254],[4,4],[21,9],[3,10],[-3,3],[48,21],[5,-2],[14,4],[20,12],[6,1],[4,-3]],[[91517,13313],[20,8],[27,23],[11,-2],[-4,6],[33,5],[31,9],[22,20],[18,-11],[24,-10],[43,14],[19,-1],[-1,-10],[3,-4],[14,4],[1,2],[-11,-3],[-5,2],[5,8],[36,-4],[14,-8],[8,-22],[31,-19],[2,-15],[-7,-8],[-9,-2],[-16,3],[-9,-1],[-32,-22],[-49,-16],[-78,-16],[-17,-11],[7,9],[-30,-25],[-19,-4],[-10,4],[4,-5],[-5,2]],[[90250,13874],[0,0]],[[90133,13909],[0,0]],[[90126,13916],[0,0]],[[90151,13922],[-7,-3],[-5,5],[12,-2]],[[90194,13911],[0,0]],[[90057,13944],[0,0]],[[90049,13951],[0,0]],[[90021,13992],[0,0]],[[90007,14002],[0,0]],[[90012,14004],[0,0]],[[90009,14007],[0,0]],[[90009,14008],[0,0]],[[90013,14005],[0,0]],[[90006,14009],[0,0]],[[90008,14014],[0,0]],[[90006,14009],[-3,5]],[[90004,14014],[0,0]],[[90006,14016],[0,0]],[[90008,14016],[0,0]],[[89996,14022],[0,0]],[[89998,14023],[0,0]],[[89994,14029],[2,-4]],[[89997,14029],[0,0]],[[89992,14038],[0,0]],[[89987,14036],[0,0]],[[89979,14043],[0,0]],[[89979,14045],[0,0]],[[89973,14046],[0,0]],[[89971,14047],[0,0]],[[89976,14047],[0,0]],[[89969,14051],[0,0]],[[89968,14052],[0,0]],[[89968,14053],[0,0]],[[89974,14053],[0,0]],[[89967,14058],[0,0]],[[89973,14055],[0,0]],[[89967,14059],[0,0]],[[89965,14053],[0,0]],[[89963,14068],[0,0]],[[89953,14077],[0,0]],[[89952,14078],[0,0]],[[89951,14078],[0,0]],[[89951,14083],[0,0]],[[89944,14081],[0,0]],[[89952,14084],[0,0]],[[89886,14132],[0,0]],[[90004,14131],[9,-4],[1,-5],[-10,-2],[-6,6],[-7,-1],[-5,4],[18,6],[0,-4]],[[89902,14137],[0,-3],[-15,1],[-6,2],[21,0]],[[90090,14107],[-8,16],[-11,15],[3,1],[12,-5],[2,-7],[0,-6],[7,-6],[2,-17],[-7,1],[-3,-2],[-4,5],[7,5]],[[89860,14144],[2,-3],[15,2],[-11,-6],[-19,5],[9,-1],[4,3]],[[90070,14137],[11,-14],[-8,5],[-5,-1],[-3,6],[-8,5],[4,2],[9,-3]],[[90090,14107],[-8,-4],[-10,4],[12,1],[-12,2],[-2,-2],[-9,3],[6,3],[-6,2],[-1,-4],[-23,9],[2,-3],[-21,3],[0,12],[3,-1],[13,6],[2,-4],[-7,1],[7,-4],[0,8],[13,2],[8,-2],[5,-5],[-12,0],[11,-2],[-7,-2],[13,-4],[-3,-2],[7,-1],[-11,-2],[-5,-4],[11,2],[1,3],[6,1],[0,4],[6,-6],[-7,-5],[8,1],[2,3],[8,-13]],[[89886,14145],[0,0]],[[89910,14144],[-7,-2],[-10,1],[13,2],[4,-1]],[[89934,14147],[-2,-2],[-6,2],[8,0]],[[89927,14145],[-15,0],[12,4],[3,-4]],[[89956,14150],[-7,-6],[-16,2],[5,4],[18,0]],[[89767,14099],[-13,35],[1,9],[3,-6],[9,8],[4,0],[-12,-12],[6,-10],[0,4],[10,8],[1,8],[-4,0],[3,7],[-3,1],[-15,-4],[22,9],[66,-15],[-8,-4],[-14,1],[-1,-4],[7,-4],[12,4],[6,5],[11,-4],[16,0],[-3,-4],[-9,-2],[-14,3],[-11,-2],[9,-5],[15,-3],[-4,4],[11,-2],[-2,2],[9,3],[0,-3],[12,-7],[-8,9],[14,4],[12,-1],[3,5],[13,4],[-1,-6],[8,4],[8,2],[19,-4],[-9,0],[38,-6],[10,-9],[3,5],[4,-7],[14,2],[-1,6],[-9,3],[3,2],[-2,4],[23,10],[10,1],[-6,-3],[7,0],[1,4],[20,-2],[8,-3],[-2,-3],[-23,2],[-23,-8],[-6,-2],[2,-11],[28,-4],[25,-12],[-30,12],[-25,2],[-22,-2],[-11,-2],[-27,-19],[1,-4],[-4,1],[-3,-8],[4,3]],[[89978,14149],[11,-3],[17,8],[-3,-5],[3,-2],[-9,0],[12,-2],[-19,-9],[-10,-1],[-30,8],[1,4],[12,5],[20,5],[1,-5],[-6,-3]],[[89992,14160],[7,-7],[-8,-2],[0,-3],[-7,-1],[0,12],[8,1]],[[90017,14160],[5,1],[6,-9],[-20,-4],[1,6],[-9,1],[-2,4],[16,3],[3,-2]],[[90033,14167],[-9,-4],[13,3],[1,-4],[-7,-5],[7,-4],[-8,-1],[-9,10],[-6,0],[8,5],[10,0]],[[90049,14169],[11,1],[13,-18],[-21,1],[-13,1],[-7,4],[7,4],[5,0],[-6,5],[-14,1],[31,8],[3,-2],[-9,-5]],[[90643,14172],[-8,-17],[-6,-5],[-3,1],[-3,-5],[-1,-9],[-3,-2],[-1,-14],[-12,-1],[0,-2],[6,-35],[11,1],[-1,-18],[7,0],[-1,-10],[-65,-3],[-50,1],[-40,-6],[9,-43],[-9,-15],[-13,-8],[-94,-38],[-36,-18],[-20,-15],[-15,-24],[-14,-6]],[[90281,13881],[2,25],[-7,7],[-11,1],[-10,-4],[-24,9],[-38,22],[-2,7],[-18,1],[-3,6],[-10,-3],[-4,6],[-4,-3],[-33,4],[-17,5],[-13,8],[-24,33],[-7,26],[-13,20],[-9,6],[-17,19],[-23,17],[4,1],[16,-10],[-5,-1],[14,-7],[5,3],[6,-2],[1,-5],[6,-4],[4,1],[1,-5],[21,-13],[17,-6],[14,-2],[22,3],[55,16],[19,29],[-2,8],[12,2],[-7,3],[3,3],[11,-1],[-8,4],[4,3],[25,-4],[5,-8],[1,8],[-15,5],[-19,1],[-16,-10],[3,-7],[-10,1],[-7,8],[-1,12],[-41,39],[-5,25],[11,49]],[[90140,14232],[47,-30],[10,-4],[0,-7],[11,-20],[11,-4],[14,3],[4,3],[31,-53],[9,9],[24,13],[1,8],[20,1],[11,5],[9,-2],[1,-5],[20,7],[26,2],[-2,8],[-6,1],[-9,10],[56,25],[24,5],[36,2],[7,6],[-3,3],[6,2]],[[90367,13378],[-28,-37],[-13,5],[-16,-15],[-7,-9],[1,-6],[12,-3],[-3,-9],[-8,-9],[-25,-19],[-13,5],[-38,49]],[[90229,13330],[-8,5],[-13,0],[3,12],[-8,3],[-15,20],[-25,8],[5,5],[-6,2]],[[91588,13213],[8,-5],[23,7]],[[91604,13160],[-123,4],[10,2],[-2,3],[8,4],[20,5],[-31,3],[-1,4],[6,7],[-6,4],[-18,-5],[-6,-7],[-16,5],[9,8],[-3,0],[0,10],[-10,3],[-4,-3],[-21,8],[-11,-9],[-8,2],[-3,-3],[-26,10]],[[91368,13215],[18,14],[-18,10],[18,14],[9,1]],[[90140,14232],[8,16],[-3,4],[9,6],[57,71],[15,1],[0,2],[-12,2],[-1,18],[-6,3],[-2,14],[16,0],[-6,7],[-1,4],[-6,-5],[-1,13],[-4,2],[8,5],[12,1],[19,-6],[0,-3],[35,-12],[34,-9],[36,-4],[40,-16],[31,-7],[38,-6],[6,3],[25,-7],[30,-1],[33,3],[28,-2],[6,3],[18,-4],[31,0],[35,-10]],[[90499,13672],[0,0]],[[90513,13670],[-15,0],[2,2],[12,0],[1,-2]],[[91258,13654],[15,-8],[-1,-5],[5,2],[17,-15],[-47,18],[-3,14],[9,-2],[5,-4]],[[90584,13684],[-4,-4],[-4,1],[0,-5],[-9,6],[17,2]],[[90725,13679],[-10,-1],[5,4],[5,-3]],[[90586,13685],[-26,-1],[4,1],[22,0]],[[90724,13684],[0,0]],[[90582,13687],[-12,0],[0,4],[12,-4]],[[90718,13687],[0,0]],[[90709,13691],[0,0]],[[90735,13692],[-11,-4],[-7,5],[0,-5],[-7,4],[15,2],[10,-2]],[[90456,13768],[-9,-5],[-15,-1],[6,3],[6,-2],[12,5]],[[90454,13783],[6,-10],[-5,1],[-9,-3],[6,7],[-2,7],[4,-2]],[[91037,14120],[32,-10],[16,-12],[5,-29],[-8,-8],[3,-15],[-8,-26],[-46,2],[-37,-77],[-6,-3],[-4,-10],[18,-3],[-18,-42],[-16,-14],[-17,-34],[0,-7],[-3,1],[-4,-18],[-24,-15],[-5,-6],[-3,-11],[3,-11],[6,-8],[13,-8],[26,-8],[13,-2],[27,4],[34,0],[43,-10],[15,-11],[13,-23],[22,-12]],[[91127,13694],[-4,-5],[6,-3],[0,6],[9,-3],[4,1],[3,-8],[7,-3],[-4,-7],[9,2],[3,5],[8,-2],[-7,-2],[2,-3],[8,6],[-14,2],[-11,3],[1,5],[30,-1],[19,-3],[-6,-5],[3,-2],[5,7],[3,-6],[1,4],[12,-4],[1,-4],[4,1],[19,-17],[-1,-5],[-39,19],[-16,2],[-3,-3],[-10,3],[0,-6],[4,4],[7,-1],[6,3],[7,-2],[-3,-7],[6,5],[9,-3],[21,-11],[5,-5],[5,0],[-1,-4],[6,-5],[-5,-1],[-4,-7],[-37,0],[-24,-3],[-33,3],[-10,-3],[-22,2],[-10,4],[4,3],[-138,29],[1,5],[-14,6],[-10,-1],[-106,9],[-18,10],[-6,11],[-15,-4],[-1,-11],[5,2],[5,-3],[2,-6],[-12,5],[1,-3],[-8,-3],[-1,4],[-20,-3],[-3,3],[-22,2],[11,-3],[-13,-2],[11,0],[-9,-3],[7,0],[5,4],[2,-5],[-12,-3],[-6,3],[-1,-4],[-11,8],[11,1],[0,5],[-14,2],[-17,-1],[-1,-1],[-9,2],[-13,-3],[-9,2],[-2,10],[-9,7],[-3,5],[-26,4],[-6,-9],[-39,-17],[-6,-1],[-19,2],[-3,-11],[-21,-17],[-5,4],[-57,5],[-32,21],[1,-1],[-15,-9],[-14,5],[-5,9],[-2,30],[9,17],[11,1],[-12,1],[0,5],[34,8],[13,9],[-46,60],[-7,0],[-14,10],[-11,0],[2,5],[5,-3],[2,5],[11,6],[-4,2],[-20,-2],[-12,-4],[9,-1],[-12,-1],[-34,5],[-12,4],[-12,9],[-6,0],[-13,11],[-8,0],[-1,3]],[[91536,13596],[-8,0],[1,3],[7,-3]],[[91476,13600],[7,-12],[-17,10],[4,5],[6,-3]],[[91499,13614],[14,-5],[-11,-2],[-6,-7],[-4,0],[3,-6],[-12,9],[2,-6],[-9,9],[5,7],[-8,1],[10,6],[10,-1],[6,-5]],[[91366,13643],[5,-5],[-14,-3],[-5,2],[3,3],[-3,5],[14,-2]],[[91339,13649],[14,-6],[-3,-7],[-20,-2],[9,15]],[[91339,13649],[-9,-3],[7,-1],[-9,-11],[-27,7],[8,5],[11,0],[-10,2],[1,13],[14,-8],[14,-4]],[[91276,13660],[-2,-3],[-17,13],[5,4],[14,-14]],[[91314,13672],[5,4],[1,-3],[-6,-1]],[[91312,13679],[0,-6],[-5,1],[3,11],[2,-6]],[[91499,13614],[2,4],[-14,2],[7,3],[-11,-2],[1,5],[-10,3],[-3,-3],[-5,1],[6,3],[-7,2],[-2,7],[-2,-12],[-15,6],[-7,0],[0,7],[-9,-3],[-18,4],[7,5],[-10,-3],[-19,-1],[-8,3],[-31,2],[-20,5],[-20,11],[-4,6],[10,-2],[4,5],[9,-6],[-10,12],[3,7],[-20,7],[-12,-4],[8,-14],[5,2],[-1,-4],[3,-8],[-10,0],[-5,-1],[15,0],[2,-9],[-2,-6],[-13,-6],[-18,14],[2,5],[-14,15],[-7,-4],[1,5],[-8,5],[3,-6],[-20,18],[-1,-2],[-15,5],[2,1],[-21,2],[-39,-1],[-12,3],[4,-3],[-14,3],[-9,-8]],[[91102,14186],[36,-3],[13,2],[39,-9],[33,0],[32,-6],[75,-5],[69,-14],[37,0],[29,5],[95,-4],[38,-8],[41,-13],[51,-10],[19,-6],[13,-1],[23,-20],[5,-15],[34,-25],[23,-24],[0,-4],[80,-49],[61,-28],[35,-20],[92,-60],[10,-22],[15,-12],[27,-33],[15,-25],[36,-34],[20,-24],[-20,-21],[-26,-12],[-9,-21],[-7,-3],[-14,5],[-5,5],[5,2],[-2,6],[8,11],[11,-1],[-6,3],[-7,-2],[4,8],[-3,4],[20,-2],[-21,4],[10,3],[6,-3],[8,-1],[-7,7],[2,-5],[-11,3],[-8,-3],[2,-7],[-7,-9],[-7,1],[-5,5],[-7,-4],[-2,5],[-3,-2],[-1,20],[0,-23],[-5,0],[-5,10],[2,-12],[-8,-1],[-13,5],[-1,-8],[-16,-6],[-8,6],[-7,4],[-11,2],[16,-5],[9,-9],[-12,4],[6,-4],[-10,-2],[6,-1],[-14,-6],[-19,-10],[-4,-4],[-10,-2],[-25,-11],[8,-2],[-11,-9],[-11,-4],[9,1],[1,-8],[-13,-6],[-12,7],[11,-9],[-17,-7],[0,-2],[-21,-7],[-2,4],[7,6],[-4,2],[-45,-26],[-13,-2],[-26,-12],[-26,-8],[-6,1],[-3,-3],[-9,-2],[-16,-1],[-1,2],[-8,-3],[0,8],[-4,-9],[-56,-5],[-14,-1],[11,4],[-18,-4],[2,5],[-6,-5],[-29,4],[-20,3],[-14,1],[-22,14],[18,-14],[-78,23],[-15,8],[12,8],[14,0],[15,-9],[7,-1],[-25,11],[-3,5],[-7,1],[-1,-6],[-13,-4],[-15,1],[-1,4],[8,10],[9,3],[-15,5]],[[91003,13579],[26,-5],[8,-4],[33,-5],[-35,-1],[-16,3],[-4,-1],[-11,6],[-3,-2],[2,9]],[[91000,13578],[-1,-7],[-17,4],[5,6],[13,-3]],[[90984,13582],[-3,-6],[-17,6],[0,3],[20,-3]],[[91368,13215],[-35,-32]],[[90400,12938],[-22,2],[-29,22],[-29,8],[-41,-3],[-53,-9],[-16,2],[-42,20],[-18,12],[4,36],[-5,7],[-35,13],[-20,2],[11,10],[25,-11],[16,20],[10,4],[13,1],[9,6],[41,-17],[32,-6],[10,11],[29,-3],[20,2],[27,7],[19,-1],[35,29],[27,38],[31,36],[11,24],[-2,71],[-19,11],[31,40],[16,37],[14,-1],[21,25],[-36,9],[-25,-13],[6,-7],[-4,-4],[-4,1],[-6,18],[17,17],[-2,10],[-30,6],[-30,-1]],[[90548,13612],[30,-7],[232,-8],[42,-6],[35,-10],[3,-12],[-9,-12],[-35,-22],[1,-2],[-10,-12],[5,1],[3,-6],[7,-4],[20,-5],[11,-7],[0,-13],[-30,-5],[8,-7],[19,5],[9,-3],[0,6],[18,-10],[-16,11],[3,12],[-8,12],[-24,11],[-6,7],[17,9],[-3,-5],[44,34],[24,-2],[18,-4],[8,-9],[4,2],[5,-2],[47,0],[3,-3],[33,-2],[24,2],[22,-1],[3,-3],[7,-1],[49,7],[52,0],[33,-3],[0,3],[38,6],[26,1],[3,4],[34,5],[37,-4],[55,-13],[24,-2],[14,-3],[19,-7],[20,-13],[28,-21],[32,-14],[15,-12],[15,1],[36,-14],[36,-4],[4,-4],[-20,-8],[0,-2],[-9,-1],[-4,-4],[-2,-8],[8,-2],[0,-18],[-3,-5],[1,-6],[-15,-29],[-15,-9],[-46,-5],[-13,-5],[-12,-11],[-16,-6],[-2,-9],[-17,-13]],[[90334,12852],[-90,1],[-34,3],[-103,63],[-41,12],[-35,18],[-23,8],[-15,1],[-14,19],[-21,14],[-13,23],[-7,-2],[6,11],[-23,24],[-10,-6],[-65,0],[-42,3],[-84,-9],[-119,-63],[-64,19],[4,10],[16,12],[-43,10],[16,22],[-14,4],[28,27],[8,12],[-2,15],[-17,1],[-41,21],[6,8],[9,5],[1,6]],[[89508,13144],[-17,15],[-2,9],[-33,41],[-25,20],[-38,46],[0,2],[19,3],[8,5],[7,-3],[10,6],[11,12]],[[89975,13350],[-4,-5],[25,-7],[-17,-16],[-8,3],[-8,-15],[-8,-3],[21,-6],[6,-17],[13,-2],[-3,-5],[9,-2],[-4,-7],[12,-12],[36,-13],[-5,-3],[11,-6],[4,3],[21,-6],[5,10],[21,8],[19,-2],[6,6],[34,-9],[-4,20],[7,10],[-3,9],[11,9],[29,13],[28,25]],[[72297,16213],[20,-39],[48,-76],[35,8],[10,6],[19,-26],[12,-9],[4,-7],[-8,-5],[26,-22],[5,8],[10,-9],[16,7],[20,-10],[13,1],[93,17],[-25,29],[-5,13],[-12,9],[46,16],[-10,21],[-9,-1],[-7,32],[-45,-4],[-3,26],[53,-10],[15,0],[38,1],[32,8],[51,21],[-19,23],[4,1],[-10,14],[17,5],[31,-43],[16,-35],[3,-43],[22,-48],[4,-22],[-2,-11],[85,-14],[51,-13],[61,-7],[16,-10],[34,-6],[31,-3],[23,6]],[[73106,16012],[18,-13],[34,-17],[-38,-18],[-48,-30],[-7,-40],[26,-23],[25,-13],[12,-15],[29,-21],[-21,-7],[-14,-23],[-4,1],[-21,-25]],[[73097,15768],[-21,16],[-9,2],[-15,-17],[9,-36],[-4,-14],[29,-7],[-7,-6],[-54,13],[-17,8],[-18,14],[-65,32],[-56,-37],[-32,-10],[0,-2],[-45,-7],[1,-4],[-55,-25],[9,-1],[-1,-17],[4,-8],[-94,-19],[6,-12],[-3,-33],[-15,-27],[-40,-43],[-34,-23],[-31,-15],[-64,7],[28,-40]],[[72503,15457],[-30,4],[-4,5],[-18,4],[-5,-7],[-42,0],[-1,-2],[-79,13],[-5,-6],[-43,6],[-54,19]],[[72222,15493],[8,8],[19,7],[7,8],[-8,98],[25,61]],[[72273,15675],[-2,28],[14,25],[4,21],[4,-1],[9,22],[32,11],[-12,5],[0,3],[17,22],[-3,2],[20,33]],[[72356,15846],[12,41],[-4,18],[-12,9],[-4,8],[9,29],[-6,7],[-38,13],[-37,9],[-18,3],[-28,-2],[-21,7],[-82,11],[-19,1],[-27,9],[-3,7],[9,9],[-3,8],[-33,-1],[-9,3],[-6,6],[-1,18],[10,15],[-3,7],[-11,8],[-27,5]],[[72004,16094],[-5,7],[8,6],[7,-1],[64,62],[-60,25],[4,7],[-13,13],[-17,8],[-14,-1],[-8,6],[-11,2],[-3,18],[-6,6],[4,22],[35,7],[16,0],[10,-2],[3,-11],[16,-2],[13,8],[15,2],[27,2],[4,-7],[46,8],[-3,-7],[129,-33],[22,-12],[10,-14]],[[72203,16462],[23,-13],[13,-13],[5,-7],[-2,-7],[4,-10],[20,-24],[27,-9],[-10,-20],[-18,-4],[-17,-10],[-14,-1],[28,-16],[49,-13],[7,-13],[11,-57],[-12,-19],[-20,-13]],[[72004,16094],[-9,2],[-17,11],[-17,2],[-19,-1],[-24,-7],[-42,-6]],[[71876,16095],[-70,-4],[-76,13],[-1,9],[6,10],[-2,4],[17,21],[13,59],[-7,21],[-20,30],[-13,12],[6,5],[-10,7],[13,10],[-17,13],[10,5],[4,15],[-4,30],[39,32],[-25,28],[37,15],[3,5],[20,4],[2,6],[42,3],[0,4],[24,1],[-2,9],[15,1],[2,5]],[[71882,16468],[111,-5],[8,0],[0,3],[41,-2],[27,3],[4,-4],[27,7],[0,-7],[5,-3],[23,-3],[31,0],[17,5],[10,-2],[9,4],[8,-2]],[[72756,16609],[1,-3],[14,-6],[95,-31],[22,-11],[99,-82],[-60,-20],[43,-23],[11,-13],[-49,-16],[-22,-13],[21,-9],[11,0],[12,4],[17,-18],[14,-23],[-2,-1],[7,-13],[-18,1],[-1,-11],[19,-23],[-6,-3],[6,-33],[-1,-18],[23,-31],[-15,-11],[16,-11],[-4,-3],[21,-15],[34,-35],[-13,-12],[2,-11],[-8,-4],[10,-8],[-2,-7],[16,-27],[-22,-13],[11,-2],[15,-11],[17,-3],[10,-25],[6,-3]],[[72203,16462],[7,11],[9,-6],[2,1],[56,-9],[1,1],[17,-1],[5,18],[57,-11],[38,-1],[16,-2],[8,13],[6,2],[34,-6],[3,5],[6,-1],[28,75],[4,5],[9,2],[5,29],[6,1],[2,4],[7,-2],[16,3],[5,-2],[25,18],[15,-2],[10,-4],[5,1],[4,-5],[5,1],[5,-2],[9,1],[4,-4],[8,1],[9,-7],[14,-4],[2,3],[8,-3],[1,3],[13,2],[-1,-2],[13,0],[6,-4],[11,8],[14,-2],[-3,6],[19,3],[-1,6],[8,5],[3,-1]],[[74300,17026],[20,-2],[10,0],[9,-15],[26,-16],[6,0],[13,-12]],[[74384,16981],[9,-6],[-2,-3],[26,-15],[-10,-11],[19,-29],[24,-20],[17,-9],[19,2],[20,-5],[19,-12],[16,-17],[1,-42],[-6,-12],[-1,-18],[-5,-4],[2,-8],[-10,-8],[4,-10],[7,3],[14,-20],[5,-1],[-6,-16],[-23,-19],[3,-12],[-14,-24],[-39,-43],[9,-19],[12,-13],[67,-21],[36,-20],[19,-33],[-18,-3],[-48,7],[-41,-25],[-14,-3],[-13,8],[-4,-2],[-14,-15],[-21,-8],[27,-16],[29,1],[30,-7],[46,-2],[27,-12],[27,-22],[8,-15],[-60,-6],[-103,5],[-23,16],[-39,9],[-34,11],[-22,11],[-33,4],[-51,-13],[-19,0],[-9,-11],[-60,-39],[0,-14],[-28,2],[-8,-3],[-7,9],[-14,-2],[-5,-9],[-8,-2]],[[74114,16370],[-20,-2],[-27,3],[-25,8],[-7,7],[-12,4],[-23,13],[-9,16],[-13,11],[-29,12],[9,5],[-9,6],[-98,59],[-23,22],[35,18],[-14,10],[-38,36],[-15,11],[-21,8],[4,7],[-24,9],[1,3],[-21,7],[10,9],[-3,3],[16,14],[-18,7],[-22,-20],[-23,3],[-21,-1],[-12,26],[-6,25],[-6,5],[2,5],[-9,12],[37,20],[-5,9],[2,7],[13,20],[-2,9],[11,23],[-28,25],[8,27]],[[73679,16871],[27,-19],[20,14],[-7,14],[21,1],[28,9],[16,-11],[42,42],[21,32],[9,30],[-11,22],[51,-15],[19,0],[25,6],[4,5],[-4,22],[-16,29],[6,15],[32,31],[1,13],[11,13],[2,12],[21,19],[-2,11],[-10,6],[7,5]],[[73992,17177],[7,-3],[6,2],[11,-5],[14,4],[5,-5],[43,6],[26,-10],[12,-29],[34,-30],[41,17],[31,-29],[6,-17],[-1,-20],[10,-8],[2,-4],[-5,-2],[10,-3],[-3,-4],[7,-4],[0,-5],[6,2],[6,-5],[7,1],[14,8],[2,-4],[8,3],[9,-7]],[[70993,15936],[-2,-3],[44,-8],[21,-9],[4,-4],[-7,-9],[73,-19]],[[71126,15884],[-3,-5],[-5,1],[-7,-11],[4,-18],[-3,-13],[-18,1],[-55,-5],[-132,-16]],[[70907,15818],[4,28],[-33,12],[2,3],[-15,8],[-22,3],[-5,14],[33,19],[34,10],[1,21]],[[70906,15936],[5,13],[8,6],[10,-6],[64,-13]],[[71848,17114],[46,4],[15,-4],[8,-7],[28,-13],[21,-4],[7,3],[18,-3],[-3,-26],[14,0],[20,6],[12,-17],[18,-2],[4,-12],[27,-17],[8,-1],[8,26],[28,-5],[14,-4],[-1,-2],[19,-10],[-6,-5],[10,-10],[16,-2],[24,-11],[18,-3],[30,-24],[30,-4],[31,1],[13,-8],[12,-14],[8,1]],[[72345,16947],[-14,-5],[-3,-10],[5,-3],[-7,-16],[6,-1],[-3,-4],[6,-10],[-4,-8],[24,-20],[13,-1],[8,-4],[7,-12],[8,-3],[-9,-4],[9,-10],[-13,-19],[-12,-1],[-33,-29],[-37,-1],[3,6],[-14,2],[-17,-3],[-27,1],[-29,-5],[-9,-12],[-1,-16],[16,-7],[18,-2],[8,-21],[-15,-20],[-7,0],[-13,-8],[0,-7],[-14,-8],[-12,-21],[-61,9],[-27,8],[-15,-10],[-20,14],[2,1],[-11,4],[-30,-19],[-9,-2],[-16,-22],[-16,-3],[-26,4]],[[71954,16649],[-23,6],[-9,-3],[-9,14],[-7,5],[-11,1],[-23,15],[0,2],[10,2],[-3,8],[11,8],[-9,13],[3,9],[-13,3],[-11,12],[-24,12],[-25,4],[-14,6],[-60,-2],[-56,-11],[-13,26],[-14,63]],[[71654,16842],[6,16]],[[71660,16858],[12,13],[22,15],[-12,10],[-34,15],[-13,25],[138,50],[2,8],[-21,20],[-8,-3],[-4,8],[-134,0],[-8,3]],[[71600,17022],[4,6],[2,26],[11,16],[-24,32],[-5,-2]],[[71588,17100],[1,38]],[[71589,17138],[28,7],[12,-17],[24,-12],[6,-10],[30,-15],[26,-9],[12,1],[22,23],[45,16],[54,-8]],[[72503,15457],[4,-4],[6,-42],[27,-24],[30,-39],[-37,7],[1,2],[-34,2],[-42,-33],[-27,-34],[-10,-24],[-27,-19],[68,-14],[57,-19],[15,-13],[-2,-8],[10,-14],[-16,-11],[-5,-10]],[[72521,15160],[-4,-17],[-11,-13],[23,-12],[-3,-14],[-24,-28],[-1,-17],[-12,-14],[-10,1],[1,-7],[32,-34],[-34,-23],[14,-6],[-12,-10],[7,-3],[-20,-23],[29,-13],[-9,-12],[-39,-18],[3,-12],[-16,-4]],[[72435,14881],[-19,34],[-23,28],[-14,13],[-19,10],[-30,11],[-15,2],[-78,0],[-58,-6],[-13,6],[-35,21],[-23,9],[-9,9],[-12,33],[7,9],[-7,1],[2,4],[-10,6],[5,13],[45,32],[3,-1],[8,19],[30,35],[2,8],[-3,26],[-15,31],[-39,27]],[[72115,15261],[-15,8],[-43,55],[-6,16],[1,12],[16,24],[23,16],[8,18],[-3,3],[9,15],[30,22],[33,7],[-2,3],[51,24],[5,9]],[[73679,16871],[-92,38],[-13,10],[-11,23],[-44,6],[-3,-11],[-32,4],[-11,-7],[-17,11],[23,11],[-38,25],[-7,15],[21,5],[-19,15],[13,27],[-6,11],[-13,-3],[-10,19],[5,26],[-2,14],[28,11],[-3,67]],[[73448,17188],[20,-3],[10,4],[3,-4],[-4,-7],[10,-3],[38,13],[7,-3],[0,-4],[21,1],[6,-6],[8,3],[1,-6],[21,0],[-3,-9],[9,-1],[28,3],[24,9],[3,4],[-8,7],[-3,12],[9,11],[-5,8],[6,12],[-6,1],[-2,6],[4,3],[14,3],[13,-4],[9,0],[2,-3],[8,1],[9,-11],[14,-8],[16,3],[7,-2],[7,5],[6,-1],[3,2],[16,-2],[33,4],[11,-1],[5,3],[11,-5],[2,2],[10,-1],[62,-8],[14,-3],[2,-3],[14,-5],[4,-7],[3,2],[6,-2],[4,4],[9,-6],[6,0],[0,-3],[7,1],[20,-17]],[[73936,16242],[23,-12],[31,-10],[5,-16],[28,-22],[14,-5],[26,-18],[28,-45],[-9,-10]],[[74082,16104],[-26,-4],[-18,-22],[-21,-9],[-10,-6],[-3,-5],[-50,7],[-11,-22],[5,-30],[-6,-26],[3,-19],[22,-2],[17,-18],[60,1],[8,-7],[-14,-33],[-37,-31],[-2,-12],[15,-18],[-5,-22],[7,-5],[31,-1],[30,-9],[-1,-10],[24,-6],[14,2],[9,5],[14,16],[6,2],[50,-1],[20,-5],[16,-1],[30,-33],[2,-6],[-27,-31],[2,-4],[-15,-7],[-37,-35],[-31,-1],[-4,-6],[-45,-13],[-11,0],[-68,-29],[1,-9],[15,-21],[4,-18],[-6,-35],[7,-21]],[[74046,15544],[-14,2],[-31,17],[-98,41],[-8,-9],[-57,10],[-9,-10],[-6,15],[10,30],[-9,-3],[2,-5],[-29,1],[-40,-7],[-67,1],[5,3],[-44,-6],[-25,0],[-29,-5],[-14,9],[-41,8],[-2,9],[-6,3],[-34,6],[-59,19],[-29,0],[-19,4],[-29,16],[-7,9],[-13,2],[-60,-4],[-27,-4],[-26,11],[-85,17],[-26,15],[-43,6],[20,23]],[[72756,16609],[3,5],[10,0],[8,5],[8,-3],[5,3],[7,-3],[9,3],[5,-3],[13,5],[4,17],[4,0],[-4,10],[22,9],[2,5],[24,8],[3,7],[19,5],[3,-1],[19,8],[-1,4],[12,9],[29,15],[32,8],[6,-3],[16,5],[13,-3],[4,3],[3,-3],[22,0],[2,2],[18,-4],[13,4],[8,-4],[30,2],[24,8],[13,-19],[37,-27],[21,-24],[65,-36],[29,-22],[39,-22],[10,-10],[-9,-2],[14,-13],[9,1],[68,-66],[25,-29],[20,-5],[27,-26],[63,-27],[37,-24],[100,-52],[79,-28],[30,-8],[15,-13],[51,-18],[42,-20]],[[70891,16511],[21,-11],[4,10],[7,-4],[-7,-10],[-57,-24],[-42,-12],[17,-16],[35,-2],[1,-5],[-7,-1],[-3,-6],[14,-5],[0,-6]],[[70874,16419],[-75,-12],[-17,-10],[-10,-1],[1,-4],[-36,-13]],[[70737,16379],[-2,12],[-7,6],[4,23],[-9,0]],[[70723,16420],[2,6],[9,7],[-12,13],[11,3],[3,-5],[18,3],[-1,5],[4,1],[-2,7],[-8,3],[-1,13],[4,3],[-47,-3],[0,26],[-19,22]],[[70684,16524],[32,4],[-4,7],[32,7],[23,-10],[7,-10],[12,-2],[5,3],[-8,11],[25,4],[4,-7],[14,2],[5,-5],[4,2],[39,-1],[0,-9],[17,-9]],[[70737,16379],[22,-53],[21,-11],[-2,-2],[9,-5],[-10,-13]],[[70777,16295],[-43,5],[-4,-19],[-23,-23],[-21,0]],[[70686,16258],[-73,10],[12,22],[21,9],[-40,6],[-45,0]],[[70561,16305],[27,28],[41,77],[67,4],[28,3],[-1,3]],[[70561,16305],[-9,0],[5,9],[-6,1],[-44,-3],[-1,12],[-10,12],[4,2],[-5,6],[17,9],[-9,1],[-20,-3],[-16,6],[-11,-3]],[[70456,16354],[56,100],[25,19],[40,14],[34,20],[11,9],[35,46]],[[70657,16562],[9,-21],[18,-17]],[[68865,15937],[56,-7],[74,-22],[82,-16],[14,15],[23,11],[4,7],[18,8],[33,7]],[[69169,15940],[21,-23],[6,-22],[-1,-44],[9,-2],[-11,-64],[4,-4],[11,-4],[44,-2]],[[69252,15775],[10,-27],[-40,-13],[7,-32],[-15,-1],[2,-7],[-21,-4],[24,-29],[12,2],[2,-6]],[[69233,15658],[2,-57],[-7,-3],[8,-13],[-6,-2],[15,-66],[11,-30],[-9,-5],[38,-25],[19,-7],[13,-21],[-13,-20],[0,-6],[26,-57],[36,-61]],[[69366,15285],[-42,-27],[-59,-23],[-24,-4],[-79,-29],[-68,-9],[-18,0],[-48,10],[-14,6],[-11,12],[-4,-5],[0,-29],[18,-42],[-75,-14],[0,13],[-53,7]],[[68889,15151],[-3,12],[-5,5],[-84,13],[-21,19],[4,25],[15,15],[-34,20],[-60,26],[-52,9],[-33,0],[-41,22],[-38,15],[-16,4],[-20,0],[-45,-2],[-90,-26],[5,-10],[-7,-8],[-13,10],[-24,11],[-53,10],[1,13],[-12,10],[-14,3],[-40,-9],[-3,16]],[[68206,15354],[-11,36],[-5,84],[17,51],[-2,45],[7,19],[27,36],[-3,0],[3,12],[9,-1],[6,24],[26,7],[5,10],[-3,9],[-23,9],[-8,10],[-31,24],[13,16],[3,12],[18,10],[-7,15],[7,10],[-13,12],[24,16],[15,-6],[41,-2],[16,6],[22,21],[14,7],[-4,3],[38,8],[12,2],[6,-3],[2,22],[11,18],[24,-2],[6,-3],[9,-1],[34,-19],[3,5],[10,2],[19,27],[13,11],[-1,3],[17,6],[6,6],[14,6],[3,7],[12,-2],[-1,3],[11,1],[3,5],[20,3],[-1,5],[10,2],[3,4],[15,0],[-1,4],[9,3],[-1,4],[19,3]],[[68693,15979],[1,-3],[81,-24],[90,-15]],[[68863,16280],[8,-6],[5,-13],[12,-10],[50,-20],[-7,-4],[32,-14],[8,-2],[6,3],[18,-7],[-2,-2],[19,-13],[9,-1],[-12,-2],[-4,-4],[-10,1],[-10,-8],[-14,3],[-8,-3],[-5,3],[-6,-1],[-5,4],[-7,-1],[-12,-6],[-1,-6],[-9,-6],[-17,-2],[-13,-13],[-9,-27],[2,-11],[-4,-1],[-7,-21],[1,-4],[-16,-2],[-19,-13],[-11,3],[-18,-7],[-5,1],[-3,-5],[-11,-1],[-6,-2],[-4,-6],[-9,-1],[-4,-9],[-9,1],[-4,-9],[-20,-11],[4,-3],[-6,0],[-3,-6],[-15,-13],[3,-2],[-7,-3],[4,-6],[-9,0],[1,-4],[-5,0],[-1,-4],[-5,-5]],[[68206,15354],[-73,2],[-13,-3],[-45,-26],[-49,-42],[-33,18],[-4,-1]],[[67989,15302],[-19,35],[-27,18],[-21,26],[-17,34],[-4,-1],[-1,9],[11,22],[-42,47],[16,3],[-10,16],[-6,-2],[-8,18],[-3,29],[4,19],[-7,19],[3,9],[-7,17],[8,11],[-9,25],[-80,81],[-24,2],[-4,7],[9,3],[-3,3],[5,3],[-2,4],[-8,2],[-3,10],[11,2],[-4,6],[1,43],[-5,24],[72,26],[15,8],[7,11],[39,29],[4,-2],[35,17],[9,-3],[18,4],[17,0],[4,-3],[27,-1],[16,-6],[32,-6],[37,3],[52,16],[19,37],[-23,3],[-47,17],[-12,17],[-4,22],[-8,5],[-16,5],[-20,-7],[-22,7],[-25,25],[-8,38],[5,10]],[[67966,16118],[33,21],[4,8],[9,5],[11,14],[24,19],[14,7],[14,2],[-41,31],[24,42]],[[68058,16267],[25,18],[9,1],[31,18],[6,-3],[29,4],[4,2],[-4,8],[36,11],[11,6],[37,10],[-1,2],[24,15],[5,-2],[18,10],[97,19],[10,-2],[18,-11],[8,-9],[6,-18],[6,-3],[49,-13],[16,-2],[29,1],[17,-4],[9,-5],[0,-11],[20,-13],[34,-3],[10,-5],[40,-8],[119,-2],[14,-5],[24,-4],[16,0],[15,7],[18,4]],[[70168,16270],[-7,-9],[-21,7],[-5,-4],[-16,0],[-18,-10],[-16,-2],[-4,-12],[-21,-2],[-5,-12],[-7,0],[-7,-10],[5,-5],[-3,-3],[-7,1],[-6,-9],[3,-4],[-35,-30],[-1,-7],[-16,-6],[32,-9],[-9,-12],[-5,-21],[75,13],[55,18],[54,-25],[8,2],[0,-7],[10,-2],[198,-25],[109,-17],[-4,-5],[-13,-4],[-13,-13]],[[70478,16046],[-8,-16],[3,-6],[14,-3],[-6,-12],[11,-3],[0,-16],[-12,-1],[-1,-26],[-48,-1],[15,-31],[1,-17],[-26,-24],[-30,-17],[-22,-24],[-20,-14],[-39,9],[-28,2],[1,14],[-5,10],[-10,9],[0,3],[-8,3],[-1,10],[-17,5],[5,12],[-4,2],[-8,-6],[-9,1],[2,-5],[-6,4],[2,-5],[-13,0],[4,-7],[-16,-3],[-50,18],[-5,7],[-75,42],[-14,12],[-19,-6],[-15,20],[-38,-3],[-78,3],[-16,27],[3,6],[-7,7],[-1,19],[-22,-12],[-35,-12],[-29,-13],[-134,-17]],[[69664,15991],[-20,12],[-72,13],[-31,3],[-12,-10],[-11,-4],[-2,1],[7,8],[-19,2],[-18,-2],[-73,-13],[-79,-9],[-40,-12],[-15,-9],[-30,-6],[-33,-13],[-47,-12]],[[68865,15937],[4,14],[-6,1],[4,16],[25,14],[5,0],[32,26],[11,1],[11,10],[20,7],[0,4],[14,7],[14,13],[14,1],[30,28],[35,18],[7,9],[8,1],[17,10],[10,-1],[-9,19],[3,12],[14,2],[14,-1],[15,12],[11,1],[33,14],[47,-12],[43,-4],[53,-13],[27,-10],[32,-21],[13,-4],[11,5],[5,9],[16,0],[-4,5],[7,2],[0,4],[23,4],[4,4],[-7,5],[1,3],[12,0],[-1,5],[4,2],[12,-2],[-3,6],[8,6],[13,2],[3,7],[-6,5],[7,1],[13,-3],[0,10],[7,2],[0,4],[30,4],[4,5],[7,2],[-1,5],[7,4],[11,-3],[7,11],[31,18],[5,-1],[15,5],[4,-4],[11,-3],[18,2],[12,-5],[13,1],[8,-3],[47,5],[15,-2],[18,6],[8,-4],[15,1],[5,4],[20,-5],[17,14],[-3,2],[28,9],[12,9],[18,3],[40,0],[3,11],[13,-1],[24,-6],[10,0],[34,7],[34,3],[7,7]],[[70088,16298],[9,2],[8,-2],[-1,-3],[9,0],[1,-4],[9,-1],[2,-3],[25,-3],[7,-4],[-2,-2],[13,-8]],[[76337,8442],[28,-33],[2,-22],[13,-15]],[[76380,8372],[9,-2],[39,-21],[33,-11],[-4,-21]],[[76457,8317],[-55,-5],[-79,-12],[-4,-3],[-134,-28]],[[76185,8269],[0,13],[-5,4],[3,6],[-4,4],[9,4],[-6,3],[9,1],[3,2],[-6,3],[2,4],[7,-3],[7,5],[-10,6],[7,11],[22,11],[6,7],[6,-1],[-4,-6],[3,-2],[18,4],[16,-1],[20,21],[14,6],[-35,29],[-7,10]],[[76260,8410],[49,33]],[[76309,8443],[27,12],[1,-13]],[[76185,8269],[-114,-27]],[[76071,8242],[-25,30],[12,7],[2,8],[11,14],[5,-1],[3,5],[0,5],[-13,5],[4,4],[9,0],[-1,7],[10,4],[3,6],[-4,3],[13,26],[2,12],[-4,3],[9,10],[49,2],[0,22],[24,0],[3,-6],[38,5],[23,-5],[16,2]],[[79333,9345],[2,-26],[18,-20],[11,13],[35,-16],[1,-4],[16,-9],[80,16],[75,11]],[[79571,9310],[-25,-37],[-2,-20],[6,-27],[-1,-21],[22,-1],[4,-6]],[[79575,9198],[-10,-15]],[[78778,8835],[-52,7],[-79,-1],[41,-64],[5,-25],[-4,-66],[-31,-3],[1,-15],[7,-1],[-3,-15],[1,-15]],[[78664,8637],[-30,-6],[-28,-12],[-11,4],[-14,14],[-23,0],[1,29],[4,5],[-151,-1],[-46,2]],[[78366,8672],[-102,-1],[-12,-3]],[[78252,8668],[-39,11],[-55,23],[-39,10]],[[78119,8712],[2,10]],[[78121,8722],[6,13],[-12,6]],[[78115,8741],[28,20],[27,8],[19,17],[41,24],[22,18],[4,-1],[2,10],[-2,13],[-84,9],[-3,6],[6,7],[1,14],[13,23],[41,4],[49,12],[8,11],[0,12],[6,10],[-6,27],[22,27],[-24,7],[-4,21],[1,16],[5,8],[-6,7],[13,20],[40,23],[-15,9],[31,18],[3,7],[-4,1],[10,19],[9,9],[19,4],[-2,5],[4,10],[23,2],[32,-3],[15,25],[6,20],[24,38]],[[78489,9278],[36,-2],[13,2],[63,-9],[25,44],[2,16],[5,10],[29,21],[12,15],[19,11],[37,-13],[-9,-25],[0,-17],[28,-79],[15,-22],[11,7],[65,-27],[23,32],[6,13],[30,29],[28,35],[-1,29],[35,4],[4,-1],[-3,-19],[3,-13],[6,-3],[-1,-12],[16,-14],[19,1],[7,2],[18,-5],[33,0],[36,-4],[5,8],[9,0],[-7,-13],[-8,-50],[9,0],[1,9],[33,-7],[8,18],[18,21],[44,25],[53,46],[18,1],[11,6],[2,5],[38,-8]],[[77651,8863],[3,-4],[-11,7],[-3,5],[11,-8]],[[77646,8880],[-2,-8],[-6,0],[4,9],[4,-1]],[[78014,9115],[-51,-24],[-15,1],[-62,12],[20,5],[12,11],[3,43],[-11,13],[44,-3],[42,-26],[20,-18],[-2,-14]],[[77690,9316],[-2,-2]],[[77690,9316],[0,0]],[[77798,9350],[22,22],[27,9]],[[77847,9381],[1,-10],[-6,-4],[8,-11],[2,-22],[-12,-10],[-12,-6],[-17,5],[-1,20],[-12,7]],[[77845,9386],[-5,-6],[1,5],[4,1]],[[78429,9406],[24,-6],[7,-19],[-23,-18],[65,0],[-13,-85]],[[78115,8741],[-54,12],[-6,10],[-76,18],[-29,0],[-54,4],[-22,-6],[-42,0],[-80,-8],[-25,0],[-39,-6],[-17,1],[-23,-8],[-14,2],[-10,9]],[[77624,8769],[3,12],[-12,15],[-27,9],[-2,15],[5,9],[7,5],[46,7],[14,8],[-3,11],[-11,9],[4,11],[-7,5],[-3,17],[26,47],[19,22],[13,6],[72,16],[14,-4],[13,-16],[20,-4],[47,14],[10,7],[10,23],[10,-1],[-2,4],[-6,-1],[9,11],[-3,8],[-19,10],[-43,4],[-9,6],[21,52],[9,2],[11,-1],[92,-18],[-1,-3],[19,4],[19,7],[-4,1],[18,10],[17,5],[1,4],[-4,15],[-14,17],[-3,-1],[-18,9],[-17,15],[-22,5],[-22,0],[-45,5],[-10,30],[16,9],[7,11],[-1,7],[-9,9],[-8,2],[-15,0],[-14,-5]],[[77842,9245],[-33,20],[1,7],[19,5],[38,3],[31,9],[16,0],[8,-4],[16,-30],[11,-12],[20,5],[14,-3],[20,14],[23,1],[8,8],[2,19],[29,15],[14,20],[42,-8],[115,73],[29,26],[14,-15],[39,-67],[13,-51],[22,0],[-16,55],[-8,1],[2,9],[15,8],[3,7],[18,6],[11,10],[1,4],[18,6],[-4,5],[28,5],[4,3],[-1,5],[5,2]],[[77750,9430],[29,-27],[8,0],[18,5]],[[77805,9408],[6,1]],[[77811,9409],[10,0],[23,-13],[1,-5],[-11,-10],[-20,-10],[-20,-21],[-97,-26],[-11,-8],[-10,-13],[22,-30],[34,-25],[64,-16],[34,5],[28,11],[14,-1],[10,-5],[2,-11],[-22,-16],[-1,-11],[11,-24],[30,-4],[14,-10],[-2,-43],[-4,-8],[-16,-7],[-11,-1],[-30,5],[-19,-4],[-18,-43],[-4,-12],[7,-5],[53,-8],[14,-7],[1,-7],[-22,-37],[-43,-15],[-15,-2],[-12,6],[-4,11],[-26,7],[-80,-19],[-9,-7],[-17,-21],[-26,-44],[3,-17],[-3,-17],[20,-21],[-15,-7],[-30,-2],[-23,-10],[-6,-13],[1,-9],[5,-8],[11,-5]],[[77596,8796],[-7,-3],[-58,0],[-47,5],[-16,-2],[-11,4],[-81,-9],[-71,6],[-83,-11],[-18,25],[-30,-3],[-8,17],[-19,-3],[-10,-27],[-51,10]],[[77086,8805],[-17,3],[3,8],[-13,-1],[4,9],[-31,4],[1,5],[-31,4],[1,3],[-7,0],[1,-7],[-60,4],[-49,11],[-17,11],[16,35],[2,13],[-27,0],[0,-4],[-31,4],[3,9],[-54,3],[-3,-4],[-24,6],[5,7],[-12,9],[-3,8],[-20,-1],[-3,-6],[-26,4],[-3,-6],[-25,3],[-2,15],[5,13],[-19,4],[7,17],[-51,6],[-1,3],[-27,0],[-1,-7],[-12,2],[1,7],[-89,4]],[[76477,9003],[45,64],[3,13],[90,15],[90,4],[52,9],[63,5],[-18,44],[-3,27],[5,12],[-5,26],[-14,4],[13,14],[-1,6],[24,19],[5,20],[-81,16],[4,135],[25,7],[5,16],[-3,7],[29,2],[33,-5]],[[76838,9463],[-3,-12],[5,-15],[-8,-22],[23,1],[21,6],[28,2],[30,14],[14,-6],[13,15],[20,12],[31,4],[22,-4],[29,2],[19,-4],[55,9],[89,-29],[8,2],[22,-10],[109,12],[4,-10],[27,1],[18,-5],[22,-2],[64,-16],[43,5],[51,-1],[97,6],[11,6],[-3,6],[31,9],[9,-1],[3,-5],[8,-3]],[[77086,8805],[-12,-27],[19,-4],[18,-8],[-21,-26],[-14,5],[-7,-8],[-16,-3],[-13,-10],[-20,-3],[-14,-11],[-16,-29],[-54,-19],[-55,-29]],[[76881,8633],[-81,-29],[-18,-10],[-12,-11],[7,-15],[-2,-8]],[[76775,8560],[-59,17],[-7,-5],[-37,8],[-4,4],[1,5],[-19,12],[5,2],[-7,9],[-5,22],[-33,13],[-15,2],[-10,9],[-23,10],[-52,12],[-10,7],[-28,10]],[[76472,8697],[4,15],[-14,26],[-3,28],[-21,38],[-24,27],[-2,37],[2,29],[4,8],[-18,7],[5,16],[25,-2],[4,10],[-3,17],[-11,4],[13,-1],[13,22],[31,24]],[[76477,9002],[0,1]],[[78082,8608],[3,-5],[-2,-40],[-21,-20],[-16,-10],[0,-9]],[[78046,8524],[-146,1]],[[77900,8525],[2,19],[28,-2],[3,11],[-7,1],[10,12],[7,0],[2,7],[10,5],[-9,4],[12,29],[7,3],[3,8]],[[77968,8622],[52,-6],[1,4],[17,-4],[-1,-4],[7,-2],[3,3],[11,-5],[6,-8],[18,8]],[[76775,8560],[-2,-15]],[[76773,8545],[-9,-19],[-15,-5],[-3,-7],[-8,-7],[8,-10],[-15,-6],[0,-6],[-10,0],[-3,-9],[-23,1],[-2,-7]],[[76693,8470],[-38,8]],[[76655,8478],[-18,11],[-14,-5],[-9,13],[-18,12],[-21,-2],[0,-5],[-28,2],[-18,-6],[-16,2],[-45,-6],[-33,-8],[0,-9]],[[76435,8477],[-8,-18],[-8,-9],[-29,10],[-7,-16],[-38,5],[-8,-7]],[[76309,8443],[-49,4],[5,13],[15,23],[-29,-3],[-3,18],[-15,7],[0,31],[28,9],[-45,35]],[[76216,8580],[-1,5],[22,-8],[13,2],[18,14],[6,11],[12,7],[19,5],[30,10],[106,-5],[8,38],[22,24],[1,14]],[[78119,8712],[-13,-45],[-21,-46],[-3,-13]],[[77968,8622],[0,6],[-62,-1],[-3,7],[5,16],[-1,41],[7,4]],[[77914,8695],[22,0],[55,-8],[80,31],[23,4],[27,0]],[[77914,8695],[-73,5],[3,-9],[-6,-58],[14,-4],[-2,-3],[-7,-1],[-16,2],[-3,6],[-4,1],[-2,-4],[-20,3],[-22,-17],[-5,2],[-6,-4],[-37,18],[-25,0],[-9,-15]],[[77694,8617],[-8,8],[-4,20],[-1,12],[6,2],[-7,12],[-10,6],[-18,4],[-21,0],[-17,-8],[-20,-18],[-12,-1],[-10,7],[-15,23],[1,11],[11,12],[0,8],[-4,7],[-27,18],[0,8],[31,16],[42,0],[13,5]],[[78664,8637],[26,-4],[2,-29],[17,-15],[-2,-13],[-5,-2],[1,-21],[2,-6],[8,-2],[8,-9],[-4,-9]],[[78717,8527],[-31,-3],[-181,7],[-102,0],[-92,-3]],[[78311,8528],[6,53],[17,34],[-27,2],[1,5],[7,4],[0,8],[45,-2],[6,40]],[[77020,8566],[-4,-14],[14,-3],[-17,-31],[16,-5],[11,-8],[-7,-13],[-5,-41],[3,-3],[9,-2],[0,-10],[4,-2],[-3,-12],[-12,-10],[11,-7],[1,-4]],[[77041,8401],[-9,-5],[-13,-1],[-121,-5]],[[76898,8390],[0,2],[-13,-1],[1,11],[8,0],[4,20],[-6,23],[-5,-1],[-1,7],[8,14],[-26,5],[7,10],[14,5],[6,12],[9,3],[3,10],[-3,8],[-18,2],[-8,7],[-57,6],[-48,12]],[[76881,8633],[75,-45],[64,-22]],[[76898,8390],[-56,-4],[-49,-7],[-16,-6],[-9,-10],[-35,-5]],[[76733,8358],[-3,8],[10,2],[7,4],[10,-2],[5,9],[-2,5],[-46,7],[16,33],[-17,5],[-2,10],[-8,9],[2,7],[-12,10],[0,5]],[[78879,8533],[-34,0],[-7,-4],[-40,-3],[-60,3],[-21,-2]],[[76733,8358],[-119,-19]],[[76614,8339],[1,4],[-12,11],[3,1],[-22,20],[-11,3]],[[76573,8378],[7,19],[22,27],[-19,7],[-1,3],[40,28],[33,16]],[[76614,8339],[-42,-5],[-60,-13],[-55,-4]],[[76380,8372],[15,10],[12,4],[18,-3],[42,-1],[4,-18],[30,-4],[6,1],[2,5],[13,-1],[12,21],[-15,5],[12,10]],[[76531,8401],[42,-23]],[[77209,8414],[0,0]],[[77232,8414],[0,0]],[[77262,8414],[-21,-1],[21,2],[0,-1]],[[77292,8415],[-20,-1],[1,1],[19,0]],[[77319,8419],[-19,-4],[-2,2],[21,2]],[[77344,8426],[0,0]],[[77352,8436],[-24,-3],[-20,-8],[-15,0],[-13,-4],[-14,3],[-14,-5],[-16,3],[-33,-3],[-12,4],[-51,-3],[-21,-6],[-78,-13]],[[77020,8566],[17,-4],[16,0],[38,5],[23,-9],[17,1],[11,-2],[29,-13],[18,-2],[28,-10],[21,-1],[25,3],[74,-17],[38,3],[-23,-16],[-7,-11],[3,-26],[-5,-12],[9,-19]],[[76531,8401],[-47,30],[-33,16],[7,7],[17,10],[-40,13]],[[75863,8111],[-11,5]],[[75852,8116],[27,8],[-1,-5],[-15,-8]],[[75854,8154],[0,0]],[[75781,8246],[3,-1],[-2,-6],[-7,-1],[6,8]],[[75765,8241],[0,0]],[[75763,8253],[6,-1],[-10,-6],[-1,4],[5,3]],[[75748,8249],[-6,6]],[[75742,8255],[6,2],[-3,-5],[3,-3]],[[76071,8242],[-73,-27],[-47,-27],[-17,-8],[-9,-2],[-21,-13],[-11,-16],[-34,-21],[-20,-5],[-17,9]],[[75822,8132],[6,10],[6,4]],[[75834,8146],[15,6],[1,-3],[10,-3],[-1,4],[-7,1],[6,5],[2,-5],[5,4],[-6,0],[-5,4],[5,4]],[[75859,8163],[0,2]],[[75859,8165],[1,13],[-21,3],[-4,3],[6,0],[-4,3],[-11,0],[-15,9],[-12,12],[-6,22],[10,5],[4,-6],[0,7],[-8,0],[10,3],[2,11],[-66,10],[-7,-1]],[[75738,8259],[-14,2],[-2,4],[2,17],[4,4],[9,2],[-4,14],[22,1],[16,-8],[6,0],[2,21],[-9,12],[13,2],[7,4],[1,9],[7,2],[8,12],[47,-21],[11,0],[3,5],[-5,5],[-15,7],[-2,5],[9,12],[-6,1],[-12,-3],[-9,2],[-11,11],[-1,39],[55,0],[40,8],[12,-3],[12,3],[7,-2],[0,2],[13,-1],[6,4],[14,1],[-4,9],[10,6],[14,3],[10,-6],[6,4],[-8,14],[-18,8],[-10,-4],[-4,3],[6,9],[-10,1],[1,4],[24,6],[6,4],[20,32],[1,8],[-14,10],[-1,14],[-7,7],[1,5],[6,0],[-4,8],[11,14],[26,-5],[19,2],[59,-12],[15,-4],[28,-19],[5,0],[5,10],[-1,9],[50,8]],[[77684,8502],[-2,5],[10,14],[18,-1],[13,8],[9,11],[-12,5],[-12,1],[18,17],[-12,9],[0,10],[-8,11],[5,4],[-2,5],[8,-2],[1,2]],[[77718,8601],[9,-1],[-1,3],[24,0],[16,-2],[22,-11],[9,-8],[-1,-4],[7,1],[-4,-4],[12,-4],[1,4],[6,-3],[10,-8],[4,-8],[4,0],[-1,-12],[11,-5],[15,-32],[-15,-2],[-64,2],[-98,-5]],[[77900,8525],[-36,-3],[-1,-4],[-16,41],[-12,15],[-24,9],[-22,17],[-31,10],[-33,-1],[-31,8]],[[78311,8528],[-117,-1]],[[78194,8527],[0,7],[21,64],[-30,2],[3,9],[17,24],[11,5],[6,8],[14,-3],[7,17],[9,8]],[[78194,8527],[-148,-3]],[[77373,8433],[0,0]],[[77395,8439],[0,0]],[[77596,8796],[20,-9],[6,-8],[-1,-6],[-11,-4],[-28,1],[-23,-4],[-25,-14],[-3,-14],[6,-3],[24,-19],[0,-8],[-12,-18],[16,-33],[12,-7],[14,-1],[14,6],[24,19],[14,3],[17,-2],[13,-9],[7,-46],[7,-6],[31,-13]],[[77684,8502],[-85,-12],[-42,-9],[-23,-5],[-11,-7],[-36,-8],[-67,-6],[-15,-4],[-1,-6],[-10,-1],[-5,-4],[-13,0],[-8,-6],[-16,2]],[[86026,13441],[-13,3],[6,29],[11,21],[-5,5],[-33,15],[-80,10],[-23,-25],[-23,-34],[-11,-3],[-19,2],[-26,-3],[-5,-28],[2,-17],[28,-4],[1,-21]],[[85889,13741],[27,-3],[26,-14],[16,-3],[-1,-20],[8,3],[29,-5],[-12,20],[30,7],[10,-17],[26,2],[22,-2],[-10,-7],[-3,-10],[-10,0],[13,-19],[30,5],[3,-10],[-13,-16],[3,-2],[-10,-8],[24,-5],[31,7],[-35,-62],[-2,-8],[4,-4],[-13,-14],[-3,-16],[-17,-24],[-9,-1],[1,-26],[-8,-18],[21,-3],[12,2],[3,-12],[-21,0],[1,-11],[-16,2],[-4,6],[-11,2],[-5,-16]],[[85278,13369],[-7,-4],[-9,5],[-11,15],[-31,-9],[-1,30],[-12,1],[-34,13],[-12,-9],[-1,-6],[15,-22],[-11,-2],[0,-11],[-6,0],[-3,-7],[-12,-1],[-2,-18],[-8,1],[-13,-16],[4,0],[-3,-5],[4,-7],[-23,-15],[-3,7],[-23,11],[3,20],[-5,6],[0,11],[-6,15],[-39,3],[-1,2],[14,33],[-12,2],[19,49],[-14,5],[-31,-2],[-13,8],[3,9],[-7,17],[-13,14],[-19,10],[-156,12],[-20,3]],[[86299,13839],[-6,-11],[-14,-9],[-8,-11],[1,-20],[-11,-22],[-3,-25],[-5,-10],[3,-16],[-7,-15],[12,-27],[24,12],[14,1],[-13,-42],[3,-41],[14,-5],[18,-33],[26,-17],[2,-22]],[[86349,13526],[4,-34],[-16,-43],[9,-1],[0,-21],[-7,-14],[38,-9],[0,-11],[-11,-45],[-19,-30]],[[86347,13318],[-41,5],[-26,12],[-48,11],[-13,7],[-3,5],[-59,27],[-42,11],[-8,8],[-25,10],[-15,11],[-41,16]],[[85916,13935],[277,-74],[61,-15],[45,-7]],[[85043,14049],[-74,2],[-7,-3],[-51,12],[-14,1],[-14,-42],[-44,-13],[2,-9]],[[84658,14040],[6,19],[-14,2],[126,41],[13,1]],[[84789,14103],[31,2],[164,20],[10,-20],[24,-18],[20,-6],[-3,-8],[8,-24]],[[84992,12450],[4,-21],[20,-19],[4,-10],[8,-6],[4,1],[17,-6],[22,-13],[5,1],[29,-11],[-6,-7],[5,-9],[-8,-9],[-39,0],[-20,-6],[-32,-6],[-4,-21],[9,-9],[18,-9],[5,-20],[22,-18],[8,-13],[9,-2],[22,-14],[13,0],[16,-6],[11,-8],[4,5],[13,-1],[7,-9],[-2,-5],[6,-3],[6,1],[4,-3],[29,8],[14,1],[15,6],[9,-18],[2,-18],[19,-15],[30,-2],[36,8],[10,-1],[14,-12],[9,-3],[-5,-7],[17,-10],[5,3],[3,-3],[4,1],[5,-2],[14,8],[21,3],[20,8],[8,8],[12,2]],[[85463,12159],[5,-1],[7,-10],[1,-20],[-3,0],[-2,-6],[-22,0],[2,-7],[-11,-5],[8,-10],[-7,-2],[-14,2],[2,-4],[10,-3],[-3,-3],[-20,0],[7,-21],[-54,10],[-3,-9],[-25,3],[-8,-1],[-11,6],[-29,4],[-6,-12],[-22,0],[5,-7],[-7,-5],[3,-17],[-2,-26],[-18,-17]],[[85246,11998],[-74,-37],[-29,-8],[17,-15],[-56,-19],[-46,0],[-20,-25],[-18,-13],[-6,0],[-6,12],[-15,1],[-1,6],[-11,0],[-5,10],[-8,6]],[[84968,11916],[20,12],[-12,28],[-161,55],[-8,16],[7,11],[-25,20],[-6,0],[-41,-13],[-61,-2],[5,12],[-7,-1],[-6,5],[-16,2],[-3,-3],[5,-3],[-3,-3],[-14,-2],[-5,4],[-8,1],[1,-8],[-4,-1],[-6,2],[-27,-4],[-8,5],[-15,-3],[-4,-4],[-5,3],[-18,-3],[-6,2],[3,6],[-11,-2],[1,6],[-15,-1],[-26,2],[-5,5],[-9,3],[-9,8],[3,9],[-8,5],[9,5],[-8,3],[4,4],[-6,4],[-6,15],[-10,-2],[-9,3],[-33,-8],[-14,10],[-6,12],[-1,25],[-23,6],[-10,8],[-1,7],[13,19],[38,2],[17,6],[14,8],[-5,4],[1,10],[3,12],[7,8],[-2,8],[3,3],[11,0],[5,3],[-15,14],[-9,2],[-4,10],[-9,5],[1,9],[12,0],[6,3],[15,2],[-2,21],[-9,1],[5,2],[1,4],[-11,6]],[[84433,12339],[38,15],[28,3],[20,6],[31,0],[77,-6]],[[84627,12357],[17,5],[27,2],[47,10],[17,7],[-6,-14],[11,-41],[8,0],[11,-7],[20,0],[92,-12],[19,11],[36,39],[20,9],[32,31],[2,10],[-9,8],[8,16],[-9,2],[-8,19],[30,-2]],[[84968,11916],[-3,1],[-28,-12],[-21,-15],[-16,-8],[-3,-31],[49,-27],[2,-6],[29,-23],[24,-15],[11,13],[5,2],[22,-8],[-2,-9],[4,-1],[0,-10],[18,0],[11,4]],[[85070,11771],[16,-23],[27,-15],[21,-6],[-3,-3],[-28,-21],[-59,-5],[-24,-14],[-31,-33],[-37,4],[-16,-14],[-11,-22],[-5,-19],[4,-8],[-23,1],[-20,-8],[-15,-21],[-42,-13],[-25,-29],[-44,18],[-15,-7],[-41,-7],[-21,0],[-5,12],[-28,-7],[-20,28],[-15,14]],[[84610,11573],[1,5],[-11,9],[25,7],[-13,9],[-8,-1],[-2,4],[-10,0],[-4,-3],[-4,3],[-8,-3],[-6,2],[0,4],[-8,0],[-3,6],[-24,2],[1,2],[-11,4],[-11,1],[-6,-4],[-4,4],[-12,-2],[-4,4],[-34,0],[3,5],[-3,3],[-13,2],[-6,6],[-12,3],[1,5],[-18,4],[1,4],[-22,0],[-4,-2],[-9,5]],[[84212,12376],[25,12],[24,4],[24,18],[22,-11],[3,-9],[19,-22],[17,-6],[20,-13],[64,-12],[3,2]],[[85043,14049],[50,-20],[3,-23],[21,0],[-8,-20],[-56,-3],[3,-22],[-3,-25]],[[83850,12978],[2,-6],[11,-5],[20,-19],[23,-36],[2,-13],[16,-36],[17,-27],[35,-44],[-7,-22],[-15,-10],[-8,-10],[-19,-4],[-7,-12],[15,-18],[12,-5],[9,-8],[-4,-12],[4,-17],[-10,-25],[0,-9],[18,-11],[9,-16],[3,-15],[9,-8],[13,3],[-1,-8],[8,-14],[1,-4],[-7,3],[2,-25],[-23,-20],[-12,-29],[12,-11],[-4,-24],[9,-21],[-11,-38],[11,-15]],[[83477,12366],[9,11],[-14,15],[7,15],[8,6],[0,10],[13,10],[8,13],[19,4],[47,25],[10,14],[-4,11],[18,11],[8,24],[11,8],[8,34],[-2,10],[-9,22],[-18,10],[-13,15],[4,23],[-10,15],[-12,41]],[[83565,12713],[-22,27],[0,21],[-16,19],[-25,60],[0,11],[15,29],[12,42],[-14,26],[-19,20],[-20,12],[-3,5]],[[83473,12985],[23,4],[9,8],[27,-2],[22,2],[34,-17],[16,3],[24,-28],[87,10],[56,11],[79,2]],[[94311,11076],[-45,2],[-103,14]],[[94163,11092],[4,29],[21,50],[0,15]],[[94188,11186],[82,22],[18,0],[18,-6],[3,-22],[37,-42],[4,-25],[-16,-2],[-3,-5],[6,-2],[-28,-23],[2,-5]],[[94203,11244],[1,-10],[6,-1],[-15,-5],[-15,-24],[-17,-5],[8,-8],[17,-5]],[[94163,11092],[0,-6]],[[94163,11086],[-19,2],[-20,-20],[-6,5],[-5,-1],[-8,10],[-17,-7],[-31,8],[1,16],[-26,8],[-10,-5],[9,0],[0,-29],[-7,-1],[-2,-3],[-17,3],[-8,-6],[-7,-17],[-72,7],[-27,8],[-9,0]],[[93882,11064],[-8,3],[-6,0],[-12,7],[9,6],[0,13],[-18,6],[30,30],[-62,10]],[[93815,11139],[21,27],[12,8],[-3,3],[30,31],[9,22],[10,7],[17,3],[18,-1],[2,3],[63,14],[32,-2],[29,-6],[29,1],[26,-4],[62,3],[31,-4]],[[94444,11232],[-1,-6],[26,-17],[15,-5],[11,-13],[24,-8],[-12,2],[-21,-3],[-24,0],[12,-15],[25,-9],[-9,-18],[-26,-27],[-65,-24]],[[94399,11089],[-41,-9],[-47,-4]],[[94203,11244],[39,3],[22,12],[56,22],[12,-15],[22,-12],[65,-21],[25,-1]],[[94375,11014],[-7,-1],[0,-5],[-8,2],[-9,-2],[-4,-3],[4,-2],[-24,-1],[-11,-3],[-8,-8],[10,-2],[-55,1],[-23,-1],[-5,-4]],[[94235,10985],[1,14],[-33,2],[0,17],[-4,0],[1,9],[-4,3],[9,0],[-5,3],[1,15],[-10,2],[2,16],[-30,20]],[[94399,11089],[2,-4],[27,7],[5,-3],[8,-2],[-24,-10],[7,-2],[-5,-2],[6,-1],[14,-11],[11,-3],[-5,-9],[-20,-10],[-43,-11],[3,-5],[-14,-4],[4,-5]],[[94793,11216],[-54,-9],[-21,-8],[-28,-18],[-15,-5],[-4,4],[-26,-13],[-42,-37],[-2,-33],[-17,-17],[-44,-4],[-31,-6],[-13,-7],[1,-2],[-6,-14],[3,12],[-25,-5],[-18,-8],[7,-8],[35,5],[-3,-10],[18,-11],[10,-5],[21,-2],[-25,1],[-19,11],[-3,0],[-10,-5],[-21,-4],[-86,-4]],[[94444,11232],[100,-28],[38,2],[34,24]],[[94616,11230],[15,-6],[1,-16],[17,6],[29,5],[-1,5],[4,2],[37,5],[7,5],[57,9],[5,-1],[6,-28]],[[93882,11064],[-6,-9],[32,-11],[-2,-6],[-7,-2],[1,-16],[-22,0],[-1,-2],[-14,-43],[2,-6]],[[93865,10969],[-78,-6],[-150,-18],[-56,-8],[-5,-4],[-79,-11],[-8,-3],[-1,-3],[-93,-14]],[[93395,10902],[-6,8],[14,3],[-9,19],[-16,2],[-9,19],[18,3],[-1,8],[7,0],[1,3],[-7,0],[1,3],[-19,-2],[-3,18],[-96,33],[-21,0],[7,-9],[1,-11],[8,-6],[11,1],[16,-7],[-6,-3],[-56,-13],[-30,-12],[-45,-6],[-38,-1],[-7,7],[6,20],[9,11],[-1,31],[-3,21],[-16,4],[2,18],[-54,18],[-23,17],[-11,3]],[[93019,11102],[9,13],[-4,9],[3,12],[9,1],[-8,2],[11,49],[19,-2],[4,10],[9,2],[-10,1],[1,4],[45,-10],[21,-10],[1,-16],[-14,-6],[7,-11],[50,18],[51,1],[13,3],[34,24],[26,12],[27,19],[8,12],[10,4],[8,0],[19,10],[55,9],[35,12]],[[93458,11274],[14,-10],[9,-13],[6,-21],[-1,-19],[9,-10],[1,-25],[19,3],[-2,-10],[24,-12],[6,-9],[15,-9],[8,-15],[17,-11],[69,3],[1,12],[5,3],[19,-2],[8,-7],[56,8],[10,-2],[20,-12],[11,-11],[3,-8],[17,-8],[-4,10],[4,6],[-7,8],[20,26]],[[93395,10902],[-145,-41],[-100,-35],[-103,-44],[-11,-7],[-7,-8],[-26,-15]],[[93003,10752],[-9,6],[-54,83],[-20,23],[-5,14],[-31,28],[1,24],[-30,-1],[-53,8],[-12,0],[-58,16],[-24,3],[-67,0],[-76,10],[-83,1],[-133,-5]],[[92349,10962],[0,5],[9,3],[2,5],[-3,50],[5,2],[17,-3],[2,8],[11,4],[16,13],[27,-7],[20,20],[-10,18],[3,13],[32,21],[-3,5],[3,20],[31,13]],[[92511,11152],[38,-7],[23,-8],[4,-6],[0,-10],[-12,-21],[3,-9],[60,-23],[1,-4],[12,5],[3,7],[-7,24],[5,5],[23,10],[2,8],[-3,5],[-10,2],[-8,7],[1,19],[7,0],[-2,20],[18,-4],[2,11],[55,-8],[42,-2],[6,-12],[13,-7],[-1,-27],[-3,-7],[32,-11],[42,34],[28,1],[50,-12],[36,-18],[11,-10],[37,-2]],[[92452,10349],[-1,-2],[-36,-73],[-35,-101],[-20,-45],[-10,-33],[-6,-7],[-17,-54]],[[92327,10034],[-11,0],[-10,-2],[-6,2],[-9,11],[-10,-3],[-82,57],[-11,19],[-73,6],[-33,-7],[-11,12],[-15,5],[-5,-2],[-1,18],[-25,-6],[-8,-6],[-17,7],[-2,10],[-12,5],[-6,7],[6,3],[-4,10],[11,2],[1,4],[-9,10],[-11,3],[15,15],[13,3]],[[92002,10217],[18,7],[16,-1],[13,12],[12,-2],[8,-6],[31,22],[16,-1],[28,14],[26,7],[-1,3],[36,12],[5,-17],[66,32],[10,-7],[41,21],[53,34],[47,25],[1,-8],[13,-15],[11,0]],[[94087,11935],[-34,-33],[-12,-40],[9,-31],[93,-28],[28,-13],[2,-10],[11,-6],[41,-13],[26,2],[11,2],[0,14],[30,24],[17,4],[3,-18],[6,-4],[36,16],[3,-2],[8,2],[10,-29],[-5,-21],[24,-2],[16,-5],[6,11],[11,5],[46,-28],[27,-8],[34,2],[68,10],[18,-2],[44,16],[24,-30],[8,-19]],[[94696,11701],[-29,-11],[-33,-18],[-14,-10],[-8,-14],[-31,-7],[-12,-11],[-24,-8],[-12,-10],[-47,-26],[0,-21],[9,-5],[-18,-11],[-22,-5],[-14,5],[-22,-12],[-31,10],[-10,-8],[-11,-16],[2,-6],[-9,-7],[5,-2],[-7,-16],[-3,1],[2,5],[-4,1],[-18,-19],[7,-1],[-2,-3],[-24,-19],[15,-19],[18,-2],[30,13],[10,-8],[1,-18],[16,-15],[48,20],[18,-13],[1,-10],[11,3],[33,-1],[48,-9],[-17,-20],[0,-17],[-15,-26],[5,-5],[9,-27],[-4,-18],[16,-11],[-18,-13],[22,-12],[53,-19]],[[93458,11274],[19,4],[10,6],[34,6],[42,-2],[30,29],[30,23],[22,27],[30,19],[24,4],[35,-5],[19,-5],[24,-13],[10,16],[-3,21],[36,17],[53,36],[-41,30],[-18,-5],[-4,-14],[-15,-7],[-23,3],[-4,-2],[-25,39],[-12,10],[-12,0],[-34,-11],[-18,16],[-25,15],[-44,5],[-48,15],[-61,27],[-9,-2],[-23,8],[-14,9],[-26,5],[-28,38],[102,111],[6,21],[-22,34],[-30,10],[-33,35],[-13,2],[-10,9],[-12,3],[14,30],[66,51],[48,7],[33,37],[13,8],[28,9],[68,-26],[14,7],[19,5],[15,23],[21,12]],[[93716,12024],[38,16],[7,9],[13,40],[-3,25],[36,-6],[-6,-22],[1,-11],[-12,-14],[-6,-29],[40,-12],[35,-2],[27,-7],[43,2],[31,-7],[41,-17],[14,-14],[37,-30],[35,-10]],[[93604,12042],[112,-18]],[[92511,11152],[-11,15],[13,7],[14,37],[2,23],[-14,2],[-7,9],[-10,2],[0,4],[-18,15],[-5,9],[-12,-2],[-5,7],[6,9]],[[92464,11289],[18,12],[28,8],[-16,13],[-1,6],[6,4],[-25,12],[8,7],[13,8],[17,0],[9,2],[-7,5],[22,7],[26,20],[9,-4],[8,2],[5,-1],[6,4],[15,-2],[7,4],[12,2],[9,8],[-7,30],[48,-10],[-15,-21],[15,-5],[24,-1],[9,7],[25,-12],[15,-11],[12,-2],[18,9],[9,0],[26,14],[19,6],[2,7],[-5,10],[-10,5],[9,10],[4,-1],[7,23],[29,-12],[15,-2],[17,11],[-9,5],[14,27],[24,9],[22,27],[-40,13],[-11,2],[-14,-2],[-18,6],[-39,51],[14,10],[-14,8],[-33,5],[-10,9],[-17,4],[-16,7],[-1,5],[12,22],[26,18],[8,11],[-13,2],[0,11],[-8,7],[-15,7],[71,65],[-11,2],[-21,-1],[-18,11],[-21,8],[-13,-1],[-49,10],[-45,3],[2,17],[20,15],[6,11],[-17,23],[10,14]],[[92675,11902],[11,19],[10,29],[12,11]],[[92708,11961],[35,15],[63,-6],[33,-14],[35,-1],[27,8],[42,7],[109,11],[13,7],[8,13],[4,10],[-6,9],[2,5],[73,-19],[12,13],[37,20],[4,28],[30,121],[11,-1],[13,-10],[30,-15],[25,-8],[35,-5],[-2,-12],[45,-24],[23,-16],[12,-18],[20,-12],[47,-13],[43,-5],[14,-6],[12,2],[25,-6],[22,3]],[[93003,10752],[-131,-69],[-46,-28],[-91,-44],[-97,-64],[-66,-52],[-53,-51],[-67,-95]],[[92002,10217],[-8,16],[-8,3],[-7,-3],[-4,1],[-6,10],[-13,8],[-16,-4],[-2,-7],[-17,3],[-6,-6],[-16,5],[-19,10],[-5,-6],[-9,2],[6,6],[-21,2],[-7,9],[-8,0],[-4,6],[-21,6],[13,21],[-45,18],[-29,25],[-2,9],[-20,27],[27,3],[5,9],[11,0],[12,21],[23,5],[-14,19],[47,15],[-1,10],[10,16],[0,21],[-4,7],[-23,6],[-10,0],[-2,-3],[-11,3],[7,11],[-10,5],[-17,-10],[-6,11],[-8,-2],[-9,3],[-3,-2],[-11,4],[7,9],[-16,6],[6,3],[-12,6],[8,7],[-11,7],[-13,-10],[-14,6],[2,5],[9,6],[2,8],[9,2],[-10,6],[-14,31],[-20,1],[-1,12],[17,15],[-22,1],[-12,9]],[[91656,10660],[18,8],[5,-1],[11,5],[20,3],[-4,40],[-16,17],[30,38],[21,13],[32,7],[30,-12],[32,3],[5,0],[3,-5],[5,1],[13,5],[-8,27],[13,1],[4,-12],[26,4],[2,-6],[30,1],[-14,37],[49,4],[8,12],[26,6],[2,3],[13,1],[8,13],[17,7],[16,-29],[7,3],[30,-11],[40,-10],[3,-10],[23,3],[27,16],[20,0],[18,2],[10,5],[0,8],[12,7],[25,8],[24,-1],[28,5],[25,15],[26,5],[-7,37],[2,16],[-17,0],[0,13]],[[94235,10985],[-62,3],[-107,-2],[-190,-14],[-5,-4],[-6,1]],[[92327,10034],[-3,-60],[25,-98],[56,-132],[65,-92],[21,-20],[8,-25],[3,-33],[-10,-26],[-16,-13],[-30,-15],[-23,-4],[-36,-2],[-95,0],[-80,4],[-154,12],[-385,46],[-394,56]],[[91279,9632],[95,48],[9,18],[18,19],[-37,17],[-43,41],[13,20],[-48,102],[-33,-14],[-13,-2],[-20,0],[-10,4],[-18,1],[-4,4],[5,2],[6,9],[-4,14],[-14,7],[-7,14],[-28,2],[-15,-12],[2,-5],[10,-4],[0,-5],[-21,-4],[-1,-17],[-17,-18],[-12,-3],[-1,-4],[-12,2],[-10,-4],[-33,-34],[-19,1],[-14,-5],[-16,2],[-18,-7],[-16,9],[-21,-2],[-6,-3],[9,-8],[-8,-11],[-18,-7],[-19,1],[-17,-4],[5,64],[-76,54],[-34,30],[-112,107],[-8,9],[0,4],[-39,35],[-11,18],[-4,-2],[-9,3],[-21,-5],[-20,-2],[-15,-11],[0,18],[13,9],[-7,10],[10,3],[28,28],[-17,-5],[-9,1],[-19,22],[39,15],[-15,9],[-5,18]],[[90547,10228],[65,78],[433,467]],[[91045,10773],[11,-9],[19,-5],[14,3],[10,-8],[-3,-6],[14,-7],[-5,-6],[1,-7],[6,-4],[-35,6],[-14,-1],[-15,-9],[-1,-17],[2,-4],[21,2],[1,-14],[63,-9],[-8,-24],[3,-17],[-20,-17],[15,-11],[13,5],[81,13],[8,0],[14,-7],[4,1],[10,-6],[21,-2],[-1,7],[20,0],[-9,12],[9,12],[-9,8],[2,30],[-5,8],[-1,18],[-20,0],[1,8],[6,4],[12,1],[4,12],[22,-5],[23,-1],[10,-5],[49,1],[4,-7],[26,9],[-3,9],[16,4],[-2,8],[6,6],[-5,1],[-6,9],[-24,-4],[10,13],[16,3],[1,14],[-9,-2],[-7,7],[14,6],[7,-1],[5,5],[5,-3],[5,4]],[[91447,10804],[25,-17],[7,0],[12,6],[8,-3],[32,-27],[9,-18],[-4,-10],[7,-2],[5,-12],[-4,-7],[-7,-2],[18,-8],[16,-15],[22,-2],[22,11],[10,-14],[8,4],[10,-5],[7,-19],[6,-4]],[[94163,13604],[-69,-1],[-94,8],[-26,-3],[-24,-8]],[[93950,13600],[-3,2],[17,8],[-8,2],[8,9],[6,1],[1,5],[-35,3],[1,4],[11,-1],[-3,3],[5,13],[-3,2],[8,19],[13,-3],[1,7],[11,-2],[1,4],[-6,1],[7,32],[-9,1],[9,4],[1,2]],[[93983,13716],[118,1],[164,13]],[[94265,13730],[0,-2],[13,-2],[-9,-3],[7,-5],[-2,-4],[-51,-17],[-3,3],[-4,-1],[16,-12],[6,-1],[-5,-5],[6,-13],[-20,-17],[-49,-21],[-7,-26]],[[93499,13250],[6,-27],[-6,-16],[-18,-22],[11,-6],[12,5],[41,12],[9,-6],[7,3],[6,-8],[-16,-10],[36,-28],[-7,-2],[-16,-16],[2,-2],[26,1],[2,-18],[23,6],[6,-8],[28,-5],[18,-8],[20,-37],[-2,-15],[-10,-10]],[[93677,13033],[-42,-7],[-40,-12],[-5,8],[-12,-3],[-3,5],[-18,9],[-17,0],[-10,-7],[-18,14],[-34,-5],[-10,3],[-89,-23],[3,-3],[-23,-7],[-1,-6],[9,-11],[-12,-2],[9,-8],[-36,-20],[-39,-8],[10,-7],[-6,-4],[28,-14]],[[93321,12925],[-26,-13],[-54,-15],[-14,0]],[[93227,12897],[-37,10],[-20,0],[-44,-8],[-2,4],[-15,2],[-11,15],[7,23],[7,10],[-3,0],[-1,13],[-8,11],[12,12],[-72,22],[-126,9],[-83,-15],[-101,-22]],[[92814,13204],[20,-5],[6,1],[5,7],[20,10],[20,14],[2,7],[14,13],[25,11]],[[92926,13262],[4,-3],[20,5],[35,1],[43,-4],[6,33],[-4,16],[40,8],[17,-1],[4,36],[44,0]],[[93135,13353],[15,4],[26,-26],[23,1],[26,-4],[26,-11],[66,-41],[10,-12],[1,-7],[26,9],[40,6],[26,-5],[30,-2],[27,-11],[22,-4]],[[93529,13325],[-25,-15],[-6,-9],[5,-23],[-9,-15],[5,-13]],[[93135,13353],[-7,37],[20,2],[-1,12],[-106,5],[3,3],[-32,21],[12,6],[-21,19],[53,27],[12,39],[-45,49],[-2,5]],[[93021,13578],[123,9]],[[93144,13587],[298,23]],[[93442,13610],[0,-5],[-14,-17],[-7,-20],[38,-12],[-3,-7],[11,-4],[-11,-12],[-26,-16],[-21,-20],[14,-5],[4,-8],[14,0],[5,-2],[1,-12],[54,-13],[-11,-12],[-40,-20],[1,-4],[37,-14],[-8,-5],[8,-1],[2,-9],[25,-22],[16,-7],[29,-4],[-13,-12],[-12,-19],[-6,-3]],[[92926,13262],[-4,34],[-17,21],[-4,31],[-28,45],[0,11],[-6,10],[11,42],[-5,20],[3,31],[4,5],[-4,4],[-7,0],[-2,5],[-7,0],[-4,4],[-10,1],[3,5],[-70,-17],[1,8]],[[92780,13522],[13,8],[7,12],[17,11],[19,18],[24,18],[17,7],[9,14],[7,2],[13,11],[8,3],[-9,5],[5,2],[18,-7],[-8,-2],[1,-3],[12,3]],[[92933,13624],[5,-2],[42,9],[7,-8],[15,-7],[-1,-4],[6,-1],[21,-24],[-1,-4],[-7,-1],[1,-4]],[[93841,13586],[-36,-33],[-16,-8],[-8,1],[-22,-11],[-28,-17],[-9,-10],[-4,-14],[-25,-21],[-25,-15],[5,-19],[29,-17],[17,-17],[13,-4],[-68,-42],[-14,-20]],[[93650,13339],[-121,-14]],[[93442,13610],[44,4]],[[93486,13614],[228,18]],[[93714,13632],[1,-7],[7,-3],[35,-3],[7,-3],[1,-8],[-11,-14],[39,-1],[-9,-10],[24,-3],[2,5],[7,0],[8,4],[16,-3]],[[94163,13604],[69,1],[70,-7],[-26,-41],[-3,-11],[-28,-33],[-1,-8],[-5,0],[7,-18],[-12,1],[-3,-3],[-15,2],[22,-7],[-3,-3],[-50,-26],[-8,-2],[-37,2],[-3,-21],[-7,-10],[-27,11],[-18,1],[-9,-11],[59,-18],[-18,-25],[14,-2],[1,-14],[-56,10],[-33,8],[-21,-14],[-80,-18]],[[93942,13348],[-12,11],[-25,-10],[-5,5],[-24,-5],[-4,4],[-49,-13],[-11,28],[-9,-2],[-3,5],[-11,-2],[2,-5],[-141,-25]],[[93841,13586],[7,-2],[17,19],[30,-11],[19,-2],[16,1],[20,9]],[[93714,13632],[49,3],[-61,30],[-16,5],[-14,1],[-8,4],[-17,17],[2,19]],[[93649,13711],[103,-4],[61,1],[73,12],[-3,3],[-16,2],[-36,-2],[-1,3],[16,0],[19,0],[18,-2],[26,-5],[74,-3]],[[93772,12989],[-4,-7],[-30,-26],[-62,-19],[-20,-2],[-2,2],[-42,-12],[-3,2],[-16,-5],[-5,-7],[-1,-16],[-9,2],[-12,-7],[-18,10],[-15,-3],[-45,-24]],[[93488,12877],[-25,16],[-3,4],[2,5],[-5,3],[-25,-8],[-16,-1],[10,10],[-5,9],[-16,3]],[[93405,12918],[39,27],[16,-14],[22,-9],[39,10],[13,8],[-13,6],[10,8],[8,2],[7,-5],[16,4],[10,10],[8,2],[18,14],[21,10],[6,12],[-9,7],[1,5],[6,2],[11,-4],[26,9],[17,2]],[[93677,13024],[37,8],[18,-4],[35,-30],[5,-9]],[[92193,13467],[52,-5],[45,1],[34,3],[39,9],[84,-3],[14,4],[28,0],[10,3],[77,-1],[107,13],[60,15],[37,16]],[[93677,13033],[-4,-2],[4,-7]],[[93405,12918],[-31,-24],[-53,31]],[[93459,13673],[6,-3],[-3,-3],[5,-3],[-23,-29],[34,-11],[8,-5],[0,-5]],[[93144,13587],[8,16],[11,7],[5,9],[22,20],[0,10]],[[93190,13649],[53,2],[33,4],[33,9],[6,3],[7,9],[6,2],[14,-2],[6,-7],[-4,7],[-12,2],[-7,0],[-6,-3],[-7,-8],[-11,-3],[7,11],[16,4],[60,0],[75,-6]],[[92933,13624],[8,3],[-26,8],[-3,4],[52,0],[24,9],[202,1]],[[93459,13673],[64,-1],[59,4],[18,6],[15,12],[5,22],[0,-4],[29,-1]],[[93488,12877],[4,-11],[-7,-13],[-16,-15],[-50,-18],[-34,6],[-6,-5]],[[93379,12821],[-96,15],[-80,-8]],[[93203,12828],[-23,10],[0,13],[6,2],[1,5],[9,5],[13,1],[5,5],[32,9],[16,4],[16,-1],[0,2],[-31,5],[-20,9]],[[93379,12821],[82,-17],[35,-2],[-8,-10],[11,-6],[7,5],[7,2],[1,-5],[7,-5],[5,-11],[-19,-16],[-6,3],[-14,-12],[-11,1],[3,3],[-24,5],[6,-29],[34,-29]],[[93495,12698],[-20,-50],[-5,1],[0,5],[-7,0],[0,-6],[-50,24],[-82,62],[-12,-37],[9,-10],[-7,-26],[-3,-54],[-11,-28],[-77,22],[-21,10],[-72,24],[-31,5],[-2,15],[-37,23],[1,3],[-31,14],[-24,-12],[-13,7],[24,20],[18,22],[-24,2],[-12,-9],[-15,14],[2,15],[6,6],[-16,17],[51,31],[47,16],[40,5],[36,0],[32,-15],[10,4],[4,10]],[[69300,18211],[-9,1],[-17,9],[-43,29],[-46,20],[-16,14],[-6,39],[-14,10],[-2,11],[-10,14],[-38,38],[-15,5],[-19,11],[-26,-5],[-3,-4],[-16,-5],[-49,13],[-17,1],[-27,-5],[-10,1],[-92,27],[-16,2],[-24,-12],[-10,-12],[-22,-5],[-17,-9],[-66,-3],[-6,-2],[-4,-6],[-20,-10],[2,-3],[-11,-21],[-9,-3],[-5,-4],[-1,-6],[-9,-8],[1,-3],[-23,-2],[-14,-16],[-45,-27],[-25,-19],[60,-14],[12,-12],[26,-10],[6,-8],[-3,-2],[18,-12],[41,13],[14,-2],[11,6],[10,-5],[24,-5],[12,2],[27,11],[8,0],[7,-4],[-1,-6],[8,-3],[7,-7],[36,-12],[7,-6],[5,-16],[12,-10],[-7,-3],[17,-14],[-3,-10],[10,0],[3,-6],[7,0],[-1,-7],[8,-1],[-46,-37],[-36,-10],[-32,-4],[-22,-8],[-14,-3],[-9,1],[0,-2],[-18,-4],[3,-7],[44,-17],[15,-21],[17,-9],[-18,-8],[-5,3],[-5,-2],[6,-3],[-15,-10]],[[68747,17982],[-71,-1],[-131,-20],[-33,-9],[-52,-7],[-107,46],[6,8],[-33,6],[-14,36],[-15,14],[-22,12]],[[67375,18557],[-16,-9],[6,-4],[-5,-1],[3,-10],[-6,-7],[21,-17],[-8,-3],[2,-2],[9,1]],[[68895,17944],[-19,10],[-52,9],[-35,10],[-6,-3],[-9,1],[1,4],[-16,2],[-3,5],[-9,0]],[[78445,13501],[5,-15],[10,0],[4,-23],[24,-18],[37,-10],[65,7],[6,-14],[17,-7],[0,-8],[5,-3],[-4,-7],[9,-5],[7,0],[0,-5],[7,-4],[-8,-2],[10,-16],[-14,-10],[-4,-11],[9,-13],[-4,-13]],[[78626,13324],[-22,-9],[-27,-3],[-8,-13],[-55,-1],[-5,0],[6,4],[-7,5],[0,6],[-5,0],[-1,-4],[-13,0],[-6,3],[4,3],[-2,3],[-13,3],[-5,6],[-29,-1],[-12,5],[-1,5],[-5,3],[-20,-10],[-6,2],[-7,-3],[6,-6],[-6,-5],[-5,7],[-14,-2]],[[78368,13322],[-21,8],[-29,3],[-17,11],[0,11],[10,14],[-52,-3],[-1,4],[-17,-1],[-11,9],[-25,-4],[-18,19],[7,3],[-6,6],[-138,-53]],[[78050,13349],[-7,11],[-4,-1],[-2,5],[73,31],[-16,9],[16,6]],[[78110,13410],[4,-5],[38,10],[41,13],[48,11],[32,10]],[[78273,13449],[121,33],[44,21],[7,-2]],[[78079,13431],[10,-9],[5,3],[16,-15]],[[78050,13349],[-188,-72]],[[77862,13277],[-261,-101]],[[77601,13176],[-13,12],[36,14],[0,11],[-12,0],[-1,5]],[[77611,13218],[38,12],[13,0],[12,8],[-5,9],[17,5],[-23,7],[20,14],[11,-12],[13,8],[19,6],[9,-7],[79,32],[14,3],[28,-1],[7,2],[14,12],[-33,50],[8,19],[10,0],[3,-5],[5,0],[8,-8],[70,21],[-5,7],[5,1],[5,-6],[4,1],[-1,7],[4,-6],[5,1],[-3,6],[10,1],[3,-6],[21,4],[29,7],[-4,5],[8,3],[11,2],[4,-4],[22,7],[-8,10],[9,-1],[4,7],[8,-8]],[[77554,13212],[-30,-8],[-35,-5],[-41,-14],[-7,0],[-6,9],[-36,-10],[-28,-2],[-16,2],[-14,6],[-16,15],[-26,16]],[[77299,13221],[-36,25],[-16,27],[19,6],[89,17],[42,4]],[[77397,13300],[-13,-20],[25,-16],[25,-9],[9,6],[22,6],[9,-1],[13,-12],[7,-21],[31,-7],[-4,-4],[14,-11],[19,1]],[[77669,13148],[-1,-22],[18,-4],[-8,-5],[-11,-2],[1,-18],[-15,-7],[-1,-9],[-11,-3],[-13,0],[-15,-6],[-8,-14],[-13,-7],[3,-5],[12,-9],[17,4],[0,6],[10,0],[9,-4],[17,0],[3,-4],[7,-1],[-25,-24],[12,-2],[3,-3],[26,-39],[11,1],[5,21],[38,-4],[5,15],[33,-1],[-3,-9],[9,0],[18,-6],[9,-1],[2,7],[16,-1]],[[77829,12992],[9,-36],[-14,-6],[8,-10],[-11,1],[-11,-5],[13,-6],[-8,-5],[-9,-1],[-14,-12],[7,-5],[7,4],[4,-1],[-4,-6],[4,-6],[4,0],[4,4],[9,-6],[-7,-8],[2,-6],[19,-3],[5,-2],[1,-8],[15,-6],[0,-16],[22,-9],[19,3],[11,-2],[-6,-7],[12,-7],[-2,-7],[5,0],[4,5],[9,-9],[-33,-6],[-7,-11],[3,-4],[-11,-13],[13,-8],[17,-3],[-13,-4]],[[77905,12765],[-39,-19],[-28,-8],[-32,2],[-29,11]],[[77777,12751],[-8,7],[15,3],[0,3],[-9,5],[-22,-5],[-2,7],[-9,3],[0,10],[-5,3],[-32,3],[5,-3],[-6,-8],[-8,4],[-6,-1],[2,-8],[-20,8],[-18,2],[-27,17],[-20,8],[-14,1],[-118,33],[-74,45],[-46,18],[-59,19],[-7,2],[-3,-3],[-4,3],[-12,-5],[0,-4],[7,-2],[-4,-3],[1,-7],[-18,2],[-6,-3],[-13,-1],[-2,2],[-18,-3],[-25,-13],[-8,5],[-13,0],[-10,5],[-5,-4],[-10,4],[-16,-5],[-5,3]],[[77125,12898],[-34,25],[-26,13],[-83,65],[-70,49],[-3,-2],[-9,4],[-56,40],[-7,25],[-13,13],[31,30]],[[76855,13160],[94,21]],[[76949,13181],[36,-11],[21,-12],[3,-24],[29,11],[5,-15],[-3,-8],[12,-4],[0,-12],[51,26],[25,8],[23,-2],[16,-15]],[[77167,13123],[-1,-4],[8,-7],[3,-9],[63,6],[244,37],[61,13],[56,17]],[[77601,13176],[11,-3],[-33,-36],[30,0],[30,-6],[18,13],[12,4]],[[78166,13171],[-5,-5],[-21,-5],[-1,-4],[5,-4],[-8,-5],[7,0],[3,-6],[-13,-4],[6,-5],[9,3],[13,0],[5,-19],[-6,-10],[-8,-1],[-5,-5],[-38,-7],[3,-9],[-21,-6],[-7,2],[1,6],[-14,-3],[-8,8],[-4,-4],[1,-7],[-11,-8],[-5,8],[-5,-1],[-3,-4],[-15,1],[-7,-4],[2,-8],[-13,-9],[14,-7],[-24,-10],[-9,0],[-1,-7],[-6,-2],[-12,0],[-24,15],[-8,-4],[-10,5],[7,5],[-5,6],[-8,-2],[-16,9],[-17,0],[-6,-3],[8,-7],[0,-5],[-27,-5],[0,-4],[8,1],[0,-6],[-8,-3],[-2,-12],[-7,1],[-11,-4],[-7,0],[-4,-9],[-7,-5],[8,-11]],[[77669,13148],[28,7],[-1,13],[45,1],[6,-5],[1,-13],[20,3],[8,-3],[20,-1],[2,-7],[7,3],[10,-4],[7,3],[12,-1],[14,-10],[8,-1],[3,-5],[6,3],[4,-7],[20,-1],[15,-8],[32,7],[31,-5],[7,1],[12,7],[21,3],[12,6],[30,-1],[9,14],[11,7],[9,0],[3,7],[30,9],[18,-3],[5,5]],[[78134,13172],[32,-1]],[[77937,13484],[6,-9],[30,-9],[59,-4],[10,-12],[23,11],[5,-16],[13,5],[9,-11],[-13,-8]],[[77611,13218],[-57,-6]],[[77397,13300],[20,5],[-53,17],[-2,5],[9,4],[-27,9],[-48,10],[-15,7],[0,7],[-21,3],[-2,-5],[-16,3],[-39,0],[-32,-9]],[[77171,13356],[-13,23]],[[77158,13379],[68,34],[87,-1],[49,3],[40,0],[21,-15],[52,-16],[38,-4],[13,2],[30,18],[-5,25],[8,2],[-3,3],[9,7],[30,4],[9,5],[13,-1],[11,3],[22,-4],[20,1],[3,5],[7,3],[9,-2],[19,10],[4,-2],[38,4],[18,8],[16,14],[6,2],[4,-2],[4,4]],[[77798,13489],[23,-4],[12,2],[12,-6],[14,3],[3,-3],[7,1],[33,-8],[18,4],[0,5],[8,0],[6,3],[3,-2]],[[77299,13221],[-16,2],[-15,-9],[-7,3],[-21,-14],[12,-8],[-5,-10],[-7,3],[-4,-3],[-4,3],[-57,1],[-8,-66]],[[76949,13181],[-2,3],[26,7],[14,-8],[48,19],[7,21],[28,4],[8,6],[-8,7],[-11,1],[2,3],[-9,9],[-6,22],[20,27],[-6,9],[3,5],[-10,13],[6,27],[-4,12],[11,0]],[[77066,13368],[9,-10],[13,7]],[[77088,13365],[20,-11],[40,-11],[27,1],[-4,12]],[[77862,13277],[7,-19],[38,-7],[66,-18],[-40,-18],[15,-13],[5,1],[-3,4],[15,2],[11,-10],[28,12],[5,-4],[23,10],[7,-8],[6,4],[17,4],[20,-25],[6,-16],[13,-4],[13,2],[20,-2]],[[78368,13322],[0,-15],[9,-6],[3,-7],[-13,-4],[3,-4],[9,-2],[10,2],[10,-11],[7,-3],[17,3],[3,-8],[6,-3],[1,-9],[13,-1],[0,8],[9,-5],[16,0],[-6,-4],[10,0],[7,-8],[10,-2],[0,-5],[15,-14],[-6,-22],[-25,-9],[-34,-5],[-9,4],[4,9],[-26,-2],[-20,3],[-12,-3],[2,-4],[-9,-7],[-19,0],[-7,-4],[4,-10],[-8,-12],[0,-11],[-19,-11],[-43,-11],[-14,-14],[-10,-3],[-22,4],[11,17],[-14,14],[-12,-4],[-5,1],[4,11],[-25,-2],[-2,2],[9,4],[-11,5],[-19,-6],[1,13],[-5,0]],[[70207,19917],[-12,22],[-20,-9],[-18,-13],[-14,-16],[-37,16],[-32,18]],[[70074,19935],[2,4],[-9,10],[9,4],[13,-4],[2,3],[16,6],[-1,2],[8,2],[-8,2],[1,2],[-13,0],[-15,5],[5,7],[6,-1],[3,-4],[13,3],[1,6],[-5,-2],[-6,7],[59,15],[-13,8],[-25,3],[-25,9],[-4,2],[3,3]],[[70091,20027],[5,4],[-8,8],[2,11],[-57,19],[-2,6],[41,3],[0,3],[22,8],[51,28],[53,10],[-1,6],[8,-1],[30,7],[56,6],[1,-5],[36,7]],[[70328,20147],[-27,-80],[-13,-2],[-7,-55],[7,-13],[-12,-38],[-26,-29],[-43,-13]],[[70384,20165],[10,-13],[13,-7],[9,0],[6,-3],[34,3],[42,-4],[90,5],[-3,-16],[21,-2],[-2,-10],[-5,0],[-7,-15],[-28,-1],[-1,-13],[-19,-2],[4,-15],[-19,2],[-14,-17],[15,0],[51,-8],[-6,-16],[-5,0],[0,-14],[-9,-10],[-14,-7],[-39,0],[0,-10],[-8,-7],[-6,-15],[17,-29],[-53,-55],[2,-5],[13,-4],[22,-15]],[[70495,19862],[1,-7],[-5,1],[-8,-9],[7,1],[14,-13],[-18,-8],[-38,12],[-38,32],[-41,25],[-15,-6],[-8,7],[-4,-2],[0,-5],[-17,-8],[-9,9],[-32,0],[3,1],[-7,6],[-12,-4],[4,-5],[-25,-3],[-17,-5],[-23,36]],[[70328,20147],[7,35]],[[70335,20182],[41,-24],[8,7]],[[70091,20027],[-19,5],[-34,2],[-27,8],[-4,-5],[-17,17],[-17,12],[-71,-1]],[[69902,20065],[4,29],[57,-1],[-17,14],[-22,40],[-24,25],[45,7],[12,-1],[25,-4],[70,-26],[4,18],[68,0],[42,9],[-9,6],[-7,14],[9,34],[7,9],[11,4],[0,6],[-12,6],[1,2],[15,1],[71,-37],[83,-38]],[[70074,19935],[-52,-18],[-16,14],[-20,-5],[-3,3],[-4,-1],[2,-7],[-33,-3],[-3,2],[-12,-5]],[[69933,19915],[-13,30],[9,-1],[21,7],[-13,21],[-42,-5],[-7,22],[1,23],[13,53]],[[72235,18469],[-100,34],[-46,-19],[-7,2],[-52,-14],[-10,4],[-17,0],[-14,-4],[1,3],[-16,2],[-28,11]],[[71946,18488],[10,16],[43,44]],[[71999,18548],[37,47],[45,45]],[[72081,18640],[42,-20],[26,-9],[17,-11],[11,-13],[30,-13],[6,-8],[-3,-6],[30,-13],[-5,-78]],[[72153,18723],[-30,-31],[-42,-52]],[[71999,18548],[-153,52],[-44,18],[-28,-4],[-4,-26],[-23,-27],[14,-5],[-43,-43]],[[71718,18513],[1,-1]],[[71719,18512],[-146,32],[96,119],[224,88],[-2,15],[-11,12],[-60,40],[-34,13],[-14,13],[76,5],[50,-4],[23,-6],[16,1],[1,-10],[20,-14],[-6,-5],[9,-3],[3,-10],[-4,-1],[3,-4],[36,-4],[25,-6],[2,3],[40,-3],[7,4],[8,0],[41,-6],[8,-7],[21,-8],[8,-1],[16,-16],[-22,-26]],[[71946,18488],[-17,-19],[-211,44]],[[71082,20289],[-79,-1],[-18,6],[-38,1],[-5,4],[-5,0],[-15,4],[-23,1],[-26,5],[-19,0],[-21,-5],[-5,-6],[-4,4],[-15,-4],[-40,-23],[-45,-9],[-5,3],[-14,-5],[-1,-4],[-7,3],[-24,1],[-1,-2],[-10,3],[-34,3],[-4,-5],[-14,-3],[-9,-7],[-17,-4],[-40,2],[-4,4],[-35,2],[-45,-15],[-39,-8],[1,-7],[-41,-13],[-3,-9],[6,-7],[-6,-2],[-1,-6],[18,-9],[-11,-16]],[[69933,19915],[4,-10],[-3,-4],[-26,-6],[8,-19],[6,-3],[3,-13],[-12,-1],[-2,-12],[-14,-1],[-3,-12],[-4,-1],[-17,-28],[-14,-40],[0,-33]],[[69859,19732],[-11,0],[-7,-3],[2,8],[-6,0],[-1,4],[-15,-1],[-1,-4],[-6,5],[-12,0],[0,-5],[-9,-3],[-1,4],[-15,-1],[-5,5],[-8,-4],[0,5],[-5,1],[-4,7],[-11,6],[2,1],[-9,8],[-6,-2],[-12,6],[-7,0],[1,4],[-6,0],[-14,-18],[-18,4],[-20,-15],[-6,1],[8,-13],[-8,-5],[0,-12],[9,-12],[16,-12],[4,1],[-1,-9],[-25,-13],[-16,-18],[-29,-18]],[[69607,19634],[-17,5],[-16,-12],[-9,-1],[-23,1],[-2,3],[-23,-1],[10,-21],[-13,-3],[7,-8],[-48,-9],[-19,-11],[-40,-6],[-7,-4],[5,-6],[-76,-16],[-18,-1],[-34,2],[-36,14],[-10,5],[0,16],[-29,-18],[-40,15],[-39,7],[-26,20],[-4,17],[-9,4],[-25,-5],[-19,2],[-55,-2],[-31,2],[-84,-9],[-22,6],[-52,4],[-15,-3],[-30,1],[-37,16],[-17,4],[-9,-3],[-14,-13],[-23,-5],[-12,1],[-21,7],[5,4],[-3,2],[-10,1],[-12,-3],[-10,0],[-6,12],[-26,5]],[[68563,19650],[1,11],[26,60],[-1,18],[6,17],[19,39],[14,19],[15,55],[22,26],[21,59],[2,17],[-19,25]],[[68669,19996],[-25,25],[-8,26],[24,7],[-17,15],[10,12],[16,9],[23,4],[4,-2],[13,5],[15,1],[12,6],[4,8],[11,7],[-26,23],[-3,18],[-7,6],[37,14],[-2,8],[3,0],[5,14],[10,0],[10,14],[21,0],[9,32],[-20,2],[-13,12],[3,10],[16,3],[58,-6],[27,71],[30,-4],[23,-14],[10,-13],[31,-8],[6,6],[17,-3],[52,1],[11,1],[3,3],[45,5],[0,-11],[61,3],[2,11],[-13,15],[3,42],[-11,29],[-41,42],[18,14],[30,15],[44,-8],[25,3],[40,10],[56,5],[41,8],[20,2],[40,-5]],[[69422,20489],[11,-1],[50,-20],[8,-10],[6,-1],[14,-11],[73,-27],[11,-11],[1,-23],[4,0],[2,-7],[14,-5],[2,-6],[14,-8],[9,-1],[1,-6],[11,-7],[11,-2],[45,-26],[32,-13],[4,-12],[13,-8],[4,-10],[74,17],[-6,7],[37,27],[28,-6],[38,8],[13,0],[35,10],[19,-1],[12,3],[15,0],[-10,9],[4,6],[-10,12],[4,-2],[6,2],[-9,4],[4,2],[-8,1],[7,2],[-6,4],[-13,2],[4,2],[-8,2],[1,5],[-4,4],[3,2],[-9,5],[0,-3],[-8,3],[2,8],[-22,9],[4,6],[-3,6],[-11,4],[-9,-1],[0,3],[-7,-3],[-11,6],[-12,4],[5,2],[-5,2],[2,6],[-4,0],[-3,5],[6,-1],[-1,10],[-10,7],[8,5],[-5,0],[-3,4],[5,4],[-36,7],[-29,-2],[-13,-5],[-25,-6],[-36,5],[-51,-6],[-15,3],[-10,17],[11,6],[-2,6],[9,11],[21,4],[-8,7],[24,30],[7,0],[13,22],[8,0],[2,-4],[6,2],[10,-6],[73,30],[38,22],[10,-2],[5,15],[34,12],[20,6],[11,-17],[27,6],[2,-4],[20,4],[1,-2],[19,7],[35,-11],[22,0],[10,3],[-6,7],[10,17],[-8,7],[-11,21],[3,7],[30,6],[33,17],[23,6],[-17,35],[11,18],[-18,23],[11,16],[40,35],[10,1],[7,5],[6,-4],[11,3],[6,-2],[1,57],[8,18],[11,10]],[[70275,20950],[10,-2],[-1,-3],[10,-5],[-1,-10],[16,-4],[-3,-3],[33,-25],[13,-6],[-7,-8],[3,-3],[33,-15],[-4,-8],[19,-6],[-5,-7],[15,-10],[-2,-3],[8,-9],[-4,-2],[3,-9],[8,-2],[9,-7],[16,-5],[-2,-3],[12,-3],[9,2],[0,-14],[15,-3],[-9,-14],[22,-3],[11,-7],[-3,-2],[21,-9],[-22,-11],[3,-8],[34,-17],[-5,-4],[33,-13],[-2,-4],[27,-9],[2,-10],[12,-1],[2,-17],[25,-5],[-5,-8],[21,-7],[-2,-4],[29,-30],[20,-12],[42,-36],[19,-13],[6,0],[31,-36],[17,-12],[-3,-2],[40,-26],[24,-6],[52,-26],[47,-18],[27,-24],[40,-20],[-11,-13],[21,-4],[0,-6],[18,-8],[1,-7],[10,-6],[9,-30]],[[69607,19634],[15,-8],[39,8],[-3,-16],[2,-19],[-4,-1],[5,-14],[9,2],[18,-15],[-7,-6],[-13,-4],[1,-3],[-5,-2],[14,-16],[-4,-8],[9,-17],[-12,-4],[3,-4],[-14,-3],[9,-38],[8,-13],[29,5],[33,2],[0,-26],[13,-27],[-7,-2],[1,-13],[45,13],[3,3],[7,-1],[7,5],[10,-3],[21,0],[3,0],[-5,9],[27,10],[22,0],[5,3],[11,0],[7,3],[54,0],[2,8],[48,-6],[62,4],[7,-1],[5,-10],[84,1],[-1,12],[45,0],[21,3],[21,-35],[40,-32],[7,4],[7,-1],[-3,3],[6,3],[-2,3],[30,10],[34,-2],[18,3],[10,-3],[6,1],[-1,-5],[6,-3],[6,2],[12,-2],[3,-5],[17,1],[17,-1],[6,7],[53,12],[5,4],[5,-7],[21,11],[-3,2],[7,2],[1,6],[9,3],[2,-3],[11,7],[12,-2],[7,1],[-2,3],[8,-2],[5,4],[6,-4],[7,3],[0,-5],[13,-6],[25,-2],[5,-3],[7,0],[3,-2],[18,-3],[6,4],[8,-8],[5,0],[2,4],[4,-3],[3,4],[12,0]],[[70741,19413],[-3,-12],[13,-17],[-11,-1],[-11,-13],[22,-15],[-8,-10],[2,-4],[-8,-2],[-2,-6],[-14,0],[-6,-2],[-7,2],[-3,-3],[-16,-5],[4,-5],[10,3],[6,-1],[-6,-7],[0,-10],[23,-37],[7,1],[-2,-9],[10,-6],[9,-12],[-10,-9],[8,-4],[11,7],[3,20],[4,2],[101,5],[25,-3],[65,-16],[14,4],[21,11],[25,3],[1,-2],[17,6],[8,7],[8,1],[9,10],[11,4],[8,-1],[8,-5],[55,11],[23,-15],[28,-8],[18,-2],[23,-11],[16,-2],[7,-7],[25,-1],[33,-7],[25,-2],[37,1],[99,-19],[32,3],[28,-6]],[[71536,19217],[-13,-35],[-13,1],[-8,-16],[-37,5],[-5,-12],[-44,11],[-36,2],[-4,-8],[-17,-13],[-36,-44],[-2,-7],[7,0],[-6,-18],[-9,-10],[2,-6],[-4,-6],[4,-3],[-21,-12],[-4,-5],[5,-4],[-12,-16],[-3,-1],[5,-5],[-3,-11],[-8,-9],[8,-44],[6,-11],[-35,-4],[-24,8],[-19,11],[-10,-58],[5,-30],[-55,-13],[-52,-4],[-1,2],[-54,4],[-29,-3],[-45,3],[0,2],[-71,13],[1,1],[-65,14],[-35,-2],[-27,-7],[-6,2],[-23,-4],[-2,5],[-38,8],[-26,12],[-11,2],[-23,0],[-2,-10],[4,-3],[-14,-2],[0,-5],[-20,-15],[5,-8],[-14,-2],[11,-13],[1,-10],[-7,0],[-3,-5],[20,-7],[48,-10],[0,-2],[-11,0],[-1,-3],[18,-9],[11,-1],[12,2],[12,-5],[4,-8],[5,2],[21,-16],[2,-16],[-14,-14],[-3,0],[-4,-11],[-12,5],[0,6],[-5,-5],[-6,1],[-2,-5],[-19,-1],[-6,-9],[-17,3],[-10,-12],[0,-7],[-5,-1],[-2,4],[-13,-3],[-2,-5],[-31,-6],[-7,3],[-2,5],[-13,0],[2,4],[-6,0],[-12,5],[-25,-15],[-9,-10]],[[68442,19389],[12,43],[4,39],[53,78],[20,36],[25,28],[7,37]],[[70851,17794],[6,-4],[22,-5],[31,6],[11,-4],[6,2],[12,-3],[0,-8],[13,-4],[8,-14],[-10,-8],[-8,-14],[32,5],[20,8],[15,0],[6,3],[-1,4],[8,-4],[6,4],[7,-4],[18,4],[17,7],[-1,3],[31,9],[35,0],[17,-17],[11,-27],[-4,-21],[-20,-22]],[[71139,17690],[-27,-19],[11,-13],[-1,-9],[9,-8],[-7,-8],[-18,-9],[3,-7],[-11,-5],[-19,-17],[-19,-6],[-22,-2],[-13,-8],[5,-13],[43,-23],[14,-2],[10,-6],[19,-21],[3,-11],[-27,-10],[-2,-8],[-8,-8],[-46,-1]],[[71036,17476],[2,5],[-4,3],[-1,14],[-49,42],[-32,-9],[-4,3],[-17,-4],[-3,7],[-21,-3],[-3,9],[-12,-1],[-9,17],[-25,-8],[-3,5],[-52,-6],[-2,6],[-28,-2],[4,9],[-31,-1],[-7,3],[-9,-11],[-1,-10],[-10,-3],[-7,-11],[-27,-17],[-3,0],[-27,-13],[2,-2],[-49,-23],[-28,-20],[-25,-29]],[[70555,17426],[-11,5],[-8,15],[5,8],[-11,11],[19,6],[-16,7],[10,9],[-15,9],[8,9],[-9,0],[-6,-5],[-2,9],[-28,-8]],[[70491,17501],[0,5],[19,6],[-4,8],[10,4],[29,0],[17,2],[22,-6],[1,10],[-15,22],[-25,10],[35,4],[25,-2],[24,6],[22,22],[-8,17],[11,5],[4,25],[18,4],[9,7],[0,12],[12,44],[-3,23],[-14,12],[-32,12],[-42,31],[16,7],[12,-1],[-2,-6],[27,-4],[2,6],[-11,2],[3,7],[-10,1],[0,2],[-7,-1],[1,9],[28,1],[55,12],[26,16],[67,-29],[6,-9],[15,1],[16,-6],[1,2]],[[70491,17501],[-36,-9],[-19,-1],[-11,-9],[-14,4],[3,7],[-3,2],[-25,-6],[-18,-1]],[[70229,17943],[21,4],[46,37],[42,-12],[13,21],[-4,16],[143,-15],[12,-43],[34,-32],[36,7],[15,-1],[10,8],[18,-6],[53,-12],[16,15],[18,-4],[10,0],[24,-9],[15,2],[15,-4],[15,-8],[19,1],[8,-12],[17,-2],[-1,-5],[-8,-2],[4,-3],[12,2],[26,-8],[1,6],[9,0],[18,-10],[2,-4],[11,-4],[-4,-7],[9,-7],[0,-7],[-8,-23],[-6,-2],[-11,8],[-13,-13],[-18,3],[-12,-10],[-1,-4],[16,-10]],[[72630,18714],[4,-20],[12,-5],[16,-15],[21,-7],[18,-2],[-7,-10],[-17,-4],[-8,1],[4,-35],[-5,-1],[-8,-16],[-19,-24],[-7,-19],[12,-6],[-7,-16],[4,-9],[-6,-10],[17,-12],[-27,-19],[-41,1],[-15,-17],[0,-9],[-6,-7],[8,-4],[20,-4],[5,-6],[41,-11],[25,-4],[11,2],[11,-5],[21,-2],[14,-6],[7,-8],[-7,-5],[4,-3],[7,1],[6,4],[18,-2],[16,6],[13,1],[6,-12],[9,-2],[3,-8],[-9,-3],[-3,-6],[-14,-3],[15,-7],[1,-11],[-7,-4],[3,-6],[-8,-1],[0,-6],[-9,1],[-9,-3],[-12,-9],[-23,-12],[-1,-10],[-10,-8],[15,-2],[0,-10],[15,1],[27,-6],[25,-2],[43,-54],[1,-5],[-10,0],[11,-17],[-11,-3],[4,-7],[-9,-3],[15,-35],[0,-9],[10,-13],[-8,-9],[12,-12],[0,-5],[-4,-2],[4,-11],[-28,-10],[0,-4],[42,-38],[-19,-7],[13,-12],[3,-22],[59,-21],[40,-17],[18,-1],[24,3],[1,-3],[-11,-2],[-7,-5],[-98,-33],[-26,-27],[-42,7],[-9,12],[-13,1],[-29,-6],[-5,-24],[-11,-10],[-25,-8],[-25,-1],[-23,3],[-51,16],[-17,19],[-13,6],[-28,4],[-49,27],[-28,9],[-22,16],[-57,10],[-42,1],[-42,22],[-42,13],[-24,-25],[-29,-12],[-19,-18],[-36,-8],[-76,-34],[2,-3],[26,-7],[39,-16],[32,-6],[3,-13],[26,-6],[9,-5],[31,-29],[-1,-6],[42,-35],[15,-3],[31,-20],[39,-9],[-32,-13],[-25,-6],[-11,-9],[-7,-28],[-23,-8],[-20,-3],[-5,3],[-10,-20],[-9,-5],[40,-29],[9,-37],[23,-10],[-37,-20],[-22,-25]],[[72276,17546],[-2,4],[-20,0],[6,11],[2,22],[-17,12],[-53,-22],[-43,-10],[-51,15],[-5,-4],[-34,5],[-30,-4],[-22,-7],[-19,-2],[-5,2],[11,10],[6,18],[15,14],[-11,17],[-18,13],[-56,24],[-45,26],[-27,-3],[-2,10],[16,9],[-17,18],[-29,-6],[-16,-7],[-146,-2],[7,-31],[-18,2],[4,-22],[-4,-14],[1,-12],[-30,-31],[8,-15],[-37,-14],[-35,11],[-42,-2],[-13,5],[-19,18],[-24,-22],[-20,26],[1,13],[-53,6],[-53,-14],[-14,9],[9,2],[-2,8],[9,13],[-33,17],[-8,-5],[-6,2],[-47,26],[-54,2],[0,-12],[-27,0],[0,10],[-25,5]],[[70626,18167],[45,1],[31,8],[43,3],[12,-3],[37,3],[39,-4],[17,1],[5,15],[40,-20],[25,21],[14,-1],[14,5],[5,-3],[38,11],[15,9],[35,7],[17,-4],[21,13],[-7,14],[6,22],[25,5],[24,8],[10,-9],[5,4],[-4,3],[9,7],[11,1],[13,8],[0,18],[-46,28],[-12,11],[345,24],[41,-22],[24,-5],[14,-12],[10,-23],[-2,-14],[4,-6],[-11,-15],[1,-16],[6,-7],[6,-2],[52,11],[30,14],[25,3],[14,4],[22,-2],[29,30],[18,6],[109,5],[20,-8],[27,-2],[20,-5],[-1,6],[14,4]],[[71930,18317],[38,-29],[39,-23],[117,-25],[13,-6],[-5,-13],[43,-23],[-5,-9],[0,-13],[-17,-10],[11,-16],[-2,-7],[6,-11],[-6,-7],[0,-9],[11,2],[13,10],[27,10],[24,-8],[11,-1],[40,10],[8,10],[21,6],[23,1],[24,9],[-19,19],[19,4],[-30,30],[33,7],[-28,24],[42,10],[35,16],[-49,24],[-10,10],[-1,8],[-110,9],[24,16],[71,41],[-53,26],[6,6],[-2,2],[-64,27],[7,25]],[[72153,18723],[27,3],[13,-14],[2,-9],[10,-7],[9,4],[24,-20],[35,2],[3,2],[13,-7],[-12,-15],[8,-5],[15,-1],[20,-10],[11,-16],[16,-10],[13,4],[0,6],[5,1],[6,5],[15,6],[14,33],[12,14],[30,17],[15,3],[7,6],[26,0],[7,6],[7,-1],[21,9],[12,-2],[26,-11],[19,7],[48,-9]],[[72197,11629],[8,-9],[2,-20],[9,-16],[32,-5],[10,7],[20,-1],[54,-13],[38,-1],[16,-5],[25,4],[71,30],[23,3],[45,-3]],[[72550,11600],[-4,-21],[4,-11],[15,2],[-1,-19],[-11,-18],[18,-21],[-5,-3],[1,-4],[8,-2],[-24,-33],[-2,-18],[13,-21],[22,-14],[3,-51],[6,-24],[-10,-19],[-15,-9],[-7,-10],[59,15],[27,1],[40,-1],[59,-14],[14,0],[6,-4]],[[72766,11301],[3,-5],[-9,2],[-19,-2],[-40,-12],[-11,-9],[-27,-15],[-5,-19],[9,-16],[-23,-11],[-5,-6],[-60,-17],[-32,-5],[-28,-11],[-6,0],[-7,4],[-8,0],[-6,-10],[8,-8],[-17,-6],[-2,2],[-30,-7],[-7,-5],[-4,-15],[-16,-1],[4,-13],[-9,0],[2,-13],[20,-42],[-7,-20],[54,-46],[13,-21],[10,-7],[41,-22],[27,-7],[-24,-18],[-5,-17]],[[72550,10903],[-25,3],[-21,-7],[-63,-9],[-40,-10],[-4,-8],[-67,-1],[6,14],[-4,10],[-59,-6],[-4,15],[-47,23],[-52,-8],[-34,-1],[1,11],[-36,10],[-17,1],[-51,-8],[-25,-10],[-18,12],[-8,16],[-24,-8],[-11,0],[-4,4],[3,9],[8,4],[-7,9],[-1,6],[20,44],[-17,26],[-19,3],[-87,2],[-120,17],[-9,18],[0,16],[7,8],[-20,4],[-7,5],[-18,-18],[-10,-35],[-73,-40],[-19,-20],[-9,-36],[-10,-6],[-39,-60],[-24,-28],[-24,-46],[-7,-4],[-5,-7],[3,-13],[-30,-17],[-19,-28],[-21,-17],[-71,-31],[-83,-47],[-26,-20],[-34,-20],[-17,32],[-15,9],[4,23],[-17,17],[-1,10],[-12,8],[-5,11],[-23,-5],[-17,15],[-43,22],[19,8],[9,39],[9,8],[-27,16],[-14,12],[-24,9],[-21,17],[-18,8],[-10,14],[-4,15],[-66,0],[-64,-8],[-13,10],[-8,1],[-7,15],[-17,5],[16,43],[-77,19],[-3,-3],[-23,5]],[[70686,10999],[-82,13]],[[70604,11012],[2,25],[13,24],[-3,18],[-6,6],[5,4],[5,16],[-7,1],[2,4],[-4,3],[14,1],[4,4],[36,-3],[16,8],[9,-2],[17,7],[6,4],[0,6],[12,8],[-15,-1],[-2,36],[42,5],[-1,4],[13,2],[0,13],[17,10],[-3,14],[10,4],[-8,20],[14,10],[-19,9],[6,4],[-18,9],[5,11],[-19,29],[0,14],[-17,39],[-27,42]],[[70703,11420],[48,5],[43,17],[72,3],[29,-9],[14,18],[5,0],[53,-4],[84,-1],[98,-15],[8,12],[-4,14],[30,10],[-5,19],[5,20],[28,20],[-1,8],[5,7],[-5,8],[-17,13],[-9,36],[-7,9],[16,3],[17,-1],[25,2],[8,-2],[35,4],[26,6],[19,9],[17,1],[-1,22],[-5,11],[1,2],[11,1],[16,-6],[20,-21],[29,-18],[38,2],[49,-12],[11,22],[-5,22],[-6,5],[7,12],[2,16]],[[71507,11690],[28,1],[20,-3],[25,-11],[58,-17],[-1,-2],[54,-22],[2,-7],[-5,-5],[6,-4],[4,-17],[-27,-23],[81,-37],[37,-5],[58,12],[57,-1],[55,14],[7,-3],[47,2],[-8,9],[0,17],[46,6],[41,15],[15,-8],[25,12],[65,16]],[[70080,10851],[-27,-9],[-9,-10],[40,-20],[-3,-2],[26,-17],[-13,-5],[18,-9],[42,-9],[-1,5],[87,11],[26,6],[20,10],[7,-1],[-3,-4],[24,-8],[-18,-12],[11,-3],[13,9],[8,-3]],[[70328,10780],[-7,-39],[3,-51],[33,0],[35,-4]],[[70392,10686],[21,-13],[-22,-10],[2,-3],[-5,-4],[7,-10],[-7,-11],[5,-5],[1,-9],[-12,-9],[-8,-37],[-14,-10],[-10,-21],[-17,-16],[-1,-21],[-10,-7],[-9,-12],[5,-12],[-6,-6],[22,-16],[5,-13],[-24,-23],[-4,-18],[-9,-3],[-12,-13],[8,-6],[0,-6],[22,-13],[-2,-5],[6,-14],[23,-4],[2,-3],[-26,-7],[-38,-1],[-24,-7],[-10,-8],[-13,-4],[-4,-9],[-21,-15],[1,-4],[-9,-9],[1,-10],[9,-11],[20,-13],[32,-8],[-14,-13],[4,-6],[-10,-9],[11,-9],[-8,-8],[-7,-1],[3,-6],[-5,-1]],[[70241,10174],[-21,7],[-18,-3],[-28,9],[-15,-1],[-10,-7],[1,-14],[-15,-10]],[[70135,10155],[9,37],[27,49],[-6,3],[-2,7],[-22,5],[-9,-14],[-23,21],[-5,10],[-7,2],[-7,6],[1,13],[-27,3],[4,10],[-10,3],[-16,-7],[-3,6],[-6,1]],[[70033,10310],[-25,2],[-37,12],[-37,3],[-12,9],[-9,3],[-115,16],[-28,8],[-13,0],[-30,-6],[-38,6]],[[69689,10363],[-4,19],[-13,24],[3,6],[-26,-5],[-13,-8],[-5,2],[3,6],[-11,6],[-49,8],[-3,-1],[-7,7],[-50,11],[-1,8],[5,5],[-4,1],[-75,12],[-20,-15],[-9,7],[-5,7],[-19,6],[-15,8],[-6,45],[-9,7],[-19,5],[-4,9],[-29,13],[-47,-13],[-17,3],[-21,7],[-17,17],[-11,4],[0,7],[-13,16],[-3,15],[-6,1],[3,19],[-4,7],[-11,12],[-15,7],[1,4],[-20,7],[-11,9],[-27,12],[-6,8],[22,30],[21,9],[10,0],[23,15],[-2,5],[7,5],[6,18],[9,9],[-6,9]],[[69169,10798],[8,0],[11,18],[25,22],[62,27],[17,2],[15,6],[21,-1],[11,4],[57,0],[77,18]],[[69473,10894],[14,1],[10,-3],[13,-14],[4,16],[62,-2],[300,-20],[4,16],[7,9],[20,11],[8,-3],[10,4],[-9,3],[18,4],[27,1],[12,8],[35,3],[16,4]],[[70024,10932],[10,-5],[41,-43],[17,-30],[-12,-3]],[[71745,10098],[15,-13],[12,-18],[-2,-41],[4,-24],[-19,-17],[-20,-31],[-2,-11],[-6,-5],[2,-7],[-3,-12],[-36,-18],[-39,-36],[16,-6],[-42,-33],[9,-2],[-16,-16],[13,-5],[-18,-11],[-11,3],[-8,-4],[-20,12],[-11,-2],[-54,14],[2,-12],[-14,7],[-25,-22],[-21,7],[-11,-9],[3,-32],[-38,3],[3,-12],[-14,-2],[1,-3]],[[71395,9740],[-46,0],[-49,-13],[-52,3],[-27,18],[-18,26],[-67,-18],[1,-5],[-25,0],[-47,-15],[-44,-15],[-33,-16],[-22,-6],[-20,14],[-23,-19],[-4,-16],[-22,3]],[[70897,9681],[-15,11],[1,2],[-15,8],[-5,17],[-18,4],[-11,16],[-14,3],[-11,-2],[-24,8],[-6,-3],[-11,2],[-11,-3],[-4,3],[-25,-2],[-3,9],[-18,21],[2,28],[-12,25],[-30,12]],[[70667,9840],[-14,17],[15,20],[5,4],[11,0],[8,8],[14,7],[10,12],[27,18],[2,13],[9,8],[49,22],[6,8],[43,7],[12,11],[6,15]],[[70870,10010],[4,-3],[69,-16],[78,-15],[23,-15],[81,-8],[-3,9],[25,20],[5,16],[-9,18],[-27,9],[28,5],[22,21],[22,13],[20,15],[-7,13],[15,23],[14,13],[11,20],[10,2],[5,-2],[8,11],[-7,1],[16,13],[30,-8],[19,9],[23,21],[10,-3],[6,2],[-5,4],[35,13],[22,-23],[44,5],[12,6],[24,25],[51,-5],[21,20],[56,-18],[-16,-15],[-7,-23],[6,-8],[35,-16],[9,-20],[6,-6],[-3,-5],[20,-12],[-5,-7],[11,-2],[-1,-4],[11,-4],[34,-4],[14,4],[10,-1]],[[73120,9883],[-5,-19],[-14,-17],[-3,-20]],[[73098,9827],[-5,-2],[0,-11],[10,-4],[0,-24],[7,-27],[-2,-26],[-9,-17],[12,-3],[-5,-8],[5,-2]],[[73111,9703],[-96,-41],[-37,-13],[-38,-18],[-15,-11],[-49,-23],[-62,-22],[-17,-13],[-23,5],[-30,-1],[-11,-22],[-15,-7],[-6,9],[-18,8],[-18,13],[-14,21],[-20,7],[-27,24],[3,-11],[-3,-6],[-29,-28],[-12,-17],[-20,6],[-15,-10],[-25,3],[-18,-18],[-31,-9],[-9,-8],[-24,0],[-20,-10],[-14,-3],[-20,-11],[-27,-20],[-3,0],[2,23],[-8,2],[-78,0],[23,-17],[-14,-4],[-14,-11],[-31,-47]],[[72228,9423],[-12,7],[-2,-1],[-14,17],[-35,2],[-16,-2],[-17,-7],[-17,0],[-29,6],[-26,-4],[-24,-22],[-51,-28],[-79,23],[34,22],[-25,0],[-11,3],[-20,-3],[-13,1],[-35,9],[-30,-6],[-44,23],[13,19],[5,14],[19,20],[9,15],[6,20],[-3,29],[-4,3]],[[71807,9583],[-2,12],[6,4],[23,7],[8,10],[-3,6],[-21,6],[-6,5],[-10,-5],[-46,31],[-51,18],[10,12],[-22,5],[-35,-6],[-31,7],[-25,-8],[-3,-13],[-10,0],[-1,-3],[-21,3],[-1,-5],[-4,1],[-5,-4],[-12,2],[-5,-3],[-2,-11],[9,0],[-1,-8],[-14,1],[2,-9],[-18,11],[-19,6],[-12,1],[-5,-4],[-9,12],[-20,-6],[-16,0],[1,4],[-19,4],[-6,-7],[-31,-15],[-59,-17],[6,16],[17,19],[9,17],[52,23],[-5,18],[24,14],[-8,6],[-18,-3],[-3,3]],[[71745,10098],[18,11],[38,8],[36,1],[35,-2],[61,4],[64,-15],[4,-13],[18,2],[2,-3],[55,3],[2,-4],[42,-1],[19,2],[82,-6],[-3,-39],[10,-4],[0,-6],[-9,-6],[4,-4],[-2,-4],[-8,0],[10,-5],[-2,-5],[4,-2],[-11,-12],[21,-2],[62,11],[69,0],[55,-7],[21,-10],[59,-1],[17,-14],[0,-14],[-37,-28],[-16,-26],[18,-5],[7,-5],[21,-5],[26,1],[30,-4],[20,-5],[16,18],[20,38],[-3,20],[3,24],[-25,13],[-12,10],[62,24],[88,92],[41,-23],[33,-12],[11,7],[7,11],[26,15]],[[72854,10121],[18,6],[3,-4],[9,4],[34,-6],[1,-2],[11,1],[13,-23],[-2,-25],[7,-12],[19,-13],[61,-8],[-7,-20],[8,-9],[5,-21],[-10,-34],[-5,-44],[18,-2],[11,-13],[17,-1],[9,-6],[-1,-4],[27,-5],[20,3]],[[70656,10729],[60,-4],[13,-4],[3,-23],[13,-21],[-4,-2],[55,-80],[0,-16],[8,-4],[-21,-27],[-31,-11],[20,-23],[2,-40],[-71,-20],[-18,-13],[0,-9],[-14,-5],[-7,-41],[-7,-12],[-23,-26],[-33,-19],[16,-3],[55,-25],[25,-5],[10,-20],[20,-23],[-5,-17],[5,-5],[-22,-18],[-20,-10],[-37,-27]],[[70648,10176],[-27,-8],[-56,-1],[-99,18],[-13,-2],[-18,6],[-11,-1]],[[70424,10188],[-27,19],[-34,4],[-5,-16],[2,-18],[-44,-34],[-8,4],[-6,14],[-12,15],[-34,-4],[-15,2]],[[70392,10686],[22,-2],[18,37],[35,-5],[32,4],[30,18],[35,11],[47,-14],[45,-6]],[[73135,9452],[2,-18],[-39,-6],[-43,-51],[-64,-40],[15,-9]],[[73006,9328],[23,-13],[-16,-14],[15,-26],[10,-3],[-5,-5],[2,-4],[25,-7],[51,-3],[15,-15],[-4,-1],[-23,-3],[-3,-6]],[[73096,9228],[-39,0],[-2,8],[-42,5],[-2,-3],[-48,6],[-28,-2],[-28,4],[13,5],[9,10],[-19,5],[-11,6],[-10,-4],[-16,6],[-15,-6],[-9,-2],[-24,-17],[-10,5],[-2,17],[-17,16],[-41,36],[-32,20],[-50,-13],[-30,-4],[-42,14],[-65,12],[-9,15],[0,9],[-22,-3],[-30,8],[6,12],[-4,15],[-23,-3],[-56,13],[-30,-4],[-7,-7],[-6,2],[-19,-8],[-16,-1],[-4,4],[-25,3],[-31,-7],[-18,5],[-16,13],[2,5]],[[73111,9703],[-11,-22],[-14,-9],[-1,-5],[21,-27],[8,-25],[-10,-16],[-28,-23],[-27,-12],[-3,2],[-13,-4],[5,-5],[-10,-17],[4,-16],[-13,-19],[-22,-68],[39,-1],[27,2],[27,5],[8,4],[37,5]],[[70377,11010],[-12,-5],[19,-22]],[[70384,10983],[-17,-5],[0,-9],[-5,3],[-7,-2],[2,-3],[-58,-11],[-40,18],[-1,-5],[-16,-11],[-13,-16],[-25,6],[-10,5],[-14,-14],[-68,22],[-18,6],[-5,-4],[-12,4]],[[70077,10967],[71,66],[9,-5],[9,6],[-11,7],[4,6],[-3,8],[11,0],[4,11],[18,15],[9,12],[28,22],[10,-6],[18,7],[-4,13],[10,3]],[[70260,11132],[11,-14],[-6,1],[9,-5],[49,-59],[5,-5],[14,3],[35,-43]],[[70686,10999],[-8,-64],[1,-29],[93,1],[-20,-15],[-1,-10],[-67,0]],[[70684,10882],[0,6],[-112,2],[-38,5],[-5,-2],[-6,-13],[-17,-2],[5,30],[-81,17],[1,-12],[-8,-16],[-29,6]],[[70394,10903],[-2,2],[10,16],[5,-1],[4,6],[-5,2],[4,14],[-7,23],[-19,18]],[[70377,11010],[27,10],[49,11],[8,16],[40,-4],[103,-31]],[[70349,10830],[-21,-50]],[[70080,10851],[58,-24],[23,-6],[3,3],[-10,5],[42,24],[3,-6],[-11,-5],[5,-3],[14,8],[41,-13],[41,-7],[44,8],[16,-5]],[[70684,10882],[-5,-73],[-38,-2],[11,-41],[4,-37]],[[70349,10830],[28,70],[17,3]],[[70024,10932],[-21,3],[36,12],[38,20]],[[73096,9228],[-12,-17],[-9,1]],[[73075,9212],[-10,2],[-10,-25],[-6,-2],[-11,-16],[-22,8],[-10,-16],[-2,-12],[20,-4]],[[73024,9147],[-7,-9],[8,-3],[-4,-16],[-4,-6],[-10,1],[1,-11],[-70,15],[-1,-9],[12,0],[-5,-13],[49,4],[2,-8],[-1,-14],[-15,-31],[-21,5],[-15,-33]],[[72351,9035],[-59,2],[-5,-6],[-34,3],[-7,-4],[-55,7],[-3,-3],[-27,7],[-24,-2]],[[72137,9039],[-3,-6],[-15,3],[-2,-4],[-30,4],[-12,74],[-30,8],[-3,10],[-11,2],[-1,4],[-15,2],[-9,8],[10,44],[11,28],[-5,11],[-16,-5],[-8,3],[-12,20],[-1,9],[-17,7],[-40,9],[-27,22],[-20,8],[-24,18],[-22,-9],[-40,4],[-12,-8],[-21,-3],[-34,3]],[[71728,9305],[-1,8],[-48,-5],[-2,-4],[-23,1],[2,-36],[-74,9],[-14,-9],[-12,-20],[5,-53],[-89,6],[-9,-15],[-15,-10],[-60,11],[-25,-18],[8,-6],[-25,-34],[-30,-11]],[[71316,9119],[-9,-5],[-7,-10],[4,-5],[-5,-11],[-7,1],[-18,-10],[1,-5],[-12,-12]],[[71263,9062],[-4,-6],[-8,2],[0,2],[-41,13],[-19,12]],[[71191,9085],[16,22],[4,0],[18,34],[-31,12],[45,29],[14,23],[10,2],[12,-4],[20,23],[12,7],[-5,4],[45,21],[10,1],[14,12],[9,-1],[-8,17],[-7,0],[6,5],[-1,17],[11,19],[-102,57],[18,14],[-7,2],[-12,13],[-18,7],[-9,11],[-14,5],[-36,0],[-1,5],[-8,-1],[-19,7],[46,-5],[5,16],[-6,10],[2,2],[10,-1],[26,9],[15,-1],[22,5],[32,3],[3,5],[10,1],[6,8],[-2,3],[12,1],[7,7],[6,-1],[4,4],[22,-2],[11,4],[13,-5],[7,2],[14,-13],[21,-10],[13,-2],[4,-5],[20,2],[9,2],[-1,3],[12,2],[28,3],[6,8],[23,9],[8,0],[-3,3],[51,11],[25,26],[14,4],[11,1],[7,4],[-7,4],[21,10],[8,15],[95,-7]],[[70260,11132],[-146,175],[-40,31],[-3,9],[-40,39],[42,7],[90,8],[27,-2],[198,1],[124,-8],[29,4],[37,13],[24,4],[101,7]],[[72550,10903],[7,-10],[27,-9],[13,1],[12,-10],[7,-17],[-6,-22],[-20,-5],[2,-8],[10,-9],[11,-5],[34,-24],[11,-3],[8,-14],[17,0],[-9,-19],[4,-3],[17,8],[34,8],[67,-9],[20,4],[11,-8],[9,-15],[29,-5],[22,11],[-4,8],[44,7],[19,-2]],[[72946,10753],[-14,-13],[-86,-29],[-92,-78],[-7,-13],[11,-3],[6,-9],[75,-3]],[[72839,10605],[-1,-9],[8,-12],[2,-23],[7,0],[-3,-11],[12,-43],[-15,-34],[-7,-43],[-26,1],[0,-27],[-14,-2],[1,-20],[7,-24],[-11,-36],[3,-14],[-5,-23],[3,-11],[-4,-7],[12,-11],[1,-6],[14,-11],[-2,-6],[-8,-3],[8,-11],[-7,-25],[12,-7],[28,-66]],[[70870,10010],[6,8],[1,11],[7,-1],[27,13],[51,50],[22,36],[-15,8],[-29,8],[-37,0],[-12,-14],[-41,5],[-8,-19],[-24,-29],[-15,5],[-32,0],[-45,-8],[-51,5],[-30,1],[-17,4],[0,14],[45,56],[-1,5],[-24,8]],[[71191,9085],[-42,17],[-121,61]],[[71028,9163],[-16,7],[-1,16]],[[71011,9186],[3,10],[-11,4],[13,23],[-17,16],[25,16],[0,6],[-14,9],[7,26],[-9,17],[-36,8],[16,14],[-13,4],[4,10],[-14,3],[-8,-1],[-2,19],[-28,3],[-17,18],[3,3]],[[70913,9394],[18,-5],[25,25],[7,3],[-3,4],[15,9],[-1,7],[28,-1],[14,18],[18,-2],[5,3],[8,-9],[10,-4],[-4,-4],[4,-2],[-10,-30],[10,30],[-3,3],[5,4],[-6,1],[-15,12],[-6,-3],[-18,3],[-11,-16],[-9,-2],[-12,3],[-19,1],[-16,7],[-1,5],[-3,-2],[-21,14],[1,11],[-8,5],[-3,9],[-6,2],[-5,-4],[-4,8],[-14,5],[6,6],[-5,3],[0,7],[-5,2],[4,4],[-3,7],[5,2],[2,7],[5,2],[-2,6],[5,9]],[[70895,9557],[6,7],[-10,1],[1,3],[12,10],[10,4],[2,13],[9,6],[-6,3],[3,18],[-9,3],[3,6],[-6,9],[11,5],[0,7],[-19,7],[3,1],[-11,16],[3,5]],[[71075,12062],[73,2],[90,-3],[37,-5],[29,-13],[35,-24],[38,-15],[31,-6],[66,-25],[5,-6],[42,41],[9,4],[16,0],[7,-4],[9,0],[1,-9],[8,0],[7,6],[13,3],[20,-5],[11,1],[13,-9],[7,-12],[-32,-28],[38,-24],[70,-14],[-5,-43],[-45,-49],[13,-10],[-36,-2],[-39,-8],[-35,-16],[-86,4],[-14,-4],[-7,-9],[-16,-8],[-15,-4],[-29,0],[0,-11],[10,-17],[-3,-29],[3,-5],[26,-4],[20,-10],[11,2],[36,-4]],[[69473,10894],[-12,6],[29,30],[19,26],[2,9],[-9,8],[0,10],[19,22],[4,16],[-1,11],[-55,-7],[4,11],[27,33],[7,33],[-26,52],[3,26],[-2,14],[-62,-9],[-86,-2],[-12,33],[-49,-2],[17,20],[8,19],[-7,27],[-15,24],[-3,39],[30,31],[17,12],[105,-56],[27,-8],[38,12],[-5,17],[25,-21],[31,9],[8,-5],[26,12]],[[69575,11346],[12,5],[-15,16],[11,4],[-21,27],[3,2],[-13,19],[76,20],[71,8],[37,10],[75,-4],[41,29],[19,4],[36,12],[-72,66],[66,46],[10,10],[6,18],[11,17],[38,30],[45,24],[83,26],[5,-5],[20,8],[5,36],[55,-3],[49,0],[6,14],[-8,6],[10,7],[5,10],[-4,2],[2,4],[-16,5],[9,7],[-1,4],[-9,3],[2,13],[28,4],[15,7],[4,-1],[36,29],[-15,14],[-10,4],[14,16],[10,-1],[32,47],[144,95],[14,23],[1,12]],[[70497,12095],[1,8],[15,-2],[7,-5],[6,2],[3,5],[63,13],[37,-10],[1,-8],[22,-6],[26,-2],[21,12],[4,6],[20,-10],[11,1],[15,-2],[6,-9],[15,9],[9,2],[3,-11],[47,8],[1,-2],[12,1],[1,-4],[14,-1],[2,-4],[6,-1],[80,0],[32,-4],[42,-11],[13,-14],[43,6]],[[80013,13687],[-5,-37]],[[80008,13650],[2,-20],[-15,-33],[-16,-25],[-22,-25],[-40,-20]],[[79917,13527],[-3,2],[-53,-19],[-44,-8],[-34,-2],[-106,1]],[[79677,13501],[0,4],[-38,27],[25,16],[-20,15],[6,3],[-3,3],[-1,9],[-3,-1],[-3,15],[4,4],[9,3],[12,27],[9,7],[-3,27],[1,3],[8,-6],[12,15],[-9,6],[2,6]],[[79685,13684],[10,2],[2,-4],[19,4],[5,-11],[16,-1],[9,-6],[11,-1],[4,-6],[14,-7],[13,4],[12,-5],[4,3],[-4,4],[8,6],[22,-11],[13,4],[6,6],[20,2],[55,0],[15,13],[11,0],[6,10],[47,10],[-5,-13],[15,0]],[[79274,13501],[2,-11],[-4,-5],[54,-16],[-17,-11]],[[79309,13458],[-122,-60],[47,-37],[14,-10],[55,17],[28,-45],[-5,-9],[13,-21],[-7,-4],[5,-5],[-7,-2],[-6,-21],[12,-3],[-46,-21],[-4,-7],[5,-7],[0,-8],[-4,-6],[-14,-3],[-6,-7],[-15,-23],[2,-8]],[[79254,13168],[-6,-7],[2,-8],[13,-8],[9,-1],[23,-10],[7,-7],[-10,-15],[2,-14],[-4,-6],[6,-8],[-1,-18],[-3,-5],[-9,-1],[-1,-20]],[[79282,13040],[-6,-6]],[[79276,13034],[-28,0],[-22,-5],[-23,-8],[-16,-16],[-13,1]],[[79174,13006],[-1,19],[-31,48],[-7,7],[-24,4]],[[79111,13084],[-34,3],[-6,6],[-59,-3],[-41,3],[-21,-6],[-36,5],[-42,-4],[-34,8],[-26,28],[-8,47],[-20,40],[2,61],[0,2],[20,-3],[14,3],[20,6],[10,9],[16,-1],[7,3],[-5,11],[-81,-7]],[[78787,13295],[62,33],[147,54],[-6,6],[3,8],[6,-3],[4,2],[-8,9],[7,6],[13,31],[5,14],[-2,12],[13,7],[7,9],[13,4],[22,31],[-4,7],[37,6],[15,0],[18,8]],[[79139,13539],[32,8],[4,-3],[4,-9],[10,-2],[7,3],[4,-8],[-7,-5],[19,-2],[0,-7],[11,-1],[23,-9],[28,-3]],[[79677,13501],[-42,1],[-52,-5],[-170,-34],[-104,-5]],[[79274,13501],[32,13],[13,16],[-7,15],[-12,5],[5,5],[-41,13],[-11,10],[1,14],[9,22],[12,8],[29,14],[8,12],[-48,8],[19,14],[-14,4],[15,7],[-7,6],[-6,-3],[-5,3],[36,35],[24,-11],[27,-9],[27,15],[34,32],[10,3],[8,16]],[[79432,13768],[7,1],[1,19],[13,27],[21,20],[14,6]],[[79488,13841],[106,2]],[[79594,13843],[5,-1],[-22,-48],[-1,-18],[95,4],[8,-26],[-33,-16],[17,-30],[21,-5],[1,-19]],[[79139,13539],[-6,8],[2,9],[-15,21],[24,6],[-25,36]],[[79119,13619],[15,3],[7,13],[7,2],[-6,2],[1,7],[-5,3],[3,5],[-3,3],[6,2],[-2,6],[-81,27],[-39,7],[-21,-5],[-2,4]],[[78999,13698],[433,70]],[[79838,13803],[-40,-13],[4,-2],[-12,-11],[1,-12],[40,1],[33,30],[3,-16],[13,2],[2,-3],[9,4],[8,-10],[16,6],[7,-14],[20,2],[-1,-22],[123,-13]],[[80064,13732],[-16,-1],[-23,-14],[-8,-11],[-4,-19]],[[79594,13843],[19,3],[9,5],[21,27]],[[79643,13878],[39,-2],[5,8],[66,-2],[-14,-31],[38,-17],[16,1],[30,-23],[9,-1],[6,-8]],[[80058,13859],[23,-23],[-9,-4],[11,-9],[11,-21],[2,-18],[8,0],[10,-19]],[[80114,13765],[-4,0],[-6,-23]],[[80104,13742],[-2,-4],[-38,-6]],[[79838,13803],[14,6],[21,-3],[17,1],[51,12],[0,24],[4,5],[-2,16],[-7,6],[1,14]],[[79937,13884],[58,10],[20,10]],[[80015,13904],[35,-32],[-26,-13],[7,-11],[27,11]],[[79818,13968],[-19,5],[-27,-2],[-2,11],[-4,0],[-39,-12],[-14,-10],[-17,4],[-2,-5],[14,-4],[7,1],[1,-12],[-10,-2],[-24,-15],[-24,-4],[-14,-17],[-1,-28]],[[79488,13841],[-2,10]],[[79486,13851],[15,36],[27,22],[-12,7],[5,7],[16,5],[15,-3],[33,1],[0,7],[16,2],[3,16],[-43,2],[8,24],[-7,1],[1,4],[-27,6],[-4,20],[-13,-1],[0,-3],[-9,1],[4,8],[-10,17],[-16,-5],[-12,14]],[[79476,14039],[87,28],[34,4],[20,-1],[36,-11],[3,-8],[57,-29],[22,-7],[30,-18],[31,-8],[15,-11],[7,-10]],[[79385,14039],[37,-6],[54,6]],[[79486,13851],[-27,5],[-15,8],[2,3],[-43,16],[-28,4]],[[79375,13887],[6,17],[-10,58],[3,5],[9,5],[-20,34],[21,1],[-22,38]],[[79007,13712],[-9,-8],[1,-6]],[[79119,13619],[-216,-49],[13,63],[12,21],[-17,-9],[-14,0],[-67,6],[-21,8]],[[78809,13659],[4,3],[-18,8],[-1,7],[-5,2],[5,14],[-5,6],[0,7],[-14,17],[2,3],[7,-1],[4,3],[-1,4],[-7,-1],[-4,4],[5,3],[3,11],[44,4],[68,30],[19,12]],[[78915,13795],[31,-10],[-10,-9],[13,-6],[-7,-12],[25,1],[3,-15],[6,0],[2,-3],[1,-13],[28,-16]],[[79917,13527],[-25,-35],[23,-40],[2,-2],[-10,-32],[-7,-68],[6,-23],[-15,-11]],[[79891,13316],[-16,-14],[-33,-20],[-23,-8],[-69,-18],[-69,-30],[-45,-35],[-12,-21],[-14,-5],[-4,-6]],[[79606,13159],[-35,1],[3,9],[-15,0],[-5,10],[-16,8],[-7,-4],[-5,-13],[-24,-15],[-7,-12],[-15,-7],[-3,3],[-36,8],[-10,10],[-3,13],[-16,5],[-37,-6],[-22,-20],[1,-7],[-9,-2],[-25,7],[-11,-3],[-9,6],[8,3],[-1,4],[-10,6],[-43,5]],[[79818,13968],[15,-14],[42,-29],[35,-34],[10,-5],[17,-2]],[[79152,13810],[-29,-15],[-36,-12],[-3,5],[-14,1],[-5,-4],[-13,-4],[-4,-5],[-19,0],[-28,-57],[9,-5],[-3,-2]],[[78915,13795],[8,14],[-6,7]],[[79101,13975],[-11,-17],[-28,-24],[-13,-21],[-14,-10],[47,-28],[17,-8],[4,2],[6,-4],[-7,-4],[6,-3],[5,3],[6,-4],[6,2],[6,-5],[-6,-2],[4,-6],[12,-1],[33,-18],[-10,-9],[-14,-5],[2,-3]],[[79375,13887],[-22,-33],[-1,-10],[-31,-25],[-16,-3],[-12,0],[-32,10],[-22,-6],[5,-6],[-18,-11],[-64,-28],[-7,5],[2,16],[-5,14]],[[78809,13659],[-76,38],[-39,-69],[-14,-8],[2,-3],[-50,-23],[-29,-6],[-32,1],[-29,11],[-14,11],[-15,23]],[[78513,13634],[8,1],[4,-5],[5,3],[-7,8],[-9,2],[3,2],[16,-2],[5,-6],[21,13],[17,-1],[-1,3],[-23,12],[17,26],[14,5],[6,-2],[6,4],[-8,17],[-10,8],[-2,9],[25,14],[33,6],[14,20],[11,2],[9,5],[1,7]],[[78787,13295],[-55,17],[13,16],[-13,2],[-1,3],[-45,1],[-60,-10]],[[78445,13501],[27,13],[34,12],[23,15],[53,25],[-14,9],[-17,-4],[-5,5],[7,2],[-1,2],[-21,-2],[-12,3],[-7,-1],[-3,9],[-10,1],[-5,4],[9,6],[-6,3],[-3,11],[12,12],[6,-2],[-12,11],[13,-1]],[[70424,10188],[32,-22],[-18,-14],[8,-32],[-1,-4],[-10,3],[-6,-35],[14,-12],[4,-40],[21,4],[5,9],[-3,9],[23,-1],[17,6],[0,3],[18,1],[0,4],[12,1],[-1,-6],[9,-2],[-5,-10],[-16,2],[-8,-5],[-24,-5],[4,-20],[-12,0],[-14,-8],[63,-24],[-6,-8],[-11,-9],[-33,1],[-1,-15],[-32,-7],[-5,-15],[-24,1],[-9,-15]],[[70415,9923],[-31,0],[-20,-5],[-8,-6],[-18,0],[-27,6],[-34,17],[-31,6]],[[70246,9941],[9,10],[11,4],[-11,3],[5,6],[-6,14],[-20,11],[-7,12],[-5,0],[-15,29],[-9,6],[1,10],[-6,13],[2,17],[-6,13],[-11,6],[-2,8],[6,12],[-7,7],[5,5],[-8,7],[-21,7],[-16,14]],[[70895,9557],[-4,0],[-2,-9],[3,-5],[-10,-1],[3,-7],[-7,-3],[4,-8],[-5,-4],[6,-2],[-1,-7],[-7,5],[-12,1],[4,-2],[8,0],[12,-7],[-7,-4],[1,-3],[14,-4],[4,-8],[11,1],[-3,-4],[13,-10],[-6,-6],[7,-8],[23,-16],[12,-6],[2,-6],[-13,-7],[-5,-14],[-14,-9],[-8,-1],[-30,6],[-12,0],[-24,-6],[-12,3],[3,-4],[-24,1],[-36,-13],[-14,1],[-3,18],[1,-21],[-59,-5],[-9,5],[1,-6],[-7,2],[-6,-4],[-6,-7],[1,-18],[-4,-8],[-1,3],[-7,-4],[-29,0],[-4,5],[-4,-1]],[[70633,9350],[18,12],[-13,4],[-12,1],[-8,9],[3,7],[-5,3],[12,21],[-4,19],[4,15]],[[70628,9441],[4,17],[-8,35],[6,15],[-5,5],[27,7],[19,14],[2,11],[-6,16],[-5,-1],[1,4]],[[70663,9564],[27,20],[24,8],[37,22],[36,16],[3,5],[-71,30],[-170,91]],[[70549,9756],[48,26],[-1,3],[10,25]],[[70606,9810],[41,15],[20,15]],[[70388,9454],[7,-21],[5,-28],[90,17],[7,31],[40,-4],[30,-9],[14,1],[14,6],[33,-6]],[[70633,9350],[-6,6],[3,-7],[10,-5],[11,0],[-23,-18],[-4,-9],[-10,-8],[-9,2],[3,-4],[-7,-1],[2,3],[-4,1],[-15,-12],[-13,-4],[3,-8],[-9,-6],[4,-2],[-16,-4],[-15,-10],[2,-5],[-2,-7],[10,-8],[25,-11],[0,-2],[-10,0],[-5,-4],[-4,2],[5,4],[-7,-1],[-3,-5],[2,-5],[-11,-8],[-11,-2],[-12,4],[-5,-6],[-15,-2],[-3,-3],[-10,2],[1,-4],[-5,2],[-7,-6],[-10,2],[-10,-4],[4,-1],[-7,-3],[-6,3],[-2,-1],[6,-4],[-2,-3],[6,-3],[-6,-3],[-5,-6],[4,-2],[-2,-4],[-8,0],[-5,7],[3,15],[-5,-4],[-9,9],[6,-15],[-7,-2],[5,-2],[1,-8],[5,0],[6,-7],[12,1],[9,6],[5,-15]],[[70461,9155],[-9,0],[-63,7],[-4,6],[-50,5],[-27,8],[1,-28],[-15,-2],[-35,1],[-42,10],[-20,11],[4,1],[-8,28],[5,0],[1,6],[-24,45],[-10,0],[-42,20],[-16,38]],[[70107,9311],[24,7],[35,18],[12,21]],[[70178,9357],[6,5],[51,10],[10,9],[0,9],[126,33],[-20,31]],[[70351,9454],[37,0]],[[69946,10165],[-63,-63]],[[69883,10102],[-21,-20]],[[69862,10082],[-68,1],[-57,14],[-46,-96]],[[69691,10001],[-12,2],[12,27],[-36,7],[32,58]],[[69687,10095],[8,13],[-39,12],[4,13],[15,6],[32,29],[-13,27],[10,9],[-23,16],[-18,4],[-14,13]],[[69649,10237],[21,5],[53,6],[6,4],[21,4],[5,-2],[11,1],[1,-6],[-19,-3],[3,-7],[45,6],[22,11],[8,0],[7,-2],[-16,-12],[1,-12],[17,-1],[26,-18],[9,3],[55,-40],[21,-9]],[[70238,9927],[-10,-5],[1,-5],[-8,4],[-2,-6]],[[70219,9915],[-18,7],[-78,16],[-37,13],[2,4],[-14,22],[7,9],[-174,20],[20,61],[-65,15]],[[69883,10102],[32,-9],[41,-6],[48,-1],[48,5],[31,-6],[16,-11],[8,-14],[-9,-37],[3,-14],[35,-26],[102,-56]],[[70246,9941],[-5,-4],[6,-6],[-9,-4]],[[69946,10165],[20,24],[59,93],[8,28]],[[70219,9915],[2,-3],[-11,-6],[15,-1],[1,-3],[-11,-3],[-8,-8],[-14,1],[-4,-3],[-4,3],[-7,-7],[-1,-5],[4,-4],[-10,-9],[1,-5],[-5,-4],[2,-3],[-8,-5],[-2,-9],[-13,-1],[-12,-5],[8,-2],[-7,-6],[5,-6],[-13,-4],[-1,-8],[-11,-5],[-5,1],[-2,-4],[-9,-1],[-17,-8],[3,-4],[-8,-4],[-5,-11],[-7,-2],[-7,2],[10,13],[-11,1]],[[70057,9787],[-27,13]],[[70030,9800],[-91,41],[-19,3],[-9,-2],[-11,-9],[-56,11],[-29,2]],[[69815,9846],[13,30],[7,1],[20,13],[16,15],[-16,3],[-7,12],[-41,4],[4,7],[-41,-5],[-10,20],[3,7],[16,7],[6,7],[-7,3],[-8,-4],[-7,9],[-45,12],[-6,8],[-21,6]],[[70606,9810],[11,31],[-45,3],[6,17],[-7,2],[7,12],[-40,1],[-11,7],[-15,3],[-51,3],[-16,24],[-7,4],[-23,6]],[[70461,9155],[7,-13],[20,-3],[2,-7],[-2,-7],[-8,-3],[6,-1],[-6,-6],[-15,0],[-1,-3],[7,-2],[7,1],[-10,-9],[-2,-6],[-16,-2],[18,0],[-9,-2],[7,-3],[-8,-12],[0,-15],[-6,-15],[6,-1],[0,-9],[5,-6],[-4,-17],[4,-1],[-8,-8],[-6,2],[-7,-13],[-6,-5],[12,3],[15,-6],[0,-7],[8,-2],[13,-10],[3,-9],[-4,-7],[-27,-2],[-15,11],[-73,18],[-68,36],[-25,10],[-32,20],[-46,36],[-108,61],[-5,-1],[-65,55],[-61,37]],[[69958,9232],[13,12],[9,4],[24,23],[18,8],[32,5],[38,11],[15,16]],[[70663,9564],[-23,8],[-29,-9],[-13,10],[-19,-5],[-23,5],[-14,13],[-14,3],[9,12],[-6,1],[2,4],[12,1],[-12,18],[-57,13]],[[70476,9638],[17,51],[9,10],[2,19],[45,38]],[[70388,9454],[-19,31],[-52,58],[159,95]],[[69649,10237],[3,5],[-6,6],[5,8],[-8,3],[-4,14],[-14,2]],[[69625,10275],[6,19],[24,17],[13,4],[31,2],[-10,46]],[[70476,9638],[-34,10],[-78,13],[-122,4],[-27,3],[-23,7],[-33,1],[-15,12],[-22,34],[-13,4],[-7,-9],[-22,3],[-19,-20],[-14,5],[-4,-6],[-13,4]],[[70030,9703],[5,10],[40,23],[-17,14],[-20,7],[-23,3],[20,13],[23,10],[-1,4]],[[70351,9454],[-37,1],[3,2],[-4,4],[3,4],[-10,10],[39,16],[-42,44],[4,2],[-4,8],[4,2],[-12,3]],[[70295,9550],[0,6],[-27,26],[-7,13],[-18,10],[-7,0],[-6,-4],[-18,9],[7,9],[-16,11],[-49,-8],[-54,27],[-9,8],[-20,-5],[-3,4]],[[70068,9656],[-14,20],[-29,18],[5,9]],[[88312,9343],[55,2],[1,4],[16,1],[13,6],[0,4],[12,1],[27,-25],[-17,-9],[13,-4],[24,7],[-4,-17]],[[88452,9313],[-4,1],[-4,-3],[-7,2],[-14,-19],[16,-5],[-6,-8],[-16,1],[-19,-11],[3,-2]],[[88401,9269],[9,-22],[0,-16],[-13,4],[-7,-4],[2,-5],[-7,-2],[5,-3],[-38,-9]],[[88352,9212],[-47,56],[-13,-5],[-12,7],[-1,17],[-4,2],[-32,-24],[-75,-32],[-45,-29],[-25,-27],[-8,-30]],[[88090,9147],[-17,-3]],[[88073,9144],[-12,18],[-1,14],[5,9],[-6,11],[0,11],[9,5],[18,3],[15,16],[1,9],[-15,12],[-1,7],[15,2],[45,64],[4,20]],[[88150,9345],[20,8],[12,-10],[8,7],[20,6],[13,11],[33,-12],[56,-12]],[[88864,9219],[-4,-6],[11,-18],[-4,-3],[-37,11],[10,-8]],[[88840,9195],[-14,-36],[-22,-22],[-30,-16],[-46,-12]],[[88728,9109],[-18,-2],[1,8],[-11,0],[1,4],[-6,-3],[-18,1],[-3,-3],[-15,3],[-2,6],[-5,0],[-5,5],[-1,9]],[[88646,9137],[15,0],[21,28],[-7,3],[10,7],[33,51],[17,10],[-21,9],[17,12]],[[88731,9257],[15,11],[28,4],[-1,-6],[13,-1],[5,10],[15,-1],[14,-6],[-1,-4],[8,-6],[37,-39]],[[88728,9109],[4,-4],[-11,-3]],[[88721,9102],[-21,-11],[-72,-49],[-34,-10],[-38,-6]],[[88556,9026],[0,10],[-51,27],[-23,5],[-2,6],[-15,5],[-3,7],[-8,0],[-16,-4],[-5,6],[5,1]],[[88438,9089],[6,-1],[13,2],[13,-4],[10,8],[24,0],[18,4],[22,-3],[4,6]],[[88548,9101],[57,-1],[7,5],[-5,7],[6,4],[9,-2],[-4,5],[8,4],[0,8],[12,13],[8,-7]],[[88759,9067],[-25,-16],[-3,1],[-7,-3],[11,-5],[-12,-15],[-5,-2],[-13,0],[4,-10],[-3,-3],[-11,-3],[0,-4],[6,0],[0,-12]],[[88701,8995],[-86,1],[-23,-3],[-11,-5],[-22,-1]],[[88559,8987],[-3,7],[-15,-1],[-7,18],[4,5],[-7,3]],[[88531,9019],[10,6],[4,-2],[11,3]],[[88721,9102],[8,-7],[-18,-12],[48,-16]],[[88559,8987],[-3,0],[-86,-14],[1,-3],[-17,1],[-28,-7],[-138,-4]],[[88288,8960],[0,6],[-11,2],[1,5]],[[88278,8973],[1,6],[-10,2],[7,2],[4,-2],[34,0],[17,-3],[4,-3],[3,3],[12,0],[2,-1],[13,1],[5,-4],[24,0],[0,16],[-12,9],[3,2],[-5,3],[4,2],[-7,5]],[[88377,9011],[5,1],[2,7],[10,-3],[12,0],[8,-4],[9,3],[11,-11],[4,5],[55,4],[6,17],[5,2],[27,-13]],[[88452,9313],[71,-4],[2,-7],[45,-17],[78,-20],[-1,5],[7,6],[8,0]],[[88662,9276],[-2,-15],[19,-6],[4,-10],[-12,-2],[-18,10],[-42,-18],[-8,7],[-21,-19],[-22,-2],[2,-8],[-6,-1],[-3,-7],[-19,7],[-16,-10],[-4,1],[-10,-21],[5,-3],[-6,-3],[-16,14],[-7,-5],[-5,2]],[[88475,9187],[-8,18],[-5,-3],[-7,3],[-7,-2],[-4,-3],[-18,2],[6,7],[9,4],[-8,6],[12,2],[-4,3],[9,3],[-10,8],[-1,6],[-7,7],[3,3],[-8,5],[3,5],[-16,-2],[-6,12],[-7,-2]],[[88377,9011],[-6,2],[6,8],[-6,1],[-9,14],[-8,1],[8,5],[-6,12],[-8,-1],[-1,18],[11,10]],[[88358,9081],[6,4],[53,-2],[-6,13],[10,5],[17,-12]],[[88352,9212],[16,-22]],[[88368,9190],[-34,-3],[-8,5],[0,-8],[-17,10],[-19,6],[-11,0],[-15,-12],[-10,-2],[-9,-21],[-14,-9],[-4,-15],[-25,-16],[-14,-1]],[[88188,9124],[-26,2],[-29,-4],[-18,2],[-17,8],[-8,15]],[[88354,9081],[4,0]],[[88278,8973],[-32,2],[1,3],[6,1],[1,9],[-14,5],[-8,9],[5,23],[-4,15],[-10,13],[-17,11],[4,7],[10,0],[1,7],[6,5],[33,15]],[[88260,9098],[19,-4],[31,-3],[15,-6],[29,-4]],[[88913,9050],[-61,-23],[-30,-5],[-1,-7],[-19,-3],[1,-10],[-39,0],[-13,-5],[1,-6],[-51,4]],[[88759,9067],[11,-2],[5,11],[-5,4],[14,15],[7,-5],[4,2],[15,-3],[2,9],[7,1],[23,23],[-4,7],[12,3],[27,13]],[[88877,9145],[9,0],[1,3],[14,1],[6,-1],[-2,-5],[9,-1],[4,4],[4,-3],[-4,-4],[2,-8],[-11,-13],[-14,-7],[2,-7],[4,3],[16,-7],[-11,-8],[14,-3],[-7,-3],[22,-13],[-22,-19],[0,-4]],[[88997,9276],[13,-6],[19,0],[27,-9],[-9,-6],[7,-7],[29,-7],[9,-9],[57,-24],[23,1],[4,-5],[23,4],[0,-10],[7,1],[1,-3],[9,3],[-1,-17],[23,0],[6,-14],[29,-15],[8,-1],[83,15],[6,-10],[20,-16]],[[89390,9141],[-58,-8],[-20,-11],[-37,0],[-74,-7],[-43,-15],[-29,-4],[-20,-19],[-46,-14],[-41,-5],[-37,1],[-36,-8],[-36,-1]],[[88877,9145],[-4,2],[8,3],[-3,5],[19,4],[-7,6],[11,-1],[8,8],[-15,4],[-13,-4],[-1,6],[-16,2],[2,2],[-12,6],[-6,-2],[0,8],[-8,1]],[[88864,9219],[22,1],[68,19],[-18,9],[25,18],[2,11],[12,4],[22,-5]],[[88548,9101],[-36,16],[-15,30],[-22,26],[0,14]],[[88662,9276],[36,-5],[5,3],[6,-1],[9,-4],[-4,-4],[9,-9],[8,1]],[[88354,9081],[-1,4],[30,21],[5,9],[8,-2],[5,8],[-8,33],[-25,36]],[[88188,9124],[31,-7],[25,-14],[16,-5]],[[88288,8960],[-67,-1],[-21,-2],[-1,-4],[-46,0],[-96,-13],[-47,-13],[-19,-12],[-30,-9],[-85,-16]],[[87876,8890],[35,12],[7,6],[-11,4]],[[87907,8912],[18,6],[-3,18],[6,0],[12,8],[2,7],[-6,4],[14,13],[19,-8],[15,-2],[1,-8],[86,25],[-10,8],[2,16],[7,2],[6,22],[-12,3],[9,4],[3,7],[-6,7],[-31,14],[3,13]],[[88042,9071],[16,4],[-11,20],[24,19],[-2,11],[8,9],[-9,8],[5,2]],[[70616,19789],[11,-5],[5,-11],[9,-4],[-7,-7],[6,-3],[-5,-4],[11,-25],[12,-14],[3,-16],[-10,-7],[5,-5],[-8,2],[-3,-2],[-9,-15],[9,-5],[31,0],[47,-9],[-8,-8],[22,-5],[-6,-12],[8,-5],[-9,-4],[6,-1],[-2,-7],[7,-2],[-10,-2],[0,-5],[7,-4],[7,2],[0,-7],[11,-2],[-9,-4],[16,-6],[1,-4],[-6,-3],[14,-7],[-4,-5],[23,-20],[-4,-27],[-7,0],[-6,2],[0,-5],[-21,3],[-19,-2],[-4,-3],[8,-13],[38,-5],[12,-5],[0,-4],[9,-5],[5,-17],[-5,-6],[-11,-2],[-16,-10],[-4,-18],[2,-4],[-10,-6],[-2,2],[-8,-2],[-7,-8]],[[69859,19732],[11,-2],[14,5],[32,4],[19,-4],[1,-3],[11,2],[2,-3],[8,0],[-3,-3],[11,-3],[3,-7],[6,4],[1,-3],[16,-2],[6,3],[17,-1],[11,7],[2,-4],[13,2],[-2,-6],[13,0],[2,-2],[8,6],[7,1],[2,-7],[7,2],[-1,5],[8,0],[2,-3],[7,5],[6,-6],[5,3],[0,-5],[6,3],[1,-5],[15,0],[1,-6],[6,4],[1,-6],[15,-1],[0,-3],[36,0],[1,8],[6,8],[-3,5],[4,3],[0,12],[-6,8],[-16,10],[-3,7],[24,37],[7,22],[34,-7],[59,-19],[0,9],[12,6],[12,-8],[5,2],[24,-12],[10,-3],[3,1],[8,-6],[9,3],[4,-1],[-29,-11],[32,-25],[22,18],[25,-6],[-8,-15],[56,-8],[17,-1],[21,28],[15,9],[25,3],[22,6],[12,-11],[27,14]],[[70495,19862],[16,-15],[50,-7],[-1,-5],[21,-5],[-2,-4],[5,-6],[-3,-5],[9,-4],[6,1],[4,-5],[6,0],[4,-10],[7,-2],[-1,-6]],[[84637,12603],[18,-16],[-18,-69],[22,-22],[0,-11],[30,-21],[-24,-6],[-16,1],[-18,-12],[15,-6],[0,-7],[-10,-16],[-4,-29],[-15,-15],[0,-10],[10,-7]],[[83850,12978],[39,11],[34,27],[19,7]],[[85559,13013],[2,-5],[12,-2],[-9,-18],[11,-13],[1,-22],[-27,-29],[-5,-19],[2,-24],[-5,-15],[-13,-9],[-11,-20],[29,-14],[12,-9],[10,-14],[0,-19],[25,-9],[17,-14],[3,-20],[-5,-32],[5,-17],[-6,-28],[-7,-11],[-15,-4],[-10,-8]],[[85575,12638],[-20,4],[-45,-3],[-9,2],[-10,-2],[-26,7],[-24,-1],[-8,-31],[25,-23],[13,-21],[0,-12],[-13,-25],[-13,-6],[-4,-21],[8,-7],[0,-6]],[[85449,12493],[-11,-8],[-56,-6],[-98,-43],[-14,10],[-39,51],[-10,16],[5,26],[-9,3],[-9,10],[-39,-15],[-29,-21],[-18,-18],[-33,-19],[-24,-10],[-73,-19]],[[86099,8332],[-57,-20],[-25,-16],[-42,-17],[-10,-7],[0,-6],[-46,-26],[-20,-18],[-2,-8],[-29,-19]],[[85868,8195],[-41,21],[-36,3],[-24,4]],[[85767,8223],[2,5],[32,14],[18,17],[8,17],[-1,17]],[[85826,8293],[4,4],[21,-9],[15,10],[20,4],[41,-7],[36,40],[49,43]],[[86012,8378],[55,-25],[3,-6],[14,-1],[15,-14]],[[85754,8590],[24,-21],[58,-35],[14,-15],[15,-26]],[[85865,8493],[6,-12],[-11,-15],[-62,-34],[-28,-7]],[[85770,8425],[-47,-1],[-14,-6],[-11,-9]],[[85698,8409],[-3,1],[4,8],[-9,13],[-30,-9],[-41,-6],[-1,3],[20,15],[-32,9],[-5,4],[51,28],[-24,7],[2,15],[-8,24],[30,7],[34,2],[2,7],[-9,1],[-73,31],[-7,-7],[-15,6]],[[85584,8568],[50,33],[17,-8],[23,3],[24,-22],[17,-25],[10,-1],[9,24],[20,18]],[[86080,8584],[19,0],[-2,-5],[22,-13],[22,2]],[[86141,8568],[-18,-13],[0,-11],[-3,-1],[-11,12],[-8,-3],[-25,-13],[-21,-21],[-12,-7],[11,-16],[-34,-7],[-39,15],[-4,-6],[-51,8],[-22,11],[-39,-23]],[[85754,8590],[27,19],[24,10],[22,4],[28,0]],[[85855,8623],[48,-3],[45,2],[6,-11],[5,-1],[-10,-15],[18,-15],[20,8],[60,-12],[33,8]],[[85868,8195],[-31,-27],[-20,-25],[-83,-35],[1,-2],[-41,-22],[1,-2],[-31,-20],[-47,-43],[-33,-56],[-17,-16],[-22,-10],[-53,-2],[-24,-6],[-16,-1],[-49,-13],[-17,-1],[-5,-5],[-11,0],[-46,10],[-82,6],[-31,7],[-50,1],[-33,8],[-46,5]],[[85082,7946],[12,40],[13,-6],[10,-15],[18,-8],[-7,44],[-11,9],[-20,34],[-20,18],[26,14],[10,8],[-2,1],[44,30],[-37,27]],[[85118,8142],[166,4],[39,7],[111,35],[32,-27],[97,-20],[15,1],[28,14],[-13,-3],[-15,1],[-19,7],[-1,4],[8,7],[10,23],[18,7],[30,8]],[[85624,8210],[41,8],[12,-1],[28,-33],[34,19],[13,14],[3,9],[12,-3]],[[85601,8326],[18,-34],[8,-7],[-5,-9],[9,-9],[-4,-11],[-37,-3],[10,-14],[12,-9],[12,-20]],[[85118,8142],[-14,0],[28,8],[20,10],[-21,13],[19,100],[-6,2]],[[85144,8275],[23,13],[39,33],[46,32],[30,49]],[[85282,8402],[21,-5],[27,-19],[28,-10],[10,-9],[10,-23],[56,7],[10,5],[7,-3],[2,5],[5,0],[11,11],[22,0],[1,-4],[15,-2],[0,9],[13,27],[8,8],[8,2],[16,-21],[24,-15],[25,-39]],[[85698,8409],[-14,-50],[-8,-6],[-15,5],[-10,1],[17,-24],[18,-5],[-60,-20],[-13,21],[-4,2],[-8,-7]],[[85282,8402],[16,43],[14,21],[-7,10],[-31,8],[-29,16],[14,6],[-6,7],[52,5],[6,-2],[5,4],[19,-1],[4,6],[6,-1],[3,4],[18,-4],[10,7],[16,2],[18,21],[19,0],[-2,-6],[13,-6]],[[85440,8542],[-10,-9],[23,-8],[9,-7],[10,-24],[35,2],[22,10],[11,-8],[11,1],[12,6],[-10,8],[25,10],[-7,10],[6,4],[-5,5],[13,7],[-9,4],[-4,7],[12,8]],[[86260,8542],[4,-2],[-5,-14],[4,-1]],[[86263,8525],[-22,-13],[-56,-19],[-37,-17],[-37,-28],[-31,-9],[-68,-61]],[[85826,8293],[-56,132]],[[86141,8568],[5,-3],[32,11],[-2,-9],[9,-5],[6,1],[15,-9],[0,-3],[17,-2],[15,6],[12,-11],[10,-2]],[[86325,8497],[-60,-59],[-12,-17],[-1,-4],[8,-5],[2,-6],[-12,10],[-5,-2],[-4,-7],[-9,2],[20,24],[-21,6],[-19,-20],[-3,-8],[2,-7],[17,-8],[13,-3],[33,4],[-26,-6],[-18,-13],[-6,-8],[2,-3],[-8,0],[-15,-7],[-104,-28]],[[86263,8525],[11,0],[51,-28]],[[83209,9327],[-4,3]],[[83209,9327],[0,0]],[[83187,9343],[10,-9]],[[83197,9334],[12,-9]],[[83209,9325],[5,-4]],[[83214,9321],[5,-6],[-1,-12],[-40,-10],[-8,2],[-3,7],[-13,8],[-33,6],[-28,0],[-13,-3],[-9,3],[-2,3],[89,52],[10,-18],[12,-5],[7,-5]],[[83181,9349],[-11,6],[-8,18],[14,12],[16,1]],[[83192,9386],[2,-4],[-6,-5],[4,-4],[-14,-6],[3,-18]],[[83260,9397],[5,4]],[[83260,9397],[0,0]],[[83273,9421],[-8,3]],[[83265,9424],[6,2],[2,-5]],[[83287,9447],[4,-7],[-11,4]],[[83280,9444],[7,3]],[[83381,9453],[-2,0]],[[83381,9453],[0,0]],[[83387,9461],[-1,-1]],[[83387,9461],[0,0]],[[83357,9528],[3,-1]],[[83357,9528],[0,0]],[[83466,9535],[-1,0]],[[83466,9535],[0,0]],[[83458,9536],[-4,2]],[[83458,9536],[0,0]],[[83436,9540],[-1,0]],[[83436,9540],[0,0]],[[83449,9542],[-4,-1]],[[83449,9542],[0,0]],[[83411,9550],[-4,3]],[[83411,9550],[0,0]],[[83084,10277],[-21,-28],[-5,-14],[-18,-28],[1,-15],[28,-24],[8,-10],[-11,-19],[4,-23],[14,-4],[15,3],[14,-20],[20,4],[18,-1],[-18,-24],[-17,-12],[-1,-10],[-13,-20],[5,-22],[27,-41],[-4,-16],[-23,-24],[2,-2],[11,6],[7,-2],[10,2],[-1,4],[6,3],[14,0],[10,-6],[5,-9],[15,-2],[-11,-9],[21,0],[12,3],[0,-17],[21,4],[4,7],[22,5],[10,-13],[26,-4],[6,-10],[13,-2],[31,1],[9,-14],[12,-2],[2,6],[40,24],[10,-2],[8,5],[-7,14],[-7,-1],[-27,12],[-17,1],[8,8],[16,9],[63,20],[22,-3],[32,5],[31,0]],[[83536,9970],[-3,-22],[18,3],[4,-5],[-6,-15],[3,-4],[-6,-7],[5,-6],[-11,0],[12,-2],[3,-10],[-8,-7],[9,-3],[-12,-2],[8,-7],[0,-9],[-10,-4],[-3,-11],[-10,-1],[12,-7],[-9,-4],[5,-5],[-8,-5],[10,-11],[10,-3],[-3,-8],[14,-1],[-6,-7],[11,-4],[1,-5],[11,-8],[0,-5],[6,-3],[-3,-8],[16,-7],[3,-9],[-6,-5],[-5,-13],[6,-4],[-3,-5],[11,-3],[2,-5],[-5,-3],[-10,3],[-4,-3],[15,-7],[6,-8],[-8,-5],[12,-4],[-5,-12],[-9,-3],[10,-4],[-7,-4],[11,-5],[1,-8],[9,-3],[-4,-6]],[[83616,9651],[-24,-9],[14,-7],[-5,-3],[-11,-3],[-8,2],[-16,-7],[-9,4],[0,-7],[-8,1],[-3,6],[-6,1],[-7,-3],[-8,0],[3,-9],[-15,-1],[1,-4],[18,-1],[-13,-7],[2,-3],[9,0],[1,-6],[-8,-1],[0,-3],[18,0],[-12,-9],[15,-12],[-2,-8],[-4,-1],[-8,4],[-1,-8],[-7,-5],[-9,1],[-30,-16],[-9,0]],[[83474,9537],[0,2],[-9,-4]],[[83465,9535],[-9,2],[-5,6],[-16,-2],[-15,6],[9,3],[-1,2],[-12,-5],[-6,7],[11,-1],[2,3],[-30,-3],[-12,2],[-19,-12],[-9,-8],[2,-7],[16,-6],[12,-13],[-1,-12],[6,-5],[-2,-8],[7,-4]],[[83393,9480],[-18,-8],[21,-3]],[[83396,9469],[0,-4],[-13,-5],[-3,-6],[-18,1],[-11,-5],[-19,5],[-6,4],[-12,-1],[-8,2],[-12,-8]],[[83294,9452],[-9,5],[-2,-4],[3,-5]],[[83286,9448],[-7,-3]],[[83279,9445],[-9,7],[-9,-4],[-1,-4],[10,-3]],[[83270,9441],[-8,-5]],[[83262,9436],[-3,-3]],[[83259,9433],[-3,-1],[1,-7],[13,-4],[2,-6],[-13,-17]],[[83259,9398],[-4,4],[-7,1],[3,-11]],[[83251,9392],[-7,-4]],[[83244,9388],[-2,1]],[[83242,9389],[-12,6],[-22,-9],[-8,3],[-25,-2],[-21,-17],[-94,-54],[-21,-16]],[[83039,9300],[-50,2],[1,-5],[-13,-2],[15,-36]],[[82992,9259],[-94,-26]],[[82898,9233],[-44,36],[-74,5],[-35,-2],[-35,-8],[-46,-15],[-32,-16],[-4,14],[6,23]],[[82634,9270],[45,69],[7,19],[61,18],[13,-8],[20,-6],[-2,-3],[6,-6],[33,-4],[2,46],[10,6],[-2,5],[7,3],[-28,14],[12,19],[-4,3],[0,5],[10,35],[19,40],[15,-1],[3,4],[14,-6],[22,14],[6,-1],[7,-8],[6,3],[3,66],[9,6],[-5,7],[3,32],[-8,34],[-7,-1],[-27,-26],[-20,-10],[-4,-15],[3,-9],[-12,-12],[-21,-13],[-14,3],[6,11],[11,0],[9,19],[-17,2],[5,6],[-22,7],[-10,1],[-2,-4],[-7,1],[-37,43],[11,41],[11,17],[0,16],[-9,10],[2,19],[-55,4],[7,25],[-9,22],[-26,1],[-2,-3],[-89,6],[-20,4],[-8,57],[38,41],[0,4],[-17,10],[-6,-9],[-41,-5],[-9,-4],[-26,36]],[[82504,9970],[5,15],[-14,16],[-4,14],[-3,0],[2,23],[-6,-1],[-9,14],[-25,9],[19,7],[21,19],[29,9],[16,15],[24,14],[-7,13]],[[82552,10137],[12,1],[5,4],[16,3],[13,7],[17,1],[15,-7],[9,-8],[47,-2],[27,4],[0,-7],[-11,-2],[8,-13],[7,-2],[16,3],[9,4],[17,15],[-2,3],[28,-6],[45,7],[10,20],[33,29],[-1,7],[6,10],[2,13],[6,2],[-1,31],[7,27],[-3,6],[8,27],[-2,11],[14,21]],[[82909,10346],[5,-4],[14,-2],[-9,-4],[3,-2],[31,-7],[3,9],[6,-2],[2,4],[8,-3],[-1,6],[5,0],[4,-7],[7,-1],[-4,-6],[13,-2],[0,-5],[-8,-3],[4,-8],[13,0],[2,3],[4,-3],[-2,-5],[9,0],[-9,-3],[32,-4],[20,-13],[10,-1],[13,-6]],[[82332,9865],[-11,-40],[3,-44],[-27,-40],[-10,-25],[-26,-28],[-10,-18],[-1,-12],[7,-21],[-5,-54],[4,-15],[-10,-28],[-2,-18],[3,-1],[-9,-28],[7,-11],[-13,-18],[3,-1],[-10,-17],[-6,-29],[-49,-79]],[[82170,9338],[-19,-23],[-23,-13],[-24,-23],[-27,-17],[-26,7],[-16,10],[-26,30],[-15,-23],[0,-42],[-14,-25],[-11,-12],[-96,8]],[[81873,9215],[-52,6],[-54,-6],[-6,22],[4,42],[5,14]],[[81770,9293],[9,14],[6,52]],[[81785,9359],[14,20],[11,39],[1,51],[6,32],[-7,2],[0,5],[5,9],[6,1],[0,24],[12,44],[13,16],[13,29],[32,41],[15,14],[-2,2],[11,25],[-6,52],[4,18],[13,0],[17,5],[-9,4],[-21,-2],[0,4]],[[81913,9794],[19,32],[10,-4],[35,-4],[22,-6],[21,1],[34,-7],[7,23]],[[82061,9829],[4,15],[-10,31],[1,10],[-11,19],[1,7],[-19,21],[3,9],[-4,1],[-2,7],[3,16],[17,22]],[[82044,9987],[36,-7],[10,-15],[11,-2],[31,5],[31,9],[-13,10],[-15,2],[-1,4],[15,-5],[19,0],[-2,-2],[8,-5],[36,2],[-1,5],[51,-1],[26,-6],[-5,-14],[3,-9],[-8,-14],[2,-56],[-11,-23],[6,-8],[39,11],[6,-3],[14,0]],[[83097,8610],[-38,-29],[-25,-30],[-7,-35]],[[83027,8516],[-47,-38],[-34,-46]],[[82946,8432],[-3,-1],[-26,10],[-9,0],[-14,5],[-27,4],[-22,10],[-5,-4],[-8,7],[-10,-1],[-49,18],[-13,2],[-47,15],[-9,2],[-8,-2]],[[82696,8497],[14,16],[26,14],[25,19],[34,34],[73,42],[44,18],[-5,13]],[[82907,8653],[14,13],[91,12],[26,9],[-1,-2],[72,-70],[-12,-5]],[[83340,8704],[-22,83]],[[83318,8787],[36,2],[17,-7],[0,-13],[-9,-4],[1,-4],[5,-4],[2,-10],[13,-8],[10,-2],[6,-12],[-19,-30],[-19,6],[-5,6],[-11,-3],[-5,0]],[[82898,9233],[-104,-29],[-24,-26],[14,-11],[23,-25],[0,-7],[14,-12],[-7,-9],[13,-6],[12,1],[6,-3],[4,-30],[3,-2],[93,-28],[177,24],[1,6],[8,6],[25,0],[1,-3],[7,-1],[52,4],[11,-14],[3,-15],[12,0],[9,2],[21,12]],[[83272,9067],[20,-9],[34,-32],[31,-12],[35,-45],[15,-15],[19,-12],[6,-13],[-2,-6],[-7,-4],[-25,2],[-9,-4],[-9,-14],[0,-21],[-14,-20],[-11,-26],[-5,-5],[-21,-5],[-13,-16],[-3,-23],[21,-84],[-16,-43],[1,-16],[8,-6],[31,-8],[36,-38],[18,3],[23,-6],[35,1],[10,-2],[8,-7],[8,-20],[15,-15],[6,-13]],[[83517,8533],[-12,-3],[-3,-4],[-4,4],[-5,-3],[-13,-1],[-24,6],[-5,10],[-80,-8],[-16,-51],[-1,-26]],[[83354,8457],[-87,26],[15,21],[-89,16]],[[83193,8520],[-36,6],[23,34],[11,1],[8,10],[0,4],[-11,2],[-1,5],[10,4],[4,16],[-104,8]],[[82907,8653],[-26,31],[-11,19],[-57,-34],[-37,-6],[-8,0],[-21,13],[-62,25],[-24,-1],[-36,3],[4,5],[-3,11],[7,-1],[25,7],[3,6]],[[82661,8731],[30,34],[2,55],[7,16],[-8,13],[25,15],[-5,15],[-55,14],[-8,6],[-1,8],[-20,7],[-32,-6],[-44,-1],[-37,-9],[-29,-11],[-28,-5],[-97,-2],[9,25],[16,17],[-16,22],[-27,22]],[[82343,8966],[-34,28],[-11,65],[-16,-2],[-11,22],[-4,-1],[-9,35],[12,5],[-17,14],[-14,19],[11,19],[-90,33],[-4,-2],[-26,13],[-10,-4],[5,-9],[-62,-18],[9,-16],[-13,-4],[-62,7],[-38,10],[-46,-6]],[[81913,9174],[-17,-1],[-4,24],[-20,1],[1,17]],[[82170,9338],[47,-17],[56,-11],[101,-29],[36,13],[36,30],[37,-14],[46,5],[35,-35],[25,-5],[45,-5]],[[83281,9101],[-16,28],[-12,10],[-19,8],[-19,3],[-18,-1],[-18,-6],[-5,5],[2,11],[-9,11]],[[83167,9170],[6,3],[6,14],[39,5]],[[83218,9192],[1,-15],[7,-6],[55,-15],[9,-8],[5,-13],[-2,-24],[-3,-5],[-9,-5]],[[83073,9266],[0,0]],[[83207,9298],[1,-2],[37,-21],[27,-4],[29,6],[55,4],[55,-1],[31,7],[23,1],[33,-13],[42,-9],[-13,-21],[2,-16],[-8,1],[-13,-7],[-4,-20],[-48,-6],[2,-29],[-51,-3],[-17,-6],[-16,-19],[-34,-10],[-14,-7],[-26,-23],[-1,-8],[-12,-1],[-4,8]],[[83283,9099],[13,7],[2,15],[0,21],[-11,15],[-59,14],[-6,6],[-1,18],[-4,4],[-54,26],[-39,7],[-11,12],[-37,22],[-2,10],[-23,12],[-8,8],[23,19],[13,-4],[14,3],[23,0],[38,-6],[8,-5],[5,-9],[8,-2],[32,6]],[[83039,9300],[7,-13],[23,-12],[4,-9]],[[83073,9266],[2,-3],[34,-21],[12,-11],[12,-4],[32,-5],[27,-15],[22,-8],[4,-7]],[[83167,9170],[-39,-10],[-43,4],[2,7],[-18,12],[1,10],[-7,5],[4,3],[-17,15],[-25,8],[-25,-8],[-8,43]],[[83281,9101],[-14,-4],[-8,-8],[3,-13],[10,-9]],[[83543,8484],[15,-21],[-22,1],[-7,4],[-5,16],[11,8],[8,-8]],[[83517,8533],[3,-19],[8,-16],[-17,-11],[4,-2],[-4,-4],[4,-5],[-4,1],[18,-15],[33,-4]],[[83562,8458],[-37,3],[-13,-3],[-8,8],[-6,0],[-38,-17],[4,-5],[-14,-10],[-62,-23],[-13,-1],[-14,7]],[[83361,8417],[-7,40]],[[83748,8492],[-18,13],[-38,-15],[-13,3],[-25,-4],[-20,-8],[-7,-7],[-35,-11],[-21,-4]],[[83571,8459],[-26,33],[2,8],[-15,10],[3,2],[-4,8],[-4,1],[2,15]],[[83529,8536],[2,0],[14,-8],[20,4],[1,4],[10,3],[24,-6],[36,9],[-3,8],[22,1],[-2,4],[30,8],[33,14],[-4,4],[20,8],[46,-45],[18,-11],[16,-21],[-64,-20]],[[83562,8458],[6,-14],[3,-28],[14,-22],[-7,3],[-6,-3],[-2,-15],[17,-9],[10,2],[19,-34],[-38,-3],[-8,-2],[-2,-3],[29,-30],[27,-14],[-18,7],[-9,5],[-21,22],[-96,17],[-66,-4],[-61,17]],[[83353,8350],[12,14],[2,28],[-6,25]],[[83792,8417],[-49,-18],[10,-5],[-10,-7],[-11,-18],[-25,-20],[0,-4]],[[83707,8345],[-44,2],[-37,-4],[-2,3],[4,5],[-5,5],[-5,0],[-17,43],[-7,1],[-23,59]],[[83748,8492],[-6,-2],[50,-73]],[[83084,10277],[1,-5],[7,-3],[-3,-6],[15,1],[-2,-14],[-4,-5],[5,-5],[-7,-6],[15,-7],[7,-11],[14,2],[1,-5],[-12,-1],[9,-6],[0,-4],[11,5],[9,-1],[1,-29],[7,-8],[-17,-5],[32,-44],[31,8],[1,3],[18,5],[10,8],[24,0],[10,4],[10,0],[8,5],[30,-7],[8,0],[6,4],[1,-4],[14,0],[7,-12],[-14,-1],[7,-4],[12,1],[2,-4],[-9,-2],[1,-2],[17,-1],[3,-7],[9,-6],[-8,-8],[6,-5],[20,-7],[16,2],[12,-6],[5,3],[8,-18],[-6,-18],[-10,-7],[2,-2],[12,0],[-10,-9],[14,-13],[14,1],[15,-5],[22,1],[25,11],[17,2],[3,5],[9,-1],[4,7],[15,3],[7,-4],[0,-7],[11,-4],[-2,-7],[9,-14],[-6,-7],[3,-5],[-6,-2],[-5,-13],[-11,-2],[-9,-6],[-14,1],[-5,-4]],[[83214,9321],[0,0]],[[83187,9343],[0,0]],[[83244,9388],[0,0]],[[83259,9398],[-8,-6]],[[83262,9436],[0,0]],[[83279,9445],[-9,-4]],[[83294,9452],[-8,-4]],[[83393,9480],[3,-11]],[[83616,9651],[32,-7],[28,3],[43,-8],[4,2]],[[83723,9641],[36,-20],[59,-10],[42,-17],[38,-4],[18,-5],[14,17],[54,22],[53,-20],[43,-12],[52,-35],[15,-4],[43,0]],[[84190,9553],[47,0],[-20,-23],[-67,-36],[-14,-13],[-13,-25],[-49,-35],[-16,-37],[-21,-16],[-1,-10],[-22,-14],[-34,-31],[-32,-36],[48,-17],[12,-14],[-14,-83],[1,-5],[17,-17],[5,-1],[21,5],[17,9],[22,6],[7,-6],[82,-6],[22,-47],[38,-21],[29,-9],[-16,-29],[7,-5],[42,-16],[-23,-18],[-28,-2],[-15,-7],[-11,3],[-16,-20],[-25,-21],[92,-30],[-35,-46],[-20,4],[-6,-11],[-19,-11],[-1,-3],[32,-9],[-20,-18],[-24,-9],[-25,-24],[-9,-14],[-36,6],[-17,-21],[-45,-33],[-11,-23],[-19,-24],[28,-7],[23,-10],[15,-22],[39,-29]],[[84112,8622],[5,-31],[19,-42],[2,-24]],[[84138,8525],[-64,-9],[-49,-11],[2,-1],[-26,-14],[-77,-22],[2,-14],[-98,-13],[-11,-15],[-25,-9]],[[83529,8536],[-3,9],[-24,19],[-8,19],[-12,9],[-12,3],[-33,-2],[-22,6],[-22,2],[-29,35],[-28,3],[-9,4],[-4,15],[17,46]],[[83318,8787],[2,19],[6,10],[9,8],[24,9],[13,31],[13,18],[-1,20],[8,13],[8,3],[18,-3],[10,2],[8,8],[3,9],[45,37],[36,21],[17,3],[-1,2],[-19,-5],[-25,-14],[-57,-43],[-8,11],[-26,18],[-39,51],[-34,13],[-34,32],[-25,12],[-6,12],[2,8],[18,7]],[[83207,9298],[11,3],[4,5],[0,9],[-13,12]],[[83205,9330],[-24,19]],[[83192,9386],[17,-1],[21,8],[9,-5],[8,-1],[13,10]],[[83265,9401],[6,5],[3,7],[-1,8]],[[83265,9424],[-6,2],[0,7]],[[83259,9433],[21,11]],[[83287,9447],[11,5],[7,7],[7,-3],[14,2],[5,-4],[21,-5],[12,5],[15,-1]],[[83381,9453],[5,7]],[[83387,9461],[10,3],[0,17],[-9,5],[3,6],[-6,6],[0,11],[-13,14],[-12,4]],[[83357,9528],[-2,5],[26,20],[12,-1],[14,1]],[[83411,9550],[4,-4],[20,-6]],[[83436,9540],[9,1]],[[83449,9542],[5,-4]],[[83458,9536],[7,-1]],[[83466,9535],[8,2]],[[83353,8350],[-38,8],[-40,13],[-22,-2],[-10,1],[-16,0],[-42,11],[-3,-2],[-5,4],[-13,3],[-32,3],[-11,4],[-18,2],[-4,2]],[[83099,8397],[12,19],[-4,1],[6,3],[11,18],[-4,1],[16,27]],[[83136,8466],[17,2],[17,44],[22,-4],[1,12]],[[83136,8466],[-49,10],[-3,-4],[-18,3],[7,12],[-10,2],[10,17],[-46,10]],[[83099,8397],[-35,5],[-28,11],[-1,-1],[-38,9],[-24,3],[-11,6],[-16,2]],[[82332,9865],[17,2],[1,-2],[26,2],[19,31],[19,17],[-5,20],[-1,37],[21,-4],[12,1],[43,-12],[20,13]],[[84047,8346],[34,-57],[32,3]],[[84113,8292],[36,-3],[-13,-9],[1,-4],[-49,-9],[-22,-1],[-19,-6],[13,-23],[-1,-5],[8,-16],[13,-9],[-12,-10]],[[84068,8197],[-121,60]],[[83947,8257],[17,18],[2,8],[11,7],[21,24],[-13,15],[41,13],[7,7],[14,-3]],[[84509,8199],[-36,64]],[[84473,8263],[26,5],[27,11],[1,-3],[-13,-6],[2,-13],[6,-4],[21,-1],[7,-6],[-5,-6],[-21,4],[-27,-5],[1,-6],[27,-12],[-5,-12],[-11,-10]],[[84441,8323],[5,7]],[[84446,8330],[15,-5],[-20,-2]],[[84464,8351],[12,-9],[-17,2]],[[84459,8344],[5,7]],[[84256,8125],[0,6],[13,39],[-1,29],[-22,-2],[-3,13],[4,12],[19,1],[0,10],[-4,6],[-8,-2],[-14,20],[21,6],[-49,9],[-23,20],[-8,18]],[[84181,8310],[8,4],[30,7],[12,12],[49,16],[18,11],[88,39],[60,39]],[[84446,8438],[12,-17]],[[84458,8421],[-7,-4],[-1,-5],[30,-18],[-5,-12],[10,-10],[-21,-17],[-38,-43],[1,-3],[10,-4],[-8,-4],[-2,-4],[19,-18],[21,-10],[39,-72],[-19,-21],[-6,-32],[11,-14],[-20,3],[-49,-23],[-32,-7],[-44,5],[-28,8],[-50,4],[-13,5]],[[84181,8310],[-7,8],[-61,-26]],[[84047,8346],[-3,12],[8,14],[37,25],[14,17],[26,66],[9,43]],[[84138,8523],[28,-42],[45,-29],[25,-10],[84,-13],[49,1],[27,-6],[19,2],[31,12]],[[84256,8125],[-19,1],[-34,15],[-33,9],[-16,14],[-15,2],[-14,11],[-12,-1],[-5,4],[-7,-5],[-33,22]],[[83947,8257],[-134,57],[-72,23],[-34,8]],[[84138,8525],[0,-2]],[[82389,10245],[19,-17],[13,-4],[14,-30],[1,-19],[-6,-8],[10,-6],[1,-9],[13,-3],[2,-7],[-5,-3],[3,-4],[24,-8],[5,2],[7,8],[15,5],[18,0],[29,-5]],[[82044,9987],[9,13],[-37,6],[-1,6],[9,11],[-18,8],[-22,-4],[-35,-2],[12,24],[-6,1],[-4,4]],[[81951,10054],[-2,29],[11,24],[8,-2],[4,5],[22,-1],[28,35]],[[82022,10144],[42,1],[16,5]],[[82080,10150],[10,-7],[-4,-7],[38,0],[7,-5],[31,5],[10,-1],[3,9],[-3,3],[8,25],[4,0],[48,41],[2,10],[13,7],[28,-5],[4,5],[-12,1],[-6,8],[49,2],[19,5],[12,-3],[18,5],[16,-3],[14,0]],[[87664,8915],[-8,-14],[-6,-24],[-10,-1],[-2,-10],[-10,1],[-3,-18],[12,1],[2,-8]],[[87639,8842],[-124,-11]],[[87515,8831],[-10,32],[6,1],[-2,8],[18,2],[3,17]],[[87530,8891],[35,25],[-2,4]],[[87563,8920],[21,0],[14,5]],[[87598,8925],[42,-10],[9,3],[15,-3]],[[87515,8831],[-345,-35]],[[87170,8796],[2,15],[17,23],[49,0],[2,27],[-8,13]],[[87232,8874],[13,1],[16,-3],[2,3],[13,-8],[16,1],[4,-5],[4,1],[-3,5],[4,3],[25,5],[5,-4],[21,2],[50,23],[81,4],[47,-11]],[[87232,8874],[-2,5],[5,6],[-5,21],[3,9],[13,3],[28,1],[-1,2],[-16,3],[4,6],[44,10],[-2,9],[19,10],[-8,4],[10,3],[-3,5],[7,-7],[6,1],[1,-4],[8,2],[22,-2],[-2,9],[19,0]],[[87382,8970],[-1,-6],[6,-3],[9,2],[16,-3],[33,-1],[46,2],[-19,-25],[-2,-10],[65,-6],[28,0]],[[87713,8922],[-3,-3],[-34,0],[-12,-4]],[[87598,8925],[0,3],[14,13],[14,1],[2,7],[-8,2],[6,2],[4,7],[-11,9],[6,-3],[11,8],[-13,0],[-6,-2],[-18,3],[-14,-16],[-6,1]],[[87579,8960],[21,24],[52,29],[28,23],[8,11],[9,-5],[28,6],[106,4],[30,5]],[[87861,9057],[1,-12],[-7,-14],[-32,-2],[-11,-3],[-6,6],[-7,-4],[3,-31],[4,-2],[14,1],[-24,-18],[-9,3],[-28,-8],[-2,-3],[19,-10],[4,-8],[-72,-15],[-10,-7],[15,-8]],[[87907,8912],[-18,7],[-158,0],[-18,3]],[[87861,9057],[25,14],[8,10],[0,3],[-15,1],[-1,21]],[[87878,9106],[66,-17],[43,-6],[55,-12]],[[87876,8890],[-25,-10],[-115,-18],[-28,-6],[-22,-9],[-47,-5]],[[87579,8960],[-4,2],[6,16],[-5,-2],[-10,5],[-10,0],[-10,8],[-11,1],[1,7],[12,9],[4,11],[-22,-1],[1,4],[-6,4],[-28,1],[2,4],[-6,0],[1,4],[-23,-1],[-20,-3],[0,-4],[-8,0],[-3,4],[-20,1],[-3,4],[-21,2],[1,4],[-9,1],[1,5],[-10,1],[-28,0],[0,-6],[7,-1],[-6,-13]],[[87352,9027],[-44,4],[-53,0],[4,5],[-1,11],[21,15],[5,16],[-4,10],[23,12],[0,22]],[[87303,9122],[2,5],[22,15],[9,-4],[29,26],[24,12]],[[87389,9176],[29,-9],[13,8],[4,6],[33,14],[9,9],[22,-3],[30,4],[26,-12],[22,-2],[55,12],[33,-14],[17,-1],[24,7],[20,1],[27,-6],[16,-21],[-9,-23],[4,-8],[38,-29],[18,-8],[58,5]],[[87352,9027],[12,-1],[0,-4],[33,1],[3,-12],[-5,-2],[1,-5],[-6,0],[2,-11],[-9,-15],[4,-7],[-5,-1]],[[87170,8796],[-77,-6],[-61,-11],[-128,-31],[-21,-8],[-73,-16],[-119,-34]],[[86691,8690],[-3,3],[7,15],[-3,12]],[[86692,8720],[-14,20],[-7,25],[-27,28],[11,5],[14,-4],[4,8],[10,4],[6,-1],[-4,10],[2,21],[-9,0],[-14,7],[-8,8],[7,7],[2,10],[10,9],[12,4],[10,9],[14,1],[10,4],[4,-2],[9,6],[21,-4],[20,9],[37,5],[37,14],[6,6],[41,15],[-2,5],[30,8],[0,6],[39,1],[22,4],[-1,13],[39,31],[19,4],[14,-1],[19,5],[19,9],[12,8],[10,10],[-6,4],[30,26],[16,2],[8,9],[29,8],[17,10],[35,4],[53,13],[5,-1]],[[89314,9857],[30,1],[37,7],[25,1],[45,-6],[12,-9],[25,1],[68,-11],[20,8],[13,-3],[7,11],[13,4],[8,-2],[26,4],[11,-2],[12,6],[8,-2],[37,3],[29,13],[11,2],[10,9],[29,13],[26,3],[24,-2],[19,8],[3,8],[17,5],[13,2],[13,-6],[21,0],[15,-5],[5,-11],[19,-2]],[[89965,9905],[-8,-22],[-58,-55],[28,-15],[56,-58],[45,-23],[-46,13],[-34,-9],[-5,1],[-7,-3],[-11,-12],[-14,0],[-7,-5],[-14,6],[-14,1],[-29,-3],[-6,-7],[-10,-1],[-127,-44],[-6,-7]],[[89698,9662],[-6,-1],[-22,8],[-7,9],[5,6],[-2,4],[-16,2],[-27,-3],[-6,-8],[-45,0],[-45,11],[-9,11],[-32,5],[-42,-3],[-17,-4],[-11,-8],[-14,4],[-27,-7],[-30,2],[-14,6],[-36,-3],[-20,-5],[-18,1],[-14,-2],[-18,6],[-27,0],[-19,-3],[-24,2],[-12,-8],[-19,1],[-10,-6],[-18,-3],[-8,-8],[-17,2]],[[89071,9670],[-11,5],[-12,1],[-9,4],[-71,-8],[-6,-8],[-22,-4],[-8,3],[-25,-3],[-8,4],[-11,-2],[-8,4],[-11,1],[-18,-5],[-22,5],[-11,0],[-14,-4],[-1,5],[-12,-3],[-16,2],[-9,-2],[-2,2],[-12,0],[-14,11],[-23,5],[-3,4],[-33,-7],[-10,2],[-1,3],[-19,1],[-14,7],[-26,-4],[-25,-1],[-40,7],[-20,11],[-10,0],[-10,6],[-22,-2],[-16,6],[-5,30],[-12,14],[-2,16],[12,2],[-3,26],[17,17],[-37,9],[-3,9],[6,3],[-7,5],[8,1],[3,8],[-30,11],[0,5],[-8,5],[-29,12],[2,3],[11,3],[1,6]],[[88390,9901],[63,-5],[12,-13],[16,11],[50,18],[8,14],[-1,10],[-6,7],[6,3],[3,9],[14,1],[15,5],[7,-10],[19,8],[-2,7],[7,5],[5,-2],[6,3],[7,-1],[13,2],[32,7],[19,1],[30,-14],[6,5],[2,14],[16,-8],[12,-1],[14,3],[-5,5],[43,4],[11,-3],[14,-13],[28,-1],[7,-3],[6,4],[7,-1],[25,11],[6,-5],[33,-3],[20,-5],[19,-23],[12,-3],[-4,-11],[21,-3],[10,-4],[-1,-11],[5,-8],[28,-17],[21,-6],[39,-17],[8,3],[33,2],[29,-6],[4,-5],[30,-10],[61,6],[41,0]],[[87505,10296],[-11,1],[-12,-9],[-36,-9],[-14,2],[-24,13],[-18,1],[-31,-15],[-10,-8],[-6,-13],[-18,-15],[-18,-7],[-4,-4],[8,-16],[14,-10],[20,-11],[19,-5],[-24,-22],[9,-27],[5,-7],[44,-20],[9,-8],[-12,-3],[-4,-5],[-17,-3],[5,-8],[88,1],[28,9],[5,-8],[43,-1],[35,-15],[38,-9],[29,-2],[34,0],[18,2],[2,-2],[26,11],[43,-22],[32,-8],[-4,-1],[14,-21],[22,-2],[3,-3]],[[87835,10017],[-4,-3],[15,-2],[25,-13]],[[87871,9999],[1,-7],[-6,-12],[4,-8],[-2,-9],[8,-9],[8,-3],[5,-10],[-15,-9],[-4,1],[-11,-14],[-1,1],[-11,-11],[-12,-7],[-10,-17],[-39,-25],[-4,-8],[3,-2],[-9,-15],[-6,-3],[-20,-4],[-4,-14],[9,-18],[-7,-16],[19,-23],[-17,-2],[-6,-5],[-12,8],[-17,2],[-10,-2],[-31,8],[-46,-2],[-13,-6],[-12,4],[-24,-6],[-44,7],[-15,-1],[-53,36],[-3,10],[-16,5],[-10,11],[-54,13],[-20,-10],[-25,-6],[-20,5],[-46,-11],[-13,3],[-33,16],[-9,-7],[-24,15],[2,10],[35,16],[-21,80],[-14,6],[-1,9],[-8,5],[-23,0],[-5,-2],[-4,3],[-29,-4],[-18,-5],[-4,1],[-7,-4],[-4,2],[-8,-8],[-17,1],[-26,-16],[-1,-10],[-5,-4],[4,-21],[-19,-30],[5,-7],[8,-3],[7,-11],[-5,-3],[0,-9],[-8,-12],[17,-19],[13,-1],[21,-7],[21,5],[17,1],[7,5],[8,0],[11,-15],[24,-6],[1,-12],[-7,-4],[1,-10],[-13,-19],[-10,-6],[-2,1],[-29,-28]],[[87108,9711],[-17,43],[-12,8],[-13,0],[10,13],[-11,7],[-35,3],[-4,-17],[-5,-3],[-20,-1],[-39,-14],[-8,0],[-7,4],[-17,-2],[-17,-7],[-5,-7],[-5,0],[-12,8],[-8,14],[-9,5],[-5,-1],[-8,4],[-11,-1],[-8,4],[-4,14],[-49,43],[-12,17],[3,8],[-3,6],[13,13],[-12,13],[16,11],[-6,2],[-5,18],[-22,13],[-34,6],[-32,16],[-202,19],[-14,-14],[-24,-11],[0,-3],[-16,-9],[-1,-5],[-17,-7],[-38,9],[-1,3],[-12,3]],[[86370,9936],[-4,16],[-19,13],[-24,2],[-6,-1],[-34,5],[-74,-3],[-16,6],[-15,13],[-5,8],[14,5],[8,15],[6,4],[12,36],[24,24],[1,16],[-13,30],[1,16],[-8,12],[-11,34],[-27,11],[-4,7],[-8,1],[1,10],[5,4],[-4,8],[4,9],[-12,21],[9,16],[14,11],[-31,9]],[[86154,10294],[30,12],[-12,8],[0,5],[-8,6],[32,12],[19,15],[10,3],[4,5],[7,0],[1,17],[5,1],[1,5],[-4,2],[-4,34],[-12,9],[0,5],[-5,1],[4,7],[24,9],[22,-2],[1,7],[5,-3],[21,-1],[53,15],[18,-3],[7,4],[3,-3],[14,8],[11,0],[4,7],[9,-1],[2,3],[5,-3],[1,5],[21,1],[12,-4],[10,3]],[[86465,10483],[13,-11],[13,3],[18,-3],[8,-4],[2,-7],[12,3],[4,-7],[9,0],[-1,-7],[7,5],[3,-5],[9,0],[-3,-4],[11,3],[-2,-9],[9,2],[6,-2],[-7,-4],[2,-5],[12,8],[5,0],[17,-8],[13,0],[12,-6],[49,-4],[9,-9],[17,0],[6,6],[10,-4],[1,7],[10,-3],[19,1],[4,4],[46,-5],[9,-7],[9,4],[-2,5],[22,3],[8,9],[9,-2],[6,2],[8,-8],[14,6],[8,0],[-17,14],[-7,28],[10,14],[17,12],[-17,4],[-4,9],[-23,10],[-7,10],[-1,9],[-19,-2],[-13,21],[16,5],[-11,12],[13,7],[18,-2],[20,2],[-3,42],[38,24],[27,3],[44,-5],[33,-16],[14,-3],[2,-3],[13,5],[7,-3],[9,1],[25,13],[26,2],[8,5],[61,4],[38,-17],[36,8],[53,-28],[-17,-12],[23,-48],[7,-27],[6,1],[12,-2],[4,3],[24,-3],[9,-15],[-8,-10],[6,-2],[-1,-3],[6,-1],[2,-10],[33,0],[22,-12],[15,-16],[15,-1],[0,-16],[-18,-14],[5,-7],[-64,-33],[37,-34],[43,-25],[39,-32]],[[87108,9711],[15,-5],[9,2],[12,-12],[12,8],[31,11],[6,5],[9,13],[-2,16],[29,-10],[15,-21],[-17,-7],[5,-8],[-26,-39],[7,-19],[-17,-9],[-5,-6],[1,-20],[10,2],[17,-6],[1,-8],[18,-8],[33,2],[9,-3],[-16,-27],[4,-20],[37,6],[16,-16],[26,-5],[20,-16],[26,-14],[20,-7],[33,-6],[23,-19]],[[87469,9465],[31,-20],[12,-16],[12,-2],[56,-25],[9,-10],[16,-5],[12,-11],[0,-5],[88,-15],[4,5],[17,5],[20,1],[16,11],[23,-3],[13,-9],[17,-1],[12,2],[24,10],[29,3],[20,-4],[49,19],[2,-6],[7,-3],[-12,-14],[4,-9],[22,0],[6,1],[16,14],[8,18],[50,9],[17,-6],[32,-21],[34,-6],[-1,-11],[16,-16]],[[87389,9176],[-33,-3],[-14,10],[5,3],[-4,11],[11,15],[25,11],[-44,25],[-3,6],[-29,19],[0,7],[-14,18],[-2,19],[-6,4],[-11,1],[-32,0],[-14,11],[-19,2],[-13,5],[1,4],[14,7],[37,-2],[8,7],[-19,6],[-34,1],[-17,6],[-13,-3],[-41,2],[-3,-15],[-26,-2],[1,16],[-28,11],[-8,8],[-21,-1],[-18,-3],[-24,-12],[-12,-1],[-29,-10],[-28,-2],[-37,-15],[-27,-6],[-12,-5],[-21,-16],[-25,-12],[-11,0],[-31,-8],[-7,2],[-39,-16],[-1,-5],[-13,-11],[-16,0],[-20,-5],[-10,0],[-17,11],[-16,19],[2,4],[-10,3],[-4,5],[-14,0],[-15,13]],[[86588,9315],[4,8],[14,10],[9,14],[15,9],[10,24],[21,20],[-17,12],[-24,6],[4,7],[-22,7],[4,17],[-5,2],[-8,-19],[-25,9],[-5,-5],[-11,10],[-10,3],[5,5],[-14,8],[-3,7],[3,22],[-18,26],[-9,20],[20,2],[12,-2],[22,4],[-3,5],[6,4],[-1,11],[6,4],[-10,4],[-17,3],[-18,-2],[-21,2],[8,42],[4,3],[39,8],[7,6],[-13,2],[0,16],[40,44],[2,21],[-20,11],[-24,6],[-13,11],[-41,-7],[-7,2],[-12,4],[-11,16],[-20,9],[-36,-4],[-48,11],[-13,18],[11,7],[7,2],[3,17],[-24,21],[-32,11],[5,23],[6,4],[-28,21],[18,6],[36,30],[24,3]],[[89882,9432],[-7,5],[-36,14],[-14,1],[-22,7],[-30,18],[-8,8],[-1,15],[-9,0],[11,16],[-2,1]],[[89764,9517],[51,21],[4,4],[62,23],[25,42],[6,4],[15,30],[9,7],[18,-4],[22,3],[6,-3],[6,-10],[15,-1],[15,8],[26,2],[2,8],[5,-1],[12,5],[30,-2],[20,1],[16,4],[12,7],[33,27],[-21,16],[-10,34],[-41,22],[40,62],[14,-2],[15,-10],[64,13],[1,1]],[[90236,9828],[20,-7],[38,-21],[-13,-12],[15,10],[76,-14],[-1,-3],[10,0],[16,-7],[4,-9],[7,0],[20,-24],[-18,17],[4,-5],[-6,0],[-3,-3],[10,3],[12,-14],[12,-8],[-5,0],[6,-8],[6,0],[29,-31],[9,-6],[4,-9],[11,-8],[-19,-3],[-100,-19],[-89,-21],[-91,-43],[-73,-25],[-53,-22],[-27,-16],[-65,-29],[-100,-59]],[[91279,9632],[-155,22],[-69,5],[-187,30],[-37,3],[-146,22],[-61,2],[-82,-10],[-39,-2],[-23,-5],[-63,63],[-10,14],[-32,14],[23,-5],[-12,5],[-85,15],[-43,24],[3,9],[-7,-7],[-17,4]],[[90237,9835],[4,28],[8,13],[-11,19],[-31,17],[-35,10],[-6,4],[2,7],[22,16],[7,14],[-2,0]],[[90195,9963],[8,10],[36,10],[14,12],[6,13],[-4,-3],[-7,13],[1,7],[24,17],[-2,6],[-25,-18],[-2,-12],[7,-13],[-9,-17],[-9,-4],[-31,-8],[-8,-5],[-3,-7]],[[90191,9964],[-25,4],[-2,-11],[-9,-8],[-28,12],[-17,0],[-10,-4],[-6,-17],[-15,-1],[-55,6],[-28,-1],[-21,-9],[-10,-30]],[[89314,9857],[1,47],[-18,24],[37,50],[18,1],[32,16],[7,47],[6,7],[-4,68],[19,57],[29,18],[39,37],[19,5],[9,10],[9,4],[12,10],[-1,5],[-5,3],[3,5],[12,6],[0,3],[7,6],[11,3],[49,48]],[[89605,10337],[12,-8],[70,-12],[94,-7],[19,-11],[8,-12],[45,-21],[-9,13],[26,24],[27,7],[94,9],[41,-2],[57,10],[2,-4],[60,8],[32,-1],[67,-21],[13,-8],[7,-2],[8,3],[3,-3],[59,-17],[148,-24],[28,-7],[2,-3],[25,-8],[4,-12]],[[87423,10841],[35,-15],[57,-4],[-2,-6],[7,-16],[25,-14],[19,-3],[29,-13],[-2,-2],[7,-17],[-8,-11],[-48,-28],[2,-5],[10,-3],[3,-8],[7,-3],[-14,-25],[3,-1],[-3,-9],[-5,1],[-1,-4],[4,-4],[-3,-16],[4,0],[6,-11],[5,-3],[15,-2],[-1,-5],[9,0],[11,-11],[8,-2],[10,0],[29,-9],[7,3],[1,-6],[10,2],[5,-2],[9,0],[12,6],[10,2],[7,5],[25,3],[22,-3],[12,3],[9,-3],[27,5],[38,-5],[1,-6],[8,0],[12,-6],[6,-1],[27,-10],[23,-1],[23,-14],[14,-21]],[[87949,10543],[-14,2],[-9,4],[-20,0],[-12,-7],[-9,1],[-17,-4],[-25,-13],[-7,-26],[-55,-41],[-21,-25],[-19,-10],[-33,-27],[13,-30],[-3,-1],[2,-8],[-23,-8],[-47,2],[-25,-2],[-5,-3],[-24,1],[-12,-8],[-5,1],[-9,-10],[-16,-4],[-22,-19],[-23,-6],[-4,-6]],[[86465,10483],[0,3],[-12,1],[-8,3],[-1,17],[-3,3],[-11,-1],[-5,12],[-7,-1],[-2,4],[-11,-2],[0,3],[-8,4],[13,4],[-5,3],[-5,0],[-5,7]],[[86395,10543],[5,1],[-3,3],[5,8],[-4,4],[6,6],[26,15],[23,17],[6,0],[21,16],[1,11],[-6,8],[11,23],[-8,4],[-4,39],[8,15],[22,17],[3,13],[-14,45],[2,55],[-3,7],[21,15],[25,27],[-2,25],[17,16],[18,6],[8,-1],[14,2],[4,5],[29,13],[9,1],[19,8],[3,4],[7,1],[6,6],[-2,2],[10,3],[7,-1],[12,4],[3,-3],[10,3],[4,-5],[5,4],[11,0],[5,-3],[6,4],[15,-2],[7,4],[3,-3],[12,-2],[10,3],[5,-4],[16,6],[3,-3],[10,3],[11,-1],[1,4],[4,-2],[12,4],[-1,2],[18,1],[-34,31],[28,28],[27,19],[-14,6]],[[86874,11080],[11,4],[25,-11],[2,2],[21,-7],[38,-19],[-15,-17],[5,-6],[-1,-16],[-46,-25],[2,-14],[15,-6],[32,-9],[8,-6],[23,5],[2,-11],[18,-10],[2,-11],[27,-4],[17,11],[10,11],[8,0],[-14,-23],[-1,-13],[20,-12],[27,2],[9,8],[6,-8],[25,2],[3,9],[9,-9],[17,1],[3,-8],[23,-2],[15,-9],[56,-12],[15,-7],[8,-10],[18,-3],[1,5],[15,3],[27,-4],[8,-13],[16,1],[20,-3],[19,5]],[[88045,9702],[-27,4],[-40,-3],[-36,2],[-10,12],[-7,2],[-37,-4],[-3,3],[-10,-2],[11,-32],[-4,-36],[-44,-94],[-35,-39],[-13,11],[-10,-2],[-70,-41],[-42,-17],[-6,5],[-5,15],[-1,16],[-32,1],[-59,-19],[-26,-1],[-19,-11],[-51,-7]],[[87871,9999],[21,1],[24,7],[30,-6],[23,3],[9,-2],[-3,-6],[8,-14],[18,-21],[13,-7],[-8,-3],[17,-24],[-3,-5],[17,-4],[-1,-11],[10,-3],[0,-4],[8,-6],[-17,-18],[-3,-11],[10,-1],[4,-5],[13,-4],[-1,-14],[12,-8],[-3,-24],[3,-12],[-50,-7],[0,-6],[12,-10],[2,-8],[9,-11],[-11,-8],[19,-27],[-8,-18]],[[88880,10434],[38,2],[23,-2],[33,13],[7,12],[25,3],[20,7],[18,-3],[15,3],[10,4],[10,9],[14,4],[16,-1],[11,-3],[31,-31],[23,-16],[11,-3],[20,1],[44,23],[18,6],[1,10],[9,5],[27,-15],[24,0],[26,-5],[16,5],[17,20],[31,3],[7,-2]],[[89425,10483],[26,-13],[59,-43],[7,-22],[12,-7],[24,-35],[14,-9],[38,-17]],[[88390,9901],[-11,5],[-32,-2],[-55,16],[-39,-3],[-17,5],[-13,-11],[-24,13],[-8,8],[1,9],[-19,9],[-20,21],[-11,1],[-28,10],[-19,-6],[-21,9],[-17,14],[-16,41],[-9,5],[-15,1],[-6,4],[-11,-1],[-8,4],[-17,-7],[-41,-2],[-11,11],[-41,10],[-14,1],[-27,-8]],[[87841,10058],[-3,7],[-29,21],[1,10],[18,27],[0,21],[-6,5],[33,19],[15,4],[4,20],[7,1],[-2,8],[19,-1],[13,-4],[24,6],[30,1],[14,6],[18,1],[8,-2],[17,7],[-8,22],[12,2],[-16,29],[-35,12],[1,2],[26,52],[26,-4],[5,2],[2,28],[-4,6],[-3,22],[21,44],[27,32],[-22,16],[20,9],[24,16],[19,26]],[[88117,10531],[2,-3],[8,1],[-3,-4],[12,-5],[33,0],[3,2],[26,2],[4,-3],[15,2],[12,-2],[1,-7],[8,-2],[8,-7],[-3,-4],[8,-9],[-1,-5],[11,-10],[-2,-24],[5,-9],[0,-12],[8,-9],[31,-5],[23,-11],[17,-1],[25,-8],[28,1],[18,-3],[19,-7],[28,5],[18,-3],[11,-6],[19,-22],[39,-8],[11,0],[11,9],[23,7],[23,-6],[15,-1],[22,7],[31,5],[19,26],[48,12],[22,1],[27,-10],[29,5],[21,7],[13,15],[17,2]],[[87949,10543],[23,-6],[25,0],[6,-5],[14,-3],[42,-1],[28,6],[30,-3]],[[87841,10058],[1,-6],[6,-4],[1,-14],[-4,-5],[-6,-2],[4,-8],[-3,-3],[-5,1]],[[90237,9835],[-22,7],[3,4],[-4,13],[-2,-3],[5,-9],[-3,-4],[-21,6],[-7,6],[-5,16],[-28,12],[1,4],[15,10],[-7,37],[25,13],[8,16]],[[89764,9517],[-8,4],[-23,24],[14,5],[-10,26],[-27,-6],[-2,3],[-10,26],[23,5],[-3,5],[3,1],[-5,5],[-11,2],[-11,14],[12,4],[3,13],[-3,2],[2,9],[-10,3]],[[90191,9964],[-8,-15],[-18,-8],[-8,-9],[6,-34],[-13,-10],[-2,-6],[18,-11],[-14,-5],[-9,-10],[-15,-8],[-36,-5],[-4,4],[1,8],[-29,12],[24,-12],[3,-13],[5,-2],[-2,-6],[11,8],[24,2],[19,9],[13,12],[9,2],[7,-4],[2,-14],[28,-10],[21,-7],[4,-4],[8,0]],[[89071,9670],[-13,-43],[-3,1],[-7,-8],[-11,-19],[-17,2],[1,-6],[12,-4],[-11,-9],[3,-3],[-6,-10],[-10,-4],[-2,-8],[9,-2],[-2,-16],[-14,-21],[1,-15],[-10,-5],[5,-8],[18,-11],[6,-11],[10,-5],[12,5],[6,-3],[15,11],[-4,3],[5,2],[4,-3],[13,4],[15,-5],[-11,-10],[5,-16],[-17,-1],[-12,-5],[33,-14],[-11,-5],[0,-7],[-11,-2],[-6,2],[-21,-2],[20,-18],[-11,-10],[-5,0],[-8,-25],[-5,-26],[7,-3],[-2,-8],[5,-13],[-5,-7],[-24,4],[1,-4],[-6,-1],[3,-17],[-6,-2],[1,-6],[-13,-7]],[[88312,9343],[-19,89],[-15,25],[-5,3],[-12,2],[-64,33],[-3,10],[-9,3],[0,5],[-4,18],[6,10],[0,16],[-10,16],[-68,2],[-33,9],[-3,7],[8,18],[-5,12],[3,10],[-12,10],[-14,53],[-8,8]],[[89882,9432],[-117,-65],[-28,-12],[-85,-48],[-21,-18],[-13,-4],[-24,-36],[-7,-6],[-18,-6],[-1,-3],[-38,-18],[-5,-10],[-20,-14],[1,-6],[-5,-8],[-39,-18],[-16,-3],[-41,-14],[-15,-2]],[[85005,9250],[53,-4],[2,5],[69,-13],[-5,-8],[23,-4],[-5,-6],[11,2],[7,-5],[-15,-8],[5,-6],[14,-6],[5,4],[17,-3],[10,-22],[8,-6],[18,-7],[2,-4],[24,-4],[8,-7],[11,5],[7,16],[10,3],[7,-1],[0,3],[7,5],[-3,4],[8,3],[8,11],[10,7],[7,-6]],[[85328,9198],[18,-21],[15,-25]],[[85361,9152],[23,-40],[9,-44]],[[85393,9068],[8,-58],[1,-43]],[[85402,8967],[-2,-2],[-22,2],[-22,9],[-23,-16],[-58,21],[-11,10],[-1,16],[-16,12],[-30,-6],[-38,-26],[26,-15],[7,-10],[4,-24],[-29,-18],[-34,-29],[7,-8],[13,6],[-9,4],[-1,5],[24,1],[29,5],[-25,-31],[-3,4],[-14,-2],[-8,-6],[2,-3],[-3,-3],[-19,-6],[-64,24],[-40,10],[-6,-1],[-24,-17],[-9,-14],[4,-7],[-16,-16],[-6,-3],[-7,0],[-19,-16],[-33,19],[-14,-26],[-1,-35],[-126,42],[3,-12],[8,-4],[1,-12],[-12,-3],[-40,-1],[4,-7],[-9,-18],[8,-25],[-39,-11],[-8,-7],[-4,2],[-11,-8],[3,-4],[-10,-8],[0,-6],[-14,-5],[2,-4],[-5,-1],[0,-5],[21,-12],[-9,-9],[-11,-5],[6,-9],[-18,0],[-6,3]],[[84645,8646],[-2,1]],[[84643,8647],[-11,4],[-14,-8],[-27,0],[4,9],[-19,0],[1,7],[-27,3],[-34,11],[-10,-4],[-17,2],[-24,24],[-9,-6],[-15,2],[-32,-9],[-34,17],[-44,-28],[-23,1],[-19,-7],[-1,-10],[-23,8],[-133,-15],[-20,-26]],[[84190,9553],[28,19],[-10,5],[13,18],[-5,2],[11,11]],[[84227,9608],[24,5],[45,-5],[8,-10],[-1,-8],[19,-24],[106,-17],[10,1],[10,-7],[25,-2],[46,33],[56,3],[0,-31],[-6,-20],[3,-7],[8,-6],[15,-4],[73,-11],[5,-4],[-6,-4],[10,-16],[-6,-13],[3,0],[-1,-13],[6,-1],[-6,-15],[16,-4],[35,-20],[17,3],[5,-6],[6,-19],[-39,-20],[-16,6],[-24,-27],[21,-14],[34,-11],[4,-5],[16,-6],[8,-8],[-5,-4],[5,-4],[-5,-3],[1,-7],[33,2],[25,-7],[6,-5],[-6,-6],[2,-8],[10,-16],[-9,-5],[3,-7],[9,-3],[19,-13],[5,1],[32,-5],[36,-1],[32,29],[16,0],[11,14],[29,-3]],[[84378,10703],[-26,-21],[26,-26],[8,-18],[23,-18],[6,-14],[22,-14]],[[84437,10592],[31,-8],[3,-3],[6,-1],[3,-11],[13,-9],[7,2],[4,-2],[13,-1],[6,-4],[1,-6],[6,0],[4,-5],[-5,-9],[5,-6],[-8,-2],[6,-8],[-1,-4],[-16,-16],[0,-9],[14,-21],[0,-7],[10,-2],[9,-6],[9,3],[14,-4],[-3,-37],[-7,-6],[-1,-9],[-4,-2],[18,-4],[14,-15],[6,-1],[1,-4],[6,-1],[2,-4],[-6,-2],[16,-9],[-6,-11],[13,-12],[-1,-10],[-24,-23],[-6,1],[-3,-3],[6,-1],[-2,-6],[-24,-9],[16,-4],[9,-16],[-10,-2],[5,-3],[-16,-10],[-36,3],[2,-19],[12,-18],[-3,-23],[3,-10],[28,-22],[-8,-12],[-1,-11],[13,-8],[41,-14]],[[84621,10116],[-43,-11],[-38,-4],[-37,14],[-27,19],[-11,2],[-12,-4],[-6,3],[-26,-9],[-26,27],[-27,-16],[-25,4],[-18,10],[-7,-1],[-15,-10],[1,-3],[-10,2],[-6,-2],[-30,13]],[[84258,10150],[-12,3],[-5,6],[-17,-3],[-20,5],[-19,-10],[0,-2],[8,-1],[-2,-3],[-11,1],[-8,-4],[-5,2],[-14,-2],[-11,-9],[-13,2],[-25,11]],[[84104,10146],[5,2],[-4,2],[-8,-2],[-11,6],[-11,-1],[-17,10],[7,2],[-7,5],[-2,6],[-12,2],[18,32],[5,17],[-5,16],[-17,3],[-8,8],[7,2],[4,14],[-6,1],[-1,-3],[-5,2],[-2,-3],[-7,3],[-3,-1],[-5,3],[16,5],[-7,5]],[[84028,10282],[22,9],[18,10],[31,43],[35,25],[0,24],[-7,10],[-17,9],[-11,12],[-3,25],[-10,14],[-2,15],[14,20],[28,20],[3,33],[18,22],[3,22],[45,43],[8,12],[3,16],[11,9],[-11,18],[-10,42]],[[84196,10735],[13,12],[2,5]],[[84211,10752],[10,-9],[46,-17],[14,-2],[17,-6],[28,-1],[16,-10],[7,3],[17,-12],[12,5]],[[85327,9850],[-9,-10],[-14,-3],[3,-7],[-4,-2],[0,-12],[-15,-17],[-11,2],[-26,-14],[-11,-19],[-12,-8],[-13,-26],[22,-14],[0,-13],[-11,-5],[2,-7],[-21,-17],[-13,-3],[-4,-5],[47,-8],[36,-18],[13,-10],[-8,-7],[10,-12],[12,-5],[33,-6],[-20,-5],[-12,-13],[46,-8],[36,-15]],[[85383,9563],[-23,-16],[-14,-20],[-29,-18],[-13,-21],[-14,-9],[-4,-19],[-12,-8],[-5,-12],[-28,-26],[-5,-8],[2,-13],[-20,5],[-25,28],[-15,4],[-1,3],[-23,11],[-23,-4],[-22,-14],[21,-12],[-1,-3],[8,-1],[-2,-7],[5,-1],[7,-13],[-23,-6],[1,-18],[-7,1],[-12,-3],[-11,3],[3,-9],[-4,-14],[8,-17],[-42,-4],[9,-18],[8,-4],[-24,0],[-2,-4],[-15,2],[-17,-31],[-14,-17]],[[84227,9608],[-52,20],[-1,12],[-6,3],[-10,14],[3,18],[-18,8],[-16,12],[-5,15],[1,7],[-3,3],[-8,0],[9,7],[4,7],[8,5],[1,3],[37,21],[10,10],[24,9],[2,3]],[[84207,9785],[14,18],[5,4],[12,0],[14,-5],[4,2],[9,-3],[-2,-3],[10,-3],[15,-8],[21,0],[4,-4],[9,1],[6,-3],[8,0],[-2,-4],[14,-5],[-1,-5],[-11,-9],[5,-14],[-5,-1],[4,-4],[11,-5],[5,3],[7,-2],[18,3],[1,-5],[11,-9],[-2,-4],[39,-8],[46,34],[20,-1],[7,20],[-11,1],[-8,13],[-8,3],[35,1],[19,7],[16,14],[11,-8],[30,2],[35,9],[22,2],[24,7],[23,1],[28,11],[9,9],[-11,35],[-1,13],[7,16],[19,17],[0,3],[34,21],[23,25],[13,10],[3,-2],[5,3],[7,20],[-15,13],[12,11],[18,-3],[18,17],[22,8],[1,-4],[34,-4],[11,-8],[32,16],[14,1],[-5,-9],[34,-17],[9,2],[10,-4],[9,10],[11,1],[1,25],[-5,4],[15,15],[9,-2],[0,7],[14,0],[-1,-12],[17,-1],[3,-3],[11,-3],[-5,-7],[-3,2],[-23,-17],[16,-11],[4,2],[5,-3],[6,-11],[8,-4],[-6,-5],[8,-8],[22,-11],[0,-6],[40,2],[3,-13],[-5,0],[7,-6],[-4,-9],[4,-3],[-6,-4],[3,-7],[18,-3],[1,2],[14,-5],[1,8],[17,-3],[0,-4],[10,1],[7,-2],[-6,-15],[5,-3],[0,-8],[-4,-14],[4,-7],[7,-2],[1,-7],[9,-4],[6,-12],[5,0],[5,-8],[24,-2],[10,8],[-3,2],[9,7],[10,-1],[5,-9],[-8,-8]],[[84768,10796],[-4,-3],[6,-3],[18,-6],[-8,-7],[4,-6]],[[84784,10771],[-13,-4],[-8,5],[-16,3],[1,1],[-26,3],[-3,-5],[-5,0],[-29,9],[-4,-5],[-17,2],[1,5],[-12,0],[-1,-4],[-13,5],[-6,-1],[-21,5]],[[84612,10790],[-1,6],[-9,-2],[0,-5],[-17,1],[-9,-4],[-8,5],[5,3],[-6,12]],[[84567,10806],[-8,9],[-16,-1],[12,18],[29,30],[20,10],[15,3]],[[84619,10875],[6,-13],[49,-22],[23,-24],[23,-10],[24,-2],[24,-8]],[[84898,10862],[32,-56],[-12,-14],[39,-32],[10,-15],[-73,-25],[-61,-18],[-20,-13]],[[84813,10689],[3,6],[-5,11],[-9,4],[-1,5],[-5,0],[-3,17],[11,3],[-4,10],[-8,0],[3,4],[-9,7],[8,3],[-10,12]],[[84768,10796],[9,8],[16,35],[-8,2],[-2,-3],[-31,8],[16,7],[-10,4],[-11,9],[12,7],[14,0],[4,10],[14,12],[13,-3],[8,13],[7,0],[15,18]],[[84834,10923],[29,-6],[33,-3],[-7,-34],[-18,-29],[27,11]],[[84619,10875],[-17,42],[7,1],[2,8],[-6,3]],[[84605,10929],[15,24]],[[84620,10953],[24,-2],[28,-22],[22,-2],[46,-11],[11,4],[14,1],[8,4],[19,-8],[14,8],[29,-1],[-1,-1]],[[84813,10689],[-34,-24],[-17,-8],[-16,-16],[-4,12],[-17,0],[-7,-2],[-16,4]],[[84702,10655],[18,38],[-6,8],[-13,5],[-42,10],[-28,14],[-19,60]],[[84702,10655],[-12,-9],[-33,-2],[-26,1],[1,2],[-24,5],[-4,-8],[-14,-5],[-38,1],[-4,-4],[-44,-6],[-36,-13],[-9,-5],[1,-4],[-23,-16]],[[84378,10703],[122,67],[16,14],[6,-6],[29,10],[-7,9],[23,9]],[[84211,10752],[6,11],[-4,15],[23,25],[7,0],[2,4],[13,6],[32,-4],[13,2],[16,12],[10,-6],[8,9],[95,-25],[17,-2],[25,3],[0,10],[-9,22],[2,16],[-8,11],[-12,6],[-1,5],[7,5],[23,-7],[18,33],[3,7],[9,1],[4,11],[-4,1],[9,9],[3,-2],[9,23],[20,-2],[38,-13],[4,2],[2,-4],[14,-7]],[[83244,11266],[-13,-17],[-3,-11],[7,-11],[8,-2],[8,4],[1,-4],[-6,-4],[-11,-15],[9,-3],[-15,-15],[29,-3],[0,-2],[31,0],[11,-10],[21,-3],[2,-5],[-15,-6],[5,-22],[-3,-6],[-10,-5],[-3,-11],[-9,-4],[-2,-8],[-7,-2],[39,-5],[-10,-11],[-27,-9],[-10,-10],[2,-6],[33,-29],[-2,-70],[5,-23],[9,1],[10,9],[-1,3],[52,6]],[[83379,10957],[32,-4],[18,-8],[19,1],[11,-5],[18,-4],[24,-13],[38,-7],[22,0],[31,-19],[13,-4],[14,-1],[12,-3],[4,-4],[29,0],[9,3],[35,-3],[5,-5],[-7,0],[-2,-4],[9,-16],[-2,-9],[-5,-1],[5,-4],[-4,-8],[-16,-8],[6,-5],[-6,-8],[4,-3],[-1,-16],[8,0],[13,-13],[0,-6],[-15,-20]],[[83700,10760],[-12,-5],[-7,0],[0,-3],[-9,-3],[-5,-6],[-5,-21],[-17,-9],[-16,-19],[-14,-4],[-5,-8],[-17,1],[-47,15],[-37,8],[-17,-12],[7,-3],[6,-12],[-21,-4],[2,-1],[-13,-6],[0,-5],[-17,-9],[-12,8],[-21,-12],[-17,-1],[-2,-8],[-8,-4],[-24,-25],[-1,-7],[-20,-14],[-4,-7],[12,-16],[29,-7],[9,-8],[29,9],[2,-3],[26,-6],[16,1],[10,-12],[8,-3],[6,-8],[8,-3],[6,-25],[-6,-6],[5,-2],[-4,-7],[14,-4],[3,-7],[-20,-20],[1,-7],[13,-14],[-2,-31],[17,2],[2,-3],[20,6],[9,-1],[-1,-10],[17,2],[3,7],[11,3],[6,6],[4,16],[11,4],[-9,8],[2,8],[15,-5],[14,-16],[30,2],[7,-13],[-3,-6],[9,-10],[-2,-8],[5,-11],[37,-9],[11,-16],[11,-10],[-21,-26],[-4,-28],[-13,-6],[2,-10],[5,-5],[-6,-3],[7,-2],[0,-12],[-5,-4],[4,-5],[12,-1],[34,-19],[21,-20],[22,-29],[33,-3],[17,-7],[6,-27],[-10,-10],[11,-3]],[[83853,10131],[-15,-20],[-5,-14]],[[83833,10097],[0,-34],[12,-40],[15,-23]],[[83860,10000],[-20,4],[-7,-2],[-6,5],[-7,-3],[1,-4],[-5,-3],[-9,1],[-7,-12],[-17,1],[-6,-11],[3,-9],[8,-4],[-7,-3],[8,-4],[-8,-7],[-8,1],[-5,-5],[0,-6],[8,-5],[-1,-8],[-5,-1],[5,-5],[-6,-1],[7,-19],[-7,-10],[6,-2],[9,3],[29,-18],[-4,-9],[11,0],[-2,-8],[5,-2],[-7,-3],[-1,-5],[-10,3],[-8,-1],[3,-7],[-10,2],[-1,-6],[-9,6],[-10,-6],[-3,5],[-4,0],[-9,-5],[10,-5],[-16,2],[6,-10],[-11,-8],[47,-35],[-5,-6],[17,-20],[7,-35],[-20,-17],[21,-8],[-20,-16],[-67,-38]],[[82909,10346],[5,1],[2,4],[-13,0],[-4,2],[-10,-5],[0,4],[-16,3],[13,19],[-5,3],[1,6],[5,2],[-12,10],[0,15],[10,11],[4,0],[-3,4],[8,10],[-4,3],[7,6],[-1,4],[10,1],[1,7],[5,2],[-33,8],[0,9],[-20,4],[-6,-3],[21,17],[3,8],[-9,3],[1,3],[-10,5],[19,8],[-8,9],[4,19],[-3,12],[-5,4],[-10,1],[7,2],[5,7],[21,2],[5,2],[8,-2],[20,10],[14,3],[14,-3],[8,5],[11,17],[18,11],[2,16],[25,6],[27,3],[10,5],[9,11],[-14,0],[2,7],[-23,5],[-31,-2],[-4,8],[13,10],[-10,8],[18,3],[1,2],[28,8],[7,6],[-4,9],[3,5],[-14,21],[5,6],[12,8],[36,5],[20,8],[35,10],[34,19],[13,24],[11,12],[-32,2],[-16,-3],[-9,10],[-16,-4],[-18,5],[-1,-3],[-24,-2],[4,-17],[-44,-1],[-12,7],[-21,4],[-25,-3],[1,11],[-19,15],[-7,15],[-3,16],[16,8],[-5,5],[1,8],[-9,8],[-19,6],[-18,25],[10,10],[7,32],[-35,3],[-26,13],[-22,2],[-21,-1],[-27,-6],[-11,61],[-34,55],[-2,31],[7,12],[-17,-2]],[[82751,11164],[-22,0],[-10,5],[-1,5],[7,3],[45,4],[27,-10],[10,-13],[8,0],[7,23],[15,7],[14,3],[8,5],[-2,7],[4,1],[17,-7],[12,3],[6,6],[18,-4],[15,3],[3,6],[19,-11],[10,2],[28,11],[8,6],[1,6],[18,-2],[9,3],[35,16],[19,4],[15,8],[51,2],[23,-3],[7,3],[-13,11],[-25,10],[-8,-2],[-15,6],[7,9],[12,5],[-2,8],[18,10],[8,15],[36,-40],[24,-13],[27,-9]],[[83244,11266],[2,1]],[[83246,11267],[5,-2],[90,-5],[35,-5],[19,-6],[35,-19],[19,-8],[19,18],[70,-1],[3,-1],[-5,-7],[-2,-26],[8,5],[8,0],[23,-7],[4,-4],[3,-23],[-34,4],[-1,-5],[10,-13],[1,-13],[-12,-11],[11,-2],[-3,-4],[-19,-3],[-19,-20],[18,-2],[59,-28],[15,-7],[-1,-7],[-12,-10],[-11,-2],[-4,-6],[-23,-18],[-40,-13],[-42,-34],[-59,3],[-39,-6],[-3,-1],[7,-21]],[[85497,10220],[-9,-3],[2,-5],[-11,-6],[9,-4],[0,-8],[3,1],[7,-12],[6,-26],[-8,-14],[4,-2],[-36,-12],[-17,-1],[-36,-16],[-9,4],[-17,-3],[-38,-11],[-15,-9],[-23,-4],[6,-17],[43,-46],[3,-27],[39,6],[11,4],[5,-2],[-1,-5],[10,-2],[13,-8],[12,5],[17,-9],[1,2]],[[85468,9990],[3,-4],[-15,-12],[-14,-19],[-10,-4],[0,-4]],[[85432,9947],[-10,-5],[1,-2],[-9,-2],[0,-4],[-6,-2],[1,-5],[-4,1],[-3,-5],[-19,-15],[-13,-4],[-5,-6],[12,-6],[-2,-9],[10,-11],[-5,-9],[15,-5],[2,-5],[4,-1],[0,-10],[5,-2],[-24,-3],[0,4],[-9,1],[1,5],[-10,7],[-16,1],[-1,-6],[-20,1]],[[84207,9785],[-35,17],[-80,28],[-60,28],[12,19],[5,-4],[14,-3],[15,1],[12,-5],[17,16],[-2,5],[14,7],[12,10],[4,15],[-9,6],[15,15],[-3,7],[4,9],[14,0],[2,3],[-12,5],[-8,-1],[-10,12],[-7,-3]],[[84121,9972],[-4,1],[2,16],[-11,18],[-2,14],[-7,5],[-18,2],[-5,3],[-3,10],[4,5],[0,8],[16,7],[5,-1],[1,-5],[5,4],[-3,4],[9,1],[2,-4],[7,0],[10,17]],[[84129,10077],[69,29],[47,30],[13,14]],[[84621,10116],[20,-9],[21,-5],[41,-3],[4,4],[4,-3],[18,5],[1,3],[32,11],[10,9],[9,3],[43,0],[4,5],[27,-1],[11,10],[12,-2],[29,8],[9,-5],[24,-2],[21,-7],[7,9],[12,-4],[6,6],[11,-5],[6,-9],[-8,-8],[18,-10],[49,6],[23,11],[5,6],[22,14],[-3,-7],[21,-7],[13,1],[2,-4],[19,-4],[2,7]],[[85166,10139],[39,-8],[10,4],[11,-4],[8,9],[11,-5],[19,22],[21,36],[9,7],[8,3],[25,0],[16,3],[7,7],[8,0],[-1,4],[5,6],[10,2],[24,15],[37,12],[29,4],[8,6],[1,5],[15,8],[5,-1],[-2,-6],[11,0],[3,-2],[-1,-7],[-7,-2],[5,-8],[-3,-8],[4,-2],[-3,-5],[4,-8],[-5,-6]],[[86190,11441],[1,-3],[8,-1]],[[86199,11437],[7,-4],[13,-21],[6,-2],[-4,-3],[13,-1],[-5,-6],[7,-5],[-12,-5],[-8,-7],[-1,-5],[4,-3],[-5,-4],[-12,-4],[-15,2],[-2,-7],[6,-7],[-9,-10],[12,-14],[3,5],[8,-3],[11,1],[11,-11],[7,3],[6,-2],[16,-20],[23,-14],[5,-7],[21,-4],[45,2],[21,-5],[9,4],[15,0],[16,-1],[7,-4],[10,4],[21,-6],[16,5],[43,-1],[5,-3],[-7,-1],[2,-3],[-20,-26],[-10,-6],[-6,1],[-8,-9],[-15,-4],[-12,1],[0,-8],[-4,-6],[9,-2],[7,-12],[9,-4],[7,-19],[-3,-19],[-11,-21],[-3,1],[1,-26],[-9,-10],[-5,-13],[57,-9],[13,9],[34,13],[5,7],[25,18],[20,2],[26,-4],[24,-10],[10,13],[7,1],[14,-6],[56,4],[21,-6],[-5,-6],[10,-3],[2,-4],[26,0],[6,-6],[26,7],[16,-4],[-24,-13],[13,-7],[-5,-17],[8,-4],[25,17],[29,0]],[[86395,10543],[-16,5],[-3,-3],[-9,1],[1,-3],[-6,1],[3,5],[-10,-2],[2,4],[-10,-1],[2,4],[-6,-1],[-16,4],[-15,8],[-5,-4],[-2,2],[-8,-1],[-2,4],[-5,-6],[-10,0],[-30,14],[-11,1],[1,3],[-8,0],[-8,3],[-5,-3],[-8,2],[-2,-3],[-13,7],[-17,-1],[-9,4],[-12,-5],[-10,9],[-7,2],[-8,-5],[-1,6],[-9,0],[3,4],[-12,2],[-11,6],[-16,-2],[-2,5],[-11,3],[-2,4],[-14,3],[0,4],[-7,2],[-6,-3],[-6,1],[-15,6],[-20,4],[-9,10],[1,6],[-11,4],[-3,-3],[-19,17],[-18,-13],[-3,1],[1,-12],[-12,-9],[13,-18],[1,-12],[-14,-11],[-18,9],[-11,-5],[-10,10],[-6,-8],[-18,5],[-2,-4],[-7,0],[-12,4],[-10,9],[-20,-6],[-14,4],[6,7],[-18,13],[-12,0],[-9,6],[-15,-1],[-19,-6],[-6,5],[-4,-11],[-2,3],[-28,-1],[4,-11],[-9,2],[-11,23],[-12,8],[-14,5],[-19,-1],[0,-4],[-20,-15],[-17,4],[-23,11],[-5,-2],[-9,7],[-9,1],[-11,-4],[-8,4],[-3,-3],[-11,0],[-3,2],[-30,-1],[-6,5],[6,18],[-9,2],[-4,20],[-23,-2],[-14,10]],[[85436,10705],[27,18],[54,14],[19,22]],[[85536,10759],[0,24],[32,2],[1,-3],[32,12],[22,2],[16,5],[-7,5],[-6,13],[-15,7],[-13,0],[-29,5],[-2,9],[7,10],[-1,9],[38,9],[-30,21],[60,53],[6,16],[-7,11],[2,14],[19,12],[-41,7],[-15,5],[-7,6],[-14,-3],[-11,3],[-16,9],[-21,0],[-9,2],[-44,-3],[-22,15],[-3,19],[-35,11],[-13,2],[-9,-2],[-4,-8],[-12,-9],[-8,-1],[-8,8],[-8,3],[0,11],[-8,10],[-5,10],[4,0],[1,9],[-5,22],[6,1],[1,14],[5,3],[-6,7],[11,15],[13,5],[45,58],[22,19],[-2,6],[19,6],[23,3],[9,8],[5,14],[11,8],[4,15],[-25,61]],[[85489,11364],[67,-7],[0,4],[32,2],[24,-6],[11,13],[90,-25],[32,22],[-37,24],[5,1],[-34,12]],[[85679,11404],[18,12],[9,-3],[-3,4],[7,-3],[2,2],[-6,5],[40,-15],[-1,-6],[6,-5],[17,2],[34,-4],[20,3],[25,9],[19,-1],[13,3],[24,-4],[20,-1],[12,-4],[25,4],[14,6],[3,-3],[7,6],[9,-3],[6,4],[4,-1],[17,4],[14,-1],[15,-5],[6,2],[6,-1],[20,5],[7,5],[4,-1],[8,8],[6,-2],[3,4],[13,-1],[4,3],[9,0],[6,5],[5,-3],[12,4],[10,-1],[1,4],[9,2],[4,-2],[8,1]],[[85436,10705],[-29,-11],[-13,-8],[-39,-53],[-41,-28],[-64,-21],[-22,1],[-6,3],[2,-8],[-40,-8],[-67,-31],[-1,-8],[-13,-17],[0,-10],[-8,-10],[1,-25],[-9,-4],[-13,3],[-4,-3],[6,-12],[16,-9],[59,-20],[-9,0],[-12,-12],[2,-5],[-13,-5],[-21,1],[-2,-4],[10,-5],[-11,-13],[9,0],[3,-13],[14,-1],[7,-4],[-17,-13],[8,-1],[1,-7],[7,-6],[-12,-4],[3,-7],[-16,-4],[-3,-3],[7,-3],[-15,-9],[1,-6],[-7,0],[12,-8],[-9,-10],[25,-15],[-3,-27],[37,-26],[18,-21],[8,-19],[-7,-37]],[[84898,10862],[62,34],[13,17],[13,8],[21,4],[19,-4],[18,1],[53,21],[9,-2],[5,21],[24,0],[12,-15],[51,-16],[28,3],[9,-16],[33,-12],[24,-3],[13,-8],[12,-15],[24,29],[17,10],[36,7],[30,-2],[14,-2],[7,-30],[-6,-21],[-5,-1],[-9,-19],[3,0],[-3,-9],[-8,-3],[-2,-5],[15,-10],[-21,-14],[23,-13],[25,6],[-4,9],[13,1],[-2,-6],[5,-4],[6,1],[1,-6],[21,9],[4,-1],[-7,-17],[-10,-7],[0,-6],[-23,-12],[13,-6],[19,-4],[43,5]],[[85707,9166],[-4,0],[-4,-8],[0,-14],[-9,-25],[-19,0],[-24,-6],[-19,1],[-8,-5],[-17,1],[-20,-24],[9,1],[13,-3],[8,4],[2,-3],[-15,-37],[-11,3],[-6,5],[-36,-8],[-5,-4]],[[85542,9044],[-2,23],[-8,-1]],[[85532,9066],[-23,51],[-14,3],[5,6],[-8,-3],[-2,4],[4,3],[-8,2],[0,5],[-3,6],[8,2],[-6,11]],[[85485,9156],[3,5],[18,5],[31,-8],[19,0],[18,5],[1,-5],[9,4],[9,11],[7,2],[-8,2],[1,3],[8,-1],[3,19],[6,7]],[[85610,9205],[30,-12],[17,0],[41,-9],[11,-11],[-2,-7]],[[85707,9166],[34,-3],[27,-9],[21,-4],[26,4],[23,-8],[9,14],[16,-2],[13,3],[14,-1],[39,-24],[15,-16],[2,2],[34,-17],[11,-3],[8,2],[10,-6],[22,-2]],[[86031,9096],[-4,-8],[-24,2],[-18,-3],[-2,-18],[-20,-11],[19,-6],[3,-8],[-5,-20],[-5,-2],[-11,2],[-1,-8],[-39,1],[-38,-12],[8,-23],[-8,-2],[15,-7],[6,-6],[-22,-23],[-4,-15],[-11,-1],[10,-14],[-3,-4],[9,-6],[13,3],[27,-6],[2,-5],[16,-10],[-4,-3],[19,-10],[-7,-8]],[[85952,8865],[-20,2],[-25,-10],[-33,4],[-22,-7],[-30,10],[-29,-1],[-12,11],[-28,4],[-20,12],[-16,2],[-20,-2],[-15,2],[-4,-2],[17,-22],[-10,-8],[-3,-7],[-25,-6],[-7,-5],[-24,-8]],[[85626,8834],[-26,1],[-28,17],[-59,-12],[-16,-7],[-17,12]],[[85480,8845],[20,51],[22,36],[20,44],[5,28],[-5,26],[5,4],[-5,10]],[[85485,9156],[-1,-1]],[[85484,9155],[-20,41],[-3,28]],[[85461,9224],[18,2],[6,3],[21,-4],[-3,-4],[13,0],[29,10],[8,-6],[21,-2],[31,-12],[5,-6]],[[85484,9155],[-10,-10],[-25,3],[-32,10],[-56,-6]],[[85328,9198],[3,1],[-4,5],[8,-1],[12,6],[6,-2],[4,4],[4,-4],[4,1],[0,6],[5,2],[16,-1],[25,6],[3,5],[13,2],[1,6],[6,0],[-1,5],[18,3],[4,-7],[-7,-2],[-4,-8],[17,-1]],[[85480,8845],[-26,16],[6,4],[1,6],[-58,16],[-23,-1]],[[85380,8886],[24,83],[-2,-2]],[[85393,9068],[11,-3],[15,10],[23,-6],[22,-3],[28,-10],[4,5],[17,-3],[7,7],[7,-3],[5,4]],[[84275,11660],[0,-13],[-12,-9],[-13,-3],[-12,-9],[-1,-6],[6,-5],[5,-18],[-17,-12],[-13,-40],[1,-4],[12,-2],[-8,-11],[12,-14],[5,-18],[-1,-17],[4,-7],[-10,-15],[24,-28],[11,-24],[-12,-32],[2,-19],[-10,-38],[31,-15],[20,-1],[3,2],[4,-4],[7,0],[8,-8],[-9,0],[-2,-8],[9,0],[-1,-10],[5,-7],[11,-4],[-6,-7],[0,-6],[-10,-7],[-15,0],[-17,-11],[7,-6],[-5,-10],[-25,-6],[-6,-15],[-8,1],[-6,-5],[-2,-8],[-6,-3],[26,-21],[-1,-19],[3,-3],[32,-3],[1,-5],[40,5],[45,-1],[3,-2],[0,-7],[8,-1],[-9,-4],[8,-2],[-5,-3],[4,-1],[-3,-4],[6,1],[9,-2],[26,3],[12,-2],[15,2],[6,-2],[-1,7],[14,5],[4,9],[11,-5],[34,0],[4,2],[-7,6],[12,4],[9,0],[5,-4],[11,3],[-12,-12],[-4,-9],[3,-8],[14,-13],[8,-16],[-1,-9],[19,-1],[2,7],[17,0],[4,-2],[-4,-6],[39,-7],[23,2],[16,-7],[1,-5],[-15,-16],[-47,-79]],[[84196,10735],[2,6],[-6,3],[-3,-2],[-29,22],[-8,-7],[-13,-3],[-19,-1],[-37,4],[-26,-9],[1,-4],[-7,-8],[-17,-3],[-1,-6],[-73,8],[-13,10],[-15,3],[-28,16],[-11,-1],[-19,-7],[-24,-10],[-10,-9],[-11,-2],[-12,1],[-11,6],[-15,1],[-6,-6],[-27,-2],[-11,2],[1,4],[-14,6],[-3,3],[-7,-2],[-16,7],[1,3],[-9,2]],[[83246,11267],[26,30],[24,8],[15,10],[16,0],[-1,-4],[46,1],[4,-5],[9,2],[-2,3],[11,-1],[12,11],[9,1],[4,5],[8,0],[4,-5],[5,0],[7,-5],[19,8],[32,4],[-4,4],[-28,-2],[3,12],[-15,-4],[-31,4],[7,9],[-10,18],[-18,-2],[-3,9],[-17,7],[-42,9],[-12,38],[-12,7],[-4,7],[11,18],[1,12],[-5,1],[-4,5]],[[83311,11482],[-2,8],[7,33],[17,12],[-5,21],[-11,14],[12,26]],[[83329,11596],[19,1],[22,-2],[34,5],[31,0],[27,8],[5,-2],[11,6],[68,9]],[[85742,10242],[2,-5],[15,-4],[-2,-4],[8,-7],[1,-6],[-4,-2],[3,-5],[-2,-11],[-19,-25],[-20,-13],[1,-4],[-24,-34],[-1,-20],[-5,-1],[3,-12],[-6,-1],[4,-7],[18,7],[5,-5],[15,6],[10,-7],[-6,-9]],[[85738,10073],[-8,-10],[-20,8],[-27,-14],[-39,17],[-33,-2],[-21,-4],[-33,-10],[-13,-10],[-14,7],[-15,0],[-4,8],[-27,-18],[3,-5],[-4,-1],[3,-13],[-3,-12],[-6,-20],[-3,-3],[-6,-1]],[[85497,10220],[9,-7],[19,-3],[12,1],[18,-5],[1,-3],[7,0],[2,-4],[8,1],[37,-10],[6,3],[6,18],[-2,6],[4,5],[-3,2],[7,5],[-1,6],[6,3],[-3,8],[22,1],[32,-2],[55,7],[3,-10]],[[85738,10073],[2,-7],[-14,-20],[2,-12],[-5,-9],[13,-19],[-11,-6],[-26,-43],[-17,-1],[-16,-10],[-17,-4],[-51,-3],[-8,-4],[-16,-3],[-8,15],[2,10],[-9,2],[-6,-4],[-20,1],[-1,5],[-18,-2],[3,-6],[-9,-3],[-1,-5],[-10,-7],[-3,2],[-11,-1],[-28,3],[-23,5]],[[86029,9335],[-10,-6],[-3,-9],[-4,0],[-2,-40],[11,-32],[-9,-21],[1,-2],[32,-3],[16,-7],[-34,-13],[20,-12],[-16,-17],[5,-8],[-4,-23],[13,-23],[-6,-13],[7,-8],[-2,-2],[-13,0]],[[85383,9563],[11,2],[19,11],[12,-7],[14,-1],[14,15],[47,15],[45,-11],[8,-7],[1,-8],[26,-21],[17,18],[16,11],[3,-1],[33,16],[11,-4],[7,1],[2,-6],[5,-1],[25,1],[5,-6],[25,-7],[11,-23],[8,-6],[28,19],[3,18],[12,8],[14,-2],[9,1],[-2,2],[35,-2],[12,-23],[3,-15],[-1,-16],[4,-2],[-13,-6],[6,-5],[20,-5],[15,1],[16,-8],[32,-2],[14,-3],[-10,-10],[-5,2],[-5,-5],[6,-2],[-12,-10],[8,-4],[-6,-2],[5,-7],[-4,-2],[3,-4],[11,-3],[-7,-16],[3,-29],[-12,3],[-13,-10],[4,-2],[-10,-4],[-1,-8],[10,-2],[-21,-15],[6,0],[10,4],[18,-6],[12,6],[-2,-17],[9,4],[8,-2],[4,8],[41,-20],[7,7],[17,-2],[5,-2],[-5,-19]],[[86692,8720],[-214,-40],[-58,-8],[-103,-11],[2,3],[-37,11],[-38,-6],[-12,-7],[44,-20],[11,-10],[-4,-13],[7,-14],[9,-8],[-14,-34],[-9,-13],[-16,-8]],[[86080,8584],[2,4],[-14,7],[11,5],[2,4],[-13,17],[1,15],[5,3],[-9,11],[3,4],[-5,6],[4,2],[-9,7],[-22,7],[-15,9],[-1,21],[-18,6],[12,10],[-13,10],[-7,-2],[-14,3],[22,9],[36,9],[12,13],[23,10],[13,-3],[4,6],[-32,6],[-13,14],[3,26],[12,12],[1,10],[-9,10],[-10,4],[-15,-2],[-21,3],[-36,-1],[-18,6]],[[86029,9335],[13,-5],[12,1],[18,17],[6,-4],[13,10],[10,1],[11,4],[8,-4],[6,3],[10,-6],[35,11],[-1,-1],[22,-11],[9,9],[33,5],[18,10],[3,-2],[22,11],[14,4],[1,11],[23,5],[4,4],[8,-3],[0,-15],[9,-18],[-3,-9],[5,-11],[6,-4],[44,-7],[38,12],[7,6],[13,-1],[25,-6],[19,-12],[21,-5],[9,-1],[11,5],[7,-2],[27,-9],[7,-7],[16,-6]],[[85742,10242],[1,23],[7,1],[1,4],[-5,16],[-8,0],[-4,7],[0,12],[10,2],[3,11],[13,3],[2,5],[-4,6],[8,1],[0,5],[10,5],[-5,3],[11,3],[0,9],[-10,6],[5,0],[4,6],[7,-2],[-1,4],[5,-1],[9,5],[4,-2],[7,2],[12,-5],[7,3],[6,-3],[1,4],[5,-3],[6,3],[17,-6],[7,2],[3,-4],[7,4],[3,-7],[8,5],[5,-2],[-5,6],[8,-2],[6,3],[10,-4],[8,3],[-6,5],[8,2],[-2,3],[19,2],[1,-4],[8,5],[5,-3],[6,7],[11,-5],[12,-1],[4,-4],[9,3],[18,-5],[22,-1],[8,4],[14,-4],[5,7],[10,1],[8,-20],[18,-21],[-3,-6],[-8,-2],[5,-11],[-4,-2],[21,-11],[4,-18],[18,4],[17,-4]],[[85601,8639],[-1,-3],[-21,-9],[-9,-3],[-22,0],[-35,-17],[-29,-6],[-9,2],[-8,-3],[7,-2],[1,-4],[7,2],[6,-2],[-3,-6],[5,-2],[-10,-6],[-1,-11],[-21,-5],[3,-14],[-21,-8]],[[85144,8275],[-82,41],[-13,1],[-54,14],[13,23],[10,32],[12,20],[5,19],[-5,28],[3,8],[-27,13],[-17,19],[4,4],[11,0],[-5,16],[129,94],[15,-5],[11,9],[25,3],[-2,-9],[40,10],[26,3],[13,5],[23,2]],[[85279,8625],[1,-19],[46,5],[-2,2],[14,-2],[26,11],[23,-14],[6,3],[-4,5],[30,11],[-4,5],[16,5],[-4,4],[20,17],[9,-1],[42,-17],[41,37]],[[85539,8677],[62,-38]],[[84028,10282],[-49,-23],[-19,-25],[-64,-57],[-43,-46]],[[86691,8690],[-133,-38],[-118,-51],[-26,-16],[-47,-39],[-42,-49]],[[85754,8590],[-23,29],[-14,33],[-114,-2],[-2,-11]],[[85539,8677],[-15,10],[-3,-4],[-8,0],[-29,8]],[[85484,8691],[-2,9],[17,-1],[0,10],[-7,4],[14,16],[36,-1],[6,4],[-4,15],[31,-4],[2,4]],[[85577,8747],[53,-14],[71,-33],[36,-11],[22,-5],[72,-6],[-1,-16],[12,-2],[8,-14],[5,-23]],[[85626,8834],[6,-5],[-6,-6],[14,1],[8,-3],[15,-19],[-52,-28],[2,-3],[-13,-4],[5,-4],[-26,-7],[-2,-9]],[[85484,8691],[-27,-2],[-38,4],[-1,-3],[-11,2],[-18,-14],[-29,15],[-9,-1],[-34,6],[-83,1]],[[85234,8699],[21,33],[-1,24],[-19,1],[-1,14],[3,4],[11,-4],[0,12],[17,29],[11,12],[9,2],[13,12],[15,6],[42,27],[14,10],[3,7],[8,-2]],[[85279,8625],[2,44],[-5,4],[-23,5],[-32,-2],[13,23]],[[84643,8647],[-6,-4],[4,-8],[-11,-5],[-7,-23],[-10,-5],[-23,-23],[0,-7],[7,-6],[-5,-8],[-18,-3],[-10,-8],[-27,-37],[6,-7],[25,-9],[2,-6],[-4,-9],[18,-6],[-6,-7],[-3,-15],[-23,-8],[-6,-12],[-13,-3],[-16,5],[-12,1],[-47,-13]],[[85082,7946],[-26,5],[-25,9],[-46,30],[-81,34],[-41,12],[-48,10],[-27,2],[-29,12],[-27,5],[-6,-2],[-22,12],[-34,8],[-2,3],[-16,1],[-17,7],[-53,11],[-36,15],[-50,13],[-9,11],[0,10],[5,16],[18,21],[-1,8]],[[84473,8263],[-4,7],[-20,10],[-18,15],[0,4],[10,6],[-12,6],[12,12]],[[84446,8330],[13,14]],[[84464,8351],[23,22],[-10,9],[5,12],[-28,17],[0,6],[47,15],[13,1],[19,-6],[13,3],[8,12],[23,8],[2,16],[8,8],[-19,5],[4,9],[-4,9],[-22,6],[-7,7],[34,43],[21,4],[4,10],[-7,11],[21,22],[11,5],[8,25],[12,5],[-4,8],[6,3]],[[84129,10077],[-75,-27],[-65,-11],[8,37],[12,14]],[[84009,10090],[11,12],[14,36],[7,-4],[3,4],[8,-1],[-3,-5],[10,-1],[-1,-4],[30,-5],[2,3],[-4,3],[14,9],[-9,4],[13,5]],[[84121,9972],[2,-4],[-13,-3],[-11,-8],[-14,2],[15,-11],[-4,-4],[-37,11],[-28,15],[-13,9],[-12,17],[-5,-2],[-9,-19],[-31,10],[-5,-4],[-34,3],[-35,-5],[-1,-10],[-26,31]],[[83833,10097],[65,12],[20,-8],[9,1],[7,3],[17,17],[6,-6],[10,3],[-9,-12],[5,-4],[-5,-4],[-2,-6],[-4,-1],[1,-4],[23,4],[16,7],[17,-9]],[[84610,11573],[-8,2],[-5,5],[-8,-2],[-2,-6],[-15,1],[-11,-4],[-10,5],[-13,-13],[-9,0],[6,-5],[-17,-10],[7,-14],[-6,-5],[1,-4],[-13,-6],[10,-1],[2,-14],[9,-13],[-11,-4],[6,-31],[-5,-4],[7,-5],[2,-7],[25,-7],[-8,-1],[-4,-10],[6,-2],[7,7],[12,-5],[-1,-5],[22,-8],[-1,-7],[11,-1],[-9,-5],[7,1],[1,-3],[6,2],[-1,-4],[6,0],[1,-4],[18,1],[3,-5],[5,2],[3,-3],[13,1],[2,-2],[15,4],[8,-2],[5,1],[3,-3],[7,1],[1,-3],[10,1],[12,-6],[11,0],[14,4],[8,-4],[7,2],[2,4],[5,-2],[19,3],[6,-4],[11,-2],[16,2],[11,5],[22,0],[3,5],[24,-1],[51,4],[10,-2],[20,10],[9,-2],[8,-8],[14,0],[13,3],[2,4],[5,-2],[6,2],[1,6],[7,-3],[11,10],[16,2],[7,-6],[5,7],[9,2],[8,7],[9,-1],[1,6],[9,-2],[15,-1],[3,5],[6,-2],[8,6],[2,-3],[8,2],[3,-5],[6,4],[3,-4],[5,2],[3,-3],[-6,-2],[9,-2],[19,2],[11,8],[6,-1],[1,4],[21,4],[16,19],[19,-1]],[[85250,11454],[3,-5],[147,-61],[-5,-8],[8,0],[3,-3],[-4,-5],[13,-4],[23,0],[3,7],[9,0],[7,-7],[21,-6],[7,5],[4,-3]],[[75671,8835],[1,-8],[-19,-5],[5,-5],[-24,-4],[-6,1],[4,-9],[-14,-1],[-6,-6],[4,-3],[-33,0],[-7,-2],[-6,-9],[9,-5],[-10,-8],[-4,-24]],[[75565,8747],[-2,1]],[[75563,8748],[-174,58]],[[75389,8806],[10,9],[30,11],[12,1],[3,4],[2,-5],[56,6],[30,-5],[5,28],[18,11],[23,5]],[[75578,8871],[11,0],[3,4],[31,1]],[[75623,8876],[28,-34],[7,3],[2,-9],[11,-1]],[[75772,8940],[3,-3],[8,0],[3,-12],[14,8],[1,-6],[8,-1],[7,-31]],[[75816,8895],[-1,-39],[4,-14]],[[75819,8842],[-11,-2],[-1,3],[-7,0],[-6,6],[-19,-3],[3,-4],[-24,-5],[-1,2],[-40,-1],[-9,-3],[-33,0]],[[75623,8876],[10,4],[-1,2],[24,6],[0,-4],[10,2],[20,5],[-1,4],[24,6],[-13,19],[-11,-2],[-4,2],[-10,0],[4,4],[-1,6],[26,1],[-2,17],[28,1],[19,-13],[27,4]],[[75662,9053],[-5,-14],[23,-16],[12,-26],[17,-3],[16,-32],[8,-5],[19,2],[10,-2],[9,-7],[1,-10]],[[75578,8871],[-39,28],[4,2],[-12,38],[38,0],[-4,21],[-9,14],[-23,6],[-3,8],[-50,2]],[[75480,8990],[-30,3],[6,7],[17,0],[2,8],[13,16],[64,13],[21,11],[5,4],[3,27],[4,0],[17,-41],[44,8],[13,12],[3,-5]],[[75819,8842],[7,-28],[-8,-34],[-14,-19],[-26,-14],[-20,-5],[-21,-2],[-69,4],[-65,-2],[-38,5]],[[75389,8806],[-43,15],[-21,13],[-11,18],[-10,35],[-8,10],[-19,12]],[[75277,8909],[15,31],[-3,1],[4,19],[29,32],[26,-4],[27,1],[21,-6],[45,-3],[11,-7],[9,-15],[20,-15],[3,1],[-8,10],[4,36]],[[76769,10476],[2,-7],[-9,-2],[-3,-4],[6,-4],[-8,-3],[-1,-11],[-8,-2],[0,-9],[-17,-5],[2,-6],[-22,-4],[2,-4],[-11,-9],[6,-4],[-4,-5],[3,-3],[19,-10],[-6,-7],[14,-13],[-2,-16],[-25,2],[-4,-8],[-13,-3],[-6,3],[-10,-4],[-5,2],[0,-5],[-9,1],[2,-6],[-29,-8],[-6,-6],[5,-11],[-18,-12],[4,-1],[-4,-7],[7,-12],[-4,-3],[4,-8],[-12,-6],[-17,1],[-15,-15],[5,-8],[6,-1],[2,-5],[10,-7],[6,1],[12,-1],[-8,-7],[2,-9],[-6,-11],[37,-16],[5,-4],[-3,-4],[3,-6],[26,-4],[14,3],[14,-11],[25,3],[22,-22]],[[76749,10133],[-9,-7],[2,-4],[-9,-14],[0,-8],[40,-35],[17,-7],[-13,-17],[3,-7],[-9,-1],[-27,-13],[-20,-19],[-7,-1],[-49,9],[-58,19],[-20,1],[39,36],[-4,6],[7,4],[4,50],[-16,24],[-7,4],[6,6],[-16,-10],[-13,5],[2,5],[-7,5],[4,6],[-9,1],[2,6],[-15,1],[-8,-5],[-9,6],[-9,-5],[-11,3],[-24,-2],[-3,-3],[6,-2],[-2,-4],[7,-3],[10,0],[-8,-6],[-8,2],[-4,-6],[-19,9],[1,8],[-39,-6],[-12,6],[-2,6],[-10,3],[-5,-1],[-3,-4],[-41,-8],[-8,-4],[-5,-7],[7,-4],[-14,-14],[1,-11],[-6,-10],[3,-5],[22,-4],[-40,-74],[-40,-38],[10,-9],[21,-7],[-3,-9],[10,-16],[-10,-13],[1,-31],[11,-21],[-13,-16],[4,-8],[-6,-18],[-24,-26],[-11,-47]],[[76284,9774],[-95,15],[-120,-2]],[[76069,9787],[-88,16],[-28,9],[-21,19],[-5,-1],[-28,21],[-4,7],[1,9],[-16,7],[4,18],[23,21],[23,34],[12,29],[3,-1],[2,6],[6,-3],[10,1],[12,11],[5,13],[-6,4],[11,6],[-3,2],[8,3],[2,4],[4,-4],[1,6],[9,1],[0,4],[44,22],[-2,2],[6,5],[2,9],[8,2],[7,11],[11,8],[11,28],[6,2],[1,14],[14,10],[3,11],[26,7],[41,17],[-4,10],[-8,3],[-9,18],[-8,4],[-17,2],[-14,-2],[-3,-12],[-5,-4],[-21,6],[-15,-10],[-26,-8],[-28,0],[-5,5],[6,14],[1,21],[-6,2],[-1,6],[-9,6],[-5,9],[-16,6],[0,17],[-9,4],[-25,-2],[-11,19],[-16,18],[-38,-7],[-26,6],[2,14],[-9,0],[-6,15],[-14,3],[4,17],[-14,5],[2,19],[6,7],[-2,17],[4,34],[-9,41],[-10,16],[15,45]],[[75835,10541],[24,-9],[9,0],[77,13],[40,15],[68,8],[37,-16],[4,3],[10,-4],[7,5],[4,-2],[-8,-11],[1,-5],[24,-9],[42,-9],[20,1],[11,-5],[39,3],[22,-3],[22,-6],[8,0],[12,-6],[8,5],[10,21],[-25,28],[18,5],[31,18],[38,3],[-2,-5],[17,6],[4,-4],[14,-2],[-13,24],[-15,46],[24,0],[34,9],[19,8],[14,2],[12,-31],[17,-12],[-1,-18],[25,-24],[16,-6],[19,-20],[3,-8],[19,-16],[5,-25],[-6,-12],[3,-2],[22,-2],[24,-10],[30,0],[19,7],[30,-12],[48,-1]],[[76130,11046],[20,-6],[14,-8],[40,-4],[15,1],[1,4],[10,-1],[10,4],[2,-4],[17,6],[21,2],[21,-17],[25,-9],[12,-13],[6,2],[18,-8],[-5,-7],[16,-3],[-3,-10],[5,-1],[8,7],[12,1],[3,5],[36,8],[31,15]],[[76465,11010],[47,-1],[35,9],[31,1],[29,7],[34,2],[22,20],[4,0],[6,9],[17,10],[61,4],[32,11],[38,1]],[[76821,11083],[-30,-24],[-17,-28],[-6,-4],[-2,-11],[-13,-10],[-7,-36],[-20,-38],[40,-5],[10,-3],[9,-8],[7,2],[0,-8],[-8,-4],[-6,-10],[12,-17],[-12,-31],[4,-17],[-20,-5],[14,-27],[1,-20],[-6,0],[-2,-17],[25,-1],[-10,-16],[17,-5],[24,-15],[23,-20],[4,-4],[-4,-12],[11,-7],[0,-13],[-7,-8],[5,-16],[5,-2],[2,-7],[12,-5],[67,-55],[38,-44],[8,-19]],[[76989,10513],[-24,-24],[-36,10],[-41,6],[-75,-14],[-32,-13],[-12,-2]],[[75835,10541],[-49,27],[-27,31],[-11,18],[3,23],[-3,9],[-18,-1],[-14,16],[-27,-2],[-17,4],[-9,6],[-25,0],[-10,15],[-9,6],[-40,2],[9,-12],[4,-20],[-3,-7],[12,-22],[7,-25],[12,-11],[1,-17],[-5,-14],[46,-68],[-141,7],[-96,-31],[-14,-12],[-9,-3],[-10,-14],[1,-5],[-20,-12],[3,-6]],[[75376,10423],[-73,16],[-63,22],[-114,11],[-24,7],[-7,15],[-32,9],[-28,14],[-12,12],[2,4],[11,8],[29,13],[8,13],[3,13],[-19,20],[11,29],[11,6],[-3,29],[-10,16],[-33,18],[-5,7],[10,12],[-4,40],[14,17],[0,6],[-1,24],[-8,16],[1,30],[-17,6],[6,23],[-3,4],[-34,11],[-28,32]],[[74964,10926],[8,6],[42,15],[11,6]],[[75025,10953],[56,-6],[23,-7],[-6,-13],[3,-11],[-4,-14],[23,-12],[10,-8],[33,5],[30,-11],[10,0],[14,4],[17,11],[0,29],[10,10],[13,-10],[15,-24],[37,5],[20,6],[25,-1],[27,-6],[24,2],[22,12],[24,25],[46,39],[26,12],[11,13],[-1,3],[17,9],[7,17],[11,13],[34,4],[12,12],[17,4],[9,6],[7,-2],[3,6],[12,-1],[5,7],[6,-1],[6,4],[6,-1],[1,5],[8,0],[11,5],[14,-1],[9,6],[17,3],[12,0],[2,-2],[16,2],[17,-4],[23,2],[4,6],[11,5]],[[75830,11110],[42,-5],[1,-3],[21,-4],[10,-6],[8,8],[10,1],[29,-3],[18,1],[6,-3],[6,2],[14,-6],[7,2],[5,-8],[27,-1],[13,-11],[3,-15],[6,-3],[1,-4],[22,-10],[18,-4],[5,-3],[22,-4],[6,15]],[[77841,9539],[-10,3]],[[77841,9539],[0,0]],[[77857,9536],[21,7],[10,12],[16,4]],[[77904,9559],[11,-23],[-58,0]],[[77990,10066],[-4,-10]],[[77990,10066],[0,0]],[[77988,10097],[11,-3]],[[77988,10097],[0,0]],[[77981,10125],[-2,-4]],[[77981,10125],[0,0]],[[77987,10134],[-6,-5],[-3,-10],[7,-22],[2,-2],[16,-3],[5,-5],[-16,-6],[-1,-13],[-24,-43],[5,-8],[34,-22],[-8,-5],[1,-17],[-20,-11],[-12,0],[-16,-15],[-27,-13],[5,-7],[-9,-6],[2,-7],[14,-9],[19,-2]],[[77955,9903],[-3,-4]],[[77952,9899],[-30,1],[29,-2]],[[77951,9898],[-4,-5],[-7,-22],[-11,-4],[-2,-4],[-23,-4],[-2,-6],[-24,-1],[-19,4],[-18,-5],[-11,15],[-1,6],[9,11],[-8,4],[3,8],[-7,8],[-11,7],[-27,-5],[-8,-3],[-10,-10],[-8,1],[-11,-6],[-6,3],[-32,-4],[-1,-3],[-19,-1],[-6,-7],[-35,-13],[-21,-33],[-27,-30],[3,-21],[-4,-5],[-1,-37],[6,-10],[33,-28],[33,-12],[37,-7],[16,-30],[-6,-9],[5,-12],[34,1],[2,-6],[16,1],[3,-4],[33,-16],[16,-4]],[[77830,9600],[-2,-2],[22,-11],[46,-14],[11,-9]],[[77907,9564],[-1,-1]],[[77906,9563],[-23,-7],[-8,-11],[-21,-7],[-29,7],[-38,-3]],[[77787,9542],[-9,-3]],[[77778,9539],[-7,-2],[-6,-6],[-13,-37],[-26,-32],[6,-18],[18,-14]],[[76838,9463],[3,14],[4,2],[-6,19],[-30,28],[-3,19],[7,20],[-3,11],[-27,25],[-57,36],[7,14],[0,14],[-30,-15],[-21,-4],[-27,25],[-27,11],[-17,16],[-24,4],[-19,-6],[-19,-2],[-24,1],[-33,7],[-37,18],[-9,21],[-26,19],[-136,14]],[[76749,10133],[14,-12],[0,-4],[10,-2],[3,-4],[-3,-11],[22,-11],[18,-5],[6,-6],[14,-4],[26,0],[14,1],[11,6],[24,4],[23,-14],[3,-17],[-5,-8],[11,-6],[-24,-19],[-8,-22],[5,-4],[34,-5],[-18,-18],[-1,-6],[25,1],[31,-7],[50,2],[10,-4],[17,1],[24,-9],[13,10],[-2,6],[16,21],[7,4],[34,-6],[20,2],[23,6],[31,-3],[3,-5],[16,-1],[3,5],[11,-3],[9,5],[19,3],[7,-9],[-8,-10],[12,-6],[-1,-4],[-10,-2],[14,-10],[-7,-9],[24,-13],[21,-4],[16,3],[19,-11],[17,-6],[14,0],[15,-7],[25,8],[24,-4],[-3,30],[-9,18],[-8,1],[6,8],[10,7],[34,13],[12,22],[3,14],[2,4],[8,3],[-16,6],[-8,19],[10,34],[9,17],[29,23],[14,19],[21,14],[-2,15],[47,47],[83,57]],[[77712,10281],[18,0],[14,-13],[40,11],[34,13],[3,4],[21,1],[32,-3],[10,1],[11,-5],[-13,-6],[-39,-31],[-20,-4],[-12,-11],[-25,-17],[-19,-21],[18,-5],[38,2],[12,-7],[12,-4],[0,-3],[-6,-2],[7,-2],[3,-7],[35,-16],[64,-8],[16,-7],[19,-3],[2,-4]],[[75328,9793],[6,-31],[6,-5],[11,-1],[12,5],[17,16],[22,10],[70,-8],[2,4],[59,-8],[5,-18],[-8,-16],[29,-3],[23,3],[15,-6],[19,0],[47,-15],[33,-3],[21,-6],[51,-9],[35,12],[39,5],[25,12],[55,-10],[78,8],[22,20],[43,28],[4,10]],[[76477,9002],[-140,8],[-98,-2],[-54,-5],[-1,3],[-35,-3],[-76,-10],[-63,-14],[12,-5],[3,-6],[-34,-26],[-31,-16],[-134,-40],[-10,9]],[[75662,9053],[11,7],[32,2],[11,-3],[31,9],[-13,25],[11,13],[39,32],[22,27],[73,6],[2,8],[5,4],[-3,23],[6,29],[-2,44],[19,63],[-35,0],[-32,-4],[-11,-3],[-13,3],[-8,5],[-99,4],[-35,5],[-44,-9],[-24,1],[-59,-39],[-12,-24],[-77,4],[-26,-2],[-3,7],[-8,-1],[-20,15],[-49,24],[-14,-4],[-59,7],[-119,0]],[[75159,9331],[-23,16],[-13,20],[4,29],[9,10],[32,68],[-20,10],[-17,32],[-14,11],[-21,9],[48,33],[6,4],[6,-2],[3,2],[3,8],[-8,14],[-11,7],[-23,5],[-41,18],[10,8],[-10,20],[2,10],[-20,2],[-13,6],[-2,16]],[[75046,9687],[15,1],[33,24],[-3,7],[12,10],[-3,8],[15,31],[-9,21],[4,20],[8,9],[4,15],[15,17],[39,21],[15,21],[31,-7],[18,-10],[0,-33],[37,5],[-5,-17],[5,-22],[5,-11],[9,-8],[18,-9],[9,2],[10,11]],[[74561,8609],[-21,-2],[45,11],[-24,-9]],[[74736,8718],[-7,-5],[-4,-5],[-5,-1],[0,4],[6,4],[8,10],[2,-7]],[[74728,8793],[-1,-6],[-3,3],[4,3]],[[74724,8792],[-4,0],[0,6],[4,-6]],[[75563,8748],[-8,-18],[1,-10],[46,-42],[30,-52],[-60,-11],[-15,-8],[-29,-6],[-18,-16],[1,-7],[6,0],[-3,-13],[-14,-9],[-9,-14],[-24,-9],[38,-10],[-66,-46]],[[75439,8477],[-6,2],[-3,-8],[-19,-12],[-30,-12],[-46,-11],[-93,2]],[[75242,8438],[-5,5],[11,7],[17,0],[12,4],[6,4],[-7,12],[0,21],[15,21],[24,5],[17,-4],[11,1],[12,18],[-11,5],[1,12],[-21,-6],[-4,1],[-18,-9],[-27,6],[-24,-3],[-32,3],[-24,-2],[-43,7],[-10,4]],[[75142,8550],[2,8],[-5,18],[7,22],[7,3],[7,-4],[15,1],[18,8],[14,3],[16,15],[10,3],[12,8],[3,19],[-8,21],[-6,5],[-12,-1],[-1,2],[10,1],[5,10],[26,13],[17,20],[-6,16],[7,6],[7,-2],[4,15],[-6,2],[-6,13],[30,7],[-11,1],[-17,14],[0,10],[-3,0],[2,-8],[-5,-2],[-6,7],[4,6],[-6,-2],[1,6],[-7,-4],[-1,-5],[3,-8],[-43,-23],[-10,-16],[5,-2],[4,-7],[2,6],[7,-3],[-2,-20],[-9,-3],[-3,2],[-3,-4],[-13,5],[-8,-2],[14,0],[-1,-2],[7,-2],[5,3],[2,-2],[-25,-20],[-6,-12],[-3,1],[-5,-6],[5,1],[7,-19],[-5,-2],[-5,3],[-2,-3],[14,-1],[5,-5],[-3,-6],[-31,-24],[-32,-2],[-39,-14],[-7,-6],[4,-4],[2,7],[10,1],[-7,-12],[-42,-5],[2,-3],[-17,-6],[-9,-2],[-41,-25],[-14,-16],[-62,7],[-26,11],[-9,1],[-2,-3],[-11,7],[-19,-1],[-7,4],[-2,5],[9,8],[6,12],[18,5],[14,-2],[-1,-4],[10,-2],[1,3],[17,5],[14,-1],[-17,4],[-2,-3],[-13,0],[-14,11],[0,5],[-7,-8],[-14,0],[-15,6],[4,-6],[-17,-8],[-45,14],[-16,0],[-5,-2],[-3,-5],[-30,12],[-6,9],[3,6],[-14,18],[0,11],[25,18],[13,3],[7,11],[22,21],[47,0],[23,29],[10,4],[2,-2],[4,3],[27,3],[0,4],[-4,1],[-3,6],[-19,4],[-40,-8],[-9,-4],[-22,1],[5,2],[-1,7],[-4,1],[2,24],[-4,0],[6,4],[1,29],[7,4],[-2,-9],[8,5],[2,9],[-6,12],[13,8],[0,10],[-10,1],[-25,-9],[-1,-4],[8,0],[-3,-5],[-48,6],[-12,24],[-15,-10],[4,-4],[-10,-24],[2,-8],[11,-12],[2,-5],[-13,-10],[-11,-1],[1,-2],[-8,-3],[-10,2],[-1,-3],[-9,-1],[8,-2],[7,1],[4,-6],[17,3],[7,-5],[6,0],[20,-10],[-4,-4],[3,-9],[7,0],[-1,-8],[8,-6],[-18,-10],[-6,-7],[-25,-10],[5,-2],[0,-9],[-44,-45],[-4,-10],[7,-23],[-8,1],[-9,-15],[-8,-4],[-11,-1],[8,-1],[-6,-2],[12,-3],[10,7],[-5,-7],[-7,-2],[-53,11],[-43,16],[-36,19],[-17,18],[3,45],[-8,13],[-15,9],[-11,22],[-13,6],[2,2],[10,-1],[3,7],[-5,2],[5,2],[-7,12],[-5,3],[9,6],[25,2],[4,18]],[[74495,8821],[-9,27],[6,1],[0,21],[14,0],[6,21],[19,-6],[-4,13],[-3,3],[-10,0],[14,28],[23,-2],[8,8],[12,1],[1,33],[-6,12],[9,7],[-4,20],[4,7],[-6,2],[15,11],[-11,2],[4,3]],[[74577,9033],[32,-6],[32,-11]],[[74641,9016],[89,-33],[8,-42],[22,-33],[155,-14],[30,35],[18,7],[40,8],[26,15],[97,-16],[-3,-12],[83,-3],[48,-10],[23,-9]],[[75376,10423],[7,-2],[2,-3],[13,1],[2,-7],[-11,-6],[10,-7],[22,-3],[16,-8],[-10,-15],[28,-20],[-13,-24],[3,-12],[6,-3],[-5,-7],[7,-3],[-13,-4],[-23,3],[-4,-3],[-10,-24],[15,-16],[-2,-11],[-21,-13],[-14,-23],[-25,-5],[-1,-20],[-9,-16],[19,-6],[5,-4],[11,-23],[-1,-7],[-21,1],[-2,-3],[-18,3],[-11,-5],[5,-7],[-19,-17],[0,-3],[-5,-1],[-15,-14],[12,-5],[59,-9],[0,-4],[68,-24],[-60,-55],[-15,-5],[1,-11],[-12,-12],[-20,-8],[-1,-5],[4,-3],[36,0],[23,-7],[21,2],[1,-6],[-9,-17],[-1,-31],[-25,-17],[-19,-4],[-24,-22],[-8,-19],[1,-16],[-4,-4],[6,-11]],[[75046,9687],[-18,1],[-34,-9],[-24,13],[-14,4],[-43,2],[5,9],[27,25],[8,14],[2,9],[-5,0],[-3,27],[6,10],[-48,17],[15,7],[6,8],[11,6],[-2,20],[-6,12],[-34,32],[-15,4],[-18,-36],[-11,-12],[-44,-6],[-11,4],[-39,-5],[-19,-12],[-14,-5],[4,-21],[-17,5],[-61,-12],[-40,0],[-56,-8],[-17,-10],[-11,-15],[-13,-9],[-46,19],[-25,3],[-33,-4],[-20,3],[-28,0],[-26,-5],[-18,-8],[-21,-3],[-29,-11],[-96,-3],[-47,-12]],[[74124,9735],[-31,34],[-9,19],[-19,9],[-37,3],[-9,4]],[[74019,9804],[41,15],[57,10],[16,23],[12,38],[23,2],[-15,21],[-14,11],[3,21],[42,36],[40,20],[36,37],[5,13],[9,5],[3,8],[-24,66],[11,15],[14,7],[14,33],[12,9],[6,13],[11,7],[1,7],[9,2],[19,16],[-3,31],[18,15],[4,10]],[[74369,10295],[18,16],[18,5],[1,9],[8,3],[-1,3],[13,4]],[[74426,10335],[17,-2],[10,4],[2,-6],[8,1],[11,9],[0,6],[13,2],[-1,23],[-9,11],[1,4],[-25,18],[-9,13],[7,54],[-8,5],[-6,7],[14,39],[17,13],[8,1]],[[74476,10537],[13,3],[11,9],[39,13],[20,4],[19,-1],[12,3],[39,25],[113,82],[59,30],[75,27],[16,25],[4,31],[5,7],[7,42],[-6,26]],[[74902,10863],[39,45],[23,18]],[[74641,9016],[5,4],[-19,21],[4,3],[-36,19],[1,21],[-15,24],[-2,14],[-3,0],[17,30],[20,26],[12,9],[-4,1],[3,9],[20,3],[15,18],[10,6],[-10,4],[38,21],[14,2],[29,13],[24,3],[90,29],[52,7],[38,-2],[12,2],[14,-7],[18,-1],[31,13],[-1,20],[6,9],[9,8],[25,8],[15,2],[13,-4],[15,-17],[19,-7],[19,-3],[20,7]],[[78479,10778],[-15,-16],[-8,0],[4,-8],[9,-3],[-4,-20],[-13,-9],[-10,1],[1,-11],[-20,-9],[-4,-6],[1,-8],[10,-14],[15,-5],[21,0],[12,2],[5,5],[11,-1],[7,-6],[-5,-16],[14,-6],[4,-15],[8,-1],[-8,-8],[-14,0],[-6,-5],[-2,-15],[5,-7],[9,-2],[-12,-12],[9,-1],[2,-3],[-5,-10],[-8,1],[-3,-4],[14,-11],[-7,0],[0,-6],[-8,0],[3,-11],[-12,-5],[6,-16],[10,2],[1,-5],[-9,-3],[-2,-7],[-16,-4],[-6,3],[-13,-3],[-6,-8],[-15,-5],[-12,2],[-12,-15],[-12,2],[-3,-8],[12,-16],[12,-6],[1,-12],[8,-5],[-8,-6],[-11,-2],[-7,-5],[-31,-5],[-17,6],[-12,-4],[-1,8],[6,1],[-5,3],[-12,-3],[-8,4],[-1,-5],[-13,-3],[-4,7],[-6,0],[-18,-7],[1,-9],[-3,-3],[-19,6],[-6,-4],[-15,-2],[-3,-6],[8,-3],[-12,-4],[-4,-12],[-7,-2],[-14,6],[-8,8],[-9,1],[-8,4],[-13,-2],[-5,-11],[3,-8],[-7,-6],[6,-12],[-16,-13],[-6,-2],[-7,2],[-8,-9],[-15,-6],[-4,-11],[-7,-3],[-2,-6],[4,-12],[13,2],[-1,-7],[7,-5],[22,1],[10,-4],[8,4],[22,-2]],[[78180,10288],[10,-9],[-3,-10],[9,-2],[-3,-5],[7,-3],[-6,-23],[-23,-5],[-6,3],[-45,0],[-15,-5],[-7,2],[-6,9],[-9,-1],[-3,-5],[-19,2],[-9,-15],[-15,1],[0,-11],[-12,-7],[-2,-23],[6,-18],[9,0],[3,-2]],[[78041,10161],[-18,-15]],[[78023,10146],[-34,-12]],[[77989,10134],[-2,0]],[[77712,10281],[-60,19],[11,14],[-2,17],[3,4],[-26,4],[10,13],[-10,6],[-9,-10],[-20,-12],[-12,0],[-9,5],[7,22],[-4,15],[3,8],[-1,28],[-24,3],[-7,19],[39,9],[20,16],[7,43],[-14,6],[-23,-4],[-8,2],[-12,17],[-15,9],[-24,9],[-26,7],[-17,-4],[-12,-33],[-59,-38],[0,-5],[-26,-11],[-19,4],[-14,-2],[-40,19],[-1,20],[-88,11],[-65,4],[-27,-2],[-4,6],[-6,0],[-56,15],[-46,-10],[-37,-11]],[[76821,11083],[21,-1],[21,9],[32,1],[45,8],[40,11],[25,16],[15,6],[9,0],[38,-9],[36,1],[55,-31],[43,-15],[30,-6],[23,-16],[13,-5],[28,-4],[31,1]],[[77326,11049],[34,5],[35,15],[22,20],[11,4],[91,19],[76,-8],[11,-3],[4,-5],[16,-5],[33,-6],[13,1],[0,-3],[31,-4],[18,14],[4,-2],[29,-3],[30,-7],[23,2],[60,-3],[1,-8],[17,0],[3,-2],[6,9],[10,-3],[2,8],[17,-4],[4,9],[24,18],[-18,7],[-16,17],[3,9],[-7,9],[10,21],[5,5],[25,-4],[9,-8],[2,5],[24,-7],[23,-2],[3,-4],[-12,-4],[4,-12],[12,3],[15,-1],[9,16],[18,-2],[4,-4],[23,-2],[1,2],[11,1],[2,-3],[17,-1],[0,-3],[19,-8],[4,4],[17,-1],[25,-10],[15,1],[1,-4],[4,-1],[32,3],[-3,4],[10,4],[7,7],[14,1],[23,12]],[[78286,11157],[16,7],[6,9],[32,10]],[[78340,11183],[8,-30],[12,-14],[13,-28],[-3,-15],[17,-44],[7,-91],[13,-7],[1,-4],[7,-2],[-2,-6],[6,-1],[5,2],[4,-2],[7,2],[-1,-5],[7,-2],[5,4],[9,1],[4,-5],[9,0],[-1,-6],[5,-2],[-5,-6],[3,-3],[-6,-4],[-1,-14],[-11,1],[-8,8],[-9,-1],[-12,-6],[5,-6],[-11,-1],[-4,-5],[10,-9],[-8,-4],[0,-3],[11,-2],[-3,-6],[3,-8],[-9,0],[-2,-2],[7,-12],[-5,-3],[3,-5],[11,-1],[6,-4],[23,11],[14,2],[3,5],[4,-5],[10,0],[7,-8],[-7,-13],[-8,-6],[3,-11],[-8,-4],[1,-6],[11,-2],[-16,-11],[0,-4],[5,-2]],[[75761,8234],[-10,0],[-3,2],[13,-2]],[[75744,8247],[-7,-6],[-1,3],[8,3]],[[75727,8247],[-7,-2],[6,4],[1,-2]],[[75735,8252],[-2,0]],[[75735,8252],[0,0]],[[75748,8249],[-7,-2],[-2,6],[3,2]],[[75736,8258],[0,0]],[[75738,8259],[-17,-5],[-19,3],[-7,-8]],[[75695,8249],[-6,3],[-18,1],[-7,6],[6,16],[-3,13],[9,4],[20,2],[6,8],[-1,7],[9,6],[0,10],[-13,11],[-16,1],[4,8],[-7,8],[-8,2],[-13,-1],[-7,7],[4,5],[15,5],[6,5],[19,-4],[12,6],[11,18],[0,15],[-20,10],[-12,-8],[-28,1],[-8,14],[5,23],[-7,0],[-5,-8],[-16,-2],[-4,5],[-16,-4],[-32,1],[-28,-8],[-25,-1],[-21,7],[4,9],[-6,1],[2,9],[-15,9],[-20,-13],[-31,13],[5,8]],[[75578,7848],[-35,-19],[-21,-23],[2,-4],[-10,-2],[-26,0],[-44,9],[-59,28],[-45,34],[-3,6],[-29,18],[-13,3],[-4,-1],[-14,2],[7,2],[-4,8],[-53,34]],[[75227,7943],[2,1],[-6,7],[-10,4]],[[75213,7955],[-11,7]],[[75202,7962],[1,2]],[[75203,7964],[10,2],[17,-5],[10,-7],[20,-4],[9,1],[2,-2],[17,2],[1,5],[26,3],[8,4],[5,10],[-5,11],[10,20],[11,5],[4,-3],[7,0],[0,5],[9,6],[10,-2],[7,6],[67,-23],[-7,-13],[11,-3],[-4,-4],[42,0],[-21,-22],[-16,-25],[12,-3],[9,2],[20,-5],[11,9],[41,-12],[-3,-6],[7,-1],[-21,-38],[9,-3],[5,4],[12,-1],[-4,-7],[4,-3],[10,2],[1,-13],[-8,0],[1,-4],[17,-2],[2,-2]],[[75167,7996],[1,4]],[[75168,8000],[5,11],[0,-13],[-6,-2]],[[75191,8025],[-4,11]],[[75191,8025],[0,0]],[[75180,8045],[-9,5]],[[75180,8045],[0,0]],[[75161,8056],[7,-4]],[[75161,8056],[0,0]],[[75155,8058],[-3,0]],[[75155,8058],[0,0]],[[75145,8060],[-1,0]],[[75145,8060],[0,0]],[[75142,8064],[2,0]],[[75142,8064],[0,0]],[[75138,8063],[4,1]],[[75138,8063],[0,0]],[[75144,8070],[-2,1]],[[75144,8070],[0,0]],[[75778,8109],[-4,-4],[-5,2],[6,6],[3,-4]],[[75782,8142],[-1,-4],[12,-9],[4,2],[14,-5],[3,-3],[-9,-2],[-18,5],[-5,-3],[-9,1],[5,9],[-11,-1],[-9,5],[11,1],[-3,-3],[6,0],[-2,4],[12,3]],[[75145,8150],[-1,-3]],[[75145,8150],[0,0]],[[75822,8132],[-4,1],[4,9],[12,4]],[[75859,8163],[0,0]],[[75155,8176],[0,0]],[[75837,8166],[5,-3],[8,0],[1,-5],[-10,-4],[-20,5],[-3,7],[4,4],[15,-4]],[[75617,8173],[-11,-4],[-15,1],[4,-2],[-11,1],[-10,3],[-1,-3],[-5,2],[-4,-4],[-1,5],[-5,-3],[-3,3],[15,2],[47,-1]],[[75756,8230],[-4,-3],[-8,2],[12,1]],[[75745,8232],[0,0]],[[75729,8234],[9,-10],[11,2],[9,4],[3,-1],[-24,-6],[-8,11]],[[75740,8237],[0,0]],[[75734,8239],[0,0]],[[75721,8241],[0,0]],[[75728,8242],[-10,-2],[5,4],[5,-2]],[[75733,8241],[-6,-5],[-1,4],[5,4],[2,-3]],[[75716,8242],[-2,-2],[-12,4],[14,-2]],[[75732,8251],[0,0]],[[75733,8252],[0,0]],[[75695,8249],[1,-4],[16,-8],[-11,-3],[10,-1],[3,-3],[2,4],[10,1],[2,-2],[-4,-10],[-7,-10],[7,1],[12,8],[9,-3],[-1,-3],[-7,-1],[-3,-4],[-29,-3],[-9,3],[-8,1],[4,5],[-8,-3],[3,5],[-20,1],[4,-5],[-1,-4],[-13,1],[6,5],[-5,2],[4,3],[-29,-5],[-5,-3],[10,-1],[2,-3],[-17,-1],[16,0],[-27,-1],[-3,-1],[-10,9],[-22,6],[-13,-3],[-3,-3],[8,-8],[13,1],[-10,2],[3,2],[21,-5],[-15,-3],[1,-6],[11,1],[4,8],[21,-13],[-13,7],[-10,-6],[-24,-6],[-31,-30],[-3,-10],[-6,1],[1,-6],[-4,3],[-7,-6],[-10,1],[-1,-3],[28,3],[44,17],[23,5],[-14,-5],[10,-3],[6,2],[0,6],[19,7],[19,3],[11,-4],[-9,0],[-6,-4],[3,5],[-9,0],[-9,-3],[3,-1],[-9,-4],[-4,-10],[6,0],[-2,8],[5,-2],[9,2],[-1,-9],[5,6],[15,-3],[-8,-5],[13,-1],[8,-4],[14,-1],[20,-10],[28,-35],[7,-7],[11,-1],[0,-7],[-8,2],[-1,4],[-3,-6],[3,-6],[14,-18],[19,18],[-18,7],[9,0],[9,-5],[14,1],[28,19],[10,14],[30,1]],[[75863,8111],[-59,-30],[-38,-27],[-22,-24],[-3,-40],[-30,-23],[-10,-15],[-25,-20],[-22,-27],[-37,-32],[-39,-25]],[[75203,7964],[-6,1]],[[75197,7965],[4,4],[-2,4],[-24,11],[10,1],[0,-3],[12,-3],[8,-8],[17,2],[20,-11],[31,-2],[38,9],[4,3],[-6,28],[10,18],[-3,8],[-10,2],[-8,-2],[6,-2],[-6,-5],[-11,-3],[9,-6],[7,2],[8,-3],[-6,-12],[-9,-7],[-1,-4],[-7,2],[-9,-3],[-3,3],[-13,1],[-3,-12],[-1,8],[-35,12],[11,-5],[23,-7],[1,-6],[-5,5],[-12,1],[-4,5],[-17,4],[-2,-9],[-5,3],[9,9],[-7,-5],[1,4],[-12,7],[-8,19],[2,9],[-5,9],[4,5],[-6,-2],[-36,20],[-2,7],[15,7],[1,4],[10,1],[-1,4],[20,11],[-5,16],[5,3],[14,-1],[2,5],[-13,-3],[18,5],[3,-2],[-1,7],[-17,-7],[-13,1],[-6,-3],[-5,1],[0,6],[-4,0],[1,5],[-6,8],[-10,0],[-9,4],[-3,12]],[[75150,8154],[1,2]],[[75151,8156],[4,17],[0,4]],[[75155,8177],[-2,17],[-10,2],[6,14],[-33,11],[7,18],[-20,16],[6,7],[12,1],[30,-10],[8,-1],[3,2],[11,23],[23,32],[-1,15],[26,35],[-3,9],[-13,4],[1,9],[-5,4],[5,0],[25,19],[9,23],[-11,11],[13,0]],[[74113,8900],[0,-1]],[[74113,8900],[0,0]],[[74115,8902],[-1,8]],[[74115,8902],[0,0]],[[74495,8821],[-11,27],[-9,6],[-22,4],[-9,1],[-5,-3],[-1,-5],[9,-3],[-2,-2],[-63,7],[-27,0],[-16,-5],[-11,16],[-28,5],[-9,-7],[-21,-9],[-7,-16],[-7,1],[6,-7],[2,4],[27,-20],[8,-17],[-11,-4],[1,-4],[34,-65],[5,-8],[18,-7],[5,-4],[-5,-3],[-1,3],[-12,-3],[-3,-5],[9,-13],[12,-28],[-17,-28],[-3,-14],[1,-6],[5,-3],[-5,-1],[3,-13],[-7,-17],[6,-3],[-17,-8],[11,0],[1,-4],[-11,-1],[6,-3],[-4,-3],[6,-1],[-2,4],[11,-2],[-7,-3],[7,-3],[-6,0],[0,-4],[21,-5],[-14,0],[0,-2],[-15,3],[7,-7],[-15,1],[21,-2],[-7,-12],[3,-3],[-12,2],[-1,-2],[12,-1],[1,-8],[3,-5],[-1,9],[3,3],[12,2],[5,4],[0,4],[8,-9],[-4,-17],[-7,-8],[-16,3],[-9,8],[-11,5],[-4,9],[-31,14],[-22,19],[-34,11],[-14,19],[-49,33],[-56,20],[-89,13],[3,8],[25,5],[11,9],[-5,12],[-25,18],[15,7],[3,8],[-3,4],[-22,10],[6,4],[7,15],[-4,9],[18,25],[8,4],[69,91],[-15,21],[13,-12],[5,1],[-6,9],[4,2],[5,-11],[11,1],[-2,6],[-8,2],[1,5],[-8,0],[6,6],[-9,1],[-4,16]],[[74113,8921],[-1,9],[-7,2],[-6,8],[-6,16],[6,21],[9,1],[0,11]],[[74108,8989],[36,15],[30,7],[79,8],[83,13],[173,3],[68,-2]],[[75227,7943],[-10,2],[-3,-5],[-3,7],[2,8]],[[75202,7962],[-5,3]],[[75180,8045],[7,-9]],[[75191,8025],[-3,-7],[-7,0],[-9,17],[-10,11],[9,4]],[[75168,8052],[-11,-2],[-6,5],[1,3]],[[75155,8058],[6,-2]],[[75145,8060],[-5,-4],[-14,-1],[-9,-5],[-4,1],[16,9],[15,0]],[[75150,8154],[0,0]],[[75155,8177],[0,-1]],[[75155,8176],[-13,-17],[3,-9]],[[75144,8147],[-1,-9],[-23,10],[6,-8],[6,1],[17,-7],[-1,-3],[-9,-2],[0,-3],[14,-7],[7,0],[17,-13],[-12,-16],[-7,-2],[-13,0],[-16,5],[-9,11],[2,-16],[19,-4],[-9,-9],[3,-9],[-12,-5],[12,1],[9,4],[-2,5]],[[75144,8070],[0,-6]],[[75138,8063],[-15,-5],[-11,-7],[-8,3],[-25,1],[-8,4],[1,8],[-4,-4],[-5,2],[-4,-3],[2,-5],[6,-1],[0,-4],[-16,2],[37,-7],[22,3],[2,-1],[-10,-4],[32,6],[8,-2],[-7,-1],[2,-4],[6,2],[13,-7],[3,-4],[-8,-4],[8,-5],[-7,-6],[14,5],[-3,-5],[11,1],[-1,-6],[-14,3],[-17,-5],[-15,0],[7,-5],[20,4],[-18,-5],[23,-5],[1,-4],[5,4],[-4,0],[0,5],[4,-2],[5,4],[-2,-9]],[[75167,7996],[-10,-3],[-172,83],[-215,84],[-213,60],[-119,28],[-81,23],[-46,25],[-38,26],[-10,10],[8,8],[-2,49],[5,15],[12,4],[1,-2],[16,6],[8,-6],[-8,-1],[14,-3],[29,-15],[-7,-6],[-9,0],[2,4],[-6,-3],[-3,-8],[-13,-6],[-7,0],[-15,-11],[-9,-19],[2,-5],[-5,-4],[27,2],[33,10],[23,1],[-2,-4],[17,4],[10,14],[-2,21],[28,36],[22,1],[11,8],[7,2],[4,-3],[-12,-2],[-7,-6],[-11,-1],[6,-2],[-2,-4],[-5,3],[-9,-5],[11,4],[6,-4],[1,6],[10,-3],[34,9],[-2,4],[11,7],[9,17],[9,42],[8,17],[22,14],[-4,9],[10,-4],[3,8],[24,8],[11,0],[-14,-3],[-1,-4],[-7,0],[9,-4],[0,4],[14,3],[23,25],[34,16],[42,0],[29,5],[10,-1],[3,2],[0,-9],[6,8],[14,-8],[11,-1],[7,-9],[4,2],[7,-3],[-6,-4],[28,-11],[0,-4],[9,-3],[3,-8],[33,1],[8,-2],[6,2],[11,-2],[38,-11],[12,-5],[-2,-2],[44,-7],[5,-3],[33,7],[20,8],[25,24],[12,6],[15,2],[19,-3],[15,-11],[-3,5],[23,0],[-4,2],[2,3],[25,0],[3,5]],[[74108,8989],[0,6],[-6,8],[13,8],[8,14],[14,12],[15,27],[1,11],[16,13],[-6,8],[-15,7],[0,5],[-6,-2],[-1,6],[-25,15],[-15,4],[-15,1],[-18,10],[-17,23],[1,10]],[[74052,9175],[-8,6],[0,10],[-17,20],[-40,24],[-16,35],[-49,25],[-20,16],[-12,4],[-20,14],[2,2],[17,3],[30,47],[22,20],[-2,26],[8,33],[9,0],[20,45],[36,31],[25,43],[20,12],[18,3],[99,30],[18,10],[-34,33],[-5,30],[-8,14],[-20,17],[-1,7]],[[72356,15846],[-25,4],[-21,-17],[-7,0],[-1,9],[-24,-5],[-20,25],[-19,37],[-20,-7],[3,-5],[-43,-6],[5,-9],[-32,-5],[-5,13],[4,1],[-11,19],[-54,-14],[-15,-6],[-6,-8],[-3,-40],[4,-58],[-3,-2],[9,-14],[61,-52],[82,-37],[18,-2],[40,8]],[[72115,15261],[-63,-21],[-55,-11],[-19,-6],[-14,-8],[-39,-11],[7,-16],[-13,-3],[-50,-5],[-65,-2],[-24,-3],[-49,-14],[-98,-17],[-136,-15],[-3,18],[-9,13],[5,14],[12,9],[9,22],[-14,8],[-14,-1],[-38,-10],[-46,-3],[-16,1],[-22,7],[-25,-7],[-51,-9]],[[71285,15191],[-19,57],[0,20],[7,29],[42,47],[8,0],[20,48],[-10,28],[11,1],[14,19],[19,13],[28,52],[4,0],[-1,8],[21,3],[-8,13],[4,1],[-2,3],[7,2],[39,59],[47,89],[-4,4],[7,0],[1,3],[-10,5],[-6,14],[-6,0],[-30,-7],[-3,-3],[-8,1],[-2,-6],[4,-8],[-10,-3],[-1,3],[-8,-5],[-34,-2],[-14,-9],[-8,-9],[-3,2],[-22,-11],[-11,-1],[0,-6],[-6,0],[0,-6],[-8,0],[-19,-12],[-6,-5],[0,-10],[-5,-1],[-19,8],[-2,-9],[-8,3],[-22,-12],[-25,21],[-7,1],[-188,16],[-48,-5],[-51,3],[-13,3],[-45,0],[-11,-5],[-6,-8],[-24,-17],[-86,-46],[-15,-12],[-12,5],[-3,-2],[-7,6],[-5,21],[-7,0],[0,-3],[-24,0],[14,31],[46,51],[128,103]],[[70864,15764],[11,-25],[34,15],[20,-15],[16,7],[43,0],[0,4],[19,0],[67,-7],[12,-6],[4,-9],[21,-1],[88,63],[5,-4],[28,-5]],[[71232,15781],[31,-6],[15,2],[28,10],[18,-9],[41,52],[-1,5],[61,14],[-26,29],[-25,70]],[[71374,15948],[22,3],[2,4],[42,3],[33,6],[23,12],[22,7],[15,10],[23,8],[-2,4],[20,-1],[27,6],[15,-7],[9,-2],[51,-1],[74,-6],[15,3],[65,26],[46,72]],[[71232,15781],[4,12],[-6,5],[18,25],[-13,18],[31,0],[-140,43]],[[70993,15936],[14,33],[15,12],[21,9],[26,3],[32,-2],[27,-6],[11,16],[61,48],[1,6]],[[71201,16055],[55,-13],[68,-9],[0,-78],[50,-7]],[[70864,15764],[-2,10],[-7,8],[62,32],[-10,4]],[[72276,17546],[30,-11],[4,-6]],[[72310,17529],[-27,-34],[7,-1],[2,-12],[63,-2],[45,-28],[46,-17],[-5,-3],[84,-11],[7,7],[-2,4],[4,6],[105,-9],[27,-9],[29,-26],[-27,-36],[19,-6],[0,-6],[19,-8],[-11,-11],[6,-6],[-20,-21],[-13,-27],[0,-33],[-3,-1],[21,-35],[30,18],[14,-2],[12,2],[10,-3],[11,1],[40,-21],[7,-6],[-3,-4],[18,-12],[6,2],[7,-2],[9,4],[56,-15],[19,-4],[13,2],[16,-22],[-1,-4],[5,1],[21,-10],[24,-6],[9,-10],[16,-6],[-2,-4],[5,-2],[-7,-2],[5,-4],[13,5],[7,-5],[9,1],[3,-2],[7,3],[23,-1],[7,-6],[6,5],[5,-4],[10,0],[16,5],[8,-1]],[[73140,17095],[6,-13],[14,3],[33,-27],[-22,-9],[-43,-11],[-18,-8],[-59,15],[11,-8],[-1,-8],[-20,2],[-38,-45],[22,-38],[-34,-10],[-33,-5],[-32,-13],[-111,37],[15,15],[-2,9],[4,1],[-26,23],[5,3],[-5,11],[-17,19],[-15,7],[-40,0],[-83,-7],[-55,3],[-17,4],[-16,9],[-35,-2],[-40,7],[9,28],[-10,11],[-30,-3],[-18,12],[-41,4],[-4,3],[-21,-5],[-11,-7],[-2,-5]],[[72360,17097],[-68,20],[-96,13],[-40,11],[-31,16],[-44,38],[-11,4],[-12,-2],[-11,-18],[-35,-16],[16,-8],[9,-16],[-14,-19],[-69,-7],[-26,4],[-49,12],[-26,3],[-5,-18]],[[71589,17138],[1,19]],[[71590,17157],[7,52],[27,-17],[14,7],[21,-5],[16,13],[2,28],[16,1],[16,21],[28,4],[0,2]],[[71737,17263],[-5,26],[-4,1],[-73,-4],[0,13],[-7,6],[-25,5],[-7,-1],[-50,4],[-7,3],[0,3],[-18,3],[-15,5],[-20,0],[-67,20],[-48,5],[-49,-5]],[[71342,17347],[-68,27],[-1,11],[-35,4],[-214,84]],[[71024,17473],[12,3]],[[74114,16370],[25,-14],[12,-21],[17,-9],[15,-3],[18,-24],[-1,-5],[-13,-7],[-6,-7],[-23,-2],[3,-30],[-18,21],[-3,18],[-14,-5],[-5,1],[0,-19],[-16,-5],[-62,15],[-2,-2],[-63,-3],[-18,-15],[36,1],[5,-9],[-10,-13],[-48,10],[-7,-1]],[[71882,16468],[1,20],[9,21],[-11,3],[0,15],[13,24],[3,-1],[36,45],[21,54]],[[72345,16947],[30,15],[8,-3],[11,6],[20,3],[8,4],[-10,20],[-12,6],[1,6],[-8,5],[1,3],[7,1],[0,3],[-16,15],[-10,0],[2,6],[-10,3],[-6,0],[-10,8],[9,18],[-4,9],[-6,1],[10,21]],[[73140,17095],[19,-2],[11,5],[8,10],[-3,5],[3,21],[-9,3],[-6,27],[-13,9],[-1,13],[5,7],[-5,4],[7,11],[20,8],[16,-8],[11,2],[18,-13],[15,-2],[109,4],[47,-1],[-2,-9],[18,1],[17,-5],[2,5],[21,-2]],[[73513,15074],[-70,-36],[-2,-2],[11,-6],[-5,-8],[26,-9],[58,-15],[-9,-11],[32,-11],[28,11],[4,-3],[4,2],[8,-7],[6,3],[17,-9],[11,-8],[24,-39],[24,-23],[1,-8],[39,4],[38,10],[6,-3],[55,-56],[3,-27],[8,-15]],[[73830,14808],[-31,-9],[4,-6],[-26,-8],[-2,3],[-16,-7],[-4,6],[-7,-3],[4,-10],[-16,-16],[-27,-8],[-10,6]],[[73699,14756],[-5,9],[-18,0],[-14,-8],[6,-2],[1,-15],[-13,1],[-20,-6],[-21,-1],[-27,7],[-20,0],[-24,-5],[-18,10],[-9,-3],[5,-7],[-31,-7],[-3,2],[-10,-3],[8,-8],[-7,-1],[5,-8],[-3,-6],[-18,-3],[0,-5],[-6,0],[2,-9],[7,4],[9,0],[5,-25],[-15,-21],[-10,-6],[-16,-3],[-8,1],[-5,-10],[-30,1],[21,-6],[-1,-3],[-11,2],[-10,-6],[2,-5],[-10,1],[0,-18],[6,-12]],[[73393,14582],[-2,-4],[-36,-6],[-23,-8],[-44,3],[-34,13],[-47,25],[-95,41]],[[73112,14646],[-19,8],[-5,6],[3,26],[13,22],[0,16],[-21,12],[-1,13],[-11,9],[-27,16],[-49,13],[-25,10],[-39,1],[-42,-2],[-110,-18]],[[72779,14778],[-18,-3],[-40,-15],[-52,-7],[-55,-12],[-12,1],[-3,3],[-99,25],[-24,11]],[[72476,14781],[-16,20],[-35,76],[10,4]],[[72521,15160],[62,-6],[26,5],[13,-44],[15,3],[52,-17],[9,0],[2,3],[19,-6],[2,3],[7,-2],[1,-8],[16,-4],[16,-13],[13,13],[23,4],[7,-3],[13,9],[47,-16],[59,-14],[43,-14],[56,-45],[51,41],[44,15],[57,7],[16,-12],[16,-27],[48,26],[47,14],[73,5],[11,10],[11,1],[37,15],[22,5],[16,0],[42,-34]],[[71218,16890],[-3,-8],[19,-21],[66,-42],[15,-12],[-3,-1],[16,-16],[10,4],[7,9],[17,5],[10,19],[11,4],[11,2],[12,-2],[4,4],[13,1],[22,-3],[26,-7]],[[71471,16826],[69,-26],[56,17],[46,5],[12,20]],[[71201,16055],[132,88],[10,1],[16,16],[-2,8],[-10,3],[-15,-6],[-6,-7],[-31,-3],[-31,-1],[-35,4],[-39,10],[-6,7],[-11,-1],[-37,17],[-2,-6],[-18,8],[-66,11],[-20,9],[-48,13],[-47,10],[-23,-5],[-5,-9],[-11,-6],[-11,-3],[-12,1],[-13,-4],[-16,1],[-6,-5],[4,-6],[-12,-4],[3,-5],[-10,-3],[-8,1],[-10,-4],[-31,-3],[-4,-10],[-12,1],[-53,-3],[-6,27],[-16,9],[3,10],[5,6],[16,6],[4,9],[8,1],[5,-5],[9,6],[10,-4],[20,28],[14,32]],[[70874,16419],[6,-2],[7,2],[39,-4],[9,4],[7,-3]],[[70942,16416],[8,-4],[14,-2],[18,-17],[72,-7],[40,5],[37,11],[15,9],[61,15],[39,17],[5,18],[13,4],[12,1],[8,5],[6,25],[16,27],[14,11],[13,16],[-6,12],[3,21],[-11,29],[-9,10],[-12,8],[-8,9],[-26,21],[-18,23],[7,3],[1,5],[-6,25],[-7,7],[-17,4],[2,30],[-12,-1],[-5,3],[2,19],[-8,16],[17,3],[-13,11],[-5,17],[-14,8],[-4,20],[-20,-1],[-31,29],[12,37]],[[71145,16918],[73,-28]],[[71285,15191],[-30,-5]],[[71255,15186],[-38,15],[-61,12],[-49,1],[-107,-7],[-40,7],[-70,40],[-22,23],[-97,19],[-33,17],[-17,-3],[-10,30],[-10,12],[-18,-5],[-46,14],[-28,-9],[-3,5],[-43,15],[-8,7],[0,5],[-6,2],[-44,2],[-15,3],[-11,-2],[-12,3],[-34,0],[-46,16],[-58,5],[-15,29],[-8,8]],[[70306,15450],[38,32],[32,21],[32,44],[94,26],[41,4],[-9,43],[-2,33],[-16,30],[1,32],[-17,26],[-23,22],[6,12],[3,26],[-6,22],[23,21],[104,22],[39,19],[27,7]],[[70673,15892],[31,35],[9,35]],[[70713,15962],[95,-11],[98,-15]],[[70690,16861],[-7,3],[-13,13],[-12,3],[-6,21],[3,17],[-7,-1],[-22,5],[-39,4],[13,21],[-4,17],[-11,9],[-10,-4],[-28,-31],[-1,-6],[-27,-1],[-20,-6],[-36,-17],[-7,-10],[-22,2],[16,-21],[-27,-12],[3,-11],[-42,-16]],[[70384,16840],[-6,-2],[-11,12],[-4,23],[-31,-33],[-58,-28],[5,12],[-2,28],[-46,-4],[-2,2],[5,15],[-1,9],[-5,3],[-1,19],[-10,2],[0,5],[8,20],[-48,9],[-13,5],[23,21],[3,11],[-17,1],[1,7],[5,4],[-12,11],[-119,-4],[-28,18],[-31,-9],[-25,1],[-43,-11],[-34,36],[-2,15],[14,14],[28,15],[18,22],[12,20],[-3,2]],[[70291,17474],[-3,-2],[16,-23],[-55,-13],[-39,-6],[-30,-10],[-10,-7],[57,-61],[-12,-41],[12,-3],[4,3],[11,-3],[14,1],[13,-7],[3,-15],[20,-29],[7,-1],[6,3],[38,-4],[6,6],[41,-8],[1,3],[67,2],[1,-4],[-13,-8],[17,-19],[-3,-2],[26,-13],[16,-3],[7,4],[14,-11],[16,-35],[5,-25],[0,-30],[11,-9],[-11,-17],[31,-3],[0,-8],[20,-14],[-4,-5],[3,-21],[11,-3],[3,-8],[-15,-21],[18,1],[3,-4],[46,-3],[38,-12],[32,-18],[3,-10],[34,-18],[6,1],[47,-27],[-20,-11],[-28,-11],[-21,-15],[-13,-2],[-12,-9],[-20,-5],[-16,0]],[[70686,16258],[-11,-10],[-12,2],[-21,-56],[-18,9],[-15,4],[-7,11],[-14,-5],[13,-25],[11,-2],[5,-34],[31,-1],[37,-6],[52,-13],[5,-5],[0,-5],[-18,0],[-12,-4],[-4,-8],[-40,-2],[-11,-3],[1,-8],[18,-1],[0,-3],[10,-1],[-4,-9],[8,0],[5,-14],[4,1],[-5,-30],[5,-29],[5,0],[0,-26],[-6,-22],[15,-1]],[[70673,15892],[-101,47],[-22,13],[-72,94]],[[70168,16270],[17,-2],[-1,4],[31,-4],[4,3],[12,-1],[34,20],[-2,3],[5,5],[5,0],[6,-3],[5,5],[37,5],[0,4],[10,1],[15,7],[6,-2],[9,2],[1,8],[12,2],[12,-3],[6,1],[32,16],[3,3],[-5,2],[12,0],[22,8]],[[70384,16840],[4,-17],[-10,-3],[-3,-27],[-9,-6],[-9,-17],[-12,-4],[-4,-6],[-2,-12],[5,-15],[-4,-13],[-5,-1],[-3,-8],[-20,-21],[-13,-20],[-3,-13],[-9,-6],[-1,-10],[-37,-6],[-25,12]],[[70224,16647],[-32,14],[-7,26],[-28,26],[-2,15],[-17,-1],[-21,-7],[-5,-3],[8,-9],[-2,-16],[-18,-33],[-6,-2],[-24,3],[-13,-5],[2,-14],[-4,-8],[12,-29],[-10,-21]],[[70057,16583],[-35,-7],[-29,-12],[-5,-5],[0,-9],[-14,-12],[5,-4],[-15,-12],[-14,-24],[-30,-13],[4,-9],[-8,0],[-1,3],[-24,6],[-12,-5],[-35,12],[-5,-2],[-22,2],[-11,7],[-19,2],[-26,-3],[1,-27],[-27,1],[-1,-4],[-25,0],[-68,8],[4,-20],[26,-26],[-12,-25],[4,-14],[-5,-30],[28,-12],[18,-2],[-6,-1],[0,-14],[-6,-6],[-7,-1],[-4,-6],[-8,0],[2,-6],[-9,-11],[-11,-2],[-21,-13],[-19,4],[-5,-3],[-4,6],[-26,6],[-27,-6],[2,-3],[-7,-4],[0,-3],[-16,3],[-5,51],[12,60],[0,22],[7,1],[1,21],[6,13],[11,9],[13,-1],[11,2],[19,14],[-45,14],[3,59],[-53,2],[-119,-11],[-67,-10],[-53,-16],[-68,-29],[-41,-13],[0,-5],[-6,0],[3,-18],[-10,-48],[-6,-65],[5,-25],[10,-9],[-52,6],[-19,5],[-5,12],[9,15],[0,10],[-18,7],[-3,5],[26,22],[-5,10],[-15,5],[-42,-22],[-17,-13],[2,-9],[20,-22],[9,-18],[-49,-7],[-57,-4],[-5,7],[-6,-2],[-39,0],[-2,-11],[-22,-7],[1,-7],[-8,-7]],[[68058,16267],[-47,13],[6,16],[-7,15],[2,8],[-92,109],[-43,96],[-10,26],[-2,21],[19,6],[14,10],[30,10],[19,13],[62,24],[36,37],[32,6]],[[70690,16861],[2,-6],[-7,-3],[-15,-21],[6,-3],[0,-13],[9,-26],[-7,-3],[8,-9],[-9,-4],[5,-10],[-9,-2],[7,-20],[-7,-2],[5,-11],[-1,-4],[-13,1],[-12,-9],[-24,-28],[31,-3],[-3,-7],[-31,-29],[9,-13],[1,-5],[-5,-2],[6,-14]],[[70636,16615],[-36,-8],[-6,9],[-22,-5],[-2,10],[-5,0],[-4,-7],[-18,11],[-16,4],[1,7],[-24,47],[-4,0],[-3,4],[-24,-7],[-25,-4],[-38,-14],[-61,-18],[14,-23],[-3,-8],[-53,-12],[-7,10],[-34,-15],[-8,8],[-18,-9],[-47,14],[-4,-1],[-5,8],[19,9],[21,22]],[[91700,11573],[10,-3],[17,-18],[-38,-27],[66,-32]],[[91755,11493],[-28,-11],[-38,-9],[-104,-5],[-6,-3],[-8,7],[-20,-3],[-10,4],[-27,1]],[[91514,11474],[-6,120]],[[91508,11594],[-5,12],[-8,9]],[[91495,11615],[34,-16],[26,-3],[28,4],[22,14]],[[91605,11614],[18,-8],[-9,-39],[16,4],[16,-1],[12,-5],[18,4],[14,-2],[10,6]],[[91358,11559],[7,-1],[-10,-8],[1,-6],[-6,-4],[-4,1],[-19,-25],[-6,1],[-2,-3]],[[91319,11514],[-5,8],[-10,6],[-51,12],[-33,0],[-16,-16]],[[91204,11524],[1,8],[-33,8],[-13,1],[6,3],[-4,10]],[[91161,11554],[6,7],[28,10],[13,33],[10,12],[17,11]],[[91235,11627],[6,-4],[11,2],[1,5],[8,3],[10,-7],[33,-6],[31,-12],[11,5],[-3,-20],[-18,-28],[33,-6]],[[89687,11484],[-14,-14],[-6,-29],[-12,-9],[4,-21],[-9,-14],[12,-12],[-1,-3],[29,-4],[34,-30],[29,-13],[-44,-17],[-40,-6],[-51,-1],[-26,-16],[-2,-25],[12,-4],[19,-16],[20,-22]],[[89641,11228],[-43,-1],[-49,-6],[-25,7],[-35,1],[-23,4],[-28,-6],[-33,-34],[-13,-24],[-4,-18],[-23,-7],[-46,-5],[-6,-10],[5,-7],[-2,-13],[-15,-4],[-10,-9]],[[89291,11096],[-15,-15]],[[89276,11081],[-39,-5],[-21,18],[-18,7],[-3,4],[-23,6],[-21,13],[-23,2],[-20,12],[4,10],[-4,7],[-33,-17],[-39,15],[-15,-6],[5,-8],[-15,-3],[-4,1],[-70,-1],[-13,11],[-26,3],[-22,-5],[-36,6],[-7,-3],[-14,2],[-24,-6]],[[88795,11144],[4,3],[-23,32],[12,23],[-4,12],[10,15],[-12,41],[9,12],[-5,5],[0,22],[-51,27],[29,7],[22,9],[35,21],[71,13],[23,10],[-1,11],[7,24],[-11,33],[-14,16],[-5,-1],[-26,13],[-9,14],[4,9],[4,2],[-1,4],[12,2],[10,-3],[5,8],[14,2],[12,6],[2,-5],[7,2],[10,-6],[7,1],[1,-3],[7,2],[5,-2],[3,-6],[7,4],[-5,2],[6,4],[-6,2],[34,4],[20,-9],[5,0],[14,9],[25,11],[-8,4],[6,6],[-3,3],[10,5],[1,13],[12,5],[5,6],[15,-1],[6,-10],[10,-5],[33,-5],[8,3],[25,-2],[35,12],[20,21],[-17,2],[-9,6]],[[89207,11609],[16,-1],[28,22],[20,2],[3,4],[11,2]],[[89285,11638],[25,-17],[20,-8],[44,-2],[10,4],[16,1],[26,-6],[29,-19],[26,-37],[11,-10],[25,-8],[7,-6],[22,-3],[67,-28],[74,-15]],[[92464,11289],[-34,1],[-15,8],[-19,-8],[-26,-5],[-32,3],[-24,-6],[-21,0],[2,3],[-14,-3],[-12,0],[-12,-12],[-10,4],[-19,-8],[2,-3],[-7,-7],[-3,-9],[-12,3],[-5,-2],[-22,10],[-13,-1],[-9,6],[-8,-2],[-15,11],[-5,-1],[-1,7],[-17,7],[-30,8],[-12,-3],[-8,1],[-2,5],[-3,-2]],[[92058,11294],[-7,3],[-11,-4],[-11,0],[-22,15],[-7,11],[14,13],[9,8],[3,-2],[10,16],[10,4],[7,-7],[7,1],[24,8],[-1,18],[21,14],[-19,6],[13,19],[-2,12],[25,20],[7,16],[37,31],[6,26],[14,21],[-18,5],[-18,14],[-18,20],[-14,25]],[[92117,11607],[5,6],[24,8],[11,10],[-66,25],[-42,19],[58,38],[-23,14],[-8,21],[27,26],[12,2],[11,11],[-17,4],[-6,5],[3,11],[-4,4],[26,20],[2,11],[8,-1],[1,-4],[18,0],[14,16],[-3,2],[4,6],[8,5],[18,-5],[-8,-11],[33,-11],[10,0],[12,18],[49,-11],[0,-19],[-12,-19],[9,-10],[22,-7],[24,2],[9,-2],[10,5],[10,0],[23,-1],[21,-7],[6,-8],[-5,-18],[26,-4],[6,-10],[16,-12],[11,8],[19,-1],[12,2],[23,12],[3,5],[3,15],[-21,39],[-8,4],[-10,-4],[-7,5],[2,4],[24,34],[-19,1],[7,22],[-5,15],[-60,-3],[-35,13],[-7,20],[-19,7],[-5,-1],[-5,12],[3,16],[8,9],[21,5],[12,10],[49,-11],[70,-21],[11,29],[12,3],[12,0],[14,10],[16,-8],[2,-6],[22,-5],[10,-7],[-32,-36],[-1,-15],[22,-2],[-4,-4],[42,-9],[24,-1]],[[91504,11866],[-3,-5],[29,-5],[-1,-5],[8,4],[21,-8]],[[91558,11847],[-2,-8],[-29,-12],[-18,-14],[3,-8],[10,-8],[3,-22],[15,-10],[-43,-18]],[[91497,11747],[-81,32],[-44,21]],[[91372,11800],[-84,52]],[[91288,11852],[-30,16],[32,13],[36,21]],[[91326,11902],[20,-16],[2,3],[8,2],[6,-4],[1,-6],[-8,-19],[0,-6],[5,-2],[-2,-12],[26,-9],[56,34],[24,3],[40,-4]],[[91655,11808],[-25,-17],[-21,-7],[-32,-4],[-4,-15],[15,-4],[23,-13],[44,-5],[19,-11]],[[91674,11732],[-28,-44]],[[91646,11688],[-149,59]],[[91558,11847],[27,-10],[11,0],[9,7],[7,-7],[40,-20],[3,-9]],[[91225,12440],[-31,-26],[-20,-64],[0,-30],[15,-25],[-61,-3],[-44,-9],[-12,-5],[-53,-42],[-86,-58],[-17,-19],[9,-5],[2,-5],[-16,-12],[4,-7],[-11,-7],[-4,0],[-2,-12],[-26,-25],[-9,-5],[-23,-5]],[[90840,12076],[-19,-6],[-26,-20],[-3,2],[-12,-7],[-85,9],[-76,21],[-39,-1],[-35,9],[-101,-10],[-6,-4],[-14,2],[-17,8],[-9,-6],[-6,0],[-10,7],[57,33],[-17,8],[14,22],[-30,10],[-13,27],[1,13],[8,13],[-1,28],[6,3],[-5,6],[22,18],[30,-8],[-2,5],[8,13],[-142,44]],[[90318,12315],[34,26],[14,20],[11,4],[43,2],[37,13],[16,9],[10,12],[50,27],[10,25],[37,48],[46,-3],[16,-6],[36,-3]],[[91779,11689],[-20,-4],[-5,3],[-35,1],[-28,20],[-10,4],[-4,5],[1,12],[-4,2]],[[91655,11808],[7,5],[7,-7],[29,-52],[113,96]],[[91811,11850],[19,-8],[-23,-7],[0,-4],[-13,-11],[-7,0],[0,-10],[-17,-21],[9,-16],[5,-3],[10,0],[7,-8],[-19,-4],[-4,-6],[-10,-4],[5,-4],[-3,-4],[11,-5],[3,-9],[-4,-9],[2,-16],[-3,-12]],[[92413,12766],[1,-10],[56,-43],[77,-53],[42,-16],[16,-1],[-2,-6],[34,-22],[9,-1],[7,-6],[-6,-13],[-22,-9],[-5,-6],[-22,-13],[-21,-8],[5,-30],[-10,-15],[-23,-22],[-10,-5],[-2,-18],[49,-50],[-2,-14],[-5,-5],[8,-14],[-8,-7],[-2,-15],[14,-7],[32,-7],[20,-14],[33,-55],[-12,-13],[7,-8],[24,-2],[18,-9],[8,-29],[-20,-51],[-4,-50],[-56,-52],[-33,-6],[-37,-2]],[[92571,12059],[-25,12],[-18,4],[-17,0],[-4,3],[-30,-2],[-5,-3],[-64,7],[-7,-17],[-14,5],[-28,1],[-6,39],[-4,8],[-14,9],[-13,-1],[-15,-6],[-27,-4],[-23,10],[-31,0],[-13,8],[-21,6],[-25,1],[28,23],[-4,22],[-9,5],[-7,-21],[-11,4],[-3,-2],[-6,2],[0,-5],[-13,-16],[-1,-9],[-12,-10],[-20,-9],[-10,1],[-11,-2]],[[92088,12122],[-18,3],[-20,12],[-16,-4],[-31,10],[-45,-12],[-54,42],[-13,-2],[-22,40],[2,5],[31,10],[-5,17],[-27,1],[-30,13],[-39,-1],[-13,8],[-62,86],[-22,11],[-14,17],[-15,0],[3,-10],[-24,-6],[1,-3],[-28,-1],[-25,-7],[0,8],[6,8],[-16,6],[-6,-2],[-10,6],[11,37],[-4,11],[-60,51],[0,18],[-5,3]],[[91646,11688],[-41,-74]],[[91495,11615],[-7,4],[36,15],[-12,20],[15,27],[-30,9],[-41,6],[-25,1],[-18,-6],[-31,16]],[[91382,11707],[-30,21],[-23,23],[11,8],[23,10],[-2,16],[4,11],[7,4]],[[91156,11810],[17,-18],[-8,-6],[0,-5],[24,-27],[-1,-11],[12,2],[-4,-9],[12,-3],[-9,-7],[21,-8],[60,-5],[12,-3],[1,-3]],[[91293,11707],[-46,-8],[-36,-25]],[[91211,11674],[-16,1],[-9,20],[-23,11],[-27,2],[-35,7],[29,16],[-8,30],[-1,30],[-23,13],[2,10]],[[91100,11814],[13,0],[29,-11],[14,7]],[[91797,11547],[-4,-18],[-9,-13],[-29,-23]],[[91700,11573],[-4,5],[8,9],[9,0],[-7,2],[14,19],[49,-9],[11,-5],[27,-27],[-6,-6],[-4,-14]],[[89425,10483],[8,20],[54,19],[-2,4],[5,9],[34,19],[11,20],[29,0],[30,4],[19,6],[8,7],[0,16],[19,18],[24,-3],[47,29],[19,6],[32,3],[30,8],[21,2],[19,-8],[31,-5],[64,5],[9,22]],[[89936,10684],[14,8],[37,0],[36,11],[30,1],[16,-2],[8,-16],[12,-6],[26,-9],[28,-2],[19,2],[0,14],[36,11],[8,2],[35,0],[7,-2],[12,-17],[20,-8],[13,8],[7,27],[-4,21]],[[90296,10727],[85,-28],[8,10],[5,20],[19,8],[13,15],[5,0],[-5,28],[-22,15],[-10,13],[12,16],[-5,6],[22,8],[20,18],[16,6],[4,12],[37,-3],[53,6],[46,-3],[87,21],[72,36],[12,15],[6,66],[60,-21],[-3,-3],[3,-3],[-5,-3],[9,-8],[74,-14],[31,-11],[-4,-12],[-13,-17],[-14,-43],[124,-93],[-4,-3],[11,-8]],[[91808,11897],[26,-5],[18,-7],[-41,-35]],[[91504,11866],[11,3],[6,-2],[18,12],[-4,5],[7,6],[18,-1],[-17,19],[15,7]],[[91558,11915],[6,6],[16,6],[40,5],[14,9],[7,0],[37,-5],[130,-39]],[[91339,11428],[25,-11],[19,-2],[21,-7],[10,-4],[0,-5],[13,-5],[2,-2],[-28,-27],[15,-13],[67,-22],[7,-9],[4,3],[22,-9],[5,24],[-1,38]],[[91520,11377],[-3,49]],[[91517,11426],[21,-17],[51,-31],[21,-2],[1,-5],[10,2],[64,-21],[6,-4],[-11,-23],[-7,-8],[-1,-7],[-9,-10],[-8,-56]],[[91655,11244],[-57,8],[-62,-19],[-70,10],[-31,-10],[-32,-5],[-14,2],[-23,8],[-27,-1],[-23,2]],[[91316,11239],[-32,15],[-29,9],[-32,18],[-89,24],[-30,11],[-42,7],[-7,6],[-33,13]],[[91022,11342],[23,15],[-6,4],[6,3],[5,-3],[17,11],[22,6],[-6,10],[108,62]],[[91191,11450],[28,-6],[8,16],[18,-16],[9,-14],[34,-13],[8,6],[9,-7],[15,6],[10,9],[9,-3]],[[92058,11294],[-11,-26],[2,-9],[-52,-27],[-14,7],[-27,-13],[3,-5],[-14,-4],[-22,-26],[-1,-9],[-156,10],[-61,-5],[-40,-12],[-3,-4],[-16,43],[0,12],[10,10],[-1,8]],[[91517,11426],[-3,48]],[[91797,11547],[13,1],[43,-12],[30,7],[17,10],[10,-1],[7,10],[-4,15],[31,10],[-8,5],[11,6]],[[91947,11598],[7,-4],[5,10],[21,-6],[6,-10],[18,-4],[17,5],[12,9],[18,3],[4,-2],[24,9],[26,2],[12,-3]],[[91514,11474],[-11,7],[-11,2],[-10,-1],[-14,-8],[-13,-3],[-33,3],[-26,6],[-9,-1],[-13,14],[-33,-28]],[[91341,11465],[-22,14],[7,16],[-9,3]],[[91317,11498],[2,16]],[[91358,11559],[4,7],[7,-1],[5,4],[19,2],[34,36],[21,-2],[1,-6],[15,-2],[10,-4],[-1,-4],[14,-4],[5,10],[16,-1]],[[91520,11377],[-31,5],[-11,11],[-23,11],[3,2],[-16,5],[5,7],[-15,6],[-4,7],[-12,6],[-20,2],[-4,-3],[-5,2],[-11,-10],[-23,10]],[[91353,11438],[-5,4],[4,12],[-11,11]],[[91339,11428],[14,10]],[[91382,11707],[-35,6],[-40,-1],[-14,-5]],[[91156,11810],[29,11],[19,23]],[[91204,11844],[15,-10],[27,14],[42,4]],[[89674,11023],[7,-34],[-14,-16],[-40,-16],[-42,-4],[4,-12],[12,-7],[-6,-3],[4,-5],[6,1]],[[89605,10927],[8,-9],[16,-7],[16,-2],[21,-10],[30,12],[20,5],[21,-6],[41,3],[19,-6],[23,-20],[-4,-16],[-14,-8],[-6,-8],[1,-12],[35,-16],[4,-8],[0,-12],[21,-7],[26,-23],[0,-5],[11,1],[4,-12],[27,-43],[32,1],[8,-17],[-19,-7],[-13,-9],[3,-2]],[[88880,10434],[-8,3],[1,15],[14,29],[-1,24],[-84,8],[-14,38],[16,2],[48,14],[-31,25],[-8,0],[-3,3],[-10,1],[-9,4],[-10,-1],[-10,3],[-7,7],[17,21],[-12,10],[10,9],[1,6],[-16,8],[-8,24],[10,17],[21,3],[13,21],[25,15],[7,33],[11,-1],[21,13],[5,14],[5,-1],[7,11],[-13,0],[8,8],[5,17],[13,5],[5,15],[5,-2],[25,23],[-7,6],[21,8],[-2,10],[13,1],[54,17],[82,9],[11,11],[52,28],[26,27],[22,13],[20,4],[36,20],[-19,10],[-1,7],[10,4],[-2,2],[31,26]],[[89291,11096],[30,-4],[10,-5],[3,5],[32,-1],[30,8],[11,-15],[8,-5],[42,-5],[10,5],[11,-4],[28,8],[28,3],[-2,-9],[7,1],[26,-8],[27,7],[4,-10],[18,0],[0,-5],[12,2],[9,-2],[-3,-7],[9,-3],[12,-2],[5,13],[14,-2],[2,-6],[9,-2],[-9,-22],[0,-8]],[[91263,11473],[32,5],[-10,12],[1,3],[8,-2],[7,10],[16,-3]],[[91191,11450],[-17,3],[4,11],[-26,11],[4,5],[-10,4],[-4,-3],[-7,3],[-3,-8],[-16,6],[18,16],[-16,4],[-3,9],[1,6],[15,9]],[[91131,11526],[5,-9],[6,-1],[15,-9],[6,-10],[21,-6],[27,-19],[22,-7],[30,8]],[[91447,10804],[6,5],[-58,43],[4,1],[-12,20],[-30,-8],[-5,13],[-28,3],[21,10],[12,15],[17,9],[9,1],[-1,11],[10,20],[-5,29],[-41,72],[-59,45],[-23,9],[-9,8],[5,12],[-42,14],[-22,13],[-3,7],[-13,1],[1,14],[-23,2],[-23,-6],[-2,6],[2,16],[30,20],[14,-3],[5,-4],[15,0],[6,11],[-3,5],[14,1],[0,-10],[44,5],[29,15],[4,10],[23,0]],[[91161,11554],[-21,6],[7,19],[-13,3],[-3,-8],[-18,2],[-4,-5],[15,-24],[-7,-6],[3,-2],[-4,-5]],[[91116,11534],[-20,8],[-4,-6],[-10,1],[-11,-21],[-9,2],[-6,5],[-24,11]],[[91032,11534],[16,13],[28,12],[52,48],[22,-9],[8,9],[9,-3],[3,6],[-8,3],[7,5],[-1,5],[-4,1]],[[91164,11624],[1,7],[9,7],[6,13],[15,11]],[[91195,11662],[11,-5],[29,-30]],[[91032,11534],[-8,1],[-28,21],[9,8],[2,-2],[24,9],[-11,23],[93,21],[6,14],[17,-5],[28,0]],[[91263,11473],[-25,10],[4,9],[-10,7],[-11,-1],[-12,4],[-9,13],[4,9]],[[89837,11022],[-2,-3],[-12,-2],[-4,-5],[-10,-3],[-6,-12],[3,-4],[-12,-6],[-41,-14],[-4,5],[-16,-3],[-50,-25],[-78,-23]],[[89674,11023],[15,15],[6,-2],[8,3],[5,10],[12,1],[5,-3],[15,3],[5,-5],[7,6],[20,-8],[14,4],[15,-14],[36,-11]],[[90066,10996],[-5,-1],[3,-6],[20,-21],[-4,-9],[4,-14],[45,-31],[25,-23],[18,4],[7,6],[16,5],[26,-43],[15,-12],[2,-9],[86,-14],[-10,-36],[-1,-22],[4,-6],[19,1],[-40,-38]],[[89837,11022],[5,7],[27,12],[48,-20],[3,-1],[8,6],[12,-7],[41,2],[8,-10],[17,-2],[-2,-5],[16,0],[16,3],[19,-5],[0,-6],[11,0]],[[89641,11228],[21,-11],[19,-16],[15,-56],[1,-18],[35,-14],[19,3],[76,39],[14,-3],[18,3],[59,2],[4,-10],[17,-11],[-8,-7],[6,-8],[24,-22],[17,-8],[9,-11],[42,0],[43,6]],[[90072,11086],[9,0],[8,-7],[19,-7],[3,-7],[5,-2],[-11,-12],[-8,0],[-9,-15],[4,-6],[-5,-5],[9,-11],[-14,-11],[-11,-1],[-5,-6]],[[90840,12076],[60,-63],[29,-22],[8,-32],[11,-13],[40,-23],[53,-25],[40,-11],[123,-43]],[[91100,11814],[-9,-1],[-18,5],[-33,-5],[6,-9],[-25,-41],[-21,-20],[-10,7],[-11,-2],[1,-3],[-12,2],[-5,-3],[-11,0],[-12,2],[-8,5],[-15,-1],[-10,5],[-39,-2],[-9,-11],[-17,-6],[-19,11],[-23,-12],[-19,0],[-11,4],[-16,-8],[-33,-31],[-88,21],[-48,-21],[-33,-20],[-20,17],[-28,5],[-11,5],[18,19],[-116,9],[-28,-20],[-14,2],[-4,-2],[-8,-19],[-23,-4],[-6,1],[3,3],[-14,0],[-4,-3],[-16,6],[-6,-2],[-6,1],[-1,-6],[-13,3],[-19,-3],[-18,3],[1,4],[-12,-4],[-14,5],[-4,-2],[-18,11],[-7,-1],[0,4],[-4,1],[9,8],[-4,2],[-15,0],[-31,7],[-9,7],[-37,3]],[[90073,11740],[2,10],[40,29],[-10,8],[9,10],[-22,13],[-19,6],[-24,30],[-32,20],[-4,8],[-14,1],[-21,11],[-49,-15],[-49,31],[18,9],[6,-7],[16,-9],[27,-1],[9,5],[8,18],[5,-1],[6,6],[-15,10],[7,5],[11,-8],[9,14],[3,2],[3,-4],[5,6],[30,-9],[5,2],[25,-10],[22,12],[0,5],[17,12],[-15,10],[5,4],[39,11],[1,11],[15,22],[15,4],[16,8],[8,0],[9,10],[24,8],[26,24],[19,11],[-4,6],[8,7],[-15,6],[5,3],[-2,4],[-16,7],[-13,0],[-3,3],[-8,1],[-13,7],[-14,15],[10,10],[-5,2],[13,6],[4,7],[6,0],[6,10],[-7,1],[5,10],[-7,1],[-24,25],[-12,4]],[[90173,12217],[30,2],[22,8],[14,9],[1,3],[-10,10],[-18,3],[-3,7],[8,17],[48,12],[10,12],[5,19],[33,-9],[5,5]],[[91195,11662],[16,12]],[[91131,11526],[-15,8]],[[91022,11342],[-25,-11],[-28,18],[10,4],[-2,5],[-19,-4],[-5,12],[11,1],[-3,23],[-12,-8],[-26,-11],[-11,10],[-14,1],[-15,6],[-5,10],[5,4],[-39,6],[-29,-9],[-25,-21],[-4,0],[-7,-14],[11,-6],[-5,-6],[-10,-5],[-18,6],[-12,-5],[-14,-17],[-10,8],[-1,3],[6,3],[-14,12],[-11,1],[-10,7],[-7,-2],[-5,3],[-3,-4],[-10,8],[-9,2],[0,3],[-30,6],[-5,-7],[-15,0],[1,-3],[-6,-2],[-12,2],[-2,3],[-8,-1],[-37,-35],[-3,1],[-8,-8],[-4,1],[-5,-8],[-16,7],[-17,-3],[-28,4],[-7,-8],[-22,0],[-65,-16],[-45,-5],[-4,4],[-15,-2],[-31,-12],[-16,1],[0,-7],[14,-27],[-9,-17],[8,-23],[-32,-27],[-38,-16],[-21,-2],[-32,-15],[-13,3],[-4,-2],[-45,4],[-6,-5],[-9,-1],[0,-4],[-16,-4],[1,-13],[-13,-18],[6,-4],[-3,-8],[9,-2],[2,-5],[10,-1],[-3,-5],[8,-6],[1,-3]],[[89687,11484],[24,-7],[44,-23],[24,-10],[47,9],[21,11],[14,16],[-1,32],[10,11],[-3,8],[20,5],[10,11],[13,9],[-5,7],[4,3],[-7,3],[5,4],[-3,1],[20,13],[-7,4],[8,15],[18,15],[-8,5],[-10,13],[15,11],[-18,5],[-5,12],[2,6],[13,6],[0,4],[7,-1],[9,8],[8,-2],[7,5],[18,-2],[8,2],[3,-3],[9,3],[15,-6],[2,5],[8,-2],[12,10],[8,1],[5,4],[7,-4],[12,1],[6,15],[-3,23]],[[89285,11638],[7,1],[16,7],[-17,10],[11,11],[-24,15],[19,11],[-1,7],[-11,8],[1,4],[24,17],[19,7],[10,13],[22,4],[20,9],[13,24],[-2,28],[26,8],[18,18],[32,13],[-5,4],[-2,16],[-13,9],[8,-1],[2,2],[12,-2],[8,4],[0,-5],[10,3],[5,-4],[12,-2],[10,4],[1,4],[5,-1],[2,6],[2,-3],[6,3],[4,-4],[15,0],[2,3],[13,1],[6,5],[-11,3],[4,4],[-5,11],[5,4],[-7,7],[8,13],[9,1],[-4,5],[11,10],[23,1],[41,-5],[-9,23],[8,29],[-10,9],[-1,12],[-18,11],[18,29],[19,10],[17,0],[9,3],[42,27],[15,-10],[17,-2],[21,13],[-1,3],[10,3],[-2,4],[14,-1],[12,6],[-23,24],[17,1],[11,6],[72,-10],[4,5],[-5,12],[5,23],[18,19],[17,10],[16,20],[6,0],[6,16],[68,2]],[[90018,12246],[1,-7],[16,-15],[20,-1],[12,4],[45,-2],[19,5],[21,-4],[21,-9]],[[91779,11689],[20,-19],[1,-5],[11,-5],[16,-16],[4,-9],[8,0],[9,5],[24,-5],[19,7],[36,-24],[4,-9],[7,0],[9,-11]],[[92571,12059],[-3,-5],[4,-21],[77,-48],[59,-24]],[[91808,11897],[7,5],[-2,12],[6,7],[-15,12],[29,26],[-15,6],[15,19],[-23,5],[12,21],[-10,5],[28,31],[3,21],[10,7],[22,9],[14,13],[7,-15],[17,-9],[17,13],[1,9],[11,12],[52,-21],[26,-3],[15,4],[6,6],[11,1],[3,4],[8,0],[15,6],[10,9],[-3,3],[3,7]],[[78815,10794],[26,-22],[34,-9],[39,3],[29,35],[13,-2],[42,-18],[9,-26],[11,-7],[12,-1],[8,-4],[0,-13],[21,-2],[35,-12],[39,3],[-27,-33],[11,-16],[-2,-4],[-9,-16],[-13,-9],[39,-10],[-18,-23],[-2,-26],[-17,-27],[33,-3],[-10,-18],[24,-4],[2,2],[19,-5],[17,8],[10,-13],[17,-10]],[[79207,10512],[-12,-8],[2,-8],[-5,-9],[-15,-2],[-13,-14],[-2,-5],[-12,-12],[3,-11],[10,-5],[5,-6],[-3,-15],[2,-13],[20,-23],[2,-8],[-58,-44],[-42,15]],[[79089,10344],[3,6],[-31,4],[5,9],[-20,0],[3,16],[-24,5],[-15,-19],[-14,-7],[-3,-11],[-15,1],[-4,-2],[-12,2],[-7,-4],[-5,5],[-7,-5],[-13,5],[-21,-18],[1,-8],[-6,-5],[-10,-28],[-4,-22],[-20,-20],[-33,2],[-10,-27],[-11,-12],[-19,17],[-12,20],[-24,16],[-107,26],[-12,2],[-19,-25],[-93,22],[-10,-12]],[[78520,10277],[-6,-3],[-21,3],[-13,4],[-2,4],[-18,3],[-21,-2],[0,-3],[-20,-2],[-22,7],[-20,-1],[-19,16],[-27,3],[-20,10],[-14,-1],[-7,-3],[-8,-15],[-29,-13],[-45,11],[-14,-1],[-14,-6]],[[78479,10778],[15,4],[30,-7],[23,-2],[11,4],[30,2],[11,7],[14,2],[20,-4],[16,-11],[14,9],[8,15],[-2,18],[-6,6],[9,2],[24,-18],[11,-1],[4,-6],[15,-2],[15,-19],[12,-3],[-1,-5],[4,-3],[30,0],[10,11],[-4,17],[23,0]],[[80112,9267],[7,-7],[3,-12],[17,-7],[14,-10],[-11,-22],[15,-19],[-8,-29],[21,-10],[6,-17],[15,-4],[6,-4],[1,-19]],[[79575,9198],[64,15],[44,6],[48,-1],[3,-6],[99,-3],[8,5],[21,3],[23,16],[29,9],[-5,13],[8,-1],[24,10],[29,23],[20,5],[28,-19],[11,4],[18,-2],[4,4],[7,-3],[3,3],[5,-6],[15,3],[-1,-6],[6,-10],[22,2],[4,5]],[[80249,9406],[3,2]],[[80249,9406],[0,0]],[[80259,9444],[3,7]],[[80259,9444],[0,0]],[[80769,9122],[-6,-16],[-7,-8],[-42,-13]],[[80186,9093],[9,2],[5,6],[3,23],[-9,7],[-15,5],[-5,15],[-22,10],[7,18],[0,13],[-14,17],[11,22],[-17,12],[-16,7],[-2,11],[-16,17],[8,24],[-15,5],[-4,5],[8,17],[15,11],[2,16],[32,18],[-4,8],[5,26],[12,1],[27,-5],[19,2],[32,-3],[12,4],[9,17],[-6,14],[7,9],[1,8],[-9,23],[3,10],[-22,17]],[[80237,9505],[45,36],[19,0],[28,9],[11,1],[7,-2],[40,-24],[24,-2],[17,-6],[11,-8],[27,-6],[19,13],[48,7],[17,6],[15,2],[18,-3],[40,4],[54,10],[-6,8],[-14,7],[-29,6],[-22,-3],[-6,2],[-11,21],[-29,7],[-33,25],[17,13],[11,0],[-6,6],[9,7],[6,-1],[11,20],[14,0],[7,6],[9,17],[11,9],[3,17],[-2,4],[1,5],[5,2],[-4,3],[3,3],[-7,20],[-18,21],[4,3],[0,6],[8,-1],[20,6],[7,7],[-5,5],[5,5],[-3,14],[-22,21],[18,5],[17,13],[37,10],[22,0],[12,4]],[[80717,9865],[56,4]],[[80773,9869],[86,-13],[49,-1],[-3,-27],[6,-23],[-30,-5],[-6,-14],[3,-12],[-5,-10],[-30,-18],[-5,-6],[4,-4],[5,2],[10,-2],[3,-9],[-3,-2],[6,-7],[-8,-12],[3,-5],[-3,-14],[-12,-10],[9,-3],[5,-6],[-1,-9],[7,-7],[-4,-8],[3,-8],[-3,-2],[12,-26],[-7,-24],[15,-4],[10,-12],[7,-2],[2,-7],[-11,-16],[4,-5],[-3,-8],[29,-9],[-6,-3],[-18,2],[-69,-3],[-5,-13],[-21,-15],[-33,-5],[-13,0],[-5,3],[-4,-3],[-22,-3],[25,-47],[-18,-1],[-3,-5],[6,-19],[-7,-32],[5,-38],[-5,-28],[1,-34],[-12,-39],[-5,-39],[-13,0],[-14,-12],[-3,-18],[42,-36],[18,-7],[31,-4]],[[79688,10957],[-37,-36],[-19,-32],[-8,-40],[5,-35]],[[79629,10814],[-41,-18]],[[79588,10796],[-18,5],[-13,9],[1,6],[-16,5],[-5,15],[4,11],[-10,10],[4,9],[-10,3],[-18,13],[2,6],[-9,5],[0,10],[-19,2],[0,4],[-20,17],[33,5],[23,15],[-4,7],[27,44],[46,-15],[14,16],[21,-3],[17,2],[1,-2],[17,1],[-3,-6],[21,1],[-3,-5],[13,-2],[-1,-24],[5,-3]],[[81033,11518],[-15,-4],[-5,-9],[-10,-3],[-14,-1],[-8,-6],[-20,0],[1,-8],[-5,-7],[4,-2],[-22,-13],[-5,-12],[9,-23],[-2,-16],[-8,-5],[-2,-33],[-4,-8],[-3,3],[-31,3],[-6,-20],[-42,-5],[-26,3],[-10,-5],[-2,-5],[-6,0],[-7,-17],[4,-3],[-7,-3],[9,-6],[41,-8]],[[80841,11305],[-7,-4],[8,-4],[7,-21],[-6,-7],[9,-9],[1,-8],[-8,-29],[-12,-14],[97,13],[29,7]],[[80959,11229],[-4,-17],[8,-3],[13,-49],[30,9],[-4,-14],[29,5],[5,-25],[-7,-24]],[[81029,11111],[-6,-6],[0,-10],[12,-20],[6,-28],[-6,-38],[-10,0]],[[81025,11009],[-18,-1],[-57,-15],[-9,0],[-13,5],[-36,-13],[-19,-33],[-9,-5],[-4,-5],[2,-4],[-11,-8],[-17,-1],[-16,-6],[-11,-9],[-8,-15],[-38,-20],[-3,-7],[-14,-13],[-46,-12],[-7,3],[-16,-7],[5,-22],[-7,-10],[-15,-8],[-6,-11],[-12,-3],[-4,-4],[-24,-5],[-13,-9],[-35,-14],[-15,-5],[-2,11],[-11,3],[-21,0],[-36,14],[-19,13],[-8,3],[-5,36],[-40,-19],[-20,13],[-19,-5],[-18,-16],[2,-2],[-14,-7],[-4,2],[-4,-3],[-15,0],[-15,-6],[-30,2]],[[80270,10791],[-12,36],[67,4],[-19,74],[9,11],[4,26],[-12,-1],[-17,17],[16,4],[26,23]],[[80332,10985],[54,26],[40,41],[-10,3],[-11,11],[-8,-3],[-51,28],[-23,-3]],[[80323,11088],[11,14],[-1,9],[-65,-18]],[[80268,11093],[-29,13],[-36,9],[-136,14]],[[80067,11129],[-67,5],[-63,-7]],[[79937,11127],[-34,39],[-11,23],[-2,19],[7,32],[2,58],[8,23],[13,20],[50,44],[19,23],[10,25],[0,24]],[[79999,11457],[11,-2],[55,-3],[28,4],[7,5],[31,-6],[51,3],[84,20],[22,11],[16,16],[12,5],[17,2],[23,-5],[27,-1],[39,3],[78,23],[12,10],[12,15],[40,23],[57,9]],[[80621,11589],[21,5],[33,19],[84,12],[25,-6],[109,0],[67,-5],[25,1],[23,-5],[76,-6],[33,-11],[26,-4],[2,-4],[-16,-3],[-9,-9],[-6,-2],[-3,-9],[-16,-8],[-11,2],[0,-5],[-7,0],[-4,-7],[-21,-4],[-4,-5],[-8,-2],[2,-5],[-9,-10]],[[80095,9840],[-7,2]],[[80095,9840],[0,0]],[[80037,9845],[-7,-2]],[[80037,9845],[0,0]],[[80800,10138],[-41,-54],[-11,-33],[-1,-20],[6,-37],[-3,-19],[7,-24],[-5,-14],[1,-42],[6,-14],[14,-12]],[[80717,9865],[-34,35],[-37,27],[-4,-5],[-10,-2],[-27,-1],[-35,-6],[-18,10],[-12,3],[-15,-2],[-15,5],[-16,-8],[-10,1],[-5,-7],[-9,-3],[-3,2],[-15,-3],[-14,3],[-9,-4]],[[80429,9910],[0,7],[-4,0],[0,-26],[-36,-13],[-6,-5],[-61,-10],[-44,-5],[-15,-5],[-13,-9],[-4,-7],[3,-16],[-8,-8],[-13,-4],[-24,-3],[-9,-14],[1,-8],[-4,-8],[-17,-11],[0,-11],[-52,32],[-12,33],[8,7],[-8,-4],[-14,18],[-30,8]],[[80067,9848],[-8,2]],[[80059,9850],[-13,-2],[-18,-4],[-7,-3],[-21,0],[-16,7],[-1,4],[12,5],[3,4],[-17,-10],[0,-1]],[[79981,9850],[-3,2],[-11,0],[-17,-7],[-2,-5],[-21,-1],[-15,0],[-9,4],[-7,10],[-26,4],[-2,-3],[-26,-7],[-14,0],[-14,-17],[0,-10],[-11,-8],[-50,-6],[-8,-7],[-8,0],[0,-3],[-9,0],[-4,6],[-25,-5]],[[79699,9797],[-12,36],[-28,32],[-8,-1],[-13,7],[0,11],[-20,1],[-63,-3],[-11,-25]],[[79544,9855],[-13,0],[-6,-7],[-5,2],[1,5],[-15,8],[5,13],[-2,11],[-29,7],[6,4],[1,12],[27,2],[11,22],[-7,19],[-22,11],[-32,-1],[-26,13],[1,6],[-10,10],[7,19],[5,8],[11,7],[6,10],[20,12],[1,4],[29,4],[9,3],[7,7],[42,4],[17,29],[-7,2],[14,11],[27,2],[12,-7],[16,5],[24,-10],[48,-12],[29,1],[31,-3],[-4,35],[8,60],[13,29],[-3,14],[3,26],[16,28],[4,16],[35,53],[-3,39]],[[79846,10388],[65,-1],[-6,-3],[5,-4],[-5,-7],[7,-3],[3,-6],[3,-21],[25,1],[10,3],[38,-10],[0,4],[11,0],[8,3],[1,5],[7,-5],[9,8],[-2,4],[6,-4],[17,-39],[3,-1],[15,1],[2,2],[24,1],[42,9],[5,31],[20,-8],[13,1],[31,13],[15,1],[11,-10],[11,6],[9,2],[7,17],[8,8],[47,19],[14,10],[21,5],[1,8],[59,3],[13,-2],[24,7],[70,-9],[-4,-21],[16,2],[11,-3],[-13,-14],[17,-6],[-6,-7],[18,-4],[12,12],[8,-6],[2,-9],[5,-2],[15,2],[9,-2],[5,2],[13,-2],[22,13],[-2,2],[9,6],[0,9],[9,4],[-2,18],[6,4],[4,-5],[10,1],[2,15],[29,16]],[[80708,10452],[4,-17],[68,-2],[58,-11],[-7,-8],[0,-15],[-19,-18],[-10,-5],[7,-14],[2,-42],[-2,-8],[-16,-22],[4,-32],[-8,-2],[-20,1],[-1,-6],[-17,-5],[-9,-7],[2,-36],[54,4],[50,18],[12,-14],[0,-11],[-29,-25],[-11,-18],[-20,-19]],[[79992,10913],[-38,-36],[70,-19],[38,-26],[20,-10],[-7,-15],[-15,-6],[-13,3],[-1,-3],[13,-7],[-5,-16],[6,-2]],[[80060,10776],[-36,-4]],[[80024,10772],[-19,2],[-8,3],[1,4],[-9,2],[-10,7],[-37,9],[-1,7],[4,4],[-8,14],[-16,10],[-6,0],[-2,5],[-8,-1],[-3,6],[-7,4],[-28,-7],[-29,-3],[-85,2],[-40,-3],[-36,-7],[-48,-16]],[[79688,10957],[21,-19],[29,-15],[64,-3],[64,-16],[8,5],[12,1],[16,13],[16,42]],[[79918,10965],[39,-13],[-10,-10],[5,-3],[-4,-7],[2,-5],[9,-4],[13,1],[10,-3],[10,-8]],[[80270,10791],[-13,3],[-13,-5],[-7,-8],[-38,-2],[2,-4],[-31,-13],[-36,3],[-13,8],[-3,6],[-6,-1],[-19,7],[-10,0],[-23,-9]],[[79992,10913],[23,23]],[[80015,10936],[21,4],[24,-4],[33,1],[54,12],[59,7],[5,-4],[30,15],[19,-6],[11,16],[27,-11],[23,23],[11,-4]],[[80086,9668],[0,-1]],[[80086,9668],[0,0]],[[80237,9505],[-7,6],[-23,3],[-12,10],[-10,20],[0,35],[-48,34],[-10,1],[-8,5],[-7,17],[-21,18],[-4,14],[8,11],[-1,17],[23,18],[5,3],[4,6],[32,10],[7,14],[13,7],[-1,12],[17,9],[5,9],[-2,8],[9,13],[25,3],[15,8],[5,5],[-3,16],[7,7],[23,13],[49,5],[57,11],[40,17],[4,4],[-1,14],[2,2]],[[80268,11093],[-124,-32],[-38,-14],[-48,-30],[-24,-27]],[[80034,10990],[-14,-38]],[[80020,10952],[-11,20],[-38,27],[31,11],[17,21],[13,44],[28,34],[-2,4],[9,16]],[[80020,10952],[-5,-16]],[[79918,10965],[5,17],[-14,24],[-35,23],[-50,15]],[[79824,11044],[31,40],[13,36],[34,1],[35,6]],[[79824,11044],[-76,-44],[-60,-43]],[[79588,10796],[-25,-17],[-18,-17],[-34,-50]],[[79511,10712],[-18,-29],[-13,-13],[-21,-13],[-31,-12],[10,-5],[-10,-20],[7,-9],[0,-10],[-25,-16],[0,-12],[-10,-19],[5,-22],[-25,3],[-5,11],[-34,1],[-2,-32],[-13,0],[0,7],[-13,0],[-5,-5],[-28,10],[-14,-2],[-1,-4],[-23,5],[-14,7],[-21,-21]],[[78815,10794],[32,6],[36,-11],[20,2],[-3,12],[-25,38],[-24,15],[17,3],[13,6],[-20,25],[-7,37],[0,15],[7,5],[11,2],[4,12],[-5,4],[4,3],[-19,15],[-5,16],[21,-2],[-5,38],[15,0],[17,-7],[37,-7],[-43,35],[-49,26],[5,4],[9,-1],[11,4],[12,-5],[12,8],[12,1],[-3,8],[10,2],[17,-4],[11,0],[-4,-3],[8,-2],[1,-5],[7,-6],[26,-9],[5,8],[17,0],[7,6],[25,11],[31,-3],[13,1],[16,5],[15,-1],[7,10],[17,-1],[9,7],[13,2],[3,14],[10,11],[22,16],[17,6],[10,12],[15,4],[14,9],[7,17],[23,33],[10,9],[89,118]],[[79373,11368],[14,20],[36,1],[33,-4],[55,6],[27,1],[21,5],[-3,5],[9,8],[9,-6],[21,2],[14,0],[-4,2],[1,4],[10,1],[-4,7],[16,4],[26,-9],[13,-12],[11,-4],[22,0],[23,5],[36,1],[23,9]],[[79782,11414],[55,10],[44,13],[11,6],[10,11],[30,14],[55,-6],[12,-5]],[[80961,10671],[0,-2],[-31,-3],[-5,4],[-11,-1],[-12,-7],[-11,-23],[-17,6],[1,22],[-10,1],[-66,-15],[2,-4],[-33,-11],[-1,-3],[-13,8],[-31,-5],[-30,-10],[-9,-22],[1,-28],[-11,-27],[61,-11],[5,-5],[43,-10],[2,-5],[9,-5],[-3,-7],[-15,-7],[-14,-19],[-10,-4],[-20,0],[-15,-11],[-9,-15]],[[79846,10388],[-3,19],[12,17],[-4,0],[-19,31],[-18,9],[-4,9],[4,6],[-11,10],[5,6],[11,4],[7,11],[13,6],[7,11]],[[79846,10527],[24,14],[16,13],[16,29],[14,10],[27,14],[7,0],[21,13],[45,12],[2,9],[-9,8],[-48,7],[-8,17],[11,12],[6,31],[14,8],[14,18],[20,15],[6,15]],[[81025,11009],[2,-28],[-6,-3],[16,-33],[-6,-36],[-3,-2],[-33,0],[-21,-4],[-8,-17],[-13,-4],[-2,-4],[-18,-2],[-6,-5],[-6,-27],[38,-49],[-17,-35],[-11,-4],[-12,-17],[-23,-14],[-8,-23],[49,-5],[1,-6],[23,-20]],[[77811,9409],[0,0]],[[77778,9539],[0,0]],[[77906,9563],[0,0]],[[77952,9899],[0,0]],[[77951,9898],[24,-3],[14,-10],[4,7],[11,0],[30,8],[33,23],[11,3],[32,-8],[34,-12],[67,-3],[21,-6],[11,-12],[-10,-15],[8,-9],[-9,-11],[5,-16],[-35,-25],[-18,-2],[-13,6],[-6,0],[-19,-6],[-14,-10],[0,-6],[7,-5],[0,-11],[13,-20],[-1,-10],[-8,-6],[-59,1],[-38,-3],[-19,8],[-7,19],[-19,-3],[-15,3],[-49,-16],[3,-24],[-9,-8],[-47,-15],[-11,-2],[-5,3],[-17,-10],[-41,-8],[-3,-27],[-8,-12],[6,-15],[26,-22],[-1,-8]],[[78237,9902],[-3,-4],[-25,7],[-68,3],[-37,13],[71,7],[45,-5],[8,-9],[-5,-6],[14,-6]],[[78023,10146],[-25,-10],[-9,-2]],[[78520,10277],[-35,-41],[37,-11],[45,-5],[22,-1],[19,-8],[1,6],[12,-2],[-1,-13],[8,-7],[50,-7],[-6,-9],[-60,2],[-14,-34],[15,-34],[-11,-28],[24,-12],[0,-22],[-6,-20],[3,-10],[14,-16],[-1,-12],[7,-15],[-4,-19],[8,-33],[-16,-40],[-10,-13],[-26,4],[-14,-13],[-19,-3],[-45,-16],[-16,4],[-23,-5],[-23,13],[-18,3],[-2,-2]],[[78435,9858],[-10,11],[-19,4],[-1,-27],[-8,-17],[1,-18],[19,-51],[21,-16],[-10,-10],[-12,-32],[0,-27],[15,-19],[13,-52],[-8,-51],[6,-38],[-7,-20],[-6,-89]],[[77842,9245],[-17,-7],[-30,-3],[-61,16],[-33,23],[-20,29],[7,11]],[[77690,9316],[9,6],[80,21],[19,7]],[[77847,9381],[0,17],[-21,12],[-14,1],[-32,-5],[-35,35],[-9,4],[-7,15],[31,35],[5,26],[8,14],[21,7],[30,1],[7,-1]],[[77841,9539],[5,-3],[11,0]],[[77904,9559],[9,6],[-14,10],[-40,11],[-24,12],[-2,12],[-24,22],[-4,12],[14,19],[-7,-3],[-1,3],[3,9],[-3,9],[10,3],[30,4],[82,27],[11,10],[-1,19],[42,18],[13,-4],[17,3],[10,-18],[19,-8],[44,3],[47,-3],[11,3],[12,8],[-3,15],[-12,14],[0,11],[-8,10],[13,10],[19,4],[15,-5],[13,-1],[10,3],[33,23],[3,9],[-5,10],[9,12],[-7,10],[9,14],[-9,8],[2,10],[-15,5],[6,6],[-13,12],[-40,3],[-71,-5],[-7,-1],[-19,4],[-9,-1],[-8,-3],[-32,-22],[-24,-2],[-22,-7],[-10,6],[-17,2],[-3,6],[-18,2],[-11,9],[4,11],[-2,6],[24,11],[11,11],[17,4],[20,13],[-1,16],[8,5],[0,4],[-17,12],[-16,8],[-4,7],[15,31]],[[77990,10066],[3,2],[1,13],[11,3],[4,4],[0,9],[-2,-5],[-8,2]],[[77988,10097],[-9,24]],[[77981,10125],[3,7],[11,2],[24,9],[7,3],[16,14],[-1,1]],[[80323,11088],[-25,-14],[-9,-18],[-30,-23],[-14,-17],[-1,-14],[-82,-8],[-61,-16],[-67,12]],[[78340,11183],[13,-1],[3,14],[12,1],[7,12],[53,-11],[40,10],[27,-4],[15,1],[40,14],[91,5],[38,14],[25,-2],[21,-8],[8,2],[7,6]],[[78740,11236],[42,3],[12,-10],[10,14],[26,6],[-1,14],[10,-5],[1,-6],[6,-1],[-1,-8],[-4,-2],[11,-5],[-34,-11],[-1,-9],[10,-1],[2,-2],[27,1],[11,3],[16,13],[24,9],[48,7],[15,10],[47,10],[5,6],[18,8]],[[79040,11280],[77,15],[17,7],[25,-2],[24,3],[3,4],[2,-4],[18,1],[17,6],[-7,11],[17,4],[-5,14],[15,6],[15,-1],[10,15],[38,24],[11,-16],[39,2],[17,-1]],[[79846,10527],[-8,8],[-21,-5],[-3,25],[-5,-1],[-6,8],[-9,-15],[-6,-2],[-7,1],[-7,-4],[-5,-13],[-40,9],[-9,6],[-3,13],[13,31],[-23,3],[-2,-3],[-13,6],[-9,0],[7,24],[-6,1],[2,5],[-7,1],[-9,-6],[-23,7],[-21,-10],[-29,5],[-8,-1],[1,-7],[-8,-11],[-39,26],[-24,27],[-12,32],[4,25]],[[79544,9855],[-19,-19],[-104,-36],[-32,-15],[-49,40],[-10,4],[11,14],[2,15],[-22,11],[-31,7],[-9,6],[2,6],[-11,0],[7,5],[-7,2],[0,4],[4,0],[-2,8],[9,15],[9,52],[17,23],[-26,-8],[-23,-1],[-79,12],[-10,10],[1,5],[32,45],[-17,16],[2,2],[-10,5],[0,8],[-9,2],[-15,9],[-12,-10],[-5,-15],[-8,1],[0,3],[-29,2],[-1,2],[9,41],[25,42],[20,49],[-20,5],[-16,0],[-13,4],[-22,-7],[-42,17],[-2,3],[7,18],[-5,1],[0,12],[20,49],[28,25]],[[80067,9848],[0,0]],[[79981,9850],[1,-2],[16,-8],[15,-3],[17,6]],[[80037,9845],[21,4],[30,-7]],[[80095,9840],[13,-15],[-6,-2],[7,-2],[13,-36],[48,-31],[-7,-7],[-8,-15],[-30,-8],[-5,-7],[-25,-16],[-4,-8],[2,-13],[-7,-12]],[[80086,9667],[-1,-2],[5,-11],[21,-19],[7,-17],[8,-5],[10,-1],[47,-33],[0,-36],[10,-20],[13,-11],[24,-3],[27,-22],[-2,-10],[7,-26]],[[80259,9444],[-4,-5],[6,-14],[-9,-17]],[[80249,9406],[-4,-1],[-36,3],[-17,-3],[-27,6],[-16,-2],[-5,-25],[5,-9],[-33,-19],[-1,-15],[-14,-10],[-9,-18],[3,-7],[15,-6],[-7,-20],[9,-13]],[[79571,9310],[15,10],[33,12],[5,-2],[20,12],[42,8],[45,19],[6,-2],[10,16],[-3,23],[-38,47],[-26,70],[6,9],[16,5],[3,25],[-4,21],[32,0],[21,14],[-23,16],[-4,18],[-14,17],[-40,-11],[-18,5],[-42,-6],[-13,1],[14,26],[4,17],[32,8],[18,2],[10,-2],[-5,16],[-24,6],[1,20],[24,29],[2,16],[10,14],[15,3],[-2,5]],[[78435,9858],[-1,-8],[4,-3],[32,-10],[9,-1],[43,-13],[44,-25],[11,-23],[2,-16],[12,-12],[100,-16],[15,3],[-2,4],[19,2],[0,2],[29,4],[29,-1],[9,-20],[-11,-42],[3,-12],[26,-7],[36,-31],[15,-19],[19,2],[1,-3],[23,0],[30,-5],[24,9],[-11,14],[1,9],[18,1],[-1,15],[-7,5],[7,16],[28,-8],[26,1],[12,23],[58,-2],[51,2],[-8,-16],[-18,-13],[5,-43],[138,-39],[18,32],[14,-7],[1,-6],[24,-7],[8,15],[17,-4],[8,32],[19,-14],[11,-1],[-6,-25],[33,-4],[-8,-56],[9,-35],[19,-25],[9,-20],[14,-18],[2,-9],[-3,-19],[-41,-29],[-70,-37]],[[76856,13828],[-114,-35],[-56,-20],[-21,-58],[-7,-9],[-29,-13],[7,-8],[27,-12],[1,-9],[-23,-17],[-18,-3],[-17,2],[-15,-3],[-27,-12],[-23,-15],[-45,-11],[13,-31],[8,-8],[9,-1],[6,-4]],[[76532,13561],[-72,-28],[-98,-34],[-23,-13],[-36,-29]],[[76303,13457],[-43,34],[-30,13]],[[76230,13504],[-36,33],[-72,26],[-39,33],[-24,39],[-54,8]],[[76005,13643],[33,13],[74,19],[132,20],[128,34],[283,92]],[[76655,13821],[31,11],[59,5],[28,8],[28,-4],[16,-10],[35,2],[4,-5]],[[77088,13365],[33,9],[37,5]],[[76855,13160],[-236,50],[-13,-8],[-25,-9],[-117,-15]],[[76464,13178],[-25,20],[-18,8],[-7,17],[-21,14]],[[76393,13237],[3,57],[-14,54],[-37,59]],[[76345,13407],[52,12],[219,36],[27,8],[129,27],[58,17],[9,0]],[[76839,13507],[29,8],[15,-1],[24,13],[9,-4],[24,-2],[25,7],[10,33],[9,16],[0,19],[8,10],[8,-2],[-1,-11],[25,-21],[11,-27],[12,1],[20,-9],[3,-7],[9,0],[12,-5],[2,-8],[6,-4],[12,-1],[12,-5],[10,2],[25,-3],[9,-14],[-18,-1],[-10,4],[-12,0],[-16,4],[-11,6],[-11,2],[1,-41],[-54,-83],[6,-5],[24,-10]],[[76113,13251],[30,-34],[-15,-4],[10,-13],[-21,-19],[6,-10]],[[76123,13171],[-46,-4],[-14,-5],[-7,2],[-10,17],[-2,14],[-43,-2],[2,-7],[-13,-2],[-3,8],[-22,-7],[16,-13],[-52,-22],[-24,-7]],[[75784,13197],[81,27],[71,30]],[[75936,13254],[27,-25],[14,-8],[64,19],[72,11]],[[76123,13171],[27,-13],[8,-9],[-22,-58],[13,1],[49,-10],[-3,-4],[-24,1],[-8,-4],[-30,-26],[-4,1],[1,-15],[-25,-9],[-15,-9],[-34,15],[-21,17],[-70,-7]],[[76393,13237],[-11,6],[-111,34],[-134,-22]],[[76137,13255],[28,38],[35,12],[36,27],[4,8],[-4,1],[8,9],[-9,2],[4,7],[-34,9],[-17,0],[-12,8],[45,16],[-15,9]],[[76206,13401],[64,33],[33,23]],[[76303,13457],[18,-14],[24,-36]],[[76532,13561],[53,18],[47,7],[11,-11],[22,-7],[16,-12],[18,-4],[7,-8],[22,-4],[16,21],[5,-3],[24,-3],[56,-38],[10,-1],[0,-9]],[[76464,13178],[-68,-84],[-29,-42],[-11,-6],[-12,-14],[-5,-58],[26,-24],[-58,-43],[-26,-7]],[[76281,12900],[-29,-8],[-58,-3],[-32,-15],[-3,1],[-9,-11],[-36,7],[-42,4],[-15,-5],[-12,3]],[[76113,13251],[24,4]],[[76230,13504],[-130,-70],[-71,-23]],[[76029,13411],[11,8],[-17,25],[-8,-2],[-14,12],[-5,-4],[-10,5],[-62,48],[0,3],[24,-1],[11,6],[-10,4],[-6,-3],[-7,0],[6,9],[-12,3],[-5,-7],[-8,0],[1,31]],[[75918,13548],[28,23],[58,72]],[[76004,13643],[1,0]],[[75936,13254],[69,37]],[[76005,13291],[60,34]],[[76065,13325],[141,76]],[[75894,13365],[-51,-40],[-6,-11],[-24,-4],[2,-4],[-39,-10],[-19,8],[-27,-9],[-21,-1],[-10,-4]],[[75619,13343],[27,8]],[[75646,13351],[117,30],[-6,7],[17,7],[25,3],[2,-3],[22,3],[1,-3],[53,13],[17,-43]],[[76065,13325],[-16,8],[-9,-5],[-15,0],[1,12],[-6,12],[-3,0],[-6,7],[-9,-2],[-9,3],[-17,1],[-13,16],[43,19],[23,15]],[[76005,13291],[-10,13],[-4,-1],[-5,7],[7,5],[-4,16],[-11,-9],[-7,4],[2,5],[-42,16],[-23,7],[-9,-5],[-5,16]],[[75646,13351],[35,24],[42,14],[31,30],[10,-1],[21,3],[-12,27],[24,7],[17,11],[26,27],[26,13],[16,22],[36,20]],[[77326,13830],[32,-82],[66,-14],[79,-26],[51,-12],[8,-25],[2,-23],[16,-29],[13,-16]],[[77593,13603],[3,-2],[89,15],[49,-1],[43,-49],[7,-21],[-12,-9],[27,-37],[-1,-10]],[[76856,13828],[59,19],[10,-7],[9,0],[23,-13],[13,-1],[2,-3],[20,-4],[41,-1],[22,-12],[10,0],[38,21],[13,-4],[3,2],[12,-15],[16,2],[-8,20],[-16,15],[-16,10],[-29,9],[18,5],[35,18],[-5,3]],[[77126,13892],[20,0],[72,-23],[16,-1],[13,-12],[16,-3],[12,-8],[48,-8],[3,-7]],[[69419,12358],[-41,-17],[18,-34],[-11,-27],[2,-7],[6,-3],[-24,-7],[-5,-5],[-27,-13],[-12,-26],[-5,3],[-19,0],[-20,-9],[-2,-13],[8,-5],[-3,-8],[-34,-14],[-8,-1],[-58,-15],[15,-12]],[[69199,12145],[-24,4],[-19,30],[-53,55],[-13,6],[-22,23],[-22,12],[-26,8],[0,6],[10,5],[-19,22],[-18,10]],[[68993,12326],[70,0],[45,5],[69,17],[2,-3],[177,43]],[[69356,12388],[-4,-18],[20,-1],[31,4],[13,-4],[3,-11]],[[69302,12475],[33,-12],[23,-20],[4,-25],[-6,-30]],[[68993,12326],[-54,-6],[-51,-11]],[[68888,12309],[-20,43],[-7,61]],[[68861,12413],[15,20],[23,-20],[31,22],[1,20],[-4,25],[93,-21],[2,-34],[22,4],[-9,-36],[123,38],[7,-5],[12,1],[-1,7],[8,3],[-1,2],[25,8],[3,-2],[11,6],[80,24]],[[68809,10696],[-2,-18],[25,4],[5,-28],[-1,-2],[-14,-1],[-19,4],[-6,-11],[0,-11],[9,-10],[20,-7],[-16,-9],[3,-5],[19,-14],[13,3],[12,-21],[-37,-8],[-18,-11],[-40,16],[-8,-8],[-21,-3],[-21,16],[-40,1],[-17,11],[-10,-3],[-7,1],[-24,-15],[-7,0],[-10,-11],[1,-5],[-20,-7],[8,-17],[15,-10],[3,-8],[40,-48],[15,-37]],[[68659,10424],[3,-14],[-13,-19],[-69,-7],[40,-35],[31,-36]],[[68651,10313],[-34,0],[-15,-7],[-1,-6],[-19,-3],[-15,-7],[8,-8],[3,-13],[-7,-3],[-1,-12],[6,-4],[-15,-7],[-2,-8],[-4,-3],[11,-16],[10,1],[9,-12],[-3,-2],[15,-8],[-24,-7],[12,-9],[-6,-7],[7,-11],[-55,-25],[-20,-22],[-38,-23],[-18,-20]],[[68455,10071],[-11,-41],[-24,-36],[-47,-57],[-41,-28]],[[68332,9909],[-2,3],[8,10],[-3,4],[7,3],[-8,5],[4,8],[-6,9],[-10,3],[-3,6],[-13,4],[-4,-3],[-5,2],[-16,11],[-5,9],[4,3],[-8,3],[-1,6],[-9,5],[1,8],[7,2],[-4,4],[2,6],[-5,0],[0,8],[-9,2],[3,4],[-13,1],[-4,7],[-4,-4],[-3,6],[-29,-13],[-49,-3],[-40,-18],[-41,-5],[-5,9],[-135,-47],[-80,12],[-2,-28],[-9,-12],[-11,-2],[-5,-25],[-16,-11],[-15,-20],[-8,18],[-45,4],[-9,21],[-108,-10],[-48,29],[-67,4]],[[67511,9947],[28,36],[7,23],[13,9],[12,17],[12,31],[15,7],[20,2],[8,12],[27,14],[-1,16],[21,14],[-16,8],[-27,6],[-34,-1],[-34,-4],[3,5],[-16,4],[-13,11],[-25,12],[-4,12],[8,5],[4,14],[-4,6],[4,3],[-15,11],[-6,0],[-27,12],[-6,-1],[-6,5],[2,7],[-8,25],[4,1],[-20,17],[1,10],[-10,7],[2,3],[-6,2],[4,3],[-4,5]],[[67424,10316],[16,8],[9,9],[17,1],[6,6],[35,15],[28,7],[28,-8],[35,-15],[38,-1],[15,8],[-25,16],[-18,16],[-50,6],[43,2],[1,12],[15,1],[-4,14],[6,-1],[15,-16],[16,-8],[44,1],[30,8],[0,23],[-19,18],[-20,10],[-13,4],[-19,17],[-3,10],[-3,27],[25,6],[23,13]],[[67695,10525],[18,-3],[0,8],[-6,0],[2,10],[19,-6],[56,-31],[22,-7],[17,-2],[17,3],[-10,13],[11,3],[14,-12],[12,6],[7,-14],[35,4],[57,-10],[46,-27],[27,-7],[50,-36],[5,9],[42,8],[18,0],[8,3],[37,29],[-5,4],[-21,-3],[-2,8],[6,-2],[3,5],[20,-7],[8,7],[10,-3],[8,4],[63,71],[46,-24],[-1,6],[25,12],[-11,11],[-16,4],[15,3],[15,8],[10,1],[-26,22],[-8,14],[1,8],[-9,2],[-2,6],[3,13],[47,19],[15,32],[17,20],[14,9],[-16,6],[-8,0],[-2,3],[-9,-3],[-3,3],[2,10],[10,2],[0,7],[7,2],[11,10],[16,2],[12,-4],[5,3],[35,-3],[15,17],[48,-8],[30,0],[2,-7],[37,4],[60,-14],[44,-19],[32,-4],[16,-13],[28,-11],[7,-5],[6,2]],[[70461,12084],[22,9],[14,2]],[[69575,11346],[-34,35],[-25,20],[-3,30],[-91,45],[-147,82],[-99,79],[-39,16],[-34,23],[-12,3],[-7,-8],[-5,0],[-40,13],[-10,-25],[-36,-1],[-16,-15],[-30,13],[7,9],[-38,32],[-79,6],[-99,-12],[-56,-4],[-70,8],[-149,-30],[-61,-22],[-25,-13],[-25,19]],[[68352,11649],[78,37],[39,13],[156,63],[57,30],[66,46],[76,30],[46,8],[11,-8],[7,-17],[11,-12],[98,60],[4,6],[2,25],[7,7],[31,-11],[20,-15],[76,24],[73,8],[11,15],[1,16],[-6,5],[-4,27],[-13,9],[-5,9],[2,10],[15,37],[12,17],[25,4],[9,-1],[-56,52]],[[69201,12143],[-2,2]],[[69419,12358],[119,-23],[37,-11],[34,-1],[11,-3],[34,-20],[77,-23],[26,-3],[21,4],[19,-28],[25,-24],[30,-18],[19,-6],[13,-14],[36,-24],[7,4],[13,2],[14,-10],[20,10],[9,2],[3,-3],[19,15],[-2,16],[10,18],[-10,16],[20,18],[52,-12],[107,-46],[10,-6],[-5,-5],[19,-41],[-4,-35],[-20,-82],[7,-23],[84,29],[43,25],[40,8],[27,1],[78,19]],[[69169,10798],[-31,-6],[-33,-23],[4,5],[-44,37],[-87,-34],[15,-23],[-44,-18],[-16,6],[-37,0],[-40,-24],[-7,-9],[-40,-13]],[[67695,10525],[12,15],[-34,16],[-53,7],[-29,9],[-20,10],[-11,14],[-44,15],[-2,13],[-29,1],[-61,-6],[-34,3],[3,29],[-28,44],[9,11],[4,41],[11,10],[-4,12],[28,139],[-1,11],[21,31],[-3,35],[-10,25],[14,25],[-12,26],[-21,10],[-4,-2],[-4,4],[4,2],[-24,26]],[[67373,11101],[-31,61],[11,2],[-1,4],[22,32],[30,30],[16,10],[20,18],[3,11],[-15,17],[0,17],[-23,30],[4,11],[-4,6],[18,10],[25,31],[-7,7],[-67,32],[-64,34],[-137,16],[-77,0],[0,23],[10,28],[6,10],[17,16],[8,17],[4,19],[-6,18],[-8,6],[48,90],[7,38],[-29,27]],[[67153,11772],[42,16],[93,29],[39,-44],[122,4],[16,-46],[85,9],[49,6],[-13,48],[68,8],[11,-6],[0,39],[21,-2],[35,-14],[81,-10],[32,-8],[120,-6],[89,-14],[34,0],[93,-9],[65,-12],[11,-21],[69,-62],[37,-28]],[[68798,10243],[-35,5],[-33,8],[-20,-6],[1,-3],[-4,-2],[10,-16],[9,-1],[4,-4],[21,6],[9,-15],[20,-15],[23,-80],[13,-8],[28,-7],[2,-6],[13,-8],[1,-7],[-9,-15],[13,-21]],[[68864,10048],[-38,3],[-30,14],[-30,-2],[-9,-3],[-4,-6],[-2,7],[-41,-3],[-5,2],[-19,-4],[-11,1],[-87,-9],[-42,1],[-21,5],[-48,15],[-22,2]],[[68651,10313],[26,-2],[-2,-9],[40,-5],[53,10],[20,9],[14,0],[2,-26],[9,-14],[4,-26],[-19,-7]],[[69128,10297],[3,-8],[21,-6],[11,1],[-11,-28],[2,-45],[-10,-1],[-8,-21],[-14,-2],[-5,-17],[-19,4],[-18,-39],[8,-1],[2,-6],[-8,-10],[-19,-8],[9,-11],[-17,-3],[10,-20]],[[69065,10076],[-13,0],[-83,-13],[-17,-17],[-24,-2],[-24,-6],[-32,-1],[-8,11]],[[68798,10243],[47,2],[43,9],[66,26],[43,12],[-2,8]],[[68995,10300],[19,0],[15,4],[18,0],[23,16],[17,0],[2,-8],[29,-1],[10,-14]],[[72526,13795],[1,-3],[-13,-11],[-14,-7],[-146,-47],[-20,-56],[13,-15],[-2,-15],[10,-20],[-4,-19]],[[72351,13602],[-15,-4],[-18,-1],[0,3],[-9,0],[0,3],[-35,6],[-8,-14],[-1,-15],[-63,0],[-70,-8],[-53,1]],[[72079,13573],[-27,19],[-218,12],[-70,-31],[-88,44],[-31,11],[-53,4],[-49,8],[-10,11],[-11,3],[-27,2],[-14,-2],[-3,7],[-31,-3],[-9,5],[-16,-10],[-10,2],[-4,-5],[-8,3],[-12,-2],[-7,3],[-15,-3],[-13,4],[-3,5],[-7,1],[1,5],[-4,1]],[[71340,13667],[2,7],[11,11],[-30,29],[-4,22],[16,4],[27,15],[8,8],[21,55],[-36,27],[97,14],[3,4],[-14,6],[-9,-2],[-13,3],[9,9],[-6,6],[-62,-13],[-8,24]],[[71352,13896],[20,-4],[28,-1],[18,7],[45,-2],[25,-4],[41,0],[100,12],[56,18],[31,0],[22,-4],[-13,-18],[13,-22],[12,4],[4,-1],[1,-7],[14,-6],[-4,-2],[12,-6],[0,-6],[8,-3],[-5,-2],[5,-4],[31,14],[31,-6],[17,11],[-6,6],[0,8],[8,1],[6,-7],[4,4],[12,-3],[6,2],[10,-2],[12,12],[10,-1],[27,6],[-5,3],[-12,2],[-7,-2],[-11,7],[8,5],[19,-5],[59,24],[6,3],[-19,11],[5,4],[7,-4],[19,11],[-13,10],[-24,-4],[-30,16],[-10,10],[-15,5],[-20,15],[-70,23],[-19,10],[12,9],[-2,18],[12,-1],[14,10],[3,15],[-4,11],[-21,-6],[-10,7],[4,15],[11,12],[2,13],[14,10],[12,4],[4,-2],[41,3],[37,8],[20,10],[19,5]],[[71989,14175],[19,10],[2,5],[21,2],[21,10],[43,10],[53,21],[17,1],[33,-17],[13,-10],[11,-22],[-1,-6],[14,-4],[7,-9],[0,-9],[83,-44],[-29,-26],[14,-6],[-3,-1],[10,-7],[18,-1],[-3,-2],[6,-5],[15,-2],[-1,-3],[-13,-3],[13,-4],[0,-4],[-7,-4],[1,-4],[8,2],[-2,-16],[8,-2],[17,-23],[34,-14],[-7,-13],[-4,-1],[1,-6],[49,-36],[6,-18],[28,-21],[7,-33],[-25,-22],[46,-19],[14,-24]],[[72476,14781],[-93,-27],[-61,-26],[6,-16],[-29,-5],[13,-21],[-7,-3],[-11,0],[2,-5],[-7,-1],[-2,4],[-25,-3],[0,-18],[-13,3],[-5,-3],[-2,-23]],[[72242,14637],[-97,-13],[-90,1],[-64,-8],[-19,-6],[-10,0],[20,-22],[-5,-3],[-14,-3],[-46,-2],[-50,-8],[-33,1],[-30,-16],[6,-8],[-8,-7],[1,-15],[14,3],[-1,-19],[-57,-1]],[[71759,14511],[-12,7],[-5,11],[-27,25],[-20,13],[8,12],[-1,9],[-15,17],[-17,7],[1,14],[-5,5],[-21,11],[-28,1],[-8,5],[-78,17],[-30,-32],[-48,28],[10,14],[-38,8],[16,28],[-15,4],[13,14],[-28,8],[32,21],[24,5],[38,22],[1,9],[-6,2],[1,14],[-10,15],[-8,24],[-11,11],[0,5],[-25,10],[-27,5],[-22,-26],[-16,2],[-3,-7],[-9,5],[0,12],[-11,9],[38,37],[-36,6],[5,11],[-3,4],[16,30],[-37,11],[2,13],[-18,18],[-2,14],[15,6],[-9,12],[-5,-2],[-12,7],[7,3],[-52,37],[-5,10],[-25,2],[8,30],[-2,44],[11,18]],[[72750,14392],[-11,-2],[-13,-10],[-11,-3],[-17,-13],[-15,2],[-14,-4],[-10,7],[-10,-9],[-15,-39],[-17,5],[-39,2],[0,-81],[-16,-5],[44,-33],[3,2],[16,-13],[4,1],[23,-11],[22,6],[70,4]],[[72744,14198],[0,-2],[-33,-20],[19,-6],[27,1],[43,10],[0,-38],[21,-35],[12,-6],[-10,-10],[29,-13],[21,-29],[36,2],[-6,-8],[-19,-10],[1,-19],[-7,-11],[-31,-12],[-68,-21],[4,-43],[31,-33],[2,1],[-25,-26],[-138,-50],[-22,-5]],[[72631,13815],[-105,-20]],[[71989,14175],[-9,5],[-7,14],[-16,14],[-23,16],[-82,33],[15,3],[0,10],[-4,3],[7,8],[13,6],[14,0],[25,11],[-17,21],[-12,-1],[-6,11],[-12,4],[-9,26],[-29,20],[-27,11],[13,5],[-7,4],[6,12],[-27,5],[-13,14],[2,5],[6,1],[-2,20],[-8,17],[-4,21],[-17,17]],[[72242,14637],[-4,-36],[1,-28],[10,-29],[-8,-22],[6,-8],[29,-6],[5,3],[18,-7],[71,5],[91,-2],[56,-7],[59,-12],[72,-22],[41,-19],[31,-21],[30,-34]],[[71352,13896],[-12,2],[-8,5],[15,40],[-25,0]],[[71322,13943],[-3,16],[5,10],[9,3],[20,1],[12,32],[-9,15],[30,32],[2,12],[-41,-7],[-49,-2],[-28,7],[-18,10],[-21,-1],[-7,11],[-28,20],[9,11],[-3,12],[-45,20],[-32,20],[-32,9],[-27,-9]],[[71066,14165],[-18,19],[-18,6],[-9,8],[-2,5],[13,5],[-7,3],[-14,-1],[-40,39],[-14,5],[-1,5],[12,19],[19,5],[-2,2],[50,28],[0,26],[22,2],[3,-3],[30,7],[5,19],[-3,4],[13,7],[6,17],[-12,13]],[[71099,14405],[13,9],[62,6],[16,7],[11,-10],[2,-22],[30,2],[0,5],[6,3],[15,-5],[3,2],[36,3],[11,-3],[23,-14],[9,6],[13,1],[2,7],[13,-1],[32,7],[14,-3],[19,5],[27,14],[20,-1],[-4,11],[6,7],[107,35],[-20,8],[8,10],[54,1],[132,16]],[[73456,14232],[-5,-31]],[[73451,14201],[-15,-3],[30,-10],[-6,-23],[10,1],[0,-5],[-7,-16],[19,-7],[-2,-17],[3,-5],[-23,-11],[-11,-13],[12,-1],[4,-14],[6,-4],[-19,-27],[-23,-13],[-4,-14],[4,-11],[-5,-12],[-13,-13],[0,-5],[-10,-5],[-26,-22],[-7,-21],[-19,-33],[46,-13],[58,-22],[40,-28],[40,-18],[23,-23],[30,-15],[33,-24],[-5,-4],[24,-9],[-18,-22],[-2,-10],[4,-7],[-18,-7],[-23,3],[-6,-8],[-8,3],[-4,-6],[-9,-1],[3,-3],[-7,-8],[4,-5],[-12,-12],[0,-6],[8,-5],[-5,-2],[9,-11],[24,4],[17,-7],[1,-7]],[[73596,13624],[-10,-3],[3,-5],[-7,0],[-12,8],[-13,3],[-6,-6],[-20,-10],[0,10],[-13,-3],[-20,0],[-28,-6],[-9,10],[-20,-22],[-23,2],[-38,-10],[-24,-2],[-111,-1],[-263,-9],[-2,17],[-12,25],[-15,-3],[-22,10],[-5,15],[-6,2],[-13,0],[-12,8],[-1,12],[-9,6],[-20,-4],[-8,12],[5,8],[-31,22],[-8,1],[-22,9],[-3,-2],[-32,19],[-48,-7],[-24,0],[36,33],[9,12],[-72,21],[-36,19]],[[72744,14198],[33,23],[19,20],[41,10],[54,-1],[37,6],[20,13],[-31,14]],[[72917,14283],[137,9],[199,3]],[[73253,14295],[2,-9],[20,1],[36,-4],[22,2],[5,-9],[10,1],[5,-4],[11,3],[5,-4],[16,8],[2,-6],[-6,-3],[7,-2],[8,2],[5,-1],[26,0],[-1,-12],[18,-9],[12,-17]],[[70567,14699],[23,-2],[33,-15],[28,-19],[6,-7],[24,3],[1,-17],[-20,-2],[-13,-6],[9,-9],[43,5],[-1,4],[-9,1],[-3,7],[94,8],[19,13],[75,-47],[7,-1],[0,-3],[30,-3],[-2,-4],[25,-1],[3,-8],[-4,-12],[-25,-26],[103,-16],[28,-1],[29,-4],[67,-2],[3,-17],[8,-2],[2,-6],[5,-1],[-1,-11],[20,-25],[1,-14],[-31,0],[-1,-4],[-17,3],[-10,-7],[-30,-14],[13,-32]],[[71066,14165],[-7,-6],[-15,-7],[-7,-13],[-17,-8],[-9,-11],[-6,-23],[-15,-7],[-31,0],[-16,4],[-12,-19],[-39,2],[-1,-18]],[[70891,14059],[-10,2],[-21,15],[-26,10],[-32,1],[-32,-9],[-43,11],[-14,-4],[-13,5],[-26,4],[-18,-16]],[[70656,14078],[-11,3],[-7,6],[-19,2],[-2,-17],[-12,-3],[-7,6],[-6,1],[0,11],[-25,6],[-12,-14],[-32,4],[1,3],[-41,8]],[[70483,14094],[18,18],[40,27],[48,-14],[24,18],[16,6],[23,-8],[27,21],[-9,8],[21,13],[-3,4],[3,7],[-13,1],[-4,5],[-16,4],[5,3],[-8,3],[8,6],[7,-1],[15,14],[-14,9],[17,14],[17,9],[-11,4],[-9,-2],[-34,13],[-12,10],[-46,24],[-9,9],[-53,-39],[-54,6],[-18,4],[-13,-22],[-8,4],[-34,-4],[-23,-4],[-21,-9],[-99,-5],[-9,33],[-21,1],[-17,-31],[-35,8],[-21,-7],[-6,-8],[-31,1],[-29,-9],[-23,18],[-11,20]],[[70058,14276],[5,5],[-9,7],[-26,8],[-6,7],[-20,10],[6,13],[-12,4],[-14,8],[10,18],[-2,5],[-12,21],[-14,13],[-3,13],[-9,4],[-3,7],[1,5],[22,9],[-9,8],[-6,17],[4,11],[-7,5],[-5,15],[17,17],[-4,8],[15,44],[4,32],[32,28],[24,5]],[[70037,14623],[6,0],[8,-7],[11,-3],[12,1],[35,11],[2,-5],[37,0],[36,-7],[14,9],[19,38],[59,-9],[12,13],[24,15],[17,41],[-14,13],[0,6],[85,-25],[74,4],[8,17],[19,-8],[41,-27],[3,5],[22,-6]],[[70047,15296],[-1,-7],[10,-22],[-7,-26],[4,-33],[25,-41],[40,-46],[5,2],[8,-7],[12,-4],[23,-2],[46,-12],[32,-4],[15,-18],[-4,-16],[11,-10],[4,1],[9,-7],[3,-7],[23,-18],[23,-6],[29,-3],[2,5],[-5,4],[8,6],[-1,-9],[17,-1],[-3,-5],[17,-1],[15,-4],[58,4],[51,-18],[31,-4],[58,-22],[-7,-11],[11,-3],[16,13],[33,-9],[-19,-31],[0,-14],[11,-30],[1,-20],[-22,-59],[-12,-46],[-12,-20],[-38,-36]],[[70037,14623],[-9,10],[-4,13],[-13,10],[-43,-1],[-27,-3],[-78,-14],[-38,-25],[-22,-9],[-14,5],[-46,25],[-18,19],[-53,27],[-8,-15],[-43,-46],[-67,33],[-32,5],[-18,13],[-6,-1],[-13,6],[-20,19],[-49,15],[-1,-4],[-19,-13],[-7,2],[-14,-7],[8,-4],[-16,-16],[-36,-49],[-53,-46],[-55,-36],[-30,-14],[30,-26],[12,1],[13,-9],[-32,-21],[-5,-17],[-33,-15],[-44,-2],[1,-13],[-6,-3],[-12,-24],[-80,8],[-88,14],[-103,24],[-81,23],[2,-3],[-14,-4],[-40,-3],[-47,2],[-37,12],[-30,-9]],[[68599,14457],[-6,11],[3,30],[-13,22],[0,26],[12,18],[-5,10],[7,6],[14,2],[14,24],[75,74],[6,14],[-6,24],[6,3],[6,14],[17,6],[12,13],[5,13],[22,4],[-3,2],[13,13],[1,4],[-17,2],[59,119],[4,22],[0,44],[-11,18],[8,33],[8,15],[48,37],[3,18],[14,15],[-8,26],[2,12]],[[69366,15285],[9,-32],[28,-57],[33,18],[12,11],[5,-1],[13,7],[23,23],[37,23],[49,23]],[[69575,15300],[5,-8],[39,-14],[20,-12],[22,-28],[33,0],[34,-4],[49,4],[30,17],[36,32],[-10,36],[49,8],[37,15],[16,2],[18,-12],[22,-10],[19,-19],[23,-12],[30,1]],[[70058,14276],[-52,-10],[-105,-36],[-29,-18],[-6,0],[-26,-36],[-19,-12],[-14,10],[-99,-20],[-26,11],[-75,22],[-14,-7],[-36,8],[-7,-8],[-14,-5],[-2,-16],[-26,-36],[-3,-43],[21,-2],[4,-7],[-9,-37],[12,-30],[11,-11],[154,-11],[51,-10],[84,-25],[50,-8],[156,-6],[17,3],[2,-3],[26,0],[84,1]],[[70168,13934],[1,-3]],[[70169,13931],[3,-16],[-3,-1],[0,-29],[-8,-2],[0,-4],[9,-1],[0,-5],[-9,-14],[7,-1],[9,-7],[-46,-44],[-24,-2],[1,-3],[-16,-1],[3,-10],[-10,-14],[-14,-38],[0,-3],[11,-1],[-8,-71]],[[70074,13664],[-18,2],[-7,4],[-18,0],[-9,-4],[-8,2],[-4,-2],[-10,3],[-11,0],[-9,5],[-6,-1],[-5,3],[-13,-2],[-11,2],[-22,-6],[-32,4],[-16,-5],[-25,4],[-16,-5],[-9,4],[-16,1],[-3,3],[-19,5],[-24,2],[-25,8],[-28,3],[-26,-1],[-30,7],[-28,3],[-18,0],[-5,5],[-29,0],[-21,5],[-21,-4],[-17,6],[-19,-6],[-23,-2],[-21,-12],[-13,-27],[-1,-10],[-25,-20],[-7,-14],[-42,-26],[-5,-9],[-3,0],[-1,-13],[-6,-8],[-38,-9],[-78,-2],[-35,-6],[5,-28],[-7,-27],[-6,-7],[36,-14],[43,-31],[31,-18],[3,-9],[33,-33]],[[69336,13384],[-204,-35],[-25,2],[-20,-3],[-25,4],[-23,-5],[-47,-1],[-181,-12],[-39,-5],[-22,-7],[-45,-7],[-15,3],[-10,-2],[-2,3]],[[68678,13319],[7,17],[1,19],[44,44],[28,37],[33,28],[8,21],[-10,16],[-27,10],[-18,15],[-22,2],[-12,4],[-22,16],[-26,8],[-7,8],[10,20],[-4,19],[7,8],[0,17],[40,40],[-2,17],[-38,-6],[-17,1],[-14,-2],[-2,3],[-7,-1],[-6,7],[-10,0],[-18,6],[-1,3],[-24,2],[-4,7],[-20,0],[-14,2],[-5,37],[-27,24],[-35,5],[-25,-6],[-8,-5],[-12,-1],[-23,7],[-6,4],[13,7],[-19,13],[-43,18],[-6,7],[-10,2],[-7,-3],[-5,5],[-19,8],[-4,14],[10,12],[-45,12],[-3,8],[-16,-4],[-21,4],[-1,5],[-7,2],[2,18],[-16,-2],[-2,15],[-41,0],[-23,8],[-7,9],[1,15],[26,30],[-6,17],[5,30],[-6,9],[9,6],[4,16],[-16,2],[-10,-9],[-13,0],[-21,-6],[-7,-5],[-6,1],[0,3],[-16,-3],[-3,29],[-9,17],[-19,0],[-3,5],[-11,1],[1,4],[-27,3],[-1,4],[-12,1],[-2,11],[11,12]],[[67989,14123],[30,29],[17,10],[19,-11],[30,-5],[17,2],[-2,11],[11,-2],[12,1],[23,7],[5,-10],[35,10],[35,4],[14,6],[9,12],[5,-2],[11,8],[19,2],[2,4],[65,-4],[5,-3],[-3,-3],[5,-2],[4,3],[48,-11],[12,8],[-15,9],[-18,22],[-31,12],[29,45],[48,59],[-4,17],[4,42],[-8,24],[-38,37],[-2,12]],[[68382,14466],[16,2],[10,-4],[2,4],[31,1],[39,-7],[17,1],[30,-10],[21,-2],[51,6]],[[68382,14466],[-53,6],[-40,11],[-33,4],[-34,11],[-26,15],[-11,14],[-13,30],[-62,23],[-21,16],[-11,22],[-4,33],[-4,5],[-11,4],[-40,1],[0,15],[-8,12],[-1,15],[-25,43],[-31,9],[-37,23],[-46,39],[-10,17],[10,-2],[-12,18],[8,4],[6,12],[-6,13],[-30,11],[-11,40],[-3,42],[-8,18],[16,48],[10,48],[7,11]],[[67848,15097],[2,3],[-7,4],[18,24],[17,56],[3,23],[44,19],[70,38],[-8,12],[2,26]],[[70391,13978],[-8,-23],[4,-28],[-20,-7],[-35,-4]],[[70332,13916],[-33,-16],[-10,-9],[-26,15],[-48,-13],[-10,39],[-36,-1]],[[70168,13934],[16,1],[-1,29],[60,8],[22,0],[0,12],[12,8],[26,-9],[-4,12],[-5,0],[-3,6],[-6,-1],[3,16],[14,-2],[23,3],[18,-4],[68,10]],[[70411,14023],[3,-8],[-23,-37]],[[70656,14078],[-5,-7],[2,-9],[-6,-5],[-3,-24],[51,-6],[-1,-21],[-22,-4],[-50,-1],[-1,-24]],[[70621,13977],[-5,-7],[-54,12],[-15,-1],[-29,6],[-47,3],[-17,-3],[-34,-14],[-22,1],[-7,4]],[[70411,14023],[-13,21],[26,-3],[1,5],[9,1],[0,3],[10,-2],[39,46]],[[70621,13977],[22,-4],[12,1],[11,-7],[15,1],[29,-17],[9,-11],[10,-3],[8,-7]],[[70737,13930],[44,-18],[41,-11],[6,-9],[13,-2],[3,-6],[12,-1],[1,-9],[17,-3],[3,-7],[-14,-12],[-12,-4],[-4,-7],[-14,-5],[-10,-15],[4,-16],[15,-4],[-19,-11],[3,-32],[10,-14],[6,-30],[9,-5],[7,-10],[-3,-11],[8,-10]],[[70863,13678],[-2,-4],[-24,-8]],[[70837,13666],[-25,-2],[-6,8],[-7,-1],[-8,7],[-17,-4],[-14,0],[-7,-4],[-6,1],[-1,-4],[-10,0],[-6,3],[-22,-1],[0,4],[-7,-1],[-22,12],[-1,5],[-16,0],[-4,4],[-6,-1],[-6,6],[-33,-6],[0,3],[-14,-2],[-26,5],[-23,-2],[-6,3],[-31,1],[-21,4],[-15,5],[-4,5],[-7,2],[-24,-3],[-6,4],[-15,-2]],[[70421,13715],[-1,7],[-9,5],[-9,13],[-5,47],[-17,27],[1,7],[-9,0],[2,5],[-5,19],[-6,15],[-18,22],[-13,34]],[[70421,13715],[-38,-2],[-16,-10],[-17,4],[-6,5],[-16,-8],[-10,0],[-2,-2],[-6,3],[-9,-6],[-7,2],[-33,-8],[-10,-10],[-20,-1],[-3,-2],[-5,3],[-10,-7],[-19,4],[-8,-5],[-16,5],[-10,1],[-14,-3],[-5,-5],[-12,-1],[-15,-9],[-17,0],[-13,6],[-10,-5]],[[72779,14778],[2,-18],[-14,-14],[-3,-12],[-21,-16],[1,-6],[-19,-36],[14,-5],[7,-7],[-1,-4],[50,-11],[16,14],[9,3],[10,-3],[6,-6],[26,-2],[-4,-20],[-20,1],[-1,-31],[-8,-19],[-4,-26]],[[72825,14560],[-5,-15],[6,-26],[23,-2],[4,-6],[-7,-6],[3,-13],[-11,-5],[-1,-11],[-8,-12],[5,-8],[-7,-11],[0,-15],[4,-13],[-2,-14],[5,-5],[-9,-13],[-3,-16],[-10,-4],[1,-5],[13,-9],[1,-8],[-3,-5],[-17,-6]],[[72807,14332],[-32,26],[-25,34]],[[70047,15296],[51,1],[34,-26],[27,-6],[27,6],[31,16],[-3,16],[2,16],[10,15],[6,17],[16,19],[16,50],[42,30]],[[71071,13995],[-8,-31],[6,-5],[8,-29],[7,-6],[33,-10],[7,-9],[-49,-3],[-36,1],[-127,16]],[[70912,13919],[0,8],[-9,0],[0,9],[-5,0],[1,22],[1,4],[28,1],[0,11],[5,1],[-1,21]],[[70932,13996],[139,-1]],[[71340,13667],[-7,1],[7,8],[-11,1],[2,7],[-6,2],[-12,-5],[-12,3],[-18,-6],[-4,-5],[-11,0],[-4,-4],[-7,1],[-17,-4],[-7,1],[-11,-4],[-11,4],[-3,-5],[-11,4],[-4,-5],[-5,2],[-11,-3],[-6,3],[-1,-4],[-12,-2],[-1,-3],[-14,0],[-5,6],[-11,2],[0,7],[-7,-4],[-8,0],[-4,6],[-9,3],[-3,10],[-8,0],[-5,3],[7,3],[1,9],[-8,-4],[-7,10],[-18,-2],[-7,4],[-1,-2],[-17,2],[-8,-5],[-7,5],[-19,-2],[-8,3],[-17,-6],[1,-12],[-15,-5],[-15,-11],[-6,2],[-2,14],[-8,0],[-4,4],[-11,2],[-23,-5],[-19,1],[1,-9],[-10,-5]],[[70737,13930],[86,-1],[89,-10]],[[71071,13995],[40,-1],[71,-12],[53,-18],[87,-21]],[[70932,13996],[-52,11],[7,7],[6,1],[3,22],[-2,3],[8,20],[-11,-1]],[[72807,14332],[6,-4]],[[72813,14328],[29,-16],[75,-29]],[[73112,14646],[-3,-2],[9,-6],[-8,-9],[-16,-10],[-6,-7],[-12,-5],[-1,-4],[-11,-2],[-12,-8],[3,-4],[-8,-5],[3,-2],[-5,-9],[-7,-2],[-1,-16],[-3,-2],[-8,1],[-23,-5],[0,-5]],[[73003,14544],[-6,-15],[-12,-3],[-31,-16]],[[72954,14510],[-9,-2],[-29,32],[-26,8],[-10,6],[-10,3],[-45,3]],[[72954,14510],[60,-37],[-11,-9],[8,-4],[-9,-10],[-12,0],[0,-21],[23,-11],[84,23],[39,0],[10,-9]],[[73146,14432],[-10,-5],[-14,2],[3,-8],[-24,2],[-40,-10],[0,-3],[-7,2],[-17,-9],[-17,-1],[-13,4],[-1,-11],[8,-10],[17,-10],[4,-9],[-2,-19],[-56,-14],[-29,1],[-20,-2],[-21,3],[-24,0],[-19,-4],[-51,-3]],[[73169,14415],[3,-4],[2,-20],[32,-12],[7,-7],[-5,-11],[30,3],[15,-34],[0,-35]],[[73146,14432],[23,-17]],[[73677,11751],[10,-15],[3,-18]],[[73690,11718],[-49,-5],[2,-7],[7,-4],[-14,-5],[-7,1],[-26,-10],[-8,1],[4,-6],[-5,-1],[2,-5]],[[73596,11677],[-37,-6],[-42,-21]],[[73517,11650],[-4,0],[-7,7],[-19,-6],[-17,3],[-17,10],[-10,14],[5,-4],[18,-1],[16,5],[-12,15],[-11,7],[-12,2],[-14,9],[-3,5],[16,7],[5,29],[-13,8],[-24,-7],[-16,18],[50,5],[42,-1],[60,-4],[2,8],[50,-5],[21,20],[11,3],[-2,7],[15,2]],[[73647,11806],[-8,-17],[2,-9],[36,-29]],[[73911,11763],[-7,-7],[-6,1],[-12,-9],[-11,-13],[-9,-2],[0,-5],[20,-11],[-2,-5],[10,-12],[-41,-27],[0,-7],[-13,-8],[-3,-5],[0,-8],[5,-5],[5,0],[15,-20],[-24,-43],[-16,-11],[-14,-23],[-4,-16],[-4,0],[-2,-5]],[[73798,11522],[-12,4],[-42,5],[-6,7],[-55,16],[-1,4],[-11,1],[-31,14],[-16,11],[-15,-2],[-4,-5],[-5,1]],[[73600,11578],[17,23],[-2,3]],[[73615,11604],[42,22],[52,18],[15,9],[32,29]],[[73756,11682],[25,25],[21,12]],[[73802,11719],[94,51],[15,-7]],[[73767,11757],[1,-10],[7,0],[19,-12],[-21,-13],[14,-4],[15,1]],[[73756,11682],[-17,5],[-6,-2],[-14,6],[-3,-2],[-16,6],[-10,23]],[[73677,11751],[31,13],[14,-10],[5,2],[17,-9],[9,6],[1,5],[13,-1]],[[74128,11845],[-5,-3],[-16,-1],[-32,-16],[3,-3],[-28,-25],[4,-3],[-5,-3],[24,-11],[-3,-3],[-13,-7],[-24,-6],[-22,-10],[-28,-14],[-23,12],[-22,4],[-19,10],[3,3],[-6,4],[-7,-7],[2,-3]],[[73767,11757],[6,6],[-16,10],[9,4],[-3,2],[37,15],[-18,14],[-3,7]],[[73779,11815],[64,29],[14,8],[-3,11],[94,49],[36,-40],[42,17],[36,19],[41,-47],[3,1],[15,-8],[7,-9]],[[73615,11604],[-13,7],[41,27],[-15,7],[15,7],[-18,7],[-5,6],[0,6],[7,1],[0,8],[-31,-3]],[[73600,11578],[-15,4],[-19,-11],[-23,-1],[-12,3],[-5,-4],[-8,-1],[-11,-9],[-35,20]],[[73472,11579],[11,20],[1,10],[24,6],[17,10],[-4,3],[20,10],[-38,6],[14,6]],[[73647,11806],[1,2],[13,-3],[23,16],[69,27],[13,-11],[13,-22]],[[73472,11579],[-17,-6],[-32,-1],[-63,-14],[-8,3],[-114,-16],[-29,1],[-7,-10],[-8,-2],[-46,-33],[-11,-4],[-22,-3],[-25,6],[-31,-3],[-10,3],[-7,32],[-24,19],[-40,-16],[-13,13],[-18,6],[-21,1],[-38,7],[-46,-1],[-26,10],[-4,0],[-8,6],[-28,56],[-6,7],[-20,12],[-17,-12],[-22,-10],[-49,-4],[-47,-8],[-65,-18]],[[72197,11629],[13,18],[42,24],[37,17],[48,13],[-3,9],[12,11],[43,24],[26,21],[18,25],[22,16],[43,0],[11,8],[30,7],[19,9],[66,18],[22,-5],[22,-13],[21,-7],[53,-6],[8,1],[-31,76],[1,5],[24,16],[-13,24],[2,13],[12,14],[13,42],[22,22]],[[72780,12031],[90,25],[-1,-16],[44,4],[50,-1],[19,-10],[55,16],[83,9],[58,-7],[60,-1],[33,-9],[66,-10],[21,6],[27,14],[31,-2],[8,-7],[13,3],[16,-1],[37,8],[27,-1],[47,9],[34,-4]],[[74573,12235],[-4,-13],[2,-9],[-11,-7],[-4,-7],[-14,-5],[-11,-9],[8,-7],[3,-10],[-9,-17],[-31,-2],[13,-15],[-19,-5],[-11,5],[-19,-15],[-16,-7],[-29,-25],[-13,-22],[5,-15],[18,-20],[-21,-6],[5,-6],[21,4],[23,-18],[25,-30],[14,-7],[5,-7],[-15,-2],[-13,-5],[-41,-3],[-1,-3],[-27,-1],[-44,-19],[-29,-8],[-36,-3],[-17,-5],[-9,-5],[-25,-33],[-8,-5],[-13,1],[-27,-4],[-24,-6],[-17,-10],[-29,-4]],[[74914,12240],[18,-17],[9,-21],[-9,-5],[15,-15],[16,-24],[-19,-8],[2,-6],[17,-11],[4,0],[3,4],[4,0],[32,-28]],[[75006,12109],[11,-10],[1,-4],[9,-4],[7,-14],[12,-12],[4,0],[45,-29],[17,-21],[2,-10],[8,-2],[17,-31],[-11,-24]],[[75128,11948],[-2,-10],[-8,1],[-1,-5],[6,-22],[-20,-62],[-11,-46],[3,-3],[-12,-11],[8,0],[-8,-19],[3,-31],[-27,-54],[-4,-20]],[[75055,11666],[11,-13],[-6,-3],[5,-7],[-2,-9],[-11,-6],[3,-5],[-13,-2],[0,-1],[-26,1],[-27,-11],[-7,7],[-16,1],[9,9],[-9,5],[-11,0],[-7,2],[-2,5],[-8,0],[1,6],[-21,3],[-9,5],[-35,-2],[11,-22],[27,0],[5,-8],[-8,-5],[-14,0],[-8,-11],[2,-6],[-9,-9],[-11,0],[-6,-6],[-2,2],[-9,-3],[2,-3],[-5,-2],[9,-16]],[[74858,11562],[-1,-10],[-13,0],[2,8],[-16,16],[-8,0],[-7,5],[-5,0],[-15,-9],[-8,-1],[1,-8],[-15,-5],[-4,-9],[-16,-8],[-34,0],[-15,-9],[-8,1],[-13,-6],[-10,4],[-8,-1],[-5,3],[-17,-1],[-6,6],[-4,-2],[-5,3],[-16,-6],[1,-4],[-9,-1],[-11,-20],[-12,-11],[-7,-18],[-15,-9],[5,-2],[-8,-26],[-20,-16],[3,-16],[-4,-4],[10,-13]],[[74545,11393],[-2,-8],[-9,-4],[-11,-13],[2,-19],[-6,-22],[-9,-4],[-15,-18],[-23,-11],[-52,-2],[15,-1],[14,-9],[5,5],[10,-5],[18,-2],[31,-8],[37,-20],[27,2],[7,-32],[7,3],[14,-15],[12,-4],[-19,-35],[15,-66],[-2,-6],[-12,2],[-10,-2],[-15,-33],[-18,-14],[-16,1],[-7,-21],[4,-15],[-19,-3],[6,-6],[-8,-6],[-3,-12],[-7,1],[-1,3],[-8,0],[-3,3],[6,10],[-17,9],[-6,0],[-8,-7],[-19,9],[-1,4],[6,3],[-10,5],[-3,5],[16,11],[4,13],[-10,2],[-16,19],[-16,9],[0,5],[-18,8],[-4,-1],[-2,-8],[-21,-9],[-21,-6],[-27,-4],[-12,-8],[-5,-17]],[[74310,11049],[-55,30],[-14,2],[-12,-5],[-3,19],[-7,10],[-21,1],[-46,16],[-36,-6],[-26,14],[-68,-25],[-19,-3],[-9,18],[-10,3],[-23,-4],[-91,-29],[-14,25],[-17,12],[-1,10],[12,10],[3,18],[-10,12],[0,9],[-7,7],[1,13],[-15,-1],[-4,25],[3,2],[-4,17],[-85,-7],[-40,7],[-7,6],[-46,5],[-32,10],[-24,4],[-59,-4],[-2,7],[-4,0],[-88,-5],[-15,6],[-33,1],[-16,3],[-38,-3],[-26,-7],[-10,-7],[-8,1],[-29,-4]],[[73255,11262],[-14,21],[-36,14],[-28,23],[17,17],[-15,3],[-29,28],[39,5],[26,7],[76,26],[94,6],[30,11],[72,6],[41,13],[70,5],[17,-9],[61,3],[67,10],[40,3],[-2,18],[17,50]],[[75682,11263],[18,-8],[17,1],[20,4],[18,8],[14,1],[12,-15],[1,-16],[5,1],[17,-21],[3,2],[15,-24],[-8,-5],[-1,-5]],[[75813,11186],[-32,-25],[-3,-11],[6,-5],[-3,-1],[11,-12],[1,-10],[25,-11],[11,1],[1,-2]],[[75025,10953],[-39,-9],[-108,258],[39,8]],[[74917,11210],[105,28],[17,12],[23,9],[-3,6],[28,12],[42,7],[28,0],[3,-2],[17,4],[74,28],[5,7],[41,8],[20,12],[22,1],[31,-10],[41,25],[52,21],[49,7]],[[75512,11385],[49,-22],[31,-24],[69,-8],[-7,-17],[9,-1],[-6,-28],[13,-19],[12,-3]],[[73896,10398],[6,-5],[23,-62],[2,-18],[-9,-20],[-4,-3],[10,-3]],[[73924,10287],[-23,-38],[18,-5],[17,-7],[20,3],[41,-7],[11,2],[0,6],[36,-5],[15,6],[35,1],[23,7]],[[74117,10250],[27,-6],[30,-2],[25,2],[6,3],[7,-1],[18,8],[16,2],[5,8],[14,6],[11,-3],[4,5],[41,3],[48,20]],[[74019,9804],[-8,-1]],[[74011,9803],[-11,7],[-34,9],[-18,14],[-19,3],[5,6],[-18,7],[-14,15],[-10,23],[-38,8],[-25,14],[-61,-9],[-27,1],[-10,-5],[-31,-3],[-10,-7],[-8,-1],[-23,18],[0,37],[-3,11],[-30,4],[-1,-2],[-45,10],[-27,0],[-6,-3],[-26,-1],[-44,1],[-12,-3],[-15,2],[0,-7],[-10,-9],[-17,0],[-21,-8],[-26,3],[-18,6],[-4,-7],[-37,-2],[-31,8],[-44,3],[-59,-24],[-7,-7],[-33,-15],[-23,-17]],[[72839,10605],[45,-3],[70,-1],[61,10],[-1,4],[15,2],[46,-7],[49,6],[36,-8],[13,5],[11,21],[14,14],[19,8],[-2,-22],[43,-50],[5,-4],[17,9],[2,-2],[-6,-3],[4,-3],[8,5],[6,-11],[4,4],[18,4],[13,-19],[10,5],[18,-15],[-33,-26],[15,-7],[74,-4],[30,-15],[-5,-19],[24,-8],[-21,-11],[-11,-10],[13,-18],[8,3],[30,1],[16,6],[4,-6],[69,15],[23,8],[12,1],[58,31],[27,7],[16,-3],[5,-7],[-7,-18],[9,-15],[-5,-10],[11,-19],[5,0],[15,10],[7,-13],[5,5],[28,-12],[15,-18],[32,9],[8,-9],[-1,-8],[50,5],[13,-1]],[[74011,9803],[-24,-11],[28,-16],[15,4],[6,-8],[-28,-50],[-51,-2],[-13,-4],[-1,-3],[-9,-2],[-1,-3],[-8,-1],[-35,8],[-51,2],[-33,-27],[4,-3],[-13,-13],[-32,15],[-9,-8]],[[73756,9681],[-62,31],[-54,19],[-5,0],[0,-4],[-8,3],[-12,-9],[-7,8],[-9,-1],[-35,5],[-16,-3],[-23,6],[-12,-18]],[[73513,9718],[-9,2],[-2,-4],[-7,0],[-16,7],[6,6],[-12,4],[-3,-2],[-9,4],[-6,-1],[-7,4]],[[73448,9738],[3,4],[-53,29],[-5,-10],[-46,8],[5,9],[-5,7],[-5,-7],[-16,3],[0,2],[-31,-5],[15,33],[-64,9],[-148,7]],[[73255,11262],[17,-27],[34,-26],[8,-16],[-5,-15],[-61,3],[-48,-7],[-21,-6],[-18,-1],[-86,-18],[-148,-1],[1,11],[-5,5],[41,10],[15,8],[-17,4],[-29,25],[-13,-5],[-31,5],[-36,43],[-4,19],[-13,16],[-27,-11],[-4,5],[6,10],[-24,10],[-21,-2]],[[74097,10677],[11,-1],[28,5],[8,-1],[22,2],[32,11],[30,0],[18,-3],[35,-32],[19,-2],[14,1],[3,4],[33,0],[11,-9],[21,-1],[7,-4],[10,-1],[1,-11],[7,-3],[-1,-6],[10,3],[0,-3],[-9,-7],[-21,-5],[-9,-12],[3,-8],[-11,-2],[11,-5],[5,-10],[-25,-9],[-11,1],[-11,-13],[9,-4],[-10,-6],[5,-5],[-5,0],[-2,-5],[-19,-5],[1,-3],[12,5],[18,-6],[-14,-19],[72,-11],[32,20],[7,12],[15,15],[17,-7]],[[74426,10335],[-2,8],[-12,-2],[-33,9],[0,3],[9,3],[10,12],[-22,12],[2,6],[-8,-1],[-5,3],[1,4],[-16,3],[-17,9],[-7,8],[-23,-2],[-3,-5],[-43,7],[-2,-6],[-13,1],[3,-11],[-36,-1]],[[74209,10395],[-9,1],[-1,5],[-7,-1],[-3,6],[11,1],[-2,11],[-6,2],[-10,-1],[-2,7],[-6,-1],[-3,5],[-21,17],[-9,3],[27,15],[-15,13],[-8,12],[5,7],[19,6],[-2,2],[-31,-8],[-3,4],[-7,0],[-11,-7],[-17,-3]],[[74098,10491],[-97,-16],[-40,-13],[-20,-11],[-17,-15],[-21,-34],[-7,-4]],[[72946,10753],[14,2],[43,15],[84,38],[16,8],[23,29],[13,10],[77,37],[-12,-70],[23,-10],[8,-1],[-1,4],[110,17],[73,31],[25,4],[34,-2],[28,-10],[127,-30],[31,-12],[93,-47],[49,-13],[24,2],[26,15],[13,4],[4,10],[16,16],[10,4],[10,-23],[-20,-11],[-11,-17],[6,-5],[15,-2],[4,4],[4,-2],[0,-6],[8,-7],[-11,-4],[7,-7],[2,-26],[9,-1],[16,-15],[11,-4],[25,2],[7,-4],[29,7],[25,-5],[13,2],[17,-4],[12,-7],[3,3],[12,-2],[7,7]],[[75512,11385],[2,2],[-50,14],[29,43],[60,5],[1,13],[15,24]],[[75569,11486],[17,-3],[11,-5],[35,-35],[14,-6],[2,-6],[17,-7],[11,-20],[3,-15],[49,-18],[22,-2],[14,4],[19,-1],[21,-10],[20,-4],[9,-5],[28,3],[10,-4],[7,-6],[29,-2],[-13,-34],[-7,-6],[18,-12],[11,0],[-45,-29],[-68,12],[-34,2],[-49,-17],[-8,-1],[-19,5],[-11,-1]],[[75567,11489],[2,-3]],[[74917,11210],[-24,41],[6,31]],[[74899,11282],[3,10],[41,65],[31,5],[10,8]],[[74984,11370],[30,17],[-2,8],[-23,26],[2,3],[-21,13],[4,6],[-23,10],[-8,0]],[[74943,11453],[-7,-1],[-8,4],[-48,38],[-7,22],[0,26],[-15,20]],[[75055,11666],[10,4],[8,-3],[38,-22],[24,4],[0,5],[10,12],[14,-11],[58,12],[-4,3],[3,4],[-5,3],[10,2],[1,4],[11,6],[30,10],[-10,6],[25,5],[-1,2],[14,8],[24,5],[3,5],[8,0],[6,3],[-1,3],[7,1],[13,-11],[0,-11],[10,-3],[38,-1],[-7,-10],[21,-5],[16,-10],[8,0],[-1,-16],[10,-24],[-3,-6],[12,-9],[14,-41],[15,-8],[25,-7],[20,-13],[28,-5],[8,-4],[5,-6],[-3,-16],[3,-14],[-21,-11],[-2,-6],[6,-7],[14,-4]],[[73448,9738],[-7,-11],[13,-3],[-8,-20],[-32,-33],[-16,2],[3,-12],[-9,-3],[0,-18],[-15,-1],[19,-23],[7,-29]],[[73403,9587],[7,-12],[-44,-1],[4,-27],[-4,-1],[-5,6],[-36,-7],[-3,-21],[-23,-8],[-6,-7]],[[73293,9509],[-10,-12]],[[73283,9497],[-28,5],[-28,-2],[-10,-3],[17,-27],[-44,-3],[-8,-10],[-28,1],[-18,4],[-1,-10]],[[73513,9718],[-23,-60],[-13,-81]],[[73477,9577],[-8,0],[0,2],[-39,-3],[1,4],[-8,2],[-3,9],[-17,-4]],[[73756,9681],[-23,-24],[51,-29],[-36,-22],[1,-19],[-16,-16],[3,-2],[-9,-19],[-43,5],[-23,-51],[-20,5],[-14,-17],[-1,-28],[-19,-2],[-40,-20],[-48,-14],[-36,24],[-14,-30],[-21,-12]],[[73448,9410],[-55,22],[-5,5],[-13,2],[2,2],[-21,8],[-9,-12],[-30,8],[-32,4],[1,6],[-9,5]],[[73277,9460],[5,16],[-3,3],[4,9],[10,4],[-10,5]],[[73293,9509],[31,-1],[31,5],[6,-10],[23,-13],[72,36],[16,4],[5,47]],[[74984,11370],[-49,7],[-22,-6],[-9,5],[-18,1],[-31,-5],[-1,3],[-15,2],[1,8]],[[74840,11385],[16,22],[9,5],[8,-2],[0,3],[6,2],[-2,3],[9,0],[3,10],[6,4],[28,8],[9,-3],[-1,4],[12,12]],[[74097,10677],[-11,2],[-7,8],[-20,10],[11,11],[-7,17],[10,14],[17,8],[32,9],[9,9],[18,0],[20,-6],[21,13],[7,8],[40,13],[13,6],[12,12],[39,14],[20,12],[14,4],[3,4],[9,0],[10,8],[30,-1],[18,-5],[13,2]],[[74418,10849],[7,-8],[-3,-9],[23,-4],[4,-8],[7,1],[9,-5],[7,3],[13,-2],[4,2],[15,-5],[3,-6],[13,-1],[-4,9],[45,22],[-7,5],[120,10],[10,9],[14,3],[4,5],[29,14],[34,10],[12,2],[10,-3],[34,4],[22,3],[16,6],[43,-43]],[[73966,10345],[-42,-58]],[[74098,10491],[-28,-20],[-6,-9],[-20,-10],[-2,-9],[-4,-2],[11,-3],[-3,-4],[25,-12],[8,-8],[-85,-47],[-28,-22]],[[74079,10325],[-3,-6],[6,-8],[31,-14],[1,-15],[-10,-12],[0,-14],[13,-6]],[[73966,10345],[12,-3],[21,6],[3,-3],[30,2],[36,-10],[11,-12]],[[74079,10325],[17,-2],[3,3],[18,-5],[5,4],[-3,3],[14,11],[-6,5],[11,2],[-2,3],[65,13],[-2,4],[21,-2],[1,6],[5,0],[-2,6],[-14,0],[-6,10],[8,4],[-3,5]],[[74310,11049],[-25,-19],[-15,-23],[9,-4],[-10,2],[-9,-20],[-26,-8],[6,-17],[28,-6],[13,-7],[4,1],[11,-5],[15,2],[22,-5],[19,-9],[1,-5],[8,-3],[2,-4],[-5,-4],[6,-3],[7,-11],[9,0],[10,-7],[-7,-5],[8,-5],[-2,-5],[10,-2],[8,-6],[2,-6],[6,-5],[-3,-3],[6,-8]],[[74052,9175],[-45,-11],[-98,-39]],[[73909,9125],[-21,0],[-22,-4],[-27,-1],[-25,-3]],[[73814,9117],[29,44],[-28,8],[-45,4],[11,14],[-20,6],[7,19],[-16,3],[-17,-2]],[[73735,9213],[-9,7],[-13,-5],[-18,0],[-6,10],[-22,-8],[-64,61],[-6,-2],[-3,2],[-1,9],[-54,51],[-36,13],[-14,15],[-14,7]],[[73475,9373],[-39,2],[-18,8],[30,27]],[[74899,11282],[-12,1],[-12,-4],[-15,2],[-27,-2],[-1,-10],[-41,3],[-37,7],[-4,-3],[-7,1],[2,3],[-7,1],[47,77],[-55,27]],[[74730,11385],[18,17],[34,5],[4,12],[27,-3],[1,-5],[14,-4],[-1,-10],[4,-1],[-6,-8],[15,-3]],[[74545,11393],[58,10],[88,1],[39,-19]],[[85742,14272],[81,-13],[41,-13],[30,0],[23,-5],[34,-1]],[[85951,14240],[1,-31],[-19,-25],[-4,2],[-28,-9],[-10,-9],[-14,-21],[-5,-19],[5,-9],[-28,-4],[-48,-17],[-13,-10],[-18,-4],[-31,15],[-71,19]],[[85668,14118],[-26,6],[-40,5],[19,24],[35,26],[31,12],[11,20],[-8,5],[12,2],[3,4],[-4,17],[-71,-16],[-58,-8],[-1,4],[-13,-1],[-12,4],[4,11],[-14,3],[-6,18],[-8,1],[-45,15]],[[85477,14270],[18,20],[24,18]],[[85519,14308],[223,-36]],[[85360,14306],[159,2]],[[85477,14270],[-13,-8],[-20,-30],[0,-10],[8,-12],[-138,-13]],[[85314,14197],[-4,9],[-33,22],[-46,17]],[[85231,14245],[6,9],[-4,19],[-18,15],[-2,6],[5,1],[-10,11]],[[85208,14306],[-5,4],[1,6],[-8,3],[-1,11],[-18,7],[5,3],[-2,11],[8,8]],[[85188,14359],[17,1],[16,-5],[60,-10],[-4,-7],[6,0],[25,-23],[9,-3],[-2,-2],[10,-1],[2,-3],[33,0]],[[85016,14488],[2,-3],[-6,-12]],[[85016,14488],[4,8],[13,10],[10,1],[18,12],[25,7],[5,-29]],[[85091,14497],[-30,-5],[-16,-7],[-17,-11],[-16,-1]],[[85520,14529],[-11,-11],[-115,-74]],[[85394,14444],[-37,28],[-49,15],[-29,12],[-39,3],[-63,-2]],[[85177,14500],[-79,-3]],[[85098,14497],[-7,46],[3,7],[-5,7],[5,-2],[1,5],[-5,-1],[10,18],[3,-2],[-6,15],[5,2],[-15,4],[-11,12],[28,17],[-1,15],[5,7],[34,8],[7,5],[5,10],[-5,5],[6,5],[-5,2],[10,4],[6,-3],[15,1],[70,-33],[15,-3],[62,-33],[26,-17],[5,0],[5,-5],[3,1],[0,-10],[14,-4],[10,1],[58,-25],[12,-5],[8,-11],[36,-13],[15,2]],[[85133,14441],[7,-5],[-23,-20],[0,-6]],[[85117,14410],[-109,16],[-46,1],[-51,-3]],[[85012,14473],[12,-4],[-6,-8],[1,-6],[-8,-4],[-5,2],[-6,-2],[-1,-4],[-6,-2],[-4,-6],[-5,2],[-6,-6],[-16,-3],[-11,7],[-20,-8],[-3,3],[-8,-2],[-9,-8]],[[85091,14497],[16,-14],[-8,-21],[34,-21]],[[85668,14118],[-11,-17],[-35,-13],[-9,-7],[-16,-4],[-27,-2],[-18,-15],[-9,3],[-10,-13],[11,-2],[0,-15]],[[85426,14032],[-9,6],[0,16],[-4,9],[-7,2],[-5,13],[-34,-2],[1,6],[-10,17],[-3,19],[-13,18],[1,7],[-4,1],[-2,6],[-4,-1],[-2,5],[-22,11],[-8,6],[11,6],[5,8],[-3,12]],[[86096,14552],[-9,-26],[-11,-11],[3,-6],[-9,-11],[-20,-54],[72,-11],[14,-6],[6,-9]],[[86142,14418],[-97,-2]],[[86045,14416],[-11,1],[-1,3],[-11,3],[-6,-3],[-72,7],[1,-13],[-27,-6],[-15,-7],[-11,-9],[-26,-31]],[[85866,14361],[-25,-2],[-10,-4],[-4,-6],[-7,-1],[0,6],[-39,3]],[[85781,14357],[3,9],[-8,21],[-32,19],[-23,29],[2,14]],[[85723,14449],[24,-1],[21,4],[4,-4],[4,3],[6,0],[1,-2],[15,0],[57,8],[13,4],[10,6],[16,2],[1,3],[23,9],[4,4],[27,4],[-1,4],[7,6],[-5,3],[16,10],[0,4],[7,3],[9,-1],[39,31],[31,-10],[2,3],[-7,5],[-5,-1],[-7,4],[5,3],[1,11],[7,5],[25,-5],[23,-12]],[[84900,14405],[63,-11],[-1,-3],[6,-1],[-13,-28],[7,-15],[-9,-1],[-6,-5],[8,-7],[9,1],[26,-13]],[[84990,14322],[6,-2],[1,-6],[18,-4],[22,-28],[-16,-10],[-18,-3],[-21,-21]],[[84982,14248],[-51,10],[-70,8],[-54,13],[-48,21],[-52,36]],[[84900,14405],[-21,3],[-3,-5],[-8,1],[-2,-16],[-31,-21],[-6,2],[-9,-4],[-16,-2],[-1,-6],[-12,-4],[-9,4],[-25,-14],[-31,12],[-19,-19]],[[84833,14187],[-4,-3],[4,-14],[-17,-8],[21,-16],[-66,-23],[10,-6],[8,-14]],[[84668,14253],[-7,-6],[6,-1],[-5,-9],[-6,0],[-13,-16],[-3,4],[-31,6],[-8,-4],[-7,9],[-5,-1],[-26,7],[-6,-17],[-14,-13],[-6,-48],[-3,-5],[-16,-12],[33,-18],[-5,-6],[-29,-1],[1,-24],[-19,-24],[5,-7],[39,-3],[-8,-23]],[[84668,14253],[7,-1],[-3,-7],[61,-9],[68,-20],[14,-7],[-6,-5],[24,-17]],[[86244,14203],[16,-9]],[[86260,14194],[-19,-42],[6,-2],[-1,-55],[9,-26],[23,-27],[-3,-23],[10,-36],[-1,-28],[14,-3],[6,1],[5,6],[12,-2],[-5,-12],[3,-17],[48,-8],[5,-13]],[[86372,13907],[3,-8],[-19,-17],[-15,-1],[-11,-4],[-40,-7],[-10,-4],[5,-12],[12,-5],[6,0],[-4,-10]],[[85951,14240],[151,-3],[55,2],[19,10]],[[86176,14249],[11,-11],[2,-11],[13,-2],[15,-11],[27,-11]],[[84982,14248],[12,-3]],[[84994,14245],[-8,-1],[3,-7],[-6,-1],[-2,3],[-11,-2],[-2,2],[-5,-4],[-12,0],[-1,-7],[-18,-2],[14,-8],[0,-10],[-6,-1],[0,-4],[6,1],[1,-5],[-55,-5],[2,-11],[-18,-1],[0,4],[-7,0],[-2,7],[-34,-6]],[[84707,14336],[-21,-34],[-19,-22],[1,-27]],[[85188,14359],[-3,32],[25,-1]],[[85210,14390],[95,4],[27,5]],[[85332,14399],[-2,-17],[26,-42],[4,-34]],[[85231,14245],[3,-11],[-3,-8],[-14,-4],[-21,7],[-55,35],[-7,9],[-9,0],[-37,-5],[-14,-7],[-80,-16]],[[84990,14322],[21,5],[3,16],[72,2],[4,2]],[[85090,14347],[8,-1],[0,-4],[-6,0],[0,-10],[44,6],[-3,-11],[5,-22],[70,1]],[[85781,14357],[-37,-46],[-8,-24],[6,-15]],[[85519,14308],[-2,18],[-13,25],[0,7],[7,1],[-2,6],[-24,-5],[-4,4],[-2,-4],[-37,3],[-6,18],[7,-2],[9,4],[-7,7],[-17,2],[2,12],[16,16],[0,7],[-10,7],[-24,1],[-18,9]],[[85520,14529],[2,-3],[48,-12],[16,-14],[38,-22],[8,-8],[68,-20],[9,-1],[1,5],[11,-2],[2,-3]],[[85332,14399],[11,13],[51,32]],[[85210,14390],[1,3],[26,25],[8,15],[-34,14],[-18,-1],[-4,32],[-12,22]],[[85090,14347],[4,19],[-8,1],[4,8],[18,-1],[4,11],[7,3],[-2,22]],[[85133,14441],[-28,21],[6,18],[-13,17]],[[84911,14424],[-11,-19]],[[76877,14138],[-35,-12],[-25,-15],[-22,-3],[-26,-12],[-9,-8],[-23,-42],[35,-19],[16,-4],[64,-10],[70,6],[-5,-5],[-9,-5],[-7,1],[-5,-6],[-8,4],[-20,-13],[9,-5],[-48,-30],[-1,-9],[-4,-2],[14,-5],[-10,-6],[-22,-9],[-73,-18],[-132,-52]],[[76601,13859],[-60,39],[-69,90],[-59,41],[-36,32],[3,4]],[[76380,14065],[1,15],[24,18],[34,35],[51,25],[40,34],[17,27],[-1,16],[26,14],[80,-8],[46,-43],[49,-19],[40,0],[45,-25],[45,-16]],[[76103,15165],[27,-28]],[[76130,15137],[1,-8],[14,-19],[-68,5],[-2,-2],[-7,4],[-2,-44]],[[76066,15073],[-32,2],[-115,-23],[-5,10],[-9,8]],[[75905,15070],[-6,16],[17,28],[24,6],[10,5],[19,28]],[[75969,15153],[40,4],[79,14],[14,1],[1,-7]],[[76182,15573],[17,-10],[27,-35],[7,-33],[-7,-30],[13,-11],[22,-9],[32,-8],[19,5],[17,26],[17,0],[34,-5],[16,-18],[4,-9]],[[76400,15436],[19,-26],[9,-22],[0,-75],[-14,-42]],[[76414,15271],[-10,5],[-20,0],[-16,22],[-7,4],[-22,0],[-49,-9],[-10,5],[-27,-11],[-58,-14],[-24,0],[-18,4],[2,-10],[-31,-2],[1,-8],[-23,3],[-11,-2]],[[76091,15258],[-126,-18]],[[75965,15240],[-27,-4],[-9,17],[-30,-5],[-82,-4],[-3,31],[7,16],[-23,-3],[-8,8],[-12,0],[-1,-32],[-35,-32],[2,-4],[-3,-7],[-33,-26],[-10,-18],[-25,-19],[-4,-28],[-54,-35],[-14,-13],[0,-6],[-11,-17],[6,-27],[10,-8]],[[75606,15024],[-58,-8],[-54,30],[-10,9],[-14,37],[-22,33],[-3,95],[-23,61],[-9,11],[18,38],[6,3],[-1,3]],[[75436,15336],[15,2],[19,13]],[[75470,15351],[39,9],[44,22],[29,36],[27,51],[17,9],[34,10],[13,-13],[13,-6],[56,5],[53,-14],[25,13],[55,19]],[[75875,15492],[36,22],[39,8],[33,21],[37,9],[56,21],[48,6],[38,-2],[20,-4]],[[76066,15073],[-1,-14],[6,-12],[15,-8],[22,-3]],[[76108,15036],[-125,-26],[-132,-35]],[[75851,14975],[-59,14],[-37,18],[-8,6],[5,9],[-2,24]],[[75750,15046],[80,0],[29,-4],[10,12],[29,16],[7,0]],[[76313,14972],[13,-7],[27,-7],[36,7],[19,0],[23,-11],[24,-6],[20,-12],[34,-34],[4,-20],[29,-37],[8,-24],[48,-16],[34,-24],[17,-9],[23,-7],[34,-4]],[[76706,14761],[-11,-25],[8,0],[1,-10],[-8,-38],[47,-6],[0,-12],[-12,0],[1,-6],[-13,-1],[3,-14],[5,-12],[9,3],[6,-15],[38,4],[3,-26],[-3,-5]],[[76780,14598],[-9,-10],[-1,-33],[-11,-34]],[[76759,14521],[-40,3],[-17,6],[-22,-1],[-38,-25],[-37,-17],[-67,47],[-24,4],[-63,32],[-162,7],[-43,-2],[-3,-10],[-38,7],[-57,-66],[-28,-20],[-12,-14],[-156,24]],[[75952,14496],[-49,0],[-66,31]],[[75837,14527],[20,38],[36,5],[7,7],[6,-1],[29,69],[-45,-1],[7,47],[16,20],[-7,16],[10,14],[-5,16],[-7,9],[-21,6]],[[75883,14772],[75,27],[95,47],[51,14],[-3,6],[3,3],[-16,22],[-15,12],[-22,11]],[[76051,14914],[41,12],[19,1],[39,-5],[44,-2],[35,16],[15,1],[28,17],[24,3],[7,15],[10,0]],[[77038,14762],[-8,-6],[0,-4],[-10,-5],[12,-10],[-7,-23],[-14,1],[-8,-27],[-15,1],[-11,-43],[-28,3],[-11,-12],[-7,2],[-3,-3],[91,-30],[-46,-11]],[[76973,14595],[-40,-20],[5,-3],[-8,-4],[-4,3],[-51,-33],[-42,-33],[-88,-61]],[[76745,14444],[14,77]],[[76780,14598],[8,-6],[8,4],[-2,4],[8,5],[13,-1],[30,15],[7,-4],[5,3],[13,0],[14,-4],[8,4],[-40,9],[21,41],[32,48],[-2,26],[-8,9],[-14,4],[-33,0],[-7,9]],[[76841,14764],[10,11],[11,6],[54,2],[22,14],[19,4],[22,1],[0,2]],[[76979,14804],[77,-13],[10,-12],[-3,-5],[-25,-9],[0,-3]],[[76706,14761],[31,-7],[41,-1],[27,-14],[11,3],[25,22]],[[77160,14637],[-12,-23],[-11,-5],[11,-8],[-9,-7],[-7,2],[-18,-9],[-7,-1],[-10,6],[-14,-6],[-12,8],[-3,-2],[-37,5],[-6,-5],[-10,7],[-40,-6],[-2,2]],[[77038,14762],[27,-4],[10,-4],[-1,-2],[10,-1],[-13,-63],[70,-32],[11,-14],[8,-5]],[[75851,14975],[114,-25],[86,-36]],[[75883,14772],[-57,-21],[-2,2],[5,4],[-6,16],[-2,35],[-8,10],[7,5],[-18,24],[-7,23],[-39,45],[-23,2],[3,17],[-15,-1],[-15,5],[13,23],[-84,25],[-1,11],[-8,13]],[[75626,15010],[3,12],[121,24]],[[77760,14824],[-3,-7]],[[77757,14817],[-12,-25],[67,-13],[1,5],[17,-3],[-1,-2],[33,-11],[6,5],[30,-9],[13,-10],[8,1],[15,-4],[9,-18],[-4,-2],[11,-10],[55,-31],[27,-6],[-11,-23],[6,-18],[-8,-3],[18,-20],[-7,-8]],[[78046,14282],[-46,4],[-68,15]],[[77932,14301],[-29,13],[-103,29],[-20,14],[-13,0],[-10,-6],[-12,-12],[-14,0]],[[77731,14339],[-12,5],[-28,22],[-22,6],[-11,5],[-17,21],[-28,19],[-37,8]],[[77576,14425],[-20,17],[-3,29],[3,25],[8,8],[23,10],[41,41],[33,16],[3,7],[-9,31],[3,10],[-11,9],[-18,0],[-16,-4],[-33,-23],[-17,-7],[-30,-4],[-31,4],[-17,-2],[-24,12],[-11,19],[12,23],[14,14]],[[77476,14660],[12,12],[2,7],[-13,23],[-20,14],[-60,30],[-9,7],[-7,21],[-35,22],[8,6],[-6,7],[9,10],[10,0],[23,28]],[[77390,14847],[14,18],[130,-34],[7,-6],[23,-10],[12,-4],[14,-1],[18,-10],[27,-8],[7,3],[41,50],[77,-21]],[[77140,14886],[61,-30],[17,-3],[12,-7],[10,8],[23,-6],[36,44],[27,-15],[49,-20]],[[77375,14857],[15,-10]],[[77476,14660],[-167,14],[7,-16],[-51,7],[-8,-43],[-21,3],[-19,9],[-32,8],[-14,-5],[-11,0]],[[76979,14804],[-18,21],[-19,4],[-4,6],[-28,4],[-17,0],[-3,-4],[-5,0],[-8,4],[22,38]],[[76899,14877],[12,2],[18,-2],[19,-4],[23,2],[20,20]],[[76991,14895],[17,9],[28,7],[13,0],[22,-3],[33,-7],[36,-15]],[[75969,15153],[-9,-1],[-5,-5],[-61,-2],[-4,5],[-5,-2],[-5,3],[3,4],[-12,-5],[-32,-2],[-8,28],[107,26],[16,1],[15,-3],[3,1],[6,26],[-13,13]],[[76091,15258],[-11,-49],[12,-4],[2,11],[43,6],[3,-2],[1,-27],[-25,-4],[10,-22],[-23,-2]],[[75606,15024],[8,-9],[12,-5]],[[75837,14527],[-44,-29],[-33,1],[-21,5],[-16,1],[-50,33],[-3,16],[5,24],[-53,5],[-5,3],[-66,0],[-12,-37],[-1,-35],[-30,-47],[-28,-29],[-27,-9],[-31,-17],[-10,-18],[-20,-11],[-9,-13],[0,-34]],[[75383,14336],[-58,2],[-24,10],[-41,-1],[-50,7],[-82,112],[-16,60],[-53,18],[36,4],[46,10],[6,41],[27,23],[-2,13],[-16,17],[-5,18],[-8,4],[-13,17],[-3,12],[3,9],[-16,14],[-10,20]],[[75104,14746],[-1,14],[20,15],[17,23],[31,21],[-3,2],[3,9],[6,0],[5,15],[9,0],[3,-13],[-9,-1],[2,-6],[18,2],[0,5],[15,6],[-2,7],[-4,0],[-6,7],[-5,1],[16,44],[-5,35],[2,5],[-13,15],[-31,16],[-20,16],[-41,-1],[-54,6],[-21,-2],[-30,28],[-80,58],[-23,20],[-37,15],[15,31],[18,11],[9,10],[25,11],[6,6],[3,8],[-2,13],[29,53],[4,27]],[[74973,15278],[17,3],[31,17],[19,-2],[12,-8],[13,-4],[18,3],[21,-1],[14,9],[13,24],[18,10],[71,6],[62,15],[33,1],[37,-8],[84,-7]],[[77576,14425],[-77,-57],[-46,-10],[-9,-11],[-29,-1],[-20,-10],[-6,0],[-18,6],[-11,-3],[-4,-5],[6,-5],[-2,-10],[-105,-73],[1,-90]],[[77256,14156],[-1,-37],[-15,-29],[-18,-19]],[[77222,14071],[-9,1],[-10,-3],[-18,0],[-63,-7],[-34,-10],[25,14],[-2,4],[-18,11],[-17,4],[-55,2],[-18,6]],[[77003,14093],[1,21],[-8,22],[8,33],[-57,47],[64,129],[-110,-11],[-85,7],[-29,-3],[-78,26],[36,46],[0,34]],[[76108,15036],[89,13],[132,14]],[[76329,15063],[-1,-23],[-18,-54],[3,-14]],[[76414,15271],[-9,-13],[-27,-23],[-13,-21],[-3,-8],[4,-19],[-20,-32],[-2,-20],[-20,-46]],[[76324,15089],[-74,-2],[-4,14],[3,4],[-10,6],[-7,2],[-29,1],[-1,26],[-72,-3]],[[76324,15089],[5,-26]],[[77222,14071],[-26,-30],[-30,-51],[-38,-37],[2,-4],[9,1],[7,-4],[6,4],[13,-12],[-5,-4],[-6,6],[-9,-6],[9,-2],[2,-4],[-40,-32],[10,-4]],[[76655,13821],[-36,11],[-18,27]],[[76877,14138],[2,-3],[10,-2],[21,-16],[6,-12],[20,-10],[28,-3],[1,-2],[38,3]],[[74082,15116],[-1,-28],[49,5],[25,-1],[2,-5],[58,4],[16,-7],[14,-2],[14,-7],[7,0],[-1,6],[16,-2],[2,-3],[52,-1],[65,6],[36,12],[109,23],[13,-7],[20,9]],[[74578,15118],[49,-31],[5,-7],[-2,-44],[-20,-16],[3,-12],[-6,-16],[6,-16],[7,-4],[48,-16],[28,-16],[5,-6],[0,-13],[10,-9],[-5,-11],[-14,-8],[-63,-4],[-36,-6],[-56,-15],[-53,-27],[-4,-7],[2,-10],[-14,-8],[18,-13],[-8,-5],[-20,-2],[-3,-17],[-15,-14],[6,-12],[-41,-16],[-38,-2],[-23,-10],[-19,-17],[-4,-24],[5,-15],[-5,-9],[-26,-8],[-12,-10],[-22,-4],[-23,-15],[-11,-13],[-12,-31],[-19,-7],[-31,1]],[[74165,14573],[-28,5],[-8,-1],[-20,-17],[-93,-48],[-35,-9],[-30,0]],[[73951,14503],[-60,15],[2,9],[6,0],[2,4],[0,17],[-4,0],[-4,8]],[[73893,14556],[35,3],[20,-7],[6,5],[-4,6],[20,5],[-20,31],[26,13],[-2,2]],[[73974,14614],[-5,11],[59,18],[-36,38],[-6,23],[10,3],[-10,15],[-5,-2],[-18,17],[8,7],[-20,8],[-6,-4],[-36,18],[-24,23],[5,4],[-11,6],[-8,9],[-41,0]],[[73513,15074],[37,24],[12,-1],[21,-4],[20,-13],[39,-17],[21,5],[39,-12],[58,-12],[-1,7],[32,26],[3,9],[19,-1],[26,3],[-7,17],[0,14],[37,3],[19,7],[30,-4],[40,-16],[28,-5],[10,-7],[20,-5],[66,24]],[[95228,11541],[9,-24],[-4,-8],[15,-12],[-12,-42]],[[95236,11455],[43,-55],[-33,-12],[-33,-7],[4,-4],[-25,-10],[-29,-20],[-16,-7],[22,-5],[19,-20]],[[95188,11315],[6,-14],[-36,-8],[12,-21],[4,-1],[7,-14]],[[95181,11257],[-82,-11],[-14,-4],[-15,-11],[-11,1],[-6,7],[-10,3],[-82,-3],[-116,-9],[-52,-14]],[[94696,11701],[-1,-18],[24,-3],[15,-19],[64,8],[28,-6],[35,14],[46,-13],[91,6],[28,-17],[80,21],[46,8],[3,-6],[8,2],[8,-19],[-6,-2],[2,-4],[27,-34],[-24,-12],[-70,-51],[3,-1],[-5,-12],[-7,-7],[40,-2],[82,8],[15,-1]],[[95174,12390],[11,-1],[110,-40],[-53,-62],[19,-6],[15,-12],[29,-11],[86,-29],[34,-7],[-37,-16],[-4,-4],[-12,-23],[2,-3],[-21,-34],[33,-9],[-31,-29],[-12,-18],[-6,-4],[-6,2],[-37,-30],[-24,-26],[-8,-3],[49,-3],[16,-8],[22,-5],[15,-24],[-50,-39],[40,-12],[38,-27],[14,-21]],[[95406,11886],[-24,-7],[0,-4],[-93,-32],[-4,3],[-10,-5],[-8,1],[-69,-32]],[[95198,11810],[-95,41],[-8,-6],[-55,11],[-17,7],[-9,19],[-16,-1],[-18,11],[-31,-2],[-21,-15],[-20,6],[-26,2],[-11,-7],[-19,-2],[-18,5],[-9,-3],[-9,13],[-18,12],[-14,2],[-94,49],[-35,8],[-82,61]],[[94573,12021],[-5,4],[52,39],[28,16],[13,10],[4,8],[106,76],[32,36],[-27,18],[-105,34],[-57,41],[-51,18],[-38,5],[-27,-6],[-47,-15]],[[94451,12305],[18,17],[16,33],[28,34],[18,31],[14,11],[23,47],[12,14],[19,14],[52,57]],[[94651,12563],[116,-29],[-25,-25],[-14,-6],[23,-9],[22,-14],[9,7],[51,-26],[6,4],[21,-11],[28,-7],[24,10],[10,-4],[10,8],[22,5],[6,-4],[9,4],[-3,1],[9,6],[5,-4],[9,7],[40,-14],[72,-14],[5,-3],[-1,-9],[15,-33],[38,-6],[16,-7]],[[95655,11646],[54,-24]],[[95709,11622],[-25,-17],[-35,-17],[3,-5],[-4,-13],[-23,-16],[-6,-9]],[[95619,11545],[-62,18],[-13,-13],[-12,12],[-27,11],[-15,-10],[-27,16],[-29,24]],[[95434,11603],[4,2],[9,-2],[3,3],[-33,14]],[[95417,11620],[14,18],[39,-6],[2,5],[22,-2],[10,41],[2,-6],[18,-2],[17,3],[11,4],[10,13],[93,-42]],[[95198,11810],[92,-35],[123,-40],[-1,-4],[13,-9],[-28,-37],[-31,-14],[-34,-10],[51,-21],[34,-20]],[[95434,11603],[3,-5],[-7,-5],[-7,2],[-17,-11],[-15,2],[-22,-10],[-4,3],[-24,-16],[-45,-20],[-68,-2]],[[94087,11935],[22,74],[1,3],[14,-4],[5,27],[4,1],[12,24],[40,1],[17,-29],[40,-24],[-3,-9],[62,-2],[43,22],[31,9],[18,8],[11,10],[0,10],[18,-1],[9,-4],[46,-37],[38,-18],[27,4],[5,4],[-11,4],[37,13]],[[96255,12610],[144,-139]],[[96399,12471],[-33,9],[-28,-25],[-1,-2],[15,-5],[9,-12],[5,-18],[12,-13],[-21,-16],[-8,-14],[14,-7],[-22,-4],[-3,-10],[-14,-6],[-3,-10],[4,-5],[-36,-11]],[[96289,12322],[-17,-3],[-19,17],[-5,-3],[-62,49],[-63,-29],[7,-7],[-1,-3],[5,-2]],[[96134,12341],[-26,-12],[14,-8],[-19,-15],[-9,1],[-37,17],[-11,-8],[-27,13],[-10,2],[-21,-13],[3,-3],[-15,-37],[46,-21],[-12,-8],[19,-13],[25,-27],[-3,-6],[-13,-7],[19,-25],[6,-20],[-8,-3],[5,-3],[35,-4],[-11,-43],[-19,-24],[-21,15],[-13,-7],[-22,-16],[21,-8],[-30,-28],[-71,-38],[18,-30],[-8,-17],[-11,4],[-45,30],[45,30],[-41,18],[-76,-53],[-55,17],[-9,-2],[-65,-42],[-14,-17],[-23,-16],[-38,-34],[-5,-11]],[[95602,11869],[-47,31],[-24,20],[-21,-13],[-84,-37],[-11,-2],[-9,18]],[[95174,12390],[33,19],[46,14],[31,22],[14,0],[24,22],[28,34],[27,16],[-10,3],[23,17],[4,-2],[45,39],[-6,2]],[[95433,12576],[5,22],[16,20],[31,29],[4,13],[80,-2],[81,7],[54,-1],[76,2],[47,36],[30,-33],[37,14],[-3,21],[10,5],[9,12],[10,-15],[15,-9],[11,6],[43,5],[15,-4],[-4,16],[9,0],[7,-5],[-5,-10],[22,5],[3,4],[30,4],[-10,10],[6,3],[0,4],[16,0],[35,-13],[45,-23],[22,-17],[75,-72]],[[96300,12135],[20,-9],[2,1],[41,-8],[2,3],[26,-5],[49,-18],[18,-4],[-14,-28],[6,-7],[13,-5],[45,-12],[5,6],[7,-3],[0,10],[14,0],[1,-15],[29,5]],[[96564,12046],[0,-31],[-16,-47],[3,-7],[6,0],[3,-3],[-5,-36],[7,-13],[-6,-3],[-11,-28],[-15,-24],[1,-11],[-13,-21],[-36,-48],[-20,-20],[4,-8],[-13,-5],[-30,-19],[-19,-9],[1,-3],[-42,-24],[-6,-7],[4,-5],[-11,-24],[-62,-46],[-43,-18],[-79,-26],[-23,-3],[-42,-13],[-12,2],[-31,-8],[-19,0],[-33,-5],[-19,-11],[-11,0],[-5,-3]],[[95971,11519],[-18,-6],[-52,-7],[-53,-13],[-8,5],[-7,14],[-20,3],[-16,7],[-40,-1],[-32,8],[-22,20],[-27,10],[16,11],[-14,7],[57,37],[-26,8]],[[95655,11646],[5,22],[-5,92],[36,24],[38,37],[-42,24],[-8,8],[-4,-4],[-15,3],[-28,12],[-12,-4],[-10,1],[-8,8]],[[96134,12341],[15,-7],[7,3],[46,-39],[9,3],[43,-30],[-50,-24],[-20,-22],[8,-3],[17,-27],[33,-16],[37,-32],[21,-12]],[[95845,12889],[-27,-9],[-15,4],[-7,7],[-12,2],[-23,-3],[-10,3],[-6,-2],[-1,-4],[-6,2],[-21,-8],[-8,2],[-6,-5],[-16,1],[-4,6],[-11,3],[-8,6],[0,7],[14,9],[-15,9],[-17,-5],[-20,-13],[-2,-7],[6,-4],[-10,-6],[-3,-16],[-17,-11],[-24,5],[-42,-23],[19,-15],[-17,-11],[-33,-14],[-26,20],[-64,-26],[-15,3],[-52,1],[-6,7],[11,7],[-1,19],[-26,3],[-25,-1],[-44,-9],[-7,-8],[-32,-16],[-13,-34],[13,-3],[-4,-12],[4,0],[-1,-5],[18,-3],[31,4],[-6,-21],[49,3],[-3,-10],[-6,-8],[-5,1],[-15,-11],[-18,-21],[-30,13],[-19,4],[-22,-32],[-47,-38],[80,-3],[9,-7],[-3,-12],[30,-1],[27,-15],[15,-3],[-3,-32],[10,5],[21,-1],[47,27],[58,-8]],[[94651,12563],[22,18],[28,38],[-37,26],[-20,-6],[-12,8],[0,9],[-38,9],[6,11],[-40,4],[-4,-13],[-11,-14],[-26,10],[8,17],[15,-2],[14,27],[-18,4],[6,30],[18,21],[-12,4],[-10,9],[83,57],[11,5],[6,0],[9,7],[5,13],[12,7],[9,11],[15,6],[1,6],[-8,1],[6,5],[10,-1],[9,4],[-3,2],[3,6],[-5,3],[1,6],[-5,5],[-7,-1],[-3,-4],[-19,-1],[3,10],[-18,4],[-6,-7],[-9,5],[-24,28],[7,3],[1,4],[-9,4],[2,3],[-7,-3],[-20,14],[7,5],[22,6],[-2,4],[14,11],[-11,6],[10,16],[-2,7],[13,1],[8,10],[-16,3],[6,15],[7,5],[16,-1],[6,7],[-6,5],[8,10],[15,7],[-1,6],[12,3],[9,-2],[9,6],[-3,7],[6,7],[0,25],[8,11],[24,-8],[5,-6],[14,0],[12,-8],[18,0],[2,11],[-20,5],[-5,14],[23,7],[19,-6],[11,1],[0,12],[9,4],[6,0],[29,17],[-1,4],[-6,0],[-8,5],[1,6],[-20,3],[-3,6],[4,5],[-5,6],[5,3],[-10,14],[-21,2],[0,9],[-18,-4],[-4,3]],[[94786,13260],[6,8],[21,3],[13,10],[26,1],[26,-3],[-3,9],[-15,8],[22,15],[12,2]],[[94894,13313],[3,-5],[-7,-13],[18,-7],[10,2],[4,5],[-4,9],[-17,10]],[[94901,13314],[-3,14],[-11,10],[16,8],[25,-15],[61,0],[40,-19],[25,-2],[23,8],[12,-8],[7,-20],[20,-12],[-43,9],[-22,-2],[-48,-7],[-28,-8],[-44,-1],[-68,-22],[68,21],[43,1],[28,8],[71,9],[46,-10],[11,-6],[-5,0],[15,-6],[57,-11],[50,0],[24,-5],[20,-10],[20,-3],[22,-2],[34,1],[27,11],[58,1],[56,-11],[46,-17],[86,-14],[22,1],[14,8],[13,2],[68,-9],[36,-1],[48,-24],[13,-13],[5,-1],[31,9],[42,-10],[16,-10],[19,-11],[16,-19],[7,-27],[-1,-27],[-25,-49],[-28,-29],[-23,-9],[-21,8],[-11,0],[-32,-26],[-12,-20],[-16,-14],[0,-7],[9,-9],[22,-11],[-7,-17]],[[95432,11489],[7,-2],[-8,-10],[28,-14],[34,-2]],[[95493,11461],[5,-1],[-3,-13],[15,-2],[-26,-10],[12,-7],[6,-14],[-4,-2],[4,-10],[-18,-12],[-19,0],[-16,-16],[-29,-10],[-25,-4],[-22,0],[-36,10],[-30,-4],[-20,-12],[-47,-16],[-52,-23]],[[95236,11455],[60,13],[37,24],[28,0],[60,-8],[11,5]],[[96399,12471],[70,-67],[17,-24],[15,-36],[-1,-25],[-27,-50]],[[96473,12269],[-12,-13]],[[96461,12256],[-15,7],[-9,-6],[-4,2],[-9,-6],[-74,41],[-61,28]],[[96461,12256],[-106,-75],[-55,-46]],[[96555,12283],[-26,1],[-22,9],[-34,-24]],[[96255,12610],[14,2],[61,-13],[33,31],[8,2],[0,5],[27,4],[55,16]],[[96453,12657],[52,-93],[44,-108],[10,-56],[0,-89],[-4,-28]],[[95619,11545],[8,-5],[55,-21],[0,-2],[-32,-16],[4,-2],[-6,-7],[-8,3]],[[95640,11495],[-22,11],[-8,-4],[-22,18],[-17,-6],[0,2],[-11,-5],[-2,2],[-24,-2],[-2,2],[-39,1],[-61,-25]],[[96073,13041],[11,-16],[0,-5],[-4,-2],[-31,12],[-13,0],[-13,-5],[-9,-7],[-18,-31],[3,-4],[36,-21],[29,-5],[9,-4],[0,-5],[-10,-6],[-24,9],[-10,-1],[-6,-5],[7,-25],[21,-10],[-9,-14],[-6,-20],[7,-4],[24,1],[12,-9],[8,-2],[8,-9],[-4,-3],[-24,2],[-16,-3],[-8,-10],[4,-12],[-35,-8],[-25,11],[-33,4],[-14,8],[-16,12],[13,11],[-1,5],[-35,18],[-12,1],[-15,-11],[-12,1],[-14,12],[7,17],[-20,8],[-12,14],[18,17],[10,18],[33,26],[6,1],[22,-9],[10,1],[16,9],[29,32],[22,42],[8,0],[17,-2],[4,-13],[13,-9],[42,-2]],[[96106,13156],[-34,-21],[-9,-10],[-5,1],[-3,-9],[-40,-49],[-23,2],[1,29],[-6,26]],[[95845,12889],[14,-11],[13,-2],[18,11],[11,0],[33,-20],[-13,-11],[0,-7],[34,-17],[35,-6],[19,-9],[32,5],[9,4],[-4,14],[6,7],[11,3],[27,-2],[7,2],[1,6],[-8,7],[-23,12],[-20,-2],[-7,4],[7,21],[8,11],[-22,13],[-4,24],[7,3],[7,-1],[20,-10],[15,10],[-4,10],[-36,7],[-28,16],[-8,6],[13,18],[5,13],[15,8],[15,0],[26,-12],[14,4],[1,8],[-10,15],[-18,6],[-19,-3],[-11,2],[-12,15],[3,5],[41,50],[24,21],[16,8],[13,10],[4,0],[3,-8],[3,1],[-5,7],[-4,1],[10,4],[24,3],[3,-8],[2,5],[-4,3],[13,-1],[18,-7],[-17,8],[11,8]],[[96236,13178],[10,-5],[17,-55],[-5,28],[8,-23],[12,-97],[22,-76],[1,-17],[37,-76],[82,-137],[33,-63]],[[95640,11495],[-8,-6],[-18,-4],[-10,6],[-21,-7],[1,-3],[-22,-5],[-9,4],[-1,-5],[-29,-3],[3,-7],[-32,0],[-1,-4]],[[95971,11519],[-12,-9],[8,-79],[-4,1],[-2,46],[-33,-1],[-8,6],[7,-19],[-11,17],[-14,-2],[12,-18],[-10,14],[-10,-3],[-12,3],[-10,-3],[8,-9],[11,-8],[-14,8],[14,-11],[-21,13],[4,-4],[-3,-3],[-42,-13],[-14,18],[-8,3],[-55,-8],[-10,-3],[-33,-12],[-27,-29],[-3,-4],[19,-10],[26,-7],[11,0],[24,7],[-16,-7],[21,-21],[-6,-2],[12,-8],[-42,20],[-21,-17],[-5,3],[6,6],[-33,14],[-5,7],[2,10],[-16,3],[0,-13],[-4,1],[-4,-10],[19,-4],[8,1],[20,-9],[-4,-2],[5,-2],[-15,1],[-2,-1],[7,-6],[32,-15],[17,-6],[46,-1],[0,-4],[33,-1],[-89,1],[-35,12],[-17,14],[-100,-9],[-52,-11],[-9,-5],[-3,-9],[-12,-10],[-118,-14],[-9,-4],[5,-9],[-1,-7],[-134,-37],[-51,1],[-8,7]],[[96555,12283],[-4,-48],[8,-61],[1,-38],[-2,-64],[5,-15],[1,-11]],[[81266,13423],[119,-64],[4,-5],[5,0],[12,-29]],[[81406,13325],[-84,-11],[1,-23],[8,-22],[9,-10],[16,-10],[13,-15],[20,-9],[19,-16],[8,-31],[-21,4],[-10,-19],[21,-3],[-10,-19],[-18,4],[-3,-5],[8,-1],[-8,-9],[-18,-12],[-8,-15],[-21,-4],[-12,-9],[-59,-23],[-21,-5],[-22,0],[-22,28],[5,3],[0,32],[17,28],[-3,14],[-29,7],[-28,0],[-46,4],[-1,-22],[-9,-3],[-33,1],[-18,5],[-36,3]],[[81011,13162],[20,23],[12,67],[3,49],[83,108],[-3,8]],[[81126,13417],[8,-2],[16,18],[9,4],[12,11],[39,-8],[56,-17]],[[81616,13059],[-23,8],[-18,-3],[-14,21],[-10,7],[26,13],[5,6],[-18,0],[-7,2],[27,33],[-18,1],[-20,5],[11,22],[-21,23],[-2,11],[-9,-3],[-7,6],[-7,19],[52,17]],[[81616,13059],[-20,-50],[-29,3],[-16,-3],[-13,-10],[-6,2],[-11,-11],[0,-4],[9,-1],[5,-5],[-6,-5],[-14,5],[-27,-17],[-3,-13],[19,-3],[16,-8],[-21,-13],[-32,-46],[-33,-41],[-4,1],[5,-6],[-1,-11],[-18,-19],[-3,-12],[0,-15],[18,-18]],[[81431,12759],[-63,-15],[-79,-36]],[[81289,12708],[-9,3],[5,5],[-10,10],[-28,15],[-35,15],[-20,0],[-1,21],[-32,0],[3,45],[6,13],[-12,0],[3,5],[-3,2],[2,21],[6,1],[1,5],[8,-1],[2,6],[-3,37],[-94,-22],[-28,-2],[-9,-5],[-25,-4],[-28,5],[-20,0],[-25,46],[-19,55],[-1,11],[14,48],[-8,0],[-12,27]],[[80917,13070],[-18,44],[28,9]],[[80927,13123],[15,-2],[32,4],[37,37]],[[81406,13325],[29,2],[-2,-7],[67,7],[8,-12],[-17,-3],[-3,-4],[7,-18],[-6,-1],[35,-26],[19,7],[20,-23]],[[81585,12407],[8,-18],[9,-3],[-5,-4]],[[81597,12382],[-11,-2],[5,-5],[-8,-7],[9,-17],[-4,-3],[6,-9],[-5,-5],[-2,-13],[-12,-6],[-21,7],[-3,-14],[-14,-8],[18,-31],[8,-2],[-4,-6],[5,-15],[-18,0],[-3,3],[-38,-3],[-8,-3],[-14,5],[-41,-5],[1,-7],[-66,-4],[-84,-9]],[[81293,12223],[1,13],[-34,49],[43,17],[7,16],[-106,36],[25,3]],[[81229,12357],[44,4],[41,15],[51,-2],[35,3],[-7,27],[7,22],[5,6],[-6,2],[5,6],[-4,20],[5,6],[4,0],[5,9],[12,5],[14,0],[2,4]],[[81442,12484],[20,6],[4,-1],[-2,-18],[5,-16],[13,-15],[16,-13],[35,-13],[52,-7]],[[81872,12932],[-29,-3],[5,-14],[-40,-1],[8,-28],[-2,-20],[-11,-25],[12,-22],[3,-17]],[[81818,12802],[-20,-26],[0,-6],[23,-22],[-4,-9],[14,-13],[8,2],[9,-2],[0,-22],[-7,-1],[-20,-16],[-18,-30],[-3,-22],[-32,5],[-41,-12],[-34,0],[-12,-14],[-14,-6],[8,-9],[4,-13]],[[81679,12586],[-11,3],[-6,11],[-4,2],[-4,-2],[-4,3],[-29,26],[-18,7],[-20,-4],[-1,-19],[-3,1],[-6,11],[-14,7],[9,12],[-22,16]],[[81546,12660],[13,13],[-27,9],[14,12],[0,-2],[21,4],[6,7],[-4,9],[5,3],[-2,9],[-15,3],[4,8],[-5,11],[6,5],[-2,7],[-27,8],[-22,1],[-41,-2],[-39,-6]],[[81687,13063],[-8,-6],[-4,1],[-7,-8],[-28,8],[-10,0],[-3,-4],[-11,5]],[[81872,12932],[-16,15],[-3,11],[-38,29],[-10,16],[3,8],[-32,26],[-18,-1],[-10,23],[-35,-11],[-19,4],[-7,11]],[[81801,11920],[26,-7],[13,-88],[-5,-20],[-73,-19],[-44,-3],[-1,-4]],[[81717,11779],[-55,2],[-67,-4],[-13,2],[-18,-4],[-43,2]],[[81521,11777],[-25,4],[-33,12],[-94,48]],[[81369,11841],[-3,9]],[[81366,11850],[53,32],[9,24],[26,26],[-31,30],[68,8]],[[81491,11970],[-2,-4],[17,-19],[5,2],[14,-15],[13,-25],[43,6],[37,-9],[80,-1],[33,4],[43,1],[27,10]],[[81742,12179],[8,-31],[-7,-42],[-15,-27],[-21,-14],[-1,-7],[-13,-3],[-5,-35],[19,-1],[12,-4],[-13,-10],[21,-21],[26,-12],[8,-18],[-4,-12],[11,-5],[2,-8],[26,-6],[5,-3]],[[81491,11970],[5,6],[-3,46],[-23,3],[-10,-8],[-22,-1],[-12,26],[-16,6],[-15,0],[-4,4],[-9,1],[-11,9],[-12,1],[-15,-13],[-10,-3],[-14,15],[-10,1],[-7,-3],[-3,-6],[-9,3],[-15,-7],[1,-5],[-18,-8],[-1,-8],[-28,15],[3,5],[26,7],[-11,10],[0,14],[-3,3],[-14,-6],[-15,1],[-5,8],[6,12],[-6,7],[-7,2],[-6,21],[-8,6],[18,34],[-15,7],[15,26]],[[81208,12201],[65,20],[20,2]],[[81597,12382],[34,-40],[19,-18],[21,-34],[5,0],[2,-24],[-10,-26],[18,0],[75,12],[2,-14],[-10,-27],[-6,-8],[-4,0],[-1,-24]],[[81366,11850],[-3,10],[7,8],[-1,4],[-22,6],[-2,9],[-9,6],[-9,1],[-9,-2],[-8,7],[1,12],[-5,4],[-32,2],[3,5],[-10,6],[-2,10],[-12,3],[0,5],[-10,-1],[0,5],[18,9],[3,5],[-19,6],[-2,4],[-15,-2],[-12,-5],[-31,1],[-26,5],[-10,-2],[-9,-5],[-2,-4],[12,-10],[14,-24],[11,-10],[-10,-7],[-20,-2],[-6,-5],[-12,-1],[-6,5],[-42,-15],[-27,-2],[-10,0],[-3,6],[-16,6],[-11,9],[-6,-3],[-34,-3],[-18,21],[-10,-4],[-7,-8],[-20,-1],[-16,20],[-23,10],[-11,10],[0,9],[-54,9],[-20,13],[5,7],[-10,9],[-19,-4],[1,-5],[-24,-1],[-14,-5],[-4,13],[-16,23],[1,12],[4,2],[8,-2],[5,10],[3,3],[13,0],[2,-4],[15,2],[2,-3],[14,4],[2,-8],[-6,1],[6,-12],[-5,-2],[14,-2],[2,-4],[5,4],[-2,4],[13,-2],[8,7],[8,-11],[13,1],[35,6],[11,17],[2,21],[26,3],[25,0],[1,-5],[8,-5],[19,1],[8,6],[24,6],[-3,6],[29,4],[-19,15],[-11,16],[2,12],[11,13],[-29,12],[-9,9],[-8,2],[-3,-7],[-10,-3],[6,-3],[-6,-3],[7,-5],[-4,-2],[5,-4],[-6,-1],[-2,-6],[-8,0],[4,-5],[-5,-4],[5,0],[2,-11],[-25,-1],[-5,29],[-10,19],[3,8],[14,-1],[2,17],[-30,2],[-3,15],[-16,11],[-12,0],[-20,-20],[-10,-4],[-21,18],[39,9],[-27,16],[11,6],[19,4],[17,-3],[21,8],[13,15]],[[80904,12255],[8,0],[7,-4],[4,7],[12,-6],[10,3],[7,-1],[-6,-6],[14,-6],[-8,-9],[13,-3],[-6,-8],[11,0],[-1,-4],[8,-4],[15,0],[16,-4],[-8,-5],[7,-2],[0,-5],[8,-4],[3,3],[6,-1],[-2,-3],[5,-4],[6,1],[1,6],[9,1],[-1,-4],[3,-2],[10,4],[17,-1],[2,6],[8,-1],[11,10],[8,2],[2,-4],[6,2],[-6,4],[10,5],[13,-4],[28,10],[17,-6],[6,8],[9,-9],[9,-1],[1,-5],[12,-10]],[[81289,12708],[-59,-20],[-51,-12],[-5,-8]],[[81174,12668],[-9,-3],[-18,7],[-62,-4],[0,-3],[-6,-1],[-10,-32],[-17,1],[-30,10],[-35,16],[-39,-3],[-28,0],[-1,-18],[-5,0],[-26,13]],[[80888,12651],[-50,20],[-83,23],[-2,-7],[-25,3],[-5,-1],[2,-5],[-37,-4],[-10,4],[-2,6],[-19,4],[-24,-1],[-12,-14],[-36,-11],[-8,2],[-16,-2],[-5,15],[-26,14],[-16,4],[-7,12],[7,27],[-11,27],[7,41],[-9,11],[8,39],[-10,26],[-15,23],[-6,23],[-7,7],[0,16],[-19,29]],[[80452,12982],[23,16],[23,32],[29,18],[38,-3],[66,2],[3,-2],[16,4],[16,-9],[27,-6],[-1,6]],[[80692,13040],[44,-10],[14,1],[29,-4],[11,2],[7,6],[15,0],[24,6],[32,17],[20,3],[-2,3],[31,6]],[[81229,12357],[-2,3],[4,6],[-3,5],[2,10],[-4,2],[10,-1],[-1,6],[-7,1],[11,4],[-18,9],[-11,0],[-4,7],[-17,-3],[-4,6],[-17,-2],[-2,7],[-46,-9],[-6,32]],[[81114,12440],[-3,12],[19,1],[10,3],[23,2],[7,-2],[5,3],[-1,3],[49,5],[1,6],[11,0],[3,-5],[14,0],[12,3],[-2,3],[12,2],[-2,2],[29,-2],[4,10],[-12,0],[-14,10],[-20,2],[1,8]],[[81260,12506],[95,-4],[37,-6],[37,-12],[13,0]],[[80927,13123],[-9,30],[-18,23],[-36,-12],[-20,-1],[-18,6],[0,25],[-28,2],[1,7],[-20,1],[-2,-7],[-17,2],[-3,-3],[-8,3]],[[80749,13199],[3,9],[-19,38],[10,5]],[[80743,13251],[51,37],[23,11],[128,24]],[[80945,13323],[46,0],[18,4],[21,28],[-10,20],[106,42]],[[81679,12586],[1,-8],[15,-19],[-3,-17],[-21,-21],[-1,-9],[-6,-10],[7,-20],[-27,-29],[-13,4],[-9,13],[-10,-10],[-7,1],[-8,-6],[-20,-33],[8,-15]],[[81442,12484],[44,146],[3,4],[45,19],[12,7]],[[81260,12506],[-88,7],[13,11],[5,-3],[14,6],[-2,7],[34,6],[34,18],[23,26],[9,6],[-4,17],[-18,1],[1,-3],[-9,0],[-6,9],[-14,9],[-2,20],[-7,9],[-24,7],[-4,0],[-11,4],[-30,5]],[[81114,12440],[-23,-22],[-18,-10],[-46,4],[-42,-2],[-4,-25],[-7,-7],[-17,-4],[-36,-19],[-26,-4],[-32,-14],[-31,-8],[-15,-25]],[[80817,12304],[-4,5],[-6,0],[6,7],[-10,1],[-4,6],[12,11],[-12,6],[6,6],[-21,4],[-15,7],[-10,-2],[-7,5],[-16,-5],[-4,7],[5,3],[-4,3],[-13,-1],[-1,-5],[-6,4],[-7,-1],[-7,-4],[0,-4]],[[80699,12357],[-5,-1],[-6,8],[-15,-1],[0,10],[-8,1],[-2,4],[1,8],[-6,3],[13,7],[-8,6],[14,6],[-11,17],[10,11],[10,3],[3,6],[6,3],[-3,6],[12,5],[10,14],[52,8],[17,-2],[37,9],[31,19],[-11,20],[18,26],[7,0],[-5,20],[4,4],[11,-4],[16,1],[2,13],[-2,3],[-11,0],[-38,8],[1,7],[35,5],[-1,13],[7,3],[-1,3],[13,3],[-8,19]],[[80904,12255],[-8,7],[-13,3],[0,5],[-8,-1],[-5,-3],[-12,1],[-15,-4],[-15,1],[-17,11],[10,7],[-6,4],[6,4],[-4,14]],[[80692,13040],[8,32],[30,43],[-8,23],[14,5],[-3,3],[19,-5],[3,7],[-7,9],[-26,-2],[-1,5]],[[80721,13160],[-2,10],[7,13],[23,16]],[[78474,13728],[-11,-1],[2,-7],[-8,-3],[-17,-15],[-23,13],[-20,-9],[-39,-5],[-93,-21]],[[78265,13680],[-49,-10],[-19,25],[-20,39]],[[78177,13734],[70,12],[90,36],[26,2],[24,-5],[87,-51]],[[78513,13634],[-20,28],[-13,-11],[-1,9],[-7,3],[-72,-5],[-10,-10],[-19,8],[-12,-3],[-8,-5],[-2,-13],[-12,-5],[6,-11],[-6,-1],[0,-4],[-8,-1],[4,-10],[-6,-1],[-3,-4],[3,-4],[-8,-2],[2,-3],[-10,-9]],[[78311,13580],[-50,48]],[[78261,13628],[13,10],[9,3],[10,0],[-3,5],[-7,-1],[-9,10],[-4,5],[11,4],[-16,16]],[[78474,13728],[16,3],[15,13],[2,11],[6,7],[-7,23],[12,4],[23,1],[-14,13],[-2,16],[6,1],[0,-5],[12,-12]],[[78177,13734],[-22,32],[-33,31],[-29,18],[-106,57],[-32,25]],[[77955,13897],[56,-21],[32,-9],[93,-12],[26,-6],[4,12],[14,-6],[14,9],[9,-7],[47,-17],[11,-11],[15,-1],[1,-5],[14,-4],[7,2],[17,-4],[8,3],[-13,24],[13,30],[44,-11],[28,-3]],[[77955,13897],[-26,30],[-24,41]],[[77905,13968],[86,3],[68,-5],[105,-18],[138,-29],[92,-11]],[[78166,14228],[-11,-1],[-4,4],[-13,-7],[-83,-68],[-33,14],[-51,27],[-20,-12],[-21,11]],[[77930,14196],[7,30],[-8,7],[-21,8],[-4,5],[3,3],[-7,0],[-3,6],[-11,2],[20,24],[26,20]],[[77930,14196],[-29,-1],[-27,-4]],[[77874,14191],[-47,-7],[-18,17],[-21,-14],[-28,-36],[-14,-4],[-5,-5],[1,-2],[-19,-9],[6,-14],[-5,-16],[-34,-10],[4,21]],[[77694,14112],[13,30],[25,33],[-32,11],[0,11],[-5,6],[8,10],[-10,4],[-6,-2],[-4,4],[11,4],[-4,4],[53,23]],[[77743,14250],[14,14],[-37,29],[-15,21],[6,3],[9,14],[8,2],[3,6]],[[77694,14112],[-11,5],[-20,17],[-10,-1],[-33,-30],[-15,6],[-20,13],[-5,-6],[-48,10],[-13,6]],[[77519,14132],[18,27],[7,-4],[35,0],[-8,14],[-11,7],[25,10],[-19,19],[2,16],[-16,47],[5,12],[20,-10],[44,-11],[45,-6],[18,-7],[37,6],[22,-2]],[[77519,14132],[-66,-7],[-38,-7],[-23,-7],[-8,8],[2,8],[8,6],[-5,5],[-133,18]],[[78177,13734],[-144,-27],[-16,2],[-2,9],[5,8],[-4,4],[-9,-3],[-11,5],[-11,-3],[-9,3],[-11,-3],[-8,5],[-17,0],[-19,14],[-60,-30],[-125,-53],[-34,-21],[-109,-41]],[[77326,13830],[42,-3],[43,1],[49,6],[55,13],[1,-6],[116,36],[63,26],[69,33],[32,12]],[[77796,13948],[41,10],[68,10]],[[78273,13449],[-48,49],[4,2],[-7,8],[-4,-2],[-12,13],[5,2],[2,-3],[17,10],[8,-2],[3,3],[6,-2],[16,14],[8,-1],[10,5],[5,-2],[9,18],[8,1],[-2,4],[7,2],[0,10],[3,2]],[[78261,13628],[-29,25],[-29,-10],[-5,-14],[-12,-9],[-13,0],[-33,8],[-9,5],[-4,-3],[3,-7],[-13,-6],[-27,5],[2,-16],[-22,-3],[3,-18],[-3,-11],[5,-9],[11,-5],[8,-9],[-37,-6],[4,-5],[15,0],[10,4],[10,-6],[-5,-6],[-9,-2],[-7,-7],[5,-3],[-1,-7],[-7,-2],[-4,-6],[-5,0],[-8,-6],[2,-1],[-16,-9],[-14,-1],[-13,-6],[-16,0],[-13,5],[-5,-2],[-28,2],[-15,-3]],[[77796,13948],[4,10],[4,0],[2,5],[10,4],[-17,12],[-2,16],[8,3],[5,9],[-9,1],[-11,14],[32,0],[8,26],[-26,20],[-6,20],[14,11],[25,-6],[39,-1],[8,49],[-10,50]],[[81108,11240],[-19,-8],[-36,-2],[-20,-10],[-14,5],[-8,13],[-52,-9]],[[80841,11305],[87,42]],[[80928,11347],[3,-2],[-7,-23],[3,-8],[15,-11],[17,-4],[46,-3],[6,-19],[11,-5],[46,1],[6,-10],[32,-17],[2,-6]],[[81199,11241],[10,-13],[0,-19],[-25,-45],[-19,-46],[6,-1],[12,-9],[5,-1]],[[81188,11107],[-8,-12],[-45,1],[-63,13],[-42,-1],[-1,3]],[[81108,11240],[40,-6],[11,-6],[40,13]],[[81522,11370],[-1,-199]],[[81521,11171],[-4,-2]],[[81517,11169],[-8,-5],[-22,-4],[-42,-13],[-36,-6]],[[81409,11141],[4,20],[-3,43],[2,35],[-18,17],[4,27],[-23,-5],[-3,6],[-10,3],[2,4],[-13,-1],[-8,8],[-28,2]],[[81315,11300],[-4,41]],[[81311,11341],[170,10],[23,8],[17,21]],[[81521,11380],[1,-10]],[[81066,11371],[9,-35],[40,-54],[15,-9],[55,-21],[14,-11]],[[80928,11347],[35,17],[33,9],[39,2],[31,-4]],[[81155,11433],[-80,-26],[-12,-15],[3,-21]],[[81033,11518],[28,-13],[25,-26],[69,-46]],[[81521,11777],[0,-178]],[[81521,11599],[-32,-13],[-13,-29],[-10,-7],[-23,-31],[-13,-10],[9,-30],[-6,-6]],[[81433,11473],[-26,-3],[-58,2],[-92,-12],[-33,-7],[-69,-20]],[[80621,11589],[-9,13],[3,33],[24,3],[-5,-5],[17,-3],[3,4],[11,2],[15,-2],[18,17],[23,-13],[8,3],[1,6],[9,7],[4,-2],[31,7],[25,-1],[-2,-8],[59,1],[11,-3],[23,24],[37,-2],[27,10],[28,2],[11,-10],[16,2],[-1,17],[26,1],[4,19],[-9,26],[54,-2],[23,5],[79,60],[9,1],[43,-4],[15,4],[20,-7],[5,4],[-5,16],[15,9],[59,20],[14,2],[9,-4]],[[81672,11262],[0,-5],[-12,-3],[-14,-13],[-26,-15]],[[81620,11226],[-32,-25],[-67,-30]],[[81522,11370],[6,0],[10,-12],[18,-10],[23,-5],[28,0],[50,13],[-4,-15],[3,-7],[23,-22],[-5,-12],[4,-3],[-6,-2],[-3,-8],[3,-25]],[[81235,11348],[-169,23]],[[81433,11473],[4,-3],[-8,-14],[-26,-14],[-30,-27],[-43,-26],[-5,-2],[-3,12],[-26,1],[-12,-12],[-34,10],[-16,-41],[1,-9]],[[81717,11779],[43,-3],[28,-4],[1,-3],[-12,-11],[-8,-16],[-12,-87],[-12,-38]],[[81745,11617],[-22,-55],[-2,-18],[5,-15],[-15,-21],[-4,-21],[4,-23]],[[81711,11464],[-66,-21],[-27,-3],[-35,-14],[-25,-18],[-36,-6]],[[81522,11402],[-1,197]],[[81521,11380],[1,22]],[[81711,11464],[2,-12],[21,-32],[7,0],[2,-13],[9,-21],[-2,-35],[-3,-13],[-21,-32],[-54,-44]],[[81235,11348],[39,-5],[37,-2]],[[81315,11300],[-8,-15],[-18,-13],[-90,-31]],[[81409,11141],[-14,-5],[-163,-14],[-44,-15]],[[69625,10275],[-5,-4],[-50,18],[-34,6]],[[69536,10295],[-50,3],[-74,-2],[-284,1]],[[68995,10300],[1,9],[20,9],[16,20],[26,9],[18,11],[-4,5],[9,17],[18,3],[5,3],[-13,3],[6,7],[-9,6],[7,9],[-58,8],[-109,-17],[-50,2],[-1,14],[7,4],[-2,17],[12,15],[0,11],[-19,5],[-4,7],[-18,-7],[-56,-2],[-18,3],[-26,-4],[-21,-8],[6,-7],[-25,-5],[-22,6],[-11,-8],[1,-9],[-11,0],[-6,-11],[-5,-1]],[[68888,12309],[-35,-10],[-63,-27]],[[68790,12272],[-86,-35],[-61,-20],[-122,25],[-12,0],[-11,-6],[-31,16],[-38,9]],[[68429,12261],[12,10],[19,10],[19,21],[24,13],[43,-3],[14,-5],[11,-8],[117,11],[48,-4],[-3,15],[-12,7],[7,2],[-1,6],[8,33],[-4,6]],[[68731,12375],[15,1],[34,12],[45,22],[17,3],[19,0]],[[68830,12196],[-38,5],[-59,-20],[7,-6],[-11,-8],[12,-7],[-16,-9],[-6,-7],[-5,-27]],[[68714,12117],[-126,37],[-33,20],[-18,21],[-101,-11],[-4,2],[-55,-2],[-29,5],[-17,11],[27,33]],[[68358,12233],[23,-3],[48,31]],[[68790,12272],[8,-7],[4,-19],[25,-35],[3,-15]],[[69201,12143],[-39,4],[-50,0]],[[69112,12147],[6,11],[-72,16],[-28,10],[-47,9],[-59,7],[-38,-1],[-15,2],[-29,-5]],[[69112,12147],[-56,-8],[-193,-43],[-23,-3],[-47,3],[-79,21]],[[68074,12346],[26,-8],[43,-19],[6,-12],[24,-21],[7,0],[15,-19],[4,-12],[46,-2],[-1,-7],[17,1],[2,-18],[8,1],[1,-6],[24,4],[20,-1],[7,2],[1,5],[34,-1]],[[67153,11772],[-94,97],[-33,61],[-12,14],[-7,3],[28,29],[-8,20],[7,4],[0,5]],[[67034,12005],[55,3],[41,10],[52,3],[65,21],[35,7],[35,18],[120,51],[325,71],[46,7],[53,16],[25,4],[72,27],[-3,3],[20,15],[4,13],[24,36],[-8,10],[17,0],[17,38],[45,-12]],[[68197,12575],[-33,-29],[-33,-43],[6,-2],[-19,-20],[-8,2],[-22,-16],[-7,-22],[-19,-31],[-11,-27],[12,-11],[11,-30]],[[67034,12005],[6,54],[-17,-2],[-62,26],[-55,32],[-28,21],[-68,34]],[[66810,12170],[-13,9],[28,30],[2,20]],[[66827,12229],[11,48]],[[66838,12277],[28,3],[23,1],[1,-3],[103,9],[7,1],[-1,10],[3,2],[58,1]],[[67060,12301],[0,-4],[44,7],[22,6],[-2,4],[63,15],[31,-3],[1,-2],[122,-21],[37,0],[7,17],[14,19],[4,21],[25,21],[27,50],[22,15],[12,15],[8,31],[13,13],[4,12],[27,7],[15,-5],[15,0],[30,14],[-7,24],[40,46],[3,14],[-9,6],[37,-9],[29,-10],[5,6]],[[67699,12610],[-5,4],[5,15],[71,-4],[45,1],[26,8],[11,6],[22,0],[29,6],[11,-6],[2,8],[32,-9],[18,2],[56,-17],[26,-6],[68,-28],[54,-4],[22,-7],[5,-4]],[[69336,13384],[37,7],[44,-16],[0,-14],[-18,-20],[-1,-8],[21,-15],[10,-19],[14,-1],[2,-5],[-7,-8],[-3,-20],[-15,-22],[-3,-29],[6,-8],[-5,-5],[-21,0],[-5,-8],[-10,-1],[-1,-17],[-7,-1],[9,-29],[-16,-23],[4,-39],[-17,-27],[-8,0],[4,-23],[30,-23],[2,-5],[4,2],[37,-10],[13,-8],[3,-20],[21,-49],[0,-22],[-19,-27],[-17,-16],[-14,-8],[-67,-18],[-53,-10],[-35,-13],[-17,-13],[-5,3],[-36,-25],[-26,-11],[12,-7],[-26,-9],[-7,-6],[-13,1],[-46,-37],[-14,-5],[-17,-12],[-11,-15],[0,-11],[-5,-8],[18,-16],[63,-14],[44,-16],[20,-11],[20,-16],[16,-23],[77,-80]],[[68731,12375],[-27,0],[5,27],[11,15],[-26,14],[8,3],[14,19],[-30,7],[3,4],[-33,9],[-46,-17],[-39,-10],[-1,20],[8,15],[-1,14],[-31,46],[-14,9],[-19,6],[-89,12],[-30,19],[0,11],[-13,1],[-1,-7],[-65,-8]],[[68315,12584],[29,44],[17,18],[0,21],[14,29],[-7,16],[-38,-8],[-19,1],[-6,-9],[-34,0],[11,29],[1,22],[22,39],[-1,27],[-3,1],[6,27],[8,0],[1,5],[-8,8],[-59,17],[3,11],[57,36],[21,17],[45,-6],[67,5],[1,24],[-14,32],[16,10],[22,7],[8,9],[-5,8],[-15,7],[-11,-5],[-28,0],[-9,4],[7,15],[-22,5],[17,36],[-2,6],[5,15]],[[68412,13107],[7,9],[-18,11],[1,29],[-7,13],[-22,19],[-34,12],[10,42],[5,64],[9,11],[26,13],[11,9],[-13,24],[10,39],[7,-2],[39,3],[15,-2],[42,5],[5,4],[18,-19],[29,-21],[111,-42],[15,-9]],[[68197,12575],[22,-21],[17,-1],[15,4],[30,16],[34,11]],[[68840,9684],[1,0]],[[68840,9684],[0,0]],[[68843,9684],[1,0]],[[68844,9684],[-9,-7]],[[68835,9677],[-4,1]],[[68831,9678],[-3,-3],[8,-1]],[[68836,9674],[6,-1]],[[68842,9673],[-8,-2]],[[68834,9671],[-2,3],[-6,-2],[-11,9],[-5,0],[-2,6],[-5,2],[-6,-3],[-3,11],[-5,2],[10,9]],[[68799,9708],[3,-5],[17,2]],[[68819,9705],[1,-16],[19,-6],[4,1]],[[69581,10099],[42,-15],[7,5],[2,6],[55,0]],[[69815,9846],[-6,1],[-10,-14],[-15,-1],[-1,2],[-20,-1],[-23,3],[-21,-4],[-10,6]],[[69709,9838],[-4,14],[-15,7],[0,4],[-50,1],[-20,9],[0,-6],[-12,6],[-24,17],[5,17],[8,10],[-21,0],[-14,8],[-3,-3],[0,-10],[-6,0],[-2,-11],[-18,-16],[-4,-18],[-22,5],[-23,-9],[-8,14],[-12,0],[-1,5],[-7,-3],[0,6],[-37,-1],[-8,-6],[-18,-34]],[[69393,9844],[-57,1],[-47,14],[-11,1],[-37,-6],[-11,-12],[-5,0],[-51,11],[-4,-1],[-22,8],[-2,8],[-22,-7],[18,-18],[-10,-26],[-14,-6],[-34,22],[-33,-26]],[[69051,9807],[-41,-30],[-10,-11],[-4,-7],[3,-17],[7,-8],[-20,-4],[-38,-28],[-14,0],[-3,-15],[-24,-4],[3,-5],[-26,0],[-2,-1]],[[68882,9677],[-3,-3],[-11,9],[12,8],[-13,2],[6,15],[-8,3],[2,8],[-8,-1],[-11,7],[-3,5],[-6,1],[10,-9],[-12,6],[-1,-2],[14,-6],[-16,0],[30,-4],[-3,-4],[8,-5],[-1,-7],[-5,-7],[13,-4],[-10,-4],[5,-8]],[[68871,9677],[-25,-1],[4,3],[-2,12],[5,2],[-21,5],[5,-8]],[[68837,9690],[2,-5]],[[68839,9685],[0,-1],[-17,4],[-3,17]],[[68819,9705],[-3,1],[-13,-2],[-3,4]],[[68800,9708],[6,4]],[[68806,9712],[-5,1]],[[68801,9713],[-3,1]],[[68798,9714],[-1,0]],[[68797,9714],[-8,2],[-8,-2],[-9,4],[-4,5],[5,6],[-1,2],[-12,-3],[-8,-9]],[[68752,9719],[-19,4],[-2,7],[-7,2],[-37,1],[-11,-4],[-17,-1],[-11,10],[2,4],[-18,1],[-1,7],[-10,6],[-2,8],[-8,3]],[[68611,9767],[-12,9],[3,6],[-15,2],[-2,19],[6,4],[-5,5],[5,6],[-9,13],[5,8],[-5,3],[-6,-4],[-1,8],[-7,1],[-7,7],[7,13],[-3,3],[-8,-1],[-18,8],[-23,-4],[-10,10],[-9,-1],[-8,3],[-11,0],[-3,3],[-21,1],[-3,-6],[-3,4],[-5,0],[0,-6],[-15,-2],[5,-2],[-2,-3],[-12,-1],[-7,4],[-9,-7],[-2,5],[-19,-3],[-10,11],[-3,-4],[-9,4],[5,4],[-11,1],[-3,8],[-6,-1],[-6,4],[-7,10]],[[69065,10076],[60,-18],[70,2],[2,-6],[11,1],[0,5],[10,1],[5,10],[37,10],[19,-3],[4,11],[30,3],[-9,17],[23,-1],[114,-17],[75,-1],[65,9]],[[69536,10295],[-3,-5],[22,-6],[1,-12],[10,-20],[-69,-30],[2,-22],[4,-7],[-7,-4],[-8,-12],[15,-19],[-3,-1],[15,-7],[-6,-8],[26,-8],[-1,-13],[41,4],[3,3],[17,-2],[-14,-27]],[[94131,13058],[-9,-5]],[[94131,13058],[0,0]],[[94199,13067],[-2,-1]],[[94199,13067],[0,0]],[[94451,12305],[-56,-41],[-16,-18],[-59,-30],[-82,69],[-60,41],[125,45],[-33,34],[-33,-3],[-17,4],[-18,9],[-46,13],[1,-10],[-50,-39],[-106,90],[-33,70],[-16,22],[-26,26],[-41,28],[-32,14],[-34,9],[-43,6]],[[93776,12644],[20,19],[9,-2],[27,26],[7,16],[-3,1],[6,46],[-30,2],[18,6],[6,-2],[17,14],[19,20],[25,18],[13,20],[20,12],[11,16],[28,21],[15,24],[27,19],[-37,9],[-11,8]],[[93963,12937],[4,2],[0,19],[25,40],[2,18],[23,7],[1,6]],[[94018,13029],[10,5],[3,11],[9,6],[38,-2],[30,4],[13,-2],[12,6],[22,2],[24,11],[19,-5],[33,14],[16,2],[14,23],[2,19],[48,22],[9,14],[26,4],[31,-6],[6,11],[-3,10],[32,3],[27,7],[28,-7],[8,1],[8,4],[11,15],[40,4],[21,20],[30,6],[3,5],[-7,8],[9,6],[28,11],[29,6],[22,0],[14,-3],[12,3],[9,-10],[25,-8],[9,-14],[22,7],[6,11],[20,7]],[[93604,12042],[18,29],[18,8],[-10,24],[5,33],[-14,6],[-3,15],[-8,5],[6,25],[18,19],[8,15],[-26,1],[-3,54],[-7,19],[-28,-2],[3,17],[23,2],[-11,22],[-21,15],[5,18],[-4,15],[-11,5],[-2,6],[0,22],[13,34],[-9,3],[-2,10],[40,33],[-7,7],[-3,15],[1,11],[11,9],[-11,36],[6,9],[-9,5],[14,14],[14,25],[10,8],[-21,8]],[[93607,12642],[75,6],[94,-4]],[[94894,13313],[7,1]],[[95069,13319],[-15,-7],[-26,2],[-33,17],[-18,2],[-45,-2],[-15,15],[-21,1],[-14,-7],[13,-12],[4,-12],[-18,-3],[-24,-17],[15,-8],[3,-7],[-27,3],[-26,-2],[-12,-9],[-22,-3],[-4,-8],[-22,-9],[-4,-9],[-17,-4],[-10,10],[-21,6],[-17,14],[-10,-4],[-24,3],[-15,0],[-31,-6],[-34,-18],[7,-9],[-3,-4],[-27,-5],[-13,-11],[-19,-4],[4,-1],[13,4],[-8,-9],[-40,-3],[-12,-15],[-8,-5],[-36,7],[-25,-7],[-28,-3]],[[94384,13180],[-2,23],[-6,9],[-48,57],[-2,18],[-17,6],[-3,3],[3,3],[-29,-8],[-16,-11],[-17,-2],[-21,-7],[-5,3],[-19,-11],[-8,-1],[2,-3],[-9,-1],[-3,-4],[-10,0],[-69,-22],[-46,-9],[-24,2],[-4,16],[-8,1],[-9,27],[13,4],[-8,14],[9,4],[-4,10],[-8,-1],[-9,3],[-65,45]],[[94265,13730],[67,8],[50,12],[39,5],[93,6],[7,4],[35,5],[28,9],[12,-2],[16,2],[4,2],[5,-2],[121,1],[80,-7]],[[93849,13017],[19,0],[6,-4],[-16,-2],[-18,3],[0,5],[9,-2]],[[94384,13180],[-8,-3],[4,-11],[-3,-8],[-32,6],[-22,-2],[-11,-4],[-4,-12],[-43,-19],[6,3],[-2,5],[-33,3],[-35,-18],[0,-12],[11,-7],[12,-3],[31,2],[-10,-18],[-13,0],[-20,-7],[-13,-8]],[[94197,13066],[-19,6],[-24,-11],[-23,-3]],[[94122,13053],[-12,1],[-72,-2],[-8,-5],[-5,-14],[-7,-3],[-8,0],[-12,8],[-14,3],[-73,-20],[-36,-7],[-4,4],[-12,0],[-10,-1]],[[93849,13017],[-9,3],[-3,-4],[-14,6],[1,-2],[-27,5],[31,-7],[14,-6],[16,-2],[51,9],[75,21],[12,-2],[12,-8],[10,-1]],[[93963,12937],[-11,-2],[-26,-17],[-4,7],[-23,6],[-37,-21],[-29,8],[-16,23],[-22,11],[-23,37]],[[71930,18317],[3,1],[-16,14],[0,13],[61,53],[-16,-5],[-19,1],[-12,13],[-39,-7],[-13,12],[4,5],[-2,1],[-22,-18],[-27,-16],[-39,13],[-20,14],[-20,28],[-34,19],[-13,12],[-2,23],[15,19]],[[72926,18896],[-27,-23],[-4,-9],[-14,-8],[-15,-28],[-19,-5],[-57,-3],[-72,-24],[1,-2],[23,-6],[-5,-7],[-24,-23],[-33,5],[-6,-2],[8,-2],[-13,-17],[1,-24],[-33,1],[-7,-5]],[[71536,19217],[25,-6],[17,2],[18,17],[35,20],[23,-3],[35,5],[16,-2],[20,3],[8,-2],[33,8],[6,-4],[16,11],[21,24],[80,68],[69,-11],[6,11],[44,-3],[27,18],[46,18],[36,6],[56,-4],[5,22],[22,31],[2,16],[26,6],[4,-1],[11,6],[7,9],[9,1],[21,38],[6,8],[6,-1],[5,3],[15,29],[17,-2]],[[72329,19558],[18,-2],[-2,2],[7,2],[5,8],[30,1],[-2,-3],[6,-1],[-2,-5],[14,1],[5,-6],[7,2],[18,-6],[7,-4],[-2,-4],[4,-3],[12,0],[16,-6],[5,-6],[8,3],[18,1],[8,10],[16,7],[-1,4],[10,2],[8,-1],[13,-6],[8,-9],[-8,-2],[7,-2],[-3,-6],[13,-10],[-6,-4],[19,-3],[9,-9],[-4,-4],[9,-5],[8,-15],[-4,-4],[14,-5],[16,1],[1,4],[8,-1],[2,4],[9,-2],[24,4],[10,5],[-1,3],[8,0],[-2,4],[16,4],[5,-3],[4,0],[5,5],[4,-6],[9,1],[1,-7],[17,-11],[39,8],[24,10],[27,3],[8,-2],[28,2],[17,-6],[4,-6],[-4,-21],[14,-16],[22,-5],[3,4],[17,-6],[-45,-27],[-42,-42],[-153,-125],[-12,-13],[10,-3],[-13,-31],[-23,-28],[-20,-5],[4,-18],[-11,-17],[-8,0],[-13,-14],[-5,1],[-11,-20],[-25,-20],[-20,-22],[-17,-28],[61,-14],[-6,-14],[32,-15],[23,-5],[18,-8],[8,-7],[22,-32],[-16,-18],[14,-12],[14,-2],[14,1],[32,15],[17,12],[6,-3],[29,6],[23,15],[13,0],[41,10],[25,0],[12,-3],[8,-9],[-1,-13],[-11,-6],[0,-30]],[[70877,16619],[-12,-19],[49,-11],[-15,-10],[-15,-20],[4,-23],[-4,-12],[15,-8],[-8,-5]],[[70657,16562],[20,20]],[[70677,16582],[27,25],[47,27],[50,19],[62,16]],[[70863,16669],[27,3],[-13,-53]],[[70877,16619],[36,4],[13,4],[16,-16],[18,-10],[7,4],[8,-8],[-1,-4],[-29,-15],[46,-23],[16,-15],[0,-7],[-29,-65],[7,-24],[-9,-2],[7,-10],[-39,2],[-2,-18]],[[67966,16118],[-5,3],[-8,-6],[-21,-2],[-60,34],[-45,38],[-57,3],[-25,-3],[-20,-6],[-48,13],[26,28],[-6,1],[5,11],[-31,12],[-14,-5],[-99,53],[9,3],[-8,5],[8,9],[3,21],[-12,15],[-34,2],[-50,-4],[-25,1],[2,19],[10,4],[13,11],[5,-1],[33,21],[37,17],[25,16],[7,8],[19,9],[25,7],[14,10],[6,22],[-8,2],[6,13],[9,1],[1,7],[4,0],[5,11],[5,1],[11,11],[12,2],[-8,17],[5,1],[-4,16],[3,19],[5,0]],[[69664,15991],[18,-23],[-15,-3],[-3,-16],[-3,-67],[5,-26]],[[69666,15856],[-44,6],[-61,14],[-1,-2],[-45,10],[-22,-4],[-27,-10],[-54,-5],[-7,0],[-4,-4],[-8,-2],[5,-12],[-2,-11],[7,-4],[-10,-21],[-21,2],[-3,-20],[3,-3],[-47,-15],[-73,0]],[[69575,15300],[-1,6],[25,18],[-80,42],[-60,26],[-3,17],[24,37],[16,17],[7,19],[-15,66],[17,1],[-10,24],[4,1],[-1,11],[-10,42],[4,1],[-9,11],[12,3],[121,13],[4,25],[36,-1],[9,79],[-19,14]],[[69646,15772],[2,16],[5,3],[14,54],[-1,11]],[[70636,16615],[41,-33]],[[70088,16298],[-1,1],[-13,-2],[-25,4],[-14,-2],[-23,14],[2,9],[-14,10],[-21,-1],[-3,-3],[-4,3],[-13,0],[-8,9],[-24,5],[-11,5],[-1,3],[10,18],[7,0],[21,23],[25,19],[22,-1],[26,-9],[19,16],[14,3],[-7,17],[19,4],[-14,14],[4,1],[-6,11],[14,28],[-17,3],[42,57],[-20,4],[-6,26],[-11,-4]],[[69646,15772],[-39,0],[1,4],[-64,-2],[-57,1],[-83,-11],[3,-7],[-4,-27],[-10,-23],[-21,0],[-27,-16],[1,-4],[-13,-8],[-13,1],[-20,-9],[-5,0],[0,-6],[-7,-6],[-20,3],[-35,-4]],[[67848,15097],[-31,0],[-12,-3],[-9,-25],[-19,-3],[-20,-12],[1,-3],[-39,-10],[-45,-4]],[[66826,15630],[19,-15],[7,-27],[29,-26],[2,-12],[5,2],[-1,-10],[12,-5],[-5,-4],[14,-1],[0,-2],[8,2],[3,-5],[10,3],[5,-3],[-4,-4],[9,-3],[10,-11],[17,-7],[30,10],[105,27],[39,6],[32,21],[28,-21],[43,-20],[15,-17],[-5,-8],[26,-45],[50,-44],[-2,-4],[16,-15],[23,-29],[9,-7],[-2,-1],[10,-6],[10,5],[12,-10],[-4,-2],[41,-39],[-2,-1],[23,-12],[-6,-5],[23,-12],[-6,-6],[13,-11],[43,-29],[23,-10],[0,-12],[16,-2],[8,-21],[44,-49],[5,-14],[28,-40],[3,-22],[10,-1],[7,-19]],[[66832,15638],[-6,-8]],[[66902,16600],[-7,-5],[0,-7],[-24,4],[-9,-3],[-9,-11],[-27,-4],[0,-5],[-18,-9],[2,-10],[-4,-7],[-17,-5],[-14,-11],[-4,-10],[5,-8],[12,-4],[3,-10],[-7,-5],[-21,-5],[-10,-9],[3,-21],[-7,-12],[-10,-5],[-1,-13],[13,-13],[11,1],[19,-8],[16,1],[-1,-22],[18,-13],[7,0],[5,-4],[-3,-2],[8,-5],[-4,-12],[14,-12],[4,-14],[-7,-2],[3,-8],[4,-1],[-1,-9],[7,-5],[-3,-9],[-17,-10],[-2,-7],[-5,2],[-12,-6],[0,-4],[10,-4],[-4,-4],[26,3],[29,-2],[-4,-4],[9,-1],[-2,-9],[9,2],[4,-7],[4,2],[9,-3],[-2,-8],[4,1],[3,-5],[8,-1],[5,-6],[-2,-5],[7,-1],[-1,-4],[9,-3],[3,-17],[16,-4],[5,-10],[25,-9],[-1,-3],[-7,-1],[0,-3],[14,-2],[18,3],[17,-7],[58,-4],[12,-4],[5,-3],[-4,-3],[9,-6],[5,-13],[17,-19],[-27,-34],[-9,-2],[3,-3],[-5,-4],[-12,-3],[-16,-10],[-4,2],[-3,-5],[-9,-2],[1,-5],[-7,-3],[5,-8],[-2,-5],[-20,-9],[-18,-18],[-9,-2],[5,-2],[2,-5],[-4,-6],[12,-7],[-2,-3],[10,-3],[6,-6],[9,1],[-2,-4],[15,-4],[13,-6],[0,-15],[-22,-10],[-6,-10],[-18,-5],[-5,-5],[-25,-11],[-13,0],[-3,6],[-7,3],[-5,-3],[-4,9],[-4,-1],[-5,5],[-13,-3],[-5,1],[-15,-11],[4,-5],[5,-1],[-8,-21],[-14,-6],[-12,-2],[-17,-11],[-14,-2],[2,-5],[-22,-11],[-4,-14],[7,0],[4,-11],[-6,-1],[-4,-6],[2,-3],[10,1],[10,-1],[-2,-3],[14,-10],[-2,-5],[-5,2],[-3,-3],[6,-1],[-7,-7],[5,-2],[-1,-3],[5,-5],[-3,-1],[4,-15],[-5,-2],[4,-7],[5,1],[2,-5],[5,-1],[-2,-5],[10,1],[-2,-11],[7,2],[1,-3],[-6,-1],[4,-4],[-4,-8],[5,0],[-5,-4],[7,-2],[-10,-7],[1,-5],[7,-3],[0,-3],[-8,1],[6,-4],[-2,-4],[-15,-2],[-4,-6],[-16,-5],[-14,-16]],[[67237,16545],[-42,-23],[-28,2],[-38,-9],[-10,4],[-13,-8],[-3,4],[1,7],[-11,-2],[-19,4],[-6,-7],[-12,0],[-13,-5],[-6,7],[-28,6],[-6,7],[-8,-4],[-11,0],[-6,3],[-10,15],[18,-5],[5,3],[1,7],[-21,19],[9,4],[-9,10],[-13,7],[-3,-2],[-15,2],[1,2],[-21,9],[-18,-2]],[[93607,12642],[-51,-6],[-41,1],[6,7],[-13,5],[3,5],[-11,4],[9,14],[5,24],[-19,2]],[[72780,12031],[19,48],[-15,5],[29,19],[22,20],[1,19],[7,15],[2,32],[-6,14],[10,18],[-20,47],[-23,38],[-6,18],[-1,8],[8,9],[3,26],[-4,3],[-8,-1],[-5,3],[-8,-4],[-24,-1],[-33,-13],[-22,2],[-66,0],[-16,-4],[-4,-5],[-34,-19],[4,43],[-11,30],[3,23],[-32,1],[-8,10],[-22,6],[-44,-2],[-6,-2],[-16,4],[-4,-4],[-18,3],[-13,-8],[-31,0],[15,18],[5,12],[-9,6],[11,17]],[[72410,12485],[191,83]],[[72601,12568],[234,101],[3,7],[-2,7],[-25,44],[3,13],[-8,6],[7,13],[14,14],[-5,16]],[[72822,12789],[82,7],[-40,19],[-7,7],[9,31],[-3,3],[8,10],[-5,10],[15,16]],[[72881,12892],[12,-5],[12,0],[45,6],[6,25],[9,-1],[-4,13],[16,-2],[1,4],[11,0],[14,34],[25,21]],[[73028,12987],[25,-2],[30,1],[0,-2],[36,8],[13,0],[7,4],[12,1],[5,-3],[24,2],[19,-6],[13,-9],[19,1],[6,3],[9,-4],[52,-2],[18,-5],[29,-1],[12,4],[10,9],[12,17],[-1,4],[5,2],[-1,5],[7,4],[18,-5],[16,9],[-3,7],[27,-14]],[[73596,13624],[6,-8],[-2,-5],[-9,-1],[-12,-6],[3,-5],[8,-3]],[[73028,12987],[23,42],[6,31],[6,13],[-122,24],[-9,-16],[-6,-32],[-17,0],[10,19],[-38,-7],[-4,-6],[-8,0],[-3,9],[-28,-3],[0,-15],[-39,0],[6,-7],[-11,-1],[1,-5],[-12,-2]],[[72783,13031],[-13,26],[-1,22],[7,2],[18,16],[-5,18],[2,10],[-9,5],[-1,5],[0,50],[-5,4],[-2,12],[-22,32],[-7,3],[-7,-2],[-9,11],[-24,2],[-7,9],[-14,8],[-19,-1],[-4,6],[-9,1],[-1,7],[-8,4],[-13,-2],[-7,-6],[-11,2],[-2,-3],[-17,-4],[-9,1],[-25,-11],[-9,-8],[-7,0]],[[72543,13250],[-11,0],[-7,3],[-14,22],[21,15],[5,9],[-1,13],[16,41],[13,23],[20,-2],[2,7],[12,12],[-76,14],[-26,11],[-47,13],[-46,24],[-13,28],[-16,14],[-12,26],[-12,14],[-6,46],[6,19]],[[72410,12485],[-59,-28]],[[72351,12457],[-34,19],[-4,-3],[-27,16],[14,9],[-17,7],[-12,-6],[-8,3],[4,5],[-6,2],[1,4],[-20,2],[-4,4],[6,6],[16,0],[-19,13],[-10,2]],[[72231,12540],[77,40]],[[72308,12580],[19,5],[43,1],[15,5]],[[72385,12591],[8,0],[4,5],[70,0],[38,-10],[7,1],[8,-14],[27,-9],[11,13],[10,3],[35,-1],[-5,-9],[3,-2]],[[72468,12643],[-19,30],[-13,57],[-23,24]],[[72413,12754],[193,10],[86,11]],[[72692,12775],[-2,-5],[-27,-5],[1,-8],[8,-8],[-8,-11],[-11,-5],[0,-6],[-5,-2],[2,-8],[4,0],[0,-21],[-34,-1],[-9,-3],[2,-3],[-5,-1],[3,-21],[8,0],[0,-5],[-40,-5],[-41,-19],[-18,-5],[-32,2],[-20,8]],[[72881,12892],[-10,10],[2,18],[-20,0],[-36,-6],[-23,-1]],[[72794,12913],[-3,26]],[[72791,12939],[-2,81],[-6,11]],[[72385,12591],[-3,5],[4,6],[82,41]],[[72692,12775],[59,8],[71,6]],[[70837,13666],[19,-12],[-9,-4],[-11,-1],[1,-11],[-8,-8],[7,-2],[-4,-8],[4,-5],[-5,-8],[12,-7],[-4,-14],[4,-12],[19,-15],[-4,-7],[10,-3],[6,-6],[5,0],[9,-5],[5,2],[7,-4],[2,-4],[-3,-5],[4,-5],[9,-5],[0,-4],[7,-2],[2,-10],[-9,-5],[-7,-15],[-12,-9],[-1,-7],[-5,-4],[-1,-8],[-6,-2],[2,-3],[-11,-9],[0,-10],[-7,-12],[7,-14],[-10,-7],[11,-21],[-34,-27],[-33,-19],[-2,-41],[-5,-12],[-12,-11],[-14,-23],[-3,-21],[8,-6],[-3,-31],[9,-18],[2,-22],[-21,0],[-3,-7],[-42,-2],[-33,-9],[-20,-23],[-7,-15],[20,-73],[28,-25],[5,-22],[12,-10],[12,-21],[12,-11]],[[70748,12926],[-551,-172],[-11,25],[-20,11],[-20,27],[-21,7],[-26,1],[-34,-2],[-17,-3],[-16,-5],[-24,14],[-36,-19],[-3,-2],[8,-5],[-19,-11],[16,-10],[-4,-3],[10,-13],[-17,-8],[-1,-3],[10,-7],[15,6],[17,-8],[-26,-22],[-1,-14],[-6,-2],[16,-38],[26,8],[30,-6],[8,-10],[-9,-26],[-16,-15],[-8,-18],[-3,-48],[-15,-13],[19,-26],[-8,-19],[-15,-10],[13,-13],[2,-39],[58,-10],[19,-15],[-10,-8],[30,-10],[-22,-16],[-25,-9],[-60,-10],[2,-6],[22,-16],[9,-2],[22,5],[19,-13],[43,-7],[16,3],[33,16],[12,-32],[7,0],[8,22],[22,6],[56,-26],[42,-31],[43,-40],[3,-12],[13,-15],[-3,-1],[9,-8],[3,-24],[40,-63],[16,-17],[23,-12]],[[72351,12457],[-167,-78],[-56,-20],[-67,-16],[-2,2],[-6,-1],[0,8],[22,14],[16,36],[3,15],[-30,12],[13,13]],[[72077,12442],[109,74],[4,-2],[10,11],[31,15]],[[72249,12705],[-1,-8],[15,-3],[-37,-38],[-1,-6],[10,-8],[-24,-10],[10,-10],[3,1],[13,-19],[21,-5],[3,-4],[8,2],[13,-2],[40,2],[6,-6],[-20,-11]],[[72077,12442],[-30,9],[-12,7],[-23,3],[98,156],[-26,0],[-39,7],[-44,1],[-1,14]],[[72000,12639],[160,68],[18,1],[63,-4],[8,1]],[[72413,12754],[-18,29],[-8,44],[-9,3]],[[72378,12830],[5,3],[6,-1],[98,15]],[[72487,12847],[80,11],[87,6],[44,-5],[38,-12],[9,3],[28,29],[11,25],[10,9]],[[71751,12889],[34,-19],[21,-33],[51,-28],[-32,-10],[-45,-5],[3,-11],[-5,-20],[32,-29],[12,-22],[-5,-35],[33,11],[5,-1],[-3,-9],[95,27],[52,2],[-4,-25],[5,-43]],[[71075,12062],[11,23],[25,20],[14,17],[7,37],[21,11],[8,16],[1,19],[-10,17],[-10,9],[15,9],[23,25],[-3,1],[5,13],[17,23],[-9,2],[10,47],[6,0],[2,8],[1,16],[-4,1],[16,39],[5,0],[4,41],[34,-2],[-2,46],[-14,42],[49,10],[11,0],[17,-5],[-1,14],[-7,11],[6,2],[-8,11],[14,3],[-2,16],[5,16],[0,21],[-5,54],[43,8],[5,-7],[12,7],[-1,8],[18,7],[-4,16],[-15,1],[-16,7],[-14,24],[-10,1]],[[71345,12767],[28,4],[51,20],[10,3],[12,0],[44,11],[30,11],[22,20],[18,8],[9,24],[17,18],[10,5],[2,12],[21,10],[19,17],[39,-7],[36,-22],[38,-12]],[[72487,12847],[-40,30],[60,15],[11,0],[86,24],[45,8],[6,9],[-30,0],[-12,1],[0,3],[-8,2],[-2,7],[9,18],[49,-8],[7,12],[24,-5],[-3,-5],[6,-3],[-4,-7],[47,-8],[53,-1]],[[72378,12830],[-63,6],[-59,20],[-96,-6],[-13,3],[-25,14],[-90,-28],[-31,67],[3,40],[5,10],[-50,1],[-69,9],[-2,-4],[-11,1],[-17,12],[-4,-2],[-6,11],[-24,19],[-8,0],[4,3],[-6,5],[-57,18]],[[71759,13029],[5,48],[17,23],[10,9],[42,26],[38,19],[15,3],[10,7],[7,10],[-6,6],[10,7],[10,13],[-12,9],[-23,4],[3,7],[25,29],[11,2],[-3,9],[21,8],[21,2],[9,3],[2,4]],[[71971,13277],[32,-20],[6,5],[17,-8],[-3,-3],[5,-4],[27,7],[13,-1],[-3,-5],[6,-18],[30,3],[38,12],[5,-6],[15,-1],[4,-3],[58,8],[37,-9],[37,3],[44,9],[21,-3],[10,1],[5,3],[15,1],[29,-7],[10,-9],[5,0],[6,-4],[23,-3],[3,-3],[31,3],[4,4],[23,6],[12,2],[2,5],[6,3],[-1,5]],[[72249,12705],[18,9],[23,7],[-10,20],[64,9],[69,4]],[[71971,13277],[7,29],[-26,6],[-16,12],[-7,19],[8,11],[10,32],[-28,26],[0,16],[-5,8],[20,7],[-6,13],[-5,1],[14,8],[-15,3],[12,13],[-45,3],[-18,38],[13,5],[19,-6],[6,6],[13,-10],[0,-9],[69,25],[26,6],[-9,14],[20,3],[-3,10],[6,0],[2,10],[46,-3]],[[71759,13029],[-15,-29],[8,-28],[-8,-12],[-11,-7],[-6,-11],[3,-16],[21,-27],[0,-10]],[[71345,12767],[-6,8],[7,9],[-42,13],[-7,6],[-18,-5],[-8,5],[-44,-24],[-4,10],[-24,-16],[-75,-32],[-14,-9],[-12,3],[-10,13],[-34,26],[-25,61],[-7,4],[-21,2],[-14,6],[-20,30],[-1,10],[-25,13],[13,30],[-42,47],[-164,-51]],[[71737,17263],[-71,-7],[-93,6],[-25,19],[-41,8]],[[71507,17289],[-47,10],[-59,23]],[[71401,17322],[-65,24]],[[71336,17346],[6,1]],[[71660,16858],[-8,4],[-6,-3],[-14,-2],[-75,-5],[-6,11],[-15,-3],[-18,18],[6,4],[-10,4],[-3,-3],[-10,4],[2,3],[-41,17],[-11,10]],[[71451,16917],[34,13]],[[71485,16930],[26,20],[42,54]],[[71553,17004],[13,25],[34,-7]],[[70971,17229],[11,-8],[-5,-2],[4,-3],[-7,-3],[11,0],[7,-4],[11,3],[28,-44],[-43,-6]],[[70988,17162],[-20,-3],[-9,1],[-30,10],[-9,0],[-2,6],[-24,-4],[-4,13],[-3,1],[-15,-2],[-8,9],[-16,33]],[[70848,17226],[14,1],[0,8],[28,13],[39,-27],[3,-5],[25,9],[10,-13],[-1,16],[5,1]],[[71507,17175],[3,-6],[13,4],[27,1],[2,-5],[10,-2],[6,-5],[9,0],[2,-5],[11,0]],[[71588,17100],[-47,-13],[-20,18],[-29,45],[-13,-1],[-21,-24]],[[71458,17125],[-6,1],[-12,-9],[-14,0],[0,-5],[-9,0],[-12,5],[0,3],[-12,1],[-7,10],[-7,2],[-27,-10]],[[71352,17123],[-46,26],[26,16],[-3,2],[-58,1],[-23,3],[-11,-4],[-19,5]],[[71218,17172],[56,19],[78,20]],[[71352,17211],[13,-6],[7,-12],[10,3],[3,-9],[5,0],[2,-10],[49,-3],[66,1]],[[71451,16917],[-7,-1]],[[71444,16916],[-42,-7],[-9,5],[-10,2],[-20,9],[11,19],[-6,0],[-2,18],[-11,-3]],[[71355,16959],[-5,4],[-5,-1],[-3,5],[0,16],[-44,1],[3,-9],[-8,-1],[-2,6],[-27,5],[-1,8],[-17,10],[1,5],[-17,0],[-2,4]],[[71228,17012],[19,9],[68,11]],[[71315,17032],[15,-19],[30,14],[6,-4],[-14,-9],[8,-4],[17,9],[6,-4],[-3,-3],[25,-11],[6,-1],[3,4],[12,-3],[-19,-13],[48,-21],[-7,-9],[-8,-2],[1,-4],[44,-22]],[[71022,17472],[-30,-8],[-11,-5],[2,-6],[-10,-10],[3,-10],[9,-3]],[[70985,17430],[-3,-3],[5,-2],[-15,-6],[-48,-12],[-3,5],[-20,-5],[-2,-3],[-9,-2],[-2,3],[-14,-4],[1,-2],[-8,-3],[-10,10],[-26,-9],[-8,10],[-12,-4],[-13,1],[-9,6]],[[70789,17410],[-4,29],[-15,52],[62,1],[123,-2],[33,-5],[34,-13]],[[71323,17106],[16,-5],[-19,-16],[23,-8],[-32,-18],[38,-21],[-34,-6]],[[71228,17012],[-41,0],[-44,-14]],[[71143,16998],[-7,23],[-6,6]],[[71130,17027],[3,1],[-1,7],[10,2],[3,-5],[52,11],[0,4],[5,1],[-11,12],[10,5],[5,7],[44,20],[13,1]],[[71263,17093],[9,-6],[15,6],[-5,2],[29,16],[12,-5]],[[71507,17289],[0,-11],[9,-24],[-64,-13],[8,-12],[-9,-4],[4,-5],[29,8],[24,-26],[-2,-4],[6,-2],[2,-17],[-7,-4]],[[71352,17211],[-17,17],[-17,-6],[-16,14],[3,2],[-5,4],[7,9],[-9,9],[-13,0],[0,7],[12,0],[23,11],[5,-2],[28,-14],[15,-24],[37,11],[-5,14],[8,4],[1,4],[-8,3],[1,5],[-24,6],[-11,-2],[-3,10],[9,4],[-3,4],[7,2],[5,5],[5,-1],[3,7],[5,-1],[6,9]],[[71218,17172],[-32,-10],[15,39]],[[71201,17201],[-2,16],[40,0],[-3,25],[-37,-2],[-1,9],[4,15],[9,16],[28,25],[-7,3],[12,10],[7,1],[12,15],[14,8],[59,4]],[[71000,17118],[2,-10],[10,-1],[34,-17]],[[71046,17090],[25,-14],[24,-27],[9,-7],[14,-3],[12,-12]],[[71143,16998],[5,-12],[-1,-12],[10,-12],[-12,-44]],[[71145,16918],[-44,21],[-7,1],[-9,7],[-10,-2],[-47,-1]],[[71028,16944],[5,3],[-9,9],[10,6],[-4,7],[-24,22],[-9,3],[-18,21],[-8,0],[-18,16],[-13,8],[-5,8],[-10,1],[-12,16],[-19,6],[-3,8]],[[70891,17078],[4,5],[13,6],[5,0],[8,6],[-23,22],[21,1],[4,-6],[9,-3],[-5,24],[32,-4],[27,-11],[14,0]],[[71173,17201],[1,-13],[-10,-22],[-18,-5],[-10,-7],[-27,-4]],[[71109,17150],[-11,-19],[-22,-10],[13,-17],[-3,-10],[-11,-4],[-22,3],[-7,-3]],[[71000,17118],[-4,30],[-8,14]],[[70971,17229],[18,4],[0,2],[40,13],[30,15]],[[71059,17263],[25,-22],[8,-2],[8,3],[12,-15],[15,0],[27,-9],[19,-17]],[[71444,16916],[13,-24],[-43,-30],[4,-3],[-8,-4],[3,-2],[11,3],[52,-9],[5,-12],[-10,-9]],[[71218,16890],[49,9],[45,14],[3,7],[-3,15],[8,3],[-8,15],[3,2],[38,-3],[-2,3],[4,4]],[[71553,17004],[-37,10],[-10,1],[-3,-3],[-6,2],[17,22],[-14,3],[-6,-10],[-20,8],[8,11],[-34,4],[-8,4],[27,13],[-8,6],[-14,24],[13,26]],[[71201,17201],[-28,0]],[[71059,17263],[-5,9],[-1,24],[-15,8],[-9,19]],[[71029,17323],[1,13],[20,7],[27,36],[0,13],[-32,20],[-60,18]],[[71022,17472],[2,1]],[[70753,17396],[1,-23],[-16,-9],[32,-20],[14,-22],[29,-22],[25,-1]],[[70838,17299],[10,-73]],[[70891,17078],[-14,0],[-4,5],[-18,1],[-5,-4],[-36,7],[-28,17],[-22,-2],[-12,6],[-18,3],[-11,8],[-18,7],[-16,9],[-19,17],[1,23],[-24,1],[-1,17],[-18,11],[-3,23],[-13,29],[-42,54],[-24,40]],[[70546,17350],[20,-21],[-1,-3],[14,-8],[-6,35],[4,5],[12,3],[21,14],[-7,21],[6,10],[11,8],[0,7],[12,0],[-3,12],[20,1],[32,-17],[18,-5],[18,-1],[7,-9],[21,-2],[8,-4]],[[71352,17123],[-8,-3],[-6,3],[-12,-7],[6,-4],[-9,-6]],[[71263,17093],[-8,7],[-35,14],[-87,25],[-24,11]],[[71029,17323],[-22,-6],[-2,-5],[-12,-3],[3,-4],[-35,-9],[-5,-9],[-35,-8],[-6,14],[-10,1],[-25,-4],[-3,15],[-39,-6]],[[70753,17396],[30,8],[7,-1],[-1,7]],[[70546,17350],[-5,36],[14,40]],[[75840,16075],[25,-14],[34,-7],[39,-14]],[[75938,16040],[-14,-17],[-32,0],[5,-5],[-4,-11],[3,-2],[-11,-17],[0,-16],[2,-2],[57,-7],[6,-7],[-7,-7],[24,-7],[-26,-19],[-16,8],[-6,-10],[-20,-12]],[[75899,15909],[-33,4],[-40,-1],[-140,-20]],[[75686,15892],[-4,11],[-21,5],[-53,-7],[-46,11],[-14,18],[4,0],[3,6],[-15,33],[16,6],[10,13],[26,1],[12,3],[15,30],[7,3],[12,17],[-2,1],[29,15],[10,11],[46,-17],[14,1],[-5,2],[5,9],[5,-2],[17,30]],[[75757,16092],[58,-7],[25,-10]],[[77461,16528],[10,-10],[2,-12],[-5,-9],[-19,-18],[-1,-19],[-66,-16],[-91,3]],[[77291,16447],[-58,6],[-74,14],[-34,11],[-77,32],[-26,6],[-45,6],[-68,-5],[-45,5]],[[76864,16522],[1,13],[9,13],[-1,12],[12,16],[20,15],[43,10],[23,1],[10,5],[24,-8],[13,1],[16,-9],[2,-6],[26,-5],[16,33],[23,22],[6,2],[14,15],[8,3]],[[77129,16655],[17,10],[13,-6],[10,7],[0,-16],[28,-7],[18,-13],[67,-18],[66,-12],[33,-23],[21,-30],[59,-19]],[[76572,17403],[-12,23],[-16,10],[-2,24],[-21,30],[-24,9],[1,3],[-60,27],[1,2],[13,1],[46,11],[17,7],[-18,15],[13,9],[-58,53],[-37,25],[-36,39],[-27,17],[-19,26],[-79,52],[-21,-13],[-3,-7],[-24,-10],[-47,-10],[-21,5],[-21,10],[-51,36],[-14,31],[-11,12],[-61,41],[11,8],[-11,20],[-66,32],[-10,41]],[[76599,17312],[-25,26],[-1,18],[-12,24],[11,23]],[[76599,17312],[-19,-11],[-61,-23],[-22,-11],[-7,-7],[-1,2],[-19,-7],[-24,-16],[-33,-15]],[[76413,17224],[-23,26],[-15,3],[-21,13],[-15,-4],[-2,9],[-22,15],[-14,23],[-50,38],[-20,41],[-14,3],[-19,9],[-9,22],[-65,23],[-34,27],[3,2],[-12,9],[-5,-2],[-5,3],[-68,56],[-55,33],[-6,11],[-81,-51],[8,-2],[47,-29],[-17,-6],[8,-13],[-2,-5],[6,-5],[-3,-4],[26,-31],[-24,-15],[-2,-9],[7,-6],[-33,-17],[-5,-5],[6,-1],[-75,-13],[-27,10],[-63,16],[-105,64],[-14,15],[-14,34],[-51,57]],[[75534,17568],[-23,16]],[[75511,17584],[22,7],[-2,3],[11,7],[22,3],[6,2],[-2,4],[25,6],[14,13],[39,7],[-11,65],[-22,36],[-23,3],[-21,14],[4,4],[-6,4],[-38,11],[-8,5],[-8,1],[1,8],[-37,-1],[-17,11]],[[75460,17797],[32,8],[2,4],[-67,26],[9,6],[-42,28]],[[75394,17869],[12,6],[-36,29],[2,4],[-13,12],[12,8],[-34,29],[-18,-6],[10,19],[14,0],[16,7],[6,-7],[11,4],[-13,4],[-28,3],[10,9],[-20,1],[10,6],[-7,8],[6,0],[7,18],[-4,4],[23,10],[9,12],[17,1],[5,3],[21,-1],[-2,-3],[8,1],[0,-3],[14,0],[3,3],[6,-2],[26,22],[20,1],[18,-5],[21,-19],[5,4],[7,-4],[14,1],[42,4],[12,6],[13,-3],[13,3],[25,1],[19,-21],[-4,-2],[10,-4],[-5,-3],[10,-1],[-1,-3],[7,2],[19,-3],[11,4],[9,-2],[3,3],[9,0],[2,4],[10,1],[2,2],[5,-2],[21,3],[20,-18],[8,-23],[38,-6],[20,0],[24,-6],[3,-4],[7,2]],[[75511,17584],[-50,35],[8,6],[-4,2],[24,11],[-47,48],[23,13],[13,4],[1,-2],[7,5],[-4,5],[12,7],[-13,3],[10,11],[-25,5],[-92,0]],[[75374,17737],[-12,13],[-4,10],[-17,9],[-18,15],[69,33],[37,-14],[31,-6]],[[75374,17737],[-1,-5],[-47,-33],[10,-5],[-25,-8],[-25,19],[-23,11]],[[75263,17716],[-46,14],[-52,9]],[[75165,17739],[12,11],[41,18],[14,11],[8,18],[2,75]],[[75242,17872],[10,3],[4,-1],[13,0],[0,-4],[6,3],[7,-1],[2,-4],[4,4],[29,-19],[19,7],[14,-6],[44,15]],[[75123,17890],[8,-1],[7,4],[-1,-4],[9,-2],[12,3],[6,-3],[8,1],[-1,-4],[9,-1],[5,-7],[5,4],[14,-4],[8,0],[-1,-6],[5,4],[10,-1],[0,-5],[5,3],[11,1]],[[75165,17739],[-34,9],[-66,25],[-23,-5],[-29,4],[-29,11],[-1,5],[-8,0],[-28,-7],[-40,9],[-2,-6],[14,-4],[-1,-2],[-28,3]],[[74890,17781],[-1,5],[-41,13],[7,3],[-54,31],[4,7],[5,-1],[10,8],[6,0],[0,4],[13,0],[5,-5],[4,2],[11,2],[5,-5],[15,2],[3,3],[6,0],[3,8],[12,-1],[1,3],[36,10],[3,5],[6,3],[0,9],[34,8],[18,0],[14,-7],[6,2],[13,-5],[9,1],[3,-4],[19,-6],[0,3],[10,-2],[4,3],[18,1],[1,3],[8,3],[5,-4],[12,7]],[[75534,17568],[-69,-20],[-1,-4],[-42,37],[-34,-12],[0,5],[-44,-13],[5,-5],[-9,0],[-52,-24],[-1,4]],[[75287,17536],[-1,159],[-7,12],[-16,9]],[[75287,17536],[-69,4],[-13,-10]],[[75205,17530],[-16,10],[-18,30],[-16,3],[-14,13]],[[75141,17586],[17,6],[4,-2],[13,4],[1,3],[8,-2],[35,14],[-16,14],[-14,-7],[-3,7],[-6,0],[-9,6],[-2,16],[-19,15],[9,4],[-9,3],[-25,19],[-1,5],[-8,-2],[-11,10],[25,10],[25,18],[10,12]],[[75141,17586],[-12,14],[-1,20],[-25,20],[-16,24],[-20,9],[-3,7],[-5,1],[-49,-18],[-27,27],[31,18],[-19,15],[-3,-4],[-27,17],[-44,21],[-32,0],[1,24]],[[77197,15877],[-59,7],[-149,0],[2,-17],[-7,-39],[13,-27],[-61,-6],[-122,-24],[2,-23],[-9,-14],[-21,-21],[-1,-4],[6,-4],[-9,-27],[-14,-14],[-10,-3],[-15,-9],[-11,-34]],[[76732,15618],[-15,-1],[-18,-6],[-61,-8],[-12,0],[-20,7]],[[76606,15610],[4,5],[-13,19],[9,9],[21,7],[-16,10],[9,8],[3,28],[9,5],[5,13],[-6,6],[-6,1],[-2,5],[-12,-1],[-19,20],[-16,7],[-3,4],[14,6],[-20,23],[9,13],[-16,13],[-6,1],[-5,5],[-15,7],[27,12],[9,9],[13,3],[-3,4]],[[76580,15852],[97,21],[41,6],[15,15],[15,4],[7,21],[8,5],[23,-2],[-6,16],[6,8],[108,8],[-1,16],[9,1],[-4,12],[4,23],[-11,24],[-2,14],[14,17],[4,21],[11,14]],[[76918,16096],[21,-2],[25,2],[12,-3],[15,-8],[32,-3],[21,-19],[17,-8],[10,-1],[20,-11],[9,10],[6,39],[24,-3],[52,-14],[-11,-17],[14,-1],[34,-16],[-26,-16],[-11,-13],[0,-16],[11,-14],[-4,-18],[-24,-25],[-21,-16],[2,-17],[61,-19],[-10,-10]],[[74734,17174],[-22,-19],[-13,-2],[-60,-27],[-36,13],[-20,5],[-3,-2],[-27,7],[-10,6],[-23,1],[-6,1],[-1,4],[-90,2],[-43,-3],[7,-36],[-6,-14],[-53,-59],[-11,4],[-12,-15],[10,-3],[-15,-11]],[[72310,17529],[19,6],[10,10],[37,11],[14,-5],[33,-3],[12,-3],[22,-13],[5,-9],[35,-10],[13,-18],[23,-6],[25,-11],[23,-3],[16,7],[2,5],[8,5],[26,9],[0,2],[44,-6],[16,-5],[39,-4],[23,0],[58,-13],[-14,-20],[14,-5],[0,-3],[52,1],[55,-11],[5,5],[-4,10],[18,4],[20,0],[38,-9],[0,-10],[33,5],[9,-5],[1,3],[37,6],[17,9],[2,5],[21,7],[332,8],[19,3],[122,32],[69,20],[-9,8],[8,3],[2,8],[9,7],[-13,12],[-2,11],[-7,7],[-18,9],[2,10]],[[73631,17605],[21,13],[9,-1],[0,5],[15,2],[2,-4],[12,-1],[-2,6],[10,-1],[2,5],[6,0],[-2,8],[8,0],[3,5],[9,-5],[1,4],[8,0],[5,7],[73,-16],[36,-19],[-13,-7],[5,-2],[-18,-14],[8,-4],[-2,-4],[4,-6],[36,-8],[21,-27],[24,-9],[10,-10],[27,-9],[11,-9],[-9,-1],[-5,-7],[-7,-1],[-13,-9],[-18,-7],[15,-22],[-7,-2],[-5,-17],[5,-4],[10,-1],[26,9],[23,1],[11,8],[65,22],[8,-7],[27,7],[15,-5],[48,20],[-7,11],[24,7],[15,2],[22,-6],[32,4],[9,-4],[30,-4],[46,12],[45,-6],[16,5],[24,-26],[-7,-6],[11,-8],[-9,-5],[10,-7],[10,-2],[-3,-3],[19,-12],[11,-14],[-2,-1],[36,-33],[-18,-10],[1,-10],[7,-8],[-5,-7],[-8,-4],[-2,2],[-13,-1],[1,-5],[-9,4],[-3,-3],[-3,3],[-3,-3],[3,-3],[-13,-4],[-9,3],[0,-7],[-3,1],[-4,-8],[-11,-3],[-5,-5],[23,-7],[37,-21],[11,8],[24,-7],[2,2],[55,-30],[102,-31],[30,-18],[55,-42],[11,-4]],[[75686,15892],[-124,-19],[-58,-1],[-38,5],[-28,7],[-67,26]],[[75371,15910],[5,7],[9,3],[2,-5],[20,6],[20,1],[-3,11],[21,17],[20,-6],[4,8],[12,-1],[1,4],[36,-8],[11,6],[-1,4],[-6,0],[1,12],[11,-1],[-8,37],[6,-1],[5,14],[8,-2],[8,34],[21,20],[13,1],[16,-4],[17,14],[24,-5],[10,33],[12,10],[-8,2],[3,4]],[[75661,16125],[96,-33]],[[74365,19611],[-9,-7],[2,-3],[-9,-1],[-10,-10],[-17,-4],[-31,-15],[-57,-12],[-23,-12],[-4,4],[-11,-9],[-18,-6],[43,-21],[31,-36],[36,-5],[0,-5],[40,-11],[25,-4],[17,11],[19,-4],[7,5],[46,-12],[21,-1],[12,2],[8,6],[9,0],[4,7],[19,0],[-6,-15],[14,-45],[30,-38],[2,-34],[-4,-17],[-24,-6],[-30,-3],[-74,-17],[-27,1],[-15,-3],[-14,-9],[-10,0],[-34,-23],[-201,-43],[-2,18],[-15,2],[1,6],[-26,3],[-17,6],[-24,13]],[[74039,19264],[12,6],[-2,3],[8,7],[15,6],[3,16],[-11,9],[0,13],[-15,9],[4,4],[-8,12],[2,16],[-10,4],[-5,6],[5,12],[5,1],[3,11],[-6,16],[-10,6],[7,8],[-4,7],[-17,6],[-7,13],[-26,-1],[-7,-5],[-11,1],[-5,-6],[-12,0],[-7,-3],[-7,1],[-2,-6],[-11,1],[-7,-3],[-10,6],[-3,6],[-13,-5],[4,5],[-26,-2],[-34,6],[-1,2],[-19,0],[-5,-9],[3,-2],[-7,-1],[-8,-22],[-9,1],[-2,-7],[-10,-1],[-4,-3],[5,-1],[-14,-20],[5,-3],[-5,-7],[-28,-11],[-30,7],[-8,35],[-13,9],[-8,10],[-34,11],[-16,-9],[2,-5],[-10,-12],[-8,-1],[-24,-12],[-18,-17],[-4,-12],[-12,-2],[-26,15],[12,6],[7,11],[8,2],[-4,12],[-38,6],[-24,0],[-35,-11],[-44,9],[-7,3],[-3,8],[1,14],[19,10],[-6,11],[4,9],[16,12],[3,10],[30,19],[-7,15],[3,4],[-4,1],[14,11],[21,6],[18,17],[6,23],[-7,10],[-11,4],[1,-4],[-9,-4],[-57,-11],[-38,35],[-18,-14],[-47,-26],[-31,5],[-7,-11],[-24,-2],[-2,-4],[-27,7],[-8,-3],[-9,-12],[-31,-10],[-3,-7],[4,-16],[-14,-1],[-25,1],[-33,36],[1,13],[-13,7],[-24,5],[-39,3],[-11,42],[4,7],[-6,10],[-18,27],[-47,49],[28,17],[-12,23],[2,12],[88,-16],[43,-11],[18,32],[0,6],[-14,19],[10,19],[-8,2],[7,10],[39,20],[66,21],[3,10],[47,5],[7,3],[7,-8],[15,8],[22,1],[-1,8],[-12,8],[16,1],[3,31],[20,13],[20,22],[-20,5],[-40,-7],[-11,19],[-33,0],[-35,6],[-6,5],[-17,-10],[-7,3]],[[73209,20004],[3,11],[-24,22],[-11,19],[-19,9],[-95,21],[-4,4],[127,10],[24,6],[0,-2],[31,-5],[16,1],[13,-16],[37,-5],[26,2],[6,-12],[19,4],[32,1]],[[73390,20074],[10,-7],[3,2],[-8,6],[11,10],[15,0],[18,-6],[19,-2],[22,1],[26,6],[15,-4],[5,-6],[23,-11],[10,-3],[8,2],[12,-3],[5,2],[10,-5],[20,-4],[3,3],[15,-2],[12,14],[35,3],[21,7],[19,2],[10,-3],[20,0],[23,-13],[26,35],[23,14],[19,21],[11,6],[74,20],[15,-15],[14,-1],[16,-5],[20,-21],[30,-6],[2,-2],[16,-1],[-42,-25],[1,-28],[25,-12],[2,-5],[22,-8],[-11,1],[-16,-8],[15,-14],[-11,-7],[23,-19],[16,7],[37,-2],[-40,-14],[13,-27],[8,-2],[22,-26],[15,-10],[0,-17],[17,-24],[-6,-6],[5,-2],[-1,-26],[5,-6],[-6,-12],[2,-6],[19,-8],[9,-26],[27,-29],[18,-8],[79,-50],[22,-29],[3,-15],[33,-25],[22,-9]],[[74039,19264],[-15,-3],[-20,2],[-25,16],[-1,11],[-7,8],[-16,7],[-3,6],[-14,9],[-24,-6],[-19,-1],[-18,5],[-18,-5],[-2,-6],[-16,-8],[-13,-11],[-4,-9],[10,-12],[-29,-32],[8,-7],[-6,-18],[13,-10],[-12,-9],[0,-10],[-6,0],[-9,-8],[0,-11],[12,-11],[-9,-5],[4,-5],[-1,-7],[-8,-2],[-19,-22],[10,-7],[-9,-3],[-7,-7],[-1,5],[-19,6],[-13,-10],[1,-9],[-12,-8],[-8,-18],[-32,1],[-12,-7],[-3,-12],[8,-7],[-10,-11],[-1,-9],[11,2]],[[73675,19016],[-2,-3],[7,-1],[-1,-3],[5,-6],[-8,-12],[2,-9],[-6,-4],[2,-4],[-45,-19],[0,-7],[-7,-3],[-3,-10],[-5,-2],[3,-3],[8,3],[-8,-11],[3,-5],[-10,-7],[-9,-1],[-20,-17],[-4,-7],[-11,-5],[-21,-1],[-3,-5],[-16,4],[-8,-3],[-1,3],[-16,3],[-20,12],[-28,-3],[-1,8],[-4,2],[-27,5],[-6,-3],[-11,1],[-3,-5],[-38,-6],[-5,-9],[-16,-12],[-4,-11],[-4,1],[-6,-3],[-5,3],[-24,-10],[-18,-14],[-1,-4],[-15,-6],[-32,-1],[-1,11],[-40,19],[-13,-4],[1,-3],[-11,4],[-32,-1],[-59,-19],[-14,3],[-14,6],[-15,2],[-5,8],[8,6],[0,3],[-24,10],[-36,11],[-19,2],[-33,12]],[[72329,19558],[-2,8],[-11,1],[-6,7],[-14,-2],[-16,3],[-13,-2],[-1,-3],[-10,3],[-2,4],[-15,3],[-1,3],[-8,1],[-5,-3],[-10,4],[-6,-2],[-2,4],[-12,2],[-5,5],[-8,-2],[-2,2],[-25,6]],[[72155,19600],[2,10],[-7,11],[6,1],[-2,5],[5,-1],[5,8],[-2,5],[11,13],[7,3],[-1,5],[12,28],[-5,19],[7,3],[4,-2],[6,9]],[[72203,19717],[4,5],[8,1],[32,33],[-5,7],[12,7],[-6,1],[1,5],[12,7],[0,4],[19,9],[9,31],[24,14],[24,7],[35,7],[23,-1],[2,2],[45,8],[6,-2],[-4,-7],[10,2],[14,-5],[7,3],[4,-1],[34,6],[4,4],[-1,8],[24,13],[11,2],[4,-3],[20,-1],[20,2],[14,9],[34,-2],[20,2],[1,4],[9,1],[11,14],[7,15],[-5,6],[19,5],[7,4],[-1,3],[8,-2],[8,9],[48,-6],[9,13],[25,13],[31,5],[27,10],[40,-15],[47,-13],[11,10],[20,6],[14,13],[79,28],[18,2],[11,-8],[23,-6],[14,-9],[22,-6],[31,7],[12,7]],[[77776,16153],[-9,-23],[-13,-10],[16,-7],[-27,-16],[2,-2],[-13,-13],[7,-4],[-9,-12],[-19,7],[-13,-22],[-5,1],[25,-19],[-10,-6],[-39,-7],[16,-17],[-3,-5],[5,-13],[12,-15],[0,-4],[-5,0],[8,-11],[-5,-4],[0,-10],[-8,0],[1,-4],[-11,-3],[3,-9],[-47,-3],[3,-16],[-13,-3],[2,-4],[-49,-3],[1,-9],[35,-6],[2,-4],[-6,-1],[12,-21],[-28,-6],[31,-7],[6,-6],[36,-1],[3,-9],[15,-5],[8,2],[8,-10],[-27,-16],[-16,9],[-5,-1],[-15,-23],[0,-15],[-20,-1],[-22,-12],[-1,-6],[-14,-3],[-8,-5],[-10,2],[-5,-1],[2,-4],[-47,-21],[3,-11]],[[77516,15705],[-23,2],[-24,-4],[-44,0],[-46,16],[-58,30],[-100,15],[12,21],[-6,3],[-1,18],[-12,13],[-29,17],[-3,10],[0,11],[15,20]],[[76918,16096],[-16,6],[-43,2],[6,34],[-3,13],[43,5],[-48,32],[26,24],[8,6],[13,0],[20,18],[10,5],[5,12],[19,18],[-16,11],[29,17],[43,11],[23,12],[31,1],[20,-20],[7,-20],[49,-23]],[[77144,16260],[-4,-10],[18,-1],[21,3],[19,-15],[32,-4],[22,-7],[13,-11],[8,-23],[38,-16],[20,-5],[17,2],[41,-3],[99,44],[5,6],[-14,16],[-7,15],[-6,4],[93,43],[0,-4],[8,-7],[-15,-7],[-2,-10],[5,-9],[-10,-9],[18,-11],[8,3],[11,-5],[20,2],[3,5],[6,2],[10,-2],[16,11],[9,1],[30,0],[-2,-7],[38,0],[71,-21],[19,22],[12,27],[2,29],[-5,45],[-7,9],[3,6]],[[77807,16368],[34,-33],[50,-5],[-34,-22],[27,-25],[11,-3],[0,-15],[-28,-54],[-79,-45],[-12,-13]],[[78048,15826],[-10,-1],[-31,-10],[-29,-16]],[[77978,15799],[-44,-21],[2,-3],[-34,-11],[1,-22],[6,-13],[-10,-11],[-8,-3],[-38,-8],[-51,10],[-7,16],[-18,-2],[-13,-5],[-3,3],[-11,-4],[-1,3],[-30,-6],[1,-2],[-11,1],[-4,-4],[-29,-1],[-12,-12],[-21,9],[-22,1],[-37,-14],[-6,-8],[-39,-8],[-10,17],[-13,4]],[[77776,16153],[26,5],[27,1],[13,-2],[63,13]],[[78048,15826],[-17,47],[-19,33],[-7,5],[-12,3],[-17,22],[-19,76],[-24,40],[-11,45],[0,9],[15,12],[-50,8],[4,22],[14,22]],[[77653,17050],[-24,-11],[-6,6],[-15,-14],[-9,3],[-10,-10],[7,-6],[-3,-2],[-27,0],[-33,18],[-31,31],[-14,22],[-16,15]],[[77678,16854],[25,11],[25,23],[52,11],[1,13],[-2,2],[-11,-2],[2,7],[-20,29],[5,0],[14,15],[14,5],[-40,16],[12,9],[-6,6],[-8,1],[-14,-8],[-23,8],[-11,-6],[-11,6],[21,14],[-8,15],[-10,0],[-30,-15],[-20,8],[25,16],[-7,12]],[[77678,16854],[-52,14],[-34,-1],[-23,4],[-60,17],[-18,-13],[-21,0],[-31,-24],[8,-12],[6,1],[30,-30],[-40,-5],[-37,-9],[-5,7],[-14,-8],[-39,-11],[-3,3],[-6,-2],[-11,6],[1,-4],[-8,-1],[-11,-9],[-5,2],[4,4],[-14,4],[0,3],[-28,1],[-4,5],[-14,0],[0,-2],[-9,-2],[-65,9]],[[77175,16801],[6,6],[-7,8],[-5,-3],[-8,3],[3,3],[-6,9],[-13,10],[5,3],[-15,9],[-4,-2],[-8,6],[5,2],[-12,15],[5,7],[-5,5],[-7,-1],[-11,8],[-4,-2],[-17,3],[-23,15],[35,14],[-3,3],[44,14],[6,-2],[-1,5],[8,6],[-8,14],[32,10],[47,-15],[60,-11],[-4,4],[6,10],[-1,29],[-21,6],[-24,18],[-11,5],[-32,28],[-4,12],[-27,-5],[8,34],[19,18],[-3,19]],[[77435,17164],[-85,-8],[-54,1],[-41,-14],[-38,-3],[-20,-13],[-17,-6]],[[77472,17102],[-16,13],[-21,49]],[[78031,16527],[-32,-4],[-33,-9],[-8,1],[-2,9],[-26,-1],[-2,-7],[-14,0],[-23,-10],[-7,4],[-64,2],[-4,23],[-8,0],[-3,-4],[-8,1],[-5,20],[5,20],[15,20],[36,32],[4,9],[-3,12],[-11,20],[-24,12],[1,25],[-8,17],[-12,4],[-34,3],[-28,14],[-18,14],[-8,13],[-49,29],[7,38],[13,20]],[[78031,16307],[15,4],[4,9],[-2,38],[15,41],[33,-9],[27,-15],[6,15],[16,14],[23,12],[21,19],[26,10],[-27,44],[-18,7],[-10,10],[-25,1],[-18,-4],[-14,7],[-21,0],[-26,-4],[-7,-9],[-24,-1],[-1,12],[7,19]],[[77905,16170],[24,25],[29,19],[9,13],[-55,29],[23,6],[-18,17],[1,6],[-4,0],[2,32],[-6,7],[0,8],[5,-3],[12,1],[2,2],[16,2],[6,19],[80,-46]],[[77807,16368],[-33,0],[-14,-8],[-16,-2],[-15,0],[-15,9],[-11,13],[13,7],[-14,12],[20,2],[10,8],[-61,11],[20,26],[-43,13],[-17,2],[14,10],[17,21],[-31,9],[-24,14],[-32,9],[-27,20],[-21,2],[-1,-3],[-28,-11],[-37,-4]],[[77129,16655],[-13,4],[-28,4],[-25,9],[4,8],[-22,3],[0,-7],[-20,-6],[-44,3],[-12,14],[8,4],[-29,16],[21,13],[-57,29],[7,6],[9,23],[-39,8],[3,8],[14,9],[22,28],[9,6],[8,-6],[18,1],[17,-8],[8,1],[73,-66],[4,-1],[6,7],[42,-14],[12,15],[44,-15],[7,7],[-3,3],[5,20],[-2,11],[4,1],[-5,8]],[[77172,17153],[-34,15],[-28,3],[-29,13],[-5,-8],[-17,8],[-7,-7],[-20,10],[-2,-1]],[[77180,17121],[-6,8],[-2,24]],[[76864,16522],[0,-2]],[[76864,16520],[-103,26],[-93,9],[-71,12],[-36,4],[-2,9],[11,2],[-2,15],[14,17],[10,3],[1,5],[-12,11],[-7,-2],[-14,2],[5,21],[3,0],[-42,9],[16,31],[-16,4],[7,9],[-28,4],[-10,18],[-33,-7],[-16,-5],[0,-2],[-29,2],[-14,-1],[-8,24],[-21,-12],[-6,8],[-6,-2],[-8,15],[-11,11],[12,6],[-14,10],[0,11],[10,8],[-37,15],[-12,-4],[-7,4],[-9,10],[8,12],[-2,5],[-18,-9],[-6,12],[-13,11],[-8,16],[25,2],[-8,12],[-15,12],[-7,-1],[-25,11]],[[76217,16903],[18,17],[-9,7],[-12,-3],[-21,36],[-2,18],[-15,8],[0,18],[5,1],[-9,25],[5,19],[-6,2],[-5,-7],[-4,0],[-13,11],[6,3],[-5,4],[27,12],[-19,35],[-19,12],[-6,11],[-21,5],[14,3],[26,17],[29,-12],[14,9],[5,-2],[13,6],[2,-4],[7,-2],[58,-6],[3,-7],[58,6],[53,-7],[2,4],[16,4],[16,15],[15,9],[4,7],[-14,15],[-20,32]],[[77030,17186],[-14,-6],[5,-5],[-15,-3],[-33,1],[-86,8],[-33,18],[-9,12],[-13,3],[5,8],[-26,13],[-12,-4],[-51,30],[-55,18],[-31,3],[-19,6],[-44,24]],[[74592,16109],[13,-10],[8,2],[29,-17],[15,0],[0,-3],[13,-3],[26,5],[4,-17],[65,-3],[24,10],[13,2],[15,14],[33,-8],[9,8],[24,-7],[-4,-12],[6,-3],[22,-2],[31,-14],[8,0],[21,-8],[31,0],[28,6],[16,0],[23,8],[7,0],[1,-3],[16,0],[27,6],[-6,-14],[21,-3],[10,-9],[24,-1],[7,-2],[18,10],[14,-7],[4,19],[32,-7],[11,12],[13,-1],[13,-4],[-13,-17],[20,-6],[12,-9],[-10,-11],[5,-11],[16,-11],[-15,-4],[-2,-7],[-6,0],[8,-9],[-8,-22],[87,-36]],[[75686,15892],[2,-7],[-19,-13],[-6,-11],[-10,1],[7,-6],[3,0],[1,-19],[12,-36],[-1,-21],[17,-23],[14,-27],[-10,-71],[5,-9],[18,-9],[0,-10]],[[75719,15631],[-44,7],[-89,-27],[-20,25],[-33,-10],[-2,3],[-13,-7],[22,-12],[12,-14],[-16,-6],[-5,3],[-36,-41],[9,-3],[-3,-4],[-10,1],[-24,9],[-31,-2],[-12,-8],[-2,-8],[-13,-5],[3,-10],[-18,-9],[-16,-2],[-11,-18],[-11,-9],[5,-2],[-16,-16],[5,-1],[-2,-12],[6,-6],[-9,-4],[26,-24],[57,-32],[3,-8],[25,-22],[-2,-2],[16,-4]],[[74973,15278],[-41,4],[-89,32],[-12,1],[-23,-4],[-25,6],[-11,8],[-12,29],[-29,28],[-31,13],[-15,24],[-28,13],[-39,4],[-16,-1],[-20,-5],[-38,-18],[-21,-23],[-8,-19],[-31,-51],[-31,-40]],[[74453,15279],[-14,4],[-48,5],[11,24]],[[74402,15312],[-6,40],[11,30],[-44,5],[-38,9],[-33,36],[-10,-2],[-12,2],[-11,8],[-14,-10],[-10,4],[-17,25],[-27,-10],[-39,22],[4,19],[-25,4],[-2,6],[-35,7],[-23,14],[-17,-3],[-8,26]],[[74082,16104],[49,-19],[18,-24],[18,-9],[27,-31],[34,-27],[10,8],[9,20],[14,11],[5,20],[-8,-1],[-2,22],[14,2],[-1,7],[-7,6],[-6,2],[-3,-5],[-15,1],[-2,7],[8,5],[0,5],[4,1],[-1,57],[5,0],[5,-11],[35,-29],[27,13],[12,-3],[5,5],[-3,3],[31,13],[12,9],[47,9],[10,-2],[9,-6],[18,-25],[-4,-17],[33,-19],[10,1],[26,-6],[1,3],[40,-2],[17,14],[4,-5],[5,2]],[[76793,15592],[-7,-27],[-34,-41],[-5,-15],[-25,-24],[-10,-17],[-32,1],[3,-3],[-5,-4],[-42,-29],[-5,-26],[-16,-20],[-9,-22],[5,-4],[-5,-17],[3,-8],[-23,-1],[-18,18],[-11,-7],[-20,-26],[-6,-18],[28,-16],[36,-5],[-10,-47],[-15,-2],[-5,-23],[6,-24],[-15,0],[1,-9],[8,-2],[4,-14],[100,8],[0,7],[14,2],[15,-8],[11,6],[5,-2],[3,2],[25,3],[-3,20],[29,-9],[9,1],[-3,-5],[10,-10],[0,6],[13,5],[5,-6],[1,-10],[27,0],[13,-3]],[[76843,15167],[-48,-23]],[[76795,15144],[-4,3],[-8,-2],[3,-3],[-38,-9],[-13,-5],[-7,2],[-1,-28],[5,-43],[-6,-3],[11,-1],[2,-8],[9,1],[11,-6],[17,0]],[[76776,15042],[1,-11],[6,0],[10,-23],[-7,-26]],[[76786,14982],[0,-11],[9,-2],[-9,-23],[-14,0],[-2,-13],[-32,3],[-3,-21],[51,-6],[-4,-23],[-4,0],[-3,-6],[16,-5],[53,3],[29,13],[18,4],[8,-18]],[[76400,15436],[25,10],[31,-8],[12,-6],[16,-2],[8,9],[27,2],[1,9],[34,0],[25,27],[17,34],[15,20],[-42,40],[14,10],[23,29]],[[76732,15618],[15,-3],[8,-26],[20,0],[18,3]],[[78259,15777],[0,-10],[9,-17]],[[78268,15750],[2,-12],[8,-8],[-2,-13],[-7,-8],[9,-2],[-2,-7],[8,-2],[7,-15],[14,-11],[8,-14],[1,-16],[50,-28],[10,-19],[-8,-13],[5,-8],[7,-3],[1,-5],[39,-12],[-5,-8],[-10,-4],[5,-14],[10,-10],[-7,-39],[21,-10],[-6,-6],[9,-11],[-5,-10],[19,-9],[-3,-10],[6,1],[28,-5],[5,-6]],[[78485,15413],[4,-14],[-7,-26],[-4,-3],[-11,0],[-36,-31],[-15,0],[-23,-13],[-15,-24],[-13,-2],[2,-7],[-20,-3],[-2,-7],[8,-3],[-3,-4]],[[78350,15276],[-18,6],[-14,-4],[-6,3],[-9,-6],[-14,1],[-8,7],[-12,5],[-5,7],[-36,18],[-2,13],[-12,6],[-27,19],[-3,5],[-27,2],[-15,6],[-9,-4],[-9,0],[-3,4],[-7,-2],[-6,7],[-9,2],[2,3],[-14,8],[-28,1],[-6,4],[1,2],[-8,1],[-4,6],[-23,4],[-12,-1],[-7,3],[-7,-3],[-13,5],[-15,-3],[-26,5],[-7,-5],[2,-17],[-42,-17],[3,-6]],[[77895,15361],[-30,-15],[-46,-8],[-2,-4],[-5,2],[-23,-1],[-9,-24],[-12,1],[-19,5],[2,9],[-35,16],[-64,8],[-23,33],[5,30],[-27,1],[-87,15],[-49,5],[-12,2],[0,2]],[[77459,15438],[31,65],[22,15],[21,10],[-35,25],[19,22],[27,-14],[1,-4],[37,1],[-8,-24],[10,-14],[6,3],[106,-35],[37,9],[45,-6],[8,8],[-31,7],[-8,38],[-8,18],[-14,10],[-7,10],[31,13],[14,-9],[17,6],[15,-3],[23,1],[69,15],[4,-3],[8,4],[-18,23],[44,-9],[53,-6],[51,43],[-12,4],[-5,8],[7,2],[-1,5],[-33,25],[-3,19],[-23,27],[19,52]],[[78259,15777],[-13,0],[-14,2],[-77,-2],[-60,6],[-18,6],[-10,9],[-19,28]],[[75856,16207],[-1,-40],[9,-23],[-8,-20],[-7,-7],[-5,-19],[3,-3],[-7,-20]],[[75661,16125],[-112,26],[-77,26],[1,13],[13,7],[34,2],[26,13],[16,0],[3,15],[-8,6],[-34,14],[-15,-2],[2,14],[-12,-2],[-9,14],[-35,5],[-23,7],[-12,-7],[1,7],[-14,5],[-11,24]],[[75395,16312],[6,2],[-1,8],[-14,9],[38,27],[6,-3],[4,2],[-6,5],[8,8]],[[75436,16370],[12,0],[-2,-11],[20,-2],[31,3],[27,-5],[7,7],[12,-7],[36,-12],[18,-21],[19,-6],[18,-19],[11,5],[6,-2],[23,2],[23,-3],[3,6],[20,-6],[13,-9],[4,-21],[4,-2],[20,2],[13,-3],[-9,-18],[14,-12],[10,1],[0,-36],[11,3],[15,-2],[25,5],[16,0]],[[77276,15486],[-8,-21],[-7,1],[-4,-11],[-6,0],[-3,-5],[-8,-19],[7,-5],[-6,-10],[16,-9],[-3,-15],[-8,0],[4,-32],[7,-12],[-3,-4],[8,-17],[-5,-15],[-4,-5],[-22,-3],[-2,4],[-19,-1],[-21,3],[-2,5],[-28,-1],[-31,7],[-12,-1],[-2,5],[-25,4],[-14,-35],[-13,-55],[4,-23]],[[77066,15216],[-55,9],[-47,-10],[-13,1],[-28,-7]],[[76923,15209],[-21,-1],[-28,-8],[-4,-17],[-27,-16]],[[76793,15592],[87,7],[41,11],[13,-1],[3,5],[65,-3],[64,-31],[19,-33],[14,-15],[34,-17],[103,-26],[25,-3],[15,0]],[[75899,15909],[79,-24],[44,-9],[53,-2],[55,3]],[[76130,15877],[48,0],[53,-10],[38,-15],[44,-25],[35,-11]],[[76348,15816],[99,-58],[-10,-3],[26,-17],[12,-14],[-30,-7],[-8,9],[-18,-4],[1,-4],[9,-5],[-14,-5],[-24,-3],[-1,-12],[-6,-2],[-1,-4],[-13,-8],[-14,4],[-12,-17],[-13,5],[-9,11],[-19,6],[-5,-3],[-19,8],[-17,-7],[-6,2],[-15,-12],[-16,-27],[-30,-26],[-4,-12],[1,-8],[3,-1],[-5,-4],[20,-6],[-7,-4],[1,-9],[-4,-1],[-7,2],[-2,-2],[-10,3],[1,-8]],[[75875,15492],[-15,13],[-24,-1],[-88,11],[-47,2],[-20,5],[-15,14],[14,6],[-8,7],[-9,-1],[-9,7],[46,30],[82,22],[-29,36],[-10,-3],[-6,5],[-18,-14]],[[77459,15438],[-16,8],[5,4],[-9,-1],[-17,10],[3,7],[-15,4],[-2,-5],[-23,4],[1,4],[-6,0],[-4,-3],[-29,7],[-71,9]],[[76795,19138],[17,-9]],[[76812,19129],[-16,-4],[-6,-6],[4,-6],[-5,-6],[0,-17],[-18,-24],[2,-7],[-39,-6],[-9,-19],[-18,-20],[-19,8],[-15,-8],[3,-5],[-21,-5],[-40,16],[-3,-3],[-7,-13],[2,-15],[-5,-6],[16,-13],[2,-9],[15,-10],[-9,-13],[-15,-5],[-5,-6],[6,-8],[13,-3],[4,-6],[-2,-5],[-32,-4],[-2,11],[-9,6],[-35,-6],[-35,-15],[-7,-8],[7,-5],[2,-14],[10,-10],[-6,-3],[4,-2],[-3,-4],[12,-11],[0,-9]],[[76533,18831],[-12,-3]],[[76521,18828],[-14,6],[-56,-60],[-25,-19],[11,-15],[-22,-44],[-31,-32],[-26,-36],[-35,-37]],[[76323,18591],[-28,18],[-59,24],[-16,10],[-28,7],[-79,35],[-12,-8],[-36,18],[-35,24],[-73,-37],[-26,-4],[-13,-7],[-32,-24],[-19,-21],[-15,-6],[-23,-16],[-22,-25],[-26,-13],[-22,-6],[-23,4],[-12,-23],[-9,2],[-15,-8],[-18,9],[-6,9],[-40,11],[-14,1],[-14,-7],[-10,0],[-5,-4],[-24,-3],[-14,-7],[-8,0],[-28,6],[-8,-2],[-4,-4],[-14,-2],[-2,-4],[-5,2],[-5,-8],[-8,6],[-14,-8],[-3,1],[-8,-8],[5,1],[-16,-14],[-2,-10],[-3,1],[-11,-7],[-3,-10],[3,-2],[1,-10],[-4,-4],[-2,-9],[8,1],[-2,-4],[-8,2],[-14,-10],[-16,-2],[5,-7],[-15,-4],[-4,-12],[-6,8],[4,6],[-3,5],[-11,9],[0,11],[9,15],[-5,10],[-29,4],[-7,-3],[-15,-1],[-27,-9],[-25,3],[-45,1],[-42,-4],[-4,2],[-21,-4],[-9,8],[-18,-10],[-20,-7],[-14,9],[-3,7],[-23,11],[-42,-10],[-8,-20],[-16,-13],[-9,-2],[-17,-11],[-5,-10],[-66,-47],[-15,-29],[-55,1],[-2,-11],[-47,-44],[13,-12],[28,-14],[8,-8],[26,-8],[13,-10],[-3,-12],[-17,-11],[-2,-5],[-4,1],[-4,-3],[-5,2],[-4,-7],[-11,-3],[-14,-9],[-6,0],[4,-7],[-4,-6],[8,-4],[-3,-5],[9,-8],[-1,-13],[6,-3],[-3,-2],[9,-9],[-1,-5]],[[74816,18137],[-10,3],[-7,7],[-17,3],[-1,3],[-25,2],[-1,3],[-12,4],[-19,-2],[-8,6],[-3,-3],[-10,4],[-11,-1],[-2,3],[-13,-2],[-15,5],[-14,-4],[-1,6],[-5,-1],[-26,27],[-13,2],[-17,8],[-9,1],[-1,4],[-6,-1],[-4,5],[-5,-3],[-10,5],[-21,-1],[-21,-38],[-21,-18],[-19,-8],[-20,-31],[-37,2],[-7,-8],[-10,5],[-7,-3],[-25,7],[-10,10],[-13,2],[-2,-3],[-47,8],[-2,8],[-36,3],[-19,-3],[-44,-20],[-30,-5],[-21,5],[-22,-2],[-19,5],[-12,-12],[-18,2],[-21,-3],[-35,2],[3,12],[17,21],[-17,2],[-4,-6],[-21,3],[-17,-3],[-16,-3],[-5,-4],[-14,6],[-13,-2],[-20,13],[-25,-19],[-48,25]],[[73832,18170],[-29,13],[-79,25],[-15,2],[15,7],[1,12],[12,4],[9,23],[-57,6],[-44,-11],[-13,28],[-15,1],[-25,12],[31,42],[-12,17],[-10,3],[24,25],[1,10],[43,26],[12,3],[12,13],[6,-2],[7,5],[9,11],[10,0],[23,-10],[13,-1],[18,5],[7,-2],[33,19],[25,19],[28,-2],[5,16],[14,13],[5,0],[5,-5],[21,5],[31,-7],[11,-8],[27,0],[25,-7],[-1,5],[11,7],[24,8],[15,0],[39,16],[14,16],[0,11],[-11,5],[13,8],[41,12],[42,-3],[30,5],[15,-1],[4,13],[9,-1],[2,7],[11,8],[7,19],[22,20],[0,9],[15,17],[23,9]],[[74341,18670],[12,-5],[6,-6],[32,-77],[29,-4],[56,0],[19,4],[35,13],[34,17],[24,7],[146,3],[91,19],[-6,2],[-4,8],[-14,1],[-6,4],[14,13],[-6,4],[8,6],[-2,4],[9,7],[0,13],[-5,1],[0,4],[-15,4],[-6,5],[-8,-3],[-1,7],[-8,0],[-3,5],[-33,5],[-6,-4],[-10,9],[7,20],[-5,8],[6,7],[-16,17],[-5,0],[-18,14],[-4,11],[10,10],[8,-4],[0,4],[16,2],[-1,-7],[11,-2],[1,5],[5,-1],[9,3],[8,-2],[-2,-6],[24,-15],[12,-2],[4,-3],[15,2],[-3,-3],[15,1],[13,8],[6,-2],[13,6],[11,0],[-2,18],[-7,16],[-9,-1],[-12,19],[-9,7],[-24,7],[23,7],[24,16],[-3,10],[-27,4],[5,17],[-20,11],[24,16],[8,-2],[10,14],[-40,34],[20,9],[36,1],[64,9],[33,-1],[27,-6],[22,3],[5,4],[2,9],[10,1],[26,19],[20,7],[5,8],[24,5],[44,22],[49,14],[24,16],[0,6],[-13,34],[-16,15],[36,18],[31,6],[11,9],[12,5],[17,28],[12,10],[18,23],[9,4],[4,-2],[14,10]],[[76864,16520],[-25,-23],[-5,1],[-25,-42],[-41,8],[-2,7],[-41,5],[-8,-9],[-18,5],[-22,-2],[0,4],[-15,2],[-2,-7],[-8,-6],[-9,0],[2,18],[-15,1],[0,-3],[-15,0],[-14,3],[-3,-2],[-29,3],[-52,19],[4,5],[-3,4],[-23,1],[-54,-12],[-24,-13],[7,-8],[-10,-5],[-7,7],[-21,-9],[4,-3],[-22,-9],[-6,2],[-17,-4],[-15,1],[0,4],[-17,2],[-1,-2],[-19,3],[1,3],[-8,2],[-6,-8],[-12,7],[-6,-2],[-17,6],[-15,2],[-13,-7],[-29,8],[-5,-12],[-21,-16]],[[76162,16449],[-5,5],[-43,10],[-17,2],[-40,-1],[-11,2],[-28,26],[-6,17],[4,11],[-17,2],[-2,15],[-8,3],[-3,4],[-23,3],[-8,4],[-25,-5],[-3,13],[-42,-8],[-9,25],[-3,2],[-14,-3],[-33,19],[-36,37],[-6,11],[3,16],[-23,22],[-17,30],[13,3],[35,21],[13,14],[14,9],[17,-5],[23,-35],[36,11],[20,17],[16,20],[5,-1],[10,17],[-4,8],[16,3],[8,6],[7,29],[13,14],[3,22]],[[75992,16864],[26,12],[35,-18],[16,1],[36,9],[10,8],[12,4],[90,23]],[[73832,18170],[-57,-33],[24,-27],[-14,-9],[1,-7],[-28,-14],[-33,-3],[-79,-29],[-8,-16],[-88,-128],[-12,-5],[-5,0],[21,-30],[26,-26],[9,-16],[48,-39],[-20,-4],[-22,12],[0,4],[-49,16],[-7,5],[-34,1],[-31,-10],[-6,-14],[2,-4],[-8,-10],[2,-5],[-7,-7],[5,-4],[-4,-6],[3,-8],[17,-9],[0,-3],[14,-3],[6,-4],[-2,-2],[8,-3],[1,-8],[-13,-19],[16,-18],[28,-5],[17,-15],[3,-6],[-13,-8],[6,-4],[4,2],[15,-8],[-6,-5],[10,-5],[9,-3],[11,7],[16,-8],[-7,-10],[6,-3],[15,2],[5,-2],[4,-9]],[[73675,19016],[11,2],[11,-2],[-1,-5],[7,-3],[24,2],[11,7],[17,0],[3,-6],[10,-5],[10,5],[11,-2],[6,5],[10,-1],[3,-2],[23,1],[28,-5],[9,4],[12,-1],[16,-12],[7,0],[13,-12],[6,1],[10,-13],[6,2],[9,-1],[1,-7],[27,3],[11,-1],[6,-4],[11,5],[7,-2],[9,-9],[14,5],[14,-6],[7,5],[17,-10],[-3,-4],[10,1],[11,-8],[14,-3],[-3,-3],[5,-4],[13,4],[10,-1],[10,6],[7,-9],[10,0],[0,-4],[7,-1],[7,4],[7,-2],[2,-5],[13,-3],[-4,-5],[31,-6],[7,4],[1,-13],[-3,-1],[17,-8],[4,2],[17,-4],[5,-6],[20,-6],[6,-10],[14,-2],[9,-9],[8,-1],[-3,-5],[9,-4],[4,-8],[-10,-5],[5,-21],[-2,-3],[-2,-13],[11,2],[1,3],[6,-13],[-4,-6],[1,-10],[6,-2],[16,0],[9,-8],[17,-3],[7,-5],[20,-7],[-6,-6],[-1,-10],[-11,-2],[-5,-3],[5,-7],[-6,-8],[2,-3],[-7,-5],[-11,1],[-2,-2],[8,-4],[-23,-6],[-10,-11],[-15,-6],[0,-3],[9,-4]],[[76370,16198],[-18,-3],[-9,-11],[-8,0],[-13,-10],[-44,-23],[-2,8],[-4,-1],[-8,3],[-1,-2],[-26,10],[-4,-1],[-22,15],[-9,-8],[-12,3],[-28,1],[-38,-3],[-28,0]],[[76096,16176],[-8,2],[-7,11],[1,12],[8,14],[-9,26]],[[76081,16241],[5,4],[5,65],[50,6],[24,0],[2,14],[-9,7],[26,2],[35,-1],[-4,10],[63,0]],[[76278,16348],[8,0],[0,-3],[5,-1],[-4,-6],[8,-5],[39,9],[57,-38],[3,1],[28,-26],[-20,-34],[-31,-38],[4,-6],[-5,-3]],[[78350,15276],[-10,-19],[3,-8],[-17,-5],[-18,-24],[20,-23],[17,-9],[4,-5],[7,-2],[-7,-8],[10,-11],[3,-14],[8,-13]],[[78370,15135],[-4,-13],[-13,-11],[5,-17],[-3,-19],[-6,-11],[8,-10],[-12,-11]],[[78345,15043],[-7,-17],[11,-16],[16,-11],[-4,-6],[1,-17],[41,-14]],[[78403,14962],[-3,-2],[22,-16],[-4,-3],[7,-5],[0,-5],[-6,-8],[-11,-5],[1,-7],[-3,-4],[5,-3],[-5,-10],[-10,-7],[0,-8],[-9,1],[-3,-6],[-12,-1],[-9,-11],[1,-4],[7,0],[-6,-9],[5,-2],[3,-13],[-9,-4],[-4,-7]],[[78360,14823],[-58,2],[-43,-1],[-3,5],[-76,-13],[-51,-6],[-170,1]],[[77959,14811],[29,33]],[[77988,14844],[9,16],[1,13],[-2,12],[-9,0],[14,37],[12,16],[-2,15],[-6,4],[-11,2]],[[77994,14959],[43,1],[0,6],[74,9],[-2,4],[-23,-3],[-18,0],[0,15],[-47,11],[8,22],[-5,19],[17,4],[-12,7],[4,2],[-9,6],[7,7],[0,13],[7,4],[-2,7],[-14,1],[2,5],[-7,4],[24,9],[-16,24],[5,24],[-1,8],[-6,3],[6,1],[0,6],[-23,-2],[0,5],[-25,-1],[-3,19],[-30,-4],[-1,10],[-19,0],[-9,36],[-21,48],[7,57],[-10,15]],[[76725,18459],[7,-3],[6,-11],[-6,-7],[-8,0],[7,-15],[16,-2],[3,-4],[23,-10],[5,-8],[27,-10],[5,2],[4,-4],[12,-3],[15,0],[2,-6],[7,3],[1,-5],[7,0],[27,-8],[14,-2],[15,-6],[25,-5],[6,-4],[80,-2],[6,-3],[52,22],[7,0],[21,8],[72,-72],[35,-18],[212,-45],[32,-2],[10,-23],[27,-13],[23,-4],[10,-8],[1,-5],[6,0],[16,-19],[4,-15],[40,-25],[-21,-27],[7,-5],[14,-25],[18,-7],[31,5],[5,-3]],[[77653,18065],[-2,-2],[-28,-2],[14,-22],[12,-12],[20,-14],[45,-4],[10,-3],[6,-8],[-3,-5],[25,-15],[22,-19],[27,-34],[13,-6],[15,-1],[33,-19],[41,-14],[-19,-29],[-18,-11],[-8,-16],[-14,-6],[-24,11],[-26,20],[-10,1],[-34,-13]],[[77479,17662],[2,6],[42,38],[28,41],[-19,6],[11,17],[9,-2],[5,6],[11,-2],[1,4],[13,-4],[13,1],[25,6],[8,11],[37,25],[16,24],[19,-16],[4,1],[4,7],[-32,31],[6,11],[34,8],[17,-24],[17,-15]],[[76959,17763],[15,5],[14,12],[51,-24],[8,0],[11,-13],[12,4],[16,-4],[9,2],[11,-10],[21,-4],[28,4],[12,-13],[6,1],[12,-6],[5,-8],[52,2],[32,9],[53,9],[27,-2],[3,-27],[27,-27],[95,-11]],[[76735,17739],[29,4],[49,-5],[32,-15],[33,19],[32,6],[37,14],[12,1]],[[76242,18125],[14,-17],[19,-14],[34,15],[16,12],[19,5],[34,2],[18,-16],[21,6],[39,-58],[15,-13],[-48,-38],[-36,-36],[33,-8],[12,2],[5,8],[22,-13],[45,-40],[12,-29],[23,-29],[12,-28],[16,-19],[43,-41],[4,2],[27,-10],[2,-12],[15,-13],[6,1],[13,-4],[10,1],[13,6],[35,-8]],[[76242,18125],[-28,37],[2,4],[-21,24],[-47,3],[-22,25],[-32,-13],[-30,25],[18,15],[146,41],[105,51],[-5,1],[1,11],[-19,14],[-7,8],[2,4],[10,-1],[0,5],[16,-4],[12,10],[6,-4],[10,3],[1,7],[-11,6],[1,6],[-4,4],[9,10],[25,-1],[17,6],[4,-2],[8,3],[-2,3],[22,10],[4,5],[14,0],[-4,14],[-9,10],[4,3],[-14,25],[4,7],[-10,10]],[[76418,18510],[15,2],[10,-2],[67,1],[41,11],[26,-1],[19,2],[5,2]],[[76601,18525],[6,-5],[-2,-4],[5,-6],[10,-2],[23,-19],[8,-1],[7,-10],[9,0],[5,-4],[5,2],[23,-8],[4,4],[21,-13]],[[77144,16260],[18,23],[16,73],[74,-4],[29,3],[12,4],[-39,3],[-31,7],[15,21],[1,17],[28,2],[-2,15],[-13,-1],[0,-4],[-6,0],[-1,9],[11,4],[12,-6],[6,4],[5,-2],[9,5],[-5,2],[8,12]],[[76580,15852],[-5,3]],[[76575,15855],[-8,10],[24,41],[-19,8],[-14,34],[-13,20],[-22,0],[-69,-28],[-6,8],[-6,60],[9,21],[1,18],[-33,81],[-28,33],[-21,37]],[[76278,16348],[12,21],[-96,45],[7,9],[-32,16],[-7,10]],[[76081,16241],[-30,-9],[-27,-21],[-4,1],[-1,8],[-36,7],[-18,-17],[-20,1],[-34,-18],[-23,15],[-32,-1]],[[75436,16370],[15,10],[30,40],[-2,12],[-27,43],[6,7],[-17,11],[5,4],[16,3],[-7,17],[40,14],[37,19],[-3,22],[3,1],[1,9],[7,10],[10,4],[11,-2],[13,6],[14,1],[-38,43],[-24,11],[-29,21],[-28,35],[-76,33],[-25,17],[-11,13],[1,3],[14,0],[-4,7],[-6,4],[-14,1],[15,24],[-16,7],[-9,11],[5,3],[-2,12],[-23,14],[-48,11],[-5,5],[-5,15],[-13,5]],[[75247,16896],[29,7],[-2,16],[10,-2],[1,16],[20,-5],[48,1],[27,-8],[-18,-13],[9,-1],[28,-10],[33,-8],[9,0],[14,-8],[13,-14],[56,4],[39,19],[9,7],[-22,9],[20,16],[-1,3],[20,-10],[7,15],[-10,32],[-5,7],[-57,10],[-42,13],[-29,0],[-37,6],[-41,-9],[-19,0],[-14,3],[-16,14],[-32,9],[-16,16],[-46,11],[14,8],[2,4],[-23,14],[-11,14],[-16,8],[3,4],[-18,10],[-10,10],[-36,16],[-36,21],[-53,21],[-42,23],[-51,13],[-3,-2],[-49,20],[-49,10],[-12,7]],[[74842,17243],[-31,34],[-16,6],[4,3],[-16,15],[18,5],[10,0],[6,-3],[1,4],[19,1],[6,10],[16,1],[15,5],[60,-12],[40,-2],[25,-1],[35,8],[12,1],[1,11],[-27,25],[-14,19],[-1,25],[19,3],[9,-2],[4,3],[12,-4],[2,3],[21,3],[-2,6],[18,0],[0,3],[33,8],[4,4],[31,-10],[20,13],[17,-4],[2,4],[21,-1],[37,-6],[12,-4],[-5,6],[38,16]],[[75298,17439],[28,-21],[25,14],[21,-15],[25,13],[59,-42],[-10,-6],[49,-38],[17,2],[5,-3],[7,-19],[10,1],[10,8],[37,11],[-25,26],[7,0],[15,-5],[37,9],[17,9],[25,-19],[23,-20],[2,-4],[-8,-3],[29,-21],[-8,-5],[-2,-5],[6,-13],[12,-10],[-3,-2],[6,-8],[-6,-9],[4,-8],[18,-14],[16,-7],[10,-14],[-23,-8],[10,-33],[-24,-8],[3,-27],[5,-5],[9,-1],[82,-60],[12,-19],[11,-10],[1,-14],[24,-28],[9,-24],[33,-50],[15,-13],[14,-5],[0,-20],[19,3],[9,-4],[22,-15],[5,-16]],[[75395,16312],[-23,8],[-40,-13],[-29,-33],[-18,-5],[-3,2],[-43,-1],[-25,25],[-30,-19],[-1,-11],[-6,-5],[-21,1],[-47,14],[-28,16],[-33,-25],[-18,-18],[8,-6],[-4,-9],[-12,7],[-17,-9],[-27,10],[-38,6],[-18,-8],[-6,5],[-12,21],[-16,7],[-22,2],[-42,-7],[-15,10],[-15,21],[-1,14],[-4,5],[-77,39],[-10,-5],[-5,-15],[1,-9],[-15,-10],[-1,2],[-11,-1],[2,-5],[-6,-1],[10,-7],[29,-4],[-8,-13],[7,0],[7,-21],[9,-4],[-4,-7],[-13,1],[-21,-25],[-2,-12],[15,-6],[-54,-19],[2,-8],[-4,-9],[-26,6],[-7,-28],[-29,2],[-19,5],[-11,6],[-8,-2],[27,-31],[28,-25],[-3,-2]],[[74384,16981],[-4,11],[78,31],[3,2],[-9,2],[8,10],[44,19],[8,1],[90,-42],[27,-7],[17,-2],[19,-7],[17,-17],[-3,-1],[16,-20],[11,2],[19,-18],[4,0],[22,-25],[21,-14],[-3,-2],[17,-17],[10,3],[16,-12],[16,7],[42,-39],[12,-16],[14,4],[3,-4],[17,3],[11,-10],[5,2],[7,-6],[15,6],[8,-12],[60,-44],[35,11],[-1,3],[65,16],[43,14],[24,2],[2,17],[10,13],[-36,22],[38,11],[45,18]],[[75938,16040],[70,-17]],[[76008,16023],[80,-17],[52,-14],[6,3],[-6,4],[1,4],[5,-1],[12,11],[1,19],[4,-2],[8,1],[-6,4],[3,4],[-11,18],[-17,18],[26,8],[-8,18]],[[76158,16101],[11,-2],[9,4],[6,9],[6,-2],[8,-9],[12,0],[19,-7],[3,2],[18,-1],[15,-9],[12,-1],[6,2],[6,-8],[-9,-10],[51,-13],[-12,-22],[0,-21],[-14,-1],[-1,-11],[6,-11],[-3,-13],[-18,-14],[-52,-15],[-47,24],[-4,-6],[-18,-6],[1,-2],[-11,2],[-1,-2],[-23,-2],[3,-5],[-5,-2],[4,-4],[-13,-6],[7,-9],[46,-18],[-8,-12],[-29,-15],[-9,-8]],[[77994,14959],[-7,4],[-123,-5],[-7,-6]],[[77857,14952],[-1,5],[-92,-3],[-37,1],[-97,11],[-25,7]],[[77605,14973],[19,30],[-22,29]],[[77602,15032],[38,27],[-3,5],[-21,2],[-34,17],[-7,9],[-6,28],[-20,11],[-6,6],[22,4],[28,0],[18,5],[4,3],[4,22],[-19,0],[-34,8],[-31,0],[-23,-31],[-8,-21],[-16,-22],[-1,-24],[-72,1],[-13,-5]],[[77402,15077],[0,13],[-50,1]],[[77352,15091],[3,14],[-17,1],[2,19],[-57,8],[-36,10],[-4,20],[-20,-1],[-20,-5]],[[77203,15157],[-12,14],[-15,-2],[-4,9],[-5,0],[-3,4],[-18,-3],[-3,8],[-11,-2],[-3,6]],[[77129,15191],[-13,2],[6,13],[-7,9],[-39,-1],[-10,2]],[[74816,18137],[6,-2],[2,2],[4,-5],[9,1],[5,-3],[-3,-3],[4,-2],[-5,-2],[15,-6],[-3,-8],[8,-2],[0,-6],[6,-6],[-4,-3],[6,0],[-4,-4],[8,0],[-6,-4],[4,-3],[4,4],[-6,-13],[47,-34],[20,2],[5,3],[12,1],[-2,4],[9,9],[7,-2],[11,6],[6,1],[-2,3],[7,2],[2,-4],[2,6],[7,0],[0,5],[5,1],[6,10],[-5,9],[10,7],[-4,3],[9,1],[33,-12],[17,-3],[18,-16],[-5,-11],[14,-9],[-4,-6],[12,-6],[-10,-25],[13,-33],[6,-6],[-8,-5],[2,-12],[-8,-3],[19,-16],[-24,-15],[13,-13],[3,-5],[-4,-3],[18,-16]],[[75205,17530],[19,-12],[-28,-28],[19,-10],[48,-17],[35,-24]],[[74842,17243],[-47,-21],[-17,-12],[-1,-7],[-6,0],[-16,-23],[-15,-8],[-6,2]],[[76096,16176],[26,-6],[49,-1],[-28,-29],[-12,-6]],[[76131,16134],[0,3],[-19,4],[3,10],[-10,1],[-5,-9],[-14,-1],[-55,13],[-17,-20],[-1,-9],[-5,-1],[9,-11],[-8,0],[1,-5],[-7,-2],[-6,-13],[-18,2],[-12,-15],[4,-1],[-2,-4],[11,-15],[10,1],[11,-6],[6,-8],[2,-9],[-8,2],[-3,-3],[10,-15]],[[76348,15816],[76,-6],[-3,4],[17,14],[11,26],[18,-4],[23,-1],[-1,-2],[30,-6],[4,8],[38,1],[14,5]],[[76131,16134],[-4,-9],[11,-1],[-1,-6],[-13,1],[-6,-14],[3,-1],[11,7],[6,1],[20,-11]],[[76323,18591],[56,-45],[5,-21],[13,-10],[21,-5]],[[75904,17982],[42,5],[48,-2],[17,16],[17,31],[9,4],[7,9],[38,12],[19,-5],[16,0],[10,2],[5,11],[-5,27],[21,18],[44,12],[11,2],[4,-3],[35,4]],[[74365,19611],[14,10],[7,12],[35,12],[5,13],[13,10],[10,-2],[15,9],[17,3],[22,10],[15,17],[9,-1],[17,-11],[41,-18],[23,3],[5,4],[26,8],[6,7],[-4,3],[10,14],[1,9],[21,13],[8,1],[-2,4],[12,7],[-10,10],[10,22],[8,4]],[[72416,7282],[-76,28],[-7,0],[-40,15],[-63,15],[-21,-9],[-20,-1],[-39,8],[-38,13],[-25,-1]],[[72087,7350],[5,4],[-1,14],[6,6],[28,12],[5,5],[9,-8],[-9,-8],[13,-2],[10,5],[1,7],[13,-6],[8,1],[7,9],[-3,9],[8,3],[19,5],[2,-4],[12,-4],[8,3],[2,8],[-6,10],[3,7],[5,1],[10,-7],[6,0],[1,9],[102,55],[70,56],[1,0]],[[72422,7540],[1,-4],[56,-10],[17,-6],[8,-8],[13,-4],[19,6],[28,18],[5,6],[-16,10],[11,9],[107,-12],[32,-16],[17,-6],[64,-37],[10,-18],[-2,-18],[-3,-4],[-32,-20],[-35,-6],[-79,-31],[-9,-14],[-13,-11],[-41,-12],[-33,-15],[-17,-15],[-5,-11],[6,-6],[16,-4],[2,-3],[-9,-4],[-9,-8],[-10,-2],[1,-5],[-6,-2],[-44,0],[-56,5]],[[71788,7902],[0,-10],[-4,-3],[-8,-33]],[[71776,7856],[-11,1],[-62,-10],[10,-14],[-3,-13],[-11,-14],[-1,-14]],[[71698,7792],[15,-23],[-46,-3]],[[71667,7766],[-2,13],[-12,1],[-4,6],[-37,2],[-5,-2],[0,-6],[-23,0],[-6,3],[4,3],[-14,8],[5,12],[-25,5],[-53,-4],[-1,6],[-19,0],[-6,-7],[-8,-23],[-35,7],[0,5],[-5,2],[-33,2],[-17,-5],[-14,-10],[-40,-13]],[[71317,7771],[-11,11],[-4,17],[-10,10],[5,10]],[[71297,7819],[3,0],[5,5],[-1,15],[5,8],[12,3],[23,17],[0,-3],[11,-4],[-2,8],[14,8],[8,11],[0,21],[3,-3],[5,2],[-9,7],[6,-2],[9,-8],[32,1],[11,3],[5,6],[21,-1],[43,-3],[21,-6],[48,-3],[44,-8],[58,7],[26,-4],[11,4],[11,-1],[24,7],[44,-4]],[[72052,7658],[55,-14],[18,-3],[4,3],[16,-2],[29,3],[35,12],[24,-15],[36,-7],[19,-9],[25,0],[61,4],[19,-2],[4,18],[8,8],[45,-8],[1,4],[22,-3],[15,14]],[[72488,7661],[9,-7],[22,0],[3,-3],[-1,-30],[-10,-13],[11,-44],[17,-21],[-22,4],[-6,-1],[-5,6],[-11,2],[-4,4],[2,5],[-13,7],[-15,-8],[13,9],[-4,6],[12,5],[-5,10],[-6,2],[-1,-5],[-10,-7],[-20,-12],[-12,-16],[-2,-6],[10,-2],[-9,-1],[3,-3],[-12,-2]],[[72087,7350],[2,-4],[16,-4],[-4,-12],[-15,-12],[7,-5],[-5,-7],[-12,-2],[-7,1],[-7,7],[-16,-4],[-9,-11],[0,-4],[-6,-4],[2,-6],[-8,-8],[-5,0],[-5,8]],[[72015,7283],[2,15],[-5,1],[-37,-10],[-25,-2],[-5,2],[-4,-2],[2,-4],[-11,-5],[-18,1],[-7,7],[-10,2],[-47,-18],[-31,2],[-9,-8],[-25,10],[-13,-2]],[[71772,7272],[-20,11],[15,8],[15,1],[-5,4],[6,4],[-3,10],[-6,6],[-9,1],[-1,4],[13,4],[24,22],[5,15],[-20,5],[18,38],[-28,9],[-34,17],[-14,1],[1,7],[-10,4],[7,15],[11,8],[26,9],[11,9],[8,2],[4,-2],[14,6],[4,11],[-6,20],[22,10],[3,5],[17,10],[35,14],[11,0],[10,7],[6,13],[6,3],[-3,5],[4,4],[-8,13],[-6,1],[9,10],[-6,6],[-7,-1],[-2,5],[7,15],[12,6]],[[71908,7647],[16,4],[1,5],[21,10],[17,-1],[6,2],[10,8],[-2,6],[5,0]],[[71982,7681],[42,-5],[5,-3],[1,-7],[12,-1],[10,-7]],[[69366,7650],[0,0]],[[70277,7853],[-22,-7],[-12,-7],[-3,-15],[-27,4],[-35,1],[-31,11],[-19,-10],[-1,-6]],[[70127,7824],[-32,-19],[-8,-8],[-40,-2],[0,-11],[-17,-4],[-18,4],[-18,-2],[-3,-17],[15,0],[8,-5],[6,-16],[-11,-30],[5,-1],[10,6],[21,1],[26,-39],[-1,-2],[-33,0],[-12,-6],[4,-6],[-7,-5],[-4,-32],[-5,-7],[14,-41],[-55,-8],[-23,-12],[-5,-16],[5,-29],[-5,-38],[1,-12],[14,1],[-4,-5],[1,-9],[-8,-2],[-5,-9],[0,-17],[-19,-4],[-9,-8],[-6,-14],[-6,-1],[-18,6],[-7,-7],[-4,-8],[4,-11],[-3,-16],[-39,-67],[10,-8]],[[69846,7288],[-6,-8],[6,-9],[-9,-16],[7,-25],[-15,-11],[5,-47],[30,2],[6,-25],[10,-14],[3,-14],[-5,1],[-4,-9],[0,-36],[27,-4],[-4,-12],[15,0],[0,-28],[-7,-18],[-7,-6],[3,-50],[14,-21],[7,-26],[2,-26],[24,-14],[-17,-32],[16,-8],[3,-10],[-8,-9]],[[69942,6813],[-42,26],[-37,18],[-75,44],[-75,36],[-66,16],[-92,40],[-30,10],[-83,13],[-66,14],[-69,22],[-95,18],[-43,11],[-53,27],[-50,40],[-33,11],[-25,4]],[[69008,7163],[11,11],[-8,11],[-9,3],[21,19],[-2,8],[5,3],[4,14],[-4,30],[14,45]],[[69040,7307],[48,-7],[10,-11],[100,-6],[13,-13],[2,10],[-5,12],[7,14],[-17,8],[-11,16],[58,5],[7,19],[10,13],[18,11],[37,17],[10,9],[7,16],[11,32],[-3,37],[5,43],[16,27],[-13,3],[4,17],[-4,26],[16,2],[-6,15],[-16,18]],[[69344,7640],[3,3],[5,-2],[17,2],[1,7],[-4,5],[18,13],[-3,11],[43,23],[2,-1],[25,4],[6,-11],[-3,9],[3,1],[4,-7],[-2,11],[22,21],[4,6],[1,-8],[6,9],[-5,-18],[-3,11],[-1,-11],[14,-2],[-12,-12],[-2,-12],[6,-31],[8,-9],[-1,-5],[5,-1],[-5,-9],[7,-3],[-5,5],[6,7],[-8,24],[1,18],[7,8],[-8,1],[2,3],[12,-4],[-3,-2],[4,-4],[8,0],[3,-4],[12,0],[4,2],[16,-6],[-5,4],[-5,0],[-5,5],[-11,-3],[-9,6],[-4,-1],[1,6],[-7,1],[-6,23],[4,4],[11,1],[0,-3],[11,-6],[7,0],[22,-8],[8,1],[-2,-2],[15,-4],[20,-14],[0,6],[7,-1],[-9,4],[-9,8],[-25,10],[-9,8],[-22,6],[-5,14],[8,4],[-4,7],[14,6],[-2,5],[10,-13],[-7,1],[-17,-9],[0,-2],[16,9],[12,-4],[17,0],[-16,2],[5,2],[-3,4],[8,2],[2,-4],[16,0],[11,-2],[20,1],[9,-3],[-4,-7],[10,3],[-2,3],[21,-1],[-5,4],[0,15],[8,-22],[-2,7],[18,-5],[17,-3],[-6,-7],[12,6],[3,0],[7,-8],[3,7],[15,-3],[10,0],[1,-2],[8,3],[-3,-5],[7,5],[-1,-6],[21,-2],[7,1],[12,6],[4,-2],[1,4],[30,0],[4,-2],[0,-8],[13,-7],[0,-23],[4,-6],[-3,19],[3,-5],[0,5],[14,-2],[-5,3],[-12,0],[4,2],[-4,8],[-6,5],[12,1],[-18,1],[1,4],[4,-2],[-9,17],[13,6],[8,-2],[13,6],[30,3],[-11,3],[-19,-3],[-10,-5],[-9,3],[-8,-1],[-17,-13],[-78,-4],[8,2],[-11,2],[0,-4],[-7,3],[7,2],[-9,0],[-1,-4],[-3,7],[-25,2],[-7,6],[5,6],[-3,0],[17,5],[6,-2],[11,4],[0,7],[-5,-2],[4,13],[25,4],[5,4],[-9,-3],[-9,7],[-10,0],[-2,3],[-38,-2],[-13,4],[-3,-2],[-36,6],[-8,3],[-2,6],[4,0],[2,-5],[2,7],[4,0],[2,-5],[14,1],[-6,-6],[11,7],[-4,2],[5,5],[5,-6],[5,4],[-9,-1],[10,10],[-13,-2],[-14,3],[-18,-1],[-10,7],[-11,-2],[-5,-7],[-11,3],[15,11],[49,8],[54,16],[23,11],[73,8],[12,4],[13,10],[90,18],[42,10],[15,6],[47,2],[55,9],[19,15],[14,3],[12,8],[13,13],[12,30]],[[70140,8020],[16,-6],[26,-17],[16,-3],[7,-19],[-5,-1],[1,-7],[19,-1],[0,-8],[-9,-9],[7,-11],[-10,-2],[5,-16]],[[70213,7920],[2,-12],[21,-16],[12,3],[2,-4],[-8,-21],[8,6],[18,-1],[9,-22]],[[70388,7608],[-12,-7],[10,-8],[0,-6],[5,0],[1,-4],[-5,0],[2,-12],[-6,-1],[0,-6],[19,-3],[-12,-2],[-3,-6],[29,-15],[-1,-3],[15,0],[2,-4],[20,3],[1,-5],[11,0],[26,-5],[11,6],[-4,3],[10,3],[9,14],[21,6]],[[70537,7556],[5,-5],[11,5]],[[70553,7556],[-49,-44],[-5,-35],[2,-12],[-27,-10],[-3,-15],[41,-42],[25,-16],[6,-13],[42,-2],[8,18],[51,-10],[-1,-7],[8,-9],[-5,-7]],[[70646,7352],[-2,-5],[-5,0],[-23,5],[-11,6],[17,-24],[-5,-1],[9,-5],[-15,-1],[-12,-5],[-23,7],[-11,10],[-10,0],[-19,11],[-19,-1],[-15,4],[-15,-5],[2,-3],[-26,-7],[-1,22],[-7,-9],[-8,-1],[0,4],[-16,2],[-2,-3],[6,-2],[-23,-19],[-55,26],[-22,-8],[-21,-16],[-62,12],[-3,-46],[6,-14],[8,-11],[39,-20],[9,-8],[-1,-23],[-19,-29],[-5,-68],[-4,-2],[-8,0],[-24,5]],[[70250,7130],[-42,22],[-53,47],[-4,7],[0,24],[-36,-25],[-24,10],[17,15],[-9,3],[-1,16],[-14,-8],[1,15],[20,5],[-10,16],[-55,4],[-41,-1],[-60,-4],[-2,-5],[-11,8],[-5,-2],[-22,3],[-37,-1],[-16,9]],[[70127,7824],[12,-21],[4,-23],[23,-10],[17,-13],[-9,-4],[32,-61],[20,-63],[141,18],[5,-8],[5,0],[2,-4],[-5,-1],[14,-26]],[[71090,7481],[-2,-7],[4,-7],[51,-20],[24,-6],[82,-12],[35,-3],[38,3],[53,8],[-3,-13],[3,-4],[-3,-41],[3,-36],[5,-3],[18,-6],[23,-24],[-18,-1],[-40,-8],[-44,4],[-5,-4],[0,-28],[20,-43],[40,-42],[-60,-31],[-10,-12],[-1,-6],[22,-10],[20,-15],[6,-14],[-1,-21],[-11,-18],[-5,0],[-2,-24],[-6,-9],[-2,-13],[-6,-3],[0,-13],[-9,-18]],[[71309,6981],[-10,-13],[1,-7],[-9,-14],[-4,0],[-10,-15],[-8,5],[-15,-1],[-16,-1],[-17,-6],[-38,-22],[-26,-21],[2,-11],[-4,2],[-8,-2],[2,-10],[-7,-21],[57,6],[3,5],[19,-4],[8,-3],[5,-25],[-56,-3],[13,-13],[12,-21],[-1,-8],[-34,-25],[4,-21],[-14,-2]],[[71158,6730],[-3,-1]],[[71155,6729],[-3,16],[-13,-8],[-25,-5],[-26,-2],[0,2],[-26,-4],[-2,4],[-88,-11],[-5,13],[-10,-4],[-12,-11],[-11,-3],[-6,9],[-17,62],[2,16],[-24,2],[-55,-6],[10,18],[-11,1],[-2,17],[-10,-2],[-45,0],[-5,-3],[-15,0],[-7,-16],[5,-13],[-20,-4],[-14,-12],[-20,-8],[-23,-2],[-10,6],[-41,-27],[-3,-10],[-30,-2],[-4,-3],[-15,3],[11,12],[-1,9],[-16,3],[-10,9],[-5,11],[-18,8],[-3,16],[13,20],[20,6],[-2,20],[15,31],[21,19],[22,13],[20,23],[5,10],[-4,6],[-11,9],[-17,6],[-29,-11],[-9,-12],[-32,-18],[-15,-16],[-28,-16],[-8,3],[23,15],[6,16],[4,2],[-25,11],[-19,5],[10,25],[15,1],[4,16],[0,10],[-19,30],[-25,-5],[-19,19],[-23,-3],[4,9],[-5,1],[-4,-6],[-8,-3],[-25,20],[-22,-8],[-29,-1],[-5,1],[-3,8],[-23,-3],[-41,11],[-18,-2],[-1,18],[-7,0],[12,40]],[[70646,7352],[42,-4],[10,2],[10,15],[-3,5],[20,-1],[-1,5],[-19,12],[-4,7],[-11,6],[-9,16],[4,3],[-12,4],[7,5],[-7,4],[7,10],[-6,11],[2,9],[22,-1],[5,33],[5,1]],[[70708,7494],[30,5],[3,9],[14,-1],[8,-6],[40,-8],[37,-13],[28,-7],[8,6],[1,10],[7,0],[7,7],[7,12],[-1,6],[19,10],[3,5],[-4,8],[11,17]],[[70926,7554],[138,-48],[13,-7],[13,-18]],[[71155,6729],[-14,-10],[-64,-14],[2,-3],[-24,-10],[14,-8],[-22,-12],[-8,-9],[20,-10],[8,2],[7,-17],[27,-1],[-7,-22],[15,-25],[-1,-10],[-62,-20],[-34,-5],[-5,0],[-6,6],[-7,0],[-75,-18],[-47,-5],[6,-19],[1,-19]],[[70879,6500],[-23,2],[-27,-6],[-34,-4],[-28,-15],[-53,5],[-14,-5],[-3,-4],[-35,-10],[-33,-5],[-38,1],[-33,5],[-15,5],[-6,9],[-32,3],[-6,11],[1,17],[-97,86],[-57,26],[-143,81],[-130,58],[-25,7],[-61,10],[-17,10],[-19,20],[-9,6]],[[70640,8055],[-14,-1],[-37,2],[-2,9],[-38,-6],[-6,24],[3,4],[9,1],[2,6],[-38,-3],[-9,6],[20,9],[-8,5]],[[70522,8111],[3,2],[14,-9],[25,1],[5,6],[53,26],[-3,3],[5,2]],[[70624,8142],[7,-1],[5,2],[3,-4],[12,-7],[5,-8],[-6,-17],[-10,-12],[0,-4],[-5,-6],[9,-29],[-4,-1]],[[70522,8111],[-11,4]],[[70511,8115],[7,7],[-3,7],[20,15],[-6,5],[4,4],[-9,15],[11,3],[0,2],[-9,0],[-4,12],[-26,1],[-20,-3],[-3,4],[5,1],[-7,6],[1,7],[-15,0],[-3,7]],[[70454,8208],[49,-1],[63,-5],[16,3],[-6,-5],[7,-3],[12,-7],[6,-5],[5,-13],[5,0],[-2,-5],[6,-2],[-5,-3],[7,0],[6,-10],[-7,-4],[8,-6]],[[70640,8055],[8,-10],[7,-19],[-5,-11],[9,1],[4,-3],[13,-19],[0,-6],[-16,-3],[18,0],[6,-11],[-4,-4],[2,-14],[-7,-4],[1,-6],[11,-8],[-3,-5],[6,2],[11,-7],[10,-15],[-12,-7]],[[70699,7906],[-18,-1],[-19,2],[-25,-14],[-20,-4],[0,-2],[-23,-3],[0,6],[-16,-2],[-3,2],[-56,-7],[5,-27],[-80,-8],[-8,23],[-26,-2],[-7,-11],[-14,-1],[-14,4],[-1,-7],[-9,-5],[-6,-11],[-51,19],[-31,-4]],[[70213,7920],[14,2],[10,9],[13,5],[0,6],[33,3],[32,11],[36,5],[0,9],[-10,5],[21,0],[4,-6],[20,6],[-9,9],[-5,15],[15,-3],[28,1],[16,-2],[18,12],[5,-3],[10,19],[-4,37],[-20,36],[42,9],[29,10]],[[70140,8020],[9,18],[-1,17],[25,19],[19,6],[27,18],[28,2],[11,8],[3,-6],[5,6],[46,14],[33,26],[7,16],[10,10],[26,16],[61,18],[5,0]],[[70998,8096],[-7,-3],[-19,16],[-21,0],[-38,14],[-59,-15],[-30,-1],[-35,-22],[8,-13],[-16,0],[-5,5],[-28,5],[-1,-10],[-16,1],[-2,6],[-34,3],[-12,7],[-10,1]],[[70673,8090],[1,7],[-6,2],[0,16],[6,3],[-4,2],[5,4],[-2,6],[3,10],[-4,6],[12,5],[3,11],[7,6],[105,30],[33,-2],[24,-5],[42,-19],[23,-14],[33,-12],[14,-12],[6,-6],[6,-11],[18,-21]],[[70680,7605],[-9,5]],[[70680,7605],[0,0]],[[71103,8041],[37,-27],[16,-24],[14,-8],[-4,-2],[-12,5],[2,-7],[-11,2],[-3,-5]],[[71142,7975],[-1,0]],[[71141,7975],[-5,-3],[2,-9],[-3,-12],[-5,-3]],[[71130,7948],[-10,0],[-14,-9],[-6,-9],[2,-3],[-12,-4],[3,-2],[-2,-5],[-34,-13],[1,-13],[-36,-38],[-1,-8],[7,-11],[-5,-14],[-4,0],[4,-9],[-6,-5],[-4,1],[-1,-6],[-14,-6],[7,-4],[-6,-3],[0,-3],[-7,0],[-1,-8],[5,-2],[-6,-7],[8,-4],[-9,-9],[6,-6],[-5,-5],[0,-9],[-6,-3],[6,-11],[22,-11],[7,1],[6,-10],[67,42]],[[71092,7742],[19,-72],[41,-105],[-4,-32],[-37,-27],[-21,-25]],[[70926,7554],[-61,41],[-43,5],[-27,8],[-57,10],[-34,-4],[-14,-4],[-5,-5]],[[70685,7605],[-4,0]],[[70681,7605],[-4,5],[-8,2]],[[70669,7612],[-5,3]],[[70664,7615],[11,12],[-7,17]],[[70668,7644],[-2,6]],[[70666,7650],[2,7],[18,15],[16,42],[5,6],[5,1],[-2,7],[8,0],[2,3],[-2,11],[8,11],[2,12],[7,2],[0,9],[16,28],[13,8],[8,11],[-10,4],[13,-3],[13,9],[13,49],[-34,15],[-14,26],[16,4],[-17,4],[-20,10],[3,6],[-9,1],[-6,12],[-6,4],[0,7]],[[70714,7971],[81,21],[20,7],[-3,3],[18,6],[16,-13],[54,27],[-3,4],[31,6],[27,-4],[34,3],[57,13],[20,2],[29,-5],[8,0]],[[68584,7439],[-10,4],[5,12]],[[68579,7455],[5,-3],[-7,-8],[7,-5]],[[68579,7456],[2,4],[-11,0],[0,5],[-9,0],[-1,6],[4,1],[-5,5],[1,12],[-20,-4],[-2,4],[-5,-4],[-30,-2],[-2,-2],[5,-10],[-14,-3],[-1,4],[-31,-5],[1,-20],[-24,-2],[-24,-6],[-7,7],[-5,21]],[[68401,7467],[3,19],[-28,0],[1,18],[20,2],[14,-2],[-5,10],[3,1],[-11,17],[0,17],[22,1],[9,7],[-35,19],[3,3],[-14,22],[-22,16]],[[68361,7617],[13,10],[30,8],[45,25],[64,-1],[73,-12],[12,2],[5,2],[6,-7],[-5,-4],[-7,6],[-29,2],[9,-4],[-1,-2],[20,-5],[6,-1],[10,5],[6,-6],[-16,-2],[0,-13],[11,-8],[1,-4],[5,1],[-1,3],[10,6],[-1,-6],[6,-1],[-3,4],[3,8],[4,-10],[-5,-3],[1,-6],[4,7],[4,-18],[-11,1],[0,-6],[5,5],[5,-7],[-10,0],[-3,-5],[1,-13],[6,6],[-4,4],[2,4],[12,3],[-6,5],[9,-1],[16,-12],[-12,-7],[-4,1],[-2,7],[-2,-3],[6,-7],[-7,-7],[-9,2],[7,-4],[-11,-6],[-23,-10],[-7,-8],[5,-8],[-12,-2],[15,1],[7,-6],[-13,-1],[-4,-3],[-2,7],[-3,-1],[4,-8],[9,4],[9,1],[-1,-8],[-7,2],[-1,-4],[7,1],[3,-6],[8,-4],[1,-6],[-6,-3],[-2,7],[-6,-2],[11,-9],[-3,4],[7,-1],[2,-11],[3,-5],[-5,-3],[-8,3],[7,-5],[-8,-4],[-25,-1],[0,-4],[-6,-6],[-6,2]],[[69366,7650],[1,-4],[-21,0],[-20,-7],[-4,1],[-27,-2],[-12,-6],[-22,-15],[22,14],[15,6],[17,1],[13,-1],[6,2],[-1,-4],[7,3],[-4,2],[8,0]],[[69040,7307],[-151,15],[2,19],[-7,38],[-21,18],[-6,12],[-45,17],[-13,10],[-5,11],[-69,4],[6,15],[23,24],[43,32],[-1,4],[-15,9],[-3,6],[-10,0],[1,11],[-19,9],[0,8],[-13,0],[-7,-5],[-8,0],[-37,15],[-3,0]],[[68682,7579],[-3,0]],[[68679,7579],[-1,0]],[[68678,7579],[-11,5],[10,6],[3,-2],[-3,8],[-11,3],[0,-7],[5,7],[5,-8],[-4,-3],[-8,-1],[4,3],[-5,2],[-3,-4],[-5,6],[-7,10],[23,7],[1,-5],[-7,1],[-5,-3],[3,-4],[4,4],[14,6],[3,-4],[-7,-1],[8,-4],[7,0],[2,3],[-2,16],[-15,6],[-18,-3],[-4,-6],[7,0],[4,4],[1,-5],[-15,-5],[-5,20],[-9,6],[-7,1],[-4,4],[23,5],[10,10],[127,-1],[74,17],[18,0],[9,3],[16,0],[23,8],[14,-3],[13,1],[94,43],[30,19],[37,10],[23,9],[11,7],[31,5],[50,26],[61,12],[37,11],[14,8],[33,7],[134,-22],[4,-5],[-4,-3],[-3,7],[-13,3],[-7,0],[-17,4],[19,-10],[9,-2],[3,1],[6,-6],[-2,-1],[-21,6],[-2,4],[-15,3],[-50,4],[20,-12],[13,-1],[4,-3],[31,-4],[13,-14],[-33,-9],[-17,0],[-1,-12],[23,6],[18,-1],[10,1],[-3,-4],[3,-4],[-10,-10],[-14,-6],[3,-1],[-7,-4],[-1,-10],[-9,0],[12,-3],[-10,0],[4,-3],[-11,-6],[1,-7],[-14,-4],[-2,-3],[-14,2],[-1,2],[-18,-4],[-6,-8],[-20,-7],[-9,2],[-25,-3],[19,0],[4,-2],[9,0],[-10,-11],[-21,-5],[25,3],[1,-5],[-14,-17],[7,-5]],[[68679,7579],[0,0]],[[69008,7163],[-8,0],[-31,31],[-85,60],[-57,32],[-24,9],[-81,13],[-22,0],[-22,1],[-11,-1],[-61,-1],[-16,5],[-16,9],[-19,2],[-18,-6],[-6,-4],[1,-5],[-11,-2],[-23,2],[-2,-3],[-61,-1],[-35,-3],[-14,-5],[-36,-2]],[[68350,7294],[-4,58],[21,5],[10,15],[12,4],[1,5],[-3,9],[-11,8],[-24,-1],[-3,10],[25,30],[7,30],[20,0]],[[68579,7456],[0,-1]],[[68584,7439],[9,3],[19,18],[26,11],[-5,14],[2,12],[-3,8],[-11,5],[4,8],[-11,10],[13,3],[-1,4],[-7,-4],[-7,-1],[-5,7],[24,11],[2,-2],[19,-7],[-3,5],[-15,3],[5,4],[9,-3],[16,-3],[3,3],[-9,-2],[-9,2],[-7,4],[12,10],[7,-10],[1,4],[12,1],[2,4],[-15,-4],[-5,4],[10,7],[17,0],[-2,9],[-3,-1],[2,-5],[-8,0],[3,7],[7,1]],[[71928,7782],[-3,-22],[4,-18],[40,-35],[13,-26]],[[71908,7647],[-6,10],[-27,3],[3,10],[-5,13],[1,13],[-35,-10],[-49,2],[-9,12],[-29,-3],[9,9],[1,9],[-32,3],[4,8],[-7,0],[3,17],[-31,4],[11,11],[-36,0],[-7,8]],[[71698,7792],[18,2],[2,-6],[26,1],[0,6],[16,-1],[1,-5],[46,1],[10,2],[-3,11],[44,-2],[11,9]],[[71869,7810],[10,-4],[3,-7],[14,-15],[32,-2]],[[71922,7135],[-54,-50]],[[71868,7085],[-13,4],[4,6],[-25,4],[3,9],[-6,0],[4,5],[-46,-5],[-9,26],[-19,-4],[-19,8]],[[71742,7138],[5,14],[5,2],[8,-5],[17,14],[2,7],[-9,13],[4,26],[-33,14],[-9,15],[12,13],[27,20]],[[71771,7271],[70,-15],[1,-11],[7,0],[29,-22],[13,-25],[5,-2],[-21,-26],[-2,-21],[15,0],[0,4],[10,2],[3,-12],[6,1],[5,-3],[-3,-3],[6,-3],[7,0]],[[71868,7085],[-23,-32],[-5,-32]],[[71840,7021],[-6,1],[0,3],[-9,-3],[-23,4],[-8,-8],[-21,-3],[-7,3],[5,4],[-6,4],[-18,-1],[-16,3],[-1,-4],[-8,3],[-18,1],[-5,-5],[-6,1],[0,-8],[6,-4],[-21,-20],[-16,-6],[-8,5],[-39,-5],[-4,22],[-27,-3],[-13,14]],[[71571,7019],[3,25],[7,2],[18,14],[33,2],[27,28],[6,0],[8,5],[14,2],[18,18],[37,23]],[[70675,7563],[15,-1],[13,-32],[-2,-9],[13,-5],[-13,-10],[7,-12]],[[70553,7556],[54,8],[3,-13],[58,6],[7,6]],[[72149,7841],[20,-3],[40,1],[99,-32],[19,0],[37,-12],[29,0],[16,-3],[14,-14],[3,-17],[10,-10],[7,-29],[9,-8],[20,-5],[16,-48]],[[72052,7658],[8,10],[4,12],[-5,53]],[[72059,7733],[42,-3],[27,-6],[11,13],[2,13],[22,4],[11,12],[13,7],[-20,8],[-14,12],[-11,4],[1,7],[8,8],[-14,2],[12,20],[0,7]],[[72556,7960],[-3,-3],[-6,2],[4,4],[5,-3]],[[71772,7272],[-1,-1]],[[71571,7019],[-9,-44],[-53,-7],[11,-9]],[[71520,6959],[-50,6],[-53,-3]],[[71417,6962],[-22,-2],[-38,5],[-26,6],[-22,10]],[[71092,7742],[12,7],[7,-3],[2,4],[45,-1],[8,-2],[11,-12],[23,-14],[110,-35],[100,-44],[27,-7],[-17,17],[-19,10],[-2,8],[-6,2],[3,3],[-16,6],[2,14],[-4,10],[-21,8],[-21,13],[-2,10],[9,16],[-26,19]],[[70685,7605],[-2,-10]],[[70683,7595],[-2,10]],[[70664,7615],[0,0]],[[70666,7650],[0,0]],[[70668,7676],[-3,-4],[4,-3],[-10,-9],[-3,-15],[13,-19],[-6,-9],[-5,-5],[-14,4],[-13,0],[19,-1],[9,-3],[3,1],[9,-3]],[[70680,7605],[3,-5],[-1,-8],[-7,-8],[0,-14]],[[70675,7570],[0,-7]],[[70537,7556],[11,9],[2,15],[19,9],[4,7],[12,7],[-3,2],[15,6],[7,7]],[[70604,7618],[21,2],[14,6],[-23,11],[11,3],[4,22],[10,18],[8,-1],[5,-3],[5,2],[9,-2]],[[70388,7608],[16,4],[23,-10],[33,0],[21,9],[11,12],[13,3],[7,4],[23,2],[29,-12],[40,-2]],[[70998,8096],[13,-10],[63,-14],[14,-8],[8,-18],[7,-5]],[[70714,7971],[0,23],[-19,15],[-4,-1],[-6,14],[6,2],[-5,3],[3,3],[-15,20],[7,2],[2,5],[-12,0],[-4,22],[1,6],[5,5]],[[70675,7570],[0,-5],[4,11],[-3,8],[7,7],[0,4]],[[70699,7906],[-2,-3],[10,0],[1,-2],[12,3],[9,-4],[-3,-7],[11,-18],[-3,-5],[5,-7],[-2,7],[5,2],[3,-5],[-6,2],[1,-8],[6,5],[-7,-13],[-15,-8],[15,-3],[1,-6],[-11,-18],[-2,-19],[-20,-28],[-5,-19],[-8,-13],[-12,-7],[3,-14],[-7,-19],[3,-7],[-13,-16]],[[72059,7733],[-20,2],[-25,7],[-17,5],[-8,7],[-3,12],[6,13],[25,23],[21,5],[-1,5],[-17,-6],[-11,4],[-1,6],[8,13],[-25,4]],[[71991,7833],[4,11],[11,-2],[-1,20],[14,0],[5,4],[-20,10],[8,9]],[[72012,7885],[8,-5],[21,-3],[41,-17],[67,-19]],[[71991,7833],[-6,-5],[5,-4],[-5,-3],[-37,-14],[-12,-13],[-5,-12],[-3,0]],[[71869,7810],[28,22]],[[71897,7832],[1,15],[42,-7],[10,24],[19,24],[1,7]],[[71970,7895],[3,-8],[16,-4],[-1,12],[13,-3],[11,-7]],[[71897,7832],[-42,7],[-47,-5],[-13,15],[-19,7]],[[71788,7902],[55,-6],[40,-2],[11,1],[5,5],[15,1],[11,-4],[10,2],[10,-3],[6,5],[19,-6]],[[72416,7282],[-27,2],[-27,-1],[-93,-15],[-80,-17],[-48,-14],[-52,-19],[-85,-38]],[[72004,7180],[-5,5],[0,10],[-19,2],[-1,-3],[-8,-1],[-11,4],[-1,-2],[-11,1],[-6,4],[-7,-3],[-27,3],[5,3],[-7,3],[63,37],[46,40]],[[72004,7180],[-82,-45]],[[71840,7021],[-2,-6],[5,-2],[-13,-16],[9,-4],[0,-4],[-18,-17]],[[71821,6972],[-12,2],[-5,-5],[-105,1],[-5,2],[-13,-1],[9,-13],[-20,-6],[-5,2],[-8,-1],[0,-6],[-8,-5],[-29,0],[-11,14],[-13,-1],[-3,5],[-23,-5],[-5,4],[-45,0]],[[71821,6972],[-8,-15],[3,0],[-20,-31],[-12,-34],[3,-2],[-1,-14],[4,-9],[7,-4],[9,-37],[-6,-9],[-24,-18],[-14,-17],[15,-19],[2,-15]],[[71779,6748],[-5,0],[-13,5],[-2,-4],[-43,-2],[-1,4],[-45,-3],[-20,2],[9,15],[-6,8],[-7,1],[-6,6],[0,6],[-8,9],[-2,11],[-12,-1],[2,8],[-31,-2],[-34,32],[-18,12],[-6,29],[-26,-12],[-11,-2],[-42,12],[-25,11],[-4,51],[-6,18]],[[67790,7253],[0,0]],[[67802,7255],[0,0]],[[68350,7294],[-72,-10],[-67,-16],[-10,0],[-8,-3],[-59,-5],[-63,0],[-24,-4],[-18,-6],[-3,1],[-29,-10],[-5,2],[-23,-5],[-66,-5],[-5,1],[4,8],[-72,18],[77,6],[3,-1],[13,2],[2,-1],[68,15],[6,14],[-12,50],[5,9],[22,4],[9,6],[32,10],[25,5],[30,0],[37,10],[23,0],[20,5],[21,14],[20,26],[16,39],[0,11],[13,11],[22,2],[12,4],[27,19],[13,17],[7,31],[-5,5],[-4,23],[-5,3],[3,3],[10,0],[21,15]],[[71583,6642],[-14,-5],[-6,-7],[-10,0],[-30,-10],[-21,3],[-11,0],[1,-6],[9,-2],[0,-2],[-11,2],[-7,8],[-37,0],[-33,-13],[-24,-4],[-50,-16],[-14,-8],[-9,2],[-17,-2],[-44,-15],[-17,0],[-17,-8],[-19,0],[-10,-6],[-35,-10],[-18,-13],[-26,-6],[-23,1],[-27,-13],[-19,2],[-30,-9],[-46,-6],[-34,7],[-7,-3],[-48,-3]],[[71158,6730],[56,-54],[19,-9],[21,-16],[3,-14],[-4,-12],[14,3],[12,-2],[20,5],[1,-4],[71,15],[22,8],[6,-2],[43,5],[10,6],[24,5],[44,3],[7,-5],[22,3],[36,10],[13,0],[-4,-7],[-13,-5],[3,-4],[-13,-3],[-7,3],[-11,-2],[14,-5],[16,-2],[0,-8]],[[71142,7975],[0,0]],[[71130,7948],[4,-2],[6,1],[11,10],[2,10],[-10,3],[3,4],[14,0],[11,5],[9,8],[27,2],[38,-4],[102,-35],[42,-3],[19,-6],[4,-4],[-6,-8],[-15,-10],[-10,4],[-7,-1],[-17,-8],[-6,-6],[2,-10],[-6,-12],[-19,-7],[-6,3],[-2,-4],[5,-4],[-36,-28],[-5,-1],[2,-6],[-7,0],[14,-7],[-5,-1],[-1,-5],[10,-7]],[[71779,6748],[-38,-53],[-11,-7],[-1,-6],[-7,0],[-13,-11],[-10,0],[-17,-10],[-18,-5],[-27,-3],[-43,-11],[-11,0]],[[73855,14452],[-50,-5]],[[73805,14447],[-32,1],[-60,-27],[-13,-1],[-10,4]],[[73690,14424],[-12,13],[-11,-4],[-35,-7],[-18,8],[-24,6],[8,25],[-38,4]],[[73560,14469],[20,17],[27,12],[33,7],[35,0]],[[73675,14505],[91,-8],[0,-9],[51,-9],[6,-17],[13,-1],[19,-9]],[[73570,14583],[-3,-36],[6,-16],[-1,-14],[103,-12]],[[73560,14469],[-22,-34]],[[73538,14435],[-57,-2],[-48,6],[-19,-2]],[[73414,14437],[-4,11],[16,3],[-2,4],[5,9],[12,17],[-3,0],[9,9],[-67,17],[-50,24]],[[73330,14531],[27,4],[27,-7],[14,12],[-5,1],[-5,13],[32,6],[-20,25]],[[73400,14585],[39,12],[30,3],[34,-4],[36,-9],[31,-4]],[[73893,14556],[-20,0],[-5,-11],[-4,13],[-29,2],[-2,-5],[-8,2],[2,4],[-43,4],[-5,5],[-9,-1],[-3,-5],[-42,10],[-5,-11],[-24,6],[-4,-3],[-7,0],[-3,-5],[-20,9],[-36,7]],[[73626,14577],[2,4],[20,8],[4,14],[11,7],[-7,11],[2,25],[38,6],[35,13]],[[73731,14665],[25,-12],[5,-6],[-7,-1],[4,-9],[8,-1],[3,4],[6,-1],[5,14],[9,-2],[13,5],[0,-2],[14,4],[8,-1],[49,-23],[-14,-5],[19,-23],[-1,-3],[33,1],[-6,-5],[6,-7],[64,22]],[[73699,14756],[1,-11],[10,-20],[69,-30],[-48,-30]],[[73626,14577],[-56,6]],[[73400,14585],[-7,-3]],[[73961,14319],[16,-1],[0,-10],[26,3],[-2,-76],[5,-7]],[[74006,14228],[-27,-20],[-28,-30],[-20,-6],[-28,-15]],[[73903,14157],[0,21],[5,11],[-14,0],[-53,-7],[-1,3],[-76,-4],[-14,4],[-3,17],[20,49],[0,33]],[[73767,14284],[5,13],[49,-28],[1,29]],[[73822,14298],[21,0],[4,-8],[31,1],[-9,12],[31,7],[-5,4],[13,8],[-18,17],[-10,3],[1,3],[9,0],[5,5],[10,-4],[30,-29],[26,2]],[[73690,14424],[16,-29],[2,-13],[-6,-12],[-15,-11],[-12,-78]],[[73675,14281],[-22,-6],[-9,-5],[-23,-3],[-16,7],[-22,-5],[-76,8],[-9,5],[1,4],[-31,9]],[[73468,14295],[7,29],[24,27],[12,20],[27,64]],[[73805,14447],[18,-41],[-15,-2],[13,-40],[10,-1],[-1,-10],[-6,1],[-2,-56]],[[73767,14284],[-29,2],[-44,7],[-5,-7],[-14,-5]],[[73330,14531],[-36,-9],[-23,-16],[-41,-4]],[[73230,14502],[-38,-5],[-52,9],[-25,10],[-36,23],[-11,2],[-22,-3],[-22,1],[-21,5]],[[73414,14437],[-23,-3],[-27,3],[-34,-12],[1,-8],[-24,-5],[3,-28],[-10,-3],[6,-6],[-27,-4],[-38,3],[5,12],[-5,5],[-12,-1],[1,4],[-14,-1],[-1,3],[-16,1],[-19,-1],[0,16]],[[73180,14412],[16,7],[-3,4],[16,2],[0,7],[5,4],[-11,2],[-4,7],[2,4],[57,-8],[42,7],[-15,14],[-21,5],[-14,11],[18,11],[8,1],[-3,6],[-28,-9],[-8,5],[6,3],[-11,2],[-2,5]],[[74113,14334],[-16,8],[-8,10],[-25,13],[-42,15],[-24,3]],[[73998,14383],[-33,58],[-42,4]],[[73923,14445],[3,10],[10,1],[1,2],[-13,16],[6,2],[-5,5],[18,6]],[[73943,14487],[5,-2],[35,-5],[40,-12],[39,-17],[24,-17],[35,-40],[28,-22],[-21,-27],[-15,-11]],[[73998,14383],[-9,-2],[5,-8],[1,-21],[-17,-6],[-3,-11],[-12,0],[-2,-16]],[[73855,14452],[68,-7]],[[73468,14295],[-12,-63]],[[73169,14415],[6,0],[5,-3]],[[73951,14503],[-8,-16]],[[73903,14157],[-29,-15],[2,-3],[-32,-40],[4,-8],[-22,-3],[2,-14],[-88,-21]],[[73740,14053],[-26,-3],[0,16],[4,0],[-3,10],[-47,-1],[-7,0],[-4,4],[-4,11],[4,3],[-13,27],[-22,13],[20,16],[-30,6],[-3,6],[-29,-11],[-36,-3],[-16,-9],[-30,2],[-2,17],[-21,30],[-8,1],[-17,7],[1,6]],[[72028,8441],[41,-7]],[[72069,8434],[1,-15],[-10,2],[-8,-29],[-20,0],[0,-4],[5,0],[-2,-9],[12,0],[-2,-7],[-8,-3],[1,-6],[-10,-18],[10,-1],[-2,-32],[-12,-5]],[[72024,8307],[-47,30],[-63,27],[-46,10],[-51,-1],[-44,8]],[[71773,8381],[6,11],[5,3],[4,-1],[2,4],[17,9],[-1,20]],[[71806,8427],[20,3]],[[71826,8430],[22,8]],[[71848,8438],[20,4],[26,11],[45,-2],[89,-10]],[[72120,8435],[0,-6],[6,0],[-3,-17],[26,3],[6,0]],[[72155,8415],[-1,-4],[25,-3],[10,-8],[9,0],[-1,-5],[-10,-6],[3,-1],[-10,-11],[-23,1],[-15,-5],[-25,-4],[-4,-4],[-1,-11],[6,7],[15,1],[28,7],[11,-1],[16,2],[38,26],[7,0],[11,-4],[2,4],[15,6],[7,9],[36,-14],[13,6],[0,-4],[9,-3],[20,0],[15,7],[-1,11],[8,2],[1,8],[7,2],[12,-16],[-140,-75],[-76,-54],[-41,-17],[-24,-2],[-18,4],[-65,41]],[[72069,8434],[46,3],[5,-2]],[[71954,8718],[1,1]],[[71954,8718],[0,0]],[[71953,8718],[-20,-6],[-27,5],[-6,-13],[-8,-5]],[[71892,8699],[-38,-6],[-26,2],[-29,-3]],[[71799,8692],[-43,39],[-18,44],[10,16],[-2,9],[-29,-1]],[[71717,8799],[-2,13],[6,16],[-3,10]],[[71718,8838],[13,3]],[[71731,8841],[8,4]],[[71739,8845],[1,0]],[[71740,8845],[3,2]],[[71743,8847],[12,6]],[[71755,8853],[4,3]],[[71759,8856],[12,7],[10,-6],[34,-8],[6,-4],[14,1],[-1,-3],[17,5],[-7,-5],[8,-1],[-5,-3],[7,-1],[4,5],[-1,-6],[9,2],[7,0],[-2,-8],[2,-5],[-9,-5],[10,3],[4,6],[-5,1],[4,5],[16,3],[-1,2],[9,2],[15,1],[24,13],[16,-4],[-4,-2],[8,-6],[38,-14],[12,-9],[10,-12],[-1,-5],[0,-15],[-7,-3],[7,-4],[-11,1],[3,-5],[-10,-1],[-2,-2],[15,-11],[6,-17],[-64,-19],[3,0],[-6,-11]],[[71996,8565],[7,-17],[27,-11],[5,-22]],[[72035,8515],[-3,-18],[4,-31],[-8,-25]],[[71848,8438],[30,120],[21,37]],[[71899,8595],[0,10],[5,5],[50,16]],[[71954,8626],[16,-10],[18,-17],[8,-34]],[[72109,8653],[-4,-2],[5,-4],[12,-2],[4,-11],[-12,-3],[4,-6],[-18,1],[-6,-21],[-24,1],[-1,-4],[-5,1],[-1,-4],[-5,0],[-1,-12],[3,-4],[6,-1],[-1,-3],[26,-3],[8,2],[-11,-24]],[[72088,8554],[-50,8],[-42,3]],[[71954,8626],[-42,50],[7,2],[-10,13],[-17,8]],[[71953,8718],[1,0]],[[71955,8719],[28,16],[29,7],[7,-2],[1,3],[10,4],[11,-1],[-9,-2],[0,-3],[13,4],[0,-4],[18,0],[30,-48],[6,-27],[1,-8],[2,1],[7,-6]],[[72179,8555],[2,-8]],[[72179,8555],[0,0]],[[72178,8555],[-7,1],[-10,-4]],[[72199,8545],[22,8],[35,3],[0,-2]],[[72256,8554],[-37,-3],[-20,-6]],[[72088,8554],[28,-9],[9,13],[11,-9],[18,-6],[4,8]],[[72158,8551],[-2,-5],[10,-2],[3,-4],[-23,-14],[4,-4],[13,4],[9,-2],[10,7],[25,0],[34,6],[13,5],[9,-3],[1,4],[10,-1],[-3,-30],[12,0],[5,-7]],[[72288,8505],[-10,-3],[-16,-7],[2,-6],[-42,-3]],[[72222,8486],[-1,5],[-46,9],[-1,-15],[-20,1],[-14,-8],[-43,17],[4,5],[14,-3],[5,6],[-14,1],[2,4],[-5,2],[-38,-6],[-30,11]],[[71826,8430],[3,13],[-12,24],[-25,12],[-8,13],[-32,21],[-13,13],[-4,20],[-14,13],[6,26],[-10,12]],[[71717,8597],[7,0],[8,-5],[17,6],[22,1],[21,6],[20,-3],[4,-20],[46,7],[9,4],[21,-2],[7,4]],[[72120,8435],[5,1],[1,5],[21,-2],[13,2],[24,11],[39,7],[-1,27]],[[72288,8505],[-17,-7],[0,-3],[10,-2],[21,-14],[8,-2],[12,3],[12,-8],[3,1],[6,-7],[-6,-23],[-14,-17],[-22,-11],[-19,14],[1,4],[-9,-1],[-15,1],[-27,-3],[-4,-5],[10,-5],[8,-12],[-28,1],[-11,-5],[-19,10],[-19,4],[-14,-1],[0,-2]],[[72199,8545],[-18,2]],[[72179,8555],[-1,0]],[[72161,8552],[-3,-1]],[[72109,8653],[5,-5],[13,-1],[39,-19],[8,0],[12,-11],[46,-31],[17,-8],[8,-7],[17,-10],[-18,-7]],[[71806,8427],[-35,-4],[-40,8],[-10,4],[-1,4],[-19,16],[-41,1],[-10,17],[-75,9],[6,8],[-17,3],[-11,9],[18,29],[7,29],[11,1],[-6,2],[-3,7],[5,0],[1,4],[-23,1],[37,30]],[[71600,8605],[67,4]],[[71667,8609],[15,-1],[35,-11]],[[71773,8381],[-85,14],[-61,23],[-59,37],[-35,35],[-29,21],[-51,46],[-47,32]],[[71406,8589],[4,5],[-4,9]],[[71406,8603],[41,5],[0,3],[58,-4],[95,-2]],[[71799,8692],[-3,0],[5,-34],[-7,-30],[-120,55]],[[71674,8683],[-1,18],[-28,3],[2,7],[10,12],[23,3],[-2,8],[21,23],[-6,21],[24,21]],[[71667,8609],[2,8],[19,0],[50,8],[7,10],[-5,10],[-15,5],[-13,12],[-13,4],[-3,6],[-22,11]],[[89196,14212],[6,-5],[-15,0],[0,-4],[-6,-2],[-4,2],[-8,-1],[-4,4],[-8,-1],[-6,4],[-5,-2],[6,14],[1,-8],[11,0],[3,8],[13,8],[12,-3],[4,-14]],[[89114,14231],[-6,6],[7,0],[-1,-6]],[[88999,14246],[-3,-1]],[[88999,14246],[0,0]],[[89200,14257],[0,0]],[[89223,14262],[-11,-1],[-2,2],[13,-1]],[[89187,14269],[-6,-3],[-9,1],[-2,-3],[-2,7],[7,2],[12,-4]],[[89219,14271],[-17,-1],[-3,4],[5,1],[15,-4]],[[89123,14277],[-14,0],[-8,7],[4,1],[16,-3],[2,-5]],[[89289,14291],[-6,-7],[-4,3],[4,6],[-6,2],[5,2],[7,-6]],[[89503,14294],[-8,-5],[10,10],[-2,-5]],[[89202,14311],[4,-3],[-5,-3],[-4,3],[-4,-5],[6,-3],[-15,0],[15,12],[3,-1]],[[89528,14308],[-20,-9],[1,9],[3,1],[16,-1]],[[89510,14310],[-3,-1],[-7,4],[10,-3]],[[89214,14314],[0,-7],[5,-4],[-16,-3],[-9,4],[1,2],[11,-1],[3,4],[-2,9],[6,2],[1,-6]],[[89181,14316],[13,-2],[-10,0],[-7,-7],[-7,4],[8,9],[8,2],[-5,-6]],[[89165,14320],[-5,-1],[4,9],[1,-8]],[[89130,14329],[14,-6],[-3,4],[8,0],[1,-3],[-8,-4],[-18,9],[3,4],[3,-4]],[[89109,14331],[6,-6],[-3,-4],[5,-2],[-6,-2],[1,-3],[-7,-9],[-7,2],[-9,-3],[-9,8],[4,7],[8,9],[1,5],[6,2],[10,-4]],[[89194,14322],[1,5],[12,4],[2,6],[5,-2],[-1,-4],[-11,-4],[-2,-4],[-6,-1]],[[89152,14335],[3,-3],[-17,5],[14,-2]],[[89178,14338],[5,-6],[-7,-2],[3,6],[-13,0],[12,2]],[[89133,14342],[19,-2],[-3,-3],[-9,3],[4,-4],[-11,6]],[[89275,14295],[-4,-1],[-7,6],[6,7],[-10,6],[6,5],[-3,5],[3,7],[-5,1],[3,9],[5,-9],[-4,-19],[9,-6],[-7,-4],[1,-4],[7,-3]],[[89417,14341],[8,-9],[11,1],[6,-3],[5,3],[3,-1],[-9,-4],[5,-2],[9,1],[0,-8],[-6,-4],[-8,5],[-4,-1],[-2,7],[-8,4],[-8,-3],[-1,-6],[-6,1],[7,11],[-11,3],[4,5],[5,0]],[[89506,14343],[16,-15],[-5,-2],[-2,4],[-7,-1],[-4,4],[-4,12],[6,-2]],[[89352,14344],[9,0],[2,2],[8,-3],[5,1],[2,-4],[-13,-4],[-3,3],[-14,-1],[-11,-11],[7,-4],[16,-2],[13,2],[0,7],[4,-3],[13,-1],[-4,-4],[-11,1],[-6,-3],[-1,-5],[-14,2],[-6,-5],[-6,1],[1,4],[-16,1],[-4,-4],[-12,2],[-1,4],[8,0],[9,9],[-11,4],[17,6],[13,10],[6,-5]],[[89458,14348],[-3,-3],[-10,2],[13,1]],[[89477,14341],[-5,-2],[-2,8],[7,-6]],[[89179,14351],[-6,-6],[4,9],[2,-3]],[[89440,14347],[-25,-6],[-2,7],[8,2],[19,-3]],[[89182,14347],[0,7],[5,2],[-5,-9]],[[89275,14356],[-13,-7],[16,4],[-7,-6],[-6,0],[12,-4],[-2,4],[29,7],[6,0],[-13,-10],[9,-3],[6,4],[7,-4],[-2,-6],[-10,-8],[-7,-1],[3,4],[-4,6],[-12,-3],[1,4],[-3,4],[-24,-2],[0,6],[-17,1],[-10,3],[9,3],[-1,-3],[11,-3],[-3,8],[10,-2],[15,4]],[[89249,14361],[3,-3],[-8,-5],[-1,8],[6,0]],[[89238,14359],[1,-6],[-13,-1],[12,11],[0,-4]],[[89413,14358],[6,-4],[-11,-4],[-2,-8],[-6,7],[-8,4],[15,6],[6,-1]],[[89190,14359],[-8,-2],[3,3],[-6,4],[3,1],[8,-6]],[[89212,14370],[2,2],[12,-2],[-8,-5],[4,-6],[-2,-13],[-4,-4],[-5,6],[-11,-1],[2,-3],[-6,-5],[3,-7],[-5,-1],[-2,8],[5,6],[-3,4],[6,5],[-12,8],[11,4],[-5,2],[18,2]],[[89281,14367],[4,1],[8,-5],[9,1],[4,5],[2,-6],[-12,-2],[-9,-3],[-6,4],[0,5]],[[89180,14378],[-2,-10],[2,-2],[-7,-5],[-3,4],[-5,-3],[-3,7],[2,3],[8,-1],[-2,3],[7,1],[-4,3],[7,0]],[[89408,14393],[8,-8],[-3,-16],[3,-10],[-5,2],[-12,-1],[-4,3],[-20,-3],[-4,3],[6,1],[3,7],[-3,6],[-16,-2],[6,5],[9,1],[5,14],[9,2],[18,-4]],[[89002,14286],[-3,2],[-7,-4],[-3,2],[-11,-1],[3,3],[-8,5],[-48,17],[-11,17],[-22,15],[-14,4],[-42,5],[-34,0],[-33,8],[-41,15],[-15,1],[-6,12],[-24,16],[-7,2],[-25,-1],[-23,36],[-15,50],[-48,54],[-23,59],[5,13],[-9,27],[-23,12],[-13,19],[20,36],[4,-6],[0,-13],[35,-20],[22,-4],[17,1],[22,6],[26,12],[-4,10]],[[88644,14696],[2,2],[11,-2],[-2,-8],[6,9],[11,2],[7,-2],[5,2],[0,24],[7,6],[20,-3],[23,-9],[15,1],[74,-19],[19,3],[81,-19],[5,0],[13,-5],[-3,-8],[16,-18],[20,-8],[27,7],[30,2],[32,12],[33,5],[14,-2],[19,3],[36,0],[67,9],[39,-2],[42,-19],[91,9],[8,-4],[7,-12],[17,-6],[26,2],[35,-5],[5,-10],[10,-3],[1,-5],[-8,-5],[-1,-20],[31,-25],[30,-9],[30,-2],[35,-8],[39,-29],[-2,-19],[4,-1],[5,9],[9,2],[-4,9],[12,-10],[7,-3],[-8,-6],[6,-7],[3,6],[-6,1],[8,7],[-13,5],[0,5],[-7,3],[-1,3],[-5,-3],[-8,6],[-11,12],[-13,9],[10,-4],[-3,3],[-60,20],[2,-2],[-30,3],[7,7],[-2,0],[-5,-7],[-18,4],[-19,11],[-8,8],[-2,7],[0,7],[14,-2],[-18,8],[44,8],[25,15],[23,-2],[50,5],[9,-6],[61,-13],[11,-5],[41,0],[8,3],[33,-13],[85,-63],[51,-26],[11,-10],[10,0],[5,-5],[5,-1],[12,-17],[10,-37],[7,-59],[-5,-4],[5,-2],[-2,-28],[-16,-6],[-3,-13],[-35,-34],[-41,-19],[-29,-8],[-4,1],[-4,6],[-7,1],[-16,-4],[-17,-13],[-53,-6],[-15,5],[-39,-1],[-34,-5],[-27,4],[-96,-3],[-21,3],[-18,6],[-3,6],[13,10],[11,3],[9,6],[-2,16],[-11,11],[-29,2],[-21,23],[-9,5],[-4,9],[9,1],[-9,5],[18,7],[5,8],[-4,5],[9,2],[1,7],[-16,4],[5,-6],[-6,-6],[-2,-10],[-13,-4],[-11,-10],[-5,0],[2,-5],[-15,1],[-22,-4],[-7,4],[10,18],[-13,15],[-29,12],[-32,2],[-12,-3],[-10,-12],[1,-4],[-5,-1],[-3,-4],[-16,2],[-14,-8],[6,-2],[3,4],[9,-1],[-9,-2],[-9,-7],[5,6],[-8,-4],[2,6],[-10,-3],[6,-5],[-5,-5],[-7,6],[9,1],[-8,2],[-28,-9],[-5,-6],[-11,4],[-20,1],[2,-2],[-4,-4],[-2,5],[4,4],[-4,4],[-11,1],[0,-3]],[[89212,14370],[-18,-1],[-4,-3],[-10,4],[3,10],[-10,2],[-4,-10],[-5,1],[-5,-2],[1,-7],[-6,6],[-5,0],[9,-7],[-7,3],[-4,-7],[10,-2],[-4,-7],[-17,0],[6,2],[-4,3],[-1,-4],[-6,4],[-3,-6],[7,-1],[-8,-6],[-4,3],[-3,-3],[10,-7],[-7,2],[-4,-2],[-5,5],[8,1],[0,3],[-6,3],[-2,-5],[-3,3],[13,6],[2,-3],[3,5],[-6,-1],[10,5],[1,-2],[12,4],[-6,1],[3,5],[4,-4],[2,5],[-7,2],[-6,-2],[-12,-9],[-4,1],[-15,-6],[-5,-11],[3,-3],[-8,-1],[-1,3],[-5,-15],[-8,-6],[-2,-7],[7,-6],[-11,-3],[-4,5],[1,6],[-5,-1],[3,-4],[-6,-3],[-7,7],[-2,-4],[-18,-4],[8,3],[-3,2],[-16,-6],[-3,-6],[-2,5],[-10,-1],[-1,-8],[-8,-8]],[[88084,13826],[0,0]],[[88299,13942],[-6,-10],[-25,-1],[0,-4],[-6,-2],[8,-8],[12,-1],[8,-6],[2,-4],[-8,-4]],[[88284,13902],[-49,-16],[-23,-3],[19,-13],[45,-6],[-17,-28],[2,-20],[-25,5],[-25,-40],[7,-4],[-7,-3],[6,-4],[-1,-5]],[[88216,13765],[-21,3],[7,-11],[-6,-12],[7,-7],[22,-8],[-1,-10],[-68,-52],[-14,-16]],[[88142,13652],[-11,-7],[-56,-20]],[[88075,13625],[-27,16],[9,1],[2,11],[-7,3],[2,6],[8,0],[0,3],[-8,0],[14,43],[20,-2],[0,8],[-13,4],[6,0],[2,13],[30,35],[8,-1],[5,4],[-1,5],[-62,27],[6,4],[5,-2],[6,3],[3,7],[9,-2],[6,8],[-8,3],[4,5],[-9,-1]],[[88085,13826],[8,13],[-6,10],[2,7],[9,12],[20,57],[20,21],[5,0],[2,9],[19,25]],[[88164,13980],[14,-3],[46,-5],[-10,-10],[85,-20]],[[87830,13879],[0,0]],[[87748,13902],[18,-8],[15,-4],[8,2],[10,-6],[3,2],[15,-4]],[[87817,13884],[-6,2],[-8,-5],[-8,5],[-5,0],[9,-5],[-4,-6],[3,-3],[-12,-3],[-8,-8],[2,-1],[-6,-7],[2,-18],[12,-17],[-16,-20],[-26,-2],[-15,3],[-45,-6],[-48,-20],[-15,-13],[-6,-10],[-8,-3],[-26,-2],[-4,6],[-4,0],[6,-8],[-22,-2],[-31,-10],[-11,-8],[-8,2],[6,-5],[-13,-4],[-29,-18],[-22,-8],[-65,-32],[-12,-13],[-4,-13],[4,-21],[-3,-18],[11,-13],[23,-12],[-4,-4],[2,-3],[5,4],[13,-6],[9,-10],[3,-13],[4,0],[7,-10],[0,-8],[-6,-4],[-53,-13],[-9,-5],[-8,-13],[6,-6],[23,-7],[10,-8],[1,-9],[-7,-13],[-5,0],[-1,-5],[10,2],[16,-15]],[[87421,13422],[-13,-1],[-66,11]],[[87342,13432],[-134,29],[-45,18],[-55,3],[-22,6],[-19,-4],[-54,6],[-22,-4],[-19,0],[4,-10],[-18,-12],[-11,-4],[-40,-4],[-25,12],[35,38],[3,28]],[[86920,13534],[21,31],[6,-1],[6,2],[24,30],[51,38],[56,79],[-6,6],[13,11],[4,10],[13,4],[24,0],[15,4],[50,65],[10,25],[-1,15],[34,7],[120,1],[2,10],[6,3],[39,10],[12,-1],[33,26]],[[87452,13909],[0,-2],[54,-30],[61,-59],[8,0],[34,14],[51,6],[35,0],[9,6],[2,-2],[16,18],[26,42]],[[87958,13582],[9,-2],[9,7],[43,7],[5,-5],[7,3],[7,-1]],[[88038,13591],[22,-4],[-3,-5],[14,1],[4,-17],[-9,-22],[9,-6],[0,-4],[9,-5],[1,-5],[-20,4],[-5,-12],[-12,-7],[3,-3],[-19,-6],[-3,-9],[-20,-9],[-10,-15],[-15,-11],[-1,-5],[-6,1],[-1,-14]],[[87976,13438],[6,-14]],[[87982,13424],[-7,0],[-15,11],[-23,11]],[[87937,13446],[-13,-4],[-35,54],[8,4],[-10,18],[11,17],[-1,14],[-40,-9]],[[87857,13540],[-19,33],[1,28]],[[87839,13601],[119,-19]],[[88084,13826],[1,0]],[[88075,13625],[0,-13],[-5,0],[-32,-21]],[[87958,13582],[4,25],[-6,56],[16,35],[1,65],[-4,13]],[[87969,13776],[10,2],[10,14],[11,0],[4,7],[-10,4],[11,-1],[-14,7],[-17,18],[13,6]],[[87987,13833],[3,1]],[[87990,13834],[11,-8],[-3,-7],[5,-1],[7,2],[6,-3],[18,-4],[42,9],[8,4]],[[88383,13949],[2,6]],[[88385,13955],[12,-2]],[[88397,13953],[1,0]],[[88398,13953],[4,-1],[-13,-14],[7,-1],[12,12],[13,-11],[-1,-8],[12,-3],[9,16],[-12,3],[7,1],[26,-5],[2,-3],[-11,-25],[6,2],[1,9],[19,1],[16,-9],[25,-5],[8,-8],[32,-14],[2,4],[21,2],[1,-2],[7,7],[7,-1],[-5,-10],[8,-3],[10,-12],[10,0]],[[88621,13875],[-2,-13],[2,-28],[-20,-32]],[[88601,13802],[-175,41]],[[88426,13843],[-15,2],[-10,5],[-27,28],[-29,2],[-8,-8],[-57,13],[4,17]],[[88299,13942],[39,-11],[5,8],[-13,4],[20,10],[1,3],[32,-1]],[[88383,13955],[0,-6]],[[88426,13843],[-17,-16],[-12,-7],[-35,-68],[10,-25],[9,-8],[-10,2]],[[88371,13721],[-66,11],[-89,33]],[[88626,13589],[-2,-54],[16,2],[4,-2],[5,6],[14,0],[0,-2],[35,-3],[19,1],[-1,-3],[26,-2]],[[88742,13532],[-20,-33],[-2,-65],[-21,-22],[-31,-22],[7,-5],[-31,-9]],[[88644,13376],[-30,7],[-22,11],[-14,-8],[-5,2],[-15,-13],[-14,11],[-19,6],[-28,4],[-20,8]],[[88477,13404],[2,23],[10,36],[23,-9],[4,0],[2,4],[2,28],[-12,0],[-6,3],[-7,-1],[1,11],[-11,1],[0,3],[21,0],[-19,39],[3,2],[-5,7],[-7,-2],[-13,16],[11,4],[-19,24],[-24,9],[-18,12],[-20,8],[5,-13],[-17,-2],[2,-6],[-7,0],[-2,9],[-14,3],[4,12],[-11,3]],[[88355,13628],[14,12],[24,-7],[5,13]],[[88398,13646],[30,17],[30,-16],[28,-7],[5,-9],[18,-6],[32,-9],[7,7],[13,1],[60,-18],[-6,-14],[11,-3]],[[88546,14033],[21,-22],[17,-4],[28,4],[11,9],[-2,4],[10,0],[5,-6],[-8,-2],[-5,2],[-2,-3],[11,-1],[-1,-8],[15,2],[4,-4],[-3,-2],[10,-3],[4,-9],[-5,-5],[-7,-2],[-37,6],[-80,-2],[-54,-6],[-19,1],[-13,9],[6,13],[0,12],[19,10],[8,8],[8,0],[16,-3],[43,2]],[[89063,14179],[-10,-5],[1,4],[-9,0],[12,2],[6,-1]],[[88964,14183],[-2,-3],[-8,0],[10,3]],[[89153,14178],[12,-8],[37,-15],[-6,-3],[-1,-7],[3,-1],[-1,-13],[4,-2],[-8,-5],[5,-13],[-11,4],[2,12],[-6,0],[3,4],[-4,6],[-7,4],[-7,-1],[-7,7],[-14,3],[-9,-3],[-23,6],[12,10],[-8,6],[2,5],[-3,5],[10,0],[1,2],[24,-3]],[[88977,14189],[-9,-6],[6,7],[3,-1]],[[88989,14206],[-5,-4],[3,7],[2,-3]],[[89062,14211],[2,-6],[-5,1],[3,5]],[[89032,14217],[9,-3],[-9,-3],[0,6]],[[89002,14286],[1,-6],[6,1],[4,-6],[-9,3],[3,-6],[-8,-6],[9,-10],[-14,-7],[5,-3]],[[88996,14245],[-12,1],[-17,-17],[-9,3],[-11,-1],[-3,-9],[6,-2],[-4,-9],[-5,2],[-1,-6],[9,-1],[3,-4],[-8,1],[-9,-5],[7,-6],[-9,2],[-6,-4],[-2,-23],[-16,-8],[-29,-6],[-2,-5],[8,-3],[37,11],[21,14],[7,-2],[9,2],[-2,7],[17,4],[5,11],[0,5],[4,-1],[15,18],[-10,2],[10,4],[5,-4],[0,6],[6,-1],[-4,-5],[20,-3],[-5,-6],[16,-4],[-12,6],[5,2],[2,-5],[12,-2],[7,-5],[-4,-4],[-8,3],[2,-7],[6,-3],[5,-7],[-8,0],[3,-12],[-14,-1],[-7,-8],[-48,-13],[-26,-11],[-19,-16],[-38,-8],[-38,-4],[-7,-4],[-4,2],[-18,0],[-3,-3],[-15,6],[-9,1],[-28,-10],[-24,-5],[-22,5],[-29,11],[0,-3],[-20,-2],[8,0],[-4,-3],[-6,0],[-16,5],[1,-2],[-14,2],[5,-4],[-9,-1],[-6,2],[-5,-7],[-6,-2],[-4,11],[-19,-2],[-10,-3],[-17,-18],[-8,-4],[-7,1],[-15,0],[5,5],[-14,-4],[-12,1],[0,-6],[-6,-1],[-6,-5],[1,-4],[-6,1],[-6,-4],[-7,2],[-13,-3],[-4,-15],[-22,3],[12,7],[-1,6],[-27,0],[-41,9],[-61,1],[-18,-3],[-12,0],[-74,14]],[[88234,14085],[1,9],[-96,-3],[-32,-14],[-20,13],[-38,13],[48,16],[9,7],[-14,18],[-32,13],[-14,22],[-11,25],[-8,67],[52,15],[-4,8],[64,17],[4,-6],[31,5],[37,18],[41,7],[-7,23],[2,35],[14,3],[7,7],[4,-1],[18,11],[17,35],[23,22],[10,6],[6,-1],[15,8],[6,0],[6,17],[-8,3],[7,7],[-9,4],[1,4],[24,2],[2,6],[12,0],[5,6],[-7,5],[0,4],[11,2],[22,15],[-5,7],[-18,2],[-13,8],[-9,28],[-18,10],[-8,8],[-3,13],[7,15],[-7,6],[-55,15],[-9,0],[-17,-5],[-16,1],[-19,4],[-13,11],[-14,4],[-26,-2],[-21,-12],[-2,6],[-8,0],[-4,3],[7,1],[1,5],[-13,9],[7,3],[-4,7],[4,0],[2,5],[-6,1],[-3,8],[19,10],[-7,7]],[[88162,14736],[58,4],[69,11],[29,2],[65,-19],[0,-13],[-7,-10],[11,-7],[10,1],[1,3],[32,6],[-1,12],[15,6],[58,-6],[80,2],[16,-8],[32,-28],[9,1],[5,3]],[[88477,13404],[-65,-20],[-21,-25],[3,-14],[-8,-5],[-50,-7],[-27,-12],[-6,-9],[-13,-6],[-37,21],[-14,14],[-1,9],[-54,40],[-70,-22]],[[88114,13368],[-11,4],[-7,6],[-15,5],[-5,10],[-13,7],[-4,8],[-3,0],[-3,7],[-25,-2],[-18,7],[-6,6],[-22,-2]],[[87976,13438],[21,3],[3,-5],[8,1],[5,7],[18,0],[4,3],[16,3],[6,-3],[-2,4],[8,1],[1,-2],[26,5],[3,6],[7,3],[7,-3],[0,-7],[9,2],[0,-3],[-9,0],[0,-4],[8,1],[5,-2],[17,10],[7,3],[3,-2],[20,10],[-1,7],[-6,1],[4,3]],[[88164,13480],[4,10],[29,0],[-2,-9],[7,2],[18,-17],[0,-6],[7,-2],[-1,12],[3,0],[8,20],[47,1],[2,38],[6,29],[39,84]],[[88331,13642],[24,-14]],[[88371,13721],[-10,-13],[10,-33],[22,-18],[5,-11]],[[88331,13642],[2,8],[-9,1],[-18,-24],[-4,1],[-9,-11],[-11,3],[12,17],[-5,3],[-28,-16]],[[88261,13624],[-8,6],[-4,-2],[-9,6],[2,6],[-5,4],[5,3],[-24,22],[-56,-24],[-20,7]],[[88164,13480],[-14,7],[-6,-2],[-26,15],[7,0],[38,47],[-4,1],[-2,14],[-8,-1],[-5,4],[39,17],[24,24],[9,-3],[45,21]],[[89037,13851],[0,0]],[[89009,13850],[-6,0],[6,4],[0,-4]],[[89023,13856],[0,0]],[[89031,13857],[-2,-2],[-6,2],[8,0]],[[89051,13847],[-7,0],[2,10],[8,-2],[-3,-8]],[[89039,13856],[0,0]],[[89014,13855],[0,0]],[[89031,13861],[10,0],[4,-3],[-2,-8],[-3,8],[-2,-2],[-7,4],[-10,-3],[10,4]],[[89102,13592],[-130,23]],[[88972,13615],[-73,14],[-36,13],[-198,32]],[[88665,13674],[7,8],[4,0],[-4,-5],[3,-1],[24,-2],[34,27],[7,-2],[7,4],[-4,3],[15,11],[9,3],[3,-1],[9,8],[-4,3],[8,5],[-56,29],[-41,16],[-85,22]],[[88621,13875],[17,5],[21,-7],[30,-2],[8,7],[13,1],[50,-6],[-3,-16],[4,-6],[-4,-6],[5,-2],[3,3],[12,-7],[16,8],[3,9],[11,7],[7,0],[18,5],[16,8],[8,-4],[-1,-7],[-12,-1],[-12,2],[-33,-13],[-2,-11],[20,-10],[3,-4],[-2,-6],[12,-1],[12,-10],[10,0],[25,-19],[31,-9],[6,3],[10,1],[21,-13],[-2,-4],[20,-4],[15,2],[8,-7],[7,4],[-6,7],[7,-4],[7,5],[-4,3],[10,-1],[21,21],[12,7],[-4,10],[1,30],[-12,6],[19,-3],[-4,-4],[12,5]],[[89051,13847],[6,8],[5,1],[-2,-6],[11,2],[-4,-4],[5,-2],[6,10],[3,-11],[2,10],[49,-1],[21,8],[7,0],[5,-7],[5,-12],[-16,-18],[-6,-4],[-28,-2],[-22,-14],[0,-5],[-31,-10],[4,-8],[-14,-7],[2,-6],[-8,-8],[-7,-18],[12,4],[22,-1],[0,-2],[-9,-1],[18,-11]],[[88723,13888],[-29,0],[-2,3],[7,6],[22,6],[8,-11],[-6,-4]],[[88958,13963],[10,-14],[7,0],[-1,-5],[8,-10],[2,-7],[-9,-8],[-4,20],[-22,7],[-8,5],[-2,8],[-40,-22],[2,-6],[-21,-12],[-8,-10],[-11,-4],[-22,4],[-23,7],[-5,7],[-12,3],[15,2],[-2,3],[-16,0],[-6,20],[-10,5],[1,7],[14,0],[23,8],[9,10],[21,2],[38,-3],[20,-5],[39,-2],[17,-3],[7,-5],[-11,-2]],[[88987,14019],[-8,-9],[-10,3],[-6,5],[20,3],[4,-2]],[[88929,14020],[4,-5],[24,0],[13,-6],[1,-3],[-11,2],[-11,-2],[2,3],[-3,3],[-9,1],[-4,-4],[-12,3],[-5,-2],[-11,5],[1,5],[-5,4],[26,-4]],[[88802,14028],[4,-4],[9,1],[4,-3],[7,3],[17,-2],[16,1],[-19,-3],[-3,-5],[-6,-3],[-7,1],[-5,5],[-21,-3],[-14,5],[10,9],[8,-2]],[[88999,14030],[-6,-7],[-27,-1],[-15,-5],[-14,0],[-5,4],[-18,3],[-5,3],[51,3],[10,-1],[3,-6],[11,2],[-6,2],[21,3]],[[88842,13355],[-16,-7],[-27,1],[-2,6],[-24,-1],[-3,3],[-20,2],[-52,12],[-5,-3],[-26,0],[-21,4],[-2,4]],[[88742,13532],[8,17],[-1,7],[9,0],[-1,-3],[10,0],[7,-3],[7,4],[6,-3],[7,3],[3,-3],[16,2],[9,-4],[6,6],[19,6],[21,17],[30,16],[3,-2],[24,10],[18,-7],[29,20]],[[88626,13589],[3,62],[6,25]],[[88635,13676],[30,-2]],[[87839,13601],[27,74],[-8,34],[8,31],[25,36],[-4,22],[14,22],[22,-3],[-2,-5],[8,-1],[-2,-3],[13,-1],[8,7],[21,-38]],[[87987,13833],[0,0]],[[87857,13540],[-46,-9],[-27,12],[-17,3],[-5,8],[-13,7],[-56,16],[-21,-3],[-5,9],[-30,20],[-3,-3],[-28,14],[-23,4],[-22,12],[-69,28],[-31,9],[-5,4]],[[87456,13671],[66,25],[36,24],[84,10],[28,9],[7,4],[1,5],[9,-3],[-8,11],[10,4],[9,-12],[5,2],[-8,9],[1,9],[29,-3],[1,1],[35,3],[16,12],[10,1],[29,20],[20,19],[1,21],[-5,5],[42,28],[9,11],[36,16],[32,7],[9,-7],[6,-15],[-2,-6],[-19,-6],[22,5],[2,-18],[-9,-6],[15,3],[3,-6],[-5,-2],[4,-8],[-5,-3],[15,-7]],[[88398,13953],[0,0]],[[88385,13955],[0,0]],[[88164,13980],[3,4],[13,38],[10,13],[16,13],[19,7],[26,-2],[40,-8],[41,-16],[48,-64],[-5,-4],[7,-1],[-9,-2],[0,-2],[10,-1]],[[87936,13933],[-4,3],[-5,-3],[-23,3],[-22,-17],[2,-4],[-19,-18],[-11,-6],[-25,4],[-20,10],[-4,-2],[25,-12],[-11,-7],[11,-5]],[[87830,13879],[-13,5]],[[87748,13902],[29,25],[-121,9],[-98,12]],[[87558,13948],[2,9],[14,2],[-12,31],[62,28],[29,9]],[[87653,14027],[55,22],[41,-17],[42,10],[12,-27],[40,4],[4,-17],[20,1],[38,-6],[22,-14],[22,-21],[-12,-24],[-1,-5]],[[87506,14563],[-21,0],[3,3],[15,-1],[3,-2]],[[88234,14085],[-2,0],[-33,-3],[-20,-5],[-17,-9],[-17,-17],[-25,-41],[-2,-12],[5,-4],[-4,-9],[-19,-13],[-12,-13],[-15,-2],[-21,6],[-17,8],[-11,0],[-5,-8],[17,1],[7,-2],[0,-4],[24,-2],[22,-13],[-8,-15],[-11,-4],[-4,-6],[-1,-9],[4,-8],[3,0],[-1,-20],[-21,-38],[-13,1],[-26,16],[-38,53],[-22,17],[-15,3]],[[87653,14027],[-16,14],[-4,-1],[-4,39],[55,17],[27,-19],[44,14],[9,10],[-6,37],[25,49],[-6,3],[-4,6],[-5,1],[-4,10],[2,28],[-9,1],[-1,3],[5,40],[-24,10],[32,14],[12,10],[-29,16],[0,26],[-18,2],[-16,11],[-16,2],[-16,7],[-8,-1],[-3,4],[-10,3],[-15,-1],[-5,4],[-10,1],[-57,34],[-2,6],[-8,0],[-11,28],[-6,3],[-11,2],[-3,-5],[-33,2],[-13,14],[-14,5],[-1,-9]],[[87476,14467],[-4,1],[-1,6],[-9,3],[0,3],[-5,0],[13,19],[-5,3],[-6,13],[-13,1],[-4,12],[-13,10],[15,15],[24,9],[18,-6],[2,-3],[48,-3],[15,-6],[7,2],[-6,5],[-3,10],[-7,-2],[-18,5],[12,2],[11,-5],[-8,8],[-12,0],[-15,-7],[-7,4],[-20,0],[-6,-2],[-11,2],[-2,4],[11,29],[20,18],[-1,9],[27,39],[28,19],[14,29],[113,38],[32,4],[51,-1],[36,-5],[164,-12],[41,3],[19,-7],[54,0],[42,-6],[45,9]],[[87452,13909],[-27,25],[-20,12]],[[87405,13946],[47,3],[105,-3],[1,2]],[[88635,13676],[-23,7],[-82,13],[8,35],[47,48],[16,23]],[[82489,11356],[-1,-12],[25,-9],[5,-7],[34,-14],[4,-20],[14,-16]],[[82570,11278],[-23,0],[-16,-7],[-35,0],[-17,-3],[-48,5],[-10,-17],[-21,-1],[-24,-12],[-5,4],[-18,-11],[-6,-20],[-18,1],[-11,-3],[-22,-13],[-30,-9],[-43,-28],[-23,-5],[45,-37],[12,-2],[-3,-23],[-4,-2],[-11,-41],[60,-13],[-25,-63],[18,-2],[4,-19],[-10,-32],[8,-11],[9,-3],[12,-16],[-10,-21],[-3,-1],[1,-33],[8,-10],[15,-8],[22,-19],[10,-5],[14,-1],[24,-10],[-7,-20],[-10,-10],[0,-5],[10,-10],[21,-9],[31,-5],[15,0],[-1,-3],[14,-3],[19,-30],[10,1],[9,-2],[-9,-6],[-36,-34],[-5,-23],[-16,1],[-36,10],[-41,1],[-5,-2],[5,-8],[-6,-5],[0,-17],[-13,-5],[-53,-35],[-12,2],[-5,7],[-17,8],[-25,-2],[-10,4],[-18,-3],[-8,-15],[-8,-5],[-27,7],[-40,-4],[-38,-9],[-17,-12],[-35,-7],[7,-10],[13,-43],[10,-16]],[[82062,10470],[-7,1]],[[82055,10471],[-18,3],[-3,-4],[-11,2],[-8,-8],[-11,5],[-7,-7],[-13,6],[-12,-4],[-44,3]],[[81928,10467],[-32,-6],[-30,6],[-6,4],[-24,-1]],[[81836,10470],[0,7],[-32,-4],[-24,4],[3,17],[-1,3],[-9,1],[-1,-5],[-8,0],[-6,-15],[-15,-2],[-13,9],[-18,2],[-17,-4],[-14,1],[-7,-5],[-19,-1],[-3,7],[-3,-10],[-36,-2],[0,-2],[-74,18],[-99,9],[-19,-3],[-63,-1],[-53,13],[-36,-1],[-61,-16],[-22,2],[-22,11],[1,13],[8,4],[9,20],[20,21],[4,19],[20,36],[-10,4],[-48,-8],[5,19],[23,39]],[[81196,10670],[8,7],[2,21],[-8,19],[2,10],[-35,23],[-3,8],[35,1],[14,9],[0,3],[-24,12],[-9,10],[3,20],[13,8],[11,0],[-34,26],[40,23],[40,10],[5,-19],[23,-9],[28,-16],[28,-10],[4,7],[-3,1],[14,17],[35,5],[11,15],[11,1],[33,-4],[7,9],[9,1],[0,33],[-11,-2],[-9,14],[8,20],[-9,24],[7,17],[4,1],[-2,4],[4,8],[-7,7],[4,3],[-11,8],[21,16],[22,6],[12,-2],[10,2],[24,9],[-9,30],[3,93]],[[81620,11226],[10,-12],[14,-8],[20,6],[23,2],[-1,4],[6,2],[2,-2],[18,3],[4,-5],[16,3],[0,9],[6,1],[70,-6],[-1,10],[35,2],[-1,4],[24,7],[-7,15],[16,3],[0,7],[9,2],[9,-2],[22,6],[16,-3],[13,1],[8,12],[-1,7],[39,4],[18,10],[-10,9],[12,5],[29,3],[16,47],[3,4],[25,3]],[[82082,11379],[84,10],[67,-18],[-4,-5],[26,-3],[5,-3],[7,-16],[18,-1],[26,0],[9,3],[18,-1],[20,3],[30,-3],[15,4],[3,-1],[12,3],[5,5],[11,1],[8,5],[15,-2],[6,5],[8,1],[18,-10]],[[82751,11164],[-17,-22],[-5,-3],[-5,-21],[-7,-10],[-7,7],[-54,12],[-61,20],[3,8],[24,8],[-10,7],[4,11],[-14,9],[-15,20],[22,9],[-1,5],[-24,18],[-8,10],[-6,26]],[[82489,11356],[28,15],[39,2],[-7,8],[-12,5],[1,5],[-8,11],[2,6],[-10,14],[2,3],[-3,3],[12,6],[-18,28]],[[82515,11462],[46,12],[48,5],[45,0],[55,-7],[61,1],[-1,-7],[5,-2],[66,-21]],[[82840,11443],[-2,-2],[24,-5],[5,-5],[10,1],[17,-23],[18,-13],[13,-17],[12,-6],[2,-14],[9,-4]],[[82948,11355],[15,-7],[4,2],[14,0],[9,-7],[8,1],[17,-3],[5,4],[0,11],[20,4],[9,12],[14,1],[-9,2],[12,13],[-8,7],[-9,1],[-1,5],[9,2],[3,8],[23,-1],[5,3]],[[83088,11413],[21,11],[12,10],[16,-2],[12,4],[-1,4],[6,4],[4,-1],[10,7],[12,20],[11,9],[10,-1],[10,5],[13,-3],[8,4],[3,-3],[8,0],[3,4],[5,-3],[14,0],[4,-3],[5,4],[10,0],[1,2],[10,0],[0,-4],[16,1]],[[81755,10106],[-32,-74],[1,-24],[12,-37]],[[81736,9971],[-108,5],[-30,-3],[-27,-9],[5,-40],[40,5],[0,-15],[-39,0],[-1,-6],[-22,1]],[[81554,9909],[-8,12],[-1,23],[-9,19]],[[81536,9963],[5,19],[23,22],[-1,40],[7,16],[-1,13],[-6,6]],[[81563,10079],[34,5],[15,7],[14,0],[2,3],[30,3],[8,3],[6,-2],[19,5],[18,0],[4,12],[42,-9]],[[81913,9794],[-44,-1],[-1,-3],[-36,4],[-2,-4],[-54,9]],[[81776,9799],[102,156]],[[81878,9955],[7,11]],[[81885,9966],[1,-12],[11,-11],[164,-114]],[[81930,10055],[-19,-48],[-26,-41]],[[81878,9955],[-8,1],[-1,-4],[-23,-1],[-6,11],[-58,-11],[-6,0],[-1,4],[-17,0],[-15,-1],[-9,-3]],[[81734,9951],[2,20]],[[81755,10106],[31,11],[36,-7],[10,-5],[2,-12],[4,-3],[8,2],[10,-2],[10,2],[11,-2],[16,3],[3,-9],[16,-15],[7,-14],[11,0]],[[81776,9799],[-14,-18],[-35,5],[2,4],[-23,1],[-7,3],[12,29],[1,19],[-25,-1],[-43,9],[-11,5],[-5,7]],[[81628,9862],[23,1],[0,16],[27,2],[8,7],[44,-1],[4,64]],[[81930,10055],[21,-1]],[[81628,9862],[-10,-1],[-28,8]],[[81590,9869],[-26,20],[-10,20]],[[82166,11583],[6,2]],[[82172,11585],[1,-16],[8,-26],[1,-23],[-18,-2],[-15,-8],[-43,-5],[-6,1],[-4,-9],[-27,-1],[-17,-54],[-2,-32],[34,-3],[-1,-21],[-4,-1],[3,-6]],[[81745,11617],[56,-7],[6,-18],[36,1],[-2,7],[23,5],[6,-6],[36,4],[29,-1],[5,10],[26,-5],[-4,-4],[32,-3],[-1,-2],[25,-7],[148,-8]],[[82525,11568],[-4,-27],[-17,-16],[-11,-2],[-6,-12],[13,-31],[15,-18]],[[82172,11585],[74,37],[27,-1],[15,-4],[45,1],[23,-5],[66,-6],[37,1],[66,-40]],[[81836,10470],[-7,0],[3,-37],[-3,0],[15,-17],[15,-34],[-2,-20],[-13,-3],[23,-19],[25,-7],[-9,-9],[22,-5],[18,-1],[-23,-14],[-8,-29],[42,-82],[10,-8],[18,0],[21,4]],[[81983,10189],[-10,-26],[36,-2],[-1,-11],[14,-6]],[[81563,10079],[-1,3],[-9,-4],[-31,-7],[-10,10],[5,6],[14,62],[-34,-2],[-55,5],[-11,11],[-23,-21],[-23,-41],[2,-7],[-16,-4],[-4,5],[-3,-6],[-7,-1],[-17,4],[-2,5],[-6,1],[-5,-3],[-3,-12],[6,-13],[-5,-2],[3,-23],[-72,-10],[9,22],[0,28],[-32,4],[-17,10],[-40,1],[-15,-6],[-10,4],[-18,-11],[1,-5],[-8,-6],[-12,2],[-23,-10],[-17,0],[-9,22],[-17,7],[-26,2],[-4,2],[-45,-1],[-5,0],[-1,4],[-16,3],[-23,0],[-17,3],[-5,-1],[-11,3],[-13,1],[-46,19],[-21,1],[-15,5]],[[80961,10671],[33,3],[54,-1],[12,2],[8,17],[11,1],[3,-6],[-3,-6],[11,-1],[0,-8],[36,-2],[28,4],[42,-4]],[[81536,9963],[-23,-3],[-38,1],[8,-13],[9,1],[-4,-24],[-40,-1],[1,-5],[-13,-1],[0,-3],[-13,0],[-7,-17],[5,-10],[-5,-3],[-8,2],[-9,-2],[-17,5],[-21,-2],[-23,5],[-2,-2],[-20,3],[-9,-2],[14,-6],[-13,-35],[2,-13],[11,-6],[-11,-20],[-17,-5],[-14,-8],[-8,-1],[-10,3],[-16,-1],[-26,-10],[3,-3],[-12,-10],[-8,-14],[-4,6],[-6,1],[-3,-27],[5,-92],[31,-78],[3,0],[22,-31],[-15,-4],[6,-17],[49,2],[67,12],[36,0],[7,3],[2,4],[6,0],[102,-5]],[[81510,9537],[73,-9],[5,2],[2,-10],[-14,-12],[8,-1],[-2,-18],[23,0],[4,-6],[21,-1],[14,-15],[-9,-7],[27,-6],[30,-11],[39,-8],[21,-7],[-23,-66],[21,-3],[35,0]],[[81770,9293],[-21,-19],[-51,-3],[3,14],[-24,11],[-75,-14],[-7,-6],[4,-21],[-1,-24],[-20,-1],[-67,12],[-43,-1]],[[81468,9241],[-16,-2],[-2,19],[6,19],[-6,3],[23,65],[-26,0],[0,-9],[-5,0],[-2,-13],[-81,5],[-29,-20],[-16,0],[11,-42],[-5,-25],[-31,-40],[-12,-8],[-14,-1],[-19,-10],[19,-53]],[[81263,9129],[-14,4],[-50,5],[-28,-1],[-16,6],[-18,43],[-17,9],[-26,-53],[-37,4],[-45,0]],[[81012,9146],[-2,43],[-100,10],[-1,8],[-9,8],[-11,1],[-57,-20],[-11,-8],[-36,-30],[-12,-19],[-4,-17]],[[83088,11413],[-23,35]],[[83065,11448],[21,-2],[1,8],[-7,13],[4,1],[-4,14],[-19,0],[-9,-11],[-22,4],[-1,18],[-6,22],[-5,0],[2,5],[-6,4],[-17,-5],[-2,3],[-16,-3],[0,19],[-7,0],[0,5],[-4,-4],[-2,9],[-8,4]],[[82958,11552],[18,12],[25,11]],[[83001,11575],[12,3],[1,3],[22,-1],[17,7],[24,6],[57,-5],[38,-1],[58,2],[27,7],[11,-5],[21,-3],[40,8]],[[82958,11552],[-19,-15]],[[82939,11537],[-22,-14],[-27,-12],[-34,21],[-51,15],[3,5],[7,-2],[7,8],[5,-2],[10,21],[-5,0],[-3,7]],[[82829,11584],[34,7],[11,-1],[-4,16],[16,-3],[4,5],[16,-2],[5,-6],[17,-2],[-1,-4],[19,-4],[1,-3],[10,1],[11,-3],[2,-3],[31,7],[5,-6],[-5,-8]],[[82948,11355],[19,29],[6,21],[10,8],[-7,31],[4,6],[7,2],[26,-2],[17,1],[35,-3]],[[82939,11537],[-46,-65],[-53,-29]],[[82525,11568],[32,9],[64,12],[1,-2],[43,6],[42,-3],[40,0],[24,-6],[58,0]],[[81510,9537],[1,13],[12,27],[-1,16],[-9,23],[4,33],[18,51],[6,36],[32,83],[9,11],[6,22],[-5,0],[7,17]],[[82176,10254],[8,-1],[-73,-25],[-24,-19],[-27,-4],[3,-6],[-4,-10],[36,-7],[-8,-13],[0,-15],[-7,-4]],[[81983,10189],[51,129]],[[82034,10318],[62,-3],[4,-24],[9,-11],[67,-26]],[[82290,10380],[-8,-7],[-13,-30]],[[82269,10343],[-21,-20],[-3,5],[-22,-9],[-3,-10],[-12,-9],[-8,3],[-2,-7],[-7,-5],[4,-9],[6,-3],[-3,-4],[7,-2],[-29,-19]],[[82034,10318],[24,60]],[[82058,10378],[46,0],[35,6],[15,11]],[[82154,10395],[10,-7],[27,3],[12,-15],[15,-7],[37,1],[16,9],[19,1]],[[82269,10343],[19,4],[17,0],[-3,-14],[-15,-9],[15,-8],[9,2],[2,-7],[9,-1],[7,-9],[23,-9],[38,-3],[-4,-7],[2,-14],[7,-13],[-6,-10]],[[81928,10467],[3,-5],[-5,-3],[1,-4],[6,0],[4,-7],[3,-15],[23,-22],[-9,-4],[6,-13],[20,2],[36,-9],[17,-10],[25,1]],[[82055,10471],[11,-32],[1,-33],[50,10],[32,20],[9,2],[0,-33],[-4,-10]],[[82062,10470],[19,0],[4,25],[11,-3],[25,2],[-1,-6],[11,3],[35,-3],[9,2],[0,-12],[20,-2],[4,10],[24,-1],[7,8],[8,-1],[24,4],[2,-8],[27,-3],[15,-5],[14,9],[-1,9],[7,4],[17,-6],[52,-30],[-9,-1],[0,-3],[23,-31],[-22,-2],[-30,-23],[-40,-15],[-15,-9],[-12,-2]],[[75952,14496],[59,-20],[14,-8],[25,-27],[-25,-9],[7,-7],[11,4],[1,-9],[22,-3],[19,7],[11,-8],[-13,-3],[0,-10],[8,-14],[10,0],[-8,-18],[-20,1],[-1,-19],[5,0],[-15,-47],[24,-31],[-29,-16],[5,-10]],[[76062,14249],[6,-3],[0,-5],[-17,-30],[-17,2],[-9,-3],[-39,7],[-19,-14],[-12,-16]],[[75955,14187],[-13,2],[-2,-2],[-23,5],[16,18],[-12,1],[-7,-3],[1,-2],[-14,-1],[-17,-6],[-33,0],[-1,5],[-24,3],[-4,3],[-6,-3],[-9,1],[1,3],[-5,2],[14,10],[-13,6],[-20,-4],[-36,-14],[-34,-4],[-1,-5]],[[75713,14202],[-22,18],[-26,9],[-10,-7],[-24,8],[-16,14],[-3,21],[-80,-12],[5,-11],[-14,-4],[3,-13],[-11,-1],[-19,-8],[9,-18],[-12,-3],[-13,5],[-3,-9],[-10,2],[0,3],[-8,0],[-7,-8],[-49,8]],[[75403,14196],[-5,67],[4,26],[-15,27],[-4,20]],[[75713,14202],[16,-12],[-38,-6],[-103,-28],[49,-11],[-1,-16],[30,-11],[-18,-24],[-12,-10],[62,4],[68,-3]],[[75766,14085],[-3,-7]],[[75763,14078],[-8,-1],[-37,-22],[-33,-30],[-7,-13],[8,-12]],[[75686,14000],[-14,-4],[-14,1],[-69,-8],[-6,-4],[1,-6],[23,-20],[-40,-12],[-12,2],[-11,9],[-30,4],[-32,-18],[10,-8],[-8,0],[-17,-5],[1,-6],[-42,7],[-12,-25]],[[75414,13907],[-10,15],[-11,41],[-24,45],[-3,22]],[[75366,14030],[-2,14],[5,0],[33,1],[33,-6],[20,3],[-7,23],[-24,17],[-9,11]],[[75415,14093],[-19,46],[0,17],[8,21],[-1,19]],[[75926,14156],[71,-9],[47,2],[51,-11],[49,-1]],[[76144,14137],[-1,-19],[14,-15],[18,-9],[-24,-17]],[[76151,14077],[-24,0]],[[76127,14077],[-68,2],[-23,4],[-19,-8],[12,-16],[-3,-12],[-18,4]],[[76008,14051],[-47,10],[3,13],[-8,6],[9,4],[-8,5],[2,8],[-7,-1],[5,9],[-34,4],[-5,4],[4,5],[-5,5]],[[75917,14123],[6,17],[-7,17],[10,-1]],[[75890,14003],[6,-26],[8,-4],[-4,-6],[5,-13],[16,-23]],[[75921,13931],[-13,-5],[-17,9],[-29,5],[-18,13],[-13,-21],[-16,-7],[-14,0],[-46,10]],[[75755,13935],[-4,22],[-5,7],[-25,23],[-35,13]],[[75763,14078],[20,-4],[64,-31],[22,-2],[3,4],[7,-1],[11,-41]],[[75755,13935],[-3,-5],[-18,-4],[-38,-29],[-23,-24],[-19,-29]],[[75654,13844],[-205,-23]],[[75449,13821],[-25,71],[-10,15]],[[75921,13931],[22,-19],[25,-15]],[[75968,13897],[8,-6],[37,-13]],[[76013,13878],[-81,-27],[-124,-8],[-60,12],[-94,-11]],[[75531,13400],[15,11],[-25,8],[-11,6],[-5,9],[1,8],[15,19],[21,-16],[17,-5],[2,3],[-7,2],[0,3],[7,13],[11,9],[12,23],[-35,7],[-7,-11],[-14,-4],[-29,45],[-3,21],[8,13],[15,11],[27,9],[33,1],[-5,5]],[[75574,13590],[5,25],[95,-13],[5,25],[16,24],[30,25],[218,-34],[61,1]],[[75955,14187],[-29,-31]],[[75917,14123],[-6,-2],[-19,7],[-18,3],[-53,0],[0,-5],[-7,-2],[-1,-18],[-45,-17],[-2,-4]],[[76008,14051],[5,-23],[-30,-8],[0,-3],[-62,-19],[-7,6],[-13,-2],[-11,1]],[[67291,8368],[8,-16],[3,-26],[-28,-21],[-2,-19],[32,-12],[18,-40],[16,-18],[2,-12],[-6,-15],[13,-11],[13,-6],[22,-32],[10,-8],[15,-6],[16,-37],[30,-19],[8,-8],[2,-16]],[[67463,8046],[-10,1],[-8,-3],[-44,6],[-14,-1],[-63,-17],[-53,4],[-7,4]],[[67264,8040],[19,8],[4,6],[-3,14],[-20,12],[5,34],[0,11],[-6,7],[-52,-15],[-54,-13]],[[67157,8104],[11,15],[-3,21],[6,19],[-2,11],[-8,12],[-6,34],[-83,-5],[-28,1],[-26,-11],[-18,-1],[-22,-5],[-15,1]],[[66963,8196],[-1,10],[-13,9],[-1,8],[-69,12],[-25,1],[-12,2],[-9,6],[15,3],[73,37],[42,14],[-11,11],[-6,16],[-24,33],[-50,6],[-24,0]],[[66848,8364],[37,30],[56,38],[10,-1],[11,-17],[27,-10],[37,-8],[-2,-3],[12,-3],[-1,-1],[18,-2],[103,-23],[46,-5],[89,9]],[[68611,9767],[-4,-3],[0,-6],[-12,-8],[-2,4],[-10,2],[-4,-10],[-8,-3],[-31,-2],[-36,6],[1,-9],[-26,2],[-1,-3],[-42,0],[6,-31],[-22,-53],[-5,-35],[6,-29],[22,-36]],[[68443,9553],[7,-9],[17,-8],[52,-5],[18,-5],[15,-9],[21,-26],[21,-15],[52,-25],[59,-14]],[[68705,9437],[0,-17],[-31,-21],[4,-9],[-3,-3],[-8,1],[-43,-9],[-23,-12],[-27,3],[-6,-26],[-40,5],[-26,-20],[-23,2],[-70,-22],[1,-5],[-14,7],[6,1],[0,11],[-11,1],[-2,3],[15,9],[3,5],[-39,7],[-15,9],[-21,27],[-20,1],[-1,3],[-97,37],[4,-5],[-15,-8],[-12,2],[-12,6],[-27,-4],[-15,11],[3,-8],[-3,-24],[-17,-52],[-2,3],[-8,-3],[-2,4],[-5,0],[-1,-4],[-9,1],[-4,4],[-4,-2],[-8,7],[-14,-1],[-1,3],[-10,-2],[-13,0],[0,-3],[-8,-2],[-18,12],[-5,-2],[-8,10],[-6,0],[1,3],[-13,3],[-6,6],[-13,3],[-20,-1],[-33,-9]],[[67910,9373],[-12,50],[-24,52],[-21,68],[-27,49],[-29,14],[-51,3],[-28,7],[-4,-5],[-15,-3],[-8,-4],[-33,-7],[-9,2],[-8,-1],[-9,2],[1,-4],[-13,-5],[-8,2],[2,-3],[-6,-3],[-15,1],[-2,-6],[-6,3],[-7,-2],[-12,2],[-11,5],[-7,-2],[-10,3],[-24,-6],[-4,-4],[-6,1],[-11,-3],[-8,3],[-13,12],[-61,-14],[-31,-16],[-60,-21],[-2,-4],[-57,6],[-42,-4],[-45,-7],[-43,-11],[-31,-11],[-7,-5],[-65,-28],[-11,-9],[-19,-6],[-36,-24]],[[66962,9440],[-4,21],[-58,57],[-26,-5],[-23,-8],[-12,0],[0,-2],[-13,-2],[-4,-5],[-10,0],[-4,-5],[-7,1],[-13,-7],[-13,-2]],[[66775,9483],[13,18],[3,19],[10,11],[10,27],[12,11],[-4,4],[15,18],[-6,32],[-19,24],[-9,5],[37,5],[-10,12],[-13,4],[0,5],[4,14],[17,23],[0,6],[25,36],[-3,3],[4,22],[-8,17],[7,16],[-2,9],[15,15],[-11,4],[18,8],[69,7],[15,5],[-2,3]],[[67511,9947],[-35,-36],[-49,23],[-62,19],[-52,-34],[-7,-21],[-6,-6],[-45,-28],[-31,-9],[-21,-12],[-94,-17],[-55,16],[-18,2],[-74,22]],[[67157,8104],[-241,-35]],[[66916,8069],[5,9],[-3,10],[12,13],[5,10],[-3,2],[5,17],[-9,14],[3,16],[16,10],[8,14],[6,1],[-2,3],[4,8]],[[66888,7994],[-32,-15],[-6,-7],[-4,2],[-17,-9],[-12,-11],[-5,-18]],[[66888,7994],[9,-5],[9,-1],[9,5],[14,1],[23,8],[54,5],[57,17],[42,3],[43,-11],[-8,-5],[5,-1],[-15,-6],[-2,-4],[2,-18],[6,6],[13,-4],[0,-3],[25,3],[2,-2],[10,5],[-7,0],[32,9],[-1,4],[18,4],[-6,16],[-14,12],[16,2],[35,-3],[5,9]],[[67463,8046],[-4,-50],[11,-3],[16,-28],[9,-4],[10,-9],[6,-35],[-6,-11],[-50,-2],[-14,-10],[1,-8],[-31,-23]],[[67411,7863],[-97,24],[-10,1],[-6,-2],[-49,13],[-24,-3],[-4,-3],[-3,3],[-23,5],[-19,2],[-3,-3],[-31,7],[-31,3],[-2,-3],[-5,3],[-40,4],[-6,-1],[-21,3],[-12,1],[-3,-2],[-94,13],[-85,8],[-18,1],[-4,-4],[-9,3]],[[67010,9099],[8,-13],[95,5],[32,-3],[207,-51],[12,-11],[-38,-15],[4,-14],[19,-9],[7,-12],[7,-24],[-2,-26]],[[67361,8926],[-75,-59],[-82,-143],[-41,-24],[-31,-54],[-124,-112],[7,-9],[-17,-38],[-26,-13],[-74,-44],[-35,-31],[-15,-35]],[[66916,8069],[-1,-2]],[[66481,8059],[87,11],[28,-1],[22,2],[0,2],[85,1],[128,-9],[84,2]],[[66316,8027],[165,32]],[[66010,8199],[4,6],[24,11],[41,14],[-10,14],[-2,11],[20,7],[4,-3],[106,50],[75,9],[30,-29],[-25,-10],[18,-16],[15,-3],[34,-53],[15,-17],[7,-19],[-9,-5],[-2,-16],[-15,-6],[3,-15],[-4,-3],[-2,-15],[-25,-6],[2,-22],[8,-8],[0,-25],[12,-7],[-18,-16]],[[65743,8468],[-9,-2],[8,-8],[24,-2],[6,-5],[-26,-10],[0,-9],[-20,5],[-3,-5],[16,-6],[32,5],[-3,-7],[-13,-3],[17,-30],[23,-16],[7,0],[14,5],[6,-3],[-2,-4],[-14,-9],[-2,-6],[17,-4],[13,-11],[22,4],[11,-21],[30,-13],[-7,-7],[-2,-11],[-17,-3],[-2,-3],[8,-15],[17,-1],[3,-2],[-3,-5],[-7,-2],[-7,-12],[-9,-5],[3,-6],[16,2],[-11,-8],[1,-3],[18,6],[5,-1],[-16,-25],[6,-8],[22,-13],[4,-7],[5,2],[-2,8],[11,1],[3,-3],[-1,-7],[4,-2],[11,4],[10,15],[12,6],[9,0],[29,-9]],[[65687,8550],[26,-13],[26,0],[3,-9],[-8,-14],[1,-5],[6,-4],[17,3],[9,-6],[-5,-7],[-15,-3],[0,-9],[12,-6],[-8,-8],[-8,-1]],[[65687,8550],[3,2],[10,0],[41,-5],[36,-10],[13,-7],[0,-8],[21,-21],[21,-2],[3,7],[8,5],[53,-2],[1,-17],[6,-8],[-1,-13],[10,-1],[96,3],[-8,28],[26,5],[8,-3],[5,-9],[26,-6],[2,-4],[5,2],[-2,12],[29,-7],[25,31],[5,22],[34,2],[-13,34],[5,25],[-7,39],[-10,9],[-35,14],[-4,17],[-20,4],[-8,19],[-1,17],[9,6],[-4,9],[5,28],[1,49],[14,25],[40,27],[6,22],[-3,18],[-5,7],[3,7],[-7,5],[-16,26]],[[66113,8953],[50,8],[105,9],[96,2],[-3,1],[110,33],[90,56],[110,45],[138,9],[56,-6],[31,-12],[31,-6],[10,6],[73,1]],[[68875,9344],[9,-6],[12,-3],[27,-11],[13,-11],[5,-12],[-6,-26],[27,-33],[-10,-38],[26,-10],[18,5],[-2,-5],[9,-14],[20,-21],[71,-19],[14,0]],[[69108,9140],[1,-22],[6,-1],[109,-6],[4,3],[12,2],[7,-2],[7,2],[5,-8],[160,-125],[58,-22],[61,-19]],[[69538,8942],[9,-6],[115,-32]],[[69662,8904],[-15,-10],[-30,-10],[25,-27],[-20,-5],[-10,-6],[-5,1],[-39,-5],[-33,-18],[39,-12],[7,-14],[-8,-27],[18,-15],[47,-9],[0,-4],[20,2]],[[69658,8745],[-6,-15],[20,-33],[-10,-5],[-3,-8],[13,-13],[30,-7],[5,9],[25,18],[1,6],[12,-3],[3,-5],[-6,-32],[6,-11],[7,0],[31,-34],[35,-46],[-10,-5],[8,-11]],[[69819,8550],[-15,-3],[-3,11],[-34,-6],[-8,28],[-12,11],[-30,3],[-22,-6],[-10,1],[-8,-3],[-7,5],[-4,13],[-13,8],[-44,0],[34,17],[-30,28],[-36,1],[2,31],[-112,-10],[-38,-6],[-103,50],[-13,21],[-1,26],[-8,16],[-3,63],[-25,13],[-18,5],[-24,-3],[-22,6],[-29,4],[-79,-7],[-88,10],[-27,-3],[-6,-15],[-17,3],[-4,-2],[2,-8],[-18,-14],[-7,-11],[-4,-24],[-14,1],[-6,-3],[0,-15],[12,-1],[-31,-32],[-52,-28],[-4,-6],[-22,-4],[-16,-9],[-24,-6],[-38,-8],[-57,-5],[-23,8],[-15,-4],[-38,-47],[2,-7],[12,-9],[-43,1],[-22,5],[-13,6],[-86,4],[-19,5],[5,-19],[-1,-34],[-16,-34],[-18,-24],[-11,-27],[-58,-1],[-4,2],[-73,-13],[-58,0],[-7,-10],[-15,3],[-11,-11],[3,-12],[-6,0],[-100,1],[1,7],[-62,2],[1,-7],[-18,4],[20,-32],[-14,-5],[-119,14]],[[67877,8453],[-282,29],[-86,-53],[-53,-41],[10,-5],[0,-7],[-33,-7],[-13,-5],[-45,-6],[-31,7]],[[67344,8365],[-53,3]],[[67361,8926],[64,47],[99,49],[23,6],[93,7],[17,6],[32,21],[14,-29],[-4,-5],[8,-5],[7,-19],[26,-29],[38,-31],[24,-25],[16,17],[18,5],[23,1],[84,-43],[4,-17],[13,3],[1,-7],[4,1],[-2,27],[9,9],[-6,10],[7,4],[4,7],[1,16],[5,5],[43,23],[72,-21],[24,2],[61,11],[22,7],[18,13],[34,37],[13,23],[-5,12],[-32,34],[-32,15],[68,88],[-5,5],[-18,3],[-24,19],[-16,3],[-9,7],[-14,3],[-31,-8],[-7,-9],[-9,-2],[-2,-4],[-24,-5],[-30,-1],[18,56],[-178,54],[-10,51]],[[68705,9437],[4,9],[166,-102]],[[69607,9203],[-48,-39],[-39,-20],[-14,-4],[-42,-3],[-15,2],[-3,-4],[12,-17],[10,-6],[6,-22],[19,-20],[16,-9],[-24,-11],[22,-19],[13,-6],[-2,-2],[22,-5],[15,2],[7,-4]],[[69562,9016],[0,-4],[5,-1],[-3,-7],[14,-9],[-6,-2],[3,-3],[-12,0],[-13,11],[-6,-1],[-11,-6],[14,-9],[-35,-18],[6,-2],[-5,-6],[20,-6],[6,1],[-4,-7],[6,-2],[-3,-3]],[[69108,9140],[42,36],[6,11],[0,20],[25,13],[-1,4],[32,25],[2,5],[34,10],[30,19],[33,2],[18,-2],[11,7],[22,6],[67,36]],[[69429,9332],[122,-102],[56,-27]],[[66763,9964],[-32,21],[-83,77],[-66,27],[-21,16],[-9,2],[0,6],[-26,0],[-37,5],[-36,-1],[-36,-8],[-15,0],[-44,2],[-30,5],[-10,3],[0,3],[-30,1]],[[66763,9964],[-45,3],[-72,-3],[-109,-42],[-67,-44],[-24,-3],[-21,-7],[-33,-19],[-5,-12],[-11,-4],[-1,-3],[-10,-5],[-8,1],[-23,-12],[-6,2],[-38,-6],[-6,-7],[-9,-3],[-4,5],[-51,1],[-49,-10],[-40,-1],[-15,6],[1,7],[-7,6],[-5,10],[-15,-3],[-24,6],[-17,12],[7,0],[14,10],[-3,1],[-8,-2],[-78,4],[-12,4],[-6,-4],[-21,2],[1,3],[-21,4],[-30,-1],[-3,21],[-58,15],[-26,3],[-9,-8],[-27,4],[0,2],[-26,5],[-6,-8],[-27,-2],[-29,-5],[15,-25],[26,-16],[-27,5],[-1,-6],[-23,-12],[14,-11],[-2,-18],[11,-6],[17,-2],[-2,-2],[-14,1],[-6,-2],[-12,8],[-3,-8],[-13,-7],[-20,5],[-9,-11],[18,-15],[-2,-1],[23,-7],[3,-12],[29,-9],[20,-14],[18,-6],[-16,-17],[5,-6],[-46,10],[-7,-14],[-9,1],[-11,-25]],[[64618,9974],[22,-47],[25,-29],[35,-9],[0,-11],[18,-16],[14,-35],[36,-21],[27,-21],[34,-22],[5,-22],[16,-14],[41,-25],[106,-48],[11,-13],[15,-5],[-4,-3],[13,-9],[17,-22],[11,-8],[13,-23],[86,15],[11,5],[24,11],[1,4],[10,2],[8,10],[15,7],[17,17],[-2,5],[-5,1],[6,4],[-1,3],[17,10],[15,6],[8,0],[7,6],[37,7],[6,-1],[5,7],[10,-1],[8,5],[14,2],[8,6],[11,0],[5,2],[14,-10],[32,-6],[1,-5],[25,-3],[27,-15],[9,-1],[7,3],[18,-8],[15,-1],[6,3],[5,-3],[28,-5],[21,6],[7,-1],[3,3],[21,0],[3,-2],[7,3],[3,-2],[7,7],[4,-2]],[[64274,10231],[-4,-60],[17,-45],[7,-1],[21,4],[17,-4],[25,-15],[32,-7],[27,-21],[8,-14],[19,-20],[42,-5],[48,-12],[11,-14],[3,-12],[12,-12],[31,-8],[28,-11]],[[65068,10212],[-4,4],[-5,33],[4,37],[0,70],[3,17],[5,7],[-6,1],[-9,-15],[-37,-6],[-28,-12],[-11,-5],[-19,-17],[-14,-7],[-20,4],[-26,-4],[-9,1],[-28,-3],[-25,-6],[-51,7],[-86,0],[-78,-18],[-32,-1],[-40,4],[-73,-45],[-11,-11],[-128,-84],[-36,49],[-30,19]],[[66288,10123],[-70,0],[1,23],[-109,23],[-40,5],[-2,3],[-55,9],[1,3],[-79,16],[-39,11],[-29,18],[-49,1],[-41,10],[-51,3],[-19,3],[-75,-55],[-43,39],[-16,25],[-56,39],[-81,111],[-62,-9],[-101,-32],[-8,-5],[-22,-26],[-59,-45],[-46,-53],[-24,-17],[-44,-40],[-2,29]],[[69767,9072],[-2,-2]],[[69767,9072],[0,0]],[[70077,8360],[-1,1],[-13,0],[-30,9],[-4,19],[2,18],[-8,11],[-26,10],[4,14],[7,4],[-4,11],[-9,5],[3,4],[-33,5],[-4,5],[-9,2],[-4,12],[-9,8],[-1,7],[-17,12],[-1,6],[-18,10],[-16,2],[-32,-4],[-22,6],[-13,13]],[[69658,8745],[8,0],[0,-12],[7,0],[1,-4],[25,-2],[2,-8],[10,1],[0,5],[21,1],[-3,-15],[23,-3],[6,12],[10,-2],[-1,-2],[49,-4],[14,0],[0,7],[30,-2],[0,-16],[25,-32],[28,27],[43,25],[4,18],[-78,8],[-37,17],[-25,27],[-23,12],[-36,29],[-6,7],[26,15],[5,11],[-27,16],[-2,9],[-44,4],[6,10],[-5,0],[4,9],[-8,12],[2,15],[-4,4]],[[69708,8944],[2,34],[-3,10],[8,1],[-2,5],[5,2],[-6,4],[9,2],[6,8],[-5,1],[3,12],[-6,13],[37,28]],[[69756,9064],[1,1]],[[69757,9065],[4,2]],[[69761,9067],[10,1],[2,6],[11,0],[5,-6],[-10,1],[5,-3],[-8,0],[1,-3],[-11,-8],[7,-1],[8,10],[8,-1],[-3,-9],[3,1],[2,11],[13,-6],[0,-5],[-9,-1],[8,-5],[6,2],[-3,4],[15,-4],[-9,0],[9,-5],[-15,0],[5,-4],[-9,0],[-6,3],[-2,-3],[-17,8],[13,-7],[13,-2],[7,-2],[8,2],[-1,-2],[-14,-2],[5,-3],[-9,0],[-1,-3],[24,6],[-2,4],[6,-1],[5,3],[11,-5],[-9,2],[-3,-6],[-9,0],[-8,-5],[-3,2],[-11,-3],[13,1],[-7,-9],[8,8],[11,4],[-1,-5],[7,4],[-4,-7],[-8,-1],[2,-2],[11,4],[2,5],[11,3],[-2,-4],[-4,1],[-7,-7],[7,-2],[-11,-2],[-1,-4],[13,5],[3,6],[7,-1],[-2,7],[11,-4],[9,0],[-7,-5],[9,4],[6,-3],[2,-7],[-12,-2],[-2,5],[-4,-2],[0,5],[-9,1],[6,-3],[-11,-1],[-11,-7],[14,5],[15,-1],[1,-3],[-10,-5],[-12,-1],[-11,-4],[-8,6],[7,-8],[15,6],[8,0],[-9,-4],[-2,-8],[6,8],[9,2],[10,7],[6,-2],[-30,-16],[11,5],[1,-3],[15,8],[-6,-7],[8,1],[-1,5],[14,3],[-7,-5],[-10,-15],[10,12],[7,0],[4,-2],[-12,-8],[6,-1],[6,8],[9,0],[-2,-5],[-9,-3],[5,-3],[-4,-4],[-12,3],[10,-5],[8,4],[-2,4],[7,3],[0,6],[8,-1],[-3,-4],[15,0],[2,-4],[-6,-2],[5,-3],[-4,-7],[-12,-2],[10,-2],[3,4],[15,-6],[-9,7],[-5,-1],[5,6],[-3,3],[15,4],[-8,-4],[8,0],[-8,-5],[5,-2],[2,9],[4,2],[5,-4],[-5,-6],[6,2],[0,4],[5,-4],[-11,-4],[1,-3],[11,7],[9,-4],[-10,-6],[-12,1],[6,-3],[-9,-3],[10,-1],[16,11],[-6,-10],[5,4],[4,-1],[-3,5],[8,-1],[2,3],[4,-4],[5,-1],[-7,-4],[-6,2],[-2,-3],[-10,-7],[2,-3],[4,6],[16,4],[-6,-7],[-7,-1],[13,-1],[4,10],[5,-7],[2,2],[-5,4],[12,-2],[1,-6],[-15,1],[5,-3],[-6,-5],[-11,-1],[8,-2],[13,9],[8,0],[-1,-4],[-6,0],[0,-5],[-13,-2],[-7,-6],[16,7],[3,-1],[-7,-4],[11,1],[-3,3],[7,3],[3,13],[3,1],[6,-7],[-2,7],[23,-7],[-2,-2],[-14,3],[-2,-4],[10,1],[8,-4],[-11,0],[-3,-2],[-8,4],[-4,-2],[11,-3],[-4,-2],[-11,1],[2,-2],[6,1],[-2,-5],[-19,-2],[14,0],[-3,-6],[-11,0],[11,-13],[11,-3],[-6,-3],[-3,-8],[5,-2],[-11,-1],[6,-6],[13,0],[1,4],[6,3],[6,-6],[4,4],[-8,2],[2,5],[-10,6],[2,3],[9,0],[-4,-4],[7,1],[-2,-3],[7,-1],[-6,7],[16,4],[-9,-5],[2,-2],[7,6],[9,-2],[10,2],[-6,-8],[-9,-5],[-17,-3],[5,-3],[7,4],[-1,-6],[-9,2],[3,-4],[10,-3],[-10,5],[9,-2],[3,8],[3,-6],[6,-3],[4,3],[-9,3],[-2,4],[6,2],[-1,-4],[9,0],[-7,5],[6,8],[23,12],[-6,-11],[-18,-9],[3,-4],[12,2],[-13,-10],[14,9],[-8,-14],[0,-4],[11,13],[-3,11],[9,5],[0,6],[4,4],[8,2],[4,-3],[2,2],[17,-7],[20,-1],[33,-14],[4,-6],[17,-6],[6,-9],[-14,-10],[16,6],[12,-6],[5,-6],[-3,-3],[6,-8],[17,-3],[-1,-2],[8,-8],[-10,-5],[-7,1],[-28,-7],[-2,-3],[13,-4],[-12,1],[8,-6],[-8,0],[-3,-5],[7,-4],[-7,0],[1,-6],[-6,-7],[9,-7],[13,-21],[-12,-24],[14,4],[8,7],[7,-2],[10,-8],[-1,-4],[23,0],[12,-4],[7,-7],[-2,6],[-8,5],[6,1],[2,6],[9,3],[-7,-5],[2,-4],[-6,-1],[7,-4],[1,6],[4,2],[1,-3],[1,10],[11,0],[0,-5],[-5,4],[-3,-1],[5,-7],[8,6],[-2,3],[10,2],[5,-2],[-9,-7],[3,7],[-5,-1],[0,-5],[-3,-1],[4,-5],[-4,-1],[1,4],[-7,-2],[4,-6],[-10,8],[-2,-3],[-9,-4],[7,-6],[-3,-5],[5,2],[2,-5],[2,4],[6,-3],[-13,-3],[1,-1],[11,3],[6,-3],[4,5],[20,6],[-2,5],[6,-3],[2,3],[-6,3],[13,4],[4,-2],[-3,-10],[9,-7],[-1,-6],[-6,0],[-4,7],[-2,-4],[-13,4],[-13,-6],[13,3],[0,-5],[4,5],[16,-7],[10,3],[1,-4],[-21,-5],[-14,2],[-2,-3],[5,-5],[10,-3],[1,-7],[10,-5],[4,-14],[3,-2],[-8,-4],[-13,-3],[6,-4],[-11,-7],[1,-1],[13,5],[5,9],[9,3],[3,-2],[20,-2],[4,-7],[12,-2],[8,1],[2,6],[7,2],[0,-7],[6,-3],[-10,0],[6,-4],[0,3],[8,0],[2,-3],[15,-10],[5,9],[7,-4],[-7,-6],[7,3],[6,-2],[-7,-6],[5,-6],[14,-5],[16,11],[14,20],[-13,17],[-9,1],[7,8],[13,6],[8,0],[6,-4],[-5,-34],[-9,-12],[-35,-25],[-79,-37],[-69,-45],[-51,-56],[-36,-28],[-35,-53],[-16,-18],[-42,-9],[-37,0],[-23,-9]],[[69771,9075],[2,2]],[[69771,9075],[0,0]],[[66962,9866],[-84,30],[-35,15],[-80,53]],[[66775,9483],[-9,-1],[-39,-16],[-35,-6],[-18,3],[0,-3],[-20,-5],[-10,1],[-9,-6],[-14,-1],[-2,-3],[-12,0],[-4,-4],[-7,2],[-10,-6],[-12,1],[-7,-7],[-22,0],[-9,-4],[-9,2],[-9,-6],[1,-6],[-12,-1],[-5,-6],[-9,-1],[-14,-12],[-11,0],[-18,-6],[-8,-11],[-27,-9],[0,-5],[-9,-3],[-13,-20],[-9,-3],[-10,-8],[-12,0],[-13,-8],[22,37],[-32,15],[-17,42],[-70,39],[-52,-27],[-74,-34],[-5,-7],[-13,2],[-8,-6],[-16,-2],[-12,4],[-24,3],[-34,-14],[-38,1],[-11,3],[1,3],[-14,1],[-5,-2],[3,-5],[-15,-11],[-31,8],[-7,-3],[-3,-7],[-4,-2],[-2,13],[-24,4],[3,9],[-9,28],[-11,5],[-6,14],[3,11],[-7,1],[7,8],[-7,14],[-22,16],[-15,6],[-18,-11],[-3,2],[-8,-5],[-6,3],[-10,-9],[-7,2],[-15,-5],[-14,0],[-43,-20],[-52,-2],[-3,3]],[[65657,9665],[13,2],[-1,-4],[9,-1],[1,-4],[-21,-13],[-20,-20],[3,-3],[-5,-20],[-24,-28],[-13,-9],[2,-18],[-5,-17],[-12,-6],[27,-42],[3,-18],[7,-14]],[[69815,8325],[-24,-12],[-21,-3],[-23,-11],[-9,0],[-5,4],[-18,-1],[-5,3],[1,4],[57,16],[10,1],[37,4],[2,-2],[8,3],[14,3],[-10,-7],[-14,-2]],[[70077,8360],[-14,-2],[-40,6],[-11,-1],[-89,8],[-70,-1],[-14,2],[-8,-2],[-4,3],[-7,0],[-26,-4],[-60,8],[-5,-3],[3,-4],[-5,0],[-8,6],[-27,-1],[-30,-8],[-10,-5],[-15,-1],[-54,5],[-33,10],[-3,-3],[-9,11],[11,5],[-4,0],[3,6],[5,-1],[8,13],[-2,-1],[-3,8],[5,0],[-1,-5],[6,6],[0,3],[-6,-3],[-5,6],[11,-1],[2,6],[-5,-5],[-4,5],[2,3],[-7,1],[10,4],[-9,0],[-1,4],[8,-2],[-5,6],[-7,0],[3,3],[-11,0],[9,2],[-9,1],[-12,15],[-1,14],[1,11],[10,-1],[-10,3],[0,4],[7,4],[-2,3],[-6,-5],[7,15],[-9,-1],[-14,10],[-7,10],[-19,-1],[4,1],[-1,5],[7,8],[1,4],[9,1],[-15,4],[4,-3],[-8,-4],[2,-7],[-21,-3],[-15,-11],[-16,-4],[6,-7],[-10,0],[-4,-5],[-4,2],[-3,10],[25,15],[8,14],[-2,7],[-16,13],[-31,6],[5,-2],[-5,-3],[-5,10],[-8,-7],[-9,4],[0,3],[-10,-9],[-7,3],[-7,9],[8,12],[-8,-5],[-19,16],[-2,-3],[-19,2],[-8,-3],[-4,1],[0,-5],[-5,3],[-22,-3],[4,-3],[8,2],[0,-5],[-18,3],[-10,7],[3,1],[-16,6],[-1,6],[11,13],[-9,13],[1,4],[-24,3],[-21,-2],[-18,8],[1,23],[-6,4],[-33,7],[-24,-9],[1,-3],[17,1],[22,-3],[6,-7],[-4,-18],[12,-11],[-1,-10],[10,10],[20,-3],[20,1],[11,-4],[-11,-2],[12,-1],[-7,-4],[6,1],[-4,-10],[-5,-7],[4,1],[6,-6],[-7,-5],[8,2],[8,-2],[6,-7],[19,-8],[4,-3],[15,1],[23,7],[11,0],[8,-10],[-4,-2],[-4,4],[-9,-3],[12,0],[-7,-5],[14,5],[6,-12],[-10,-3],[12,2],[21,-10],[12,-2],[26,5],[17,-2],[-1,-2],[-10,2],[-11,-2],[20,-1],[-34,-26],[18,11],[8,-2],[-24,-13],[4,0],[-5,-5],[6,-8],[8,-3],[-4,-2],[37,-9],[24,1],[29,10],[12,-1],[-7,-6],[9,4],[4,-10],[2,-16],[-19,-4],[18,0],[-1,-15],[3,-10],[-3,-1],[-2,8],[-7,-2],[6,-7],[-10,-3],[19,1],[-7,-2],[4,-7],[9,0],[8,-18],[-10,-1],[-5,3],[-1,-2],[6,-2],[-10,-3],[-3,-8],[-19,-16],[8,-13],[2,-17],[5,0],[23,-13],[12,0],[0,-2],[13,-3],[-7,0],[15,-3],[7,-7],[67,-31],[8,-11],[29,9],[-5,2],[4,2],[8,-4],[14,0],[-1,-2],[-46,-10],[-38,-11],[-50,-21],[-8,-12],[7,2],[1,-2],[-31,-9],[-2,-6],[11,7],[-3,-5],[26,12],[5,5],[4,1],[-3,-7],[9,12],[5,1],[4,-4],[63,16],[32,12],[7,7],[3,-3],[-12,-7],[-30,-11],[-40,-10],[-131,-46],[-34,-7],[-68,-2],[-28,-7],[-93,-9],[-32,-6],[-15,-8],[-32,-6],[-22,2],[-67,-2],[-49,-11],[-8,-3],[-15,2],[7,2],[2,14],[-19,19],[-10,-5],[5,-10],[-4,-2],[-4,-8],[10,-11],[9,0],[-32,-9],[7,-2],[10,2],[11,7],[-9,-9],[-17,-1],[-21,0],[-13,-5],[-22,-2],[-1,-2],[-30,-1],[-37,-9],[-32,-14],[-34,-4],[-25,2],[-5,-3],[-52,-1],[-25,-6],[-38,-6],[-76,0],[-35,-6],[-11,6],[-7,-4],[-28,6],[-10,0],[-15,9],[-54,18],[-8,13],[-7,0],[-6,-14],[-10,14],[-9,5],[-33,0],[-9,3],[7,0],[11,18],[-1,11],[-14,12],[-17,-8]],[[68308,8169],[-17,13],[-17,6],[-22,4],[4,43],[-6,8],[-23,9],[-4,7],[-22,3],[-28,-10],[-20,-1],[-9,1],[-22,9],[-23,3],[-12,-4],[-36,3]],[[68051,8263],[-14,3],[-20,10],[-17,24],[3,1],[-6,19],[8,7],[4,10],[-1,11],[-13,9],[-58,27],[-11,11],[-9,16],[-36,23],[-4,19]],[[69662,8904],[-26,14],[7,5],[65,21]],[[69731,9086],[-8,3],[-2,-1],[-26,13],[-41,11],[-14,-11],[-10,-1],[-4,-20],[-8,-13],[18,-6],[-6,-1],[-18,-14],[-1,-10],[-8,-3],[4,-8],[-8,-3],[-26,-2],[-11,-4]],[[69607,9203],[38,-19],[-31,-25],[12,-5],[8,0],[-5,-6],[5,2],[29,-17],[8,0],[3,-3],[16,9],[14,-26],[3,-2],[11,6],[9,-6],[-14,-9],[6,1],[13,-6],[2,-5],[-6,-4],[3,-2]],[[69761,9067],[0,0]],[[69731,9086],[6,-2],[10,-10],[-4,6],[4,2],[-12,4],[-1,4],[16,-1],[15,-7],[-5,-6],[6,4],[7,-3]],[[69771,9075],[-4,-3]],[[69765,9070],[-9,-3],[-7,4],[7,-7]],[[68308,8169],[-8,-4],[1,-2],[16,-1],[8,-8],[-12,-10],[2,-3],[-9,-2],[6,-7],[10,-7],[15,-3],[51,-30],[-2,-5],[11,-8],[-20,-19],[7,-3],[-2,-3],[18,-7],[8,2],[10,-9],[-17,-16],[5,-18],[6,-5],[-45,-20],[-19,17],[-11,-4],[-11,9],[-19,-16],[-1,-7],[17,-4],[-18,-20],[-12,-5],[-34,6]],[[68259,7957],[-9,0],[-16,12],[-18,36],[-21,27],[-40,30],[19,44],[16,14],[-19,46],[-19,-3],[-36,40],[-21,-6],[-4,3],[-23,-13],[-30,-4],[1,-1],[-32,6],[-9,5],[-8,10],[1,3],[-14,5],[-8,25]],[[67969,8236],[65,9],[17,18]],[[67010,9099],[-9,19],[-34,27],[-42,22],[-16,23],[-35,30],[-12,17],[-8,27],[60,91],[20,42],[4,28],[24,15]],[[68875,9344],[20,8],[23,16],[-84,39],[-27,20],[-8,12],[-17,46],[-2,2]],[[68780,9487],[2,4]],[[68782,9491],[10,6],[14,2],[8,7],[15,0],[0,-3],[9,3],[18,13],[14,4],[44,-24],[23,-21],[39,-11],[11,-17],[17,-5],[-2,-4],[10,7],[2,-3],[8,2],[3,-3],[13,4],[2,-3],[-13,-2],[4,-5],[8,-2],[-5,-2],[-5,1],[-5,5],[-8,1],[5,3],[-12,-2],[20,-8],[0,-5],[7,3],[2,-4],[14,-2],[0,4],[-13,2],[9,2],[-2,3],[9,5],[-4,-7],[5,1],[-2,-16],[10,14],[4,-1],[-6,-7],[5,-4],[10,1],[-3,5],[6,-1],[-6,6],[9,2],[-3,-4],[2,-3],[4,3],[1,-5],[-4,-2],[16,0],[-11,2],[3,7],[6,-5],[3,3],[4,-3],[6,3],[10,-1],[2,-2],[-7,-8],[4,-3],[27,12],[24,-1],[48,5],[-20,-25],[24,22],[116,-36],[1,-6],[5,-2],[22,-1],[17,-18],[-3,-5],[-10,1],[-6,3],[-10,-5],[10,3],[13,-5],[12,6],[40,-33]],[[68780,9487],[-48,43],[14,4]],[[68746,9534],[-1,-11],[14,-13],[8,-3],[19,-1],[16,-6],[-20,-9]],[[68750,9558],[-5,5],[-3,8]],[[68742,9571],[40,-2],[28,3],[23,6],[48,18],[3,1]],[[68884,9597],[0,-2],[-18,-5],[4,-10],[6,-2],[-8,-5],[7,2],[9,-3],[-9,-4],[-1,-5],[-5,2],[10,-9],[6,1],[4,5],[5,0],[1,7],[3,-4],[1,-8],[4,5],[5,-1],[-2,-5],[10,2],[-1,-3],[-18,-1],[-2,-2],[9,1],[12,-4],[-14,-15],[-5,9],[-4,3],[14,-23],[3,-2],[-7,-1],[-7,11],[-6,-6],[-10,2],[15,5],[-4,3],[2,7],[-10,3],[-10,-2],[3,5],[-3,4],[7,0],[-4,5],[-7,0],[3,4],[-9,4],[-3,-3],[7,-14],[-6,8],[-3,0],[11,-28],[-13,-3],[-2,2],[-14,-6],[-8,-7],[-21,-8],[-5,-5],[-24,7],[-14,0],[-7,2],[-15,14],[3,11],[4,11],[1,8],[-4,4]],[[67344,8365],[6,-34],[7,-17],[21,-22],[7,0],[15,-18],[7,-12],[-3,0],[28,-32],[38,-27],[29,-38],[37,5],[86,5],[117,2],[-3,6],[14,0],[30,11],[16,2]],[[67796,8196],[20,-11],[7,-8],[-5,-15],[8,-2],[7,-22],[22,-12],[6,2],[18,-4],[12,-12],[18,-11],[5,-12],[10,-7],[1,-5],[8,-2],[12,2],[3,-3],[4,3],[14,-11],[-5,-5],[4,-9],[7,-3],[6,1],[6,-5],[5,1],[11,-19],[10,-5],[4,-7],[6,-1],[5,-15],[18,-4],[8,-8],[-1,-11],[-17,-16],[0,-8],[-9,-16],[-1,-24],[11,-23],[16,-11],[14,-17],[-1,-14],[31,1],[5,-2],[-2,-18],[18,-7],[23,-13]],[[68138,7808],[-10,-10],[-28,-8],[-2,-6],[-6,4],[-10,-2],[-15,3],[-17,7],[-8,9],[-29,-5],[16,-1],[-2,-4],[11,-9],[-58,-25],[-20,-5],[8,-2],[-8,-4],[-5,4],[-32,-8],[-35,16],[56,-29],[5,0],[27,-19],[42,-23],[6,4],[17,3],[-14,-4],[0,-7],[19,-6],[15,-2],[9,3],[-2,-6],[8,-5],[5,4],[4,-7],[6,-2],[4,4],[-4,8],[5,2],[0,-4],[9,-12],[13,-4],[4,2],[-4,8],[-5,2],[8,8],[23,-23],[19,0],[-7,10],[-12,6],[1,20],[-4,9],[5,9],[-14,10],[1,5],[10,-8],[4,-5],[7,-13],[23,-24],[9,-5],[15,0],[-13,-6],[-12,-12],[-27,-2],[-11,0],[-102,25],[-107,59],[-6,2],[-5,-2],[-22,16],[-9,5],[-36,14],[-77,16],[-50,12],[-32,6],[-281,59]],[[66915,8067],[1,-15],[-10,-33],[-18,-25]],[[68259,7957],[12,-4],[24,-4],[32,20],[14,3],[20,-10],[0,-5],[-6,-4],[9,-9],[0,-12],[-23,-19],[-21,-6],[-49,-41],[-25,-15],[-22,-9],[-13,12],[-29,1],[-17,-5],[-2,-2],[7,-1],[-4,-4],[-8,2],[-21,-31],[1,-6]],[[67796,8196],[31,13],[73,22],[69,5]],[[66113,8953],[-75,-4],[-132,11],[-30,-1],[-38,-10],[-25,-14],[-42,-15],[-23,-11]],[[65291,9039],[47,-5],[42,-1],[117,-25],[79,13],[62,18],[0,30],[18,3],[-8,9],[9,11],[17,0],[1,-2],[28,1],[15,-27],[-7,-12],[20,-10],[-3,-13],[6,-8],[8,-2],[-1,-9],[-7,-7],[6,-6],[9,-2],[-4,-5],[-21,-2],[3,-10],[7,-8],[18,-4],[5,-11],[11,-2],[13,-7],[-5,-6],[2,-5],[-24,-17],[-9,-1],[3,-8]],[[65314,9322],[33,-15],[10,-12],[-4,-14],[-29,-18],[-5,-9],[3,-14],[15,-13],[8,-13],[-30,-38],[6,-37],[-55,-29],[18,-21],[-18,-7],[3,-7],[25,-22],[-3,-14]],[[65621,9450],[-70,-52],[-11,-22],[-6,3],[-56,12],[-56,-2],[-25,6],[-17,-8],[-31,-35],[-35,-30]],[[65748,8909],[14,-18],[20,-2],[2,-6],[15,4],[10,-8],[-4,-3],[-12,0],[-6,5],[-10,-3],[3,-9],[14,-11],[17,-6],[21,-4],[2,-8],[14,-2],[15,3],[7,-6],[-10,-9],[1,-11],[-5,-5],[-33,3],[-11,-6],[9,-13],[16,-2],[-4,-5],[-11,-2],[-15,-7],[-7,3],[-10,9],[-15,1],[-8,-5],[-15,-2],[-7,-6],[-9,-27],[13,-16],[-13,-5],[-2,-9],[5,-8],[-2,-5],[4,-3],[8,-1],[11,5],[4,-2],[-1,-11],[-7,-6],[-15,-3],[-10,-15],[-14,-5],[-7,-14],[8,-12],[29,-8],[5,-5],[-27,-17],[-10,-11],[-30,-6],[-6,-8],[-13,-2],[1,-6],[11,-9],[-12,0],[-2,-5],[4,-4],[11,-1],[8,-9]],[[68842,9673],[0,0]],[[68835,9677],[0,0]],[[68844,9684],[0,0]],[[68837,9690],[0,0]],[[68871,9677],[5,-4],[12,-1],[5,-3],[-14,-11],[1,-9],[-10,2],[-4,-2],[-3,14],[-6,1],[-10,-2],[-13,6],[1,3],[10,1],[-3,3],[-14,1],[10,1],[7,6],[-4,1]],[[68840,9684],[-3,6]],[[68800,9708],[0,0]],[[68798,9714],[0,0]],[[68797,9714],[8,-2],[-6,-4]],[[68834,9671],[-1,-4],[9,-4],[-4,-3],[10,0],[10,3],[5,-6],[-4,-4],[-12,2],[-3,-6],[-11,-3],[-6,-6],[-2,12],[-24,-1],[-2,5],[-4,1],[-2,7],[-6,3],[2,11],[-4,9],[1,-14],[-3,-3],[7,-8],[3,-10],[5,-2],[27,0],[-4,-7],[1,-3],[8,-3],[10,10],[5,0],[4,-4],[-5,0],[14,-9],[7,3],[9,-6],[-6,-3],[0,-20],[-7,2],[-8,-3],[5,-3],[-16,1],[-9,4],[-7,-2],[0,7],[-8,9],[-2,-6],[10,-3],[-2,-7],[11,1],[7,-7],[7,4],[10,-3],[2,7],[17,-4],[6,2],[0,-4],[-12,-8],[12,2]],[[68742,9571],[-5,4],[-39,-4],[-31,3],[-46,0]],[[68621,9574],[2,4],[-3,2],[8,7],[8,3],[13,-3],[3,16],[-34,4],[-31,15],[14,8],[-18,3],[3,6],[23,-3],[6,26],[-49,9],[13,27],[12,9],[35,-16],[6,2],[16,-9],[26,-7],[15,11],[13,-4],[20,13],[-3,1],[21,16],[3,-1],[9,6]],[[68621,9574],[-159,-23],[-19,2]],[[68750,9558],[2,-10],[-6,-10],[0,-4]],[[87069,14146],[-18,18],[-59,24],[-17,2],[-3,-9],[-50,-18],[-6,2]],[[86916,14165],[13,24],[-23,2],[1,5],[-10,1],[3,9],[18,15],[1,6],[-31,7],[-48,15],[2,6]],[[86842,14255],[10,4],[8,19],[26,-4],[-6,-8],[4,-1],[-4,-7],[30,-4],[9,11],[17,-3],[13,21],[-3,2],[6,4],[10,34],[9,5],[-6,7],[5,15],[0,5]],[[86970,14355],[75,5],[135,26]],[[87180,14386],[2,-2],[-7,-5],[-16,0],[8,-11],[-9,-21],[14,-6],[5,-14],[13,-13],[2,-9],[9,-11],[-4,-4],[3,-10],[4,0],[-2,-43],[6,-4],[-11,-20],[-23,-11],[-7,2],[-17,-11],[4,-1],[-11,-8],[-17,-27],[-38,-5],[-19,-6]],[[86516,14279],[-16,-14],[7,-2],[-5,-9],[-10,-7],[9,-4],[-3,-3],[7,-3],[-4,-3],[17,-8],[9,0],[-25,-28],[0,-17],[-6,-18],[3,-7],[-17,-2],[3,-3],[-6,-3]],[[86479,14148],[-15,19],[-9,22],[-27,23],[-28,35]],[[86400,14247],[-3,7],[4,8],[-13,2],[-10,5],[-30,35]],[[86348,14304],[37,-2],[38,2],[40,6],[40,9]],[[86503,14319],[-5,-3],[3,-5],[6,2],[4,-4],[-30,-11],[14,-2],[-5,-9],[5,-3],[21,-5]],[[86842,14255],[-57,0]],[[86785,14255],[-11,1],[-14,5],[-11,-1],[0,6],[18,20],[-16,6],[-9,-5],[-5,3]],[[86737,14290],[22,31],[-5,4],[6,3],[79,11],[8,14],[0,5]],[[86847,14358],[64,-5],[59,2]],[[87405,13946],[-35,9],[-23,3],[-113,1],[-62,7],[-100,4],[-59,6],[-136,30],[-70,23]],[[86807,14029],[5,6],[-5,3],[-2,21],[-6,3],[5,17],[-9,6],[-4,18]],[[86791,14103],[23,0],[65,-6],[6,2],[0,3],[41,5],[47,-7],[32,3],[15,4],[-1,17],[50,22]],[[87180,14386],[55,7],[59,0],[-9,5],[11,3],[3,6],[16,8],[8,-3],[2,7],[9,3],[-1,-4],[5,1],[-1,6],[14,6],[16,-6],[-14,8],[7,6],[8,-1],[4,-6],[6,-2],[8,2],[1,-4],[11,7],[28,5],[11,11],[19,0],[15,5],[7,6],[-2,5]],[[86514,14122],[51,-20],[67,-21],[46,-20]],[[86678,14061],[84,-17],[45,-15]],[[86920,13534],[-26,-5],[-14,2],[-6,-24],[-48,-23],[-5,-6],[13,-6],[18,-3],[8,-7],[-21,-10],[-9,-2],[-17,-17]],[[86813,13433],[-12,-28],[-17,1],[-25,-2],[-11,2],[-13,-1],[-13,5],[-15,-12],[-19,-20],[46,3],[12,-2],[3,-3],[-22,-49],[-22,-7]],[[86705,13320],[-122,-9]],[[86583,13311],[-2,7],[7,18],[-2,27],[19,17],[36,13],[5,8],[25,17],[15,17],[17,9],[52,60],[12,25],[24,21],[16,5],[21,12],[8,25],[-15,8],[12,8],[-39,28],[-16,19],[-1,8],[-15,2],[1,10],[-8,9]],[[86755,13684],[-14,19],[-26,21],[-14,25],[-3,23],[6,18],[-36,8],[0,5],[-26,0],[-21,9],[-12,15],[16,11],[37,10],[-10,11],[-6,25],[-12,18],[-2,12],[-20,1],[-28,-5],[-20,-8],[-33,7],[-83,1],[-30,3],[-46,-6]],[[86260,14194],[29,-10],[140,-35],[85,-27]],[[86755,13684],[-42,-1],[-24,-3],[-32,7],[-66,-1],[-17,30],[-26,0],[-21,5],[-2,-6],[4,-8],[-11,0],[0,-5],[4,-1],[-6,-19],[9,-1],[-1,-5],[-25,-44],[8,-2],[-5,-8],[1,-2],[-6,-10],[5,-7],[-8,2],[-4,-5],[3,-21],[-6,-5],[-15,4],[-4,-4],[-2,8],[-4,-2],[-4,4],[-10,4],[-1,4],[-22,-2],[-37,-10],[-14,-12],[-18,-9],[9,-8],[1,-8],[-7,-16],[-10,-1]],[[86583,13311],[-6,-2],[-2,10],[-18,2],[-2,4],[-21,-3],[0,-10],[-23,-3],[-8,8],[-15,-6],[-13,0],[-1,-15],[-32,0],[-100,-17],[5,39]],[[86413,14382],[-6,-19],[-13,2],[4,-20],[-23,0],[-5,-13],[-9,-3],[-5,-7],[-16,-8],[8,-10]],[[86400,14247],[-30,-2],[-58,-27],[-21,1],[-23,4],[-24,-20]],[[86176,14249],[-2,35],[23,40],[3,25],[-27,5],[-9,17],[-11,5],[-8,-2],[11,8],[-2,6],[-21,1],[5,17],[-5,5],[9,7]],[[86096,14552],[15,-12],[24,-31],[9,-24],[16,-15],[41,-32],[31,-19],[-12,5],[-16,1],[-14,-7],[17,2],[6,-2],[-1,-3],[11,-1],[9,5],[77,-21],[-1,-3],[10,-2],[1,3],[94,-13],[0,-1]],[[86479,14148],[41,-16],[-6,-10]],[[86610,14296],[4,-35]],[[86614,14261],[-2,-3],[-16,0],[-2,3],[-20,1],[1,-6],[-7,0],[2,9],[-32,3],[1,3],[-23,8]],[[86503,14319],[-2,4],[-8,0],[-1,4],[0,19]],[[86492,14346],[84,1],[-6,-12],[5,-3],[29,-3],[-5,-7],[10,-1],[1,-25]],[[86791,14103],[-2,7],[-29,-2],[-19,35]],[[86741,14143],[4,11]],[[86745,14154],[13,-1],[5,-3],[5,1],[-2,4],[11,-2],[10,4],[27,20],[34,-6],[68,-6]],[[86482,14377],[-1,-9],[6,-22],[5,0]],[[86413,14382],[2,-3],[25,-2],[17,2],[1,-2],[21,-1],[3,1]],[[86658,14164],[3,-4],[36,-2],[3,2],[18,1],[-1,-3],[6,-2],[5,-7],[0,-8],[13,2]],[[86678,14061],[2,12],[12,22],[-14,5],[-16,25],[-32,4],[1,36],[27,-1]],[[86737,14290],[-18,-16],[-13,0],[-3,-2],[-31,5],[-4,5],[13,1],[10,6],[-21,2],[-5,5],[-10,1],[-2,-4],[-3,2],[-32,5],[-1,-3],[-7,-1]],[[86482,14377],[2,1],[75,-2],[0,-3],[10,-1],[3,4],[44,-3],[21,-6],[4,3],[77,-7],[16,-6],[8,3],[49,-2],[20,-4],[33,1],[3,3]],[[86745,14154],[25,35],[-3,19],[4,26],[14,21]],[[86658,14164],[1,4],[-7,-1],[-10,10],[4,2],[-8,10],[-7,22],[7,0],[1,-4],[28,4],[-12,17],[-1,10],[9,1],[-1,4],[-37,-4],[-11,22]],[[76305,12563],[-11,-4],[-4,-31],[13,-25],[13,-13],[6,2],[23,-20]],[[76345,12472],[-14,-5],[-27,-4],[-76,8],[-1,7],[-57,7],[-24,-7],[-48,2],[-48,5],[2,4],[-52,-4]],[[75978,12522],[20,1],[5,5],[21,9],[42,9],[41,14],[53,10],[8,21],[0,23],[9,0],[31,-15],[97,-36]],[[76325,12764],[-134,-10],[-10,-27],[-3,-30],[-8,-12],[-8,0],[-2,3],[-7,0],[1,4],[-6,6],[-12,-1],[12,-23],[-5,-10],[-16,-12],[-19,-7],[-57,-3]],[[76281,12900],[-2,-16],[-52,-19],[40,-32],[33,-13],[21,-32],[4,-24]],[[76325,12764],[-5,-26],[-31,-78],[12,-61],[2,-6],[6,0],[-4,-30]],[[77734,12724],[9,-30],[-24,-17],[-15,-4],[19,-9],[8,2],[-31,-28],[-40,-29]],[[77660,12609],[-22,-12],[-33,-8],[-26,0],[-64,5],[-31,-3],[-28,-7]],[[77456,12584],[0,46]],[[77456,12630],[1,108]],[[77457,12738],[106,-38],[14,20],[67,-3],[2,3],[8,3],[-1,4],[12,4],[10,-10],[9,6],[21,-9],[9,0],[20,6]],[[77925,12750],[8,-20],[1,-13],[33,-8],[30,-19],[21,-10]],[[78018,12680],[-71,-15],[-52,-19],[-35,-17],[-95,-56]],[[77765,12573],[-18,14]],[[77747,12587],[-53,23],[-34,-1]],[[77734,12724],[21,10],[22,17]],[[77905,12765],[20,-15]],[[77765,12573],[34,-28],[20,-26],[11,-20],[-13,-3],[20,-20],[15,7],[73,6],[4,-5],[64,-1],[11,-5],[19,-3],[1,-18],[-10,-14]],[[78014,12443],[-6,-10],[-24,-2],[-4,-42],[-36,-19],[-1,-7],[-12,-2],[0,-15],[-25,-2],[19,-35],[-23,-12]],[[77902,12297],[-25,-15],[-27,11],[-7,0],[-5,-3],[-5,3],[-8,-2],[-12,2],[-4,6],[-11,1],[-12,-2],[-23,0],[-36,-8],[-18,0],[-10,-6],[-7,1],[-26,6],[-21,11],[-16,3],[-28,18],[-4,17],[-38,8],[-9,8],[-8,-10],[-8,0],[-2,5],[8,3],[-15,6],[0,10]],[[77525,12370],[4,9],[-4,6],[12,21],[8,7],[22,9],[-5,7],[-7,1],[-7,6],[-36,39]],[[77512,12475],[10,2],[4,-5],[6,-2],[44,10],[16,-6],[35,12],[53,56],[54,29],[9,8],[4,8]],[[79174,13006],[-37,-3],[-51,-10],[-35,-14],[-16,-10],[-38,-32],[2,-12],[4,0],[2,-7],[-5,-2],[-2,-64],[19,-25],[9,-18],[0,-13],[-5,-5],[19,-14],[19,-21],[10,-26],[-18,-35],[1,-10],[7,-8],[-3,-5],[1,-15],[8,-17],[-12,-19],[-16,-12],[-2,-22],[-15,-20],[-7,0],[-1,-3],[6,-12],[5,-28],[7,-11],[-8,-11]],[[79022,12502],[-43,15],[-15,-1],[-21,-6],[-31,4],[-12,-1],[-8,-8]],[[78892,12505],[-21,-26],[-20,-11],[-14,-3],[-33,3],[-20,14],[-62,2],[-17,22],[3,14],[-9,4],[-13,1],[-3,3],[-6,-4],[-22,-5],[-46,-5],[-14,2],[-47,-4],[-14,1],[-21,-4],[-1,2],[-56,-4],[1,-3],[-20,5],[-45,-2],[-46,7],[-109,-7],[-5,-1],[-7,-15],[4,-6],[-13,-7],[-26,-1],[-19,3]],[[78171,12480],[11,37],[1,25],[-20,41],[-58,-8],[-26,1],[-25,-4],[-26,0],[-7,4],[-8,18],[-3,23],[4,10],[-1,25],[4,9],[14,8],[-13,11]],[[77925,12750],[29,9],[22,12],[66,57],[27,11],[107,27],[48,23],[47,26],[18,-5],[0,-5],[16,-14],[3,-16],[-15,-19],[-3,-12],[7,-27],[34,0],[12,-19],[41,2],[138,-4],[0,-12],[66,9],[1,12],[24,33],[3,46],[31,26],[18,10],[88,29],[9,7],[10,-5],[6,-11],[44,-23],[20,-16],[82,32],[64,12],[-1,14],[3,3],[-6,17],[3,22],[90,54],[28,20],[6,9]],[[79276,13034],[-14,-15],[4,-3],[-4,-2],[1,-10],[14,-26],[0,-11],[-9,-35],[-6,-7],[-9,-3],[-3,-55],[1,-8],[12,-1],[12,-20],[1,4],[11,0],[9,-4],[-4,-1],[9,-10],[-14,-7],[6,-7],[-5,-11],[12,-11],[19,2],[-2,-10],[12,-12],[5,-20],[13,-14],[1,-4],[-27,-2],[-7,-21],[6,-45],[8,-14]],[[79328,12651],[-22,5],[-6,-12],[-21,2],[-1,-2],[-4,-27],[-10,-15],[4,-32],[-2,-29],[-10,-1],[2,-14],[-8,-11],[4,-28],[-4,-2],[-45,-15],[-84,-8],[-49,14],[-26,17],[-24,9]],[[78171,12480],[-45,-15],[-112,-22]],[[77125,12898],[-22,-12],[-1,-4],[-20,-6],[-2,-11],[-7,1],[-4,-2],[-1,-8],[6,-9],[-8,-4],[-13,3],[3,5],[-5,1],[-3,6],[-15,-2],[-8,3],[-29,-7],[-10,-9],[7,-17],[10,-3],[9,-10],[1,-8],[-22,-18],[-5,-21],[-9,1],[-17,-6],[-31,6],[-5,-2],[-6,1],[-2,-3],[-21,-3],[-5,-6],[-13,-3],[4,-7],[-2,-7],[-33,-14],[-67,-41],[26,-5],[2,-7],[10,0],[4,-17],[16,-2],[2,-3],[-7,-4],[5,-13],[-11,-2],[5,-13],[-6,-1],[4,-10],[-20,0],[-24,3],[8,-33],[25,-37]],[[76818,12538],[-36,-12],[-111,-1],[-161,-37],[-73,5],[2,-5],[-33,-8],[-20,-15],[-21,-1],[-20,8]],[[77466,12520],[26,-51]],[[77492,12469],[-104,-23],[-90,-24],[-23,-4],[-79,-4],[-49,-12]],[[77147,12402],[-38,-11],[-17,-2],[-3,11],[38,3],[-2,20]],[[77125,12423],[71,3],[24,11],[45,15],[18,15],[20,41],[29,21],[7,12],[42,13],[28,4],[27,-6],[20,-12],[10,-20]],[[76926,12478],[-31,-6],[9,-15],[3,-17],[-7,-82],[-34,-60],[5,-4],[-42,-41],[23,-1],[6,-14],[-11,-42],[9,-1],[-13,-14],[-3,-13],[23,1],[24,-7],[30,2],[2,-10],[15,2],[30,-4]],[[76964,12152],[6,-23],[-20,-3],[-18,-27],[10,-4],[1,-3],[51,-8],[24,-7],[-3,-5],[8,-7],[-6,-4]],[[77017,12061],[-12,-63],[-21,-5],[5,-7],[-53,-22],[-25,-14]],[[76911,11950],[-69,-27],[-23,30],[-10,19],[-13,-2],[-2,6]],[[76794,11976],[26,13],[-18,3],[-44,35],[-15,31],[-21,23],[-3,24],[-21,26],[-3,14],[-26,-9],[-12,-1],[-18,-21],[-16,-8],[-51,-7],[-32,3],[0,-2],[-17,0],[-12,-7],[-4,1],[-18,-20],[2,-8],[-6,0],[-2,-15],[-28,-12],[1,9],[-29,5],[1,8],[-18,-1],[-7,3],[1,4],[-8,3],[0,-7],[-10,-1],[-5,14],[-1,-6],[-7,-1],[-19,0],[-6,8],[-8,-8],[0,7],[-15,-3],[-4,1],[-14,20],[6,16],[-32,57],[-23,3],[-41,-8],[-52,-13],[-1,-10],[-12,7],[-112,-32]],[[76040,12114],[-102,80],[-35,11],[-13,19]],[[75890,12224],[5,2],[-15,14],[6,33],[10,-2],[4,22],[42,27],[-8,19],[-35,-3],[-2,6],[-8,0],[-1,11],[-8,0],[0,3],[38,1],[26,5],[-7,12],[7,1],[-6,26],[-33,-7],[-6,13],[7,13]],[[76818,12538],[8,-15],[17,0],[0,-18],[85,-15],[-2,-12]],[[77147,12402],[68,1],[33,-1],[0,-4],[11,1],[8,-14],[6,-34],[57,5],[72,13],[67,7],[2,-4],[26,4],[3,-4],[14,1],[11,-3]],[[77902,12297],[19,-9],[11,-11],[11,2],[18,-8],[-8,-6]],[[77953,12265],[-12,-3],[-13,0],[-19,-5],[-54,-5],[-12,-4],[-4,-11],[-32,-7],[-26,-31],[-16,-44],[-8,-8],[-6,3],[-20,-14],[-18,3],[-7,5],[-9,0],[-9,6],[-7,-1],[-15,9],[-34,-16],[-36,5],[-12,-10],[-28,-10],[-12,-13],[6,-6],[0,-29],[-31,-3],[-7,-26],[21,-1],[-1,-6],[-8,-8],[-43,5],[-4,3],[3,6],[-10,0],[-9,10],[-10,0],[-2,-3],[-22,2],[9,-8],[-5,-3],[-15,6],[-24,3]],[[77392,12056],[-10,1],[-2,3],[-16,4],[4,22],[13,11],[24,12],[7,-8],[16,8],[-2,7],[-16,1],[29,6],[10,7],[-20,12],[-13,-1],[-4,4],[-13,2],[-12,7],[-11,15],[-18,3]],[[77358,12172],[-56,11],[-31,-1],[-64,23],[-31,6],[-7,5],[-23,-10],[-12,-11],[2,-2],[-12,-5],[4,-4],[-28,-15],[-23,-6],[-21,15],[-24,-3],[-4,-13],[-4,2],[-38,1],[-23,-8],[1,-5]],[[76926,12478],[95,9],[3,-10],[15,1],[-5,15],[60,16]],[[77094,12509],[8,-58],[3,-3],[18,-1],[2,-24]],[[77492,12469],[11,1],[9,5]],[[77466,12520],[-10,64]],[[77456,12630],[-31,11],[-47,5],[-13,-3],[-10,23],[-5,22],[-14,28]],[[77336,12716],[8,6],[2,-2],[38,29],[59,-5],[14,-6]],[[77456,12584],[-22,-7],[-16,-2],[1,16],[-34,7],[-65,5],[-28,11]],[[77292,12614],[-15,5],[-9,10],[8,6],[6,13],[14,7],[-4,19],[21,-2],[23,44]],[[78892,12505],[6,-11],[37,-32],[28,-17],[11,-14],[4,-13],[-8,-7],[-39,-22],[-36,-85],[-9,-9],[-14,-35],[-15,-11],[-1,-18],[14,-8],[60,-8],[25,-20],[55,-20],[27,-15],[6,-1],[9,-9],[3,-14],[32,-33],[26,-11],[13,-9],[4,-7],[-14,-27],[19,-45],[-6,-30],[18,-34],[-3,-19],[-38,-3],[-29,-11],[-10,1],[-5,-6],[-16,-2]],[[79046,11900],[-8,2],[-28,0],[-28,10],[-6,-2],[-18,13],[-17,-17],[-17,17],[-3,19],[-13,10],[-11,5],[-15,-1],[-14,3],[-2,-3],[-53,35],[-4,-1],[-6,3],[-35,-15],[2,-11],[-87,-46],[-6,-7]],[[78677,11914],[-5,14],[-14,14],[-4,-5],[-13,-2],[-34,-1],[-16,8],[-15,14],[-72,-8],[-5,-1],[-2,-4],[-35,-6]],[[78462,11937],[-21,11],[-14,3],[-19,1],[-22,-8],[-12,0],[-7,13],[-8,4],[-2,15],[-14,5],[2,12],[-21,7],[-10,1],[-4,-12],[-30,6],[-26,-2],[-41,0],[9,37],[-3,16],[3,9],[-5,20],[-21,33],[14,15],[24,8],[4,5],[-8,7],[-28,8],[8,37],[-28,4],[-30,11],[-48,1],[-30,11],[-43,4],[-3,10],[-21,-5],[-9,22],[-15,3],[-13,15],[-17,1]],[[77094,12509],[35,6],[-2,2],[75,18],[-79,7],[17,21],[32,29],[19,-6],[6,6],[5,-3],[5,6],[20,-7],[11,3],[6,-5],[16,-2],[19,2],[-1,17],[-3,2],[2,5],[10,-1],[5,5]],[[87850,13025],[-47,-9],[-73,0],[-34,7],[-57,22],[-79,9],[-54,14],[12,2],[0,2],[-23,19],[12,2]],[[87507,13093],[11,-10],[27,-3],[6,-6],[20,-8],[15,2],[20,6],[16,-3],[9,0],[20,8],[14,1],[7,-1],[31,-24],[29,-8],[17,1],[35,11],[13,1],[27,-12],[26,-23]],[[87937,13446],[-15,-32],[6,-7],[33,-32],[8,2],[20,-4],[12,0],[20,-23],[-33,-7],[6,-6],[20,-15],[21,-11],[50,-14]],[[88085,13297],[7,-6],[26,-1],[7,-8],[-23,-17],[-17,-21],[-15,-3],[-20,-16],[-18,-24],[-30,-19],[-3,-38],[-13,-14],[3,-10],[-10,-9],[-12,1],[-32,-11],[-47,0],[-38,11],[-35,-7],[-19,-11],[20,-13],[-17,-13],[-2,-4],[50,-19],[11,-8],[0,-10]],[[87858,13027],[-3,-1]],[[87855,13026],[-18,16],[-1,5],[-39,15],[-11,1],[-34,-11],[-18,-3],[-29,9],[-31,26],[-21,-1],[-28,-9],[-20,4],[-30,-9],[-9,2],[-18,13],[-29,3],[-16,22],[-12,32],[-18,27],[6,5],[1,10],[-7,-12],[-8,4],[10,25],[-7,9],[-6,1],[-8,10],[8,20],[14,0],[14,7],[14,0],[8,-3],[-2,-8],[3,0],[10,-13],[-8,-1],[-18,8],[18,-9],[-17,2],[23,-5],[6,5],[-5,8],[-6,18],[-26,4],[-16,-8],[-6,-1],[1,8],[20,12],[4,21],[-3,5],[-6,2],[-26,-1],[-9,3],[2,8],[16,10],[14,5],[6,9],[-2,7],[-11,3],[-17,-2],[-21,-16],[-26,2],[-10,10],[4,24],[54,13],[6,4],[2,8],[-29,40],[-18,16],[2,23],[-5,11],[4,1],[-31,14],[-5,5],[56,12],[19,15],[2,10],[-19,36],[-23,15],[-16,7],[-9,8],[-4,44],[13,17],[53,18]],[[87858,13027],[-1,-4]],[[87857,13023],[-2,3]],[[87850,13025],[6,-5]],[[87856,13020],[-49,-47],[-41,-21]],[[87766,12952],[-8,-20],[-75,-69],[-7,-11]],[[87676,12852],[-8,-4],[14,-14],[-33,-24],[8,-6],[-4,-4],[-9,4],[-20,-1],[-41,-14],[-30,6],[-1,-4],[-49,1],[-19,3],[-45,-1],[-22,2]],[[87417,12796],[1,20],[9,22],[-9,18],[12,5],[3,15],[-18,19],[0,8],[4,6],[-12,17],[-10,8],[-13,19],[-18,3],[6,22],[-7,4],[2,11],[-12,1],[9,9],[3,15],[-2,5],[-7,-1],[-4,2],[-3,14],[-5,-1]],[[87346,13037],[-2,6],[33,6],[-6,3],[-9,0],[-5,10],[5,8],[-16,-2],[-6,10],[12,5],[5,15],[-2,11],[6,21],[5,-1],[0,4],[45,10],[-7,12],[56,15]],[[87460,13170],[19,-21],[28,-56]],[[87198,13276],[-3,-14],[-4,0],[-7,-15],[17,-3],[0,-9],[14,0],[3,-18],[10,-2],[0,-4]],[[87228,13211],[-30,-16],[-23,-22],[22,-4],[2,-12],[-8,-14],[8,-9],[-14,-11],[19,-6],[-14,-11],[18,-3],[-1,-4],[10,-1],[-20,-50],[0,-9],[8,0],[-1,-5]],[[87204,13034],[-21,2],[-40,-2],[-10,-10],[-23,-13],[-51,17],[7,6],[-3,6],[-56,1],[-53,18],[-39,-21],[-52,12],[-57,9]],[[86806,13059],[5,22],[-5,5],[-36,4],[1,7],[-9,3],[-5,21],[-39,4],[-4,12],[7,14],[-3,19],[4,19],[-24,37],[17,20],[-11,52],[1,22]],[[86813,13433],[20,-5],[9,-23],[35,-8],[2,-3],[94,2],[25,-3],[32,7],[30,2],[-41,-20],[-41,-8],[25,-14],[-2,-24],[24,-8],[15,-10],[34,-10],[78,-16],[-3,-6],[11,-2],[6,-8],[32,0]],[[86406,13026],[-17,-14],[-6,-9],[-20,-9],[-2,-23],[-5,-6],[-13,-4],[-3,-16],[-11,-7],[3,-13],[10,-14],[20,-18],[6,-11],[15,-7],[1,-16],[10,-8]],[[86394,12851],[-46,3],[-25,-7],[-19,-28],[0,-15],[42,-34],[-12,-16],[-2,-10],[-26,-24],[-13,-33]],[[86293,12687],[-12,15],[-18,7],[-42,62],[-16,15],[-16,32],[-15,-3],[-9,3],[-29,1],[-25,-7],[-21,16],[-23,9],[-3,4],[-19,-1],[-60,14],[-15,1],[-2,4],[6,4],[-2,8],[-20,23],[-11,5],[9,8],[-15,9],[-22,-6]],[[85913,12910],[-16,1],[-9,13],[22,27],[29,-3],[6,19],[4,1],[-1,16],[-32,-1],[-1,12],[2,18],[17,6],[-1,18],[11,-1],[1,8],[21,2],[30,-5],[27,1],[19,-6],[32,-4],[29,0],[26,-6],[12,-8],[23,-1],[47,10],[24,12],[-16,11],[-19,2],[0,3],[35,2],[48,8],[11,-4],[10,4],[45,9],[8,8],[31,-5],[-5,-40],[20,-3],[3,-8]],[[86293,12687],[-13,-49],[12,-9],[0,-9],[-24,-7],[-17,0],[-30,-7],[-29,-10],[-19,-13],[-3,2],[-28,-14],[-28,-6],[-9,-20],[-1,-15],[-59,-3],[-20,-7],[-15,-6],[-6,-7],[1,-9],[-6,-9],[8,-6],[24,-5],[79,-1],[48,11],[9,13],[9,4],[4,-3],[28,13],[53,3],[51,-5],[28,20],[0,-6],[16,2],[5,5],[35,9],[5,-26],[-4,-11],[23,-7],[21,-17],[30,-5],[34,-12],[12,0],[3,2],[15,-2],[6,-3],[-6,-3],[48,-13],[-8,-11],[-15,9],[-13,-10],[-4,-9],[-17,5],[-18,-19],[-10,7],[-10,1],[-2,-4],[-15,5],[-8,-6],[-3,-8],[21,-6],[2,-7],[30,-3],[-2,-16],[-9,-12],[9,-2],[-2,-3],[18,-16],[30,-22],[3,-1],[-3,7],[1,11],[4,2],[-2,11],[12,5],[8,-7],[-2,-17],[15,-2],[0,-15],[-8,-10],[-7,-2],[-3,-9],[-38,3],[-2,-13],[8,-18],[-4,-10],[19,-3],[-2,-8],[10,-5],[-30,2],[-13,-5],[-7,-12],[29,-36],[22,-37],[14,-6],[6,1]],[[86587,12145],[3,-23],[6,-1],[3,-14],[-4,-11],[-24,-7],[-10,-2],[-5,3],[-9,-2],[-10,7],[-8,-1],[-1,9],[-24,-4],[-11,8],[-20,-3],[-6,2],[-9,-1],[-7,4],[-13,-11],[-8,1],[-16,-6],[-15,3],[-6,-4],[-12,-1],[-8,-6],[-25,-8],[-3,3],[-19,1],[-7,6],[-12,-4],[-11,12],[-11,-1],[-7,4],[5,6],[-9,-3],[-13,1],[-1,3],[10,12],[-3,2],[-8,-2],[-1,6],[-17,3],[-2,5],[-12,3],[-8,-4],[-21,0],[-37,6],[-5,-3],[-11,2],[-8,4],[-24,-13],[-9,3],[-12,-3],[-4,5],[-28,2],[-4,4],[-8,0],[-10,5]],[[86038,12142],[1,5],[9,1]],[[86048,12148],[49,-7],[22,25],[24,56],[8,10],[0,14],[-25,7],[13,34],[-13,0],[-30,11],[-9,4],[2,5],[-35,18],[-12,-11],[-18,7],[-2,-2],[-24,7],[8,10],[-13,9],[-30,-3],[-8,19],[-15,2],[-12,19],[-13,12],[-47,0]],[[85868,12394],[-24,3],[-6,-8],[-38,1],[-18,-14],[-19,-4]],[[85763,12372],[-2,16],[-5,3],[-4,16],[8,9],[11,5],[-43,1],[-22,4],[-52,4],[-7,11],[-17,2],[-11,18],[-3,-1],[-1,8],[-8,-6],[-13,0],[6,16],[-5,8],[-49,-8],[-68,-6],[-26,-6],[1,12],[5,4],[-3,8],[-6,3]],[[85575,12638],[1,-7],[9,1],[4,-6],[54,19],[13,3],[12,-2],[25,11],[24,-9],[27,5],[3,37],[15,15],[-6,15],[-11,5],[0,10],[-5,12],[-4,-1],[-4,5],[2,3],[16,14],[34,10],[28,4],[14,13],[30,16],[6,23],[14,20],[-3,11],[26,37],[4,0],[10,8]],[[85854,12271],[2,-2],[-16,-23],[8,-14],[-1,-11],[13,-5],[15,0],[-11,-7],[-12,0],[21,-8],[-12,-9],[16,-9],[20,-6],[-3,-9],[2,-6],[28,-3],[-2,-6],[13,3],[7,-3],[33,-1],[17,2],[18,-4],[25,4],[13,-6]],[[86038,12142],[-7,0],[-1,-7],[-25,-17],[-21,3],[-40,-6],[-16,-16],[4,-5],[-5,-11],[2,-10],[-20,-18],[1,-4],[-9,-2],[-5,-5],[-11,-1]],[[85885,12043],[-216,21]],[[85669,12064],[40,40],[3,19],[11,31],[-8,7],[-30,10],[-19,0],[-28,6]],[[85638,12177],[-3,0],[8,7],[-8,0],[-8,4],[6,6],[-7,2],[2,7],[-21,5],[-8,-3],[-11,10],[15,14],[28,2],[1,20],[-6,9],[7,1]],[[85633,12261],[19,-4],[11,-7],[7,0],[5,-6],[6,-1],[4,-7],[46,-1],[36,-12],[12,29],[22,-3],[5,2],[-5,4],[10,7],[10,-1],[9,15],[24,-5]],[[86809,12819],[-3,-3],[-7,1],[-2,-2],[-7,5],[-10,-3],[-1,2],[-22,-24],[59,-29],[-11,-6],[1,-9],[21,-24],[12,-1],[47,16],[15,1],[2,3],[23,6],[47,6],[11,1],[8,-12],[37,1],[3,11],[38,-2],[1,6],[28,-7],[21,17],[10,-1]],[[87130,12772],[52,-5],[36,2]],[[87218,12769],[3,0],[-6,-10],[-2,-27],[13,-26],[1,-12],[-4,-20],[-12,-14],[-3,-22],[-13,1],[-5,-21],[4,-25],[13,-2],[1,-2]],[[87208,12589],[-10,-1],[-34,5],[-30,-1],[-14,-3]],[[87120,12589],[-16,8],[-25,7],[-63,6],[-3,10],[-9,6],[-18,-8],[-13,0],[-39,-30],[-30,-12],[0,-4],[-18,-12],[-2,-5],[4,-6],[-36,-30],[-57,-25],[-26,-4],[-18,1],[-5,-13],[-16,-9],[-27,-8],[-5,-14],[22,-22],[9,6],[6,-7],[12,1],[21,-10],[7,0],[6,-5],[20,-3],[6,-5],[14,-5],[9,-12],[9,-5],[8,-1],[19,7],[17,-2],[17,-8],[1,-8],[-5,-3],[-1,-10],[11,-4],[1,-3],[18,-5],[28,3],[25,-1],[14,-5],[-22,-35],[-16,-34],[-8,-28],[1,-24],[-6,-27],[-12,-33],[-5,-3],[-1,-8],[-12,-18],[-3,-2],[-4,5],[-37,10],[-16,-8],[-1,4],[-17,3],[-2,4],[-12,6],[-27,9],[-13,-5],[-7,-8],[-12,-3],[1,-13],[-5,-5]],[[86756,12127],[-3,3],[-14,1],[-16,-7],[-28,7],[-9,-1],[-9,6],[-11,-3],[-6,2],[-14,-1],[4,7],[-20,12],[-17,4],[-6,-8],[-20,-4]],[[86394,12851],[70,-2],[6,-9],[25,-2],[22,-11],[15,-4],[16,0],[29,2],[34,15],[33,7],[-1,6],[11,-5],[12,5],[33,3],[63,2],[25,-17],[11,-17],[11,-5]],[[87204,13034],[25,-1],[35,5],[36,1],[8,-4],[38,2]],[[87417,12796],[-6,-5],[-28,-8],[-40,-3],[-35,2],[-14,-3],[-74,1],[-2,-11]],[[87130,12772],[24,14],[26,-6],[3,5],[-2,6],[-5,1],[7,9],[9,-3],[10,14],[-44,7],[-9,-19],[-4,-1],[-26,9],[12,10],[-15,4],[7,8],[-26,6],[-32,-8],[-24,9],[-4,13],[-13,21],[20,18],[-1,5],[-3,0],[-29,0],[-35,8],[-37,-15],[-4,-6],[-10,1],[-30,-11],[-39,-4],[-47,-48]],[[86406,13026],[46,2],[157,12],[73,14],[54,6],[34,2],[36,-3]],[[85854,12271],[9,6],[-2,4],[-26,4],[-32,32],[34,28],[31,49]],[[85763,12372],[-16,-23],[-7,3],[-7,-6],[-3,-21],[-52,9],[4,-11],[-9,-6],[-10,2],[-7,-14],[2,-9],[14,-2],[-16,-12],[-5,0],[-18,-21]],[[85638,12177],[-11,-11],[0,-4],[-14,3],[1,3],[-29,9],[-6,-3],[3,-11],[-8,-8],[-21,6],[1,2],[-36,6],[-32,-9],[-17,3],[-6,-4]],[[85669,12064],[-5,-5],[5,-1],[-5,-5],[-12,-5],[-19,-21],[-6,2],[-8,-2],[-9,-13],[-3,1],[-18,-12],[3,-5],[19,-6],[-11,-8],[-2,-11],[-14,-12]],[[85584,11961],[-32,1],[-9,-1],[0,-3],[-16,1],[-7,-7],[6,-4],[-18,1],[-88,29],[-25,1],[-20,-5],[1,8],[-11,-1],[-1,4],[-25,8],[-30,14],[-22,0],[-15,-20],[-26,11]],[[87228,13211],[15,4],[2,-9],[40,3],[31,10],[28,3],[23,21],[10,16],[57,-3],[14,15],[33,2]],[[87481,13273],[-7,-9],[-13,-9],[-13,-34],[4,-13],[9,-2],[5,-5],[-7,-14],[1,-17]],[[87421,13422],[32,-37],[4,-9],[-30,-9],[-21,-2],[-7,-5],[-8,-15],[1,-21],[9,-9],[10,-4],[25,0],[15,5],[12,14],[11,1],[3,-7],[-23,-10],[-16,-15],[13,-14],[-7,-4],[23,2],[13,4],[3,-2],[-2,-12]],[[87198,13276],[15,4],[19,-10],[2,8],[6,0],[6,3],[3,8],[7,0],[12,13],[-3,2],[7,7],[6,-1],[3,9],[16,-3],[5,11],[-6,4],[2,2],[13,-1],[23,43],[0,25],[4,6],[-4,8],[13,0],[-3,10],[-13,1],[1,5],[11,0],[-1,2]],[[85885,12043],[-12,-24],[-15,-12],[5,-3],[-10,-10],[-5,-3],[-20,3],[-37,-32],[-5,-7],[11,-12],[-11,-2],[-9,-9],[-18,-3],[-10,-5]],[[85749,11924],[-15,-6],[-5,-6],[-23,5],[-19,12],[-52,22],[-22,7],[-29,3]],[[88114,13368],[4,-18],[-20,-11],[-26,-22],[10,-10],[3,-10]],[[80710,13660],[6,20]],[[80710,13660],[-7,1],[-49,-67]],[[80654,13594],[0,-1]],[[80654,13593],[-129,80]],[[80525,13673],[29,27],[9,-1],[-1,-4],[9,-2],[2,5],[29,6],[14,-13],[27,10],[3,-5],[9,3],[-3,-5],[11,-7],[4,2],[22,-12],[5,0],[4,5],[18,-2]],[[80721,13160],[-6,-4],[-68,14],[-20,11],[-25,-3],[-18,6],[-4,8],[4,16],[-10,23],[-33,44],[-12,27]],[[80529,13302],[7,-1],[10,11],[4,-1],[3,4],[-7,2],[6,13],[18,9],[-11,12],[25,12],[-4,1],[17,3],[-8,10],[41,22]],[[80630,13399],[25,16],[46,-49],[-16,-13],[27,-22],[-1,-3],[11,-12],[-7,-13],[16,-5],[-6,-19],[13,-27],[5,-1]],[[80581,13482],[-11,-18]],[[80570,13464],[-49,-80],[-7,4],[-10,0],[-13,28],[-5,-1],[-5,3],[-10,-6]],[[80471,13412],[-14,-7],[-10,9],[6,2],[-3,3],[4,1],[-8,5],[-6,6],[-11,2],[-27,-10],[-5,11]],[[80397,13434],[56,17],[6,-3],[5,4],[-3,13],[-18,11],[-6,-2],[-16,24],[-6,40],[19,27]],[[80434,13565],[2,2],[21,-12],[14,-10],[1,-5],[40,-28],[32,-10],[0,3],[16,-4],[-1,-3],[15,-6],[7,-10]],[[80716,13680],[-3,99]],[[80525,13673],[-47,27],[-28,9]],[[80482,13721],[-32,-12]],[[80713,13780],[-33,0],[-33,-10],[-19,-2],[-42,2],[-26,6],[-13,-20],[-22,-16],[-43,-19]],[[80713,13779],[0,1]],[[80654,13593],[-28,-38]],[[80626,13555],[-13,5],[-19,1],[-12,11],[-23,5],[-18,9],[-13,3],[-11,10],[-20,2],[-18,12],[-13,23]],[[80466,13636],[-8,30],[-17,13],[-6,16]],[[80450,13709],[-10,-6],[-5,-8]],[[80716,13524],[5,-22],[-15,-29],[-8,-7],[-50,-18],[-33,-33]],[[80615,13415],[-10,5],[5,4],[-2,2],[-38,38]],[[80581,13482],[45,73]],[[80654,13594],[55,-52],[7,-18]],[[80397,13434],[-15,-5],[-37,-6],[-11,-11],[-22,-41],[-13,5],[-8,-2],[-18,3],[-15,-4],[-36,1],[-86,22]],[[80310,13592],[-19,-6],[-21,-19],[-2,-14],[-13,-13],[-2,-12],[-61,-36],[-20,-28],[-26,-19],[-13,-33],[3,-16]],[[80310,13592],[2,-2],[13,1],[41,10]],[[80366,13601],[2,-3],[26,-10],[40,-23]],[[80945,13323],[-86,61],[29,13],[26,19],[8,-1],[9,5],[-4,3],[9,5],[44,19],[-5,20],[-23,40],[-3,13],[-8,-3],[-8,2],[1,20],[-7,32],[-13,20],[-27,31]],[[80630,13399],[-15,16]],[[80716,13524],[10,4],[-5,17],[12,6],[3,-5],[26,11],[-7,29],[64,61]],[[80887,13622],[-60,30],[-8,-5]],[[80466,13636],[-3,-4],[-13,-9],[-23,-31],[-14,14],[-6,1],[-6,4],[-22,-10],[-3,2],[-10,-2]],[[80297,13617],[30,-9],[-17,-16]],[[80338,13644],[-30,-23],[-11,-4]],[[80435,13695],[-18,-6],[-7,-11],[-31,-9],[-23,-17],[-18,-8]],[[80471,13412],[10,-20],[-23,-5],[-28,-18],[-7,6],[2,6],[-11,-6],[6,-4],[0,-9],[30,-7],[-42,-22]],[[80408,13333],[-56,-35],[17,-23],[-26,-9],[-39,-22]],[[80304,13244],[-8,5],[-6,12],[-17,17],[-14,1],[0,3],[-12,-1],[-37,6],[-73,65],[-11,19]],[[80136,13396],[0,-13],[-10,-12]],[[80819,13647],[-27,12],[-10,2],[-10,-1],[-19,2],[-3,-7],[-40,5]],[[80529,13302],[-2,10],[-25,24],[-3,-3],[-28,-3],[1,-3],[-29,-8],[-20,12],[-6,-4],[-9,6]],[[80452,12982],[-7,10]],[[80445,12992],[-23,45],[-28,34],[-5,39],[-17,35],[-14,14],[-21,10],[-10,34],[-23,41]],[[77949,11576],[2,-8],[-6,-16],[27,-4],[6,-12],[6,-1],[37,6],[28,7],[31,-2],[33,7],[7,-6],[27,-11],[3,-2],[-8,-1],[-11,-15],[-10,-4],[-9,-12],[0,-11],[-8,-3],[6,-3],[-7,-3],[6,-8],[11,-1],[6,-7],[6,-1],[1,3],[16,-7],[7,2],[7,-6],[-2,-5],[12,-3],[-9,-1],[-3,-3],[27,-24],[8,2],[1,-4],[11,-3],[6,5],[12,-7],[0,5],[4,-3],[12,-2],[12,6],[4,-7],[5,2],[3,-3],[19,2],[16,6],[9,0],[-5,-6],[-13,0],[10,-16],[15,-9],[-8,-13],[-8,-4],[33,-13],[3,-4],[-5,-19],[-15,-26],[-31,-25],[-13,-25],[7,-41],[0,-35],[16,1],[-13,-15],[3,-13]],[[77326,11049],[11,19],[5,34],[25,55],[3,21],[9,11],[-3,41],[6,25],[6,2],[5,30],[-6,0],[11,25],[19,29],[-1,5],[8,9],[4,18],[14,-1],[3,6],[-18,15],[-4,9],[1,20],[12,17],[-5,4],[-5,-1],[2,15]],[[77428,11457],[21,-4],[15,31],[15,15],[2,17],[-8,2],[-6,6],[9,12],[21,14],[-25,14],[-9,9],[-25,15],[-25,6],[-5,4],[-16,21],[-9,53],[7,1],[-1,5],[17,-2],[42,4],[34,-2],[22,7],[14,1],[-5,7],[0,6],[22,5],[-9,1],[-1,3],[9,7],[9,-2],[10,2],[3,14],[-14,9],[0,10],[16,9],[26,-14],[-9,-2],[-1,-6],[-18,-18],[-1,-4],[10,-13],[31,3],[10,-7],[10,3],[7,-7],[-12,-6],[25,-2],[-1,-3],[49,-1],[-3,-9],[5,-4],[30,1],[32,-2],[-4,-13],[10,-22],[-7,-1],[1,-22],[22,-18],[-14,-7],[44,-34],[-9,-14],[27,-45],[4,-5],[22,-6],[15,-18],[12,2],[-3,18],[14,1],[-4,5],[18,3],[19,14],[-11,15],[-3,14],[15,12],[-9,6],[-4,12],[-6,2],[1,6],[22,4],[29,1]],[[78462,11937],[-2,-20],[-18,-38],[5,-6],[-8,-6],[-41,5],[0,7],[-10,5],[-5,-4],[3,-5],[-15,-9],[-9,8],[-15,-1],[0,-3],[-20,-5],[-6,-4],[-29,-41],[-32,1],[-3,8],[-3,0],[-6,-13],[-32,-5],[-5,1],[-24,-18]],[[78187,11794],[-6,6],[-7,1],[-6,9],[-63,-4],[-29,-12],[-13,3],[1,-4],[7,-3],[-9,-3],[-1,-3],[8,0],[3,-5],[-17,-3],[-2,-8],[4,-1],[-2,-3],[9,-3],[-6,-9],[10,2],[2,-7],[-4,0],[-1,-6],[-5,-2],[3,-9],[8,0],[-1,-4],[15,-5],[0,-5],[7,-5],[-16,-4],[-24,-13],[-33,-9],[-8,-15],[-13,-12],[-25,-3],[-7,-7],[2,-6],[-12,-6],[10,-16],[-1,-8],[-30,-5],[14,-31]],[[77428,11457],[-14,0],[-18,7],[-14,10],[-13,-3],[-30,-14],[-24,-23],[14,-15],[-19,4],[-3,5],[4,4],[-8,0],[-5,6],[-2,-2],[-16,2],[-4,-2],[-33,-2],[-12,2],[-13,5],[1,4],[-10,1],[-16,-4],[1,-4],[-7,0],[-11,-7],[-15,-3],[-8,1],[-2,3],[-5,-3],[-11,2],[-10,-1],[-2,-3],[-10,0],[-24,19],[-29,-9],[-41,48],[-27,0]],[[76992,11485],[1,12],[15,4],[-20,22],[-45,21],[34,11],[4,16],[16,30],[18,60],[6,0],[-5,11],[11,12],[-3,5],[5,10],[28,23],[14,28],[-58,10],[-20,12],[33,38],[21,13],[-7,11],[-40,26],[-5,7],[2,10],[-3,3]],[[76994,11880],[29,29],[4,-2]],[[77027,11907],[20,-17],[26,-5],[8,-3],[5,-8],[26,-6],[32,7],[8,-4],[12,21],[29,-2],[8,9],[10,3],[13,-1],[2,10],[78,-3],[33,15],[0,4],[-46,14],[-21,20],[-26,1],[-9,20],[11,2],[-6,3]],[[77240,11987],[26,10],[9,-2],[9,9],[30,-6],[5,7],[-6,12]],[[77313,12017],[15,8],[50,13],[15,12],[-6,3],[5,3]],[[76465,11010],[-5,6],[8,29],[-6,7],[17,14],[-13,5],[-19,16],[27,12],[9,7],[2,6],[-16,2],[7,11],[4,1],[4,-3],[9,4],[-13,9],[23,13],[31,3],[-2,3],[55,13],[-51,29],[11,8],[9,-2],[-1,7],[-51,16],[19,6],[7,6],[3,-1],[12,18],[-13,10],[-49,27]],[[76483,11292],[48,11],[32,21],[19,3],[6,6],[15,7],[11,0],[5,-3],[9,7],[5,0],[4,4],[-5,4],[9,9],[16,5],[4,5],[4,-1],[21,35],[3,-2],[8,5],[-3,2],[3,3],[7,0],[2,4],[4,-2],[16,4],[8,4],[1,5],[12,1],[-2,2],[13,6],[2,3],[8,3],[-3,3],[16,16],[24,1],[4,-4],[8,1],[10,-2],[4,4],[6,0],[-2,8],[-7,3],[2,5],[-12,3],[5,15],[-5,3],[-17,3],[-9,20],[29,3],[8,4],[31,-10],[28,-4],[-4,-7],[3,-22],[33,-2],[24,-4],[28,1],[7,7],[13,-3]],[[78677,11914],[-6,-18],[-8,-3],[-8,4],[-7,0],[-10,-6],[-26,-3],[1,-25],[11,-5],[10,-14],[-22,-3],[-7,-22],[3,-5],[-4,-3],[8,-34],[17,-14],[1,-5],[-18,-26],[4,-31],[31,3],[12,-24],[-1,-9],[43,5],[1,-8],[-3,-1],[8,-20],[21,3],[6,-22],[4,-4],[10,0],[-6,-3],[-8,-12],[-10,-26],[16,-24],[4,-44],[-9,-5],[0,-3],[-38,-31]],[[78697,11476],[-10,14],[-34,19],[-20,3],[-64,1],[-31,-2],[-26,6],[-55,25],[-4,5],[-5,27],[-9,11],[-25,16],[-31,3],[9,63],[-3,7],[-4,0],[1,19],[-13,7],[0,6],[-11,13],[-27,-7],[-8,14],[32,4],[1,13],[-18,11],[-60,3],[8,16],[-29,6],[-11,-2],[-7,1],[2,11],[-27,-1],[-15,4],[-12,-4],[-6,5],[2,1]],[[78697,11476],[9,-26],[-21,-50],[8,-15],[4,-33],[24,-40],[0,-41],[19,-35]],[[76794,11976],[-21,-8],[-14,0],[-7,7],[4,4],[-30,-2],[-3,4],[-10,1],[-21,10],[-5,11],[1,13],[-8,5],[-67,2],[-4,-8],[-12,-12],[0,-5],[-15,-16],[-19,-3],[-10,-11],[-27,-17],[9,-10],[1,-11],[15,-17],[-7,-26],[8,-3],[6,-7],[-46,-12],[-4,-8],[-19,-8],[-25,3]],[[76464,11852],[-31,-4],[-44,-88],[-36,22],[-21,0],[-24,56],[-114,-7],[-4,-29],[-20,-38],[-38,8],[-41,23],[-11,10],[-72,21],[-67,40],[-24,16],[-15,20],[38,48],[-1,5],[23,10],[2,-2],[17,2],[4,-7],[8,-2],[31,11],[1,6],[10,7],[14,41],[9,11],[26,9],[10,-4],[0,8],[11,-1],[7,3],[5,9],[-2,4],[5,7],[-4,5],[-76,42]],[[79046,11900],[2,-10],[21,-33],[-4,-14],[14,-76],[-4,-11],[-7,-1],[8,-9],[-5,-13],[11,-24],[3,-20],[-5,-46],[2,-24],[-4,-21],[-6,-9],[2,-14],[-6,-47],[10,-2],[2,-6],[-8,-1],[1,-3],[20,-27],[5,-16],[-1,-9],[-35,-6],[-9,-28],[-7,-97],[4,-15],[9,-2],[-2,-2],[-14,3],[-6,-11],[-2,-11],[5,-15]],[[75811,12165],[12,-7],[8,-12],[-16,-23],[-17,2],[-14,8],[-45,14],[-26,3],[-11,-2],[4,-20],[16,-6],[14,-10],[2,-11],[-4,-7],[-137,-63],[-81,-23],[-72,-26],[9,-7],[-2,-4],[-7,1],[-1,-5],[-17,-6],[2,-2],[-9,-9]],[[75419,11950],[-32,6],[-11,14],[6,15],[-11,7],[-5,28],[-13,13],[-6,3],[-6,-4],[-13,8],[-2,18],[-16,10],[-11,1],[1,5],[-6,4],[-19,-4],[-13,12],[-4,9],[-8,-6],[-11,4],[0,3]],[[75239,12096],[23,2],[0,4],[18,8],[9,-3],[2,2],[-7,5],[17,11],[21,9],[-3,4],[6,-1],[30,13],[5,-6],[3,1],[10,-6],[28,10],[3,-3],[10,2],[0,3],[5,-7],[21,4],[-8,17],[7,2],[-1,3],[7,4],[-3,4],[18,4],[-3,4],[20,6],[17,25]],[[75494,12217],[7,-2],[2,3],[19,-11],[55,-18],[8,6],[31,-15],[11,19],[7,5],[-20,9],[12,9],[39,-9],[14,8],[12,-10],[14,-3],[16,-10],[79,-27],[11,-6]],[[75589,12343],[-1,-7],[-13,-15],[8,-11],[-107,-24],[-21,-12],[-15,-14]],[[75440,12260],[-17,-20],[-15,-10],[-67,-13]],[[75341,12217],[-7,3],[-18,-5],[18,9],[-11,12],[-12,-4],[-15,11],[9,3],[6,5],[-3,2],[6,2],[3,5],[-8,0],[-4,4],[13,5],[-5,5],[45,13],[-5,7],[4,1],[-10,15],[4,1],[0,7],[6,2],[7,-2],[24,-17],[24,12],[60,17],[38,16],[-11,16]],[[75499,12362],[38,5],[10,7]],[[75547,12374],[20,-18],[22,-13]],[[75239,12096],[-7,7],[14,3],[-5,6],[-5,-2],[-6,8],[25,8],[-6,6],[10,4],[-7,5],[-8,-3],[-9,13],[22,6],[-10,13],[0,10],[18,4],[29,14],[-3,8]],[[75291,12206],[50,11]],[[75440,12260],[5,-3],[-3,-5],[5,-2],[5,5],[11,-3],[4,-6],[-5,-2],[6,-5],[6,3],[-1,-4],[21,-21]],[[75509,12523],[1,-11],[-10,3],[-15,-5],[-20,-11],[1,-2],[-10,-7],[9,-3],[2,4],[8,2],[-1,-4],[31,2],[-7,-10],[1,-4],[-7,-3],[29,-9],[-4,-25],[10,-5],[5,-25],[-2,-17],[17,-19]],[[75499,12362],[-16,6],[-7,9],[-48,-13],[-5,6],[-9,-3],[3,-3],[-32,6],[-27,-9],[-10,0],[-11,25],[-21,24],[-7,0],[33,20],[-2,6],[-14,11],[2,3],[10,-1],[0,5],[-7,2],[1,8],[-31,3],[-45,-3],[-72,1]],[[75890,12224],[-17,-12],[-34,-37],[-28,-10]],[[75589,12343],[5,6],[24,9],[17,10],[20,-4],[18,11],[-1,36],[22,60]],[[75291,12206],[-70,-5],[-19,-5],[-84,-38],[-68,-21],[-44,-28]],[[75419,11950],[-9,-6],[-40,-3],[-16,-9],[-17,-4],[-9,2],[-13,-7],[-22,-3],[-165,28]],[[77358,12172],[-71,-39],[-9,9],[9,4],[-9,8],[-7,-5],[-6,3],[-5,-7],[-21,-9],[-7,2],[-7,-2],[-2,-10],[-11,0],[-8,-10],[9,-7],[5,2],[8,-5],[3,1],[16,-3],[1,-5],[5,0],[-1,-4],[-6,-1],[-3,-4],[5,-3],[-5,-4],[3,-7],[-5,-4],[-5,0],[1,-7],[6,-5],[-3,-9],[-20,-18]],[[77218,12033],[-9,4],[-4,-6],[-16,5],[-28,-3],[-16,1],[-15,7],[-16,4],[-8,6],[-13,3],[-9,-4],[-18,9],[-14,0],[-5,5],[-12,-4],[-18,1]],[[77218,12033],[8,-2],[17,3],[10,-8],[17,6],[8,7],[12,-11],[6,2],[17,-13]],[[77240,11987],[-7,3],[-11,15],[-9,0],[0,5],[-15,-7],[-26,1],[-31,-3],[2,-3],[-10,-4],[5,-5],[-1,-12],[-16,11],[-22,-18],[-3,2],[-3,-7],[-8,4],[-19,2],[-10,-13],[-10,-27],[-11,-13],[4,-3],[-12,-8]],[[76994,11880],[-17,2],[-15,18],[-6,-1],[-9,15],[2,1],[-38,35]],[[76327,11273],[0,-2],[21,-4],[-7,-7],[15,-4],[7,2],[9,8],[20,5],[39,16],[7,6],[21,9],[12,15],[17,-7],[-5,-18]],[[76130,11046],[-10,3],[12,12],[-15,2],[2,6],[-16,-1],[-22,-6],[-7,14],[5,16],[42,7],[-5,7],[-9,-4],[7,6],[-8,5],[0,6],[28,6],[-32,0],[-22,9],[-20,4],[-8,13],[6,3],[-12,15],[-6,1],[4,7],[-2,6],[-5,-1],[0,6],[17,9],[-10,4],[-5,11],[10,1],[-4,25],[-7,2],[-3,-3],[-20,-3]],[[76015,11234],[-5,0],[2,4],[18,11],[0,13],[15,11],[-1,13],[20,10],[5,17],[-7,20],[-1,12],[-8,15]],[[76053,11360],[73,-18],[80,5],[4,-4],[-2,-3],[11,-5],[41,-38],[32,-7],[18,0],[1,-6],[8,-1],[7,-3],[1,-7]],[[75813,11186],[18,-4],[2,2],[-10,11],[15,1],[-7,8],[6,4],[8,-8],[6,4],[20,1],[22,-4],[9,15],[16,-5],[3,8],[7,-2],[9,-10],[14,-7],[13,14],[3,-7],[7,-2],[15,13],[20,-7],[6,23]],[[75567,11489],[12,8],[64,13],[3,14],[23,2],[32,-3],[146,14],[4,9],[10,-1],[2,6],[25,2],[0,5],[58,9],[36,0],[4,16],[10,4],[18,1],[5,-2],[-1,-24],[12,-25],[-1,-70],[-7,-14],[-4,-30],[17,-34],[5,-5],[7,-2],[6,-22]],[[76327,11273],[17,2],[3,5],[47,20],[-59,15],[-20,15],[-34,2],[-25,9],[9,9],[9,1],[13,14],[0,22],[11,20],[2,11],[-5,18],[10,23],[12,12],[38,7],[65,21],[28,6],[47,3],[23,7],[-6,26],[22,4],[2,-4],[11,3],[-12,16],[20,15],[18,2],[2,3],[-31,13],[-42,38],[-2,5],[6,3],[1,20],[-15,3],[2,22],[-35,5],[3,13],[-13,4],[16,3],[10,6],[-7,8],[16,23],[1,8],[17,-7],[6,4],[-17,10],[-12,18],[-4,16],[6,8],[-10,7],[5,7],[-11,18],[-1,17]],[[80304,13244],[-12,-13],[-87,0],[-10,-2],[-27,-10],[5,-3],[-6,-3],[15,-10],[-34,-13],[31,-36],[9,-17],[-9,-2],[-17,-15],[-19,0],[-60,-16],[-22,-17],[-54,-23]],[[80007,13064],[-6,6]],[[80001,13070],[-24,27],[-31,46],[-29,22],[-9,18],[-13,9],[-5,18],[0,8],[30,70],[13,-2],[2,4],[13,1],[7,4]],[[80126,13371],[-14,-4],[-32,-20],[-26,-9],[-30,-21],[-21,-11],[-48,-11]],[[80445,12992],[-84,-24],[-33,8],[-67,9]],[[80261,12985],[-93,8],[-59,13],[-52,22],[-50,36]],[[79714,12719],[15,-18],[-13,1],[-25,-2],[-5,4],[3,9],[-5,6],[-9,0],[-5,2],[-39,-5],[15,-35],[-3,-26],[-9,-3]],[[79634,12652],[-8,0],[-3,5],[-16,8],[-3,9],[6,14],[-3,9],[-20,16],[-7,14],[-31,27],[-10,40],[-14,26],[-38,28],[8,1],[-5,7],[8,3],[-9,7],[-4,-1],[-11,10],[6,4],[-8,5],[-21,-9],[-7,5],[5,2],[-3,10],[10,2],[-13,21],[0,4],[7,2],[-7,20],[-18,-3],[-19,13],[7,7],[41,19]],[[79454,12977],[46,19],[2,-10],[-23,-10],[5,-7],[6,0],[19,7],[3,-7],[15,2],[9,-6],[-4,-1],[5,-3],[7,2],[3,-5],[-4,-4],[8,-6],[-4,-3],[12,-3],[23,-21],[9,5],[-6,8],[9,-1],[12,12],[20,8],[4,-2],[18,2],[3,-4],[51,-55],[-4,-5],[-31,-2],[-68,-24],[33,-23],[-20,-15],[9,-10],[-4,-4],[5,-3],[-1,-8],[20,-11],[27,-22],[15,-21],[31,-27]],[[79634,12652],[-22,-11],[-25,-6],[-106,9],[-92,12],[-4,-4],[-18,-4],[0,-6],[-18,-3],[-5,11],[-16,1]],[[79282,13040],[22,1],[16,9],[6,-2],[3,-6],[56,2],[38,-3],[32,0],[23,6],[-6,-44],[-27,-6],[14,-8],[-6,-4],[1,-8]],[[80699,12357],[4,0],[-15,-8],[-2,-5],[-8,-2],[-5,-7],[-13,-4],[-12,-10],[-6,-10],[-21,-15],[-19,-2],[-18,-8],[-13,4],[-9,-6],[-19,2],[-37,-8],[-26,-10],[2,-14],[-7,-6],[-64,-7],[-7,-5],[-6,-13],[-21,-7],[-9,-8],[-26,-4],[-17,-10],[-21,0],[-1,-5],[-20,-18],[0,-7],[-9,-14],[-13,-5]],[[80261,12145],[-11,8],[-5,18],[-13,10],[-9,14],[-14,-1],[-34,93],[11,4],[2,-4],[30,3],[-1,11],[-14,2],[-7,7],[-31,8]],[[80165,12318],[-7,31],[-25,59],[-23,28],[-37,32],[10,3],[8,-3],[4,1],[4,18]],[[80099,12487],[-1,3],[-14,2],[-33,18],[-1,13],[-8,7],[-20,3],[-11,5],[-8,8],[2,11],[5,5],[-27,15],[-7,9]],[[79976,12586],[3,3],[19,4],[262,123],[8,1],[-4,13],[-19,10],[-19,16],[-30,41],[-25,20],[-6,24],[9,20]],[[80174,12861],[23,25],[-1,7],[52,15],[35,18],[-12,7],[16,19],[-40,17],[14,16]],[[79782,11414],[-10,6],[-5,13],[10,52],[8,11],[8,2],[21,15],[-1,36],[4,23],[51,77],[4,23],[9,16],[-1,15],[-22,45],[9,30],[9,4],[1,12]],[[79877,11794],[7,-2],[27,29],[42,27],[14,-14],[18,-9],[0,-5],[22,-20],[28,10],[31,2],[10,13],[14,7],[14,-1],[19,-9],[30,-7],[-5,24],[16,6],[23,-2],[11,1],[8,6],[13,-4],[9,-16],[11,1],[12,4],[-13,31],[-12,9],[-12,15],[-4,14],[11,3],[-12,13],[39,6],[2,2],[-14,11],[22,12],[-26,42],[-1,7],[2,31],[12,19],[-4,18],[37,27],[-14,20],[-3,30]],[[80099,12487],[-41,-1],[-113,-23],[-77,-34],[-14,-9],[-3,-24],[-7,-6],[-7,-2],[-13,-41],[-17,-1]],[[79807,12346],[-32,0],[-57,7],[1,29],[-29,4],[25,8],[-13,18],[3,19],[8,-2],[-6,21],[-9,-1],[-9,12],[0,14],[9,0],[-2,18],[85,0],[2,10],[59,1],[0,4],[26,5],[15,10],[8,-1],[16,7],[0,3],[41,12],[4,47],[24,-5]],[[80165,12318],[-53,42],[-15,0],[-32,5],[-13,-4],[-16,-1],[-42,9],[0,-17],[-10,-17],[-6,-30],[-8,-11],[-13,-8],[-18,-6],[-31,0],[-20,-3],[-7,2],[-44,4],[-20,-3],[-15,-9],[-4,1],[-24,-5]],[[79774,12267],[5,18],[17,17],[-6,19],[19,15],[-2,10]],[[79606,13159],[12,-5],[16,3],[28,-6],[-4,-6],[-16,-4],[-12,-9],[-27,-7],[4,-5],[15,-6],[8,-15],[6,0],[10,4],[5,-1],[3,-15],[-4,-10],[13,-8],[-4,-5],[20,1],[18,-6],[11,4],[33,-3],[5,-6],[-4,-12],[9,-10],[17,-6],[34,-3],[25,-13],[20,-6]],[[79847,13004],[-6,-19],[-1,-20],[27,-101]],[[79867,12864],[-8,2],[-8,-1],[-11,6],[-47,-35],[-4,0],[-8,6],[-4,-11],[-20,-5],[-9,-13],[4,-13],[-10,-9],[-4,-16],[-26,6],[3,-36],[-3,-8],[5,-16],[-3,-2]],[[79877,11794],[3,27],[-5,30],[27,4],[7,5],[-17,19],[16,16],[4,23],[-3,5],[-13,-3],[-17,14],[0,-23],[-9,-9],[-35,-22],[-61,-19],[-29,-19],[-39,-4],[-35,-9],[-31,0],[-25,4],[-12,17],[-21,18],[-9,20],[-16,21],[-10,25],[21,16],[-34,-17],[-15,12],[-10,15],[1,30],[-9,14],[9,29],[-4,18],[4,17],[12,0],[30,-11],[-21,18],[6,16],[-6,22],[-11,8],[-3,6],[24,4],[11,-17],[38,12],[23,22],[28,-7],[9,1],[3,-3],[20,14],[11,-6],[-5,17],[18,9],[16,3],[6,-2],[-2,8],[5,14],[53,45],[-1,26]],[[80001,13070],[-49,-21],[-34,29],[-14,3],[-9,-17],[-6,-29],[-24,0],[-18,-31]],[[79955,13295],[-31,0],[-2,-4],[-8,2],[-18,9],[-5,14]],[[80174,12861],[-30,-2],[-46,-49],[-64,12],[-15,-1],[-10,-5],[-9,14],[-22,11],[-12,-1],[-10,-7],[-36,3],[-19,-1],[-7,3],[6,5],[-2,5],[-10,2],[-11,11],[-10,3]],[[81583,8749],[5,-2],[-29,-44]],[[81559,8703],[-106,13]],[[81453,8716],[19,61]],[[81472,8777],[34,-6],[-2,-7],[79,-15]],[[81453,8716],[-52,6],[-13,0],[-62,6]],[[81326,8728],[24,39],[16,51]],[[81366,8818],[54,-7],[-11,-25],[63,-9]],[[82343,8966],[-97,-12]],[[82246,8954],[-14,9],[-70,-10],[-48,31],[-14,5],[-7,-7],[-7,1],[-10,-4],[-69,-8],[1,4]],[[82008,8975],[21,38],[-10,8],[-3,9],[-19,4],[-25,14],[-56,2],[5,19],[-17,2]],[[81904,9071],[12,44],[14,21],[-8,3],[-6,13],[-3,22]],[[81622,8811],[18,-13]],[[81640,8798],[9,-13]],[[81649,8785],[-23,-1],[-12,-8],[-2,1],[-17,-16],[-3,2],[-9,-14]],[[81366,8818],[-2,15]],[[81364,8833],[-6,26],[60,0],[130,-37],[74,-11]],[[81263,9129],[18,-16],[14,1],[10,-37],[80,-44],[-2,-11],[-24,-31],[-22,-15],[-26,-9],[-12,-24],[-8,-4],[17,-8],[-7,-11],[-8,2],[-16,-23],[-8,1],[-4,-8],[7,-1],[-7,-20],[-6,1],[0,-3],[7,-1],[1,-11],[-13,-1],[2,-19]],[[81256,8837],[-97,-3],[-70,-5]],[[81089,8829],[15,22],[-26,1],[8,43],[-5,17],[-16,21]],[[81065,8933],[-13,20],[-19,44],[0,14],[10,14],[-12,35],[-19,86]],[[82071,8827],[-24,-3],[-32,-18],[-29,-11],[-20,-33]],[[81966,8762],[-3,-3],[-20,-3],[-9,-4],[-4,5],[-42,11],[-44,-27],[-24,8],[-21,11],[-24,5]],[[81775,8765],[37,27]],[[81812,8792],[33,24],[29,33]],[[81874,8849],[175,-16],[22,-6]],[[82008,8975],[-79,-43],[-20,-16],[-39,-39],[-20,-13],[-24,-10]],[[81826,8854],[-42,-11],[-2,23],[-50,0],[-21,-17]],[[81711,8849],[-8,-5],[-2,10],[6,1],[-4,7],[-5,2],[-20,42],[9,0],[60,42],[16,2],[5,12],[-9,1],[0,2],[-47,3],[2,22]],[[81714,8990],[16,2],[41,-4],[18,17],[35,22],[67,14],[10,14],[3,16]],[[81921,8682],[72,-19],[5,9],[53,-10],[-12,-33],[-7,-11]],[[82032,8618],[1,3],[-53,12],[-104,21],[-117,22],[-7,1],[-2,-4]],[[81750,8673],[4,24]],[[81754,8697],[2,16]],[[81756,8713],[94,-13],[71,-18]],[[82246,8954],[31,-39],[-32,-9],[-21,0],[-1,-7],[-10,-4],[-10,-13],[13,-5],[-6,-6],[-12,-4],[8,-17],[-23,-5],[9,-10],[-31,-11]],[[82161,8824],[-42,-3],[-48,6]],[[81874,8849],[-18,-1],[-3,-2],[-8,6],[-12,-1],[-7,3]],[[81065,8933],[-79,-17],[-17,-11],[-46,-9],[-27,-1]],[[81714,8990],[-43,2],[-4,-6],[-39,6],[-10,-1],[-6,-3],[-32,-3],[15,-14],[3,-10],[-33,-2]],[[81565,8959],[-3,32],[13,56],[-7,33],[33,1],[-3,3],[5,4],[-2,3],[-7,1],[-25,11],[-9,8],[1,6],[-10,-1],[-15,27],[-57,65],[-11,33]],[[81711,8849],[4,-1],[19,-37]],[[81734,8811],[-36,-5],[-32,-11],[-15,1],[0,2],[-11,0]],[[81622,8811],[-26,29],[-55,47],[-18,46],[51,-7],[-9,33]],[[81966,8762],[18,-7],[-7,-19],[-30,-40],[-22,-8],[-4,-6]],[[81756,8713],[18,35],[1,17]],[[81750,8673],[-20,3],[-2,-3],[-169,30]],[[81649,8785],[12,-28],[4,-18],[12,-16],[37,-8],[26,-15],[14,-3]],[[82696,8497],[-22,4],[-14,5],[-3,-3],[-8,2],[-3,-2],[-13,7],[-48,9],[-32,0],[-4,-3],[-10,3],[-3,-4],[-6,4],[-6,-1],[-9,6],[-5,-2],[-7,5],[-5,-1],[-54,19],[-33,8],[-3,-1],[-18,6],[-3,-3],[-28,13],[-29,7]],[[82330,8575],[23,35],[-21,4],[-33,29],[-30,18],[-22,17],[3,3],[23,-2]],[[82273,8679],[20,-9],[19,3],[20,11],[18,-7],[12,14],[15,6],[8,20],[11,-5],[-2,-3],[24,-3],[34,7],[40,16],[95,21],[7,-26],[9,-1],[14,24],[0,11],[8,5],[8,-1],[5,-4],[2,-27],[21,0]],[[81812,8792],[-35,3],[-1,8],[-42,8]],[[81089,8829],[-22,-40],[-3,-41]],[[81064,8748],[-73,8]],[[81326,8728],[-73,7]],[[81253,8735],[4,13],[6,0],[8,30],[-34,5],[11,29],[-6,1],[3,8],[7,0],[4,16]],[[81256,8837],[108,-4]],[[82161,8824],[19,-6],[22,-17],[27,-37],[32,-73],[12,-12]],[[82330,8575],[-31,7],[-54,16],[-13,1],[-12,5],[-38,8],[-5,0],[-13,-19],[-6,-6],[-10,-4],[-14,-2],[-56,5],[-32,6],[15,0],[13,-4],[21,-2],[45,-4],[20,8],[8,10],[-5,2],[-93,14],[-2,-4],[5,-1],[-5,-11],[-6,1],[1,7],[-19,3],[-13,-1],[-2,-12],[16,-18],[-14,13],[-4,7],[0,6],[5,12]],[[81253,8735],[-28,2],[-116,9],[-13,-3],[-32,5]],[[85866,14361],[14,-2],[27,2],[48,-22],[20,-14],[39,-1],[6,-6],[70,10],[-22,30],[-7,23],[4,1],[-11,6],[-9,17],[0,11]],[[91558,11915],[-19,10],[-11,-4],[-6,8],[-5,-6],[-12,2],[-16,-9],[3,-2],[-6,-3],[-3,2],[-15,-8],[-19,-3],[-30,-1],[-9,-3],[-2,2],[8,6],[-25,11],[-8,0],[-5,-5],[6,-5],[-7,-3],[-10,10],[-6,-4],[-15,0],[-3,2],[-17,-10]],[[69574,9610],[0,-1]],[[69574,9609],[25,-64],[7,-2],[3,1],[12,-17],[4,-11],[-7,-2],[-1,-7]],[[69617,9507],[-9,0],[-2,4],[-15,3],[-49,-11],[-4,-5],[3,-5],[-19,-8],[-29,2],[-19,-1]],[[69474,9486],[-4,6],[-33,16],[-13,16],[-25,21],[12,4],[62,0],[1,37]],[[69474,9586],[21,8],[18,12],[12,13],[49,-9]],[[69617,9507],[6,-10],[17,-10],[43,-2],[14,4],[-5,-32],[25,-1],[5,7],[12,-2]],[[69734,9461],[-8,-25],[-6,-1],[-2,-6],[20,-4],[7,-12],[-1,-22],[-7,-18],[-10,1],[5,10],[-25,1],[-13,-7],[0,-7],[11,-1],[-15,-2],[2,-6],[18,1],[8,-2],[3,3],[8,1],[4,-3],[-9,-12],[-5,1],[-27,-42],[-8,5],[0,20],[-28,13],[-2,-21],[19,-17],[10,-1],[7,-9],[-4,-39],[-20,1],[-35,51],[-4,-5],[14,44],[-10,14],[-17,-39],[-6,8],[5,12],[-9,2],[-16,26],[-34,8],[-42,13],[5,7],[-56,18]],[[69461,9420],[7,9],[-16,21],[25,27],[-3,9]],[[69709,9838],[-10,-6],[24,-13],[0,-15],[-14,0],[-6,-10],[-10,-4],[0,-5],[7,-3],[1,2],[17,2],[0,-3],[14,-5],[-8,-6],[15,-1],[0,-6],[-53,-3]],[[69686,9762],[-59,-4],[-19,-7],[-49,-11]],[[69559,9740],[-22,-6],[-27,-2],[-33,-9],[-15,1],[-18,-2],[-5,4],[-71,-39],[-23,-9],[-21,23],[-12,3],[6,5],[0,13]],[[69318,9722],[2,13],[-4,5],[61,59],[13,9],[3,36]],[[69725,9588],[-9,-8],[-8,-18],[14,-11],[26,-12],[37,-1],[19,-2],[0,-7],[6,7],[-4,-8],[6,6],[-5,-10],[3,0],[4,6],[12,-3],[6,1],[4,-17],[-1,-4],[-9,-3],[-5,1],[-35,-9],[-26,-12],[-8,5],[-2,-1],[6,-5],[-10,-7],[-4,5],[1,-8],[-9,-12]],[[69574,9609],[29,6],[39,17],[13,3],[-1,4],[5,0],[0,-5],[13,-4],[-6,-10],[0,-33],[14,6],[33,6],[2,-6],[10,-5]],[[70068,9656],[-15,-13],[-22,13],[-7,14],[-11,-19],[-16,-15],[-22,7],[-6,5],[-29,-13],[-4,-11],[10,-22],[26,1],[-8,-18],[-15,-12],[-6,-13]],[[69943,9560],[-48,11],[-48,5],[40,-37],[7,-10],[-1,-6]],[[69893,9523],[-12,19],[-22,14],[-16,7],[-8,2],[1,-16],[-13,3],[-1,3],[-16,2],[-5,4],[-26,3],[-11,-10],[-24,14],[6,11],[42,9],[39,15],[16,10],[-4,1],[7,5],[-7,5],[1,11],[-25,30],[-3,16],[10,11],[-4,4],[3,4],[-7,2],[-3,4],[14,10],[0,7],[13,3],[14,0],[1,3],[-8,1],[1,5]],[[69846,9735],[4,-4],[13,-3],[34,6],[6,6],[16,-1],[29,9],[36,32],[25,13],[21,7]],[[69318,9722],[-21,10],[-38,-8],[-29,-3],[-12,2],[-16,-6],[-13,1]],[[69189,9718],[-15,44],[-65,-14],[-58,59]],[[69461,9420],[-221,69],[-8,-2],[5,4],[-7,-1],[-16,25],[-7,0]],[[69207,9515],[-6,10],[6,11],[57,-4],[-9,18],[20,1],[-6,8],[-3,14],[2,5],[-19,2],[4,5],[6,-2],[2,8],[10,6],[-1,5],[8,2],[-1,9],[18,8]],[[69295,9621],[65,-47],[50,35],[13,-12],[19,-10],[32,-1]],[[70295,9550],[-19,1],[-56,-4],[-126,0],[-32,-20]],[[70062,9527],[-19,10]],[[70043,9537],[-14,15],[-13,6],[-48,-3],[-25,5]],[[69207,9515],[-1,0],[20,-29],[-16,4],[-40,-41],[-38,2],[-131,54]],[[69001,9505],[84,71],[-6,1],[-8,24],[3,9],[-21,4],[-9,8],[0,9],[8,1],[-4,5],[4,38],[13,10],[25,-14],[35,-12],[37,35]],[[69162,9694],[20,-20],[29,-18],[64,-21],[20,-14]],[[70043,9537],[-7,-5],[-15,-34],[-17,-4],[1,-9],[-6,-14],[-37,-34],[37,-16],[-10,-30],[-35,-5],[32,-11]],[[69986,9375],[-3,-2],[-65,9],[-57,13],[-49,2],[0,-5],[-9,-7],[-20,3]],[[69783,9388],[3,6],[4,2],[-6,13],[2,6],[6,1],[-5,5],[0,5],[-8,-1],[-6,8],[-7,13],[5,0],[4,5],[15,22],[5,1],[8,-8],[6,2],[2,4],[-11,3],[43,13],[37,16],[10,8],[3,11]],[[69805,9710],[4,-16],[-8,-13],[3,-22],[15,-21],[-6,-17],[-9,-5],[9,-9],[-11,6],[-24,-9],[-3,3],[-30,-6],[-2,-6],[-18,-7]],[[69574,9610],[-15,130]],[[69686,9762],[-2,-11],[-5,0],[0,-5],[15,-7],[-11,-19],[-6,2],[-5,-7],[-2,4],[-6,-2],[4,-10],[24,-7],[45,-7],[9,-4],[4,-11],[7,-6],[5,4],[7,-2],[4,6],[2,-2],[22,34],[8,-2]],[[69189,9718],[-27,-18],[0,-6]],[[69001,9505],[-21,9],[-42,65],[-4,0],[-24,21],[5,2],[-9,6],[-5,10],[-14,8],[-1,10],[-4,0],[-3,8],[9,3],[3,-10],[0,7],[-2,4],[-6,1],[-1,6],[11,9],[3,7],[-15,4],[1,2]],[[70062,9527],[166,-77],[-82,-27],[18,-10],[-9,-4],[5,-6],[-2,-9],[7,-3],[-7,-3],[0,-10],[20,-21]],[[70107,9311],[-19,19],[-24,16],[-33,14],[-45,15]],[[69846,9735],[9,-3],[-2,5],[19,9],[9,1],[12,-7],[2,2],[-18,7],[-31,-14]],[[69846,9735],[-26,-5],[-9,-5],[6,-5],[-12,-10]],[[69958,9232],[-34,30],[-26,16],[-45,16],[-29,6],[-41,19],[-9,11],[-2,15],[2,18],[6,6],[-2,4],[5,15]],[[77308,15048],[-3,-32],[-16,-27],[-11,-11],[-5,0],[2,-4]],[[77275,14974],[-47,2],[-43,9]],[[77185,14985],[-51,11]],[[77134,14996],[4,9],[15,0],[-1,7],[5,0],[1,4],[18,0],[-12,9],[7,-1],[-10,11],[-4,53]],[[77157,15088],[6,-1],[6,7],[43,3]],[[77212,15097],[-3,-20],[22,-2],[77,-27]],[[77129,15191],[2,-13],[-5,-2],[1,-11],[-41,1],[1,-25],[-8,-4]],[[77079,15137],[-4,4],[-44,1],[1,7],[-75,4],[2,11],[-54,-1],[0,4],[-5,2],[24,2],[5,13],[2,13],[-8,3],[0,9]],[[77275,14974],[30,-6]],[[77305,14968],[11,-2]],[[77316,14966],[-14,-33],[7,-1],[-2,-6],[-43,4],[-42,-40],[-35,2],[-40,7]],[[77147,14899],[36,43],[2,43]],[[76981,15051],[-1,-4],[-6,-2],[3,-5],[-8,-4],[4,-1],[2,-9],[-6,-1],[-8,-9],[-12,3],[-14,-9],[-5,3],[-3,-3],[-16,-1],[4,-17],[-9,-7],[-19,1],[-1,3],[-28,-4],[-2,7],[-50,-10],[-20,0]],[[76776,15042],[3,0],[0,12],[73,1],[27,-4],[43,7],[-28,20]],[[76894,15078],[88,-12],[-1,-15]],[[77147,14899],[-7,-13]],[[76991,14895],[-35,2],[13,22],[7,1],[17,12],[22,24],[12,4],[-9,9],[4,7],[-4,2],[17,14],[64,-12],[9,10],[9,-2],[3,4],[-12,3],[6,7]],[[77114,15002],[20,-6]],[[76981,15051],[75,-31],[58,-18]],[[78359,14822],[1,1]],[[78170,14591],[13,2],[24,28],[24,73],[15,21],[31,29],[-3,6],[-6,1],[6,9],[-2,7],[9,-1],[3,4],[-6,3],[12,6],[7,-1],[-1,6],[7,1],[10,7],[-4,6],[5,6],[33,4],[12,14]],[[77757,14817],[10,-2],[10,4],[18,-8],[6,5],[37,-15],[79,8],[42,2]],[[77402,15077],[-1,-44]],[[77401,15033],[-16,-22],[-15,-13],[-9,-15],[-15,2],[-14,-2],[-15,-6],[-12,-9]],[[77308,15048],[38,23],[6,20]],[[77203,15157],[9,-60]],[[77157,15088],[0,4],[-40,-4],[-2,10],[-28,3],[3,6],[-8,2],[4,28],[-7,0]],[[76795,15144],[7,-9],[5,3],[23,1],[-1,2],[7,3],[40,-1],[7,-24],[-29,-2],[13,-16],[3,-11],[14,1],[4,-10],[6,-3]],[[77461,14935],[-15,-20],[-36,-16],[-12,-9],[-6,-13],[-7,-4],[-10,-16]],[[77316,14966],[91,-24],[54,-7]],[[77856,14890],[-7,-18],[61,-5],[3,-11],[21,-11],[8,11],[46,-12]],[[77760,14824],[4,8],[-29,13]],[[77735,14845],[4,9],[24,-12],[15,12],[18,-5],[2,-10],[8,-1],[-1,2],[7,0],[-3,37],[19,-2],[9,18],[19,-3]],[[77846,14909],[14,-8],[-4,-11]],[[77735,14845],[-45,19],[-27,6],[-111,48]],[[77552,14918],[20,7],[56,-3],[28,5],[67,-12],[45,0],[41,-9],[24,0],[13,3]],[[77846,14909],[-5,11],[13,20],[3,12]],[[77552,14918],[-37,9],[-19,12],[-3,-5],[-25,4]],[[77468,14938],[18,7]],[[77486,14945],[35,19],[74,-6],[10,15]],[[77420,15028],[-2,-3],[75,-19],[-8,-6],[-18,-23],[-7,-26],[26,-6]],[[77468,14938],[-7,-3]],[[77401,15033],[19,-5]],[[77420,15028],[11,5],[6,-2],[73,11],[8,-7],[3,3],[7,-2],[12,3],[21,-2],[18,-7],[7,1],[-3,-5],[6,-2],[12,9],[1,-1]],[[74453,15279],[-31,-42],[-2,-28],[5,-9],[38,-22],[31,-10],[44,-23],[40,-27]],[[74082,15116],[35,22],[27,-6],[9,30],[-6,7],[0,6],[49,2],[-4,9],[-15,16],[49,0],[9,13],[-24,8],[23,39],[6,-1],[11,4],[-6,1],[-15,14],[-8,2],[-9,11],[-13,2],[-19,11],[-5,-3],[-27,14],[6,4],[-26,11],[6,16],[17,-8],[2,4],[18,8],[-9,6],[4,3],[6,-1],[14,4],[6,-3],[28,12],[4,-6],[33,-20],[3,-7],[47,-30],[8,-8],[-9,2],[-8,-3],[27,-14],[11,7],[1,33],[40,-2],[-1,-9],[5,-4],[20,0]],[[71028,16944],[-3,-2],[-33,3],[-4,-5],[7,-12],[-11,-5],[-30,-7],[16,-13],[-4,-10],[-49,1],[-27,-8],[-4,11],[-34,-15],[-3,2],[-24,-9],[-26,-15],[48,-42],[3,1],[7,-10],[3,-7],[-4,-7],[5,-33],[-3,-4],[10,-11],[39,-16],[-5,-13],[-25,2],[-3,-3],[0,-18],[-11,-30]],[[75574,13590],[-128,7],[-46,-18],[-2,21],[-50,3],[5,6],[-120,-9],[-14,23],[-30,-5],[-18,35]],[[75171,13653],[0,1]],[[75171,13654],[73,30],[9,7],[42,6],[196,7],[-42,117]],[[76013,13878],[25,-7],[43,-48],[-77,-180]],[[76127,14077],[-40,-29],[-14,-4],[-1,-14],[8,-13],[15,-12],[2,-7],[-65,-3],[16,-75],[-80,-23]],[[75024,13533],[29,15],[1,8],[6,4],[12,19],[32,27],[7,15],[9,9],[51,23]],[[76151,14077],[5,-2],[224,-10]],[[76062,14249],[15,0],[2,-8],[15,2],[4,-6],[14,3],[19,-26],[55,2],[5,-45],[21,-6],[-21,-16],[-20,-2],[-7,-17],[-19,9],[-1,-2]],[[73378,8742],[7,-10],[7,-1],[-8,-3],[-5,3],[-1,7],[-6,-4],[-4,2],[5,-9],[-7,-7],[11,8],[-2,-7],[-5,-2],[22,-2],[13,5],[-10,-7],[-3,-10],[-17,6],[-14,11],[4,26],[13,-6]],[[73326,8772],[8,-13],[7,-4],[-5,-2],[-12,-1],[14,-1],[3,-6],[-14,-8],[-4,0],[-5,4],[5,4],[-4,4],[-18,12],[25,11]],[[73230,8805],[0,0]],[[73233,8806],[0,0]],[[73412,8819],[2,-4],[19,-26],[12,-7],[2,-4],[-5,-5],[-10,3],[-5,12],[-12,4],[-12,-1],[-7,6],[2,8],[-2,3],[-7,-2],[-12,2],[0,5],[8,6],[12,6],[6,-2],[-5,-2],[14,-2]],[[73250,8838],[1,-12],[-1,-2]],[[73279,8852],[0,-8],[9,3],[-8,5],[9,1],[7,-6],[23,-1],[11,-2],[12,-4],[10,-2],[7,-9],[-4,8],[21,-4],[6,3],[1,-6],[5,-3],[-8,-5],[-1,3],[-16,-3],[-38,7],[-12,11],[-14,0],[-31,-13],[-9,-1],[-5,8],[4,0],[-3,6],[12,8],[4,-3],[5,2],[0,4],[-8,1],[5,2],[6,-2]],[[73273,8869],[7,-6],[-8,0],[-5,-5],[1,8],[5,3]],[[73269,8878],[8,-5],[-10,-2],[-1,5],[-2,-7],[-5,8],[10,1]],[[73262,8882],[0,-3],[-6,-2],[-2,4],[8,1]],[[73505,8867],[-16,7],[-12,15],[-22,12],[-1,5],[9,3],[26,17],[-7,-1],[-18,-13],[-10,1],[-1,7],[-17,20],[7,17],[11,15],[-12,-11],[-4,-9],[-4,-13],[15,-22],[-3,-10],[-8,-10],[-13,-3],[-88,15],[-33,-8],[-39,-5],[-10,-4],[4,-3],[6,1],[3,3],[9,-6],[-12,-4],[-7,2],[-5,-4],[12,-17],[0,-4],[-8,-11]],[[73245,8978],[58,8],[6,17],[14,1],[-16,42],[-4,45]],[[73303,9091],[69,9],[21,0],[61,-9],[64,-2]],[[73518,9089],[20,-16],[6,-15],[16,-2],[9,-9]],[[73569,9047],[-26,-27],[-1,-9],[-8,-7],[-12,-2],[-6,-8],[63,-14],[1,3],[29,-2],[0,-15],[9,-15],[0,-10],[-67,7],[-6,-7],[-1,-18],[7,-1],[-1,-11],[-24,-2],[-2,-15],[-12,-25],[-7,-2]],[[73475,9373],[-8,-23],[-15,-24],[-104,-115]],[[73348,9211],[-24,5],[-3,10],[1,16],[29,33],[-6,10],[-13,6],[19,5],[-7,10],[-29,-2],[-35,-9],[-54,3],[2,3],[-6,2],[22,21]],[[73244,9324],[39,34],[-5,4],[-57,17],[-21,0],[1,3],[-21,3],[50,28],[16,19],[9,21],[21,0],[1,7]],[[73996,8824],[-5,-5],[-1,4],[-5,1],[-2,-5],[11,-1],[-2,-1],[-18,2],[1,6],[6,-3],[3,3],[12,-1]],[[74113,8921],[-2,3],[-11,2],[14,-13],[0,-3]],[[74115,8902],[-2,-2]],[[74113,8899],[-6,0],[0,5],[-21,5],[-23,0],[-4,-2],[6,-2],[-3,-15],[-19,-1],[-5,-4],[-7,4],[-27,0],[-24,4],[-20,0],[-25,2],[-7,3],[0,-7],[-41,-12],[1,-12],[-5,-2]],[[73883,8865],[0,14],[-13,38],[4,0],[-5,33],[-28,2],[-24,-7],[-10,2],[32,18],[49,20],[102,-7],[2,10],[10,-2],[1,10],[-7,2],[2,16],[-21,15],[-6,12],[-4,0],[-3,14],[15,2],[-65,56],[-5,12]],[[73244,9324],[-10,3],[-10,-5],[-16,4],[2,3],[-12,3],[-20,-9],[-33,8],[6,12],[-44,-3],[-42,6],[-19,-2],[-18,-8],[-5,3],[-17,-11]],[[73883,8865],[-14,1],[-12,-4],[-42,13],[-24,-3],[-24,10],[-26,6],[-33,1],[-26,-8],[-10,-16],[-10,-1],[-6,-5],[-5,-17],[13,-10],[-3,-6],[-13,4],[-13,18],[8,-14],[3,-10],[-3,-1],[-10,23],[-13,7],[-18,-2],[-7,3],[-11,11],[1,-3],[11,-12],[9,-1],[-19,-4],[-23,2],[-58,20]],[[73569,9047],[0,-2],[19,-1],[65,10],[4,5],[9,1],[-5,-7],[60,-4],[-4,-6],[39,-8],[58,82]],[[73881,8470],[-1,-8],[11,-7],[1,-7],[-27,-4],[-14,-22],[-21,-6],[-15,-8],[-26,0],[-18,8],[8,-10],[1,-13],[-4,-5],[9,4],[0,5],[10,3],[29,-3],[18,12],[15,-2],[13,6],[49,-20],[17,-10],[-2,-2],[-7,3],[-11,-8],[12,-1],[3,-14],[-38,-4],[-9,-8],[-22,-7],[-31,2],[18,-4],[9,-6],[16,5],[18,1],[16,12],[15,-2],[1,3],[17,-3],[10,2],[7,4],[2,6],[41,2],[18,4],[-10,16],[16,-6],[3,-8],[18,-8],[18,-17],[5,4],[-2,18],[-9,1],[-12,11],[-17,3],[-5,8],[5,-4],[29,5],[16,-7],[3,-4],[-1,-42],[5,-23],[-6,-6],[-26,-14],[-37,-4],[-33,3],[-117,18],[-115,24],[-79,12],[-43,3]],[[73625,8351],[10,20],[11,10],[3,9],[26,2],[-2,18],[5,16],[-4,0],[4,9],[-8,4],[6,4],[4,-1],[4,7],[-5,2],[4,7],[-12,-1],[1,13],[7,-3],[1,9],[-6,1],[10,11],[-1,16],[11,0],[2,6],[21,3],[6,8],[31,3],[7,4],[15,3],[19,-4],[6,7],[33,0],[15,11],[9,1],[5,-3],[2,2],[12,-6],[4,-9],[9,-1],[12,-10],[12,-5],[-19,-10],[-14,1],[-8,-3],[5,-25],[-4,-7],[7,0]],[[73625,8351],[-173,13],[-57,9],[-44,-1],[-49,-9],[-29,2],[-26,17],[-13,14],[-8,43],[-9,14],[5,-4],[-3,14],[3,6],[14,-1],[8,-4],[24,3],[4,-3],[-12,1],[-9,-14],[5,-7],[11,-3],[29,-6],[-3,12],[7,-10],[3,5],[-5,7],[-6,1],[-2,3],[-7,1],[12,5],[22,-6],[51,-5],[10,-5],[-19,4],[-1,-2],[11,0],[9,-5],[1,6],[5,-2],[11,3],[10,1],[0,-4],[13,5],[-7,0],[-11,-3],[-6,3],[36,2],[23,5],[42,21],[20,13],[16,19],[19,12],[14,16],[5,68],[25,17],[4,7],[2,55],[15,5],[-12,-7],[0,-7],[11,3],[9,15],[-4,13],[-20,14],[-17,2],[8,-8],[-27,12],[33,-3],[9,11],[-8,7],[-9,1],[4,9],[-19,10],[-16,-12],[12,11],[19,8],[8,1],[-20,-7],[16,-10],[30,11],[16,34],[1,-2],[-5,-12],[11,-6],[5,4],[8,0],[17,11],[2,4],[-5,9],[4,1],[7,-11],[17,2],[9,6],[8,0],[5,-5],[15,4],[1,11],[10,7],[28,2],[20,-5],[0,-3],[-18,4],[-9,-22],[-13,0],[-6,2],[2,-5],[14,0],[-20,-7],[18,2],[2,-4],[15,-2],[4,4],[22,6],[3,16],[-7,4],[13,-5],[8,-9],[-7,5],[5,-7],[-1,-3],[-19,-5],[7,-3],[17,2],[-1,5],[11,-9],[13,-2],[7,10],[18,-1],[0,-6],[32,-13],[16,-13],[1,-17],[10,-18],[-7,-20],[-18,-9],[-8,-9],[0,-10],[-9,-10],[7,-9],[-20,-4],[-4,1],[-4,-4],[9,-8],[-6,-4],[3,-9],[13,6],[10,-2],[-2,-4],[-18,-10],[1,-12],[5,-3],[-3,-4],[4,-6],[-7,-4],[9,0],[-8,-11],[-9,2],[3,-6],[-8,3],[-5,-1],[-4,17],[-12,12],[-11,3],[-37,-3],[-12,2],[-23,-8],[-9,3],[-2,-2],[8,-2],[0,-3],[16,1],[7,-5],[15,3],[35,-5],[-6,-4],[-14,3],[3,-6],[2,2],[6,-5],[0,-3],[-31,-13],[-35,0],[-3,4],[-13,4],[-3,7],[-8,7],[-11,2],[-1,-5],[15,-13],[-7,4],[-5,-4],[22,-12],[14,-11],[3,-16],[14,2],[19,-3],[9,7],[32,1],[13,9],[12,2],[15,-4],[10,-12],[7,-1],[26,-16],[-3,-5],[-15,-8],[-16,1],[-7,-4],[5,-21],[0,-8]],[[73518,9089],[17,6],[24,2],[0,7],[11,10],[3,14],[18,7],[28,6],[15,9],[10,12],[-4,7],[22,0],[31,7],[22,0],[3,25],[17,12]],[[73303,9091],[7,46],[24,55]],[[73334,9192],[14,19]],[[73024,9147],[18,-5],[11,0],[-8,-10],[21,-10],[11,-11],[25,4],[1,-4],[-7,-2],[1,-4],[20,1],[1,5],[8,3],[27,-3],[2,3],[10,1],[8,-2],[0,-5],[32,-2],[-9,-13],[6,-2],[101,0]],[[73075,9212],[-3,-10],[40,-1],[3,1],[8,-4],[6,3],[12,-9],[4,2],[8,-3],[27,16],[9,-7],[20,6],[-7,6],[16,5],[7,-7],[25,11],[60,-16],[15,-5],[0,-5],[9,-3]],[[87924,13014],[26,-4],[26,-7],[18,-12]],[[87994,12991],[3,-5],[-2,-6],[-38,-24],[-12,-19],[9,-10],[52,-24],[6,-15],[-1,-21],[24,-21]],[[88035,12846],[6,-19],[-9,-23],[12,-8]],[[88044,12796],[-9,-5],[-26,-3],[-29,-8],[-21,1],[-3,30],[-2,6],[-13,-4],[-21,6]],[[87920,12819],[10,7],[4,-3],[5,2],[15,8],[-21,32],[-20,18],[-100,34],[-18,16],[-29,19]],[[87856,13020],[33,-8],[38,1],[-3,1]],[[87782,12808],[-22,-16],[-8,-14],[3,-17],[-51,-20],[3,-42],[-2,-23],[9,-13],[21,13],[43,5],[-3,-2],[11,-18]],[[87786,12661],[-65,-22],[-28,-4],[-12,3],[-29,18],[-35,12],[-76,7],[-19,4],[-38,-1],[-31,-6],[-36,-20],[-42,-15],[-15,-16],[-1,-15],[-11,-9],[-33,-7],[-25,9],[-17,1],[-29,-3],[-16,-11],[-20,3]],[[87676,12852],[10,-5],[67,-8],[-11,-25],[9,-3],[17,3],[14,-6]],[[88677,12711],[-27,-3],[-10,9],[-7,2],[-8,0],[0,5],[-9,1],[-2,3],[-16,-2],[-22,-10],[-10,-9],[-19,-4],[-5,-10],[-2,1],[-6,-3],[-2,-13],[7,-13],[-111,12],[-6,-8]],[[88422,12669],[-10,2],[-3,-6],[-15,2],[-1,6],[5,7],[28,19],[13,22],[1,23],[-12,32],[-7,1]],[[88421,12777],[-6,19],[29,10],[39,20],[49,13],[22,3]],[[88554,12842],[51,-5],[48,-12],[7,-1],[3,3],[4,-4],[57,-12],[-13,-16],[18,-10],[4,-6],[5,2],[9,-5],[-5,-7],[-7,2],[-22,0],[-12,6],[-35,-49],[26,-3],[-15,-14]],[[88258,12545],[7,-6],[20,9],[18,2],[22,-12],[6,-15],[0,-20],[-16,-22],[-4,-16],[22,-2],[23,-5],[51,-22],[41,-11]],[[88448,12425],[16,-9],[20,5],[36,0],[21,-5],[24,2],[23,-3],[65,5],[25,-8],[4,-10],[11,3]],[[88693,12405],[11,-81],[-5,-40],[-10,-25],[-8,-17],[-27,-9],[-20,-13],[0,-10],[-14,-20],[2,-11],[7,-6],[2,-31],[-7,-19],[-19,-24],[-5,-13],[-22,-26],[-3,-23],[-4,0],[-10,-16],[-57,-25],[-1,-6],[-4,-2]],[[88499,11988],[-22,2],[-8,7],[1,6],[-10,12],[-9,4],[-3,5],[-21,4],[-15,-2],[-12,6],[-14,-1],[-11,9],[-1,9],[-10,4],[0,7],[-8,2],[-3,6],[-20,4],[-6,10],[-12,-1]],[[88315,12081],[-25,14],[-13,-2],[-16,4],[6,20],[-12,7],[-2,10],[-10,4],[-2,7],[-14,1],[-10,4],[-3,13],[6,12],[-15,3],[-21,-3],[-18,7],[-14,-1],[-6,-4],[-12,-2],[-16,10],[-8,0],[-6,3]],[[88104,12188],[6,2],[1,5],[-5,38],[1,32],[8,12],[5,24],[9,7],[2,6],[19,13],[11,24],[1,16],[12,12],[-5,5],[-23,8],[-34,2],[-20,-1],[21,39],[-32,6],[9,15],[32,-6],[4,7],[11,-5],[2,7],[7,3],[1,14],[8,8],[-4,3],[1,6],[-18,10],[2,4],[-6,0],[34,37],[5,17],[43,-15],[46,2]],[[89508,13144],[-31,-10],[-11,-8],[-55,-22],[-20,-14],[4,-5],[27,-5],[15,-9],[-35,-17],[-39,-55],[-34,3],[-34,12],[-8,5],[-1,8],[13,27],[-1,13],[-12,8],[-4,1],[-5,-10],[-34,-22],[-6,3],[-10,-2],[-18,4],[-25,12],[-13,13],[19,7],[33,7],[52,17],[18,10],[6,59],[-17,0],[-13,-4],[-14,7],[-13,-6],[-34,4],[-28,-6],[-66,-51],[8,-5],[-10,-14],[4,-7],[-2,-10],[4,-5],[-26,-32],[-14,-6],[-31,-7],[-20,-13],[-10,2],[-12,-12],[-16,-7],[-23,-27],[0,-14],[-15,-12],[-37,-40],[-59,-45],[-18,-4],[-4,-9],[27,-10],[41,7],[11,8],[14,-10],[21,-3],[-23,-28],[-22,-18],[-5,-11],[-34,-10],[-29,-29],[-12,-7],[-3,-9],[3,-12],[-5,-6],[3,-7],[-11,-14]],[[88809,12692],[-56,-13],[-31,8],[-12,11],[-6,2],[-3,-2],[-8,6],[-16,7]],[[88554,12842],[-4,3],[4,8],[-5,2],[3,7],[-5,9],[-66,22],[-25,16],[12,13],[4,19],[-7,2],[-39,2],[-91,-3],[-32,6],[-43,16]],[[88260,12964],[-47,10],[-43,20],[-34,-2],[-14,-30],[-9,4],[-14,13],[-11,6],[-46,13],[-19,2],[-6,-4]],[[88017,12996],[-23,-5]],[[87924,13014],[-4,3],[-36,-2],[-27,8]],[[87786,12661],[21,7],[29,4]],[[87836,12672],[12,-21],[21,5],[16,2],[15,6],[-3,-18],[3,-5],[9,-1],[-6,-17],[9,-1],[-13,-18],[48,-6],[0,-6]],[[87947,12592],[8,-19],[-9,-1],[-18,-53],[3,-11],[-8,-19],[-20,-18],[39,-14],[17,-10],[-13,-8],[-8,-22],[-19,1],[-3,-16],[-9,-15],[-23,1],[-3,-8],[-150,21]],[[87731,12401],[-89,17],[13,13],[46,35],[-125,12],[-73,-3],[-54,16],[-20,18],[-17,0],[-34,21],[6,10],[-9,2],[-37,3],[-4,-23],[-69,-19],[-21,-3],[-15,20],[-14,11],[-33,-5],[-20,2],[-6,-7],[-25,-1],[-12,21],[-32,24],[28,12],[-4,9],[9,3]],[[88044,12796],[24,-13],[0,-4],[-32,-27],[-32,-2]],[[88004,12750],[-43,-9],[-37,-1],[-19,-6],[-29,-25],[-4,-16],[-9,-10],[-16,-9],[-11,-2]],[[87782,12808],[14,5],[65,7],[59,-1]],[[88421,12777],[-81,9],[-31,0],[-40,4],[-9,-8],[-17,-2],[-33,5]],[[88210,12785],[4,7],[-3,8],[-8,-1],[-16,6],[-5,-3],[-5,2],[-22,-4],[-7,1],[7,17],[13,13]],[[88168,12831],[43,49],[26,24],[12,7],[23,9],[-26,12],[19,7],[-12,14],[7,11]],[[90018,12246],[-22,24],[5,36],[-10,24],[-15,10],[-38,17],[-43,7],[-15,-16],[-56,-43],[-17,-10],[-17,1],[-12,-8],[-14,2],[-25,18],[-9,-6],[-52,-10],[-57,18],[-11,-13],[-6,-2],[-48,6],[0,-11],[-21,-26],[-50,15],[-11,29],[23,27],[12,-3],[-6,17],[-111,-4],[-32,8],[-7,7],[14,23],[-7,14],[-16,9],[-3,9],[28,6],[21,16],[48,46],[-12,5],[18,11],[-16,10],[-12,13],[-12,6],[3,3],[-7,4],[-46,4],[-40,10],[-23,-4],[-21,12]],[[89270,12557],[14,5],[26,26],[-23,5],[-26,10],[-76,4],[-19,5],[-15,14],[-18,6],[-17,11],[-90,33],[-48,9],[-17,-13],[-5,-12],[-53,0],[-33,4],[-18,10],[-14,-2],[-8,4],[-14,1],[-7,15]],[[89207,11609],[-10,6],[-39,4],[6,12],[-16,7],[-7,7],[38,-1],[5,13],[38,38],[8,3],[-15,12],[-20,0],[-57,5],[-3,-6],[-19,2],[-30,0],[-7,3],[-37,-30],[-10,-11],[-16,1],[0,-3],[-6,-1],[-5,6],[-7,2],[-5,-6],[-2,12],[-13,4],[8,4],[-10,-1],[0,7],[-6,-3],[-4,2],[-6,-4],[-6,9],[6,2],[-10,2],[0,4],[-9,-6],[-12,-2],[-52,-6],[-8,9],[-6,1],[6,10],[10,30],[-12,3],[-6,13],[-15,8],[-5,-10],[-25,-1],[-27,-32],[-23,-9],[-3,6]],[[88763,11724],[1,2],[-9,3],[2,3],[-10,3],[-7,12],[9,10],[8,1],[3,6],[17,3],[2,10],[10,5],[-3,6],[6,6],[-4,6],[-12,5],[3,7],[-11,-1],[-3,3],[2,5],[-4,2],[0,10],[-14,3],[-5,-1],[-6,10],[-6,0],[-10,-8],[-12,2],[-6,-3],[-14,14],[-22,-4],[-18,7],[-15,14],[1,5],[-14,9],[-5,7],[-29,1],[-16,-13],[-6,-1],[-5,3],[-1,7],[-14,11],[-39,4],[-3,3],[5,14],[9,8],[-14,13],[0,9],[9,15],[-7,16],[1,6],[-8,6]],[[88693,12405],[11,3],[13,-8],[9,0],[28,16],[28,-9],[3,-15],[16,-19],[-2,-2],[27,-19],[27,-7],[-1,-7],[25,-8],[35,2],[75,17],[6,-4],[112,-1],[3,4],[11,1],[62,-7],[13,13],[2,8],[-10,66],[10,13],[-3,20],[5,16],[5,8],[40,34],[4,19],[-3,8],[26,10]],[[88210,12785],[-13,-19],[2,-41],[-46,1],[0,-3],[-13,-1],[10,-19]],[[88150,12703],[-9,-1],[-9,18],[-16,-4],[2,-5],[-23,-3],[-1,3],[-7,0],[2,22],[-3,4],[-27,-7],[-23,0],[-18,-3],[-14,23]],[[88035,12846],[5,0]],[[88040,12846],[12,-2],[25,5],[2,-8],[49,3],[40,-13]],[[88448,12425],[-2,16],[11,1],[0,7],[58,66]],[[88515,12515],[28,-6],[18,14],[5,13],[8,1],[-27,2],[-13,30],[-23,-5],[-45,1],[-10,20],[-9,1],[2,40],[7,1],[-1,7],[-23,-1],[0,-3],[-17,2]],[[88415,12632],[-1,14],[8,23]],[[88199,12642],[0,-14],[27,-14],[5,1],[-21,-21],[48,-49]],[[88104,12188],[-25,0],[-4,-5],[-19,-10],[-4,-6],[-12,1],[-10,-5],[-23,-2],[-31,6],[-14,8],[-12,-1],[-18,10],[-22,6],[-22,-5],[-20,5],[-14,8],[-11,3],[-11,-1],[-6,4],[-28,-1],[-11,18],[-37,10],[-20,22],[-12,1],[-17,-4],[-1,8],[14,18],[20,6],[4,6],[19,46],[-19,19],[1,16],[-13,7],[-4,5],[9,20]],[[87947,12592],[38,-1],[-2,-21],[42,-1],[0,10],[15,10],[3,5],[10,-1],[30,32],[-4,12],[5,25],[6,0],[10,6],[66,4]],[[88166,12672],[7,-14],[26,-16]],[[88315,12081],[-32,-37],[-32,-14],[-18,-14],[-11,-14],[11,-1],[-27,-26],[-12,-5],[-4,-7],[-13,-8],[-12,1],[-18,-31],[-14,-4],[-9,-11],[-12,1],[-6,-5],[-15,-1],[-3,-26],[-4,-5],[2,-10],[-9,-20],[-22,-15],[-6,-13],[-1,-26],[-12,-32],[3,-9],[-4,-16],[-24,-13],[-6,-8],[-24,1],[-5,-4],[-27,6],[-9,-5],[-12,1],[-2,3],[-21,-1],[-13,-29],[-31,-2],[-40,-26],[17,-16]],[[87838,11640],[-10,-1],[2,-2],[-21,-5],[-12,-1],[-13,5],[-32,-10],[-42,-5],[-22,-12],[-43,3],[-75,15],[4,17],[-6,2],[4,2],[-3,5],[4,0],[8,10],[3,15],[-11,7],[5,5],[-7,3],[9,6],[-6,3],[3,7],[-6,2],[1,6],[-8,1],[-6,14],[-7,2],[7,3],[-6,4],[5,3],[-9,2],[-1,5],[-5,-2],[1,6],[-8,-1],[1,9],[-13,0],[6,3],[-4,7],[-18,5],[-11,6],[-2,6],[-9,4],[1,7],[-20,8],[2,5],[-9,1],[-3,7],[-15,3],[-14,10],[-6,0],[-5,10],[-7,2],[-1,7],[-5,-3],[-2,6],[-20,7],[-19,18],[-21,2],[-21,10],[-18,14],[-3,21],[-33,11]],[[87266,11940],[-60,17],[-141,9],[-21,16],[-23,9],[4,16],[-27,3],[0,8],[6,6],[-6,13],[-13,3],[-4,-5],[-33,4],[-8,7],[7,12],[-27,5],[-14,8],[-45,1],[-9,5],[-2,15],[-23,-3],[-27,5]],[[86800,12094],[-21,-2],[-30,9],[-2,7],[9,7],[0,12]],[[88403,12545],[70,-23],[42,-7]],[[88199,12642],[54,-29],[23,-19],[55,-23],[27,-15],[45,-11]],[[88040,12846],[-3,12],[11,19],[-12,73],[3,22],[-6,13],[-16,11]],[[88403,12545],[11,10],[0,10],[6,-1],[1,51],[-6,17]],[[88166,12672],[-16,31]],[[88763,11724],[-42,5],[-65,1],[-38,6],[-24,7],[-4,-6],[15,-53],[-11,-7],[7,-25],[5,-4],[17,-1],[6,-8],[-19,-4],[-13,-11],[-5,0],[-14,-16],[2,-3],[-19,-15],[1,-3],[-7,-5],[-6,0],[-25,-12],[-3,-5],[-39,-15],[-34,-3],[-3,-4],[-10,-1],[-2,21],[18,10],[-7,1],[1,3],[38,15],[11,6],[4,9],[-37,19],[-18,-3],[-21,-10],[-8,-16],[-12,-14],[-15,-1],[-22,-12],[-7,-1],[-5,3],[-15,-5],[-3,2],[-8,-2],[-3,3],[-2,-4],[-14,-1],[-38,-19],[-4,3],[-14,-2],[-50,4],[-16,-7],[-33,1],[-57,13],[-48,4],[-18,-4],[-21,3]],[[88009,11561],[-12,5],[-43,0],[4,16],[-2,9],[7,9],[-13,9],[-11,2],[-42,-5],[-8,13],[-33,7],[-18,14]],[[71601,9011],[19,-27]],[[71620,8984],[-28,-2],[5,-11],[-18,-7],[-1,8],[-7,-1],[-2,9],[-33,-3],[2,-11],[-6,-9],[-12,2],[-18,-1],[-33,-16],[-34,-2],[0,-17]],[[71435,8923],[-68,3],[-52,-13]],[[71315,8913],[-42,-2],[-5,8],[-6,23],[7,26],[6,-2],[3,7],[15,-1],[-3,-10],[18,-2],[53,5],[3,6],[4,0],[2,-5],[32,4],[-2,4],[4,0],[2,-4],[54,1],[1,6],[15,-1],[2,4],[8,0],[0,5],[-35,13],[-6,-10],[-11,3],[3,4],[-18,5],[-5,-7],[-31,5],[-1,-7],[-26,3],[-11,-2],[-5,4],[5,6],[5,26],[9,11]],[[71359,9039],[56,-10],[141,3],[26,-6],[19,-15]],[[71588,9029],[13,-18]],[[71359,9039],[-96,23]],[[71316,9119],[62,0],[144,5],[66,-95]],[[71743,8847],[0,0]],[[71759,8856],[0,0]],[[71858,8986],[-8,9]],[[71850,8995],[4,0],[9,-7],[-5,-2]],[[71848,8994],[8,-9]],[[71856,8985],[-12,-4],[0,-7],[-8,-6],[-3,-9]],[[71833,8959],[3,-3],[-9,0]],[[71827,8956],[-2,1],[-29,-1]],[[71796,8956],[-5,0]],[[71791,8956],[-23,3]],[[71768,8959],[-4,-6],[-3,0],[-4,5],[-17,-13],[9,-7],[0,-11],[21,-14],[3,-10],[-3,-2],[7,-14],[-8,-20],[-23,-19],[-7,-3]],[[71731,8841],[-41,48],[7,7],[3,13],[-4,1],[-2,11],[10,0],[2,10],[8,6],[6,-1],[13,11],[-8,0],[-26,10],[-47,6],[-12,8],[-12,1],[-8,12]],[[71588,9029],[41,-34],[10,5],[23,2],[-1,6],[36,2],[-7,27],[5,35]],[[71695,9072],[5,0],[5,-7],[-5,-26],[3,-3],[13,3],[2,-4],[9,0],[14,-12],[27,8],[6,-5],[9,1],[14,-3],[25,-13],[23,-17],[3,0]],[[71718,8838],[-51,-8],[7,21],[-2,5],[-27,2],[-40,10],[-6,0],[-4,-4],[-82,52],[-37,6],[-41,1]],[[71334,8810],[-7,-10],[-12,-6],[-9,-20],[10,1],[33,-11],[9,0],[3,-8],[-4,-1],[6,-3],[2,-10],[11,-1],[-1,-6],[-5,1],[-10,-26],[40,0],[0,-7],[5,0],[2,-7],[8,0],[1,-12],[6,-1],[-3,-9],[9,-1],[-4,-6],[2,-11],[-10,1],[-3,-5],[7,-1],[2,-4],[-12,-23],[-7,0],[-2,-4],[5,-17]],[[71406,8589],[-13,8],[-41,12],[-10,-1],[-12,9],[-18,8],[-27,6],[-14,1],[-23,12],[-17,4],[-56,21],[-18,1],[-7,-4],[-18,5]],[[71132,8671],[-8,6],[31,14],[1,10],[-6,8],[16,7],[10,9],[-4,10],[9,11],[1,12],[23,4],[8,5],[-4,9],[5,9],[14,10],[-15,6],[0,6],[20,6],[4,-6],[6,2],[1,-6],[22,-3],[32,10],[3,5],[33,-5]],[[70807,8980],[-2,-1],[13,-9],[6,1],[4,-9],[12,9],[12,0],[-1,4],[44,11],[22,-11],[60,-12],[45,-21],[11,-2]],[[71033,8940],[3,0],[-7,-10],[-14,-14],[-5,-28],[-5,-6],[-39,-13],[-21,-13],[-4,-22],[4,-15],[-10,-15],[-5,-19],[-5,-1],[-8,-13],[-15,-9],[-5,-8]],[[70897,8754],[-123,35],[-59,15],[-14,2],[-16,8],[-103,26],[-32,12],[-32,21],[-14,23],[1,25],[4,4],[7,1],[-10,-21],[1,-7],[10,3],[0,13],[5,4],[15,0],[7,13],[-2,9],[9,6],[-7,12],[-33,29],[-2,8],[6,3],[-5,15],[4,7],[11,4],[-14,21],[-11,9],[4,21],[7,6]],[[70511,9081],[34,-6],[15,-5],[-2,-8],[7,-1],[4,11],[22,9],[39,10]],[[70630,9091],[-1,-12],[18,-3],[0,-4],[27,-8],[8,-9],[18,-5],[-20,-27],[24,-3],[2,-5],[7,-2],[6,7],[12,-1],[1,-7],[8,1],[0,-3],[13,0],[0,3],[9,1],[2,-4],[14,-1],[3,3],[19,-3],[4,1],[1,-4],[5,-1],[1,-17],[-4,-8]],[[70702,9116],[15,-11],[27,-11],[13,4],[-2,-9],[8,-8],[9,0],[0,-4],[24,8],[27,22],[9,0],[-1,-3],[8,-7],[26,-9],[-3,-8],[8,-1],[2,4],[7,-1],[2,8],[38,-6],[-5,-8],[12,-4],[11,-1],[5,1],[15,-2]],[[70957,9070],[5,-3],[-5,-2],[-1,-6],[-7,3],[-6,-2],[-3,-5],[-22,3],[5,8],[-29,5],[-7,-11],[15,-2],[-23,-39],[-15,1],[-6,-6],[9,0],[-5,-10],[-13,4],[-7,-6],[9,-8],[-44,-14]],[[70630,9091],[16,18],[8,-3],[8,4],[2,-10],[6,-3],[21,24],[11,-5]],[[71028,9163],[-12,-25]],[[71016,9138],[-11,-6],[-17,4],[-28,-1],[-39,12],[-7,-2],[8,-15],[9,-2],[-1,-5],[12,-8],[-4,-1],[5,-4],[-5,-4],[6,-2],[2,-7],[9,-3],[0,-6],[-9,-1],[7,-5],[0,-7],[6,0],[-2,-5]],[[70702,9116],[9,4],[-5,3],[2,3],[11,5],[26,-13],[20,8],[-10,6],[-13,-3],[-12,10],[1,4],[17,9],[-3,2],[32,14],[0,4],[5,11],[-33,9],[2,4],[8,-3],[2,5],[18,0],[1,3],[-6,0],[-3,3],[-1,18],[-6,9],[8,5],[86,-22],[153,-28]],[[72339,8896],[5,-4]],[[72348,8880],[1,0]],[[72381,8840],[-3,-6]],[[72234,8845],[-20,6]],[[72208,8852],[10,27],[7,-1],[1,4],[7,-1],[-10,43],[9,0],[10,7],[25,2],[2,13],[-6,3],[-69,2],[4,24],[-13,1],[1,5],[12,-1],[2,8],[-13,0],[0,8],[-26,0],[-16,15],[-20,1]],[[72125,9012],[2,7],[4,0],[9,11],[-3,9]],[[72195,8853],[-30,9]],[[72161,8860],[-24,2],[-8,-5]],[[72099,8857],[-16,2]],[[72060,8871],[0,2]],[[72055,8878],[-4,3],[-12,5]],[[72008,8879],[-4,0]],[[71997,8879],[-18,15]],[[71985,8912],[46,4],[37,-5],[3,22],[43,-2],[3,12],[12,-3],[6,14],[-31,6],[8,29],[26,1],[-7,9],[-12,3],[2,10],[4,0]],[[70511,9081],[11,20],[-3,3],[4,15],[-1,-15],[4,3],[1,25],[5,10],[4,0],[-4,5],[6,1],[-7,3],[6,4],[11,0],[-10,2],[-1,7],[-7,4],[-7,-48],[8,61],[7,4],[0,2],[8,1],[23,11],[0,3],[39,14],[9,10],[-12,16],[-5,1],[-38,23],[12,8],[5,-1],[10,6],[0,3],[7,3],[4,-2],[-6,10],[25,3],[17,9],[7,7],[13,-5],[-5,7],[4,4],[0,11],[4,-3],[6,5],[35,8],[3,8],[-5,19],[3,4],[0,-10],[4,8],[2,-3],[9,6],[-7,-1],[-2,2],[24,1],[26,5],[21,2],[15,-15],[-11,15],[25,6],[18,8],[9,-2],[9,0],[6,-5],[10,8],[-5,-7],[22,8],[-4,3],[5,2],[4,-5],[4,3],[3,-3],[-4,-6],[14,7],[15,-3]],[[71334,8810],[21,25],[0,5],[-13,-1],[-2,10],[17,4],[-3,6],[0,24],[-7,10],[-32,20]],[[71132,8671],[-12,-6],[12,2],[4,-4],[-26,-3],[-21,5],[-108,60],[-60,24],[-24,5]],[[71033,8940],[-11,30],[-31,58],[25,8],[16,2],[-2,12],[9,9],[1,5],[-10,5],[7,36],[-5,8],[3,4],[-22,15],[3,6]],[[71728,9305],[-12,-38],[6,-23],[17,-29],[11,-30],[-38,-72],[-17,-41]],[[71827,8956],[-31,0]],[[71791,8956],[0,0]],[[71856,8985],[-10,-4],[-2,-8],[-7,-5],[-1,-6],[-3,-3]],[[71961,8910],[-1,0]],[[71821,8868],[-6,2]],[[71811,8872],[-6,2],[-7,8],[-6,28],[-26,25],[-1,6],[9,6],[21,-7],[22,-2],[20,7],[28,16],[-1,21],[-6,1],[0,3]],[[71850,8995],[-9,10],[-16,10],[15,-12],[8,-9]],[[74667,14091],[-10,-13],[28,3],[3,-7],[18,3],[1,-6],[-15,-9],[2,-4],[13,-1],[-3,-10],[9,-10],[-2,-8],[5,-6],[-8,-9],[3,-4],[68,10],[7,-2],[-6,-9],[20,-14],[-8,-3],[5,-5],[-2,-2],[-29,-11],[-7,1],[-7,-3],[9,-9],[-4,-8],[4,-14],[-29,0],[-2,-9],[0,-22],[12,-11],[19,-2],[18,-10]],[[74779,13887],[-10,-13],[-5,-20],[3,-8],[-6,-6],[-13,5],[-16,-14],[30,-10],[-27,-23],[-28,-18],[-27,7],[-34,17],[-64,16],[-26,-8],[12,-9],[-23,-30],[-11,-26],[38,-19],[19,-24],[-32,-27],[25,-19],[-3,-22],[35,-1],[6,-5],[-7,-8],[13,-19],[9,2],[8,-9],[8,1],[14,-7],[-1,-24],[-8,-14],[27,-4],[-12,-20]],[[74253,13639],[27,20],[21,23],[1,17],[24,19],[8,16],[21,12],[16,19],[-31,31],[-63,12],[-26,1],[-68,21],[-40,9],[-7,7],[-62,26],[-9,11],[-13,6],[-17,16],[-10,5],[0,4]],[[74025,13914],[-3,28],[4,8],[15,12],[7,5],[26,6],[14,11],[8,0],[1,7],[9,6],[16,7],[31,9],[12,10],[9,3],[-6,10],[5,4],[43,17],[42,45],[22,14],[9,2],[9,8],[14,6],[7,13]],[[74319,14145],[63,12]],[[74382,14157],[26,-8],[17,-9],[20,-17],[38,-8],[54,41],[9,-2],[1,-5],[4,4],[30,-8],[7,-17],[60,-49],[19,12]],[[74618,14523],[-45,-14],[-32,-16],[-12,-3],[4,-6],[22,-13],[-14,-8],[-11,6],[-12,-7],[-1,-4],[-7,0],[-33,-11],[-19,0],[-14,6]],[[74444,14453],[-20,1],[-43,-4],[-24,0],[3,-10],[-3,-10],[-49,4],[-71,-1],[-58,-10]],[[74179,14423],[-7,9],[3,0],[0,9],[45,30],[-4,1],[15,15],[3,6],[-22,3],[6,6],[-2,4]],[[74216,14506],[127,20],[71,15],[24,6],[-6,3],[80,19],[71,21],[3,-2],[-27,-12],[-11,-10],[-17,-27],[11,-2],[57,16],[15,-19],[-10,-3],[14,-8]],[[75003,14212],[-15,-71],[15,-12],[8,-19],[11,-10],[0,-19],[12,-13]],[[75034,14068],[-2,-4],[-7,0],[-1,-10],[-9,-3],[-6,-12],[-12,-8],[-7,0]],[[74990,14031],[-33,-2],[-18,-6],[-12,14],[-18,-4],[-8,3],[-54,29],[0,3],[11,0],[2,4],[-13,1],[5,9],[-5,10],[5,2],[-10,14],[-19,5],[-24,-12],[-16,12],[5,3],[-10,11],[-4,0],[-12,10],[-30,-18],[3,-6],[10,-6],[1,-5],[-19,-4],[-33,8]],[[74694,14106],[94,55],[-19,8],[3,2],[50,17],[71,36],[10,8]],[[74903,14232],[100,-20]],[[74990,14031],[18,-35],[-50,-66],[-15,-11],[-14,-66]],[[74929,13853],[-51,22],[-28,2],[-9,6],[-3,-3],[-32,1],[0,-2],[-27,8]],[[74667,14091],[27,15]],[[74929,13853],[22,-13],[20,2],[59,9],[39,13],[-2,10],[3,0]],[[75070,13874],[53,-94],[-35,-6],[34,-25],[49,-95]],[[74424,14303],[-2,-7],[8,-33],[16,-34],[15,4],[11,8],[13,-5],[10,-19],[-1,-18],[-9,-10],[-12,-2],[-3,-7],[-40,-9],[-48,-14]],[[74319,14145],[-52,-2],[-87,6],[-61,-4]],[[74119,14145],[2,4],[-14,0],[-22,14],[33,10],[36,30],[17,10],[22,7],[35,5],[27,14],[28,7],[40,4],[45,-1],[-1,12],[-4,1]],[[74363,14262],[-3,9],[6,2],[-6,31],[35,1],[21,-7],[4,6],[4,-1]],[[74113,14334],[9,-2],[-9,-20],[-29,-16],[17,-12],[25,-10],[16,-10],[22,4],[27,-8],[16,2],[4,6],[11,3],[31,3],[29,-2],[34,-14],[42,10],[5,-6]],[[74119,14145],[-46,-8],[-31,-10],[-24,10],[-27,-2],[-12,-7],[-18,2],[1,3],[12,0],[6,10],[-5,1],[7,4],[1,9],[7,9],[8,-1],[5,17],[33,7],[-14,18],[0,8],[-16,13]],[[74519,14324],[-78,-8]],[[74441,14316],[-15,1]],[[74426,14317],[15,12],[4,7],[-15,36],[10,23],[4,58]],[[74618,14523],[55,2]],[[74673,14525],[12,-2],[16,7],[6,-4],[7,0],[3,8],[16,2],[13,-2],[8,-4],[3,-18],[-43,-24],[-47,-20],[-11,-7],[-17,-35],[4,-8],[-10,-4],[-3,-15],[-45,-10],[-13,-30],[-15,-18],[-16,-9],[-22,-8]],[[74165,14573],[-3,-3],[-20,-5],[-3,-11],[13,-35],[19,-17],[45,4]],[[74179,14423],[8,-40],[7,-8],[-4,-19],[42,-12],[-5,-5],[44,-9],[154,-18],[1,5]],[[74441,14316],[-17,-13]],[[75297,14127],[-30,-25],[-41,-6],[-20,-8],[-16,-24],[-67,10],[-21,-3],[-8,-7],[-26,-9],[-9,1],[-25,12]],[[75003,14212],[137,-17],[43,-9],[58,-23],[56,-36]],[[74025,13914],[-8,0],[-19,6],[-9,-2],[-25,7],[-20,12],[-10,-3],[-35,7],[-7,-8],[-12,5],[-17,1],[-1,19],[-5,6],[6,2],[-9,18],[-41,18],[-11,-4],[-23,10],[-13,10],[7,2],[-4,5],[-3,0],[-4,9],[-22,19]],[[75104,14746],[-24,-1],[-51,19],[-17,11],[-36,12],[-48,5],[-111,-6],[-109,-14],[0,2],[-21,-3],[-63,-7],[-34,-11],[5,-11],[9,-3],[7,-10],[0,-9],[14,-19],[18,-13],[15,-3],[4,-12],[13,-1],[10,-10],[-7,-3],[-4,-22],[-9,-10],[12,-33],[-4,-15],[-16,-14],[-2,-9],[-9,-11],[8,-3],[-3,-6],[4,-2],[11,4],[12,-5],[2,-4],[-7,-4]],[[75415,14093],[-22,-11],[-96,45]],[[74903,14232],[-57,16],[-108,42],[-70,21],[-77,12],[-72,1]],[[75366,14030],[-176,-29],[-1,-2],[-60,-4],[-41,4],[-24,-10],[9,-6],[3,-7],[25,-7],[4,-8],[-47,-9],[-26,0],[38,-78]],[[88795,11144],[-12,-1],[-2,2],[-30,-7],[-24,-15],[-86,-30],[-27,-14],[-86,-6],[-9,2],[-16,-8],[-12,-1],[-24,12],[-18,1],[-8,11],[-11,-1],[-3,-12],[-60,-12],[-42,-17],[-19,-12],[3,-17],[-32,-4],[-17,-14],[-39,-13],[-31,-29],[-15,3],[-2,8],[-15,11],[4,5],[-4,2],[0,4],[-30,-8],[-11,-10],[-4,0],[-17,14],[-25,2],[-10,9],[-16,5],[-23,-2],[-57,2],[-27,-3],[-4,-10],[-12,0],[-15,-30],[-17,-19],[6,-7],[-2,-16],[-8,-19],[-22,-14],[-6,-8],[-33,-14],[-13,13],[-24,9],[-3,8],[-21,9],[6,14],[0,21],[54,58],[-1,6],[5,11],[-14,2],[10,10],[-2,7],[11,1],[-8,11],[16,5],[-7,2],[0,6],[-10,6],[-32,4],[-1,5],[-8,8],[-7,0],[-5,-3],[-25,4],[2,-12],[-39,1],[-18,5]],[[87691,11075],[9,3],[10,10],[-4,8],[-10,5],[-2,6],[4,3],[-19,4],[22,51],[-15,7],[-23,-1],[-11,13],[12,16],[30,24],[10,15],[57,34],[37,16],[22,-2],[32,4],[9,27],[-1,11],[6,10],[15,9],[16,0],[36,31],[45,49],[13,20],[7,24],[-20,9],[-34,20],[1,16],[-4,7],[41,20],[27,17]],[[85580,11702],[-3,-44],[-14,-38],[4,-17]],[[85567,11603],[9,-12],[3,-20],[17,-20]],[[85596,11551],[3,-4],[-6,-46]],[[85593,11501],[-15,-13],[-34,-12],[-18,-13],[-18,-5],[-56,-10],[-5,-3],[-39,0],[-99,8],[-36,-1],[-11,8]],[[85262,11460],[5,1],[-7,4],[10,11],[-2,29],[18,7],[-11,5],[11,4],[30,5],[32,-1],[66,-18],[25,1],[11,5],[-14,17],[1,18],[-15,7],[-4,9],[-23,13],[-21,25],[-2,13],[12,12],[5,21],[-6,12],[-6,3],[-4,19]],[[85373,11682],[4,12],[8,5],[43,7],[10,9],[27,-4],[31,5],[50,1],[22,6]],[[85568,11723],[12,-21]],[[87691,11075],[-10,-6],[-25,-5],[-11,-6],[-7,-23],[2,-15],[-16,-8],[-7,-13],[-13,6],[-30,5],[-37,-5],[-29,-30],[-19,-12],[-10,-32],[-9,-11],[-3,-17],[-29,-45],[-15,-17]],[[86199,11437],[50,-11],[23,3],[11,6],[14,1],[6,10],[11,9],[38,3],[7,3],[10,21],[-19,5],[12,16],[18,65],[37,11],[7,5],[31,37],[8,43],[18,17],[-5,25],[4,5],[-5,7],[-20,11],[-6,10],[1,8],[27,29],[-1,9],[6,3],[7,20],[6,4],[6,-2],[27,22],[-1,15],[16,10],[-1,7],[4,-3],[27,17],[10,-2],[6,-7],[14,4],[50,-6],[-4,-8],[11,-1],[-7,-13],[19,-10],[24,-1],[42,-12],[27,21],[5,-1]],[[86770,11842],[-3,-7],[6,0],[27,8],[34,5],[100,-13],[27,0],[76,-19],[51,-17],[-2,-5],[27,-5],[-3,-3],[5,-2],[56,27],[12,9],[9,13],[-22,12],[-7,15],[8,8],[9,2],[21,-3],[28,17],[25,30],[12,26]],[[85721,11672],[-22,6],[-43,21],[-33,-8],[-15,-1],[-24,8],[-4,4]],[[85568,11723],[12,5],[29,-3],[51,-18],[6,8],[-18,9],[9,2],[22,-8],[17,21],[10,-4],[8,7],[10,-2],[13,7],[15,0],[6,4],[25,4]],[[85783,11755],[1,-13],[-5,-12],[-35,-35],[-15,-9],[-8,-14]],[[86770,11842],[4,22],[-8,23],[-30,4],[-21,15],[-26,9],[19,29],[-2,29],[8,16],[-7,0],[7,10],[-33,3],[-5,9],[11,18],[56,-3],[2,23],[31,26],[21,9],[3,10]],[[85250,11454],[2,3],[10,3]],[[85593,11501],[8,-11],[7,0],[1,-10],[-5,-2],[7,-2],[16,-16],[72,-37],[-26,-15],[6,-4]],[[85596,11551],[8,5],[24,0],[6,3],[15,-5],[22,-3],[33,6],[7,-2],[7,4],[1,-2],[7,3],[5,8],[10,2],[0,3],[15,2],[-3,9],[18,-1],[5,3]],[[85776,11586],[14,-7],[-23,-15],[13,-12],[39,12],[38,18],[33,6],[31,9],[51,9],[54,22]],[[86026,11628],[59,-20],[-7,-14],[4,-11],[-7,-17],[8,-4],[-6,-8],[-6,0],[7,-11],[22,1],[24,9],[4,-2],[5,3],[1,-5],[13,2],[22,-6],[0,-10],[8,-8],[-17,-19],[-11,-35],[9,-10],[34,-16],[-2,-6]],[[86026,11628],[-34,23],[-11,15],[-6,18],[-7,58],[17,34],[8,37],[-42,-9],[-15,3],[-42,-4],[-11,-7],[-26,-6],[-18,2]],[[85839,11792],[2,20],[-36,-2],[-6,1],[5,9],[-23,0],[-20,7],[-13,-7],[0,15],[-10,5],[-9,-9],[2,-8],[-14,11],[-5,15],[1,12],[27,40],[9,23]],[[85070,11771],[5,3],[31,6],[14,6],[21,-1],[8,-3],[3,-6],[20,-15],[10,-3],[31,11],[5,4],[42,8],[39,-1],[38,-7],[28,-47],[-10,-21],[0,-10],[18,-13]],[[85776,11586],[5,10],[8,1],[0,7],[-4,4],[-8,-3],[0,5],[-11,-2],[3,5],[-6,14],[-8,0],[3,10],[-20,0],[-8,7],[-4,10],[-12,-7],[-12,5]],[[85702,11652],[19,20]],[[85783,11755],[-3,10],[-19,18],[-12,18],[53,-10],[24,-1],[13,2]],[[85567,11603],[22,4],[44,17],[25,-17],[27,23],[17,22]],[[82099,12755],[10,-6],[-6,-3],[10,-12],[2,-19],[13,-4],[49,4],[15,-3],[24,-2],[33,-13],[32,7],[24,14],[44,-11]],[[82349,12707],[0,-18],[40,-88],[3,-18],[-26,-3],[0,-5],[14,-17],[-3,-11],[9,-3],[8,1],[-6,-10],[1,-6],[12,-1],[4,-3],[-2,-6],[6,-15],[-1,-36],[-12,-11],[-18,-3],[-9,-11],[1,-15],[7,-10],[-2,-15],[11,-12],[-10,-15],[-5,-18],[4,-10],[0,-39],[-8,-14],[2,-8],[-16,-15],[-2,-9],[56,5],[-1,-50],[-9,-27],[-1,-22],[8,-47]],[[82404,12122],[-22,-12],[-22,-6],[-89,-10],[-19,-5],[-7,51],[1,23],[-3,2],[5,8],[-1,7],[-14,4],[-18,-17],[-4,2],[-10,-3],[-13,6],[-1,6],[-3,1],[-57,-1],[-1,18],[-27,36],[4,18],[-7,10],[8,11],[-3,16],[10,17],[-38,11],[-28,-5],[-2,8],[-67,-21],[-29,-11],[-3,-4],[-7,2],[-4,-6],[-16,-2],[-18,-13],[-26,-3],[-38,-87],[2,-39],[-16,5],[-13,15],[-20,5],[-21,13],[-25,7]],[[81818,12802],[16,-2],[61,-3],[7,-8],[6,2],[15,-6],[15,1],[54,-7],[23,2],[26,-4],[57,-20],[1,-2]],[[82404,12122],[4,-8],[-3,-28],[6,-16],[-4,0],[2,-18],[4,-6],[-3,-31],[-7,-15],[23,-40],[22,-11],[13,-12],[28,5],[38,21],[20,18],[24,-11],[7,1],[39,27],[32,-7]],[[82649,11991],[17,-3],[47,-22],[-12,-8],[-3,-7],[-1,-33],[-8,-27],[3,-24],[11,-19]],[[82703,11848],[-123,-39],[-48,-12],[-93,-36],[-119,-55],[-40,-10],[-29,-13],[-82,22],[-39,5],[36,-127]],[[82107,12897],[9,-3],[18,-17],[26,2],[14,-34],[29,3],[0,-12]],[[82203,12836],[-1,-20],[-22,3],[-23,-14],[-12,-11],[-11,0],[-19,-33],[-16,-6]],[[81954,12967],[-11,-11],[-8,-21],[-63,-3]],[[81954,12967],[12,-2],[18,3],[61,-4],[5,-10],[50,-60],[7,3]],[[82703,11848],[22,-26],[7,-41],[-9,-42],[15,-18],[9,3],[1,-4],[7,5],[47,-2],[35,-5],[31,0],[19,10],[37,-14],[9,6],[8,-1],[8,7],[-6,4],[9,7],[-3,4],[11,25],[9,-2],[14,-15],[16,-10],[27,-1],[7,20],[27,33],[5,23],[-19,71],[-48,44],[-24,58],[-3,43],[13,41],[39,24],[33,11],[32,1],[38,-6],[-1,-8],[11,0],[30,4],[25,10],[4,-6],[18,0],[108,19]],[[83321,12120],[36,2],[63,-4],[27,5]],[[82684,12729],[-10,-21],[-13,-8],[-9,-3],[-36,3],[-7,-16],[3,-18],[-12,-9],[-13,-24],[-3,-35],[4,-9],[-2,-16],[23,-37],[12,-11],[0,-43],[19,-24],[-2,-18],[16,-36],[-7,-33],[5,-14],[31,-26],[35,-61],[-3,-25],[23,-24],[-15,-16],[-22,-44],[-23,-26],[-11,-21],[-1,-19],[10,-35],[-9,-13],[-20,-15],[2,-41]],[[82349,12707],[41,15],[12,11],[15,2],[16,9],[14,1],[13,-3],[32,4]],[[82492,12746],[49,0],[9,-8],[11,-3],[24,-22],[25,-7],[33,3],[41,20]],[[82407,12891],[12,-3],[51,-84],[39,-1],[-6,-15],[-2,-22],[4,-6],[-13,-14]],[[82203,12836],[12,1],[25,37],[17,7],[-8,1],[26,3],[7,5],[3,7],[3,-2]],[[82288,12895],[16,-7],[9,0],[12,2],[-4,6],[22,5],[14,-4],[22,-16],[12,0],[5,7],[11,3]],[[83321,12120],[-5,34],[6,15],[17,16],[1,5],[-16,11],[-41,46],[-31,21],[-14,21],[-12,9]],[[83226,12298],[-3,8],[2,24],[-14,41],[-9,74],[13,69],[8,16],[-11,16],[-4,13],[-33,1],[-2,11],[-8,-1],[-10,11],[-23,14],[-24,9]],[[83108,12604],[-23,15],[5,2],[-2,10],[-38,29],[0,5],[10,6],[-5,36],[3,12],[-4,8],[-16,24],[-6,0],[-12,11],[-24,10],[-16,16],[-4,26],[-15,24],[-9,26],[-20,10],[-18,44]],[[82914,12918],[7,-2],[7,6],[45,-14],[35,-6],[48,-18],[5,4],[26,-9],[8,3],[8,-2],[5,-5],[-9,-18],[5,-10],[-4,-15],[63,-51],[30,-37],[25,-2],[17,-15],[15,-5],[46,-12],[13,2],[57,-2],[42,4],[-5,-16],[21,3],[39,-3],[46,4],[27,7],[29,4]],[[82870,12463],[1,-29],[10,-28],[-3,-33],[4,-24],[13,-2],[4,-3],[12,-1],[8,-5],[1,-7],[18,0],[17,3],[3,3],[30,-1],[30,-27],[19,-5],[13,-5],[24,9],[3,-5],[6,-3],[2,-15],[9,-1],[-1,-6],[11,0],[-2,-5],[29,-18],[23,7],[34,21],[38,15]],[[82684,12729],[45,16]],[[82729,12745],[-11,-15],[2,-5],[8,-4],[25,-5],[10,-13],[-7,-15],[17,-5],[4,-4],[6,1],[24,-32],[30,-16],[4,-25],[-4,-3],[1,-28],[8,-39],[7,-21],[15,-21],[-2,-26],[4,-6]],[[82900,12948],[14,-30]],[[83108,12604],[-12,-5],[18,-6],[-28,-18],[-10,-1],[-9,-8],[-15,4],[-17,-5],[10,-14],[-30,-9],[-32,5],[-41,-7],[0,-31],[-9,-1],[-14,-13],[-9,-18],[-40,-14]],[[82729,12745],[28,11],[0,10],[11,17],[37,8],[13,7],[11,-2],[10,3],[-2,13],[21,7],[-14,21],[10,14],[-33,37],[-19,13],[-3,6],[11,18],[5,0],[-3,31]],[[82812,12959],[28,-5],[60,-6]],[[82288,12980],[13,-4],[-6,-8],[7,-3],[-13,-16],[-8,-3],[-14,-22],[1,-5],[9,0],[3,-9],[12,-12],[-4,-3]],[[82107,12897],[30,14],[-2,14],[-13,17],[25,-1],[2,3],[-6,1],[10,17],[6,-1],[3,3],[5,0],[-6,16],[5,25],[-2,21],[11,4],[-14,17]],[[82131,13055],[15,-7],[15,-1]],[[82214,13099],[-9,-11],[-10,0],[-4,-5],[-1,-18],[-34,-7],[-12,8],[-13,-4],[0,-7]],[[82214,13099],[10,2],[14,-1],[-20,-37],[-3,-17],[16,6],[8,-2],[17,-29],[10,0],[15,-5],[-5,-16],[5,0],[4,-20],[3,0]],[[83473,12985],[9,36],[9,18],[-11,4],[-5,21]],[[82900,12948],[25,16],[29,8],[48,7],[34,19],[14,13],[14,8],[70,14],[49,15]],[[83475,13064],[-10,15],[-6,-2],[-44,28],[-33,15],[-25,-17],[-22,-8],[-30,-23],[-12,-23],[-26,-26],[0,-11],[-17,-36],[-40,1],[-27,71]],[[82288,12980],[29,20],[24,5],[16,16],[30,10]],[[82387,13031],[13,-12],[3,-37],[18,-14],[4,-8],[-4,-11],[-36,-28],[26,-25],[-4,-5]],[[83088,13317],[-27,-3],[-11,14],[-53,28],[1,3],[-25,2],[-12,-3]],[[83183,13048],[-36,100],[19,51],[-37,-4],[-10,25],[-6,33],[-25,64]],[[82812,12959],[-2,6],[7,8],[-5,57],[-8,15],[-19,13],[-11,29],[-14,3],[10,-17],[0,-7],[-9,-9],[-14,3],[-40,-1],[-3,19],[-28,20],[-9,-3],[6,-10],[-33,-6],[-7,7],[-55,-13],[-8,-7],[-10,3],[-7,-2]],[[82553,13067],[-3,2],[5,4],[0,8],[-33,64],[-24,19],[-46,58]],[[82526,13249],[-21,-12],[-21,-3],[-14,-7],[-18,-5]],[[82961,13358],[2,-5],[-11,-1],[-17,-13],[-6,-16],[-17,20],[-11,9],[-6,0],[-27,38],[-15,9],[-38,4],[-45,-10],[-19,-1],[-16,6],[-33,6],[-17,-11],[-22,-33],[-44,-3],[-19,-7],[-17,-1],[2,-6],[-9,-4],[0,-7],[22,-19],[-3,-1],[12,-19],[-1,-11],[-18,0],[-14,-17],[-1,-9],[-11,0],[-23,-10],[-13,3]],[[82553,13067],[-24,-13],[-15,-13],[8,-17],[-22,-1],[-10,-5]],[[82490,13018],[-24,6],[4,8],[-51,21],[-5,-2],[-9,10],[-11,-4],[-1,-3],[-20,14],[-13,16],[-5,5],[-6,0],[-9,11],[45,1],[-8,7],[-50,5],[-13,31],[12,1],[16,5],[-4,5],[15,4],[23,-1],[29,4],[-12,6],[-87,2],[-11,17],[-19,19]],[[82452,13222],[-59,2],[-9,21],[-38,-9],[-38,-4],[1,-15],[-13,-3],[-13,-10],[-7,2]],[[82161,13047],[-60,-27],[-21,-4],[-80,-34],[-36,1],[2,-8],[-9,-3],[-3,-5]],[[82490,13018],[-14,-4],[-19,-1],[-35,10],[-21,10],[-14,-2]],[[82276,13206],[-13,-3],[0,-2],[-11,-5],[28,-29],[-1,-18],[-46,-17],[-20,-14],[1,-19]]],"bbox":[-8.64970957224644,49.8647926358421,1.76323286743115,60.8607658077002],"transform":{"scale":[0.00010413046570143291,0.00010996083132689424],"translate":[-8.64970957224644,49.8647926358421]}}