{"type":"Topology","objects":{"ward":{"type":"GeometryCollection","geometries":[{"type":"Polygon","arcs":[[0,1,2,3,4,5,6,7,8]],"id":536,"properties":{"WD24CD":"E05005479","WD24NM":"Ambien","LAD24CD":"E07000132"}},{"type":"Polygon","arcs":[[9,10,11,12,13]],"id":537,"properties":{"WD24CD":"E05005480","WD24NM":"Barlestone, Nailstone and Osbaston","LAD24CD":"E07000132"}},{"type":"Polygon","arcs":[[14,15,16,17,-2,18]],"id":538,"properties":{"WD24CD":"E05005481","WD24NM":"Barwell","LAD24CD":"E07000132"}},{"type":"Polygon","arcs":[[19,20,21,22]],"id":539,"properties":{"WD24CD":"E05005482","WD24NM":"Burbage St Catherines and Lash Hill","LAD24CD":"E07000132"}},{"type":"Polygon","arcs":[[23,24,25,26,-20]],"id":540,"properties":{"WD24CD":"E05005483","WD24NM":"Burbage Sketchley and Stretton","LAD24CD":"E07000132"}},{"type":"Polygon","arcs":[[27,-12,28,-9,29,30,31]],"id":541,"properties":{"WD24CD":"E05005484","WD24NM":"Cadeby, Carlton and Market Bosworth with Shackerstone","LAD24CD":"E07000132"}},{"type":"Polygon","arcs":[[32,33,-15,34,35]],"id":542,"properties":{"WD24CD":"E05005485","WD24NM":"Earl Shilton","LAD24CD":"E07000132"}},{"type":"Polygon","arcs":[[36,37,38,39,40,41]],"id":543,"properties":{"WD24CD":"E05005486","WD24NM":"Groby","LAD24CD":"E07000132"}},{"type":"Polygon","arcs":[[42,-21,-27,43,44]],"id":544,"properties":{"WD24CD":"E05005487","WD24NM":"Hinckley Castle","LAD24CD":"E07000132"}},{"type":"Polygon","arcs":[[-44,-26,45,46,-4,47]],"id":545,"properties":{"WD24CD":"E05005488","WD24NM":"Hinckley Clarendon","LAD24CD":"E07000132"}},{"type":"Polygon","arcs":[[48,-22,-43,49,-17]],"id":546,"properties":{"WD24CD":"E05005489","WD24NM":"Hinckley De Montfort","LAD24CD":"E07000132"}},{"type":"Polygon","arcs":[[-45,-48,-3,-18,-50]],"id":547,"properties":{"WD24CD":"E05005490","WD24NM":"Hinckley Trinity","LAD24CD":"E07000132"}},{"type":"Polygon","arcs":[[50,-41,51,52,53,54,55]],"id":548,"properties":{"WD24CD":"E05005491","WD24NM":"Markfield, Stanton and Fieldhead","LAD24CD":"E07000132"}},{"type":"Polygon","arcs":[[56,57,-35,-19,-1,-29,-11,58]],"id":549,"properties":{"WD24CD":"E05005492","WD24NM":"Newbold Verdon with Desford and Peckleton","LAD24CD":"E07000132"}},{"type":"Polygon","arcs":[[-40,59,60,-59,-10,61,-52]],"id":550,"properties":{"WD24CD":"E05005493","WD24NM":"Ratby, Bagworth and Thornton","LAD24CD":"E07000132"}},{"type":"Polygon","arcs":[[-30,-8,62,63,64,65,66,67]],"id":551,"properties":{"WD24CD":"E05005494","WD24NM":"Twycross and Witherley with Sheepy","LAD24CD":"E07000132"}},{"type":"Polygon","arcs":[[68,69,70,71]],"id":552,"properties":{"WD24CD":"E05005495","WD24NM":"Asfordby","LAD24CD":"E07000133"}},{"type":"Polygon","arcs":[[72,73,74,75,76,77]],"id":553,"properties":{"WD24CD":"E05005496","WD24NM":"Bottesford","LAD24CD":"E07000133"}},{"type":"Polygon","arcs":[[78,79,80,81,82,-75]],"id":554,"properties":{"WD24CD":"E05005497","WD24NM":"Croxton Kerrial","LAD24CD":"E07000133"}},{"type":"Polygon","arcs":[[-71,83,84,85,86,87]],"id":555,"properties":{"WD24CD":"E05005498","WD24NM":"Frisby-on-the-Wreake","LAD24CD":"E07000133"}},{"type":"Polygon","arcs":[[88,89,-86,90,91,92,93]],"id":556,"properties":{"WD24CD":"E05005499","WD24NM":"Gaddesby","LAD24CD":"E07000133"}},{"type":"Polygon","arcs":[[-83,94,95,96,97,-76]],"id":557,"properties":{"WD24CD":"E05005500","WD24NM":"Long Clawson and Stathern","LAD24CD":"E07000133"}},{"type":"Polygon","arcs":[[98,-93,99,100,101]],"id":558,"properties":{"WD24CD":"E05005501","WD24NM":"Melton Craven","LAD24CD":"E07000133"}},{"type":"Polygon","arcs":[[102,-91,-85,103]],"id":559,"properties":{"WD24CD":"E05005502","WD24NM":"Melton Dorian","LAD24CD":"E07000133"}},{"type":"Polygon","arcs":[[104,-101,105,-104,-84,-70,106]],"id":560,"properties":{"WD24CD":"E05005503","WD24NM":"Melton Egerton","LAD24CD":"E07000133"}},{"type":"Polygon","arcs":[[107,-102,-105,108,109]],"id":561,"properties":{"WD24CD":"E05005504","WD24NM":"Melton Newport","LAD24CD":"E07000133"}},{"type":"Polygon","arcs":[[110,-109,-107,-69,111]],"id":562,"properties":{"WD24CD":"E05005505","WD24NM":"Melton Sysonby","LAD24CD":"E07000133"}},{"type":"Polygon","arcs":[[-92,-103,-106,-100]],"id":563,"properties":{"WD24CD":"E05005506","WD24NM":"Melton Warwick","LAD24CD":"E07000133"}},{"type":"Polygon","arcs":[[-96,112,-112,-72,-88,113,114]],"id":564,"properties":{"WD24CD":"E05005507","WD24NM":"Old Dalby","LAD24CD":"E07000133"}},{"type":"Polygon","arcs":[[115,116,117,118,119,120,121,-89,122]],"id":565,"properties":{"WD24CD":"E05005508","WD24NM":"Somerby","LAD24CD":"E07000133"}},{"type":"Polygon","arcs":[[123,-110,-111,-113,-95,-82]],"id":566,"properties":{"WD24CD":"E05005509","WD24NM":"Waltham-on-the-Wolds","LAD24CD":"E07000133"}},{"type":"Polygon","arcs":[[124,125,126,-123,-94,-99,-108,-124,-81,127]],"id":567,"properties":{"WD24CD":"E05005510","WD24NM":"Wymondham","LAD24CD":"E07000133"}},{"type":"Polygon","arcs":[[128,129,130,131,132,133]],"id":568,"properties":{"WD24CD":"E05005531","WD24NM":"Oadby Brocks Hill","LAD24CD":"E07000135"}},{"type":"Polygon","arcs":[[134,135,136,137,138,139]],"id":569,"properties":{"WD24CD":"E05005532","WD24NM":"Oadby Grange","LAD24CD":"E07000135"}},{"type":"Polygon","arcs":[[140,-133,141,142,-136]],"id":570,"properties":{"WD24CD":"E05005533","WD24NM":"Oadby St Peter's","LAD24CD":"E07000135"}},{"type":"Polygon","arcs":[[143,144,-134,-141,-135]],"id":571,"properties":{"WD24CD":"E05005534","WD24NM":"Oadby Uplands","LAD24CD":"E07000135"}},{"type":"Polygon","arcs":[[145,-129,-145,146]],"id":572,"properties":{"WD24CD":"E05005535","WD24NM":"Oadby Woodlands","LAD24CD":"E07000135"}},{"type":"Polygon","arcs":[[147,148,149,150,151,152]],"id":573,"properties":{"WD24CD":"E05005536","WD24NM":"South Wigston","LAD24CD":"E07000135"}},{"type":"Polygon","arcs":[[153,154,-148,155,156]],"id":574,"properties":{"WD24CD":"E05005537","WD24NM":"Wigston All Saints","LAD24CD":"E07000135"}},{"type":"Polygon","arcs":[[157,-156,-153,158,159]],"id":575,"properties":{"WD24CD":"E05005538","WD24NM":"Wigston Fields","LAD24CD":"E07000135"}},{"type":"Polygon","arcs":[[-131,160,161,-154,162]],"id":576,"properties":{"WD24CD":"E05005539","WD24NM":"Wigston Meadowcourt","LAD24CD":"E07000135"}},{"type":"Polygon","arcs":[[-142,-132,-163,-157,-158,163]],"id":577,"properties":{"WD24CD":"E05005540","WD24NM":"Wigston St Wolstan's","LAD24CD":"E07000135"}},{"type":"Polygon","arcs":[[164,165,166,167,168,169,170,171,172,173,174,175]],"id":578,"properties":{"WD24CD":"E05005644","WD24NM":"Crowland and Deeping St Nicholas","LAD24CD":"E07000140"}},{"type":"Polygon","arcs":[[176,177,178,179,180]],"id":579,"properties":{"WD24CD":"E05005645","WD24NM":"Donington, Quadring and Gosberton","LAD24CD":"E07000140"}},{"type":"Polygon","arcs":[[181,182,183,184,185,186]],"id":580,"properties":{"WD24CD":"E05005646","WD24NM":"Fleet","LAD24CD":"E07000140"}},{"type":"MultiPolygon","arcs":[[[187,-188,188]],[[189,-190,190]],[[191,-192,192]],[[193,-194,194]],[[195,-196,196]],[[197,198,199,200,-182,201,202]]],"id":581,"properties":{"WD24CD":"E05005647","WD24NM":"Gedney","LAD24CD":"E07000140"}},{"type":"MultiPolygon","arcs":[[[203]],[[204]],[[205]],[[-196,206,-202,-187,207,208,209,210,211,212,213]],[[214,215]],[[216]]],"id":582,"properties":{"WD24CD":"E05005648","WD24NM":"Holbeach Hurn","LAD24CD":"E07000140"}},{"type":"Polygon","arcs":[[-186,217,-208]],"id":583,"properties":{"WD24CD":"E05005649","WD24NM":"Holbeach Town","LAD24CD":"E07000140"}},{"type":"MultiPolygon","arcs":[[[218,-219,219]],[[220,-221,221]],[[222,-223,223]],[[224,-225,225]],[[226,226,226]],[[227]],[[228,229]],[[-190,230,-188,231]],[[-192,232]],[[233,-198]],[[234,-194,235,236,237,238,239,240,241,242,243,244,245,246,247,248,-200]]],"id":584,"properties":{"WD24CD":"E05005650","WD24NM":"Long Sutton","LAD24CD":"E07000140"}},{"type":"MultiPolygon","arcs":[[[249,250,251]],[[252,253]],[[254,-255,255]],[[-210,256,-167,257,258,259,260,261,262,263,264,265,266]]],"id":585,"properties":{"WD24CD":"E05005651","WD24NM":"Moulton, Weston and Cowbit","LAD24CD":"E07000140"}},{"type":"MultiPolygon","arcs":[[[-261,260,267]],[[262,-263,268]],[[269,270,-265]],[[271,254,272,-253,273,-251,274,275,276,-176,277,278,279,-177,280]]],"id":586,"properties":{"WD24CD":"E05005652","WD24NM":"Pinchbeck and Surfleet","LAD24CD":"E07000140"}},{"type":"Polygon","arcs":[[281,282,283,284,285,286,287,-275,-250]],"id":587,"properties":{"WD24CD":"E05005653","WD24NM":"Spalding Castle","LAD24CD":"E07000140"}},{"type":"Polygon","arcs":[[288,289,-165,-277,290]],"id":588,"properties":{"WD24CD":"E05005654","WD24NM":"Spalding Monks House","LAD24CD":"E07000140"}},{"type":"Polygon","arcs":[[-287,291,-289,292]],"id":589,"properties":{"WD24CD":"E05005655","WD24NM":"Spalding St John's","LAD24CD":"E07000140"}},{"type":"Polygon","arcs":[[-258,-166,-290,-292,-286,293]],"id":590,"properties":{"WD24CD":"E05005656","WD24NM":"Spalding St Mary's","LAD24CD":"E07000140"}},{"type":"MultiPolygon","arcs":[[[282,-283,294]],[[-294,-285,295,-259]]],"id":591,"properties":{"WD24CD":"E05005657","WD24NM":"Spalding St Paul's","LAD24CD":"E07000140"}},{"type":"Polygon","arcs":[[-293,-291,-276,-288]],"id":592,"properties":{"WD24CD":"E05005658","WD24NM":"Spalding Wygate","LAD24CD":"E07000140"}},{"type":"MultiPolygon","arcs":[[[296,297]],[[-244,243,298]],[[-246,-219,299,-221,300,-223,301]],[[-242,241,302]],[[303,304,305]],[[-238,237,306]],[[307,307,307]],[[-240,308,-225,309]],[[-229,228,310]],[[311]]],"id":593,"properties":{"WD24CD":"E05005659","WD24NM":"Sutton Bridge","LAD24CD":"E07000140"}},{"type":"Polygon","arcs":[[312,313,314,-183,-201,-249]],"id":594,"properties":{"WD24CD":"E05005660","WD24NM":"The Saints","LAD24CD":"E07000140"}},{"type":"Polygon","arcs":[[-209,-218,-185,315,-168,-257]],"id":595,"properties":{"WD24CD":"E05005661","WD24NM":"Whaplode and Holbeach St John's","LAD24CD":"E07000140"}},{"type":"Polygon","arcs":[[316,317,318,319,320]],"id":638,"properties":{"WD24CD":"E05006377","WD24NM":"Beckingham","LAD24CD":"E07000171"}},{"type":"Polygon","arcs":[[321,322,323,324,325,326,327]],"id":639,"properties":{"WD24CD":"E05006378","WD24NM":"Blyth","LAD24CD":"E07000171"}},{"type":"Polygon","arcs":[[-319,328,329,330,331,332,333]],"id":640,"properties":{"WD24CD":"E05006380","WD24NM":"Clayworth","LAD24CD":"E07000171"}},{"type":"Polygon","arcs":[[334,335,336,337,338,339,340,341]],"id":641,"properties":{"WD24CD":"E05006381","WD24NM":"East Markham","LAD24CD":"E07000171"}},{"type":"Polygon","arcs":[[342,343,-342,344,345,346,-330]],"id":642,"properties":{"WD24CD":"E05006382","WD24NM":"East Retford East","LAD24CD":"E07000171"}},{"type":"Polygon","arcs":[[-347,347,348,-331]],"id":643,"properties":{"WD24CD":"E05006383","WD24NM":"East Retford North","LAD24CD":"E07000171"}},{"type":"Polygon","arcs":[[-345,-341,349,350]],"id":644,"properties":{"WD24CD":"E05006384","WD24NM":"East Retford South","LAD24CD":"E07000171"}},{"type":"Polygon","arcs":[[-346,-351,351,-348]],"id":645,"properties":{"WD24CD":"E05006385","WD24NM":"East Retford West","LAD24CD":"E07000171"}},{"type":"Polygon","arcs":[[352,-320,-334,353,-322,354,355,356]],"id":646,"properties":{"WD24CD":"E05006386","WD24NM":"Everton","LAD24CD":"E07000171"}},{"type":"Polygon","arcs":[[-327,357,358]],"id":647,"properties":{"WD24CD":"E05006387","WD24NM":"Harworth","LAD24CD":"E07000171"}},{"type":"Polygon","arcs":[[-324,359,360,361,362,363]],"id":648,"properties":{"WD24CD":"E05006388","WD24NM":"Langold","LAD24CD":"E07000171"}},{"type":"Polygon","arcs":[[364,-321,-353,365]],"id":649,"properties":{"WD24CD":"E05006389","WD24NM":"Misterton","LAD24CD":"E07000171"}},{"type":"Polygon","arcs":[[366,367,-335,-344,368]],"id":650,"properties":{"WD24CD":"E05006390","WD24NM":"Rampton","LAD24CD":"E07000171"}},{"type":"Polygon","arcs":[[-333,369,-360,-323,-354]],"id":651,"properties":{"WD24CD":"E05006391","WD24NM":"Ranskill","LAD24CD":"E07000171"}},{"type":"Polygon","arcs":[[370,-369,-343,-329,-318]],"id":652,"properties":{"WD24CD":"E05006392","WD24NM":"Sturton","LAD24CD":"E07000171"}},{"type":"Polygon","arcs":[[-332,-349,-352,-350,-340,371,372,373,374,-361,-370]],"id":653,"properties":{"WD24CD":"E05006393","WD24NM":"Sutton","LAD24CD":"E07000171"}},{"type":"MultiPolygon","arcs":[[[375,376]],[[377,378,-336,-368,379]]],"id":654,"properties":{"WD24CD":"E05006394","WD24NM":"Tuxford and Trent","LAD24CD":"E07000171"}},{"type":"Polygon","arcs":[[-339,380,381,382,383,384,385,386,-372]],"id":655,"properties":{"WD24CD":"E05006395","WD24NM":"Welbeck","LAD24CD":"E07000171"}},{"type":"Polygon","arcs":[[387,388,389,390,391,-374]],"id":656,"properties":{"WD24CD":"E05006396","WD24NM":"Worksop East","LAD24CD":"E07000171"}},{"type":"Polygon","arcs":[[392,-390,393,394,395]],"id":657,"properties":{"WD24CD":"E05006397","WD24NM":"Worksop North","LAD24CD":"E07000171"}},{"type":"Polygon","arcs":[[-389,396,397,398,399,-394]],"id":658,"properties":{"WD24CD":"E05006399","WD24NM":"Worksop North West","LAD24CD":"E07000171"}},{"type":"Polygon","arcs":[[400,-386,401,402,-398]],"id":659,"properties":{"WD24CD":"E05006400","WD24NM":"Worksop South","LAD24CD":"E07000171"}},{"type":"Polygon","arcs":[[-387,-401,-397,-388,-373]],"id":660,"properties":{"WD24CD":"E05006401","WD24NM":"Worksop South East","LAD24CD":"E07000171"}},{"type":"Polygon","arcs":[[403,404,405,406,407,408,409,410,411,412,413,414,415,416]],"id":905,"properties":{"WD24CD":"E05008809","WD24NM":"Aston","LAD24CD":"E07000039"}},{"type":"Polygon","arcs":[[417,418,419,420,421,422]],"id":906,"properties":{"WD24CD":"E05008810","WD24NM":"Church Gresley","LAD24CD":"E07000039"}},{"type":"Polygon","arcs":[[423,424,425,426,427,428,429,430,431,432]],"id":907,"properties":{"WD24CD":"E05008811","WD24NM":"Etwall","LAD24CD":"E07000039"}},{"type":"Polygon","arcs":[[433,434]],"id":908,"properties":{"WD24CD":"E05008812","WD24NM":"Hatton","LAD24CD":"E07000039"}},{"type":"Polygon","arcs":[[435,-432,436,-435,437,438,439,440]],"id":909,"properties":{"WD24CD":"E05008813","WD24NM":"Hilton","LAD24CD":"E07000039"}},{"type":"Polygon","arcs":[[441,-421,442,443,444,445]],"id":910,"properties":{"WD24CD":"E05008814","WD24NM":"Linton","LAD24CD":"E07000039"}},{"type":"Polygon","arcs":[[446,447,448,-409]],"id":911,"properties":{"WD24CD":"E05008815","WD24NM":"Melbourne","LAD24CD":"E07000039"}},{"type":"Polygon","arcs":[[449,450,451,452]],"id":912,"properties":{"WD24CD":"E05008816","WD24NM":"Midway","LAD24CD":"E07000039"}},{"type":"Polygon","arcs":[[453,-422,-442,454,455,456,-451]],"id":913,"properties":{"WD24CD":"E05008817","WD24NM":"Newhall and Stanton","LAD24CD":"E07000039"}},{"type":"Polygon","arcs":[[457,-410,-449,458,459,460,461,462,463,-452,-457,464,465,466,-428,467]],"id":914,"properties":{"WD24CD":"E05008818","WD24NM":"Repton","LAD24CD":"E07000039"}},{"type":"Polygon","arcs":[[-420,468,469,470,471,472,-443]],"id":915,"properties":{"WD24CD":"E05008819","WD24NM":"Seales","LAD24CD":"E07000039"}},{"type":"Polygon","arcs":[[473,-411,-458,474,475]],"id":916,"properties":{"WD24CD":"E05008820","WD24NM":"Stenson","LAD24CD":"E07000039"}},{"type":"Polygon","arcs":[[476,-423,-454,-450]],"id":917,"properties":{"WD24CD":"E05008821","WD24NM":"Swadlincote","LAD24CD":"E07000039"}},{"type":"Polygon","arcs":[[477,-475,-468,-427,478]],"id":918,"properties":{"WD24CD":"E05008822","WD24NM":"Willington and Findern","LAD24CD":"E07000039"}},{"type":"Polygon","arcs":[[479,480,-418,-477,-453,-464]],"id":919,"properties":{"WD24CD":"E05008823","WD24NM":"Woodville","LAD24CD":"E07000039"}},{"type":"MultiPolygon","arcs":[[[481,482]],[[483]],[[484]],[[485,486,487,488]]],"id":1309,"properties":{"WD24CD":"E05009621","WD24NM":"Coastal","LAD24CD":"E07000136"}},{"type":"Polygon","arcs":[[489,490,491,492,493,494]],"id":1310,"properties":{"WD24CD":"E05009622","WD24NM":"Fenside","LAD24CD":"E07000136"}},{"type":"MultiPolygon","arcs":[[[495]],[[496]],[[497,-498,498]],[[-482,499,500,501,502]],[[503,504,505,506,-495,507,508,-487]]],"id":1311,"properties":{"WD24CD":"E05009623","WD24NM":"Fishtoft","LAD24CD":"E07000136"}},{"type":"MultiPolygon","arcs":[[[-266,-271,509]],[[510,511]],[[512,513]],[[514,-515,515]],[[516,517,518,519,520,521,522,523,524,525,-281,-181,526,527,528]]],"id":1312,"properties":{"WD24CD":"E05009624","WD24NM":"Five Village","LAD24CD":"E07000136"}},{"type":"MultiPolygon","arcs":[[[529,-525]],[[-521,520,530]],[[-519,531]],[[-512,532,-523,533]],[[534]],[[535]],[[536,537]],[[538,539]],[[540,541,542,543,-514,544,514,545,-517,546]]],"id":1313,"properties":{"WD24CD":"E05009625","WD24NM":"Kirton and Frampton","LAD24CD":"E07000136"}},{"type":"Polygon","arcs":[[547,-489,548,549]],"id":1314,"properties":{"WD24CD":"E05009626","WD24NM":"Old Leake and Wrangle","LAD24CD":"E07000136"}},{"type":"Polygon","arcs":[[550,551,552,553,554]],"id":1315,"properties":{"WD24CD":"E05009627","WD24NM":"St Thomas'","LAD24CD":"E07000136"}},{"type":"MultiPolygon","arcs":[[[555,-552,556,557]],[[558,559,-505]]],"id":1316,"properties":{"WD24CD":"E05009628","WD24NM":"Skirbeck","LAD24CD":"E07000136"}},{"type":"Polygon","arcs":[[-557,-551,560,-492,561]],"id":1317,"properties":{"WD24CD":"E05009629","WD24NM":"Staniland","LAD24CD":"E07000136"}},{"type":"MultiPolygon","arcs":[[[562,563]],[[-558,-562,-491,564,565]]],"id":1318,"properties":{"WD24CD":"E05009630","WD24NM":"Station","LAD24CD":"E07000136"}},{"type":"Polygon","arcs":[[566,567,-508,-494,568,569,-547,-529,570,571,572]],"id":1319,"properties":{"WD24CD":"E05009631","WD24NM":"Swineshead and Holland Fen","LAD24CD":"E07000136"}},{"type":"Polygon","arcs":[[-560,573,574,-506]],"id":1320,"properties":{"WD24CD":"E05009632","WD24NM":"Trinity","LAD24CD":"E07000136"}},{"type":"Polygon","arcs":[[-561,-555,575,-569,-493]],"id":1321,"properties":{"WD24CD":"E05009633","WD24NM":"West","LAD24CD":"E07000136"}},{"type":"Polygon","arcs":[[-575,576,-563,577,-565,-490,-507]],"id":1322,"properties":{"WD24CD":"E05009634","WD24NM":"Witham","LAD24CD":"E07000136"}},{"type":"MultiPolygon","arcs":[[[-543,578]],[[-554,579,-502,580,-498,581,-540,582,-537,583,-541,-570,-576]]],"id":1323,"properties":{"WD24CD":"E05009635","WD24NM":"Wyberton","LAD24CD":"E07000136"}},{"type":"Polygon","arcs":[[584,585,586,587,588,589,590]],"id":1324,"properties":{"WD24CD":"E05009636","WD24NM":"Bardney","LAD24CD":"E07000142"}},{"type":"Polygon","arcs":[[-592,-593,593,594,595,596]],"id":1325,"properties":{"WD24CD":"E05009637","WD24NM":"Caistor and Yarborough","LAD24CD":"E07000142"}},{"type":"Polygon","arcs":[[-589,597,598,599,600,601,602,603]],"id":1326,"properties":{"WD24CD":"E05009638","WD24NM":"Cherry Willingham","LAD24CD":"E07000142"}},{"type":"Polygon","arcs":[[-590,-604,604,605,606,607,608]],"id":1327,"properties":{"WD24CD":"E05009639","WD24NM":"Dunholme and Welton","LAD24CD":"E07000142"}},{"type":"Polygon","arcs":[[609,610,611,612]],"id":1328,"properties":{"WD24CD":"E05009640","WD24NM":"Gainsborough East","LAD24CD":"E07000142"}},{"type":"Polygon","arcs":[[613,-612,614,615,616]],"id":1329,"properties":{"WD24CD":"E05009641","WD24NM":"Gainsborough North","LAD24CD":"E07000142"}},{"type":"MultiPolygon","arcs":[[[617]],[[-611,618,619,-615]]],"id":1330,"properties":{"WD24CD":"E05009642","WD24NM":"Gainsborough South-West","LAD24CD":"E07000142"}},{"type":"Polygon","arcs":[[620,621,-613,-614,622,623,624]],"id":1331,"properties":{"WD24CD":"E05009643","WD24NM":"Hemswell","LAD24CD":"E07000142"}},{"type":"Polygon","arcs":[[-595,625,626,627,628,629,630,631]],"id":1332,"properties":{"WD24CD":"E05009644","WD24NM":"Kelsey Wold","LAD24CD":"E07000142"}},{"type":"Polygon","arcs":[[632,633,634,635,-619,-610,-622]],"id":1333,"properties":{"WD24CD":"E05009645","WD24NM":"Lea","LAD24CD":"E07000142"}},{"type":"Polygon","arcs":[[636,637,-591,-609,638,-627,639]],"id":1334,"properties":{"WD24CD":"E05009646","WD24NM":"Market Rasen","LAD24CD":"E07000142"}},{"type":"Polygon","arcs":[[640,-602,641,642,643,644,-606]],"id":1335,"properties":{"WD24CD":"E05009647","WD24NM":"Nettleham","LAD24CD":"E07000142"}},{"type":"Polygon","arcs":[[645,-644,646,647,648,649,650,651]],"id":1336,"properties":{"WD24CD":"E05009648","WD24NM":"Saxilby","LAD24CD":"E07000142"}},{"type":"Polygon","arcs":[[-607,-645,-646,652,-633,-621,653]],"id":1337,"properties":{"WD24CD":"E05009649","WD24NM":"Scampton","LAD24CD":"E07000142"}},{"type":"Polygon","arcs":[[654,-623,-617,655,656]],"id":1338,"properties":{"WD24CD":"E05009650","WD24NM":"Scotter and Blyton","LAD24CD":"E07000142"}},{"type":"Polygon","arcs":[[-652,657,-634,-653]],"id":1339,"properties":{"WD24CD":"E05009651","WD24NM":"Stow","LAD24CD":"E07000142"}},{"type":"Polygon","arcs":[[-641,-605,-603]],"id":1340,"properties":{"WD24CD":"E05009652","WD24NM":"Sudbrooke","LAD24CD":"E07000142"}},{"type":"Polygon","arcs":[[-651,658,659,-377,660,-635,-658]],"id":1341,"properties":{"WD24CD":"E05009653","WD24NM":"Torksey","LAD24CD":"E07000142"}},{"type":"Polygon","arcs":[[-639,-608,-654,-625,661,-628]],"id":1342,"properties":{"WD24CD":"E05009654","WD24NM":"Waddingham and Spital","LAD24CD":"E07000142"}},{"type":"Polygon","arcs":[[-663,663,-640,-626,-594]],"id":1343,"properties":{"WD24CD":"E05009655","WD24NM":"Wold View","LAD24CD":"E07000142"}},{"type":"Polygon","arcs":[[664,665,666,667,668,669,670,671]],"id":1344,"properties":{"WD24CD":"E05009689","WD24NM":"Bestwood St Albans","LAD24CD":"E07000173"}},{"type":"Polygon","arcs":[[672,673,674,-672,675,676,677]],"id":1345,"properties":{"WD24CD":"E05009690","WD24NM":"Calverton","LAD24CD":"E07000173"}},{"type":"Polygon","arcs":[[678,679,680,681,682]],"id":1346,"properties":{"WD24CD":"E05009691","WD24NM":"Carlton","LAD24CD":"E07000173"}},{"type":"Polygon","arcs":[[683,-681,684,685,686]],"id":1347,"properties":{"WD24CD":"E05009692","WD24NM":"Carlton Hill","LAD24CD":"E07000173"}},{"type":"Polygon","arcs":[[687,688,-682,-684,689,690]],"id":1348,"properties":{"WD24CD":"E05009693","WD24NM":"Cavendish","LAD24CD":"E07000173"}},{"type":"Polygon","arcs":[[691,692,693,694,-679,695]],"id":1349,"properties":{"WD24CD":"E05009694","WD24NM":"Colwick","LAD24CD":"E07000173"}},{"type":"Polygon","arcs":[[696,697,698,699,-674]],"id":1350,"properties":{"WD24CD":"E05009695","WD24NM":"Coppice","LAD24CD":"E07000173"}},{"type":"Polygon","arcs":[[700,701,702,703,-666,704]],"id":1351,"properties":{"WD24CD":"E05009696","WD24NM":"Daybrook","LAD24CD":"E07000173"}},{"type":"Polygon","arcs":[[705,706,707,708,-697,-673,709]],"id":1352,"properties":{"WD24CD":"E05009697","WD24NM":"Dumbles","LAD24CD":"E07000173"}},{"type":"Polygon","arcs":[[710,711,-701,712,-699]],"id":1353,"properties":{"WD24CD":"E05009698","WD24NM":"Ernehale","LAD24CD":"E07000173"}},{"type":"Polygon","arcs":[[713,714,-688,715,716,717,-708]],"id":1354,"properties":{"WD24CD":"E05009699","WD24NM":"Gedling","LAD24CD":"E07000173"}},{"type":"Polygon","arcs":[[718,-696,-683,-689,-715]],"id":1355,"properties":{"WD24CD":"E05009700","WD24NM":"Netherfield","LAD24CD":"E07000173"}},{"type":"Polygon","arcs":[[-676,-671,719,720,721,722,723,724,725]],"id":1356,"properties":{"WD24CD":"E05009701","WD24NM":"Newstead Abbey","LAD24CD":"E07000173"}},{"type":"Polygon","arcs":[[-691,726,-716]],"id":1357,"properties":{"WD24CD":"E05009702","WD24NM":"Phoenix","LAD24CD":"E07000173"}},{"type":"Polygon","arcs":[[-709,-718,727,728,-711,-698]],"id":1358,"properties":{"WD24CD":"E05009703","WD24NM":"Plains","LAD24CD":"E07000173"}},{"type":"Polygon","arcs":[[-717,-727,-690,-687,729,730,-728]],"id":1359,"properties":{"WD24CD":"E05009704","WD24NM":"Porchester","LAD24CD":"E07000173"}},{"type":"Polygon","arcs":[[-700,-713,-705,-665,-675]],"id":1360,"properties":{"WD24CD":"E05009705","WD24NM":"Redhill","LAD24CD":"E07000173"}},{"type":"Polygon","arcs":[[731,732,733,-692,-719,-714,-707]],"id":1361,"properties":{"WD24CD":"E05009706","WD24NM":"Trent Valley","LAD24CD":"E07000173"}},{"type":"Polygon","arcs":[[-729,-731,734,735,-702,-712]],"id":1362,"properties":{"WD24CD":"E05009707","WD24NM":"Woodthorpe","LAD24CD":"E07000173"}},{"type":"Polygon","arcs":[[736,737,738,739,740,741,742]],"id":1449,"properties":{"WD24CD":"E05009873","WD24NM":"Alford","LAD24CD":"E07000137"}},{"type":"Polygon","arcs":[[-744,744,745,746,747,748,749,750,-637,-664]],"id":1450,"properties":{"WD24CD":"E05009874","WD24NM":"Binbrook","LAD24CD":"E07000137"}},{"type":"Polygon","arcs":[[751,752,753,754,755]],"id":1451,"properties":{"WD24CD":"E05009875","WD24NM":"Burgh le Marsh","LAD24CD":"E07000137"}},{"type":"Polygon","arcs":[[756,757,-739,758]],"id":1452,"properties":{"WD24CD":"E05009876","WD24NM":"Chapel St Leonards","LAD24CD":"E07000137"}},{"type":"Polygon","arcs":[[759,760,-567,761,762,763,764,765]],"id":1453,"properties":{"WD24CD":"E05009877","WD24NM":"Coningsby & Mareham","LAD24CD":"E07000137"}},{"type":"MultiPolygon","arcs":[[[766,-767,767]],[[768,-769,769]],[[770,-771,771]],[[772,773]],[[774,-775,775]],[[-755,776,777,778,779,780,781,782,783,784,785,786,787,788,789]]],"id":1454,"properties":{"WD24CD":"E05009878","WD24NM":"Croft","LAD24CD":"E07000137"}},{"type":"Polygon","arcs":[[-788,790,791,792,793,794,795,-550,796,797]],"id":1455,"properties":{"WD24CD":"E05009879","WD24NM":"Friskney","LAD24CD":"E07000137"}},{"type":"Polygon","arcs":[[798,799,800,801,802,803,-745,-805,805,806,807]],"id":1456,"properties":{"WD24CD":"E05009880","WD24NM":"Fulstow","LAD24CD":"E07000137"}},{"type":"Polygon","arcs":[[808,809,-799,810]],"id":1457,"properties":{"WD24CD":"E05009881","WD24NM":"Grimoldby","LAD24CD":"E07000137"}},{"type":"Polygon","arcs":[[811,812,813,814,-766,815,816,817]],"id":1458,"properties":{"WD24CD":"E05009882","WD24NM":"Hagworthingham","LAD24CD":"E07000137"}},{"type":"Polygon","arcs":[[818,-789,-798,819,-760,-815,820,-813]],"id":1459,"properties":{"WD24CD":"E05009883","WD24NM":"Halton Holegate","LAD24CD":"E07000137"}},{"type":"Polygon","arcs":[[821,-806,-823,-824,-825]],"id":1460,"properties":{"WD24CD":"E05009884","WD24NM":"Holton-le-Clay & North Thoresby","LAD24CD":"E07000137"}},{"type":"Polygon","arcs":[[-816,-765,825,826]],"id":1461,"properties":{"WD24CD":"E05009885","WD24NM":"Horncastle","LAD24CD":"E07000137"}},{"type":"Polygon","arcs":[[827,828,829,-752,830,-757]],"id":1462,"properties":{"WD24CD":"E05009886","WD24NM":"Ingoldmells","LAD24CD":"E07000137"}},{"type":"Polygon","arcs":[[831,-741,832,-818,833,-749,834,835,-800,-810]],"id":1463,"properties":{"WD24CD":"E05009887","WD24NM":"Legbourne","LAD24CD":"E07000137"}},{"type":"Polygon","arcs":[[836,-743,837,838]],"id":1464,"properties":{"WD24CD":"E05009888","WD24NM":"Mablethorpe","LAD24CD":"E07000137"}},{"type":"Polygon","arcs":[[839,-811,-808,840,841,842,843]],"id":1465,"properties":{"WD24CD":"E05009889","WD24NM":"Marshchapel & Somercotes","LAD24CD":"E07000137"}},{"type":"Polygon","arcs":[[844,845,-746,-804]],"id":1466,"properties":{"WD24CD":"E05009890","WD24NM":"North Holme","LAD24CD":"E07000137"}},{"type":"Polygon","arcs":[[846,847,848,-747,-846,849]],"id":1467,"properties":{"WD24CD":"E05009891","WD24NM":"Priory & St James'","LAD24CD":"E07000137"}},{"type":"Polygon","arcs":[[-826,-764,850,851,852,-586,853,854]],"id":1468,"properties":{"WD24CD":"E05009892","WD24NM":"Roughton","LAD24CD":"E07000137"}},{"type":"Polygon","arcs":[[855,856,-753,-830]],"id":1469,"properties":{"WD24CD":"E05009893","WD24NM":"St Clement's","LAD24CD":"E07000137"}},{"type":"Polygon","arcs":[[857,-850,-845,-803]],"id":1470,"properties":{"WD24CD":"E05009894","WD24NM":"St Margaret's","LAD24CD":"E07000137"}},{"type":"Polygon","arcs":[[858,-835,-748,-849]],"id":1471,"properties":{"WD24CD":"E05009895","WD24NM":"St Mary's","LAD24CD":"E07000137"}},{"type":"Polygon","arcs":[[-836,-859,-848,859,-801]],"id":1472,"properties":{"WD24CD":"E05009896","WD24NM":"St Michael's","LAD24CD":"E07000137"}},{"type":"Polygon","arcs":[[860,861,-777,-754,-857]],"id":1473,"properties":{"WD24CD":"E05009897","WD24NM":"Scarbrough & Seacroft","LAD24CD":"E07000137"}},{"type":"Polygon","arcs":[[-797,-549,-488,-509,-568,-761,-820]],"id":1474,"properties":{"WD24CD":"E05009898","WD24NM":"Sibsey & Stickney","LAD24CD":"E07000137"}},{"type":"Polygon","arcs":[[-821,-814]],"id":1475,"properties":{"WD24CD":"E05009899","WD24NM":"Spilsby","LAD24CD":"E07000137"}},{"type":"Polygon","arcs":[[862,-737,-837]],"id":1476,"properties":{"WD24CD":"E05009900","WD24NM":"Sutton on Sea","LAD24CD":"E07000137"}},{"type":"Polygon","arcs":[[-817,-827,-855,863,-750,-834]],"id":1477,"properties":{"WD24CD":"E05009901","WD24NM":"Tetford & Donington","LAD24CD":"E07000137"}},{"type":"MultiPolygon","arcs":[[[-843,842,864]],[[865]],[[-841,-807,-822,-867,867]]],"id":1478,"properties":{"WD24CD":"E05009902","WD24NM":"Tetney","LAD24CD":"E07000137"}},{"type":"Polygon","arcs":[[-860,-847,-858,-802]],"id":1479,"properties":{"WD24CD":"E05009903","WD24NM":"Trinity","LAD24CD":"E07000137"}},{"type":"MultiPolygon","arcs":[[[-793,868]],[[-795,869]],[[-779,870]],[[780,-781,871]],[[-783,782,872]],[[-785,784,873]],[[874,-775,875,-773,770,876,-767,877,-769,878,-791,-787]]],"id":1480,"properties":{"WD24CD":"E05009904","WD24NM":"Wainfleet","LAD24CD":"E07000137"}},{"type":"Polygon","arcs":[[-758,-831,-756,-790,-819,-812,-833,-740]],"id":1481,"properties":{"WD24CD":"E05009905","WD24NM":"Willoughby with Sloothby","LAD24CD":"E07000137"}},{"type":"Polygon","arcs":[[879,-861,-856,-829]],"id":1482,"properties":{"WD24CD":"E05009906","WD24NM":"Winthorpe","LAD24CD":"E07000137"}},{"type":"Polygon","arcs":[[-838,-742,-832,-809,-840,880]],"id":1483,"properties":{"WD24CD":"E05009907","WD24NM":"Withern & Theddlethorpe","LAD24CD":"E07000137"}},{"type":"Polygon","arcs":[[-763,881,-851]],"id":1484,"properties":{"WD24CD":"E05009908","WD24NM":"Woodhall Spa","LAD24CD":"E07000137"}},{"type":"Polygon","arcs":[[-751,-864,-854,-585,-638]],"id":1485,"properties":{"WD24CD":"E05009909","WD24NM":"Wragby","LAD24CD":"E07000137"}},{"type":"Polygon","arcs":[[882,883,884,885]],"id":1552,"properties":{"WD24CD":"E05010064","WD24NM":"Balderton South","LAD24CD":"E07000175"}},{"type":"Polygon","arcs":[[886,887,888]],"id":1553,"properties":{"WD24CD":"E05010066","WD24NM":"Bilsthorpe","LAD24CD":"E07000175"}},{"type":"Polygon","arcs":[[-379,889,890,891,-337]],"id":1554,"properties":{"WD24CD":"E05010067","WD24NM":"Boughton","LAD24CD":"E07000175"}},{"type":"Polygon","arcs":[[892,893,894,895,896]],"id":1555,"properties":{"WD24CD":"E05010068","WD24NM":"Bridge","LAD24CD":"E07000175"}},{"type":"Polygon","arcs":[[897,898,899,900,-897,901,902,903,904,905,-659,-650]],"id":1556,"properties":{"WD24CD":"E05010070","WD24NM":"Collingham","LAD24CD":"E07000175"}},{"type":"Polygon","arcs":[[-884,906,907,908]],"id":1557,"properties":{"WD24CD":"E05010071","WD24NM":"Devon","LAD24CD":"E07000175"}},{"type":"Polygon","arcs":[[909,910,911,912,913,-710,-678,914,915]],"id":1558,"properties":{"WD24CD":"E05010072","WD24NM":"Dover Beck","LAD24CD":"E07000175"}},{"type":"Polygon","arcs":[[916,917,918,919,920,921,922,923]],"id":1559,"properties":{"WD24CD":"E05010073","WD24NM":"Edwinstowe & Clipstone","LAD24CD":"E07000175"}},{"type":"Polygon","arcs":[[924,-916,925,926,-888]],"id":1560,"properties":{"WD24CD":"E05010075","WD24NM":"Farnsfield","LAD24CD":"E07000175"}},{"type":"Polygon","arcs":[[927,-732,-706,-914]],"id":1561,"properties":{"WD24CD":"E05010076","WD24NM":"Lowdham","LAD24CD":"E07000175"}},{"type":"Polygon","arcs":[[-902,-896,928,929,930,931]],"id":1562,"properties":{"WD24CD":"E05010077","WD24NM":"Muskham","LAD24CD":"E07000175"}},{"type":"Polygon","arcs":[[-338,-892,932,-924,933,-381]],"id":1563,"properties":{"WD24CD":"E05010078","WD24NM":"Ollerton","LAD24CD":"E07000175"}},{"type":"Polygon","arcs":[[934,935,-889,-927,936,937,938,-917,-933,-891]],"id":1564,"properties":{"WD24CD":"E05010079","WD24NM":"Rainworth North & Rufford","LAD24CD":"E07000175"}},{"type":"Polygon","arcs":[[-937,-926,-915,-677,-726,939,940,941]],"id":1565,"properties":{"WD24CD":"E05010080","WD24NM":"Rainworth South & Blidworth","LAD24CD":"E07000175"}},{"type":"Polygon","arcs":[[942,-931,943,-910,-925,-887,-936]],"id":1566,"properties":{"WD24CD":"E05010081","WD24NM":"Southwell","LAD24CD":"E07000175"}},{"type":"MultiPolygon","arcs":[[[944,-905]],[[945,-903,-932,-943,-935,-890,-378]]],"id":1567,"properties":{"WD24CD":"E05010082","WD24NM":"Sutton-on-Trent","LAD24CD":"E07000175"}},{"type":"Polygon","arcs":[[946,947,948,-911,-944,-930]],"id":1568,"properties":{"WD24CD":"E05010083","WD24NM":"Trent","LAD24CD":"E07000175"}},{"type":"Polygon","arcs":[[949,950,951,952,953,-31,-68,-955,955,-471]],"id":1569,"properties":{"WD24CD":"E05010090","WD24NM":"Appleby","LAD24CD":"E07000134"}},{"type":"Polygon","arcs":[[956,957,958,959]],"id":1570,"properties":{"WD24CD":"E05010091","WD24NM":"Ashby Castle","LAD24CD":"E07000134"}},{"type":"Polygon","arcs":[[960,961,-461]],"id":1571,"properties":{"WD24CD":"E05010092","WD24NM":"Ashby Holywell","LAD24CD":"E07000134"}},{"type":"Polygon","arcs":[[-962,962,963,964,-462]],"id":1572,"properties":{"WD24CD":"E05010093","WD24NM":"Ashby Ivanhoe","LAD24CD":"E07000134"}},{"type":"Polygon","arcs":[[965,-960,966,-963,-961,-460,967]],"id":1573,"properties":{"WD24CD":"E05010094","WD24NM":"Ashby Money Hill","LAD24CD":"E07000134"}},{"type":"Polygon","arcs":[[-959,968,969,970,971,972,-964,-967]],"id":1574,"properties":{"WD24CD":"E05010095","WD24NM":"Ashby Willesley","LAD24CD":"E07000134"}},{"type":"Polygon","arcs":[[973,-972,974,-469,-419,-481]],"id":1575,"properties":{"WD24CD":"E05010096","WD24NM":"Ashby Woulds","LAD24CD":"E07000134"}},{"type":"Polygon","arcs":[[-55,975,976,977,978,979]],"id":1576,"properties":{"WD24CD":"E05010097","WD24NM":"Bardon","LAD24CD":"E07000134"}},{"type":"Polygon","arcs":[[-965,-973,-974,-480,-463]],"id":1577,"properties":{"WD24CD":"E05010098","WD24NM":"Blackfordby","LAD24CD":"E07000134"}},{"type":"Polygon","arcs":[[980,981,982,983,984]],"id":1578,"properties":{"WD24CD":"E05010099","WD24NM":"Broom Leys","LAD24CD":"E07000134"}},{"type":"Polygon","arcs":[[985,986,987,988,989]],"id":1579,"properties":{"WD24CD":"E05010100","WD24NM":"Castle Donington Castle","LAD24CD":"E07000134"}},{"type":"Polygon","arcs":[[-989,990,-407,991]],"id":1580,"properties":{"WD24CD":"E05010101","WD24NM":"Castle Donington Central","LAD24CD":"E07000134"}},{"type":"Polygon","arcs":[[-988,992,-447,-408,-991]],"id":1581,"properties":{"WD24CD":"E05010102","WD24NM":"Castle Donington Park","LAD24CD":"E07000134"}},{"type":"Polygon","arcs":[[993,994,995,996,-56,-980,997,-981,998,999,1000,1001,1002]],"id":1582,"properties":{"WD24CD":"E05010103","WD24NM":"Castle Rock","LAD24CD":"E07000134"}},{"type":"Polygon","arcs":[[1003,-978,1004,1005,-983]],"id":1583,"properties":{"WD24CD":"E05010104","WD24NM":"Coalville East","LAD24CD":"E07000134"}},{"type":"Polygon","arcs":[[1006,-1006,1007,1008,1009,1010,1011]],"id":1584,"properties":{"WD24CD":"E05010105","WD24NM":"Coalville West","LAD24CD":"E07000134"}},{"type":"Polygon","arcs":[[1012,1013,1014,1015,-990,-992,-406,1016,1017]],"id":1585,"properties":{"WD24CD":"E05010106","WD24NM":"Daleacre Hill","LAD24CD":"E07000134"}},{"type":"Polygon","arcs":[[-54,1018,1019,1020,-976]],"id":1586,"properties":{"WD24CD":"E05010107","WD24NM":"Ellistown & Battleflat","LAD24CD":"E07000134"}},{"type":"Polygon","arcs":[[-979,-1004,-982,-998]],"id":1587,"properties":{"WD24CD":"E05010108","WD24NM":"Greenhill","LAD24CD":"E07000134"}},{"type":"Polygon","arcs":[[1021,-984,-1007,1022]],"id":1588,"properties":{"WD24CD":"E05010109","WD24NM":"Hermitage","LAD24CD":"E07000134"}},{"type":"Polygon","arcs":[[-985,-1022,1023,-999]],"id":1589,"properties":{"WD24CD":"E05010110","WD24NM":"Holly Hayes","LAD24CD":"E07000134"}},{"type":"Polygon","arcs":[[-977,-1021,1024,1025,1026,-1008,-1005]],"id":1590,"properties":{"WD24CD":"E05010111","WD24NM":"Hugglescote St John's","LAD24CD":"E07000134"}},{"type":"Polygon","arcs":[[1027,-1009,-1027,1028]],"id":1591,"properties":{"WD24CD":"E05010112","WD24NM":"Hugglescote St Mary's","LAD24CD":"E07000134"}},{"type":"Polygon","arcs":[[-53,-62,-14,1029,1030,-1019]],"id":1592,"properties":{"WD24CD":"E05010113","WD24NM":"Ibstock East","LAD24CD":"E07000134"}},{"type":"Polygon","arcs":[[-1030,-13,-28,1031]],"id":1593,"properties":{"WD24CD":"E05010114","WD24NM":"Ibstock West","LAD24CD":"E07000134"}},{"type":"Polygon","arcs":[[1032,1033,-1015]],"id":1594,"properties":{"WD24CD":"E05010115","WD24NM":"Kegworth","LAD24CD":"E07000134"}},{"type":"Polygon","arcs":[[-1034,1034,1035,1036,1037,-1002,1038,1039,1040,-986,-1016]],"id":1595,"properties":{"WD24CD":"E05010116","WD24NM":"Long Whatton & Diseworth","LAD24CD":"E07000134"}},{"type":"Polygon","arcs":[[1041,-952,1042,1043,-970]],"id":1596,"properties":{"WD24CD":"E05010117","WD24NM":"Measham North","LAD24CD":"E07000134"}},{"type":"Polygon","arcs":[[-1043,-951,1044]],"id":1597,"properties":{"WD24CD":"E05010118","WD24NM":"Measham South","LAD24CD":"E07000134"}},{"type":"Polygon","arcs":[[-971,-1044,-1045,-950,-470,-975]],"id":1598,"properties":{"WD24CD":"E05010119","WD24NM":"Oakthorpe & Donisthorpe","LAD24CD":"E07000134"}},{"type":"Polygon","arcs":[[1045,1046,-1029,-1026,1047,-953,-1042,-969,-958,1048]],"id":1599,"properties":{"WD24CD":"E05010120","WD24NM":"Ravenstone & Packington","LAD24CD":"E07000134"}},{"type":"Polygon","arcs":[[-1025,-1020,-1031,-1032,-32,-954,-1048]],"id":1600,"properties":{"WD24CD":"E05010121","WD24NM":"Sence Valley","LAD24CD":"E07000134"}},{"type":"Polygon","arcs":[[1049,-1046,1050,1051,-1011]],"id":1601,"properties":{"WD24CD":"E05010122","WD24NM":"Snibston North","LAD24CD":"E07000134"}},{"type":"Polygon","arcs":[[-1010,-1028,-1047,-1050]],"id":1602,"properties":{"WD24CD":"E05010123","WD24NM":"Snibston South","LAD24CD":"E07000134"}},{"type":"Polygon","arcs":[[-1024,-1023,-1012,-1052,1052,1053,-1000]],"id":1603,"properties":{"WD24CD":"E05010124","WD24NM":"Thornborough","LAD24CD":"E07000134"}},{"type":"Polygon","arcs":[[-1039,-1001,-1054,1054]],"id":1604,"properties":{"WD24CD":"E05010125","WD24NM":"Thringstone","LAD24CD":"E07000134"}},{"type":"Polygon","arcs":[[-1055,-1053,-1051,-1049,-957,-966,1055,-1040]],"id":1605,"properties":{"WD24CD":"E05010126","WD24NM":"Valley","LAD24CD":"E07000134"}},{"type":"Polygon","arcs":[[-987,-1041,-1056,-968,-459,-448,-993]],"id":1606,"properties":{"WD24CD":"E05010127","WD24NM":"Worthington & Breedon","LAD24CD":"E07000134"}},{"type":"Polygon","arcs":[[-178,-280,1056,1057,1058,1059]],"id":1627,"properties":{"WD24CD":"E05010148","WD24NM":"Aveland","LAD24CD":"E07000141"}},{"type":"Polygon","arcs":[[1060,1061,1062,1063,1064,1065]],"id":1628,"properties":{"WD24CD":"E05010149","WD24NM":"Belmont","LAD24CD":"E07000141"}},{"type":"Polygon","arcs":[[1066,1067,1068,1069,1070,1071,-79,-74,1072]],"id":1629,"properties":{"WD24CD":"E05010150","WD24NM":"Belvoir","LAD24CD":"E07000141"}},{"type":"Polygon","arcs":[[-174,1073,1074,1075,1076,1077]],"id":1630,"properties":{"WD24CD":"E05010151","WD24NM":"Bourne Austerby","LAD24CD":"E07000141"}},{"type":"Polygon","arcs":[[-175,-1078,1078,1079,-278]],"id":1631,"properties":{"WD24CD":"E05010152","WD24NM":"Bourne East","LAD24CD":"E07000141"}},{"type":"Polygon","arcs":[[-1079,-1077,1080,1081]],"id":1632,"properties":{"WD24CD":"E05010153","WD24NM":"Bourne West","LAD24CD":"E07000141"}},{"type":"Polygon","arcs":[[1082,1083,1084,1085,1086,1087,-172]],"id":1633,"properties":{"WD24CD":"E05010154","WD24NM":"Casewick","LAD24CD":"E07000141"}},{"type":"Polygon","arcs":[[1088,-1081,-1076,1089,1090,1091,-1058]],"id":1634,"properties":{"WD24CD":"E05010155","WD24NM":"Castle","LAD24CD":"E07000141"}},{"type":"Polygon","arcs":[[-170,1092,1093,1094]],"id":1635,"properties":{"WD24CD":"E05010156","WD24NM":"Deeping St James","LAD24CD":"E07000141"}},{"type":"Polygon","arcs":[[-173,-1088,1095,1096,-1074]],"id":1636,"properties":{"WD24CD":"E05010157","WD24NM":"Dole Wood","LAD24CD":"E07000141"}},{"type":"Polygon","arcs":[[-1075,-1097,1097,1098,1099,-1090]],"id":1637,"properties":{"WD24CD":"E05010158","WD24NM":"Glen","LAD24CD":"E07000141"}},{"type":"Polygon","arcs":[[1100,1101,-1068,1102]],"id":1638,"properties":{"WD24CD":"E05010159","WD24NM":"Grantham Arnoldfield","LAD24CD":"E07000141"}},{"type":"Polygon","arcs":[[1103,1104,-1069,-1102]],"id":1639,"properties":{"WD24CD":"E05010160","WD24NM":"Grantham Barrowby Gate","LAD24CD":"E07000141"}},{"type":"Polygon","arcs":[[1105,1106,-1070,-1105]],"id":1640,"properties":{"WD24CD":"E05010161","WD24NM":"Grantham Earlesfield","LAD24CD":"E07000141"}},{"type":"Polygon","arcs":[[1107,1108,1109,-1065]],"id":1641,"properties":{"WD24CD":"E05010162","WD24NM":"Grantham Harrowby","LAD24CD":"E07000141"}},{"type":"Polygon","arcs":[[-1064,1110,1111,-1108]],"id":1642,"properties":{"WD24CD":"E05010163","WD24NM":"Grantham St Vincent's","LAD24CD":"E07000141"}},{"type":"Polygon","arcs":[[-1109,-1112,-1106,-1104,-1101,1112]],"id":1643,"properties":{"WD24CD":"E05010164","WD24NM":"Grantham St Wulfram's","LAD24CD":"E07000141"}},{"type":"Polygon","arcs":[[-1063,1113,-1071,-1107,-1111]],"id":1644,"properties":{"WD24CD":"E05010165","WD24NM":"Grantham Springfield","LAD24CD":"E07000141"}},{"type":"Polygon","arcs":[[1114,-1091,-1100,1115,-128,-80,-1072,-1114,-1062]],"id":1645,"properties":{"WD24CD":"E05010166","WD24NM":"Isaac Newton","LAD24CD":"E07000141"}},{"type":"Polygon","arcs":[[1116,1117,-1059,-1092,-1115,-1061,1118,1119]],"id":1646,"properties":{"WD24CD":"E05010167","WD24NM":"Lincrest","LAD24CD":"E07000141"}},{"type":"Polygon","arcs":[[1120,1121,1122,1123]],"id":1647,"properties":{"WD24CD":"E05010168","WD24NM":"Loveden Heath","LAD24CD":"E07000141"}},{"type":"Polygon","arcs":[[-1095,1124,1125,-1083,-171]],"id":1648,"properties":{"WD24CD":"E05010169","WD24NM":"Market & West Deeping","LAD24CD":"E07000141"}},{"type":"Polygon","arcs":[[-1080,-1082,-1089,-1057,-279]],"id":1649,"properties":{"WD24CD":"E05010170","WD24NM":"Morton","LAD24CD":"E07000141"}},{"type":"Polygon","arcs":[[-1119,-1066,-1110,-1113,-1103,-1067,1126,-1122,1127]],"id":1650,"properties":{"WD24CD":"E05010171","WD24NM":"Peascliffe & Ridgeway","LAD24CD":"E07000141"}},{"type":"Polygon","arcs":[[1128,1129,1130,1131]],"id":1651,"properties":{"WD24CD":"E05010172","WD24NM":"Stamford All Saints","LAD24CD":"E07000141"}},{"type":"Polygon","arcs":[[-1086,1132,-1132,1133]],"id":1652,"properties":{"WD24CD":"E05010173","WD24NM":"Stamford St George's","LAD24CD":"E07000141"}},{"type":"Polygon","arcs":[[-1130,1134,1135,1136,1137,1138]],"id":1653,"properties":{"WD24CD":"E05010174","WD24NM":"Stamford St John's","LAD24CD":"E07000141"}},{"type":"Polygon","arcs":[[1139,-1135,-1129,-1133,-1085]],"id":1654,"properties":{"WD24CD":"E05010175","WD24NM":"Stamford St Mary's","LAD24CD":"E07000141"}},{"type":"Polygon","arcs":[[-179,-1060,-1118,1140]],"id":1655,"properties":{"WD24CD":"E05010176","WD24NM":"Toller","LAD24CD":"E07000141"}},{"type":"Polygon","arcs":[[1141,-1123,-1127,-1073,-73,1142,1143]],"id":1656,"properties":{"WD24CD":"E05010177","WD24NM":"Viking","LAD24CD":"E07000141"}},{"type":"Polygon","arcs":[[1144,1145,1146,1147,1148,1149,1150]],"id":1817,"properties":{"WD24CD":"E05010458","WD24NM":"Abbey","LAD24CD":"E06000016"}},{"type":"Polygon","arcs":[[1151,1152,1153,1154,1155,1156,1157]],"id":1818,"properties":{"WD24CD":"E05010459","WD24NM":"Aylestone","LAD24CD":"E06000016"}},{"type":"Polygon","arcs":[[1158,-1150,1159,1160,1161,1162,1163]],"id":1819,"properties":{"WD24CD":"E05010460","WD24NM":"Beaumont Leys","LAD24CD":"E06000016"}},{"type":"Polygon","arcs":[[1164,1165,1166,-1146,1167]],"id":1820,"properties":{"WD24CD":"E05010461","WD24NM":"Belgrave","LAD24CD":"E06000016"}},{"type":"Polygon","arcs":[[1168,1169,-1157,1170,1171,1172,1173,1174]],"id":1821,"properties":{"WD24CD":"E05010462","WD24NM":"Braunstone Park & Rowley Fields","LAD24CD":"E06000016"}},{"type":"Polygon","arcs":[[1175,1176,1177,1178,1179,-1148]],"id":1822,"properties":{"WD24CD":"E05010463","WD24NM":"Castle","LAD24CD":"E06000016"}},{"type":"Polygon","arcs":[[1180,1181,1182,-139,1183,1184,1185]],"id":1823,"properties":{"WD24CD":"E05010464","WD24NM":"Evington","LAD24CD":"E06000016"}},{"type":"Polygon","arcs":[[1186,-159,-152,1187,-1152,1188]],"id":1824,"properties":{"WD24CD":"E05010465","WD24NM":"Eyres Monsell","LAD24CD":"E06000016"}},{"type":"Polygon","arcs":[[1189,1190,-1160,-1149]],"id":1825,"properties":{"WD24CD":"E05010466","WD24NM":"Fosse","LAD24CD":"E06000016"}},{"type":"Polygon","arcs":[[1191,1192,1193,-1181,1194,1195]],"id":1826,"properties":{"WD24CD":"E05010467","WD24NM":"Humberstone & Hamilton","LAD24CD":"E06000016"}},{"type":"Polygon","arcs":[[-137,-143,-164,-160,-1187,1196,-1178,1197]],"id":1827,"properties":{"WD24CD":"E05010468","WD24NM":"Knighton","LAD24CD":"E06000016"}},{"type":"Polygon","arcs":[[-1195,-1186,1198,1199,-1166,1200]],"id":1828,"properties":{"WD24CD":"E05010469","WD24NM":"North Evington","LAD24CD":"E06000016"}},{"type":"Polygon","arcs":[[1201,1202,-1168,-1145,1203]],"id":1829,"properties":{"WD24CD":"E05010470","WD24NM":"Rushey Mead","LAD24CD":"E06000016"}},{"type":"Polygon","arcs":[[-1197,-1189,-1158,-1170,1204,-1179]],"id":1830,"properties":{"WD24CD":"E05010471","WD24NM":"Saffron","LAD24CD":"E06000016"}},{"type":"Polygon","arcs":[[-1199,-1185,1205,1206]],"id":1831,"properties":{"WD24CD":"E05010472","WD24NM":"Spinney Hills","LAD24CD":"E06000016"}},{"type":"Polygon","arcs":[[-1206,-1184,-138,-1198,-1177,1207]],"id":1832,"properties":{"WD24CD":"E05010473","WD24NM":"Stoneygate","LAD24CD":"E06000016"}},{"type":"Polygon","arcs":[[1208,-1182,-1194]],"id":1833,"properties":{"WD24CD":"E05010474","WD24NM":"Thurncourt","LAD24CD":"E06000016"}},{"type":"Polygon","arcs":[[1209,-1196,-1201,-1165,-1203,1210]],"id":1834,"properties":{"WD24CD":"E05010475","WD24NM":"Troon","LAD24CD":"E06000016"}},{"type":"Polygon","arcs":[[-1180,-1205,-1169,1211,-1190]],"id":1835,"properties":{"WD24CD":"E05010476","WD24NM":"Westcotes","LAD24CD":"E06000016"}},{"type":"Polygon","arcs":[[-1191,-1212,-1175,1212,1213,1214,-1161]],"id":1836,"properties":{"WD24CD":"E05010477","WD24NM":"Western","LAD24CD":"E06000016"}},{"type":"Polygon","arcs":[[-1200,-1207,-1208,-1176,-1147,-1167]],"id":1837,"properties":{"WD24CD":"E05010478","WD24NM":"Wycliffe","LAD24CD":"E06000016"}},{"type":"Polygon","arcs":[[1215,1216,1217,1218,1219,1220,1221,1222]],"id":1873,"properties":{"WD24CD":"E05010514","WD24NM":"Attenborough & Chilwell East","LAD24CD":"E07000172"}},{"type":"Polygon","arcs":[[1223,1224,1225,1226]],"id":1874,"properties":{"WD24CD":"E05010516","WD24NM":"Beeston Central","LAD24CD":"E07000172"}},{"type":"Polygon","arcs":[[1227,-1226,1228,1229,1230]],"id":1875,"properties":{"WD24CD":"E05010517","WD24NM":"Beeston North","LAD24CD":"E07000172"}},{"type":"Polygon","arcs":[[1231,-1217,1232,-1224,1233]],"id":1876,"properties":{"WD24CD":"E05010518","WD24NM":"Beeston Rylands","LAD24CD":"E07000172"}},{"type":"Polygon","arcs":[[-1225,-1233,-1216,1234,-1229]],"id":1877,"properties":{"WD24CD":"E05010519","WD24NM":"Beeston West","LAD24CD":"E07000172"}},{"type":"Polygon","arcs":[[1235,1236,1237,1238,1239,1240]],"id":1878,"properties":{"WD24CD":"E05010521","WD24NM":"Brinsley","LAD24CD":"E07000172"}},{"type":"Polygon","arcs":[[-1222,1241,1242]],"id":1879,"properties":{"WD24CD":"E05010522","WD24NM":"Chilwell West","LAD24CD":"E07000172"}},{"type":"Polygon","arcs":[[1243,1244,1245,1246,-1238]],"id":1880,"properties":{"WD24CD":"E05010523","WD24NM":"Eastwood Hall","LAD24CD":"E07000172"}},{"type":"Polygon","arcs":[[1247,1248,-1245]],"id":1881,"properties":{"WD24CD":"E05010524","WD24NM":"Eastwood Hilltop","LAD24CD":"E07000172"}},{"type":"Polygon","arcs":[[-1249,1249,1250,1251,-1246]],"id":1882,"properties":{"WD24CD":"E05010525","WD24NM":"Eastwood St Mary's","LAD24CD":"E07000172"}},{"type":"Polygon","arcs":[[1252,1253,1254,1255]],"id":1883,"properties":{"WD24CD":"E05010531","WD24NM":"Stapleford South West","LAD24CD":"E07000172"}},{"type":"Polygon","arcs":[[-1242,-1221,1256,1257,1258,-1254,1259,1260]],"id":1884,"properties":{"WD24CD":"E05010532","WD24NM":"Toton & Chilwell Meadows","LAD24CD":"E07000172"}},{"type":"Polygon","arcs":[[1261,1262,1263,1264]],"id":1885,"properties":{"WD24CD":"E05010533","WD24NM":"Watnall & Nuthall West","LAD24CD":"E07000172"}},{"type":"Polygon","arcs":[[1265,1266,1267,1268,1269]],"id":1904,"properties":{"WD24CD":"E05010604","WD24NM":"Awsworth Road","LAD24CD":"E07000036"}},{"type":"Polygon","arcs":[[1270,1271,1272,-1017,-405,1273]],"id":1905,"properties":{"WD24CD":"E05010605","WD24NM":"Breaston","LAD24CD":"E07000036"}},{"type":"Polygon","arcs":[[1274,-1269,1275,1276,1277]],"id":1906,"properties":{"WD24CD":"E05010606","WD24NM":"Cotmanhay","LAD24CD":"E07000036"}},{"type":"Polygon","arcs":[[-1258,1278,1279,1280,1281]],"id":1907,"properties":{"WD24CD":"E05010607","WD24NM":"Derby Road East","LAD24CD":"E07000036"}},{"type":"Polygon","arcs":[[-1281,1282,1283,-1271,1284,1285]],"id":1908,"properties":{"WD24CD":"E05010608","WD24NM":"Derby Road West","LAD24CD":"E07000036"}},{"type":"Polygon","arcs":[[-1285,-1274,-404,1286,1287,1288,1289]],"id":1909,"properties":{"WD24CD":"E05010609","WD24NM":"Draycott & Risley","LAD24CD":"E07000036"}},{"type":"Polygon","arcs":[[1290,1291,1292,1293]],"id":1910,"properties":{"WD24CD":"E05010610","WD24NM":"Hallam Fields","LAD24CD":"E07000036"}},{"type":"Polygon","arcs":[[1294,-1292,1295,1296,1297,-1289,1298]],"id":1911,"properties":{"WD24CD":"E05010611","WD24NM":"Kirk Hallam & Stanton-by-Dale","LAD24CD":"E07000036"}},{"type":"Polygon","arcs":[[-1294,1299,-1266,1300]],"id":1912,"properties":{"WD24CD":"E05010612","WD24NM":"Larklands","LAD24CD":"E07000036"}},{"type":"Polygon","arcs":[[1301,1302,1303,1304,1305,1306,1307,1308,1309,1310]],"id":1913,"properties":{"WD24CD":"E05010613","WD24NM":"Little Eaton & Stanley","LAD24CD":"E07000036"}},{"type":"Polygon","arcs":[[-1267,-1300,-1293,-1295,1311,1312,1313]],"id":1914,"properties":{"WD24CD":"E05010614","WD24NM":"Little Hallam","LAD24CD":"E07000036"}},{"type":"Polygon","arcs":[[1314,1315,1316,-1283,-1280]],"id":1915,"properties":{"WD24CD":"E05010615","WD24NM":"Long Eaton Central","LAD24CD":"E07000036"}},{"type":"Polygon","arcs":[[-1220,1317,1318,-1315,-1279,-1257]],"id":1916,"properties":{"WD24CD":"E05010616","WD24NM":"Nottingham Road","LAD24CD":"E07000036"}},{"type":"Polygon","arcs":[[-1287,-417,1319,1320]],"id":1917,"properties":{"WD24CD":"E05010617","WD24NM":"Ockbrook & Borrowash","LAD24CD":"E07000036"}},{"type":"Polygon","arcs":[[-1255,-1259,-1282,-1286,-1290,-1298,1321]],"id":1918,"properties":{"WD24CD":"E05010618","WD24NM":"Sandiacre","LAD24CD":"E07000036"}},{"type":"Polygon","arcs":[[-1316,-1319,1322,-1018,-1273,1323]],"id":1919,"properties":{"WD24CD":"E05010619","WD24NM":"Sawley","LAD24CD":"E07000036"}},{"type":"Polygon","arcs":[[-1276,-1268,-1314,1324]],"id":1920,"properties":{"WD24CD":"E05010620","WD24NM":"Shipley View","LAD24CD":"E07000036"}},{"type":"Polygon","arcs":[[-1312,-1299,-1288,-1321,1325,-1303,1326]],"id":1921,"properties":{"WD24CD":"E05010621","WD24NM":"West Hallam & Dale Abbey","LAD24CD":"E07000036"}},{"type":"Polygon","arcs":[[-1317,-1324,-1272,-1284]],"id":1922,"properties":{"WD24CD":"E05010622","WD24NM":"Wilsthorpe","LAD24CD":"E07000036"}},{"type":"Polygon","arcs":[[1327,1328,1329,1330]],"id":1923,"properties":{"WD24CD":"E05010623","WD24NM":"Barms","LAD24CD":"E07000037"}},{"type":"Polygon","arcs":[[1331,1332,1333,1334,1335,1336,1337,1338,1339]],"id":1924,"properties":{"WD24CD":"E05010624","WD24NM":"Blackbrook","LAD24CD":"E07000037"}},{"type":"Polygon","arcs":[[-1336,1340,1341,1342,1343,-1345,-1346,-1347,1347]],"id":1925,"properties":{"WD24CD":"E05010625","WD24NM":"Burbage","LAD24CD":"E07000037"}},{"type":"Polygon","arcs":[[-1329,1348,1349,1350,1351]],"id":1926,"properties":{"WD24CD":"E05010626","WD24NM":"Buxton Central","LAD24CD":"E07000037"}},{"type":"Polygon","arcs":[[1352,1353,-1332,1354]],"id":1927,"properties":{"WD24CD":"E05010627","WD24NM":"Chapel East","LAD24CD":"E07000037"}},{"type":"Polygon","arcs":[[-1354,1355,-1333]],"id":1928,"properties":{"WD24CD":"E05010628","WD24NM":"Chapel West","LAD24CD":"E07000037"}},{"type":"Polygon","arcs":[[1356,-1330,-1352,1357,-1341,-1335]],"id":1929,"properties":{"WD24CD":"E05010629","WD24NM":"Corbar","LAD24CD":"E07000037"}},{"type":"Polygon","arcs":[[1358,1359,1360,-1343,1361,-1350]],"id":1930,"properties":{"WD24CD":"E05010630","WD24NM":"Cote Heath","LAD24CD":"E07000037"}},{"type":"Polygon","arcs":[[1362,1363,1364,1365,1366,1367]],"id":1931,"properties":{"WD24CD":"E05010631","WD24NM":"Dinting","LAD24CD":"E07000037"}},{"type":"Polygon","arcs":[[1368,1369,1370]],"id":1932,"properties":{"WD24CD":"E05010632","WD24NM":"Gamesley","LAD24CD":"E07000037"}},{"type":"Polygon","arcs":[[1371,1372,1373,1374]],"id":1933,"properties":{"WD24CD":"E05010633","WD24NM":"Hadfield North","LAD24CD":"E07000037"}},{"type":"Polygon","arcs":[[1375,-1367,1376,1377,-1371,1378,-1373]],"id":1934,"properties":{"WD24CD":"E05010634","WD24NM":"Hadfield South","LAD24CD":"E07000037"}},{"type":"Polygon","arcs":[[1379,-1339,1380,1381,1382]],"id":1935,"properties":{"WD24CD":"E05010635","WD24NM":"Hayfield","LAD24CD":"E07000037"}},{"type":"Polygon","arcs":[[1383,1384,1385,1386,1387,1388,-1355,-1340,-1380,1389]],"id":1936,"properties":{"WD24CD":"E05010636","WD24NM":"Hope Valley","LAD24CD":"E07000037"}},{"type":"Polygon","arcs":[[1390,1391,1392,-1365]],"id":1937,"properties":{"WD24CD":"E05010637","WD24NM":"Howard Town","LAD24CD":"E07000037"}},{"type":"Polygon","arcs":[[-1389,1393,1394,-1360,1395,-1331,-1357,-1334,-1356,-1353]],"id":1938,"properties":{"WD24CD":"E05010638","WD24NM":"Limestone Peak","LAD24CD":"E07000037"}},{"type":"Polygon","arcs":[[-1381,-1338,1396,1397,1398]],"id":1939,"properties":{"WD24CD":"E05010639","WD24NM":"New Mills East","LAD24CD":"E07000037"}},{"type":"Polygon","arcs":[[-1398,1399,-1401,1401,1402,1403]],"id":1940,"properties":{"WD24CD":"E05010640","WD24NM":"New Mills West","LAD24CD":"E07000037"}},{"type":"Polygon","arcs":[[1404,-1391,-1364,1405]],"id":1941,"properties":{"WD24CD":"E05010641","WD24NM":"Old Glossop","LAD24CD":"E07000037"}},{"type":"Polygon","arcs":[[-1368,-1376,-1372,1406,1407]],"id":1942,"properties":{"WD24CD":"E05010642","WD24NM":"Padfield","LAD24CD":"E07000037"}},{"type":"Polygon","arcs":[[-1409,-1390,-1383,1409,1410,1411,1412,-1369,-1378,1413,1414,-1406,-1363,-1408,1415]],"id":1943,"properties":{"WD24CD":"E05010643","WD24NM":"St John's","LAD24CD":"E07000037"}},{"type":"Polygon","arcs":[[-1382,-1399,-1404,1416,-1410]],"id":1944,"properties":{"WD24CD":"E05010644","WD24NM":"Sett","LAD24CD":"E07000037"}},{"type":"Polygon","arcs":[[-1393,1417,-1414,-1377,-1366]],"id":1945,"properties":{"WD24CD":"E05010645","WD24NM":"Simmondley","LAD24CD":"E07000037"}},{"type":"Polygon","arcs":[[-1359,-1349,-1328,-1396]],"id":1946,"properties":{"WD24CD":"E05010646","WD24NM":"Stone Bench","LAD24CD":"E07000037"}},{"type":"Polygon","arcs":[[-1351,-1362,-1342,-1358]],"id":1947,"properties":{"WD24CD":"E05010647","WD24NM":"Temple","LAD24CD":"E07000037"}},{"type":"Polygon","arcs":[[-1419,-1416,-1407,-1375,1419,1420,1421,-1423]],"id":1948,"properties":{"WD24CD":"E05010648","WD24NM":"Tintwistle","LAD24CD":"E07000037"}},{"type":"Polygon","arcs":[[-1397,-1337,-1348,-1424,-1425,-1400]],"id":1949,"properties":{"WD24CD":"E05010649","WD24NM":"Whaley Bridge","LAD24CD":"E07000037"}},{"type":"Polygon","arcs":[[-1405,-1415,-1418,-1392]],"id":1950,"properties":{"WD24CD":"E05010650","WD24NM":"Whitfield","LAD24CD":"E07000037"}},{"type":"Polygon","arcs":[[1425,1426,1427]],"id":1973,"properties":{"WD24CD":"E05010673","WD24NM":"Abbey Hill","LAD24CD":"E07000170"}},{"type":"Polygon","arcs":[[1428,-723,1429,1430,1431,1432,1433]],"id":1974,"properties":{"WD24CD":"E05010674","WD24NM":"Annesley & Kirkby Woodhouse","LAD24CD":"E07000170"}},{"type":"Polygon","arcs":[[1434,1435,1436,1437]],"id":1975,"properties":{"WD24CD":"E05010675","WD24NM":"Ashfields","LAD24CD":"E07000170"}},{"type":"Polygon","arcs":[[1438,1439,1440,1441,1442]],"id":1976,"properties":{"WD24CD":"E05010676","WD24NM":"Carsic","LAD24CD":"E07000170"}},{"type":"Polygon","arcs":[[1443,1444,1445,1446,1447,-1440,1448,1449]],"id":1977,"properties":{"WD24CD":"E05010677","WD24NM":"Sutton Central & New Cross","LAD24CD":"E07000170"}},{"type":"Polygon","arcs":[[1450,1451,1452]],"id":1978,"properties":{"WD24CD":"E05010678","WD24NM":"Hucknall Central","LAD24CD":"E07000170"}},{"type":"Polygon","arcs":[[1453,-1453,1454,-721]],"id":1979,"properties":{"WD24CD":"E05010679","WD24NM":"Hucknall North","LAD24CD":"E07000170"}},{"type":"Polygon","arcs":[[-670,1455,1456,-1451,-1454,-720]],"id":1980,"properties":{"WD24CD":"E05010680","WD24NM":"Hucknall South","LAD24CD":"E07000170"}},{"type":"Polygon","arcs":[[-1455,-1452,-1457,1457,1458,-1262,1459,-1430,-722]],"id":1981,"properties":{"WD24CD":"E05010681","WD24NM":"Hucknall West","LAD24CD":"E07000170"}},{"type":"Polygon","arcs":[[-1442,1460,-1438,1461,1462,1463,1464]],"id":1982,"properties":{"WD24CD":"E05010682","WD24NM":"Huthwaite & Brierley","LAD24CD":"E07000170"}},{"type":"Polygon","arcs":[[1465,-1241,1466,1467,1468]],"id":1983,"properties":{"WD24CD":"E05010683","WD24NM":"Jacksdale & Westwood","LAD24CD":"E07000170"}},{"type":"Polygon","arcs":[[-1426,1469,-724,-1429,1470,1471]],"id":1984,"properties":{"WD24CD":"E05010684","WD24NM":"Kingsway","LAD24CD":"E07000170"}},{"type":"Polygon","arcs":[[1472,-1471,-1434,1473,1474,1475]],"id":1985,"properties":{"WD24CD":"E05010685","WD24NM":"Kirkby Cross & Portland","LAD24CD":"E07000170"}},{"type":"Polygon","arcs":[[-1476,1476,1477,-1462,-1437,1478,-1446,1479]],"id":1986,"properties":{"WD24CD":"E05010686","WD24NM":"Larwood","LAD24CD":"E07000170"}},{"type":"Polygon","arcs":[[-1479,-1436,1480,-1447]],"id":1987,"properties":{"WD24CD":"E05010687","WD24NM":"Leamington","LAD24CD":"E07000170"}},{"type":"Polygon","arcs":[[-1441,-1448,-1481,-1435,-1461]],"id":1988,"properties":{"WD24CD":"E05010688","WD24NM":"Sutton St Mary's","LAD24CD":"E07000170"}},{"type":"Polygon","arcs":[[-1433,1481,-1469,1482,1483,-1474]],"id":1989,"properties":{"WD24CD":"E05010689","WD24NM":"Selston","LAD24CD":"E07000170"}},{"type":"Polygon","arcs":[[1484,1485,1486,-1450,1487,1488,1489]],"id":1990,"properties":{"WD24CD":"E05010690","WD24NM":"Skegby","LAD24CD":"E07000170"}},{"type":"Polygon","arcs":[[1490,-1489,1491,-1443,-1465,1492,1493,1494]],"id":1991,"properties":{"WD24CD":"E05010691","WD24NM":"Stanton Hill & Teversal","LAD24CD":"E07000170"}},{"type":"Polygon","arcs":[[-1427,-1472,-1473,-1480,-1445,1495]],"id":1992,"properties":{"WD24CD":"E05010692","WD24NM":"Greenwood & Summit","LAD24CD":"E07000170"}},{"type":"Polygon","arcs":[[1496,1497,-940,-725,-1470,-1428,-1496,-1444,-1487,1498]],"id":1993,"properties":{"WD24CD":"E05010693","WD24NM":"Sutton Junction & Harlow Wood","LAD24CD":"E07000170"}},{"type":"Polygon","arcs":[[-1449,-1439,-1492,-1488]],"id":1994,"properties":{"WD24CD":"E05010694","WD24NM":"The Dales","LAD24CD":"E07000170"}},{"type":"Polygon","arcs":[[-1432,1499,-1236,-1466,-1482]],"id":1995,"properties":{"WD24CD":"E05010695","WD24NM":"Underwood","LAD24CD":"E07000170"}},{"type":"Polygon","arcs":[[-600,1500,1501,1502,1503,1504]],"id":2054,"properties":{"WD24CD":"E05010784","WD24NM":"Abbey","LAD24CD":"E07000138"}},{"type":"Polygon","arcs":[[1505,1506,1507]],"id":2055,"properties":{"WD24CD":"E05010785","WD24NM":"Birchwood","LAD24CD":"E07000138"}},{"type":"Polygon","arcs":[[1508,1509,1510,-1506,1511,1512]],"id":2056,"properties":{"WD24CD":"E05010786","WD24NM":"Boultham","LAD24CD":"E07000138"}},{"type":"Polygon","arcs":[[1513,-1503,-1513,1514,-648,1515]],"id":2057,"properties":{"WD24CD":"E05010787","WD24NM":"Carholme","LAD24CD":"E07000138"}},{"type":"Polygon","arcs":[[-1516,-647,1516]],"id":2058,"properties":{"WD24CD":"E05010788","WD24NM":"Castle","LAD24CD":"E07000138"}},{"type":"Polygon","arcs":[[-601,-1505,1517,-642]],"id":2059,"properties":{"WD24CD":"E05010789","WD24NM":"Glebe","LAD24CD":"E07000138"}},{"type":"Polygon","arcs":[[1518,1519,1520,-1507,-1511]],"id":2060,"properties":{"WD24CD":"E05010790","WD24NM":"Hartsholme","LAD24CD":"E07000138"}},{"type":"Polygon","arcs":[[-1518,-1504,-1514,-1517,-643]],"id":2061,"properties":{"WD24CD":"E05010791","WD24NM":"Minster","LAD24CD":"E07000138"}},{"type":"Polygon","arcs":[[1521,1522,1523,1524,-1519,-1510]],"id":2062,"properties":{"WD24CD":"E05010792","WD24NM":"Moorland","LAD24CD":"E07000138"}},{"type":"Polygon","arcs":[[1525,1526,1527,-1522,-1509,-1502]],"id":2063,"properties":{"WD24CD":"E05010793","WD24NM":"Park","LAD24CD":"E07000138"}},{"type":"Polygon","arcs":[[-1528,1528,1529,1530,-1523]],"id":2064,"properties":{"WD24CD":"E05010794","WD24NM":"Witham","LAD24CD":"E07000138"}},{"type":"Polygon","arcs":[[1531,1532,-1144,1533,-886,1534,-893,-901]],"id":2728,"properties":{"WD24CD":"E05011552","WD24NM":"Balderton North & Coddington","LAD24CD":"E07000175"}},{"type":"Polygon","arcs":[[-885,-909,1535,-894,-1535]],"id":2729,"properties":{"WD24CD":"E05011553","WD24NM":"Beacon","LAD24CD":"E07000175"}},{"type":"Polygon","arcs":[[-895,-1536,-908,1536,-947,-929]],"id":2730,"properties":{"WD24CD":"E05011554","WD24NM":"Castle","LAD24CD":"E07000175"}},{"type":"Polygon","arcs":[[-1537,-907,-883,-1534,-1143,-78,1537,1538,-948]],"id":2731,"properties":{"WD24CD":"E05011555","WD24NM":"Farndon & Fernwood","LAD24CD":"E07000175"}},{"type":"Polygon","arcs":[[1539,1540,1541,1542,1543,-121]],"id":3091,"properties":{"WD24CD":"E05011964","WD24NM":"Billesdon & Tilton","LAD24CD":"E07000131"}},{"type":"Polygon","arcs":[[1544,1545,1546,1547,1548,1549]],"id":3092,"properties":{"WD24CD":"E05011965","WD24NM":"Bosworth","LAD24CD":"E07000131"}},{"type":"Polygon","arcs":[[1550,1551,1552,1553,1554]],"id":3093,"properties":{"WD24CD":"E05011966","WD24NM":"Broughton Astley-Primethorpe & Sutton","LAD24CD":"E07000131"}},{"type":"Polygon","arcs":[[1555,1556,1557,-1552]],"id":3094,"properties":{"WD24CD":"E05011967","WD24NM":"Broughton Astley South & Leire","LAD24CD":"E07000131"}},{"type":"Polygon","arcs":[[1558,-1550,1559,1560,-1557,1561,1562]],"id":3095,"properties":{"WD24CD":"E05011968","WD24NM":"Dunton","LAD24CD":"E07000131"}},{"type":"Polygon","arcs":[[1563,1564,-1545,-1559,1565,1566]],"id":3096,"properties":{"WD24CD":"E05011969","WD24NM":"Fleckney","LAD24CD":"E07000131"}},{"type":"Polygon","arcs":[[-1542,1567,1568,-1567,1569,-161,-130,-146,1570]],"id":3097,"properties":{"WD24CD":"E05011970","WD24NM":"Glen","LAD24CD":"E07000131"}},{"type":"Polygon","arcs":[[1571,1572,-1564,-1569,1573]],"id":3098,"properties":{"WD24CD":"E05011971","WD24NM":"Kibworths","LAD24CD":"E07000131"}},{"type":"Polygon","arcs":[[1574,1575,1576,1577,-1546,-1565,-1573]],"id":3099,"properties":{"WD24CD":"E05011972","WD24NM":"Lubenham","LAD24CD":"E07000131"}},{"type":"Polygon","arcs":[[1578,1579,1580]],"id":3100,"properties":{"WD24CD":"E05011973","WD24NM":"Lutterworth East","LAD24CD":"E07000131"}},{"type":"Polygon","arcs":[[1581,-1583,-1584,1584,-1579]],"id":3101,"properties":{"WD24CD":"E05011974","WD24NM":"Lutterworth West","LAD24CD":"E07000131"}},{"type":"Polygon","arcs":[[1585,1586,1587,1588,-1575,-1572]],"id":3102,"properties":{"WD24CD":"E05011975","WD24NM":"Market Harborough-Great Bowden & Arden","LAD24CD":"E07000131"}},{"type":"Polygon","arcs":[[1589,1590,1591,-1588,1592]],"id":3103,"properties":{"WD24CD":"E05011976","WD24NM":"Market Harborough-Little Bowden","LAD24CD":"E07000131"}},{"type":"Polygon","arcs":[[-1592,1593,-1576,-1589]],"id":3104,"properties":{"WD24CD":"E05011977","WD24NM":"Market Harborough-Logan","LAD24CD":"E07000131"}},{"type":"Polygon","arcs":[[-1594,-1591,1594,-1577]],"id":3105,"properties":{"WD24CD":"E05011978","WD24NM":"Market Harborough-Welland","LAD24CD":"E07000131"}},{"type":"Polygon","arcs":[[-1549,1595,-1597,-1582,-1581,1597,-1560]],"id":3106,"properties":{"WD24CD":"E05011979","WD24NM":"Misterton","LAD24CD":"E07000131"}},{"type":"Polygon","arcs":[[1598,1599,1600,1601,1602,-1586,-1574,-1568,-1541]],"id":3107,"properties":{"WD24CD":"E05011980","WD24NM":"Nevill","LAD24CD":"E07000131"}},{"type":"Polygon","arcs":[[-1543,-1571,-147,-144,-140,-1183,-1209,-1193,1603,1604]],"id":3108,"properties":{"WD24CD":"E05011981","WD24NM":"Thurnby & Houghton","LAD24CD":"E07000131"}},{"type":"Polygon","arcs":[[-1558,-1561,-1598,-1580,-1585,-1606,1606,-1553]],"id":3109,"properties":{"WD24CD":"E05011982","WD24NM":"Ullesthorpe","LAD24CD":"E07000131"}},{"type":"Polygon","arcs":[[1607,1608,1609,1610,1611,-1495,1612,1613,1614,1615,1616,1617,1618]],"id":3110,"properties":{"WD24CD":"E05011983","WD24NM":"Ault Hucknall","LAD24CD":"E07000033"}},{"type":"Polygon","arcs":[[1619,1620,1621,1622,1623,1624,1625,1626]],"id":3111,"properties":{"WD24CD":"E05011984","WD24NM":"Barlborough","LAD24CD":"E07000033"}},{"type":"Polygon","arcs":[[-1493,-1464,1627,1628,1629,1630]],"id":3112,"properties":{"WD24CD":"E05011985","WD24NM":"Blackwell","LAD24CD":"E07000033"}},{"type":"Polygon","arcs":[[1631,1632,-1619,1633,1634]],"id":3113,"properties":{"WD24CD":"E05011986","WD24NM":"Bolsover East","LAD24CD":"E07000033"}},{"type":"Polygon","arcs":[[1635,-1635,1636,1637,1638,1639]],"id":3114,"properties":{"WD24CD":"E05011987","WD24NM":"Bolsover North & Shuttlewood","LAD24CD":"E07000033"}},{"type":"Polygon","arcs":[[-1634,-1618,1640,-1637]],"id":3115,"properties":{"WD24CD":"E05011988","WD24NM":"Bolsover South","LAD24CD":"E07000033"}},{"type":"Polygon","arcs":[[1641,1642,-1622,1643]],"id":3116,"properties":{"WD24CD":"E05011989","WD24NM":"Clowne East","LAD24CD":"E07000033"}},{"type":"Polygon","arcs":[[1644,-1640,1645,1646,1647,-1623,-1643]],"id":3117,"properties":{"WD24CD":"E05011990","WD24NM":"Clowne West","LAD24CD":"E07000033"}},{"type":"Polygon","arcs":[[-385,1648,-1632,-1636,-1645,-1642,1649,-402]],"id":3118,"properties":{"WD24CD":"E05011991","WD24NM":"Elmton-with-Creswell","LAD24CD":"E07000033"}},{"type":"Polygon","arcs":[[1650,1651,-1608,-1633,-1649,-384]],"id":3119,"properties":{"WD24CD":"E05011992","WD24NM":"Langwith","LAD24CD":"E07000033"}},{"type":"Polygon","arcs":[[-1477,-1475,-1484,1652,1653,1654]],"id":3120,"properties":{"WD24CD":"E05011993","WD24NM":"Pinxton","LAD24CD":"E07000033"}},{"type":"Polygon","arcs":[[1655,1656,1657,-1609,-1652]],"id":3121,"properties":{"WD24CD":"E05011994","WD24NM":"Shirebrook North","LAD24CD":"E07000033"}},{"type":"Polygon","arcs":[[1658,1659,1660,-1610,-1658]],"id":3122,"properties":{"WD24CD":"E05011995","WD24NM":"Shirebrook South","LAD24CD":"E07000033"}},{"type":"Polygon","arcs":[[-1478,-1655,1661,-1628,-1463]],"id":3123,"properties":{"WD24CD":"E05011996","WD24NM":"South Normanton East","LAD24CD":"E07000033"}},{"type":"Polygon","arcs":[[-1662,-1654,1662,1663,1664,-1629]],"id":3124,"properties":{"WD24CD":"E05011997","WD24NM":"South Normanton West","LAD24CD":"E07000033"}},{"type":"Polygon","arcs":[[-1494,-1631,1665,1666,-1613]],"id":3125,"properties":{"WD24CD":"E05011998","WD24NM":"Tibshelf","LAD24CD":"E07000033"}},{"type":"Polygon","arcs":[[-403,-1650,-1644,-1621,1667,1668,-399]],"id":3126,"properties":{"WD24CD":"E05011999","WD24NM":"Whitwell","LAD24CD":"E07000033"}},{"type":"Polygon","arcs":[[1669,1670,1671,1672,1673,1674,1675,1676,1677,1678]],"id":3167,"properties":{"WD24CD":"E05012040","WD24NM":"Ashover","LAD24CD":"E07000038"}},{"type":"Polygon","arcs":[[1679,1680,1681,1682,1683,1684,1685,1686,1687,-1689]],"id":3168,"properties":{"WD24CD":"E05012041","WD24NM":"Barlow & Holmesfield","LAD24CD":"E07000038"}},{"type":"Polygon","arcs":[[1689,1690,1691,1692,1693,-1670,1694,-1686,1695]],"id":3169,"properties":{"WD24CD":"E05012042","WD24NM":"Brampton & Walton","LAD24CD":"E07000038"}},{"type":"Polygon","arcs":[[1696,1697,1698,1699,1700,-1672,1701]],"id":3170,"properties":{"WD24CD":"E05012043","WD24NM":"Clay Cross North","LAD24CD":"E07000038"}},{"type":"Polygon","arcs":[[-1700,1702]],"id":3171,"properties":{"WD24CD":"E05012044","WD24NM":"Clay Cross South","LAD24CD":"E07000038"}},{"type":"Polygon","arcs":[[1703,1704,-1706,1706]],"id":3172,"properties":{"WD24CD":"E05012045","WD24NM":"Coal Aston","LAD24CD":"E07000038"}},{"type":"Polygon","arcs":[[-1705,1707,1708,1709,-1711]],"id":3173,"properties":{"WD24CD":"E05012046","WD24NM":"Dronfield North","LAD24CD":"E07000038"}},{"type":"Polygon","arcs":[[1711,-1682,1712,1713,-1709]],"id":3174,"properties":{"WD24CD":"E05012047","WD24NM":"Dronfield South","LAD24CD":"E07000038"}},{"type":"Polygon","arcs":[[-1710,-1714,1714,-1680,-1716,-1717]],"id":3175,"properties":{"WD24CD":"E05012048","WD24NM":"Dronfield Woodhouse","LAD24CD":"E07000038"}},{"type":"Polygon","arcs":[[1717,1718,1719,1720,-1722]],"id":3176,"properties":{"WD24CD":"E05012049","WD24NM":"Eckington North","LAD24CD":"E07000038"}},{"type":"Polygon","arcs":[[1722,-1625,1723,1724,-1719]],"id":3177,"properties":{"WD24CD":"E05012050","WD24NM":"Eckington South & Renishaw","LAD24CD":"E07000038"}},{"type":"Polygon","arcs":[[-1681,-1715,-1713]],"id":3178,"properties":{"WD24CD":"E05012051","WD24NM":"Gosforth Valley","LAD24CD":"E07000038"}},{"type":"Polygon","arcs":[[1725,1726,1727,1728,1729,1730]],"id":3179,"properties":{"WD24CD":"E05012052","WD24NM":"Grassmoor","LAD24CD":"E07000038"}},{"type":"Polygon","arcs":[[-1616,1731,-1726,1732]],"id":3180,"properties":{"WD24CD":"E05012053","WD24NM":"Holmewood & Heath","LAD24CD":"E07000038"}},{"type":"Polygon","arcs":[[1733,-1627,1734]],"id":3181,"properties":{"WD24CD":"E05012054","WD24NM":"Killamarsh East","LAD24CD":"E07000038"}},{"type":"Polygon","arcs":[[1735,-1735,-1626,-1723,-1718,-1737]],"id":3182,"properties":{"WD24CD":"E05012055","WD24NM":"Killamarsh West","LAD24CD":"E07000038"}},{"type":"Polygon","arcs":[[-1615,1737,-1698,1738,-1727,-1732]],"id":3183,"properties":{"WD24CD":"E05012056","WD24NM":"North Wingfield Central","LAD24CD":"E07000038"}},{"type":"Polygon","arcs":[[-1614,-1667,1739,-1673,-1701,-1703,-1699,-1738]],"id":3184,"properties":{"WD24CD":"E05012057","WD24NM":"Pilsley & Morton","LAD24CD":"E07000038"}},{"type":"Polygon","arcs":[[-1741,-1742,-1721,1742,-1707,-1744,-1745,-1746]],"id":3185,"properties":{"WD24CD":"E05012058","WD24NM":"Ridgeway & Marsh Lane","LAD24CD":"E07000038"}},{"type":"Polygon","arcs":[[-1666,-1630,-1665,1746,1747,-1674,-1740]],"id":3186,"properties":{"WD24CD":"E05012059","WD24NM":"Shirland","LAD24CD":"E07000038"}},{"type":"Polygon","arcs":[[-1638,-1641,-1617,-1733,-1731,1748,1749,1750,1751]],"id":3187,"properties":{"WD24CD":"E05012060","WD24NM":"Sutton","LAD24CD":"E07000038"}},{"type":"Polygon","arcs":[[-1728,-1739,-1697,1752,1753]],"id":3188,"properties":{"WD24CD":"E05012061","WD24NM":"Tupton","LAD24CD":"E07000038"}},{"type":"Polygon","arcs":[[-1720,-1725,1754,1755,-1683,-1712,-1708,-1704,-1743]],"id":3189,"properties":{"WD24CD":"E05012062","WD24NM":"Unstone","LAD24CD":"E07000038"}},{"type":"Polygon","arcs":[[-1753,-1702,-1671,-1694,1756]],"id":3190,"properties":{"WD24CD":"E05012063","WD24NM":"Wingerworth","LAD24CD":"E07000038"}},{"type":"Polygon","arcs":[[1757,1758,1759,1760]],"id":3376,"properties":{"WD24CD":"E05012270","WD24NM":"Aspley","LAD24CD":"E06000018"}},{"type":"Polygon","arcs":[[1761,1762,1763,-1758,1764,1765,1766,1767]],"id":3377,"properties":{"WD24CD":"E05012271","WD24NM":"Basford","LAD24CD":"E06000018"}},{"type":"Polygon","arcs":[[1768,1769,-1763,1770]],"id":3378,"properties":{"WD24CD":"E05012272","WD24NM":"Berridge","LAD24CD":"E06000018"}},{"type":"Polygon","arcs":[[-704,1771,-1768,1772,-667]],"id":3379,"properties":{"WD24CD":"E05012273","WD24NM":"Bestwood","LAD24CD":"E06000018"}},{"type":"Polygon","arcs":[[-1760,1773,1774,1775,1776,1777]],"id":3380,"properties":{"WD24CD":"E05012274","WD24NM":"Bilborough","LAD24CD":"E06000018"}},{"type":"Polygon","arcs":[[1778,-1766,1779,-1458,-1456,-669]],"id":3381,"properties":{"WD24CD":"E05012275","WD24NM":"Bulwell","LAD24CD":"E06000018"}},{"type":"Polygon","arcs":[[-1773,-1767,-1779,-668]],"id":3382,"properties":{"WD24CD":"E05012276","WD24NM":"Bulwell Forest","LAD24CD":"E06000018"}},{"type":"Polygon","arcs":[[1780,1781,1782,1783,1784,1785]],"id":3383,"properties":{"WD24CD":"E05012277","WD24NM":"Castle","LAD24CD":"E06000018"}},{"type":"Polygon","arcs":[[1786,1787,1788]],"id":3384,"properties":{"WD24CD":"E05012278","WD24NM":"Clifton East","LAD24CD":"E06000018"}},{"type":"Polygon","arcs":[[1789,1790,-1789,1791,-1218,-1232,1792,1793]],"id":3385,"properties":{"WD24CD":"E05012279","WD24NM":"Clifton West","LAD24CD":"E06000018"}},{"type":"Polygon","arcs":[[-680,-695,1794,1795,1796,-1781,1797,1798,-685]],"id":3386,"properties":{"WD24CD":"E05012280","WD24NM":"Dales","LAD24CD":"E06000018"}},{"type":"Polygon","arcs":[[1799,1800,-1785,1801,1802,-1770]],"id":3387,"properties":{"WD24CD":"E05012281","WD24NM":"Hyson Green & Arboretum","LAD24CD":"E06000018"}},{"type":"Polygon","arcs":[[-1803,1803,1804,1805,-1774,-1759,-1764]],"id":3388,"properties":{"WD24CD":"E05012282","WD24NM":"Leen Valley","LAD24CD":"E06000018"}},{"type":"Polygon","arcs":[[1806,-1783,1807,-1793,-1234,-1227,-1228,1808,-1805]],"id":3389,"properties":{"WD24CD":"E05012283","WD24NM":"Lenton & Wollaton East","LAD24CD":"E06000018"}},{"type":"Polygon","arcs":[[-730,-686,-1799,1809,-1800,-1769,1810,-735]],"id":3390,"properties":{"WD24CD":"E05012284","WD24NM":"Mapperley","LAD24CD":"E06000018"}},{"type":"Polygon","arcs":[[1811,1812,-1794,-1808,-1782,-1797]],"id":3391,"properties":{"WD24CD":"E05012285","WD24NM":"Meadows","LAD24CD":"E06000018"}},{"type":"Polygon","arcs":[[-1784,-1807,-1804,-1802]],"id":3392,"properties":{"WD24CD":"E05012286","WD24NM":"Radford","LAD24CD":"E06000018"}},{"type":"Polygon","arcs":[[-1798,-1786,-1801,-1810]],"id":3393,"properties":{"WD24CD":"E05012287","WD24NM":"St. Ann's","LAD24CD":"E06000018"}},{"type":"Polygon","arcs":[[-736,-1811,-1771,-1762,-1772,-703]],"id":3394,"properties":{"WD24CD":"E05012288","WD24NM":"Sherwood","LAD24CD":"E06000018"}},{"type":"Polygon","arcs":[[-1806,-1809,-1231,1813,-1775]],"id":3395,"properties":{"WD24CD":"E05012289","WD24NM":"Wollaton West","LAD24CD":"E06000018"}},{"type":"Polygon","arcs":[[1814,1815,1816,-118,1817]],"id":3648,"properties":{"WD24CD":"E05012632","WD24NM":"Barleythorpe","LAD24CD":"E06000017"}},{"type":"Polygon","arcs":[[1818,1819,1820,1821,1822,1823,-1599,-1540,-120,1824]],"id":3649,"properties":{"WD24CD":"E05012633","WD24NM":"Braunston & Martinsthorpe","LAD24CD":"E06000017"}},{"type":"Polygon","arcs":[[1825,1826,1827,-126]],"id":3650,"properties":{"WD24CD":"E05012634","WD24NM":"Cottesmore","LAD24CD":"E06000017"}},{"type":"Polygon","arcs":[[-1827,1828,1829,-1820,1830,1831,-1815,1832,1833]],"id":3651,"properties":{"WD24CD":"E05012635","WD24NM":"Exton","LAD24CD":"E06000017"}},{"type":"Polygon","arcs":[[-1099,1834,1835,-1829,-1826,-125,-1116]],"id":3652,"properties":{"WD24CD":"E05012636","WD24NM":"Greetham","LAD24CD":"E06000017"}},{"type":"Polygon","arcs":[[-1138,1836,1837,-1822,1838,1839]],"id":3653,"properties":{"WD24CD":"E05012637","WD24NM":"Ketton","LAD24CD":"E06000017"}},{"type":"Polygon","arcs":[[-1818,-117,1840,-1833]],"id":3654,"properties":{"WD24CD":"E05012638","WD24NM":"Langham","LAD24CD":"E06000017"}},{"type":"Polygon","arcs":[[-1838,1841,1842,-1601,1843,-1823]],"id":3655,"properties":{"WD24CD":"E05012639","WD24NM":"Lyddington","LAD24CD":"E06000017"}},{"type":"Polygon","arcs":[[1844,-1839,-1821,-1830,-1836]],"id":3656,"properties":{"WD24CD":"E05012640","WD24NM":"Normanton","LAD24CD":"E06000017"}},{"type":"Polygon","arcs":[[1845,1846,-1816,-1832]],"id":3657,"properties":{"WD24CD":"E05012641","WD24NM":"Oakham North East","LAD24CD":"E06000017"}},{"type":"Polygon","arcs":[[-1847,1847,-1825,-119,-1817]],"id":3658,"properties":{"WD24CD":"E05012642","WD24NM":"Oakham North West","LAD24CD":"E06000017"}},{"type":"Polygon","arcs":[[-1819,-1848,-1846,-1831]],"id":3659,"properties":{"WD24CD":"E05012643","WD24NM":"Oakham South","LAD24CD":"E06000017"}},{"type":"Polygon","arcs":[[-1096,-1087,-1134,-1131,-1139,-1840,-1845,-1835,-1098]],"id":3660,"properties":{"WD24CD":"E05012644","WD24NM":"Ryhall & Casterton","LAD24CD":"E06000017"}},{"type":"Polygon","arcs":[[-1844,-1600,-1824]],"id":3661,"properties":{"WD24CD":"E05012645","WD24NM":"Uppingham","LAD24CD":"E06000017"}},{"type":"Polygon","arcs":[[-1834,-1841,-116,-127,-1828]],"id":3662,"properties":{"WD24CD":"E05012646","WD24NM":"Whissendine","LAD24CD":"E06000017"}},{"type":"Polygon","arcs":[[1848,1849,1850]],"id":4142,"properties":{"WD24CD":"E05013213","WD24NM":"Brickhill and Queensway","LAD24CD":"E06000061"}},{"type":"Polygon","arcs":[[1851,1852,1853,1854,1855,1856,1857,1858]],"id":4143,"properties":{"WD24CD":"E05013214","WD24NM":"Burton and Broughton","LAD24CD":"E06000061"}},{"type":"Polygon","arcs":[[1859,1860,1861,1862]],"id":4144,"properties":{"WD24CD":"E05013215","WD24NM":"Clover Hill","LAD24CD":"E06000061"}},{"type":"Polygon","arcs":[[1863,1864,1865,1866,1867,1868,1869,1870,1871,-1602,-1843,1872]],"id":4145,"properties":{"WD24CD":"E05013216","WD24NM":"Corby Rural","LAD24CD":"E06000061"}},{"type":"Polygon","arcs":[[1873,1874,1875,-1869]],"id":4146,"properties":{"WD24CD":"E05013217","WD24NM":"Corby West","LAD24CD":"E06000061"}},{"type":"Polygon","arcs":[[1876,1877,-1849,1878,1879]],"id":4147,"properties":{"WD24CD":"E05013218","WD24NM":"Croyland and Swanspool","LAD24CD":"E06000061"}},{"type":"Polygon","arcs":[[-1872,1880,1881,-1593,-1587,-1603]],"id":4148,"properties":{"WD24CD":"E05013219","WD24NM":"Desborough","LAD24CD":"E06000061"}},{"type":"Polygon","arcs":[[1882,1883,-1850,-1878,1884,1885,1886,1887,1888,-1856]],"id":4149,"properties":{"WD24CD":"E05013220","WD24NM":"Earls Barton","LAD24CD":"E06000061"}},{"type":"Polygon","arcs":[[1889,-1880,1890,-1883,-1855,1891]],"id":4150,"properties":{"WD24CD":"E05013221","WD24NM":"Finedon","LAD24CD":"E06000061"}},{"type":"Polygon","arcs":[[-1879,-1851,-1884,-1891]],"id":4151,"properties":{"WD24CD":"E05013222","WD24NM":"Hatton Park","LAD24CD":"E06000061"}},{"type":"Polygon","arcs":[[1892,1893,1894,1895,1896,1897]],"id":4152,"properties":{"WD24CD":"E05013223","WD24NM":"Higham Ferrers","LAD24CD":"E06000061"}},{"type":"Polygon","arcs":[[1898,1899,-1901,1901,-1885,-1877,-1890,-1897]],"id":4153,"properties":{"WD24CD":"E05013224","WD24NM":"Irchester","LAD24CD":"E06000061"}},{"type":"Polygon","arcs":[[-1903,1903,-1898,-1892,-1854,1904,1905]],"id":4154,"properties":{"WD24CD":"E05013225","WD24NM":"Irthlingborough","LAD24CD":"E06000061"}},{"type":"Polygon","arcs":[[1906,-1905,-1853,1907,1908,-1863,1909,1910,-1865]],"id":4155,"properties":{"WD24CD":"E05013226","WD24NM":"Ise","LAD24CD":"E06000061"}},{"type":"Polygon","arcs":[[-1867,1911,-1875,1912]],"id":4156,"properties":{"WD24CD":"E05013227","WD24NM":"Kingswood","LAD24CD":"E06000061"}},{"type":"Polygon","arcs":[[-1913,-1874,-1868]],"id":4157,"properties":{"WD24CD":"E05013228","WD24NM":"Lloyds","LAD24CD":"E06000061"}},{"type":"Polygon","arcs":[[1913,1914,-1859,1915,-1861]],"id":4158,"properties":{"WD24CD":"E05013229","WD24NM":"Northall","LAD24CD":"E06000061"}},{"type":"Polygon","arcs":[[-1866,-1911,1916,-1870,-1876,-1912]],"id":4159,"properties":{"WD24CD":"E05013230","WD24NM":"Oakley","LAD24CD":"E06000061"}},{"type":"Polygon","arcs":[[-1137,-1918,-1919,-1920,1920,-1873,-1842,-1837]],"id":4160,"properties":{"WD24CD":"E05013231","WD24NM":"Oundle","LAD24CD":"E06000061"}},{"type":"Polygon","arcs":[[-1922,1922,-1893,-1904]],"id":4161,"properties":{"WD24CD":"E05013232","WD24NM":"Raunds","LAD24CD":"E06000061"}},{"type":"Polygon","arcs":[[-1871,-1917,-1910,-1862,-1916,-1858,1923,1924,-1881]],"id":4162,"properties":{"WD24CD":"E05013233","WD24NM":"Rothwell and Mawsley","LAD24CD":"E06000061"}},{"type":"Polygon","arcs":[[1925,1926,-1899,-1896]],"id":4163,"properties":{"WD24CD":"E05013234","WD24NM":"Rushden Pemberton West","LAD24CD":"E06000061"}},{"type":"Polygon","arcs":[[1927,1928,1929,-1926,-1895]],"id":4164,"properties":{"WD24CD":"E05013235","WD24NM":"Rushden South","LAD24CD":"E06000061"}},{"type":"Polygon","arcs":[[-1931,-1932,-1906,-1907,-1864,-1921,-1933]],"id":4165,"properties":{"WD24CD":"E05013236","WD24NM":"Thrapston","LAD24CD":"E06000061"}},{"type":"Polygon","arcs":[[1933,-1908,-1852,-1915]],"id":4166,"properties":{"WD24CD":"E05013237","WD24NM":"Wicksteed","LAD24CD":"E06000061"}},{"type":"Polygon","arcs":[[-1934,-1914,-1860,-1909]],"id":4167,"properties":{"WD24CD":"E05013238","WD24NM":"Windmill","LAD24CD":"E06000061"}},{"type":"Polygon","arcs":[[1934,1935,1936,1937,1938]],"id":4168,"properties":{"WD24CD":"E05013239","WD24NM":"Abington and Phippsville","LAD24CD":"E06000062"}},{"type":"Polygon","arcs":[[1939,1940,1941,-1888]],"id":4169,"properties":{"WD24CD":"E05013240","WD24NM":"Billing and Rectory Farm","LAD24CD":"E06000062"}},{"type":"Polygon","arcs":[[1942,1943,1944,1945,1946]],"id":4170,"properties":{"WD24CD":"E05013241","WD24NM":"Boothville and Parklands","LAD24CD":"E06000062"}},{"type":"Polygon","arcs":[[1947,-1949,1949]],"id":4171,"properties":{"WD24CD":"E05013242","WD24NM":"Brackley","LAD24CD":"E06000062"}},{"type":"Polygon","arcs":[[1950,1951,1952,1953,-1955,-1956,-1957,-1958,-1959,-1596,-1548,1959]],"id":4172,"properties":{"WD24CD":"E05013243","WD24NM":"Braunston and Crick","LAD24CD":"E06000062"}},{"type":"Polygon","arcs":[[-1595,-1590,-1882,-1925,1960,1961,-1960,-1547,-1578]],"id":4173,"properties":{"WD24CD":"E05013244","WD24NM":"Brixworth","LAD24CD":"E06000062"}},{"type":"Polygon","arcs":[[1962,1963,1964,1965,1966,1967,1968,1969,1970,1971]],"id":4174,"properties":{"WD24CD":"E05013245","WD24NM":"Bugbrooke","LAD24CD":"E06000062"}},{"type":"Polygon","arcs":[[-1937,1972,1973,1974]],"id":4175,"properties":{"WD24CD":"E05013246","WD24NM":"Castle","LAD24CD":"E06000062"}},{"type":"Polygon","arcs":[[1975,1976,1977,-1974,1978,1979,1980,1981,1982]],"id":4176,"properties":{"WD24CD":"E05013247","WD24NM":"Dallington Spencer","LAD24CD":"E06000062"}},{"type":"Polygon","arcs":[[1983,1984,-1952,1985]],"id":4177,"properties":{"WD24CD":"E05013248","WD24NM":"Daventry East","LAD24CD":"E06000062"}},{"type":"Polygon","arcs":[[-1985,1986,-1953]],"id":4178,"properties":{"WD24CD":"E05013249","WD24NM":"Daventry West","LAD24CD":"E06000062"}},{"type":"Polygon","arcs":[[-1988,-1989,-1990,-1991,-1992,1992,1993,1994]],"id":4179,"properties":{"WD24CD":"E05013250","WD24NM":"Deanshanger","LAD24CD":"E06000062"}},{"type":"Polygon","arcs":[[1995,1996,1997,-1979,-1973,-1936,1998]],"id":4180,"properties":{"WD24CD":"E05013251","WD24NM":"Delapre and Rushmere","LAD24CD":"E06000062"}},{"type":"Polygon","arcs":[[1999,2000,-1981]],"id":4181,"properties":{"WD24CD":"E05013252","WD24NM":"Duston East","LAD24CD":"E06000062"}},{"type":"Polygon","arcs":[[-2001,2001,-1972,2002,-1982]],"id":4182,"properties":{"WD24CD":"E05013253","WD24NM":"Duston West and St. Crispin","LAD24CD":"E06000062"}},{"type":"Polygon","arcs":[[-1997,2003,-1964,2004]],"id":4183,"properties":{"WD24CD":"E05013254","WD24NM":"East Hunsbury and Shelfleys","LAD24CD":"E06000062"}},{"type":"Polygon","arcs":[[-1902,-2006,-2007,-1995,2007,-1966,2008,2009,-1886]],"id":4184,"properties":{"WD24CD":"E05013255","WD24NM":"Hackleton and Grange Park","LAD24CD":"E06000062"}},{"type":"Polygon","arcs":[[2010,2011,-1939,2012,-1944]],"id":4185,"properties":{"WD24CD":"E05013256","WD24NM":"Headlands","LAD24CD":"E06000062"}},{"type":"Polygon","arcs":[[2013,-1976,2014]],"id":4186,"properties":{"WD24CD":"E05013257","WD24NM":"Kingsthorpe North","LAD24CD":"E06000062"}},{"type":"Polygon","arcs":[[2015,-1977,-2014,2016,-1946]],"id":4187,"properties":{"WD24CD":"E05013258","WD24NM":"Kingsthorpe South","LAD24CD":"E06000062"}},{"type":"Polygon","arcs":[[2017,-1970,2018,-1986,-1951,-1962]],"id":4188,"properties":{"WD24CD":"E05013259","WD24NM":"Long Buckby","LAD24CD":"E06000062"}},{"type":"Polygon","arcs":[[-1950,-2020,-2021,-2022,-2023,-2024,-2025,-2026,2026]],"id":4189,"properties":{"WD24CD":"E05013260","WD24NM":"Middleton Cheney","LAD24CD":"E06000062"}},{"type":"Polygon","arcs":[[-1857,-1889,-1942,2027,-1947,-2017,-2015,-1983,-2003,-1971,-2018,-1961,-1924]],"id":4190,"properties":{"WD24CD":"E05013261","WD24NM":"Moulton","LAD24CD":"E06000062"}},{"type":"Polygon","arcs":[[-2009,-1965,-2004,-1996,2028]],"id":4191,"properties":{"WD24CD":"E05013262","WD24NM":"Nene Valley","LAD24CD":"E06000062"}},{"type":"Polygon","arcs":[[-1887,-2010,-2029,-1999,-1935,-2012,2029,-1940]],"id":4192,"properties":{"WD24CD":"E05013263","WD24NM":"Riverside Park","LAD24CD":"E06000062"}},{"type":"Polygon","arcs":[[-2013,-1938,-1975,-1978,-2016,-1945]],"id":4193,"properties":{"WD24CD":"E05013264","WD24NM":"St. George","LAD24CD":"E06000062"}},{"type":"Polygon","arcs":[[-1968,2030,-1993,-2032,-2033,-1948,-2027,-2034,2034,2035]],"id":4194,"properties":{"WD24CD":"E05013265","WD24NM":"Silverstone","LAD24CD":"E06000062"}},{"type":"Polygon","arcs":[[-1998,-2005,-1963,-2002,-2000,-1980]],"id":4195,"properties":{"WD24CD":"E05013266","WD24NM":"Sixfields","LAD24CD":"E06000062"}},{"type":"Polygon","arcs":[[-1941,-2030,-2011,-1943,-2028]],"id":4196,"properties":{"WD24CD":"E05013267","WD24NM":"Talavera","LAD24CD":"E06000062"}},{"type":"Polygon","arcs":[[-2008,-1994,-2031,-1967]],"id":4197,"properties":{"WD24CD":"E05013268","WD24NM":"Towcester and Roade","LAD24CD":"E06000062"}},{"type":"Polygon","arcs":[[-1987,-1984,-2019,-1969,-2036,2036,-2038,-1954]],"id":4198,"properties":{"WD24CD":"E05013269","WD24NM":"Woodford and Weedon","LAD24CD":"E06000062"}},{"type":"Polygon","arcs":[[2038,2039,2040,2041,2042]],"id":5322,"properties":{"WD24CD":"E05014425","WD24NM":"Ashby de la Launde, Digby & Scopwick","LAD24CD":"E07000139"}},{"type":"Polygon","arcs":[[2043,2044,-1532,-900,2045]],"id":5323,"properties":{"WD24CD":"E05014426","WD24NM":"Bassingham Rural","LAD24CD":"E07000139"}},{"type":"Polygon","arcs":[[-882,-762,-573,2046,2047,-2039,2048,-852]],"id":5324,"properties":{"WD24CD":"E05014427","WD24NM":"Billinghay Rural","LAD24CD":"E07000139"}},{"type":"Polygon","arcs":[[2049,2050,-1529,-1527,2051]],"id":5325,"properties":{"WD24CD":"E05014428","WD24NM":"Bracebridge Heath","LAD24CD":"E07000139"}},{"type":"Polygon","arcs":[[2052,2053,-2050,2054,-598,-588]],"id":5326,"properties":{"WD24CD":"E05014429","WD24NM":"Branston","LAD24CD":"E07000139"}},{"type":"Polygon","arcs":[[2055,2056,2057,2058,2059,2060,-1120,-1128,-1121,2061,-2041]],"id":5327,"properties":{"WD24CD":"E05014430","WD24NM":"Cranwell, Leasingham & Wilsford","LAD24CD":"E07000139"}},{"type":"Polygon","arcs":[[-571,-528,2062,2063]],"id":5328,"properties":{"WD24CD":"E05014431","WD24NM":"Heckington Rural","LAD24CD":"E07000139"}},{"type":"Polygon","arcs":[[-2055,-2052,-1526,-1501,-599]],"id":5329,"properties":{"WD24CD":"E05014432","WD24NM":"Heighington & Washingborough","LAD24CD":"E07000139"}},{"type":"Polygon","arcs":[[-2063,-527,-180,-1141,-1117,-2061,2064]],"id":5330,"properties":{"WD24CD":"E05014433","WD24NM":"Helpringham & Osbournby","LAD24CD":"E07000139"}},{"type":"Polygon","arcs":[[-1531,2065,2066,2067,-1524]],"id":5331,"properties":{"WD24CD":"E05014434","WD24NM":"Hykeham Central","LAD24CD":"E07000139"}},{"type":"Polygon","arcs":[[-2067,2068,2069,2070]],"id":5332,"properties":{"WD24CD":"E05014435","WD24NM":"Hykeham Fosse","LAD24CD":"E07000139"}},{"type":"Polygon","arcs":[[-1525,-2068,-2071,2071,2072,-1520]],"id":5333,"properties":{"WD24CD":"E05014436","WD24NM":"Hykeham Memorial","LAD24CD":"E07000139"}},{"type":"Polygon","arcs":[[-572,-2064,2073,2074,2075,-2057,2076,-2047]],"id":5334,"properties":{"WD24CD":"E05014437","WD24NM":"Kirkby la Thorpe & South Kyme","LAD24CD":"E07000139"}},{"type":"Polygon","arcs":[[-853,-2049,-2043,2077,2078,-2053,-587]],"id":5335,"properties":{"WD24CD":"E05014438","WD24NM":"Metheringham Rural","LAD24CD":"E07000139"}},{"type":"Polygon","arcs":[[-2042,-2062,-1124,-1142,-1533,-2045,2079,-2078]],"id":5336,"properties":{"WD24CD":"E05014439","WD24NM":"Navenby & Brant Broughton","LAD24CD":"E07000139"}},{"type":"Polygon","arcs":[[-2077,-2056,-2040,-2048]],"id":5337,"properties":{"WD24CD":"E05014440","WD24NM":"Ruskington","LAD24CD":"E07000139"}},{"type":"Polygon","arcs":[[-1515,-1512,-1508,-1521,-2073,2080,-898,-649]],"id":5338,"properties":{"WD24CD":"E05014441","WD24NM":"Skellingthorpe & Eagle","LAD24CD":"E07000139"}},{"type":"Polygon","arcs":[[2081,2082,2083]],"id":5339,"properties":{"WD24CD":"E05014442","WD24NM":"Sleaford Castle","LAD24CD":"E07000139"}},{"type":"Polygon","arcs":[[-2076,2084,2085,-2058]],"id":5340,"properties":{"WD24CD":"E05014443","WD24NM":"Sleaford Holdingham","LAD24CD":"E07000139"}},{"type":"Polygon","arcs":[[-2075,2086,-2082,2087,-2085]],"id":5341,"properties":{"WD24CD":"E05014444","WD24NM":"Sleaford Navigation","LAD24CD":"E07000139"}},{"type":"Polygon","arcs":[[-2087,-2074,-2065,-2060,2088,-2083]],"id":5342,"properties":{"WD24CD":"E05014445","WD24NM":"Sleaford Quarrington & Mareham","LAD24CD":"E07000139"}},{"type":"Polygon","arcs":[[-2088,-2084,-2089,-2059,-2086]],"id":5343,"properties":{"WD24CD":"E05014446","WD24NM":"Sleaford Westholme","LAD24CD":"E07000139"}},{"type":"Polygon","arcs":[[-2054,-2079,-2080,-2044,2089,-2069,-2066,-1530,-2051]],"id":5344,"properties":{"WD24CD":"E05014447","WD24NM":"Waddington Rural","LAD24CD":"E07000139"}},{"type":"Polygon","arcs":[[-2070,-2090,-2046,-899,-2081,-2072]],"id":5345,"properties":{"WD24CD":"E05014448","WD24NM":"Witham St Hughs & Swinderby","LAD24CD":"E07000139"}},{"type":"Polygon","arcs":[[2090,2091,-2093,2093,2094]],"id":5486,"properties":{"WD24CD":"E05014589","WD24NM":"Ashbourne North","LAD24CD":"E07000035"}},{"type":"Polygon","arcs":[[2095,2096,-2098,-2092]],"id":5487,"properties":{"WD24CD":"E05014590","WD24NM":"Ashbourne South","LAD24CD":"E07000035"}},{"type":"Polygon","arcs":[[2098,2099,2100,2101]],"id":5488,"properties":{"WD24CD":"E05014591","WD24NM":"Bakewell","LAD24CD":"E07000035"}},{"type":"Polygon","arcs":[[2102,2103,2104,2105,2106,2107,2108]],"id":5489,"properties":{"WD24CD":"E05014592","WD24NM":"Bonsall & Winster","LAD24CD":"E07000035"}},{"type":"Polygon","arcs":[[2109,2110,2111,-1387]],"id":5490,"properties":{"WD24CD":"E05014593","WD24NM":"Bradwell","LAD24CD":"E07000035"}},{"type":"Polygon","arcs":[[2112,-433,-436,2113,-2096,-2091,2114]],"id":5491,"properties":{"WD24CD":"E05014594","WD24NM":"Brailsford","LAD24CD":"E07000035"}},{"type":"Polygon","arcs":[[2115,-2102,2116,2117,-2111,2118]],"id":5492,"properties":{"WD24CD":"E05014595","WD24NM":"Calver & Longstone","LAD24CD":"E07000035"}},{"type":"Polygon","arcs":[[-1687,-1695,-1679,2119,2120,-2099,-2116,2121]],"id":5493,"properties":{"WD24CD":"E05014596","WD24NM":"Chatsworth","LAD24CD":"E07000035"}},{"type":"Polygon","arcs":[[2122,2123,-2105,2124,2125]],"id":5494,"properties":{"WD24CD":"E05014597","WD24NM":"Cromford & Matlock Bath","LAD24CD":"E07000035"}},{"type":"Polygon","arcs":[[2126,2127,-2103,2128,-2120,-1678]],"id":5495,"properties":{"WD24CD":"E05014598","WD24NM":"Darley Dale","LAD24CD":"E07000035"}},{"type":"Polygon","arcs":[[2129,2130,-2094,-2132,-2133,2133,-2107]],"id":5496,"properties":{"WD24CD":"E05014599","WD24NM":"Dovedale, Parwich & Brassington","LAD24CD":"E07000035"}},{"type":"Polygon","arcs":[[-440,-2135,-2136,-2137,-2138,-2139,2139]],"id":5497,"properties":{"WD24CD":"E05014600","WD24NM":"Doveridge & Sudbury","LAD24CD":"E07000035"}},{"type":"Polygon","arcs":[[2140,-2117,-2101,2141,-2108,-2134,-2143,-2144,-2145,-1344,-1361,-1395]],"id":5498,"properties":{"WD24CD":"E05014601","WD24NM":"Hartington & Taddington","LAD24CD":"E07000035"}},{"type":"Polygon","arcs":[[-2146,-2147,-1688,-2122,-2119,-2110,-1386,-2148]],"id":5499,"properties":{"WD24CD":"E05014602","WD24NM":"Hathersage","LAD24CD":"E07000035"}},{"type":"Polygon","arcs":[[2148,-2115,-2095,-2131,2149]],"id":5500,"properties":{"WD24CD":"E05014603","WD24NM":"Hulland","LAD24CD":"E07000035"}},{"type":"Polygon","arcs":[[2150,-2126,2151,-2127,-1677]],"id":5501,"properties":{"WD24CD":"E05014604","WD24NM":"Matlock East & Tansley","LAD24CD":"E07000035"}},{"type":"Polygon","arcs":[[-2128,-2152,-2125,-2104]],"id":5502,"properties":{"WD24CD":"E05014605","WD24NM":"Matlock West","LAD24CD":"E07000035"}},{"type":"Polygon","arcs":[[-2114,-441,-2140,-2153,-2097]],"id":5503,"properties":{"WD24CD":"E05014606","WD24NM":"Norbury","LAD24CD":"E07000035"}},{"type":"Polygon","arcs":[[-2118,-2141,-1394,-1388,-2112]],"id":5504,"properties":{"WD24CD":"E05014607","WD24NM":"Tideswell","LAD24CD":"E07000035"}},{"type":"Polygon","arcs":[[2153,-2150,-2130,-2106,-2124]],"id":5505,"properties":{"WD24CD":"E05014608","WD24NM":"Wirksworth","LAD24CD":"E07000035"}},{"type":"Polygon","arcs":[[-2121,-2129,-2109,-2142,-2100]],"id":5506,"properties":{"WD24CD":"E05014609","WD24NM":"Youlgrave","LAD24CD":"E07000035"}},{"type":"Polygon","arcs":[[2154,2155,2156,2157]],"id":5507,"properties":{"WD24CD":"E05014610","WD24NM":"Bancroft","LAD24CD":"E07000174"}},{"type":"Polygon","arcs":[[2158,2159,2160,2161,2162]],"id":5508,"properties":{"WD24CD":"E05014611","WD24NM":"Berry Hill","LAD24CD":"E07000174"}},{"type":"Polygon","arcs":[[2163,-2156,2164,-1485,2165,2166]],"id":5509,"properties":{"WD24CD":"E05014612","WD24NM":"Brick Kiln","LAD24CD":"E07000174"}},{"type":"Polygon","arcs":[[2167,2168,2169,2170,2171,2172,2173]],"id":5510,"properties":{"WD24CD":"E05014613","WD24NM":"Carr Bank","LAD24CD":"E07000174"}},{"type":"Polygon","arcs":[[-2171,2174,2175,2176,2177,2178,-2158,2179,2180]],"id":5511,"properties":{"WD24CD":"E05014614","WD24NM":"Central","LAD24CD":"E07000174"}},{"type":"Polygon","arcs":[[2181,2182,2183,2184,-2175,-2170]],"id":5512,"properties":{"WD24CD":"E05014615","WD24NM":"Eakring","LAD24CD":"E07000174"}},{"type":"Polygon","arcs":[[-2179,2185,-1499,-1486,-2165,-2155]],"id":5513,"properties":{"WD24CD":"E05014616","WD24NM":"Grange Farm","LAD24CD":"E07000174"}},{"type":"Polygon","arcs":[[2186,2187,2188,2189]],"id":5514,"properties":{"WD24CD":"E05014617","WD24NM":"Holly Forest Town","LAD24CD":"E07000174"}},{"type":"Polygon","arcs":[[-920,2190,-2189,2191,2192,2193,2194]],"id":5515,"properties":{"WD24CD":"E05014618","WD24NM":"Hornby","LAD24CD":"E07000174"}},{"type":"Polygon","arcs":[[2195,-2162,2196,-2177,2197]],"id":5516,"properties":{"WD24CD":"E05014619","WD24NM":"Kings Walk","LAD24CD":"E07000174"}},{"type":"Polygon","arcs":[[2198,2199,-2182,-2169,2200,-2187,2201]],"id":5517,"properties":{"WD24CD":"E05014620","WD24NM":"Kingsway Forest Town","LAD24CD":"E07000174"}},{"type":"Polygon","arcs":[[-2160,2202,-941,-1498,2203]],"id":5518,"properties":{"WD24CD":"E05014621","WD24NM":"Lindhurst","LAD24CD":"E07000174"}},{"type":"Polygon","arcs":[[2204,2205,-2183,-2200,2206]],"id":5519,"properties":{"WD24CD":"E05014622","WD24NM":"Ling Forest","LAD24CD":"E07000174"}},{"type":"Polygon","arcs":[[-2194,2207,2208,2209,2210,2211]],"id":5520,"properties":{"WD24CD":"E05014623","WD24NM":"Manor","LAD24CD":"E07000174"}},{"type":"Polygon","arcs":[[2212,-921,-2195,-2212,2213,-1659,-1657,2214]],"id":5521,"properties":{"WD24CD":"E05014624","WD24NM":"Market Warsop","LAD24CD":"E07000174"}},{"type":"Polygon","arcs":[[-2201,-2168,2215,-2192,-2188]],"id":5522,"properties":{"WD24CD":"E05014625","WD24NM":"Maun Valley Forest Town","LAD24CD":"E07000174"}},{"type":"Polygon","arcs":[[-922,-2213,2216,2217]],"id":5523,"properties":{"WD24CD":"E05014626","WD24NM":"Meden","LAD24CD":"E07000174"}},{"type":"Polygon","arcs":[[-2216,-2174,2218,-2208,-2193]],"id":5524,"properties":{"WD24CD":"E05014627","WD24NM":"Mill Lane","LAD24CD":"E07000174"}},{"type":"Polygon","arcs":[[-923,-2218,2219,-382,-934]],"id":5525,"properties":{"WD24CD":"E05014628","WD24NM":"Netherfield","LAD24CD":"E07000174"}},{"type":"Polygon","arcs":[[2220,-2202,-2190,-2191,-919]],"id":5526,"properties":{"WD24CD":"E05014629","WD24NM":"Newlands Forest Town","LAD24CD":"E07000174"}},{"type":"Polygon","arcs":[[-939,2221,2222,-2207,-2199,-2221,-918]],"id":5527,"properties":{"WD24CD":"E05014630","WD24NM":"Oak Tree","LAD24CD":"E07000174"}},{"type":"Polygon","arcs":[[-2197,-2161,-2204,-1497,-2186,-2178]],"id":5528,"properties":{"WD24CD":"E05014631","WD24NM":"Oakham","LAD24CD":"E07000174"}},{"type":"Polygon","arcs":[[-2211,2223,-1660,-2214]],"id":5529,"properties":{"WD24CD":"E05014632","WD24NM":"Park Hall","LAD24CD":"E07000174"}},{"type":"Polygon","arcs":[[2224,2225,-2167,2226,2227]],"id":5530,"properties":{"WD24CD":"E05014633","WD24NM":"Penniment","LAD24CD":"E07000174"}},{"type":"Polygon","arcs":[[2228,2229,2230,-2227,-2166,-1490,-1491,-1612]],"id":5531,"properties":{"WD24CD":"E05014634","WD24NM":"Pleasley","LAD24CD":"E07000174"}},{"type":"Polygon","arcs":[[2231,2232,-2184,-2206]],"id":5532,"properties":{"WD24CD":"E05014635","WD24NM":"Racecourse","LAD24CD":"E07000174"}},{"type":"Polygon","arcs":[[-2233,-2198,-2176,-2185]],"id":5533,"properties":{"WD24CD":"E05014636","WD24NM":"Rock Hill","LAD24CD":"E07000174"}},{"type":"Polygon","arcs":[[2233,-2228,-2231,2234]],"id":5534,"properties":{"WD24CD":"E05014637","WD24NM":"Rufford","LAD24CD":"E07000174"}},{"type":"Polygon","arcs":[[2235,2236,2237,-2235,-2230]],"id":5535,"properties":{"WD24CD":"E05014638","WD24NM":"Sherwood","LAD24CD":"E07000174"}},{"type":"Polygon","arcs":[[-938,-942,-2203,-2159,2238,-2222]],"id":5536,"properties":{"WD24CD":"E05014639","WD24NM":"Southwell","LAD24CD":"E07000174"}},{"type":"Polygon","arcs":[[-2205,-2223,-2239,-2163,-2196,-2232]],"id":5537,"properties":{"WD24CD":"E05014640","WD24NM":"Thompsons","LAD24CD":"E07000174"}},{"type":"Polygon","arcs":[[-2210,2239,-2236,-2229,-1611,-1661,-2224]],"id":5538,"properties":{"WD24CD":"E05014641","WD24NM":"Vale","LAD24CD":"E07000174"}},{"type":"Polygon","arcs":[[2240,-2180,-2157,-2164,-2226]],"id":5539,"properties":{"WD24CD":"E05014642","WD24NM":"Wainwright","LAD24CD":"E07000174"}},{"type":"Polygon","arcs":[[-2217,-2215,-1656,-1651,-383,-2220]],"id":5540,"properties":{"WD24CD":"E05014643","WD24NM":"Warsop Carrs","LAD24CD":"E07000174"}},{"type":"Polygon","arcs":[[2241,-2172,-2181,-2241,-2225,-2234,-2238]],"id":5541,"properties":{"WD24CD":"E05014644","WD24NM":"West Bank","LAD24CD":"E07000174"}},{"type":"Polygon","arcs":[[-2219,-2173,-2242,-2237,-2240,-2209]],"id":5542,"properties":{"WD24CD":"E05014645","WD24NM":"Yeoman Hill","LAD24CD":"E07000174"}},{"type":"Polygon","arcs":[[-1163,2242,-37,2243,2244]],"id":5563,"properties":{"WD24CD":"E05014666","WD24NM":"Anstey","LAD24CD":"E07000130"}},{"type":"Polygon","arcs":[[2245,2246,2247,2248,2249]],"id":5564,"properties":{"WD24CD":"E05014667","WD24NM":"Barrow upon Soar","LAD24CD":"E07000130"}},{"type":"Polygon","arcs":[[2250,-1204,2251,2252,2253]],"id":5565,"properties":{"WD24CD":"E05014668","WD24NM":"Birstall East & Wanlip","LAD24CD":"E07000130"}},{"type":"Polygon","arcs":[[-1151,-1159,2254,-2252]],"id":5566,"properties":{"WD24CD":"E05014669","WD24NM":"Birstall West","LAD24CD":"E07000130"}},{"type":"Polygon","arcs":[[2255,2256,2257,-1036,2258]],"id":5567,"properties":{"WD24CD":"E05014670","WD24NM":"Dishley, Hathern & Thorpe Acre","LAD24CD":"E07000130"}},{"type":"Polygon","arcs":[[2259,2260,-2244,-42,-51,-997,2261,2262]],"id":5568,"properties":{"WD24CD":"E05014671","WD24NM":"Forest Bradgate","LAD24CD":"E07000130"}},{"type":"Polygon","arcs":[[2263,2264,2265,2266,-2257]],"id":5569,"properties":{"WD24CD":"E05014672","WD24NM":"Loughborough Ashby","LAD24CD":"E07000130"}},{"type":"Polygon","arcs":[[2267,-2249,2268,2269,2270,2271,2272]],"id":5570,"properties":{"WD24CD":"E05014673","WD24NM":"Loughborough East","LAD24CD":"E07000130"}},{"type":"Polygon","arcs":[[2273,2274,-995,2275,-2266]],"id":5571,"properties":{"WD24CD":"E05014674","WD24NM":"Loughborough Nanpantan","LAD24CD":"E07000130"}},{"type":"Polygon","arcs":[[-2270,2276,2277,-2262,-996,-2275,2278]],"id":5572,"properties":{"WD24CD":"E05014675","WD24NM":"Loughborough Outwoods & Shelthorpe","LAD24CD":"E07000130"}},{"type":"Polygon","arcs":[[-2279,-2274,-2265,2279,-2271]],"id":5573,"properties":{"WD24CD":"E05014676","WD24NM":"Loughborough Southfields","LAD24CD":"E07000130"}},{"type":"Polygon","arcs":[[-2272,-2280,-2264,-2256,2280]],"id":5574,"properties":{"WD24CD":"E05014677","WD24NM":"Loughborough Storer","LAD24CD":"E07000130"}},{"type":"Polygon","arcs":[[2281,-2263,-2278]],"id":5575,"properties":{"WD24CD":"E05014678","WD24NM":"Loughborough Woodthorpe","LAD24CD":"E07000130"}},{"type":"Polygon","arcs":[[2282,2283,-2247,2284]],"id":5576,"properties":{"WD24CD":"E05014679","WD24NM":"Mountsorrel","LAD24CD":"E07000130"}},{"type":"Polygon","arcs":[[-2284,2285,-2260,-2282,-2277,-2269,-2248]],"id":5577,"properties":{"WD24CD":"E05014680","WD24NM":"Quorn & Mountsorrel Castle","LAD24CD":"E07000130"}},{"type":"Polygon","arcs":[[2286,2287,-2253,-2255,-1164,-2245,-2261,-2286,-2283,2288]],"id":5578,"properties":{"WD24CD":"E05014681","WD24NM":"Rothley Brook","LAD24CD":"E07000130"}},{"type":"Polygon","arcs":[[-2258,-2267,-2276,-994,2289,-1037]],"id":5579,"properties":{"WD24CD":"E05014682","WD24NM":"Shepshed East","LAD24CD":"E07000130"}},{"type":"Polygon","arcs":[[-2290,-1003,-1038]],"id":5580,"properties":{"WD24CD":"E05014683","WD24NM":"Shepshed West","LAD24CD":"E07000130"}},{"type":"Polygon","arcs":[[2290,-2289,-2285,-2246,2291]],"id":5581,"properties":{"WD24CD":"E05014684","WD24NM":"Sileby & Seagrave","LAD24CD":"E07000130"}},{"type":"Polygon","arcs":[[-1604,-1192,-1210,2292,2293,2294]],"id":5582,"properties":{"WD24CD":"E05014685","WD24NM":"South Charnwood","LAD24CD":"E07000130"}},{"type":"Polygon","arcs":[[-2294,2295,-2254,-2288,2296]],"id":5583,"properties":{"WD24CD":"E05014686","WD24NM":"Syston","LAD24CD":"E07000130"}},{"type":"Polygon","arcs":[[2297,-114,2298,-2292,-2250,-2268,2299,2300]],"id":5584,"properties":{"WD24CD":"E05014687","WD24NM":"The Wolds","LAD24CD":"E07000130"}},{"type":"Polygon","arcs":[[-2293,-1211,-1202,-2251,-2296]],"id":5585,"properties":{"WD24CD":"E05014688","WD24NM":"Thurmaston","LAD24CD":"E07000130"}},{"type":"Polygon","arcs":[[-87,-90,-122,-1544,-1605,-2295,-2297,-2287,-2291,-2299]],"id":5586,"properties":{"WD24CD":"E05014689","WD24NM":"Wreake Valley","LAD24CD":"E07000130"}},{"type":"Polygon","arcs":[[-1664,2301,2302,2303,-1747]],"id":5587,"properties":{"WD24CD":"E05014690","WD24NM":"Alfreton","LAD24CD":"E07000032"}},{"type":"Polygon","arcs":[[2304,2305,2306,2307,2308,2309,2310,2311,-424,-2113,-2149,-2154,-2123,-2151,-1676]],"id":5588,"properties":{"WD24CD":"E05014691","WD24NM":"Alport & South West Parishes","LAD24CD":"E07000032"}},{"type":"Polygon","arcs":[[2312,2313,2314,2315]],"id":5589,"properties":{"WD24CD":"E05014692","WD24NM":"Belper East","LAD24CD":"E07000032"}},{"type":"Polygon","arcs":[[2316,-2315,2317,-2307]],"id":5590,"properties":{"WD24CD":"E05014693","WD24NM":"Belper North","LAD24CD":"E07000032"}},{"type":"Polygon","arcs":[[2318,2319,-2308,-2318,-2314]],"id":5591,"properties":{"WD24CD":"E05014694","WD24NM":"Belper South","LAD24CD":"E07000032"}},{"type":"Polygon","arcs":[[-1239,-1247,-1252,2320,2321,2322,2323,2324,2325]],"id":5592,"properties":{"WD24CD":"E05014695","WD24NM":"Codnor, Langley Mill & Aldercar","LAD24CD":"E07000032"}},{"type":"Polygon","arcs":[[-1748,-2304,2326,2327,2328,-2305,-1675]],"id":5593,"properties":{"WD24CD":"E05014696","WD24NM":"Crich & South Wingfield","LAD24CD":"E07000032"}},{"type":"Polygon","arcs":[[-2320,2329,-1310,2330,-2309]],"id":5594,"properties":{"WD24CD":"E05014697","WD24NM":"Duffield & Quarndon","LAD24CD":"E07000032"}},{"type":"Polygon","arcs":[[2331,2332,2333,-2316,-2317,-2306,-2329]],"id":5595,"properties":{"WD24CD":"E05014698","WD24NM":"Heage & Ambergate","LAD24CD":"E07000032"}},{"type":"Polygon","arcs":[[2334,2335,-2322]],"id":5596,"properties":{"WD24CD":"E05014699","WD24NM":"Heanor East","LAD24CD":"E07000032"}},{"type":"Polygon","arcs":[[-2336,2336,2337,-2323]],"id":5597,"properties":{"WD24CD":"E05014700","WD24NM":"Heanor West & Loscoe","LAD24CD":"E07000032"}},{"type":"Polygon","arcs":[[-1467,-1240,-2326,2338,2339,2340]],"id":5598,"properties":{"WD24CD":"E05014701","WD24NM":"Ironville & Riddings","LAD24CD":"E07000032"}},{"type":"Polygon","arcs":[[2341,-2324,-2338,2342,-1311,-2330,-2319,-2313,-2334,2343]],"id":5599,"properties":{"WD24CD":"E05014702","WD24NM":"Kilburn, Denby, Holbrook & Horsley","LAD24CD":"E07000032"}},{"type":"Polygon","arcs":[[-2339,-2325,-2342,2344,-2332,-2328,2345]],"id":5600,"properties":{"WD24CD":"E05014703","WD24NM":"Ripley","LAD24CD":"E07000032"}},{"type":"Polygon","arcs":[[-2344,-2333,-2345]],"id":5601,"properties":{"WD24CD":"E05014704","WD24NM":"Ripley & Marehay","LAD24CD":"E07000032"}},{"type":"Polygon","arcs":[[-2335,-2321,-1251,2346,-1277,-1325,-1313,-1327,-1302,-2343,-2337]],"id":5602,"properties":{"WD24CD":"E05014705","WD24NM":"Smalley, Shipley & Horsley Woodhouse","LAD24CD":"E07000032"}},{"type":"Polygon","arcs":[[-1653,-1483,-1468,-2341,2347,-2302,-1663]],"id":5603,"properties":{"WD24CD":"E05014706","WD24NM":"Somercotes","LAD24CD":"E07000032"}},{"type":"Polygon","arcs":[[-2348,-2340,-2346,-2327,-2303]],"id":5604,"properties":{"WD24CD":"E05014707","WD24NM":"Swanwick","LAD24CD":"E07000032"}},{"type":"Polygon","arcs":[[2348,2349,2350,2351,2352]],"id":5856,"properties":{"WD24CD":"E05014965","WD24NM":"Abbey","LAD24CD":"E07000176"}},{"type":"Polygon","arcs":[[2353,2354,2355,2356]],"id":5857,"properties":{"WD24CD":"E05014966","WD24NM":"Bingham North","LAD24CD":"E07000176"}},{"type":"Polygon","arcs":[[2357,2358,2359,-2355]],"id":5858,"properties":{"WD24CD":"E05014967","WD24NM":"Bingham South","LAD24CD":"E07000176"}},{"type":"Polygon","arcs":[[2360,2361,-2301,2362,2363,2364,2365]],"id":5859,"properties":{"WD24CD":"E05014968","WD24NM":"Bunny","LAD24CD":"E07000176"}},{"type":"Polygon","arcs":[[2366,2367,2368,2369,-1790,-1813]],"id":5860,"properties":{"WD24CD":"E05014969","WD24NM":"Compton Acres","LAD24CD":"E07000176"}},{"type":"Polygon","arcs":[[2370,2371,2372,2373,2374]],"id":5861,"properties":{"WD24CD":"E05014970","WD24NM":"Cotgrave","LAD24CD":"E07000176"}},{"type":"Polygon","arcs":[[-77,-98,2375,2376,-2358,-2354,2377,-1538]],"id":5862,"properties":{"WD24CD":"E05014971","WD24NM":"Cranmer","LAD24CD":"E07000176"}},{"type":"Polygon","arcs":[[-2359,-2377,2378,2379,-2371,2380,2381]],"id":5863,"properties":{"WD24CD":"E05014972","WD24NM":"Cropwell","LAD24CD":"E07000176"}},{"type":"Polygon","arcs":[[-2378,-2357,2382,-912,-949,-1539]],"id":5864,"properties":{"WD24CD":"E05014973","WD24NM":"East Bridgford","LAD24CD":"E07000176"}},{"type":"Polygon","arcs":[[2383,2384,2385,2386,2387,2388,-2350]],"id":5865,"properties":{"WD24CD":"E05014974","WD24NM":"Edwalton","LAD24CD":"E07000176"}},{"type":"Polygon","arcs":[[2389,-2374,2390,-2384,-2349,2391,-1795,-694]],"id":5866,"properties":{"WD24CD":"E05014975","WD24NM":"Gamston","LAD24CD":"E07000176"}},{"type":"Polygon","arcs":[[-1788,2392,-2365,2393,2394,-1013,-1323,-1318,-1219,-1792]],"id":5867,"properties":{"WD24CD":"E05014976","WD24NM":"Gotham","LAD24CD":"E07000176"}},{"type":"Polygon","arcs":[[2395,-2372,-2380,2396,-2361,2397,-2386]],"id":5868,"properties":{"WD24CD":"E05014977","WD24NM":"Keyworth & Wolds","LAD24CD":"E07000176"}},{"type":"Polygon","arcs":[[-2353,2398,-1796,-2392]],"id":5869,"properties":{"WD24CD":"E05014978","WD24NM":"Lady Bay","LAD24CD":"E07000176"}},{"type":"Polygon","arcs":[[2399,-2394,-2364]],"id":5870,"properties":{"WD24CD":"E05014979","WD24NM":"Leake","LAD24CD":"E07000176"}},{"type":"Polygon","arcs":[[-2388,2400,-2369,2401]],"id":5871,"properties":{"WD24CD":"E05014980","WD24NM":"Lutterell","LAD24CD":"E07000176"}},{"type":"Polygon","arcs":[[-2351,-2389,-2402,-2368,2402]],"id":5872,"properties":{"WD24CD":"E05014981","WD24NM":"Musters","LAD24CD":"E07000176"}},{"type":"Polygon","arcs":[[-97,-115,-2298,-2362,-2397,-2379,-2376]],"id":5873,"properties":{"WD24CD":"E05014982","WD24NM":"Nevile & Langar","LAD24CD":"E07000176"}},{"type":"Polygon","arcs":[[-2383,-2356,-2360,-2382,2403,-733,-928,-913]],"id":5874,"properties":{"WD24CD":"E05014983","WD24NM":"Newton","LAD24CD":"E07000176"}},{"type":"Polygon","arcs":[[-2381,-2375,-2390,-693,-734,-2404]],"id":5875,"properties":{"WD24CD":"E05014984","WD24NM":"Radcliffe on Trent","LAD24CD":"E07000176"}},{"type":"Polygon","arcs":[[-2401,-2387,-2398,-2366,-2393,-1787,-1791,-2370]],"id":5876,"properties":{"WD24CD":"E05014985","WD24NM":"Ruddington","LAD24CD":"E07000176"}},{"type":"Polygon","arcs":[[-2400,-2363,-2300,-2273,-2281,-2259,-1035,-1033,-1014,-2395]],"id":5877,"properties":{"WD24CD":"E05014986","WD24NM":"Soar Valley","LAD24CD":"E07000176"}},{"type":"Polygon","arcs":[[-2373,-2396,-2385,-2391]],"id":5878,"properties":{"WD24CD":"E05014987","WD24NM":"Tollerton","LAD24CD":"E07000176"}},{"type":"Polygon","arcs":[[-2352,-2403,-2367,-1812,-2399]],"id":5879,"properties":{"WD24CD":"E05014988","WD24NM":"Trent Bridge","LAD24CD":"E07000176"}},{"type":"Polygon","arcs":[[2404,2405,2406,2407,2408]],"id":6061,"properties":{"WD24CD":"E05015170","WD24NM":"Brampton East & Boythorpe","LAD24CD":"E07000034"}},{"type":"Polygon","arcs":[[-2409,2409,-1691,2410,2411]],"id":6062,"properties":{"WD24CD":"E05015171","WD24NM":"Brampton West & Loundsley Green","LAD24CD":"E07000034"}},{"type":"Polygon","arcs":[[2412,2413,2414,2415,2416]],"id":6063,"properties":{"WD24CD":"E05015172","WD24NM":"Brimington North","LAD24CD":"E07000034"}},{"type":"Polygon","arcs":[[2417,-1751,2418,2419,-2414]],"id":6064,"properties":{"WD24CD":"E05015173","WD24NM":"Brimington South","LAD24CD":"E07000034"}},{"type":"Polygon","arcs":[[2420,2421,-2405,-2412,2422,2423]],"id":6065,"properties":{"WD24CD":"E05015174","WD24NM":"Brockwell","LAD24CD":"E07000034"}},{"type":"Polygon","arcs":[[2424,2425,-2424,2426,-1696,-1685]],"id":6066,"properties":{"WD24CD":"E05015175","WD24NM":"Dunston","LAD24CD":"E07000034"}},{"type":"Polygon","arcs":[[-1749,-1730,2427,2428]],"id":6067,"properties":{"WD24CD":"E05015176","WD24NM":"Hasland","LAD24CD":"E07000034"}},{"type":"Polygon","arcs":[[-2423,-2411,-1690,-2427]],"id":6068,"properties":{"WD24CD":"E05015177","WD24NM":"Linacre","LAD24CD":"E07000034"}},{"type":"Polygon","arcs":[[-2428,-1729,-1754,-1757,-1693,2429,-2407,2430]],"id":6069,"properties":{"WD24CD":"E05015178","WD24NM":"Rother","LAD24CD":"E07000034"}},{"type":"Polygon","arcs":[[-2419,-1750,-2429,-2431,-2406,-2422,2431]],"id":6070,"properties":{"WD24CD":"E05015179","WD24NM":"Spire","LAD24CD":"E07000034"}},{"type":"Polygon","arcs":[[-1647,2432,2433]],"id":6071,"properties":{"WD24CD":"E05015180","WD24NM":"Staveley Central","LAD24CD":"E07000034"}},{"type":"Polygon","arcs":[[-1624,-1648,-2434,2434,-2417,2435,-1755,-1724]],"id":6072,"properties":{"WD24CD":"E05015181","WD24NM":"Staveley North","LAD24CD":"E07000034"}},{"type":"Polygon","arcs":[[-2433,-1646,-1639,-1752,-2418,-2413,-2435]],"id":6073,"properties":{"WD24CD":"E05015182","WD24NM":"Staveley South","LAD24CD":"E07000034"}},{"type":"Polygon","arcs":[[-2430,-1692,-2410,-2408]],"id":6074,"properties":{"WD24CD":"E05015183","WD24NM":"Walton","LAD24CD":"E07000034"}},{"type":"Polygon","arcs":[[-2436,-2416,2436,-2425,-1684,-1756]],"id":6075,"properties":{"WD24CD":"E05015184","WD24NM":"Whittington","LAD24CD":"E07000034"}},{"type":"Polygon","arcs":[[-2437,-2415,-2420,-2432,-2421,-2426]],"id":6076,"properties":{"WD24CD":"E05015185","WD24NM":"Whittington Moor","LAD24CD":"E07000034"}},{"type":"Polygon","arcs":[[-150,2437,2438,2439,2440]],"id":6151,"properties":{"WD24CD":"E05015260","WD24NM":"Blaby","LAD24CD":"E07000129"}},{"type":"Polygon","arcs":[[-1155,2441,2442,2443]],"id":6152,"properties":{"WD24CD":"E05015261","WD24NM":"Braunstone Millfield","LAD24CD":"E07000129"}},{"type":"Polygon","arcs":[[-1156,-2444,2444,-1171]],"id":6153,"properties":{"WD24CD":"E05015262","WD24NM":"Braunstone Ravenhurst","LAD24CD":"E07000129"}},{"type":"Polygon","arcs":[[-2439,2445,-1562,-1556,-1551,2446,2447,2448]],"id":6154,"properties":{"WD24CD":"E05015263","WD24NM":"Cosby & South Whetstone","LAD24CD":"E07000129"}},{"type":"Polygon","arcs":[[-162,-1570,-1566,-1563,-2446,-2438,-149,-155]],"id":6155,"properties":{"WD24CD":"E05015264","WD24NM":"Countesthorpe","LAD24CD":"E07000129"}},{"type":"Polygon","arcs":[[-1154,2449,2450,2451,2452,2453,-2442]],"id":6156,"properties":{"WD24CD":"E05015265","WD24NM":"Enderby","LAD24CD":"E07000129"}},{"type":"Polygon","arcs":[[2454,-1554,-1607,-2456,-24,-23,-49,-16,-34]],"id":6157,"properties":{"WD24CD":"E05015266","WD24NM":"Fosse Highcross","LAD24CD":"E07000129"}},{"type":"Polygon","arcs":[[2456,2457,2458,2459,-36,-58]],"id":6158,"properties":{"WD24CD":"E05015267","WD24NM":"Fosse Normanton","LAD24CD":"E07000129"}},{"type":"Polygon","arcs":[[2460,-2447,-1555,-2455,-33,-2460]],"id":6159,"properties":{"WD24CD":"E05015268","WD24NM":"Fosse Stoney Cove","LAD24CD":"E07000129"}},{"type":"Polygon","arcs":[[-1188,-151,-2441,2461,-2450,-1153]],"id":6160,"properties":{"WD24CD":"E05015269","WD24NM":"Glen Parva","LAD24CD":"E07000129"}},{"type":"Polygon","arcs":[[-1214,2462,-60,-39,2463]],"id":6161,"properties":{"WD24CD":"E05015270","WD24NM":"Glenfield Ellis","LAD24CD":"E07000129"}},{"type":"Polygon","arcs":[[-1162,-1215,-2464,-38,-2243]],"id":6162,"properties":{"WD24CD":"E05015271","WD24NM":"Glenfield Faire","LAD24CD":"E07000129"}},{"type":"Polygon","arcs":[[-1213,-1174,2464,-2457,-57,-61,-2463]],"id":6163,"properties":{"WD24CD":"E05015272","WD24NM":"Kirby Muxloe","LAD24CD":"E07000129"}},{"type":"Polygon","arcs":[[2465,-2453,2466,-2458,-2465,-1173]],"id":6164,"properties":{"WD24CD":"E05015273","WD24NM":"Leicester Forest & Lubbesthorpe","LAD24CD":"E07000129"}},{"type":"Polygon","arcs":[[-2452,2467,-2448,-2461,-2459,-2467]],"id":6165,"properties":{"WD24CD":"E05015274","WD24NM":"Narborough & Littlethorpe","LAD24CD":"E07000129"}},{"type":"Polygon","arcs":[[-2440,-2449,-2468,-2451,-2462]],"id":6166,"properties":{"WD24CD":"E05015275","WD24NM":"North Whetstone","LAD24CD":"E07000129"}},{"type":"Polygon","arcs":[[-2445,-2443,-2454,-2466,-1172]],"id":6167,"properties":{"WD24CD":"E05015276","WD24NM":"Thorpe Astley & St Mary's","LAD24CD":"E07000129"}},{"type":"Polygon","arcs":[[-375,-392,2468,-396,-2470,-2471,-362]],"id":6367,"properties":{"WD24CD":"E05015476","WD24NM":"Carlton","LAD24CD":"E07000171"}},{"type":"Polygon","arcs":[[-391,-393,-2469]],"id":6368,"properties":{"WD24CD":"E05015477","WD24NM":"Worksop North East","LAD24CD":"E07000171"}},{"type":"Polygon","arcs":[[2471,2472,2473,2474,2475,2476]],"id":6398,"properties":{"WD24CD":"E05015507","WD24NM":"Abbey","LAD24CD":"E06000015"}},{"type":"Polygon","arcs":[[-1309,2477,2478,-2310,-2331]],"id":6399,"properties":{"WD24CD":"E05015508","WD24NM":"Allestree","LAD24CD":"E06000015"}},{"type":"Polygon","arcs":[[2479,2480,-415,2481,2482,2483,2484]],"id":6400,"properties":{"WD24CD":"E05015509","WD24NM":"Alvaston North","LAD24CD":"E06000015"}},{"type":"Polygon","arcs":[[-414,2485,2486,-2482]],"id":6401,"properties":{"WD24CD":"E05015510","WD24NM":"Alvaston South","LAD24CD":"E06000015"}},{"type":"Polygon","arcs":[[-2484,2487,2488,-2472,2489,2490]],"id":6402,"properties":{"WD24CD":"E05015511","WD24NM":"Arboretum","LAD24CD":"E06000015"}},{"type":"Polygon","arcs":[[2491,-476,-478,2492,2493]],"id":6403,"properties":{"WD24CD":"E05015512","WD24NM":"Blagreaves","LAD24CD":"E06000015"}},{"type":"Polygon","arcs":[[2494,-2480,2495,2496,-1305]],"id":6404,"properties":{"WD24CD":"E05015513","WD24NM":"Chaddesden East","LAD24CD":"E06000015"}},{"type":"Polygon","arcs":[[2497,2498,2499,-1307]],"id":6405,"properties":{"WD24CD":"E05015514","WD24NM":"Chaddesden North","LAD24CD":"E06000015"}},{"type":"Polygon","arcs":[[2500,-2496,-2485,-2491,2501,-2499]],"id":6406,"properties":{"WD24CD":"E05015515","WD24NM":"Chaddesden West","LAD24CD":"E06000015"}},{"type":"Polygon","arcs":[[-413,2502,-2486]],"id":6407,"properties":{"WD24CD":"E05015516","WD24NM":"Chellaston & Shelton Lock","LAD24CD":"E06000015"}},{"type":"Polygon","arcs":[[-2500,-2502,-2490,-2477,2503,-2478,-1308]],"id":6408,"properties":{"WD24CD":"E05015517","WD24NM":"Darley","LAD24CD":"E06000015"}},{"type":"Polygon","arcs":[[-2493,-479,-426,2504,-2474]],"id":6409,"properties":{"WD24CD":"E05015518","WD24NM":"Littleover","LAD24CD":"E06000015"}},{"type":"Polygon","arcs":[[-2479,-2504,-2476,2505,-2311]],"id":6410,"properties":{"WD24CD":"E05015519","WD24NM":"Mackworth & New Zealand","LAD24CD":"E06000015"}},{"type":"Polygon","arcs":[[-2475,-2505,-425,-2312,-2506]],"id":6411,"properties":{"WD24CD":"E05015520","WD24NM":"Mickleover","LAD24CD":"E06000015"}},{"type":"Polygon","arcs":[[2506,-2494,-2473,-2489]],"id":6412,"properties":{"WD24CD":"E05015521","WD24NM":"Normanton","LAD24CD":"E06000015"}},{"type":"Polygon","arcs":[[-2497,-2501,-2498,-1306]],"id":6413,"properties":{"WD24CD":"E05015522","WD24NM":"Oakwood","LAD24CD":"E06000015"}},{"type":"Polygon","arcs":[[-2487,-2503,-412,-474,-2492,-2507,-2488,-2483]],"id":6414,"properties":{"WD24CD":"E05015523","WD24NM":"Sinfin & Osmaston","LAD24CD":"E06000015"}},{"type":"Polygon","arcs":[[-1320,-416,-2481,-2495,-1304,-1326]],"id":6415,"properties":{"WD24CD":"E05015524","WD24NM":"Spondon","LAD24CD":"E06000015"}},{"type":"Polygon","arcs":[[2507,2508,-1777,2509,2510,-1296,-1291,-1301,-1270,-1275,2511]],"id":6455,"properties":{"WD24CD":"E05015564","WD24NM":"Awsworth, Cossall & Trowell","LAD24CD":"E07000172"}},{"type":"Polygon","arcs":[[-1814,-1230,-1235,-1223,-1243,-1261,2512,2513,-2510,-1776]],"id":6456,"properties":{"WD24CD":"E05015565","WD24NM":"Bramcote","LAD24CD":"E07000172"}},{"type":"Polygon","arcs":[[-1431,-1460,-1265,2514,-2512,-1278,-2347,-1250,-1248,-1244,-1237,-1500]],"id":6457,"properties":{"WD24CD":"E05015566","WD24NM":"Greasley","LAD24CD":"E07000172"}},{"type":"Polygon","arcs":[[2515,-2508,-2515,-1264]],"id":6458,"properties":{"WD24CD":"E05015567","WD24NM":"Kimberley","LAD24CD":"E07000172"}},{"type":"Polygon","arcs":[[-1780,-1765,-1761,-1778,-2509,-2516,-1263,-1459]],"id":6459,"properties":{"WD24CD":"E05015568","WD24NM":"Nuthall East & Strelley","LAD24CD":"E07000172"}},{"type":"Polygon","arcs":[[2516,-1256,-1322,-1297,-2511,-2514]],"id":6460,"properties":{"WD24CD":"E05015569","WD24NM":"Stapleford North","LAD24CD":"E07000172"}},{"type":"Polygon","arcs":[[-2513,-1260,-1253,-2517]],"id":6461,"properties":{"WD24CD":"E05015570","WD24NM":"Stapleford South East","LAD24CD":"E07000172"}}]}},"arcs":[[[69944,24935],[-20,-7],[-4,-15],[-22,-23],[2,-18],[20,-10],[-1,-8],[-11,-17],[-15,-10],[-26,-36],[-25,-21],[10,-8],[-13,-6],[-5,-1],[-2,-3],[-8,1],[-5,-3],[-17,3],[-20,-21],[-3,1],[9,-24],[-10,-2],[13,-40]],[[69791,24667],[-6,2],[-18,-2],[7,-11],[-8,-12],[2,-13],[13,-15],[-50,-15],[8,-18],[22,-18]],[[69761,24565],[-22,-11],[-6,4],[-36,-8],[-9,12],[-21,15],[-4,-4],[-9,-1],[0,-4],[-8,-1],[-14,-6],[3,-15],[-41,-27],[-42,-15],[0,-10],[-39,3],[-46,-7],[7,-12],[-9,-4],[26,-14],[32,-8],[-15,-25]],[[69508,24427],[-11,-27],[-27,-34],[-8,-36],[-21,-14],[-2,-8]],[[69439,24308],[-77,27],[-2,-3],[-73,24]],[[69287,24356],[-234,82],[-8,-4]],[[69045,24434],[-39,14],[-182,51]],[[68824,24499],[18,17],[5,-1],[32,11],[16,21],[-5,10],[79,35],[4,9],[48,7],[46,12],[20,-2],[28,10],[-23,30],[5,1],[-1,8],[-16,26],[-69,13],[1,2],[-12,3],[-33,16],[-9,-4],[-29,19],[-13,2],[-25,10],[6,6],[-12,6],[1,3],[-24,4],[1,6],[-22,4],[14,55],[0,21],[-6,30],[-12,0],[-22,-5],[-7,1],[-2,3],[-10,-3],[-9,1],[-19,-7],[-7,4],[7,5],[-4,1],[-3,-3],[-7,5],[-6,0],[1,-3],[-8,2],[-7,-2],[-1,-3],[-14,2],[-1,4],[-7,2],[-4,5],[6,-2],[1,4],[-17,9],[3,16],[-5,0],[2,14],[29,-1],[-10,69],[-18,4],[2,6],[-21,8],[18,7],[-4,15],[3,9],[8,0],[3,5],[14,2],[11,-4],[16,3],[6,-3],[8,1],[-1,4],[6,2],[-2,5],[24,4],[9,13],[10,3],[-3,5],[16,5],[24,-3],[8,8],[13,5],[1,6],[9,2],[4,6],[5,-2],[6,10],[11,5],[7,-2],[0,3],[7,-1],[-2,-7],[15,5],[9,9],[-12,7],[11,6]],[[68937,25158],[8,3],[-2,6],[11,3],[8,-1],[2,4],[4,-5],[6,5],[12,3],[16,12],[3,10],[5,1],[24,2],[2,3],[7,0],[4,-3],[9,0],[7,-4],[11,1],[16,-9],[3,-7],[23,-15],[6,3],[7,-5],[2,6],[17,-3],[4,-3],[16,2],[79,-37],[10,-1],[11,-21],[-1,-10],[-13,-18],[-19,-11],[-14,-17],[7,-5],[0,-13],[-12,-4],[6,-3],[4,-8],[-30,-28],[35,-19],[56,-22],[26,-21],[42,-20],[24,10],[30,-21],[5,3],[-12,5],[9,9],[16,8],[26,-25],[3,7],[9,2],[-1,9],[14,2],[12,7],[10,0],[0,3],[8,-1],[1,3],[8,-1],[-1,3],[7,3],[7,0],[3,3],[4,-3],[7,9],[12,3],[13,9],[14,1],[4,4],[18,-2],[13,2],[6,-4],[12,-2],[6,-5],[32,5],[35,-2],[45,9],[-1,2],[9,3],[46,4],[12,8],[60,-4],[23,-10],[41,-30]],[[70000,25570],[15,-32],[-14,-8],[1,-13],[2,0],[5,-10],[-7,-4],[4,-6],[-9,-11],[11,-17],[4,0],[5,-12],[-6,-2],[3,-5],[-13,-4],[-2,-4],[25,-9],[4,-4],[38,-12],[15,-10],[23,-9],[5,-6],[37,-20]],[[70146,25372],[-9,-5],[11,-44],[-3,-23],[-42,-53],[-29,15],[-9,-3],[-18,8],[-33,4],[-6,-22],[-18,4],[-2,-6],[-21,-5],[2,-4],[38,2],[33,-16],[34,-39],[21,-14],[-18,-4],[-67,-5],[-20,-31],[-23,-26],[0,-6]],[[69967,25099],[-40,3],[-14,-1],[-1,-4],[-37,6],[-1,2],[-33,2],[-19,28],[-13,-8],[-6,3],[4,5],[-12,11],[-8,-6],[-25,0],[-48,40],[-32,2],[-5,-2],[-19,5],[-4,7],[-16,8],[-4,6],[-19,-3],[-5,2],[-4,6],[7,5],[-4,2],[6,4],[-5,2],[5,7],[-68,17],[-3,3],[8,2],[5,8],[-4,32],[19,24],[0,27],[16,23],[-4,7],[11,8],[-22,44],[-2,41],[13,53],[3,4],[16,6]],[[69603,25530],[27,3],[11,5]],[[69641,25538],[12,6],[22,-2],[29,5],[74,3],[0,13],[16,-4],[78,17],[25,11],[28,2],[18,4],[12,11],[7,-4],[12,3],[7,-15],[19,-18]],[[70387,24770],[-10,-10],[-4,-10],[2,-25],[-5,-5],[2,-5],[-11,-4],[1,-3],[-13,-13],[3,-4],[-37,-15],[-64,-12],[-8,-8],[3,-15],[17,3],[5,-8],[2,-24],[14,-8],[31,-33],[-8,-7]],[[70307,24564],[-6,1],[-54,-53],[22,-7],[1,-9],[-46,-19],[-6,-7]],[[70218,24470],[-12,-5],[-18,1],[5,7],[-12,4],[5,4],[-38,7],[-19,8],[-67,-7],[7,26],[-31,2],[-2,5],[-9,-2],[-1,-3],[-18,2],[3,6],[-9,15],[-67,-7],[2,8],[20,16],[-133,18],[-33,1]],[[69791,24576],[-30,-11]],[[69791,24667],[23,2],[2,-3],[11,1],[6,-4],[10,2],[8,-2],[-2,-2],[16,1],[43,-22],[47,6],[14,1],[4,14],[15,14],[25,9],[19,16],[3,0],[8,10],[6,-1],[31,25],[39,3],[29,10],[14,0],[27,-9],[14,0],[27,11],[16,3],[5,6],[17,5],[-31,3],[15,22],[32,-7],[5,-4],[8,2],[11,-2],[3,2],[20,-5],[2,3],[11,-3],[5,4],[11,-7],[8,1],[2,3],[6,-1],[0,-3],[11,-1]],[[70271,24254],[-10,-6],[-28,0],[-35,-8],[7,-4],[5,-10],[-27,0],[1,-9],[-21,-2],[-12,22],[-14,-1],[-9,-5],[-5,1],[-3,-2],[5,-6],[0,-8],[4,-2],[-23,-1],[-6,4],[-17,-5],[-2,2],[-8,-2],[-15,9],[13,9],[-18,22],[20,5],[-3,4],[-24,-3],[-19,-6],[2,-4],[-13,-2],[-3,3],[-33,-4],[-36,4],[-49,-13],[-20,31],[-25,12]],[[69850,24279],[50,5],[49,11],[41,12],[47,21]],[[70037,24328],[194,79]],[[70231,24407],[3,-14],[16,-30],[-4,-8],[6,-17],[17,-21],[-22,-52],[24,-11]],[[70271,24254],[16,-6],[-9,-12],[20,-4],[-16,-18],[9,-2],[-1,-23],[11,-2],[0,-3],[15,-8],[5,-6],[-1,-9],[15,-1],[5,-4],[13,-4],[13,-14],[-10,-18],[13,-8],[2,-4],[8,3],[3,-4],[27,-5],[-8,-4],[-5,-21],[2,-11],[-23,-31],[3,-4],[-6,-4],[-1,-12],[-31,-40]],[[70340,23975],[-127,43],[-33,14],[-222,78],[-3,-2],[-28,7],[-1,7],[-51,7],[3,10],[-69,21],[-140,51]],[[69669,24211],[10,7],[20,7],[3,5],[-2,7],[-24,21],[75,12],[57,6]],[[69808,24276],[42,3]],[[69415,25632],[16,-27],[16,-19],[41,-18],[18,-13],[26,-11],[23,-5],[45,0],[3,-9]],[[69967,25099],[53,-4],[12,-5],[24,-26],[6,1],[7,10],[-5,10],[21,-6],[-10,-11],[-9,-24],[-14,-10],[4,-3],[-24,-13],[1,-3],[-15,-18],[-7,-31],[2,-8],[-6,-13],[6,-17],[-8,0],[-1,-6],[-60,13]],[[68937,25158],[-25,33],[-31,21],[-7,10],[1,16],[-12,13],[-66,41],[-11,21],[39,27],[26,6],[48,5],[26,11],[62,31],[13,17],[-65,21],[15,21],[-59,-8],[-40,6],[-20,12],[-21,5],[-24,12],[-16,13],[-13,3],[-17,0],[-18,4],[-3,3]],[[68719,25502],[60,20],[20,18],[36,16],[29,19],[18,6],[35,-62],[38,3],[19,-19],[2,-10],[79,0],[1,-9],[19,1],[4,-3],[-4,-18],[107,-8],[12,16],[27,7],[1,5],[5,4],[6,-1],[29,25],[1,7],[-5,1],[-3,7],[3,9],[-10,5],[-7,-3],[6,18],[26,17],[14,2],[3,5],[10,1],[20,10],[9,7],[1,10]],[[69330,25608],[6,7],[-6,2],[13,9],[46,12],[26,-6]],[[70879,24624],[2,-4],[13,-2],[-7,-4],[1,-4],[-12,-1],[1,-5],[-4,1],[-6,-14],[-11,-4],[-10,1],[-1,-5],[7,-1],[-2,-7],[-7,-4],[-1,-6],[-7,0],[-15,-14],[-4,4],[-4,-4],[-10,3],[2,3],[-12,1],[0,-3],[-15,-2],[2,-2],[-7,-1],[-5,-6],[-9,0],[-6,-4],[-22,1],[-4,-3],[-6,2],[-32,4]],[[70688,24544],[-4,9],[-59,-11],[-25,2],[-4,-3],[1,-6],[-35,-12],[-11,1],[-4,4],[-19,-1],[-11,10],[-15,-3],[-7,3],[-3,-3],[-8,1],[-16,-5],[-6,2],[3,4],[-7,4],[0,3],[-66,21],[4,11],[-42,6],[-20,-26],[-27,9]],[[70387,24770],[11,-4],[9,1],[1,3],[11,-3],[14,1],[6,2],[5,-4],[8,3],[25,-1],[16,-4],[9,-5],[10,-1],[10,5],[-4,18],[3,7],[4,-1],[-2,-8],[4,-4],[36,-15],[18,-1],[27,6],[26,15],[21,17]],[[70655,24797],[3,-2],[-20,-18],[-17,-8],[-23,-22],[19,-4],[7,-8],[-4,-5],[7,-3],[-3,-12],[-14,-22],[74,-16],[28,-2],[24,-10],[31,-8],[69,-11],[28,-2],[4,2],[1,-10],[6,0],[4,-12]],[[71410,25554],[15,-3],[-4,-17],[45,-11],[6,-9],[55,-14],[2,-16],[-14,-4],[1,-19],[18,3],[11,-4]],[[71545,25460],[-28,-4],[-3,-17],[-14,-7]],[[71500,25432],[-38,-14],[-12,-11],[-9,-30],[-36,-13],[2,-5],[-18,-12],[-23,-7],[-23,-1],[-33,-5]],[[71310,25334],[-13,10],[-39,14],[-19,27],[-69,4],[-5,9],[-13,6],[3,4],[38,4],[12,13],[-42,22],[-6,7],[-32,-2],[-42,12],[-18,2],[-10,-6],[-1,-6],[-37,-19],[6,-6],[-15,-6],[-37,-8],[-2,-12],[-8,-7],[-43,24],[-2,26],[-9,14],[-27,24],[-6,10],[1,11]],[[70875,25505],[7,15],[26,26],[31,-28],[11,-25],[20,-16],[14,-2],[25,25],[19,7],[-22,16],[8,6],[-8,22],[1,11],[-8,5],[8,8],[-20,27],[-13,7],[1,12]],[[70975,25621],[16,11],[7,12],[19,-2],[22,4],[3,-5],[24,4],[46,-1],[23,-13],[30,-31],[31,-15],[3,-2],[-4,-3],[13,-5],[2,-10],[42,-5],[22,-27],[-14,-9],[27,-14],[53,-2],[43,11],[-4,7],[11,7],[9,-2],[11,23]],[[69861,24372],[12,-7],[4,-17],[11,5],[31,0],[10,13],[27,0],[10,-4],[12,-13],[59,-21]],[[69808,24276],[-32,28],[-6,0],[-4,3],[16,3],[-47,26],[26,14],[9,2],[-5,2]],[[69765,24354],[17,18],[1,9],[24,15],[9,-7],[45,-17]],[[69669,24211],[-194,67],[-6,-2],[-2,3],[-12,-1]],[[69455,24278],[0,15],[-10,4],[-6,11]],[[69508,24427],[58,-2],[71,-13],[-9,-21],[27,-1],[21,9],[10,1],[3,-16],[25,-9],[19,-14],[3,-6],[18,2],[11,-3]],[[70218,24470],[-11,-9],[-1,-15],[10,-11],[15,-28]],[[69861,24372],[37,24],[-10,5],[-30,36],[-16,-4],[-5,6],[11,6],[-19,15],[-14,-1],[-7,10],[60,19],[-10,13],[2,5],[-14,9],[-6,10],[-10,3],[-27,18],[-3,8],[4,3],[-13,19]],[[70748,25917],[-21,-5],[-10,-18],[6,-19],[-9,-40],[8,-28],[27,-21],[25,-13],[15,-5],[26,4],[4,-4],[-47,-27],[-13,-22],[1,-6],[20,-10],[74,-23],[25,-12],[34,-9],[-4,-5],[7,-2],[2,-7],[57,-24]],[[70875,25505],[-18,-3],[-35,59],[-7,6],[-26,-17],[-34,-14],[1,-4],[-20,-16],[-18,9],[-21,-35],[-17,3],[-13,9],[-20,-1],[-21,26],[10,7],[-3,14],[-27,33],[-55,-7],[-11,3],[-43,0],[-13,4],[-11,-7],[-8,2],[-14,-5],[-45,7],[-4,6],[-9,3],[-2,11],[-11,12],[4,8],[-31,11],[-1,8],[8,8],[-9,10],[-89,-14],[-40,-2],[4,-19],[-10,-5],[-28,4],[-23,8],[-14,12],[6,12],[-16,-3],[-24,0]],[[70117,25648],[-15,39],[71,8],[-82,36]],[[70091,25731],[61,6],[27,5],[103,30],[7,-2],[7,5],[49,6],[15,6],[8,-1],[39,16]],[[70407,25802],[69,34],[21,6],[92,9],[72,19],[21,21],[4,10]],[[70686,25901],[4,-7],[33,29],[25,-6]],[[70960,25215],[0,-4],[-11,0],[4,-7],[21,6],[18,-10],[13,-2],[-2,-11],[10,1],[13,6],[-1,7],[4,3],[18,2],[8,-3],[22,4],[12,-4],[28,-2],[33,-21],[-54,-11],[-18,1],[-10,-9],[-19,1],[-11,-8],[0,-5],[-18,0],[-59,-12],[-12,-5],[-10,-12],[22,-15],[5,-14],[21,-28],[4,-41],[-74,-12],[5,-5]],[[70922,25005],[-95,16],[1,-10],[25,-4],[-15,-30],[-7,2],[-1,12],[-30,-12],[29,-16],[-58,-7],[42,0],[-38,-16],[18,-23],[32,-18],[1,-16],[-23,-14],[-44,-18],[-32,-20],[-61,-24],[-11,-10]],[[70146,25372],[87,-43],[160,-23],[-12,-17],[1,-9],[6,-4],[-8,-32],[-7,-2],[12,-40],[31,34],[41,2],[36,10],[44,6],[-17,19],[-6,17],[44,1],[-6,6],[17,10],[22,-2],[19,5],[51,26],[8,-5],[10,22],[24,-13],[20,-6],[7,7],[25,5],[20,-22],[27,-15],[23,-5],[40,-2],[40,-17],[19,-1],[19,-17],[3,-13],[-4,-7],[18,-32]],[[71310,25334],[-10,-3],[-4,3],[-29,-13],[15,-5],[27,-21],[8,2],[3,-2]],[[71320,25295],[-19,-20],[-40,-15],[-30,-7],[2,-8],[-6,1],[-6,-4],[-3,3],[-3,-5],[-2,5],[-4,-3],[-3,6],[-8,-1],[2,3],[-8,4],[-7,-3],[-1,4],[-13,-5],[-11,2],[-11,-2],[-7,5],[-2,-7],[-2,4],[-9,0],[-8,-4],[-1,-4],[-25,-7],[-8,-1],[-4,4],[-8,0],[-25,-11],[-33,-4],[-3,-3],[-4,2],[-6,-3],[-6,2],[-2,-4],[-6,3],[-17,-9],[-13,2]],[[70000,25570],[9,14],[-8,8],[-2,15],[23,21],[42,19],[53,1]],[[68824,24499],[-189,52]],[[68635,24551],[-192,54],[-4,2],[14,6],[2,5],[-14,16],[-16,4],[-2,-2]],[[68423,24636],[-11,3],[-7,11],[0,12],[13,0],[-6,9],[0,13],[-4,2],[9,3],[-3,5],[5,2],[-4,8],[-16,10],[1,3],[-7,0],[-10,6],[-22,0],[-9,10],[8,3],[-3,9],[-29,13],[-6,7],[-8,1],[-13,9],[0,4],[-49,-1],[-15,2],[-19,9],[-4,7],[-9,5]],[[68205,24801],[-17,9],[-7,-3],[-2,4],[-6,0],[-16,6],[-12,-1],[-24,4],[-8,9],[0,7],[-9,4],[-26,-1],[35,47],[0,72],[6,13],[21,26],[-2,12],[-19,4],[-40,17],[-6,25],[-31,1],[-23,6],[-6,18]],[[68013,25080],[14,31],[-4,29],[5,10],[13,8],[-19,11],[-43,15],[-3,10],[3,9],[51,1],[64,9],[29,9],[26,23],[26,3],[35,11],[21,17],[5,14],[14,17],[0,6],[-14,11],[-7,10],[3,9],[22,19],[-47,21],[11,28],[-58,72],[4,5]],[[68164,25488],[76,-7],[50,8],[-2,-16],[19,1],[0,-2],[90,20],[93,27],[92,36],[18,4],[15,9],[5,0],[12,12],[6,0],[-1,-5],[10,-4],[9,0],[0,-3],[14,-9],[11,-3],[-1,-6],[15,-6],[-5,-3],[10,-7],[-4,-2],[6,-5],[-5,-2],[10,-20],[9,0],[3,-3]],[[74321,26575],[-9,-7],[-6,-32],[-21,-15],[-8,-30],[-8,-8]],[[74269,26483],[-76,-64],[15,-6],[-14,-9],[-8,-22],[-9,2],[-2,-4],[-1,-14],[-14,-30],[4,-5],[-2,-5],[-10,-4],[10,-20]],[[74162,26302],[-4,-3],[-15,0],[-35,-11],[-25,-3],[-9,3],[-5,12],[17,34],[-9,14],[-15,8],[-32,-1],[-25,5],[-10,-1],[-34,-11],[-8,-11],[-27,3],[-33,-6],[-25,-15],[-37,4],[-16,10],[-20,-1],[-16,-9],[3,-8],[-5,-8],[1,-11],[-9,-3],[-18,-1],[0,-7],[-21,3],[-29,-10],[-17,12],[-16,-6],[-19,4],[-32,-9],[-9,-7],[-13,5],[-8,29],[19,25],[-7,9],[3,8],[-9,10],[2,11],[-4,4],[41,-3],[14,14],[92,46],[101,27],[38,44],[20,-3],[16,15],[20,-4],[7,1],[6,9],[6,0],[4,20],[11,22],[8,8]],[[73975,26569],[28,14],[16,5],[54,9],[14,-5],[23,-1],[7,4],[27,5],[1,3],[24,-2],[4,8],[20,-5],[3,2],[33,-5],[29,3],[-6,-6],[6,-9],[-7,-8],[39,-5],[1,2],[19,4],[4,-6],[7,-1]],[[75592,28302],[7,-2],[3,-6],[-9,-9],[10,-4],[-9,-22],[4,-1],[-1,-46],[-5,-19],[3,-19],[-12,-14],[14,-5],[-6,-4],[-1,-9],[20,-2],[20,-9],[6,4],[32,-15],[56,-18],[44,-20],[5,1],[24,-17],[16,4]],[[75813,28070],[-2,-8],[5,-9],[-8,-16],[3,-6],[-24,-7],[8,-7],[-3,-1],[6,-8],[-26,-29],[-13,-33],[-12,-17],[4,-5],[-3,-11],[-32,-40],[-7,-16],[6,-19],[25,-19],[-36,-8],[-8,-4],[7,-9],[-16,-8],[-1,-6],[-9,-3],[7,-20],[-8,-3],[6,-7],[-30,-35],[-9,-31],[-15,-16]],[[75628,27669],[-32,14],[-6,-15],[-22,15],[-10,-7],[-17,5],[-8,-5],[-15,10],[-81,-54]],[[75437,27632],[-13,11],[-19,30],[-20,103],[-24,5],[-17,-8],[-25,-7],[-12,3],[-21,-11],[-71,17],[-42,1],[-27,8],[-11,0],[-7,8],[-14,3],[2,8],[-14,13],[-3,-2],[-15,7],[-35,8],[-3,17],[-9,8],[-11,3],[-40,4]],[[74986,27861],[-10,1],[18,17],[-8,7],[44,42],[14,18],[-8,3],[12,12],[72,21],[29,1],[18,21],[-53,4],[-56,12],[29,24],[-19,10],[123,98]],[[75191,28152],[61,-31],[8,4],[4,15],[6,7],[-2,9],[20,37],[1,10],[28,6],[10,6],[6,7],[12,32],[9,1],[9,7],[10,0],[-3,3],[5,3],[10,0],[7,11],[21,14],[-3,3],[5,0],[5,4],[55,5],[15,-5],[13,9],[31,-11],[11,4],[13,-4],[17,8],[13,-6],[4,2]],[[75628,27669],[-9,-14],[-13,-9],[29,-20],[36,10],[12,-16],[46,11],[3,-19],[19,3],[0,-8],[25,2],[6,-2],[-2,-9],[-11,-7],[-17,-27],[-9,-6],[1,-6],[-15,-7],[-3,-11],[7,-4],[-3,-11],[-22,-22],[-5,-8],[1,-6],[48,-21],[12,6],[9,-5],[16,-3],[6,15],[68,-18],[22,-9],[21,-2],[27,3],[23,-28],[12,-28],[29,-36],[0,-26],[23,-29],[44,-43],[44,-31],[27,-26],[29,-19],[89,-80],[26,-39],[9,-25]],[[76288,27039],[21,-40],[50,-69],[27,-22],[31,-17]],[[76417,26891],[-236,-62],[-11,16],[33,9],[-18,10],[-28,0],[-11,13],[-34,0],[-82,-7],[-6,11],[-81,-19],[-112,-12],[-34,-10],[-57,-10],[24,-33],[14,-45],[13,-28],[1,-13],[-13,-8],[-18,10],[-23,-13],[-10,-2],[-3,1],[-19,-5],[-6,3],[-9,-2],[-4,4],[-49,-20],[-96,-13],[-69,-21],[-9,6],[-24,5]],[[75440,26656],[-13,26],[-12,7],[-18,4],[27,22],[-12,10],[9,7],[-8,6],[14,11],[-11,8],[-5,12],[0,5],[8,2],[-8,5],[13,5],[-8,27],[0,8],[5,0],[-12,24],[7,3],[-23,29],[-2,10],[18,6],[-13,30],[-5,23],[-4,8],[-27,-4],[-27,0],[17,37],[1,14],[-7,4],[10,24],[-61,1],[-15,-2],[-56,13],[-34,-4],[-5,-24],[-9,-9],[-103,-66],[-37,-41],[-26,8],[-24,1],[-18,7],[-104,-1],[-21,-2],[-48,-12],[-14,-1],[-18,-8],[-46,14],[-26,15],[-12,-6],[-3,2],[-22,-6],[-18,13],[-69,-19],[-17,18],[-27,50]],[[74521,26970],[35,23],[7,9],[52,22],[49,34],[22,-1],[6,6],[10,1],[14,6],[-14,1],[-11,13],[7,10],[13,2],[-5,12],[21,36],[41,26],[16,6],[-6,8],[23,4],[13,11],[-5,3],[9,9],[3,13],[25,20],[5,-3],[14,5],[9,7],[8,-1],[10,8],[16,-5],[18,18],[51,12],[22,8],[7,10],[0,21],[-21,6],[-10,-5],[-11,1],[34,16],[29,25],[35,15],[32,19],[51,23],[25,2],[33,9],[22,2],[17,-2],[16,-14],[9,-1],[50,19],[34,5],[10,6],[6,10],[-18,2],[-5,3],[-13,27],[-4,20],[-10,10],[45,11],[16,9],[19,30],[38,28],[-22,12],[24,20]],[[74162,26302],[24,1]],[[74186,26303],[24,-9],[26,-20],[17,-9],[8,-1],[8,-8],[6,-28],[-5,-12],[-27,-13],[2,-40],[7,-9],[20,-6],[6,1],[45,-28]],[[74323,26121],[11,-10],[-3,-11],[10,-21],[-20,-19],[-18,-1],[-11,-26],[-33,1],[0,-10],[-32,-12],[-28,-20],[-11,-14],[-33,-10],[6,-12],[-23,-8],[-14,-9],[-188,41],[-57,10],[-12,4],[22,21],[-93,19],[-79,12],[-33,-6],[-68,-4],[-90,-26],[-48,-9],[-25,-2]],[[73453,25999],[-36,-1],[-33,4],[-87,4],[-14,22],[-11,1],[-72,72],[11,-2],[5,2],[26,-2],[14,4],[20,0],[1,4],[-6,2],[6,12],[-24,7],[-23,24],[5,2],[-47,37],[-28,29],[4,3],[-19,14],[5,3],[-9,9],[11,8],[-13,12],[32,26],[-42,8],[-20,12],[-16,28],[-1,17],[-28,-2],[1,27],[-43,-1],[5,11],[32,23],[-14,17],[53,31],[-26,22],[-57,32]],[[73015,26520],[405,104],[3,4],[85,22],[46,8],[32,16],[45,15],[25,21],[72,14],[37,2],[21,4],[16,-35],[22,2],[-5,-10],[23,-28],[18,4],[6,-11],[-2,-9],[16,2],[10,-14],[24,-21],[-3,-2],[14,-7],[-5,-8],[19,-3],[-3,-6],[39,-15]],[[75101,26050],[-64,-24],[-24,-71],[-2,-33],[-9,-19],[-9,-35],[-27,-35],[-37,6],[-88,-42],[-12,0],[-16,3],[-3,-1],[-11,3],[-25,-1],[-3,4],[-41,2],[-1,2],[-24,0],[-23,-5],[-32,-13],[-72,24],[-49,10],[-30,-2],[-40,14],[-30,19],[-11,-3],[-7,8],[-19,-6],[-40,19],[-30,6],[-8,8],[-20,-6],[-10,12],[-18,-6],[-3,2],[-13,-2],[-35,28],[-33,-10],[-7,8],[-42,-49],[6,-16],[-18,-9],[21,-10],[-23,-4],[-13,-12],[-32,-38],[3,-2],[-18,-18],[-23,-38],[-9,-1],[-30,-28],[-7,-12],[6,-19],[-4,-18],[-4,-8],[-14,1],[-5,-6]],[[73969,25627],[-72,12],[-13,-13],[-47,19],[-97,57],[-207,39],[-32,4],[-97,24],[-13,-19],[-5,1],[16,20],[14,54],[-19,3],[1,4],[-28,5],[-18,6],[-18,28],[2,6],[-23,5],[21,26],[7,-4],[18,11],[30,27],[27,-3],[15,2],[-2,27],[23,-2],[4,20],[-3,13]],[[74323,26121],[34,7],[3,3],[43,8],[-4,6],[65,11],[20,-38],[28,-1],[1,-2],[16,1],[8,-14],[14,3]],[[74551,26105],[7,1],[2,-2],[25,6],[4,9],[11,0],[7,11],[9,43],[48,-2],[33,3],[33,26],[16,5]],[[74746,26205],[10,6],[-5,50],[43,2],[0,3],[75,13],[13,-5]],[[74882,26274],[11,4],[26,3],[5,7],[26,19],[10,-1],[9,9],[25,8],[16,-2],[12,-9],[41,2],[-2,-6],[28,-1],[10,3],[24,19],[14,-4],[-1,-25],[-5,0],[0,-30],[-27,-161],[4,-17],[-14,-4],[11,-21],[0,-8],[-8,-2],[4,-7]],[[74521,26970],[-59,-14]],[[74462,26956],[-25,-12],[-48,-11],[-27,-14],[-63,-21],[-21,-11],[-32,-31],[-27,-10],[-20,-17],[-16,-5],[-11,0],[-68,15],[-37,11],[-31,3],[-12,20],[-16,9],[-28,10],[-15,2],[-14,8],[-27,7],[-29,-1],[-5,13],[5,22],[-12,11],[0,7],[12,13],[24,16],[-3,6],[-23,14],[-17,-1],[-24,3],[-15,10],[-4,15],[6,16],[-3,19],[3,16]],[[73839,27088],[4,5],[9,-1],[-3,6],[8,3],[-3,3],[14,1],[3,10],[7,2],[8,-2],[2,4],[-5,3],[12,5],[-2,3],[7,6],[-2,3],[18,13],[10,1],[4,3],[6,-2],[5,10],[9,-3],[2,5],[9,-2],[2,-4],[9,9],[6,0],[3,2],[6,-4],[4,5],[7,0],[2,4],[7,0],[-1,5],[10,-1],[0,4],[11,0],[-6,5],[6,3],[6,-3],[-3,6],[8,1],[-4,7],[11,0],[-7,7],[8,0],[-2,11],[8,9],[-7,0],[-1,5],[-11,2],[0,6],[-6,4],[4,6],[23,4],[29,11],[11,8],[59,18],[-44,36],[-32,16],[-28,21],[-10,9],[-5,16],[65,-2],[0,5],[21,8],[11,9],[24,-6],[19,4],[50,3],[3,5],[35,-7],[2,6],[9,0],[8,10],[4,16],[25,-2],[-2,12],[27,1],[30,9],[-5,5],[26,11],[44,16],[3,-2],[43,17],[75,20],[77,33],[31,18],[4,-1],[7,6]],[[74670,27586],[12,0],[34,19],[89,34],[25,15],[-35,27],[-1,4],[9,7],[-32,14],[8,16],[24,24],[21,16],[7,12],[32,19],[8,3],[4,-2],[45,23],[66,44]],[[74918,26383],[-16,-64],[-6,-2],[-3,-26],[-11,-17]],[[74746,26205],[-6,5],[-77,39],[-40,27],[-32,51],[-13,8],[-18,35],[-17,4]],[[74543,26374],[-5,18]],[[74538,26392],[46,-1],[35,-10],[13,-8],[77,-8],[24,0],[98,17],[57,-2],[30,3]],[[74521,26369],[-17,-11],[25,-38],[8,-20],[-16,-32],[1,-23],[-20,-83],[6,-13],[38,-33],[5,-11]],[[74186,26303],[22,10],[7,7],[20,2],[10,5],[17,0],[24,-16],[24,-10],[11,-1],[41,16],[9,38],[11,14],[19,5],[42,3],[26,13],[6,-1],[2,-7],[11,1],[33,-13]],[[74544,26439],[-6,-47]],[[74543,26374],[-17,0],[-5,-5]],[[74269,26483],[15,0],[10,-6],[132,-28],[58,-5],[-2,5],[4,3],[44,11],[-1,-23],[15,-1]],[[74923,26416],[-5,-33]],[[74544,26439],[9,22],[1,32],[6,-1],[0,-5],[19,-1],[0,-1],[42,-7],[3,3],[-13,8],[7,1],[4,7],[-5,3],[-4,14],[-32,8],[-3,-6],[-25,2],[-15,91],[-12,15],[-1,9]],[[74525,26633],[14,-2],[46,-22],[15,-4],[54,-22],[28,-5],[1,5],[-8,7],[11,2],[4,4],[-7,2],[12,7],[-4,3],[4,13],[9,-1],[11,9],[22,6],[26,6],[18,0],[2,-51],[-15,-49],[0,-6],[12,-4],[-5,-32],[-4,-10],[-31,-35],[1,-4],[9,-8],[40,-9],[33,-11],[7,-1],[4,5],[28,-2],[-1,-4],[62,-4]],[[74516,26633],[9,0]],[[74321,26575],[19,14],[24,44],[12,-2],[17,4],[18,-7],[27,3],[25,-4],[53,6]],[[74462,26956],[4,-44],[-10,-46],[2,-19],[-5,-29],[15,-56],[4,-60],[2,-9],[16,-16],[4,-15],[22,-29]],[[73015,26520],[40,184],[22,31],[32,55],[8,35],[-4,13]],[[73113,26838],[-1,3],[16,6],[47,11],[19,14],[1,4],[22,-6],[20,16],[19,8],[18,1],[4,-4],[35,-2],[52,2],[82,-12],[29,1],[28,7],[2,-3],[16,-3],[22,-8],[24,-14],[13,11],[40,8],[15,8],[0,4],[6,0],[-1,5],[14,13],[-1,3],[19,5],[3,5],[-2,4],[6,10],[2,14],[14,2],[-2,6],[8,2],[-4,4],[7,2],[-6,7],[1,7],[4,14],[4,1],[5,11],[-33,21],[3,38],[38,22],[8,0],[7,10],[10,4],[-1,2],[94,-14]],[[75216,26012],[8,-4],[-13,-18],[-6,-4],[2,-5],[6,-1],[-8,-18],[2,-2],[-14,-8],[5,-5],[-3,-2],[-12,-1],[-7,-9],[4,-6],[-5,-3],[63,-6],[5,-13],[14,-1],[0,-10],[124,-41],[-30,-29],[9,-13],[30,1],[-2,2],[19,5],[8,-1],[3,-3]],[[75418,25817],[8,-19],[-5,-2],[-3,-12],[5,-28],[25,-6],[30,-17],[39,3],[3,-5],[2,-17],[-12,-48],[17,-21],[11,-24],[-3,-45],[3,-1]],[[75538,25575],[-5,-4],[2,-14],[10,-24]],[[75545,25533],[10,-18],[-1,-12],[-11,-11],[-11,-6],[-54,-1],[-9,-18],[-24,-16],[-5,-9],[-4,-14],[6,-7],[10,-4]],[[75452,25417],[-10,-4],[-8,-21],[-18,3],[-7,4],[-7,0],[-6,-5],[-24,-43],[-30,-27],[-10,-16],[-17,0],[-5,-10],[-11,-4]],[[75299,25294],[-69,-2],[-40,18],[-20,-6],[-10,18],[-3,38],[4,0],[5,-19],[11,-8],[41,-4],[36,19],[18,27],[20,19],[0,4],[-15,-3],[-57,-6],[-45,11],[-35,2],[-22,7],[-18,0],[-6,18],[9,18],[-14,46],[-12,26],[-20,19],[-67,25],[-50,-4],[-69,-14],[-20,-2],[-14,4],[-18,0],[-4,6],[9,4],[-8,12],[25,32],[17,33],[-7,15],[-42,-6],[-20,0],[-47,6],[-37,-4],[-4,-3],[-16,1],[-4,-7],[1,-16],[-13,-17],[-60,-21],[-21,-16],[-47,-7],[0,-5],[-24,-3],[-4,3],[-4,-2],[-11,1],[1,-4],[-8,-2],[-7,0],[-2,6],[-19,-4],[-5,1],[2,4],[-6,1],[-6,-6],[-8,5],[-12,-3],[-6,7],[-14,-2],[0,7],[-8,-1],[-2,6],[-3,3],[-8,-3],[2,-3],[-9,-2],[-33,10],[-6,-2],[-2,3],[-10,4],[-20,-5],[0,5],[-9,-5],[7,-8],[-6,-3],[3,-10],[-8,-3],[6,-3],[-6,-1],[-6,-9],[-6,-4],[4,-1],[-9,-5],[-8,1],[-2,-4],[-180,31],[-63,21],[-20,11],[-53,21]],[[73953,25605],[16,22]],[[75101,26050],[9,2],[49,-13],[40,-21],[17,-6]],[[75440,26656],[-46,-32],[-10,-13],[-24,11],[-24,-9],[-7,1],[-12,5],[-3,5],[-20,2],[-8,6],[-4,-1],[-23,10],[-20,-2],[-53,3],[-17,-46],[-25,26],[-44,-17],[-23,-15],[-4,-18],[-41,-22],[-28,-33],[-28,-11],[10,-13],[-28,-8],[2,-9],[-13,-3],[-24,-57]],[[76688,26300],[-7,-3],[-45,2],[-17,-2]],[[76619,26297],[-2,3],[-24,2],[-5,9],[-95,-14],[4,-14],[-3,-16],[-55,-10],[-66,-26],[8,-24],[-37,1],[-17,-5],[-24,1],[-32,-6]],[[76271,26198],[-102,-7],[5,-25],[-16,-3],[-2,-2],[-8,1],[2,-6],[-34,-5],[-50,-3],[-1,-6],[-47,3],[-89,-13],[-19,1],[-61,-15],[-17,-2],[-13,11],[6,7],[-8,4],[-7,-2],[-3,5],[-4,-2],[2,-4],[-6,-1],[-9,5],[-3,6],[-11,-1],[0,-4],[-9,-2],[0,-3],[-15,2],[0,-7],[-10,2],[-9,7],[-11,1],[-1,7],[6,1],[1,4],[-12,8],[-15,4],[2,4],[-11,7],[2,6],[-9,0],[0,-3],[-17,-4],[1,7],[-10,0],[-1,5],[-13,-4],[-8,1],[-1,3],[-11,-2],[-7,-4],[-9,3],[-16,-13],[-15,-6],[-3,-7],[-6,-4],[-8,2],[0,-2],[-8,1],[0,-3],[-12,0],[-34,5],[-19,-8],[-4,2],[-17,-3],[3,2],[-8,0],[1,-5],[-8,-2],[-7,1],[-9,-14],[-10,0],[-4,-9],[-8,-1],[-4,4],[-6,-2],[1,-2],[-9,-1],[-6,4],[0,-4],[-9,2],[-12,-2],[-1,-7],[-9,-3],[-10,-15],[-23,-22],[-43,-14],[-27,-5],[-6,-5],[-1,-13],[-14,-16],[-22,-6]],[[76417,26891],[43,-32],[13,-18],[43,-41],[-2,-9],[16,-32],[-21,-75],[-3,-39],[15,-32],[41,-11],[-2,-15],[32,-5],[-4,-20],[-23,1],[14,-42],[-2,-32],[13,-7],[15,-49],[32,-46],[12,-39],[39,-48]],[[72780,24831],[70,-49],[32,-29],[20,-12]],[[72902,24741],[-65,-49],[-13,-5],[-8,4]],[[72816,24691],[-68,27],[-24,17],[-12,2],[-16,-1],[-8,6],[-10,0],[-2,10],[-15,1],[-5,10],[-29,0],[-8,2]],[[72619,24765],[-12,1],[-12,48]],[[72595,24814],[41,13],[8,-6],[2,1],[32,-14],[6,-1],[2,3],[4,-4],[3,3],[6,-3],[10,0],[25,5],[28,20],[14,3]],[[72776,24834],[4,-3]],[[72865,24966],[-7,-3],[-16,6],[-13,-14],[3,-16],[-15,-4],[-18,-15],[-4,-8],[13,-8],[3,-16],[-19,1],[-6,-16],[-28,-1],[1,2],[-29,3],[-2,-10],[-10,-4]],[[72718,24863],[-48,20],[-36,10],[-15,12],[-52,23],[-20,14]],[[72547,24942],[17,11],[2,15],[-14,0],[-33,7],[11,24],[5,24]],[[72535,25023],[32,-2]],[[72567,25021],[68,-10],[22,0],[-1,8],[18,-2],[-3,-7],[52,-5],[26,-8],[27,37],[10,5]],[[72786,25039],[37,-10],[-13,-15],[-20,-5],[-9,-8],[18,-6],[-4,-5],[25,-5],[45,-19]],[[72718,24863],[58,-29]],[[72595,24814],[-5,1],[-4,-5],[-33,-4],[-42,5],[-8,3],[-6,12],[-30,11]],[[72467,24837],[-11,5],[9,14],[19,12],[3,27],[13,2],[3,9],[11,-2],[17,27],[16,11]],[[72865,24966],[31,-9],[-25,-28],[-8,-16],[26,-3],[-1,-6],[14,-2],[7,2],[11,-3]],[[72920,24901],[-3,-18],[10,-25],[-36,-17],[-24,2],[-25,-4],[-26,0],[-36,-8]],[[73058,24859],[8,-3],[-82,-60],[-82,-55]],[[72920,24901],[39,-12],[74,-14],[25,-16]],[[72282,24705],[45,-40],[25,-18],[-14,-18],[-45,-25],[2,-6],[-14,-7]],[[72281,24591],[-13,-1],[1,-12],[-8,-4],[5,-6],[-4,0],[-3,-7],[5,-1],[0,-4],[-12,-16],[-5,0],[0,-11],[-34,2],[7,14],[-41,3],[1,16],[-8,-1]],[[72172,24563],[20,37],[-7,27],[2,7],[-17,0],[-4,6],[-19,-2]],[[72147,24638],[4,10],[-40,12],[10,14],[-12,33],[-25,-3],[3,30],[-3,6],[-9,3],[9,8],[0,14]],[[72084,24765],[26,-3],[-4,21],[29,-4],[21,-1],[50,5],[11,14],[16,-5],[3,4],[11,-3],[1,17]],[[72248,24810],[4,-1],[1,-11],[-4,-54],[9,-16],[24,-23]],[[72472,24743],[-2,-17],[6,-23],[24,-41],[-4,-22],[4,-21],[-9,-28],[23,-5],[-14,-8],[2,-6],[-14,3],[7,-14]],[[72495,24561],[-10,0],[-11,-5],[-6,6],[-5,-5],[-14,0],[2,5],[-6,0],[-4,-3],[2,-6],[-9,-3],[-27,13],[-31,2],[-8,-5],[-5,5],[-7,0],[-3,4],[-2,-5],[-8,3],[0,8],[-37,-6],[-2,3],[-8,1],[3,3],[-12,8],[-5,-2],[-5,5],[10,0],[-6,4]],[[72282,24705],[84,15],[-1,3],[14,2],[15,27]],[[72394,24752],[18,-4],[11,3],[19,-1],[-2,-6],[32,-1]],[[72379,24847],[23,-17],[26,-27],[-29,-5],[-39,-32],[34,-14]],[[72248,24810],[-3,25],[3,0]],[[72248,24835],[44,1],[11,-2],[6,18],[21,-5],[49,0]],[[72816,24691],[-16,-14],[-3,1],[-16,-10],[-1,-5],[-21,-7],[-21,-12],[6,-6],[-14,-11],[23,-11],[-29,-12],[8,-8],[-6,-3],[4,-9],[-9,-2],[3,-14],[-7,1],[-13,-4],[10,-21],[-16,-5],[-31,-59]],[[72667,24480],[-9,-2],[-2,3],[-9,-5],[-9,4],[8,2],[-5,5],[5,5],[-5,3],[-3,-3],[-3,12],[-6,-3],[-6,3],[-12,-1],[1,4],[-12,2],[-13,10],[-7,-3],[-7,4],[4,5],[-20,-4],[3,5],[-7,2],[3,5],[-3,4],[4,2],[3,-4],[2,5],[-6,1],[0,3],[-11,8],[7,0],[-6,8],[-3,1],[-7,-5],[-5,5],[-36,0]],[[72472,24743],[3,25],[23,-6],[-1,-5],[8,-7],[22,4],[30,1],[25,-4],[38,1],[-1,13]],[[72379,24847],[29,3],[4,-8],[6,-1],[13,-6],[36,2]],[[81087,26427],[207,-141]],[[81294,26286],[48,-32],[6,2],[18,-19],[103,34]],[[81469,26271],[13,-41],[57,-50],[57,-25],[41,-12],[86,-115],[4,-41],[-5,-7],[-20,-9],[49,-24],[19,-6],[524,-70],[130,-22],[18,-1],[0,3]],[[82442,25851],[71,-4],[25,-10],[14,2],[13,-6],[10,-11],[-101,-84],[-6,-8],[-23,-8],[-27,-3],[-65,-21],[-15,-12],[-35,-5],[-32,-20],[-44,-18],[-33,-20],[-11,-17],[-43,-34],[-34,-19],[-5,-10],[-19,-9],[3,-3]],[[82085,25531],[-104,-38],[-24,-14],[-18,-16],[-88,-43],[-32,-7],[-30,-21],[-39,-13],[2,-3],[-26,-3],[-7,-5],[1,-7],[-9,-18],[-374,82],[-100,-73],[-23,-1],[-26,27],[-9,1],[-32,49],[-7,5],[-24,33],[-24,16],[-5,11],[-34,-9],[-28,-3]],[[81025,25481],[-14,14],[-15,-3],[-42,-2],[-31,-8],[-239,240],[-7,-1]],[[80677,25721],[-16,12],[-51,-16],[-76,76],[-13,-1],[-21,-17],[-104,107]],[[80396,25882],[-31,32],[28,20],[-163,161],[-19,-5],[-90,89],[20,5],[-7,7],[-6,-1],[-8,6]],[[80120,26196],[22,7]],[[80142,26203],[154,77]],[[80296,26280],[17,14],[200,106],[32,13],[16,14],[2,7],[-11,51],[11,22],[0,15],[-15,54]],[[80548,26576],[7,4],[16,-8],[347,-177],[-43,-67],[71,14],[14,10],[52,57],[8,-1],[67,19]],[[82106,27335],[-81,-95],[-36,20],[-11,2],[-15,13],[-29,14],[-24,5],[-50,17],[-207,-47],[37,-15],[39,-9],[21,-8],[30,-20],[31,-10],[-6,-5],[3,-7],[-5,-16],[-33,11],[-4,-6],[-34,7],[-18,-13],[-53,-9],[7,-20],[-42,1],[-14,-6],[-9,4],[-20,3],[-78,4],[-8,21],[-27,3],[0,-18],[-10,-26],[10,-26],[6,-37],[-53,17],[-72,7],[-27,-7],[-28,-3],[-21,8],[-59,15],[-26,3],[-40,11],[-52,8],[-2,-46],[-18,-46],[-47,9],[-88,-4],[-17,-19],[-38,-2],[-42,11],[-54,8],[-137,10],[-119,15],[-64,-1],[-47,4]],[[80425,27065],[-12,189],[52,95],[48,-8],[11,-9],[0,-14],[38,-5],[30,-13],[4,0],[6,15],[-18,17],[-1,19],[-105,42]],[[80478,27393],[125,263]],[[80603,27656],[94,209]],[[80697,27865],[11,-8],[59,-16],[88,-11],[106,-8],[48,-8],[4,4],[54,-11],[62,-17],[31,-21],[32,-5],[27,-7],[7,-9],[-6,-7],[1,-5],[14,2],[-2,4],[10,1],[1,3],[12,0],[5,8],[19,-2],[-5,-8],[9,-6],[12,-3],[44,8],[14,12],[-2,14],[6,7],[16,-6],[42,-7],[2,-13],[18,-16],[16,-1],[7,-18],[12,-2],[48,5],[9,-11],[8,2],[0,5],[26,-1],[3,-3],[-5,-8],[16,-12],[8,-14],[35,-19],[0,-17],[7,-13],[-10,-8],[7,-14],[10,0],[5,4],[11,-10],[6,-2],[3,-6],[-2,-3],[-17,4],[-3,-8],[11,-5],[-9,-1],[-8,-9],[-14,-2],[-6,-6],[0,-11],[41,-21],[4,-6],[12,0],[9,-4],[0,-11],[8,-4],[-13,-4],[-1,-5],[12,-6],[-11,-4],[17,-7],[8,-13],[7,1],[9,-5],[16,4],[11,-2],[4,9],[12,1],[13,-3],[-5,-3],[1,-6],[4,0],[15,11],[13,-10],[1,-7],[10,-2],[19,-13],[-1,-3],[22,-11],[-12,-4],[6,-3],[7,2],[13,-3],[-6,8],[18,3],[5,9],[16,5],[5,-3],[15,5],[14,-3],[18,-7],[-11,-5],[4,-6],[22,-9],[8,2],[2,-6],[16,-9],[23,0],[26,-11],[36,2],[21,-24],[8,3],[17,-14],[-1,-3],[-9,0],[-5,-10],[-6,1],[9,-11]],[[84000,26853],[3,-9],[-13,1],[-24,-6],[-14,4],[-5,-8],[-8,-2],[-3,-9],[16,-7],[-6,-1],[0,-4],[-18,-17],[-1,-10],[-7,-1],[-14,-8],[3,-6],[-4,-6],[6,-4],[-10,-2],[-13,3],[-7,-3],[-3,15],[-17,11],[-1,6],[-15,0],[-15,-13],[1,-22],[-4,-6],[-30,-19],[-10,2],[-8,-8],[-10,2],[-14,-3],[0,-6],[10,-9],[-18,-12],[-4,-12],[-10,-52],[4,-7],[-1,-26],[-14,-74],[-47,-59],[-72,-19],[-31,-23],[-11,0],[-26,-10],[-8,-8],[-40,-6],[-9,-8],[-14,0],[-25,-25],[-14,-5],[-27,-2],[-8,-6],[-57,-4],[-13,-3],[-16,-15],[-20,-6],[-23,-24],[7,-17],[-12,-2],[-12,-9],[-31,-9],[-3,-17],[17,-28],[16,-18],[25,-4],[4,-4],[-1,-16],[-13,-2],[-20,-11],[18,-12],[3,-24],[-7,-17],[2,-4]],[[83254,26108],[1,-6],[-18,-27],[-34,-28],[-569,-544]],[[82634,25503],[-125,45]],[[82509,25548],[277,214],[239,273],[-12,-2],[-7,155],[44,7],[1,8],[27,4],[1,-3],[12,1],[-1,4],[19,4],[2,12],[13,6],[8,6],[-1,4],[7,3],[22,41],[11,9],[18,45],[15,12],[-4,13],[28,90],[51,2],[-17,27],[-10,52],[37,6],[7,23],[-13,18],[0,6],[18,19],[-4,9],[3,18],[-11,17]],[[83289,26651],[16,20],[7,5],[5,-1],[-1,7],[29,20],[1,3],[-31,4],[0,17],[13,-1],[-3,7],[12,6],[18,7],[37,9],[13,9],[41,-15],[5,2],[3,8],[12,4],[14,15]],[[83480,26777],[2,2],[21,1],[7,7],[33,-5],[6,-3],[10,4],[7,-5],[8,0],[7,14],[-18,14],[25,6],[8,5],[13,3],[22,-9],[13,16],[4,-8],[14,-8],[38,9],[0,7],[6,-2],[26,1],[14,10],[8,1],[6,4],[29,3],[3,6],[-6,3],[-1,5],[6,6],[13,5],[5,-3],[38,5],[57,1],[18,-2],[31,-11],[8,2],[2,-5],[16,-5],[21,2]],[[85120,26953],[-1,-1]],[[85120,26953],[0,0]],[[85118,26952],[-5,2]],[[85118,26952],[0,0]],[[85112,26954],[-9,2]],[[85112,26954],[0,0]],[[85039,26960],[-17,-2]],[[85039,26960],[0,0]],[[84435,27418],[12,9]],[[84435,27418],[0,0]],[[85101,26957],[-3,1],[-42,2]],[[85056,26960],[-21,1],[-14,-3]],[[85021,26958],[-21,4],[-11,-2],[-20,4],[-35,-7],[-11,-5],[-22,0],[-11,1],[-18,9],[-23,4],[-13,-11],[-28,-5],[1,-9],[10,-11],[-7,-5],[-27,6],[-30,-1],[-97,8],[-6,-7],[7,-9],[-14,-6],[-5,1],[-3,10],[-18,2],[-11,-12],[-19,13],[-39,2],[-109,-14],[-54,-2],[-77,-19],[4,-5],[-19,-4],[15,-22],[-12,0],[-4,-7],[-27,-6],[-22,-10],[12,-24],[-17,-13],[-21,-35],[-6,2],[-5,-10],[-21,2],[-3,-8],[12,2],[3,-7],[-9,-8],[2,-9],[-9,-8],[20,-15],[-1,-11],[-12,-2],[-13,-16],[-12,5],[-5,-10],[47,-13],[-31,-15],[-52,-44],[-35,9],[-8,-3],[-7,-16],[-65,7],[-4,-16],[15,-2],[-12,-22],[-44,3],[-30,-41],[-6,-11],[88,-7],[-4,-5],[11,-5],[-17,-9],[-11,-14],[5,0],[7,-8],[-6,-6],[-15,2],[-4,-3],[-14,-1],[-7,-4],[-25,-17],[10,-12],[-87,-16],[-40,-18],[-3,-9],[-109,-42],[-28,-26],[-28,-18]],[[83651,26296],[-37,-19],[-63,-21],[-73,-13],[-19,0],[-19,-7],[-40,-25],[-13,-23],[-80,-41],[-50,-32],[-3,-7]],[[84000,26853],[6,1],[4,7],[15,-1],[1,11],[-6,5],[4,14],[30,-2],[5,5],[-3,21],[4,8],[-3,21],[-8,-2],[-44,49],[-8,1],[13,8],[4,11],[16,5],[39,38],[-22,47],[-11,9],[5,10],[-12,8],[-7,14],[-21,9],[9,6],[12,2],[10,10],[-5,5],[22,15],[13,0],[13,7],[45,-6],[6,-2],[-4,-7],[8,-1],[22,6],[19,17],[90,10],[-19,64],[106,80],[27,19]],[[84375,27375],[-3,-2],[61,43],[12,6],[9,7],[31,9],[-20,-15],[19,12],[0,-5],[3,8],[21,4],[5,-3],[-11,-7],[-17,-7],[11,3],[12,6],[-1,-7],[-9,-7],[-6,0],[-15,-7],[18,6],[-12,-9],[25,16],[8,-2],[-7,-11],[9,9],[9,-15],[0,-6],[-10,0],[-12,-6],[4,0],[11,5],[-11,-10],[-19,-5],[16,3],[-8,-4],[-3,-6],[1,-5],[-17,0],[-9,-3],[26,2],[-16,-19],[3,1],[14,19],[3,11],[12,5],[8,8],[12,4],[2,-3],[2,4],[9,-9],[-6,-9],[4,0],[2,10],[-7,8],[-6,0],[-16,28],[5,5],[14,0],[43,-11],[29,-3],[8,-5],[25,-4],[41,-12],[-23,-11],[-11,2],[-15,-1],[21,-2],[-15,-6],[1,-2],[-14,-11],[24,18],[14,0],[-4,-9],[4,4],[0,9],[16,5],[11,0],[2,-10],[11,-7],[-21,-7],[-1,-3],[17,-10],[-16,11],[22,9],[-11,10],[3,5],[10,1],[2,-4],[17,-9],[0,-2],[26,-12],[-19,-18],[16,15],[12,2],[9,-12],[-13,-7],[-11,-9],[18,12],[6,1],[12,-10],[4,-18],[-4,-18],[10,-13],[-9,1],[-14,6],[10,-6],[-5,-1],[-3,5],[-8,-5],[-14,4],[-24,-3],[27,3],[3,-3],[9,-1],[7,4],[4,-5],[18,1],[7,1],[-7,-10],[-13,-2],[-1,-2],[-17,1],[-4,4],[-11,0],[15,-4],[17,-1],[3,3],[8,0],[0,-6],[7,-1],[-6,-4],[-18,-3],[-33,3],[-38,-4],[39,3],[11,-2],[29,0],[13,4],[9,4],[7,-13],[-4,-3],[0,-11],[14,-17],[8,-2],[-10,-2],[-10,1],[-7,5],[-23,2],[-14,5],[-32,2],[32,-3],[0,-1],[15,-4],[20,-1],[7,-5],[9,-1],[-8,-3],[16,2],[-14,-8],[-11,4],[-18,0],[-19,3],[-5,-2],[-8,8],[-20,4],[23,-7],[5,-5],[-5,-3],[-13,6],[1,-2],[11,-4],[11,4],[18,-3],[20,0],[-6,-3],[-7,1],[-2,-2],[-11,0],[-9,-4],[4,-1],[6,4],[11,-1],[1,3],[8,-1],[4,3],[9,-3],[9,0],[-2,-6],[-15,-2],[5,-1],[-10,-5],[20,8],[3,7],[11,9],[6,-6],[-20,-13],[21,12],[11,-7],[-36,-9],[-5,-5],[10,6],[6,0],[-10,-12],[14,12],[18,1],[5,-10],[7,-4],[-21,-11],[-16,-2],[-38,10],[-11,7],[-28,-1],[-14,8],[-12,2],[-52,40],[-22,16],[2,-3],[21,-15],[35,-29],[-3,-3],[-5,4],[9,-10],[0,8],[14,-10],[-8,-4],[17,3],[10,-4],[1,-11],[-19,0],[5,-12],[-2,10],[16,2],[0,9],[13,-3],[20,2],[7,-6],[-8,-7],[-2,-7],[-1,-9],[-14,0],[-16,5],[-10,-2],[-1,-3],[9,4],[18,-5],[17,0],[-14,-8],[-2,-3],[-16,2],[37,-6],[-19,4],[1,4],[11,3],[3,4],[-2,10],[10,13],[29,-7],[-22,-6],[24,5],[12,-5],[0,-8],[-29,-11],[28,9],[-3,-8],[4,5],[2,14],[18,4],[8,-5],[-11,-13],[5,3],[7,10],[-5,7],[14,7],[10,-2],[-4,-5],[-9,-17],[9,9],[4,12],[15,-7],[-14,-19],[-15,-1],[-34,-11],[-3,-4],[-7,2],[-19,1],[13,-3],[5,2],[7,-2],[4,2],[15,-8],[-14,10],[35,11],[14,0],[-1,-6],[-15,-10],[17,9],[-8,-13],[10,11],[-1,14],[15,15],[7,2],[1,-7],[8,1],[6,-6],[10,0],[1,-10],[26,-16],[2,-11],[-31,1],[-9,-1],[20,-1],[-37,-9],[8,1],[-6,-3],[18,7],[31,4],[1,-11],[-30,1],[2,-2],[23,0],[13,2],[2,-5],[-21,-3],[-2,3],[-29,-5],[30,4],[1,-2],[-9,-4],[-9,2],[-8,-2],[-13,-15],[-13,0],[-23,-1],[36,0],[8,-3],[18,-20],[-12,18],[-12,6],[13,14],[4,2],[11,-2],[19,6],[19,0],[1,-3],[-16,-1],[-12,-3],[25,3],[-2,-4],[-31,-2],[27,0],[7,3],[3,-8],[-8,0],[-14,-4],[-13,-5],[19,6],[16,2],[9,-14],[19,-13],[4,-7],[-17,3],[-22,-4],[28,3],[14,-6],[7,-18],[-16,1],[-17,-4],[-2,-3],[-23,0],[-19,-7],[-1,17],[0,-17],[3,-1],[12,4],[5,3],[23,0],[3,3],[13,3],[-12,-19],[13,19],[24,-2],[13,-13],[-16,0],[-13,-11],[-6,-1],[-11,3],[8,-5],[10,2],[13,11],[17,0],[2,-3],[12,-13],[-48,-5],[47,4],[-17,-6],[18,5],[7,-3],[2,-6],[-7,-2],[-4,3],[-15,-1],[23,-2],[-3,-3],[-19,-5],[22,5],[1,3],[17,1],[1,-2],[-7,-3],[-8,0],[-23,-11],[1,0],[23,10],[16,2],[7,-5],[-4,-4],[-21,-2],[-20,-7],[7,1],[13,6],[23,2],[7,-3],[36,-24],[-2,-2],[-9,0]],[[84187,27526],[-21,-24],[-2,-18],[0,-18],[4,-7],[1,-9],[-2,-6],[-10,3],[5,10],[-11,26],[6,15],[-2,13],[8,20],[24,10],[1,-5],[-13,-11],[15,11],[1,6],[3,-4],[-8,-8],[1,-4]],[[84114,27451],[-70,5],[-3,3],[10,-1],[-5,5],[2,3],[-10,17],[-1,11],[-8,6],[-3,35],[6,8],[-2,7],[4,2],[2,-4],[4,-1],[-4,-18],[0,-12],[2,-10],[2,5],[-4,6],[3,6],[2,23],[6,0],[5,-12],[-2,11],[4,2],[1,-10],[8,-4],[-1,-4],[-6,-1],[-7,-7],[-5,-18],[6,18],[13,8],[1,5],[-8,3],[0,13],[13,1],[-3,-15],[3,-13],[-10,-23],[0,-8],[4,16],[7,17],[5,-5],[-8,13],[3,14],[2,-9],[2,10],[13,-22],[24,-9],[4,-7],[-5,-11],[4,5],[2,7],[-4,6],[-26,10],[-5,13],[-5,6],[7,5],[21,0],[2,-12],[2,12],[50,-4],[27,-4],[-11,-8],[-14,-5],[-9,-20],[-21,-6],[10,1],[-3,-7],[2,-5],[-11,-20],[9,14],[2,6],[-1,9],[3,2],[-2,-26],[4,25],[-1,3],[7,3],[-3,-11],[6,12],[3,-12],[-18,-43],[-5,-4],[-16,1],[-2,-2]],[[83369,27587],[-21,-7],[-10,3],[10,5],[12,9],[16,7],[2,-2],[-9,-15]],[[84435,27418],[-19,-1],[17,0],[-52,-37],[-26,9],[-10,24],[1,5],[7,5],[-68,34],[66,-34],[-6,-5],[0,-8],[9,-21],[-13,3],[39,-13],[-5,-4]],[[83480,26777],[-79,4],[-91,11],[-88,-4],[-63,5],[-27,6],[-115,42]],[[83017,26841],[24,21],[-12,18],[4,8],[-7,0],[0,6],[-5,1],[-4,32],[6,6],[-3,16],[21,62],[41,69],[11,38],[-7,2],[-12,-4],[4,8],[16,6],[-1,5],[12,7],[-22,14],[-5,-6],[-9,1],[-4,7],[-10,7],[2,3],[16,6],[6,0],[9,-3],[6,5],[-4,5],[-15,6],[-6,7],[-3,29],[7,14],[-35,42],[14,3]],[[83052,27282],[30,65],[-53,17],[4,4],[27,-8],[16,8],[-29,115]],[[83047,27483],[12,4],[6,-3],[-2,5],[59,25],[7,-4],[-4,5],[46,19],[26,9],[14,0],[3,-4],[-5,-4],[-8,-2],[42,6],[-32,-4],[4,4],[-4,4],[-12,1],[12,4],[6,-4],[24,0],[33,8],[7,16],[-7,-6],[-11,3],[88,28],[-8,-6],[-8,-2],[-25,-10],[-19,-4],[-2,-3],[29,9],[5,2],[10,-9],[-58,-24],[58,24],[-7,10],[10,4],[4,-4],[15,1],[15,6],[12,-6],[-2,-6],[21,0]],[[83401,27575],[3,6],[-1,5],[15,11],[8,2]],[[83426,27599],[22,-3],[-9,-3],[-5,-5],[12,7],[27,-2],[19,8],[17,12],[1,-4],[-11,-8],[10,4],[3,11],[23,6],[22,0],[-27,-4],[-11,-7],[-1,-9],[3,-9],[-1,16],[1,4],[6,3],[32,5],[-23,-7],[-5,-5],[14,-10],[25,12],[-27,-10],[-12,9],[4,2],[28,9],[18,-1],[48,23],[9,0],[13,-4],[-12,-7],[-24,-5],[-1,-3],[29,-10],[4,-11],[16,-6],[-13,-2],[-38,9],[49,-14],[-11,4],[12,1],[1,4],[-15,5],[20,-1],[4,2],[-23,0],[-6,10],[-26,10],[22,6],[16,8],[35,5],[2,-11],[8,-5],[-2,-11],[-10,-4],[-5,-8],[0,-9],[5,17],[7,0],[2,-6],[5,22],[-9,5],[-1,9],[17,1],[3,-10],[-1,10],[10,1],[8,-14],[-6,14],[36,7],[1,-3],[11,9],[0,-6],[-7,-7],[-19,-7],[-7,-6],[26,13],[6,5],[5,2],[-3,-5],[-15,-8],[21,10],[-19,-15],[4,-2],[-19,-10],[17,8],[10,6],[8,-1],[-5,-8],[-23,-16],[28,18],[7,0],[-10,-11],[19,18],[6,0],[-12,-10],[17,9],[8,-6],[-3,-6],[-41,-20],[46,21],[-12,-9],[-18,-8],[41,14],[-13,-10],[18,10],[1,-2],[-17,-9],[22,9],[-10,-7],[10,3],[-38,-17],[40,17],[6,-5],[-23,-5],[16,2],[12,5],[2,-8],[6,-5],[-25,-5],[-14,-2],[-14,-7],[-32,-6],[-34,-3],[-12,-1],[-37,8],[36,-9],[46,4],[-6,-6],[7,3],[8,-8],[-8,-4],[-38,9],[39,-11],[8,7],[-8,10],[33,7],[4,-12],[2,1],[-4,9],[3,3],[14,4],[1,-8],[2,7],[61,11],[2,-14],[-28,-2],[-15,0],[21,-4],[-31,-3],[24,1],[6,-3],[13,-1],[-23,-5],[-12,-1],[-8,4],[-17,-10],[-13,1],[7,-3],[-3,-4],[-20,4],[-4,5],[-10,-4],[11,1],[6,-3],[26,-8],[-3,0],[-22,4],[20,-5],[11,4],[10,-1],[-5,4],[6,9],[8,1],[17,1],[-8,-5],[-1,-11],[2,12],[30,9],[5,-2],[13,-10],[-8,-13],[0,-3],[6,-13],[-8,2],[-10,9],[-18,4],[-15,2],[34,-8],[8,-6],[-4,-2],[-65,15],[64,-16],[13,-1],[6,1],[-5,5],[-4,7],[8,17],[-18,13],[8,3],[23,2],[0,-5],[-6,-3],[7,-3],[-6,-3],[7,1],[-8,-8],[2,-1],[8,4],[7,2],[-9,-10],[5,3],[13,2],[-10,-10],[12,10],[2,-5],[7,5],[4,-7],[-8,-31],[-6,-4],[3,-4],[4,6],[5,-9],[-6,-17],[5,-13],[-8,-7],[1,-3],[9,-2],[-10,4],[6,3],[4,11],[2,-5],[-4,-8],[16,-3],[50,-7],[-29,5],[-36,5],[3,4],[-1,9],[-6,6],[5,19],[-5,13],[9,28],[8,4],[15,-5],[8,-2],[17,5],[14,0],[-6,-10],[-12,-6],[-23,-16],[6,1],[2,-3],[4,-23],[-3,23],[-2,4],[8,4],[-3,-7],[3,-13],[0,19],[8,9],[10,6],[8,8],[7,-1],[2,-5],[-6,-9],[3,-31],[3,-7],[6,-2],[1,-11],[10,-16],[-2,-4],[7,-3],[-11,0],[4,-5],[69,-4]],[[84114,27451],[3,2],[25,-3],[29,-8],[-2,16],[-4,9],[1,13],[-1,2],[2,19],[19,20],[-8,-16],[3,-12],[-6,-14],[0,-21],[9,-15],[-3,-3],[-8,2],[6,-4],[5,6],[-8,14],[0,21],[4,12],[3,1],[-4,13],[9,13],[1,11],[6,7],[11,-3],[-4,-14],[-10,-13],[4,-4],[-8,-15],[-3,-2],[-3,-9],[10,14],[3,11],[2,-2],[0,-20],[2,10],[-2,13],[4,10],[9,3],[6,-12],[-10,-10],[0,-14],[4,-21],[-15,-8],[1,-4],[8,-3],[-9,6],[16,9],[-4,22],[0,13],[11,9],[-6,-16],[4,7],[1,-15],[2,22],[-11,19],[10,7],[6,-2],[4,-7],[-3,-6],[1,-14],[-5,-4],[2,-6],[-10,-30],[10,26],[-2,9],[5,5],[0,13],[3,8],[11,-17],[0,-13],[2,11],[-10,20],[7,0],[5,4],[41,-8],[8,0],[16,-5],[15,-8],[7,0],[0,-21],[2,21],[18,-12],[0,5],[29,-9],[-18,-16],[20,15],[3,1],[6,-3],[-10,-7],[2,-6],[-10,-7],[-9,-14],[29,16],[-8,-7],[1,-4],[19,21],[10,1],[-9,-5],[-11,-14],[1,-3],[10,15],[9,6],[3,-4],[-4,-2],[16,2],[-14,-25],[18,23],[8,1],[17,-3],[18,-27],[-27,-11],[-9,1],[6,-3]],[[83426,27599],[-8,-1],[-15,-11],[-2,-12]],[[83401,27575],[-21,1],[3,5],[-13,7],[13,19],[12,4],[7,4],[12,-5],[-9,7],[5,1],[11,-5],[-11,6],[11,6],[5,-2],[12,-1],[-16,3],[24,14],[28,16],[9,-2],[-6,4],[49,30],[11,-4],[-8,6],[7,4],[15,-4],[-13,5],[5,4],[22,-12],[-19,13],[39,24],[18,-3],[-15,5],[25,0],[-22,1],[22,13],[7,-1],[20,3],[6,-5],[-1,7],[-28,-3],[16,11],[4,-2],[8,2],[5,-8],[9,4],[-13,-13],[14,10],[-11,-10],[9,6],[3,4],[5,0],[-14,10],[9,-3],[5,8],[4,-3],[2,-4],[9,1],[3,-4],[-14,-4],[-4,-9],[13,5],[-17,-9],[9,3],[11,7],[2,-2],[-14,-6],[5,0],[19,6],[5,-2],[4,3],[15,-2],[0,-3],[-9,-7],[-16,-17],[-23,-5],[-12,5],[7,-6],[-10,0],[-13,8],[6,-7],[9,-2],[-5,-1],[-20,2],[-45,-1],[64,-2],[27,3],[22,6],[8,0],[7,-5],[-11,-15],[6,-7],[-28,-2],[10,0],[26,-11],[-14,-3],[-34,2],[-21,10],[-15,0],[-54,-15],[-50,-21],[50,20],[62,16],[7,-1],[18,-10],[27,-3],[-17,-4],[-33,2],[-25,1],[63,-4],[4,-3],[-7,-4],[-22,2],[18,-2],[-10,-4],[-16,2],[-25,-3],[-29,-1],[16,0],[23,1],[16,2],[9,-3],[-34,-5],[-33,-11],[-17,0],[3,-2],[-51,5],[-14,-2],[-4,-2],[2,-8],[-45,-11],[30,6],[49,13],[33,-1],[21,1],[-12,-8],[-10,-3],[-45,2],[-21,-6],[-14,-9],[4,0],[-13,-8],[-20,-6],[-42,5]],[[83729,27769],[-11,-12],[3,-2],[11,2],[-2,-4],[-8,-4],[2,-4],[-33,-5],[-12,-4],[6,6],[10,3],[2,3],[-10,0],[1,-3],[-19,-7],[3,6],[12,4],[-1,5],[-5,2],[-5,-3],[-3,9],[4,-1],[9,7],[6,-3],[4,4],[3,-6],[0,5],[7,-1],[6,6],[16,0],[4,-3]],[[83289,26651],[-9,4],[-6,-9],[2,-6],[-25,-1],[2,-22],[-41,6],[3,6],[-41,8],[-9,-11],[-49,-23],[-21,-15],[-14,5],[-5,28],[-8,13],[-25,2],[-17,-3],[-49,-1],[-9,-2],[2,35],[-6,5],[5,47],[-9,3],[28,37],[-23,4],[2,12],[4,1],[-1,4],[10,2],[-5,14],[17,2],[-5,15],[31,9],[-1,21]],[[85081,26878],[-2,-2]],[[85081,26878],[0,0]],[[85092,26885],[-6,-3]],[[85092,26885],[0,0]],[[85114,26894],[-14,-3]],[[85114,26894],[0,0]],[[85118,26923],[-2,-1]],[[85118,26923],[0,0]],[[85116,26933],[0,0]],[[85081,26938],[-1,-2],[10,-1],[-10,-6],[-40,-9],[-10,9],[14,5],[15,4],[13,0],[-25,-4],[34,4]],[[85120,26939],[-4,-3]],[[85116,26936],[-2,-3],[-32,-3],[9,5],[12,2],[11,3],[6,-1]],[[85118,26952],[1,0]],[[85120,26953],[3,1],[9,-1],[-13,-12],[-6,0],[-9,-3],[-20,-2],[-2,3],[-8,-1],[-4,2],[8,1],[28,11],[7,2]],[[85112,26954],[-11,-4],[-5,2],[-13,1],[-10,-2],[-9,0],[18,6],[21,-1]],[[85101,26957],[-45,3]],[[85021,26958],[1,0]],[[85039,26960],[40,-2],[-18,-7],[-22,-5],[21,2],[3,3],[13,-1],[7,2],[7,-1],[-26,-7],[32,7],[-17,-9],[-46,-1],[36,-1],[-25,-5],[-14,-5],[10,-12],[-19,17],[17,-18],[3,3],[27,5],[28,7],[10,-2],[-22,-6],[30,5],[-42,-8],[16,2],[23,4],[7,3]],[[85118,26930],[-1,-3],[-11,-5],[-34,-1],[-9,-2],[-8,-7],[12,7],[12,-3],[14,5],[13,1],[15,7]],[[85121,26929],[2,-1]],[[85123,26928],[-9,-6],[5,-6],[-17,-12],[8,3],[9,8],[-1,5]],[[85118,26920],[9,-5],[4,-7]],[[85131,26908],[0,-1]],[[85131,26907],[-1,-2]],[[85130,26905],[-7,-10]],[[85123,26895],[-2,0]],[[85121,26895],[-14,-1],[-9,-3],[-19,-15]],[[85079,26876],[-4,-8],[-32,-13],[5,-15],[-47,-27],[-25,-3],[-9,8],[-20,2],[-12,-10],[3,-11],[-14,-5],[-25,11],[2,7],[12,7],[-9,2],[-10,-2],[-31,-16],[-14,0],[-15,-10],[-19,0],[-14,-8],[-9,-1],[-12,7],[-7,-1],[-4,-6],[13,-3],[3,-6],[-3,-15],[-13,-6],[-6,0],[-8,8],[-15,3],[-15,-6],[-87,-7],[-36,4],[-11,-2],[-15,-12],[-40,-3],[8,-443],[221,3],[43,5],[53,1]],[[84861,26305],[-119,-137],[-17,-8],[0,-2],[9,0],[-23,-26]],[[84711,26132],[-11,6],[0,9],[-30,-5],[-139,-11],[-16,5],[-25,-1],[-6,8],[-34,-4],[-4,9],[-29,-3],[-12,-5],[-16,-2],[-46,3],[-19,-8],[-19,0],[-89,-50],[-28,-2],[-14,-3],[-12,-9],[-4,-12],[-25,-2],[-59,6],[-23,-6],[-17,5],[-19,0],[-41,-17],[-28,-30],[-25,-14]],[[83921,25999],[-57,84],[-4,16],[-50,94],[109,6],[-1,2],[110,3],[-3,8],[-10,2],[2,19],[5,5],[-4,4],[-72,57],[-18,9],[-20,5],[-48,-12],[-126,-17],[-83,12]],[[81936,26891],[-38,15]],[[81898,26906],[10,10],[50,20],[17,-2]],[[81975,26934],[-39,-43]],[[82097,27056],[35,38]],[[82132,27094],[-8,-10],[-27,-28]],[[82132,27120],[0,-2]],[[82132,27120],[0,0]],[[83052,27282],[-36,12],[-20,2],[-13,5],[-16,0],[-2,-2],[24,-8],[-150,-123],[-38,-6],[8,-8],[8,6],[10,2],[8,-4],[5,-10],[15,2],[0,-5],[-23,-6],[-1,-2],[20,-1],[-1,-2],[8,0],[9,-9],[20,-5],[18,-19],[-7,-10],[-6,-33],[-11,-3],[-12,0],[1,-41],[35,-27],[2,-7],[-7,-11],[-23,5],[-21,-29],[24,-19],[-28,-20],[-1,-10],[-17,-1],[-7,-6],[-10,9],[-9,-8],[-11,-3],[1,-10],[-8,-3],[9,-7],[-5,-10],[14,-11],[-8,-7],[-5,2],[-30,-11],[-8,-10],[2,-2],[-28,-1],[-19,6],[-12,0],[-2,2],[-15,1],[-18,-4],[-6,-2],[6,-14],[-7,-15],[-13,-5],[-7,11],[-5,0],[-22,-8],[2,-9],[-14,0],[4,-10],[15,-6],[-23,-10],[-7,-15],[-4,-1],[25,-19],[-11,-3],[-7,-1],[-3,4],[-22,-5],[4,-1],[-3,-10],[9,-2],[-2,-6],[11,-2],[-3,-4],[5,-4],[-2,-14],[-5,0],[-4,-7],[-17,-4],[23,-6],[0,-13],[8,-5],[-5,-15],[-4,0],[-3,-13],[-7,-6],[4,-9],[-18,-9],[-5,-22],[-5,-1],[-5,-15],[-11,-9],[-6,-12],[6,-29],[19,-42],[-5,-17],[5,-6],[-4,-8],[7,-1],[-19,-17],[3,-24],[-9,-25],[-1,-18],[-32,-43],[2,-10],[-20,-16],[5,-9],[13,-3],[12,-15],[-13,-53],[13,-10],[-14,-10],[-13,-19],[-30,-232],[-7,-16],[3,-8],[-4,-43]],[[81469,26271],[59,19],[-1,5],[140,-29],[3,60],[94,-8],[0,-5],[94,-7],[1,-20],[70,-2],[23,73],[36,48],[54,102]],[[82042,26507],[20,53],[7,53],[6,0],[-6,95],[-74,-7],[29,48],[-33,48],[3,11],[13,13],[16,37],[-88,12],[2,17]],[[81937,26887],[2,3],[42,44]],[[81981,26934],[10,8]],[[81991,26942],[16,14],[127,132],[7,9],[-1,9]],[[82140,27106],[0,1]],[[82140,27107],[0,18],[10,11],[53,42],[51,14]],[[82254,27192],[12,-20],[20,10],[9,-5],[39,17],[20,6],[-5,4],[80,60],[7,1]],[[82436,27265],[61,7],[182,44],[51,17],[-19,19]],[[82711,27352],[46,15],[12,-2],[33,9],[-35,-9],[-5,4],[80,28],[54,23],[151,63]],[[81991,26942],[0,0]],[[82140,27106],[0,0]],[[82254,27192],[32,12],[118,73]],[[82404,27277],[28,-6],[4,-6]],[[82396,27279],[-117,-74],[-32,-11],[-19,-3],[-35,-13],[-31,-24],[-29,-29],[-38,-15],[37,13],[0,-3]],[[82132,27118],[-7,-10],[8,6],[0,-18],[-1,-2]],[[82097,27056],[-100,-104],[-22,-18]],[[81898,26906],[-45,-56],[-28,-58],[-7,-6],[-40,-16],[-14,-25],[-94,-49],[-85,9],[-34,-3]],[[81551,26702],[-21,-1],[-291,-120]],[[81239,26581],[-107,-45],[1,-10],[-12,2],[-8,-6],[-62,-71],[36,-24]],[[80548,26576],[-18,3],[1,19],[-8,7],[-12,23],[-7,33]],[[80504,26661],[-26,133]],[[80478,26794],[-25,196],[-28,75]],[[82106,27335],[13,13],[17,-7],[-5,-9],[11,-4],[-2,-5],[19,-24],[16,-1],[9,5],[0,3],[-14,2],[5,5],[17,-4],[15,1],[5,-5],[-12,-5],[2,-4],[11,-4],[15,0],[24,-12],[26,8],[15,14],[103,-23]],[[81936,26891],[-25,-33],[-39,-35],[-8,-14]],[[81864,26809],[-4,-8]],[[81860,26801],[-4,-6],[-88,-104],[11,9]],[[81779,26700],[-34,-37],[-62,-46],[-19,-24],[-15,-11]],[[81649,26582],[-20,-11],[-3,-8]],[[81626,26563],[-30,7],[-11,8],[-15,0],[-31,-8],[19,22]],[[81558,26592],[27,39],[5,18],[-9,21],[-30,32]],[[81525,26598],[-66,-19],[-1,-7],[7,2],[6,-11],[-7,-2],[2,-3],[-8,-2],[2,-4],[-5,-1],[19,-23],[-9,-23],[3,-17],[-33,-39]],[[81435,26449],[-61,-12],[7,-5],[-69,-14],[52,-51],[-70,-81]],[[81239,26581],[4,-2],[123,-5],[3,3],[-5,6],[58,10],[-2,4],[90,14],[8,-11],[5,1],[2,-3]],[[81626,26563],[-13,-32],[-21,-11],[-9,-15],[-22,-17],[-21,-22],[-22,0],[-83,-17]],[[81525,26598],[23,2],[-2,-6],[12,-2]],[[81649,26582],[7,-4],[6,4],[-4,2],[11,2],[15,-3],[7,-6],[7,2],[13,-30],[7,1],[-2,-11],[8,-1],[-2,-6],[19,-1],[15,3],[-4,24],[26,-1],[-17,-28],[125,-15],[18,-19],[92,12],[46,0]],[[81864,26809],[0,0]],[[81779,26700],[5,-10],[6,-3],[3,2],[-7,6],[0,9],[74,89],[15,28],[44,39],[18,27]],[[85647,26837],[-12,-23]],[[85635,26814],[-11,4],[-2,7],[-15,5],[-1,7],[41,0]],[[85121,26895],[0,0]],[[85081,26878],[5,4]],[[85092,26885],[8,6]],[[85114,26894],[5,-1],[-13,-9],[18,11],[5,7],[-1,-15],[-2,-10],[-19,-5],[18,3],[-4,-9],[-5,-19],[-1,-8],[-9,-22],[2,-4],[-4,-18],[-63,-222],[-67,-125],[-11,-2],[7,-5],[-25,-41],[-73,-83],[-15,-5],[9,0],[-5,-7]],[[85130,26905],[0,0]],[[85634,26813],[-33,-63],[0,-7],[-11,-16],[-7,-1],[-86,-56],[75,-12],[-86,-32],[-67,-74],[261,-106],[-22,-7],[-39,-4],[-113,-40],[-23,-1],[-40,-21],[-34,-7],[-104,-34],[-51,-28],[-20,-7]],[[85234,26297],[-80,-29],[-54,-34],[-146,-66],[-17,-32],[-38,7],[14,-11],[-58,-27],[-136,24]],[[84719,26129],[191,218],[33,34],[54,90],[59,111],[1,4],[81,268],[4,7],[2,-6],[-8,-13],[11,-1],[-3,-5],[5,-3],[-1,7],[6,0],[-17,3],[7,12],[-1,12],[5,16],[21,6],[24,1],[6,5],[3,-9],[20,-9],[10,-13],[2,-7],[-5,-10],[-37,2],[36,-3],[5,5],[2,8],[-2,7],[7,-8],[3,-12],[27,-2],[-28,3],[-1,11],[-6,8],[-13,12],[-18,9],[-1,15],[24,-6],[9,3],[8,-1],[8,6],[15,6],[52,-5],[41,-12],[13,1],[-12,-12],[15,12],[41,-1],[4,2],[-6,-10],[2,-6],[-20,-27],[20,27],[-1,-18],[5,16],[-5,8],[5,8],[7,-7],[12,-6],[27,-8],[25,-3],[4,-9],[6,-2],[-6,-6],[9,5],[-8,-13],[14,-22],[-14,23],[9,12],[6,-6],[17,-5],[-5,-9],[7,8],[5,1],[-2,-17],[-12,-39],[13,37],[3,-9],[-1,19],[2,11],[3,-1],[-3,-12],[5,-13],[-3,12],[6,-12],[-5,17],[5,-10],[-1,8],[4,2],[2,-10],[0,11],[3,-7],[0,7],[2,-1],[4,-11],[-9,-8],[1,-10],[9,-6],[-10,9],[1,7],[8,5],[16,-19],[10,-7],[1,-4],[14,-10],[-13,14],[-14,11],[-12,18],[3,2],[6,-4],[3,9],[17,-16],[-13,17],[18,-2],[6,4],[3,-7],[6,-5],[-1,-5],[4,-7],[-2,8],[5,3],[4,-2],[2,-6],[10,-4]],[[85123,26928],[0,0]],[[85118,26930],[0,0]],[[85118,26920],[-2,2]],[[85118,26923],[17,7],[-4,-22]],[[85116,26936],[0,0]],[[85116,26933],[6,4],[3,7],[8,1],[1,-12],[-10,-5],[-8,5]],[[83921,25999],[-14,-1],[-47,9],[-64,0],[-33,9],[-44,7],[-39,10],[-7,-2],[-1,-10],[-8,-6],[-29,-6],[-39,-27],[-69,-27],[-17,-31],[-20,-9],[9,-22],[-2,-10],[6,-54],[-4,-16],[1,-16],[-8,-7],[15,-26],[-6,-6],[-4,-12],[3,-19],[-6,-11],[4,-6],[26,-11],[15,-12],[-1,-22],[5,-7],[-7,-20]],[[83536,25638],[1,-18],[-5,-5],[-259,-151],[-507,-30]],[[82766,25434],[-8,35],[-72,14],[-52,20]],[[82509,25548],[-14,6],[-41,4],[-16,-29],[-15,0],[-26,-5],[-22,6],[-25,0],[-55,-14],[-72,-34],[-25,-1],[-10,2],[-28,11],[-22,18],[-27,3],[-26,16]],[[75191,32487],[33,-46],[-19,-36],[3,-19],[39,-24],[47,-34],[50,-24],[45,-12],[26,-11],[21,-2],[-1,-2],[37,7],[17,1],[1,-5],[-23,-15],[-7,-10],[3,-21],[9,-18],[26,-35],[13,-10],[22,-14],[48,-19],[17,-17],[6,-49],[-11,-17],[-41,-18],[-27,-6],[-38,-1],[-15,-6],[4,-9],[31,-11]],[[75507,32004],[-4,-2],[-152,-17],[-173,-3],[-110,7],[-159,16],[-9,2],[-17,12],[-29,9],[-10,9],[-24,10],[-11,12],[-73,-6]],[[74736,32053],[-11,21],[-21,-5],[-6,6],[-1,13],[14,4],[-4,6]],[[74707,32098],[12,1],[1,7],[21,21],[9,18],[12,9],[9,32],[-12,49],[-16,29],[0,19],[-37,11],[-20,15],[-18,20],[3,3],[-10,21],[55,11],[-8,10],[11,25],[-55,7],[-58,13],[-13,-5],[-19,5],[-78,30],[-4,16],[-11,17]],[[74481,32482],[8,9],[-5,8],[11,3],[14,-6],[130,-28],[153,-15],[134,0],[98,23],[28,1],[15,-2],[54,9],[70,3]],[[73325,32389],[3,-22],[16,-10],[7,-10],[17,5],[0,-9],[11,2],[12,-7],[8,3],[21,0],[10,-5],[-7,-5],[8,-10],[-8,-26],[-21,-7],[-1,-3],[6,-3],[-4,-6],[-14,-1],[-6,-10],[-16,-7],[2,-3]],[[73369,32255],[-8,-9],[-14,-4],[-6,-6],[3,-6],[20,-8],[-12,-12],[0,-8],[18,-27],[13,-11],[25,-12],[15,-12],[65,-19],[19,-10],[-147,-36],[2,-2],[-31,-10],[-36,-7],[-2,28],[-3,1],[-119,-28],[-7,8],[-74,3],[-7,-29],[-27,-46],[-20,-53],[50,-35],[-16,-43],[-15,-17],[-18,-7],[-19,-13],[-33,-13]],[[72985,31812],[-10,9],[-132,-20],[-20,-2],[-6,5],[-7,1],[5,3],[-12,6],[-4,10],[10,15],[-3,6],[-17,7],[-5,-1],[3,6],[-5,6],[1,10],[-6,4],[1,6],[-11,4],[-9,12],[-18,2],[-7,21],[17,17],[-4,5],[10,10],[-7,10],[27,7],[33,-3],[43,18],[-37,20],[-32,11],[-11,14],[-10,4],[-17,5],[-32,2],[-25,0],[-25,-4],[-12,-9],[-4,-10],[7,-18],[-7,-22],[-19,4],[-3,-8],[-15,6],[-8,1],[-4,-3],[0,6],[-7,-1],[-7,5],[3,5],[-9,-3],[-5,4],[-8,-1],[0,4],[-7,0],[1,3],[-6,-1],[5,5],[-9,0],[-3,4],[5,4],[-11,-3],[1,6],[-3,-1],[-8,2],[2,4],[-8,-2],[-8,2],[0,3],[-7,-4],[-31,18],[-20,3],[-6,4],[-10,-1],[-13,7],[-15,2],[-29,-4],[-3,3],[-4,-2],[-9,4],[-27,3],[-3,3],[-36,-3],[-3,3],[-7,1],[-28,8],[-7,-3],[-2,4],[-7,-3],[-3,4],[-10,0],[-8,-3],[-4,2],[-6,-4],[-35,5]],[[72183,32071],[3,9],[-2,1],[16,14],[22,-4],[61,43],[32,-2],[38,-8],[-3,8],[7,35],[-9,50]],[[72348,32217],[43,-12],[32,-2],[31,35],[61,82]],[[72515,32320],[23,-2],[8,-5],[60,-21],[32,-3],[95,-19],[0,-6],[34,-5],[216,-17],[47,-6],[5,3],[38,-2],[4,10],[23,-3],[0,9],[14,5],[-1,5],[18,0],[6,12],[18,-1],[10,8],[-2,7],[13,2],[18,26],[21,10],[19,19],[8,14],[-2,13]],[[73240,32373],[7,16],[41,4],[37,-4]],[[74736,32053],[8,-21],[-58,-12],[-62,-7],[-92,1],[0,-8],[-9,0],[-17,-22],[1,-2],[36,-3],[51,-2],[-1,-23],[-10,-33],[4,-18],[-6,-10],[14,-8],[-29,-33],[-2,-25],[-19,2],[2,-30],[12,-19],[13,-1],[15,-11],[40,-47],[31,-13],[-7,-1],[31,-21],[7,-28],[23,-27],[-4,-20],[30,-1],[7,-24],[-4,-13],[7,-15],[-17,-11],[-21,-28],[-12,-23]],[[74698,31496],[-121,0],[-13,-1],[-28,-8],[-77,-11],[-248,-8],[1,15],[-20,-1],[16,26],[-20,2],[19,26],[12,0],[1,3],[-20,17],[-60,16],[36,17],[-3,2],[8,4],[-5,4],[0,13],[-5,12],[-15,6],[-20,3],[-23,-10],[-50,-8],[-38,1],[-1,-3],[-21,5],[-2,-3]],[[74001,31615],[-14,-11],[-17,4],[-19,-11],[-2,-6],[-10,-1],[-5,2],[-6,11],[-22,-3],[-36,14],[-4,4],[3,5],[-14,10],[-11,1],[-13,-6]],[[73831,31628],[-5,5],[6,12],[-24,6],[-1,10],[8,9],[13,7],[32,8],[-5,11],[16,10],[6,10],[9,0],[9,-4],[5,4],[8,0],[6,-5],[30,-11],[41,-3],[27,19],[16,22],[8,6],[15,2],[18,-1],[26,13],[18,-9],[24,7],[26,-10],[11,6],[2,5],[12,-6],[6,1],[-1,15],[-86,8],[14,8],[23,29],[0,11],[-10,8],[2,7],[-4,3],[9,10],[0,6],[13,6],[2,12],[8,10],[-7,7],[10,26],[-7,6],[-17,1],[-6,3],[7,23],[-15,8],[0,32],[-12,8]],[[74117,31999],[-4,5],[1,20],[19,6],[-15,16],[7,13],[-19,6],[7,10],[-6,10],[2,9],[-7,4],[-3,7],[-25,11],[-8,0],[0,9],[-21,-6],[-7,13],[-24,-1],[-6,12],[3,6],[-9,6],[3,6],[-15,3],[-3,5]],[[73987,32169],[-1,21],[6,24],[50,-8],[10,1],[41,17],[10,9],[21,9],[32,4],[18,6],[49,7],[5,-10],[43,-13],[20,-14],[9,-1],[23,-11],[26,-53],[16,-13],[52,3],[19,-4],[41,-2],[37,-5],[24,-6],[29,-11],[4,-5],[37,-9],[38,-5],[61,-2]],[[74381,31249],[31,-7],[-12,-25],[-37,3],[-8,-15],[0,-4],[25,-2],[-7,-13],[-3,-19],[-9,-8],[-15,-39],[46,-10],[-4,-9],[116,-38],[24,-19],[30,-17],[49,-19],[-1,-3],[31,-7],[-6,-14],[46,-4],[41,-10],[24,-2],[19,-6],[10,13],[13,-6],[1,-8],[6,1],[0,-4],[8,-3],[4,-16],[26,0]],[[74829,30939],[-3,-21],[8,-16],[36,-15],[26,-6],[12,-26],[16,-23],[-42,-8],[-11,-10],[-10,5],[-7,-1],[-12,-13],[-12,-7],[-13,1],[-8,-3],[-5,-10],[-14,1],[-2,6],[-14,2],[-15,-6],[-4,-6],[-25,-18],[-47,-22],[3,-24],[-10,-13],[-34,9],[-11,-1],[-8,-7],[-36,-8],[0,-4],[-37,-12],[-36,-6],[-4,8],[-34,-4],[-84,-2],[-95,4],[-15,-1],[3,-12],[-21,-4],[-1,-4],[-42,5],[-19,0],[5,-35],[-66,-16],[-72,-2],[-54,-53],[-45,4]],[[73970,30565],[-29,4],[-26,8],[-44,44],[-36,12],[-33,6],[-31,10],[3,3],[-23,4],[-134,8],[-121,1],[-97,-5],[-34,30],[-16,9],[-7,11],[-3,0]],[[73339,30710],[-39,20],[-3,-2],[-20,16],[-40,22],[3,1],[-26,38],[-14,54],[-2,25]],[[73198,30884],[49,7],[46,12],[51,8],[-13,15],[48,14],[30,1],[17,4],[5,5],[12,-1],[20,10],[5,7],[13,9],[20,-6],[14,-2],[11,-11],[-1,-9],[-7,-4],[6,-17],[12,-3],[23,2],[39,-10],[25,5],[6,7],[11,3],[22,2],[2,5],[9,3],[10,-4],[24,7],[15,-2],[3,-2],[36,-2],[13,11],[-3,3],[19,7],[-2,12],[5,-3],[14,3],[17,-1],[11,-11],[16,-7],[13,-2],[19,1],[26,11],[17,5],[2,8],[12,4],[7,18],[-10,5],[26,10],[-135,40],[-64,12],[-37,30]],[[73727,31093],[-10,11],[30,13],[-13,39],[12,61]],[[73746,31217],[226,19],[-9,15],[45,11],[16,2],[44,-3],[12,-4],[11,8],[4,10]],[[74095,31275],[46,-1],[0,-4],[6,-1],[19,1],[53,-8],[1,-11],[33,-2],[29,-8],[99,8]],[[74698,31496],[-10,-29]],[[74688,31467],[-2,-13],[5,-17],[-22,-2],[-67,0],[-2,-10],[-49,-4],[-54,-12],[-21,0],[-42,-7],[-36,0],[-10,-46],[-38,-39],[-12,-18],[27,-13],[17,-4],[-5,-31],[4,-2]],[[74095,31275],[9,10],[-6,7],[6,0],[1,9],[-32,17],[19,4],[-27,11]],[[74065,31333],[29,5],[-3,9],[10,2],[-6,2],[-1,9],[-14,-1],[-4,18],[-8,2],[18,5],[-62,35],[-8,20],[0,16],[7,1],[12,12],[-3,1]],[[74032,31469],[21,15],[21,10],[8,15],[-12,47],[-14,24],[-11,11],[-44,24]],[[74032,31469],[-70,-1],[-32,-28],[-8,4],[-4,12],[-42,21],[-43,2],[-31,7],[-28,12],[-10,2],[-15,-1]],[[73749,31499],[2,25],[-6,8],[-17,7],[-7,6],[-9,32],[19,29],[19,11],[38,1],[43,10]],[[73746,31217],[28,44],[15,45],[-3,13],[-25,21]],[[73761,31340],[223,25],[81,-32]],[[73761,31340],[-22,29],[0,14],[9,15],[19,12],[17,7],[18,36],[-16,16],[-24,14],[-13,16]],[[74267,32698],[-27,-17],[-22,-6],[-7,-11],[63,18],[41,8],[45,1],[-66,-91],[19,-119],[68,-20],[100,21]],[[73987,32169],[-18,-1],[-11,5],[-26,1],[-3,-4],[5,-4],[-16,-4],[5,-6],[-16,0],[2,-11],[-17,0],[-5,-14],[-12,-2],[-25,-12],[-21,5],[-4,7],[-35,7],[3,14],[-18,-1],[-11,3],[-11,-5],[-2,9],[-18,4],[0,10],[-8,11],[-19,12],[-27,1],[-6,11],[-14,0],[-13,-4],[-10,4],[8,4],[-20,8],[-15,-5],[-24,-1],[-16,-14],[-6,-14],[-8,2],[-24,-7],[-5,7],[-12,-13],[-5,-1],[-8,6],[5,5],[-8,2],[-17,-3],[-16,14],[-9,1],[-7,13],[-13,1],[6,4],[18,-1],[13,4],[0,7],[-6,3],[-3,8],[-10,-1],[-7,7],[-10,-1],[-7,3],[-22,-1],[-2,4],[-12,3],[5,3],[-5,3],[-25,0]],[[73325,32389],[0,9],[17,31],[-2,14],[3,5],[25,0],[11,10],[35,-1],[20,9],[25,2],[45,18],[-2,8],[-25,9],[13,33],[-3,11],[25,31],[5,17],[30,25],[-23,11],[78,77],[21,60],[-26,34]],[[73597,32802],[42,27],[46,4],[227,84],[170,165]],[[74082,33082],[337,-249],[-17,-13],[-95,-34],[-78,-41],[-2,-9],[40,-38]],[[72515,32320],[55,26],[57,36],[21,-6],[7,-12],[7,-5],[21,-4],[20,2],[1,7],[-10,15],[-4,15],[56,4],[13,7],[38,-3],[13,-3],[1,3],[104,-22]],[[72915,32380],[21,1],[48,11],[51,13],[41,15],[36,7],[54,4],[2,-9],[18,-6],[-16,-37],[26,2],[6,-4],[38,-4]],[[72985,31812],[15,-16],[89,-59]],[[73089,31737],[57,-54],[-113,-8],[-16,-4],[2,-4],[-6,-5],[8,-2],[-6,-3],[7,-6],[-32,-5],[-8,-5],[-6,-9],[-12,-7],[-18,-4],[-20,3],[-36,-2],[-12,1],[-22,-4],[-14,-6]],[[72842,31613],[-45,21],[-39,0],[-7,9],[-19,6],[-19,17],[-20,1],[-18,5],[-20,18],[-31,4],[-18,7],[-26,32],[-4,11],[-21,0],[-20,51],[-45,28],[-15,6],[-31,7],[-28,12],[-12,9],[6,4],[13,3],[-2,4],[-32,4],[-12,8],[-29,9],[-46,5],[-19,7],[-19,1],[-49,-10],[-47,-16],[-2,8],[-11,1],[-20,12]],[[72135,31897],[40,9],[-1,9],[5,6],[17,0],[0,7],[13,0],[5,18],[-9,3],[5,9],[-25,24],[6,22],[14,14],[0,25],[-3,12],[-33,2],[12,15]],[[72181,32072],[2,-1]],[[75402,32652],[-32,-19],[-36,-46],[-45,-39],[-22,-6],[-6,5],[2,-5],[-60,-8],[-14,-6],[-8,-12],[10,-29]],[[74267,32698],[14,5],[21,-3],[25,5],[90,0],[39,8],[63,-1],[35,3],[121,-6],[18,44],[513,-62],[47,-10],[78,-11],[71,-18]],[[75822,31424],[-5,-50],[7,-40],[10,-14],[43,-30],[7,-9],[-14,-24],[-9,-50],[-5,-16],[-7,-8],[-10,-4],[-37,-4],[-12,3],[-7,8],[5,19],[-10,23],[-11,9],[-18,4],[-17,-1],[-9,-4],[-10,-10],[6,-24],[-5,-16],[-33,-27]],[[75681,31159],[-17,18],[-27,12],[-70,-8],[1,-3],[-52,-5],[-36,-8],[-13,-5],[-42,-5],[-45,-11],[-14,1],[-21,-10],[-18,4],[4,-6],[-1,-7],[-4,-1],[-65,-4],[-1,-15],[-28,-43],[-1,-19],[-141,14],[-68,-8],[-3,9],[-17,18],[-26,-8],[-62,-3],[-9,-12],[-110,-4],[-1,-14],[14,-41],[-15,-10],[35,-23],[1,-23]],[[74688,31467],[63,-11],[61,-6],[42,0],[92,6],[20,5],[62,8],[20,0],[38,-4],[88,14],[71,-3],[43,6],[43,-1],[1,-47],[183,-1],[125,-11],[182,2]],[[74117,31999],[-132,-36],[-71,8],[-61,0],[-73,7],[-137,24],[-7,8],[-17,7],[-13,14],[-48,-16],[-12,-7],[-26,-69],[-18,-8],[24,-39],[-41,-61],[-102,-9],[-124,-25],[-151,-50],[-19,-10]],[[75507,32004],[30,-7],[-3,-2],[-7,2],[-4,-2],[20,-8],[4,2],[-11,5],[2,2],[16,-6],[61,-42],[-9,2],[-54,37],[-6,0],[34,-25],[0,-16],[12,1],[3,4],[17,-4],[-36,-5],[-31,-8],[-32,-15],[-24,-32],[-21,-20],[6,-28],[-9,-21],[14,-8],[31,-2],[37,-11],[20,-3],[18,5],[9,7],[12,13],[23,4],[10,-6],[68,-68],[23,-8],[34,-6],[12,-7],[-3,-15],[-29,-10],[-12,-10],[-10,-15],[-5,-20],[14,-14],[33,-14],[25,-14],[5,-7],[0,-8],[-34,-28],[-6,-25],[-5,-6],[-37,-12],[-9,-8],[-2,-8],[9,-11],[27,-15],[23,-26],[35,-3],[39,7],[25,-6],[2,-5],[-4,-5],[-24,-13],[-11,-13]],[[73727,31093],[-104,6],[-73,-4],[-41,4],[-223,51],[-49,2],[-74,-6],[-17,-4],[-1,5],[-28,3],[-7,21],[5,13],[35,23]],[[73150,31207],[41,180]],[[73191,31387],[-3,2],[13,41],[4,34],[-4,52],[-7,30],[-24,-5],[-5,-3],[-49,5],[-23,6],[-41,2],[-34,-2],[-76,4],[-35,-1],[-8,3]],[[72899,31555],[-25,23],[-11,22],[-13,3],[-8,10]],[[75651,30839],[-4,24]],[[75647,30863],[9,-6],[-2,-18],[-3,0]],[[75562,30301],[-83,22],[11,23],[8,5],[10,2],[-4,6],[15,8],[2,3],[-16,2],[-36,3],[-75,-2],[-46,8],[-116,-5],[-15,-8],[-3,-7],[-9,-2],[-12,-13],[-17,-3],[-15,8],[-17,5],[2,6],[-18,22],[-8,4],[-45,4],[15,56],[-61,7],[4,17],[9,6],[39,-4],[7,17],[-87,12],[-81,-2],[-2,-31],[-40,2],[-4,-7],[-13,-1],[-33,-22],[-29,12],[-12,2],[-6,-6],[-19,8],[-17,11],[1,5],[-9,6],[-19,2],[-11,4],[-7,-1],[0,5],[-12,3],[-2,3],[-27,4],[-20,11],[0,5],[-13,1],[-5,6],[-8,-2],[-33,13],[-31,4],[-19,7],[-52,1],[-19,-4],[-20,1],[-9,-9],[-7,-1],[0,-2],[-16,-8],[-54,-6],[-89,-19],[-33,0],[-16,3],[-80,-21],[-47,-2],[-9,-4],[-7,2],[-32,-4]],[[74040,30472],[-46,-8],[-25,-7],[-19,4],[-4,34],[14,11],[-4,14],[-10,3],[13,15],[-8,14],[19,13]],[[75681,31159],[-17,-12],[-31,-15],[-39,-27],[-21,-32],[1,0],[11,17],[7,-15],[24,-16],[19,-24],[34,-17],[41,-12],[10,-13],[-5,-14],[-73,-82],[-4,-8],[-8,-2],[8,-2],[-1,-6],[-8,-3],[8,1],[6,-42],[21,-19],[-8,-5],[-47,2],[-13,-2],[-9,-4],[-2,-10],[17,-26],[-19,-42],[2,-18],[-29,-3],[-11,-6],[14,5],[27,2],[11,-24],[-9,-17],[-1,-18],[-32,-37],[-14,-27],[-4,-34],[1,-1],[49,-39],[10,-15],[1,-17],[15,-15],[-2,-3],[-26,-13],[3,-18],[12,-19],[14,-10],[0,-4],[-5,-6],[-31,-13],[-11,-14],[3,-12],[23,-15],[6,-9],[-5,-7],[-15,-9],[-5,-9],[-12,-3]],[[73198,30884],[-4,2],[-31,-11],[-142,-58],[-59,-11],[-60,-29],[-75,-39],[-1,-4],[-25,-15],[-34,-16],[-133,-29],[-64,-5],[-99,-14]],[[72471,30655],[-16,-5],[-38,-22],[-25,-20],[-48,12],[-18,3],[-13,0],[0,-10],[-23,-2],[-9,-37],[9,-11],[-15,-8],[-86,10],[-69,0],[-65,-7],[-32,-9],[-22,-3]],[[72001,30546],[-45,-12],[-47,-7],[-74,-21],[-16,-3],[-44,3],[-33,-1],[-23,-4],[-64,0],[-3,-3],[-79,-11],[-1,-4],[-51,-6],[-5,5],[-37,0],[-27,10]],[[71452,30492],[4,60],[7,5],[3,8],[4,1],[4,10],[8,2],[5,31],[23,5],[0,20],[12,20],[-28,10],[-8,12],[6,7],[-19,5],[-15,15],[-12,1],[-24,41]],[[71422,30745],[-5,19],[35,24],[3,5],[-12,4],[24,18],[7,18],[12,9],[0,5],[13,4],[17,1],[-10,15],[12,20],[38,10],[24,11],[20,-2],[24,7],[37,4],[22,-1],[22,6],[35,-6],[12,1],[6,6],[26,0],[2,6],[-9,7],[-45,17],[-13,10],[0,5],[32,29],[9,4],[38,4],[25,18],[23,5],[18,9]],[[71864,31037],[15,1],[30,-9],[10,-38],[7,0],[4,-3],[24,-3],[28,7],[23,9],[-9,-26],[80,-18],[15,0],[32,1],[107,14],[32,8],[62,3],[117,12],[23,6],[-45,51]],[[72419,31052],[132,-27],[134,31],[130,48],[91,42],[-5,13],[49,-2],[113,18],[33,9],[54,23]],[[73191,31387],[-193,-37],[-105,-48],[-77,-9],[-43,-19],[-102,-21],[-27,7],[-34,-9],[-16,0],[-40,10],[-35,13],[-56,3],[-6,13],[-25,1],[-21,16],[-8,8],[0,9],[-63,9]],[[72340,31333],[-44,10]],[[72296,31343],[4,14]],[[72300,31357],[7,0],[26,14],[22,16],[26,10],[42,27],[68,59]],[[72491,31483],[82,1],[52,-7],[25,2],[113,35],[41,9],[25,11],[70,21]],[[72319,31528],[-21,-23],[4,-74],[-5,-19],[4,-23],[-1,-32]],[[72296,31343],[-63,17],[0,3],[-29,18],[-7,10],[3,12],[-16,57],[-14,15],[-18,7],[-20,5],[-83,0],[-33,6],[-24,9],[-60,43]],[[71932,31545],[103,45]],[[72035,31590],[4,-3],[42,-6],[16,1],[27,4],[6,14],[19,0],[2,8],[21,1],[0,-7],[14,1],[-2,-22],[-3,-1],[2,-7],[8,-7],[42,2],[12,-16],[74,-24]],[[72340,31333],[-1,-17],[-54,-8],[-3,-5]],[[72282,31303],[-65,-1],[-15,8],[-21,21],[-34,5],[6,-10],[-69,-12],[-32,4],[-31,-4],[-69,3],[-13,5],[-2,9],[-9,6],[-15,4],[-19,-1],[-8,6],[-78,-15],[12,-24],[-37,-23],[-2,-6],[9,-15]],[[71790,31263],[-16,8],[-9,17],[-21,6],[-5,5],[-10,-5],[-4,3],[-19,-10],[-26,-4],[-15,-7],[-33,24],[-30,15],[-11,3],[-46,26]],[[71545,31344],[24,30],[27,1],[19,38],[8,0],[0,2],[14,3],[-2,4],[36,-4],[59,14],[57,3],[2,4],[-4,7],[26,2],[-20,7],[-12,8],[2,11],[12,0],[4,6],[9,2],[3,3],[7,-4],[4,7],[12,2],[9,7],[29,8],[19,2],[29,16],[3,11],[11,11]],[[72282,31303],[-4,-4],[10,-5],[5,-6],[7,-26],[-14,-2],[3,-10],[14,1],[48,-5],[18,-101],[-3,-30],[53,-63]],[[71864,31037],[-27,8],[-17,12],[-10,2],[-18,11],[-17,3],[-2,10],[-10,7],[-9,3],[4,4],[-8,18],[-17,8],[14,16],[22,7],[46,46],[-21,14],[0,11],[-5,8]],[[71789,31225],[-5,7],[6,31]],[[69902,27555],[28,6],[17,15],[14,-4],[21,-2],[6,-4],[3,-13],[-13,-15],[7,-6],[7,0],[11,3],[15,24],[10,-1],[15,-8],[7,-11],[-10,-12],[9,-1],[1,-5],[-7,-6],[-8,0],[-2,-5],[21,-5],[5,-5],[29,4],[19,-1],[11,-3],[5,-9],[4,0],[21,10],[0,6],[-13,7],[4,5],[13,-1],[0,-6],[19,-4],[16,5],[15,-4],[6,-3],[0,-5],[-27,-12],[7,-12],[-9,-8],[-23,-2],[-30,7],[-6,0],[-2,-6],[12,-11],[2,-11],[-7,-7],[-22,-8],[-1,-4],[15,-8],[13,-1],[20,9],[13,1],[10,-13],[21,0],[36,-6],[5,-3],[6,-19],[25,4],[27,13],[4,-3],[-7,-7],[1,-13],[15,-8],[11,-2]],[[70317,27371],[6,-2],[12,10],[36,9],[17,-4],[6,-7],[-7,-4],[-3,-11],[-7,-2],[-23,4],[-2,-7],[11,-6],[33,5]],[[70396,27356],[3,-26],[-3,-5],[-10,-3]],[[70386,27322],[-26,-8],[-14,-17],[-11,-4],[-24,-1],[-25,11],[-21,1],[-42,-20],[-17,-4],[-11,4],[-10,14],[-13,10],[-8,2],[-12,-2],[-8,-3],[-6,-9],[-1,-16],[11,-6],[19,-3],[5,-6],[-42,-13],[-13,-20],[-37,-14],[-5,-11],[19,-11],[2,-15],[-12,-6],[-9,0],[-19,26],[-15,3],[-16,-1],[-25,-6],[-31,-13],[-17,-22]],[[69952,27162],[-13,-12],[-38,-17],[-53,-12],[-28,-1],[-16,-7],[-18,-14],[-2,-9],[-15,-4],[-2,-8],[-10,-10],[5,-5],[-28,-11]],[[69734,27052],[-2,2],[-26,-7],[-13,7],[-14,2],[-67,-2],[-51,13],[-78,5],[-30,-3],[-18,4],[-30,17],[-20,5],[-27,-4],[-13,-9],[-15,-6],[-41,3],[-37,16],[-5,8],[2,19],[-15,16],[-15,2],[-31,15],[-42,15],[-25,4],[-21,-2],[-26,-20],[-13,-6],[-14,-3],[-14,3],[-23,11],[-20,1],[-14,4],[-20,0],[-9,-6],[-1,-14],[-32,-17]],[[68914,27125],[-15,-11],[0,-10],[12,-9],[32,-10],[3,-4],[-8,-16],[-18,-12],[-19,3],[-12,9],[-4,12],[-10,4],[-10,0],[-33,-11],[-21,-2],[-63,4],[-56,8]],[[68692,27080],[18,31],[4,21],[25,6],[-15,27],[14,2],[0,13],[6,2],[4,14],[-1,19],[-16,0],[-36,-5],[-70,21],[3,22],[-29,7],[-20,2],[6,52],[-4,4],[26,28],[22,-9],[59,2],[20,-6]],[[68708,27333],[14,-6],[32,-3],[27,1],[0,3],[35,5],[-5,8],[161,-6],[5,21]],[[68977,27356],[32,-4],[104,-37],[22,-13],[7,0],[27,-22],[22,-12],[-1,-10],[-13,-7],[21,-3],[19,4],[12,8],[1,-2],[16,3],[8,-7],[3,11],[99,10],[-3,7],[42,3],[-14,35],[-11,2],[-13,-3],[-22,13],[38,18],[7,7],[-3,9],[40,7]],[[69417,27373],[46,9],[-35,23],[5,3],[-8,9],[1,23],[14,22],[21,3],[28,-6],[20,0],[7,5],[6,16],[6,-1]],[[69528,27479],[-1,17],[5,10],[17,3],[0,16],[-3,0],[13,20],[0,9],[6,-1],[0,8],[27,2],[1,5],[-5,7],[7,32]],[[69595,27607],[23,8],[20,2],[44,2],[51,-3]],[[69733,27616],[16,-1],[18,4],[18,-5],[44,-1],[37,-24],[14,-31],[10,-5],[12,2]],[[68198,26419],[26,-3],[-8,-5],[-3,3],[-16,-8],[14,-15],[-6,-5],[15,-4],[7,-10],[-22,-5]],[[68205,26367],[-51,-7],[2,-3],[-6,-2],[5,-6],[-21,-1],[4,-33],[-30,-11],[-5,-15],[-22,-31],[-20,-14]],[[68061,26244],[-13,-6]],[[68048,26238],[-57,32],[-26,9],[-20,12],[-45,10],[1,4],[-36,4],[3,6],[-45,22],[27,9],[-4,3],[-14,-4],[-12,13],[-11,-3],[-8,5],[-11,20],[4,2],[-2,14]],[[67792,26396],[67,21]],[[67859,26417],[41,-24],[-5,-5],[27,-10],[14,-14],[13,4],[-3,6],[5,4],[23,4],[11,-2],[18,4],[-5,3],[6,6],[11,-8],[9,1],[1,-5],[16,-2],[-5,12],[43,20],[68,2],[2,6],[-9,1],[1,7],[2,-2],[8,0],[-2,5],[9,5],[23,-13],[17,-3]],[[67632,28032],[13,-7],[-7,-7],[-17,-6],[9,-6],[-26,-16],[12,-7],[-12,-9],[26,-9],[31,-22],[0,-5],[8,2],[3,-4],[12,10],[36,1],[17,-5],[20,3],[21,-13],[9,-1],[22,-9],[33,7],[7,6],[15,2],[30,-7],[17,-9],[37,8],[20,-2],[20,1],[28,-24],[36,8],[13,-1],[34,-8],[38,-23],[33,-14],[16,-3],[1,-6],[19,-12],[16,0],[16,-22]],[[68238,27823],[-54,-13],[-31,-2],[18,-51],[-56,-21],[12,-8],[-8,-3],[9,-8],[-4,-1],[18,-29],[-5,-6],[7,-21],[-13,0],[0,-2],[39,-39],[11,4],[13,-12]],[[68194,27611],[11,-12],[24,7],[7,-15],[18,-18],[-7,-3],[7,-11],[13,-10],[13,-1],[-23,-15],[4,-2],[0,-24],[12,1],[7,-3],[-2,-2],[12,-5]],[[68290,27498],[-36,-20],[-73,-61],[-69,-46],[-36,-29],[-239,-173],[41,-22],[4,-45],[-12,1],[-4,-5],[10,-29],[-2,-8],[2,-4],[9,2],[14,-12],[8,-2]],[[67907,27045],[-17,3],[-2,-4],[-20,1],[-7,-3],[-2,2],[-18,0],[-7,-3],[-11,-1],[17,-21],[-24,-38]],[[67816,26981],[-12,-7],[-25,13],[4,10],[-5,11],[8,8],[-2,7],[-11,1],[-7,-8],[-9,-3],[-32,20],[-14,4]],[[67711,27037],[-5,1],[-14,-8],[-9,2],[-11,23],[0,10],[-13,11],[-21,9],[-4,1],[-6,-5],[-11,1],[-50,20],[-17,2],[-18,-4],[-15,12]],[[67517,27112],[-13,11],[-21,6],[1,14],[-25,2],[-9,3],[-19,16],[3,5],[16,3],[-4,16],[-6,1],[-23,-6],[-10,-10],[-44,2]],[[67363,27175],[-8,13],[45,3],[3,10],[14,0],[5,12],[21,-3],[0,7],[-7,6],[-11,0],[2,5],[-17,2],[-12,7],[16,10],[15,4],[6,-3],[9,4],[20,17],[15,-7],[3,2],[21,-8],[23,2],[2,8],[18,19],[8,-13],[-12,-16],[10,-3],[10,1],[22,15],[8,12],[5,0],[-4,3],[3,4],[24,7],[11,7],[-14,19],[-5,10],[3,6],[-5,5],[7,1],[2,5],[-3,3],[-5,-3],[0,10],[15,3],[-7,9],[4,8],[6,0],[1,3],[0,20],[-5,2],[-6,0],[5,4],[-9,4],[2,17],[5,1],[4,5],[-8,13],[0,10],[-3,3],[-17,3],[-14,10],[-44,6],[-34,1],[-9,7],[-10,2],[-71,33],[-16,18],[5,17],[-22,3],[5,6],[-8,1],[9,16],[12,12],[-6,2],[10,15],[-8,1],[0,12],[-7,5],[10,13],[-1,13],[-50,13],[-10,9],[-9,-2],[1,9],[-4,2],[-104,-12],[-17,-5],[-25,-15]],[[67181,27655],[-8,4],[28,20],[11,3],[-17,4],[-7,27],[-20,22],[-8,35],[13,-1],[10,20],[2,35],[10,1],[3,20],[-9,1],[0,14],[21,20],[7,37],[6,1],[-2,10],[9,10],[-6,3],[9,22],[-11,20],[-4,25],[6,-1],[4,6],[18,1],[0,4],[12,2],[2,5],[7,0],[36,16],[21,-5],[29,2],[30,-9],[0,-3],[44,2],[10,-4],[25,-4],[13,3],[24,14],[15,-3],[28,-14],[26,-6],[8,-9],[29,16],[5,-1],[22,12]],[[66984,27249],[-46,4],[-32,11],[-19,-4],[-16,1],[-10,12],[-14,6],[-11,1]],[[66836,27280],[-3,7],[9,-1],[2,2],[0,12],[7,1],[6,10],[8,3],[-23,2],[0,5],[20,-1],[-1,23],[-17,1],[-5,-2],[6,17],[-53,8],[3,12],[217,-10],[-43,-95],[0,-2],[23,-6],[-7,-9],[-1,-8]],[[66743,27804],[44,-12],[33,-3],[10,-5],[6,1],[60,-16],[6,1],[7,17],[21,7],[21,5],[11,-7],[21,-23],[6,-11],[-2,-7],[36,4],[18,-50],[-7,-17],[7,-5],[7,-15],[26,-8],[8,-7],[14,-28],[6,1],[4,-3],[3,4],[3,-5],[3,4],[25,2],[10,13],[31,14]],[[67363,27175],[-17,3],[-28,19],[-20,3],[-7,5],[-30,-4],[-79,11],[-48,-2],[-56,15],[-32,13],[-9,9],[-9,3],[-23,2],[-21,-3]],[[66836,27280],[-16,-3],[-24,-12],[-32,1],[-10,-3],[-6,-4],[4,-13],[-17,-2],[-28,6],[-1,15],[6,0],[14,-6],[15,10],[-8,11],[-25,17],[-23,3],[-25,-5],[-20,3],[-15,-5]],[[66625,27293],[-27,0],[-16,-5],[-11,-8],[3,-10],[20,1],[10,-6],[-5,-4],[-14,-2],[-6,-16],[-14,3],[6,11],[-21,-1],[-11,11],[-8,1],[-4,-1],[9,-6],[-11,-9],[-2,-8],[-26,-8],[-20,6],[-8,11],[5,3],[11,-4],[7,1],[2,7],[-6,7],[-10,1],[-24,-5],[-14,2],[-34,9],[-8,11],[-24,-3],[-11,1],[-1,21],[-6,5],[-43,-16],[-22,0],[-27,7],[21,13],[10,1],[4,4]],[[66299,27318],[12,0],[2,15],[-4,14],[20,-2],[8,2],[4,5],[-10,21],[35,12],[6,7],[-3,3],[9,24],[4,47],[-5,30],[2,22],[10,41],[-58,68],[-5,0],[2,21],[-5,9],[-28,9],[-18,11],[12,21],[-19,18]],[[66270,27716],[88,8],[35,-7],[49,-2],[10,-9],[6,1],[4,-9],[30,7],[14,-4],[16,0],[6,-8],[12,4],[21,-1],[-3,-8],[43,2],[9,19],[15,9],[4,8],[6,24],[-3,20],[10,18],[5,2],[14,13],[26,6],[4,-2],[33,4],[19,-7]],[[67581,26522],[-27,-10],[-16,-28],[-10,-8],[-35,-11],[20,-14],[12,-21],[-2,-3],[75,-5],[26,-4],[18,4],[14,-9],[20,0],[3,-3],[13,-3],[34,7],[20,11],[18,-15],[14,-17],[14,3]],[[68048,26238],[-26,-11],[-62,-14],[-1,-16],[-5,3],[-59,-15],[-9,4],[-47,-13],[36,-16],[-3,-2],[33,-20],[15,-13],[-13,-7],[-19,-4],[1,-2],[-12,-1],[-39,-22],[-25,1],[-14,16],[-31,6],[-21,13],[-37,-12],[-13,-16],[16,-3],[1,-18],[-20,1],[4,-5],[-3,-8],[-29,-25],[-6,-18],[-7,-4],[-9,6],[-15,1],[-7,7],[-13,5],[-5,8],[-19,8],[-18,24],[-17,15],[-26,-5],[-20,1],[-33,19],[-46,21],[-4,-1],[-8,5],[-6,-3],[-18,10],[-30,-5],[-58,9],[-24,14],[-13,22],[-44,-11],[-6,4],[19,18],[6,0],[17,15],[-10,18],[-41,15],[1,6],[-11,9],[-4,0],[-11,14],[1,3],[-11,1],[3,6],[-4,6],[4,2],[-4,3],[11,0],[12,17],[-7,1],[4,5],[-4,6],[4,2],[-5,8],[16,4],[-1,6],[-44,28],[0,7],[-10,18],[-17,19],[-25,4],[-18,7],[-4,5],[3,13],[-57,14]],[[67027,26451],[1,2]],[[67028,26453],[3,38],[-10,30],[10,12],[40,25],[15,3],[17,-3],[33,-15],[19,-22],[34,-12],[32,-2],[14,3],[40,24],[23,19],[35,20]],[[67333,26573],[109,-64],[31,25],[8,-3],[34,27],[15,-11],[27,-13],[-4,-4],[28,-8]],[[69734,27052],[6,-5],[-64,-19],[12,-27],[15,-4],[23,0],[11,-4],[-30,-23],[-43,-44],[-5,0],[-9,-6],[-7,-13]],[[69643,26907],[-15,-15],[-29,-16],[-12,-15],[-16,2],[-5,-12],[11,-1],[5,-5],[-45,-40],[-13,-20],[-16,-8],[-21,-19],[-29,-37],[-7,-13],[-69,-3],[-10,-6],[-40,13],[-33,0],[-25,5],[-50,-5],[-21,6]],[[69203,26718],[-8,3],[2,8],[-6,8],[-5,30],[-62,5],[-62,22],[-18,-1],[0,3],[-14,0],[-9,10],[-4,32],[-9,3],[2,10],[-31,21],[-22,9],[-29,-2],[-7,18],[-18,15],[13,6],[33,-8],[2,9],[-13,12],[0,5],[17,24],[-12,1],[-19,7],[-30,-1],[-5,7],[43,12],[31,15],[9,8],[0,35],[17,32],[11,2],[24,15],[10,-1],[0,6],[-30,5],[-90,22]],[[68272,26491],[-9,-2],[-22,5],[-31,1],[-45,-14],[1,14],[-27,4],[4,23],[-29,4],[13,11],[-13,3],[0,-4],[-5,-3],[-5,2],[-8,-2],[-15,-14],[-16,4],[-4,-4],[-4,1]],[[68057,26520],[-28,9],[-15,10],[-18,5],[5,4],[-8,9],[4,1],[-3,3],[6,11],[-11,10],[12,10],[-6,2],[2,5],[13,7],[3,-2],[9,8],[-26,9]],[[67996,26621],[0,5],[17,6],[36,-12],[47,-7],[47,3],[14,5],[19,23],[16,4],[13,10]],[[68205,26658],[38,-4],[15,1],[1,-15],[8,0],[16,-9],[18,0],[4,-6],[-10,-9],[-31,-17],[-28,-12],[42,-8],[-16,-14],[0,-3],[39,-12],[-2,-3],[29,-3],[6,-8],[11,-6],[2,-6],[21,-9],[9,-11],[-6,-12],[-24,-4],[-31,-16],[-12,-10],[-5,19],[-9,7],[-18,3]],[[68057,26520],[-4,-4],[-6,1],[-19,-9],[9,-4],[-2,-2],[-28,-2],[-11,-4],[15,-20],[-23,-4],[1,-5],[-10,-6],[-1,-8],[-124,-18],[5,-18]],[[67581,26522],[7,4],[6,-2],[8,8],[-9,5]],[[67593,26537],[17,15]],[[67610,26552],[20,15],[10,-1],[12,13],[-4,7],[8,7],[37,19],[19,-10],[49,-5],[6,2],[5,8],[11,0],[6,9],[47,-10],[16,6],[18,-1],[38,4],[45,-3],[30,2],[10,2],[3,5]],[[68399,27173],[37,-8],[36,4],[16,4],[9,-1],[15,-7],[-11,-3],[-1,-7],[11,-16],[31,-12],[20,-2],[4,4],[20,-5],[19,4],[29,11],[11,1],[21,-3],[15,-9],[1,-39],[10,-9]],[[69203,26718],[-2,-4],[22,-6],[5,-6],[-1,-9],[-6,-3],[7,-9],[-10,-15],[-3,1],[-9,-4],[13,-28],[-6,-6],[-8,0],[-4,-4],[-13,-1],[-16,-8],[-12,-11],[-16,-6],[-24,3],[-25,-9]],[[69095,26593],[-26,-4],[-51,-16],[13,-9],[5,2],[20,-14],[9,2],[3,-3],[-12,-6],[5,-8],[-27,-13],[16,-10],[-4,-2],[5,-3],[22,-6],[-8,-9],[-15,-9],[7,-3],[16,6],[11,-3],[-6,-1],[-1,-2],[-14,0],[-22,-5],[-1,-15],[-17,-30],[-12,-2],[-29,-29],[-17,-4],[-1,-5],[-33,-6],[-7,3],[-8,-10],[-36,5],[-12,-21]],[[68868,26363],[-14,2],[-55,-10],[-3,2],[-18,-6],[-4,1],[-40,-28]],[[68734,26324],[-5,2],[-10,-5],[-17,7]],[[68702,26328],[-7,5],[-22,35],[-32,22],[-18,8]],[[68623,26398],[8,11],[52,29],[53,19],[12,7],[-24,7],[-27,2],[-29,33],[-15,3],[-15,-1],[-28,9],[3,15],[12,15],[-1,9],[21,17],[11,3],[20,0],[23,-8],[36,0],[-24,13],[2,1],[-14,10],[-3,22],[12,11],[-14,3],[-15,24],[-99,47],[-26,7],[-9,-7],[-19,8],[-16,-8],[-17,6],[-27,0],[-14,-6],[1,-26],[-35,-4],[-33,-16],[-21,-1],[-50,54],[-23,5],[-2,-5],[6,-7],[-6,2],[-35,0],[-30,-20],[-19,-23]],[[67610,26552],[-41,15],[13,13],[-19,7],[23,14],[54,8],[21,5],[14,6],[12,8],[-3,3],[9,9],[-26,12],[54,26],[11,-3],[10,-8],[20,8],[1,-10],[6,4],[2,9],[36,14]],[[67807,26692],[-1,5],[-9,3],[7,6],[-5,3],[4,3],[8,-3],[5,4],[-3,2],[-17,-1],[-8,2],[10,35],[-7,5],[-10,22],[-14,-3],[-13,4],[-22,14],[-21,5],[-18,11],[-40,18],[-26,1],[-26,7]],[[67601,26835],[1,14],[26,22],[5,22],[14,11],[25,27],[27,13],[25,8],[34,3],[35,-2],[15,3],[28,16],[5,9],[-25,0]],[[67907,27045],[11,6],[14,2],[10,-4],[11,-12],[14,-4],[18,4],[32,13],[14,14],[-4,7],[-19,10],[-3,11],[63,36],[28,13],[17,2],[21,-1],[18,-5],[18,-11],[16,-2],[19,4],[8,11],[19,8],[6,7],[1,10],[9,4],[17,2],[22,-6],[7,-7],[1,-13],[12,-5],[14,5],[4,7],[-16,21],[5,10],[27,-1],[31,-8],[27,0]],[[68061,26244],[48,-51],[9,-39],[-3,-2],[6,-7],[5,-1],[5,3],[6,-1],[-3,-3],[13,-10],[23,-26],[36,-17],[8,-1],[12,-7],[1,-6],[6,-4],[-6,-5],[3,-11],[-5,-1],[0,-14]],[[68225,26041],[-4,-6],[-18,-3],[2,-4],[-10,-1],[-2,-4],[-14,-5],[2,-14],[-4,-11],[4,-8],[-3,-5],[5,-5],[-3,-6],[-22,-9],[-10,-9],[-6,0],[-6,-7],[-9,0],[-9,-9],[-7,0],[-2,-2],[-9,2],[-3,-10],[-16,-11],[-1,-5],[-17,-6],[-15,-17],[-5,-2],[-6,2],[-11,-9],[-7,-2]],[[68019,25875],[-16,-1],[-2,-2],[-5,6],[-12,0],[-12,2],[0,3],[-9,1],[-3,3],[-12,1],[-2,5],[-26,-2],[-8,-4],[-13,-16],[-10,4],[-2,-4],[-7,-2],[4,-7],[-7,-1],[2,3],[-9,4],[1,-6],[-5,4],[-6,-6],[-6,0],[3,-5],[-9,-3],[-1,-5],[-10,5],[-24,-9],[-11,-1],[0,3],[-10,-5],[-5,1],[-6,-3],[-5,-9],[11,-2],[-2,-5],[-6,2],[4,-6],[-5,-2],[-11,2],[-8,-5],[-5,2],[1,5],[-8,-5],[5,-1],[-3,-5],[-13,3],[-2,-10],[4,-5],[-14,-9]],[[67724,25788],[-11,-1],[-4,-5],[-7,-1],[7,-6],[6,3],[-3,-8],[-9,-2],[-14,-8],[-28,-6],[-11,2],[-4,-4],[-13,3],[3,7],[-12,-2],[2,9],[-22,5],[-5,-4],[-9,3],[0,4],[-8,-1],[-3,8],[-27,6],[-12,-2],[-13,-8],[-3,2],[-24,-3],[-15,-8],[-8,-10],[-19,-1],[-10,15],[-10,5],[11,6],[-32,1],[-7,-2],[-15,2],[-11,5],[-3,5],[-8,0],[1,6],[-10,-1],[2,4],[-14,0],[-13,-9],[-5,-11],[6,-5],[-33,0],[-6,6],[-7,1],[-23,-10],[-32,-9],[-7,2],[2,6],[-7,4],[-31,-1],[-13,-3],[0,-4],[-11,0],[-5,6],[11,5],[-6,18],[9,10],[-2,46],[-19,4],[4,17],[-18,1],[-4,18],[-11,14],[17,8],[-3,3],[21,6],[-5,17],[3,18],[-7,18],[-58,11],[-3,6],[-15,-1],[-3,4],[-14,0],[-1,-4],[-27,0],[-21,5],[1,2],[-41,5],[1,18],[-24,6],[-40,-5],[-55,3],[-59,-4],[-28,3],[-42,12],[-18,9],[-12,14],[2,10]],[[66700,26076],[29,9],[32,21],[-1,4],[-18,21],[3,6],[23,13],[-7,21],[3,11],[12,4],[28,-4],[10,3],[-2,6],[-25,17],[-9,12],[3,11],[17,11],[1,5],[-28,11],[-1,8],[39,29],[17,7],[30,5],[17,12],[21,26],[8,23],[-3,5],[-15,5],[-2,10],[4,6],[17,10],[9,18],[36,18],[61,2],[18,9]],[[68642,27435],[24,10],[3,-13],[-8,-20],[1,-16],[29,-4],[2,-9],[16,-8],[-3,-3],[17,-9],[-15,-30]],[[68399,27173],[-14,10],[-12,75],[4,3],[0,6],[-10,21],[14,12],[-2,7],[16,3],[18,9],[-31,65],[77,74],[62,6]],[[68521,27464],[110,1],[3,-21],[11,1],[-3,-10]],[[68272,26491],[-7,-2],[16,-12],[1,-5],[-2,-12],[-3,0],[-1,-14],[13,3],[3,-6],[-16,-5],[0,-3],[-17,-2],[6,-7],[-21,1],[-16,-3],[-5,2],[-7,-6],[-9,3],[-9,-4]],[[68438,27488],[71,-9],[12,-15]],[[68290,27498],[23,-1],[3,-2],[15,2],[4,-3],[31,9],[-1,1],[23,10],[3,4],[17,2],[15,-3],[5,-16],[10,-13]],[[68623,26398],[-73,-1],[-59,-4],[-41,-10],[-32,-3],[3,-14],[-19,-16],[-25,-11],[-32,14],[-18,-5],[-24,-14],[-22,-4]],[[68281,26330],[-22,5],[-28,22],[-26,10]],[[83802,27888],[-2,1]],[[83800,27889],[16,4],[-14,-5]],[[84007,28170],[-6,-5],[0,-11],[-5,0],[-5,6],[-3,-2],[6,-4],[-15,0],[-13,4],[27,24],[7,-3],[-1,-7],[8,-2]],[[84036,28217],[2,-14],[-13,3],[10,-4],[-1,-2],[-9,-4],[8,-3],[-12,-1],[-5,4],[-7,-11],[8,9],[5,-3],[5,-8],[-8,2],[0,-8],[-9,-6],[-6,9],[-7,6],[17,17],[6,14],[7,-2],[6,3],[3,-1]],[[84633,28632],[-4,-7],[-3,1],[-8,-4],[-11,-6],[-4,3],[-5,-2],[-6,3],[3,7],[-4,-3],[1,-5],[6,-2],[4,2],[4,-4],[-2,-3],[-13,-5],[-10,7],[1,3],[-7,1],[16,-11],[-8,-4],[-10,2],[0,5],[-6,3],[-12,1],[16,-4],[1,-5],[8,-2],[1,-4],[-15,0],[-1,5],[-11,6],[11,-8],[0,-3],[-10,-3],[-12,13],[-22,7],[6,-4],[10,-2],[19,-14],[8,2],[-4,-4],[-11,1],[-11,-2],[-1,-4],[-8,5],[7,-6],[-12,0],[-10,-12],[-6,1],[-3,7],[0,-4],[-14,7],[17,-11],[6,-1],[1,-4],[-5,-6],[1,6],[-9,-3],[-11,5],[-8,7],[1,-4],[18,-8],[-4,-2],[3,-11],[-20,2],[6,-3],[14,0],[2,-4],[-23,-12],[-10,11],[6,-9],[-9,4],[-1,-2],[8,-2],[5,-5],[-12,-6],[-10,-3],[-3,-11],[-10,-4],[-14,16],[-10,5],[-2,-3],[-8,3],[-17,13],[-7,-1],[13,-7],[11,-12],[14,1],[18,-16],[-11,-9],[-2,8],[-4,-8],[-11,-7],[1,-10],[-10,-7],[-2,4],[-23,7],[-2,5],[-7,2],[16,13],[-18,-13],[9,-3],[0,-3],[-9,2],[31,-11],[2,-3],[-10,-5],[-14,-2],[-9,-4],[2,-11],[-6,1],[7,-5],[-22,2],[19,-3],[-4,-1],[-10,-12],[-9,-4],[-3,5],[-12,1],[1,17],[-4,-9],[3,-9],[11,-1],[3,-7],[-30,-9],[-11,-6],[-4,13],[-6,-3],[-2,3],[17,11],[-15,-7],[-2,-8],[9,1],[2,-10],[-10,-6],[0,-6],[-8,3],[8,-7],[-8,-8],[1,11],[-15,9],[-13,3],[-4,7],[13,1],[-8,1],[-6,-2],[5,-7],[15,-6],[12,-6],[-3,-8],[3,-6],[-7,-1],[1,-6],[-19,-11],[-5,2],[4,5],[-8,3],[5,3],[-13,-2],[15,-4],[-4,-4],[-20,8],[5,-4],[19,-8],[-6,-4],[-12,2],[1,-3],[9,-2],[-7,-3],[-14,2],[14,-3],[-11,-1],[7,-2],[-9,-2],[10,0],[-21,-21],[-4,0],[-15,10],[1,10],[6,2],[5,7],[7,1],[-2,3],[-6,-3],[-3,-7],[-7,-1],[-2,-11],[-2,-2],[6,-2],[15,-9],[1,-4],[-9,2],[0,-3],[-10,-8],[-16,-5],[-11,4],[7,3],[-7,1],[-1,-4],[8,-5],[-7,-2],[1,-7],[-4,-9],[-14,16],[-5,0],[19,-17],[-19,-23],[-8,2],[5,1],[-6,9],[4,4],[-3,2],[-17,0],[-5,7],[4,14],[21,15],[-4,2],[-21,-16],[13,7],[-10,-9],[-4,-12],[6,-9],[18,0],[-4,-6],[6,-7],[-26,12],[23,-13],[-8,-3],[-2,8],[-6,0],[-24,-7],[-7,5],[-5,8],[12,6],[8,-3],[-12,6],[-9,-9],[6,-10],[9,-3],[22,7],[5,0],[3,-10],[7,3],[6,-3],[-12,-4],[-3,-6],[-20,7],[19,-8],[-18,0],[22,-5],[-18,-6],[-13,4],[-6,-5],[-18,10],[-2,9],[-10,-6],[-9,1],[22,19],[-23,-17],[1,-3],[9,0],[10,5],[0,-7],[12,-8],[-20,4],[19,-7],[-4,0],[-11,4],[9,-6],[-12,-1],[-9,6],[6,-7],[6,0],[15,4],[2,2],[7,-2],[11,-1],[5,-4],[-7,-5],[6,-3],[-20,4],[22,-5],[-9,-3],[-7,2],[-3,-6],[-19,7],[18,-8],[-6,2],[4,-5],[-7,-1],[11,-1],[-2,-5],[-4,-2],[-8,3],[-6,0],[-7,9],[-5,0],[12,-10],[13,-5],[-15,-2],[-6,3],[3,-7],[-3,1],[-3,-5],[-5,1],[-11,9],[4,8],[-7,4],[-1,4],[-9,5],[-6,1],[0,-4],[9,2],[5,-4],[1,-4],[6,-2],[-4,-8],[-9,1],[24,-14],[-9,-2],[-15,8],[-3,16],[-16,2],[4,14],[-2,2],[-19,5],[20,-7],[-5,-15],[-9,-18],[-1,6],[-4,-3],[4,-4],[-15,-13],[-4,1],[-7,11],[-12,11],[1,-4],[11,-8],[-4,-1],[8,-7],[-21,4],[23,-7],[-46,1],[48,-3],[-4,-5],[-32,7],[30,-8],[0,-2],[-14,-12],[-12,2],[2,2],[-11,7],[0,-2],[10,-4],[-7,-2],[3,-3],[13,-2],[-4,-3],[-13,-4],[-19,7],[8,-5],[12,-3],[-3,-3],[-55,13],[55,-14],[-7,-4],[-47,11],[46,-11],[-10,-4],[-1,2],[-14,1],[14,-4],[-26,-2],[0,-2],[26,3],[7,2],[23,13],[16,-1],[9,-7],[-9,-1],[-12,-4],[-2,5],[-11,-5],[9,2],[7,-7],[-11,3],[9,-7],[-7,-3],[-4,4],[2,3],[-6,3],[1,-5],[-5,1],[10,-7],[8,2],[-2,-5],[-9,-5],[-14,2],[4,6],[-5,7],[1,-5],[-14,0],[-3,-2],[-13,2],[0,-6],[-4,0],[-8,7],[-6,-10],[7,-3],[1,3],[-5,3],[4,5],[7,-5],[19,0],[37,-10],[-10,-2],[-8,-3],[-12,9],[-12,-1],[1,-3],[-18,0],[-5,-4],[-8,3],[-6,0],[10,-5],[-9,0],[-5,3],[-3,-9],[9,6],[18,-1],[-5,1],[3,5],[18,-1],[7,6],[7,-2],[7,-8],[14,3],[-9,-6],[-4,2],[-2,-5],[-16,-17],[1,11],[-16,6],[12,1],[-17,1],[20,-8],[-1,-10],[-6,5],[-1,-10],[-2,9],[-4,-2],[4,-10],[-6,2],[2,16],[-4,-9],[2,-7],[-6,3],[5,-7],[-5,-3],[-1,4],[-7,4],[8,-9],[-4,-2],[-11,3],[-8,11],[-8,3],[-4,-1],[8,-3],[11,-6],[1,-5],[5,-1],[0,-6],[6,-3],[-10,-2],[-8,6],[6,-7],[-4,-4],[-7,5],[1,11],[-3,-8],[-3,-1],[9,-6],[-7,-2],[9,-5],[-5,-1],[-9,5],[-10,12],[-6,0],[3,-5],[5,2],[7,-9],[-4,-1],[8,-6],[-1,-4],[-8,0],[3,-3],[4,3],[10,-12],[-5,-2],[-2,5],[-2,-7],[-7,5],[-3,-2],[9,-3],[-2,-5],[-15,12],[-8,5],[-6,-3],[10,0],[17,-14],[-9,0],[-2,-5],[-6,8],[-7,2],[16,-12],[-10,2],[-7,6],[-2,-2],[18,-8],[-8,-3],[-14,3],[-3,8],[4,6],[-7,-6],[3,-1],[4,-11],[-10,0],[13,-2],[-1,5],[16,-3],[-2,-5],[-11,-4],[-14,6],[-11,-2],[14,0],[14,-5],[-6,-4],[-10,4],[0,-3],[-13,-3],[19,-5],[-11,-1],[12,-1],[-6,-3],[-2,-7],[-10,3],[-15,1],[24,-4],[-3,-8],[-12,0],[-2,4],[-12,3],[-1,-2],[8,0],[-5,-4],[-14,3],[-8,-4],[12,3],[10,-2],[6,3],[6,-5],[9,-1],[0,-4],[-4,-4],[-4,5],[-13,3],[6,-4],[7,1],[4,-4],[-4,-2],[4,-8],[-11,-4],[-15,2],[1,4],[-13,8],[-15,-4],[-3,-4],[11,5],[17,-3],[2,-8],[8,1],[-9,-4],[-21,0],[-10,-5],[5,0],[5,4],[15,0],[-10,-1],[6,-2],[15,4],[0,-3],[12,0],[7,-3],[-9,0],[7,-4],[-4,-2],[-8,2],[-1,-4],[-8,4],[-10,0],[-13,4],[-5,-6],[7,5],[12,-4],[17,-4],[1,5],[8,-2],[4,2],[9,-12],[-29,-6],[6,-1],[6,2],[17,4],[-1,-10],[-22,-1],[22,0],[-39,-11]],[[83778,27898],[-103,42],[-8,12],[2,6],[-18,23],[-32,26],[-21,3],[-26,-8],[-8,9],[-13,-1],[-19,3],[-31,-7],[-12,10],[3,9],[-11,0],[-7,13],[-16,7],[-1,3],[54,17],[6,-1],[23,5],[-24,15],[5,3],[-2,3],[-38,-2],[-11,10],[-8,1],[-8,-7],[-12,9],[13,11],[-1,7],[22,6],[13,0],[-7,10],[-16,4],[-8,12],[-19,-1],[0,-2],[-16,-3],[-22,1],[-12,3],[4,31],[8,4],[-4,0],[12,17],[7,0],[5,35],[-6,27],[-14,0],[-10,11],[10,6],[10,2],[-22,82],[-8,0],[-6,17],[-24,35],[-14,34],[3,7],[-10,2],[-21,39],[-12,51],[-61,109]],[[83236,28658],[27,1],[0,7],[25,5],[121,85],[86,31],[5,-2],[9,21]],[[83509,28806],[148,-10],[63,-42],[21,-7],[-2,-1],[49,-24],[64,-4],[61,-12],[23,-7],[16,-15],[120,-9],[63,-10],[61,4],[45,14],[25,-4],[19,16],[15,3],[53,-14],[97,-8],[141,-22],[42,-22]],[[82615,28453],[165,-109]],[[82780,28344],[-10,-3],[-95,0],[11,-35]],[[82686,28306],[-44,-7]],[[82642,28299],[5,49],[-44,0],[-90,7]],[[82513,28355],[0,20],[-26,2],[9,65],[6,-2],[95,27]],[[82597,28467],[18,-14]],[[83641,27821],[12,-3],[12,1],[9,3],[7,-1],[5,-3],[-14,-8],[-3,5],[-20,2],[-8,4]],[[83647,27832],[3,-4],[27,-6],[-24,-3],[-12,6],[5,-4],[-11,3],[9,-6],[20,-3],[-6,-2],[-23,7],[9,-4],[-15,2],[-25,6],[43,8]],[[83473,27856],[-2,2]],[[83473,27856],[0,0]],[[83802,27888],[-76,-15],[18,2],[1,-9],[-5,2],[3,-5],[-10,2],[-5,-1],[-13,6],[-2,-1],[11,-5],[-7,0],[-11,-2],[34,2],[-5,-3],[2,-4],[-6,-2],[-12,6],[4,-6],[4,0],[-12,-8],[11,3],[2,-6],[-9,-4],[-8,0],[-17,7],[-2,7],[9,3],[-22,-4],[-7,1],[-3,5],[6,3],[-5,3],[-5,1],[9,-4],[-6,-2],[2,-5],[-19,0],[-9,-3],[-19,-9],[-11,5],[0,-2],[12,-3],[29,11],[13,1],[13,-3],[9,2],[1,-4],[-8,0],[-8,-7],[-19,2],[-32,-8],[-16,8],[-2,9],[0,-8],[6,-6],[5,0],[7,-3],[31,7],[6,-2],[-15,-7],[-25,-2],[-22,2],[19,-3],[29,3],[15,7],[15,0],[11,7],[23,-13],[-6,-3],[-17,12],[7,-7],[-8,3],[19,-10],[-10,-9],[-8,4],[-3,7],[-11,6],[11,-8],[-18,7],[17,-8],[0,-4],[-11,5],[-17,1],[1,-3],[15,1],[18,-6],[-1,-4],[-22,6],[-13,1],[-5,5]],[[83647,27832],[-12,-2],[-2,1],[-18,-4],[-17,-3],[43,-9],[9,0],[8,-3],[10,2],[2,-3],[-14,-8],[-3,6],[-21,-2],[6,-1],[15,2],[-2,-5],[4,-1],[-25,-12],[-10,4],[-1,7],[-7,-2],[9,-7],[-8,2],[-18,15],[3,-5],[14,-10],[17,-4],[-10,-5],[-16,-6],[-6,0],[-7,3],[4,11],[-24,17],[7,11],[-1,3],[5,1],[-8,2],[7,7],[5,0],[3,6],[2,19],[-5,-22],[-2,13],[-1,-11],[3,-4],[-6,-1],[-7,-6],[-8,9],[13,8],[-4,0],[-11,-8],[13,-16],[-8,-11],[9,-9],[-10,4],[18,-9],[-10,1],[-17,9],[13,-8],[-14,3],[18,-6],[14,-1],[5,-5],[-12,-8],[6,1],[-11,-16],[-12,7],[11,-8],[-12,-6],[-14,4],[-12,11],[6,-1],[-11,7],[15,4],[-16,-2],[6,18],[-11,2],[10,-4],[-14,-2],[-6,5],[5,-7],[-19,16],[-3,10],[8,0],[5,4],[-12,-3],[-2,9],[24,3],[-10,3],[0,-3],[-11,-2],[-4,3],[7,10],[12,0],[8,5],[-12,-5],[-8,1],[-7,-9],[-12,10],[-8,8],[4,2],[-11,4],[-3,4],[1,5],[-7,11],[14,3],[-18,-1],[8,-16]],[[83465,27866],[-10,17],[-29,29]],[[83426,27912],[20,-9],[74,-16],[78,-11],[100,0],[102,13]],[[83778,27898],[-52,-10],[-55,-4],[-55,0],[-56,5],[-62,12],[-46,13],[-71,31],[-13,15],[-3,-1],[2,-8],[-56,11],[-133,105],[-65,41],[-34,35],[-21,9],[-39,32]],[[83019,28184],[6,5],[19,-2],[-12,10],[3,7],[-10,18],[21,1],[-2,18],[20,2],[-38,51],[-7,22],[-10,12],[5,2]],[[83014,28330],[6,2],[-1,32],[6,-1],[10,39],[-32,7],[-11,11],[-79,7],[-42,-2]],[[82871,28425],[-2,19],[-117,-7],[-14,30],[-8,27],[9,17],[-57,-1],[-3,5],[-10,4],[-18,2],[-13,-3],[-20,9],[4,-8],[-9,-14],[5,-4],[4,-45],[-7,-3]],[[82597,28467],[-124,112],[-21,8]],[[82452,28587],[7,7],[75,-21],[37,-16],[182,-1],[83,8],[21,-3],[25,-10],[40,4],[41,-25],[35,-8],[6,15],[16,19],[51,37],[88,30],[77,35]],[[82404,27277],[51,16],[199,46],[45,9],[12,4]],[[83119,27545],[0,-3],[-13,0],[-2,1]],[[83104,27543],[15,2]],[[83180,27546],[-8,-3],[-14,9]],[[83158,27552],[4,2],[18,-8]],[[83058,27557],[-11,1]],[[83058,27557],[0,0]],[[82042,27852],[24,-1],[35,-11],[0,-9],[17,-1],[36,2],[66,-6],[11,-7],[9,-11],[16,2],[50,-24],[-5,-3],[35,-18],[47,-18],[38,-10],[17,2],[16,13],[26,-1],[38,-8],[16,1],[5,7],[35,-2],[5,18],[14,0],[4,-3],[0,-14],[-22,-11],[8,-3],[10,-18],[-9,-15],[-14,-6],[9,-12],[30,-4],[7,-5],[24,-7],[47,-2],[18,2],[18,-4],[-7,-24],[-11,-7],[-1,-4],[12,-2],[17,-11],[12,-3],[19,4],[-6,6],[18,1],[20,-6],[74,-40],[12,-10],[42,-25],[35,1],[42,12],[10,1],[12,7],[7,-5]],[[83030,27560],[1,-1]],[[83031,27559],[9,-2]],[[83040,27557],[-6,-3],[13,2],[-4,1]],[[83043,27557],[3,1]],[[83046,27558],[19,-3]],[[83065,27555],[12,-12],[21,2]],[[83098,27545],[-7,0],[16,-4],[12,0],[1,4]],[[83120,27545],[18,3],[12,-6],[8,3],[-2,6]],[[83156,27551],[6,-4],[-3,-8],[-19,-9],[-37,-16],[1,8],[-7,6],[7,-9],[-20,4],[2,2],[-24,-10],[-7,0],[4,5],[4,13],[-2,-1],[-1,-7],[-6,-11],[8,0],[18,8],[20,-3],[0,-6],[-53,-23],[-23,7],[9,3],[15,7],[-27,-9],[23,-9],[-42,-17],[-6,6],[4,-8],[-41,-16],[3,7],[-4,2],[23,11],[-9,-3],[-14,-7],[-5,-5],[-10,-2],[-41,-20],[42,20],[9,1],[3,4],[4,-1],[-2,-8],[-135,-57],[-3,3],[47,20],[11,8],[-59,-28],[0,-4],[-27,-11],[-102,-33],[-42,-8],[-7,3],[-2,-5],[-198,-46],[-45,-16]],[[80697,27865],[1,2]],[[80698,27867],[217,246]],[[80915,28113],[87,-19],[12,-30],[37,-27],[46,-27],[15,-5],[5,-11],[13,-8],[26,-7],[28,-1],[16,-8],[15,-1],[-3,-7],[3,-2],[154,-22],[46,-32],[16,-4],[10,-8],[7,-15],[11,0],[2,7],[13,3],[0,-5],[19,0],[-2,7],[7,3],[-8,5],[3,3],[14,0],[27,-5],[11,-8],[9,2],[3,9],[25,-2],[-25,-14],[-2,-11],[44,-29],[7,-11],[10,-2],[7,-6],[7,-16],[26,5],[23,-1],[35,-6],[12,2],[4,13],[11,-3],[11,0],[2,12],[12,0],[10,11],[16,-7],[5,5],[18,-5],[8,-5],[26,-8],[6,1],[1,13],[32,-6],[-1,-5],[14,0],[13,5],[11,-3],[-3,-5],[32,-4],[4,19],[96,-2],[-12,17]],[[83120,27545],[2,4],[12,4],[22,-2]],[[83046,27558],[0,0]],[[83031,27559],[10,0],[-1,-2]],[[83104,27543],[-6,2]],[[83065,27555],[1,4],[19,-2],[12,4],[22,-12],[0,-4]],[[83514,27737],[20,-12],[-9,-5],[-12,10],[6,-13],[-19,-14],[-10,1],[-9,-3],[-3,17],[12,20],[24,-1]],[[83576,27750],[0,-3],[-12,-7],[-1,3],[-13,-3],[13,0],[-15,-9],[-7,-3],[-19,5],[-6,6],[5,10],[31,0],[24,1]],[[83467,27806],[6,1]],[[83473,27807],[1,-5],[-7,4]],[[83499,27809],[13,-13],[12,-6],[-15,-3],[-10,8],[5,-6],[8,-3],[12,3],[3,-3],[-18,-11],[18,9],[2,-7],[8,-11],[-7,-2],[-34,5],[-6,16],[0,-3],[4,-12],[-2,-1],[24,-4],[21,-2],[3,4],[4,-8],[-5,-6],[-18,1],[8,4],[-9,-1],[-2,-3],[-38,14],[-4,7],[7,16],[-4,7],[6,1],[5,9],[-8,-10],[-6,3],[0,6]],[[83476,27807],[23,2]],[[82274,28372],[-20,-155],[119,7],[60,-54],[21,-13],[47,-38],[113,-64],[8,-11],[21,-1],[17,-7],[-2,-4],[13,-8],[23,-8],[31,-5],[43,-14],[0,-7],[21,-7],[56,-7],[36,-14],[41,-3],[28,-11],[0,-3],[24,-9],[13,-2],[6,-5],[29,-6],[32,-16],[6,2],[0,4],[23,1],[5,-7],[31,18],[23,-3],[17,2],[10,-5],[24,4],[13,-8],[2,-9],[21,-7],[29,-17],[19,-7],[-7,-6],[9,-6],[6,-10],[12,2],[24,11],[7,-2],[3,-10],[19,-5],[17,2],[11,-6],[-2,-7],[7,-3],[-8,-9],[12,-10],[1,-16],[32,2]],[[83420,27802],[-22,-5],[-31,2],[-14,-1],[-8,-2],[-3,15],[-2,-12],[8,-5],[-1,-11],[-4,0],[3,-7],[6,21],[14,1],[32,-3],[-10,-3],[19,4],[16,7]],[[83423,27803],[40,3]],[[83463,27806],[11,-9],[4,-5],[-7,-16],[-7,1],[-7,8],[1,11],[-2,7],[-4,2],[6,-10],[-2,-11],[-17,-2],[15,-1],[-13,-3],[16,2],[14,-6],[12,-14],[-1,-4],[-14,11],[3,-5],[-14,-4],[16,3],[4,-5],[7,-2],[1,5],[5,0],[28,-9],[-4,-9],[-28,-1],[-37,-7],[-6,1],[-9,5],[-5,18],[-13,7],[-2,9],[0,-9],[4,-4],[-17,4],[-5,-3],[15,0],[1,-3],[9,2],[7,-7],[-1,-5],[5,-10],[13,-6],[7,-1],[37,7],[-12,-19],[-1,-8],[-5,1],[-12,7],[10,-10],[7,1],[1,-2],[-14,-4],[-10,11],[-13,1],[-3,7],[-1,-4],[6,-4],[13,-3],[8,-10],[-5,-1],[-5,6],[-20,10],[9,-6],[10,-4],[3,-9],[20,8],[6,-6],[10,3],[6,-2],[-24,-16],[-5,7],[-16,-2],[17,1],[3,-7],[-39,-28],[-11,0],[-13,9],[15,9],[9,13],[-2,8],[-7,1],[-4,6],[4,20],[-4,-6],[-10,10],[-10,6],[-10,2],[-20,0],[-10,9],[-18,9],[5,3],[-1,4],[-14,1],[-10,2],[-11,-8],[15,8],[6,-2],[13,-1],[-5,-6],[-20,1],[-18,-15],[-26,1],[5,-1],[-14,0],[-5,-6],[-74,19],[72,-20],[-11,-25],[17,31],[12,-1],[7,2],[19,-1],[16,14],[18,0],[4,-4],[16,-7],[12,-10],[21,1],[8,-3],[11,-6],[8,-9],[-2,-7],[-6,9],[-11,2],[13,-4],[-11,-3],[9,0],[6,-6],[2,-7],[-7,-3],[9,1],[-7,-5],[-7,3],[-14,4],[21,-8],[-7,-10],[-7,2],[-8,8],[3,-6],[11,-4],[4,1],[12,13],[8,-6],[-11,-14],[-7,-1],[-9,-6],[14,-13],[-5,-7],[-39,13],[7,8],[12,-3],[-2,2],[-10,1],[-6,-6],[-10,0],[3,11],[-5,4],[12,9],[-20,11],[-3,9],[-5,7],[7,-17],[19,-10],[-11,-7],[4,-7],[-4,-9],[-12,3],[-5,6],[10,10],[-20,4],[-12,13],[-14,7],[-6,0],[15,-5],[13,-13],[-10,-10],[-7,-1],[-11,6],[-4,7],[-7,3],[1,3],[-16,-8],[15,4],[12,-11],[9,-5],[24,0],[8,-11],[38,-10],[-1,-8],[4,6],[24,-8],[8,-4],[-3,-4],[-19,-2],[-27,6],[-26,-1],[2,14],[-19,5],[-15,-2],[-4,11],[-8,6],[-21,-9],[-16,15],[-9,1],[-6,7],[4,-9],[-29,-2],[25,1],[13,2],[17,-16],[3,-1],[18,10],[12,-17],[17,2],[17,-5],[-7,-13],[-33,3],[-39,-3],[-6,14],[4,-14],[-12,-8],[-9,6],[3,-5],[5,-1],[-7,-7],[-7,0],[-22,9],[-8,5],[-2,9],[17,8],[-14,-5],[-11,2],[-7,3],[-24,-17],[26,17],[4,-4],[10,-1],[-3,-6],[3,-7],[-6,0],[-6,-5],[13,4],[7,-4],[25,-9],[7,1],[20,14],[16,2],[29,0],[20,-4],[37,3],[17,-4],[8,-5],[-13,-10],[-3,3],[-8,-1],[-11,6],[8,-7],[6,1],[8,-3],[16,13],[23,-1],[-40,-19],[-3,0],[-18,-7],[-15,8],[-8,-1],[-4,-5],[-17,10],[-16,1],[-16,-8],[-15,2],[3,2],[-30,-4],[-27,6],[-13,5],[-27,1],[-20,6],[-8,-5],[-1,-5],[8,10],[21,-6],[10,-1],[-13,-6],[-13,-14],[14,8],[1,6],[18,6],[10,0],[22,-10],[17,-3],[22,3],[19,-3],[15,7],[13,2],[19,-11],[28,-4],[-27,-11],[-21,-6],[-15,4],[-13,5],[-27,0],[-35,-10],[9,0],[17,7],[15,3],[18,-1],[26,-9],[-31,-10],[-5,4],[2,-5],[-14,-4],[-3,3],[-10,-1],[-15,5],[-10,-4],[-13,-12],[-3,3],[11,9],[-5,5],[-13,-1],[17,-1],[-11,-13],[6,-3],[6,8],[15,9],[15,-5],[9,0],[2,-3],[-69,-23]],[[83158,27552],[9,6],[-12,-3],[-1,5],[-9,-1],[-1,9],[-2,-4],[3,-6],[7,2],[2,-7],[-13,2],[0,3],[-20,-2],[19,1],[-19,-6],[-5,1],[-15,10],[12,1],[-20,0],[-10,1],[5,5],[19,6],[-2,6],[16,1],[-30,2],[19,16],[-20,-15],[3,-3],[11,-1],[1,-6],[-21,-7],[-7,7],[-1,-2],[7,-5],[-1,-5],[12,-2],[-9,-3],[-20,1],[-7,-2]],[[83047,27558],[-17,2]],[[82042,27852],[-9,2],[10,23],[1,14],[-26,6],[-3,3],[-40,80],[-12,44],[-42,44],[-22,7],[-21,17],[-24,21],[-9,16],[0,14],[19,21],[-135,14],[18,62],[-58,-2],[-15,45],[128,15],[200,-12],[20,108],[8,-3],[244,-19]],[[84983,28809],[-4,-5],[-10,2],[-6,-13],[-9,-3],[-2,6],[7,20],[-3,-4],[-5,-16],[2,-7],[-10,0],[-5,6],[6,4],[-8,8],[-6,3],[-7,0],[-2,4],[-16,10],[-28,8],[5,-4],[18,-5],[4,1],[17,-11],[0,-3],[15,-4],[7,-7],[-6,-4],[1,-4],[-5,-1],[1,-5],[-10,2],[19,-5],[-7,-9],[-11,5],[-2,-3],[11,-1],[-3,-4],[-18,-3],[-12,6],[-8,6],[-5,0],[-1,6],[-3,-2],[-4,4],[-5,-1],[13,-7],[5,0],[20,-15],[-15,0],[-11,4],[-16,1],[2,7],[-3,3],[0,-11],[17,-1],[7,-4],[-4,-3],[-9,2],[-18,-2],[-9,6],[-6,19],[4,-19],[-21,9],[30,-15],[-13,-1],[-8,-21],[-5,12],[-3,1],[6,-12],[-3,-9],[-10,-6],[2,24],[-3,-24],[-3,5],[4,9],[-7,8],[3,-11],[-1,-5],[3,-8],[-8,-4],[4,15],[-8,-14],[-5,-4],[-7,2],[3,4],[-2,21],[1,-22],[-4,-4],[-4,11],[-1,-7],[6,-8],[-6,-2],[-10,9],[-7,4],[-6,1],[-1,12],[-1,-12],[-34,15],[-1,0],[32,-15],[11,-1],[15,-13],[-6,-6],[-5,2],[2,-5],[-15,-6],[-10,7],[5,-6],[6,-1],[-19,-4],[-19,0],[-8,4],[-27,9],[-6,-3],[14,1],[18,-7],[9,-5],[-8,-4],[-6,1],[8,-9],[-9,-2],[0,-6],[-11,1],[-6,8],[8,0],[-19,5],[-3,5],[-5,1],[8,-6],[11,-4],[3,-9],[8,-2],[-7,-6],[-21,-8],[-30,-14],[4,5],[-9,-8],[-4,10],[-13,10],[-16,6],[6,-5],[-5,-1],[14,0],[5,-4],[-2,-2],[9,-4],[4,-10],[5,0],[-15,-6]],[[83509,28806],[4,28],[-5,1],[-5,23],[-12,25],[-77,260]],[[83414,29143],[42,5],[14,3],[58,4],[333,2],[3,7],[42,0],[51,9],[17,14],[17,2],[212,57],[58,24],[46,15],[25,3],[51,13],[26,-14],[-1,-5],[19,-21],[25,-116],[-5,-4],[12,-49],[20,-35],[30,-27],[19,3],[2,-4],[20,-4],[3,-4],[12,0],[22,-18],[18,-4],[24,0],[6,8],[5,-2],[64,-37],[214,-113],[65,-46]],[[82610,28241],[105,-15]],[[82715,28226],[103,-15]],[[82818,28211],[-3,-3],[29,-5],[16,3],[29,9],[33,-2],[26,2],[23,-6],[67,-54],[9,-8],[-1,-3],[10,-8],[7,-7],[-2,5],[-13,9],[2,2],[40,-30]],[[83090,28115],[-82,-2],[-4,11],[-33,-1],[-12,-3],[-2,-4],[-23,5],[-15,-2],[-26,2],[-7,25],[8,0],[-1,4],[-9,0],[-9,8],[-5,-2],[-8,7],[-17,-2],[-9,11],[-26,-4],[-6,3],[-8,-25],[-14,-1],[-2,13],[-14,-3],[-5,5],[-7,-2],[-10,2],[-3,5],[10,3],[-4,5],[-19,-7],[-25,-15],[-7,4],[-8,0],[-8,11],[-18,5],[-2,6],[-28,0],[8,6],[-11,3],[-25,-19],[-18,-1],[3,75],[-84,-3],[-2,19]],[[82503,28257],[107,-16]],[[82834,28281],[19,-14],[-35,-24],[-3,-16],[3,-16]],[[82715,28226],[1,3],[30,3],[22,14],[3,11],[-12,29],[1,14]],[[82760,28300],[20,-16],[21,-8],[33,5]],[[83019,28184],[-36,27],[-41,14],[-5,-4],[-13,1],[0,-2],[-35,-1],[-40,-11],[-20,4],[-8,15],[1,14],[30,19],[6,7],[-4,7],[-16,8]],[[82838,28282],[19,5],[5,-3],[16,1],[0,-4],[34,2],[0,3],[16,-2],[-10,30],[19,1],[-5,3],[6,2],[2,4],[-3,14],[43,2],[34,-10]],[[82610,28241],[-2,7],[6,43],[28,8]],[[82686,28306],[29,4],[20,-1],[25,-9]],[[82813,28319],[14,-11]],[[82827,28308],[-5,3],[-9,8]],[[82780,28344],[1,-1]],[[82781,28343],[35,-31],[20,-12],[-5,-12],[3,-7]],[[81183,29145],[61,-59],[245,-119],[251,-182]],[[81740,28785],[189,-164],[35,-16],[23,-2],[465,-16]],[[82513,28355],[-1,-1]],[[82512,28354],[-238,18]],[[80915,28113],[82,43],[124,137],[13,14],[14,34],[8,5],[-3,11],[8,8],[-5,4],[1,12],[21,31],[66,68],[-38,13],[-55,49],[-20,7],[-5,18]],[[81126,28567],[-17,16],[2,13],[-31,18],[-2,10],[-23,21],[-37,16],[-9,9],[-4,17],[10,7],[1,6],[-15,8],[-15,23],[-21,10],[-4,5],[-11,1],[-6,7],[-22,8],[-8,11],[-7,3],[-2,9],[7,21],[4,8],[11,6],[-4,9],[35,38],[-14,4],[28,37],[0,11],[-21,30],[22,33],[3,10]],[[80976,28992],[34,87],[26,47],[6,24],[40,4],[22,-3],[52,1],[27,-7]],[[82838,28282],[-3,6],[7,11],[-9,6]],[[82833,28305],[9,17],[51,25],[-4,30],[-18,48]],[[82503,28257],[9,97]],[[82833,28305],[-6,3]],[[82813,28319],[-23,21],[-6,5],[-3,-2]],[[83423,27803],[13,9],[16,-1],[11,-5]],[[83090,28115],[83,-57],[75,-60],[38,-32],[1,-3],[-7,0],[-3,-5],[2,-4],[3,8],[50,-19],[-3,3],[29,-4],[23,-9],[16,-13],[-7,-10],[-13,-4],[-23,3],[-23,17],[22,-17],[23,-4],[15,4],[12,12],[17,-10],[2,-11],[1,6],[-4,8],[7,-2]],[[83465,27866],[0,-3],[-21,13],[24,-16],[-28,8],[-4,9],[-2,0],[4,-10],[-6,-6],[1,-4],[6,10],[7,-3],[25,-6]],[[83473,27856],[20,-20],[6,-27]],[[83476,27807],[-2,4],[12,10],[-1,4],[-6,4],[-9,3],[4,3],[-9,7],[2,-5],[5,-3],[-16,1],[-9,9],[9,-13],[0,3],[9,-1],[17,-8],[2,-5],[-12,-9],[1,-4]],[[83467,27806],[-11,6],[-14,2],[7,6],[-3,0],[-8,-6],[-10,3],[-3,6],[-10,1],[-15,-4],[1,-1],[17,4],[5,0],[3,-7],[-7,-1],[-13,-12],[21,12],[6,-1],[-13,-12]],[[80192,31471],[-6,-1],[-3,-5],[-6,1],[-4,-8],[-59,-28],[-9,-1],[-2,-3],[-16,-4],[4,-8],[13,0],[82,-78],[42,-69],[-7,-2],[-38,2],[-51,-9],[-115,-34],[8,-15],[22,-23],[-5,-23],[3,-10],[13,-14],[17,-11],[-27,-22],[9,-19],[-16,-17],[1,-9],[-6,-6],[-9,-1],[19,-20],[29,-3],[74,-15],[18,0],[-2,-18],[-26,-37],[1,-5],[14,-3],[22,12],[18,-10],[-10,-12],[-8,-1],[-2,-7],[2,-6],[11,-2],[10,2],[2,-7],[-19,-3],[-3,-6],[31,-1],[33,4],[42,-3],[-11,-14],[-40,6],[-43,1],[-10,-1],[2,-9],[34,0],[49,-10],[-12,-15],[57,-17],[-16,-18],[-21,-7],[30,-16],[73,-30]],[[80375,30783],[-11,-10],[-11,-24],[-2,-21],[9,-23],[-7,-10],[10,-10],[20,-8],[30,-31],[3,-11],[-5,-15],[-8,-5],[1,-4],[-14,-17],[-2,-10],[-9,-11],[-38,-20],[-51,-15],[15,-11],[-43,-20],[-7,0],[-65,-39],[-15,-12],[-12,-30],[73,-80],[36,-63],[-9,-35],[37,-56],[-16,-49]],[[80284,30143],[-6,-4],[-9,0],[-32,9],[-12,12],[-26,4],[-106,3],[-89,24],[-60,55],[-4,45],[-33,38]],[[79907,30329],[-18,17],[-47,6],[-13,6],[-4,7],[7,43],[-53,35],[-43,21],[-9,22],[11,14],[0,16],[-15,34],[-18,12],[-13,17],[-8,5],[-10,2],[-41,-5],[-8,6]],[[79625,30587],[-41,21],[-14,16],[-23,9],[5,12],[-8,12],[7,12],[22,14],[7,12],[18,11],[2,13],[9,9],[-8,25],[-31,20],[-24,5],[34,27],[19,38],[37,24],[6,11],[-3,5],[3,13],[-51,22],[-15,20],[11,17],[11,5],[11,15],[-4,12],[-8,6],[-14,22],[-30,-1],[-16,-7],[-2,8],[-21,12],[0,5],[14,11],[4,13],[11,1],[10,9],[-2,10],[6,10],[-5,27],[-14,10],[-22,-3],[-10,4],[-16,-5],[-13,-12],[-23,17],[-20,-7],[-4,6],[-41,-13],[4,3],[-19,6],[18,3],[-11,41],[17,43],[-14,6],[-3,19],[-11,18]],[[79370,31249],[1,4],[47,19],[83,11],[25,7],[85,3],[-14,41],[188,21],[-26,48],[-13,39],[2,6],[90,18],[35,12],[135,32],[35,11],[24,13]],[[80067,31534],[61,-34],[24,-9],[40,-20]],[[81192,33710],[-32,-13],[-16,7],[-6,-5],[-21,10],[-9,-2],[-7,3],[-16,-12],[-12,5],[-18,-11],[-9,2],[-3,-3],[-25,6],[-41,-15],[-22,9],[-26,-13],[-25,20],[11,18],[-42,12],[12,11],[-10,5],[9,8],[-14,6],[-6,5],[3,2],[-24,18],[6,2],[-5,12],[-12,10],[2,2],[-12,2],[3,2],[-15,16],[-3,8],[8,4],[-3,2],[-13,-2],[-8,2],[4,2],[-26,16],[-16,-14],[-12,4],[-12,-12],[-37,10],[-31,-22],[-9,2],[-7,3],[29,17],[-20,13],[6,7],[-2,4],[8,4],[-7,3],[2,4],[9,4],[-3,1],[9,7],[-7,5],[10,4],[-3,2],[4,4],[-12,3],[-10,-2],[-36,-12],[-47,41],[-21,-11],[-64,33],[-15,-7],[-52,34],[-32,10],[-43,9],[1,7],[17,9],[-41,28],[-16,23],[-32,-11],[-16,24]],[[80954,33356],[30,31],[5,0],[20,26],[20,19],[28,20],[7,11],[38,32],[24,15],[-7,3],[76,69],[27,20],[-3,2],[24,10],[-7,8],[13,3],[-5,5],[21,8],[-40,44],[-33,28]],[[80954,33356],[-70,2],[-10,-3],[-27,0],[-19,-7],[-81,-10],[-6,-2],[-84,-2],[-11,6],[-57,-25],[-29,-3],[0,-12],[-20,-20],[11,-28],[-25,-8],[109,-137],[7,-28],[-56,-36],[-35,-16],[-31,-5],[-55,-25],[-78,-19],[-51,-16],[-26,-12],[-13,-11],[1,-2],[-69,-13],[-53,-6],[-26,32],[-4,26],[-25,-5],[-3,2],[-51,-5],[-35,2],[-48,7],[-24,-2],[-7,6],[2,4],[-26,-5],[-6,0],[-4,4],[-48,-3],[-2,7],[-46,-2],[-10,7],[-11,-3],[-3,9],[-58,-2],[-29,-5],[-61,10],[-18,8],[-89,6]],[[79544,33016],[-10,1],[-57,-5],[-13,6],[-2,50],[-74,4],[2,1],[324,-19],[3,113],[40,19],[17,-2],[22,12],[13,16],[12,-1],[31,39],[67,51],[103,53],[35,9],[-22,15],[-6,9],[-21,11],[-5,7],[9,8],[-8,5],[-43,15],[-24,-17],[-29,40],[-7,-3],[-72,42],[-16,-6],[-51,44],[-51,34]],[[79711,33567],[14,2],[20,17],[-27,14]],[[79718,33600],[122,-8],[53,70],[5,0],[11,20],[19,24],[38,38],[-8,7],[35,26],[-9,6],[32,12],[-5,4],[18,8],[-7,4],[15,5],[-3,5],[14,2],[-1,14],[19,2],[-5,12],[8,0],[-2,6],[14,0],[-1,5],[6,0],[-5,17],[37,1],[34,5],[-11,28],[12,5],[24,6],[1,4],[-32,45],[9,9],[-7,4],[8,4],[-1,5],[-19,17],[1,9],[-11,15],[4,5],[-10,15],[-17,43],[22,-3],[18,4],[0,4],[33,14],[26,-35],[57,9],[2,-3]],[[79625,30587],[-12,-5],[0,-4],[-21,-4],[0,-9],[-11,-1],[-13,4],[-23,-6]],[[79545,30562],[-29,9],[-11,-2],[-30,14],[-47,32],[-17,6],[-12,0],[-170,-12],[-63,1],[-72,-5],[-177,3],[-128,-7],[-63,-11],[-97,-11],[-121,0],[-60,-10],[-71,-8],[-66,0]],[[78311,30561],[-12,77],[24,-3],[-18,61],[-5,2],[19,13],[-14,18],[3,5]],[[78308,30734],[-5,26]],[[78303,30760],[128,39],[-4,4],[31,10],[4,-4],[217,67]],[[78679,30876],[77,23],[3,-4],[128,42],[-1,2],[10,2],[5,5],[35,10],[32,6],[2,4],[78,24],[-12,1],[-9,8],[72,84],[-31,14],[-4,10],[17,35],[44,65],[-4,9],[-17,9],[-25,-1]],[[79079,31224],[-46,17],[-30,7],[-9,35],[138,18],[116,22],[13,-14],[22,-14],[1,-6],[45,6],[10,-16],[-24,-7],[4,-8],[27,-13],[13,0],[7,-4],[4,2]],[[79079,31224],[-33,-8],[-28,1],[-51,-3],[-146,-15],[-84,-11],[-21,1],[-47,-11],[-19,0],[-81,-13],[-81,-7],[1,-8],[-56,1],[-49,-7],[-18,3],[-94,-9],[-110,-2]],[[78162,31136],[-3,46],[-33,-6],[-37,-2],[-11,1],[-4,5],[-24,-6],[-63,-10],[-115,-6]],[[77872,31158],[-35,503]],[[77837,31661],[36,6],[132,9],[75,13],[97,7],[130,21],[29,13],[25,-6],[12,0],[45,8],[115,12],[4,-5],[20,6],[27,2],[123,25],[-28,58],[1,13],[-14,21],[-2,11],[36,8],[11,17],[11,2],[22,12],[10,19],[35,18],[0,24],[18,21],[-4,9]],[[78803,32005],[19,4],[18,11],[68,3],[30,-6],[19,3],[3,4],[5,-1],[11,3],[2,-3],[28,3],[1,-4],[17,1],[2,-5],[42,4],[1,-3],[99,10],[0,-42],[8,-37],[18,-49],[20,-5],[19,-9],[10,-16],[14,-41],[112,10],[217,32],[11,-23],[-3,-4],[37,-51],[-4,-2],[3,-5],[-3,-2],[30,-39],[-5,-2],[8,-13],[18,-57],[-34,-8],[2,-10],[35,7],[5,-19],[38,11],[16,9],[63,11],[33,1],[28,12],[15,5],[21,1],[9,8],[31,7],[20,-31],[5,-14],[23,-26],[41,-26],[2,-3],[-5,-3],[22,-15],[62,-29],[-31,-6],[-28,-12],[16,-10]],[[76000,31990],[-26,-5],[-26,1],[-58,-4],[-78,-11],[-47,-11]],[[75765,31960],[-39,28],[7,2],[-15,12],[3,4],[-4,3],[22,4],[-9,21],[21,1],[-2,53],[-82,-2],[11,41],[-2,15],[-11,27]],[[75665,32169],[9,9],[33,16],[136,-2],[22,2],[26,6]],[[75891,32200],[27,-3],[-6,-22],[-12,-15],[13,-44],[54,1],[11,-32],[40,-29],[-5,-22],[-18,-26],[5,-18]],[[75868,32218],[23,-18]],[[75665,32169],[-11,5],[-33,-8],[-3,19],[-11,1],[-52,-7],[-30,-9]],[[75525,32170],[-23,20],[-32,59],[3,8],[27,23]],[[75500,32280],[50,-3],[40,-7],[131,-14],[46,-10],[32,-1],[69,-27]],[[75617,31962],[-1,-3],[-46,32],[47,-29]],[[75765,31960],[-67,-15],[-37,-5],[-37,-1],[-2,2]],[[75622,31941],[5,6],[-9,11],[2,2],[9,-6],[-2,6],[-52,35],[-10,3],[3,-7],[-9,5],[8,4],[-12,5],[-8,-3],[-65,19],[9,3],[46,-1],[65,30],[15,17],[-9,21],[1,27],[-11,14],[-21,16],[-52,22]],[[77817,31934],[-206,-22],[-53,-8],[-248,-27],[-30,-6],[-124,-9],[-125,-20],[-139,-15]],[[76892,31827],[0,29],[-12,29],[-28,-2],[-7,27],[-7,44],[37,6],[-14,21],[-102,-11],[-113,-2],[-243,-13],[-40,-6],[3,7],[-12,3],[-2,5],[-27,14],[-9,12],[3,15],[7,2],[6,-1],[9,6],[11,16],[-5,3],[-50,-5],[-49,-8],[-22,0],[-36,-14],[-73,-13],[-29,-13],[-35,10],[-26,3],[-22,-3],[-5,2]],[[75868,32218],[4,15],[81,17],[65,24],[-7,9],[-68,-24],[-72,-16],[15,9],[10,0],[9,7],[10,49],[34,-5],[35,2],[10,4],[17,13],[-5,10],[-12,8],[5,4],[19,-10],[20,2],[24,7],[6,-4],[46,1],[29,40],[23,20],[34,-6],[34,-1],[13,-4],[34,0],[34,5],[28,-4],[75,6],[-4,23],[33,-2],[1,-6],[67,0],[44,-4],[-3,41],[14,25],[5,24],[-7,28],[4,14],[72,-2],[39,-4],[38,-7],[19,-8],[21,-4],[4,5],[13,-2],[8,6],[11,-3],[98,-2],[53,8],[4,17],[-27,6],[17,27],[31,29],[32,51],[8,23],[5,0]],[[77018,32679],[78,-3],[79,-8],[134,-5],[22,3],[122,1],[177,11],[137,13]],[[77767,32691],[8,-71],[-3,-20],[45,-666]],[[79544,33016],[-1,-13],[24,-33],[12,-52],[31,-49],[-25,-3],[-19,-5],[-78,-26],[-72,-2],[-15,1],[-59,-15],[4,-13],[-15,0],[-27,-6],[-48,-3],[-33,-14],[-12,-20],[-6,-1],[-1,-8]],[[79204,32754],[-71,-17],[-22,-7],[-33,-7],[-56,-19],[-4,-4],[-37,-5],[-39,-10],[-89,-6],[-6,-3],[-22,-2],[-68,-32],[-157,-2]],[[78600,32640],[-7,9],[-2,19],[3,6],[-11,14],[0,14],[12,9],[-9,2],[-5,7],[-17,10],[0,2],[8,0],[7,8],[-20,11],[1,12],[-9,3],[4,2],[-4,2],[1,7],[-13,2],[-4,6],[5,4],[-4,3],[4,8],[6,1],[-6,9],[2,9],[-6,12]],[[78536,32831],[-1,4],[-17,12],[-76,15],[-45,14],[-4,6],[-11,22],[1,8],[-10,12],[12,8],[2,11],[-5,5],[5,9],[11,4],[10,10],[18,29],[24,25],[-17,38],[-13,10],[-13,19],[-13,8],[-18,3]],[[78376,33103],[68,19],[26,13],[26,6],[50,1],[36,6],[52,2],[88,-12],[23,0],[23,5],[34,2],[48,13],[13,0],[20,4],[79,8],[23,5],[32,12],[21,1],[17,5],[21,0],[19,7],[81,19],[-17,24],[10,18],[-4,21],[-22,25],[-9,17],[16,9],[-3,18],[-38,22],[-3,7],[-20,5],[-37,-9],[-34,-4],[-53,60],[-3,30],[-16,7],[-13,12],[-29,-5],[-32,1],[-22,4],[-31,-1],[-37,-16],[-38,-4],[-3,-8],[-34,-2],[-88,-19],[-101,-16],[-72,-8],[-182,-7]],[[78261,33400],[-9,0],[7,8],[38,16],[24,15],[21,20],[10,17]],[[78352,33476],[70,-5],[3,3],[21,2],[44,1],[14,13],[2,7],[17,6],[58,1],[3,7],[-4,36],[6,16],[8,6],[28,-1],[3,5],[15,7],[0,7],[18,4],[5,5],[8,-2],[7,4],[16,-1],[19,4],[9,-1],[15,-14],[13,30],[17,13],[12,3],[13,8],[24,22],[6,12],[15,11],[9,13],[51,23],[49,16],[8,-18],[37,-26],[45,-54],[104,-15],[84,-6],[113,-16],[145,-7],[43,4],[3,-4],[54,-3],[28,-7],[34,-16],[67,-2]],[[76892,31827],[4,-53]],[[76896,31774],[-183,-9],[-3,2],[-28,-7],[-3,4],[-54,-6],[-3,-2],[-26,6],[-43,-6],[-123,-5],[-49,-4],[-55,0],[-98,-7],[-79,-3],[6,-18],[-2,-33],[42,1],[7,-14]],[[76202,31673],[-21,-4],[-23,-11],[-33,-5],[-54,6],[-7,-4],[-48,-6],[-34,1],[-4,2],[-53,-13],[-9,8],[-70,-13],[-41,-12],[-10,2],[-5,-1]],[[75790,31623],[-54,24],[-10,15],[7,17],[12,17],[28,11],[11,8],[2,15],[-15,10],[-39,6],[-17,7],[-71,71],[-16,7],[-12,1],[-10,-3],[-17,-12],[-9,-13],[-10,-3],[-44,12],[-45,2],[-5,3],[8,15],[-6,28],[14,12],[34,46],[39,13],[57,9]],[[80863,32132],[10,-18],[8,-32],[39,-61],[66,-35],[6,-13],[88,-57],[19,-22],[-53,-16],[-50,-32],[-29,-25],[-9,-13],[-12,-6],[-18,-34],[-12,-6],[-11,-13],[-22,-8],[-30,-5],[-1,-21],[-10,-7],[-21,-3],[-13,-5],[-54,-13],[-16,-6],[-9,-10],[-12,0],[-10,-6],[-49,-11],[-4,-7],[-45,-5],[7,-33],[-5,-1],[15,-22],[41,-40],[-14,-7]],[[80653,31539],[-13,-12],[-27,-14],[-90,-32],[-8,2],[-19,-6],[-14,-9],[-12,-17],[-16,-9],[-29,-4],[-5,1],[-26,24],[-68,35],[-77,56],[-50,-31],[12,-13],[-22,-27],[9,-10],[-6,-2]],[[78803,32005],[-3,4],[-17,-1],[-7,5],[-22,-6],[-49,2],[-2,10],[-14,14],[2,23],[-27,31],[4,8],[18,12],[6,13],[-4,14],[11,22],[45,12],[-3,24],[20,71],[0,13],[-4,15],[-21,22],[-25,17],[-5,-1],[-22,7],[-3,5],[-10,2],[-9,8],[-5,-2],[-4,5],[-7,-1],[-7,9],[5,5],[-17,9],[-4,7],[2,5],[-3,3],[7,0],[2,6],[9,-1],[2,3],[-2,9],[-9,1],[2,6],[-13,6],[-5,9],[-3,17],[9,2],[5,11],[-4,3],[11,6],[-1,3],[8,5],[19,2],[1,18],[-12,9],[5,6],[-12,12],[-9,1],[-3,4],[-5,0],[-12,9],[-14,0],[-8,14],[-22,15],[-2,17],[8,5],[-8,9],[21,17],[-3,7],[7,0],[11,9],[-2,9]],[[79204,32754],[3,-12],[9,1],[11,-26],[15,2],[8,-5],[68,-59],[39,-41],[30,0],[28,5],[53,18],[52,24],[25,-5],[0,-4],[9,-5],[12,-2],[67,2],[-10,-41],[-17,-17],[8,-16],[-5,0],[12,-21],[82,8],[10,-13],[7,-22],[23,-8],[3,-5],[9,-3],[-7,-11],[-21,-16],[20,-13],[45,-20],[10,-23],[2,-21],[61,-14],[14,-6],[9,0],[20,-10],[6,-10],[16,-8],[28,-11],[37,-7],[110,-14],[36,7],[37,11],[2,-2],[23,9],[12,20],[29,12],[12,10],[20,29],[-1,7],[-10,11],[14,38],[-17,20],[-9,4],[3,26],[-19,11],[-3,9],[66,33],[38,12],[41,-28],[27,-30],[16,-28],[-3,-24],[24,-22],[27,-45],[22,-20],[87,-28],[138,-31],[18,-7],[36,-21],[48,-93],[29,-46],[4,-21],[11,-16]],[[78162,31136],[-3,-34],[106,4],[2,-2],[36,0],[-7,-6],[-4,-11],[92,4],[60,-1],[31,-1],[8,-7],[12,5],[17,-26],[11,6],[12,-20],[33,2],[10,-12],[12,-5],[7,-8],[42,-59],[-3,0],[16,-35],[4,-21],[23,-33]],[[78303,30760],[-15,18],[-29,-8],[-18,21],[-36,-6],[-77,35]],[[78128,30820],[-6,2],[-81,-2],[0,-4],[-31,5],[-116,6]],[[77894,30827],[-22,330]],[[77872,31157],[0,1]],[[76882,31223],[18,1],[18,7],[0,5],[7,2],[18,-1],[11,5],[6,-6],[11,-3],[32,1],[5,-4],[27,1],[75,-6],[-1,-11],[6,-6],[57,6],[127,-12],[140,-8],[287,-28],[146,-9]],[[77894,30827],[-60,-6],[-95,-16]],[[77739,30805],[-67,-8],[-321,-55]],[[77351,30742],[-22,19],[-44,29],[-91,54],[-7,-3],[-70,5],[-14,4],[-14,8],[-90,-14],[2,-10],[-66,-10],[-96,-10],[19,-54],[-19,-34],[-45,-6],[-5,-4],[-114,-15],[-10,-9]],[[76665,30692],[-135,112],[-17,-4],[-11,27],[-43,35],[-30,-7],[-21,4],[-2,-1],[-12,4]],[[76394,30862],[-29,21],[-157,194],[126,4],[65,-13],[30,-1],[-14,33],[-25,24],[-5,10],[-4,44],[4,17],[-15,28],[2,11]],[[76372,31234],[37,4],[86,18],[138,2],[30,-1],[28,-3],[33,-9],[47,-3],[18,-7],[8,-9],[81,-6],[4,3]],[[76882,31223],[-2,10],[-13,8],[7,14],[18,4],[9,5],[14,26],[0,8],[11,1],[4,6],[6,27],[-22,8],[-7,10],[-19,11],[1,33],[-7,11],[13,6],[5,7],[14,-3],[5,2],[3,21],[19,17],[1,9],[8,9],[-12,9],[-13,-1],[-10,3],[-3,9],[-21,12],[-11,14],[75,6],[72,0],[120,8],[24,15],[-7,16],[6,5],[7,17],[10,0],[20,17],[1,21],[8,10],[27,56],[-102,-3],[-165,-15],[-58,-3],[-22,105]],[[77817,31934],[12,-92],[-2,-31],[10,-150]],[[77069,33176],[-36,-55],[24,-74],[0,-28],[-28,-44],[2,-18],[-27,-4],[11,-21],[-38,-6],[20,-36],[-4,-12],[-19,-1],[17,-42],[-9,-4],[10,-10],[-19,-7],[3,-4],[-6,-2],[13,-10],[1,-8],[-14,-8],[55,-41],[23,-27],[-5,-15],[-25,-20]],[[75500,32280],[-2,8],[-9,5],[-14,0],[-41,-7],[-17,3],[-75,23],[-33,16],[-91,61],[-3,12],[20,44],[-30,38],[-13,36],[9,6],[71,12],[25,8],[41,35],[27,34],[19,19],[66,34],[75,46],[16,22],[-13,84],[9,24],[14,9],[28,7],[19,2],[49,-1],[10,5],[9,9],[-3,30],[-37,44],[-2,9],[20,21],[37,20],[12,9],[0,31],[5,11],[13,9],[20,4],[25,1],[63,-7],[23,2],[11,6],[29,35],[57,55],[34,86]],[[75973,33240],[82,-4],[36,-5],[119,-19],[119,-24],[15,4],[-2,5],[4,2],[16,1],[4,6],[22,1],[31,-3],[11,3],[21,-5],[14,6],[9,-3],[17,-17],[8,0],[2,3],[19,1],[9,-10],[20,2],[6,-4],[4,3],[14,-5],[4,-5],[167,12],[135,-5],[190,-4]],[[76372,31234],[-3,4],[-25,-1],[-23,2],[-78,-8],[-44,-2],[-8,4],[6,10],[-2,52],[16,3],[-6,32],[-9,8],[-2,11],[6,24],[14,14],[40,8],[3,2],[-7,16],[5,16],[33,47],[-27,36],[44,7],[-21,59],[-35,-2],[-1,5],[10,5],[-2,16],[10,16],[-19,23],[-27,20],[-8,13],[-10,-1]],[[76394,30862],[-175,-2],[-63,-9],[-21,-10],[-22,-5],[-18,-2],[-12,1],[-67,-13],[-7,-9],[-2,-14],[9,-22],[-7,-13],[-2,-34],[-53,-2],[-64,7],[-126,7],[-4,4],[-23,2],[-76,3],[0,5],[-52,1]],[[75609,30757],[2,15],[-13,19],[-2,14],[11,3],[44,-1],[22,3],[1,11],[-23,18]],[[75647,30863],[1,24],[72,80],[12,17],[0,12],[-11,11],[-30,11],[-40,23],[-20,22],[-28,15],[-1,16],[30,23],[73,44],[17,17],[6,17],[-1,29],[16,9],[17,-1],[14,-10],[3,-7],[-6,-32],[14,-10],[14,-3],[31,2],[33,8],[46,-4],[-46,8],[37,88],[-6,17],[-49,37],[-10,20],[-3,17],[1,50],[5,14],[30,19],[3,11],[-4,7],[-18,8],[-21,1],[-43,-7],[-17,2],[-18,20],[-39,26],[7,12],[35,6],[14,13],[5,27],[32,27],[-1,12],[-13,12]],[[77767,32691],[1,12],[211,27],[163,36],[38,0],[-1,-2],[35,4],[-1,2],[51,13],[158,25],[114,23]],[[81800,32476],[-12,12],[-9,17],[-2,15],[-35,-7],[-11,14],[-53,-5],[-26,29],[-14,24],[-5,-1],[-10,21],[-4,0],[-18,30],[6,1],[-26,31],[-4,13],[-13,2],[-5,16],[-15,22],[16,-6],[7,7],[-11,11],[34,25],[-42,-5],[-11,16],[-2,10],[-67,-11],[-5,8],[-17,-2],[-35,2],[-27,2],[-3,5],[-15,-4],[-5,6],[-41,0],[-1,6],[-13,1],[9,21],[-2,40],[-25,10],[7,19],[-33,10],[9,15],[-4,5],[-12,3],[-3,7],[3,7],[-7,3],[-17,-8],[-31,-1],[-25,12],[-25,5],[-28,9],[-78,-4],[22,52],[7,27],[10,17],[9,-1],[3,3],[-7,37],[-15,17],[20,16],[11,16],[2,48],[-5,0],[-7,22],[-13,13],[-1,10],[-31,36],[-13,9],[-13,26],[2,3],[-7,4],[4,2],[-7,8],[0,10],[9,6],[3,11],[13,10],[4,11],[-46,7],[-44,2]],[[81800,32476],[-10,3],[-25,0],[-59,-12],[-167,21],[-19,-6],[-7,7],[-16,-2],[-10,10],[-26,-4],[-7,7],[-41,-3],[-29,0],[-19,5],[-33,18],[-30,-19],[-14,-13],[-38,-14],[-2,-5],[-17,-3],[-39,1],[-30,-12],[8,-11],[-15,-5],[3,-7],[-12,2],[-22,-7],[-25,-3],[-2,3],[-67,-16],[-8,6],[-19,-10],[-19,-26],[-2,-12],[42,-37],[9,-14],[0,-25],[20,-19],[-6,-15],[3,-6],[19,-19],[19,-8],[-67,-37],[-12,5],[-38,-15],[0,-5],[16,-10],[-20,-16],[-9,-3],[-22,2],[-19,-7],[-9,6],[-45,-14]],[[72165,28744],[3,-24],[17,-48],[-2,-36],[-12,2],[-5,-4],[-15,-3],[-8,-15],[-14,-2],[-19,-7],[-19,-27]],[[72091,28580],[-7,-9]],[[72084,28571],[-27,16],[-11,-9],[-31,10],[-8,-6],[-26,5],[2,8],[-5,4],[-37,1],[5,9],[-40,0],[-1,9],[-30,-11],[-12,-2],[-1,4]],[[71862,28609],[-10,33],[-30,-3],[-131,4]],[[71691,28643],[13,21],[4,17]],[[71708,28681],[-9,21],[6,10],[28,17],[7,8],[-1,20],[14,28],[3,28],[8,19],[-3,17]],[[71761,28849],[5,6],[21,10],[25,38],[10,7],[70,12],[72,18]],[[71964,28940],[49,-4],[46,-12],[23,-17],[14,-16],[9,-16],[12,-51],[27,-21],[2,-29],[19,-30]],[[72988,28817],[-12,-14],[-21,4],[-9,-21],[-52,1],[-29,4],[-18,-3],[-3,4],[-12,3],[-16,-5],[-68,7],[-54,-2],[-83,-11],[-43,-1],[-39,-13],[-15,-1],[-63,11],[-39,1],[-8,-13],[0,-13],[-17,-11],[-19,-26],[15,-15]],[[72383,28703],[-24,4]],[[72359,28707],[-145,47],[0,14],[-3,0],[-14,-51],[-17,7],[-15,20]],[[71964,28940],[180,74],[39,12],[24,34],[8,24],[-5,10],[-17,19],[26,2],[7,40],[-3,13],[-10,13]],[[72213,29181],[27,4],[18,8],[29,3],[23,7],[58,9],[24,-7],[48,-5],[54,4],[63,-18],[46,36]],[[72603,29222],[12,-7],[18,-18],[-3,-19],[-45,-31],[-20,-22],[75,-63],[12,-15],[-1,-12],[18,-17],[-2,-10],[11,-4],[1,-7],[11,-4],[0,-5],[13,-3],[6,-9],[19,-9],[5,-11],[22,-12],[23,-4],[2,-2],[8,-1],[0,-4],[9,-4],[26,-3],[22,-9],[5,-13],[9,-6],[-6,-8],[5,-2],[5,2],[5,-5],[-9,-8],[21,3],[-3,1],[3,5],[7,-10],[-3,-3],[7,-2],[1,-4],[5,4],[11,-14],[10,-23],[70,-17]],[[72620,28150],[-84,-43]],[[72536,28107],[-4,1],[22,10],[-22,12],[-44,9],[-6,32],[-17,-3],[-2,17]],[[72463,28185],[3,6],[5,-1],[8,16],[68,0]],[[72547,28206],[45,-1],[50,11]],[[72642,28216],[3,-3],[7,1],[9,-6],[12,2],[2,4],[7,-4],[-3,-2],[13,-12],[-7,-4],[-6,5],[-11,-4],[7,-2],[1,-4],[-11,-5],[7,-5],[-52,-27]],[[72431,28301],[14,-16],[24,-12],[-4,-5],[10,-8],[11,-2],[1,12],[6,-1],[25,-11],[-4,-3],[7,-8],[5,0],[8,5],[5,-4],[7,-1],[-23,-15],[32,-9],[-8,-17]],[[72463,28185],[-59,2],[-19,10],[-23,-7],[-5,2]],[[72357,28192],[-48,27],[4,14],[-3,25]],[[72310,28258],[24,11],[8,8],[12,-1],[-5,3],[6,5],[-1,4],[6,-2],[10,9],[0,7],[5,-1],[3,3],[38,-11],[15,8]],[[72624,28274],[-8,-1],[-22,-15],[13,-9],[59,-10],[1,-3],[8,0],[4,-9]],[[72679,28227],[-37,-11]],[[72431,28301],[42,27],[-4,4]],[[72469,28332],[71,-16],[62,-35],[22,-7]],[[72902,28090],[-2,-1],[5,-5],[4,1],[12,-12],[-3,-9]],[[72918,28064],[-54,-4]],[[72864,28060],[-13,3],[-9,5],[-10,14],[-21,17],[-38,11],[-19,1],[-12,-4],[-31,-22],[-16,-17],[-31,-23],[-16,-4],[-12,3]],[[72636,28044],[-19,28],[-16,8],[-21,6],[-9,11],[8,2],[-1,2],[-42,6]],[[72620,28150],[29,8],[32,4],[51,-5],[39,-12],[131,-55]],[[72383,28703],[20,-4],[31,-13],[17,0],[34,-6],[24,0],[3,-15],[-6,-9],[4,-9],[-11,-18],[-2,-13],[5,-35]],[[72502,28581],[-20,4],[-4,-12],[-17,-16],[-9,2],[-4,-4],[-31,7],[-9,-5],[8,-3],[-4,-5],[-12,4],[-10,-1]],[[72390,28552],[-40,13],[-44,9],[-22,-2],[-13,3]],[[72271,28575],[-6,9],[10,19],[-5,3],[39,12],[-6,2],[8,2],[30,19],[-3,2],[7,10],[8,-3],[14,18],[2,7],[-29,8],[19,24]],[[72225,28560],[-12,-32],[-50,-40],[-23,-9],[-3,-12]],[[72137,28467],[-2,-2]],[[72135,28465],[-21,0],[-7,16],[-46,16],[-22,-10],[-8,4],[-32,-10]],[[71999,28481],[-12,5],[2,3],[34,17],[2,8],[18,9],[5,14],[36,34]],[[72091,28580],[15,-1],[1,-6],[6,-1],[-1,-6],[5,-1],[-3,-8],[16,-4],[-2,-4],[22,9],[27,6],[48,-4]],[[73177,28733],[-1,-5],[4,-5],[-8,-19],[-19,-6],[-99,-10],[-50,-18],[-59,-27],[13,-12],[-3,-17],[4,-6],[12,-1],[22,-8],[2,-9],[7,-7],[16,-6],[30,1],[19,-4],[29,4],[10,-4],[5,1],[23,-17],[-23,-14],[-13,-22],[-12,-8]],[[73086,28514],[-22,-4],[-42,5],[-26,-6],[-16,-14],[-11,-4],[-21,2],[-31,-14],[-52,-10],[-47,-13],[-45,-5]],[[72773,28451],[-37,1],[-16,4],[-21,-1],[-49,7]],[[72650,28462],[-76,7],[-69,18],[-26,10],[19,47],[4,37]],[[72988,28817],[73,-19],[28,-25],[17,-6],[2,-6],[8,-6],[4,2],[10,-4],[4,-8],[35,-8],[8,-4]],[[72390,28552],[-89,-46],[31,-21],[39,-20],[-18,1],[-80,-13]],[[72273,28453],[-6,0],[-16,10],[-6,-2],[-6,5],[-60,1],[-17,-2],[-25,2]],[[72225,28560],[4,13],[18,-5],[24,7]],[[72773,28451],[18,-41],[14,-7],[10,-18],[24,-6],[20,-10],[-47,-24],[-4,1],[-6,-15],[-33,-24],[5,-9],[-30,-8],[48,-55]],[[72792,28235],[-22,-10],[-16,18],[1,5],[-15,3],[-27,-12],[-9,-8],[-25,-4]],[[72624,28274],[9,-4],[3,4],[6,-2],[8,11],[-6,2],[10,13],[8,-1],[8,7],[7,-2],[6,2],[-123,75],[-36,15]],[[72524,28394],[-51,22]],[[72473,28416],[52,-1],[9,-2],[2,4],[-12,3],[8,7],[12,-5],[56,23],[15,10],[11,2],[18,-3],[6,8]],[[72792,28235],[11,-26],[0,-16],[8,-19],[18,16],[3,-9],[77,-35],[-25,-9],[-9,-9],[26,-19],[3,-5],[-2,-14]],[[71761,28849],[-2,10]],[[71759,28859],[-10,17],[-27,30],[-2,38],[-7,9],[-17,2],[-12,-3],[-6,3],[-34,-12],[-6,5],[4,1],[-4,5],[-16,-8],[-45,11],[-7,-3],[-27,27],[-20,-6],[-3,8],[-15,-11],[-20,-1],[-7,8],[-16,-5],[-4,3],[-19,-8],[-44,-9],[-20,-2],[-13,6]],[[71362,28964],[-90,44]],[[71272,29008],[-7,33],[-23,35],[12,29],[3,26],[16,24],[6,40],[10,18],[0,36]],[[71289,29249],[50,27],[23,6],[36,0],[15,4],[26,-2],[46,14],[33,4],[7,11],[20,10],[0,15],[46,15],[19,1],[-30,17]],[[71580,29371],[100,42],[25,3],[29,11],[46,10],[73,8],[32,6]],[[71885,29451],[42,6],[22,-45],[78,9],[98,-3],[0,-32],[-3,0],[-5,-34],[43,-16],[42,-22],[36,-10],[66,-3],[-91,-120]],[[72469,28332],[-17,7],[19,3],[-7,4],[60,48]],[[72473,28416],[-55,23],[-6,-3],[-6,3],[0,-6],[-11,6],[-21,-11],[-25,-19],[-1,-2]],[[72348,28407],[-75,46]],[[72310,28258],[-5,22],[-7,4],[-44,52],[6,8],[-4,1],[28,17],[-9,0],[-26,12]],[[72249,28374],[48,23],[0,-3],[15,-9],[0,4],[6,3],[6,-3],[-1,4],[25,14]],[[73086,28514],[19,-11],[-20,-5],[12,-26],[11,-1],[0,4],[26,2],[29,-32],[22,10],[14,-10],[26,4],[14,-11],[17,8],[45,-36],[22,10],[16,-13],[18,10],[22,-3],[14,-12],[0,-3],[-6,-2],[8,-17]],[[73395,28380],[-60,-40],[-31,-8],[-18,1],[-16,6],[-10,9],[-15,21],[-12,8],[-21,6],[-48,2],[-28,-3],[-19,-8],[-15,-11],[-6,-19],[17,-88],[27,-25],[9,-19],[-8,-23],[6,-20],[-2,-28],[-7,-8]],[[73138,28133],[-33,-17],[-41,-47],[-13,0],[-39,11],[-13,1],[-28,-4],[-31,-10],[-22,-3]],[[72249,28374],[-46,11]],[[72203,28385],[-16,4],[-32,0],[-35,-5],[-26,3],[23,30],[1,28],[17,20]],[[85380,31257],[37,-37],[29,-3],[28,7],[48,-23],[13,-18],[7,-22],[-2,-21],[13,-37],[394,86]],[[85947,31189],[79,-76],[71,-79],[12,-23],[25,-29],[26,-47]],[[86160,30935],[-222,-27],[-97,-9],[-110,-16],[-7,-4],[-3,-8],[-32,-26],[-8,-3],[-43,-4]],[[85638,30838],[-55,14],[-93,-13],[-35,-9],[-17,0],[-30,-9],[-12,-7],[-5,2],[-7,-10],[11,-18],[-64,-85],[-87,-30],[-44,-8],[-19,-6],[-23,6],[-3,12],[-45,33],[-88,-37],[-66,43],[-36,15],[-19,40],[19,6],[-12,19],[-81,-21],[-15,20],[-20,-20],[-14,-7],[-4,7],[-28,-5],[-9,13],[-21,4],[-5,-1],[-13,12],[-33,-9],[-1,17],[-10,-2],[-5,12],[-11,-2],[-9,8],[14,8],[-9,8],[-29,11],[-50,1],[-9,-3]],[[84546,30847],[-7,6],[29,15],[-9,5],[1,3],[-13,3],[31,11],[6,-6],[18,10],[17,6],[-19,3],[-10,12],[4,7],[-16,20],[9,13],[34,7],[-7,21],[4,2],[-6,8],[3,3],[43,9],[16,5],[22,3]],[[84696,31013],[-9,-28],[11,-2],[22,-20],[56,12],[74,-4],[36,7],[34,-9],[13,1],[7,-4],[6,-12],[14,-4],[51,34],[27,31],[21,18],[33,19],[16,18],[19,143],[38,76],[29,3],[18,8],[23,28]],[[85235,31328],[53,-32],[92,-39]],[[81910,32455],[-4,19],[-19,15],[-47,-14],[-40,1]],[[81910,32455],[31,-14],[32,-26],[42,15],[122,-88],[-31,-18],[15,-12],[45,-29],[21,-6],[23,-16],[40,-17],[15,-11],[1,-4],[-111,-32],[26,-17],[39,14],[8,-1],[54,16],[0,-2],[58,10],[51,5],[48,8],[17,8],[28,-41],[14,0],[27,-41],[51,9],[39,-3],[47,-14],[25,-5],[17,0],[29,-8],[21,-14],[11,-13],[57,0],[26,-22],[6,-19],[38,-26]],[[82892,32041],[-57,-11],[4,-20],[-21,0],[-29,-32],[-5,-49],[42,1],[4,-10],[24,1],[29,-39],[-3,-20],[9,-18],[10,-2]],[[82899,31842],[8,-6]],[[82907,31836],[-80,-23]],[[82827,31813],[-23,-2],[-19,3],[-13,8],[-22,4],[-17,1],[-7,-4],[-17,0],[-5,8],[-15,2],[0,-2],[-20,0],[-7,3],[-62,-12],[-25,0],[-22,-4],[-14,0],[-43,-8],[-40,-12],[-24,-3],[-28,-8],[-100,-33],[-41,-19],[-86,-33],[-47,-7],[-40,-10],[-14,1],[-86,-16]],[[81990,31670],[-126,-24],[-34,-12],[-36,-8],[-15,-7],[-38,0],[-23,-3],[-47,-17],[-43,-10],[7,-8],[-5,-5],[1,-12],[-9,-9],[1,-12],[-6,-4],[4,-1],[1,-11],[6,-4],[-19,-8],[0,-7],[-6,-4],[7,1],[-7,-7],[5,-6],[-5,1],[9,-9],[-3,-2],[-6,-18],[-4,0],[-2,-6],[5,-5],[9,-13],[-4,-1],[11,-4],[-6,-1],[11,-2],[3,-6],[-4,-7],[4,0],[5,-3],[-8,-4],[12,-2],[-2,-9],[15,-11],[3,-4],[-42,-1],[-38,3],[-21,-9],[-23,-16],[-49,-18],[-28,-20],[-32,-14],[-22,-6],[-23,1],[-35,-15],[-7,0],[-7,-8],[-15,1],[-18,-5],[-9,2],[-44,-18],[-21,-3],[-12,-6],[-34,0],[-30,-12],[-16,-2],[-2,-4],[-26,0],[-9,-6],[-21,-3],[-7,2],[-15,-5],[-28,8],[-2,5],[4,5]],[[81019,31242],[11,4],[10,16],[8,3],[-49,38],[29,9],[-17,14],[10,1],[-37,18],[-7,-3],[-15,7],[-10,33],[-21,33],[-23,28],[-40,39],[-26,-5],[-12,3],[-24,20],[-55,-16],[-10,0],[-35,29],[-53,26]],[[85816,30128],[9,-19],[56,5],[-3,5],[42,4],[4,-18],[33,2],[8,-14],[-72,-1],[-4,-25],[18,0],[5,-23],[-74,3],[-2,-7],[103,-4]],[[85939,30036],[2,-17],[-8,-2],[37,-59],[-8,-36],[40,-8],[-1,-21],[5,-8],[11,-11],[20,-4],[6,-8]],[[86043,29862],[-3,-6],[-13,-9],[-25,0],[-21,-8],[-4,-8],[2,-22],[-20,-6],[2,-12],[-11,-9],[-2,-8]],[[85948,29774],[-10,0],[-51,11],[-25,-15],[-144,32],[5,18],[-6,9],[-13,3],[-1,-2],[-11,3],[-10,-24],[-35,6],[-41,12],[20,23],[-19,8],[-90,23],[-3,-17],[-28,3],[1,-12],[-31,-1],[-60,30],[-7,4],[2,8],[-42,12],[8,9],[-25,8],[-16,-13],[-7,0],[-24,12],[1,2],[-8,6],[-14,3],[-21,15],[-19,5],[-51,-4],[0,4],[-13,-5],[0,9],[-19,24],[17,12]],[[85158,29995],[14,22],[-1,9],[14,8],[13,16],[-19,5],[1,2],[-10,5],[-21,4],[-34,20],[-5,9],[6,0],[-41,21],[-15,10],[-3,6],[8,10],[38,-12],[8,6],[16,-7],[12,3],[29,-9],[52,1],[34,-6],[336,-25],[26,-4],[13,16],[161,21],[26,2]],[[86402,30407],[-17,4],[-25,15],[-21,2],[-7,10],[-33,-5],[-16,-8],[-15,2],[-4,4],[-11,-2],[-5,-4],[1,-10],[-34,7],[-17,-3],[-18,5],[-10,10],[7,9],[-49,13],[-51,-7],[-16,-7],[-6,-12],[-13,-4],[-14,2],[-29,-23],[-22,-32],[1,-9],[12,-6],[0,-4],[-17,-23],[-20,-13],[-4,-6],[-56,-27],[-39,-9],[-21,-1],[-18,2],[-9,4],[-5,7],[-8,1],[-26,1],[-31,-6],[-18,-7],[-22,-25],[-3,-16],[13,-2],[2,-6],[-43,-17]],[[85665,30211],[-11,-4],[-19,3],[-12,-4],[-24,-11],[-15,-15],[-14,9],[-10,16],[13,8],[11,18],[1,10],[-9,8],[11,13],[31,21],[44,53],[-45,8],[5,11],[38,-3],[0,7],[13,5],[-4,6],[7,4],[-10,8],[9,9],[13,7],[4,7],[25,10],[14,17],[53,22],[0,3],[-11,8],[-41,14],[-61,7],[-40,0],[-34,6],[-19,-3],[-24,24],[9,7],[19,2],[5,5],[34,0],[0,13],[-9,4],[9,0],[80,-2],[0,6],[-51,3],[-24,3],[14,8],[40,0],[3,5],[19,-1],[1,2],[27,-2],[-1,-4],[11,-1],[-2,-5],[23,-12],[103,-24],[5,3],[-7,30],[-7,1],[-15,-7],[20,35],[-3,1],[-13,-23],[-9,2],[13,24],[-6,2],[1,8],[-4,2],[-4,-8],[-28,5],[-10,6],[0,7],[22,11],[2,4],[25,1],[-5,12],[-11,12],[-17,4],[8,17],[-14,1],[-8,-5],[-7,10],[20,-2],[-5,6],[5,5],[-5,2],[7,8],[17,-2],[4,-4],[-7,-13],[16,-1],[3,5],[15,-6],[-5,-8],[-18,3],[-2,-11],[31,-5],[6,8],[17,-9],[25,28],[10,-4],[-9,-12],[-2,-8],[15,18],[4,-2],[26,19],[37,-24],[34,-2],[4,9],[-22,2],[-36,27],[-7,36],[3,9],[-7,7],[1,6],[6,0],[-3,11],[-46,19],[-9,2],[-10,12],[-18,9],[-1,5],[-11,-15],[-43,-18],[-4,-4],[-46,0],[-6,-2],[-7,3],[3,10],[-21,2],[-34,-4],[-17,10],[-47,17],[-9,11],[-10,4],[4,6]],[[86160,30935],[40,-75],[32,-45],[36,-64],[29,-41],[23,-59],[13,-17],[-10,-7],[5,1],[2,-4],[-7,-25],[11,-77],[15,-32],[53,-83]],[[82964,29972],[-17,-24],[-9,-2],[-33,-31],[-62,-60],[-38,-27],[-29,-10],[-6,-60],[13,0],[22,-48],[12,-44],[-107,-12]],[[82710,29654],[-122,-12],[91,-109],[-79,-3],[-2,20],[-100,-3],[-55,-54],[-46,-35],[20,-157],[-90,-3],[5,-44],[-181,-6],[4,-17],[-51,-3],[-26,-89],[-114,-6],[47,-86],[95,-123],[-76,-37],[-104,69],[-107,-5],[7,-20],[-90,-4],[-10,-28],[4,-3],[-1,-9],[-9,-2],[-14,2],[-6,-4],[16,-10],[17,-7],[9,2],[10,-3],[4,-3],[-2,-6],[-12,-9],[14,-10],[3,-5],[-19,-47]],[[81183,29145],[-14,50],[-12,22],[32,35],[-2,7],[-13,15],[-29,14],[-16,4],[-33,1],[-21,5],[-69,29],[-24,41],[-22,19],[1,14],[-12,25],[-3,19],[17,22],[-34,20],[-20,19],[-2,20],[15,10],[2,7],[-5,10],[-24,14],[-4,26]],[[80891,29593],[14,11],[20,1],[18,13],[7,1],[36,53],[56,39],[32,9],[37,14],[13,-1],[30,5],[-2,11],[24,23],[16,9],[35,9],[47,8],[56,-1],[26,-5],[45,-4],[36,41],[21,9],[30,-3],[-8,-20],[-23,-29],[-42,-19],[42,-10],[72,-5],[79,-23],[32,-7],[4,2],[-2,12],[12,17],[23,15],[17,7],[0,7],[6,7],[8,-2],[29,25],[3,13],[-4,4],[1,28]],[[81737,29857],[71,-2],[-4,-19],[24,-4],[109,4],[47,-3]],[[81984,29833],[27,-1],[90,20],[10,-24],[10,-4],[16,-25],[11,1],[19,-20],[8,2],[-1,-10],[3,-2],[74,17],[62,-11],[4,14],[-4,5],[13,9],[1,12],[8,2],[14,2],[12,-3],[-5,-23],[5,4],[18,2],[10,-2],[-2,-4],[48,5],[5,22],[20,24],[0,15],[6,1],[10,35],[89,1],[8,-4],[22,-1],[38,-7],[5,-7],[48,-4],[44,206]],[[82730,30080],[87,-5],[31,-7],[77,-10],[-26,-38],[96,-8],[-9,-19],[-22,-21]],[[86115,29439],[-11,-2]],[[86115,29439],[0,0]],[[86121,29439],[-2,0]],[[86121,29439],[0,0]],[[86077,29451],[3,-4]],[[86077,29451],[0,0]],[[86077,29451],[-16,4]],[[86061,29455],[11,-1],[5,-3]],[[86018,29508],[-2,4]],[[86018,29508],[0,0]],[[85948,29774],[7,-12],[9,-6],[89,-36],[10,4],[43,-26],[56,-22],[8,-6],[3,1],[6,-4],[1,-6],[16,4],[117,-43],[95,-12]],[[86408,29610],[12,-46],[0,-32],[-11,-29],[-31,-35],[-28,-12],[-29,-19],[-13,-3],[22,12],[13,13],[21,12],[18,19],[-26,-23],[-18,-9],[-4,3],[6,3],[0,7],[-3,-8],[-6,6],[32,58],[-3,12],[-11,1],[-4,4],[7,14],[-8,-13],[2,-4],[14,-7],[2,-6],[-4,-8],[-11,3],[-6,-10],[-2,-7],[8,15],[7,-1],[-12,-29],[-16,-20],[-2,-8],[7,-8],[-29,-23],[12,-4],[3,-10],[-10,-47]],[[86307,29371],[-58,16],[-111,19]],[[86138,29406],[-4,24],[-7,8],[-4,1],[-16,3],[-6,-6],[-9,-1]],[[86092,29435],[-3,1]],[[86089,29436],[-4,2]],[[86085,29438],[-5,8]],[[86080,29446],[0,4],[-6,4],[-16,1],[-18,11]],[[86040,29466],[-9,6]],[[86031,29472],[-5,12],[3,9],[-12,19],[-3,1]],[[86014,29513],[-17,8],[-33,9],[-19,15],[-20,-8],[-20,7],[-80,2],[-46,8],[-28,-6],[-13,7],[-14,2],[-11,-18],[-16,-1],[-16,-7],[-16,0],[14,-21],[-41,-9],[-26,2],[-148,-38],[-13,4],[-1,6],[-5,1],[-21,-1],[0,7],[-22,7],[0,6],[-20,1],[-30,11],[30,20],[-2,7],[-18,2],[8,31],[-64,-1],[-57,5],[-126,27],[-99,11],[-30,1],[-10,-4],[-26,0],[-7,-2],[-2,3],[-83,-6],[-130,-18],[-84,-6],[-116,-3],[-2,2],[-19,0],[-58,-5],[-44,2],[-21,-18],[-5,-17],[-4,-1]],[[84383,29537],[-153,-23],[-23,122]],[[84207,29636],[217,47],[-10,44],[-43,33],[-33,44],[-5,18],[-1,54],[-6,34],[4,7],[-9,4],[15,11],[-19,10],[-17,-2],[-12,3],[-6,16],[-12,0],[8,6],[-2,3],[18,10],[9,2],[8,-3],[13,6],[4,7],[22,-1],[8,9]],[[84358,29998],[12,5],[47,7],[58,16],[10,3],[2,5],[10,0],[32,14],[21,6],[7,17],[14,7],[11,12],[49,15],[12,-9],[18,-8],[132,-41],[13,-5],[-1,-2],[49,-13],[-9,-21],[34,2],[111,22],[9,0],[2,-2],[78,9],[2,-6],[26,-11],[7,-6],[12,7],[19,-8],[-3,-3],[2,-4],[14,-11]],[[84383,29537],[-8,-17],[3,-9],[-34,-19],[-23,-29],[-6,-18],[6,1],[22,-39],[237,-27],[49,-3],[45,5],[4,4],[200,1],[39,4],[35,0],[51,-8],[32,-13],[38,-28],[27,-8],[-14,-17],[-2,-11],[15,-10],[274,-112],[204,-92]],[[85577,29092],[-7,-2],[6,-1],[-27,-13],[27,12],[2,3]],[[85578,29091],[11,-5]],[[85589,29086],[1,0]],[[85590,29086],[35,-16]],[[85625,29070],[-79,-45],[-33,-15],[-24,-7],[-5,6],[-8,-11],[-9,9],[-1,-9],[-4,1],[-8,-8],[2,-4],[-13,1],[-2,2],[10,11],[0,7],[-11,7],[7,-9],[-7,-1],[-21,11],[19,-11],[11,-2],[-10,-14],[2,-2],[10,-1],[2,-2],[-12,-6],[-32,1],[2,8],[-30,17],[29,-18],[-5,-5],[-17,1],[1,-1],[20,-3],[40,-2],[-3,-5],[-31,-17],[-68,-30],[-11,-3],[-17,2],[-10,-2],[-13,-7],[-3,-9],[-4,-1],[-19,12],[-8,-1],[11,-2],[-12,-10],[-8,1],[-1,11],[-14,12],[9,7],[-12,-4],[2,-4],[13,-10],[0,-11],[7,-4],[-1,-5],[-16,-4],[-7,-8],[-18,-6],[-4,7],[1,-8],[-21,-7],[2,-7],[-12,9],[8,18],[-8,-13],[-1,-8],[8,-6],[-14,0],[-24,-12],[-4,2],[-3,-4],[-7,1],[-11,-4],[1,-5],[-17,16],[14,-14],[-5,-4],[-8,4],[-3,6],[-4,-1],[9,-7],[-10,1],[-10,-6],[-12,-5],[-5,-5],[-17,1],[-2,-3],[-8,1],[-29,-5],[-15,-6],[-3,-5],[-7,2],[-3,-3],[-8,1]],[[83414,29143],[-157,-17],[6,74],[-35,2],[-14,-20],[-10,8],[-15,31],[1,17],[25,33],[14,38],[-6,12],[-29,23],[-3,8],[14,17],[35,2],[-8,54],[146,10],[-2,15],[-7,0]],[[83369,29450],[29,70],[135,-21],[22,57],[200,-31],[32,89],[144,-2],[-11,49],[145,10],[11,-63],[131,28]],[[83753,32218],[-3,-4],[11,-6],[-2,-6],[-16,-3],[-19,1],[-13,7],[-17,1],[-18,-15],[-47,-18],[-6,-6],[1,-9],[-22,-12],[11,-19],[-20,-9],[5,-11],[-43,-6],[-4,-4],[-5,0],[-2,-9],[-7,-5],[-9,1],[-28,-14],[-33,-6],[-15,-8],[-16,-2],[2,-4],[-13,-1],[-4,-8],[-6,-1],[2,-19],[11,-7],[27,-8],[28,-3],[25,-10],[33,-2],[7,-19],[-6,-3],[-4,-15],[27,-23],[-12,-7],[4,-3],[-18,-17],[6,-11]],[[83545,31895],[7,-5],[5,-13],[-27,-7],[-21,1],[-31,-5],[-15,1],[-27,-6],[-8,5],[-31,-23],[-18,-27],[-34,-15]],[[83345,31801],[-26,14],[-6,19],[-8,7],[-19,5],[-23,3],[-32,-4]],[[83231,31845],[-11,7],[-1,4],[6,-3],[17,0],[6,5],[-29,25],[18,8],[1,7],[15,5],[4,-3],[29,10],[-16,11],[-4,-1],[-12,1],[-18,-7],[-18,-2]],[[83218,31912],[-7,5],[11,1],[-53,32],[-27,26],[-37,13]],[[83105,31989],[-10,9],[-14,3],[-19,-6],[-15,16],[-14,-3],[-38,9],[-60,16],[-15,11],[-28,-3]],[[82277,32615],[-46,-14],[-27,-23],[-19,-1],[-181,-63],[-14,-19],[-80,-40]],[[82277,32615],[4,-8],[40,6],[170,46],[14,0],[93,24],[10,-1],[37,16],[11,0],[17,5],[35,7],[88,30],[56,14],[35,6],[44,18],[45,3],[4,6],[17,0],[73,21],[20,1],[3,-11],[39,5],[33,7],[42,-2],[29,2]],[[83236,32810],[16,1]],[[83252,32811],[23,-48],[-6,0],[2,-6],[7,1],[20,-40],[-27,-8],[27,-32],[8,-3],[16,-2],[9,-6],[17,10],[13,-9],[17,6],[37,-45],[-43,-13],[8,-20],[18,-8],[29,-21],[16,-17],[40,9],[29,-25],[6,-1],[29,-21],[25,-10],[7,-14],[9,-7],[1,-8],[7,-1],[13,-12],[17,-42],[21,-22],[14,-6],[9,-9],[-9,-15],[4,-7],[8,3],[1,-7],[61,17],[-6,-4],[12,-4],[4,-22],[13,-27],[-10,-11],[13,-25],[-1,-13],[6,-2],[-16,-44],[3,-2]],[[84358,31785],[-20,2],[0,6],[-12,1],[-5,-1],[-28,4],[-33,11],[-10,-3],[-19,-8],[2,-8],[-9,-8],[3,-6],[-10,-11],[-7,-2],[-14,1],[-24,-10],[3,-5],[-6,-4],[2,-8],[-11,-9],[-6,1],[-6,-5],[-9,-2],[-8,-4],[-33,14],[-19,21],[-22,-1],[-50,-11],[-47,2],[-9,16],[-18,-1],[-15,3],[-59,-5],[-17,0],[-4,2],[-70,-7]],[[83768,31750],[-18,38],[-29,-7],[-19,20],[-46,78],[-44,-16],[-19,12],[-6,-1],[-26,27],[-16,-6]],[[83753,32218],[77,41],[9,9],[32,1],[8,5],[66,-34],[-1,-10],[13,-8],[13,7],[14,14],[2,0],[83,-70],[-58,-26],[29,-27],[21,-12],[2,-9],[14,-16],[-10,-3],[1,-2],[40,7],[52,23],[83,45],[68,48],[34,14],[87,-64],[43,14],[11,-4],[4,-7],[9,0],[2,-13],[14,-7],[0,-14],[-6,-8],[-24,-13],[-47,-12],[-15,-13],[-6,-12],[-13,-5],[-23,-19],[-21,-5],[-32,3],[-4,-18],[-32,-9],[4,-12],[-27,-12],[1,-10],[14,-21],[9,-23],[-10,-21],[13,4],[30,-43],[-7,-4],[25,-37],[-10,-1],[24,-44]],[[84084,30682],[90,-44],[-16,-11],[-17,-25],[9,-8],[3,-15],[13,-26],[-4,-18],[6,-14],[-3,-5],[23,-14],[12,4],[10,9],[25,-14],[41,-2],[45,-12],[-1,-4],[5,-2],[-33,-14],[7,-14],[-14,-2],[7,-10],[-24,-10],[-6,-16],[-17,-18],[0,-32],[9,-13],[15,-7],[-3,-14],[-27,-25],[-37,-13],[5,-5],[14,-3],[-1,-3],[21,-4],[19,-1],[38,4],[25,-1],[0,-14],[-32,0],[15,-6],[12,0],[-4,-14],[-68,-48],[-6,-5],[6,-3],[-3,-5],[-13,-16],[-12,3]],[[84218,30172],[-19,6]],[[84199,30178],[-16,5],[2,8],[-6,0],[-2,6],[-4,-1],[-12,21],[-5,-2],[-2,5],[-13,2],[-11,7],[-19,-1],[-14,5],[-12,-15],[-19,-9],[-12,-1],[0,-5],[-6,4],[-18,-1],[0,2],[-47,-3],[-4,5],[-5,-1],[-18,7],[-9,-16],[-6,1],[-7,-3],[10,-7],[-2,-11],[-17,-5],[3,-8],[-8,-18],[-1,-20],[-15,-2],[-10,-22],[-9,2],[-9,-22],[-5,0],[-6,-9],[-4,-16],[4,-24],[-6,-2],[-10,12],[-12,-4],[-55,-7],[11,-24]],[[83793,30011],[-26,-4],[-24,-13],[-15,11],[-7,10],[6,13],[-3,4],[-26,7],[-8,8],[-17,10],[-36,0],[-84,-6],[-49,6],[-8,-1],[-9,-6],[-2,-20],[-22,-15],[-17,-1],[-13,3],[-15,-10],[-29,-6],[-28,-3],[9,-25],[-11,-7],[-7,-28],[-30,-3],[-19,-5],[0,-7],[-56,2],[-7,-19],[-16,-1],[-109,0],[-12,-4],[-1,11],[-12,1],[4,21],[-17,12],[3,9],[-20,6],[-48,8],[-48,3]],[[82730,30080],[-149,-1],[-63,-4],[-48,0],[-36,-4],[-1,18],[8,28],[-95,40],[-48,15],[-50,21],[-94,30],[-53,21],[-6,6],[1,17],[11,15],[22,11],[25,54],[-2,22],[-25,54]],[[82127,30423],[173,44],[-1,10],[64,20],[93,36],[-16,22],[13,9],[21,6],[8,6],[47,9],[30,11],[18,4],[27,14],[34,10],[33,17],[12,3],[10,-1],[28,22],[-9,8],[0,41],[50,1],[24,-8],[-4,-17],[7,-9],[29,-18],[25,-8],[65,-11],[66,-2],[40,-6],[30,15],[-7,5],[18,24],[11,7],[4,12],[11,7],[1,17],[15,12],[23,-3],[52,2],[63,0],[39,1],[38,6]],[[83312,30741],[18,-28],[0,-7],[17,2],[41,-14],[23,-13],[-14,-10],[1,-2],[9,-5],[17,0],[6,-5],[0,-5],[24,-2],[17,8],[23,-12],[36,-2],[9,-6],[77,-15],[7,-5],[21,0],[18,-4],[11,29],[126,7],[11,16],[50,-18],[65,10],[114,11],[45,11]],[[84218,30172],[-3,-9],[-12,-9],[23,-7],[2,-11],[31,-10],[0,-3],[12,1],[16,-7],[8,-1],[-4,-2],[2,-9],[8,-7],[1,-12],[22,2],[-10,-11],[-9,-2],[-8,-9],[7,-13],[30,-8],[-11,-13],[-3,-11],[28,-7],[10,-16]],[[83369,29450],[-169,4],[2,13],[14,13],[-41,36],[-22,-21],[-22,6],[-23,-10],[-14,-21],[-67,2],[40,108],[-207,-27],[-11,44],[-112,-15],[-27,72]],[[83793,30011],[36,7],[20,-7],[46,-21],[3,2],[15,-25],[11,-1],[61,-25],[29,24],[29,-10],[13,-1],[-7,9],[17,16],[-18,5],[14,51],[12,-3],[47,49],[1,35],[34,4],[8,18],[13,13],[0,6],[22,21]],[[82686,33178],[-26,-12],[-23,-63],[-23,-11],[-12,-12],[-6,-15],[10,-7],[24,-39],[0,-87],[14,1],[3,-3],[17,-2],[50,3],[4,-5],[16,-6],[11,0],[2,4],[9,0],[22,11],[9,-34],[-3,-8],[4,-17],[28,7],[7,-30],[-1,-20],[16,-5],[128,35],[143,46],[21,-18],[-25,-7],[-11,-7],[9,-25],[13,-7],[77,12],[20,-25],[13,-7],[-3,-1],[13,-14]],[[82031,32785],[47,-38],[76,-39],[88,-53],[27,-25],[8,-15]],[[82422,33212],[-5,-8],[1,-17],[-9,-7],[-2,-17],[-42,-117],[-4,-30],[-18,-54],[-36,1],[8,-4],[-16,-2],[-19,-9],[-8,4],[-45,-21],[-23,-6],[-30,7],[-25,0],[32,-29],[-15,-6],[5,-6],[-9,-2],[14,-15],[15,-8],[-2,-4],[15,-6],[-173,-71]],[[82686,33178],[-20,29],[-7,0],[-14,19],[-27,16],[-22,-6],[-9,1],[-5,3],[-43,0],[-12,-3],[-5,3],[-10,-3],[-3,4],[-24,-2],[-44,-9],[-19,-18]],[[81984,29833],[-1,24],[8,20],[24,12],[3,6],[0,15],[-6,3],[-16,-2],[-3,13],[15,30],[28,27],[-1,6],[-33,14],[-33,8],[-33,14],[-55,15],[-13,6],[3,9],[41,45],[-33,0],[-9,13],[6,1],[3,4],[39,11],[0,22],[-9,0],[0,2],[7,27],[-6,3],[14,11],[-33,14],[-13,-4],[-7,4],[38,23],[20,2],[-1,3],[17,2],[5,9],[-4,5],[8,-1],[0,3],[12,4],[-3,-6],[9,-3],[7,7],[-5,-2],[2,9],[-14,5],[1,3],[5,-1],[-4,12],[5,0],[-2,7],[-9,10],[-7,-1],[1,6],[-19,14],[-29,38],[-8,5],[-17,-2],[-3,14],[-30,2],[-1,2],[-34,-7],[-68,-19],[-6,45],[16,5],[0,28],[-35,-8],[-18,2],[-26,-8],[-3,3],[-82,-23],[-30,-12],[-36,-9],[-19,-7],[-27,-20],[-34,-14],[-45,46],[-6,4],[-9,-4],[-4,3],[-12,18],[-26,-7],[-16,16],[30,15],[121,49],[87,30],[16,9],[44,11],[16,10],[36,15],[120,48],[21,6]],[[81816,30600],[8,-1],[18,-15],[11,-16],[-2,-4],[32,-7],[17,3],[9,-8],[14,-1],[18,-6],[2,-3],[-12,-9],[9,-1],[-1,-4],[13,-3],[4,3],[6,-3],[4,-6],[5,0],[0,-5],[14,1],[28,13],[25,2],[27,-69],[22,-36],[3,-11],[37,9]],[[86402,30407],[18,-41],[14,-20],[4,-1],[3,-20],[9,-21],[19,-33],[12,-13],[-6,-2],[5,-53],[-10,-18],[-3,-49],[-15,-60]],[[86452,30076],[-6,0],[-19,17],[-16,7],[6,4],[-3,2],[-36,7],[-21,7],[-18,2],[-9,6],[-16,3],[-3,9],[-43,10],[-9,-11],[-19,5],[-5,-9],[-8,1],[-10,-16],[0,-3],[9,-2],[-5,-7],[-23,1],[-16,-17],[-48,2],[-19,7],[-14,-12],[-5,1],[-5,-4],[4,-2],[-8,-15],[12,-3],[1,-4],[10,5],[5,-1],[-13,-15],[-27,-15],[3,-9],[9,-6],[-1,-6]],[[86086,30015],[-23,0],[-22,30],[-11,27],[-9,-12],[-14,-7],[-26,9],[-5,-2],[-1,-6],[-25,1],[-4,-19],[-7,0]],[[85816,30128],[76,10],[-15,25],[29,4],[16,6],[6,-2],[3,4],[-3,6],[6,-2],[6,-7],[19,20],[-38,62],[-120,-34],[0,17],[-20,1],[-25,5],[-6,-6],[3,-31],[-73,-22],[-15,27]],[[83768,31750],[21,-38],[-1,-19],[15,-6],[16,-20],[17,-12],[20,-32],[-51,-9],[-38,-10],[-64,-28],[9,-2],[-3,-3],[-28,-16],[-23,-7],[-17,-12],[30,-8],[-27,-17],[2,-2],[28,11],[4,-18],[18,-24],[22,-14],[32,-12],[9,2],[14,-19],[34,-11],[11,-11],[21,-13],[38,11],[22,-2],[50,-10],[20,-13],[27,-4],[58,-18],[-4,-10],[9,-5],[4,-7],[16,-8],[2,-6],[21,-8],[31,-18],[10,-1],[6,-8],[19,-10],[15,-1],[17,-7],[31,-2],[42,13],[23,-4],[12,6],[32,7],[-1,-3],[8,-3],[-6,-6],[4,0],[0,-7],[8,-3],[-5,-10],[8,-5],[-11,-2],[-7,-7],[-7,0],[2,-4],[-25,-8],[0,-7],[-17,-15],[6,-6],[26,-14],[11,5],[10,10],[16,9],[11,-7],[-4,-5],[3,-16],[80,-14],[16,-7],[1,-5],[28,-23],[8,-43],[22,-3],[4,-4],[11,1],[-8,-22],[-9,-5],[-2,-17],[20,3],[63,-9],[29,11],[5,-1],[11,-8],[13,7],[5,-8],[10,4],[21,-29],[-2,-6]],[[84546,30847],[-24,-12],[-10,0],[-34,-15],[-27,-20],[-39,-19],[-18,-7],[-25,-3],[-30,-2],[-51,24],[-24,4],[-80,0],[-49,4],[-9,-14],[-16,-14],[-5,-46],[-5,-10],[-13,-6],[4,-7],[-7,-22]],[[83312,30741],[-30,72],[-2,17],[-30,78],[-5,1],[2,17],[-24,23],[-8,15],[-82,-7],[-82,-18],[-30,2],[-71,-9],[-98,-7],[-19,2],[-99,22],[-36,6],[-57,38],[-25,22],[-20,9],[-40,8],[-13,8],[-24,34],[13,74],[-7,46],[-21,15],[-32,12],[-47,28],[-33,14],[-31,21],[-55,48],[-85,44],[-49,35],[-80,40],[-64,52],[-9,12],[-5,16],[-2,88],[-17,28],[-5,23]],[[82827,31813],[5,-5],[-16,-6],[7,-7],[-19,-7],[-5,-8],[3,-12],[-6,-2],[13,-27],[8,-1],[18,2],[49,-9],[68,12],[22,-28],[53,-42],[68,-8],[20,-6],[37,-1],[23,8],[25,15],[67,27]],[[83267,31708],[41,19],[-7,12],[10,11],[-2,6],[14,3],[-4,7],[26,35]],[[85767,31416],[-7,0],[-12,-3],[-11,23],[-19,-1],[-2,-4],[-6,0],[0,-16],[-23,2],[-11,-17],[39,-9],[-4,-12],[-33,-21],[-154,-53],[-4,3],[-23,-8],[4,-5],[-121,-38]],[[85235,31328],[14,15],[22,46],[-32,42],[-13,14],[-186,133],[85,29],[77,43],[76,51],[94,73],[-19,7],[-2,5],[8,2],[3,7],[-13,3],[-3,5],[-12,3],[2,5],[-16,12],[0,8],[-13,13],[-15,7],[12,19],[23,2],[100,32]],[[85427,31904],[57,-95],[102,-148],[13,-17],[11,-4],[-4,0],[29,-42],[14,-13],[16,-27],[11,-12],[19,-10],[72,-120]],[[85253,32172],[-97,-9],[-67,-16],[-21,-9],[-15,-12],[-2,-7],[22,-10],[-9,-10],[2,-8],[-11,-6],[-7,-11],[5,-15],[-7,-9],[-13,-4],[-11,0],[-9,-19],[3,-5],[15,-8],[-6,-21],[-20,-13],[-36,-6],[-26,10],[-22,-1],[-9,-4],[-9,-8],[1,-8],[-15,-6],[-15,-12],[1,-15],[-12,-12],[-13,-3],[-44,0],[-35,-5],[-22,0],[-46,9],[-26,-8],[-24,-12],[-18,-4],[-14,-8],[-17,-3],[-22,-8],[-11,2],[-27,-7],[-47,-2],[-22,-6],[-10,-5],[-10,1],[-13,-4],[-8,-1],[-7,4],[-8,-3],[-2,-5],[4,-8],[-5,-3],[-3,-10],[-18,-3],[-5,-3],[9,-7],[-12,-9],[11,-6],[0,-6],[-14,-5],[-9,0],[-3,-3],[-14,-2]],[[83252,32811],[27,3],[42,11],[59,30],[125,31],[39,7],[1,7],[19,-2],[10,11],[22,0],[-3,5],[7,8],[22,3],[273,114]],[[83895,33039],[1,0]],[[83896,33039],[4,2]],[[83900,33041],[15,-2],[14,-4],[-3,-21],[23,4],[7,-2],[3,-5],[3,5],[2,-7],[6,2],[-4,-9],[-14,-1],[15,-1],[3,5],[30,-5],[5,10],[15,4],[1,-4],[18,0],[4,-15],[-8,-3],[-5,-8],[0,4],[-10,3],[-2,-5],[-14,-3],[10,-2],[-23,-6],[21,4],[4,4],[-9,1],[11,1],[3,6],[7,-4],[-7,-6],[-1,-5],[-16,-6],[1,0],[17,6],[1,4],[9,2],[3,8],[9,2],[1,-6],[8,-6],[-14,-8],[14,6],[11,-10],[-7,-7],[7,4],[5,-2],[-14,20],[-8,4],[7,1],[19,-30],[3,-8],[-42,-30],[23,14],[-13,-10],[1,-2],[32,26],[0,9],[4,-8],[-4,-4],[-2,-8],[8,12],[-4,9],[13,-7],[12,-3],[-6,-4],[10,3],[8,-11],[17,-5],[14,-12],[2,0],[-14,13],[-17,5],[-12,13],[-17,5],[-9,7],[-1,9],[14,-8],[-2,4],[-13,6],[-1,-1],[-12,8],[-1,6],[81,-33],[1,-10],[1,8],[18,-4],[66,-36],[-48,27],[2,2],[-19,7],[-20,6],[-81,34],[-9,9],[0,3],[9,-7],[8,-1],[0,-5],[7,2],[12,-10],[8,1],[21,-7],[-22,8],[-6,-1],[-13,10],[-5,-2],[0,4],[-9,2],[-13,9],[-1,6],[12,5],[7,-8],[19,-8],[10,-16],[-2,9],[-6,7],[16,-3],[6,-6],[1,6],[-18,3],[-25,10],[-6,10],[26,-2],[2,3],[40,-17],[-19,11],[30,-4],[5,2],[-4,4],[-18,0],[1,2],[13,1],[-7,1],[4,3],[-31,26],[-4,29],[-5,6],[-14,8],[1,10],[-5,1],[5,4],[22,1],[22,-4],[-3,-2],[20,-8],[2,-7],[13,-14],[-6,19],[13,-3],[-1,3],[10,-1],[52,-15],[1,-4],[5,1],[41,-11],[20,-9],[-3,6],[13,-4],[3,-14],[6,-3],[-6,-1],[0,-5],[-49,-4],[-5,-2],[1,-7],[9,-6],[34,-11],[39,-33],[-2,-5],[11,-9],[0,-7],[15,-10],[-11,-6],[10,1],[-7,-6],[3,-3],[18,0],[4,-1],[14,6],[16,-9],[9,-1],[4,3],[-1,5],[8,-7],[11,9],[-7,3],[10,4],[1,11],[-13,38],[-25,16],[0,5],[-3,-2],[-6,11],[19,-1],[3,-4],[4,2],[2,-7],[5,4],[22,-7],[-11,10],[44,-22],[9,-7],[-6,-3],[9,2],[64,-46],[37,-29],[-1,-4],[6,-1],[24,-21],[47,-31],[59,-52],[-1,-4],[-6,1],[-19,11],[-54,17],[9,-4],[7,-10],[-2,-8],[4,-8],[21,-20],[8,-27],[14,-28],[29,-30],[4,-27],[13,-11],[12,-19],[16,-13],[0,-71],[11,-7],[34,0],[23,-5],[23,-12],[13,-14],[0,-11],[-9,-1],[-6,3],[-3,6],[9,3],[-3,1],[-15,-3],[10,-7],[-14,1],[-4,4],[-3,-2],[5,-3],[-14,2],[5,-2],[-10,-3],[2,-1],[9,4],[19,0],[10,-4],[-21,1],[-19,-8],[6,0],[-48,-27],[-13,1],[-36,26],[15,-12],[24,-16],[11,1],[11,5],[39,22],[-4,-4],[15,11],[20,-2],[-7,-5],[-19,-8],[12,3],[9,6],[-4,-9],[11,13],[9,0],[-1,-2],[11,0],[3,-6],[-8,1],[-9,-3],[20,1],[7,-4],[-15,1],[3,-2],[-7,-2],[-11,2],[-15,-3],[-3,-3],[14,5],[3,-1],[16,0],[-31,-12],[29,9],[9,6],[11,-2],[6,-9],[-2,-7],[11,-3],[-12,-1],[9,-2],[1,-8],[-16,1],[-14,5],[-25,-5],[28,4],[10,-4],[-6,1],[-11,-6],[13,4],[-10,-5],[2,-2],[9,7],[24,-1],[-6,-8],[4,-4],[6,-1],[-6,-10],[-25,6],[23,-6],[0,-2],[10,12],[3,-12],[-6,-2],[7,-3],[0,13],[-4,6],[4,0],[17,-8],[-10,-8],[3,-7],[-2,-8],[-10,-5],[-4,-4],[12,8],[4,-3],[2,10],[9,-10],[-12,18],[8,2],[22,-4],[43,-40],[5,-11],[-1,-28],[8,-13],[18,-9],[36,-7],[-182,8],[-24,-2],[13,0],[-14,-7],[21,7],[-12,-6],[19,6],[31,-2],[-20,-15],[3,-1],[14,12],[11,4],[78,-4],[-3,-5],[7,5],[32,-3],[-4,-3],[19,2],[30,-3],[-3,-3],[-16,0],[-14,-5],[-10,-1],[-8,5],[-3,-7],[-34,-1],[20,-1],[16,1],[1,6],[7,-4],[0,-10],[-24,-24],[16,13],[-4,-12],[16,24],[-3,7],[34,7],[-17,-17],[10,-21],[3,-8],[-15,0],[-5,-19],[6,19],[12,-2],[0,-7],[4,9],[16,-8],[8,-14],[-6,14],[-10,9],[-8,2],[6,8],[-2,3],[-3,-5],[-6,3],[-5,18],[4,7],[12,7],[17,1],[3,-4],[-11,-1],[-14,-13],[11,5],[5,-2],[-9,-7],[12,2],[-17,-9],[10,-1],[2,-9],[9,-4],[-2,-1],[12,-3],[22,-12],[24,-6],[19,-10],[4,2],[-7,7],[-20,13],[-11,1],[1,6],[10,1],[36,-21],[4,2],[22,-15],[18,-8],[5,-4],[-8,-1],[12,-8],[-8,-5],[-43,20],[24,-24],[8,-13],[0,4],[6,-5]],[[83105,31989],[-35,-10],[20,-52],[9,-14]],[[83099,31913],[-24,-10],[-7,0],[-63,-23],[-14,-3],[-58,-26],[-34,-9]],[[83129,31885],[12,-10],[8,3],[17,-12],[4,1],[7,-5],[10,-15],[-11,-5],[5,-4]],[[83181,31838],[-13,-4],[9,-9],[-19,-6],[-20,18],[-23,-7],[4,-4],[-4,-1],[11,-14],[-37,-10]],[[83089,31801],[-36,17],[-15,3],[-24,-1],[-11,19],[-9,6],[-16,-1],[-25,-10],[-34,-1],[-12,3]],[[83099,31913],[24,-16],[6,-12]],[[81737,29857],[-34,0],[-5,9],[-18,10],[-5,7],[-12,-1],[-3,13],[5,0],[9,7],[-3,4],[12,26],[15,5],[11,-4],[15,1],[12,5],[7,12],[-7,3],[-59,5],[-75,1],[-63,6],[-10,6],[-41,0],[-31,16],[-43,-15],[-31,0],[-91,-52],[-15,-15],[-12,-6],[-10,-8],[-20,-6],[-8,2],[-51,34],[185,79],[-17,13],[-18,6],[-180,32],[-56,29],[-16,4],[-20,0],[-12,9],[-11,2],[-11,-1],[-11,-10],[-7,-19],[-19,-28],[-38,-27],[-248,-152]],[[80697,29859],[-51,38],[-8,26],[-8,7]],[[80630,29930],[-25,5],[-16,9],[-23,5],[-11,18],[-30,17],[-5,22],[-22,16],[-14,22],[-12,8],[-41,12],[-10,24],[-6,4],[-24,12],[-12,-7],[-13,-3],[-19,17],[3,10],[-20,4],[-4,6],[-42,12]],[[80375,30783],[77,37],[29,-9],[16,-1],[33,-8],[31,9],[23,19],[22,6],[26,16],[19,7],[36,19],[76,27],[131,54],[23,5],[8,6],[-3,8],[104,17],[38,8],[14,13],[5,18]],[[81083,31034],[15,4],[9,12],[36,9],[69,7],[136,23],[37,-12],[48,-5],[128,-24],[84,-12],[28,-8],[13,-6],[0,-5],[-4,1],[-3,-4],[-8,-3],[-3,2],[-9,-5],[-5,4],[-12,0],[-11,-12],[-46,-21],[26,-55],[-28,-21],[-9,-29],[5,-3],[-4,-3],[19,-46],[19,-1],[19,-11],[-4,-16],[-8,-1],[3,-9],[18,-21],[-6,-5],[11,2],[3,-6],[-8,-1],[8,-2],[-3,-6],[8,-3],[16,7],[10,0],[70,-49],[4,-3],[-12,-9],[12,-9],[22,-9],[8,-8],[2,-10],[-30,-7],[18,-14],[34,6],[5,-25],[11,-12],[-8,0]],[[86086,30015],[9,-8],[91,5],[77,-1],[4,2],[69,-38],[7,-12],[-24,-5],[-13,4],[-6,-7],[-36,-51],[0,-3],[10,-2],[-5,-7],[5,-2],[-8,-9],[3,-1],[-28,-21]],[[86241,29859],[-94,22],[-11,9],[-4,17],[-8,-1],[-13,-9],[-44,-35],[-24,0]],[[83218,31912],[-43,-7],[-19,-12],[-27,-8]],[[83089,31801],[34,-22],[17,-7],[8,-16],[20,-1],[16,-10],[5,2],[78,-39]],[[83181,31838],[9,-10],[5,2],[-4,5],[17,2],[-5,-13],[10,-4],[10,1],[8,24]],[[86241,29859],[139,-28],[43,-4]],[[86423,29827],[-1,-63],[-10,-21],[-4,-43],[-6,-29],[-5,-7],[1,-23],[10,-31]],[[85767,31416],[0,-6],[38,-54],[38,-65],[46,-51],[58,-51]],[[81083,31034],[-35,4],[-2,30],[12,6],[11,14],[-21,18],[1,8],[-216,23],[0,5],[46,6],[36,15],[24,22],[3,10],[21,-2],[17,21],[33,29],[6,-1]],[[83900,33041],[0,0]],[[83408,33243],[-13,-4],[10,1],[-2,-4],[-8,-5],[-28,-13],[-4,5],[4,8],[17,5],[-2,5],[12,8],[8,0],[6,-6]],[[83235,33291],[-49,-19],[-9,-9],[4,-3],[-24,-10],[-18,-2],[-21,-10],[-123,-26],[-59,-2],[-10,-11],[-27,-3],[-21,27],[-28,-4],[-14,-8],[-8,4],[-25,-1],[-12,3],[-40,-8],[-4,-3],[1,-7],[-22,-11],[-24,-2],[-16,-8]],[[83235,33291],[16,-19],[8,-4],[14,2],[15,8],[7,-4],[-10,-4],[21,3],[10,0],[3,-6],[-4,0],[0,5],[-16,-14],[13,8],[9,0],[2,4],[14,-4],[3,-4],[-13,-15],[-21,-4],[24,3],[13,17],[5,3],[28,-4],[-28,-8],[25,5],[-8,-12],[4,1],[8,12],[4,-5],[0,6],[7,-1],[10,-8],[-17,-6],[8,0],[-7,-4],[-20,-3],[-4,-5],[10,5],[13,1],[0,-4],[-15,-5],[-4,-7],[-18,-1],[-26,8],[-1,-1],[26,-9],[18,2],[7,-7],[9,4],[1,-4],[-19,-8],[-26,-2],[-19,1],[11,-2],[12,-1],[11,2],[4,-9],[-2,8],[13,3],[10,3],[8,6],[-1,5],[7,3],[7,-9],[-11,-4],[3,-7],[2,6],[7,5],[-5,10],[15,8],[-3,-5],[5,-4],[-7,-4],[-1,-15],[-9,-14],[10,14],[1,14],[7,4],[12,-12],[-5,-9],[-8,1],[0,-5],[9,3],[6,9],[21,-10],[-7,-4],[-6,-1],[-5,-4],[8,-12],[-1,-11],[5,-12],[12,-3],[-13,5],[-3,10],[0,8],[4,3],[-10,11],[6,5],[5,-1],[8,6],[24,-10],[-39,17],[-15,11],[-7,12],[6,14],[-3,11],[5,-7],[-3,-21],[8,-12],[68,-30],[-6,-4],[-25,2],[-20,-5],[17,-24],[-3,-9],[4,-14],[3,23],[-17,22],[18,4],[25,-1],[7,4],[0,5],[4,-2],[-3,-9],[-18,0],[-14,-7],[16,7],[18,-1],[4,10],[17,-4],[17,-1],[-24,4],[4,1],[61,-2],[11,-4],[27,1],[40,-10],[-36,10],[-33,0],[-1,2],[24,9],[-25,-8],[-17,1],[-13,5],[-6,-1],[-2,2],[7,5],[-12,-5],[-15,6],[-7,-1],[-3,5],[-13,-2],[-14,0],[1,2],[-16,1],[-6,3],[2,3],[-10,0],[14,7],[-15,-5],[-8,3],[-3,15],[-7,4],[37,-2],[-41,3],[15,2],[1,6],[-8,3],[2,3],[-10,15],[-19,13],[-72,34],[-22,17],[2,2],[83,-24],[46,-21],[38,-13],[5,-6],[6,2],[81,-28],[15,-3],[7,2],[48,-6],[71,-3],[2,-3],[36,-3],[7,-7],[-4,-5],[6,-2],[-24,0],[-2,-12],[22,-8],[22,-3],[12,-7],[19,0],[11,3],[-1,7],[14,11],[-15,10],[-18,7],[2,4],[34,-5],[52,-14],[16,-7],[14,-11],[7,-16],[0,-13],[-13,-4],[3,5],[-6,9],[-8,-2],[-6,11],[-14,4],[-9,-3],[-4,-20],[-17,6],[-11,-8],[13,-31],[3,-25],[-2,-4],[-6,-1],[16,-10],[3,2],[13,-6],[9,-10],[-9,5],[-7,-14],[0,-7],[13,-1],[-3,-7],[-9,0],[4,-4],[6,-1]],[[85578,29091],[8,1],[3,-6]],[[85590,29086],[-2,6],[9,0],[11,3],[23,0],[13,-4],[3,-7],[-22,-14]],[[86307,29371],[-15,-44],[-11,-18],[-8,-9],[-14,0],[-14,10],[8,5],[-12,12],[-4,8],[-11,1],[-8,5],[31,8],[24,11],[-25,-10],[-35,-10],[-4,2],[-10,-8],[-24,7],[7,5],[1,19],[-4,-6],[2,-4],[-3,-11],[-19,1],[1,-4],[-13,4],[-14,1],[-9,6],[7,2],[8,7],[7,-2],[-2,-5],[4,-1],[-1,8],[-11,0],[-9,-8],[-9,2],[-14,12],[39,12],[2,3],[-7,24]],[[86092,29435],[0,0]],[[86080,29446],[0,0]],[[86031,29472],[0,0]],[[86014,29513],[2,-1]],[[86018,29508],[10,-15],[-3,-9],[6,-14],[25,-14],[5,-1]],[[86080,29447],[1,-7],[7,-5],[9,0],[7,2]],[[86115,29439],[4,0]],[[86121,29439],[11,-9],[4,-30],[6,-18],[-3,-3],[-33,-8],[-4,-5],[13,-12],[17,-10],[-4,-4],[-12,-1],[-33,8],[6,8],[-8,7],[-26,9],[9,-5],[15,-4],[8,-6],[-7,-9],[-19,-2],[-20,2],[-30,-2],[-15,-3],[-33,3],[-11,-2],[-63,-30],[34,15],[-1,-2],[29,16],[11,2],[32,-3],[17,3],[30,2],[17,-2],[23,2],[26,-7],[3,-4],[-10,-7],[-2,-9],[-14,-2],[-17,3],[-24,4],[40,-9],[-16,-3],[-11,-6],[-7,1],[4,-3],[-13,-2],[-13,-9],[-14,-4],[-9,1],[-2,2],[-19,9],[25,-13],[-11,-2],[-11,1],[8,-4],[-3,-7],[-14,-3],[-2,-3],[-33,-11],[-24,-13],[0,-3],[-8,0],[-1,-3],[-18,5],[-9,-1],[-17,-4],[26,4],[10,-8],[-9,-8],[-17,-7],[-21,-5],[-7,1],[0,6],[-4,-11],[-6,10],[4,-11],[-5,-10],[-15,6],[-3,9],[-16,5],[-3,9],[7,5],[1,6],[-26,1],[27,-2],[-10,-10],[2,-9],[17,-5],[1,-6],[4,-5],[-28,3],[32,-5],[1,-10],[-24,11],[-24,5],[-3,4],[-5,-2],[32,-8],[18,-10],[-13,4],[-16,1],[-14,7],[9,-6],[6,-2],[16,-1],[8,-4],[-3,-5],[-70,-32],[-6,0],[-3,4],[-4,-6],[-9,-8],[2,10],[-3,2],[0,-13],[-8,-3],[-5,2],[-10,13],[12,-17],[-7,-3],[-8,0],[-3,16],[3,-19],[-6,-5],[-9,-3],[-4,2],[5,14],[-5,-5],[-2,-9],[2,-5],[-15,0],[-22,1],[10,15],[0,8],[-18,-3],[0,-2],[17,3],[0,-6],[-3,-6],[-8,-9],[3,-2],[17,0],[21,-2],[1,-3],[-13,0],[-4,-3],[5,-9],[-22,-8],[-8,-1],[-6,7],[-9,6],[-10,0],[-1,-2],[12,1],[5,-4],[5,-6],[-31,-2],[-11,-2],[-11,4],[5,-4],[-8,-1]],[[86452,30076],[-5,-17],[4,-10],[-6,-8],[-2,-10],[3,-7],[-3,-1],[-5,-30],[2,-43],[-4,-2],[0,23],[-4,-1],[2,-10],[-5,-4],[2,-8],[-10,-33],[2,-20],[-5,-26],[5,-42]],[[85253,32172],[22,-16],[-3,15],[6,-6],[0,6],[4,-2],[0,5],[4,0],[28,-48],[-8,-4],[-10,0],[-12,12],[-26,6],[-6,-3],[4,-27],[13,-2],[28,-23],[31,-14],[9,-43],[63,-82],[27,-42]],[[80891,29593],[0,10],[12,17],[-7,25],[-71,62],[-11,6],[-26,7],[-12,8],[-13,44],[-66,87]],[[75693,29024],[-42,-36],[-39,-20],[-19,-5],[-2,-5],[-13,-7],[-21,1],[-41,-21],[-106,-30],[-47,27],[-9,24],[-18,6],[15,25],[-23,29],[-2,21]],[[75326,29033],[3,5]],[[75329,29038],[76,-2]],[[75405,29036],[-1,-5],[127,-3],[-12,20],[30,0],[10,-3],[-8,-1],[15,-29],[27,3],[59,-2],[33,9],[8,-1]],[[73420,29765],[1,-12],[-9,-18],[-18,-11],[-44,-17],[-18,-15],[-22,-29],[-40,-1],[-17,-25],[9,-12]],[[73262,29625],[-45,1],[-44,5],[-75,-16],[-83,2],[-149,-13]],[[72866,29604],[46,53],[12,-1],[29,42],[34,28],[6,10],[-4,3],[45,21],[37,28],[-2,14],[-32,0],[1,6],[5,-1],[0,5],[7,0],[3,-9],[4,2],[-3,15],[32,0],[20,15],[46,23],[24,19],[62,28],[30,1],[-2,-50],[-12,-26],[-28,-35],[-6,-34],[40,-6],[42,2],[13,24],[14,-1],[36,-11],[55,-4]],[[74040,30472],[7,-31],[-12,-28],[-9,-7],[15,-17],[-21,-7],[-18,-16],[-34,-4],[-40,-10],[-21,-13],[-11,3],[2,-8],[-35,-6],[-45,8],[-11,-8]],[[73807,30328],[-31,21],[-35,8],[-29,-13],[-95,-23]],[[73617,30321],[-3,2],[-22,4],[-14,9],[-9,37],[-32,6],[-56,-6],[40,30],[-2,3],[9,7],[-55,13],[7,6],[15,-3],[5,2],[-12,14],[17,1],[-1,5],[-9,-1],[-1,3],[-10,-4],[-7,9],[-42,7],[-8,13],[-7,39],[-1,39],[6,41],[-19,25],[-7,37],[-43,-2],[1,7],[-16,3],[-10,7],[8,3],[-7,3],[7,6],[-10,10],[-2,9],[11,2],[1,3]],[[75598,29299],[-1,-6],[24,-22]],[[75621,29271],[-41,-14],[-79,-42],[-12,-2],[-5,5],[-3,-3],[-16,1],[0,-10],[-57,1],[-4,-4],[-12,-1],[-12,-19],[-35,10],[11,30],[-10,5]],[[75346,29228],[-62,14],[6,7],[17,6],[27,26],[7,38],[-4,3],[-16,1],[-4,8]],[[75317,29331],[13,37],[11,20],[52,46]],[[75393,29434],[37,-15],[-11,-15],[23,-4],[2,3],[31,-2],[0,-8],[32,-21],[-3,-3],[18,-20],[31,-18],[-4,-3],[21,-4],[-1,-12],[16,-3],[-3,-7],[16,-3]],[[76665,30692],[-5,-8],[-1,-21],[7,-11],[-1,-17],[-23,-21],[-1,-10],[-11,-7],[0,-7],[-11,-4],[3,-6],[-4,-13],[-15,-14],[-1,-6],[-16,-11],[-2,-20],[-12,-19],[3,-6],[-103,18],[-2,3],[-103,3],[-103,-73],[-7,1],[-55,-43],[-53,16],[-21,1],[2,3],[-14,3],[-7,-4],[-59,10],[-114,-112],[-109,-94],[-80,1],[-4,-23],[-15,-38],[114,-4],[139,-16],[72,7],[5,-17],[37,2],[74,-11],[-4,-2],[-1,-19],[26,-41]],[[76190,30062],[-69,-139],[10,-29],[1,-20],[8,-14],[2,-36],[22,-20],[15,-28],[17,-19]],[[76196,29757],[-34,-10],[-49,-22],[-39,-27],[-41,-24],[3,-10],[9,-3],[0,-21],[28,-7],[9,-11],[62,-11],[22,-12],[16,-1],[1,-29],[-16,-53],[-27,-56],[-41,-32],[-40,-26],[6,-16],[45,-32]],[[76110,29354],[-106,-44],[-136,62],[-134,8],[-74,-17],[-20,-7],[-10,0],[-8,-28],[-8,-3],[-16,-26]],[[75393,29434],[56,47],[1,13],[-10,10],[-17,6],[-23,2],[-43,0],[-14,4],[-5,7],[2,9],[23,34],[3,10],[-13,12],[-44,17],[-7,12],[2,13],[5,9],[23,18],[20,58],[12,12],[29,-5],[29,1],[15,20],[17,1],[9,5],[10,14],[1,39],[-8,2],[4,12],[-3,16],[-25,33],[-30,18],[-4,11],[15,12],[39,9],[28,12],[18,14],[4,13],[-2,8],[-8,5],[-30,5],[-16,-3],[-54,-19],[-15,-2],[-9,6],[2,21]],[[75380,29975],[26,39],[-5,10],[-24,19],[1,9],[6,6],[29,9],[22,1],[25,-3],[7,-3],[16,-20],[14,-5],[19,5],[16,10],[-1,9],[-16,15],[1,14],[10,21]],[[75526,30111],[7,5],[-2,8],[-18,16],[-14,3],[-46,3],[-16,8],[-3,6],[3,3],[26,5]],[[75463,30168],[1,-5],[15,0],[10,3],[6,7],[-1,8],[5,9],[14,11],[20,-5],[10,6],[16,-1],[36,7],[8,9],[0,8],[-10,6],[-6,11],[-19,7]],[[75568,30249],[9,2],[-7,3],[-5,18],[6,19],[40,36],[-2,10],[-26,19],[-3,10],[6,7],[29,14],[8,7],[0,9],[-17,13],[-13,28],[29,20],[1,5],[-17,12],[-1,8],[2,12],[4,-1],[-56,47],[-7,17],[3,17],[14,28],[34,38],[-4,19],[9,19],[-9,35],[0,14],[14,23]],[[75326,29033],[-3,-2],[-13,2],[-21,-4],[-5,4],[-38,4],[-3,-2],[-55,4],[-3,5],[-48,0],[-4,1],[-52,-1],[0,7],[-19,8],[5,5],[15,4],[10,5],[1,4],[-7,3]],[[75086,29080],[32,29],[5,2],[9,-3],[8,3],[7,8],[4,16],[7,4],[-1,8],[17,-2],[17,15],[12,3],[8,-4],[-7,-9],[18,-5],[11,7],[4,-2],[52,39]],[[75289,29189],[12,-10],[18,-7],[-2,-9],[4,-1],[-7,-4],[-12,-24],[-7,-3],[31,-12],[9,0],[10,-21],[0,-15],[-16,-45]],[[72974,29284],[12,0],[3,3],[25,8],[23,-2],[15,-17],[22,0],[11,-4],[12,-33],[24,-34],[1,-8],[12,-8],[30,-8],[-1,-5],[8,-4],[-6,-10],[10,-16],[39,-9],[10,-5],[-1,-5],[-20,-6],[-4,-16],[21,-15],[13,2],[13,-16],[4,1],[9,-28],[35,2],[66,-19],[41,0],[39,-7],[20,-14],[9,-15],[9,-7],[13,-7],[19,-1],[35,-8],[20,-19],[1,-6],[22,-15],[13,2],[7,-3],[53,14],[68,8],[52,30],[17,9],[16,3],[6,-18]],[[73820,28978],[8,-18],[10,-11],[1,-14],[17,-10],[3,-8],[-8,-19],[4,-15],[8,-10],[29,-18],[99,-47],[30,-17],[0,-3],[101,-48],[15,1],[27,-12]],[[74164,28729],[-21,-28],[-85,-61],[-62,-26],[-51,-8],[-22,-6],[-26,-12],[-25,-22],[-33,-18],[-54,-66],[-38,-60],[-14,-12],[-39,-22],[-19,-6],[-32,0],[-59,6]],[[73584,28388],[-45,2],[-31,-2]],[[73508,28388],[-10,5],[23,10],[6,7],[-3,10],[-54,24],[-48,15],[-2,3],[-119,44],[11,10],[50,24],[35,-18],[66,38],[11,-7],[5,1],[6,-12],[6,22],[-6,8],[86,51],[-28,6],[-5,5],[13,11],[16,4],[-8,4],[2,4],[-9,7],[1,-5],[-8,1],[-7,-6],[-9,2],[-13,-14],[-5,1],[-24,-11],[-17,9],[-11,0],[2,21],[6,1],[2,6],[5,2],[-10,2],[-9,-3],[-6,2],[-10,-2],[-9,3],[-8,-2],[-10,7],[-2,9],[4,1],[-34,10],[-2,3],[-6,-6],[-9,7],[-9,-2],[-1,4],[-4,-4],[-6,0],[3,-4],[-5,-2],[-18,5],[6,4],[-5,1],[1,5],[-12,0],[7,-3],[-9,-3],[-5,7],[-6,-3],[-16,6],[-13,-2],[-9,2],[-5,12],[6,3],[-5,3],[-24,-2],[-3,-3],[-6,4],[-3,-3],[-11,4],[0,3],[-9,-1],[-4,-3],[-6,1],[-2,4],[-4,-3],[-9,1]],[[72603,29222],[6,4]],[[72609,29226],[128,54],[26,27],[26,33],[80,-29],[9,0],[11,-18],[8,-3],[2,-9],[25,3],[3,-6],[47,6]],[[73143,30188],[-7,-1],[-3,-6],[-25,1],[-15,-3],[-8,-12],[-16,-3],[-125,-46],[-92,-53],[-25,-7],[-65,-28],[-50,-30],[-20,-24],[-8,-22],[-80,-16],[-79,-20],[-129,-11]],[[72396,29907],[-55,3],[-20,6]],[[72321,29916],[-30,14],[-40,13],[-24,20],[-29,31],[-7,-1],[-132,58]],[[72059,30051],[-52,26],[-4,6]],[[72003,30083],[-9,23],[48,44],[58,45],[18,18],[12,7],[26,8]],[[72156,30228],[80,9],[-1,4],[29,10],[46,9],[42,22],[22,17]],[[72374,30299],[88,113]],[[72462,30412],[86,16],[29,1],[21,-1],[96,-16],[79,5],[70,-5],[66,4],[98,48],[228,-20],[-7,-33],[-23,-39],[-8,-30],[-69,23],[-18,-44],[53,6],[11,-7],[26,-7],[-17,-5],[-10,-14],[-29,-25],[1,-12],[-7,-19],[16,-25],[-11,-12],[0,-13]],[[73262,29625],[22,-7],[91,-18],[22,-9],[36,-1],[8,-16],[52,1],[16,-29],[-14,-13],[-2,-6],[-18,-14],[-8,-12],[-20,5],[-11,-1],[-25,2],[4,-27],[-36,-37],[-15,-11],[-28,-8],[-51,-1],[-61,-14],[-14,-23],[-31,16],[-39,-27],[23,-4],[2,-6],[-9,-12],[39,-14],[-5,-4],[0,-10],[-22,8],[-27,-5],[3,-13],[-35,1],[7,-24],[-53,-2],[-14,7],[-13,-4],[-17,15],[-26,-14],[-23,-5],[4,-5]],[[72609,29226],[0,28],[39,23],[15,31],[-3,86],[-44,-2],[-108,137],[-26,9],[37,24],[4,8]],[[72523,29570],[3,5],[189,-21],[67,-5],[57,20],[0,12],[27,23]],[[73508,28388],[-23,-3],[-65,1],[-25,-6]],[[75317,29331],[-60,10],[-61,17]],[[75196,29358],[-148,50],[-12,14],[-10,-2],[-39,13],[-32,5],[-3,-2],[-16,3],[-14,0],[-32,9],[-7,6],[-23,10],[-17,-1],[-17,5],[-5,-4],[-42,17],[-14,-12],[-24,4],[-7,-5],[-24,6],[-76,9],[-54,14],[-22,1],[-4,-7],[-22,2],[-86,18],[-18,6],[2,6],[-15,4],[6,28],[-43,3],[-16,-7],[-9,3]],[[74353,29554],[-26,12],[20,18],[11,17],[-10,7],[-26,-1],[-27,6],[-3,-4],[-47,12],[-5,9],[-11,6],[1,8],[-24,10],[16,15]],[[74222,29669],[12,17],[25,6],[16,36],[-3,1],[3,9],[-10,-1],[-4,3],[-13,0],[-24,10],[-22,3],[-3,3],[18,12],[7,9],[-6,27],[5,18],[13,10],[-19,17],[1,30],[6,20],[8,12],[31,-8],[49,-4],[-8,47],[5,29],[25,-1],[49,28],[21,4],[44,-4],[27,-9],[11,-1],[9,-6],[24,-5],[27,6],[30,-7],[16,0],[15,-9],[42,-15],[16,0],[45,-9],[23,6],[10,8],[23,5],[14,7],[43,-5],[22,4],[25,-1],[2,34],[29,2],[9,8],[30,-3],[0,-7],[5,-1],[51,-4],[21,1],[49,10],[2,-12],[31,-1],[89,-14],[46,-2],[1,-2],[67,-11],[9,-10],[7,-1],[14,-9],[-1,7],[5,1],[-1,17],[45,1]],[[73617,30321],[-60,-10],[-30,-17],[-91,-33],[-13,-9],[-16,-21],[-25,-12],[-52,-18],[-42,-9],[-29,12],[-20,-6],[-27,-12],[-15,-3],[0,8],[-16,-2],[-1,-5],[-34,-3],[-3,7]],[[72462,30412],[-8,13],[5,1],[6,23],[3,35],[-3,22],[10,4],[53,-1],[17,68],[8,14],[-3,28],[-5,8],[-26,0],[0,14],[-9,0],[-3,6],[-17,2],[-8,6],[-11,0]],[[73807,30328],[-10,-7],[-6,1],[-8,-10],[18,-11],[39,-12],[-48,-16],[-9,0],[-34,-15],[-11,-1],[3,-8],[-16,-31],[-24,-22],[-15,-20],[-4,-3],[-6,1],[-21,-33],[-13,-36],[-47,5],[-9,7],[-12,0],[-13,3],[1,3],[-8,0],[-1,-7],[18,-5],[23,-13],[94,-31],[-2,-3],[49,-14],[10,4],[26,-1],[28,-17],[11,-1],[17,-6],[6,4],[13,-2],[17,9],[12,-4],[-5,-9],[-8,-2],[-10,-9],[-11,0],[-19,-10],[-16,-14],[-11,-18],[-4,0],[-7,-6],[-7,-12],[25,-7],[29,-1],[32,-10],[51,-34],[-6,-3],[2,-5],[-22,-28],[-6,-15],[-75,-39],[0,-12],[-10,-26]],[[73797,29776],[-67,12],[-7,-6],[-64,-29],[-24,-19],[-3,-6],[-25,7],[-5,-14],[-21,7],[-15,10],[-17,5],[-36,6],[-24,12],[-36,4],[-18,-2],[-15,2]],[[72523,29570],[-13,-12],[-29,-20],[-53,5],[-28,8],[-39,16],[-35,23],[-7,-6],[-8,-25],[-22,9],[-6,-5],[-19,8],[2,2],[-5,2],[16,12]],[[72277,29587],[31,8],[-67,49],[-1,8],[10,14],[0,13],[-8,22],[2,13],[-16,5],[13,19],[-29,10],[3,18],[10,6]],[[72225,29772],[1,4],[-11,12],[-2,12],[26,30],[50,28],[40,12],[38,21],[21,7],[7,4],[1,5]],[[71885,29451],[-33,39],[-22,18],[-26,15],[-27,10],[-23,23]],[[71754,29556],[54,1],[31,3],[14,7],[22,18],[40,13],[2,-3],[23,6],[56,7],[23,8],[32,5]],[[72051,29621],[17,-1],[17,-4],[29,-14],[34,-3],[6,-9],[17,6],[35,3],[31,-9],[20,-9],[20,6]],[[73797,29776],[109,-26],[56,-23],[118,-42],[16,-3],[11,5],[42,0],[16,-6],[33,-3],[24,-9]],[[74353,29554],[-11,-7],[0,-4],[-77,-29],[-31,-29],[29,-8],[31,-14],[-31,-18],[0,-7],[13,-1],[0,-4],[8,-3],[7,-10],[14,-7],[18,-4],[14,0],[-11,-19],[-24,-17],[-5,1],[-9,-13],[-57,3],[4,-5],[2,-24],[6,-7],[-6,-2],[0,-8],[-7,-7],[3,-6],[-2,-5],[7,-3],[-7,-7],[2,-9],[-5,1],[-1,-6],[-6,-1],[-66,7],[-9,-6],[-19,0],[-13,7],[6,13],[-18,1],[-10,5],[-64,-65],[8,-5],[17,-1],[3,-6],[14,-2],[3,4],[12,-9],[28,4],[13,-5],[32,2],[11,-2],[22,-13],[-6,0],[-6,-9],[13,-3],[1,-4],[4,2],[11,0],[9,-9],[8,2],[7,-3],[12,7],[28,-8],[9,7],[16,0],[64,-19],[-57,-35],[-19,-18],[2,-9],[16,-6],[1,-6],[-42,-14],[-40,18],[-32,-1],[-15,-3],[0,-2],[-13,1],[-7,-5],[-7,1],[3,-3],[-13,0],[-4,-4],[-7,1],[-21,-9],[4,-2],[-36,-22],[-10,-1],[-25,-12],[-8,-1],[-3,-5],[-15,0],[-22,-10],[-3,3],[-15,-4],[-53,2],[-38,-9],[-11,-4],[-7,0],[-1,-2],[-11,-1],[3,-5],[-9,-6],[-19,-5],[13,-10],[-9,-2],[-11,1]],[[75463,30168],[16,8],[-1,10],[-17,25],[15,27],[10,5],[12,1],[45,-5],[13,2],[12,8]],[[75562,30301],[4,-2],[-11,-20],[4,-26],[-18,-7],[-43,4],[-16,-2],[-12,-5],[-21,-34],[2,-7],[17,-16],[0,-8],[-6,-4],[-26,-6],[-12,-8],[2,-8],[21,-9],[43,-4],[21,-6],[9,-7],[5,-14],[1,-1]],[[75196,29358],[-13,-13],[-40,-3],[4,-22],[13,-5],[-6,-19],[-31,1],[-29,-11],[-7,-16],[5,-8],[-2,-8],[-7,-5],[-11,-18],[-26,-12],[-23,-22],[-4,-16],[3,-4],[12,0],[5,7],[13,5],[49,-14],[-5,-6],[3,-17],[-22,-12],[5,-3],[-43,-14]],[[75039,29123],[-32,-4],[-12,0],[-13,4],[-8,12],[11,10],[2,12],[-6,6],[-26,12],[-24,18],[-9,-1],[-40,-18],[-49,-11],[-23,-13],[-4,-14],[11,-11],[38,-22],[7,-11],[1,-10],[-14,-13],[-11,-1],[-21,3],[-13,-1],[-18,-8],[-10,-7],[-4,-16],[21,-17],[5,-8],[-6,-27],[-8,-9],[-13,-4],[-44,-1],[-39,-12],[-7,-9],[11,-15],[-1,-11],[-17,-12],[-34,-6],[-17,6],[-13,29],[-21,16],[-26,34],[-19,13],[-12,6],[-22,3],[-50,-8],[-52,-26],[-28,-20],[-6,-8],[4,-11],[32,-25],[6,-9],[2,-24],[-5,-14],[-23,-19],[-16,-7],[-1,5],[-14,-5],[-16,1],[-7,-5],[-10,-1]],[[74326,28839],[-48,-22],[-22,-18],[-19,-5],[-29,-16],[-23,-20],[-21,-29]],[[68019,25875],[8,-1],[-5,-5],[25,-9],[7,1],[0,4],[13,-7],[11,-2],[6,5],[2,-5],[9,2],[2,-4],[5,4],[17,-1],[22,7],[18,-5],[4,2],[1,5],[15,4],[5,-4],[0,3],[11,2],[-2,-4],[13,0],[3,-9],[13,-2],[2,-3],[38,-1],[1,-4],[15,-3],[4,3],[2,-4],[6,2],[2,-5],[13,-3],[-3,-2],[13,-3],[-1,-4],[6,0],[-4,-5],[6,-2],[25,0],[12,-4],[48,3]],[[68407,25821],[14,-9],[8,1],[14,-3],[4,-4],[8,2],[14,-6],[11,1],[15,-13],[13,-7],[-6,-5],[8,-2],[-3,-4],[7,0],[-5,-6],[12,-1],[-1,-9],[7,-2],[4,3],[9,-13],[-6,-7],[3,-5],[9,-1],[-3,-4],[2,-6],[6,-2],[-6,-4],[-7,1],[-4,-6],[8,-9],[15,2],[-2,-3],[13,-5],[6,-9],[19,-5],[5,-10],[8,1],[14,-4],[8,0],[7,6],[6,-3],[9,6],[8,1],[0,7],[6,1]],[[68664,25686],[14,0],[5,5],[-1,7],[13,8],[11,14],[26,-4],[42,24],[25,5],[13,8],[35,11],[5,6],[17,10],[9,11],[9,4],[7,0],[1,5],[24,5],[16,12],[-2,2]],[[68933,25819],[3,3],[10,-1],[10,5],[-1,7],[8,6],[6,0],[-1,5],[8,0],[4,4],[48,-15],[29,-13],[32,-10],[36,3],[37,-7],[16,3],[22,-5],[3,3],[10,-1],[17,-5],[15,9],[40,10],[15,-7],[9,-12]],[[69309,25801],[-23,6],[-8,-6],[-18,-26],[-9,-5],[-12,-17],[-9,1],[-4,-10],[-13,1],[-5,-12],[-18,-14],[-4,1],[-19,-17],[-5,-10],[-27,-20],[25,-7],[-1,-4],[17,-2],[10,-8],[18,0],[5,-9],[65,-15],[56,-20]],[[67800,25668],[50,-20],[29,-24],[19,-25],[18,-10],[7,-2],[63,12],[4,-8],[7,8],[26,-19],[-26,-7],[-12,-9],[42,-13],[58,-28],[50,-17],[19,-9],[10,-9]],[[67800,25668],[12,31],[-2,19],[15,14],[6,2],[-32,14],[-11,18],[-58,22],[-6,0]],[[69195,26160],[4,-5]],[[69199,26155],[-31,-23],[-20,-10],[-25,14],[-44,11],[-8,-4],[-1,-6],[7,-1],[-14,-18],[-15,-10],[-7,3],[-35,-19],[-34,-1],[-28,13],[-4,-1],[-4,17],[-10,-1]],[[68926,26119],[9,6],[5,-3],[7,3],[-4,6],[4,5],[-10,12],[-1,6],[-4,1],[14,18],[7,2],[5,8],[-4,10]],[[68954,26193],[-1,4],[20,7],[-10,8],[15,5],[-2,3],[8,6],[4,-3],[19,3],[3,-4],[48,4],[0,-3],[-15,-1],[2,-11],[37,6],[32,0],[-9,-16],[3,-7],[-31,-20],[67,-2],[51,-12]],[[68868,26363],[21,-58],[27,-42],[-9,-16],[1,-19]],[[68908,26228],[-11,0],[4,3],[-9,1],[-1,-6],[-26,-1],[-15,4],[3,6],[-6,2],[-5,-9],[-9,3],[-36,22],[16,20],[-18,5],[6,12],[-19,7],[9,12],[-45,9],[-12,6]],[[68908,26228],[11,-20]],[[68919,26208],[-48,-5],[4,-4],[-11,-1],[3,-7],[-16,-1],[1,-6],[6,0],[-13,-10],[7,-1],[-219,-11],[-35,-6],[-48,-14]],[[68550,26142],[-1,8],[-15,14],[-15,23],[14,4],[-5,6],[51,12],[18,1],[26,-7],[13,2],[-7,22],[-14,10],[24,12],[-10,20],[4,23],[30,14],[9,-2],[30,24]],[[69239,26254],[-11,-19],[16,-4],[-3,-19],[-19,-13],[-22,-2],[-5,-37]],[[68954,26193],[-9,-2],[-4,5],[-19,-2],[-5,4],[5,1],[-3,9]],[[69095,26593],[-7,-13],[2,-6],[7,-2],[-4,-6],[4,-12],[30,-20],[10,-17],[36,-15],[11,4],[47,4],[-16,-29],[9,-27],[-2,-9],[-14,-2],[-4,-7],[12,-12],[14,-38],[1,-35],[41,-13],[-16,-25],[14,-1],[4,-4],[11,-2],[6,-13],[-12,-12],[-17,-4],[3,-3],[-26,-20]],[[68926,26119],[-45,-31],[5,-18],[1,-32],[-13,1],[0,-8],[-17,-19],[24,-3],[3,3],[28,-5],[-25,-20],[-41,-6],[-6,-14],[-18,1],[-33,-4],[-1,3],[-21,-1]],[[68767,25966],[-1,4],[-20,1],[-7,4],[-54,2]],[[68685,25977],[-11,25],[-40,13],[-24,-9],[-56,-12],[-4,1],[-24,20],[-9,27]],[[68517,26042],[-1,3],[-15,4],[-1,5],[-24,5],[2,14],[19,0],[4,-8],[8,1],[-2,6],[8,16],[20,-3],[26,6],[-13,6],[-4,9],[-16,14]],[[68528,26120],[27,11],[-6,5],[1,6]],[[68281,26330],[-41,-63],[2,-22],[25,-40],[47,17],[42,20],[28,17],[18,-13],[3,2],[32,-11],[-5,-4],[6,-5],[16,-2],[-23,-14],[3,-2],[16,5],[36,-33],[-10,-5],[52,-57]],[[68517,26042],[-26,-4],[-57,1],[-19,-2],[-15,-6],[-3,3],[-6,-5],[-37,-2],[-28,8],[-28,0],[-10,-3],[-6,3],[-19,1],[-17,8],[-21,-3]],[[70407,25802],[-48,5],[-91,49],[-48,11],[-39,-3]],[[70181,25864],[-20,6],[-18,-1],[-14,15],[-19,13],[-76,36]],[[70034,25933],[17,6],[8,10],[-1,6],[14,3],[5,-7],[13,2],[-1,8],[51,6],[-3,5],[3,3],[22,-1]],[[70162,25974],[7,-3],[10,-15],[11,4],[7,-4],[-15,-4],[13,-17],[10,-5],[29,10],[23,-3],[2,7],[32,18],[31,14],[24,6]],[[70346,25982],[15,4],[96,-9],[35,-12],[25,0],[60,-12],[73,-31],[36,-21]],[[70178,26074],[18,-22],[-3,-4],[21,-13],[-20,-8],[21,-12],[20,-5],[26,-16],[10,1]],[[70271,25995],[-16,-14],[-12,6],[-46,-2],[-41,1]],[[70156,25986],[-1,5],[-23,5],[-28,-6],[4,18],[-3,7],[-46,4],[-14,-2],[-11,-6],[-26,17]],[[70008,26028],[15,9],[16,18],[2,6],[-5,9],[35,7],[26,16]],[[70097,26093],[16,6],[6,-1],[31,-13],[12,-1],[16,-10]],[[70273,26897],[-11,-6]],[[70262,26891],[-229,23],[-31,1],[-35,-4],[-3,5]],[[69964,26916],[16,3],[-3,26],[43,14],[29,23],[25,7],[36,-1],[72,75]],[[70182,27063],[34,27],[8,13],[4,28],[26,68],[20,20],[23,4]],[[70297,27223],[-3,-133],[-35,-68],[-5,-32],[5,-14],[-1,-20],[7,-17],[6,-3],[2,-39]],[[70182,27063],[-54,6],[-36,7],[-23,0],[-1,5],[11,0],[-2,12],[6,24],[15,-1],[7,5],[11,1],[14,30],[10,6],[6,10],[-194,-6]],[[70386,27322],[19,-16],[-13,-17],[-12,-6],[-52,-3],[-10,-10],[-10,-2],[9,-13],[-1,-12],[-4,-1],[-2,-14],[-13,-5]],[[69964,26916],[-5,10],[-42,-4],[-3,3],[-14,1],[-79,-1],[-48,6],[-14,-15],[-20,6],[-4,-3],[-8,1],[-8,-3],[-22,2],[-4,-3],[-17,1],[-13,-8],[-20,-2]],[[70557,26215],[13,-7],[9,-1],[12,-10],[11,-22],[1,-23],[23,-22],[10,-9],[9,0],[57,-28],[8,6],[66,31],[43,13],[26,24],[46,32],[9,16]],[[70900,26215],[9,-3],[-11,-12],[22,-8]],[[70920,26192],[8,-3],[52,-1],[71,-33],[-1,-21],[14,-2],[25,-17]],[[71089,26115],[-23,-10],[-12,7],[-21,-7],[3,-3],[-23,-6],[-27,-13],[-21,-5],[-3,-4],[-28,-9],[7,-8],[-36,-13],[37,-39],[-37,-8],[-107,-64],[-29,-14],[-21,-2]],[[70346,25982],[-12,19],[-63,-6]],[[70178,26074],[29,-9],[15,16],[47,-22],[67,27],[-5,4],[-7,-3],[-46,29],[9,6],[-11,6],[-4,12],[-42,21],[9,12],[1,17],[6,-2],[8,18],[1,9],[9,0],[9,6],[3,7],[8,2],[7,12],[-41,1],[-16,3],[-49,-4]],[[70185,26242],[-14,-1],[-17,-15],[-48,1],[-19,26],[-34,-12],[-26,11]],[[70027,26252],[-9,5]],[[70018,26257],[64,15],[28,-1],[50,-9],[9,1],[3,13],[99,-10]],[[70271,26266],[30,-6],[8,8],[25,5],[9,10],[11,0],[22,-14],[1,-19],[22,-12],[50,-7],[12,10],[11,0],[28,-22],[16,0],[5,5],[9,1],[27,-10]],[[70156,25986],[6,-12]],[[70034,25933],[-62,29]],[[69972,25962],[30,10],[-36,13],[42,43]],[[69876,26080],[23,-4],[54,-15],[55,-33]],[[69972,25962],[-23,-11],[-11,-12],[-4,2],[-3,-4]],[[69931,25937],[-14,6],[-22,-2]],[[69895,25941],[-9,22],[3,1],[-5,16],[-8,10],[7,6],[-4,0],[-4,6],[-8,3]],[[69867,26005],[-3,13],[6,5],[1,57]],[[69871,26080],[5,0]],[[70890,27360],[-22,-14],[-6,-23],[-7,-10],[3,-4],[15,-5],[2,-6],[-20,-11],[0,-12],[-11,-10],[-1,-6],[-24,-17],[13,-7],[30,-6],[17,0],[11,8],[7,0],[20,-8],[5,-7],[-5,-11],[-15,-6],[-13,0],[-25,-20],[-5,-28],[-10,-14],[-1,-6],[11,-11],[3,-13],[21,-4],[8,-5],[15,-22],[-2,-5],[-25,-17]],[[70879,27060],[-14,-3],[-2,-5],[17,-1],[13,-4],[7,-7],[-1,-6],[-23,-8],[-29,3],[-19,-7],[4,-23],[17,-10],[8,-9],[4,-29],[-3,-35],[3,-7],[8,-4]],[[70869,26905],[-11,-4],[-10,30],[-18,30],[-33,23],[6,28],[-27,15],[-67,27],[-59,32],[-8,1],[-10,-3],[-16,-1],[-7,3],[-2,11],[-16,10],[-4,11],[-18,-5],[-8,1],[-6,-4],[-8,-11],[-2,-13],[-25,-30],[-10,-3],[-13,-21]],[[70497,27032],[-4,2],[-9,-17],[-9,-2],[-2,-5],[-5,0],[-9,-15],[-4,0],[-5,-7],[-4,-13],[-14,0],[1,-8],[-37,-5],[-1,-6],[-47,-21],[-28,-19],[-47,-19]],[[70396,27356],[31,5],[52,-2],[13,1]],[[70492,27360],[15,7],[3,14],[14,13],[35,-14],[33,-1],[29,-6],[62,-21],[33,2],[52,24],[21,3],[36,-1],[31,-5],[34,-15]],[[70091,25731],[-26,6],[-46,-8],[-40,-11],[-37,-2],[-36,9],[-28,15],[10,33],[-22,-3],[-2,4],[-44,-4],[-70,-1]],[[69750,25769],[-5,13],[6,8]],[[69751,25790],[34,11],[30,20],[98,17],[43,-12],[-3,10],[6,5],[50,4],[5,2],[11,-8],[7,-11],[20,-4],[37,15],[47,14],[52,-4],[-7,15]],[[70054,26167],[-3,-9],[6,-7],[-5,-3],[5,-3],[-10,-4],[4,-2],[-6,-3],[2,-3],[-12,-8],[3,-11],[16,5],[5,-4],[-3,-4],[17,-11],[5,3],[19,-10]],[[69876,26080],[4,16],[16,20],[-8,2],[6,8],[33,-7],[5,6],[-27,6],[-4,4],[14,5],[1,3],[7,-1],[26,27],[29,12],[-3,2],[4,3],[-1,3],[52,-30],[13,8],[11,0]],[[70054,26167],[11,7],[22,26],[48,0],[50,42]],[[69751,25790],[-12,3],[-100,-9],[-30,-6]],[[69609,25778],[4,47]],[[69613,25825],[27,10],[29,-2],[27,6],[33,1],[-4,14],[39,9],[-6,7],[6,-1],[19,7],[4,-5],[4,0],[41,12],[4,5],[17,3],[4,-5],[4,1],[-4,5],[4,0],[4,-4],[7,2],[22,29],[4,-14],[8,16],[13,8],[15,6],[-3,2]],[[69685,25949],[116,-35],[6,3],[6,-4],[37,16],[-5,3],[6,6],[5,-1],[3,9],[25,1],[1,-5],[10,-1]],[[69613,25825],[-2,19],[6,37],[5,18],[14,25],[-2,15],[8,0],[5,10],[36,-5],[2,5]],[[69641,25538],[-45,47],[-15,49],[22,6],[0,5],[26,11],[-18,12],[1,13],[24,20],[-10,11]],[[69626,25712],[60,47],[64,10]],[[69415,25632],[19,15],[38,17],[30,22],[-5,2],[4,5],[6,-4],[27,27],[92,-4]],[[70869,26905],[11,-2],[37,-22],[29,-1],[11,-3],[9,-11],[-9,-9]],[[70957,26857],[-9,4],[-8,0],[-48,-10],[-78,-11],[-4,9],[-23,1],[-4,8],[-21,0],[-20,5],[-22,2],[-42,9],[-84,10],[-28,0],[7,19],[-36,7],[-14,6],[7,23],[-24,1],[-2,20],[-9,5],[-13,-1],[-7,13],[0,17],[22,38]],[[70957,26857],[-24,-27],[14,-42]],[[70947,26788],[-63,-24],[-24,-29],[-8,1],[-6,-22],[-16,0],[-4,-16],[-18,-2],[8,-15],[-8,0],[-4,-18],[-19,-6],[6,-8],[-9,-8],[-4,-18],[0,-33],[7,-4],[27,-2],[11,-4],[-37,-40]],[[70786,26540],[-5,1]],[[70781,26541],[-5,1],[-1,4],[-26,-1],[-5,2],[-11,0],[-13,-2],[-29,4],[-13,-3],[-14,-13],[-16,9],[-31,7],[-35,2],[-32,-3],[-19,9],[-30,2],[-30,-6],[-16,0],[-12,1],[-7,6],[-36,0],[-7,-17],[-29,-40],[-48,-31],[-4,-9],[3,-20],[-13,-25],[6,-14],[-5,-16],[-48,-24],[-7,-6],[3,-12],[-6,0],[16,-15],[-10,-29],[28,-13],[-8,-23]],[[70018,26257],[-15,-4],[-19,22],[-6,2],[16,25],[-13,6],[8,7],[-7,7]],[[69982,26322],[4,25],[18,16],[8,-5],[24,14],[20,-3],[25,23],[8,14],[-7,20],[16,15],[16,-2],[2,3],[-15,1],[7,7],[3,-1],[-14,11],[10,7],[-4,7],[15,5],[8,13],[20,13],[0,9],[6,4],[8,2],[-11,3],[11,16],[-81,10],[0,-13],[-17,-6],[-12,-9],[-30,-8],[-21,-2],[-7,17],[-12,10],[-15,2],[-23,-5],[-49,19]],[[69893,26554],[23,31],[16,10],[77,29],[29,7],[2,20],[21,-1],[11,38],[7,3],[22,28],[22,43],[23,33],[42,37],[12,1],[14,13],[-6,4],[8,10],[46,31]],[[68767,25966],[-4,-69],[22,-7],[2,-4],[20,-10],[24,-5],[-2,-4],[74,-26],[3,-8],[12,-9],[15,-5]],[[68664,25686],[-6,14],[-9,9],[-3,21],[16,2],[-4,26],[-26,10],[-17,21],[-1,-3],[-7,2],[2,3],[-12,5],[4,5],[9,-7],[-2,5],[3,1],[3,13],[-12,9],[4,7],[-16,7],[-10,-7],[-11,3],[-8,5],[0,8],[-3,1],[-12,-5],[-12,0],[-8,-10],[-56,13]],[[68470,25844],[14,18],[8,16],[-4,3],[6,6],[24,7],[-3,1],[47,15],[32,14],[26,18],[65,35]],[[68407,25821],[7,20],[-7,4],[-1,15],[45,-9],[19,-7]],[[69678,26065],[-6,-9],[-8,1],[-9,-25],[-1,-17],[28,-2]],[[69682,26013],[10,-44],[-7,-20]],[[69609,25778],[-49,3],[-37,-2],[5,6],[-68,32],[-13,14],[-23,12],[-3,7],[-21,-16],[-8,-1],[-20,-12],[-25,-38],[-22,6],[-16,12]],[[69199,26155],[8,-8],[6,0],[-3,-13],[11,-2],[17,-14],[-7,-2],[36,-12],[-2,-3],[36,-14],[17,11],[13,0],[34,15],[26,2],[4,-19],[22,5],[13,-1],[36,-16],[20,-4],[8,11],[-7,14],[102,-23],[69,-11],[20,-6]],[[69867,26005],[-5,-5],[-8,3],[-3,-2],[-26,9],[0,3],[-15,2],[-3,-5],[10,-7],[-28,-36],[-37,7],[-3,-7],[-37,12],[16,15],[-23,13],[3,3],[-17,6],[-9,-3]],[[69678,26065],[6,11],[40,-10],[3,2],[32,-11],[15,23]],[[69774,26080],[97,0]],[[69774,26080],[-8,3],[14,18],[-2,5],[16,-1],[31,25],[18,-2],[8,13],[-9,2],[5,9],[20,19],[6,-2],[24,16],[15,37],[-12,8]],[[69900,26230],[127,22]],[[69900,26230],[-16,5],[21,8],[-2,3],[-13,5],[-9,11],[-25,6],[1,5],[-5,0],[7,9],[6,2],[-3,11],[-10,7],[2,17],[29,13],[39,-12],[23,0],[19,4],[11,-3],[7,1]],[[69239,26254],[25,4],[21,0],[48,-14],[36,-5],[80,3],[2,8],[15,11],[12,13],[10,23],[24,3],[22,-3],[31,-13],[25,2],[-1,2],[9,4],[29,3],[16,6],[16,13],[27,10],[-2,4],[10,7],[50,6],[-3,6],[9,62],[17,11],[50,20],[27,21],[-8,13],[14,2],[2,7],[-5,6],[12,25],[-6,4],[-4,11],[21,8],[17,16],[6,1]],[[80478,26794],[-651,-13],[-153,5],[-47,-4],[-28,5],[-81,6],[-197,-12],[-35,-4],[-61,-13],[-35,0],[2,-6],[-18,-3],[-5,6],[-6,-2],[-3,5],[-59,-9],[-33,-9]],[[79068,26746],[-10,21],[3,1],[6,23],[32,35],[-56,43],[-7,9],[19,5],[8,9],[42,10],[54,8],[72,-2],[-11,33],[22,7],[18,11],[5,12],[12,7],[-3,11],[-4,-1],[-20,16],[-9,1],[-7,11],[-5,16],[18,6],[-4,7],[-32,17],[-8,5],[1,5],[-15,6],[-3,14],[-28,-2],[-9,-7],[-58,12],[-5,3],[-6,-1],[8,-27],[-50,-17],[-33,-19],[-45,-3],[-16,-5],[-19,1],[-1,4],[-8,2],[-9,26],[-16,8],[-10,2],[-27,-6],[-10,-4],[-15,4],[-9,12],[10,15],[-3,1]],[[78827,27091],[5,12],[17,16],[19,28],[3,9],[-5,16],[11,2],[-3,26],[8,11],[-11,40],[4,1],[-1,21],[23,0],[58,12],[41,5],[-2,12]],[[78994,27302],[54,7],[1,4],[25,7],[-8,12],[8,8],[12,5],[-6,19],[6,4],[-9,12],[-7,-2],[-16,16],[12,2],[1,-3],[66,12],[30,0],[26,5],[6,-3],[17,4],[126,13],[109,19],[5,8],[137,24],[24,-3],[21,-15],[10,-1],[10,3],[5,-13],[17,1],[22,-5],[27,-2],[40,10],[25,-2],[35,6],[26,1],[5,4],[11,2],[16,-5],[28,1],[66,-11],[21,-1],[85,6],[26,-1],[24,2],[38,9],[30,-1],[57,-7],[57,-12],[56,-14],[107,-34]],[[77633,27934],[-264,-387],[-18,-44]],[[77351,27503],[-12,1],[-45,-7],[-39,-1],[-1,-6],[-23,2],[0,3],[-9,2],[-116,7],[-9,2],[5,11],[-22,2],[-44,-12]],[[77036,27507],[-23,70]],[[77013,27577],[-1,3],[44,20],[-1,-6],[13,2],[16,-11],[34,5],[-15,24],[-8,3],[3,4],[16,2],[-2,7],[11,1],[-3,13],[-36,-6],[-11,32],[30,25],[30,6],[-7,7],[71,23],[-17,15]],[[77180,27746],[4,16],[4,1],[7,48],[-18,-1],[-3,13],[-37,3],[-27,-4],[-44,12],[-29,4],[3,3],[-20,4]],[[77020,27845],[-9,15],[8,10],[18,1],[1,5],[-7,3],[10,5],[-3,7],[6,8],[-3,7],[2,10],[11,8],[-3,4],[-5,-1],[-2,4],[11,4],[2,8],[20,4],[4,11],[-2,6],[5,5],[-2,7],[8,10],[72,-11],[8,-1],[2,2],[39,-5],[10,-6],[179,-23],[-1,-4],[28,1],[16,3],[80,2],[110,-10]],[[76381,28175],[-5,-40],[-26,-15],[-14,-45],[-67,-67],[10,-23],[57,-9],[48,-13],[50,-5],[107,-18],[6,-4],[-18,0],[-10,-22],[-5,-1],[2,-4],[15,-5],[-16,-26],[53,-12],[60,-9],[-12,-14],[10,-3],[-3,-13],[8,-1],[2,-16]],[[76633,27810],[-18,-1],[3,-13],[-18,-2],[1,-26]],[[76601,27768],[-4,-1],[20,-48],[-1,-6],[4,-1],[1,-16],[-48,0],[-1,-5]],[[76572,27691],[-3,-36],[-11,1],[4,-31],[11,-3],[-8,-16],[59,-39],[17,0]],[[76641,27567],[49,-14],[31,-35],[16,-10],[10,3],[14,-17],[26,-20],[23,-12],[26,-9]],[[76836,27453],[-15,-9],[-68,-23],[-291,-96],[13,-29],[26,-30],[-7,-2],[0,-29],[36,-7],[17,-27],[11,-9],[1,-5],[-10,-3],[-5,-6],[-11,-22],[17,0],[13,-6],[9,-7],[5,-11],[-36,-22],[-18,3],[-44,-15],[-7,-22],[-31,-2],[-25,3],[-13,-6],[4,-1],[-12,-18],[-25,6],[2,4],[-17,2],[-13,-17],[-7,4],[-47,-12]],[[75813,28070],[26,5],[-3,53],[19,18],[7,21],[13,1],[-1,20],[15,7],[7,7],[40,-3],[76,3],[57,4],[2,4],[29,-3],[35,1],[246,-33]],[[80142,26203],[-6,4],[-47,8],[-469,67],[-76,8],[-6,-3],[-19,3],[-6,-6],[1,-6],[-52,-5],[-10,18],[-30,-5],[-7,9],[-32,-5],[-58,-2],[-94,-7]],[[79231,26281],[-2,10],[-25,25],[-8,13],[-8,3],[-12,10],[-21,0]],[[79155,26342],[0,28],[16,20]],[[79171,26390],[24,-5],[20,-9],[35,5],[14,0],[54,12],[29,3],[14,5],[50,0],[33,3]],[[79444,26404],[5,-20],[19,-8],[1,5],[7,1],[17,-4],[20,0],[4,10],[9,-4],[28,4],[29,15],[7,-2],[12,-22],[111,13],[57,-6],[245,-46],[115,-27],[132,-37],[14,0],[20,4]],[[79444,26404],[10,88],[-11,56],[10,45],[0,46]],[[79453,26639],[158,0],[28,-6],[124,-11],[460,-22],[180,-1],[60,24],[6,7],[-1,10],[36,21]],[[79171,26390],[-20,16],[-2,16],[8,25],[2,45],[16,22],[9,6],[1,6],[-3,14],[-20,27],[1,17],[-13,17],[-5,14]],[[79145,26615],[51,11],[34,3],[46,17],[8,-9],[27,-1],[83,6],[33,0],[26,-3]],[[80396,25882],[-196,-94],[-120,-47],[-62,-28],[-248,-63],[-172,-37],[6,-102],[-23,-6],[-15,-8],[-21,-5],[5,-39],[-3,-6],[6,-7],[-5,-1],[4,-5],[26,-3],[-1,-3],[5,-2],[0,-5]],[[79582,25421],[-9,2],[-18,-5],[-7,3],[-5,-2],[-5,2],[-4,-5],[-17,-3],[-10,-9],[-6,2],[-18,-9],[-8,2],[0,-6],[-9,8],[-6,0],[-2,-7],[-8,-1],[-7,-12],[-16,4],[-13,-5],[-21,5],[-20,-8],[-1,-7],[-13,5],[-9,-2],[0,-4],[-5,1],[-15,-5],[-21,1],[-2,-3],[-16,4],[-25,-8],[-2,-7],[-7,-1],[-32,-25],[-11,-1],[-22,-7],[-12,-1],[-10,-6],[-45,-2],[-25,5],[-16,-1],[-20,-6],[-4,-7],[-19,0],[-5,2],[-10,-2],[-25,12],[-4,-5],[-5,2],[-7,-3],[-5,3],[1,7],[-12,2],[-7,-2],[-8,5],[-19,-1],[-18,-6],[-30,17],[-9,1],[-2,-4],[-11,0],[-11,8],[-17,7],[-5,7],[-14,-1],[-7,5],[-24,2],[-29,0],[-18,11]],[[78740,25367],[-6,6],[12,-2],[0,3],[-8,3],[5,1],[-17,10],[-9,13],[-22,2],[-8,-3],[-5,2],[-12,-2],[-27,3],[-1,5],[-17,4],[-8,-2],[-2,5],[-6,2],[23,9],[-2,7]],[[78630,25433],[9,7],[-5,11],[3,8],[-4,4],[8,6],[-10,8],[5,15],[-4,11]],[[78632,25503],[22,0],[-1,4],[32,8],[20,20],[27,12],[19,12],[29,30],[48,17],[10,12],[17,11],[43,7],[-8,9],[5,9],[11,-2],[3,7]],[[78909,25659],[5,-2],[3,4],[22,-8],[6,0],[6,-8],[38,4],[12,6],[10,18],[12,5],[15,-1],[24,-8],[13,0],[21,5],[16,10],[10,-1],[23,4],[13,10],[9,-2],[15,11],[14,4],[-25,14],[-19,17],[-20,10],[39,14],[21,16],[21,-9],[10,4],[16,2],[1,-2],[15,3],[35,11],[8,-3],[9,2],[-5,9],[52,0],[-16,-35],[5,7],[19,8],[16,12],[8,15],[19,12],[7,12],[2,14],[71,31],[16,1],[9,4],[8,18],[-5,0],[-1,10],[-6,4],[11,29],[20,13],[12,-2],[17,2],[8,-3],[3,3],[-6,7],[11,11],[-6,7],[-1,13],[14,2],[11,-4],[7,3],[13,0],[3,8],[6,3],[19,0],[16,8],[0,9],[-17,8],[4,11],[31,10],[70,30],[38,11],[75,29],[132,42],[27,4],[96,31]],[[79068,26746],[13,-17],[5,-12],[-14,-6],[0,-9],[-13,-15],[43,-33],[-9,-29],[52,-8],[0,-2]],[[79155,26342],[-83,-15],[-28,-10],[-39,-2],[-63,6],[-56,-8],[-40,4],[-35,11],[4,21],[-26,2],[-8,-13],[-7,1],[-28,16],[-6,-11],[-20,-4],[1,-2],[-28,2],[-11,-4],[-23,-24],[-13,-7],[-4,-12],[-6,0],[-20,-14],[-17,-24],[-45,10],[-21,1],[-52,-11],[-15,7],[-24,-6],[-5,1],[-37,-3],[-20,16],[5,5],[-38,16],[-5,-1],[-8,5],[-16,25],[9,0],[7,20],[2,16],[-4,9],[14,2],[30,15],[28,9],[2,40],[-3,8],[8,10],[-19,23],[3,30],[-45,3],[-58,9],[-34,14],[-13,9],[-24,-9],[5,12],[-10,11],[-35,6],[-7,0],[1,-5],[-9,-1],[-17,4],[-14,-1],[0,-3],[-24,-2],[-47,-13],[-14,0],[-28,8],[-29,1],[-43,15],[-33,8],[-17,0],[-28,-4],[-45,3],[-50,-13],[5,-4],[-14,-5],[7,-12],[-20,1],[-5,11],[-27,-3],[-17,2],[3,-6],[-11,0],[-34,3]],[[77664,26541],[-4,4],[4,25],[-6,13],[-22,19],[-16,6],[-4,6],[-71,22],[-7,3],[-2,5],[-8,1],[-10,6],[-28,1],[-20,14],[-6,32],[10,10],[-1,8],[17,3],[17,8],[24,7],[-28,4],[-17,7],[-24,-2],[-16,14],[-11,2],[-9,9],[-1,18],[16,15],[-6,45],[6,10],[-12,8],[-14,17],[-10,21],[-5,0],[-3,6],[0,11],[8,13],[0,18],[31,10],[34,1],[-3,13],[4,1],[18,1],[31,-5],[4,17]],[[77524,26988],[57,6],[68,14],[30,1],[28,4],[16,-2],[-8,-23],[5,-4],[21,2],[3,-2],[61,-1],[-1,-4],[60,-4],[49,2],[0,6],[19,-4],[20,8],[34,1],[-3,6],[97,18],[9,3],[4,5],[50,1],[26,-4],[23,3],[7,3],[66,9],[31,7],[37,-10],[40,4],[37,-3],[76,-21],[13,-7],[8,1],[9,-6],[14,-5],[27,11],[27,19],[5,19],[6,3],[-2,8],[12,2],[53,1],[25,4],[47,22],[70,16],[15,1],[4,-16],[8,9]],[[81025,25481],[-52,4],[-22,-4],[-36,-9],[-60,-19],[-77,-31],[-6,3],[-160,-63],[-30,-18]],[[80582,25344],[-3,3],[-12,-5],[-10,1],[-22,9],[-2,13],[-23,7],[-13,10],[-14,5],[-10,8],[3,3],[-6,17],[-6,2],[-20,-2],[-18,11],[-11,11],[-1,7],[-16,6],[-10,12],[-2,13],[-31,10],[-44,8],[-15,16],[-10,5],[-21,0],[-16,-8],[-12,-1],[-26,11],[-122,27]],[[80089,25543],[17,14],[3,58],[-12,-3],[-40,42],[23,12],[37,7],[143,2],[209,30],[16,38],[98,-54],[94,32]],[[78909,25659],[6,16],[-3,24],[16,12],[5,8],[-2,10],[16,37],[5,29],[-3,13],[-10,6],[-7,19]],[[78932,25833],[45,-2],[-8,38],[-24,34],[-2,9],[-7,3],[-14,39],[49,-3],[19,1],[94,32],[38,6],[59,-3],[4,4],[7,-21],[7,-3],[15,10],[1,6],[-10,1],[-6,8],[-9,4],[23,18],[26,36],[46,43],[-11,17],[-15,11],[14,4],[-18,34],[-3,24],[-9,0],[-11,18],[-8,63],[7,17]],[[78932,25833],[-29,4],[-21,11],[-6,-3],[-81,-5],[8,17],[-64,0],[-5,14],[-20,-3],[-37,4],[-23,-12],[-14,-2],[-26,3],[-19,16],[-22,-4],[-23,0],[-96,11],[-27,-3],[-63,3],[-35,-7],[-12,-5],[-12,10],[-39,12],[-25,0],[-20,11],[-12,3]],[[78209,25908],[-11,21],[-28,-6],[-11,22],[3,11],[-19,7],[-37,5],[-26,7],[-56,0],[-77,5],[-55,14],[-35,2],[-4,25],[24,24],[15,48],[-11,40],[-46,11],[-31,13],[-51,14],[-65,26],[-8,1],[-50,-5],[-28,15],[-5,8],[-19,3],[0,24],[-11,24],[-76,-2],[-28,9],[-59,-1],[-41,-17],[-37,-8],[-74,-5],[-30,84]],[[77222,26327],[38,-6],[11,1],[15,6],[52,6],[43,13],[11,-1],[26,6],[25,7],[0,4],[25,7],[26,2],[42,-3],[28,15],[0,3],[11,4],[-10,22],[-11,6],[1,9],[-15,5],[-3,4],[8,14],[19,12],[0,9],[-4,6],[-7,0],[-7,7],[-32,3],[-22,20],[-2,7],[22,10],[58,13],[49,4],[11,1],[7,-4],[17,1],[1,2],[9,-1]],[[76863,27915],[-19,-131],[27,-39],[-20,-3],[-11,2]],[[76840,27744],[-23,10],[-21,-1],[-76,4],[-81,5],[-38,6]],[[76633,27810],[44,-5],[27,38],[-24,8],[8,7],[31,14],[4,-6],[27,24],[29,37],[0,5],[36,-2],[16,-7],[7,2],[12,-7],[13,-3]],[[76840,27744],[12,-45]],[[76852,27699],[-48,4],[-84,-11],[-148,-1]],[[76852,27699],[9,-13]],[[76861,27686],[-33,-30],[-21,-35],[-19,-18],[-122,-27],[-25,-9]],[[77180,27746],[-52,-13],[-19,-11],[-25,18],[23,12],[-36,13],[11,9],[-5,3],[-7,2],[-1,-2],[-25,-4],[-11,8],[-2,-3],[-12,0],[-18,-4],[-2,-3],[-8,1],[-2,-3],[-25,3],[-10,-4],[-9,4],[-11,1]],[[76934,27773],[17,8],[9,16],[-9,13],[30,11],[21,2],[14,11],[0,7]],[[77016,27841],[4,4]],[[77013,27577],[-130,91],[-22,18]],[[76861,27686],[3,3],[48,-2],[35,10],[-3,10],[6,2],[-16,24],[10,11],[2,9],[-17,12],[5,8]],[[76863,27915],[32,-19],[87,-22],[-7,-21],[8,-2],[-10,-6],[43,-4]],[[77036,27507],[-45,-9],[-2,-4],[-58,-5],[-21,-5],[-24,-14],[-50,-17]],[[77351,27503],[48,-19],[38,-26],[22,-20],[0,-6],[6,-1],[0,-21],[-12,0],[-1,-32],[-5,-11],[-7,-7],[-29,-9],[4,-24],[20,-43],[0,-12],[13,-13],[-51,-7],[1,-17],[-1,-9],[-5,-1],[-2,-30],[9,-31],[-22,-19],[1,-38],[18,-24],[35,2],[30,-23],[35,-19],[3,-3],[-21,-3],[6,-11],[-20,-5],[10,-23],[47,0],[3,-10]],[[77222,26327],[-31,1],[-36,-5],[-72,-3],[-45,-12],[-4,3],[-110,-7],[-53,1],[-114,-6],[-54,-11],[-10,12],[-5,0]],[[78381,27987],[7,-25],[41,-1],[1,-16],[-9,0],[3,-35],[18,1],[5,-14],[11,3],[3,-17],[-3,-10],[-17,1],[0,-17],[-50,1],[8,-18],[-3,-10],[-12,2],[-8,-11],[1,-19],[4,0],[2,-12],[-42,3],[-19,-2],[15,-27],[33,-41],[7,-1],[16,-12],[30,-9],[16,-26],[19,-14],[28,-7],[-2,-2],[49,0],[2,-11],[20,-28],[145,2],[68,-8],[21,1],[12,-15],[6,-24],[15,-13],[-4,-4],[16,-16],[32,-52]],[[78866,27484],[17,-32],[-8,-4],[11,-12],[-39,-1],[-16,-5],[29,-17],[19,-34],[9,-3],[10,-10],[36,-12],[12,-14],[2,-42],[46,4]],[[77633,27934],[112,164]],[[77745,28098],[39,-3],[48,5],[43,-3],[65,7],[37,11],[31,-6],[19,28],[9,-3],[12,13],[13,-7],[32,11],[25,-25],[25,-54],[4,0],[9,-10],[12,-27],[23,2],[-4,14],[57,16],[72,27],[8,-4],[9,-15],[-14,-2],[2,-31],[43,-13],[5,-3],[12,-24],[0,-15]],[[78045,28963],[-48,-290]],[[77997,28673],[-174,-3],[-263,-13],[-286,-58],[-9,-9],[-1,-11],[-17,-2],[-8,-4],[-7,-69],[-35,-6],[0,-4],[-57,-8],[0,-3],[-32,-5],[-66,-25],[-26,-2],[-1,-5],[-61,-3],[0,-6],[-15,-5]],[[76939,28432],[-31,0],[-11,7],[-25,-1],[-16,21],[-26,2],[-8,12],[-10,0],[-2,5],[-39,3],[1,20],[-8,3],[-5,11],[6,21],[-67,2],[3,17],[-31,2],[2,15],[-23,0],[0,11],[-4,5],[-32,2],[3,12],[-26,2],[-2,12],[-68,6],[-66,-5],[32,24],[5,21],[13,18],[9,50],[-77,-1],[-46,-4],[-10,1],[-3,5],[-98,-15],[-12,2],[-40,-6],[-10,4],[-14,-8],[-25,8],[-6,-5],[-26,5],[8,9],[25,17],[26,27],[29,20],[16,24],[24,25],[28,20],[-1,30],[4,23],[-25,6],[11,24],[34,34],[1,3],[-8,7]],[[76318,28985],[2,9],[30,0],[10,3],[44,29],[0,9],[-14,3],[0,12],[20,-1],[3,3],[28,4],[5,-4],[-9,-3],[23,2],[4,-3],[25,-1],[33,1],[5,-8],[49,2],[52,-1],[2,-3],[27,-1],[0,-2],[57,-4],[-5,-19],[132,-11],[-4,-5],[42,-6],[1,3],[78,-5],[1,3],[-14,6],[3,4],[-3,8],[319,-23],[4,-9],[19,0],[0,-14],[40,-2],[11,-11],[30,-1],[0,-6],[12,-1],[7,5],[19,-2],[0,-9],[43,-9],[4,6],[41,-1],[4,8],[55,-1],[-1,21],[6,3],[76,-3],[16,2],[272,3],[123,-2]],[[80089,25543],[-101,14],[-6,0],[1,-5],[5,-2],[5,4],[5,-4],[-12,-6],[-16,2],[-5,3],[-11,2],[-13,-1],[-8,-4],[-12,3],[-26,-6],[-5,4],[-9,-2],[1,5],[-15,5],[-12,-2],[-6,2],[-12,-7],[1,-13],[-7,1],[-5,-3],[13,-8],[-10,-10],[8,-16],[-12,-4],[-12,-9],[-9,-1],[-2,-9],[-10,-6],[-13,0],[-3,4],[-6,-2],[1,-5],[-12,3],[-4,-12],[-15,-6],[-2,-3],[-28,0],[-5,-4],[0,-6],[-6,0],[5,-4],[-8,-2],[-16,3],[1,-3],[-16,-2],[-9,-5],[-5,2],[-7,-4],[0,-4],[-5,-1],[1,-3],[-25,5]],[[79615,25421],[-15,-5],[-18,5]],[[76381,28175],[8,10],[-5,11],[6,1],[261,-77],[92,-33],[23,15],[33,28],[-21,9],[23,17],[-6,4],[10,6],[-5,6],[8,10],[6,1],[12,28],[-1,12],[16,15],[1,10],[9,0],[6,4],[10,28],[33,2],[-3,6],[32,6],[8,0],[5,4],[10,-2],[10,7],[4,-1],[-7,15],[5,16],[-8,39],[11,17],[-8,4],[-6,22],[-9,1],[-5,16]],[[77997,28673],[-39,-254],[56,-1],[25,-13],[-32,-16],[12,-11],[-26,-14],[21,-15],[-7,-11],[1,-36],[-42,-10],[25,-42],[22,-16],[-136,-19],[-26,39],[-106,-156]],[[78382,25395],[-16,-14],[-12,6],[4,-13],[36,-14],[-26,1],[-68,-3]],[[78300,25358],[-42,6],[21,34],[-50,8],[-29,10]],[[78200,25416],[3,8],[11,5],[7,-5],[24,2],[49,-2],[29,3],[-8,35],[40,4],[3,-6],[61,10]],[[78419,25470],[28,-52],[-6,-2],[1,-2],[-59,-15],[-1,-4]],[[78630,25433],[-41,-5],[-1,-26],[-34,-25],[-30,-9],[-7,5],[-37,-7],[-17,23],[-58,-15],[-18,21],[-5,0]],[[78419,25470],[23,3],[-1,2],[12,5],[37,4],[1,3],[26,2],[73,12],[34,3],[0,-4],[8,3]],[[78300,25358],[91,-50],[7,13],[16,9],[13,-1],[22,5],[21,-2],[-42,-13],[0,-6],[-16,-10],[3,-9]],[[78415,25294],[-12,-9],[4,-6],[-9,-9],[-22,2],[-8,-2],[-15,-11],[-10,-3],[3,-4],[-31,-11]],[[78315,25241],[-3,-1]],[[78312,25240],[-41,21],[-49,34],[-4,4],[9,1],[-5,11],[-7,3],[-13,-1],[-9,6],[-49,53],[5,2],[2,13],[-22,4],[-91,77],[17,1],[0,4],[11,6],[8,-2],[8,2]],[[78082,25479],[118,-63]],[[78740,25367],[-9,-2],[-14,3],[-2,-46],[-28,7],[-29,2],[-83,-3],[-78,-11],[12,-18],[-6,-5],[-8,-2],[0,-4],[7,-4],[-79,4],[-8,6]],[[78866,27484],[63,17],[28,-1],[7,16],[123,7],[38,6],[112,23],[71,19],[0,7],[24,2],[52,10],[8,-2],[72,1],[35,-7],[54,2],[-2,29],[50,7],[1,17],[16,42],[1,14],[8,0],[-4,16],[10,2],[-4,34],[56,2],[67,6],[31,0],[25,4],[158,5],[80,-10],[39,-13],[168,-38],[23,0],[65,-7],[47,0],[33,-4],[182,-34]],[[76188,29049],[7,-2],[15,-16],[72,-44],[36,-2]],[[75592,28302],[12,9],[-6,5],[8,5],[-7,5],[5,5],[-6,3],[8,9],[-6,3],[-1,19],[-9,-1],[-10,11],[-7,2],[1,12],[-7,0],[-7,8],[-6,2],[1,8],[-23,1],[1,14],[-35,15],[7,13],[-20,7],[-6,-1],[-5,7],[-9,4],[0,3],[-10,5],[6,14],[-18,4],[-11,19],[-9,5],[-41,15],[-4,15],[-19,14],[-1,9],[-14,0],[-2,53],[6,7],[16,-8],[33,-10],[27,-4],[71,139],[24,-1],[10,-5],[43,-7],[35,3],[27,7],[34,16],[92,19],[23,28],[-4,25],[10,12],[11,2],[-5,10],[12,56],[25,39]],[[75832,28951],[36,62],[38,-9],[26,5],[21,-10],[9,2],[9,8],[-3,3],[5,2],[5,-4],[11,1],[4,-2],[4,3],[18,-1],[8,6],[22,-11],[10,3],[-1,3],[10,1],[7,7],[8,-2],[8,4],[0,4],[11,-2],[6,8],[-4,3],[7,5],[-4,2],[9,5],[8,0],[-2,5],[9,5],[12,-2],[15,2],[8,-5],[10,2],[16,-5]],[[72223,25469],[22,-22]],[[72245,25447],[-12,-12],[-3,-8],[21,-21],[12,-19],[-4,-7],[-22,-9],[-20,-15],[-5,-21],[21,-31],[-2,-10],[13,-6],[-2,-5],[6,-2]],[[72248,25281],[-30,-31]],[[72218,25250],[-11,1],[-8,-2],[-57,-24],[-25,-19],[0,-14],[-12,-4],[-3,-7],[-6,0]],[[72096,25181],[-26,25],[-9,28],[1,14],[8,13],[43,15],[-3,6],[-13,2],[-12,11],[-15,7],[-84,14],[-17,7],[-10,8]],[[71959,25331],[-32,23],[6,7],[35,21],[11,-1],[14,6],[-9,4],[13,6],[25,4],[17,-5],[12,5],[3,-2],[11,15],[-23,14],[-30,36],[-22,45],[0,9],[6,9],[28,29],[116,4]],[[72140,25560],[22,0],[2,-20],[21,0],[1,-31],[30,-2],[4,-4],[3,-34]],[[72103,24846],[-64,-13],[-60,1],[-25,2],[-2,-29],[-9,-9],[-7,0],[-3,-3]],[[71933,24795],[-2,4],[-13,1],[0,4],[-73,5],[-7,-11],[-28,2]],[[71810,24800],[-3,9],[-17,0],[1,8],[25,-2],[10,4],[-4,8],[7,10],[-2,6],[-12,1],[-10,6],[11,13],[13,-4],[21,28]],[[71850,24887],[18,7],[7,8],[-55,25],[3,1]],[[71823,24928],[33,21],[31,11]],[[71887,24960],[14,-15],[33,18],[51,10],[19,22],[12,5],[0,9],[-4,4],[5,4],[12,2],[-2,8],[5,0]],[[72032,25027],[13,-16],[18,-6],[3,-5],[8,-3],[2,-11],[8,0],[10,-9],[-10,-7],[4,-4],[15,-1],[8,4],[19,0],[4,3],[11,-6],[10,1],[-31,-65],[-19,-21],[-2,-35]],[[72079,25674],[71,-73],[-10,-41]],[[71959,25331],[-37,-15],[0,-7],[15,-6],[12,-14],[12,-5],[-3,-7]],[[71958,25277],[-32,14],[-14,-2],[-55,6],[3,3],[-23,6],[-20,14],[8,6],[-15,6],[5,8],[-10,3],[-6,-4],[-3,3],[-18,2],[2,5],[-10,-1],[-5,-6],[-33,4],[-10,-3],[-8,2],[-4,-9],[-12,1]],[[71698,25335],[8,22],[-16,3],[5,38],[-4,18],[-8,10]],[[71683,25426],[82,33],[-7,8],[4,2],[-3,19],[-16,15],[-12,2],[22,19],[-10,16],[11,9],[-1,12],[-5,-1],[-6,9],[10,4],[2,12],[10,3],[18,-1],[8,3],[0,4],[-6,0],[12,3],[-1,3],[6,0],[-7,13],[9,3],[-5,2],[3,8],[11,7],[10,2]],[[71822,25635],[28,16],[28,31],[19,-8],[19,24],[37,9],[2,-5],[27,-12],[17,-11],[11,4],[1,-4],[35,20],[33,-25]],[[72450,25318],[-1,-2]],[[72449,25316],[-87,-75]],[[72362,25241],[-34,-5],[-3,6],[4,13],[-7,7],[-74,19]],[[72245,25447],[22,-20],[12,8],[10,-4],[-5,-4],[12,-2],[1,-4],[18,-1],[7,-5],[18,-4],[3,3],[13,-3],[-44,-53],[105,-28],[33,-12]],[[71921,25120],[134,-65]],[[72055,25055],[-9,-19],[-14,-9]],[[71887,24960],[-16,18],[2,16],[-10,1],[-16,11],[-38,13],[-21,18],[-39,3],[-59,23],[-12,9],[-13,-1],[-15,12]],[[71650,25083],[-70,25],[-39,9],[-3,5],[-8,1]],[[71530,25123],[-40,13]],[[71490,25136],[0,1]],[[71490,25137],[61,4],[163,29],[50,2],[40,-5],[36,-10],[81,-37]],[[72218,25250],[37,-17],[20,-13],[6,-26],[-3,-8],[-11,-7],[16,0],[11,-6]],[[72294,25173],[-5,-2],[3,-4],[-12,-4],[-15,-12],[74,-43],[33,-27],[44,-48]],[[72416,25033],[-67,-15],[1,-29],[-77,-3],[9,-18],[-30,2],[-9,2],[-30,1],[0,7],[-5,0]],[[72208,24980],[2,79],[-18,52],[-6,0],[-11,-14],[-24,2],[0,9],[-21,20],[-8,-4],[0,-2],[-16,15],[-12,-1]],[[72094,25136],[5,37],[-3,8]],[[72627,25257],[24,-1]],[[72651,25256],[14,-6],[-7,-3],[19,-20],[17,-1],[1,-5],[38,-2],[15,-5],[11,2],[28,-7],[29,-10],[56,-31],[51,-1]],[[72923,25167],[5,-17],[-3,-12],[6,-6],[20,-7],[-19,-25],[-5,2],[-16,-14],[-6,1],[-20,-19],[-32,-19],[-8,3],[-13,-3],[-6,1],[-40,-13]],[[72567,25021],[28,48]],[[72595,25069],[16,28],[6,26],[-3,35],[-8,12]],[[72606,25170],[-4,33],[-15,26],[-5,29],[45,-1]],[[72245,24848],[3,-13]],[[72084,24765],[-23,1],[-3,-14],[-11,-11],[-20,-39],[-35,-3],[-59,9],[4,9],[-8,3],[-7,-5],[-5,1],[3,16],[23,-1],[2,14],[20,2],[3,11],[-12,0],[-2,13],[-16,2],[8,18],[-13,4]],[[72103,24846],[44,5],[70,-4],[28,1]],[[72096,25181],[-79,3],[-35,-2],[-36,-8],[-29,0]],[[71917,25174],[-6,0],[-1,3],[2,25],[8,14],[-6,44],[1,3],[8,-2],[11,13],[24,3]],[[72844,25463],[21,-8],[24,0],[1,-2],[7,1],[2,-2],[10,4],[9,-1],[-23,-60],[2,-7],[99,-13]],[[72996,25375],[-2,-13],[6,-14],[2,-35],[-29,-1],[-8,-37],[8,-1]],[[72973,25274],[-22,0],[-72,-8],[-44,3],[-41,-3],[-32,4],[-111,-14]],[[72627,25257],[-4,2],[5,17],[8,0],[8,10]],[[72644,25286],[40,17],[8,25],[31,30],[8,21],[-31,20],[13,23],[11,-8],[11,9],[0,3],[-7,0],[4,20],[27,20],[28,0],[48,-15],[9,12]],[[72245,24848],[-31,94],[-6,38]],[[72416,25033],[29,6],[27,-14],[9,6],[4,-2],[12,6],[15,-8],[12,-2],[-1,-2],[12,0]],[[72606,25170],[-36,-14],[-107,41],[-12,2],[-16,-3],[-8,3]],[[72427,25199],[-21,28],[-32,-8],[-21,14],[9,8]],[[72449,25316],[18,-6],[3,2],[19,-1],[5,-6],[44,-9],[12,20],[23,-7],[-14,-14],[10,-4],[71,-1],[4,-4]],[[72362,25536],[43,-12],[10,12],[35,-11],[2,3],[71,-17]],[[72523,25511],[-28,-40],[65,-17],[-56,-81],[-54,-55]],[[72223,25469],[8,-2],[23,21],[43,19],[6,9],[-2,12],[12,-1],[3,9],[6,0],[0,4],[40,-4]],[[72055,25055],[16,6],[13,18],[10,57]],[[72595,25069],[-18,3],[-31,11],[-33,8],[6,1],[6,8],[-6,1],[-3,5],[5,1],[2,10],[-5,1],[-86,21],[-63,5]],[[72369,25144],[3,43],[36,-3],[8,19],[11,-4]],[[72294,25173],[37,-24],[11,-4],[27,-1]],[[72973,25274],[-3,-6],[20,1],[-3,-7],[20,-2],[-2,-39],[14,0],[-3,-4],[-15,-3],[-1,-18],[14,-1],[-2,-6],[-59,-1],[-1,-12],[-27,-5],[-2,-4]],[[72674,25506],[26,-1],[42,3],[1,-15],[50,-8],[4,2],[5,-4],[9,-1],[12,-10],[21,-9]],[[72523,25511],[69,-14],[13,17],[6,-5],[6,1],[23,-6],[34,2]],[[71921,25120],[2,3],[-6,4],[5,4],[-4,1],[1,4],[-5,1],[3,37]],[[71490,25137],[-32,15],[-17,3],[-15,7],[-27,16],[-10,10],[3,2]],[[71392,25190],[24,13],[-12,7],[32,23],[13,21],[7,3],[30,5],[28,-11],[14,-3],[5,-11],[21,4],[0,10]],[[71554,25251],[7,3],[20,-6],[51,-6],[9,19],[26,28],[-6,14],[34,22],[3,10]],[[71247,27853],[6,2],[25,-18],[-27,-13],[5,-4],[-5,-4],[11,-6],[25,-1],[19,-8],[7,-9],[20,10],[20,-17],[-6,-3],[16,-14],[18,11]],[[71381,27779],[59,-48],[-7,-7],[8,-10]],[[71441,27714],[-15,-7],[-12,-12],[-5,-41],[-5,-9],[4,-2]],[[71408,27643],[-8,-6],[-52,-13],[-6,-18],[16,-31],[-13,-13],[-19,-2],[-50,2],[-24,-8],[-6,-5],[-25,-11],[-24,-5],[-36,0]],[[71161,27533],[-1,19],[-10,8],[-10,0],[-7,8],[-20,3],[3,4],[-18,5],[-5,8],[-7,4],[5,4],[-5,5],[2,3],[21,18],[-14,9]],[[71095,27631],[0,3],[-6,4],[26,1],[72,19]],[[71187,27658],[11,27],[-19,40],[27,11],[3,4],[-6,8],[-8,2],[-6,50],[-11,31],[-32,16]],[[71146,27847],[38,16],[13,-19],[50,9]],[[71583,27856],[-110,-63],[-27,16],[-25,-15],[-33,-7]],[[71388,27787],[11,7],[-9,7],[10,5],[-11,11],[6,2],[-1,6],[16,3],[8,5],[-24,14],[27,16]],[[71421,27863],[24,11],[48,32]],[[71493,27906],[24,-12],[21,-16],[14,9],[22,-15],[-7,-5],[16,-11]],[[71378,27957],[8,-16],[15,-10],[-6,-19],[57,-6],[5,6],[27,-11],[9,5]],[[71421,27863],[-23,9],[5,4],[-18,12],[-23,-15],[-44,36]],[[71318,27909],[-15,16],[-11,21],[-68,-2],[-7,34],[1,4],[13,0],[0,3]],[[71231,27985],[10,2],[43,-11],[5,12],[20,1],[14,-10],[17,-5],[28,-2],[10,-15]],[[71712,27760],[-50,-23],[-35,-10],[-62,-34],[-13,-4],[-65,27],[-25,2],[-21,-4]],[[71381,27779],[7,8]],[[71583,27856],[129,-96]],[[71247,27853],[-4,3],[15,10],[-4,6],[15,-2],[32,14],[-3,3],[11,8],[-12,10],[21,4]],[[70334,28982],[31,-22],[15,-2],[8,-11],[11,-5],[15,6],[29,3],[38,-17],[-5,15],[3,3],[25,-5],[12,-5],[10,-10],[-11,-10],[-9,-19],[26,17],[16,-27],[22,13]],[[70570,28906],[10,-2],[-43,-26],[-3,1],[-9,-4],[-1,-6],[-9,-5],[-5,-7],[2,-7],[-7,-8],[-2,-21],[8,-8],[-6,-8],[-5,-26]],[[70500,28779],[-34,1],[-35,12],[-20,1],[-30,-5],[-21,6],[-15,-4],[-6,4],[-28,-6],[2,-9]],[[70313,28779],[-12,11],[-11,2],[-6,-3],[-1,4],[-6,0],[5,9],[-8,5],[3,3],[-5,11],[-9,0],[6,6],[-7,8],[6,6],[1,4],[-5,3],[4,2],[1,10],[-5,12],[-15,10],[4,5],[-5,0],[-2,3],[13,1],[0,5],[12,0],[-14,6],[8,5],[-6,6],[5,-1],[2,5],[-11,2],[3,8],[-9,15],[13,8],[-2,9],[-9,11],[-13,4]],[[70238,28974],[-5,8],[-1,5],[5,7]],[[70237,28994],[7,-3],[16,4],[8,0],[16,9],[13,3],[37,-25]],[[71187,27658],[-33,61],[-39,-9],[-61,-8],[-6,-3],[-19,-2],[-51,-14],[-14,38],[20,2],[-4,13],[4,7],[-11,3],[-9,18],[18,1],[-4,18],[3,2],[-1,41]],[[70980,27826],[73,-2],[68,8],[4,-2],[12,5],[-18,10],[19,10],[8,-8]],[[70500,28779],[7,-16],[21,-2],[73,-22],[64,-3],[7,-2],[7,-8],[3,-11],[-2,-25],[-8,-14]],[[70672,28676],[-19,8],[5,6],[-9,0],[-12,15],[-12,-3],[-8,6],[-14,-3],[-1,-3],[5,0],[5,-4],[-14,1],[0,-5]],[[70598,28694],[-43,4],[-18,1],[0,-3],[-22,0],[1,-6],[-11,-2],[6,-3],[-2,-5],[-5,-3],[-5,3],[-17,-2],[-36,8],[3,4],[-8,3],[-32,0],[-3,19],[-42,-4]],[[70364,28708],[-17,39],[-14,14],[-18,9],[-2,9]],[[70672,28676],[-3,-14],[14,-6],[-20,-15],[35,-25],[-7,-3],[5,-3],[-12,-7],[-81,-17],[-19,4],[-25,10],[-34,4]],[[70525,28604],[-3,4],[14,10],[-24,14],[3,3],[29,2],[-3,6],[19,-3],[0,5],[14,16],[5,-1],[5,3],[-6,8],[9,-2],[2,6],[16,3],[-7,16]],[[70525,28604],[-7,0],[2,-4],[-9,-7],[4,-2],[-9,-5],[-4,2],[-7,-6],[-5,-23],[15,-12]],[[70505,28547],[-7,-3],[-5,3],[-7,-4],[-23,11],[-10,0],[0,6]],[[70453,28560],[-1,12],[-10,6],[-10,11],[-35,16],[-4,14],[13,19],[-18,15],[15,6],[-32,35],[-7,14]],[[70837,27900],[-8,-32],[23,-22],[31,-15],[-7,-2],[17,-27],[8,-8],[6,1],[9,-8]],[[70916,27787],[-129,-7],[3,-4],[-5,-1],[-4,5],[-34,-2]],[[70747,27778],[3,20],[-26,28],[-6,14],[21,15],[20,10],[9,15],[23,21],[1,7]],[[70792,27908],[5,0],[0,-5],[4,0],[1,4],[5,2],[1,-4],[23,-7],[6,2]],[[71095,27631],[-11,1],[-29,-6],[-5,-5],[-20,4],[-6,-5],[-24,-1],[-30,15],[-55,15],[-21,2],[-40,-2]],[[70854,27649],[-23,0],[-17,8],[-45,27],[-14,17]],[[70755,27701],[-15,54],[0,17],[7,6]],[[70916,27787],[36,30],[37,45]],[[70989,27862],[6,-3],[-12,-12],[-3,-21]],[[71146,28795],[56,-29],[6,-10],[55,-37],[-27,-15],[2,-9],[-3,-6],[10,-9],[-2,-13],[5,-7],[-18,-32],[-1,-13]],[[71229,28615],[-9,-11],[-3,-20],[-7,-10],[29,-45],[5,-43],[-13,-37],[-20,-29],[-34,8],[-61,8],[-39,15],[-28,5]],[[71049,28456],[3,4],[12,5],[22,-9],[3,3],[26,1],[0,26],[-14,3],[-5,-1],[-7,5],[2,5],[-4,0],[-33,-15],[-8,4],[5,2],[-6,12],[-13,10],[2,4],[-22,9],[-22,16],[3,3],[-26,12],[-14,3],[-21,-3],[-21,9],[-6,-2],[-7,4],[-11,-6],[-11,-1],[-7,4],[-15,-10],[-4,1],[-12,-19]],[[70838,28535],[-17,1],[4,9],[-7,2],[7,13],[-23,6],[22,20],[1,9],[62,40],[5,9],[35,-10],[14,8],[-2,2],[17,0],[24,21],[7,-1],[2,7],[-7,0],[2,4],[17,0],[-1,48],[36,11],[13,11],[35,9],[2,7],[7,1],[-11,31],[37,6],[27,-4]],[[70630,28329],[-60,-14],[-30,-4],[-27,1],[-18,-4]],[[70495,28308],[-5,2],[-19,23],[-27,-16],[-18,0],[-4,4]],[[70422,28321],[2,4],[-10,3],[-5,11],[15,7],[-2,3],[18,1],[-5,8],[20,8],[-12,24],[-13,-1],[-4,7]],[[70426,28396],[8,4],[31,-4],[-2,-6],[35,-5],[13,18],[5,-2],[18,1],[0,-4],[15,1],[18,8],[36,11]],[[70603,28418],[-3,-10],[8,-1],[5,-6],[12,1],[2,-9],[6,0],[1,-10],[-8,-3],[-3,2],[-5,-7],[-5,2],[-7,-4],[24,-44]],[[70577,27731],[-3,-22],[4,-4],[-4,-2],[-3,-35],[20,-61],[0,-25],[-4,-14]],[[70587,27568],[-23,-37],[-39,-33]],[[70525,27498],[-31,-30],[-18,-39],[3,-1],[-1,-37],[14,-31]],[[70317,27371],[7,3],[-11,7],[-22,53],[18,5],[3,4],[-6,4],[14,4],[-46,28],[42,29],[-31,16],[-24,23],[-19,56],[-15,30],[-8,37],[108,28],[3,-2],[62,17],[23,10],[25,-4],[9,10],[87,4],[31,5],[10,-7]],[[70521,28542],[6,-6],[-6,-1],[17,-7],[-4,-3],[12,-4],[0,-3],[-7,-3],[4,-2],[11,2],[-6,-5],[8,-1],[2,-4],[5,-2],[-5,-2],[1,-3],[-6,-1],[0,-3],[-6,0],[11,-7],[-6,-4],[13,-8],[-6,-8],[8,-2],[1,-4],[5,2],[2,-4],[-7,-4],[3,-4],[7,-1],[-1,-5],[-10,-3],[8,-4],[-5,-7],[7,-9],[12,-5],[14,1]],[[70426,28396],[-16,-5],[-10,16],[-30,8]],[[70370,28415],[-6,24],[-14,16],[17,2],[-1,4],[11,3],[32,21],[7,16],[32,23],[40,7],[22,14]],[[70510,28545],[4,-1],[-2,-4],[9,2]],[[70854,27649],[35,-47]],[[70889,27602],[-33,-3],[-34,5],[-5,-25]],[[70817,27579],[-29,3],[0,5],[-25,3],[18,7],[-2,4],[-15,-3],[-15,17],[-4,1],[4,4],[10,-1],[-17,28],[-48,66],[-27,4],[4,6]],[[70671,27723],[33,20],[24,22],[6,-11],[-8,-21],[14,-13],[5,-20],[10,1]],[[70817,27579],[-4,-26]],[[70813,27553],[-62,-5],[-20,-8],[-52,-10],[-30,45],[-12,-4],[-14,3],[-36,-6]],[[70577,27731],[7,-9]],[[70584,27722],[12,-11],[12,20],[26,-5],[4,5],[33,-8]],[[69902,27555],[11,33],[20,38],[33,31],[34,22],[3,8],[-5,29],[9,2],[8,9],[-8,0],[0,4],[15,45],[28,6],[-9,11],[0,39],[-6,7],[-12,2],[2,11],[11,4],[9,8],[9,-1],[1,3],[12,2],[2,4],[16,2],[2,4],[41,-5],[24,1]],[[70152,27874],[35,5],[29,17],[5,11],[60,-1],[23,1]],[[70304,27907],[32,0],[23,-8],[49,-11],[15,13],[7,-10],[4,3],[14,-2],[31,-9],[19,18],[9,-3],[4,4],[12,-3],[3,3],[16,0],[32,-5],[35,19],[16,2]],[[70625,27918],[-30,-28],[-16,-32],[5,-136]],[[70672,28146],[-10,-33],[-8,-5],[8,-1],[-2,-4],[12,-8],[4,4],[11,-5],[8,4],[7,0],[10,-6],[7,-9],[15,-3],[17,-11],[0,-10],[13,-9],[-11,-11],[1,-4],[8,-3],[-1,-7],[-6,0],[-8,-8]],[[70747,28017],[-11,5],[-6,12],[-15,-1],[-6,5],[-24,-2],[-10,-2],[-7,4],[-7,1],[-7,-8],[-5,3],[-16,-4],[-7,2],[-12,10],[-2,-2],[-15,2],[-7,16],[-43,6],[-3,4],[-13,3],[2,4],[-16,1],[-9,6],[-9,-1],[-4,-6],[-15,3],[-13,-7],[-10,11],[1,38],[-13,24]],[[70445,28144],[36,5],[33,1],[-2,16]],[[70512,28166],[76,7],[56,-21],[28,-6]],[[70316,28196],[12,-17],[12,-3],[14,2],[60,-9],[27,-17],[4,-8]],[[70747,28017],[-1,-4],[11,-1],[-4,-6],[18,-25],[-9,-4],[1,-4]],[[70763,27973],[6,-11],[14,-5],[-4,-8],[6,-4],[-3,-7]],[[70782,27938],[-8,-4],[-59,-5],[-24,-5],[-2,2],[-26,-6],[-15,1],[-23,-3]],[[70304,27907],[1,4],[-10,9],[43,35],[-35,12],[-4,8],[-44,-32],[-8,1],[-11,3],[4,3],[-7,4],[9,5],[-24,8],[-12,-3],[-25,19],[34,3],[-8,14],[25,13],[5,-7],[-1,-19],[62,5],[3,7],[-4,11],[1,15],[-21,-1],[-5,11],[18,5],[11,2],[2,-3],[23,4],[8,9],[-56,-2],[6,3],[9,0],[-9,6],[0,5],[-20,0],[-14,21],[-10,1],[-26,27],[-7,0],[-12,11],[23,13],[2,4],[-28,32],[15,6],[21,17],[8,10],[6,3],[74,-13]],[[70512,28166],[-6,10],[7,20],[-4,17],[5,5],[0,23],[10,14],[1,10],[-5,21],[-25,22]],[[70630,28329],[41,-84],[10,-8],[8,1],[2,-5],[2,4],[6,-1],[-6,-6],[8,-1],[-1,-11],[-5,-1],[-12,-11],[9,-4],[-7,-5],[6,-4],[-5,-4],[5,-31],[-8,-2],[-11,-10]],[[69424,28340],[1,-5],[17,-4],[29,4],[54,-8],[4,-3],[5,-21],[56,22],[52,9],[32,2]],[[69674,28336],[28,-14],[-1,-20],[15,-25],[5,-3],[4,-19],[-2,-11],[7,-10],[18,7],[24,-1],[35,16],[1,6],[33,-11],[20,10],[19,-27],[25,-12],[27,-8],[-14,-22],[11,-23],[-10,-55],[1,-6],[7,0],[1,-4],[10,-1],[-5,-8],[-22,-14],[-40,7],[-17,-27],[-38,-6],[0,-6],[10,-7],[-15,-23],[-66,7],[-13,-2],[0,-2],[-12,0],[-2,13],[15,13],[-71,23],[1,12],[-60,-11],[2,-15],[-6,-2],[-14,-23],[-23,-19],[-11,-13],[-12,-39],[-7,-9],[-9,1],[-15,-21],[-23,-17],[-2,-10],[-4,-3],[3,-15]],[[69482,27887],[-16,1]],[[69466,27888],[-12,3],[-17,-3],[-7,4]],[[69430,27892],[-35,35],[-4,0],[5,19],[68,73],[68,41],[-105,4],[-37,-4],[-42,0],[-30,3],[-23,6],[-68,-16],[-38,-3],[-47,-10],[-5,7],[-22,-13],[-2,8],[-33,3]],[[69080,28045],[-14,-4],[-18,5],[3,6],[-30,4]],[[69021,28056],[-58,7],[12,22],[13,9],[-16,15]],[[68972,28109],[14,20],[-16,17],[0,8],[13,15],[-11,23],[-6,2],[-33,-2],[-24,6],[-5,4]],[[68904,28202],[-4,9],[2,13],[29,11],[11,11],[0,8],[-25,37],[-32,14],[-19,16],[-10,17],[-1,10],[9,0],[1,5],[19,-7],[4,4],[25,-5],[40,7],[59,4]],[[69012,28356],[32,9],[20,-13],[17,-1],[4,2],[19,-14],[24,11],[18,-14],[45,-17],[121,4],[22,8],[29,7],[18,1],[7,4],[36,-3]],[[70316,28196],[21,27],[0,26],[-22,28],[-49,22],[-2,4],[3,10]],[[70267,28313],[23,25],[19,7]],[[70309,28345],[-4,-14],[48,-10],[12,-6],[28,8],[11,-7],[18,5]],[[70889,27602],[46,-62],[9,-27],[-9,-27],[-39,-49],[-5,-25],[3,-21]],[[70894,27391],[-21,26],[-23,16],[-30,14],[-39,11]],[[70781,27458],[-20,33],[9,10],[-1,5],[38,33],[6,14]],[[71161,27533],[-15,-2],[0,3],[-25,-8],[-19,-11],[-6,-11],[2,-8],[10,-11],[43,-19],[17,-13],[5,-16],[-16,-15],[-24,-9],[-21,-4],[-53,8],[-32,-3],[-21,-10],[-39,-28],[-60,-16]],[[70907,27360],[-13,31]],[[69733,27616],[-27,25],[-1,7],[6,11],[-11,4],[-1,6],[13,12],[15,9],[11,17],[1,34],[-4,27],[-13,22],[-1,19],[24,-3],[8,14],[23,-1],[8,19],[-21,5]],[[69763,27843],[59,34],[62,107],[74,-3],[18,6],[22,0],[59,7],[11,-25],[-5,-12],[16,-8],[-7,-2],[4,-15],[-5,-4],[26,-15],[16,10],[11,-7],[-6,-4],[12,-7],[22,-31]],[[70782,27938],[13,-10],[-6,-13],[3,-7]],[[70907,27360],[-17,0]],[[70525,27498],[49,-15],[49,-10],[55,-6],[62,-2],[41,-7]],[[70309,28345],[1,21],[-12,14],[-19,14],[11,3],[22,0],[10,3],[-2,3],[6,1],[4,5],[23,-3],[-7,11],[14,3],[10,-5]],[[69763,27843],[-12,3],[-2,3],[-9,0],[-31,9],[-54,4],[2,8],[-9,5],[-38,6],[-22,15],[-10,-1],[-3,-4],[-31,-6],[-8,3],[-29,-4],[-11,3],[-4,-1],[-10,1]],[[69674,28336],[8,10],[39,0],[4,-4],[14,5],[13,-2],[9,6],[12,-6],[-16,-13],[-1,-10],[74,-23],[29,-21],[40,-11],[9,5],[6,20],[22,14],[50,-5],[62,12],[34,-2],[16,3],[28,-2],[34,7],[23,1],[15,-6],[7,2],[18,1],[9,-5],[15,0],[10,3],[10,-2]],[[65003,30938],[-32,-10],[-50,-6],[-18,-6],[4,-4],[-34,-11],[-61,-10],[0,-3],[-37,-4],[-4,-3],[4,-10]],[[64775,30871],[-20,9]],[[64755,30880],[8,4],[-9,13],[11,8],[3,16],[9,11],[-21,6],[9,19],[15,22],[60,62]],[[64840,31041],[62,-18],[65,-50],[37,19],[2,-15],[-10,-11],[-2,-8],[12,-18],[-3,-2]],[[65119,31786],[-34,-16],[-32,-9],[-12,-12],[-15,-7],[-10,-20],[-10,-8],[-15,-23],[-17,-2],[-21,2],[-22,-11],[-4,1],[-9,-6],[0,-5],[-7,0],[-4,-9],[-6,-1],[-7,-13],[2,-5],[-10,-5],[-14,6],[-10,0],[-10,-3],[0,-7],[-43,-4],[-19,-24],[-14,-3],[-17,-7],[-15,-14],[-4,-8],[5,-3],[0,-6],[-18,-1],[-8,-8],[-28,-3],[-2,-4],[-25,-8],[1,-4]],[[64665,31536],[-6,0],[-13,4],[8,-18],[1,-15],[-8,-20],[-4,1],[-7,-12],[-22,2],[-3,-8],[-18,-12],[-56,13],[-4,-4],[3,-13],[10,-3],[-7,-5],[22,-9],[7,-5],[-24,-6],[4,-5],[-4,-2],[9,-6],[-14,-7],[10,-12],[8,0],[9,-8],[-9,0],[0,-9],[-17,-16],[1,-10],[8,-2],[1,-3],[-23,-14],[3,-3],[-8,-6],[14,-6],[-9,-6],[49,-34],[30,6],[61,-5],[50,0]],[[64717,31278],[-8,-24],[18,-4],[4,-7],[22,-13],[4,-52],[-9,-28],[-21,-30],[-7,-16]],[[64720,31104],[-5,-4],[-9,1],[-30,11],[-65,-1],[-63,-16],[-35,-16]],[[64513,31079],[-153,-16],[-14,20],[-33,15],[-12,26],[-29,16],[-34,33],[-13,7],[4,25],[9,14],[10,8],[-7,0],[8,36],[-7,14],[1,9]],[[64243,31286],[-1,20],[-11,19],[-30,7],[5,11],[10,-1],[7,27],[-2,19],[10,6],[-9,17],[-3,28],[-21,-2],[4,16],[-7,1],[-3,8],[0,20],[3,3],[-4,30],[-16,2],[-27,19],[-23,-2],[4,12],[-14,-3],[-13,6],[-21,21],[-2,5],[5,2],[-5,6],[-9,4],[2,22],[-7,8],[-17,7],[-32,4],[5,10],[1,22],[-6,5],[-18,3],[-11,13],[14,17],[-3,7]],[[63998,31705],[6,3],[14,-4],[12,-9],[86,12],[6,5],[16,0],[15,9],[18,2],[33,11],[31,5],[2,-4],[127,10],[-2,13],[17,31]],[[64379,31789],[13,10],[50,-6],[41,7],[84,4],[36,-8],[49,-23],[62,0],[17,2],[10,-2],[37,5],[101,6],[22,3],[18,7],[1,-5],[88,32],[15,10]],[[65023,31831],[52,-20],[44,-25]],[[64513,31079],[-27,-18],[-13,-18],[-14,-4],[-25,2],[-18,-4],[-9,-6],[-2,-8],[-5,-3],[-29,5],[-16,-1],[-11,-8],[-6,-18],[-17,2],[13,-9],[-3,-11],[17,-12],[8,-13],[15,-14],[-2,-13],[11,0],[2,-6],[19,-11],[5,-8],[19,-5],[20,-11],[6,-14],[-12,-13],[17,-13],[19,-1],[-6,-9],[11,-1],[0,-4],[5,-2],[20,5],[11,-9]],[[64516,30826],[-9,-9],[2,-4],[-5,-6],[7,-2],[-6,-14],[3,-3],[-19,1],[-5,-11],[5,-5],[74,-18],[3,-14],[7,-5],[-2,-5],[-25,-1],[4,-10],[-7,0],[-4,-7],[63,-18],[64,-10],[17,-7]],[[64683,30678],[12,-6],[14,-2],[-17,-6],[-11,2],[-9,-3],[-1,-11],[10,-18],[-27,-11],[68,-15],[-10,-29],[54,-10],[19,10],[20,21],[34,5],[6,-3],[75,-15],[25,-10],[-14,14],[-27,16],[-16,14],[-2,24],[-5,6],[11,11],[1,9],[77,-53],[13,7],[84,-50]],[[65067,30575],[29,-19],[16,-5],[38,-3],[47,-14],[72,-52],[23,8],[65,-22],[74,-21],[49,-19],[-6,-46],[37,-1],[1,-8],[4,-1],[-2,-5],[-36,3],[0,-12],[-8,0],[0,-14],[6,0],[1,-35],[-103,-26],[8,22],[-61,17],[-54,34],[-21,2],[-70,21],[-95,94],[-5,-10],[4,-14],[-6,-1],[-8,-17],[11,-33],[-30,2],[1,-4],[-6,-3],[-6,4],[-9,-3],[6,-6],[-2,-10],[13,-13],[-1,-3],[-49,2],[-8,-2],[-16,14],[8,7],[13,5],[5,11],[-16,40],[-25,36],[1,9],[-7,6],[-14,7],[-43,8],[-28,-5],[15,-7],[-33,-17],[23,-36],[-26,-14],[-23,12],[-8,16],[-69,56],[0,5],[-25,7],[5,4],[-7,2],[0,-6],[-14,-3],[-35,-16],[-23,-6],[-2,-2],[58,-8],[20,-7],[13,-10],[-26,-19],[6,-10],[24,-4],[25,0],[56,-30],[-8,-16],[4,-8],[-4,-3],[2,-7],[-17,-5],[10,-8],[13,2],[10,-10],[9,-11],[-5,-10]],[[63981,30455],[13,6],[21,2],[3,4],[7,0],[14,7],[6,6],[25,4],[17,17],[53,20],[81,49],[13,-62],[41,-52],[57,-16],[18,-3],[94,4],[23,-6],[23,-10],[9,-8],[28,-8],[7,-11],[12,-6],[33,-11],[20,-21],[12,-3],[21,3],[3,-2],[10,4],[9,0],[5,-5],[14,1],[1,-7],[10,1],[7,-8],[12,1],[-2,-7],[10,-8],[13,-3],[8,-7],[8,1],[2,-3],[7,2],[7,-4],[10,4],[17,-1],[1,3],[19,0],[8,8],[21,1]],[[63781,31126],[-1,-36],[-10,-31],[11,-31],[7,-7],[8,-39],[4,-2],[9,-21],[-2,-13],[-22,-28],[-16,-36],[87,-47],[-6,-14],[-8,-49],[25,-20],[-5,-12],[83,-36],[29,-7],[42,-15],[17,0],[28,-49],[5,-5],[29,-11],[6,-6],[-1,-21],[-9,-8],[-17,-1],[-8,-5],[-4,2],[-4,-4],[-25,-3],[-14,-6],[-24,0],[1,-3],[-8,0],[-1,-3],[-10,-2],[-4,-7],[-20,-10],[1,-18],[10,-13],[-8,-2],[5,-12],[-2,-20],[15,-11],[7,-9]],[[63845,31412],[-16,-18],[-10,-21],[-1,-31],[-42,-61],[-6,-20],[6,-19],[0,-50],[-9,-48],[14,0],[0,-18]],[[63845,31412],[20,-10],[-8,-26],[-2,-25],[32,-53],[4,-18],[9,-17],[16,-20],[13,4],[8,-12],[30,-17],[18,4],[6,-4],[21,7],[-3,16],[11,2],[29,2],[23,-1],[38,4],[24,-4],[7,2],[4,8],[10,6],[-11,2],[-8,9],[38,8],[69,7]],[[64775,30871],[8,-10],[12,-33],[15,-9],[27,-9]],[[64837,30810],[29,-8],[-17,3],[-29,-9],[-29,9],[-4,-1],[-22,9],[0,3],[-21,3],[-3,4],[7,-15],[-14,2],[-43,0]],[[64691,30810],[-12,6],[-46,-1],[2,3]],[[64635,30818],[10,16],[28,24],[-10,5],[3,7],[19,9],[35,2],[16,-2],[6,7],[13,-6]],[[64951,31331],[-16,15],[-54,30],[-24,8],[-28,4],[-18,0],[-23,-4],[-68,-26],[-39,-8]],[[64681,31350],[-10,8],[2,4],[-5,2],[1,7],[18,11],[-1,5],[23,19],[-3,3],[10,2],[6,8],[7,3],[-2,7],[7,6],[-16,7],[4,5],[-1,34],[-7,1],[0,14],[-14,8],[5,18],[-5,0],[-8,7],[-12,2],[-6,5],[-9,0]],[[65119,31786],[16,-13],[29,-55],[46,-38],[25,-10],[41,-8],[63,-20],[-33,-11],[-47,-10],[-2,-13],[12,-44],[-8,-10],[1,-9],[6,-11],[-1,-10],[16,-18],[0,-7],[-34,-6],[-31,-12],[-24,-3],[-19,-5],[-25,-22],[-6,-22],[-16,-11],[-3,-12],[-8,-10],[-25,-7],[-25,-15],[-44,-8],[-11,-6],[-28,-5],[-26,-9],[-6,-4],[-1,-11]],[[64681,31350],[-10,0],[63,-20],[5,-2],[-5,-3],[27,-9],[-11,-17],[6,-11],[-25,-4],[-14,-6]],[[64720,31104],[-3,-6],[28,-15],[95,-42]],[[64635,30818],[-7,12],[-20,-2],[-19,1],[-2,-3],[-20,-3],[-13,3],[-3,8],[-25,-2],[-2,-4],[-8,-2]],[[64837,30810],[41,-7],[50,-5],[41,-13],[35,-6],[29,1],[14,3],[14,-1]],[[65061,30782],[21,-1],[13,-6],[3,-11],[-4,-7],[6,-4],[16,3],[17,9],[6,-3],[6,5],[21,1],[17,12],[11,4],[36,-1],[34,-6],[29,3],[37,-4]],[[65330,30776],[-2,-5],[3,-4],[20,-10],[0,-10],[-33,-9],[-34,-3],[-21,-11],[-9,-22],[-18,-17],[2,-13],[-17,-11],[7,-18],[-7,-10],[-35,-19],[-49,-11],[-24,-11],[-46,-17]],[[64683,30678],[6,8],[1,12],[29,4],[-12,23],[3,11],[-9,0],[0,8],[4,2],[5,-1],[21,6],[11,8],[-3,6],[-21,13],[-11,21],[-16,11]],[[64410,32689],[-8,-20],[21,-4]],[[64423,32665],[-9,-6],[-7,-1],[3,-15],[10,-10],[5,-18],[-10,-12],[-5,-2],[2,-16],[-6,-12]],[[64406,32573],[-13,-16],[-8,-1],[-7,7],[-17,3],[2,4],[-23,7],[-20,-14],[-49,12],[-57,2],[-7,-9],[0,-8],[-15,-1],[-14,-7]],[[64178,32552],[-10,2],[-5,-5],[-40,12],[-14,-12],[3,13],[-6,2]],[[64106,32564],[0,4],[10,8],[-7,0],[-14,5],[3,2],[20,-5],[17,16],[12,20],[-1,24],[6,2],[13,-1],[28,6],[-4,5],[7,2]],[[64196,32652],[17,2],[4,-11],[21,2],[26,11],[8,15],[14,6],[-10,6],[2,3],[40,3],[1,5],[23,0],[13,7],[25,-10],[17,2],[0,-4],[13,0]],[[64036,32566],[-18,-4],[2,-5],[-8,-2],[-4,3],[-26,-9],[-8,0],[0,-6],[-11,-1],[-1,4],[-12,0],[-21,12],[-52,8]],[[63877,32566],[17,0],[16,10],[-3,34],[18,15],[36,16],[24,3]],[[63985,32644],[18,-11],[16,-3],[20,-14],[9,-2],[-8,-12],[2,-11],[-28,-3],[11,-10],[0,-5],[15,-2],[-4,-5]],[[64158,32749],[5,-5],[-6,-2],[3,-4],[-4,-3],[10,-5],[-2,-6],[13,-11],[-14,-7]],[[64163,32706],[-20,2],[-38,-19],[-25,1],[-30,9],[-25,1],[-22,-3],[-23,-12]],[[63980,32685],[-6,7],[-1,9],[70,20],[3,4],[-9,11]],[[64037,32736],[12,16],[33,14],[20,-1],[-3,-12],[17,-4],[2,3],[19,-2],[1,3],[12,1],[-1,-6],[9,1]],[[64163,32706],[10,-5],[-10,-11],[6,-4],[-10,-11],[16,-8],[-4,-7],[19,5],[6,-13]],[[64106,32564],[-6,-5],[-32,-12],[-17,-3]],[[64051,32544],[-6,22],[-9,-3],[0,3]],[[63985,32644],[13,13],[-20,10],[2,18]],[[64727,32246],[32,-14],[17,-12],[52,-18],[93,-49],[25,5],[21,0],[16,-4],[23,0],[118,-28],[12,-18],[76,-38],[15,-14],[-42,-18],[-15,-10],[-30,-11],[-54,-9],[-18,1],[-57,-16],[-21,-21],[-10,-6],[-2,-18],[-15,-16],[17,-14],[5,-9],[-22,-10],[-3,-7],[51,1],[32,-18],[-10,-17],[-1,-18],[-9,-9]],[[64379,31789],[-54,52],[-63,50],[-41,21]],[[64221,31912],[21,13],[8,1],[13,15],[10,5],[-16,16],[10,3],[-2,3],[17,1],[2,18],[8,8],[-5,1],[-5,5],[21,13],[-5,6],[7,3],[0,3],[19,-1],[33,5],[4,-4],[47,4],[-16,20],[14,22],[23,2],[46,20],[68,16],[6,7],[-8,13],[0,27],[-43,31],[19,12],[2,10],[12,13],[1,19]],[[64532,32242],[75,12],[12,8],[67,-3],[41,-13]],[[65766,32886],[30,-21],[14,2],[15,-4],[10,-11],[8,-1],[7,-6],[4,2],[11,-8],[4,-1],[41,-3],[7,3],[47,-7],[17,-6],[11,-16],[-1,-19],[10,-5],[8,-14],[33,-12],[21,-1],[6,-11],[14,-8],[36,-8],[51,-3],[12,3],[23,0],[15,3],[5,5],[15,1],[41,-8],[10,-6],[15,-13],[-12,-11],[3,-7],[-8,-6],[-1,-12],[-10,-6],[14,-17],[-4,-11],[9,-20],[-4,-7],[22,-26],[-3,-10],[7,-8],[2,-13],[-17,-21],[-13,-8],[-3,-7],[-21,-11],[-4,-7],[11,-32],[35,-28],[6,-11],[2,-15],[-6,-8],[-15,-9],[-4,-14],[16,-8],[51,-39],[45,-12],[25,-23],[24,-11],[46,15],[17,12],[48,4],[15,-1]],[[66579,32325],[27,-2],[30,-14],[22,-2],[45,-22],[6,-11],[-6,-9],[9,-18],[-11,-22],[1,-22],[-9,-7],[100,-36],[122,6],[85,-44],[47,-35],[28,4],[59,0],[41,-5],[9,-10]],[[67184,32076],[-77,-4],[0,-16],[-19,-80],[-91,-105],[30,-39],[-7,-64],[-10,-32],[-12,-14],[2,-6],[13,-11],[5,-14],[-11,-8],[-27,-38],[-19,-16],[0,-4],[-59,-43],[-23,-12],[0,-6],[-55,10],[-38,-9],[-16,-8],[-20,-21],[-5,-10],[4,-10],[-13,-61],[-56,14],[-52,-6],[-8,-19],[-61,-24],[-15,-5],[-48,-2]],[[66496,31413],[-21,1],[1,69],[2,20],[22,24],[-43,16],[-56,13],[12,3],[11,8],[8,-1],[-2,5],[9,-2],[7,8],[-9,3],[11,4],[2,8],[-68,-17],[-38,0],[-22,-6],[-20,0],[-36,-11],[-21,5],[-19,14],[-8,0],[-14,-9],[-13,10],[-11,1],[-9,9],[-6,1],[-16,-3],[-40,-14],[-4,-10],[-27,-21],[-121,-55],[-23,-14],[-37,-13],[-94,-44],[-41,-8],[-40,-12],[-20,-25]],[[65702,31370],[-29,-30],[-18,-11],[-7,-16],[-26,-20],[-59,-27],[-1,-18],[-13,-12],[0,-5],[-6,-1],[22,-45],[-14,-15]],[[65551,31170],[-40,7],[-93,5],[-27,0],[-74,-8],[-52,6],[-53,-3],[-1,-11],[-7,-7],[-16,-13],[-12,-6],[-36,28],[-12,2],[-17,0],[-8,2],[-19,20],[-68,38],[-3,11],[3,10],[-11,19],[-3,18],[-15,11],[-4,-2],[-14,7],[-18,27]],[[64727,32246],[72,65],[22,13],[40,17],[21,-1],[19,-5],[126,56],[87,-11],[37,3],[-29,45],[0,29],[33,36],[26,16],[57,28],[32,21],[5,19],[-42,25],[-68,26],[13,20],[0,47],[23,3],[65,-7],[43,15],[46,22],[12,3],[70,1],[73,-7],[120,42],[15,12],[5,14],[-3,29],[11,52],[108,12]],[[64406,32573],[5,0],[9,-7],[-5,-12],[3,-14],[-9,-6],[14,-1],[15,-8]],[[64438,32525],[-15,5],[-7,0],[-2,-4],[-11,6],[-11,-3],[-6,2],[-22,-3],[-18,-13],[-18,6],[-10,-12],[13,-34],[-1,-10]],[[64330,32465],[-10,1],[-6,9],[-13,6],[-9,13],[-17,0],[2,8],[-9,2],[-4,5],[-5,0],[4,3],[-20,8],[-2,1],[-40,16],[-23,15]],[[65551,31170],[5,-9],[18,-14],[44,-25],[1,-7],[-11,-12],[4,-1],[-1,-20],[7,-5],[42,-16],[8,-10],[1,-13],[17,-22],[50,-11],[10,-8],[15,-3],[17,-15],[4,-9],[-4,-8],[9,-28],[-3,-6],[7,-10],[19,-17],[-16,-11],[3,-12],[27,-13],[18,-1],[18,-6],[13,-15]],[[65873,30843],[-37,-11],[-9,0],[-32,9],[-39,-3],[-29,5],[-20,15],[-81,1],[-10,-5],[-3,-9],[9,-10],[26,-2],[3,-5],[-29,-8],[-40,-17],[-18,-2],[-8,3],[-25,0],[-39,-8],[-31,3],[-13,-12],[-26,-8],[-32,4],[-12,7],[-13,1],[-11,-2],[-3,-4],[-13,-3],[-8,-6]],[[65061,30782],[2,15],[21,30],[-21,23],[-10,6],[-1,8],[-49,74]],[[63998,31705],[-23,13],[-43,5],[-6,8],[7,17],[-6,4],[-26,3],[-11,8]],[[63890,31763],[-11,32],[3,13],[-15,4],[-4,5],[68,19],[-17,9],[5,5],[-18,5],[-2,3],[-13,3],[-2,-3],[-16,0],[3,16]],[[63871,31874],[3,6],[11,-2],[8,7],[18,6],[4,-3],[40,33],[37,19],[41,7],[44,0],[9,-25],[9,-2],[-8,-19],[-6,-3],[-15,0],[9,-6],[-3,-3],[28,-15],[-16,-9],[24,-6],[-8,-12],[-14,-9],[30,-1],[6,-22],[89,-16],[14,36],[-68,13],[3,41],[-17,44],[14,8],[64,-29]],[[63890,31763],[-2,-2],[-11,-1],[-19,5],[-2,-1],[14,-6],[-11,-5],[-7,4],[-25,-9],[-11,2],[-2,4],[-32,-14]],[[63561,31879],[-29,-22],[19,-13],[3,-6],[16,5],[14,-15],[16,-8],[10,0],[10,3],[12,12],[2,9],[16,4],[15,-7],[27,-4],[11,-21],[7,-4],[14,-2],[23,-9],[12,8],[14,-5],[-16,-34],[-2,-14],[4,-13],[15,0],[8,-3]],[[63561,31879],[7,-1],[17,6],[-22,19],[-28,20],[0,4],[30,-3],[25,-11],[18,-3],[20,5],[8,4],[-1,3],[18,1],[-5,8]],[[63648,31931],[13,2],[-3,13],[37,2],[-14,22],[-11,3],[26,8],[18,-8],[20,32],[81,20],[-4,39]],[[63811,32064],[7,-2],[33,-42],[16,-34],[-5,-23],[16,-34],[-2,-5],[5,-12],[-10,-38]],[[64515,32474],[-7,10],[-4,1],[3,3],[-6,8],[-8,-1],[-4,5],[-36,11],[-15,14]],[[64423,32665],[45,-12],[45,-22],[35,-28],[19,-29],[7,-37],[-2,-13],[-6,-4],[4,-4],[-6,-12],[-31,-37],[-18,7]],[[64158,32749],[35,16],[4,-2],[3,8]],[[64200,32771],[81,-35],[13,1],[62,23],[32,0],[34,3],[15,-2],[-14,-35],[-9,-10],[-4,-27]],[[65766,32886],[-4,51],[16,14],[-1,43],[4,2],[-3,3]],[[64532,32242],[-10,-2],[-12,-9],[-22,-5],[-127,4],[-61,6],[-28,6],[-5,-2],[-140,77],[-42,20],[-44,-22],[-12,-4],[9,-18],[-17,1],[-34,-7],[-54,1]],[[63933,32288],[-76,1],[-46,-3],[-54,16],[-29,-8],[0,5],[-15,2],[5,11],[-22,3],[3,10],[-67,12],[2,11],[24,-5],[-3,12],[15,23],[-7,14],[-12,7],[-8,2],[-18,-3],[4,2],[-1,4],[-21,17]],[[63607,32421],[5,2],[-15,17],[0,4]],[[63597,32444],[6,3],[38,4],[3,11],[28,13],[16,24],[5,2],[7,-5],[18,14],[10,2],[13,1],[22,-24],[17,-11],[11,-4],[28,2],[2,3],[-14,8],[7,8],[-16,23],[-18,9],[16,8],[27,5],[12,11],[30,16],[12,-1]],[[64051,32544],[0,-3],[13,-9],[10,6],[32,2],[-15,-8],[-1,-4],[7,-8],[-9,-5],[12,-9],[-4,-1],[-2,-17],[7,-11],[12,1],[14,-4],[6,0],[1,4],[5,0],[24,-20],[23,-14],[39,-16],[25,-7],[56,-9],[60,-1]],[[64366,32411],[58,8],[52,16],[42,21],[-3,18]],[[64200,32771],[-43,12],[33,9],[34,-20],[29,-3],[11,18],[20,10],[3,-1],[9,12],[17,13],[20,0],[25,12],[15,2],[16,10],[95,29],[9,1],[18,-4],[4,15],[-5,5],[11,8],[13,0],[34,-14],[24,-4],[32,13],[21,1],[5,-3],[32,4],[55,13],[47,-5],[15,9],[16,19],[44,-6],[33,4],[73,35],[18,13],[9,2],[14,-4],[34,14],[26,4],[37,14],[20,-8],[9,-9],[14,-2],[18,3],[17,-1],[23,14],[36,2],[21,-3],[41,10],[7,-1],[8,5],[34,-7],[26,4],[40,-3],[27,3],[17,5],[21,-1],[13,-3],[23,-13],[6,-6],[17,-2],[8,-6],[28,-6],[62,15],[77,-3],[62,4]],[[63811,32064],[-1,17],[6,12],[26,25],[42,64],[12,10],[10,28],[11,13],[7,25],[-7,12],[16,18]],[[64330,32465],[6,-18],[-5,-7],[7,-3],[-8,-6],[3,-4],[7,4],[4,-10],[22,-10]],[[65778,32999],[5,1],[15,-1],[5,4],[17,4],[0,9],[8,6],[-3,7],[2,14],[-7,12],[2,13],[-4,3],[-2,17],[-4,-1],[-4,6],[-19,9],[-47,3],[-36,10],[-26,2],[93,46],[-59,6],[-29,-2],[-36,2],[-56,12],[-13,46],[-17,14],[4,10]],[[64037,32736],[-24,15],[-2,6],[-24,7],[-9,19],[-8,4],[3,18],[8,7],[-13,17]],[[63968,32829],[-6,4],[2,15],[16,44],[17,1],[10,9],[0,5],[30,18],[47,10],[22,18],[5,16],[15,14],[0,11],[10,7],[4,15],[-16,34],[5,11],[-8,21],[14,19],[37,18],[5,7],[34,22]],[[64211,33148],[20,-23],[18,-12],[19,-5],[17,-8],[42,-3],[42,3],[43,19],[40,-2],[27,-5],[64,21],[26,5],[16,8],[24,4],[43,28],[7,13],[-49,24],[-8,11],[-39,24],[31,18],[9,31],[1,40],[49,13],[15,7],[15,34],[23,12],[21,3]],[[65567,33251],[-5,7],[-43,15],[-17,-3],[-61,-24],[-41,-7],[-22,1],[-23,17],[3,7],[-17,20],[-13,6],[-34,8],[-17,8],[-41,26],[-28,33],[-37,12],[-69,39],[-28,11],[-22,0],[-66,-12],[-42,-30],[-68,-20],[-40,38],[-10,3],[-27,5],[-20,-2],[-45,2],[-7,-3]],[[63728,31535],[42,-9],[-14,-15],[-10,-20],[7,-8],[-5,-7],[7,-11],[9,-2],[-8,-4],[5,-10],[12,0],[8,-5],[20,-7],[17,-2],[6,2],[21,-25]],[[63782,31740],[12,-3],[1,-10],[-5,0],[6,-14],[-1,-3],[-17,-5],[7,-16],[-1,-14],[31,-16],[-53,-38],[-40,-16],[9,-40],[-3,-30]],[[71471,29379],[-259,17],[-40,6]],[[71172,29402],[21,44],[-21,1],[1,3],[-16,3],[9,19],[7,-1],[-4,4],[3,4],[-17,5],[6,13],[5,1],[-57,6],[7,19],[-3,23],[25,27]],[[71138,29573],[46,-8],[66,-31],[43,-8],[-4,-20],[-15,-19],[87,-20],[49,-20],[76,-51],[-15,-17]],[[71136,29303],[0,-15],[12,-5],[12,16],[59,-25],[27,-25],[43,0]],[[71272,29008],[-1,-18],[-10,-9],[-3,1],[-26,-13],[-62,-7],[-29,-15],[-13,-4],[-18,-16],[-19,-10],[-84,-24],[-18,-9]],[[70989,28884],[-6,-5],[-46,-10],[-7,-8],[-22,0],[-10,5],[-15,1],[-15,12],[-5,14],[-18,0],[-29,12],[-29,7],[9,4],[9,10],[-7,7]],[[70798,28933],[18,11],[1,12],[22,24],[13,25],[-2,5],[15,6],[-2,3],[23,30],[-10,8],[7,10],[-12,17],[16,2],[-20,19],[-8,1],[-48,33],[-101,54]],[[70710,29193],[-82,52]],[[70628,29245],[38,23],[39,12],[10,9],[66,6],[12,10],[16,7],[65,10],[22,7],[9,0],[24,17],[32,8],[42,-11],[21,-19],[14,-2],[7,4],[45,-4],[4,-8],[27,-11],[15,0]],[[70736,29623],[-9,-7],[26,-5],[4,-5],[10,0],[0,4],[9,1],[44,-2],[1,3],[6,-3],[13,1],[-4,-9],[8,-1],[2,2],[26,4],[4,-4],[15,10],[9,1]],[[70900,29613],[-9,-19],[1,-50]],[[70892,29544],[-114,3],[-125,-18]],[[70653,29529],[0,9],[-15,31],[-45,15],[-22,0],[-1,9],[16,3],[22,13],[39,5],[1,4],[10,3],[1,7],[18,2],[17,13],[3,-2],[11,2],[33,-12],[-11,-10],[6,2]],[[70854,29768],[0,-5],[-16,-8],[12,-10],[10,5],[-4,4],[9,5],[9,-8],[38,-15],[-7,-1],[-15,-10],[20,-12],[6,-12],[5,3],[6,-3]],[[70927,29701],[7,-3],[5,-7],[-7,-7],[19,-8],[-8,1],[-6,-5],[-14,9],[-12,-7],[3,-2],[-6,-3],[9,-7],[4,1],[3,-4]],[[70924,29659],[-21,-4],[-6,5],[3,2],[-11,5],[-17,-6],[-19,11],[-19,-3],[-4,6],[-8,-3],[-8,5]],[[70814,29677],[2,10],[-4,-1],[-14,14],[-6,-1],[-17,5],[-12,6],[-8,-2],[-26,1],[-21,17],[27,21],[-9,5]],[[70726,29752],[23,0],[15,-4],[17,-1],[26,8],[9,8],[13,2],[15,7],[1,3],[9,-7]],[[71212,29715],[6,-8],[-1,-10],[-37,-35],[-76,-23],[-52,-30]],[[71052,29609],[-26,-16]],[[71026,29593],[-2,-2]],[[71024,29591],[-10,25],[-34,-3],[2,-7],[-17,0],[-2,3],[-6,0],[-3,19],[-16,-5]],[[70938,29623],[-15,15],[4,1],[-8,9],[7,4],[-2,7]],[[70927,29701],[19,16],[3,-10],[8,1],[5,-4],[5,0],[7,7],[18,-10],[5,2],[-4,3],[5,4],[9,0],[0,9],[7,5],[8,16]],[[71022,29740],[26,0],[24,-9],[-13,-10],[3,-6],[122,-7],[12,0],[16,7]],[[71613,28823],[2,-2],[-30,-16],[5,-3],[-6,-3],[4,-3],[-5,-4],[-23,8],[-12,9],[-9,-4],[-21,5],[-21,-34],[-8,-5],[-23,18],[11,3],[-9,10],[-13,5],[-27,-14]],[[71428,28793],[-8,-4],[-4,1],[-2,7],[9,4],[-8,-1],[-23,14],[-23,7],[-11,-3],[-6,65]],[[71352,28883],[10,-2],[-1,5],[32,-3],[3,3],[4,-8],[18,0],[4,2],[17,0],[3,6],[62,-14],[26,-9],[17,-9],[32,11],[34,-42]],[[71759,28859],[-61,-82],[-19,-19],[-19,2],[-13,22],[14,0],[4,12],[-15,11],[6,4],[-18,8],[-25,6]],[[71352,28883],[3,64],[7,17]],[[71708,28681],[-5,-6],[-8,-3],[-4,-11],[-14,9],[-17,5]],[[71660,28675],[-6,9],[-18,-1],[-23,5],[-173,55],[-42,31],[12,6],[15,-5],[7,10],[-4,8]],[[71660,28675],[-5,1],[-8,-5],[-59,-18],[-29,5],[-16,7],[-8,9],[-23,5],[-32,3],[-34,-5],[-10,-27],[-20,-22],[-88,-39],[-23,2],[-5,-5]],[[71300,28586],[-24,4],[-5,3],[-11,-1],[-16,7],[-4,9],[-11,7]],[[71146,28795],[24,14],[-80,22],[-3,6],[-43,24],[-12,11],[-43,12]],[[70814,29677],[-9,9],[-11,4],[-23,1],[-1,-9],[-15,1],[-9,-9],[-2,-15],[35,-3],[21,-6],[-8,-4],[-13,1],[-4,-4],[7,-3],[-18,-8],[-7,-12],[-21,3]],[[70653,29529],[-174,-14]],[[70479,29515],[10,13],[0,13],[-25,29]],[[70464,29570],[12,5],[0,14],[-31,59],[-7,4],[2,3],[-30,12],[-8,11],[-14,2],[-15,20],[15,14],[9,16],[15,10],[26,7],[-2,3]],[[70436,29750],[34,5],[54,19],[19,2],[38,-4],[64,-16],[29,-3],[49,0],[3,-1]],[[70561,29099],[-13,-29],[-24,-22],[-39,-11],[-28,-4],[-10,-5],[-7,-8],[1,-29],[-9,0],[-31,16],[-33,-19],[-10,6],[-24,-12]],[[70237,28994],[-6,6],[5,7],[-13,3],[-2,9],[6,4],[-8,1],[-3,3],[-13,18],[-6,3],[-2,7],[-8,4],[2,6],[-10,-3],[-15,15],[-6,2],[-4,9],[1,20],[7,3],[-5,6],[7,3],[-5,9],[2,8]],[[70161,29137],[12,14],[-5,7],[9,-1],[26,11],[9,1],[-5,3],[7,1],[7,5],[0,4],[9,2],[1,5],[7,1],[-1,6],[-7,4],[9,6],[-1,8],[10,3]],[[70248,29217],[13,1],[32,-11],[4,-15],[17,-24],[36,6],[22,-4],[-2,-41],[43,4],[15,7],[8,-18],[0,-17],[10,2],[30,-4],[5,0],[42,-5],[38,1]],[[71471,29379],[109,-8]],[[71136,29303],[-1,7],[-30,13],[-23,26],[-6,40],[18,1],[1,18],[-5,1],[-1,6]],[[71089,29415],[83,-13]],[[70917,29440],[0,-12],[25,1],[87,-12],[21,3],[39,-5]],[[70628,29245],[-77,68]],[[70551,29313],[6,4],[-8,9],[-19,12],[-7,10],[-12,5],[0,4],[-17,14],[9,5],[12,-2],[-1,6],[-14,4],[-7,8],[18,25],[13,8],[4,-2],[6,3],[9,-1],[18,6],[6,0],[8,5]],[[70575,29436],[9,6],[13,3],[6,6],[25,-6],[71,-26],[18,4],[2,10],[21,2],[6,-29],[15,-5],[11,10],[45,13],[-1,5],[-5,0],[1,10],[48,-6],[0,4],[26,-3],[28,-1],[0,7],[3,0]],[[70575,29436],[-7,23],[-10,-2],[-11,-6],[-50,41],[-29,9]],[[70468,29501],[-2,4],[13,10]],[[70892,29544],[65,-1],[27,5],[17,11],[13,22],[10,10]],[[71026,29593],[25,-85],[2,-14],[-3,-13],[-35,1],[-8,-3],[-4,3],[-12,-5],[-6,10],[-22,-4],[6,7],[-48,-1],[-29,5],[-7,-11],[9,-1],[5,-35],[17,0],[1,-7]],[[70900,29613],[9,7],[29,3]],[[70710,29193],[-4,0],[9,-14],[-23,-3],[-3,-14],[-52,-15],[0,-8],[-5,-4],[7,-4],[10,-28],[-14,-6],[-8,7],[-10,-4],[-25,1],[-29,11],[-2,-13]],[[70248,29217],[6,13],[10,3],[6,6],[-2,4],[10,6]],[[70278,29249],[1,3],[18,9],[34,14],[37,9],[139,13],[18,5],[26,11]],[[71185,29843],[-26,-62],[19,1]],[[71178,29782],[83,-50]],[[71261,29732],[-16,-3],[-33,-14]],[[71022,29740],[-17,1],[-2,9],[15,-3],[5,4],[9,1],[-3,9],[-24,3],[-9,11],[-20,12],[-9,-4],[-20,-3],[5,13],[-17,0]],[[70935,29793],[-2,7],[-13,0],[-2,5],[-15,0],[-5,6],[-26,2],[-13,-2],[-3,3],[-19,-5],[-13,9],[-15,-8],[-15,10],[20,5],[-7,13],[17,6],[24,15],[-2,5],[7,6],[12,5],[9,-3],[11,2],[13,11],[21,7],[-3,2],[14,4],[-5,11],[6,0],[3,6],[-6,3],[-1,7],[-6,0],[-2,4],[3,6],[10,4],[17,14],[7,18],[-14,13],[-1,6],[7,0],[-1,4],[18,13]],[[70965,30007],[12,-6],[8,-22],[9,-10],[2,-35],[15,-16],[11,1],[28,-3],[36,-12],[36,10],[19,-5],[7,-5],[8,-17],[3,-23],[20,1],[6,-22]],[[70967,30008],[-2,-1]],[[70935,29793],[-7,-8],[-9,1],[-40,-7],[-25,-11]],[[70436,29750],[-35,33]],[[70401,29783],[-14,25],[-13,16],[-6,36],[0,25],[-9,26],[-13,9],[-10,15],[1,13],[19,15],[0,25]],[[70356,29988],[43,8],[15,9],[0,5],[8,6],[11,-1],[3,-5],[8,0],[3,-5],[9,-2],[5,-4],[32,-3],[12,2],[33,19],[18,-14],[7,-1],[12,3],[4,36],[13,-3],[13,10],[9,18],[6,3],[51,2],[19,0],[7,-7],[25,-9],[12,-12],[21,-8],[51,-1],[17,7],[12,-2],[2,3],[9,-3],[10,3],[14,-3],[10,2],[2,-2],[28,-4],[1,-3],[11,-3],[21,-2],[6,-6],[13,-5],[5,-8]],[[71052,29609],[5,-6],[39,-12],[12,-1],[4,-4],[-1,-9],[27,-4]],[[71356,29686],[84,-29],[33,-5]],[[71473,29652],[45,-8],[7,-18],[13,-7],[15,0],[49,-17],[51,-1],[19,-22],[6,-14],[27,-6],[49,-3]],[[71261,29732],[39,-19],[22,-16],[25,-6],[9,-5]],[[70798,28933],[-7,1],[-5,6],[-17,0],[-10,6],[-32,5],[-30,0],[-70,-20],[-27,4],[-10,-2],[-17,-19],[-3,-8]],[[78311,30561],[-69,4]],[[78242,30565],[-135,18],[-80,-8],[-69,12],[-43,0],[-41,3]],[[77874,30590],[11,27],[10,10]],[[77895,30627],[12,1],[3,-18],[6,1],[3,7],[34,9],[2,10],[26,12],[0,14],[60,17]],[[78041,30680],[134,41],[3,-3],[35,12],[4,-4],[6,2],[-2,4],[17,5],[7,-6],[18,6],[18,-6],[-2,4],[29,-1]],[[77352,30584],[51,-43]],[[77403,30541],[-17,-13],[-10,5],[-78,-35],[-12,-9],[-14,-27],[1,-30],[11,-11],[-10,-16],[-34,5],[-23,-22],[-98,22]],[[77119,30410],[13,17],[5,34],[-28,22],[-22,8],[63,15],[-9,15],[13,3],[0,6],[49,20],[19,-15],[18,16],[32,9],[66,38],[14,-14]],[[77874,30590],[-37,-62],[-7,-26],[-41,3],[4,-12],[-12,-24],[4,-28],[-4,-5],[-27,-11],[-6,-9],[9,-7]],[[77757,30409],[-9,-1],[-56,-24],[-11,-1],[-11,16],[8,1],[-4,22],[-7,-1],[-7,4],[-87,16]],[[77573,30441],[-41,7],[-73,38],[-15,11],[12,9],[-53,35]],[[77352,30584],[24,8],[131,17],[33,10],[45,-19],[-15,53],[1,9]],[[77571,30662],[11,-5],[15,-15],[60,-16],[49,-10],[84,-11],[42,-18],[27,4],[15,-1]],[[77892,30637],[3,-10]],[[77571,30662],[-220,80]],[[77739,30805],[17,-23],[-6,-2],[3,-6],[-4,-1],[37,-39],[-2,-6],[12,-14],[7,1],[5,-6],[8,2],[37,-49],[-2,-22],[11,-2],[30,-1]],[[77894,30827],[6,-104],[-1,-50],[-7,-36]],[[78041,30680],[-23,28],[-16,13],[87,73],[39,26]],[[77573,30441],[-156,-105]],[[77417,30336],[-118,27],[-63,-15],[-18,0],[-46,7],[-12,8],[2,15],[-27,20]],[[77135,30398],[-20,6],[4,6]],[[77757,30409],[1,-16],[-13,-12],[-10,-32]],[[77735,30349],[-21,2],[-29,-4],[-62,-12],[-109,-42]],[[77514,30293],[3,2],[-27,14],[-21,-5],[-6,15],[-4,-1],[-4,4],[-24,-3]],[[77431,30319],[-22,11],[8,6]],[[78242,30565],[10,-43],[-40,-10],[-33,-16],[-44,0],[-3,19],[-84,-7],[-42,-7],[0,-4],[-33,-8],[16,-24],[-32,-6],[-17,-8]],[[77940,30451],[-18,-8],[-27,-21],[-13,-16],[2,-39],[-12,-3],[-23,3],[-12,5],[-4,9],[-38,3],[-2,-39]],[[77793,30345],[-58,4]],[[77793,30345],[-5,-40],[-31,-98]],[[77757,30207],[-54,1],[-63,6]],[[77640,30214],[-91,40],[4,3],[-10,5],[8,6],[-7,3],[7,5],[-37,17]],[[76110,29354],[86,-49],[0,-6],[57,-5],[-1,-7],[33,-17]],[[76285,29270],[-20,-8],[-21,-28],[28,-6],[45,-19],[41,-11],[-2,-7],[7,0],[-6,-10],[9,-7],[-4,-5],[6,-5],[-9,-7],[-4,-29],[12,-15],[22,9],[1,-8],[-18,-10],[-14,0],[-19,-11],[-10,-2],[-12,6],[-14,0],[0,7],[-14,3],[-14,2],[-6,-2],[-31,7],[-10,-3],[-14,2],[0,-7],[-5,3],[-4,-3],[-6,1],[-8,-9],[7,-6],[11,-1],[2,-12],[6,-3],[2,-8],[-7,-7],[-24,-12]],[[75832,28951],[-136,77],[-3,-4]],[[75405,29036],[22,61],[7,2],[1,5],[5,0],[14,8],[16,-1],[19,15],[21,-3],[7,9],[26,-4],[22,3],[37,12],[30,7],[11,7],[27,3],[19,6],[-28,56],[-40,49]],[[75289,29189],[57,39]],[[75086,29080],[-2,-2],[-45,21],[0,24]],[[75191,28152],[-22,19],[-132,49],[43,24],[11,10],[21,5],[20,12],[7,-1],[32,32],[67,80],[-29,8],[-21,11],[-2,17],[-17,27],[-11,42]],[[75158,28487],[4,20],[8,5],[-1,4],[-26,17],[-37,8],[-10,31],[-33,10],[-23,-18],[-76,22],[-35,7],[-16,7],[-15,-10],[-10,0],[-34,-17],[-42,24],[-13,4],[0,3],[-36,11],[-39,-31],[-36,-7],[-37,-1],[-34,-6],[-21,25],[-22,19],[-107,39],[-15,10],[-67,81],[-17,16],[-40,26],[-5,18],[3,10],[8,8],[-8,9],[0,8]],[[75299,25294],[4,-2],[-13,-15],[9,-20],[-11,-16],[19,-10],[37,11],[23,-14],[-3,-10],[-23,-26],[0,-24],[-7,-5],[-35,-13],[-11,-8],[1,-19],[-11,-12],[39,-27],[12,-11],[-3,-13],[-19,0],[-9,-5],[-9,-26],[3,-12],[-13,-7],[-4,-7],[-34,-20],[-8,-2],[-17,1],[-13,-11],[-12,-30],[0,-12],[12,-13],[2,-15],[-4,-26],[-19,-33]],[[75182,24842],[-11,-1],[-9,8],[-8,-1],[-5,5],[-9,-2],[1,7],[-8,-3],[-1,5],[-9,-1],[-2,8],[-21,11],[-1,-4],[-9,-1],[-4,4],[-2,-4],[-10,3],[-2,-5],[-6,-1],[-6,2],[-18,-2],[-9,5],[1,-7],[-7,5],[-5,-2],[-20,3],[-5,-1],[-6,10],[-7,2],[8,3],[-25,5],[-3,-2],[-4,6],[-3,-1],[-5,4],[4,2],[-4,5],[-14,0],[0,4],[-8,0],[-6,6],[-3,-5],[-5,4],[-17,3],[2,4],[-8,1],[0,4],[-8,-1],[-8,5],[2,2],[-10,1],[-15,10],[-43,-32],[-1,-17],[38,-6],[3,-2],[-13,-5],[-13,-11],[-16,-1],[6,-3],[1,-15],[-14,-3],[-6,-7],[-10,2],[-11,-23],[30,-12],[13,-1],[-11,-20],[23,-4],[-3,-25],[20,-12],[22,14],[33,11],[34,2],[0,-12],[-6,0],[-15,-24],[-10,-7],[0,-19],[15,-18],[-6,-6],[5,-16],[-17,-9],[5,-8],[-9,-4],[-13,-3],[-29,1],[-21,-3],[-8,-5],[-24,-1],[-34,4],[1,-6],[-24,-9],[-24,4],[-12,-2],[-30,7],[-6,13],[-21,19],[7,5],[3,7],[-32,55],[4,17],[-20,3],[3,22],[-33,16],[-18,-3],[-28,1],[-26,-4],[-27,13],[-19,-3],[4,-2],[-7,-5],[-3,-7],[-4,2],[-9,-7],[-19,-6],[-3,-6],[-7,-2],[3,-2],[-8,-1],[-18,-13],[-3,3],[-4,-1],[-20,19],[-60,5],[-35,12],[-8,-2],[-27,1],[-37,-2],[-87,10],[-13,3]],[[74102,24799],[-26,30],[-3,39],[-84,-26],[-4,6],[-15,-3],[-4,7],[-5,1],[-26,-1],[-6,1],[-13,-3],[-19,10],[-14,-5],[-15,10],[-55,10],[-14,22],[-76,54],[2,2],[-18,15],[9,3],[-10,13],[-11,-2],[-14,25]],[[73681,25007],[14,4],[11,-8],[31,18],[36,8],[13,13],[14,6],[-15,12],[-1,8],[-23,14],[19,15],[6,16],[19,17],[4,10],[17,17],[10,7],[11,3],[3,10],[11,4],[13,13],[16,-2],[7,3],[10,1],[9,9],[11,-5],[10,-1],[48,13],[-25,29],[10,7],[-16,15],[-39,61],[0,8],[-5,0],[-17,34],[-17,21],[-13,30],[17,0],[7,5],[5,0],[25,19],[-1,13],[24,46],[-12,0],[-11,6],[-5,-2],[-21,8],[2,2],[-19,3],[-9,12],[-15,12]],[[73850,25541],[22,6],[9,11],[34,22],[26,9],[10,0],[2,16]],[[72626,23834],[5,-7],[-10,-2],[-14,-10],[-8,-14],[-8,-2],[17,-10],[18,-4],[12,-7],[30,-37],[14,-7],[26,-4],[25,0],[25,-4],[30,29],[44,8],[34,-6],[46,-21],[34,5],[31,-5],[20,2]],[[72997,23738],[21,-2],[9,-4],[2,-21],[12,0],[-3,-17],[31,-3],[18,-26],[22,-12],[14,-16],[33,-19],[9,-16],[31,-14]],[[73196,23588],[-9,-22],[-25,-16],[-33,-9],[-11,-9],[-19,-8],[-64,-52],[4,-11],[13,-10],[30,-1],[14,3],[9,7],[20,-11],[13,-26],[-4,-37],[-8,-11],[-25,-13],[-15,-27],[-29,0],[-26,-13],[-44,-31],[-4,-6],[1,-27],[-11,-3],[-9,1],[-11,-4],[-2,3],[-15,0],[-12,11],[-21,4],[-7,-4],[-9,3],[2,4],[-16,9],[3,13],[-9,12],[-6,-2],[-4,7],[-9,-2],[-4,4],[-16,-2],[-3,6],[-16,0],[-4,12],[-7,1],[0,4],[7,3],[-6,9],[-8,2],[1,5],[7,2],[-2,5],[-15,3],[-5,-2],[-3,3],[-11,0],[-1,2],[-35,6],[4,4],[-14,3],[-1,4],[-6,-3],[-10,5],[-8,-3],[-5,3],[-19,-3],[-16,3],[-2,-10],[-11,-5],[-6,-5],[-18,-8],[-4,2],[-1,-5],[-12,5],[-8,-3],[-4,-7],[-6,2],[-5,-5],[3,-2],[-8,-3],[-16,-11],[6,-18],[6,0],[0,-6],[-10,-6],[-8,1],[-3,-5],[-8,0],[-11,-5],[-6,-9],[-29,1],[-7,-3]],[[72484,23281],[-17,-7],[-7,2],[-1,-5],[-7,1],[-2,-5],[-8,1],[-8,-9],[-10,-1],[-6,-3],[-8,5],[-2,-7],[-2,2],[-7,-1],[-1,-4],[-10,0],[1,-2],[-17,4],[-21,-5],[-1,4],[-7,-2],[0,-3],[-14,0],[1,-4],[-9,-9],[-5,1],[-3,-6],[-7,-2],[8,-5],[-10,-9],[-10,3],[-6,-2],[1,5],[-4,2],[-9,-1],[2,-4],[-12,3],[-10,-1]],[[72256,23217],[-22,26],[-48,38],[3,4],[-11,13],[4,12],[6,4],[-11,4],[-3,4],[-16,1],[5,16],[-19,3],[-3,23],[-42,23],[-24,-1],[16,6],[69,40],[-12,5],[10,8],[20,-4],[116,59],[6,1],[3,16],[12,5],[-2,21],[8,11],[14,6],[2,7],[-29,10],[-41,5],[0,2],[-57,13],[-41,16],[1,2],[-32,8],[1,2],[-16,4],[4,14],[-34,2],[5,4],[0,4],[-6,3],[8,0],[-2,6],[-61,4],[-8,-11],[-20,3],[76,116],[26,-5],[14,33],[15,51],[28,10],[-7,13],[21,6]],[[72182,23883],[44,8],[6,-5],[33,11],[55,-17],[93,-20],[53,-6],[84,-5],[76,-15]],[[71265,24459],[21,-8],[24,-16],[-2,-2],[30,-12],[33,-17],[0,-6],[46,-31],[-8,-5],[19,-7],[6,-6],[4,-11],[17,-16],[23,-38],[12,1],[9,-32],[12,-12],[9,-22]],[[71520,24219],[-38,2],[-121,24],[-6,-6],[0,-29],[-16,-8],[-14,1],[-1,5],[-21,1],[0,3],[-7,1],[-6,-19],[-8,-5],[-7,-10],[-18,1],[-8,-9],[3,-24],[-30,1],[-7,7],[-39,3],[-20,-2]],[[71156,24156],[-37,23],[-9,-6],[-57,24],[-42,24],[-39,17],[-8,-3],[-10,6]],[[70954,24241],[37,28]],[[70991,24269],[59,48],[-1,4],[14,7],[18,19],[16,10],[139,112],[29,-10]],[[71520,24219],[2,-4]],[[71522,24215],[0,-3],[-17,0],[-1,-34],[-9,-10],[-12,-2],[-2,-6],[-25,-2],[4,-7],[-8,-3],[4,-7],[-24,-22],[-6,-10],[22,-7],[-18,-19],[-1,-13],[19,-51],[-11,-4],[4,-11],[-8,-3],[-17,-28]],[[71416,23973],[-9,2],[1,3],[-8,-1],[-7,-12],[-16,-10],[-68,2],[-25,7],[-24,-8],[1,9],[-30,1],[-17,5],[-14,-1],[-17,4],[-8,-2],[-17,6],[-29,-3],[-12,21],[-4,0],[8,22],[4,34],[17,66],[-1,9],[15,29]],[[72733,24318],[26,-50],[11,-4],[-3,-12],[11,-1],[-3,-49],[-25,1],[1,-10],[-20,-6],[-1,-6],[-18,-4],[-12,-9],[-13,6],[-26,-10],[8,-7],[-16,-5],[-5,-5],[-6,1],[-35,-20],[-8,-1],[-5,2],[-30,-19],[-15,-19],[-9,2],[-3,-3],[-7,1],[0,4],[-5,-2],[-11,0],[-3,2],[-4,-34],[4,-2],[-9,-11],[24,-7],[-12,-10],[24,-7],[-8,-12],[17,-5],[0,-4],[21,-7],[-9,-9],[21,-48],[-5,-5],[16,-8],[-4,-3],[7,-5],[-2,-1],[23,-12],[-10,-14],[20,-6],[-5,-32],[6,-19]],[[72182,23883],[-3,5],[-14,1],[-2,4],[-26,0],[-19,6],[-34,1],[1,5],[-73,0],[-59,5],[-26,6],[-63,0],[-47,5],[-56,0],[-90,6],[-32,6],[-13,-3],[-32,6]],[[71594,23936],[-65,-2],[2,12],[-8,1],[-5,4],[-26,4],[-8,-1],[-11,8],[-14,0],[-36,6],[-7,5]],[[71522,24215],[34,6],[14,-5],[9,5],[20,-4],[37,1],[57,-3],[24,20],[65,-19],[19,48],[9,3],[1,11],[280,5],[-2,14],[-8,9],[34,4],[10,18],[-1,30]],[[72124,24358],[153,13],[21,5],[36,-18],[35,-12],[43,2],[32,-3],[15,-18],[22,-13],[46,37],[31,-5],[7,-4],[30,1],[-1,-3],[28,-7],[3,2],[30,-7],[78,-10]],[[73115,24349],[6,-4],[-2,-7],[-14,-8],[15,-21],[7,1],[12,-25],[28,-19],[2,5],[24,-1],[24,21],[97,-28],[-7,-33],[5,-1],[-5,-18],[3,0],[-10,-17],[7,-16],[-6,-18],[12,-4],[-11,-11],[-9,-3],[7,-7],[-5,-6],[11,-9],[-5,-3],[5,-4],[-5,-3],[3,-2],[-14,-9],[9,-6],[-4,-10],[7,-2],[-11,-12]],[[73291,24069],[-3,-3],[-6,3],[-12,0],[4,-9],[-12,-3],[-9,-8],[-59,14],[-2,-3],[-7,0],[2,-4],[-6,-6],[-5,1],[-3,-4],[-5,0],[-1,-5],[-7,-3],[-9,-11],[-6,-1],[0,-6],[-21,-10],[-10,-8],[-3,-10],[5,-5],[-5,0],[2,-16],[8,-7],[-2,-3],[7,-4],[-6,-5],[-33,-4],[-7,-4],[3,-4],[0,-12],[-4,-14],[8,-10],[6,-1],[10,-6],[9,-12],[-32,-24],[-7,-12],[-15,-4],[0,-11],[-15,-6],[-2,-13],[5,-6],[-6,-8],[-15,1],[3,-7],[-3,-5],[-11,-1],[-21,-9],[0,-16],[-4,-4],[8,-23]],[[72733,24318],[3,8],[8,7]],[[72744,24333],[41,-1],[4,6],[29,-1],[5,9],[54,8],[8,5],[53,-5],[11,6],[29,-4],[15,-5],[17,10],[11,-5],[16,9],[73,-17],[5,1]],[[74102,24799],[-3,-16],[-23,-26],[-18,-15],[-26,-34],[-7,-19]],[[74025,24689],[-5,-10],[-107,-36],[-17,-13],[-4,-10],[-72,22],[-12,0],[-15,5],[-52,23],[-21,-2],[-10,3],[-29,-16],[-22,-20],[-20,-7],[-29,-29],[-1,-11],[-12,-6],[-26,-7],[-31,-29],[-24,-13],[-1,-4],[5,-3],[-26,-12],[-32,-27],[-51,-8],[-45,0],[-20,4],[-5,-3],[-7,1],[-5,-3],[-2,2],[-8,-9],[3,-4],[-8,-4],[4,-4],[-6,0],[-5,-9],[-6,3],[-5,-5],[-8,0],[-7,-6],[2,-3],[-3,-7],[-12,2],[-5,-3],[2,-3],[-20,-9],[-5,1],[-4,-4],[-14,1],[-13,-4],[-8,6],[-11,0],[-1,-4],[-4,2],[-4,-10],[2,-7],[-11,-2],[-6,-4],[3,-4],[-4,-4],[-13,-10],[-7,0],[2,-4],[-7,-1],[-1,-6],[-24,-16]],[[72744,24333],[22,18],[26,4],[0,11],[35,46],[14,29],[31,28],[8,-1],[2,2],[10,31],[-43,1],[-3,27],[-74,-2],[-8,-7],[-8,-18],[3,-10],[-8,-10],[7,-3],[-4,-4],[-7,6],[-20,1],[-6,-9],[-29,-2],[-25,9]],[[73058,24859],[42,12],[12,10],[43,-12],[2,6],[11,5],[24,3],[18,8],[11,-1],[0,-2],[12,-3],[8,19],[23,29],[44,33],[3,-1],[44,30],[78,-34],[2,6],[14,2],[2,6],[4,-2],[3,3],[7,-2],[0,5],[28,4],[70,28],[47,27],[19,-14],[29,-14],[23,-3]],[[74560,24081],[-5,0],[-1,-11],[-13,-6],[-16,-22],[-15,-1],[-5,4],[-8,-2],[0,6],[-4,-4],[-10,2],[-3,-4],[-7,1],[-11,-6],[-11,5],[4,2],[-3,6],[-16,0],[-20,3],[0,4],[-7,1],[3,3],[-4,10],[-31,-5],[-9,2],[3,5],[-6,3],[-12,-6],[-10,1],[0,-5],[-8,-1],[-2,-4],[-9,-4],[-9,2],[-3,4],[-8,0],[-2,4],[-9,-6],[1,9],[-6,3],[-15,1],[-1,4],[-11,-1],[-5,4],[-7,-4],[-7,5],[4,5],[-7,7],[-14,-3],[-5,3],[-19,-6],[-6,7],[-8,-2],[-1,4],[-6,1],[-5,6],[7,3],[-7,1],[-1,5],[-7,1],[-4,-2],[-5,2],[-11,-9],[-2,-9],[-36,-4],[-14,3],[-52,1],[-1,-21],[-6,-20],[6,0],[0,-13],[-13,-1],[0,-4]],[[74029,24038],[-8,12],[1,8],[-38,19],[-50,19],[-30,27],[-71,47],[-65,-24],[-51,-14],[-85,-19],[-89,-31],[-36,-26],[-6,0],[-11,8],[-33,-1],[-11,15],[-20,-8],[-31,3],[-21,-6],[-59,6],[-14,-5],[-10,1]],[[74025,24689],[23,-9],[20,-5],[16,-10],[10,-11],[11,-25],[16,-14],[0,-8],[90,-34],[1,-8],[9,-9],[-4,-7],[-14,-5],[-8,1],[-3,-7],[-7,1],[-3,-4],[-8,-1],[-6,-8],[2,-3],[-10,-2],[0,-7],[4,-3],[-7,-2],[0,-3],[-17,-3],[-1,-4],[14,-7],[6,-9],[-4,-2],[8,-4],[3,4],[4,-3],[-3,-4],[4,-4],[32,-9],[-4,-4],[7,0],[6,3],[2,-5],[-6,-1],[14,-4],[-8,-17],[7,0],[-4,-7],[6,-7],[-7,-2],[9,-1],[4,-4],[-3,-4],[3,-4],[-7,-3],[9,-3],[-9,-1],[1,-6],[10,0],[-3,-6],[11,1],[-3,-5],[8,-1],[1,-3],[6,0],[0,-5],[8,1],[4,-3],[1,-10],[-10,0],[-2,-6],[-7,0],[-6,-5],[5,-2],[-5,-2],[1,-11],[-6,-7],[7,-8],[5,1],[-1,-8],[-7,-3],[15,-9],[-5,-6],[12,-2],[-7,-5],[11,-6],[-12,3],[-1,-3],[5,-3],[8,0],[-6,-5],[3,-3],[13,3],[4,-8],[-7,-8],[4,-4],[10,0],[-2,-3],[11,-8],[6,0],[1,5],[5,1],[24,-17],[7,-1],[3,-4],[27,7],[12,-16],[13,-4],[9,4],[1,-5],[3,3],[18,-2],[23,-11],[-2,-3],[22,-5],[0,2],[15,0],[2,-2],[16,-1],[1,-3],[6,-1],[-1,-7],[4,2],[8,-3],[4,3],[2,-9],[5,1],[5,-5],[6,4],[0,5],[19,1],[-3,-6],[11,-15],[6,-5],[20,-4],[10,-5],[-25,-8],[-50,-45],[-1,-14],[8,5],[24,-3]],[[74029,24038],[9,-33]],[[74038,24005],[10,-41],[9,-1],[10,-30],[17,-33],[-17,-7],[-6,-5],[0,-12],[9,-12],[-5,-15],[-16,-11],[-12,-23],[-1,-7],[11,-11],[5,-14],[9,-5],[-1,-3]],[[74060,23775],[-52,2],[-6,-2],[-1,-22],[-13,0],[-17,-9]],[[73971,23744],[-14,2],[-8,10],[-9,-1],[-5,3],[-10,-2],[-5,4],[-62,-15],[-53,6],[-3,3],[-31,4],[-14,-10],[1,-6],[-7,3],[-5,-2],[1,-5],[-10,-2],[-2,-4],[-11,-6],[1,-5],[10,-1],[-4,-6],[-28,-5],[-2,-8],[-4,3],[-8,-6],[-4,4],[-23,-10],[-7,4],[-21,1],[-6,9],[-14,1],[0,2],[-10,-5],[-40,-8],[0,-3],[-10,-2],[-4,-4],[-14,4],[-4,-3],[-12,4],[0,-3],[-10,-2],[-27,14],[-27,0],[-3,-12],[-4,-1],[-13,-24],[-6,-2],[0,-4],[-10,1],[1,-4],[-12,-8],[-51,-9],[1,-3],[-29,-8],[-8,1],[-20,-11],[-35,-7],[-22,-8],[-19,-12],[-4,2],[-18,0],[-8,-4]],[[71569,23448],[9,18],[1,17],[-5,12],[-7,0],[-1,3],[-12,6],[7,4],[-4,5],[-53,3],[-7,4],[6,4],[5,-2],[16,6],[-14,12],[-14,-2],[-2,4],[8,1],[0,3],[-41,21],[-3,6],[-18,6],[16,13],[-18,9],[14,7],[25,3],[-2,27],[3,21],[-3,3]],[[71475,23662],[18,26],[5,29],[14,22],[-12,12],[-9,18],[14,14],[37,22],[2,-5],[14,10]],[[71558,23810],[14,-8],[24,-22],[50,-15],[22,-3],[1,-7],[-12,-24],[24,-16],[11,-17],[2,-11],[18,-2],[-8,-49],[2,-7],[16,-10],[-29,-11],[-6,-13],[2,-4],[-25,-43],[-12,-1],[-28,-10],[-1,-34],[-19,-77],[-35,22]],[[71569,23448],[-30,19],[-54,17],[0,-4],[11,-5],[-9,-1],[-9,-9],[0,-3],[-19,3],[-8,-6],[-30,-9],[-27,-14],[-45,-14],[-20,-2],[-6,-7],[-31,5],[1,-3],[-12,-3],[-9,-9],[-4,-1],[-6,7],[-7,-1],[-1,2],[-8,1],[-21,-4],[6,-5],[-27,-21],[-12,-1]],[[71189,23383],[3,-3]],[[70987,23546],[143,-130],[13,1],[8,4],[38,-38]],[[70987,23546],[22,2],[4,3],[20,-7],[64,-4],[62,3],[71,15],[55,6],[9,4],[13,15],[6,-1],[3,5],[4,0],[2,5],[8,1],[-3,5],[7,6],[-4,2],[6,5],[2,-2],[8,6],[17,2],[4,4],[22,2],[3,4],[24,5],[4,-1],[13,3],[7,-1],[28,19],[7,10]],[[74560,24081],[22,10]],[[74582,24091],[7,-2],[0,-5],[9,-1],[-6,-4],[5,-5],[7,3],[3,-5],[8,0],[-5,-5],[5,-9],[-10,-9],[5,-5],[-9,-9],[8,-6],[-4,-8],[11,0],[-5,-6],[5,-6],[-2,-4],[-10,0],[-5,-5],[-11,-5],[5,-12],[11,1],[-4,-4],[11,-4],[-9,0],[-4,-8],[8,1],[16,-6],[-2,-14],[-11,-10],[-11,-2],[-5,-20],[2,-14],[-16,-8],[-50,-5],[-21,1],[-8,3],[-27,1],[-8,-2],[-10,-13],[7,-2],[12,-16],[-5,-5],[-9,-1],[-3,-7],[-7,4],[-7,-2],[-1,-5],[7,-4],[-6,-2],[1,-6],[9,-1]],[[74453,23833],[-21,-24],[-39,-31],[-61,-5],[-17,-9],[-8,1],[-43,-8],[-12,3],[-16,-3]],[[74236,23757],[-20,11],[-22,20],[15,5],[-10,10],[0,24],[24,39],[51,20],[9,14],[-16,9],[-46,8],[-2,-3],[-19,-1],[10,32],[24,14],[0,12],[-8,7],[-14,4],[-73,3],[-68,19],[-33,1]],[[74411,23599],[-3,10],[-29,18],[-19,2],[-11,-14],[-21,0],[-13,18],[-29,-11],[-24,3]],[[74262,23625],[33,40],[2,9],[-18,30],[-16,12],[-12,17]],[[74251,23733],[-15,24]],[[74453,23833],[33,-1],[7,-5],[10,1],[12,-5],[-1,-2],[26,-4],[-2,-4],[-8,-3],[42,-15],[-7,-9],[1,-15],[10,-12],[18,-11],[-2,-43],[-1,-2],[-22,3],[-13,-20],[-33,10],[-30,-29],[-27,-16],[-19,-27],[-14,-12],[-22,-13]],[[74251,23733],[-56,-4],[-79,3],[-25,8],[-31,35]],[[74262,23625],[-53,14],[-14,1],[-62,15],[-57,9],[3,3],[-61,5],[-4,28],[-16,-2],[4,19],[-5,1],[-7,-3],[-4,3],[2,3],[-11,0],[-2,7],[5,3],[-4,1],[1,9],[-6,3]],[[72256,23217],[-35,-15],[4,-2],[-2,-6],[-32,-15],[-2,-3],[4,-3],[-11,1],[-10,-7],[-5,-9],[1,-14],[-17,-19],[3,-11],[-18,-9],[-4,-8],[6,-6],[-2,-6],[-6,-2],[2,-9],[-17,-4],[-19,-17],[-11,-4],[-3,3],[-7,-6],[-7,3],[-10,-6],[-3,2],[-12,-4],[-4,1],[-12,-14],[-5,5],[3,4],[-11,-3],[-6,1],[3,5],[-3,5],[-6,0],[1,4],[-18,1],[-2,2],[-9,-2],[-15,6],[-20,-1],[-2,-6],[-13,0],[-1,3],[-19,-5],[-4,3],[-11,-4],[-3,2],[-1,-4],[-8,2],[-7,-6],[-10,0],[2,-4],[7,1],[2,-4],[-5,-6],[-16,-4],[-3,4],[-2,-6],[-9,-1],[0,-4],[-18,3],[-10,-3],[0,-3],[-12,-2],[-4,-4],[-2,3],[-10,-5],[-7,3],[-13,-6],[-2,-8],[-5,-3],[-25,3],[-32,-10],[-5,4],[-11,1],[-20,6],[-5,6],[2,10],[-14,12],[-7,1],[-1,-12],[-36,9],[-22,-5],[-10,3],[-5,-3],[-10,2],[-1,3],[-16,4],[-6,-2],[-3,3]],[[71192,23380],[116,-115],[218,-239]],[[71558,23810],[33,12],[8,11],[8,2],[2,35],[-9,2],[-12,14],[8,21],[-2,29]],[[75182,24842],[12,3],[-1,-4],[6,-1],[0,-5],[17,-1],[7,-18],[7,5],[16,0],[13,3],[9,-3],[-1,8],[7,-3],[-4,6],[16,-5],[6,4],[2,9],[7,-3],[7,1],[3,3],[22,-3],[7,3],[4,-5],[6,5],[11,1],[10,8],[6,-3],[21,1],[14,-5],[8,3],[8,-3],[16,2],[6,7],[6,1],[8,-10],[4,2],[13,0],[-2,-7],[17,4],[7,-3],[5,1],[29,-21],[-6,-2],[-1,-5],[11,2],[-1,-8],[13,-3],[0,-9],[15,-4],[2,-6],[14,1],[2,-8],[8,1],[-3,4],[11,-3],[-2,-4],[8,-9],[6,1],[-3,-5],[-7,-2],[2,-3],[12,4],[4,-5],[-9,-4],[4,-4],[9,0],[3,-6],[5,0],[-4,-3],[4,-7],[26,0],[6,-6],[-8,-3],[17,-1],[1,-4],[6,1],[8,-7],[7,1],[-3,3],[6,2],[12,-4],[5,1],[-7,-7],[12,-5]],[[75722,24703],[-4,-4],[8,-7],[-4,-3],[2,-5],[7,1],[4,-4],[-3,-12],[7,-6],[-2,-7],[7,-14],[-5,-21],[5,-5],[-13,-11],[3,-5],[14,-1],[-5,-4],[3,-4],[4,2]],[[75750,24593],[7,-1],[-3,-8],[13,-11],[2,-18],[40,2],[-1,-5],[11,-2],[3,-6],[8,1],[12,-7],[7,-8],[-2,-3],[16,-13],[4,-7],[-3,-3],[26,-12],[1,-8],[7,-2],[13,-13],[1,-10],[14,-9],[11,-14],[12,0],[4,-4],[-2,-10],[13,-4],[-6,-5],[7,1],[-1,-5],[7,1],[-6,-5],[5,-8],[-14,-10],[3,-5],[-6,0],[-1,-12],[-7,4],[-4,-8],[-1,4],[-6,-1],[-3,-5],[6,-5],[-13,-2],[3,-18],[17,-3],[-8,-6],[2,-6],[25,-1],[16,-6],[8,-13],[12,-1],[1,-4],[23,-2],[8,-4],[5,5],[7,1],[5,-4],[3,1],[19,-5],[-13,-12],[8,-6],[-8,-3],[-1,-5],[9,-1],[13,-10],[20,-6],[8,-5],[20,-34],[8,-2],[7,-7],[12,3],[7,-4],[12,-2],[9,3],[28,-10],[4,2]],[[76213,24192],[2,-4],[-18,-12],[-5,-8],[-7,2],[-1,4],[-67,-6],[0,3],[-15,2],[0,3],[-16,0],[0,-4],[-31,-8],[4,-9],[-5,0],[-1,3],[-31,-6],[-57,-18],[2,-10],[-28,-4],[-21,-8],[-22,6],[-11,-2],[-2,-3],[8,-5],[-1,-8],[-13,-5],[-9,2],[0,-7],[-7,1],[-4,-5],[-9,-1],[4,-9],[-33,-3],[-15,-8],[-21,3],[-25,26],[-50,-8],[-3,10],[-13,-2],[-21,11],[-22,6],[-24,20],[-5,-2],[3,-5],[-6,-2],[-5,5],[-5,-2],[-6,4],[-7,-2],[-10,3],[-7,-3],[-4,-7],[-17,2],[-6,-7],[-13,-4],[0,-4],[-29,-1],[2,-8],[-6,-1],[-4,5],[-5,-3],[6,-9],[-11,-1],[-43,16],[-20,-1],[-7,4],[4,2],[-4,4]],[[75420,24114],[-15,6],[-6,-2],[-20,11],[-7,0],[4,-7],[-11,0],[6,-5],[-5,-1],[-20,5],[0,4],[6,1],[-1,4],[-9,-5],[-20,8],[-21,0],[-3,7],[-19,1],[-4,-2],[2,-12],[-11,-4],[-4,-13],[-22,-4],[-15,8],[-12,-3],[-5,-5],[-18,0],[-5,2],[-1,9],[-9,1],[1,6],[-10,0],[2,5],[-23,-2],[-9,-6],[-13,0],[1,11],[-15,-5],[-5,4],[3,3],[-11,4],[-5,-7],[-5,5],[-2,6],[-6,1],[2,-7],[-9,5],[-7,0],[-2,-9],[-12,-4],[-10,9],[-8,3],[-10,-4],[-4,3],[-5,-7],[-11,2],[-6,5],[6,10],[-8,-1],[-4,4],[-11,-9],[-7,6],[-2,-6],[-22,-2],[-9,9],[14,8],[-4,4],[-13,-4],[-11,1],[-1,-8],[-6,-2],[0,5],[-7,2],[2,7],[-12,-1],[-6,9],[-7,4],[1,5],[-17,4],[-2,-3],[-17,4],[-3,-3],[-8,5],[-2,-5],[-12,0],[-6,6],[2,10],[-16,3],[12,2],[-3,8],[-4,1],[-9,-4],[-4,3],[-5,-3],[-6,5],[4,6],[-9,0],[-8,4],[-4,-11],[-7,-3],[-14,-1],[-6,-4],[-5,0],[-4,6],[-13,0],[-1,-10],[-20,-10],[-4,-5],[6,-17],[-7,-14],[-10,0],[7,-13],[-8,-9],[-12,1],[1,-4],[-6,-4],[-11,3],[-6,-5],[-22,-1],[0,-3],[5,-3],[-1,-4],[-22,0],[-10,-3],[8,-2],[-8,-7],[-9,2],[-11,-11]],[[72996,25375],[29,-4],[1,-2],[34,-2],[2,-3],[36,1],[-3,26],[-13,18],[0,1],[12,1],[35,-4],[5,2],[16,-1],[-2,-4],[23,-6],[10,8],[13,-9],[9,3],[6,-7],[6,2],[8,-5],[8,-1],[13,4],[13,-5],[1,2],[47,-12],[16,4],[9,-7],[17,18],[31,6],[35,23],[10,3],[3,4],[40,17],[15,14],[-6,7],[16,9],[-8,16],[12,2],[15,20],[34,28]],[[73544,25542],[11,-2],[21,-10],[50,56],[16,29],[22,5],[22,-15],[18,-4],[16,-9],[7,-1],[-4,-2],[6,-6],[9,2],[6,-7],[7,3],[6,-5],[13,-2],[-3,-6],[4,-3],[13,0],[7,-14],[7,1],[5,-3],[3,4],[7,-5],[12,-2],[0,-4],[25,-1]],[[70525,23905],[118,-83],[344,-276]],[[70525,23905],[4,2],[11,-4],[22,24],[49,34],[39,35],[70,52],[234,193]],[[70936,30536],[33,-5],[31,-10],[52,-4],[76,0],[17,-7],[18,-4],[25,-12],[23,-6],[49,3],[-28,-9],[-9,-71]],[[71223,30411],[-9,-1],[16,-22],[-32,-10],[2,-12],[17,-21],[-66,-17],[15,-18]],[[71166,30310],[-8,-2],[20,-25],[141,-37],[11,0],[12,-17],[10,-40],[40,-32]],[[71392,30157],[-27,-18],[-6,2],[-5,-3],[-8,0],[-6,3],[1,4],[-16,5],[-40,-13],[-23,2],[-14,-5]],[[71248,30134],[-13,-2],[-20,3],[-5,-2],[-16,2],[1,3],[-12,3],[-4,-2],[-9,2],[-28,-9],[-16,-10],[-3,-7],[-20,-8],[4,-2],[7,-17],[-17,-11],[-18,-4],[-12,-7],[4,-8],[-6,-7],[2,-2],[-7,-2],[3,-2],[-17,-12],[-12,-3],[5,-6],[-10,-3],[-3,-7],[-9,-3],[-50,-3]],[[70356,29988],[-33,3],[-43,-6],[-19,0],[-43,-11],[-30,-4],[2,-7],[-10,-9],[0,-6],[-64,-12],[-21,-8],[-5,3],[-21,-1]],[[70069,29930],[3,5],[-6,9],[7,6],[1,10],[-9,10],[-8,3],[-8,14],[-15,11],[2,2],[-15,5],[-4,14],[-13,7],[-20,-1],[-23,8],[-21,34],[-52,5],[-15,8],[-21,1],[-22,11]],[[69830,30092],[8,0],[7,12],[25,16],[9,17],[19,18],[17,2],[15,-7],[27,2],[5,2],[6,16],[6,4],[14,-1],[24,14],[-3,2]],[[70009,30189],[15,3],[13,7],[22,-10],[8,9],[13,1],[2,-9],[61,-10],[10,24],[1,17],[9,1],[25,-4],[12,-5],[7,1],[17,-3],[3,5],[8,1],[11,-4],[32,1],[3,-2],[10,3],[3,4],[15,3],[11,-2],[30,-14],[10,-1],[12,-5],[12,-1],[20,4],[9,49],[13,17],[7,1],[6,14],[32,37],[-23,33],[2,21],[-5,8],[5,25]],[[70450,30408],[3,4],[9,-2],[14,13],[-5,17],[-10,3],[19,33],[-5,12]],[[70475,30488],[53,-1],[68,-11],[5,-3],[2,-7],[53,-19],[8,-10],[6,14],[15,15],[-4,-14],[16,-4],[-4,-6],[25,-6],[2,-17],[46,5],[46,2],[45,9],[38,11],[8,24],[-10,21],[-20,27],[-1,20]],[[70872,30538],[29,2],[35,-4]],[[70754,31326],[54,-2],[22,12],[5,-1],[20,-10],[18,-2],[2,-11],[16,-19],[35,-4],[27,-13],[30,-5],[31,-9],[7,-6]],[[71021,31256],[-5,-26],[-8,-6],[-15,-5],[-12,-17],[-3,-12],[4,-2],[1,-14]],[[70983,31174],[-8,-1],[15,-44],[-27,-5],[-7,0],[0,-20],[-24,-36],[-24,9],[-19,-16],[8,-2],[-3,-9],[5,-1],[-1,-4],[9,0],[6,-12],[-9,-2],[0,-6]],[[70904,31025],[-100,-9],[-68,-15],[-60,-3],[-15,-19],[-2,-9],[-1,17],[-23,21],[2,15],[-79,8],[-45,-14]],[[70513,31017],[-18,0],[-74,56]],[[70421,31073],[-19,35],[-19,14],[-12,14],[0,4],[28,2],[-34,22],[-15,23],[0,9],[7,2],[4,-2],[28,0],[64,15],[26,11],[-28,16],[-24,19],[-1,30],[-15,6],[-11,11],[-28,14],[-1,4]],[[70371,31322],[31,13],[49,5],[12,4],[31,4],[16,6]],[[70510,31354],[27,4],[15,-1],[110,-33],[48,-2],[21,6],[23,-2]],[[70464,29570],[-2,-3],[-44,-7],[-21,0],[-7,3],[-13,-5],[-1,3],[-36,0],[0,-3],[-19,4],[-23,-5],[-13,0],[-3,-4],[-9,0],[-6,8],[-10,-4],[0,5],[-6,1],[-6,-2],[-8,3],[-2,-4],[-6,0],[-8,5],[-7,-1],[-1,3],[-8,1],[-8,-5],[-8,1],[-8,-7],[-3,2],[-7,-6],[-10,-1]],[[70161,29552],[-16,-6],[-3,5],[-7,2],[-19,1],[-2,-4],[-6,2],[-6,-2],[-26,1],[-32,-7],[-23,-1],[2,-3],[-13,0],[-1,2],[-19,-2],[-2,3],[-16,4],[-19,-1],[2,-3],[-37,-19],[-25,-3]],[[69893,29521],[-54,69],[8,14],[16,15],[-3,17]],[[69860,29636],[21,4],[27,-9],[49,-2],[17,2],[5,-4],[20,-2],[1,4],[20,8],[13,2],[37,12],[5,8],[15,4],[6,4],[16,21],[9,3],[29,1],[22,26],[14,9],[31,-9],[10,1],[9,5],[14,-10],[10,1],[66,57],[49,12],[26,-1]],[[70855,30764],[-19,-44],[33,-4],[27,0],[0,-3],[113,-1],[61,4],[35,-5],[15,0],[66,4],[2,-2],[26,6],[20,-6],[28,15],[29,1],[14,6],[24,4],[12,-1]],[[71341,30738],[6,-35],[-22,0],[-33,-17],[7,-8],[-32,-5],[-54,-17],[-11,2],[-27,-6],[-21,2],[-28,-2],[-2,4],[-12,1],[-47,-7],[-81,-23],[-25,-27],[-43,-3],[7,-36],[13,-25]],[[70872,30538],[-99,1],[-55,5],[-21,14]],[[70697,30558],[-4,3],[3,16],[-8,12],[-36,17],[-5,9],[-23,23],[16,28],[27,-2],[4,8],[25,-4],[18,35],[29,35],[11,40],[69,-9],[-4,-2],[36,-3]],[[70920,30846],[-13,-17],[-11,-23],[-7,-21],[5,-10],[-3,-12],[-15,-3],[-21,4]],[[70697,30558],[-15,2],[-18,15],[-35,21],[-18,7],[-37,-5],[1,20],[-5,10],[-99,-3]],[[70471,30625],[-48,48],[-25,18]],[[70398,30691],[-34,15],[-5,47]],[[70359,30753],[25,8],[31,33],[40,12],[17,4],[3,-3],[11,10],[52,-6],[20,15],[2,-2],[48,6],[13,-15],[24,9],[-5,7],[12,-1],[20,8],[66,-10],[10,26],[14,20],[-7,2],[-2,7],[18,15],[7,-1],[6,-9],[15,-8],[25,-11],[-4,-11],[48,-9],[52,-3]],[[70475,30488],[-31,17],[6,13],[11,10],[0,11],[-4,9],[-17,0],[10,10],[-4,8],[7,31],[20,22],[-2,6]],[[71113,31025],[-28,-18],[-24,-8],[-2,-5],[6,1],[-6,-7],[-40,-36],[-13,-20],[-13,-11],[-9,-23],[-18,-26],[-34,-17]],[[70932,30855],[-16,-3],[-11,5],[7,9],[-13,4],[0,28],[-6,15],[16,-1],[-3,15],[-12,-1],[16,18],[9,0],[-3,7],[24,5],[-10,7],[-5,26],[-17,2],[-3,3],[13,6],[-3,3],[3,2],[7,0],[-7,15],[8,2],[0,2],[-22,1]],[[70983,31174],[9,-2],[15,2],[6,-15],[29,10],[18,-38],[8,1],[4,-7],[16,5],[16,-15],[-4,-9],[6,-18],[4,-2],[8,4],[23,3],[-7,-21],[33,2],[0,-6],[-17,-17],[-37,-26]],[[70932,30855],[-12,-9]],[[70359,30753],[-6,56],[-23,17]],[[70330,30826],[-48,25]],[[70282,30851],[70,18],[13,6],[9,11],[48,13],[70,9],[65,-2],[12,6],[-7,13],[-1,12],[5,3],[-18,23],[-10,3],[-4,4],[-10,21],[1,9],[-12,17]],[[71422,30745],[-30,-7],[-37,-2],[-14,2]],[[71113,31025],[82,-23],[80,-17],[73,-5],[-5,10],[15,3],[-3,5],[12,16],[0,-14],[36,-3],[14,-9],[114,65],[70,32],[54,30],[32,23],[102,87]],[[71452,30492],[-16,-18],[2,-4],[17,-25],[6,1],[2,-9],[25,-11],[-2,-4],[10,-16]],[[71496,30406],[-40,-4],[-2,4],[-38,1],[-7,9],[-20,2],[0,14],[-26,7],[-10,-11],[-21,-8],[-45,-5],[-22,0],[-24,-6],[-18,2]],[[70278,29249],[-79,29],[-11,5],[-7,8],[-19,8],[-7,-3],[-62,3],[-18,-4],[-9,4]],[[70066,29299],[4,17],[5,-1],[19,24],[42,21],[107,2],[23,4],[25,7],[23,13],[13,12],[12,25],[-2,5],[18,3]],[[70355,29431],[17,6],[-2,9],[18,1],[-1,25],[37,-1],[40,31],[4,-1]],[[71496,30406],[19,1],[10,-12],[-4,-2],[12,-26]],[[71533,30367],[-1,0]],[[71532,30367],[-14,6],[-45,-4],[-19,-8],[-35,-8],[-44,-3],[-26,5],[-28,-9],[-30,-2],[-125,-34]],[[71532,30367],[-4,-9],[-1,-38],[41,-33],[5,-15],[9,-10],[7,-27],[-2,-22],[-16,-21],[-23,-12],[6,-3]],[[71554,30177],[-20,-3],[-3,-3],[-30,-1]],[[71501,30170],[-49,-11],[-28,-1],[-5,-3],[-6,2],[-21,0]],[[70355,29431],[-18,15],[-12,16],[-34,-16],[4,-6],[-13,-6],[-36,-2],[-5,-4],[0,6],[-8,1],[-18,18],[-12,4],[2,6],[-19,28],[-9,29],[-16,32]],[[70066,29299],[-32,17],[-19,13],[-17,5],[-6,13],[-8,0],[-9,6]],[[69975,29353],[-18,7],[10,12],[0,12],[-19,7],[-9,10],[-26,12],[6,2],[1,7],[-13,22],[-25,12],[-3,11],[5,5],[-1,15],[-9,6]],[[69874,29493],[15,4],[12,7],[-8,17]],[[69860,29636],[3,11],[7,0],[8,9],[-9,1],[-6,4],[21,20],[-7,8],[6,5],[-6,9],[6,6],[-14,19],[-5,4],[-8,-1],[-3,8],[-14,4],[-4,4]],[[69835,29747],[5,11],[24,13],[5,6],[31,3],[42,21],[3,6],[36,8],[0,34],[18,6],[31,26],[23,10],[-8,20],[11,14],[13,5]],[[71021,31256],[31,1],[30,8],[17,-3],[11,-6],[16,-1],[17,8],[27,18],[15,15],[11,4]],[[71196,31300],[36,16],[18,2],[83,-30],[18,-11],[11,0],[60,13],[26,-1],[39,-10],[24,0],[11,16],[-9,11],[32,38]],[[68492,30338],[26,-2],[21,-8],[7,-7],[14,6],[36,5],[41,-1],[37,4]],[[68674,30335],[24,-1],[49,-12],[40,-4],[18,4],[5,-3],[13,0],[75,-16],[44,-4],[50,-14],[9,-4],[9,-10],[12,4],[29,-37],[48,-3],[32,-10],[32,-32]],[[69163,30193],[29,-58],[8,-39],[-38,-34],[-46,-59]],[[69116,30003],[-27,-14],[-4,-13],[0,-57],[8,-12],[11,-33],[-15,-24],[-12,-10]],[[69077,29840],[-2,-8],[-15,-16],[6,-10],[16,-10],[-18,-20],[-2,-19],[-13,4],[-5,-4],[-45,4],[-14,-1],[7,-2],[6,-19],[-2,-12],[-5,-17],[-14,-13],[1,-6],[-10,-8],[5,-7],[14,-8],[-13,-6],[-10,-10],[-17,-7],[7,-13],[-3,-30]],[[68951,29602],[-13,-1],[-28,9],[-60,7],[-63,13]],[[68787,29630],[-20,64],[-15,14],[-30,-2],[-16,24]],[[68706,29730],[-128,113],[-10,22],[6,4],[-6,16],[-57,28],[-17,22],[-213,136]],[[68281,30071],[-79,96],[-38,60],[-12,70]],[[68152,30297],[45,33],[178,11],[117,-3]],[[68410,31335],[16,-4],[4,-6],[-7,-14],[13,-25],[9,1],[17,-15],[16,5],[2,-2],[24,-1],[18,-8],[-7,-8],[42,-11],[13,-1],[-1,-2]],[[68569,31244],[31,-9],[-1,-3],[18,-6],[3,2],[32,-14],[2,-3],[23,-6],[0,-2],[55,-6],[9,10],[29,4],[3,-6],[31,3],[1,-6],[26,-1],[-14,-28],[6,-14],[-6,-4],[1,-5],[-7,-3],[-5,-8],[3,-7],[-8,-1],[5,-3],[-4,-1],[3,-5],[25,6],[9,-3],[6,1],[14,-6],[8,1],[22,-7],[10,1]],[[68899,31115],[4,-1],[5,-11],[24,-1],[-1,-4],[7,-3],[35,-9]],[[68973,31086],[27,-12],[11,0],[18,-7],[14,-6],[2,-5]],[[69045,31056],[-9,-15]],[[69036,31041],[-33,3],[-14,-3],[9,-8],[-3,-11],[3,-10],[-19,-2],[0,-7],[17,-15],[-3,-18],[27,0],[-14,-21],[-4,2],[-19,-5],[-13,-1],[-21,1],[-5,-4],[-9,-2],[-7,-5],[-12,-3],[-40,-19],[-5,1],[-9,-6],[-12,1],[-3,-2]],[[68847,30907],[-4,-4],[-5,3],[-14,-2],[-9,2],[-6,-3],[-18,1],[-5,-2],[-16,2],[-5,-3],[-1,3],[-25,0],[1,-3],[-44,-3],[-30,-6],[-10,2],[-39,-13],[-16,3],[-14,5],[-24,3],[-81,-28],[-21,2],[-29,-6],[-71,6],[-22,-7],[-55,-9],[-90,-22],[-10,1],[-15,-4],[-41,-21],[-4,-13],[-12,-9]],[[68112,30782],[-83,108],[-50,13],[-42,2],[-33,-4],[-34,5],[-25,-5],[4,4],[-3,5],[6,0],[-1,3],[14,-1],[-7,7],[6,1],[-7,8],[3,5],[7,-4],[3,5],[-7,2],[6,6],[-7,18],[5,3],[-9,2],[2,6],[6,-1],[3,10],[-10,-1],[-2,7],[-5,1],[-5,7],[-11,5],[-4,18],[-29,24],[0,6],[16,19],[-2,3],[30,12],[9,7],[13,0],[37,30],[-19,20],[-15,3],[1,2],[-10,7],[-3,-2],[-5,5],[-5,0],[1,4],[-6,3],[-120,42]],[[67725,31202],[-18,60],[7,23],[8,4],[-9,25],[-4,29]],[[68410,31335],[-20,-1],[-4,5],[-7,1],[-16,-5],[-4,-4],[-5,-1],[1,-10],[-9,-3],[-6,-7],[0,-4],[4,-3],[-3,-4],[2,-2],[-18,-9],[-17,-2],[0,-3],[-22,1],[-2,-2],[-23,1],[-9,5],[-41,13],[-21,3],[-13,-7],[-30,-3],[-12,2],[-20,-6],[-15,-1],[5,4],[-38,7],[21,15],[5,14],[25,15],[8,1],[-27,20],[-16,0],[-11,19],[-9,0],[-17,-20],[-20,0],[-13,11],[-29,-4],[-33,-9],[8,-6],[-71,-9],[-7,23],[-17,13],[16,7],[23,2],[-57,45],[-19,-2],[-4,-5],[5,-8],[-35,-15],[-84,-64]],[[68942,30852],[-14,-7],[-12,7],[-27,-23],[11,-12],[-36,-10],[8,-13],[21,0],[9,-8],[11,-2],[-1,-6],[-8,-3],[-19,-2],[-11,-3],[-7,2],[-6,-2],[-12,4],[-8,-8],[2,-12],[-6,-1],[13,-16],[17,-11],[-4,-10],[13,-24],[55,-2]],[[68931,30690],[3,-1],[-7,-4],[7,-4],[2,-20],[-5,-2],[0,-24],[-60,3],[-25,-5],[-1,2],[-22,-1],[1,-6],[-9,-2],[14,-13],[-16,-3],[0,-16],[11,1],[10,-25],[45,0]],[[68879,30570],[14,-11],[-11,-6],[-8,-1],[-6,-5],[3,-8],[-15,-2],[2,-4],[11,1],[28,-6],[48,-3],[15,-6],[12,-11],[57,20],[15,-12],[10,3],[16,-10],[48,10],[21,1],[26,6],[22,-13],[10,7],[12,-9],[17,7],[10,-8]],[[69236,30510],[8,-8],[-14,-16],[7,-32]],[[69237,30454],[-17,5],[-27,-2],[-26,2],[-23,-3],[-26,-9],[-12,-1],[-12,-13],[-41,-9],[-55,7],[-14,-4],[-5,-5],[-39,-4],[-10,-3],[-2,-4],[-20,-1],[-3,-3],[-92,-18],[-95,-24],[-25,-12],[-4,-7],[-20,-8],[5,-3]],[[68492,30338],[1,4],[18,13],[-12,9],[-4,22],[-15,-3],[-6,4],[-17,3],[-30,0],[-15,9],[-27,0],[-29,4],[-33,29],[-22,4],[-26,-8],[-22,11],[-107,35],[-148,67],[1,17],[13,13],[7,1],[9,6],[-3,7],[12,16],[-7,14],[-18,15],[1,8],[-21,4],[-3,12],[-9,3],[2,12],[-6,3],[7,20],[-8,2],[-6,10],[10,2],[6,-4],[10,4],[8,6],[0,7],[5,4],[40,18],[17,14],[25,8],[18,12],[4,7]],[[68847,30907],[9,0],[10,-5],[29,-29],[12,-1],[0,5],[6,-3],[5,3],[6,-2],[3,2],[12,-6],[-14,-10],[17,-9]],[[69458,30237],[2,-20],[-17,-33],[-4,-30],[11,0],[6,-9],[6,0],[12,5],[-3,3],[19,5],[9,-15],[16,-11],[53,21],[14,-23],[6,-2],[11,9],[4,-12]],[[69603,30125],[-2,-10],[9,2],[2,-4],[-6,-3],[7,-4],[2,-5],[9,1],[37,-23],[9,0],[12,-10]],[[69682,30069],[2,-5],[11,-6],[0,-7],[-31,-16],[-8,-8],[6,-3],[-5,-9],[4,-5],[32,4],[3,-2]],[[69696,30012],[-73,-6],[-19,3],[-23,-5],[-29,1],[-79,-7],[-20,-3],[-16,-10],[-2,12],[-9,7],[-22,-8],[5,-5],[-7,-1],[3,-7],[-16,-2],[5,-8],[-3,-4],[-51,-45]],[[69340,29924],[-7,4],[-33,-4],[-3,2],[-10,1],[-3,-2],[-20,1],[-4,-8],[-35,19],[-27,22],[-47,-1],[-16,26],[-19,19]],[[69163,30193],[24,-5],[24,2],[29,12],[37,1],[32,33],[3,7],[-5,10],[17,2],[25,-7],[6,2],[16,-4],[2,3],[6,-4],[21,-6],[26,2],[4,-3],[28,-1]],[[69696,30012],[-21,-17],[18,-1],[7,-5],[-6,-7],[-7,-31],[-40,8],[-16,-14],[-11,2],[-10,-50],[-47,-4],[1,3],[-30,-5],[-6,7],[6,2],[-9,12],[6,1],[-10,12],[-32,-5],[-3,9],[-19,-4],[2,-17],[-27,-4],[1,-5],[-33,-1],[-2,-13],[-18,1],[-45,31],[-2,9],[-3,-2]],[[69220,31317],[-20,-14],[-6,-19],[-11,-9]],[[69183,31275],[-12,0],[-31,-8],[-7,10],[-31,-6],[-7,12],[-30,-1],[2,15],[-13,3],[-23,-1],[-6,-3],[-9,3],[-16,-1],[0,3],[-8,0],[-11,26],[8,8],[44,6],[-22,8],[-12,6],[-18,4],[-21,8],[13,15],[-3,14]],[[69091,31439],[-20,-1],[1,-9],[-24,-9],[-3,3],[-16,1],[-15,-4],[-38,-16],[-6,-8]],[[69091,31439],[7,-24],[52,-1],[0,-4],[10,-6],[3,-8],[21,-10],[8,-12],[30,-21],[-1,-21],[8,1],[-9,-11],[0,-5]],[[69183,31275],[-20,-40],[13,-17],[10,-28],[-20,-11],[4,-5]],[[69170,31174],[-52,26],[-190,64],[-30,20],[-30,32]],[[68868,31316],[9,5],[8,33],[15,30],[-8,9],[15,15]],[[68970,31396],[-17,1],[-46,11]],[[69170,31174],[-40,-15],[-31,-7],[-47,-3],[-1,-4],[-26,-2],[4,-11],[-25,-1],[-6,-9],[7,-26],[-14,-6],[-18,-4]],[[68899,31115],[-6,67],[-11,16],[-33,26],[-10,19],[0,17],[12,31],[-6,24]],[[68845,31315],[23,1]],[[68845,31315],[-18,-3],[-31,-9],[-21,-10],[-55,-3],[-83,-25],[-21,-1],[-22,8],[-25,-28]],[[68698,31389],[-44,-4],[-13,15],[-81,-14],[-45,-20],[-7,-4],[-2,-7],[-11,-4],[-17,1],[-20,5],[-4,-1],[-1,-9],[-24,7],[-16,-4],[-5,-5],[2,-10]],[[68907,31408],[-24,8],[-26,0],[-1,-5],[-27,1],[-20,-3],[-1,2],[-61,-13],[-12,1],[-8,-7],[-29,-3]],[[70195,31382],[-15,-6],[20,-1],[9,-4],[-1,-6],[-9,-2],[7,-8],[-19,1],[-8,-3],[-12,-8],[10,-3],[-10,-7],[2,-2]],[[70169,31333],[-44,-12],[-29,-4],[-3,4],[3,8],[-27,16],[-22,-8],[1,-5],[-14,-11],[-9,3],[-19,-8],[-36,-4],[-45,-16],[-43,-8],[-35,-15],[-48,-33]],[[69799,31240],[-1,0]],[[69798,31240],[18,25],[-2,10],[-8,1],[-3,5],[2,7],[15,-2],[4,10],[-15,2],[5,17],[-11,3],[-16,27],[-6,5],[-9,0],[-3,3],[-5,-2],[-31,23],[5,11],[27,17]],[[70195,31382],[-13,5],[7,8],[-21,8],[-41,6],[1,3],[-60,2],[-80,-6],[-11,-8],[10,-16],[-7,-7],[-14,2],[-13,6],[-59,2],[-24,10],[-28,2],[-11,-3],[-14,1],[-9,-2],[-30,7],[-6,-2],[-7,2]],[[70169,31333],[17,-24],[8,0],[17,6],[9,-1],[16,8],[14,0],[23,6],[18,0],[13,-4],[2,2],[14,0],[35,-3],[15,2],[1,-3]],[[70421,31073],[-56,-2],[-106,76],[-24,-8],[-3,-7],[-7,2],[-1,11],[-17,3],[-6,-7],[4,-3],[-36,-28],[-35,0],[-7,4],[-9,-4],[-6,2],[-2,6],[-40,-1],[-55,12],[-5,5],[-11,4],[-60,4],[-15,26],[5,8],[-19,7],[-7,7],[-7,11],[-1,15],[-26,10],[-27,5]],[[69842,31231],[-28,4],[-15,5]],[[69799,30443],[-11,-10],[-5,-11],[-46,14],[-12,-9],[18,-19],[-6,-2],[3,-3],[6,0],[5,-8],[8,-1],[2,-7],[14,-11],[0,-18],[7,-20],[18,-14]],[[69800,30324],[-12,-28],[-38,-15],[3,-3],[-26,-14],[4,-5],[-22,-3],[0,8],[-37,-6]],[[69672,30258],[-7,4],[-3,6],[-22,6],[-41,4],[-22,-1],[2,7],[-7,3],[11,3],[-8,7],[0,12],[7,2],[-10,4],[2,8],[-9,27],[-12,9],[4,2],[-4,2],[3,3],[-11,-1],[-3,4],[5,6],[-6,3],[5,8],[-11,3],[2,7],[-15,1],[0,3],[6,1],[-2,3],[-12,1],[6,2],[-1,6],[-10,-2],[-2,3],[-6,-1],[-3,4],[3,2],[-6,2],[-10,-2],[3,7],[-10,-5],[-4,3],[-7,-1],[1,8],[-9,-1],[-11,8],[-14,-1],[-13,7]],[[69421,30444],[37,14]],[[69458,30458],[52,14],[17,-3],[8,2],[0,2],[37,-9],[-2,-3],[38,-5],[22,15],[-5,1],[-5,14],[-14,7],[58,44]],[[69664,30537],[42,-36],[48,-13],[31,-22],[14,-23]],[[70009,30189],[-15,-4],[-9,6],[-23,-3],[-3,5],[4,2],[-21,9],[10,4],[12,1],[5,5],[-26,-3],[-41,26],[30,9],[-17,13],[18,5],[-15,24],[-8,-3],[-8,10],[-33,-4],[-22,23],[-47,10]],[[69799,30443],[16,-6],[34,3],[2,11],[19,35],[12,13],[8,0],[-3,-10],[4,-35],[-11,-15],[18,-5],[19,-11],[13,-15],[10,-29],[46,-13],[21,-21],[26,28],[33,16],[71,9],[16,8],[12,0],[49,19],[38,1],[24,-5],[10,1],[6,-3],[22,4],[10,-2],[13,4],[55,-16],[26,-5],[10,3],[8,-3],[14,4]],[[70374,31472],[31,5],[27,7],[6,-3],[12,8],[7,18],[24,0],[-9,8],[1,6],[8,9],[12,-1],[4,4],[-26,-1],[-7,19],[60,-4],[37,-11],[30,0],[16,-10],[3,-7],[13,-5],[3,2],[7,-8],[14,-4],[0,-3],[19,-6],[25,-16],[-7,-17],[-10,-6],[3,-5],[-37,-4],[-12,-9],[-5,-18],[9,-41],[-9,-2],[20,-10],[80,-21],[31,-20]],[[70510,31354],[13,6],[-47,10],[-15,24],[-6,35],[-26,21],[-13,1],[-16,-7],[-12,-1],[0,4],[22,8],[-11,7],[-23,1],[-2,9]],[[70345,31502],[-1,-15],[7,2],[3,-2],[14,4],[6,-19]],[[70345,31502],[-29,3],[-6,-1],[-5,-12],[7,-3],[-1,-5],[-41,-30],[-3,-5],[5,-4],[-1,-4],[-21,-10],[0,-6],[-20,-21],[1,-13],[-11,-6],[-25,-3]],[[69830,30092],[-40,3],[-8,-6],[-14,0],[-4,-4],[-13,-3],[-38,-17],[-14,1],[-12,4],[-5,-1]],[[69603,30125],[7,6],[-5,2],[4,3],[-5,3],[5,2],[0,6],[5,4],[-2,7],[12,10],[10,16],[-3,2],[-9,0],[0,7],[-6,0],[1,8],[31,7],[9,7],[9,-3],[11,3],[2,9],[-10,9],[24,7],[-11,13],[-10,5]],[[69835,29747],[-18,-1],[-22,-8],[-4,2],[-16,-3],[-15,-9],[-5,-2],[-18,-2],[-12,2],[-27,-11],[-5,-5],[-5,3],[-7,-1],[-40,6],[-18,-2],[-3,2],[-12,-5],[-30,-3],[-11,9],[-2,6],[-24,17],[14,30],[24,26],[12,21],[-43,4],[-75,19],[-5,14],[-5,4],[-46,-8],[5,-12],[-3,-2],[3,-4],[-5,-2],[7,-3],[2,-6],[-9,-6],[3,-11],[-5,-1],[-6,-12],[-7,-2],[2,-4],[-9,-6],[-2,-8],[-7,-2],[2,-6],[-10,-8],[1,-3],[-11,-7],[-3,-4],[10,-4],[-10,-12],[-8,-3],[-5,3],[-2,-2],[-9,7],[-13,1],[-6,5],[-4,-4],[-7,2],[0,-8],[-25,5],[-13,5],[-5,4],[3,4],[-6,4],[4,2],[-5,4],[3,7],[-3,1],[5,6],[-9,10],[6,3],[-6,3],[-1,11],[-7,11],[-3,-3],[-9,9],[-18,0],[-5,4],[-3,-5],[-10,2],[-8,-4],[-5,3],[-7,-10],[-11,1],[-6,-2],[-10,5],[-2,7],[-14,7],[-19,4],[-7,4],[-10,-2],[-17,4],[-11,8]],[[69750,31558],[-22,12],[1,2]],[[69765,31402],[-16,-1],[-1,3],[-5,-1],[-5,5],[-13,3],[-7,-2],[-20,37],[15,31],[-7,21],[8,24],[-4,6],[20,14],[7,12],[7,-4],[6,8]],[[69798,31240],[-34,0],[-26,5],[-35,-13],[-47,-6],[-97,17],[-58,15],[-17,16],[-21,11],[-1,14],[-11,9],[-54,15],[-37,1],[-13,-6],[-15,-1],[-20,-1],[-21,5],[-28,1],[-43,-5]],[[69029,31499],[14,-11],[21,-8],[14,-1],[2,-10],[12,-2],[8,-6],[-15,-7],[6,-15]],[[69217,31580],[-9,-1],[-74,-52],[-31,-7],[-57,-1],[32,-11],[-9,-7],[-7,1],[-16,8],[-17,-11]],[[69729,31572],[-6,-4],[-12,-1],[-151,32],[-11,6],[7,7],[-19,10],[-22,0],[-13,-8],[3,-1],[-9,-12],[5,-8],[-13,-8],[-6,4],[-15,-12],[-46,-22],[-3,4],[-10,0],[-8,3],[-4,5],[-41,2],[-56,14],[-3,-2],[-27,0],[-40,-10],[-12,9]],[[69874,29493],[-32,7],[-9,0],[-1,-4],[-9,6],[-1,-4],[-5,1],[0,-6],[-6,4],[-9,1],[-1,-5],[-11,-3],[-9,1],[-6,-6],[-11,0],[-9,-4],[-2,3],[-5,-5],[-4,4],[-10,-3],[0,-4],[-7,4],[-7,-2],[2,-4],[-9,0],[1,-3],[-8,-2],[-11,1],[-4,-4],[-11,2],[-10,-3],[-6,3],[-18,2],[-30,8],[-22,10],[-11,-2],[-2,-4]],[[69581,29482],[-3,3],[-17,-1],[1,4],[-8,-4],[-6,2],[-3,3],[-11,-1],[0,-2],[-9,3],[2,-10],[-39,-8],[-32,2],[-23,8],[-7,-9],[-19,-10],[-14,-10],[-9,2],[-2,4],[-5,0],[-18,13],[-15,2],[-12,-3],[-23,5],[-5,-4],[-13,2],[-27,-7],[-16,1],[-13,-4],[-13,2],[-3,-3],[-14,0],[-47,-7],[-3,4],[-17,3],[-4,5],[3,5],[-18,8],[-1,5],[-9,3],[-21,21],[-17,-7],[-26,-5],[-14,17],[-37,6],[7,28],[15,2],[-5,8],[-11,3],[-2,4],[-12,-1],[-11,3],[-15,22],[-7,4],[-2,9]],[[69664,30537],[-28,23]],[[69636,30560],[13,2],[8,8],[-1,7],[-28,32],[-12,7],[-5,20],[3,7],[18,-4],[51,1],[-4,9],[23,6],[0,14],[8,1],[-4,3],[11,2],[-2,9]],[[69715,30684],[7,0],[11,7],[7,-1],[42,23],[3,6],[25,10]],[[69810,30729],[30,-23],[15,-4],[15,1],[25,3],[11,6],[27,7],[10,0],[39,16],[22,2],[33,10],[23,0],[33,5],[11,-13],[3,-19],[15,-9],[7,-21],[38,8],[37,-2],[0,3],[6,0],[-1,9],[22,3],[11,-5],[33,3],[-2,-45],[59,-5],[27,16],[39,16]],[[69458,30237],[-2,16],[7,30],[-4,38],[-10,12],[-34,-5],[-7,10],[-18,3],[-22,16],[-1,5],[16,0],[38,10],[-49,64],[-15,35]],[[69357,30471],[47,-9],[2,-3],[-2,-5],[7,-1],[10,-9]],[[69842,31231],[-1,-19],[-36,-3],[1,-10],[-50,-5],[0,-7],[-7,-4],[4,-13],[-10,-22],[7,-26],[-5,-8],[-41,3],[-3,6],[-48,-23],[5,-7],[-1,-3],[-31,-9],[2,-5],[-23,-3]],[[69605,31073],[-12,16],[-48,26],[-18,5],[-46,0],[-8,8],[-24,-13],[-9,-12],[-25,-13],[-16,0],[-1,-7],[-86,-8],[-37,-9],[-25,-2],[-3,-4],[-28,17],[-20,6],[-30,1],[-8,3],[-35,-11],[-28,-5],[-7,3],[-18,18],[-15,-7],[-4,-17],[-9,-12]],[[69237,30454],[27,-4],[36,7],[40,14],[17,0]],[[71507,28394],[34,-19],[33,-10],[22,-29],[37,-29]],[[71633,28307],[-2,-7],[-4,1],[-53,-46],[-4,-6],[-7,3],[-4,-3],[-23,7],[-46,4],[-34,7],[-68,7]],[[71388,28274],[-80,-3],[-6,5],[8,2],[-12,8],[-11,0],[-13,14],[8,4],[-6,4],[14,7],[10,1],[-8,25]],[[71292,28341],[11,10],[12,-6],[8,6],[8,9],[-20,8],[15,17],[44,-19],[28,-7],[11,5],[7,9],[25,13],[48,9],[2,2],[16,-3]],[[71875,28419],[50,-15],[6,-10]],[[71931,28394],[-71,-18],[-43,-7],[-11,-5],[-12,-29],[-29,-12],[-2,-25],[-25,-38]],[[71738,28260],[-35,8],[-24,-2],[-37,36],[-9,5]],[[71507,28394],[3,4],[-10,3]],[[71500,28401],[15,-3],[34,33],[58,-3],[13,-6],[14,2]],[[71634,28424],[35,8],[3,-2],[-3,-4],[14,0],[-26,19],[49,24],[22,1],[17,6]],[[71745,28476],[11,-13],[43,-21],[45,-18],[31,-5]],[[71989,28247],[-7,-25]],[[71982,28222],[-10,1],[-98,-18],[-6,10],[-6,-1],[-3,5],[4,1],[-22,32],[-54,-4],[-1,5],[-18,0],[-30,7]],[[71931,28394],[35,-107],[23,-40]],[[71999,28481],[-11,-3],[12,-23],[-67,-16],[-56,-10],[-2,-10]],[[71745,28476],[-3,12],[32,4],[54,11],[37,-1],[3,7],[-8,19],[1,15],[-13,0],[4,19],[-14,14],[-4,16],[12,4],[16,13]],[[71388,28274],[-11,-9],[5,-12],[101,-42],[18,-13],[26,-32],[12,-5],[28,-1],[-4,-13]],[[71563,28147],[-150,5],[-34,-1],[-38,-5],[-58,-15],[-109,-51],[-32,-11],[-33,-8]],[[71109,28061],[-7,5],[-10,20]],[[71092,28086],[11,25],[23,32],[4,13],[-4,1],[13,11],[9,2],[3,6]],[[71151,28176],[11,9],[4,12],[13,10],[56,11],[-30,35],[-16,0],[-3,3],[-26,42],[-1,10],[-9,4],[-17,-2],[-11,9],[-11,22],[-16,17],[-3,13],[13,7],[32,-15],[27,-9],[41,-1],[87,-12]],[[71691,28643],[-18,-20],[3,-4],[-19,-21],[-14,-28],[-48,-49],[-10,-18],[-2,-20],[7,-22],[18,-20],[26,-17]],[[71500,28401],[-46,12],[-31,12],[-64,9],[12,25],[37,29],[-23,28],[-39,27],[4,17],[13,11],[-23,9],[-18,0],[-22,6]],[[72143,28090],[51,-57]],[[72194,28033],[-131,0],[-65,-10],[-91,-22],[-23,-3],[-35,2],[-33,11]],[[71816,28011],[-8,4],[45,8],[-2,6],[20,1],[-28,44],[-5,-1],[-2,4],[4,17]],[[71840,28094],[22,6],[54,9]],[[71916,28109],[22,-3],[34,-10],[42,7]],[[72014,28103],[55,2],[16,9],[6,-4],[2,4],[13,-6],[-3,-4],[29,-20],[11,6]],[[71937,27715],[-1,-23],[-10,-1],[13,-38],[1,-50],[-38,3],[-8,-7],[-7,2],[-2,-5],[-16,-2],[-9,-4],[-2,-4],[-16,-3],[-15,-10],[1,-4],[-9,-7],[3,-5],[-11,-15],[-18,-10],[2,-6],[-12,-18],[-11,-1],[-8,-4]],[[71764,27503],[-19,7],[6,13],[-133,35],[8,14]],[[71626,27572],[7,13],[-4,26],[5,31],[11,7],[10,16],[62,40],[47,39],[67,-36],[18,-17],[33,2],[-3,6],[7,2],[-2,2],[53,12]],[[72000,27939],[-18,-25],[-20,-63],[-24,-132]],[[71938,27719],[-1,-4]],[[71626,27572],[-40,11],[-4,-5],[-30,4],[-37,13],[-14,9],[-7,0],[-60,22],[-19,-17],[-32,-5],[-9,5],[32,24],[2,10]],[[71712,27760],[44,18],[36,19],[65,25],[55,42]],[[71912,27864],[9,12],[4,42],[18,20],[13,6],[14,1],[30,-6]],[[72636,28044],[-38,-13],[-51,-24],[-21,-17],[-20,-6],[-41,4],[-51,19],[-26,1],[-31,-6]],[[72357,28002],[-28,-7],[-32,-4],[-47,6],[-32,-1],[-19,-4]],[[72199,27992],[-13,14],[26,20],[-18,7]],[[72143,28090],[6,2],[8,-7],[43,-13],[4,13],[17,-2],[40,24],[-4,3],[2,4],[14,-7],[8,4],[4,-3],[20,10],[0,20],[5,2],[12,0],[-17,10],[-1,15]],[[72304,28165],[53,27]],[[71982,28222],[15,-30]],[[71997,28192],[-6,-2],[21,-35],[-2,-34],[4,-18]],[[71916,28109],[-50,23],[-40,29],[-22,9],[-7,-6],[-10,3],[-14,-2],[-8,1],[2,-15],[-45,-7],[-18,3],[-5,8],[-5,0]],[[71694,28155],[7,48],[37,57]],[[71694,28155],[-3,-38]],[[71691,28117],[-6,13],[-18,11],[-16,3],[-47,1]],[[71604,28145],[-41,2]],[[71691,28117],[10,-28],[44,-40],[19,12],[42,14],[34,19]],[[71816,28011],[12,-9],[2,-9],[-5,-9],[-15,-11],[11,3],[9,-1],[10,-4],[-3,-4],[-5,-1],[6,-16],[-2,-38],[2,0],[8,-13],[10,2],[-8,-7],[7,-11],[8,0],[4,-9],[20,2],[25,-12]],[[71378,27957],[21,0],[25,5],[57,20],[27,5],[28,10],[-7,6],[36,14],[14,1],[3,21],[-17,10],[-3,14],[8,12],[-4,2],[12,8],[31,4],[-6,6],[7,2],[-3,4],[9,3],[-4,6],[5,2],[-1,5],[-14,7],[2,21]],[[72304,28165],[-5,-3],[-3,4],[1,15],[-88,16],[-4,21],[-6,0],[-18,-17],[-9,0],[-10,6],[-24,-14],[-15,15],[-33,15],[-17,-32],[-18,-2],[-23,5],[-25,-18],[-10,16]],[[71989,28247],[47,65],[11,1],[-1,-4],[8,1],[4,-3],[6,4],[29,2],[3,3],[11,1],[23,-10],[16,12],[-8,7],[8,2],[6,-2],[3,4],[13,2],[8,3],[7,13],[-19,3],[4,6],[22,7],[19,1],[-2,7],[9,1],[-3,7],[-8,-1],[-2,6]],[[72199,27992],[-35,-24],[-23,-27],[-9,-20]],[[72132,27921],[-8,-18],[-6,-5],[-22,-5],[-30,1],[-23,8],[-24,27],[-19,10]],[[71231,27985],[-7,2],[-11,-2],[1,14],[-14,15],[-22,5],[-38,17],[-27,17],[-4,8]],[[76101,25651],[9,-5],[25,-7],[4,-7]],[[76139,25632],[-10,-29],[-78,10]],[[76051,25613],[-46,9],[-8,-3],[1,-15],[-5,-13],[13,-39],[8,0],[-2,-12],[-7,-2],[1,-6],[-11,-1],[3,-2],[-30,0],[0,26],[-29,6],[-48,-5],[1,-14],[-8,-11],[-23,-2],[2,-10],[-81,-9],[-117,9],[-19,0],[-16,-9],[-85,23]],[[75538,25575],[15,4],[4,5],[4,-2],[10,4],[16,9],[32,-8],[24,-20],[19,-6],[40,20],[24,20],[39,8],[154,45],[39,15],[14,1],[13,-11],[52,10],[10,-1],[0,-9],[38,-8],[16,0]],[[75770,25400],[2,-4],[5,1],[15,17],[34,10],[11,6],[11,-6],[42,-11],[24,-13],[16,-18],[41,-23],[77,-29]],[[76048,25330],[39,-9],[27,-11],[9,-10],[28,2],[22,-7],[6,3],[35,-8],[30,-2],[13,2],[41,-1],[-11,-26],[102,-13],[19,4],[13,0],[1,3],[-5,2],[4,2],[-9,2],[19,7],[21,-3],[4,-6],[15,0],[0,-2],[-9,-4],[12,-1],[13,-8],[5,3],[7,0],[-2,5],[7,-2],[4,6],[12,-15],[8,-24],[19,-23],[3,-10],[24,3],[43,14],[20,1]],[[76637,25204],[21,-3],[51,-3],[33,5],[85,-5],[47,1],[1,-21],[19,-8],[37,5],[13,-2],[-19,-29],[38,-10],[-19,-21],[2,-30],[-10,-30],[-9,-3],[4,-7],[-15,-23],[-32,-26],[25,-12],[50,-7],[66,-5],[-9,-30],[1,-24],[-3,-3],[3,-9],[-4,-2],[9,-16],[-4,-2],[8,-8],[-7,-1],[8,-11],[-2,-6],[-16,-1],[-13,-4],[-7,-16],[8,-11],[-2,-4],[12,-9],[10,2],[13,-10],[18,5],[5,-4]],[[77053,24806],[6,-5],[-3,-3],[-53,-20],[-42,-9],[-30,-4],[-2,2],[-14,-11],[0,-15],[-10,-7],[-30,-4],[0,5],[-6,1],[-17,-5],[9,-18],[-6,-8]],[[76855,24705],[-20,1],[-8,4],[-1,9],[-7,6],[-49,11],[-1,3],[3,43],[16,15],[10,5],[4,14],[1,8],[-16,38],[15,26],[-4,3],[5,2],[-8,4],[-5,-2],[-6,6],[-11,2],[-7,-2],[-8,13],[-10,1],[-11,7],[-7,-2],[-11,10],[-5,-1],[0,4],[-10,3],[-20,1],[-15,0],[2,3],[-12,1],[2,-3],[-32,5],[-73,-7],[-11,2],[-46,-12],[-50,-20],[-16,-2],[-23,1],[-94,12],[3,-16],[11,-10],[16,-28],[-47,-16],[-12,-19]],[[76287,24828],[-80,9],[-36,-2],[-11,3],[-45,0],[-58,-8],[-68,5],[-77,9],[-9,-1],[-5,-4],[-4,9],[-12,4],[0,12],[-31,-2],[-7,-6],[-12,-3],[-1,-9],[10,-17],[-3,-7],[8,-9],[-6,-13],[-27,-7],[-6,-5],[0,-17],[-6,-7],[-48,-37],[-29,-16],[-2,-6]],[[75452,25417],[11,-2],[65,5],[28,15],[18,22],[26,-2],[94,-8],[22,-7],[31,-19],[23,-21]],[[76619,26297],[6,-22],[-71,-14],[8,-10],[58,12],[10,-18],[88,6],[11,-34],[44,15],[30,-26],[-34,-14],[29,-20],[-37,-14],[4,-5],[-10,-20],[4,-22],[35,1],[3,-6],[43,7],[2,-25],[13,-28],[46,2],[16,-55],[-7,-35],[10,-4],[11,1],[9,-13],[24,4],[7,-46],[28,-42]],[[76999,25872],[-43,2],[-26,-54],[-9,-6],[-1,8],[-19,-6],[-24,-3],[-39,6],[-44,16],[-32,-3],[-73,-17],[-26,4],[-136,11],[-51,-6],[-3,2],[-23,-3],[-5,-4],[-94,-9],[-12,-14],[-18,0],[-27,6],[-2,3],[5,2],[-4,3],[6,3],[-5,1],[26,32],[6,15],[-13,87],[-15,19],[-41,30],[13,0]],[[76270,25997],[4,0],[6,6],[5,-1],[5,3],[13,20],[-12,29],[4,5],[-3,10],[-5,3],[6,15],[-7,8],[4,13],[-39,28],[27,31],[-7,31]],[[76999,25872],[13,-3],[14,-11],[20,9],[90,8],[4,-14],[64,4],[-1,4],[18,2],[29,-1],[10,-28],[29,2],[3,-5],[128,5]],[[77420,25844],[145,-83],[-22,-18],[-10,-1],[-35,-20],[-31,-10],[-18,-12],[-61,-29],[1,-12],[-7,-20],[7,-9],[-11,6],[-33,0],[-86,-15],[-74,-9],[-9,-3],[-51,12],[0,-26],[-5,0],[-1,-15],[-25,-2],[-20,-6],[-24,-19],[2,-31],[-5,-1],[-2,-11],[-17,0],[-5,-20],[6,0],[-8,-13],[7,-3],[-6,-4],[14,-19],[-17,-5],[13,-14],[12,-4],[-9,-9],[19,-11],[8,-22],[8,3],[3,-2],[16,1],[11,-9],[-11,-2],[3,-9],[-17,-9],[-10,0],[2,-7],[-23,-16],[1,-10],[-13,-14],[-17,-8],[-10,-9],[-4,5],[-6,-9],[-11,-2],[-4,-6],[-27,2],[-8,-4],[-8,8],[-5,-7],[-8,2],[-8,-4],[-8,2],[-7,-4],[-8,3],[-7,-3],[-6,3],[-3,6],[-8,-2],[-5,5],[-7,-2],[-8,0],[-7,4],[8,3],[-3,2],[-9,1],[-4,5],[-21,-1],[-4,2],[-11,-2],[0,-4],[-12,1],[3,-4],[-11,-5],[-3,4],[-15,0],[0,7],[-13,-5],[3,4],[-6,2],[2,4],[-9,1],[0,-3],[-10,3],[-6,-3],[-8,4],[-10,-1],[-14,-33],[-31,-35],[-4,-4],[-27,-4],[10,-27]],[[76048,25330],[7,23],[21,5],[-2,14],[37,1],[3,15],[22,23],[1,20],[25,-1],[1,36],[17,5],[21,0],[32,5],[57,17],[-26,6],[-6,6],[6,11],[-12,14],[-6,0],[-3,7],[4,10],[-12,18],[4,6],[-3,11],[-8,7]],[[76228,25589],[-4,13],[-8,7],[-15,6],[-42,9],[-20,8]],[[76101,25651],[4,13],[19,17],[-6,12],[15,1],[3,12],[8,0],[16,20],[13,20],[-3,10],[13,4],[10,6],[18,1],[-21,25],[-18,7],[-52,0],[-31,5],[-3,7],[-15,10],[-18,8],[-35,10],[-3,5],[-31,2],[-5,-3],[-10,-1],[-138,13],[-18,-2]],[[75813,25853],[-6,15],[2,10],[27,7],[23,12],[-42,19],[7,30],[43,21],[12,0],[14,15],[33,22],[24,-6],[13,-8],[6,4],[5,-3],[75,36],[14,-1],[7,4],[11,-3],[-2,-4],[7,0],[2,-4],[6,0],[6,-17],[23,-12],[4,-12],[5,3],[15,-3],[0,4],[6,2],[-2,5],[14,-2],[24,11],[7,0],[10,-5],[2,4],[6,-2],[18,5],[10,1],[10,-3],[12,4],[6,-5]],[[78209,25908],[-8,-1],[-36,-14],[11,-8],[17,0],[2,-2],[-2,-31],[16,-2],[5,-29],[14,-22],[-19,-10],[-71,-10],[-46,-12],[-18,11],[-40,5],[-6,-3],[-1,-15],[-41,0],[-27,-17],[-30,-10],[-4,6],[-42,2],[-4,4],[-54,7],[-9,4],[-11,9],[-39,12],[-33,0],[-36,-9]],[[77697,25773],[-7,9],[-10,22],[6,20],[16,8],[3,4],[-22,13],[-33,-2],[-54,9],[-36,-2],[-42,5],[-26,0],[-13,-5],[-59,-10]],[[78312,25240],[-19,-1],[-21,-7],[-29,11],[-11,-4],[-7,0],[-30,10],[-17,11],[-6,1],[1,6],[-9,-2],[-2,4],[-6,-2],[-7,4],[-7,-7],[-7,-2],[-12,4],[-10,-9],[-14,3],[-11,-6],[-16,-3],[-10,-6],[3,-6],[-6,-5],[5,-6],[1,-13],[-28,-23],[-50,-27],[-19,1],[-25,-6],[-4,-8],[-11,-1],[-6,-10],[15,-4],[-6,-2],[2,-5],[-11,-9],[-16,-9],[4,11],[-5,5],[-7,0],[-3,-8],[-17,-9],[-9,-13],[20,-13],[10,-19],[-14,-12],[6,-9],[-2,-8],[-15,-3],[-9,-8],[-14,-6],[1,-9],[-8,-3],[-8,3],[-3,-4],[-50,-21],[1,-6],[7,-4],[8,-12],[0,-15],[8,-5],[1,-6],[-20,-12],[-6,-8],[-10,-3],[-8,-21],[-8,-7],[5,-12],[18,-7],[11,0],[4,-3],[0,-6],[27,-9],[17,-11],[8,1],[6,-4],[3,-9],[-15,-18],[-9,6],[-15,-8],[-5,6],[-66,13],[-38,-2],[-18,-7],[-17,-13],[11,-9],[-5,-2],[4,-19],[-9,-17],[-9,-7],[-19,-4],[-8,5],[-23,-1],[-8,-6],[-13,4],[-19,-3],[-35,6],[-14,7],[5,3],[-3,3],[-11,0],[-8,9],[3,4],[-5,3],[11,7],[-13,0],[2,6],[6,2],[4,5],[4,14],[-16,19],[-22,4],[-13,-7],[-9,-1],[-7,-14],[4,-2],[13,0],[-14,-31],[-12,-13],[-32,-15],[-31,5],[-22,9],[-25,1],[-8,3],[-21,1],[-29,-2],[-9,-8],[-13,-2],[2,-5],[-4,-4],[-19,-6],[-1,-5],[-10,-5],[-21,-5],[-11,2],[-8,-5],[-12,2],[-31,-7],[7,-9],[-13,-2],[2,-6],[-13,-1],[-10,-15],[-20,1],[-26,-6],[-7,-3],[3,-2],[-8,-5],[-17,1],[-6,-6],[6,-3],[-3,-6],[-14,0],[-10,-4],[-6,4],[-12,-2],[-5,-7],[-9,-2],[10,-1],[-5,-5],[4,-4],[-5,0],[1,-5],[-27,-9],[-15,-8],[-11,-3],[-12,3],[-4,-1],[-10,11],[-6,1]],[[76898,24629],[17,21],[-1,17],[-20,11],[-9,10],[-20,9],[-10,8]],[[77053,24806],[59,16],[51,24],[34,7],[23,0],[9,4],[-4,3],[27,16],[13,-11],[16,15],[20,9],[69,10],[40,-1],[25,5],[8,-3],[43,28],[27,29],[4,17],[18,-1],[8,27],[0,2],[-13,1],[14,17],[-9,-1],[-2,9],[-5,0],[-8,9],[-10,1],[8,6],[8,44],[18,22],[-5,7],[-2,44],[10,16],[16,16],[3,24],[14,16],[-17,13],[-13,-3],[-37,10],[69,48],[7,14],[8,8],[28,7],[16,8],[22,6],[8,6],[28,32],[17,34],[0,9],[-11,9],[4,4],[-3,3]],[[77706,25441],[11,6],[-3,2],[16,-2],[5,6],[9,-7],[10,7],[11,-4],[9,9],[-10,19],[-17,7],[-1,4],[-12,6],[-2,6],[-7,3],[4,4],[5,-1],[5,9],[4,-4],[8,2],[-3,2],[12,6],[15,-5],[11,-11],[24,0],[19,5],[6,6],[8,1],[24,14],[27,8],[13,-2],[13,-25],[29,-7],[5,-6],[7,0],[5,5],[14,3],[7,11],[13,4],[8,-5],[17,1],[11,-5],[14,-13],[-4,-4],[7,-6],[0,-6],[21,-6],[8,1]],[[75418,25817],[5,2],[-1,9],[9,7],[6,1],[3,3],[10,6],[9,-1],[2,7],[7,-1],[5,4],[23,-8],[21,-17],[15,-6],[10,-8],[0,-6],[47,-7],[85,-8],[40,10],[38,39],[61,10]],[[76898,24629],[-7,6],[-7,-2],[-11,4],[-19,-1],[-4,-4],[5,-1],[1,-6],[-10,-1],[2,-3],[-4,-9],[-14,-5],[-21,-5],[-28,3],[-40,-18],[-22,5],[-10,-11],[-10,-4],[-2,-7],[-9,2],[-20,-4],[-22,-9],[-4,-5],[-6,-2],[-3,-7],[-5,4],[-9,-1],[-5,-10],[11,2],[2,-6],[-10,0],[2,-5],[-19,-5],[2,-3],[-7,-3],[2,-4],[9,0],[0,-12],[-4,-2],[-12,5],[-5,-7]],[[76585,24498],[-26,-3],[-45,-43],[24,-1],[-20,-16],[-17,6],[-23,-25],[12,-6],[-11,-3],[-4,-7],[-8,0],[-4,-8],[-9,-2],[1,-5],[-11,1],[-23,-7],[-6,12],[-10,-4],[4,-5],[-7,-4],[-26,8],[-11,-5],[-2,-4],[12,-10],[-9,-3],[2,-8],[10,-6],[-5,-2],[-22,1],[9,-11],[20,-8],[0,-4],[-8,1],[-9,-4],[13,-4],[2,-3],[-7,-2],[-14,3],[-5,-9],[-11,-1],[-3,3],[-5,-2],[-1,-4],[7,1],[-1,-5],[6,-1],[-6,-3],[3,-6],[6,0],[-10,-12],[-10,1],[3,-9],[-14,-3],[1,-9],[-9,0],[-11,-5],[2,-5],[-10,1],[2,-3],[-6,-2],[-2,5],[-13,-4],[1,-2],[8,-4],[-21,-3],[0,-5],[7,-1],[-1,-4],[5,-1],[-2,-6],[-15,-2],[-4,-10],[-19,-5],[0,-3],[-16,-7]],[[75750,24593],[43,11],[-9,21],[-1,18],[12,5],[56,-2],[26,6],[12,7],[-16,6],[8,4],[-6,13],[8,-1],[3,4],[15,-4],[6,17],[9,5],[13,-21],[185,0],[6,11],[44,-27],[37,-12],[28,19],[20,0],[0,-12],[14,2],[43,34],[14,20],[-6,20],[7,19],[-3,17],[-27,38],[-4,17]],[[77697,25773],[32,-36],[-69,-28],[10,-6],[-41,-41],[-27,-44],[6,-31],[22,-37],[12,-32],[-21,-23],[-12,-21],[-22,-15],[10,-18],[-4,-3],[0,-7],[10,-3],[5,-9],[45,5],[-3,3],[7,3],[23,2],[9,4],[-1,2],[18,3]],[[76228,25589],[-62,-26],[16,-4],[-5,-12],[-24,10],[-52,-20],[-3,-20],[-19,-22],[-15,7],[-42,-2]],[[76022,25500],[-8,26],[3,25],[8,21],[26,41]],[[76022,25500],[-10,0],[1,-13],[-30,4],[-14,-5],[-32,-5],[-72,-21],[-95,-60]],[[76332,22185],[-22,-13],[-45,-35],[33,7],[28,-17],[26,-4],[-3,-4],[-36,-15],[-14,-13],[-32,-4],[-35,-10],[-16,-3],[-5,1],[-46,-19]],[[76165,22056],[-30,11],[-73,15],[-23,13],[-13,16],[-12,4],[-11,10],[-43,2],[-23,21],[-20,27],[-32,-3],[-79,6],[-12,3],[2,8],[-41,11],[6,24],[41,14],[40,20]],[[75842,22258],[181,-29],[60,-3],[28,-4],[32,4],[32,-1],[66,-15],[43,-20],[29,-2],[19,-3]],[[76048,22893],[54,-53],[42,-24],[40,-11],[37,-4],[35,1],[45,6],[14,-6],[7,-13],[7,11],[34,7],[-3,4],[7,2],[16,1],[10,-12],[-6,-2],[10,-10],[-1,4],[8,2],[-2,22],[59,5],[56,11],[-10,18],[3,9]],[[76510,22861],[134,-3],[15,3],[18,10],[67,5],[4,-8],[27,2],[-6,-10],[-17,-1],[3,-8],[15,2],[2,-4],[6,1],[3,-13],[-5,0],[-1,-4],[-9,1],[-6,-11],[-16,-5],[-21,3],[-1,-9],[12,-1],[-5,-10],[16,-5],[5,6],[12,-4],[2,2],[27,-7],[41,12],[34,-32],[27,2],[17,-1],[19,3],[65,-16],[11,0],[4,-13],[18,-15]],[[77027,22733],[8,-7],[-18,-4],[-24,-16]],[[76993,22706],[-17,-9],[-20,-23],[-47,-22],[-41,-16],[-2,1],[-19,-11],[-7,0],[-3,-9],[-17,-8],[1,-4],[-29,-7],[-3,-15],[-43,-1],[-10,12],[-7,1],[-8,-3],[-1,7],[-4,3],[-20,-2],[-1,-7],[-10,-3],[-1,3],[-28,-1],[-5,5],[-65,-5],[-2,-5],[-21,1],[-7,17],[-24,-3],[-2,3],[-17,-4],[-4,-4]],[[76509,22597],[-19,1],[-16,7],[0,5],[4,3],[-4,6],[3,5],[-19,7],[-7,5],[-23,0],[5,6],[-4,12],[6,3],[-5,2],[-13,-3],[11,6],[-3,7],[-8,1],[-6,4],[0,7],[-6,2],[-10,-2],[-11,7],[-9,18],[9,9],[-3,10],[-4,2],[-22,-12],[-15,16],[-24,-7],[-24,0],[2,-3],[-10,-2],[-48,4],[-6,-5],[-6,2],[-7,-2],[-8,4],[-9,0],[-1,3],[-9,0],[0,-3],[-27,1],[-2,-5],[-8,3],[-11,-6],[-15,-2],[-7,-5],[-20,-5],[-4,1],[-11,-1],[-13,-6],[-2,-5],[-14,-8],[-25,-9],[-17,-2],[2,-3],[-16,-2],[-6,-13],[-10,-10],[-6,1],[-3,-4],[-15,-17],[-8,-4],[-5,1],[-15,-11],[-6,2],[-13,-5],[-8,-7],[-2,-4],[6,-4],[-3,-11],[-12,0],[-10,-6],[-9,-2],[-19,9],[-13,2],[-15,-1],[-7,-2],[-23,1],[-38,8],[-32,13],[-16,0],[-44,-7],[-13,11],[-43,-8],[-8,8],[3,2],[-14,12],[-6,13],[-8,-2],[4,-7],[-16,-19],[-17,3],[-36,-25],[-22,-9]],[[75492,22576],[-14,57],[-10,22],[-19,17],[-21,27],[-42,28],[-58,21],[2,2]],[[75330,22750],[23,11],[5,-1],[24,23],[16,4],[22,18],[12,0],[8,4],[17,-2],[10,6],[20,2],[4,5],[23,0],[5,6],[22,3],[44,26],[100,29],[99,34],[39,14],[41,27],[16,5]],[[75880,22964],[17,-12],[21,-8],[60,-11],[27,-8],[22,-13],[21,-19]],[[76232,23214],[-31,-41],[3,-4],[-3,-4],[-18,-1],[2,-3],[-20,-3],[11,-36],[-21,-26],[5,-20]],[[76160,23076],[-64,-12],[-12,50],[-26,40],[-5,0],[-17,-12],[-11,3],[-2,15],[-20,2],[-13,36]],[[75990,23198],[82,46],[-3,8],[9,3]],[[76078,23255],[180,-16],[-7,-11],[-29,-8],[10,-6]],[[77188,23822],[-94,-18],[-19,-7],[-38,-19],[-16,-23],[-25,-20],[-14,-29],[-19,-18],[21,-9],[7,-21],[11,-9],[-4,-6],[-24,-10],[-28,6],[-10,7],[-19,7],[-32,-17],[-50,-10],[-36,-17],[-51,-8],[-52,-31],[-8,-19]],[[76688,23551],[-59,6],[6,5],[6,17],[-16,8],[-16,32],[32,6],[-8,10],[-35,-2],[-28,-9],[0,-5],[-5,-1],[-47,4],[-18,-1],[-1,2],[22,3],[-2,4],[50,7],[35,11],[0,5],[-32,14],[6,7],[11,5],[30,3],[-15,22],[-39,20],[12,9],[13,4],[-100,30],[-8,-9],[-10,-4],[-15,0],[-13,-11],[-32,9]],[[76412,23752],[9,23]],[[76421,23775],[27,70]],[[76448,23845],[15,32],[43,56],[18,37],[2,43],[-16,39],[-38,12],[-106,5],[-49,-18],[-33,-22]],[[76284,24029],[-109,27],[-114,-123],[-33,-61],[4,-31],[-7,-26],[-52,-63]],[[75973,23752],[-17,-29],[-4,-28],[-7,-2]],[[75945,23693],[-72,-4],[-60,2],[-27,2],[-34,10],[-52,6],[-17,4],[-28,-2]],[[75655,23711],[0,15],[-30,31],[-9,2],[-11,-4],[-10,2],[-15,5],[-18,12],[28,16],[14,12],[-13,10],[2,4],[-41,25],[9,6],[-6,3],[8,6],[14,1],[-14,11],[6,4],[-17,11],[4,3],[-25,8],[-10,12],[2,9],[-11,9],[-47,0],[-22,6],[-12,17],[-28,7],[-33,28],[-63,43],[22,17],[7,17],[22,-3],[9,28],[23,-5],[30,35]],[[76585,24498],[89,-58],[-9,-11],[-11,-36],[-17,-20],[26,-13],[23,7],[26,-8],[20,-1],[13,-9],[1,-8],[42,-5],[23,-13],[44,-16],[17,-9],[18,-2],[23,-18],[25,-12],[-22,-25],[10,-13],[-14,0],[48,-46],[-1,-7],[-23,-12],[-33,-10],[-73,-16],[-34,-1],[-47,5],[-37,-2],[-35,-11],[-28,-17],[-14,-14],[-14,-6],[-34,-6],[9,-35],[12,-18],[10,-6],[16,7],[19,4],[35,3],[16,-1],[41,14],[2,7],[11,10],[29,6],[27,13],[15,4],[36,4],[3,-2],[22,6],[19,-2],[23,2],[5,5],[25,4],[35,-4],[7,-19],[15,-20],[25,11],[29,1],[0,-9],[18,-1],[60,16],[34,3],[20,-3],[14,3],[15,-1],[15,8],[26,-6],[8,-6],[27,-8],[4,2],[13,-3],[-3,-7],[-9,-2],[-8,-10],[-60,-7],[-6,5],[-11,0],[-8,-3],[-7,-6],[9,-11],[2,-11],[17,-11],[8,-11],[18,-11],[3,-7],[21,-5],[6,-4],[19,-35],[21,-1],[-6,-9],[-9,-40],[-16,-25],[-17,-18],[-79,-9],[-29,-7],[5,-7]],[[76284,24029],[34,-11],[-13,-8],[-3,3],[-23,-12],[-23,-8],[-32,-17],[-2,-7],[-9,1],[-21,-4],[2,-5],[6,0],[-2,-15],[-11,-2],[-4,-13],[2,-63]],[[76185,23868],[-2,-44],[-44,16],[-4,-10],[-57,-3],[10,-26],[7,-4],[11,0],[3,-6],[-16,-4],[2,-4],[-7,0],[6,-12],[-2,-10],[-30,-1],[-27,-5],[-9,-16]],[[76026,23739],[-53,13]],[[76531,22049],[-8,-1],[3,-6],[-10,0],[-11,-15],[-8,-2],[13,-33],[-24,-3],[1,-4],[-6,-3],[9,-11],[-7,-5]],[[76483,21966],[-88,-1],[-27,8],[1,7],[-30,5],[3,1],[-13,6],[-6,8],[-50,-4],[-35,4],[-48,42],[-25,14]],[[76332,22185],[19,8],[0,5],[16,10],[55,15],[35,16]],[[76457,22239],[21,-13],[-21,-13],[-15,-28],[14,-26],[23,-2],[3,-25],[-30,-7],[40,-36],[21,-27],[18,-13]],[[75655,23711],[-13,1],[-9,5],[-1,-15],[-11,0],[-2,-15],[-9,-11],[-5,-15],[-5,-4],[-6,1],[6,-34],[-27,-4],[-27,4],[1,-4],[-17,-22],[1,-3],[-30,-4],[-3,-4],[-14,0],[-3,6],[-13,-1],[-20,11],[-18,2],[4,-68],[17,-4],[28,0],[-3,-27],[-5,-6],[-67,-21],[-20,-17],[-10,-1],[2,-14],[5,-9],[6,0],[-11,-4],[6,-25],[-9,-2],[10,-15],[-29,-6],[-48,-4],[-52,-11],[-47,-4],[-5,1],[-12,-4],[3,-7],[-7,-5],[-5,4],[-7,-4],[-4,2],[-11,-2],[-5,3],[-3,-4],[-8,1],[-14,-4],[4,-7],[-5,-2],[4,-3],[-10,-5],[-8,1],[3,2],[-10,4],[-14,-4],[-2,-3],[4,-4],[-9,-2],[-2,-5],[-10,-1],[-14,9],[-5,-2],[-11,1],[2,-2],[-16,-8],[-9,-11],[-15,-8],[-3,3],[-4,-3],[-8,0],[-2,4],[-5,-4],[-5,2],[2,4],[-13,4],[-7,-4],[-11,1],[-16,-10],[-14,0],[-5,-6],[-20,3],[0,-4],[-5,-4],[-1,5],[-37,24],[-33,28],[25,7],[6,4],[13,-10],[12,-2],[24,10],[5,6],[-3,33],[-5,3],[-48,0],[-8,2],[-46,-21],[-29,-6]],[[74765,23367],[-26,10],[-56,13],[-61,22],[-134,21],[-50,0],[-57,6],[5,30],[-14,27],[-5,45],[-4,3],[5,8],[10,3],[1,6],[5,2],[-1,6],[25,15],[8,9],[-5,6]],[[76509,22597],[5,-11],[-8,-7],[-1,-11],[10,-7],[-8,0],[4,-10],[-1,-2],[-6,5],[-10,-6],[8,-1],[-5,-6],[6,-8],[-27,-18],[8,-9],[5,2],[2,-3],[8,0],[5,-4],[-3,-3],[21,0],[14,-15],[-1,-4],[-6,-2],[-13,-21],[2,-9],[14,-4],[8,-9],[-5,-11],[-8,-1],[-4,-17]],[[76523,22405],[1,-2],[-95,-12],[-55,0],[-25,-14],[-24,3],[17,-45],[8,2],[2,-5],[-15,-1],[-29,-8],[-33,-3],[-15,5],[-20,-2],[-15,5],[-26,4],[-31,-8],[-24,9],[-30,2],[-5,-5],[-22,-9],[-68,-8],[-15,7],[-6,13],[-16,-3],[-24,-7],[-11,-10],[-20,-10],[-6,-7],[-79,-38]],[[76483,21966],[4,-5],[23,1],[-24,-16],[0,-5],[-14,-12],[-23,-14],[-13,6],[-8,-4],[-77,-24],[-11,-7],[-3,-13],[-14,-4],[12,-7],[-30,-8],[10,-6],[-22,-17],[-14,3],[-33,-9],[4,-11],[-4,-4],[-39,-12],[-38,-23],[-22,-33],[-19,-18],[-20,-12],[-119,-47],[-10,7],[-13,-1],[-70,-14],[-21,-2]],[[75875,21655],[-47,17],[-54,-4],[-17,10],[2,1],[-15,2],[-24,-7],[-9,-6],[-8,-11],[-12,6],[-10,-9],[-50,-5],[-11,6],[-16,1],[-7,4],[-13,0],[-11,-9],[-11,-1],[0,-8],[-14,-4],[-6,1],[-7,-6],[-69,-12]],[[75466,21621],[-35,108],[-61,-13],[2,7]],[[75372,21723],[-2,35],[5,5],[-5,3],[3,2],[-6,1],[2,17],[4,2],[-6,4],[3,3],[-4,8],[-12,11],[2,6],[-6,16],[5,7],[-26,38],[-16,12],[-13,18],[-4,11]],[[75296,21922],[14,28],[5,28],[-6,13],[1,14],[5,17],[11,9],[1,8],[-24,42],[-25,23],[-15,30],[2,2],[-13,13],[-4,18],[-7,4],[-1,16],[-10,12],[3,9],[-14,11],[4,5],[-12,9],[36,18],[46,33],[37,16],[102,56],[5,-1],[15,8],[3,21],[19,13],[12,15],[34,13],[-10,6],[-7,14],[14,53],[1,29],[-6,23],[-10,9],[-10,17]],[[76949,22193],[-19,-5],[-22,1],[-20,-12],[1,-4],[-4,-5],[-40,-22],[-24,-22],[-17,-24],[-22,-6],[-3,-5],[-27,-2],[-20,2],[-21,-2],[-7,2],[-2,4],[-21,3],[-6,5],[-16,-1],[-32,-7],[-18,-10],[-32,-2],[-36,-7],[-3,-21],[-3,-5],[-4,1]],[[76457,22239],[18,20],[9,30],[11,13],[24,15],[5,18],[-11,14],[24,11],[-6,5],[2,9],[-7,7],[14,11],[-12,5],[-5,8]],[[76993,22706],[50,-22],[-22,-19],[27,-17],[0,-3],[38,-13],[-28,-69],[-6,2],[-8,-16],[41,-21],[-66,-25],[-24,-22],[-12,2],[-14,-37],[-2,-36],[-48,-97],[-11,-11],[3,-12],[15,-19],[23,-78]],[[77376,22387],[-2,-10],[-9,-8],[67,-25],[66,-17],[127,-16],[30,-1],[33,9],[16,-14],[24,9],[16,-3],[20,10],[4,9],[20,8],[89,-9],[68,-33],[28,1],[65,11],[36,-1]],[[78074,22307],[0,-10],[55,-17],[-27,-16],[-228,-195]],[[77874,22069],[-28,13],[-38,11],[-25,-27],[-6,1],[-28,-24],[-49,-27],[-17,23],[-30,27],[-44,19],[-30,25],[-136,45],[-50,7],[-12,-29],[-9,-11],[-31,-19],[-29,-8],[0,-5]],[[77312,22090],[-35,-2],[-37,6],[-69,15],[-70,23],[-20,-17],[-28,9],[-10,-2],[-31,25],[-27,-5],[-8,8],[-39,-6]],[[76938,22144],[-1,18],[12,24],[0,7]],[[76949,22193],[13,8],[14,0],[7,-6],[10,8],[5,-3],[-2,-8],[5,-2],[12,8],[11,0],[9,6],[14,-2],[9,5],[37,3],[34,0],[17,-6],[27,-3],[5,1],[9,8],[21,-1],[21,19],[38,48],[9,13],[-1,13],[8,8],[18,2],[4,4],[20,46],[-1,7],[19,11],[14,-1],[10,3],[3,5],[8,0]],[[76938,22144],[12,-25],[11,-11],[79,-33],[32,-7],[28,-12],[15,-17],[36,-23],[7,-7],[5,-18],[39,-31]],[[77202,21960],[0,-6],[-4,-3],[-87,-15],[-66,-18],[1,-14],[-44,-30],[-39,17],[-21,4],[-21,1],[-67,-12],[-40,-19],[-25,-7],[8,-16],[27,-89],[2,-24],[8,-13],[33,-93],[23,-36],[-3,-24],[7,-23],[29,-40],[10,-9],[13,-6],[-61,-36],[-48,-22],[-36,-33],[-11,-19],[-48,-47],[-28,-17],[-69,-95],[5,-24]],[[76291,21160],[37,16],[51,9],[22,9],[71,5],[18,5],[34,-6],[12,4],[45,-3],[18,2],[51,-9]],[[76291,21160],[-19,13],[-41,40],[-50,145],[-4,22],[4,20],[26,32],[-14,0],[-22,18],[0,13],[-23,18],[-3,13],[-27,19],[-13,23],[3,9],[-14,13],[-12,24],[-92,43],[-48,12],[-22,-4],[-45,22]],[[78269,22755],[10,-1],[59,44],[37,21],[-19,10],[-53,40]],[[78269,22755],[-260,42],[-33,-73],[-9,-14],[-14,-12],[-81,-38],[-66,-27],[-43,-13],[-7,3],[-18,-8],[-18,-4],[-37,-19],[-20,-6],[-15,-9],[-11,-2],[-11,25],[-10,9],[-25,-11],[-24,19],[-31,6],[-4,3],[-5,-2],[-8,1],[-1,-10],[6,-3],[0,-3],[7,-7],[12,-3],[-5,-6],[7,-21],[-3,-6],[8,-5],[-8,-7],[-5,-13],[-37,-13],[-5,-10],[-23,-3],[-10,-3],[-8,-11],[17,-3],[2,-5],[10,1],[-5,-8],[6,-3],[-7,-1],[10,-10],[5,-1],[-2,4],[9,-2],[8,1],[-4,-7],[6,-9],[-18,-12],[4,-6],[-7,-9],[6,-8],[-15,-4],[-36,-3],[-20,6],[-17,-4],[-27,-12],[4,-14],[-2,-5],[-5,0]],[[77027,22733],[5,5],[58,27],[11,12],[2,24],[-29,31],[-3,50]],[[77071,22882],[12,-2],[6,-6],[12,1],[15,13],[10,14],[51,1],[10,7],[-5,2],[19,6],[3,2],[27,4],[1,4],[12,8],[-1,6],[21,-2],[18,4],[8,6],[-5,4],[1,7],[5,-1],[17,14],[6,2],[8,-2],[21,9],[14,2],[18,-3],[9,0],[15,7],[33,0],[1,-3],[-11,-2],[-36,-3],[1,-5],[19,-5],[3,-3],[34,6],[17,9],[19,3],[12,-3],[6,-8],[10,1],[23,-8],[8,4],[5,-1],[22,5],[14,-9],[-1,-4],[11,1],[12,-13],[13,-5],[11,-1],[20,7],[4,-1],[6,5],[10,1],[6,5],[43,-5],[7,2],[0,4],[36,3],[9,6],[42,-2],[39,-7],[6,3],[7,23],[3,-16],[14,-17],[52,2],[3,-10],[31,0],[0,5],[3,0],[62,-5],[1,-2],[14,2],[2,-4],[42,-5],[27,-8],[29,-4],[-1,-2],[59,-8],[6,-4],[18,1],[6,-4],[15,-2],[16,-17],[21,-7],[20,-15]],[[76688,23551],[93,-57],[-55,-22],[9,-28],[-8,-16],[1,-16],[6,-19],[8,-9],[-2,-17],[55,4],[63,19],[24,-11],[65,-11],[24,-7],[18,3],[19,8],[31,1],[2,-7],[-9,-30],[4,-16],[39,-25],[31,-15],[4,-26],[-7,-19],[68,-1],[-14,-15],[-22,-7],[-5,-24],[5,-15],[-7,-2],[-6,-10],[-4,4],[-17,2],[-2,-12],[5,-17],[-6,-6],[-19,4],[-9,-9],[-6,-17],[83,-33],[-18,-14],[19,-8],[-53,-37],[-25,-37],[-12,-30],[-11,-12],[-2,-8],[6,-16],[-10,-14],[-9,-3],[6,-3],[-4,-3],[11,-2],[5,-6],[9,-2],[5,2],[3,-4],[4,2]],[[76510,22861],[8,34],[-4,9],[20,5],[-11,13],[-31,-1],[-36,4],[-3,-2],[-25,7],[-49,2],[-27,-3],[-31,-10]],[[76321,22919],[-5,15],[-10,13],[-27,10],[11,17],[-9,11],[7,19],[12,5],[10,11],[-9,56],[7,5],[16,3],[8,4],[11,18],[11,11],[13,7],[8,7],[4,0],[4,8],[10,0],[6,7],[11,5],[1,6],[-6,6],[7,6],[-85,4],[-6,-6],[-4,1],[-85,46]],[[76078,23255],[6,15],[-2,10],[-21,21],[-16,8],[0,5],[-23,22],[-14,18],[-10,30],[-2,16],[13,18],[0,16],[15,4],[-2,8],[-4,1],[11,10],[-15,1],[-5,23],[-5,8],[-6,1],[-7,13],[6,57],[-22,0],[5,24]],[[75980,23584],[31,-2],[17,7],[15,-4],[44,5],[38,10],[25,-28],[33,6],[47,17],[36,9],[22,17],[13,3],[-2,4],[30,16],[8,11],[23,17],[21,26],[28,54],[3,0]],[[76421,23775],[-20,-2],[-45,4],[-51,13],[-17,-12],[-21,-9],[27,-30],[-12,-3],[-14,-13],[-63,-23],[-2,-2],[22,-7],[-18,-10],[-9,-13],[-6,1],[-3,-3],[-20,9],[5,4],[-40,27],[-12,-8],[-96,41]],[[76185,23868],[178,-39],[30,2],[55,14]],[[76160,23076],[58,13],[13,-40],[-19,-10],[-10,-11],[-7,1],[-3,-2],[-83,-12]],[[76109,23015],[-32,-2],[-1,5],[-53,-1],[13,-22],[9,-47],[22,-29],[-6,-10],[12,-5],[-25,-11]],[[75880,22964],[-16,23],[-2,47],[-15,59],[-9,17],[-16,18],[12,2],[75,36],[81,32]],[[75980,23584],[-6,44],[-12,11],[0,13],[-17,41]],[[78543,25038],[-11,30],[10,1],[1,22],[-24,40],[-17,6],[-14,15],[-81,21],[-9,14],[-19,-17],[-7,3],[-1,6],[-18,17],[-3,9],[-11,5],[-16,29],[-8,2]],[[79077,24681],[-27,9],[-17,15],[-45,1],[-4,8],[-99,-17],[-118,-16],[-128,-25],[-97,-12],[-41,-3],[-33,-6],[-25,24],[6,6],[19,4],[-63,23],[-39,6],[-28,10],[-51,47],[30,16],[4,10],[14,4],[12,0],[7,3],[20,58],[26,19],[5,11],[-1,18],[43,6],[13,106],[23,2],[34,-2],[-10,22],[36,10]],[[79111,24190],[2,7],[-14,-3],[-5,4],[-2,17],[5,9],[10,3],[3,8],[18,14],[28,2],[24,8],[1,11],[18,12],[13,35],[-10,18],[-2,11],[-10,8],[-2,9],[1,13],[15,15],[1,13],[-12,6],[-76,9],[-5,8],[-22,7],[-13,0],[-6,10],[-3,27],[-7,2],[-24,28],[25,16],[-1,7],[4,5],[13,1],[18,-6],[16,3],[18,-2],[11,5],[14,17],[-1,17],[-44,28],[-26,5],[-10,6],[9,19],[-11,10],[8,24],[-3,25]],[[79111,24190],[-6,-12],[2,-38],[-5,-15],[-3,-1],[-7,4],[-8,1],[-25,-12],[-2,2],[-11,-5],[-21,-1],[-7,-7],[-4,5],[-6,-3],[-23,2],[-2,-3],[-15,-1],[-13,21],[-35,9],[-15,-5],[-5,1],[-12,22],[1,19],[-26,13],[-17,1],[-30,-6],[-43,2],[-37,-7],[-28,-1],[-19,-5],[0,3],[-7,-2],[-11,-13],[-4,0],[-1,4],[-10,-1],[-8,-15],[-13,-3],[-9,-8],[4,-8],[30,-21],[24,-25],[-94,-17],[-15,2],[-1,26],[-83,5],[-23,-3],[-37,-11],[-26,4],[-30,-14],[-43,-7],[3,-13],[20,-22],[49,5],[6,-9],[-47,-5],[7,-22],[122,13],[66,0],[-7,-25],[56,-31],[-10,-3],[-27,-28],[1,-19],[27,-19],[5,-9],[16,-6],[21,-26],[24,-6],[10,-12],[-7,-11],[9,-14],[18,-9],[9,-12],[14,-5],[19,-20],[12,1],[16,-8],[13,-35],[17,-22],[-29,-23],[-10,-4],[-8,0],[-11,7],[-39,7],[6,9],[-29,4],[-24,27],[-4,-2],[-3,6],[-19,6],[-44,3],[4,6],[-7,2],[-3,12],[-9,1],[-13,-4],[-11,5],[-6,9],[-11,-2],[-13,5],[-29,1],[-17,-7],[-14,-10],[-9,-19],[8,-21],[-13,-4],[-48,-4],[2,3],[-13,-1],[0,-2],[-39,0],[-55,-7],[-27,6],[-23,9],[-22,4],[-2,7],[-35,9],[-47,-18],[-9,5],[-14,0],[-49,24],[-7,-3],[2,-3],[-7,-5],[0,-5],[-14,1],[-11,-7],[-7,2],[-6,-3],[-11,-10],[-19,-8],[-61,-15],[-3,6],[-42,17],[-25,0],[-45,-23],[9,-7],[-37,-20],[15,-9],[-8,-10],[-52,-14],[-7,-6],[0,-9],[-8,-3],[-8,-12],[-18,-11],[1,40],[-17,13],[0,18],[-27,-1],[-21,17],[-1,6],[-37,-2],[-13,4],[-40,3],[-6,4],[-33,-5],[-26,-14],[-15,-3],[-10,37],[-18,20],[-8,-1],[-39,25],[-15,6],[-44,5],[-26,11],[-9,-1],[3,8],[-9,11],[-5,12],[3,29],[-22,5],[-15,-5],[-49,-6]],[[78597,22355],[8,29],[-3,38],[-4,21],[-18,24],[5,33],[-11,-4],[-45,10],[-104,12],[27,32],[20,18],[10,18],[-9,9],[-22,4],[-14,6],[-20,12],[-2,6],[-35,12],[-48,34],[-29,8],[-26,16],[-11,46],[3,16]],[[78597,22355],[-84,-29],[-21,-16],[-18,11],[-36,14],[-50,3],[-187,-11],[-98,-20],[-29,0]],[[75330,22750],[-107,36],[-22,11],[-70,18],[-31,14],[-21,16],[-12,39]],[[75067,22884],[-7,29],[-59,62],[-7,16],[-89,7],[-3,-3],[-41,7],[-27,11],[-44,8],[-42,32],[-72,27],[-32,-9],[-35,-1],[-45,-11],[-18,-11],[-12,-3],[3,-6],[-5,-4],[-7,1],[0,5],[-12,3],[2,45],[11,24],[1,15],[5,0],[-6,14],[11,20],[-1,19],[-6,13],[12,19],[3,21],[9,6],[1,5],[-6,23],[16,3],[31,-10],[36,3],[15,6],[16,0],[15,27],[24,25],[22,32],[41,13]],[[77312,22090],[3,-8],[-11,-4],[-5,-8],[3,-22],[18,1],[10,-3],[6,-5],[-8,-1],[1,-6],[-5,-2],[3,-5],[7,4],[-2,-4],[5,-3],[23,-4],[-2,-3],[-9,2],[-4,-12],[-25,-19],[-19,-43]],[[77301,21945],[-25,8],[-45,1],[-29,6]],[[77874,22069],[-13,-14],[0,-10],[32,-28],[5,-9],[21,-18],[9,-3],[-2,-2],[11,-8],[-4,-17],[3,-17],[16,-47],[13,-19]],[[77965,21877],[-50,-20],[-28,-19],[15,-30],[1,-11],[-22,-39],[-13,-9],[-15,-3],[-16,1],[-16,6],[-36,-3],[-23,4],[-23,12],[-32,-17],[-73,-26]],[[77634,21723],[-57,43],[-75,75],[-14,-11],[-70,50],[17,19],[-25,11],[-68,18],[-41,17]],[[79121,23172],[32,6],[63,18],[29,26],[53,15],[27,16]],[[78303,22869],[17,16],[44,-18],[28,-2],[12,21],[7,3],[57,-14],[8,5],[9,0],[12,-5],[9,1],[48,-3],[15,27],[41,-12],[15,13],[54,-6],[0,16],[20,4],[-2,11],[39,-9],[21,-9],[24,-5],[23,6],[44,22],[21,17],[39,74],[10,0],[68,30],[3,-2],[20,7],[9,5],[-4,2],[56,24],[2,2],[-42,12],[6,20],[12,8],[13,31],[39,9],[21,2]],[[79325,23253],[25,20],[72,37],[68,22],[62,12],[34,16],[-20,5],[-19,9],[-12,-5],[-16,4],[-9,18],[-15,0],[6,11],[11,-2],[12,16],[-13,3],[13,11],[17,24],[38,25],[-4,5],[16,10],[0,7],[-16,15],[31,17],[46,33],[14,17],[5,21],[6,7],[23,17],[10,-7],[45,33],[31,10],[-14,14],[7,6],[-58,20],[-13,14],[7,7],[14,40],[-9,10],[-8,2],[-10,13],[5,8],[-3,8],[-12,9],[-6,0],[-13,11],[-12,4],[-8,10],[-9,4],[-4,10],[-15,15],[-10,3],[0,4],[12,8],[4,9],[-7,8],[3,9],[-11,4],[3,4],[-7,10],[5,2],[-2,9],[8,5],[0,4],[7,3],[2,10],[13,8],[5,7],[5,-1],[5,7],[12,3],[3,6],[9,4],[-18,14],[-3,15],[-14,-5],[-23,-1],[-39,14],[-61,13],[-27,14],[-15,4],[-22,1],[-25,-2],[-15,12],[-15,5],[1,2],[-24,9],[-39,22],[8,5],[-40,18],[1,7],[-38,3],[-20,7],[-17,3],[-19,9],[-37,-2],[-21,4],[2,2],[-23,2],[-30,20]],[[76109,23015],[24,-25],[68,-43],[70,-12],[35,-14],[15,-2]],[[74724,21686],[33,-26],[16,-34],[21,-24]],[[74794,21602],[-76,-6],[-105,-13]],[[74613,21583],[-13,30],[28,3],[-18,42],[-22,-3],[3,4]],[[74591,21659],[3,4],[11,1],[18,31],[-8,2],[68,50],[17,26]],[[74700,21773],[10,-55],[14,-32]],[[75372,21723],[-57,-14],[-16,-2],[-5,-4],[-44,-20],[-5,4],[-12,0],[-9,5],[-5,19],[-39,39],[-13,3],[-14,-3],[-29,-17],[-29,19]],[[75095,21752],[45,26],[41,12],[-17,16],[-3,12],[-26,-4],[-7,6],[-16,21],[-6,21],[8,4],[17,1],[12,13],[23,4],[2,-4],[-4,-5],[-5,-28],[5,-5],[17,4],[4,11],[23,16],[11,5],[16,2],[3,25],[12,0],[-14,14]],[[75236,21919],[60,3]],[[74951,21963],[-5,-31],[-10,-26],[20,-28],[14,-51],[33,-56]],[[75003,21771],[-24,6],[-15,-3],[-18,26],[-5,-1],[-3,5],[-31,-5],[-12,25],[-32,-7],[6,-7],[-12,-7],[-53,-1],[-15,-2],[0,-4],[-10,1],[-43,-6],[-16,5],[-10,-11]],[[74710,21785],[-6,2],[-12,16],[-41,24],[-13,26],[-34,18]],[[74604,21871],[4,11],[27,16],[0,4],[-25,35],[-17,10]],[[74593,21947],[26,20],[37,18],[17,4],[18,-1],[15,-5],[55,-32],[48,23],[22,-12],[16,19],[42,-8],[-7,-17],[28,-12],[27,21],[14,-2]],[[71964,19908],[-11,-16],[71,-18],[17,-14],[27,1],[11,-12],[0,-9],[8,-6],[86,-29],[4,-15],[-3,-11],[5,-11],[-8,-35],[4,-8],[18,-13],[10,5]],[[72155,19600],[2,10],[-7,11],[6,1],[-2,5],[5,-1],[5,8],[-2,5],[11,13],[7,3],[-1,5],[12,28],[-5,19],[7,3],[4,-2],[6,9]],[[72155,19600],[-57,0],[-14,5],[-30,19],[-27,4],[-40,-2],[-9,3],[-17,18],[-46,8],[-11,13],[-1,18],[-47,28],[-13,12],[-23,13],[-28,10],[18,43],[28,38],[8,27],[25,26],[11,2],[4,5],[-4,19],[15,4],[8,-8],[18,4],[3,-7],[22,6],[16,0]],[[72529,22584],[-18,-25],[-43,-35],[-24,-7],[-7,0],[-4,-11],[-20,-26],[-9,1],[-2,-13],[-10,1],[-4,-35],[-71,-1],[-1,-2],[-29,-1],[-12,-9],[-3,-7],[-5,-1],[0,-4],[-33,4],[-24,-1],[1,-1],[-26,-7],[0,-5],[-28,-5],[-30,-14],[-48,-15],[-16,10],[-14,-16],[-20,7],[-8,-10],[-18,3],[-4,-8],[-32,3],[-5,-8],[-29,3],[-5,-6],[1,-5],[12,-11],[21,-6],[19,1],[2,6],[13,0],[1,2],[15,2],[-1,4],[14,-2],[3,-3],[10,-1],[16,-8],[26,-19],[8,-2],[16,-6],[-2,-2],[6,-2],[-1,-4],[7,-3],[5,-8],[5,-4],[3,1],[6,-4],[3,3],[18,-7],[21,1],[11,-4],[109,-142],[37,-42],[17,-27]],[[72349,22051],[-20,-12],[-8,0],[-3,-8],[-18,-12],[-24,-8],[-36,-5],[-37,2],[-51,-14],[-6,7],[-9,-1],[-10,-4],[-22,-23],[2,-5],[-29,-6],[-12,3],[-1,3],[-32,2],[-11,-3],[-9,6],[-2,-2],[-9,1],[1,4],[-9,3],[-66,-3],[-12,4],[-11,12],[-12,6],[-10,1],[-12,10],[-37,-1],[38,-76],[8,-4],[55,-14],[11,-8],[-2,-20],[-9,-23],[4,-18]],[[71939,21845],[-5,-1],[-28,26],[-26,16],[-70,28],[-27,-13],[-43,-16],[-42,-24],[-39,14],[-53,31],[-32,-11],[-7,-6],[14,-14],[-33,-14]],[[71548,21861],[-10,-3],[-36,-1],[-67,4],[-1,2],[-54,-12]],[[70915,22404],[42,-4],[35,-22],[21,-7],[7,0],[9,-6],[10,0],[4,-4],[6,1],[6,-6],[6,3],[13,-2],[11,-11],[11,0],[1,-3],[15,-1],[11,3],[11,-2],[4,2],[48,-14],[19,2],[8,-4],[30,-1],[50,-9],[1,-2],[21,-1],[70,-14],[7,-5],[4,3],[21,-11],[10,3],[26,-8],[0,-4],[-11,-9],[-18,-28],[-31,-17],[-16,-14],[-3,-11],[-33,-2],[0,-22],[-19,-2],[-2,-3],[-7,-1],[-9,-11],[-16,-8],[0,-22],[-24,-2],[1,-26],[-29,-8],[-18,-36],[12,-5],[8,4],[1,-3],[8,-2],[-10,-4],[13,-1],[2,-3],[6,5],[-1,-4],[10,-2],[5,3],[5,-3],[-2,5],[4,0],[20,-10],[12,-12],[-1,-5],[6,0],[-3,-7],[10,-7],[4,0],[-4,-12],[3,-10],[-8,-6],[4,-6],[-6,-1],[12,-3],[11,-10],[-6,-7],[11,-8],[-9,-3],[-1,-9],[16,-4],[0,-2],[-6,-2],[-2,-5],[3,-2],[-3,-7],[7,-1],[-8,-3],[12,-1],[-4,-5],[13,-6],[-8,-1],[8,-9],[-6,-7],[8,-2],[-1,-5],[9,-3],[-2,-3],[9,-1],[0,-5],[-6,-1],[7,-6]],[[71176,22548],[-1,-3],[-10,1],[-3,-6],[-12,-3],[-5,-3],[-13,-1],[-8,-5],[-22,-2],[-26,-7],[-6,-3],[-1,-7],[-14,-7],[-22,-3],[-3,-5],[-16,1],[-30,-10],[-40,-28],[-8,-12],[6,-6],[-16,-14],[-3,-14],[-8,-7]],[[71310,22584],[2,-6],[-16,-7],[-19,-2],[-21,5],[-4,-3],[-2,3],[-7,-3],[-3,1],[-22,-4],[-42,-20]],[[71667,22861],[143,-157],[-25,-7],[-3,-39],[-31,-11],[-10,-6],[-44,2],[-4,-9],[-22,6],[-12,-11],[-4,1],[-7,-7],[-3,1],[-21,-8],[-5,-5],[-6,3],[2,3],[-31,12],[-13,-3],[-12,2],[-2,-3],[-37,-3],[-2,-5],[-9,0],[-7,-5],[-20,-4],[-1,-3],[-17,-5],[0,-3],[-11,0],[-2,-4],[-12,-1],[-1,-2],[-5,3],[-6,-2],[-6,2],[-3,5],[-7,2],[-5,-2],[-5,3],[-4,-2],[-14,1],[-5,-3],[-41,0],[-1,-3],[-22,-6],[2,-3],[-6,-1]],[[71526,23026],[-9,-1],[150,-164]],[[72484,23281],[12,-2],[33,-18],[43,-14],[37,-20],[-9,-20],[10,-4],[-23,-19],[26,-8],[-13,-16],[12,0],[-2,-4],[-9,1],[-6,-4],[18,-6],[13,-16],[-5,-7],[0,-14],[-15,-22],[-2,-12],[-14,-18],[-2,-19],[-30,0],[-24,-5],[-7,2],[-16,-4],[-20,-1],[-7,-3],[-25,9],[-13,-5],[-11,14],[-30,-9],[39,-121],[25,-25],[17,-27],[55,-15],[-2,-7],[19,-6],[-21,-16],[-11,-19],[-50,-29],[-34,-27],[-30,-15],[-30,-31],[-38,-22],[-18,-26],[10,-7],[29,-10],[19,-9],[8,-6],[24,-7],[11,-7],[102,-21]],[[75067,22884],[-64,-12],[4,-3],[-2,-16],[-7,-9],[2,-10],[-17,-17],[1,-4],[-5,0],[-4,-5],[3,-6],[-6,-6],[4,-2],[-6,-2],[4,-2],[-4,-4],[4,-4],[-8,-6],[3,-2],[-4,-4],[2,-4],[-6,-3],[4,-6],[-6,1],[6,-10],[-8,-2],[5,-3],[-5,-1],[0,-5],[-5,0],[-2,-5],[4,-2],[-17,-9],[-11,1],[-5,-9],[4,-12],[-15,-13],[-11,-1],[3,-4],[-17,-8],[-5,-11],[-9,-4],[-1,-11],[-5,-1],[0,-5],[-15,-4],[-16,-10],[-13,2],[0,-3],[-6,-3],[6,-3],[-1,-4],[-7,-2],[-6,2],[0,-5],[-4,-2],[5,-4],[-4,-6],[5,-1],[-4,-5],[-4,2],[0,-9],[-8,-7],[1,-5],[-7,-1],[-9,-13],[-5,0],[6,-11],[-8,-8],[12,-11],[-5,-6],[2,-9],[9,-2],[-5,-4],[3,-9],[-7,-3],[6,-2],[-1,-6],[-6,-1],[4,-6],[-3,-1],[4,-7],[1,-9],[15,-8],[-5,-15],[7,-2],[-3,-3],[6,-3],[0,-15],[6,-5],[8,-2],[1,-7],[13,-5],[24,-3],[7,-16],[7,-6],[-4,-20],[-9,-4],[2,-11],[-6,-2],[0,-3],[-7,-3],[-2,-9],[-12,1],[-10,-4],[-3,3],[-6,-2],[-8,3],[-2,-4],[-7,1],[-6,-2],[1,-7],[-14,1],[0,-4],[-8,4],[-12,-2],[-4,2],[-9,-3],[-11,3],[-8,-2],[0,5],[-15,2],[-19,0],[-6,-3],[-11,3],[-20,11],[-14,-2],[-20,3],[-20,-3],[-4,1],[-1,-4],[-8,4],[-9,-3],[-4,2],[-10,-1],[-4,-5],[-11,-1],[-6,-11],[-5,0],[-2,-6],[7,2],[-5,-6],[3,-4],[-12,2],[-2,-3],[-9,1],[-3,-5],[-7,3],[1,-5],[-6,-5],[0,-14],[-13,-1],[-21,-14],[-9,1],[-7,-5],[2,-7],[8,-7],[-3,-5],[-11,-1],[-1,-6],[-31,2],[-1,3],[-9,-4],[-17,2],[-4,-4],[-16,-2],[-23,4],[-13,-4],[-4,-9],[-12,0],[-25,-7],[-21,2],[1,-8],[-6,-2],[2,-4],[-13,-1],[-2,-4],[-5,4],[-7,-5],[-6,0],[-1,-5],[-16,0],[-13,-4],[-10,-15],[-14,4],[2,3],[-11,5],[0,4],[-7,1],[5,15],[-33,16],[8,7],[1,7],[5,-2],[11,3],[3,11],[7,3],[-1,3],[9,1],[1,-4],[9,0],[-1,4],[6,0],[7,-4],[0,4],[13,-1],[-3,5],[3,2],[14,-4],[-4,9],[-4,1],[-4,15],[-8,3],[0,5],[-5,4],[-4,-3],[-10,5],[1,8],[8,3],[-5,2],[-4,19],[-7,2],[-2,9],[6,2],[-8,2],[2,3],[-9,2],[6,6],[-3,13],[4,10],[12,10],[6,12],[-4,2],[6,3],[-6,2],[4,3],[-4,3],[7,0],[0,6],[23,4],[-6,7],[7,3],[0,5],[6,2],[-5,13],[-6,3],[-12,1],[-5,8],[-7,1],[-10,18],[-12,-4],[-4,4],[-13,0],[-21,-7],[-4,3],[-8,-2],[-29,4],[-21,-7],[-8,2],[2,8],[-40,19],[-22,7],[-8,-7],[-29,6],[-21,-21],[-5,5],[-12,-7],[-14,-1],[-3,-9],[-46,-5],[-23,1],[6,-9],[-37,-17],[-25,-5],[-11,-5],[0,-2]],[[73779,22425],[-12,5],[-3,8],[-9,0],[-7,18],[5,2],[-6,4],[-4,-2],[-4,11],[-21,3],[-5,-2],[-21,9],[26,21],[8,10],[4,14],[13,12],[-52,49],[-45,35],[-12,6],[27,20],[13,17],[-34,8],[20,28],[-26,4],[-1,4],[-9,0],[-7,6],[-10,-1],[-31,15],[-14,1],[1,5],[-4,-1],[-7,4],[50,60],[-42,9],[-11,-13],[-10,-4],[-12,-18],[-5,5],[-15,2],[-15,9],[-5,-1],[-53,-23],[-3,1],[-30,-23],[-41,17],[-10,-1],[-6,3],[-7,-2],[-9,6],[-9,-3],[-12,3],[-20,-1],[-1,7],[-26,-1],[-19,-9],[-16,2],[-21,-8],[-9,-1],[-15,-1],[-9,-4],[-3,2],[-38,-21],[-34,-9],[-35,-3],[-14,-4],[-22,-8],[-11,-10],[-10,3],[-7,-4],[5,-8],[-6,-8],[-18,1],[-24,6],[-62,-2],[-21,-5],[-25,-13],[3,-3],[-7,-10],[-7,0],[-11,-9],[-25,-6],[-23,-2],[-12,-7],[-26,4],[-9,-2],[-33,17],[-35,-10],[-9,-6],[-28,-1],[-11,1],[-13,-2],[-9,-11],[-17,5],[-37,-39],[-8,-1]],[[73797,21559],[-19,-31],[-10,-6],[-11,-2],[2,-20],[6,-6],[9,-2],[-17,1],[21,-21],[-13,-3],[13,-12],[4,-15],[10,-11],[-20,-2],[4,-20],[-3,-2],[163,-64],[137,-33]],[[74073,21310],[56,-17],[96,-39],[32,-17],[91,-57]],[[74348,21180],[51,-33],[79,-37]],[[74478,21110],[28,-19],[121,-62],[16,2],[48,13],[10,6],[-1,-30],[-11,-4],[6,-16],[-9,-5],[0,-9],[41,14],[2,-16],[7,-10],[23,-12],[3,-5],[-3,-26],[-34,-3],[-28,-8],[13,-14]],[[74710,20906],[-13,0],[-45,-7],[-24,12],[-29,-3],[-68,4],[-88,15],[-4,24],[-55,11],[-10,5],[-22,3],[-76,4],[-15,5],[-7,12],[-15,7],[-10,-54],[5,-14],[14,-2],[5,-27],[-22,-33],[12,-8],[-9,-5],[-19,-28],[-4,-16],[5,-8],[-23,-6],[-30,1],[-7,-20],[-32,17],[-10,8],[-27,0],[-36,23],[-17,-2],[7,46],[29,35],[-6,17],[-71,-7],[-33,4],[-28,11],[-52,4],[1,6],[-28,7],[-2,19],[-30,5],[-62,5],[-73,13],[-64,2],[-3,-11],[-13,-10],[-8,-12],[-24,-13],[9,-26],[-55,-7],[-14,6],[-35,0],[-28,-8],[-17,0],[-14,-3],[-19,-14],[-46,-19]],[[73355,20874],[-19,23],[-55,-7],[-2,3],[-32,-4],[-11,23],[6,32],[-19,15],[-41,4],[9,12],[-6,1],[-5,5],[-11,2],[1,18],[6,-1],[2,27],[40,21],[-22,21],[-25,38],[-77,91]],[[73094,21198],[-36,31],[-1,16],[-16,21],[-108,112],[-19,9],[-2,14],[-84,84],[10,6],[-1,3],[11,5],[11,-6],[4,2],[5,-2]],[[72868,21493],[4,-5],[10,0],[2,-5],[17,3],[1,11],[14,13],[-4,1],[2,6],[18,4],[1,4],[7,-1],[6,4],[5,-5],[10,4],[15,-4],[3,-5],[7,2],[12,-4],[12,11],[12,0],[-2,-3],[10,0],[15,-9],[3,5],[-7,4],[6,7],[11,2],[-10,34],[7,9],[8,0],[-3,5],[6,-2],[0,4],[6,-2],[5,3],[4,-2],[12,4],[29,-4],[54,12],[46,6],[52,11],[20,-2],[23,6],[16,0],[-6,11],[3,19],[5,0],[8,16],[13,2],[22,13],[49,-5],[20,6],[7,-8],[34,1],[-2,33],[50,32],[5,11],[6,2]],[[73547,21748],[16,11],[22,6],[40,-3],[36,2],[31,-4],[6,1],[4,6],[16,2],[7,-1],[12,-7],[20,6],[15,0],[58,11]],[[73830,21778],[-36,-31],[-6,-20],[-21,-33],[36,-6],[-7,-30],[5,-8],[6,-25],[-5,-16],[-41,-6],[-4,-13],[6,-6],[0,-10],[-22,-19],[31,5],[25,-1]],[[74613,21583],[-72,-3],[-14,-22],[26,-10],[4,-8],[-1,-14],[-30,1],[-16,5],[-53,-15],[-53,-3],[-7,2],[-9,-3],[-34,-2]],[[74354,21511],[3,62],[-10,50]],[[74347,21623],[44,-2],[50,4],[8,23],[-2,10],[15,3],[5,-7],[8,-2],[100,16],[16,-9]],[[74145,21873],[70,-21],[28,-11],[30,-21],[18,-22]],[[74291,21798],[23,-64],[26,-34]],[[74340,21700],[9,-25],[-2,-52]],[[74354,21511],[-48,-3]],[[74306,21508],[-19,6],[-9,23],[8,3],[24,32],[-20,14],[-19,25],[-37,27],[-35,-11],[4,-4],[-9,-2]],[[74194,21621],[-8,3],[0,2],[-14,8],[8,2],[-8,9],[24,7],[-9,12],[9,3],[-110,48],[-50,26],[-63,19],[-71,31]],[[73902,21791],[-7,9]],[[73895,21800],[85,19],[13,-5],[73,52],[41,-2],[6,18],[32,-9]],[[72626,21699],[-11,4],[-10,12],[-15,4],[-16,2],[-41,-1],[-39,9],[-38,-6],[-18,-5],[-9,-6],[-24,-2],[-14,9],[-28,-3],[-61,-21],[-83,1],[-29,-10],[-9,-1],[-28,-11],[-19,-1],[-1,-2],[-34,3],[-1,-18],[-31,-8],[-15,1],[5,-23],[-16,1],[-28,-9],[-23,-2],[-14,3],[-32,21]],[[71944,21640],[1,6],[27,28],[-92,25],[-20,9],[-21,23],[-9,35],[-12,19],[9,1],[39,-7],[72,13],[21,0],[-5,24],[-15,29]],[[72349,22051],[79,-107],[56,-36],[21,-10],[1,-12],[-9,-25],[22,6],[36,-2],[37,2],[36,11],[43,4],[22,-4],[39,-1],[18,3],[77,-11],[-23,-35],[-12,-9],[-24,-9],[-92,-29],[-16,-3],[-15,2],[-31,-3],[-1,7],[-10,6],[-38,-20],[29,-37],[18,-17],[14,-23]],[[71944,21640],[-13,4],[-9,-1],[-21,3],[-20,10],[-29,-6],[-4,1],[-16,-5],[-7,7],[-25,-2],[-9,8],[5,2],[-2,3],[-60,-9],[-80,-1],[-13,-3],[-50,3],[9,32],[11,6],[-3,6],[18,14],[-1,13],[6,8],[0,32],[-11,15],[13,12],[-8,5],[-5,9],[4,20],[-20,1],[3,28],[-33,-1],[-26,7]],[[75083,20073],[-11,0],[-16,6],[-1,7],[-5,1],[-2,7],[-11,7],[0,15],[8,8],[0,20],[-15,7],[-6,15],[-17,5],[-14,9],[-10,-1],[4,4],[-24,7],[1,7],[-14,7],[-4,12],[-8,3],[4,9],[-8,16],[5,2],[-4,4],[-33,8],[-4,-3],[-11,0],[-25,5],[-5,-2],[-12,7],[-3,17],[-15,23],[-5,-1],[-18,5],[-10,-1],[-7,4],[-14,1],[-12,8],[-5,-2],[-13,3],[-7,-1],[-12,3],[-2,5],[-6,-1],[7,9],[8,0],[18,8],[8,9],[-15,8],[-6,8],[-10,-4],[-14,8],[1,12],[8,6],[-12,6],[12,2],[3,4],[-6,10],[1,3],[-6,5],[-6,-1],[-10,13],[-15,9],[-8,-4],[-10,2],[-3,-3],[-12,7],[-16,-1],[-4,-3],[-17,5],[-11,-4],[-20,8],[-9,-2],[-16,2],[-8,7],[-3,4],[7,2],[2,6],[12,6],[11,1],[10,11],[-1,5],[10,1],[-4,6],[8,2],[-2,7],[11,3],[-1,14],[7,6],[-8,9],[12,7],[-11,19],[8,4]],[[74874,20003],[23,3],[52,-15],[20,0],[34,7],[37,22],[18,23],[10,6],[3,16],[12,8]],[[74699,19784],[-5,14],[10,17],[29,23],[19,4],[9,-8],[6,-1],[2,2],[7,1],[6,-7],[31,-5],[15,12],[22,13],[-2,5],[27,19],[5,7],[-8,13],[-23,8],[-23,1],[-23,12],[-5,8],[10,7],[-3,17],[-4,6],[-13,6],[-10,8],[3,6],[33,20],[1,4],[18,5],[20,-1],[21,3]],[[74365,19611],[14,10],[7,12],[35,12],[5,13],[13,10],[10,-2],[15,9],[17,3],[22,10],[15,17],[9,-1],[17,-11],[41,-18],[23,3],[5,4],[26,8],[6,7],[-4,3],[10,14],[1,9],[21,13],[8,1],[-2,4],[12,7],[-10,10],[10,22],[8,4]],[[73390,20074],[10,-7],[3,2],[-8,6],[11,10],[15,0],[18,-6],[19,-2],[22,1],[26,6],[15,-4],[5,-6],[23,-11],[10,-3],[8,2],[12,-3],[5,2],[10,-5],[20,-4],[3,3],[15,-2],[12,14],[35,3],[21,7],[19,2],[10,-3],[20,0],[23,-13],[26,35],[23,14],[19,21],[11,6],[74,20],[15,-15],[14,-1],[16,-5],[20,-21],[30,-6],[2,-2],[16,-1],[-42,-25],[1,-28],[25,-12],[2,-5],[22,-8],[-11,1],[-16,-8],[15,-14],[-11,-7],[23,-19],[16,7],[37,-2],[-40,-14],[13,-27],[8,-2],[22,-26],[15,-10],[0,-17],[17,-24],[-6,-6],[5,-2],[-1,-26],[5,-6],[-6,-12],[2,-6],[19,-8],[9,-26],[27,-29],[18,-8],[79,-50],[22,-29],[3,-15],[33,-25],[22,-9]],[[73390,20074],[30,34],[15,9],[-3,8],[35,18],[12,18],[-36,7],[-25,25],[-5,19],[-16,14],[-41,2],[-11,21],[4,17],[24,6],[-19,9],[39,21],[6,-2],[-6,7],[2,3],[20,2],[-7,4],[-1,4],[-19,1],[-2,4],[28,8],[5,-3],[-4,10],[4,9],[20,6],[-10,26],[2,12],[9,6],[2,5]],[[73442,20404],[37,-21],[15,-4],[53,-2],[24,4],[53,-4],[58,36],[2,14],[-8,12],[34,16],[-3,6],[11,13],[11,26],[21,16],[-59,29],[-76,43],[14,7],[6,-5],[10,0],[6,6],[11,-3],[7,4],[7,-5],[10,7],[7,1],[-4,4],[9,0],[-4,7],[16,-1],[6,4],[20,-3],[2,4],[9,0],[0,3],[9,1],[5,-8],[8,2],[7,-2],[17,4],[-2,2],[6,6],[-3,2],[11,5],[6,-3],[17,-1],[2,-5],[4,3],[22,0],[6,2],[-1,4],[20,-3],[-1,-4],[8,-9],[14,-5],[10,4],[-1,-4],[8,-5],[-5,-3],[1,-3],[12,2],[-2,-3],[10,-4],[-2,-3],[29,-13],[7,0],[2,4],[7,2],[9,-2],[-7,0],[-2,-3],[8,1],[14,-6],[7,1],[4,-3],[-2,-3],[7,-2],[4,-7],[12,-3],[4,5],[0,-5],[11,-4],[6,-13],[6,1],[7,-4],[8,5],[11,-4],[22,4],[6,-4],[14,1],[4,-3],[3,3],[8,-1],[23,-7],[0,3],[19,5],[4,2],[-2,8],[8,1],[-6,14],[-8,0],[7,8],[7,1],[6,5],[12,0],[-5,3],[5,3],[56,-1],[7,-4],[10,0],[4,-3],[11,2],[9,-5],[7,0],[0,-8],[20,6],[15,-3],[3,14],[27,12],[2,11],[-4,6],[11,13],[-5,2],[7,10],[-3,13],[12,17],[10,5],[34,9],[30,12],[8,11],[-3,15],[8,-1],[17,3],[14,-4],[18,2],[-7,10],[-2,13],[16,24],[50,13],[42,15],[12,13],[23,-7],[18,-12],[47,30],[48,13],[40,21],[9,0],[5,-5],[28,22]],[[74866,20867],[24,-20],[73,19],[27,-26],[11,-26],[-30,-7],[-20,-12],[-15,14],[-9,-8],[-28,-12],[-5,2],[-20,-8],[-3,-5],[-57,-6],[-22,1],[-42,-7],[25,-15],[-46,-14],[-9,-20],[-64,-92],[-29,-29],[-18,-9],[7,-17]],[[74892,21566],[-27,-10],[-73,-17],[-62,-21],[-17,-12],[-36,-51],[-51,-43],[-17,-8],[-28,-8],[-76,-11],[-26,-15]],[[74479,21370],[-20,1],[-47,-3],[-29,1],[-86,18]],[[74297,21387],[-33,26],[42,95]],[[74794,21602],[40,1],[22,-25],[14,1],[-2,-9],[24,-4]],[[74194,21621],[5,-7],[-4,0],[1,-6],[-29,-1],[-43,-17],[-24,-3],[-9,-4],[-38,-8],[-31,-1]],[[74022,21574],[-7,2],[-12,10],[-32,17],[-23,23],[-14,24],[25,1],[-26,47],[-19,77],[-20,12],[8,4]],[[74022,21574],[-62,-10],[-47,-1],[-50,-8],[-66,4]],[[73830,21778],[17,12],[14,5],[34,5]],[[74479,21370],[-9,-16],[2,-15],[29,-36],[7,-18],[-14,-48],[-1,-23],[-7,-2],[-14,10],[-10,1],[-6,-4],[17,-12],[3,-12],[-12,-4],[-7,-16],[-8,3],[4,25],[-26,6],[-11,9],[-15,5],[-15,-29],[-8,1],[-2,-9],[-19,1],[2,-7],[-11,0]],[[74073,21310],[1,35],[-13,49],[70,4],[32,7],[0,-12],[15,-8],[29,3],[16,-9],[12,2],[32,-1],[30,7]],[[75459,20794],[16,7],[26,20],[13,20],[21,20],[8,14],[29,28],[-26,8],[-1,16],[35,-3],[15,28],[42,2],[79,20],[12,-30],[13,-14],[0,-12],[7,-14],[10,5],[11,16],[29,16],[59,1],[9,-7],[35,19],[13,12],[21,7],[35,2],[2,9],[12,13],[26,-1],[53,54],[36,13],[46,9],[16,6],[29,26],[42,25],[29,6],[34,18],[-4,7]],[[74616,20570],[10,-5],[95,41],[3,-5],[26,1],[119,13],[6,-12],[16,-9],[44,1],[81,12],[24,19],[35,-14],[38,12],[-5,28],[-26,51],[-6,22],[149,-2],[24,-9],[5,12],[9,3],[-2,14],[13,9],[4,9],[18,10],[-2,12],[20,14],[3,11],[-6,37],[9,0],[10,4],[28,2],[7,10],[21,-15],[8,-15],[20,-18],[26,6],[2,-7],[-3,-9],[6,0],[14,-9]],[[74866,20867],[11,18],[-28,12],[-16,15],[-17,-9],[-28,-7],[-32,-20],[-12,4],[-11,17],[-23,9]],[[74478,21110],[1,26],[21,32],[-3,41],[16,5],[17,2],[17,-4],[30,-17],[8,3],[5,-5],[1,4],[10,0],[5,-6],[18,3],[9,-2],[0,10],[23,29],[8,2],[28,17],[25,10],[4,-1],[38,18],[-7,3],[110,25],[31,3],[38,-1],[17,3],[45,12],[35,21],[-15,23],[2,33],[6,1],[2,-4],[19,6],[-9,22],[27,5],[-2,14],[36,7],[-14,14],[-24,12],[-12,15],[5,30],[16,6],[-6,4],[-3,9],[-25,1],[-20,-3],[-21,35]],[[74990,21573],[14,6],[25,3],[19,-5],[8,7],[13,-3],[21,1],[16,5],[62,-5],[7,6],[35,2],[24,6],[20,12],[18,7],[19,-4],[12,4],[16,-4],[11,3],[10,0],[12,6],[4,-15],[38,7],[60,4],[12,2],[0,3]],[[75003,21771],[18,-22],[20,-17]],[[75041,21732],[-35,-9],[-58,-8],[-48,-10],[-176,-19]],[[74700,21773],[10,12]],[[74566,21922],[-34,-33],[-55,-26],[-52,-33],[-3,-22],[-10,11],[-92,42],[-34,-20],[-1,-12],[37,-16],[-12,-1],[-16,-15],[-3,1]],[[74145,21873],[7,11],[34,5],[-5,9],[10,8],[16,2],[-4,14],[3,12],[58,-3],[59,3],[46,6],[0,3],[5,1],[2,13],[22,-1],[-2,10],[33,-13],[2,5],[10,7],[1,5],[32,-3],[61,-23],[-1,-13],[32,-9]],[[74604,21871],[-13,-14],[-9,-59],[-6,-10],[9,-11],[-2,-9],[-18,-8],[-48,-14],[-19,1],[10,-10],[-57,-21],[-2,-4],[-16,-4],[-3,4],[-37,-12],[-53,0]],[[74566,21922],[27,25]],[[73779,22425],[4,-14],[-7,-5],[-1,-12],[-6,-13],[-6,-3],[2,-5],[-7,-7],[-7,-5],[4,-6],[-2,-13],[-10,-9],[4,1],[-1,-6],[5,-1],[-2,-3],[7,-3],[5,-20],[-6,-19],[-3,0],[11,-4],[1,-4],[10,-3],[1,-4],[20,4],[3,-4],[25,0],[20,-8],[-25,-31],[-19,6],[-13,-16],[-3,0],[-34,-27],[-9,-16],[54,-18],[3,-7],[-2,-16],[-8,-14],[2,-32],[-27,-46],[-54,0],[3,-2],[-12,-3],[1,-6],[-4,0],[-9,5],[-14,-3],[-2,4],[-9,3],[-13,-2],[-14,6],[-4,-3],[-23,2],[-9,3],[-7,-1],[-6,-15],[3,-73],[-11,-29],[-17,-1],[-32,-23],[-39,-5],[-48,-21],[-18,15],[-25,4],[-6,8],[-53,-5],[1,-26],[-4,-17],[-18,-25],[24,3],[39,11],[37,-39],[-3,-3],[-18,-1],[6,-20],[143,-35]],[[72868,21493],[-18,14],[-15,6],[-76,15],[-11,23],[-3,29],[-7,3],[-18,-1],[-19,2],[-15,9],[-9,2],[-5,20],[36,16],[27,7],[7,6],[-22,8],[-52,1],[-42,46]],[[72329,19558],[-2,8],[-11,1],[-6,7],[-14,-2],[-16,3],[-13,-2],[-1,-3],[-10,3],[-2,4],[-15,3],[-1,3],[-8,1],[-5,-3],[-10,4],[-6,-2],[-2,4],[-12,2],[-5,5],[-8,-2],[-2,2],[-25,6]],[[71536,19217],[25,-6],[17,2],[18,17],[35,20],[23,-3],[35,5],[16,-2],[20,3],[8,-2],[33,8],[6,-4],[16,11],[21,24],[80,68],[69,-11],[6,11],[44,-3],[27,18],[46,18],[36,6],[56,-4],[5,22],[22,31],[2,16],[26,6],[4,-1],[11,6],[7,9],[9,1],[21,38],[6,8],[6,-1],[5,3],[15,29],[17,-2]],[[70741,19413],[-3,-12],[13,-17],[-11,-1],[-11,-13],[22,-15],[-8,-10],[2,-4],[-8,-2],[-2,-6],[-14,0],[-6,-2],[-7,2],[-3,-3],[-16,-5],[4,-5],[10,3],[6,-1],[-6,-7],[0,-10],[23,-37],[7,1],[-2,-9],[10,-6],[9,-12],[-10,-9],[8,-4],[11,7],[3,20],[4,2],[101,5],[25,-3],[65,-16],[14,4],[21,11],[25,3],[1,-2],[17,6],[8,7],[8,1],[9,10],[11,4],[8,-1],[8,-5],[55,11],[23,-15],[28,-8],[18,-2],[23,-11],[16,-2],[7,-7],[25,-1],[33,-7],[25,-2],[37,1],[99,-19],[32,3],[28,-6]],[[70616,19789],[11,-5],[5,-11],[9,-4],[-7,-7],[6,-3],[-5,-4],[11,-25],[12,-14],[3,-16],[-10,-7],[5,-5],[-8,2],[-3,-2],[-9,-15],[9,-5],[31,0],[47,-9],[-8,-8],[22,-5],[-6,-12],[8,-5],[-9,-4],[6,-1],[-2,-7],[7,-2],[-10,-2],[0,-5],[7,-4],[7,2],[0,-7],[11,-2],[-9,-4],[16,-6],[1,-4],[-6,-3],[14,-7],[-4,-5],[23,-20],[-4,-27],[-7,0],[-6,2],[0,-5],[-21,3],[-19,-2],[-4,-3],[8,-13],[38,-5],[12,-5],[0,-4],[9,-5],[5,-17],[-5,-6],[-11,-2],[-16,-10],[-4,-18],[2,-4],[-10,-6],[-2,2],[-8,-2],[-7,-8]],[[70495,19862],[16,-15],[50,-7],[-1,-5],[21,-5],[-2,-4],[5,-6],[-3,-5],[9,-4],[6,1],[4,-5],[6,0],[4,-10],[7,-2],[-1,-6]],[[70384,20165],[10,-13],[13,-7],[9,0],[6,-3],[34,3],[42,-4],[90,5],[-3,-16],[21,-2],[-2,-10],[-5,0],[-7,-15],[-28,-1],[-1,-13],[-19,-2],[4,-15],[-19,2],[-14,-17],[15,0],[51,-8],[-6,-16],[-5,0],[0,-14],[-9,-10],[-14,-7],[-39,0],[0,-10],[-8,-7],[-6,-15],[17,-29],[-53,-55],[2,-5],[13,-4],[22,-15]],[[71082,20289],[-79,-1],[-18,6],[-38,1],[-5,4],[-5,0],[-15,4],[-23,1],[-26,5],[-19,0],[-21,-5],[-5,-6],[-4,4],[-15,-4],[-40,-23],[-45,-9],[-5,3],[-14,-5],[-1,-4],[-7,3],[-24,1],[-1,-2],[-10,3],[-34,3],[-4,-5],[-14,-3],[-9,-7],[-17,-4],[-40,2],[-4,4],[-35,2],[-45,-15],[-39,-8],[1,-7],[-41,-13],[-3,-9],[6,-7],[-6,-2],[-1,-6],[18,-9],[-11,-16]],[[71082,20289],[33,-24],[2,-10],[35,9],[38,-7],[17,-6],[53,-5],[13,8],[5,7],[17,3],[6,4],[7,-2],[52,9],[4,8],[-1,11],[12,17],[-4,7],[20,4],[37,-2],[27,-9],[-1,-5],[12,-5],[17,-2],[40,-16],[31,0],[127,10],[112,-4],[73,11],[50,-3],[40,-7],[0,-25],[7,-18],[-2,-5],[-22,-11],[0,-4],[11,-7],[-4,-2],[4,-11],[-12,-17],[2,-3],[-14,-22],[1,-11],[4,-1],[-1,-15],[-8,1],[-2,-17],[-32,-15],[18,-18],[32,-11],[19,-2],[16,-13],[9,-1],[4,-4],[9,0],[10,-8],[-7,-1],[3,-5],[-27,-6],[-18,-1],[-4,-5],[-23,-8],[-9,-7],[-15,-1],[39,-35],[6,-24],[-2,-21],[16,-28]],[[75236,21919],[-6,6],[-29,-13],[-9,0],[-46,33],[-6,8],[-14,9],[-3,10],[-4,1],[-31,-5],[-18,-11],[-47,20],[-24,-4],[-43,-1],[-5,-9]],[[74892,21566],[33,16],[29,20],[26,-21],[8,-1],[4,3],[4,-4],[-6,-6]],[[75041,21732],[54,20]],[[73355,20874],[68,-90],[-14,-7],[-4,-9],[16,-13],[-2,-16],[15,-8],[4,-6],[8,-24],[-3,-3],[7,-6],[3,-14],[-8,-4],[-1,-9],[6,-5],[-16,1],[-1,-4],[-20,1],[-11,-3],[-17,7],[-9,1],[-26,-7],[3,-5],[-5,-1],[-12,5],[-26,-1],[1,-5],[-13,-9],[-9,4],[-14,2],[-10,-5],[-1,-3],[-9,-2],[3,-3],[-13,-2],[-2,-2],[-14,1],[-6,-2],[-22,-2],[-2,-5],[17,-11],[-10,-11],[-11,-1],[-3,-6],[3,-6],[14,-5],[6,-8],[-6,-13],[11,-13],[-21,0],[-3,-5],[-18,-6],[-9,-18],[8,-9],[-18,-15],[-19,-1],[-2,-6],[8,-6],[-7,-4],[-4,-14],[-11,-11],[26,-18],[31,-15],[6,-6],[22,-8],[2,-4],[23,-4],[5,-13],[-9,-17],[5,-2],[11,2],[9,7],[13,7],[14,2],[9,6],[10,0],[20,11],[8,-1],[21,5],[15,8],[8,15],[-5,11],[6,19],[15,14],[-3,3],[14,7],[42,-77]],[[73209,20004],[3,11],[-24,22],[-11,19],[-19,9],[-95,21],[-4,4],[127,10],[24,6],[0,-2],[31,-5],[16,1],[13,-16],[37,-5],[26,2],[6,-12],[19,4],[32,1]],[[72203,19717],[4,5],[8,1],[32,33],[-5,7],[12,7],[-6,1],[1,5],[12,7],[0,4],[19,9],[9,31],[24,14],[24,7],[35,7],[23,-1],[2,2],[45,8],[6,-2],[-4,-7],[10,2],[14,-5],[7,3],[4,-1],[34,6],[4,4],[-1,8],[24,13],[11,2],[4,-3],[20,-1],[20,2],[14,9],[34,-2],[20,2],[1,4],[9,1],[11,14],[7,15],[-5,6],[19,5],[7,4],[-1,3],[8,-2],[8,9],[48,-6],[9,13],[25,13],[31,5],[27,10],[40,-15],[47,-13],[11,10],[20,6],[14,13],[79,28],[18,2],[11,-8],[23,-6],[14,-9],[22,-6],[31,7],[12,7]],[[70275,20950],[10,-2],[-1,-3],[10,-5],[-1,-10],[16,-4],[-3,-3],[33,-25],[13,-6],[-7,-8],[3,-3],[33,-15],[-4,-8],[19,-6],[-5,-7],[15,-10],[-2,-3],[8,-9],[-4,-2],[3,-9],[8,-2],[9,-7],[16,-5],[-2,-3],[12,-3],[9,2],[0,-14],[15,-3],[-9,-14],[22,-3],[11,-7],[-3,-2],[21,-9],[-22,-11],[3,-8],[34,-17],[-5,-4],[33,-13],[-2,-4],[27,-9],[2,-10],[12,-1],[2,-17],[25,-5],[-5,-8],[21,-7],[-2,-4],[29,-30],[20,-12],[42,-36],[19,-13],[6,0],[31,-36],[17,-12],[-3,-2],[40,-26],[24,-6],[52,-26],[47,-18],[27,-24],[40,-20],[-11,-13],[21,-4],[0,-6],[18,-8],[1,-7],[10,-6],[9,-30]],[[70275,20950],[3,10],[-6,9],[11,8],[-12,8],[8,17],[28,26],[17,13],[3,-1],[36,31],[27,-4],[17,1],[0,14],[7,17],[13,16],[17,14],[12,21],[41,-6],[79,18],[55,-1],[39,4],[69,-5],[23,4]],[[70762,21164],[22,-53],[-5,-18],[-16,-18],[3,-11],[15,-4],[1,-4],[10,1],[-3,-15],[4,-5],[-6,-3],[9,-7],[-5,-6],[4,-3],[0,-6],[5,1],[3,-6],[8,-4],[-7,-13],[11,1],[7,-2],[2,-11],[12,-3],[-5,-5],[5,-11],[-9,-1],[-6,-15],[104,-17],[30,-13],[19,-1],[37,3],[7,-13],[-5,-1],[7,-4],[2,-15],[6,-9],[-13,-10],[18,-19],[-7,-9],[30,-21],[35,12],[39,-1],[14,-5],[0,-3],[20,-11],[7,-23],[10,-4],[18,0],[-2,-1],[15,-5],[4,-11],[18,14],[5,-2],[9,12],[-8,9],[-10,4],[-7,13],[4,-1],[7,4],[4,0],[3,5],[4,-4],[11,0],[3,3],[10,-1],[9,7],[0,11],[5,3],[26,0],[-7,14],[7,8],[9,4],[0,4],[-5,0],[6,7],[49,-6],[11,-5],[-2,-3],[44,-10],[13,18],[47,-13],[13,-7],[41,-3],[26,-17],[19,26],[0,8],[13,9],[18,2],[17,-8],[10,0],[1,-3],[14,5],[19,-1],[-2,-23],[11,-13],[-15,-16],[5,-11],[-28,-31],[21,-9],[-6,-20],[-8,-8],[8,-1],[1,-4],[5,1],[4,-3],[11,-1],[-1,3],[10,2],[1,5],[9,-4],[9,4],[2,-2],[6,2],[5,-4],[4,1],[1,-3],[7,-4],[9,2],[0,-7],[9,2],[6,-6],[4,2],[4,-2],[4,6],[53,-6],[33,2],[178,20],[71,4],[8,-2],[9,5],[13,-2],[10,3],[1,22],[-7,-2],[-6,5],[-10,1],[-8,10],[1,8],[-38,15],[-11,10],[7,4],[-5,6],[8,5],[9,20],[-14,17],[-23,12],[-32,9],[-12,-1],[-22,5],[-22,10],[1,20],[-10,33],[43,3],[7,-7],[10,3],[32,-18],[36,-12],[54,43],[13,23],[23,-5],[12,-6],[48,-38],[10,17],[11,10],[12,5],[13,13],[28,11],[-41,25],[-28,38],[-1,10],[10,13],[2,20],[24,-14],[-3,-2],[43,-21],[72,-26],[43,0],[55,8],[46,-2],[21,-5],[1,10],[22,1],[0,3],[18,3],[-1,7],[17,3],[4,5],[-6,34],[4,2],[-10,32],[23,13],[18,4],[8,8],[7,0],[1,4],[13,4],[33,3],[10,-5],[61,11],[26,2],[21,7],[12,-1],[14,5],[40,4],[6,3],[21,-4],[5,-4],[25,-2],[21,-10],[11,0],[7,-4],[13,-2],[20,3],[5,-7],[21,-2],[58,23]],[[70762,21164],[1,34],[34,1],[34,-4],[25,9],[33,1],[52,-5],[73,17],[2,10],[-25,61],[1,27],[-25,30],[-10,37],[-33,6],[-32,10],[-31,14],[-13,9],[-10,4],[-5,6],[-12,4],[-12,12],[-6,18],[13,11],[20,4],[9,7],[-55,11],[-2,12],[-14,30],[-27,27],[-12,8],[-6,12],[45,1],[44,-5],[82,-26],[5,14],[-12,6],[15,13],[-7,6],[6,12],[13,10],[64,25],[35,26],[26,10],[8,0],[4,-3],[37,7],[58,-10],[27,4],[25,8],[5,10],[22,8],[3,4],[-2,3],[6,2],[-3,4],[-4,-3],[-6,8]],[[71380,21851],[3,-8],[9,-2],[-4,-2],[2,-4],[-7,-4],[5,-2],[2,-6],[-5,-2],[5,-3],[-14,-9],[2,-3],[-12,-4],[5,-3],[-13,-5],[-6,2],[-8,-8],[-10,0],[-2,-3],[-18,-3],[2,-2],[-8,-5],[7,-2],[-10,-9],[-7,3],[-11,-6],[2,-7],[-7,2],[-9,-11],[-20,-4],[0,-6],[-10,3],[1,-3],[-11,0],[7,-3],[-9,-3],[1,-6],[-7,-2]],[[79498,29645],[18,-43],[18,-26],[17,-57],[23,-11],[26,4],[26,-4],[31,-16],[28,-26],[20,-25],[-2,-3],[24,-31],[32,-53],[11,-5],[12,-20],[23,-22],[26,-18],[11,-4],[58,-3],[40,-22],[24,-4],[27,1],[81,-25],[17,-1],[38,-17],[29,4],[13,-10],[-5,-8],[-11,-6],[0,-6],[8,-8],[14,-6],[12,-12],[22,-11],[2,-6],[-174,-16],[13,-23]],[[80050,29106],[-291,-10],[-2,-4],[-30,-7],[-22,-9],[-75,16],[-65,-2],[-41,-3],[-16,2],[-22,-8],[10,-15],[0,-19],[-6,-3],[-21,-1],[-16,-5],[9,-38],[-72,-11],[-19,-1],[0,3],[-52,-7],[-61,4],[1,5],[-28,-3],[-51,-1],[-46,-7],[-13,10],[-24,-16],[-35,16],[-28,3],[-54,2],[-14,-2],[0,-6],[-21,-3]],[[78945,28986],[-33,63],[-13,13],[19,5],[-8,13],[-13,-1],[-10,29],[-14,-1],[-8,22],[-173,-12],[-48,-15],[-3,6],[-73,-5],[-82,6],[-249,-36],[-15,-3],[9,-91],[-4,-4],[-8,-2],[-42,-2],[3,-10],[-4,-19],[-32,-12],[-48,-11],[9,53],[-59,-3]],[[78046,28969],[53,294],[73,14],[86,7],[49,11],[2,6],[18,2],[0,4],[26,2],[1,40],[30,2],[-2,20],[15,-1],[4,41],[-9,42],[-10,18],[-2,24],[-14,53]],[[78366,29548],[95,13],[2,-5],[18,1],[190,25],[229,12],[37,-17],[39,9],[33,11],[8,-2],[135,22],[65,5],[6,-2],[39,6],[5,-4],[58,12],[6,-2],[70,6],[13,0],[70,14],[14,-7]],[[77419,29748],[-23,-29],[-23,-47],[17,-16],[1,-11]],[[77391,29645],[-2,-8],[-19,-9],[-8,-20],[-22,-7],[-7,-12],[-34,1],[-30,-8],[1,-5],[-11,-7],[0,-10],[16,0],[8,-16],[17,-1],[17,-5],[13,-14],[-3,-5],[-26,-11],[3,-8],[6,-3],[3,-15],[-5,-13],[-2,-24],[2,-37],[-6,-16],[-16,-10],[2,-20],[9,-4],[-2,-15],[-8,-9],[0,-17],[-13,-6],[-21,4],[-6,-2],[-135,28],[-62,15],[-32,13],[-9,-14],[-9,2],[-42,14],[-26,4],[-32,10],[-60,11],[-78,21],[-67,14],[-50,17],[-60,16],[3,5],[-26,3],[-27,-31],[1,-21],[-7,-12],[-4,-18],[-25,-30],[-18,-12],[-33,-54],[11,-8],[8,-15],[-8,-12],[3,-7],[-15,-6],[-6,4],[-9,1],[-6,-3],[-11,3],[-8,-8],[-14,-4],[-60,18],[1,18],[-20,-3],[-17,2],[-13,-4]],[[76196,29757],[11,3],[20,-8],[85,8],[-1,9],[41,6],[44,12],[5,-16],[26,10],[-5,10],[27,5],[26,9],[30,-36],[35,5],[-1,23],[108,14],[95,2],[-6,19],[-3,0],[-29,38],[92,0],[-2,26],[5,1],[5,22],[-12,4],[9,10],[14,-13],[25,-14],[18,-4],[0,-18],[15,-5],[4,-14],[39,-3],[1,-4],[13,-2],[1,-13],[7,-7],[-3,-4],[30,-2],[19,-10],[4,4],[52,-23],[29,-7],[32,-4],[65,-20],[167,-21],[86,-1]],[[80976,28992],[-17,-15],[1,-4],[-14,-4],[-29,4],[-283,6],[-86,1],[-16,-3],[-27,2],[-39,-5],[-47,-14],[-8,-21],[-2,-24],[-7,-12],[-8,-4],[8,-18],[-49,-20],[-13,-14],[-10,3],[-41,-9],[-3,7],[-68,73],[-11,4],[-5,6],[2,5],[-73,80]],[[80131,29016],[-7,8],[27,6],[-13,14],[-28,-4],[-60,66]],[[79498,29645],[201,38],[30,2],[8,-9],[5,2],[6,-6],[56,12],[17,11],[11,-3],[13,2],[5,-6],[10,-1],[25,4],[79,0],[44,22],[61,25],[391,130],[57,24],[113,38]],[[78172,30264],[-4,-3],[5,-4],[-7,-3],[-78,-21],[13,-9],[-8,-5],[38,-14],[48,-34],[-128,-24]],[[78051,30147],[-22,-3],[-12,31],[-33,35],[-115,-13],[-8,16],[-37,-3],[0,-2],[-67,-1]],[[77940,30451],[4,-4],[13,2],[2,-8],[-1,-43],[12,-76],[68,11],[5,-49],[30,3],[28,-40],[63,18],[8,-1]],[[79907,30329],[-534,-154],[-91,-28],[-3,-4],[-50,-17],[-80,-13],[-2,4],[-5,-1],[-2,3],[-57,-9],[-2,2],[-44,-8],[-28,-1],[-46,-9],[-2,4],[-92,-16],[-122,-15],[4,-9],[-148,-14],[-8,1],[-16,-2],[1,-4],[-97,-11],[-17,-3],[-35,-19],[-101,-4]],[[78330,30002],[-14,25],[-85,-19],[-10,12],[-28,-10],[-84,-4],[3,22],[-4,17],[-18,-1],[-7,20],[0,32],[-17,33],[-15,18]],[[78172,30264],[21,16],[8,11],[4,0],[0,34],[28,6],[23,1],[7,19],[-7,3],[3,2],[25,-10],[8,12],[1,10],[4,0],[41,-11],[11,-12],[23,-9],[16,0],[29,-5],[7,-6],[40,2],[14,6],[16,2],[7,5],[-8,13],[47,7],[1,-2],[27,1],[2,-2],[23,-1],[42,4],[11,-27],[30,-27],[-6,-3],[13,-13],[-12,-5],[7,-11],[62,16],[-3,2],[10,3],[54,11],[31,10],[-9,8],[80,20],[135,51],[25,6],[22,1],[11,6],[-14,7],[4,2],[15,-7],[88,28],[356,124]],[[78945,28986],[-24,-4],[-14,1],[2,-14],[73,-27],[-2,-4],[56,-21],[65,-37],[42,-10],[-10,-60],[2,-8],[33,2],[32,4],[23,7],[12,-1],[14,-3],[27,-12],[18,-5],[8,-6],[38,-13],[119,8],[44,9],[64,7],[24,-3],[17,1],[40,9],[14,-9]],[[79662,28797],[-76,-21],[-21,-12],[-17,6],[-22,-7],[-79,-10],[-9,-15],[-10,-4],[-6,-13],[3,0],[-2,-17],[13,-21]],[[79436,28683],[-15,-1],[-10,2],[-94,5],[-36,-4],[-4,-4],[-92,1],[-244,-6],[-52,-5],[-175,-30],[-25,-6],[17,-20],[7,-27],[5,-2],[6,-14],[-5,-4],[24,-24]],[[78743,28544],[56,-60],[14,-8]],[[78813,28476],[-31,-20],[-48,-3],[0,-11],[-28,-8],[-11,-7],[-3,-10],[-9,-12],[10,-10],[0,-8],[-5,-2],[-11,1],[-7,-4],[13,-8],[-12,-6],[15,-17],[3,-11],[11,-2],[-4,-3]],[[78696,28335],[-21,-8],[-57,-12],[-90,-27],[4,-6],[-12,-5],[16,-51],[-22,-6],[3,-6],[-17,-5],[29,-27],[12,5],[6,-3],[23,-35],[28,5],[19,-2],[6,4],[8,-11],[27,-66],[-5,0],[9,-28],[-63,-6],[4,-17],[-7,-4],[9,-13],[-46,-18],[-11,12],[-21,-7],[-66,2],[1,-16],[-81,3]],[[78045,28963],[1,6]],[[80698,27867],[-30,30],[-74,32],[-43,30],[-38,21],[-88,41],[-55,31],[-45,17],[-50,28],[-44,18],[-32,6],[-15,-4],[-26,-18],[-44,-2],[-19,24],[-36,26],[0,19],[-21,4],[-21,0],[-21,-11],[-24,0],[-38,-9],[-29,0],[-42,11],[-27,-3],[-27,-17],[-46,-17],[-18,0],[-34,23],[-42,19],[-15,12],[-27,25],[-13,29],[-48,-10],[-29,5],[-31,-8],[-6,-9],[-12,-5],[-59,-9],[-3,1],[-22,-3],[-12,17],[-44,-6],[1,93]],[[79349,28298],[12,-1],[6,-7],[11,-4],[29,1],[9,-4],[12,0],[19,27],[10,2],[59,-1],[143,11],[1,3],[59,11],[2,3],[32,3],[22,6],[3,3],[31,0],[4,5],[12,1],[4,28],[10,17],[-11,2],[11,21],[47,-10],[63,-4],[27,-7],[56,-4],[104,20],[65,17],[39,19],[17,3],[38,-5],[0,11],[29,15],[200,70],[20,4],[14,0],[34,7],[76,-1],[19,4],[18,-3],[32,2],[10,4],[24,-1],[38,-8],[38,3],[27,-3],[20,2],[20,-2],[10,6],[25,8],[12,-14],[125,-5],[40,14]],[[78696,28335],[164,-8],[86,-11],[87,5],[177,-6],[11,4],[14,-1],[19,4],[11,-6],[13,-2],[31,-16],[28,-2],[12,2]],[[77640,30214],[-15,-17],[-52,-24],[-15,-4],[-20,-1],[-10,3],[-7,-5],[-21,-5],[-14,-9],[-5,-13],[2,-12],[9,0],[10,-12],[14,2],[29,-16],[11,2]],[[77556,30103],[-9,-19],[-21,5],[-103,40],[20,16],[-16,6],[6,3],[-15,6],[-4,-2],[-8,0],[-8,3],[1,4],[-22,-8],[-5,1],[-15,-9],[2,-4],[-14,-3],[-72,33],[-12,1],[4,2],[1,15]],[[77266,30193],[124,48],[54,23],[-12,11],[26,5],[-27,39]],[[77556,30103],[22,3],[0,-7],[-11,-11],[1,-6],[-7,-8],[2,-6],[-8,-8],[-1,-7],[-26,-10],[-9,-8],[7,-13],[1,-27],[-28,-19]],[[77499,29976],[-101,-38],[-63,3],[-17,-1],[-27,-9],[-71,1],[-34,-4],[0,3],[-38,4],[6,22],[-24,1],[4,29],[-42,14],[-36,3],[-17,31],[7,34],[-22,28],[50,20],[-37,73],[-1,20],[7,16]],[[77043,30226],[41,-1],[22,-4],[30,1],[29,-68],[101,39]],[[77043,30226],[20,25]],[[77063,30251],[65,85],[7,62]],[[79349,28298],[0,42],[-6,28],[-62,90]],[[79281,28458],[-20,61],[-6,6],[36,25],[30,12],[-3,2],[64,41]],[[79382,28605],[13,10],[28,15],[-15,17],[15,7],[13,29]],[[79662,28797],[22,12],[30,8],[-31,55],[5,10],[-21,56],[-20,35],[32,4],[63,17],[67,10],[21,1],[20,-3],[17,-9],[7,-11],[-7,-7],[5,-7],[259,48]],[[78366,29548],[-18,28],[22,6],[-21,38],[6,0],[-35,113]],[[78320,29733],[38,6],[-21,44],[-19,59],[0,20],[7,29],[21,39],[7,25],[-23,47]],[[77391,29645],[94,-15],[73,-4],[11,0],[0,4],[11,0],[125,-8],[115,11],[77,12],[59,20],[72,18],[19,3],[4,-2],[130,26],[139,23]],[[77063,30251],[-385,-47],[-8,-10],[-26,-20],[-9,-19],[-5,-14],[16,-21],[-83,-19],[-65,1],[-26,-4],[-4,-8],[4,-7],[8,-6],[20,-6],[6,-6],[-18,-3],[-34,15],[-10,0],[-5,10],[-8,-8],[-2,-13],[-7,-4],[-35,-9],[-69,2],[-27,-15],[-42,2],[-18,-4],[-17,3],[-24,21]],[[79125,28503],[17,-22],[1,-11],[4,-1]],[[79147,28469],[-83,-14],[-58,-16],[-32,-3],[-2,5],[4,0],[-3,18],[-16,0],[0,9],[-15,-1],[0,-3],[-13,10],[-56,-20],[11,37]],[[78884,28491],[68,21],[35,4],[16,0],[14,-7],[47,-12],[61,6]],[[79382,28605],[-22,7],[-29,4],[-19,-19],[-29,-11],[-199,-25]],[[79084,28561],[-13,14],[-28,20],[-30,12],[-39,0],[29,-26],[-3,-12],[-38,-10],[-8,5],[-20,4],[2,-30],[-41,10],[-23,-2],[-26,8],[-43,4],[-11,0],[-49,-14]],[[79281,28458],[-134,11]],[[79125,28503],[-3,25],[-38,33]],[[78813,28476],[19,10],[52,5]],[[77419,29748],[25,34],[-5,21],[4,23],[11,23],[20,23],[-6,18],[25,27],[-7,16],[15,21],[13,2],[3,5],[-4,8],[-14,7]],[[67384,28538],[-7,-63],[-4,-11],[-9,-4],[-4,-15],[2,-16],[-7,-12],[-7,-5],[0,-5],[-7,-3],[2,-5],[-7,-4],[-10,-1],[-8,9],[-6,1],[-1,9],[-13,10],[-15,2],[-10,6],[-19,1],[-24,10],[-37,6]],[[67193,28448],[-13,0],[-16,8],[-1,-2],[-14,3],[-18,-3],[-11,8],[-8,6],[2,6],[-20,20],[-21,13],[0,6],[-19,14],[-4,12],[-3,2],[-22,-1],[11,9],[2,18],[-36,7],[-21,8],[-8,-7],[-3,1],[-21,10],[-26,1],[-7,4],[-24,7],[-12,-7],[-19,-2],[-75,-24],[-49,8],[-13,0],[-14,-5],[-9,8],[-25,-12],[-27,30],[-5,16],[11,4],[-3,4],[-16,4],[-20,-15],[-10,6],[-2,-3],[-8,0],[-15,-6],[-25,14],[-28,5],[-21,-1],[-35,8],[-11,2],[-5,5],[-2,37],[-25,-12],[-11,4],[-50,-15],[-40,-22],[0,5],[-29,-15],[-3,4],[-6,-2],[-17,3],[-7,-13],[18,-2],[14,4],[10,-7],[-5,-4],[-5,2],[-17,-5],[2,-2],[-19,-7],[0,-5],[-19,-11],[-8,3],[-3,11],[-10,-7],[-10,5],[-9,-1],[-4,6],[11,0],[2,5],[-7,0],[-8,11],[-24,-3],[-24,-1],[0,11],[-21,2]],[[66175,28847],[-5,-20],[-21,-12],[21,-5],[23,-13],[2,-5],[-6,-6],[2,-12],[-17,-17],[-36,-16],[-10,-34],[8,-8],[44,-21],[6,-10],[-5,-13],[-9,-10],[-28,5],[-12,-21],[-2,-13]],[[66175,28847],[11,-4],[14,4],[0,4],[8,-1],[7,5],[58,2],[10,4],[20,1],[17,-7],[7,2],[46,-8],[2,-5],[-11,-9],[7,-1],[4,-7],[2,3],[21,2],[29,12],[8,1],[20,-3],[24,1],[31,-11],[14,18],[-9,26],[30,14],[27,6],[13,-32],[42,-20],[9,1],[34,-10],[17,-2],[42,1],[5,3],[32,-14],[19,-15],[27,-13],[45,6],[0,-12],[29,9],[0,-4],[7,-9],[0,-12],[6,-9],[21,-18],[-2,-3],[7,-4],[-4,-3],[2,-6],[9,-6],[10,2],[3,-2],[3,5],[8,0],[14,10],[-4,8],[7,14],[-9,27],[3,24],[-7,12],[15,32],[-2,50],[4,27],[9,27]],[[66986,28960],[45,1],[13,-7],[13,-2],[30,-23],[19,-6],[16,-1],[38,-8],[3,11],[57,-12],[4,4],[17,-19],[26,-8],[7,-5],[8,-28],[32,-16],[20,-31],[13,-9],[-14,-13],[-5,-12],[-9,-3],[-50,-35],[-14,-15],[-5,-11],[1,-26],[-17,-42],[10,-21],[4,-26],[5,-6],[17,-7],[30,-18],[11,-10],[15,-4],[12,3],[13,-1],[33,-16]],[[67193,28448],[-9,-12],[-18,-14],[-12,-20],[-35,7],[-17,-1],[-48,-6],[-17,-7]],[[67037,28395],[-40,-19],[-79,17],[-71,-20],[-60,-33],[-13,-14],[0,-12],[4,-1],[5,-13],[7,-3],[3,-9],[-33,-2],[-24,3],[-13,-10],[-32,-16],[-18,-26],[-10,5],[-48,6],[-58,-6],[-19,3],[-36,22],[-1,11],[-5,5],[-36,6],[-34,-15],[-18,-14],[0,-7],[-52,12],[-30,16],[-4,5],[-55,33],[-49,55],[-20,7],[-8,5],[23,20],[12,22],[-3,18],[11,8],[-10,8],[9,4],[-23,20],[-4,10],[-27,8],[-23,-11],[-10,-13],[-10,-4],[-33,-1],[-34,13]],[[66130,28616],[-6,-9],[-18,-11],[-2,-20],[5,-19],[12,-7],[4,-13],[-3,-9],[17,-11],[2,-6],[-9,-3],[-43,0],[-10,-14],[-11,-6]],[[67140,30554],[14,-12],[-16,-4],[-16,-15],[-6,-23],[58,-24],[17,-12],[6,-10],[18,-15],[80,-27],[90,-57],[-20,-20],[-2,-12],[35,2],[34,-7],[13,-8],[-3,-16],[-11,-3],[-7,-28],[4,-24],[-7,-2],[-22,4],[-49,-5],[-30,3],[-10,-3],[16,-8]],[[67326,30228],[-43,-23],[-5,-10],[-14,-7],[6,-3],[-13,-2],[-2,-4],[6,-4],[-21,0],[-15,-4],[-13,2],[-13,-2],[-14,-9],[-1,-8],[-15,-4],[-3,-6],[-52,10],[-5,6],[-28,14],[-22,-1],[-27,10],[-21,-2],[-25,7],[-20,-1],[-19,-7],[-22,1],[-18,-5],[-2,4],[-5,-1],[-7,6],[-17,-6],[2,-5],[-8,-2],[-44,0],[-21,-4],[-3,6],[-30,0],[96,28],[-11,20],[8,1],[5,10],[-2,7],[-36,10],[-45,5],[-70,2],[-60,-3],[-15,-9],[-6,-13],[-10,-3],[-102,1],[-73,-8],[-23,7],[-45,-24],[-28,1],[-17,9],[-18,22],[-18,3],[-5,-4],[-30,3],[-7,73],[-47,2],[21,20],[-229,79],[-42,17]],[[65963,30430],[5,31],[73,23],[56,-7],[16,1],[38,17],[6,9],[-7,16],[3,10],[29,14],[66,54],[38,7],[26,-1],[6,-3],[7,15],[-10,23],[-5,6],[-15,5],[-7,7],[1,5]],[[66289,30662],[19,18],[22,8],[46,6],[2,-3],[23,-7],[24,-1],[58,18],[4,6],[-1,7],[12,-7],[0,-9],[11,3],[21,-24],[20,4],[6,-11],[56,11],[8,-6],[33,10],[16,-17],[10,0],[35,-22],[11,-13],[40,19],[36,3],[34,-18],[22,-1],[2,-4],[-14,-23],[1,-21],[27,-34],[-25,-4],[-5,-4],[-4,-7],[4,-13],[-5,-3],[17,-10],[6,6],[14,-1],[33,-16],[4,4],[6,25],[35,2],[9,2],[-3,5],[38,7],[-7,9],[-15,0],[-1,5],[11,2],[4,-5],[18,1],[-5,13],[-9,4],[10,6],[5,8],[35,-19],[-3,-3],[8,-2],[7,-7],[22,-5],[2,-3],[13,4],[48,-1]],[[67639,29967],[29,-9],[25,-18],[70,-32],[31,-1],[13,2],[9,6],[-11,8],[2,4],[31,-6],[8,-8],[18,-35]],[[67864,29878],[-22,8],[-2,-10],[-8,4],[-9,-15],[-21,-15],[-21,10],[-20,-16],[9,-5],[-6,0],[-26,7],[-27,13],[-4,-13],[-22,-5],[-7,-10],[6,-16],[-13,-16],[-9,-23],[14,-3],[-19,-17],[-29,1],[-3,-17],[-20,1],[0,-14],[3,-5],[35,-3],[47,9],[47,-5],[41,-9],[35,0],[19,-6],[18,0],[10,1],[0,2],[18,-6],[20,1],[18,-13],[-5,-3],[23,-16],[27,-11],[0,-8],[11,-10],[-6,-3]],[[67966,29642],[-8,-8],[-13,-1],[14,-8],[3,-17],[15,-11],[0,-10],[11,-7],[5,-20],[-1,-13],[23,-22],[26,-13],[-4,-2],[-22,6],[-20,9],[-37,-8],[-12,7],[-8,12],[-30,4]],[[67908,29540],[-8,-3],[-38,1],[-19,-3],[-68,-23],[-21,-3],[-15,-9],[-12,-3],[-9,-16],[-7,-5],[-43,2],[-7,-5],[-41,-10],[-22,3],[-51,-9],[-27,3],[-20,5],[-37,19],[-76,5],[-22,15],[-10,21]],[[67355,29525],[1,25],[-12,9],[-2,7],[-17,-1],[-13,4],[-21,1],[-43,10],[-40,29],[-34,9],[-8,12],[6,2],[-12,16],[23,7],[-51,47],[-17,27],[-150,-22],[-194,-24],[-16,10],[5,11],[-30,5],[5,9],[-3,11],[-69,11]],[[66663,29740],[-9,6],[-45,10],[-19,10]],[[66590,29766],[-7,7],[-1,8],[16,16],[93,45],[26,21],[5,14],[25,33],[-12,4],[-22,15],[1,11],[10,9],[-1,8],[28,11],[6,7],[81,-2],[66,-6],[19,-3],[1,-6],[39,-12],[44,0],[20,-5],[24,-1],[13,-4],[48,-6],[17,-28],[10,-7],[47,-15],[17,-1],[11,4],[26,-5],[8,2],[10,-3],[8,-9],[34,-6],[0,4],[-9,2],[1,9],[26,3],[33,-5],[31,1],[20,-3],[27,2],[-1,-11],[9,-4],[18,-16],[13,3],[8,13],[52,26],[0,12],[-6,16],[5,6],[1,13],[11,12],[2,12],[69,-7],[25,9],[4,8]],[[66496,31413],[-17,-34],[1,-17],[-21,-21],[55,-87],[19,3],[36,-1],[10,-3],[16,1],[54,10],[33,10],[14,1],[30,11],[25,2],[17,5],[24,1],[9,-4],[-6,-8],[10,-12],[1,-21],[4,-4],[5,1],[9,-4],[21,31],[30,14],[36,-31],[-10,-12],[-35,-15],[-67,-17],[-48,7],[-11,11],[-6,-9],[-26,2],[-47,-6],[-2,-38],[4,-16],[-5,-8],[-13,0],[8,-11],[-5,-2],[-2,-15],[22,-1],[3,15],[18,0],[0,-4],[9,0],[14,3],[0,-2],[-13,-2],[-6,-15],[-31,-21],[12,-10],[27,-10],[-25,7],[-11,-9],[-7,2],[-17,-2],[-18,8],[0,-7],[3,-13],[11,3],[3,-3],[-12,-6],[1,-2],[13,-2],[18,-12],[26,-38],[5,3],[25,-21]],[[66716,30988],[-47,-1],[-55,23],[-26,-40],[-75,20],[0,-5],[20,-10],[-9,-8],[5,-2],[0,-7],[-5,1],[-2,-4],[20,-32],[-31,-6],[9,-15],[-16,-6],[2,-12],[-15,5],[-24,-14],[-28,-4],[-58,9],[-56,0]],[[66325,30880],[2,20],[-12,14],[26,26],[19,10],[-3,8],[-32,13],[4,32],[11,8],[20,-1],[23,3],[24,12],[31,4],[-1,19],[5,-1],[-11,17],[-80,14],[-51,31],[-93,32],[-23,18],[-16,7],[-13,18],[-12,7],[12,33],[-52,25],[-37,13],[-33,0],[-30,-8],[-15,12],[-27,40],[-53,32],[-28,28],[-25,16],[-45,-14],[-24,-4],[-64,0],[-20,6]],[[67680,28383],[9,-14],[25,-8],[1,-3],[11,-5],[23,5],[10,-6],[2,3],[9,1],[6,-5],[7,0],[1,-3],[6,1],[15,-5],[3,1],[14,-1],[0,-4],[11,-1],[16,-11],[18,0],[2,-4],[12,-4],[5,-6],[28,-7],[15,-18],[10,1],[8,-4],[-3,-4],[9,0],[6,-6],[5,2],[11,-3],[-13,-26],[5,-2],[-12,-9],[13,-6],[3,-15],[8,-9],[-20,5],[-3,-6],[-29,-2],[-5,-7],[-7,-1],[1,-15],[-31,-6],[2,-11],[-6,-7],[-18,12],[-15,-1],[-9,-11],[-30,9],[-73,0],[-29,5],[-55,-40],[-14,-9],[-4,1],[-10,-8],[7,-2],[-8,-10],[31,-12],[10,-10],[8,-17],[-2,-14],[-16,-6],[-4,-7],[-10,-1],[-8,-5]],[[66743,27804],[8,24],[10,11],[-5,19],[16,6],[11,10],[14,3],[-20,29],[1,8],[-13,7],[-5,0],[-1,6],[-11,8],[-15,4],[-5,9],[-14,7],[-6,0],[1,4],[-8,1],[-24,28],[-11,20],[-33,11],[3,9],[10,-2],[25,13],[46,-9],[54,-18],[11,19],[-39,15],[-23,5],[2,24],[67,-16],[-11,31],[43,7],[25,-9],[22,-4],[16,1],[44,-8],[4,0],[12,23],[20,-2],[19,-6],[7,4],[1,8],[13,12],[1,17],[27,17],[26,11],[-1,8],[5,14],[-2,10],[4,2],[-5,9],[22,25],[35,28],[5,9],[-1,7],[-29,30],[-11,26],[-22,9],[0,33],[-21,24]],[[67384,28538],[6,-2],[7,-10],[22,-7],[18,-25],[31,-18],[25,-8],[73,-7],[2,-4],[-11,-5],[32,-36],[9,-20],[19,0],[10,-9],[19,-5],[22,12],[12,-11]],[[67539,31189],[-11,-2],[21,-13],[-23,-30],[-22,5],[-9,-12],[-23,4],[-14,-2],[-20,-18],[-2,-12],[5,-19],[6,-3],[19,5],[10,-11],[-21,-3],[-12,7],[-34,-8],[15,-8],[33,-30],[59,-36],[103,33],[117,-71],[-35,-29],[145,-38],[-37,-13],[-56,0],[-30,-22],[-4,1],[-23,-10],[-24,8],[1,5],[-6,3],[-19,-5],[-10,2],[-42,-15],[7,11],[-6,10],[-13,-3],[-8,6],[-22,3],[-31,-3],[-5,2],[-32,-11],[-47,-7],[4,-13],[-24,16],[-3,8],[2,17],[-4,4],[-38,0],[-7,7],[-23,-6],[-14,6],[-50,-33],[-13,-13],[-35,-12],[-27,-21],[-21,-51],[6,-2],[0,-21],[14,-3],[13,-14],[-31,2],[-15,4],[-3,-3],[3,-7],[11,-3],[10,-7],[16,-17],[27,-12],[8,0],[1,-3],[-9,-3],[-19,1],[-26,-5],[-13,-29],[6,-10],[9,-6],[-33,-15],[-33,-33],[1,-22],[11,-7]],[[66289,30662],[-5,1],[-22,-4],[-4,10],[4,13],[22,27],[33,5],[54,3],[0,3],[12,2],[3,2],[-26,14],[-47,16],[-26,19],[-44,-1],[-22,4],[17,27]],[[66238,30803],[7,-2],[9,-8],[7,-1],[8,1],[20,13],[15,4],[18,-2],[3,-19],[14,3],[9,5],[1,5],[-14,13],[-12,23],[5,22],[-3,20]],[[66716,30988],[25,-31],[55,-36],[21,-5],[14,1],[62,-4],[45,-12],[24,-1],[24,3],[15,4],[18,14],[23,10],[17,0],[19,20],[19,10],[35,5],[47,1],[24,4],[38,15],[28,23],[14,-4],[3,5],[-6,0],[-7,21],[-22,4],[5,2],[2,15],[40,5],[-1,2],[59,10],[-10,1],[-19,-2],[-8,4],[-12,23],[3,8],[-4,15],[22,26],[21,13],[6,8],[24,8],[9,17],[-4,3],[3,11],[18,4],[4,-2],[16,1],[7,2],[-5,4],[18,-1],[26,-3],[31,-7],[16,-10],[13,2],[8,-5]],[[68152,30297],[-152,-12],[-178,-45],[-66,1],[-43,-12],[-33,-3],[-8,7],[-2,-5],[-18,-2],[-2,-7],[-7,1],[-3,-3],[-16,-1],[7,-25],[-54,-5],[0,-14],[-9,-17],[6,-12],[18,-9],[9,-12],[-25,-13],[-2,-4]],[[67574,30105],[-9,-1],[-3,25],[-6,6],[-12,2],[2,6],[-12,13],[-15,-1],[-37,-14],[-10,13],[-15,-6],[-9,13],[-40,7],[0,19],[8,3],[21,19],[15,5],[0,3],[-28,-6],[-19,5],[8,4],[-5,6],[-16,-8],[-11,3],[-10,-3],[-1,4],[-5,-3],[-10,1],[3,9],[-18,-4],[-14,3]],[[67539,31189],[23,-1],[28,9],[24,18],[15,6],[96,-19]],[[68463,29553],[-18,-5],[1,-6],[-12,-14],[-14,-2],[-11,-6],[-1,-16],[7,-7],[-6,-5],[-4,-46],[-9,-9],[-25,-5],[-2,-5],[-7,-1],[19,-13],[5,-8],[-12,-12],[1,-13],[9,-4],[15,-2],[37,8]],[[68436,29382],[3,-4],[12,1],[1,-2],[26,-6],[-6,-2],[-42,0],[-32,-8],[-35,4],[-6,-3],[-58,4],[-90,-4],[-33,-6],[-96,-1],[-39,12],[10,3],[-2,7],[11,19],[-36,5],[-12,-10],[-29,-8],[-48,8],[-10,8],[6,3],[-20,23],[-14,-5],[-6,5],[12,13],[20,6],[-16,25],[-13,12],[18,4],[1,2],[-8,4],[25,6],[-17,5],[7,9],[-12,9],[0,20]],[[67966,29642],[20,0],[5,-3],[11,4],[26,3],[7,6],[-1,8],[11,11],[1,8],[9,11],[8,3],[11,16],[21,11],[17,1],[3,3]],[[68115,29724],[-3,-15],[-27,-9],[9,-22],[-7,-21],[18,-18],[16,1],[-1,-6],[-5,-2],[10,-26],[12,-15],[30,-7],[12,4],[1,-9],[26,-1],[12,-7],[2,7],[7,0],[56,-23],[21,0],[9,-11],[21,0],[5,-9],[25,7],[46,-2],[-3,10],[24,0],[25,5],[7,-2]],[[68281,30071],[-125,-159],[-42,-41]],[[68114,29871],[-19,-21],[-22,6],[-12,-11],[-15,3],[-6,-2],[-9,4],[-4,-3],[-6,3],[3,4],[-11,4],[-13,-6],[-9,5],[-16,-9],[21,-11],[-4,-2],[3,-2],[-15,-10],[-7,-14],[-20,5],[8,12],[-21,5],[-47,-7],[-7,1],[-1,11],[-19,4],[-3,8],[4,5],[8,3],[25,-1],[5,3],[-1,6],[-8,14],[-22,-4],[-10,4]],[[67639,29967],[-23,10],[-29,30],[8,16],[1,15],[-3,9],[-15,17],[5,16],[-9,25]],[[67355,29525],[-10,-1],[-19,-14],[-4,1],[1,-11],[6,-10],[39,-41],[17,-35],[-22,3],[-20,-8],[16,-20],[-15,-8],[46,-25],[-30,-30],[-17,-8],[-41,-11],[-5,-21],[-15,-25],[-21,-22],[-22,-12],[-1,-14],[-15,-16],[-4,-17],[-18,-27],[-5,-34],[-15,-31]],[[67181,29088],[-3,-5],[-5,0],[-32,4],[7,-7],[0,-10],[-15,-6],[-29,-22],[-51,-21],[-41,-9],[-19,-9],[3,-16],[-10,-27]],[[65982,28921],[0,-6],[-7,-7],[9,-5],[42,4],[20,7],[40,-1],[7,-6],[14,-21],[57,-20],[11,-19]],[[65885,29508],[20,-7],[10,-13],[-3,-6],[-17,-6],[0,-4],[27,-10],[15,-14],[1,-11],[-9,-2],[-18,-15],[18,-17],[20,-12],[-5,-6],[-25,-9],[22,-11],[3,-4],[-6,-6],[-37,-7],[-12,-5],[-20,4],[-15,-3],[-5,-4],[-1,-11],[-13,-13],[11,-16],[19,-2],[3,-6],[-2,-7],[-8,-5],[-1,-7],[33,-25],[0,-15],[-16,-2],[-11,-8],[5,-13],[10,-3],[-2,-9],[8,-6],[3,-13],[14,-9],[13,-17],[4,-20],[14,-13],[1,-14],[-14,-20],[23,-15],[51,-10],[21,-9],[-13,-10],[-22,-6],[-28,-14],[-2,-3],[5,-3],[-13,-9],[-5,5],[-4,-2],[0,-26],[8,-11],[-3,-5],[-10,-2],[34,-15],[11,-11],[10,-19]],[[65885,29508],[6,17],[64,10],[-7,3],[1,8],[14,22],[19,-7],[21,2],[1,6],[20,-8],[23,6],[24,-4],[31,-17],[29,-7],[5,7],[7,3],[99,10],[18,-1],[111,53],[37,34],[34,8],[37,18],[50,8],[89,4],[-11,8],[-4,23],[7,6],[25,7],[18,11],[10,2]],[[65553,27447],[8,-3],[42,0],[25,-4],[22,3],[15,-5],[-3,-11],[12,0],[66,21],[11,8],[1,17],[14,3],[67,-20],[8,-6],[11,-23],[13,-4],[29,-2],[11,7],[2,7],[11,12],[18,10],[7,0],[27,-14],[29,12],[18,-14],[-1,-4],[-8,-5],[0,-6],[20,-12],[10,-3],[24,0],[17,-8],[41,5],[58,-13],[25,-18],[18,-6],[24,-3],[8,-4],[2,-10],[-17,-14],[5,-9],[-5,-12],[16,1],[29,15],[15,-5],[4,-8],[-3,-4]],[[65463,27488],[4,-5],[26,4],[19,-2],[4,-4],[-8,-19],[16,-5],[8,1],[22,18],[13,0],[4,-6],[-18,-23]],[[65356,27668],[16,-7],[14,-13],[10,-1],[17,4],[12,-8],[9,-3],[-2,-19],[9,-4],[12,6],[6,-1],[8,-26],[26,-26],[-8,-4],[-25,1],[-9,-5],[2,-9],[14,-12],[-13,-3],[-12,-14],[4,-4],[19,-2],[-2,-5],[-10,-5],[2,-3],[13,-3],[4,-7],[-9,-7]],[[65310,27754],[1,-6],[13,-1],[4,-5],[-8,-11],[1,-11],[27,5],[15,0],[7,-4],[3,-17],[-5,-5],[-34,1],[-16,-7],[9,-11],[18,1],[0,-6],[11,-9]],[[65504,28037],[-9,-8],[-3,-13],[-25,5],[-29,-7],[-8,-16],[1,-8],[9,-1],[25,11],[4,-4],[-7,-18],[-23,-5],[-25,8],[-12,-2],[-9,-16],[-8,-2],[-6,5],[-11,-3],[-24,-22],[-11,-4],[-4,-7],[-24,-4],[-12,-20],[2,-6],[16,-4],[-7,-11],[-25,8],[-9,-2],[-11,-9],[1,-10],[14,-6],[-1,-8],[-4,-5],[-18,1],[-6,-4],[11,-17],[-3,-13],[-15,-3],[-1,-4],[8,-5],[-2,-9],[7,-12],[9,-4],[25,4],[16,7],[20,-7],[4,-3],[-8,-7],[2,-16],[-8,-7]],[[65504,28037],[14,-17],[0,2],[14,4],[36,-21],[35,-8],[-3,-28],[-5,-6],[-28,-13],[-2,-11],[17,-12],[29,-7],[0,-5],[-12,-15],[-49,-15],[24,-10],[15,-2],[10,-7],[22,-6],[21,-12],[15,-2],[-4,-7],[3,-1],[-1,-8],[9,-4],[2,-9],[6,0],[3,-7],[5,1],[-1,-11],[9,-6],[6,-13],[-1,-5],[2,-7],[-1,-7],[5,-12],[-3,-2],[15,-15],[1,-7],[7,-2],[-2,-5],[8,-4],[-4,-20],[2,-16],[6,-9],[-9,-4],[1,-6],[4,-2],[-5,-3],[2,-2],[-10,-5],[0,-6],[-5,0],[-9,-6],[5,-4],[-5,0],[0,-3],[-8,-4],[0,-7],[42,-6],[48,8],[24,-3],[1,-6],[50,-7],[3,11],[25,-2],[1,2],[-21,4],[13,51],[-4,14],[7,2],[-6,11],[6,18],[23,30],[-19,10],[1,20],[-33,43],[69,16],[3,-3],[10,7],[53,-11],[15,13],[4,8],[28,-3],[-1,-8],[25,-6],[-3,-5],[12,-5],[-4,-4],[3,-6],[13,-4],[23,-1],[12,-8],[5,-15],[9,-6],[13,-5],[22,-2],[0,-14],[21,-1],[36,-11],[29,-3],[10,-6],[-9,-12],[2,-4],[11,1],[8,-4]],[[65873,30843],[16,1],[15,6],[11,0],[52,-7],[23,1],[15,-5],[13,-9],[26,2],[35,-8],[35,3],[47,-12],[37,4],[16,10],[16,1],[8,-6],[-4,-17],[4,-4]],[[65963,30430],[-89,-11],[-55,-11],[-20,-18],[-36,-55],[-66,-35],[-9,-6],[3,-2],[-5,-5],[170,-148],[66,-31],[48,-52],[14,31],[11,7],[19,-11],[64,-51],[63,-35],[34,-24],[183,-116],[12,-5],[-3,-3],[41,-26],[55,-28],[71,-52],[14,-3],[15,14],[27,12]],[[65645,29712],[17,2],[7,-4],[-17,-5],[8,-8],[9,-3],[7,1],[6,-18],[8,-8],[0,-2],[-10,-7],[5,-4],[2,-18],[10,-1],[8,-7],[20,-5],[2,-6],[35,-32],[9,-28],[8,-5],[22,-5],[24,-13],[15,-19],[45,-9]],[[64965,30299],[2,-2],[8,3],[13,-4],[0,4],[15,-6],[4,4],[3,-4],[11,0],[7,-4],[12,-1],[5,-4],[7,5],[11,-4],[6,3],[-1,-5],[6,-3],[-3,-6],[20,0],[3,-7],[-4,-2],[8,-6],[9,0],[-1,-7],[6,-2],[2,3],[8,-6],[10,0],[12,-11],[7,2],[16,-10],[29,-3],[0,-6],[6,-2],[8,1],[2,-10],[6,-4],[9,0],[15,-5],[5,-6],[12,0],[-1,-5],[18,-5],[7,-9],[10,0],[-2,-4],[12,-3],[14,-11],[-3,-4],[10,-4],[0,-5],[4,3],[7,0],[2,-11],[5,0],[4,-3],[12,1],[-5,-2],[8,-4],[5,4],[22,-11],[14,0],[0,-5],[7,0],[14,-6],[0,-3],[8,-1],[4,-8],[14,-3],[2,-4],[21,-7],[-9,-21],[28,-27],[12,-3],[-2,-5],[7,-2],[12,0],[7,-11],[15,-4],[-4,-7],[14,-4],[-1,-5],[11,-2],[4,-6],[12,-4],[0,-4],[10,-1],[0,-3],[8,-3],[0,-6],[10,-1],[2,-3],[17,-6],[1,-4],[-4,-3],[7,-5],[6,-11],[-3,-10],[7,-4],[20,-2],[5,-16],[-6,-9],[-16,-5],[-3,-5],[-19,-6],[-4,-7],[3,-12],[6,-2],[-12,-3],[6,-7],[-5,-9],[-8,-3],[4,-7],[-8,-6],[8,-4],[0,-3],[-8,-7],[-6,3],[-7,-2],[-13,-9],[6,-8],[-6,-2],[-2,-8],[-5,1],[-2,-14],[4,-4],[3,4],[3,-4],[-7,-8],[10,1],[-6,-9],[14,-11],[2,-6],[24,-5],[11,7],[8,-7],[0,-3],[12,-1],[4,-2],[3,4],[5,-3],[-8,-2],[-4,-6]],[[64832,30331],[14,0],[4,-5],[13,4],[3,-5],[5,-1],[7,4],[7,-5],[8,1],[10,-3],[7,4],[5,-3],[14,-3],[2,-3],[13,0],[24,-15],[-3,-2]],[[67792,31658],[-241,45],[-96,11],[-26,16],[-22,21],[-262,73],[-58,25]],[[67709,31343],[-1,30],[-14,10],[1,12],[-9,11],[-23,8],[-51,32],[-98,-40],[-54,-15],[-24,-3],[-7,1],[-43,41],[57,41],[-10,4],[6,25],[8,6],[27,11],[-1,7],[16,4],[-1,19],[25,15],[26,9],[11,13],[13,9],[21,26],[-1,14],[33,1],[11,-5],[33,-3],[26,2],[97,21],[9,9]],[[67087,31849],[0,22],[12,35],[-6,10],[10,9],[4,9],[56,49],[24,29],[-3,64]],[[67809,29036],[3,-2],[-29,-24],[-7,-24],[-8,-6],[1,-6],[-8,-6],[3,-12],[22,-14],[47,-16],[13,-10],[11,-1],[26,-18],[-7,-2],[-10,-9],[-13,-4],[-17,-13],[-32,-13],[-7,-12],[-13,-4],[-13,1],[-9,-10],[2,-6],[-31,-15],[-18,-21],[12,-6],[1,-6],[7,-3],[2,-9],[18,-8],[5,-7],[20,-4],[3,-5],[7,2],[3,-5],[10,-4],[3,2],[3,-5],[15,-5],[10,1],[7,-3],[-16,-19],[21,-8],[28,12],[44,6],[-11,11],[4,9],[6,-6],[25,4],[5,-5],[24,1],[17,-14],[15,-5],[21,6],[-3,-5],[-11,-4],[-33,-4],[-10,-13],[-37,-17],[2,-12],[7,-8],[53,-10],[13,-5],[15,-1],[-2,-8],[-23,-4],[-18,11],[-72,10],[5,-27],[-10,3],[-5,-9],[5,-19],[18,-8],[4,-24],[8,-6],[8,-2],[-14,-23],[-9,1],[-26,-4],[-19,-11],[-32,1],[-31,5],[-29,-1],[-30,-13],[-40,-11],[-8,-10],[5,-16],[-22,-66],[3,-24],[-6,1]],[[67181,29088],[22,0],[46,18],[52,-7],[20,8],[12,-2],[20,-13],[17,-4],[24,-12],[34,-11],[0,-30],[26,2],[19,5],[16,-2],[43,5],[41,-5],[73,-4],[40,1],[16,-17],[26,13],[12,-7],[6,-1],[28,4],[17,6],[18,1]],[[68706,29730],[-22,-5],[15,-22],[-27,2],[-5,-3],[-10,-16],[3,-7],[-52,-2],[-43,-7],[-5,5],[-25,-11],[-13,-1],[-14,-12],[-41,-11],[-17,-28],[-15,-5],[6,-6],[-4,-9],[6,-8],[18,-14],[2,-17]],[[68115,29724],[3,14],[12,4],[20,-2],[4,2],[-2,5],[-31,19],[6,4],[25,-2],[49,9],[32,24],[14,18],[46,32],[-24,12],[-20,-8],[-2,5],[-20,3],[-32,9],[-24,10],[-29,-20],[-28,9]],[[66068,28488],[-10,-14],[-12,0],[-15,5],[-36,0],[-15,-5],[-12,-9],[-39,0],[-14,-11],[9,-9],[-12,-2],[-4,5],[-9,1],[-23,-5],[-2,-7],[30,-4],[0,-5],[-10,-7],[6,-5],[-12,-4],[-12,0],[-16,-6],[-5,12],[-11,0],[-1,-6],[-21,-19],[-9,-16],[-14,2],[-8,9],[-39,-9],[-18,1],[1,-8],[19,-6],[11,-8],[-14,-15],[-28,-9],[-91,-9],[-51,-8],[-28,2],[-9,-3],[-21,-12],[-7,-11],[-10,-7],[1,-11],[-11,-7],[-6,-15],[7,-30],[18,-17],[-7,-10],[0,-12],[10,-8],[14,-5],[3,-6],[-9,-12],[-12,5],[-8,-1],[-6,-27],[-13,-8],[-7,-11],[-31,-9],[3,-9],[19,-16],[14,-5],[19,-28],[0,-7]],[[68436,29382],[28,9],[29,-1],[30,-13],[6,-13],[16,-3],[-3,-6],[-23,-10],[-13,-10],[-31,-39],[-10,0],[-10,4],[-15,1],[-35,8],[-32,-3],[-7,3],[-28,-6],[-11,-10],[-34,-15],[2,-6],[-8,-15],[-32,-13],[-6,0],[-5,-2],[-1,-6],[6,-3],[3,-7],[-26,1],[-42,-15],[21,-28],[-15,-18],[-24,-8],[0,-4],[-16,-10],[-1,-4],[-26,9],[-30,-7],[-16,-8],[-21,-22],[-16,-3],[-50,-30],[-8,1],[-6,-7],[-12,-3],[-16,0],[-12,-3],[-6,-7],[-9,-3],[-10,2],[-6,-2],[2,-18],[-22,-1],[-9,3],[-10,14],[-6,2],[-22,-4],[-21,-8],[-8,-9]],[[71440,29790],[-10,10],[-24,-11]],[[71406,29789],[-68,17],[-9,-12],[-24,14]],[[71305,29808],[41,12],[31,16],[34,9],[33,1],[38,10]],[[71482,29856],[16,-16],[34,-23],[-63,-17],[-29,-10]],[[71898,29661],[-54,-35]],[[71844,29626],[-9,1],[-174,-18],[25,21],[-23,3],[-2,-2],[-25,0],[-8,29]],[[71628,29660],[23,0],[13,11],[-5,4],[8,6],[-1,2],[-13,9]],[[71653,29692],[35,6],[93,7]],[[71781,29705],[13,1],[-2,-15],[73,0],[24,-25],[9,-5]],[[71282,29819],[23,-11]],[[71406,29789],[3,-2],[-11,-3],[-17,-9],[-4,3],[-10,-8],[-13,6],[-4,-3],[-40,7],[-22,-2],[-110,4]],[[71185,29843],[27,8]],[[71212,29851],[70,-32]],[[71730,29894],[18,-3],[4,4],[17,-4],[-4,-4],[32,-3]],[[71797,29884],[36,-10],[-8,-6],[10,-5],[6,1],[2,-4],[35,-15]],[[71878,29845],[-94,-7],[4,4],[-54,6],[-6,6],[-9,-9],[3,-7],[-5,0],[-18,15],[-6,11],[-41,-5],[-47,-13]],[[71605,29846],[-9,2]],[[71596,29848],[6,64]],[[71602,29912],[0,2]],[[71602,29914],[13,0],[8,-5],[6,4],[7,-7],[5,2],[7,-5],[17,13],[15,4],[13,-20],[17,-3],[4,-7],[3,4],[13,0]],[[71605,29846],[23,-12],[2,-8],[-6,-8]],[[71624,29818],[-12,-9],[-22,-6],[15,-5],[11,-16],[39,-26]],[[71655,29756],[-27,-11]],[[71628,29745],[-20,11],[-16,-1],[-19,-4],[-3,13],[-12,7],[-22,-14],[-44,-7],[-17,12],[-3,-2]],[[71472,29760],[-8,6],[1,5],[-6,-1],[-26,17],[7,3]],[[71482,29856],[-1,7]],[[71481,29863],[5,6],[31,14],[10,-7],[17,-22],[14,-8],[12,-2],[26,4]],[[71878,29845],[38,8],[14,0]],[[71930,29853],[8,-19],[-43,-14]],[[71895,29820],[-102,-13],[-29,6]],[[71764,29813],[-34,9],[-49,-2],[-23,-3],[-8,-7],[-26,8]],[[71472,29760],[-39,-21],[19,-10],[-26,-27],[-16,-7],[-54,-9]],[[72019,29940],[-73,-23]],[[71946,29917],[-10,7],[-5,-5],[-40,13],[-12,1],[-5,-4],[-18,8],[-7,-3],[-4,8],[-19,4],[18,18],[18,7],[-7,8],[-37,25]],[[71818,30004],[47,19],[34,9],[32,0],[45,-7],[38,5],[13,7]],[[72027,30037],[6,-14],[-3,-12],[21,-25],[-4,-14],[16,-13],[-14,-6],[2,-3],[-32,-10]],[[72059,30051],[-24,-7],[-8,-7]],[[71818,30004],[-11,-6],[-16,-4]],[[71791,29994],[-14,3],[2,2],[-28,31],[-9,2],[-3,13],[-10,0]],[[71729,30045],[26,30],[16,39],[16,22]],[[71787,30136],[26,-3],[24,1],[99,-24],[20,-19],[47,-8]],[[71766,29765],[-11,-4],[-16,-1],[-4,-7],[16,-17],[18,-3],[4,-7],[-4,-8],[9,-4],[3,-9]],[[71653,29692],[-8,-1],[-7,15],[-17,6],[-10,0],[-7,9],[3,6],[-7,1],[6,7],[22,10]],[[71655,29756],[34,-1],[13,11],[64,-1]],[[72139,29882],[-66,-11]],[[72073,29871],[-143,-18]],[[71797,29884],[8,10],[8,-3],[11,12],[9,-2],[10,12],[49,-19],[54,23]],[[72019,29940],[3,-9],[-7,-3],[12,-11],[5,1],[7,-7],[-5,-2],[7,-7],[9,-1],[5,-6],[54,10],[28,10],[2,-33]],[[71844,29626],[5,-1],[6,5],[18,1],[113,-1],[51,16],[14,-25]],[[71473,29652],[11,12],[4,13],[25,1],[16,6],[61,9],[38,-33]],[[71953,29729],[-46,16],[-40,8]],[[71867,29753],[29,42],[-1,25]],[[72073,29871],[-7,-25],[-28,-9],[-8,1],[-3,-16],[-13,0],[1,-10],[-39,-2],[-2,5],[-20,0],[-1,6],[-12,2],[13,-51],[-1,-43]],[[71729,30045],[-12,-18],[-10,-6]],[[71707,30021],[-40,-10],[-18,11],[-1,7],[-12,13]],[[71636,30042],[-26,19],[-25,10]],[[71585,30071],[7,13],[12,-3],[24,3],[4,5],[10,-1],[28,10],[25,-4],[-1,11],[-10,0],[0,-3],[-6,1],[1,4],[12,2],[-6,21],[16,1],[-1,4],[-21,20]],[[71679,30155],[108,-19]],[[71928,30365],[8,-11],[12,-6],[17,11],[7,-3],[24,9],[11,-5],[-3,-2],[17,-12],[6,-9],[9,3],[16,-27],[14,-14],[-20,-15],[50,-20],[60,-36]],[[71679,30155],[-16,-2],[-11,6],[-9,13],[-31,14],[-8,1],[-50,-10]],[[71533,30367],[16,-11],[11,-2],[56,4],[18,-4],[13,0],[33,12],[22,5],[65,-13],[16,19],[40,-2],[6,4],[15,3],[17,0],[13,5],[23,-11],[31,-11]],[[71730,29894],[-1,27],[-15,16],[-2,12],[23,9],[7,8],[16,7],[3,8],[10,6],[20,7]],[[71928,30365],[27,14],[20,-10],[45,44],[8,13]],[[72028,30426],[18,10],[16,-11],[42,26],[65,-26],[114,-60],[-4,-3],[61,-54],[34,-9]],[[71602,29914],[6,17],[-2,33],[21,0],[13,-8],[37,26],[13,22],[17,17]],[[72028,30426],[-16,41],[-11,79]],[[72321,29916],[-116,-28],[-44,-7],[-22,1]],[[72225,29772],[-24,2],[-31,-3],[-20,-9],[-26,3],[-31,-4],[-53,-1],[-1,-33],[-11,-19],[-11,-6],[-11,0],[-11,3],[-17,13],[-9,0],[-16,8]],[[71953,29726],[0,3]],[[71585,30071],[-55,15],[3,4],[-7,3],[-7,-4],[-14,7],[-4,74]],[[71415,29899],[4,-3],[-30,-15]],[[71389,29881],[-7,1],[-34,-16],[-38,-10],[-17,-15],[9,-3],[-20,-19]],[[71212,29851],[27,13],[13,10],[16,20],[8,16]],[[71276,29910],[21,-3],[30,-9],[8,9],[-3,7],[12,9],[13,-5],[14,0],[11,-3],[33,-16]],[[71248,30134],[1,-5],[5,2],[0,-5],[-10,-23],[8,-25],[24,-11],[7,-14],[10,-8],[14,2],[4,-13]],[[71311,30034],[-6,-4],[-7,6],[-57,-25],[38,-23]],[[71279,29988],[-6,-4],[14,-9],[-6,-9],[-7,6],[-12,-7],[6,-4],[-12,-5],[-4,-6],[-37,-15],[3,-5],[39,0],[23,-4],[-4,-16]],[[71867,29753],[-24,-18],[-46,15],[-31,15]],[[71766,29765],[-44,23],[23,10],[19,15]],[[71445,29920],[-30,-21]],[[71279,29988],[47,-28],[62,-25],[27,-5],[30,-10]],[[71311,30034],[13,-6],[8,-13],[21,-18],[58,-39],[10,-12],[54,8],[63,28]],[[71538,29982],[51,-57]],[[71589,29925],[-17,-2],[-23,12],[-14,-6],[-2,-5],[-22,-13],[-23,11],[-19,-12],[-24,10]],[[71898,29661],[16,16],[36,24],[3,25]],[[71636,30042],[-6,-8],[-16,-9],[-32,-10],[-44,-5],[-19,1],[19,-29]],[[71389,29881],[36,0],[22,-5],[34,-13]],[[71589,29925],[13,-13]],[[71683,25426],[-19,4],[-11,-6],[-35,9],[-9,-10],[-35,12],[11,6],[-6,0],[-3,6],[-7,-1],[-3,5],[-6,0],[-15,9]],[[71410,25554],[-4,0],[1,11],[9,15],[-5,1],[-1,29],[21,6],[38,17],[30,-17],[12,-4],[4,9],[61,1],[51,-4],[32,6],[12,5],[47,5]],[[71718,25634],[48,19],[27,4],[0,-6],[6,3],[6,-3],[6,2],[3,-5],[7,0],[-4,-12],[5,-1]],[[72302,26348],[48,-45],[43,-19],[-1,-2],[12,-7],[13,-3],[-21,-15],[-13,-32],[-9,-3],[-13,-14],[-34,-9],[-61,-47],[9,-12],[-10,-6],[2,-2],[-19,-8],[-17,-14],[-54,-25],[4,-2]],[[72181,26083],[-10,-6]],[[72171,26077],[-15,-1],[-14,-5],[-18,-1],[4,8],[-11,-4],[-19,4],[-7,5],[-10,3],[-8,16],[4,5],[11,1],[-6,5],[-3,9],[20,26],[10,4],[15,9],[7,0],[0,5],[37,11],[-5,11],[-15,10],[-56,5],[-14,-2],[-4,-4],[-10,-2],[2,-5],[-7,-4],[-4,-10],[-36,-17],[-27,1],[-16,5],[-51,-14],[-21,8],[-13,21],[13,23],[32,19],[18,2],[12,13],[26,9],[-8,2],[-27,1],[2,10],[6,4],[-36,23],[-30,13],[-9,11],[5,9],[-5,19],[-9,9],[-26,16],[-9,30]],[[71846,26393],[-1,0]],[[71845,26393],[145,27],[45,0],[42,4],[3,-4],[52,8],[7,-1],[29,7],[17,-1],[2,-2],[21,2],[5,-14],[18,-16],[15,-24],[4,-3],[5,2],[6,-3],[25,-27],[16,0]],[[72423,25711],[12,-11],[-4,-6],[11,-9],[-9,-3],[5,-5],[-12,-12],[14,0],[12,-17],[21,-4],[20,-10],[3,-17],[-19,-28],[2,-3],[-17,-7],[-22,6],[-7,5],[-19,2],[-13,-4],[-6,5],[-7,-1],[-30,-20],[-15,-16],[3,-10],[16,-10]],[[72223,25469],[1,45],[24,41],[8,39],[-6,78],[47,-2],[-2,9],[15,1],[-7,22],[-14,14]],[[72289,25716],[-2,3],[76,16],[60,19]],[[72423,25754],[-11,-27],[1,-6],[10,-10]],[[72079,25674],[54,14],[78,14],[35,6],[5,-4],[6,0],[9,6],[23,6]],[[71269,26631],[4,-17],[-20,-11],[-37,-50],[38,-9],[25,-10],[0,-4],[-20,-13],[-43,-15]],[[71216,26502],[-9,4],[-13,-5],[-7,-4],[3,-3],[-10,-6],[5,-28],[-11,-5],[6,-2],[-10,-12],[-81,8],[-36,-54],[-27,0],[-20,-7],[-7,-6],[-10,-22],[-47,-11],[3,-9],[-87,-3]],[[70858,26337],[-8,0],[-6,3],[-13,22],[-2,7],[5,7],[-27,80],[-43,67],[10,4],[12,13]],[[70947,26788],[19,-30],[45,-28],[14,2],[19,11],[11,-3],[17,5],[35,4],[14,-8],[22,0],[17,-10],[12,-2],[38,-17],[27,-14],[6,-17],[-8,-8],[1,-8],[10,-6],[15,-27],[8,-1]],[[71550,26189],[18,-11],[-2,-6],[36,-23],[-5,-10],[14,-7],[28,-8],[23,-3],[5,3],[28,-90],[30,-44]],[[71725,25990],[-19,-1],[-8,2],[-31,-15],[-115,-14],[-11,-12],[-24,-9],[-12,-1],[-9,-13],[-6,2],[-4,-10],[16,-8],[2,-12],[25,-21],[0,-22],[-9,-23],[34,-8],[7,-18],[-1,-9],[33,-3],[25,-7],[36,-19],[-100,-8],[60,1],[15,4],[6,-3],[41,-39],[-2,-2],[-14,0],[-6,-16],[21,-22],[6,-15],[15,0],[10,-6],[12,-29]],[[71089,26115],[11,-16],[28,7],[8,-10],[49,8],[9,5],[14,-7],[16,0],[30,11],[-11,7],[1,9],[20,10]],[[71264,26139],[141,38],[52,7],[9,-2],[50,20],[19,-13],[1,-4],[14,4]],[[71216,26502],[48,-42],[31,-32]],[[71295,26428],[8,-11],[61,-46]],[[71364,26371],[-8,-4],[-17,9],[-9,-9],[-36,13],[-8,-13],[18,-9],[0,-5],[-6,1],[-6,-3],[-23,15],[-5,-3],[-5,5],[-11,-7],[-7,5],[-7,-3],[-5,3],[-38,-18],[-18,-6],[-9,-27],[-13,-11],[-18,-15],[-16,5],[-10,-9],[-44,3],[-18,7],[-20,-9],[-20,-3],[-20,33],[-23,-8],[-2,-12],[-40,-1],[0,4],[-22,-1],[-2,-26],[-20,7],[-50,2]],[[70826,26281],[3,15],[29,41]],[[71577,26603],[20,-25],[11,-23],[3,-38],[3,-3],[-7,-10],[10,-14],[82,-44],[34,17],[10,11],[15,5],[8,0],[23,-51],[8,-4],[22,-2],[20,-19],[6,-10]],[[71846,26393],[-106,-34],[-116,-51],[-5,1]],[[71619,26309],[-31,23],[-18,29]],[[71570,26361],[-29,33],[-31,27],[11,10],[-12,15],[-42,18],[-19,-3]],[[71448,26461],[-55,34],[-22,58],[12,27],[1,14],[-4,6],[-18,5],[-39,3],[-25,10]],[[71298,26618],[7,5],[18,-1],[7,-4],[10,2],[27,12],[-2,4],[8,1],[5,-4],[3,2],[14,11],[35,1],[46,-6],[1,-5],[5,-2],[57,3],[18,-7],[-2,-8],[-13,-2],[3,-9],[7,-3],[15,1],[-4,-4],[-8,1],[6,-9],[16,6]],[[71364,26371],[4,-3]],[[71368,26368],[-66,-20],[-47,-21],[-76,-56],[-25,-12],[-30,-5],[-26,3],[-51,-6],[-93,-31],[-26,-18],[-8,-10]],[[70900,26215],[-23,11],[-29,31],[-21,9],[-1,15]],[[71619,26309],[-7,-1],[13,-42]],[[71625,26266],[-36,9],[-35,13],[-35,-26],[4,-5],[-43,-14],[-17,21],[-6,1],[-15,-6],[-10,1],[-27,-12],[-2,3],[-29,-11],[15,-4],[10,-12],[-30,-17],[-10,6],[-18,-4],[-13,3],[-18,-23],[1,-6],[-11,-2],[-20,-11],[5,-10],[-21,-21]],[[71368,26368],[62,-24],[49,-23],[10,10],[-1,5],[4,0],[2,6],[10,-1],[30,9],[-1,4],[10,0],[-2,4],[29,3]],[[71295,26428],[17,1],[39,11],[65,3],[20,16],[6,-1],[6,3]],[[71269,26631],[19,-6],[5,-7],[5,0]],[[71625,26266],[-3,-2],[15,-47],[-29,-13],[-11,-2],[-5,3],[-42,-16]],[[72229,26046],[7,-4],[0,-6],[-16,-28],[-28,-20],[-16,-8],[4,-3],[-15,-7],[-8,-1],[-3,2],[-9,-4],[-9,-1],[1,-11],[-41,-20],[-9,-9],[-31,-12],[-23,1],[-16,12],[-18,-3],[-54,94]],[[71945,26018],[17,10],[41,5],[27,-1],[15,-11],[10,2],[38,11],[10,6],[8,-3],[2,-9],[31,4],[12,5],[8,-8],[11,3],[14,24],[-18,21]],[[72181,26083],[11,-1],[5,-5],[0,-6],[20,-11],[4,-9],[8,-5]],[[71945,26018],[-16,4],[-29,2],[0,3],[-16,5],[-1,-10],[-29,-13],[-63,-8],[-3,-4],[-43,-1],[-20,-6]],[[72311,25967],[0,-10],[13,-1],[2,-4],[-30,-27],[-23,-13],[5,-14],[23,-11],[4,-8],[9,-2],[-3,-10]],[[72311,25867],[-4,-34],[7,-28],[33,-7],[8,-6],[14,2],[11,-6],[9,3],[14,-4],[-4,-8],[9,-3],[-4,-13],[19,-9]],[[72229,26046],[25,4],[6,-16],[13,-4],[6,-8],[9,4],[6,-2],[-4,-9],[5,-9],[-4,-11],[20,-16],[0,-12]],[[70557,26215],[3,2],[-57,42],[35,14],[7,-2],[0,8],[12,1],[-6,1],[0,15],[14,0],[2,19],[3,0],[0,6],[11,9],[22,-1],[12,19],[11,40],[33,36],[-19,6],[16,10],[5,13],[13,2],[30,41],[35,23],[34,11],[8,11]],[[73010,26522],[-159,-322],[-25,5],[-45,-30],[-20,-7],[-37,-38],[-28,-19],[-14,-4],[-23,-23],[-6,-2],[2,-3],[-8,-10],[-16,-3],[-11,-12],[-44,-27],[-28,-23],[-30,-13],[-17,-12],[-21,-6],[-5,3],[-12,-7],[-9,2],[-20,-2],[-2,2],[-33,-5],[-1,3],[-87,-2]],[[72302,26348],[31,9],[11,7],[21,4],[1,4],[26,9],[16,12],[30,12],[12,1],[27,7],[19,0],[26,4],[3,-2],[29,6],[33,15],[29,-3],[25,3],[8,4],[36,0],[70,16],[75,10],[33,9],[82,29],[1,15],[8,3],[43,3],[2,4],[11,-2],[0,-5]],[[72674,25506],[-7,3],[1,11],[4,0],[3,32],[10,7],[10,16],[-23,9],[-3,-3],[-20,5],[16,37],[5,29]],[[72670,25652],[1,52],[16,12],[110,-32],[-2,-5],[35,-10],[9,16],[35,-1],[6,10],[30,-1],[4,19],[17,4],[14,32]],[[72945,25748],[33,-8],[59,-2],[46,-10],[27,2],[21,-1],[44,-11],[50,-19],[34,-9],[22,-10],[48,-12],[24,-19],[27,-14],[63,-40],[5,-5],[-12,-16],[49,-12],[59,-20]],[[72670,25652],[-15,9],[-73,17],[-3,1],[6,4],[-74,17],[-18,2],[-34,-5],[-5,11],[5,0],[-2,6],[-34,-3]],[[72311,25867],[52,-8],[6,-5],[0,-7],[14,-7],[34,6],[41,-3],[15,-6],[42,-25],[39,6],[6,7],[14,7],[6,8],[14,5],[20,13],[39,18],[23,-1],[13,4],[8,-1],[8,-5],[-3,-3],[4,-10],[7,1],[4,5],[2,-5],[15,6],[42,-9],[2,-10],[7,-1],[1,-7],[54,-30],[-46,-22],[-32,-12],[11,-11],[59,-38],[9,-3],[20,20],[-16,4],[42,30],[27,-7],[-5,-8],[32,-10],[-2,-4],[6,-1]],[[73110,26839],[3,-1]],[[73015,26520],[-5,2]],[[71577,26603],[20,8],[26,16],[4,6],[-3,5],[5,3],[-4,5],[21,10],[3,6],[21,9],[9,1],[0,3],[27,1],[26,10],[17,22],[17,9],[15,5],[29,-1],[16,6],[-2,5],[71,21],[2,-3],[11,1]],[[71908,26751],[75,-1],[40,-12],[24,1],[23,-10],[10,-1],[64,17],[42,-3],[20,4],[20,17],[13,6],[16,17],[26,7],[17,13],[7,17],[-9,29],[14,4],[1,8],[7,3],[73,8],[92,2],[75,16],[26,-17],[35,9],[39,17],[29,5],[20,7],[16,-2],[25,6],[11,-5],[-4,-2],[3,-4],[6,0],[8,-4],[5,1],[6,-2],[4,-6],[9,-1],[-2,-6],[8,-3],[0,-5],[-12,-2],[-1,-6],[4,-2],[-7,-2],[6,-1],[-7,-3],[4,-9],[-9,-5],[5,-4],[-9,1],[5,-7],[-10,-8],[6,-3],[-6,-4],[3,-5],[91,22],[5,-4],[24,11],[6,-7],[35,-7],[9,-5],[14,-1],[8,-10],[13,1],[-1,-3],[7,-2],[1,3],[7,2],[16,-1],[12,3],[12,-1],[11,4],[14,0],[21,15],[24,1],[7,-3]],[[69975,29353],[-104,-15],[-93,0],[-57,-13]],[[69721,29325],[-23,-5],[-37,-3],[2,12],[-28,-7],[-19,2],[-39,-6],[-21,6]],[[69556,29324],[8,11],[-1,16],[18,29],[-20,34],[22,10],[-4,23],[2,35]],[[68787,29630],[8,-63],[-26,-46],[-29,-19],[-42,-49],[0,-13],[-13,-33],[-16,4],[-18,-8],[-4,1],[-11,-10],[-36,-12],[-7,-5],[-2,2],[-13,-10],[-2,1],[-8,-11],[8,-2],[19,-15],[-5,-23],[6,-47],[-4,-7],[33,-13],[54,-10],[17,-11],[2,-28],[-16,-17],[-2,-8],[40,-27],[8,-25],[23,-22],[22,-13]],[[68773,29091],[43,-38],[7,-39],[16,-23],[11,-26],[-1,-10],[-12,-11]],[[68837,28944],[-48,11],[-10,-7],[-1,-5],[-20,4],[-14,-22],[6,-22],[-29,-3],[-39,7],[-18,1],[-29,-22],[-75,10],[-31,8],[0,-13],[12,-20],[7,-32],[15,-32],[-24,-51],[26,-12],[10,6],[14,-2],[0,-5],[-12,-18],[19,0],[2,-6],[14,1],[5,-11],[28,4],[1,-10],[-25,-3],[-4,8],[-31,-5],[11,-7],[8,-15],[12,2],[-2,-16],[-13,-2],[0,-6],[7,-6],[9,-18],[26,-3],[1,14],[18,0]],[[68663,28646],[2,-16],[4,1],[2,-36],[22,0],[3,-10],[36,-34],[-16,-13]],[[68716,28538],[-19,6],[-6,-7],[25,-8],[-7,-13],[-7,2],[-15,-13],[-11,6],[-16,-12],[-9,5],[-13,-6],[-11,6],[-6,0],[0,5],[12,6],[-10,6],[-5,-3],[-5,-10],[-20,-7],[-8,4],[-8,-10],[-30,8],[-12,-15],[15,-4],[-21,-14],[13,-3],[4,-3],[-5,-8],[-15,0],[-4,-7],[26,-11],[15,-14],[-6,-5],[8,-2],[-8,-8],[5,-2],[-43,-16],[18,-27],[40,-41],[-22,-8],[-23,-15],[-45,16],[-16,-5],[-2,-4],[13,-25],[-44,-16],[30,-17],[-32,-7],[-7,-10],[57,-51],[-4,-15],[-21,-13],[0,-23],[4,-4],[-3,-8],[20,-9],[30,-6],[10,-6],[-2,-8],[-5,-2],[18,-10],[-1,-14],[5,-13],[-10,-9],[16,-16],[6,3],[10,-4]],[[68559,28024],[14,-6],[3,-8],[9,-4],[-3,-1],[4,-5],[-2,-11],[5,-10],[-3,-4],[12,-10],[-14,-22],[-28,7],[-9,-27],[-77,-18],[-13,-8]],[[68457,27897],[-40,6],[-15,-6],[-104,-68],[-18,-4]],[[68280,27825],[-42,-2]],[[69172,28758],[-8,-5],[-11,-22],[-25,-20]],[[69128,28711],[-10,0],[-5,3],[-4,-2],[-3,4],[-9,-1],[-33,15],[-4,-1],[0,-6],[-12,6],[-30,4],[-10,-22],[-19,0],[0,3],[-17,-2],[6,6],[-19,4],[-31,2],[-7,4],[-5,-6]],[[68916,28722],[-34,4],[-12,11],[16,17],[8,25],[37,17],[50,37],[85,27],[20,22]],[[69086,28882],[13,-3],[8,1],[9,-7],[15,-4],[12,-13],[-6,-12],[35,7],[36,-6],[-19,-21],[-9,-28],[-11,-15],[-6,-20],[9,-3]],[[68837,28944],[-16,-9],[4,-2],[14,0],[247,-51]],[[68916,28722],[-13,-9],[-54,-8],[-13,2],[-3,4],[-24,-8],[0,-4],[-39,-4],[-5,-15],[-9,-3],[-5,6],[-17,-2],[0,-6],[-5,2],[-8,-3],[-4,4],[-49,-9],[6,-13],[-11,-10]],[[69128,28711],[-42,-14],[-15,-15],[-12,-6],[-23,-17],[-6,-10],[0,-19],[17,-4],[-5,-10],[4,-1],[-5,-5],[-15,9],[-18,-9],[5,-18],[-30,-2],[-35,-7],[17,-22],[-26,-6],[-6,-23],[5,-5],[9,1],[6,-8],[0,-9],[-10,-2],[2,-4],[11,0],[3,-5],[38,5],[-4,-9],[-27,-8],[-19,-2],[1,-4],[-12,-1],[6,-29]],[[68942,28452],[-71,3],[-2,-15],[-8,-8],[-32,-11],[-2,-4],[-17,-1],[-15,3],[-9,18],[-4,0],[-4,22],[-7,-2],[4,36],[-8,-3],[-13,3],[5,16],[-10,15],[7,5],[-40,9]],[[70453,28560],[-3,-5],[-33,-1],[1,3],[-5,5],[-6,-6],[-1,4],[-4,-2],[-5,2],[4,3],[-10,2],[-4,4],[7,2],[-15,4],[-14,-5]],[[70365,28570],[-33,23],[-23,25],[-17,25],[-38,12],[-15,1],[-18,16],[-18,6]],[[70203,28678],[-9,3],[-20,1],[-59,34],[-20,1],[-41,-8],[-4,17],[-45,16],[-18,-1],[7,50],[16,12],[6,16],[-17,-2],[-16,1],[-26,-6],[-21,-13],[-3,1],[-28,-12],[-10,8],[-36,-4],[-43,-11],[-3,-3],[-14,6],[-15,-17],[-13,4]],[[69771,28771],[-24,9],[-9,-1],[-20,11],[-53,20]],[[69665,28810],[48,6],[33,-7],[22,5],[24,16],[12,24],[-21,17],[-3,10],[-2,2],[-8,-2],[0,7],[-23,1],[2,4],[-9,4],[14,8],[2,-2],[17,0],[1,7],[26,22],[18,35]],[[69818,28967],[50,4],[42,6],[6,0],[1,-3],[99,12],[6,-24],[8,-15],[84,12],[8,-8],[45,12],[58,-1],[-6,10],[19,2]],[[69556,29324],[-18,-31],[9,-19],[-7,-30],[8,-25],[-8,-7],[7,-9],[-3,-35],[8,-3],[4,-11],[10,-6],[7,-18],[29,-31],[-11,-8],[4,0]],[[69595,29091],[-10,-17],[-36,-14],[-25,0],[-2,7],[-12,1],[0,4],[-9,1]],[[69501,29073],[-77,-10],[-15,-8],[-29,-9],[-35,1],[-38,8],[-13,0],[-18,-12],[-9,7],[-22,6],[-9,7],[2,15],[-11,13],[-17,9],[-5,0],[-5,-5],[-9,1],[-3,-4],[-8,10],[-9,-4],[-9,1],[-4,5],[-4,-2],[-6,2],[-8,6],[-19,-1],[-3,8],[3,4],[-6,2],[1,-5],[-6,-1],[-12,7],[-3,-4],[-11,-2],[-36,7],[-4,-5],[-6,-1],[-8,11],[-26,-4],[-3,5],[-11,2],[-5,11],[-9,-1],[-17,4],[-7,8],[-7,-3],[-7,0],[-6,-12],[-40,4],[-7,-11],[-8,1],[-4,-7],[-13,-1],[-9,2],[-12,-18],[-23,-13],[-5,2],[-2,-3],[-9,1],[-12,3],[-1,-4],[-14,-5]],[[68942,28452],[35,5],[4,-21],[25,2],[-4,-18],[10,-28],[-5,-1],[-1,-9],[6,-26]],[[68904,28202],[-19,-14],[-17,2],[-19,25],[7,2],[-4,5],[-10,0],[-24,-8],[3,-4],[-18,-5],[-53,0],[-12,-3],[-3,4],[-30,-4],[0,-8],[-10,-1],[4,-8],[-5,-1],[21,-34],[-9,-1],[-15,-14],[-10,-16],[1,-7],[-54,-3],[-30,-13],[-10,1],[0,-28],[16,-27],[-23,-5],[4,-7],[-26,-6]],[[69501,29073],[-67,-48],[-37,-35],[-39,-55],[11,-4]],[[69369,28931],[-19,-21],[76,10],[7,-25],[9,0],[-2,-10],[-24,1],[-7,-40],[-14,-4],[-14,-8],[12,-34],[-7,-6]],[[69386,28794],[-18,-4],[-3,4],[-34,-7],[-36,-19],[-23,-7],[-49,9],[-42,-8],[-9,-4]],[[70365,28570],[-39,-12],[-18,20],[-25,16],[-26,-10],[-17,6],[-12,-1],[-60,-28],[-10,0],[8,-8],[-16,-5],[-9,3],[-6,10],[-13,-11],[7,-9],[0,-25],[-11,2],[-3,-2],[-36,13],[-26,20],[-20,24]],[[70033,28573],[23,9],[-4,5],[11,-1],[52,11],[-24,14],[-6,16],[2,6],[52,26],[36,8],[28,11]],[[70033,28573],[-13,11],[-19,10],[-61,19],[-20,21],[23,24],[-21,2],[-20,-2],[-44,22],[0,4],[-7,-2]],[[69851,28682],[-41,27],[-26,24],[-28,-10],[-6,3],[16,6],[-17,10],[7,3],[-7,9],[22,17]],[[69818,28967],[19,44],[58,11],[5,5],[-14,4],[-9,10],[-8,3],[6,6],[-49,22],[-15,13],[-18,0],[-21,6],[-17,-1]],[[69755,29090],[0,4],[11,1],[30,-1],[49,15],[12,10],[3,9],[-7,28],[-20,26],[-15,7]],[[69818,29189],[-3,4],[39,8],[0,-5],[29,4],[1,3],[25,-6],[3,2],[8,-3],[-10,-9],[14,0],[7,-10],[26,1],[-2,3],[74,0],[21,-6],[7,-21],[23,-6],[14,-1],[7,-4],[4,-8],[9,0],[0,-6],[18,0],[3,6],[26,2]],[[69569,28804],[26,7],[16,-3],[11,3],[28,-3],[15,2]],[[69851,28682],[-22,-11],[-14,-11],[-9,8],[-16,1],[-6,-5],[-24,-6],[5,-9],[-26,-5],[-7,-22],[2,-23],[8,-20],[-7,-3],[-15,-21],[-20,-5],[-18,0],[-2,-9],[-15,-1],[-4,-12],[-30,-13],[-12,22],[-27,13],[-12,3],[4,15],[-33,4],[-35,9],[-34,-1],[-12,25],[-35,1],[0,2],[-31,-5],[-9,-19],[0,-34],[-37,-38],[12,2],[10,-12],[16,-10],[10,-18],[18,-13],[10,-2],[17,-15],[46,-13],[-15,-26],[-9,-9],[12,-3],[11,-20],[-29,-8],[-14,-14],[-29,-11]],[[69386,28794],[30,13],[22,5],[56,-5],[75,-3]],[[69569,28804],[18,29],[32,23],[-2,1],[10,19],[0,13],[-5,21],[-7,0],[-1,-2],[-26,5],[-8,-2],[-14,11],[-14,51],[-25,0],[-17,9],[-15,4],[-37,-2],[-12,-6],[-17,-20],[-22,-8],[-16,-12],[-22,-7]],[[69595,29091],[26,2],[41,-1],[23,-7],[42,-4],[28,9]],[[70505,28547],[5,-2]],[[69818,29189],[-25,9],[-10,9],[-5,45],[-11,0],[-7,44],[-9,7],[-10,1],[-20,21]],[[72398,27885],[2,-14],[22,-35],[-4,-20],[7,-9],[-48,-11],[7,-9]],[[72384,27787],[-5,-1],[-4,5],[-48,-12],[-4,5],[-65,-15]],[[72258,27769],[-41,51],[-12,32],[3,4],[-16,6]],[[72192,27862],[0,5],[60,20]],[[72252,27887],[4,-2],[126,2],[16,-2]],[[74567,28254],[-29,-42],[-34,-37],[-14,4],[-27,-28],[-14,3],[-28,-12],[-9,12],[-47,-27],[-57,7],[-1,2],[-35,1],[-37,-7],[-27,22],[-40,-26],[-5,2],[-21,-14],[69,-31]],[[74211,28083],[-252,12],[-2,-4],[-5,0],[-3,-5],[-4,0],[-6,-9],[11,0],[-2,-11],[21,-2],[0,-11],[-28,-1],[-60,4],[0,13],[-34,-10],[-47,1],[-77,-6],[-30,0],[-21,4]],[[73672,28058],[186,152]],[[73858,28210],[405,333],[83,-19],[62,-27],[37,-4],[78,-51],[11,6],[61,-40],[-7,-6],[-18,-7],[-4,-22],[-8,-8],[-14,-2],[-3,-3],[-4,-12],[-6,-1],[-6,-10],[-5,0],[0,-11],[-4,-4],[-9,0],[-3,-3],[-8,1],[-12,-10],[-7,-1],[47,-20],[-17,-10],[26,-11],[30,-1],[-3,-7],[7,-6]],[[74211,28083],[58,-25],[-22,-17],[5,-17],[-43,0],[6,-17],[17,-23],[7,-6],[18,-5],[-7,-7],[-19,-37],[-13,-12]],[[74218,27917],[-86,-3],[-15,21],[-16,6],[-77,-17],[-73,-26],[-76,-13],[-23,2],[-10,-6],[-23,1],[-29,-7],[-7,-5],[-23,-5],[-21,0],[-11,-4],[-28,26],[-13,25],[-37,41],[-16,16],[-35,21]],[[73599,27990],[17,20],[56,48]],[[72351,27495],[56,-1],[21,-9],[10,-25],[45,-28],[32,-37],[-13,-3],[-52,-2],[25,-51],[-58,-11],[20,-29],[0,-33],[6,-2],[-2,-19],[6,-2],[0,-23],[13,0],[-2,-26],[13,6],[16,1],[45,-9],[40,-20],[15,-3],[5,-7],[7,3],[-2,-4],[3,-3],[8,-1],[5,4],[2,-4],[12,-6],[65,-17],[14,-16],[4,-13],[25,-6],[13,-8],[-25,-38],[-14,-1],[6,-38],[15,1],[16,-3],[21,-18],[37,-13],[17,-10],[89,42],[6,-7],[31,9],[18,-15],[41,15],[11,9],[6,-4],[9,11],[28,-13],[21,-18],[34,-12]],[[73115,26988],[-2,-55],[-13,-56],[10,-38]],[[71908,26751],[16,12],[-21,16],[-12,5],[-41,9],[-25,19],[-25,13]],[[71800,26825],[51,5],[-10,9],[51,19],[-6,20],[14,24],[-22,31],[-1,26],[3,1],[-5,23],[12,0],[-16,22],[3,1],[12,-6],[4,6],[15,-2],[1,4],[14,0],[3,2],[-7,3],[11,5],[1,3],[5,-1],[-1,5],[4,1],[5,-4],[5,6],[7,-5],[14,2],[2,-2],[7,1],[5,-5],[15,-1],[-8,29],[2,32],[8,11],[-1,4],[-29,-1],[-1,57],[-24,1],[-21,8],[-41,50],[16,7],[-16,19],[-25,3]],[[71856,27238],[-6,8],[45,37]],[[71895,27283],[15,-1],[28,20],[-21,6],[97,77],[39,-10],[6,13],[12,2],[5,16],[27,0],[12,4],[-5,18],[18,14],[23,8],[-28,23],[30,6],[3,12],[45,-3],[3,3],[22,4],[30,2],[-3,-3],[10,-8],[27,7],[3,-5],[58,7]],[[72132,27921],[25,-5],[-8,-17]],[[72149,27899],[-3,-6],[-9,2],[-3,-19],[-19,-5],[8,-9],[-19,-9],[16,-8],[-23,-5],[13,-12],[14,1],[1,-4],[17,4],[12,-11],[2,-11]],[[72156,27807],[-36,-5],[-29,0],[-43,-6],[7,-8],[4,0],[-15,-34],[0,-28],[8,-21],[15,-7],[8,-31]],[[72075,27667],[-3,3],[-35,10],[-96,40],[-3,-1]],[[73302,27892],[-3,-6],[3,-2],[21,-5],[29,-12],[10,9],[85,-41],[-191,-194],[-55,-242]],[[73201,27399],[-54,9],[-19,27],[-19,-7],[-28,0],[-16,-7],[-10,-2],[-9,-7],[-10,1],[-22,-11],[-24,-3],[-41,4],[-14,-3],[-13,12],[1,2],[-7,9],[-7,-2],[-5,7],[-5,1],[-27,-16],[-32,19],[-31,11],[-53,13],[-24,2],[14,23],[-29,8],[-18,8],[-46,41]],[[72653,27538],[26,13],[10,8],[16,48],[45,20],[29,7],[-7,7],[0,10],[23,64],[-2,17],[20,19],[7,12],[-3,8],[5,10],[-18,15],[-16,5],[3,4],[-10,8],[3,8],[-3,8]],[[72781,27829],[7,3],[7,-2],[5,9],[-1,7],[-18,22],[17,-3],[59,24],[71,21]],[[72928,27910],[34,10],[31,-10],[48,10],[17,1],[9,-3],[9,2],[20,0],[3,-4],[7,2],[15,-5],[13,0],[12,-6],[53,-12],[46,2],[57,-5]],[[74670,27586],[-36,19],[-20,24],[-11,5],[-22,19],[-15,8],[-17,21],[-51,35],[-13,13],[-11,0],[-9,-3],[-18,17],[2,3],[-31,12],[-10,24],[4,8],[37,34],[6,18],[-2,8],[-22,-3],[-16,-7],[-38,-11],[-5,7],[-19,-6],[-15,14],[-12,-1],[-14,10],[-7,-2],[-36,20],[-7,-5],[-32,11],[-5,-4],[-12,1]],[[74213,27875],[-5,7],[-9,0],[14,16],[5,19]],[[74567,28254],[7,-1],[-5,-7],[21,-9],[24,-5],[13,21],[44,43],[37,57],[13,0],[4,12],[19,0],[16,20],[6,-1],[14,6],[25,14],[12,-8],[5,-12],[24,-8],[25,-15],[13,-23],[10,-8],[5,-31],[29,2],[29,22],[-9,13],[5,10],[-5,29],[9,7],[15,1],[11,4],[-6,8],[4,18],[11,5],[24,1],[6,4],[11,-2],[16,7],[4,5],[10,2],[14,11],[19,3],[17,11],[12,1],[2,5],[9,3],[22,18]],[[74213,27875],[-6,-2],[5,-5],[0,-8],[-9,-2],[-9,-16],[7,-3],[-2,-10],[10,-3],[-14,-11],[8,-18],[-7,-9],[17,-9],[-10,-6],[0,-4],[7,-5],[-1,-4],[-6,-5],[-35,-12],[-34,-23],[-47,15],[-17,-25],[-20,-6],[-60,-6],[-17,-5],[-14,-13],[-20,-7],[6,-6],[-9,3],[-6,-3],[8,-6],[-12,1],[-1,-3],[-6,0],[-167,8],[-31,-14],[-49,-14],[-56,-7],[-16,-25],[-20,4],[-5,-8],[-14,3],[-7,-7],[-20,6],[-5,-6],[-11,-1],[-4,-26],[10,-13],[1,-6],[46,-4],[7,-8],[39,-13],[7,-1],[10,2],[16,-5],[15,-13],[-16,-10],[-12,-14],[-45,-25],[-31,-25],[20,-11],[-9,-6],[2,-2],[26,-13],[-27,-13],[-12,5],[-42,-11],[-24,2],[-26,14],[-22,0],[-50,5],[-43,-7],[-11,2],[-38,-7],[-38,-20],[-3,2],[-41,-25],[-36,-17]],[[73187,27335],[14,64]],[[73302,27892],[33,36],[23,8],[27,19],[13,5],[23,19]],[[73421,27979],[14,15],[19,-6],[23,-3],[1,-6],[24,4],[21,-8],[51,-9],[25,24]],[[73858,28210],[-40,31],[-13,6],[-11,10],[-38,25],[-63,36],[-102,47],[-8,10],[1,13]],[[72384,27787],[28,-36],[24,4],[16,-21],[12,2],[18,13],[-3,4],[24,4]],[[72503,27757],[-37,-59],[-18,-18],[-34,-21],[-96,-39],[0,-4],[8,-3]],[[72326,27613],[-16,3]],[[72310,27616],[-10,0],[-32,5],[-85,24],[-56,6]],[[72127,27651],[10,18],[11,45]],[[72148,27714],[52,4],[0,18],[15,0],[8,7],[18,-20],[48,7],[-14,16],[4,1],[-7,9],[-14,13]],[[72864,28060],[1,-10],[9,-12],[7,2],[2,-12],[12,1],[3,-8],[-4,-3],[2,-8],[-4,-4],[15,0],[4,-12],[-13,-24],[2,-19],[11,-23],[17,-18]],[[72781,27829],[-22,15],[-44,18],[-28,-7],[-131,-21],[-27,-10],[-12,0],[-3,-38],[-11,-29]],[[72398,27885],[-3,7],[-10,6],[-11,22],[1,18],[21,3],[-5,19],[6,0],[0,14],[-29,1],[-8,20],[2,5],[-5,2]],[[71764,27503],[-20,-7],[2,-17],[-8,-4],[7,-5],[-8,-5],[-1,-14],[-14,-10],[2,-6],[-10,-10],[-1,-6],[-8,-5],[9,-12],[22,-7],[-15,-21],[-3,-2],[1,-6],[4,-5],[5,1],[17,-10],[10,-9],[7,-3],[-3,-12],[7,-2],[6,3],[15,-3],[11,5],[17,-4],[11,3],[12,-3],[4,-6],[-5,-9],[7,-3],[0,-9],[15,2],[6,-5],[25,-6],[-1,-4],[6,-4]],[[71856,27238],[-42,-4],[-77,1],[6,-25],[-5,-17],[-17,-27],[19,-9],[-37,-42],[-17,10],[-31,-17],[-4,-12],[-48,10],[-23,10],[-14,21],[-11,10],[-47,19],[-52,-9],[-18,2],[-24,12],[-20,6],[6,10],[-25,-3],[-22,8],[-20,-5],[-31,-2],[3,-9],[-4,-1],[4,-10],[-1,-8],[4,1],[3,-4],[-6,-15],[6,-5],[-47,-14],[-11,-8],[8,-9],[-28,-12],[-8,-7],[-82,-46]],[[71143,27038],[-21,-25],[-28,5],[-54,-9],[-29,5],[-45,2],[-11,7],[-7,9],[-32,8],[-37,20]],[[72326,27613],[51,0],[86,-5],[91,-35],[67,-20],[32,-15]],[[73187,27335],[-24,-115],[-3,-37],[-24,-82],[-21,-113]],[[72351,27495],[-4,9],[-4,0],[-28,-4],[-2,25],[-7,13],[16,1],[-4,5],[-10,-2],[-16,39],[-9,10],[5,9],[22,16]],[[72252,27887],[16,11],[5,18],[-20,-2],[-19,7],[-13,14],[2,18],[12,3],[-17,10],[-19,26]],[[71800,26825],[-88,-3],[4,7],[-10,12],[3,11],[-48,8],[-54,23],[-82,4],[-12,3],[-37,21],[-18,2],[-25,15],[-40,8],[-10,4],[-7,11],[-58,22],[5,10],[-14,-1],[-14,5],[-2,6],[3,2],[-9,5],[-24,-5],[-4,3],[-1,-5],[-35,5],[-9,3],[6,4],[-15,1],[3,3],[-8,2],[-3,6],[-13,4],[-2,3],[-17,3],[-2,-2],[-13,7],[-7,0],[3,4],[-3,2]],[[72127,27651],[-45,17],[-7,-1]],[[72156,27807],[-4,-24],[9,-46],[-13,-23]],[[72149,27899],[7,-18],[18,-12],[18,-7]],[[73421,27979],[-49,16],[8,14],[36,29],[-24,6],[-26,13],[36,12],[36,5],[-9,4],[-16,17],[-3,15],[-27,-3],[-12,1],[-8,5],[-14,-1],[-46,-14],[-10,9],[-26,-3],[-8,8],[-7,1],[-20,-6],[-14,11],[-7,-2],[-24,12],[-3,-2],[-46,7]],[[69181,30688],[22,1],[7,-8],[28,-11]],[[69238,30670],[5,-4],[21,-4],[3,-14]],[[69267,30648],[7,-41],[6,-1],[0,-5],[-4,0],[3,-5],[5,1],[1,-9],[7,-1],[-3,-11],[8,-2],[-1,-2],[16,1],[-1,-2],[-14,-1],[3,-11],[-7,-1],[8,-3],[0,-4],[-39,-7]],[[69262,30544],[-8,14],[-14,-3],[-1,3],[-31,-5],[0,14],[-11,0],[-6,8],[-15,-4],[-15,4],[12,2],[-23,43],[-18,-3],[0,-4],[-32,3]],[[69100,30616],[7,24],[13,24],[25,27],[36,-3]],[[69100,30616],[0,-2],[-11,0],[-25,-6],[-5,-5],[1,-4],[-6,-3],[-39,-3],[-16,-7],[-6,5],[-20,-7],[-32,0],[-3,-10],[-59,-4]],[[68931,30690],[54,-1],[1,24],[15,21],[20,11],[48,17]],[[69069,30762],[8,-6],[4,0],[9,-9],[12,-1],[-2,-22],[14,-15],[6,-3],[10,1],[3,-7],[6,2],[11,-3],[5,1],[16,-8],[9,-1],[1,-3]],[[69735,30940],[6,-6],[-8,-18],[2,-16],[13,-11],[21,-28],[36,-20],[-7,-9]],[[69798,30832],[-31,1],[-51,-12],[-2,9],[-26,1],[1,4],[-6,-1],[1,10],[-17,-1],[-15,3],[-18,10],[-4,0],[0,-4],[-4,-2],[-8,0],[-2,-3],[-15,2],[3,3],[-14,0],[2,3],[-29,4],[-3,4],[-31,-2],[-2,5],[-13,0],[-1,-2],[-10,2],[-9,-1],[-4,-4],[-14,-1],[0,-4],[-15,-2],[2,-11],[-16,2],[2,-4],[-8,-1],[2,-5],[-4,-3],[-5,3],[-8,-3]],[[69426,30832],[-21,-15],[-16,32],[-23,21]],[[69366,30870],[17,3],[40,-12],[46,1],[0,2],[13,4],[17,37],[-9,9],[32,22],[43,20],[35,11],[10,-4],[34,-3]],[[69644,30960],[6,11],[48,6],[31,-3],[8,-12],[13,-2],[8,-5],[-2,-3],[-19,-3],[-2,-9]],[[69798,30832],[-2,-4],[10,-21],[16,-9],[-9,-32],[2,-8],[-6,-16],[5,-6],[-4,-7]],[[69715,30684],[-29,20],[-6,0],[-95,-19],[-8,-4],[-101,7],[-10,-6],[-32,0],[11,46],[-1,46]],[[69444,30774],[-6,54],[-12,4]],[[69227,30793],[17,-12],[2,-6],[18,-15],[-9,1],[-3,-4],[-6,1],[-11,-16],[12,-8],[15,-4]],[[69262,30730],[-12,-11],[-1,-5],[13,-18],[-7,-14],[-5,1],[-5,-7],[-4,2],[-3,-8]],[[69069,30762],[51,38],[8,9]],[[69128,30809],[23,-1],[24,-13],[36,-3],[16,1]],[[69036,31041],[153,-47],[32,-14],[37,-25],[50,-56],[36,-17]],[[69344,30882],[-28,-5],[-11,6],[-22,-11],[-26,-18],[2,-23],[28,1],[3,-5],[-7,-1],[4,-7],[-8,-2],[5,-9],[-3,-4],[-13,-3],[-41,-8]],[[69128,30809],[-50,13],[-66,9],[-70,21]],[[69458,30458],[-24,39],[-14,38],[-6,39],[2,36]],[[69416,30610],[26,-11],[20,-1],[1,4],[8,-1],[64,-10],[67,-2],[4,-8],[11,-1],[-1,-4],[19,-5],[-3,-3],[4,-8]],[[69236,30510],[9,0],[2,-3],[8,8],[-33,24],[40,5]],[[69267,30648],[37,-7],[31,-16],[26,0],[7,-8],[14,-4],[4,-5],[16,-1],[8,4],[6,-1]],[[69262,30730],[41,-19],[2,3],[-5,1],[1,9],[5,0],[-7,4],[39,2],[3,4],[-11,15],[41,4],[-10,20],[41,4],[0,-4],[30,4],[3,-4],[9,1]],[[70330,30826],[-24,-4],[-30,2],[-37,-7],[-33,6],[-28,-3],[-10,-11],[0,-18],[-8,0],[-10,12],[5,26],[-27,-2],[-2,-4],[-24,-1],[-9,-9],[-52,1],[-41,-6],[-4,5],[-19,1],[-1,10],[-29,-1],[0,12],[-30,0],[-6,6],[-40,16],[-10,20],[-2,5],[6,5],[-12,20],[4,2],[-6,19]],[[69851,30928],[0,4],[70,-13],[3,4],[30,1],[3,8],[20,0],[24,8],[11,8],[5,-4],[12,5],[20,14],[11,19],[48,-15],[2,-4],[60,-1],[-8,-40],[9,-16],[5,1],[11,-8],[26,-10],[18,-1],[8,-20],[43,-17]],[[69851,30928],[-16,0],[-1,12],[-17,-2],[-65,8],[-17,-6]],[[69644,30960],[-7,23],[-15,16],[9,29],[-1,7],[-18,16],[-7,22]],[[69366,30870],[-22,12]],[[72172,24563],[-3,-10],[-29,0],[-14,2],[-6,-17],[-31,4],[-6,-10],[-34,4],[-9,4],[-26,-3],[-2,-23],[-67,-3],[-3,-26],[-35,-1],[-1,-1],[-48,1],[-9,-28],[-21,-1]],[[71828,24455],[-16,6],[9,44]],[[71821,24505],[3,17],[-4,15],[-31,42],[4,40],[21,33],[55,1],[-1,12],[-6,-1],[1,6],[4,0],[0,7],[21,4],[5,17]],[[71893,24698],[53,-18],[3,2],[10,1],[12,-3],[16,-11],[45,-8],[1,-6],[13,2],[19,-17],[20,-6],[-4,-6],[7,-3],[18,-2],[8,4],[-2,7],[6,2],[16,3],[5,-4],[1,2],[7,1]],[[71850,24887],[-17,-4],[-76,8],[-26,-12],[0,-5],[-13,-8],[-9,6],[-40,5]],[[71669,24877],[-23,69],[-3,26]],[[71643,24972],[28,-9],[4,6],[12,-4],[26,26],[-5,6],[9,4],[-1,-4],[9,-1],[8,-12],[-4,-4],[7,-3],[8,3],[5,-3],[2,-7],[19,-4],[2,2],[43,-12],[-13,-14],[6,-2],[-9,-7],[9,-3],[2,3],[13,-5]],[[71643,24972],[-1,38],[20,39],[-15,22],[3,12]],[[71828,24455],[11,-2],[41,-28],[80,-38],[25,-17],[28,0],[7,-4],[15,0],[-1,3],[15,-2],[4,-4],[14,-3],[0,-5],[57,3]],[[71265,24459],[10,7],[-29,10],[40,29],[15,16]],[[71301,24521],[69,55],[10,0],[4,-4],[38,4],[4,-9],[-5,-7],[22,-29],[5,0],[26,16],[16,-13],[12,-16],[22,-8],[12,8],[12,0],[14,-8],[19,22],[34,-12],[33,24]],[[71648,24544],[4,-2],[29,41],[22,-1],[46,-8],[6,-2],[-16,-21],[-5,-13],[43,-14],[8,-5],[6,-12],[30,-2]],[[71810,24800],[0,-10],[-6,-1],[-2,-6],[-12,-3],[0,-6],[-8,-2],[-4,-7],[-8,1],[-5,6],[-10,-4],[-30,0],[-4,-11],[-11,1],[-4,-5],[-8,0],[-9,-4],[5,-8],[-10,-8],[5,-7],[-24,-17]],[[71665,24709],[-18,-6],[-24,-26]],[[71623,24677],[-43,8],[-8,-10],[-51,22],[-17,14],[-20,5],[-20,10],[-9,10],[-28,-10],[-6,3],[-13,-27],[-7,8],[-25,13],[-28,22],[6,20],[17,26],[-15,4],[-26,15],[4,2],[-12,22]],[[71322,24834],[19,16],[24,-11],[11,7],[20,5],[64,6],[15,9],[9,1],[12,-6],[21,2],[29,11],[14,2],[27,-5],[3,8]],[[71590,24879],[79,-2]],[[70688,24544],[-6,-2],[21,-24],[12,-33],[-89,-19],[-20,-16],[-9,-2],[-19,-1],[-10,-4],[-32,10],[-12,-2],[-14,-9],[-2,-8],[6,-7],[-22,-16],[26,-14],[13,-13],[18,-7],[5,0],[23,14],[21,-14],[5,2],[27,-16],[15,7],[5,-4],[12,1],[13,-7],[8,3],[14,-7],[17,5],[42,-21],[2,5],[24,13],[6,-7],[-3,-10],[15,6],[17,-10],[8,4],[8,-11],[11,-7],[67,-21],[-2,-3],[17,-8],[-6,-6],[13,-3],[-3,-5],[30,-10],[18,1],[6,4],[7,-3]],[[70340,23975],[167,-60],[18,-10]],[[70922,25005],[11,-14],[16,5],[32,-20],[39,21]],[[71020,24997],[57,-24],[23,-20],[16,-9],[-1,-7],[47,-53],[26,-48],[13,-11],[-4,-14],[20,17],[36,5]],[[71253,24833],[-2,-3],[14,-20],[-10,-28],[-2,-31],[22,-34],[31,-21],[12,-20],[-4,-14],[-12,-7],[-4,-18],[4,-26],[16,-22],[-16,-14],[-2,-22],[-5,-7],[-37,-14]],[[71258,24532],[-9,-2],[-8,3],[-20,18],[-24,4],[-16,17],[-7,3],[-17,-4],[-42,-4],[-27,4],[-18,6],[7,9],[-11,3],[9,7],[-12,2],[4,8],[11,1],[-4,15],[4,10],[-19,-2],[-9,-6],[-3,-6],[-13,2],[-9,-2],[-5,1],[-3,-3],[-17,1],[-10,-5],[-14,1],[1,-5],[-10,-2],[-8,14],[-47,10],[-15,2],[-2,-6],[-16,-2]],[[71258,24532],[7,-5],[36,-6]],[[71893,24698],[-16,-1],[-19,5],[-13,6],[-14,-4],[-23,4],[-45,-6],[-13,-14],[-22,8],[-20,-3],[-24,2],[-6,6],[-12,4],[-1,4]],[[71392,25190],[-19,10],[22,20],[-35,17],[16,9],[-27,12],[5,11],[-37,13],[6,2],[-3,11]],[[71500,25432],[14,-15],[11,-7],[68,-14],[32,-14],[-15,-12],[-29,-7],[-6,-11],[3,-2],[0,-8],[-9,-16],[-5,-3],[-12,-1],[-39,-20],[7,-5],[-14,-8],[6,-3],[10,3],[12,-11],[6,0],[-6,-15],[21,-7],[-1,-5]],[[71490,25136],[-66,-5],[19,-25],[-57,-6],[-22,2],[-64,-22],[-67,-36],[-92,-17],[-97,-22],[-24,-8]],[[71530,25123],[-1,-8],[-6,-1],[0,-3],[-12,1],[-8,-3],[-1,-4],[-10,1],[-3,-5],[-11,-1],[-3,-23],[14,-13],[13,-1],[12,-17],[-13,-3],[7,-11],[-7,-2],[66,-88],[13,-27],[10,-36]],[[71322,24834],[-5,7],[-40,-3],[-24,-5]],[[71623,24677],[8,-6],[1,-6],[19,-8],[0,-16],[-9,-11],[-14,-3],[-6,-10],[-19,-4],[-1,-4],[46,-65]],[[72491,31483],[23,15],[-53,6],[2,-11],[-35,2],[-68,17],[-11,9],[-30,7]],[[71907,31733],[-4,-23],[6,-7],[18,-8],[-2,-10],[19,-11],[12,-17],[1,-8],[40,-2],[29,5],[14,-1],[31,5],[32,10],[13,-3],[8,-16],[7,-30],[-21,-4],[-44,-2],[-31,-21]],[[72135,31897],[-24,-2],[3,-7],[-9,-5],[-14,5],[-20,0],[-11,-20],[18,-7],[0,-8],[-14,-7],[-2,-7],[-6,-1],[1,-16],[12,-5],[44,6],[4,-13],[11,-11],[-2,-14],[6,-36],[-61,-6],[-3,-4],[-37,-4],[-25,1],[-99,31],[-6,-11],[10,-9],[-4,-14]],[[68803,27820],[-4,-7],[9,-4],[-11,-12],[37,-21],[37,-14],[-53,-36],[-35,-10],[-17,-10],[-18,-19]],[[68748,27687],[-27,-13],[-20,-5],[-24,-21]],[[68677,27648],[-43,39],[-27,11],[-23,21],[-26,-10],[-8,8],[-6,-2],[-4,4],[-24,-4],[-17,5],[-14,-1],[-13,5],[-14,9],[-13,4]],[[68445,27737],[55,49],[19,6],[4,4]],[[68523,27796],[66,5],[53,-3],[54,3],[2,2],[47,1],[25,4],[26,14]],[[68796,27822],[7,-2]],[[68972,28109],[-29,-8],[-60,-31],[-41,-13],[-23,-12],[-34,-44],[-53,-35],[-24,-27],[-24,-18],[-18,-34],[-15,-10],[-29,-10]],[[68622,27867],[-73,11],[-95,17],[3,2]],[[69168,27767],[30,-1],[11,-4],[4,-20],[17,-18],[1,-21]],[[69231,27703],[8,-8],[39,-21],[8,-9],[0,-11],[8,-5],[75,-8],[22,-9],[22,3],[29,-6],[42,4],[16,-2],[11,-5],[-2,-16],[10,-7],[56,1],[20,3]],[[69528,27479],[-74,29],[-24,7],[-22,13],[-21,9],[-31,27],[-64,-16],[-79,-15],[-101,-6]],[[69112,27527],[-9,15],[4,5],[-9,5],[3,3],[-15,12],[-9,18],[-8,-1],[-6,17],[-55,68]],[[69008,27669],[13,38],[4,34],[-3,17],[-13,22]],[[69009,27780],[40,-8],[25,-1],[44,-9],[50,5]],[[69417,27373],[-2,4],[-11,-1],[-3,6],[-26,-4],[-1,8],[-8,2],[-29,-3],[-5,5],[1,16],[-18,1],[2,9],[-20,0],[-35,5],[-25,13],[-13,-6],[-10,17],[-20,16],[-10,-2],[-9,4],[-18,-5],[-4,4],[-45,7],[-26,-2]],[[69082,27467],[-10,26],[10,12],[19,16],[7,0],[4,6]],[[69008,27669],[-20,-32]],[[68988,27637],[-7,3],[0,4],[-23,6],[1,2],[-27,11],[-28,-16],[-20,6],[-8,7],[-13,24],[-60,-9],[-21,-1],[-6,16],[-28,-3]],[[68803,27820],[33,-7],[36,-13],[11,-1],[15,3],[7,6],[5,-3],[11,8],[18,-2],[14,3],[9,10],[18,3]],[[68980,27827],[29,-47]],[[68776,27502],[-134,-67]],[[68438,27488],[49,18],[36,33],[-27,5],[1,4],[-23,6],[17,20],[-15,6],[16,21],[18,9],[13,3],[10,0],[-5,6],[5,2],[17,-6],[17,4],[-3,-3],[11,-14],[-2,-7],[6,-1],[4,5],[5,0],[7,5],[2,6],[51,19],[29,19]],[[68677,27648],[45,-22],[26,-8],[-1,-20],[16,-3],[-14,-26],[3,0],[-3,-16],[6,0],[-1,-6],[14,0],[-5,-33],[8,-3],[-4,-3],[9,-6]],[[69466,27888],[-11,-18],[-7,-50],[-42,-45],[-8,-41],[-36,-1],[-45,-6],[-86,-24]],[[69168,27767],[2,4],[-10,3],[7,10],[-3,6],[11,11],[10,4],[1,-2],[19,-3],[22,24],[-2,4],[-9,3],[5,9],[6,-2],[5,3],[4,-3],[12,5],[7,-2],[8,6],[-18,6],[12,10],[15,-4],[8,11],[-6,1],[-1,4],[14,-2],[12,7],[15,4]],[[69314,27884],[11,1],[6,-3],[43,9],[15,-2],[41,3]],[[69080,28045],[-5,-9],[8,-13],[6,-4],[29,-7],[35,-1],[1,-2],[27,-1],[-3,-15],[11,-8],[12,1],[6,-17],[27,5],[-4,5],[8,4],[-5,1],[0,8],[16,5],[19,-11],[55,-34],[-19,-7],[-1,-3],[13,-37]],[[69316,27905],[-165,14],[-56,2],[-22,9],[-16,2],[-41,-4],[-17,3],[-23,-13],[-13,-2]],[[68963,27916],[9,34],[35,63],[14,43]],[[69316,27905],[-2,-21]],[[68980,27827],[-17,45],[0,44]],[[68977,27356],[49,41],[-5,32],[22,14],[4,8],[-3,10],[38,6]],[[68796,27822],[-75,17],[-99,28]],[[68194,27611],[73,-3],[23,3],[22,7],[22,16],[111,103]],[[68523,27796],[-83,-8],[-88,7],[-8,-1],[-64,31]],[[68988,27637],[-26,-29],[-39,-30],[-33,-20],[-114,-56]],[[70778,28513],[94,-21],[41,-13],[-36,-6],[4,-13],[-5,-18],[-17,-10],[-20,-2],[-6,-9],[-38,-6],[6,-8],[-14,-11],[5,-18],[13,1],[16,-5],[42,-1],[15,2],[16,12],[28,10]],[[70922,28397],[38,-29],[11,2],[38,-24],[14,-22],[6,0],[9,-32],[-21,-40],[-26,-25],[-30,-21],[5,-2],[71,8],[7,-15],[8,-7],[63,29],[36,-43]],[[71092,28086],[-42,-16],[-21,-11],[-5,-6],[-16,-4],[-19,-12]],[[70989,28037],[-50,-4],[-8,-9],[-15,0],[-19,-13],[-51,-7],[-20,-8],[5,-7],[-15,-1],[-2,4],[-51,-19]],[[70521,28542],[15,10],[7,-1],[6,5],[30,-9],[199,-34]],[[70989,27862],[3,20],[-4,0],[-1,13],[4,4],[-12,25],[9,23],[-9,9],[-20,4]],[[70959,27960],[104,92],[-74,-15]],[[70838,28535],[14,-1],[-14,-9],[-44,9],[-11,-8],[-5,-13]],[[71049,28456],[7,-6],[3,-14],[14,-12],[-2,-13],[4,-9],[-41,-6],[-9,6],[0,9],[-4,1],[-34,-5],[-25,0],[-20,-7],[-20,-3]],[[70959,27960],[-10,5],[-23,-11],[-31,-22],[-48,-18],[-10,-14]]],"bbox":[-8.64970957224644,49.8647926358421,1.76323286743115,60.8607658077002],"transform":{"scale":[0.00010413046570143291,0.00010996083132689424],"translate":[-8.64970957224644,49.8647926358421]}}