parl_const,parl_const_name,All Premises,All Matched Premises,SFBB availability (% premises),UFBB (100Mbit/s) availability (% premises),UFBB availability (% premises),Full Fibre availability (% premises),Gigabit availability (% premises),% of premises unable to receive 2Mbit/s,% of premises unable to receive 5Mbit/s,% of premises unable to receive 10Mbit/s,% of premises unable to receive 30Mbit/s,% of premises below the USO,% of premises with NGA,% of premises able to receive decent broadband from FWA,Number of premises with SFBB availability,Number of premises with UFBB (100Mbit/s) availability,Number of premises with UFBB availability,Number of premises with Full Fibre availability,Number of premises with Gigabit availability,Number of premises unable to receive 2Mbit/s,Number of premises unable to receive 5Mbit/s,Number of premises unable to receive 10Mbit/s,Number of premises unable to receive 30Mbit/s,Number of premises below the USO,Number of premises with NGA,Number of premises able to receive decent broadband from FWA,% of premises with 30<300Mbit/s download speed,% of premises with >=300Mbit/s download speed,% of premises with 0<2Mbit/s download speed,% of premises with 2<5Mbit/s download speed,% of premises with 5<10Mbit/s download speed,% of premises with 10<30Mbit/s download speed,Number of premises with 30<300Mbit/s download speed,Number of premises with >=300Mbit/s download speed,Number of premises with 0<2Mbit/s download speed,Number of premises with 2<5Mbit/s download speed,Number of premises with 5<10Mbit/s download speed,Number of premises with 10<30Mbit/s download speed
W07000081,Aberafan Maesteg,45434,45395,98.6,89.4,89.4,82,89.4,0.1,0.2,0.2,1.3,0,99.5,22.4,44815,40604,40604,37235,40604,43,79,106,580,19,45205,10189,9.3,89.4,0.1,0.1,0.1,1,4211,40604,43,36,27,474
S14000060,Aberdeen North,63261,63223,98.6,94.9,94.6,94.3,94.3,0,0.1,0.2,1.4,0,98.9,0,62347,60042,59869,59648,59648,23,62,101,876,8,62582,0,3.9,94.6,0,0.1,0.1,1.2,2478,59869,23,39,39,775
S14000061,Aberdeen South,68670,68611,98.1,90.1,89.9,89.4,89.4,0,0.1,0.2,1.8,0.1,98.9,0,67386,61859,61743,61413,61413,30,86,116,1225,36,67925,0,8.2,89.9,0,0.1,0,1.6,5643,61743,30,56,30,1109
S14000062,Aberdeenshire North and Moray East,52133,52055,91.4,43.9,43.9,43.9,43.9,1.2,2.6,4.6,8.4,0.9,97.7,0,47669,22902,22902,22902,22902,640,1381,2408,4386,481,50908,0,47.5,43.9,1.2,1.4,2,3.8,24767,22902,640,741,1027,1978
S14000063,Airdrie and Shotts,45569,45523,98.3,92.6,92.6,80.3,92.6,0,0.2,0.4,1.6,0.1,99.4,0,44795,42192,42192,36590,42192,14,85,167,728,56,45297,0,5.7,92.6,0,0.2,0.2,1.2,2603,42192,14,71,82,561
E14001063,Aldershot,52514,52491,98.6,94.4,94.4,86.2,94.4,0,0.5,1,1.3,0,98.8,0,51794,49566,49566,45260,49566,18,284,532,697,9,51907,0,4.2,94.4,0,0.5,0.5,0.3,2228,49566,18,266,248,165
E14001064,Aldridge-Brownhills,40792,40762,99,94.3,93.7,88.6,93.3,0,0,0.2,0.9,0,99.5,0,40386,38468,38211,36141,38065,1,9,94,376,2,40572,0,5.3,93.7,0,0,0.2,0.7,2175,38211,1,8,85,282
S14000064,Alloa and Grangemouth,47579,47560,99.1,92.7,92.1,77.7,91.8,0,0.1,0.2,0.8,0,99.7,0,47161,44091,43832,36989,43693,8,38,76,399,12,47445,0,7,92.1,0,0.1,0.1,0.7,3329,43832,8,30,38,323
E14001065,Altrincham and Sale West,45695,45673,99,95,94.1,91.3,92.8,0,0.1,0.2,1,0,99.4,0.5,45221,43418,43012,41721,42411,13,40,78,452,0,45435,248,4.8,94.1,0,0.1,0.1,0.8,2209,43012,13,27,38,374
W07000082,Alyn and Deeside,49699,49611,98.2,92.5,91.7,91.4,91.4,0.2,0.5,1,1.7,0.1,99,34.3,48790,45965,45586,45419,45419,89,244,487,821,43,49190,17038,6.4,91.7,0.2,0.3,0.5,0.7,3204,45586,89,155,243,334
E14001066,Amber Valley,46056,45989,98.6,91.5,91.5,91.5,91.5,0,0.1,0.2,1.2,0.1,99.7,0,45417,42148,42143,42139,42141,12,46,83,572,27,45913,0,7.1,91.5,0,0.1,0.1,1.1,3274,42143,12,34,37,489
S14000065,Angus and Perthshire Glens,56125,55885,87.6,39.2,39.2,39.2,39.2,1.1,3.2,6.2,12,1.6,94.5,0,49162,22000,22000,21998,22000,640,1814,3491,6723,887,53011,2,48.4,39.2,1.1,2.1,3,5.8,27162,22000,640,1174,1677,3232
S14000066,Arbroath and Broughty Ferry,51447,51370,94.9,78.3,78.1,59.9,78,0.5,1.2,2.4,4.9,0.4,98.5,0,48826,40292,40182,30827,40114,246,606,1237,2544,222,50677,0,16.8,78.1,0.5,0.7,1.2,2.5,8644,40182,246,360,631,1307
S14000067,"Argyll, Bute and South Lochaber",61558,60807,86.5,20.8,20.8,20.8,20.8,2.6,4.1,6.4,12.3,2.4,93.5,0,53232,12809,12809,12808,12809,1577,2538,3919,7575,1455,57528,3,65.7,20.8,2.6,1.6,2.2,5.9,40423,12809,1577,961,1381,3656
E14001067,Arundel and South Downs,48811,48750,93.7,49.9,49.6,49.3,49.3,0.4,0.9,1.7,6.1,0.5,99.4,0,45752,24362,24202,24040,24040,202,452,852,2998,239,48499,0,44.1,49.6,0.4,0.5,0.8,4.4,21550,24202,202,250,400,2146
E14001068,Ashfield,46127,46105,99.1,93.7,93.7,61.9,93.7,0,0.3,0.3,0.9,0,99.7,0,45692,43233,43215,28553,43210,19,132,157,413,4,45985,1,5.4,93.7,0,0.2,0.1,0.6,2477,43215,19,113,25,256
E14001069,Ashford,47983,47950,96.3,85.5,84.7,76.6,84.1,0.3,0.8,1.4,3.6,0.2,98.3,57,46224,41045,40646,36758,40347,134,403,669,1726,74,47159,27335,11.6,84.7,0.3,0.6,0.6,2.2,5578,40646,134,269,266,1057
E14001070,Ashton-under-Lyne,50084,49876,99.1,96.1,95.9,91,95.7,0,0,0,0.5,0.1,99.5,0,49634,48154,48035,45596,47941,0,7,22,242,46,49835,0,3.2,95.9,0,0,0,0.4,1599,48035,0,7,15,220
E14001071,Aylesbury,50473,50342,97.2,87.5,85.6,74,83.8,0.3,0.7,0.9,2.5,0.1,98.5,0,49083,44146,43189,37337,42290,159,355,442,1259,35,49726,0,11.7,85.6,0.3,0.4,0.2,1.6,5894,43189,159,196,87,817
S14000107,"Ayr, Carrick and Cumnock",49296,49269,98.6,70.8,69.5,59.5,68.6,0.1,0.2,0.4,1.3,0.1,99.6,0,48606,34888,34245,29315,33804,59,120,216,663,63,49119,16,29.1,69.5,0.1,0.1,0.2,0.9,14361,34245,59,61,96,447
E14001072,Banbury,48761,48706,98.8,91.1,89.8,88.7,88.7,0,0.1,0.2,1.1,0,99.5,0.9,48191,44403,43804,43265,43270,12,45,113,515,16,48540,424,9,89.8,0,0.1,0.1,0.8,4387,43804,12,33,68,402
W07000083,Bangor Aberconwy,48049,47965,94,74.4,73.2,72.4,72.4,0.9,1.9,3.2,5.9,0.9,96.9,36.3,45147,35765,35189,34770,34770,447,906,1549,2818,453,46542,17435,20.7,73.2,0.9,1,1.3,2.6,9958,35189,447,459,643,1269
E14001073,Barking,53021,52998,99.4,95.7,95.7,91.4,95.7,0,0.1,0.1,0.5,0,99.5,0,52729,50745,50745,48479,50745,3,34,71,269,8,52731,0,3.7,95.7,0,0.1,0.1,0.4,1984,50745,3,31,37,198
E14001074,Barnsley North,51827,51776,99,89.6,88,83,86.8,0,0.1,0.2,0.9,0,99.3,49.4,51330,46441,45607,43031,45000,4,61,112,446,1,51465,25588,11,88,0,0.1,0.1,0.6,5723,45607,4,57,51,334
E14001075,Barnsley South,51657,51622,99.3,91.6,90.9,81.5,90.4,0,0.1,0.2,0.7,0,99.6,25.6,51271,47328,46956,42115,46707,11,33,91,351,2,51436,13250,8.4,90.9,0,0,0.1,0.5,4315,46956,11,22,58,260
E14001076,Barrow and Furness,52639,52582,97.4,83.2,83.2,83.2,83.2,0.3,0.5,0.8,2.4,0.3,99.6,10.4,51296,43787,43787,43787,43787,141,265,416,1286,175,52413,5449,14.3,83.2,0.3,0.2,0.3,1.7,7509,43787,141,124,151,870
E14001077,Basildon and Billericay,48632,48611,99,92.9,92.6,80.3,92.3,0,0.1,0.3,0.9,0,99.6,0,48163,45159,45022,39030,44895,17,69,149,448,2,48414,0,6.5,92.6,0,0.1,0.2,0.6,3141,45022,17,52,80,299
E14001078,Basingstoke,51052,51011,98.8,89.3,89.3,68.8,89.3,0,0.2,0.4,1.1,0,99,0,50457,45585,45583,35127,45585,3,79,179,554,3,50557,0,9.5,89.3,0,0.1,0.2,0.7,4874,45583,3,76,100,375
E14001079,Bassetlaw,54338,54229,97.6,82.9,82.5,78.3,82.1,0.3,0.6,0.8,2.2,0.1,99.3,39,53045,45042,44835,42546,44610,181,315,451,1184,50,53983,21185,15.1,82.5,0.3,0.2,0.3,1.3,8210,44835,181,134,136,733
E14001080,Bath,49640,49499,95.5,79.5,75.7,62,72.2,0,0.2,0.4,4.2,0.1,96.4,0,47407,39449,37602,30797,35858,23,102,175,2092,31,47839,0,19.8,75.7,0,0.2,0.1,3.9,9805,37602,23,79,73,1917
S14000068,Bathgate and Linlithgow,47936,47917,99,90.8,90.6,75.3,90.4,0.1,0.2,0.2,0.9,0.1,99.7,0,47474,43524,43427,36089,43333,35,87,117,443,29,47814,0,8.4,90.6,0.1,0.1,0.1,0.7,4047,43427,35,52,30,326
E14001081,Battersea,63849,63702,98.3,96.8,93.7,82,91.5,0,0,0.1,1.4,0,98.3,0,62777,61825,59829,52370,58400,0,0,63,925,0,62777,0,4.6,93.7,0,0,0.1,1.4,2948,59829,0,0,63,862
E14001082,Beaconsfield,44225,44184,96.6,80,78.9,67.1,78.1,0,0.2,1.2,3.3,0.1,98.5,0,42717,35398,34897,29668,34538,19,95,531,1467,47,43578,0,17.7,78.9,0,0.2,1,2.1,7820,34897,19,76,436,936
E14001083,Beckenham and Penge,51094,51071,98.8,90.7,90.1,36.3,89.4,0,0,0,1.1,0,98.9,0,50500,46321,46037,18550,45678,0,0,6,571,0,50538,0,8.7,90.1,0,0,0,1.1,4463,46037,0,0,6,565
E14001084,Bedford,49845,49779,98.4,93.8,92.7,70.4,91.4,0,0.1,0.2,1.5,0,98.5,0,49031,46760,46192,35076,45539,9,46,110,748,1,49102,0,5.7,92.7,0,0.1,0.1,1.3,2839,46192,9,37,64,638
N05000001,Belfast East,53283,53277,99.3,96.4,96.4,93.6,96.4,0.1,0.2,0.3,0.7,0,99.4,0,52917,51346,51346,49886,51346,40,83,144,360,6,52951,0,2.9,96.4,0.1,0.1,0.1,0.4,1571,51346,40,43,61,216
N05000002,Belfast North,52796,52791,99,96.2,96.2,93.6,96.2,0,0,0.5,1,0,99,0,52247,50767,50766,49434,50767,2,10,289,544,0,52271,0,2.8,96.2,0,0,0.5,0.5,1481,50766,2,8,279,255
N05000003,Belfast South and Mid Down,60394,60376,98.5,95,95,90.1,95,0,0,0.2,1.5,0,98.6,0,59479,57353,57352,54419,57353,2,18,95,897,9,59548,0,3.5,95,0,0,0.1,1.3,2127,57352,2,16,77,802
N05000004,Belfast West,48318,48316,99.8,95.3,95.3,93.2,95.3,0,0.1,0.1,0.2,0,99.8,0,48205,46026,46026,45014,46026,0,29,48,111,0,48225,0,4.5,95.3,0,0.1,0,0.1,2179,46026,0,29,19,63
E14001085,Bermondsey and Old Southwark,62598,62299,95.3,89.3,89.3,84.4,89.3,0,0,0,4.2,0,95.3,0,59645,55873,55871,52815,55873,0,0,0,2654,5,59645,0,6,89.3,0,0,0,4.2,3774,55871,0,0,0,2654
S14000108,"Berwickshire, Roxburgh and Selkirk",55385,55260,97.5,70.5,69.8,69.3,69.3,0.2,0.5,0.8,2.2,0.4,98.7,1.8,54018,39062,38647,38365,38365,91,255,456,1242,217,54653,986,27.8,69.8,0.2,0.3,0.4,1.4,15371,38647,91,164,201,786
E14001086,Bethnal Green and Stepney,61028,59908,92.8,81.2,80.3,73.7,80.7,0,0,0.2,5.4,0,92.8,0,56628,49584,49028,45001,49221,0,0,102,3280,0,56633,0,12.5,80.3,0,0,0.2,5.2,7600,49028,0,0,102,3178
E14001087,Beverley and Holderness,45554,45350,97.6,86.6,86.6,86.6,86.6,0.3,0.6,0.9,2,0.2,99,15.5,44447,39430,39430,39430,39430,117,268,410,903,76,45094,7073,11,86.6,0.3,0.3,0.3,1.1,5017,39430,117,151,142,493
E14001088,Bexhill and Battle,46919,46795,97,67.8,67.8,67.8,67.8,0,0.2,0.4,2.8,0.1,99.5,0,45495,31825,31825,31825,31825,23,93,197,1300,51,46666,0,29.1,67.8,0,0.1,0.2,2.4,13670,31825,23,70,104,1103
E14001089,Bexleyheath and Crayford,42238,42225,99.2,95.2,95.2,88.8,95.2,0,0,0.2,0.7,0,99.3,0,41918,40196,40196,37495,40196,0,3,101,307,0,41950,0,4.1,95.2,0,0,0.2,0.5,1722,40196,0,3,98,206
E14001090,Bicester and Woodstock,48091,47990,97.4,88.8,87.3,67.8,86.1,0.8,1,1.4,2.4,0.1,98.5,0,46858,42703,41988,32594,41426,382,459,665,1132,40,47379,12,10.1,87.3,0.8,0.2,0.4,1,4870,41988,382,77,206,467
E14001091,Birkenhead,54574,54479,99.7,95.3,95.3,91.8,95.3,0,0,0,0.1,0,99.8,0,54407,52022,52022,50109,52022,0,1,8,72,0,54447,0,4.4,95.3,0,0,0,0.1,2385,52022,0,1,7,64
E14001092,Birmingham Edgbaston,49558,48406,96.3,93.5,93.4,75.7,93.3,0,0,0.3,1.4,0,96.3,0,47728,46342,46269,37493,46236,1,18,131,678,18,47735,0,2.9,93.4,0,0,0.2,1.1,1459,46269,1,17,113,547
E14001093,Birmingham Erdington,53758,53718,98.5,97.1,96.7,82.1,96.4,0,0.6,0.9,1.4,0,98.5,0,52943,52199,51967,44122,51820,4,321,468,775,0,52948,0,1.8,96.7,0,0.6,0.3,0.6,976,51967,4,317,147,307
E14001094,Birmingham Hall Green and Moseley,43878,43762,98.6,96.7,96.6,84.3,96.6,0,0,0.1,1.1,0,98.6,0,43270,42409,42398,36972,42391,0,3,37,492,20,43273,0,2,96.6,0,0,0.1,1,872,42398,0,3,34,455
E14001095,Birmingham Hodge Hill and Solihull North,46218,46180,99.6,99,99,84.4,98.8,0,0.2,0.3,0.3,0,99.6,0,46037,45776,45743,38999,45657,7,72,130,143,8,46038,0,0.6,99,0,0.1,0.1,0,294,45743,7,65,58,13
E14001096,Birmingham Ladywood,82578,81814,93.4,88.6,87.7,79.7,87.5,0,0,0.3,5.7,0,93.4,0,77142,73149,72421,65796,72260,0,16,214,4672,40,77142,12,5.7,87.7,0,0,0.2,5.4,4721,72421,0,16,198,4458
E14001097,Birmingham Northfield,49628,49581,98.4,97.1,97.1,86.2,97.1,0,0.1,0.8,1.6,0,98.4,0,48811,48198,48198,42765,48198,0,73,376,770,8,48817,0,1.2,97.1,0,0.1,0.6,0.8,613,48198,0,73,303,394
E14001098,Birmingham Perry Barr,45295,45217,99,98.7,98.3,89.7,98.1,0,0,0.1,0.8,0,99,0,44858,44691,44540,40625,44424,0,15,38,359,8,44858,0,0.7,98.3,0,0,0.1,0.7,318,44540,0,15,23,321
E14001099,Birmingham Selly Oak,45106,44979,98.7,95.6,95.5,84.8,95.6,0,0,0.3,1,0,98.8,0,44536,43116,43069,38264,43116,1,14,118,443,15,44546,0,3.3,95.5,0,0,0.2,0.7,1467,43069,1,13,104,325
E14001100,Birmingham Yardley,43470,43423,99.7,98.9,98.8,93.8,98.7,0,0.1,0.2,0.2,0,99.7,0,43322,42980,42947,40764,42916,2,23,73,101,7,43323,0,0.9,98.8,0,0,0.1,0.1,375,42947,2,21,50,28
E14001101,Bishop Auckland,49706,49644,96.2,76,76,76,76,0.5,1.1,1.6,3.7,0.3,99.2,2,47826,37795,37795,37795,37795,264,532,784,1818,163,49308,977,20.2,76,0.5,0.5,0.5,2.1,10031,37795,264,268,252,1034
E14001102,Blackburn,48388,48326,99.3,94.7,94.7,88.5,94.7,0,0,0.1,0.6,0,99.5,73.6,48040,45831,45831,42835,45831,0,12,35,286,9,48126,35591,4.6,94.7,0,0,0,0.5,2209,45831,0,12,23,251
E14001103,Blackley and Middleton South,47835,47815,99.1,93,92.2,76.9,91.5,0,0.3,0.4,0.9,0,99.3,0,47407,44490,44105,36805,43750,11,143,210,408,1,47491,0,6.9,92.2,0,0.3,0.1,0.4,3302,44105,11,132,67,198
E14001104,Blackpool North and Fleetwood,49934,49889,99.7,96.2,96.2,88.9,96.2,0,0,0,0.3,0,99.9,67.9,49761,48053,48053,44408,48053,1,2,10,128,2,49877,33924,3.4,96.2,0,0,0,0.2,1708,48053,1,1,8,118
E14001105,Blackpool South,62816,62389,99,89.7,89.7,60,89.7,0,0,0,0.3,0,99.1,69.8,62191,56369,56369,37661,56369,0,1,1,198,15,62224,43819,9.3,89.7,0,0,0,0.3,5822,56369,0,1,0,197
W07000084,Blaenau Gwent and Rhymney,49310,49261,98.6,73,72.5,72.1,72.1,0.1,0.2,0.4,1.3,0,99.6,0,48628,36000,35749,35541,35541,30,93,179,633,16,49125,7,26.1,72.5,0.1,0.1,0.2,0.9,12879,35749,30,63,86,454
E14001106,Blaydon and Consett,47192,47094,97.7,76.6,76.2,70.5,75.5,0,0.1,0.4,2.1,0.1,99.1,0,46090,36148,35950,33271,35620,11,56,185,1004,26,46759,0,21.5,76.2,0,0.1,0.3,1.7,10140,35950,11,45,129,819
E14001107,Blyth and Ashington,52088,52040,99.4,95.5,94.9,94.6,94.6,0,0,0.1,0.5,0,99.8,0,51756,49760,49447,49256,49256,6,23,31,284,6,51974,0,4.4,94.9,0,0,0,0.5,2309,49447,6,17,8,253
E14001108,Bognor Regis and Littlehampton,53277,53242,99,80.4,79.3,78.9,78.9,0,0,0,1,0,99.9,0,52733,42831,42264,42060,42060,1,1,8,509,4,53240,0,19.7,79.3,0,0,0,0.9,10469,42264,1,0,7,501
E14001109,Bolsover,50825,50789,98.2,90.6,90.4,86.1,90.1,0.1,0.2,0.4,1.8,0.1,99.6,0,49896,46024,45946,43761,45786,30,78,206,893,47,50643,0,7.8,90.4,0.1,0.1,0.3,1.4,3950,45946,30,48,128,687
E14001110,Bolton North East,54427,54200,99,96,95.4,83.1,94.8,0,0.1,0.1,0.5,0,99.3,31,53904,52277,51919,45225,51593,0,39,55,296,3,54066,16859,3.6,95.4,0,0.1,0,0.4,1985,51919,0,39,16,241
E14001111,Bolton South and Walkden,54439,54302,99.2,96.4,96.1,90.9,95.7,0,0.2,0.2,0.6,0,99.2,25.8,53995,52471,52322,49463,52106,2,82,101,307,11,54021,14071,3.1,96.1,0,0.1,0,0.4,1673,52322,2,80,19,206
E14001112,Bolton West,46823,46729,98.9,94.3,94.1,87.6,94,0,0.1,0.2,0.9,0,99.7,14.8,46292,44169,44074,41024,44007,21,41,101,437,10,46661,6945,4.7,94.1,0,0,0.1,0.7,2218,44074,21,20,60,336
E14001113,Bootle,51352,51257,98.9,95.3,95.3,91.3,95.3,0,0.2,0.2,0.9,0.1,99,0,50787,48934,48933,46886,48933,1,89,101,470,34,50833,0,3.6,95.3,0,0.2,0,0.7,1854,48933,1,88,12,369
E14001114,Boston and Skegness,59652,59449,92.7,73.9,73.6,73.2,73.2,0.6,1.9,3.2,7,0.6,98.1,18.8,55279,44056,43917,43690,43691,357,1155,1884,4170,332,58495,11230,19,73.6,0.6,1.3,1.2,3.8,11362,43917,357,798,729,2286
E14001115,Bournemouth East,52321,52277,98.8,96.1,94.4,90.1,94,0,0,0,1.1,0,99.6,0,51687,50277,49399,47157,49195,1,1,10,590,3,52115,0,4.4,94.4,0,0,0,1.1,2288,49399,1,0,9,580
E14001116,Bournemouth West,54118,53261,98.1,91.2,89.4,79.5,87.9,0,0,0,0.3,0,98.1,0,53096,49362,48374,43047,47583,0,0,1,165,2,53108,0,8.7,89.4,0,0,0,0.3,4722,48374,0,0,1,164
E14001117,Bracknell,45078,45074,98.9,97.6,97.5,96.7,97.3,0,0,0,1,0,99.7,0,44601,44012,43970,43598,43870,1,8,10,473,2,44964,0,1.4,97.5,0,0,0,1,631,43970,1,7,2,463
E14001118,Bradford East,45307,45265,99.4,95.8,95.7,83.7,95.7,0,0,0.1,0.5,0,99.5,75.5,45040,43409,43367,37935,43350,5,15,30,225,1,45082,34228,3.7,95.7,0,0,0,0.4,1673,43367,5,10,15,195
E14001119,Bradford South,47049,47033,99.7,97.9,97.7,93.4,97.6,0,0.1,0.1,0.3,0,99.8,73.2,46889,46054,45959,43931,45913,1,28,41,144,0,46966,34452,2,97.7,0,0.1,0,0.2,930,45959,1,27,13,103
E14001120,Bradford West,43508,43300,96.5,93.1,92.9,82.8,92.6,0,0,0.5,3.1,0,96.7,70.8,41970,40508,40407,36029,40309,0,12,208,1330,0,42092,30811,3.6,92.9,0,0,0.5,2.6,1563,40407,0,12,196,1122
E14001121,Braintree,48976,48942,98.2,89.4,89.4,89.4,89.4,0.1,0.3,0.6,1.7,0.2,99.3,9.8,48103,43807,43807,43807,43807,69,134,288,839,115,48650,4788,8.8,89.4,0.1,0.1,0.3,1.1,4296,43807,69,65,154,551
W07000085,"Brecon, Radnor and Cwm Tawe",48736,48243,88.8,54.3,54.3,54.3,54.3,2,4.2,5.9,10.2,1.7,94,2.3,43288,26442,26442,26442,26442,968,2041,2857,4955,813,45816,1143,34.6,54.3,2,2.2,1.7,4.3,16846,26442,968,1073,816,2098
E14001122,Brent East,57065,56892,99.1,84,83.1,73.3,82.1,0,0,0.3,0.6,0,99.1,0,56547,47934,47447,41837,46838,0,26,162,345,17,56573,0,15.9,83.1,0,0,0.2,0.3,9100,47447,0,26,136,183
E14001123,Brent West,54446,54340,96.7,91.1,88.8,74,88.2,0,0,0.1,3.1,0,96.7,0,52664,49596,48334,40268,48032,0,23,73,1676,10,52672,0,8,88.8,0,0,0.1,2.9,4330,48334,0,23,50,1603
E14001124,Brentford and Isleworth,49662,49596,98.9,92.5,92.5,55.3,92.5,0,0,0.2,1,0,98.9,0,49097,45949,45949,27452,45949,0,17,78,499,0,49107,0,6.3,92.5,0,0,0.1,0.8,3148,45949,0,17,61,421
E14001125,Brentwood and Ongar,46728,46686,96.5,85.2,85.2,81.3,85.2,0.1,0.4,0.6,3.4,0.1,97.7,0.7,45101,39835,39835,38009,39834,42,166,285,1585,34,45631,330,11.3,85.2,0.1,0.3,0.3,2.8,5266,39835,42,124,119,1300
W07000086,Bridgend,44534,44507,98.7,93.6,93.1,92.5,92.5,0,0.2,0.3,1.3,0,99.5,23.7,43935,41682,41474,41201,41201,16,75,126,572,4,44323,10561,5.5,93.1,0,0.1,0.1,1,2461,41474,16,59,51,446
E14001126,Bridgwater,49622,49582,95.9,80.1,78.5,77.4,77.4,0.2,0.6,1.2,4,0.2,98.4,0,47580,39728,38941,38414,38414,111,298,602,2002,90,48838,0,17.4,78.5,0.2,0.4,0.6,2.8,8639,38941,111,187,304,1400
E14001127,Bridlington and The Wolds,49806,49776,97.4,88.3,88.1,88,88,0.5,1,1.6,2.5,0.4,99.3,21,48510,43970,43894,43830,43830,260,485,780,1266,204,49452,10468,9.3,88.1,0.5,0.5,0.6,1,4616,43894,260,225,295,486
E14001128,Brigg and Immingham,44648,44567,95.3,85.4,85.4,68,85.4,0.3,1.6,2.2,4.5,0.3,96.9,24.6,42556,38130,38130,30351,38130,155,697,963,2011,140,43282,10964,9.9,85.4,0.3,1.2,0.6,2.3,4426,38130,155,542,266,1048
E14001129,Brighton Kemptown and Peacehaven,47381,47185,98.7,87.6,87.6,60.1,87.6,0,0,0,0.9,0,99.1,0,46770,41524,41524,28477,41524,15,15,18,415,0,46965,0,11.1,87.6,0,0,0,0.8,5246,41524,15,0,3,397
E14001130,Brighton Pavilion,54868,53945,96.6,91.8,90.6,66.6,89.3,0,0.5,1.3,1.8,0,96.7,0,52979,50365,49727,36566,49017,1,290,723,966,3,53054,0,5.9,90.6,0,0.5,0.8,0.4,3252,49727,1,289,433,243
E14001131,Bristol Central,47290,47079,96.9,93.7,93.7,79.8,93.7,0,0,0.2,2.7,0,96.9,0,45804,44297,44297,37719,44297,0,0,107,1275,1,45806,0,3.2,93.7,0,0,0.2,2.5,1507,44297,0,0,107,1168
E14001132,Bristol East,50721,50679,97.3,93.5,93.5,82.9,93.5,0,0.1,0.4,2.6,0,97.4,0,49360,47426,47426,42024,47426,6,50,226,1319,0,49399,0,3.8,93.5,0,0.1,0.3,2.2,1934,47426,6,44,176,1093
E14001133,Bristol North East,44353,44098,98.3,92.3,92.1,69.2,91.8,0,0.2,0.3,1.1,0,98.4,0,43597,40937,40846,30688,40716,0,75,127,501,1,43627,0,6.2,92.1,0,0.2,0.1,0.8,2751,40846,0,75,52,374
E14001134,Bristol North West,46402,46355,98.2,94.9,94.7,78.3,94.6,0,0.2,0.4,1.7,0.1,98.5,0,45567,44041,43933,36354,43881,7,85,191,788,29,45695,0,3.5,94.7,0,0.2,0.2,1.3,1634,43933,7,78,106,597
E14001135,Bristol South,49726,48882,96.3,94.6,94.6,84.2,94.6,0,0,0.1,2,0,96.3,0,47893,47039,47039,41873,47039,2,4,73,989,0,47897,0,1.7,94.6,0,0,0.1,1.8,854,47039,2,2,69,916
E14001136,Broadland and Fakenham,47093,47021,95.9,57.1,56.9,56.2,56.9,0.3,0.6,1.1,4,0.7,99.1,0,45149,26867,26808,26460,26783,162,295,537,1872,334,46683,11,38.9,56.9,0.3,0.3,0.5,2.8,18341,26808,162,133,242,1335
E14001137,Bromley and Biggin Hill,43298,43294,98.4,90.9,90.9,55.4,90.9,0,0.1,0.2,1.6,0,98.8,0,42585,39371,39370,23985,39367,6,30,97,709,6,42763,0,7.4,90.9,0,0.1,0.2,1.4,3215,39370,6,24,67,612
E14001138,Bromsgrove,45732,45574,97.9,84,84,78.6,84,0,0.2,0.3,1.7,0.1,99.3,2.4,44786,38397,38397,35960,38397,20,103,137,788,23,45418,1120,14,84,0,0.2,0.1,1.4,6389,38397,20,83,34,651
E14001139,Broxbourne,48414,48397,99,93.8,92.4,77.7,90.7,0.1,0.1,0.2,1,0,99.7,0,47921,45420,44721,37633,43923,38,59,97,476,15,48264,0,6.6,92.4,0.1,0,0.1,0.8,3200,44721,38,21,38,379
E14001140,Broxtowe,46349,46154,99.1,95.9,95.6,85.5,95.4,0,0,0.1,0.4,0,99.3,0,45954,44455,44289,39642,44196,6,22,48,200,3,46040,0,3.6,95.6,0,0,0.1,0.3,1665,44289,6,16,26,152
E14001141,Buckingham and Bletchley,48439,48383,96.7,91.9,91.2,90.8,90.8,0.3,0.7,1.4,3.1,0.3,98,0,46863,44514,44173,43988,43988,163,363,695,1520,168,47447,0,5.6,91.2,0.3,0.4,0.7,1.7,2690,44173,163,200,332,825
E14001142,Burnley,52754,52726,99.1,95.8,95.8,90,95.8,0.1,0.1,0.2,0.9,0,99.8,74.4,52277,50537,50537,47500,50537,29,49,88,449,12,52662,39245,3.3,95.8,0.1,0,0.1,0.7,1740,50537,29,20,39,361
E14001143,Burton and Uttoxeter,53800,53724,98.2,85.9,84.5,82.3,83.5,0.3,0.6,0.8,1.7,0.1,99.6,0,52809,46196,45461,44260,44932,137,310,420,915,44,53574,0,13.7,84.5,0.3,0.3,0.2,0.9,7348,45461,137,173,110,495
E14001144,Bury North,50107,49973,98.9,92.9,92.1,89.9,91.1,0,0.2,0.2,0.8,0,99.7,30.6,49577,46574,46133,45032,45648,19,86,110,396,4,49935,15310,6.9,92.1,0,0.1,0,0.6,3444,46133,19,67,24,286
E14001145,Bury South,47803,47747,99.5,94,93.5,87,93.3,0,0,0,0.4,0,99.8,24,47553,44938,44716,41605,44605,0,0,1,194,0,47703,11489,5.9,93.5,0,0,0,0.4,2837,44716,0,0,1,193
E14001146,Bury St Edmunds and Stowmarket,52750,52719,98.3,78.1,77.9,77.6,77.6,0.1,0.2,0.3,1.7,0.1,99.8,0,51835,41178,41073,40955,40955,36,82,146,884,46,52631,0,20.4,77.9,0.1,0.1,0.1,1.4,10762,41073,36,46,64,738
W07000087,Caerfyrddin,47974,47598,86.5,55.7,55.7,55.7,55.7,2,4.4,7,12.7,2.1,92.4,4.7,41484,26742,26742,26742,26742,981,2123,3357,6114,991,44336,2248,30.7,55.7,2,2.4,2.6,5.7,14742,26742,981,1142,1234,2757
W07000088,Caerphilly,45711,45673,99.2,88.2,87.8,87.5,87.5,0,0.1,0.1,0.7,0,99.9,37.7,45365,40297,40130,39987,39987,5,26,59,308,3,45655,17245,11.5,87.8,0,0,0.1,0.5,5235,40130,5,21,33,249
S14000069,"Caithness, Sutherland and Easter Ross",54360,53717,81.2,62.1,62.1,62.1,62.1,3.4,6.4,10.4,17.6,1.4,92.7,14,44158,33746,33746,33746,33746,1823,3466,5648,9559,739,50414,7589,19.2,62.1,3.4,3,4,7.2,10412,33746,1823,1643,2182,3911
E14001147,Calder Valley,51100,51045,95.6,66.8,66.8,65.8,66.8,0.2,0.5,0.8,4.2,0.1,99,48.1,48877,34127,34127,33628,34127,104,246,387,2168,45,50580,24556,28.9,66.8,0.2,0.3,0.3,3.5,14750,34127,104,142,141,1781
E14001148,Camborne and Redruth,50374,50270,92.9,57.4,57.4,57.4,57.4,0.1,0.6,1.7,6.9,0.2,96.2,30.3,46781,28915,28915,28915,28915,65,316,877,3489,100,48472,15278,35.5,57.4,0.1,0.5,1.1,5.2,17866,28915,65,251,561,2612
E14001149,Cambridge,53123,53087,99.4,95.7,94.9,88,94.4,0,0,0.1,0.5,0,99.5,0,52829,50813,50437,46743,50126,1,3,34,258,1,52834,0,4.5,94.9,0,0,0.1,0.4,2392,50437,1,2,31,224
E14001150,Cannock Chase,49294,49261,99.4,96.1,96.1,95.4,96.1,0,0.1,0.1,0.6,0,99.8,0,48986,47377,47377,47043,47374,20,26,45,275,13,49176,0,3.3,96.1,0,0,0,0.5,1609,47377,20,6,19,230
E14001151,Canterbury,52223,50177,92.5,67.5,67.5,67.5,67.5,0.2,0.6,1.1,3.5,0.1,95.7,66,48324,35268,35268,35268,35268,119,336,580,1853,61,50001,34484,25,67.5,0.2,0.4,0.5,2.4,13056,35268,119,217,244,1273
W07000089,Cardiff East,48291,47962,98.8,94.5,94.2,78.5,93.9,0,0.1,0.2,0.5,0,98.8,41.1,47700,45619,45507,37908,45358,0,52,110,262,0,47715,19859,4.5,94.2,0,0.1,0.1,0.3,2193,45507,0,52,58,152
W07000090,Cardiff North,43410,43359,99,96,95.2,91,94.6,0.1,0.3,0.4,0.9,0,99.6,52.6,42985,41667,41346,39500,41057,38,148,171,374,0,43233,22854,3.8,95.2,0.1,0.3,0.1,0.5,1639,41346,38,110,23,203
W07000091,Cardiff South and Penarth,55175,54687,95.2,90.8,89.6,82.4,88.1,0.2,0.7,1.5,3.9,0,95.3,57.2,52519,50093,49455,45449,48632,94,380,837,2168,13,52607,31535,5.6,89.6,0.2,0.5,0.8,2.4,3064,49455,94,286,457,1331
W07000092,Cardiff West,49455,49406,99.5,91.6,91.1,80.5,90.5,0,0,0.1,0.4,0,99.7,43.7,49198,45278,45049,39814,44752,2,13,26,208,6,49302,21622,8.4,91.1,0,0,0,0.4,4149,45049,2,11,13,182
E14001152,Carlisle,55548,55471,97,89.4,89,84.7,88.6,0.5,1.1,1.6,2.8,0.4,99,1.1,53890,49636,49418,47068,49239,296,623,865,1581,221,54994,603,8.1,89,0.5,0.6,0.4,1.3,4472,49418,296,327,242,716
E14001153,Carshalton and Wallington,43414,43394,99.1,91.8,91.8,77.6,91.8,0,0,0.1,0.8,0,99.5,0,43031,39875,39870,33686,39847,9,15,29,363,0,43177,0,7.3,91.8,0,0,0,0.8,3161,39870,9,6,14,334
E14001154,Castle Point,42750,42638,99.3,80.3,80.3,68.8,80.3,0,0,0,0.4,0.1,99.7,0,42467,34313,34313,29407,34313,0,3,8,171,38,42607,0,19.1,80.3,0,0,0,0.4,8154,34313,0,3,5,163
S14000109,Central Ayrshire,46308,46296,98.4,85.7,85.7,68.5,85.7,0.2,0.3,0.5,1.6,0.1,99.7,0,45559,39674,39668,31742,39668,85,156,249,737,43,46158,6,12.7,85.7,0.2,0.2,0.2,1.1,5891,39668,85,71,93,488
E14001155,Central Devon,46436,46358,83.7,55.6,55.6,55.6,55.6,1.3,3.8,7.3,16.1,1.3,95,41.5,38875,25826,25826,25824,25826,623,1766,3390,7483,623,44136,19260,28.1,55.6,1.3,2.5,3.5,8.8,13049,25826,623,1143,1624,4093
E14001156,Central Suffolk and North Ipswich,44566,44531,97.2,72.2,71.5,71.1,71.1,0.1,0.3,0.8,2.8,0.3,99.4,0.5,43296,32163,31856,31679,31690,39,150,358,1235,116,44287,221,25.7,71.5,0.1,0.2,0.5,2,11440,31856,39,111,208,877
W07000093,Ceredigion Preseli,51741,50563,87,50.5,50.5,50.5,50.5,1.6,3.7,5.9,10.7,1.6,92.6,4.9,45037,26139,26139,26139,26139,835,1893,3054,5526,843,47887,2525,36.5,50.5,1.6,2,2.2,4.8,18898,26139,835,1058,1161,2472
E14001157,Chatham and Aylesford,46081,46066,99.5,94.9,94,72,93,0,0.1,0.1,0.5,0,99.8,21.6,45828,43750,43337,33198,42853,22,45,65,238,1,45976,9975,5.4,94,0,0,0,0.4,2491,43337,22,23,20,173
E14001158,Cheadle,43598,43493,99.2,95.4,95.4,88,95.4,0,0,0,0.6,0,99.5,0,43237,41611,41611,38388,41611,10,12,16,256,2,43381,0,3.7,95.4,0,0,0,0.6,1626,41611,10,2,4,240
E14001159,Chelmsford,50821,50797,99.3,95.9,95.1,83.8,94.2,0,0,0,0.6,0,99.4,0,50481,48728,48342,42586,47848,0,0,2,316,0,50505,12,4.2,95.1,0,0,0,0.6,2139,48342,0,0,2,314
E14001160,Chelsea and Fulham,68456,68238,98.4,94.2,92.9,81.3,91.6,0,0,0.1,1.2,0,98.4,0,67388,64486,63577,55667,62684,0,0,51,850,1,67389,0,5.6,92.9,0,0,0.1,1.2,3811,63577,0,0,51,799
E14001161,Cheltenham,51812,51788,99.7,95,93.7,82.9,92.2,0,0.1,0.1,0.3,0,99.7,0,51634,49241,48526,42937,47794,5,38,62,154,2,51666,0,6,93.7,0,0.1,0,0.2,3108,48526,5,33,24,92
E14001162,Chesham and Amersham,43823,43772,98.1,82.6,82.1,69.4,81.8,0,0.1,0.2,1.8,0,99.6,0,42971,36198,35986,30396,35845,13,63,91,801,13,43656,0,15.9,82.1,0,0.1,0.1,1.6,6985,35986,13,50,28,710
E14001163,Chester North and Neston,47788,47709,97.9,86.1,82.7,79.9,80.2,0.1,0.1,0.3,1.9,0,99,1.6,46786,41122,39525,38206,38347,47,60,140,923,6,47292,754,15.2,82.7,0.1,0,0.2,1.6,7261,39525,47,13,80,783
E14001164,Chester South and Eddisbury,45257,45217,94.2,79.7,79,78.7,78.7,0.4,1.4,2.1,5.8,0.2,98.5,11.9,42610,36067,35763,35630,35630,199,612,965,2607,101,44589,5387,15.1,79,0.4,0.9,0.8,3.6,6847,35763,199,413,353,1642
E14001165,Chesterfield,49557,49512,99.3,89.6,89.6,86.9,89.6,0,0,0.1,0.6,0,99.5,0,49227,44426,44426,43085,44426,0,7,58,285,3,49321,0,9.7,89.6,0,0,0.1,0.5,4801,44426,0,7,51,227
E14001166,Chichester,54694,54569,96.9,77.9,77.3,76.5,76.5,0.1,0.2,0.3,2.8,0.1,99.5,0,53012,42623,42275,41860,41860,42,120,186,1557,78,54412,0,19.6,77.3,0.1,0.1,0.1,2.5,10737,42275,42,78,66,1371
E14001167,Chingford and Woodford Green,45871,45824,98.7,93.4,93.1,82.1,92.7,0.1,0.2,0.5,1.2,0.1,98.8,0,45284,42847,42685,37680,42544,56,96,213,540,44,45328,0,5.7,93.1,0.1,0.1,0.3,0.7,2599,42685,56,40,117,327
E14001168,Chippenham,46217,46157,97.7,84.7,83.4,81.6,82.6,0.2,0.5,0.8,2.2,0.1,99.2,0,45155,39131,38545,37719,38187,89,234,385,1002,57,45835,0,14.3,83.4,0.2,0.3,0.3,1.3,6610,38545,89,145,151,617
E14001169,Chipping Barnet,47990,47957,97.9,74.3,71.9,67,69.9,0,0.1,0.5,2,0,98.6,0,46989,35634,34484,32153,33524,0,40,228,968,3,47320,0,26.1,71.9,0,0.1,0.4,1.5,12505,34484,0,40,188,740
E14001170,Chorley,49194,49164,98.2,92.1,91.7,85.9,91.3,0,0.2,0.4,1.7,0,99.8,15.1,48331,45316,45125,42260,44890,15,76,192,833,15,49118,7409,6.5,91.7,0,0.1,0.2,1.3,3206,45125,15,61,116,641
E14001171,Christchurch,45300,45239,97.6,72.8,72.8,64.2,72.8,0.1,0.1,0.1,2.2,0.1,99.7,0,44226,32997,32997,29101,32997,40,47,55,1013,34,45163,0,24.8,72.8,0.1,0,0,2.1,11229,32997,40,7,8,958
E14001172,Cities of London and Westminster,123727,123241,94.6,87,86.9,85.3,86.8,0,0,0.1,5.1,0,94.6,0,116988,107676,107516,105580,107442,0,0,76,6253,11,116995,0,7.7,86.9,0,0,0.1,5,9472,107516,0,0,76,6177
E14001173,City of Durham,48669,48378,97.7,79.4,79.4,79.4,79.4,0.2,0.3,0.4,1.7,0,99,0,47539,38633,38632,38632,38632,96,135,173,839,20,48196,0,18.3,79.4,0.2,0.1,0.1,1.4,8907,38632,96,39,38,666
E14001174,Clacton,53181,53156,99.2,75.9,75.9,75.9,75.9,0,0.1,0.2,0.7,0,99.8,1.1,52761,40387,40387,40387,40387,26,49,96,395,6,53052,606,23.3,75.9,0,0,0.1,0.6,12374,40387,26,23,47,299
E14001175,Clapham and Brixton Hill,51046,51024,99.5,95,93.8,83.6,92.5,0,0,0,0.4,0,99.6,0,50816,48491,47859,42680,47211,0,1,1,208,0,50818,0,5.8,93.8,0,0,0,0.4,2957,47859,0,1,0,207
W07000094,Clwyd East,48731,48604,95.8,80.3,79.9,79.6,79.6,0.5,1.1,1.8,3.9,0.3,98,33.6,46707,39146,38925,38782,38782,230,553,890,1897,133,47741,16367,16,79.9,0.5,0.7,0.7,2.1,7782,38925,230,323,337,1007
W07000095,Clwyd North,52576,52516,98,90.1,90.1,90.1,90.1,0,0.2,0.4,1.9,0,99,65.2,51510,47382,47382,47382,47382,4,101,220,1006,10,52029,34274,7.9,90.1,0,0.2,0.2,1.5,4128,47382,4,97,119,786
S14000070,Coatbridge and Bellshill,47738,47691,98.3,92.2,91.3,42.2,90.8,0,0.4,0.6,1.6,0.1,98.5,0,46939,44007,43562,20145,43333,21,183,294,752,42,47020,0,7.1,91.3,0,0.3,0.2,1,3377,43562,21,162,111,458
E14001176,Colchester,53643,53519,98.4,87.9,87.9,57.9,87.9,0,0,0.1,1.4,0,98.5,19,52770,47138,47136,31050,47138,1,11,27,749,2,52856,10184,10.5,87.9,0,0,0,1.3,5634,47136,1,10,16,722
E14001177,Colne Valley,45861,45818,97.3,87.3,87.3,84.1,87.3,0.1,0.4,0.6,2.6,0,99,50.4,44616,40057,40057,38587,40057,65,193,278,1202,6,45424,23122,9.9,87.3,0.1,0.3,0.2,2,4559,40057,65,128,85,924
E14001178,Congleton,45989,45953,97.8,88.9,87.8,87,87,0.1,0.3,0.5,2.2,0,99.6,0,44964,40883,40399,40018,40018,43,135,239,989,13,45816,0,9.9,87.8,0.1,0.2,0.2,1.6,4565,40399,43,92,104,750
E14001179,Corby and East Northamptonshire,54047,53976,98.8,91.3,91.3,73.5,91.3,0.1,0.2,0.4,1,0.1,99.3,0,53422,49327,49323,39743,49327,60,125,216,554,44,53694,0,7.6,91.3,0.1,0.1,0.2,0.6,4099,49323,60,65,91,338
E14001180,Coventry East,52376,52326,99.6,98.6,98.6,97.3,98.6,0,0,0.1,0.3,0,99.6,0,52145,51625,51624,50964,51625,0,20,61,181,0,52155,0,1,98.6,0,0,0.1,0.2,521,51624,0,20,41,120
E14001181,Coventry North West,48956,48768,99.3,98.2,98.2,96.8,98.2,0,0.1,0.2,0.3,0,99.3,0,48622,48078,48078,47404,48078,4,52,85,146,13,48636,0,1.1,98.2,0,0.1,0.1,0.1,544,48078,4,48,33,61
E14001182,Coventry South,52110,50912,96.7,95.3,95.2,94.7,95.3,0,0.2,0.3,1,0,96.8,0,50392,49638,49588,49345,49638,0,111,142,520,3,50442,0,1.5,95.2,0,0.2,0.1,0.7,804,49588,0,111,31,378
S14000071,Cowdenbeath and Kirkcaldy,51078,51013,98.8,88.9,88.9,65.1,88.9,0.1,0.1,0.1,1,0,99.5,0,50481,45388,45388,33235,45388,35,63,73,532,8,50808,0,10,88.9,0.1,0.1,0,0.9,5093,45388,35,28,10,459
E14001183,Cramlington and Killingworth,48665,48633,99.3,93.5,93.2,91.4,92.8,0.1,0.1,0.1,0.7,0,99.9,0,48305,45486,45339,44475,45150,34,37,47,328,0,48612,0,6.1,93.2,0.1,0,0,0.6,2966,45339,34,3,10,281
E14001184,Crawley,50303,50200,98.6,90.6,90.6,65.1,90.6,0,0,0.2,1.2,0.1,98.9,0,49575,45577,45577,32730,45577,7,25,113,625,68,49730,0,7.9,90.6,0,0,0.2,1,3998,45577,7,18,88,512
E14001185,Crewe and Nantwich,54359,54322,98.7,87.4,86.6,85.7,85.7,0,0,0.1,1.2,0,99.7,0,53666,47509,47066,46578,46578,5,17,62,656,6,54190,0,12.1,86.6,0,0,0.1,1.1,6600,47066,5,12,45,594
E14001186,Croydon East,47145,47131,98.8,88.7,88.7,53.2,88.7,0,0,0.1,1.1,0,99.4,0,46593,41824,41824,25102,41824,2,2,24,538,5,46870,0,10.1,88.7,0,0,0,1.1,4769,41824,2,0,22,514
E14001187,Croydon South,45517,45506,97.5,84.7,84.7,53.7,84.7,0,0,0.2,2.5,0,98.1,0,44359,38540,38540,24422,38540,0,0,92,1147,0,44641,0,12.8,84.7,0,0,0.2,2.3,5819,38540,0,0,92,1055
E14001188,Croydon West,57677,57643,95,89.4,89.4,61.9,89.4,0,0.2,0.6,4.9,0,95,0,54808,51566,51566,35682,51566,0,115,339,2835,1,54810,0,5.6,89.4,0,0.2,0.4,4.3,3242,51566,0,115,224,2496
S14000072,Cumbernauld and Kirkintilloch,45118,45051,98.9,92.9,92,71.1,91.6,0.1,0.3,0.5,1,0.1,99.3,0,44604,41897,41522,32101,41325,63,128,214,447,25,44804,0,6.8,92,0.1,0.1,0.2,0.5,3082,41522,63,65,86,233
E14001189,Dagenham and Rainham,49004,48922,98.8,93.5,93.3,86,93.2,0,0.4,0.8,1,0.1,98.9,0,48434,45806,45704,42166,45678,0,218,375,488,47,48449,0,5.6,93.3,0,0.4,0.3,0.2,2730,45704,0,218,157,113
E14001190,Darlington,51286,51250,98.4,92.7,92.4,78.1,92.3,0.4,0.7,0.9,1.6,0,99.2,7.8,50449,47527,47396,40071,47330,185,371,459,801,8,50865,3986,6,92.4,0.4,0.4,0.2,0.7,3053,47396,185,186,88,342
E14001191,Dartford,49616,49571,99,86.6,85.7,68.1,84.8,0.1,0.2,0.2,0.9,0,99.7,0,49107,42985,42498,33795,42067,51,101,124,464,5,49455,0,13.3,85.7,0.1,0.1,0,0.7,6609,42498,51,50,23,340
E14001192,Daventry,49412,49360,97.8,92.6,92.4,92.1,92.2,0.2,0.5,0.9,2.1,0.1,99,0.1,48339,45746,45674,45494,45537,110,268,440,1021,52,48932,25,5.4,92.4,0.2,0.3,0.3,1.2,2665,45674,110,158,172,581
E14001193,Derby North,49374,49306,99.8,98.7,98.3,86.2,98,0,0,0,0.1,0,99.8,0,49263,48756,48543,42560,48407,1,1,11,43,0,49280,0,1.5,98.3,0,0,0,0.1,720,48543,1,0,10,32
E14001194,Derby South,54644,54597,99.6,98,97.6,90,97.7,0,0.1,0.1,0.4,0,99.6,0,54402,53570,53322,49153,53372,0,35,39,195,2,54411,0,2,97.6,0,0.1,0,0.3,1080,53322,0,35,4,156
E14001195,Derbyshire Dales,47820,47707,93.6,60.1,60.1,60.1,60.1,0.5,1.3,2.4,6.2,0.6,98,0,44736,28740,28740,28734,28740,226,609,1138,2971,294,46852,0,33.5,60.1,0.5,0.8,1.1,3.8,15996,28740,226,383,529,1833
E14001196,Dewsbury and Batley,43255,43209,98.9,95.1,95.1,92.3,95.1,0,0,0.1,1,0,99.2,45.4,42766,41115,41115,39930,41115,4,15,34,443,6,42906,19653,3.8,95.1,0,0,0,0.9,1651,41115,4,11,19,409
E14001197,Didcot and Wantage,51566,51531,98.3,85,83.6,62.2,82.7,0.1,0.2,0.3,1.6,0,99.5,0,50699,43817,43101,32058,42654,26,87,178,832,13,51316,0,14.7,83.6,0.1,0.1,0.2,1.3,7598,43101,26,61,91,654
E14001198,Doncaster Central,57378,57329,99.2,97.2,97.2,96.6,97.2,0,0,0.1,0.7,0,99.4,18,56900,55756,55756,55455,55756,3,21,35,429,5,57042,10324,2,97.2,0,0,0,0.7,1144,55756,3,18,14,394
E14001199,Doncaster East and the Isle of Axholme,44538,44486,98.2,92.8,92.8,92.8,92.8,0.1,0.3,0.7,1.7,0.1,99.3,27.4,43741,41312,41312,41312,41312,60,139,312,745,25,44239,12190,5.5,92.8,0.1,0.2,0.4,1,2429,41312,60,79,173,433
E14001200,Doncaster North,47486,47456,99.4,94.6,94.6,91.5,94.5,0.1,0.2,0.3,0.5,0,99.9,1.8,47210,44903,44900,43469,44896,53,106,123,246,13,47439,836,4.9,94.6,0.1,0.1,0,0.3,2310,44900,53,53,17,123
E14001201,Dorking and Horley,42732,42709,97,81.1,81.1,68.3,81.1,0,0.2,0.4,3,0.2,99.6,0,41447,34655,34655,29184,34655,18,72,177,1262,82,42551,0,15.9,81.1,0,0.1,0.2,2.5,6792,34655,18,54,105,1085
E14001202,Dover and Deal,50768,50736,96.9,79.6,79.6,72,79.6,0.4,0.6,0.8,3.1,0.1,98.9,60.2,49181,40427,40427,36562,40427,211,288,419,1555,36,50223,30585,17.2,79.6,0.4,0.2,0.3,2.2,8754,40427,211,77,131,1136
E14001203,Droitwich and Evesham,49950,49891,97.3,81.8,81,80.3,80.5,0.1,0.3,0.6,2.6,0.1,99.5,13.6,48617,40844,40484,40112,40198,29,168,309,1274,33,49683,6785,16.3,81,0.1,0.3,0.3,1.9,8133,40484,29,139,141,965
E14001204,Dudley,45106,45071,99.6,97.9,97.6,91,96.9,0,0,0,0.3,0,99.7,9,44936,44149,44015,41036,43711,0,0,2,135,2,44974,4080,2,97.6,0,0,0,0.3,921,44015,0,0,2,133
E14001205,Dulwich and West Norwood,49948,49908,99,92.8,92,77,91.4,0,0,0,0.9,0,99,0,49462,46328,45956,38446,45633,0,0,0,446,1,49462,0,7,92,0,0,0,0.9,3506,45956,0,0,0,446
S14000073,Dumfries and Galloway,55858,55777,96.4,55.3,55.3,55.3,55.3,0.3,0.6,1.2,3.5,0.4,98.8,0,53834,30862,30862,30862,30862,151,326,670,1943,214,55160,0,41.1,55.3,0.3,0.3,0.6,2.3,22972,30862,151,175,344,1273
S14000074,"Dumfriesshire, Clydesdale and Tweeddale",47541,47499,96.8,48.7,48.7,48.7,48.7,0.4,0.7,1.2,3.1,0.4,99.1,0,46020,23136,23136,23136,23136,174,336,556,1479,199,47127,14,48.1,48.7,0.4,0.3,0.5,1.9,22884,23136,174,162,220,923
S14000075,Dundee Central,59677,59638,99,95.7,94.9,87.6,94,0,0,0,0.9,0,99.2,0,59107,57116,56623,52299,56074,0,2,13,531,0,59212,0,4.2,94.9,0,0,0,0.9,2484,56623,0,2,11,518
S14000076,Dunfermline and Dollar,47302,47254,98.1,82.3,82.3,82.2,82.2,0.3,0.5,0.6,1.8,0.1,99.6,0,46405,38940,38932,38899,38899,120,229,299,849,61,47136,1,15.8,82.3,0.3,0.2,0.1,1.2,7473,38932,120,109,70,550
E14001206,Dunstable and Leighton Buzzard,53885,53857,98.4,85.9,84.5,67.9,83.3,0,0.1,0.3,1.5,0,99.1,0,53032,46290,45537,36564,44875,6,34,155,825,8,53375,0,13.9,84.5,0,0.1,0.2,1.2,7495,45537,6,28,121,670
W07000096,Dwyfor Meirionnydd,57900,57587,92.8,63.7,63.7,63.7,63.7,0.9,1.9,3.4,6.7,0.9,96.2,5.2,53736,36899,36899,36899,36899,524,1105,1964,3851,538,55671,3021,29.1,63.7,0.9,1,1.5,3.3,16837,36899,524,581,859,1887
E14001207,Ealing Central and Acton,68445,68320,98.1,89.6,88.6,58.3,88.4,0,0.1,0.5,1.7,0,98.1,0,67175,61354,60622,39908,60509,0,98,357,1145,1,67176,0,9.6,88.6,0,0.1,0.4,1.2,6553,60622,0,98,259,788
E14001208,Ealing North,50334,50207,99.4,94.6,94.2,78.7,93.7,0,0.1,0.3,0.3,0,99.4,0,50037,47606,47431,39621,47174,0,40,127,170,0,50041,0,5.2,94.2,0,0.1,0.2,0.1,2606,47431,0,40,87,43
E14001209,Ealing Southall,48686,48562,99.4,90.1,90.1,84.3,89.8,0,0,0.1,0.3,0,99.5,0,48411,43868,43844,41044,43707,0,12,35,151,1,48423,0,9.4,90.1,0,0,0,0.2,4567,43844,0,12,23,116
E14001210,Earley and Woodley,43273,43267,99.7,96.4,96.2,92.5,95.8,0,0.1,0.1,0.3,0,99.9,0,43151,41722,41610,40018,41473,1,39,44,116,2,43210,0,3.6,96.2,0,0.1,0,0.2,1541,41610,1,38,5,72
E14001211,Easington,48287,48249,98.5,90.7,89.3,88,88,0.1,0.2,0.4,1.5,0,99.7,0,47542,43797,43130,42497,42498,37,100,198,707,10,48164,0,9.1,89.3,0.1,0.1,0.2,1.1,4412,43130,37,63,98,509
N05000005,East Antrim,46454,46371,98.4,95.1,95.1,94.9,95.1,0.5,0.7,0.7,1.4,0.2,99.7,0,45704,44169,44169,44093,44169,233,314,345,667,87,46332,0,3.3,95.1,0.5,0.2,0.1,0.7,1535,44169,233,81,31,322
E14001212,East Grinstead and Uckfield,45509,45474,96.9,70.5,70.4,70.3,70.3,0,0.2,0.6,3,0.2,99.7,0,44094,32096,32042,31993,31993,17,91,281,1380,104,45352,0,26.5,70.4,0,0.2,0.4,2.4,12052,32042,17,74,190,1099
E14001213,East Ham,41263,41229,99.3,96,94.5,90,93.1,0,0.1,0.2,0.6,0,99.3,0,40978,39595,38994,37144,38421,0,24,80,251,4,40978,0,4.8,94.5,0,0.1,0.1,0.4,1984,38994,0,24,56,171
E14001214,East Hampshire,43360,43195,94.6,75.2,74.9,57.9,74.6,0.2,0.7,1.7,5,0.4,97.6,0,41013,32593,32492,25086,32355,92,325,745,2182,190,42316,0,19.7,74.9,0.2,0.5,1,3.3,8521,32492,92,233,420,1437
S14000077,East Kilbride and Strathaven,48525,48510,98.5,92.2,92.2,54.1,92.2,0.2,0.5,0.7,1.5,0,99.2,0,47791,44742,44742,26270,44742,80,219,330,719,22,48130,0,6.3,92.2,0.2,0.3,0.2,0.8,3049,44742,80,139,111,389
N05000006,East Londonderry,52110,52036,96.7,92.2,92.2,92.2,92.2,0.9,1.3,1.6,3.1,0.5,99.7,0,50398,48041,48041,48041,48041,476,700,830,1638,251,51947,0,4.5,92.2,0.9,0.4,0.2,1.6,2357,48041,476,224,130,808
S14000021,East Renfrewshire,42792,42785,98.5,94.6,94.6,87.8,94.6,0.1,0.2,0.4,1.5,0.1,99.5,0,42133,40477,40476,37561,40474,37,70,157,652,39,42576,1,3.9,94.6,0.1,0.1,0.2,1.2,1657,40476,37,33,87,495
E14001215,East Surrey,44244,44173,96,71.9,71.3,55.5,71,0.1,0.4,0.7,3.8,0.1,99.5,0,42489,31807,31547,24569,31404,30,171,294,1684,43,44016,0,24.7,71.3,0.1,0.3,0.3,3.1,10942,31547,30,141,123,1390
E14001216,East Thanet,55866,55671,99.2,78.7,78.7,78.7,78.7,0,0,0.1,0.5,0,99.5,51,55416,43941,43941,43941,43941,1,18,28,255,9,55608,28501,20.5,78.7,0,0,0,0.4,11475,43941,1,17,10,227
E14001217,East Wiltshire,45594,45546,94.6,68.5,68.5,54.2,68.5,0.2,1,1.8,5.2,0.4,97.9,0,43154,31254,31254,24725,31254,72,437,822,2392,175,44628,0,26.1,68.5,0.2,0.8,0.8,3.4,11900,31254,72,365,385,1570
E14001218,East Worthing and Shoreham,46114,46046,99.2,95.8,95.8,82.8,95.8,0,0,0.1,0.7,0,99.6,0,45726,44187,44187,38183,44187,0,13,30,320,6,45929,0,3.3,95.8,0,0,0,0.6,1539,44187,0,13,17,290
E14001219,Eastbourne,51618,51575,99.7,86.9,86.9,86.9,86.9,0,0,0,0.2,0,99.9,0,51464,44847,44847,44847,44847,0,5,9,111,6,51549,0,12.8,86.9,0,0,0,0.2,6617,44847,0,5,4,102
E14001220,Eastleigh,42686,42668,98.6,90.9,90.6,77.6,90.5,0,0,0.1,1.3,0,99.4,0,42101,38788,38653,33106,38620,3,7,50,567,1,42432,0,8.1,90.6,0,0,0.1,1.2,3448,38653,3,4,43,517
S14000078,Edinburgh East and Musselburgh,65510,65116,97.6,88.2,87.9,81.7,87.5,0,0.1,0.4,1.8,0,97.7,2.9,63918,57805,57564,53510,57328,2,33,274,1198,2,63972,1889,9.7,87.9,0,0,0.4,1.4,6354,57564,2,31,241,924
S14000079,Edinburgh North and Leith,73261,73240,98.5,93.3,92.7,77.1,90.5,0,0.1,0.2,1.4,0,98.6,0,72188,68372,67911,56455,66337,0,69,135,1052,0,72201,0,5.8,92.7,0,0.1,0.1,1.3,4277,67911,0,69,66,917
S14000080,Edinburgh South,48967,48959,99.3,94.6,94.3,80.5,93.9,0,0,0.1,0.7,0,99.4,0,48629,46343,46172,39441,45995,0,21,39,330,2,48678,0,5,94.3,0,0,0,0.6,2457,46172,0,21,18,291
S14000081,Edinburgh South West,57736,57711,98.1,96.8,96.5,87.3,95.2,0,0,0.1,1.8,0,98.3,0,56647,55878,55722,50383,54968,3,25,74,1064,1,56759,0,1.6,96.5,0,0,0.1,1.7,925,55722,3,22,49,990
S14000082,Edinburgh West,51858,51837,97.7,93.9,93.6,89.7,93.3,0.1,0.3,0.6,2.2,0,98.4,0,50687,48675,48551,46509,48398,52,137,308,1150,7,51037,0,4.1,93.6,0.1,0.2,0.3,1.6,2136,48551,52,85,171,842
E14001221,Edmonton and Winchmore Hill,50884,50604,98.7,94.6,94.2,62.5,94,0,0,0.1,0.7,0.1,98.7,0,50229,48138,47929,31806,47841,0,7,67,375,28,50233,0,4.5,94.2,0,0,0.1,0.6,2300,47929,0,7,60,308
E14001222,Ellesmere Port and Bromborough,47246,47225,99.6,95.5,95.5,92.9,95.5,0,0,0,0.4,0,99.8,0,47053,45107,45107,43889,45107,1,11,21,172,4,47163,0,4.1,95.5,0,0,0,0.3,1946,45107,1,10,10,151
E14001223,Eltham and Chislehurst,48237,48229,99.6,94.8,94.4,85.6,93.8,0,0,0,0.3,0,99.8,0,48064,45742,45513,41285,45252,0,7,7,165,0,48128,0,5.3,94.4,0,0,0,0.3,2551,45513,0,7,0,158
E14001224,Ely and East Cambridgeshire,51793,51729,97.5,85.3,84.2,70.9,83.4,0.3,0.6,0.9,2.4,0.2,99.4,1.3,50495,44192,43607,36736,43197,158,306,474,1234,81,51488,662,13.3,84.2,0.3,0.3,0.3,1.5,6888,43607,158,148,168,760
E14001225,Enfield North,54049,53728,98,91.5,91.4,40.4,90.9,0,0.1,0.5,1.4,0,98.4,0,52988,49480,49379,21855,49156,23,36,294,740,8,53186,0,6.7,91.4,0,0,0.5,0.8,3609,49379,23,13,258,446
E14001226,Epping Forest,46745,46715,98.9,90.3,89.5,71.3,88.9,0,0.2,0.3,1,0,99.5,0,46229,42207,41847,33340,41553,6,79,147,486,10,46493,3,9.4,89.5,0,0.2,0.1,0.7,4382,41847,6,73,68,339
E14001227,Epsom and Ewell,46776,46747,99.3,89.7,89.6,73.7,89.6,0,0,0,0.6,0,99.7,0,46465,41936,41925,34478,41917,1,6,7,282,2,46648,0,9.7,89.6,0,0,0,0.6,4540,41925,1,5,1,275
E14001228,Erewash,48176,48091,99.4,96.4,96.3,93,96.3,0,0.1,0.1,0.4,0,99.8,0,47883,46442,46416,44803,46405,18,34,66,208,0,48068,0,3,96.3,0,0,0.1,0.3,1467,46416,18,16,32,142
E14001229,Erith and Thamesmead,53874,53860,99.7,91,90.3,76.1,89.8,0,0,0.1,0.3,0,99.7,0,53720,49050,48662,40979,48378,0,19,64,140,2,53724,0,9.4,90.3,0,0,0.1,0.1,5058,48662,0,19,45,76
E14001230,Esher and Walton,45614,45578,99.4,91.6,90.8,76.2,90.1,0,0,0,0.5,0,99.5,0,45339,41798,41414,34775,41106,0,0,2,239,0,45395,0,8.6,90.8,0,0,0,0.5,3925,41414,0,0,2,237
E14001231,Exeter,47781,47548,97,89,89,77.5,89,0,0.1,0.9,2.5,0,97.3,47.2,46363,42530,42529,37033,42530,13,47,445,1185,5,46497,22533,8,89,0,0.1,0.8,1.5,3834,42529,13,34,398,740
E14001232,Exmouth and Exeter East,51954,51923,96.7,89.1,89.1,86.1,89.1,0.2,0.5,0.9,3.2,0.1,98.1,44.2,50261,46316,46291,44725,46273,85,254,479,1662,31,50962,22975,7.6,89.1,0.2,0.3,0.4,2.3,3970,46291,85,169,225,1183
S14000083,Falkirk,47502,47490,98.4,93.4,93.4,70.4,93.4,0.1,0.2,0.5,1.6,0.1,99.1,0,46736,44367,44367,33441,44367,25,108,238,754,29,47081,0,5,93.4,0.1,0.2,0.3,1.1,2369,44367,25,83,130,516
E14001233,Fareham and Waterlooville,47283,47245,98.9,91.3,90.9,60.3,90.7,0.1,0.1,0.3,1,0,99.8,0,46771,43148,42978,28490,42875,27,66,124,474,12,47201,0,8,90.9,0.1,0.1,0.1,0.7,3793,42978,27,39,58,350
E14001234,Farnham and Bordon,46811,46639,97,69.3,67.7,62.8,66.6,0,0.1,0.2,2.7,0.2,99.3,0,45395,32438,31670,29396,31168,12,45,95,1244,115,46475,0,29.3,67.7,0,0.1,0.1,2.5,13725,31670,12,33,50,1149
E14001235,Faversham and Mid Kent,46643,46488,94,76.4,75.7,69.1,75.1,0.5,1.2,1.9,5.6,0.3,98.7,63.4,43856,35654,35323,32231,35040,242,537,909,2632,119,46032,29594,18.3,75.7,0.5,0.6,0.8,3.7,8533,35323,242,295,372,1723
E14001236,Feltham and Heston,43006,42985,99.1,92.1,92.1,73.3,92.1,0,0.1,0.3,0.9,0,99.1,0,42618,39610,39610,31526,39610,3,27,108,367,1,42635,0,7,92.1,0,0.1,0.2,0.6,3008,39610,3,24,81,259
N05000007,Fermanagh and South Tyrone,51635,51562,96.1,89.6,89.6,89.6,89.6,1.4,2,2.5,3.8,0.8,99.7,39.9,49616,46244,46244,46244,46244,707,1036,1270,1946,397,51467,20597,6.5,89.6,1.4,0.6,0.5,1.3,3372,46244,707,329,234,676
E14001237,Filton and Bradley Stoke,52037,50037,94.3,87.7,87.4,74,87.1,0.1,0.2,0.9,1.9,0,95.3,0,49060,45650,45493,38509,45339,60,93,448,977,1,49589,0,6.9,87.4,0.1,0.1,0.7,1,3567,45493,60,33,355,529
E14001238,Finchley and Golders Green,54386,54365,98.8,83.3,81.5,59.8,79.4,0,0,0,1.2,0,99.2,0,53707,45310,44314,32543,43174,0,0,2,658,0,53933,0,17.3,81.5,0,0,0,1.2,9393,44314,0,0,2,656
E14001239,Folkestone and Hythe,47920,47876,95.4,79,79,72.4,79,1.4,2.3,3.2,4.6,0,96.8,40.8,45693,37866,37866,34715,37866,672,1119,1530,2183,13,46386,19542,16.3,79,1.4,0.9,0.9,1.4,7827,37866,672,447,411,653
E14001240,Forest of Dean,45482,45408,94.3,77.7,77.3,76.9,76.9,0.3,1.3,2.5,5.6,0.4,96.1,1.1,42867,35361,35139,34955,34955,138,593,1150,2541,184,43694,512,17,77.3,0.3,1,1.2,3.1,7728,35139,138,455,557,1391
N05000008,Foyle,45005,44843,98.6,94.8,94.8,93.6,94.8,0.1,0.1,0.2,1,0.1,99.2,0,44377,42675,42675,42121,42675,30,64,112,466,37,44641,0,3.8,94.8,0.1,0.1,0.1,0.8,1702,42675,30,34,48,354
E14001241,Frome and East Somerset,43178,43122,92.2,82,80.9,73.2,80.3,0.3,1.2,2.8,7.7,0.2,96.1,4.1,39815,35411,34950,31615,34669,123,502,1228,3307,89,41496,1787,11.3,80.9,0.3,0.9,1.7,4.8,4865,34950,123,379,726,2079
E14001242,Fylde,47064,46993,99,94.1,93.6,91.7,93.2,0,0.2,0.3,0.9,0,99.7,1.5,46578,44278,44046,43140,43866,19,83,140,415,10,46916,703,5.4,93.6,0,0.1,0.1,0.6,2532,44046,19,64,57,275
E14001243,Gainsborough,48743,48642,91,65.7,65.6,61.5,65.4,1.6,3.1,4.1,8.8,0.5,98.5,56.4,44372,32018,31959,29980,31886,782,1491,2018,4270,241,48001,27499,25.5,65.6,1.6,1.5,1.1,4.6,12413,31959,782,709,527,2252
E14001244,Gateshead Central and Whickham,52255,51961,96.6,88.5,87.6,61.8,87.2,0,0.1,1.2,2.8,0,97,0,50483,46246,45777,32307,45545,7,76,605,1478,6,50663,0,9,87.6,0,0.1,1,1.7,4706,45777,7,69,529,873
E14001245,Gedling,49848,49807,99.6,95,94.9,89,94.8,0,0.1,0.1,0.3,0,99.9,0,49643,47339,47285,44381,47261,15,46,55,164,2,49786,0,4.7,94.9,0,0.1,0,0.2,2358,47285,15,31,9,109
E14001246,Gillingham and Rainham,45343,45326,99.4,96.9,96.6,93.5,96.2,0,0,0.1,0.6,0,99.9,38.5,45052,43947,43812,42402,43617,0,3,28,274,0,45285,17439,2.7,96.6,0,0,0.1,0.5,1240,43812,0,3,25,246
S14000084,Glasgow East,59618,59537,98,93.6,91.8,85.2,89.8,0,0,0.2,1.8,0,98.2,0,58446,55804,54756,50818,53539,0,28,111,1091,0,58541,0,6.2,91.8,0,0,0.1,1.6,3690,54756,0,28,83,980
S14000085,Glasgow North,64106,63203,95.4,92.5,90.2,82.4,89.9,0,0,0,3.2,0,95.5,0,61171,59289,57828,52812,57624,0,13,24,2032,2,61193,2,5.2,90.2,0,0,0,3.1,3343,57828,0,13,11,2008
S14000086,Glasgow North East,58454,57996,99,96.6,96.4,93.8,96.1,0,0.1,0.1,0.3,0,99,0,57849,56474,56345,54859,56158,0,67,72,147,0,57869,0,2.6,96.4,0,0.1,0,0.1,1504,56345,0,67,5,75
S14000087,Glasgow South,50399,50394,99.7,98.9,98.5,96.2,98.1,0,0,0.2,0.3,0,99.7,0,50241,49831,49623,48468,49445,0,4,104,153,0,50256,0,1.2,98.5,0,0,0.2,0.1,618,49623,0,4,100,49
S14000088,Glasgow South West,49457,49428,99.7,98,98,97.9,97.9,0,0,0,0.2,0,99.9,0,49315,48476,48449,48397,48436,0,1,4,113,0,49402,0,1.8,98,0,0,0,0.2,866,48449,0,1,3,109
S14000089,Glasgow West,55470,55404,99.8,98.5,97.5,95.3,97,0,0,0,0,0,99.8,0,55383,54631,54096,52856,53827,0,0,10,21,0,55383,0,2.3,97.5,0,0,0,0,1287,54096,0,0,10,11
E14001247,Glastonbury and Somerton,46465,46408,97,73.8,72.4,71.8,71.8,0.2,0.5,0.9,2.9,0.1,99.3,0.8,45068,34296,33629,33367,33367,96,219,418,1340,56,46137,369,24.6,72.4,0.2,0.3,0.4,2,11439,33629,96,123,199,922
S14000090,Glenrothes and Mid Fife,49962,49902,99.1,88.3,88.3,62.9,88.3,0,0.1,0.2,0.8,0,99.8,0,49500,44125,44125,31417,44125,16,41,96,402,19,49850,0,10.8,88.3,0,0.1,0.1,0.6,5375,44125,16,25,55,306
E14001248,Gloucester,55377,55372,99.3,93.3,93.3,61.8,93.3,0,0.1,0.2,0.7,0,99.5,0,54992,51680,51679,34223,51680,2,37,114,380,1,55080,0,6,93.3,0,0.1,0.1,0.5,3313,51679,2,35,77,266
E14001249,Godalming and Ash,45532,45494,96,71.2,70.9,67.8,70.8,0.3,0.6,0.9,3.9,0.2,99.5,0,43712,32441,32290,30891,32250,118,262,421,1782,92,45306,0,25.1,70.9,0.3,0.3,0.3,3,11422,32290,118,144,159,1361
E14001250,Goole and Pocklington,50448,50346,98,94.1,94,94,94,0.4,0.7,0.9,1.8,0.1,99.6,47.3,49441,47460,47397,47396,47396,183,354,479,905,46,50234,23884,4.1,94,0.4,0.3,0.2,0.8,2044,47397,183,171,125,426
S14000091,Gordon and Buchan,44714,44591,89.6,45.1,45.1,45.1,45.1,1.3,3.2,6,10.2,1.7,96.6,0,40051,20186,20186,20186,20186,573,1443,2675,4540,776,43187,0,44.4,45.1,1.3,1.9,2.8,4.2,19865,20186,573,870,1232,1865
E14001251,Gorton and Denton,49107,49053,99.4,97.9,97.5,90.5,96.8,0,0,0.2,0.4,0,99.5,0,48833,48066,47865,44429,47542,0,7,74,220,2,48865,0,2,97.5,0,0,0.1,0.3,968,47865,0,7,67,146
E14001252,Gosport,46037,46026,99.9,97.8,97.8,91.1,97.8,0,0,0,0.1,0,100,0,45971,45025,45025,41936,45025,0,1,2,55,0,46022,0,2.1,97.8,0,0,0,0.1,946,45025,0,1,1,53
W07000097,Gower,48010,47950,97.5,86.6,85.5,78.4,84.8,0.2,0.4,1,2.4,0.2,98.6,18.8,46811,41581,41045,37642,40709,112,205,482,1139,115,47359,9004,12,85.5,0.2,0.2,0.6,1.4,5766,41045,112,93,277,657
E14001253,Grantham and Bourne,49449,49393,96.9,85.9,84.8,71.4,83.8,0.5,0.9,1.3,3,0.2,99.2,1.8,47918,42464,41939,35315,41455,243,466,656,1475,76,49070,898,12.1,84.8,0.5,0.5,0.4,1.7,5979,41939,243,223,190,819
E14001254,Gravesham,46903,46832,97.8,86.7,84.6,71.7,81.9,0,0.2,0.3,2,0.1,98.9,0,45874,40644,39680,33612,38415,20,110,140,958,30,46384,0,13.2,84.6,0,0.2,0.1,1.7,6194,39680,20,90,30,818
E14001255,Great Grimsby and Cleethorpes,52153,52074,98.8,96.4,96.4,84.7,96.4,0,0.2,0.4,1.1,0,98.9,15.3,51519,50291,50291,44179,50291,1,93,186,555,9,51566,7991,2.4,96.4,0,0.2,0.2,0.7,1228,50291,1,92,93,369
E14001256,Great Yarmouth,50577,50530,98.9,83.5,83.5,78.4,83.5,0,0.1,0.1,1,0,99.8,0,50004,42236,42236,39634,42236,7,29,67,526,10,50451,3,15.4,83.5,0,0,0.1,0.9,7768,42236,7,22,38,459
E14001257,Greenwich and Woolwich,59041,59014,99.2,86.8,86,69.8,85.8,0,0,0.1,0.7,0,99.2,0,58573,51258,50770,41218,50680,0,16,37,441,3,58593,0,13.2,86,0,0,0,0.7,7803,50770,0,16,21,404
E14001258,Guildford,43369,43302,98.9,89.2,86.4,64.9,83.6,0,0.1,0.3,1,0,99.4,0,42875,38666,37485,28136,36242,14,51,111,427,19,43125,0,12.4,86.4,0,0.1,0.1,0.7,5390,37485,14,37,60,316
E14001259,Hackney North and Stoke Newington,50281,50205,99.6,94.6,93.3,82.7,92.5,0,0,0,0.3,0,99.6,0,50061,47574,46916,41573,46529,0,8,8,144,0,50061,0,6.3,93.3,0,0,0,0.3,3145,46916,0,8,0,136
E14001260,Hackney South and Shoreditch,64170,63716,98.1,91.1,90.2,86.2,89.5,0,0,0.1,1.2,0,98.1,0,62946,58454,57865,55288,57416,0,0,72,770,0,62947,0,7.9,90.2,0,0,0.1,1.1,5081,57865,0,0,72,698
E14001261,Halesowen,43567,43536,99.7,98.4,98.1,91,97.8,0,0,0,0.2,0,99.8,0,43445,42862,42729,39639,42609,0,0,1,91,0,43494,0,1.6,98.1,0,0,0,0.2,716,42729,0,0,1,90
E14001262,Halifax,53353,53288,97.9,88,87.9,82.5,87.8,0,0.1,0.1,2,0,98.6,64.5,52215,46924,46880,44040,46843,1,48,77,1073,1,52616,34423,10,87.9,0,0.1,0.1,1.9,5335,46880,1,47,29,996
E14001263,Hamble Valley,49627,49600,98.3,90.8,89.9,67.7,89.1,0.1,0.3,0.3,1.7,0,99.5,0,48770,45078,44607,33590,44215,58,137,165,830,6,49398,0,8.4,89.9,0.1,0.2,0.1,1.3,4163,44607,58,79,28,665
S14000092,Hamilton and Clyde Valley,50825,50765,98.8,87.6,87.6,47.2,87.6,0.1,0.2,0.4,1.1,0,99.6,0,50211,44543,44543,23988,44543,57,115,211,554,14,50619,0,11.2,87.6,0.1,0.1,0.2,0.7,5668,44543,57,58,96,343
E14001264,Hammersmith and Chiswick,60409,60127,96.9,91.8,90,67.3,88.4,0,0,0.7,2.6,0,97,0,58548,55483,54392,40640,53396,0,8,434,1579,2,58574,0,6.9,90,0,0,0.7,1.9,4156,54392,0,8,426,1145
E14001265,Hampstead and Highgate,61280,61209,99.5,95.1,95.1,76.9,95.1,0,0,0,0.3,0,99.6,0,61001,58286,58285,47130,58286,0,0,5,208,4,61023,1,4.4,95.1,0,0,0,0.3,2716,58285,0,0,5,203
E14001266,"Harborough, Oadby and Wigston",47745,47694,99.4,94.8,94.3,88.9,94.1,0,0.1,0.1,0.5,0,99.8,0,47436,45280,45042,42446,44937,13,26,63,258,11,47650,0,5,94.3,0,0,0.1,0.4,2394,45042,13,13,37,195
E14001267,Harlow,51076,51024,96.5,90.3,89.1,26.5,88.2,0.1,0.2,1.2,3.4,0,97,0.1,49305,46128,45516,13550,45044,45,88,588,1719,19,49538,73,7.4,89.1,0.1,0.1,1,2.2,3789,45516,45,43,500,1131
E14001268,Harpenden and Berkhamsted,42898,42822,96.7,79.5,79.4,47.9,79.1,0.1,0.4,0.7,3.2,0.1,98.7,0,41468,34116,34060,20551,33938,56,185,317,1354,61,42341,0,17.3,79.4,0.1,0.3,0.3,2.4,7408,34060,56,129,132,1037
E14001269,Harrogate and Knaresborough,52234,52217,98.9,95.8,95.6,93.2,95.2,0,0.1,0.2,1.1,0,99.4,47.9,51638,50022,49927,48693,49725,14,52,80,579,14,51920,25009,3.3,95.6,0,0.1,0.1,1,1711,49927,14,38,28,499
E14001270,Harrow East,43105,43078,99.1,91.3,91.3,76.4,91.3,0,0,0.2,0.9,0,99.2,0,42701,39334,39334,32924,39334,0,0,103,377,13,42759,0,7.8,91.3,0,0,0.2,0.6,3367,39334,0,0,103,274
E14001271,Harrow West,49580,49546,98.6,88.9,88.9,77.3,88.9,0,0,0.4,1.3,0,98.6,0,48902,44087,44086,38348,44087,0,0,175,644,5,48903,0,9.7,88.9,0,0,0.4,0.9,4816,44086,0,0,175,469
E14001272,Hartlepool,48860,48764,98.5,96,96,94.2,96,0.3,0.3,0.5,1.3,0,98.9,0.2,48110,46897,46897,46007,46897,135,168,237,654,15,48341,80,2.5,96,0.3,0.1,0.1,0.9,1213,46897,135,33,69,417
E14001273,Harwich and North Essex,49150,48385,96,75.5,75.5,74.1,75.5,0.2,1.1,1.6,2.4,0.1,97.3,10,47186,37121,37121,36414,37121,81,565,777,1199,70,47804,4923,20.5,75.5,0.2,1,0.4,0.9,10065,37121,81,484,212,422
E14001274,Hastings and Rye,56066,55991,99.2,74,74,74,74,0,0.1,0.1,0.7,0,99.8,3.2,55594,41510,41510,41510,41510,20,31,81,397,13,55981,1817,25.1,74,0,0,0.1,0.6,14084,41510,20,11,50,316
E14001275,Havant,45631,45560,99.7,93.6,93.6,72,93.6,0,0,0,0.1,0,99.8,0,45501,42699,42698,32864,42698,0,1,3,59,4,45554,6,6.1,93.6,0,0,0,0.1,2803,42698,0,1,2,56
E14001276,Hayes and Harlington,47482,47438,97.9,94.1,94.1,81.3,94.1,0,0.2,0.8,2,0,97.9,0,46472,44658,44658,38582,44658,20,83,402,966,10,46484,0,3.8,94.1,0,0.1,0.7,1.2,1814,44658,20,63,319,564
E14001277,Hazel Grove,45288,45218,98.4,93,93,77.3,93,0.1,0.1,0.3,1.5,0,99.5,0,44547,42110,42110,35005,42110,29,52,140,671,7,45077,0,5.4,93,0.1,0.1,0.2,1.2,2437,42110,29,23,88,531
E14001278,Hemel Hempstead,46603,46500,98.5,93.3,92.6,79.8,91.9,0.2,0.3,0.5,1.2,0,99.1,0,45927,43477,43177,37201,42837,106,120,233,573,6,46191,0,5.9,92.6,0.2,0,0.2,0.7,2750,43177,106,14,113,340
E14001279,Hendon,56426,56412,99.5,85.3,85.2,77,85.1,0,0,0,0.5,0,99.5,0,56130,48141,48072,43436,48035,0,0,19,282,0,56155,0,14.3,85.2,0,0,0,0.5,8058,48072,0,0,19,263
E14001280,Henley and Thame,45350,45320,98.1,81.3,79.9,74,79.1,0.1,0.2,0.3,1.8,0.1,99.8,0,44507,36881,36233,33547,35867,41,83,145,813,37,45243,0,18.2,79.9,0.1,0.1,0.1,1.5,8274,36233,41,42,62,668
E14001281,Hereford and South Herefordshire,48777,48730,95.2,85.8,85.5,85.3,85.3,0.6,1.2,2.1,4.7,0.6,98.2,25.3,46446,41841,41711,41611,41611,289,584,1011,2284,294,47891,12344,9.7,85.5,0.6,0.6,0.9,2.6,4735,41711,289,295,427,1273
E14001282,Herne Bay and Sandwich,51830,51744,95.4,79.8,79.8,79.8,79.8,0.1,1,1.6,4.4,0.1,99.2,52.9,49459,41381,41381,41381,41381,59,514,833,2285,28,51408,27427,15.6,79.8,0.1,0.9,0.6,2.8,8078,41381,59,455,319,1452
E14001283,Hertford and Stortford,51315,51223,98.2,90.5,88.9,67.4,86.9,0,0.1,0.1,1.7,0,98.8,0,50373,46415,45598,34606,44591,14,38,63,850,19,50714,0,9.3,88.9,0,0,0,1.5,4775,45598,14,24,25,787
E14001284,Hertsmere,46830,46779,98.3,90.2,89.4,70,88.6,0,0.2,0.2,1.6,0,99.1,0,46033,42235,41870,32801,41473,4,81,109,746,5,46431,0,8.9,89.4,0,0.2,0.1,1.4,4163,41870,4,77,28,637
E14001285,Hexham,46919,46803,91.7,62.5,62.3,62.3,62.3,1.6,2.9,3.9,8,0.8,98.5,0.7,43038,29325,29246,29223,29223,759,1377,1832,3765,356,46213,315,29.4,62.3,1.6,1.3,1,4.1,13792,29246,759,618,455,1933
E14001286,Heywood and Middleton North,47929,47899,98.4,92.1,91.1,67.6,90.5,0,0.2,0.4,1.5,0,99.6,0,47171,44131,43686,32418,43368,23,103,186,728,5,47718,2,7.3,91.1,0,0.2,0.2,1.1,3485,43686,23,80,83,542
E14001287,High Peak,47515,47315,96.9,80.5,79.5,78.8,78.8,0.4,0.6,0.9,2.6,0.3,99.2,0,46057,38266,37776,37424,37424,175,277,439,1258,152,47143,0,17.4,79.5,0.4,0.2,0.3,1.7,8281,37776,175,102,162,819
E14001288,Hinckley and Bosworth,49012,48971,98.7,77.3,75.7,59.4,74.7,0.1,0.2,0.4,1.2,0.1,99.7,0,48374,37872,37114,29119,36610,29,119,215,597,41,48859,0,23,75.7,0.1,0.2,0.2,0.8,11260,37114,29,90,96,382
E14001289,Hitchin,46886,46851,97.9,86.2,85.7,78.9,85.4,0.1,0.2,0.4,2,0.1,99.7,0,45924,40434,40176,37002,40060,35,96,173,927,59,46736,0,12.3,85.7,0.1,0.1,0.2,1.6,5748,40176,35,61,77,754
E14001290,Holborn and St Pancras,68753,68004,97.1,94.4,94.3,86.4,94.4,0,0,0,1.8,0,97.2,0,66786,64913,64852,59429,64913,0,0,4,1218,1,66810,0,2.8,94.3,0,0,0,1.8,1934,64852,0,0,4,1214
E14001291,Honiton and Sidmouth,47827,47776,91,63.8,63.8,63.8,63.8,0.3,1.4,3.1,8.8,0.6,96.9,1.3,43546,30520,30520,30520,30520,155,676,1474,4230,268,46361,622,27.2,63.8,0.3,1.1,1.7,5.8,13026,30520,155,521,798,2756
E14001292,Hornchurch and Upminster,46516,46363,98.2,91.9,91.7,85.3,91.3,0.1,0.2,0.4,1.5,0.2,99.1,0,45659,42735,42637,39656,42489,47,89,187,704,93,46090,0,6.5,91.7,0.1,0.1,0.2,1.1,3022,42637,47,42,98,517
E14001293,Hornsey and Friern Barnet,47324,47302,99.3,87.7,87.1,50.9,86.4,0,0,0.2,0.6,0,99.3,0,46995,41490,41217,24108,40885,0,4,103,307,1,46996,0,12.2,87.1,0,0,0.2,0.4,5778,41217,0,4,99,204
E14001294,Horsham,48762,48710,97.1,82.9,81.7,80.2,80.2,0.1,0.4,0.8,2.8,0.1,99.6,0,47366,40422,39852,39098,39098,30,202,368,1344,70,48587,0,15.4,81.7,0.1,0.4,0.3,2,7514,39852,30,172,166,976
E14001295,Houghton and Sunderland South,51222,51139,98.5,95.1,94.8,62.8,94.7,0.1,0.2,0.6,1.3,0,98.8,0,50455,48693,48584,32166,48503,41,105,292,684,7,50624,0,3.7,94.8,0.1,0.1,0.4,0.8,1871,48584,41,64,187,392
E14001296,Hove and Portslade,53983,53933,99.4,91.3,86.1,60.9,80.2,0,0,0.1,0.6,0,99.4,0,53636,49290,46466,32851,43302,0,8,79,297,1,53650,0,13.3,86.1,0,0,0.1,0.4,7170,46466,0,8,71,218
E14001297,Huddersfield,53836,53820,99.7,96.6,96.6,93.5,96.6,0,0,0.1,0.3,0,99.8,35.1,53652,52022,52022,50343,52022,7,25,36,168,2,53717,18888,3,96.6,0,0,0,0.2,1630,52022,7,18,11,132
E14001298,Huntingdon,52529,52168,97.1,87.3,86.5,71.5,86,0.2,0.6,1,2.2,0.2,98.5,0,51030,45878,45429,37573,45179,88,307,545,1138,120,51735,13,10.7,86.5,0.2,0.4,0.5,1.1,5601,45429,88,219,238,593
E14001299,Hyndburn,47701,47644,98.8,94.5,94.2,92.6,93.5,0,0.1,0.2,1,0,99.8,46.9,47146,45072,44916,44163,44600,19,53,77,498,3,47618,22366,4.7,94.2,0,0.1,0.1,0.9,2230,44916,19,34,24,421
E14001300,Ilford North,42343,42310,99.4,95.7,95.7,91.3,95.7,0,0.1,0.1,0.5,0,99.5,0,42088,40516,40516,38674,40516,12,34,55,222,3,42137,0,3.7,95.7,0,0.1,0,0.4,1572,40516,12,22,21,167
E14001301,Ilford South,44003,43947,98.8,92.5,92.5,85.4,92.5,0,0,0.2,1.1,0,98.9,0,43479,40699,40699,37560,40699,22,22,99,468,2,43504,0,6.3,92.5,0,0,0.2,0.8,2780,40699,22,0,77,369
S14000093,Inverclyde and Renfrewshire West,47895,47740,98.2,79.8,79.8,53.4,79.8,0.1,0.1,0.2,1.5,0,98.7,0,47022,38239,38239,25592,38239,41,57,119,718,5,47254,0,18.3,79.8,0.1,0,0.1,1.3,8783,38239,41,16,62,599
S14000094,"Inverness, Skye and West Ross-shire",60683,59922,89.2,64.2,64.2,64.2,64.2,1.7,3.1,5.3,9.5,1.1,93.3,0.6,54150,38971,38971,38971,38971,1019,1857,3232,5772,689,56615,392,25,64.2,1.7,1.4,2.3,4.2,15179,38971,1019,838,1375,2540
E14001302,Ipswich,55067,55029,99.6,97.1,96.7,94.1,95.7,0,0.1,0.1,0.3,0,99.6,0,54851,53483,53230,51833,52720,0,39,51,178,0,54866,0,2.9,96.7,0,0.1,0,0.2,1621,53230,0,39,12,127
E14001303,Isle of Wight East,40680,40529,97.5,87.3,87.3,87.3,87.3,0.1,0.2,0.3,2.1,0.1,99.5,0,39671,35508,35508,35508,35508,52,77,134,858,43,40486,0,10.2,87.3,0.1,0.1,0.1,1.8,4163,35508,52,25,57,724
E14001304,Isle of Wight West,38800,38729,95.5,84.5,84.5,84.5,84.5,0.4,1,1.5,4.3,0.2,99.5,0,37051,32784,32784,32784,32784,147,375,584,1678,84,38590,0,11,84.5,0.4,0.6,0.5,2.8,4267,32784,147,228,209,1094
E14001305,Islington North,55479,55466,98.6,95.6,95.6,77,95.6,0,0,0,1.4,0,98.6,0,54678,53025,53024,42744,53025,0,0,0,788,0,54682,0,3,95.6,0,0,0,1.4,1654,53024,0,0,0,788
E14001306,Islington South and Finsbury,69459,69186,97.3,94,94,87.1,94,0,0,0,2.3,0,97.3,0,67587,65313,65312,60519,65313,0,0,5,1599,13,67587,0,3.3,94,0,0,0,2.3,2275,65312,0,0,5,1594
E14001307,Jarrow and Gateshead East,47746,47729,98.5,94,94,59.3,94,0.1,0.5,0.7,1.5,0,98.6,0,47006,44870,44867,28324,44866,48,255,332,723,1,47078,0,4.5,94,0.1,0.4,0.2,0.8,2139,44867,48,207,77,391
E14001308,Keighley and Ilkley,45531,45489,97.9,93.6,92.4,86.2,91.7,0.1,0.2,0.5,2,0,99.2,74.3,44591,42611,42061,39247,41745,62,106,246,898,5,45174,33823,5.6,92.4,0.1,0.1,0.3,1.4,2530,42061,62,44,140,652
E14001309,Kenilworth and Southam,45905,45874,98,83.1,81.3,59.3,80.1,0.3,0.5,0.7,1.9,0.1,99.5,0.8,44990,38156,37303,27221,36752,123,225,312,884,44,45668,346,16.7,81.3,0.3,0.2,0.2,1.2,7687,37303,123,102,87,572
E14001310,Kensington and Bayswater,91131,91069,98.8,95.1,94.3,76.8,92.8,0,0,0.2,1.2,0,98.8,0,90003,86687,85930,69968,84575,1,1,138,1066,2,90003,0,4.5,94.3,0,0,0.2,1,4073,85930,1,0,137,928
E14001311,Kettering,53406,53379,99.1,95.7,95.7,93.4,95.7,0.1,0.2,0.4,0.8,0.1,99.6,0,52936,51085,51085,49903,51085,27,94,198,443,31,53185,0,3.5,95.7,0.1,0.1,0.2,0.5,1851,51085,27,67,104,245
S14000110,Kilmarnock and Loudoun,50293,50272,98.6,86.6,86.6,83.2,86.6,0.2,0.4,0.6,1.4,0.1,99.4,0,49566,43547,43547,41840,43547,97,178,319,706,31,49997,11,12,86.6,0.2,0.2,0.3,0.8,6019,43547,97,81,141,387
E14001312,Kingston and Surbiton,50886,50730,98.1,94.2,92.9,63.4,91.2,0,0,0.1,1.6,0,98.4,0,49924,47948,47277,32241,46417,0,7,52,806,1,50053,0,5.2,92.9,0,0,0.1,1.5,2647,47277,0,7,45,754
E14001313,Kingston upon Hull East,49539,49409,99.7,99.7,99.7,99.7,99.7,0,0,0,0,0,99.7,27.7,49401,49401,49401,49401,49401,0,1,8,8,3,49401,13730,0,99.7,0,0,0,0,0,49401,0,1,7,0
E14001314,Kingston upon Hull North and Cottingham,55137,54924,99.6,99.6,99.6,99.6,99.6,0,0,0,0,0,99.6,20.3,54924,54924,54924,54924,54924,0,0,0,0,6,54924,11214,0,99.6,0,0,0,0,0,54924,0,0,0,0
E14001315,Kingston upon Hull West and Haltemprice,55501,55216,99.5,99.5,99.5,99.5,99.5,0,0,0,0,0,99.5,21.1,55214,55214,55214,55214,55214,0,0,1,2,1,55214,11712,0,99.5,0,0,0,0,0,55214,0,0,1,1
E14001316,Kingswinford and South Staffordshire,42295,42264,97.5,87.5,87.2,85.7,86.9,0.1,0.3,0.5,2.4,0,99.6,4.8,41256,37007,36863,36238,36736,25,133,223,1008,9,42106,2039,10.4,87.2,0.1,0.3,0.2,1.9,4393,36863,25,108,90,785
E14001317,Knowsley,46684,46634,98.8,93.8,93.8,89.1,93.8,0,0.1,0.1,1.1,0,99.3,0,46133,43790,43790,41594,43790,8,45,56,501,13,46353,0,5,93.8,0,0.1,0,1,2343,43790,8,37,11,445
N05000009,Lagan Valley,50091,49939,99.1,95.2,95.2,94.3,95.2,0.1,0.1,0.1,0.6,0.1,99.7,0,49663,47677,47677,47259,47677,26,44,71,276,49,49917,0,4,95.2,0.1,0,0.1,0.4,1986,47677,26,18,27,205
E14001318,Lancaster and Wyre,45708,45647,97,84,82.6,81.4,82.6,0.3,0.6,0.9,2.9,0.1,99,5.7,44318,38379,37772,37212,37750,137,261,433,1329,49,45270,2602,14.3,82.6,0.3,0.3,0.4,2,6546,37772,137,124,172,896
E14001319,Leeds Central and Headingley,54283,54027,94.6,93.4,92.6,89.8,91.5,0,0,0.2,4.9,0,94.7,9,51358,50685,50260,48720,49692,0,27,111,2669,0,51383,4872,2,92.6,0,0,0.2,4.7,1098,50260,0,27,84,2558
E14001320,Leeds East,51345,51335,99.5,97.9,97.8,92.5,97.7,0,0,0.2,0.5,0,99.6,4.7,51093,50249,50220,47500,50173,1,9,121,242,2,51133,2407,1.7,97.8,0,0,0.2,0.2,873,50220,1,8,112,121
E14001321,Leeds North East,43030,43020,99.5,98,98,89.2,98,0,0,0,0.5,0,99.6,9.2,42801,42163,42159,38385,42154,2,4,11,219,1,42844,3940,1.5,98,0,0,0,0.5,642,42159,2,2,7,208
E14001322,Leeds North West,43835,43807,98.9,92.6,92.3,85.4,91.8,0,0.2,0.4,1,0,99.5,50.5,43371,40600,40481,37444,40259,14,101,155,436,1,43634,22145,6.6,92.3,0,0.2,0.1,0.6,2890,40481,14,87,54,281
E14001323,Leeds South,63869,63849,98.8,97.5,97,96.2,96.9,0,0.1,0.1,1.1,0,98.9,16.3,63118,62286,61956,61443,61859,18,39,51,731,0,63136,10394,1.8,97,0,0,0,1.1,1162,61956,18,21,12,680
E14001324,Leeds South West and Morley,47147,47134,99.5,98.8,98.8,98.4,98.7,0,0.1,0.2,0.5,0,99.7,36.2,46903,46588,46567,46413,46526,4,69,80,231,6,47000,17070,0.7,98.8,0,0.1,0,0.3,336,46567,4,65,11,151
E14001325,Leeds West and Pudsey,48572,48555,99.8,98.7,98.6,98.1,98.5,0,0,0,0.1,0,99.9,24.5,48496,47945,47912,47635,47840,0,0,2,59,1,48535,11898,1.2,98.6,0,0,0,0.1,584,47912,0,0,2,57
E14001326,Leicester East,44620,44597,99.9,99.3,99.3,98.1,99.3,0,0,0,0,0,99.9,0,44587,44286,44286,43750,44286,0,0,8,10,6,44587,0,0.7,99.3,0,0,0,0,301,44286,0,0,8,2
E14001327,Leicester South,49190,49150,99.4,95,94.5,88.3,94.4,0,0,0,0.6,0,99.4,0,48871,46710,46480,43458,46419,0,0,2,279,2,48875,0,4.9,94.5,0,0,0,0.6,2391,46480,0,0,2,277
E14001328,Leicester West,54712,54697,99.8,98.5,98.4,95.8,98.4,0,0,0,0.2,0,99.8,0,54609,53867,53841,52416,53832,0,12,21,88,0,54622,0,1.4,98.4,0,0,0,0.1,768,53841,0,12,9,67
E14001329,Leigh and Atherton,53956,53921,99.3,95.7,95.7,89.6,95.7,0,0,0.1,0.6,0,99.8,0,53587,51629,51629,48321,51629,1,3,32,334,0,53850,0,3.6,95.7,0,0,0.1,0.6,1958,51629,1,2,29,302
E14001330,Lewes,48068,48014,98.1,66.5,66.5,66.5,66.5,0,0.2,0.5,1.8,0.1,99.7,0,47156,31946,31946,31946,31946,23,114,236,858,60,47932,0,31.6,66.5,0,0.2,0.3,1.3,15210,31946,23,91,122,622
E14001331,Lewisham East,51126,51091,99.5,92,91.1,72.1,90,0,0,0.2,0.4,0,99.6,0,50872,47035,46557,36886,45988,0,0,87,219,1,50898,0,8.4,91.1,0,0,0.2,0.3,4315,46557,0,0,87,132
E14001332,Lewisham North,60084,59287,97.1,88.9,88.9,78.5,88.9,0,0,0,1.5,0,97.1,0,58366,53406,53406,47174,53406,0,0,2,921,3,58370,0,8.3,88.9,0,0,0,1.5,4960,53406,0,0,2,919
E14001333,Lewisham West and East Dulwich,45940,45911,98.8,93.7,93.3,77.2,93,0,0,0.1,1.1,0,98.8,0,45391,43024,42844,35451,42727,0,0,59,520,0,45394,0,5.5,93.3,0,0,0.1,1,2547,42844,0,0,59,461
E14001334,Leyton and Wanstead,48576,48554,98.7,94.1,93.6,79.3,92.7,0,0,0.4,1.2,0,98.7,0,47951,45728,45459,38504,45043,0,5,192,603,2,47963,0,5.1,93.6,0,0,0.4,0.8,2492,45459,0,5,187,411
E14001335,Lichfield,47108,47039,97.3,82.1,81.3,72,80.2,0.2,0.5,0.9,2.6,0.2,99.6,0,45837,38696,38297,33901,37772,80,259,420,1202,95,46923,0,16,81.3,0.2,0.4,0.3,1.7,7540,38297,80,179,161,782
E14001336,Lincoln,57222,55627,96.4,91.7,91.7,82.2,91.7,0,0,0.1,0.8,0,96.6,78.7,55158,52483,52483,47026,52483,3,16,41,469,5,55283,45026,4.7,91.7,0,0,0,0.7,2675,52483,3,13,25,428
E14001337,Liverpool Garston,44168,44131,99.5,95.1,95.1,92.1,95.1,0,0,0,0.4,0,99.9,0,43945,42022,41998,40698,42018,4,7,15,186,0,44104,0,4.4,95.1,0,0,0,0.4,1947,41998,4,3,8,171
E14001338,Liverpool Riverside,66249,64942,87.4,79.7,77.7,70.6,76.6,0,0,0.6,10.6,0,87.6,0,57905,52823,51467,46798,50772,0,5,426,7037,9,58029,0,9.7,77.7,0,0,0.6,10,6438,51467,0,5,421,6611
E14001339,Liverpool Walton,46766,46730,99.7,96.8,96.8,91.5,96.8,0.1,0.1,0.1,0.2,0,99.8,0,46636,45250,45250,42778,45250,37,38,48,94,0,46664,0,3,96.8,0.1,0,0,0.1,1386,45250,37,1,10,46
E14001340,Liverpool Wavertree,47162,46770,97.3,92.2,91.5,85.2,90.9,0,0,0.2,1.9,0,98.8,0,45887,43495,43160,40200,42851,0,7,76,883,2,46618,0,5.8,91.5,0,0,0.1,1.7,2727,43160,0,7,69,807
E14001341,Liverpool West Derby,45552,45518,99.8,97.4,97.4,94.4,97.3,0,0,0,0.1,0,99.8,0,45452,44370,44359,43015,44338,0,8,10,66,1,45481,0,2.4,97.4,0,0,0,0.1,1093,44359,0,8,2,56
S14000095,Livingston,50790,50767,98.1,92.3,91.6,71,91.1,0.1,0.3,0.9,1.9,0,98.7,0,49807,46889,46503,36057,46283,62,168,442,960,22,50137,0,6.5,91.6,0.1,0.2,0.5,1,3304,46503,62,106,274,518
W07000098,Llanelli,47056,46987,97.5,83,83,83,83,0.4,0.7,1,2.3,0.2,99.5,0.9,45898,39057,39057,39057,39057,186,325,472,1089,83,46839,404,14.5,83,0.4,0.3,0.3,1.3,6841,39057,186,139,147,617
S14000096,Lothian East,48728,48652,95.7,87.7,87.7,87.7,87.7,0.5,1.2,2.2,4.1,0.2,98.4,20.6,46637,42742,42742,42742,42742,230,597,1081,2015,113,47966,10025,8,87.7,0.5,0.8,1,1.9,3895,42742,230,367,484,934
E14001342,Loughborough,44088,44055,99.3,89.6,88,79.1,86.7,0,0.2,0.3,0.7,0,99.8,0,43767,39503,38793,34876,38207,22,102,134,288,9,43997,0,11.3,88,0,0.2,0.1,0.3,4974,38793,22,80,32,154
E14001343,Louth and Horncastle,50898,50843,92.1,56.8,56.5,47.9,56.3,0.7,1.8,2.9,7.8,0.4,98.6,52.9,46873,28906,28764,24396,28672,374,941,1480,3970,217,50201,26932,35.6,56.5,0.7,1.1,1.1,4.9,18109,28764,374,567,539,2490
E14001344,Lowestoft,47952,47918,99.4,95.6,95.6,95.6,95.6,0,0.2,0.3,0.5,0.1,99.7,0,47675,45862,45862,45862,45862,2,81,122,243,47,47787,1,3.8,95.6,0,0.2,0.1,0.3,1813,45862,2,79,41,121
E14001345,Luton North,42842,42830,100,98.7,98.3,85.4,97.8,0,0,0,0,0,100,0,42826,42294,42127,36579,41919,0,2,2,4,1,42828,0,1.6,98.3,0,0,0,0,699,42127,0,2,0,2
E14001346,Luton South and South Bedfordshire,52790,52708,99.1,95.3,95.2,93.8,95.1,0.1,0.4,0.4,0.7,0,99.5,0,52313,50304,50266,49511,50212,69,220,235,395,12,52518,0,3.9,95.2,0.1,0.3,0,0.3,2047,50266,69,151,15,160
E14001347,Macclesfield,48758,48710,95.7,79.9,79.9,60.9,79.9,0.2,0.7,1.4,4.2,0.3,98.5,0,46651,38963,38963,29673,38963,90,353,706,2059,131,48041,0,15.8,79.9,0.2,0.5,0.7,2.8,7688,38963,90,263,353,1353
E14001348,Maidenhead,47881,47850,98.9,89.5,88.1,81.4,87,0,0.2,0.3,1.1,0,99.5,0,47339,42855,42174,38961,41672,19,88,140,511,10,47645,0,10.8,88.1,0,0.1,0.1,0.8,5165,42174,19,69,52,371
E14001349,Maidstone and Malling,50309,50218,95.9,88.3,85.8,71.3,82.7,0,0.1,0.4,3.9,0,96.4,61.9,48262,44408,43140,35871,41626,0,71,199,1956,6,48518,31140,10.2,85.8,0,0.1,0.3,3.5,5122,43140,0,71,128,1757
E14001350,Makerfield,47777,47746,99.5,97.1,97,84.2,96.7,0,0,0,0.4,0,99.7,2.5,47543,46369,46326,40237,46206,0,4,11,203,3,47653,1213,2.5,97,0,0,0,0.4,1217,46326,0,4,7,192
E14001351,Maldon,47358,47295,96.7,75.8,75.5,73.1,74.9,0.1,0.2,0.9,3.2,0.1,99,2.5,45801,35892,35770,34624,35459,32,91,446,1494,44,46908,1173,21.2,75.5,0.1,0.1,0.7,2.2,10031,35770,32,59,355,1048
E14001352,Manchester Central,75676,75630,95.7,88,87.6,82.4,87.3,0,0,0.8,4.3,0,95.8,0,72404,66563,66330,62327,66037,0,11,607,3226,1,72467,0,8,87.6,0,0,0.8,3.5,6074,66330,0,11,596,2619
E14001353,Manchester Rusholme,48338,43845,89.7,80.4,78.7,77,78.4,0,0,0,1,0,89.8,0,43364,38867,38054,37208,37888,0,0,14,481,1,43394,0,11,78.7,0,0,0,1,5310,38054,0,0,14,467
E14001354,Manchester Withington,40763,40748,99.5,96.6,95.1,88,94,0,0,0.1,0.4,0,99.5,0,40573,39386,38750,35889,38307,0,0,25,175,3,40579,0,4.5,95.1,0,0,0.1,0.4,1823,38750,0,0,25,150
E14001355,Mansfield,52030,51978,99.4,96.4,96,84.8,95.7,0,0,0,0.5,0,99.8,0,51697,50150,49942,44147,49775,5,18,20,281,13,51933,0,3.4,96,0,0,0,0.5,1755,49942,5,13,2,261
E14001356,Melksham and Devizes,44507,44462,96.3,64.3,64.2,55.5,64.2,0.1,0.4,0.7,3.6,0.1,99.7,0,42848,28605,28575,24703,28562,33,158,310,1614,33,44356,0,32.1,64.2,0.1,0.3,0.3,2.9,14273,28575,33,125,152,1304
E14001357,Melton and Syston,46071,45953,97.5,79.4,79,70.2,78.6,0.4,0.7,1,2.3,0.4,99,1,44912,36589,36407,32324,36227,186,334,466,1041,167,45631,455,18.5,79,0.4,0.3,0.3,1.2,8505,36407,186,148,132,575
E14001358,Meriden and Solihull East,46235,46208,98.3,92.6,92.6,71.4,92.5,0.1,0.3,1,1.6,0,98.8,0,45465,42826,42795,33016,42776,48,129,457,743,9,45672,0,5.8,92.6,0.1,0.2,0.7,0.6,2670,42795,48,81,328,286
W07000099,Merthyr Tydfil and Aberdare,49964,49868,98.8,77.3,77.3,77.3,77.3,0.1,0.2,0.3,1,0.1,99.6,0.9,49373,38608,38608,38608,38608,60,88,151,495,33,49745,454,21.5,77.3,0.1,0.1,0.1,0.7,10765,38608,60,28,63,344
W07000100,Mid and South Pembrokeshire,54813,54774,96.6,67.8,67.8,67.8,67.8,0.7,1.2,1.6,3.4,0.4,99,0.6,52923,37183,37183,37183,37183,398,670,901,1851,197,54243,334,28.7,67.8,0.7,0.5,0.4,1.7,15740,37183,398,272,231,950
E14001359,Mid Bedfordshire,45950,45331,96.1,82,80.3,55.2,79.1,0.2,0.4,0.8,2.5,0.1,98,0,44179,37668,36916,25387,36338,78,190,389,1152,51,45010,0,15.8,80.3,0.2,0.2,0.4,1.7,7263,36916,78,112,199,763
E14001360,Mid Buckinghamshire,44283,44247,96.1,74.8,73.3,66.2,71.8,0.2,0.7,1.1,3.8,0.2,98.5,0.5,42567,33109,32448,29337,31802,106,309,493,1680,78,43622,204,22.9,73.3,0.2,0.5,0.4,2.7,10119,32448,106,203,184,1187
E14001361,Mid Cheshire,46174,46115,99,95.8,95.1,94.9,94.9,0,0.2,0.3,0.8,0,99.8,0,45728,44213,43908,43810,43810,8,82,122,387,15,46084,0,3.9,95.1,0,0.2,0.1,0.6,1820,43908,8,74,40,265
E14001362,Mid Derbyshire,42664,42642,98.6,91.8,91.3,85.6,90.8,0.3,0.4,0.5,1.3,0,99.4,0,42072,39165,38969,36512,38753,147,188,224,570,18,42421,0,7.3,91.3,0.3,0.1,0.1,0.8,3103,38969,147,41,36,346
E14001363,Mid Dorset and North Poole,45503,45469,97.7,83.9,83.9,72.8,83.9,0.1,0.2,0.3,2.3,0.2,99.5,0,44436,38172,38172,33138,38172,27,78,147,1033,72,45274,1,13.8,83.9,0.1,0.1,0.2,1.9,6264,38172,27,51,69,886
S14000097,Mid Dunbartonshire,44002,43975,98,92,91.8,76.3,91.5,0.1,0.2,0.3,1.9,0,98.8,0,43128,40473,40380,33558,40271,55,86,119,847,9,43456,0,6.2,91.8,0.1,0.1,0.1,1.7,2748,40380,55,31,33,728
E14001364,Mid Leicestershire,45217,45201,99.2,88.9,88.4,76.4,88,0,0.1,0.2,0.8,0,99.9,0,44852,40218,39987,34561,39773,13,54,88,349,22,45163,0,10.8,88.4,0,0.1,0.1,0.6,4865,39987,13,41,34,261
E14001365,Mid Norfolk,46939,46848,94.8,62.7,62.7,62.7,62.7,0.5,1.1,1.8,5,0.9,98.9,0.1,44497,29417,29417,29417,29417,246,515,836,2351,427,46414,40,32.1,62.7,0.5,0.6,0.7,3.2,15080,29417,246,269,321,1515
E14001366,Mid Sussex,46760,46731,98.6,85.8,85.8,85.8,85.8,0.1,0.1,0.2,1.3,0,99.8,0,46116,40138,40138,40138,40138,28,59,93,615,14,46669,0,12.8,85.8,0.1,0.1,0.1,1.1,5978,40138,28,31,34,522
N05000010,Mid Ulster,43893,43860,98.6,94.2,94.2,94.2,94.2,0.2,0.4,0.5,1.3,0.2,99.8,0,43275,41342,41342,41342,41342,78,161,219,585,69,43798,0,4.4,94.2,0.2,0.2,0.1,0.8,1933,41342,78,83,58,366
E14001367,Middlesbrough and Thornaby East,55491,55403,97,93.7,93.7,68.5,93.7,0,0.4,1.3,2.8,0,97.1,23.2,53844,51989,51986,38002,51984,1,221,726,1559,3,53858,12850,3.3,93.7,0,0.4,0.9,1.5,1858,51986,1,220,505,833
E14001368,Middlesbrough South and East Cleveland,45930,45904,97.2,86.7,86.6,25.7,86.4,0.2,0.6,1,2.8,0.1,98.7,3.4,44623,39817,39761,11817,39696,99,266,476,1281,26,45317,1566,10.6,86.6,0.2,0.4,0.5,1.8,4862,39761,99,167,210,805
S14000045,Midlothian,46045,45968,98.9,90.6,90.6,90.6,90.6,0.1,0.2,0.5,0.9,0.1,99.6,3,45548,41712,41712,41712,41712,42,111,209,420,67,45846,1362,8.3,90.6,0.1,0.1,0.2,0.5,3836,41712,42,69,98,211
E14001369,Milton Keynes Central,58411,58388,99.5,95.8,95.6,95.4,95.4,0,0.1,0.3,0.4,0,99.7,0,58137,55938,55837,55725,55725,24,49,160,251,10,58214,0,3.9,95.6,0,0,0.2,0.2,2300,55837,24,25,111,91
E14001370,Milton Keynes North,46605,46577,99.1,95.5,95.2,94.9,94.9,0.1,0.2,0.3,0.8,0,99.8,0,46196,44485,44374,44239,44243,33,93,130,381,8,46506,1,3.9,95.2,0.1,0.1,0.1,0.5,1822,44374,33,60,37,251
E14001371,Mitcham and Morden,48394,48364,99.7,96.2,96.1,86.3,96.1,0,0,0,0.2,0,99.7,0,48257,46535,46520,41760,46517,0,0,5,107,3,48263,0,3.6,96.1,0,0,0,0.2,1737,46520,0,0,5,102
W07000101,Monmouthshire,46681,46607,93.2,76.3,75.9,75.5,75.5,0.6,1.7,3.3,6.7,0.8,97.9,0.8,43498,35601,35434,35248,35248,276,792,1553,3109,359,45702,355,17.3,75.9,0.6,1.1,1.6,3.3,8064,35434,276,516,761,1556
W07000102,Montgomeryshire and Glyndwr,50437,50039,90.7,74.4,74.4,74.3,74.3,1.2,3,5,8.5,1.6,95.9,28.5,45761,37530,37524,37496,37496,583,1531,2535,4278,787,48390,14369,16.3,74.4,1.2,1.9,2,3.5,8237,37524,583,948,1004,1743
S14000098,"Moray West, Nairn and Strathspey",55987,55736,90.1,59.9,59.9,59.9,59.9,1.3,3.1,5,9.4,1.9,96.1,0.1,50449,33532,33532,33532,33532,716,1750,2813,5287,1054,53780,28,30.2,59.9,1.3,1.8,1.9,4.4,16917,33532,716,1034,1063,2474
E14001372,Morecambe and Lunesdale,51566,51496,98.8,88.7,87.9,85.5,87.4,0.1,0.3,0.4,1.1,0,99.6,6.2,50929,45764,45317,44113,45071,74,131,201,567,17,51375,3209,10.9,87.9,0.1,0.1,0.1,0.7,5612,45317,74,57,70,366
S14000099,"Motherwell, Wishaw and Carluke",49422,49409,98.4,89.6,89.6,67,89.6,0.1,0.3,0.6,1.6,0,99.2,0,48632,44293,44293,33121,44293,52,127,285,777,20,49051,0,8.8,89.6,0.1,0.2,0.3,1,4339,44293,52,75,158,492
S14000027,Na h-Eileanan An Iar,17722,16378,79.9,10.3,10.3,10.3,10.3,2.2,3.2,4.9,12.5,2.8,89.2,0,14166,1819,1819,1819,1819,385,572,862,2212,495,15800,0,69.7,10.3,2.2,1.1,1.6,7.6,12347,1819,385,187,290,1350
W07000103,Neath and Swansea East,48879,48810,98.4,79,78.2,68.2,77.8,0,0.1,0.3,1.5,0.1,99.2,23.3,48085,38629,38243,33322,38050,11,45,137,725,28,48474,11381,20.1,78.2,0,0.1,0.2,1.2,9842,38243,11,34,92,588
E14001373,New Forest East,42938,42915,96.2,78.8,78.1,73.2,77.5,0.2,0.3,0.5,3.8,0.3,99.3,0,41295,33817,33540,31446,33289,72,136,234,1620,128,42642,0,18.1,78.1,0.2,0.1,0.2,3.2,7755,33540,72,64,98,1386
E14001374,New Forest West,45608,45580,97.5,68.2,68.2,68.2,68.2,0.2,0.3,0.5,2.5,0.2,99.7,0,44445,31112,31112,31112,31112,72,122,216,1135,83,45490,9,29.2,68.2,0.2,0.1,0.2,2,13333,31112,72,50,94,919
E14001375,Newark,53451,53323,96.9,71,70.4,61.4,70.1,0.4,0.7,1,2.8,0.1,99.2,28.6,51801,37963,37650,32816,37456,188,354,549,1522,77,52999,15285,26.5,70.4,0.4,0.3,0.4,1.8,14151,37650,188,166,195,973
E14001376,Newbury,46553,46521,98.3,89,87.3,70.3,85.4,0,0.4,0.8,1.6,0.1,99,0,45781,41421,40655,32744,39736,23,202,358,740,36,46069,0,11,87.3,0,0.4,0.3,0.8,5126,40655,23,179,156,382
E14001377,Newcastle upon Tyne Central and West,61759,61535,97,93.9,93.4,86.1,92.7,0,0,0,2.7,0,97,0,59884,57967,57710,53173,57248,1,3,10,1651,11,59933,0,3.5,93.4,0,0,0,2.7,2174,57710,1,2,7,1641
E14001378,Newcastle upon Tyne East and Wallsend,57023,56928,99.1,95.2,94.2,84.6,93.2,0,0,0.5,0.8,0,99.1,0,56499,54299,53737,48229,53141,7,9,284,429,7,56521,0,4.8,94.2,0,0,0.5,0.3,2762,53737,7,2,275,145
E14001379,Newcastle upon Tyne North,50796,50760,99.6,95.2,95,92,94.9,0,0,0.1,0.3,0,99.7,0,50587,48364,48236,46738,48208,0,2,40,173,6,50641,0,4.6,95,0,0,0.1,0.3,2351,48236,0,2,38,133
E14001380,Newcastle-under-Lyme,47126,46826,98.3,83.2,83.2,68.6,83.2,0,0,0.2,1.1,0,99.3,0.2,46321,39195,39195,32310,39195,9,18,92,505,16,46773,111,15.1,83.2,0,0,0.2,0.9,7126,39195,9,9,74,413
W07000104,Newport East,53622,53570,98,92.3,92,86.1,91.8,0.1,0.3,0.7,1.9,0,98.4,34.4,52550,49487,49323,46195,49247,41,164,380,1020,26,52754,18420,6,92,0.1,0.2,0.4,1.2,3227,49323,41,123,216,640
W07000105,Newport West and Islwyn,46878,46819,99.2,92.9,92.5,88,92.3,0,0.1,0.2,0.7,0,99.8,17.9,46504,43538,43374,41240,43272,16,47,81,315,2,46767,8378,6.7,92.5,0,0.1,0.1,0.5,3130,43374,16,31,34,234
N05000011,Newry and Armagh,48163,47738,97.3,90,90,90,90,0.4,0.7,0.8,1.8,0.6,99.1,4.2,46855,43370,43370,43370,43370,177,317,399,883,285,47706,2022,7.2,90,0.4,0.3,0.2,1,3485,43370,177,140,82,484
E14001381,Newton Abbot,47107,47070,96.9,83.1,83.1,81.3,83.1,0.3,1,1.3,3,0.1,99.3,26.6,45651,39160,39160,38288,39160,158,470,631,1419,66,46782,12520,13.8,83.1,0.3,0.7,0.3,1.7,6491,39160,158,312,161,788
E14001382,Newton Aycliffe and Spennymoor,49234,49206,98,85.8,85.1,84.8,84.8,0.2,0.5,0.7,1.9,0.1,99.7,0,48264,42227,41896,41731,41732,76,264,337,942,28,49085,6,12.9,85.1,0.2,0.4,0.1,1.2,6368,41896,76,188,73,605
E14001383,Normanton and Hemsworth,49771,49701,98.6,93.7,93.7,92.7,93.6,0.1,0.1,0.5,1.2,0,99.3,62.3,49090,46658,46635,46142,46573,27,62,255,611,23,49414,30988,4.9,93.7,0.1,0.1,0.4,0.7,2455,46635,27,35,193,356
N05000012,North Antrim,49092,49027,98.6,94,94,94,94,0.1,0.3,0.5,1.2,0.2,99.6,0,48415,46140,46140,46140,46140,63,142,226,612,103,48902,0,4.6,94,0.1,0.2,0.2,0.8,2275,46140,63,79,84,386
S14000048,North Ayrshire and Arran,51999,51981,97.7,75.4,75.4,75.4,75.4,0.1,0.3,0.5,2.3,0,99.4,0.3,50800,39188,39188,39188,39188,60,155,266,1181,23,51683,181,22.3,75.4,0.1,0.2,0.2,1.8,11612,39188,60,95,111,915
E14001384,North Bedfordshire,48556,48510,96.7,76.6,76,69.3,75.7,0.3,0.7,1.2,3.2,0.1,99.4,0.2,46961,37202,36907,33650,36743,149,332,588,1549,56,48275,97,20.7,76,0.3,0.4,0.5,2,10054,36907,149,183,256,961
E14001385,North Cornwall,57399,57138,92.1,64.5,64.5,64.5,64.5,0.4,1.1,2,7.5,0.5,95.8,16.8,52836,37007,37007,37007,37007,258,631,1154,4302,293,55007,9663,27.6,64.5,0.4,0.6,0.9,5.5,15829,37007,258,373,523,3148
E14001386,North Cotswolds,48711,48659,95,80.6,80.5,66.3,80.4,0.1,0.5,1.8,4.9,0.2,96.3,0.1,46253,39280,39208,32296,39140,58,249,895,2406,100,46898,51,14.5,80.5,0.1,0.4,1.3,3.1,7045,39208,58,191,646,1511
E14001387,North Devon,53844,53736,92.7,65.1,65.1,65.1,65.1,1,2.1,3.5,7.1,0.6,96.8,55,49904,35076,35076,35076,35076,539,1122,1902,3832,298,52105,29603,27.5,65.1,1,1.1,1.4,3.6,14828,35076,539,583,780,1930
E14001388,North Dorset,45356,45319,98.1,85.8,85.6,85.4,85.4,0.2,0.3,0.6,1.9,0.1,99.6,1.3,44474,38894,38846,38753,38753,76,147,260,845,62,45165,605,12.4,85.6,0.2,0.2,0.2,1.3,5628,38846,76,71,113,585
N05000013,North Down,47651,47624,99.9,96.3,96.3,95.7,96.3,0,0,0,0.1,0,99.9,0,47585,45902,45902,45585,45902,3,12,14,39,7,47621,0,3.5,96.3,0,0,0,0.1,1683,45902,3,9,2,25
E14001389,North Durham,48629,48602,98,88.5,88.2,80.5,87.8,0.2,0.3,0.6,2,0.2,99.8,2.4,47647,43046,42889,39141,42720,84,158,271,955,73,48538,1161,9.8,88.2,0.2,0.2,0.2,1.4,4758,42889,84,74,113,684
E14001390,North East Cambridgeshire,50298,50256,97.1,86.3,86.3,81.6,86.3,0.3,0.7,0.9,2.8,0.2,99.3,0,48845,43431,43431,41047,43431,128,328,468,1411,94,49939,20,10.8,86.3,0.3,0.4,0.3,1.9,5414,43431,128,200,140,943
E14001391,North East Derbyshire,46359,46322,97.8,87.8,87.5,87.2,87.2,0.2,0.5,0.8,2.1,0.1,99.7,0,45336,40703,40542,40439,40447,78,231,364,986,31,46202,0,10.3,87.5,0.2,0.3,0.3,1.3,4794,40542,78,153,133,622
S14000100,North East Fife,50257,49871,97.3,61.8,61.6,59.7,61.5,0.1,0.5,0.9,1.9,0.1,98.7,0,48916,31052,30951,30001,30906,72,263,460,955,61,49624,3,35.7,61.6,0.1,0.4,0.4,1,17965,30951,72,191,197,495
E14001392,North East Hampshire,46114,46089,96.9,82.8,82.8,72.8,82.8,0.1,0.5,0.8,3,0.1,99.7,0,44688,38180,38180,33575,38180,49,238,391,1401,45,45961,0,14.1,82.8,0.1,0.4,0.3,2.2,6508,38180,49,189,153,1010
E14001393,North East Hertfordshire,47849,47818,97.3,83.9,83.4,66.5,82.9,0.1,0.4,0.9,2.7,0.2,99,0.3,46545,40158,39888,31828,39652,55,185,407,1273,81,47379,128,13.9,83.4,0.1,0.3,0.5,1.8,6657,39888,55,130,222,866
E14001394,North East Somerset and Hanham,43111,43077,97.9,85.8,85.3,54,84.9,0.1,0.2,0.4,2,0.1,98.9,0,42201,36980,36782,23266,36584,35,70,154,876,27,42656,0,12.6,85.3,0.1,0.1,0.2,1.7,5419,36782,35,35,84,722
E14001395,North Herefordshire,45277,45229,95.1,81.4,79.7,81,81,0.2,0.9,1.8,4.8,0.4,98,30.9,43045,36877,36076,36660,36660,102,429,832,2184,184,44350,14007,15.4,79.7,0.2,0.7,0.9,3,6969,36076,102,327,403,1352
E14001396,North Norfolk,52937,52815,95.1,48.1,48.1,48.1,48.1,0.3,0.8,1.3,4.6,1,98.9,0,50366,25476,25476,25476,25476,175,424,704,2449,532,52377,8,47,48.1,0.3,0.5,0.5,3.3,24890,25476,175,249,280,1745
E14001397,North Northumberland,49882,49816,95.9,73.8,73.8,73.8,73.8,0.6,1.2,2,4,0.6,98.6,0.1,47832,36808,36808,36808,36808,290,612,978,1984,311,49203,55,22.1,73.8,0.6,0.6,0.7,2,11024,36808,290,322,366,1006
E14001398,North Shropshire,49549,49514,94.3,80.3,78.7,78.2,78.2,0.4,1.2,2.2,5.6,0.3,98.9,40.7,46721,39785,38991,38752,38752,202,607,1068,2793,145,49001,20169,15.6,78.7,0.4,0.8,0.9,3.5,7730,38991,202,405,461,1725
E14001399,North Somerset,45036,45014,96.1,89.3,88.7,76.6,88.1,0.1,0.6,1.2,3.8,0.2,97.7,0,43284,40203,39959,34498,39679,45,291,527,1730,95,44000,0,7.4,88.7,0.1,0.5,0.5,2.7,3325,39959,45,246,236,1203
E14001400,North Warwickshire and Bedworth,44959,44875,98.3,77.1,76.7,47.7,76.3,0.2,0.4,0.5,1.6,0,99.4,0,44175,34658,34468,21438,34285,77,167,227,700,5,44690,0,21.6,76.7,0.2,0.2,0.1,1.1,9707,34468,77,90,60,473
E14001401,North West Cambridgeshire,54169,54154,99.1,93.8,93.7,92.8,93.5,0.1,0.3,0.4,0.8,0,99.9,0,53694,50807,50730,50250,50665,77,173,212,460,21,54091,0,5.5,93.7,0.1,0.2,0.1,0.5,2964,50730,77,96,39,248
E14001402,North West Essex,49410,49244,96,82.6,82.2,70.2,81.9,0.2,0.6,1.2,3.7,0.4,97.6,1.4,47416,40796,40631,34702,40479,114,297,606,1828,212,48220,699,13.7,82.2,0.2,0.4,0.6,2.5,6785,40631,114,183,309,1222
E14001403,North West Hampshire,49816,49780,96.3,74.2,74,59.7,73.9,0.2,0.5,1.1,3.7,0.2,98.6,0,47961,36976,36875,29747,36808,116,264,549,1819,121,49133,0,22.3,74,0.2,0.3,0.6,2.5,11086,36875,116,148,285,1270
E14001404,North West Leicestershire,49424,49396,98.4,90,89.7,69.7,89.3,0.2,0.5,0.8,1.5,0.1,99.5,0,48647,44505,44356,34452,44117,75,235,371,749,63,49161,0,8.7,89.7,0.2,0.3,0.3,0.8,4291,44356,75,160,136,378
E14001405,North West Norfolk,56019,55950,96.5,66.8,65.8,65,65,0.2,0.6,0.9,3.3,0.3,99,0,54079,37438,36848,36424,36435,121,331,492,1871,169,55464,1,30.8,65.8,0.2,0.4,0.3,2.5,17231,36848,121,210,161,1379
E14001406,Northampton North,60043,59608,99.1,95.6,95.6,93.8,95.6,0,0,0,0.2,0,99.1,0,59504,57430,57407,56337,57387,0,5,30,104,1,59514,0,3.5,95.6,0,0,0,0.1,2097,57407,0,5,25,74
E14001407,Northampton South,48380,47969,98.2,96.7,96.4,94.6,96.3,0,0.1,0.1,0.9,0,99,0,47513,46794,46661,45781,46590,9,33,70,456,6,47911,15,1.8,96.4,0,0,0.1,0.8,852,46661,9,24,37,386
E14001408,Norwich North,45240,45214,99.6,96.6,96,85.6,95.6,0,0,0.1,0.4,0,99.7,0,45045,43692,43445,38747,43260,2,3,48,169,1,45105,16,3.5,96,0,0,0.1,0.3,1600,43445,2,1,45,121
E14001409,Norwich South,43963,43080,97.4,89.3,87.8,69.7,86,0,0,0,0.6,0,97.4,0,42798,39249,38604,30655,37804,0,3,18,282,14,42831,0,9.5,87.8,0,0,0,0.6,4194,38604,0,3,15,264
E14001410,Nottingham East,59190,59126,98.7,95.6,94.8,79.8,94.1,0,0,0.1,1.2,0,98.8,0,58444,56603,56093,47255,55691,0,0,87,682,0,58453,0,4,94.8,0,0,0.1,1,2351,56093,0,0,87,595
E14001411,Nottingham North and Kimberley,49496,49489,99.8,99,98.9,93.8,98.9,0,0,0,0.2,0,99.9,0,49392,49009,48967,46448,48931,6,6,8,97,1,49469,0,0.9,98.9,0,0,0,0.2,425,48967,6,0,2,89
E14001412,Nottingham South,44827,44816,99.8,98.1,97.9,84.9,97.8,0,0,0,0.2,0,99.8,0,44742,43994,43869,38056,43834,1,10,11,74,1,44748,0,1.9,97.9,0,0,0,0.1,873,43869,1,9,1,63
E14001413,Nuneaton,47638,47617,99.3,93.2,93.2,84.2,93.2,0.1,0.2,0.2,0.7,0,99.6,0,47305,44382,44375,40108,44382,28,82,111,312,4,47431,0,6.2,93.2,0.1,0.1,0.1,0.4,2930,44375,28,54,29,201
E14001414,Old Bexley and Sidcup,43478,43451,99.2,93.7,93.5,86.2,93.3,0,0,0.1,0.7,0,99.4,0,43134,40725,40640,37465,40556,6,8,41,317,9,43230,0,5.7,93.5,0,0,0.1,0.6,2494,40640,6,2,33,276
E14001415,Oldham East and Saddleworth,45799,45769,99.1,96.1,96,92.7,96,0.1,0.2,0.3,0.9,0,99.9,0,45379,43998,43975,42472,43961,54,100,118,390,5,45748,3,3.1,96,0.1,0.1,0,0.6,1404,43975,54,46,18,272
E14001416,"Oldham West, Chadderton and Royton",44512,44503,99.8,97.6,97.6,92.8,97.6,0,0,0,0.1,0,100,0,44445,43457,43451,41321,43448,0,0,0,58,2,44495,2,2.2,97.6,0,0,0,0.1,994,43451,0,0,0,58
S14000051,Orkney and Shetland,26652,26410,84.1,21.1,21.1,21.1,21.1,1.9,4.1,8.6,14.9,2.3,91.8,0,22426,5619,5619,5619,5619,503,1095,2291,3984,626,24462,0,63.1,21.1,1.9,2.2,4.5,6.4,16807,5619,503,592,1196,1693
E14001417,Orpington,42594,42588,98.8,96.4,96.4,85.5,96.4,0.1,0.2,0.3,1.2,0,99.4,0,42065,41066,41066,36421,41066,42,95,142,523,1,42336,0,2.3,96.4,0.1,0.1,0.1,0.9,999,41066,42,53,47,381
E14001418,Ossett and Denby Dale,45286,45239,99.1,94.9,94.9,94.5,94.9,0,0.1,0.2,0.8,0,99.6,56.6,44857,42969,42969,42782,42969,4,59,89,382,13,45125,25640,4.2,94.9,0,0.1,0.1,0.6,1888,42969,4,55,30,293
E14001419,Oxford East,51335,49918,96.1,85.1,81.6,41.8,79.1,0,0.1,0.3,1.1,0.2,96.3,0,49339,43699,41880,21438,40625,1,47,175,579,95,49448,0,14.5,81.6,0,0.1,0.2,0.8,7459,41880,1,46,128,404
E14001420,Oxford West and Abingdon,46585,46141,98,86.9,82.9,43.2,79.4,0,0,0.1,1.1,0,98.2,0,45642,40469,38637,20137,37010,2,6,53,499,8,45752,0,15,82.9,0,0,0.1,1,7005,38637,2,4,47,446
S14000101,Paisley and Renfrewshire North,49441,49422,99,96.7,96.7,89.4,96.7,0.1,0.2,0.5,1,0,99.1,0,48951,47804,47804,44207,47804,36,90,259,471,3,49008,0,2.3,96.7,0.1,0.1,0.3,0.4,1147,47804,36,54,169,212
S14000102,Paisley and Renfrewshire South,51446,51438,99.6,95.9,95.9,93.3,95.9,0,0.1,0.1,0.4,0,99.8,0,51218,49333,49333,47979,49333,11,26,49,220,6,51341,0,3.7,95.9,0,0,0,0.3,1885,49333,11,15,23,171
E14001421,Peckham,52592,52393,96.4,89.4,89.4,80.1,89.4,0,0,0.1,3.2,0,96.4,0,50706,46993,46993,42150,46993,0,0,46,1687,1,50709,0,7.1,89.4,0,0,0.1,3.1,3713,46993,0,0,46,1641
E14001422,Pendle and Clitheroe,54129,54068,97.4,91.8,91.8,90.4,91.8,0.3,0.7,0.9,2.5,0.1,99.3,43.5,52723,49694,49691,48946,49691,180,366,498,1345,56,53727,23553,5.6,91.8,0.3,0.3,0.2,1.6,3032,49691,180,186,132,847
E14001423,Penistone and Stocksbridge,43458,43429,98.3,84.6,84.5,83.6,84.5,0.1,0.4,0.7,1.7,0,99.4,9.2,42703,36772,36735,36314,36706,49,166,311,726,12,43196,3980,13.7,84.5,0.1,0.3,0.3,1,5968,36735,49,117,145,415
E14001424,Penrith and Solway,53951,53847,93,71,71,71,71,1.2,2.3,3.3,6.8,0.6,98.6,6.2,50161,38301,38300,38301,38301,662,1251,1801,3686,306,53205,3333,22,71,1.2,1.1,1,3.5,11861,38300,662,589,550,1885
S14000103,Perth and Kinross-shire,53862,53815,94.1,67.2,66.1,36.7,64.9,0.8,1.8,2.9,5.8,0.5,98.3,0.2,50690,36211,35585,19767,34976,451,969,1568,3125,254,52950,92,28,66.1,0.8,1,1.1,2.9,15105,35585,451,518,599,1557
E14001425,Peterborough,56274,56267,99.3,96.7,96.7,95.5,96.7,0,0.2,0.3,0.7,0,99.9,0,55867,54444,54444,53731,54444,28,125,190,400,25,56207,0,2.5,96.7,0,0.2,0.1,0.4,1423,54444,28,97,65,210
E14001426,Plymouth Moor View,46704,46644,99.1,96,96,82.7,96,0,0,0.2,0.8,0,99.5,25.6,46281,44842,44842,38646,44842,1,8,107,363,6,46468,11941,3.1,96,0,0,0.2,0.5,1439,44842,1,7,99,256
E14001427,Plymouth Sutton and Devonport,55724,54708,95.9,92.8,92.2,80.2,91.5,0,0.2,0.8,2.3,0,96,5.4,53454,51720,51353,44691,50999,0,84,460,1254,12,53494,3017,3.8,92.2,0,0.2,0.7,1.4,2101,51353,0,84,376,794
E14001428,"Pontefract, Castleford and Knottingley",50275,50211,98.6,92.3,92.3,91.2,92.3,0.1,0.5,0.5,1.2,0,98.9,29.3,49592,46423,46423,45846,46423,53,230,252,619,23,49732,14720,6.3,92.3,0.1,0.4,0,0.7,3169,46423,53,177,22,367
W07000106,Pontypridd,50720,50581,98.1,80.4,78.2,68.7,76.6,0,0,0.1,1.6,0,99.2,40.5,49770,40792,39649,34845,38848,6,13,29,811,15,50312,20537,20,78.2,0,0,0,1.5,10121,39649,6,7,16,782
E14001429,Poole,52115,52082,99,84.6,84.3,68.8,84.1,0,0,0.1,0.9,0,99.3,0,51591,44114,43923,35856,43806,0,2,49,491,5,51731,0,14.7,84.3,0,0,0.1,0.8,7668,43923,0,2,47,442
E14001430,Poplar and Limehouse,74591,74514,98.3,91.6,91.6,87.8,91.6,0,0,0.2,1.6,0,98.3,0,73332,68297,68296,65479,68294,0,4,138,1182,0,73339,0,6.8,91.6,0,0,0.2,1.4,5036,68296,0,4,134,1044
E14001431,Portsmouth North,44749,44724,98.9,98.2,98.1,89.2,97.9,0,0.2,0.5,1,0,98.9,0,44255,43924,43879,39933,43792,0,106,208,469,4,44262,0,0.8,98.1,0,0.2,0.2,0.6,376,43879,0,106,102,261
E14001432,Portsmouth South,50825,50785,99.2,97.4,96,76.3,95.3,0,0,0.2,0.8,0,99.2,0,50400,49500,48804,38784,48456,0,1,104,385,0,50417,0,3.1,96,0,0,0.2,0.6,1596,48804,0,1,103,281
E14001433,Preston,57157,57113,99.4,92.2,91.7,78.2,91.7,0,0,0,0.6,0,99.6,47.6,56797,52685,52419,44705,52414,0,0,24,316,5,56905,27217,7.7,91.7,0,0,0,0.5,4378,52419,0,0,24,292
E14001434,Putney,53469,53404,99.5,93.6,89.1,80.1,84.5,0,0,0.1,0.4,0,99.5,0,53188,50061,47653,42804,45183,0,0,28,216,3,53194,0,10.4,89.1,0,0,0.1,0.4,5535,47653,0,0,28,188
E14001435,Queen's Park and Maida Vale,61651,61520,99.3,89.9,89.4,86.5,88.3,0,0,0,0.5,0,99.3,0,61220,55406,55093,53333,54459,0,0,0,300,0,61224,0,9.9,89.4,0,0,0,0.5,6127,55093,0,0,0,300
E14001436,Rawmarsh and Conisbrough,45670,45651,98.9,94.1,94,90.4,93.9,0,0.6,0.8,1.1,0,99.1,10.3,45155,42954,42909,41279,42896,2,256,373,496,9,45269,4691,4.9,94,0,0.6,0.3,0.3,2246,42909,2,254,117,123
E14001437,Rayleigh and Wickford,44136,44100,99.5,82.1,82.1,80,82.1,0,0,0,0.5,0,99.8,0,43900,36241,36240,35313,36240,0,3,6,200,1,44069,0,17.4,82.1,0,0,0,0.4,7660,36240,0,3,3,194
E14001438,Reading Central,55372,55351,99.5,96.5,95.8,93.2,94.4,0,0,0,0.5,0,99.5,0,55068,53409,53020,51594,52265,1,3,6,283,0,55084,0,3.7,95.8,0,0,0,0.5,2048,53020,1,2,3,277
E14001439,Reading West and Mid Berkshire,41296,41282,98.8,91.7,91.2,90.4,91,0,0.1,0.3,1.2,0,99.2,0,40788,37867,37656,37329,37563,5,56,125,494,18,40953,0,7.6,91.2,0,0.1,0.2,0.9,3132,37656,5,51,69,369
E14001440,Redcar,48325,48295,99.2,96.9,96.8,80.3,96.7,0,0.3,0.6,0.8,0.1,99.3,2,47918,46845,46781,38824,46709,18,166,270,377,34,47970,961,2.4,96.8,0,0.3,0.2,0.2,1137,46781,18,148,104,107
E14001441,Redditch,45802,45668,98.1,86.3,86.3,49.8,86.3,0,0.1,0.3,1.6,0,99.5,5.5,44939,39536,39536,22824,39536,9,66,124,729,14,45591,2524,11.8,86.3,0,0.1,0.1,1.3,5403,39536,9,57,58,605
E14001442,Reigate,47635,47600,98.7,88.2,87.9,77,87.7,0,0.1,0.1,1.2,0,99.7,0,47037,42013,41884,36670,41764,20,37,47,563,6,47497,0,10.8,87.9,0,0,0,1.1,5153,41884,20,17,10,516
W07000107,Rhondda and Ogmore,51021,50953,99.1,72.8,71.8,70.9,70.9,0,0,0.1,0.7,0,99.8,3.4,50578,37164,36636,36190,36190,11,23,32,375,23,50934,1719,27.3,71.8,0,0,0,0.7,13942,36636,11,12,9,343
E14001443,Ribble Valley,50889,50776,96.4,82,81.6,71.2,81.4,0.2,0.8,1.3,3.4,0.1,99,18.5,49053,41721,41546,36212,41435,123,384,658,1723,62,50381,9426,14.8,81.6,0.2,0.5,0.5,2.1,7507,41546,123,261,274,1065
E14001444,Richmond and Northallerton,48135,48051,91.7,69.4,68.4,67.6,67.6,1.3,2.8,4,8.2,0.4,98.1,64.8,44123,33388,32931,32554,32554,643,1327,1927,3928,215,47242,31169,23.3,68.4,1.3,1.4,1.2,4.2,11192,32931,643,684,600,2001
E14001445,Richmond Park,51178,51147,98.6,89.7,87.9,55.2,86.6,0,0,0.2,1.3,0,98.8,0,50482,45897,44984,28227,44311,0,13,77,665,1,50564,0,10.7,87.9,0,0,0.1,1.1,5498,44984,0,13,64,588
E14001446,Rochdale,46182,46129,99,91.8,89.4,83.7,87.1,0,0.2,0.3,0.9,0,99.9,0,45715,42401,41270,38660,40220,11,75,119,414,1,46113,5,9.6,89.4,0,0.1,0.1,0.6,4445,41270,11,64,44,295
E14001447,Rochester and Strood,49519,49393,96.5,85.6,83.4,74.1,80.2,0.1,0.9,1.4,3.2,0,97.7,7.1,47785,42369,41316,36711,39717,68,460,717,1608,23,48370,3513,13.1,83.4,0.1,0.8,0.5,1.8,6469,41316,68,392,257,891
E14001448,Romford,47120,47006,98.9,94.1,92.8,84.8,91.4,0,0,0,0.9,0.1,99.1,0,46605,44362,43732,39944,43069,2,2,3,401,27,46673,0,6.1,92.8,0,0,0,0.8,2873,43732,2,0,1,398
E14001449,Romsey and Southampton North,45121,45051,94.6,72.2,71.3,55.1,70.7,0.2,0.7,1.3,5.2,0.3,99,0,42685,32570,32166,24852,31907,103,309,594,2366,153,44682,0,23.3,71.3,0.2,0.5,0.6,3.9,10519,32166,103,206,285,1772
E14001450,Rossendale and Darwen,51031,50976,97.6,89.5,88.9,87.8,88.7,0.1,0.3,0.5,2.3,0.1,99.7,30.8,49799,45682,45384,44800,45239,61,163,244,1177,29,50874,15697,8.7,88.9,0.1,0.2,0.2,1.8,4415,45384,61,102,81,933
E14001451,Rother Valley,43852,43819,99.3,95.4,95.1,88.5,94.8,0.1,0.2,0.3,0.6,0.1,99.7,0.1,43541,41830,41689,38815,41585,33,81,128,278,27,43732,36,4.2,95.1,0.1,0.1,0.1,0.3,1852,41689,33,48,47,150
E14001452,Rotherham,52985,52953,99.5,98.5,98.5,96.1,98.5,0,0,0.1,0.4,0,99.7,0.2,52740,52187,52187,50928,52187,0,14,35,213,6,52817,94,1,98.5,0,0,0,0.3,553,52187,0,14,21,178
E14001453,Rugby,51896,51876,98.9,93,92.9,87.7,92.8,0.1,0.2,0.3,1,0,99.7,0,51338,48251,48199,45506,48170,53,120,164,538,4,51719,0,6,92.9,0.1,0.1,0.1,0.7,3139,48199,53,67,44,374
E14001454,"Ruislip, Northwood and Pinner",43003,42948,99,91.5,90.4,68.9,89.1,0,0,0.3,0.9,0,99.4,0,42559,39351,38881,29627,38302,0,1,132,389,2,42740,0,8.6,90.4,0,0,0.3,0.6,3678,38881,0,1,131,257
E14001455,Runcorn and Helsby,45558,45533,98.2,91.1,91,83.6,90.8,0.1,0.2,0.4,1.7,0.1,99.5,0,44736,41520,41437,38103,41349,34,73,197,797,27,45340,0,7.2,91,0.1,0.1,0.3,1.3,3299,41437,34,39,124,600
E14001456,Runnymede and Weybridge,50161,49866,97.3,82.6,81.1,61.8,78.9,0.1,0.2,0.7,2.1,0,98.2,0,48815,41409,40664,31017,39575,40,95,365,1051,5,49242,0,16.2,81.1,0.1,0.1,0.5,1.4,8151,40664,40,55,270,686
E14001457,Rushcliffe,49049,48994,98.4,87.8,85.8,68.1,84.6,0.1,0.3,0.5,1.5,0.1,99.7,0,48279,43085,42093,33421,41484,37,138,263,715,66,48878,9,12.6,85.8,0.1,0.2,0.3,0.9,6186,42093,37,101,125,452
S14000104,Rutherglen,47724,47709,99.4,94.6,94.6,87,94.5,0,0,0.1,0.6,0,99.6,0,47435,45170,45148,41516,45115,14,14,61,274,2,47540,0,4.8,94.6,0,0,0.1,0.4,2287,45148,14,0,47,213
E14001458,Rutland and Stamford,45871,45825,93.7,75.2,75.2,75.2,75.2,1.2,1.5,2.2,6.2,0.4,99.2,0,42991,34514,34514,34510,34514,543,688,1030,2834,195,45516,0,18.5,75.2,1.2,0.3,0.7,3.9,8477,34514,543,145,342,1804
E14001459,Salford,69018,68971,96.2,91.3,91.2,83.4,91,0,1.2,1.7,3.7,0,96.2,0,66385,63009,62912,57545,62811,16,812,1148,2586,0,66415,4,5,91.2,0,1.2,0.5,2.1,3473,62912,16,796,336,1438
E14001460,Salisbury,45788,45753,97.3,79.5,79.5,76.2,79.5,0.1,0.3,0.6,2.7,0.2,99.7,0.6,44537,36397,36397,34910,36397,50,148,280,1216,87,45639,257,17.8,79.5,0.1,0.2,0.3,2,8140,36397,50,98,132,936
E14001461,Scarborough and Whitby,57567,57525,96.7,80,80,80,80,0.6,1,1.4,3.2,0.2,99.3,72.4,55694,46036,46036,46036,46036,321,601,825,1831,120,57146,41686,16.8,80,0.6,0.5,0.4,1.7,9658,46036,321,280,224,1006
E14001462,Scunthorpe,51002,50956,99.2,96.4,96.4,95.5,96.4,0.2,0.3,0.3,0.7,0,99.8,67.8,50617,49172,49172,48689,49172,82,142,170,339,12,50896,34574,2.8,96.4,0.2,0.1,0.1,0.3,1445,49172,82,60,28,169
E14001463,Sefton Central,43745,43623,99.2,82.9,82.9,80.4,82.9,0,0,0,0.5,0.1,99.7,0,43393,36281,36281,35158,36281,1,10,16,230,36,43617,0,16.3,82.9,0,0,0,0.5,7112,36281,1,9,6,214
E14001464,Selby,48914,48890,98.4,95.1,95.1,95.1,95.1,0.3,0.5,0.7,1.5,0.1,99.7,34.5,48147,46511,46511,46510,46511,163,246,329,743,69,48754,16889,3.3,95.1,0.3,0.2,0.2,0.8,1636,46511,163,83,83,414
E14001465,Sevenoaks,44688,44631,96.4,76.4,76.4,66.9,76.4,0.1,0.3,0.5,3.4,0.1,99.6,0,43096,34124,34124,29891,34124,38,122,244,1535,33,44526,0,20.1,76.4,0.1,0.2,0.3,2.9,8972,34124,38,84,122,1291
E14001466,Sheffield Brightside and Hillsborough,50313,50302,99.9,98.9,98.9,98.4,98.9,0,0,0.1,0.1,0,99.9,0,50254,49773,49772,49504,49760,0,6,31,48,0,50260,0,1,98.9,0,0,0,0,482,49772,0,6,25,17
E14001467,Sheffield Central,48120,48069,90.2,84.9,83.6,78.1,83,0,0,1.2,9.7,0,90.2,0,43414,40839,40218,37581,39924,1,14,578,4655,1,43419,15,6.6,83.6,0,0,1.2,8.5,3196,40218,1,13,564,4077
E14001468,Sheffield Hallam,40806,40797,99,90.1,89.5,85.4,89.2,0.1,0.2,0.2,1,0.1,99.9,0,40387,36761,36537,34868,36398,34,81,94,410,30,40752,0,9.4,89.5,0.1,0.1,0,0.8,3850,36537,34,47,13,316
E14001469,Sheffield Heeley,52677,52660,99.8,97.2,96.7,94.8,96.4,0,0,0,0.2,0,99.8,0.3,52564,51187,50929,49930,50770,0,0,6,96,1,52574,183,3.1,96.7,0,0,0,0.2,1635,50929,0,0,6,90
E14001470,Sheffield South East,50066,50042,99.9,99.3,99.3,99.2,99.3,0,0,0,0,0,99.9,0,50021,49731,49718,49666,49713,1,3,9,21,2,50023,0,0.6,99.3,0,0,0,0,303,49718,1,2,6,12
E14001471,Sherwood Forest,49756,49708,98.1,88.1,87.8,71.4,87.6,0.2,0.4,0.5,1.8,0.1,99.8,0.6,48820,43825,43703,35504,43603,77,191,267,888,31,49654,294,10.3,87.8,0.2,0.2,0.2,1.2,5117,43703,77,114,76,621
E14001472,Shipley,46060,46036,98.5,92.7,92,88,91.4,0.1,0.1,0.2,1.5,0,99.3,74.2,45349,42687,42362,40549,42092,28,46,71,687,1,45752,34172,6.5,92,0.1,0,0.1,1.3,2987,42362,28,18,25,616
E14001473,Shrewsbury,49931,49900,96.4,86.5,84.3,82.4,82.4,0.1,0.4,1,3.6,0.1,98.5,49.3,48120,43177,42091,41148,41148,65,203,477,1780,41,49172,24636,12.1,84.3,0.1,0.3,0.5,2.6,6029,42091,65,138,274,1303
E14001474,Sittingbourne and Sheppey,50061,49990,97.6,88,86.5,77,84.9,0.1,0.3,0.7,2.2,0,99.1,41.7,48880,44064,43298,38541,42524,51,175,327,1110,17,49630,20892,11.2,86.5,0.1,0.2,0.3,1.6,5582,43298,51,124,152,783
E14001475,Skipton and Ripon,51415,51368,93.9,69.7,68.9,68.2,68.2,1,1.8,2.6,6,0.4,98.6,58.3,48258,35824,35403,35045,35045,535,929,1333,3110,222,50680,29973,25,68.9,1,0.8,0.8,3.5,12855,35403,535,394,404,1777
E14001476,Sleaford and North Hykeham,47226,47183,96.3,79.9,79.8,68.3,79.6,0.5,1,1.5,3.6,0.1,99.4,34.6,45489,37728,37664,32239,37611,228,459,696,1694,70,46923,16350,16.6,79.8,0.5,0.5,0.5,2.1,7825,37664,228,231,237,998
E14001477,Slough,51041,50997,99.7,98.8,98.3,95.1,97.6,0,0,0,0.2,0,99.7,0,50883,50420,50148,48559,49826,2,10,13,114,0,50892,0,1.4,98.3,0,0,0,0.2,735,50148,2,8,3,101
E14001478,Smethwick,47450,47422,99.8,97.3,97.2,88.1,97,0,0,0,0.2,0,99.8,0,47332,46168,46112,41808,46024,0,0,7,90,5,47337,0,2.6,97.2,0,0,0,0.2,1220,46112,0,0,7,83
E14001479,Solihull West and Shirley,43199,43179,98.6,96.9,96.7,91.6,96.6,0.1,0.4,0.5,1.3,0,99,0,42596,41848,41786,39574,41723,38,174,197,583,2,42779,0,1.9,96.7,0.1,0.3,0.1,0.9,810,41786,38,136,23,386
N05000014,South Antrim,47407,47363,99.4,96.2,96.2,96.1,96.2,0.1,0.1,0.2,0.5,0,99.8,0,47130,45618,45600,45557,45596,33,69,88,233,20,47316,0,3.2,96.2,0.1,0.1,0,0.3,1530,45600,33,36,19,145
E14001480,South Basildon and East Thurrock,44554,44537,98.9,91.5,91.1,68.9,90.8,0.1,0.2,0.4,1.1,0,99.6,1.5,44045,40752,40610,30702,40475,31,95,189,492,11,44371,685,7.7,91.1,0.1,0.1,0.2,0.7,3435,40610,31,64,94,303
E14001481,South Cambridgeshire,48487,48459,97.3,84.5,84.2,70.3,83.9,0.1,0.3,0.4,2.6,0.1,98.4,0,47182,40960,40807,34078,40695,44,123,213,1277,31,47700,14,13.1,84.2,0.1,0.2,0.2,2.2,6375,40807,44,79,90,1064
E14001482,South Cotswolds,47002,46946,97.1,61.9,61.9,61.9,61.9,0.1,0.4,0.9,2.8,0.2,99,2.6,45644,29101,29100,29090,29100,56,197,404,1302,92,46530,1230,35.2,61.9,0.1,0.3,0.4,1.9,16544,29100,56,141,207,898
E14001483,South Derbyshire,45766,45632,98,89.6,89.1,88.4,88.8,0.2,0.5,0.7,1.8,0.1,99.3,0,44829,40988,40784,40465,40626,84,209,321,803,62,45433,0,8.8,89.1,0.2,0.3,0.2,1.1,4045,40784,84,125,112,482
E14001484,South Devon,53261,53103,90.8,63.4,63.2,63,63.2,0.5,1.4,2.9,8.9,0.6,97.7,12.7,48382,33763,33683,33551,33668,253,768,1567,4721,344,52013,6740,27.6,63.2,0.5,1,1.5,5.9,14699,33683,253,515,799,3154
E14001485,South Dorset,53295,53177,98.2,72.7,72.7,72.7,72.7,0.1,0.3,0.5,1.6,0.2,99.4,0,52315,38762,38762,38762,38762,49,152,247,862,87,52992,0,25.4,72.7,0.1,0.2,0.2,1.2,13553,38762,49,103,95,615
N05000015,South Down,45519,45414,98.2,94.9,94.9,94.9,94.9,0.3,0.5,0.8,1.5,0.3,99.4,2.1,44716,43176,43176,43176,43176,135,221,356,698,129,45248,978,3.4,94.9,0.3,0.2,0.3,0.8,1540,43176,135,86,135,342
E14001486,South East Cornwall,49541,49365,93.4,66.8,66.5,57.6,66.4,0.4,1,1.6,6.3,0.3,97,35.7,46248,33097,32958,28512,32878,193,489,813,3117,171,48063,17690,26.8,66.5,0.4,0.6,0.7,4.7,13290,32958,193,296,324,2304
E14001487,South Holland and The Deepings,54129,54093,94.3,74.1,73.9,73.6,73.6,0.3,1.1,1.9,5.6,0.5,99.5,0.2,51050,40131,39978,39864,39864,140,609,1031,3043,284,53884,111,20.5,73.9,0.3,0.9,0.8,3.7,11072,39978,140,469,422,2012
E14001488,South Leicestershire,47859,47803,97.8,80.3,79.5,78.6,78.9,0.2,0.4,0.6,2.1,0.1,99.4,0,46790,38451,38062,37632,37759,110,176,295,1013,29,47554,0,18.2,79.5,0.2,0.1,0.2,1.5,8728,38062,110,66,119,718
E14001489,South Norfolk,45638,45611,95.9,69.8,69,68.6,68.7,0.2,0.5,1.1,4,0.3,99.1,0,43784,31861,31490,31287,31340,103,242,508,1827,147,45245,4,26.9,69,0.2,0.3,0.6,2.9,12294,31490,103,139,266,1319
E14001490,South Northamptonshire,47559,47519,97.5,92.3,91.5,91.2,91.2,0.1,1.2,1.5,2.4,0.4,98.5,0.1,46372,43908,43521,43362,43362,47,576,693,1147,188,46823,47,6,91.5,0.1,1.1,0.2,1,2851,43521,47,529,117,454
E14001491,South Ribble,46250,46192,97.5,79.7,79.3,68.6,78.9,0,0.5,0.7,2.4,0.1,99.4,18.6,45102,36857,36674,31733,36483,19,219,330,1090,37,45981,8598,18.2,79.3,0,0.4,0.2,1.6,8428,36674,19,200,111,760
E14001492,South Shields,46593,46556,98.2,87.8,87.7,29,87.7,0.1,0.2,0.4,1.7,0,98.4,0,45752,40900,40870,13514,40870,24,76,192,804,15,45870,0,10.5,87.7,0.1,0.1,0.2,1.3,4882,40870,24,52,116,612
E14001493,South Shropshire,47751,47547,84.9,57.2,56.6,56.6,56.6,1.8,4.8,7.8,14.7,0.8,94,49,40544,27290,27022,27012,27012,838,2278,3711,7003,362,44883,23375,28.3,56.6,1.8,3,3,6.9,13522,27022,838,1440,1433,3292
E14001494,South Suffolk,46387,46345,97.6,72,71.9,71.8,71.8,0.2,0.4,0.6,2.3,0.2,99.6,8.1,45267,33394,33340,33322,33325,90,181,274,1078,71,46186,3736,25.7,71.9,0.2,0.2,0.2,1.7,11927,33340,90,91,93,804
E14001495,South West Devon,46777,46719,94.3,82.1,81.8,62.2,81.5,0.1,0.8,1.9,5.6,0.3,97.4,14.6,44116,38397,38268,29095,38137,67,356,901,2603,162,45575,6813,12.5,81.8,0.1,0.6,1.2,3.6,5848,38268,67,289,545,1702
E14001496,South West Hertfordshire,42890,42804,98.5,93.1,92.4,84.5,91.3,0.2,0.2,0.3,1.3,0,99.7,0,42241,39924,39628,36223,39145,66,105,126,563,11,42769,0,6.1,92.4,0.2,0.1,0,1,2613,39628,66,39,21,437
E14001497,South West Norfolk,50513,50405,95.7,60.9,60,59.5,59.5,0.5,1,1.7,4.1,0.7,99,0,48330,30760,30330,30052,30053,259,512,852,2075,337,50018,10,35.6,60,0.5,0.5,0.7,2.4,18000,30330,259,253,340,1223
E14001498,South West Wiltshire,46925,46855,97.6,83.4,83.4,63.8,83.4,0.2,0.4,0.5,2.3,0.1,99.2,0.1,45781,39133,39133,29933,39133,109,165,217,1074,62,46533,45,14.2,83.4,0.2,0.1,0.1,1.8,6648,39133,109,56,52,857
E14001499,Southampton Itchen,53315,52842,96.8,95.1,94.8,91.4,94.4,0,0,0.3,2.3,0,96.9,0,51622,50676,50559,48747,50340,0,6,148,1220,21,51642,0,2,94.8,0,0,0.3,2,1063,50559,0,6,142,1072
E14001500,Southampton Test,51858,51818,98.8,98.1,97.7,96.5,97.5,0,0,0.7,1.1,0,98.8,0,51230,50851,50651,50057,50567,0,24,342,588,7,51248,0,1.1,97.7,0,0,0.6,0.5,579,50651,0,24,318,246
E14001501,Southend East and Rochford,49011,48946,99.5,97.8,97.4,96.4,97.1,0,0,0.1,0.4,0,99.6,1.8,48767,47927,47747,47260,47612,4,22,35,179,8,48827,896,2.1,97.4,0,0,0,0.3,1020,47747,4,18,13,144
E14001502,Southend West and Leigh,48614,48590,99.8,98.9,98.6,97.9,98.4,0,0,0,0.1,0,99.9,0,48527,48055,47926,47586,47813,0,0,5,63,3,48548,0,1.2,98.6,0,0,0,0.1,601,47926,0,0,5,58
E14001503,Southgate and Wood Green,55895,55670,98.3,89.4,88,55.4,86.5,0,0,0.2,1.3,0,98.6,0,54966,49962,49206,30988,48327,17,22,93,704,4,55129,0,10.3,88,0,0,0.1,1.1,5760,49206,17,5,71,611
E14001504,Southport,50210,49538,97.5,75.1,68.5,52.9,62.6,0,0.1,0.2,1.2,0,98.3,1,48939,37728,34396,26575,31450,11,42,99,599,14,49372,517,29,68.5,0,0.1,0.1,1,14543,34396,11,31,57,500
E14001505,Spelthorne,46355,46299,97.8,92.9,92.4,78.7,91.6,0,0,0.5,2,0,98.2,0,45355,43053,42830,36484,42480,0,18,243,944,1,45503,0,5.4,92.4,0,0,0.5,1.5,2525,42830,0,18,225,701
E14001506,Spen Valley,45789,45763,99.2,96.4,96.4,93.7,96.4,0,0.1,0.1,0.8,0,99.7,52.4,45414,44131,44131,42922,44131,2,24,30,349,2,45636,23987,2.8,96.4,0,0,0,0.7,1283,44131,2,22,6,319
E14001507,St Albans,45145,45124,99.1,95.5,94.7,82.1,93.9,0,0,0,0.8,0,99.5,0,44756,43105,42733,37043,42383,0,3,9,368,0,44906,0,4.5,94.7,0,0,0,0.8,2023,42733,0,3,6,359
E14001508,St Austell and Newquay,52673,52557,94.5,67.1,64.9,63.5,63.5,0.1,0.4,0.8,5.3,0.2,96.4,0,49789,35343,34178,33430,33430,34,200,436,2768,91,50776,9,29.6,64.9,0.1,0.3,0.4,4.4,15611,34178,34,166,236,2332
E14001509,St Helens North,47644,47631,98.8,96,96,92.6,96,0.1,0.3,0.6,1.2,0,99.8,2.8,47075,45735,45728,44108,45726,24,153,267,556,6,47556,1338,2.8,96,0.1,0.3,0.2,0.6,1347,45728,24,129,114,289
E14001510,St Helens South and Whiston,47813,47771,98.4,94.2,94.2,88.2,94.1,0.1,0.3,0.4,1.5,0,99.1,0,47059,45053,45018,42184,45007,35,150,197,712,5,47388,0,4.3,94.2,0.1,0.2,0.1,1.1,2041,45018,35,115,47,515
E14001511,St Ives,53392,53188,91,60.8,60.8,60.8,60.8,0.4,0.9,1.8,8.6,0.4,94.9,15.1,48613,32454,32454,32454,32454,212,498,946,4575,239,50646,8050,30.3,60.8,0.4,0.5,0.8,6.8,16159,32454,212,286,448,3629
E14001512,St Neots and Mid Cambridgeshire,50197,50150,98.2,90.1,89.2,63.3,88.4,0.1,0.3,0.8,1.7,0.1,98.9,0,49293,45231,44789,31779,44370,70,165,414,857,33,49628,1,9,89.2,0.1,0.2,0.5,0.9,4504,44789,70,95,249,443
E14001513,Stafford,46808,46760,95.8,83.6,83.6,73.8,83.6,0.3,0.8,1.5,4.1,0.2,99,7,44845,39134,39134,34555,39134,128,382,689,1915,112,46335,3262,12.2,83.6,0.3,0.5,0.7,2.6,5711,39134,128,254,307,1226
E14001514,Staffordshire Moorlands,42457,42397,93.1,72.8,72.2,63.4,72,0.7,1.6,2.7,6.8,0.5,98.6,0,39520,30927,30639,26924,30565,276,698,1147,2877,231,41851,0,20.9,72.2,0.7,1,1.1,4.1,8881,30639,276,422,449,1730
E14001515,Stalybridge and Hyde,48469,48158,98.7,92.7,92.7,91.8,92.7,0,0,0.1,0.7,0,99.3,0,47819,44923,44923,44473,44923,0,7,27,339,21,48142,0,6,92.7,0,0,0,0.6,2896,44923,0,7,20,312
E14001516,Stevenage,45271,45243,99,89.8,89.8,60.6,89.8,0,0,0.2,0.9,0,99.3,0,44813,40636,40636,27429,40636,1,7,89,430,5,44975,0,9.2,89.8,0,0,0.2,0.8,4177,40636,1,6,82,341
S14000105,Stirling and Strathallan,52283,52194,95.6,72.2,71.8,71.7,71.7,0.7,1.6,2.3,4.2,0.5,98.6,0.1,50006,37765,37519,37497,37498,360,837,1204,2188,278,51560,46,23.9,71.8,0.7,0.9,0.7,1.9,12487,37519,360,477,367,984
E14001517,Stockport,53282,53092,99.2,94.7,94.7,88.2,94.7,0,0,0,0.4,0.1,99.3,0,52865,50442,50442,47017,50442,6,8,9,227,27,52884,0,4.5,94.7,0,0,0,0.4,2423,50442,6,2,1,218
E14001518,Stockton North,49347,49307,95.8,93.2,93,70.1,92.8,0,0.7,1.6,4.1,0.2,96,11.2,47283,45986,45874,34584,45795,2,328,798,2024,93,47369,5507,2.9,93,0,0.7,1,2.5,1409,45874,2,326,470,1226
E14001519,Stockton West,41853,41811,96.3,89.2,89.1,45.5,89.1,0.4,1.2,2.2,3.6,0.1,97.5,39.5,40290,37352,37299,19051,37280,155,493,901,1521,34,40815,16548,7.1,89.1,0.4,0.8,1,1.5,2991,37299,155,338,408,620
E14001520,Stoke-on-Trent Central,57128,57066,97.4,91.5,91.5,83.6,91.5,0,0.1,0.4,2.5,0,97.5,0,55621,52278,52278,47781,52278,0,43,201,1445,3,55677,0,5.9,91.5,0,0.1,0.3,2.2,3343,52278,0,43,158,1244
E14001521,Stoke-on-Trent North,48634,48615,98.7,93.4,93.3,87.5,93.2,0,0,0.5,1.2,0,99.1,0,48011,45433,45371,42549,45346,2,14,225,604,1,48188,0,5.4,93.3,0,0,0.4,0.8,2640,45371,2,12,211,379
E14001522,Stoke-on-Trent South,43271,43256,97.8,86,86,82.6,86,0.1,0.4,0.5,2.2,0.1,99.5,0,42325,37211,37211,35760,37211,35,154,222,931,29,43073,0,11.8,86,0.1,0.3,0.2,1.6,5114,37211,35,119,68,709
E14001523,"Stone, Great Wyrley and Penkridge",44070,43585,94.2,83.7,83.6,77.5,83.6,0.2,0.8,1.4,4.7,0.1,98.2,0.4,41530,36865,36852,34149,36850,89,355,616,2055,51,43256,183,10.6,83.6,0.2,0.6,0.6,3.3,4678,36852,89,266,261,1439
E14001524,Stourbridge,44945,44902,99.6,96.5,96.1,80.2,95.7,0,0,0,0.3,0,99.8,2.4,44750,43378,43183,36033,43015,0,1,2,152,0,44874,1085,3.5,96.1,0,0,0,0.3,1567,43183,0,1,1,150
N05000016,Strangford,46419,46333,99,95.1,95.1,95.1,95.1,0.1,0.2,0.3,0.8,0.1,99.8,0,45943,44163,44163,44159,44163,37,86,155,390,54,46326,0,3.8,95.1,0.1,0.1,0.1,0.5,1780,44163,37,49,69,235
E14001525,Stratford and Bow,58303,58066,98.7,96.5,94.4,82.2,91,0,0.1,0.2,0.8,0,98.7,0,57574,56281,55038,47931,53033,0,53,137,492,3,57574,0,4.3,94.4,0,0.1,0.1,0.6,2536,55038,0,53,84,355
E14001526,Stratford-on-Avon,51214,51119,98,84.5,83.8,79.3,83.1,0.2,0.5,0.7,1.8,0.2,99.4,7.3,50177,43286,42916,40591,42566,108,270,375,942,102,50893,3715,14.2,83.8,0.2,0.3,0.2,1.1,7261,42916,108,162,105,567
E14001527,Streatham and Croydon North,52100,52080,98,92.4,91.4,75.6,89.9,0,0,0,1.9,0,98.1,0,51071,48142,47623,39373,46863,0,0,2,1009,2,51117,0,6.6,91.4,0,0,0,1.9,3448,47623,0,0,2,1007
E14001528,Stretford and Urmston,50071,50053,98.9,93.5,93.2,90.8,92.9,0,0,0.1,1.1,0,99.1,0,49512,46816,46651,45486,46538,2,14,28,541,4,49615,2,5.7,93.2,0,0,0,1,2861,46651,2,12,14,513
E14001529,Stroud,48049,48028,98,76.2,76.2,76.2,76.2,0.1,0.2,0.4,2,0,98.6,1.3,47067,36613,36613,36612,36613,28,92,169,961,8,47372,632,21.8,76.2,0.1,0.1,0.2,1.6,10454,36613,28,64,77,792
E14001530,Suffolk Coastal,53572,53104,96.3,75.4,75.4,73.5,75.4,0.2,0.5,0.9,2.8,0.3,98.2,2.5,51609,40399,40398,39369,40398,85,260,456,1495,144,52603,1344,20.9,75.4,0.2,0.3,0.4,1.9,11211,40398,85,175,196,1039
E14001531,Sunderland Central,52428,52334,98.5,92.6,92.1,68,91.7,0,0.1,0.1,1.3,0,98.6,0,51628,48530,48290,35662,48086,12,33,74,706,3,51668,0,6.4,92.1,0,0,0.1,1.2,3338,48290,12,21,41,632
E14001532,Surrey Heath,42526,42500,98.6,84.7,84.3,60.7,84.2,0,0,0.1,1.3,0,99.9,0,41933,36015,35854,25818,35788,1,19,40,567,5,42464,0,14.3,84.3,0,0,0,1.2,6079,35854,1,18,21,527
E14001533,Sussex Weald,43279,43250,97.4,70.7,70.5,70.5,70.5,0.1,0.3,0.6,2.5,0.2,99.7,0,42170,30590,30525,30503,30504,47,148,265,1080,83,43154,0,26.9,70.5,0.1,0.2,0.3,1.9,11645,30525,47,101,117,815
E14001534,Sutton and Cheam,45211,45185,98.8,93.2,92.5,76.7,91.5,0,0,0,1.2,0,98.8,0,44663,42143,41809,34686,41382,0,0,3,522,6,44677,0,6.3,92.5,0,0,0,1.1,2854,41809,0,0,3,519
E14001535,Sutton Coldfield,44228,44165,98.9,93.5,93.4,79.6,93.3,0.1,0.2,0.4,1,0,99,0,43744,41355,41305,35213,41286,24,87,168,421,14,43776,0,5.5,93.4,0.1,0.1,0.2,0.6,2439,41305,24,63,81,253
W07000108,Swansea West,52970,52924,99.7,96.5,96,86.9,95.4,0,0,0,0.2,0,99.8,32.7,52837,51114,50861,46048,50546,0,0,1,87,1,52861,17330,3.7,96,0,0,0,0.2,1976,50861,0,0,1,86
E14001536,Swindon North,47001,46992,98.4,93.7,92.5,91.2,91.5,0.1,0.3,0.4,1.6,0.1,98.6,0,46244,44029,43464,42874,42991,62,139,185,748,28,46325,0,5.9,92.5,0.1,0.2,0.1,1.2,2780,43464,62,77,46,563
E14001537,Swindon South,51429,51424,99.4,97.7,97.6,95.4,97.6,0,0,0.1,0.6,0,99.5,0,51138,50268,50214,49059,50169,1,20,62,286,0,51178,0,1.8,97.6,0,0,0.1,0.4,924,50214,1,19,42,224
E14001538,Tamworth,47012,46984,98.2,88.1,87.1,60.7,86.3,0.2,0.3,0.6,1.7,0,99.8,0,46172,41423,40942,28534,40571,82,149,302,812,22,46895,0,11.1,87.1,0.2,0.1,0.3,1.1,5230,40942,82,67,153,510
E14001539,Tatton,48179,48125,95.5,82.9,82.1,75.8,81.3,0.4,0.7,1.1,4.4,0.1,99.1,0.1,45996,39919,39555,36521,39189,179,325,516,2129,61,47747,70,13.4,82.1,0.4,0.3,0.4,3.3,6441,39555,179,146,191,1613
E14001540,Taunton and Wellington,53596,53545,95.5,81.8,80.1,79.2,79.2,0.3,0.9,1.3,4.4,0.3,98.4,0,51174,43868,42946,42444,42444,145,503,713,2371,156,52754,0,15.4,80.1,0.3,0.7,0.4,3.1,8228,42946,145,358,210,1658
E14001541,Telford,49892,49845,98.9,88.8,88,41.6,87.4,0,0,0.1,1,0,99.1,12.9,49351,44296,43909,20769,43589,0,8,56,494,2,49439,6455,10.9,88,0,0,0.1,0.9,5442,43909,0,8,48,438
E14001542,Tewkesbury,48615,48551,97.1,89,88.8,69.9,88.6,0.1,0.6,1.2,2.8,0.1,98.1,0.7,47212,43249,43162,33982,43076,54,309,566,1339,71,47694,361,8.3,88.8,0.1,0.5,0.5,1.6,4050,43162,54,255,257,773
E14001543,The Wrekin,50225,50181,96,81.7,80.7,53,79.9,0.2,0.6,1.2,3.9,0.1,99.2,13.1,48239,41012,40531,26630,40144,101,281,579,1942,56,49801,6599,15.3,80.7,0.2,0.4,0.6,2.7,7708,40531,101,180,298,1363
E14001544,Thirsk and Malton,54922,54695,92.5,73.8,73.8,73.8,73.8,1.4,2.7,3.8,7.1,0.6,97.4,62.3,50782,40553,40553,40553,40553,769,1476,2101,3913,352,53477,34219,18.6,73.8,1.4,1.3,1.1,3.3,10229,40553,769,707,625,1812
E14001545,Thornbury and Yate,46126,46104,98.1,77.1,77.1,57.7,77,0.2,0.4,0.6,1.8,0.2,99.7,0,45263,35571,35545,26599,35532,81,197,273,841,76,45984,0,21.1,77.1,0.2,0.3,0.2,1.2,9718,35545,81,116,76,568
E14001546,Thurrock,49942,49913,98.9,94.3,93.9,85.5,93.7,0.1,0.1,0.5,1,0,99.1,0,49404,47103,46893,42693,46790,44,55,245,509,3,49514,6,5,93.9,0.1,0,0.4,0.5,2511,46893,44,11,190,264
E14001547,Tipton and Wednesbury,48237,48206,99.8,97.1,97.1,92.1,97.1,0,0,0,0.1,0,99.9,0,48164,46854,46854,44424,46849,0,0,2,42,1,48171,0,2.7,97.1,0,0,0,0.1,1310,46854,0,0,2,40
E14001548,Tiverton and Minehead,46145,46057,90.1,48.3,48,47.9,47.9,1.2,2.9,4.7,9.7,0.8,97,10.2,41558,22270,22159,22097,22097,545,1356,2175,4499,372,44775,4716,42,48,1.2,1.8,1.8,5,19399,22159,545,811,819,2324
E14001549,Tonbridge,43283,43238,94.8,76.1,75.9,64.5,75.8,0.3,0.7,1.3,5.1,0.4,98.4,3.6,41014,32923,32839,27938,32789,112,314,562,2224,153,42587,1545,18.9,75.9,0.3,0.5,0.6,3.8,8175,32839,112,202,248,1662
E14001550,Tooting,49359,48968,98.9,95.1,94.3,90.6,93.1,0,0,0,0.3,0,98.9,0,48823,46956,46525,44723,45972,4,4,6,145,3,48824,0,4.7,94.3,0,0,0,0.3,2298,46525,4,0,2,139
E14001551,Torbay,58575,58258,97.2,90.9,89.3,81.2,87.4,0,0,0.1,2.2,0,97.6,8.3,56964,53270,52302,47566,51200,0,0,51,1294,5,57179,4872,8,89.3,0,0,0.1,2.1,4662,52302,0,0,51,1243
W07000109,Torfaen,47015,46890,97.3,83.6,83,74.1,82.5,0.1,0.6,1.1,2.5,0,97.9,19,45737,39300,39026,34842,38769,56,296,526,1153,14,46025,8921,14.3,83,0.1,0.5,0.5,1.3,6711,39026,56,240,230,627
E14001552,Torridge and Tavistock,49392,49272,86.1,63.2,61.6,63.2,63.2,1.6,4.8,8.1,13.6,1.4,95.6,53.3,42548,31228,30403,31228,31228,808,2352,3998,6724,689,47227,26324,24.6,61.6,1.6,3.1,3.3,5.5,12145,30403,808,1544,1646,2726
E14001553,Tottenham,58026,57965,99.4,94.3,94.1,78,93.4,0,0,0.1,0.5,0,99.4,0,57685,54711,54580,45261,54200,0,5,59,280,0,57687,0,5.4,94.1,0,0,0.1,0.4,3105,54580,0,5,54,221
E14001554,Truro and Falmouth,50014,49839,91.6,62.2,62,61.8,61.8,0.2,0.6,1.7,8.1,0.5,94.6,13,45790,31118,31012,30897,30897,84,320,830,4049,272,47320,6488,29.5,62,0.2,0.5,1,6.4,14778,31012,84,236,510,3219
E14001555,Tunbridge Wells,50829,50782,96.9,84,82.5,74.5,80.2,0.1,0.3,0.7,3,0.1,99.1,0.5,49268,42674,41942,37865,40755,33,168,352,1514,72,50353,263,14.4,82.5,0.1,0.3,0.4,2.3,7326,41942,33,135,184,1162
E14001556,Twickenham,48304,48150,99.1,94.1,93.6,79.8,93.3,0,0,0,0.6,0,99.1,0,47853,45442,45234,38524,45069,0,0,14,297,4,47870,0,5.4,93.6,0,0,0,0.6,2619,45234,0,0,14,283
E14001557,Tynemouth,48381,48257,99.3,94.9,93.8,78.6,91.7,0.2,0.3,0.4,0.5,0.1,99.3,0,48034,45899,45378,38049,44380,75,147,178,223,28,48052,0,5.5,93.8,0.2,0.1,0.1,0.1,2656,45378,75,72,31,45
N05000017,Upper Bann,55432,54928,98.6,93.9,93.9,93.9,93.9,0,0.1,0.1,0.5,0.2,99.1,0,54672,52057,52057,52057,52057,7,39,53,256,106,54907,0,4.7,93.9,0,0.1,0,0.4,2615,52057,7,32,14,203
E14001558,Uxbridge and South Ruislip,49332,49274,98.3,93,92.7,79.6,92.6,0,0.1,0.2,1.6,0,98.3,0,48476,45860,45723,39287,45670,1,26,111,798,1,48507,0,5.6,92.7,0,0.1,0.2,1.4,2753,45723,1,25,85,687
W07000110,Vale of Glamorgan,46809,46763,98.3,89.7,89.5,87.3,89.4,0.1,0.5,0.8,1.6,0.2,99,1.5,46026,42011,41896,40879,41837,44,219,357,737,82,46355,695,8.8,89.5,0.1,0.4,0.3,0.8,4130,41896,44,175,138,380
E14001559,Vauxhall and Camberwell Green,55487,55313,98.5,91.2,90.8,80.8,90.5,0,0,0,1.2,0,98.5,0,54627,50622,50362,44840,50240,0,0,0,686,3,54633,0,7.7,90.8,0,0,0,1.2,4265,50362,0,0,0,686
E14001560,Wakefield and Rothwell,51918,51796,98.2,95.7,95.7,93.8,95.6,0,0,0.1,1.5,0,98.4,46.6,51000,49694,49660,48691,49644,0,10,33,796,6,51113,24208,2.6,95.7,0,0,0,1.5,1340,49660,0,10,23,763
E14001561,Wallasey,48193,48178,99.7,95.6,95.6,94.1,95.6,0,0,0,0.3,0,99.9,0,48050,46082,46082,45364,46082,0,0,1,128,0,48131,0,4.1,95.6,0,0,0,0.3,1968,46082,0,0,1,127
E14001562,Walsall and Bloxwich,48676,48644,99.6,92,91.9,81.8,91.7,0,0,0,0.4,0,99.6,0,48466,44795,44722,39793,44641,0,0,12,178,5,48502,0,7.7,91.9,0,0,0,0.3,3744,44722,0,0,12,166
E14001563,Walthamstow,52732,52330,98.1,94.3,93.8,86.9,93.3,0,0,0.3,1.2,0,98.1,0,51721,49743,49476,45829,49208,0,0,176,609,5,51723,0,4.3,93.8,0,0,0.3,0.8,2245,49476,0,0,176,433
E14001564,Warrington North,46003,45977,99.4,97.6,97.2,91,97,0,0,0.1,0.5,0,99.7,0,45735,44879,44704,41850,44606,5,8,49,242,9,45858,0,2.2,97.2,0,0,0.1,0.4,1031,44704,5,3,41,193
E14001565,Warrington South,50329,50282,99.3,95.7,95.3,92.1,95,0,0.1,0.1,0.6,0,99.6,0,49966,48166,47976,46331,47827,3,36,47,316,7,50136,0,4,95.3,0,0.1,0,0.5,1990,47976,3,33,11,269
E14001566,Warwick and Leamington,52796,52712,99.4,91,87.3,48.7,84.5,0,0.1,0.1,0.5,0,99.6,0.1,52460,48025,46081,25711,44599,1,30,44,252,0,52564,34,12.1,87.3,0,0.1,0,0.4,6379,46081,1,29,14,208
E14001567,Washington and Gateshead South,46982,46870,97.8,89.8,89.4,81.9,89.2,0.2,0.6,1.5,1.9,0,98.2,0,45959,42196,41995,38499,41909,106,304,727,911,22,46139,2,8.4,89.4,0.2,0.4,0.9,0.4,3964,41995,106,198,423,184
E14001568,Watford,48862,48844,99.7,96.5,95.4,85.5,94.3,0,0,0,0.3,0,99.7,0,48691,47168,46623,41777,46069,0,4,17,153,1,48697,0,4.2,95.4,0,0,0,0.3,2068,46623,0,4,13,136
E14001569,Waveney Valley,45475,45433,95.5,59.8,59.8,59.8,59.8,0.4,0.8,1.5,4.4,0.6,99,0,43444,27188,27188,27188,27188,168,378,693,1989,281,45017,4,35.7,59.8,0.4,0.5,0.7,2.8,16256,27188,168,210,315,1296
E14001570,Weald of Kent,44865,44779,89.3,57.4,56.9,55.7,56.5,0.8,2.5,3.9,10.5,0.8,97.8,37.7,40082,25753,25536,25001,25369,345,1105,1767,4697,353,43881,16904,32.4,56.9,0.8,1.7,1.5,6.5,14546,25536,345,760,662,2930
E14001571,Wellingborough and Rushden,53275,53245,99.6,98,98,95.2,98,0,0,0.1,0.3,0,99.8,0.1,53076,52192,52192,50718,52192,1,13,51,169,3,53160,46,1.7,98,0,0,0.1,0.2,884,52192,1,12,38,118
E14001572,Wells and Mendip Hills,44403,44319,94.5,77.2,76.3,75.2,75.2,0.4,1.1,1.8,5.3,0.2,98.4,11.3,41978,34260,33867,33378,33378,160,469,811,2341,91,43678,5027,18.3,76.3,0.4,0.7,0.8,3.4,8111,33867,160,309,342,1530
E14001573,Welwyn Hatfield,49305,49278,98,88.4,87.6,60.7,86.5,0,0.1,0.4,2,0,99.1,0,48301,43599,43168,29905,42650,6,38,217,977,2,48844,0,10.4,87.6,0,0.1,0.4,1.5,5133,43168,6,32,179,760
S14000111,West Aberdeenshire and Kincardine,47129,46972,89.4,42,41.8,41.7,41.7,1.6,3.5,5.5,10.3,2,96.1,0,42123,19778,19693,19630,19630,774,1631,2611,4849,943,45297,0,47.6,41.8,1.6,1.8,2.1,4.7,22430,19693,774,857,980,2238
E14001574,West Bromwich,47974,47909,99.7,94.9,94.5,86.2,94.2,0,0,0.1,0.1,0,99.8,0,47854,45542,45349,41370,45183,7,9,29,55,2,47856,0,5.2,94.5,0,0,0,0.1,2505,45349,7,2,20,26
E14001575,West Dorset,51282,51245,96.4,60.2,60.2,60.1,60.1,0.2,0.7,1.1,3.5,0.3,99.1,0.3,49461,30897,30860,30824,30824,102,348,579,1784,156,50835,179,36.3,60.2,0.2,0.5,0.5,2.3,18601,30860,102,246,231,1205
S14000106,West Dunbartonshire,49743,49669,99.2,92.3,91.7,45,91.1,0,0,0.1,0.6,0.1,99.5,0,49347,45925,45621,22400,45296,1,9,26,322,58,49486,0,7.5,91.7,0,0,0,0.6,3726,45621,1,8,17,296
E14001576,West Ham and Beckton,59888,59830,99.7,93.9,91.8,72.5,89.6,0,0,0.1,0.2,0,99.7,0,59687,56223,54954,43428,53688,0,18,89,143,4,59693,0,7.9,91.8,0,0,0.1,0.1,4733,54954,0,18,71,54
E14001577,West Lancashire,46609,46561,97.4,82.4,80.5,78.9,78.9,0.2,0.6,0.9,2.5,0,99.5,3.1,45402,38384,37500,36788,36790,110,278,400,1159,22,46358,1430,17,80.5,0.2,0.4,0.3,1.6,7902,37500,110,168,122,759
E14001578,West Suffolk,56076,56038,98.3,75.1,73.7,68.2,72.9,0.2,0.3,0.5,1.7,0.2,99.6,0,55108,42106,41335,38217,40883,85,186,255,930,91,55865,4,24.6,73.7,0.2,0.2,0.1,1.2,13773,41335,85,101,69,675
N05000018,West Tyrone,44868,44743,97.2,92,92,92,92,1,1.4,1.6,2.5,0.5,99.6,5.4,43604,41295,41295,41293,41295,428,634,737,1139,218,44678,2437,5.1,92,1,0.5,0.2,0.9,2309,41295,428,206,103,402
E14001579,West Worcestershire,50382,50280,95.6,73.1,72.6,72.3,72.3,0.2,0.9,1.5,4.2,0.2,99.1,27.6,48147,36836,36563,36420,36420,121,473,775,2133,122,49922,13905,23,72.6,0.2,0.7,0.6,2.7,11584,36563,121,352,302,1358
E14001580,Westmorland and Lonsdale,55582,55452,92.8,66.8,66.8,66.7,66.7,1.3,2.8,3.7,6.9,0.8,98.3,21.6,51604,37115,37108,37099,37099,719,1558,2074,3848,468,54662,11993,26.1,66.8,1.3,1.5,0.9,3.2,14496,37108,719,839,516,1774
E14001581,Weston-super-Mare,48107,48039,98.2,89.8,88.5,87,87.6,0,0.1,0.5,1.6,0,99.1,0,47260,43210,42592,41876,42142,9,37,239,779,15,47658,0,9.7,88.5,0,0.1,0.4,1.1,4668,42592,9,28,202,540
E14001582,Wetherby and Easingwold,45298,45268,94.8,75.7,75.7,72.7,75.7,0.4,1.4,2.4,5.2,0.2,98.5,37,42927,34303,34299,32942,34299,189,615,1080,2341,113,44620,16759,19,75.7,0.4,0.9,1,2.8,8628,34299,189,426,465,1261
E14001583,Whitehaven and Workington,50142,50079,98.1,64.2,64.2,64.2,64.2,0.2,0.3,0.6,1.8,0.3,99.6,0,49170,32169,32169,32169,32169,95,156,283,909,137,49921,2,33.9,64.2,0.2,0.1,0.3,1.2,17001,32169,95,61,127,626
E14001584,Widnes and Halewood,44251,44230,99.2,95,95,91,95,0,0.1,0.2,0.8,0,99.7,0,43889,42060,42060,40250,42060,5,53,88,341,2,44134,0,4.1,95,0,0.1,0.1,0.6,1829,42060,5,48,35,253
E14001585,Wigan,52230,52201,99.3,95.6,95.5,80.5,95.5,0,0.1,0.2,0.6,0,99.7,2.3,51869,49937,49882,42065,49856,10,53,123,332,5,52072,1222,3.8,95.5,0,0.1,0.1,0.4,1987,49882,10,43,70,209
E14001586,Wimbledon,50718,50672,99.4,94.2,94.2,82.3,94.2,0,0,0.1,0.5,0,99.5,0,50417,47770,47768,41717,47768,0,4,32,255,5,50442,0,5.2,94.2,0,0,0.1,0.4,2649,47768,0,4,28,223
E14001587,Winchester,48235,48124,93.9,62.2,61.5,41.1,60.9,0.4,1,1.9,5.9,0.5,97.9,0,45275,30019,29658,19812,29390,206,490,919,2849,224,47234,0,32.4,61.5,0.4,0.6,0.9,4,15617,29658,206,284,429,1930
E14001588,Windsor,48114,48036,97.4,89,87.7,74.4,86.9,0,0,0.1,2.4,0,97.9,0,46881,42834,42201,35800,41822,2,12,70,1155,9,47123,0,9.7,87.7,0,0,0.1,2.3,4680,42201,2,10,58,1085
E14001589,Wirral West,42328,42308,98.9,93.6,93.6,89.2,93.6,0.1,0.2,0.3,1.1,0,99.9,0,41858,39625,39625,37747,39625,54,89,115,450,1,42272,0,5.3,93.6,0.1,0.1,0.1,0.8,2233,39625,54,35,26,335
E14001590,Witham,50068,50024,98.3,83.8,83.8,81.2,83.8,0.1,0.3,0.6,1.6,0.1,99.7,17.1,49200,41939,41939,40655,41939,42,160,313,824,39,49920,8568,14.5,83.8,0.1,0.2,0.3,1,7261,41939,42,118,153,511
E14001591,Witney,47685,47650,98.8,91.9,90.3,82.6,89.7,0,0.2,0.4,1.1,0.1,99.6,0,47128,43836,43045,39408,42761,23,99,199,522,71,47484,0,8.6,90.3,0,0.2,0.2,0.7,4083,43045,23,76,100,323
E14001592,Woking,46033,45983,98.2,92.6,91.6,72.8,90.6,0,0.1,0.1,1.6,0,98.7,0,45226,42622,42170,33508,41684,1,40,51,757,12,45418,0,6.6,91.6,0,0.1,0,1.5,3056,42170,1,39,11,706
E14001593,Wokingham,45618,45592,98.3,92.2,91.4,75.5,90.6,0,0,0.4,1.7,0,99,0,44823,42054,41688,34464,41321,2,7,164,769,22,45149,0,6.9,91.4,0,0,0.3,1.3,3135,41688,2,5,157,605
E14001594,Wolverhampton North East,46964,46850,99.6,98.4,98.4,92.6,98.3,0,0,0,0.1,0,99.6,0,46781,46229,46205,43481,46175,0,1,4,69,1,46789,0,1.2,98.4,0,0,0,0.1,576,46205,0,1,3,65
E14001595,Wolverhampton South East,52388,52371,99.8,97.8,97.8,92.3,97.8,0,0,0,0.2,0,99.8,0,52270,51225,51225,48348,51219,0,0,8,101,1,52290,0,2,97.8,0,0,0,0.2,1045,51225,0,0,8,93
E14001596,Wolverhampton West,51631,51606,99,98.2,98,94.5,97.8,0,0,0,0.9,0,99.1,1.2,51134,50701,50615,48790,50513,0,0,0,472,5,51143,625,1,98,0,0,0,0.9,519,50615,0,0,0,472
E14001597,Worcester,49808,49787,99.7,94.2,93.4,92.8,92.8,0,0,0,0.3,0,99.8,35.5,49647,46908,46545,46227,46227,0,0,1,140,0,49729,17684,6.2,93.4,0,0,0,0.3,3102,46545,0,0,1,139
E14001598,Worsley and Eccles,51612,51569,99.1,97.6,97.6,94.7,97.6,0.1,0.2,0.3,0.8,0,99.4,0,51144,50391,50391,48867,50391,26,103,168,425,10,51308,15,1.5,97.6,0.1,0.1,0.1,0.5,753,50391,26,77,65,257
E14001599,Worthing West,49902,49891,99.3,92.7,92.1,88.2,91.4,0,0.1,0.1,0.7,0.1,99.9,0,49536,46254,45961,43994,45630,19,32,72,355,31,49839,0,7.2,92.1,0,0,0.1,0.6,3575,45961,19,13,40,283
W07000111,Wrexham,49404,48990,96.7,73.2,73.2,73.2,73.2,0.1,0.4,0.7,2.5,0.2,98.2,50.3,47768,36140,36140,36140,36140,60,177,362,1222,93,48497,24867,23.5,73.2,0.1,0.2,0.4,1.7,11628,36140,60,117,185,860
E14001600,Wycombe,45402,45326,98.7,85.1,81.6,74.9,79,0,0.2,0.3,1.1,0.1,99.7,0,44825,38646,37064,33989,35882,22,86,118,501,44,45245,0,17.1,81.6,0,0.1,0.1,0.8,7761,37064,22,64,32,383
E14001601,Wyre Forest,49930,49882,98.4,87,87,79.9,87,0.1,0.2,0.3,1.5,0.1,99.8,3.1,49121,43448,43448,39916,43448,44,80,149,761,32,49812,1562,11.4,87,0.1,0.1,0.1,1.2,5673,43448,44,36,69,612
E14001602,Wythenshawe and Sale East,50856,50840,99.4,97.7,97.3,93.1,96.8,0,0.3,0.4,0.5,0,99.5,0,50574,49687,49503,47362,49230,13,160,182,266,0,50615,0,2.1,97.3,0,0.3,0,0.2,1071,49503,13,147,22,84
E14001603,Yeovil,52653,52616,97.3,80.4,80.4,80.4,80.4,0.2,0.7,1,2.6,0.1,99.2,0,51234,42351,42351,42351,42351,110,352,530,1382,52,52214,2,16.9,80.4,0.2,0.5,0.3,1.6,8883,42351,110,242,178,852
W07000112,Ynys Môn,38375,38289,94.8,55.3,55.3,55.3,55.3,0.6,1.4,2.2,5,0.6,97.9,15.4,36377,21207,21207,21207,21207,242,525,830,1912,226,37557,5898,39.5,55.3,0.6,0.7,0.8,2.8,15170,21207,242,283,305,1082
E14001604,York Central,53251,53153,97.7,94.6,93.6,87,92.5,0,0,0.1,2.1,0,97.8,15.8,52033,50396,49862,46309,49259,2,20,54,1120,0,52069,8421,4.1,93.6,0,0,0.1,2,2171,49862,2,18,34,1066
E14001605,York Outer,44412,44388,97.8,87,86.4,82.4,85.9,0.1,0.2,0.4,2.1,0,99.5,35.1,43453,38623,38359,36597,38133,34,90,167,935,10,44191,15595,11.5,86.4,0.1,0.1,0.2,1.7,5094,38359,34,56,77,768
