parl_const,parl_const_name,All Premises,All Matched Premises,SFBB availability (% premises),UFBB (100Mbit/s) availability (% premises),UFBB availability (% premises),Full Fibre availability (% premises),Gigabit availability (% premises),% of premises unable to receive 2Mbit/s,% of premises unable to receive 5Mbit/s,% of premises unable to receive 10Mbit/s,% of premises unable to receive 30Mbit/s,% of premises below the USO,% of premises with NGA,% of premises able to receive decent broadband from FWA,Number of premises with SFBB availability,Number of premises with UFBB (100Mbit/s) availability,Number of premises with UFBB availability,Number of premises with Full Fibre availability,Number of premises with Gigabit availability,Number of premises unable to receive 2Mbit/s,Number of premises unable to receive 5Mbit/s,Number of premises unable to receive 10Mbit/s,Number of premises unable to receive 30Mbit/s,Number of premises below the USO,Number of premises with NGA,Number of premises able to receive decent broadband from FWA,% of premises with 30<300Mbit/s download speed,% of premises with >=300Mbit/s download speed,% of premises with 0<2Mbit/s download speed,% of premises with 2<5Mbit/s download speed,% of premises with 5<10Mbit/s download speed,% of premises with 10<30Mbit/s download speed,Number of premises with 30<300Mbit/s download speed,Number of premises with >=300Mbit/s download speed,Number of premises with 0<2Mbit/s download speed,Number of premises with 2<5Mbit/s download speed,Number of premises with 5<10Mbit/s download speed,Number of premises with 10<30Mbit/s download speed
W07000081,Aberafan Maesteg,43209,43204,99.3,91.3,91.3,83.7,91.3,0.1,0.1,0.2,0.7,0,99.9,22.4,42889,39447,39447,36169,39447,25,49,72,315,9,43157,9667,8,91.3,0.1,0.1,0.1,0.6,3442,39447,25,24,23,243
S14000060,Aberdeen North,60861,60831,98.7,95.5,95.2,94.9,94.9,0,0,0.1,1.2,0,99.1,0,60072,58104,57944,57733,57733,4,18,36,759,3,60284,0,3.5,95.2,0,0,0,1.2,2128,57944,4,14,18,723
S14000061,Aberdeen South,64000,63956,98.1,89.8,89.6,89.1,89.1,0,0.1,0.2,1.8,0.1,98.9,0,62791,57449,57335,57010,57010,26,80,108,1165,33,63299,0,8.5,89.6,0,0.1,0,1.7,5456,57335,26,54,28,1057
S14000062,Aberdeenshire North and Moray East,48470,48435,91.4,44.4,44.4,44.4,44.4,1.2,2.7,4.7,8.5,0.9,97.7,0,44324,21530,21530,21530,21530,602,1302,2261,4111,442,47366,0,47,44.4,1.2,1.4,2,3.8,22794,21530,602,700,959,1850
S14000063,Airdrie and Shotts,43738,43711,98.8,94.2,94.2,81.5,94.2,0,0.1,0.3,1.1,0.1,99.8,0,43228,41192,41192,35631,41192,13,64,136,483,43,43651,0,4.7,94.2,0,0.1,0.2,0.8,2036,41192,13,51,72,347
E14001063,Aldershot,49863,49862,99.3,96,96,87.7,96,0,0.3,0.5,0.7,0,99.5,0,49512,47881,47881,43705,47881,6,173,227,350,6,49603,0,3.3,96,0,0.3,0.1,0.2,1631,47881,6,167,54,123
E14001064,Aldridge-Brownhills,38989,38980,99.2,95.3,94.7,89.6,94.4,0,0,0.2,0.8,0,99.6,0,38681,37176,36940,34915,36821,0,5,78,299,1,38841,0,4.5,94.7,0,0,0.2,0.6,1741,36940,0,5,73,221
S14000064,Alloa and Grangemouth,45728,45715,99.4,94.2,93.8,78.9,93.5,0,0.1,0.1,0.5,0,99.9,0,45468,43070,42871,36058,42746,8,29,58,247,7,45686,0,5.7,93.8,0,0,0.1,0.4,2597,42871,8,21,29,189
E14001065,Altrincham and Sale West,42972,42966,99.2,95.7,94.8,92.2,93.8,0,0.1,0.2,0.8,0,99.6,0.5,42638,41111,40740,39629,40292,12,35,70,328,0,42815,235,4.4,94.8,0,0.1,0.1,0.6,1898,40740,12,23,35,258
W07000082,Alyn and Deeside,46445,46410,98.8,94.1,93.5,93.2,93.2,0.1,0.4,0.6,1.1,0.1,99.6,33.8,45892,43717,43407,43277,43277,61,168,266,518,30,46236,15676,5.4,93.5,0.1,0.2,0.2,0.5,2485,43407,61,107,98,252
E14001066,Amber Valley,43012,42982,99.1,93.6,93.6,93.6,93.6,0,0.1,0.1,0.8,0,99.9,0,42620,40277,40277,40271,40273,7,29,41,362,12,42974,0,5.4,93.6,0,0.1,0,0.7,2343,40277,7,22,12,321
S14000065,Angus and Perthshire Glens,51823,51628,87.9,39.3,39.3,39.3,39.3,1.1,3.1,6,11.7,1.5,94.7,0,45553,20344,20344,20342,20344,575,1601,3132,6075,775,49092,2,48.6,39.3,1.1,2,3,5.7,25209,20344,575,1026,1531,2943
S14000066,Arbroath and Broughty Ferry,49047,49007,95.3,80.1,79.9,61.1,79.8,0.5,1.1,2.3,4.6,0.4,98.6,0,46744,39294,39190,29956,39126,227,543,1117,2263,212,48382,0,15.4,79.9,0.5,0.6,1.2,2.3,7554,39190,227,316,574,1146
S14000067,"Argyll, Bute and South Lochaber",53472,52959,88,21.4,21.4,21.4,21.4,2.1,3.5,5.5,11.1,1.8,94.5,0,47038,11442,11442,11441,11442,1111,1853,2933,5921,957,50506,3,66.6,21.4,2.1,1.4,2,5.6,35596,11442,1111,742,1080,2988
E14001067,Arundel and South Downs,45225,45188,94.7,51.3,50.9,50.6,50.6,0.3,0.8,1.4,5.2,0.4,99.6,0,42822,23196,23039,22889,22889,153,341,644,2366,187,45022,0,43.7,50.9,0.3,0.4,0.7,3.8,19783,23039,153,188,303,1722
E14001068,Ashfield,43609,43600,99.3,94.6,94.5,61.1,94.5,0,0.2,0.2,0.7,0,99.8,0,43315,41242,41224,26639,41219,7,98,107,285,2,43512,1,4.8,94.5,0,0.2,0,0.4,2091,41224,7,91,9,178
E14001069,Ashford,45059,45048,97.1,87,86.2,77.7,85.6,0.3,0.6,1,2.8,0.1,98.9,56.1,43764,39196,38822,34997,38556,123,253,450,1284,67,44566,25276,11,86.2,0.3,0.3,0.4,1.9,4942,38822,123,130,197,834
E14001070,Ashton-under-Lyne,45623,45592,99.5,96.7,96.4,91.2,96.3,0,0,0,0.4,0,99.8,0,45395,44106,44003,41605,43926,0,4,15,197,13,45553,0,3.1,96.4,0,0,0,0.4,1392,44003,0,4,11,182
E14001071,Aylesbury,48009,47969,97.9,89,87.2,75.4,85.6,0.2,0.5,0.7,2.1,0.1,98.9,0,46983,42733,41873,36194,41108,111,263,327,986,31,47472,0,10.6,87.2,0.2,0.3,0.1,1.4,5110,41873,111,152,64,659
S14000107,"Ayr, Carrick and Cumnock",46328,46316,98.9,71.9,70.6,60,69.7,0.1,0.2,0.3,1.1,0.1,99.8,0,45816,33289,32690,27815,32285,46,89,162,500,46,46217,13,28.3,70.6,0.1,0.1,0.2,0.7,13126,32690,46,43,73,338
E14001072,Banbury,45641,45619,99.2,93,91.9,91,91,0,0.1,0.2,0.7,0,99.7,0.5,45283,42434,41930,41518,41523,10,33,76,336,14,45512,248,7.3,91.9,0,0.1,0.1,0.6,3353,41930,10,23,43,260
W07000083,Bangor Aberconwy,43785,43728,94.5,75.2,74,73.3,73.3,0.9,1.8,3,5.4,0.9,97.3,36.2,41356,32943,32421,32107,32107,399,778,1324,2372,388,42603,15871,20.4,74,0.9,0.9,1.2,2.4,8935,32421,399,379,546,1048
E14001073,Barking,50493,50483,99.7,96,96,91.5,96,0,0,0,0.3,0,99.7,0,50328,48474,48474,46217,48474,0,3,4,155,0,50330,0,3.7,96,0,0,0,0.3,1854,48474,0,3,1,151
E14001074,Barnsley North,48776,48767,99.8,91.9,90.3,85.2,89.2,0,0,0,0.2,0,100,50.2,48685,44838,44032,41560,43495,0,1,9,82,0,48752,24486,9.5,90.3,0,0,0,0.1,4653,44032,0,1,8,73
E14001075,Barnsley South,49591,49589,99.5,93.2,92.5,82.9,92.1,0,0,0.1,0.5,0,99.8,25.9,49349,46210,45882,41127,45682,1,9,54,240,2,49493,12850,7,92.5,0,0,0.1,0.4,3467,45882,1,8,45,186
E14001076,Barrow and Furness,49441,49431,97.8,84.2,84.2,84.2,84.2,0.2,0.5,0.7,2.2,0.3,99.7,10.8,48338,41641,41641,41641,41641,118,231,342,1093,134,49308,5339,13.5,84.2,0.2,0.2,0.2,1.5,6697,41641,118,113,111,751
E14001077,Basildon and Billericay,45515,45514,99.1,93,92.7,79.6,92.4,0,0.1,0.2,0.8,0,99.7,0,45128,42341,42204,36213,42077,6,51,110,386,2,45365,0,6.4,92.7,0,0.1,0.1,0.6,2924,42204,6,45,59,276
E14001078,Basingstoke,48351,48337,99.5,91.4,91.4,70,91.4,0,0.1,0.1,0.4,0,99.7,0,48130,44210,44210,33822,44210,2,25,51,207,0,48189,0,8.1,91.4,0,0,0.1,0.3,3920,44210,2,23,26,156
E14001079,Bassetlaw,50896,50846,98.2,84.7,84.4,80.2,84.2,0.3,0.4,0.6,1.7,0.1,99.7,39.3,49963,43103,42967,40825,42874,164,226,284,883,39,50743,20014,13.7,84.4,0.3,0.1,0.1,1.2,6996,42967,164,62,58,599
E14001080,Bath,46223,46101,96.9,81.5,78,64.1,74.8,0,0.2,0.3,2.8,0.1,97.7,0,44786,37682,36047,29621,34582,19,89,145,1315,25,45166,0,18.9,78,0,0.2,0.1,2.5,8739,36047,19,70,56,1170
S14000068,Bathgate and Linlithgow,45827,45818,99.3,92.2,92.1,76.2,91.9,0.1,0.1,0.2,0.6,0,99.9,0,45528,42265,42188,34934,42133,30,65,86,290,20,45763,0,7.3,92.1,0.1,0.1,0,0.4,3340,42188,30,35,21,204
E14001081,Battersea,60023,59921,98.7,97.1,93.8,81.5,91.5,0,0,0.1,1.2,0,98.7,0,59215,58296,56314,48894,54909,0,0,61,706,0,59215,0,4.8,93.8,0,0,0.1,1.1,2901,56314,0,0,61,645
E14001082,Beaconsfield,41575,41563,96.9,81.1,80,67.5,79.2,0,0.2,1.2,3,0.1,98.7,0,40306,33717,33243,28075,32911,17,80,489,1257,44,41020,0,17,80,0,0.2,1,1.8,7063,33243,17,63,409,768
E14001083,Beckenham and Penge,49267,49257,98.9,90.8,90.2,34.6,89.5,0,0,0,1.1,0,98.9,0,48703,44724,44444,17059,44092,0,0,6,554,0,48741,0,8.6,90.2,0,0,0,1.1,4259,44444,0,0,6,548
E14001084,Bedford,46702,46689,99.5,96.2,95.1,72,93.9,0,0,0,0.5,0,99.6,0,46468,44905,44406,33607,43865,4,5,20,221,1,46513,0,4.4,95.1,0,0,0,0.4,2062,44406,4,1,15,201
N05000001,Belfast East,49967,49961,99.8,98.2,98.2,95.5,98.2,0,0,0,0.2,0,99.9,0,49878,49085,49085,47729,49085,0,1,14,83,1,49894,0,1.6,98.2,0,0,0,0.1,793,49085,0,1,13,69
N05000002,Belfast North,49384,49384,99.5,98.2,98.2,95.8,98.2,0,0,0.3,0.5,0,99.6,0,49151,48506,48506,47289,48506,0,1,151,233,0,49165,0,1.3,98.2,0,0,0.3,0.2,645,48506,0,1,150,82
N05000003,Belfast South and Mid Down,54108,54100,99.7,97.8,97.8,93.3,97.8,0,0,0,0.3,0,99.8,0,53959,52944,52944,50469,52944,2,7,22,141,4,54004,0,1.9,97.8,0,0,0,0.2,1015,52944,2,5,15,119
N05000004,Belfast West,45476,45476,99.9,97.2,97.2,95.2,97.2,0,0.1,0.1,0.1,0,99.9,0,45439,44189,44189,43313,44189,0,26,27,37,0,45448,0,2.7,97.2,0,0.1,0,0,1250,44189,0,26,1,10
E14001085,Bermondsey and Old Southwark,55150,54947,97.3,91.4,91.4,85.9,91.4,0,0,0,2.3,0,97.3,0,53674,50386,50384,47361,50386,0,0,0,1273,1,53674,0,6,91.4,0,0,0,2.3,3290,50384,0,0,0,1273
S14000108,"Berwickshire, Roxburgh and Selkirk",50464,50355,97.9,70.8,70,69.4,69.4,0.1,0.4,0.7,1.9,0.3,98.8,1.8,49401,35707,35316,35044,35044,73,191,346,954,167,49846,910,27.9,70,0.1,0.2,0.3,1.2,14085,35316,73,118,155,608
E14001086,Bethnal Green and Stepney,55402,54287,92.2,79.8,78.8,71.5,79.1,0,0,0.2,5.8,0,92.2,0,51085,44194,43639,39640,43834,0,0,95,3202,0,51090,0,13.4,78.8,0,0,0.2,5.6,7446,43639,0,0,95,3107
E14001087,Beverley and Holderness,43062,42989,98,87,87,87,87,0.3,0.5,0.8,1.8,0.1,99.4,15,42211,37453,37453,37453,37453,111,236,355,778,53,42783,6453,11,87,0.3,0.3,0.3,1,4758,37453,111,125,119,423
E14001088,Bexhill and Battle,43710,43697,97.6,68.2,68.2,68.2,68.2,0,0.2,0.3,2.4,0.1,99.7,0,42652,29828,29828,29828,29828,17,75,151,1045,33,43595,0,29.3,68.2,0,0.1,0.2,2,12824,29828,17,58,76,894
E14001089,Bexleyheath and Crayford,40432,40428,99.3,95.1,95.1,88.5,95.1,0,0,0.2,0.7,0,99.4,0,40155,38467,38467,35769,38467,0,2,92,273,0,40186,0,4.2,95.1,0,0,0.2,0.4,1688,38467,0,2,90,181
E14001090,Bicester and Woodstock,45171,45124,97.9,90.6,89.3,69,88.4,0.8,0.9,1.3,2,0.1,98.7,0,44200,40927,40339,31180,39927,374,419,575,924,32,44598,0,8.5,89.3,0.8,0.1,0.3,0.8,3861,40339,374,45,156,349
E14001091,Birkenhead,51233,51170,99.8,96.9,96.9,93.4,96.9,0,0,0,0.1,0,99.8,0,51134,49631,49631,47853,49631,0,0,3,36,0,51154,0,2.9,96.9,0,0,0,0.1,1503,49631,0,0,3,33
E14001092,Birmingham Edgbaston,47288,46370,96.9,94,93.9,75.4,93.8,0,0,0.2,1.2,0,96.9,0,45806,44466,44398,35667,44368,0,11,112,564,4,45813,0,3,93.9,0,0,0.2,1,1408,44398,0,11,101,452
E14001093,Birmingham Erdington,51201,51184,98.7,97.3,96.8,81.6,96.6,0,0.6,0.7,1.3,0,98.7,0,50512,49796,49575,41770,49448,4,304,371,672,0,50517,0,1.8,96.8,0,0.6,0.1,0.6,937,49575,4,300,67,301
E14001094,Birmingham Hall Green and Moseley,40302,40283,99.2,97.4,97.4,84.2,97.4,0,0,0,0.7,0,99.2,0,39991,39263,39256,33923,39251,0,0,14,292,1,39991,0,1.8,97.4,0,0,0,0.7,735,39256,0,0,14,278
E14001095,Birmingham Hodge Hill and Solihull North,44614,44605,99.8,99.4,99.3,84.3,99.1,0,0.1,0.2,0.2,0,99.8,0,44522,44335,44304,37598,44220,4,46,77,83,0,44523,0,0.5,99.3,0,0.1,0.1,0,218,44304,4,42,31,6
E14001096,Birmingham Ladywood,67075,66910,94,88.4,87.4,77.7,87.3,0,0,0.2,5.8,0,94,0,63026,59324,58649,52110,58541,0,3,135,3884,1,63026,0,6.5,87.4,0,0,0.2,5.6,4377,58649,0,3,132,3749
E14001097,Birmingham Northfield,48015,48008,99.1,97.9,97.9,86.7,97.9,0,0.1,0.6,0.9,0,99.1,0,47565,47029,47029,41629,47029,0,56,265,443,1,47567,0,1.1,97.9,0,0.1,0.4,0.4,536,47029,0,56,209,178
E14001098,Birmingham Perry Barr,42342,42328,99.3,99,98.6,89.5,98.4,0,0,0,0.7,0,99.3,0,42047,41901,41757,37883,41656,0,7,20,281,0,42047,0,0.7,98.6,0,0,0,0.6,290,41757,0,7,13,261
E14001099,Birmingham Selly Oak,43494,43384,98.9,95.9,95.7,84.8,95.9,0,0,0.2,0.8,0,99,0,43033,41692,41645,36883,41692,0,10,100,351,14,43041,0,3.2,95.7,0,0,0.2,0.6,1388,41645,0,10,90,251
E14001100,Birmingham Yardley,41101,41079,99.8,99.1,99,93.8,99,0,0,0.1,0.1,0,99.9,0,41039,40734,40707,38563,40689,0,0,26,40,0,41040,0,0.8,99,0,0,0.1,0,332,40707,0,0,26,14
E14001101,Bishop Auckland,45636,45618,97,78,78,78,78,0.4,0.8,1.2,2.9,0.3,99.5,2,44278,35593,35593,35593,35593,179,383,555,1340,116,45389,920,19,78,0.4,0.4,0.4,1.7,8685,35593,179,204,172,785
E14001102,Blackburn,43498,43475,99.4,94.9,94.9,88,94.9,0,0,0.1,0.5,0,99.6,72.9,43242,41285,41285,38294,41285,0,9,30,233,9,43325,31729,4.5,94.9,0,0,0,0.5,1957,41285,0,9,21,203
E14001103,Blackley and Middleton South,46133,46128,99.3,93.6,92.9,77.4,92.3,0,0.3,0.4,0.7,0,99.5,0,45823,43168,42840,35687,42569,0,120,169,305,1,45895,0,6.5,92.9,0,0.3,0.1,0.3,2983,42840,0,120,49,136
E14001104,Blackpool North and Fleetwood,47501,47493,99.7,96.3,96.3,88.6,96.3,0,0,0,0.2,0,100,68.4,47377,45744,45744,42100,45744,0,1,9,116,1,47484,32487,3.4,96.3,0,0,0,0.2,1633,45744,0,1,8,107
E14001105,Blackpool South,57085,56763,99.2,89.3,89.3,56.6,89.3,0,0,0,0.3,0,99.2,71.9,56609,50985,50985,32320,50985,0,0,0,154,10,56634,41031,9.9,89.3,0,0,0,0.3,5624,50985,0,0,0,154
W07000084,Blaenau Gwent and Rhymney,46438,46435,99,74.9,74.4,74,74,0,0.1,0.2,1,0,99.9,0,45984,34762,34551,34378,34378,17,38,86,451,1,46393,6,24.6,74.4,0,0,0.1,0.8,11433,34551,17,21,48,365
E14001106,Blaydon and Consett,44560,44491,98.2,79.8,79.5,73.7,78.9,0,0.1,0.3,1.6,0,99.4,0,43762,35541,35403,32827,35169,7,46,149,729,22,44306,0,18.8,79.5,0,0.1,0.2,1.3,8359,35403,7,39,103,580
E14001107,Blyth and Ashington,49382,49365,99.6,96.8,96.5,96.3,96.3,0,0,0,0.4,0,100,0,49192,47794,47631,47570,47570,0,11,14,173,0,49364,0,3.2,96.5,0,0,0,0.3,1561,47631,0,11,3,159
E14001108,Bognor Regis and Littlehampton,50769,50755,99.2,81.3,80.2,79.8,79.8,0,0,0,0.8,0,100,0,50366,41275,40722,40525,40525,1,1,6,389,4,50754,0,19,80.2,0,0,0,0.8,9644,40722,1,0,5,383
E14001109,Bolsover,48238,48226,98.5,91.8,91.7,87.2,91.4,0,0.1,0.3,1.5,0.1,99.8,0,47507,44303,44227,42050,44073,23,66,135,719,31,48151,0,6.8,91.7,0,0.1,0.1,1.2,3280,44227,23,43,69,584
E14001110,Bolton North East,50740,50737,99.6,98.1,97.7,84.9,97.3,0,0.1,0.1,0.4,0,99.8,30.7,50529,49761,49564,43096,49365,0,33,48,208,0,50651,15554,1.9,97.7,0,0.1,0,0.3,965,49564,0,33,15,160
E14001111,Bolton South and Walkden,50317,50312,99.8,98.3,98.2,92.8,97.9,0,0,0,0.2,0,99.8,25.9,50196,49473,49420,46710,49267,0,7,8,116,0,50205,13020,1.5,98.2,0,0,0,0.2,776,49420,0,7,1,108
E14001112,Bolton West,44717,44715,99.2,95.8,95.6,88.9,95.5,0,0.1,0.2,0.8,0,99.9,15,44372,42822,42763,39761,42701,9,23,71,343,0,44670,6725,3.6,95.6,0,0,0.1,0.6,1609,42763,9,14,48,272
E14001113,Bootle,48230,48162,99.2,97.1,97.1,93,97.1,0,0.1,0.1,0.6,0.1,99.2,0,47854,46827,46826,44831,46826,0,56,56,308,31,47857,0,2.1,97.1,0,0.1,0,0.5,1028,46826,0,56,0,252
E14001114,Boston and Skegness,55514,55374,92.8,74.8,74.6,74.3,74.3,0.6,1.9,3.2,6.9,0.5,98.1,18.9,51539,41552,41439,41271,41272,316,1064,1749,3835,301,54472,10478,18.2,74.6,0.6,1.3,1.2,3.8,10100,41439,316,748,685,2086
E14001115,Bournemouth East,49659,49653,98.9,96.4,94.7,90.3,94.3,0,0,0,1.1,0,99.7,0,49092,47861,47014,44863,46846,1,1,1,561,3,49509,0,4.2,94.7,0,0,0,1.1,2078,47014,1,0,0,560
E14001116,Bournemouth West,50255,49425,98.2,92.5,90.8,81.3,89.8,0,0,0,0.1,0,98.2,0,49361,46471,45608,40849,45154,0,0,0,64,1,49373,0,7.5,90.8,0,0,0,0.1,3753,45608,0,0,0,64
E14001117,Bracknell,43745,43744,99,97.8,97.7,96.8,97.5,0,0,0,1,0,99.8,0,43298,42778,42737,42367,42639,1,1,1,446,1,43643,0,1.3,97.7,0,0,0,1,561,42737,1,0,0,445
E14001118,Bradford East,42580,42561,99.7,96.7,96.6,83.9,96.6,0,0,0,0.2,0,99.8,76.2,42464,41164,41125,35735,41112,0,1,6,97,0,42497,32459,3.1,96.6,0,0,0,0.2,1339,41125,0,1,5,91
E14001119,Bradford South,44702,44702,99.8,98.2,98,93.5,98,0,0,0,0.2,0,99.9,73,44602,43915,43824,41811,43786,1,16,21,100,0,44666,32636,1.7,98,0,0,0,0.2,778,43824,1,15,5,79
E14001120,Bradford West,39355,39166,96.8,93.9,93.7,82.8,93.5,0,0,0.5,2.7,0,97.1,72.4,38098,36938,36859,32598,36779,0,12,191,1068,0,38213,28501,3.1,93.7,0,0,0.5,2.2,1239,36859,0,12,179,877
E14001121,Braintree,45898,45884,98.5,90.4,90.4,90.4,90.4,0.1,0.2,0.5,1.4,0.2,99.4,9.7,45220,41507,41507,41507,41507,36,93,235,664,107,45624,4455,8.1,90.4,0.1,0.1,0.3,0.9,3713,41507,36,57,142,429
W07000085,"Brecon, Radnor and Cwm Tawe",44674,44258,89.2,55.9,55.9,55.9,55.9,1.9,4.2,5.8,9.8,1.6,94.3,2.3,39859,24963,24963,24963,24963,866,1871,2604,4399,723,42113,1049,33.3,55.9,1.9,2.2,1.6,4,14896,24963,866,1005,733,1795
E14001122,Brent East,52978,52811,99.1,83.1,82.1,71.6,81,0,0,0.3,0.6,0,99.1,0,52486,44000,43516,37909,42907,0,20,151,325,16,52511,0,16.9,82.1,0,0,0.2,0.3,8970,43516,0,20,131,174
E14001123,Brent West,50781,50735,96.7,90.9,88.6,72.8,88,0,0,0.1,3.2,0,96.8,0,49123,46184,44981,36958,44707,0,18,62,1612,0,49131,0,8.2,88.6,0,0,0.1,3.1,4142,44981,0,18,44,1550
E14001124,Brentford and Isleworth,46644,46600,99.2,92.9,92.9,53.4,92.9,0,0,0.1,0.7,0,99.2,0,46251,43329,43329,24906,43329,0,9,39,349,0,46257,0,6.3,92.9,0,0,0.1,0.7,2922,43329,0,9,30,310
E14001125,Brentwood and Ongar,43727,43707,97.1,85.9,85.9,81.8,85.9,0.1,0.2,0.3,2.8,0.1,98.1,0.6,42466,37566,37566,35751,37566,30,66,138,1241,25,42904,271,11.2,85.9,0.1,0.1,0.2,2.5,4900,37566,30,36,72,1103
W07000086,Bridgend,42320,42319,99.3,95.2,94.9,94.3,94.3,0,0.1,0.1,0.7,0,100,23.4,42010,40309,40144,39903,39903,14,40,60,309,2,42303,9885,4.4,94.9,0,0.1,0,0.6,1866,40144,14,26,20,249
E14001126,Bridgwater,46331,46319,96.4,80.8,79.2,78.2,78.2,0.2,0.5,1.1,3.6,0.2,98.7,0,44653,37440,36703,36235,36235,94,244,507,1666,78,45711,0,17.2,79.2,0.2,0.3,0.6,2.5,7950,36703,94,150,263,1159
E14001127,Bridlington and The Wolds,46639,46624,97.7,88.9,88.8,88.6,88.6,0.5,0.9,1.4,2.2,0.4,99.4,20.5,45577,41463,41394,41335,41335,227,399,659,1047,179,46382,9539,9,88.8,0.5,0.4,0.6,0.8,4183,41394,227,172,260,388
E14001128,Brigg and Immingham,42183,42137,96.5,87.5,87.5,69.2,87.5,0.2,1.1,1.4,3.4,0.2,97.8,24.7,40695,36895,36895,29187,36895,92,466,585,1442,86,41257,10437,9,87.5,0.2,0.9,0.3,2,3800,36895,92,374,119,857
E14001129,Brighton Kemptown and Peacehaven,45319,45141,98.7,87.6,87.6,58.8,87.6,0,0,0,0.9,0,99.2,0,44749,39690,39690,26647,39690,15,15,17,392,0,44934,0,11.2,87.6,0,0,0,0.8,5059,39690,15,0,2,375
E14001130,Brighton Pavilion,49751,48951,96.7,91.8,90.5,64.2,89.2,0,0.6,1.3,1.7,0,96.8,0,48097,45668,45043,31941,44366,0,279,662,854,3,48144,0,6.1,90.5,0,0.6,0.8,0.4,3054,45043,0,279,383,192
E14001131,Bristol Central,40669,40623,97.6,94.1,94.1,78,94.1,0,0,0.2,2.3,0,97.6,0,39707,38278,38278,31730,38278,0,0,97,916,0,39708,0,3.5,94.1,0,0,0.2,2,1429,38278,0,0,97,819
E14001132,Bristol East,47394,47384,97.4,93.7,93.7,82.4,93.7,0,0.1,0.4,2.5,0,97.5,0,46184,44414,44414,39052,44414,0,43,195,1200,0,46219,0,3.7,93.7,0,0.1,0.3,2.1,1770,44414,0,43,152,1005
E14001133,Bristol North East,42416,42192,98.8,93.8,93.6,70,93.4,0,0.1,0.2,0.7,0,98.8,0,41900,39794,39716,29671,39611,0,43,87,292,0,41918,0,5.1,93.6,0,0.1,0.1,0.5,2184,39716,0,43,44,205
E14001134,Bristol North West,44136,44110,99.2,96.1,95.9,78.8,95.8,0,0,0.1,0.7,0,99.5,0,43792,42427,42324,34795,42277,0,16,47,318,2,43915,0,3.3,95.9,0,0,0.1,0.6,1468,42324,0,16,31,271
E14001135,Bristol South,47482,46653,96.3,94.6,94.6,83.7,94.6,0,0,0.1,1.9,0,96.3,0,45736,44926,44926,39765,44926,1,3,56,917,0,45738,0,1.7,94.6,0,0,0.1,1.8,810,44926,1,2,53,861
E14001136,Broadland and Fakenham,44258,44230,96.3,57.7,57.6,56.8,57.6,0.3,0.6,1,3.7,0.6,99.3,0,42607,25558,25501,25155,25477,127,245,440,1623,268,43950,10,38.7,57.6,0.3,0.3,0.4,2.7,17106,25501,127,118,195,1183
E14001137,Bromley and Biggin Hill,41369,41368,98.4,90.9,90.9,53.8,90.9,0,0.1,0.2,1.5,0,98.9,0,40727,37613,37612,22277,37609,5,23,85,641,4,40899,0,7.5,90.9,0,0,0.1,1.3,3115,37612,5,18,62,556
E14001138,Bromsgrove,42526,42505,98.7,85.9,85.9,80.2,85.9,0,0.1,0.2,1.2,0,99.7,2.4,41979,36544,36544,34124,36544,12,48,65,526,14,42417,1037,12.8,85.9,0,0.1,0,1.1,5435,36544,12,36,17,461
E14001139,Broxbourne,46002,45997,99.3,94.5,93.3,78,91.6,0.1,0.1,0.1,0.7,0,99.8,0,45661,43453,42904,35896,42148,33,47,65,336,12,45900,0,6,93.3,0.1,0,0,0.6,2757,42904,33,14,18,271
E14001140,Broxtowe,44362,44181,99.2,96.1,95.7,85.3,95.5,0,0,0.1,0.4,0,99.4,0,44014,42613,42456,37847,42370,5,17,32,167,1,44083,0,3.5,95.7,0,0,0,0.3,1558,42456,5,12,15,135
E14001141,Buckingham and Bletchley,45560,45526,97.1,92.4,91.7,91.3,91.3,0.3,0.7,1.3,2.8,0.3,98.1,0,44229,42094,41792,41616,41616,153,297,595,1297,148,44700,0,5.3,91.7,0.3,0.3,0.7,1.5,2437,41792,153,144,298,702
E14001142,Burnley,48470,48465,99.2,96.2,96.2,89.9,96.2,0,0.1,0.2,0.8,0,99.9,75.7,48089,46621,46621,43594,46621,22,39,75,376,11,48431,36685,3,96.2,0,0,0.1,0.6,1468,46621,22,17,36,301
E14001143,Burton and Uttoxeter,50460,50424,98.3,86.3,84.9,82.5,83.9,0.3,0.6,0.8,1.6,0.1,99.7,0,49627,43542,42823,41641,42313,132,283,387,797,36,50310,0,13.5,84.9,0.3,0.3,0.2,0.8,6804,42823,132,151,104,410
E14001144,Bury North,46099,46011,99.1,94.9,94.2,92.3,93.6,0,0.2,0.2,0.7,0,99.8,30.5,45688,43731,43430,42557,43147,16,73,93,323,1,45991,14071,4.9,94.2,0,0.1,0,0.5,2258,43430,16,57,20,230
E14001145,Bury South,45360,45339,99.7,94.5,94,87.3,93.8,0,0,0,0.3,0,99.9,24.1,45206,42868,42650,39589,42557,0,0,1,133,0,45313,10924,5.6,94,0,0,0,0.3,2556,42650,0,0,1,132
E14001146,Bury St Edmunds and Stowmarket,49399,49395,98.6,78.5,78.3,78.2,78.2,0.1,0.1,0.2,1.4,0.1,99.9,0,48724,38789,38704,38633,38633,26,67,108,671,27,49353,0,20.3,78.3,0.1,0.1,0.1,1.1,10020,38704,26,41,41,563
W07000087,Caerfyrddin,44281,43937,86.2,55.5,55.5,55.5,55.5,2.1,4.5,7.2,13,2.1,92.3,4.8,38163,24591,24591,24591,24591,929,2006,3175,5774,947,40887,2108,30.6,55.5,2.1,2.4,2.6,5.9,13572,24591,929,1077,1169,2599
W07000088,Caerphilly,43516,43510,99.4,89.2,88.9,88.8,88.8,0,0,0.1,0.6,0,100,38.2,43265,38801,38703,38651,38651,4,14,39,245,3,43509,16617,10.5,88.9,0,0,0.1,0.5,4562,38703,4,10,25,206
S14000069,"Caithness, Sutherland and Easter Ross",49872,49360,81.7,63.3,63.3,63.3,63.3,3.4,6.3,10.3,17.3,1.2,93.2,13.8,40748,31547,31547,31547,31547,1677,3151,5117,8612,622,46467,6859,18.4,63.3,3.4,3,3.9,7,9201,31547,1677,1474,1966,3495
E14001147,Calder Valley,46737,46715,96.1,69,69,67.9,69,0.2,0.5,0.7,3.8,0.1,99.4,49.2,44920,32229,32229,31742,32229,92,220,347,1795,36,46454,22990,27.2,69,0.2,0.3,0.3,3.1,12691,32229,92,128,127,1448
E14001148,Camborne and Redruth,45892,45850,94.1,58,58,58,58,0.1,0.5,1.3,5.8,0.1,97.3,30.8,43190,26599,26599,26599,26599,48,229,605,2660,45,44637,14156,36.2,58,0.1,0.4,0.8,4.5,16591,26599,48,181,376,2055
E14001149,Cambridge,49688,49670,99.6,95.9,95.2,87.9,94.7,0,0,0.1,0.4,0,99.6,0,49487,47659,47312,43685,47032,0,1,25,183,0,49490,0,4.4,95.2,0,0,0,0.3,2175,47312,0,1,24,158
E14001150,Cannock Chase,45717,45712,99.8,97.5,97.5,96.8,97.5,0,0,0,0.2,0,99.9,0,45611,44570,44570,44243,44567,4,8,17,101,5,45686,0,2.3,97.5,0,0,0,0.2,1041,44570,4,4,9,84
E14001151,Canterbury,48721,46722,92.8,68.7,68.7,68.7,68.7,0.2,0.6,0.8,3.1,0.1,95.8,66.1,45231,33450,33450,33450,33450,111,285,407,1491,52,46681,32210,24.2,68.7,0.2,0.4,0.3,2.2,11781,33450,111,174,122,1084
W07000089,Cardiff East,45798,45528,99.3,95.8,95.5,79.2,95.3,0,0,0,0.1,0,99.4,40.7,45494,43855,43754,36294,43631,0,2,17,34,0,45504,18659,3.8,95.5,0,0,0,0,1740,43754,0,2,15,17
W07000090,Cardiff North,41329,41322,99.6,97.7,97.1,93.1,96.6,0,0,0.1,0.4,0,100,52.6,41163,40388,40136,38463,39905,13,17,29,159,0,41321,21729,2.5,97.1,0,0,0,0.3,1027,40136,13,4,12,130
W07000091,Cardiff South and Penarth,48983,48544,97,93.7,92.6,85.1,91.2,0,0.4,0.5,2.1,0,97.2,57.3,47531,45902,45340,41703,44686,0,185,238,1013,10,47595,28046,4.5,92.6,0,0.4,0.1,1.6,2191,45340,0,185,53,775
W07000092,Cardiff West,47006,46999,99.8,92.6,92.2,81.7,91.8,0,0,0,0.2,0,99.9,43.7,46890,43519,43347,38423,43159,1,3,10,109,1,46977,20529,7.5,92.2,0,0,0,0.2,3543,43347,1,2,7,99
E14001152,Carlisle,51187,51170,97.4,91.7,91.3,86.8,91.1,0.5,1,1.4,2.5,0.3,99.3,1,49870,46925,46753,44452,46610,240,509,728,1300,170,50847,498,6.1,91.3,0.5,0.5,0.4,1.1,3117,46753,240,269,219,572
E14001153,Carshalton and Wallington,41812,41806,99.3,92.5,92.5,77.9,92.4,0,0,0,0.6,0,99.7,0,41538,38678,38674,32582,38653,9,13,20,268,0,41669,0,6.8,92.5,0,0,0,0.6,2864,38674,9,4,7,248
E14001154,Castle Point,40259,40157,99.4,79.8,79.8,67.6,79.8,0,0,0,0.4,0.1,99.7,0,40013,32113,32113,27215,32113,0,0,0,144,38,40140,0,19.6,79.8,0,0,0,0.4,7900,32113,0,0,0,144
S14000109,Central Ayrshire,44144,44138,98.7,88,88,70.1,88,0.2,0.3,0.5,1.3,0.1,99.8,0,43549,38842,38842,30959,38842,77,136,218,589,40,44045,5,10.7,88,0.2,0.1,0.2,0.8,4707,38842,77,59,82,371
E14001155,Central Devon,43049,43026,84.1,56.7,56.7,56.7,56.7,1.4,3.8,7.3,15.8,1.3,95.4,41.6,36224,24426,24426,24424,24426,582,1636,3143,6802,576,41061,17929,27.4,56.7,1.4,2.4,3.5,8.5,11798,24426,582,1054,1507,3659
E14001156,Central Suffolk and North Ipswich,42056,42044,97.7,73.2,72.4,72,72.1,0.1,0.3,0.6,2.3,0.2,99.6,0.5,41081,30764,30469,30300,30311,34,119,263,963,93,41883,218,25.2,72.4,0.1,0.2,0.3,1.7,10612,30469,34,85,144,700
W07000093,Ceredigion Preseli,47418,46269,87,51.3,51.3,51.3,51.3,1.6,3.7,5.9,10.5,1.6,92.6,5,41271,24348,24348,24348,24348,777,1756,2804,4998,769,43912,2354,35.7,51.3,1.6,2.1,2.2,4.6,16923,24348,777,979,1048,2194
E14001157,Chatham and Aylesford,44743,44742,99.6,96.1,95.2,72.8,94.3,0,0.1,0.1,0.4,0,99.9,21.6,44555,42976,42610,32583,42187,20,37,41,187,0,44679,9668,4.3,95.2,0,0,0,0.3,1945,42610,20,17,4,146
E14001158,Cheadle,41117,41116,99.5,96.7,96.7,88.9,96.7,0,0,0,0.5,0,99.8,0,40917,39751,39751,36569,39751,0,0,3,199,1,41053,0,2.8,96.7,0,0,0,0.5,1166,39751,0,0,3,196
E14001159,Chelmsford,48335,48333,99.6,96.2,95.5,83.7,94.6,0,0,0,0.4,0,99.6,0,48123,46499,46153,40479,45728,0,0,2,210,0,48145,2,4.1,95.5,0,0,0,0.4,1970,46153,0,0,2,208
E14001160,Chelsea and Fulham,63501,63308,98.5,94.5,93.2,81,91.9,0,0,0.1,1.2,0,98.5,0,62566,59987,59179,51437,58372,0,0,51,742,1,62566,0,5.3,93.2,0,0,0.1,1.1,3387,59179,0,0,51,691
E14001161,Cheltenham,48641,48624,99.7,94.9,93.5,82.1,92,0,0.1,0.1,0.3,0,99.7,0,48476,46182,45480,39914,44758,4,36,60,148,2,48506,0,6.2,93.5,0,0.1,0,0.2,2996,45480,4,32,24,88
E14001162,Chesham and Amersham,41176,41166,98.5,84.5,84,70.6,83.7,0,0.1,0.2,1.5,0,99.8,0,40542,34775,34573,29082,34455,9,54,81,624,10,41101,0,14.5,84,0,0.1,0.1,1.3,5969,34573,9,45,27,543
E14001163,Chester North and Neston,44582,44559,98.6,88.6,85.4,83.1,83.4,0.1,0.1,0.3,1.3,0,99.5,1.6,43973,39489,38085,37061,37201,42,52,126,586,5,44360,705,13.2,85.4,0.1,0,0.2,1,5888,38085,42,10,74,460
E14001164,Chester South and Eddisbury,43083,43063,94.7,81.2,80.5,80.3,80.3,0.4,1.2,1.9,5.3,0.2,98.8,11.6,40801,34997,34703,34582,34582,168,515,800,2262,86,42580,5012,14.2,80.5,0.4,0.8,0.7,3.4,6098,34703,168,347,285,1462
E14001165,Chesterfield,46225,46220,99.8,92.9,92.9,90,92.9,0,0,0,0.2,0,99.9,0,46120,42949,42949,41620,42949,0,1,1,100,1,46193,0,6.9,92.9,0,0,0,0.2,3171,42949,0,1,0,99
E14001166,Chichester,51167,51104,97.7,79.5,79.1,78.6,78.6,0.1,0.1,0.3,2.2,0.1,99.8,0,49978,40693,40454,40192,40192,38,74,130,1126,60,51053,0,18.6,79.1,0.1,0.1,0.1,1.9,9524,40454,38,36,56,996
E14001167,Chingford and Woodford Green,44127,44115,99.1,94,93.7,82.5,93.4,0.1,0.2,0.4,0.9,0.1,99.2,0,43712,41494,41339,36399,41208,55,91,174,403,44,43754,0,5.4,93.7,0.1,0.1,0.2,0.5,2373,41339,55,36,83,229
E14001168,Chippenham,44006,43984,98,86.6,85.4,83.7,84.7,0.2,0.5,0.7,2,0.1,99.4,0,43123,38120,37589,36823,37283,82,211,328,861,48,43735,0,12.6,85.4,0.2,0.3,0.3,1.2,5534,37589,82,129,117,533
E14001169,Chipping Barnet,46418,46397,98.2,75.1,72.7,67.9,70.9,0,0,0.3,1.7,0,98.9,0,45595,34858,33747,31528,32892,0,6,123,802,3,45906,0,25.5,72.7,0,0,0.3,1.5,11848,33747,0,6,117,679
E14001170,Chorley,46334,46319,98.4,93.1,92.8,86.7,92.3,0,0.1,0.3,1.6,0,99.9,14.9,45590,43152,42978,40155,42779,11,59,159,729,11,46286,6909,5.6,92.8,0,0.1,0.2,1.2,2612,42978,11,48,100,570
E14001171,Christchurch,42193,42179,97.9,74.5,74.5,65.5,74.5,0,0,0,2.1,0,99.9,0,41294,31454,31454,27637,31454,5,8,14,885,10,42165,0,23.3,74.5,0,0,0,2.1,9840,31454,5,3,6,871
E14001172,Cities of London and Westminster,92612,92512,94.7,85.1,84.9,82.8,84.8,0,0,0.1,5.2,0,94.7,0,87671,78805,78648,76717,78572,0,0,49,4841,2,87675,0,9.7,84.9,0,0,0.1,5.2,9023,78648,0,0,49,4792
E14001173,City of Durham,45678,45429,98.1,80.6,80.6,80.6,80.6,0.1,0.2,0.2,1.4,0,99.2,0,44800,36832,36831,36831,36831,66,89,113,629,12,45320,0,17.4,80.6,0.1,0.1,0.1,1.1,7969,36831,66,23,24,516
E14001174,Clacton,50631,50612,99.3,75.9,75.9,75.9,75.9,0,0.1,0.1,0.6,0,99.8,1.1,50291,38430,38430,38430,38430,19,32,61,321,6,50530,550,23.4,75.9,0,0,0.1,0.5,11861,38430,19,13,29,260
E14001175,Clapham and Brixton Hill,48755,48747,99.6,95,93.7,83.1,92.4,0,0,0,0.4,0,99.6,0,48562,46305,45681,40524,45047,0,0,0,185,0,48563,0,5.9,93.7,0,0,0,0.4,2881,45681,0,0,0,185
W07000094,Clwyd East,45740,45659,96.3,81.7,81.2,80.9,80.9,0.4,1.1,1.7,3.5,0.3,98.3,33.7,44052,37373,37161,37023,37023,197,481,757,1607,115,44959,15435,15.1,81.2,0.4,0.6,0.6,1.9,6891,37161,197,284,276,850
W07000095,Clwyd North,48981,48969,98.2,90.9,90.9,90.9,90.9,0,0.1,0.3,1.8,0,99.1,65.4,48078,44539,44539,44539,44539,2,67,162,891,6,48553,32056,7.2,90.9,0,0.1,0.2,1.5,3539,44539,2,65,95,729
S14000070,Coatbridge and Bellshill,45562,45533,99.6,95.1,94.5,43.6,94.3,0,0,0.1,0.3,0,99.7,0,45388,43347,43063,19868,42974,9,21,37,145,3,45436,0,5.1,94.5,0,0,0,0.2,2325,43063,9,12,16,108
E14001176,Colchester,50743,50734,99.3,90.2,90.2,58.9,90.2,0,0,0,0.7,0,99.4,18.4,50399,45750,45749,29895,45750,0,3,11,335,0,50452,9322,9.2,90.2,0,0,0,0.6,4650,45749,0,3,8,324
E14001177,Colne Valley,43235,43229,97.6,89.2,89.2,85.9,89.2,0.1,0.4,0.6,2.4,0,99.3,51.4,42202,38558,38558,37122,38558,58,173,248,1027,2,42942,22229,8.4,89.2,0.1,0.3,0.2,1.8,3644,38558,58,115,75,779
E14001178,Congleton,43630,43620,98,89.8,88.8,88,88,0.1,0.3,0.5,2,0,99.7,0,42754,39184,38723,38376,38376,42,117,209,866,11,43514,0,9.2,88.8,0.1,0.2,0.2,1.5,4031,38723,42,75,92,657
E14001179,Corby and East Northamptonshire,50666,50659,99.4,92.8,92.8,74.1,92.8,0,0.1,0.2,0.6,0,99.7,0,50351,47023,47023,37550,47023,19,40,83,308,24,50537,0,6.6,92.8,0,0,0.1,0.4,3328,47023,19,21,43,225
E14001180,Coventry East,49599,49553,99.6,98.9,98.9,97.6,98.9,0,0,0.1,0.3,0,99.6,0,49415,49034,49034,48390,49034,0,16,39,138,0,49424,0,0.8,98.9,0,0,0,0.2,381,49034,0,16,23,99
E14001181,Coventry North West,47464,47280,99.3,98.3,98.3,96.9,98.3,0,0.1,0.1,0.3,0,99.4,0,47151,46658,46658,45990,46658,3,45,71,129,10,47165,0,1,98.3,0,0.1,0.1,0.1,493,46658,3,42,26,58
E14001182,Coventry South,48938,47745,96.6,95.1,95,94.5,95.1,0,0.2,0.3,1,0,96.7,0,47265,46554,46505,46265,46554,0,105,127,480,1,47310,0,1.6,95,0,0.2,0,0.7,760,46505,0,105,22,353
S14000071,Cowdenbeath and Kirkcaldy,47951,47948,99.2,91.7,91.7,66.6,91.7,0.1,0.1,0.1,0.8,0,99.8,0,47578,43961,43961,31916,43961,29,50,56,370,4,47845,0,7.5,91.7,0.1,0,0,0.7,3617,43961,29,21,6,314
E14001183,Cramlington and Killingworth,46477,46464,99.6,95.8,95.7,94.1,95.5,0.1,0.1,0.1,0.4,0,100,0,46294,44547,44456,43733,44407,30,32,38,170,0,46463,0,4,95.7,0.1,0,0,0.3,1838,44456,30,2,6,132
E14001184,Crawley,47202,47142,99.4,94.6,94.6,67.5,94.6,0,0,0,0.5,0.1,99.6,0,46918,44647,44647,31881,44647,0,0,3,224,60,47004,0,4.8,94.6,0,0,0,0.5,2271,44647,0,0,3,221
E14001185,Crewe and Nantwich,51538,51522,99,88.1,87.3,86.4,86.4,0,0,0.1,0.9,0,99.8,0,51046,45389,44969,44517,44517,5,10,50,476,3,51434,0,11.8,87.3,0,0,0.1,0.8,6077,44969,5,5,40,426
E14001186,Croydon East,45858,45854,99.1,89.6,89.6,53.3,89.6,0,0,0,0.8,0,99.7,0,45466,41082,41082,24420,41082,1,1,18,388,2,45728,0,9.6,89.6,0,0,0,0.8,4384,41082,1,0,17,370
E14001187,Croydon South,43990,43987,97.5,84.7,84.7,52.7,84.7,0,0,0.2,2.5,0,98.1,0,42894,37280,37280,23170,37280,0,0,86,1093,0,43153,0,12.8,84.7,0,0,0.2,2.3,5614,37280,0,0,86,1007
E14001188,Croydon West,54204,54191,95,89.1,89.1,59.8,89.1,0,0.2,0.6,5,0,95,0,51468,48312,48312,32437,48312,0,106,324,2723,0,51470,0,5.8,89.1,0,0.2,0.4,4.4,3156,48312,0,106,218,2399
S14000072,Cumbernauld and Kirkintilloch,43104,43070,99.6,94.8,94,72.4,93.7,0.1,0.1,0.1,0.3,0,99.9,0,42923,40845,40525,31206,40392,32,34,37,147,8,43065,0,5.6,94,0.1,0,0,0.3,2398,40525,32,2,3,110
E14001189,Dagenham and Rainham,46628,46614,99.1,93.6,93.4,85.9,93.4,0,0.4,0.7,0.8,0,99.2,0,46221,43662,43564,40035,43541,0,173,304,393,3,46235,0,5.7,93.4,0,0.4,0.3,0.2,2657,43564,0,173,131,89
E14001190,Darlington,48327,48320,99,95.5,95.2,80.2,95.1,0.3,0.4,0.5,0.9,0,99.8,7.7,47864,46137,46017,38774,45963,140,188,249,456,4,48210,3724,3.8,95.2,0.3,0.1,0.1,0.4,1847,46017,140,48,61,207
E14001191,Dartford,46998,46961,99.1,86.8,85.8,67.3,84.9,0.1,0.2,0.2,0.8,0,99.8,0,46573,40792,40314,31639,39904,50,71,89,388,2,46883,0,13.3,85.8,0.1,0,0,0.6,6259,40314,50,21,18,299
E14001192,Daventry,46687,46660,98.4,93.7,93.6,93.2,93.3,0.1,0.4,0.6,1.5,0.1,99.4,0,45950,43743,43684,43531,43573,62,194,292,710,31,46394,17,4.9,93.6,0.1,0.3,0.2,0.9,2266,43684,62,132,98,418
E14001193,Derby North,47023,46957,99.8,98.8,98.4,85.7,98.1,0,0,0,0.1,0,99.8,0,46918,46457,46250,40281,46123,1,1,10,39,0,46934,0,1.4,98.4,0,0,0,0.1,668,46250,1,0,9,29
E14001194,Derby South,50294,50259,99.7,98.1,97.6,89.4,97.8,0,0,0,0.3,0,99.7,0,50132,49346,49112,44974,49179,0,0,2,127,2,50137,0,2,97.6,0,0,0,0.2,1020,49112,0,0,2,125
E14001195,Derbyshire Dales,43163,43136,94.2,62.1,62.1,62.1,62.1,0.3,1.1,2,5.7,0.5,98.4,0,40664,26789,26789,26785,26789,150,456,878,2472,232,42462,0,32.1,62.1,0.3,0.7,1,3.7,13875,26789,150,306,422,1594
E14001196,Dewsbury and Batley,39920,39895,99.3,96.6,96.6,93.9,96.6,0,0,0.1,0.6,0,99.7,47.4,39659,38544,38544,37475,38544,3,11,27,236,1,39785,18927,2.8,96.6,0,0,0,0.5,1115,38544,3,8,16,209
E14001197,Didcot and Wantage,48865,48864,98.8,86.8,85.7,63.9,85,0,0.1,0.2,1.2,0,99.8,0,48275,42433,41865,31226,41555,12,52,99,589,3,48773,0,13.1,85.7,0,0.1,0.1,1,6410,41865,12,40,47,490
E14001198,Doncaster Central,53130,53104,99.6,98,98,97.4,98,0,0,0,0.3,0,99.8,17.4,52937,52056,52056,51767,52056,2,10,10,167,1,53049,9237,1.7,98,0,0,0,0.3,881,52056,2,8,0,157
E14001199,Doncaster East and the Isle of Axholme,42263,42238,98.9,94.1,94.1,94.1,94.1,0.1,0.2,0.4,1,0,99.9,26.9,41801,39782,39782,39782,39782,45,88,151,437,17,42210,11361,4.8,94.1,0.1,0.1,0.1,0.7,2019,39782,45,43,63,286
E14001200,Doncaster North,45364,45360,99.5,95.3,95.3,92.2,95.3,0.1,0.2,0.2,0.5,0,100,1.7,45146,43221,43220,41826,43218,52,96,108,214,11,45355,753,4.2,95.3,0.1,0.1,0,0.2,1926,43220,52,44,12,106
E14001201,Dorking and Horley,40452,40437,97.3,82.6,82.6,69.3,82.6,0,0.1,0.3,2.6,0.2,99.7,0,39371,33424,33424,28029,33424,13,57,138,1066,71,40315,0,14.7,82.6,0,0.1,0.2,2.3,5947,33424,13,44,81,928
E14001202,Dover and Deal,48396,48386,97.4,80.9,80.9,73,80.9,0.4,0.5,0.7,2.6,0,99.2,60.1,47122,39166,39166,35346,39166,184,237,329,1264,18,48028,29107,16.4,80.9,0.4,0.1,0.2,1.9,7956,39166,184,53,92,935
E14001203,Droitwich and Evesham,46541,46506,97.7,83.2,82.5,81.7,81.9,0,0.2,0.4,2.2,0.1,99.7,13.9,45484,38745,38397,38033,38117,18,92,204,1022,25,46396,6483,15.2,82.5,0,0.2,0.2,1.8,7087,38397,18,74,112,818
E14001204,Dudley,42961,42940,99.6,97.9,97.6,90.8,97,0,0,0,0.3,0,99.7,8.8,42808,42072,41947,39003,41665,0,0,1,132,0,42846,3766,2,97.6,0,0,0,0.3,861,41947,0,0,1,131
E14001205,Dulwich and West Norwood,46904,46900,99.1,92.8,92,76.2,91.3,0,0,0,0.9,0,99.1,0,46473,43512,43149,35726,42839,0,0,0,427,0,46473,0,7.1,92,0,0,0,0.9,3324,43149,0,0,0,427
S14000073,Dumfries and Galloway,50534,50484,97.7,57.4,57.4,57.4,57.4,0.2,0.5,0.9,2.2,0.3,99.2,0,49352,28984,28984,28984,28984,115,239,453,1132,131,50123,0,40.3,57.4,0.2,0.2,0.4,1.3,20368,28984,115,124,214,679
S14000074,"Dumfriesshire, Clydesdale and Tweeddale",43837,43806,97.6,49.6,49.6,49.6,49.6,0.3,0.6,0.9,2.3,0.3,99.4,0,42798,21728,21728,21728,21728,131,250,405,1008,138,43585,7,48.1,49.6,0.3,0.3,0.4,1.4,21070,21728,131,119,155,603
S14000075,Dundee Central,55514,55510,99.5,97.3,96.5,89.3,95.9,0,0,0,0.5,0,99.7,0,55256,54005,53595,49568,53225,0,2,5,254,0,55352,0,3,96.5,0,0,0,0.4,1661,53595,0,2,3,249
S14000076,Dunfermline and Dollar,45003,44992,98.4,84,83.9,83.9,83.9,0.2,0.5,0.6,1.6,0.1,99.8,0,44290,37781,37773,37742,37742,110,208,263,702,47,44920,1,14.5,83.9,0.2,0.2,0.1,1,6517,37773,110,98,55,439
E14001206,Dunstable and Leighton Buzzard,51482,51474,98.6,86.6,85.2,68,84,0,0.1,0.2,1.4,0,99.2,0,50757,44574,43853,35024,43242,4,26,121,717,8,51055,0,13.4,85.2,0,0,0.2,1.2,6904,43853,4,22,95,596
W07000096,Dwyfor Meirionnydd,51352,51117,93.3,64.9,64.9,64.9,64.9,0.9,1.8,3.2,6.2,0.8,96.6,5.6,47937,33335,33335,33335,33335,455,931,1618,3180,434,49620,2870,28.4,64.9,0.9,0.9,1.3,3,14602,33335,455,476,687,1562
E14001207,Ealing Central and Acton,63099,63034,98.5,89.9,88.8,56.5,88.7,0,0.1,0.5,1.4,0,98.5,0,62173,56725,56034,35662,55966,0,65,298,861,0,62174,0,9.7,88.8,0,0.1,0.4,0.9,6139,56034,0,65,233,563
E14001208,Ealing North,48230,48170,99.6,94.7,94.4,78.4,94,0,0.1,0.2,0.3,0,99.6,0,48020,45689,45544,37806,45324,0,37,113,150,0,48024,0,5.1,94.4,0,0.1,0.2,0.1,2476,45544,0,37,76,37
E14001209,Ealing Southall,44686,44635,99.6,89.7,89.7,83.4,89.3,0,0,0.1,0.3,0,99.6,0,44512,40080,40061,37270,39925,0,10,27,123,0,44513,0,10,89.7,0,0,0,0.2,4451,40061,0,10,17,96
E14001210,Earley and Woodley,41883,41880,99.9,96.6,96.4,92.6,96.1,0,0,0,0.1,0,99.9,0,41821,40475,40375,38792,40242,0,11,13,59,2,41853,0,3.5,96.4,0,0,0,0.1,1446,40375,0,11,2,46
E14001211,Easington,45897,45895,99,92.5,91.4,90.4,90.4,0,0.1,0.2,1,0,100,0,45422,42476,41957,41493,41493,22,56,80,473,4,45895,0,7.5,91.4,0,0.1,0.1,0.9,3465,41957,22,34,24,393
N05000005,East Antrim,44067,43996,98.5,96.3,96.3,96.1,96.3,0.5,0.6,0.7,1.3,0.2,99.8,0,43406,42417,42417,42347,42417,217,283,311,590,72,43973,0,2.2,96.3,0.5,0.1,0.1,0.6,989,42417,217,66,28,279
E14001212,East Grinstead and Uckfield,43029,43015,97.4,70.9,70.8,70.7,70.7,0,0.1,0.4,2.5,0.2,99.8,0,41927,30520,30468,30421,30421,12,56,186,1088,65,42941,0,26.6,70.8,0,0.1,0.3,2.1,11459,30468,12,44,130,902
E14001213,East Ham,38892,38869,99.3,95.9,94.4,89.7,93,0,0.1,0.2,0.6,0,99.3,0,38636,37305,36720,34901,36174,0,23,69,233,2,38636,0,4.9,94.4,0,0.1,0.1,0.4,1916,36720,0,23,46,164
E14001214,East Hampshire,40099,39991,95.3,77.6,77.4,59.3,77.2,0.1,0.6,1.5,4.4,0.4,97.9,0,38224,31121,31047,23765,30960,58,229,584,1767,148,39251,0,17.9,77.4,0.1,0.4,0.9,3,7177,31047,58,171,355,1183
S14000077,East Kilbride and Strathaven,46335,46332,99.3,95,95,55.2,95,0.1,0.3,0.4,0.7,0,99.8,0,46017,44012,44012,25575,44012,56,138,188,315,16,46263,0,4.3,95,0.1,0.2,0.1,0.3,2005,44012,56,82,50,127
N05000006,East Londonderry,48745,48685,96.6,92.8,92.8,92.8,92.8,1,1.4,1.6,3.2,0.5,99.7,0,47112,45231,45231,45231,45231,469,684,802,1573,228,48599,0,3.9,92.8,1,0.4,0.2,1.6,1881,45231,469,215,118,771
S14000021,East Renfrewshire,41272,41270,98.7,95.2,95.2,88.2,95.2,0.1,0.1,0.3,1.3,0.1,99.6,0,40727,39306,39306,36403,39306,27,60,131,543,34,41104,1,3.4,95.2,0.1,0.1,0.2,1,1421,39306,27,33,71,412
E14001215,East Surrey,41941,41908,96.6,73.2,72.5,56.2,72.2,0.1,0.3,0.6,3.3,0.1,99.7,0,40513,30682,30427,23583,30289,28,145,253,1395,37,41815,0,24,72.5,0.1,0.3,0.3,2.7,10086,30427,28,117,108,1142
E14001216,East Thanet,52046,52011,99.8,80.6,80.6,80.6,80.6,0,0,0,0.2,0,99.9,51.7,51925,41952,41952,41952,41952,0,1,1,86,1,52008,26888,19.2,80.6,0,0,0,0.2,9973,41952,0,1,0,85
E14001217,East Wiltshire,43657,43634,95.2,69.7,69.7,55,69.7,0.1,0.8,1.6,4.7,0.4,98.2,0,41579,30438,30438,24007,30438,58,355,699,2055,163,42883,0,25.5,69.7,0.1,0.7,0.8,3.1,11141,30438,58,297,344,1356
E14001218,East Worthing and Shoreham,43817,43758,99.3,96.3,96.3,82.7,96.3,0,0,0.1,0.6,0,99.7,0,43510,42190,42190,36236,42190,0,11,23,248,5,43699,0,3,96.3,0,0,0,0.5,1320,42190,0,11,12,225
E14001219,Eastbourne,48729,48716,99.8,87.4,87.4,87.4,87.4,0,0,0,0.2,0,99.9,0,48630,42577,42577,42577,42577,0,2,3,86,6,48698,0,12.4,87.4,0,0,0,0.2,6053,42577,0,2,1,83
E14001220,Eastleigh,40962,40960,99.1,92.5,92.2,78.7,92.1,0,0,0,0.9,0,99.7,0,40588,37871,37759,32256,37734,1,2,8,372,1,40846,0,6.9,92.2,0,0,0,0.9,2829,37759,1,1,6,364
S14000078,Edinburgh East and Musselburgh,61465,61115,97.7,88.3,87.9,81.4,87.6,0,0,0.4,1.7,0,97.8,3,60077,54279,54051,50030,53821,2,27,249,1038,0,60125,1817,9.8,87.9,0,0,0.4,1.3,6026,54051,2,25,222,789
S14000079,Edinburgh North and Leith,66870,66864,99.3,94.2,93.5,77,91.5,0,0.1,0.1,0.7,0,99.3,0,66395,62973,62547,51522,61197,0,68,80,469,0,66404,0,5.8,93.5,0,0.1,0,0.6,3848,62547,0,68,12,389
S14000080,Edinburgh South,47118,47115,99.5,94.9,94.5,80.3,94.2,0,0,0.1,0.5,0,99.5,0,46865,44697,44535,37844,44387,0,19,28,250,0,46893,0,4.9,94.5,0,0,0,0.5,2330,44535,0,19,9,222
S14000081,Edinburgh South West,54911,54894,98.4,97.2,96.9,87.3,95.6,0,0,0.1,1.5,0,98.6,0,54056,53355,53219,47927,52507,3,16,40,838,0,54158,0,1.5,96.9,0,0,0,1.5,837,53219,3,13,24,798
S14000082,Edinburgh West,49980,49964,98,94.4,94.2,90.2,93.9,0.1,0.2,0.5,2,0,98.6,0,48980,47194,47083,45070,46942,47,106,234,984,6,49296,0,3.8,94.2,0.1,0.1,0.3,1.5,1897,47083,47,59,128,750
E14001221,Edmonton and Winchmore Hill,48026,47947,99.2,95,94.6,61.2,94.4,0,0,0.1,0.7,0.1,99.2,0,47619,45622,45415,29394,45330,0,6,45,328,28,47621,0,4.6,94.6,0,0,0.1,0.6,2204,45415,0,6,39,283
E14001222,Ellesmere Port and Bromborough,44523,44522,99.9,97.1,97.1,94.4,97.1,0,0,0,0.1,0,100,0,44476,43229,43229,42035,43229,0,0,1,46,1,44518,0,2.8,97.1,0,0,0,0.1,1247,43229,0,0,1,45
E14001223,Eltham and Chislehurst,46847,46845,99.7,94.9,94.4,85.4,93.8,0,0,0,0.3,0,99.8,0,46697,44436,44223,40011,43965,0,2,2,148,0,46760,0,5.3,94.4,0,0,0,0.3,2474,44223,0,2,0,146
E14001224,Ely and East Cambridgeshire,48879,48839,98.1,86.5,85.4,71.6,84.7,0.3,0.4,0.6,1.8,0.1,99.6,1.1,47962,42285,41747,34974,41403,123,208,311,877,38,48693,533,12.7,85.4,0.3,0.2,0.2,1.2,6215,41747,123,85,103,566
E14001225,Enfield North,50870,50804,98.7,92.2,92,38.1,91.6,0,0,0.5,1.2,0,98.9,0,50184,46896,46799,19364,46585,13,18,250,620,4,50304,0,6.7,92,0,0,0.5,0.7,3385,46799,13,5,232,370
E14001226,Epping Forest,43761,43758,99.3,91.9,91.1,71.8,90.5,0,0.1,0.2,0.7,0,99.8,0,43473,40203,39864,31442,39590,4,55,106,285,7,43683,3,8.2,91.1,0,0.1,0.1,0.4,3609,39864,4,51,51,179
E14001227,Epsom and Ewell,44815,44804,99.5,90.6,90.6,74.2,90.6,0,0,0,0.5,0,99.8,0,44594,40605,40594,33244,40590,1,5,6,210,2,44721,0,8.9,90.6,0,0,0,0.5,4000,40594,1,4,1,204
E14001228,Erewash,44993,44962,99.6,97,97,93.4,97,0,0,0.1,0.3,0,99.9,0,44827,43658,43633,42031,43625,10,22,29,135,0,44961,0,2.7,97,0,0,0,0.2,1194,43633,10,12,7,106
E14001229,Erith and Thamesmead,51967,51961,99.8,91,90.3,75.5,89.7,0,0,0.1,0.2,0,99.8,0,51854,47287,46902,39226,46620,0,10,42,107,0,51854,0,9.5,90.3,0,0,0.1,0.1,4952,46902,0,10,32,65
E14001230,Esher and Walton,43726,43720,99.6,92.3,91.5,76.8,91.1,0,0,0,0.4,0,99.7,0,43530,40365,40010,33587,39836,0,0,0,190,0,43573,0,8.1,91.5,0,0,0,0.4,3520,40010,0,0,0,190
E14001231,Exeter,44401,44199,97.2,89.6,89.6,77.4,89.6,0,0,0.8,2.3,0,97.5,47.2,43174,39782,39781,34379,39782,0,8,364,1025,1,43298,20945,7.6,89.6,0,0,0.8,1.5,3393,39781,0,8,356,661
E14001232,Exmouth and Exeter East,48638,48633,97.3,90.3,90.2,87,90.2,0.1,0.4,0.8,2.7,0,98.5,44.8,47333,43897,43880,42327,43865,70,202,383,1300,22,47921,21800,7.1,90.2,0.1,0.3,0.4,1.9,3453,43880,70,132,181,917
S14000083,Falkirk,45657,45647,99,95.2,95.2,71.4,95.2,0,0.2,0.3,1,0,99.6,0,45210,43476,43476,32612,43476,22,76,158,437,10,45478,0,3.8,95.2,0,0.1,0.2,0.6,1734,43476,22,54,82,279
E14001233,Fareham and Waterlooville,44775,44744,99.1,92.4,92,60,92,0.1,0.1,0.2,0.8,0,99.9,0,44384,41361,41213,26848,41172,23,59,94,360,12,44734,0,7.1,92,0.1,0.1,0.1,0.6,3171,41213,23,36,35,266
E14001234,Farnham and Bordon,44165,44033,97.4,70.1,68.5,63.6,67.6,0,0.1,0.2,2.3,0.3,99.4,0,43010,30946,30242,28093,29851,9,38,81,1023,111,43915,0,28.9,68.5,0,0.1,0.1,2.1,12768,30242,9,29,43,942
E14001235,Faversham and Mid Kent,43493,43435,95.2,78.6,78,71.1,77.5,0.3,0.9,1.6,4.7,0.2,99,64.2,41390,34190,33915,30937,33722,132,377,701,2045,103,43057,27924,17.2,78,0.3,0.6,0.7,3.1,7475,33915,132,245,324,1344
E14001236,Feltham and Heston,40567,40562,99.4,92.6,92.6,72.9,92.6,0,0,0,0.6,0,99.5,0,40335,37585,37585,29590,37585,0,10,12,227,0,40350,0,6.8,92.6,0,0,0,0.5,2750,37585,0,10,2,215
N05000007,Fermanagh and South Tyrone,47087,47025,96,90.4,90.4,90.4,90.4,1.4,2.1,2.6,3.9,0.8,99.7,40.7,45195,42558,42558,42558,42558,680,987,1209,1830,371,46943,19141,5.6,90.4,1.4,0.7,0.5,1.3,2637,42558,680,307,222,621
E14001237,Filton and Bradley Stoke,49794,47810,95.4,90.4,90.1,76.3,89.9,0,0,0,0.7,0,96,0,47484,45010,44873,38013,44761,1,3,6,326,1,47794,0,5.2,90.1,0,0,0,0.6,2611,44873,1,2,3,320
E14001238,Finchley and Golders Green,51557,51542,98.8,82.7,80.8,58.2,78.7,0,0,0,1.2,0,99.2,0,50914,42656,41672,29985,40584,0,0,0,628,0,51138,0,17.9,80.8,0,0,0,1.2,9242,41672,0,0,0,628
E14001239,Folkestone and Hythe,45225,45198,95.6,80.3,80.3,73.4,80.3,1.3,2.2,3.1,4.4,0,97,41.4,43223,36314,36314,33210,36314,600,1010,1396,1975,11,43852,18702,15.3,80.3,1.3,0.9,0.9,1.3,6909,36314,600,410,386,579
E14001240,Forest of Dean,42407,42372,95,79.2,78.7,78.3,78.3,0.3,1.1,2.1,5,0.4,96.7,1.1,40272,33601,33383,33222,33222,125,448,891,2100,153,41027,465,16.2,78.7,0.3,0.8,1,2.9,6889,33383,125,323,443,1209
N05000008,Foyle,41984,41883,99,97.3,97.3,96.3,97.3,0.1,0.1,0.2,0.7,0.1,99.5,0,41581,40841,40841,40440,40841,27,53,97,302,23,41774,0,1.8,97.3,0.1,0.1,0.1,0.5,740,40841,27,26,44,205
E14001241,Frome and East Somerset,40653,40628,93.1,83,82.1,74.1,81.5,0.3,1.1,2.6,6.9,0.2,96.6,4.2,37841,33752,33359,30116,33118,108,427,1050,2787,66,39276,1707,11,82.1,0.3,0.8,1.5,4.3,4482,33359,108,319,623,1737
E14001242,Fylde,44146,44104,99.1,94.5,94,92.1,93.7,0,0.1,0.2,0.8,0,99.8,1.5,43743,41726,41508,40653,41351,13,64,107,361,4,44041,684,5.1,94,0,0.1,0.1,0.6,2235,41508,13,51,43,254
E14001243,Gainsborough,45920,45883,92.1,67.4,67.3,63.1,67.2,1.5,2.7,3.7,7.8,0.5,99,57,42286,30958,30918,28964,30857,696,1255,1710,3597,211,45469,26153,24.8,67.3,1.5,1.2,1,4.1,11368,30918,696,559,455,1887
E14001244,Gateshead Central and Whickham,48382,48132,98.5,92.6,91.7,64.1,91.3,0,0,0,1,0,98.8,0,47658,44792,44359,30998,44165,0,4,23,474,4,47810,0,6.8,91.7,0,0,0,0.9,3299,44359,0,4,19,451
E14001245,Gedling,47573,47569,99.7,95.3,95.2,89.1,95.1,0,0.1,0.1,0.3,0,100,0,47449,45326,45281,42403,45263,7,29,33,120,0,47553,0,4.6,95.2,0,0,0,0.2,2168,45281,7,22,4,87
E14001246,Gillingham and Rainham,43635,43625,99.4,97.1,96.8,93.8,96.4,0,0,0,0.6,0,99.9,38.4,43377,42358,42237,40921,42084,0,1,20,248,0,43592,16768,2.6,96.8,0,0,0,0.5,1140,42237,0,1,19,228
S14000084,Glasgow East,54316,54244,98.1,94,92.1,85,90,0,0,0.2,1.7,0,98.1,0,53299,51048,50041,46146,48866,0,27,97,945,0,53307,0,6,92.1,0,0,0.1,1.6,3258,50041,0,27,70,848
S14000085,Glasgow North,56904,56016,95,91.9,89.4,80.7,89.1,0,0,0,3.5,0,95,0,54045,52309,50889,45898,50708,0,13,21,1971,2,54062,2,5.5,89.4,0,0,0,3.4,3156,50889,0,13,8,1950
S14000086,Glasgow North East,56012,55554,99,96.8,96.6,94,96.4,0,0.1,0.1,0.2,0,99,0,55429,54196,54093,52679,53975,0,60,63,125,0,55445,0,2.4,96.6,0,0.1,0,0.1,1336,54093,0,60,3,62
S14000087,Glasgow South,48438,48438,99.9,99.1,98.7,96.4,98.4,0,0,0,0.1,0,99.9,0,48391,48020,47821,46681,47658,0,3,10,47,0,48403,0,1.2,98.7,0,0,0,0.1,570,47821,0,3,7,37
S14000088,Glasgow South West,46449,46424,99.7,98.3,98.2,98.1,98.2,0,0,0,0.2,0,99.9,0,46328,45648,45622,45574,45613,0,0,1,96,0,46413,0,1.5,98.2,0,0,0,0.2,706,45622,0,0,1,95
S14000089,Glasgow West,53248,53182,99.9,98.6,97.6,95.3,97.1,0,0,0,0,0,99.9,0,53172,52478,51957,50754,51723,0,0,4,10,0,53172,0,2.3,97.6,0,0,0,0,1215,51957,0,0,4,6
E14001247,Glastonbury and Somerton,43126,43107,97.3,74.9,73.6,73.1,73.1,0.2,0.4,0.8,2.6,0.1,99.5,0.7,41969,32302,31734,31512,31512,78,180,351,1138,44,42903,302,23.7,73.6,0.2,0.2,0.4,1.8,10235,31734,78,102,171,787
S14000090,Glenrothes and Mid Fife,47344,47318,99.3,90.9,90.9,64.2,90.9,0,0.1,0.1,0.6,0,99.9,0,47017,43049,43049,30393,43049,12,26,70,301,13,47288,0,8.4,90.9,0,0,0.1,0.5,3968,43049,12,14,44,231
E14001248,Gloucester,52224,52222,99.3,93.3,93.3,60,93.3,0,0.1,0.2,0.7,0,99.5,0,51874,48739,48739,31318,48739,2,31,104,348,1,51955,0,6,93.3,0,0.1,0.1,0.5,3135,48739,2,29,73,244
E14001249,Godalming and Ash,43334,43321,96.5,72.8,72.5,69.2,72.4,0.2,0.4,0.7,3.5,0.2,99.7,0,41825,31538,31399,30001,31353,83,193,312,1496,81,43219,0,24.1,72.5,0.2,0.3,0.3,2.7,10426,31399,83,110,119,1184
E14001250,Goole and Pocklington,47730,47687,98.3,95,94.9,94.8,94.8,0.3,0.6,0.9,1.6,0.1,99.7,47,46940,45335,45272,45271,45271,167,305,409,747,37,47597,22438,3.5,94.9,0.3,0.3,0.2,0.7,1668,45272,167,138,104,338
S14000091,Gordon and Buchan,42163,42081,89.8,45.5,45.5,45.5,45.5,1.3,3.3,5.9,10,1.7,96.7,0,37856,19176,19176,19176,19176,542,1374,2506,4225,729,40791,0,44.3,45.5,1.3,2,2.7,4.1,18680,19176,542,832,1132,1719
E14001251,Gorton and Denton,46275,46259,99.7,98.3,97.9,90.6,97.3,0,0,0.1,0.2,0,99.8,0,46150,45474,45319,41938,45037,0,1,67,109,0,46180,0,1.8,97.9,0,0,0.1,0.1,831,45319,0,1,66,42
E14001252,Gosport,44137,44135,99.9,98.2,98.2,91.5,98.2,0,0,0,0.1,0,100,0,44104,43336,43336,40374,43336,0,0,0,31,0,44133,0,1.7,98.2,0,0,0,0.1,768,43336,0,0,0,31
W07000097,Gower,45441,45420,98.1,87.9,86.8,79.4,86.1,0.2,0.4,0.8,1.8,0.1,99.1,18.1,44585,39947,39440,36097,39133,97,175,353,835,56,45039,8214,11.3,86.8,0.2,0.2,0.4,1.1,5145,39440,97,78,178,482
E14001253,Grantham and Bourne,46556,46526,97.5,87.9,87.1,73.3,86.4,0.4,0.7,1.1,2.4,0.1,99.5,1.8,45389,40943,40565,34147,40213,184,347,489,1137,60,46328,860,10.4,87.1,0.4,0.4,0.3,1.4,4824,40565,184,163,142,648
E14001254,Gravesham,44864,44828,98.2,87.7,85.9,72.8,83.4,0,0.2,0.3,1.7,0.1,99.2,0,44044,39340,38521,32655,37432,16,96,114,784,26,44518,0,12.3,85.9,0,0.2,0,1.5,5523,38521,16,80,18,670
E14001255,Great Grimsby and Cleethorpes,48575,48572,99.8,98.9,98.9,86.5,98.9,0,0.1,0.1,0.2,0,99.8,15.4,48480,48053,48053,42021,48053,0,28,54,92,2,48484,7470,0.9,98.9,0,0.1,0.1,0.1,427,48053,0,28,26,38
E14001256,Great Yarmouth,46832,46821,99.2,85.7,85.7,80.2,85.7,0,0,0.1,0.8,0,99.9,0,46469,40117,40117,37559,40117,6,20,42,352,6,46782,2,13.6,85.7,0,0,0,0.7,6352,40117,6,14,22,310
E14001257,Greenwich and Woolwich,55501,55485,99.3,86.3,85.4,68.3,85.3,0,0,0,0.7,0,99.3,0,55101,47906,47424,37883,47338,0,2,11,384,3,55117,0,13.8,85.4,0,0,0,0.7,7677,47424,0,2,9,373
E14001258,Guildford,40939,40930,99.4,90.4,87.9,66.2,85.4,0,0.1,0.2,0.6,0,99.8,0,40677,37018,35999,27090,34951,5,24,67,253,10,40863,0,11.4,87.9,0,0,0.1,0.5,4678,35999,5,19,43,186
E14001259,Hackney North and Stoke Newington,47285,47229,99.7,94.6,93.3,82,92.5,0,0,0,0.2,0,99.7,0,47156,44719,44106,38785,43724,0,8,8,73,0,47156,0,6.5,93.3,0,0,0,0.1,3050,44106,0,8,0,65
E14001260,Hackney South and Shoreditch,55266,54940,98.6,91.5,90.4,85.8,89.6,0,0,0.1,0.8,0,98.6,0,54494,50563,49976,47443,49534,0,0,72,446,0,54495,0,8.2,90.4,0,0,0.1,0.7,4518,49976,0,0,72,374
E14001261,Halesowen,40769,40755,99.8,98.5,98.2,90.6,97.9,0,0,0,0.2,0,99.9,0,40669,40149,40021,36955,39916,0,0,1,86,0,40716,0,1.6,98.2,0,0,0,0.2,648,40021,0,0,1,85
E14001262,Halifax,48588,48565,98.8,91.3,91.2,85.7,91.1,0,0,0.1,1.1,0,99.5,65.9,48019,44346,44305,41637,44274,1,18,42,546,1,48362,32043,7.6,91.2,0,0,0,1,3714,44305,1,17,24,504
E14001263,Hamble Valley,47164,47154,98.7,91.8,91,67.9,90.3,0.1,0.2,0.3,1.2,0,99.7,0,46570,43295,42896,32032,42596,46,108,125,584,4,47027,0,7.8,91,0.1,0.1,0,1,3674,42896,46,62,17,459
S14000092,Hamilton and Clyde Valley,48222,48183,99.2,90.4,90.4,48,90.4,0.1,0.2,0.3,0.7,0,99.8,0,47829,43573,43573,23161,43573,44,91,162,354,9,48133,0,8.8,90.4,0.1,0.1,0.1,0.4,4256,43573,44,47,71,192
E14001264,Hammersmith and Chiswick,55180,54920,98.3,93.2,91.6,67.4,90.3,0,0,0.8,1.3,0,98.3,0,54220,51440,50557,37213,49802,0,7,429,700,2,54244,0,6.6,91.6,0,0,0.8,0.5,3663,50557,0,7,422,271
E14001265,Hampstead and Highgate,58416,58361,99.6,95.3,95.3,76.4,95.3,0,0,0,0.3,0,99.6,0,58170,55653,55652,44619,55653,0,0,4,191,2,58191,1,4.3,95.3,0,0,0,0.3,2518,55652,0,0,4,187
E14001266,"Harborough, Oadby and Wigston",44995,44974,99.5,95.6,95.2,89.6,95,0,0,0.1,0.5,0,99.9,0,44763,43009,42814,40338,42748,11,21,49,211,7,44942,0,4.3,95.2,0,0,0.1,0.4,1949,42814,11,10,28,162
E14001267,Harlow,47757,47738,98.2,93.6,92.7,26.5,92.2,0.1,0.1,0.6,1.8,0,98.5,0.1,46895,44689,44290,12669,44029,29,54,274,843,16,47035,63,5.5,92.7,0.1,0.1,0.5,1.2,2605,44290,29,25,220,569
E14001268,Harpenden and Berkhamsted,40560,40506,97.3,81.2,81.1,48.6,80.8,0.1,0.3,0.6,2.5,0.1,99.1,0,39476,32952,32901,19711,32788,38,118,229,1030,54,40186,0,16.2,81.1,0.1,0.2,0.3,2,6575,32901,38,80,111,801
E14001269,Harrogate and Knaresborough,48452,48449,99.3,96.5,96.3,94,96,0,0.1,0.1,0.7,0,99.8,48.2,48120,46765,46683,45532,46532,8,40,64,329,7,48372,23345,3,96.3,0,0.1,0,0.5,1437,46683,8,32,24,265
E14001270,Harrow East,41150,41131,99.2,92.2,92.2,76.8,92.2,0,0,0.2,0.7,0,99.4,0,40841,37933,37933,31586,37933,0,0,73,290,8,40888,0,7.1,92.2,0,0,0.2,0.5,2908,37933,0,0,73,217
E14001271,Harrow West,46521,46507,98.7,88.5,88.5,76.2,88.5,0,0,0.4,1.3,0,98.7,0,45917,41162,41162,35427,41162,0,0,169,590,5,45918,0,10.2,88.5,0,0,0.4,0.9,4755,41162,0,0,169,421
E14001272,Hartlepool,45856,45794,99.1,97.1,97.1,95.2,97.1,0.2,0.3,0.4,0.7,0,99.5,0.2,45452,44508,44508,43644,44508,113,137,187,342,7,45648,78,2.1,97.1,0.2,0.1,0.1,0.3,944,44508,113,24,50,155
E14001273,Harwich and North Essex,46160,45413,96.3,76.5,76.5,74.9,76.5,0.2,1.1,1.5,2.1,0.1,97.3,10.1,44435,35292,35292,34588,35292,70,508,694,978,60,44932,4665,19.8,76.5,0.2,0.9,0.4,0.6,9143,35292,70,438,186,284
E14001274,Hastings and Rye,52033,51982,99.2,74.7,74.7,74.7,74.7,0,0.1,0.1,0.7,0,99.9,2.5,51635,38884,38884,38884,38884,18,28,72,347,6,51976,1284,24.5,74.7,0,0,0.1,0.5,12751,38884,18,10,44,275
E14001275,Havant,43740,43675,99.8,94.7,94.7,72.4,94.7,0,0,0,0.1,0,99.8,0,43636,41436,41436,31687,41436,0,0,1,39,3,43674,1,5,94.7,0,0,0,0.1,2200,41436,0,0,1,38
E14001276,Hayes and Harlington,44765,44753,98.7,95.2,95.2,81.7,95.2,0,0,0.5,1.2,0,98.7,0,44202,42611,42611,36584,42611,0,6,202,551,1,44202,0,3.6,95.2,0,0,0.4,0.8,1591,42611,0,6,196,349
E14001277,Hazel Grove,42694,42685,98.9,94.8,94.8,78.3,94.8,0.1,0.1,0.2,1.1,0,99.9,0,42232,40465,40465,33417,40465,29,50,72,453,1,42649,0,4.1,94.8,0.1,0,0.1,0.9,1767,40465,29,21,22,381
E14001278,Hemel Hempstead,44418,44394,99.4,94.9,94.5,81.6,94,0,0,0,0.5,0,99.9,0,44162,42161,41989,36230,41763,0,1,10,232,6,44362,0,4.9,94.5,0,0,0,0.5,2173,41989,0,1,9,222
E14001279,Hendon,53992,53985,99.5,85,84.8,76.3,84.8,0,0,0,0.5,0,99.6,0,53731,45874,45805,41181,45768,0,0,16,254,0,53752,0,14.7,84.8,0,0,0,0.4,7926,45805,0,0,16,238
E14001280,Henley and Thame,42430,42418,98.4,82.5,81.1,75,80.4,0.1,0.1,0.3,1.6,0.1,99.8,0,41757,35011,34419,31818,34100,29,59,112,661,29,42362,0,17.3,81.1,0.1,0.1,0.1,1.3,7338,34419,29,30,53,549
E14001281,Hereford and South Herefordshire,44909,44890,95.7,86.4,86.2,86,86,0.5,1.1,1.9,4.2,0.5,98.5,25.7,42987,38810,38698,38606,38606,233,496,865,1903,239,44216,11529,9.6,86.2,0.5,0.6,0.8,2.3,4289,38698,233,263,369,1038
E14001282,Herne Bay and Sandwich,48675,48636,96.1,81,81,81,81,0.1,1,1.2,3.8,0,99.7,52.7,46780,39422,39422,39422,39422,47,476,586,1856,14,48525,25656,15.1,81,0.1,0.9,0.2,2.6,7358,39422,47,429,110,1270
E14001283,Hertford and Stortford,48369,48313,98.6,91.8,90.2,68.1,88.5,0,0.1,0.1,1.3,0,99.1,0,47678,44391,43648,32952,42806,14,37,48,635,6,47949,0,8.3,90.2,0,0,0,1.2,4030,43648,14,23,11,587
E14001284,Hertsmere,44730,44712,98.6,91,90.2,70.7,89.5,0,0.1,0.2,1.4,0,99.3,0,44098,40710,40360,31605,40013,3,55,75,614,3,44424,0,8.4,90.2,0,0.1,0,1.2,3738,40360,3,52,20,539
E14001285,Hexham,43433,43357,92.6,65.6,65.5,65.5,65.5,1.4,2.4,3.3,7.2,0.7,99,0.7,40230,28513,28448,28431,28431,629,1064,1420,3127,296,42992,298,27.1,65.5,1.4,1,0.8,3.9,11782,28448,629,435,356,1707
E14001286,Heywood and Middleton North,45473,45466,98.8,93.9,93,68.6,92.6,0,0.1,0.3,1.2,0,99.8,0,44932,42677,42311,31217,42104,12,60,114,534,5,45403,2,5.8,93,0,0.1,0.1,0.9,2621,42311,12,48,54,420
E14001287,High Peak,43626,43559,97.5,81.9,80.8,80.1,80.1,0.3,0.5,0.9,2.4,0.2,99.5,0,42516,35729,35264,34932,34932,146,226,371,1043,104,43429,0,16.6,80.8,0.3,0.2,0.3,1.5,7252,35264,146,80,145,672
E14001288,Hinckley and Bosworth,45720,45704,99.2,79.1,77.9,60.9,77,0,0.1,0.2,0.8,0,99.9,0,45344,36181,35594,27825,35206,11,51,106,360,20,45656,0,21.3,77.9,0,0.1,0.1,0.6,9750,35594,11,40,55,254
E14001289,Hitchin,45035,45022,98.2,87.2,86.7,79.8,86.4,0.1,0.2,0.3,1.8,0.1,99.8,0,44212,39288,39039,35928,38929,28,75,147,810,48,44940,0,11.5,86.7,0.1,0.1,0.2,1.5,5173,39039,28,47,72,663
E14001290,Holborn and St Pancras,55785,55189,97.4,94.4,94.3,84.7,94.4,0,0,0,1.6,0,97.4,0,54314,52644,52583,47239,52644,0,0,4,875,0,54326,0,3.1,94.3,0,0,0,1.6,1731,52583,0,0,4,871
E14001291,Honiton and Sidmouth,43948,43926,91.7,65,65,65,65,0.3,1.3,2.8,8.3,0.5,97.2,1.3,40282,28569,28569,28569,28569,127,573,1228,3644,222,42728,586,26.7,65,0.3,1,1.5,5.5,11713,28569,127,446,655,2416
E14001292,Hornchurch and Upminster,44449,44443,98.7,92.2,92,85.4,91.7,0.1,0.2,0.3,1.3,0,99.4,0,43853,40998,40902,37946,40760,37,71,143,590,22,44186,0,6.6,92,0.1,0.1,0.2,1,2951,40902,37,34,72,447
E14001293,Hornsey and Friern Barnet,45325,45316,99.4,87.4,86.8,49.3,86.1,0,0,0.2,0.6,0,99.4,0,45038,39633,39361,22353,39041,0,2,86,278,0,45038,0,12.5,86.8,0,0,0.2,0.4,5677,39361,0,2,84,192
E14001294,Horsham,45959,45926,97.5,84.2,83.2,82,82,0,0.3,0.6,2.4,0.1,99.8,0,44826,38702,38251,37679,37679,20,150,293,1100,63,45859,0,14.3,83.2,0,0.3,0.3,1.8,6575,38251,20,130,143,807
E14001295,Houghton and Sunderland South,49576,49519,99,96.5,96.3,63.4,96.2,0,0.1,0.3,0.9,0,99.3,0,49088,47829,47742,31422,47697,9,47,154,431,3,49231,0,2.7,96.3,0,0.1,0.2,0.6,1346,47742,9,38,107,277
E14001296,Hove and Portslade,50784,50771,99.4,91.1,85.5,58.8,79.4,0,0,0.1,0.6,0,99.4,0,50487,46244,43438,29881,40320,0,4,74,284,0,50496,0,13.9,85.5,0,0,0.1,0.4,7049,43438,0,4,70,210
E14001297,Huddersfield,50239,50236,99.7,97,97,93.8,97,0,0,0.1,0.3,0,99.9,36.4,50110,48722,48722,47135,48722,7,17,26,126,1,50166,18293,2.8,97,0,0,0,0.2,1388,48722,7,10,9,100
E14001298,Huntingdon,49525,49190,97.8,89.2,88.5,72.9,88.1,0.1,0.4,0.7,1.5,0.2,98.9,0,48455,44188,43821,36105,43633,43,217,333,735,92,48957,7,9.4,88.5,0.1,0.4,0.2,0.8,4634,43821,43,174,116,402
E14001299,Hyndburn,43186,43174,99,95.4,95.2,93.6,94.6,0,0.1,0.2,1,0,99.9,46.9,42758,41220,41110,40431,40864,16,45,68,416,2,43155,20235,3.8,95.2,0,0.1,0.1,0.8,1648,41110,16,29,23,348
E14001300,Ilford North,40265,40259,99.6,95.9,95.9,91.4,95.9,0,0.1,0.1,0.4,0,99.7,0,40112,38623,38623,36789,38623,10,29,45,147,1,40157,0,3.7,95.9,0,0,0,0.3,1489,38623,10,19,16,102
E14001301,Ilford South,41483,41454,98.9,92.5,92.5,85,92.5,0,0,0.2,1,0,99,0,41035,38362,38362,35246,38362,12,12,84,419,1,41053,0,6.4,92.5,0,0,0.2,0.8,2673,38362,12,0,72,335
S14000093,Inverclyde and Renfrewshire West,45449,45337,98.7,82,82,54.4,82,0.1,0.1,0.1,1,0,99.1,0,44863,37253,37253,24715,37253,30,38,50,474,3,45048,0,16.7,82,0.1,0,0,0.9,7610,37253,30,8,12,424
S14000094,"Inverness, Skye and West Ross-shire",54799,54226,90.2,67,67,67,67,1.6,2.8,4.9,8.8,1,94,0.6,49409,36699,36699,36699,36699,862,1561,2708,4817,564,51514,352,23.2,67,1.6,1.3,2.1,3.8,12710,36699,862,699,1147,2109
E14001302,Ipswich,51732,51715,99.7,97.9,97.5,95,96.7,0,0.1,0.1,0.2,0,99.7,0,51587,50642,50421,49164,50001,0,38,42,128,0,51588,0,2.3,97.5,0,0.1,0,0.2,1166,50421,0,38,4,86
E14001303,Isle of Wight East,37434,37418,98.1,88.4,88.4,88.4,88.4,0.1,0.1,0.3,1.8,0.1,99.8,0,36741,33086,33086,33086,33086,37,55,100,677,33,37377,0,9.8,88.4,0.1,0,0.1,1.5,3655,33086,37,18,45,577
E14001304,Isle of Wight West,34964,34957,96.3,85.7,85.7,85.7,85.7,0.3,0.8,1.2,3.7,0.2,99.7,0,33664,29949,29949,29949,29949,116,273,427,1293,55,34855,0,10.6,85.7,0.3,0.4,0.4,2.5,3715,29949,116,157,154,866
E14001305,Islington North,52486,52478,98.7,95.7,95.7,76.3,95.7,0,0,0,1.3,0,98.7,0,51783,50236,50235,40040,50236,0,0,0,695,0,51787,0,2.9,95.7,0,0,0,1.3,1548,50235,0,0,0,695
E14001306,Islington South and Finsbury,60221,59997,97.6,94.1,94.1,86.2,94.1,0,0,0,2,0,97.6,0,58802,56677,56676,51935,56677,0,0,5,1195,2,58802,0,3.5,94.1,0,0,0,2,2126,56676,0,0,5,1190
E14001307,Jarrow and Gateshead East,45549,45547,99.4,96.3,96.3,60,96.3,0.1,0.2,0.3,0.6,0,99.5,0,45263,43845,43843,27350,43842,35,75,116,284,0,45300,0,3.1,96.3,0.1,0.1,0.1,0.4,1420,43843,35,40,41,168
E14001308,Keighley and Ilkley,42463,42460,98.3,94.6,93.7,87.5,93.3,0.1,0.2,0.5,1.7,0,99.5,74.5,41724,40167,39791,37172,39610,56,100,230,736,2,42270,31618,4.6,93.7,0.1,0.1,0.3,1.2,1933,39791,56,44,130,506
E14001309,Kenilworth and Southam,43010,42996,98.7,84.3,82.6,59.8,81.5,0.2,0.3,0.4,1.3,0.1,99.7,0.7,42447,36274,35526,25717,35050,69,133,178,549,27,42887,303,16.1,82.6,0.2,0.1,0.1,0.9,6921,35526,69,64,45,371
E14001310,Kensington and Bayswater,84019,83995,98.9,95.3,94.5,75.9,93,0,0,0.2,1,0,98.9,0,83136,80072,79378,63749,78171,0,0,127,859,0,83136,0,4.5,94.5,0,0,0.2,0.9,3758,79378,0,0,127,732
E14001311,Kettering,50319,50309,99.4,96.3,96.3,94,96.3,0,0.1,0.2,0.5,0,99.8,0,50038,48472,48472,47306,48472,18,56,104,271,11,50215,0,3.1,96.3,0,0.1,0.1,0.3,1566,48472,18,38,48,167
S14000110,Kilmarnock and Loudoun,47400,47398,99,88.5,88.5,84.9,88.5,0.1,0.2,0.4,1,0,99.7,0,46911,41947,41947,40264,41947,67,118,183,487,17,47259,8,10.5,88.5,0.1,0.1,0.1,0.6,4964,41947,67,51,65,304
E14001312,Kingston and Surbiton,47652,47516,98.6,94.5,93.2,61.8,91.5,0,0,0.1,1.2,0,98.8,0,46963,45050,44403,29472,43592,0,1,43,553,0,47084,0,5.4,93.2,0,0,0.1,1.1,2560,44403,0,1,42,510
E14001313,Kingston upon Hull East,47275,47261,100,100,100,100,100,0,0,0,0,0,100,26.7,47254,47254,47254,47254,47254,0,0,7,7,1,47254,12643,0,100,0,0,0,0,0,47254,0,0,7,0
E14001314,Kingston upon Hull North and Cottingham,52502,52392,99.8,99.8,99.8,99.8,99.8,0,0,0,0,0,99.8,19.5,52392,52392,52392,52392,52392,0,0,0,0,6,52392,10244,0,99.8,0,0,0,0,0,52392,0,0,0,0
E14001315,Kingston upon Hull West and Haltemprice,51660,51542,99.8,99.8,99.8,99.8,99.8,0,0,0,0,0,99.8,20.2,51542,51542,51542,51542,51542,0,0,0,0,0,51542,10424,0,99.8,0,0,0,0,0,51542,0,0,0,0
E14001316,Kingswinford and South Staffordshire,40404,40385,97.8,88.2,87.8,86.3,87.5,0.1,0.2,0.4,2.1,0,99.6,4.9,39532,35623,35481,34873,35369,22,78,147,853,7,40228,1972,10,87.8,0.1,0.1,0.2,1.7,4051,35481,22,56,69,706
E14001317,Knowsley,43869,43866,99.5,98.2,98.2,93.3,98.2,0,0.1,0.1,0.5,0,99.8,0,43651,43070,43070,40942,43070,5,34,36,215,7,43783,0,1.3,98.2,0,0.1,0,0.4,581,43070,5,29,2,179
N05000009,Lagan Valley,47056,46938,99.3,96.7,96.7,95.8,96.7,0,0.1,0.1,0.4,0.1,99.7,0,46738,45496,45496,45101,45496,21,36,58,200,41,46934,0,2.6,96.7,0,0,0,0.3,1242,45496,21,15,22,142
E14001318,Lancaster and Wyre,43101,43087,97.5,85.9,84.5,83.4,84.6,0.3,0.5,0.7,2.4,0.1,99.5,5.8,42042,37025,36441,35929,36464,109,203,319,1045,35,42881,2493,13,84.5,0.3,0.2,0.3,1.7,5601,36441,109,94,116,726
E14001319,Leeds Central and Headingley,48787,48532,94.1,92.8,92,88.9,90.8,0,0,0.2,5.3,0,94.2,9.2,45922,45294,44878,43366,44312,0,14,95,2610,0,45933,4512,2.1,92,0,0,0.2,5.2,1044,44878,0,14,81,2515
E14001320,Leeds East,48878,48877,99.9,98.6,98.5,93,98.4,0,0,0,0.1,0,99.9,4.3,48809,48174,48147,45447,48114,0,6,18,68,0,48834,2112,1.4,98.5,0,0,0,0.1,662,48147,0,6,12,50
E14001321,Leeds North East,41770,41769,99.5,98.1,98.1,89.2,98.1,0,0,0,0.5,0,99.6,9.3,41566,40987,40984,37238,40980,1,3,10,203,0,41601,3887,1.4,98.1,0,0,0,0.5,582,40984,1,2,7,193
E14001322,Leeds North West,41580,41575,99.3,93.3,93.1,86,92.7,0,0.1,0.2,0.7,0,99.8,50.6,41275,38801,38702,35749,38540,12,33,84,300,1,41500,21032,6.2,93.1,0,0.1,0.1,0.5,2573,38702,12,21,51,216
E14001323,Leeds South,58608,58601,98.9,97.5,97,96.1,96.8,0,0,0,1.1,0,98.9,16.8,57936,57152,56828,56321,56736,1,14,15,665,0,57945,9822,1.9,97,0,0,0,1.1,1108,56828,1,13,1,650
E14001324,Leeds South West and Morley,44626,44624,99.7,99,99,98.7,98.9,0,0,0,0.3,0,99.9,36.6,44481,44198,44180,44037,44146,1,11,20,143,0,44565,16327,0.7,99,0,0,0,0.3,301,44180,1,10,9,123
E14001325,Leeds West and Pudsey,45430,45415,99.8,98.9,98.9,98.3,98.8,0,0,0,0.1,0,99.9,24.7,45361,44933,44920,44667,44869,0,0,2,54,1,45399,11211,1,98.9,0,0,0,0.1,441,44920,0,0,2,52
E14001326,Leicester East,41145,41142,100,99.5,99.5,98.2,99.5,0,0,0,0,0,100,0,41140,40937,40937,40419,40937,0,0,0,2,2,41140,0,0.5,99.5,0,0,0,0,203,40937,0,0,0,2
E14001327,Leicester South,43850,43838,99.4,94.7,94.2,87.4,94.1,0,0,0,0.6,0,99.4,0,43575,41530,41305,38307,41250,0,0,0,263,0,43579,0,5.2,94.2,0,0,0,0.6,2270,41305,0,0,0,263
E14001328,Leicester West,51638,51632,99.9,98.6,98.5,95.8,98.5,0,0,0,0.1,0,99.9,0,51576,50904,50885,49472,50880,0,0,9,56,0,51582,0,1.3,98.5,0,0,0,0.1,691,50885,0,0,9,47
E14001329,Leigh and Atherton,51005,51003,99.5,96.6,96.6,90.2,96.6,0,0,0.1,0.5,0,99.9,0,50725,49256,49256,46001,49256,0,2,27,278,0,50969,0,2.9,96.6,0,0,0,0.5,1469,49256,0,2,25,251
E14001330,Lewes,45016,44983,98.4,67.9,67.9,67.9,67.9,0,0.2,0.4,1.5,0.1,99.8,0,44301,30565,30565,30565,30565,19,87,188,682,51,44929,0,30.5,67.9,0,0.2,0.2,1.1,13736,30565,19,68,101,494
E14001331,Lewisham East,49385,49361,99.5,92.1,91.2,71.8,90.1,0,0,0.2,0.4,0,99.6,0,49158,45461,45016,35440,44493,0,0,87,203,1,49177,0,8.4,91.2,0,0,0.2,0.2,4142,45016,0,0,87,116
E14001332,Lewisham North,56735,55965,97.1,88.8,88.8,78,88.8,0,0,0,1.6,0,97.1,0,55082,50390,50390,44235,50390,0,0,1,883,1,55086,0,8.3,88.8,0,0,0,1.6,4692,50390,0,0,1,882
E14001333,Lewisham West and East Dulwich,44271,44249,98.8,93.6,93.2,76.6,93,0,0,0.1,1.1,0,98.8,0,43751,41446,41269,33908,41155,0,0,55,498,0,43754,0,5.6,93.2,0,0,0.1,1,2482,41269,0,0,55,443
E14001334,Leyton and Wanstead,45871,45859,98.8,94.5,93.9,79,93,0,0,0.4,1.2,0,98.8,0,45308,43348,43084,36228,42680,0,5,179,551,1,45319,0,4.8,93.9,0,0,0.4,0.8,2224,43084,0,5,174,372
E14001335,Lichfield,44675,44657,98,83.5,82.8,73.6,82.1,0.1,0.4,0.7,2,0.2,99.9,0,43765,37294,36995,32881,36673,55,185,318,892,70,44612,0,15.2,82.8,0.1,0.3,0.3,1.3,6770,36995,55,130,133,574
E14001336,Lincoln,53954,52382,96.3,91.8,91.8,81.7,91.8,0,0,0,0.8,0,96.5,78.8,51970,49507,49507,44064,49507,3,8,26,412,2,52078,42510,4.6,91.8,0,0,0,0.7,2463,49507,3,5,18,386
E14001337,Liverpool Garston,41695,41685,99.8,96.9,96.9,93.8,96.9,0,0,0,0.2,0,100,0,41603,40405,40405,39109,40404,0,2,2,82,0,41680,0,2.9,96.9,0,0,0,0.2,1198,40405,0,2,0,80
E14001338,Liverpool Riverside,57679,56468,88.9,82.2,80,72.5,79.1,0,0,0.6,9,0,89.1,0,51295,47398,46168,41812,45598,0,0,349,5173,4,51390,0,8.9,80,0,0,0.6,8.4,5127,46168,0,0,349,4824
E14001339,Liverpool Walton,44277,44263,99.9,98,98,92.5,98,0.1,0.1,0.1,0.1,0,99.9,0,44212,43378,43378,40959,43378,36,36,36,51,0,44216,0,1.9,98,0.1,0,0,0,834,43378,36,0,0,15
E14001340,Liverpool Wavertree,44888,44516,97.4,92.5,91.9,85.5,91.3,0,0,0.1,1.8,0,99,0,43724,41530,41230,38382,40967,0,0,45,792,1,44427,0,5.6,91.9,0,0,0.1,1.7,2494,41230,0,0,45,747
E14001341,Liverpool West Derby,43755,43736,99.9,97.9,97.9,95,97.8,0,0,0,0.1,0,99.9,0,43696,42826,42818,41555,42802,0,8,8,40,0,43715,0,2,97.9,0,0,0,0.1,878,42818,0,8,0,32
S14000095,Livingston,48041,48039,99.3,94.9,94.2,72.6,93.9,0.1,0.2,0.3,0.7,0,99.8,0,47713,45584,45268,34889,45100,44,89,121,326,11,47958,0,5.1,94.2,0.1,0.1,0.1,0.4,2445,45268,44,45,32,205
W07000098,Llanelli,44426,44365,97.6,82.8,82.8,82.8,82.8,0.4,0.7,1,2.3,0.2,99.6,0.9,43341,36774,36774,36774,36774,175,308,444,1024,71,44245,381,14.8,82.8,0.4,0.3,0.3,1.3,6567,36774,175,133,136,580
S14000096,Lothian East,46662,46596,96,88.5,88.5,88.5,88.5,0.4,1.2,2.1,3.9,0.2,98.6,20.6,44789,41303,41303,41303,41303,207,543,977,1807,99,45998,9626,7.5,88.5,0.4,0.7,0.9,1.8,3486,41303,207,336,434,830
E14001342,Loughborough,41482,41464,99.6,90.2,88.6,79.4,87.4,0,0.1,0.1,0.3,0,100,0,41320,37423,36761,32952,36240,8,30,47,144,5,41462,0,11,88.6,0,0.1,0,0.2,4559,36761,8,22,17,97
E14001343,Louth and Horncastle,47745,47721,92.5,58.9,58.6,49.5,58.4,0.7,1.8,2.8,7.5,0.4,98.9,53.3,44158,28116,27980,23633,27894,341,847,1326,3563,195,47206,25455,33.9,58.6,0.7,1.1,1,4.7,16178,27980,341,506,479,2237
E14001344,Lowestoft,45320,45317,99.7,96.1,96.1,96.1,96.1,0,0,0,0.3,0,99.9,0,45198,43535,43535,43535,43535,0,12,21,119,12,45290,1,3.7,96.1,0,0,0,0.2,1663,43535,0,12,9,98
E14001345,Luton North,41546,41544,100,98.9,98.5,85.3,98,0,0,0,0,0,100,0,41544,41071,40921,35425,40720,0,0,0,0,0,41544,0,1.5,98.5,0,0,0,0,623,40921,0,0,0,0
E14001346,Luton South and South Bedfordshire,49333,49269,99.5,96.1,96.1,94.6,96,0,0.2,0.2,0.4,0,99.8,0,49064,47425,47399,46678,47363,20,89,98,205,11,49230,0,3.4,96.1,0,0.1,0,0.2,1665,47399,20,69,9,107
E14001347,Macclesfield,45746,45741,96.2,81.7,81.7,61.5,81.7,0.2,0.6,1.3,3.8,0.2,98.8,0,44008,37358,37358,28155,37358,69,293,574,1733,102,45207,0,14.5,81.7,0.2,0.5,0.6,2.5,6650,37358,69,224,281,1159
E14001348,Maidenhead,45831,45816,99.1,89.8,88.4,81.6,87.5,0,0.1,0.2,0.8,0,99.7,0,45436,41158,40535,37379,40088,10,35,72,380,4,45686,0,10.7,88.4,0,0.1,0.1,0.7,4901,40535,10,25,37,308
E14001349,Maidstone and Malling,47209,47185,98,91,88.8,74.5,86.4,0,0.1,0.2,2,0,98.4,62,46250,42937,41932,35151,40791,0,37,80,935,5,46471,29282,9.1,88.8,0,0.1,0.1,1.8,4318,41932,0,37,43,855
E14001350,Makerfield,46095,46079,99.6,97.8,97.7,84.6,97.5,0,0,0,0.3,0,99.8,2.5,45931,45068,45031,39009,44924,0,1,5,148,0,46010,1168,2,97.7,0,0,0,0.3,900,45031,0,1,4,143
E14001351,Maldon,44741,44696,96.9,76.3,76.1,73.6,75.4,0.1,0.2,0.9,3,0.1,99.1,2.5,43367,34142,34039,32911,33745,28,76,419,1329,34,44336,1124,20.8,76.1,0.1,0.1,0.8,2,9328,34039,28,48,343,910
E14001352,Manchester Central,65952,65944,95.7,87.1,86.7,80.8,86.3,0,0,0.8,4.3,0,95.8,0,63138,57432,57205,53296,56918,0,8,506,2806,0,63191,0,9,86.7,0,0,0.8,3.5,5933,57205,0,8,498,2300
E14001353,Manchester Rusholme,45956,41476,89.3,79.7,77.9,76.1,77.6,0,0,0,0.9,0,89.4,0,41058,36623,35812,34970,35649,0,0,9,418,1,41088,0,11.4,77.9,0,0,0,0.9,5246,35812,0,0,9,409
E14001354,Manchester Withington,39124,39121,99.6,96.6,95.1,87.9,94,0,0,0.1,0.4,0,99.6,0,38961,37804,37193,34378,36775,0,0,25,160,3,38967,0,4.5,95.1,0,0,0.1,0.3,1768,37193,0,0,25,135
E14001355,Mansfield,48984,48955,99.7,97,96.6,84.8,96.3,0,0,0,0.3,0,99.9,0,48820,47518,47330,41560,47177,0,6,6,135,7,48930,0,3,96.6,0,0,0,0.3,1490,47330,0,6,0,129
E14001356,Melksham and Devizes,42463,42436,96.5,65.4,65.3,56.2,65.3,0.1,0.3,0.6,3.4,0.1,99.7,0,40988,27778,27748,23884,27736,32,135,273,1448,28,42341,0,31.2,65.3,0.1,0.2,0.3,2.8,13240,27748,32,103,138,1175
E14001357,Melton and Syston,43249,43168,98,81.4,81,71.7,80.7,0.4,0.6,0.8,1.8,0.3,99.2,1,42378,35185,35027,31009,34886,160,276,363,790,145,42922,429,17,81,0.4,0.3,0.2,1,7351,35027,160,116,87,427
E14001358,Meriden and Solihull East,43385,43382,99.5,94.8,94.7,72.3,94.7,0,0,0.3,0.5,0,99.9,0,43171,41133,41107,31350,41090,4,13,115,211,7,43329,0,4.8,94.7,0,0,0.2,0.2,2064,41107,4,9,102,96
W07000099,Merthyr Tydfil and Aberdare,47039,47010,99.3,79.8,79.8,79.8,79.8,0,0.1,0.1,0.6,0,99.9,1,46728,37519,37519,37519,37519,21,40,67,282,6,46975,450,19.6,79.8,0,0,0.1,0.5,9209,37519,21,19,27,215
W07000100,Mid and South Pembrokeshire,49930,49910,96.8,69.4,69.4,69.4,69.4,0.6,1.1,1.5,3.2,0.3,99.1,0.5,48326,34645,34645,34645,34645,319,537,747,1584,174,49481,259,27.4,69.4,0.6,0.4,0.4,1.7,13681,34645,319,218,210,837
E14001359,Mid Bedfordshire,44135,43529,96.8,83.2,81.6,56.1,80.6,0.1,0.3,0.5,1.8,0.1,98.3,0,42722,36733,36028,24780,35580,48,134,228,807,27,43378,0,15.2,81.6,0.1,0.2,0.2,1.3,6694,36028,48,86,94,579
E14001360,Mid Buckinghamshire,41926,41920,97,76.1,74.7,67.6,73.4,0.1,0.4,0.8,3,0.1,98.9,0.5,40650,31910,31319,28346,30775,55,165,320,1270,38,41483,196,22.3,74.7,0.1,0.3,0.4,2.3,9331,31319,55,110,155,950
E14001361,Mid Cheshire,43773,43750,99.3,96.4,95.8,95.6,95.6,0,0.1,0.2,0.7,0,99.9,0,43451,42189,41922,41832,41832,6,59,97,299,13,43743,0,3.5,95.8,0,0.1,0.1,0.5,1529,41922,6,53,38,202
E14001362,Mid Derbyshire,40908,40902,99.1,93.1,92.6,86.8,92.3,0.1,0.2,0.3,0.9,0,99.8,0,40540,38071,37885,35511,37743,59,87,113,362,10,40820,0,6.5,92.6,0.1,0.1,0.1,0.6,2655,37885,59,28,26,249
E14001363,Mid Dorset and North Poole,42761,42751,97.9,84.6,84.6,72.9,84.6,0,0.1,0.3,2.1,0.1,99.6,0,41867,36170,36170,31160,36170,17,55,107,884,52,42584,1,13.3,84.6,0,0.1,0.1,1.8,5697,36170,17,38,52,777
S14000097,Mid Dunbartonshire,42078,42065,98.7,93.2,93,77,92.8,0.1,0.2,0.2,1.3,0,99.3,0,41532,39200,39130,32403,39064,49,75,99,533,3,41802,0,5.7,93,0.1,0.1,0.1,1,2402,39130,49,26,24,434
E14001364,Mid Leicestershire,43628,43627,99.5,89.7,89.3,76.9,88.8,0,0.1,0.1,0.5,0,100,0,43391,39125,38943,33559,38745,7,32,56,236,13,43615,0,10.2,89.3,0,0.1,0.1,0.4,4448,38943,7,25,24,180
E14001365,Mid Norfolk,43988,43938,95.5,63.8,63.8,63.8,63.8,0.5,1,1.5,4.4,0.8,99.1,0.1,42006,28067,28067,28067,28067,198,421,670,1932,355,43597,39,31.7,63.8,0.5,0.5,0.6,2.9,13939,28067,198,223,249,1262
E14001366,Mid Sussex,44432,44429,99.1,87.1,87.1,87.1,87.1,0,0.1,0.2,0.9,0,100,0,44017,38711,38711,38711,38711,21,51,79,412,13,44414,0,11.9,87.1,0,0.1,0.1,0.7,5306,38711,21,30,28,333
N05000010,Mid Ulster,40200,40177,98.7,94.9,94.9,94.9,94.9,0.2,0.4,0.5,1.3,0.1,99.8,0,39672,38136,38136,38136,38136,71,146,195,505,54,40123,0,3.8,94.9,0.2,0.2,0.1,0.8,1536,38136,71,75,49,310
E14001367,Middlesbrough and Thornaby East,50964,50944,99.3,98.1,98.1,71,98.1,0,0.1,0.3,0.6,0,99.3,22.9,50614,49975,49974,36205,49974,0,60,146,330,0,50621,11648,1.3,98.1,0,0.1,0.2,0.4,640,49974,0,60,86,184
E14001368,Middlesbrough South and East Cleveland,44356,44350,98,88.6,88.5,26.2,88.5,0.1,0.4,0.6,2,0,99.2,3.3,43456,39287,39259,11622,39248,63,160,278,894,17,43997,1442,9.5,88.5,0.1,0.2,0.3,1.4,4197,39259,63,97,118,616
S14000045,Midlothian,44544,44473,99,91.8,91.8,91.8,91.8,0.1,0.2,0.4,0.8,0.1,99.6,3,44119,40907,40907,40907,40907,28,86,174,354,63,44378,1327,7.2,91.8,0.1,0.1,0.2,0.4,3212,40907,28,58,88,180
E14001369,Milton Keynes Central,55616,55616,99.9,96.4,96.2,96.1,96.1,0,0.1,0.1,0.1,0,99.9,0,55535,53619,53523,53429,53429,19,33,40,81,6,55586,0,3.6,96.2,0,0,0,0.1,2012,53523,19,14,7,41
E14001370,Milton Keynes North,43991,43990,99.4,95.9,95.6,95.4,95.4,0,0.1,0.2,0.6,0,99.9,0,43730,42180,42075,41956,41960,12,60,90,260,5,43952,0,3.8,95.6,0,0.1,0.1,0.4,1655,42075,12,48,30,170
E14001371,Mitcham and Morden,46612,46599,99.8,96.1,96.1,85.9,96.1,0,0,0,0.2,0,99.8,0,46498,44807,44792,40037,44789,0,0,1,101,1,46504,0,3.7,96.1,0,0,0,0.2,1706,44792,0,0,1,100
W07000101,Monmouthshire,43154,43120,94,78.9,78.5,78.1,78.1,0.5,1.5,2.8,5.9,0.7,98.4,0.7,40562,34036,33883,33712,33712,226,656,1223,2558,291,42483,304,15.5,78.5,0.5,1,1.3,3.1,6679,33883,226,430,567,1335
W07000102,Montgomeryshire and Glyndwr,46452,46126,91.4,76.5,76.5,76.5,76.5,1.2,3,4.7,7.9,1.4,96.5,29.2,42479,35553,35551,35540,35540,544,1400,2181,3647,668,44810,13564,14.9,76.5,1.2,1.8,1.7,3.2,6928,35551,544,856,781,1466
S14000098,"Moray West, Nairn and Strathspey",50890,50742,91.4,61,61,61,61,1.1,2.6,4.2,8.3,1.8,96.6,0,46495,31040,31040,31040,31040,562,1314,2137,4247,904,49149,25,30.4,61,1.1,1.5,1.6,4.1,15455,31040,562,752,823,2110
E14001372,Morecambe and Lunesdale,48002,47980,99.2,90.6,89.9,87.6,89.6,0.1,0.2,0.3,0.8,0,99.8,6.1,47612,43486,43170,42052,42996,63,95,140,368,8,47907,2938,9.3,89.9,0.1,0.1,0.1,0.5,4442,43170,63,32,45,228
S14000099,"Motherwell, Wishaw and Carluke",47286,47282,99,91.6,91.6,68.2,91.6,0.1,0.2,0.3,1,0,99.8,0,46818,43328,43328,32237,43328,45,106,161,464,18,47175,0,7.4,91.6,0.1,0.1,0.1,0.6,3490,43328,45,61,55,303
S14000027,Na h-Eileanan An Iar,15887,14735,80.1,9.6,9.6,9.6,9.6,2.1,3.1,4.7,12.6,2.6,89.5,0,12731,1524,1524,1524,1524,336,498,743,2004,417,14222,0,70.5,9.6,2.1,1,1.5,7.9,11207,1524,336,162,245,1261
W07000103,Neath and Swansea East,45775,45750,99.1,81.6,80.8,70.2,80.4,0,0,0.1,0.8,0,99.7,24,45371,37353,36977,32118,36788,2,16,57,379,20,45632,11008,18.3,80.8,0,0,0.1,0.7,8394,36977,2,14,41,322
E14001373,New Forest East,40621,40613,96.6,79.8,79.3,74.4,78.9,0.1,0.3,0.5,3.4,0.3,99.6,0,39230,32428,32193,30212,32034,58,114,198,1383,110,40444,0,17.3,79.3,0.1,0.1,0.2,2.9,7037,32193,58,56,84,1185
E14001374,New Forest West,42545,42533,97.6,69.3,69.3,69.3,69.3,0.2,0.3,0.4,2.4,0.2,99.8,0,41530,29472,29472,29472,29472,67,108,179,1003,77,42461,9,28.3,69.3,0.2,0.1,0.2,1.9,12058,29472,67,41,71,824
E14001375,Newark,49439,49382,97.7,72.2,71.6,61.9,71.2,0.2,0.5,0.8,2.2,0.1,99.5,27.8,48291,35680,35378,30603,35200,122,237,386,1091,50,49168,13749,26.1,71.6,0.2,0.2,0.3,1.4,12913,35378,122,115,149,705
E14001376,Newbury,43868,43861,99,90.4,88.8,71.1,87,0,0.3,0.4,1,0,99.5,0,43410,39663,38951,31208,38169,19,128,175,451,19,43667,0,10.2,88.8,0,0.2,0.1,0.6,4459,38951,19,109,47,276
E14001377,Newcastle upon Tyne Central and West,56261,56166,97.4,94.6,94.2,86.2,93.4,0,0,0,2.4,0,97.5,0,54794,53203,52987,48497,52547,1,1,5,1372,7,54831,0,3.2,94.2,0,0,0,2.4,1807,52987,1,0,4,1367
E14001378,Newcastle upon Tyne East and Wallsend,54390,54329,99.3,96.1,95.2,85.3,94.2,0,0,0.5,0.6,0,99.3,0,53983,52266,51786,46370,51248,0,0,255,346,7,54003,0,4,95.2,0,0,0.5,0.2,2197,51786,0,0,255,91
E14001379,Newcastle upon Tyne North,48894,48885,99.7,95.8,95.6,92.5,95.5,0,0,0,0.3,0,99.8,0,48761,46821,46719,45246,46702,0,0,0,124,5,48809,0,4.2,95.6,0,0,0,0.3,2042,46719,0,0,0,124
E14001380,Newcastle-under-Lyme,44411,44133,98.4,83.5,83.5,68,83.5,0,0,0.1,0.9,0,99.3,0.2,43712,37061,37061,30201,37061,8,16,62,421,16,44113,109,15,83.5,0,0,0.1,0.8,6651,37061,8,8,46,359
W07000104,Newport East,49617,49606,99.1,94.8,94.6,88.6,94.5,0,0.1,0.4,0.9,0,99.4,34.8,49152,47047,46926,43937,46880,6,69,198,454,6,49323,17284,4.5,94.6,0,0.1,0.3,0.5,2226,46926,6,63,129,256
W07000105,Newport West and Islwyn,45183,45154,99.4,93.8,93.5,88.8,93.3,0,0.1,0.1,0.5,0,99.9,18.1,44911,42374,42225,40121,42136,13,24,42,243,1,45143,8194,5.9,93.5,0,0,0,0.4,2686,42225,13,11,18,201
N05000011,Newry and Armagh,44143,43858,97.5,92.3,92.3,92.3,92.3,0.4,0.7,0.8,1.8,0.5,99.3,4.4,43057,40728,40728,40728,40728,162,295,373,801,235,43833,1937,5.3,92.3,0.4,0.3,0.2,1,2329,40728,162,133,78,428
E14001381,Newton Abbot,44158,44155,97.4,84.3,84.3,82.4,84.3,0.3,0.9,1.2,2.6,0.1,99.5,27,43011,37237,37237,36374,37237,113,394,524,1144,50,43943,11938,13.1,84.3,0.3,0.6,0.3,1.4,5774,37237,113,281,130,620
E14001382,Newton Aycliffe and Spennymoor,46682,46681,98.6,88.5,87.9,87.6,87.6,0.1,0.4,0.5,1.4,0,99.9,0,46024,41311,41014,40890,40891,52,200,242,657,19,46617,4,10.7,87.9,0.1,0.3,0.1,0.9,5010,41014,52,148,42,415
E14001383,Normanton and Hemsworth,47266,47262,99.2,95.3,95.2,94.3,95.2,0,0.1,0.2,0.8,0,99.7,64,46904,45025,45003,44562,44981,12,29,105,358,0,47122,30242,4,95.2,0,0,0.2,0.5,1901,45003,12,17,76,253
N05000012,North Antrim,45585,45523,98.8,95.5,95.5,95.5,95.5,0.1,0.3,0.4,1,0.2,99.8,0,45051,43536,43536,43536,43536,59,126,201,472,98,45487,0,3.3,95.5,0.1,0.1,0.2,0.6,1515,43536,59,67,75,271
S14000048,North Ayrshire and Arran,49420,49407,97.9,76.7,76.7,76.7,76.7,0.1,0.2,0.4,2.1,0,99.5,0.3,48366,37923,37923,37923,37923,46,123,219,1041,18,49150,169,21.1,76.7,0.1,0.2,0.2,1.7,10443,37923,46,77,96,822
E14001384,North Bedfordshire,46123,46107,97.6,78.2,77.7,70.7,77.3,0.2,0.5,0.8,2.4,0.1,99.6,0.2,45002,36071,35815,32602,35674,108,218,388,1105,39,45947,89,19.9,77.7,0.2,0.2,0.4,1.6,9187,35815,108,110,170,717
E14001385,North Cornwall,49656,49517,93.7,66.3,66.3,66.3,66.3,0.4,0.9,1.6,6.1,0.4,97.1,16.8,46510,32907,32907,32907,32907,183,439,774,3007,186,48213,8358,27.4,66.3,0.4,0.5,0.7,4.5,13603,32907,183,256,335,2233
E14001386,North Cotswolds,45234,45205,95.7,82,81.9,66.7,81.7,0.1,0.4,1.6,4.2,0.1,96.9,0,43304,37114,37042,30168,36977,42,163,712,1901,65,43818,4,13.8,81.9,0.1,0.3,1.2,2.6,6262,37042,42,121,549,1189
E14001387,North Devon,48018,47961,93.5,66.2,66.2,66.2,66.2,0.8,1.8,3.1,6.3,0.4,97.2,56.6,44915,31790,31790,31790,31790,400,876,1489,3046,213,46669,27173,27.3,66.2,0.8,1,1.3,3.2,13125,31790,400,476,613,1557
E14001388,North Dorset,42746,42741,98.3,86.2,86.1,85.9,85.9,0.1,0.3,0.5,1.7,0.1,99.7,1.2,42027,36854,36811,36721,36721,62,122,208,714,51,42619,517,12.2,86.1,0.1,0.1,0.2,1.2,5216,36811,62,60,86,506
N05000013,North Down,45297,45278,99.9,97.5,97.5,96.9,97.5,0,0,0,0.1,0,100,0,45244,44165,44165,43876,44165,3,12,14,34,7,45277,0,2.4,97.5,0,0,0,0,1079,44165,3,9,2,20
E14001389,North Durham,46197,46196,98.4,90.9,90.6,82.6,90.4,0.1,0.2,0.4,1.6,0.1,99.9,2.5,45473,42005,41868,38181,41746,55,105,182,723,59,46157,1152,7.8,90.6,0.1,0.1,0.2,1.2,3605,41868,55,50,77,541
E14001390,North East Cambridgeshire,47720,47703,97.5,88.4,88.4,83.4,88.4,0.2,0.6,0.9,2.4,0.2,99.5,0,46542,42174,42174,39808,42174,119,284,410,1161,83,47458,19,9.2,88.4,0.2,0.3,0.3,1.6,4368,42174,119,165,126,751
E14001391,North East Derbyshire,44084,44077,98.1,90,89.6,89.4,89.4,0.1,0.4,0.7,1.9,0,99.8,0,43249,39675,39514,39411,39419,64,195,314,828,21,44011,0,8.5,89.6,0.1,0.3,0.3,1.2,3735,39514,64,131,119,514
S14000100,North East Fife,46771,46458,97.7,62.7,62.5,60.5,62.4,0.1,0.4,0.8,1.6,0.1,98.9,0,45715,29348,29251,28314,29208,61,184,358,743,46,46252,3,35.2,62.5,0.1,0.3,0.4,0.8,16464,29251,61,123,174,385
E14001392,North East Hampshire,43938,43930,97.5,83.9,83.9,73.4,83.9,0.1,0.4,0.7,2.5,0.1,99.8,0,42843,36860,36860,32267,36860,26,191,297,1087,31,43861,0,13.6,83.9,0.1,0.4,0.2,1.8,5983,36860,26,165,106,790
E14001393,North East Hertfordshire,45246,45234,97.8,85.6,85.2,67.7,84.9,0.1,0.3,0.7,2.1,0.1,99.4,0.3,44266,38749,38528,30640,38406,47,151,317,968,59,44978,123,12.7,85.2,0.1,0.2,0.4,1.4,5738,38528,47,104,166,651
E14001394,North East Somerset and Hanham,41067,41052,98.4,87.7,87.2,54.5,86.7,0,0.1,0.2,1.6,0,99.2,0,40402,35996,35799,22368,35601,18,38,87,650,16,40737,0,11.2,87.2,0,0,0.1,1.4,4603,35799,18,20,49,563
E14001395,North Herefordshire,42098,42069,95.6,82.4,80.6,81.9,81.9,0.2,0.8,1.6,4.3,0.3,98.4,31.3,40261,34701,33938,34490,34490,87,345,673,1808,133,41406,13166,15,80.6,0.2,0.6,0.8,2.7,6323,33938,87,258,328,1135
E14001396,North Norfolk,47144,47110,95.9,50,50,50,50,0.2,0.7,1.2,4.1,0.8,99.2,0,45199,23575,23575,23575,23575,116,324,552,1911,391,46774,6,45.9,50,0.2,0.4,0.5,2.9,21624,23575,116,208,228,1359
E14001397,North Northumberland,44845,44807,96.3,74.6,74.6,74.6,74.6,0.5,1.1,1.8,3.6,0.6,98.9,0.1,43186,33467,33467,33467,33467,238,512,809,1621,251,44333,50,21.7,74.6,0.5,0.6,0.7,1.8,9719,33467,238,274,297,812
E14001398,North Shropshire,46471,46459,94.4,80.7,79.1,78.7,78.7,0.4,1.2,2.2,5.5,0.3,99,41,43884,37520,36759,36555,36555,194,568,1001,2575,121,45988,19073,15.3,79.1,0.4,0.8,0.9,3.4,7125,36759,194,374,433,1574
E14001399,North Somerset,42599,42593,96.7,90.9,90.4,77.8,89.8,0.1,0.5,1,3.3,0.2,98.1,0,41175,38732,38516,33128,38259,33,234,419,1418,90,41799,0,6.2,90.4,0.1,0.5,0.4,2.3,2659,38516,33,201,185,999
E14001400,North Warwickshire and Bedworth,42168,42139,98.9,79.6,79.2,48.8,78.8,0.1,0.2,0.3,1,0,99.8,0,41710,33560,33392,20563,33228,34,88,122,429,1,42063,0,19.7,79.2,0.1,0.1,0.1,0.7,8318,33392,34,54,34,307
E14001401,North West Cambridgeshire,51635,51629,99.3,94.3,94.1,93.2,94,0.1,0.2,0.3,0.7,0,99.9,0,51289,48678,48609,48129,48544,45,115,149,340,19,51593,0,5.2,94.1,0.1,0.1,0.1,0.4,2680,48609,45,70,34,191
E14001402,North West Essex,45731,45614,97.3,85.3,85,72.2,84.7,0.1,0.4,0.6,2.4,0.3,98.8,1.3,44517,39030,38873,33032,38745,67,171,289,1097,151,45205,574,12.3,85,0.1,0.2,0.3,1.8,5644,38873,67,104,118,808
E14001403,North West Hampshire,47426,47419,96.8,76.5,76.3,61.6,76.1,0.2,0.5,0.9,3.2,0.2,98.9,0,45910,36258,36175,29193,36114,99,221,432,1509,88,46927,0,20.5,76.3,0.2,0.3,0.4,2.3,9735,36175,99,122,211,1077
E14001404,North West Leicestershire,46328,46324,99.1,92.3,92.1,71.1,91.7,0.1,0.3,0.4,0.9,0.1,99.9,0,45897,42774,42656,32928,42476,64,133,173,427,30,46278,0,7,92.1,0.1,0.1,0.1,0.5,3241,42656,64,69,40,254
E14001405,North West Norfolk,51722,51699,97,67.8,66.7,66,66,0.2,0.6,0.8,3,0.3,99.3,0,50158,35058,34511,34111,34122,106,285,422,1541,141,51361,1,30.3,66.7,0.2,0.3,0.3,2.2,15647,34511,106,179,137,1119
E14001406,Northampton North,55707,55288,99.2,96.3,96.3,94.4,96.2,0,0,0,0.1,0,99.2,0,55242,53651,53632,52585,53616,0,1,16,46,0,55247,0,2.9,96.3,0,0,0,0.1,1610,53632,0,1,15,30
E14001407,Northampton South,46835,46434,98.3,97,96.7,94.8,96.6,0,0,0.1,0.9,0,99.1,0,46027,45411,45284,44414,45220,0,11,39,407,0,46416,14,1.6,96.7,0,0,0.1,0.8,743,45284,0,11,28,368
E14001408,Norwich North,43319,43317,99.7,97.2,96.7,86.1,96.4,0,0,0.1,0.3,0,99.8,0,43198,42120,41905,37277,41753,2,3,43,119,0,43251,10,3,96.7,0,0,0.1,0.2,1293,41905,2,1,40,76
E14001409,Norwich South,40160,39379,97.9,92.1,91,72.3,89.9,0,0,0,0.1,0,97.9,0,39323,36975,36543,29052,36102,0,0,0,56,0,39334,0,6.9,91,0,0,0,0.1,2780,36543,0,0,0,56
E14001410,Nottingham East,53147,53140,98.8,95.4,94.4,77.9,93.7,0,0,0.1,1.2,0,98.8,0,52489,50699,50192,41389,49798,0,0,75,651,0,52496,0,4.3,94.4,0,0,0.1,1.1,2297,50192,0,0,75,576
E14001411,Nottingham North and Kimberley,47498,47496,99.8,99.1,99,93.8,99,0,0,0,0.2,0,100,0,47407,47087,47045,44544,47013,5,5,6,89,0,47478,0,0.8,99,0,0,0,0.2,362,47045,5,0,1,83
E14001412,Nottingham South,42620,42619,99.8,98.1,97.8,84.2,97.8,0,0,0,0.2,0,99.8,0,42549,41821,41698,35891,41666,0,8,9,70,0,42555,0,2,97.8,0,0,0,0.1,851,41698,0,8,1,61
E14001413,Nuneaton,45376,45369,99.7,94.5,94.5,85.5,94.5,0,0,0.1,0.3,0,99.9,0,45243,42882,42882,38818,42882,3,9,28,126,2,45326,0,5.2,94.5,0,0,0,0.2,2361,42882,3,6,19,98
E14001414,Old Bexley and Sidcup,41611,41599,99.3,93.7,93.5,85.9,93.2,0,0,0.1,0.7,0,99.5,0,41313,38969,38886,35726,38802,4,5,33,286,6,41386,0,5.8,93.5,0,0,0.1,0.6,2427,38886,4,1,28,253
E14001415,Oldham East and Saddleworth,42970,42953,99.2,96.8,96.8,93.3,96.7,0.1,0.2,0.2,0.8,0,99.9,0,42624,41595,41575,40090,41562,48,86,100,329,3,42937,2,2.4,96.8,0.1,0.1,0,0.5,1049,41575,48,38,14,229
E14001416,"Oldham West, Chadderton and Royton",42120,42117,99.9,98.3,98.3,93.3,98.3,0,0,0,0.1,0,100,0,42072,41407,41405,39286,41404,0,0,0,45,0,42116,2,1.6,98.3,0,0,0,0.1,667,41405,0,0,0,45
S14000051,Orkney and Shetland,24137,23930,84.3,21.6,21.6,21.6,21.6,1.9,4.1,8.5,14.8,2.3,92.1,0,20358,5211,5211,5211,5211,459,997,2050,3572,552,22224,0,62.8,21.6,1.9,2.2,4.4,6.3,15147,5211,459,538,1053,1522
E14001417,Orpington,40926,40925,98.9,96.6,96.6,85.3,96.6,0.1,0.2,0.3,1.1,0,99.5,0,40458,39529,39529,34892,39529,41,81,113,467,1,40703,0,2.3,96.6,0.1,0.1,0.1,0.9,929,39529,41,40,32,354
E14001418,Ossett and Denby Dale,42725,42715,99.4,96.7,96.7,96.3,96.7,0,0.1,0.2,0.6,0,99.8,58,42451,41331,41331,41145,41331,2,52,69,264,1,42635,24788,2.6,96.7,0,0.1,0,0.5,1120,41331,2,50,17,195
E14001419,Oxford East,48609,47243,96.3,86.9,83.5,43.2,81.9,0,0.1,0.3,0.9,0.1,96.5,0,46817,42249,40609,20996,39822,0,41,129,426,66,46913,0,12.8,83.5,0,0.1,0.2,0.6,6208,40609,0,41,88,297
E14001420,Oxford West and Abingdon,43002,42648,98.4,89.9,86,45.1,83.2,0,0,0.1,0.8,0,98.6,0,42314,38652,36984,19386,35768,1,4,25,334,5,42399,0,12.4,86,0,0,0,0.7,5330,36984,1,3,21,309
S14000101,Paisley and Renfrewshire North,46046,46041,99.7,97.8,97.8,90,97.8,0.1,0.1,0.1,0.3,0,99.8,0,45903,45025,45025,41436,45025,24,26,30,138,1,45949,0,1.9,97.8,0.1,0,0,0.2,878,45025,24,2,4,108
S14000102,Paisley and Renfrewshire South,48406,48401,99.6,96,96,93.3,96,0,0,0.1,0.4,0,99.8,0,48209,46487,46487,45143,46487,9,21,37,192,5,48315,0,3.6,96,0,0,0,0.3,1722,46487,9,12,16,155
E14001421,Peckham,49201,49047,96.5,89.5,89.5,79.8,89.5,0,0,0.1,3.2,0,96.5,0,47496,44039,44039,39255,44039,0,0,44,1551,0,47499,0,7,89.5,0,0,0.1,3.1,3457,44039,0,0,44,1507
E14001422,Pendle and Clitheroe,49631,49618,97.7,93,93,91.5,93,0.3,0.7,0.9,2.3,0.1,99.6,42.7,48489,46151,46148,45407,46148,167,341,465,1129,50,49421,21181,4.7,93,0.3,0.4,0.2,1.3,2341,46148,167,174,124,664
E14001423,Penistone and Stocksbridge,41452,41448,98.7,86.1,86,85,86,0.1,0.3,0.3,1.2,0,99.8,9.2,40931,35691,35654,35237,35629,37,112,143,517,10,41373,3834,12.7,86,0.1,0.2,0.1,0.9,5277,35654,37,75,31,374
E14001424,Penrith and Solway,48394,48354,93.8,72.6,72.6,72.6,72.6,1.1,2.2,3.1,6.1,0.5,98.9,6.5,45401,35115,35114,35115,35115,548,1066,1516,2953,229,47872,3123,21.3,72.6,1.1,1.1,0.9,3,10287,35114,548,518,450,1437
S14000103,Perth and Kinross-shire,50325,50297,94.8,69.7,68.9,38.4,68.3,0.8,1.7,2.8,5.1,0.4,98.9,0.2,47715,35078,34684,19315,34348,426,879,1401,2582,216,49755,90,25.9,68.9,0.8,0.9,1,2.3,13031,34684,426,453,522,1181
E14001425,Peterborough,52391,52388,99.5,97.1,97.1,95.7,97.1,0,0.2,0.2,0.5,0,100,0,52119,50853,50853,50148,50853,23,86,121,269,21,52367,0,2.4,97.1,0,0.1,0.1,0.3,1266,50853,23,63,35,148
E14001426,Plymouth Moor View,45276,45238,99.6,96.9,96.9,83.2,96.9,0,0,0.2,0.4,0,99.7,25.7,45074,43873,43873,37683,43873,0,6,73,164,2,45121,11621,2.7,96.9,0,0,0.1,0.2,1201,43873,0,6,67,91
E14001427,Plymouth Sutton and Devonport,52004,51031,96.4,93.7,93,80.4,92.4,0,0.1,0.6,1.7,0,96.4,5.7,50128,48702,48364,41791,48046,0,48,312,903,0,50155,2970,3.4,93,0,0.1,0.5,1.1,1764,48364,0,48,264,591
E14001428,"Pontefract, Castleford and Knottingley",47400,47388,99.4,94.5,94.5,93.3,94.5,0,0.3,0.3,0.6,0,99.5,30.5,47093,44796,44796,44229,44796,19,136,147,295,3,47171,14447,4.8,94.5,0,0.2,0,0.3,2297,44796,19,117,11,148
W07000106,Pontypridd,46779,46723,98.8,83.5,81.4,71.6,80,0,0,0,1.1,0,99.7,40.7,46223,39060,38092,33483,37424,1,3,8,500,6,46634,19042,17.4,81.4,0,0,0,1.1,8131,38092,1,2,5,492
E14001429,Poole,48559,48546,99.3,86,85.6,69.5,85.4,0,0,0.1,0.7,0,99.5,0,48210,41760,41583,33761,41482,0,0,36,336,4,48336,0,13.6,85.6,0,0,0.1,0.6,6627,41583,0,0,36,300
E14001430,Poplar and Limehouse,71338,71277,98.3,91.5,91.5,87.5,91.5,0,0,0.2,1.6,0,98.3,0,70148,65243,65243,62429,65242,0,0,130,1129,0,70151,0,6.9,91.5,0,0,0.2,1.4,4905,65243,0,0,130,999
E14001431,Portsmouth North,42356,42344,99.1,98.4,98.4,89.1,98.2,0,0.2,0.4,0.9,0,99.1,0,41967,41697,41664,37753,41593,0,87,156,377,1,41970,0,0.7,98.4,0,0.2,0.2,0.5,303,41664,0,87,69,221
E14001432,Portsmouth South,48222,48198,99.4,97.8,96.5,76,95.9,0,0,0.2,0.5,0,99.4,0,47943,47165,46523,36630,46225,0,1,82,255,0,47953,0,2.9,96.5,0,0,0.2,0.4,1420,46523,0,1,81,173
E14001433,Preston,52879,52850,99.4,92.2,91.8,77.3,91.8,0,0,0,0.5,0,99.6,47.3,52575,48772,48517,40872,48530,0,0,8,275,0,52667,24990,7.7,91.8,0,0,0,0.5,4058,48517,0,0,8,267
E14001434,Putney,51075,51035,99.5,93.5,88.9,79.5,84.1,0,0,0.1,0.4,0,99.6,0,50845,47772,45384,40590,42940,0,0,26,190,0,50850,0,10.7,88.9,0,0,0.1,0.3,5461,45384,0,0,26,164
E14001435,Queen's Park and Maida Vale,58656,58549,99.3,89.6,89.1,86.1,88,0,0,0,0.5,0,99.3,0,58255,52547,52241,50510,51635,0,0,0,294,0,58259,0,10.3,89.1,0,0,0,0.5,6014,52241,0,0,0,294
E14001436,Rawmarsh and Conisbrough,43271,43270,99.5,95.2,95.1,91.3,95.1,0,0.2,0.3,0.5,0,99.7,10.6,43062,41195,41151,39528,41138,0,108,117,208,0,43159,4580,4.4,95.1,0,0.2,0,0.2,1911,41151,0,108,9,91
E14001437,Rayleigh and Wickford,42252,42234,99.5,82,82,79.8,82,0,0,0,0.4,0,99.9,0,42046,34654,34653,33727,34653,0,2,2,188,1,42206,0,17.5,82,0,0,0,0.4,7393,34653,0,2,0,186
E14001438,Reading Central,52484,52465,99.5,96.7,96,93.3,94.6,0,0,0,0.4,0,99.6,0,52243,50777,50398,48982,49650,1,1,2,222,0,52257,0,3.5,96,0,0,0,0.4,1845,50398,1,0,1,220
E14001439,Reading West and Mid Berkshire,39484,39478,99.1,92.6,92.1,91.3,91.9,0,0.1,0.2,0.9,0,99.4,0,39123,36581,36381,36064,36290,4,41,91,355,9,39247,0,6.9,92.1,0,0.1,0.1,0.7,2742,36381,4,37,50,264
E14001440,Redcar,45722,45719,99.6,98.3,98.2,80.9,98.1,0,0.2,0.3,0.4,0,99.7,1.6,45547,44930,44877,36997,44834,2,103,127,172,1,45570,743,1.5,98.2,0,0.2,0.1,0.1,670,44877,2,101,24,45
E14001441,Redditch,42823,42767,98.6,89.1,89.1,50.2,89.1,0,0.1,0.2,1.3,0,99.8,5.3,42217,38161,38161,21477,38161,6,45,82,550,5,42721,2288,9.5,89.1,0,0.1,0.1,1.1,4056,38161,6,39,37,468
E14001442,Reigate,45693,45671,98.9,89.1,88.9,77.8,88.6,0,0.1,0.1,1.1,0,99.8,0,45184,40719,40601,35531,40495,20,36,44,487,6,45617,0,10,88.9,0,0,0,1,4583,40601,20,16,8,443
W07000107,Rhondda and Ogmore,48169,48157,99.4,74.4,73.4,72.5,72.5,0,0,0,0.6,0,100,3.3,47884,35852,35356,34938,34938,5,9,15,273,7,48156,1597,26,73.4,0,0,0,0.5,12528,35356,5,4,6,258
E14001443,Ribble Valley,48164,48085,97,83.5,83.1,72.1,82.9,0.2,0.5,1,2.9,0.1,99.3,18.6,46696,40201,40036,34732,39945,113,262,493,1389,47,47840,8967,13.8,83.1,0.2,0.3,0.5,1.9,6660,40036,113,149,231,896
E14001444,Richmond and Northallerton,44106,44045,92,70.9,70,69.3,69.3,1.3,2.7,3.9,7.9,0.4,98.3,65.1,40564,31266,30869,30573,30573,573,1192,1721,3481,187,43359,28719,22,70,1.3,1.4,1.2,4,9695,30869,573,619,529,1760
E14001445,Richmond Park,48332,48312,98.7,89.6,87.8,53.5,86.6,0,0,0.1,1.3,0,98.8,0,47705,43284,42421,25855,41869,0,11,71,607,1,47776,0,10.9,87.8,0,0,0.1,1.1,5284,42421,0,11,60,536
E14001446,Rochdale,43135,43102,99.1,92.8,90.6,85,88.5,0,0.1,0.2,0.8,0,99.9,0,42762,40025,39065,36673,38170,4,56,93,340,0,43097,5,8.6,90.6,0,0.1,0.1,0.6,3697,39065,4,52,37,247
E14001447,Rochester and Strood,45942,45872,97.8,88.2,86.4,77.8,83.9,0.1,0.8,1.1,2.1,0,98.8,7.3,44917,40514,39698,35743,38545,58,348,497,955,15,45403,3348,11.4,86.4,0.1,0.6,0.3,1,5219,39698,58,290,149,458
E14001448,Romford,44369,44359,99.2,94.3,93,84.5,91.5,0,0,0,0.7,0,99.4,0,44029,41856,41246,37478,40599,1,1,2,330,2,44081,0,6.3,93,0,0,0,0.7,2783,41246,1,0,1,328
E14001449,Romsey and Southampton North,42344,42331,95.5,74.6,73.8,56.8,73.3,0.2,0.5,1.1,4.4,0.3,99.2,0,40457,31606,31254,24061,31036,83,226,449,1874,126,42017,0,21.7,73.8,0.2,0.3,0.5,3.4,9203,31254,83,143,223,1425
E14001450,Rossendale and Darwen,47366,47348,97.8,90.9,90.4,89.5,90.2,0.1,0.3,0.4,2.2,0,99.9,30.9,46320,43036,42802,42381,42735,58,139,213,1028,23,47308,14658,7.4,90.4,0.1,0.2,0.2,1.7,3518,42802,58,81,74,815
E14001451,Rother Valley,41781,41769,99.6,96.8,96.6,89.8,96.4,0.1,0.1,0.1,0.3,0.1,99.9,0,41623,40460,40346,37513,40268,24,41,49,146,21,41754,10,3.1,96.6,0.1,0,0,0.2,1277,40346,24,17,8,97
E14001452,Rotherham,49815,49804,99.8,99,99,96.5,99,0,0,0,0.2,0,99.9,0.2,49706,49330,49330,48079,49330,0,4,7,98,4,49763,93,0.8,99,0,0,0,0.2,376,49330,0,4,3,91
E14001453,Rugby,49370,49364,99.3,93.8,93.7,88.3,93.6,0,0.1,0.2,0.7,0,99.8,0,49006,46301,46251,43593,46225,24,68,88,358,2,49273,0,5.6,93.7,0,0.1,0,0.5,2755,46251,24,44,20,270
E14001454,"Ruislip, Northwood and Pinner",40917,40877,99.2,91.8,90.7,68.4,89.5,0,0,0.3,0.7,0,99.5,0,40574,37558,37121,27968,36605,0,0,107,303,2,40696,0,8.4,90.7,0,0,0.3,0.5,3453,37121,0,0,107,196
E14001455,Runcorn and Helsby,43264,43263,98.5,93,92.8,85.2,92.7,0,0.1,0.3,1.5,0.1,99.7,0,42626,40236,40167,36861,40093,11,35,112,637,24,43143,0,5.7,92.8,0,0.1,0.2,1.2,2459,40167,11,24,77,525
E14001456,Runnymede and Weybridge,47139,46895,97.7,84,82.7,62.9,80.8,0,0.1,0.5,1.7,0,98.5,0,46074,39575,38968,29672,38102,9,24,254,821,5,46417,0,15.1,82.7,0,0,0.5,1.2,7106,38968,9,15,230,567
E14001457,Rushcliffe,46844,46821,98.8,89,87,68.7,85.8,0.1,0.2,0.4,1.1,0.1,99.8,0,46284,41670,40761,32187,40207,30,90,177,537,36,46769,7,11.8,87,0.1,0.1,0.2,0.8,5523,40761,30,60,87,360
S14000104,Rutherglen,45828,45819,99.6,95.2,95.2,87.3,95.1,0,0,0.1,0.4,0,99.8,0,45656,43637,43617,40001,43590,9,9,31,163,2,45722,0,4.4,95.2,0,0,0,0.3,2039,43617,9,0,22,132
E14001458,Rutland and Stamford,42729,42717,94.6,76.6,76.6,76.6,76.6,1.1,1.3,2,5.3,0.4,99.4,0,40435,32740,32740,32736,32740,452,565,843,2282,160,42471,0,18,76.6,1.1,0.3,0.7,3.4,7695,32740,452,113,278,1439
E14001459,Salford,64592,64591,96.2,91.3,91.2,82.9,91,0,1.2,1.7,3.8,0,96.2,0,62147,58970,58876,53521,58779,0,786,1093,2444,0,62167,4,5.1,91.2,0,1.2,0.5,2.1,3271,58876,0,786,307,1351
E14001460,Salisbury,43149,43142,97.6,80.1,80.1,76.8,80.1,0.1,0.3,0.5,2.4,0.1,99.8,0.5,42106,34583,34583,33153,34583,38,112,229,1036,55,43063,200,17.4,80.1,0.1,0.2,0.3,1.9,7523,34583,38,74,117,807
E14001461,Scarborough and Whitby,50539,50522,97.4,83.3,83.3,83.3,83.3,0.5,0.9,1.2,2.6,0.2,99.6,73.9,49216,42102,42102,42102,42102,245,468,620,1306,86,50315,37328,14.1,83.3,0.5,0.4,0.3,1.4,7114,42102,245,223,152,686
E14001462,Scunthorpe,47892,47871,99.4,96.8,96.8,95.8,96.8,0.1,0.2,0.3,0.5,0,99.9,69,47615,46341,46341,45864,46341,67,112,135,256,5,47827,33049,2.7,96.8,0.1,0.1,0,0.3,1274,46341,67,45,23,121
E14001463,Sefton Central,42119,42011,99.3,83.2,83.2,80.5,83.2,0,0,0,0.4,0.1,99.7,0,41824,35039,35039,33924,35039,0,4,7,187,36,42010,0,16.1,83.2,0,0,0,0.4,6785,35039,0,4,3,180
E14001464,Selby,46145,46142,99,96.6,96.6,96.6,96.6,0.2,0.3,0.4,1,0.1,99.8,34.6,45701,44569,44569,44568,44569,101,158,204,441,45,46068,15945,2.5,96.6,0.2,0.1,0.1,0.5,1132,44569,101,57,46,237
E14001465,Sevenoaks,42265,42234,96.8,77.5,77.5,67.6,77.5,0.1,0.2,0.5,3.1,0.1,99.8,0,40921,32772,32772,28585,32772,32,102,209,1313,31,42164,0,19.3,77.5,0.1,0.2,0.3,2.6,8149,32772,32,70,107,1104
E14001466,Sheffield Brightside and Hillsborough,47726,47725,99.9,99,99,98.5,99,0,0,0.1,0.1,0,99.9,0,47693,47268,47268,47005,47259,0,1,24,32,0,47699,0,0.9,99,0,0,0,0,425,47268,0,1,23,8
E14001467,Sheffield Central,42338,42318,89.5,83.6,82.2,76,81.5,0,0,1.3,10.4,0,89.5,0,37906,35393,34782,32162,34498,1,1,543,4412,0,37909,15,7.4,82.2,0,0,1.3,9.1,3124,34782,1,0,542,3869
E14001468,Sheffield Hallam,39834,39834,99,90.2,89.6,85.4,89.3,0.1,0.2,0.2,1,0.1,99.9,0,39454,35916,35696,34031,35559,33,76,89,380,28,39792,0,9.4,89.6,0.1,0.1,0,0.7,3758,35696,33,43,13,291
E14001469,Sheffield Heeley,50582,50581,99.9,97.3,96.8,94.8,96.5,0,0,0,0.1,0,99.9,0.4,50544,49214,48961,47969,48805,0,0,6,37,1,50550,183,3.1,96.8,0,0,0,0.1,1583,48961,0,0,6,31
E14001470,Sheffield South East,46279,46260,100,99.5,99.4,99.3,99.4,0,0,0,0,0,100,0,46260,46029,46017,45970,46016,0,0,0,0,2,46260,0,0.5,99.4,0,0,0,0,243,46017,0,0,0,0
E14001471,Sherwood Forest,47216,47208,98.7,90,89.8,72.6,89.6,0.1,0.3,0.4,1.3,0,100,0.6,46615,42515,42395,34259,42300,58,128,176,593,22,47199,267,8.9,89.8,0.1,0.1,0.1,0.9,4220,42395,58,70,48,417
E14001472,Shipley,43903,43900,98.7,93.7,93.1,89.4,92.8,0.1,0.1,0.1,1.3,0,99.5,74.9,43317,41131,40860,39252,40726,23,37,61,583,0,43675,32887,5.6,93.1,0.1,0,0.1,1.2,2457,40860,23,14,24,522
E14001473,Shrewsbury,46903,46891,96.9,87.4,85.3,83.8,83.8,0.1,0.4,0.9,3.1,0.1,99,49.1,45443,40996,40019,39286,39286,63,182,431,1448,36,46436,23028,11.6,85.3,0.1,0.3,0.5,2.2,5424,40019,63,119,249,1017
E14001474,Sittingbourne and Sheppey,46549,46533,98.6,90.6,89.4,80,88.3,0,0.1,0.3,1.4,0,99.9,41.3,45898,42172,41609,37216,41109,17,54,139,635,5,46484,19218,9.2,89.4,0,0.1,0.2,1.1,4289,41609,17,37,85,496
E14001475,Skipton and Ripon,47297,47285,94.4,71,70.2,69.5,69.5,1,1.8,2.5,5.6,0.4,98.7,58.6,44626,33593,33213,32884,32884,472,828,1196,2659,202,46702,27707,24.1,70.2,1,0.8,0.8,3.1,11413,33213,472,356,368,1463
E14001476,Sleaford and North Hykeham,44339,44330,97,81.3,81.2,69.1,81.1,0.5,0.9,1.3,3,0.1,99.6,34.8,42987,36041,36005,30638,35976,205,404,578,1343,56,44169,15448,15.7,81.2,0.5,0.4,0.4,1.7,6982,36005,205,199,174,765
E14001477,Slough,48409,48371,99.7,99,98.4,95.2,97.8,0,0,0,0.2,0,99.8,0,48287,47903,47641,46095,47360,0,1,1,84,0,48292,0,1.3,98.4,0,0,0,0.2,646,47641,0,1,0,83
E14001478,Smethwick,44293,44278,99.9,97.8,97.6,88.2,97.5,0,0,0,0,0,99.9,0,44256,43298,43244,39049,43165,0,0,7,22,5,44261,0,2.3,97.6,0,0,0,0,1012,43244,0,0,7,15
E14001479,Solihull West and Shirley,41245,41237,99.2,97.7,97.5,92.2,97.4,0,0,0,0.7,0,99.6,0,40929,40282,40221,38019,40159,4,8,20,308,0,41074,0,1.7,97.5,0,0,0,0.7,708,40221,4,4,12,288
N05000014,South Antrim,44635,44593,99.5,97.7,97.7,97.6,97.7,0.1,0.1,0.1,0.4,0,99.8,0,44408,43615,43613,43574,43609,28,57,66,185,17,44562,0,1.8,97.7,0.1,0.1,0,0.3,795,43613,28,29,9,119
E14001480,South Basildon and East Thurrock,42741,42729,99.1,91.8,91.4,68.3,91.1,0,0.1,0.3,0.8,0,99.8,1.4,42371,39216,39075,29175,38941,12,32,109,358,4,42635,600,7.7,91.4,0,0,0.2,0.6,3296,39075,12,20,77,249
E14001481,South Cambridgeshire,46005,45996,97.9,86.1,85.8,71.3,85.5,0,0.1,0.2,2.1,0,98.6,0,45033,39608,39460,32816,39352,17,61,114,963,23,45354,12,12.1,85.8,0,0.1,0.1,1.8,5573,39460,17,44,53,849
E14001482,South Cotswolds,43647,43624,97.5,61.7,61.7,61.7,61.7,0.1,0.3,0.7,2.5,0.2,99.1,2.7,42553,26936,26936,26926,26936,40,149,323,1071,71,43270,1175,35.8,61.7,0.1,0.2,0.4,1.7,15617,26936,40,109,174,748
E14001483,South Derbyshire,43562,43535,98.6,90.9,90.5,89.8,90.2,0.1,0.3,0.5,1.4,0.1,99.6,0,42941,39590,39414,39111,39272,55,147,225,594,46,43381,0,8.1,90.5,0.1,0.2,0.2,0.8,3527,39414,55,92,78,369
E14001484,South Devon,47441,47420,91.8,65.9,65.7,65.4,65.7,0.5,1.4,2.7,8.1,0.6,98,12.9,43568,31242,31172,31048,31164,215,642,1293,3852,283,46508,6142,26.1,65.7,0.5,0.9,1.4,5.4,12396,31172,215,427,651,2559
E14001485,South Dorset,48982,48962,98.6,74.6,74.6,74.6,74.6,0.1,0.2,0.4,1.4,0.1,99.7,0,48275,36531,36531,36531,36531,36,113,184,687,55,48846,0,24,74.6,0.1,0.2,0.1,1,11744,36531,36,77,71,503
N05000015,South Down,42429,42342,98.3,95.6,95.6,95.6,95.6,0.3,0.5,0.7,1.5,0.3,99.5,2.2,41726,40545,40545,40545,40545,125,202,316,616,117,42198,946,2.8,95.6,0.3,0.2,0.3,0.7,1181,40545,125,77,114,300
E14001486,South East Cornwall,44661,44566,94.7,70.1,69.9,60,69.7,0.3,0.8,1.3,5.1,0.3,98,36.2,42293,31305,31205,26801,31144,142,344,566,2273,120,43770,16166,24.8,69.9,0.3,0.5,0.5,3.8,11088,31205,142,202,222,1707
E14001487,South Holland and The Deepings,51111,51102,94.8,76.1,75.8,75.7,75.7,0.2,1,1.7,5.2,0.5,99.7,0.2,48440,38870,38740,38675,38675,124,522,877,2662,246,50946,97,19,75.8,0.2,0.8,0.7,3.5,9700,38740,124,398,355,1785
E14001488,South Leicestershire,44995,44988,98.4,82.7,82,81.3,81.6,0.2,0.2,0.5,1.6,0,99.7,0,44271,37220,36914,36583,36710,73,110,214,717,7,44864,0,16.4,82,0.2,0.1,0.2,1.1,7357,36914,73,37,104,503
E14001489,South Norfolk,43596,43595,96.4,71,70.2,69.7,69.8,0.2,0.5,0.9,3.6,0.3,99.4,0,42044,30958,30592,30391,30444,93,203,392,1551,123,43343,4,26.3,70.2,0.2,0.3,0.4,2.7,11452,30592,93,110,189,1159
E14001490,South Northamptonshire,44624,44609,98.1,93.4,92.6,92.3,92.3,0.1,1.2,1.3,1.9,0.4,98.7,0.1,43754,41690,41318,41169,41169,33,518,590,855,177,44052,30,5.5,92.6,0.1,1.1,0.2,0.6,2436,41318,33,485,72,265
E14001491,South Ribble,43640,43608,97.8,81,80.7,69.5,80.3,0,0.4,0.6,2.1,0.1,99.6,18.8,42701,35328,35201,30343,35063,13,183,270,907,33,43450,8205,17.2,80.7,0,0.4,0.2,1.5,7500,35201,13,170,87,637
E14001492,South Shields,44570,44547,99.3,90.4,90.4,29.4,90.4,0,0.1,0.2,0.7,0,99.5,0,44238,40307,40277,13087,40277,22,48,111,309,15,44339,0,8.9,90.4,0,0.1,0.1,0.4,3961,40277,22,26,63,198
E14001493,South Shropshire,44367,44203,85.1,58.1,57.5,57.5,57.5,1.8,4.8,7.9,14.6,0.7,94.2,49.4,37747,25771,25510,25499,25499,796,2141,3488,6456,326,41790,21935,27.6,57.5,1.8,3,3,6.7,12237,25510,796,1345,1347,2968
E14001494,South Suffolk,43601,43585,97.8,72.2,72.1,72.1,72.1,0.2,0.4,0.5,2.1,0.1,99.6,8.1,42650,31486,31434,31416,31419,82,163,235,935,62,43448,3536,25.7,72.1,0.2,0.2,0.2,1.6,11216,31434,82,81,72,700
E14001495,South West Devon,44348,44339,95.6,84.9,84.7,64.1,84.4,0.1,0.5,1.4,4.4,0.3,98.5,14.5,42406,37668,37542,28420,37414,45,223,626,1933,130,43685,6410,11,84.7,0.1,0.4,0.9,2.9,4864,37542,45,178,403,1307
E14001496,South West Hertfordshire,41129,41069,98.6,93.6,93,85,91.9,0.1,0.2,0.3,1.2,0,99.8,0,40572,38512,38250,34955,37810,60,94,104,497,6,41047,0,5.6,93,0.1,0.1,0,1,2322,38250,60,34,10,393
E14001497,South West Norfolk,47591,47543,96.2,61.5,60.6,60,60,0.4,0.9,1.5,3.7,0.6,99.2,0,45798,29250,28836,28569,28570,212,412,711,1745,275,47211,8,35.6,60.6,0.4,0.4,0.6,2.2,16962,28836,212,200,299,1034
E14001498,South West Wiltshire,44670,44620,97.9,84.6,84.6,64.1,84.6,0.2,0.3,0.4,2,0.1,99.3,0.1,43746,37800,37800,28653,37800,97,145,187,874,52,44375,42,13.3,84.6,0.2,0.1,0.1,1.5,5946,37800,97,48,42,687
E14001499,Southampton Itchen,50290,49828,97.7,96.4,96.2,92.8,95.9,0,0,0.1,1.4,0,97.7,0,49124,48476,48367,46693,48224,0,0,65,704,21,49125,0,1.5,96.2,0,0,0.1,1.3,757,48367,0,0,65,639
E14001500,Southampton Test,48798,48773,99.3,99,98.7,97.6,98.6,0,0,0.5,0.6,0,99.3,0,48466,48313,48160,47632,48096,0,2,247,307,1,48466,0,0.6,98.7,0,0,0.5,0.1,306,48160,0,2,245,60
E14001501,Southend East and Rochford,45845,45817,99.6,97.9,97.5,96.5,97.2,0,0,0.1,0.3,0,99.7,1.7,45664,44880,44707,44222,44574,4,18,30,153,6,45717,796,2.1,97.5,0,0,0,0.3,957,44707,4,14,12,123
E14001502,Southend West and Leigh,46041,46029,99.9,98.9,98.6,97.9,98.4,0,0,0,0.1,0,99.9,0,45988,45543,45419,45090,45317,0,0,0,41,1,46006,0,1.2,98.6,0,0,0,0.1,569,45419,0,0,0,41
E14001503,Southgate and Wood Green,53086,53027,98.6,89.5,88.1,54,86.5,0,0,0.2,1.3,0,98.9,0,52355,47495,46745,28654,45899,16,21,83,672,1,52512,0,10.6,88.1,0,0,0.1,1.1,5610,46745,16,5,62,589
E14001504,Southport,46747,46098,97.5,75,68.5,52.6,62.9,0,0.1,0.2,1.1,0,98.4,1,45578,35070,32023,24589,29398,9,34,83,520,8,45985,487,29,68.5,0,0.1,0.1,0.9,13555,32023,9,25,49,437
E14001505,Spelthorne,44429,44398,98.5,94.3,93.8,79.8,93.1,0,0,0.4,1.4,0,98.7,0,43774,41887,41685,35443,41383,0,14,194,624,1,43868,0,4.7,93.8,0,0,0.4,1,2089,41685,0,14,180,430
E14001506,Spen Valley,43118,43113,99.5,97.9,97.9,95.2,97.9,0,0,0,0.5,0,99.9,53.7,42909,42224,42224,41047,42224,1,2,7,204,0,43069,23139,1.6,97.9,0,0,0,0.5,685,42224,1,1,5,197
E14001507,St Albans,42953,42947,99.6,96.5,95.7,82.8,95,0,0,0,0.4,0,99.9,0,42769,41455,41119,35571,40814,0,1,6,178,0,42891,0,3.8,95.7,0,0,0,0.4,1650,41119,0,1,5,172
E14001508,St Austell and Newquay,48051,47991,95.3,68.1,65.8,64.3,64.3,0.1,0.3,0.7,4.6,0.1,97.1,0,45780,32709,31605,30902,30902,26,156,331,2211,68,46635,9,29.5,65.8,0.1,0.3,0.4,3.9,14175,31605,26,130,175,1880
E14001509,St Helens North,45717,45717,99.1,97.3,97.3,93.8,97.3,0,0.3,0.4,0.9,0,100,2.7,45319,44483,44478,42863,44476,22,121,195,398,4,45707,1221,1.8,97.3,0,0.2,0.2,0.4,841,44478,22,99,74,203
E14001510,St Helens South and Whiston,44936,44931,99,96.6,96.6,90.4,96.6,0.1,0.2,0.3,1,0,99.5,0,44488,43429,43398,40605,43389,30,91,124,443,3,44731,0,2.4,96.6,0.1,0.1,0.1,0.7,1090,43398,30,61,33,319
E14001511,St Ives,45473,45382,92.7,63.5,63.5,63.5,63.5,0.3,0.7,1.4,7.1,0.4,96.1,15.6,42142,28884,28884,28884,28884,151,315,630,3240,168,43681,7084,29.2,63.5,0.3,0.4,0.7,5.7,13258,28884,151,164,315,2610
E14001512,St Neots and Mid Cambridgeshire,47856,47830,98.9,92.2,91.5,64.7,90.8,0.1,0.2,0.5,1,0,99.4,0,47352,44117,43765,30972,43441,68,116,224,478,20,47559,0,7.5,91.5,0.1,0.1,0.2,0.5,3587,43765,68,48,108,254
E14001513,Stafford,44411,44396,96.3,85.7,85.7,75.7,85.7,0.3,0.8,1.4,3.7,0.2,99.4,7,42769,38075,38075,33598,38075,121,354,620,1627,100,44142,3093,10.6,85.7,0.3,0.5,0.6,2.3,4694,38075,121,233,266,1007
E14001514,Staffordshire Moorlands,39729,39718,93.8,74.5,73.8,64.6,73.6,0.6,1.6,2.6,6.1,0.5,98.9,0,37278,29599,29321,25652,29258,249,631,1020,2440,195,39307,0,20,73.8,0.6,1,1,3.6,7957,29321,249,382,389,1420
E14001515,Stalybridge and Hyde,44692,44666,99.3,94.2,94.2,93.2,94.2,0,0,0,0.6,0,99.9,0,44400,42095,42095,41648,42095,0,6,22,266,16,44651,0,5.2,94.2,0,0,0,0.5,2305,42095,0,6,16,244
E14001516,Stevenage,43135,43124,99.5,92.6,92.6,62.1,92.6,0,0,0,0.5,0,99.8,0,42918,39922,39922,26802,39922,1,3,11,206,4,43046,0,6.9,92.6,0,0,0,0.5,2996,39922,1,2,8,195
S14000105,Stirling and Strathallan,48149,48082,96.3,73.7,73.3,73.3,73.3,0.6,1.4,2.1,3.5,0.4,98.9,0.1,46375,35506,35302,35315,35316,291,690,998,1707,196,47621,33,23,73.3,0.6,0.8,0.6,1.5,11073,35302,291,399,308,709
E14001517,Stockport,48954,48931,99.6,95.4,95.4,88.4,95.4,0,0,0,0.4,0,99.6,0,48737,46686,46686,43271,46686,0,0,0,194,13,48755,0,4.2,95.4,0,0,0,0.4,2051,46686,0,0,0,194
E14001518,Stockton North,45925,45923,98.8,97.3,97.1,72.9,97,0,0.2,0.3,1.2,0,98.9,10.2,45369,44684,44594,33492,44547,0,99,147,554,4,45417,4698,1.7,97.1,0,0.2,0.1,0.9,775,44594,0,99,48,407
E14001519,Stockton West,40835,40813,96.9,90.6,90.5,46.1,90.4,0.3,0.9,1.6,3,0.1,98.1,39.9,39572,36993,36942,18807,36931,129,369,670,1241,28,40063,16286,6.4,90.5,0.3,0.6,0.7,1.4,2630,36942,129,240,301,571
E14001520,Stoke-on-Trent Central,52077,52055,99.1,95.8,95.8,87.9,95.8,0,0,0.1,0.8,0,99.2,0,51633,49892,49892,45752,49892,0,1,32,422,0,51642,0,3.3,95.8,0,0,0.1,0.7,1741,49892,0,1,31,390
E14001521,Stoke-on-Trent North,45755,45754,99.5,96,95.9,90.3,95.8,0,0,0.1,0.5,0,99.8,0,45524,43911,43865,41335,43851,0,9,24,230,1,45680,0,3.6,95.9,0,0,0,0.5,1659,43865,0,9,15,206
E14001522,Stoke-on-Trent South,41733,41731,98.3,87.4,87.4,84,87.4,0.1,0.3,0.4,1.7,0.1,99.9,0,41019,36474,36474,35074,36474,29,107,152,712,24,41688,0,10.9,87.4,0.1,0.2,0.1,1.3,4545,36474,29,78,45,560
E14001523,"Stone, Great Wyrley and Penkridge",41400,40954,95.1,85.9,85.8,79.5,85.8,0.2,0.6,1.1,3.8,0.1,98.3,0.4,39392,35552,35539,32902,35537,67,248,451,1562,37,40702,178,9.3,85.8,0.2,0.4,0.5,2.7,3853,35539,67,181,203,1111
E14001524,Stourbridge,41637,41608,99.6,96.6,96.2,79,95.8,0,0,0,0.3,0,99.9,2.4,41471,40227,40038,32911,39873,0,1,2,137,0,41594,983,3.4,96.2,0,0,0,0.3,1433,40038,0,1,1,135
N05000016,Strangford,43788,43712,99,96.1,96.1,96.1,96.1,0.1,0.2,0.3,0.8,0.1,99.8,0,43355,42069,42069,42065,42069,32,79,143,357,48,43709,0,2.9,96.1,0.1,0.1,0.1,0.5,1286,42069,32,47,64,214
E14001525,Stratford and Bow,54548,54318,98.8,96.5,94.3,81.4,90.7,0,0.1,0.2,0.8,0,98.8,0,53882,52652,51444,44377,49475,0,52,125,436,0,53882,0,4.5,94.3,0,0.1,0.1,0.6,2438,51444,0,52,73,311
E14001526,Stratford-on-Avon,46582,46514,98.8,85.9,85.2,80.7,84.7,0.1,0.3,0.5,1.1,0.2,99.7,7.1,46000,40021,39695,37571,39469,68,156,222,514,77,46444,3301,13.5,85.2,0.1,0.2,0.1,0.6,6305,39695,68,88,66,292
E14001527,Streatham and Croydon North,50034,50024,98.2,92.6,91.5,75.1,90,0,0,0,1.8,0,98.3,0,49138,46319,45805,37572,45050,0,0,2,886,1,49184,0,6.7,91.5,0,0,0,1.8,3333,45805,0,0,2,884
E14001528,Stretford and Urmston,46605,46604,99,93.4,93.1,90.6,92.8,0,0,0,1,0,99.2,0,46130,43546,43381,42222,43269,0,1,5,474,0,46217,2,5.9,93.1,0,0,0,1,2749,43381,0,1,4,469
E14001529,Stroud,44757,44752,98.6,78.7,78.7,78.7,78.7,0,0.1,0.2,1.4,0,99.1,1.4,44114,35238,35238,35237,35238,13,47,101,638,3,44342,611,19.8,78.7,0,0.1,0.1,1.2,8876,35238,13,34,54,537
E14001530,Suffolk Coastal,48735,48672,97.8,77.2,77.2,75.1,77.2,0.1,0.3,0.5,2,0.2,99.5,2.7,47687,37624,37623,36595,37623,46,139,258,985,97,48484,1310,20.7,77.2,0.1,0.2,0.2,1.5,10064,37623,46,93,119,727
E14001531,Sunderland Central,48554,48487,99.1,95,94.7,69.2,94.4,0,0,0,0.8,0,99.1,0,48121,46135,45966,33582,45853,7,10,10,366,1,48136,0,4.4,94.7,0,0,0,0.7,2155,45966,7,3,0,356
E14001532,Surrey Heath,40300,40290,98.9,86.7,86.4,62.1,86.2,0,0,0,1.1,0,100,0,39859,34955,34800,25021,34747,1,10,12,431,4,40290,0,12.6,86.4,0,0,0,1,5059,34800,1,9,2,419
E14001533,Sussex Weald,40868,40851,97.7,71.6,71.4,71.4,71.4,0.1,0.3,0.5,2.3,0.2,99.8,0,39926,29254,29194,29174,29175,32,108,209,925,70,40776,0,26.3,71.4,0.1,0.2,0.2,1.8,10732,29194,32,76,101,716
E14001534,Sutton and Cheam,43424,43422,99.3,94.3,93.6,77.5,92.8,0,0,0,0.7,0,99.3,0,43128,40950,40662,33655,40304,0,0,0,294,1,43141,0,5.7,93.6,0,0,0,0.7,2466,40662,0,0,0,294
E14001535,Sutton Coldfield,42237,42227,99.3,94,93.9,79.5,93.9,0,0.1,0.2,0.7,0,99.4,0,41944,39704,39661,33586,39643,2,50,89,283,3,41971,0,5.4,93.9,0,0.1,0.1,0.5,2283,39661,2,48,39,194
W07000108,Swansea West,49776,49773,99.9,97.4,96.9,87.7,96.5,0,0,0,0.1,0,100,33.8,49742,48463,48251,43654,48019,0,0,1,31,0,49764,16809,3,96.9,0,0,0,0.1,1491,48251,0,0,1,30
E14001536,Swindon North,45158,45151,98.5,93.8,92.6,91.4,91.6,0.1,0.2,0.3,1.5,0.1,98.7,0,44493,42341,41803,41253,41367,55,110,143,658,24,44565,0,6,92.6,0.1,0.1,0.1,1.1,2690,41803,55,55,33,515
E14001537,Swindon South,48820,48820,99.5,97.8,97.7,95.4,97.6,0,0,0.1,0.5,0,99.6,0,48596,47752,47703,46556,47658,1,3,37,224,0,48632,0,1.8,97.7,0,0,0.1,0.4,893,47703,1,2,34,187
E14001538,Tamworth,44294,44288,98.6,89.3,88.3,60.7,87.7,0.2,0.3,0.5,1.4,0,99.9,0,43685,39562,39119,26894,38834,67,113,220,603,11,44235,0,10.3,88.3,0.2,0.1,0.2,0.9,4566,39119,67,46,107,383
E14001539,Tatton,44926,44913,96.1,83.6,82.9,76.3,82.2,0.3,0.6,0.9,3.9,0.1,99.4,0.1,43178,37580,37245,34264,36929,146,257,417,1735,42,44638,67,13.2,82.9,0.3,0.2,0.4,2.9,5933,37245,146,111,160,1318
E14001540,Taunton and Wellington,50168,50140,95.7,82.5,80.8,80.1,80.1,0.3,0.9,1.3,4.2,0.3,98.5,0,48022,41410,40560,40196,40196,140,464,642,2118,133,49440,0,14.9,80.8,0.3,0.6,0.4,2.9,7462,40560,140,324,178,1476
E14001541,Telford,47210,47200,99.6,92.2,91.5,43,91.1,0,0,0.1,0.4,0,99.8,12.2,47024,43523,43210,20304,42995,0,5,29,176,0,47093,5758,8.1,91.5,0,0,0.1,0.3,3814,43210,0,5,24,147
E14001542,Tewkesbury,46201,46157,97.6,90.2,90,70.3,89.9,0.1,0.5,1,2.3,0.1,98.4,0.7,45072,41663,41596,32481,41532,46,245,464,1085,52,45482,320,7.5,90,0.1,0.4,0.5,1.3,3476,41596,46,199,219,621
E14001543,The Wrekin,47758,47751,96.7,83.3,82.4,53.9,81.8,0.2,0.5,1.1,3.3,0.1,99.5,13,46177,39781,39353,25760,39079,93,238,517,1574,43,47530,6231,14.3,82.4,0.2,0.3,0.6,2.2,6824,39353,93,145,279,1057
E14001544,Thirsk and Malton,49075,48905,93.4,76,76,76,76,1.3,2.5,3.5,6.3,0.6,97.9,62.9,45821,37287,37287,37287,37287,652,1241,1703,3084,275,48030,30870,17.4,76,1.3,1.2,0.9,2.8,8534,37287,652,589,462,1381
E14001545,Thornbury and Yate,43734,43721,98.5,79.1,79.1,58.8,79.1,0.1,0.3,0.5,1.4,0.2,99.8,0,43087,34614,34589,25730,34578,43,139,200,634,66,43660,0,19.4,79.1,0.1,0.2,0.1,1,8498,34589,43,96,61,434
E14001546,Thurrock,47543,47528,99.1,94.5,94.1,85.2,93.9,0,0,0.4,0.8,0,99.3,0,47137,44918,44718,40526,44622,6,8,172,391,0,47193,6,5.1,94.1,0,0,0.3,0.5,2419,44718,6,2,164,219
E14001547,Tipton and Wednesbury,45567,45555,99.9,97.3,97.3,92,97.3,0,0,0,0.1,0,99.9,0,45524,44352,44352,41943,44349,0,0,0,31,0,45526,0,2.6,97.3,0,0,0,0.1,1172,44352,0,0,0,31
E14001548,Tiverton and Minehead,42821,42778,90.5,49.2,48.9,48.8,48.8,1.2,2.8,4.5,9.4,0.8,97.3,10.2,38758,21065,20956,20896,20896,498,1218,1948,4020,341,41672,4365,41.6,48.9,1.2,1.7,1.7,4.8,17802,20956,498,720,730,2072
E14001549,Tonbridge,41086,41065,95.2,77.3,77.1,65.2,77,0.3,0.7,1.2,4.8,0.3,98.7,3.6,39111,31763,31688,26803,31641,104,292,484,1954,140,40569,1466,18.1,77.1,0.3,0.5,0.5,3.6,7423,31688,104,188,192,1470
E14001550,Tooting,46986,46608,98.9,95,94.1,90.3,92.9,0,0,0,0.3,0,98.9,0,46472,44643,44216,42426,43670,0,0,0,136,0,46473,0,4.8,94.1,0,0,0,0.3,2256,44216,0,0,0,136
E14001551,Torbay,54423,54334,98.5,92.7,91.2,83,89.5,0,0,0,1.3,0,98.9,8.7,53617,50458,49614,45167,48682,0,0,26,717,3,53813,4747,7.4,91.2,0,0,0,1.3,4003,49614,0,0,26,691
W07000109,Torfaen,43451,43426,99,86.9,86.5,77.1,86.1,0.1,0.2,0.3,0.9,0,99.6,19.5,43016,37771,37595,33488,37395,50,68,114,410,2,43263,8492,12.5,86.5,0.1,0,0.1,0.7,5421,37595,50,18,46,296
E14001552,Torridge and Tavistock,45810,45742,86.5,63.8,62.1,63.8,63.8,1.7,4.7,8,13.4,1.4,95.8,53.8,39610,29209,28460,29209,29209,759,2151,3658,6132,629,43884,24654,24.3,62.1,1.7,3,3.3,5.4,11150,28460,759,1392,1507,2474
E14001553,Tottenham,55242,55207,99.5,94.3,94.1,77.3,93.4,0,0,0.1,0.5,0,99.5,0,54954,52104,51989,42714,51617,0,5,44,253,0,54955,0,5.4,94.1,0,0,0.1,0.4,2965,51989,0,5,39,209
E14001554,Truro and Falmouth,45067,44999,93.4,63.8,63.6,63.4,63.4,0.1,0.4,0.9,6.4,0.3,96.4,13.5,42110,28767,28662,28562,28562,49,176,427,2889,151,43424,6086,29.8,63.6,0.1,0.3,0.6,5.5,13448,28662,49,127,251,2462
E14001555,Tunbridge Wells,47848,47834,97.6,85.3,84,76.1,82,0.1,0.3,0.5,2.3,0.1,99.6,0.5,46712,40827,40208,36414,39234,31,128,251,1122,60,47652,234,13.6,84,0.1,0.2,0.3,1.8,6504,40208,31,97,123,871
E14001556,Twickenham,45795,45653,99.2,94.1,93.6,79,93.3,0,0,0,0.5,0,99.2,0,45406,43076,42871,36172,42707,0,0,14,247,3,45423,0,5.5,93.6,0,0,0,0.5,2535,42871,0,0,14,233
E14001557,Tynemouth,45911,45802,99.7,96.1,95.1,79.5,93.2,0,0,0,0.1,0.1,99.7,0,45775,44105,43658,36496,42794,0,2,13,27,26,45784,0,4.6,95.1,0,0,0,0,2117,43658,0,2,11,14
N05000017,Upper Bann,51326,51102,99.2,96.3,96.3,96.3,96.3,0,0.1,0.1,0.4,0.1,99.5,0,50909,49431,49431,49431,49431,7,35,47,193,55,51090,0,2.9,96.3,0,0.1,0,0.3,1478,49431,7,28,12,146
E14001558,Uxbridge and South Ruislip,46326,46295,98.5,93.2,92.9,79.2,92.9,0,0,0.1,1.4,0,98.6,0,45646,43193,43060,36681,43027,0,11,68,649,0,45670,0,5.6,92.9,0,0,0.1,1.3,2586,43060,0,11,57,581
W07000110,Vale of Glamorgan,44110,44087,99,91.7,91.4,89.2,91.3,0.1,0.2,0.3,1,0.1,99.6,1.5,43656,40445,40333,39346,40289,31,90,145,431,38,43938,667,7.5,91.4,0.1,0.1,0.1,0.6,3323,40333,31,59,55,286
E14001559,Vauxhall and Camberwell Green,51321,51204,98.7,91.3,90.9,80.1,90.6,0,0,0,1,0,98.7,0,50669,46881,46628,41126,46511,0,0,0,535,0,50674,0,7.9,90.9,0,0,0,1,4041,46628,0,0,0,535
E14001560,Wakefield and Rothwell,48502,48451,99.2,97.4,97.3,95.4,97.3,0,0,0,0.7,0,99.4,47.7,48103,47237,47207,46273,47200,0,8,23,348,1,48200,23136,1.8,97.3,0,0,0,0.7,896,47207,0,8,15,325
E14001561,Wallasey,46092,46092,99.8,96.8,96.8,95.4,96.8,0,0,0,0.2,0,99.9,0,45989,44618,44618,43952,44618,0,0,0,103,0,46049,0,3,96.8,0,0,0,0.2,1371,44618,0,0,0,103
E14001562,Walsall and Bloxwich,45437,45423,99.6,92,91.9,81.1,91.7,0,0,0,0.3,0,99.7,0,45272,41813,41745,36830,41664,0,0,10,151,3,45299,0,7.8,91.9,0,0,0,0.3,3527,41745,0,0,10,141
E14001563,Walthamstow,49378,49006,98.5,95.7,95.2,88.2,94.8,0,0,0.3,0.7,0,98.5,0,48648,47242,47012,43568,46788,0,0,125,358,1,48648,0,3.3,95.2,0,0,0.3,0.5,1636,47012,0,0,125,233
E14001564,Warrington North,43212,43203,99.7,98,97.6,91.1,97.4,0,0,0,0.3,0,99.9,0,43090,42350,42177,39355,42084,2,4,14,113,4,43185,0,2.1,97.6,0,0,0,0.2,913,42177,2,2,10,99
E14001565,Warrington South,47222,47206,99.5,96.4,96,92.6,95.7,0,0,0,0.4,0,99.8,0,47004,45501,45336,43726,45196,2,18,23,202,0,47121,0,3.5,96,0,0,0,0.4,1668,45336,2,16,5,179
E14001566,Warwick and Leamington,49354,49309,99.6,91.9,88.4,48.4,86,0,0,0.1,0.3,0,99.7,0.1,49165,45343,43621,23898,42428,1,21,25,144,0,49221,34,11.2,88.4,0,0,0,0.2,5544,43621,1,20,4,119
E14001567,Washington and Gateshead South,44385,44303,99,92.5,92.1,84.4,92,0.2,0.3,0.6,0.8,0,99.3,0,43950,41053,40889,37451,40838,73,140,248,353,17,44089,1,6.9,92.1,0.2,0.2,0.2,0.2,3061,40889,73,67,108,105
E14001568,Watford,46431,46428,99.7,96.7,95.6,85.2,94.4,0,0,0,0.3,0,99.7,0,46305,44916,44383,39569,43842,0,0,7,123,0,46307,0,4.1,95.6,0,0,0,0.2,1922,44383,0,0,7,116
E14001569,Waveney Valley,42613,42600,96,60.5,60.5,60.5,60.5,0.3,0.7,1.3,3.9,0.5,99.2,0,40918,25760,25760,25760,25760,147,305,555,1682,234,42274,4,35.6,60.5,0.3,0.4,0.6,2.6,15158,25760,147,158,250,1127
E14001570,Weald of Kent,41726,41670,90.1,58.1,57.6,56.4,57.3,0.7,2.3,3.6,9.7,0.8,98,37.8,37612,24243,24046,23528,23893,312,951,1500,4058,321,40905,15753,32.5,57.6,0.7,1.5,1.3,6.1,13566,24046,312,639,549,2558
E14001571,Wellingborough and Rushden,50387,50371,99.8,98.2,98.2,95.4,98.2,0,0,0,0.2,0,99.9,0,50269,49501,49501,48049,49501,0,1,17,102,1,50322,0,1.5,98.2,0,0,0,0.2,768,49501,0,1,16,85
E14001572,Wells and Mendip Hills,41216,41187,95.1,78.7,78,77.1,77.1,0.3,0.9,1.6,4.9,0.2,98.6,11.4,39186,32439,32138,31769,31769,122,376,663,2001,69,40636,4689,17.1,78,0.3,0.6,0.7,3.2,7048,32138,122,254,287,1338
E14001573,Welwyn Hatfield,47227,47225,98.6,90.1,89.3,61.7,88.4,0,0,0.2,1.4,0,99.6,0,46584,42554,42180,29149,41753,2,15,74,641,1,47049,0,9.3,89.3,0,0,0.1,1.2,4404,42180,2,13,59,567
S14000111,West Aberdeenshire and Kincardine,44120,44044,89.9,42.6,42.4,42.3,42.3,1.6,3.3,5.3,9.9,1.8,96.4,0,39684,18799,18714,18651,18651,701,1478,2338,4360,796,42550,0,47.5,42.4,1.6,1.8,1.9,4.6,20970,18714,701,777,860,2022
E14001574,West Bromwich,44536,44506,99.9,95,94.6,85.7,94.3,0,0,0,0.1,0,99.9,0,44479,42330,42142,38186,41985,0,0,20,27,0,44480,0,5.2,94.6,0,0,0,0,2337,42142,0,0,20,7
E14001575,West Dorset,47281,47270,96.7,60.9,60.8,60.8,60.8,0.2,0.6,1,3.3,0.3,99.2,0.3,45731,28801,28770,28738,28738,88,292,493,1539,130,46917,156,35.9,60.8,0.2,0.4,0.4,2.2,16961,28770,88,204,201,1046
S14000106,West Dunbartonshire,47056,46991,99.6,94.8,94.3,45.4,93.8,0,0,0,0.2,0.1,99.7,0,46890,44592,44352,21340,44124,0,5,10,101,58,46937,0,5.4,94.3,0,0,0,0.2,2538,44352,0,5,5,91
E14001576,West Ham and Beckton,57623,57590,99.9,94.1,92,72.1,89.9,0,0,0.1,0.1,0,99.9,0,57546,54244,53027,41565,51813,0,7,31,44,2,57548,0,7.8,92,0,0,0,0,4519,53027,0,7,24,13
E14001577,West Lancashire,44004,43982,97.7,83.7,81.9,80.6,80.6,0.2,0.5,0.8,2.2,0,99.6,3,43013,36821,36029,35464,35466,89,230,335,969,12,43812,1320,15.9,81.9,0.2,0.3,0.2,1.4,6984,36029,89,141,105,634
E14001578,West Suffolk,53004,52993,98.6,75.5,74.1,68.4,73.3,0.1,0.3,0.4,1.4,0.1,99.8,0,52248,40004,39279,36253,38873,69,142,197,745,72,52887,4,24.5,74.1,0.1,0.1,0.1,1,12969,39279,69,73,55,548
N05000018,West Tyrone,41606,41504,97.2,92.7,92.7,92.7,92.7,1,1.4,1.6,2.5,0.5,99.6,5.6,40446,38556,38556,38554,38556,396,586,683,1058,192,41447,2315,4.5,92.7,1,0.5,0.2,0.9,1890,38556,396,190,97,375
E14001579,West Worcestershire,47175,47111,96,73.8,73.3,73.1,73.1,0.2,0.9,1.4,3.9,0.2,99.2,27.8,45265,34807,34574,34464,34464,103,423,675,1846,108,46809,13112,22.7,73.3,0.2,0.7,0.5,2.5,10691,34574,103,320,252,1171
E14001580,Westmorland and Lonsdale,47305,47242,94.6,69.8,69.8,69.7,69.7,0.8,1.4,2.3,5.3,0.7,98.6,22,44748,32998,32996,32991,32991,369,683,1102,2494,308,46651,10407,24.8,69.8,0.8,0.7,0.9,2.9,11752,32996,369,314,419,1392
E14001581,Weston-super-Mare,45621,45577,98.7,91.3,90,88.6,89.1,0,0.1,0.3,1.2,0,99.4,0,45042,41639,41065,40398,40664,8,26,141,535,2,45330,0,8.7,90,0,0,0.3,0.9,3977,41065,8,18,115,394
E14001582,Wetherby and Easingwold,42195,42185,96,77,77,73.8,77,0.4,1,1.6,4,0.2,99.4,37,40496,32482,32478,31129,32478,151,411,673,1689,89,41927,15619,19,77,0.4,0.6,0.6,2.4,8018,32478,151,260,262,1016
E14001583,Whitehaven and Workington,47042,47016,98.3,64.5,64.5,64.5,64.5,0.2,0.3,0.5,1.6,0.2,99.7,0,46251,30334,30334,30334,30334,78,125,221,765,98,46917,1,33.8,64.5,0.2,0.1,0.2,1.2,15917,30334,78,47,96,544
E14001584,Widnes and Halewood,42205,42204,99.5,96.7,96.7,92.4,96.7,0,0.1,0.1,0.5,0,99.9,0,41980,40802,40802,38996,40802,1,39,57,224,1,42156,0,2.8,96.7,0,0.1,0,0.4,1178,40802,1,38,18,167
E14001585,Wigan,49077,49070,99.5,96.3,96.2,80.3,96.1,0,0.1,0.2,0.5,0,99.8,2.3,48815,47248,47203,39429,47182,10,39,93,255,4,48988,1117,3.3,96.2,0,0.1,0.1,0.3,1612,47203,10,29,54,162
E14001586,Wimbledon,47954,47940,99.5,94.2,94.2,81.6,94.2,0,0,0.1,0.5,0,99.6,0,47723,45181,45179,39141,45179,0,4,31,217,1,47745,0,5.3,94.2,0,0,0.1,0.4,2544,45179,0,4,27,186
E14001587,Winchester,45229,45151,94.8,64.4,63.6,42.2,63,0.4,0.9,1.6,5,0.4,98.4,0,42896,29114,28767,19069,28510,183,392,709,2255,188,44513,0,31.2,63.6,0.4,0.5,0.7,3.4,14129,28767,183,209,317,1546
E14001588,Windsor,45577,45521,98.2,90.3,89,75.3,88.3,0,0,0.1,1.7,0,98.6,0,44736,41152,40579,34299,40244,2,11,50,785,8,44956,0,9.1,89,0,0,0.1,1.6,4157,40579,2,9,39,735
E14001589,Wirral West,40649,40649,99.1,94.5,94.5,89.9,94.5,0.1,0.1,0.2,0.9,0,99.9,0,40293,38399,38399,36533,38399,25,48,71,356,0,40625,0,4.7,94.5,0.1,0.1,0.1,0.7,1894,38399,25,23,23,285
E14001590,Witham,46909,46893,98.7,85.5,85.5,82.8,85.5,0.1,0.2,0.5,1.3,0.1,99.8,16.5,46299,40130,40130,38849,40130,34,109,224,594,25,46822,7731,13.2,85.5,0.1,0.2,0.2,0.8,6169,40130,34,75,115,370
E14001591,Witney,44940,44927,99.2,92.9,91.5,83.8,91.1,0,0.2,0.3,0.8,0.1,99.8,0,44571,41748,41106,37645,40945,14,69,118,356,33,44840,0,7.7,91.5,0,0.1,0.1,0.5,3465,41106,14,55,49,238
E14001592,Woking,43817,43794,98.7,93.9,93,73.7,92.1,0,0.1,0.1,1.3,0,99,0,43232,41132,40747,32302,40335,0,34,38,562,10,43396,0,5.7,93,0,0.1,0,1.2,2485,40747,0,34,4,524
E14001593,Wokingham,43010,42992,98.4,92.5,91.7,75.2,90.9,0,0,0.3,1.5,0,99.1,0,42340,39779,39434,32357,39115,2,7,145,652,21,42626,0,6.8,91.7,0,0,0.3,1.2,2906,39434,2,5,138,507
E14001594,Wolverhampton North East,44880,44779,99.6,98.6,98.5,92.5,98.5,0,0,0,0.1,0,99.7,0,44717,44249,44226,41516,44199,0,0,3,62,1,44725,0,1.1,98.5,0,0,0,0.1,491,44226,0,0,3,59
E14001595,Wolverhampton South East,48865,48859,99.8,97.9,97.9,92.1,97.9,0,0,0,0.2,0,99.8,0,48771,47835,47835,44993,47830,0,0,2,88,1,48787,0,1.9,97.9,0,0,0,0.2,936,47835,0,0,2,86
E14001596,Wolverhampton West,48518,48498,99.1,98.3,98.2,94.5,98,0,0,0,0.8,0,99.1,1.3,48095,47706,47629,45839,47542,0,0,0,403,2,48104,622,1,98.2,0,0,0,0.8,466,47629,0,0,0,403
E14001597,Worcester,46875,46862,99.8,94.7,94,93.5,93.5,0,0,0,0.2,0,99.9,36,46782,44381,44073,43826,43826,0,0,0,80,0,46847,16889,5.8,94,0,0,0,0.2,2709,44073,0,0,0,80
E14001598,Worsley and Eccles,48901,48881,99.4,98.3,98.3,95.2,98.3,0,0.1,0.3,0.6,0,99.6,0,48597,48061,48061,46574,48061,15,73,127,284,7,48724,15,1.1,98.3,0,0.1,0.1,0.3,536,48061,15,58,54,157
E14001599,Worthing West,47602,47598,99.4,93.2,92.6,88.6,92,0,0.1,0.1,0.6,0.1,99.9,0,47315,44342,44077,42180,43799,16,25,62,283,27,47565,0,6.8,92.6,0,0,0.1,0.5,3238,44077,16,9,37,221
W07000111,Wrexham,45800,45502,97.6,75.7,75.7,75.7,75.7,0.1,0.3,0.5,1.7,0.2,98.9,50.8,44701,34651,34651,34651,34651,42,131,248,801,73,45309,23264,21.9,75.7,0.1,0.2,0.3,1.2,10050,34651,42,89,117,553
E14001600,Wycombe,42818,42767,99,86.6,83.5,77.1,81.3,0,0.1,0.2,0.9,0.1,99.9,0,42386,37086,35766,33022,34795,21,60,74,381,38,42755,0,15.5,83.5,0,0.1,0,0.7,6620,35766,21,39,14,307
E14001601,Wyre Forest,47051,47023,98.5,89.4,89.4,81.9,89.4,0.1,0.1,0.3,1.4,0.1,99.9,3.1,46358,42066,42066,38541,42066,38,69,124,665,26,46982,1439,9.1,89.4,0.1,0.1,0.1,1.1,4292,42066,38,31,55,541
E14001602,Wythenshawe and Sale East,48610,48610,99.7,98,97.6,93.3,97.1,0,0.2,0.2,0.3,0,99.7,0,48462,47631,47448,45332,47192,4,93,93,148,0,48482,0,2.1,97.6,0,0.2,0,0.1,1014,47448,4,89,0,55
E14001603,Yeovil,49251,49244,97.6,81.3,81.3,81.3,81.3,0.2,0.6,0.9,2.4,0.1,99.3,0,48056,40023,40023,40023,40023,97,308,457,1188,44,48907,2,16.3,81.3,0.2,0.4,0.3,1.5,8033,40023,97,211,149,731
W07000112,Ynys Môn,35159,35128,95.4,56.6,56.6,56.6,56.6,0.6,1.3,2,4.5,0.5,98.4,15.8,33546,19904,19904,19904,19904,209,449,704,1582,178,34590,5549,38.8,56.6,0.6,0.7,0.7,2.5,13642,19904,209,240,255,878
E14001604,York Central,49094,49009,98.4,95.5,94.6,87.6,93.4,0,0,0.1,1.4,0,98.5,15.7,48320,46899,46424,42989,45874,2,16,42,689,0,48339,7717,3.9,94.6,0,0,0.1,1.3,1896,46424,2,14,26,647
E14001605,York Outer,41898,41890,98.2,88.6,88,83.9,87.5,0.1,0.2,0.3,1.7,0,99.7,34.3,41162,37129,36887,35138,36674,28,73,131,728,7,41773,14375,10.2,88,0.1,0.1,0.1,1.4,4275,36887,28,45,58,597
