{"type":"Topology","objects":{"ward":{"type":"GeometryCollection","geometries":[{"type":"Polygon","arcs":[[0,1,2,3,4]],"id":757,"properties":{"WD19CD":"E05000976","WD19NM":"Central"}},{"type":"Polygon","arcs":[[5,6,7]],"id":758,"properties":{"WD19CD":"E05000977","WD19NM":"Cudworth"}},{"type":"Polygon","arcs":[[8,9,10,11,12,13,-6,14]],"id":759,"properties":{"WD19CD":"E05000978","WD19NM":"Darfield"}},{"type":"Polygon","arcs":[[15,16,17,18,19,20]],"id":760,"properties":{"WD19CD":"E05000979","WD19NM":"Darton East"}},{"type":"Polygon","arcs":[[21,-19,22,23,24]],"id":761,"properties":{"WD19CD":"E05000980","WD19NM":"Darton West"}},{"type":"Polygon","arcs":[[25,-9,26,27]],"id":762,"properties":{"WD19CD":"E05000981","WD19NM":"Dearne North"}},{"type":"Polygon","arcs":[[28,29,-10,-26]],"id":763,"properties":{"WD19CD":"E05000982","WD19NM":"Dearne South"}},{"type":"Polygon","arcs":[[30,31,32,-24]],"id":764,"properties":{"WD19CD":"E05000983","WD19NM":"Dodworth"}},{"type":"Polygon","arcs":[[33,34,35,36]],"id":765,"properties":{"WD19CD":"E05000984","WD19NM":"Hoyland Milton"}},{"type":"Polygon","arcs":[[37,-32,38,-3]],"id":766,"properties":{"WD19CD":"E05000985","WD19NM":"Kingstone"}},{"type":"Polygon","arcs":[[-7,-14,39,-5,40,41,42,43]],"id":767,"properties":{"WD19CD":"E05000986","WD19NM":"Monk Bretton"}},{"type":"Polygon","arcs":[[44,45,-27,-15,-8,-44,46,47]],"id":768,"properties":{"WD19CD":"E05000987","WD19NM":"North East"}},{"type":"Polygon","arcs":[[48,-41,-4,-39,-31,-23,-18]],"id":769,"properties":{"WD19CD":"E05000988","WD19NM":"Old Town"}},{"type":"Polygon","arcs":[[-25,-33,49,50,51,52,53,54,55,56]],"id":770,"properties":{"WD19CD":"E05000989","WD19NM":"Penistone East"}},{"type":"Polygon","arcs":[[-55,57,58,59,60,61]],"id":771,"properties":{"WD19CD":"E05000990","WD19NM":"Penistone West"}},{"type":"Polygon","arcs":[[-35,62,63,-51,64]],"id":772,"properties":{"WD19CD":"E05000991","WD19NM":"Rockingham"}},{"type":"Polygon","arcs":[[-47,-43,65,-16,66]],"id":773,"properties":{"WD19CD":"E05000992","WD19NM":"Royston"}},{"type":"Polygon","arcs":[[-42,-49,-17,-66]],"id":774,"properties":{"WD19CD":"E05000993","WD19NM":"St Helens"}},{"type":"Polygon","arcs":[[-13,67,68,-1,-40]],"id":775,"properties":{"WD19CD":"E05000994","WD19NM":"Stairfoot"}},{"type":"Polygon","arcs":[[69,70,-37,71,-68,-12]],"id":776,"properties":{"WD19CD":"E05000995","WD19NM":"Wombwell"}},{"type":"Polygon","arcs":[[-69,-72,-36,-65,-50,-38,-2]],"id":777,"properties":{"WD19CD":"E05000996","WD19NM":"Worsbrough"}},{"type":"Polygon","arcs":[[72,73,74,75,76,77,78]],"id":778,"properties":{"WD19CD":"E05001019","WD19NM":"Boston Castle"}},{"type":"Polygon","arcs":[[79,80,81,82,-75]],"id":779,"properties":{"WD19CD":"E05001020","WD19NM":"Brinsworth and Catcliffe"}},{"type":"Polygon","arcs":[[83,84,85,86,87,88,89,90]],"id":780,"properties":{"WD19CD":"E05001022","WD19NM":"Hellaby"}},{"type":"Polygon","arcs":[[91,92]],"id":781,"properties":{"WD19CD":"E05001023","WD19NM":"Holderness"}},{"type":"Polygon","arcs":[[93,94,95,96,97,-63,-34,-71]],"id":782,"properties":{"WD19CD":"E05001024","WD19NM":"Hoober"}},{"type":"Polygon","arcs":[[98,99,100,101,-97]],"id":783,"properties":{"WD19CD":"E05001025","WD19NM":"Keppel"}},{"type":"Polygon","arcs":[[102,103,104,-85,105]],"id":784,"properties":{"WD19CD":"E05001026","WD19NM":"Maltby"}},{"type":"Polygon","arcs":[[106,107,-78,108,109,-95,110]],"id":785,"properties":{"WD19CD":"E05001027","WD19NM":"Rawmarsh"}},{"type":"Polygon","arcs":[[111,112,-93,113,114,115,-81,116,-87,117]],"id":786,"properties":{"WD19CD":"E05001028","WD19NM":"Rother Vale"}},{"type":"Polygon","arcs":[[118,-79,-108,119]],"id":787,"properties":{"WD19CD":"E05001029","WD19NM":"Rotherham East"}},{"type":"Polygon","arcs":[[-109,-77,120,121,-100,122]],"id":788,"properties":{"WD19CD":"E05001030","WD19NM":"Rotherham West"}},{"type":"Polygon","arcs":[[123,-91,124,125,-120,-107,126,127]],"id":789,"properties":{"WD19CD":"E05001031","WD19NM":"Silverwood"}},{"type":"Polygon","arcs":[[-88,-117,-80,-74,128]],"id":790,"properties":{"WD19CD":"E05001032","WD19NM":"Sitwell"}},{"type":"Polygon","arcs":[[129,-127,130,131]],"id":791,"properties":{"WD19CD":"E05001033","WD19NM":"Swinton"}},{"type":"Polygon","arcs":[[132,-89,-129,-73,-119,-126]],"id":792,"properties":{"WD19CD":"E05001034","WD19NM":"Valley"}},{"type":"Polygon","arcs":[[133,134,135,136,137,138,139,140,-114,-92,-113]],"id":793,"properties":{"WD19CD":"E05001035","WD19NM":"Wales"}},{"type":"Polygon","arcs":[[-30,141,142,-131,-111,-94,-70,-11]],"id":794,"properties":{"WD19CD":"E05001036","WD19NM":"Wath"}},{"type":"Polygon","arcs":[[-90,-133,-125]],"id":795,"properties":{"WD19CD":"E05001037","WD19NM":"Wickersley"}},{"type":"Polygon","arcs":[[-123,-99,-96,-110]],"id":796,"properties":{"WD19CD":"E05001038","WD19NM":"Wingfield"}},{"type":"Polygon","arcs":[[143,144,145,146,147]],"id":1004,"properties":{"WD19CD":"E05001341","WD19NM":"Baildon"}},{"type":"Polygon","arcs":[[148,-148,149,150,151,152]],"id":1005,"properties":{"WD19CD":"E05001342","WD19NM":"Bingley"}},{"type":"Polygon","arcs":[[153,154,155,156,157,158,-151]],"id":1006,"properties":{"WD19CD":"E05001343","WD19NM":"Bingley Rural"}},{"type":"Polygon","arcs":[[159,160,161,162,163,164]],"id":1007,"properties":{"WD19CD":"E05001344","WD19NM":"Bolton and Undercliffe"}},{"type":"Polygon","arcs":[[165,166,167,168,169,170,-161]],"id":1008,"properties":{"WD19CD":"E05001345","WD19NM":"Bowling and Barkerend"}},{"type":"Polygon","arcs":[[-167,171,172]],"id":1009,"properties":{"WD19CD":"E05001346","WD19NM":"Bradford Moor"}},{"type":"Polygon","arcs":[[173,174,175,176,177,-162,-171]],"id":1010,"properties":{"WD19CD":"E05001347","WD19NM":"City"}},{"type":"Polygon","arcs":[[-176,178,179,180,181]],"id":1011,"properties":{"WD19CD":"E05001348","WD19NM":"Clayton and Fairweather Green"}},{"type":"Polygon","arcs":[[182,183,184,185,186,187,188,189,190,191]],"id":1012,"properties":{"WD19CD":"E05001349","WD19NM":"Craven"}},{"type":"Polygon","arcs":[[192,-172,-166,-160,193,194]],"id":1013,"properties":{"WD19CD":"E05001350","WD19NM":"Eccleshill"}},{"type":"Polygon","arcs":[[-175,195,196,197,198,-179]],"id":1014,"properties":{"WD19CD":"E05001351","WD19NM":"Great Horton"}},{"type":"Polygon","arcs":[[-164,199,200,201,-155,202,203]],"id":1015,"properties":{"WD19CD":"E05001352","WD19NM":"Heaton"}},{"type":"Polygon","arcs":[[204,205,-195,206,-145,207]],"id":1016,"properties":{"WD19CD":"E05001353","WD19NM":"Idle and Thackley"}},{"type":"Polygon","arcs":[[208,209,-184,210]],"id":1017,"properties":{"WD19CD":"E05001354","WD19NM":"Ilkley"}},{"type":"Polygon","arcs":[[211,212,-186]],"id":1018,"properties":{"WD19CD":"E05001355","WD19NM":"Keighley Central"}},{"type":"Polygon","arcs":[[-152,-159,213,214,-212,-185,-210]],"id":1019,"properties":{"WD19CD":"E05001356","WD19NM":"Keighley East"}},{"type":"Polygon","arcs":[[-213,-215,215,-187]],"id":1020,"properties":{"WD19CD":"E05001357","WD19NM":"Keighley West"}},{"type":"Polygon","arcs":[[216,217,-196,-174,-170]],"id":1021,"properties":{"WD19CD":"E05001358","WD19NM":"Little Horton"}},{"type":"Polygon","arcs":[[-163,-178,218,-200]],"id":1022,"properties":{"WD19CD":"E05001359","WD19NM":"Manningham"}},{"type":"Polygon","arcs":[[-180,-199,219,220,221,222]],"id":1023,"properties":{"WD19CD":"E05001360","WD19NM":"Queensbury"}},{"type":"Polygon","arcs":[[223,224,225,226,-220,-198]],"id":1024,"properties":{"WD19CD":"E05001361","WD19NM":"Royds"}},{"type":"Polygon","arcs":[[227,-203,-154,-150,-147]],"id":1025,"properties":{"WD19CD":"E05001362","WD19NM":"Shipley"}},{"type":"Polygon","arcs":[[-202,228,-181,-223,229,-156]],"id":1026,"properties":{"WD19CD":"E05001363","WD19NM":"Thornton and Allerton"}},{"type":"Polygon","arcs":[[-219,-177,-182,-229,-201]],"id":1027,"properties":{"WD19CD":"E05001364","WD19NM":"Toller"}},{"type":"Polygon","arcs":[[230,231,232,233,234,235,236,-217,-169]],"id":1028,"properties":{"WD19CD":"E05001365","WD19NM":"Tong"}},{"type":"Polygon","arcs":[[237,238,-153,-209,239]],"id":1029,"properties":{"WD19CD":"E05001366","WD19NM":"Wharfedale"}},{"type":"Polygon","arcs":[[-237,240,-224,-197,-218]],"id":1030,"properties":{"WD19CD":"E05001367","WD19NM":"Wibsey"}},{"type":"Polygon","arcs":[[-194,-165,-204,-228,-146,-207]],"id":1031,"properties":{"WD19CD":"E05001368","WD19NM":"Windhill and Wrose"}},{"type":"Polygon","arcs":[[-214,-158,241,242,243,244,245,246,-216]],"id":1032,"properties":{"WD19CD":"E05001369","WD19NM":"Worth Valley"}},{"type":"Polygon","arcs":[[247,248,-225,-241,-236]],"id":1033,"properties":{"WD19CD":"E05001370","WD19NM":"Wyke"}},{"type":"Polygon","arcs":[[249,250,251,252,253,254,255,256]],"id":1034,"properties":{"WD19CD":"E05001371","WD19NM":"Brighouse"}},{"type":"Polygon","arcs":[[257,258,-260,260,261,262,263,-244]],"id":1035,"properties":{"WD19CD":"E05001372","WD19NM":"Calder"}},{"type":"Polygon","arcs":[[-255,264,265,266,267,268]],"id":1036,"properties":{"WD19CD":"E05001373","WD19NM":"Elland"}},{"type":"Polygon","arcs":[[269,270,-268,271,272,273,274]],"id":1037,"properties":{"WD19CD":"E05001374","WD19NM":"Greetland and Stainland"}},{"type":"Polygon","arcs":[[-249,275,-257,276,277,-226]],"id":1038,"properties":{"WD19CD":"E05001375","WD19NM":"Hipperholme and Lightcliffe"}},{"type":"Polygon","arcs":[[-157,-230,-222,278,279,280,281,-242]],"id":1039,"properties":{"WD19CD":"E05001376","WD19NM":"Illingworth and Mixenden"}},{"type":"Polygon","arcs":[[282,283,284,-258,-243,-282]],"id":1040,"properties":{"WD19CD":"E05001377","WD19NM":"Luddendenfoot"}},{"type":"Polygon","arcs":[[-227,-278,285,286,-279,-221]],"id":1041,"properties":{"WD19CD":"E05001378","WD19NM":"Northowram and Shelf"}},{"type":"Polygon","arcs":[[-287,287,288,289,-280]],"id":1042,"properties":{"WD19CD":"E05001379","WD19NM":"Ovenden"}},{"type":"Polygon","arcs":[[290,291,292,293,-289]],"id":1043,"properties":{"WD19CD":"E05001380","WD19NM":"Park"}},{"type":"Polygon","arcs":[[294,-265,-254]],"id":1044,"properties":{"WD19CD":"E05001381","WD19NM":"Rastrick"}},{"type":"Polygon","arcs":[[295,-274,296,-298,-299,-300,-259,-285]],"id":1045,"properties":{"WD19CD":"E05001382","WD19NM":"Ryburn"}},{"type":"Polygon","arcs":[[-270,300,-292,301]],"id":1046,"properties":{"WD19CD":"E05001383","WD19NM":"Skircoat"}},{"type":"Polygon","arcs":[[-293,-301,-275,-296,-284,302]],"id":1047,"properties":{"WD19CD":"E05001384","WD19NM":"Sowerby Bridge"}},{"type":"Polygon","arcs":[[-304,-305,305,306,307,308,-261]],"id":1048,"properties":{"WD19CD":"E05001385","WD19NM":"Todmorden"}},{"type":"Polygon","arcs":[[-277,-256,-269,-271,-302,-291,-288,-286]],"id":1049,"properties":{"WD19CD":"E05001386","WD19NM":"Town"}},{"type":"Polygon","arcs":[[-290,-294,-303,-283,-281]],"id":1050,"properties":{"WD19CD":"E05001387","WD19NM":"Warley"}},{"type":"Polygon","arcs":[[309,310,311,-266,-295,-253]],"id":1051,"properties":{"WD19CD":"E05001389","WD19NM":"Ashbrow"}},{"type":"Polygon","arcs":[[312,313,314,315,316,317,318]],"id":1052,"properties":{"WD19CD":"E05001390","WD19NM":"Batley East"}},{"type":"Polygon","arcs":[[-318,319,320,321]],"id":1053,"properties":{"WD19CD":"E05001391","WD19NM":"Batley West"}},{"type":"Polygon","arcs":[[322,323,-319,-322,324,325,326,-234]],"id":1054,"properties":{"WD19CD":"E05001392","WD19NM":"Birstall and Birkenshaw"}},{"type":"Polygon","arcs":[[-327,327,-250,-276,-248,-235]],"id":1055,"properties":{"WD19CD":"E05001393","WD19NM":"Cleckheaton"}},{"type":"Polygon","arcs":[[328,329,330,331,-310,-252,332,333]],"id":1056,"properties":{"WD19CD":"E05001396","WD19NM":"Dalton"}},{"type":"Polygon","arcs":[[334,-56,-62,335,336]],"id":1057,"properties":{"WD19CD":"E05001397","WD19NM":"Denby Dale"}},{"type":"Polygon","arcs":[[337,338,339,-316]],"id":1058,"properties":{"WD19CD":"E05001398","WD19NM":"Dewsbury East"}},{"type":"Polygon","arcs":[[340,341,342,343,344,-339]],"id":1059,"properties":{"WD19CD":"E05001399","WD19NM":"Dewsbury South"}},{"type":"Polygon","arcs":[[-317,-340,-345,345,346,-320]],"id":1060,"properties":{"WD19CD":"E05001400","WD19NM":"Dewsbury West"}},{"type":"Polygon","arcs":[[347,348,349,350]],"id":1061,"properties":{"WD19CD":"E05001401","WD19NM":"Golcar"}},{"type":"Polygon","arcs":[[-332,351,352,-348,353,-311]],"id":1062,"properties":{"WD19CD":"E05001402","WD19NM":"Greenhead"}},{"type":"Polygon","arcs":[[-321,-347,354,355,-325]],"id":1063,"properties":{"WD19CD":"E05001403","WD19NM":"Heckmondwike"}},{"type":"Polygon","arcs":[[356,-336,-61,357,-359,-360,360,361]],"id":1064,"properties":{"WD19CD":"E05001405","WD19NM":"Holme Valley South"}},{"type":"Polygon","arcs":[[-354,-351,362,-272,-267,-312]],"id":1065,"properties":{"WD19CD":"E05001407","WD19NM":"Lindley"}},{"type":"Polygon","arcs":[[-356,363,-333,-251,-328,-326]],"id":1066,"properties":{"WD19CD":"E05001408","WD19NM":"Liversedge and Gomersal"}},{"type":"Polygon","arcs":[[-346,-344,364,-334,-364,-355]],"id":1067,"properties":{"WD19CD":"E05001409","WD19NM":"Mirfield"}},{"type":"Polygon","arcs":[[-331,365,366,367,368,-352]],"id":1068,"properties":{"WD19CD":"E05001410","WD19NM":"Newsome"}},{"type":"Polygon","arcs":[[369,370,371,372,373,374,375,376]],"id":1069,"properties":{"WD19CD":"E05001444","WD19NM":"Ackworth, North Elmsall and Upton"}},{"type":"Polygon","arcs":[[377,378,379,380,381]],"id":1070,"properties":{"WD19CD":"E05001445","WD19NM":"Airedale and Ferry Fryston"}},{"type":"Polygon","arcs":[[382,383,384,385,386]],"id":1071,"properties":{"WD19CD":"E05001446","WD19NM":"Altofts and Whitwood"}},{"type":"Polygon","arcs":[[387,-383,388,-380]],"id":1072,"properties":{"WD19CD":"E05001447","WD19NM":"Castleford Central and Glasshoughton"}},{"type":"Polygon","arcs":[[-376,389,-67,-21,390,391,392,393]],"id":1073,"properties":{"WD19CD":"E05001448","WD19NM":"Crofton, Ryhill and Walton"}},{"type":"Polygon","arcs":[[394,395,-377,-394,396,-384]],"id":1074,"properties":{"WD19CD":"E05001449","WD19NM":"Featherstone"}},{"type":"Polygon","arcs":[[397,-48,-390,-375]],"id":1075,"properties":{"WD19CD":"E05001450","WD19NM":"Hemsworth"}},{"type":"Polygon","arcs":[[398,399,400]],"id":1076,"properties":{"WD19CD":"E05001451","WD19NM":"Horbury and South Ossett"}},{"type":"Polygon","arcs":[[401,402,403,404,-378,405]],"id":1077,"properties":{"WD19CD":"E05001452","WD19NM":"Knottingley"}},{"type":"Polygon","arcs":[[-397,-393,406,407,408,-385]],"id":1078,"properties":{"WD19CD":"E05001453","WD19NM":"Normanton"}},{"type":"Polygon","arcs":[[409,410,-400,411,-341,-338,-315,412]],"id":1079,"properties":{"WD19CD":"E05001454","WD19NM":"Ossett"}},{"type":"Polygon","arcs":[[413,-395,-388,-379,-405]],"id":1080,"properties":{"WD19CD":"E05001455","WD19NM":"Pontefract North"}},{"type":"Polygon","arcs":[[414,-370,-396,-414,-404]],"id":1081,"properties":{"WD19CD":"E05001456","WD19NM":"Pontefract South"}},{"type":"Polygon","arcs":[[-374,415,-45,-398]],"id":1082,"properties":{"WD19CD":"E05001457","WD19NM":"South Elmsall and South Kirkby"}},{"type":"Polygon","arcs":[[416,417,-386,-409,418,419,420,421]],"id":1083,"properties":{"WD19CD":"E05001458","WD19NM":"Stanley and Outwood East"}},{"type":"Polygon","arcs":[[-408,422,423,424,-419]],"id":1084,"properties":{"WD19CD":"E05001459","WD19NM":"Wakefield East"}},{"type":"Polygon","arcs":[[-420,-425,425,426]],"id":1085,"properties":{"WD19CD":"E05001460","WD19NM":"Wakefield North"}},{"type":"Polygon","arcs":[[427,-391,-20,-22,-57,-335,428,-342,-412,-399,429]],"id":1086,"properties":{"WD19CD":"E05001461","WD19NM":"Wakefield Rural"}},{"type":"Polygon","arcs":[[-392,-428,430,-423,-407]],"id":1087,"properties":{"WD19CD":"E05001462","WD19NM":"Wakefield South"}},{"type":"Polygon","arcs":[[-426,-424,-431,-430,-401,-411,431]],"id":1088,"properties":{"WD19CD":"E05001463","WD19NM":"Wakefield West"}},{"type":"Polygon","arcs":[[-421,-427,-432,-410,432]],"id":1089,"properties":{"WD19CD":"E05001464","WD19NM":"Wrenthorpe and Outwood West"}},{"type":"MultiPolygon","arcs":[[[433,434,435]],[[436,437,438,439,440,441,442,443,444,445,446,447,448,449]]],"id":1158,"properties":{"WD19CD":"E05001687","WD19NM":"Beverley Rural"}},{"type":"Polygon","arcs":[[450,451,452,453,454]],"id":1159,"properties":{"WD19CD":"E05001688","WD19NM":"Bridlington Central and Old Town"}},{"type":"Polygon","arcs":[[455,-451,456]],"id":1160,"properties":{"WD19CD":"E05001689","WD19NM":"Bridlington North"}},{"type":"Polygon","arcs":[[-456,457,458,-452]],"id":1161,"properties":{"WD19CD":"E05001690","WD19NM":"Bridlington South"}},{"type":"Polygon","arcs":[[459,460,461,462,463,464]],"id":1162,"properties":{"WD19CD":"E05001691","WD19NM":"Cottingham North"}},{"type":"Polygon","arcs":[[465,466,467,468,469,470,-463]],"id":1163,"properties":{"WD19CD":"E05001692","WD19NM":"Cottingham South"}},{"type":"Polygon","arcs":[[471,-464,-471,472,473,474,475,476,-449]],"id":1164,"properties":{"WD19CD":"E05001693","WD19NM":"Dale"}},{"type":"Polygon","arcs":[[477,-439,478,479]],"id":1165,"properties":{"WD19CD":"E05001694","WD19NM":"Driffield and Rural"}},{"type":"MultiPolygon","arcs":[[[-442,480]],[[-444,481]],[[-435,482,-440,-478,483,484,485,-453,-459,486,487,488]]],"id":1166,"properties":{"WD19CD":"E05001695","WD19NM":"East Wolds and Coastal"}},{"type":"Polygon","arcs":[[489,490,491]],"id":1167,"properties":{"WD19CD":"E05001696","WD19NM":"Goole North"}},{"type":"MultiPolygon","arcs":[[[492,493]],[[-490,494,495]],[[496,497]]],"id":1168,"properties":{"WD19CD":"E05001697","WD19NM":"Goole South"}},{"type":"Polygon","arcs":[[498,499,500,501]],"id":1169,"properties":{"WD19CD":"E05001698","WD19NM":"Hessle"}},{"type":"MultiPolygon","arcs":[[[502,503,504]],[[505]]],"id":1170,"properties":{"WD19CD":"E05001699","WD19NM":"Howden"}},{"type":"MultiPolygon","arcs":[[[-504,506,507,508,-437,509,-476,510,-494,511]],[[512,513]]],"id":1171,"properties":{"WD19CD":"E05001700","WD19NM":"Howdenshire"}},{"type":"Polygon","arcs":[[514,515,516,517,518,519,520,521,522,-436,-489]],"id":1172,"properties":{"WD19CD":"E05001701","WD19NM":"Mid Holderness"}},{"type":"Polygon","arcs":[[-465,-472,-448,523,-446,524]],"id":1173,"properties":{"WD19CD":"E05001702","WD19NM":"Minster and Woodmansey"}},{"type":"Polygon","arcs":[[525,-515,-488]],"id":1174,"properties":{"WD19CD":"E05001703","WD19NM":"North Holderness"}},{"type":"Polygon","arcs":[[526,527,528,529]],"id":1175,"properties":{"WD19CD":"E05001704","WD19NM":"Pocklington Provincial"}},{"type":"Polygon","arcs":[[-447,-524]],"id":1176,"properties":{"WD19CD":"E05001705","WD19NM":"St Mary's"}},{"type":"MultiPolygon","arcs":[[[530,531,532,-491,-496,533,534]],[[535,536,-498,537,-513,538,539]]],"id":1177,"properties":{"WD19CD":"E05001706","WD19NM":"Snaith, Airmyn, Rawcliffe and Marshland"}},{"type":"Polygon","arcs":[[540,-517,541]],"id":1178,"properties":{"WD19CD":"E05001707","WD19NM":"South East Holderness"}},{"type":"Polygon","arcs":[[-474,542,543,-501,544]],"id":1179,"properties":{"WD19CD":"E05001708","WD19NM":"South Hunsley"}},{"type":"MultiPolygon","arcs":[[[545,546]],[[547,-518,-541,548,549]]],"id":1180,"properties":{"WD19CD":"E05001709","WD19NM":"South West Holderness"}},{"type":"Polygon","arcs":[[550,551,552,-502,-544,553]],"id":1181,"properties":{"WD19CD":"E05001710","WD19NM":"Tranby"}},{"type":"Polygon","arcs":[[-470,554,-554,-543,-473]],"id":1182,"properties":{"WD19CD":"E05001711","WD19NM":"Willerby and Kirk Ella"}},{"type":"Polygon","arcs":[[-438,-509,555,556,-530,557,558,559,-479]],"id":1183,"properties":{"WD19CD":"E05001712","WD19NM":"Wolds Weighton"}},{"type":"Polygon","arcs":[[560,561,562,563,564]],"id":1184,"properties":{"WD19CD":"E05001713","WD19NM":"Croft Baker"}},{"type":"Polygon","arcs":[[565,566,567,568]],"id":1185,"properties":{"WD19CD":"E05001714","WD19NM":"East Marsh"}},{"type":"Polygon","arcs":[[569,570,571,572]],"id":1186,"properties":{"WD19CD":"E05001715","WD19NM":"Freshney"}},{"type":"Polygon","arcs":[[573,-561,574]],"id":1187,"properties":{"WD19CD":"E05001716","WD19NM":"Haverstoe"}},{"type":"Polygon","arcs":[[575,-563,576,577,578,-567]],"id":1188,"properties":{"WD19CD":"E05001717","WD19NM":"Heneage"}},{"type":"Polygon","arcs":[[-574,579,580,581,582,583,584,-577,-562]],"id":1189,"properties":{"WD19CD":"E05001718","WD19NM":"Humberston and New Waltham"}},{"type":"Polygon","arcs":[[585,586,587,588]],"id":1190,"properties":{"WD19CD":"E05001719","WD19NM":"Immingham"}},{"type":"Polygon","arcs":[[-578,-585,589,590,591,592]],"id":1191,"properties":{"WD19CD":"E05001720","WD19NM":"Park"}},{"type":"Polygon","arcs":[[-584,593,594,595,-590]],"id":1192,"properties":{"WD19CD":"E05001721","WD19NM":"Scartho"}},{"type":"Polygon","arcs":[[-564,-576,-566,596]],"id":1193,"properties":{"WD19CD":"E05001722","WD19NM":"Sidney Sussex"}},{"type":"Polygon","arcs":[[-596,597,598,-591]],"id":1194,"properties":{"WD19CD":"E05001723","WD19NM":"South"}},{"type":"Polygon","arcs":[[599,600,-594,-583]],"id":1195,"properties":{"WD19CD":"E05001724","WD19NM":"Waltham"}},{"type":"Polygon","arcs":[[-568,-579,-593,601,-570,602]],"id":1196,"properties":{"WD19CD":"E05001725","WD19NM":"West Marsh"}},{"type":"Polygon","arcs":[[-572,603,-598,-595,-601,604,605,606,607,608,-586,609]],"id":1197,"properties":{"WD19CD":"E05001726","WD19NM":"Wolds"}},{"type":"Polygon","arcs":[[-592,-599,-604,-571,-602]],"id":1198,"properties":{"WD19CD":"E05001727","WD19NM":"Yarborough"}},{"type":"Polygon","arcs":[[610,611,612,613,614]],"id":1199,"properties":{"WD19CD":"E05001728","WD19NM":"Ashby"}},{"type":"Polygon","arcs":[[615,616,617]],"id":1200,"properties":{"WD19CD":"E05001729","WD19NM":"Axholme Central"}},{"type":"Polygon","arcs":[[618,-618,619,620,-540,621]],"id":1201,"properties":{"WD19CD":"E05001730","WD19NM":"Axholme North"}},{"type":"Polygon","arcs":[[622,623,624,625,626,-616,-619]],"id":1202,"properties":{"WD19CD":"E05001731","WD19NM":"Axholme South"}},{"type":"Polygon","arcs":[[627,628,629]],"id":1203,"properties":{"WD19CD":"E05001732","WD19NM":"Barton"}},{"type":"Polygon","arcs":[[630,631,632,-612]],"id":1204,"properties":{"WD19CD":"E05001733","WD19NM":"Bottesford"}},{"type":"MultiPolygon","arcs":[[[633,634]],[[635,636,637,638,-629,639,640,641,642]]],"id":1205,"properties":{"WD19CD":"E05001734","WD19NM":"Brigg and Wolds"}},{"type":"Polygon","arcs":[[643,644,645,646,647,-637,648]],"id":1206,"properties":{"WD19CD":"E05001735","WD19NM":"Broughton and Appleby"}},{"type":"Polygon","arcs":[[-613,-633,649,650,651]],"id":1207,"properties":{"WD19CD":"E05001736","WD19NM":"Brumby"}},{"type":"Polygon","arcs":[[652,653,-650,-632,654,655,656]],"id":1208,"properties":{"WD19CD":"E05001737","WD19NM":"Burringham and Gunness"}},{"type":"MultiPolygon","arcs":[[[-634,657]],[[-657,658,-638,-648,659]]],"id":1209,"properties":{"WD19CD":"E05001738","WD19NM":"Burton upon Stather and Winterton"}},{"type":"Polygon","arcs":[[-647,660,-653,-660]],"id":1210,"properties":{"WD19CD":"E05001739","WD19NM":"Crosby and Park"}},{"type":"Polygon","arcs":[[-588,661,-640,-628,662]],"id":1211,"properties":{"WD19CD":"E05001740","WD19NM":"Ferry"}},{"type":"Polygon","arcs":[[663,-615,664,665,-645]],"id":1212,"properties":{"WD19CD":"E05001741","WD19NM":"Frodingham"}},{"type":"Polygon","arcs":[[-614,-652,666,-665]],"id":1213,"properties":{"WD19CD":"E05001742","WD19NM":"Kingsway with Lincoln Gardens"}},{"type":"Polygon","arcs":[[-644,667,-643,668,669,670,671,672,-655,-631,-611,-664]],"id":1214,"properties":{"WD19CD":"E05001743","WD19NM":"Ridge"}},{"type":"Polygon","arcs":[[-666,-667,-651,-654,-661,-646]],"id":1215,"properties":{"WD19CD":"E05001744","WD19NM":"Town"}},{"type":"Polygon","arcs":[[673,674,675]],"id":2442,"properties":{"WD19CD":"E05006191","WD19NM":"Bentham"}},{"type":"Polygon","arcs":[[676,677,678,-676,679,680,681]],"id":2443,"properties":{"WD19CD":"E05006198","WD19NM":"Ingleton and Clapham"}},{"type":"Polygon","arcs":[[682,-191,683,684,685,686]],"id":2444,"properties":{"WD19CD":"E05006203","WD19NM":"Skipton South"}},{"type":"Polygon","arcs":[[687,688,689,690,691,692,693,694]],"id":2445,"properties":{"WD19CD":"E05006206","WD19NM":"Upper Wharfedale"}},{"type":"Polygon","arcs":[[695,696,697,698,699,700,701,702]],"id":2446,"properties":{"WD19CD":"E05006297","WD19NM":"Amotherby"}},{"type":"Polygon","arcs":[[703,704,705,706,707]],"id":2447,"properties":{"WD19CD":"E05006298","WD19NM":"Ampleforth"}},{"type":"Polygon","arcs":[[708,709,-702,710,711,712]],"id":2448,"properties":{"WD19CD":"E05006299","WD19NM":"Cropton"}},{"type":"Polygon","arcs":[[713,-712,714,715,716,717,718]],"id":2449,"properties":{"WD19CD":"E05006300","WD19NM":"Dales"}},{"type":"Polygon","arcs":[[719,-559,720,721,722,-699,723,724,725,726,727]],"id":2450,"properties":{"WD19CD":"E05006301","WD19NM":"Derwent"}},{"type":"Polygon","arcs":[[-717,728,729,-708,730,731,732,733]],"id":2451,"properties":{"WD19CD":"E05006302","WD19NM":"Helmsley"}},{"type":"Polygon","arcs":[[-700,-723,734,735,-705,736]],"id":2452,"properties":{"WD19CD":"E05006303","WD19NM":"Hovingham"}},{"type":"Polygon","arcs":[[737,-729,-716]],"id":2453,"properties":{"WD19CD":"E05006304","WD19NM":"Kirkbymoorside"}},{"type":"Polygon","arcs":[[738,-727,739,740,-724,-698,741]],"id":2454,"properties":{"WD19CD":"E05006305","WD19NM":"Malton"}},{"type":"Polygon","arcs":[[-726,742,-740]],"id":2455,"properties":{"WD19CD":"E05006306","WD19NM":"Norton East"}},{"type":"Polygon","arcs":[[-725,-741,-743]],"id":2456,"properties":{"WD19CD":"E05006307","WD19NM":"Norton West"}},{"type":"Polygon","arcs":[[743,-696,744]],"id":2457,"properties":{"WD19CD":"E05006308","WD19NM":"Pickering East"}},{"type":"Polygon","arcs":[[745,-745,-703,-710]],"id":2458,"properties":{"WD19CD":"E05006309","WD19NM":"Pickering West"}},{"type":"Polygon","arcs":[[746,747,-728,-739,748]],"id":2459,"properties":{"WD19CD":"E05006310","WD19NM":"Rillington"}},{"type":"Polygon","arcs":[[-558,-529,749,750,751,-721]],"id":2460,"properties":{"WD19CD":"E05006311","WD19NM":"Ryedale South West"}},{"type":"Polygon","arcs":[[752,753,-485,754,-747,755,756]],"id":2461,"properties":{"WD19CD":"E05006312","WD19NM":"Sherburn"}},{"type":"Polygon","arcs":[[-722,-752,757,758,-735]],"id":2462,"properties":{"WD19CD":"E05006313","WD19NM":"Sheriff Hutton"}},{"type":"Polygon","arcs":[[-701,-737,-704,-730,-738,-715,-711]],"id":2463,"properties":{"WD19CD":"E05006314","WD19NM":"Sinnington"}},{"type":"Polygon","arcs":[[759,-756,-749,-742,-697,-744,-746,-709,760,761]],"id":2464,"properties":{"WD19CD":"E05006315","WD19NM":"Thornton Dale"}},{"type":"Polygon","arcs":[[-748,-755,-484,-480,-560,-720]],"id":2465,"properties":{"WD19CD":"E05006316","WD19NM":"Wolds"}},{"type":"Polygon","arcs":[[762,-366,-330]],"id":3178,"properties":{"WD19CD":"E05008558","WD19NM":"Almondbury"}},{"type":"Polygon","arcs":[[-363,-350,763,764,-361,-766,-297,-273]],"id":3179,"properties":{"WD19CD":"E05008559","WD19NM":"Colne Valley"}},{"type":"Polygon","arcs":[[766,-764,-349,-353,-369]],"id":3180,"properties":{"WD19CD":"E05008560","WD19NM":"Crosland Moor and Netherton"}},{"type":"Polygon","arcs":[[-767,-368,767,-362,-765]],"id":3181,"properties":{"WD19CD":"E05008561","WD19NM":"Holme Valley North"}},{"type":"Polygon","arcs":[[-343,-429,-337,-357,-768,-367,-763,-329,-365]],"id":3182,"properties":{"WD19CD":"E05008562","WD19NM":"Kirkburton"}},{"type":"Polygon","arcs":[[-769,-770,-771,-134,-112,771]],"id":3432,"properties":{"WD19CD":"E05008935","WD19NM":"Anston and Woodsetts"}},{"type":"Polygon","arcs":[[-105,-773,-774,-772,-118,-86]],"id":3433,"properties":{"WD19CD":"E05008936","WD19NM":"Dinnington"}},{"type":"Polygon","arcs":[[774,775,776]],"id":4106,"properties":{"WD19CD":"E05009664","WD19NM":"Embsay-with-Eastby"}},{"type":"Polygon","arcs":[[777,-776,778,779,780,781,782,783,-693]],"id":4107,"properties":{"WD19CD":"E05009665","WD19NM":"Gargrave and Malhamdale"}},{"type":"Polygon","arcs":[[-189,784,785,786]],"id":4108,"properties":{"WD19CD":"E05009666","WD19NM":"Glusburn"}},{"type":"Polygon","arcs":[[-687,787,788]],"id":4109,"properties":{"WD19CD":"E05009667","WD19NM":"Skipton East"}},{"type":"Polygon","arcs":[[789,-788,-686,790,-779,-775]],"id":4110,"properties":{"WD19CD":"E05009668","WD19NM":"Skipton North"}},{"type":"Polygon","arcs":[[-685,791,792,-780,-791]],"id":4111,"properties":{"WD19CD":"E05009669","WD19NM":"Skipton West"}},{"type":"Polygon","arcs":[[-188,-247,793,-785]],"id":4112,"properties":{"WD19CD":"E05009670","WD19NM":"Sutton-in-Craven"}},{"type":"Polygon","arcs":[[-793,794,-796,-797,-798,798,799,-781]],"id":4113,"properties":{"WD19CD":"E05009671","WD19NM":"West Craven"}},{"type":"Polygon","arcs":[[-801,-802,802,803,804,805,806,807,808,809]],"id":4114,"properties":{"WD19CD":"E05009672","WD19NM":"Appleton Wiske & Smeatons"}},{"type":"Polygon","arcs":[[810,811,812,813,814,815,816,-732]],"id":4115,"properties":{"WD19CD":"E05009673","WD19NM":"Bagby & Thorntons"}},{"type":"Polygon","arcs":[[817,818,819,820,821]],"id":4116,"properties":{"WD19CD":"E05009674","WD19NM":"Bedale"}},{"type":"Polygon","arcs":[[822,823,824,825]],"id":4117,"properties":{"WD19CD":"E05009675","WD19NM":"Easingwold"}},{"type":"Polygon","arcs":[[826,827,-718,-734,828,829,830,831,832]],"id":4118,"properties":{"WD19CD":"E05009676","WD19NM":"Great Ayton"}},{"type":"Polygon","arcs":[[-736,-759,833,834,835,-826,836,-706]],"id":4119,"properties":{"WD19CD":"E05009677","WD19NM":"Huby"}},{"type":"Polygon","arcs":[[837,838,839,-831,840,841,-803,-843,-844,844]],"id":4120,"properties":{"WD19CD":"E05009678","WD19NM":"Hutton Rudby"}},{"type":"Polygon","arcs":[[845,846,-814,847,-822,848,849,-806]],"id":4121,"properties":{"WD19CD":"E05009679","WD19NM":"Morton-on-Swale"}},{"type":"Polygon","arcs":[[850,851,852,-846,-805]],"id":4122,"properties":{"WD19CD":"E05009680","WD19NM":"Northallerton North & Brompton"}},{"type":"Polygon","arcs":[[853,-816,854,-852]],"id":4123,"properties":{"WD19CD":"E05009681","WD19NM":"Northallerton South"}},{"type":"Polygon","arcs":[[-829,-733,-817,-854,-851,-804,-842,855]],"id":4124,"properties":{"WD19CD":"E05009682","WD19NM":"Osmotherley & Swainby"}},{"type":"Polygon","arcs":[[-707,-837,-825,856,857,858,859,-811,-731]],"id":4125,"properties":{"WD19CD":"E05009683","WD19NM":"Raskelf & White Horse"}},{"type":"Polygon","arcs":[[-855,-815,-847,-853]],"id":4126,"properties":{"WD19CD":"E05009684","WD19NM":"Romanby"}},{"type":"Polygon","arcs":[[-860,860,861,862,-812]],"id":4127,"properties":{"WD19CD":"E05009685","WD19NM":"Sowerby & Topcliffe"}},{"type":"Polygon","arcs":[[-856,-841,-830]],"id":4128,"properties":{"WD19CD":"E05009686","WD19NM":"Stokesley"}},{"type":"Polygon","arcs":[[863,864,865,866,867,868,-819]],"id":4129,"properties":{"WD19CD":"E05009687","WD19NM":"Tanfield"}},{"type":"Polygon","arcs":[[-863,869,-864,-818,-848,-813]],"id":4130,"properties":{"WD19CD":"E05009688","WD19NM":"Thirsk"}},{"type":"Polygon","arcs":[[870,871,872,873,874,875,876,877,878]],"id":4414,"properties":{"WD19CD":"E05010044","WD19NM":"Appleton Roebuck & Church Fenton"}},{"type":"Polygon","arcs":[[879,880,881,882]],"id":4415,"properties":{"WD19CD":"E05010045","WD19NM":"Barlby Village"}},{"type":"Polygon","arcs":[[883,884,885,886,887,888]],"id":4416,"properties":{"WD19CD":"E05010046","WD19NM":"Brayton"}},{"type":"Polygon","arcs":[[889,-406,-382,890,891]],"id":4417,"properties":{"WD19CD":"E05010047","WD19NM":"Byram & Brotherton"}},{"type":"MultiPolygon","arcs":[[[892,893,894,-886,895]],[[896,897,-532,898]]],"id":4418,"properties":{"WD19CD":"E05010048","WD19NM":"Camblesforth & Carlton"}},{"type":"Polygon","arcs":[[899,900,901,902,-875,903]],"id":4419,"properties":{"WD19CD":"E05010049","WD19NM":"Cawood & Wistow"}},{"type":"Polygon","arcs":[[-507,-503,904,905,-880,906,907]],"id":4420,"properties":{"WD19CD":"E05010050","WD19NM":"Derwent"}},{"type":"Polygon","arcs":[[908,-897,909,910,-893]],"id":4421,"properties":{"WD19CD":"E05010051","WD19NM":"Eggborough"}},{"type":"Polygon","arcs":[[-556,-508,-908,911,912,913]],"id":4422,"properties":{"WD19CD":"E05010052","WD19NM":"Escrick"}},{"type":"Polygon","arcs":[[-902,914,-887,-895,915,916,917]],"id":4423,"properties":{"WD19CD":"E05010053","WD19NM":"Hambleton"}},{"type":"Polygon","arcs":[[-916,-894,-911,918,-402,-890,919]],"id":4424,"properties":{"WD19CD":"E05010054","WD19NM":"Monk Fryston"}},{"type":"Polygon","arcs":[[-907,-883,920,-912]],"id":4425,"properties":{"WD19CD":"E05010055","WD19NM":"Riccall"}},{"type":"MultiPolygon","arcs":[[[921,-881,-906]],[[922,923,-884]]],"id":4426,"properties":{"WD19CD":"E05010056","WD19NM":"Selby East"}},{"type":"Polygon","arcs":[[924,-923,-889,925,-900]],"id":4427,"properties":{"WD19CD":"E05010057","WD19NM":"Selby West"}},{"type":"Polygon","arcs":[[-903,-918,926,927,928,-876]],"id":4428,"properties":{"WD19CD":"E05010058","WD19NM":"Sherburn in Elmet"}},{"type":"Polygon","arcs":[[-917,-920,-892,929,-927]],"id":4429,"properties":{"WD19CD":"E05010059","WD19NM":"South Milford"}},{"type":"Polygon","arcs":[[-878,930,931,932]],"id":4430,"properties":{"WD19CD":"E05010060","WD19NM":"Tadcaster"}},{"type":"Polygon","arcs":[[-888,-915,-901,-926]],"id":4431,"properties":{"WD19CD":"E05010061","WD19NM":"Thorpe Willoughby"}},{"type":"Polygon","arcs":[[-910,-899,-531,933,-371,-415,-403,-919]],"id":4432,"properties":{"WD19CD":"E05010062","WD19NM":"Whitley"}},{"type":"Polygon","arcs":[[934,935,936,937]],"id":4671,"properties":{"WD19CD":"E05010311","WD19NM":"Acomb"}},{"type":"Polygon","arcs":[[938,939,-873,940,941,942,943,944]],"id":4672,"properties":{"WD19CD":"E05010312","WD19NM":"Bishopthorpe"}},{"type":"Polygon","arcs":[[945,946,947]],"id":4673,"properties":{"WD19CD":"E05010313","WD19NM":"Clifton"}},{"type":"Polygon","arcs":[[-872,948,-941]],"id":4674,"properties":{"WD19CD":"E05010314","WD19NM":"Copmanthorpe"}},{"type":"Polygon","arcs":[[949,-943,950,951,952]],"id":4675,"properties":{"WD19CD":"E05010315","WD19NM":"Dringhouses & Woodthorpe"}},{"type":"Polygon","arcs":[[953,954,955,956]],"id":4676,"properties":{"WD19CD":"E05010316","WD19NM":"Fishergate"}},{"type":"Polygon","arcs":[[957,-945,958,-955,959,960]],"id":4677,"properties":{"WD19CD":"E05010317","WD19NM":"Fulford & Heslington"}},{"type":"Polygon","arcs":[[961,962,-957,963,-946,964]],"id":4678,"properties":{"WD19CD":"E05010318","WD19NM":"Guildhall"}},{"type":"Polygon","arcs":[[965,966,967,968,-835]],"id":4679,"properties":{"WD19CD":"E05010319","WD19NM":"Haxby & Wigginton"}},{"type":"Polygon","arcs":[[969,970,971,-962,972,973]],"id":4680,"properties":{"WD19CD":"E05010320","WD19NM":"Heworth"}},{"type":"Polygon","arcs":[[974,975,-970,976]],"id":4681,"properties":{"WD19CD":"E05010321","WD19NM":"Heworth Without"}},{"type":"Polygon","arcs":[[-947,977,-953,978,-935,979]],"id":4682,"properties":{"WD19CD":"E05010322","WD19NM":"Holgate"}},{"type":"Polygon","arcs":[[-960,-954,-963,-972,980]],"id":4683,"properties":{"WD19CD":"E05010323","WD19NM":"Hull Road"}},{"type":"Polygon","arcs":[[-977,-974,981,-967,982]],"id":4684,"properties":{"WD19CD":"E05010324","WD19NM":"Huntington & New Earswick"}},{"type":"Polygon","arcs":[[-956,-959,-944,-950,-978,-964]],"id":4685,"properties":{"WD19CD":"E05010325","WD19NM":"Micklegate"}},{"type":"Polygon","arcs":[[983,-961,-981,-971,-976,984,-750,-528]],"id":4686,"properties":{"WD19CD":"E05010326","WD19NM":"Osbaldwick & Derwent"}},{"type":"Polygon","arcs":[[-973,-965,-948,-980,-938,985,-968,-982]],"id":4687,"properties":{"WD19CD":"E05010327","WD19NM":"Rawcliffe & Clifton Without"}},{"type":"Polygon","arcs":[[-969,-986,-937,986,-951,-942,-949,-871,987,988,-823,-836]],"id":4688,"properties":{"WD19CD":"E05010328","WD19NM":"Rural West York"}},{"type":"Polygon","arcs":[[-751,-985,-975,-983,-966,-834,-758]],"id":4689,"properties":{"WD19CD":"E05010329","WD19NM":"Strensall"}},{"type":"Polygon","arcs":[[-979,-952,-987,-936]],"id":4690,"properties":{"WD19CD":"E05010330","WD19NM":"Westfield"}},{"type":"Polygon","arcs":[[-527,-557,-914,989,-939,-958,-984]],"id":4691,"properties":{"WD19CD":"E05010331","WD19NM":"Wheldrake"}},{"type":"Polygon","arcs":[[990,991,992,993]],"id":5009,"properties":{"WD19CD":"E05010728","WD19NM":"Adwick le Street & Carcroft"}},{"type":"Polygon","arcs":[[994,995,996,997]],"id":5010,"properties":{"WD19CD":"E05010729","WD19NM":"Armthorpe"}},{"type":"Polygon","arcs":[[998,999,1000]],"id":5011,"properties":{"WD19CD":"E05010730","WD19NM":"Balby South"}},{"type":"MultiPolygon","arcs":[[[1001,1002,1003]],[[1004,1005,-991,1006,1007,1008,1009,1010]]],"id":5012,"properties":{"WD19CD":"E05010731","WD19NM":"Bentley"}},{"type":"Polygon","arcs":[[1011,1012,1013,1014,1015]],"id":5013,"properties":{"WD19CD":"E05010732","WD19NM":"Bessacarr"}},{"type":"Polygon","arcs":[[1016,-128,-130,1017,1018,1019]],"id":5014,"properties":{"WD19CD":"E05010733","WD19NM":"Conisbrough"}},{"type":"Polygon","arcs":[[1020,-997,1021,-1003,1022,1023]],"id":5015,"properties":{"WD19CD":"E05010734","WD19NM":"Edenthorpe & Kirk Sandall"}},{"type":"Polygon","arcs":[[1024,-1000,1025,-1020,1026]],"id":5016,"properties":{"WD19CD":"E05010735","WD19NM":"Edlington & Warmsworth"}},{"type":"Polygon","arcs":[[-626,-1028,1028,1029,-1012,1030,-995,1031]],"id":5017,"properties":{"WD19CD":"E05010736","WD19NM":"Finningley"}},{"type":"Polygon","arcs":[[-620,-617,-627,-1032,-998,-1021,1032,1033]],"id":5018,"properties":{"WD19CD":"E05010737","WD19NM":"Hatfield"}},{"type":"Polygon","arcs":[[-1014,1034,-1001,-1025,1035,1036]],"id":5019,"properties":{"WD19CD":"E05010738","WD19NM":"Hexthorpe & Balby North"}},{"type":"Polygon","arcs":[[-1018,-132,-143,1037]],"id":5020,"properties":{"WD19CD":"E05010739","WD19NM":"Mexborough"}},{"type":"MultiPolygon","arcs":[[[1038,1039,1040]],[[1041,1042]],[[1043,1044]],[[-994,1045,-372,-934,-535,1046,1047,1048,1049,1050,1051,1052,1053,-1007]]],"id":5021,"properties":{"WD19CD":"E05010740","WD19NM":"Norton & Askern"}},{"type":"Polygon","arcs":[[-1006,1054,-992]],"id":5022,"properties":{"WD19CD":"E05010741","WD19NM":"Roman Ridge"}},{"type":"Polygon","arcs":[[-1056,-1057,-1058,1058,-1029]],"id":5023,"properties":{"WD19CD":"E05010742","WD19NM":"Rossington & Bawtry"}},{"type":"Polygon","arcs":[[-1046,-993,-1055,-1005,1059,-1036,-1027,-1019,-1038,-142,-29,-28,-46,-416,-373]],"id":5024,"properties":{"WD19CD":"E05010743","WD19NM":"Sprotbrough"}},{"type":"MultiPolygon","arcs":[[[-1048,1060]],[[-1050,1061]],[[-1052,1062]],[[-1054,1063,-1008]],[[1064,-1045,1065,-1043,1066,-1041,1067,-1033,-1024]]],"id":5025,"properties":{"WD19CD":"E05010744","WD19NM":"Stainforth & Barnby Dun"}},{"type":"Polygon","arcs":[[-621,-1034,-1068,-1040,1068,-536]],"id":5026,"properties":{"WD19CD":"E05010745","WD19NM":"Thorne & Moorends"}},{"type":"Polygon","arcs":[[-1035,-1013,-1030,-1059,-1070,-1071,-106,-84,-124,-1017,-1026,-999]],"id":5027,"properties":{"WD19CD":"E05010746","WD19NM":"Tickhill & Wadsworth"}},{"type":"Polygon","arcs":[[-1015,-1037,-1060,-1011,1071]],"id":5028,"properties":{"WD19CD":"E05010747","WD19NM":"Town"}},{"type":"Polygon","arcs":[[-996,-1031,-1016,-1072,-1010,1072,-1004,-1022]],"id":5029,"properties":{"WD19CD":"E05010748","WD19NM":"Wheatley Hills & Intake"}},{"type":"Polygon","arcs":[[-190,-787,1073,-1075,-1076,-795,-792,-684]],"id":5049,"properties":{"WD19CD":"E05010774","WD19NM":"Aire Valley with Lothersdale"}},{"type":"Polygon","arcs":[[1076,-192,-683,-789,-790,-777,-778,-692,1077,1078]],"id":5050,"properties":{"WD19CD":"E05010775","WD19NM":"Barden Fell"}},{"type":"Polygon","arcs":[[-786,-794,-246,-1080,-1074]],"id":5051,"properties":{"WD19CD":"E05010776","WD19NM":"Cowling"}},{"type":"Polygon","arcs":[[-1078,-691,1080]],"id":5052,"properties":{"WD19CD":"E05010777","WD19NM":"Grassington"}},{"type":"Polygon","arcs":[[-800,1081,1082,-782]],"id":5053,"properties":{"WD19CD":"E05010778","WD19NM":"Hellifield and Long Preston"}},{"type":"Polygon","arcs":[[-784,1083,-677,1084,-694]],"id":5054,"properties":{"WD19CD":"E05010779","WD19NM":"Penyghent"}},{"type":"Polygon","arcs":[[-1083,1085,-1084,-783]],"id":5055,"properties":{"WD19CD":"E05010780","WD19NM":"Settle and Ribblebanks"}},{"type":"Polygon","arcs":[[1086,1087,1088,1089,1090,1091,1092]],"id":5132,"properties":{"WD19CD":"E05010857","WD19NM":"Beauchief and Greenhill"}},{"type":"Polygon","arcs":[[-115,-141,1093,1094,1095,1096]],"id":5133,"properties":{"WD19CD":"E05010858","WD19NM":"Beighton"}},{"type":"Polygon","arcs":[[1097,-1096,1098,1099,1100,1101,1102]],"id":5134,"properties":{"WD19CD":"E05010859","WD19NM":"Birley"}},{"type":"Polygon","arcs":[[1103,1104,1105,1106,1107,1108]],"id":5135,"properties":{"WD19CD":"E05010860","WD19NM":"Broomhill and Sharrow Vale"}},{"type":"Polygon","arcs":[[1109,1110,1111,1112,1113,1114]],"id":5136,"properties":{"WD19CD":"E05010861","WD19NM":"Burngreave"}},{"type":"Polygon","arcs":[[1115,1116,1117,1118,1119,-1104,1120,1121,-1112]],"id":5137,"properties":{"WD19CD":"E05010862","WD19NM":"City"}},{"type":"Polygon","arcs":[[1122,-1108,1123,1124]],"id":5138,"properties":{"WD19CD":"E05010863","WD19NM":"Crookes and Crosspool"}},{"type":"Polygon","arcs":[[-83,1125,1126,-1116,-1111,1127,-121,-76]],"id":5139,"properties":{"WD19CD":"E05010864","WD19NM":"Darnall"}},{"type":"Polygon","arcs":[[-1091,1128,1129,-1131,1131,1132]],"id":5140,"properties":{"WD19CD":"E05010865","WD19NM":"Dore and Totley"}},{"type":"Polygon","arcs":[[-64,-98,-102,1133,1134,1135,1136,-52]],"id":5141,"properties":{"WD19CD":"E05010866","WD19NM":"East Ecclesfield"}},{"type":"Polygon","arcs":[[-1106,1137,1138,-1092,-1133,1139]],"id":5142,"properties":{"WD19CD":"E05010867","WD19NM":"Ecclesall"}},{"type":"Polygon","arcs":[[-1115,1140,-1135,1141]],"id":5143,"properties":{"WD19CD":"E05010868","WD19NM":"Firth Park"}},{"type":"Polygon","arcs":[[-1124,-1107,-1140,-1132,-1143,1143]],"id":5144,"properties":{"WD19CD":"E05010869","WD19NM":"Fulwood"}},{"type":"Polygon","arcs":[[-1101,1144,1145,-1119,1146]],"id":5145,"properties":{"WD19CD":"E05010870","WD19NM":"Gleadless Valley"}},{"type":"Polygon","arcs":[[-1100,1147,-1093,-1139,1148,-1145]],"id":5146,"properties":{"WD19CD":"E05010871","WD19NM":"Graves Park"}},{"type":"Polygon","arcs":[[-1113,-1122,1149,1150,1151]],"id":5147,"properties":{"WD19CD":"E05010872","WD19NM":"Hillsborough"}},{"type":"Polygon","arcs":[[-1127,1152,1153,1154,-1117]],"id":5148,"properties":{"WD19CD":"E05010873","WD19NM":"Manor Castle"}},{"type":"Polygon","arcs":[[-140,1155,1156,1157,-1094]],"id":5149,"properties":{"WD19CD":"E05010874","WD19NM":"Mosborough"}},{"type":"Polygon","arcs":[[-1146,-1149,-1138,-1105,-1120]],"id":5150,"properties":{"WD19CD":"E05010875","WD19NM":"Nether Edge and Sharrow"}},{"type":"Polygon","arcs":[[1158,-1102,-1147,-1118,-1155]],"id":5151,"properties":{"WD19CD":"E05010876","WD19NM":"Park and Arbourthorne"}},{"type":"Polygon","arcs":[[-1103,-1159,-1154,1159]],"id":5152,"properties":{"WD19CD":"E05010877","WD19NM":"Richmond"}},{"type":"Polygon","arcs":[[-101,-122,-1128,-1110,-1142,-1134]],"id":5153,"properties":{"WD19CD":"E05010878","WD19NM":"Shiregreen and Brightside"}},{"type":"Polygon","arcs":[[-1141,-1114,-1152,1160,1161,-1136]],"id":5154,"properties":{"WD19CD":"E05010879","WD19NM":"Southey"}},{"type":"Polygon","arcs":[[-1151,1162,-1125,-1144,-1164,-1165,1165]],"id":5155,"properties":{"WD19CD":"E05010880","WD19NM":"Stannington"}},{"type":"Polygon","arcs":[[-54,1166,-1161,-1166,-1168,-58]],"id":5156,"properties":{"WD19CD":"E05010881","WD19NM":"Stocksbridge and Upper Don"}},{"type":"Polygon","arcs":[[-1121,-1109,-1123,-1163,-1150]],"id":5157,"properties":{"WD19CD":"E05010882","WD19NM":"Walkley"}},{"type":"Polygon","arcs":[[-1137,-1162,-1167,-53]],"id":5158,"properties":{"WD19CD":"E05010883","WD19NM":"West Ecclesfield"}},{"type":"Polygon","arcs":[[-116,-1097,-1098,-1160,-1153,-1126,-82]],"id":5159,"properties":{"WD19CD":"E05010884","WD19NM":"Woodhouse"}},{"type":"Polygon","arcs":[[-859,1168,1169,1170,1171,-861]],"id":5579,"properties":{"WD19CD":"E05011308","WD19NM":"Bishop Monkton & Newby"}},{"type":"Polygon","arcs":[[-858,1172,1173,-1169]],"id":5580,"properties":{"WD19CD":"E05011309","WD19NM":"Boroughbridge"}},{"type":"Polygon","arcs":[[-1174,1174,1175,1176,1177,1178,1179,1180,1181,1182,-1170]],"id":5581,"properties":{"WD19CD":"E05011310","WD19NM":"Claro"}},{"type":"Polygon","arcs":[[1183,1184,1185,1186,-1171,-1183,1187,1188,1189,1190,1191,-866,1192]],"id":5582,"properties":{"WD19CD":"E05011311","WD19NM":"Fountains & Ripley"}},{"type":"Polygon","arcs":[[1193,1194,1195,1196]],"id":5583,"properties":{"WD19CD":"E05011312","WD19NM":"Harrogate Bilton Grange"}},{"type":"Polygon","arcs":[[1197,1198,1199,1200,-1194,1201]],"id":5584,"properties":{"WD19CD":"E05011313","WD19NM":"Harrogate Bilton Woodfield"}},{"type":"Polygon","arcs":[[1202,1203,1204,1205,1206]],"id":5585,"properties":{"WD19CD":"E05011314","WD19NM":"Harrogate Central"}},{"type":"Polygon","arcs":[[-1201,1207,-1207,1208,1209,-1195]],"id":5586,"properties":{"WD19CD":"E05011315","WD19NM":"Harrogate Coppice Valley"}},{"type":"Polygon","arcs":[[1210,-1209,-1206,1211,1212,1213,1214]],"id":5587,"properties":{"WD19CD":"E05011316","WD19NM":"Harrogate Duchy"}},{"type":"Polygon","arcs":[[1215,1216,1217,1218]],"id":5588,"properties":{"WD19CD":"E05011317","WD19NM":"Harrogate Fairfax"}},{"type":"Polygon","arcs":[[1219,1220,1221,1222,-1213]],"id":5589,"properties":{"WD19CD":"E05011318","WD19NM":"Harrogate Harlow"}},{"type":"Polygon","arcs":[[1223,1224,-1203,-1208,-1200]],"id":5590,"properties":{"WD19CD":"E05011319","WD19NM":"Harrogate High Harrogate"}},{"type":"Polygon","arcs":[[1225,1226,1227,-1216,1228,1229]],"id":5591,"properties":{"WD19CD":"E05011320","WD19NM":"Harrogate Hookstone"}},{"type":"Polygon","arcs":[[1230,-1218,1231,-1224,-1199]],"id":5592,"properties":{"WD19CD":"E05011321","WD19NM":"Harrogate Kingsley"}},{"type":"Polygon","arcs":[[1232,-1196,-1210,-1211,1233,1234]],"id":5593,"properties":{"WD19CD":"E05011322","WD19NM":"Harrogate New Park"}},{"type":"Polygon","arcs":[[1235,1236,1237,1238,-1227]],"id":5594,"properties":{"WD19CD":"E05011323","WD19NM":"Harrogate Oatlands"}},{"type":"Polygon","arcs":[[1239,1240,-1202,-1197,-1233,1241,-1188,-1182]],"id":5595,"properties":{"WD19CD":"E05011324","WD19NM":"Harrogate Old Bilton"}},{"type":"Polygon","arcs":[[-1237,1242,1243,-1222,1244]],"id":5596,"properties":{"WD19CD":"E05011325","WD19NM":"Harrogate Pannal"}},{"type":"Polygon","arcs":[[-1238,-1245,-1221,1245,1246]],"id":5597,"properties":{"WD19CD":"E05011326","WD19NM":"Harrogate St Georges"}},{"type":"Polygon","arcs":[[-1215,1247,-1234]],"id":5598,"properties":{"WD19CD":"E05011327","WD19NM":"Harrogate Saltergate"}},{"type":"Polygon","arcs":[[1248,-1229,-1219,-1231,-1198,-1241]],"id":5599,"properties":{"WD19CD":"E05011328","WD19NM":"Harrogate Starbeck"}},{"type":"Polygon","arcs":[[-1228,-1239,-1247,-1204,-1225,-1232,-1217]],"id":5600,"properties":{"WD19CD":"E05011329","WD19NM":"Harrogate Stray"}},{"type":"Polygon","arcs":[[-1205,-1246,-1220,-1212]],"id":5601,"properties":{"WD19CD":"E05011330","WD19NM":"Harrogate Valley Gardens"}},{"type":"Polygon","arcs":[[-1242,-1235,-1248,-1214,1249,1250,-1189]],"id":5602,"properties":{"WD19CD":"E05011331","WD19NM":"Killinghall & Hampsthwaite"}},{"type":"Polygon","arcs":[[1251,-1178,1252,-1230,1253]],"id":5603,"properties":{"WD19CD":"E05011332","WD19NM":"Knaresborough Aspin & Calcutt"}},{"type":"Polygon","arcs":[[1254,1255,-1254,-1249,-1240,-1181]],"id":5604,"properties":{"WD19CD":"E05011333","WD19NM":"Knaresborough Castle"}},{"type":"Polygon","arcs":[[-1252,-1256,1256,-1179]],"id":5605,"properties":{"WD19CD":"E05011334","WD19NM":"Knaresborough Eastfield"}},{"type":"Polygon","arcs":[[-1257,-1255,-1180]],"id":5606,"properties":{"WD19CD":"E05011335","WD19NM":"Knaresborough Scriven Park"}},{"type":"Polygon","arcs":[[-988,-879,-933,1257,1258,-1176,1259]],"id":5607,"properties":{"WD19CD":"E05011336","WD19NM":"Marston Moor"}},{"type":"Polygon","arcs":[[-867,-1192,1260,1261]],"id":5608,"properties":{"WD19CD":"E05011337","WD19NM":"Masham & Kirkby Malzeard"}},{"type":"Polygon","arcs":[[-1190,-1251,1262,1263]],"id":5609,"properties":{"WD19CD":"E05011338","WD19NM":"Nidd Valley"}},{"type":"Polygon","arcs":[[-857,-824,-989,-1260,-1175,-1173]],"id":5610,"properties":{"WD19CD":"E05011339","WD19NM":"Ouseburn"}},{"type":"Polygon","arcs":[[-1261,-1191,-1264,1264,-1079,-1081,-690,1265]],"id":5611,"properties":{"WD19CD":"E05011340","WD19NM":"Pateley Bridge & Nidderdale Moors"}},{"type":"Polygon","arcs":[[1266,-1186,1267,1268,1269]],"id":5612,"properties":{"WD19CD":"E05011341","WD19NM":"Ripon Minster"}},{"type":"Polygon","arcs":[[-1185,1270,-1268]],"id":5613,"properties":{"WD19CD":"E05011342","WD19NM":"Ripon Moorside"}},{"type":"Polygon","arcs":[[1271,-1269,-1271,-1184,1272]],"id":5614,"properties":{"WD19CD":"E05011343","WD19NM":"Ripon Spa"}},{"type":"Polygon","arcs":[[-1270,-1272,1273]],"id":5615,"properties":{"WD19CD":"E05011344","WD19NM":"Ripon Ure Bank"}},{"type":"Polygon","arcs":[[-1177,-1259,1274,1275,1276,-1243,-1236,-1226,-1253]],"id":5616,"properties":{"WD19CD":"E05011345","WD19NM":"Spofforth with Lower Wharfedale"}},{"type":"Polygon","arcs":[[-1250,-1223,-1244,-1277,1277,1278,1279,-240,-211,-183,-1077,-1265,-1263]],"id":5617,"properties":{"WD19CD":"E05011346","WD19NM":"Washburn"}},{"type":"Polygon","arcs":[[-870,-862,-1172,-1187,-1267,-1274,-1273,-1193,-865]],"id":5618,"properties":{"WD19CD":"E05011347","WD19NM":"Wathvale"}},{"type":"Polygon","arcs":[[-422,-433,-413,-314,1280,1281,1282]],"id":5653,"properties":{"WD19CD":"E05011384","WD19NM":"Ardsley & Robin Hood"}},{"type":"Polygon","arcs":[[1283,1284,1285,1286,1287,1288,1289]],"id":5654,"properties":{"WD19CD":"E05011385","WD19NM":"Armley"}},{"type":"Polygon","arcs":[[1290,-1289,1291,1292,1293]],"id":5655,"properties":{"WD19CD":"E05011387","WD19NM":"Bramley & Stanningley"}},{"type":"Polygon","arcs":[[1294,1295,1296,1297,1298,1299]],"id":5656,"properties":{"WD19CD":"E05011388","WD19NM":"Burmantofts & Richmond Hill"}},{"type":"Polygon","arcs":[[-1293,1300,-173,-193,-206,1301]],"id":5657,"properties":{"WD19CD":"E05011389","WD19NM":"Calverley & Farsley"}},{"type":"Polygon","arcs":[[1302,1303,1304,1305,1306,1307]],"id":5658,"properties":{"WD19CD":"E05011390","WD19NM":"Chapel Allerton"}},{"type":"Polygon","arcs":[[1308,1309,1310,1311]],"id":5659,"properties":{"WD19CD":"E05011391","WD19NM":"Cross Gates & Whinmoor"}},{"type":"Polygon","arcs":[[1312,1313,-1297,1314,1315]],"id":5660,"properties":{"WD19CD":"E05011393","WD19NM":"Garforth & Swillington"}},{"type":"Polygon","arcs":[[-1300,1316,-1304,1317,1318]],"id":5661,"properties":{"WD19CD":"E05011394","WD19NM":"Gipton & Harehills"}},{"type":"Polygon","arcs":[[1319,1320,-208,-144,-149,-239]],"id":5662,"properties":{"WD19CD":"E05011395","WD19NM":"Guiseley & Rawdon"}},{"type":"Polygon","arcs":[[1321,-931,-877,-929,1322,-1316,1323,-1312,1324,1325,1326,-1278,-1276]],"id":5663,"properties":{"WD19CD":"E05011396","WD19NM":"Harewood"}},{"type":"Polygon","arcs":[[-1306,1327,1328,1329]],"id":5664,"properties":{"WD19CD":"E05011397","WD19NM":"Headingley & Hyde Park"}},{"type":"Polygon","arcs":[[-1298,1330,1331,1332,-1285,1333]],"id":5665,"properties":{"WD19CD":"E05011399","WD19NM":"Hunslet & Riverside"}},{"type":"Polygon","arcs":[[1334,-1295,-1319,1335,-1310]],"id":5666,"properties":{"WD19CD":"E05011400","WD19NM":"Killingbeck & Seacroft"}},{"type":"Polygon","arcs":[[-928,-930,-891,-381,-389,-387,-418,1336,-1313,-1323]],"id":5667,"properties":{"WD19CD":"E05011401","WD19NM":"Kippax & Methley"}},{"type":"Polygon","arcs":[[-1329,1337,-1290,-1291,1338,1339]],"id":5668,"properties":{"WD19CD":"E05011402","WD19NM":"Kirkstall"}},{"type":"Polygon","arcs":[[-1317,-1299,-1334,-1284,-1338,-1328,-1305]],"id":5669,"properties":{"WD19CD":"E05011403","WD19NM":"Little London & Woodhouse"}},{"type":"Polygon","arcs":[[1340,-1282,1341,1342,1343,-1332]],"id":5670,"properties":{"WD19CD":"E05011404","WD19NM":"Middleton Park"}},{"type":"Polygon","arcs":[[1344,-1308,1345,1346,1347]],"id":5671,"properties":{"WD19CD":"E05011405","WD19NM":"Moortown"}},{"type":"Polygon","arcs":[[-1343,1348,-323,-233,1349,1350]],"id":5672,"properties":{"WD19CD":"E05011406","WD19NM":"Morley North"}},{"type":"Polygon","arcs":[[-1281,-313,-324,-1349,-1342]],"id":5673,"properties":{"WD19CD":"E05011407","WD19NM":"Morley South"}},{"type":"Polygon","arcs":[[-1288,1351,-231,-168,-1301,-1292]],"id":5674,"properties":{"WD19CD":"E05011409","WD19NM":"Pudsey"}},{"type":"Polygon","arcs":[[-1337,-417,-1283,-1341,-1331,-1314]],"id":5675,"properties":{"WD19CD":"E05011410","WD19NM":"Rothwell"}},{"type":"Polygon","arcs":[[-1325,-1311,-1336,-1318,-1303,-1345,1352]],"id":5676,"properties":{"WD19CD":"E05011411","WD19NM":"Roundhay"}},{"type":"Polygon","arcs":[[-1324,-1315,-1296,-1335,-1309]],"id":5677,"properties":{"WD19CD":"E05011412","WD19NM":"Temple Newsam"}},{"type":"Polygon","arcs":[[-1346,-1307,-1330,-1340,1353,1354]],"id":5678,"properties":{"WD19CD":"E05011413","WD19NM":"Weetwood"}},{"type":"Polygon","arcs":[[-932,-1322,-1275,-1258]],"id":5679,"properties":{"WD19CD":"E05011414","WD19NM":"Wetherby"}},{"type":"Polygon","arcs":[[1355,1356,1357,1358]],"id":5790,"properties":{"WD19CD":"E05011525","WD19NM":"Avenue"}},{"type":"Polygon","arcs":[[1359,-1358,1360,1361,1362,-461,1363]],"id":5791,"properties":{"WD19CD":"E05011526","WD19NM":"Beverley & Newland"}},{"type":"Polygon","arcs":[[1364,1365,-552,1366,1367]],"id":5792,"properties":{"WD19CD":"E05011527","WD19NM":"Boothferry"}},{"type":"Polygon","arcs":[[1368,-1361,-1357,-1368,1369,-468]],"id":5793,"properties":{"WD19CD":"E05011528","WD19NM":"Bricknell"}},{"type":"Polygon","arcs":[[1370,1371,1372,-1359,-1360]],"id":5794,"properties":{"WD19CD":"E05011529","WD19NM":"Central"}},{"type":"Polygon","arcs":[[-1367,-551,-555,-469,-1370]],"id":5795,"properties":{"WD19CD":"E05011530","WD19NM":"Derringham"}},{"type":"Polygon","arcs":[[1373,1374,1375,1376]],"id":5796,"properties":{"WD19CD":"E05011531","WD19NM":"Drypool"}},{"type":"Polygon","arcs":[[1377,1378,1379,-1377,1380,1381]],"id":5797,"properties":{"WD19CD":"E05011532","WD19NM":"Holderness"}},{"type":"Polygon","arcs":[[1382,1383,-1379,1384,1385]],"id":5798,"properties":{"WD19CD":"E05011533","WD19NM":"Ings"}},{"type":"Polygon","arcs":[[1386,1387,-522,1388]],"id":5799,"properties":{"WD19CD":"E05011534","WD19NM":"Kingswood"}},{"type":"Polygon","arcs":[[-548,1389,-1386,1390,-519]],"id":5800,"properties":{"WD19CD":"E05011535","WD19NM":"Longhill & Bilton Grange"}},{"type":"Polygon","arcs":[[-550,1391,-546,1392,-1375,1393,-1383,-1390]],"id":5801,"properties":{"WD19CD":"E05011536","WD19NM":"Marfleet"}},{"type":"Polygon","arcs":[[-1373,1394,1395,1396,-1365,-1356]],"id":5802,"properties":{"WD19CD":"E05011537","WD19NM":"Newington & Gipsyville"}},{"type":"Polygon","arcs":[[1397,1398,-1389,-521]],"id":5803,"properties":{"WD19CD":"E05011538","WD19NM":"North Carr"}},{"type":"Polygon","arcs":[[1399,-466,-462,-1363]],"id":5804,"properties":{"WD19CD":"E05011539","WD19NM":"Orchard Park"}},{"type":"Polygon","arcs":[[-1366,-1397,1400,-499,-553]],"id":5805,"properties":{"WD19CD":"E05011540","WD19NM":"Pickering"}},{"type":"Polygon","arcs":[[1401,-1395,-1372]],"id":5806,"properties":{"WD19CD":"E05011541","WD19NM":"St Andrew's & Docklands"}},{"type":"Polygon","arcs":[[-1394,-1374,-1380,-1384]],"id":5807,"properties":{"WD19CD":"E05011542","WD19NM":"Southcoates"}},{"type":"Polygon","arcs":[[-1391,-1385,-1378,1402,-1398,-520]],"id":5808,"properties":{"WD19CD":"E05011543","WD19NM":"Sutton"}},{"type":"Polygon","arcs":[[-1362,-1369,-467,-1400]],"id":5809,"properties":{"WD19CD":"E05011544","WD19NM":"University"}},{"type":"Polygon","arcs":[[-1399,-1403,-1382,1403,-1387]],"id":5810,"properties":{"WD19CD":"E05011545","WD19NM":"West Carr"}},{"type":"Polygon","arcs":[[1404,-1354,-1339,-1294,-1302,-205,-1321,1405]],"id":5811,"properties":{"WD19CD":"E05011547","WD19NM":"Horsforth"}},{"type":"Polygon","arcs":[[1406,-1406,-1320,-238,-1280]],"id":5812,"properties":{"WD19CD":"E05011549","WD19NM":"Otley & Yeadon"}},{"type":"Polygon","arcs":[[-807,-850,1407,1408,1409,1410,1411,1412]],"id":6583,"properties":{"WD19CD":"E05012356","WD19NM":"Catterick & Brompton-on-Swale"}},{"type":"Polygon","arcs":[[1413,1414,-1409]],"id":6584,"properties":{"WD19CD":"E05012357","WD19NM":"Colburn"}},{"type":"Polygon","arcs":[[-1416,-1417,-1418,-1419,-808,-1413,1419,1420,-1422]],"id":6585,"properties":{"WD19CD":"E05012358","WD19NM":"Croft & Middleton Tyas"}},{"type":"Polygon","arcs":[[1422,-1420,-1412,1423,1424,1425,1426,-1428]],"id":6586,"properties":{"WD19CD":"E05012359","WD19NM":"Gilling West"}},{"type":"Polygon","arcs":[[1428,-695,-1085,-682,-1430,-1431,-1432,1432]],"id":6587,"properties":{"WD19CD":"E05012360","WD19NM":"Hawes, High Abbotside & Upper Swaledale"}},{"type":"Polygon","arcs":[[-1410,-1415,1433,1434,1435,1436,1437]],"id":6588,"properties":{"WD19CD":"E05012361","WD19NM":"Hipswell"}},{"type":"Polygon","arcs":[[1438,1439,1440,1441]],"id":6589,"properties":{"WD19CD":"E05012362","WD19NM":"Leyburn"}},{"type":"Polygon","arcs":[[-1427,1442,-1436,1443,-1442,1444,-1433,-1446,-1447]],"id":6590,"properties":{"WD19CD":"E05012363","WD19NM":"Lower Swaledale & Arkengarthdale"}},{"type":"Polygon","arcs":[[-820,-869,1447,-1439,-1444,-1435,1448]],"id":6591,"properties":{"WD19CD":"E05012364","WD19NM":"Lower Wensleydale"}},{"type":"Polygon","arcs":[[-1421,-1423,-1450]],"id":6592,"properties":{"WD19CD":"E05012365","WD19NM":"Melsonby"}},{"type":"Polygon","arcs":[[-1448,-868,-1262,-1266,-689,1450,-1440]],"id":6593,"properties":{"WD19CD":"E05012366","WD19NM":"Middleham"}},{"type":"Polygon","arcs":[[-1438,1451,1452,-1424,-1411]],"id":6594,"properties":{"WD19CD":"E05012367","WD19NM":"Richmond East"}},{"type":"Polygon","arcs":[[-1453,1453,-1425]],"id":6595,"properties":{"WD19CD":"E05012368","WD19NM":"Richmond North"}},{"type":"Polygon","arcs":[[-1454,-1452,-1437,-1443,-1426]],"id":6596,"properties":{"WD19CD":"E05012369","WD19NM":"Richmond West"}},{"type":"Polygon","arcs":[[-1414,-1408,-849,-821,-1449,-1434]],"id":6597,"properties":{"WD19CD":"E05012370","WD19NM":"Scotton"}},{"type":"Polygon","arcs":[[-1445,-1441,-1451,-688,-1429]],"id":6598,"properties":{"WD19CD":"E05012371","WD19NM":"Yoredale"}},{"type":"Polygon","arcs":[[1454,1455,1456,1457]],"id":6599,"properties":{"WD19CD":"E05012372","WD19NM":"Burniston & Cloughton"}},{"type":"Polygon","arcs":[[1458,1459,1460,1461,1462]],"id":6600,"properties":{"WD19CD":"E05012373","WD19NM":"Castle"}},{"type":"Polygon","arcs":[[1463,1464,1465,1466,1467,1468]],"id":6601,"properties":{"WD19CD":"E05012374","WD19NM":"Cayton"}},{"type":"MultiPolygon","arcs":[[[1469]],[[-719,-828,1470,1471,1472,1473,1474,1475,1476]]],"id":6602,"properties":{"WD19CD":"E05012375","WD19NM":"Danby & Mulgrave"}},{"type":"Polygon","arcs":[[1477,-1458,1478,1479,-757,-760]],"id":6603,"properties":{"WD19CD":"E05012376","WD19NM":"Derwent Valley & Moor"}},{"type":"Polygon","arcs":[[-1467,1480,1481]],"id":6604,"properties":{"WD19CD":"E05012377","WD19NM":"Eastfield"}},{"type":"Polygon","arcs":[[1482,1483,1484,-761,-713,-714,-1477]],"id":6605,"properties":{"WD19CD":"E05012378","WD19NM":"Esk Valley"}},{"type":"Polygon","arcs":[[-1460,1485,1486,1487]],"id":6606,"properties":{"WD19CD":"E05012379","WD19NM":"Falsgrave & Stepney"}},{"type":"Polygon","arcs":[[1488,-1464,1489]],"id":6607,"properties":{"WD19CD":"E05012380","WD19NM":"Filey"}},{"type":"Polygon","arcs":[[-1455,-1478,-762,-1485,1490,1491,1492]],"id":6608,"properties":{"WD19CD":"E05012381","WD19NM":"Fylingdales & Ravenscar"}},{"type":"Polygon","arcs":[[-1489,1493,-454,-486,-754,1494,-1465]],"id":6609,"properties":{"WD19CD":"E05012382","WD19NM":"Hunmanby"}},{"type":"Polygon","arcs":[[1495,1496,-1483,-1476,1497]],"id":6610,"properties":{"WD19CD":"E05012383","WD19NM":"Mayfield"}},{"type":"Polygon","arcs":[[1498,1499,1500,1501]],"id":6611,"properties":{"WD19CD":"E05012384","WD19NM":"Newby"}},{"type":"Polygon","arcs":[[1502,-1462,1503,-1499,1504]],"id":6612,"properties":{"WD19CD":"E05012385","WD19NM":"Northstead"}},{"type":"Polygon","arcs":[[-1457,1505,-1505,-1502,1506,-1479]],"id":6613,"properties":{"WD19CD":"E05012386","WD19NM":"Scalby"}},{"type":"Polygon","arcs":[[-1507,-1501,1507,-1487,1508,-1481,-1466,-1495,-753,-1480]],"id":6614,"properties":{"WD19CD":"E05012387","WD19NM":"Seamer"}},{"type":"MultiPolygon","arcs":[[[-1496,1509,1510]],[[1511,-1492]]],"id":6615,"properties":{"WD19CD":"E05012388","WD19NM":"Streonshalh"}},{"type":"Polygon","arcs":[[-1468,-1482,-1509,-1486,-1459,1512]],"id":6616,"properties":{"WD19CD":"E05012389","WD19NM":"Weaponness & Ramshill"}},{"type":"Polygon","arcs":[[-1510,-1498,-1475,1513]],"id":6617,"properties":{"WD19CD":"E05012390","WD19NM":"Whitby West Cliff"}},{"type":"Polygon","arcs":[[-1504,-1461,-1488,-1508,-1500]],"id":6618,"properties":{"WD19CD":"E05012391","WD19NM":"Woodlands"}},{"type":"Polygon","arcs":[[-1344,-1351,1514,-1286,-1333]],"id":6874,"properties":{"WD19CD":"E05012647","WD19NM":"Beeston & Holbeck"}},{"type":"Polygon","arcs":[[-1515,-1350,-232,-1352,-1287]],"id":6875,"properties":{"WD19CD":"E05012648","WD19NM":"Farnley & Wortley"}},{"type":"Polygon","arcs":[[-1327,1515,-1347,-1355,-1405,-1407,-1279]],"id":7068,"properties":{"WD19CD":"E05012841","WD19NM":"Adel & Wharfedale"}},{"type":"Polygon","arcs":[[-1326,-1353,-1348,-1516]],"id":7069,"properties":{"WD19CD":"E05012842","WD19NM":"Alwoodley"}}]}},"arcs":[[[69158,33549],[-17,-2],[-9,-11],[7,-1],[-19,-19],[-16,-2],[-10,-15],[-30,-14],[14,-1],[-32,-13],[-37,-9],[-7,-18],[3,-26]],[[69005,33418],[-17,1],[-6,10],[-5,-1],[-11,8],[-7,-3],[-10,8],[-16,0]],[[68933,33441],[-7,20],[-10,5],[-15,3],[-31,-5],[-2,21],[-59,24],[-15,20],[-10,3],[-15,13],[19,6],[-14,16],[-13,9]],[[68761,33576],[16,15],[21,6],[31,-1],[27,-13],[52,14],[13,8],[21,25],[9,-2],[18,7],[7,-1],[47,31]],[[69023,33665],[6,3],[6,-5],[10,1],[7,-6],[-4,-2],[4,-4],[22,-16],[5,-12],[19,-10],[-5,-2],[2,-5],[12,-8],[12,-14],[16,-10],[24,-6],[-15,-14],[14,-6]],[[69847,33600],[4,-13],[13,-7],[-3,-16],[-7,-6],[3,-4],[-6,-4],[-4,6],[-28,12],[-22,22],[-12,4],[-19,1],[-13,-3],[-22,-1],[-15,-4],[-14,1],[-5,-6],[-14,0],[-19,-7],[-8,8],[-6,0],[-8,5],[-70,12]],[[69572,33600],[0,4],[-46,14],[-46,19],[-57,33],[-6,-2],[-12,2],[-33,-9],[-18,-1],[-29,3],[-9,8],[-15,-15],[-3,23],[-9,-8],[-36,-12],[-18,8],[6,5],[2,11],[-4,2],[-5,-5],[-15,6],[-46,-14],[6,10],[33,20],[4,24],[8,11],[29,17],[25,-3],[7,13],[21,18],[13,9],[20,4],[1,40],[-17,48],[0,19]],[[69323,33902],[20,6],[15,-1],[16,4],[22,1],[21,-3],[19,-9],[11,-1],[21,-15],[10,-4],[31,-7],[30,1],[4,-4],[9,1],[11,-7],[18,-22],[-1,-8],[6,-15],[-7,-39],[9,-31],[8,-12],[12,-9],[81,6],[26,-5],[12,1],[1,-24],[13,-7],[9,-13],[8,-4],[-9,-23],[27,-35],[71,-24]],[[70286,33427],[8,-15],[-14,-20],[4,-7],[12,-6]],[[70296,33379],[-5,0],[-3,-5],[9,-8],[-2,-13],[8,-16],[-42,-27],[-14,-2],[-17,-7],[-26,-1],[-7,-4],[-15,6],[-67,-1],[-30,-12],[0,-11],[-29,-8],[-15,-1],[-5,-4],[3,-8],[-21,2],[31,-19],[114,-50]],[[70163,33190],[-14,-3],[-50,-1],[-95,-9],[-84,21]],[[69920,33198],[-131,34],[-81,26],[-60,29],[-92,59]],[[69556,33346],[41,3],[22,14],[26,-9],[12,27],[10,2],[0,5],[-21,20],[-50,4],[-23,5],[-7,18],[-10,5],[-1,4],[-24,8],[12,24],[-10,1],[0,26],[-12,31],[18,6],[-16,19],[-21,0],[6,6]],[[69508,33565],[12,1],[16,9],[1,7],[11,4],[-2,12],[9,4],[4,-3],[6,3],[7,-2]],[[69847,33600],[31,11],[2,6],[33,11],[9,7],[7,-12],[0,-20],[25,-17],[21,-7],[26,-26],[34,-18],[12,-23],[27,-20],[18,-24],[28,-14],[14,-4],[56,25],[35,-15],[34,-25],[27,-8]],[[68816,33922],[-3,-6],[-43,-22],[-8,-14],[3,-19],[19,-11],[2,-10],[8,-5],[1,-9],[3,0]],[[68798,33826],[-10,-19],[-4,-1],[-5,-6],[-35,-10],[1,-6],[-27,-4],[-18,7],[-7,7],[-1,-9],[7,-4],[-9,-36],[58,-12],[3,-7],[8,2],[1,-5],[-8,-3],[9,-4]],[[68761,33716],[-11,-1],[-16,7],[-26,6],[-11,-1],[1,-7],[-32,-2],[4,-10],[5,-4],[-4,-17]],[[68671,33687],[-106,8],[-38,10],[-29,15],[-24,23],[-37,64],[-25,22],[-61,43],[-30,41]],[[68321,33913],[19,-2],[12,1],[13,-6],[5,2],[-9,4],[14,3],[14,27],[38,6],[55,18],[9,-10],[14,-8],[4,2],[28,-8],[20,1],[5,-3],[4,1],[-5,5],[23,7],[8,-5],[56,19]],[[68648,33967],[46,-22],[14,53],[34,-4],[-13,-35],[8,-18],[25,-6],[42,6],[8,-18],[4,-1]],[[68108,34023],[5,-7],[61,-8],[8,-2],[9,-9],[16,1],[-6,-6],[13,-3],[1,-9],[17,-16],[17,-2],[5,-7],[8,3],[-2,-5],[6,-5],[13,-2],[0,-9],[5,0],[13,-12],[13,0],[-4,-3],[6,-2],[-1,-8],[10,1]],[[68671,33687],[-15,-38],[11,-6],[-4,-15],[13,-4],[5,-11],[-8,-2],[-18,3],[-10,-5],[-16,3],[6,-26],[-15,1],[-10,-3],[-3,11],[-18,-4],[-18,-9]],[[68571,33582],[-6,-2],[-6,17],[1,10],[-2,4],[-51,-3],[-8,-4],[-1,-4],[-7,18],[4,12],[-14,5],[-63,-17],[-29,34],[-19,-9],[-10,-2],[-2,3],[-7,-1],[0,-3],[-44,-5],[5,-6],[-14,-4],[-30,8]],[[68268,33633],[-18,13],[-16,5],[-3,4],[4,5],[-8,3],[8,4],[-4,3],[19,11],[-5,2],[8,3],[-6,10],[4,5],[-7,6],[11,15],[17,4],[-2,6],[-5,-2],[-11,3],[-18,-4],[-4,5],[-9,2],[-3,-3],[-9,2],[1,3],[-16,3],[-16,-3],[-22,5],[-6,5],[-2,-3],[-4,3],[-6,-2],[-6,4],[-17,-6],[4,-2],[-5,-4],[-19,4],[18,14],[11,15],[-8,4],[-21,31],[-7,5],[-24,6],[-12,11],[-105,21],[-12,25],[-9,4],[-5,7],[5,7],[23,7],[-11,20],[-6,3],[2,31],[26,4],[14,7],[14,26],[28,21],[24,13],[17,3],[9,4],[10,-3],[11,1],[19,-6]],[[70716,33304],[-48,27],[-22,8],[-26,5],[-89,10],[-46,9],[-16,12],[1,13],[-31,-5],[-7,1],[-21,11],[-43,2],[-32,-11],[-40,-7]],[[70286,33427],[0,13],[31,16],[-1,12],[-15,15],[-48,10],[-26,24],[6,6],[3,13],[23,18],[18,10],[6,8],[-3,21],[11,3],[1,5],[-7,-1],[-6,25],[-2,-3],[-6,1],[2,8]],[[70273,33631],[14,-12],[17,-6],[11,-9],[10,-11],[-1,-5],[39,-6],[19,7],[7,0],[27,-6],[21,-13],[106,-13],[26,-15],[37,-15],[37,-40],[49,-29],[6,-25],[-14,-3],[23,-28],[-66,-17],[40,-16],[18,-18],[11,7],[13,0],[7,-5],[-5,-6],[10,-10],[8,-1],[18,10],[10,-1],[4,-5],[37,-4],[3,-5],[-1,-16],[-54,8],[-17,-16],[-21,6],[-6,-9]],[[70716,33304],[-1,-1],[92,-56],[-19,-12],[-27,-26],[-14,1],[-4,-8],[-30,-10],[-13,4],[-9,7],[-49,-5],[-13,1],[-15,-3],[-26,1],[-42,-12],[-38,0],[-25,-9],[-10,1],[-1,7],[-10,1]],[[70462,33185],[-27,-9],[-31,2],[-12,7],[-8,1],[-18,-7],[-21,-1],[-13,-7],[-42,22],[-40,-3],[-64,4],[-23,-4]],[[68571,33582],[15,-22],[3,-16],[31,4],[65,-3]],[[68685,33545],[-1,-12],[-11,-10],[-24,-3],[0,-7],[-16,-3],[15,-10],[17,-20],[-9,-5],[26,-16],[-48,-13],[-22,-14],[-13,-15],[-10,-5],[30,-31],[49,-32]],[[68668,33349],[-3,-1],[12,-17],[-31,11],[-16,13],[-2,-4],[-25,8],[-1,-2],[-6,1],[-4,-3],[-14,2],[-7,-4],[-3,3],[-12,-5],[-9,4],[-27,-9],[-16,4],[-3,-3],[-29,-5],[-16,2],[-5,-3],[-11,3],[-1,-3],[-9,3],[-10,0],[-4,4],[-23,-2],[-9,-4],[-24,6],[-2,-2],[-15,0],[-2,-2],[-12,1],[-4,-3],[-9,2],[-23,-3],[-19,-4],[-8,2],[-9,-6],[-13,1],[-10,3],[-2,-1],[-34,10],[-21,2],[9,22],[-13,20],[-3,13],[6,10],[18,9],[2,69],[-4,3],[-10,-2],[3,9],[-8,6],[10,8],[-7,11],[-1,12],[-17,3],[-16,12],[-15,4],[4,4],[-7,1],[13,10],[-1,15],[99,21],[-5,4],[3,2],[21,2],[9,4],[1,13]],[[69721,33145],[-71,-34],[7,-3],[-89,-5],[0,-4],[-16,-3],[-8,-7],[-5,1],[-34,-38],[23,-6],[-10,-15],[-9,-6],[-46,-16],[-3,-8],[12,-3],[4,-7],[-19,-2],[-20,-11],[-6,2],[-1,-13],[-21,0],[-6,4],[-15,-7],[-12,-8],[-5,-11],[-18,-14],[-49,19],[-25,4],[-51,24]],[[69228,32978],[12,10],[18,28],[2,15],[-12,-2],[-28,7],[-6,32],[-4,0],[-2,7],[-32,33],[-7,-1],[-10,39],[-38,1],[2,18],[-37,5],[-10,7]],[[69076,33177],[12,5],[19,12],[19,20],[18,28]],[[69144,33242],[38,16],[46,-5],[24,-21],[23,-45],[15,-14],[-2,-10],[38,-7],[48,-5],[45,3],[39,8],[54,22],[62,-18],[147,-21]],[[68933,33441],[-8,-2],[-1,-11],[-12,-1],[-2,-12],[-10,0],[-6,-4],[1,-3],[-20,4],[3,5],[-10,5],[-10,-1],[-16,-6],[-19,7],[-8,-17],[-9,7],[-21,8],[-18,2],[-20,-6],[-6,9],[-12,-4],[-25,-17],[-8,-12],[3,-6],[-20,-19],[5,-7],[-16,-11]],[[68685,33545],[25,4],[20,6],[17,9],[14,12]],[[69508,33565],[-34,3],[-4,-4],[-20,1],[-6,-3],[-7,9],[-10,-3],[-9,3],[-13,-1],[-29,-14],[-8,-1],[-18,4],[-16,-6],[-36,-6],[-22,-15],[-28,-4],[-21,0],[-69,21]],[[69023,33665],[-41,41]],[[68982,33706],[36,10],[8,5],[12,-12],[13,0],[0,5],[9,1],[3,-4],[19,4],[8,-7],[19,7],[-2,10],[35,2],[-6,33],[10,12],[-46,18],[-12,9],[11,11],[16,9],[-5,3],[-5,-2],[-1,4],[-8,3],[4,13],[-9,8],[3,3]],[[69094,33851],[14,14],[17,-6],[21,-12],[14,4],[-3,4],[51,29],[40,7],[-1,13],[6,-1],[5,3],[8,-1],[43,5]],[[69309,33910],[5,-10],[9,2]],[[70043,33927],[14,-30],[-17,-28],[17,-26],[7,-25],[24,-21],[26,20]],[[70114,33817],[10,-1],[5,-8],[-4,-24],[7,0],[18,-14],[1,-4],[-8,-7],[8,-4],[29,-38],[25,-20],[8,-12],[10,-6],[4,-10],[42,-30],[4,-8]],[[69309,33910],[4,2],[-3,5],[2,7],[-3,1],[2,5],[-6,3],[0,4],[21,19],[1,17],[10,13],[15,13],[16,2],[14,9]],[[69382,34010],[16,-9],[16,-3],[25,0],[0,5],[14,-4],[22,0],[24,-18],[45,-1],[8,2],[3,-4],[9,0],[7,-6],[33,-1],[16,-14],[39,10],[7,7],[11,1],[14,7],[82,21],[25,15],[25,11],[22,-1],[22,-9],[29,-6],[73,-28],[34,-29],[3,-16],[37,-13]],[[68761,33716],[38,-28],[15,-8],[21,-4],[17,0],[5,-4],[12,0],[-7,8],[-11,6],[-4,13],[14,3],[5,11],[9,5],[27,-23],[19,4],[2,-8],[26,4],[33,11]],[[68668,33349],[38,-27],[6,2],[13,-6],[33,-1],[24,-8],[7,1],[6,-5],[15,4],[9,-1],[2,-6],[10,1],[-1,-3],[-11,-4],[19,-4],[-1,-7],[-9,-9],[5,-3],[-2,-22],[-23,-12]],[[68808,33239],[-14,-9],[-11,-13],[-16,-2],[-12,-23],[-6,-22],[8,-26],[10,-12],[39,-32],[37,-40],[63,-40],[25,-20],[22,-29],[21,-46],[17,-26],[93,-96]],[[69084,32803],[-5,1],[-37,35],[-13,5],[-15,13],[-18,5],[-17,-2]],[[68979,32860],[-73,10],[-31,7],[-20,9],[-45,34],[-29,12],[-39,6],[-30,-4],[-5,-9],[6,-38],[-6,-6],[-48,-43],[-46,-35],[-25,-31],[-2,-16],[-38,-8],[-29,-19],[-1,-17],[-14,-11],[13,-9],[-23,-12],[7,-3],[-15,-6],[32,-31],[17,-22],[-33,-11],[-17,-9],[-8,-18],[-6,-2],[-8,-12],[1,-7],[-4,-6]],[[68460,32553],[-22,-11],[-5,-16],[-8,-8],[-9,-2],[-8,-11],[-13,-4],[-41,1],[-2,-3],[-7,-1],[-10,3],[-10,12],[-23,9],[-33,1],[-51,8],[-19,26],[-30,13],[8,13],[29,21],[-13,11],[-37,15],[12,24],[98,4],[8,3],[-2,7],[10,7],[-8,30],[4,5],[8,1],[-4,8],[-28,22],[-29,44],[-26,14],[35,8],[8,4],[-6,1],[-22,17],[-30,35],[-74,16],[-3,18],[-15,12],[-17,3],[-1,5],[-11,-1],[-27,5],[-1,5],[-12,4],[7,1],[-33,4],[-55,-4],[-14,2],[-57,12],[-46,6],[-32,16],[-114,18],[-1,-3],[-41,12],[-26,-11],[-2,5],[-19,9],[-28,-1],[-5,-23],[-59,11],[-32,3]],[[67466,32988],[28,34],[14,8],[11,24],[-16,28],[-18,3],[11,15],[-25,4],[12,23],[-19,2],[1,3],[36,16],[15,29],[1,32],[7,5],[18,6],[14,14],[23,12],[2,5],[16,8],[2,7],[15,10],[-12,5],[-27,4],[-14,11],[-35,3],[-3,8],[-23,-5],[-24,3],[-21,55],[-20,23],[-22,18],[-6,-1],[-6,14],[2,7],[-17,17],[-7,-1],[0,8],[-15,9],[-13,14],[-3,26],[12,5],[5,-2],[21,11],[15,3],[0,3],[9,-1],[20,12],[28,4],[9,6],[-1,3],[27,6],[-4,5],[8,1],[-1,3],[9,7],[-6,3],[12,2],[6,7],[7,14],[-6,2],[8,2],[8,10],[-21,16],[1,17]],[[67514,33633],[37,0],[-8,13],[19,5],[13,13],[9,10],[0,11],[13,11],[11,18],[24,-4],[9,13],[75,33],[21,3],[-12,3],[-27,1],[6,15],[11,1],[5,6],[-12,9],[-14,3],[-15,17],[1,11],[-4,7],[21,11],[-13,14],[24,10],[-4,4],[16,1],[3,8],[26,6],[40,14],[11,13],[8,-3],[8,0],[14,30],[4,20],[-5,7],[9,4],[5,-1],[-4,17],[-12,16],[-7,-3],[-5,3],[-29,27],[11,3],[18,-5],[16,6]],[[67831,34034],[6,-1],[12,-11],[10,-2],[15,1],[8,4],[7,-1],[31,13],[50,10],[56,-18],[14,3],[17,7],[24,-2],[6,-3],[-3,-4],[13,2],[11,-9]],[[67466,32988],[-90,2],[-50,9],[-22,7],[-64,6],[-68,18],[-36,15],[-98,20],[-110,-1],[-6,-5],[-28,-10],[-4,6],[-29,-4],[-13,0],[-2,6],[-15,1],[-1,-4],[-26,7],[-49,21],[-25,6],[-18,-2],[-3,-10],[-11,-1],[-10,-6],[-6,6],[-11,-3],[-36,-1],[-8,-13],[-10,-2],[5,-8],[-17,-8],[4,-11],[-19,-11],[-4,-12],[-11,-2],[-22,-9],[-5,-5],[-14,2],[1,-6],[-14,-4],[-72,-2],[-16,-3],[-15,-26],[-17,-13],[-7,-26],[-15,-20],[11,-9],[1,-11],[-13,-16],[-9,-4],[-10,0],[-18,10],[-7,7],[-10,2],[-14,-3],[-14,0],[-26,8],[-20,1],[-30,6],[-31,4],[-30,-3],[-13,5],[-10,-1],[-10,2],[-19,-3],[-49,13],[-25,0],[-65,17],[-31,4],[-18,0],[-17,-4],[-30,-17],[-15,-4],[-91,-10]],[[65766,32886],[-4,51],[16,14],[-1,43],[4,2],[-3,3]],[[65778,32999],[5,2],[17,-2],[4,5],[16,3],[0,9],[8,6],[-3,7],[2,14],[-7,12],[2,13],[-4,3],[-2,17],[-5,-1],[-3,6],[-19,9],[-47,3],[-36,10],[-26,2],[93,46],[-59,6],[-29,-1],[-36,1],[-56,12],[-13,47],[-17,13],[4,10]],[[65567,33251],[172,145],[2,-4],[27,-13],[37,-11],[27,2],[28,11],[30,2],[31,-7],[82,6],[48,-15],[60,17],[93,9],[128,40],[9,0],[14,9],[68,28],[29,15],[8,6],[-3,5],[7,1],[15,20],[27,17],[-19,21],[11,8],[20,41],[183,3]],[[66701,33607],[49,-58],[273,3],[11,-9],[7,5],[12,-3],[53,3],[-3,7],[6,2],[-1,10],[-21,15],[29,19],[4,-3],[11,5],[8,-8],[9,3],[-5,5],[17,6],[-2,1],[44,2],[11,8],[11,-1],[14,6],[15,2],[85,-1],[41,6],[2,2],[48,3],[3,-3],[9,4],[40,-7],[33,2]],[[69228,32978],[-10,-4],[-18,-21],[-80,-31],[14,-24],[3,-44],[-13,-11],[-48,-24],[15,-17]],[[69091,32802],[-7,1]],[[68808,33239],[16,-2],[7,-7],[-3,-4],[12,-6],[10,-14],[6,-1],[46,17],[22,-14],[9,-17],[42,3],[26,6],[14,-10],[-3,-5],[19,-22],[45,14]],[[69094,33851],[-32,3],[-18,-1],[-51,-17],[-13,-11],[-16,-1],[-36,11],[-50,31],[-31,3],[-17,-4],[-13,-8],[-19,-31]],[[68816,33922],[9,2],[16,11],[19,6],[7,13],[36,16],[8,12],[10,-6],[120,48],[13,1],[34,14],[72,36],[4,10],[7,-4],[0,3],[22,-19],[26,-10],[26,-22],[7,1],[4,-4],[14,-2],[10,15],[12,0],[3,5],[5,-2],[5,4],[28,-19],[8,-2],[-3,-10],[7,-5],[37,-4]],[[69556,33346],[-27,-15],[-14,8],[-36,-32],[-12,1],[-2,-12],[-28,-1],[-42,11],[-19,8]],[[69376,33314],[21,11],[-3,1],[15,16],[-1,17],[-13,14],[-24,2],[-18,9],[-8,12],[-17,10],[-3,5],[-5,0],[-9,4],[2,4],[-21,2],[-8,5],[-28,-6],[-12,-4],[-14,-13],[-14,2],[-8,-28],[-28,-5],[-11,0],[0,3],[-8,2],[-2,-2],[-8,2],[-7,-3],[-17,10],[-8,-1],[-10,12],[-2,14],[-53,5],[-2,-9],[-5,1],[-2,-6],[-40,18]],[[69920,33198],[-4,-8]],[[69916,33190],[-12,3],[-73,-4],[-8,2],[-17,-5],[-85,-41]],[[69144,33242],[19,22],[40,26],[21,9],[36,8],[85,0],[31,7]],[[70273,32371],[4,-36],[-46,11],[13,-16],[34,-22]],[[70278,32308],[-10,-4],[-3,-7],[-69,-14],[8,-24],[24,-27],[23,-16],[-39,-10],[-45,-6],[4,-9],[-17,-8]],[[70154,32183],[-42,1],[-22,3],[-6,-1],[-2,-6],[7,-3],[-5,-4],[-73,20],[-15,17],[-11,5],[2,3],[10,2],[-2,4],[-4,3],[-14,0],[-3,8],[-9,-3],[-19,33],[-5,-1],[-22,13],[-11,10],[-26,16],[-5,-2],[-4,3],[-7,-1],[-14,-7],[-17,-2],[-32,6],[-45,-16],[-33,-7],[-14,-7]],[[69711,32270],[-10,19],[24,23],[-2,7],[-31,-2],[-8,15],[87,5],[20,4],[0,5],[26,8],[-8,16],[-11,7],[-1,4]],[[69797,32381],[24,2],[24,8],[40,2],[5,-28],[31,14],[37,11],[-4,21],[8,26],[10,9],[35,8],[28,48],[9,8],[16,7]],[[70060,32517],[39,7]],[[70099,32524],[-19,-27],[14,-29],[10,-5],[14,-21],[65,17],[73,-61],[17,-27]],[[70154,32183],[5,-7],[-3,-6],[9,-4],[2,-4],[-5,-8]],[[70162,32154],[-6,-5],[8,-2],[2,-3],[-18,0],[-4,-6],[11,-4],[0,-2],[-16,-12],[-12,0],[-4,-9],[-9,-4],[-1,-8],[-8,0],[-3,-3],[-14,2],[-3,11],[-17,-1],[-4,-4],[10,-2],[2,-10],[-9,2],[-33,-5],[-32,-10],[-2,-7],[-9,-3],[-17,-16],[8,-11],[-8,-9],[8,-3],[-13,-6],[-1,-4],[-21,3],[-10,-2],[-6,-19],[-35,-5],[-30,0],[3,-37],[-23,-2]],[[69846,31958],[-34,21],[-34,11],[-21,5],[-51,3]],[[69706,31998],[12,25],[15,12],[20,10],[43,16],[12,7],[7,0],[7,8],[21,5],[11,11],[-5,10],[-28,19],[21,14],[-4,8],[-41,16],[-13,22],[12,5],[-2,10],[-9,4],[-16,16],[-22,32],[-29,14],[-7,8]],[[71156,32464],[20,-16],[51,7],[38,-2],[31,4],[22,-1],[19,4],[10,5],[36,4],[65,-26]],[[71448,32443],[0,-3],[-34,4],[-23,-11],[14,-6],[-18,-23],[3,-1],[-21,-18],[6,-2],[-3,-3],[24,-6],[-5,-9],[-25,2],[-10,-10],[-9,1],[-4,-2],[0,-13],[-16,-3],[0,3],[-17,1],[-1,2],[-10,-2]],[[71299,32344],[-22,2],[-21,-1],[-6,5],[-10,-1],[-33,-12],[-24,2],[-48,-8],[-9,-4],[-18,-17],[-18,5],[-19,1],[-12,-27],[-3,-40],[-9,-12]],[[71047,32237],[-15,-1],[-20,6],[-13,-8],[-4,-11],[-16,-18],[-26,-9],[-55,-32]],[[70898,32164],[-8,-1],[-60,14],[-4,5],[-32,2],[-17,-2],[-11,10],[-22,8],[-5,4],[-53,8],[-39,12],[-15,-1],[16,14],[4,9],[-8,17],[-12,4],[-31,-16],[-31,8],[-11,6],[26,20],[3,15],[-3,5],[-10,12],[-24,11],[-34,4]],[[70517,32332],[21,4],[58,-2]],[[70596,32334],[20,0],[37,-7],[18,1],[31,6],[34,11],[161,13],[68,14],[84,-7],[26,35]],[[71075,32400],[58,75],[23,-11]],[[70961,31915],[-50,-18],[-7,3],[0,-15],[-33,12],[-24,5],[-16,-8],[-10,-1],[-1,-5],[-9,0],[-13,-19],[-11,-26],[30,-16],[9,-1],[-6,-12],[-9,1],[-26,-20],[-27,0],[-70,-16],[-20,-18],[-29,-14],[-14,-2],[-25,-11],[-13,-10],[-5,-17],[-12,-3],[-16,1],[-19,13],[-15,0],[-21,-18],[-22,-5],[-11,6],[-15,-2],[-39,6],[-25,3],[-10,-2],[-18,8],[-42,2],[-12,6],[-23,2]],[[70282,31724],[-6,8],[27,6],[20,15],[11,14],[36,-2],[12,18],[3,29],[-7,2],[-36,-6],[10,25],[-9,1],[0,4],[-25,10],[25,17],[-28,8],[9,12],[-6,6],[37,7],[-3,27],[20,2],[1,10],[-9,2],[3,6],[11,-3],[27,-2],[37,7],[17,7],[14,-5],[24,3],[8,-12],[1,-27],[13,-14],[17,-7],[10,2],[39,17],[15,15],[40,-1],[11,-7],[17,-3],[11,11],[19,-1],[-1,6],[8,2],[21,-2],[1,-5],[5,-2],[19,0],[7,24],[15,20],[10,-2],[22,8],[19,1],[32,-20],[39,-13],[3,3],[12,-4],[45,-21],[6,-5]],[[69916,33190],[-8,-14],[20,-3],[-3,9],[15,-4],[3,3],[17,-6],[8,-9],[28,-16],[4,1],[92,-19],[1,-9],[-27,-7],[21,-5],[5,-12],[-4,-5],[-6,-3],[-13,-2],[-5,-4],[-24,-5],[-14,-6],[-47,-3],[-16,-6],[-4,-6],[-12,-6],[-22,-1],[0,-6],[13,-44],[-2,-24],[20,-34],[0,-9],[36,-10],[15,12],[6,-2],[6,6],[6,-2],[12,13],[52,-11],[21,-26],[16,2],[46,-25],[-30,-13],[-22,-27]],[[70120,32852],[-90,-5],[-2,-12],[8,-27],[-18,-12],[-14,3],[-10,-17],[6,-3],[-14,-20],[-31,-16]],[[69955,32743],[-31,-19],[-34,-32],[-31,10],[-47,6],[-42,-11],[-19,0],[-9,-17],[-10,2],[-4,-14],[-18,-2],[-27,-14],[-2,-35],[-17,-2],[-31,1],[-8,-3]],[[69625,32613],[-16,-8],[-12,4],[-37,26],[-13,15],[-5,20],[7,13],[-1,6],[29,26],[-3,10],[-29,-1],[-64,20],[-17,-2],[-2,3],[-8,-1],[-16,-4],[-6,9],[0,17],[-4,4],[-8,2],[-26,-7],[-10,-12],[-6,5],[-34,6],[-29,-17],[4,-6],[-56,-17],[-12,-4],[6,-4],[-25,-8],[-9,-1],[-12,6],[-35,6],[-7,-1],[-6,-5]],[[69163,32713],[-72,89]],[[69625,32613],[6,-6],[17,-1],[-16,-6],[25,-5],[12,6],[16,1],[-2,-10],[22,-3],[-41,-35],[-25,-26],[15,-4],[-1,-2],[-12,-4],[2,-2],[39,-4],[5,-2],[-3,-4],[19,-3]],[[69703,32503],[-5,-3],[-10,2],[-5,-4],[6,-4],[-2,-4],[5,0],[2,-16],[-11,-19],[-10,-2],[-9,-7],[-37,2],[-13,7],[-6,8],[-21,-2],[-7,-4],[-25,2],[-39,13],[-1,3],[-8,-12],[-15,-3],[-37,-15],[-15,0],[-63,15],[-2,-2]],[[69375,32458],[-74,40]],[[69301,32498],[-31,21],[-36,32],[-25,29],[-13,32],[0,34],[6,10],[-12,13],[-3,14],[-24,30]],[[72348,32217],[9,-50],[-7,-35],[3,-8],[-38,8],[-32,3],[-61,-43],[-22,3],[-16,-14],[2,-1],[-3,-8]],[[72183,32072],[-2,0]],[[72181,32072],[-15,9],[-8,1],[-17,-6],[-5,5],[-11,-1],[-2,2],[-7,-6],[-3,4],[-9,-5],[-9,2],[-5,3],[-5,19],[-4,0],[-7,7],[1,5],[-7,6],[-24,5],[-14,-2],[-5,4],[-4,-3],[-9,4],[-23,1],[-14,-2],[-8,4],[-10,-1],[-1,4],[-11,0],[-12,10],[-11,1],[1,2],[-14,2],[2,3],[-9,-1],[-9,6],[-12,0],[0,4],[-11,2],[-7,-1],[-24,8],[-31,-1],[-13,5],[-24,-4],[0,3],[-11,-2],[-12,4],[-4,-4],[-2,5],[-5,-2],[-24,-5],[-70,-27],[-46,-4],[-7,9],[-74,34],[-34,1],[-16,6],[-9,-1],[-8,3],[-18,16],[-11,-1],[-1,30],[-13,8],[-26,1],[-68,13],[-24,2],[-3,10],[-18,13],[13,5],[-8,6],[2,4],[-15,10],[18,16],[16,6],[0,3],[6,2],[0,13]],[[71448,32443],[31,-5],[66,2],[23,-3],[16,12],[-8,22],[13,17],[21,-8],[-1,-6],[69,-3],[0,-14],[35,1],[76,14],[41,-2],[13,-8],[19,-29],[17,-11],[20,-18],[22,-33],[23,-1],[54,7],[64,12],[6,-3],[42,-6],[39,-1],[11,-10],[-5,-4],[-73,-52],[-11,-17],[-10,-34],[96,-13],[21,-9],[4,-11],[92,11],[16,4],[10,-2],[21,1],[8,6],[18,-7],[5,-5],[-6,-9],[2,-11]],[[70242,32856],[-19,-63],[-15,-26],[41,2],[41,-2],[-9,-17],[-15,-48],[39,-5],[2,3],[24,-33],[11,-5],[-77,-59]],[[70265,32603],[-87,-58],[-20,-7],[-59,-14]],[[70060,32517],[-13,12],[-49,-21]],[[69998,32508],[-15,41],[5,1],[1,4],[21,-6],[42,28],[8,24],[7,0],[-43,45],[22,-4],[14,-7],[-1,17],[-21,38],[-5,27],[-78,27]],[[70120,32852],[100,6],[22,-2]],[[71047,31924],[-39,-41]],[[71008,31883],[-29,24],[-18,8]],[[70282,31724],[-8,-7]],[[70274,31717],[-32,-4],[-23,14]],[[70219,31727],[-25,46],[-46,24],[-11,11],[-54,37],[-88,1],[-25,33],[-23,19],[-76,48],[-25,12]],[[70162,32154],[12,-1],[13,5],[4,6],[21,-26],[33,-17],[15,-17],[23,-14],[16,-21],[-3,-14],[27,-11],[13,-2],[23,-23],[18,-6],[10,-12],[13,-1],[7,2],[13,0],[21,13],[17,2],[16,19],[30,9],[8,6],[16,2],[16,-3],[22,3],[33,8],[38,15],[30,4],[14,0],[21,-9],[12,1],[36,15],[22,2],[17,6],[58,11],[16,6],[7,7],[-4,13],[5,7],[24,16],[3,9]],[[71047,32237],[53,11],[31,-2],[9,-12],[0,-7],[18,-14],[14,-4],[-3,-2],[17,-7],[-5,-4],[21,-3],[-4,-8],[6,-10],[-5,-23],[3,-6],[59,-5],[-9,-16],[1,-6],[-8,-2],[-1,-13],[-39,-27],[-6,-15],[-67,0],[9,-22],[5,-46],[-27,10],[-70,0],[-34,-14],[5,-19],[20,-20],[13,-20],[-6,-7]],[[70360,32558],[9,-13],[2,-13],[2,-40],[-6,-40],[4,-27],[-7,0],[2,-3],[-16,0],[-15,-6],[-6,1],[-19,-11],[-8,0],[-2,-4],[15,-17],[-42,-14]],[[70265,32603],[50,-10],[45,-35]],[[69797,32381],[-54,-3],[-85,-11],[-1,5],[-5,-1],[-5,5],[-9,-2],[-54,-17],[-44,-22]],[[69540,32335],[-12,10],[-2,12],[-14,5],[-8,12],[-34,24],[0,4],[-6,2],[-16,17],[-73,37]],[[69703,32503],[27,13],[10,9],[8,1],[11,-2],[13,5],[-2,4],[7,8],[14,3],[9,-11],[13,-6],[22,-1],[57,-14],[24,-13],[4,-5],[4,3],[14,-2],[10,-6],[7,0],[43,19]],[[71032,32568],[-7,-6],[4,-10],[-3,-11],[17,-14],[12,1],[0,-7],[127,3],[-26,-60]],[[71075,32400],[-36,0],[2,8],[-19,0],[-21,7],[-65,2],[-6,3],[-14,0],[-12,-5],[-5,23],[-5,-3],[-8,0],[-1,4],[-10,0],[-2,-3],[-9,-2],[1,-4],[9,-4],[-4,-3],[6,-8],[-36,5],[-9,4],[4,13],[9,1],[-2,8],[-26,7],[-6,0],[-30,12]],[[70780,32465],[-19,11],[-34,0],[-2,9],[-11,-1],[-56,32],[-6,15],[-10,4],[5,6],[-12,6],[-10,0],[2,9],[20,0],[20,12],[0,4],[-21,13],[-44,7],[-15,7],[-1,-3],[-37,5],[-19,-11],[-20,-18],[-28,-15],[-13,8],[-13,-5],[-23,2],[-12,3],[-1,5],[-20,1],[1,4],[-5,1],[2,-20],[-6,-2],[-32,4]],[[70242,32856],[44,-13],[42,0],[-6,-28],[25,-2],[17,-5],[8,-5],[6,1],[3,-3],[17,-3],[15,-10],[2,1],[22,-1],[11,-7],[12,2],[36,-5],[12,16],[-19,17],[6,-1],[3,3],[19,-3],[5,11],[37,-4],[13,36],[24,-7]],[[70596,32846],[-2,-7],[16,-5],[20,12],[129,28],[-6,-6],[12,-5],[16,10],[-9,6],[38,16],[8,8],[13,-2],[9,10],[-5,2],[37,18],[5,-4],[11,0],[43,-17],[23,-3],[46,-21],[11,-1],[6,4],[7,-4],[39,-36],[-1,-5],[-17,-19],[-33,-19],[2,-6],[-24,-25],[-1,-15],[-15,-17],[-2,-10],[8,-39],[-3,-3],[8,-5],[8,1],[8,-17],[31,-12],[9,-11],[-2,-3],[-44,16],[-11,-3],[-1,-3],[14,-29],[11,-6],[8,-12],[29,-14],[-13,-25]],[[70278,32308],[34,-9],[8,2],[29,22],[20,0],[-13,13],[1,5],[10,4],[-5,4],[21,12],[23,-1],[11,7],[8,-5],[9,-2],[28,-2],[37,-30],[18,4]],[[70671,32979],[16,-1],[-2,-6],[-17,2],[-16,-8],[4,-10],[-16,-8],[11,-12],[-4,-6],[-22,-6],[-40,-5],[-16,-10],[4,-8],[16,5],[6,0],[1,-13],[24,-11],[-10,-13],[5,-9],[-2,-7],[-17,-7]],[[70242,32856],[25,64],[4,2],[15,-6],[13,0],[1,-3],[26,5],[19,-4],[38,28],[11,4],[-6,9],[-23,13],[3,3],[22,5],[23,9],[28,21],[18,9],[22,5],[16,-19],[16,6],[12,16]],[[70525,33023],[63,-27],[42,-10],[33,-2],[-1,-4],[9,-1]],[[70780,32465],[-30,-7],[-3,-11],[-13,-7],[-17,-2],[-23,-8],[-24,5],[-13,-4],[19,-13],[-39,-12],[17,-13],[-26,-12],[18,-22],[-23,-9],[-5,-5],[-16,-3],[-6,-8]],[[71008,31883],[2,-6],[82,-49],[31,-29],[-1,-8],[-6,-3],[5,-5],[-9,-6],[14,-3],[0,-3],[-19,-20],[50,-38],[5,-9],[7,-57],[-10,1],[-11,-25],[25,-6],[-10,-30],[7,-14],[8,0],[51,-12],[2,3],[50,-9],[11,2],[25,-2],[5,-3],[31,-5],[9,-4],[46,-1],[12,-7],[3,-6],[13,-1],[5,-6],[18,-3],[2,2],[9,-3],[20,6],[8,0],[2,4],[7,-1],[10,3],[88,-38],[55,-19],[104,-2],[17,3]],[[71781,31474],[-2,-11],[12,-8],[20,-7],[-26,-1],[4,-8],[-2,-4],[-57,-3],[-59,-13],[-36,3],[2,-4],[-14,-3],[0,-2],[-8,0],[-19,-37],[-27,-2],[-24,-29]],[[71545,31345],[-32,-39],[9,-10],[-11,-17],[-24,1],[-39,9],[-26,1],[-60,-13],[-11,1],[-18,10],[-86,30],[-15,-2],[-44,-18],[-18,-17],[-32,-21],[-12,-4],[-16,0],[-11,7],[-17,2],[-30,-7],[-31,-2]],[[71021,31256],[-7,6],[-31,10],[-30,4],[-27,14],[-35,3],[-16,19],[-2,11],[-18,2],[-20,10],[-5,1],[-22,-12],[-54,3]],[[70754,31327],[-31,19],[-80,22],[-20,9],[9,2],[-9,41],[5,19],[12,9],[37,3],[-3,5],[10,7],[7,16],[-25,16],[-19,6],[0,3],[-14,5],[-7,8],[-3,-2],[-13,4],[-3,7],[-16,10],[-30,0],[-37,12],[-60,3],[7,-18],[26,0],[-4,-4],[-12,2],[-8,-10],[-1,-5],[9,-9],[-24,1],[-7,-19],[-12,-7],[-6,2],[-27,-7],[-31,-5],[0,2]],[[70374,31474],[-6,17],[-14,-4],[-3,2],[-7,-2],[1,16]],[[70345,31503],[-2,43],[-7,31]],[[70336,31577],[-4,39],[-25,69],[-18,0],[-7,4],[6,15],[-14,13]],[[70462,33185],[-1,-5],[15,-13],[-10,-35]],[[70466,33132],[-14,-45],[3,-10],[30,-36],[40,-18]],[[66155,36368],[12,-1],[17,26],[38,-5],[4,13],[88,-17],[-19,-13],[0,-7],[33,0],[42,10],[3,-8],[20,2],[0,3],[24,0],[22,6],[26,2],[4,7],[25,-1],[10,-6],[17,-2],[24,1],[14,-7],[21,9],[14,10],[25,-10],[22,-15]],[[66641,36365],[-4,-6],[9,-12],[9,-2],[-3,-11],[5,-8],[-2,-4],[-19,-7],[4,0],[-14,-15],[-2,-14],[6,-8],[-21,-14],[-16,-4],[-24,4],[-13,6],[-14,16],[-20,11],[-52,9],[-10,-2],[-19,-10],[-33,-10],[-52,-27],[-18,-14],[-24,-11],[-37,-29],[-44,-23]],[[66233,36180],[-22,-7],[-30,4],[-36,-3]],[[66145,36174],[-33,-28],[-76,-20],[6,11],[-32,5],[-5,5],[-39,9],[11,14],[-5,3],[24,2],[4,15],[-22,-3],[-29,-11],[-3,3],[-2,18],[-23,1],[-39,-3],[-37,4],[-16,-1],[0,-2],[-38,2],[-18,-5],[-2,-6],[4,-7],[-16,3]],[[65759,36183],[-4,7],[-5,0],[-9,9],[-8,2],[-2,7],[-7,0],[-7,8],[-3,14],[6,6],[-7,3],[3,4],[-3,6],[21,40],[0,9],[-8,6],[8,5],[18,2],[15,10],[4,14],[-8,8],[0,12],[41,40],[19,1],[22,11],[19,7],[14,1],[1,-5],[21,-3],[12,-1],[10,5],[17,-2],[81,-27],[24,-1],[16,4],[16,-8],[38,-8],[41,-1]],[[65776,36569],[19,-11],[35,-39],[99,1],[29,-10],[6,-6],[20,-2],[-5,-9],[3,-7],[-4,-3],[7,-8],[-8,-11],[6,-4],[5,-19],[24,-12],[19,-2],[5,-4],[5,1],[9,-6],[-3,-5],[29,-7],[-1,-7],[18,-4],[30,2],[10,-10],[21,-10],[1,-9]],[[65759,36183],[-3,-17],[-49,0],[-77,-10],[2,-6],[33,-7],[3,-5]],[[65668,36138],[-45,3],[-40,7],[-40,11],[-41,16],[-9,-11],[-6,-2],[-10,3],[-6,-3],[-12,2],[-8,-4],[-15,6],[-6,-2],[-14,13],[-20,5],[-7,1],[-6,-10],[-11,-4],[-25,3],[6,4],[-5,10],[-25,20],[-22,-3],[7,11],[-18,4],[-17,11],[-32,12],[-16,3],[9,11],[-33,27],[-18,2],[-103,0],[-62,-4]],[[65018,36280],[20,12],[5,-1],[0,6],[9,-1],[31,11],[-4,15],[14,-2],[-1,7],[22,-3],[3,6],[-4,1],[4,6],[8,0],[6,-5],[16,4],[7,-3],[8,10],[16,0],[17,-5],[42,-19],[8,1],[6,5],[-9,10],[-15,4],[4,15],[18,-2],[0,17],[20,10],[-17,6],[25,20],[23,-9],[10,0],[-4,12],[15,9],[-7,9],[5,8],[-5,5],[9,2],[-1,7],[41,17],[21,2],[0,13],[5,3],[21,-9],[30,1],[-32,95],[9,8],[33,7],[12,-1],[27,13],[18,17],[103,79]],[[65610,36693],[42,-24],[40,-39],[11,-19],[40,-18],[33,-24]],[[65668,36138],[-37,-21],[13,-3],[-2,-25],[20,0],[10,3],[3,-2],[-31,-16],[-13,-17],[-31,-17],[31,-12],[-7,-5],[39,4],[20,0],[12,-6],[7,-8]],[[65702,36013],[-9,1],[-69,-24],[-9,14],[-24,-12],[-9,0],[-22,-8],[-35,-2],[-22,8],[-12,-12],[-9,-21]],[[65482,35957],[-20,16],[-7,0],[-8,4],[-4,-2],[-10,9],[-14,-3],[2,-6],[-14,-3],[0,-4],[-27,-14],[-15,9],[-22,-5],[-14,-12],[-7,-12],[-17,3],[4,-13],[-31,2],[19,-30],[-18,-10],[-14,4],[-12,20],[-104,-15],[-32,-8],[10,-14],[-19,-6],[1,-2],[-58,-5],[-29,10],[-5,-6],[-21,7],[-8,-14],[62,-53],[35,-24],[30,-12],[26,-2],[-47,-24],[-3,-8],[-53,-13],[-73,-28],[-25,-13],[14,-8],[-86,-29],[-6,-29]],[[64862,35614],[-183,6],[-118,54]],[[64561,35674],[-15,21],[93,68],[-17,3],[-39,22],[-17,20],[28,17],[-1,2],[-19,11],[3,3],[-6,2],[6,5],[-9,4],[-8,-3],[-9,19],[-4,0],[-3,46],[14,36],[3,31],[-99,25],[67,38],[2,3],[14,-3],[17,12],[-7,1],[11,10],[5,-1],[10,21],[-6,6],[-11,1],[1,9],[-6,6],[4,6],[36,7],[80,30]],[[64679,36152],[71,31],[31,5],[17,1],[5,-2],[17,8],[69,45],[-1,8],[9,11],[38,0],[63,10],[20,11]],[[66386,36002],[25,-2],[1,-6],[5,2],[6,0],[5,-4],[-7,-3],[27,-43],[-9,-2],[43,-48],[-2,-2],[39,-31],[-8,-4],[-10,2],[0,-3],[8,-3],[-16,-7],[-17,0]],[[66476,35848],[-5,5],[-15,3],[-10,7],[-31,-17],[4,-4],[-8,-20],[-14,-4],[-21,-3],[-30,3],[3,3],[-6,2],[11,6],[-13,8],[-9,-4],[-23,1],[3,-9],[-18,-3],[3,-4],[-26,-6],[-11,10],[-13,-1],[3,-5],[-9,-3],[4,-2]],[[66245,35811],[-17,-7],[-27,-4]],[[66201,35800],[-8,24],[-30,46],[-55,65]],[[66108,35935],[-20,25]],[[66088,35960],[31,3],[1,-5],[17,-12],[7,8],[19,-3],[13,3],[7,0],[2,-10],[28,-1],[23,9],[15,14],[28,11],[-6,3],[13,7],[2,-2],[24,10],[5,0],[5,24],[64,-17]],[[66476,35848],[14,-12]],[[66490,35836],[26,-24],[-15,-4],[-56,-26],[6,-10],[20,-1],[-6,-2],[-7,-20],[-4,0],[-3,-7],[-6,-1],[-15,-50],[156,20],[59,12]],[[66645,35723],[-11,-12]],[[66634,35711],[-6,-46],[-77,-80],[-11,-6],[-48,-7],[-23,-7],[-13,-11],[-11,-17],[-26,-18],[-20,-7],[-35,-4]],[[66364,35508],[-22,15],[6,31],[-46,-1],[-8,23],[-13,1],[-7,-2],[-6,124]],[[66268,35699],[30,8],[27,19],[2,9],[-19,32],[-63,44]],[[66490,35836],[47,13],[8,-2],[53,5],[32,13],[23,5],[10,7]],[[66663,35877],[19,-30],[-5,-22],[51,-14],[0,-3],[-23,-4],[-46,-68],[-14,-13]],[[66268,35699],[-42,-12],[4,-10],[-4,-16],[-44,-36],[-22,4],[-9,7],[-16,1],[-10,-4],[-63,12],[-10,-21],[-19,3],[-22,-16],[-36,5],[-7,-4]],[[65968,35612],[-24,14],[-4,-3],[-8,9],[-20,3],[-8,17],[31,9],[-27,27],[47,16],[-22,38],[-17,0],[-17,-3],[-41,5]],[[65858,35744],[-3,19],[-7,14]],[[65848,35777],[78,4]],[[65926,35781],[85,-8],[56,-1],[31,-6],[5,3],[25,3],[16,7],[-2,2],[59,19]],[[65858,35744],[-8,0],[-6,-6],[-22,5],[-7,-9],[-13,1],[-14,-4],[3,-11],[-12,-10],[1,-10],[-8,-1],[2,-4],[-5,-11],[-18,-16],[-2,-16],[0,-9],[41,-3],[-1,-5],[-8,-6],[-22,-5],[5,-7],[-28,-9],[3,-7],[-3,-9],[-14,-13],[-12,0]],[[65710,35579],[-37,2],[-2,-10],[-14,-14],[-7,2],[4,5],[-7,2],[-8,-11],[-9,1],[-3,5],[-10,1],[2,-6],[-11,0],[-4,20],[-12,-3],[-9,5],[-16,-4],[-13,1],[-5,-2],[-20,-11],[-9,-9],[-14,-1],[-9,6],[-8,-2],[-8,16],[-16,-6],[-23,-3],[-57,-2],[-51,-26],[-14,4],[-12,7],[-5,-7],[-17,10],[-9,10],[2,24],[1,2],[22,0],[30,8],[12,0],[25,24]],[[65369,35617],[27,24],[33,18],[14,15],[23,-2],[5,3],[6,-3],[17,2],[9,-2],[17,4],[3,3],[6,-2],[8,3],[-5,1],[6,3],[6,-3],[5,3],[6,-2],[3,4],[9,-1],[17,5],[5,-2],[20,4],[6,-1],[16,6],[9,0],[12,7],[42,10],[5,4],[-3,3],[-12,0],[-8,5],[-31,-4],[-8,4],[1,4],[-6,-2],[-9,3],[7,2],[-2,3],[-19,5],[-36,16],[6,11],[-2,5],[18,5],[7,10],[22,-2],[0,14],[11,0],[0,9],[69,21]],[[65704,35830],[65,-17],[57,-19],[22,-17]],[[65023,37191],[11,-9],[14,-18],[-1,-22],[13,-26],[8,-9],[20,-11],[54,-12],[13,-5],[7,-7],[22,-6],[3,-13],[-7,-15],[-5,-28],[8,-7],[26,-10]],[[65209,36993],[-8,-8],[-8,0],[-7,-4],[-9,-12],[-19,-15],[-9,-23],[-23,-16],[-4,-9],[3,-8],[-4,-3],[4,-10],[-12,-10],[19,-73],[13,-5],[48,-41]],[[65193,36756],[-28,-19],[-129,-39],[-92,-42],[-112,-41],[-33,-10],[-2,-5],[-16,-3],[-9,-16],[-10,-7],[-17,-7],[-15,-2]],[[64730,36565],[-2,3],[-23,-1],[-76,5],[-8,11],[-13,10],[-12,-5],[-33,2],[-21,-19],[-34,-16],[-10,-2],[-15,3],[-62,26],[-17,-15],[26,-20],[-1,-34],[-61,-19]],[[64368,36494],[-27,7],[-27,-4],[-31,7],[-203,-29]],[[64080,36475],[9,30],[-19,48],[8,32],[-13,28],[-26,32],[5,8],[-3,16],[4,1]],[[64045,36670],[12,4],[5,5],[-4,29],[23,-3],[20,3],[50,20]],[[64151,36728],[12,4],[35,-5],[117,2],[-8,27],[2,47],[-35,19],[-6,-1],[-21,17],[-20,25],[-117,53],[-28,21],[47,33],[16,-9],[-1,-5],[30,-9],[13,4],[0,23],[-20,12],[47,15],[-45,63],[-21,14],[-6,13],[16,1],[-4,4],[5,1],[63,-7],[-1,19],[-7,4],[-4,17],[-4,4],[-11,2]],[[64195,37136],[-11,30],[77,22],[85,-9],[-13,34]],[[64333,37213],[64,-5],[23,-33],[71,-6],[32,-15],[28,2],[50,47],[26,0],[9,-7],[21,6],[36,4],[3,5],[9,4],[33,5],[21,8],[27,-1],[-4,-7],[3,-2],[46,-17],[30,-3],[25,3],[25,17],[8,18],[22,8],[10,7],[8,9],[0,10],[31,1],[26,-3],[8,-4],[6,-31],[-16,-19],[-2,-9],[11,-14]],[[66680,36053],[-3,-5],[10,-9],[-7,-18],[13,-23],[-30,-68],[2,-18],[9,-10],[-13,-23],[2,-2]],[[66386,36002],[32,23]],[[66418,36025],[12,12],[0,22],[9,12],[8,-9],[5,2],[6,-4],[4,1],[7,-7],[18,7],[9,8],[19,0],[16,-10],[2,2],[11,0],[4,-5],[37,-22],[-1,-4],[7,-1],[33,45],[56,-21]],[[65968,35612],[8,-7],[9,-21],[7,-5],[50,-10]],[[66042,35569],[-12,-3],[-14,-8],[-24,-29],[-30,19],[9,5],[-29,1],[-13,-5],[-15,-10],[0,-4],[-25,-15],[4,-17],[-23,5]],[[65870,35508],[-25,5],[1,34],[-10,10],[-1,9],[-81,-4],[-23,-8]],[[65731,35554],[-18,-4],[-8,16],[7,8],[-2,5]],[[66108,35935],[-24,1],[-20,-6],[-8,1],[-13,-3],[-2,2],[-44,-5],[-25,3],[16,-17],[-22,-17],[-9,5],[-5,-1]],[[65952,35898],[-9,5],[-99,-12],[-3,2],[-78,-4],[-18,-4],[5,-23],[-61,9],[-1,-4],[-8,-1],[-6,-6],[-18,6],[-6,-12]],[[65650,35854],[-17,5],[-21,14],[-8,7],[-4,17],[-71,1],[-8,4],[-3,10],[4,14],[-5,5],[33,5],[24,0],[-4,25],[6,5],[-5,2],[-47,-1],[-28,-9],[-14,-1]],[[65702,36013],[8,-20],[15,17],[34,8],[13,6],[4,8],[13,3],[61,-12],[26,3],[24,-1],[35,-11],[15,1],[25,13],[9,-18],[6,2],[6,-5],[9,3],[8,10],[0,7],[16,5],[-10,22]],[[66019,36054],[10,-7],[12,-21],[5,-3],[10,2],[16,-14],[-19,-7],[35,-44]],[[66798,36254],[-3,-11],[-8,-5],[-13,-20],[-43,-18],[-14,-18],[-12,-9],[4,-22],[-17,-26],[18,-7]],[[66710,36118],[-15,-17],[10,-18],[-12,-6],[0,-9],[-13,-15]],[[66418,36025],[-5,2],[-11,-3],[6,4],[-10,4],[-7,-1],[-6,8],[-4,0],[1,5],[-6,5],[-19,3],[-12,-4],[-13,7],[-22,1],[-12,11],[-8,1],[6,8],[0,2],[-8,0],[-4,23],[-20,-1],[0,3],[9,1],[-6,7],[7,2],[18,37],[-18,-3],[-8,6],[-9,0],[-24,27]],[[66641,36365],[7,5],[12,2],[1,-15],[13,-4],[-2,-5],[5,-5],[13,-1],[1,-6],[29,2],[0,-24],[22,-1],[1,-5],[33,4],[12,-1],[0,-20],[19,-22],[-9,-15]],[[65996,36905],[-14,0],[-11,-10],[8,-4],[-20,-40],[-5,-5],[-9,1],[2,-4],[18,-3],[3,-21],[-29,-11],[-9,1],[-19,-13],[-21,6],[-7,-6],[-10,4],[-71,-34],[-74,-23],[-118,-50]],[[65610,36693],[-167,29],[-100,9],[-117,25],[-33,0]],[[65209,36993],[35,-3],[12,-6],[22,-5],[22,4],[27,10],[37,4],[33,-13],[35,-1],[-1,6],[-6,2],[-82,27],[-30,7],[9,23],[0,20],[26,-8],[31,-5],[32,3],[28,-2],[52,8],[-1,-21],[41,2],[18,7],[6,-6],[31,-3],[30,5],[19,-2],[36,4],[49,-1],[11,3],[15,-10],[7,-18],[36,7],[15,-2],[-3,-2],[6,-6],[-2,-3],[3,-5],[-3,-5],[11,-6],[-1,-24],[-8,-5],[-12,-2],[4,-4],[37,-4],[87,4],[26,-2],[14,-15],[10,-22],[23,-23]],[[64730,36565],[22,-22],[24,-13],[10,1],[17,-23],[6,1],[12,5],[23,-18],[22,-2],[30,-11],[38,-2],[-69,-22],[-12,-2],[-12,-16],[-41,-33],[28,-8],[26,-2],[-12,-5],[-20,1],[-22,-5],[-25,-20],[-18,-8],[-9,-12],[5,-6],[-4,-10],[-24,-17],[-21,-3],[-6,-13],[-16,-3],[-5,-4]],[[64677,36293],[-4,1],[11,9],[-16,7],[-24,12],[-3,-2],[-36,18],[19,11],[41,14],[24,14],[-34,5],[-4,-10],[-24,1],[6,7],[-7,0],[0,6],[5,7],[-44,14],[-20,16],[-23,8],[-26,18],[-150,45]],[[64679,36152],[-25,10],[5,3],[-39,17],[-37,-20],[4,5],[-14,7],[-8,1],[9,8],[-3,5]],[[64571,36188],[10,1],[5,13],[21,8],[9,8],[-4,13],[7,4],[5,16],[10,6],[-2,9],[4,7],[23,-1],[20,12],[-2,9]],[[64571,36188],[-9,0],[-26,17],[-10,3],[-16,-3],[-25,1],[1,-4],[21,-9],[-7,-5],[-9,-2],[-13,6],[0,9],[-15,2],[-11,21],[-6,-1],[-10,9],[-3,-1],[-15,17],[18,2],[-14,12],[7,24],[-48,-7],[1,48],[9,3],[4,4],[-55,-9],[-47,7],[-10,13],[-20,-1],[3,20],[9,3],[-44,15],[-30,13],[-23,22],[-98,58]],[[66364,35508],[-62,-8],[-26,2],[-7,3]],[[66269,35505],[-3,24],[-8,2],[-19,0],[-1,4],[-13,0],[14,-11],[-31,0],[-25,8],[8,8],[-15,10],[-7,-5],[-14,1],[-8,-13],[-36,9],[-9,12],[-6,-4],[-37,15],[-17,4]],[[65926,35781],[5,11],[41,15],[-7,13],[37,7],[-13,3],[-13,17],[28,9],[-6,9],[-10,12],[-36,21]],[[65731,35554],[1,-20],[-4,-5],[26,-4],[3,-17],[-17,0],[-11,-14],[-5,1],[3,4],[-8,-1],[-9,-12],[2,-12],[-10,0],[-6,-15]],[[65696,35459],[-6,5],[-12,0],[-14,-1],[-5,-4],[-28,-1],[-52,4],[-29,-4],[-19,-7],[-18,7],[-43,-26],[-18,-15],[-27,4],[-9,-13],[-11,-7],[-11,-17],[-40,-6],[-19,-16],[-19,3],[-8,-2],[-16,1],[-17,-7],[-15,-15],[13,-13],[-25,-12],[-8,15],[4,2],[3,6],[-39,13],[-4,-2],[-16,4],[-6,0],[-13,-12],[-4,3],[-8,-1],[-2,13],[-6,-3]],[[65149,35355],[-6,0],[-19,8],[-11,18],[-23,-4],[-8,1],[3,7],[27,23],[-5,3],[7,10],[-2,5],[-6,2],[0,7],[-18,14],[3,8],[-1,8],[-5,2],[2,5],[-3,7],[3,2],[-4,14],[7,21],[-9,8],[9,39],[-14,30]],[[65076,35593],[7,0],[4,5],[-5,2],[14,15],[28,21],[14,1],[8,6],[16,-2],[7,10],[40,-7],[3,-3],[70,16],[8,-6],[17,-3],[7,-9],[23,-4],[-1,-2],[21,-6],[12,-10]],[[65870,35508],[-5,-37],[52,3],[16,9],[29,10],[6,-26],[-5,-10],[7,-11],[-6,-21],[65,10],[-1,-7],[7,3],[4,-10],[29,-14],[14,2],[3,-2],[26,6],[9,-6]],[[66120,35407],[-48,-48],[-8,-12],[-3,-13],[-9,-5],[-16,3],[0,-10],[-42,1],[-30,-2],[6,-8],[-23,-10],[-6,-17],[-17,-22],[-15,-2]],[[65909,35262],[-21,3],[-2,6],[-25,9],[-9,7]],[[65852,35287],[-15,5],[-10,11],[-9,5],[3,6],[16,6],[6,6],[-2,12],[-6,9],[4,5],[-7,9],[-37,14],[-8,-1],[-17,4],[-1,6],[-13,10],[7,6],[-6,13],[3,5],[-32,19],[-8,1],[-11,14],[-3,-1],[-10,8]],[[66145,36174],[-2,-18],[-12,-18],[-17,-12],[-52,-22],[-18,-11],[-20,-20],[-5,-19]],[[65650,35854],[6,-7],[14,-3],[5,-4],[29,-10]],[[65076,35593],[-9,2],[-40,0],[-22,10],[-48,0],[-17,-3],[-15,12],[-63,0]],[[66634,35711],[13,-4],[17,-11],[7,-18],[-6,-11],[-40,-33],[104,3],[39,7],[35,1],[23,7],[22,2],[6,4],[23,-4],[34,10],[4,-13],[13,-8],[2,-5],[11,-3],[15,-8],[-4,-3],[6,-1],[5,-6],[9,-2],[0,-5],[11,-1],[5,-3],[5,3],[8,-5],[13,1],[35,-6],[5,3],[5,-1],[22,6],[3,-3],[12,1],[12,-2],[13,2],[10,-2],[12,1],[10,4],[-2,-4],[10,2],[7,-3],[35,1],[4,-1],[3,5],[5,-5],[15,2],[1,-3],[7,3],[4,-4],[6,3],[1,-2],[10,1],[2,5],[9,0],[8,-6],[13,3],[0,2],[12,-4],[8,2]],[[67311,35605],[2,-15],[-4,-3],[4,-4],[-5,-4],[4,-1],[1,-6],[-5,0],[3,-6],[-7,-14],[6,-3],[-3,-3],[-13,-4],[2,-5],[-6,-1],[-36,-8],[-13,-10],[2,-2],[-18,-10],[3,-3],[-3,-5],[-20,-7]],[[67205,35491],[-2,-4],[-12,-4],[-15,0],[-4,4],[-14,3],[-13,-2],[-17,2],[-18,-2],[-2,-3],[-11,0],[-8,-15],[-18,-11],[-42,-16],[-31,-1],[-22,-13],[-19,-4],[-3,-7],[-37,-26]],[[66917,35392],[-48,14],[-4,-3],[-35,6],[10,11],[-3,3],[-37,7],[-19,10],[4,2],[-23,4],[-36,15],[-4,-2],[-6,4],[-4,-2],[-18,7],[-41,-22],[-15,4],[-36,-4],[7,-7],[-41,-11],[-1,2],[-14,-11],[-9,0],[-17,-6],[-32,-24],[-9,-10],[1,-7],[-9,-13],[-13,-12],[-8,-2]],[[66457,35345],[-8,0],[-8,-13],[-11,-7],[-8,-1],[-7,-8],[1,-11],[-24,2]],[[66392,35307],[-41,47],[-42,99],[-44,52]],[[66265,35505],[4,0]],[[66479,36790],[0,-11],[-16,-7],[-4,-17],[-13,-18],[-6,-16],[4,-6],[-5,-12],[-9,-6],[2,-14],[11,-13],[-10,-10],[9,-1],[10,-8],[13,-2],[1,-5],[16,2],[19,-5],[39,-1],[35,-13]],[[66575,36627],[0,-11],[-32,2],[-20,-4],[-40,-24],[-4,-4],[17,-19],[-36,1],[-4,5],[-53,6],[-25,-3],[-42,-12],[-4,-5],[-64,8],[-10,-5],[-59,-4],[-15,4],[-52,33],[-38,13],[-3,-4],[-25,4],[-31,-11],[-58,20],[27,24],[-104,28],[-72,-21],[-52,-79]],[[65996,36905],[15,-13],[35,-5],[32,6],[11,22],[23,7],[29,-6],[50,-24],[16,-4],[10,1],[46,14],[39,3],[6,-5],[-10,-14],[1,-21],[36,-36],[34,-16],[48,-9],[45,-14],[17,-1]],[[66265,35505],[-7,-5],[-23,-4],[-31,-8],[-35,-15],[-14,-12],[-7,-1],[-28,-53]],[[64561,35674],[-23,1],[-170,-7],[-35,-8]],[[64333,35660],[-87,-15]],[[64246,35645],[-203,18],[-56,90],[-88,31],[-132,68],[-83,6],[-85,12],[-43,0],[-3,6],[-36,26],[-5,13],[-7,5],[-129,48],[-105,53]],[[63271,36021],[138,35],[18,85],[-11,103]],[[63416,36244],[11,10],[64,36],[64,30],[97,118]],[[63652,36438],[78,-16],[4,7],[131,14],[38,-31],[75,-8],[51,10],[21,20],[14,25],[16,16]],[[66392,35307],[-44,7],[-2,-3],[-16,-5],[-5,4],[-23,-3],[-9,2],[-7,-6],[13,-27],[-15,-9],[16,-4],[-12,-39],[12,-32],[-39,-2],[-47,4],[-59,-1],[5,-3],[-10,-3],[-4,-11],[-10,-13],[-8,-5],[0,-5],[-19,-10],[-10,-9],[-23,-8],[-9,-9]],[[66067,35117],[-9,-8],[-14,-2],[-11,-7],[-10,21],[-16,14],[-21,13],[-9,0],[6,6],[-3,11],[5,5],[-5,4],[2,5],[-7,9],[7,7],[-4,20],[-5,7],[-13,2],[-7,8],[-30,8],[3,10],[-6,2],[-1,8],[-10,2]],[[66313,35022],[5,-2],[27,12],[42,-25]],[[66387,35007],[9,-8],[-18,-2],[1,-5],[-11,-3],[26,-17],[2,-11],[-36,-42],[0,-4],[9,1],[-1,-17],[18,0],[-25,-26],[9,-10],[12,-1],[39,-31],[-22,-47],[9,-9],[-2,-3],[8,-2],[27,-23],[-10,-9],[48,-16]],[[66479,34722],[-31,-11],[-9,-11]],[[66439,34700],[-9,1],[-35,18],[-7,21],[-21,5],[-16,16],[-3,25],[-7,14],[-22,8],[-23,20],[-14,0],[-41,-14],[-75,-2]],[[66166,34812],[-6,-1],[-9,5],[-2,14],[-7,8],[-28,5],[-76,25],[-25,5],[-78,0],[-41,6],[-40,35],[-8,-3],[-7,-15],[-36,-9],[-51,-31]],[[65752,34856],[-19,-11],[-41,0],[-20,8],[-16,-1],[-11,-12],[6,-23],[-5,-4],[-12,-1],[-16,6],[-13,19],[-8,5],[-34,4],[-37,0],[0,21],[-20,14]],[[65506,34881],[36,6],[23,-2],[16,2],[3,-2],[36,5],[-4,-3],[4,-4],[10,3],[4,-5],[8,-1],[-11,22],[-14,11],[5,14],[-21,6],[-13,11],[3,4],[6,-1],[1,12],[28,-2],[0,16],[18,4],[-10,27],[-12,10],[1,9],[-6,4],[7,2],[6,6],[10,1]],[[65640,35036],[2,-6],[10,2],[3,-6],[13,-4],[1,-6],[7,0],[7,-4],[14,10],[32,-10],[10,0],[10,3],[10,-4],[85,10],[-6,12],[30,2],[16,6],[23,-2],[1,3],[15,-8],[42,-4],[21,0],[14,-6],[55,-1],[6,6],[5,1],[16,-10],[14,-3],[18,2],[9,5],[12,-10],[6,-14],[77,0],[4,4],[50,3],[41,15]],[[64246,35645],[-3,-18],[-10,-11],[4,-6],[0,-16],[-27,-20],[-32,-17],[-3,-8],[-18,-19],[2,-18],[14,-14],[19,-13],[-15,-16],[-5,-16],[5,-4],[-6,-22],[5,-8],[-3,-4],[8,-5],[0,-5],[5,-4],[13,-4],[15,-1],[3,-6],[20,-6],[3,-5],[11,-1],[0,-8],[11,-4],[1,-7],[12,-7],[31,-7],[12,-9],[-67,-22],[-20,-12],[-65,-2],[-28,-7],[-81,-8],[-61,-14],[-2,-2],[20,0],[15,-4],[-4,-3],[15,-6],[-8,0],[-10,-10],[-13,6],[-8,-14],[-1,-15],[-14,4],[-48,4],[-17,6],[-38,-5],[-2,-6],[14,-15],[-18,-7],[-25,2],[17,-7],[19,-2],[-1,-7],[-16,-3],[-4,-6],[-19,-2],[-28,1],[-7,3],[-5,-4],[4,-10],[-55,-22],[-119,-103],[-52,-18],[-55,-24],[-33,-8],[-26,-12],[-14,-10],[-16,-23],[-18,-18],[-89,-68],[-7,-32],[6,-10],[63,-46],[17,-3],[9,-4],[104,-85],[46,-2],[2,-2],[-15,-6]],[[63560,34673],[-12,-28],[-39,-29],[-12,6],[-37,4],[-27,6],[-61,60]],[[63315,34724],[4,1],[7,-4],[41,9],[23,-32],[-18,-6]],[[63315,34724],[-4,3],[-13,0],[-1,5],[-12,1],[0,4],[-9,-3],[-4,10],[-17,12],[-18,4],[-22,16],[-25,9],[8,20],[-57,32],[-9,11],[-16,-2],[-3,4],[-9,2],[-9,-2],[2,-3],[-23,12],[10,6],[-30,16],[-8,12],[1,16],[9,8],[-11,6],[-21,0],[-27,35],[2,3],[-10,8],[18,12],[-17,3],[-7,-4],[-13,5],[-6,21],[43,6],[3,2],[-20,5],[8,10],[45,4],[3,10],[-16,7],[-2,7],[16,-3],[10,6],[5,39],[-18,24],[-2,40],[13,-1],[7,3],[3,14],[-4,22],[-76,4],[-23,6],[-93,48],[-39,1],[-51,-6],[-30,2],[-53,8],[-39,13],[-49,7],[-18,17],[-9,29]],[[62578,35330],[20,15],[18,30],[-20,31],[14,46],[-7,19],[7,28],[-3,37],[-9,19],[-35,22],[-13,30],[9,10],[31,20],[16,15],[31,9],[24,18],[-9,14],[-33,12],[-5,6],[2,6]],[[62616,35717],[4,13],[12,9],[-1,17],[-4,5],[5,11],[-5,7],[20,4],[134,56]],[[62781,35839],[91,33],[62,29],[41,15],[69,40],[227,65]],[[65752,34856],[6,-12],[-36,-23],[-8,-15],[8,-7],[-16,-15],[26,-7],[-1,-9],[14,-4],[1,-5],[24,2],[12,-5],[21,5],[12,-32],[-15,-14],[25,-6]],[[65825,34709],[-75,-11],[-11,-7],[-51,-9],[-25,-8],[-35,-18],[-28,-24]],[[65600,34632],[-67,-24],[-11,0],[-11,-4],[-19,4],[-15,-1],[-38,-11],[-28,17],[-26,5],[-12,5],[-84,8],[-10,-6],[-14,4]],[[65265,34629],[-13,3],[-7,8],[-13,5],[-28,-1],[-14,7],[-16,4],[-6,9],[-14,-2],[-6,10],[3,4],[7,-3],[3,2],[-4,11],[5,10],[10,0],[8,8],[26,-6],[18,26],[9,5],[15,-2],[20,15],[7,-1],[-2,4],[4,3],[8,-3],[31,-4],[-5,3],[3,7],[-11,5],[8,14],[-20,39]],[[65291,34809],[-9,12],[18,5],[28,-1],[8,-7],[18,4],[-8,41],[39,-5],[5,3],[2,13],[5,3],[55,6],[34,-4],[20,2]],[[65031,34892],[6,-17],[-5,-7],[14,-7],[89,-12],[40,6],[21,-10],[15,0]],[[65211,34845],[6,2],[19,-23],[19,-6],[3,2],[3,-6],[30,-5]],[[65265,34629],[1,-6],[21,-14],[1,-7],[18,-4],[18,-13],[38,-15],[-41,-14],[-18,12],[-13,-2],[-18,-8],[6,-5],[-9,-4],[-19,-5],[-4,2],[-46,-7],[4,-6],[-21,1],[-12,-10]],[[65171,34524],[-13,0],[-21,-14],[-10,6],[-9,-9],[-10,2],[-6,-5],[-26,-9],[-9,5],[-7,-3],[2,-7],[-5,-4],[-67,-27],[-100,-49],[4,-5],[-19,-12],[-3,-11],[-31,-7]],[[64841,34375],[-30,41],[-23,12],[-7,0],[-32,12],[-6,10],[-8,3],[-13,17],[-6,3],[8,5],[14,3],[29,16],[5,12],[-6,17],[6,10],[9,1],[13,8],[23,21],[34,11],[-7,29],[-8,4],[2,3],[-12,7],[-18,3],[-10,11],[-2,6],[11,4],[-1,5],[10,12],[1,6],[11,-1],[14,6],[17,-2],[17,14],[12,3],[11,6],[4,9],[25,3],[-4,14],[-3,0],[-35,-7],[-18,-7],[-44,27],[-14,0],[-9,12],[7,4],[2,7],[-154,-9],[-2,6],[-35,-8],[-18,3],[-9,7],[-34,11],[-15,13],[-3,-1],[-7,5],[12,48],[-2,5],[-8,2],[9,5],[-10,7],[19,-1],[-8,7],[24,4],[-2,8],[54,22],[44,13]],[[64665,34902],[11,-2],[11,3],[20,-17],[6,2],[6,12],[-3,2],[13,9],[7,7],[-5,2],[21,11],[0,3],[35,9],[2,11],[23,0],[54,-5],[44,-10],[81,-36],[40,-11]],[[66067,35117],[40,0],[58,-9],[14,2],[16,6],[30,-3],[-3,-25],[-14,0],[0,-21],[42,-9],[29,-3],[2,-5],[15,-1],[13,-5],[4,-22]],[[65640,35036],[-6,0],[-4,6],[-8,0],[-1,8],[-16,7],[-11,10],[-1,7],[-7,-1],[-3,2],[-6,20],[-17,-6],[-14,3],[-35,-1],[-12,2],[-59,-4],[-71,6],[-12,4],[1,1]],[[65358,35100],[33,2],[0,6],[19,0],[3,8],[-8,7],[19,0],[-2,4],[25,6],[43,2],[37,-8],[0,21],[12,15],[9,2],[2,5],[13,6],[47,10],[12,9],[10,19],[8,1],[-8,9],[13,6],[-7,13],[6,4],[-1,4],[7,-3],[77,14],[51,-1],[4,5],[30,14],[40,7]],[[65149,35355],[-28,-9],[-20,-19]],[[65101,35327],[-8,3],[-14,0],[-1,4],[-9,2],[-8,-9],[-10,1],[-1,-4],[-6,0],[-3,-5],[-68,-23],[2,-3],[-11,-5],[-41,32],[-59,22],[1,5],[13,3],[-48,-5],[-21,-7],[-4,-16],[32,-33],[11,-20],[-7,-2],[-2,4],[-33,-5]],[[64806,35266],[2,2],[-7,1],[12,7],[-13,3],[1,6],[-12,8],[-6,12],[-27,11],[-50,5],[-23,12],[-9,-3],[-18,11],[-9,-4],[-1,-6],[-14,2],[-1,4],[-46,-11],[-3,4],[-13,-2]],[[64569,35328],[-6,14],[3,15],[7,2],[10,16],[-1,50],[-5,22],[-20,26],[-12,40],[-8,6],[-27,10],[-9,6],[3,2],[-44,20],[-3,-2],[-27,1],[-31,28],[-27,7],[-7,7],[-1,28],[-31,34]],[[64569,35328],[1,-4],[35,-19],[5,-18],[-9,-3],[18,-21],[-7,-1],[-4,-10],[14,-3],[-1,-4],[5,0],[-6,-11],[7,-3],[-4,-11],[-17,2],[-1,-7],[6,-2],[2,-6],[7,0],[1,-39],[-7,-15],[10,-17],[-34,9],[-9,-11],[-13,-1],[-16,13],[4,10],[-21,0],[0,5],[-23,-8],[-7,-6],[-1,-8],[2,-4],[38,-18],[-10,-4],[4,-3],[5,-23],[7,-4],[0,-10],[7,-9],[65,-12],[2,-28]],[[64624,35024],[-7,1],[-9,-4],[3,-11],[7,-3],[-24,-10],[14,-2],[1,-3],[8,0],[8,-3],[-20,-3],[-36,-15],[-24,-1]],[[64545,34970],[-10,3],[-22,14],[-24,-1],[-29,4],[-13,-1],[-24,12],[-11,-1],[-4,-15],[8,-17],[-4,-6],[-21,8],[-18,2],[-3,-25],[-11,-2],[-24,5],[-2,-21],[4,-1],[0,-4],[-16,-1],[10,-12],[-49,-8],[28,-3],[3,-11],[-5,0],[-10,-6],[-3,-6],[-26,5],[-24,-5],[-32,14],[-10,1],[-61,-33],[0,5],[-13,9],[13,30],[-11,11],[-12,4],[-7,9],[-1,11],[-21,-13],[-22,-32],[-19,-14],[-50,-70],[-42,-33],[-14,-15],[-56,-32],[-60,32],[11,21],[-34,-2],[-5,-4],[5,-2],[-8,-2],[-13,-16],[-30,-14],[-32,-31],[-22,-13],[28,-24],[-64,-16],[-17,13],[-43,-27],[-43,29]],[[65358,35100],[-14,2],[-45,-14],[-17,23],[-67,22],[2,6],[13,10],[-12,14],[-8,18],[-41,29],[-34,12],[-21,33]],[[65114,35255],[-21,30],[5,16],[-2,18],[5,8]],[[65114,35255],[-4,-1],[0,-4],[-42,-14],[17,-30],[-11,-1],[-6,-4],[0,-5],[21,-15],[19,-23],[4,-10]],[[65112,35148],[-21,0],[0,-10],[-20,-1],[-16,3],[-1,-2],[-22,6],[7,9],[-18,7],[-9,11],[-17,-2],[-12,-14],[-20,9]],[[64963,35164],[-42,4],[-26,8],[11,14],[-41,7],[13,4],[-38,17],[-19,30],[-12,7],[5,5],[-14,2],[6,4]],[[65112,35148],[11,-10],[31,-8],[21,-11],[-28,-16],[-13,-17],[-6,-19],[-21,-12]],[[65107,35055],[-55,-20],[-32,-18]],[[65020,35017],[-23,-8],[-32,-1],[-79,21]],[[64886,35029],[-25,19],[3,3],[6,-2],[25,35],[55,-1],[-2,25],[20,0],[0,8],[6,0],[0,31],[-21,9],[13,4],[-3,4]],[[66166,34812],[1,-7],[-10,-4],[0,-10],[-10,-7],[-16,-5],[-24,-3],[-38,-9],[-45,-20],[-37,-9],[-15,-9],[-68,-10],[-21,3],[-58,-13]],[[64545,34970],[0,-4],[24,-2],[-10,-14],[27,-3],[-1,-6],[29,4],[22,-12],[9,-8],[-6,-4],[5,-2],[-5,-5],[6,0],[4,-4],[9,0],[1,-6],[6,-2]],[[64841,34375],[-53,4],[-18,-1],[-17,4],[-37,1],[-151,19],[-29,6],[-44,0],[-18,-28],[-51,-40],[-62,-31],[-92,-30],[-56,-13],[-12,-8],[-16,-22],[-64,-33],[-65,-25],[-67,8],[-69,0],[-104,-13],[4,-27],[-52,-25]],[[63602,34189],[6,-16],[-3,-15],[18,-31],[15,-14],[42,1],[38,-6],[50,13]],[[63563,34235],[8,-14],[31,-32]],[[63372,34692],[-26,-15],[-13,-20],[4,-24],[14,-25],[7,-8],[25,-6],[10,-10],[36,-20],[74,-28],[-3,-4],[9,-8],[7,-16],[1,-15],[-9,-21],[-29,-31],[1,-8],[-10,-1],[8,-18],[-10,-5],[-8,-27],[0,-27],[4,-15],[41,-24],[66,-18],[10,-18],[-7,-31],[-11,-14]],[[65031,34892],[-10,7],[-27,7],[-13,14],[-18,8],[3,3],[19,-2],[6,2],[7,-3],[18,9],[5,-3],[2,4],[42,-14],[-5,10],[-30,32],[8,7],[-27,15],[3,6],[11,-1],[-5,24]],[[65107,35055],[70,5],[0,-14],[23,-6],[-1,-23],[27,-7],[14,4],[15,-6],[-6,-31],[4,0],[10,-20],[1,-13],[20,-10],[1,-10],[-21,-15],[2,-16],[-5,-18],[-12,-14],[-1,-8],[-9,4],[-6,10],[-7,1],[-15,-23]],[[64624,35024],[1,-3],[16,-1],[41,-14],[15,0],[31,10],[1,19],[19,13],[50,12],[88,-31]],[[62764,34616],[163,13],[9,-9],[31,-13],[25,7],[6,-2],[25,1],[8,3],[2,7],[9,2],[7,7],[6,27],[-3,16],[9,4],[26,2],[28,-8],[20,-2],[20,3],[15,6],[5,6],[91,36],[12,-1],[37,3]],[[62454,34717],[16,-25],[11,-9],[12,-5],[11,9],[14,35],[17,10],[18,5],[18,11],[13,-12],[28,-11],[21,-15],[8,-17],[1,-25],[5,-12],[12,-4],[-4,-3],[70,-32],[39,-1]],[[62454,34717],[-18,35],[9,25],[19,31],[-49,21],[-103,28],[-14,14]],[[62298,34871],[5,47],[-4,26],[-15,18],[-16,9],[-2,6]],[[62266,34977],[-9,24],[-23,20],[-26,13],[8,9],[-2,6],[15,6],[-34,32]],[[62195,35087],[18,20],[13,4],[33,20],[5,12],[11,7],[10,12],[35,10],[6,5],[26,3],[7,4],[-6,12],[7,3],[29,-7],[9,7],[25,-6],[5,-7],[6,3],[6,11],[23,6],[2,7],[14,5],[-10,15],[16,1],[21,24],[-2,13],[-7,6],[2,17],[26,15],[22,9],[21,5],[10,7]],[[66439,34700],[3,-9],[-33,-26],[-28,-10],[-13,0],[-6,-9],[-13,0],[-4,-7],[-11,-7],[-10,-26],[-32,-19],[-15,-3],[-56,-2],[-40,-8],[-57,-30],[-17,-4],[-31,-2],[-9,-4],[-2,-5],[-10,5],[-36,-23]],[[66019,34511],[-56,5],[5,18],[-12,-4],[-25,27],[-42,-9],[-8,3],[-7,8],[6,18],[-6,5],[-5,0],[-6,-7],[-13,-6],[-22,6],[-6,-1],[-12,-14],[-14,2],[-2,-3],[-25,7]],[[65769,34566],[-24,7],[-26,16],[1,17],[12,4],[6,-2],[6,9],[-8,12],[-22,2],[-20,-6],[-13,0],[4,-7],[-6,-4],[-33,3],[-11,4],[-10,10],[-13,5],[-8,-6],[-4,2]],[[67391,35158],[4,-18],[18,-15],[-5,-2],[7,-2],[6,-6],[24,-12],[-2,-8],[15,-5],[3,-17],[20,-3],[0,-9],[-6,-5],[6,-1],[-5,-8],[19,0],[18,7],[5,-4],[8,0],[74,19],[21,2],[24,-3],[3,3],[38,-13],[44,-4],[68,-13],[20,-12],[25,0],[14,-4],[7,-12],[-4,-2],[13,-7]],[[67873,35004],[14,-8],[-3,-2],[11,-2],[12,-15],[0,-10],[17,-3],[16,-7],[11,0],[2,-4],[8,-1],[0,-2],[18,-8],[-1,-6]],[[67978,34936],[-51,-16],[-75,-14]],[[67852,34906],[-28,35],[-49,4],[-22,14],[-11,4],[-22,3],[-15,-23],[-45,1],[4,-16],[-42,0],[1,3],[-10,-4],[-38,1],[-21,-3],[-9,-5],[-20,1],[-16,-4],[-19,-8],[-7,-18],[-25,-19],[-14,1],[1,-9],[-15,-2],[1,8],[-4,3],[8,9],[-11,1],[-14,-21],[-22,6],[-4,5],[-22,-5],[-4,6],[-12,-3],[-3,-4],[-5,3],[-20,-5]],[[67318,34865],[-22,23]],[[67296,34888],[-6,6],[1,9],[12,38],[-6,19],[12,36],[5,7],[51,30],[-74,27],[49,27],[-10,15],[-9,6],[1,16]],[[67322,35124],[17,-2],[-7,9],[15,8],[4,-5],[-1,5],[9,3],[-10,14],[6,5],[2,10],[15,-1],[19,-12]],[[67296,34888],[-55,-5],[-55,-9],[-34,35]],[[67152,34909],[-32,21],[4,17],[11,14],[5,1],[-13,12],[12,7],[10,10],[-9,15],[-12,-2],[-2,6],[6,0],[6,4],[38,8],[-5,10],[7,1],[-4,7],[-40,-3],[-10,10],[4,3],[-39,11],[0,10],[-8,1],[-7,4]],[[67074,35076],[44,26],[6,22],[6,0],[7,5],[-7,3],[3,2],[-13,6],[11,10],[2,6],[15,10],[18,3],[-4,3],[16,3],[2,-2],[16,-1],[-3,8],[11,4],[9,0],[7,-8],[28,10],[6,-9],[-5,-5],[15,-9],[-9,-4],[17,-8],[18,5],[14,-8],[-12,-7],[4,-3],[-6,-3],[15,-7],[17,-4]],[[66917,35392],[47,-23],[10,-12],[-2,-5],[13,0],[11,-4],[90,-37],[30,-7],[24,-2],[-3,-3],[6,-1],[-4,-6],[181,21],[17,-1],[-16,-9],[9,-5]],[[67330,35298],[-1,-11],[9,-10],[18,-12],[-9,-13],[0,-10],[5,-5],[15,4],[5,-3],[-19,-9],[-1,-6],[7,-10],[10,-6],[8,-20],[9,-15],[7,-2],[2,-10],[-4,-2]],[[67074,35076],[-9,6],[4,2],[-12,6],[-25,-24]],[[67032,35066],[-15,7],[10,2],[-8,4],[16,12],[-36,21],[4,16],[18,27],[-37,18],[1,5],[-7,0],[-4,8],[-13,-1],[-6,7],[3,3],[-19,-3],[0,6],[-32,8],[-6,-1],[-10,6],[-33,-7],[-16,13],[-22,-5]],[[66820,35212],[-1,5],[-4,0],[-8,8],[6,2],[-10,8],[6,2],[-9,9],[-7,-3],[-6,10],[17,8],[-71,24],[-45,9],[-56,-1],[-43,-10],[-1,4],[-5,-1],[-36,14],[23,14],[-21,7],[6,4],[-3,4],[-10,-2],[-10,3],[-3,-3],[-5,3],[-21,-13],[-22,9],[7,7],[-10,6],[-6,-6],[-15,12]],[[66820,35212],[-1,-6],[-48,-12],[-5,4],[-11,0],[-30,-7],[-24,-10],[-20,-13],[-4,-35],[16,-22],[15,-10],[-5,-2],[4,-7],[12,-7],[26,-26],[2,-4],[-19,-9],[12,-7],[-4,-2],[-24,5],[-55,-8],[-9,4],[-30,-8],[1,-2],[-8,-4],[-11,0],[-6,-4],[0,-3],[-30,-5],[-4,-12],[-13,-1],[0,-5],[-6,-3],[-14,3],[-35,21],[-31,11],[-34,2],[-23,-3],[-11,2],[2,-6],[14,-9],[-22,-5]],[[66688,34483],[-9,-4],[-20,-36],[-8,0],[-19,-10],[21,-8],[-11,-22]],[[66642,34403],[-9,4],[-4,-9],[-1,4],[-8,-1],[-4,7],[-10,-2],[-7,1],[-11,5],[0,5],[-15,5],[-10,-2],[-18,3],[-11,7],[-15,3],[-6,5],[-28,0],[-31,-14],[-9,0],[-17,4],[-9,-3],[10,-7],[-14,-5],[-2,-4],[6,-12],[-6,-17],[-117,-9],[-27,2],[-56,11],[-24,0],[-33,-5],[-18,-15],[-14,-4]],[[66124,34360],[-35,-2],[-33,4],[-16,3],[-27,11],[-15,8],[-35,48],[-17,3]],[[65946,34435],[39,48],[34,28]],[[66479,34722],[28,15]],[[66507,34737],[28,-6],[10,-13],[18,-11],[31,-5],[56,-28],[36,-7],[-3,-18],[-29,-18],[1,-5],[-16,-6],[-15,-17],[-2,-15],[-19,-13],[-7,-17],[5,-13],[-4,-2],[-15,5],[-8,-3],[45,-18],[9,-8],[-8,-6],[4,-8],[39,-9],[25,-13]],[[67561,34205],[8,-13],[18,-5],[1,-5],[16,-5],[18,-12],[7,-18],[13,0],[6,-8],[12,-1],[11,-6],[6,2],[1,-7],[6,2],[0,4],[10,1],[21,-9],[27,-3],[-2,-4],[16,-3],[-4,-5],[26,-8],[3,-6],[21,-11],[9,-14],[18,-8],[-2,-12],[7,-7],[-3,-10]],[[66701,33607],[-12,15],[-42,25],[18,12],[-62,68]],[[66603,33727],[57,5],[85,19],[22,18],[27,6],[13,13],[1,6],[20,14],[9,10],[3,1],[20,-11],[13,9],[11,3],[26,28],[61,13],[19,-1],[43,9],[39,13],[16,13],[-41,21],[1,3],[31,19],[48,17],[-27,17],[-10,12],[-5,17],[-14,5],[-13,20],[-12,3],[-5,6],[-2,10],[-9,14],[-20,14],[-49,8],[2,18],[21,-2],[7,17],[-24,14],[-6,12],[-17,10],[-16,4],[16,2],[19,16],[27,8],[0,4],[55,5],[17,-5],[-9,-6],[-1,-7],[48,1],[31,9],[10,-2],[13,-9],[11,0],[65,15],[4,-7],[-2,-5],[9,-1],[30,8],[19,10],[77,22],[33,12],[0,3],[21,5],[6,0],[10,-6],[11,2],[9,-6],[21,2],[10,-2],[2,-3],[12,1],[35,-8],[-1,-2],[11,-1],[1,-4],[13,0]],[[67852,34906],[-21,0],[-33,-7],[-13,-8],[-36,-13],[-8,6],[-25,-8],[-11,-15],[-17,-15],[-8,-2],[-4,-26],[7,-6],[-6,-5],[67,-8],[31,2],[3,-20],[-11,-3],[-27,-20],[-28,-28],[-33,2],[-12,-14],[-15,-27],[-23,-3],[-32,-11],[-7,1],[-8,-2],[-13,1],[-4,-3],[-10,0]],[[67555,34674],[-10,20],[-10,1],[-27,-3],[-8,2],[-11,8],[7,38],[-4,8],[-12,8],[-24,8],[-34,1],[-34,11],[-21,1]],[[67367,34777],[0,4],[-10,2],[8,5],[-4,5],[-14,-9],[-13,0],[-3,2],[8,13],[-14,11],[22,9],[-11,9],[-5,-2],[-24,8],[-1,2],[34,11],[-22,18]],[[67555,34674],[4,-25],[6,-9],[37,-12],[22,-1],[4,-4],[-9,-9],[17,-16],[37,0],[36,-16],[38,-25],[38,-16],[-2,-5],[8,-6],[3,-6],[-6,-5]],[[67788,34519],[-9,3],[-7,-16],[-25,7],[-9,-3],[-4,-6],[-6,1],[-12,-5],[-19,2],[2,-4],[-20,-3],[-8,2],[-31,-10],[-21,1],[-13,-3],[-6,1],[-6,-6],[-54,-4],[-10,-3],[-34,-1],[-3,-6],[-14,-3],[-1,-3],[-9,1]],[[67469,34461],[-13,0],[-34,-5],[-17,3],[-6,-2],[-5,2],[-22,-3],[-6,3],[-2,-4],[-74,-38],[-54,-19],[-12,-7],[-53,-11],[-15,-10],[-11,2],[-2,-2],[-15,1],[-20,-6],[-11,-17],[-10,6],[-62,7],[5,14],[-6,18],[3,20],[-8,12],[5,7],[-37,18],[0,8],[-9,1]],[[66978,34459],[8,4],[-2,4],[5,4],[-4,3],[16,5],[-7,10],[7,5],[5,-4],[31,17],[64,25],[13,10],[-9,16],[1,14],[-5,14],[-15,27],[4,8],[-4,11],[-9,5]],[[67077,34637],[42,23],[62,20],[43,23],[49,-2],[30,-15],[16,-5],[15,0],[14,3],[6,17],[-13,38],[0,20],[8,12],[18,6]],[[67077,34637],[-18,-6],[-12,0],[-31,9],[-19,14],[-10,-2],[-5,-6],[-8,5],[-21,0],[17,9],[14,16],[40,71],[21,2],[3,-4],[6,2],[8,-6],[6,2],[12,-8],[8,4],[5,-3],[10,4],[10,-1],[2,8],[-6,7],[-30,5],[-10,12],[22,22],[-22,19],[-3,9]],[[67066,34821],[-12,24],[4,17],[12,10],[5,-3],[-4,6],[22,8],[-1,4],[9,-1],[51,23]],[[65626,34384],[26,-3],[-3,-34],[11,-5],[0,-5],[-6,0],[-18,-10]],[[65636,34327],[2,-2],[-12,-9],[6,-3],[-33,-11],[-11,-2],[-3,3],[-30,-9],[-27,-20],[-89,-27],[-24,-11],[6,-5],[-3,-2],[-22,-6]],[[65396,34223],[-11,11],[28,15],[-6,3],[5,3],[-4,14],[-3,1],[-4,-3],[-14,9],[-10,-1],[-11,10],[1,3],[-23,-2],[-17,-21],[-18,0],[-19,-5],[-4,2],[5,7],[-7,5],[-9,1],[-35,21],[-4,-1],[-38,14],[5,5],[-29,2],[0,5],[-17,23],[53,13],[11,13],[22,5],[-15,1],[-11,8],[-2,4],[9,3],[-9,6],[-14,-2],[6,7],[-7,2],[1,6],[-6,3],[18,21],[-8,12],[10,3],[-16,5],[-3,-4],[-21,3],[-14,6],[29,8],[-1,5],[12,0],[1,11],[-17,3],[2,3],[-17,4],[9,12],[-4,4],[18,6]],[[65193,34515],[8,-3],[-1,-3],[5,-3],[8,1],[7,-3],[42,-4],[135,-22],[-5,-6],[-17,-7],[15,-8],[-25,-13],[51,-23],[9,5],[11,1],[44,-4],[-10,-18],[33,-7],[5,3],[-3,-13],[7,3],[20,-9],[-3,9],[13,3],[7,-2],[13,-14],[14,-4],[8,12],[18,-4],[3,3],[7,-2],[2,2],[12,-1]],[[65946,34435],[-21,3],[-12,4],[-2,5],[-53,-8],[-1,-7],[4,-3],[-5,-1],[1,-5],[-4,-1],[-1,-6],[9,-4],[-6,-1],[4,-16],[-33,-6],[4,-20],[-5,-5],[5,-1],[-35,-16]],[[65795,34347],[-13,-8],[-146,-12]],[[65626,34384],[5,11],[4,0],[6,5],[4,8],[-15,2],[20,32],[25,-4],[3,10],[-4,26],[6,12],[12,8],[-6,5],[13,5],[-5,11],[29,3],[-3,9],[28,0],[-11,24],[4,6],[24,2],[4,7]],[[67066,34821],[-6,2],[-15,-4],[-28,-1],[-29,10],[-21,2],[-23,-1],[-45,6],[-32,-4],[-17,1],[-22,-5],[-11,1],[-26,-9],[-19,12],[-10,2],[-9,16]],[[66753,34849],[16,14],[13,18],[9,50],[18,10],[30,7],[32,24],[21,10],[37,33],[103,51]],[[66248,33828],[7,-2],[59,8],[31,0],[35,-6],[8,-5],[32,10],[9,-8],[-4,-17],[5,-11],[35,-3],[-11,-9],[-10,-23],[2,-4],[-8,-8],[8,-6],[17,-9],[16,8],[11,-7],[22,19],[-2,2],[17,11],[1,-8],[34,-10],[41,-23]],[[65567,33251],[-5,8],[-43,14],[-17,-3],[-61,-23],[-41,-7],[-22,0],[-23,17],[3,8],[-17,19],[-13,7],[-34,7],[-17,8],[-41,26],[-28,33],[-37,12],[-69,40],[-28,10],[-22,0],[-66,-12],[-42,-29],[-68,-21],[-40,38],[-10,3],[-27,5],[-20,-2],[-45,3],[-7,-4]],[[64573,33543],[12,-6],[28,4],[21,-19],[62,7],[31,-121]],[[64555,33556],[18,-13]],[[64555,33556],[208,36],[230,54]],[[64993,33646],[68,16],[132,22],[97,2],[58,6],[66,12],[37,13],[25,14],[24,8],[20,10],[44,11],[-3,8],[72,41],[20,-1],[1,7],[-14,2],[-10,7],[48,1],[4,11],[7,0],[1,2],[7,-2],[11,4],[-3,-4],[13,0],[6,5],[27,4],[63,16],[15,-13],[39,13],[-4,4],[39,11],[-3,4],[14,4],[11,-7],[6,2],[-15,12],[30,10],[-5,7],[11,1],[10,-5],[6,7],[18,-1],[10,4],[15,-5],[16,-12],[3,-16],[14,-8],[14,1],[13,-7],[-7,-7],[11,-2],[0,-11],[6,-2],[-2,-5],[15,1],[8,-5],[6,4],[9,0],[15,-22],[23,-4],[38,9],[20,1],[13,-2],[4,4],[11,-1],[7,3]],[[65193,34515],[-23,6],[1,3]],[[66753,34849],[-56,-39],[-18,-8],[-68,-13],[-76,-30],[-54,-7],[13,-10],[13,-5]],[[66978,34459],[-8,-1],[-13,-9],[-5,-16],[-26,1],[-19,8],[-64,-8],[-16,7],[-18,3],[-27,28],[-12,5],[-16,2],[-46,-6],[-11,3],[-9,7]],[[66124,34360],[4,-13],[20,-1],[7,-5],[4,0],[4,-6],[-2,-5],[8,-7],[-10,-7],[2,-12],[21,-25],[4,-13],[8,-5],[1,-12],[-12,-15],[-69,-6],[-25,-12],[-16,-14],[-23,-11],[-23,-22],[-21,-12],[-12,-15],[30,-7],[3,1],[13,-6],[-6,-6]],[[66034,34124],[-7,-6],[-28,-7],[6,-12]],[[66005,34099],[-4,-7],[-10,-4],[-3,-5],[-10,-1],[-8,9],[-46,-11],[-6,-5],[-17,-2],[-6,-8],[-9,2],[-9,-4],[-20,0],[-24,-5],[-16,1]],[[65817,34059],[-18,13],[-13,21],[9,4],[5,9],[-21,8],[-1,4],[-8,-2],[-20,18],[-26,-6],[-7,11],[12,7],[2,11],[-5,7],[20,0],[1,6],[9,6],[-6,7],[6,13],[-18,6],[-1,14],[18,7],[26,3],[50,37],[-7,7],[26,15],[1,5],[-25,13],[12,5],[-4,6],[16,5],[-5,3],[3,3],[-24,16],[-8,2],[4,5],[-25,-1]],[[70403,34617],[4,-6],[31,-21],[31,-15],[20,-17],[25,-12],[33,-27],[14,-19],[40,-35],[125,-82],[11,7],[18,1],[21,18],[38,8],[53,-1],[80,10],[17,-3],[3,-3],[14,-2],[8,2],[11,-1],[12,-5]],[[71012,34414],[-2,-38],[5,-3],[-1,-10],[13,-20],[29,-21],[51,-32],[17,-10],[6,4],[2,-10],[45,-61],[50,-52]],[[71227,34161],[15,-21],[17,1],[8,-6],[2,-7],[5,-2],[-12,-4],[-20,1]],[[71242,34123],[-20,-3],[-31,4],[-73,0],[-39,-7],[32,-74],[-70,-10]],[[71041,34033],[-167,-37],[-5,-11],[-74,-2],[-73,-16],[-62,-20],[-2,5],[4,5],[-9,8],[-17,5],[-33,-1],[-12,5],[-23,-1],[-4,6],[-16,5],[-17,1],[-17,-4],[1,14],[-49,-2],[-31,12],[-32,-4],[-49,5],[-17,9],[-20,1],[-19,9],[-59,15],[-22,9]],[[70217,34049],[15,7],[46,-2],[13,7],[0,9],[25,6],[27,-11],[45,-11],[-8,33],[6,10],[-7,18],[17,14],[-26,2],[0,25],[-15,15],[11,45],[-10,9],[-17,4],[-6,4],[-22,24],[-7,16],[-23,20],[-40,-14],[-48,-5],[-8,-4],[-18,-2],[-8,-3],[-5,-5],[-24,-4],[-16,-8],[-18,1],[-7,8],[6,2],[-10,25],[-24,15],[-17,30],[-24,1],[-3,8],[-10,2],[-3,7],[-7,2],[-28,0],[-7,4],[-30,3],[-50,12],[-15,12],[-31,7],[-13,-19],[-21,-2],[-55,-13],[-39,-17],[-41,-9],[-9,5],[-39,-3]],[[69619,34329],[-4,1],[-11,-11],[-23,16],[-28,6],[-2,3],[11,11],[-9,9],[-8,2],[-16,13],[18,2],[21,29],[2,20]],[[69570,34430],[10,31],[32,14],[3,-1],[1,6],[13,-3],[4,3],[34,4],[4,20],[7,1],[12,20],[-1,5],[-10,6],[-9,18],[40,7],[-15,39],[-20,26],[-18,15],[17,5],[30,6],[39,2],[26,-4],[5,-4],[12,-2],[23,-1],[34,-5],[-6,-33],[2,-12],[19,-2],[8,10],[27,-15],[3,5],[12,4],[11,-7],[35,-3],[19,-4],[10,-9],[22,-12],[7,-15],[41,-4],[42,-38],[64,-4],[6,2],[11,-4],[5,5],[-8,22],[1,5],[-8,5],[-14,2],[10,15],[15,7],[4,12],[13,6],[5,8],[25,19],[21,-3],[34,6],[15,7],[2,18],[14,0],[26,-7],[30,-1],[5,-4],[19,1],[13,-3]],[[70738,35169],[-47,-12],[2,-5],[-6,-8],[37,-37],[-49,-14],[-24,-4],[-22,-6],[9,-6],[7,-10],[-5,-3],[1,-5],[-8,-3],[1,-4],[-18,-4],[-1,-6],[21,-20],[13,4],[-6,-44]],[[70643,34982],[-32,-1],[-88,-9],[-55,-2]],[[70468,34970],[-2,3],[-20,0],[15,5],[-40,45],[-40,-8],[-8,5],[20,9],[9,1],[2,5],[-33,3],[-1,5],[-15,-2],[-12,8],[-5,-3],[2,-6],[-20,-5],[-18,15],[23,7],[-6,2],[-2,4],[-44,-5],[-6,7],[-1,9],[-8,-1],[-4,4],[-1,9],[32,8],[-2,6],[9,3],[-4,7],[24,5],[-16,13],[19,9],[8,0],[4,8],[-11,10],[14,11],[1,4],[-14,0],[-117,-32],[16,13],[6,14],[-7,20],[-18,24]],[[70197,35209],[17,1],[47,-7],[39,8],[12,0],[15,-4],[20,-11],[13,-1],[27,8],[42,37],[20,11],[21,0],[18,-13],[15,-4],[59,24]],[[70562,35258],[22,-1],[32,-19],[27,-2],[14,-4],[28,-20],[25,-12],[28,-31]],[[69890,35147],[3,-10],[15,-11],[4,-15],[-7,-1],[3,-9],[17,0],[6,-14],[78,2],[39,7],[-3,-6],[2,-5],[-4,-1],[1,-10],[-4,-2],[5,-3],[-2,-5],[5,0],[-2,-11],[-5,-1],[3,-19],[3,1],[7,-5],[2,-12],[-7,0],[2,-6],[-10,-1],[1,-7],[-18,6],[-14,-31],[5,-17],[-10,2],[-4,-3],[38,-9],[29,-15],[14,-19]],[[70082,34917],[-68,6],[-72,18],[-46,7],[-156,5]],[[69740,34953],[-178,12],[-44,5],[-28,7],[-28,-37],[-8,-8],[-5,2],[-36,-36],[7,-3],[-3,-2],[-30,10],[-16,-15],[-20,-11],[-35,-1],[-36,-7],[-71,6],[-11,-13],[-26,-4],[9,22],[14,19],[-26,4],[-17,-1],[-44,-7],[-5,-3],[35,-30],[-5,-2]],[[69133,34860],[-86,34],[-33,8],[-28,13],[-39,9],[-6,8],[8,7],[9,1],[31,-6],[13,1],[24,16],[2,4],[-3,6],[-16,5],[-54,14],[-4,7],[39,14],[36,17],[32,-8],[33,0],[31,-7],[45,4],[21,12],[13,3],[9,-1],[13,-9],[11,-1],[32,18],[-2,5],[-9,2],[-35,-3],[-39,3],[-9,4],[1,6],[25,4],[43,1],[46,-6],[27,-10],[11,6],[0,7],[-14,13],[-21,10],[1,5],[11,2],[34,-7],[14,1]],[[69350,35072],[29,14],[21,6],[10,-1],[8,-6],[14,-6],[32,2],[42,7],[50,-12],[51,-19],[24,-3],[16,8],[11,23],[16,9],[123,26],[54,26],[19,3],[20,-2]],[[70468,34970],[-76,-2],[-58,-7],[-57,-10],[-122,-29],[-44,-5],[-29,0]],[[69890,35147],[22,-1],[17,1],[67,22],[13,0],[18,-5],[12,1],[158,44]],[[69619,34329],[-9,-8],[24,-11],[-12,-11],[-8,-16],[-2,-44],[36,-29],[28,-12],[-23,-5],[-14,-6],[1,-10],[-18,-2],[5,-17],[-43,-10],[-23,-31],[-4,-3],[-7,4],[-47,-42],[-20,7],[-23,2],[-3,-10],[5,-16],[-14,-16],[-34,-7],[-13,-14],[-19,-12]],[[68648,33967],[45,29],[-1,9],[8,9],[8,2],[-4,22],[-4,0],[-18,29],[22,29],[52,24],[-3,14],[-6,2],[-44,-1],[-4,3],[-37,5],[-3,5],[2,11],[-11,5],[-17,6],[-58,0],[9,9],[-9,4],[-16,0],[-16,5],[15,5],[1,8],[4,2],[28,4],[15,-1],[37,-16],[15,-2],[27,24],[30,15],[25,5],[-3,12],[-17,14],[-16,38]],[[68704,34296],[34,4],[80,18],[26,4],[58,22],[27,21],[7,21],[-4,43],[-8,6],[3,7],[-5,11],[13,10],[9,16],[-1,11],[-13,6],[-7,16],[37,20],[-4,7],[-17,12],[-16,-1],[-9,3],[-19,12],[-1,14],[14,9],[17,5]],[[68925,34593],[19,-3],[32,-15],[28,6],[14,0],[24,-3],[51,-14],[-3,7],[75,22]],[[69165,34593],[12,-10],[18,3],[39,-2],[37,17],[20,-2],[30,3],[32,-9],[70,-2],[22,-18],[19,3],[33,-33],[11,-19],[0,-11],[-15,-13],[6,-33],[-8,-18],[42,-4],[12,-11],[25,-4]],[[70082,34917],[7,-12],[-22,-17],[-16,-23],[3,-27],[15,-15],[9,-16],[-5,-33],[4,-22],[8,-8],[16,-7],[25,-5],[90,0],[-5,-8],[14,3],[18,-6],[19,-13]],[[70262,34708],[41,-30],[100,-61]],[[69165,34593],[7,7],[17,-3],[4,6],[32,-1],[-1,2],[35,12],[27,12],[4,3],[-4,3],[39,12],[-13,5],[5,2],[38,9],[-7,12],[23,9],[8,7],[37,-2],[18,3],[28,0],[20,5],[29,1],[-7,4],[-13,1],[-22,9],[-18,0],[-9,24],[30,18],[38,11],[12,13],[2,8],[19,10],[7,7],[36,5],[15,-8],[7,0],[35,18],[26,19],[10,-2],[25,-10],[20,6],[29,28],[-45,17],[-33,19],[16,21],[-7,15],[56,23]],[[70217,34049],[-5,-7],[-39,-13],[-68,-16],[15,-12],[-6,-20],[8,-24],[-31,-12],[-17,-1],[-31,-17]],[[68385,34480],[-55,-52],[-26,-12],[-8,-1],[-7,-6],[-18,-4],[-8,6],[-7,15],[-29,-3],[-23,-7],[-23,2],[-1,8],[12,10],[0,5],[-7,5],[-37,3],[-28,-6],[-35,3],[-12,6],[-1,12],[-4,4],[-44,16],[-21,3],[-67,-2],[-21,4],[-18,0],[-9,4]],[[67888,34493],[10,6],[-37,22],[5,3],[-4,6],[10,1],[8,-3],[2,4],[56,-7],[5,5],[-13,17],[14,17],[-18,18],[18,31],[-5,5],[20,2],[37,-1],[-5,15],[-25,15],[47,16],[99,22],[29,9]],[[68141,34696],[13,-33],[26,-32],[33,-24],[50,-26],[31,-20],[78,-65],[13,-16]],[[71352,35009],[25,-29],[-6,-15],[-9,-2],[3,-20],[27,-2],[0,-7],[7,-1],[-2,-5],[107,-31],[26,-2],[23,-10]],[[71553,34885],[-8,-18],[6,-16],[1,-19],[-104,-4],[-239,-16],[-93,-3]],[[71116,34809],[-2,4],[-75,4],[-66,10],[-4,-3],[-75,15]],[[70894,34839],[-45,11],[-31,16],[-20,20],[-24,46],[-29,24],[-50,19],[-52,7]],[[70738,35169],[39,-24],[19,-26],[15,-5],[29,-2],[11,-7],[10,-14],[1,-21],[11,-25],[1,-22],[5,-7],[52,-10],[57,-20],[13,-1],[20,9],[13,1],[45,-10],[52,5],[36,0],[91,24],[8,-3],[11,-16],[-4,-22],[8,-4],[11,-1],[12,2],[8,5],[-9,11],[2,5],[28,4],[19,14]],[[68925,34593],[10,7],[22,5],[10,7],[-6,8],[-31,20],[-10,14]],[[68920,34654],[17,10],[21,39],[10,36],[7,5],[14,4],[12,-1],[7,-4],[7,-14],[29,-10],[17,7],[-3,22],[-11,7],[6,15]],[[69053,34770],[13,9],[13,2],[38,-5],[3,-4],[9,-1],[23,6],[10,14],[-11,19],[9,21],[-11,17],[-16,12]],[[68138,34904],[-23,-37],[-7,-33],[23,-100]],[[68131,34734],[10,-38]],[[67888,34493],[-10,-5],[-29,6],[-61,25]],[[67978,34936],[44,-21],[10,-10],[8,-2],[-4,-5],[6,1],[2,-6],[13,-2],[4,-6],[5,0],[15,-9],[-3,-3],[13,-4],[14,9],[8,13],[19,16],[6,-3]],[[70894,34839],[9,-31],[-20,-2],[1,-3],[-29,-3],[-5,-3],[-18,0],[-4,-5],[-17,0],[-3,-7],[5,0],[5,-5],[-88,-14],[-17,15],[-88,24],[-11,1],[-30,14],[-34,-16],[-20,-21],[-6,-21],[7,-32],[-33,-1],[-16,11],[-19,6],[-18,21],[0,13],[-7,9],[-2,-1],[-10,9],[-3,0],[-60,-24],[-19,-4],[22,-12],[-104,-49]],[[71116,34809],[19,-108],[-15,-66],[-12,1],[-4,-5],[-8,1],[-1,-6],[-12,-1],[0,-3],[-9,-2],[-14,-20],[-15,-13],[-5,-12],[10,-37],[-12,-1],[2,-6],[41,-51],[10,-5],[-40,-37],[23,-18],[-13,-7],[-15,-4],[-10,0],[-3,4],[-13,-3],[-8,4]],[[71041,34033],[14,-28],[17,-19],[17,-11],[-33,-8],[-4,5],[11,3],[-4,4],[-35,-4],[-35,-8],[0,-7],[-8,-3],[6,-3],[20,7],[3,-2],[-19,-8],[24,-10],[12,5],[7,-3],[-49,-21],[12,-16],[-12,-10],[-24,-1],[-5,-4],[-11,1],[1,-3],[-7,0],[0,-4],[-14,5],[-12,-6],[-5,-8],[-9,3],[-12,-6],[-11,3],[0,3],[-34,0],[1,-3],[-11,-3],[-4,4],[-10,-1],[-12,2],[-26,-22],[15,-14],[-5,-5],[-10,-1],[-7,-10],[-13,-5],[-8,-7],[-14,0],[-22,-6],[-21,-14],[-13,-2],[0,-2],[-14,-5],[-15,0],[-19,-7],[-7,0],[-1,-3],[-14,-7],[-17,-4],[-88,-19],[-21,4],[-17,8],[-23,0],[-41,7],[-36,20],[-20,-1],[-6,3],[-15,-5],[-18,-2],[-47,3],[-17,5],[-13,9],[-15,1],[-8,5],[-15,1],[-8,6],[-51,14],[-13,2],[-9,-8]],[[68844,35131],[185,2],[43,-6],[6,4],[19,3],[110,1],[39,-8],[43,-15]],[[69289,35112],[32,-22],[21,-15],[8,-3]],[[69053,34770],[-6,4],[-5,13],[-13,5],[-42,4],[7,23],[-12,1],[4,5],[-4,22],[-18,0],[-23,-18],[-23,-10],[-18,13],[-11,4],[-23,-6],[-52,2],[-4,1],[0,7],[-54,4],[-31,-2],[-6,-23],[-6,-5],[-14,9],[-40,5]],[[68659,34828],[-33,3]],[[68626,34831],[6,11],[-5,11],[5,18],[-2,22],[-21,44],[74,77],[-89,5],[-16,-3],[-17,-7],[1,39],[-8,17],[-14,15],[2,22],[7,11],[-24,1],[12,13],[-3,2]],[[68534,35129],[19,17],[8,2],[46,-5],[-3,-19],[21,-1],[4,3],[14,-13],[-24,-7],[27,-12],[27,-3],[29,-10],[41,-1],[10,3],[0,5],[11,0],[9,43],[71,0]],[[68920,34654],[-47,-10],[-35,-3],[-21,-7],[-6,-5],[-14,5],[7,-22],[-25,-4],[16,-21],[-4,-5],[-5,0],[13,-25],[-29,11],[0,-12],[-25,-23],[-10,-2],[-11,-10],[-37,11],[6,16],[-5,0],[-11,-6],[-10,0]],[[68667,34542],[-19,14],[-31,6],[-3,6],[14,5],[60,-4],[14,4],[15,11],[22,22],[1,26],[-7,23],[4,9],[15,4],[-5,10]],[[68747,34678],[-8,9],[-4,14],[6,5],[-5,39],[10,0],[-2,13],[-35,-2],[-12,-7],[-41,8],[-22,22],[6,1],[2,12],[7,4],[10,32]],[[68747,34678],[-40,-10],[-39,2],[-19,6],[-14,8],[-21,24],[-68,-16],[-116,-13],[-48,3],[-62,-5],[-33,12],[-55,6],[-3,5]],[[68229,34700],[28,54],[4,4],[17,0],[6,3],[15,17],[32,-6],[0,8],[22,-2],[13,-6],[-14,-6],[18,-9],[4,-6],[24,15],[-4,2],[5,3],[14,-5],[12,10],[15,7],[11,0],[35,16],[20,2],[19,-3],[14,-7],[7,2],[-20,23],[30,11],[25,-3],[6,16],[28,-5],[4,-4],[7,0]],[[68649,34533],[-4,-17],[5,-27],[-11,-9],[3,-11],[-8,-6],[-9,0],[-2,-13],[-25,-2],[-4,-11],[-10,-4],[6,-12],[-50,-11],[-2,3],[-61,-16],[-31,-4],[-15,-7],[20,-17],[-6,-3],[6,-8],[46,-37],[0,-9],[14,-13],[41,12],[19,14],[10,13],[46,11],[33,1],[-3,-12],[10,-5],[-1,-12],[7,-5],[-3,-3],[34,-17]],[[67561,34205],[25,7],[16,11],[-52,21],[1,14],[33,8],[-14,10],[-21,9],[-13,27],[-22,13],[-25,-16],[-11,6],[-6,12],[12,19],[-1,7],[5,6],[13,7],[15,24],[-15,13],[-10,16],[2,5],[-8,9],[-9,3],[-6,15],[-8,5],[1,3],[6,2]],[[68385,34480],[69,50],[73,21],[36,-2],[58,-14],[28,-2]],[[68649,34533],[15,3],[3,6]],[[68131,34734],[12,-1],[45,-20],[4,2],[7,-3],[-1,-5],[11,-4],[5,1],[15,-4]],[[68138,34904],[5,-4],[18,28],[47,42],[62,28],[65,16],[12,12],[135,69],[52,34]],[[79400,36046],[14,29],[-6,29],[-4,5],[-18,9],[-3,14],[-10,11],[-16,6],[-43,-1],[-34,3],[-51,34],[3,18],[30,24],[7,19],[23,32],[0,16],[-7,13],[-30,35],[-29,50],[7,26],[-1,23],[10,17],[-9,19],[0,18],[-25,8],[-17,14],[-25,5],[-16,11],[-1,4],[8,20],[36,-6],[24,1],[-2,-9],[6,10],[29,1],[23,9],[8,26],[-5,15],[-13,20],[5,37],[18,23],[13,7],[93,19],[11,23],[-27,19],[0,28],[5,6],[34,19],[40,14],[30,-4],[17,-8],[27,8]],[[79529,36815],[7,-22],[10,-8],[20,-8],[62,-11],[24,-2],[29,3],[59,22],[39,-1],[26,-16],[57,8],[2,-7],[9,1],[25,-22],[11,-42],[106,-7],[42,-5],[7,-13],[28,1],[8,18],[29,21],[26,7],[42,6]],[[80197,36738],[5,-40],[-14,-47],[5,-27],[19,-39],[3,-32],[-1,-6],[-7,-5],[6,-14],[28,1],[13,-32],[-13,-3],[-89,-3],[-43,5],[-100,-27],[-11,-67],[19,-30],[-4,-50],[-30,-7],[-1,-11],[-27,-18],[-22,16],[-10,4],[-11,12],[-10,3],[-15,-3],[-5,-4],[-11,4],[-12,-20],[-150,-3],[-149,-14],[8,-46],[-4,0],[10,-25],[10,-51],[6,-10],[4,-29],[-5,-4],[-189,-70]],[[77151,35779],[-25,-3],[-28,33],[-18,-6],[-22,-2],[1,12],[-46,4],[0,-7],[-22,-3],[-4,29],[33,7],[-2,7],[28,12],[-10,11],[-26,-5],[-1,20],[-80,15],[-108,27]],[[76821,35930],[-3,1],[0,23],[14,7],[22,17],[5,16],[13,14],[23,9],[3,5],[-1,35],[25,5],[20,10],[3,14],[-16,15],[-17,6],[0,6],[53,-4],[43,3],[99,11],[44,11],[69,11],[43,0],[7,-3],[31,12],[32,19],[5,-2],[91,26],[58,8],[42,21],[31,11],[-31,17],[-20,26],[-14,33],[4,5],[-13,28],[-46,68],[-8,34],[-22,53],[-9,10],[-23,9],[6,22],[-34,33],[-3,28],[-24,17],[-10,12],[5,1],[-13,7],[-26,30],[6,1],[-8,32],[-4,-3],[-110,51],[-21,-11],[-81,27],[-51,24],[-30,23],[-24,2],[-33,22],[-22,23],[-9,12],[-1,19],[-10,9],[54,18],[70,12],[49,18],[-19,30],[-13,37],[53,12],[3,-5],[84,14],[46,-3],[75,1],[226,31],[101,-3],[76,6]],[[77686,37069],[6,-1],[2,-2],[33,0],[7,-3],[26,2],[2,-7],[43,2],[4,-5],[59,6],[38,8],[83,6],[23,0],[13,-24],[54,6]],[[78079,37057],[3,-6],[70,9],[56,-11],[8,-13],[13,-4],[13,-12],[5,1],[13,-7],[12,5],[0,28],[101,3],[-21,-22],[-4,-11],[3,-3],[27,1],[16,-3],[4,27],[10,0],[15,-18],[249,-7],[65,-9],[0,-20],[29,-4],[8,-5],[43,-8],[14,0],[10,-11],[41,-12],[17,10],[32,2],[12,3],[13,-1],[16,-14],[12,-4],[10,-7],[3,-6],[40,-17],[14,-4],[15,1],[30,4],[22,7]],[[79118,36919],[166,-50]],[[79284,36869],[49,-48]],[[79333,36821],[14,-20]],[[79347,36801],[-1,-9],[7,-3],[12,2],[11,-5]],[[79376,36786],[-6,-4],[3,-30],[27,-21],[-8,-17],[-24,-8],[-71,-14],[-14,-8],[-19,-25],[-16,4],[-17,1],[-17,-2],[-15,-5],[-10,0],[-19,8],[-14,1],[-20,6],[-8,7],[-73,38],[-165,41],[-16,-7],[16,6],[165,-41],[72,-37],[9,-8],[22,-7],[12,0],[19,-8],[12,0],[27,7],[23,-1],[13,-5],[-4,-32],[19,-38],[-10,-24],[-20,-7],[-50,-4],[-44,6],[-8,-23],[10,-10],[-6,-2],[-47,10],[3,-2],[44,-9],[8,2],[8,-4],[23,-4],[17,-15],[23,-6],[0,-18],[9,-19],[-9,-17],[0,-21],[-6,-28],[39,-65]],[[79263,36327],[-15,-1],[-12,-7],[-24,-1],[-37,-8],[-29,-10],[-17,1],[-24,-6]],[[79105,36295],[-23,0],[-7,9],[2,34],[34,58],[-10,9],[-45,-8],[-56,-1],[-26,-11],[-17,-1],[-32,-8],[-30,-3],[-24,-6],[-14,-7],[-88,-11],[-47,-3],[-32,-7],[-65,-4],[-5,-6],[-11,-3],[0,-7],[-9,-2],[-23,4],[-17,-2],[-8,-7],[-15,1],[-35,13],[-5,-4],[-23,7],[-15,-2],[7,-39],[6,-1],[9,-9],[52,-17],[5,-5],[18,-2],[1,-4],[36,-8],[-5,-6],[13,-3],[10,7],[64,-30],[3,-3],[-21,-9],[-9,-8],[-7,4],[-9,-6],[-12,-1],[-19,-14],[-12,-1],[-16,-7],[-10,-11],[12,-13],[44,-9],[37,-19],[0,-4],[7,-4],[15,-3],[-2,-2],[9,-5],[33,-36]],[[78718,36059],[4,-9],[-18,-5],[-8,-15],[8,-1],[20,-9],[19,-46],[28,3],[14,-2]],[[78785,35975],[1,-7],[-7,-3],[-40,-14],[-26,-5],[-6,4],[-78,-5],[-18,2],[-35,-7],[-11,-9],[-17,1],[-9,-17],[-29,-2],[-22,-10],[5,-6],[-15,-3],[1,-2],[-75,-14],[-35,-3],[-72,-14],[-74,-2],[-47,-8],[-53,-30],[-26,-6],[-19,0],[-13,3],[-20,14],[-23,3],[-24,-7],[-53,-25],[-22,-6],[-25,-3],[-2,15],[-8,14],[0,29],[-84,71],[-66,-14],[-7,-8],[-27,-12],[-37,-10],[-27,-13],[-35,-9],[-38,-18],[-102,-29],[-63,-10],[-249,-25]],[[77153,35775],[-2,4]],[[81680,38890],[-5,-9],[-4,-23],[3,-52],[-10,-5],[-10,-46],[30,-84],[0,-3],[-9,-3],[-4,-26],[-33,-4],[-58,2],[-93,-18],[-19,1],[-15,3],[-155,68],[-59,-1],[-32,5],[-54,21],[-85,22],[-27,-3],[-39,-12],[-34,21],[-7,-2],[14,-65],[66,6],[17,-52],[28,-58],[27,-80],[6,-6],[134,18],[18,-63]],[[81271,38442],[-92,-8],[-21,-9],[-47,-4],[0,-2],[-44,-1],[-1,3],[-9,2],[4,-13],[-5,-1],[-36,13],[-30,6],[-27,2],[-29,-1],[-57,7],[-23,5],[-36,14],[-20,-3],[-31,0],[-66,-11],[-33,-14],[5,-8]],[[80673,38419],[-152,-30],[-57,-6],[-84,-21],[-75,-13],[-14,29],[-4,33],[5,-1],[5,32],[8,2],[-3,8],[8,2],[-2,18],[-16,-1],[-23,80],[11,1],[0,4],[6,81],[-12,64],[-136,-27],[-30,-1],[-9,-8],[-66,3],[20,22],[19,32],[37,35],[31,43],[8,27],[-2,19]],[[80146,38846],[39,4],[81,18],[10,9],[22,-3],[49,4],[64,-2],[35,-3],[36,-9],[35,21],[128,-16],[66,-16],[77,2],[72,-44],[-1,17],[7,13],[24,6],[38,6],[9,8],[4,8],[-1,29],[43,57],[42,85]],[[81025,39040],[97,-11],[68,-11],[52,-3],[27,-8],[56,-9],[23,-7],[59,-7],[9,-5],[11,0],[24,-12],[12,-2],[27,-9],[23,-19],[18,-6],[25,1],[-3,-6],[8,-6],[48,-4],[35,-9],[36,-17]],[[81292,38376],[-20,5],[22,21],[-4,1],[-1,7],[-5,0],[-1,6],[7,0],[-4,13],[-7,-1],[-8,14]],[[81680,38890],[54,-19],[18,-11],[21,-7],[51,-16],[64,-12],[12,-8],[16,0],[7,4],[8,-3],[3,-7],[5,5],[6,-4],[3,3],[6,-1],[7,3],[0,-13],[14,-5],[6,-1],[9,9],[13,5],[19,-1],[10,-4],[9,-11],[0,-7],[6,-5],[13,1],[2,13],[16,2],[3,-6],[7,0],[3,-4],[7,0],[-4,-6],[16,6],[-3,-5],[9,-2],[3,-5],[7,1],[2,-7],[9,3],[-3,-6],[9,3],[-6,-4],[7,-4],[7,1],[6,8],[10,1],[1,-5],[-7,-5],[4,-2],[-1,-4],[15,-9],[14,-2],[8,-6],[23,-2],[-1,-6],[5,-5],[7,3],[10,0],[22,-10],[3,-9],[-5,-10],[5,-3],[-4,-3],[3,-4],[5,1],[7,-4],[-11,-5],[6,-8],[5,-3],[4,3],[13,1],[29,-5],[7,-9],[-7,-2],[3,-5],[-7,-5],[1,-3],[10,1],[1,-2],[-11,-2],[-15,-18],[-19,-6],[-10,-7],[-35,-9],[-61,-22],[-32,-8],[-51,-8],[-41,-14],[-77,-7],[-19,2],[-21,9],[-45,-8],[-84,4],[-68,-1],[-29,3],[-17,-3],[-43,-13],[-29,-2],[-36,-9],[-83,-10],[-27,-6],[-41,-17],[-39,-25],[-110,-94]],[[81292,38376],[-23,-27],[7,-19],[-8,14],[-6,-4],[1,4],[-32,2],[-1,-5],[-12,1],[-5,-7],[56,-2],[-66,2],[-32,-15],[-24,-33],[-51,-49],[-36,-50]],[[81060,38188],[-69,7],[-47,1],[-15,19],[-27,8],[1,16],[-6,4],[-64,-8],[-24,27],[-62,57],[-74,100]],[[79562,35822],[-8,-4],[-2,-7],[6,-36],[6,-14],[12,-15],[28,-4],[11,-5],[2,-4],[-4,-6]],[[79613,35727],[-52,-10]],[[79561,35717],[-262,-10],[17,-79]],[[79316,35628],[-51,2],[1,-9],[-25,0],[-2,-11],[9,1],[1,-15],[-10,1],[-5,19],[-71,12],[-4,23],[-67,-3],[1,-25],[-5,-19],[-78,-2],[-6,-11],[-264,-28]],[[78740,35563],[4,43],[-18,28],[78,17],[-32,71],[1,7],[85,5],[43,7],[52,0],[67,-4],[60,3],[11,-9],[21,8],[29,6],[-16,90]],[[79125,35835],[29,1],[34,-8],[56,-3],[2,-5],[59,-9],[22,1],[19,-9],[61,2],[3,1],[-7,20],[53,0],[-6,14],[23,5],[-7,12],[48,12],[35,-45],[13,-2]],[[79316,35628],[5,-26]],[[79321,35602],[-5,1],[7,-28],[16,-2],[7,-51]],[[79346,35522],[-9,2],[2,-15],[-19,-8],[-40,-9],[-39,1],[-2,-4]],[[79239,35489],[-23,-13],[-26,-8]],[[79190,35468],[-33,33],[13,14],[-73,-19],[4,7],[-10,0],[-28,8],[-23,2],[-14,5],[-1,3],[-107,-3],[-54,8],[-2,-6],[-26,-11],[-94,3],[-5,-3],[0,11],[-4,2],[-9,-20]],[[78724,35502],[0,31],[16,30]],[[78785,35975],[6,3],[9,-5],[80,2],[23,-4],[12,0],[-10,-9],[7,-12],[-18,-8],[-21,-21],[24,-9],[25,1],[23,-2],[-2,-8],[12,-11],[9,-23],[-12,-7],[2,-23],[15,-19],[6,-3],[13,3],[17,12],[30,0],[26,5],[18,-5],[20,4],[26,-1]],[[78724,35502],[-13,-22],[-26,-14],[-46,-11],[-62,-7],[-114,-24],[-32,-12],[4,-8]],[[78435,35404],[-38,-14],[-47,45],[-10,-6],[-49,-9],[2,2],[-8,10],[-20,4],[-25,-5],[-28,-11],[-3,2],[-7,-6],[-16,-5],[-40,-5],[-43,2],[-28,5],[-27,13],[-20,1],[-17,11],[-28,8],[-82,-10],[-63,0],[-55,-7],[11,-10],[-11,-17],[-14,-8],[-1,-11],[29,-3],[2,-16],[-3,-5],[-36,-26],[78,-36],[42,8],[-49,-48],[-34,-43],[-39,-30],[6,-3],[-4,-4],[0,-18],[-21,-36],[-42,-37],[-1,-2],[16,-2],[-1,-12],[17,-4],[-31,-68],[-1,-14]],[[77696,34984],[-88,31],[-5,3],[2,11],[-8,-8],[-17,8],[-23,13],[-14,13],[-74,42],[0,8],[6,11],[-4,-3],[-6,7],[-18,2],[-3,-1],[18,-4],[2,-5],[-4,-2],[-21,10],[-15,1],[0,5],[-19,7],[-117,17],[-144,12],[-13,-2],[-72,4],[-19,-1],[-9,-4],[5,10],[-20,11],[-2,7],[-1,-6],[9,-6],[12,-5],[-6,-10],[-32,-7],[-25,-10],[-25,-2],[25,1],[16,4],[11,6],[26,6],[9,-1],[8,4],[66,-1],[20,-2],[0,-2],[-85,-8],[-93,-18]],[[76949,35130],[-60,67],[-48,44],[-47,31],[-11,7],[-6,0],[-14,17],[-130,-53],[-15,2],[-15,52],[116,18],[-16,17],[93,16],[-52,36],[62,15],[-42,39],[95,29],[42,16],[10,9],[25,-3],[15,6],[55,12],[60,8],[19,12],[9,4],[8,-2],[55,24],[21,-1],[43,30],[25,5],[-23,46],[-2,21],[-22,27],[-13,38],[-18,36]],[[77168,35755],[-15,20]],[[78294,38491],[28,-19],[37,-13],[-42,-49],[5,-13],[14,-11],[17,-24],[10,-4],[135,-100],[37,-46],[23,-50],[57,-48],[24,-24],[-89,-10],[-3,-13],[5,-17],[-1,-10],[-41,-27],[-26,-23],[-4,-7],[8,-24],[36,-28],[14,-8],[-6,-5],[37,0],[11,-18],[2,-43],[14,-50],[10,-18],[33,-15],[-37,-43],[56,-3],[12,31],[232,64],[68,15],[-2,4],[91,21],[8,-24],[21,-34],[6,-41],[-6,-22],[21,-35],[4,-19],[12,-21],[59,-25],[74,-36],[1,-5],[-16,-7],[-19,-22],[-8,3],[-2,8],[-25,-4],[-8,6],[-11,-1],[0,7],[-8,4],[-27,-7],[-7,2],[-7,-2],[10,-11],[-25,-5],[-21,3],[-34,-10],[-7,-5],[-57,-4],[-16,5],[-15,1],[-9,-4],[-16,-2],[4,-18],[-52,0],[-8,19],[-25,3],[-13,-7],[-13,8],[-4,-6],[-23,2],[-6,-5],[8,-18],[-4,-4],[-23,-8],[-49,-1],[-21,-21],[-20,-9],[-38,-10],[-24,-25],[-29,-14],[-18,-4],[6,-6],[-3,-11],[-22,-8],[-8,-11],[-13,-5],[2,-4],[-8,-7],[-13,-34],[-14,-23],[-21,-14],[-13,-15],[-27,-9],[5,-4],[-30,-15],[-106,-32],[-68,-27],[-62,-19],[-87,-13],[-35,2],[15,-28],[2,-65],[6,-33]],[[77686,37069],[-4,61],[-19,45],[-7,1],[4,36],[-3,26],[-33,158],[-1,26],[-64,0],[-34,-16],[-21,-5],[-34,1],[-52,-2],[-25,38],[-4,19],[23,46],[3,40],[34,32],[9,45],[108,19],[16,15],[44,12],[60,24],[23,6],[144,-7],[3,16],[-5,35],[-31,56],[-5,-1],[-34,52],[-47,90],[-30,34],[-66,-12],[-128,-35],[-141,-60],[-33,-22],[-21,-5],[-60,-14],[-103,-9],[-129,-28],[-22,-2],[-39,40],[-40,61],[-13,14],[-19,10],[-8,8],[-25,-4],[-6,7],[0,12],[-49,3],[-69,9]],[[76733,37944],[5,11],[25,21],[-16,14],[0,13],[22,6],[-6,11],[26,4],[86,84],[-74,43],[-37,13],[-2,-2],[-37,18],[64,17],[53,10],[50,5],[103,20],[45,0],[-2,13],[59,-5],[30,1],[28,6],[56,26],[16,14],[21,27],[30,12],[38,28],[45,18],[17,19],[12,7],[68,13],[168,17],[32,33],[62,-11],[58,-1],[49,-14],[36,4],[57,-35],[18,-5],[58,20],[16,-18],[11,-7],[5,-10],[45,13],[64,31],[100,34],[57,29]],[[79284,36869],[-163,49],[56,-15],[111,-34],[36,-35],[9,-13]],[[79347,36801],[-4,7],[48,-13],[-15,-9]],[[79529,36815],[13,3],[5,5],[-16,36],[21,31],[20,8],[22,13],[32,8],[19,10],[2,13],[-8,14],[-15,16],[11,13],[8,20],[-5,-5],[-1,3],[-3,-14],[-14,-17],[17,-19],[5,-23],[-12,-8],[-46,-13],[-13,-10],[-23,-9],[-22,-32],[17,-32],[-1,-6],[-36,-11],[-20,8],[-32,5],[-40,-15],[-20,-10],[-50,11],[-11,17],[-45,45],[-110,34],[-67,19],[-93,23],[100,-27]],[[78294,38491],[28,17],[40,16],[229,61],[-22,33],[92,25],[-7,12],[49,13],[-4,29],[11,2],[-1,5],[-46,48],[61,18],[81,34],[50,13],[75,32],[35,7],[-54,183]],[[78911,39039],[12,1],[-1,4],[6,1],[-21,22],[-1,31],[99,21],[-16,30],[18,4],[1,11],[43,-1],[-2,26]],[[79049,39189],[61,7],[33,5],[2,4],[41,1],[7,-11],[66,5],[55,12],[26,-18],[49,-24],[21,-14],[59,-71],[12,-57],[-16,-1],[1,-19],[105,-9],[38,0],[45,-32],[44,1],[42,-26],[37,15],[53,10],[16,1],[62,-6],[48,11],[7,-9],[-2,-16],[7,-20],[85,10],[20,-33],[39,-45],[34,-14]],[[81060,38188],[-40,-88],[-27,-144],[-5,-97],[7,-54],[14,-42],[-7,-5],[-1,-6],[20,-50],[-7,-11],[6,-17],[21,-49],[40,-75],[12,-34],[157,-273]],[[81250,37243],[-164,-23],[-1,-3],[-25,1],[-19,-3],[-11,9],[4,2],[-8,15],[-16,12],[7,9],[-1,7],[-40,17],[-3,5],[6,7],[1,15],[-35,33],[-22,-8],[-30,-20],[-17,-1],[-7,-8],[-20,4],[-25,-10],[-33,0],[-26,7],[-3,3],[-43,6],[4,-10],[-14,-1],[-132,-39],[8,-63],[12,-34],[41,-63],[-22,-13],[20,-17],[-28,-3],[-58,0],[-123,-8],[6,-30],[-3,-5],[8,-16],[11,-3],[-4,-10],[3,-14],[8,-10],[-39,-8],[26,-40],[12,-6],[-6,-50],[8,2],[-5,-39],[-25,-1],[-9,-11],[-11,-7],[8,-14],[6,-2],[-4,-26],[3,-49],[17,-2]],[[80437,36727],[-2,-11],[-15,-19],[11,-9],[-33,-11],[-26,-5],[-21,-11],[-19,-1],[-40,5],[-10,4],[-14,25],[-5,29],[-5,4],[-22,7],[-39,4]],[[74960,34999],[-55,0],[-72,-12],[-37,-11],[-133,-56],[-40,11],[14,29],[-21,3],[-14,-26],[-40,12],[-13,23],[-87,-4],[-8,20]],[[74454,34988],[70,41],[90,9],[22,48]],[[74636,35086],[113,-10],[51,4],[30,20],[5,19],[-8,23],[3,11],[12,4],[21,0],[38,-16],[31,-33],[21,-50],[7,-28],[0,-31]],[[74795,34902],[37,9],[31,4]],[[74863,34915],[-51,-13],[-17,0]],[[74960,34999],[0,-14],[-8,-14],[-22,-15],[-38,-11],[-80,-14],[-44,-18],[-27,-22],[3,-1],[-3,-32],[-8,-3],[13,-7],[-31,4],[-157,-22],[-78,-18]],[[74480,34812],[6,14],[-64,-16],[-5,65],[10,53],[-55,-5],[-42,10],[124,55]],[[74477,34807],[86,20],[162,20],[17,-3],[11,-8],[20,-28],[31,-30]],[[74804,34778],[-22,-8],[-20,-21],[-212,74],[-18,-23],[-35,-26],[-33,2],[13,31]],[[79035,35191],[-23,-24],[-4,-12],[5,-28],[3,1],[6,-24],[9,-8],[0,-6],[-5,-1],[14,-33]],[[79040,35056],[-121,-26],[-15,2],[-7,4],[0,15],[-4,-14],[7,-8],[-4,-3],[-129,-21],[-31,2],[-74,18],[-44,7]],[[78618,35032],[9,32],[-18,25],[-12,51],[-18,39]],[[78579,35179],[-2,15],[74,10],[9,-27],[61,4],[2,-5],[116,4],[0,11],[13,1],[29,-1],[1,-7],[144,11],[0,-6],[9,2]],[[73719,35335],[19,2],[69,2],[72,20],[49,8],[67,27],[46,13],[33,17],[20,15],[21,5]],[[74115,35444],[19,-15],[0,-16],[14,-12],[28,-6],[76,-10],[24,-8],[12,-8],[55,-50],[-12,-18],[5,-9],[15,-2],[97,7],[-9,51],[6,-1],[3,3],[80,0],[18,55],[21,21],[26,9],[10,-5],[19,-2],[20,5],[28,11],[10,7],[7,16],[30,32],[2,9],[74,27],[39,5],[0,-38],[11,1],[14,-49],[-17,-5],[2,-18],[4,0],[2,-11],[-3,-8],[16,-23],[4,-23],[14,-8],[21,0],[19,-6],[32,16],[33,-18],[-20,-17],[-3,1],[-22,-28],[6,-2],[-21,-29],[13,-7],[0,-8],[-81,-23],[31,-19],[4,-10],[-14,-7],[-3,3],[-19,-5],[-19,10],[-12,-19],[0,-20]],[[74824,35170],[-42,-15],[-56,-38],[-37,-20],[-143,38],[-42,0],[-23,-3],[-45,1],[-25,2],[-19,0],[-46,-4],[-15,1],[-13,5],[18,23],[0,6],[-8,11],[-12,5],[-44,3],[-97,-12],[-96,1],[-91,12],[-71,24],[-80,2],[1,57],[-16,34],[-10,8],[-23,10],[-29,6],[-4,0],[-37,8]],[[74766,35092],[25,25],[23,-9],[-4,-10],[-10,-4],[-34,-2]],[[74115,35444],[21,9],[15,21],[0,43],[-11,32],[-8,5],[-21,1],[-8,4],[-20,19],[-12,27],[23,43],[2,34],[5,14],[23,13],[30,53],[-5,4],[-24,6],[-31,26],[-2,6],[15,19],[24,7],[8,7],[14,34],[8,9],[23,20],[30,15],[16,18],[-4,5],[-18,4],[-9,-8],[-9,0],[-29,31],[-16,9],[-13,3],[-28,-1],[-56,17],[-14,8],[2,83],[-31,24],[-29,62],[-5,25],[14,17]],[[73985,36212],[6,14],[-13,17],[0,10],[10,13],[32,20],[-29,25]],[[73991,36311],[62,9],[50,1],[46,6],[11,5],[7,9],[13,-4],[81,32],[121,22],[86,11],[0,54],[402,-105],[19,-4],[36,0],[13,-5],[14,-20],[4,-36],[16,-11],[17,-21],[2,-6],[-6,-15],[3,-12],[10,-11],[8,-20],[17,-14],[-4,-17],[4,-15],[-11,-17],[7,-10],[0,-15],[12,-15],[-10,-22],[24,-22],[24,-3],[23,-16],[23,-18],[8,-20],[11,-8],[23,2],[7,13],[49,6],[9,9],[1,33],[8,25],[-3,22],[16,10],[0,9],[9,4],[-1,4],[49,10],[10,-4],[3,3],[7,-2],[3,-4],[20,1],[0,4],[9,7],[-5,10],[5,2],[8,21],[5,4],[11,-4],[0,3],[9,1],[-2,3],[5,4],[5,0],[6,6],[-4,13],[3,6],[-2,9],[5,9],[8,3],[7,-4],[11,-1],[-2,3],[8,6],[3,-2],[15,6],[-3,4],[8,2],[32,19],[6,0],[8,-7],[56,-18],[65,8],[55,13],[114,1],[137,13],[67,-39],[22,-4],[24,5],[23,13],[52,52],[107,-44],[31,-18],[34,-60],[14,-14],[24,-15],[9,-11],[-28,-62],[-28,-33],[-66,-8],[-77,4],[-1,-7],[-2,-21],[7,-19],[7,-53],[17,-15],[32,-15],[48,-47],[4,-22],[-4,-20],[15,-22],[1,-24],[385,46],[113,24],[-8,11],[93,14],[-6,23],[-17,25],[-1,23]],[[77151,35779],[17,-24]],[[76949,35130],[-94,-18],[-46,-7],[-13,-3],[-122,-16],[-10,1],[2,-2],[-40,-6],[-23,-7],[-24,-14],[-8,-1],[3,-5],[-34,-29],[-9,-20],[-11,-5],[-54,-48],[-44,-21],[-40,-11],[-39,-6],[-21,1],[-60,11],[-1,10],[-5,-7],[-6,0],[-60,10],[-56,2],[-63,6],[-36,0],[-5,4],[-3,-3],[-48,-4],[-44,0],[0,-2],[-59,-7],[-80,-27],[-2,10],[-6,-12],[-11,-1],[-49,-18],[-2,3],[-7,-4],[-3,5],[-2,-8],[-54,-16],[-36,-8],[-23,-2],[-33,1],[-59,23],[-70,38],[1,9],[-7,-6],[-47,12],[-24,2],[-29,8],[-42,2],[-34,-4],[-29,-10],[-34,-3],[-50,-16],[-6,-6],[-61,-32],[-59,-49],[-53,-36],[-48,-27],[-30,-6],[-8,0],[-16,7],[-19,12],[-28,27],[-35,43],[-10,24],[0,15],[6,11],[18,8]],[[74863,34915],[38,7],[21,6],[51,27],[9,10],[9,20],[7,37],[-15,70],[-18,22],[-12,7],[-7,15],[-26,14],[-6,9],[-21,7],[-17,4],[-3,-2],[-6,3],[-8,-2],[-13,4],[-22,-3]],[[74921,34742],[-28,-8],[-20,-1],[-31,12]],[[74842,34745],[-18,16],[18,-12],[33,-9],[25,0],[21,2]],[[80437,36727],[16,0],[11,-4],[32,-15],[35,-21],[32,-8],[17,1],[7,-29],[25,-21],[-5,-17],[8,-13],[-3,-14],[3,-9],[28,-12],[-2,-13],[-10,-17],[2,-17],[30,-1],[35,5],[6,-6],[22,5],[4,-4],[85,-7],[2,-6],[18,2],[28,15],[9,29],[15,24],[1,17],[8,24],[33,2],[2,-2],[34,-4],[21,-6],[36,5],[14,-1],[26,-10],[70,-6],[17,-4],[31,7],[29,10],[54,0],[29,4],[13,-2],[16,-14],[40,-73],[6,-39],[40,-1],[26,-5],[-5,-12],[1,-19],[15,-2],[26,3],[12,-11],[26,-16],[15,2],[17,-3],[24,-11],[40,-5],[10,-12],[5,-17],[1,-19],[-7,-15],[2,-29],[15,-13],[-5,-25],[75,-1],[11,-2],[5,-4],[-1,-9],[14,-1],[25,-13],[8,-9],[-6,-6],[35,-7],[0,-7],[16,-14],[56,-8],[45,1],[40,7],[42,0],[16,7],[41,-3],[2,6],[39,1]],[[82088,36210],[43,-31],[49,-44],[109,-90],[31,-31],[106,-85],[30,-31],[114,-88],[70,-64]],[[82640,35746],[0,-9],[9,-12],[-15,-19],[2,-16],[-53,2],[-3,-3],[-14,-2],[-2,-2],[-14,0],[-8,-4],[-30,-2],[-50,-11],[-16,-8],[-48,-9],[-45,-2],[-15,2],[-34,-6],[-104,-7],[-56,2],[-25,-19],[-27,-8],[3,-6],[-8,-4],[13,-20],[-21,-9],[1,-5],[-13,-22],[35,-19],[-5,-3],[11,-8],[10,3],[10,10],[15,1],[-2,5],[11,7],[14,-4],[10,2],[2,12],[21,8],[9,6],[18,-20],[12,-6],[11,-12],[3,-7],[14,-8],[10,-13],[2,-25],[-16,-3],[2,-2],[-15,-4],[6,-17],[26,5],[48,-4],[12,2],[0,7],[10,0],[-1,-14],[10,-20],[2,-21],[-11,-6],[-10,-18],[-14,-98],[-6,-6],[-57,-18],[-154,-67],[0,-12],[-11,-11],[4,-44],[-165,-53],[-37,-30],[-78,-29]],[[81823,35013],[-29,36],[1,8],[-100,42],[-26,16],[-3,-3],[-89,38],[-80,26],[-28,5],[-18,7],[-27,1],[-24,-19],[-26,-2],[-11,15],[-37,10],[18,25],[-17,3],[23,19],[36,19],[39,11],[6,17],[-6,22],[18,4],[3,44],[-6,2],[0,15],[-5,11],[-7,1],[2,13],[-19,15],[-4,21],[-11,9],[-7,16],[-8,0],[-12,16],[-19,0],[-7,19],[-9,8],[-9,2],[-17,28],[-16,6],[-22,22],[-31,10],[-5,6],[-8,2],[12,13],[-18,-1],[-69,-13],[-29,0],[-51,-8],[-47,5],[-10,4],[-44,2],[-12,-3],[-11,-8],[-34,-3],[-49,-9],[-17,0],[-22,6],[-11,-11],[10,-21],[-5,-17],[-25,1],[-41,-16],[-30,8],[-23,-4],[-77,1]],[[80623,35505],[0,10],[22,0],[0,21],[-23,2],[2,11],[10,2],[4,12],[5,55],[-56,-2],[0,6],[6,0],[-2,13],[-50,-2],[-26,-6],[-26,25],[-42,-22],[-13,7],[-40,-13]],[[80394,35624],[-119,80],[-36,20]],[[80239,35724],[-91,50],[-118,134],[-78,-10],[-92,-7],[-41,-7],[-5,3],[-71,-3],[3,-8],[-29,-2],[1,-5]],[[79718,35869],[-48,-4]],[[79670,35865],[1,28],[-6,26],[-37,27],[-12,4],[-28,1],[-17,7],[-23,23],[-15,22],[-10,6],[-10,4],[-67,4],[-42,19],[-4,10]],[[78718,36059],[19,11],[1,10],[6,5],[77,9],[0,-3],[51,3],[-1,-4],[27,9],[35,5],[1,25],[-9,24],[39,11],[-6,2],[29,23],[9,14],[58,24],[22,-2],[-4,4],[11,5],[-5,4],[22,9],[-11,12],[37,11],[-21,25]],[[79263,36327],[24,-27],[3,-19],[-25,-37],[-5,-16],[-32,-26],[-4,-14],[3,-6],[49,-32],[42,-4],[35,1],[14,-3],[12,-11],[6,-16],[17,-9],[3,-5],[6,-28],[-13,-23],[2,-16],[47,-21],[61,-3],[13,-3],[49,-53],[20,-7],[34,-2],[37,-27],[7,-27],[1,-24],[-13,-18],[-26,-14],[-40,-3],[-28,-12]],[[81250,37243],[56,-97],[73,-111],[29,-53],[94,-108],[3,-12],[17,-26],[11,-33],[31,-46],[4,-16],[-5,1],[-5,-3],[-1,-10],[34,-47],[92,-98],[107,-96],[-4,-2],[5,-6],[-4,-1],[1,-6],[26,-29],[122,-111],[88,-74],[64,-49]],[[74203,36613],[-28,-3],[-43,2],[-37,-4],[-101,17],[-35,9],[-11,7],[7,11],[15,6],[11,1],[45,19],[10,7],[3,6],[-7,16],[7,14],[-10,14],[20,16],[6,18],[14,4],[35,-1],[11,5],[-1,30],[-5,5],[-20,9],[6,5],[23,-4],[9,3],[0,6],[-10,14],[2,10],[7,4],[20,0],[10,5],[-5,19],[7,4],[8,2],[33,-7],[16,8],[-3,14],[-12,23],[-20,15],[-33,19],[-1,9],[11,8]],[[74157,36978],[12,20],[25,11],[4,6],[-3,4],[-18,5],[-5,9],[3,21],[7,14],[-26,10],[-6,14],[18,11],[-5,17],[15,12],[5,8],[-7,15],[-18,12],[-1,9],[53,36],[9,34],[-10,15],[-15,12],[-12,6],[-31,3],[-29,14],[-20,14],[-7,12],[4,16],[24,18],[5,18],[19,15],[5,22],[11,18],[-7,32],[27,20],[13,20],[32,15],[-48,13]],[[74180,37529],[45,4],[52,11],[19,-10],[12,8]],[[74308,37542],[23,1],[128,25],[40,10],[42,15],[91,12],[29,-112],[-35,-26],[-16,10],[-4,-25],[-13,-1],[4,-14],[21,0],[14,-10],[18,-3],[10,-9],[8,4],[5,-9],[-3,-4],[-58,-25],[53,-50],[86,18],[14,-33],[52,-60],[-8,-6],[1,-16],[9,-12],[47,-35],[33,-17],[47,-44],[58,-39],[32,8],[50,7],[102,4],[25,-5],[16,11],[8,1],[31,-10],[38,4],[73,-39],[55,26],[26,16],[70,16],[10,6],[7,1],[7,-14],[22,0],[25,8],[29,11],[10,18],[64,-13],[39,-3],[5,-8],[26,-2],[13,-17],[5,-18],[15,-28],[-12,-18],[5,-30],[-4,-6],[13,-11],[17,-47],[12,-2],[-5,-16],[-8,-10],[28,-18],[-11,-14],[-9,0],[-15,-15],[-10,-16],[-20,7],[-15,-20],[-39,2],[-7,-19],[-41,-47],[-14,6],[-5,-6],[4,-19],[-18,-12],[-20,-24],[-24,-11],[-15,-11],[3,-25],[-18,-5],[-6,1],[-27,20],[-4,-3],[-18,-2],[-23,-9],[-31,-5],[-42,32],[-36,9],[33,19],[60,26],[13,10],[4,13],[-6,14],[3,22],[9,5],[21,5],[10,10],[-5,4],[-40,17],[-60,10],[-244,84],[-90,-49],[-359,-10],[-11,-6],[-15,-1],[-14,-8],[3,0],[1,-9],[8,-10],[-3,-9],[9,-8],[-5,-22],[14,-52],[-31,2],[1,-16],[13,-19],[-37,-26],[-14,-5],[-92,8],[-51,-1],[-68,-2],[1,-6],[-28,-4],[-25,2],[-20,-4],[-6,1],[-14,-4],[-3,-4],[-8,1],[-5,-5],[-9,-1],[-10,-19],[-27,-10],[-18,-17],[-32,-6],[-26,-16],[-5,2],[-16,-3],[5,-13]],[[72995,34479],[-22,13],[-63,1],[-20,7],[4,6],[-10,2],[-15,-1],[-14,-16],[-44,-1],[-32,5],[1,20],[-21,2],[-9,-2],[-11,5],[-33,-1],[-37,14],[-17,0],[-12,3],[-30,19],[17,19],[-43,19],[-116,8],[15,44],[17,0],[27,8],[41,27],[56,46],[60,12],[4,6],[-42,16],[61,64]],[[72707,34824],[22,25],[-17,9],[22,33],[9,24],[29,-5],[21,-6],[8,10]],[[72801,34914],[17,4],[38,20],[8,1],[9,-1],[18,-17],[51,-30],[3,-42],[16,-2],[40,17],[20,1],[14,-4],[23,-13],[12,-10],[5,-12],[13,-5],[13,2],[14,12],[22,9],[113,15],[31,-1],[49,-9],[22,0],[45,-15],[27,10],[14,19],[16,3],[20,0],[41,-13],[83,1],[51,-6],[9,2],[0,5],[-23,15],[-10,33],[8,12],[18,7],[54,10],[66,6],[12,-8],[0,-10],[-10,-8],[-25,-5],[-1,-9],[18,-11],[18,-5],[25,-2],[15,3],[4,7],[-2,16],[4,4],[8,4],[27,4],[9,6],[-2,5],[-26,12],[-7,8],[23,21],[0,34],[3,5],[8,3],[30,-2],[31,-13],[17,-4],[48,-3],[37,8],[55,28],[58,8],[48,12],[41,2],[64,-2],[23,-4],[28,-12],[19,0],[17,11],[6,15],[-4,24],[-22,38],[6,6],[68,-6],[17,0],[25,5],[55,-4],[36,-9],[61,-24]],[[74480,34812],[-500,-117],[-437,-53],[-6,-12],[6,-12],[6,-93]],[[73549,34525],[-75,-23],[-107,1],[-87,-7],[-42,-9],[-57,-18],[-38,2],[-38,-7],[-15,3],[-24,11],[-31,7],[-17,0],[-23,-6]],[[74756,34312],[-546,134],[-170,46],[-67,15],[-7,-5],[-98,-1],[-309,4]],[[73559,34505],[-10,133],[432,52],[496,117]],[[74804,34778],[38,-33]],[[74921,34742],[17,5],[25,13],[7,-3],[7,11],[46,26],[35,25],[45,39],[39,22],[54,20],[73,18],[57,0],[67,-13],[51,-22],[29,-16],[16,-6],[6,-3],[39,-16],[29,-6],[30,-2],[30,-4],[13,2],[20,-1],[46,11],[124,39],[45,20],[29,7],[79,7],[71,3],[39,-2],[66,-6],[69,-11],[42,-9],[30,-4],[18,-9],[30,-9],[7,-5],[-3,-2],[10,-4],[-13,-14],[-55,6],[-42,-8],[42,6],[56,-8],[-5,-6],[-4,-46],[5,-23],[2,-4],[-14,-6],[16,4],[12,-20]],[[76358,34738],[-28,-8],[-31,-23],[-2,-6],[12,-7],[11,-21],[-23,4],[-40,-6],[-46,2],[-13,8],[-24,-1],[-3,16],[-14,-5],[-22,-1],[-18,-13],[9,-12],[-5,-26],[-71,-2],[-154,-35],[4,-7],[-84,-22],[-39,-19],[55,-15],[-204,-59],[1,15],[31,20],[13,14],[-22,22],[-59,-24],[-28,-7],[-72,-13],[-46,-17],[-61,-30],[-16,-12],[-17,-16],[-9,-29],[-15,-13],[-81,-26],[-23,13],[-34,2],[-7,-11],[-60,-11],[-20,5],[-4,-12],[-38,-10],[-73,-48],[-68,-23],[-164,43]],[[81809,34443],[79,52],[56,7],[24,19],[31,11],[18,22],[-1,12],[-27,-1],[-7,5],[-7,1],[-43,-3],[-28,4],[-43,-7],[-15,2],[-2,4],[4,4],[34,10],[-6,4],[-50,10],[-74,34],[-5,-6],[-77,41],[-17,13],[-36,15],[-21,13],[-27,41],[9,19],[-2,11],[-6,3],[3,6],[24,3],[2,6],[-7,6],[-23,4],[-13,12],[11,5],[15,-2],[13,19],[45,36],[-16,13],[8,11],[-12,18],[15,1],[-5,8],[31,11],[7,-1],[5,4],[-2,5],[12,-5],[11,1],[5,10],[32,6],[61,42],[31,11]],[[82640,35746],[175,-142],[103,-72],[280,-222],[122,-81],[79,-64],[30,-21],[50,-47],[22,-31],[-3,-4],[12,-9],[74,-52],[230,-176],[155,-107],[131,-111],[85,-64],[33,-39],[23,-39],[63,-82],[53,-122],[66,-86],[4,-26],[47,-102],[3,-41],[-2,-33],[-5,-9],[-57,-63],[-30,-24],[-104,-60],[-91,-59],[-58,-44],[-13,-6],[-19,0],[-10,5],[-3,11],[3,9],[9,9],[29,14],[40,9],[19,10],[24,20],[17,6],[25,24],[19,8],[12,15],[37,19],[21,16],[16,-3],[7,2],[44,28],[21,18],[22,24],[17,26],[-2,61],[-49,51],[-9,2],[-32,19],[-16,3],[-19,14],[0,3],[-30,17],[-43,33],[-10,2],[-27,0],[-66,38],[-84,40],[-71,24],[-31,6],[-53,22],[-95,29],[-81,18],[-8,-2],[-18,7],[-18,0],[-18,6],[-75,8],[-106,15],[-42,7],[-62,15],[-47,1],[-40,-11],[-4,2],[-7,-4],[-4,3],[-5,-5],[-10,-5],[-10,0],[-22,-17],[-25,13],[-3,-2],[10,-4],[-1,-8],[-14,-6],[-141,-15],[-93,-14],[-45,-10],[-21,-7],[-105,-19],[-18,-6],[-23,-2],[-16,-6],[-102,-23],[-67,-10],[-27,-14],[-14,-14],[-48,5],[-59,2],[-131,10],[-40,5],[-44,9],[-69,8],[-84,18],[-97,38],[1,2],[-28,19],[-80,37],[-50,28],[-18,16],[14,7],[-9,-1],[9,8],[-6,-1]],[[78435,35404],[78,-124],[9,-67]],[[78522,35213],[5,-9],[33,6],[3,-32],[16,1]],[[78618,35032],[-98,3],[-128,-7],[-270,-38],[-106,-18],[-91,-11],[-61,-2],[-9,1],[-27,-2],[-74,7],[-29,9],[-4,-2],[-25,12]],[[80664,35181],[48,30]],[[80712,35211],[-35,-29],[-6,-2],[-7,1]],[[80633,35465],[-10,9],[-3,8],[3,23]],[[81809,34443],[-4,3],[-7,-8],[-5,1],[2,-4],[-9,-4],[-4,5],[-40,27],[-10,3],[-4,-1],[0,5],[-26,17],[-46,27],[-39,27],[-5,4],[-99,74],[-59,28],[0,7],[-6,10],[-8,3],[2,6],[20,-5],[-15,5],[-5,3],[-3,15],[-8,9],[10,-16],[-4,-19],[-20,15],[-1,5],[-4,0],[-4,6],[-16,9],[2,2],[-9,1],[-19,15],[-17,6],[-9,6],[-10,3],[-7,6],[-32,20],[-43,18],[-42,15],[2,1],[-55,30],[-14,12],[-8,0],[6,2],[-15,18],[9,-4],[14,2],[4,-4],[1,4],[6,1],[9,-3],[-8,-5],[12,2],[2,3],[-47,36],[-40,25],[-80,31],[-3,4],[10,12],[-77,36],[-12,1],[-1,-11],[-11,-5],[-20,0],[-2,-4],[4,-4],[-9,-7],[13,-11],[35,-12],[-46,13],[-14,17],[-11,7],[-34,57],[-24,24],[4,25],[5,2],[0,5],[-20,28],[10,6],[12,1],[26,13],[0,12],[-10,13],[26,18],[-10,-1],[-21,-15],[10,-22],[-7,-2],[-3,10],[1,-7],[-11,-12],[-6,0],[2,3],[-13,-1],[-65,10],[-19,52],[7,18],[14,13],[-1,5],[-10,5],[-25,4],[-7,10]],[[80691,35253],[3,14],[14,9],[6,11],[-13,16],[16,13],[-10,14],[9,5],[20,7],[11,37],[-18,5],[-12,6],[-8,29],[-43,1],[-15,9],[5,13],[-31,14],[8,9]],[[79010,35338],[180,-5]],[[79190,35333],[16,0],[-1,-17],[-54,-14],[-31,-2],[9,-19],[-7,-1],[-8,-16],[-20,-18]],[[79094,35246],[-3,0],[-17,-15],[-14,-27],[-25,-4],[0,-9]],[[78522,35213],[52,8],[36,9],[50,4],[15,5],[26,15],[17,5],[-9,7],[2,3],[21,6],[19,10],[1,5],[53,6],[-7,16],[15,2],[0,9],[16,-5],[22,5],[17,23],[41,-12],[2,2],[10,-1],[32,-7],[49,-6],[8,16]],[[79190,35468],[-41,-20],[-7,-19],[-92,1],[-29,-63],[0,-14],[-11,-15]],[[73991,36311],[-29,32],[-1,9],[7,13],[12,12],[14,6],[39,9],[15,12],[3,12],[-20,35],[1,10],[24,15],[81,8],[47,13],[21,13],[-8,12]],[[74197,36522],[-11,18],[3,9],[14,15],[-7,21],[30,7],[8,8],[-11,12],[-20,1]],[[74308,37542],[1,23],[22,8],[20,11],[37,11],[22,1],[13,8],[8,-2],[3,-7],[14,-2],[24,5],[13,6],[10,17],[16,14],[9,36],[13,22],[18,9],[59,13],[28,15],[4,12],[-15,18]],[[74627,37760],[3,3],[5,-2],[17,6],[21,-2],[34,-7],[16,4],[6,-2],[15,3],[29,1],[22,-3],[15,-6],[46,12],[27,2],[11,5],[24,2],[29,13],[22,15],[7,-6],[52,8],[4,-2],[0,-4],[92,0],[34,-4],[30,0],[45,8],[69,6],[50,9],[0,5],[41,1]],[[75393,37825],[-12,-37],[10,-8],[35,8],[15,0],[10,6],[125,22],[11,5],[36,2],[2,2],[25,-3],[6,2],[18,-4],[33,2],[46,12],[86,10],[30,8],[46,5],[100,25],[19,-34],[16,-44],[1,-82],[25,0],[16,-4],[63,0],[4,-14],[11,-6],[29,4],[17,5],[25,1],[10,-6],[3,-14],[7,-8],[36,-18],[60,9],[100,8],[2,3],[41,4],[19,15],[2,8],[-15,11],[35,32],[10,20],[-7,7],[-25,8],[-20,10],[-3,15],[-32,5],[-10,8],[3,10],[9,9],[-5,25],[5,14],[28,22],[16,8],[1,4],[16,-6],[6,9],[-2,13],[6,7],[13,5],[41,9],[35,-2],[0,-4],[8,-1],[53,2],[46,-5]],[[82875,33557],[-14,-6],[-56,-13],[-84,-47],[-24,18],[-12,-6],[-84,-21],[-4,5],[-7,0]],[[82590,33487],[-11,20],[-14,14]],[[82565,33521],[-8,10],[-21,16],[76,31],[65,19]],[[82677,33597],[48,16],[24,-6],[32,7],[19,8]],[[82800,33622],[53,-46],[2,-5],[20,-14]],[[82567,33756],[-20,-11],[-9,-14],[12,-4],[-3,-3],[-10,2],[-30,-33],[-1,-35],[13,-16]],[[82519,33642],[-53,-14],[5,-6],[-5,-3],[-45,-8],[-24,34],[-7,4],[-89,10]],[[82301,33659],[15,19],[9,33],[14,26],[16,17],[-5,2],[45,46],[0,4],[-7,3],[8,8]],[[82396,33817],[22,3],[6,-4],[0,-5],[14,1],[20,0],[20,-5],[89,-51]],[[82170,33796],[-17,-9],[-60,-3],[-13,-3],[-58,-35],[-41,-15],[-35,-19],[4,-3]],[[81950,33709],[-8,-19],[-44,-30],[-59,-18],[-12,-1],[-11,-12],[-10,-2],[8,-6],[-10,-1],[-9,-5],[-6,-14],[-14,-1],[11,-11],[-15,-6],[-4,-6],[-8,-5]],[[81759,33572],[-6,6],[9,5],[-15,15],[-12,-3],[-71,50],[-25,10],[-16,19],[34,10],[17,12],[-10,6],[4,3],[-11,9],[17,1],[27,-4],[7,6],[13,2],[3,5],[-3,5],[15,8],[-7,5],[20,9],[43,1],[20,-4],[14,20],[48,49],[13,4],[32,-11],[9,13],[1,21],[66,34]],[[81995,33878],[115,-53],[42,-12],[6,-11],[12,-6]],[[83151,33376],[-26,-10],[-68,8],[-22,4],[-24,16],[-121,-5],[-87,-11],[-44,-2],[-110,38],[-61,49],[-4,15],[6,9]],[[82875,33557],[47,-29],[7,-3],[12,5],[2,-4],[5,6],[0,-7],[5,3],[-3,-6],[5,-3],[11,3],[-5,-4],[8,-1],[-2,-3],[3,-3],[4,5],[1,-7],[10,6],[-5,-7],[5,1],[2,5],[9,-4],[27,-15],[5,-6],[-7,11],[-31,27],[-12,31],[1,7],[6,0],[29,-26],[59,-65],[26,-21],[-5,-9],[8,-14],[-4,-4],[-7,0],[-3,3],[-30,17],[10,-9],[19,-8],[-11,2],[13,-5],[-11,-6],[2,-2],[9,5],[20,4],[27,-25],[15,-26]],[[82519,33642],[14,-19],[82,23],[62,-49]],[[82565,33521],[-52,-26],[22,-33],[-9,-3],[-10,2],[-13,-3],[-53,-22],[-21,22],[24,7],[-16,19],[-61,-27]],[[82376,33457],[-76,175],[-26,8],[-2,3]],[[82272,33643],[29,16]],[[83151,33376],[42,-39],[35,-19],[0,-4],[-8,-4],[15,-19]],[[83235,33291],[-49,-19],[-9,-8],[4,-4],[-24,-10],[-18,-2],[-27,-11],[-100,-21],[-30,-5],[-46,0],[-10,-12],[-27,-3],[-21,27],[-28,-4],[-14,-8],[-8,4],[-25,-1],[-12,3],[-40,-8],[-4,-3],[1,-7],[-22,-10],[-24,-3],[-16,-7]],[[82686,33179],[-20,28],[-7,1],[-14,19],[-27,15],[-22,-6],[-9,1],[-5,3],[-43,0],[-12,-3],[-5,4],[-10,-3],[-3,3],[-24,-2],[-44,-9],[-19,-18]],[[82422,33212],[-112,-4],[-14,17],[-53,91]],[[82243,33316],[52,1],[-42,34],[19,12],[-15,8],[23,8],[43,-1],[-14,10],[54,17],[-27,16],[-4,-2],[-6,1],[-13,6]],[[82313,33426],[47,20],[16,11]],[[81824,33974],[-5,-6],[-14,0],[-36,-12],[-24,1],[-10,-6],[-4,-8],[-9,1],[-12,-2],[2,8],[-7,2],[-8,-9],[-16,1],[-3,-9],[-39,9],[-64,-30],[-20,16],[0,-6],[-7,-4],[-5,0],[-2,-6],[-13,-1],[-2,-5],[-12,-6],[8,-14],[7,-3],[-11,-7],[-79,-46],[-62,-24],[-25,-21],[-17,-5],[-18,-12],[-45,-13],[-16,-14],[-64,-32]],[[81192,33711],[-32,-14],[-16,7],[-6,-4],[-21,9],[-9,-1],[-7,3],[-16,-13],[-12,6],[-18,-12],[-9,2],[-3,-3],[-25,6],[-41,-15],[-22,9],[-26,-13],[-25,20],[11,18],[-42,12],[12,11],[-10,6],[9,7],[-14,6],[-6,5],[3,2],[-24,18],[6,3],[-5,11],[-12,10],[2,2],[-12,2],[3,2],[-15,16],[-3,9],[8,3],[-3,3],[-13,-3],[-8,2],[4,3],[-26,15],[-16,-14],[-12,4],[-12,-12],[-37,10],[-31,-21],[-9,1],[-7,3],[29,18],[-20,12],[6,8],[-2,3],[8,4],[-7,3],[2,4],[9,4],[-3,1],[9,7],[-7,5],[10,4],[-3,2],[4,4],[-12,3],[-10,-1],[-36,-13],[-47,41],[-21,-11],[-64,33],[-15,-7],[-52,34],[-32,11],[-43,9],[1,6],[17,10],[-41,27],[-16,23],[-32,-11],[-16,24]],[[80261,34089],[34,6],[34,18],[25,6],[-2,3],[24,5],[8,-2],[50,2],[24,5],[40,0],[34,13],[18,3],[9,6],[69,10],[9,7],[19,7],[74,3],[21,4],[1,-4],[29,3],[-4,7],[7,2],[16,-1],[24,-6],[8,1],[101,47],[17,11],[59,24],[107,52],[11,3],[11,8]],[[81138,34332],[4,-5],[-18,-12],[4,-9],[133,-56],[-1,-4],[6,2],[117,-49],[1,-10],[7,2],[33,-9],[57,-19],[13,-14],[14,0],[9,-7],[82,-33],[8,-8],[82,-52],[10,0],[6,-7],[34,-8],[10,-5],[29,-20],[34,-35],[3,-2],[9,2]],[[82313,33426],[-4,2],[-24,-4],[-30,-12],[-6,3],[9,7],[-3,2],[-10,-5],[-28,11],[-4,-4],[-28,-3],[3,16],[-10,1],[-1,-5],[-55,1],[-3,4],[7,0],[-9,17],[2,7],[-17,0]],[[82102,33464],[-1,15],[21,-1],[-2,4],[6,1],[-5,13],[-5,0],[-3,10],[13,1],[2,-9],[13,0],[1,4],[23,-1],[2,-3],[14,1],[-2,5],[5,0],[-10,31],[-10,0],[0,3],[-12,0],[0,-4],[-21,3],[-7,32],[-50,8],[4,30],[0,3],[-9,-1],[2,11],[-29,0]],[[82042,33620],[3,3],[-5,2],[6,6],[37,2],[38,22]],[[82121,33655],[54,-16],[21,-4],[54,2],[22,6]],[[82243,33316],[-53,-6],[3,-5],[-13,-2],[-2,-16],[-8,1],[1,3],[-20,-3],[-18,1],[-5,11],[-47,-5],[-7,6]],[[82074,33301],[-21,18],[-24,35],[6,11],[-17,5],[5,10],[-22,10],[-22,33],[-11,4],[-2,10],[-3,0],[3,14],[5,4]],[[81971,33455],[131,2],[0,7]],[[82567,33756],[73,-42],[17,-14],[61,-26],[19,-2],[42,-28],[21,-22]],[[81971,33455],[1,4],[-35,0],[-68,-4],[2,52]],[[81871,33507],[-2,20],[9,19],[27,35],[75,-1],[5,13],[41,-7],[6,18],[-3,7],[13,9]],[[82422,33212],[-5,-7],[1,-17],[-9,-8],[-2,-17],[-42,-117],[-4,-29],[-18,-55],[-36,1],[6,-4],[-14,-1],[-19,-10],[-8,4],[-45,-21],[-23,-5],[-30,6],[-25,0],[32,-29],[-15,-5],[5,-7],[-9,-2],[14,-15],[15,-8],[-2,-3],[15,-7],[-173,-71]],[[82031,32785],[-27,22],[-94,57],[-18,23],[-78,68],[-61,32],[-24,26],[-17,34],[-63,56],[19,6],[11,-1],[13,-8],[13,-16],[3,-2],[9,3],[10,-6],[13,2],[6,-2],[0,-7],[29,-14],[6,5],[10,1],[29,-4],[24,4],[4,-2],[78,57],[7,1],[20,19],[6,0],[4,3],[-7,10],[2,9],[-8,6],[4,4],[-17,14],[3,3],[-14,15],[-2,20],[-8,1],[55,29],[31,10],[23,12],[26,7],[23,19]],[[82121,33655],[-171,54]],[[82170,33796],[7,3],[4,-2],[8,2],[24,-1],[53,-8],[20,-11],[12,-16],[7,-4],[67,62],[12,2],[3,-7],[9,1]],[[81759,33572],[-48,-18],[6,-10],[7,-1],[8,-7],[16,-26],[10,1],[2,-9],[111,5]],[[82031,32785],[47,-38],[76,-39],[88,-53],[27,-25],[8,-15]],[[82277,32615],[-46,-14],[-27,-23],[-19,-1],[-181,-63],[-14,-19],[-80,-40]],[[81910,32455],[-4,19],[-19,16],[-47,-15],[-40,2]],[[81800,32477],[-21,28],[-2,15],[-35,-7],[-11,14],[-53,-5],[-26,29],[-14,25],[-5,-1],[-10,20],[-4,0],[-18,30],[6,1],[-26,31],[-4,13],[-13,2],[-5,16],[-15,22],[16,-6],[7,7],[-11,11],[34,25],[-42,-5],[-11,16],[-2,11],[-67,-11],[-5,7],[-17,-2],[-35,2],[-27,3],[-3,4],[-15,-3],[-5,5],[-41,0],[-1,7],[-13,0],[9,21],[-2,40],[-25,10],[7,19],[-33,10],[9,15],[-4,5],[-12,3],[-3,8],[3,7],[-7,2],[-17,-8],[-31,-1],[-25,12],[-25,5],[-28,9],[-78,-3],[22,51],[7,28],[10,16],[9,0],[3,2],[-7,38],[-15,16],[20,17],[11,15],[2,48],[-5,0],[-7,22],[-13,13],[-1,10],[-31,36],[-13,9],[-13,26],[2,3],[-7,5],[4,2],[-7,7],[0,10],[9,7],[3,10],[13,11],[4,11],[-46,6],[-44,2]],[[80954,33356],[30,31],[5,0],[20,27],[20,19],[28,19],[7,11],[38,32],[24,15],[-7,3],[76,69],[27,20],[-3,2],[24,10],[-7,8],[13,3],[-5,5],[21,8],[-40,44],[-33,29]],[[81824,33974],[6,1],[18,-10],[147,-87]],[[77255,33639],[2,-38],[-150,-4],[-77,-29],[-42,-6]],[[76988,33562],[-62,53],[-74,1],[-34,-9],[-1,-2],[-56,-3]],[[76761,33602],[-1,65]],[[76760,33667],[25,0],[0,3],[16,5],[0,6],[33,1],[20,-1],[-1,-7],[52,0],[0,-7],[15,0],[1,7],[15,0],[1,4],[6,-1],[-1,-11],[4,4],[1,-4],[11,-1],[7,3],[28,0],[14,12]],[[77007,33680],[13,10],[14,30],[16,-2],[6,-5],[-4,-9],[7,-7],[-6,-6],[6,-3],[11,-24],[92,-2],[93,-23]],[[75765,33636],[-6,-90],[3,-30],[17,-23],[9,-34],[-9,-20],[-69,10],[0,6],[-42,-4],[-8,16],[-18,-2],[-29,-9],[-15,0],[-29,-5],[56,-190],[65,3],[-20,-44],[-72,-4],[-11,7],[-2,12],[-33,-26],[-5,2],[-19,-13],[-17,16],[-31,21],[-39,18],[-33,-10],[1,-4],[-28,-4],[-61,6],[-54,2],[-5,-5],[-6,-29],[-60,-1],[-92,14],[-20,0],[0,-4],[-16,1],[-7,-5],[-2,1],[-13,-4],[2,8],[-32,2],[2,3],[-26,4],[-15,-2],[-19,6],[3,7],[-94,13],[13,-16],[-26,-55],[-212,24],[-5,-10],[-97,11],[-5,4],[-8,25],[16,22],[-14,50],[17,21],[-17,-5],[-12,-10],[-14,-1],[13,32],[-71,9],[-2,4]],[[74442,33357],[7,2],[48,42],[-32,41],[-40,22],[-14,31],[7,16],[2,55],[58,90],[4,2],[19,-5],[9,12],[-98,19],[47,129]],[[74459,33813],[29,-5],[-4,18],[12,14],[12,4],[28,2],[28,-16],[36,-6],[58,-28],[30,-20],[13,15],[23,-3],[4,-8],[348,66],[58,5],[147,-38],[178,-21],[3,6],[87,-10],[25,1],[1,-10],[4,0],[9,-15],[53,-41],[17,-38],[33,-41],[39,-6],[30,0],[5,-2]],[[75873,33634],[-40,4],[-61,12],[-7,-14]],[[74459,33813],[-16,4]],[[74443,33817],[106,161],[-1,79],[208,255]],[[76358,34738],[28,-36],[44,-21],[14,-11],[-2,-37],[-36,-77],[-16,-21],[0,-13],[-20,-42],[-15,-20],[-19,-17],[-81,-35],[-24,-16],[-11,-13],[-16,-28],[-5,-80],[4,-51],[20,-36],[31,-27],[61,-31],[20,-20],[1,-18],[-11,-15],[-16,-11],[-47,-19],[-41,-3],[-38,3],[-60,10],[-21,0],[-32,-10],[-45,-30],[-46,-53],[-17,-58],[4,-9],[21,-18],[49,-32],[4,-19],[-15,-28],[-18,-15],[-50,-27],[-35,-14],[-23,-19],[-10,-14],[-11,-31],[-5,-42]],[[75873,33634],[7,-38],[11,-25],[22,-26],[46,-39],[12,-26],[-7,-31],[-26,-30],[-12,-21],[-1,-17],[7,-21],[32,-41],[9,-21],[-6,-29],[-24,-53],[-17,-55],[-16,-20],[-37,-31],[-37,-43],[-9,-1],[-84,5],[-30,-5],[-25,-12],[-9,-13],[0,-32],[-51,-30],[-16,-22],[9,-27],[21,-15],[9,-13],[4,-15],[-3,-15],[-15,-6],[-34,2],[-34,-3],[-20,-5],[-17,-10],[-12,-15],[-4,-19],[14,-80],[-4,-10],[-22,-18],[-66,-38],[-35,-17]],[[75403,32653],[-72,17],[-78,12],[-47,10],[-513,61],[-18,-44],[-121,6],[-35,-3],[-63,1],[-39,-8],[-90,0],[-25,-5],[-21,4],[-14,-6]],[[74267,32698],[-40,38],[2,10],[78,40],[95,34],[17,13],[-337,249]],[[74082,33082],[-2,3],[35,71],[-172,28],[20,53],[-5,8]],[[73958,33245],[23,62],[-5,1],[27,30],[90,-5],[87,23],[164,10],[75,-10],[23,1]],[[79162,34865],[-1,-90],[11,-65],[-6,-19],[3,-22],[-20,-63],[1,-18],[-5,-12],[-15,-18],[-9,-42],[-8,-12],[-41,-24],[-101,-73],[-26,-8],[-47,-41],[-129,-36]],[[78769,34322],[-28,29],[-44,29],[-95,45],[-24,29],[-4,13],[-9,7],[-16,29],[-11,8],[-20,25],[-32,73],[-64,109],[-48,68]],[[78374,34786],[37,14],[8,0],[-4,3],[14,8],[9,-3],[-3,6],[10,4],[1,-2],[19,15],[7,1],[30,20],[45,10],[261,-8],[4,-8],[-2,-5],[-2,-28],[1,-6],[-2,-19],[2,2],[1,32],[6,32],[269,7],[5,-2],[1,-3],[4,4],[67,5]],[[76988,33562],[-15,0],[-69,-28],[-5,-14],[6,-20],[-12,-5],[-80,-1],[-30,-13],[-27,-3],[-5,-3],[-14,0],[-1,-2],[-27,0],[-9,-4],[-15,-2],[-1,-2],[-27,-3],[-16,-7],[-12,1],[-2,3],[-21,0],[-13,-3],[-39,-3],[-226,-3],[-44,2],[-35,120]],[[76249,33572],[0,2],[229,10]],[[76478,33584],[214,10],[69,8]],[[78023,34725],[1,19]],[[78024,34744],[22,-3],[7,10],[-7,3],[-6,5],[4,2],[18,-3],[5,-10],[-2,-4],[-25,-15],[-9,-4],[-8,0]],[[78255,33443],[-21,135]],[[78234,33578],[7,2],[1,26],[5,13],[12,15],[28,17],[6,10],[-4,10],[9,13],[17,14],[21,8],[24,26],[7,11],[-1,37],[-27,35],[-50,29],[-11,2],[-13,-3],[-18,4],[-11,17],[-17,10],[-64,23],[-34,2],[-54,20],[-42,27],[-30,42],[0,5],[25,25],[1,10],[-12,40],[-10,10],[-28,16],[-4,5],[15,34],[-8,45],[-9,7],[-20,31],[-9,5],[-40,8],[-17,12],[-23,29],[-13,30],[12,38],[17,17],[50,-2],[56,24],[0,8],[18,31],[-2,14]],[[77994,34430],[-5,3],[-48,9],[-14,25],[-13,9],[-1,8],[8,26],[58,47],[4,13],[-2,28],[-14,16],[10,8],[-7,6],[10,7],[1,13],[25,12],[-1,5],[14,13]],[[78019,34678],[1,-8],[8,2],[-2,6],[8,-1],[5,-8],[0,7],[-7,5],[63,1],[83,11],[54,11],[58,27],[52,37],[6,11],[5,-2],[21,9]],[[78769,34322],[68,-49],[35,-29],[47,-28],[33,-12],[58,-15],[80,-35],[38,-22],[62,-52],[126,-46],[19,-6],[5,1],[182,-121],[25,-23],[79,-48],[11,-11],[27,-59],[5,-48],[-2,-55],[15,-7],[36,-56]],[[79718,33601],[27,-15],[-20,-17],[-14,-2]],[[79711,33567],[-67,2],[-34,16],[-28,7],[-54,4],[-3,3],[-43,-3],[-145,7],[-113,15],[-84,6],[-104,15],[-45,54],[-37,27],[-8,17],[-49,-15],[-51,-23],[-9,-14],[-15,-11],[-6,-12],[-24,-22],[-13,-8],[-12,-3],[-17,-12],[-13,-30],[-15,13],[-9,1],[-19,-4],[-16,2],[-7,-4],[-8,1],[-5,-4],[-18,-5],[0,-6],[-15,-8],[-3,-5],[-28,1],[-8,-6],[-6,-15],[4,-36],[-3,-7],[-58,-2],[-17,-6],[-2,-7],[-14,-13],[-44,-1],[-21,-2],[-3,-3],[-70,6]],[[78352,33477],[-6,16],[-8,-2],[-28,-14],[-2,-4],[-53,-30]],[[78243,33516],[-59,-9],[-24,-6],[-9,7],[-8,15],[-14,1],[-47,-8],[-48,-1],[-75,-15],[-83,-21],[-54,-11],[-83,-6],[-74,4],[20,42],[-46,11],[-44,24],[-23,25],[-19,14],[-22,39],[-59,8],[5,17],[-57,5],[-37,-1]],[[77383,33650],[7,14],[8,0],[6,3],[-1,12],[-11,1],[4,15],[-31,3],[-49,8],[28,96],[-29,25],[-7,40],[0,24],[4,6],[-8,3],[20,24],[37,16],[-13,5],[-89,13],[-22,2],[-22,-2],[-1,2]],[[77214,33960],[-6,9],[18,3],[-118,66],[-54,20],[-36,29]],[[77018,34087],[-15,21],[-73,-7],[-22,23]],[[76908,34124],[3,1],[-3,10],[28,5],[-10,15],[-27,1],[-5,11],[3,5],[18,2],[7,-2],[7,-7],[1,-8],[83,5],[13,22],[19,18],[0,30],[-14,1],[-5,29],[1,24],[-12,29],[11,16],[6,59],[6,15],[34,3],[356,6],[461,12],[30,1],[3,-3],[72,6]],[[78234,33578],[9,-62]],[[76478,33584],[-5,14],[20,1],[2,37],[-4,0],[0,11],[-9,1],[1,120],[-2,18],[-9,0],[-6,39],[-5,0],[2,7]],[[76463,33832],[57,-2],[84,1]],[[76604,33831],[-5,-3],[-5,-22],[11,-27],[-3,-70],[19,-2],[8,-3],[-13,-3],[4,-16],[-6,-2],[2,-13],[13,-8],[27,5],[2,-4],[53,4],[49,0]],[[76466,33898],[12,0],[-5,-21]],[[76473,33877],[-10,-45]],[[76249,33572],[-230,-10],[-62,-8],[-21,-5]],[[75936,33549],[-26,30],[-9,30],[0,56],[9,42],[11,12],[19,13],[69,31],[23,15],[22,24],[8,18],[1,9],[-10,21],[-6,2],[-3,8],[-45,28],[-12,17],[4,28],[14,22],[57,63],[17,13],[12,5],[31,1],[81,-13],[85,7]],[[76288,34031],[4,-3],[-7,-5],[-34,-13],[-80,-24],[-10,-6],[62,-36],[-20,-8],[24,-13],[34,-4],[-3,-17],[208,-4]],[[78023,34725],[-48,-9],[-3,-8],[-29,0],[-1,4],[-3,-4],[-9,0],[-1,8],[-3,-8],[-6,0],[-4,4],[2,3],[15,6],[2,6],[-6,-1],[0,-5],[-17,-7],[-66,8],[-34,10],[0,6],[-96,34],[-14,11],[6,6],[11,3],[2,-2],[11,2],[87,-5],[68,-15],[33,0],[11,-3],[2,-4],[20,1],[0,-2],[-19,0],[0,-4],[90,-16]],[[76288,34031],[38,16],[25,17],[11,34],[-4,15],[-21,23],[-66,39],[-26,27],[-8,29],[-5,109],[13,23],[21,18],[80,37],[30,19],[15,14],[26,40],[13,12],[14,41],[43,82],[5,27],[-6,41],[-22,37],[-54,52],[-18,25],[-2,13],[8,9],[-5,-2],[9,9],[24,12],[50,14],[151,33],[5,4],[19,1],[7,-8],[0,8],[85,15],[43,17],[69,16],[2,-2],[68,24],[77,9],[125,24],[67,7],[35,-14],[12,-9],[7,-1],[44,-43],[7,-2],[47,-45],[33,-24],[43,-23],[33,-7],[-8,-16],[-3,-4],[9,2],[-3,1],[7,10],[6,0],[34,-16],[13,-2],[13,-13],[21,-11],[62,-23],[5,0],[7,-7],[11,4],[50,-35],[30,-13],[18,-5],[21,-10],[6,1],[43,-13],[56,-10],[63,-2],[54,3],[47,-4],[2,-2]],[[76908,34124],[-19,-4],[-51,17],[-84,5],[-11,-1],[-26,-10],[-48,15],[-19,15],[-5,0],[-15,-14],[7,-10],[6,-51],[-60,-13],[-20,0],[-8,3],[-18,-5],[0,-17],[8,-9],[4,-17],[-3,-24],[-11,-13],[-3,-15],[-14,2],[-2,-2],[-50,-78]],[[77018,34087],[-46,-26],[-12,-16],[-2,-10],[-19,-14],[4,-8],[-7,-42],[-44,-50],[-26,2],[-27,-3],[-2,-3],[-97,-8],[1,-6],[-8,-2],[5,-17],[-118,-6],[-109,1],[-38,-2]],[[80261,34089],[-2,3],[-57,-9],[-26,35],[-33,-14],[0,-4],[-18,-3],[-22,2],[17,-43],[10,-15],[-4,-5],[11,-14],[-1,-10],[19,-17],[1,-5],[-8,-4],[7,-4],[-9,-8],[32,-46],[-1,-3],[-24,-6],[-12,-6],[11,-28],[-34,-5],[-37,-1],[5,-16],[-6,-1],[1,-5],[-14,0],[2,-5],[-8,-1],[5,-12],[-19,-1],[1,-15],[-14,-2],[3,-5],[-15,-4],[7,-5],[-18,-8],[5,-3],[-32,-13],[9,-6],[-35,-26],[8,-6],[-38,-39],[-19,-23],[-11,-20],[-5,-1],[-53,-69],[-122,8]],[[79162,34865],[43,3],[64,8],[-8,1],[12,2],[10,-20],[14,-58],[19,-21],[-17,21],[-16,63],[6,17],[46,10],[9,7],[4,-2],[32,1],[106,10],[64,12],[11,-2],[2,6],[21,5],[10,-15],[7,2],[-12,14],[6,2],[36,6],[8,-2],[0,5],[7,-3],[1,4],[32,2],[159,30],[6,5],[3,-2],[40,7],[15,1],[22,-2],[13,2],[14,1],[37,4],[9,-4],[3,2],[-6,2],[7,2],[3,-4],[8,2],[61,3],[43,5],[9,5],[15,-2],[8,4],[39,5],[39,-5],[15,3],[47,-9],[68,-28],[64,-45],[20,-21],[3,-2],[42,-46],[-1,-2],[17,-16],[6,-1],[24,-34],[1,-2],[-15,-7],[-18,0],[-9,-5],[2,-2],[9,4],[13,-2],[25,3],[103,-118],[42,-33],[36,-35],[24,-18],[31,-14],[11,-3],[8,2],[17,-15],[-30,-11],[16,3],[5,-2],[15,5],[17,-10],[13,-21],[36,-34],[19,-24],[55,-41],[7,-10],[77,-51],[31,6],[21,-5],[22,-12],[23,-19]],[[77383,33650],[-19,-16],[-13,-3],[-17,-20],[-28,12],[-51,16]],[[77007,33680],[-173,86],[-28,9],[-27,2],[13,34],[-5,26]],[[76787,33837],[61,15],[93,13],[98,46],[175,49]],[[76604,33831],[132,0],[51,6]],[[78243,33516],[12,-73]],[[78352,33477],[-10,-18],[-21,-20],[-24,-15],[-30,-11],[-14,-13],[190,7],[72,8],[101,16],[88,19],[34,2],[3,8],[38,5],[37,15],[31,2],[22,-5],[32,-1],[29,5],[13,-12],[16,-7],[3,-30],[53,-59],[34,3],[37,9],[20,-5],[3,-6],[38,-23],[3,-18],[-16,-9],[9,-16],[22,-26],[4,-20],[-10,-19],[17,-23],[-81,-19],[-19,-8],[-21,0],[-17,-5],[-21,-1],[-32,-12],[-23,-4],[-79,-8],[-20,-5],[-13,1],[-48,-14],[-34,-2],[-23,-5],[-23,1],[-88,11],[-52,-2],[-36,-6],[-50,-1],[-26,-5],[-26,-13],[-68,-19],[3,-3],[15,0],[13,-9],[13,-18],[13,-11],[17,-38],[-24,-25],[-18,-28],[-10,-10],[-11,-5],[-5,-8],[5,-5],[-2,-11],[-12,-9],[10,-12],[-1,-8],[11,-22],[4,-5],[45,-14],[76,-16],[17,-12],[1,-4]],[[78536,32831],[-114,-22],[-158,-26],[-51,-13],[1,-2],[-35,-4],[1,2],[-38,0],[-163,-36],[-211,-27],[-1,-12]],[[77767,32691],[-137,-12],[-177,-12],[-122,-1],[-22,-3],[-134,5],[-79,8],[-78,3]],[[77018,32679],[25,20],[5,15],[-23,28],[-55,40],[14,8],[-1,8],[-13,10],[6,3],[-3,3],[19,7],[-10,11],[9,4],[-17,42],[19,0],[4,12],[-20,37],[38,5],[-11,21],[27,4],[-2,18],[28,44],[0,28],[-24,74],[36,55],[-190,4],[-135,5],[-167,-12],[-4,5],[-14,5],[-4,-3],[-6,4],[-20,-1],[-9,9],[-19,0],[-2,-4],[-8,0],[-17,17],[-9,3],[-14,-5],[-21,4],[-11,-3],[-31,4],[-22,-2],[-4,-5],[-16,-2],[-4,-2],[2,-5],[-15,-4],[-119,25],[-119,19],[-36,4],[-82,4]],[[75973,33240],[13,34],[3,32],[-10,20],[-31,39],[-6,26],[8,19],[34,36],[5,26],[-12,36],[-13,17],[-28,24]],[[59376,38295],[-37,8],[-96,80],[-39,-2],[-15,-3],[-20,17],[-30,5],[-10,24],[-16,-1],[-116,15],[-23,9],[2,16],[-10,11],[-74,-4],[-31,5],[-34,-8],[-11,6],[0,6],[-4,1],[-3,22],[-5,6],[19,11],[3,16],[-7,2],[-14,-3],[-11,5],[-25,1],[-14,6],[-28,1],[-22,6],[-13,14],[13,8],[-2,3],[7,16],[-4,4],[-8,1],[-7,7],[-9,0],[-26,18],[-2,-1],[-17,8],[-2,5],[-6,0],[-1,7],[-10,3],[-3,8],[6,5],[-2,2],[10,5],[-1,6],[-80,31],[-36,0],[-23,5],[-14,5],[-1,6],[-24,3],[3,16],[-4,2]],[[58449,38740],[1,7],[-14,15],[15,8],[7,11],[10,7],[-10,16],[4,10],[-2,22],[-10,0],[-4,2],[1,7],[9,3],[-7,35],[20,14],[3,8],[26,1],[4,4],[-3,37],[8,23],[-11,0],[-29,5],[10,23],[27,4],[52,2],[48,-3],[31,29],[2,9],[8,2],[25,-2],[37,-9],[31,16],[3,23],[14,1],[7,5],[8,11],[-5,12],[15,2]],[[58780,39100],[2,-5],[28,-1],[2,-13],[6,-2],[-3,-11],[4,-6],[31,-7],[14,-21],[-6,-5],[27,-5],[24,-8],[5,-8],[8,-1],[3,-3],[2,-12],[23,-4],[4,-5],[41,12],[5,-4],[72,11],[0,-4],[14,-14],[10,-4],[2,-7],[12,-10],[-3,-6],[-20,-10],[-10,-14],[-22,-4],[-1,-3],[-8,-2],[-3,-14],[-20,-9],[-11,-20],[-6,-3],[1,-8],[-34,-21],[20,0],[25,4],[-4,-38],[39,-8],[-5,-33],[78,4],[0,-9],[21,2],[-9,28],[-26,1],[1,13],[12,1],[6,5],[8,-5],[13,0],[-1,-6],[18,2],[32,-2],[-21,-25],[35,-20],[36,21],[53,-4],[-11,-29],[19,-5],[33,3],[-4,18],[57,-19],[26,-20],[20,9],[29,-1],[11,3],[17,-3],[15,15],[33,-11],[-41,-50],[24,-33],[-37,-19],[-9,-12],[5,-7],[-4,-10],[4,-7],[-7,-8],[-13,-5],[32,-21],[8,-13],[21,-9],[-10,-11],[-13,0],[-10,4],[-4,-2],[-7,-6],[3,-7],[29,-9],[6,0],[19,-8],[9,-1],[15,-10],[1,-11],[-11,-6],[-24,-5],[3,-15],[-11,-11],[-8,-3],[-29,-2],[-5,-11],[-18,-11],[1,-4],[-9,-5],[-14,-20],[3,-19],[-12,-23],[-60,-55]],[[61109,39794],[-21,-10],[4,-29],[-8,-7],[-2,-14],[-58,-30],[-21,5],[-26,-5],[-28,-11],[-50,1],[-45,-10],[-65,-6],[-17,1],[-8,-2],[-15,-16],[6,-10],[-8,-11],[-10,-4],[-14,-18],[0,-16],[-13,-4],[-26,-13],[-12,-10],[-31,-15],[-7,-9],[-31,-13],[-72,-42],[1,-12],[17,-5],[25,0],[13,-13],[20,1],[27,-3],[-9,-18],[17,0],[22,-7],[1,-8],[11,-6],[-3,-19],[6,-11],[-37,11],[-48,37],[-23,6],[-4,-5],[9,-7],[-10,-9],[-43,-18],[-39,-22],[-5,-6],[-13,-2],[-10,2],[-22,-9],[-34,-32],[-10,-15],[-16,0],[-15,-9],[-22,-5],[-19,-11],[-24,-20],[-6,-10],[5,-7],[-18,-10],[-22,-33],[-10,-30],[5,-12],[14,-5],[14,-15],[29,-18],[8,-12],[41,2],[-9,-14],[-27,-14],[53,-31],[43,1],[16,-7],[9,-15],[50,-3],[13,-3],[0,-11],[22,-21],[22,-7],[30,2],[46,-21],[31,-2],[35,7],[16,-2],[34,2],[36,-136],[38,-27],[59,-51],[23,-11],[35,-10],[18,-10],[10,-1],[7,-8],[23,-8],[27,-2],[-20,-20],[11,-5],[1,-12],[-4,-5],[17,-3],[6,-4],[-2,-5],[-21,-2],[-27,1],[-52,-21],[-11,-19],[-27,-5],[-7,-39],[6,-16],[25,1],[-2,-13],[-5,-3],[5,-4],[-12,-1],[-1,-4],[7,-11],[7,-34],[-27,-37],[-21,-18],[-54,-37],[5,-6],[-7,-9],[-57,-37],[-31,-12],[-27,-22],[-29,-7],[-81,-34],[-100,-82],[-26,-7],[-17,1],[-82,-34],[-87,-110]],[[60267,38053],[-99,-14],[-27,-21],[-24,-9],[-16,-1],[-32,-8],[-23,9],[-32,-7],[-13,2],[-20,-2],[-16,-8],[-7,1],[-14,-3],[-65,-3],[-43,-6],[-34,-8],[-32,-22],[-66,32],[-74,2],[-19,4],[-28,-1],[-52,-14],[-57,-4],[-20,3],[-57,24],[-47,28]],[[59350,38027],[-9,42],[4,13],[10,23],[49,57],[-16,97],[12,32],[-24,4]],[[58780,39100],[-13,20],[9,5],[0,14],[6,9],[9,1],[12,8],[31,7],[-3,10],[10,12],[37,21],[5,6],[27,11],[38,11],[302,211],[6,10],[-3,11],[25,39],[13,13],[9,31],[10,14],[45,33],[33,17],[16,12],[30,42]],[[59434,39668],[186,-9],[36,-14],[22,-12],[19,4],[14,8],[25,-5],[28,1],[23,7],[89,13],[27,7],[14,-3],[13,2],[16,-6],[10,0],[8,-9],[19,6],[22,44],[4,33],[40,48],[112,-2],[116,9],[7,74],[96,14],[18,-29],[95,-48],[24,-32],[53,-3],[47,1],[17,4],[44,23],[29,12],[25,-4],[2,12],[27,25],[-6,14],[7,10],[-1,43],[5,20],[29,19]],[[60795,39945],[9,-12],[74,-33],[30,-19],[21,-7],[78,15],[26,21],[15,-6],[14,-9],[15,-59],[27,-17],[-5,-17],[10,-8]],[[64115,37222],[163,-2],[55,-7]],[[64195,37136],[-125,10],[-8,4],[-26,1],[-5,4],[-20,1],[-18,-5],[23,-8],[-2,-5],[-40,-13],[-23,-11],[-52,-12],[-20,-9],[-26,0],[-36,8],[-31,-2],[-39,-8]],[[63747,37091],[-5,12],[-12,13],[-1,10],[-16,9],[-10,12],[-12,7],[-14,24],[2,9],[24,22],[-3,9],[-17,10],[5,13]],[[63688,37241],[30,-3],[15,6],[11,-4],[-2,-2],[17,-5],[18,11]],[[63777,37244],[37,-12],[-2,-4],[21,-7],[0,-4],[17,-9],[-9,-4],[20,-4],[24,9],[11,-3],[-2,-10],[10,3],[13,-1],[83,16],[70,7],[45,1]],[[61721,39890],[17,-1],[48,-7],[12,-4],[4,-12],[19,-6],[50,-3],[89,-1],[30,-13],[-3,-6],[20,-15],[17,-5],[14,-19],[19,-12],[5,-8],[21,-5],[49,-29],[49,-42],[27,-18],[40,3],[11,-4],[6,7],[51,20],[-1,8],[16,13],[24,9],[49,9],[-9,-11],[17,-17],[27,15],[39,8],[7,-16],[-5,-15],[1,-15],[6,-6],[7,-27],[16,-10],[60,0],[19,4],[36,0],[22,6],[15,14],[32,6],[30,10],[21,9],[25,17],[45,-6],[84,1],[8,-17],[27,-16],[13,-3],[43,-40],[20,-15],[43,-15],[14,-15],[19,0],[13,-3],[29,-22],[48,-25],[11,-4],[19,-1],[69,-21],[4,-14],[-7,-15],[-2,-41],[9,-13],[9,-41],[32,-12],[18,-4],[31,-38]],[[63369,39341],[8,-9],[-8,-6],[16,-30],[35,-36],[13,7],[98,-20],[-5,-42],[21,-4],[11,-5],[29,6],[14,6],[29,-1],[10,7],[23,-7],[4,2],[14,0],[13,-13],[20,-11],[4,-7],[35,-2],[63,3]],[[63816,39179],[52,-50],[13,-20],[-2,-28],[4,-13],[48,-49],[40,0],[14,12],[139,13],[56,-44],[29,-10],[90,-82],[-10,-58],[-20,-11],[2,-27],[72,-56]],[[64343,38756],[-226,-94],[-237,-105],[-2,-10],[-8,-12],[-15,-1],[-47,-10],[-45,-71],[-48,-10],[-35,-12],[-12,3],[-7,6],[-25,-9],[-55,-1],[-2,-15],[-18,-16],[20,-31],[-2,-14],[3,-5],[56,-10],[14,-8],[13,-16],[26,-9],[10,-7],[7,0],[11,5],[22,-5],[44,-38],[32,-13],[3,-5],[-3,-14],[5,-7],[37,-15],[-23,-8],[-12,2],[-13,-2],[-7,4],[-22,2],[-12,-3],[-35,1],[-13,3],[-17,-14],[-9,3],[-15,-20],[-20,-3],[-14,-20],[-9,2],[-44,-5],[-15,2],[-24,8],[-74,-5],[-60,-24],[-61,-11],[-23,-9]],[[63337,38110],[-106,70],[-13,22],[12,7],[-19,17],[-25,32],[-23,4],[-52,2],[6,32],[7,13],[-13,13],[-42,4],[10,18],[-3,18],[1,3],[55,0],[30,26],[0,5],[-23,16],[-73,-22],[-31,28],[-4,15],[-32,45],[-6,15],[-4,46],[-7,12],[-46,9],[-26,22],[-45,7],[-26,11],[-5,6],[-82,-5],[-19,-3]],[[62733,38598],[-17,-4],[-6,5],[-19,21],[-8,4],[-22,29],[-6,16],[-36,46],[-39,23],[-28,22],[-50,-6],[-55,-3],[-75,9],[-13,41],[1,8],[23,10],[18,17],[24,16],[-67,61],[7,9],[-5,10],[-26,15],[-66,29],[-2,6],[-64,-2],[-28,-4],[-19,-1],[-24,2],[-22,11],[-22,-17],[-35,-11],[-73,-36],[-42,-5],[-36,-20],[-53,-21],[-11,3],[-14,9],[-21,3],[-76,27],[-42,19],[-25,23],[-22,-13],[-27,-24],[-51,-33],[-47,-23]],[[61512,38869],[-95,32],[-27,5],[2,12],[8,19],[35,36],[18,44],[5,5],[34,14],[4,8],[0,71],[11,22],[61,8],[38,24],[-2,5],[-10,-1],[-80,14],[-23,10],[-26,20],[-28,47],[-2,13],[-15,12],[13,6],[-1,3],[-47,71],[-7,6],[-2,16],[-32,-2],[-24,4],[-17,15],[-25,11],[-31,5],[-3,10],[-42,21],[-16,3],[-34,28],[-24,-8],[23,15],[28,24],[23,8],[1,8],[24,25],[14,8],[20,0],[19,-3],[16,9],[35,9],[27,14],[28,7],[4,6],[94,41],[-27,26],[-17,25],[-40,43],[1,8],[-7,20],[-16,5],[-43,34],[-8,28]],[[61327,39838],[47,18],[7,2],[5,-2],[11,7],[41,11],[53,0],[39,-11],[19,3],[12,7],[17,5],[18,13],[41,-8],[10,3],[11,14],[49,-10],[14,0]],[[75423,39498],[-4,-6],[8,-2],[0,-4],[8,-1],[5,-5],[-13,-9],[15,-8],[-8,-4],[5,-12],[17,-7],[14,-2],[-1,5],[7,2],[7,-8],[26,-7],[17,1],[12,-7],[-4,-6],[15,-1]],[[75549,39417],[18,-13],[-8,-7],[6,-3],[5,-12],[8,-2],[-2,-11],[10,2],[8,-7],[11,-2],[0,-6],[7,-6],[-13,-1],[-6,-4],[9,-5],[-2,-6],[-6,-1],[-1,5],[-10,-13],[-7,-3],[-12,0],[-2,-7],[-9,-1],[-8,-9],[-13,-3],[-1,-9],[-14,-8],[8,-4],[-11,-5],[-7,-10],[5,-8],[15,0],[-8,-6],[6,-4],[-8,-4],[13,0],[6,-9],[32,-1],[-7,-7],[22,-11],[-9,-1],[-2,-3],[7,-4],[3,-6],[15,-4],[4,8],[12,-3],[-1,9],[13,-1],[-1,4],[-10,4],[2,2],[16,-1],[8,7],[21,-1],[10,-2],[-2,-10],[9,-5],[14,0],[5,-7],[26,0],[9,3],[13,-16]],[[75745,39189],[-18,-4],[0,-5],[-9,-6],[-6,-14],[-16,2],[-31,-3],[-15,-7],[-27,-5],[-23,-13],[-18,1],[-11,-7],[-21,12],[-6,-9],[-21,1],[-18,-7],[-25,8],[-20,0],[-15,8],[-13,0],[-8,-5],[-19,-4],[-5,-6],[-33,-5],[-21,-25],[-35,2],[-2,-11],[-20,-7],[11,-13],[-22,-39],[-19,-22],[-1,-7],[-4,0],[-7,-31],[-17,2],[-4,-9],[-10,1],[-9,-21],[-1,-23],[-6,-22],[-31,-53],[6,-48],[-13,-8],[-2,-13],[-6,0]],[[75154,38774],[-20,1],[-64,-6],[-48,-7],[-3,-5],[-11,-7],[3,-6],[-26,-6],[2,-11],[-10,-2],[-26,0],[-14,5],[-24,1],[-12,4],[-22,14],[-18,2],[0,-20],[-18,1],[-2,20],[-10,1],[-82,-9],[-36,-6],[-36,-11],[-38,-17],[-41,-5],[-16,-5],[-15,16],[-10,3],[-18,-1],[-25,9],[-2,10],[-21,30],[-21,7],[-18,9],[6,20],[-5,13],[2,9],[74,5],[2,2],[3,14],[22,21],[-6,5],[0,6],[-17,6]],[[74533,38884],[44,73],[57,123],[-10,9],[4,51],[37,13],[-3,13],[10,30],[-5,27],[15,7],[0,16],[17,6],[-3,4],[44,22],[-5,9],[39,17],[-6,4]],[[74768,39308],[1,7],[8,7],[-6,16],[21,5],[-5,13],[9,7],[-30,8],[-1,2],[24,11],[45,-6],[38,-9],[7,3],[155,-12],[33,-6],[-5,-4],[20,-4],[18,19],[-17,3],[-3,-3],[-59,12],[29,33],[-15,4],[6,3],[2,17],[66,-30],[19,13],[-8,8],[-48,26],[31,33],[-42,7],[10,19],[48,-4],[10,-3],[2,7],[-14,3],[4,19],[-72,1],[0,27],[-3,0],[10,26],[-5,0]],[[75051,39586],[0,5],[70,1],[110,20]],[[75231,39612],[40,-1],[13,-9],[13,-5],[-2,-14],[5,-12],[11,-9],[-3,-11],[8,-1],[-1,-8],[4,-7],[14,1],[5,-6],[24,-6],[17,-18],[20,1],[10,-3],[12,1],[2,-7]],[[72617,39503],[49,-18],[-5,-3],[81,-3],[-5,-11],[22,-1],[-6,-1],[0,-11],[8,-19],[12,-11],[8,-14],[12,-9],[26,3],[11,-12],[12,0],[24,-9],[18,-18],[5,-9],[-6,-17],[-27,2],[-1,-14],[25,-5],[0,-4],[20,0],[3,5],[7,-2],[38,3],[4,-3],[27,4],[28,-2],[1,2],[6,1],[4,-3],[5,8],[11,0],[63,-4],[4,-3],[12,1],[1,3],[7,-3],[26,5],[1,-3],[9,-2],[28,18],[0,9],[26,2],[6,-32],[27,-3],[45,26],[92,4],[-7,-17],[-4,1],[-17,-7],[5,-11],[-3,-12],[128,-13],[13,1]],[[73496,39292],[16,0],[-69,-58],[-7,-11],[-13,-7],[-32,-5],[-49,-23],[-40,-7],[-6,4],[-7,0],[-23,-6],[-20,3],[-9,-1],[-6,-46],[20,-43],[38,-5],[25,4],[22,-1],[23,-5],[9,-23],[73,21],[4,-10],[17,-17],[28,-9],[21,-12],[20,-27],[-11,-26],[10,-26],[-18,-4],[-19,-29],[-57,-25],[21,-49],[-50,3],[-35,-5],[-14,-5],[-21,-12]],[[73337,38830],[-6,5],[-40,6],[-5,5],[-45,9],[-60,29],[-43,5],[-2,3],[3,11],[-5,7],[-63,2],[-34,14],[-19,22],[-8,-5],[-12,-1],[-38,4],[-8,5],[-7,12],[-23,7],[-8,13],[-31,14],[-27,6],[-21,-2],[-22,2],[-15,10],[-56,10],[-20,9],[-5,6],[-48,29],[-58,21],[-2,6],[65,69],[15,9],[-3,3],[-10,0],[-4,9],[-13,5],[-36,4],[-13,9],[-37,7],[-15,0],[-32,12],[-6,8],[5,43],[-14,20],[-9,-6],[-12,0],[-2,-5],[-11,-6],[-22,-1],[-6,-4],[-16,1],[-24,-4],[-21,10],[-9,0],[-46,-7],[-17,-6],[-2,-7],[-7,-1],[2,-3],[-17,-1],[-7,2],[-18,-7],[-15,1],[-4,7]],[[72248,39255],[5,10],[-29,8],[0,3],[-14,5],[-3,8],[-17,5],[-5,4],[-15,-1],[-11,14],[0,5],[7,10],[-7,6],[-18,2],[-18,10],[-32,3],[-16,22],[-22,12],[-38,9],[-47,3],[-49,18],[-18,9],[-15,1],[-9,13],[-20,6],[-14,8],[-55,7],[-11,-7],[-59,-11],[-5,3],[-22,-4],[-22,3],[-15,-13],[-9,1],[-14,23],[6,9],[24,15],[-2,8],[-13,14],[6,6],[-16,13],[-19,-2],[-37,11],[-10,-2],[-25,15],[3,3],[-5,3],[4,14],[-7,17],[38,9],[24,11],[6,14],[10,9],[-12,8],[-32,40],[2,24],[-8,14],[-10,33],[10,57]],[[71568,39793],[48,-1],[37,-6],[53,-21],[48,-25],[21,-14],[11,-12],[31,-7],[91,-6],[97,-11],[141,-24],[36,-9],[115,-53],[41,-23],[159,-69],[13,-4],[107,-5]],[[76236,40855],[13,-28],[8,-1],[3,-5],[8,-3],[34,-7],[11,-12],[-4,-38],[-6,0],[1,-18],[-29,-9],[-16,3],[-10,-1],[-29,-12],[-30,-5],[-42,-1],[-19,-5],[-15,0],[-18,-15],[-6,-46],[-22,-33],[-58,-31],[-20,-20],[-20,1],[-3,4],[-21,2],[-50,-19],[1,-2],[-6,-4],[-14,-22],[-33,-21],[7,-23],[-2,-12],[-7,-8],[0,-13],[9,-2],[0,-8],[13,-3],[11,-4],[2,-7],[11,0],[-2,-4],[8,-5],[0,-4],[7,1],[3,-3],[11,0],[-2,-11],[8,-8],[8,-3],[16,-34],[5,0],[-1,-4],[7,-2],[5,-8],[-5,-8],[3,-5],[15,-7],[7,-8],[-7,-9],[10,-2],[0,-6],[7,-1],[4,-6],[-1,-8],[8,-1],[2,-2],[-6,-5],[22,-8],[-4,-7],[12,-1],[1,-4],[8,-1],[0,-13],[4,-6],[11,0],[-2,-6]],[[76050,40228],[-17,-1],[4,-9],[18,-21],[15,-8],[-32,13],[-32,23],[-29,0],[-12,-6],[-25,-4],[-1,-24],[-9,0],[1,24],[-23,-1],[-1,-23],[-1,23],[-76,0],[32,26],[-15,-12],[-16,2],[1,4],[-117,17],[0,8],[-60,1],[-21,49],[-22,8],[-168,-35],[27,-65],[33,-123],[-3,-22],[-27,-50],[-2,-38],[-39,-51],[-39,-42],[-10,-27],[-21,-11],[-24,-5],[-3,-7],[6,-12],[-20,-3],[-5,2],[-5,-2],[-3,2],[-16,-4],[-15,0],[-19,-8],[-8,-7],[-8,-17],[-23,-13],[-1,-9],[-16,-12],[-10,-2],[-2,-7],[5,-6],[-17,-17],[-18,-4],[-11,1],[0,-6],[-20,-12],[21,-19],[-5,-7],[3,-14],[10,-4],[3,-7],[19,-5],[2,-6],[23,1],[-1,-10],[6,-8],[12,-3],[8,-11]],[[75051,39586],[-62,1],[-31,3],[-59,-1],[-15,2],[-11,-2],[-44,7],[-35,0],[3,-11],[-40,-2],[-7,5],[-28,-5],[-2,-4],[-9,-2],[-1,-3],[8,-11],[-39,4],[-2,3],[-29,-6],[-93,58],[-15,12],[-14,5],[-11,20],[4,14],[-2,14],[-8,8],[-40,-3],[-26,2],[-58,-12],[-12,12],[6,27],[10,8],[1,9],[10,12],[7,2],[15,-2],[21,7],[17,16],[2,17],[23,11],[-8,6],[27,19],[-29,37],[67,15],[1,-5],[38,-5],[53,-19],[23,-4],[8,3],[2,-10],[7,-9],[8,5],[58,2],[28,4],[39,1],[17,3],[43,-1],[36,9],[16,-3],[9,-6],[22,-30],[20,5],[17,-1],[13,30],[-8,33],[10,23],[-2,15],[-12,19],[2,21],[-10,27],[-57,73],[-81,38],[-7,6]],[[74835,40102],[12,10],[8,15],[-14,10],[-26,11],[-10,13],[3,2],[13,-4],[13,2],[29,-4],[2,10],[-4,1],[11,17],[-11,16],[20,2],[-16,16],[-21,10],[-6,8],[8,10],[15,9],[-14,9],[-3,9],[22,10],[-8,19],[-16,9],[9,8],[-15,8],[26,11],[-3,8],[-16,11],[7,6],[14,1],[-1,7],[-13,14],[-3,28],[27,15],[16,23],[-1,10],[6,15],[-16,12],[5,10],[-3,12],[18,26],[19,15],[23,10],[6,18],[6,4],[10,2],[6,-2],[18,9],[71,25],[96,5],[18,37],[9,46],[60,6],[-24,45],[134,10],[-1,7],[-50,70],[-1,48]],[[75299,40892],[4,-13],[7,-1],[16,-12],[11,-5],[9,0],[-1,-4],[14,2],[10,-2],[20,-10],[2,-4],[17,-3],[4,-6],[8,2],[19,-7],[14,2],[32,-4],[3,3],[17,5],[8,-5],[12,5],[8,-2],[16,3],[5,-3],[37,9],[42,14],[2,-3],[10,6],[-1,3],[14,2],[4,9],[9,-1],[14,6],[-3,4],[7,5],[20,13],[20,2],[1,5],[21,-3],[7,3],[11,-2],[8,1],[9,6],[6,-2],[8,1],[5,14],[10,11],[14,6],[5,16],[26,-3],[25,-12],[5,-11],[18,-8],[15,-15],[-6,-4],[11,-4],[6,-13],[-8,-8],[7,-2],[-3,-6],[5,-4],[-1,-3],[14,-13],[9,-1],[2,-3],[18,0],[6,-2],[16,-1],[8,-4],[20,-4],[209,18]],[[74744,41129],[65,-7],[122,-31],[122,-21],[103,15],[66,-100],[31,-28],[12,-2],[3,-4],[4,-21],[7,-5],[0,-4],[10,-6],[10,-23]],[[74835,40102],[-8,-4],[-21,-21],[-11,-4],[-20,0],[6,-9],[-17,8],[-9,-2],[-13,-10],[-9,-1],[-16,3],[4,-12],[-43,-12],[-43,-18],[-25,-17],[-8,-12],[-29,6],[-56,5],[-4,-7],[-7,0],[-10,3],[-25,17]],[[74471,40015],[-14,22],[-4,23],[-39,39],[-21,8],[-61,-19],[-15,-1],[-11,2],[9,5],[19,4],[0,3],[-10,3],[-25,13],[-5,8],[10,2],[0,5],[-3,2],[-8,-1],[3,4],[-4,4],[-16,6],[-6,6],[-12,0],[-17,5],[-18,12],[-6,8],[17,22],[-13,5],[9,5],[-4,10],[-23,6],[-4,18],[-10,-5],[-8,-1],[9,8],[-9,2],[-10,12],[-15,2],[-4,9],[-12,10],[-20,-6],[-23,-17],[-17,8],[-21,-7],[19,-26],[-94,-26],[-31,18],[-20,-3],[-36,-11],[5,-3],[-33,-12],[-4,5],[-19,1],[4,20],[-38,-7],[5,-20],[-27,-8],[-7,1],[3,-33],[7,-6],[-23,-5],[-11,-6],[-15,5],[-21,0],[-30,22],[-6,9],[-7,-1],[5,21],[-11,-6],[-32,-6],[-10,9],[-11,4],[-17,-8],[-25,-22],[3,-9],[36,-36]],[[73618,40120],[-33,19],[2,8],[-25,7],[-9,13],[6,5],[20,6],[-5,2],[-3,6],[4,2],[14,0],[-10,5],[8,6],[4,0],[2,-6],[5,5],[21,7],[-1,-8],[12,0],[8,5],[-6,11],[6,2],[4,-5],[7,0],[18,9],[-1,4],[-10,-3],[-5,2],[-12,14],[3,3],[16,-4],[5,14],[-9,-1],[0,6],[-16,6],[-6,-2],[-2,-5],[-8,0],[-7,10],[-8,-3],[-9,5],[9,3],[0,4],[-24,0],[-32,5],[-2,5],[-20,1],[-1,15],[-9,2],[0,6],[-9,0],[-2,-5],[-10,4],[-6,10],[14,1],[-8,5],[-6,8],[2,6],[-14,8],[3,10],[-9,12],[-22,10],[-12,1],[-5,9],[-13,6],[2,7],[-7,12],[-34,14],[-12,9],[2,8],[-7,10],[6,10],[-20,15],[-2,6],[-26,5],[-6,7],[-42,14],[-9,9],[-9,2],[-2,4],[5,4],[-7,7],[8,5],[0,5],[-5,4],[-15,4],[-14,18],[-15,-4],[-23,-12],[-28,0],[-105,-11],[-106,138],[-22,49],[-59,77],[-43,98]],[[72827,40905],[-10,22],[0,94],[-111,116],[80,69],[-109,84],[104,6],[111,62]],[[72892,41358],[313,26],[170,-75],[205,-102],[114,9],[138,51],[107,58],[226,-75],[80,2],[9,-2],[490,-121]],[[76615,38721],[31,-13],[-43,-52],[-14,-51],[-58,-28],[-9,0],[-14,-33],[-40,-15],[-52,-9],[9,-7],[23,-9],[0,-4],[-54,-7],[-18,-8],[-10,-14],[-8,-25],[-28,-21],[-26,-30],[-6,1],[-20,-6],[-31,-42],[-9,-17],[14,-5],[20,-2],[25,-9],[15,2],[36,-36],[-109,-58],[-55,-35],[-58,-26],[4,-5],[-22,-62],[-14,-15],[-19,-13],[-6,-12],[-47,-5],[-55,3],[-15,-9],[-18,-4],[-25,-17],[-43,-2],[-25,-4],[-36,1],[-9,3],[-11,16],[-14,1],[-10,4],[0,18],[9,16],[-2,8],[-43,17],[-25,1],[-103,-9],[1,-11],[19,-22],[-18,-5],[-9,-5],[-26,-27],[-5,-30],[-7,-10],[-15,-10],[-17,-5],[-16,-8],[-14,-18],[2,-14],[-21,-26],[-16,-13],[-30,-11],[-27,-15],[7,-18],[-12,-20]],[[74627,37760],[-30,14],[-12,2],[-2,6],[-17,-5],[-25,12],[-3,27],[-16,17],[18,73],[27,19],[22,8],[37,20],[21,26],[4,14],[-7,9],[-21,9],[-31,5],[-33,0],[-30,5],[-30,14],[-2,8],[14,21],[25,11],[33,6],[18,8],[-1,4],[-18,6],[-20,15],[13,17],[67,21],[20,10],[25,8],[81,46],[7,14],[17,11],[-2,30],[8,15],[-4,12],[-27,12],[-1,12],[-5,4],[-30,3],[-66,13],[-46,24],[-13,14],[2,8],[32,10],[22,12],[-5,3],[-19,0],[-36,9],[-14,-2],[-19,2],[-46,10],[-10,-9],[-35,15],[-21,17],[-24,6],[-13,7],[-57,2],[-11,-5],[-29,1],[-12,-10],[-22,0],[-10,-4],[-9,-11],[-28,-14],[-7,-8],[2,-5],[-9,-22],[-20,-2],[-16,-11],[-40,18],[-12,3],[-20,2],[-31,-9],[-24,0],[-11,3],[3,7],[-12,12],[10,13],[-14,4]],[[74027,38432],[-3,4],[-10,0],[-19,8],[-6,10],[10,18],[-19,26],[16,15],[-6,14],[3,6],[-5,14],[-14,21]],[[73974,38568],[2,18],[10,12],[20,14],[27,1],[41,-4],[26,5],[25,-1],[13,3],[-9,8],[-28,10],[-11,8],[4,7],[-11,6],[-11,25],[14,-5],[0,5],[-14,6],[-6,7],[3,23],[-15,18],[2,48],[9,4],[18,2],[7,3],[-43,34],[17,10],[11,16],[-9,5],[-13,2],[-15,-1],[-15,5],[-25,-2],[-33,4],[-2,13],[8,9],[37,-2],[21,3],[23,-1],[73,-14],[8,8],[15,3],[30,1],[26,-3],[58,55],[9,13],[35,-5],[33,1],[40,-4],[34,-13],[36,-4],[58,-27],[14,-3],[12,-10]],[[75154,38774],[10,-17],[61,13],[21,-16],[12,-4]],[[75258,38750],[-14,-19],[-3,-16],[24,-15],[-3,-13],[-20,-11],[-12,1],[-19,9],[-24,-4],[-30,1],[-17,-6],[-7,-7],[-22,-49],[-20,-15],[-15,-20],[3,-8],[12,-2],[1,-3],[21,7],[38,0],[18,6],[48,0],[110,-30],[67,-5],[13,16],[8,-1],[-2,-3],[41,-7],[37,-1],[10,16],[16,-1],[3,7],[13,46],[-2,13],[6,11],[1,19],[11,1],[0,4],[28,5],[39,-3]],[[75616,38673],[7,-7],[45,-2],[86,-11],[47,-3],[8,6],[4,13],[12,10],[-13,34],[-4,1],[-1,18],[-4,5],[-30,1],[-96,97],[116,32],[6,26],[-18,19],[-2,14],[-19,7]],[[75760,38933],[25,19],[45,16],[20,12],[10,2],[13,-4],[15,5],[5,5],[-4,10],[4,9],[14,9],[35,36],[7,2],[19,-1],[33,8],[12,8],[17,21]],[[76030,39090],[20,-3],[16,-11],[10,-3],[17,6],[13,-2],[5,-10],[23,-9],[50,-39],[-27,-12],[-18,-21],[49,-25],[38,-24],[-8,-10],[-3,-17],[17,-13],[11,-6],[12,-1],[23,-7],[31,-20],[31,-12],[12,-9],[9,-16],[3,-19],[-23,-10],[37,-18],[53,-6],[75,-24],[109,-28]],[[73618,40120],[11,-17],[21,-10],[27,-2],[27,4],[7,-4],[21,-2],[1,-25],[-12,-10],[17,-13],[36,-10],[-20,4],[-7,-5],[9,-12],[-25,-9],[28,-13],[10,-8],[-21,-9],[16,-13],[-40,-9],[-9,9],[-30,-5],[-20,2],[-17,15],[-54,32],[-31,57],[-14,15],[-111,77],[-10,-3],[11,-31],[43,-43],[16,-41],[-2,-9],[12,-35],[25,-13],[56,-54],[47,-21],[-2,-1],[26,-16],[3,-51],[-4,-23],[-11,-20],[-53,18],[28,-60],[-2,-1]],[[73621,39755],[-17,-9],[-30,66],[-52,-4],[13,-20],[-15,20],[-50,-4],[0,11],[-10,14],[-108,13],[-11,-1],[-5,-5],[-55,-5],[-12,8],[-37,7],[-15,11],[-21,-1],[26,-29],[4,-13],[-4,-20],[5,-4],[-4,-5],[22,-15],[11,-14],[5,-13],[-10,-7],[-90,-17],[0,-10],[-17,-12],[7,-3],[21,9],[12,-1],[14,-25],[-2,-6],[-12,-10],[0,-6],[6,-5],[0,5],[12,1],[2,11],[4,2],[13,-10],[1,-14],[-5,-1],[-13,5],[5,-7],[-15,-8],[5,-8],[-14,-12],[5,-7],[-8,-4],[9,-8],[-10,-16],[-67,-3],[-43,9],[-36,0],[-31,-6],[-32,18],[-9,-6],[-28,-7],[-41,7],[-48,-7],[-39,4],[-10,-3],[-7,3],[-21,-13],[-20,-5],[-13,2],[-62,-19],[-70,-14],[-5,-4],[18,-32]],[[71568,39793],[3,6],[-63,-21],[-46,-22]],[[71462,39756],[-65,47],[29,36],[-19,34],[83,19],[-52,128],[-78,161],[-8,32],[-78,89],[-36,28],[-44,18],[-43,29],[-60,31],[-29,34],[5,32],[26,73],[2,74],[-25,8],[-90,39],[-20,15],[-30,38],[-18,11],[-4,20],[5,16],[17,12],[-9,30]],[[70921,40810],[-1,17],[98,-2],[36,67],[119,133],[88,15],[20,-1],[21,5],[26,-9],[130,-29],[179,31],[88,-5],[54,30]],[[71779,41062],[30,17],[59,-36],[30,-53],[35,-112],[17,-95],[43,0],[35,-5],[37,2],[26,-15],[11,-4],[10,-9],[35,1],[4,-7],[32,-6],[3,-9],[20,2],[3,-4],[26,5],[7,-1],[21,4],[7,5],[23,4],[6,-6],[-4,-6],[7,-1],[0,-6],[-7,-5],[5,-6],[22,-9],[-3,-18],[5,-2],[-9,-8],[3,-5],[-11,-6],[-7,3],[2,-20],[-6,-8],[7,-7],[-17,-15],[30,-12],[23,-13],[7,0],[11,14],[16,-4],[101,-12],[38,6],[131,163],[68,104],[-3,6],[5,5],[-1,5],[74,7],[41,15]],[[73974,38568],[-14,15],[-25,2],[-18,5],[-39,-1],[-56,-11],[-11,2],[-28,-2],[-48,7],[-38,19],[-35,13],[-31,17],[-9,16],[4,16],[-9,7],[-26,8],[-35,4],[-99,24],[-40,14],[-36,9]],[[73381,38732],[-39,27],[9,10],[-6,5],[2,4],[-6,3],[-10,22],[9,14],[-3,13]],[[73496,39292],[-8,22],[2,7],[8,5],[15,1],[7,7],[11,-1],[5,-7],[27,-9],[25,-18],[15,-2],[90,15],[59,5],[91,-7],[52,13],[18,22],[72,8],[-15,-16],[3,-9],[-30,-11],[-8,-14],[-32,-13],[13,-7],[39,-4],[43,-14],[58,-29],[31,7],[4,7],[86,24],[27,1],[55,-3],[7,2],[36,-8],[8,1],[25,14],[20,6],[35,20],[12,4],[24,19],[1,4],[-6,8],[4,7],[14,0],[13,5],[9,-1],[7,-3],[10,1],[-4,-10],[6,-5],[16,4],[8,-6],[26,-4],[11,-6],[20,6],[9,-3],[37,-5],[7,2],[-1,5],[16,14],[19,1],[-1,11],[15,-4],[29,6],[19,-6],[3,-6],[19,-13],[11,-13],[-2,-8],[27,-3]],[[74471,40015],[-9,-3],[-21,-25],[-21,-17],[-14,-8],[-16,-2],[-26,-13],[-10,9],[-17,-5],[-57,-8],[0,6],[-49,7],[0,-3],[11,-7],[-4,-3],[2,-4],[-7,-2],[6,-7],[-9,1],[-3,-2],[9,-6],[-5,-1],[-3,4],[-6,-3],[0,-3],[7,-3],[-11,-2],[1,-4],[-12,-4],[-12,-18],[-21,-5],[2,-2],[10,1],[-3,-6],[-9,1],[2,-7],[-16,-6],[1,-7],[3,-1],[5,4],[6,-4],[8,0],[0,-3],[-8,0],[-11,-2],[9,-10],[-6,-5],[2,-6],[-10,-7],[5,-6],[-9,0],[1,-10],[-6,1],[-11,-10],[3,-5],[-9,1],[0,-9],[7,2],[-2,-9],[-10,-3],[0,-6],[4,-2],[12,1],[0,-12],[16,-4],[-7,-4],[4,-6],[-7,-7],[4,-1],[10,5],[4,-7],[-82,-11],[-60,-20],[-1,-3],[9,-3],[7,-11],[8,-3],[-34,-12],[-26,14],[-4,11],[-25,7],[-20,16],[-22,24],[21,4],[-14,15],[-23,-4],[2,-3],[-8,-19],[18,-31],[-37,-16],[-1,-9],[25,-33],[-6,-10],[-23,-4],[-25,5],[-10,10],[-14,6],[-31,-1],[-17,2],[-5,6],[-61,10],[-17,8],[-44,12],[-27,65]],[[75962,39158],[25,-1],[6,-4],[-1,-7],[21,2],[9,-5],[0,-9],[12,-7],[2,-6],[-6,-31]],[[75760,38933],[-9,-4],[-11,-1],[-16,8],[-42,-21],[-15,-4],[-29,5],[-32,-1],[-6,-7],[7,-18],[-2,-15],[-21,-16],[-18,-5],[-16,1],[-8,-4],[-13,-15]],[[75529,38836],[-1,-5],[-16,-3],[-21,-14],[-63,1],[-32,4],[-26,-6],[-34,-13],[-78,-50]],[[75745,39189],[53,-21],[0,-9],[5,-4],[15,8],[12,1],[14,-14],[-11,-5],[20,-6],[14,-1],[16,9],[19,-7],[13,9],[47,9]],[[75616,38673],[-2,15],[4,5],[10,3],[-2,4],[23,0],[30,4],[-6,7],[-37,-1],[-30,23],[-47,-4],[-8,7],[49,5],[-5,16],[-17,-3],[-5,6],[-24,-2],[-8,23],[6,0],[-3,8],[6,1],[-6,12],[17,2],[-9,7],[12,2],[5,5],[-11,9],[5,0],[-1,5],[-33,4]],[[76003,40007],[-36,-19],[56,-62],[33,-11],[5,-4],[-15,-5],[-16,-12],[-28,-9],[-17,-11],[-24,-10],[-23,-5],[-29,-17],[-27,-11],[-17,-23],[10,-6],[-35,-117],[-1,-29],[-65,-79],[8,-17],[34,3],[9,-3],[2,-11],[-4,-13],[7,-3],[-2,-4],[10,-7],[19,-4],[-5,-4],[46,-45],[-38,-14],[-122,-19],[-30,40],[-116,-35],[-21,-2],[-19,-14],[1,-5],[-4,-3]],[[75423,39498],[11,4],[13,-2],[0,16],[22,8],[3,5],[17,11],[8,1],[-3,10],[10,3],[-14,2],[-10,10],[7,8],[-9,4],[1,4],[10,8],[15,3],[-12,12],[2,4],[-17,2],[-37,18],[-5,10],[-7,-1],[-2,10],[25,11],[38,5],[8,3],[0,12],[12,22],[-1,11],[8,5],[-3,4],[7,4],[0,6],[10,1],[-3,4],[5,5],[6,2],[15,12],[6,-5],[6,8],[11,2],[-3,5],[6,4],[-8,9],[1,26],[-7,5],[21,26],[0,8],[-7,4],[12,12],[-9,16],[9,15],[24,11],[4,6],[7,2],[8,-3],[38,37],[11,-3],[6,4],[3,-2],[8,2],[3,5],[-5,6],[3,8],[11,6],[28,4],[15,-1],[6,4],[9,-5],[3,2],[4,-3],[7,2],[3,-5],[2,4],[14,-2],[8,2],[9,-4],[-1,3],[16,0],[1,4],[7,2],[6,-2],[57,17],[-3,4],[9,2],[2,-4],[17,5],[-1,3],[14,-1],[1,3],[5,-1],[5,4],[9,-3],[-3,5],[9,1],[5,-3],[6,4],[11,1],[11,-4]],[[76050,40228],[7,-13],[-9,-7],[4,-7],[8,-3],[-1,-3],[8,-1],[9,-9],[15,-6],[20,-14],[0,-5],[11,-1],[1,-5],[8,-4],[-4,-5],[5,-1],[-6,-3],[8,-3],[-2,-7],[-6,-1],[8,-5],[-3,-5],[2,-6],[-12,-1],[9,-3],[-4,-2],[4,-4],[-4,-2],[8,-5],[-8,-8],[6,-1],[-7,-3],[4,-7],[-6,0],[-7,-9],[-5,0],[-10,-7],[4,-2],[-13,-10],[1,-6],[-10,-13],[7,-1],[-6,-3],[2,-6],[-8,-6],[-9,-1],[-1,-6],[-7,0],[-1,-4],[-5,0],[2,-4],[-7,-3],[-8,3],[0,-5],[-24,4],[-5,7],[-10,1]],[[77310,39398],[43,-113],[-6,-1],[3,-18],[-43,-3],[6,-20],[24,2],[8,-36],[11,3],[5,-32],[4,1],[38,-49],[22,-104],[-20,1],[-3,-17],[5,-37],[-87,-13],[-47,-10]],[[77273,38952],[-41,22],[-16,5],[-80,14],[-77,10],[-78,22],[-79,10],[-21,6],[-39,7],[-60,29],[-72,-39],[-6,11],[-51,-22],[14,-8],[15,-22],[43,-28],[-9,-29],[37,-4],[-48,-72],[-10,-23],[-9,-2],[-25,-74],[-46,-44]],[[75962,39158],[0,8],[-7,3],[1,7],[-7,1],[-10,-5],[-5,7],[-11,2],[-1,3],[10,6],[-13,4],[-13,12],[-6,0],[-19,-6],[-3,7],[-8,2],[5,11],[9,4],[4,6],[-2,6],[-16,7],[0,6],[32,-4],[4,2],[-17,11],[6,5],[12,-1],[1,7],[19,-2],[8,8],[58,7],[14,-2],[8,4],[38,8],[12,7],[15,3],[-9,10],[63,16],[16,-14],[83,29],[5,-2],[8,2],[-3,9],[6,1],[-4,5],[9,2],[4,6],[7,-1],[9,4],[2,-7],[4,5],[11,-4],[3,6],[8,-5],[14,7],[18,-4],[0,8],[8,4],[-6,4],[9,2],[12,10],[18,-3],[3,5],[-3,5],[14,-1],[10,13],[36,-7],[2,8],[14,-3],[10,5],[12,-1],[2,4],[16,0],[0,7],[17,-2],[13,8],[33,-4],[26,7],[37,-7],[52,-1],[23,-12],[23,-4],[3,-8],[15,6],[13,9],[9,-4],[-7,-10],[42,5],[9,-4],[4,5],[12,-2],[1,-6],[6,1],[19,-2],[11,6],[8,0],[4,-4],[8,1],[-1,6],[21,8],[38,-23],[26,3],[-10,23],[14,13],[30,7],[9,-8],[8,1],[28,-25],[29,-39],[90,8],[13,-22],[7,-3],[18,3],[-2,8],[20,7],[-2,11],[30,6],[57,5],[15,4]],[[74180,37529],[-72,-13],[-13,-7],[-9,4],[-89,-5],[-85,-24],[-32,-13],[-11,-11],[-44,6],[-46,12],[-29,-10],[-25,-2],[-7,3],[-28,-26],[-4,0],[-24,9],[-11,-6],[-41,-7],[-61,3],[-21,8],[-16,2],[-9,9]],[[73503,37461],[17,4],[-7,8],[19,5],[22,17],[25,12],[64,19],[-19,20],[42,11],[2,5],[-5,8],[69,6],[-8,46],[-9,16],[-16,12],[-46,-14],[1,-4],[-43,-5],[-2,4],[37,12],[15,12],[-5,19],[-28,24],[56,52],[-24,15],[74,27],[47,23],[-36,1],[4,26],[-9,16],[-21,15],[-24,8],[-62,7],[9,26],[-9,51],[-2,1],[-20,-6],[-10,7],[-16,6]],[[73585,37973],[153,38],[175,23],[-6,8],[77,2],[30,5],[-2,10],[-4,2],[10,7],[-4,14],[28,5],[18,15],[5,13],[26,10],[-16,5],[-9,-1],[-7,5],[-30,7],[0,6],[26,5],[24,9],[-17,18],[-18,10],[-3,15],[-12,9],[-39,-4],[-7,6],[8,2],[-6,6],[-22,-4],[-1,10],[-19,-1],[-2,22],[-12,-1],[-7,28],[-17,8],[21,32],[-15,3],[0,7],[-57,4],[1,20],[34,-5],[49,0],[8,2],[30,27],[-35,14],[55,30],[31,13]],[[78561,39531],[15,1],[101,25],[53,-2],[31,7],[10,-6],[11,3],[8,-3],[22,10],[15,3],[38,-7]],[[78865,39562],[27,-84],[31,-44],[24,-13],[21,-58],[27,-41],[7,-42],[15,-38],[29,-39],[3,-14]],[[78911,39039],[-100,-3],[-68,5],[-25,5],[-29,-29],[-60,-28],[-44,-15],[-59,-8],[-9,27],[-48,3],[-15,-1],[5,-11],[-57,-20],[-17,9],[-7,-1],[-10,7],[-67,-5],[-10,-2],[-6,-5],[-10,-18],[-23,-8],[-12,3],[-52,-15],[-64,-31],[-14,-12],[-54,5],[-13,-3],[-55,6],[-40,22],[-33,-3],[-87,5],[-29,6],[-23,10],[-40,11],[-175,38],[33,-40],[14,-26],[-2,-23],[11,-15],[-100,-59],[-33,-11],[-22,50],[-35,25],[-8,3],[-28,-10],[-5,-13],[-7,-4],[-116,82],[10,10]],[[77310,39398],[-2,12],[5,13]],[[77313,39423],[12,1],[10,-3],[31,10],[38,-5],[20,-11],[16,-2],[13,8],[46,6],[1,3],[10,-1],[22,10],[41,5],[33,-1],[21,4],[13,-11],[16,0],[0,-6],[11,-9],[1,-10],[6,-4],[9,1],[4,-12],[11,4],[16,-6],[12,-9],[-3,-6],[5,-5],[11,4],[12,-6],[9,4],[9,-3],[-1,-12],[6,0],[6,-3],[14,2],[3,8],[8,-1],[5,3],[9,-2],[16,2],[0,6],[11,10],[26,15],[1,6],[9,2],[-3,8],[17,5],[6,7],[5,-4],[20,7],[21,-5],[3,5],[5,1],[14,-10],[10,0],[6,4],[17,-5],[23,4],[14,-2],[8,-7],[7,1],[7,-2],[-2,-4],[8,-2],[4,-5],[12,7],[2,-3],[10,3],[1,3],[12,0],[4,6],[-5,5],[12,0],[0,6],[10,-2],[9,6],[9,-9],[12,1],[47,30],[5,7],[6,2],[-1,5],[10,0],[4,3],[8,-4],[6,3],[2,-3],[16,1],[0,5],[10,0],[10,6],[10,-3],[3,-9],[9,-3],[3,-9],[17,-7],[10,5],[16,1],[1,5],[17,3],[3,5],[15,-1],[6,10],[23,5],[2,6],[7,-1],[2,4],[10,0],[3,9],[10,0],[5,4],[45,8],[8,7],[15,-2],[5,10],[14,4],[19,-3]],[[73585,37973],[-14,6],[-5,7],[-13,2],[-17,-2],[-9,5],[4,13],[-10,18],[-9,5],[10,9],[-21,9],[-5,8],[-16,2],[-5,10],[-10,5],[-6,0],[-5,4],[2,5],[-13,17],[5,8],[-8,6],[-20,2],[-17,-16],[-9,3],[-8,-8],[-43,-18],[-18,-18],[-97,25],[-39,6],[-71,8],[-111,8],[-118,22],[0,-3]],[[72889,38121],[-8,2],[12,21],[11,44],[24,31],[12,-4],[82,23],[30,14],[6,11],[25,14],[4,20],[-28,16],[-30,-24],[-41,6],[29,31],[-56,23],[-20,6],[-4,5],[6,4],[-58,17],[23,27],[31,9],[74,49],[0,4],[13,8],[-3,4],[29,18],[15,-1],[17,2],[-6,21],[-9,8],[-13,29],[-15,14],[0,9],[4,2],[92,-1],[85,-7],[0,12],[16,3],[22,11],[16,-15],[31,1],[0,9],[6,4],[0,25],[8,17],[-11,6],[3,8],[31,39],[37,36]],[[76978,40921],[61,-49],[-16,-51],[80,-91],[37,-20],[22,-19],[40,-23],[28,-6],[1,-5],[30,-7],[2,-4],[7,-4],[5,0],[10,-8],[11,0],[3,-5],[23,-5],[21,-8],[26,-2],[30,-12],[29,-28],[-2,-8],[9,0],[1,-5],[13,-9],[3,-14],[-12,-14],[10,0],[16,-13],[12,2],[6,-4],[12,2],[2,-4],[13,0],[5,-3],[10,0],[6,5],[7,-10],[10,3],[4,-1],[4,-10],[5,3],[7,0],[1,-4],[-5,-4],[4,-3],[17,1],[18,-5],[4,-14],[6,-4],[-1,-11],[-5,-3],[9,-3],[1,-6],[-9,6],[-20,2],[-83,-12],[-19,-12],[-30,-30],[-24,-9],[-12,-10],[-45,-9],[-21,1],[-30,-5],[-9,-5],[0,-9],[-20,-15],[-34,-13],[-9,-10],[4,-4],[-6,-33],[-34,-61],[-8,-2],[1,-30],[-34,-38],[3,-15],[26,-18],[-27,-48],[25,-44],[29,-35],[-3,-49],[8,-64],[21,-28],[30,-14],[15,-14],[13,-22],[9,-33],[-2,-18],[-9,-21],[-36,-21],[-9,-62],[-22,-45],[-12,-44],[-2,-1],[-44,1],[-22,-20],[-5,-10],[-17,-12],[-18,-28],[3,-5],[9,1],[4,-2],[11,1],[9,7],[25,-14],[5,7],[12,2],[13,-2],[8,-5],[11,-1],[23,-16],[6,-1],[8,3],[11,-5],[20,-1],[3,-8],[14,-5],[-9,-4],[0,-4]],[[76236,40855],[-2,16],[11,17],[23,16],[45,21],[31,7],[36,-3],[43,3],[20,16],[14,17],[6,14],[-5,18],[8,2],[30,4],[27,-5],[10,2],[24,13],[28,5],[18,-4],[14,1],[19,-4],[13,-5],[-2,-4],[10,1],[4,-4],[7,0],[0,-4],[11,0],[-1,-3],[9,-1],[-3,-3],[9,0],[2,-6],[8,-1],[-1,-6],[7,-5],[-4,-4],[5,-1],[7,-15],[-2,-11],[276,86]],[[76991,41025],[-17,-90],[4,-14]],[[66642,34403],[8,-5],[-2,-4],[9,-2],[-2,-3],[10,-1],[3,-5],[13,0],[9,-6],[-24,-14],[24,-32],[37,-4],[21,-14],[-7,-2],[3,-3],[-20,-6],[18,-10],[-5,-3],[14,-5],[-5,-6],[11,-11],[-4,-5],[4,-8],[-13,-2],[5,-11],[-8,-3],[2,-7],[-27,-6],[-21,-12],[29,-15],[-10,-9],[0,-7],[-18,6],[-1,-6],[7,-8],[-4,-5],[-6,2],[-6,8],[-26,5],[0,4],[-7,-2],[-16,-1],[-5,3],[-7,-4],[-8,5],[-26,0],[-11,4],[-5,-2],[3,-4],[-13,-3],[-2,5],[-17,6],[-8,-2],[-5,6],[8,6],[-28,26],[-2,6],[12,4],[-16,9],[3,7],[-5,4],[-7,-1],[0,15],[-9,-4],[-1,-5],[-11,-2],[-17,-13],[-8,2],[1,-3],[-7,0],[-9,-5],[-4,3],[-8,-1],[-2,-4],[-8,0],[-13,-6],[-15,-1],[-23,-14],[-2,-5],[-12,-3],[-5,-5],[-6,1],[-3,-5],[-51,-9],[2,-2],[-16,-8],[0,-3],[-11,0],[1,-3],[-20,-11],[-26,-7],[-13,-9],[-35,-3],[-48,-16],[-18,-2],[-15,-5],[-7,2],[-45,-5]],[[65396,34223],[-7,-11],[1,-23],[29,-18],[24,3],[-33,-13],[3,-2],[-9,-18],[38,-18],[-19,-7],[13,-10],[14,-3],[-2,-2]],[[65448,34101],[-34,6],[-93,-4],[4,-12],[-3,-12],[10,-14],[1,-10],[-50,-18],[-53,1],[-9,6],[0,12],[-75,-18],[-5,12],[-40,-7],[-12,11],[6,3],[-16,9],[-15,-8],[-17,-3],[-5,4],[-39,-18],[-2,-12],[6,-1],[7,-8],[-94,-76],[-68,-20],[-3,13],[-80,-16],[-16,-32],[10,-41],[15,-27],[17,-20],[40,-22],[77,-53],[19,11],[62,-91]],[[63768,34121],[9,-18],[9,-3],[1,-17],[76,-42],[36,-26],[11,-15],[39,-36],[87,-92],[32,-23],[68,-24],[42,-38],[98,-22],[28,-14],[0,-3],[27,-19],[5,5],[22,-12],[16,-12],[17,-26],[18,-64],[135,-55],[11,-9]],[[65817,34059],[-29,-8],[-40,-1],[-10,-8],[-27,2],[-25,9],[-13,-13],[-16,1],[-21,5],[-13,-7],[-8,3],[-17,-2],[-18,15],[-5,-3],[-14,5],[-3,5],[-22,-11],[-38,-8],[-12,8],[2,8],[-31,28],[-9,14]],[[66005,34099],[37,-20],[52,2],[29,-22],[3,-14],[22,-7],[4,-6],[9,-2],[0,-17],[11,-3],[8,3],[33,-42],[-4,-5],[1,-20],[-7,-2],[11,-13],[4,-14],[-21,-6],[-10,-8],[0,-4],[-15,-2],[2,-9],[16,-4],[1,-9],[-22,-1],[-18,-8],[16,-15],[29,-9],[9,10],[23,-6],[3,4],[5,-2],[2,-6],[8,-2],[-7,-9],[9,-3]],[[72035,31591],[31,20],[44,2],[21,4],[-7,30],[-8,17],[-13,2],[-32,-10],[-31,-4],[-14,1],[-29,-6],[-40,2],[-1,9],[-12,16],[-19,12],[2,9],[-18,8],[-6,7],[4,24]],[[71932,31545],[103,46]],[[71781,31474],[12,1],[4,6],[9,1],[3,3],[7,-3],[4,6],[12,2],[9,7],[29,8],[19,2],[29,17],[3,11],[11,10]],[[71047,31924],[20,-5],[-3,-4],[13,-7],[121,-40],[-3,-3],[61,-19],[54,-5],[38,-9],[28,6],[2,-8],[86,-43],[34,-10],[63,-7],[17,-11],[21,-22],[25,-14],[49,-6],[7,-4],[15,-2],[32,7],[43,4],[47,11],[5,5],[8,1],[32,-2],[11,3],[4,4],[30,-10]],[[72135,31898],[40,8],[-1,9],[5,6],[17,1],[0,6],[13,0],[5,18],[-9,4],[5,8],[-25,25],[6,21],[14,15],[0,24],[-3,12],[-33,2],[12,15]],[[71907,31734],[4,13],[-10,10],[6,10],[99,-31],[25,-1],[37,4],[3,5],[61,5],[-6,36],[2,14],[-11,11],[-4,13],[-44,-6],[-12,5],[-1,16],[6,1],[2,7],[14,7],[0,8],[-18,7],[11,20],[20,1],[14,-5],[9,5],[-3,7],[24,2]],[[64243,37386],[-50,12],[6,-13],[-25,-2],[-1,-6],[-3,3],[-12,0],[-37,-11],[-31,-5],[-82,-7],[-11,1],[-7,5],[-37,-8],[-47,-22],[-40,-3],[-4,-2],[-13,5],[9,19],[-9,13],[-23,-2],[-16,-8],[-33,5],[-18,0],[-19,10],[0,6],[-11,12],[-8,3],[-2,5],[-21,6],[0,4],[-12,1],[-16,9],[-7,0],[-25,8],[-16,14],[-6,-3],[-13,2]],[[63603,37437],[0,4],[-11,0],[1,5],[-23,7],[-13,2],[-1,4],[-12,4],[6,16],[-10,11],[-8,1],[-2,7],[-6,-2],[-3,8],[9,7],[-4,4],[3,4],[-25,9],[3,5],[-8,4],[-7,0],[2,4],[-9,1],[-6,6],[10,11]],[[63489,37559],[17,4],[14,9],[-26,20],[-3,13],[6,7],[-6,5],[6,1],[4,5],[-4,3],[10,6],[-1,5],[8,3],[3,-1],[5,6],[14,7],[11,1],[4,4],[11,-1],[9,8],[37,8],[25,-2],[23,-7],[19,2],[12,8],[29,10],[14,3],[24,0],[23,20],[20,4],[50,22],[17,2],[15,12],[19,4],[17,0],[34,-15],[39,-25],[48,-23],[114,-61],[31,-26],[53,-21],[39,-2],[46,-8],[3,-34],[-1,-5],[-10,-2],[25,-13],[-4,-27],[-4,-5],[-23,-2],[10,-19],[-18,-6],[-9,-12],[-29,-6],[-30,-14],[4,-17],[-3,-6],[13,-15]],[[62733,38598],[-8,-67],[-47,-16],[16,-24],[2,-62],[29,-52],[63,3],[36,0],[14,-56],[18,-21],[31,-18],[37,0],[3,-4],[16,-6],[-26,-10],[-35,-7],[-39,-4],[-1,-2],[-44,7],[-32,-3],[-7,-4],[-11,-56],[10,-1],[9,-19],[10,-3],[-11,-10],[-3,-7],[10,-1],[9,-4],[49,-30],[17,-4],[0,-6],[10,-1],[7,-7],[21,-6],[4,-5],[6,1],[4,-7],[19,-2],[10,-7],[36,-11],[57,-25],[22,-2],[22,-8],[-2,-14],[7,-5],[3,-10],[-3,-14],[-12,-5],[-8,1],[-6,-5],[-15,-48],[-23,-20],[21,-33],[26,-12],[21,-1],[36,-29],[1,-2],[-8,-5],[-35,-14],[15,-15],[-3,-10],[-14,-20],[12,-10],[-2,-15],[6,0],[8,-14],[-1,-5],[22,-4],[3,2],[17,-6],[8,0],[19,10],[11,1],[7,7],[18,6],[15,1],[32,9],[61,-16],[3,-5],[25,-3],[1,-3],[8,-1],[4,-6],[13,-4],[13,0],[5,-6],[-1,-10],[9,-6],[4,-19],[17,-21],[-14,-3],[7,-14],[24,-21],[7,2],[14,-8],[18,-22],[21,-9],[7,-9],[1,-9]],[[63603,37437],[-41,-32],[10,-1],[-2,-18],[18,0],[0,-4],[7,-5],[3,-29],[-16,2],[-4,-5],[-33,-17],[-94,-26],[41,-12],[2,3],[11,-2],[-2,-6],[-18,5],[-4,-2],[-4,-7],[9,-16],[-17,-1],[16,-25]],[[63485,37239],[-11,-11],[-10,-2],[-14,5],[-14,11],[-14,0],[-18,-11],[-14,-1],[-5,-5],[8,-4],[0,-10],[-8,1]],[[63385,37212],[-19,1],[-30,12],[-17,0],[-26,10],[-21,1],[-5,4],[4,7],[-5,16],[-8,12],[3,7],[-14,0],[-6,12],[-33,7],[-35,13],[-45,-5],[-5,21],[2,20],[-11,8],[-31,3],[-10,15],[-6,22],[-43,-7],[-46,-13],[6,-15],[-17,-15],[-52,-8],[-16,-6],[-86,-7],[-21,-6],[-12,-8],[-11,-3],[-35,0],[-59,9],[-34,2],[-14,-7],[-21,-19],[7,-13],[-5,-9],[18,-15],[-9,-11],[8,-12],[-9,-3],[-1,-9],[-6,1],[-19,14],[3,18],[-26,11],[-45,29],[-37,0],[-35,-12],[-12,-1],[-15,7],[-29,5],[-21,-9],[-9,0],[-20,7],[-39,7],[-33,-3],[-7,5],[-14,4],[-31,4],[-49,-3],[-39,8],[-17,1],[-31,-9],[-39,9],[-14,8]],[[62031,37324],[5,2],[-4,22],[3,8],[14,23],[41,49],[16,14],[-6,10],[11,11],[-7,9],[-19,7],[15,9],[2,28],[-9,13],[1,8],[7,9],[17,6],[-18,15],[-38,11],[2,3],[-17,13],[-16,3],[13,15],[-13,6],[-12,14],[8,21],[0,36],[28,11],[19,3],[-6,9],[-21,5],[-11,-1],[4,11],[-5,11],[-36,22],[-27,13],[-19,25],[-23,15],[-4,26],[39,17],[5,8],[-3,14],[-35,4],[-20,-7],[-70,16],[-17,2],[-26,-2],[-7,3],[-4,10],[-16,9],[-13,11],[-13,22],[-2,16],[-11,20],[8,21],[0,22],[-32,57],[-13,8]],[[61696,38090],[11,16],[-24,35],[63,26],[34,6],[68,21],[15,2],[7,10],[-1,18],[29,-2],[15,17],[-5,18],[-72,93],[-69,-4],[-8,14],[1,12],[-29,52],[13,27],[18,3],[31,-1],[34,10],[34,1],[7,-3],[19,1],[-14,22],[-64,32],[-17,0],[-54,11],[-53,23],[-51,31]],[[61634,38581],[-16,8],[-11,11],[-8,1],[-26,12],[31,44],[-9,6],[-6,-4],[-6,44],[-7,15],[5,29],[-3,45],[-35,16],[-7,24],[4,24],[-7,8],[-6,0],[-15,5]],[[64045,36670],[-7,9],[-38,-7],[-2,3],[-6,-2],[-3,3],[-11,-4],[-7,2],[7,3],[-19,3],[-1,3],[-38,3],[-38,-10],[7,-5],[-2,-6],[-31,0],[-30,13],[-45,-1],[4,-37],[-23,-25],[-10,-22]],[[63752,36593],[-73,3],[-15,3],[-9,-7],[8,22],[-11,9],[-5,21],[3,7],[21,11],[2,17],[-9,-6],[-39,3],[-4,-2],[-57,-10],[-23,8],[-3,11],[-16,5],[-3,-4],[-6,3],[-42,30]],[[63471,36717],[31,20],[28,27],[8,32],[167,-11],[11,3],[7,-3],[5,1],[32,-16],[6,2],[11,-6],[3,2],[32,-19],[18,14],[26,-6],[9,11],[-3,11],[3,2],[36,-16],[43,-7],[10,18],[-2,6],[4,2],[30,-15],[5,4],[13,-12],[-4,-2],[4,-4],[12,1],[54,-8],[81,-20]],[[63777,37244],[25,11],[-15,1],[1,4],[-35,-5],[-17,1],[13,37],[7,6],[14,5],[27,5],[85,8],[4,4],[43,-1],[87,11],[45,2],[64,21],[122,27]],[[64247,37381],[16,-4],[13,-7],[16,-3],[-34,-18],[-36,-14],[-16,-2],[-20,-7],[15,-20],[3,-12],[-55,-5],[-36,5],[6,-30],[-20,-1],[5,-23],[9,-6],[2,-12]],[[64243,37386],[4,-5]],[[63688,37241],[0,4],[-19,-1],[-4,5],[-13,3],[-12,-2],[-17,-9],[-39,-7],[-55,6],[-23,-3],[-21,2]],[[63747,37091],[-27,-4],[-15,2],[-32,-16],[2,-11],[9,-5],[-25,2]],[[63659,37059],[-2,9],[-21,2],[-14,8],[4,7],[13,4],[-4,6],[-10,5],[6,10],[-6,11],[-16,4],[-11,-3],[-5,13],[-14,-11],[3,6],[-12,0],[-11,4],[-10,0],[-28,13],[-12,2],[-10,-6],[-34,10],[-2,4],[-10,3],[-41,3],[-26,23],[7,8],[-4,3],[-5,0],[1,15]],[[63652,36438],[-19,71],[-24,51],[80,-3],[13,7],[50,14],[0,15]],[[63659,37059],[-24,-40],[5,-26],[-19,-1],[-10,6],[-8,1],[-15,-8],[-19,-3],[-19,-9],[-19,-16],[-27,-12],[-17,-14],[3,-3],[-10,-13],[-55,-20],[-22,1],[-6,-7],[2,-5],[13,-5],[-33,-30],[-11,-17],[-7,0],[0,6],[-25,1],[20,31],[-5,18],[-18,-2],[-16,-12],[-14,7],[17,14],[-26,15],[-40,-33],[-29,15],[-43,-16],[-34,-5],[-68,39],[-27,-19],[-104,-52],[-41,-30],[-81,-45]],[[62295,36945],[31,13],[3,-7],[15,3],[9,-11],[16,5],[33,17],[35,-15],[-13,-12],[0,-4],[43,4],[31,-8],[9,7],[8,18],[17,-6],[4,3],[54,-14],[3,-4],[-6,-5],[15,-8],[7,-10],[30,1],[26,-4],[-2,-12],[27,-41],[33,3],[16,-4],[34,-17],[-15,-15],[28,-16],[19,-26],[22,-10]],[[62109,37019],[28,1],[33,-11],[14,21],[9,5],[18,5],[18,-6],[54,-22],[20,-18],[4,-8],[-21,-14],[1,-13],[5,-3],[3,-11]],[[62087,37172],[10,-7],[-2,-19],[29,-13],[2,-12],[10,-6],[-19,-4],[-17,1],[-6,-4],[1,-14],[-17,-16],[-1,-13],[12,-30],[20,-16]],[[62087,37172],[-15,12],[-16,6],[-4,9],[-30,26],[-22,30],[-19,45],[-4,30]],[[61977,37330],[42,-3],[12,-3]],[[69804,42099],[-19,-22],[8,-27],[-1,-6],[-8,-6],[-14,-4],[-51,-2],[-50,-9],[-21,8],[-11,10],[4,32],[-12,16],[-30,12],[-26,-1],[-20,-5],[-21,-19],[-8,-16],[12,-22],[7,-24],[-2,-30],[-15,-28],[-27,-10],[-49,-1],[-51,16],[-72,3],[-14,3],[-10,6],[0,7],[50,19],[11,9],[2,7],[-4,4],[-50,12],[-26,9]],[[70163,41827],[-4,1],[-1,12],[-6,4],[8,2],[6,10],[9,3],[-1,5],[-12,1],[-2,5],[-8,2],[6,4],[-7,6],[7,3],[-5,2],[8,3],[-9,5],[-2,8],[-4,-2],[-9,4],[-15,-3],[0,2],[-19,1],[-1,5],[-9,2],[-21,-9],[-33,4],[-8,-13],[-38,-25],[-5,-8],[-25,-17],[-43,36],[-35,22],[-9,11],[-8,5],[5,3],[-11,46],[2,27],[5,10],[-2,6],[24,5],[10,5],[6,7],[-16,17],[-7,5],[-10,-1],[-20,20],[-17,6],[-8,8],[-13,4],[-12,13]],[[70163,41827],[-2,-9],[-11,-4],[-4,-7],[-38,-22],[2,-7],[-6,-6],[6,-5],[-5,0],[-4,-7],[-13,-4],[4,-4],[-5,-11],[-12,-2],[2,-6],[-8,-3],[2,-10],[-27,-20],[37,-37],[-2,-12],[82,10],[45,16],[18,12],[20,-18],[12,-16],[40,-25],[6,7],[31,-29],[13,-27],[5,-24],[37,-52],[13,-32]],[[70401,41473],[-45,2],[-3,-10],[-10,-5],[-17,-3],[-13,1],[-16,-11],[0,-8],[19,-12],[0,-28],[-19,-16],[-18,-4],[1,-15],[-23,-1],[-13,6],[-14,-5],[-8,-5],[1,-4],[-18,0],[-7,5],[-7,-2],[-10,4],[-23,0],[-3,-5],[-19,2],[-1,2],[-8,-3],[-7,2],[-50,-2],[-27,2],[-11,0],[-38,7],[16,-59],[-28,-10],[-13,0],[-13,-15],[2,-9],[-13,-1],[-26,-12],[-32,-2],[-13,8],[-9,0],[-33,-14],[-18,-3],[-3,-11],[-10,-3],[-10,-8],[-30,-5],[-22,1],[-1,-11],[-10,-3],[-2,-6],[-8,-1],[0,-4],[-14,-7],[-4,-4],[8,-8],[-11,-18],[-9,-3],[-15,-12],[2,-4],[-18,-8],[-54,-6]],[[69603,41129],[-6,44],[-3,4],[-24,9],[-1,4],[-32,-2],[-16,4],[-15,-4],[-10,2],[-3,4],[-26,-7],[-41,-1],[-29,2],[-4,33],[-79,5],[-20,-1],[-5,-5],[-3,-10],[13,-6],[-3,-12],[-14,-16],[-7,-17],[-22,-9],[-18,3],[-15,-10],[-48,-21],[0,-7]],[[69172,41115],[-29,4],[-20,-3],[-24,5],[-20,-2],[-8,4],[2,10],[-22,4],[-27,11],[-13,-2],[-43,17],[-12,-3],[-59,9],[-26,6],[-12,7],[-54,-10],[-27,16],[-30,5],[-29,-3],[-3,7],[-8,0],[-12,10],[-6,14],[6,4],[-20,8],[-5,-2],[2,-10],[-21,-9],[-14,-1],[-23,4],[-43,67],[-83,-27],[-90,-24],[-92,-20],[-63,-18],[-30,22],[-27,-1],[-14,11],[-11,1],[-20,-8],[-14,11],[-12,4],[-3,8],[4,9],[-5,11],[-9,2],[-9,-3],[-8,-8],[-10,0]],[[68076,41252],[-26,11],[-7,12],[-13,5],[-39,2],[-15,12],[-26,38],[-5,17],[-18,16],[22,8],[-6,6],[18,6],[-16,27]],[[67945,41412],[11,3],[14,-2],[44,15],[25,4],[12,9],[18,5],[8,9],[24,10],[74,-25],[18,6],[21,14],[24,4],[-5,11],[15,3],[-12,7],[-31,7],[-9,8],[-15,-1],[-13,13],[15,27],[-8,10],[8,10],[-10,27],[41,42],[4,21],[121,18],[33,13],[24,15],[29,2],[17,7],[25,-6],[51,20],[16,-10],[27,-6],[19,-20],[26,-7],[64,6],[45,-4],[79,0],[33,2],[-22,13],[1,11],[-14,27],[24,-12],[39,-6],[26,9],[14,13],[34,16]],[[68929,41750],[10,-8],[39,-13],[37,-18],[25,-2],[42,12],[13,12],[-6,16],[-19,14],[-34,15],[-9,8],[-9,16],[8,14],[65,18],[17,10],[-1,5],[-8,6],[-48,15],[-8,23],[-31,15],[-3,5],[23,44],[36,28],[-5,8],[-31,21],[-4,12],[5,15],[27,33],[0,14],[-9,16],[-17,12],[-23,6],[-34,0],[-47,-6],[-12,2],[-13,7],[-9,11],[3,17],[10,9],[13,6],[53,8]],[[68975,42176],[50,16],[20,0],[21,-5],[13,-8],[44,-50],[52,-26],[35,-32],[76,-31]],[[71462,39756],[-2,-4],[-65,-8],[25,-7],[7,1],[0,-5],[-10,-5],[-3,-10],[-33,-17],[-30,-6],[-8,3],[-22,-9],[-17,5],[-39,-3],[-23,-4],[-24,-11],[-8,1],[-31,9],[-4,4],[2,5],[-6,-2],[-12,4],[-35,1],[-17,4],[-15,-16],[-26,-3],[-6,-8],[-23,-4],[-5,1],[-8,-4],[-16,-3],[-26,-20],[-7,0],[-10,-5],[3,-3],[51,-3],[-5,-17],[-21,-15],[-5,-9],[-14,-5],[-22,-4],[-19,-10],[-21,-19],[3,-4],[6,1],[-9,-9],[5,-5],[-14,-7],[-1,-8],[-9,15],[-7,1],[3,4],[-24,-2],[-2,-12],[-77,-11],[-64,-15],[5,-9],[11,-5],[-58,-14],[17,-7],[1,-3],[-11,-11],[-23,2],[-2,-3],[9,-9],[-10,-5],[8,-13],[-8,4],[-20,-1],[-23,-13],[-38,5],[-6,5],[-20,-2]],[[70554,39424],[-67,81],[8,10],[-5,8],[4,3],[-13,17],[-23,11],[-1,13],[-25,-3],[-8,19],[4,4],[-19,18],[1,19],[-14,24],[6,4],[-7,17],[-16,7],[-7,8],[-9,-3],[-38,4],[-1,-3],[-73,35]],[[70251,39717],[14,5],[-7,8],[34,2],[54,11],[38,-1],[4,-4],[-6,-5],[23,-15],[5,0],[11,-20],[13,-1],[21,-14],[14,0],[4,-3],[44,5],[12,-9],[10,-4],[14,-17],[24,-1],[10,-4],[7,1],[26,19],[12,5],[15,23],[-5,13],[-22,13],[-97,37],[1,3],[-14,8],[5,0],[5,7],[-3,16],[-7,7],[-6,3],[-9,-4],[-37,12],[-34,1],[-2,5],[-13,2],[-8,-1],[-9,7],[-22,-7],[-42,32],[-6,0],[-26,-7],[-7,1],[-4,-3],[-50,-1],[-2,-17],[-10,-7],[-11,-5],[-13,1],[-1,-4],[-12,-2],[-11,-10],[-16,-8],[-18,-3],[-5,5],[-10,-1],[-1,5],[14,1],[-9,7],[7,5],[-9,2],[-10,-3],[-5,6],[9,4],[-4,4],[7,5],[1,8],[-8,0],[-3,6],[-7,1],[2,8],[-5,1],[6,5],[-11,3],[-6,17],[-9,0],[-4,3],[6,5],[-5,12],[8,2],[-1,5],[-10,8],[-8,-1],[-1,4],[-7,1],[-33,-1],[-17,22],[3,6],[-13,8],[0,7],[-41,17],[-75,-18],[-19,10],[-36,3],[-27,-11],[-18,0],[-12,-5],[-7,-5],[-8,-19],[-11,-1],[-13,5],[-17,1],[2,22],[-11,7],[-76,92],[-2,2],[16,5],[-17,15],[-8,18]],[[69623,40095],[-4,4],[0,9],[4,0],[-9,31],[7,1],[-14,32],[-137,32],[-8,8],[-35,54],[14,11],[2,10],[-8,13],[-23,16],[-9,18],[13,10],[-7,11],[11,2],[-1,3],[-49,78],[-32,35]],[[69338,40473],[40,5],[28,13],[34,10],[7,-9],[8,1],[40,-30],[44,-21],[56,-39],[-5,16],[-43,48],[36,13],[-4,10],[-19,20],[-24,14],[32,9],[31,17],[33,3],[26,10],[16,-3],[18,3],[20,16]],[[69712,40579],[20,-27],[133,6],[11,-22],[61,2],[88,-2],[25,2],[0,16],[-4,15],[-15,0],[-1,9],[-5,2],[11,5],[-5,6],[-5,-2],[-1,4]],[[70025,40593],[0,13],[5,4],[0,6],[5,-1],[4,6],[-7,2],[8,2],[-6,4],[8,7],[5,23],[7,5],[11,-7],[27,-3],[8,-4],[7,1],[12,-4],[45,1],[7,5],[81,1],[51,0],[21,-6],[24,19],[0,6],[-8,7],[4,11],[20,-5],[39,4],[2,-3],[14,-3],[16,2],[-1,-4],[8,0],[15,4],[5,6],[41,5],[94,37],[48,16],[57,28],[42,16],[177,16]],[[69016,40042],[35,-26]],[[69051,40016],[-53,-15],[-72,-25],[-17,7],[-22,-12],[-24,-5],[-43,-19],[-3,2],[-36,-7],[-11,5],[-48,7],[-11,-3],[-14,6],[-24,-1],[-6,-3],[1,-5],[-4,1],[-2,-6],[-5,-1],[1,-5],[5,1],[5,-6],[-5,-3],[-3,-17],[-5,-4],[-29,-7],[-2,-10],[6,-12],[-13,-7],[4,-2],[-6,-2],[1,-3],[-35,-9],[-42,20],[-13,11],[-28,9],[-4,9],[-13,8],[-8,2],[-18,-2],[-14,5],[-25,33],[-17,8],[-14,-2],[-28,4],[-7,4],[-31,0],[-24,-4],[-25,-1],[-27,2],[-42,-1],[-30,-8],[-1,8],[-23,33],[-26,21],[-2,16],[-14,4],[-4,33],[-19,-4],[-21,-1],[-1,-5],[-12,-1],[-15,3],[-33,0],[-64,64],[-29,-8],[-8,0],[-35,16],[-15,3],[-21,-4],[-14,9],[-14,-13],[-18,-7],[-2,7],[-45,-10],[-6,2],[-3,-2],[-37,19],[-14,1],[6,-9],[-20,-5],[-4,-3],[-24,10],[7,-5],[-4,-5],[2,-7],[-29,-7],[-3,10],[-13,0],[-12,10],[1,7],[-13,3],[-9,-10],[-17,10],[3,2],[-5,8],[-21,6],[1,7],[-21,5],[-26,13],[-11,1],[-4,11],[-43,10],[-1,21],[10,5],[-5,2],[-4,11],[-6,5],[-20,-2],[-7,8],[-11,-1],[-101,16],[-6,-7],[-29,3],[3,9],[-40,8],[-1,2]],[[67198,40279],[-3,2],[15,2],[3,7],[-5,4],[11,10],[7,0],[4,7],[-12,2],[18,2],[-1,24],[-13,1],[27,3],[-7,12],[7,3],[-10,18],[4,1],[-2,10],[-16,18],[25,1],[24,-8],[24,5],[2,23],[11,1],[-5,29],[3,19],[-8,12],[-6,3],[-2,23],[-6,10],[51,6],[1,4],[-38,13]],[[67301,40546],[25,14],[16,16],[-2,6],[-25,20],[-1,11],[13,44],[0,26],[-9,24],[-32,22],[12,2],[0,13],[31,5],[2,-3],[56,13],[4,-4],[57,4],[62,11],[61,12],[47,15]],[[67618,40797],[231,-201],[42,7],[23,-29],[18,4],[50,4],[71,16],[-9,-25],[16,-16],[-28,-6],[19,-44],[22,4],[4,-12],[93,-18],[-16,-12],[-6,-27],[8,-13],[21,-16],[-20,-6],[7,-10],[11,-3],[-3,-4],[9,-9],[-3,-4],[13,-5],[3,-7],[11,-3],[43,10],[3,5],[13,-2],[23,16],[2,10],[35,8],[32,-4],[2,-10],[16,1],[32,-12],[2,-4],[10,-1],[7,2],[60,0],[45,-9],[10,1],[11,8],[25,2],[-15,-25],[-19,-3],[3,-8],[14,-6],[10,-8],[23,-47],[27,-7],[24,-15],[30,-41],[20,-4],[9,1],[-1,6],[-15,11],[1,6],[12,9],[33,5],[10,-3],[3,-6],[-19,-18],[4,-7],[53,-17],[8,0],[18,9],[10,-2],[6,-18],[-18,-6],[-1,-15],[15,2],[21,15],[10,-1],[7,-5],[10,-23],[-2,-26],[6,-6],[16,-5],[1,-4],[-8,-7],[-16,-5],[-14,1],[-17,8],[-11,-5],[8,-8],[28,-2],[11,-6],[9,-20],[-2,-5],[-11,-7],[1,-3],[29,-6],[1,18],[11,5],[23,-10],[5,-9],[7,-3],[37,8],[19,-1],[16,-22]],[[72111,37878],[1,-19],[-13,-5],[-18,-14],[-9,-2],[-2,-8],[-1,-15],[26,-36],[-53,-26],[-1,-4],[20,-22],[21,-6],[9,-16],[-12,-24],[-30,-14],[-13,-17],[-5,-17],[7,-11],[9,-1],[5,-9],[17,-6],[13,-11],[15,-2],[3,-5],[13,-6],[-4,-12],[15,-7],[-2,-11],[7,-13],[18,-14],[-23,-2],[-40,-12],[-35,-4],[-27,-2],[-18,3],[-68,33],[-23,17],[-56,15],[-40,39],[-15,8],[-25,6]],[[71777,37626],[-47,8],[-41,29],[-18,8],[-40,10],[-19,26],[-15,10],[-16,2],[-32,-5],[-27,6],[-17,10],[-16,17],[-12,7],[-19,0],[-82,-17],[-11,1],[-9,13],[9,24],[-4,25],[11,19],[0,9],[-8,14],[-28,18],[-20,31],[6,20],[-14,10],[-32,5],[-47,-1],[-36,5],[-11,-4],[-14,-17],[-26,-2],[-29,3],[-22,8],[-28,3],[-47,13],[-39,-1],[-73,-7],[-13,2],[-18,9],[-11,1],[-9,-2],[-10,-12],[-11,-4],[-14,0],[-21,7],[-10,11],[-4,18],[-12,21],[3,25],[-10,20],[-17,17],[-43,22],[-13,16],[7,22],[-11,24],[23,24],[-7,19],[-24,15],[-24,10],[-35,7],[-18,9],[-25,31],[-27,23],[-40,27],[-19,28],[-4,20],[-16,10],[-15,3]],[[70456,38349],[-11,14],[-21,12],[2,25],[4,4],[32,8],[52,5],[8,12],[-2,5],[64,-4],[113,-18],[18,-1],[40,-26],[41,15],[34,-8],[16,14],[29,19],[18,25],[5,-4],[5,2],[10,-6],[-2,-2],[29,-13],[12,0],[9,2],[4,9],[27,10],[36,16],[6,7],[31,13],[17,4],[25,-5],[34,13],[3,15],[-7,0],[-23,21],[-2,15],[6,21],[-27,83],[-8,34],[6,12],[35,20],[183,3],[26,15],[-134,80],[29,-1],[60,10],[6,5],[33,1],[33,15],[5,7],[19,1],[10,-2],[36,7],[22,8],[6,11],[21,0],[6,6],[38,10],[32,-4],[1,-3],[29,3],[16,5],[15,-6],[11,0],[12,-5],[5,0],[25,12],[-1,5],[11,2],[32,-4],[4,4],[-4,8],[14,4],[41,-4],[23,12],[15,-1],[15,5],[17,-7],[41,-2],[15,2],[8,7],[25,7],[10,13],[23,3],[25,6],[9,0],[42,-15],[23,-2],[16,-7],[4,-9],[6,-2],[28,-5],[23,1],[10,-4],[5,3],[-4,4],[1,11],[12,11],[10,13],[-3,2],[22,7]],[[72187,38963],[22,-11],[43,2],[24,-7],[15,0],[9,-4],[7,-17],[24,-5],[5,-5],[-32,-21],[1,-12],[43,-6],[31,-15],[15,-1],[-5,-16],[19,-26],[-14,-22],[-9,-4],[3,-7],[-6,-7],[-12,-8],[0,-9],[-41,-7],[-12,-20],[-12,-8],[5,-20],[-8,-27],[-5,-5],[1,-9],[-30,-8],[-21,-17],[-22,-10],[-27,-4],[-29,4],[-42,2],[-41,5],[-78,4],[-23,4],[-42,12],[-22,-12],[1,-15],[8,-8],[-4,-1],[-15,-27],[-15,-16],[3,-8],[-6,-4],[-23,-1],[-5,-2],[-19,-34],[4,-14],[-13,-26],[-1,-54],[7,-67],[10,-25],[-7,-3],[1,-4],[15,-18],[60,9],[30,-44],[1,-4],[-14,-19],[-2,-32],[-43,3],[-45,-12],[-80,-1],[-11,-2],[-13,-13],[-16,-5],[11,-4],[8,-26],[-21,-3],[13,-5],[18,-76],[24,-50],[37,-10],[113,-10],[37,-29],[14,-17],[20,-17],[54,-5],[63,-17],[-9,-35],[0,-17]],[[72810,42158],[30,-18],[46,16],[22,-12],[64,-23],[19,0],[23,-4],[20,0],[16,-4],[1,-3],[32,-1],[26,-10]],[[73109,42099],[28,-10],[22,-14],[0,-6],[11,-14],[-1,-8],[6,-6],[9,-2],[15,-11],[2,-5],[12,2],[2,-7],[9,2],[-1,-4],[18,-8],[1,-6],[38,-8],[3,-10],[-4,-11],[6,-4],[2,-16],[18,-12],[66,-10],[52,-1],[45,5],[46,13],[29,13],[5,-2],[15,8],[58,-6],[34,-63],[37,-38],[39,-63],[-13,5],[-6,-1],[-23,-14],[-17,-2],[-34,-16],[-29,-2],[-35,12],[-57,-6],[-16,-6],[-9,4],[-36,7],[-26,-3],[-33,1],[-10,-2],[-21,5],[-11,7],[-19,4],[-59,-4],[-21,4],[-16,-1],[-4,-4],[-22,-3],[-7,3],[-9,-2],[-7,3],[-2,-3],[-13,0],[-29,-5],[-10,3],[-22,-8],[-4,-7],[-4,4],[-7,-4],[4,-1],[-3,-2],[-14,1],[4,-4],[-5,-5],[-28,-7],[5,-3],[-7,-8],[-8,-1],[6,-2],[-8,-5],[-1,-5],[-47,-6],[5,-4],[-9,1],[-6,-9],[-5,0],[-7,-7],[-7,0],[-13,-8],[0,-6],[-8,-7],[2,-4],[-15,-11],[-5,-18],[-10,-7],[-10,-22],[47,-36],[-12,-27],[-16,-59],[-88,-58],[51,-78]],[[71779,41062],[-16,28],[-62,24],[-70,85],[-20,13],[-16,17],[-9,16],[-8,64],[-34,71],[48,40],[20,23],[35,-8],[39,-2],[77,20]],[[71763,41453],[37,-34],[100,22],[0,13],[27,2],[24,9],[38,7],[15,1],[31,-8],[78,10],[19,0],[34,7],[31,2],[-2,13],[-10,4],[-9,17],[7,16],[-18,18],[-9,3],[1,5],[-11,8],[6,13],[-14,23],[0,9],[9,10],[10,1],[9,-4],[18,1],[-4,25],[27,-4],[8,2],[-1,4],[49,7],[-11,12],[-24,10],[-18,0],[-4,8],[40,12],[42,6],[38,0],[0,1],[-27,39],[-62,39],[-11,11],[-13,36],[25,7],[-13,22],[-8,0],[-5,4],[-60,-4],[-6,4],[-17,3],[-2,4],[9,1],[-4,8],[-11,1],[1,4],[-5,3],[-12,-3],[-7,1],[-3,4],[-25,-2],[-31,0],[-19,21],[-11,-1],[-5,2],[-46,-12],[-10,3],[-17,-2],[-14,4],[-16,-3],[-4,-4],[-24,-2],[-14,1],[-20,24],[-26,-6],[-6,6],[-7,2],[-17,27],[1,6],[6,6],[-2,21],[-9,17],[-14,8],[9,28],[-10,-1],[-14,2],[0,-22],[-17,7],[0,29],[-17,3],[-20,31],[13,4],[27,-39],[25,-2],[-24,41],[-29,35]],[[71708,42120],[25,6],[13,13],[-1,6],[41,12],[-32,25],[11,5],[14,-11],[9,4]],[[71788,42180],[8,-4],[8,4],[4,-3],[5,1],[11,-3],[16,11],[19,-2],[3,3],[6,-5],[7,4],[11,-4],[1,2],[9,2],[47,-11],[54,-4],[44,-7],[13,2],[5,13]],[[72059,42179],[147,-25],[40,-12],[37,2],[43,-7],[39,7],[11,13],[9,4],[6,11],[-2,21],[54,12],[112,10],[70,-31],[87,4],[42,-11],[56,-19]],[[72889,38121],[13,-38],[-6,-25],[3,-16]],[[72899,38042],[-33,20],[-86,-12],[-122,-11],[-50,5],[-26,-7],[-13,-11],[-12,4],[-17,-56],[-13,6],[-10,-1],[-9,5],[-16,-5],[13,-14],[0,-16],[-71,-2],[-43,-13],[-32,-2],[-5,-5],[0,-6],[-15,-9],[-31,-41]],[[72308,37871],[-70,18],[-127,-11]],[[72187,38963],[13,6],[-2,5],[4,3],[-8,4],[1,9],[-41,26],[-25,0],[-4,3],[-1,11],[5,6],[10,5],[7,15],[15,10],[38,5],[28,11],[7,6],[-9,8],[-25,10],[7,45],[-49,22],[7,9],[4,18],[13,9],[12,2],[18,11],[13,2],[4,19],[10,9],[9,3]],[[71349,42253],[10,-7],[50,-2],[52,-10],[11,-6]],[[71472,42228],[34,-12],[15,1],[53,-7],[11,4]],[[71585,42214],[56,-3],[44,9],[38,-14],[11,4],[6,-2],[31,-15],[6,3],[16,0],[4,-6],[-7,-2],[3,-5],[-5,-3]],[[71708,42120],[-28,-4],[-19,-6],[-1,-3],[14,-10],[-29,-12],[-20,19],[-38,-5],[-5,2],[-20,0],[2,-21],[-13,0],[-5,8],[-75,0],[1,-12],[25,1],[0,-4],[26,-3],[-2,-5],[-27,4],[-5,-8],[-17,-1],[-3,-23],[8,-57],[13,-1],[10,-5],[52,-7],[-13,-13],[4,-4],[-8,0],[-9,-8],[-9,2],[-8,-3],[-10,4],[-25,-23],[-33,-2],[0,-6],[7,-3],[-7,-6],[3,-3],[-6,-2],[3,-3],[-9,-6],[12,-4],[1,-8],[-3,-14],[-13,-2],[7,-18],[7,-3],[1,-4],[-6,-2],[0,-6],[-8,-1],[5,-11],[7,3],[10,-5],[-2,-6],[-10,-5],[6,-8],[5,0],[-7,-6],[5,-1],[-8,-2],[3,-4],[-8,-6]],[[71436,41778],[-18,-5],[-2,-10],[-13,-9],[-25,-9],[-3,2],[4,11],[6,4],[0,6],[-11,0],[-34,-18],[-15,6],[-8,-6],[3,-3],[-20,-4],[-6,2],[-2,5],[-16,6],[-11,-6],[-1,10],[8,1],[-2,5],[-17,-1],[-21,-9],[5,-7],[-3,-7],[-12,4],[-14,-16],[-19,-4],[0,-5],[6,-1],[-4,-4],[-20,1],[0,-6],[7,-3],[-2,-16],[-12,-8],[2,-5],[-12,-13],[-4,-12],[-22,2],[-23,-3],[-11,6],[-48,-5],[-32,-6],[7,-10],[15,-5],[3,-6],[20,-7],[2,-9],[16,-2],[0,-6],[10,-7],[-28,-3],[-15,3],[0,-3],[-28,-6],[-30,-13],[-26,32],[-8,-8],[-11,0],[-3,3],[1,7],[-11,0],[-8,4],[-6,-2],[-4,9],[-8,0],[1,6],[-5,-2],[-8,4],[-9,-8],[-22,-9],[-17,-14],[-7,-16],[-19,-5],[-8,-16],[-52,-6],[-24,-14],[-34,-9],[-15,-8],[2,-3],[-5,-3],[-50,-22],[-21,-21],[-16,10],[-24,-1],[-14,-4],[-25,-18],[-18,-18],[-58,-22],[-15,17],[-18,12],[3,4],[-9,6],[-1,6],[-13,8]],[[70682,42044],[2,-6],[15,-9],[1,-13],[10,-8],[-1,-12],[-18,-8],[-20,1],[-3,2],[6,12],[-12,0],[-18,-35],[-10,-2],[-15,2],[-8,-1],[-21,-27],[-11,-6],[-27,0],[3,3],[12,2],[-8,4],[3,10],[-11,4],[-33,-5],[-6,-3],[-1,-4],[-10,-1],[-4,-4],[-19,9],[-22,-2],[-24,-18],[-13,-21],[-13,-7],[-50,-7],[-6,-5],[-187,-62]],[[71207,42247],[5,-38],[-40,1],[-36,-41],[-24,-3],[-13,7],[-23,-9],[-7,2],[-22,-2],[-1,2],[-48,-2],[14,-15],[14,-6],[5,-10],[-1,-4],[-12,-6],[2,-7],[-4,-6],[-23,-18],[5,-19],[-7,-35],[-27,5],[-39,-3],[-13,6],[-15,0],[-8,3],[-12,-2],[-16,8],[-21,1],[3,9],[-17,7],[-16,-3],[-5,-6],[-9,-3],[-11,5],[-21,1],[-29,-10],[-14,-13],[-19,-3],[-2,4],[-18,0]],[[71207,42247],[14,3],[16,7],[13,-3],[-2,8],[29,1],[72,-10]],[[69172,41115],[13,-10],[-15,-24],[-90,-24],[-1,-7],[-40,-9],[3,-32],[-6,-7],[6,-33],[46,3],[4,-9],[-46,-6],[9,-20],[-96,-16],[4,-16],[-6,-20],[-12,-6],[-1,-12],[6,-4],[-1,-5],[27,-12],[12,-15],[-5,-5],[16,-19],[-14,-20],[3,-10],[-10,-15],[-19,-7],[1,-15]],[[68960,40740],[-7,-17],[15,-19],[-3,-15],[-7,-2],[-5,-7],[2,-15],[6,-6],[16,-4],[5,-5],[15,-3],[14,-9],[3,-6],[7,-3],[0,-15],[-5,-8],[5,-25],[-6,-7],[7,-4],[5,-12],[2,-21],[6,0],[3,-3],[-4,-10],[19,-8],[6,-8],[7,-1],[0,-15],[136,27],[7,-15],[25,-19],[7,5],[51,0],[6,-19],[40,2]],[[69623,40095],[-71,-39],[-18,8],[-28,2],[-25,7],[-28,-13],[-2,-15],[-12,-7],[-41,-10],[1,-5],[-7,-6],[5,-3],[-13,-2],[-1,-6],[-9,-1],[-3,2],[-33,-15],[-90,35],[-26,17],[-96,19],[-29,11],[-37,17],[8,-28],[-43,-19],[-9,-2]],[[67618,40797],[-64,57]],[[67554,40854],[29,12],[-8,14],[3,2],[22,8],[41,25],[40,9],[41,-3],[7,-5],[4,-11],[6,-4],[16,2],[3,3],[12,-2],[13,4],[20,-13],[6,2],[2,7],[16,1],[14,6],[3,6],[7,3],[-20,21],[2,14],[-7,3],[17,22],[-2,9],[4,-2],[25,12],[-14,19],[18,-4],[-21,7],[15,6],[6,-5],[22,4],[2,9],[13,0],[-2,5],[18,20],[3,12],[12,0],[-3,35],[16,16],[-9,17],[7,6],[-5,10],[6,1],[7,30],[10,19],[39,11],[19,9],[6,0],[34,24],[7,2]],[[69603,41129],[7,-10],[7,-74],[19,-52],[6,-29],[-1,-20],[4,0],[12,-48],[4,-6],[11,1],[8,-29],[34,-6],[12,-25],[24,-21],[1,-11],[13,-21],[33,-8],[-69,-47],[-30,-5]],[[69698,40718],[-90,9],[-15,-3],[-69,0],[-109,-7],[-32,-8],[-35,-3],[-46,5],[-2,7],[-8,-1],[-3,2],[-12,-2],[-14,10],[-3,-1],[3,-8],[-23,-2],[-19,5],[-31,2],[-25,-5]],[[69165,40718],[-5,10],[-39,-7],[-6,-2],[3,-3],[-9,-3],[-4,6],[-75,12],[-26,2],[-4,7],[-12,-3],[-28,3]],[[69698,40718],[16,-26],[4,-24],[13,-30],[-13,-29],[30,3],[21,-13],[9,-19],[40,5],[38,9],[93,3],[76,-4]],[[69712,40579],[0,4],[-54,-7],[-48,1],[-119,40],[-35,0],[-29,9],[-30,5],[-6,0],[-6,-9],[-5,0],[-33,10],[-37,0],[-9,6],[-86,7],[-17,27],[-15,6],[-18,21],[-12,7],[-5,-2],[-13,1],[17,10],[13,3]],[[71436,41778],[36,5],[15,12],[14,-12],[-15,-10],[36,-16],[17,3],[49,-46],[22,-43],[6,2],[16,-1],[15,-22],[9,-21],[6,-3],[-4,-21],[9,-6],[1,-11],[11,-7],[-5,-5],[33,-33],[3,-26],[13,-35],[40,-29]],[[70456,38349],[-39,0],[-43,-3],[-33,11],[-49,-13],[-34,-4],[-38,9],[-16,16]],[[70204,38365],[-6,13],[-29,26]],[[70169,38404],[-21,26],[11,12],[1,13],[-12,6],[-1,6],[-6,3],[-2,17],[-8,4],[-3,17],[12,18],[4,3],[20,-3],[13,-5],[105,-14],[-1,11],[4,4],[26,7],[4,3],[-7,9],[-26,4],[5,23],[-2,11],[-24,19],[-15,1],[-11,-4],[-3,-10],[9,-9],[-4,-4],[-33,5],[-13,8],[1,9],[21,26],[29,3],[4,4],[-3,8],[-13,6],[-2,4],[25,29],[-3,32],[17,11],[-3,6],[-32,8],[-14,9],[-2,22],[-19,19],[-4,48],[10,18],[46,24],[15,20],[-4,16],[14,27],[-4,21],[-22,12],[-21,-3],[-6,-11],[-9,-1],[-9,2],[-4,13],[17,6],[5,9],[-5,8],[-12,-2]],[[70204,38988],[-10,14],[-1,4],[8,3],[-17,10],[-9,1],[2,4],[-7,1],[3,3],[-7,5],[12,7],[-1,4],[13,5],[18,2],[4,-3],[18,1],[4,-2],[23,8],[51,-15],[3,-5],[17,-6],[4,-5],[14,3],[8,5],[-4,6],[4,1],[8,-8],[0,-20],[143,4],[158,-37],[41,-20],[21,-3],[49,-17],[30,-6],[8,0],[4,4],[-14,13],[17,12],[21,3],[9,6],[1,7],[35,-1],[9,-2],[8,-10],[13,-3],[19,1],[7,2],[13,13],[21,6],[4,6],[10,2],[-7,13],[6,19],[-17,23],[2,10],[-7,17],[12,25],[2,16],[-40,16],[-63,19],[-8,4],[5,3],[-13,5],[-4,6],[2,9],[14,4],[6,5],[-8,13],[0,3],[7,1],[-3,22],[45,-3],[-13,28],[-5,0],[-11,6],[-19,17],[-7,-3],[-27,23],[-4,-1],[-9,5],[-14,20],[-45,-12],[-4,21],[-8,8],[-14,5],[-17,1],[-11,6],[-23,0],[-17,-7],[-11,0],[-9,-4],[-39,-2],[-18,11],[18,2],[-60,52],[-76,-3],[10,34],[67,-4]],[[70204,38988],[-18,-4],[-24,0],[-73,22],[-7,6],[-2,8],[4,4],[9,-2],[-2,-8],[7,-4],[19,2],[7,5],[-1,22],[-36,1],[-4,2],[7,4],[37,8],[-2,5],[-12,7],[-2,8],[-28,-7],[-22,8],[-27,4],[-25,17],[3,18],[-5,8],[-22,7],[-28,3],[-22,-1]],[[69935,39131],[-42,8],[-20,-8],[-10,-1],[-40,11],[-16,11],[-9,21],[-12,13],[-24,6],[-39,0],[-11,4],[-8,11],[-4,21],[1,3],[16,5],[5,4],[-18,4],[-27,13],[-9,1],[-31,-7],[-33,8],[-48,1],[-34,-5],[-18,0],[-20,5],[-36,22],[-19,5]],[[69429,39287],[3,4],[-21,3],[-21,23],[-11,18],[19,4],[2,5],[23,10],[-8,3],[2,5],[8,3],[-6,8],[14,2],[34,-1],[16,9],[52,47],[50,30],[33,29],[37,22],[21,0],[12,-3],[37,7],[10,-5],[15,4],[25,15],[34,-4],[26,-9],[40,2],[-2,13],[-13,5],[-10,16],[2,4],[19,6],[9,12],[-17,11],[-6,9],[1,50],[17,2],[10,8],[30,4],[4,10],[48,1],[61,18],[-7,9],[79,13],[32,2],[11,-5],[44,10],[15,-3],[1,3],[25,-1],[23,2]],[[69051,40016],[20,-21],[2,-16],[-16,-28],[-14,-9],[-1,-6],[13,-5],[13,4],[12,8],[16,-1],[6,-15],[-3,-7],[-13,-10],[4,-8],[22,-3],[26,3],[27,-11],[30,-27],[0,-25],[10,-13],[15,-3],[41,3],[8,-2],[-11,-18],[11,-14],[-1,-9],[-21,-7],[-19,-13],[-44,3],[-11,-7],[2,-8],[8,-8],[-2,-11],[11,-14],[3,-13],[17,-15],[8,-14],[-16,-21],[-16,-9],[-3,-14],[-11,-13],[-25,-17],[-2,-17],[4,-4],[16,0],[21,-8],[14,-1]],[[69202,39572],[-50,-11],[-4,2],[-8,-2],[-105,-34],[-22,-1],[-42,-19],[-49,-16],[-19,-9],[-94,128],[-35,-12],[-24,-3],[-23,-8],[5,-4],[5,-13],[0,-43],[-29,-72],[-19,5],[-38,4],[-16,-14],[-68,-11],[-2,-10],[-48,-7],[-1,2],[-22,-2],[5,-5],[-34,-13],[1,-8],[-41,-11],[-14,4],[-19,-11],[-29,7],[-33,0],[-20,-5],[-26,4],[-6,-7],[-8,-1],[-18,4],[-32,-22],[-39,-9],[-13,2],[-14,-3],[-2,-4],[-30,7],[-11,-1],[-5,-5],[-8,-2],[-19,1],[-9,12],[-2,19],[-42,12],[-8,26],[-11,10],[-12,5],[-36,6],[-12,4],[-28,1],[-14,9],[-6,17],[-13,4],[-26,-1],[-93,-22],[-31,-4],[-12,-5],[-7,-6],[-2,-7],[3,-14],[15,-12],[28,-4],[39,6],[7,-4],[-38,-35],[-18,-22],[-17,-3],[-26,6],[-24,3],[-55,-12]],[[67629,39333],[-28,-9],[-21,3],[-12,-2],[-40,-22],[-40,-6],[-18,3],[-28,18],[-31,11]],[[67411,39329],[-18,4],[-37,-5],[-19,4],[-24,8],[-3,19],[10,4],[29,3],[17,20],[19,4],[0,5],[19,11],[-1,16],[10,3],[2,13],[-6,2],[-1,7],[22,21],[1,15],[33,33],[-2,6],[10,23],[-5,22],[14,6],[9,18],[9,6],[-20,16],[-17,24],[-10,30],[0,24],[5,10],[-53,-3],[-36,-7],[-61,36],[-22,9],[-34,24],[-7,9],[19,7],[88,8],[-18,38],[-59,27],[-40,33],[-69,-3],[-44,-18],[-37,-5],[-12,31],[1,9],[-11,4],[-13,0],[-30,-7],[-13,-6],[4,-8],[23,-12],[-5,-9],[-28,-6],[-12,-1],[-8,2],[-9,6],[-17,29],[-2,21],[-14,38],[-46,20],[-4,6],[2,12]],[[66890,39985],[-2,13],[-22,13],[-41,33],[4,11],[-38,40],[-14,8],[-16,0],[-19,8],[-46,13]],[[66696,40124],[10,8],[8,-4],[10,13],[-20,28],[-8,16],[4,6],[-3,6],[-7,6],[44,7],[39,1],[12,6],[14,2],[23,-4],[39,-2],[30,-7],[44,-4],[35,1],[3,-3],[150,48],[-4,9],[-10,4],[12,10],[77,8]],[[69429,39287],[-56,0],[-57,10],[-10,6],[-24,32],[-25,19],[-4,13],[18,27],[0,26],[-17,22],[-1,32],[-12,29],[-33,23],[-9,21],[-19,6],[3,4],[31,10],[-2,4],[-10,1]],[[71584,36901],[43,1],[43,-37],[9,-22],[62,8],[18,-24],[5,-3],[5,0],[32,-24],[23,-23],[55,16]],[[71879,36793],[4,-13],[22,-33],[7,-27],[13,-19],[42,-28],[14,-6],[-1,-7],[20,-2],[20,-7],[2,-12],[31,9],[31,-19],[15,4],[4,-3],[27,14],[19,16]],[[72149,36660],[19,-11],[5,-20],[9,-13],[41,-19],[37,-31],[2,-27],[38,0],[23,-11],[12,-10],[18,-6],[34,-5],[29,-16],[35,-14]],[[72451,36477],[-73,-36],[-34,-28],[-29,-16],[-17,-6],[-43,-5],[-14,-6],[-9,-17],[4,-12],[37,-27],[48,-17],[5,-10],[-2,-10],[-14,-17],[-39,-29],[-5,-11],[5,-19],[-11,-17],[-13,-6],[-15,-1],[-11,2],[-1,6],[-10,4],[-19,4],[-15,-2],[-13,-8],[-5,-12],[-21,-29],[-9,-3],[-22,-2],[-16,4],[12,19],[2,11],[-9,14],[-22,16],[2,10],[11,12],[-8,9],[-52,-9],[-23,0],[-30,11],[-12,10],[-14,4],[2,-2],[-28,-11],[-18,-19],[-17,-8],[-17,-3],[-12,5],[-27,36],[-12,37],[-17,5],[-45,1],[-17,-5],[-17,-9],[-11,-7],[-5,-12],[1,-20],[-4,-4],[-19,2],[-63,37],[-48,-4],[-11,3],[-7,8],[-17,3],[-13,-10],[-28,1],[-11,4],[-2,-3],[13,-3],[26,-1],[8,2],[6,8],[7,0],[24,-13]],[[71568,36276],[9,-6],[0,-4],[19,-6],[-2,-10],[17,-3],[9,-18],[1,-8],[-8,-16],[-8,-2],[-12,-12],[6,-8],[-10,-16],[5,-12],[6,2],[6,-7],[-4,-14],[4,-6],[-13,-14],[14,-4],[7,-6],[1,-8],[9,-9],[-5,-8],[10,-11],[-7,-9],[-12,-2],[9,-18],[23,3],[19,-6],[0,-24],[110,-13],[18,1],[33,-23],[12,-15],[16,-3],[1,-6],[23,-28],[29,-1],[-7,-17],[15,-8],[-9,-11],[-13,0],[-7,-6],[1,-13],[-23,-20],[-15,-21]],[[71845,35830],[-32,-25],[-111,-26],[-4,1],[-7,10],[-5,17],[-24,10],[-9,-9],[-13,-3],[-9,-13],[-103,-4],[-18,4],[-9,8],[-20,-6],[-14,6],[-17,-1],[-6,9],[-65,26],[-8,-7],[10,-11],[-43,-4],[-3,14],[-49,18],[1,3],[-22,-2],[13,103],[-132,0],[-13,-82],[-40,-2],[0,-2],[-52,-3],[-9,-19],[0,-11],[-27,-2],[-26,-6],[-38,17],[-75,12],[-48,17],[-19,1],[-31,6],[-20,-3],[-58,13],[-51,23],[-2,-2],[-24,1],[-14,10],[7,6],[-25,11],[-31,8],[-3,-3]],[[70547,35938],[-33,10],[-32,21],[7,27],[-42,2],[-10,5],[-3,-1],[-67,35],[-57,25],[-43,24],[-32,7],[20,2],[-3,6],[8,1],[0,2],[16,1],[6,2],[0,3],[14,3],[10,-3],[3,-4],[7,1],[3,-2],[11,3],[2,-2],[8,3]],[[70340,36109],[13,-1],[21,1],[20,19],[20,8],[0,5],[-26,25],[43,3],[16,-3],[16,4],[39,0],[-7,8],[5,7],[34,-1],[87,15],[-24,58],[4,-1],[22,16],[0,4],[10,3],[24,-11],[10,5],[39,-3],[21,2],[1,65],[10,2],[16,-15],[28,-8],[3,-10],[13,-4],[14,6],[11,-2],[15,2],[4,3],[14,2],[1,5],[17,-2],[8,4],[14,-3],[4,3],[29,1],[-2,9],[5,2],[-8,4],[4,2],[-8,1],[-4,7],[-17,1],[-17,6],[-5,-3],[-14,-3],[-13,2],[3,8],[-7,1],[-3,5],[10,15],[25,8],[5,-1],[9,10],[-6,5],[7,5],[-8,5],[9,9],[-10,16],[7,16],[8,4],[0,3],[8,2],[-3,3],[-8,0],[56,24],[43,23],[36,24],[44,37],[41,22],[39,12],[33,5],[100,3],[0,9],[-27,6],[-9,7],[-1,6],[-30,-7],[-22,13],[-16,1],[-47,25],[-29,-10],[28,-21],[-16,-4],[-18,0],[-77,-10],[-20,-5],[-5,2],[-5,-6],[-14,1],[-1,11],[-9,-2],[-9,-3],[-19,-17],[-23,-7],[-13,8],[-45,15],[-46,-7],[-25,-8],[-4,3],[2,6]],[[70788,36619],[29,14],[-1,4],[20,2],[14,20],[17,10],[10,12],[24,11],[-13,13],[-4,10],[-7,1],[-8,42],[8,7],[12,33],[4,28],[-15,19],[-11,6],[36,7],[55,19],[0,2],[-28,3],[4,13],[13,13],[-6,17],[-8,7],[10,11],[-3,7],[-31,24],[-29,9],[-18,29],[13,3],[39,1],[27,-7],[65,10],[38,2],[66,-37],[35,9],[26,1],[-1,4],[25,16],[8,1],[8,-4],[9,0],[42,-23],[10,-3],[4,1],[5,-17],[-8,-6],[13,-6],[-2,-6],[31,-20],[14,-2],[4,-4],[29,1],[8,-2],[3,9],[32,3],[88,-6],[0,-11],[29,-12],[31,-6],[31,0]],[[73288,35924],[-14,-53],[-11,-20],[-5,-25],[-25,-26],[8,-19],[-4,-15],[-35,-4],[-52,9],[-4,-4],[-8,2],[-2,-5],[-9,1],[-1,-4],[-14,-1],[-22,-37]],[[73090,35723],[-27,2],[-5,-4],[-39,0]],[[73019,35721],[-15,31],[2,71],[13,26],[13,13],[23,12],[2,10],[-19,6],[-48,0],[-34,4],[-83,21],[-22,10]],[[72851,35925],[12,29],[-3,7],[70,-1],[6,3],[39,-11],[19,-2],[23,-1],[16,4],[19,0],[7,-2],[-3,-4],[38,-1],[7,-16],[85,5],[102,-11]],[[72787,35545],[17,1],[14,-5],[-9,-8],[-20,-11],[12,-15],[51,-5],[-6,-10],[59,0],[-5,-11],[58,-17],[35,8],[7,6],[12,-2],[39,29],[1,4],[5,1],[5,8],[13,1],[33,12],[12,0],[6,-13],[40,-5]],[[73166,35513],[-29,-34],[-1,-12],[12,-11],[54,-29],[25,-8],[31,4],[99,34],[79,41],[12,4],[6,-2],[4,-16],[9,-9],[40,-11]],[[73507,35464],[-21,-17],[-3,-15],[4,-19],[9,-12],[-1,-18],[17,-17],[6,-31],[10,-17],[-15,-3],[5,-10],[-73,-12],[8,-19],[-25,-37],[-34,-3],[-39,-7],[-18,1],[-28,16],[-55,16],[-28,12],[-42,-1],[-14,11],[-200,59],[-89,6]],[[72881,35347],[5,14],[-9,20],[-79,17],[-51,-3],[-20,4],[-10,-1],[-23,7],[-13,-2],[-4,6],[-45,-4],[-39,7],[-29,-4],[-13,2],[-100,-15],[-37,-13],[-65,92],[-7,14],[3,5],[-11,3]],[[72334,35496],[-2,11],[45,0],[-4,5],[4,2],[8,-1],[1,-8],[5,1],[-2,20],[-12,29],[16,15]],[[72393,35570],[-1,-2],[106,6],[129,15],[-6,-5],[-4,-18],[81,-6],[-5,-5],[15,-5],[15,10],[23,3],[-1,2],[22,0],[-1,-15],[21,-5]],[[70768,35443],[7,-8],[15,-7],[40,0],[-1,-5],[36,-5],[33,0],[-2,-10],[-16,-19],[-7,3],[-6,-3],[13,-31],[34,-39],[-51,-17],[20,-21],[-7,-2],[-2,-18],[-4,-2],[15,-10],[9,-12],[37,-14],[29,-5],[23,-16],[14,-3],[14,1],[10,-5],[14,2],[12,8],[61,2],[10,-1],[-4,2],[82,7],[29,-3],[3,4],[20,4],[14,-3],[-10,-10],[5,-7],[43,2],[21,-21],[-6,-31],[4,-20],[-8,-10],[-53,-19],[10,-36],[-4,-19],[15,-24],[14,2],[39,-2],[3,-6],[17,-7]],[[70562,35258],[-3,7],[-14,-6],[-33,8],[-27,16],[-14,0],[-37,-8],[25,54],[0,15],[7,9],[-5,18],[3,15],[36,6],[7,-12],[17,1],[4,-5],[39,9],[31,-1],[7,2],[25,-3],[3,7],[-20,24],[39,11],[2,12],[5,0],[-3,-8]],[[70656,35429],[59,8],[28,11],[23,-2],[2,-3]],[[72303,35116],[-11,-3],[-22,-27],[-47,-8],[1,-5],[13,-8],[-17,1],[-26,8],[-41,22],[-28,-2],[0,-3],[-21,-6],[-3,-6],[7,-17],[18,-8],[-4,-3],[2,-11],[-5,-4],[-8,0],[-15,11],[-20,29],[-23,7],[-9,8],[-2,4],[12,9],[1,7],[-12,6],[-12,2],[-11,7],[0,15],[-6,8],[-24,-15],[-42,-9],[-4,-14],[-7,-4],[-27,6],[-60,2],[-41,-4]],[[71809,35111],[-4,5],[2,8],[33,6],[20,7],[6,5],[-3,5],[4,9],[16,8],[-22,4],[-6,5],[-20,-1],[-10,9],[-30,5],[-11,33],[-1,29],[5,8],[9,0],[19,11],[17,5],[12,-1],[7,10],[-4,10],[19,10]],[[71867,35301],[71,-28],[70,-13],[8,-10],[16,-3],[38,-2],[16,2],[48,-6],[57,12],[-4,-13],[28,-4],[0,-2],[20,-3],[-2,21],[38,0],[21,-6],[87,-33],[19,-2],[6,-4],[14,3],[15,-3],[24,4],[52,-6],[49,-14],[4,-6],[31,-5],[8,-4],[164,-2],[21,5],[14,21],[7,0],[10,8],[14,3],[18,9],[7,0],[8,21],[6,0],[12,13],[0,7],[19,28],[-9,9],[-3,11],[1,12],[5,7],[-17,1],[2,9],[-9,5],[10,4]],[[73507,35464],[64,2],[17,-4],[-16,-19],[-1,-11],[23,-32],[41,-38],[22,-13],[26,-11],[24,-8],[72,-14],[19,-7],[11,-8],[9,-13],[9,-36],[-9,-36],[14,-14],[30,-5],[24,3],[32,0],[78,-27],[78,-10],[52,-2],[63,2],[72,10],[50,-1],[3,-7],[-12,-24],[3,-7],[13,-9],[21,-4],[26,-12],[20,-38],[0,-23],[-4,-6],[-15,-8],[-10,1],[-32,12],[-20,3],[-77,2],[-30,-2],[-113,-22],[-50,-26],[-35,-8],[-53,3],[-43,16],[-23,3],[-12,-1],[-10,-5],[-4,-8],[3,-24],[-4,-10],[-22,-20],[7,-9],[27,-15],[-35,-7],[-11,-6],[-3,-8],[4,-16],[-11,-3],[-25,1],[-29,14],[2,5],[22,6],[10,10],[-2,12],[-17,10],[-62,-6],[-62,-11],[-19,-8],[-8,-15],[10,-32],[8,-7],[15,-7],[0,-4],[-54,6],[-82,-1],[-40,12],[-23,1],[-20,-4],[-12,-18],[-15,-9],[-9,-1],[-40,14],[-57,8],[-42,2],[-122,-14],[-21,-9],[-17,-12],[-9,-3],[-11,5],[-9,15],[-44,22],[-23,0],[-40,-16],[-13,1],[-4,42],[-49,29],[-24,19],[-19,-1],[-37,-20],[-12,-3],[-7,3],[-16,34],[-9,6],[-34,2],[-41,-10],[-8,2],[-6,6],[3,19],[-34,35],[4,22],[-8,1],[-50,-18],[-19,-9],[-17,-13],[-9,1],[-11,9],[13,15],[-4,4],[-22,-2],[-44,-13],[-20,1],[-6,3],[5,4],[30,11],[19,10],[7,9],[-2,5],[-8,2],[-39,-7],[-12,0],[-33,24],[-3,14],[-11,4],[-25,-5],[-21,-15],[-7,-11],[-14,0],[-8,8],[7,14],[-2,4],[-18,13],[-15,23],[-7,-1],[1,-5]],[[72278,34827],[-5,2],[19,34],[-9,3],[-26,1],[3,9],[-32,4],[-51,1],[-19,12],[39,29],[18,-9],[24,-4],[14,19],[34,-8],[27,37],[14,-5],[10,1],[32,53],[55,22],[36,9],[10,4],[-1,4]],[[72470,35045],[37,8],[6,-1],[1,-3],[-14,-14],[-44,-17],[-1,-6],[7,-2],[24,-1],[38,11],[19,3],[5,-3],[-8,-15],[7,-7],[12,-4],[10,3],[11,10],[23,11],[46,14],[0,-21],[32,-33],[1,-8],[-3,-10],[3,-7],[14,-3],[43,10],[29,-2],[8,-5],[17,-35],[8,-4]],[[72707,34824],[-80,36],[-35,-29],[-16,7],[-17,2],[-9,12],[-11,-2],[-10,-15],[-12,3],[-9,-3],[-8,6],[-46,0],[-9,-18],[-19,-2],[-23,-26],[-42,14],[-22,2],[-61,16]],[[72846,35679],[-5,9],[-16,0],[24,22],[8,15],[-1,7],[-9,7],[-21,3],[-26,-3],[1,4],[-25,11],[-19,0],[-32,12],[-24,4],[-10,8],[-26,6],[-10,9],[-26,10],[-23,17],[-14,4],[-17,11],[-9,-2],[-16,-14],[-23,0],[-14,3],[-30,-10],[-22,6],[-6,8],[-23,10],[-19,0],[-15,5],[-38,-11],[-32,-15],[-57,-20],[-1,-12],[10,-17],[-9,-1],[-9,-9],[-18,-3],[-22,-8],[-34,6],[-21,-8],[-19,-16],[-25,-13],[-18,-6],[-26,-3],[21,-7],[9,-14],[10,-8],[24,5],[32,-6],[5,-13],[-5,-7],[10,-4],[8,-20],[11,-3],[5,-7],[-4,-2],[-22,1],[-50,-7],[-3,-3],[10,-7],[-6,-3],[2,-3]],[[72136,35597],[-38,-4]],[[72098,35593],[-27,0],[-14,8],[-20,3],[-13,11],[-28,4],[-14,9],[-13,3],[-16,1],[-4,5],[-25,0],[-8,3],[-21,-4],[-34,-2],[-9,2],[-15,6],[-2,8],[-13,2],[1,2]],[[71823,35654],[-11,10],[-8,1],[-6,8],[6,3],[14,21],[39,28],[2,30],[7,22],[-1,36],[-20,17]],[[71568,36276],[16,-1],[36,4],[61,-36],[23,-4],[6,4],[-2,18],[7,14],[23,16],[21,7],[43,-1],[13,-6],[12,-36],[27,-36],[12,-6],[14,1],[26,10],[17,21],[25,9],[11,-1],[12,-11],[36,-10],[26,0],[43,8],[6,-7],[-11,-13],[-1,-9],[24,-19],[6,-11],[-1,-10],[-12,-22],[17,-5],[36,5],[31,48],[18,4],[26,-6],[1,-5],[-22,0],[-14,-3],[-9,-11],[37,-38],[7,-29],[12,-18],[21,-6],[13,1],[48,27],[21,7],[17,2],[116,3],[30,-2],[20,-5],[57,-25],[32,-19],[9,-1],[12,3],[27,20],[23,8],[37,9],[17,-1],[6,-10],[-6,-19],[-36,-40],[-42,-33],[0,-15],[-4,-2],[15,-11],[41,-19],[47,0],[49,-11],[21,-11],[40,-27],[85,-23],[26,-4],[66,-2],[13,-4],[-2,-5],[-23,-14],[-11,-10],[-14,-32],[-2,-70],[20,-41],[-6,-12],[-23,-6],[-44,-1],[-97,-11]],[[73719,35335],[-27,7],[-37,16],[-48,39],[-25,35],[2,8],[19,18],[-8,13],[-14,4],[-67,-5],[-30,5],[-12,7],[-4,16],[-6,9],[-8,4],[-7,1],[-15,-5],[-73,-42],[-69,-22],[-29,-13],[-30,-5],[-17,4],[-63,34],[-8,11],[30,35],[17,12],[15,2],[39,-3],[12,3],[7,10],[-5,14],[-26,23],[-26,13],[-14,1],[-43,-4],[-37,4]],[[73112,35584],[10,59],[0,32],[-16,1],[-10,5],[-4,6],[-30,7],[18,15],[10,14]],[[73288,35924],[47,-6],[17,8],[-14,60]],[[73338,35986],[232,0],[39,88],[34,47],[-6,44],[-21,26],[4,14],[-11,15],[-15,9],[-10,13],[12,17],[29,17],[15,-5],[13,0],[27,-12],[13,-2],[25,3],[31,-11],[42,-1],[43,6],[40,-2],[12,-5],[3,-13],[10,-8],[16,-4],[44,-2],[26,-8]],[[72303,35116],[35,-31],[-6,-18],[3,-6],[19,-7],[7,0],[10,16],[14,12],[10,4],[20,1],[5,-3],[1,-12],[35,-24],[14,-3]],[[72278,34827],[-13,-19],[-5,-18],[-52,-50],[0,-5],[-52,12],[-22,9],[-21,17],[-17,25],[-38,37],[-9,5],[-51,9],[-38,3],[-18,7],[-97,17],[-9,0],[-43,-12],[-36,-5],[-1,3]],[[71756,34862],[-8,51],[-8,17],[0,31],[-24,66],[5,15],[28,40],[-22,2],[-13,6],[40,11],[40,-5],[-4,8],[19,7]],[[73338,35986],[-18,29],[-11,29],[-51,3],[-33,33],[-7,24],[-39,12],[-19,13],[-16,2],[-14,11],[-63,-5],[-46,4],[-15,9],[-31,11],[-29,29],[-61,14],[11,15],[-7,10],[-22,2],[-20,-11],[-10,-1],[-28,-15],[-8,-9],[-33,-8],[-29,-28],[-3,-2],[-2,-33],[-5,-8]],[[72729,36116],[-22,1],[-47,-12],[-47,-27],[-10,2],[-32,19],[-56,22],[-13,4],[-46,4],[-94,-2],[-34,-3],[-21,-6],[-35,-21],[-22,-8],[-14,6],[-9,7],[-5,8],[-6,26],[-37,39],[2,6],[7,4],[20,1],[34,-3],[14,4],[14,9],[6,9],[-3,27],[3,8],[38,27],[15,20],[2,12],[-6,11],[-32,9],[-20,9],[-32,24],[-5,9],[6,14],[12,8],[40,5],[23,6],[22,11],[45,35],[57,30],[18,6],[29,2],[10,4],[6,9],[1,27],[32,17],[8,7],[2,14]],[[72547,36556],[20,1],[20,11],[11,-8],[25,-6],[16,-17],[20,-2],[26,4],[16,8],[16,1],[4,-10],[9,-3],[1,-10],[11,1],[17,-12],[21,-1],[24,-6],[35,-41],[36,11],[42,6],[32,8],[23,13],[44,19],[100,21],[64,17],[23,12],[32,0],[21,18],[32,1],[96,14],[50,-34],[43,-48],[55,-52],[56,17],[58,11],[127,41],[39,0],[59,13],[91,5],[-2,12],[29,7],[11,11],[24,-6],[19,4],[9,-3],[5,-16],[24,-14],[11,-12],[0,-15],[-5,-12],[22,-4],[21,0],[7,16],[15,10],[5,-3],[8,4],[11,-8],[3,-8],[9,-3],[9,3]],[[72098,35593],[10,-21],[-10,1],[-9,-3],[9,-15],[32,2],[15,-27],[53,-11],[-1,-4],[19,-26],[98,15],[11,6],[2,-15],[7,1]],[[71867,35301],[-26,7],[-73,10],[-23,12],[-21,4],[-10,45],[-15,35],[-56,4],[-11,52],[25,3],[-8,12],[-50,24],[-15,11],[5,10],[23,6],[13,12],[4,8],[-6,11],[2,3]],[[71625,35570],[26,10],[0,4],[-17,5],[-1,15],[20,13],[1,9],[13,7],[18,23],[31,10],[17,-6],[28,7]],[[71761,35667],[9,0],[21,-10],[13,1],[19,-4]],[[71756,34862],[-44,-3],[-41,2],[-50,9],[-43,4],[-25,11]],[[70768,35443],[73,12],[18,1],[0,5],[4,0],[57,-3],[42,-7],[41,0],[145,13],[26,-2],[10,15],[25,-1],[49,6],[81,2],[4,0],[3,13],[-76,-3],[3,13],[8,3],[9,1],[24,-9],[22,11],[13,0],[4,7],[44,1],[3,17],[22,7],[40,20],[16,3],[16,-1],[22,5],[32,-3],[16,3],[40,2],[21,-4]],[[72851,35925],[-33,23],[-26,11],[-43,8],[-49,1],[-21,9],[-22,16],[-2,11],[4,9],[41,31],[40,42],[-3,1],[3,12],[-3,11],[-8,6]],[[73112,35584],[-79,18],[-61,20],[-108,23],[-20,9],[-13,11],[-1,5],[13,4],[96,11],[44,1],[22,3],[9,5],[9,10],[-4,17]],[[72787,35545],[12,25],[-9,18],[-27,13],[-35,0],[28,34],[-5,8],[13,3],[27,12],[17,3]],[[72808,35661],[11,5],[22,-16],[23,-9],[49,-13],[75,-15],[41,-15],[73,-17],[39,-5],[22,-1],[32,4],[15,-2],[15,-9],[23,-19],[5,-19],[-10,-5],[-27,4],[-19,-1],[-19,-6],[-12,-9]],[[72846,35679],[-21,-2],[-6,-10],[-11,-6]],[[72393,35570],[5,9],[25,6],[-3,7],[-26,-3],[-6,5],[-16,-3],[-40,-3],[-47,-11],[-59,12],[-1,4],[-13,5],[-9,-4],[-7,4],[-28,-6],[-10,4],[-22,1]],[[71761,35667],[-11,12],[-25,-3],[-21,5],[-42,-17],[-50,-54],[-3,-1],[-3,10],[-24,5],[-6,4],[-12,11],[4,12],[-26,5],[-15,12],[-16,2],[-5,-1],[-5,-13],[-31,-3],[-8,-4],[-17,-14],[8,-15],[-13,-8],[-16,-5],[-7,-9],[-28,-1],[-86,7],[-96,5],[-94,1],[-27,-6],[-12,3],[-32,-12],[-10,-1],[-20,7],[-5,13],[-26,21],[-12,5],[-14,1],[-5,9],[-13,5],[-2,7],[-14,13],[-22,15],[-8,1],[-1,4],[-10,-3],[-1,2],[-44,-1],[-20,-4],[-52,-29],[-4,3],[-28,-11],[-16,-12],[-31,-8],[-32,-14],[-12,-9],[-3,-10],[-23,-11],[-46,-14],[-23,-13]],[[70545,35561],[-84,38],[9,4],[-21,17],[2,41],[16,19],[7,-1],[-4,6],[-11,6],[10,55],[-18,50],[-5,36],[2,18],[-6,8],[-3,17]],[[70439,35875],[12,0],[11,43],[18,-1],[12,-5],[17,0],[3,8],[21,4],[14,14]],[[70656,35429],[18,27],[-15,33],[-35,38],[-24,13],[-5,-1],[-78,3],[31,18],[-3,1]],[[70340,36109],[-8,5],[6,20],[-11,21],[-14,3],[-2,5],[-40,-3],[-56,30],[-38,8],[16,36],[20,24],[-42,-2],[-41,24],[-23,8],[-34,16]],[[70073,36304],[29,8],[77,12],[100,23],[79,1],[42,6],[34,10],[27,18],[8,14],[-29,16],[-35,80],[13,9],[-23,2],[-2,3],[37,4],[2,20],[-50,20],[8,14],[-1,29],[20,2],[4,12],[-3,16],[11,1],[-10,19],[0,21],[-4,11],[-39,26],[5,7],[0,16],[7,5],[15,4],[55,7]],[[70450,36740],[50,7],[18,-2],[27,-8],[63,4],[6,-4],[-10,-14],[9,-3],[73,17],[14,-3],[25,-11],[25,-6],[5,-3],[-2,-3],[-16,-6],[-16,0],[-6,11],[-8,1],[-18,-11],[-25,-1],[-2,-10],[25,-3],[21,-12],[30,-7],[2,-3],[-10,-21],[5,-1],[14,4],[8,-1],[5,-9],[-4,-12],[23,-1],[6,-4],[1,-6]],[[72995,34479],[-17,-11],[-12,-21],[-15,-10],[-123,-24],[-49,1],[-109,24],[-22,1],[-21,-3],[-33,-14],[-45,1],[-62,-12],[-117,-16],[-22,-10],[-9,1],[-22,9],[-23,-1],[-14,-7],[-18,-18],[-29,-4],[-9,-5],[5,-20],[13,-21],[-17,-32],[-16,-10],[-28,-4],[-19,-7],[-33,7],[-12,20],[-32,6],[-13,8],[-9,12],[-37,3],[-26,36],[-9,-1],[-22,5],[-31,2],[-25,-15],[-17,0],[-22,-9],[-22,0],[-25,-13],[-20,0],[-20,-11],[-50,-3],[-85,-17],[-17,-1],[-32,5],[-8,15],[-16,8],[-10,0],[-4,7],[-8,5],[-66,21],[-27,1],[-16,4],[-11,-20],[-45,10],[-6,-18],[-14,1],[-9,-32],[-7,0],[-3,-20],[7,0],[0,-10],[5,-2],[1,-16],[9,-21],[-1,-44],[-13,-6],[-25,-1],[-50,-13],[-12,1],[-47,-9]],[[72326,37349],[-19,-6],[23,-23],[-4,-1],[7,-7],[-21,-32],[-12,2],[-30,-48],[7,-28]],[[72277,37206],[-54,-8],[-61,14],[-40,0],[-36,-3]],[[72086,37209],[1,5],[25,4],[10,15],[21,89],[28,10],[14,17],[9,-1],[54,29],[29,12],[26,2]],[[72303,37391],[6,-21],[17,-21]],[[72627,36866],[0,-22],[-7,-20],[-8,-9],[-30,-22],[-6,-8],[6,-16],[16,-16],[-5,-18],[-18,-10],[-34,-7],[-38,0],[-19,-3],[-15,-10],[-2,-8],[11,-31],[34,-26]],[[72512,36640],[0,-4],[7,-4],[36,-16],[9,-9],[0,-6],[-26,-26],[4,-22],[-4,-12],[-9,-7],[-23,-9],[-6,-7],[-4,-32],[-12,-6],[-33,-3]],[[72149,36660],[12,16],[37,22],[19,28],[17,13],[43,16],[11,0],[20,-6],[23,3],[-4,15],[-30,32],[-3,23],[6,12],[11,9],[35,22],[21,6],[11,7],[-22,33],[-54,23]],[[72302,36934],[31,-12],[7,2],[-30,12],[5,2],[67,-21],[18,17]],[[72400,36934],[7,6],[10,-7],[32,8]],[[72449,36941],[61,11],[58,4],[22,15],[10,25],[22,27],[46,1],[4,-2],[18,2]],[[72690,37024],[47,-39],[2,-16],[-12,-7],[-33,-5],[-49,-14],[-45,-7],[-16,-7],[-4,-9],[3,-11],[44,-21],[0,-22]],[[72675,37408],[-15,-42],[-17,-31],[-19,-24],[-40,-39],[-13,-18]],[[72571,37254],[-22,3],[-14,6],[-55,34],[-11,17]],[[72469,37314],[59,21],[-17,10],[-10,12],[31,7],[-5,10],[2,12],[7,0],[35,10],[17,2],[-5,4],[26,7],[0,14],[13,16],[53,-31]],[[71879,36793],[-10,18],[-19,13],[-16,27],[118,22],[103,11],[58,1],[25,3],[40,8],[97,27],[27,11]],[[72442,37137],[39,-1],[8,0],[1,4],[10,-1],[-46,-59],[25,-4],[-1,-11],[3,0],[1,-7],[-2,-9],[-22,-27],[30,-8],[2,-8],[-7,-11],[22,-18],[-28,-19],[-32,-12],[4,-5]],[[72400,36934],[-63,18],[-29,11],[-32,5],[-17,-2],[-5,15],[-32,-8],[-13,-1],[-4,4],[-18,-4],[-15,14],[-38,15],[-40,-3],[-20,14],[-10,1],[-6,13],[21,24],[5,15]],[[72084,37065],[80,-18],[0,-3],[27,3],[9,-4],[11,2],[-11,20],[20,1],[8,-10],[23,6],[-1,9],[23,6],[5,6],[16,2],[11,-3],[7,13],[-11,7],[-6,-3],[-6,4],[33,12],[25,-4],[1,8],[-22,1],[6,11],[18,3],[6,7]],[[72356,37141],[32,1],[9,4],[12,2],[8,-2],[4,2],[6,-6],[-5,-15],[6,-2],[14,12]],[[72880,37191],[15,-1],[-5,-87],[2,-9],[18,-14],[-2,-2]],[[72908,37078],[-23,-9],[-34,16],[-28,-6],[11,-15],[0,-17],[-30,-1],[-3,6],[-24,-1],[-2,5],[-20,-1],[-2,5],[-62,-8],[-8,7],[-3,-1],[5,-8],[-16,-4]],[[72669,37046],[-14,26],[0,13],[39,42],[16,27],[-28,36]],[[72682,37190],[14,4],[21,-2],[9,-7],[49,6],[12,7],[29,-5],[64,-2]],[[73577,36975],[12,-42],[3,-34],[-206,-40],[22,-25],[19,-14],[-7,-2],[-107,16],[-26,12],[-58,-78],[-18,16],[-60,66],[-91,-14],[-16,-10],[-33,-5],[-31,-13],[-9,10],[-108,61],[-21,22],[-38,-19],[-32,-8],[-56,-2],[1,-5],[-53,5],[-7,-4],[-30,-2]],[[72690,37024],[-21,22]],[[72908,37078],[26,6],[18,-25],[40,9],[8,-5],[29,11],[-15,15],[-10,-2],[-7,8],[-12,-1],[-5,5],[-7,-3],[-12,14],[12,2],[5,-3],[-8,-2],[3,-3],[10,4],[6,-4],[34,10],[25,13],[24,-11],[-10,-7],[20,4],[15,-11],[101,2],[57,19],[27,7],[-3,6],[22,4]],[[73301,37140],[47,-68],[89,-71],[10,2],[114,-12],[16,-16]],[[72743,37414],[-20,-50],[14,-5],[22,-17],[5,-18],[20,-13],[-23,-13],[-3,-9],[50,12],[1,-9],[-10,-14],[-1,-22],[20,-9],[69,-6]],[[72887,37241],[-1,-7],[18,-1],[-36,-16],[13,-5],[-1,-21]],[[72682,37190],[-17,16],[-11,19],[-15,11],[-21,9],[-47,9]],[[72675,37408],[68,6]],[[72899,38042],[17,-4],[-6,-7],[-10,-2],[-10,-10],[-19,-7],[-4,-10],[-16,-9],[13,-13],[6,-23],[29,-30],[2,-17],[10,-6],[6,-11],[-16,-6],[-9,-15],[-15,-4],[-9,-17],[39,-17],[6,-10],[8,-4],[-11,-12],[11,-9],[10,-4],[22,-4],[7,-6],[-5,-4],[-26,-7],[-28,-22],[-31,-7],[0,-6],[16,-22],[-8,-10],[3,-32],[-14,-4]],[[72867,37671],[-41,-10],[-75,-14],[1,-5],[-22,-4],[-24,-11],[11,-23],[-7,-3],[-20,-4],[-42,-12],[-56,-9]],[[72592,37576],[-44,-6]],[[72548,37570],[-17,28],[-17,9],[-10,14],[-15,13],[9,11],[-7,3],[-19,44],[-23,36],[-3,15],[-25,8],[7,15],[-10,6],[-17,4],[-39,21],[-40,12],[-19,10],[9,16],[-2,11],[-20,15],[18,10]],[[72921,37396],[7,-4],[-59,-28],[-15,-50],[6,1],[31,17],[56,11],[-3,-13],[28,1],[10,-14],[-14,-9],[9,-10],[5,1],[8,-9],[10,-2],[27,6]],[[73027,37294],[19,-24],[-35,-11],[15,-13]],[[73026,37246],[-52,-6],[-44,-2],[-43,3]],[[72743,37414],[33,-8]],[[72776,37406],[7,-2],[13,13],[38,-20],[31,15],[17,3],[8,4],[11,-2],[6,-15],[14,-6]],[[73190,37474],[63,-37],[76,-27]],[[73329,37410],[-81,-25],[-22,-3],[-8,-18],[-77,-38],[-20,-6],[-13,0],[-81,-26]],[[72921,37396],[16,0],[56,15],[17,8],[4,8],[48,51],[-4,5],[12,19],[9,25],[111,-53]],[[72571,37254],[3,-12],[-15,-1],[-1,-14],[-7,-10],[-109,-80]],[[72356,37141],[-16,4],[-3,12],[-9,3],[9,11],[-21,6],[-8,3],[1,5],[-7,8],[6,15],[-31,-2]],[[72326,37349],[37,-25],[13,-19],[16,-9],[14,-1],[13,5],[12,15],[11,5],[17,-1],[10,-5]],[[73026,37246],[15,-13],[-12,-5],[9,-10],[23,5],[4,-6],[13,2],[8,-12],[11,2],[3,-5],[-12,-2],[9,-13],[87,-3],[25,3],[48,11],[50,-41],[-16,-5],[10,-14]],[[72776,37406],[4,12],[-36,5],[-29,-3],[-8,5],[-1,5],[-74,82],[-40,64]],[[72867,37671],[-1,-6],[27,-11],[39,1],[-2,-2],[50,-2],[0,-3],[106,2],[30,-4],[94,-1],[-1,25],[108,-3],[1,-9],[-20,-7],[10,-9],[-16,-19],[-3,-11],[8,-25],[-2,-15],[-7,-6],[-13,2],[-7,-2],[-9,-8],[-1,-9],[-20,-17],[-18,-9],[-5,-9],[-13,-5],[-5,-26],[-10,-3],[3,-6]],[[74157,36978],[-28,3],[-15,-3],[-79,9],[-71,3],[-47,7],[-72,5],[-59,-1],[-92,-17],[-117,-9]],[[73329,37410],[34,16],[31,26],[23,-8],[86,17]],[[72303,37391],[-3,10],[-10,10],[-53,28],[-18,17],[60,34],[88,33],[139,27],[-5,5],[47,15]],[[72086,37209],[-28,-25],[-10,-4],[16,-4],[13,-7],[8,-12],[16,0],[-7,-23],[-13,-10],[48,-9],[-22,-20],[-23,-30]],[[71584,36901],[-4,10],[-15,3],[-18,14],[-6,10],[0,18],[20,2],[3,6],[-23,28],[3,4],[-1,15],[-18,34],[-9,7],[-6,17],[-5,3],[4,8],[-7,12],[-12,6],[-13,13],[-6,0],[-15,52],[-28,27],[-11,22],[-29,28],[-22,13],[-15,14],[1,10],[22,20],[-16,11],[-17,18],[-5,12],[-1,20],[-21,18],[2,8],[11,9],[3,26]],[[71330,37419],[13,19],[17,12],[15,4],[-1,11],[9,10],[19,0],[12,-3],[24,2],[35,10],[22,3],[14,-2],[11,4],[3,10],[16,8],[27,-6],[2,-14],[22,-14],[27,-10],[46,-2],[9,4],[7,-6],[35,14],[14,41],[-10,26],[-14,20],[-1,12],[-7,3],[-2,5],[-13,1],[-4,6],[-7,3],[-26,-2],[-1,4],[-8,2],[-1,4],[-14,8],[0,5],[5,1],[4,6],[16,3],[4,3],[-1,4],[4,1],[40,-14],[9,1],[11,-5],[15,-14],[12,-1],[6,3],[2,8],[25,7],[-3,6],[12,-1],[0,2],[-9,1],[5,4]],[[72547,36556],[-2,19],[21,20],[4,13],[-5,7],[-30,14],[-6,7],[-3,-2],[-10,7],[-4,-1]],[[71983,33768],[-27,-28],[-2,-17],[-83,25],[-10,-13],[23,-17],[1,-10],[-33,-29],[4,-16],[36,-17],[38,-22],[17,-24],[4,0],[25,-26],[15,2],[-34,-65]],[[71957,33511],[-59,54],[-24,3],[-31,-4],[-20,1],[-2,-2],[-43,10],[3,-10],[-31,-9],[8,-11],[7,-27],[-106,-18]],[[71659,33498],[-33,27],[-33,51],[-16,9],[-22,20],[-9,-3],[-11,9],[-14,4],[-54,-2],[0,8],[-24,5],[-68,-7],[-4,14],[-17,23],[109,10],[14,0],[14,-4],[-65,154]],[[71426,33816],[125,-28],[8,10],[8,-1],[18,46],[-38,11],[25,17],[38,13],[33,7],[57,-22],[41,-3],[66,8],[19,-3],[40,10],[9,-6],[27,-7],[11,-6],[24,8],[44,-48],[2,-54]],[[73513,33374],[-22,-4],[-35,-14],[-259,-50],[-30,-26],[-95,-53],[-14,5],[-22,-4],[-13,7],[-11,1],[-97,-2],[-58,19],[-21,-4],[-34,0]],[[72802,33249],[-49,69],[3,37],[-33,104]],[[72723,33459],[17,18],[-26,12],[5,3],[271,-4],[46,-8],[54,-14]],[[73090,33466],[163,-46],[23,22],[5,-2],[12,2],[38,12],[42,21],[28,17],[25,26],[11,-3],[6,1],[24,-13],[5,-6],[-8,-19],[10,-27],[-21,-24],[22,-19],[20,-8],[11,-9],[7,-17]],[[72453,33030],[-254,0],[-72,9],[-5,-18],[-14,3],[-12,-3],[4,-4],[-8,-12],[3,-2],[-21,-8],[-6,6],[-21,0],[3,-14],[-9,-3],[11,-9],[8,2],[11,-10],[-9,-3],[-119,5]],[[71943,32969],[-37,2],[-9,12],[-12,-3],[-3,2],[-11,-4],[-17,17],[-19,2],[-36,40],[12,25]],[[71811,33062],[22,-2],[38,11],[23,9],[33,17],[43,5],[65,29],[-6,-14],[22,-12],[6,7],[9,-7],[26,30],[228,-66],[8,-5],[4,2],[36,-9],[10,-5],[75,-22]],[[72582,33566],[15,22]],[[72597,33588],[4,-7],[-4,-8]],[[72597,33573],[-15,-7]],[[72015,33293],[-23,12],[9,4],[-4,11],[-6,-2],[-10,2],[-15,-7],[-14,12],[-12,1],[-1,3],[-11,-3],[-5,4],[-9,0]],[[71914,33330],[29,41],[-47,21],[-35,4],[5,6],[-76,32],[72,15],[3,-5],[17,1],[22,8],[9,-1],[3,6],[7,1],[7,-5],[17,1],[6,-4],[-2,33],[6,27]],[[71983,33768],[14,-2],[17,9],[55,-6],[77,-28],[16,8],[21,0],[12,-5],[11,-1],[51,7],[26,-3],[28,6],[71,-9],[75,-21],[29,-28],[41,-7],[16,-12],[-4,-9],[4,0],[3,-5],[7,3],[87,6]],[[72640,33671],[6,-1],[6,4],[16,-4]],[[72668,33670],[-23,-13],[-31,-2],[-29,-17],[0,-18],[9,-14],[1,-15],[-25,-45]],[[72570,33546],[-18,-9],[-46,-10],[-38,-15],[-16,-10],[-17,-16],[-17,-8],[-87,-12],[-22,-6],[-22,-14],[-18,-26],[-15,-10]],[[72254,33410],[-14,-10],[-27,-31],[-15,-11],[-20,-8],[-63,-15],[-27,-13],[-12,-2],[-30,-18],[-21,-1],[-10,-8]],[[72801,33250],[10,-20],[12,6],[24,-4],[0,-19],[5,-12],[6,0],[-33,-32],[31,-33],[-41,-6],[-7,-16],[-36,-28],[-8,-1],[-58,-35],[-2,-10],[39,-18],[-219,7]],[[72524,33029],[-39,1]],[[72485,33030],[14,24],[-2,14],[-18,11],[-28,3],[-3,7],[-39,1],[15,24]],[[72424,33114],[18,-3],[18,3],[14,5],[10,8],[2,17],[-18,15],[15,14],[15,44]],[[72498,33217],[29,-8],[18,-10],[10,14],[13,-1],[18,3],[37,16],[33,3],[4,-2],[46,29],[26,-5],[28,1],[41,-7]],[[71621,32672],[-33,-3],[-76,0],[-65,-7],[-39,-8],[-50,-3],[-2,2],[-20,-5],[-10,-18],[-13,0],[1,-11],[-12,-2],[3,-12],[-3,-13],[-21,-11],[-19,-1],[-11,3],[-9,-2],[-4,-10],[-7,-3],[-22,-2],[-8,-14],[-18,2],[-2,4],[-10,-10],[0,-8],[-39,-13],[-15,1],[-30,18],[-13,3],[-22,0],[-18,13],[-2,6]],[[70671,32979],[11,4],[13,-1],[5,-15],[9,-5],[22,15],[40,-1],[-5,-12],[38,-4],[1,4],[-11,6],[-16,3],[0,3],[17,3],[50,-3],[9,2],[3,8],[38,11],[7,-6],[17,-2],[32,6],[22,11],[36,-2],[27,12],[7,-1],[10,-10],[21,1],[11,-4],[32,11],[12,-9],[13,-5],[19,7],[23,2]],[[71184,33008],[19,-8],[-7,-7],[10,-1],[35,8],[20,1],[3,5],[67,-7],[-4,-14],[9,-30],[14,3],[14,-1],[44,-11],[12,-1],[20,5],[18,11],[9,17],[-1,30],[5,9],[12,8],[14,4],[40,3],[39,17]],[[71576,33049],[14,-9],[18,-23],[30,-55],[-56,-13],[-29,-4],[-2,-14],[-8,0],[-36,-61],[-24,-24],[-16,-39],[17,-19],[24,-13],[24,-22],[73,-50],[10,-13],[6,-18]],[[73030,33591],[15,-17],[25,-8],[-20,-26],[-7,-30],[34,-1],[-1,-30],[22,-7],[-8,-6]],[[72723,33459],[-15,21],[-73,81],[-1,17],[13,14],[-48,-21],[-2,2]],[[72597,33588],[0,18],[-9,15],[-1,15],[30,17],[31,3],[23,13]],[[72671,33669],[12,-2],[7,-5],[13,0],[19,4],[37,-7],[13,14],[10,0],[10,-4],[17,9],[42,-12],[18,-14],[14,-14],[3,-17],[12,1],[-5,-13],[14,-24],[89,17],[34,-11]],[[71812,33124],[-1,-4],[20,-17],[-8,-2],[-5,6],[-11,-2],[4,-43]],[[71943,32969],[2,-4],[-36,2],[-42,-8],[-34,-23],[-9,-10],[-10,0],[0,-31],[17,-6],[20,-21],[-18,-27],[13,-24],[-3,-17],[5,-8],[-12,-3],[-9,-9],[5,-15],[7,-4],[4,-18],[-2,-28],[-16,-9],[7,-30],[-78,-3],[1,-15],[-131,5],[-3,9]],[[71576,33049],[31,26],[20,35],[34,27],[22,13],[21,1],[40,-6],[68,-21]],[[73597,32802],[42,27],[46,5],[227,84],[170,164]],[[73597,32802],[-32,9],[-20,14],[-27,3],[-36,12],[-19,0],[-46,10],[-71,5],[-33,5],[-29,23],[-14,5],[-11,-1],[-1,-5],[-53,8],[-3,-17],[-39,-21],[4,-15],[17,-10],[-66,-28],[-71,119],[-29,30],[5,28],[-14,7],[-10,-6],[-6,-1],[-6,3],[-39,-7],[1,-6],[-5,-3],[-10,-24],[-86,-38],[-18,3],[8,14],[-125,36],[-9,5]],[[72704,32959],[22,18],[-109,13],[-30,8],[-63,31]],[[72801,33250],[1,-1]],[[73513,33374],[30,-4],[24,6],[35,1],[27,7],[13,0],[21,-31],[-4,-22],[3,-27],[6,-7],[49,-19],[9,-11],[11,-3],[114,-15],[23,-10],[38,0],[39,8],[7,-2]],[[73030,33591],[50,24],[-9,49],[9,27],[8,11],[19,14],[1,13],[9,6],[-15,27],[4,5],[-3,5],[-24,10],[-15,3],[-5,5],[98,46],[50,19],[9,0],[40,13],[-1,2],[50,20],[233,82],[33,14]],[[73571,33986],[58,8],[116,4],[11,3],[44,-1],[-21,-35],[60,-68],[20,0],[7,-3],[103,18],[474,-95]],[[72485,33030],[-32,0]],[[71812,33124],[30,-4],[17,0],[29,6],[24,11],[10,15],[-1,21],[-9,22],[-24,12],[4,8],[17,12],[14,7],[65,20],[31,4],[27,-1],[7,2]],[[72053,33259],[5,-4],[4,2],[46,-33],[21,-1],[2,-4],[-6,-18],[7,-8],[83,8],[5,-12],[6,-2],[15,-3],[20,6],[4,-11],[23,6],[9,-12],[67,-35],[60,-24]],[[70466,33132],[15,-3],[44,1],[39,5],[53,-4],[24,-6],[22,-17],[26,-13],[86,-5],[33,2],[0,15],[20,10],[7,1],[9,21],[11,6],[5,0],[7,-13],[18,2],[4,-6],[6,2],[8,-3],[8,0],[4,4],[11,-5],[1,6],[20,0],[-1,5],[-7,0],[2,3],[16,-4],[4,-5],[8,5],[1,4],[6,1],[2,-5],[13,-5],[-9,-2],[1,-4],[23,-4],[-6,-6],[14,0],[13,-8],[-7,-4],[-1,-5],[11,-4],[6,4],[6,-1],[7,5],[6,-6],[11,-3],[2,-7],[10,-6],[24,-5],[17,2],[17,-23],[16,1],[-2,-4],[5,-2],[3,-10],[13,1],[3,-10],[17,-5],[-4,-7],[-7,0],[3,-3],[6,-1],[-5,-6]],[[73536,34090],[37,19],[20,14],[41,44]],[[73634,34167],[6,-26],[-35,-36]],[[73605,34105],[-30,-14],[-25,1],[-14,-2]],[[73363,34046],[114,25]],[[73477,34071],[-4,-9],[-37,-10],[-56,-7],[-15,-1],[-2,2]],[[72635,33921],[55,5]],[[72690,33926],[4,-5],[-36,-14],[-10,2],[-4,9],[-9,3]],[[71426,33816],[-43,104],[-6,58],[-28,15],[-20,49],[-42,55],[-45,26]],[[73549,34525],[4,-24],[-16,-18],[-3,-11],[4,-9],[16,-13],[-9,-19],[7,-13],[15,-16],[-1,-23],[45,-68],[1,-38],[6,-15],[2,-19],[11,-18],[-3,-17],[8,-14],[0,-8],[-13,-24],[-34,-34],[-45,-28],[-39,-17],[-144,-31]],[[73361,34048],[-12,15],[-16,-1],[-13,-8],[-9,-17]],[[73311,34037],[-28,-7],[-23,-11],[-77,-12],[-39,-22],[-19,-2],[-45,5]],[[73080,33988],[-16,6],[-1,14],[-6,5],[-34,14],[-21,0],[-16,-2],[-7,-4],[-4,-20],[-10,-11],[-21,-12]],[[72944,33978],[-103,-43]],[[72841,33935],[-21,11],[-7,18],[-13,1],[-2,10],[-15,3],[-27,2],[-13,16],[1,6],[-14,6],[-9,0],[-6,8],[-14,4],[-12,-2],[-5,-13],[6,-14],[-7,-11],[-12,-5],[-2,-4],[10,-14],[13,-3],[-2,-7],[-11,-6],[10,-13]],[[72689,33928],[-63,-7],[-38,-23],[-1,-13]],[[72587,33885],[-19,-9],[66,-72],[-58,-11],[15,-56],[-87,3],[2,-13],[88,-3],[4,-11],[-89,3],[1,-5],[18,-9],[74,-6],[4,-14],[34,-11]],[[71914,33330],[-26,-36],[-34,-8],[-30,-11],[17,-10],[-29,-8],[2,-3],[-7,-2],[-13,17],[-15,-4],[-9,4],[-11,-2],[-18,8],[-6,-1],[-3,-4],[-24,-4],[-10,4],[1,4],[-8,2],[2,4],[-14,9],[-10,-2],[0,9],[4,2],[-10,16],[-22,14],[8,4],[-32,20],[-2,23],[-18,4],[-29,-1],[-30,6],[2,6],[-40,5],[12,18],[26,18],[14,18],[12,32],[-8,8],[55,-3],[-2,-6],[20,-1],[-2,5],[43,4],[-11,10]],[[73325,32389],[0,9],[17,31],[-2,14],[3,5],[25,0],[11,10],[35,-1],[20,9],[25,2],[45,18],[-2,8],[-25,9],[13,33],[-3,11],[25,31],[5,17],[30,25],[-23,12],[78,76],[21,61],[-26,33]],[[73240,32373],[7,16],[41,4],[37,-4]],[[72915,32381],[21,0],[48,11],[51,13],[41,16],[36,7],[54,4],[2,-10],[18,-6],[-16,-37],[26,2],[6,-4],[38,-4]],[[72915,32381],[18,23],[5,22],[-4,7],[3,14],[6,8],[20,14],[-21,21],[-27,13],[0,8],[20,19],[-21,22],[4,4],[0,19],[12,10],[-99,1],[-24,-3],[24,15],[16,18],[15,11],[19,24],[1,13],[5,0],[1,4],[-53,14],[-57,4],[-22,9],[-45,4],[-20,36],[-46,11],[-41,-5],[-29,8],[-86,40],[-13,30],[1,5],[39,28],[40,64],[19,6],[17,13],[25,3],[26,-2],[38,13],[15,2],[8,8]],[[72015,33293],[6,-11],[-11,-15],[15,-2],[13,6],[19,-7],[-4,-5]],[[73361,34048],[-50,-11]],[[73080,33988],[-113,-3],[-23,-7]],[[72841,33935],[-66,-15],[-11,1],[-28,10],[-47,-3]],[[72587,33885],[27,-23],[20,-10],[9,-18],[23,-16],[15,-105],[-1,-9],[-17,-17],[15,15],[-10,-32]],[[72671,33669],[15,49],[-17,101],[-21,14],[-12,20],[-41,26],[-7,13],[2,5],[34,21],[11,3]],[[72690,33926],[45,2],[30,-11],[14,1],[70,16],[97,42],[21,6],[106,3],[48,-4],[20,1],[48,24],[74,11],[26,13],[74,16]],[[73477,34071],[26,5],[33,14]],[[73605,34105],[16,-11],[20,-4],[22,-1],[7,-8],[11,-1],[6,-4],[-68,-61],[-48,-29]],[[73634,34167],[5,14],[1,9],[-8,12],[3,19],[-9,15],[-3,26],[-6,11],[-2,41],[-42,62],[-1,28],[-20,24],[8,22],[-17,15],[-3,10],[16,20],[3,10]],[[72515,32320],[55,26],[57,36],[21,-6],[7,-12],[7,-5],[21,-4],[20,2],[1,7],[-10,15],[-4,15],[56,4],[13,7],[38,-2],[13,-4],[1,3],[104,-21]],[[72348,32217],[43,-12],[32,-2],[31,35],[61,82]],[[72254,33410],[13,-4],[26,-19],[9,4],[4,-3],[8,1],[3,-3],[26,-4],[17,-6],[2,-5],[8,-3],[-3,-5],[9,-5],[0,-7],[13,-4],[-38,-15],[125,-68],[-33,-10],[-27,-23],[82,-14]],[[72570,33546],[6,4],[6,16]],[[63471,36717],[-22,5],[-2,-2],[-9,7],[-8,-6],[-26,3],[-6,2],[4,10],[-24,6],[-13,-2],[-15,4],[-27,-5],[-18,-8],[-9,1],[-26,-10],[-72,-17],[-22,1],[-14,-9],[-11,-22],[-30,-11],[32,-27],[-119,-40],[-15,-2],[-17,4],[-18,0],[-45,-9]],[[62866,36623],[4,-8],[69,-25]],[[62827,36770],[-54,-31],[93,-116]],[[65593,37574],[7,-36],[-13,-11],[-15,-3],[0,-9],[-14,-8],[-1,-12],[-12,-4],[-4,-9],[-18,-6],[12,-8],[32,-12],[43,-30],[9,-18],[-78,-17],[-240,-96],[-98,-31],[-15,-4],[-15,0],[7,-14],[12,-6],[1,-6],[-4,-6],[-18,-8],[-5,-8],[-12,-6],[-50,-14],[-16,1],[-12,4],[-17,-1],[-9,1],[-27,-6]],[[63337,38110],[7,-8],[17,-41],[-5,-9],[14,-6],[36,14],[31,-2],[-5,4],[22,9],[45,10],[64,21],[68,25],[8,-14],[1,-13],[-6,-33],[-5,-8],[-30,-21],[5,-2],[18,9],[43,14],[24,6],[31,1],[49,19],[5,4],[0,10],[29,-8],[12,-6],[17,0],[12,-3],[8,-7],[16,8],[4,14],[10,10],[14,6],[38,25],[3,6],[14,5],[16,15],[24,3],[60,-13],[21,-2],[23,-7],[59,-2],[61,-14],[10,-12],[22,-12],[5,-16],[26,-11],[25,1],[28,-11],[9,-16],[-24,-36],[20,-11],[9,2],[17,12],[21,-8],[20,-13],[3,-6],[-4,-7],[-19,-7],[3,-6],[8,1],[30,14],[8,22],[28,2],[6,3],[-5,4],[16,2],[12,4],[3,10],[49,-8],[13,0],[35,9],[2,8],[6,5],[-17,13],[3,6],[-3,10],[-13,8],[-14,18],[-6,23],[27,11],[0,14],[-7,9],[15,6],[19,15],[1,8],[20,15],[19,9],[-2,13],[5,11],[56,20],[21,10],[8,9],[-35,8],[-38,5],[-11,7],[-17,4],[-6,22],[-14,18],[-7,33],[-16,13],[4,9],[2,-4],[14,-4],[18,5],[12,25],[-8,29],[8,8],[13,2],[6,6],[7,16],[-2,5],[13,21],[-1,12],[8,3],[-3,8],[22,9],[16,0],[7,10],[33,17],[-1,4],[7,2],[6,7],[16,5],[-5,1],[4,8],[-5,6],[-7,-2],[-6,3],[3,5],[-13,1],[3,2],[-11,3],[-3,11],[-9,6],[-1,13],[6,10],[1,13],[12,8],[17,6],[22,19]],[[64790,38694],[24,-29],[53,-24],[8,-27],[10,-10],[21,-48],[35,-18],[73,-2],[37,-19],[44,-5],[41,-17],[51,-156],[149,-62],[37,-22],[17,-7],[-15,-24],[-37,-31],[-29,-12],[-9,-12],[-27,-38],[-9,-41],[-57,-10],[-41,-17],[-26,-5],[-6,-7],[-46,-16],[-14,-10],[10,0],[20,-14],[17,-22],[-36,-59],[182,-62],[52,-137],[102,11],[14,-6],[10,-7],[13,-19],[20,-19],[8,-44],[-3,-9],[11,-4],[22,-15],[13,-15],[22,-14],[9,-2],[1,-5],[17,-1],[15,-8]],[[62939,36590],[19,-29],[28,-15],[3,-5],[42,-19],[25,-26],[11,-2],[1,-10],[9,-8],[-18,-24],[-48,-27],[-17,-15],[2,-2],[9,0],[27,13],[16,4],[32,-1],[43,-29],[5,-7],[-3,-7],[7,-9],[-2,-6],[11,-11],[33,-12],[23,-12],[11,1],[14,-2],[16,-7],[15,3],[8,-1],[155,-81]],[[64343,38756],[23,-13],[91,-15],[27,-9],[31,0],[87,-18],[55,2],[109,17],[24,-26]],[[61977,37330],[-44,5],[2,-4],[-11,-8],[-1,-9],[-15,-1],[-33,-12],[-4,-11],[-25,-21],[-33,5],[1,3],[-14,12],[-59,-14],[-49,-22],[-3,15],[7,19],[-6,22],[-16,1],[-11,-4],[-10,6],[6,7],[-6,12],[-11,10],[-11,4],[42,33],[23,5],[10,7],[7,0],[8,8],[15,8]],[[61736,37406],[16,14],[7,44],[-7,8],[-27,10],[-17,18],[10,29],[-2,4],[-20,8],[-32,-4],[-43,5],[-32,6],[-5,4],[0,11],[-5,3],[-21,-3],[-48,9],[-46,-5],[-31,2],[-16,4],[-23,-2],[-21,3],[-6,5],[-1,5],[28,13],[10,12],[0,21],[-8,13],[-10,6],[-24,7],[-15,10],[-15,5],[-25,17],[-27,8],[-11,16],[-11,39],[-55,20],[-13,25],[6,2],[28,-1],[5,8],[-7,4],[-27,2],[1,19],[-19,-3],[-21,11],[-18,2],[-21,-12],[-9,-1],[-7,9],[19,5],[11,6],[-16,-3],[-9,0],[-4,9],[16,5],[-2,6],[-6,3],[-13,-7],[-6,4],[2,5],[9,2],[12,8],[-2,15],[14,-1],[15,4],[-2,7],[-6,3],[-6,-1],[-18,-9],[-6,6],[0,6],[19,20],[-7,8],[41,3],[41,24],[21,-17],[25,6],[57,6],[-10,25],[57,5],[82,18],[136,23],[12,11],[33,5],[42,16],[44,28]],[[61634,38581],[-30,-11],[-99,-45],[-100,-32],[-80,-12],[-9,0],[-17,9],[-24,-1],[10,-21],[-1,-9],[-21,0],[-8,-5],[-2,-13],[-10,-4],[1,-3],[-16,-6],[2,-16],[-44,-19],[-21,-19],[-33,-12],[-3,-23],[24,-14],[8,-16],[0,-18],[22,-13],[-6,-5],[-59,-22],[-6,-9],[5,-13],[-8,-18],[15,-18],[-33,-9],[-13,-19],[-40,-26],[-4,-13],[16,-15],[-2,-9],[-8,-7],[-35,-13],[-6,-6],[3,-10],[19,-13],[5,-7],[1,-7],[-8,-7],[-20,23],[-7,3],[-23,3],[3,8],[-3,6],[-5,1],[-1,9],[-36,9],[-32,17],[-31,4],[-597,-62]],[[61109,39794],[4,-10],[26,-8],[5,9],[14,3],[8,-4],[25,14],[21,1],[6,4],[0,9],[10,4],[37,9],[23,8],[26,0],[13,5]],[[61736,37406],[-28,6],[-30,-3],[-10,15],[-21,14],[-11,-3],[-9,1],[-2,-3],[-10,2],[0,5],[-8,1],[-1,-4],[-5,1],[-4,-3],[-13,-2],[-11,2],[-10,-3],[-21,0],[-9,2],[-2,-3],[-8,4],[-11,-1],[-8,-5],[0,-6],[-6,-5],[-22,-5],[-349,-45],[-16,9],[-8,-3],[-49,5],[-18,-2],[-3,-3],[-10,1],[1,5],[-35,13],[4,11],[16,14],[1,12],[-32,8],[-51,22],[8,6],[-47,26],[-8,3],[-5,-2],[-8,6],[-11,0],[-14,4],[-6,10],[-24,13],[-10,8],[-4,15],[-56,4],[-22,-2],[-65,-32],[-3,5],[-19,7],[-23,-4],[-15,-17],[-53,26],[-66,22],[-12,83],[12,61],[19,15],[11,-6],[12,-14],[49,-11],[20,-12],[13,12],[-2,6],[-35,60],[-3,12],[-20,8],[-36,-5],[-7,9],[-69,4],[-2,10],[9,12],[-12,9],[-1,8],[-13,0],[-10,9],[8,18],[-21,8],[4,7],[-6,11],[25,23],[-32,25],[7,32],[-22,19],[21,5],[-116,77]],[[69029,31499],[14,-11],[21,-7],[14,-1],[2,-11],[12,-1],[8,-7],[-15,-7],[6,-15]],[[69091,31439],[-20,0],[1,-10],[-24,-9],[-3,3],[-16,1],[-15,-4],[-38,-16],[-6,-7]],[[68970,31397],[-17,0],[-46,12]],[[68907,31409],[-24,7],[-26,0],[-1,-5],[-27,1],[-20,-3],[-1,2],[-61,-12],[-12,0],[-8,-6],[-29,-3]],[[68698,31390],[-16,4],[-13,21],[-9,4],[3,7],[29,14],[-16,9],[-25,8],[-14,-6],[-21,-17],[-17,4],[-3,-3],[-13,5],[4,4],[-28,15],[0,9],[-14,4],[-5,7],[-23,3],[4,33],[11,14],[16,11],[-1,4],[-11,3]],[[68536,31547],[-13,4],[8,21],[26,18],[16,-1],[12,-5],[9,4],[6,-5],[8,3],[3,-3],[98,66]],[[68709,31649],[3,-5],[8,-2],[26,6],[13,-6],[-5,-2],[17,-5],[-10,-9],[5,1],[28,-15],[-10,-7],[3,-14],[11,4],[7,-15],[12,3],[13,-2],[5,-13],[8,-1],[13,-17],[32,-22],[27,-45],[43,9],[57,26],[8,-19],[6,0]],[[70336,31577],[-29,-3],[-3,-14],[-154,-2],[-5,19],[4,27],[-3,10],[-10,9],[-38,17],[-17,-7],[-72,3],[-38,-5],[12,-56],[16,-14],[-11,-2],[-9,-5],[-33,2],[-8,3],[-36,-8],[-16,1],[-10,6],[-1,-1],[-48,10],[-15,-17],[-11,9],[-25,-13],[-26,12]],[[69750,31558],[-22,12],[1,2]],[[69729,31572],[1,11],[-19,28],[77,24],[28,-1],[42,28],[-12,6],[-4,5],[-25,-3],[-50,22],[-11,11],[25,4]],[[69781,31707],[35,-7],[187,-5],[25,-3],[89,37],[16,4],[30,2],[56,-8]],[[69739,31741],[23,-24],[19,-10]],[[69729,31572],[-6,-4],[-12,0],[-151,31],[-11,6],[7,7],[-19,10],[-22,0],[-13,-8],[3,-1],[-9,-12],[5,-8],[-13,-7],[-6,3],[-15,-12],[-46,-22],[-3,4],[-10,0],[-8,3],[-4,5],[-41,2],[-56,14],[-3,-2],[-27,0],[-40,-10],[-12,10]],[[69217,31581],[-9,2]],[[69208,31583],[49,31],[16,5],[52,7],[32,21]],[[69357,31647],[1,1]],[[69358,31648],[18,-3],[4,3],[-4,4],[12,4],[11,12],[17,8],[58,13],[7,-2],[18,10],[5,19],[18,4],[1,4],[11,6],[8,2],[15,-4],[25,4],[43,0],[27,9],[13,-4],[23,3],[17,-3],[34,4]],[[68813,31987],[1,-16],[5,-2],[1,-3],[-6,0],[0,-9],[19,0],[0,-3],[15,0],[2,-4],[11,5],[14,-11],[-18,-10],[-17,5],[-10,-6],[32,-19]],[[68862,31914],[-20,-8],[-27,-3],[4,-7],[-12,-5],[-2,-6],[-55,-17],[19,-16],[-14,-9],[-3,4],[-4,-1],[5,-8],[-17,-2],[-7,2],[-15,-7],[-5,6],[-17,-5],[4,-5],[-12,-2],[-3,4],[-23,2],[1,-6],[-21,0],[-7,-3],[1,-4],[-9,-3],[-4,3],[-20,-5]],[[68599,31813],[-3,2],[6,23],[35,12],[4,3],[1,6],[-18,5],[-15,7]],[[68609,31871],[-2,15],[28,3],[-3,5],[-5,0],[-18,20],[4,2],[-1,5],[-6,2],[9,3],[-11,0],[-4,4],[-35,-11],[-38,8],[-2,13]],[[68525,31940],[50,16],[8,8],[3,10],[53,1],[7,5],[12,-4],[26,24],[-4,3],[9,27]],[[68689,32030],[57,1],[1,-5],[-16,-8],[5,-6],[21,-8],[56,-17]],[[69249,32268],[-10,-19],[-13,-1],[4,-20],[5,-7],[40,-8],[23,-9],[31,1]],[[69329,32205],[-64,-42],[-62,-64],[-56,-41],[-9,0],[-28,-9],[-57,-4],[-6,-4]],[[69047,32041],[-56,16],[-92,38]],[[68899,32095],[-49,20],[-22,16],[-16,25],[2,32],[-6,16],[-16,16],[-46,26]],[[68746,32246],[18,6],[15,-9],[-10,0],[5,-4],[31,-4],[0,-2],[12,10],[47,4],[15,8]],[[68879,32255],[18,1],[17,11],[18,3],[44,-6],[24,-8],[8,6],[2,8],[22,-5],[22,0],[44,9],[15,-9],[24,20],[15,3],[6,0],[-15,-14],[4,-1],[0,-5],[60,-4],[1,6],[7,-1],[1,4],[33,-5]],[[69047,32041],[38,-12],[31,-4],[-12,-9]],[[69104,32016],[-15,-1],[-35,-12],[2,-7],[-12,-6],[-8,-12],[-6,-50],[-9,-10],[9,-1]],[[69030,31917],[1,-29],[-18,-25]],[[69013,31863],[-50,-33]],[[68963,31830],[-25,20],[-14,42],[-27,-4],[-9,-8],[-11,4],[11,22],[-26,8]],[[68813,31987],[20,-1],[37,8],[-13,8],[29,12],[12,1],[1,4],[-20,2],[-19,11],[20,15],[-25,18]],[[68855,32065],[-7,5],[51,25]],[[68488,32066],[26,-14],[25,-6],[4,-10],[11,-4],[10,18],[8,-1],[10,4],[14,-5],[4,7],[7,-4],[22,15],[21,-12],[20,-5],[5,-7],[6,0],[8,-12]],[[68525,31940],[-14,8],[-7,-13],[-9,-2],[-8,7],[-39,-16],[-46,-12],[-21,-1],[-22,5],[-17,-1],[-7,8],[8,8],[-7,1],[-4,-6],[-3,2],[-12,-3],[0,-5],[-4,2],[-14,-4],[-2,2],[-12,-1],[-3,-5],[-7,12],[-46,20],[2,5],[-23,39],[7,1],[-4,8]],[[68211,31999],[8,2],[6,-4],[40,7],[15,-1],[12,3],[17,-2],[1,6],[27,12],[14,9],[16,4],[8,4],[9,0],[8,6],[13,1],[32,19],[17,-1],[12,5],[10,-4],[12,1]],[[69706,31998],[-19,-29],[-51,-30],[-36,-14],[-41,-6]],[[69559,31919],[-36,-1],[-25,4],[-164,48],[-19,7],[-30,24],[-19,7],[-109,2],[-53,6]],[[69329,32205],[52,32],[5,-2],[17,3],[3,5],[30,9],[23,20],[46,28],[8,8],[-5,8],[32,19]],[[68698,31390],[-44,-5],[-13,15],[-81,-14],[-45,-20],[-7,-4],[-2,-7],[-11,-3],[-17,0],[-20,5],[-4,0],[-1,-10],[-24,7],[-16,-3],[-5,-6],[2,-10]],[[68410,31335],[-20,-1],[-4,5],[-7,1],[-16,-5],[-4,-4],[-5,0],[1,-11],[-9,-3],[-6,-7],[0,-4],[4,-3],[-3,-3],[2,-3],[-18,-9],[-17,-1],[0,-3],[-22,0],[-2,-2],[-23,1],[-9,6],[-41,12],[-21,3],[-13,-7],[-30,-3],[-12,2],[-20,-6],[-15,-1],[5,4],[-38,8],[21,15],[5,13],[25,16],[8,1],[-27,19],[-16,0],[-11,19],[-9,0],[-17,-19],[-20,-1],[-13,11],[-29,-4],[-33,-9],[8,-5],[-71,-10],[-7,24],[-17,13],[16,6],[23,2],[-57,45],[-19,-2],[-4,-5],[5,-8],[-35,-15],[-84,-64]],[[67792,31658],[-9,-9],[-97,-21],[-26,-2],[-33,3],[-11,5],[-33,0],[1,-15],[-21,-25],[-13,-10],[-11,-13],[-26,-9],[-25,-15],[1,-18],[-16,-5],[1,-6],[-27,-12],[-8,-6],[-6,-24],[10,-5],[-57,-41],[44,-40],[26,0],[58,17],[98,40],[51,-32],[23,-9],[9,-11],[-1,-12],[14,-10],[1,-30]],[[67792,31658],[21,8],[89,8],[20,5],[83,9],[-2,4],[20,6],[3,3],[9,-6],[10,1],[4,-3],[262,28]],[[68311,31721],[3,-9],[17,4],[34,-27],[4,1],[23,-15],[7,7],[-12,9],[21,5],[2,4],[7,-3],[7,2],[1,4],[11,7],[20,-4],[8,5],[9,-3],[4,-3],[-5,-1],[0,-6],[-11,-21],[1,-10],[9,-4],[13,-12],[9,-20],[-4,-22],[-6,-5],[-6,-1],[-2,-24],[-72,3],[-16,-22],[-19,2],[0,-2],[16,-3],[-2,-12],[-25,6],[-9,-5],[2,-6],[11,-4],[32,5],[22,-1],[14,-11],[21,-6],[20,-10],[10,5],[13,-5],[17,-2],[17,29],[9,7]],[[69301,32498],[-10,-6],[-29,3],[-2,2],[-16,-4],[-7,3],[0,5],[-18,6],[-3,-4],[-17,-1],[-22,8],[-15,-2],[-14,4],[-16,-7],[-8,2],[-14,-8],[-9,-2],[-15,-17],[3,-3],[-6,-5],[14,-24],[-12,-21],[-21,-8]],[[69064,32419],[-51,-14],[-11,1],[-2,2],[-11,-1]],[[68989,32407],[0,6],[14,3],[3,4],[-3,4],[5,0],[-4,4],[-17,-4],[-6,3],[-42,-1],[-21,16],[12,4],[-25,15],[1,21],[-8,4],[4,4],[-41,3],[0,-4],[-63,-5]],[[68798,32484],[4,13],[21,3],[-6,9],[5,0],[-2,13],[-12,-1],[5,4],[-5,3],[6,2],[23,-1],[9,3],[8,12],[30,22],[-28,9],[2,11],[34,8],[-5,6],[-6,1],[17,3],[-16,12],[32,23],[-35,11],[-16,-2],[-13,5],[-14,22],[8,3],[4,-5],[4,1],[14,-7],[12,8],[24,5],[-23,13],[-9,35],[-28,3],[1,-6],[-8,0],[-1,7],[-21,2],[7,8],[-3,1],[3,5],[20,4],[13,5],[5,-2],[8,2],[0,2],[16,0],[16,6],[10,-2],[17,16],[-17,10],[10,8],[19,2],[-9,11],[37,22],[4,16],[10,12]],[[68599,31813],[-17,-30],[26,-6],[26,-10],[1,-4],[26,-10],[68,-12],[11,-1],[-11,-4],[48,-42]],[[68777,31694],[-26,-20],[-42,-25]],[[68311,31721],[3,0],[-8,9],[-49,10],[-18,12],[9,26],[6,7],[19,-1],[27,-7],[4,-3],[-1,-10],[13,1],[6,6],[10,-9],[13,1],[23,7],[17,2],[15,-3],[10,13],[15,6],[-11,9],[1,12],[-8,3],[-1,8],[13,3],[16,9],[11,16],[7,3],[1,6],[17,11],[19,-1],[9,4],[55,-5],[14,9],[10,2],[12,-5],[19,-1]],[[68879,32255],[-43,9],[-18,11],[12,10],[11,24],[8,4],[-2,32],[14,34],[4,25],[9,-2],[22,2],[33,-5],[60,8]],[[69064,32419],[19,-50],[10,-18],[15,3],[32,15],[66,1],[21,-13],[45,-14],[8,-22],[56,-17],[-3,-3],[-9,-3],[-5,2],[-34,-15],[-19,1],[-8,-20],[-9,2]],[[67087,31849],[58,-25],[262,-73],[22,-21],[26,-16],[96,-11],[241,-45]],[[67087,31849],[227,61],[47,-3],[63,3],[21,23],[23,15],[-4,12],[6,8],[-3,12],[11,15],[-4,9],[17,2],[15,9],[51,-3],[11,2],[47,-14],[8,-5],[28,-2],[10,3],[20,-6],[12,0],[15,-5],[-4,-4],[6,-7],[-2,-7],[7,-3],[1,-4],[12,2],[11,-9],[30,-4],[5,-7],[19,1],[13,4],[5,-4],[13,-1],[6,-3],[16,3],[11,-4],[27,2],[17,-5],[20,0],[8,7],[11,-5],[25,-1],[36,10],[0,7],[11,-1],[0,5],[14,7],[9,14],[23,4],[19,0],[25,9],[5,-4],[21,-5],[41,4],[24,13],[18,0]],[[69208,31583],[-8,1],[-42,-2],[-34,9],[-69,12],[36,5],[9,5],[5,13],[-21,27],[3,11],[-12,20],[-2,12],[-4,-3],[-8,13],[-13,-2],[-27,5],[-50,3],[-34,-8],[-36,5],[-25,-14],[-3,5],[-7,-1],[0,4],[-29,2],[-1,13],[-2,-7],[-13,21]],[[68821,31732],[67,42],[75,56]],[[69013,31863],[5,-5],[-4,-54],[-7,-6],[-3,-5],[7,-5],[-6,-3],[44,-18],[48,-8],[28,0],[41,-10],[9,-8],[-4,-3],[6,-2],[2,3],[17,-4],[4,-6],[7,0],[8,-11],[-3,-2],[51,-12],[19,-10],[16,-16],[-12,-11],[71,-20]],[[69217,31581],[-9,-2],[-74,-51],[-31,-8],[-57,0],[32,-12],[-9,-7],[-7,1],[-16,9],[-17,-12]],[[68777,31694],[44,38]],[[68855,32065],[-11,-4],[-29,12],[-45,26],[-12,24],[-13,14],[-30,7],[-61,28],[-22,-12],[-14,-2],[-28,-10],[-41,0]],[[68549,32148],[-24,6],[-13,-2],[-40,2],[-19,7],[-21,13],[-21,0],[9,13],[-9,13],[5,0],[-11,16],[-8,-1],[-15,14],[25,6],[2,8],[14,8],[11,-5],[14,24],[12,8],[48,12],[13,6],[32,4],[-22,17],[-50,27],[6,3],[-34,18],[-2,1],[25,16]],[[68476,32382],[83,-16],[102,-39],[22,-15],[63,-66]],[[69559,31919],[16,-27]],[[69575,31892],[-12,3],[-12,-3],[-9,-17],[-19,-7],[-1,-15],[-7,0],[-3,3],[-5,-4],[-45,-13],[6,-7],[-39,-14],[-13,3],[-5,-11],[-12,-11],[-6,-2],[-13,1],[-9,-8],[-14,2],[-4,-1],[-7,3]],[[69346,31794],[-86,51],[-9,-1],[-19,11],[-34,33],[-7,-2],[1,-9],[-6,0],[-3,-7],[-43,40],[-8,0],[-3,-3],[-11,0],[-3,4],[-85,6]],[[70345,31503],[-29,2],[-6,-1],[-5,-12],[7,-3],[-1,-5],[-41,-30],[-3,-5],[5,-4],[-1,-4],[-21,-9],[0,-7],[-20,-21],[1,-12],[-11,-7],[-25,-3]],[[70195,31382],[-13,5],[7,8],[-21,8],[-41,6],[1,3],[-60,2],[-80,-5],[-11,-9],[10,-16],[-7,-7],[-14,2],[-13,6],[-59,2],[-24,10],[-28,2],[-11,-3],[-14,1],[-9,-2],[-30,8],[-6,-3],[-7,2]],[[69765,31402],[-16,-1],[-1,4],[-5,-2],[-5,5],[-13,3],[-7,-2],[-20,38],[15,31],[-7,20],[8,25],[-4,5],[20,14],[7,12],[7,-3],[6,7]],[[69346,31794],[1,-14],[32,-52],[10,-25],[-6,-34],[-25,-21]],[[69575,31892],[27,-20],[49,-15],[3,3],[-16,8],[8,6],[-2,19],[5,1],[0,3],[10,1],[17,9],[5,-2],[22,12],[38,-27],[10,-2],[12,1],[23,-18],[27,-35],[49,-22],[-21,-6],[-27,0],[-5,-2],[-84,16],[12,-35],[-7,-35],[9,-11]],[[68476,32382],[9,3],[-5,5],[12,2],[5,-5],[23,5],[8,6],[-4,11],[9,5],[4,7],[7,-1],[2,3],[23,4],[6,-4],[14,3],[5,-3],[7,4],[-1,6]],[[68600,32433],[10,-6],[32,6],[30,-15],[14,36],[33,6],[30,-3],[-16,26],[31,2],[3,-8],[10,-2],[9,3],[4,-5],[8,11]],[[68549,32148],[-7,-2],[-2,-3],[7,-4],[-7,-8],[6,-7],[-13,-4],[0,-7],[-18,-5],[9,-1],[-28,-26],[-8,-15]],[[67184,32076],[3,-64],[-24,-28],[-56,-50],[-4,-9],[-10,-9],[6,-10],[-12,-35],[0,-22]],[[66579,32325],[27,-2],[30,-14],[22,-1],[45,-22],[6,-11],[-6,-10],[9,-18],[-11,-22],[1,-22],[-9,-7],[100,-35],[122,5],[85,-44],[47,-35],[28,4],[59,0],[41,-4],[9,-11]],[[66579,32325],[24,10],[21,2],[18,19],[31,14],[18,33],[14,4],[6,-2],[24,2],[11,11],[-3,7],[7,6],[31,5],[9,6],[17,4],[18,16],[16,-6],[47,2],[61,12],[26,11],[5,18],[20,10],[10,10],[56,21],[74,8],[35,8],[8,7],[32,4],[27,-2],[10,-6],[40,-11],[5,-5],[13,9],[28,-11],[28,32],[48,-13],[-18,14],[29,5],[23,-3],[3,6],[65,-11],[-2,-4],[55,-12],[21,-2],[23,-14],[21,19],[41,-15],[16,14],[64,-24],[-17,-22],[5,-12],[-2,-6],[97,-16],[20,2],[53,13],[81,-35],[34,-33],[32,-39],[98,26],[51,4],[24,6],[38,-11],[4,6],[9,0],[-3,3],[34,-5],[11,7],[9,-7],[6,2],[5,-2],[-7,-3],[5,-7],[23,12],[6,-3],[8,4],[9,-5],[21,9],[37,-25],[30,-14]],[[68460,32553],[14,-4],[5,-13],[12,-10],[12,0],[9,-22],[26,-22],[-21,8],[4,-6],[29,-22],[50,-29]],[[65766,32886],[30,-21],[14,3],[15,-5],[10,-10],[8,-2],[7,-5],[4,1],[11,-8],[4,-1],[41,-3],[7,4],[47,-7],[17,-7],[11,-16],[-1,-18],[10,-6],[8,-14],[33,-12],[21,0],[6,-11],[14,-9],[36,-7],[51,-4],[12,3],[23,0],[15,4],[5,5],[15,0],[41,-7],[10,-6],[15,-13],[-12,-12],[3,-6],[-8,-7],[-1,-12],[-10,-6],[14,-16],[-4,-11],[9,-21],[-4,-7],[22,-25],[-3,-11],[7,-8],[2,-13],[-17,-21],[-13,-8],[-3,-7],[-21,-10],[-4,-7],[11,-32],[35,-29],[6,-10],[2,-16],[-6,-8],[-15,-8],[-4,-15],[16,-8],[51,-39],[45,-12],[25,-23],[24,-11],[46,15],[17,12],[48,5],[15,-2]],[[70169,38404],[-45,12],[-40,5],[-34,9],[-44,25],[-12,13],[-10,4],[-82,5],[-6,6],[5,8],[31,8],[-1,4],[-12,6],[-42,4],[-26,11],[-30,6],[-48,2],[-10,-3],[-19,-14],[-27,-6],[-45,-17],[-51,9],[-44,0],[1,-66],[12,-16],[-6,-1],[-4,-4],[-2,-8],[-8,-4],[-7,0],[-8,-7],[1,-5],[-10,-15],[2,-5],[-25,-16],[-18,-4],[-16,-8],[-61,-10],[-31,-10],[-47,-41],[-32,-11]],[[69318,38270],[-29,-10],[-54,-12],[-11,-7],[-9,1],[-6,3],[-12,-2],[-14,-6],[-22,7],[-42,-3],[-14,11],[-71,16],[-2,15],[-32,-1],[-30,13],[-16,2],[-12,-2],[0,8],[-10,12],[5,13],[13,14],[-5,5],[-20,4],[-2,15],[-13,-4],[-15,-8],[-40,11],[-52,7],[-17,-1],[-19,-7],[-22,-3],[-4,-4],[-41,-4],[-51,5],[-18,5],[-19,-1],[-12,-3],[2,-2],[-24,-14],[-26,-7],[-59,-28],[-26,-8],[-5,-7]],[[68462,38293],[-28,-8],[-16,5],[-34,21],[-8,10],[-12,32],[-8,9],[-7,26],[-11,10],[31,61],[10,0],[-4,2],[24,13],[6,7],[69,14],[2,8],[12,6],[11,15],[13,5],[-3,10],[20,6],[69,5],[16,5],[60,8],[32,11],[10,-1],[6,-10],[3,2],[5,-6],[13,-5],[12,-8],[1,-4],[29,14],[0,11],[-12,3],[-2,5],[-11,5],[9,3],[10,-4],[7,-10],[7,1],[-1,22],[-5,5],[-9,0],[-11,7],[11,1],[21,-9],[10,2],[-6,18],[-18,2],[-23,-11],[-26,20],[0,14],[-22,8],[-9,5],[0,10],[9,4],[18,0],[10,-6],[9,1],[-1,9],[19,0],[15,6],[-27,13],[-11,0]],[[68746,38691],[9,15],[13,4],[3,19],[29,4],[30,-3],[40,0],[7,7],[18,0],[47,11],[46,25],[22,-7],[24,7],[55,-4],[12,7],[0,10],[25,3],[25,8],[-27,75],[-15,18],[-22,6],[-4,14],[8,4],[18,3],[29,13],[84,-6],[98,4],[40,-47],[76,-71],[28,4],[60,2],[45,9],[7,15],[-3,13],[23,7],[4,-2],[34,12],[29,6],[25,19],[10,3],[52,27],[11,14],[-51,36],[-5,24],[-19,14],[24,16],[5,16],[12,7],[16,3],[4,7],[26,2],[41,22],[16,3],[23,12],[7,-2],[28,14],[47,18]],[[70204,38365],[-5,-1],[-6,4],[-16,-3],[-7,-10],[-25,-9],[-19,-16],[-11,-1],[-35,-14],[-21,-4],[-16,-15],[-10,-5],[6,-21],[-7,-4],[-44,-4],[-13,3],[-12,-11],[-12,1],[-23,22],[-16,-7],[-28,-2],[-18,-12],[-50,-21],[-46,-28],[-46,-7],[-16,8],[17,-42],[-5,-11]],[[69720,38155],[-18,-3],[-5,3],[-27,-5],[0,-18],[-38,-6],[-1,10],[-15,5],[-4,15],[-10,10],[-7,1],[-74,-20],[-23,-12],[-25,12],[-22,16],[-43,42],[-90,65]],[[69720,38155],[10,-42],[14,-25],[-2,-52],[35,-70],[3,-22],[7,1],[10,-6],[20,7],[4,-13],[46,-7],[49,-4],[18,3],[4,13],[7,6],[56,4],[15,-3],[6,-4],[1,-16],[-4,-3],[13,-28],[20,0],[12,10],[25,-13],[12,-44],[-12,-16],[12,-7],[-2,-5],[53,-18],[8,-11],[-20,-19],[-46,-32],[-42,-18],[58,-70],[18,-29],[17,-1],[-2,-16],[-13,-25]],[[70130,37580],[-13,-11],[-8,-15],[-26,-13],[-38,4],[-57,2],[-55,9],[-55,3],[-67,9],[-36,10],[-7,15],[4,16],[-20,2],[-22,-2],[-36,-56],[-18,6],[-23,1],[-24,-4],[-33,-18],[-12,-12],[-39,-17],[-12,-6],[-8,-11],[-13,-4],[-1,-3],[-5,-1],[-3,-19],[9,-4],[7,5],[3,-4],[5,3],[9,-3]],[[69536,37462],[-59,-16],[-38,-1],[-20,-12],[-22,6],[-15,11],[4,8],[-20,14],[1,17],[15,26],[-22,5],[-29,35],[-36,-1]],[[69295,37554],[-13,-3],[-14,2],[-34,32],[-3,8],[3,9],[27,3],[10,5],[2,4],[-11,2],[0,6],[29,2],[10,8],[-1,4],[-17,2],[-7,4],[5,6],[15,7],[-1,4],[-11,0],[-7,7],[11,0],[2,5]],[[69290,37671],[-10,23],[8,2],[-15,13],[13,8],[12,4],[24,-4],[0,2],[49,10],[-9,11],[-19,-4],[-2,18],[10,0],[-1,6],[21,-1],[3,15],[-9,4],[1,7],[8,3],[13,-2],[17,-10],[5,4],[10,1],[0,16],[3,4],[6,0],[5,8],[-32,9],[-16,7],[22,9],[-1,5],[-8,5],[-14,-1],[-19,-5],[-15,2],[4,30],[-33,3],[-23,7],[-5,-9],[-12,-6]],[[69281,37865],[-40,-11],[2,-6],[-42,-10],[-6,12],[13,5],[-4,5],[6,4],[-25,10],[6,3],[-9,7],[12,6],[-2,6],[-5,0],[-38,-4],[-26,-11],[-16,-15],[-40,-9],[2,17],[-13,2],[-25,-6],[3,31],[-7,-4],[-34,-5],[-33,21],[2,2],[-4,4],[-25,-16],[0,-6],[-30,-12],[4,-22],[-13,-17],[-24,-12],[-181,-33]],[[68689,37801],[-48,9],[-29,-33]],[[68612,37777],[-9,5],[10,16],[-7,9],[-12,4],[-30,0],[-42,16],[-15,-2],[-34,-19],[-15,-4]],[[68458,37802],[-26,42],[-10,30],[3,14],[-11,12],[11,25],[30,9],[-3,16],[-16,6],[2,5],[-6,5],[-20,4],[-8,6],[-39,7],[-18,18],[-55,13],[-3,14],[38,2],[-14,34],[17,-34],[46,2],[21,-2],[18,-6],[67,-3],[-19,23],[8,28],[16,6],[6,6],[-2,8],[-13,13],[57,12],[16,-1],[33,14],[49,0],[3,12],[-21,-1],[-19,8],[-34,3],[-8,6],[8,9],[-3,8],[-26,13],[-11,2],[-20,19],[-30,-5],[-13,3],[-15,10],[-8,38],[17,18],[9,20]],[[67821,38997],[8,-6],[3,2],[10,-10],[4,1],[21,-10],[11,-1],[14,-7],[9,-1],[5,4],[13,-1],[28,-11],[28,8],[13,-4],[26,-11],[1,-5],[5,-2],[2,-15],[-11,-8],[1,-3],[17,-5],[21,2],[11,-10],[11,-2],[18,-11],[35,-5],[9,-14],[22,0],[0,-6],[-6,-4],[1,-18],[16,-14],[-1,-4],[-4,-1],[18,-22],[11,-34],[23,-10],[13,-14],[15,-5]],[[68242,38740],[-11,-4],[13,-12],[10,-3],[0,13],[40,-5],[38,-19],[-24,-8],[2,-2],[24,9],[14,-12],[51,5],[24,-1],[15,8],[2,28],[24,-6],[19,5]],[[68483,38736],[22,5],[10,-7],[18,10],[4,-2],[25,12],[9,-10],[4,1],[2,-7],[16,-7],[25,7],[24,14],[10,-3],[3,-15],[10,-6],[17,1],[20,11],[6,0]],[[68708,38740],[18,-5],[5,-9],[-4,-1],[8,-8],[1,-26],[10,0]],[[68458,37802],[-21,-7],[-32,5],[-29,1],[-21,-5],[-22,-11],[-49,3]],[[68284,37788],[-16,-2],[-12,13],[12,46],[-15,2],[-61,21],[-23,20],[-30,14],[-35,3],[-24,-7],[-23,2],[-17,-3],[-14,4],[-14,14],[-9,3],[-29,-2],[-3,-9],[-17,-15],[2,-4],[7,-1],[25,8],[20,-11],[-28,-10],[-14,0],[-15,4],[-30,3],[-39,15],[-42,7],[-15,-5],[-20,-22],[11,-24],[-17,-12],[-42,16],[-86,8],[-28,6],[-17,-1],[-9,-9],[-1,-8]],[[67616,37852],[-34,8],[-102,7],[-26,10],[-3,7],[14,7],[14,16],[30,-2],[15,26],[-3,16],[-44,1],[-19,5],[3,17],[-20,6],[-11,11],[-22,4],[37,18],[18,4],[23,12],[26,30],[34,21],[28,22],[0,14],[21,14],[-21,5],[-20,11],[-10,-1],[-12,4],[-8,1],[-36,0],[-17,3],[-28,-3],[-20,3],[-4,-1],[-11,5],[-15,-4],[-29,-2],[-30,7],[-11,13],[-10,4],[4,16],[-16,14],[-17,4],[-15,10],[-1,6],[10,19],[-12,9],[-13,5],[-17,0],[-15,17],[-27,7],[0,3],[12,6],[-17,5],[-25,2],[-11,-2],[-16,4],[-6,-1],[-5,11],[-7,2],[3,9],[-14,15],[-40,8],[-28,14],[-13,16],[-16,7],[-40,29],[-13,14]],[[66958,38420],[7,3],[-3,2],[9,37],[-5,42],[-55,40],[-72,28],[-59,28],[-36,33],[-11,5]],[[66733,38638],[2,4],[26,11],[71,19],[3,6],[18,-1],[1,3],[-21,32],[-15,2],[-26,7],[-15,13],[6,16],[-30,14],[-6,16],[29,32],[8,-5],[13,1],[38,16],[19,4],[18,0],[20,-4],[27,4],[9,-7],[37,-14],[19,2],[48,-2],[16,6],[40,1],[28,-5],[35,-13],[39,0],[11,2],[10,-2],[32,1],[63,9],[8,-4],[10,1],[2,2],[-18,16],[-3,16],[17,15],[-29,10],[-19,-6],[-57,28],[37,49],[12,1],[21,-5],[19,31],[-5,2],[-1,6],[-11,2],[0,5],[-13,7],[2,14],[4,4],[7,1],[7,-4],[6,0],[10,-6],[10,-2],[7,6],[17,-3],[20,7],[8,18],[13,0],[1,17],[38,2],[-3,10],[3,21],[11,10],[5,0],[9,-8],[6,-1],[12,5],[14,11],[35,-4],[-11,25],[-3,19],[10,13],[4,0],[-3,8],[-5,0],[-10,9],[30,0],[-7,10],[-14,-2],[-8,24],[15,1],[1,4],[5,1],[-5,10],[13,6],[3,8],[-10,5],[-5,8],[-26,13],[-35,0],[-32,-13],[50,48],[-6,7],[-18,7],[-48,6],[-9,6],[-4,8],[11,6],[10,12]],[[67629,39333],[16,-9],[4,-12],[29,-14],[21,-5],[12,2],[13,-1],[-2,-14],[-9,-10],[1,-9],[47,-17],[6,2],[10,-7],[22,-6],[19,-25],[19,-7],[-1,-6],[7,2],[11,-5],[-18,-11],[-11,-11],[6,-3],[-11,-5],[11,-15],[0,-16],[6,-9],[-48,2],[7,-17],[-29,-5],[1,-13],[-10,-31],[15,2],[49,-6],[-4,-25],[-16,-11],[4,-3],[-12,-3],[4,-7],[23,-8]],[[68363,37695],[33,-21],[-78,-17],[-9,-5]],[[68309,37652],[-5,2],[-17,-3],[-22,1],[-18,5],[-15,8],[-15,2]],[[68217,37667],[-10,1],[3,22],[-11,-1],[-1,7],[-8,3],[5,25],[6,2]],[[68201,37726],[28,-13],[39,-9],[3,-7],[38,4],[21,-7],[10,-10],[23,11]],[[68543,37673],[13,-7],[-20,-16]],[[68536,37650],[-21,2]],[[68515,37652],[-50,-1],[-34,-5],[-21,-7],[-59,-30]],[[68351,37609],[-42,43]],[[68363,37695],[43,25],[34,10],[103,-57]],[[68327,37596],[-18,-18],[-9,-20],[22,-2],[42,5],[34,1],[-8,-16],[1,-9],[-13,-14]],[[68378,37523],[-17,-8],[-77,-26]],[[68284,37489],[-26,42],[-49,17]],[[68209,37548],[-2,13],[18,12],[-7,9]],[[68218,37582],[21,4],[14,-4],[16,5],[0,7],[10,10],[24,-10],[24,2]],[[68351,37609],[-24,-13]],[[68218,37582],[-13,31]],[[68205,37613],[-13,28],[20,5],[-2,3],[7,4],[-4,2],[4,12]],[[68085,37613],[19,-8],[14,-10],[30,17],[-1,5],[10,-3],[-2,-2],[9,-11],[41,12]],[[68209,37548],[-10,1],[-24,-10],[-27,-7],[8,-12],[-26,-9],[-5,7],[-19,-1],[-6,-3],[3,-2],[-38,-16]],[[68065,37496],[-14,19],[-54,-24],[-27,23],[-14,8],[-38,-18],[-24,-16],[-11,2],[-8,-3]],[[67875,37487],[15,71],[-55,3],[34,68]],[[67869,37629],[55,-14],[-19,-31],[73,11],[55,18],[3,-7],[12,1],[9,-2],[9,2],[4,-2],[15,8]],[[68707,37573],[-1,-3],[-24,-5],[1,-3],[-7,-2],[-34,-6],[0,-13],[-28,-18],[-11,-22]],[[68603,37501],[-130,40],[5,10],[-2,11]],[[68476,37562],[158,22],[28,8]],[[68662,37592],[21,-13],[24,-6]],[[68065,37496],[34,-25],[17,5],[2,-2],[24,8],[21,-25],[8,2]],[[68171,37459],[-2,-45],[-33,-25],[-6,-9]],[[68130,37380],[-17,-5],[-36,-3]],[[68077,37372],[1,13],[-8,18],[-58,-11],[-81,-8],[-6,21],[-10,-1],[-58,55],[24,12],[-5,4],[-1,12]],[[68515,37652],[-1,-4],[-15,-8],[7,-16],[-34,-26],[-22,-5],[1,-12],[-14,0],[-2,-7],[-6,-2],[26,-4],[16,-6]],[[68471,37562],[-19,-4],[-15,-6],[-59,-29]],[[68867,37546],[-15,-6],[-15,-2],[-57,-2],[-6,-21],[-13,-12],[1,-13],[12,-7],[26,-5],[6,-10],[9,-1],[-3,-11],[9,-7],[-6,-8],[3,-2],[-9,-2],[-35,4],[-23,-5],[-7,2],[-6,-1],[1,-5],[-14,-3],[0,-3],[-26,-15],[-56,-9],[-13,1],[-4,-5],[-14,7],[-1,-7]],[[68611,37398],[-51,-10],[2,5],[-20,11],[7,4],[-32,18],[3,10],[-11,2],[-43,21]],[[68466,37459],[137,42]],[[68707,37573],[23,-2],[24,3],[25,7],[17,10]],[[68796,37591],[4,-6],[38,12],[19,-25],[-5,-5],[15,-21]],[[68536,37650],[43,-9],[25,-9],[58,-40]],[[68476,37562],[-5,0]],[[68170,37741],[31,-15]],[[68085,37613],[-6,2],[14,6],[0,13],[-44,1],[5,4],[-4,20],[9,6],[6,1],[1,3],[31,9],[-2,7]],[[68095,37685],[6,10],[-7,26],[5,9],[22,9],[45,4],[4,-2]],[[68611,37398],[-15,-4],[-51,-52]],[[68545,37342],[-30,13],[-7,-2],[5,-8],[-7,1],[-1,-5],[-11,0],[4,-9],[-2,-8],[-11,-6],[-8,-18],[-16,-8],[-8,-1],[0,3],[-17,2],[-11,5],[-11,-3],[-23,3],[-15,11],[-43,8],[-24,16],[-15,6],[-4,-2],[-31,13]],[[68259,37353],[46,27],[-3,3],[12,8],[-21,21],[19,10],[11,2]],[[68323,37424],[3,-6],[7,4],[-5,6],[19,7],[4,-1],[2,5],[20,-3],[3,2],[20,-11],[28,16],[28,8],[14,8]],[[68612,37777],[38,6],[40,1],[11,-4],[-1,-10],[-23,-7],[-7,-12],[8,-11],[31,-2],[2,-22],[-8,-44]],[[68703,37672],[-160,1]],[[68170,37741],[49,6],[18,-2],[25,7],[-19,15],[30,12],[11,9]],[[68545,37342],[-50,-46],[15,-13],[47,-57],[-9,-1],[-23,-12],[-33,-37],[-45,11],[-33,4],[-5,-14],[-27,-4],[2,-4],[-49,0],[-30,14],[-36,25],[-27,-12]],[[68242,37196],[-49,-20],[-29,35],[-6,-2],[-5,3],[-12,-3],[-5,2],[-3,-4],[-27,-3],[-22,5],[-20,18],[0,6],[-20,10],[-1,4],[13,7],[32,8],[17,2],[-12,16],[5,17],[-28,9],[11,16],[-20,13],[16,37]],[[68130,37380],[6,1],[55,-21],[18,18],[50,-25]],[[68171,37459],[113,30]],[[68284,37489],[39,-65]],[[67869,37629],[42,48],[88,-8],[6,14],[64,-4],[1,5],[25,1]],[[68703,37672],[-1,-9],[64,4],[9,-14],[12,-49],[9,-13]],[[67875,37487],[-10,0],[-30,-20],[-26,-5],[-19,2],[-13,-5],[-14,13],[-8,15],[-18,5],[4,3],[-23,12],[-21,19],[-36,19],[-61,14],[-120,4]],[[67480,37563],[-1,22],[56,73],[18,11],[1,10],[9,12],[12,4],[15,14],[3,5],[-7,9],[19,13],[-13,23],[3,4],[-4,12],[-7,-1],[-15,-16],[-24,6],[8,9],[-7,4],[-9,-4],[1,5],[-10,6],[-5,15],[11,9],[10,4],[-5,20],[13,10],[11,1],[5,5],[10,-2],[9,3],[32,-5],[-3,8]],[[69001,37674],[31,-12],[32,-5],[130,1],[51,16],[17,1],[28,-4]],[[69295,37554],[-11,-6],[-11,-3],[-9,2],[-38,31],[-11,6],[-63,-16],[-80,-42],[1,6],[-51,-11],[-5,11],[-25,-1],[1,-7],[-16,1],[-18,4],[-16,9],[-32,11],[-27,3],[-17,-6]],[[68796,37591],[139,92],[9,-8],[-15,-16],[3,-14],[9,-5],[31,-4],[-2,12],[6,12],[25,14]],[[68689,37801],[80,-18],[89,-30],[26,-3],[22,-17],[17,-4],[6,-6],[16,1],[13,-7],[6,13],[32,-19],[35,8],[43,3]],[[69074,37722],[17,-20],[-27,-7],[-32,-13],[-13,-6],[-9,4],[-9,-6]],[[69074,37722],[37,-2],[30,10],[54,-3],[12,36],[-4,33],[-6,7],[4,7],[16,21],[64,34]],[[70450,36740],[-2,2],[30,9],[45,5],[33,8],[20,1],[-1,10],[-9,1],[2,7],[-6,2],[8,44],[11,24],[0,18],[28,23],[-12,3],[-18,-12],[-11,5],[5,10],[-42,-11],[-20,0],[1,3],[14,16],[0,4],[15,12],[69,13],[27,2],[1,4],[-25,15],[-35,7],[-18,-19],[-15,-3],[-14,1],[-13,-26],[-23,-2],[20,94],[-16,-1],[-36,9],[-29,-2],[-10,4],[-40,5],[-5,9],[-16,-4],[-27,12],[-35,0],[-18,5],[-9,5],[-4,7],[-25,-3],[-12,-9],[-12,15],[-19,6],[-24,-2],[-26,-10],[8,4],[10,31],[13,6],[16,14],[-5,3]],[[70194,37114],[1,30],[-10,25],[-25,13],[-16,13],[-18,2],[-29,-2],[-30,1],[-1,11],[-32,12],[-16,12],[9,4],[-19,9],[-15,22],[-10,19],[2,8],[-9,9],[22,-1],[-1,5],[-13,5],[-46,4],[-3,3],[5,10],[-2,4],[-25,-1],[-36,17],[-4,7],[2,15],[-5,6],[-9,4],[-6,-1],[-35,-28],[-23,-2],[-15,-4],[-5,3],[14,31],[-23,10],[-10,-1],[-19,-12],[-23,-2],[-23,2],[-27,-6],[-7,3],[2,11],[-30,6],[-7,14],[-7,2],[-24,-6],[-9,-8],[0,-7],[-15,-3],[-17,10],[-6,12],[-36,7],[-17,8],[12,9],[-1,11],[5,6],[12,1],[12,-6],[10,5],[8,16],[-7,3],[-8,-2]],[[70130,37580],[43,4],[20,-4],[17,12],[19,0],[25,6],[47,13],[22,11],[11,-1],[22,-11],[21,-4],[-4,17],[37,-4],[28,-10],[94,-19],[17,0],[59,12],[114,3],[169,-12],[27,-9],[45,3],[19,-2],[114,-33],[46,-10],[3,-5],[-10,-14],[-1,-20],[-13,-4],[-11,-17],[-20,-14],[-14,-24],[12,-13],[6,-15],[14,-12],[12,-3],[16,3],[56,-10],[16,3],[9,-5],[27,6],[5,18],[13,5],[26,1],[30,-5],[12,2]],[[66733,38638],[-29,-21],[-8,-3],[-14,1],[-16,5],[-9,6],[-16,3],[-46,22],[-46,17],[-23,5],[-28,1],[-43,10],[-39,-8],[-26,2],[-48,-4],[-25,2],[-11,-4],[-18,-2],[-13,-5],[-33,1],[-23,4],[-31,44],[-7,60],[-57,115],[-3,28],[-15,24],[-40,13],[-16,13],[-25,5],[-1,40],[-44,37],[-7,22],[1,24],[-27,17],[-219,19],[-97,27],[-34,39],[-122,171],[-119,17],[-104,40],[-85,52],[-40,-3],[-177,42]],[[64950,39516],[46,79],[21,15],[166,23],[149,41],[53,19],[36,18],[90,2],[52,35],[40,34],[21,13],[-68,62],[226,-21],[421,-53],[141,69],[24,15],[16,17],[-23,13],[23,21],[63,6],[42,9],[0,2],[18,1],[1,-7],[12,-5],[31,3],[7,9],[8,1],[-1,5],[9,4],[18,-7],[27,-1],[32,-7],[12,8],[5,13],[7,1],[-2,10],[24,15],[18,-21],[4,-12],[11,-6],[22,-1],[16,8],[18,2],[30,11],[10,-1],[15,6],[21,0],[18,9],[3,12],[7,0]],[[67480,37563],[-70,1],[-152,-38],[-84,-3],[-14,29],[-121,9],[-142,50],[-9,22],[-90,25],[-26,-25],[-22,-1],[-111,28],[-124,0],[-92,13],[-125,46]],[[66298,37719],[18,19],[60,17],[43,15],[16,12],[6,1],[25,21],[17,9],[6,6],[50,13],[10,19],[-43,-4],[-27,4],[-39,14],[-17,1],[-9,5],[-16,0],[-7,7],[-24,2],[-4,3],[-12,1],[-18,8],[-4,8],[-11,6],[-10,0],[-11,7],[-8,-1],[-10,8],[-15,3],[-9,0],[-25,-9],[-13,2],[-28,-3],[-18,4],[-2,2],[-17,3],[-52,-1],[-95,39],[-4,5],[-11,1],[-31,13],[-8,8],[-32,15],[-5,0],[-42,26],[-12,41],[21,31],[29,-5],[15,5],[7,-2],[3,3],[32,1],[17,5],[3,-3],[21,0],[5,-3],[15,6],[6,-2],[16,2],[5,5],[0,8],[5,1],[-6,6],[-2,12],[-19,15],[8,25],[-2,6],[13,14],[2,11],[23,8],[104,2],[36,-17],[10,-2],[56,8],[33,-4],[18,13],[19,32],[67,21],[30,-8],[15,-9],[51,16],[19,2],[38,-8],[35,-17],[17,2],[14,10],[18,5],[-1,12],[18,12],[18,6],[13,1],[13,10],[11,3],[6,-8],[13,-7],[57,4],[49,-1],[25,8],[11,-1],[4,4],[-17,12],[1,12],[-13,2],[-8,16],[5,6],[31,9],[-3,9],[13,5],[6,7],[-6,7],[0,21],[22,3],[16,-1],[17,5]],[[66298,37719],[-150,-39],[-2,-7],[16,-8],[5,-15],[-19,-1],[-7,3],[-33,-3],[-27,1],[-5,3],[-22,-4],[-18,3],[-12,-3],[-33,3],[-17,-6],[-7,2],[-7,-5],[-12,-1],[-16,1],[-19,6],[-15,-2],[-28,4],[-34,-7],[-33,-15],[-16,-2],[-12,-6],[-17,-1],[-71,-19],[-22,1],[-51,-10],[-20,-13],[-1,-5]],[[63816,39179],[7,14],[18,17],[164,83],[59,26],[105,34],[250,65],[35,5],[97,5],[34,-1],[116,40],[161,52],[88,-3]],[[68631,38819],[12,-9],[13,-18],[45,-18],[-10,-14],[-12,4],[6,-6],[15,-3],[8,-8],[0,-7]],[[68483,38736],[-6,13],[1,13],[-16,18],[-16,-18],[-16,-7],[-24,-2],[-7,7],[-9,22],[7,26],[9,15]],[[68406,38823],[0,4],[22,17],[7,13]],[[68435,38857],[3,-5],[18,-1],[7,2],[19,-3],[-1,-12],[9,-3],[4,-13],[-2,-4],[13,-5],[14,0],[27,6],[48,-8],[37,8]],[[68242,38740],[9,2],[-5,4],[8,3],[-8,4],[-2,8],[4,6],[22,16],[14,15],[11,4],[11,-3],[27,2],[32,11],[26,1],[15,10]],[[68303,38961],[17,-15],[5,-18],[-27,-25],[0,-5],[38,-9],[33,-3],[35,-14],[16,-4],[9,1],[6,-12]],[[67821,38997],[2,10],[54,-15],[38,-1],[20,5],[9,-2],[10,7],[14,-1],[24,3],[50,13],[14,-11],[-16,-8],[-4,-5],[-7,-1],[-16,3],[-15,-20],[8,-10],[16,5],[39,-18],[29,-2],[73,6],[3,-1],[-4,-9],[24,-3],[14,2],[2,-9],[7,6],[-9,12],[30,10],[45,5],[7,-11],[21,4]],[[68303,38961],[12,11],[16,6],[65,0],[38,9],[4,3],[-5,16],[11,7],[4,0],[14,-45],[-6,-19],[50,3],[1,4],[13,2],[5,-19],[18,5],[13,-15],[1,-14],[-8,0],[-3,-9],[16,-3],[-1,-5],[33,-10],[-2,-9],[-10,-11],[0,-8],[18,-21],[31,-20]],[[70194,37114],[-23,-8],[-52,0],[-40,-7],[-24,-5],[-36,-18],[-32,-2],[-42,4],[-39,10],[-14,-2],[-16,-9],[-1,-4],[-6,2],[-7,-5],[-65,-5],[-46,25],[-30,-4],[-5,2],[-12,-1],[0,-3],[-50,-6],[-6,6],[-26,-10],[2,-12],[-7,0],[-2,-24],[-21,-9],[-46,-3],[-2,-5],[-13,-1],[7,-5],[-20,-33],[-1,-11],[18,-5],[20,-16]],[[69557,36950],[-66,5],[-50,-2],[-90,12],[-16,-5],[-24,-13],[-12,-10],[4,-13],[16,-16],[-6,-22],[6,-33],[6,-8],[-4,-2],[11,-20],[-12,-5],[-11,-20],[-18,-8],[-19,28],[-16,7],[-23,-2],[-23,-9],[-26,-29],[-21,-8],[-23,-13],[-14,-3],[-32,4],[-21,-1],[-33,-5],[-25,-7],[-19,8],[-3,4],[5,15],[-24,16],[-34,5],[-24,-1],[-19,3],[-59,-7],[-43,1],[-28,8],[-28,24],[-27,8],[-55,-2],[-38,-14],[-19,-12],[-34,-7],[-62,3],[-59,-6],[-38,-12],[-21,-10],[-38,3],[-24,9],[-20,3],[-61,-3],[-15,1],[-30,8],[-11,-3]],[[68187,36794],[-22,6],[-25,-7],[-14,2],[5,11],[7,3],[-9,2],[2,8],[-5,0],[-10,8],[2,15],[-37,19],[6,7],[-6,5],[4,4],[61,10],[-3,9],[-66,-11],[1,11],[-9,6],[-4,13],[19,7],[-16,13],[-21,-13],[-20,4],[-1,6],[7,10],[33,9],[22,0],[14,4],[8,4],[3,5],[18,8],[-3,5],[-13,5],[7,9],[38,25],[24,5],[11,10],[-2,4],[9,4],[-3,6],[5,7],[13,4],[13,11],[28,9],[24,21],[-26,16],[-27,9],[17,7],[-10,2],[-4,10],[10,55]],[[68187,36794],[2,-18],[-13,-16],[4,-23],[-11,-12],[-13,-1]],[[68156,36724],[-25,14],[-18,3],[-22,1],[-21,-9],[-13,0],[-32,55],[-8,6],[-16,2],[-147,-16],[-14,-18],[-7,-22],[9,-16],[-1,-10],[-4,-4],[-10,-2],[-58,7],[-15,7],[-37,6],[-9,5],[-18,13],[-6,13],[4,10],[23,9],[-1,5],[-9,3],[-69,-7],[-14,-5],[-33,-21],[-81,-25],[-25,1],[-29,12],[-17,4],[-32,-1],[-64,3],[-31,15],[-11,2],[-34,-2],[-27,-11],[-33,-2]],[[67201,36749],[-15,11],[-8,13],[5,9],[14,9],[2,6],[-9,7],[-18,7],[-73,6],[-24,-1],[-14,-2],[-27,-12],[-10,-3],[-92,-8],[-44,2],[1,13],[-35,-2],[-10,8],[15,16],[6,18],[-30,3],[-2,6],[-58,-2],[0,4],[-5,1],[-7,-8],[-9,0],[-21,5],[-14,10],[-14,2],[-10,-5],[-23,9],[10,-19],[-19,0],[-9,9],[-34,-4],[-6,3],[-31,-3],[3,-4],[-14,-34],[0,-15],[-6,-10],[-5,-2],[7,-17],[-25,13],[-10,15],[-7,3],[-12,-2],[-20,-11],[-15,-3]],[[67873,35004],[5,15],[-5,7],[7,13],[-3,22],[6,10],[4,1],[7,-4],[31,15],[6,1],[4,-4],[4,3],[25,5],[-3,16],[6,0],[0,10],[-37,-6],[-11,8],[-9,-3],[-8,7],[4,3],[-7,1],[-9,12],[18,7],[10,8],[13,41],[12,16],[32,25],[34,66]],[[68009,35299],[6,1],[9,6],[14,-1],[12,3],[20,-47],[25,-25],[2,4],[44,3],[12,-7],[2,2],[43,-1],[0,-4],[11,-2],[9,4],[8,-1],[10,3],[10,-3],[98,31],[44,5],[18,-1],[46,4],[27,0],[14,-4],[4,4],[19,-3],[-19,36],[-1,17],[5,17]],[[68501,35340],[90,-13],[5,16],[26,-2],[4,-1],[0,-16],[15,-9],[92,-4],[10,-31],[-43,-1],[7,-22],[-23,-7],[-39,-4],[-1,-14],[9,-8],[-6,-16],[50,-10],[17,-7],[29,13],[9,10],[13,-24],[9,0],[1,-4],[9,3],[6,-10],[-7,0],[4,-9],[10,1],[-5,-6],[1,-5],[5,-4],[10,2],[-4,-4],[2,-7],[12,3],[8,-10],[9,-2],[9,-7]],[[67913,35810],[7,-21],[19,-18],[93,-37]],[[68032,35734],[-12,-18]],[[68020,35716],[-31,-10],[-35,-8],[10,-3],[-22,-9],[-12,-9]],[[67930,35677],[-8,0],[-7,10],[-14,9],[-111,33],[-60,-1],[-31,17],[-53,-15],[-9,2],[-25,10],[-4,5],[9,4],[-23,3],[-29,8],[-73,36],[-37,12],[-48,-9]],[[67407,35801],[-30,-1],[-25,9],[-27,17],[20,10]],[[67345,35836],[11,9],[60,-6],[54,0],[9,4],[2,-2],[15,9],[19,-10],[15,7],[-6,3],[12,10],[6,-2],[2,5],[-21,5],[3,1],[-12,3],[-15,9],[3,4],[-14,2],[6,8],[-5,2],[70,19],[46,3]],[[67605,35919],[27,12],[22,-26],[24,-11],[22,4],[15,-10],[13,-20],[16,-8],[37,-6],[7,0],[9,7],[9,0],[10,-8],[15,-24],[-2,-12],[18,2],[25,-1],[24,-8],[17,0]],[[67388,36042],[-4,-8],[35,-8],[56,-21],[2,-8],[37,-1],[40,-15],[47,-39],[-1,-4],[-15,6],[-5,-3],[9,-6],[9,-14],[7,-2]],[[67345,35836],[-50,10],[-62,4],[-175,-17]],[[67058,35833],[1,4],[24,7],[-10,4],[15,12],[-6,3],[11,0],[8,10],[14,32],[-4,1],[-3,13],[2,5],[8,1],[-14,7],[16,4],[-2,5],[11,1],[-6,9],[10,2],[21,14],[10,-6],[16,10],[-12,7],[5,4],[24,5],[10,29],[-3,18],[-16,8],[-26,3],[-55,-4]],[[67107,36041],[19,13],[25,-2],[27,-5],[63,-16],[38,-4],[44,5],[3,10],[6,3],[37,1],[19,-4]],[[68779,35803],[19,-4]],[[68798,35799],[-30,-11],[-22,-12],[-37,-38],[-23,-14],[4,-5],[-17,-7],[4,-12],[-3,-3],[2,-9],[29,-32],[-3,-3],[62,-17],[186,-64]],[[68950,35572],[-34,-11],[-29,-17],[-16,-16],[-21,-33],[-16,-14]],[[68834,35481],[-52,-5],[-29,6],[-11,6],[-2,4],[10,21],[-29,29],[-13,8],[-27,10],[-40,23],[-9,-1],[-17,-12],[-20,7],[-27,-3],[-12,1],[-36,25],[-72,36],[-39,49],[-34,28],[6,4],[-19,13],[-7,16],[10,12]],[[68365,35758],[11,9],[0,10],[-2,2],[-35,7],[18,12],[12,-2],[16,19],[-7,2],[8,12]],[[68386,35829],[14,3],[3,-4],[27,4],[15,-5],[54,38],[38,-14],[40,18],[30,7],[21,-22],[4,-3],[11,1],[-1,-2],[38,-25],[27,-23],[39,-1],[33,2]],[[67058,35833],[-49,-4],[-66,2],[-31,-3],[22,-13],[31,-8],[41,-6],[44,-1],[-12,-10],[9,-4],[5,-17],[-46,-3],[-28,6],[-48,-1],[-80,16],[2,-7],[-32,-4],[-18,-12],[-27,-10],[-81,-16],[-49,-15]],[[66710,36118],[9,-1],[33,8],[31,17],[21,6],[37,21],[10,3],[7,-1],[52,-14],[11,-8],[20,-28],[28,-6],[22,-1],[19,-22],[10,-5],[24,-23],[38,-18],[25,-5]],[[68339,36096],[57,-25],[33,-40],[31,-10],[45,-34],[17,-17]],[[68522,35970],[-42,-15],[-47,-6],[-2,-6],[6,1],[-7,-23],[4,-1],[-9,-31],[-33,-9]],[[68392,35880],[-20,7],[-42,-1],[-16,-29],[-59,35],[-28,32],[-15,3],[-12,7]],[[68200,35934],[-27,8],[-19,11],[-46,15],[-10,1],[3,5],[-18,2],[-10,5],[-23,-1],[-20,6],[6,4],[0,5],[-25,3],[-12,6]],[[67999,36004],[31,1],[15,4],[18,7],[13,18]],[[68076,36034],[5,-2],[28,25],[20,8],[2,-2],[14,4],[10,-12],[55,-8],[35,44],[22,10],[12,16],[7,-10],[53,-11]],[[69594,35801],[-42,-5],[-90,22],[-99,9],[1,-17],[-11,-1],[-4,3],[-14,-8],[-45,-7],[-2,-3],[-38,-8],[-5,-4],[-29,-8],[-86,46],[-9,11]],[[69121,35831],[-2,24],[-5,8],[4,12],[-7,48],[-50,109],[-57,46],[-79,46]],[[68925,36124],[-50,24],[-25,26]],[[68850,36174],[15,11],[48,1],[2,6],[117,-7],[1,-30],[109,-4],[-20,-24],[15,0],[25,-6],[-25,-24],[24,-14],[0,-6],[7,-3],[9,-16],[28,12],[5,-12],[7,1],[1,-14],[42,-21],[14,-12],[14,3],[9,14],[5,-5],[8,1],[6,-11],[5,-1],[0,-10],[20,-3],[71,-54],[5,7],[22,-2],[0,-7],[49,-3],[43,21],[15,-11],[13,11],[16,-9],[44,13],[27,-53],[-23,1],[-29,-5],[2,-25],[-42,-6],[3,-12],[37,-1],[4,-10],[-6,-2],[5,-36],[-3,-16]],[[70151,35865],[-42,-266],[-67,9],[-56,1],[-29,4],[-29,1],[-59,12],[3,-21],[-65,-2],[-34,3],[-9,3],[0,12],[-10,1],[-1,-7],[-42,3],[-17,-6],[-6,-6],[6,-9],[5,0],[-1,-4],[5,-1],[0,-11],[5,0],[5,-6],[0,-9],[6,-6],[-7,-6],[5,-7],[-3,-10],[13,-4],[-3,-2],[4,-9],[7,-5],[-1,-7],[-8,-4],[-1,-18],[10,-2],[14,-13],[6,-1],[33,-36],[-24,-11],[-30,-4],[12,-8],[-8,-21],[5,-3],[-6,-3],[7,-5],[-9,-19],[10,-1],[-4,-14],[10,0],[13,-40],[-12,-6],[-11,-11],[-11,-2],[-22,7],[-10,13],[-16,2],[-14,-16],[-13,-1],[-15,-6],[-55,-29],[-32,-6],[-27,1],[-54,10],[-41,21]],[[69431,35284],[-29,40],[-2,19],[-27,11],[-11,15],[-16,11],[-61,20],[-5,17],[-19,16],[-28,-6],[-27,3],[-15,-7],[-36,8],[0,4],[9,4],[1,10],[-17,8],[-17,0],[-39,-5],[-29,16],[-56,10],[-50,4],[-27,-2],[-55,2],[-17,3],[-24,-4]],[[68950,35572],[42,6],[53,-2],[54,-7],[61,-14],[45,-3],[39,3],[8,12],[22,2],[3,4],[9,2],[28,2],[5,50],[9,9],[4,15],[0,37],[4,14],[18,22],[-27,10],[2,33],[105,14],[127,-4],[40,3],[8,6]],[[69609,35786],[67,-9],[31,6],[19,20],[1,8],[4,-2],[24,6],[6,-2],[22,18],[11,-1],[3,-5],[13,-2],[33,6],[23,9],[33,3],[81,-9],[54,37],[117,-4]],[[68386,35829],[2,8],[27,19],[-19,12],[-10,10],[6,2]],[[68522,35970],[6,-3],[-15,-14],[35,-7],[15,-1],[49,8],[94,28]],[[68706,35981],[26,-14],[12,-18],[7,-2],[84,-2],[0,2],[15,0],[-8,-20],[4,-11],[-3,-15],[-22,-12],[-7,0],[-12,-6],[-12,-1],[-13,-13],[10,-14],[-1,-12],[11,-20],[17,-9],[-35,-11]],[[66575,36627],[6,12],[31,-5],[47,-2],[59,4],[74,0],[21,3],[61,-3],[-16,-60],[-20,-12],[-7,-8],[5,-16],[11,-6],[-1,-16],[-17,-17],[1,-7],[12,-9],[-4,-5],[4,-5],[-30,-11],[-21,-19],[14,-17],[28,-3],[15,-5],[-11,-18],[-5,-33],[8,-12],[6,-3],[-1,-5],[4,-3],[9,6],[6,-5],[-1,-7],[6,-1],[36,3],[8,-14],[51,6],[6,-3],[-2,-3],[23,-9],[-2,-3],[13,-2],[17,3],[3,-6],[39,3],[42,-15],[34,-8],[10,13],[13,-18]],[[67160,36286],[-6,-24],[-30,-13],[-5,-4],[2,-8],[-10,0],[-1,8],[-16,1],[-1,-4],[-17,4],[-25,-2],[-2,7],[-11,0],[-26,6],[-5,-4],[-12,2],[-5,-6],[-9,0],[3,-3],[-65,-1],[-39,16],[-26,-3],[-35,2],[-21,-6]],[[69557,36950],[19,0],[21,4],[-4,-11],[25,-3],[11,8],[37,-13],[-9,-15],[-4,-20],[-25,-29],[1,-39],[92,-5],[-3,-12],[33,-4],[-6,-16],[-25,-15],[-6,-9],[73,-15],[49,-3],[-1,-9],[20,-14],[-17,-27],[-35,-23],[-20,6],[-53,-52],[-8,-15],[-6,-64],[40,-24],[56,-2],[1,-18],[30,0],[-5,-17],[77,-7],[-9,-17],[-13,6],[-5,-2],[-3,5],[-23,4],[-55,-3],[-41,2],[-9,-17],[-3,-40],[-8,-13],[0,-14],[50,-16],[20,-4],[30,-15],[21,-2],[20,-8],[40,5],[50,-25],[-9,-9],[-33,-7],[-4,-5],[29,3],[18,6],[25,22],[15,-6],[10,-18],[5,-2],[7,1],[14,-6],[10,-1],[9,-7]],[[70439,35875],[-3,4],[-58,-4],[-62,24],[-34,3],[-37,-4],[-6,2],[1,-9],[-67,-3],[-20,-10],[-2,-13]],[[69609,35786],[0,2],[-16,2],[1,11]],[[68850,36174],[-81,31],[-50,5],[-30,14],[-32,3]],[[68657,36227],[2,52],[-5,22],[28,-1],[5,18],[-17,4],[1,5],[-9,1],[24,46],[1,17],[-21,4],[-4,9],[-16,-8],[-7,0],[-8,8],[-18,3],[-11,14],[-8,1],[-31,-5],[-89,39],[-64,10],[-7,10],[-27,19],[-17,18],[-78,17],[-84,30],[-35,6],[-12,0],[-3,6],[-15,5],[-11,13],[-13,3],[-29,-2],[0,6]],[[68079,36597],[10,68],[13,17],[7,26],[-4,18],[51,-2]],[[68200,35934],[-8,-6],[-25,-4],[-12,-7],[7,-2],[12,-11],[12,-3],[-10,-13],[-22,3],[-28,9],[-2,-5],[-5,0],[3,-11],[-48,34],[-5,-2],[-6,2],[-61,-72],[-20,10],[-31,5],[-9,5],[-10,1]],[[67932,35867],[-9,21],[-20,17],[-18,8],[-83,28],[-10,31],[3,7],[16,11]],[[67811,35990],[51,1],[42,16],[61,1],[34,-4]],[[68834,35481],[-24,-15],[-42,-14],[-53,-9],[-73,-5],[-48,-11],[-35,-15],[-21,-15],[-13,-14]],[[68525,35383],[4,65],[-3,34],[-11,16],[-27,13],[-39,6],[-132,2],[-18,4],[-17,10],[-6,-31],[8,-25],[-13,0],[-37,-8]],[[68234,35469],[-22,34],[-64,29],[-12,23],[-27,27],[32,4],[10,6],[13,44],[-17,5],[32,10],[13,7],[17,20],[11,5],[-2,8],[10,3],[13,13],[-31,6],[3,23],[-67,-9],[-40,-13],[-18,1],[-35,7],[-16,-1],[-17,-5]],[[68032,35734],[17,12],[36,-12],[9,3],[-7,6],[11,18],[109,-8],[19,-4],[42,2],[10,-3],[-2,-3],[89,13]],[[69121,35831],[-114,-15],[-126,-5],[-57,-7],[-26,-5]],[[68706,35981],[97,29],[23,27],[57,23],[42,64]],[[69289,35112],[20,3],[52,4],[79,62],[29,12],[-10,17],[-14,10],[14,7],[-16,14],[15,1],[-18,4],[-30,37],[-2,10],[23,-9]],[[67932,35867],[-2,-16],[-17,-41]],[[67388,36042],[24,-7],[16,13],[0,4],[10,1],[15,13],[21,5],[22,13],[42,17],[8,9],[-10,11],[28,5]],[[67564,36126],[40,10],[45,4],[44,-5],[2,-16],[-9,-13],[-16,-12],[-10,-23],[22,-11],[-6,-4],[11,-10],[15,-5],[-10,-9],[-1,-12],[4,-10],[16,-12],[16,8],[22,-15],[19,9],[31,4],[3,-7],[-13,-3],[5,-4],[17,0]],[[68525,35383],[-24,-43]],[[68009,35299],[-22,66]],[[67987,35365],[-5,6],[8,28]],[[67990,35399],[40,2],[28,8],[35,2],[-2,10],[52,5],[16,12],[16,6],[11,8],[38,9],[1,2],[11,3],[-2,3]],[[68510,36239],[-1,-20],[-12,-1],[-35,-10],[5,-36],[-50,-3],[-28,-46],[-50,-23],[0,-4]],[[68076,36034],[-48,14],[-6,-5],[-27,-9],[-14,12],[-16,8],[5,3],[-8,8],[-10,-1],[-8,5],[-5,-1],[-8,5],[-6,0],[-1,22],[-14,19],[12,30],[10,12],[-8,15]],[[67924,36171],[58,7]],[[67982,36178],[35,0],[47,-6],[26,1],[60,12],[98,36],[22,6],[32,1],[57,-3],[37,9],[41,2],[26,4],[47,-1]],[[67987,35365],[-35,-1],[2,-10],[-53,-6],[-33,3],[-71,-15],[-17,-7],[3,-2],[-11,-7],[-3,4],[3,4],[-82,-4],[-35,6],[-9,4],[-14,-3],[-5,-5],[-32,-5],[-31,-16],[-12,5],[3,2],[-12,6],[-12,-1],[-16,8],[-25,-11],[-40,-9],[12,-8],[-30,-6],[-32,-2],[-50,9],[-20,0]],[[67205,35491],[16,-13],[15,4],[26,-3],[13,-5],[29,2],[51,-7],[58,9],[9,4],[22,-2],[13,3],[30,1],[55,-3],[12,-6],[7,2],[7,-1],[6,4],[7,-3],[12,0],[3,3],[13,-3],[22,3],[5,-3],[11,5],[9,-1],[10,4],[18,0],[7,4],[5,-4],[9,-2],[43,12],[18,-6],[36,33]],[[67802,35522],[22,-32],[38,-28],[38,17],[8,-3],[29,1],[9,-19],[30,-24],[7,-19],[13,-1],[-6,-15]],[[67407,35801],[8,-6],[-5,-4],[31,-25],[-7,0],[-15,6],[-19,-2],[-25,-9],[-3,-5],[-4,1],[-7,-4],[-12,-1],[-21,-8],[-6,-9],[-10,-3],[-1,-12],[-13,0],[8,-7],[24,-4],[-2,-7],[9,-4],[0,-7],[-5,-1],[5,-17],[-8,0],[4,-4],[-9,-1],[5,-9],[-4,-6],[5,1],[2,-7],[-8,-4],[-1,-10],[7,-8],[-19,-20]],[[68510,36239],[102,-1],[45,-11]],[[67564,36126],[-27,23],[-100,46],[-24,22]],[[67413,36217],[7,4],[1,7],[10,9],[78,50],[38,36],[6,2],[21,-32],[6,-20],[94,10],[10,-14],[-5,-12],[1,-20],[10,-9],[-1,-15],[17,2],[36,-21],[20,-7],[-9,-25],[1,-16],[6,-14],[37,16],[47,28],[24,1],[56,-6]],[[79601,35296],[-42,8],[-85,32],[-74,15]],[[79400,35351],[51,53],[18,13],[42,15],[41,4]],[[79552,35436],[79,2],[64,12]],[[79695,35450],[17,-29],[10,-56],[-79,2],[-3,10],[-20,-7],[2,-2],[-9,-5],[3,-1],[-12,-12],[-10,-2],[0,-8],[-8,-9],[4,-3],[3,-20],[8,-12]],[[79858,35453],[-34,8],[-34,2],[-51,-4],[-44,-9]],[[79552,35436],[-13,53],[55,-3],[-8,12],[-14,1],[0,6]],[[79572,35505],[97,-5],[-30,73],[-3,21]],[[79636,35594],[-5,16],[-42,58],[-28,49]],[[79613,35727],[-4,-5],[3,-7],[31,-19],[25,-9],[30,-4],[25,-14],[2,-6],[-5,-7],[-27,-8],[-7,-10],[2,-4],[31,-12],[9,-7],[-2,-7],[-18,-16],[12,-28],[14,-4],[28,4],[16,-1],[8,-6],[-6,-18],[19,-15],[28,-6],[39,4],[21,-11],[5,-15],[21,-18],[2,-8],[-14,-6],[-28,1],[-15,-12]],[[79400,35351],[-21,-13],[-41,-11],[10,-23],[32,4],[5,-3],[10,-29],[-49,-4],[-22,-8],[-97,-48]],[[79227,35216],[-106,-14],[6,40],[-33,4]],[[79190,35333],[1,22],[34,-4],[46,-17],[-25,51],[6,3],[3,-7],[10,2],[2,-5],[8,1],[0,5],[10,2],[0,14],[9,4]],[[79294,35404],[14,-20],[26,-16],[22,-8],[44,-9]],[[79346,35522],[24,-6],[202,-11]],[[79294,35404],[-55,85]],[[79858,35453],[-22,-27],[-3,-8],[21,-20],[14,-3],[19,-1],[14,-8],[5,-23],[-32,-8],[-8,-6],[7,-16],[22,-20]],[[79895,35313],[-25,-5],[-38,11],[-42,-1],[-37,3],[-18,-1],[3,-12],[16,-24],[3,-12],[-69,-4],[-123,5],[-29,3]],[[79536,35276],[41,11],[39,6],[-15,3]],[[80133,35415],[-15,-9],[12,-5],[-8,-6],[-11,-34],[-16,-30],[-4,-24]],[[80091,35307],[6,-24],[16,-20]],[[80113,35263],[-6,-1],[1,-3],[-12,-1],[-5,2],[-6,-4],[-69,-9],[-4,7],[-18,-4],[3,-8],[-112,-15],[8,16],[6,2],[3,16],[13,20],[11,3],[-9,2],[-5,16],[-36,32],[-5,12],[4,6],[30,7],[6,8],[-4,16],[-6,8],[-12,4],[-32,5],[-18,14],[-1,9],[32,38],[10,3],[28,-1],[10,6]],[[79918,35469],[9,-1],[-9,-6],[-3,-12],[29,0],[2,-2],[10,0],[2,3],[14,0],[-3,-19],[30,0],[20,30],[8,2],[14,-1],[92,-48]],[[79910,35588],[270,-47]],[[80180,35541],[40,-17],[31,-19],[47,-23]],[[80298,35482],[-146,-55],[-19,-12]],[[79918,35469],[-2,10],[-19,15],[-4,16],[-17,12],[-11,1],[-30,-4],[-25,3],[-18,9],[-8,7],[-1,7],[6,11],[-5,7],[-18,3],[-33,-4],[-10,4],[-11,27],[19,18]],[[79731,35611],[119,-13],[60,-10]],[[80471,35490],[-12,-26],[-48,-4],[-6,-2],[-12,2]],[[80393,35460],[-35,9],[-44,4],[-16,9]],[[80180,35541],[19,11],[3,9],[7,1],[-4,3],[-25,6],[8,13],[-14,3],[-3,4],[7,10],[1,-4],[23,-1],[-1,-2],[14,-2],[3,8],[83,-21],[60,-4],[5,20],[33,4],[2,-2],[25,4]],[[80426,35601],[10,-16],[-12,-32],[-3,-43],[-6,-15],[56,-5]],[[79910,35761],[-7,-4],[-20,9],[-15,0],[-63,-19],[-89,-22],[-2,-4],[28,-35],[-4,-17],[-12,0]],[[79726,35669],[-9,8],[-17,7],[-40,7],[-45,25],[-2,6],[7,9],[-2,7],[-14,7],[-27,4],[-16,25],[-5,34],[3,10],[32,15],[33,1],[16,5],[18,10],[12,16]],[[79718,35869],[16,-48],[37,7],[-1,-33],[9,-12],[14,-5],[21,-3],[85,12],[13,-14],[-2,-12]],[[80633,35465],[-98,0],[11,5],[-2,26],[-17,12],[-26,-17],[-30,-1]],[[80426,35601],[-32,23]],[[80691,35253],[6,-10],[24,-5],[11,-7],[-20,-20]],[[80664,35181],[-18,-5],[-75,31],[-57,17],[-72,18],[-3,4],[4,4],[-51,1],[-74,10],[-5,4],[-5,-3],[-76,2],[-16,1],[-4,3],[-22,-17],[-61,-1],[-1,11],[-12,-1],[-3,3]],[[80091,35307],[72,3],[31,-3],[49,5],[73,3],[4,37],[9,24],[64,84]],[[79536,35276],[-38,-16],[-83,-42],[20,-35],[18,-3],[0,-20],[19,-22],[-55,-15],[-52,-8],[7,-15]],[[79372,35100],[-111,-20],[-4,7]],[[79257,35087],[-9,12],[53,11],[37,13],[-51,-5],[-1,2],[-9,-1],[-12,17],[-6,2],[-7,15],[-47,-9],[-4,5],[-17,-5],[-8,2],[51,70]],[[80239,35724],[-136,-33],[12,-25],[-10,-9],[-33,-11],[16,-9],[-9,-11],[-14,5],[-9,-11],[-24,10],[-39,23]],[[79993,35653],[34,21],[-86,76],[-31,11]],[[79636,35594],[-18,0],[-5,-3],[0,-8],[-10,0],[-10,11],[-36,-1],[1,-3],[-47,-4],[-28,0],[-2,2],[-21,0],[-6,3],[-4,35],[-33,1],[-22,-4],[-14,-7],[-27,-20],[-33,6]],[[79257,35087],[-6,2],[-53,-7],[-12,3],[-2,-6],[-98,-13],[-15,-7],[-31,-3]],[[79895,35313],[12,-15],[3,-13],[-21,-29],[-2,-15],[-7,-1],[-3,-8],[-6,0],[1,-6],[-22,-4],[0,-3],[-7,7],[-13,-3],[7,-6],[-5,-2],[-16,1],[-4,2],[-19,-6],[1,-2],[14,1],[2,-4],[-6,-3],[-228,-59],[-19,-2],[3,-2],[-9,-2],[-179,-39]],[[79910,35588],[-2,7],[39,34],[5,13],[23,1],[18,10]],[[79731,35611],[-1,7],[-6,5],[-29,9],[-6,7],[7,8],[27,9],[5,7],[-2,6]],[[67405,36305],[8,-15],[2,-18],[8,-5],[-6,-11],[4,-3],[-14,-14],[6,-22]],[[67160,36286],[79,8],[12,6],[2,4],[24,4],[11,5],[9,0],[5,-12],[57,4],[0,8],[32,3],[7,-11],[7,0]],[[67201,36749],[-3,-3],[-23,2],[-3,-2],[11,-40],[-8,-50],[-8,-10],[-38,-33],[-13,-16],[-49,12],[146,-70],[54,-55],[65,-22],[37,-5],[-1,-7],[-8,-6],[-2,-13],[-8,-10],[7,-9],[-3,-9],[5,-3],[-1,-10],[5,1],[4,-9],[11,-3],[-1,-33],[5,-9],[24,-14],[-3,-2],[4,-6],[-5,-5],[3,-5]],[[67554,40854],[-25,18],[-50,-1],[-2,6],[-25,-4],[-6,5],[-9,-2],[-1,4],[-63,-6],[-1,7],[-7,4],[-15,0],[-8,-7],[-17,-1],[-10,1],[-5,22],[-7,9],[-18,-5],[-9,4],[-19,-1],[-8,3],[-6,11],[-16,0],[-7,5],[-14,-3],[-30,34],[-37,-2],[-8,9],[7,3],[-20,17],[-25,-9],[-7,10],[-45,-16],[-9,-5],[6,-7],[-37,-14],[4,-8],[-22,-4],[3,-8],[-16,-2],[-36,7],[1,13],[-43,-2],[-3,11],[43,2],[4,17],[-9,2],[-2,10],[-12,1],[-16,-3],[17,43]],[[66914,41022],[8,12],[-12,14],[9,12],[1,27],[7,15],[0,28],[-6,32],[-7,12],[-62,2],[-5,7],[4,16],[-4,14],[-12,7],[-14,1],[-27,-15],[-34,0],[-15,-8],[-11,-9],[-4,-15],[6,-4],[-4,-7],[-7,-8],[-15,-5]],[[66710,41150],[-25,2],[-1,3],[-31,-5],[-25,1],[-38,7],[-18,8],[-21,3],[-2,7],[4,7],[35,25],[-23,13],[-10,17],[-29,8]],[[66526,41246],[-5,13],[18,5],[9,11],[54,29],[18,18],[5,18],[-9,38]],[[66616,41378],[-6,17],[30,10],[24,2],[41,-1],[13,-5],[39,-2],[-6,-11],[-13,-12],[20,-1],[19,2],[30,-37],[48,12],[0,7],[7,-1],[8,4],[7,6],[-6,0],[0,6],[-5,0],[9,5],[-4,4],[19,-3],[30,2],[27,-1],[0,-4],[58,1],[-28,44],[-26,18],[30,14],[17,-19],[74,18]],[[67072,41453],[48,-145],[120,13],[15,18],[27,1],[4,6],[58,-7],[23,0],[15,1],[37,9],[-11,13],[-1,7],[-20,14],[7,9],[-6,11],[8,14],[-7,7],[103,19],[126,37],[114,8],[7,-4],[24,0],[42,5],[4,-6],[-1,-6],[7,-7],[11,3],[8,-3],[11,-17],[13,-8],[33,-9],[24,-25],[16,-1],[14,2]],[[66914,41022],[-64,-1],[-15,-4],[-2,-4],[-6,1],[-15,-5],[-9,-6],[-3,1],[-8,-1],[-4,3],[-24,1],[-12,-8],[-7,-1],[-8,4],[-9,-4],[-11,4],[-7,-2],[-8,2],[-9,-2],[-18,22]],[[66675,41022],[23,5],[26,21],[-20,3],[0,5],[-23,10],[2,5],[13,3],[-1,6],[11,1],[-24,42],[6,7],[-6,10],[1,9],[27,1]],[[67609,42334],[-25,1],[-21,-4],[-50,-32],[-39,-12],[-41,-8],[-52,3],[-58,21],[-8,7],[7,6],[46,-2],[16,10],[3,18],[9,19],[-4,9],[-16,14],[-17,5],[-23,0],[-20,-2],[-50,-12],[-50,-2],[-24,0],[-16,5],[-16,8],[-7,7],[1,17],[19,20],[-1,13],[-5,10],[-23,15],[-26,6],[-44,3],[-77,-2],[-40,-8],[-18,-8],[-28,-2],[-13,1],[-57,17],[-71,6]],[[67897,42259],[-14,11],[-21,2],[-62,-9],[-58,2],[-54,-15],[-14,0],[-9,7],[1,7],[25,24],[5,14],[-1,7],[-32,21],[-54,4]],[[67851,42226],[29,14],[17,14],[0,5]],[[68929,41750],[-1,17],[32,17],[10,13],[2,12],[-3,9],[-48,32],[-10,11],[-6,45],[-7,10],[-22,10],[-14,3],[-47,-17],[-29,-4],[-36,9],[-37,0],[-20,4],[-16,5],[-7,6],[-5,14],[2,8],[59,31],[18,16],[8,14],[-10,12],[-11,3],[-15,-1],[-25,-4],[-43,-14],[-37,-17],[-10,-8],[-6,-28],[-27,-27],[-16,-5],[-17,3],[-11,11],[-1,13],[21,20],[2,9],[-9,16],[-12,8],[-17,7],[-21,4],[-53,-1],[-27,3],[-23,-4],[-17,-11],[-6,-26],[9,-26],[2,-19],[14,-9],[40,-1],[38,-11],[10,-10],[-3,-12],[-25,-8],[-48,-2],[-51,-7],[-17,1],[-79,17],[-29,1],[-52,30],[-28,46],[-2,30],[-9,19],[-14,5],[-61,11],[-49,18],[-50,13],[-16,22],[-19,17],[-32,17],[-26,7],[-4,9],[33,26],[12,27],[-5,12],[-18,1],[-78,-16],[-15,0],[-8,4],[-3,12],[6,5],[37,8],[30,11]],[[67072,41453],[-22,80],[-58,-13],[-37,32],[5,12],[37,8],[14,7],[-79,50],[4,0],[-68,37],[-35,26],[-26,9],[1,2],[-48,29]],[[66760,41732],[13,5],[52,12],[21,19],[25,8],[39,21],[32,11],[29,9],[63,11],[-2,68],[9,18],[-13,9],[-5,8],[7,34],[-1,41],[-17,339],[-96,11],[-7,-6],[-22,8],[-29,-8],[-98,18],[-18,-1],[-38,15],[-44,5],[56,58],[30,21],[8,16]],[[66770,42481],[-16,1]],[[65848,42012],[106,-38],[18,-3],[60,-21],[15,38],[36,2],[0,7],[16,-2],[15,-4],[73,2],[26,-2],[-64,-80],[146,-52],[62,-19],[19,16],[86,-34],[121,-34],[130,-31],[47,-25]],[[66616,41378],[-53,-2],[-3,-11],[-22,1]],[[66538,41366],[-1,2],[-12,1],[-27,-1],[-6,2],[-12,-12],[-4,-1],[-21,9],[-67,1]],[[66388,41367],[-3,5],[-18,3],[-19,8],[-51,5],[-30,-3],[-62,9],[-69,30],[-21,16],[-17,0],[-23,4],[-49,21],[-25,4],[-17,-2],[-36,-11],[-41,1],[-27,8],[-26,17],[-91,22],[-4,-3]],[[65759,41501],[-25,28],[-22,34],[-91,59],[-13,6],[-82,20],[-62,12],[-37,1],[-20,-3],[-57,-16],[-51,-7],[-95,-51],[-21,2],[-18,-41],[-19,-4],[-20,0],[-15,3],[2,21],[-29,23],[-14,3],[1,8],[-6,11],[-11,6],[5,12],[-24,24],[-4,10],[-15,5],[-10,1],[-7,5],[-34,3],[-14,15],[-45,27],[-11,4],[-14,11],[-23,8],[-36,7],[-16,13],[-58,-28],[-77,4],[-2,-12],[-13,-14],[-2,-14],[-18,-14],[-22,16],[-43,10],[-11,6],[-28,0],[-12,4],[-30,-1],[-22,6],[-57,6]],[[65848,42012],[-83,29],[-11,2],[-100,32],[-42,21],[-27,5],[-20,9],[-3,10],[-18,14],[2,21],[-20,5],[-7,6],[-6,14],[-39,-2],[3,9],[-7,13],[-40,26],[-29,4],[-46,-30],[-16,-4],[-22,-9],[-26,-1],[-18,4],[-25,-5],[-23,1],[-8,-41],[0,-22],[9,-27],[-1,-3],[-8,1],[-7,-7],[1,-33],[-8,-18],[-7,-6],[22,-33],[-6,-9],[-78,3],[-99,-37],[-76,-47],[-76,-55],[-190,-44],[-145,-50],[-55,7],[-82,-35]],[[63053,40777],[-18,-2],[-8,-8],[-17,-3],[-14,3],[6,-21],[-17,-20],[-19,-11],[-114,-12],[-17,6],[-53,3],[-26,10],[-14,13],[1,14],[-15,23],[-2,13],[-18,0],[-18,9],[3,8],[-7,4],[-36,11],[-13,0],[-14,8],[-42,0],[-25,-7],[-43,0],[-24,5],[-54,8],[-21,8],[-31,4],[-20,1],[-21,-6],[-103,3],[-60,-18],[-48,-27],[29,1],[34,-9],[11,1],[33,-5],[11,-7],[10,-15],[8,-4],[24,-5],[7,3],[14,-1],[15,-11],[18,-6],[9,1],[15,-7],[6,2],[9,-4],[9,4],[8,-1],[23,-21],[7,-12],[21,-3],[23,-22],[10,0],[2,-7],[8,0],[1,-5],[17,-3],[25,-23],[30,-10],[3,-4],[-20,-8],[-40,5],[-46,-5],[-38,0],[-9,6],[-47,0],[5,-19],[-2,-13],[8,-6],[-8,-7],[-9,-22],[-71,0],[2,-14],[15,-31],[17,2],[22,-4],[26,1],[3,-41],[-6,-7],[38,-9],[12,0],[14,-11],[55,4],[2,-3],[66,4],[48,-2],[31,-35],[-12,-6],[-14,-2],[-63,8],[-68,-1],[-31,-8],[-17,-1],[12,-51],[4,-3],[-7,-4],[8,-10],[4,-19],[-1,-15],[6,-8],[-7,-11],[-16,-11],[-1,-14],[-14,-4],[-43,-3],[9,-13],[-149,-47],[-5,-1],[-17,24],[-25,-8],[-22,-2],[1,-7],[-86,-26],[16,-29],[-66,-22],[-45,-9],[-101,-59],[-11,-10],[-33,-13],[-48,-45],[-2,-17],[-9,-19],[-30,-18],[-30,-11],[-5,-23]],[[60328,40845],[5,-11],[54,-23],[18,-19],[23,-9],[39,-8],[49,-15],[2,-15],[74,-22],[43,-21],[12,-23],[-7,-18],[5,-9],[63,-25],[55,-6],[21,2],[21,-33],[29,-9],[12,-13],[13,-7],[25,-5],[-49,-98],[-20,-14],[-16,-7],[-14,8],[-14,-8],[-14,-2],[25,-39],[-8,-12],[-31,-20],[2,-22],[37,-7],[1,-9],[-19,-35],[-18,-15],[42,-42],[25,-16],[-7,-4],[-11,-26],[-25,-7],[6,-8],[-6,-4],[-23,-15],[-17,-4],[20,-3],[20,-18],[5,-21],[17,-6],[37,-38],[-5,-22],[-21,-17],[2,-21],[-27,-34],[17,-25]],[[62225,41773],[-17,12],[13,15],[-66,4],[-23,-28],[-22,-11],[-14,-13],[-24,-35],[-31,-28],[-29,-3],[-415,-3],[-17,9],[-7,-1],[-6,7],[-9,-2],[-6,2],[-22,-1],[-15,2],[-20,16],[-16,-3],[-16,4],[-38,-12],[-31,-4],[-30,-15],[-13,2],[-8,-2],[-7,2],[-42,-14],[-7,1],[24,-40],[-48,-9],[-9,-9],[-35,-2],[-53,-16],[-37,-4],[-82,8],[8,-8],[-5,-9],[10,-13],[-8,-31],[5,-11],[-26,-2],[-47,-38],[-38,-7],[-20,-33],[-23,-17],[-3,-9],[3,-50],[15,-28],[6,-33],[-17,-30],[25,-22],[-15,-28],[10,-12],[-1,-3],[37,-8],[16,-10],[11,-4],[29,-19],[36,-10],[2,-6],[-1,-14],[-6,-9],[-13,-8],[-15,-3],[21,-3],[12,-24],[-52,-66],[-188,-5],[-11,-16],[-7,-2],[-15,-13],[1,-5],[-5,-1],[-13,-12],[-12,-4],[-8,-12],[-17,-10],[-8,0],[-29,-9],[-28,-23],[-11,-1],[-5,-6],[-36,0],[-43,-20],[-18,-18],[-79,-12],[-28,-10],[-7,-12],[-41,-9],[-28,-1],[-24,2],[-15,10]],[[62740,41810],[-62,-6],[-34,5],[-91,-6],[-27,2],[-25,-7],[-83,-9],[-51,-27],[-37,-13],[-6,9],[-47,0],[-24,11],[-28,4]],[[62740,41810],[-40,-8],[-43,-25],[-21,-24],[-19,-8],[-34,0],[15,-17],[-37,-11],[-10,-18],[-20,-11],[15,-18],[-4,-6],[17,-13],[-3,-2],[-23,-3],[8,-20],[-4,-21],[12,-10],[38,-17],[41,-9],[23,-10],[57,8],[27,14],[20,0],[41,-2],[68,-14],[121,-13],[31,-15],[149,-147],[80,11],[-1,-9],[12,-12],[-1,-11],[5,-3],[-2,-16],[18,-16],[32,-15],[7,-14],[28,-19],[26,-12],[16,-3],[4,-9],[36,-6],[45,-14],[11,1],[81,-26],[54,-11],[18,-1],[14,-6],[37,-6],[37,1],[12,-3],[23,2],[44,-5],[9,-4],[8,1],[10,-5],[17,1],[9,-4],[18,-1],[6,-4],[12,1],[10,-5],[6,0],[20,-7],[16,-12],[8,1],[1,7],[42,-13],[2,-4],[12,-3],[-7,-4],[1,-3],[23,-3],[5,-7],[10,-1],[11,-11],[-12,-1],[-3,-5],[-16,-2],[0,-8],[-41,-6],[-18,-7],[-9,-9],[-18,4],[-20,-2],[-29,3],[-9,0],[-16,-8],[-29,4],[-39,-3],[-5,6],[-20,1],[0,3],[-27,-4],[-31,-13],[-32,-21],[-82,-41],[-12,-9],[-18,-6],[-12,-1],[-52,4],[-6,4],[-15,-1],[-17,-8],[-25,-5],[-17,1],[-4,10],[-7,4],[-44,7],[-25,6],[-37,3],[-32,10],[-21,12],[-16,-1],[-18,-7],[-7,-20],[-23,-15],[-5,-22],[-25,-25],[-11,-26],[-30,-33],[-1,-17],[-44,4],[-20,-10],[-14,-4],[6,-27],[-7,0],[-6,-9],[3,-8],[-10,-10],[10,-6],[12,-16],[9,-1]],[[66675,41022],[-33,-7],[-1,9],[-8,10],[-7,-3],[-15,2],[-17,-2],[-9,4],[-22,3],[-7,-7],[5,-6],[-11,-4],[8,-4],[-24,-7],[-2,5],[-7,-6],[-36,3],[-34,-6],[-15,4],[-7,-3],[-12,1],[-40,-7],[-18,4],[-14,-3],[-4,8],[-14,-8],[-2,4],[-12,-4],[0,-5],[-8,-6],[-10,0],[4,-6],[-6,2],[-5,-7],[-9,2],[-2,-6]],[[66281,40976],[-7,-7],[-9,2],[-4,-8],[-9,-1],[-3,-4],[-20,-8],[1,-5],[-41,-13],[-17,-9],[-19,-3],[-1,-4],[-11,0],[-4,-3],[-8,0],[-33,-12],[-34,0],[-53,6],[-77,3],[-86,14]],[[65846,40924],[30,51],[-57,18],[11,16],[-1,10],[13,7],[1,12],[17,6],[5,6],[42,24],[2,4],[33,10],[4,-2],[4,2],[6,-1],[12,6],[9,1],[18,-2],[5,3],[17,-2],[0,-2],[-48,-31],[-66,-58],[75,-4],[77,6],[4,22],[11,-1],[19,-8],[21,0],[25,5],[16,7],[22,19],[7,49],[-2,9],[27,11],[26,-2],[18,6],[9,0],[24,12],[1,5],[13,3],[10,6],[1,3],[6,3],[-2,4],[12,9],[-3,15],[-32,4],[-8,3],[-6,15],[1,15],[-24,1],[-3,3],[-5,46],[13,0],[16,-4],[4,4]],[[66276,41268],[19,-6],[-6,-13],[5,-8],[79,10],[39,-4],[19,26],[27,12]],[[66458,41285],[68,-39]],[[65714,40792],[21,-23],[16,-7],[15,-13],[16,-37],[51,-29],[56,-71],[0,-10],[13,-30],[-16,0],[3,-2],[-15,0],[-67,-13],[-21,7],[-50,2],[-70,-5],[-22,-6],[-52,-4],[16,-22],[23,-21],[16,-10],[19,-29],[10,-27],[-19,-27],[21,-15],[6,5],[15,-9],[-5,-5],[-9,1],[-2,-2],[1,-12],[-8,2],[-5,-4],[1,-15],[-6,0],[-5,-9],[7,-17],[-7,-5],[1,-9],[-6,-9],[4,-1],[-11,-14]],[[65649,40297],[-46,-14],[-69,-3],[-10,3],[-6,11],[8,3],[14,-7],[14,1],[1,5],[-10,7],[-60,12],[-7,-9],[7,-5],[-2,-5],[-7,-5],[-10,0],[-19,7],[-20,22],[-29,-4],[-3,-6],[-15,-7],[-8,-16],[-30,-14],[-11,-10],[0,-17],[-54,-7],[-2,2],[-6,0],[5,-25],[-32,-1],[1,-28],[-30,-12],[-29,-5],[-35,1],[-10,10],[-13,5],[-49,-15],[-23,2],[-14,5],[11,17],[4,38],[-12,2],[-40,17],[-11,10],[25,12],[-17,27],[6,2],[1,7],[7,-1],[-1,5],[-167,17],[-81,46],[-10,0],[-44,-5],[-77,7],[-7,14],[-12,8],[-69,11],[-15,-3],[-39,-21],[-16,-5],[-48,1],[-27,-7],[-15,0],[-14,4],[-10,-2],[-38,-24],[-12,-3]],[[64312,40352],[-29,-6],[-24,-21],[-23,-2],[-19,-6],[-39,-22],[-13,-4],[-48,1],[-44,-8],[-18,-7],[-41,0],[-11,-4],[-16,-14],[-16,4],[-12,10],[-43,21],[-51,-2],[-27,-14],[-20,1],[-12,7],[-6,9],[-18,2],[-14,8],[-12,2],[9,14],[-12,9],[5,4],[6,1],[-3,12],[2,3],[-24,-2],[-9,4],[-2,-4],[-5,1],[-5,5],[-15,2],[-16,10],[-20,2],[-58,21],[-18,1],[-13,6],[-19,24],[17,7],[5,10],[-3,16],[-38,14],[11,11],[-22,6],[-65,60],[3,63],[-8,15],[-49,46],[-54,10],[-26,34]],[[63330,40712],[82,27],[46,27],[21,21],[30,-13],[29,0],[57,-18],[22,-12],[6,4],[5,11],[26,5],[14,7],[65,12],[22,-1],[11,6],[22,21],[31,4],[13,5],[23,42],[45,11],[30,13],[76,-8],[27,5],[52,-14],[33,-3],[34,4],[52,-7],[61,-12],[141,-42],[18,-2],[18,2],[71,-14],[55,-1],[16,-8],[60,18],[80,1],[38,18],[54,10],[23,-9],[29,-5],[28,-11],[32,1],[-31,-24],[15,-26],[123,0],[313,8],[34,9],[0,-15],[77,5],[39,-4],[64,-13],[14,0],[78,3],[7,3],[-3,3],[12,17],[14,9],[22,9],[8,1]],[[65759,41501],[-4,-38],[26,-16],[6,-12],[0,-18],[-3,-6],[-9,-5],[-10,-2],[-15,-14],[-11,-4],[-8,-7],[0,-9],[19,-25],[-12,-1],[-12,-6],[21,-26],[14,-6],[-4,-3],[23,3],[44,10],[42,-5],[25,6],[11,-1],[12,-4],[21,-18],[19,-9],[20,-3],[21,5],[12,-3],[2,-27],[5,-7],[11,-4],[39,1],[28,5],[53,15],[9,1],[2,-5],[50,6],[-1,3],[34,8],[12,-1],[25,-11]],[[65846,40924],[-56,-52],[-16,-50],[-60,-30]],[[63330,40712],[-9,7],[-122,21],[-39,43],[-54,6],[-39,-13],[-14,1]],[[63445,42004],[-52,-9],[-18,-11],[-25,-6],[-59,4],[-20,-5],[-18,-9],[0,-7],[-44,-16],[-21,-13],[-12,-13],[-44,-10],[-56,-30],[-46,-13],[-81,-10],[-67,-18],[-25,-4],[-40,-5],[-55,-1],[-22,-18]],[[64411,41730],[-43,8],[-21,0],[-23,-8],[-15,2],[-6,-2],[-16,4],[-10,-6],[-19,-2],[-19,-8],[-29,-3],[-17,2],[-7,-4],[-24,2],[-15,-2],[-16,22],[6,8],[-48,44],[-17,4],[-21,1],[-53,-3],[-7,4],[-2,11],[-99,48],[-171,43],[-144,13],[-71,12],[-74,8],[15,76]],[[66696,40124],[-7,2],[-16,-12],[-9,-33],[-13,-25],[-23,1],[-21,8],[-19,-5],[-18,2],[-19,6],[-1,15],[-7,2],[-13,-6],[2,-10],[-5,-5],[-13,-1],[-15,10],[-7,1],[-6,-2],[-7,-11],[-21,-5],[-5,3],[3,23],[-46,16],[-13,-1],[-19,-10],[-2,-5],[12,-13],[-9,-7],[-19,-5],[-15,0],[-17,11],[-35,-8],[-17,2],[-26,13],[-27,-4],[-19,4],[-16,-3],[-17,5],[-4,4],[-6,19],[6,1],[-73,40],[-20,4],[-37,-4],[-57,17],[-30,15],[-30,35],[-23,-2],[-22,-6],[-20,3],[-15,50],[-22,12],[-26,5],[-12,-9],[-16,-2],[-26,7],[1,2],[-10,0],[-15,-5],[-8,-13],[-5,-1],[-6,9],[-24,2],[-9,15],[-9,3],[10,10],[0,6],[-6,4],[-8,-1]],[[66281,40976],[9,-2],[23,-35],[28,-59],[1,-5],[-24,-9],[-9,-9],[6,-23],[56,-7],[22,4],[81,-82],[19,-15],[9,-34],[-11,-9],[0,-35],[-11,-30],[-10,-3],[0,-30],[-15,1],[-7,-3],[-16,-20],[-12,-3],[2,-10],[-5,-2],[21,-4],[10,-7],[100,-35],[15,-9],[-5,-6],[101,-3],[2,23],[17,0],[88,21],[80,6],[21,5],[-3,5],[43,7],[18,5],[7,-5],[28,-7],[21,2],[15,-12],[20,-5],[12,-10],[18,-1],[12,-8],[19,2],[24,7],[48,20],[9,0],[8,-7],[18,2],[14,-4],[0,3],[17,5],[86,0]],[[66754,42482],[-53,5],[-63,15],[-50,15],[-27,14],[-7,7],[-18,0],[-25,-6],[10,-6],[0,-12],[-16,-17],[-3,-16],[-24,-50],[-39,1],[-11,-11],[-5,-15],[-57,6],[-40,12],[-42,-4],[-32,3],[-4,5],[-4,0],[-22,-14],[-69,3],[-33,8],[-25,22],[-24,5],[-34,0],[-62,-9],[-6,-27],[-12,-19],[45,-13],[5,-57],[-9,3],[-3,-34],[14,-81],[-16,-3],[-42,5],[-3,-11],[-13,-7],[-1,-15],[-11,-5],[1,-13],[-21,-3],[3,-20],[-32,-54],[11,-10],[-19,-22],[-18,-45]],[[63369,39341],[112,41],[125,56],[46,51],[9,14],[61,45],[76,18],[47,20],[157,45],[11,11],[54,24],[46,30],[35,63],[2,19],[24,18],[1,14],[74,100],[6,6],[42,16],[26,14],[17,12],[47,49],[13,52],[-33,4],[-19,8],[-22,17],[-10,17],[-28,31],[27,27],[20,32],[-35,22],[16,10],[-9,10],[-12,1],[3,2],[-3,15],[-4,1],[-4,-3],[-31,9],[12,11],[-6,4],[-11,0],[12,20],[33,19],[9,9],[7,27]],[[66458,41285],[-4,4],[9,8],[4,-1],[1,12]],[[66468,41308],[-1,3],[7,4],[55,14],[-1,8],[-7,1],[-3,9],[17,-1],[1,11],[6,7],[-4,2]],[[66468,41308],[-6,0],[5,7],[-6,1],[11,12],[-26,6],[-1,-2],[-19,4],[-6,-2],[-4,14],[-37,17],[9,2]],[[78252,40950],[-14,8],[-2,26],[14,-8],[17,-4],[24,-18],[23,-1],[30,-6],[16,-14],[25,-9],[13,6],[19,-2],[5,5],[8,-2],[13,3],[11,-1],[10,6],[30,0],[27,-4],[18,-9],[10,-1],[8,-7],[22,-6],[13,-11],[19,3],[28,-7],[6,-4],[54,6],[17,-2],[3,-2],[-4,-6],[3,-9],[23,1],[13,-7],[22,0]],[[78776,40874],[5,-8],[14,-7],[46,-6],[7,-3],[31,-36],[26,-20],[5,-15],[14,-19],[3,-15],[-17,-40],[1,-6],[15,-1],[25,2],[11,-3],[18,1],[-3,-2],[23,-6],[17,-27],[6,-23],[5,-3],[-3,-4],[36,-12],[-11,-8],[-14,-23],[2,-4],[-15,-8],[-6,-9],[7,-9],[-3,-10],[5,-9],[12,-10],[22,-10],[-16,-6]],[[79044,40515],[-10,1],[-132,-54],[2,-2],[-125,-40],[-58,-15],[-24,7],[-30,19],[-29,34],[-13,27],[14,7],[-5,6],[0,7],[17,0],[-14,25],[-28,-21],[-24,23],[56,22],[-22,14],[-64,-19],[-6,11],[-82,-18],[-19,30]],[[78448,40579],[9,3],[16,10],[6,12],[23,-1],[9,4],[9,1],[-5,10],[-9,3],[9,4],[0,6],[-23,16],[-4,8],[-48,27],[-15,15],[-32,9],[-16,8],[-7,8],[-4,30],[9,28],[-6,6],[14,43],[-19,40],[-14,11],[-23,7],[22,23],[-41,20],[-56,20]],[[79252,40148],[-7,-1],[-58,-19],[-33,-21],[-17,-4],[-6,2],[-29,-4]],[[79102,40101],[35,20],[9,8],[-13,8],[-4,-2],[-5,3],[-14,-7],[-9,1],[-25,17]],[[79076,40149],[10,1],[-26,9]],[[79060,40159],[28,0],[-2,7],[9,0],[-8,29],[34,0],[9,9],[35,-5],[24,-7],[15,10],[11,0],[9,5],[10,1],[7,7],[5,-3],[7,2],[15,-1],[-1,3],[17,3],[10,6],[13,-2],[5,5],[-12,-3],[4,3],[-5,1],[14,9],[-2,4]],[[79311,40242],[20,8],[22,-4],[19,-19],[3,-21],[-15,-16],[-2,-9],[-9,-7],[-23,-9],[4,5],[21,8],[4,7],[-5,2],[-27,-13],[24,14],[-47,0],[19,-13],[-12,0],[-12,7],[-14,-5],[-15,-9],[-14,-20]],[[80160,39672],[1,-32],[-15,-33],[-3,-45],[-78,21]],[[80065,39583],[-17,3],[-58,4],[-53,-4],[-27,-6],[-83,-32],[-14,-7],[-1,-9],[-34,-12],[-134,-9],[0,-4],[-12,-1],[-4,4],[-42,9],[-66,10],[-7,-10],[-3,6],[-14,2],[-36,-7],[-8,3],[-14,-2],[-3,4],[-10,2],[-10,-4],[-7,3],[-3,18],[-82,5],[-56,0],[-4,14],[-27,18],[-15,0],[-2,6],[-19,4],[-21,-2],[-21,2],[-8,5]],[[79150,39596],[-11,40],[12,22],[12,61],[10,26],[0,30],[-13,6]],[[79160,39781],[150,-27],[-3,3],[7,20],[7,6],[18,1],[3,5],[51,-2],[-6,39],[-18,1],[3,13],[11,1],[-1,5],[4,5],[8,2],[3,10],[9,-2],[8,19]],[[79414,39880],[21,19],[10,0],[-2,2],[7,2],[2,-2],[27,9],[35,18]],[[79514,39928],[20,-15],[15,4],[2,-7],[-2,-5],[-20,-1],[-9,-7],[-7,-12],[3,-10],[40,-32],[24,-13],[61,-14],[54,-19],[19,-1],[24,4],[11,7],[60,5],[15,-8],[-2,-5],[5,-13],[26,-14],[60,-16],[39,-7],[19,-8],[9,0],[25,-8],[12,-9],[22,-4],[20,-16],[-4,-14],[6,-5],[99,-13]],[[75499,42691],[-4,7],[-6,1],[7,2],[6,-10],[-3,0]],[[73109,42099],[125,73],[196,9]],[[73430,42181],[154,-20],[188,-32],[143,-84],[86,6],[109,25],[34,1],[35,-5],[24,0],[63,11],[143,18],[55,12],[15,7],[0,5]],[[74479,42125],[128,2],[2,-6],[24,-10],[9,-3],[8,4],[6,-39],[84,-17],[34,-2],[69,-11],[74,1],[43,14],[1,16],[-10,12],[-34,27],[-46,65],[10,27],[0,43],[20,10],[-10,20],[-9,36],[0,4],[10,3],[12,14],[-7,31],[-7,6],[9,1],[5,8],[-7,12],[6,1],[-1,11],[14,21],[39,32],[7,12],[17,11],[2,12],[31,22],[19,26],[18,7],[22,17],[16,3],[11,11],[17,5],[9,11],[17,5],[33,0],[4,3],[10,-1],[14,13],[31,16],[9,-8],[16,4],[24,-8],[9,5],[14,-5],[16,2],[15,-5],[30,5],[13,-4],[-1,8],[32,21],[-1,4],[-11,4],[-3,5],[5,1],[26,-8],[-5,16],[6,5],[11,3],[1,9]],[[75439,42685],[19,9],[24,-8],[18,4],[2,-3],[19,1],[18,5],[21,-12],[25,-8],[27,-2],[6,7],[10,-3],[-8,-24],[11,-13],[15,-9],[10,-2],[19,0],[17,-7],[9,-14],[17,-10],[-7,0],[0,-5],[-17,-4],[4,-13],[52,-23],[15,-2],[19,3],[37,-4],[7,-3],[4,-6],[21,-4],[13,-17],[5,-20],[14,-7],[7,-9],[1,-5],[-9,-6],[-1,-6],[-15,-7],[-1,-4],[8,-15],[41,-26],[25,-6],[38,-3],[33,0],[37,5],[19,15],[20,7],[46,-3],[18,2],[15,5],[20,12],[0,19],[5,0],[11,-7],[16,1],[29,-17],[17,-2],[24,-11],[6,-7],[-2,-8],[14,-19],[14,-6],[18,-1],[7,-3],[22,-21],[1,-5],[26,-9],[7,-10],[16,-4],[35,7],[8,-5],[52,-6],[13,-16],[25,-17],[-1,-12],[10,-7],[-3,-3],[10,0],[9,-5],[24,-2],[7,-4],[-1,-14],[-12,-7],[-4,-27],[-6,-11],[27,-18],[-18,-6],[21,2],[26,-17],[138,-38],[99,-16],[44,-2]],[[76921,42113],[-18,-19],[1,-21],[-24,-4],[-6,-9]],[[76874,42060],[-50,-45],[-5,-20],[21,-15],[-26,-16],[-41,-7],[-33,-11]],[[76740,41946],[-47,-10],[-1,2],[-18,-1],[-24,-5],[-58,-17],[-94,-35],[-28,-5],[-107,-11],[-52,-10],[9,15],[-113,-33],[-187,-11],[-173,2],[0,-2],[16,-2],[-47,-12],[-18,0],[-51,14],[-26,4],[-40,0],[-47,9],[-6,44],[8,12],[-34,15],[-73,47],[-20,14],[-12,16],[-3,-24],[-12,-13],[-23,-7],[-30,-4],[-19,-7],[-7,-9],[-9,-4],[0,-5],[-28,-7],[-2,-4],[6,-15],[-29,-27],[8,-19],[-15,-9],[0,-8],[33,-16],[22,3],[1,8],[9,1],[1,-5],[7,-2],[-4,-4],[11,-4],[6,-20],[12,2],[0,-4],[10,-6],[-2,-6],[6,-2],[-3,-5],[7,-3],[-6,-1],[5,-7],[-5,-3],[-11,-24],[-4,-2],[-3,2],[-7,-5],[-5,1],[-9,-7],[1,-6],[-20,-8],[4,-3],[8,-3],[-4,-6],[-38,7],[-28,2],[-4,4],[2,15],[-40,-3],[-7,2],[-66,0],[-2,9],[8,4],[-3,4],[-12,4],[-8,0],[-4,-3],[-18,-4],[-25,5],[-14,0],[-14,-3],[-16,-12],[5,-7],[-5,-14],[-18,-9],[1,-6],[-6,-6],[-36,-14],[-25,-18],[-1,-8],[-4,0],[-6,-13],[-24,-10],[-12,-12],[-8,-2],[-3,-7],[-13,-4],[-23,-15],[-19,-7],[-6,-8],[-12,-46],[-77,-23],[-66,-37],[-40,-9],[-34,-17],[-22,-17],[-8,-19],[1,-21],[7,-12],[24,-23],[23,-42],[52,-43],[73,-35],[11,-45],[-90,-42]],[[76978,40921],[18,8],[3,7],[13,8],[29,5],[14,5],[32,-3],[7,1],[24,-3],[6,-4],[21,-3],[10,-5],[11,0],[11,-4],[29,-1],[11,5],[32,-3],[10,-4],[18,0],[10,-5],[13,-1],[24,-12],[17,1],[12,-8],[19,-3],[6,-4],[26,3],[17,-13],[16,67],[-13,20],[9,3],[29,2],[6,-4],[21,-3],[12,-1],[10,3],[6,-3],[15,1],[54,-14],[2,-2],[19,-4],[3,-3],[11,0],[4,2],[13,-2],[9,5],[9,-3],[50,3],[52,11],[5,5],[19,0],[27,-8],[25,-2],[13,8],[9,2],[-2,8],[-10,7],[28,9],[9,8],[-8,28],[9,11],[8,1],[10,11],[12,3],[13,15],[7,0],[29,13],[31,4],[67,-4],[60,44],[55,7],[6,-2],[37,-42],[11,-19],[7,-5],[3,-16],[-16,-20],[1,-10],[-11,4],[-10,-15],[-2,-10],[9,-30],[-19,-1],[0,-8],[19,-6],[43,-6]],[[78448,40579],[-22,-2],[-11,-6],[-35,-6],[-16,-5],[-14,-7],[-23,-35],[14,-2],[58,-1],[27,-18],[36,-16],[31,-8],[-10,-12],[-33,-7],[-12,-14],[31,-61],[-12,-7],[4,-7],[17,-6],[-3,-11],[13,-21],[4,-29],[18,-34],[3,-2],[21,7],[13,-16],[-30,-5],[-14,-12],[18,-9],[-12,-6],[-8,-12],[13,1],[9,-2]],[[78523,40208],[25,-12],[21,-22],[-11,-16],[-29,-15],[20,-22],[2,-26],[33,-27],[26,-37],[-3,-5],[86,5],[37,-4],[0,-3],[-26,-51],[-28,-32],[-5,0],[-9,-10],[-6,-2],[-4,-60],[-19,3],[-5,-26],[-5,0],[-3,-5],[-3,-16],[-15,1],[-14,-23],[13,-22],[3,-11],[-3,-11],[6,-7],[-1,-5],[-9,-3],[4,-11],[3,-92],[-6,-3],[-4,-13],[8,-6],[-31,-43],[-10,-45]],[[79160,39781],[-92,20],[9,24],[-4,15],[-20,22],[-1,26]],[[79052,39888],[90,18],[3,-2],[81,3],[-2,10],[15,1],[2,-5],[14,-5],[12,13],[54,2],[17,-13],[67,-23],[9,-7]],[[76740,41946],[22,-43],[0,-20],[-5,-7],[10,-1],[33,-14],[8,-1],[6,-13],[-21,-3],[5,-6],[14,2],[10,-13],[20,0],[1,-3],[8,1],[70,22],[39,0],[19,20],[15,5]],[[76994,41872],[-13,-7],[14,6],[38,2],[0,-2],[26,6],[1,-2]],[[77060,41875],[14,-7],[16,-17],[21,-9],[8,-11],[22,-11],[18,-2],[53,16],[8,-7],[10,2],[32,-11],[15,1],[5,-8],[-3,-4],[8,-5],[-7,-10],[7,0],[5,-17],[11,-10],[-2,-12],[23,-9],[-1,-5],[12,-3],[-5,-11],[21,-29],[1,-7],[-8,-8],[10,-7],[-1,-10],[4,-3],[-8,-4],[-10,-20],[6,-2],[7,-7],[-1,-24],[12,-13],[8,-28],[-12,-10],[-2,-10],[-7,-9],[-39,-6],[-6,-4],[-18,-1],[-17,-5],[-9,-10],[-16,-6],[-11,-51],[-35,-40],[-35,-59],[-24,-87],[6,-33],[9,-8],[-4,-11],[-22,-11],[3,-5],[-5,-7],[-19,-17],[-5,-1],[-3,-7],[-34,-7],[-10,-8],[-15,-29],[-87,-54],[37,-42]],[[79102,40101],[-10,-11],[-7,-20],[-7,-45],[4,-40],[-18,-68]],[[79064,39917],[-29,1],[-16,7],[-7,7],[-13,-1],[-34,55],[-56,40],[-12,5]],[[78897,40031],[-17,18],[-13,29],[20,34],[19,6],[30,1],[-19,27],[-1,9],[6,6],[16,3],[33,-10],[32,1],[23,-9],[50,3]],[[80537,39206],[-33,-18],[-33,29],[-73,-25],[-85,5],[-11,-3],[-20,25],[-58,-3],[7,46],[8,12],[-38,21],[-33,37],[10,10],[-22,24],[26,14],[-11,14],[0,19],[-5,4],[5,14],[-18,2],[-52,35],[11,5],[-23,17],[-2,4],[14,6],[-17,16],[14,4],[-26,33],[-3,-1],[-6,16],[2,15]],[[80160,39672],[33,-6],[23,-13],[30,1],[14,-3],[23,-9],[33,-6],[37,-17],[49,-11],[15,-7],[8,1],[-1,-5],[7,3],[11,-2],[1,-5],[20,0],[2,-3],[6,3],[11,-1],[13,-9],[22,-8],[-8,0],[-45,4],[-42,8],[-21,-5],[-34,-28],[-22,-32],[-10,-25],[-1,-26],[-4,-4],[2,-10],[-7,-6],[22,-71],[25,-39],[31,-38],[55,-49],[79,-48]],[[77060,41875],[0,2],[22,9],[7,7],[18,-3]],[[77107,41890],[-1,-6],[5,-3],[19,-3],[18,-8],[26,-3],[5,-7],[19,-7],[0,-3],[15,-2],[14,-8],[64,-11],[10,-10],[0,15],[11,21],[-2,6],[31,28],[-19,10],[-1,19],[-11,19],[1,7],[-17,19],[57,21],[8,27],[-1,19],[10,13]],[[77368,42043],[5,-2],[12,3],[29,12],[1,-3],[-11,-3],[0,-3],[7,-15],[7,-9],[29,-16],[12,-5],[35,-3],[4,3],[9,0],[13,-7],[47,-13],[18,-11],[17,-2],[2,-8],[24,-10],[22,-16],[19,-27],[5,-18],[18,-10],[2,-18],[19,-11],[5,-15],[20,-4],[11,-10],[34,-14],[4,-7],[23,1],[18,-8],[6,-6],[22,-4],[21,-13],[16,-18],[15,-11],[30,-9],[-6,-8],[13,-14],[22,-10],[21,-1],[24,-6],[6,-10],[16,-2],[24,-11],[6,-7],[-7,-7],[4,-13],[-10,-25],[-13,-12],[-27,-14],[-48,-16],[-4,-5],[3,-12],[-12,-11],[10,-14],[-5,-2],[-1,-5],[4,-7],[-4,-2],[0,-15],[9,-14],[5,-19],[16,-13],[-5,-6],[8,-2],[35,-39],[22,-19],[49,-19],[43,-24],[52,-15],[36,-21],[38,-7],[56,-1],[14,8],[14,3],[6,-3],[7,-10],[31,-13],[23,-20],[22,-10],[34,-25],[9,-2],[10,3],[14,-2],[14,-10],[20,-7],[28,-34],[54,-43],[20,-33],[32,-32],[30,-50],[46,-32],[27,-45],[-3,-18],[14,-17],[1,-13],[-4,-15],[-6,-3],[1,-8]],[[80537,39206],[173,-85],[111,-41],[63,-19],[63,-12],[19,-6],[23,-3],[36,0]],[[78865,39562],[44,-9],[48,-14],[24,3],[41,-4],[53,24],[-5,6],[11,2],[0,2],[28,14],[17,4],[1,4],[13,-2],[10,4]],[[77092,41976],[5,-27],[8,-13],[21,-8],[1,-3]],[[77127,41925],[-24,3],[-20,-5],[-9,-12],[6,-3],[2,-12],[-7,-9],[-12,-6],[-18,-4],[-13,0],[-38,-5]],[[76874,42060],[32,-7],[-5,-8],[7,-1],[-5,-7],[17,0],[1,-3],[37,12],[0,-13],[5,-1],[87,0],[16,-8],[7,-7],[19,-41]],[[79000,40354],[-11,-4],[32,-9],[24,-15],[11,-27],[28,-20]],[[79084,40279],[-20,1],[-39,-6],[-36,-11],[-5,2],[-21,-1],[-7,9],[-48,-46],[-8,-1],[4,-18],[-17,-11],[-57,0],[-21,-6],[-20,0],[-36,-5],[-4,2]],[[78749,40188],[-12,12],[-17,3]],[[78720,40203],[-1,3],[8,2],[7,34],[34,39],[3,-3],[11,2],[3,-5],[14,4],[26,-5],[18,9],[-3,4],[26,8],[24,-1],[1,9],[11,3],[-20,6],[14,6],[-4,10],[21,6],[39,4],[4,8],[24,7],[20,1]],[[79134,40358],[-4,-2],[9,-9],[-13,-8],[-1,-8],[28,-55],[11,-11],[61,-32],[32,-7],[17,1],[37,15]],[[79060,40159],[-21,12],[-4,17],[-13,19],[15,8],[13,-5],[4,1],[-1,5],[12,3],[-5,12],[6,9],[58,24],[-16,7],[-16,3],[-8,5]],[[79000,40354],[15,-4],[15,6],[35,7],[14,8],[20,0],[9,7],[10,-2],[16,-18]],[[79044,40515],[-2,-8],[4,-4],[-6,-9],[0,-4],[11,-21],[-5,-5],[9,-14],[-4,-5],[5,-7],[-1,-7],[7,-7],[2,1],[9,-3],[0,-5],[9,-3],[-5,-3],[12,-12],[17,-2],[2,-5],[8,-4],[13,2],[4,-4],[18,-4],[2,-6],[-19,-18]],[[78720,40203],[-54,-2],[-16,10],[-32,-1],[-14,5],[-28,-1],[-20,2],[-33,-8]],[[78749,40188],[-20,-19],[-10,-16],[-1,-23],[-6,0],[15,-16],[-24,-8],[8,-9],[-5,-4],[2,-5],[23,-14],[22,-35],[1,-21],[68,3],[28,10],[17,-15],[23,7],[7,8]],[[79064,39917],[-12,-29]],[[77092,41976],[43,6],[-5,19],[26,3],[-1,4],[7,4],[-8,5],[19,8],[2,9]],[[77175,42034],[1,-11],[-4,-3],[10,2],[1,-14],[8,-3],[-4,-15],[-12,-9],[-3,-11],[-11,-12],[5,-19],[-3,-10],[-9,-8],[-27,4]],[[77107,41890],[-17,5],[1,10],[-9,10],[3,5],[19,5],[25,-6],[5,-5],[21,1],[15,9],[7,11],[-4,15],[5,21],[18,9],[32,-4],[-12,3],[3,1],[-24,2],[13,16],[2,7],[-16,26],[-12,5],[-2,10],[6,9],[-9,4],[25,4],[8,5],[-18,13],[-3,9],[5,0],[-1,-7],[21,-15],[23,-3],[12,2],[4,-3],[47,-10],[19,3],[16,-8],[18,1],[15,-7]],[[79252,40148],[-5,-18],[10,-27],[20,-20],[19,-8],[11,-21],[21,-4],[7,-19],[45,-24],[23,-8],[29,-5],[19,1],[9,-11],[-3,-9],[5,-9],[36,-23],[16,-15]],[[76921,42113],[78,-17],[59,-18],[110,-7],[11,15],[-4,7],[2,8],[-1,-10],[6,-4],[-15,-20],[3,-1],[-7,-16],[5,-10],[7,-6]],[[67802,35522],[-5,22],[1,22],[20,37],[21,18],[24,16],[7,-1],[25,5],[15,-5],[20,41]],[[68079,36597],[-8,-4],[-4,11],[-12,7],[-24,-5],[-6,8],[-26,-3],[-41,-9],[4,-17],[21,0],[1,-16],[-8,-15],[-32,8],[-2,4],[-19,1],[-12,5],[-18,2],[-3,14],[-42,-18],[-6,-12],[-39,4],[10,-13],[6,-33],[59,-89],[-47,-5],[-18,-11],[22,-10],[-3,-2],[3,-8],[8,1],[13,-18],[6,5],[4,-1],[29,-11],[-17,-17],[10,-4],[13,-19],[29,-20],[10,-16],[47,-17],[13,-11],[7,-11],[23,-10],[2,-9],[17,-13],[-6,-10],[-18,-14],[-15,-8],[-17,-1],[-11,-9]]],"bbox":[-8.64970957224644,49.8647440573549,1.76323286743115,60.8607823901619],"transform":{"scale":[0.00010413046570143291,0.00010996148294289946],"translate":[-8.64970957224644,49.8647440573549]}}