{"type":"Topology","objects":{"ward":{"type":"GeometryCollection","geometries":[{"type":"Polygon","arcs":[[0,1,2,3]],"id":66,"properties":{"WD23CD":"E05001067","WD23NM":"Birtley"}},{"type":"MultiPolygon","arcs":[[[4,-5,5]],[[6,7,8,9,10,11,12,13,14,15]]],"id":67,"properties":{"WD23CD":"E05001068","WD23NM":"Blaydon"}},{"type":"Polygon","arcs":[[16,17,18,19,20,21]],"id":68,"properties":{"WD23CD":"E05001069","WD23NM":"Bridges"}},{"type":"Polygon","arcs":[[22,23,24]],"id":69,"properties":{"WD23CD":"E05001071","WD23NM":"Chowdene"}},{"type":"Polygon","arcs":[[25,26,-14,27,28,29,30,31,32]],"id":70,"properties":{"WD23CD":"E05001072","WD23NM":"Crawcrook and Greenside"}},{"type":"Polygon","arcs":[[33,34,35,36,37,-18]],"id":71,"properties":{"WD23CD":"E05001073","WD23NM":"Deckham"}},{"type":"Polygon","arcs":[[-21,38,39,40,41]],"id":72,"properties":{"WD23CD":"E05001074","WD23NM":"Dunston and Teams"}},{"type":"Polygon","arcs":[[42,43,44,-40]],"id":73,"properties":{"WD23CD":"E05001075","WD23NM":"Dunston Hill and Whickham East"}},{"type":"Polygon","arcs":[[45,46,-34,-17,47]],"id":74,"properties":{"WD23CD":"E05001076","WD23NM":"Felling"}},{"type":"Polygon","arcs":[[48,49,-23,50,-36,51]],"id":75,"properties":{"WD23CD":"E05001077","WD23NM":"High Fell"}},{"type":"Polygon","arcs":[[52,-24,-50,53,54,-4,55,56,57,58]],"id":76,"properties":{"WD23CD":"E05001078","WD23NM":"Lamesley"}},{"type":"Polygon","arcs":[[59,60,-59,61,-43,-39,-20]],"id":77,"properties":{"WD23CD":"E05001079","WD23NM":"Lobley Hill and Bensham"}},{"type":"Polygon","arcs":[[-51,-25,-53,-61,62,-37]],"id":78,"properties":{"WD23CD":"E05001080","WD23NM":"Low Fell"}},{"type":"Polygon","arcs":[[63,64,65,-46,66,67]],"id":79,"properties":{"WD23CD":"E05001081","WD23NM":"Pelaw and Heworth"}},{"type":"Polygon","arcs":[[-15,-27,68]],"id":80,"properties":{"WD23CD":"E05001082","WD23NM":"Ryton, Crookhill and Stella"}},{"type":"Polygon","arcs":[[-38,-63,-60,-19]],"id":81,"properties":{"WD23CD":"E05001083","WD23NM":"Saltwell"}},{"type":"Polygon","arcs":[[69,70,71,-65,72]],"id":82,"properties":{"WD23CD":"E05001084","WD23NM":"Wardley and Leam Lane"}},{"type":"MultiPolygon","arcs":[[[-9,8,73]],[[6,-7,74]],[[-45,75,-11,76,-5,77,-41]]],"id":83,"properties":{"WD23CD":"E05001085","WD23NM":"Whickham North"}},{"type":"Polygon","arcs":[[-44,-62,-58,78,79,80,81,-12,-76]],"id":84,"properties":{"WD23CD":"E05001086","WD23NM":"Whickham South and Sunniside"}},{"type":"Polygon","arcs":[[-66,-72,82,-52,-35,-47]],"id":85,"properties":{"WD23CD":"E05001087","WD23NM":"Windy Nook and Whitehills"}},{"type":"Polygon","arcs":[[-82,83,-28,-13]],"id":86,"properties":{"WD23CD":"E05001088","WD23NM":"Winlaton and High Spen"}},{"type":"Polygon","arcs":[[84,85,86,87,88,89]],"id":87,"properties":{"WD23CD":"E05001115","WD23NM":"Battle Hill"}},{"type":"Polygon","arcs":[[90,91,92,93,94,95]],"id":88,"properties":{"WD23CD":"E05001116","WD23NM":"Benton"}},{"type":"Polygon","arcs":[[96,97,-96,98,99,100,101]],"id":89,"properties":{"WD23CD":"E05001117","WD23NM":"Camperdown"}},{"type":"Polygon","arcs":[[102,103,104,105]],"id":90,"properties":{"WD23CD":"E05001118","WD23NM":"Chirton"}},{"type":"Polygon","arcs":[[106,107,-105,-85,108,109]],"id":91,"properties":{"WD23CD":"E05001119","WD23NM":"Collingwood"}},{"type":"Polygon","arcs":[[110,111,112,-107,113,114]],"id":92,"properties":{"WD23CD":"E05001120","WD23NM":"Cullercoats"}},{"type":"Polygon","arcs":[[115,116,117,-86,-104]],"id":93,"properties":{"WD23CD":"E05001121","WD23NM":"Howdon"}},{"type":"Polygon","arcs":[[-89,118,-91,-98,119]],"id":94,"properties":{"WD23CD":"E05001122","WD23NM":"Killingworth"}},{"type":"Polygon","arcs":[[-99,-95,120,121,122]],"id":95,"properties":{"WD23CD":"E05001123","WD23NM":"Longbenton"}},{"type":"Polygon","arcs":[[123,124,125,126]],"id":96,"properties":{"WD23CD":"E05001124","WD23NM":"Monkseaton North"}},{"type":"Polygon","arcs":[[-125,127,-114,-110,128,129]],"id":97,"properties":{"WD23CD":"E05001125","WD23NM":"Monkseaton South"}},{"type":"Polygon","arcs":[[-88,130,131,132,133,-92,-119]],"id":98,"properties":{"WD23CD":"E05001126","WD23NM":"Northumberland"}},{"type":"Polygon","arcs":[[134,-106,-108,-113,135]],"id":99,"properties":{"WD23CD":"E05001127","WD23NM":"Preston"}},{"type":"Polygon","arcs":[[136,-116,-103,-135,137]],"id":100,"properties":{"WD23CD":"E05001128","WD23NM":"Riverside"}},{"type":"MultiPolygon","arcs":[[[138]],[[139]],[[140,-126,-130,141,142,143]]],"id":101,"properties":{"WD23CD":"E05001129","WD23NM":"St Mary's"}},{"type":"Polygon","arcs":[[-138,-136,-112,144]],"id":102,"properties":{"WD23CD":"E05001130","WD23NM":"Tynemouth"}},{"type":"Polygon","arcs":[[-142,-129,-109,-90,-120,-97,145,146]],"id":103,"properties":{"WD23CD":"E05001131","WD23NM":"Valley"}},{"type":"Polygon","arcs":[[147,148,-131,-87,-118]],"id":104,"properties":{"WD23CD":"E05001132","WD23NM":"Wallsend"}},{"type":"Polygon","arcs":[[149,-100,-123,150,151,152,153]],"id":105,"properties":{"WD23CD":"E05001133","WD23NM":"Weetslade"}},{"type":"Polygon","arcs":[[154,-115,-128,-124]],"id":106,"properties":{"WD23CD":"E05001134","WD23NM":"Whitley Bay"}},{"type":"Polygon","arcs":[[155,156,157,158]],"id":107,"properties":{"WD23CD":"E05001135","WD23NM":"Beacon and Bents"}},{"type":"MultiPolygon","arcs":[[[159,160,161,162,163,164]],[[165,166]]],"id":108,"properties":{"WD23CD":"E05001136","WD23NM":"Bede"}},{"type":"Polygon","arcs":[[167,168,169,-161,170,171]],"id":109,"properties":{"WD23CD":"E05001137","WD23NM":"Biddick and All Saints"}},{"type":"Polygon","arcs":[[172,173,174,175,-162,-170]],"id":110,"properties":{"WD23CD":"E05001138","WD23NM":"Boldon Colliery"}},{"type":"Polygon","arcs":[[176,177,178,-173,-169,179,180,181]],"id":111,"properties":{"WD23CD":"E05001139","WD23NM":"Cleadon and East Boldon"}},{"type":"Polygon","arcs":[[182,-181,183,184,185]],"id":112,"properties":{"WD23CD":"E05001140","WD23NM":"Cleadon Park"}},{"type":"Polygon","arcs":[[-176,186,-73,187,188,189,-163]],"id":113,"properties":{"WD23CD":"E05001141","WD23NM":"Fellgate and Hedworth"}},{"type":"Polygon","arcs":[[190,-186,191,192,193]],"id":114,"properties":{"WD23CD":"E05001142","WD23NM":"Harton"}},{"type":"Polygon","arcs":[[194,195,196,-68,197]],"id":115,"properties":{"WD23CD":"E05001143","WD23NM":"Hebburn North"}},{"type":"Polygon","arcs":[[-188,-64,-197,198]],"id":116,"properties":{"WD23CD":"E05001144","WD23NM":"Hebburn South"}},{"type":"Polygon","arcs":[[199,-194,200,-156,201]],"id":117,"properties":{"WD23CD":"E05001145","WD23NM":"Horsley Hill"}},{"type":"Polygon","arcs":[[-189,-199,-196,202]],"id":118,"properties":{"WD23CD":"E05001146","WD23NM":"Monkton"}},{"type":"Polygon","arcs":[[-166,203,-164,-190,-203,-195,204]],"id":119,"properties":{"WD23CD":"E05001147","WD23NM":"Primrose"}},{"type":"Polygon","arcs":[[205,206,-171,-160,207,-158]],"id":120,"properties":{"WD23CD":"E05001148","WD23NM":"Simonside and Rekendyke"}},{"type":"Polygon","arcs":[[-193,208,-206,-157,-201]],"id":121,"properties":{"WD23CD":"E05001149","WD23NM":"Westoe"}},{"type":"Polygon","arcs":[[-192,-185,209,-172,-207,-209]],"id":122,"properties":{"WD23CD":"E05001150","WD23NM":"West Park"}},{"type":"Polygon","arcs":[[210,-182,-183,-191,-200,211]],"id":123,"properties":{"WD23CD":"E05001151","WD23NM":"Whitburn and Marsden"}},{"type":"Polygon","arcs":[[-184,-180,-168,-210]],"id":124,"properties":{"WD23CD":"E05001152","WD23NM":"Whiteleas"}},{"type":"Polygon","arcs":[[212,213,214,215,216,217]],"id":125,"properties":{"WD23CD":"E05001153","WD23NM":"Barnes"}},{"type":"Polygon","arcs":[[218,219,220,221,-175,222]],"id":126,"properties":{"WD23CD":"E05001154","WD23NM":"Castle"}},{"type":"Polygon","arcs":[[223,224,225,226,227,228,229]],"id":127,"properties":{"WD23CD":"E05001155","WD23NM":"Copt Hill"}},{"type":"Polygon","arcs":[[230,231,-225,232,233]],"id":128,"properties":{"WD23CD":"E05001156","WD23NM":"Doxford"}},{"type":"Polygon","arcs":[[234,235,236,-177,-211]],"id":129,"properties":{"WD23CD":"E05001157","WD23NM":"Fulwell"}},{"type":"Polygon","arcs":[[237,238,239,240]],"id":130,"properties":{"WD23CD":"E05001158","WD23NM":"Hendon"}},{"type":"Polygon","arcs":[[-228,241,242,243,244]],"id":131,"properties":{"WD23CD":"E05001159","WD23NM":"Hetton"}},{"type":"Polygon","arcs":[[-229,-245,245,246,247]],"id":132,"properties":{"WD23CD":"E05001160","WD23NM":"Houghton"}},{"type":"Polygon","arcs":[[-240,248,-218,249,250]],"id":133,"properties":{"WD23CD":"E05001161","WD23NM":"Millfield"}},{"type":"Polygon","arcs":[[-250,-217,251,252]],"id":134,"properties":{"WD23CD":"E05001162","WD23NM":"Pallion"}},{"type":"Polygon","arcs":[[-223,-174,-179,253]],"id":135,"properties":{"WD23CD":"E05001163","WD23NM":"Redhill"}},{"type":"Polygon","arcs":[[254,255,-231,256,257,-238]],"id":136,"properties":{"WD23CD":"E05001164","WD23NM":"Ryhope"}},{"type":"Polygon","arcs":[[-216,258,259,260,-252]],"id":137,"properties":{"WD23CD":"E05001165","WD23NM":"St Anne's"}},{"type":"Polygon","arcs":[[261,-233,-224,262,263]],"id":138,"properties":{"WD23CD":"E05001166","WD23NM":"St Chad's"}},{"type":"Polygon","arcs":[[-258,264,-213,-249,-239]],"id":139,"properties":{"WD23CD":"E05001167","WD23NM":"St Michael's"}},{"type":"Polygon","arcs":[[265,-236,266]],"id":140,"properties":{"WD23CD":"E05001168","WD23NM":"St Peter's"}},{"type":"Polygon","arcs":[[-215,267,-264,268,-259]],"id":141,"properties":{"WD23CD":"E05001169","WD23NM":"Sandhill"}},{"type":"Polygon","arcs":[[-260,-269,-263,-230,-248,269,270,271]],"id":142,"properties":{"WD23CD":"E05001170","WD23NM":"Shiney Row"}},{"type":"Polygon","arcs":[[-257,-234,-262,-268,-214,-265]],"id":143,"properties":{"WD23CD":"E05001171","WD23NM":"Silksworth"}},{"type":"Polygon","arcs":[[-266,272,-219,-254,-178,-237]],"id":144,"properties":{"WD23CD":"E05001172","WD23NM":"Southwick"}},{"type":"Polygon","arcs":[[273,274,275,276]],"id":145,"properties":{"WD23CD":"E05001173","WD23NM":"Washington Central"}},{"type":"MultiPolygon","arcs":[[[277,278,-271]],[[279,280,281,-274,282,-221]]],"id":146,"properties":{"WD23CD":"E05001174","WD23NM":"Washington East"}},{"type":"Polygon","arcs":[[-187,-222,-283,-277,283,-70]],"id":147,"properties":{"WD23CD":"E05001175","WD23NM":"Washington North"}},{"type":"Polygon","arcs":[[-275,-282,284,-1,-55,285]],"id":148,"properties":{"WD23CD":"E05001176","WD23NM":"Washington South"}},{"type":"Polygon","arcs":[[-284,-276,-286,-54,-49,-83,-71]],"id":149,"properties":{"WD23CD":"E05001177","WD23NM":"Washington West"}},{"type":"Polygon","arcs":[[286,287,288,289,290]],"id":1354,"properties":{"WD23CD":"E05009030","WD23NM":"Annfield Plain"}},{"type":"Polygon","arcs":[[291,292,293,294,295]],"id":1355,"properties":{"WD23CD":"E05009031","WD23NM":"Aycliffe East"}},{"type":"Polygon","arcs":[[-295,296,297,298,299]],"id":1356,"properties":{"WD23CD":"E05009032","WD23NM":"Aycliffe North and Middridge"}},{"type":"Polygon","arcs":[[-294,300,-297]],"id":1357,"properties":{"WD23CD":"E05009033","WD23NM":"Aycliffe West"}},{"type":"Polygon","arcs":[[301,302,303,304,305]],"id":1358,"properties":{"WD23CD":"E05009034","WD23NM":"Barnard Castle East"}},{"type":"Polygon","arcs":[[306,-305,307,308,309,310,311,312]],"id":1359,"properties":{"WD23CD":"E05009035","WD23NM":"Barnard Castle West"}},{"type":"Polygon","arcs":[[313,314,315,316]],"id":1360,"properties":{"WD23CD":"E05009036","WD23NM":"Belmont"}},{"type":"Polygon","arcs":[[317,318,319,320]],"id":1361,"properties":{"WD23CD":"E05009037","WD23NM":"Benfieldside"}},{"type":"Polygon","arcs":[[321,322,323,324,325,326]],"id":1362,"properties":{"WD23CD":"E05009038","WD23NM":"Bishop Auckland Town"}},{"type":"Polygon","arcs":[[327,328,329]],"id":1363,"properties":{"WD23CD":"E05009039","WD23NM":"Bishop Middleham and Cornforth"}},{"type":"Polygon","arcs":[[330,331,332,333,334,335,336,337,338]],"id":1364,"properties":{"WD23CD":"E05009040","WD23NM":"Blackhalls"}},{"type":"Polygon","arcs":[[339,340,341,342,343,344]],"id":1365,"properties":{"WD23CD":"E05009041","WD23NM":"Brandon"}},{"type":"Polygon","arcs":[[345,-290,346,347,-80]],"id":1366,"properties":{"WD23CD":"E05009042","WD23NM":"Burnopfield and Dipton"}},{"type":"Polygon","arcs":[[348,349,350,351,352,353]],"id":1367,"properties":{"WD23CD":"E05009043","WD23NM":"Chester-le-Street East"}},{"type":"Polygon","arcs":[[354,-353,355,356]],"id":1368,"properties":{"WD23CD":"E05009044","WD23NM":"Chester-le-Street North"}},{"type":"Polygon","arcs":[[357,358,-351]],"id":1369,"properties":{"WD23CD":"E05009045","WD23NM":"Chester-le-Street South"}},{"type":"Polygon","arcs":[[-356,-352,-359,359,360]],"id":1370,"properties":{"WD23CD":"E05009046","WD23NM":"Chester-le-Street West Central"}},{"type":"Polygon","arcs":[[361,-296,-300,362,363,364]],"id":1371,"properties":{"WD23CD":"E05009047","WD23NM":"Chilton"}},{"type":"Polygon","arcs":[[365,366,-318,367]],"id":1372,"properties":{"WD23CD":"E05009048","WD23NM":"Consett North"}},{"type":"Polygon","arcs":[[368,369,370,-319,-367]],"id":1373,"properties":{"WD23CD":"E05009049","WD23NM":"Consett South"}},{"type":"Polygon","arcs":[[371,372,-364,373,-322,374]],"id":1374,"properties":{"WD23CD":"E05009050","WD23NM":"Coundon"}},{"type":"Polygon","arcs":[[375,376,-330,377,378,-341,379,380]],"id":1375,"properties":{"WD23CD":"E05009051","WD23NM":"Coxhoe"}},{"type":"Polygon","arcs":[[381,382,383,384,-287,385]],"id":1376,"properties":{"WD23CD":"E05009052","WD23NM":"Craghead and South Moor"}},{"type":"Polygon","arcs":[[-326,386,387,388,389]],"id":1377,"properties":{"WD23CD":"E05009053","WD23NM":"Crook"}},{"type":"Polygon","arcs":[[390,391,392,393,394]],"id":1378,"properties":{"WD23CD":"E05009054","WD23NM":"Dawdon"}},{"type":"Polygon","arcs":[[395,396,-344,397,398,399]],"id":1379,"properties":{"WD23CD":"E05009055","WD23NM":"Deerness"}},{"type":"Polygon","arcs":[[400,-369,-366,401]],"id":1380,"properties":{"WD23CD":"E05009056","WD23NM":"Delves Lane"}},{"type":"Polygon","arcs":[[-393,402,403]],"id":1381,"properties":{"WD23CD":"E05009057","WD23NM":"Deneside"}},{"type":"Polygon","arcs":[[-380,-340,404,405,-314,406]],"id":1382,"properties":{"WD23CD":"E05009058","WD23NM":"Durham South"}},{"type":"Polygon","arcs":[[407,408,409,410,411,-391,412]],"id":1383,"properties":{"WD23CD":"E05009059","WD23NM":"Easington"}},{"type":"Polygon","arcs":[[-315,-406,413,414]],"id":1384,"properties":{"WD23CD":"E05009060","WD23NM":"Elvet and Gilesgate"}},{"type":"Polygon","arcs":[[415,-400,416,417,418,419]],"id":1385,"properties":{"WD23CD":"E05009061","WD23NM":"Esh and Witton Gilbert"}},{"type":"Polygon","arcs":[[420,421,422,-306,-307,423]],"id":1386,"properties":{"WD23CD":"E05009062","WD23NM":"Evenwood"}},{"type":"Polygon","arcs":[[424,-365,-373,425,426,-378,-329]],"id":1387,"properties":{"WD23CD":"E05009063","WD23NM":"Ferryhill"}},{"type":"Polygon","arcs":[[-316,-415,427,-396,-416,428,429,430]],"id":1388,"properties":{"WD23CD":"E05009064","WD23NM":"Framwellgate and Newton Hall"}},{"type":"Polygon","arcs":[[431,-408,432]],"id":1389,"properties":{"WD23CD":"E05009065","WD23NM":"Horden"}},{"type":"Polygon","arcs":[[-385,433,-419,434,435,-370,-401,436,-288]],"id":1390,"properties":{"WD23CD":"E05009066","WD23NM":"Lanchester"}},{"type":"Polygon","arcs":[[-347,-289,-437,-402,-368,-321,437,438]],"id":1391,"properties":{"WD23CD":"E05009067","WD23NM":"Leadgate and Medomsley"}},{"type":"Polygon","arcs":[[-270,-247,439,-430,440,-349,441,442,443,444,-278]],"id":1392,"properties":{"WD23CD":"E05009068","WD23NM":"Lumley"}},{"type":"Polygon","arcs":[[-403,-392,-412,445,-242,-227,446]],"id":1393,"properties":{"WD23CD":"E05009069","WD23NM":"Murton"}},{"type":"Polygon","arcs":[[-414,-405,-345,-397,-428]],"id":1394,"properties":{"WD23CD":"E05009070","WD23NM":"Neville's Cross"}},{"type":"MultiPolygon","arcs":[[[447,-444]],[[-281,448,-442,-354,-355,449,-2,-285]]],"id":1395,"properties":{"WD23CD":"E05009071","WD23NM":"North Lodge"}},{"type":"Polygon","arcs":[[450,-337,451,452]],"id":1396,"properties":{"WD23CD":"E05009072","WD23NM":"Passfield"}},{"type":"Polygon","arcs":[[-3,-450,-357,-361,453,-383,454,455,-56]],"id":1397,"properties":{"WD23CD":"E05009073","WD23NM":"Pelton"}},{"type":"Polygon","arcs":[[-432,456,-338,-451,457,-409]],"id":1398,"properties":{"WD23CD":"E05009074","WD23NM":"Peterlee East"}},{"type":"Polygon","arcs":[[-453,458,-410,-458]],"id":1399,"properties":{"WD23CD":"E05009075","WD23NM":"Peterlee West"}},{"type":"Polygon","arcs":[[-360,-358,-350,-441,-429,-420,-434,-384,-454]],"id":1400,"properties":{"WD23CD":"E05009076","WD23NM":"Sacriston"}},{"type":"Polygon","arcs":[[459,-394,-404,-447,-226,-232,-256]],"id":1401,"properties":{"WD23CD":"E05009077","WD23NM":"Seaham"}},{"type":"Polygon","arcs":[[460,461,-334,462,463,464,465,-292,-362,-425,-328,-377]],"id":1402,"properties":{"WD23CD":"E05009078","WD23NM":"Sedgefield"}},{"type":"Polygon","arcs":[[-244,466,467,-381,-407,-317,-431,-440,-246]],"id":1403,"properties":{"WD23CD":"E05009079","WD23NM":"Sherburn"}},{"type":"Polygon","arcs":[[-363,-299,468,-422,469,470,-323,-374]],"id":1404,"properties":{"WD23CD":"E05009080","WD23NM":"Shildon and Dene Valley"}},{"type":"Polygon","arcs":[[-411,-459,-452,-336,471,472,-467,-243,-446]],"id":1405,"properties":{"WD23CD":"E05009081","WD23NM":"Shotton and South Hetton"}},{"type":"Polygon","arcs":[[-426,-372,473,474]],"id":1406,"properties":{"WD23CD":"E05009082","WD23NM":"Spennymoor"}},{"type":"Polygon","arcs":[[-455,-382,475]],"id":1407,"properties":{"WD23CD":"E05009083","WD23NM":"Stanley"}},{"type":"Polygon","arcs":[[-57,-456,-476,-386,-291,-346,-79]],"id":1408,"properties":{"WD23CD":"E05009084","WD23NM":"Tanfield"}},{"type":"Polygon","arcs":[[-399,476,-389,477,-417]],"id":1409,"properties":{"WD23CD":"E05009085","WD23NM":"Tow Law"}},{"type":"Polygon","arcs":[[478,-461,-376,-468,-473]],"id":1410,"properties":{"WD23CD":"E05009086","WD23NM":"Trimdon and Thornley"}},{"type":"Polygon","arcs":[[-379,-427,-475,479,-342]],"id":1411,"properties":{"WD23CD":"E05009087","WD23NM":"Tudhoe"}},{"type":"Polygon","arcs":[[-435,-418,-478,-388,-424,-313,480,481]],"id":1412,"properties":{"WD23CD":"E05009088","WD23NM":"Weardale"}},{"type":"Polygon","arcs":[[-325,482,-470,-421,-387]],"id":1413,"properties":{"WD23CD":"E05009089","WD23NM":"West Auckland"}},{"type":"Polygon","arcs":[[-480,-474,-375,-327,-390,-477,-398,-343]],"id":1414,"properties":{"WD23CD":"E05009090","WD23NM":"Willington and Hunwick"}},{"type":"Polygon","arcs":[[-335,-462,-479,-472]],"id":1415,"properties":{"WD23CD":"E05009091","WD23NM":"Wingate"}},{"type":"Polygon","arcs":[[-471,-483,-324]],"id":1416,"properties":{"WD23CD":"E05009092","WD23NM":"Woodhouse Close"}},{"type":"MultiPolygon","arcs":[[[483]],[[484,485,486,487]]],"id":1417,"properties":{"WD23CD":"E05009093","WD23NM":"Alnwick"}},{"type":"MultiPolygon","arcs":[[[488]],[[489,490,491]],[[492,493]]],"id":1418,"properties":{"WD23CD":"E05009094","WD23NM":"Amble"}},{"type":"Polygon","arcs":[[-494,494,-491,495,496,497,498,-486,499]],"id":1419,"properties":{"WD23CD":"E05009095","WD23NM":"Amble West with Warkworth"}},{"type":"Polygon","arcs":[[500,501,502,503]],"id":1420,"properties":{"WD23CD":"E05009096","WD23NM":"Ashington Central"}},{"type":"MultiPolygon","arcs":[[[504,-505,505]],[[506]],[[507]],[[508]],[[509]],[[510]],[[511]],[[512]],[[513]],[[514]],[[515]],[[516]],[[517]],[[518]],[[519]],[[520]],[[521]],[[522]],[[523,524,525,526,527,528]]],"id":1421,"properties":{"WD23CD":"E05009097","WD23NM":"Bamburgh"}},{"type":"Polygon","arcs":[[529,530,531,532]],"id":1422,"properties":{"WD23CD":"E05009098","WD23NM":"Bedlington Central"}},{"type":"MultiPolygon","arcs":[[[533,-534,534]],[[535,536,-533,537,538,539,540]]],"id":1423,"properties":{"WD23CD":"E05009099","WD23NM":"Bedlington East"}},{"type":"Polygon","arcs":[[-538,-532,541,542,543,544]],"id":1424,"properties":{"WD23CD":"E05009100","WD23NM":"Bedlington West"}},{"type":"Polygon","arcs":[[545,546,547,548,549,550,551,552,553,554,555]],"id":1425,"properties":{"WD23CD":"E05009101","WD23NM":"Bellingham"}},{"type":"MultiPolygon","arcs":[[[556,557,558]],[[559,560]]],"id":1426,"properties":{"WD23CD":"E05009102","WD23NM":"Berwick East"}},{"type":"MultiPolygon","arcs":[[[561,-562,562]],[[563,-564,562]],[[564]],[[565,566,567,568]]],"id":1427,"properties":{"WD23CD":"E05009103","WD23NM":"Berwick North"}},{"type":"MultiPolygon","arcs":[[[-562,563,569]],[[565,-566,570]],[[-558,571,572,-560,573]]],"id":1428,"properties":{"WD23CD":"E05009104","WD23NM":"Berwick West with Ord"}},{"type":"Polygon","arcs":[[574,-32,575,576,577,578,579]],"id":1429,"properties":{"WD23CD":"E05009106","WD23NM":"Bywell"}},{"type":"Polygon","arcs":[[580,-539,-545,581,582]],"id":1430,"properties":{"WD23CD":"E05009107","WD23NM":"Choppington"}},{"type":"Polygon","arcs":[[583,584,-501,585,586]],"id":1431,"properties":{"WD23CD":"E05009108","WD23NM":"College"}},{"type":"Polygon","arcs":[[-579,587,588,589,590,591,592]],"id":1432,"properties":{"WD23CD":"E05009109","WD23NM":"Corbridge"}},{"type":"Polygon","arcs":[[593,594,595,596,597]],"id":1433,"properties":{"WD23CD":"E05009110","WD23NM":"Cowpen"}},{"type":"Polygon","arcs":[[598,599,600,601]],"id":1434,"properties":{"WD23CD":"E05009111","WD23NM":"Cramlington East"}},{"type":"Polygon","arcs":[[-602,602,603,604,605]],"id":1435,"properties":{"WD23CD":"E05009112","WD23NM":"Cramlington Eastfield"}},{"type":"Polygon","arcs":[[-605,606,607]],"id":1436,"properties":{"WD23CD":"E05009113","WD23NM":"Cramlington North"}},{"type":"Polygon","arcs":[[608,-101,-150,609,610,-600]],"id":1437,"properties":{"WD23CD":"E05009114","WD23NM":"Cramlington South East"}},{"type":"Polygon","arcs":[[-601,-611,611,-603]],"id":1438,"properties":{"WD23CD":"E05009115","WD23NM":"Cramlington Village"}},{"type":"Polygon","arcs":[[612,-607,-604,-612,-610,-154,613,-542,-531,614]],"id":1439,"properties":{"WD23CD":"E05009116","WD23NM":"Cramlington West"}},{"type":"Polygon","arcs":[[615,616,-594,617]],"id":1440,"properties":{"WD23CD":"E05009117","WD23NM":"Croft"}},{"type":"Polygon","arcs":[[618,619,620,621,-496,-490]],"id":1441,"properties":{"WD23CD":"E05009118","WD23NM":"Druridge Bay"}},{"type":"Polygon","arcs":[[622,623,624,625,626]],"id":1442,"properties":{"WD23CD":"E05009119","WD23NM":"Haltwhistle"}},{"type":"Polygon","arcs":[[627,-144,628,629,630,631]],"id":1443,"properties":{"WD23CD":"E05009120","WD23NM":"Hartley"}},{"type":"Polygon","arcs":[[-585,632,633,634,-502]],"id":1444,"properties":{"WD23CD":"E05009121","WD23NM":"Haydon"}},{"type":"Polygon","arcs":[[635,636,-627,637,-550,638]],"id":1445,"properties":{"WD23CD":"E05009122","WD23NM":"Haydon and Hadrian"}},{"type":"Polygon","arcs":[[639,640,641,-591]],"id":1446,"properties":{"WD23CD":"E05009123","WD23NM":"Hexham Central with Acomb"}},{"type":"Polygon","arcs":[[-590,642,643,644,645,-640]],"id":1447,"properties":{"WD23CD":"E05009124","WD23NM":"Hexham East"}},{"type":"Polygon","arcs":[[-646,646,-636,647,-641]],"id":1448,"properties":{"WD23CD":"E05009125","WD23NM":"Hexham West"}},{"type":"Polygon","arcs":[[648,649,-586,-504,650,651]],"id":1449,"properties":{"WD23CD":"E05009126","WD23NM":"Hirst"}},{"type":"Polygon","arcs":[[-143,-147,652,-629]],"id":1450,"properties":{"WD23CD":"E05009127","WD23NM":"Holywell"}},{"type":"Polygon","arcs":[[653,-592,-642,-648,-639,-549]],"id":1451,"properties":{"WD23CD":"E05009128","WD23NM":"Humshaugh"}},{"type":"Polygon","arcs":[[654,655,656,-595,-617]],"id":1452,"properties":{"WD23CD":"E05009129","WD23NM":"Isabella"}},{"type":"Polygon","arcs":[[657,-615,-530,-537,658,533,659,660,661,-597]],"id":1453,"properties":{"WD23CD":"E05009130","WD23NM":"Kitty Brewster"}},{"type":"Polygon","arcs":[[-498,662,663,664,665,666,667,668,-582,-544,669,670,-546,671,672]],"id":1454,"properties":{"WD23CD":"E05009131","WD23NM":"Longhorsley"}},{"type":"MultiPolygon","arcs":[[[523,-524,673]],[[674,504,675,-488,676,677,678,-526]]],"id":1455,"properties":{"WD23CD":"E05009132","WD23NM":"Longhoughton"}},{"type":"Polygon","arcs":[[679,-652,680,681,-621]],"id":1456,"properties":{"WD23CD":"E05009133","WD23NM":"Lynemouth"}},{"type":"Polygon","arcs":[[682,-665,683]],"id":1457,"properties":{"WD23CD":"E05009134","WD23NM":"Morpeth Kirkhill"}},{"type":"Polygon","arcs":[[-667,684,-684,-664,685]],"id":1458,"properties":{"WD23CD":"E05009135","WD23NM":"Morpeth North"}},{"type":"Polygon","arcs":[[-666,-683,-685]],"id":1459,"properties":{"WD23CD":"E05009136","WD23NM":"Morpeth Stobhill"}},{"type":"Polygon","arcs":[[686,-649,-680,-620,687]],"id":1460,"properties":{"WD23CD":"E05009137","WD23NM":"Newbiggin Central and East"}},{"type":"MultiPolygon","arcs":[[[688]],[[689]],[[690,691]],[[692]],[[-557,693,-528,694,695,696,697,-572]]],"id":1461,"properties":{"WD23CD":"E05009139","WD23NM":"Norham and Islandshires"}},{"type":"Polygon","arcs":[[698,699,-656,700]],"id":1462,"properties":{"WD23CD":"E05009141","WD23NM":"Plessey"}},{"type":"Polygon","arcs":[[-543,-614,-153,701,702,703,704,-670]],"id":1463,"properties":{"WD23CD":"E05009142","WD23NM":"Ponteland East and Stannington"}},{"type":"Polygon","arcs":[[-705,705,706,-547,-671]],"id":1464,"properties":{"WD23CD":"E05009143","WD23NM":"Ponteland North"}},{"type":"Polygon","arcs":[[707,708,-33,-575,709,-706,-704]],"id":1465,"properties":{"WD23CD":"E05009144","WD23NM":"Ponteland South with Heddon"}},{"type":"Polygon","arcs":[[-707,-710,-580,-593,-654,-548]],"id":1466,"properties":{"WD23CD":"E05009145","WD23NM":"Ponteland West"}},{"type":"Polygon","arcs":[[710,711,-577]],"id":1467,"properties":{"WD23CD":"E05009146","WD23NM":"Prudhoe North"}},{"type":"Polygon","arcs":[[-31,712,713,-711,-576]],"id":1468,"properties":{"WD23CD":"E05009147","WD23NM":"Prudhoe South"}},{"type":"Polygon","arcs":[[-678,714,-672,-556,715,716,717]],"id":1469,"properties":{"WD23CD":"E05009148","WD23NM":"Rothbury"}},{"type":"Polygon","arcs":[[718,719,-587,-650,-687]],"id":1470,"properties":{"WD23CD":"E05009149","WD23NM":"Seaton with Newbiggin West"}},{"type":"Polygon","arcs":[[-499,-673,-715,-677,-487]],"id":1471,"properties":{"WD23CD":"E05009151","WD23NM":"Shilbottle"}},{"type":"MultiPolygon","arcs":[[[-661,660,720]],[[-633,-584,-720,721,-541,722]]],"id":1472,"properties":{"WD23CD":"E05009152","WD23NM":"Sleekburn"}},{"type":"Polygon","arcs":[[723,724,-632,725,-699]],"id":1473,"properties":{"WD23CD":"E05009153","WD23NM":"South Blyth"}},{"type":"Polygon","arcs":[[-589,726,-713,-30,727,-438,-320,-371,-436,-482,728,-623,-637,-647,-645,-644,-643]],"id":1474,"properties":{"WD23CD":"E05009154","WD23NM":"South Tynedale"}},{"type":"Polygon","arcs":[[-634,-723,-540,-581,729]],"id":1475,"properties":{"WD23CD":"E05009155","WD23NM":"Stakeford"}},{"type":"Polygon","arcs":[[-712,-714,-727,-588,-578]],"id":1476,"properties":{"WD23CD":"E05009156","WD23NM":"Stocksfield and Broomhaugh"}},{"type":"Polygon","arcs":[[-724,-701,-655,-616,730]],"id":1477,"properties":{"WD23CD":"E05009157","WD23NM":"Wensleydale"}},{"type":"Polygon","arcs":[[-695,-527,-679,-718,731,732]],"id":1478,"properties":{"WD23CD":"E05009158","WD23NM":"Wooler"}},{"type":"Polygon","arcs":[[-84,-81,-348,-439,-728,-29]],"id":1511,"properties":{"WD23CD":"E05009313","WD23NM":"Chopwell and Rowlands Gill"}},{"type":"Polygon","arcs":[[733,734,735,736,737,738]],"id":1813,"properties":{"WD23CD":"E05009853","WD23NM":"Acklam"}},{"type":"MultiPolygon","arcs":[[[739,-740,740]],[[741,-742,742]],[[743,-744,744]],[[-737,745,746,747,748,749,750,751,752,753,754]]],"id":1814,"properties":{"WD23CD":"E05009854","WD23NM":"Ayresome"}},{"type":"Polygon","arcs":[[755,756,757,758,759]],"id":1815,"properties":{"WD23CD":"E05009855","WD23NM":"Berwick Hills & Pallister"}},{"type":"Polygon","arcs":[[760,-760,761,762,763]],"id":1816,"properties":{"WD23CD":"E05009856","WD23NM":"Brambles & Thorntree"}},{"type":"MultiPolygon","arcs":[[[764,-765,765]],[[766,767]],[[768,769,770,771,-763,772,773,774,775,776]]],"id":1817,"properties":{"WD23CD":"E05009857","WD23NM":"Central"}},{"type":"Polygon","arcs":[[777,778,779,780,781,782]],"id":1818,"properties":{"WD23CD":"E05009858","WD23NM":"Coulby Newham"}},{"type":"Polygon","arcs":[[783,784,-780]],"id":1819,"properties":{"WD23CD":"E05009859","WD23NM":"Hemlington"}},{"type":"Polygon","arcs":[[-736,785,-781,-785,786,-746]],"id":1820,"properties":{"WD23CD":"E05009860","WD23NM":"Kader"}},{"type":"Polygon","arcs":[[787,-782,-786,-735,788,789]],"id":1821,"properties":{"WD23CD":"E05009861","WD23NM":"Ladgate"}},{"type":"Polygon","arcs":[[790,-738,-755,791]],"id":1822,"properties":{"WD23CD":"E05009862","WD23NM":"Linthorpe"}},{"type":"Polygon","arcs":[[-758,792,-789,-734,793,-774]],"id":1823,"properties":{"WD23CD":"E05009863","WD23NM":"Longlands & Beechwood"}},{"type":"Polygon","arcs":[[794,795,-783,-788,796]],"id":1824,"properties":{"WD23CD":"E05009865","WD23NM":"Marton West"}},{"type":"Polygon","arcs":[[797,-792,-754,798,799,800,-776]],"id":1825,"properties":{"WD23CD":"E05009866","WD23NM":"Newport"}},{"type":"Polygon","arcs":[[-762,-759,-773]],"id":1826,"properties":{"WD23CD":"E05009867","WD23NM":"North Ormesby"}},{"type":"Polygon","arcs":[[-794,-739,-791,-798,-775]],"id":1827,"properties":{"WD23CD":"E05009869","WD23NM":"Park"}},{"type":"Polygon","arcs":[[801,802,803,-756,-761,804]],"id":1828,"properties":{"WD23CD":"E05009870","WD23NM":"Park End & Beckfield"}},{"type":"Polygon","arcs":[[-784,-779,805,806,807,808]],"id":1829,"properties":{"WD23CD":"E05009871","WD23NM":"Stainton & Thornton"}},{"type":"MultiPolygon","arcs":[[[-747,-787,-809,809,810]],[[811,-812,812]],[[813,-748]]],"id":1830,"properties":{"WD23CD":"E05009872","WD23NM":"Trimdon"}},{"type":"Polygon","arcs":[[814,815,816,817]],"id":2179,"properties":{"WD23CD":"E05010412","WD23NM":"Bank Top & Lascelles"}},{"type":"Polygon","arcs":[[818,819,820,821,822]],"id":2180,"properties":{"WD23CD":"E05010413","WD23NM":"Brinkburn & Faverdale"}},{"type":"Polygon","arcs":[[823,824,825,-822]],"id":2181,"properties":{"WD23CD":"E05010414","WD23NM":"Cockerton"}},{"type":"Polygon","arcs":[[826,827,828,829,830]],"id":2182,"properties":{"WD23CD":"E05010415","WD23NM":"College"}},{"type":"Polygon","arcs":[[831,832,833,-815,834]],"id":2183,"properties":{"WD23CD":"E05010416","WD23NM":"Eastbourne"}},{"type":"Polygon","arcs":[[835,836,837,838,-819,839]],"id":2184,"properties":{"WD23CD":"E05010417","WD23NM":"Harrowgate Hill"}},{"type":"Polygon","arcs":[[840,841,842,843,844,-838]],"id":2185,"properties":{"WD23CD":"E05010418","WD23NM":"Haughton & Springfield"}},{"type":"Polygon","arcs":[[-298,-301,-293,-466,845,-840,-823,-826,846,847,848,-302,-423,-469]],"id":2186,"properties":{"WD23CD":"E05010419","WD23NM":"Heighington & Coniscliffe"}},{"type":"Polygon","arcs":[[-829,849,850,-848,851]],"id":2187,"properties":{"WD23CD":"E05010420","WD23NM":"Hummersknott"}},{"type":"Polygon","arcs":[[852,853,854,855,-833,856]],"id":2188,"properties":{"WD23CD":"E05010421","WD23NM":"Hurworth"}},{"type":"Polygon","arcs":[[857,-830,-852,-847,-825]],"id":2189,"properties":{"WD23CD":"E05010422","WD23NM":"Mowden"}},{"type":"Polygon","arcs":[[-845,858,859,860,861,-820,-839]],"id":2190,"properties":{"WD23CD":"E05010423","WD23NM":"North Road"}},{"type":"Polygon","arcs":[[862,863,-861]],"id":2191,"properties":{"WD23CD":"E05010424","WD23NM":"Northgate"}},{"type":"Polygon","arcs":[[-816,-834,-856,864,-827,865,-863,-860,866]],"id":2192,"properties":{"WD23CD":"E05010425","WD23NM":"Park East"}},{"type":"Polygon","arcs":[[-855,867,-850,-828,-865]],"id":2193,"properties":{"WD23CD":"E05010426","WD23NM":"Park West"}},{"type":"Polygon","arcs":[[-864,-866,-831,-858,-824,-821,-862]],"id":2194,"properties":{"WD23CD":"E05010427","WD23NM":"Pierremont"}},{"type":"Polygon","arcs":[[868,-835,-818,869,-843]],"id":2195,"properties":{"WD23CD":"E05010428","WD23NM":"Red Hall & Lingfield"}},{"type":"Polygon","arcs":[[870,871,-857,-832,-869,-842,872,-836,-846,-465,873]],"id":2196,"properties":{"WD23CD":"E05010429","WD23NM":"Sadberge & Middleton St George"}},{"type":"Polygon","arcs":[[-870,-817,-867,-859,-844]],"id":2197,"properties":{"WD23CD":"E05010430","WD23NM":"Stephenson"}},{"type":"Polygon","arcs":[[-841,-837,-873]],"id":2198,"properties":{"WD23CD":"E05010431","WD23NM":"Whinfield"}},{"type":"Polygon","arcs":[[874,875,876]],"id":3016,"properties":{"WD23CD":"E05011436","WD23NM":"Arthur's Hill"}},{"type":"Polygon","arcs":[[877,878,879,880]],"id":3017,"properties":{"WD23CD":"E05011437","WD23NM":"Benwell & Scotswood"}},{"type":"Polygon","arcs":[[881,882,883,884,885,886]],"id":3018,"properties":{"WD23CD":"E05011438","WD23NM":"Blakelaw"}},{"type":"MultiPolygon","arcs":[[[887,-888,888]],[[889,890,891,892,893]]],"id":3019,"properties":{"WD23CD":"E05011439","WD23NM":"Byker"}},{"type":"Polygon","arcs":[[894,895,896,897,898,899,-708,-703]],"id":3020,"properties":{"WD23CD":"E05011440","WD23NM":"Callerton & Throckley"}},{"type":"Polygon","arcs":[[-152,900,901,902,-895,-702]],"id":3021,"properties":{"WD23CD":"E05011441","WD23NM":"Castle"}},{"type":"Polygon","arcs":[[903,904,-898]],"id":3022,"properties":{"WD23CD":"E05011442","WD23NM":"Chapel"}},{"type":"Polygon","arcs":[[-121,-94,905,906,907,908,909]],"id":3023,"properties":{"WD23CD":"E05011443","WD23NM":"Dene & South Gosforth"}},{"type":"Polygon","arcs":[[-885,910,911,-904,-897,912]],"id":3024,"properties":{"WD23CD":"E05011444","WD23NM":"Denton & Westerhope"}},{"type":"Polygon","arcs":[[913,-876,914,915,-878,916]],"id":3025,"properties":{"WD23CD":"E05011445","WD23NM":"Elswick"}},{"type":"Polygon","arcs":[[917,918,919,-902,920]],"id":3026,"properties":{"WD23CD":"E05011446","WD23NM":"Fawdon & West Gosforth"}},{"type":"Polygon","arcs":[[-909,921,-882,922,-918,923]],"id":3027,"properties":{"WD23CD":"E05011447","WD23NM":"Gosforth"}},{"type":"Polygon","arcs":[[924,-893,925,926,-907,927,-133]],"id":3028,"properties":{"WD23CD":"E05011448","WD23NM":"Heaton"}},{"type":"Polygon","arcs":[[-923,-887,928,-919]],"id":3029,"properties":{"WD23CD":"E05011449","WD23NM":"Kenton"}},{"type":"Polygon","arcs":[[-920,-929,-886,-913,-896,-903]],"id":3030,"properties":{"WD23CD":"E05011450","WD23NM":"Kingston Park South & Newbiggin Hall"}},{"type":"Polygon","arcs":[[-912,-880,929,-899,-905]],"id":3031,"properties":{"WD23CD":"E05011451","WD23NM":"Lemington"}},{"type":"Polygon","arcs":[[-134,-928,-906,-93]],"id":3032,"properties":{"WD23CD":"E05011452","WD23NM":"Manor Park"}},{"type":"Polygon","arcs":[[930,931,932,-915,-875,933]],"id":3033,"properties":{"WD23CD":"E05011453","WD23NM":"Monument"}},{"type":"Polygon","arcs":[[934,935,-908]],"id":3034,"properties":{"WD23CD":"E05011454","WD23NM":"North Jesmond"}},{"type":"Polygon","arcs":[[-892,936,-888,937,-932,938,-926]],"id":3035,"properties":{"WD23CD":"E05011455","WD23NM":"Ouseburn"}},{"type":"Polygon","arcs":[[-122,-910,-924,-921,-901,-151]],"id":3036,"properties":{"WD23CD":"E05011456","WD23NM":"Parklands"}},{"type":"Polygon","arcs":[[-927,-939,-931,939,-935]],"id":3037,"properties":{"WD23CD":"E05011457","WD23NM":"South Jesmond"}},{"type":"Polygon","arcs":[[940,-890,941]],"id":3038,"properties":{"WD23CD":"E05011458","WD23NM":"Walker"}},{"type":"Polygon","arcs":[[-149,942,-942,-894,-925,-132]],"id":3039,"properties":{"WD23CD":"E05011459","WD23NM":"Walkergate"}},{"type":"Polygon","arcs":[[943,-917,-881,-911,-884]],"id":3040,"properties":{"WD23CD":"E05011460","WD23NM":"West Fenham"}},{"type":"Polygon","arcs":[[-936,-940,-934,-877,-914,-944,-883,-922]],"id":3041,"properties":{"WD23CD":"E05011461","WD23NM":"Wingrove"}},{"type":"Polygon","arcs":[[944,945,946,947,948]],"id":3887,"properties":{"WD23CD":"E05012437","WD23NM":"Belmont"}},{"type":"Polygon","arcs":[[949,950,951,952,953]],"id":3888,"properties":{"WD23CD":"E05012438","WD23NM":"Brotton"}},{"type":"MultiPolygon","arcs":[[[954,-955,955]],[[956,957]],[[958,-959,959]],[[960]],[[961,962,963,964,965,966]]],"id":3889,"properties":{"WD23CD":"E05012439","WD23NM":"Coatham"}},{"type":"Polygon","arcs":[[967,968,969,970,971,-965]],"id":3890,"properties":{"WD23CD":"E05012440","WD23NM":"Dormanstown"}},{"type":"Polygon","arcs":[[972,973,974,975,-970,976]],"id":3891,"properties":{"WD23CD":"E05012441","WD23NM":"Eston"}},{"type":"Polygon","arcs":[[-971,-976,977,978]],"id":3892,"properties":{"WD23CD":"E05012442","WD23NM":"Grangetown"}},{"type":"Polygon","arcs":[[979,980,981,982,-948,983,984,985,-973,986]],"id":3893,"properties":{"WD23CD":"E05012443","WD23NM":"Guisborough"}},{"type":"Polygon","arcs":[[-947,987,988,989,-984]],"id":3894,"properties":{"WD23CD":"E05012444","WD23NM":"Hutton"}},{"type":"Polygon","arcs":[[990,991,-987,-977,-969,992,993]],"id":3895,"properties":{"WD23CD":"E05012445","WD23NM":"Kirkleatham"}},{"type":"Polygon","arcs":[[994,995,-949,-983,996,997,-951]],"id":3896,"properties":{"WD23CD":"E05012446","WD23NM":"Lockwood"}},{"type":"Polygon","arcs":[[998,999,1000,-995,-950,1001]],"id":3897,"properties":{"WD23CD":"E05012447","WD23NM":"Loftus"}},{"type":"Polygon","arcs":[[1002,1003,-980,-992,1004,1005,1006,1007]],"id":3898,"properties":{"WD23CD":"E05012448","WD23NM":"Longbeck"}},{"type":"Polygon","arcs":[[1008,-993,-968,-964]],"id":3899,"properties":{"WD23CD":"E05012449","WD23NM":"Newcomen"}},{"type":"Polygon","arcs":[[-974,-986,1009,-802,1010,1011]],"id":3900,"properties":{"WD23CD":"E05012450","WD23NM":"Normanby"}},{"type":"Polygon","arcs":[[-985,-990,1012,1013,-803,-1010]],"id":3901,"properties":{"WD23CD":"E05012451","WD23NM":"Ormesby"}},{"type":"Polygon","arcs":[[1014,1015,-1003]],"id":3902,"properties":{"WD23CD":"E05012452","WD23NM":"St Germain's"}},{"type":"Polygon","arcs":[[-953,1016,1017,-981,-1004,-1016,1018]],"id":3903,"properties":{"WD23CD":"E05012453","WD23NM":"Saltburn"}},{"type":"Polygon","arcs":[[-998,1019,-1017,-952]],"id":3904,"properties":{"WD23CD":"E05012454","WD23NM":"Skelton East"}},{"type":"Polygon","arcs":[[-1020,-997,-982,-1018]],"id":3905,"properties":{"WD23CD":"E05012455","WD23NM":"Skelton West"}},{"type":"MultiPolygon","arcs":[[[-769,1020]],[[-972,-979,1021,-1011,-805,-764,-772,1022,-765,1023,-767,1024,-959,1025,-957,1026,954,1027,-966]]],"id":3906,"properties":{"WD23CD":"E05012456","WD23NM":"South Bank"}},{"type":"Polygon","arcs":[[-978,-975,-1012,-1022]],"id":3907,"properties":{"WD23CD":"E05012457","WD23NM":"Teesville"}},{"type":"Polygon","arcs":[[1028,-1006,1029,-994,-1009,-963]],"id":3908,"properties":{"WD23CD":"E05012458","WD23NM":"West Dyke"}},{"type":"Polygon","arcs":[[-1005,-991,-1030]],"id":3909,"properties":{"WD23CD":"E05012459","WD23NM":"Wheatlands"}},{"type":"Polygon","arcs":[[-1007,-1029,-962,1030]],"id":3910,"properties":{"WD23CD":"E05012460","WD23NM":"Zetland"}},{"type":"Polygon","arcs":[[1031,1032,1033,1034,1035,1036,1037]],"id":4358,"properties":{"WD23CD":"E05013038","WD23NM":"Burn Valley"}},{"type":"Polygon","arcs":[[1038,1039,1040,-331,1041]],"id":4359,"properties":{"WD23CD":"E05013039","WD23NM":"De Bruce"}},{"type":"MultiPolygon","arcs":[[[1042,-1043,1043]],[[1044,1044,1044]],[[1045,-1046,1046]],[[1047,-1048,1048]],[[1049,-1050,1050]],[[1051,1052,1053,1054,1055,1056,1057,1058,1059,1060,1061,1062,1063,1064,1065,1066,1067,1068,1069,1070,1071]]],"id":4360,"properties":{"WD23CD":"E05013040","WD23NM":"Fens & Greatham"}},{"type":"Polygon","arcs":[[1072,1073,-1034]],"id":4361,"properties":{"WD23CD":"E05013041","WD23NM":"Foggy Furze"}},{"type":"Polygon","arcs":[[-1041,1074,1075,-332]],"id":4362,"properties":{"WD23CD":"E05013042","WD23NM":"Hart"}},{"type":"Polygon","arcs":[[1076,-1038,1077,1078,-1039,1079]],"id":4363,"properties":{"WD23CD":"E05013043","WD23NM":"Headland & Harbour"}},{"type":"Polygon","arcs":[[-1074,1080,-1072,1081,-1035]],"id":4364,"properties":{"WD23CD":"E05013044","WD23NM":"Manor House"}},{"type":"Polygon","arcs":[[1082,-1052,-1081,-1073,-1033]],"id":4365,"properties":{"WD23CD":"E05013045","WD23NM":"Rossmere"}},{"type":"Polygon","arcs":[[1083,1084,-1036,-1082,-1071,1085,-463,-333,-1076]],"id":4366,"properties":{"WD23CD":"E05013046","WD23NM":"Rural West"}},{"type":"Polygon","arcs":[[1086,-1053,-1083,-1032,-1077]],"id":4367,"properties":{"WD23CD":"E05013047","WD23NM":"Seaton"}},{"type":"Polygon","arcs":[[-1040,-1079,1087,-1084,-1075]],"id":4368,"properties":{"WD23CD":"E05013048","WD23NM":"Throston"}},{"type":"Polygon","arcs":[[-1037,-1085,-1088,-1078]],"id":4369,"properties":{"WD23CD":"E05013049","WD23NM":"Victoria"}},{"type":"Polygon","arcs":[[-700,-726,-631,1088,-608,-613,-658,-596,-657]],"id":4588,"properties":{"WD23CD":"E05013270","WD23NM":"Newsham"}},{"type":"Polygon","arcs":[[-630,-653,-146,-102,-609,-599,-606,-1089]],"id":4589,"properties":{"WD23CD":"E05013271","WD23NM":"Seghill with Seaton Delaval"}},{"type":"Polygon","arcs":[[-681,-651,-503,-635,-730,-583,-669,1089]],"id":5150,"properties":{"WD23CD":"E05013862","WD23NM":"Bothal"}},{"type":"Polygon","arcs":[[-682,-1090,-668,-686,-663,-497,-622]],"id":5151,"properties":{"WD23CD":"E05013863","WD23NM":"Pegswood"}},{"type":"Polygon","arcs":[[1090,1091,1092,1093]],"id":6140,"properties":{"WD23CD":"E05014858","WD23NM":"Billingham Central"}},{"type":"MultiPolygon","arcs":[[[-1065,1064,1094]],[[1095,-1046,1096,1097,-1094,1098,-1067]]],"id":6141,"properties":{"WD23CD":"E05014859","WD23NM":"Billingham East"}},{"type":"Polygon","arcs":[[-1099,-1093,1099,-1068]],"id":6142,"properties":{"WD23CD":"E05014860","WD23NM":"Billingham North"}},{"type":"MultiPolygon","arcs":[[[1060,-1061,1100]],[[1062,-1063,1101]],[[-1055,1054,1102]],[[-1048,1103,-1050,1104]],[[1058,-1059,1105]],[[1056,-1057,1106]],[[1107,1108,-1091,-1098,1109,1042,1110,1111]]],"id":6143,"properties":{"WD23CD":"E05014861","WD23NM":"Billingham South"}},{"type":"Polygon","arcs":[[-1069,-1100,-1092,-1109,1112,1113,1114,1115]],"id":6144,"properties":{"WD23CD":"E05014862","WD23NM":"Billingham West & Wolviston"}},{"type":"Polygon","arcs":[[1116,1117,1118,1119,1120]],"id":6145,"properties":{"WD23CD":"E05014863","WD23NM":"Bishopsgarth & Elm Tree"}},{"type":"Polygon","arcs":[[1121,1122,1123,1124,1125,1126,1127,1128,1129]],"id":6146,"properties":{"WD23CD":"E05014864","WD23NM":"Eaglescliffe East"}},{"type":"Polygon","arcs":[[1130,-1126,1131,-1133,-871,1133]],"id":6147,"properties":{"WD23CD":"E05014865","WD23NM":"Eaglescliffe West"}},{"type":"Polygon","arcs":[[1134,1135,-1118]],"id":6148,"properties":{"WD23CD":"E05014866","WD23NM":"Fairfield"}},{"type":"Polygon","arcs":[[1136,1137,1138,-1135,-1117,1139,1140]],"id":6149,"properties":{"WD23CD":"E05014867","WD23NM":"Grangefield"}},{"type":"Polygon","arcs":[[1141,-1140,-1121,1142]],"id":6150,"properties":{"WD23CD":"E05014868","WD23NM":"Hardwick & Salters Lane"}},{"type":"Polygon","arcs":[[-1139,1143,-1127,-1131,1144,-1119,-1136]],"id":6151,"properties":{"WD23CD":"E05014869","WD23NM":"Hartburn"}},{"type":"Polygon","arcs":[[1145,1146,-1123]],"id":6152,"properties":{"WD23CD":"E05014870","WD23NM":"Ingleby Barwick North"}},{"type":"Polygon","arcs":[[1147,1148,-1124,-1147,1149]],"id":6153,"properties":{"WD23CD":"E05014871","WD23NM":"Ingleby Barwick South"}},{"type":"MultiPolygon","arcs":[[[-750,749,1150]],[[1151,-752]],[[799,-800,1152]],[[1153,-744,1154,-742,1155,-740,1156,1157,1158,-1130,1159]]],"id":6154,"properties":{"WD23CD":"E05014872","WD23NM":"Mandale & Victoria"}},{"type":"Polygon","arcs":[[1160,1161,-1137,1162]],"id":6155,"properties":{"WD23CD":"E05014873","WD23NM":"Newtown"}},{"type":"Polygon","arcs":[[-1070,-1116,1163,1164,-1143,-1120,-1145,-1134,-874,-464,-1086]],"id":6156,"properties":{"WD23CD":"E05014874","WD23NM":"Northern Parishes"}},{"type":"Polygon","arcs":[[1165,1166,1167,-1114]],"id":6157,"properties":{"WD23CD":"E05014875","WD23NM":"Norton Central"}},{"type":"Polygon","arcs":[[-1168,1168,-1164,-1115]],"id":6158,"properties":{"WD23CD":"E05014876","WD23NM":"Norton North"}},{"type":"Polygon","arcs":[[-1108,1169,1170,1171,-1166,-1113]],"id":6159,"properties":{"WD23CD":"E05014877","WD23NM":"Norton South"}},{"type":"Polygon","arcs":[[1172,-1128,-1144,-1138,-1162]],"id":6160,"properties":{"WD23CD":"E05014878","WD23NM":"Ropner"}},{"type":"Polygon","arcs":[[-1169,-1167,-1172,-1163,-1141,-1142,-1165]],"id":6161,"properties":{"WD23CD":"E05014879","WD23NM":"Roseworth"}},{"type":"Polygon","arcs":[[-807,-1174,-1175,1175,-1148,1176,1177]],"id":6162,"properties":{"WD23CD":"E05014880","WD23NM":"Southern Villages"}},{"type":"Polygon","arcs":[[1178,-812,-810,-808,-1178,1179,-1158]],"id":6163,"properties":{"WD23CD":"E05014881","WD23NM":"Stainsby Hill"}},{"type":"Polygon","arcs":[[1180,-1160,-1129,-1173,-1161,-1171]],"id":6164,"properties":{"WD23CD":"E05014882","WD23NM":"Stockton Town Centre"}},{"type":"Polygon","arcs":[[-1180,-1177,-1150,-1146,-1122,-1159]],"id":6165,"properties":{"WD23CD":"E05014883","WD23NM":"Village"}},{"type":"Polygon","arcs":[[-1125,-1149,-1176,-1182,-1132]],"id":6166,"properties":{"WD23CD":"E05014884","WD23NM":"Yarm"}},{"type":"Polygon","arcs":[[-804,-1014,1182,-797,-790,-793,-757]],"id":6750,"properties":{"WD23CD":"E05015468","WD23NM":"Marton East"}},{"type":"Polygon","arcs":[[-1013,-989,-1184,-1185,-795,-1183]],"id":6751,"properties":{"WD23CD":"E05015469","WD23NM":"Nunthorpe"}}]}},"arcs":[[[68058,45837],[11,-5],[18,-14],[15,-3],[-3,-102],[2,-3],[12,-1],[-1,-25],[-13,0],[-1,-17],[5,-7],[18,-3],[1,-4],[-24,-4],[-7,-21]],[[68091,45628],[-25,-11],[-59,-4],[-32,-10],[-43,-3],[0,-6],[-38,-5],[-8,30]],[[67886,45619],[-19,71],[-13,25],[1,11],[-12,9],[-23,4]],[[67820,45739],[22,9],[-20,24],[8,2],[-2,7],[11,3],[-4,6],[22,4],[12,-1],[43,5],[1,-3],[19,2],[13,-19],[22,5],[5,-7],[13,1],[0,7],[16,2],[-6,12],[27,3],[7,9],[19,1],[-2,17],[8,9],[4,0]],[[66819,46294],[-4,-3]],[[66819,46294],[0,0]],[[66860,46304],[-8,0]],[[66852,46304],[-10,0],[-13,-3]],[[66829,46301],[0,-1]],[[66829,46300],[-10,-2],[-23,-17],[-22,-10],[-23,-23],[-4,-14],[5,0]],[[66752,46234],[-6,-11]],[[66746,46223],[-31,-9],[-29,-1],[-8,-5]],[[66678,46208],[-15,5],[-3,5],[-31,0],[-6,-3],[-24,16],[-24,-3],[-9,12],[15,6],[-13,11],[9,6],[-6,12],[-16,1],[-23,-4],[-32,5],[18,15],[10,1],[-8,12],[-11,-3],[-11,5],[-41,-1],[-6,-2],[-39,-6],[-23,7]],[[66389,46305],[17,9],[13,20],[-16,12]],[[66403,46346],[8,6],[6,-5],[10,11],[15,2],[11,8],[18,-2],[6,4],[20,1],[16,13],[9,-1],[9,4],[22,2],[-2,7],[8,2]],[[66559,46398],[88,-5],[19,8],[19,25],[24,4],[17,0],[39,-7],[69,-30],[66,-19],[34,-5],[-28,-19],[-14,-14],[-24,-8],[2,-5],[13,-2],[1,-14],[-8,-4],[-16,1]],[[67902,46371],[-32,-32],[-5,-11],[16,-32],[-12,3],[-9,-14],[-14,1],[-2,-7]],[[67844,46279],[-53,3],[-44,-3],[-5,8],[-14,-2],[-3,6],[-22,-8]],[[67703,46283],[0,3],[-47,-12],[-10,18],[-19,-5]],[[67627,46287],[-8,18],[-16,1],[-24,12],[22,19],[12,5],[11,-6],[9,6],[-4,3],[-25,0],[-30,7],[-21,-12]],[[67553,46340],[5,13],[-4,4]],[[67554,46357],[9,9],[42,22],[52,21],[62,13],[39,5],[29,-1],[28,-6],[51,-34],[23,-12],[13,-3]],[[67805,46079],[10,-18],[36,3],[7,-9],[-11,-8],[-23,-6],[9,-24],[25,6],[13,-4],[10,-8]],[[67881,46011],[-3,0],[-13,-25],[3,-16],[-21,-6],[5,-3],[1,-10],[-25,-4],[-17,-1],[-16,23],[-52,-6],[-86,24],[-4,7]],[[67653,45994],[35,25],[-10,11],[6,20],[10,6],[21,4],[12,17],[26,5],[34,-6],[18,3]],[[65925,46557],[1,-4],[83,-24],[35,-6]],[[66044,46523],[4,-15],[-31,3],[8,-11],[-49,-5],[-4,7],[-22,-9],[21,-42],[-7,-13],[7,1],[21,-13],[-9,-3],[6,-8],[-8,-2],[-8,2],[5,-14],[14,-1],[-2,-9],[9,-6],[2,-10],[52,18],[19,2],[28,1],[135,-21],[51,-1],[-2,-6],[4,-6],[50,-21],[14,0],[38,11],[13,-6]],[[66389,46305],[-34,-11],[-12,-1],[-4,-3],[-21,0],[-16,-5],[-6,-4],[-9,0],[-7,-4],[-27,-5],[-5,-3],[-8,3],[-20,-3],[-12,-12],[-22,-14],[-9,-1],[-12,-7],[-11,-5],[-4,2],[-29,-4],[-11,-7],[-10,-2],[-3,-8],[-5,-1],[11,-11],[-5,-8],[-12,-8],[-26,-8],[-21,0],[-9,2],[-28,-9],[-3,3],[-31,-5],[-22,2],[-13,-8],[-20,3],[-6,-2],[-19,2],[-41,-7],[-53,-45],[8,-1],[-3,-12],[-46,-14],[-25,-13]],[[65728,46071],[-6,17],[3,17],[13,15],[-5,15],[-9,-5],[-5,13],[15,3],[5,13],[-3,11],[-94,-30],[-24,-26],[-27,-14],[-37,-31],[-21,3],[-12,-2]],[[65521,46070],[-3,5],[16,22],[-9,5],[-6,21],[14,10],[12,16],[-6,14],[-19,7],[-22,17],[-16,7]],[[65482,46194],[-2,5],[14,9],[-2,4],[4,4],[-2,3],[-6,1],[2,3],[-9,3],[-10,12],[1,5],[-16,14],[4,2],[-3,17],[7,0],[16,13],[5,-1],[19,7],[15,-2],[18,4],[9,-5],[14,6],[4,7],[-9,7],[4,4],[-10,13],[12,3],[-8,3],[8,5],[-7,6],[-5,0],[1,4],[-5,0],[0,9],[12,3],[7,9],[0,9]],[[65564,46380],[12,1],[-7,7],[3,5],[9,-2],[6,4],[11,-2],[12,6],[3,6],[6,-3],[13,1],[4,6],[-9,8],[19,4],[-3,4],[8,5],[-3,6],[14,1],[-3,9],[9,6],[-4,3],[-8,-1],[-1,6],[5,-1],[1,6],[4,0],[-10,5],[2,15],[48,11],[39,5],[10,6]],[[65754,46507],[33,10],[29,17],[34,14],[40,9],[35,0]],[[67844,46279],[9,-7],[-2,-5],[8,-8],[-1,-8],[49,1],[39,-7],[-36,-31]],[[67910,46214],[-20,-22],[-4,0],[-11,-8],[-11,-2],[5,-5],[-11,-2],[2,-9]],[[67860,46166],[-35,-12]],[[67825,46154],[-36,37],[-12,26],[-21,-5],[-22,-8],[0,-5],[-29,-14]],[[67705,46185],[5,72],[-7,26]],[[67553,46340],[-24,-23],[-28,-57],[-38,-30],[-15,-5],[-18,-2],[-53,10],[-21,-10],[-34,1]],[[67322,46224],[-45,19],[-28,8],[-149,24]],[[67100,46275],[4,29],[17,3],[6,15],[-76,8],[-70,32],[-40,4]],[[66941,46366],[27,7],[53,-5],[90,-11],[7,-5],[11,2],[101,-28],[7,5],[53,-8],[11,-3],[-1,-2],[42,-1],[-9,-9],[0,-7],[13,-6],[18,-1],[-2,-15],[5,-5],[15,-2],[-4,-5],[-20,4],[-2,-8],[13,-6],[8,3],[2,-11],[11,-6],[14,-5],[28,-12],[-14,9],[-21,7],[-17,8],[-2,10],[-10,-2],[-10,5],[1,7],[22,-4],[3,7],[-16,3],[-4,5],[5,13],[-4,3],[-14,-1],[-12,3],[-3,4],[2,7],[10,6],[17,-7],[29,0],[22,8],[97,25],[41,15]],[[67322,46224],[-5,-5],[9,-6],[-7,-17],[2,-27],[-17,-20]],[[67304,46149],[-24,-5],[-57,-21],[-66,-29],[-10,3],[-12,-4],[-22,2],[-14,-4],[-9,3],[-17,0],[-10,7],[-20,4],[-23,-3],[-21,-8],[-31,-3],[-3,28]],[[66965,46119],[-12,40],[-21,-1],[3,19],[13,0],[14,8],[12,25],[-2,19],[-16,15],[-5,12],[22,0],[1,-5],[11,-1],[1,5],[4,0],[32,-11],[3,17],[35,-11],[5,14],[8,5],[27,6]],[[68099,46333],[-13,-7],[-2,-35],[-8,-13],[43,-7],[22,-7],[-12,-14],[13,-5],[-17,-24],[-31,0],[-18,-18]],[[68076,46203],[-7,-7],[-97,3],[-62,15]],[[67902,46371],[25,-4],[16,0],[1,4],[25,3],[37,-2],[10,-3],[-2,-1],[10,0],[33,-11],[42,-24]],[[68117,46064],[-118,-49]],[[67999,46015],[-15,-7],[-11,5],[-9,10],[-26,1],[-13,-2],[-3,-6],[-7,0],[0,-4],[-34,-1]],[[67805,46079],[6,2],[-1,7],[6,8],[-10,12],[-22,-2],[3,10],[-13,1],[-5,-7],[-1,7],[16,25],[20,11],[6,-6],[12,3],[3,4]],[[67860,46166],[17,-1],[43,-23],[10,5],[4,-6],[-9,-2],[48,-43],[36,-2],[53,4],[24,-14],[7,-13],[24,-7]],[[67607,46101],[20,-63],[26,-44]],[[67999,46015],[17,-13],[16,-29],[23,-27],[30,-22],[28,-49],[0,-12],[-15,-13]],[[68098,45850],[-14,-1],[-26,-12]],[[67820,45739],[-6,2],[-3,9],[-11,7],[-21,32],[-17,10],[-1,8],[-5,2],[-13,0],[-18,-4],[-32,-17],[4,-6],[-5,-3],[-27,-4],[-9,4],[-5,-4],[-21,1],[5,-12],[-11,-1],[-2,-5],[-21,-10],[-15,0],[-44,-38],[-17,-9],[-7,-13],[3,-15],[-24,4],[-10,-7],[-13,6],[-36,-8],[-11,-10],[5,-1],[-11,-5],[-19,1],[-4,-2],[0,-6],[-33,-13],[-16,-14],[-25,-3],[-7,-8],[-36,-9],[-17,0],[-34,7],[-14,-2],[-5,3],[3,10],[29,2],[13,4],[-6,7],[2,5],[-10,13],[-2,12],[13,1],[0,25],[-7,2],[-11,29],[-15,17],[-33,-6],[-23,-8],[-6,-12],[-33,-1]],[[67125,45706],[6,23],[-20,10],[-16,15],[-24,-7],[-35,4],[-58,21],[-13,11],[-15,7],[2,17],[14,14],[-3,1],[19,54]],[[66982,45876],[43,0],[4,27],[-5,-1],[8,33],[25,6],[-6,14],[-6,1],[-16,21],[38,14],[-8,8],[17,1],[24,8],[36,20],[3,-4],[1,5],[14,7],[12,14],[25,10],[6,6],[17,-7],[54,-11],[33,25],[-12,33],[-10,5]],[[67279,46111],[1,3],[9,0],[14,-8],[8,6],[6,-3],[7,2],[45,-18],[73,-7],[13,1],[13,-21],[56,11],[-5,8],[88,16]],[[67627,46287],[-39,-13],[23,-15],[-58,-18],[-3,2],[-16,-5],[43,-53],[22,-59]],[[67599,46126],[8,-25]],[[67279,46111],[-12,-5],[-7,1],[26,14],[-6,4],[13,6],[-10,7],[21,11]],[[67599,46126],[33,4],[5,17],[22,0],[11,6],[35,1],[0,31]],[[68379,46367],[-13,-49],[28,-8],[14,9],[38,-6],[26,1],[7,16],[26,-10],[9,-8],[1,-11],[-10,-10]],[[68505,46291],[-205,-16],[16,-26],[-17,-6],[19,-17],[7,-11],[-40,1],[-15,-10],[7,-3],[-13,-3],[-42,-30],[-22,-5]],[[68200,46165],[-10,12],[-17,9],[-70,8],[0,4],[-8,-1],[-19,6]],[[68099,46333],[24,-10],[19,-3],[12,1],[4,-2],[27,8],[17,9],[30,4],[24,-1],[38,4],[16,5],[12,9],[13,21],[-2,4]],[[68333,46382],[26,-5],[20,-10]],[[66044,46523],[82,-3],[102,16],[28,-1],[36,-7],[175,-55],[10,-11],[-6,-23],[11,-15],[35,-15],[42,-11]],[[68553,46079],[-8,4],[-23,-4],[-11,-5],[-16,-3],[-17,3],[-54,18],[-26,0]],[[68398,46092],[-11,0],[-21,-5],[-18,-11],[-30,7],[-70,-7]],[[68248,46076],[-5,9],[9,5],[-23,18],[5,1],[-16,22],[0,21],[-10,0],[-8,13]],[[68505,46291],[-22,-26],[5,-46],[16,-15],[38,-78],[20,-43],[-9,-4]],[[66829,46300],[0,0]],[[66860,46304],[0,0]],[[66965,46119],[-14,-4],[-5,4],[-11,-7],[-8,1],[-3,4],[-25,0],[-14,2],[1,4],[-11,1],[0,-5],[-19,0],[-1,7],[6,2],[-11,2],[10,21],[-2,13],[-3,1],[-12,-8],[-28,-8],[-11,12],[14,7],[-4,6],[-23,-8],[-9,7],[12,7],[-12,2],[-33,25],[-3,16]],[[66752,46234],[3,1],[-1,14],[10,6],[10,13],[22,11],[19,12]],[[66819,46294],[25,8],[33,-1],[17,8],[4,10],[-26,8],[20,6],[25,20],[24,13]],[[66982,45876],[1,2],[-15,-1],[-54,-15],[-15,7],[-40,-6],[-14,-9],[-4,-4],[4,-7],[-16,-10],[2,-18],[-11,0],[-16,5],[-6,8],[-16,6],[-18,14]],[[66764,45848],[8,4],[-17,12],[-4,8],[-7,2],[-104,0],[-27,-3],[-31,-10],[-5,7],[-21,-4],[-20,2],[2,3],[-12,3],[-8,11],[-17,-12],[-11,10],[-16,6],[-3,9],[4,10],[-15,17],[-9,5],[0,5],[-5,0],[-3,7],[-14,2],[0,3],[-8,6],[-5,-1],[-7,7],[-15,3],[-9,-2],[-6,3]],[[66379,45961],[10,27],[-7,21],[32,0],[12,-2],[7,-7],[14,2],[7,16],[14,12],[8,15]],[[66476,46045],[13,12],[34,18],[13,1],[6,-7],[7,-1],[12,8],[0,13],[-38,29],[22,14],[17,7],[16,2],[12,-5],[1,-9],[14,-12],[21,7],[9,11],[12,39],[6,7],[18,6],[0,14],[7,9]],[[68248,46076],[-40,-7],[-48,-19],[-10,-7],[-33,21]],[[66476,46045],[-14,-1],[-5,2],[-8,-5],[-21,2],[-5,-9],[-9,-5],[-23,5],[-12,-2],[22,15],[-1,8],[-10,-4],[-4,2],[-5,-2],[-5,13],[-25,15],[-24,36],[-22,7],[-48,-9],[-13,10],[1,10],[-113,-14],[-41,-12],[5,-15],[-31,-3],[0,-7],[7,-7],[-7,-16],[8,-5],[-9,-17],[-13,0],[-4,-6],[-23,-5],[10,-7],[-4,-8],[11,-14],[-21,6],[-13,-2],[-13,3],[-47,19],[-7,-4],[-83,3],[-14,-4],[-26,-1],[-47,15],[-22,1],[-17,24],[-3,14]],[[68551,46869],[131,-86]],[[68682,46783],[-252,-48]],[[68430,46735],[-97,-19]],[[68333,46716],[1,5],[-19,-3],[-2,24],[-28,-3],[-1,8],[-19,2],[6,9],[29,0],[1,7],[39,-2],[4,30],[30,17],[-3,2],[3,4]],[[68374,46816],[12,0],[13,14],[3,-1],[25,34],[24,-6],[6,9],[33,16],[33,6]],[[68523,46888],[28,-19]],[[67948,46953],[230,-23],[-16,-23],[-3,-3],[-11,-18],[-15,-3],[-9,2],[-2,-1],[21,-16],[-3,-7],[-31,-8],[-19,-13],[-4,-12],[7,-17]],[[68093,46811],[9,-33],[0,-28],[-3,1]],[[68099,46751],[-30,6],[-56,-14],[-43,-7],[-6,26],[-20,-2],[2,-8],[-26,-3]],[[67920,46749],[-20,40]],[[67900,46789],[50,19],[66,20],[-3,11],[-34,-4],[-8,30],[24,1],[0,3],[-12,-1],[-1,4],[-14,0],[-1,3],[13,4],[-1,11],[-16,-1],[-3,17],[18,4],[-41,20],[-36,27]],[[67901,46957],[47,-4]],[[68087,47196],[47,-37],[32,-43]],[[68166,47116],[-96,-26],[-4,-26],[-21,-1],[-51,-62],[-39,-34],[-7,-14]],[[67901,46957],[-17,20],[-53,80]],[[67831,47057],[-37,55],[22,18],[28,16],[-13,21],[-25,24],[-2,10],[5,2],[-9,19],[8,3],[-6,9],[-7,-1],[-2,8],[5,1],[7,10],[17,1],[1,-3],[11,3],[20,-5],[7,8],[-9,12]],[[67852,47268],[27,5],[23,0]],[[67902,47273],[5,1],[13,-35],[3,-24],[8,-1],[1,-4],[8,-4],[26,2],[17,-5],[39,-7],[65,0]],[[69121,46787],[15,-13],[-5,-4],[6,-3],[-45,-24],[-44,-15],[-173,-37],[3,8],[-6,1],[-10,10],[-68,-12]],[[68794,46698],[-13,13],[-81,54],[-18,18]],[[68682,46783],[276,56]],[[68958,46839],[36,-17],[16,-21],[33,-30],[11,-1],[20,6],[20,2],[27,9]],[[69033,46969],[51,-30],[22,-32]],[[69106,46907],[-67,-14],[-29,-10],[-23,-15],[-29,-29]],[[68551,46869],[8,5],[5,10],[16,-1],[24,6],[-14,10],[19,9],[23,5],[-45,42],[73,-14],[11,27],[-15,6],[43,32],[-24,17],[4,1],[-4,16],[67,2]],[[68742,47042],[108,10],[3,-2],[-9,-3],[19,-13],[7,-9],[14,-6],[-42,-25],[25,-3],[-2,-4],[38,-2],[-7,-5],[31,-7],[21,15],[44,-30],[41,11]],[[69328,47038],[-12,-11],[4,-4],[-10,-10],[8,-5],[-1,-4],[20,-1],[10,-2],[-12,-14],[0,-10]],[[69335,46977],[-34,-2],[1,-4],[-44,-9],[28,-33],[-127,-13]],[[69159,46916],[-53,-9]],[[69033,46969],[8,12],[15,-5],[7,4],[11,-2],[11,3],[-19,5],[65,20]],[[69131,47006],[35,7],[23,1],[19,11],[73,18],[23,0],[18,-5],[6,0]],[[68794,46698],[-28,-9],[-29,-3],[-115,-21],[-32,1],[-36,-5],[-28,0]],[[68526,46661],[-4,2],[-31,4],[33,-6]],[[68524,46661],[-35,6],[-26,1],[-18,5],[-15,-3],[-17,5],[-6,-2],[5,4],[1,10],[10,7],[15,1],[11,11],[-3,8],[-10,7],[-6,14]],[[68374,46816],[-29,9],[-96,15],[-51,-3],[-60,-10],[-19,-11],[-26,-5]],[[68166,47116],[34,-30],[54,-30],[143,-60],[32,-24],[58,-57],[36,-27]],[[67900,46789],[-45,-8],[-39,-2],[-118,11]],[[67698,46790],[-6,9],[-1,14],[19,47],[23,28],[24,29],[3,-2],[19,10],[39,7],[4,5],[-32,44],[-13,35],[-6,38],[-10,0],[-2,4],[-35,2]],[[67724,47060],[107,-3]],[[69182,47139],[-16,-3],[-12,1],[-11,7],[-41,-15],[13,-13],[-28,-6],[-38,-21]],[[69049,47089],[-20,-12],[-37,-7],[-58,-28],[-58,27],[-54,19]],[[68822,47088],[44,26],[130,40],[48,18],[91,17]],[[69135,47189],[21,-27],[26,-23]],[[69049,47089],[37,-12],[-2,-5],[7,-5],[6,2],[24,-18],[-16,-11],[11,-2],[8,-5],[-5,-7],[14,-17],[-2,-3]],[[68742,47042],[15,9],[-12,4],[3,3]],[[68748,47058],[4,-1],[22,23],[23,16],[25,-8]],[[68333,46716],[-70,-12],[0,-5],[5,-8],[9,-6],[24,-5],[25,-1],[11,-12],[-15,5],[-32,-11],[-33,-16],[-26,-4],[-13,1],[-14,-4],[-3,-5]],[[68201,46633],[-14,-19],[-8,0],[-20,-7],[-39,33],[-22,-5],[-25,-13],[-13,8]],[[68060,46630],[-4,0],[23,33]],[[68079,46663],[16,37],[4,51]],[[69164,46800],[-43,-13]],[[69159,46916],[0,-19],[34,-63],[-24,-2],[2,-22],[5,1],[4,-7],[-16,-4]],[[69226,46763],[-14,-5],[-25,-33],[-2,-10],[-20,8],[19,-9],[1,-5],[-9,-27],[-11,-7],[-19,-7],[-30,0],[-23,12],[7,-6],[-7,-3],[0,-17],[52,-9],[7,13],[-30,4],[8,3],[-8,1],[21,0],[-6,-2],[29,-1],[-12,-26],[-44,-29],[-3,1],[-28,-13],[-20,3],[-1,-3],[-6,2],[-14,-2],[-106,6],[10,6],[2,7],[8,2],[-5,2],[-11,-2],[0,-2],[-31,-4],[2,-5],[8,0],[2,-6],[-83,-7],[-34,0],[-33,3],[-123,0],[-1,10],[-28,26],[-27,11],[-62,18]],[[69164,46800],[14,-10],[6,2],[-2,-4],[15,-11],[5,2],[14,-11],[6,1],[4,-6]],[[69149,47357],[-4,-8],[-8,4],[2,4],[10,0]],[[69150,47361],[6,-6],[-10,5],[4,1]],[[69028,47376],[13,-5],[15,-1],[-1,-9],[10,-12],[19,-11],[26,-2],[17,2],[-6,-13],[1,-16],[-22,-10],[-7,-15],[1,-18],[13,-16],[16,-45],[12,-16]],[[68748,47058],[-18,7],[-16,-8],[-12,10],[-38,-2],[-29,13],[-19,-12],[-12,34],[-9,7],[-4,33]],[[68591,47140],[25,8],[10,6],[4,0],[3,4],[7,-1],[57,17],[32,16],[-1,5],[24,1],[27,-8],[3,20],[-47,93],[10,-1]],[[68745,47300],[27,-3],[17,4],[29,1],[13,7],[26,3],[20,28],[31,9],[1,9],[33,20],[32,4],[7,-5],[25,2],[18,-4],[4,1]],[[69335,46977],[25,-36],[32,-26],[14,-7],[25,1],[-3,-23],[-6,-8],[11,-7],[11,-2],[12,3],[18,-4],[-5,-14],[114,-20],[-108,17],[-20,1],[1,-8],[9,-5],[-5,-8],[-8,-2],[-45,-3],[-34,2],[-37,-7],[-25,-25],[5,-7],[-8,0],[-1,-6],[-32,-8],[11,5],[-1,6],[-16,-9],[-43,-14]],[[68087,47196],[33,-3],[55,17],[29,6],[24,11],[21,5],[10,10],[8,2],[3,13],[8,3]],[[68278,47260],[72,-67],[60,-2],[0,5],[60,2],[46,-5],[-2,8],[48,0],[14,-64],[15,3]],[[68524,46661],[53,-16],[38,-15],[22,-34],[-52,-2],[-5,3],[-9,-4],[-97,-4],[-41,-8],[-56,-20],[-8,15],[-8,-1],[3,-18]],[[68364,46557],[-27,14],[-40,-26],[-20,4],[2,10],[9,11],[-2,10],[6,2],[-19,26],[-52,-7],[-11,28],[-9,4]],[[67776,47284],[22,-1],[13,-6],[41,-9]],[[67724,47060],[-123,8],[-60,8],[-27,-8],[-28,-13],[-5,0],[4,11],[-12,1],[-1,-4],[-22,3],[-1,11],[-34,0]],[[67415,47077],[-84,1],[-12,23],[14,16],[39,19],[19,3],[-46,123],[-25,17],[2,6],[15,4]],[[67337,47289],[15,4],[23,0],[10,7]],[[67385,47300],[15,-4],[2,-3],[94,12],[60,-16],[22,-4],[5,2],[4,-3],[11,2],[31,-1],[5,4],[10,0],[3,3],[17,1],[2,-4],[22,4],[6,-4],[7,2],[8,-6],[34,-6],[6,4],[27,1]],[[69182,47139],[40,-31],[20,-5],[28,-17],[46,-14],[4,-5],[-9,-16],[37,-6],[-7,-2],[0,-4],[-13,-1]],[[69517,46690],[-12,-6],[-8,5],[-30,-15],[-5,-2],[-7,4],[-41,-12],[25,-27]],[[69439,46637],[-75,-17],[-25,-8],[-13,-9],[-8,3],[-7,-5]],[[69311,46601],[-6,3],[-19,-9],[-10,4],[7,21],[-16,3],[-10,9],[-36,9],[-9,-6],[-9,3]],[[69203,46638],[25,10],[-26,-7],[13,12],[3,-1],[5,7],[5,0],[8,16],[0,29],[8,-3],[1,3],[-9,4],[-3,8],[8,20],[5,0],[2,6],[13,5],[43,11],[36,8],[10,1],[1,-5],[5,0],[12,8],[25,4],[-14,-3],[7,-15],[29,-17],[28,-9],[85,45],[63,14],[22,14],[-3,-5],[-16,-9],[-64,-15],[-45,-26],[-2,-12],[34,-46]],[[69150,46567],[-4,-42],[-22,-1],[2,-17],[6,-3],[14,1],[-3,-6],[7,-7],[-19,-5],[-17,-17],[-27,-9],[-48,-25],[16,-20],[-10,-6],[15,-10],[-14,-12],[48,-12],[38,3]],[[69132,46379],[-18,-16],[-30,-15],[-31,-11],[-35,-7]],[[69018,46330],[-81,-6]],[[68937,46324],[0,11],[-17,-6],[-24,15],[-28,11],[-7,0],[2,4],[-12,8]],[[68851,46367],[62,19],[-27,76],[-20,19]],[[68866,46481],[7,14],[15,11],[34,9],[14,-1],[10,3],[38,-2],[17,-5],[10,0],[5,5],[43,-4],[-43,4],[-5,-4],[-10,0],[-11,3],[-35,5],[3,8],[-27,28],[-4,10],[4,9],[14,-6],[7,0],[4,4],[-1,-6],[10,-5],[23,-4],[7,4],[-3,-5],[12,-1],[19,1],[-1,2],[8,3],[97,16],[7,-9],[4,5],[1,-10],[5,4],[1,-9],[1,9],[4,0]],[[68865,46482],[-14,13],[-8,2],[-12,9],[15,5],[19,3],[7,7],[-10,30],[-10,6],[-15,1],[1,14]],[[68838,46572],[22,-1],[36,7],[30,-3],[-2,-21],[7,-5],[5,-14],[18,-9],[-7,-7],[-26,-3],[-31,-8],[-17,-12],[-8,-14]],[[69300,46450],[-59,-14],[8,-21],[13,-13],[-16,-2],[35,-104]],[[69281,46296],[-15,-3],[8,-20]],[[69274,46273],[-115,45],[-31,9],[-52,6],[-58,-3]],[[69132,46379],[65,72],[18,26],[31,29]],[[69246,46506],[7,3],[7,-1],[1,-16],[39,-42]],[[69274,46273],[70,-27],[-22,-22],[-46,5],[-4,-19],[-27,3],[-23,-2],[2,-4],[-27,-2],[7,-20],[-7,-5],[-40,-3],[1,-3],[-43,-6],[25,-68]],[[69140,46100],[-44,-5],[-26,-7]],[[69070,46088],[-34,-6],[4,-17],[-57,0]],[[68983,46065],[-56,60],[-15,34],[7,45],[-7,67],[25,53]],[[69685,46151],[-36,1],[-53,-9],[-21,-8]],[[69575,46135],[-19,-8],[-54,-10]],[[69502,46117],[-43,-17],[-15,-12],[-9,-25],[-63,5],[-4,7],[-52,-13],[-9,28],[-85,0],[-9,6],[-52,0],[-11,5],[-10,-1]],[[69281,46296],[88,3],[20,5],[-1,22],[18,1],[0,4],[83,8],[0,22]],[[69489,46361],[-1,4],[62,5],[2,-8],[13,1],[-3,8],[81,10],[3,-11],[10,-1],[-4,37],[10,1],[-10,14],[37,4],[-1,14]],[[69688,46439],[30,5],[28,21],[4,-1],[17,-20],[-22,-3],[5,-8],[48,-44],[9,-14],[-11,-5],[8,-6],[-10,-15],[-7,-30],[2,-16],[9,-2],[-2,-11],[-13,0],[-1,-31],[-4,0],[-1,-10],[-9,-1],[8,-6],[-2,-22],[-98,-7],[9,-62]],[[69685,46469],[6,-14],[-4,0],[1,-16]],[[69489,46361],[-40,2],[-39,11],[-21,0],[-3,35],[-7,17],[7,4],[-19,20],[-20,11]],[[69347,46461],[17,8],[38,12]],[[69402,46481],[26,-26],[13,-6],[61,-6],[41,2],[142,24]],[[68983,46065],[-141,-3],[-7,-4],[-1,-5],[-15,-4],[-17,2],[-3,4],[-29,14],[-32,-4],[-42,8],[-37,-4],[-49,3],[-27,-5],[-18,1],[-7,3],[-5,8]],[[68505,46291],[176,14]],[[68681,46305],[31,2],[20,11]],[[68732,46318],[63,38],[23,6],[33,5]],[[69770,46503],[-42,-23],[-43,-11]],[[69402,46481],[-4,2],[8,2],[41,5],[-5,15]],[[69442,46505],[33,10],[11,-11],[68,18]],[[69554,46522],[32,4],[38,0],[45,-10],[101,-13]],[[68599,46574],[1,-2],[13,-17],[4,0],[-2,-13],[6,-13],[36,1]],[[68657,46530],[-2,-9],[12,-19],[-32,-10],[-38,-19],[-35,-8]],[[68562,46465],[-70,-15],[-31,-14],[-10,7],[-17,-7],[-21,5],[-18,-25],[-16,-49]],[[68333,46382],[14,43],[1,34],[7,38],[17,27],[16,14],[5,-1],[4,5],[7,1],[-2,3],[7,-1],[-1,4],[18,7],[50,12],[7,-2],[5,4],[9,-1],[3,2],[55,4],[0,-3],[44,2]],[[68562,46465],[28,-26],[10,-30],[49,-52],[2,-10],[-24,-3],[20,-35],[32,3],[2,-7]],[[69805,46522],[-35,-19]],[[69554,46522],[-5,6],[-3,-1],[-13,10],[4,2],[-11,23],[4,5],[-16,6],[-15,21],[-16,8],[-29,37],[-15,-2]],[[69517,46690],[33,-28],[34,-20],[9,-3],[12,5],[-1,-4],[10,-1],[-5,-6],[15,-7],[26,-2],[13,-5],[13,-1],[0,-8],[9,-8],[-4,-4],[3,-4],[11,-2],[10,1],[26,6],[7,-9],[14,-1],[1,-4],[5,1],[1,-6],[6,-5],[20,-3],[8,2],[9,-5],[5,0],[-3,-4],[9,-6],[-5,-2],[1,-6],[-10,-5],[1,-5],[-5,-3],[10,-16]],[[68657,46530],[35,-5],[44,-15],[-11,-4],[-5,-20],[6,-23],[6,0],[9,-6],[11,1],[1,-5],[5,-1],[-9,-3],[2,-16],[13,1],[2,-2],[0,-11],[-5,0],[-3,-6],[-5,-1],[-4,-10],[-16,-5],[1,-7],[-14,-3],[-11,-9],[-11,-3],[-4,-11],[6,-19],[32,-29]],[[68865,46482],[1,-1]],[[68599,46574],[9,-2],[25,3],[79,-2],[9,2],[17,-3],[100,0]],[[69311,46601],[2,-28]],[[69313,46573],[-7,-10],[-27,-17],[-33,-40]],[[69150,46567],[11,12],[-14,5],[45,47],[12,-10],[-10,11],[1,2],[10,-11],[-7,13],[5,2]],[[69442,46505],[-15,40],[-7,-1],[-6,2],[-23,-10],[-24,17],[14,5],[-25,19],[-43,-4]],[[69347,46461],[-6,3],[-41,-14]],[[69967,46192],[-16,1],[-5,-12],[-78,6],[-13,-60],[-13,3],[-17,-3],[-22,11],[-31,5],[-28,-6],[-20,1],[-23,7],[-3,5],[-13,1]],[[69805,46522],[32,-24],[17,-7],[9,-8],[14,-3],[7,-6],[16,-7],[27,-4],[10,-8],[16,2],[18,-12],[17,0],[10,-9],[-7,-5],[0,-4],[13,-10],[7,1],[-6,-8],[14,-11],[9,-1],[3,-2],[-5,-6],[12,-6],[-2,-4],[9,-19],[9,-12],[-7,-7],[6,-15],[8,-9],[9,-4],[-21,-16],[1,-12],[-16,-10],[8,-27],[-18,-20],[-17,-4],[-7,-11],[-26,-14],[-7,-8]],[[69620,45736],[-25,-6],[16,-5],[-17,-19],[-2,-8],[9,1],[-2,-13]],[[69599,45686],[-61,-14],[-29,-3],[-36,3],[-32,11]],[[69441,45683],[-83,39]],[[69358,45722],[-21,22]],[[69337,45744],[55,12],[137,40]],[[69529,45796],[34,8],[17,0],[56,10],[4,-13],[-20,-65]],[[69374,45995],[-3,-30],[-6,-6],[-16,-2],[2,-9],[-4,-5]],[[69347,45943],[-41,-10],[-37,-19],[-52,-9],[-65,-20],[-29,-13],[-32,-25],[-30,-14]],[[69061,45833],[-22,29],[-3,13]],[[69036,45875],[9,61],[-7,50],[-18,36],[-37,43]],[[69070,46088],[14,-1],[12,-8],[-6,-4],[11,-18],[-3,-8],[35,-6],[-4,-10],[5,-6],[41,-11],[29,-12],[39,-10],[27,-3],[104,4]],[[69133,45521],[21,-32],[29,-22]],[[69183,45467],[44,-23],[38,-14],[170,-42],[-44,-1],[-105,-10],[4,-4],[12,-1],[4,-5],[5,3],[43,-10],[69,-22],[-3,-11],[24,0],[28,-18],[19,-19]],[[69491,45290],[0,-4],[16,-12],[-1,-11],[-16,-2],[-2,-3],[-27,-5],[-8,1],[-16,-10],[-23,-4],[0,-9],[8,-42],[40,-29],[4,-11],[-7,-6],[13,-13],[-1,-9],[13,-4],[11,-12]],[[69495,45105],[1,-11]],[[69496,45094],[-30,8],[-18,1],[-3,17],[-56,10],[-5,5],[-10,0],[-40,-9],[-32,-2],[-38,3],[-30,-9],[-31,-3],[-20,-5],[-6,-8],[-17,-2],[-41,-21],[-17,24],[-4,25],[-52,51],[-5,0],[-26,-12],[-29,-1],[-11,-2],[-2,-5],[-13,-2],[-8,0],[-1,5],[-10,2],[-4,7],[-12,-1],[-4,5],[-26,5],[-6,4]],[[68889,45184],[11,29],[11,13],[15,9],[38,15],[8,8],[2,15],[-1,5],[-6,0],[-3,9],[3,12],[-33,3],[-42,26],[-8,17],[4,38],[-5,6],[-27,-3],[-4,5],[3,1],[-3,10],[15,3],[-15,23],[5,1],[-10,5],[-9,-4],[-29,3],[-12,-8],[-10,-3],[-71,-7]],[[68716,45415],[-22,24],[9,7],[-3,4],[18,17],[31,5],[23,-1],[13,12],[6,-4],[5,5],[10,-3],[3,3],[13,-10],[16,4],[27,-20],[12,2],[-2,4],[16,4],[3,-2],[23,7],[-1,6],[-11,4],[-5,5],[65,7],[2,-2],[58,19],[12,11],[96,-2]],[[69699,45572],[5,-10],[10,-1],[6,-9],[29,-8],[34,1],[7,3],[5,-4],[8,2],[2,-2],[0,-15],[-14,-4],[12,-11],[-21,-9],[-26,-5],[11,-23],[16,-1],[4,-10],[-5,-3],[15,-15],[-10,-9],[23,-5],[9,3],[15,-8],[-2,-1],[9,-3],[3,1],[37,-14],[3,2],[13,-1],[22,-7]],[[69919,45406],[-46,-33],[-29,-27],[-17,-10],[-30,-26],[-21,9],[-31,-14],[-52,-8],[-8,5],[-30,-3],[-8,5],[-21,-1],[-5,2],[-45,-10],[-27,2],[-16,-5],[-42,-2]],[[69183,45467],[6,6],[44,-2],[40,6],[81,32],[19,-9],[5,0],[4,13],[-6,8],[40,0],[32,7]],[[69448,45528],[16,-8],[39,8],[0,-5],[27,-10],[-1,4],[18,3],[-1,2],[11,2],[-1,3],[12,3],[12,-13],[9,2],[11,-9],[52,8],[1,-3],[6,0],[7,11],[-16,-2],[-8,17],[4,1],[-2,7],[28,4],[14,6],[-9,9],[18,7],[4,-3]],[[69967,46192],[-6,-18],[-16,-21],[-12,-26],[-3,-23],[4,-13],[19,-18]],[[69953,46073],[-64,-3],[-8,-34],[-77,1],[4,-30],[-16,4],[-18,-2],[4,-9]],[[69778,46000],[-29,-5],[-25,58],[-30,46],[-22,10],[-97,26]],[[70025,45661],[-22,-4],[-1,6],[-7,0],[-46,-14],[-10,9],[-12,5]],[[69927,45663],[-55,42],[-11,15],[-37,27],[-21,24],[-4,13],[3,47]],[[69802,45831],[-16,46]],[[69786,45877],[7,-1],[27,5],[-9,-6],[13,6],[17,2],[49,-5],[11,4],[42,32],[24,-4],[19,-7],[5,6],[-22,6],[-6,20],[11,-1],[-1,8],[8,-4],[7,8],[5,1],[7,-11],[0,-5],[10,-13],[9,-2],[17,4],[18,8],[10,9],[11,27],[-4,-18],[-8,-12],[-16,-11],[-26,-9],[-3,-5],[14,-18],[26,-15],[-1,-1],[10,-14],[21,-13],[-16,1],[-22,-8],[5,-6],[11,0],[8,5],[6,-3],[-48,-23],[-9,-10],[-15,-4],[-11,-10],[2,-12],[-9,-3],[16,-40],[-5,0],[-3,-7],[13,-37],[-3,-1],[17,-29]],[[69496,45094],[-2,-11],[-11,-8],[2,-16],[-14,-9],[-19,-2],[-14,-36],[-24,-11],[-3,-24],[-9,-20]],[[69402,44957],[-10,-26],[12,-13],[1,-8],[-17,0],[-48,-19],[-9,5],[-70,-10]],[[69261,44886],[-31,-7],[-5,7],[10,9],[-25,4],[-11,5],[-41,-13],[-61,-9],[-4,4],[-13,0],[3,4],[-39,7],[-76,-13],[-41,-3],[-53,1],[-21,-3],[-18,-6],[-31,6],[-54,-4],[-27,6],[-7,11],[31,29],[58,38],[30,10],[-3,3],[-20,5],[-10,13],[-21,7],[-65,30],[19,17],[3,5],[-4,2],[20,14],[-33,30],[-36,-8],[-3,9],[-62,70],[13,29],[-4,20]],[[68629,45215],[13,0],[35,-10],[45,-3],[36,7],[-4,5],[15,5],[51,11],[2,-5],[-6,-2],[6,-2],[-3,-4],[4,-6],[11,0],[26,-11],[-1,-4],[8,-4],[1,-4],[21,-4]],[[68629,45215],[-2,7]],[[68627,45222],[-26,80],[-8,7],[-7,40],[-23,79]],[[68563,45428],[36,9],[2,-19],[8,-6],[16,-4],[91,7]],[[69802,45831],[-42,-2],[-23,-6],[-9,-6],[1,-11],[-7,-4],[8,-14],[-84,-31],[-26,-21]],[[69529,45796],[-35,36],[-10,31],[21,3],[21,9],[35,1],[6,4],[-14,7],[0,6],[14,0],[-2,19]],[[69565,45912],[38,4],[35,24],[14,3],[14,-1],[16,-6],[0,-22],[16,-18],[45,-17],[43,-2]],[[69337,45744],[13,62],[-23,1],[-1,6],[-36,1],[-4,6],[-53,-9],[2,17],[24,16],[-25,21],[3,5],[-10,5],[3,9],[-10,2],[22,6],[-4,4]],[[69238,45896],[6,1],[5,-5],[36,5],[11,11],[21,11],[35,9],[30,3],[13,7],[20,3],[46,-2],[22,-5],[33,-19],[22,-5],[7,2],[5,-4],[15,4]],[[69502,46117],[15,-25],[-12,-4],[0,-5],[8,-4],[-6,-2],[17,-11],[4,-21],[8,1],[21,-18],[-7,0],[-1,3],[-11,4],[-11,0],[-26,-9],[-41,-9],[2,-2],[-31,-4],[0,-7],[-10,-7],[-47,-2]],[[70025,45661],[13,-23],[25,-29],[-11,-6],[-5,-11],[0,-20],[10,-22],[42,-55],[27,-25],[-1,-16],[-8,-6],[8,-15]],[[70125,45433],[-15,-2],[-3,-3],[-28,5],[-17,-3],[-16,-12],[-15,-5],[-21,-2],[-6,-4],[-36,4],[-14,-5],[-8,2],[-27,-2]],[[69699,45572],[5,17],[11,5],[11,2],[91,-19],[-3,11],[14,15],[-26,14],[-4,4],[2,3]],[[69800,45624],[23,-2],[20,3],[84,38]],[[69358,45722],[-12,-7],[-4,-9],[-24,-12],[-44,36],[-70,-18],[-58,-6],[-29,2],[-56,-14]],[[69061,45694],[2,24],[25,51],[1,20],[-6,-3],[-7,-17],[-10,8],[-5,1],[-4,6],[-5,1]],[[69052,45785],[8,10],[1,28],[63,40],[26,12],[32,9],[56,12]],[[69384,45629],[28,-29],[38,-15],[13,-31],[-15,-26]],[[69133,45521],[-17,72],[-11,24],[-23,33]],[[69082,45650],[9,-2],[8,-11],[10,4],[8,-5],[9,0],[38,8],[15,-13],[17,4],[6,-1],[26,-38],[24,-19],[23,8],[19,1],[4,-2],[37,22],[49,23]],[[69800,45624],[-9,2],[-19,17],[-28,13],[-69,23],[-49,11],[-16,-1],[-11,-3]],[[69785,45883],[-3,20],[8,29],[-9,15],[6,27],[-9,26]],[[69953,46073],[0,-12],[-10,-4],[-6,-7],[14,-19],[-4,-3],[27,-29],[29,2],[22,-1],[19,-3],[35,-12],[-33,11],[-20,3],[-25,1],[-29,-2],[0,-25],[7,-12],[5,-2],[14,4],[7,-2],[-33,-9],[-11,6],[-9,-4],[-3,-5],[-9,20],[-7,2],[-9,-12],[12,-3],[2,-4],[-9,-8],[-14,-6],[3,-20],[-18,-21],[-22,-7],[-38,3],[-46,-6],[-9,-4]],[[69441,45683],[-20,-13],[-37,-41]],[[69082,45650],[-13,19],[-8,25]],[[68563,45428],[4,47],[15,33],[16,20]],[[68598,45528],[70,89],[0,12],[-5,10],[-11,7],[-15,5]],[[68637,45651],[17,20],[24,6],[20,7],[23,22],[65,15],[60,28],[37,28],[29,35],[15,9],[30,2],[22,-3],[20,-20],[7,-20],[9,-5],[11,-1],[12,1],[14,10]],[[69785,45883],[-39,3],[-34,14],[-10,7],[0,23],[-5,11],[-13,8],[-22,5],[-36,-8],[-30,-22],[-23,-4],[-8,0],[-4,3],[-33,-1],[-40,28],[-11,-3],[-22,5],[-33,1],[-3,2],[-35,-3],[-18,-5],[-6,3],[2,3],[-6,1],[5,-8],[-14,-3]],[[68519,45842],[1,-4],[10,-4],[58,-58],[4,-30],[-8,-14],[-19,-14],[-24,-8],[-69,-12],[-108,-15]],[[68364,45683],[-80,-2],[-8,5],[-6,13],[12,10],[-9,7],[15,15],[1,9],[4,3],[-5,4],[23,2],[10,6],[-29,53]],[[68292,45808],[40,11],[48,19],[34,7]],[[68414,45845],[43,2],[62,-5]],[[68598,45528],[-67,33],[-15,4],[-15,-2],[-4,7],[-20,2]],[[68477,45572],[9,20],[53,24],[21,3],[30,-6],[10,2],[20,15],[17,21]],[[69061,45833],[-12,-10],[1,-28],[-11,-13],[-10,-4],[-13,5],[-11,24],[-24,18],[-33,3],[-32,-4],[-14,-7],[-22,-30],[-39,-33],[-48,-26],[-74,-18],[-28,-24],[-42,-12],[-32,-39],[-19,-17],[-48,4],[-22,-5],[-37,-18],[-14,-9],[-8,-18]],[[68469,45572],[-28,3],[-26,12],[-17,-5],[-16,3],[-9,-2],[-8,7],[-9,3],[-10,-3],[-1,-8]],[[68345,45582],[-33,3],[-25,8],[-30,31],[-5,-4],[-3,11],[-9,4],[-10,0],[-1,3],[108,8],[48,8],[-21,29]],[[68519,45842],[269,2],[164,16],[84,15]],[[68414,45845],[-9,6],[-3,23],[-21,-2],[-14,4],[1,34],[-45,-1],[7,38],[33,0],[-1,31],[-10,13],[31,5],[26,12],[-15,26],[12,9],[9,1],[-1,8],[12,1],[13,5],[-41,34]],[[68345,45582],[-4,-5],[-27,-16],[-13,-3],[-14,10],[-25,-18],[-111,22],[-84,-2],[-1,15],[-4,4],[19,19],[10,20]],[[68098,45850],[62,-34],[28,-10],[44,-4],[60,6]],[[66469,45529],[8,-3],[11,-14],[31,-25],[35,-14],[39,-5],[-15,-9],[-26,-37],[18,-17],[-32,-1],[-71,-37],[-17,-5],[-23,-2],[-3,-24],[23,-29],[0,-7]],[[66447,45300],[-1,-21],[-11,-15],[-86,27],[-51,25],[-67,23],[-23,-10],[-14,8],[-34,12],[16,9],[-15,5],[-16,0],[-35,13],[-60,14],[-12,4],[-3,5]],[[66035,45399],[-6,0],[9,7],[28,49]],[[66066,45455],[21,28],[17,5],[30,38],[28,20],[6,9],[74,-18],[15,-1],[-8,25],[18,37]],[[66267,45598],[29,-10],[33,-18],[35,-12],[79,-24],[26,-5]],[[68252,43413],[7,-1],[-6,-10],[9,-13],[-2,-8],[7,-6],[-10,-9],[8,-8],[11,-1],[3,-5],[-4,-7],[21,-7],[7,3],[12,-10],[16,-1],[3,-10],[13,-1],[5,-17],[24,-7],[-1,-5],[13,-5],[-6,-5],[26,-10],[26,-1],[22,-63],[15,-10],[-27,-9],[-7,-7],[-12,-2],[-9,-8],[-9,-1],[-16,3],[-31,-2],[-25,3],[-12,-3],[-4,3],[-13,2],[-30,-3],[-5,-3],[-31,-5],[-2,-5],[-18,-11],[-40,-14],[-25,-16],[-13,-19],[-9,-4],[-8,-8],[-2,-12],[-17,-6],[5,-3],[-16,-32],[6,-11],[-5,-8],[2,-24]],[[68098,42991],[-2,-5],[5,-1],[1,-5],[-25,-6],[-8,-6],[-1,-10],[-5,-2],[1,-8],[-4,-3],[3,-10],[3,-2],[6,4],[11,1],[21,-8],[11,4],[3,-12],[18,-11],[7,3],[8,-2],[4,2],[5,-7],[-6,-5],[-28,-6],[-54,5],[-5,-4],[-27,-9],[-19,-2],[-30,6],[-16,-5],[-10,1],[-11,-3],[-25,-2],[-8,10],[-17,7],[-26,-2],[-10,-9],[-8,0],[-9,11],[-7,18],[-1,37],[9,2],[13,10],[-76,7],[-25,44],[29,-1],[5,25],[-14,18],[-16,44],[22,9],[64,16],[3,2],[-4,27]],[[67853,43158],[9,2],[-21,24],[152,-11],[-12,48],[-13,10],[-30,3],[0,8],[-5,0],[-18,10],[-8,7],[4,1],[-26,14],[5,6],[19,2],[17,7],[23,6]],[[67949,43295],[11,2],[12,8],[13,2],[23,-3],[36,16],[26,6],[3,11],[9,4],[7,12],[10,3],[-1,9],[-9,2],[15,3],[6,4]],[[68110,43374],[8,-1],[7,6],[14,-3],[5,7],[18,8],[-3,4],[15,5],[12,14],[16,-2],[19,-6],[15,-19],[16,26]],[[67949,43295],[-55,24],[-125,-64],[-36,-29],[-18,-5],[-11,-9],[-81,21],[-39,-5]],[[67584,43228],[-15,-2],[-3,8],[-27,0],[-16,3]],[[67523,43237],[-9,10],[2,23],[19,42],[14,53],[6,-1],[13,12],[12,43],[63,-4],[11,28]],[[67654,43443],[37,0],[34,-9],[46,-6],[27,-15],[65,-4],[111,75],[48,-22],[20,-26],[47,-4],[21,-58]],[[67853,43158],[-23,-1],[-106,-21],[-28,-13],[-33,-9],[-13,-8],[-9,-12],[-14,8],[-7,9],[26,13],[-12,52],[16,0],[-5,19],[-7,2],[-2,25],[-34,-1],[-10,-3],[-8,10]],[[66927,43043],[12,-108],[-44,0],[-97,8],[1,-16],[-49,-5],[-10,-3],[-1,-18],[-26,-6],[-2,-16],[-10,-16],[-15,3],[-32,-38],[34,-4],[9,-14],[-36,-29],[6,-3],[-4,-7],[-15,-19],[3,-24],[18,0],[2,-5],[9,0],[7,-7],[-3,-11],[25,-18],[14,-4],[30,0],[20,-4],[18,-11],[34,-3],[-1,-9],[-26,0],[-34,4],[-15,-15],[-13,0],[-7,-10],[17,-8],[-17,-20],[-26,7],[-13,-14],[6,-7],[1,-19],[7,-12],[20,-2],[8,-3],[24,-2],[-4,-8],[7,-23],[-4,0],[15,-43]],[[66770,42481],[-80,8],[-90,23],[-31,14],[-15,11],[-18,1],[-25,-6],[10,-6],[0,-12],[-16,-17],[-3,-16],[-24,-51],[-39,2],[-11,-11],[-5,-16],[-57,7],[-40,12],[-42,-4],[-32,3],[-4,4],[-4,1],[-22,-14],[-69,3],[-33,8],[-25,22],[-24,5],[-34,0],[-62,-9],[-6,-28],[-12,-18],[45,-13],[5,-57],[-9,2],[-3,-33],[14,-82],[-16,-2],[-42,5],[-3,-11],[-13,-7],[-1,-15],[-11,-5],[1,-13],[-21,-3],[3,-20],[-32,-54],[11,-10],[-19,-22],[-18,-45],[-83,29],[-11,2],[-100,32],[-42,20],[-27,6],[-20,8],[-3,11],[-18,14],[2,21],[-20,4],[-7,7],[-6,14],[-39,-3],[3,9],[-7,14],[-40,26],[-29,4],[-46,-30],[-16,-4],[-22,-9],[-26,-1],[-18,4],[-25,-5],[-23,0],[-8,-41],[0,-21],[9,-27],[-1,-3],[-8,1],[-7,-8],[1,-32],[-8,-19],[-7,-6],[22,-32],[-6,-9],[-78,3],[-99,-37],[-76,-47],[-76,-55],[-190,-44],[-145,-50],[-55,7],[-82,-36]],[[64411,41729],[-43,9],[-21,-1],[-23,-7],[-15,2],[-6,-2],[-16,4],[-10,-6],[-19,-2],[-19,-8],[-29,-3],[-17,2],[-7,-4],[-24,2],[-15,-3],[-16,23],[6,7],[-48,45],[-17,4],[-21,0],[-53,-2],[-7,3],[-2,12],[-99,48],[-171,43],[-144,12],[-71,12],[-74,9],[15,76]],[[63445,42004],[-10,28],[81,10],[79,-3],[75,13],[27,5],[52,17],[77,28],[-30,26],[20,25],[25,12],[3,7],[24,7],[33,2],[13,-2],[22,5],[35,1],[16,9],[36,11],[32,5],[57,3],[3,2],[47,4],[45,12],[30,-11],[43,-3],[12,-4],[7,-7],[17,0],[37,-10],[24,1],[9,-5],[4,-13],[5,-2],[11,8],[31,63],[18,25],[49,38],[9,80],[-15,11],[12,6],[2,12],[7,4],[14,2],[14,9],[35,2],[12,-3],[16,1],[4,5],[8,-3],[8,4],[19,-2],[12,3],[4,-3],[33,5],[8,-3],[15,2],[5,-3],[9,-1],[33,6],[6,4],[7,-4],[12,7],[-17,11],[-34,9],[12,16],[7,-1],[5,8],[-32,15],[-19,5],[-123,22],[-1,13],[-11,9],[66,27],[10,6],[37,3],[29,17],[1,4],[-12,1],[-1,-2],[-36,4],[5,9],[-25,2],[-11,16],[-15,-3],[-2,-6],[-44,-3],[-10,16],[26,13],[10,-1],[38,3],[30,6],[20,-5],[3,5],[-14,4],[4,11],[-5,1],[7,9],[76,61],[-42,14],[38,-12],[7,7],[7,-2],[-7,-7],[18,-5],[16,16],[-25,7],[16,16],[-38,9],[44,42],[47,16],[5,35],[13,12],[-5,2],[6,6],[6,-1],[77,73],[-9,15],[5,-3],[34,-6],[3,13],[-15,14],[0,11],[-82,8],[-83,1],[-9,-1],[0,-2],[-16,6],[-41,-1],[-1,8],[-20,4],[-12,-1],[-8,3],[-22,0],[-64,-16],[-21,7],[-6,-3],[-13,5],[-6,-1],[-13,3],[-35,-6],[-7,2],[-22,-2],[-3,-4],[-3,3],[-4,-11],[-19,4],[-17,10],[-43,1],[-31,-13],[-57,-6],[-29,13],[-15,3],[-5,10],[-43,24],[19,16],[-9,13],[-6,2],[-1,7],[12,9],[2,10],[44,38],[-32,41]],[[64247,43213],[19,3],[41,3],[13,4],[9,6],[29,7],[27,-6],[16,0],[12,-8],[7,1],[6,-2],[3,2],[5,-2],[7,4],[7,-2],[15,1],[9,4],[11,-1],[5,4],[20,2],[8,-4],[13,2],[9,-2],[15,4],[23,-1],[9,4],[4,-3],[11,1],[4,-5],[13,-1],[4,-4],[62,-2],[17,4],[-1,4],[69,18],[74,-1],[22,-5],[16,-22],[65,-2],[22,2],[12,7],[9,1],[9,14],[13,-1],[25,8],[0,14],[46,-4],[31,1],[4,-6],[11,-2],[3,2],[2,-5],[36,-2],[7,-4],[6,1],[8,-5],[10,0],[5,-6],[13,0],[3,-5],[24,1],[15,-6],[12,0],[10,-10],[10,-2],[8,-19],[9,1],[22,-4],[12,5],[16,-4],[-7,-13],[13,-21],[12,6],[62,-26],[173,-22],[21,-2],[-3,6],[28,-4],[59,2],[53,-13],[1,4],[20,-5],[31,5],[108,-1],[4,-6],[32,0],[51,-6],[18,-19],[16,6],[24,-3],[26,16],[18,3],[15,-4],[11,8],[59,-14],[10,5],[92,-1],[17,8],[34,5],[7,4],[40,9],[73,-15],[38,-1],[70,-8],[14,21],[24,-8],[48,-6],[35,-1],[31,-5],[8,2],[-1,3],[16,0],[2,-4],[57,-13],[109,-39]],[[64080,43722],[-7,-14],[-27,-121],[22,-23],[30,-50],[34,-38],[12,-10],[15,-3],[24,-13],[25,3],[127,-21],[5,-9],[72,-31],[-5,-1],[-20,5],[-12,-2],[-22,7],[-91,2],[-25,3],[-33,-140],[43,-53]],[[63445,42004],[-52,-9],[-18,-11],[-25,-6],[-59,4],[-20,-6],[-18,-8],[0,-7],[-44,-16],[-21,-13],[-12,-13],[-44,-10],[-56,-30],[-46,-13],[-81,-10],[-67,-18],[-25,-4],[-40,-5],[-55,-1],[-22,-18],[-62,-7],[-34,6],[-91,-6],[-27,2],[-25,-7],[-83,-9],[-51,-27],[-37,-14],[-6,10],[-47,0],[-24,11],[-28,4]],[[62225,41773],[82,60],[22,57]],[[62329,41890],[4,9],[-72,162],[39,128],[-61,143],[-55,19],[4,24],[28,42],[-12,31],[-95,31],[-147,-28],[-121,99],[7,74],[-351,121],[-156,83],[-83,73],[-323,127],[-41,143],[-155,180]],[[60739,43351],[11,3],[37,22],[28,9],[27,14],[18,2],[11,4],[20,19],[8,3],[-1,6],[14,14],[11,5],[28,0],[6,8],[21,8],[10,10],[21,10],[26,24],[12,4],[47,6],[-13,10],[1,14],[-6,2],[-1,15],[-21,8],[8,22],[-14,26],[-1,25],[-51,15],[-39,6],[-11,5],[-4,7],[10,14],[-5,5],[-28,5],[-21,-6],[-49,-2],[-28,-5],[-25,6],[-34,-4],[-24,11],[-24,6],[-2,7],[13,10],[-7,9],[-21,9],[-12,-1],[-49,7],[-40,25],[-18,7],[-17,30],[-32,16],[-22,0],[-11,13],[-13,3],[-2,16],[13,23],[-7,7],[-26,6],[-3,3],[0,10],[16,8],[3,7],[-16,13],[-4,7],[-11,5]],[[60446,43947],[0,6],[19,0],[12,19],[10,7],[15,4],[4,-3],[9,2],[18,-2],[19,8],[-1,3],[11,11],[0,10],[7,2],[-1,5],[12,8],[-10,9],[-14,6],[-2,7],[-8,7],[9,6],[28,7],[-10,8],[5,8],[-3,14],[6,8],[-8,6],[1,6],[7,5],[22,-1],[11,2],[5,4],[-1,21],[14,0],[2,4],[14,4],[40,24],[43,32]],[[60731,44214],[30,-19],[2,-10],[12,-10],[23,3],[5,5],[6,0],[0,5],[15,-3],[35,4],[6,8],[21,8],[40,6],[14,-9],[20,0],[9,-4],[8,1],[49,-19],[12,1],[60,-10],[11,-9],[39,-6],[4,-6],[26,-13],[13,0],[10,3],[4,-4],[20,5],[16,-2],[21,2],[12,-6],[10,1],[7,-6],[10,5],[43,-29],[-13,-24],[46,-36],[47,19],[56,7],[21,16],[1,11],[57,1],[50,9],[12,6],[26,4],[16,5],[34,-29],[40,-17],[13,1],[22,-12],[36,-6],[5,-8],[22,-15],[75,-28],[33,8],[17,7],[30,1],[-6,-23],[4,-14],[-3,-16],[29,-46],[60,7],[105,-18],[54,5],[98,-7],[68,4],[25,11],[32,5],[47,-11],[15,-11],[17,4],[9,-2],[11,-12],[9,-1],[11,-8],[15,-6],[7,2],[11,-3],[6,3],[20,-5],[5,2],[24,-10],[22,-2],[5,-4],[-1,-5],[11,-5],[40,3],[18,-4],[61,15],[90,30],[71,13],[63,6],[40,0],[72,-10],[23,-6],[52,-16],[32,-19],[4,-6],[41,-1],[15,-10],[73,-13],[12,-5],[112,5],[32,-4],[6,-4],[30,-1],[6,-4],[19,3],[3,-5],[40,-6],[27,-10],[48,-6],[36,-2],[18,2],[23,-11],[45,20],[39,0],[68,16],[121,-108]],[[68358,44590],[-22,-2],[-28,-14],[-13,-1],[-10,10],[-14,1],[-14,-5],[-11,1],[-23,-8],[-17,4],[-22,1],[0,-3],[-16,4],[-9,-1],[-14,10],[-1,9],[-26,-6],[-22,10]],[[68096,44600],[-12,10],[0,7],[32,25],[-5,7],[-17,7],[34,16],[1,12],[-8,3],[-3,11],[-7,-1],[-4,4],[-20,-5],[2,5],[-17,2],[40,35],[-24,1],[-22,-6],[-18,-1],[-8,14],[-1,11],[5,8],[13,5],[23,2],[11,3],[12,14]],[[68103,44789],[4,10],[9,3],[11,-2],[14,-11],[13,-4],[14,2],[20,9],[40,2],[5,6],[-3,10],[-17,12],[-10,12],[5,15],[31,10],[36,-6],[14,2],[10,10],[-2,27],[13,12],[16,8],[45,14],[18,-1],[16,-10],[9,1],[7,6],[-4,10]],[[68417,44936],[9,-1],[23,-13],[33,-10],[12,-6],[6,-7],[39,-16],[16,-10],[20,-6],[-34,-47],[-51,-31],[41,-45],[-6,-7],[0,-10],[-10,-12],[-109,-13],[-11,-24],[-3,-24],[-46,0],[12,-64]],[[65388,45495],[-41,-29],[-5,-12],[-1,-19],[-54,1],[-1,-17],[8,-4],[-2,-7],[-11,1],[3,-6],[-19,0],[-4,-3],[-17,0],[-1,-7]],[[65243,45393],[-11,-2],[-18,1],[-11,-31],[-14,6],[-4,5],[-39,5],[-6,8]],[[65140,45385],[-7,14],[-13,7],[-18,17],[8,7],[1,11],[31,23],[14,3],[36,19],[14,25],[-10,18],[9,14],[-2,48],[22,12],[44,8],[9,26],[-7,2],[6,9],[14,4]],[[65291,45652],[52,-6],[54,-12],[-16,-28],[-2,-17],[5,-13],[21,-29],[4,-18],[-6,-17],[-15,-17]],[[66910,43731],[16,-2],[76,7],[21,-2],[7,-7],[0,-18],[18,-3],[8,-9],[20,-6],[-4,-13],[-9,2],[-7,-3],[3,-6],[21,-9],[-1,-4],[-18,-10],[0,-4],[28,-2],[52,7],[21,0],[14,-29],[-7,-6]],[[67169,43614],[-11,-29],[-18,-15],[-33,-7],[-38,4]],[[67069,43567],[-46,13],[-59,3],[-24,-66],[-139,13],[-18,6],[-20,12]],[[66763,43548],[-22,9],[12,4],[10,-1],[8,5],[7,1],[11,9],[1,11],[-5,3],[8,3],[1,13],[-14,3],[-10,5],[-12,29],[-68,43],[-46,7],[-35,16],[-31,10]],[[66578,43718],[5,8],[35,-6],[6,8],[53,-8],[10,22],[4,1]],[[66691,43743],[30,-7],[78,-11],[4,10],[36,3],[5,-6],[17,1],[41,-7],[8,5]],[[68721,44045],[72,-67],[137,-107],[43,-72],[32,-35],[66,-41],[16,-15],[-9,0],[-20,-28],[-19,5],[-5,-18],[-33,3],[5,-23],[-35,9],[-1,3],[-26,0],[-21,13],[-28,4],[-8,4],[-1,12],[-43,-8],[-43,-31],[-6,8],[-5,-2],[8,-16],[-3,-33],[-30,-2],[-29,8],[-25,35],[-26,19],[-72,16],[-47,-1]],[[68565,43685],[-16,0],[-62,17],[-40,18],[-38,25],[-4,11],[23,5],[-6,9],[43,3],[-1,20],[16,-2],[20,2],[-10,9],[-32,19],[-6,11],[1,16],[-30,-3],[-25,-8],[3,-11],[-29,-9],[-3,-5],[-17,86],[-6,82],[-19,37],[2,30],[-3,12]],[[68326,44059],[-11,12],[8,9],[13,5],[-5,9],[6,2],[28,-6],[17,10],[75,2],[21,-6],[9,-11],[-6,-11],[-34,-21],[11,1],[22,-12],[0,-3],[8,3],[16,-1],[7,2],[18,-8],[20,2],[2,6],[29,5],[30,-2],[19,-5],[31,8],[-1,-5],[38,-1],[24,2]],[[71149,44183],[-30,-15],[-17,7],[-17,1],[-11,-15],[-30,-10]],[[71044,44151],[-18,6],[-16,11],[-20,36],[-13,-1],[3,6],[-20,-3],[-25,7],[-14,-5],[-12,6],[-14,2],[-8,-7],[-20,10],[-21,-16],[-23,-2],[-7,3],[-9,-10],[-13,-6],[-32,-7],[-11,0],[-3,-8],[-27,-15],[-46,-19],[-18,2],[-26,8],[-43,-3],[-23,-8],[-14,-1],[-5,3],[-17,-9],[8,-8],[-8,-13],[16,-17],[-4,-6],[14,-8],[12,-14],[-5,-12],[7,-7],[-23,-4],[5,-18],[-10,0],[1,-12],[-22,-4],[1,-2],[-15,-9],[-14,-2],[0,-9],[-44,-3],[11,-21],[-13,-8],[6,-8]],[[70452,43946],[7,-11],[-26,-13],[-38,-11],[-3,-5],[4,-13],[-17,-2],[-62,3],[-21,-17],[-23,6],[-8,16],[-111,-8],[-1,-2]],[[70153,43889],[-69,10],[-2,-5],[-109,9],[-54,-1]],[[69919,43902],[4,7],[8,1],[2,13],[23,39],[77,20],[-13,17],[-12,9],[-40,4],[-11,8],[-6,14],[-13,9],[-116,26],[-108,37],[-3,8],[3,7],[6,0],[17,16],[27,9],[22,2],[41,10],[4,8],[-4,7],[2,15],[53,8],[46,-6],[29,9],[4,30],[-15,38],[-19,23],[-74,60]],[[69853,44350],[51,9],[16,6],[16,-3]],[[69936,44362],[48,-3],[14,3],[-6,4],[7,2],[17,-6],[5,1],[4,-3],[5,4],[6,-7],[18,-2],[5,-6],[0,7],[11,3],[20,-5],[10,2],[21,-5],[8,1],[3,4],[25,5],[10,-5],[0,5],[14,12],[10,-3],[22,2],[31,13],[9,8],[0,7],[25,0],[17,6],[26,5],[1,4],[15,9]],[[70337,44424],[11,3],[24,17],[18,4],[9,-1],[8,9],[11,3],[28,7],[18,-3],[37,6],[8,14],[9,0],[13,4],[30,2],[18,-4],[15,11],[11,1],[16,-5],[21,9],[13,13],[11,5]],[[70666,44519],[57,-41],[46,-22],[30,-25],[66,-35],[8,-9],[31,-20],[-3,-3],[3,-6],[-5,-8],[6,-6],[76,-52],[28,-26],[61,-43],[79,-40]],[[67822,44320],[23,-2],[-8,9],[10,6],[19,6],[33,2]],[[67899,44341],[-9,-11],[-31,-24],[-79,-29],[-22,-23],[-12,-7],[-7,0]],[[67739,44247],[-38,6],[-18,-4],[-35,-14]],[[67648,44235],[-14,2],[-10,-4],[-1,4],[-11,8],[8,4],[-4,11],[-20,9],[-9,13],[-25,-3],[-52,19],[19,26],[-1,8],[7,11],[-6,5],[-33,9],[-40,3],[-23,-7],[-24,-4],[-24,2],[-18,-1],[-15,21],[-34,-16],[-20,9],[-22,7],[-95,50],[-17,14],[-85,36],[-14,9]],[[67065,44480],[115,8],[2,37],[42,20],[60,10],[25,1],[29,6],[8,5],[6,-1],[17,9],[33,3],[20,7],[14,-2],[12,3],[8,-12],[16,0],[12,-10],[16,1],[15,5],[16,-3],[4,-5],[8,-2],[4,5],[12,-4],[15,4],[19,1],[10,4],[2,11],[13,4],[16,14],[4,0],[19,20],[40,17]],[[67697,44636],[12,-6],[2,-8],[-26,-1],[-11,-7],[-2,-14],[5,-7],[31,-12],[10,-12],[-8,-11],[-40,-6],[-11,2],[-8,-5],[4,-8],[21,1],[20,-9],[7,-9],[-7,-5],[2,-11],[-4,-3],[-15,-5],[-23,0],[-2,-5],[9,-8],[44,-19],[-4,-30],[42,-28],[31,-16],[4,-5],[-1,-5],[-7,-2],[-26,4],[-21,7],[-12,-3],[-9,-15],[5,-9],[-1,-15],[-8,-15],[-17,-14],[24,-13],[5,-6],[32,-5],[4,5],[10,3],[7,-1],[15,6],[22,-6],[11,0],[3,4],[-4,8],[10,3]],[[66764,45848],[-30,13],[-24,-6],[-44,6],[-18,-4],[15,-13],[9,-16],[-42,-35],[8,-3],[-15,-10],[-24,8],[-27,-12],[8,-7],[-28,-7],[-3,-4],[-19,-2],[-25,-12],[-33,-1],[-4,-4],[-3,2],[-24,-27],[-6,2],[-5,-3],[-7,5],[-6,-3],[17,-8],[-17,-27],[-68,10],[-5,3],[-25,-10],[-22,-50],[-30,-35]],[[66066,45455],[-99,20],[21,22],[-19,7],[12,14],[-24,12],[-34,9],[-7,12],[-11,8],[4,7],[-3,15],[-6,7],[12,6],[7,8],[-6,5],[1,12],[-6,4],[1,10],[11,11],[11,2],[12,8],[8,-4],[9,1],[8,-5],[14,8],[12,0],[2,7],[9,-1],[-2,4],[9,3],[-6,4],[17,9],[-3,3],[7,13],[2,16],[3,2],[-5,5],[5,8],[-6,4],[5,5],[-8,4],[9,3],[-2,6],[6,3],[-6,2],[4,2],[-5,22],[13,1],[1,7],[-6,4],[0,10],[-10,-2],[-17,9],[8,3],[-8,9],[-5,18],[12,7],[16,-3],[12,6],[5,-2],[10,6],[0,5]],[[66060,45856],[15,-4],[11,2],[3,11],[-4,7],[10,7],[8,-1],[3,-6],[7,-3],[31,-3],[12,2],[6,5],[3,16],[27,7],[16,10],[34,35],[13,8],[21,3],[10,-3],[11,-8],[36,8],[27,-5],[19,17]],[[68039,45452],[0,-44],[-8,-10],[13,-10],[34,-11],[9,-6],[8,-25],[24,-25],[4,-16],[-22,-36],[-11,-11],[-13,-6],[-9,3],[2,19],[-18,15],[-5,16],[-6,4],[-9,3],[-15,-2],[-27,-13],[-4,-9],[24,-13],[6,-17],[-2,-7],[-26,-29],[-25,-14],[1,-5],[18,-10]],[[67982,45193],[6,-4],[2,-9],[-49,-1],[-13,22],[-54,0]],[[67874,45201],[45,106],[4,23],[-6,26]],[[67917,45356],[21,4],[21,-12],[-11,66]],[[67948,45414],[3,33]],[[67951,45447],[36,-1],[6,-6],[18,12],[9,-2],[13,3],[6,-1]],[[67749,45530],[17,-5],[23,0],[95,-22],[60,-6],[1,-23],[8,-16],[-2,-11]],[[67948,45414],[-15,2],[-21,-2],[-3,4],[-14,-2],[-35,9],[-24,0],[-36,11],[-26,4],[-12,-2],[-16,-7],[-1,4],[-23,7]],[[67722,45442],[38,16],[11,1],[-20,24],[4,21],[-10,27],[4,-1]],[[67874,45201],[-12,0],[-2,-6],[-44,-7],[0,2],[-23,6],[-39,-1],[-24,-5],[-18,16],[17,-17],[-29,-5],[-20,-8],[-23,0],[-22,-4],[-7,6],[2,5],[-12,4],[-22,18],[-68,36],[-2,-7],[-51,-18],[-22,23],[19,18],[-5,6],[7,14],[10,0],[3,8],[22,9],[13,0],[9,6],[1,10],[17,0],[39,6]],[[67588,45316],[15,4],[16,-3],[36,18],[18,4],[20,15],[26,-3],[12,-6],[32,-8],[16,-1],[4,-3],[76,9],[58,14]],[[67588,45316],[-6,17],[7,3],[-6,15],[-35,30],[-48,-3],[-51,6],[-24,-3],[-55,26]],[[67370,45407],[8,45],[55,11],[71,-9],[0,-5],[4,-1],[2,5],[33,-1],[15,14],[22,-3],[-6,7],[31,5],[10,-6],[23,-5],[38,1],[-10,-25],[35,-1],[21,3]],[[68459,43623],[0,-5],[-21,-10],[-21,-6],[-61,-26],[-13,-14],[-18,-10],[-15,-2],[1,-7],[6,-7],[-2,-4],[-41,-15],[23,-20],[-8,-10],[2,-8],[-33,-25],[3,-21],[-9,-20]],[[67654,43443],[-2,16],[-61,1],[13,65],[-2,38]],[[67602,43563],[8,28]],[[67610,43591],[33,-8],[61,2],[24,-4],[3,4],[34,-7],[1,-5],[-4,-2],[6,-1],[33,8],[20,-4],[30,1],[8,2],[12,-3],[15,0],[5,11],[12,6],[22,-1],[14,2],[38,-8],[7,9],[-2,5],[-18,12],[-10,2],[-2,4],[-14,2],[-3,6],[-14,8],[0,4],[-7,0],[-10,6],[6,14],[-2,4],[14,8],[10,13],[2,14],[73,27],[45,20],[19,15],[19,7],[39,7],[47,4],[28,11],[29,-28],[8,-24],[34,-37],[7,-11],[0,-20],[6,-6],[-1,-5],[36,-1],[58,-14],[16,-1],[31,4],[31,-1],[0,-19]],[[65604,45408],[-8,-8],[-9,-1],[-29,-19],[-77,-28],[-63,-30]],[[65418,45322],[-48,33],[-8,10],[4,22],[26,12],[-19,4],[0,-3],[-8,-2],[-38,-2],[-3,-11],[-21,6],[-8,1],[-7,-3],[-7,5],[-9,0],[0,3],[-29,-4]],[[65388,45495],[19,1],[20,-16],[1,-9],[45,-2],[23,-3],[7,11],[17,7],[12,11],[40,-12],[4,2],[21,-1],[-8,-17],[18,-4],[-13,-14],[22,-6],[4,-6],[-5,-6],[25,-11],[-18,-4],[-18,-8]],[[65418,45322],[9,-10],[11,-3],[-2,-11],[11,-9],[14,-4],[16,0],[16,-41],[-1,-15]],[[65492,45229],[-65,-11],[-35,-2],[-39,8],[-29,13],[-54,-35],[-27,2],[-16,-4],[-23,2],[-3,5],[-13,-1],[7,6],[-44,16],[-22,-16],[-37,-11],[-23,6],[1,6],[-14,7],[-7,-2],[-4,4],[25,31],[-37,2],[-10,15],[1,11],[-5,2],[-11,-3],[-19,-1],[14,17],[-4,9]],[[64999,45305],[32,5],[9,9],[64,23],[9,11],[0,9],[25,9],[2,14]],[[66949,44009],[36,-36],[98,-61],[54,-40],[13,-22],[10,8],[29,-8],[28,-2],[44,-12],[-1,-2],[24,-9],[58,-38],[3,-5],[-3,-3],[14,-17],[62,11],[5,-14],[27,-2],[11,3],[27,-3],[100,20]],[[67588,43777],[5,-1],[42,11],[7,-3],[11,5],[16,-18],[-7,-1],[7,-12],[-28,-9],[13,-32],[18,-31],[-5,-4],[0,-9],[10,-10],[6,-1],[-11,-18],[-3,1],[-5,-21],[-30,3],[-20,-23],[-4,-13]],[[67602,43563],[-31,-4],[-15,-5],[-79,-1],[-35,-7],[-29,1],[-19,3],[-1,41],[-125,30],[-29,10],[-26,-23],[-44,6]],[[66910,43731],[-9,8],[-3,15],[-17,32],[23,33],[8,29],[14,6],[30,-1],[6,3],[5,12],[2,32],[-5,3],[-12,1],[-39,-3],[-58,2],[-23,-3],[-18,-7],[-5,1],[-3,5],[23,39],[0,16],[-8,14],[0,12],[25,23],[25,13],[26,5],[35,-4],[17,-8]],[[69078,44399],[-20,-17],[-7,-17],[11,-37],[-69,-15],[26,-28],[23,-5],[64,-8],[62,13],[11,-11],[12,-2],[32,-1],[34,-5],[4,4],[22,0],[11,3],[18,-5],[14,1],[18,-46],[0,-71],[-29,-6],[-1,-10],[-11,4],[-18,0],[2,-30],[-41,-6],[-6,-5],[6,-9],[-2,-7],[-22,-10],[-18,-4],[-43,-1],[-59,-10],[7,-20],[25,2],[1,-2],[22,-76]],[[69157,43962],[-52,-4],[-61,-8],[-58,1],[-46,6],[-76,20],[-48,24],[-33,12],[-62,32]],[[68326,44059],[-52,-11],[-158,-22],[-80,-4]],[[68036,44022],[-12,-1],[-8,29],[-35,53],[-43,46],[-41,-17],[-21,4],[-1,11],[-18,19],[-23,9],[-22,0],[-8,11],[-18,6],[2,5],[-19,16],[-34,3],[-4,3],[-12,-1],[-7,5],[29,20],[-2,4]],[[67899,44341],[3,10],[-28,19],[-9,12],[8,12],[0,7],[-18,9],[-5,8],[6,6],[22,7],[43,1],[18,-3],[98,-32],[13,-7],[11,-8],[-3,-19],[9,-6],[17,-1],[22,8],[8,21],[28,-7],[15,-17],[26,-13],[45,6],[28,11],[49,-55],[5,3],[-5,32],[59,22],[-6,5],[36,9],[22,-12],[32,-11],[26,12],[18,13],[15,-5],[2,-4],[13,1],[8,58],[59,-2],[13,-27],[61,15],[-11,17],[-3,13],[31,3],[4,4],[-4,14],[8,-1],[19,12],[9,1],[29,-2],[7,5]],[[68752,44485],[42,-5],[-4,-10],[18,-13],[50,-8],[49,-2],[9,-15],[-8,-9],[67,4],[41,-10],[1,-12],[26,0],[35,-6]],[[66726,45491],[-3,-4],[18,-9],[2,-8],[-35,-1],[6,-28],[27,-12],[19,-1],[25,4],[9,-12],[17,3],[5,5],[9,-2],[14,6],[2,6],[8,1],[22,-2],[22,3],[0,-2],[20,-6],[-9,11],[-24,13],[36,20],[44,3],[2,-19],[31,-17],[4,-11],[-5,-7],[11,-2],[6,-7],[7,2],[1,-4],[14,-2],[-1,-13]],[[67030,45399],[2,-6],[8,2],[22,-7],[3,-3],[-10,-3],[3,-3],[15,8],[16,-6],[19,2],[4,3],[8,-3],[20,-1],[26,15],[20,-16]],[[67186,45381],[-8,-17],[5,-9],[1,-29]],[[67184,45326],[-55,-19],[-9,-22],[-6,1],[-5,-14],[-22,0],[-9,10],[-17,-2],[-17,5],[-28,0],[-7,13],[-21,-7],[-14,24],[-75,-13],[-4,12],[-58,2],[-74,-23],[-24,-12],[1,-27],[-46,-4],[-20,30],[-136,-28],[-10,14],[-65,34],[-16,0]],[[66469,45529],[3,3],[34,7],[29,13],[2,-1],[15,5],[1,9],[29,0],[-1,3],[29,5],[-4,-4],[39,-36],[31,-4],[-10,-7],[5,-9],[-1,-7],[11,-13],[6,-1],[-1,-4],[40,3]],[[66578,43718],[-12,2],[-39,-5],[-32,-16],[-34,-7],[-4,5],[9,22],[-11,8],[-13,1],[-45,-7],[-24,-1]],[[66373,43720],[-38,74],[-14,7],[6,1],[-7,12],[5,1],[-12,21],[-5,-1],[-13,25],[-10,-1],[-21,40],[-64,-12],[-3,7],[-22,6],[17,8],[-83,22],[-35,6],[11,15],[-90,22],[-1,-5],[-65,15],[7,25],[-20,12],[-7,-5],[-13,7],[13,9],[-65,40],[-19,19],[-2,23],[41,27],[7,13]],[[65871,44153],[134,-41],[38,26],[58,-5],[19,12],[3,-1],[9,5],[7,5],[-4,2],[22,20],[23,6],[23,3],[7,-6],[4,2],[3,-15],[9,-5],[24,9],[7,-1],[-2,11],[17,15],[-3,12],[11,-12],[14,-46],[10,-5],[1,-5],[10,-1],[7,-6],[40,13],[-5,6],[6,2],[-15,10],[-3,9],[19,5],[-7,11],[2,9],[32,2],[0,22]],[[66391,44221],[70,-33],[7,6],[39,-12],[20,-4],[1,-8],[5,-2],[21,-3],[2,6],[32,-8],[23,-17],[20,-9],[-1,-7],[16,-12],[4,-7],[33,-15],[-27,-10],[-35,-5],[-6,-8],[-11,-4],[-13,4],[-3,-10],[25,-8],[4,-9],[-1,-10],[-15,4],[4,-11],[23,-6],[27,-12],[-14,-24],[0,-8],[-45,-4],[-15,2],[-21,11],[-14,1],[-15,6],[-30,-1],[-18,10],[-18,3],[-13,-18],[5,-15],[-6,-6],[73,-45],[20,-9],[-11,-13],[1,-7],[-14,-30],[-24,-21],[25,-13],[52,-15],[64,-26],[54,-46]],[[70392,45077],[-50,-5],[-22,-18],[-12,-1],[-9,4],[-105,-16],[-5,6],[-13,0],[-3,3],[-17,-6],[-19,17],[-18,2],[-27,-3]],[[70092,45060],[4,9],[-14,12],[13,5],[4,5],[10,42],[-13,12],[-11,-8],[-10,2],[-30,-6],[0,17],[7,3],[-1,11]],[[70051,45164],[30,3],[25,12],[10,17],[1,26],[18,-5],[24,-1],[10,4],[-26,13]],[[70143,45233],[-24,17],[25,7],[-2,6],[10,3],[6,-4],[7,2],[9,-2],[17,6],[13,-10],[7,0],[25,10],[-12,10],[12,5]],[[70236,45283],[20,-16],[13,-4],[6,2],[-1,-5],[13,-19],[9,-6],[11,-1],[2,4],[26,0],[10,-1],[19,-5],[17,-8],[-24,10],[-19,3],[-15,-1],[12,-5],[-11,-1],[2,-7],[-7,7],[-20,0],[5,-5],[21,-3],[5,-5],[0,4],[7,0],[-5,-5],[14,-18],[8,4],[-15,-11],[-5,-9],[9,-15],[17,-13],[32,-50],[4,-10],[-5,-2],[1,-15]],[[67657,44809],[29,-14],[16,-12]],[[67702,44783],[-57,-4],[5,-7],[23,-8],[14,-9],[-10,-12],[31,-11],[12,-20],[0,-6],[-20,-7],[-5,-6],[-16,-2],[1,-10],[-19,-10],[2,-9],[-8,-9],[5,-8],[10,0],[27,-9]],[[67065,44480],[-114,-6],[14,-46],[-47,-30],[-56,4],[-33,-1],[-24,5],[-65,-4],[-18,20],[3,15],[-12,13],[8,-10],[-1,-17],[13,-17],[-3,-3],[-138,11],[-28,4],[-22,28],[-28,-17],[-72,-1]],[[66442,44428],[12,12],[-4,6],[4,11],[-2,6],[5,3],[-1,8],[10,7],[-3,6],[13,12],[-2,2],[-11,1],[-9,-6],[-16,5],[-9,-4],[-25,7],[-16,1],[-11,-2],[-4,3],[-10,0],[-16,6],[-4,-3],[-19,4],[-32,-7],[-37,-2],[-9,-3],[-13,1],[-5,-4],[-22,-3],[-5,-3],[-8,1],[-22,-8],[-9,-11],[-7,2],[-4,-4],[-17,-4],[-5,2],[-24,-3],[-19,-8],[-6,-9],[-23,-1],[-28,-11],[-12,2],[-50,-9],[-17,2],[-9,6],[-8,1],[-5,-5],[-30,-7],[-14,4],[-27,-3],[-7,-3],[-2,-16],[-9,-6],[-31,-2],[-27,-6],[-65,0],[-32,44]],[[65684,44440],[92,25],[41,20],[58,16],[77,31],[45,23],[50,15],[33,15],[24,7],[-18,31],[41,8],[-1,9],[26,21],[-2,6],[29,8],[7,8],[10,2],[9,6],[25,2],[17,7],[7,9],[12,-1],[14,4],[2,-29],[66,-8],[39,15],[14,31],[19,1],[8,-2],[37,3],[21,-7],[3,2],[8,-3],[16,2],[7,-4],[27,2],[24,-3],[20,-7],[53,-37],[19,-5],[1,-5],[10,-10],[11,1],[15,-11],[19,-2],[41,8],[6,8],[13,0],[3,7],[23,-2],[4,-3],[65,33],[93,22],[-2,5],[13,2],[2,-4],[40,5],[11,-1],[21,38],[19,-4],[24,0],[149,-22],[-10,12],[7,8],[-3,8],[-44,21],[-39,36],[66,13],[37,13],[39,-27],[15,15],[16,-3],[5,4],[-9,9],[2,5],[47,-17],[24,5],[11,19],[11,2],[18,-2],[21,3],[9,-4],[2,-16],[18,7],[12,0],[21,-11],[20,-6],[18,-2],[11,-4],[11,-9],[39,-11],[38,13]],[[65778,45258],[-6,-1],[-57,-45],[-22,-30],[16,-5],[-17,-40],[-11,6],[-15,4],[-24,-6],[-10,4],[5,17],[-22,22],[6,5],[-55,26],[-34,12],[-40,2]],[[65604,45408],[28,-17],[34,-12],[37,-6],[40,-4],[-22,-11],[-4,-6],[7,-3],[10,-21],[32,-11],[-6,-1],[-39,-34],[23,-1],[-8,-10],[26,-10],[3,2],[13,-5]],[[70051,45164],[-49,-1],[-45,-10],[-18,-1],[-6,-5],[-14,3],[-34,2],[-10,19],[-16,0],[-17,-3]],[[69842,45168],[-14,20],[3,5],[19,6],[10,10],[26,12],[14,24],[-5,5],[27,6],[20,2],[-9,-31],[97,7],[3,-5],[29,3],[0,2],[81,-1]],[[67822,44320],[-1,16],[-15,38],[-2,20],[-13,23],[-1,36],[8,3],[10,11],[12,26],[91,59],[29,33]],[[67940,44585],[11,13],[54,3],[24,-10],[11,-1],[5,5],[23,-2],[18,4],[2,4],[5,-3],[3,2]],[[68358,44590],[14,2],[4,-2],[10,4],[21,-2],[7,5],[-15,13],[21,8],[14,-11],[12,1],[12,13],[23,6],[19,-9],[-1,-2],[8,-3],[2,-3],[13,-4],[-16,-24],[-23,-20],[18,-7],[66,-16],[50,2],[47,-5],[91,-36],[-3,-15]],[[70497,44747],[-49,-4],[-9,-4],[-34,-8],[-10,-7],[-30,-6],[-4,-4],[-16,0],[-36,-9],[-15,-12],[-29,-10],[-15,-17],[-13,-6],[-30,-4],[-8,-11]],[[70199,44645],[-31,14],[4,-6],[-12,-12]],[[70160,44641],[-23,-3],[-32,-10],[-84,-4]],[[70021,44624],[-18,-3],[-2,-6],[-23,-5],[-23,-14],[-14,-14],[-1,-7],[-30,-4],[-13,-12],[-28,7],[-123,5],[-44,6],[-1,38],[18,-5],[0,8],[62,9],[-10,17],[-4,0],[2,17],[6,2],[-10,19],[-9,-1],[-26,30],[-14,-4],[-21,24],[-4,-1],[-29,35],[-15,29],[95,10],[-10,4],[2,14],[-28,28],[-7,15],[-24,2],[3,17]],[[69678,44884],[22,-2],[27,4],[36,14],[34,24],[5,9],[-1,6],[9,2],[-1,5],[57,5],[3,-9],[32,1],[44,8],[21,7],[5,9],[24,5],[28,0],[-27,23],[-11,17],[41,11],[11,7],[17,5],[38,25]],[[70392,45077],[30,-49],[38,-39],[-3,-18],[15,-69],[-2,-9],[13,-25],[-13,-33],[10,-23],[-2,-20],[23,-33],[-4,-12]],[[67940,44585],[-23,2],[0,5],[-4,0],[-3,-6],[-14,5],[-9,-6],[10,13],[-30,31],[-17,-4],[-7,3],[12,22],[-13,9],[5,13],[-2,8],[9,6],[-7,6],[-1,13],[12,3],[-3,5],[9,3],[24,-10],[76,79]],[[67964,44785],[30,30],[39,-8],[6,-7],[8,-2],[2,-4],[20,-7],[34,2]],[[67773,45039],[33,-38],[5,-41],[-6,-3],[-1,5],[-29,-5],[-12,-10],[-1,-13],[-23,-15],[-29,-16],[-11,1],[-9,-5],[-9,0],[17,-32],[8,-6],[6,-49],[-55,-3]],[[65684,44440],[-3,4],[-200,38],[-90,11],[-1,-3],[-33,21],[-60,46]],[[65297,44557],[-81,61],[-60,22],[-81,4],[-76,41]],[[64999,44685],[36,51],[80,49],[-20,20],[24,8],[0,6],[7,5],[32,-19],[39,24],[30,12],[56,11],[8,8],[12,5],[30,2],[-10,2],[0,21],[56,7],[-2,9],[19,1],[7,-21],[65,29],[17,4],[80,5],[12,-23],[14,4],[133,15],[32,-30],[0,-5],[12,1],[6,-5],[20,1],[10,8],[7,1],[5,-3],[13,6],[33,0],[-90,-59],[-28,-9],[20,-16],[-1,-13],[21,-10],[33,-8],[11,18],[10,-1],[37,-11],[15,-6],[-3,-4],[14,-5],[-3,6],[5,7],[-6,1],[32,35],[-4,1],[7,21],[50,4],[-1,27],[4,3],[52,-18],[24,-5],[-2,-2],[46,-5],[42,-8],[24,-12],[6,-15],[54,17],[32,-5],[30,8],[15,-12],[4,-9],[62,-13],[-9,37],[-18,15],[23,2],[15,17],[26,-2],[20,3],[13,-6],[45,-12],[83,-10],[11,16],[35,19],[6,2],[5,-4],[4,0],[40,9],[-10,11],[9,6],[6,29],[42,1],[0,-10],[14,-5],[5,0],[2,4],[13,0],[12,-5],[19,-1],[20,7],[9,-4],[14,-1],[12,4],[-15,3],[-4,7],[14,14],[2,8],[45,-12],[23,-2],[62,6],[104,4],[105,-5],[-27,28],[6,4],[1,20],[5,3],[-3,10],[12,17],[-29,28],[-19,10],[-12,13],[-1,8],[-9,7],[-3,15],[-13,8]],[[67084,45112],[106,15],[15,-20],[37,9],[15,-19],[3,-14],[68,-15],[-5,-13],[-7,2],[10,-11],[6,-16],[-20,-4],[-11,3],[5,-16],[6,1],[27,-8],[13,8],[64,-18],[52,-10],[17,-1],[-22,13],[25,6],[7,-8],[40,15],[-4,4],[4,3],[98,24],[66,-6],[40,-8],[13,8],[21,3]],[[66373,43720],[0,-7],[18,-16],[-22,-5],[9,-20],[-28,0],[2,-42],[-7,0],[-1,-12],[11,1],[7,-17],[21,2],[26,-38],[0,-7],[17,-28],[-40,-6],[11,-12],[97,-67],[-46,-22],[-8,-6],[50,-35],[16,-15],[-24,-5],[-22,3],[-18,-20],[-9,1],[0,-19],[6,-1],[2,-13],[70,3],[0,-22],[30,0],[0,-5],[14,0],[3,10],[48,-3],[5,17],[41,0],[-2,15],[5,1],[-8,24],[8,0],[13,6],[11,-4],[10,5],[12,-6],[15,-3],[-2,-9],[18,0],[5,-9],[21,-1],[8,8],[20,-1],[12,4],[20,11],[-4,8],[9,6],[12,-4],[-4,-7],[3,-2],[11,3],[-1,6],[7,4],[13,0],[5,-6],[5,1],[3,5],[-9,9],[10,3],[-9,5],[16,1],[2,4]],[[66887,43391],[16,-30],[5,-64],[-3,-60],[4,-13]],[[66909,43224],[13,-82],[0,-3],[-9,-2],[13,-17],[1,-77]],[[64080,43722],[75,10],[27,-6],[25,-9],[10,2],[143,-15],[-16,50],[13,9],[12,4],[18,1],[7,3],[15,0],[3,-2],[6,4],[5,-3],[14,2],[18,7],[8,-1],[31,5],[2,4],[11,-3],[9,3],[6,-2],[16,2],[26,0],[5,2],[8,-4],[31,5],[56,41],[130,44],[166,30],[66,32],[29,20],[48,17],[20,2],[19,7],[131,30],[143,20],[52,11],[9,-7],[15,0],[26,7],[30,2],[17,6],[23,-26],[49,-30],[9,-11],[5,-18],[23,-12],[28,-27],[15,-27],[6,-33],[10,-11],[43,-21],[41,-9],[61,-22],[-2,-22],[-12,-12],[-19,-12],[3,-5],[-8,-7],[5,-6],[24,-3],[20,-8],[23,-15],[33,-8],[16,0],[14,5],[26,-4],[57,5],[29,9],[9,8],[7,22],[21,8],[28,0],[34,-5],[16,-6],[19,-15],[10,-3],[58,24],[37,8],[15,-2],[5,-4],[4,-13],[-7,-17],[30,-7]],[[68565,43685],[27,-45],[-20,-3],[-23,-12],[-9,0],[-15,3],[-13,-3],[-26,4],[-27,-6]],[[67588,43777],[-7,13],[10,13],[1,8],[-8,13],[80,23],[24,14],[21,16],[1,15],[8,18]],[[67718,43910],[19,-6],[36,-4],[78,46],[8,-4],[-1,3],[66,0],[11,-3],[80,-2],[48,1],[-33,56],[-3,19],[11,1],[-2,5]],[[67964,44785],[-31,16],[-9,15],[-19,5],[-16,-2],[-19,-13],[-20,-5],[5,-15],[-7,-3],[-29,5],[-34,0],[-18,9],[-15,-6],[-6,-5],[-8,0],[3,-9],[-10,6],[-7,-2],[-13,9],[-9,-7]],[[67773,45039],[3,0],[7,23],[20,7],[-3,7],[44,14],[9,1],[13,-3],[50,1],[44,-25],[26,40],[40,11],[25,-2],[5,8],[7,0],[30,-5],[21,0]],[[68114,45116],[8,-12],[11,1],[10,5],[24,-5],[20,3],[14,-4],[37,9],[21,-4],[18,1],[18,5],[13,11],[20,11]],[[68328,45137],[-7,-4],[29,-30],[30,1],[-1,-5],[-7,0],[-6,-27],[20,-21],[-94,-22],[-9,-1],[-5,1],[-6,-8],[1,-6],[13,-14],[49,-24],[53,-20],[29,-21]],[[70656,44527],[-37,-23],[-29,0],[-22,-11],[-17,6],[-53,-10],[-18,13],[-21,-1],[-19,8],[-7,-1],[-1,5],[-18,-1],[-1,10],[-9,-2],[4,6],[-11,2],[-12,-11],[-17,0],[-17,5],[-4,9],[-2,10],[9,11],[19,-6],[-6,17],[4,1],[-17,32],[-12,-4],[-1,6],[-11,1],[-13,13],[-14,-2],[-14,9],[-2,9],[8,1],[1,14],[-73,-4],[-14,1],[-10,5]],[[70497,44747],[-8,-18],[0,-11],[44,-51],[10,-16],[13,-14],[9,-4],[-6,-4],[6,-2],[2,-10],[17,-19],[-22,-3],[24,0],[70,-68]],[[67184,45326],[-19,-41],[-31,-10],[-25,-14],[2,-7],[17,-19],[-8,-3],[3,-26],[-11,-2],[-6,-12],[-31,-16],[-9,-14],[1,-20],[-6,-22],[23,-8]],[[64999,44685],[-64,39],[-57,28],[5,2],[-72,41],[-145,55],[-97,-22],[-184,27],[-86,-103],[-204,-136],[-44,12],[-46,9],[-77,29],[-18,43],[-46,42],[-6,0],[-13,10],[-31,34],[2,11],[-7,28],[-36,-1],[-18,2],[-65,21],[-70,15],[-50,-4],[-15,6],[-5,7],[-1,54],[6,9],[32,14],[4,22],[6,8],[-2,20],[-11,8],[-7,1],[-3,8],[-1,7],[8,4],[-3,4],[7,1],[22,24],[19,8],[12,9],[10,3],[15,-2],[22,11],[6,6],[-4,8],[16,7],[5,17],[12,5],[3,7],[9,0],[20,12],[37,13],[16,12],[-1,3],[14,0],[6,4],[0,4],[13,0],[11,6],[15,-3],[2,6],[10,0],[7,-3],[6,4],[13,0],[0,8],[36,2],[8,13],[26,2],[28,24],[38,11],[53,3],[40,10],[7,4],[11,-3],[15,0],[8,9],[34,21],[31,7],[18,8],[13,16],[9,1],[19,-3],[12,1],[11,16],[1,3],[-11,6],[6,8],[-2,5],[4,2]],[[64316,45375],[31,-12],[22,4],[25,-10],[38,6],[3,-9],[9,-2],[32,2],[22,5],[5,2],[-20,10],[22,3],[6,-6],[8,0],[4,-7],[2,-8],[-13,-3],[2,-6],[22,-7],[4,2],[18,-10],[10,-3],[34,9],[12,-13],[-4,-22],[12,-17],[-4,-15],[-44,-3],[-16,-4],[1,-5],[31,-9],[39,7],[17,-2],[-3,-12],[-24,-13],[8,-5],[29,-6],[-6,-17],[22,-9],[18,1],[5,7],[-7,9],[20,2],[6,6],[-3,7],[-34,4],[-1,4],[9,11],[9,3],[29,-5],[13,2],[15,7],[11,10],[12,2],[3,5],[49,7],[11,11],[-2,9],[9,5],[14,1],[10,-2],[5,-5],[-7,-3],[11,-9],[44,3],[18,-4],[29,20],[26,9],[5,-2]],[[65778,45258],[51,-21],[-12,-9],[53,-21],[47,34],[9,7],[-3,3],[14,5],[2,4],[6,0],[6,15],[13,13],[31,12],[7,4],[-2,5],[11,1],[0,10],[-8,9],[26,22],[6,22],[-8,12],[0,12],[8,2]],[[65291,45652],[-4,15],[-37,24],[1,12],[6,8],[4,1],[52,-14],[11,0],[18,11],[11,16],[-13,30],[4,8],[18,3],[42,0],[43,16],[40,23],[27,36],[24,3],[36,-4],[8,3]],[[65582,45843],[12,2],[26,-5],[19,0],[33,10],[37,7],[15,-9],[1,-12],[13,-4],[17,1],[24,14],[11,-4],[26,-18],[17,-2],[5,4],[0,12],[27,25],[0,6],[53,4],[27,6],[4,3],[1,10],[6,3],[50,-14],[29,-17],[25,-9]],[[68627,45222],[-47,-6],[-8,2],[0,-4],[-39,-6],[-30,-10],[21,-47],[0,-11],[-38,7],[-92,2],[-42,-2],[-15,-3],[-9,-7]],[[68114,45116],[-4,29],[-11,13],[-43,23],[-15,4],[-35,-1],[-24,9]],[[68039,45452],[6,3],[9,-1],[13,-11],[10,-3],[21,0],[6,6],[1,18],[-32,26],[-6,10],[7,21],[7,6],[14,-2],[27,-18],[20,-7],[27,-5],[47,-3],[38,-13]],[[68254,45479],[5,-3],[13,-1],[52,6],[37,21]],[[68361,45502],[21,12],[5,4]],[[68387,45518],[18,10],[23,5],[50,3],[6,8],[-7,28]],[[69678,44884],[-70,4],[-24,11],[-43,0],[-44,4],[15,64],[-55,9],[-8,-21],[-47,2]],[[69495,45105],[66,-7],[32,-6],[18,5],[-1,6],[28,8],[-11,21],[6,14],[-11,6],[-2,6],[45,18],[28,2],[23,-6],[29,-3],[65,3],[32,-4]],[[68361,45502],[26,16]],[[68469,45572],[8,-32],[-51,-5],[-26,-6],[-20,-15],[-59,-30],[-52,-7],[-15,2]],[[67749,45530],[2,11],[-12,12],[-1,20],[24,14],[25,4],[23,0],[25,5],[30,16],[21,7]],[[70209,44489],[-2,-10],[9,-7],[10,-17],[15,-12],[24,-7],[15,3],[10,-5],[40,-6],[7,-4]],[[69936,44362],[2,13],[14,24],[12,8],[11,17]],[[69975,44424],[31,-3],[56,8],[18,7],[88,55],[5,1],[2,-7],[11,4],[1,-3],[22,3]],[[67370,45407],[-31,6],[-35,-20],[-39,-15],[-62,5],[-17,-2]],[[67030,45399],[4,9],[18,17],[13,4],[44,39],[-11,43],[-8,4],[-6,10],[6,7],[-5,13],[61,24],[-7,7],[-37,-1],[-27,5]],[[67075,45580],[-2,13],[8,15],[0,34],[-10,21],[7,2],[10,22],[35,14],[14,-2],[7,3],[-19,4]],[[70656,44527],[10,-8]],[[70209,44489],[20,16],[-11,7],[17,12],[-24,12],[-14,14],[-40,76],[3,15]],[[69975,44424],[45,77],[19,43],[-1,51],[-17,29]],[[70125,45433],[3,-20],[17,-32],[32,-39],[59,-59]],[[69157,43962],[23,2],[42,-13],[4,-13],[-5,-9],[6,-10],[35,-3],[32,2],[3,-8],[21,-10],[6,5],[9,-2],[17,-15],[1,-7],[-8,-7],[2,-4],[32,-6],[32,-14],[24,-6],[32,7],[51,-16],[11,-1],[39,-18],[54,-13],[22,1],[78,13]],[[69720,43817],[-1,-3],[29,2],[9,5],[50,7],[14,20],[-2,10],[11,4],[9,-2],[36,24],[-15,6],[0,3],[25,8],[34,1]],[[70153,43889],[58,-13],[40,-4],[21,-19],[6,-16],[-4,-11],[7,-2],[4,-14],[0,-9],[-9,0],[-1,-35],[-12,-2],[8,-17],[-7,-24],[-13,-13],[-13,1],[-23,-16],[-18,-2],[-6,-5],[-27,-1],[11,-23],[-10,-3],[0,-6],[-27,-7],[-5,-13],[-11,-5],[15,-9],[-7,-4],[8,-5],[0,-8],[-13,-8],[4,-3],[21,1],[17,-8],[-3,-18],[19,-20],[-4,-11],[7,-17],[-20,1],[-7,3],[-37,-1],[-8,2],[-11,-1],[1,-20],[-29,4],[-29,-6],[-5,3],[-17,-1],[-12,9],[-32,-3],[-21,-7],[-16,4],[-24,-10],[-53,-11],[-42,-3],[-47,0],[11,-17],[13,0],[4,-5]],[[69805,43461],[-35,-7],[-23,-10],[-7,-5],[0,-11],[-27,-9],[-1,-9],[4,-4],[-4,-13],[15,-13],[6,-13],[12,-6],[-14,-6],[3,-5],[-18,-2],[-27,6],[-4,-5],[-20,-4],[12,-20],[-24,-5],[-23,-12],[-13,7],[-11,-13],[23,-20],[-35,-15],[-18,14],[-18,-13],[-15,-5],[15,-5],[1,-6],[-15,-6],[-17,-15],[-26,-16],[-38,-13],[-17,-10],[-39,-10],[-37,-15],[-6,9],[-16,7],[5,11],[-4,5],[-15,3],[-14,-4],[-11,-10],[-24,2],[-7,4],[-10,-3],[-3,-10],[-22,-4],[-3,-13],[-22,-3],[-2,-5],[-12,1],[-2,-3],[-8,0],[-1,4],[-26,2],[-3,3],[-9,0],[-12,-6],[-10,2],[-1,-7],[-12,-10],[2,-10],[-5,-1],[-1,-4],[12,-8],[6,-14],[7,-6],[11,-3],[2,-4],[14,-1],[7,-8],[10,-2],[13,-14],[-10,-8],[19,-10],[9,-9],[16,-3],[2,-4],[6,-1],[1,-9],[10,-1],[2,-4]],[[69253,43018],[-16,-6],[6,-6],[-2,-2],[-27,-7],[-9,-20],[-9,-1],[-6,3],[-19,3],[-46,-3],[-17,31],[-7,2],[-19,44],[-29,-7],[0,-9],[-10,-6],[-4,6],[-28,18],[-51,9],[-14,0],[-17,-14],[-81,4],[-26,-1],[-14,4],[-31,-3],[-46,-20],[-45,-13],[-45,-1],[-42,4],[-34,-11],[-39,4]],[[68526,43020],[-74,11],[-2,-4],[-42,4],[-107,-19],[-42,-12],[-61,-13],[-41,-3],[-39,2],[-20,5]],[[69261,44886],[10,-27],[-2,-12],[-14,-10],[5,-8],[-20,-3],[-23,-14],[-33,-10],[-26,-22],[-5,0],[-53,12],[-16,-1],[-34,3],[-8,6],[-31,-2],[-5,4],[-42,-6],[-5,-3],[4,-10],[10,-3],[-1,-22],[-16,-23],[4,-18],[-6,-2],[-7,-15],[-13,-10],[36,-3],[106,-63],[23,4],[20,-5],[-3,-11],[6,-3]],[[69122,44609],[-72,-3],[14,-27],[-2,-14],[-12,-10],[-26,-12],[5,-3],[7,-22],[12,-1],[9,5],[43,-70],[-17,-28],[-15,-14],[15,-7],[-5,-4]],[[67523,43237],[-52,-2],[1,-3],[-73,-1],[-1,-22],[-16,0],[-43,6],[-3,4],[-27,2],[-8,18],[-78,-13],[-19,-10],[-14,1],[-37,-14],[-50,4],[-9,-3],[-87,14],[-6,3],[-56,4],[-36,-1]],[[66887,43391],[1,0]],[[66888,43391],[11,-1],[3,2],[21,63],[21,4],[17,8],[97,78],[35,11],[-24,11]],[[69853,44350],[-39,2],[-61,17]],[[69753,44369],[-33,8],[6,28],[-2,29],[-5,9],[-15,-2],[-8,-8],[-9,3],[-33,-5],[-97,22],[-35,-2],[-12,7],[6,10],[-5,21],[8,9],[14,6],[23,4],[-4,5],[38,5],[-38,26],[-5,12],[3,9],[-8,7],[0,9],[7,6],[13,4],[2,5],[-40,2],[-37,7],[5,16],[-20,15],[-39,-2],[-1,3],[-12,0],[-3,6],[-17,-1],[-11,23],[-12,-2],[4,7],[-23,0],[-34,-11],[-32,-25],[-55,-17],[-35,-2],[-20,-11],[-14,-1],[-26,-10],[-20,16]],[[66949,44009],[9,-4],[23,6],[33,19],[14,5],[18,-2],[4,-11],[7,-2],[89,20],[92,4],[17,10],[10,24],[14,12],[27,4],[47,0],[71,34],[28,3]],[[67452,44131],[5,-8],[36,-14],[4,1],[6,-7],[13,-4],[14,-9],[25,-6],[36,6],[6,6],[2,-1],[13,1],[8,-3],[6,-18],[10,-6],[-1,-21],[7,-4],[0,-5],[11,-6],[5,-6],[-4,-2],[15,-10],[-3,-23],[18,-15],[8,5],[10,-8],[-9,-8],[2,-6],[-7,-3],[5,-5],[-16,0],[-4,-3],[45,-39]],[[66726,45491],[50,12],[16,7],[9,10],[-2,17],[19,3],[25,-1],[1,23],[46,1],[0,9],[-9,3],[18,2],[-13,25],[28,4],[29,-1],[132,-25]],[[66442,44428],[-3,-3],[-6,0],[0,-4],[-8,0],[-2,-5],[-10,-4],[11,-25],[-71,-25],[30,-74],[24,-34],[21,0],[36,-9],[12,2],[6,-11],[-91,-15]],[[65871,44153],[4,9],[-94,23],[-50,17],[-7,8],[-22,-17],[-12,5],[-11,0],[-19,4],[-25,13],[-13,-9],[-16,-3],[-16,-14],[-15,8],[-12,-18],[-22,11],[2,7],[-15,4],[-17,17],[-23,9],[-2,13],[-10,2],[-33,22],[-6,-2],[1,7],[8,3],[-3,6],[5,13],[-51,24],[-27,33],[-21,13],[-6,11],[-10,4],[6,4],[-14,4],[-13,7],[-3,8],[-8,1],[-9,23],[-11,6],[-4,17],[-12,15],[-14,6],[6,3],[-4,9],[7,7],[-5,4],[12,18],[-12,16],[9,5],[1,11],[23,11],[-2,3],[11,3]],[[69753,44369],[-15,-3],[-32,-18],[2,-2],[-18,-5],[4,-21],[-81,2],[20,-53],[-8,-17],[19,0],[1,-4],[-11,-44],[9,-19],[-18,-23],[48,-18],[-18,-13],[-16,-3],[-30,-52],[3,-6],[5,1],[3,-31],[14,-1],[29,-32],[-5,-6],[17,-17],[-19,6],[-18,3],[-15,-10],[-3,-7],[-15,-5],[20,-27],[24,-9],[-9,-22],[-16,-11],[19,-36],[13,-13],[26,-16],[36,-11],[2,-9]],[[67452,44131],[16,11],[-4,13],[4,7],[27,10],[34,25],[5,-3],[16,12],[48,11],[50,18]],[[60731,44214],[-37,9],[-10,13],[0,12],[-12,9],[-4,6],[7,4],[-3,9],[9,16],[15,5],[8,12],[8,0],[8,8],[-9,10],[4,10],[10,8],[-12,21],[9,19],[-2,17],[39,44],[2,11],[17,15],[-2,15],[-13,11],[2,14],[-10,4],[8,38],[15,15],[-1,6],[9,1],[24,15],[0,6],[28,15],[13,0],[1,4],[31,10],[3,6],[-4,1],[15,8],[-4,9],[-27,8],[0,24],[-21,28],[1,9],[8,4],[-10,24],[8,10],[2,9],[-7,27],[15,7]],[[60862,44800],[32,-1],[8,11],[20,-3],[7,4],[21,3],[4,-2],[19,9],[17,-3],[31,5],[25,-4],[28,26],[38,2],[1,6],[32,13],[19,-3],[34,-16],[47,-4],[34,-11],[17,2],[36,-21],[29,1],[-4,-9],[41,-4],[48,-12],[6,3],[2,-3],[-5,-4],[22,-13],[127,-11],[14,-24],[70,-11],[69,1],[6,-6],[37,14],[6,25],[19,14],[29,37],[25,16],[29,34],[22,20],[28,42],[-7,10],[7,10],[113,-5],[44,9],[47,-3],[34,-8],[21,-18],[21,-4],[30,94],[20,17],[33,25],[35,18],[57,21],[78,38],[-3,28],[15,16],[4,12],[16,12],[7,36],[-7,31],[16,5],[32,4],[13,-6],[23,5],[18,-2],[5,-6],[35,-2],[20,-4],[8,2],[13,-5],[9,4],[14,-4],[19,3],[23,-8],[23,-2],[28,6],[36,-8],[14,3],[6,-3],[13,-20],[12,-5],[11,3],[16,-6],[37,1],[13,6],[17,1],[18,-5],[13,7],[44,3],[13,10],[18,2],[7,-3],[12,3],[10,7],[21,4],[39,21],[15,4],[6,6],[-1,6],[12,1],[7,-7],[10,-2],[6,4],[28,2],[21,11],[20,2],[23,9],[18,4],[32,1],[18,3],[24,-1],[17,4],[19,-2],[18,2],[13,14],[22,13],[0,14],[28,13],[27,6],[14,6],[12,8],[2,14],[12,9],[9,1],[19,-4],[7,2],[4,9],[29,24],[21,1],[23,9],[2,4],[20,5],[2,6],[-5,4],[6,10],[28,5],[6,5],[22,7],[17,-4],[22,2],[5,2],[3,10],[10,-3],[24,4],[9,-2],[12,4],[48,0],[21,-6],[17,-10],[35,4],[24,-4],[24,-14],[41,-13],[27,-16],[-15,-14],[-9,4],[-15,-3],[2,-4],[17,-5],[3,-8],[16,3],[15,-7],[13,-3],[35,0],[14,-15],[32,-15],[54,-9],[8,-3],[5,-5]],[[66763,43548],[-40,-16],[17,-24],[-23,-9],[-3,-5],[42,-11],[48,-33],[-7,-3],[7,-5],[29,-16],[15,4],[18,-11],[9,-17],[13,-11]],[[67528,50207],[3,-4],[-13,-1],[6,3],[-17,9],[3,2],[18,-9]],[[67772,50363],[-14,-20],[-1,-20],[-14,-13],[-11,-23],[-50,-22],[-58,-45],[-39,-19],[-40,17],[2,4],[4,-3],[1,4],[-8,6],[-6,2],[7,-6],[-10,-5],[-3,5],[-5,-1],[5,5],[-21,0],[-5,-1],[-10,4],[9,3],[19,-1],[9,6],[5,16],[-3,9],[-15,13],[3,13],[19,3],[15,-4],[17,2],[18,-7],[12,1],[12,9],[-4,7],[-25,16],[-63,17],[-13,0],[-23,-12],[-30,-5],[25,2],[30,13],[13,0],[64,-18],[18,-17],[-3,-7],[-8,-3],[-14,6],[-17,0],[0,2],[-9,3],[-7,0],[15,-6],[-20,5],[-24,-4],[-8,-5],[-1,-8],[6,-24],[5,1],[6,-2],[-2,-5],[-8,3],[2,-7],[-9,-6],[1,4],[-36,17],[17,-10],[-9,-4],[-1,-3],[-11,-1],[7,-2],[-1,-6],[7,-11],[18,-7],[-1,-8],[17,-16],[7,-3],[-5,9],[10,3],[1,-5],[12,-2],[14,-8],[0,-4],[-16,-3],[-1,3],[-10,2],[2,-3],[7,0],[1,-3],[18,2],[-12,-3],[5,-1],[-4,-10],[4,2],[10,-2],[-7,-2],[0,-7],[8,-3],[5,4],[5,0],[-12,5],[5,0],[2,3],[-7,6],[-8,0],[9,4],[3,17],[32,4],[15,-4],[13,-30],[16,-65]],[[67642,50100],[-18,-2],[-34,-13],[-26,-6],[-38,-2],[-24,-15],[-82,2],[-24,-5],[-8,-7],[-23,1],[-10,-1],[0,-2],[-28,-2],[-57,8],[-65,3],[-14,-3],[-34,-16]],[[67157,50040],[-38,36],[-10,5],[-71,62],[-32,18],[-8,9],[-5,10],[3,41],[15,17],[0,4],[-13,10],[-4,-3],[-33,-8],[-45,-18],[-37,-17],[-43,-11],[-35,-12],[-17,6],[-4,9],[-8,0],[-27,-13],[-37,-31],[-48,-3],[-83,-13],[-70,-5],[-27,3],[-23,20],[-12,-4],[2,-9],[-11,-18],[-7,-1],[-15,-25],[-43,-37],[-23,-42],[-23,-23],[-54,-17],[-11,-10],[-33,-6],[-7,2],[-43,-3],[-6,-9],[74,-34],[15,-10],[17,-21],[46,-12],[4,-6],[13,-3],[21,-15],[10,-2],[-14,-19],[-12,-8],[1,-6],[-38,1],[-51,6],[-35,-1],[-46,6],[-35,0],[-185,16],[-33,1],[-18,5],[-34,15],[-54,12],[-37,19]],[[65780,49898],[41,91],[37,65],[92,20],[6,54],[9,14],[-40,52],[-3,13],[-11,16],[5,14],[9,4],[20,3],[19,22],[1,5],[-13,9],[109,52],[23,167],[-35,10],[-19,2],[-48,-12],[-9,5],[-14,11],[-11,23],[-13,6],[-4,14],[6,11],[-14,27],[25,13],[18,-14],[12,4],[1,4],[17,-1],[22,17],[31,10],[32,15],[36,3],[21,-2],[8,2],[8,11],[-10,7],[11,9],[-9,7],[4,13],[-14,18],[-7,3],[16,11],[-2,6],[9,2],[-1,5],[11,7],[-10,16],[5,-1],[5,4],[-3,3],[13,4],[10,17],[-3,7],[-14,2],[-11,26],[8,6],[-8,15],[31,8],[4,12],[-10,4],[-3,8],[26,10],[6,10],[22,11],[19,22],[45,-2],[107,-18],[122,-40],[25,9],[0,8],[27,4],[16,6],[22,-1],[14,6],[16,-14],[-2,-7],[22,-8],[11,1],[6,-8],[-4,-8],[115,0],[14,-56],[-11,-47],[-4,-53],[9,-9],[-9,-12],[4,-6],[20,-8],[9,-21],[26,12],[9,8],[33,18],[40,36],[7,-4],[79,5],[-2,-31],[-6,-1],[39,-8],[29,-10],[9,-7],[38,-56],[23,-20],[22,-51],[17,-23],[-6,-8],[3,-3],[45,-1],[92,-38],[34,47],[53,-5],[107,-39],[5,3],[105,0],[-2,-16],[17,0],[-3,-11],[9,-11],[39,7],[67,1],[-2,-19],[6,-8],[-1,-14],[5,-15],[-3,-12],[10,-7],[6,-2]],[[68306,49756],[4,-10],[-6,1],[4,-12],[-9,-6],[-25,5],[-4,11],[5,15],[4,3],[18,0],[9,-7]],[[67986,49206],[-42,-3],[3,9],[5,5],[5,1],[-2,24],[-9,3],[-12,-3],[-30,19],[-14,-4],[-16,2],[-16,-5],[-38,12],[-45,-3],[-56,16],[-5,1],[-8,-6],[14,25],[5,26],[-25,14],[5,1],[-5,8],[34,9],[-4,6],[8,1],[10,-3],[25,29],[-34,1],[-29,-8],[-38,24],[-28,3],[-5,31],[-49,1],[-1,12],[-10,-1],[-2,5],[-6,-1],[25,-51],[-33,-4],[-5,5],[-13,-2],[-23,39],[43,23],[3,4],[-7,7],[-23,-3],[-1,15],[-19,0]],[[67518,49490],[3,6],[33,0],[-19,40],[11,22],[-9,58],[71,-15],[29,21],[16,7],[6,-6],[82,-28],[85,87],[12,-10],[6,5],[-11,14],[-4,14],[9,1],[-3,10],[11,4],[-28,22],[22,-1],[13,3],[2,8]],[[67855,49752],[7,-1],[5,7],[9,3],[16,-3],[38,10],[14,-7],[13,-1],[12,9],[-1,13],[3,-14],[15,-4],[-4,-9],[5,-6],[26,-7],[1,-7],[9,-6],[26,-6],[6,-11],[21,-24],[88,-41],[24,-19],[-1,-18],[-13,-36],[8,-34],[-3,-8],[-19,-11],[-36,-12],[-21,-16],[-31,-49],[-20,-24],[-42,-38],[-20,-30],[-12,-51],[8,-95]],[[67816,49842],[77,-53],[32,3],[55,-2],[-95,-4],[-5,-4],[3,-11],[-11,6],[-18,4],[-8,7],[-10,1],[-7,6],[-24,7],[-18,1],[-30,20]],[[67757,49823],[59,19]],[[67757,49823],[-11,10],[-3,6],[2,11],[-9,1],[-3,9],[6,2],[-8,8],[2,-9],[-9,8],[1,12],[6,-2],[4,2],[-10,2],[-4,-15],[13,-17],[12,-33],[32,-18],[2,-4],[-7,-6],[-58,23],[-36,9],[-11,7],[-8,1],[14,-8],[-50,12],[6,32],[-7,10],[-17,7],[-26,-1],[-16,-6],[-3,-6],[11,-28],[-13,-7],[-17,-4],[-27,6],[-10,13],[-20,13],[-17,5],[-28,3],[4,-4],[21,-1],[17,-4],[17,-10],[13,-17],[20,-7],[11,0],[20,5],[13,7],[-6,35],[9,4],[25,-1],[15,-7],[4,-7],[-12,-26],[5,-7],[91,-24],[56,-26],[45,-10],[18,-7],[11,3],[9,-2],[-20,-1],[1,-7],[28,-5]],[[67518,49490],[0,-9],[-10,-14],[-7,3],[-34,0],[-22,-5],[6,-16],[-7,-5],[12,-16],[-27,-9],[-72,-10],[-41,-11],[-9,0],[-51,-20],[-21,-13],[-36,-12],[-13,-8]],[[67186,49345],[-16,-6],[-11,0],[-26,-5],[-32,-14]],[[67101,49320],[-10,21],[-20,28],[-51,-6],[-66,23],[-28,-2],[-8,7],[-32,10],[4,19],[19,10],[1,5]],[[66910,49435],[13,10],[-27,11],[-27,22],[-37,6],[-14,25],[13,16],[14,6],[56,0],[6,17],[26,24],[-4,3],[-23,11],[-20,-2],[-25,17],[-4,7],[-47,14],[-36,15],[-10,-1],[-35,13],[-84,8],[-9,-3],[-16,4],[-6,7],[-18,7],[-53,-1],[-21,35],[160,-15],[54,-18],[55,30],[27,-23],[-4,-12],[34,-9],[13,9],[-12,7],[-8,10],[-2,15],[-7,8],[37,-2],[6,4],[7,-2],[4,3],[36,-4],[4,8],[-3,5],[34,16],[21,6],[9,-6],[18,-1],[0,10],[-21,-2],[-9,7],[22,6],[-28,22],[-18,9],[0,10],[31,21],[-4,7],[-9,3],[-4,31],[-6,6],[8,3],[0,7],[-7,13],[-23,15],[-6,10],[-15,12],[-7,2],[1,5],[17,6],[21,15],[5,0],[8,6],[22,2],[8,-3],[14,2],[13,-3],[9,9],[67,16],[23,2],[10,5],[10,0],[3,-4],[15,0],[12,-3],[24,-11],[2,15],[-6,19],[-30,35]],[[67642,50100],[18,-54],[16,-27],[17,-9],[5,1],[-2,-6],[-10,-1],[-1,-7],[3,-14],[15,-24],[45,-56],[68,-61]],[[68077,48323],[10,-13],[-34,-7]],[[68053,48303],[-2,3],[-38,-4],[-1,4],[-41,8],[-58,-3]],[[67913,48311],[-3,20],[2,34],[6,1],[-1,13],[28,4],[-13,6],[-18,20]],[[67914,48409],[117,-4],[4,-4],[-12,-4],[16,-24],[5,1],[10,-13],[-12,-4],[20,-23],[6,1],[9,-12]],[[67332,51596],[0,4]],[[67332,51596],[0,0]],[[67239,52013],[30,-12],[8,1],[-4,-5],[-11,-2],[7,5],[-30,13]],[[67298,52306],[-5,-6],[-20,5],[-6,9],[14,-1],[17,-7]],[[67238,52318],[8,-8],[8,2],[5,-2],[0,-7],[-22,0],[-14,5],[-1,6],[11,5],[5,-1]],[[67172,52315],[9,-3],[-3,-2],[22,-7],[-17,-8],[-14,-2],[-31,19],[22,4],[6,8],[6,-9]],[[67221,52341],[-2,-7],[-9,7],[-8,1],[7,5],[12,-6]],[[66989,52421],[2,-2],[-13,2],[-2,6],[5,0],[8,-6]],[[67466,52446],[7,-3],[11,2],[5,-4],[-11,-13],[-8,-2],[-5,1],[5,-6],[-11,3],[3,11],[-12,12],[5,4],[11,-5]],[[67432,52476],[11,-5],[15,2],[20,-10],[13,-2],[8,-4],[10,1],[4,-3],[-10,-3],[-19,3],[-9,-3],[-23,9],[-15,5],[-5,10]],[[67465,52488],[-8,-1],[6,5],[6,-2],[-4,-2]],[[67441,52500],[3,-7],[-15,0],[-9,3],[3,5],[18,-1]],[[67511,52512],[-25,-2],[-6,3],[20,8],[10,1],[8,-4],[-7,-6]],[[67429,52507],[-9,-1],[-17,7],[1,7],[8,0],[-7,4],[6,1],[14,-3],[4,-15]],[[67631,52533],[-1,-2],[-11,3],[-14,9],[26,-10]],[[67596,52557],[11,-4],[-13,1],[2,3]],[[67632,52559],[7,-5],[-18,0],[-15,-5],[-6,2],[11,2],[-7,3],[9,1],[-5,5],[10,1],[6,-1],[1,-3],[7,0]],[[67599,52578],[4,-6],[-6,4],[-14,-2],[7,4],[9,0]],[[67581,52574],[-7,0],[0,6],[7,-6]],[[67332,51611],[-1,-1]],[[67331,51610],[-9,-2],[1,-12],[-18,-3],[-7,-5]],[[67298,51588],[-1,-13],[12,-4],[2,-3],[-28,-10],[1,-4],[-12,-2],[4,-7],[12,-5],[0,-6],[-21,-36],[4,-2],[-14,1],[-6,-6],[-9,-3],[-3,-3],[-5,2],[-8,-7],[-12,-1],[-5,-4],[-20,-3],[-5,-6],[-10,-2],[-21,5],[-22,21],[-43,-2],[-4,3],[-17,-2],[-77,-22],[-26,-11],[36,-19],[-22,-5],[-232,-35],[-35,36],[12,2],[23,12],[3,5],[77,-5],[-31,90],[-23,-5],[-8,13],[-14,5],[-10,0],[-14,48],[-61,13],[-28,32],[26,3],[24,-5],[10,1],[45,14],[12,0],[-1,4],[12,2],[6,8],[-15,1],[-5,38],[22,-1],[-25,23],[-7,15],[-62,64],[-16,23],[-51,9],[-59,35],[19,9],[-28,18],[-48,49],[-60,6],[-23,-2],[-25,6],[-12,-2],[14,-19],[-32,-13],[1,-4],[-31,-6],[30,-6],[11,-12],[4,-46],[-6,-7],[25,-14],[4,-8],[-1,-10],[6,-7],[-1,-31],[-109,-21],[-56,-5],[-3,3],[-9,-22],[-8,-1],[-4,-8],[5,-19],[-20,-14],[-40,-4],[9,-14],[87,-44],[13,-36],[30,-40],[9,-5],[15,-4],[-10,-9],[-11,-1],[-13,-5],[-7,-7],[-16,3],[-52,-7],[-7,-4],[-12,2],[-8,-6],[-11,-1],[-8,3],[-10,-2],[-18,-15],[-16,-1],[-17,-7],[-20,4],[-14,-2],[-28,6],[-9,-3],[-14,-1],[-2,-9],[-27,4],[-9,-5],[-11,-1],[-24,7],[-10,-1],[-8,-8],[-24,-2],[-61,9],[-13,-7],[-5,-25],[-43,-12],[-55,-10],[-30,5]],[[65696,51436],[2,3],[-7,5],[-9,3],[-17,0],[-2,3],[-35,13],[-2,9],[-10,9],[-26,5],[-6,10],[-6,0],[-3,4],[-18,6],[3,2],[-6,2],[1,4],[-5,1],[-10,10],[4,10],[-5,4],[6,2],[-6,2],[7,8],[-7,4],[3,3],[-5,0],[3,12],[-4,3],[13,5],[1,4],[-8,7],[-1,21],[-7,0],[-2,7],[3,3],[12,2],[-3,4],[13,2],[0,7],[14,5],[-3,3],[8,13],[-13,8],[9,2],[-9,13],[5,3],[-3,4],[9,-5],[8,0],[10,8],[12,2],[13,7],[33,-2],[23,-7],[26,10],[-2,4],[-10,7],[-39,5],[-15,-1],[-9,9],[-20,5],[-11,10],[-20,5],[-7,14],[-20,-1],[-101,-15],[-68,-4],[0,22],[9,20],[-44,32],[-40,42],[-32,21],[23,12],[-113,51],[-55,11],[-25,0],[-22,9],[-61,45],[-31,18]],[[64986,52020],[-19,21],[-25,44],[-31,28],[-7,34],[10,31],[-117,35],[-46,55],[-18,47],[3,53],[42,21],[15,-6],[16,0],[18,6],[14,1],[-8,3],[33,27],[29,-5],[24,3],[28,-4],[30,21],[39,-2],[28,-9],[35,-1],[19,1],[21,7],[58,9],[27,-3],[26,4],[27,-12],[44,-9],[5,-7],[14,-5],[19,7],[24,20],[-39,20],[-18,16],[99,69],[0,3]],[[65405,52543],[26,-8],[54,-27],[30,-3],[90,-16],[24,-14],[5,1],[4,-5],[21,-6],[25,2],[38,8],[11,7],[27,8],[15,9],[10,28],[11,14],[14,10],[30,44],[3,-1],[8,7],[5,-4],[6,16],[6,4],[3,-3],[4,3],[2,24],[-16,28],[-5,3],[-8,-3],[-6,2],[-15,9],[0,4],[6,4],[-5,7],[10,-2],[57,-22],[26,-57],[32,-48],[31,-32],[37,-31],[68,-48],[69,-34],[28,-17],[21,-20],[10,-14],[-3,-36],[-9,-11],[-6,10],[-16,11],[-43,1],[-32,-4],[-29,-8],[-11,-6],[-2,-5],[-5,0],[4,-9],[-21,-3],[0,-4],[-16,4],[-23,-4],[-16,5],[-34,-3],[-39,4],[8,-6],[10,-1],[9,-7],[41,-6],[6,-3],[0,-9],[11,-5],[-4,-1],[4,-4],[21,-3],[-2,-4],[-7,2],[2,-6],[9,-3],[13,-15],[13,-5],[7,-15],[13,-7],[7,-11],[-12,-15],[7,-2],[1,3],[6,-5],[7,5],[1,7],[24,0],[13,2],[50,33],[4,8],[-7,11],[2,5],[7,7],[19,8],[1,7],[68,10],[12,10],[17,8],[-3,20],[10,4],[18,2],[28,-3],[43,-13],[12,0],[22,-5],[17,3],[9,4],[10,-5],[9,5],[24,-9],[27,2],[2,-3],[-12,1],[6,-3],[9,2],[-5,-8],[18,-8],[13,-12],[25,-9],[119,-24],[92,-24],[28,-10],[39,-43],[24,-6],[23,-13],[30,-10],[23,-22],[2,-4],[33,-11],[50,-39],[22,-24],[15,-10],[35,-7],[63,-20],[15,0],[39,7],[-1,-2],[-21,-3],[-16,-4],[11,-3],[10,-6],[17,3],[18,-4],[17,4],[-8,-6],[8,-10],[7,-2],[8,-9],[39,-8],[4,-5],[-9,-3],[5,-7],[-15,-4],[-26,-1],[-36,-32],[-24,-1],[-20,-7],[21,6],[23,0],[14,14],[6,2],[9,-30],[25,-21],[18,-22],[21,-10],[24,-17],[6,-1],[2,-13],[14,-18],[11,-3],[19,-15],[34,0],[-16,-12],[0,-18],[14,-7],[16,3],[-1,-8],[16,-7],[7,-7],[38,6],[-9,-5],[-57,-15],[1,7],[-6,4],[-13,3],[-32,-5],[-14,-6],[-20,-21],[-15,-44],[-12,-16],[-2,-11],[-9,-2]],[[67860,47850],[6,-14],[-27,-9],[-10,-8],[3,-28],[10,-5],[38,5],[7,-4],[-7,-5]],[[67880,47782],[-25,-12],[-20,-42],[-23,-8],[-71,-14],[-44,-1],[-22,4],[-6,6],[-3,18],[-28,18],[-36,-6],[-15,-7],[1,-22],[-14,-11],[-27,6],[-7,21],[-12,8],[-9,0],[-19,-6]],[[67500,47734],[-16,2],[-7,6],[60,30],[34,34],[23,9],[76,12],[24,12],[6,10],[-49,11],[2,4],[-8,2],[-2,5],[30,7],[-4,11],[3,12],[-12,3],[1,5],[5,-1],[5,14],[15,-3],[-8,-13],[24,-5],[5,36],[11,26]],[[67718,47963],[54,-3],[74,-18],[-14,-23],[24,-7],[-11,-2],[3,-3],[-6,-2],[-17,1],[-11,-5],[5,-2],[-16,-5],[25,-14],[-15,-13],[10,-5],[8,-11],[11,-5],[18,4]],[[68005,47893],[3,1]],[[68005,47893],[0,0]],[[68010,47900],[-8,-9]],[[68002,47891],[-5,-2],[-38,2],[-26,-6],[-36,1],[-13,-3],[-9,-9],[-21,-3],[-19,-8],[25,-13]],[[67718,47963],[0,8],[-19,18],[4,32]],[[67703,48021],[46,-1],[52,-5]],[[67801,48015],[114,-11],[72,-20]],[[67987,47984],[17,-9],[-56,-23],[10,-8],[19,1],[6,-7],[0,-4],[-10,-6],[0,-21],[17,0],[9,3],[8,-10],[3,0]],[[67500,47734],[-6,-4]],[[67494,47730],[-18,-1],[-5,5],[-13,0],[-21,8],[-11,-4],[-13,-1],[-45,24],[-18,0],[-16,-4],[-12,4],[-2,6],[5,8],[-19,5],[-8,8],[13,6],[7,0],[-3,9],[-36,13],[-16,9],[-25,7],[-14,19],[-14,10],[-2,14],[37,38],[-17,30]],[[67228,47943],[11,4],[-14,14],[3,3],[42,24],[31,14],[4,4],[12,6],[7,10],[45,9],[30,0],[63,24]],[[67462,48055],[120,-18],[54,-11],[67,-5]],[[63514,48429],[39,12],[69,15],[186,24],[61,-101],[10,-28],[59,-5],[56,-76],[-79,-25],[57,-28],[-1,-15],[24,-22],[20,-35],[13,-8],[11,-2],[18,-32],[23,-14],[7,-14],[30,-15],[57,-1],[13,-5],[33,-4],[37,-21],[2,-71],[-7,-23],[12,-12],[15,-29],[27,-32]],[[64306,47862],[-24,-1],[-5,2],[-56,-22],[-2,-13],[8,-20],[-34,-7],[3,-3],[-20,-10],[-7,-14],[3,-30],[-14,-20],[-92,-18],[-3,4],[-60,-1],[5,-11],[-11,-15],[7,-14],[-1,-10],[-14,-28],[1,-13],[9,-15],[-25,-12],[-61,-18],[4,-6],[-31,-8]],[[63886,47559],[-3,12],[-158,-20],[-206,-36],[-5,8],[-19,1],[-35,-9],[-3,-5]],[[63457,47510],[-51,26],[-17,20],[-96,-9],[-43,-8],[-2,11],[14,10],[-2,7],[-37,-9],[-26,0],[-37,5],[-24,26],[-28,6],[-25,3],[-4,-2],[-14,4],[-34,-12],[-119,3],[-3,-3],[-9,-1],[-24,3],[-3,3],[5,3],[-3,2],[12,2],[-1,5],[14,0],[4,3],[7,-6],[5,1],[3,4],[10,-5],[1,3],[20,5],[2,14],[6,2],[-4,8],[6,7],[7,2],[2,4],[11,-1],[6,8],[-6,0],[1,3],[-6,0],[-3,4],[5,8],[-13,13],[0,14],[-11,18],[-26,3],[-8,4],[-3,-2],[-17,1],[-12,3],[-12,-1],[0,3],[-6,-2],[-3,3],[-13,-1],[-9,8],[-3,13],[-20,18],[-1,11],[31,17],[34,8],[44,2],[5,4],[-37,27],[-18,6],[-53,47],[10,30],[8,6],[-3,2],[10,10],[0,7],[-92,10],[-46,-8],[-8,5],[3,8],[-7,6],[-23,5],[4,4],[-21,3],[-109,-2],[-3,-6],[-8,-4],[-36,-5],[-16,-13],[-56,-6],[-46,-9],[7,24],[-8,7],[27,17],[-21,30],[-29,17],[-7,10],[-10,5],[-29,-4],[-9,7],[-28,3],[-63,18],[-36,22],[-19,18],[-48,14],[-6,-2],[-9,7],[-17,4],[3,16],[9,6],[-1,8],[-38,10],[-13,-2],[-14,11],[-21,5],[-8,-1],[1,-24],[-10,-4],[-4,3],[-17,-4],[-9,-5],[3,-22],[5,-10],[-4,-1],[-26,4],[-11,-13],[7,-13],[35,-15],[-41,-23],[-39,-2],[-16,-7],[1,-15],[21,-20],[-29,-24],[-47,-78],[-8,-37],[2,-16],[-17,-10],[-19,-2],[-13,-17],[0,-13],[13,-11],[22,-9],[46,-12],[41,-29],[1,-6],[-13,-6],[-47,-3],[-28,-8],[-18,-8],[-27,-25],[-38,-13],[-24,-4],[-62,-3],[-16,-10],[-4,-6],[4,-8],[19,-12],[-5,-2],[-19,0],[-5,11],[-38,5],[-4,7],[-41,5],[0,10],[-10,6],[9,2],[-15,12],[2,3],[-23,13],[-2,7],[-64,23],[-6,9],[3,11],[-7,6],[0,11],[-2,3],[-13,0],[-9,34],[8,15],[-154,24],[-120,53],[-49,-41],[-40,-18],[-8,-29],[-28,-43],[-359,112],[5,14],[-26,8],[-9,1],[-25,-5],[-21,4],[-30,-37],[-112,-4],[-67,19],[-20,2],[-38,-30],[-55,-2],[-46,5],[-74,-14],[-39,-34],[6,-10],[-14,-8],[7,-9],[15,-10],[-16,-24],[-19,-5],[-4,-5],[-26,2],[-32,-7],[-9,-6],[-2,-7],[-40,-25],[-22,-1],[4,-7],[-14,-8],[7,-27],[-17,-3],[-8,3],[-98,-3],[-40,-12],[-61,-11],[-25,-10],[-101,-24],[-18,-7],[-10,-8],[-2,-16],[18,-23],[-5,-7]],[[59551,47536],[-54,-6],[-36,2],[-62,-7],[-31,-9],[-29,-1],[-8,-4],[-7,1],[-13,-4],[-6,2],[-20,-9],[-16,0],[-3,-3],[-14,-3],[-7,2],[-10,-1],[-2,-8],[-10,1],[1,-8],[-8,-5],[2,-4],[-24,-1],[6,-4],[-5,-7],[-5,1],[-1,-5]],[[59189,47456],[-18,4],[-14,0],[-12,2],[0,2],[12,2],[-10,15],[-11,4],[-14,-1],[-19,3],[4,8],[-3,3],[-5,-10],[-25,6],[-7,5],[-15,22],[-16,4],[-14,1],[-11,-4],[-11,-9],[-9,-2],[-19,5],[-25,-7],[-16,3],[-31,-1],[-5,-5],[2,-23],[-13,-10],[-66,5],[-14,-14],[-5,2],[-2,8],[-32,1],[-17,-22],[-44,2],[-32,12],[-37,-8],[-17,3],[-10,-7],[-18,-3],[-17,-9],[7,-1],[11,3],[-4,-6],[-17,-3],[-9,4],[-9,-1],[-5,6],[-10,3],[4,4],[-13,1],[-17,-6],[12,-5],[-12,-5],[-18,25],[-19,2],[-13,-5],[-6,9],[11,9],[17,-2],[7,2],[-13,8],[15,10],[-7,5],[-15,-4],[8,8],[14,-3],[6,7],[-13,4],[-13,-5],[2,7],[-4,8],[-21,8],[-6,6],[-13,-2],[-13,3],[-4,7],[3,8],[-14,3],[-7,4],[6,17],[-17,9],[-22,3],[-41,-16],[-10,1],[3,7],[-19,-5],[1,4],[-13,1],[-12,5],[-15,-3],[-5,2],[11,8],[-4,9]],[[58258,47601],[6,4],[0,9],[-7,11],[-20,10],[0,3],[-14,-2],[-6,2],[0,4],[-10,0],[-7,4],[-11,-3],[-16,5],[-3,9],[-11,-1],[12,9],[-8,1],[3,7],[-14,6],[5,6],[-3,7],[8,9],[-10,7],[8,18],[-13,12],[-46,14],[-8,14],[1,16],[-6,7],[-6,26],[7,11],[19,7],[-37,1],[-33,14],[-39,1],[-5,4],[-47,7],[-54,15],[-29,-2],[-13,-13],[-67,2],[-30,17],[-92,13],[-17,0],[-14,12],[-66,30],[-14,4],[-28,55],[5,8],[-6,12],[-16,18],[-10,6],[-36,4],[-21,-1],[-26,29],[-12,3],[-7,9],[-16,33],[-23,0],[-4,10],[16,12],[0,5],[-69,75],[3,8],[29,12],[3,7],[22,15],[-4,4],[12,12],[21,6],[-3,20],[-27,17],[-119,102]],[[57235,48419],[5,-1],[18,7],[0,4],[12,6],[5,16],[8,3],[-14,11],[11,14],[13,2],[0,4],[14,5],[10,16],[-14,11],[-6,19],[139,162],[20,17],[65,-15],[115,0],[46,11],[19,0],[22,14],[73,10],[-31,16],[-11,39],[8,6],[0,6],[9,2],[-7,3],[7,5],[7,19],[-3,12],[4,5],[9,4],[-3,6],[6,3],[4,9],[-14,12],[15,1],[1,17],[12,20],[-2,7],[39,7],[5,4],[10,0],[4,3],[20,-2],[18,10],[23,-1],[2,-3],[7,1],[20,-12],[32,14],[-5,5],[-32,5],[-22,0],[-29,8],[-33,3],[-34,10],[-18,7],[-28,18],[-22,11],[-33,13],[-22,5],[-38,16],[-23,16],[13,0],[43,9],[2,-3],[16,4],[36,0],[83,10],[-1,10],[5,11],[-18,31],[47,17],[-1,20],[8,3],[4,7],[18,6],[18,11],[13,20],[32,11],[3,8],[23,15],[17,21],[39,20],[26,1],[38,14],[41,25],[38,14],[70,19],[41,9],[28,15],[23,7],[-3,36],[28,5],[43,18],[10,24]],[[58431,49483],[19,15],[31,10],[4,10],[12,6],[12,11],[-1,14],[-19,17],[-2,19],[4,6],[82,-19],[17,13],[42,10],[12,12],[63,12],[55,16],[55,-8],[46,11],[25,15],[13,20],[25,25],[43,18],[23,21],[24,13],[23,17],[-3,27],[33,17],[25,41],[12,8],[62,40],[69,17],[37,6]],[[59274,49923],[22,4],[17,-1],[20,-8],[36,-10],[41,8],[20,-4],[40,13],[4,6],[47,11],[71,25],[39,-1],[10,3],[23,-10],[73,-17],[28,15],[19,4],[24,1],[19,3],[47,-1],[25,-10],[11,3],[25,-6],[62,-28],[13,-8],[12,-25],[-5,-19],[6,-3],[63,-8],[26,4],[52,4],[35,7],[22,1],[-1,12],[39,30],[20,11],[28,6],[43,18],[12,10],[25,3],[31,8],[33,23],[34,6],[41,13],[20,0],[28,6],[19,8],[12,9],[13,1]],[[60618,50040],[42,6],[11,-3],[27,3],[46,-21],[29,-24],[91,-28],[40,-24],[77,-29],[34,-24],[13,-18],[0,-10],[53,-36],[16,-71],[63,-29],[57,-7],[140,-11],[105,11],[36,-31],[4,-25],[-29,-26],[25,-36],[16,-11],[91,5],[119,-6],[16,5],[59,-32],[38,-47],[167,13],[123,-6],[84,0],[24,-32],[33,-33],[17,-109],[17,-9],[88,-8],[40,-24],[-21,-80],[3,-26],[15,-7],[-12,-60],[-33,-13],[-18,-31],[-16,-17],[-11,-24],[72,-37],[86,-8],[65,-2],[19,6],[41,-56],[79,-11],[-4,-13],[4,-10],[6,-4],[19,-4],[1,-4],[-16,-25],[13,-5],[19,-34],[-16,-1],[-14,12],[-9,-13],[-20,-6],[1,-12],[-15,-6],[23,-18],[0,-10],[-28,-4],[-18,4],[-13,-1],[-17,-17],[-2,-8],[-13,-6],[-28,1],[-7,-5],[-14,-1],[-41,-11],[2,-4],[9,3],[2,-5],[11,-1],[-24,-10],[-3,2],[-10,0],[3,-11],[-13,-5],[1,-5],[-14,-2],[-7,-9],[-15,0],[-4,-10],[7,-1],[0,-6],[-9,-2],[-3,2],[-6,-3],[-11,2],[-6,-18],[-37,-11],[16,-10],[-12,-6],[-3,-6],[6,-5],[16,-2],[2,-3],[-21,-15],[1,-15],[-5,-8],[-11,-6],[-39,-6],[-13,-13],[-2,-17],[-16,-22],[-7,-30],[-16,-12],[-2,-8],[10,-13],[-8,-12],[-15,-10],[-1,-6],[15,-18],[-26,-23],[4,-6],[30,-5],[43,-1],[8,8],[12,3],[41,-2],[1,-3],[14,6],[25,0],[-2,3],[13,4],[66,16],[1,4],[-7,6],[5,0],[-11,5],[-9,12],[2,4],[-9,8],[2,4],[26,-1],[20,7],[15,2],[13,-1],[6,-4],[19,1],[9,9],[-11,7],[8,8],[62,-5],[34,4],[38,-6],[20,3],[8,5],[16,2],[53,2],[47,-8],[77,7],[15,-24],[-11,-11],[-44,-24],[-21,-24],[2,-8],[46,-15],[45,-3],[14,-30],[18,2],[35,-2],[57,-6],[49,-15],[40,-8],[9,-4],[-2,-19],[162,35],[-14,11],[17,43],[79,22],[48,19],[29,6]],[[64019,53530],[-2,-1],[-1,-12],[-6,-4],[-13,-1],[-36,3],[-37,-14],[-49,-13]],[[63875,53488],[-28,35],[-64,57],[-8,26],[-12,16],[-45,3],[-71,-19],[7,8],[-15,27],[-27,8],[-25,13],[11,3],[13,10],[-3,9],[8,13]],[[63616,53697],[37,11],[37,8],[25,2],[12,-2],[27,-18],[9,-21],[23,-10],[5,-11],[-9,10],[-14,-3],[7,-9],[10,-2],[6,2],[5,-8],[27,-17],[20,-8],[6,1],[1,4],[7,-7],[16,-1],[20,1],[25,8],[14,-4],[35,-50],[52,-43]],[[63617,53711],[0,3]],[[63617,53714],[21,5],[-21,-8]],[[63188,53620],[-8,0]],[[63188,53620],[0,0]],[[63188,53620],[19,2]],[[63130,53623],[4,-4],[-36,5],[0,2],[16,0],[16,-3]],[[63176,53621],[-24,2]],[[63152,53623],[-116,14]],[[63036,53637],[-4,23],[6,6],[-2,19],[-16,25],[-1,13],[9,25],[-2,28],[9,41],[-4,14],[-19,14],[-3,10],[3,32],[20,25],[15,-1],[25,9],[26,-2],[22,4],[43,27],[52,13],[0,16],[21,14],[26,9],[21,-2],[39,3],[32,-4],[67,26],[36,18],[-3,2],[5,3],[70,30]],[[63529,54077],[24,-14],[21,-20],[-20,-18],[6,-11],[27,-11],[24,-3],[17,-7],[34,-29],[15,-18],[22,-12],[3,-13],[25,-8],[7,0],[-7,-5],[5,-3],[-4,-2],[7,-2],[-7,-2],[10,0],[18,-8],[11,2],[11,-3],[21,-11],[0,-5],[13,-13],[8,1],[17,-5],[14,-7],[-2,-4],[11,2],[-2,-7],[7,-4],[-3,-16],[-16,-5],[19,-17],[45,-8],[-20,-14],[-6,-13],[12,-11],[30,-16],[-6,-15],[26,-37],[-2,-16],[-4,1],[3,-5],[69,-10],[-69,10],[-14,16],[-53,-4],[-33,-14],[-24,-1],[-9,16],[2,2],[-60,46],[-34,18],[-32,1],[-50,-7],[-38,-13],[-65,-10],[-40,-18],[20,8],[-3,-40],[-15,-32],[-10,-9],[-17,-7],[-40,-4],[1,-3],[-47,16],[-35,-2],[-53,6],[-33,0],[-24,13],[-2,-2],[11,-7],[14,-5],[36,-1],[48,-7],[42,2],[35,-19],[-87,-8],[-114,27],[-44,-2]],[[63207,53622],[14,0],[22,-8],[-69,4],[-23,5],[16,-3],[13,0]],[[63176,53621],[0,0]],[[63875,53488],[-60,-20],[-28,-20],[-28,-37],[-19,0],[20,-37],[-8,-7],[13,-7],[13,-13],[-1,-5],[-6,-3],[1,-8],[19,-30],[-13,-2],[-11,-14],[-25,-9],[-36,-4],[-2,-13],[12,-20],[-14,-15],[-33,14],[-40,1],[-43,10],[-80,9],[0,2],[-22,5],[-52,-2],[-51,13],[-24,20],[-16,8],[-64,8],[-105,19],[-20,42],[3,7],[47,24],[23,17],[23,12],[19,19],[25,13],[34,9],[-20,17],[-48,-6],[-67,58],[-139,36],[-28,2],[0,39],[5,6]],[[63029,53626],[107,-15],[93,-5],[98,-19],[22,3],[51,1],[68,12],[24,10],[41,39],[4,19],[19,30],[20,8],[41,5]],[[63617,53711],[-40,-18],[10,-6],[29,10]],[[65220,46756],[40,-7],[-5,-15],[14,-12],[69,-16],[17,-10],[11,-9],[1,-34],[5,-2],[25,12],[19,1],[17,7],[36,-25],[8,-19],[31,-13],[14,-25],[8,3],[0,5],[7,3],[32,0],[15,-5],[16,6],[87,-65],[13,8],[26,8],[27,-14],[-14,-7],[14,-15],[6,3],[3,-3],[-14,-4],[6,-5]],[[65564,46380],[-5,4],[-35,3],[11,12],[-2,16],[-21,7],[-8,10],[-11,1]],[[65493,46433],[1,9],[-6,5],[-5,13],[7,7],[-42,24],[-17,4],[-13,0],[-12,-6],[-34,-29],[-19,-5],[-97,-11],[-22,-6],[-67,-23],[-65,-39],[-51,-19]],[[65051,46357],[-60,-10],[-19,0],[-35,20],[-16,4],[-14,-1],[-29,-16],[-28,-21],[-33,-16],[-61,-11],[-53,-14],[-84,-27],[-32,-20],[3,-6],[13,-10],[-2,-5],[-12,-6],[-36,-6],[-64,6],[-50,20],[-45,12],[-79,9],[-44,21],[-10,-1],[-12,-5],[-12,-19],[-16,-4],[-85,2],[-24,4],[-46,14],[-51,26],[-18,15],[-6,26]],[[63991,46338],[39,12],[-7,17],[-16,19],[5,30],[-16,28],[50,6],[26,7],[6,31],[37,8],[56,4],[1,8],[26,10],[9,11],[28,16],[30,35],[-7,12],[21,36],[-39,83],[8,7]],[[64248,46718],[6,-3],[14,1],[198,26],[12,-25],[108,13],[-11,27],[-22,20],[14,6],[1,7],[40,-2],[13,52],[34,-1],[86,-15],[33,5],[9,-6],[33,-8],[18,-19],[-2,-49],[45,-11],[15,-9],[8,-12],[12,-1],[11,-7],[10,-1],[7,-9],[18,-6],[20,8],[17,-9],[22,-1],[33,3],[11,-17],[22,7],[-9,11],[7,5],[16,4],[-2,21],[34,1],[4,7],[33,2],[39,12],[2,11],[13,0]],[[67807,48250],[-6,-9],[-18,1],[-22,-6],[-8,-4],[-6,-10],[13,-17],[10,1],[34,-29],[11,0],[3,-9],[6,1],[3,-3],[21,3],[2,-36],[-42,-10],[0,7],[-39,-2],[13,-78],[3,-6],[7,1],[3,-11],[11,0],[-5,-19]],[[67462,48055],[36,16],[-14,6],[-37,3],[-6,1],[-21,11],[-24,0],[-6,7],[-21,4],[-3,6],[7,24],[0,20],[-3,9],[-12,7],[-14,28],[13,13],[23,5],[15,9],[2,18]],[[67397,48242],[41,-1],[39,25],[9,1],[7,-37],[45,-4],[31,-6],[9,-4],[-5,-7],[-33,-8],[-4,-12],[5,-8],[13,-7],[28,-4],[52,9],[59,20],[28,26],[1,14],[8,6],[37,8],[40,-3]],[[68247,48170],[-17,7],[-32,6],[-40,6],[-25,-1],[-4,4],[-25,0],[-3,4],[-7,0]],[[68094,48196],[1,20],[-11,12],[3,6],[-8,35],[-26,34]],[[68077,48323],[15,3],[19,-25],[36,9],[-9,12],[21,5]],[[68159,48327],[21,-36],[-3,-7],[41,5],[21,-3],[7,-18],[-9,-2],[4,-7],[-16,-2],[7,-2],[0,-6],[8,0],[7,-79]],[[63991,46338],[-27,-2],[-19,4],[-12,-7],[-37,-42],[-1,-26],[-13,-26],[-27,-26],[-53,-29],[-20,-6]],[[63782,46178],[-19,-5],[-5,-4],[-26,-5],[-39,-25],[-49,-3],[-27,-15],[-6,-9],[-9,-6],[-61,-17],[-22,-13],[-36,-5],[-13,12],[-11,0],[-23,-1],[-23,-8],[-34,10],[-19,9],[-19,2],[-23,-3],[-16,11],[-21,5],[-20,9],[-42,-11],[-27,-11],[-20,-3],[-22,-3],[-5,6],[-20,1],[-7,-3],[-22,-19],[-12,-3],[-10,9],[13,11],[20,6],[18,26],[4,15],[-10,23],[-13,9],[-11,13],[-14,6],[-5,5],[7,7],[18,1],[28,6],[2,5],[-15,21],[4,5],[18,2],[28,-7],[4,3],[-1,13]],[[63169,46250],[10,16],[16,10],[-4,11],[30,4],[-7,8],[7,6],[33,0],[-13,19],[1,19],[-18,37],[-3,32],[3,4],[12,3],[-2,9],[-22,-2],[-16,3],[-1,9],[-76,-5],[-49,9],[-53,1],[-17,5],[-9,7],[-11,25],[-22,8]],[[62958,46488],[10,11],[-3,2],[3,13],[22,9],[6,17],[6,0],[27,12],[33,3],[17,7],[13,19],[1,9],[-10,7],[8,3],[17,17],[13,1],[11,8],[19,1],[20,11],[52,4],[23,15],[1,7],[12,9],[8,15],[21,10],[2,13],[17,16],[6,28],[-30,24],[-3,12],[19,24],[17,12],[8,0],[13,20],[-81,10]],[[63256,46857],[2,6],[116,-14],[5,28],[12,8],[142,-18],[0,-2],[55,2],[35,15],[-23,53],[90,7]],[[63690,46942],[87,6],[13,-8],[2,-23],[32,-46],[-11,-5],[-54,-10],[-8,-14],[11,-6],[17,-23],[-7,-1],[2,-8],[-5,-8],[1,-14],[-5,-20],[-20,1],[2,-5],[-4,-1],[53,-39],[4,1],[6,-9],[30,-12],[2,-4],[57,-8],[4,4],[33,11],[8,-5],[9,0],[34,17],[55,7],[24,19],[14,2],[-4,19],[-13,8],[11,6],[12,15],[15,7],[89,6],[27,-51],[35,-33]],[[68522,47916],[-9,-4],[5,-6],[-66,-15],[2,-4],[-7,3],[-45,2],[3,-23],[55,7],[2,-12],[27,-7]],[[68489,47857],[-13,-10],[-13,-22],[-13,-6],[-15,-5],[-4,14],[-27,-5],[0,-8],[-51,-4],[-1,-2]],[[68352,47809],[-47,-5]],[[68305,47804],[-12,0],[-9,16],[29,14],[22,20],[-44,14],[8,9],[1,10],[39,3],[-12,39]],[[68327,47929],[58,12],[3,5],[7,2],[9,-7],[68,-6],[18,-4],[11,-8],[21,-7]],[[68017,47493],[-2,-31],[65,6],[64,-47],[45,6],[7,-14],[17,-14],[-30,-7],[-11,3],[-53,0],[-24,-2],[-11,-3],[-38,8],[-15,-9],[-9,-13],[-30,-15],[-9,-9],[-33,1],[-2,-2]],[[67948,47351],[-6,4],[32,47],[-5,0],[-3,-4],[-23,1],[3,16],[-5,11],[-52,6]],[[67889,47432],[14,48],[11,20]],[[67914,47500],[65,-7],[38,0]],[[67914,47500],[-34,4],[-21,0]],[[67859,47504],[10,25],[-1,36]],[[67868,47565],[40,-6],[10,1],[-9,11],[10,7],[10,18],[58,3],[35,5]],[[68022,47604],[-5,-111]],[[67868,47565],[-1,4],[-71,-6],[0,4],[-48,3],[0,24],[-8,42],[218,9],[29,3]],[[67987,47648],[25,6],[12,-6],[-2,-44]],[[67948,47351],[-41,-55],[2,-21],[-7,-2]],[[67776,47284],[10,35]],[[67786,47319],[32,96],[39,-5],[14,1],[13,7],[5,14]],[[67786,47319],[-66,6],[20,115],[-6,28],[-17,26],[42,1],[1,3],[66,-2],[3,-4],[3,8],[27,4]],[[67923,47695],[-4,-13],[5,-4],[31,-9],[32,-21]],[[67385,47300],[4,11],[23,5],[-8,159],[-41,-3],[-20,146],[-66,24],[-29,14],[47,21],[50,11],[22,7],[37,19],[17,1],[8,-4],[-2,-28],[8,-3],[16,1],[12,15],[22,16],[9,18]],[[67880,47782],[18,-14],[2,-9],[-9,-7],[-8,-1],[-3,-10],[6,-7],[5,0],[12,-8],[-3,-3],[21,-6],[3,-4],[-7,-8],[6,-10]],[[68617,47877],[-7,-5],[-9,-2],[-13,2],[-1,-15],[4,1],[23,-26],[-11,-11],[-5,9],[-55,-13],[-29,1]],[[68514,47818],[-18,34],[-7,5]],[[68522,47916],[29,-11],[11,-9],[55,-19]],[[67986,49206],[36,-93],[30,-56],[35,-49],[65,-72],[68,-56],[19,-9],[24,-6],[31,-21],[16,-8],[9,-1],[52,-44],[18,-10],[18,-1],[-2,-4],[14,-12],[-22,-4],[-7,-8],[-5,-32],[10,-18],[-1,-24],[14,-28],[30,-40],[22,-24],[14,-4]],[[68474,48582],[-20,-1]],[[68454,48581],[-21,5],[-11,-4],[-6,3],[-12,-2],[-2,8],[11,9],[-19,13],[-14,19],[-26,3],[-13,14],[-24,4],[-15,7],[-57,11],[9,14],[-11,11],[11,13],[-5,6],[-15,2],[-7,24],[-10,9],[-6,3],[-42,-6],[-11,9],[-7,14],[-23,3],[-37,27],[-4,6],[-22,4],[-19,9],[-1,5],[-23,6],[6,9],[-33,7],[22,16],[11,2],[4,21],[14,27],[-55,-15],[-14,0],[-4,6],[-21,-2],[-17,4],[-8,-9],[-38,-27],[-22,-13],[-10,-9],[-24,-10],[-28,-3],[-21,1],[-23,4],[-16,7],[-20,-1],[6,-17],[-25,2],[-10,-3],[-33,0],[-13,-29]],[[67650,48798],[-114,8],[0,28],[-32,-4],[0,-12],[-40,-5],[-15,7],[11,30],[9,-2],[4,7],[-18,5],[10,33],[12,4],[11,11],[14,7],[-93,27],[4,4],[-67,23],[-26,4],[-18,16],[-41,14],[-38,35],[-9,3],[-9,13],[5,10],[13,9],[36,11],[35,4],[51,11],[33,3],[23,11],[11,-4],[81,18],[17,7],[29,8],[39,4],[35,8],[-8,28],[-20,18],[0,16],[-10,2],[9,12],[17,10],[3,14],[-8,-4],[-23,-2],[-43,6],[-10,2],[-24,19],[-31,8],[-39,21],[-39,4],[-6,4],[-69,5],[-36,8],[-14,1],[-14,6],[-16,2],[-20,9],[-16,-1],[-10,3]],[[60940,45986],[-46,-15],[0,7],[-16,6],[-6,5],[-20,3],[5,5],[-2,5],[-18,-9],[-35,-6],[-16,-11],[-5,-10],[-29,-8],[-14,4],[-10,-1],[-42,-14],[-16,-6],[-12,-11],[-21,-9],[-9,0],[-17,-15],[1,-2],[-16,-12],[-7,-23],[4,-1],[-8,-7],[-5,-13],[-3,-3],[-14,-1],[-13,-8],[17,-7],[6,-7],[-8,-14],[6,-7],[-7,-8],[10,-15],[13,-10],[-1,-4],[-7,0],[-1,-4],[12,-10],[16,-2],[5,-7],[-23,-15],[-5,-10],[5,-11],[-5,-11],[9,-16],[1,-11],[-4,-10],[-14,-8],[4,-15],[-19,-11],[-5,-6],[3,-6],[18,-8],[-4,-3],[-3,-17],[-12,-11],[6,-14],[-2,-20],[-5,-5],[9,-11],[2,-31],[10,-3],[5,-10],[-11,3],[-19,-3],[-7,-17],[-9,0],[-17,-6],[-10,1],[-16,-8],[-40,-11],[-64,-28],[-102,-66],[-199,-148]],[[60088,45195],[-54,88],[-32,67],[-96,45],[-30,-53],[-22,-14],[-4,-13],[-23,-17],[-6,-11],[-21,-16],[-47,-15],[-8,0],[-15,-9],[-35,-5],[-24,-8],[-20,-8],[-3,-8],[-18,-2],[-4,-5],[-9,-1],[-1,-4],[-13,1],[-15,-6],[-21,0],[-20,-8],[-14,-14],[-17,-6],[-15,0],[-20,-5],[-8,2],[-12,14],[-25,8],[-5,-3],[-1,-8],[-20,-11],[1,-11],[-18,-8],[-35,-32],[-44,-21],[-8,-12],[-17,-6],[-3,-8],[-16,-5],[-10,-11],[-24,-11],[-5,-9],[-40,-17],[-16,-2],[-4,-4],[-69,-37],[-11,-4],[-9,3],[-8,-2],[-37,5],[-13,-4],[-40,-4],[-32,-9],[-38,-1],[-6,-3],[-37,-4],[-17,-4],[-3,-5],[-11,-2],[-7,-6],[-70,0],[-29,6],[-24,9],[-68,41],[-144,42],[-92,62],[-45,71],[-52,46],[-45,86]],[[58264,45299],[8,18],[81,51],[-24,29],[-15,26],[-36,43],[-23,12],[-48,36],[-17,31],[1,8],[-28,13],[-56,42],[-62,40],[9,11],[70,13],[11,6],[16,1],[18,12],[13,0],[29,19],[30,10],[30,18],[21,6],[32,17],[15,16],[0,12],[70,84],[9,42],[4,51],[61,8],[17,11],[9,2],[-14,6],[-4,8],[-12,7],[8,5],[56,2],[19,8],[38,6],[14,9],[9,18],[-8,12],[-7,3],[-14,-9],[-20,2],[-4,-6],[-7,2],[3,11],[-8,12],[-23,13],[-55,5],[-32,30],[-14,27],[-26,4]],[[58408,46162],[-35,69],[28,90]],[[58401,46321],[160,-4],[38,11],[75,-5],[57,-14],[226,56],[3,6],[18,10],[2,5],[-9,17],[17,18],[20,-9],[4,-9],[17,-3],[17,3],[7,7],[6,-4],[7,2],[3,-4],[17,6],[3,-3],[-5,-3],[25,-5],[33,9],[-2,8],[24,0],[6,13],[-9,14],[-9,3],[0,3],[-19,13],[-23,8],[4,4],[-13,6],[-17,4],[-7,-1],[-13,4],[-19,1],[-2,5],[-22,5],[-14,8],[-15,17],[-22,10],[-10,18],[17,13],[-2,6],[37,12],[90,18],[56,2],[17,-7],[15,-1],[90,4],[54,8],[14,5],[42,-1],[25,-5],[32,1],[9,7],[11,3],[26,3],[9,-1],[7,6],[1,10],[17,7],[11,1],[5,6],[-11,6],[2,8],[-6,1],[-2,6],[8,2],[-5,7],[31,24],[9,4],[42,0],[22,8],[6,-4],[12,2],[18,-12],[-3,-9],[-18,-1],[3,-7],[11,0],[11,5],[24,4],[18,-9],[14,-16],[-10,-4],[14,-2],[9,-40],[-6,-33],[-5,-6],[7,-22],[-25,-15],[-89,-44],[3,-23],[13,-9],[6,-16],[6,-4],[18,-6],[7,-9],[-5,-4],[-14,4],[-12,-4],[4,-18],[25,-1],[32,-9],[38,-20],[22,-21],[9,-3],[35,9],[61,8],[86,29],[19,-21],[-3,-11],[7,-1],[33,1],[57,-7],[14,5],[33,1],[5,2],[23,1],[30,4],[3,-2],[21,-1],[48,0],[41,5],[1,-21],[18,-21],[-15,-3],[1,-3],[-6,-2],[0,-6],[-13,-14],[-12,-6],[-19,-8],[-13,0],[-1,-18],[-23,-21],[-38,-9],[-7,1],[-3,-15],[7,-8],[-20,-26],[9,-47],[-66,-12],[-19,0],[0,-20],[5,-7],[17,-12],[12,-2],[32,1],[80,16],[85,-2],[38,4],[61,0],[22,3],[8,7],[23,4],[93,5],[63,19],[30,5],[24,10],[76,6],[54,-3],[4,-6],[20,-11],[15,-4],[22,-1],[14,-8],[1,-5],[-12,-18],[-3,-16],[6,-5],[46,-15],[5,-8],[-13,-5],[-57,-4],[-5,-8],[2,-4],[8,0],[3,-3],[18,-34],[4,1],[10,-5],[25,4],[34,-34]],[[68713,47631],[55,-63],[28,-25],[70,-50],[24,-14],[11,-3],[5,1],[10,-9],[-30,-1],[-7,-4],[-2,-12],[-15,-24],[9,-13],[8,-5],[22,-2],[-23,3],[-8,6],[-7,11],[25,36],[8,3],[24,-1],[4,3],[-15,8],[-2,5],[9,-4],[10,2],[12,-2],[11,-5],[-21,-3],[22,1],[0,-8],[-8,-8],[14,-25],[8,-4],[32,1],[12,-2],[2,-25],[18,-23]],[[68745,47300],[-138,125]],[[68607,47425],[-6,6],[-21,-4],[-34,34],[-15,1],[-31,-7],[-104,-34],[-24,12],[28,12],[-26,16],[-39,33],[26,8],[43,25],[-34,49]],[[68370,47576],[72,8],[22,7]],[[68464,47591],[40,-1],[96,5],[43,15],[-5,10],[32,13],[6,-2],[37,0]],[[68094,48196],[-12,0],[-8,-3],[-46,16]],[[68028,48209],[-14,5],[-28,-4],[-36,6],[-41,16],[-48,8]],[[67861,48240],[1,16],[5,2],[-4,7],[5,5],[15,-4],[17,1],[14,3],[9,8],[-15,8],[-2,24],[7,1]],[[62446,46592],[-2,-5],[-19,-6],[6,-15],[-2,-7],[-7,-4],[-9,4],[-23,0],[-44,-6],[-2,-3],[-23,-8],[1,-5],[-9,-4],[-14,1],[-13,-10],[-10,2],[3,-4],[-3,-7],[-7,-1],[1,3],[-6,0],[-3,-6],[-14,1],[0,-4],[-28,-17],[-3,-9],[-8,-5],[-9,0],[7,-8],[-1,-8],[-23,-13],[-2,2],[-11,-6],[-4,-4],[5,-4],[-1,-9],[-20,-12],[-4,-7],[17,0],[45,-17],[15,-7],[16,-16],[-39,-19],[12,-50],[-17,-13],[-20,-10]],[[62174,46276],[-41,-10],[-96,-14],[-224,-11],[-75,-11],[-13,-35],[-280,-54],[-104,-14],[-97,-40],[5,-12],[-106,-24],[-203,-65]],[[58401,46321],[-29,16],[-67,7],[-78,20],[-22,-1],[-65,5],[-13,11],[2,4],[-11,-2],[-9,3],[7,6],[-1,6],[-9,3],[2,8],[-10,9],[1,3],[-15,21],[10,21],[59,0],[25,4],[13,21],[-3,9],[6,3],[14,18],[-1,4],[19,17],[8,3],[37,-1],[4,-2],[10,4],[1,3],[11,1],[-2,3],[8,2],[15,11],[12,2],[24,25],[4,15],[-6,4],[4,5],[-13,13],[15,11],[9,24],[14,13],[0,16],[18,11],[-5,12],[13,13],[-6,7],[-17,4],[-27,-6],[-12,4],[7,10],[26,10],[5,5],[-5,6],[-18,-7],[-10,4],[2,5],[16,10],[-21,11],[-8,14],[29,28],[-13,17],[17,8],[34,2],[-3,10],[30,16],[40,3],[21,4],[11,-5],[-4,-5],[10,-1],[11,2],[10,9],[20,2],[21,10],[36,13],[8,7],[-5,8],[6,8],[13,6],[34,5],[13,14],[53,-6],[7,4],[3,12],[10,4],[26,-13],[15,1],[6,11],[-6,18],[7,6],[10,-5],[13,5],[28,-4],[24,3],[15,5],[17,2],[-4,10],[14,-2],[21,-6],[7,7],[10,3],[-2,9],[8,4],[9,0],[6,-3],[-3,-15],[43,-11],[7,4],[-1,6],[-19,5],[-7,7],[8,11],[26,3],[57,-2],[35,2],[100,26],[6,14],[-6,20],[-18,13],[-31,10],[9,9],[-4,6],[-65,26],[12,12],[22,12],[-4,7],[5,3],[-12,4],[-2,-7],[-18,-9],[-14,1],[0,5],[6,6],[-28,19],[-19,-4],[-22,14],[2,20],[-8,5],[0,5],[4,3],[16,-1],[5,8],[-12,3],[-21,-3],[-5,3],[5,7],[27,10],[27,4],[3,8],[36,3],[16,20],[-11,8],[0,17],[-7,7],[-50,17],[-17,10],[-2,5],[17,15],[23,5],[7,27],[15,13],[12,4],[23,1],[10,-14],[33,3],[5,4],[-2,14]],[[59551,47536],[8,-3],[-23,-33],[-12,-2],[-31,-16],[-54,-16],[-32,-19],[20,-18],[40,-17],[17,-5],[27,3],[15,-2],[47,-27],[14,-2],[12,-11],[21,-12],[5,4],[26,0],[5,-2],[0,-5],[6,-3],[-4,-2],[20,-5],[13,0],[-1,-3],[8,-8],[-9,-25],[0,-29],[5,-10],[-27,-22],[8,-28],[13,6],[20,3],[26,14],[12,15],[55,12],[23,0],[34,-16],[12,-13],[46,7],[67,15],[29,5],[3,-5],[10,0],[6,-5],[64,-20],[53,-31],[35,-29],[94,-6],[-5,-7],[3,-2],[47,-9],[8,-10],[26,-4],[16,-11],[-73,-32],[-52,-14],[-3,-17],[-36,-10],[13,-14],[5,-14],[7,-1],[18,4],[18,-2],[12,-8],[4,3],[31,3],[4,-17],[7,-4],[0,-7],[8,-3],[6,-16],[-3,-10],[9,-2],[13,2],[13,-18],[15,-7],[-2,-2],[5,-5],[30,-13],[12,-10],[-9,-3],[2,-14],[18,4],[20,12],[24,4],[22,9],[14,11],[2,9],[7,3],[3,-3],[13,5],[5,7],[-2,4],[20,3],[18,7],[26,5],[16,9],[26,8],[17,10],[11,13],[12,4],[-1,9],[20,10],[22,-48],[22,-5],[17,-31],[54,-42],[3,8],[23,7],[113,16],[26,1],[20,8],[66,8],[93,6],[12,0],[-10,-5],[0,-3],[20,-13],[19,0],[38,-11],[17,-17],[-1,-21],[10,-31],[-77,-15],[25,-13],[41,-35],[23,-41],[-75,-4],[-54,-8],[77,8],[163,11],[14,-34],[117,7],[-1,-38],[112,-13],[20,3],[6,-2],[24,2],[13,-3],[8,1],[20,-6],[5,-9],[22,-15],[1,-8],[9,-6],[0,-8],[10,-9],[1,-12],[16,-17],[9,-3],[39,24],[24,11],[37,33],[28,12],[77,20],[44,5],[80,23],[24,3],[22,0],[47,-27],[7,-19],[9,-10],[29,-3],[64,-13],[-10,-7],[2,-13],[-15,-6],[22,-29],[21,-7],[40,-7],[16,-1],[17,5],[12,-1]],[[62958,46488],[-3,0],[-20,-23],[-23,-11],[-11,-10],[-12,-1],[5,-15],[-42,-2],[-6,-14],[-5,-1],[8,-21],[-6,-13]],[[62843,46377],[-18,-10],[-32,-6],[-27,4],[-1,16],[-11,-1],[1,35],[30,1],[21,8],[-11,5],[9,3],[3,10],[6,1],[20,10],[-11,0],[-15,18],[-7,-1],[-7,10],[-19,6],[6,4],[27,-1],[-2,11],[3,3],[-16,1],[-15,4],[2,5],[-19,9],[3,8],[-88,12],[-32,39],[-31,18]],[[62612,46599],[-8,10],[-5,27],[10,38],[-2,12],[-10,7],[-29,5],[-6,9],[0,11],[15,19],[4,19],[50,10],[5,-2],[2,-22],[21,8],[27,-8],[36,-5],[22,-11],[25,-4],[30,3],[1,2],[20,-1],[7,-3],[10,2],[25,-9],[21,9],[17,4],[11,10],[18,5],[6,8],[9,1],[-2,2],[5,2],[10,-2],[1,6],[16,-5],[2,10],[18,12],[41,-7],[39,5],[11,10],[9,2],[43,6],[23,1],[26,17],[32,16],[28,0],[8,3],[-3,14],[5,12]],[[63169,46250],[-23,9]],[[63146,46259],[-15,-13],[-22,-5],[-3,4],[26,6],[14,8]],[[63146,46259],[-5,10],[-32,18],[-45,-4],[-34,-7],[-37,-3],[10,-14],[-12,-4],[-13,13],[-12,-3],[-6,1],[-1,7],[-10,0],[-1,-7],[-8,-5],[-32,-3],[-37,-12],[3,-20],[-5,-22],[-24,1],[-55,-16]],[[62790,46189],[56,133],[36,31],[-22,17],[-6,-2],[-11,9]],[[62790,46189],[-46,12],[-17,-8],[-32,3],[-24,-4],[-17,9],[-18,5],[-69,3],[-10,4],[-9,11],[-10,-1],[-13,-6],[-26,7],[-9,-1],[-12,5],[-4,7],[-10,2],[-43,2],[-54,-3],[-35,4],[-11,-7],[-12,-2],[-18,0],[-6,6],[-59,-7],[-29,7],[-7,-2],[-16,2],[-9,-3],[-7,3],[1,5],[12,14],[3,20]],[[62446,46592],[37,3],[61,-3],[68,7]],[[68036,48563],[49,-26],[44,-33],[42,-18],[88,-24],[20,-8],[16,-15],[12,-5],[-19,-21]],[[68288,48413],[-1,-8],[-32,-2],[-24,-7],[-39,-17],[-8,-9],[-5,-22],[-21,-18],[1,-3]],[[67914,48409],[-97,122],[-13,34]],[[67804,48565],[32,-8],[73,-10],[41,-10],[18,7],[32,-10],[23,12],[13,17]],[[68278,47260],[27,9],[17,16],[7,1],[8,-5],[-7,-4],[10,-1],[7,3],[11,-3],[1,6],[9,-2],[5,-11],[15,-1],[16,12],[-10,11],[-26,0],[-7,20],[60,54],[186,60]],[[63457,47510],[12,-12],[3,-13],[-3,-20],[-16,-25],[-34,-2],[-7,-8],[6,-5],[13,-4],[24,-18],[21,2],[3,3],[26,-4],[37,5],[35,-8],[12,-5],[-4,-13],[-21,-19],[-3,-14],[-8,-7],[8,-20],[-3,-5],[6,-7],[-7,-2],[-3,-11],[7,-6],[-2,-2],[11,1],[-1,-4],[13,-9],[0,-8],[-16,-5],[-4,-6],[-5,1],[-7,-15],[-9,-7],[-23,-6],[-56,-21],[-31,-6],[-6,-6],[-20,-3],[4,-4],[-21,-7],[-33,-7],[-16,3],[-4,-8],[-6,0],[-10,-5],[-10,0],[-10,-3],[78,-54],[27,-16],[11,-1],[4,-7],[10,-3],[53,-3],[7,-4],[30,-7],[32,6],[31,-12],[58,-4],[27,-11],[61,-8],[19,-7],[28,4],[-4,-16],[-41,-5],[-42,1],[-30,-5],[-1,-6],[29,-46],[4,-19]],[[68514,47818],[6,-15]],[[68520,47803],[-23,-8],[-26,-18],[-2,-2],[15,-7],[-19,-14],[-7,-1],[3,-2],[-12,-10],[0,-4],[-50,-14]],[[68399,47723],[9,22],[-56,45],[0,19]],[[68305,47804],[-3,-6],[8,-8],[-44,-26],[-90,28],[0,-3],[-44,-17],[-100,-31],[2,-16],[-28,-8],[-13,-1],[-70,-21]],[[68002,47891],[3,2]],[[68008,47894],[4,3],[2,7]],[[68014,47904],[4,7]],[[68018,47911],[2,2],[21,5],[50,0],[13,-3],[11,2],[24,-4],[23,0],[35,11],[35,-7],[22,1],[3,-5],[-18,-10],[20,7],[5,10],[33,5],[7,-2],[23,6]],[[67101,49320],[16,-7],[45,-48],[6,-24],[10,-14],[3,-18],[-7,-33],[9,-16],[11,-8],[3,-19],[-91,-7],[-87,-11],[-8,-7],[0,-7],[-31,-8],[-16,-10],[-23,-6],[-11,-7],[-15,-4],[-10,-9],[-18,-3],[-31,-13],[-9,-7],[-14,-3],[-24,-1],[-8,-5],[-3,2],[-40,3],[-56,-3],[-15,3],[3,36],[-21,-11],[-31,-9],[-6,20],[-12,16],[-15,8],[-12,13],[-15,0],[-6,-6],[-12,-5],[0,-4],[9,-6],[-8,-8],[-12,-4],[1,-3],[-12,-1],[-7,-6],[-11,-1],[-14,-8],[3,-2],[-24,-20],[-12,-5],[-25,-1],[-5,-3],[9,-8],[-4,-3],[14,-22],[-12,-6],[13,-14],[-19,-5],[2,-6],[20,-10],[14,-12],[44,1],[-13,-30],[3,-12],[-5,-3],[7,-12],[23,-12],[5,-7],[-43,-15],[4,-15],[-20,-5],[-16,-12],[-17,-7],[-2,-5],[-9,0],[-17,8],[-31,6],[-4,-2],[-18,2],[-32,-17],[-19,-19],[10,-15],[-100,-28],[4,-13],[-84,-20],[11,-21],[38,-1],[73,-100],[15,2],[-1,-5],[-18,-6],[-63,-11],[16,-41],[5,-38],[13,-37],[14,-10],[-5,-12],[37,-60],[15,-9],[14,-15],[-24,-10],[35,-26],[16,-24],[46,3],[54,15],[5,8],[5,-15],[44,-12],[18,17],[33,-5],[29,6],[1,7],[9,-4]],[[66585,48298],[19,-10],[-12,-6],[4,-15],[-5,-11],[4,-7],[16,-9],[-3,-6],[32,-6]],[[66640,48228],[-7,-16],[5,-10],[-10,-15],[7,-12],[3,-30],[-10,-21],[-1,-11],[13,-12],[15,-26],[16,4],[11,-18],[43,10],[53,2],[22,3],[0,-6],[65,-8],[13,2],[3,6],[19,0],[36,11],[-6,6]],[[66930,48087],[51,-1],[38,-9],[-2,27],[-44,18],[82,32],[22,1],[-1,9],[9,0],[-15,9],[21,8],[-23,20]],[[67068,48201],[14,4],[-8,14],[22,7]],[[67096,48226],[62,-17],[6,2],[9,12],[38,7],[26,7]],[[67237,48237],[97,10],[28,0],[16,-4],[19,-1]],[[67228,47943],[-14,1],[-48,-10],[-11,-6],[-23,-4],[-20,-15],[-1,-4],[-25,-6],[-16,0],[-21,40],[8,23],[-12,4],[-26,29],[-13,5],[-12,-1],[-9,-5],[1,-7],[-8,-8],[-10,-3],[-34,2],[-35,10],[-4,-2],[-10,10],[-27,0],[-58,-13],[-13,-10],[-59,-9],[-3,2],[-35,-14],[-36,-2],[-36,-9],[-18,-7],[-38,-23],[-23,-6],[-19,13],[-26,10],[-62,8],[-31,8],[4,13],[-15,4],[-14,-15],[-42,-12],[-11,-8],[-19,-7],[-30,-5],[-2,-4],[-35,-21],[-10,-14],[-35,-12],[-9,7],[-2,12],[-29,19],[-45,-9],[-23,0],[-15,5],[-15,22],[14,11],[-30,17],[16,11],[-2,3],[15,9],[-11,14],[-26,-1],[-20,6],[-30,3],[-17,-1],[-5,4],[-34,3],[-26,-2],[-26,-6],[-12,1],[-23,-6],[-12,6],[-12,0],[-17,-7],[-9,-11],[-14,-4],[-12,6],[-38,3],[-73,-1],[-29,-4],[3,-22],[-11,-2],[-78,4],[-31,-1]],[[65504,47952],[-12,27],[-55,-4],[-16,24],[-43,-6],[-56,-13],[-63,-1],[-21,-3],[-52,0],[-7,3],[-14,0],[-120,-1],[-31,8],[-49,1],[-4,-4],[-59,-7],[-29,-9],[-60,-3],[-42,-14],[27,-20],[-50,5],[-85,1],[-18,1],[-57,20],[-73,11],[8,26],[-2,14],[-4,11],[-12,1],[-3,-4],[-9,-2],[5,-2],[-35,-14],[1,-5],[-14,-13],[9,-6],[-6,-3],[2,-3],[-6,0],[-14,-12],[-8,-1],[-1,-6],[-4,0],[-18,-12],[-19,-4],[-4,2],[4,-10],[-16,-11],[-11,-2],[5,-2],[-1,-7],[15,-5],[-13,-8],[9,-4],[-43,-13],[2,-3],[-26,-8]],[[63514,48429],[-42,60],[-41,41],[189,32],[32,3],[8,4],[16,-2],[18,2],[9,-2],[24,3],[5,-1],[4,2],[27,0],[12,4],[7,-3],[13,3],[4,-3],[63,5],[57,3],[9,-2],[23,4],[-13,26],[358,-22],[-1,64],[31,3],[39,8],[148,7],[-12,47],[40,86],[-5,17],[19,18],[-1,4],[20,4],[9,22],[17,-4],[13,0],[19,4],[4,4],[-2,4],[-11,7],[-13,22],[-21,24],[-5,20],[3,13],[72,11],[18,-15],[9,-14],[33,-6],[51,-5],[15,-14],[53,19],[57,32],[70,13],[23,7],[33,24],[4,14],[64,27],[15,22],[26,17],[8,3],[50,-10],[11,3],[26,1],[27,12],[8,0],[16,11],[5,0],[6,8],[16,2],[2,6],[16,5],[-4,3],[15,8]],[[65332,49144],[1,7],[26,18],[0,7],[9,6],[10,-1],[0,8],[21,12],[-2,4],[11,2],[3,6],[14,-3],[4,5],[4,-2],[-7,-9],[33,-13],[-6,-18],[18,-19],[6,-16],[9,-1],[46,-25],[49,-22],[34,-9],[25,10],[4,11],[-7,5],[-8,18],[3,14],[-20,14],[18,11],[25,-21],[54,-30],[17,14],[55,16],[109,7],[13,44],[-15,9],[-12,-1],[-12,14],[10,3],[14,13],[32,10],[21,16],[14,5],[48,-3],[35,-10],[14,3],[17,11],[-8,10],[6,9],[16,8],[8,9],[-3,18],[19,11],[-4,8],[-11,7],[6,7],[14,-1],[27,-13],[37,-7],[56,-16],[18,-1],[10,15],[-11,20],[41,29],[-2,15],[4,6],[26,14],[22,2],[14,-5],[-1,-36],[31,-18],[31,6],[18,0],[17,-6],[20,-2],[39,10],[41,-8],[40,6],[39,29],[31,11],[24,12],[34,6],[32,-3],[46,6],[32,26],[15,-2],[38,-15],[19,-1],[10,5]],[[67332,51611],[0,0]],[[67298,51588],[33,6],[1,2]],[[67332,51600],[2,8],[16,-3],[33,-49],[27,-26],[39,-29],[24,-11],[51,-2],[-18,-17],[2,-8],[10,-10],[18,-6],[8,3],[13,-4],[41,-1],[-1,-14],[-28,-17],[-8,-1],[1,-4],[-33,-22],[-5,-7],[7,-15],[41,-28],[-4,-18],[-26,-31],[-4,-18],[17,-30],[22,-22],[19,-12],[26,-9],[58,0],[33,-20],[31,-9],[15,1],[3,3],[14,5],[9,1],[-8,-9],[-3,-13],[-6,-2],[12,-3],[1,-38],[-4,2],[-8,-1],[-10,-10],[0,-12],[12,-15],[5,-17],[-1,-20],[-6,-20],[5,-4],[-5,-10],[-5,-3],[8,-5],[6,1],[0,4],[7,-16],[-9,-11],[7,-17],[-4,-3],[6,0],[-2,-4],[10,1],[2,-19],[-4,-2],[11,-9],[8,-22],[-5,-5],[-18,0],[-3,-9],[4,-3],[-6,-1],[-16,-16],[1,-9],[12,-16],[-5,-4],[1,-4],[23,-8],[15,-9],[1,-10],[10,-11],[-5,-7],[12,-2],[-10,-12],[3,-4],[6,1],[2,-10],[-6,2],[-7,-5],[4,-4],[-12,-1],[-10,-10],[1,-8],[-8,-11],[-15,-3],[-15,-17],[23,-14],[-2,-12],[31,-14],[6,-16],[25,-7],[18,-2],[7,2],[1,-4],[12,-4],[17,-1],[7,4],[-1,-6],[15,5],[11,-8],[3,-9],[-3,-6],[-18,-13],[-7,-18],[-20,-22],[3,-31],[-17,-27],[1,-21],[17,-24],[12,-30],[-1,-8],[-15,-20],[-24,-7],[-24,4],[-26,-5],[-43,-28]],[[65780,49898],[-35,-20],[12,-24],[-32,-16],[-155,-46],[-123,-26],[-43,-17]],[[65404,49749],[-264,78],[-231,84],[-29,20],[5,2],[16,52],[24,7],[5,8],[9,2],[18,1],[26,-5],[27,1],[25,-6],[4,2],[9,-3],[7,1],[18,-4],[47,9],[13,15],[-5,9],[2,11],[12,15],[-1,6],[6,1],[-5,5],[15,17],[7,-1],[9,11],[10,3],[5,-2],[-3,5],[5,2],[7,-2],[4,2],[20,16],[-2,8],[12,0],[1,4],[18,5],[-1,3],[11,5],[3,8],[8,3],[-3,2],[8,1],[-2,5],[16,5],[1,3],[-20,11],[-24,2],[-16,39],[5,13],[23,16],[9,11],[1,16],[26,16],[-4,15],[10,13],[46,14],[-13,7],[10,11],[-5,6],[11,5],[-9,6],[3,9],[-9,7],[5,2],[-7,3],[0,4],[-9,2],[-4,7],[-8,1],[-5,14],[15,2],[12,7],[-7,3],[-10,-2],[2,3],[-11,11],[-17,6],[-46,-3],[-55,6],[-53,-10],[-6,9],[-34,8],[-3,7],[-12,5],[-10,16],[-38,37],[-24,11],[-16,18],[-2,8],[9,2],[9,19],[-3,29],[12,3],[-20,30],[-9,0],[-19,9],[-16,11],[-7,10],[-21,8],[-3,5],[-12,6],[-75,14],[-8,-3],[46,-13],[-34,-15],[3,-6],[-102,-12]],[[64742,50652],[-11,29],[11,25],[-2,14],[16,5],[-5,7],[-15,2],[-4,7],[10,15],[-18,39],[-17,23],[1,12],[-7,16],[-37,34],[-9,64],[-6,9],[18,3],[56,16],[121,-35],[39,15],[27,-22],[135,69],[-10,11],[-7,19],[6,-1],[13,12],[31,14],[23,6],[122,19],[-15,15],[11,8],[21,-1],[22,-9],[4,-5],[27,1],[12,-8],[20,-4],[2,-11],[11,-7],[-3,-6],[8,-6],[8,12],[45,11],[85,11],[45,-2],[7,7],[50,24],[38,27],[113,36],[48,26],[52,15],[12,10],[-9,9],[1,14],[-17,11],[2,6],[-9,21],[-7,5],[-4,10],[-25,19],[-23,4],[-14,20],[-15,3],[-12,26],[-23,15],[18,27],[-3,5],[-15,3],[5,15]],[[68454,48581],[-70,-11],[-30,-1],[-6,5],[-70,1],[-51,-4],[-12,-5],[-14,-1],[-19,6],[-12,0],[-12,-6],[-18,16],[-32,-31],[-53,29],[-12,-6],[-7,-10]],[[67804,48565],[-11,5]],[[67793,48570],[35,25],[-7,27],[3,15],[-50,-3],[-18,-12],[-22,-7],[-37,0],[-30,11],[-63,8],[-2,6],[-37,24],[2,18],[-5,10],[6,16],[9,6],[23,-9],[16,0],[-3,5],[5,16],[32,72]],[[66867,48198],[3,-3],[12,2],[-4,-15],[-43,-11],[-13,-12],[0,-12],[9,3],[20,-10],[7,2],[5,-1],[8,5],[59,-59]],[[66640,48228],[62,9],[34,0],[17,4],[10,-4],[4,-6],[-6,-3],[1,-6],[9,-9],[8,-2],[-1,-6],[10,-4],[1,-3],[27,-7],[-4,-5],[28,2],[27,10]],[[67068,48201],[-59,0],[-20,-5],[-26,5],[2,3],[-13,2],[-5,7],[-4,0],[1,-6],[-6,-5],[-18,-1],[-16,10],[-10,2],[1,2],[-24,0],[-21,-7],[17,-10]],[[66585,48298],[43,13],[4,-4],[36,16],[4,2],[-16,14],[23,16],[36,-4],[9,1],[33,-1],[6,3],[13,2],[20,-2],[21,2],[39,9],[33,-12],[12,1],[0,-2],[20,-5],[16,-7],[7,-9],[5,-20],[35,-16],[0,-6],[6,-3],[20,3],[14,-1],[14,-5],[19,-14],[24,-2],[14,-5],[0,-15],[-13,-13],[2,-5],[12,-3]],[[68294,48177],[64,83],[19,2],[63,53],[31,13],[-20,13],[16,11],[10,22],[-136,32],[-53,7]],[[68474,48582],[26,-18],[-3,-9],[10,-10],[54,-37],[23,-2],[1,-3],[6,3],[23,-6],[3,2],[2,-5],[4,1],[-1,4],[16,-10],[4,-7],[-11,0],[-19,-18],[-2,-16],[18,-33],[12,-8],[0,-5],[12,-10],[19,-5],[0,-3],[-11,-2],[-13,1],[-10,-8],[-12,0],[-3,4],[-7,-4],[-12,6],[-21,1],[-18,-6],[-16,-9],[-10,-18],[-19,-21],[8,-15],[-6,-18],[13,-5],[0,-3],[-11,1],[-2,-2],[7,-4],[-13,-1],[0,-5],[-17,-13],[-39,-17],[-3,-14],[-26,-31],[-11,-25],[-27,-7],[-12,4],[18,3],[-1,4],[-44,2],[-59,-8]],[[65121,52823],[3,-6],[-21,2],[-7,8],[10,-3],[15,-1]],[[65336,53000],[15,-2],[5,5],[13,2],[61,-15],[83,-28],[96,-16],[82,0],[13,7],[20,2],[42,15],[9,1],[0,-11],[28,-10],[22,6],[19,1],[14,12],[-2,-28],[12,-5],[27,-6],[34,-2],[7,2],[3,5],[21,6],[15,-2],[7,-8],[-1,-13],[-9,-11],[3,-18],[-9,-24],[-10,-10],[8,-11],[-4,-10],[7,-26],[21,-30],[-1,-5],[-16,-1],[-25,10],[-50,-3],[-34,12],[-9,6],[-11,1],[-18,-5],[-8,-7],[0,-7],[14,-1],[0,-2],[-53,-2],[-22,4],[-40,31],[-3,19],[18,16],[-5,14],[-18,17],[-23,13],[-31,6],[-22,10],[-12,-2],[-2,3],[-27,2],[-28,-2],[-17,5],[-5,-2],[-14,4],[-9,-3],[-14,5],[-4,-5],[-8,0],[-7,5],[-11,0],[-3,-5],[-15,-3],[1,-4],[-11,2],[-14,-2],[-2,-11],[-15,0],[-7,-14],[-10,-3],[9,-7],[-10,-1],[-7,2],[-9,-2],[-14,4],[-7,-8],[-9,-2],[-9,1],[-18,10],[-17,3],[-24,12],[-23,0],[-18,11],[-13,22],[-3,71],[-12,12],[-30,17],[-28,5],[-1,11],[6,7],[12,5],[11,0],[44,-2],[65,-9],[74,-25],[-19,-2],[-12,-5],[1,-4]],[[62723,53441],[-7,3],[-1,10]],[[62715,53454],[8,-13]],[[62830,53566],[0,-7],[-12,9],[-5,16],[13,-15],[4,-3]],[[64019,53530],[30,-13],[9,-10],[32,-21],[19,-6],[21,-34],[15,-8],[37,-9],[30,-14],[9,-15],[6,-21],[9,-11],[43,-18],[14,-11],[29,-10],[21,-13],[29,-9],[2,-10],[23,-11],[-2,-4],[25,-14],[2,-5],[44,-21],[79,-34],[109,-36],[42,-16],[11,-6],[-5,-7],[6,-7],[-3,8],[5,2],[71,-12],[107,-29],[128,-30],[35,-13],[8,-6],[-10,-3],[-45,-1],[1,-4],[29,-8],[22,-3],[19,2],[13,9],[9,1],[7,-2],[10,-10],[0,-7],[-18,-2],[-16,-11],[-24,-4],[-8,-9],[-15,-1],[14,-26],[-9,-13],[6,-7],[11,-10],[10,-17],[3,-10],[-9,1],[-15,4],[-6,11],[-4,-2],[6,-3],[2,-6],[-21,2],[11,16],[-7,-3],[-6,-13],[-18,2],[-14,-3],[-3,7],[1,-7],[-27,2],[18,-3],[-6,-2],[32,4],[44,-7],[31,-9],[11,-18],[-5,-12],[3,-6],[-6,-4],[9,-2],[-7,-3],[14,-15],[-15,-1],[-2,-2],[14,3],[6,-3],[20,-24],[-18,2],[-13,10],[4,-8],[9,-10],[16,-1],[-5,-5],[28,-19],[10,-21],[7,-11],[-41,0],[19,-2],[2,-3],[-10,-3],[-17,9],[4,-5],[13,-5],[-13,-5],[4,-1],[4,4],[13,1],[4,4],[9,0],[-8,-5],[15,-1],[-2,5],[13,-3],[-1,-4],[-6,1],[0,-5],[9,0],[-1,-7],[10,1],[4,-3],[-10,-5],[16,-9],[14,-16],[0,-8],[21,-11],[10,-17],[39,-24],[41,-5],[25,-14],[20,-26],[30,-28],[-11,-11],[-8,-2],[12,-5],[2,-5],[23,-5]],[[64986,52020],[-32,-24],[-18,-20],[-6,-15],[6,-13],[-24,1],[-33,-12],[-43,-8],[-47,-20],[-35,14],[-30,-21],[-18,-4],[-24,-13],[-45,36],[-92,-10],[10,-25],[-95,-13],[0,-3],[-65,-15],[-38,-3],[-5,4],[-101,-12],[-37,9],[1,5],[-15,4],[-11,2],[-11,-2],[-4,9],[-16,-5],[-12,-15],[-16,-12],[-30,11],[-42,24],[-16,15],[11,1],[2,12],[-18,26],[12,50],[-3,35],[12,17],[34,32],[98,44],[-45,146],[-15,84],[-15,-4],[-10,4],[-13,0],[-5,-3],[-9,2],[-7,-7],[2,-5],[-12,-2],[-27,11],[-8,-5],[-15,-1],[-10,-3],[-13,0],[-23,4],[-43,18],[-24,16],[-1,12],[-21,9],[-10,10],[-46,11],[-2,6],[-42,16],[-39,12],[-25,4],[-27,11],[-17,1],[-36,-6],[-44,-3],[27,-12],[-12,-12],[1,-23],[-21,-8],[-14,-11],[-5,-10],[-17,-10],[-29,-9],[-28,-1],[-22,-8],[-15,1],[-20,6],[-13,0],[-4,-3],[-21,-2],[-44,1],[29,-60],[-66,-14],[-57,-34],[-58,-22],[18,-15],[22,-9],[-27,-30],[15,-18],[5,-23],[-4,-2],[-48,-9],[-7,10],[-24,1],[-13,4],[-4,-7],[5,-7],[-7,-1],[-15,3],[-4,12],[-8,5],[-25,-9],[-24,12],[-14,-6],[-8,0],[-21,17],[-19,9],[-4,5],[1,15],[-5,1],[-8,-3],[-11,-9],[-18,2],[-19,16],[7,9],[-16,18],[-4,11],[-12,3],[-17,-1],[-11,3],[-2,6],[12,17],[-11,18],[-22,0],[-3,3],[-16,3],[-29,-2],[-17,-11],[-61,-21],[-5,-8],[-9,-2],[-10,-8],[-12,-14],[-28,-4],[-31,-8],[-46,-28],[-10,-16],[-54,-29],[-46,-8],[-61,-62],[-51,4],[-21,30],[61,18],[-11,13],[26,6],[31,-10],[62,21],[14,12],[15,54],[-61,8],[1,2],[-26,-3],[-18,-6],[-2,7],[-18,9],[18,7],[-8,26],[-39,15],[-11,13],[3,3],[18,6],[-12,72],[11,1],[-9,33],[6,45],[-28,6],[11,26],[-39,25],[28,7],[9,5],[4,8],[-69,-8],[-6,-5],[-69,-12],[-45,-12],[-55,10],[-22,-7],[-26,5],[-43,-6],[-119,-2],[-14,12],[-3,9],[-12,2],[-25,-11],[-26,-3],[-26,-13],[-34,-7],[-18,-11],[-5,2],[-20,-8],[-40,6],[-17,11],[-47,11],[-18,10],[0,6],[10,6],[7,13],[33,20],[6,9],[-16,29],[-10,-2],[0,7],[-6,3],[-21,3],[-6,-3]],[[61616,52573],[-17,6],[-47,5],[-21,6],[-52,27],[-6,9],[3,7],[17,6],[19,2],[71,28],[30,16],[17,27],[21,13],[29,6],[58,3],[24,7],[8,10],[5,14],[-9,25],[-15,24],[-2,13],[11,20],[90,45],[16,32],[25,18],[8,4],[50,8],[11,6],[24,24],[30,42],[9,7],[14,-3],[6,4],[9,2],[14,16],[-2,6],[5,6],[23,17],[33,15],[96,15],[32,10],[7,8],[-4,8],[-53,27],[-31,33],[-13,19],[1,17],[33,21],[45,14],[70,6],[26,0],[26,-6],[25,0],[17,3],[12,6],[13,13],[14,24],[-4,21],[-17,33],[0,15],[11,15],[26,18]],[[62457,53416],[27,10],[46,8],[18,-1]],[[62548,53433],[-1,-2],[22,-2],[25,-5],[12,-7],[50,-14],[56,5],[21,8],[6,8],[0,13],[-13,18],[4,16],[14,19],[24,14],[57,-8],[10,3],[6,5],[9,28],[-23,40],[-12,16],[2,9],[12,10],[10,5],[36,12],[44,7],[56,0],[54,-5]],[[68610,47723],[3,-5],[-10,-2],[-7,5],[-7,-1],[2,-3],[-30,-6],[-5,2],[-15,20],[-65,-19],[-13,-6],[-7,-8],[-21,23],[-34,-7],[-6,2]],[[68395,47718],[4,5]],[[68520,47803],[10,-11],[57,-36],[23,-33]],[[67337,47289],[-18,40],[-20,15],[-36,55],[-20,23],[-136,-9],[-172,-30],[-59,-14],[-50,-7],[5,-21],[-7,-7],[-52,8],[-1,3],[-40,3],[0,-3],[-35,0],[-1,-21],[6,-25],[-93,-3],[31,-116],[120,-3],[11,-11],[13,-5],[8,-11],[-3,-7],[10,-23],[-4,-5],[1,-11],[-8,-9],[1,-4]],[[66788,47091],[-50,6],[-5,-6],[-28,-6],[-35,-2],[-13,2],[1,-9],[-29,-1],[4,-16],[-55,-7],[24,-42],[-69,0],[0,-4],[-33,-4],[-18,0],[-17,-9],[-31,-4],[-4,-16],[-27,-4],[-40,0],[1,-11],[12,-12],[-13,-2],[-8,-12],[4,-2],[-3,-6],[-25,-5],[-73,0]],[[66258,46919],[-10,38],[13,23],[-27,-5],[-7,13],[30,81],[-2,15],[-9,8]],[[66246,47092],[73,40],[8,0],[-10,9],[9,2],[4,5],[13,0],[1,23],[19,17],[-1,48],[13,10],[1,10],[9,7],[0,4],[-14,7],[-43,4],[-11,14],[-22,10],[-41,38],[-6,13],[4,8],[-18,15],[0,5],[8,1],[38,25],[2,25],[-15,9],[22,8],[10,-2],[13,6],[10,-1],[7,8],[8,-1],[8,4],[-19,7],[-25,0],[-76,-9],[-27,2],[-36,10],[7,11],[1,18],[21,14],[-16,5],[-2,3],[-13,3],[-14,-2],[-11,3],[-20,9],[-4,5],[-27,2],[1,7],[-14,1],[-36,-6],[-25,0],[-44,-9],[-28,-14],[-97,-15],[-73,4],[-20,-1],[-29,22],[1,25],[-3,6],[-17,-3],[-10,-7],[-46,0],[-7,-5],[-38,2],[-23,-6],[-9,0],[-3,15],[-30,27],[-13,19],[-4,17],[1,33],[4,2],[4,-3],[8,2],[27,-2],[8,4],[8,-1],[19,4],[9,-3],[25,3],[12,4],[2,4],[17,5],[4,7],[-10,3],[4,3],[-7,8],[6,8],[-4,6],[13,49],[-24,6],[-27,0],[-12,2],[5,18],[-33,-1],[0,8],[-20,10],[4,19],[-7,2],[0,-4],[-5,1],[-13,38],[-39,39],[-15,43],[23,12]],[[66246,47092],[-90,-42],[-6,-6],[-30,-8]],[[66120,47036],[-8,14],[-23,-6],[-37,-4],[1,10],[-20,3],[-1,16],[-28,2],[-5,16],[-13,13],[8,3],[-4,3],[-30,3],[-7,-5],[-19,-2],[-16,2],[-7,3],[-6,-1],[-19,35],[-111,-12],[-64,6],[-73,-9],[-13,21],[-55,12],[-72,6],[-10,17],[2,7],[-65,58],[-49,71],[-21,-5],[-36,-16],[4,-3],[-1,-9],[-20,-12],[-8,-2],[-6,5],[-23,6],[-16,-1],[0,3],[-69,11],[-3,10],[-23,3],[-44,-1],[-1,5],[-44,6],[-11,13],[-45,9],[-14,8],[-20,-2],[-11,6],[-4,6],[-14,2],[-12,9],[-12,2],[-6,-1],[-93,-3],[-39,15],[-7,0],[-10,2],[-25,13],[-10,25],[4,34],[-5,15],[-54,-11],[-44,-4],[-79,-24],[-18,45],[-13,-3],[-15,1],[-13,-4],[-8,24],[-54,-1],[-16,-3],[-6,2],[-37,-9],[-37,-3],[-48,1],[-139,-28],[-54,2],[-89,-4],[-48,0],[-30,-7],[-5,7],[2,24],[-42,12],[-9,54],[16,5],[-5,12]],[[66258,46919],[-8,-77],[-51,3],[-5,-50],[3,-65],[-11,-3],[-18,1],[-137,10],[2,-13],[-5,0],[6,-60],[-14,-10],[-6,-49],[13,-11],[16,-7],[28,-57]],[[66071,46531],[-42,4],[-81,24],[-24,2],[1,-4]],[[65220,46756],[3,4],[-5,6],[9,13],[23,5],[16,26],[-2,12],[-12,9],[10,16],[-1,9],[-6,1],[5,24],[26,15],[28,-13],[16,-3],[43,6],[31,-44],[72,-3],[16,3],[2,-2],[26,3],[16,-6],[7,10],[54,3],[4,7],[158,6],[7,3],[2,15],[136,5],[8,-1],[38,5],[21,-10],[9,-14],[48,17],[22,5],[1,2],[-22,5],[-17,36],[66,15],[-7,64],[55,14],[-6,12]],[[65493,46433],[-10,-18],[2,-17],[-12,-17],[-45,2],[-26,-5],[-5,6],[-37,4],[-3,-8],[-24,-3],[-9,4],[-22,-9],[-35,-5],[-5,-4],[-10,2],[10,-6],[16,-25],[20,-11],[-21,-8],[-19,3],[-3,4],[-7,-2],[-3,-10],[-7,-5],[-20,-8],[-38,-9],[-2,-3],[22,-43]],[[65200,46242],[-26,-1],[-23,25],[5,5],[-17,-1],[-32,41],[-24,-4],[-7,5],[3,3],[-12,10],[-2,8],[-5,0],[-9,24]],[[65482,46194],[-42,-11],[11,-9],[0,-14],[8,-9],[-12,-20],[-23,-20],[-52,47],[-58,-23],[-11,23],[-17,16],[-43,-6],[-21,3],[-14,-4],[-1,-3],[-9,1]],[[65198,46165],[17,39],[-5,26],[-10,12]],[[65404,49749],[-38,-54],[-4,-29],[28,-28],[61,-6],[34,-13],[7,-9],[24,-1],[19,-5],[19,-22],[-16,-11],[5,-31],[-3,-4],[-93,23],[-79,17],[-47,13],[-31,-1],[-76,-26],[-37,-8],[3,-7],[6,-2],[0,-9],[26,-18],[2,-26],[-14,-7],[-2,-10],[6,-10],[-6,-8],[15,-10],[10,-2],[2,-12],[-22,-6],[0,-5],[8,-1],[4,-21],[-3,-7],[6,-1],[2,-4],[-7,-5],[0,-6],[-18,14],[-21,9],[-13,11],[-26,-14],[-16,5],[-31,-8],[-52,6],[-6,20],[-63,-5],[-21,-5],[16,-35],[-60,-4],[6,-22],[18,0],[67,-24],[11,-2],[43,12],[126,-19],[25,-14],[7,1],[5,5],[14,-3],[21,-19],[-6,1],[9,-9],[3,1],[15,-6],[-8,-8],[-18,0],[-9,-11],[-19,-2],[-20,-10],[7,-5],[-12,-4],[30,-20],[-17,-11],[-15,-16],[73,-26],[18,-1],[56,-15]],[[60618,50040],[-9,5],[-5,10],[-42,17],[-28,21],[87,33],[7,11],[40,19],[17,4],[5,7],[-24,7],[-21,11],[-1,22],[-10,5],[9,35],[-6,23],[-75,44],[-13,19]],[[60549,50333],[15,8],[12,1],[15,7],[26,0],[11,6],[23,2],[5,3],[6,17],[-26,36],[18,5],[14,10],[15,-2],[16,-11],[17,-5],[43,-3],[21,6],[9,-6],[36,-2],[26,-5],[7,28],[23,2],[33,10],[24,14],[23,8],[8,0],[48,12],[21,32],[-7,18],[102,22],[20,19],[30,11],[7,2],[39,-4],[21,26],[10,7],[23,4],[37,-11],[21,-2],[16,39],[19,-6],[18,0],[28,-3],[108,2],[57,-10],[27,-16],[24,-7],[13,19],[17,-2],[46,9],[3,8],[19,8],[149,40],[17,10],[20,19],[33,13],[39,29],[9,17],[-2,24],[12,25],[21,16],[16,19],[-12,43],[50,27],[172,31],[10,8]],[[62270,50960],[99,8],[2,-22],[20,-17],[32,-3],[33,-9],[59,-32],[43,2],[-11,-27],[3,-11],[11,-12],[14,-7],[18,-1],[18,-7],[39,-21],[-5,-16],[16,-2],[27,-12],[47,-56],[14,-3],[47,-32],[42,-10],[66,7],[16,-2],[10,6],[24,3],[25,0],[10,-3],[18,-1],[8,2],[30,0],[45,4],[23,15],[27,-1],[8,-6],[9,-13],[16,-8],[19,-4],[27,4],[18,-3],[28,13],[34,5],[2,-2],[8,-1],[73,0],[37,-15],[-1,-18],[17,-13],[-8,-11],[4,-9],[30,-4],[22,-12],[32,2],[15,-7],[9,1],[13,8],[12,0],[8,4],[9,-1],[11,5],[13,0],[15,7],[6,9],[42,-1],[20,3],[41,-6],[26,1],[-2,-9],[5,-6],[-8,-3],[7,-3],[-2,-9],[-11,-4],[5,-9],[-9,-9],[5,-14],[8,-6],[3,-14],[28,-21],[54,-9],[12,-8],[42,-4],[78,4],[46,-37],[-4,-2],[16,0],[13,4],[10,-6],[26,10],[20,1],[38,10],[57,2],[32,9],[19,1],[24,-8],[4,-26],[12,-4],[101,31],[20,19],[44,-14],[30,14],[6,6],[22,8],[14,14],[25,-18],[36,-17],[7,3],[15,-2],[28,2],[20,8],[12,12],[-24,12],[-13,13],[30,24],[45,19],[-21,15],[-3,6],[3,9],[12,-1],[38,15],[12,16]],[[68294,48177],[-20,-3],[1,-4]],[[68275,48170],[-12,-1],[-16,1]],[[68018,47911],[0,0]],[[68275,48170],[2,-4],[31,-1],[33,5],[30,-2],[7,4],[32,-17],[14,-18],[36,-78],[47,-56],[93,-83],[74,-41],[12,-18],[47,-50],[33,-32],[-26,24],[-65,66],[-31,13],[-22,6],[-32,26],[-21,6],[-16,9],[-19,1],[-7,5],[-16,4],[-20,21],[3,1],[-8,9],[8,5],[-18,22],[-16,-3],[-10,12],[-6,-1],[10,-13],[-7,-1],[22,-28],[-25,27],[7,-11],[-11,6],[-12,1],[-57,-14],[-14,-6],[-15,-1],[-13,3],[-7,7],[-18,5],[-38,23],[-16,0],[-6,4],[-4,-5],[-23,-7],[-38,12],[-10,-1],[-7,-5],[-2,12],[-13,8],[-24,7],[-2,3],[-10,2],[-2,3],[-7,0],[1,-5],[-9,3],[-5,-3],[57,-12],[10,-6],[5,-13],[23,-1],[-3,-6],[10,3],[28,-8],[24,7],[17,0],[12,-6],[23,-18],[-4,-3],[-12,-2],[24,2],[14,-10],[15,0],[3,-6],[-66,-13],[-27,-1],[-18,-10],[-30,8],[-55,-15],[-38,3],[-54,-2],[-29,-8],[-8,-14]],[[67987,47984],[-15,19],[0,25],[-7,10],[-6,-1],[-8,11],[-14,2],[14,11],[27,-15],[50,163]],[[68610,47723],[66,2]],[[68676,47725],[6,-41],[31,-53]],[[68464,47591],[-73,97],[-3,16],[7,14]],[[63782,46178],[-12,-19],[18,-18],[-12,-14],[6,-13],[-10,-13],[2,-8],[93,2],[50,-6],[17,-4],[-10,-14],[5,-13],[73,10],[17,6],[-18,-22],[20,22],[39,17],[8,-27],[122,19],[112,-129],[3,-9],[7,-1],[12,4],[16,1],[41,-7],[17,-6],[8,-5],[50,-12],[9,-4],[4,-9],[18,-7],[38,7],[8,-10],[-5,-12],[26,-12],[102,45],[22,-30],[139,21],[9,5],[18,26],[45,3],[37,-2],[20,3],[2,22],[-8,10],[-26,15],[-7,19],[-46,15],[-6,-3],[-20,18],[46,38],[9,5],[20,5],[-1,2],[62,4],[48,9],[24,-13],[6,4],[-4,15],[9,5],[29,4],[31,8],[7,6],[15,3],[20,15],[25,8],[3,5],[14,3]],[[65521,46070],[-1,-4],[-62,2],[-73,-7],[-4,-16],[-10,-1],[-13,-7],[-4,-11],[-23,-29],[-17,-16],[-32,-20],[4,-3],[-5,-8],[-7,-1],[20,-14],[2,-6],[14,-6],[38,-3],[25,-8],[26,-2],[20,-6],[12,-3],[19,-1],[4,-4],[27,-8],[43,-5],[-1,-5],[18,-7],[5,-7],[7,0],[15,-18],[14,-3]],[[60862,44800],[-26,14],[-9,0],[-6,3],[-20,3],[-46,16],[-1,16],[-38,57],[-1,21],[-7,-4],[-5,4],[-10,-4],[-18,-2],[-23,2],[-25,13],[-17,4],[-32,1],[-18,-6],[-19,1],[-28,7],[-1,11],[-30,21],[-9,1],[-30,29],[-40,25],[-95,39],[6,8],[-11,6],[2,8],[-7,11],[-5,4],[-25,9],[13,12],[-80,25],[-6,0],[-7,5],[-43,9],[-27,3],[-21,14],[-9,9]],[[67807,48250],[54,-10]],[[68617,47877],[40,-13],[29,-26],[6,-12],[-7,-18],[8,10],[-3,-6],[-15,-17],[8,-24],[18,7],[-7,13],[9,-15],[15,8],[-1,9],[-4,2],[-9,16],[12,-17],[13,-10],[-16,-7],[-17,-9],[-11,-12],[-9,-31]],[[62270,50960],[-29,6],[-50,29],[-151,16],[-58,12],[-52,-3],[-7,5],[-17,28],[-19,14],[-9,13],[3,12],[36,48],[-4,12],[-25,18],[-17,23],[-17,6],[1,10],[-31,33],[-48,31],[-24,27],[-11,5],[-57,7],[-14,8],[-8,14],[21,91],[23,30],[-32,51],[-54,11],[-6,102],[8,8],[-2,13],[7,5],[2,10],[-18,16],[-10,16],[-54,40],[5,26],[-36,11],[-37,-1],[-50,43],[-43,10],[-22,11],[0,12],[-46,17],[-52,29],[-62,51],[-35,15],[-51,3],[-30,21],[-37,53],[20,34],[22,18],[2,12],[-7,19],[25,14],[-21,15],[-3,-2],[-5,4],[12,24],[-25,17],[11,8],[-29,8],[-16,-1],[-15,35],[3,2],[-104,32],[-13,-9],[-84,85],[69,18],[3,58],[-22,1],[-40,-10],[-8,4],[-24,-2],[-14,-3],[-17,-14],[-26,0],[-37,11],[-16,16],[-22,6],[-30,20],[-7,0],[8,11],[1,11],[17,1],[7,3]],[[60666,52474],[46,11],[14,8],[7,12],[-5,14],[5,21],[8,9],[20,4],[31,-4],[32,1],[13,3],[15,11],[27,12],[44,9],[65,0],[59,-16],[35,-18],[60,-4],[95,-2],[127,17],[37,0],[44,-12],[-9,-5],[25,-10],[11,-15],[28,-4],[28,2],[3,3],[51,2],[23,5],[21,16],[9,11],[-3,12],[-16,6]],[[71195,42631],[-4,-22],[5,-4],[-5,-5],[6,-7],[-11,-3],[-9,-11],[4,-6],[8,-1],[-4,-8],[10,-7]],[[71195,42557],[-6,-3],[6,-8],[-5,-9],[4,-8],[13,-9]],[[71207,42520],[-67,-20],[-9,9],[-40,-11],[2,-8],[-6,0],[0,-3],[-8,4],[-6,60],[-72,-10],[-17,19],[-9,18]],[[70975,42578],[-15,30]],[[70960,42608],[157,24]],[[71117,42632],[78,-1]],[[70832,42629],[1,0]],[[70832,42629],[0,0]],[[70838,42634],[11,6]],[[70838,42634],[0,0]],[[70859,42653],[2,7]],[[70859,42653],[0,0]],[[70975,42578],[-8,1],[-2,-3],[-115,-19],[-4,-5]],[[70846,42552],[-23,10],[0,15]],[[70823,42577],[8,15],[-9,0],[-12,4]],[[70810,42596],[7,28]],[[70817,42624],[6,1]],[[70823,42625],[8,2],[20,13]],[[70851,42640],[4,2],[2,7]],[[70857,42649],[7,15],[0,4],[-5,6],[-42,15],[-25,18]],[[70792,42707],[68,17],[73,4],[30,8],[11,-1],[3,-13]],[[70977,42722],[-2,-13],[-21,-35],[-17,-41],[3,-8],[20,-17]],[[71630,42650],[-19,-5],[3,-1],[-19,-8],[-12,6],[-20,-12],[-16,9],[-23,-15],[-19,5],[-25,-15]],[[71480,42614],[-14,9]],[[71466,42623],[-58,42],[-15,18],[-5,29],[7,44]],[[71395,42756],[51,5],[56,13],[52,6]],[[71554,42780],[33,-29],[-13,-9],[-2,-13],[13,-18],[2,-16],[21,-17],[3,-9],[19,-19]],[[71808,42693],[-16,-5],[-8,2],[-12,-8],[-55,-14],[-24,-10],[-16,-1],[-5,3],[-42,-10]],[[71554,42780],[-30,27],[-9,18]],[[71515,42825],[44,-3],[76,12]],[[71635,42834],[36,-20],[17,-26],[12,-5],[56,-7],[12,-18],[0,-14],[6,-11],[0,-23],[34,-17]],[[71539,42853],[36,-15]],[[71539,42853],[0,0]],[[71566,42900],[30,-20],[-41,-17],[-22,-3]],[[71533,42860],[-12,12],[-2,12],[39,12],[9,-1],[-1,5]],[[71532,42860],[-7,-1],[13,-6]],[[71538,42853],[1,0]],[[71539,42853],[59,-24],[5,1]],[[71603,42830],[32,4]],[[71515,42825],[-33,3],[-1,4],[-33,0],[-81,-17],[-19,0],[37,-38],[10,-21]],[[71395,42756],[-13,4],[-62,-9],[-12,-7],[-12,0],[-10,3],[-5,9],[-7,3]],[[71274,42759],[-79,2],[-22,-4],[-18,-10],[-8,0]],[[71147,42747],[12,20],[20,50],[-29,2],[-39,36],[-12,0],[-33,-6],[-40,-13],[-12,-10],[-7,-22],[-23,-7],[-23,7]],[[70961,42804],[1,1],[35,147],[8,10],[15,8],[27,8],[36,-1],[18,-3],[82,-36],[71,-20],[2,-4],[4,3],[7,-3],[19,-1],[25,-8],[9,2],[75,-16],[0,-5],[-26,-3],[-18,0],[4,-12],[71,12],[24,-3],[45,1],[13,-26],[-33,-3],[4,-2],[29,4],[-7,26],[15,3],[5,-12],[11,-11]],[[71472,42227],[-11,7],[-52,10],[-50,2],[-10,7]],[[71349,42253],[11,-1],[-15,35],[-36,50],[-24,21]],[[71285,42358],[-72,52],[-44,24]],[[71169,42434],[95,12]],[[71264,42446],[60,4],[61,0]],[[71385,42450],[8,-10],[13,-3],[5,-8],[8,-3],[5,-11],[14,-7],[3,-5],[15,-4],[-1,-15],[16,-2],[11,5],[27,-10],[6,-5],[5,0],[4,-11],[7,-1],[-2,-21],[20,-3],[26,-9],[-7,-11],[9,-10],[-18,-8],[-15,-18],[11,-4],[-8,-6],[8,-6],[-22,-6],[-16,14],[-16,-3],[4,-12],[-33,-8],[1,-4],[-7,-7],[6,-3],[0,-8]],[[71285,42358],[-97,-24],[-54,-19],[-22,-1],[-42,5],[-25,10],[-13,15],[27,7],[21,14],[-8,7],[-12,3],[-4,-3],[-38,35]],[[71018,42407],[151,27]],[[71207,42520],[4,-10],[28,-16],[6,-13],[-1,-13],[7,-8],[11,-3],[-2,-4],[4,-7]],[[71018,42407],[7,6],[-10,6],[5,2],[-9,13],[-6,-3],[-11,14],[10,2],[0,2],[33,14],[24,6],[1,3],[-9,1],[1,6],[-6,2],[-5,-3],[-9,8],[-48,19],[-74,21],[-28,5],[-2,3],[-18,4],[-18,14]],[[71472,42447],[-87,3]],[[71195,42557],[26,-9],[34,-20],[29,12],[41,-10],[3,2],[-13,13],[21,8],[-20,12],[69,23]],[[71385,42588],[54,-68],[42,-34],[-11,-5],[10,-8],[-23,-15],[15,-11]],[[71024,42748],[50,-44],[12,-32],[31,-40]],[[70977,42722],[43,27],[4,-1]],[[71466,42623],[-85,-29],[4,-6]],[[71195,42631],[12,12],[0,21],[13,3],[3,8],[13,7],[7,16],[-1,4],[4,0],[6,10],[-5,3],[1,11],[26,33]],[[71623,42393],[42,-17],[78,-40],[-18,-2],[-30,-23],[-10,-12],[1,-14],[-38,-15],[-63,-56]],[[71585,42214],[-11,-4],[-53,6],[-15,0],[-34,11]],[[71472,42447],[44,8],[57,-41],[50,-21]],[[71147,42747],[-56,2],[-67,-1]],[[70792,42707],[-23,26]],[[70769,42733],[-4,4]],[[70765,42737],[-9,9],[38,9],[84,8],[31,8],[33,14],[19,19]],[[71823,42675],[18,-8],[21,-22],[-66,-11],[-31,-12]],[[71765,42622],[-23,-12],[-27,-6],[-38,-4],[-45,-11],[-48,-25],[-30,-5]],[[71554,42559],[-74,55]],[[71808,42693],[15,-18]],[[71349,42253],[-72,9],[-29,-1],[2,-8],[-13,4],[-16,-8],[-14,-2]],[[71207,42247],[-15,4],[-13,-1],[-8,6],[-16,2],[-11,5],[-7,-4],[-14,-2],[-15,1],[-15,-2],[-19,6],[-10,-2],[-8,2],[-6,11],[-49,-7],[0,-9],[-26,12],[-46,-2],[-3,4],[-20,6],[-10,8],[-5,-1],[-4,3],[-17,-1],[-27,5],[-5,-3],[-9,1],[-25,15],[-7,0],[-10,8],[-6,0],[0,3]],[[70781,42315],[-29,5],[3,13],[12,7],[-12,18],[-8,4],[7,11],[-4,11],[4,10],[-9,1],[-5,12],[-8,1],[1,5]],[[70733,42413],[45,-3],[10,4],[1,5],[150,-15],[79,3]],[[70733,42413],[-8,16],[4,2],[0,21],[-7,31],[7,4],[-1,3],[8,10],[4,-2],[15,7],[30,34],[0,26],[2,4],[8,3],[-2,10],[10,1],[-2,5]],[[70801,42588],[22,-11]],[[70801,42588],[3,3]],[[70801,42588],[0,0]],[[70823,42577],[-21,12],[8,7]],[[68386,42361],[-7,-6],[6,-12],[-4,-1],[4,-27],[-14,-16],[-25,-7],[-24,-2],[-8,-4],[-37,-2],[-5,-5],[-10,6],[-7,-3],[0,-3],[-9,-1],[1,-3],[-44,-1]],[[68203,42274],[22,92]],[[68225,42366],[25,-2],[99,2]],[[68349,42366],[37,-5]],[[68063,42636],[5,-35]],[[68068,42601],[11,-75],[8,-15],[19,-16]],[[68106,42495],[-7,-4],[1,-5],[-45,3],[-106,-10],[-42,0]],[[67907,42479],[26,36],[-8,15],[-71,7],[-49,2],[-85,-6],[-59,0],[7,-14],[1,-15],[6,-2],[-2,-3],[5,-6],[-4,-5],[15,-3],[0,-8]],[[67689,42477],[-32,4],[-12,-1],[-10,3],[-17,-4],[-25,15],[-41,15],[-28,29],[6,8],[-8,9],[5,12],[-3,7],[-5,4],[-7,0],[-1,4],[-11,5],[-19,15],[-9,3],[-3,5],[-19,0],[8,55],[8,9],[29,-2],[1,6],[23,-14],[44,8],[-11,10],[-17,10],[4,1],[-4,16],[16,0],[0,14],[-4,31],[-15,23],[8,2],[20,17],[-4,18],[6,2],[16,16],[3,1],[18,-20],[8,-20],[-1,-29],[12,-11],[27,-2],[26,3],[12,-2],[16,-6],[19,-14],[14,-23],[-18,-39],[14,-12],[18,-5],[9,4],[-1,4],[7,2],[5,8],[28,7],[1,4],[35,3],[8,-2],[-6,-13],[3,-9],[7,-9],[14,-6],[7,1],[1,4],[19,1],[5,-6],[25,5],[20,-1],[0,-9],[31,1],[39,7],[11,-3],[2,-6],[47,-4]],[[67907,42479],[1,-18],[18,-12]],[[67926,42449],[-30,4],[-7,6],[-4,-1],[-1,-5],[-30,2],[-19,8],[-2,6],[-6,2],[-22,0],[-36,6],[-9,4],[-31,2],[-20,-9]],[[67709,42474],[-20,3]],[[68062,42407],[-2,-23],[7,-18],[-6,-1]],[[68061,42365],[-14,-6],[-11,0],[0,-6],[-85,-2],[-39,-4]],[[67912,42347],[1,16],[-12,26],[3,22]],[[67904,42411],[1,23],[12,9],[12,0]],[[67929,42443],[81,-20],[30,-12],[22,-4]],[[68531,42342],[-9,-35],[12,-20]],[[68534,42287],[3,-7],[18,-11],[-44,-12],[-29,-5],[-20,1],[-3,-7],[-16,-2],[-18,-9],[-26,-4],[-9,2],[-17,-12],[-3,-13],[9,-10],[-5,-2],[-14,11],[-5,-2],[-88,38],[-31,18],[-36,0]],[[68200,42261],[3,13]],[[68386,42361],[145,-19]],[[68269,42693],[6,-23],[1,-15],[-1,-20],[29,-10],[37,-18]],[[68341,42607],[-20,-27]],[[68321,42580],[-46,22],[-6,-32]],[[68269,42570],[-67,1],[2,8],[-73,1],[5,3],[-13,13],[-37,-4],[-3,9],[-15,0]],[[68063,42636],[-10,44],[-9,22],[23,1],[-1,3],[22,-1],[-1,7],[27,-12],[8,5],[15,-10],[12,-2],[26,-12],[21,-1],[30,6],[10,-18],[9,0],[24,25]],[[68321,42580],[16,-6],[83,-14],[35,-14],[59,-8],[28,1]],[[68542,42539],[-3,-6],[13,-21],[-4,-9],[-31,-10],[-31,-14]],[[68486,42479],[-40,5],[-17,-5],[-21,3]],[[68408,42482],[-18,3],[-19,0],[-33,13],[-8,0],[-2,5],[-11,0],[0,7],[-8,2],[-1,5],[-8,0],[-3,4],[-13,-2],[-11,-9],[-16,-2]],[[68257,42508],[12,62]],[[68526,43020],[-20,-40],[6,-2],[29,14],[24,-6],[13,6],[27,-10],[0,-11],[58,-17],[-2,-3],[24,-9],[-24,-33],[-1,-21],[3,-3],[28,-14],[17,-3],[28,3],[13,-9],[-35,-23],[-11,-2],[-23,0],[-18,-3],[3,-8],[-53,-13],[-26,-20],[-26,1],[-6,-10],[-30,-24],[-5,-10],[-30,-16],[-7,-2],[-10,3],[-20,12],[-8,1],[-4,4],[-21,6],[-40,1],[-19,-2],[-34,-12],[-10,-15],[-25,-17],[0,-7],[-22,-13]],[[67709,42474],[13,-5],[5,-5],[-3,-13],[12,-20],[-5,-11],[-12,-5]],[[67719,42415],[-10,-6],[-43,-14],[-2,-5],[-13,-6],[-23,2],[-9,-2],[-3,-8],[10,-15],[-13,-14],[-4,-13]],[[67609,42334],[-25,1],[-21,-4],[-50,-32],[-41,-13],[-43,-7],[-49,3],[-55,20],[-13,8],[2,3],[12,2],[39,-2],[12,4],[7,6],[3,19],[9,19],[-4,9],[-16,14],[-21,5],[-33,-1],[-56,-13],[-50,-3],[-24,1],[-16,4],[-16,8],[-7,8],[1,17],[18,16],[0,17],[-5,10],[-23,15],[-26,5],[-44,4],[-67,-2],[-50,-8],[-18,-8],[-28,-3],[-13,2],[-57,17],[-71,6]],[[67912,42347],[0,-37],[-14,1],[-5,-7],[-10,-4],[22,-29],[-1,-7],[-7,-5]],[[67897,42259],[-14,11],[-25,2],[-58,-9],[-58,1],[-52,-15],[-15,0],[-9,6],[-1,8],[26,25],[5,14],[-1,7],[-32,20],[-54,5]],[[67719,42415],[4,-32],[51,8],[29,8],[17,7],[84,5]],[[68975,42176],[-53,-9],[-13,-5],[-10,-10],[-3,-16],[9,-12],[16,-7],[70,5],[33,-2],[25,-14],[11,-18],[0,-14],[-27,-33],[-5,-16],[4,-11],[34,-24],[2,-6],[-37,-29],[-23,-40],[5,-8],[31,-15],[7,-22],[41,-14],[12,-11],[-4,-7],[-10,-4],[-62,-17],[-7,-7],[-2,-10],[14,-19],[36,-16],[16,-11],[10,-14],[1,-9],[-23,-14],[-31,-8],[-13,0],[-20,4],[-31,15],[-36,12],[-13,9]],[[68929,41749],[-1,17],[32,18],[10,13],[2,12],[-3,9],[-48,31],[-10,12],[-6,45],[-7,9],[-22,11],[-14,3],[-47,-17],[-29,-4],[-36,9],[-37,0],[-20,3],[-16,6],[-7,6],[-5,14],[2,8],[59,30],[18,17],[8,14],[-10,12],[-11,3],[-15,-1],[-25,-5],[-43,-13],[-37,-18],[-10,-7],[-6,-28],[-27,-27],[-16,-5],[-17,3],[-11,11],[-1,12],[21,21],[2,9],[-9,16],[-12,8],[-17,7],[-21,4],[-53,-1],[-27,3],[-23,-4],[-17,-12],[-6,-25],[9,-27],[2,-18],[14,-9],[40,-1],[38,-11],[11,-12],[-3,-9],[-26,-9],[-48,-2],[-51,-7],[-17,1],[-79,17],[-29,1],[-52,29],[-28,47],[-4,39],[-7,10],[-14,5],[-61,11],[-46,16],[-53,15],[-16,22],[-19,16],[-32,18],[-26,7],[-4,9],[33,26],[12,27],[-5,11],[-18,2],[-74,-16],[-19,0],[-8,4],[-3,11],[6,5],[37,9],[30,11]],[[67851,42226],[17,-10],[10,-1],[38,7],[44,2],[0,-6],[21,1],[5,5],[87,-5],[11,1]],[[68084,42220],[54,-6],[59,-13],[0,30],[-7,-1],[10,31]],[[68534,42287],[58,3],[0,-16],[-9,0],[-1,-8],[78,-12],[-21,-10],[-2,-6],[28,-1],[20,3],[34,-10],[30,1],[39,8],[8,7],[18,9],[4,7],[16,-5],[35,2],[0,-6],[66,6],[8,3],[5,-56],[25,-16],[2,-14]],[[67926,42449],[3,-6]],[[68257,42508],[-15,-80]],[[68242,42428],[-2,0]],[[68240,42428],[0,10],[-10,9],[-29,9],[-94,38]],[[68107,42494],[-1,1]],[[68240,42428],[-54,-31],[-7,-1],[-15,9],[-22,4],[-15,-1],[-21,-13],[-20,8]],[[68086,42403],[3,12],[-27,22],[-1,22],[15,3],[42,0],[11,3],[-15,14],[-7,15]],[[68084,42220],[11,8],[12,3],[-12,6],[5,6],[-8,7],[-19,0],[-9,-4],[-13,26],[2,14],[6,7],[69,29],[28,29],[-58,5],[6,12],[-35,-8],[-8,5]],[[68062,42407],[24,-4]],[[68242,42428],[-17,-62]],[[67851,42226],[29,14],[17,14],[0,5]],[[68486,42479],[17,-4],[3,2],[32,-4],[24,-9],[26,-5],[12,-5],[6,-12],[13,-6],[2,-4],[-4,-23],[9,-15],[3,-34],[12,-13],[-50,-8],[-58,5],[-2,-2]],[[68349,42366],[5,3],[-2,12],[9,1],[2,5],[14,4],[1,3],[15,-5],[6,9],[16,3],[-16,30],[18,1],[-6,11],[29,0],[-5,9],[-23,18],[-4,12]],[[69512,42742],[-49,-13],[-56,0],[-46,-5],[-84,-24],[4,-8],[-37,-16],[-72,-16],[11,-16],[19,-59],[0,-17],[10,-23],[-12,-6],[-3,-15],[-9,-6],[-2,-11],[-7,-10],[-9,-5],[14,-16],[9,-2],[7,-7],[-20,-8],[-30,4],[-5,-10],[31,-21],[16,-33],[15,6],[19,1],[23,-1],[7,-5],[17,4],[11,-5],[4,1],[32,-32],[14,1],[34,-14],[9,-1],[6,2],[22,-13],[10,-11],[2,-19],[-6,-12],[-15,-14],[1,-7],[-51,-8],[30,-65],[4,-48],[-14,-21],[-12,-8],[-14,-20],[-39,-9],[-2,-2],[3,-5],[-20,-7],[5,-5],[-15,-11],[31,-15],[-17,-16]],[[69286,42040],[-76,31],[-35,32],[-52,26],[-44,50],[-13,7],[-21,6],[-20,0],[-50,-16]],[[68542,42539],[10,11],[-8,17],[1,14],[6,4],[36,9],[11,7],[4,14],[7,1],[2,7],[-28,7],[-57,-6],[-3,-5],[-34,-1],[1,-5],[-17,-1],[-1,2],[-19,-2],[-13,-7],[-36,-1],[-2,-7],[-26,-4],[-7,1],[1,6],[-12,0],[-17,7]],[[69253,43018],[24,6],[22,-6],[14,4],[7,-2],[17,12],[4,10],[-6,5],[4,10],[-5,5],[4,6],[15,8],[-1,3],[6,0],[13,8],[10,-1],[16,5],[15,-8],[-4,-5],[2,-11],[9,-1],[15,-7],[7,3],[17,-5],[8,-13],[14,-6],[3,-9],[31,-12],[-1,-5],[8,-2],[4,3],[18,-1],[8,-6],[-16,-35],[-39,-15],[-2,-19],[-12,-24],[-4,-24],[-12,-26],[2,-12],[-8,-8],[0,-18],[26,-24],[-21,-7],[15,-13],[4,-6],[-4,-4],[32,-29]],[[67459,46547],[-2,-3],[17,-8],[-4,-11],[-18,-15],[-6,-30],[31,-8],[20,-12],[-10,-11],[-4,-10],[-28,3],[-11,3],[-23,0],[-3,-2]],[[67418,46443],[-139,21]],[[67279,46464],[13,54],[-14,4],[27,20],[19,8],[51,-32],[20,12],[19,-1],[13,22],[11,-6],[6,6],[15,-4]],[[67137,46486],[-20,-55],[-20,-10],[-8,-20],[-4,-2],[-7,1],[-5,-3],[15,-6],[0,-5],[-38,4],[0,-10]],[[67050,46380],[-156,10],[-70,20],[-15,7],[-6,8],[-41,12]],[[66762,46437],[2,25],[-6,33],[2,16],[41,53]],[[66801,46564],[277,-68],[59,-10]],[[67292,46670],[53,-11],[28,3],[2,-2],[9,0],[15,-4],[25,2],[2,-2]],[[67426,46656],[-16,-6],[-80,-52],[-32,7],[-33,3],[-87,-4],[-22,5],[-15,-2]],[[67141,46607],[-46,-4],[-98,8],[-13,6],[-39,31],[-20,9]],[[66925,46657],[16,13]],[[66941,46670],[99,80]],[[67040,46750],[7,-5],[9,-29],[74,7],[9,-20],[14,-17],[39,5],[1,-7],[27,2],[72,-16]],[[67787,46478],[-4,2]],[[67787,46478],[0,0]],[[68092,46465],[-73,-4],[1,-2],[8,0],[7,-29],[-7,-2],[6,-17],[-3,-17],[6,-2],[-3,-14]],[[68034,46378],[-18,5],[-29,3],[-67,-2],[-34,8],[-70,43],[-5,11],[-10,3],[-6,9],[-12,6],[-2,6],[8,3],[-1,5],[-9,3]],[[67779,46481],[-11,5],[120,35]],[[67888,46521],[51,16]],[[67939,46537],[13,-33],[-2,-6],[18,7],[93,21],[31,-61]],[[66788,47091],[17,-6],[15,-11],[13,-3],[12,-6],[32,-3],[6,10],[47,4],[11,-6],[2,-18],[59,14],[12,5],[36,3],[26,-53],[-6,-29],[10,-20],[4,-36],[-20,-28],[-1,-22],[-27,-17],[-43,-17],[3,-10],[-14,-16]],[[66982,46826],[-37,-13],[-20,-23],[-75,-1],[-6,2],[1,8],[-42,0],[-48,5],[-17,-1],[-4,-7],[7,-14],[-2,-5],[6,-5],[29,-8],[-16,-37]],[[66758,46727],[-3,-12],[-42,12]],[[66713,46727],[-4,1],[-82,24],[-98,36],[-5,-1],[4,-39],[-4,-11],[-27,3],[-18,-4],[-9,1],[-1,5],[-14,-1],[-2,-6],[-117,-18],[16,-22],[48,-16],[38,-16]],[[66438,46663],[-7,-8],[0,-20],[56,-11],[6,-32],[-4,-3],[-106,-7],[3,-12],[10,-8],[21,-33],[-3,-4],[17,-7],[-62,5],[-5,-7]],[[66364,46516],[-67,21],[-41,8],[-16,1],[-3,4],[-5,0],[-4,-4],[-36,-4],[-61,-12],[-31,-1],[-29,2]],[[67415,47077],[14,-44],[-4,-17],[-11,-15],[-23,-16],[-90,-41],[-55,-31]],[[67246,46913],[-107,-85]],[[67139,46828],[-59,4],[-98,-6]],[[66713,46727],[-44,-51],[-45,-81]],[[66624,46595],[-53,10],[-45,15],[-31,13],[-57,30]],[[67920,46749],[-7,1],[-3,-10],[-6,-4],[-9,2],[-7,-4],[13,-3],[-15,-16],[5,-2],[-14,-29],[-44,5],[0,8],[-23,-2],[-5,-4],[-2,8],[-24,-5],[3,-9],[-16,-4],[-5,1],[4,-6],[-13,-2],[23,-48],[5,0],[5,-6],[30,-13],[17,5]],[[67832,46612],[-26,-12]],[[67806,46600],[-6,3],[-18,-2],[-9,3],[-13,16],[6,6],[-14,29],[-29,23],[-34,8],[-45,4],[-11,-1],[-1,-3],[-21,1],[-7,-4],[-4,2],[-10,-4],[-47,-23]],[[67543,46658],[-15,37],[15,8],[7,13],[35,13],[10,14],[5,-1],[1,12],[22,4],[15,20],[34,14]],[[67672,46792],[26,-2]],[[66925,46657],[-124,-93]],[[66801,46564],[-55,11],[-122,20]],[[66758,46727],[29,-11],[-3,-2],[12,-4],[2,2],[26,-9],[29,-3],[5,-4],[39,-7],[0,-4],[20,-5],[24,-10]],[[67151,46484],[128,-20]],[[67418,46443],[-26,-10],[27,-20],[-61,-16],[11,-16],[0,-14],[81,15],[18,6],[25,-14],[13,-15]],[[67506,46359],[-35,-13],[-35,-7],[-62,-1],[-52,2],[-77,10],[-109,23],[-86,7]],[[67137,46486],[14,-2]],[[67501,46808],[10,-40],[-63,-12],[-119,-35]],[[67329,46721],[-24,40],[-28,-3],[11,23],[5,3],[-31,0],[7,14],[-34,6],[-31,-1],[-1,-3],[-26,2],[-49,7],[-7,3]],[[67121,46812],[18,16]],[[67246,46913],[20,1],[39,-6],[9,-28],[-3,-18],[-9,-1],[27,-12],[33,-4],[0,-15],[99,-17],[27,-3],[12,2],[1,-4]],[[67543,46658],[-28,4],[-89,-6]],[[67292,46670],[29,48],[8,3]],[[67501,46808],[66,-4],[105,-12]],[[68060,46630],[-51,-55],[-40,-25],[-30,-13]],[[67888,46521],[-10,16],[-3,17],[-23,-2],[0,-17],[-20,-1],[-1,3],[-24,-7],[-12,10],[-13,-6]],[[67782,46534],[12,7],[6,10],[12,0],[-5,8],[18,12],[-2,11],[-9,3],[1,8],[-9,7]],[[67832,46612],[72,22],[104,15],[71,14]],[[67040,46750],[81,62]],[[66762,46437],[-87,26],[-15,1],[-14,4],[-21,-1],[-6,-3],[23,2],[73,-16],[-5,-8],[6,-3],[-32,-4],[-17,-8],[-16,-15],[-16,-6],[-38,0],[-51,5],[-29,9],[-21,12],[-4,7],[9,21],[-11,16],[-123,38],[-3,2]],[[67580,46545],[26,-6],[32,-12],[16,-17],[18,1]],[[67672,46511],[-5,-11],[3,-1],[-2,-16],[4,-7],[-7,-7],[1,-27],[9,-7],[24,-6]],[[67699,46429],[-77,-20],[-71,-26],[1,-2],[-46,-22]],[[67459,46547],[7,-2],[6,12],[52,-12],[56,0]],[[67806,46600],[-30,-9],[-13,-1],[-12,1],[-7,5],[-19,2],[-8,3],[-1,-2],[-16,1],[-4,3],[-2,-4],[-36,1],[-5,4],[2,4],[-7,1],[1,3],[-17,3],[-6,-1],[-4,-13],[-36,3],[-3,7],[-23,-2]],[[67560,46609],[-17,49]],[[67779,46481],[4,-1]],[[67787,46478],[0,-4],[-8,-4],[2,-9],[13,-5],[6,-8],[9,-2],[3,-13],[-32,5],[-25,0],[-24,-2],[-32,-7]],[[67672,46511],[2,9],[5,1],[14,-4],[2,2],[15,-12],[49,6],[-5,3],[11,4],[-6,5],[4,-1],[19,10]],[[67580,46545],[-20,64]],[[68325,46496],[-19,-110],[-5,-9],[-3,1],[-28,-14],[-26,-8],[-6,2],[-16,-3],[-57,-18],[-23,0],[-65,28],[-43,13]],[[68092,46465],[189,30],[29,2],[15,-1]],[[68364,46557],[1,-2],[-16,-11],[2,-2],[-25,-36],[-1,-10]],[[67141,46607],[-30,-21],[-21,-21],[17,-4],[-8,-7],[27,-18],[-6,-4],[-17,1],[-6,-3],[2,-18],[9,-4],[40,3],[3,-27]],[[73430,42181],[-196,-9],[-125,-73]],[[73109,42099],[-25,10],[-26,1],[-23,7],[-62,4],[-64,23],[-23,13],[-46,-17],[-30,17]],[[72810,42157],[14,5],[8,12],[-15,35],[-31,24],[91,17],[31,11],[8,15],[-12,2],[-11,6],[-19,22],[-40,28],[-2,8],[13,12],[-28,34],[39,7],[25,8],[-25,29],[29,7]],[[72885,42439],[23,-25],[44,11],[77,8],[88,-3],[28,2],[24,4],[64,20],[36,5],[-1,2]],[[73268,42463],[21,-1],[17,-8],[23,0],[21,3],[12,-1],[24,7],[6,-4],[5,5],[6,-2],[6,4],[16,-8],[6,2],[3,-4],[-3,-4],[-14,-6],[-1,-5],[-6,0],[7,-6],[-8,1],[-7,-14],[7,-5],[-2,-17],[-7,-3],[3,-6],[6,1],[-3,-5],[4,-2],[-10,-6],[1,-10],[-16,-24],[5,-6],[-3,-10],[7,-19],[0,-8],[-6,-7],[8,-9],[27,-16],[8,-10],[-7,-5],[6,-74]],[[74439,42805],[-4,-4],[16,-7],[1,-7],[-7,-6],[4,-1],[0,-10],[-5,-15],[-7,-3],[1,-7],[-11,-8],[3,-16],[-7,-9],[-11,0],[-3,-8],[-11,-3],[3,-16],[-9,-14],[-14,-10]],[[74378,42661],[-12,15],[8,29],[-4,10],[-11,-2],[9,-11],[-9,-13],[-2,-15],[-19,-9],[-14,-1],[-14,5],[-37,-12],[-27,-1],[-103,60],[-32,11],[-78,-7],[-19,-5],[-3,-4],[-39,-5],[-6,-5]],[[73966,42701],[1,6],[-6,-1],[-10,6],[-7,9],[-11,5],[-8,-1],[-11,4],[4,8],[-2,18],[-21,14],[-14,5],[1,5],[14,4],[-1,3],[-13,8],[-1,7],[-21,8],[3,2],[-8,5],[5,7],[-4,10],[12,20],[-2,4],[-7,1],[4,7],[-8,0],[-12,6],[-15,15],[-23,12]],[[73805,42898],[84,-1],[0,15],[165,44],[1,6]],[[74055,42962],[15,-3],[24,-11],[73,-6],[63,-18],[26,-18],[3,-12],[43,-15],[37,-24],[36,-19],[34,-11],[10,12],[-5,-10],[25,-22]],[[72095,43316],[18,2]],[[72095,43316],[0,0]],[[72064,43315],[-5,0],[-31,4]],[[72028,43319],[36,-4]],[[72001,43331],[-11,-2]],[[72001,43331],[0,0]],[[72019,43356],[-6,-3],[-3,3],[7,11],[-7,10],[3,6],[13,-2],[2,-3],[-9,-22]],[[72892,43227],[-2,-2],[22,-5],[0,-7],[-25,2],[2,-25]],[[72889,43190],[-36,13],[-45,5],[8,-46]],[[72816,43162],[-46,-1],[-6,27],[-45,-2]],[[72719,43186],[6,18],[-47,-3],[-31,2]],[[72647,43203],[-38,5],[-32,9],[-30,1],[-1,-4],[-31,-2],[0,6],[-24,1],[0,-5],[-19,1],[-2,4],[-15,-2],[-8,10],[-28,-4],[-48,22],[18,19],[-2,5],[-195,44],[-30,19]],[[72162,43332],[-7,8],[-1,11],[-12,5],[-7,11],[-18,9],[3,6],[-12,1],[9,8],[-6,4],[-2,-6],[-1,11],[8,11],[-10,0],[-8,-4],[-6,-8],[3,-4],[-7,3],[3,8],[22,17],[4,40],[10,8],[8,17],[7,7],[3,0],[-1,-7],[-8,-21],[27,-5],[7,-6],[-2,-3],[-10,0],[-5,-8],[2,-17],[13,-14],[31,-19],[44,-14],[64,-35],[73,-31],[111,-34],[119,-26],[51,-4],[90,6],[27,-1],[59,-17],[20,-3],[-1,-1],[36,-8]],[[72719,43186],[0,-5],[-32,-1],[5,-20],[-34,-2],[-3,-73]],[[72655,43085],[0,-23],[12,-32],[2,-19],[-8,-18],[-39,-41],[-8,-43],[-6,-6]],[[72608,42903],[-45,-44],[-17,-12],[-133,-45],[-5,4],[-7,1],[-19,-3],[-8,11],[-28,-7],[-8,8],[-10,-11],[-4,0],[-3,6],[-16,-7],[12,-19],[-13,0],[-5,-2],[0,-11],[-17,1],[-7,10],[-17,2],[-8,-2],[-5,2],[-7,-4],[19,-14],[-30,-9],[-20,13],[-3,-1],[-11,3],[-13,0],[-14,-7],[-4,5]],[[72162,42771],[-55,58],[-8,20],[-11,12],[32,24]],[[72120,42885],[205,184],[79,54],[25,12],[24,9],[176,35],[-2,6],[23,4],[-3,14]],[[72660,42812],[-8,-7],[-37,-12],[-43,-7],[-44,-11],[3,-6],[-10,-8],[-28,-3],[-8,4],[-11,-1],[0,4],[-23,-3],[-27,-8],[-7,-14],[-29,-1],[-28,-11],[-8,8],[-5,-1],[0,-11],[-68,-12],[2,-2],[-33,-8],[-6,5],[-33,-12],[-7,-8],[15,-5],[-13,-6],[-1,-5],[-10,-1],[4,-4],[0,-9],[-23,-17],[-11,3],[-5,-2],[-16,-10],[-4,-9],[-23,-22],[-25,-36],[-21,-13],[-25,-22],[-7,-9],[5,-9],[-3,1]],[[72039,42512],[-5,8],[16,18],[-1,9],[-50,42],[39,14],[-13,19],[-27,18],[21,10],[13,4],[12,13],[-28,25]],[[72016,42692],[21,0],[39,4],[-1,5],[15,-1],[10,5],[4,-1],[4,4],[6,-3],[32,12],[-7,7],[4,0],[-19,10],[-7,-3],[-8,6],[-16,20],[-9,-1]],[[72084,42756],[23,11],[8,-1],[3,4],[29,3],[5,-3],[10,1]],[[72608,42903],[21,-30],[25,-24],[-8,-10],[14,-27]],[[72084,42756],[-22,-3],[-7,-4],[-59,5],[-2,11]],[[71994,42765],[5,39],[-49,56],[97,24],[22,8],[51,-7]],[[72835,42775],[10,-28],[22,4],[8,-11],[40,11],[12,-11],[32,2],[-3,3],[48,13],[-20,37],[56,15],[0,4],[16,8],[6,-18],[12,6],[-1,3],[48,4],[-4,11],[19,3],[3,-5],[75,9],[1,-2],[65,-5],[4,6],[4,-9],[17,-3],[1,-8],[44,4],[6,-8],[33,6],[-8,10]],[[73381,42826],[132,21],[36,-48],[11,-7],[1,-6]],[[73561,42786],[-10,6],[-12,-1],[-8,-5],[6,-4],[-2,-5],[-24,4],[-4,-4],[-24,-5],[-2,-6],[-36,5],[-6,-3],[9,-5],[-2,-2],[-41,-19],[-19,0],[-8,-3],[-18,1],[-20,-5],[-13,-10],[-25,-13],[1,-7],[-8,-1],[1,-2],[-14,-8],[-3,-9],[7,-4],[0,-11],[-13,-2],[3,-10],[-13,-8],[-2,-9],[-18,-6],[-11,3],[-10,-2],[-14,-10],[-5,0],[-1,-12],[11,-4],[5,-6],[1,-11],[-7,-8],[4,-13],[23,-20],[8,-6],[11,-2],[5,-9],[-22,-16],[3,-6],[-11,4],[-8,-4],[6,0],[4,-3],[-6,-6],[4,-3],[1,-11],[-7,-3],[15,-4],[-2,-7],[26,-10]],[[73266,42466],[2,-3]],[[72885,42439],[3,6],[-13,-4],[-23,6],[-2,7],[13,1],[-2,2],[17,3],[-8,9],[-23,0],[-2,4],[-18,0],[-16,-7],[-15,0],[-6,3],[-6,-4],[-27,5],[-9,11],[-35,-9],[-26,-3],[-72,3],[-36,-1],[-74,-15],[-62,-5],[-147,12],[-122,-7],[-253,-2]],[[71921,42454],[-18,2],[-25,22],[5,10],[24,19]],[[71907,42507],[22,10],[15,1],[78,-1],[12,-1],[5,-4]],[[72660,42812],[71,20],[42,5],[-2,6],[19,4],[3,8],[19,-25],[6,-29],[13,-27],[4,1]],[[72810,42157],[-56,20],[-42,11],[-88,-4],[-71,30],[-88,-9],[-22,0],[-54,-12],[2,-21],[-6,-11],[-9,-5],[-11,-12],[-39,-7],[-43,7],[-37,-2],[-40,12],[-147,25]],[[72059,42179],[-1,3],[21,6],[12,9],[17,27],[15,14],[21,52],[-25,7],[-25,1],[-46,-6],[-9,-8],[-48,16],[-26,1],[-36,-4],[-18,24],[-2,16],[-31,16],[24,14],[9,14]],[[71911,42381],[7,9],[4,23],[-15,38],[13,-1],[1,4]],[[72856,43073],[6,-46],[6,0],[6,-23],[3,-4],[20,4],[3,-5]],[[72900,42999],[-43,-7],[26,-54],[17,-23],[17,-13],[-12,-18],[2,-18],[-16,-21],[0,-33],[11,-8],[-15,-14],[-52,-15]],[[72655,43085],[64,5],[82,2],[0,6],[27,1]],[[72828,43099],[4,-26],[24,0]],[[74378,42661],[-9,-6],[-16,-2],[-13,-10],[-10,-2],[6,-5],[-12,-8],[8,-9],[-20,-4],[14,-15],[-16,1],[-9,-11],[-27,-8],[-17,-36],[-16,-13],[6,-9],[12,-4],[1,-10],[9,-9],[-8,-5],[-1,-18],[-17,-21],[9,-22],[-20,-8],[2,-4],[11,-2],[9,-9],[16,-9],[5,-22],[6,-4],[-2,-7],[4,-3],[-9,-16],[6,-10],[-7,-6],[16,-16],[12,-5],[-2,-2],[56,-25],[14,-27],[25,-13],[18,-17],[10,-2],[6,-7],[-3,-20],[19,-71],[35,-5]],[[74479,42125],[0,-5],[-15,-7],[-55,-12],[-143,-18],[-63,-11],[-24,0],[-35,5],[-34,-1],[-109,-26],[-86,-6],[-143,84],[-188,33],[-154,20]],[[73266,42466],[52,-3],[10,18],[19,0],[13,8],[79,22],[26,11],[47,10],[17,21],[52,-19],[-11,-9],[44,-18],[-14,-12],[9,-4],[17,11],[4,14],[18,8],[9,1],[8,-14],[19,5],[-2,3],[44,0],[-22,60],[66,18],[3,-3],[28,8]],[[73801,42602],[29,10],[24,3],[69,20],[36,5],[36,0],[21,6],[2,3],[-13,6],[0,5],[-25,21],[-4,12],[-5,1],[-5,7]],[[75447,42691],[-5,-4]],[[75442,42687],[-1,-1]],[[75441,42686],[-3,-10],[-11,-3],[-6,-5],[5,-16],[-31,7],[3,-5],[11,-4],[1,-4],[-32,-21],[1,-8],[-13,4],[-30,-5],[-15,5],[-16,-2],[-14,5],[-9,-5],[-24,8],[-16,-4],[-9,8],[-31,-17],[-14,-12],[-10,1],[-4,-3],[-32,0],[-19,-6],[-7,-10],[-16,-4],[-13,-13],[-17,-3],[-21,-17],[-17,-6],[-20,-26],[-28,-19],[-5,-15],[-17,-11],[-7,-12],[-39,-32],[-14,-22],[1,-10],[-6,-1],[7,-13],[-5,-7],[-9,-1],[7,-6],[7,-31],[-12,-15],[-10,-3],[0,-4],[9,-35],[10,-21],[-20,-9],[0,-44],[-10,-26],[46,-65],[34,-27],[10,-13],[-1,-15],[-43,-14],[-74,-1],[-69,11],[-34,1],[-84,18],[-6,38],[-8,-4],[-9,4],[-24,10],[-2,5],[-128,-1]],[[74439,42805],[4,-3],[4,9],[8,-5],[0,-4],[11,-2],[108,3],[34,-10],[23,-4],[56,-4],[32,6],[16,7],[15,0],[26,6],[94,2],[64,-14],[18,1],[27,-7],[10,-9],[61,-11],[7,-5],[40,-9],[35,-27],[19,-9],[60,-6],[56,-16],[18,-1],[13,-7],[26,3],[23,-2],[14,3],[4,-2],[13,8],[11,1],[25,-8],[38,15],[11,2],[6,-4],[19,4],[-6,-3],[-13,-1],[4,-6],[-21,-1],[-5,-4]],[[73301,43050],[-4,-11],[-16,8],[-6,-11],[-55,23],[-12,-32],[-16,0],[-7,-34],[11,-3],[-8,-15],[-15,-11],[56,-12],[61,-4],[33,-45],[0,-8],[25,-4]],[[73348,42891],[20,-33],[13,-32]],[[72900,42999],[3,-4],[15,0],[30,-5],[59,-18],[19,4],[31,8],[-6,19],[4,28],[-2,7]],[[73053,43038],[3,1]],[[73056,43039],[10,46],[28,-2],[6,27],[10,7]],[[73110,43117],[133,-51],[58,-16]],[[72816,43162],[12,-63]],[[71907,42507],[-19,13],[12,7],[-7,6],[-6,22],[-6,6],[-7,-1],[4,5],[-14,-3],[7,6],[-4,7],[4,3],[-38,-9],[-16,9],[-11,1],[-8,18],[-33,25]],[[71823,42675],[26,13],[-4,4]],[[71845,42692],[29,12],[47,-44],[22,11],[38,7],[18,11],[17,3]],[[71911,42381],[-27,6],[-33,11],[-125,60]],[[71726,42458],[-102,53],[-70,45],[0,3]],[[73301,43050],[144,-46],[167,-37]],[[73612,42967],[0,-4],[-7,-3],[3,-3],[-41,0],[-15,-7],[-25,3],[6,-11],[-41,-8],[6,-11],[-9,-3],[-54,20],[2,-12],[-6,-1],[1,-4],[-3,-4],[7,2],[6,-14],[-2,-3],[-87,-8],[-5,-5]],[[73805,42898],[-45,0],[0,-5],[-16,-2],[3,-21],[-7,-4],[7,-5],[-20,1],[-12,-5],[-4,-5],[8,-17],[-11,-6],[11,-2],[2,-5],[-29,-3],[-2,-9],[-24,-1]],[[73666,42809],[-19,6],[-11,-10],[-18,3],[-20,-4],[-23,-1],[-14,-17]],[[73612,42967],[144,-30],[81,-12],[44,4],[22,7],[39,5],[68,22],[19,2],[26,-3]],[[73801,42602],[-1,2],[17,6],[-10,10],[-32,14],[-15,22],[-31,17],[-6,24],[-7,9],[-22,9],[6,30],[-16,2],[-25,-2],[-1,3],[-6,-1],[-6,9],[-15,4],[-10,-4],[1,-7],[-18,-2],[-12,20],[26,7],[38,4],[28,7],[-18,24]],[[71532,42860],[6,-7]],[[71994,42765],[-21,-5],[-27,20],[-62,-19],[-4,4],[-38,-9],[18,-16],[-5,-8],[11,-10],[-38,-11],[17,-19]],[[71603,42830],[-6,-1],[-22,9]],[[71539,42853],[-6,7]],[[71566,42900],[4,2],[9,-4],[4,3],[-3,4],[42,25],[13,3],[36,25],[14,8],[6,0],[0,4],[19,11],[3,-3],[9,4],[113,70],[17,7],[41,25],[31,17],[0,3],[82,-46],[35,-8],[12,4],[-2,4],[-22,9],[-3,-1],[-76,46],[13,9],[-3,3],[22,20],[9,1],[14,25],[21,6],[-1,5],[-20,14],[12,-1],[172,-57],[-24,10],[27,-7],[-3,5],[-26,4],[-149,51],[1,49],[-11,13],[-6,1],[-8,31],[0,6],[4,1],[-3,6],[6,-1],[6,10],[-7,2],[-7,-6],[-8,3],[10,6],[-8,5],[7,3]],[[72001,43331],[8,-6],[19,-6]],[[72064,43315],[9,-1],[22,2]],[[72113,43318],[7,0],[42,14]],[[72889,43190],[50,-26],[46,-36],[71,-89]],[[73053,43038],[-16,-1],[-62,3],[6,8],[-1,9],[-7,6],[-15,5],[-51,-1],[-10,2],[0,7],[-41,-3]],[[72892,43227],[53,-11],[26,-9],[76,-56],[36,-21],[27,-13]],[[71545,43786],[0,-97]],[[71545,43689],[-53,0],[3,20],[-47,0]],[[71448,43709],[-10,46],[-44,-6],[-10,24],[-68,-14],[-19,-1]],[[71297,43758],[-6,-1],[-48,9],[-1,-3],[-44,3],[1,4]],[[71199,43770],[14,21],[-7,53]],[[71206,43844],[26,2],[116,-5],[-2,-29],[90,2],[-4,27],[5,8],[-7,26]],[[71430,43875],[6,-15],[12,-6],[18,-2],[33,5],[20,-7],[25,-46],[1,-18]],[[71242,44134],[-64,-25],[213,-61],[17,-8],[12,-12],[5,-42],[-36,-8],[0,-21],[-53,7]],[[71336,43964],[-63,6],[-19,10]],[[71254,43980],[-68,58],[-172,105],[30,8]],[[71149,44183],[71,-39],[22,-10]],[[71254,43291],[1,0]],[[71254,43291],[0,0]],[[71294,43292],[0,0]],[[71105,43299],[-2,0]],[[71105,43299],[0,0]],[[71305,43300],[-2,-2]],[[71305,43300],[0,0]],[[71307,43301],[-1,-1]],[[71307,43301],[0,0]],[[71179,43564],[17,1],[2,5],[30,-2],[-1,7],[39,2],[14,4],[43,-3],[10,13],[57,2],[48,5],[68,-3],[33,3]],[[71539,43598],[-25,-54],[-48,-53],[-52,-36],[-123,-66],[10,-21],[46,-16],[-13,-6],[41,-33],[38,10],[25,-8],[4,-5],[-20,-47]],[[71422,43263],[-3,1],[0,6],[-8,-1],[-4,6],[5,2],[-10,1],[7,-6],[-2,-1],[-18,6],[-22,2],[16,-3],[-21,-2],[-8,2],[-3,4],[5,7],[-4,4],[-9,2],[-24,-3],[8,-1],[-13,-8],[-10,13]],[[71304,43294],[4,0]],[[71308,43294],[12,0],[8,3],[0,4],[-8,3],[-6,0],[-11,-3],[-4,-5],[-8,-1],[3,8],[-11,6],[-20,-7],[-3,-11],[-4,1],[1,7],[-5,4],[-6,0],[-11,-5],[-4,9],[-8,7],[0,5]],[[71223,43319],[1,1]],[[71224,43320],[0,2],[-10,5],[-1,8],[7,0],[-1,5],[4,2],[-1,4],[-5,-5],[1,-5],[-7,-1],[2,-9],[-17,-2],[-29,-8],[16,-13],[-3,0]],[[71180,43303],[-9,1]],[[71171,43304],[-17,-9],[-3,-7]],[[71151,43288],[-1,0]],[[71150,43288],[-9,5],[-7,1]],[[71134,43294],[-1,0]],[[71133,43294],[-30,6],[-16,-1],[-20,-7],[-5,1]],[[71062,43293],[-5,0]],[[71057,43293],[-7,5],[-20,4],[5,-2],[14,-3],[6,-4]],[[71055,43293],[-17,-13],[-16,2],[-11,-7],[-18,2],[-2,5],[11,14],[-24,7],[-11,-17],[-22,3],[-17,-5],[-28,-2],[-6,4]],[[70894,43286],[-2,14],[-8,-4],[-4,7],[-29,-10],[-18,6],[-22,12],[-36,9],[-59,-6],[-3,5],[-46,-11],[-13,16],[-36,-6]],[[70618,43318],[-27,-1],[4,29]],[[70595,43346],[-2,21],[7,16]],[[70600,43383],[10,-2],[2,4],[30,3],[19,8],[9,-7],[35,14],[9,10],[-2,6],[14,6],[15,-3],[16,8],[22,2],[10,6],[28,-1],[20,6],[-2,6],[-54,16],[-7,5],[-18,2],[-13,9],[-1,10],[18,27],[-14,5],[-3,8],[4,3],[-12,7],[-18,33],[-21,25],[-1,17],[23,12],[-7,14],[8,9],[96,25],[25,2],[19,5],[60,-2],[92,21]],[[71011,43702],[9,1],[17,-38],[40,4],[3,-8],[-11,-1],[-11,-34],[-25,-19],[10,-28],[-7,-9],[75,-9],[6,2],[62,1]],[[71448,43709],[-10,-16],[-88,-44],[-38,2],[-65,7],[-46,-1]],[[71201,43657],[4,38],[-10,24],[114,16],[-12,23]],[[71254,43980],[-62,0],[-19,-3],[-26,5],[0,-2],[-35,0],[-77,-5],[-17,-4],[-18,10],[-35,-8],[-51,-4],[-10,-42]],[[70904,43927],[-14,0],[15,-14],[4,-10],[11,-1],[7,2],[-8,-21],[-55,14],[-10,7],[-26,7],[-19,9],[0,7],[-17,1],[-77,22],[-2,-9],[-19,6],[-1,-23],[-7,5],[-19,6],[-1,18],[-58,2],[2,-16],[-19,-4],[-19,4],[-40,5],[-80,2]],[[71558,43786],[-10,-1],[-3,1]],[[71430,43875],[-4,42],[-70,-5]],[[71356,43912],[-20,52]],[[71242,44134],[61,-28],[59,-22],[9,-7],[36,-8],[39,-16],[73,-25],[76,-18],[66,-21],[40,-7],[53,-17],[25,-24],[-17,-15],[25,-24],[-25,22],[-13,-6],[-30,-7],[-13,3],[-19,-3],[17,5],[-4,6],[-15,5],[-18,1],[-31,15],[2,2],[32,-6],[8,10],[-29,7],[-35,20],[-4,1],[-32,-18],[53,-30],[-2,-6],[9,-1],[19,-10],[-3,-1],[-12,7],[-7,-1],[-51,-12],[-5,-9],[15,-11],[0,-11],[-2,12],[-13,8],[-1,6],[-15,-2],[-4,-6],[4,-6],[-5,-4],[6,-3],[-2,-7],[13,-3],[10,3],[-30,-16],[1,-9],[11,-2],[13,3],[13,10],[0,7],[6,0],[-3,-7],[-12,-10],[-11,-4],[-15,-1],[-5,-3],[-3,-43],[8,-11]],[[71201,43657],[-1,-4],[-25,1],[-28,8],[-2,-4],[10,-3],[-7,-15],[5,0],[1,-18],[-34,0],[-1,-4],[5,-1],[-1,-9],[19,-1],[15,-18],[11,1],[0,-6],[9,0],[2,-20]],[[71011,43702],[22,22],[-18,11],[0,8],[-8,5],[1,5],[39,-3],[26,7],[55,10],[4,3],[67,0]],[[71545,43689],[0,-61],[-6,-30]],[[70904,43927],[40,-1],[36,4],[59,-6],[23,1],[4,6],[17,1],[61,-35],[69,-7]],[[71213,43890],[-10,-14],[3,-32]],[[70600,43383],[-1,3],[-22,2],[-22,0],[-16,8],[-24,3],[-14,12],[0,4],[-32,19],[-2,3],[7,1],[-2,5],[-37,15],[-3,3],[4,3],[-11,10],[-8,-4],[-6,4],[-9,0],[-31,-6],[-42,5],[-2,-6],[-15,0],[-7,-4],[-6,-8],[4,-42],[-5,-18],[-23,-25],[-30,-22],[-22,31],[-23,13],[-27,4],[-70,20],[-47,-7],[-20,3],[-53,20],[-53,26],[-64,2],[-48,-4],[-13,5]],[[71558,43786],[0,-8],[14,-20],[20,-22],[37,-30],[29,-44],[4,-15],[28,-35],[84,-64],[62,-28],[51,-27],[62,8],[-14,-3],[-18,-10],[-33,-11],[15,8],[-15,4],[-30,-5],[-13,-22],[12,-44],[-7,-11],[-12,-9],[-5,-12],[-29,-19],[50,-2],[10,4],[-9,1],[7,4],[15,-6],[49,14],[-5,-4],[-62,-19],[-11,5],[-53,2],[-21,-3],[1,-6],[-7,0],[2,3],[-5,4],[-45,1],[-61,-6],[-22,-8],[6,-5],[-23,-8],[-80,-67],[-31,0],[-58,-9],[-25,1]],[[71356,43912],[-137,-10],[-1,-12],[-5,0]],[[68370,47576],[3,4],[-29,48],[-82,17],[-42,-2],[-91,-25],[-43,-7],[-64,-7]],[[67237,48237],[-24,13],[-5,9],[20,5],[22,21],[64,16],[31,18],[30,9],[-2,13],[-15,10],[3,11],[-9,11],[-9,26],[9,11],[-3,21],[85,13],[-4,-8],[30,2],[26,7],[7,10],[46,6],[12,-13],[37,7],[-25,14],[-3,7],[-7,0],[-8,21],[53,0],[5,17],[57,-3],[66,11],[13,8],[16,18],[-2,3],[16,3],[17,11],[2,5],[5,0]],[[70772,43111],[-39,-19],[-35,-7],[-34,-2],[-60,4],[-34,-4]],[[70570,43083],[12,41],[1,78]],[[70583,43202],[30,-7],[11,3],[23,14],[38,-5],[9,3],[48,1]],[[70742,43211],[1,-80],[10,-12],[19,-8]],[[71057,43293],[0,0]],[[71055,43293],[13,-1],[19,6],[16,1]],[[71105,43299],[11,-4]],[[71116,43295],[-344,-184]],[[70742,43211],[-19,74],[78,-4],[35,5],[38,-7],[20,7]],[[70583,43202],[38,80],[2,22],[-5,14]],[[71151,43288],[0,0]],[[71134,43294],[0,0]],[[71308,43294],[0,0]],[[71305,43300],[1,0]],[[71307,43301],[10,1],[5,-4],[-20,-2],[1,2]],[[71180,43303],[0,0]],[[71223,43319],[0,0]],[[70943,42809],[-49,12],[-28,15],[-4,-1],[-18,13],[-21,9],[-71,12],[-112,30],[-35,17],[-20,18]],[[70585,42934],[-5,16],[3,13],[32,35],[-2,36],[-9,17],[-23,19],[-11,13]],[[71116,43295],[5,-1],[14,-1],[17,-6],[3,7],[15,9],[15,0],[-15,14],[44,8],[7,-4],[-1,-8],[14,-18],[7,1],[9,5],[2,-10],[2,0]],[[71255,43291],[8,-1],[3,10],[17,6],[5,-3],[-2,-10],[8,-1]],[[71294,43292],[5,-2],[12,-13],[27,-6],[-18,6],[19,12],[4,-2],[1,-12],[6,-3],[10,-3],[20,3],[12,-2],[4,-5],[-3,-4],[-6,2],[0,5],[-5,0],[-6,-6],[-10,2],[6,-4],[-15,6],[14,-8],[10,5],[3,4],[3,-5],[5,-4],[-17,-7],[45,8],[55,-1],[19,7],[36,1],[2,3],[5,-8],[266,-2],[2,6],[32,32],[2,14],[7,-2],[-4,-15],[28,23],[-10,4],[-16,-3],[-5,-4],[-5,4],[5,6],[-14,5],[-2,4],[28,-4],[14,-3],[10,-8],[-43,-31],[-22,-25],[11,-9],[37,-11],[11,3],[37,23],[20,-35],[12,-8],[-5,-45],[-12,-23],[-7,-2],[-42,0],[-17,-23],[0,-26],[-50,-30],[-1,-5],[-14,-5],[-57,-35],[2,-2],[-10,-3],[-41,-24],[-16,1],[-60,-38],[-38,-33],[-22,-12],[-22,-9],[-31,-7],[-42,-4],[-36,1],[-101,24],[-34,5],[-8,-1],[-22,6],[-5,-2],[-52,16],[0,4],[-26,9],[-12,10],[-2,-1],[-26,10],[-23,26],[-9,-2],[13,-18],[-7,3],[-9,-1],[-14,8],[-6,-3],[3,-4],[-12,7],[-1,-5],[-8,5],[-1,-4],[-11,2],[-7,-2],[-2,-3],[-17,-4],[-27,-12],[-14,-15],[-32,-142],[-26,22],[5,8],[-33,17],[-25,6],[-9,7],[-18,5],[-59,26],[-12,4],[-8,0],[-17,11],[9,-7],[-7,-3],[-18,3],[-9,-2],[-11,4],[-4,7],[-9,2],[-1,2],[-76,13],[-8,3],[-2,7],[-6,1],[2,14],[-4,-14],[7,-2],[2,-6],[8,-3],[76,-13],[2,-3],[9,-1],[2,-7],[12,-5],[9,2],[17,-3],[10,3],[9,-5],[8,0],[65,-29],[21,-6],[10,-6],[22,-7],[32,-16],[-5,-8],[28,-29]],[[70585,42934],[-13,19],[-7,28]],[[70565,42981],[-9,32],[-15,24]],[[70541,43037],[-35,31],[-50,29]],[[70456,43097],[-39,25],[-22,26],[-5,28],[9,28],[56,76],[74,73],[29,-1],[37,-6]],[[70228,42889],[27,-44],[-25,-20],[-15,-24]],[[70215,42801],[-81,1],[-40,-14],[-47,-4],[-6,31],[-28,25],[-95,-16],[-44,-21]],[[69874,42803],[-98,-16],[-43,-1]],[[69733,42786],[10,7],[16,25],[14,13],[32,-1],[-11,12],[23,12],[-6,6],[1,8],[40,-3],[-3,9],[8,3],[22,5],[10,-3],[17,1],[6,13],[-3,20],[17,24],[5,16],[15,9]],[[69946,42962],[88,-96],[22,3],[12,-4],[9,0],[21,6],[21,-4],[11,5],[17,-6],[36,-3],[11,19],[34,7]],[[70474,42615],[1,-8],[21,-14],[6,-9],[-8,-13],[-22,-21],[1,-7],[8,-9],[27,-23],[-3,-6],[-13,-2],[-17,3],[-46,15],[-9,-1],[-5,-10],[7,-7],[14,-6],[31,-6],[6,-5],[-23,-24],[-25,-2]],[[70425,42460],[-42,11],[-43,-20],[-53,-5],[-8,4],[7,21],[-7,8],[-18,4],[-21,-7],[-4,-14],[15,-23],[-7,-10],[-5,-2],[-16,4],[-13,-2],[-16,-14],[5,-12],[25,-10],[10,-9],[0,-11],[-21,-24],[3,-7],[24,-21],[-3,-28]],[[70237,42293],[-9,-23],[-2,-39]],[[70226,42231],[-11,-11],[-44,-19],[-17,-14],[-15,-4],[-18,1],[-12,6],[-7,7],[-25,52],[-13,8],[-30,8]],[[70034,42265],[1,26],[8,30],[65,114],[-106,8],[-23,26],[-20,13],[18,21],[-9,24],[6,9],[5,-1],[4,4],[7,-1],[4,4],[29,10],[15,3],[9,8],[25,7],[-16,19],[-19,14],[-5,12],[3,3],[-8,8]],[[70027,42626],[108,-30],[53,-10],[47,-5]],[[70235,42581],[50,-2],[35,7],[22,11],[41,34],[26,8]],[[70409,42639],[70,9]],[[70479,42648],[6,-21],[-11,-12]],[[69718,42762],[-4,-2],[41,-35],[8,-4],[22,-28],[19,4],[17,-23],[37,10],[16,-3],[11,-6],[3,-6],[31,-11],[4,-3],[0,-8],[14,-10],[14,2],[6,-3],[19,2],[1,-4],[23,1],[27,-9]],[[70034,42265],[-18,1],[-9,-6],[18,-58],[-12,-13],[-11,-5],[-12,-1],[-90,5],[-54,-12],[-14,-10],[-5,-11],[13,-39],[-36,-17]],[[69286,42040],[26,-9],[50,-12],[4,-4],[-2,-7],[-13,-10],[-48,-18],[0,-8],[10,-6],[14,-2],[72,-3],[51,-16],[49,1],[27,10],[15,28],[2,29],[-7,25],[-12,21],[8,17],[21,18],[20,6],[26,1],[30,-12],[12,-17],[-4,-31],[11,-10],[21,-8],[50,9],[51,2],[14,4],[8,5],[1,6],[-8,28],[19,22]],[[69512,42742],[67,18],[35,14],[6,-1],[29,-20],[32,14],[13,2],[24,-7]],[[70215,42801],[-7,-70],[17,-17]],[[70225,42714],[4,-9],[-28,-8],[-12,-1],[-23,22],[-58,-6],[-2,-7],[-31,-5],[-9,10],[-43,14],[-22,0],[-3,9],[6,7],[-3,3],[-32,13],[-19,-3],[-14,-6],[-5,-9],[-16,4],[-33,-5],[-9,39],[1,27]],[[70318,42864],[15,-16],[-29,-3],[30,-19],[-11,-11],[-4,0],[-2,-9],[-8,-2],[-1,-2],[8,-3],[2,-4],[16,-1],[12,5],[-11,-6],[-14,-3],[-14,-8],[-4,-18],[-7,-7]],[[70296,42757],[-9,-10],[-20,-10],[-9,-11],[-18,-6],[-2,-5]],[[70238,42715],[-13,-1]],[[70228,42889],[4,0]],[[70232,42889],[49,-30],[37,5]],[[70038,43008],[194,-119]],[[69946,42962],[-44,49],[47,-6],[2,4],[61,-6],[26,5]],[[70238,42715],[1,-7],[17,-4],[3,-3],[-2,-7],[-10,-10],[-1,-8],[6,-6],[15,-8],[39,-6],[-71,-75]],[[69718,42762],[8,3],[-7,4],[14,17]],[[70425,42460],[-13,-4],[-19,6],[-2,-14],[5,-9],[39,-13],[26,2],[22,-4],[29,8],[13,-3],[7,-13],[6,-3],[4,3],[28,-12],[-5,-12],[7,-25]],[[70572,42367],[-34,-14],[-34,-4],[-30,-11],[-39,-8],[-26,1],[-21,-5],[-21,2],[-12,-1],[-35,-14],[-4,-9],[7,-8],[-7,-5],[-79,2]],[[70589,42340],[2,-6],[-27,-33],[-9,-3],[-2,-4],[-9,-2],[-6,-11],[-12,-3],[-2,-23],[15,-10],[-3,-22],[7,-9],[-27,-16],[-36,-13],[-13,-3],[-21,1],[-7,-11]],[[70439,42172],[-9,2],[-5,6],[10,13],[1,14],[-9,0],[-19,9],[-12,3],[-22,-10],[-23,-1],[-4,3],[0,11],[-9,10],[-46,14],[-22,-5],[-19,-11],[-10,-1],[-15,2]],[[70572,42367],[17,-27]],[[70823,42625],[0,0]],[[70851,42640],[6,9]],[[70769,42733],[0,0]],[[70715,42740],[2,-5],[30,7],[10,-1],[9,-6],[27,-31],[24,-17],[38,-13],[8,-7],[-2,-7]],[[70859,42653],[-10,-13]],[[70838,42634],[-8,-4],[-19,-1],[22,0]],[[70832,42629],[-16,-5],[-7,-27]],[[70809,42597],[-42,-1],[-20,4],[-6,-9],[-14,2],[-40,-12],[5,-4],[-11,-12]],[[70681,42565],[-6,1],[-54,0],[-24,-1],[-13,27],[2,23],[-58,-3],[-2,6],[-52,-3]],[[70479,42648],[2,9],[28,16],[6,7],[-1,8],[-22,24],[-8,15],[3,11],[12,9],[12,4],[28,0],[63,-12],[87,-1],[26,2]],[[70427,42850],[6,-17],[-3,-16],[-35,-41],[-25,-39]],[[70370,42737],[-49,1],[-25,19]],[[70318,42864],[27,2],[42,-3],[18,-3],[19,-11],[3,1]],[[70456,43097],[-34,-8],[-13,7],[-14,-7],[-21,-3],[0,2],[-15,0],[-19,-6],[-20,2],[-1,-2],[-10,1],[18,-14],[0,-4],[-12,-2],[-32,1],[-37,-20]],[[70246,43044],[-38,4],[-25,-2],[-24,-6],[12,-13],[-12,-13],[5,-2],[-101,1],[-25,-5]],[[70565,42981],[-28,-8],[-10,0],[-19,-11],[-29,-43],[-2,-14],[-31,-3],[-23,-12],[-8,-16],[8,-18]],[[70423,42856],[-89,68]],[[70334,42924],[27,49],[16,13],[47,13],[20,15],[16,7],[81,16]],[[70334,42924],[-112,76],[-19,9],[-18,3],[73,12],[-12,20]],[[70943,42809],[1,-1],[-17,-17],[-28,-13]],[[70899,42778],[-12,8],[-31,7],[-35,19],[-53,14],[-13,6],[-17,-4],[-71,2],[-115,32],[-39,-11],[-37,0],[-4,4],[-9,-1],[-10,6],[-26,-10]],[[70427,42850],[-4,6]],[[70370,42737],[-23,-28],[22,-3],[36,1],[10,-52],[-9,-10],[3,-6]],[[70163,41827],[187,62],[6,4],[50,6],[12,6],[15,24],[23,18],[20,2],[21,-10],[3,4],[12,2],[4,5],[21,6],[13,1],[11,-4],[-2,-11],[8,-3],[-15,-5],[26,-1],[12,8],[21,26],[8,1],[15,-3],[10,3],[18,35],[12,0],[-6,-12],[3,-2],[20,-1],[18,8],[1,11],[-10,8],[-1,14],[-15,9],[-2,6],[10,-2],[8,2],[5,-4],[17,3],[11,11],[30,13],[21,-2],[12,-5],[9,3],[5,6],[18,3],[15,-7],[-3,-9],[21,-2],[16,-7],[12,2],[8,-3],[15,0],[13,-6],[39,2],[27,-4],[7,35],[-5,18],[23,19],[4,6],[-2,6],[12,7],[1,4],[-5,9],[-14,6],[-14,15],[40,3],[20,-3],[11,3],[7,-2],[27,9],[10,-7],[23,2],[36,42],[40,-1],[-5,38]],[[69902,42023],[-11,-8],[-24,-5],[2,-6],[-5,-10],[-2,-27],[11,-46],[-5,-4],[8,-4],[9,-12],[35,-21],[43,-36],[25,17],[5,8],[38,24],[8,14],[33,-5],[21,10],[9,-3],[1,-4],[19,-1],[0,-2],[15,3],[9,-4],[4,1],[2,-7],[9,-5],[-8,-3],[5,-2],[-7,-4],[7,-5],[-6,-4],[8,-3],[2,-5],[12,-1],[1,-4],[-9,-4],[-6,-9],[-8,-2],[6,-4],[1,-12],[4,-1]],[[69902,42023],[31,4],[18,13],[10,0],[17,12],[23,3],[7,7],[31,-5],[26,8],[3,-3],[19,1],[30,-7],[13,3],[9,4],[1,8],[9,6],[7,-1],[9,3],[8,-4],[21,14],[2,3],[-35,26],[1,2],[64,13],[65,24],[45,11],[17,0],[56,-14],[5,-4],[37,15],[0,7],[-12,0]],[[70589,42340],[20,3]],[[70609,42343],[22,-33],[29,-29],[-1,-7],[8,-6],[44,18],[24,15],[46,14]],[[70809,42597],[-5,-6]],[[70609,42343],[5,2],[-29,86],[-14,38],[-12,16],[23,3],[21,-6],[19,5],[13,10],[-4,2],[4,3],[15,-4],[0,8],[-6,14],[46,12],[27,22],[-36,11]],[[70899,42778],[-39,-9],[-65,-4],[-7,-4],[-74,-19],[1,-2]],[[69804,42099],[12,-13],[13,-4],[8,-8],[17,-6],[20,-20],[10,0],[7,-4],[16,-17],[-5,-4]],[[71726,42458],[-15,-3],[-9,5],[-3,-2],[7,-7],[-13,-12],[-13,-5],[-57,-41]],[[71788,42180],[8,-4],[8,3],[4,-3],[5,2],[11,-3],[16,10],[19,-1],[3,3],[6,-5],[7,4],[11,-4],[1,2],[9,1],[47,-10],[54,-4],[44,-8],[13,3],[5,13]],[[71585,42214],[56,-4],[44,10],[38,-14],[11,4],[6,-2],[31,-16],[6,4],[16,0],[4,-6],[-7,-2],[3,-6],[-5,-2]]],"bbox":[-8.64970957224644,49.8647926358421,1.76323286743115,60.8607658077002],"transform":{"scale":[0.00010413046570143291,0.00010996083132689424],"translate":[-8.64970957224644,49.8647926358421]}}