{"type":"Topology","objects":{"ward":{"type":"GeometryCollection","geometries":[{"type":"Polygon","arcs":[[0,1,2]],"id":88,"properties":{"wd11cd":"E05007553","wd11nm":"Park Hill"}},{"type":"Polygon","arcs":[[3,4,5,6,7,8]],"id":96,"properties":{"wd11cd":"E05007549","wd11nm":"Lapworth"}},{"type":"Polygon","arcs":[[9,10,11,12]],"id":103,"properties":{"wd11cd":"E05007530","wd11nm":"Southam"}},{"type":"Polygon","arcs":[[13,14,15,16,17,18,19,20,21,22,23,24,25]],"id":105,"properties":{"wd11cd":"E05007000","wd11nm":"Kinver"}},{"type":"Polygon","arcs":[[26,27,28,29]],"id":109,"properties":{"wd11cd":"E05007508","wd11nm":"Paddox"}},{"type":"Polygon","arcs":[[30,31,32,33]],"id":117,"properties":{"wd11cd":"E05006918","wd11nm":"Anglesey"}},{"type":"Polygon","arcs":[[34,35,36,37,38,39]],"id":124,"properties":{"wd11cd":"E05006905","wd11nm":"Cannock South"}},{"type":"Polygon","arcs":[[40,41,42,43]],"id":151,"properties":{"wd11cd":"E05001902","wd11nm":"Muxton"}},{"type":"Polygon","arcs":[[-43,44,45,46,47]],"id":159,"properties":{"wd11cd":"E05001889","wd11nm":"Donnington"}},{"type":"Polygon","arcs":[[48,49,50,51,52,53,54]],"id":163,"properties":{"wd11cd":"E05001898","wd11nm":"Ketley and Oakengates"}},{"type":"Polygon","arcs":[[55,56,-44,-48,57,58,59,60,61,62,63,64,65]],"id":173,"properties":{"wd11cd":"E05001885","wd11nm":"Church Aston and Lilleshall"}},{"type":"Polygon","arcs":[[66,67,68,69]],"id":182,"properties":{"wd11cd":"E05001872","wd11nm":"Ross-on-Wye West"}},{"type":"Polygon","arcs":[[70,71,72,73,74,75]],"id":191,"properties":{"wd11cd":"E05001859","wd11nm":"Hope End"}},{"type":"Polygon","arcs":[[76,77,78,79,80,81,82]],"id":195,"properties":{"wd11cd":"E05001868","wd11nm":"Pembridge and Lyonshall with Titley"}},{"type":"Polygon","arcs":[[83,84,85,86,87]],"id":207,"properties":{"wd11cd":"E05001855","wd11nm":"Golden Valley South"}},{"type":"Polygon","arcs":[[88,89,90,91,-18,92,93,94]],"id":236,"properties":{"wd11cd":"E05007829","wd11nm":"Hagley"}},{"type":"Polygon","arcs":[[95,96,97,98,99]],"id":247,"properties":{"wd11cd":"E05007825","wd11nm":"Catshill"}},{"type":"Polygon","arcs":[[100,101,102,103,104]],"id":350,"properties":{"wd11cd":"E05007065","wd11nm":"Werrington"}},{"type":"Polygon","arcs":[[105,106,107,108,109,110,111,112]],"id":353,"properties":{"wd11cd":"E05007074","wd11nm":"Trinity"}},{"type":"Polygon","arcs":[[113,114,115,116,117]],"id":363,"properties":{"wd11cd":"E05007061","wd11nm":"Leek North"}},{"type":"Polygon","arcs":[[118,-101,119]],"id":370,"properties":{"wd11cd":"E05007048","wd11nm":"Cellarhead"}},{"type":"Polygon","arcs":[[120,121,122,123]],"id":382,"properties":{"wd11cd":"E05006962","wd11nm":"Summerfield"}},{"type":"Polygon","arcs":[[124,125,126,127,128,129,130]],"id":384,"properties":{"wd11cd":"E05007044","wd11nm":"Biddulph South"}},{"type":"Polygon","arcs":[[131,132,133,134,135,136]],"id":395,"properties":{"wd11cd":"E05006958","wd11nm":"St John's"}},{"type":"Polygon","arcs":[[137,138,139,140,141]],"id":403,"properties":{"wd11cd":"E05006945","wd11nm":"Chadsmead"}},{"type":"Polygon","arcs":[[142,143,144,145,146,147]],"id":414,"properties":{"wd11cd":"E05006932","wd11nm":"Stretton"}},{"type":"Polygon","arcs":[[-137,148,149]],"id":417,"properties":{"wd11cd":"E05006941","wd11nm":"Boley Park"}},{"type":"Polygon","arcs":[[150,151,152,153,154,155,156,157]],"id":426,"properties":{"wd11cd":"E05006928","wd11nm":"Needwood"}},{"type":"Polygon","arcs":[[158,159,160,161,162,163,164,165,166,167,-22]],"id":450,"properties":{"wd11cd":"E05007929","wd11nm":"Bewdley and Arley"}},{"type":"Polygon","arcs":[[168,169,170,171]],"id":461,"properties":{"wd11cd":"E05007925","wd11nm":"The Littletons"}},{"type":"Polygon","arcs":[[172,173,174,175,176,177,178]],"id":470,"properties":{"wd11cd":"E05007912","wd11nm":"Fladbury"}},{"type":"Polygon","arcs":[[-170,179,180,181,182,183]],"id":481,"properties":{"wd11cd":"E05007899","wd11nm":"Bretforton and Offenham"}},{"type":"Polygon","arcs":[[184,185,186,187,-182]],"id":493,"properties":{"wd11cd":"E05007895","wd11nm":"Badsey"}},{"type":"Polygon","arcs":[[188,189,190,191,192,193]],"id":499,"properties":{"wd11cd":"E05007882","wd11nm":"Bedwardine"}},{"type":"Polygon","arcs":[[194,195,196,197,198,199]],"id":506,"properties":{"wd11cd":"E05007869","wd11nm":"Astwood Bank and Feckenham"}},{"type":"Polygon","arcs":[[200,-73,201,202,203,204,205]],"id":513,"properties":{"wd11cd":"E05007865","wd11nm":"Wells"}},{"type":"Polygon","arcs":[[206,207,208,209,210,211,212]],"id":521,"properties":{"wd11cd":"E05007852","wd11nm":"Kempsey"}},{"type":"Polygon","arcs":[[213,214,215,216,217,218,219]],"id":527,"properties":{"wd11cd":"E05007839","wd11nm":"Stoke Prior"}},{"type":"Polygon","arcs":[[220,221,-106,222,223]],"id":708,"properties":{"wd11cd":"E05007075","wd11nm":"Wilnecote"}},{"type":"Polygon","arcs":[[224,225,226]],"id":721,"properties":{"wd11cd":"E05007071","wd11nm":"Mercian"}},{"type":"Polygon","arcs":[[227,-117,228,229,230,231,232,-131,233,234,235,236]],"id":729,"properties":{"wd11cd":"E05007058","wd11nm":"Horton"}},{"type":"Polygon","arcs":[[237,-128,238,239,240]],"id":740,"properties":{"wd11cd":"E05007045","wd11nm":"Biddulph West"}},{"type":"Polygon","arcs":[[241,242,243,244,245,246]],"id":748,"properties":{"wd11cd":"E05001260","wd11nm":"Abbey"}},{"type":"Polygon","arcs":[[247,248,249,250,251]],"id":749,"properties":{"wd11cd":"E05008750","wd11nm":"Weston Coyney"}},{"type":"Polygon","arcs":[[252,253,254,-26,255]],"id":759,"properties":{"wd11cd":"E05001247","wd11nm":"Kingswinford North and Wall Heath"}},{"type":"Polygon","arcs":[[256,257,258,259]],"id":760,"properties":{"wd11cd":"E05008746","wd11nm":"Sandford Hill"}},{"type":"Polygon","arcs":[[260,261,262,263,264,265,266]],"id":767,"properties":{"wd11cd":"E05008733","wd11nm":"Hanford and Trentham"}},{"type":"Polygon","arcs":[[267,268,269,270,271]],"id":770,"properties":{"wd11cd":"E05001847","wd11nm":"Bromyard"}},{"type":"Polygon","arcs":[[272,273,274,275,276]],"id":777,"properties":{"wd11cd":"E05008193","wd11nm":"Underdale"}},{"type":"Polygon","arcs":[[277,278,279,280]],"id":807,"properties":{"wd11cd":"E05007473","wd11nm":"Water Orton"}},{"type":"Polygon","arcs":[[281,282,283,284,285,286]],"id":814,"properties":{"wd11cd":"E05007460","wd11nm":"Atherstone South and Mancetter"}},{"type":"Polygon","arcs":[[287,288,289,290,291,292,293,294,295,296]],"id":815,"properties":{"wd11cd":"E05001284","wd11nm":"Bickenhill"}},{"type":"Polygon","arcs":[[297,298,299,300,301,302,-289,303]],"id":818,"properties":{"wd11cd":"E05001293","wd11nm":"Meriden"}},{"type":"Polygon","arcs":[[304,305,306,307]],"id":830,"properties":{"wd11cd":"E05001280","wd11nm":"Tividale"}},{"type":"Polygon","arcs":[[308,309,310,311,312]],"id":838,"properties":{"wd11cd":"E05001267","wd11nm":"Great Bridge"}},{"type":"Polygon","arcs":[[313,314,315,316,317,318,319]],"id":961,"properties":{"wd11cd":"E05006952","wd11nm":"Highfield"}},{"type":"Polygon","arcs":[[320,-149,-136,321,-138,322,323]],"id":964,"properties":{"wd11cd":"E05006961","wd11nm":"Stowe"}},{"type":"Polygon","arcs":[[324,325,326,327,328,329]],"id":972,"properties":{"wd11cd":"E05006948","wd11nm":"Colton and Mavesyn Ridware"}},{"type":"Polygon","arcs":[[330,331,332,333,334,335,336,337]],"id":980,"properties":{"wd11cd":"E05006935","wd11nm":"Weaver"}},{"type":"Polygon","arcs":[[338,339,340,341,342]],"id":1012,"properties":{"wd11cd":"E05008590","wd11nm":"Stratford Avenue and New Town"}},{"type":"Polygon","arcs":[[343,344,345,346,347,348]],"id":1015,"properties":{"wd11cd":"E05008591","wd11nm":"Tredington"}},{"type":"Polygon","arcs":[[349,350,351,352,353,354,355]],"id":1018,"properties":{"wd11cd":"E05008592","wd11nm":"Vale of the Red Horse"}},{"type":"Polygon","arcs":[[356,357,358,359,360,361]],"id":1020,"properties":{"wd11cd":"E05008593","wd11nm":"Welford"}},{"type":"Polygon","arcs":[[362,363,-355,364,365,366,367]],"id":1022,"properties":{"wd11cd":"E05008594","wd11nm":"Wellesbourne"}},{"type":"Polygon","arcs":[[368,369,370,371,372,373]],"id":1044,"properties":{"wd11cd":"E05007557","wd11nm":"Warwick North"}},{"type":"Polygon","arcs":[[374,375,376,377]],"id":1051,"properties":{"wd11cd":"E05007544","wd11nm":"Brunswick"}},{"type":"Polygon","arcs":[[378,379,-341]],"id":1059,"properties":{"wd11cd":"E05007535","wd11nm":"Stratford Mount Pleasant"}},{"type":"Polygon","arcs":[[380,381,382,383,384,385,386]],"id":1140,"properties":{"wd11cd":"E05007481","wd11nm":"Exhall"}},{"type":"Polygon","arcs":[[387,388,389,390,391]],"id":1141,"properties":{"wd11cd":"E05001305","wd11nm":"Blakenall"}},{"type":"Polygon","arcs":[[392,393,394,395,-107,-222,396]],"id":1153,"properties":{"wd11cd":"E05007468","wd11nm":"Hurley and Wood End"}},{"type":"Polygon","arcs":[[397,398,399,400,401,402,403]],"id":1155,"properties":{"wd11cd":"E05001301","wd11nm":"Aldridge Central and South"}},{"type":"Polygon","arcs":[[-109,404,-395,405,406,407,-281,408,409,410]],"id":1164,"properties":{"wd11cd":"E05007464","wd11nm":"Curdworth"}},{"type":"Polygon","arcs":[[-8,411,412,413,414]],"id":1165,"properties":{"wd11cd":"E05001288","wd11nm":"Dorridge and Hockley Heath"}},{"type":"Polygon","arcs":[[415,416,417,418,419,420,-306]],"id":1172,"properties":{"wd11cd":"E05001275","wd11nm":"Rowley"}},{"type":"Polygon","arcs":[[421,-423,423,-10,424]],"id":1181,"properties":{"wd11cd":"E05007531","wd11nm":"Stockton and Napton"}},{"type":"Polygon","arcs":[[425,426,427,428]],"id":1183,"properties":{"wd11cd":"E05007001","wd11nm":"Pattingham and Patshull"}},{"type":"Polygon","arcs":[[429,430,431,432,433]],"id":1187,"properties":{"wd11cd":"E05007509","wd11nm":"Ryton-on-Dunsmore"}},{"type":"Polygon","arcs":[[434,435,436,-330,437,438,439]],"id":1194,"properties":{"wd11cd":"E05006919","wd11nm":"Bagots"}},{"type":"Polygon","arcs":[[440,-40,441,442]],"id":1203,"properties":{"wd11cd":"E05006906","wd11nm":"Cannock West"}},{"type":"Polygon","arcs":[[443,444,445,446,447,448]],"id":1215,"properties":{"wd11cd":"E05007474","wd11nm":"Abbey"}},{"type":"Polygon","arcs":[[449,450,451,452,453,454]],"id":1216,"properties":{"wd11cd":"E05001298","wd11nm":"Shirley West"}},{"type":"Polygon","arcs":[[455,456,-413,457,458,459,-451]],"id":1225,"properties":{"wd11cd":"E05001285","wd11nm":"Blythe"}},{"type":"Polygon","arcs":[[460,461,-285,462,-393,463,464,465,466]],"id":1226,"properties":{"wd11cd":"E05007461","wd11nm":"Baddesley and Grendon"}},{"type":"Polygon","arcs":[[467,468,469,470,471,472]],"id":1241,"properties":{"wd11cd":"E05001281","wd11nm":"Wednesbury North"}},{"type":"Polygon","arcs":[[-68,473,-475,475,476,477]],"id":1251,"properties":{"wd11cd":"E05001865","wd11nm":"Llangarron"}},{"type":"Polygon","arcs":[[478,-75,479,-481,481,482,483,-268,484]],"id":1261,"properties":{"wd11cd":"E05001852","wd11nm":"Frome"}},{"type":"Polygon","arcs":[[485,-428,486,487,488,489,490,491,492,493]],"id":1267,"properties":{"wd11cd":"E05008198","wd11nm":"Worfield"}},{"type":"Polygon","arcs":[[494,495,496,497,498]],"id":1286,"properties":{"wd11cd":"E05008181","wd11nm":"Radbrook"}},{"type":"Polygon","arcs":[[499,500,501,502,503,504,505]],"id":1293,"properties":{"wd11cd":"E05008168","wd11nm":"Ludlow South"}},{"type":"Polygon","arcs":[[506,-166,507,508,509,510,511]],"id":1305,"properties":{"wd11cd":"E05008155","wd11nm":"Cleobury Mortimer"}},{"type":"Polygon","arcs":[[512,513,-497,514,515,516,517,518]],"id":1309,"properties":{"wd11cd":"E05008164","wd11nm":"Longden"}},{"type":"Polygon","arcs":[[519,520,521,-492,522,523,524,525,526]],"id":1318,"properties":{"wd11cd":"E05001897","wd11nm":"Ironbridge Gorge"}},{"type":"Polygon","arcs":[[527,528,529]],"id":1326,"properties":{"wd11cd":"E05001884","wd11nm":"Brookside"}},{"type":"Polygon","arcs":[[530,531,-70,532]],"id":1334,"properties":{"wd11cd":"E05001871","wd11nm":"Ross-on-Wye East"}},{"type":"Polygon","arcs":[[-482,-534,-535,535,-533,-69,-478,536,537,538]],"id":1343,"properties":{"wd11cd":"E05001867","wd11nm":"Old Gore"}},{"type":"Polygon","arcs":[[539,540,-88,541,542,543,544]],"id":1349,"properties":{"wd11cd":"E05001854","wd11nm":"Golden Valley North"}},{"type":"Polygon","arcs":[[545,546,547,548,549]],"id":1425,"properties":{"wd11cd":"E05007939","wd11nm":"Oldington and Foley Park"}},{"type":"Polygon","arcs":[[550,551,552,553,554,555]],"id":1437,"properties":{"wd11cd":"E05001240","wd11nm":"Castle and Priory"}},{"type":"Polygon","arcs":[[556,557,558,559,560]],"id":1442,"properties":{"wd11cd":"E05001227","wd11nm":"Radford"}},{"type":"Polygon","arcs":[[561,562,563,564,565]],"id":1445,"properties":{"wd11cd":"E05008726","wd11nm":"Eaton Park"}},{"type":"Polygon","arcs":[[566,567,568,569,570,571,572]],"id":1450,"properties":{"wd11cd":"E05001214","wd11nm":"Sutton Vesey"}},{"type":"Polygon","arcs":[[573,574,575,576]],"id":1454,"properties":{"wd11cd":"E05001223","wd11nm":"Henley"}},{"type":"Polygon","arcs":[[577,578,579,580,581,582]],"id":1466,"properties":{"wd11cd":"E05001210","wd11nm":"Stockland Green"}},{"type":"Polygon","arcs":[[-580,583,584,585,586,587,588,589,590,591,592]],"id":1474,"properties":{"wd11cd":"E05001197","wd11nm":"Nechells"}},{"type":"Polygon","arcs":[[593,594,595,596,597,598]],"id":1483,"properties":{"wd11cd":"E05001184","wd11nm":"Brandwood"}},{"type":"Polygon","arcs":[[-591,599,600,601]],"id":1486,"properties":{"wd11cd":"E05001193","wd11nm":"Ladywood"}},{"type":"Polygon","arcs":[[602,603,604,605,606,607]],"id":1498,"properties":{"wd11cd":"E05001180","wd11nm":"Bartley Green"}},{"type":"Polygon","arcs":[[608,609,610,611,612]],"id":1581,"properties":{"wd11cd":"E05001340","wd11nm":"Wednesfield South"}},{"type":"Polygon","arcs":[[613,614,615,616]],"id":1582,"properties":{"wd11cd":"E05006995","wd11nm":"Featherstone and Shareshill"}},{"type":"Polygon","arcs":[[617,618,619,620,621,622]],"id":1586,"properties":{"wd11cd":"E05001327","wd11nm":"Ettingshall"}},{"type":"Polygon","arcs":[[623,624,625,626,627,628]],"id":1587,"properties":{"wd11cd":"E05007503","wd11nm":"Lawford and King's Newnham"}},{"type":"Polygon","arcs":[[629,630,631,632]],"id":1589,"properties":{"wd11cd":"E05006982","wd11nm":"Silverdale and Parksite"}},{"type":"Polygon","arcs":[[633,634,-468,635,636]],"id":1593,"properties":{"wd11cd":"E05001314","wd11nm":"Pleck"}},{"type":"Polygon","arcs":[[637,638,639,640]],"id":1594,"properties":{"wd11cd":"E05007490","wd11nm":"Whitestone"}},{"type":"Polygon","arcs":[[641,642,643,644,645,646]],"id":1595,"properties":{"wd11cd":"E05006969","wd11nm":"Cross Heath"}},{"type":"Polygon","arcs":[[-621,647,648,649,650,651,652]],"id":1597,"properties":{"wd11cd":"E05001323","wd11nm":"Blakenhall"}},{"type":"Polygon","arcs":[[-127,653,654,655,-239]],"id":1599,"properties":{"wd11cd":"E05006978","wd11nm":"Newchapel"}},{"type":"Polygon","arcs":[[-447,656,657,658,659,660]],"id":1605,"properties":{"wd11cd":"E05007477","wd11nm":"Bar Pool"}},{"type":"Polygon","arcs":[[661,662,663,664]],"id":1608,"properties":{"wd11cd":"E05001310","wd11nm":"Paddock"}},{"type":"Polygon","arcs":[[665,666,-641,667,-444,668,669]],"id":1609,"properties":{"wd11cd":"E05007486","wd11nm":"St Nicolas"}},{"type":"Polygon","arcs":[[670,671,672,673,674,-647,675,676,677,678]],"id":1611,"properties":{"wd11cd":"E05006965","wd11nm":"Bradwell"}},{"type":"Polygon","arcs":[[-456,-450,679,680]],"id":1617,"properties":{"wd11cd":"E05001297","wd11nm":"Shirley South"}},{"type":"Polygon","arcs":[[681,682,683,684,-553]],"id":1621,"properties":{"wd11cd":"E05001254","wd11nm":"St James's"}},{"type":"Polygon","arcs":[[685,686,687,688,689]],"id":1624,"properties":{"wd11cd":"E05001263","wd11nm":"Charlemont with Grove Vale"}},{"type":"Polygon","arcs":[[-250,690,-257,691]],"id":1635,"properties":{"wd11cd":"E05008740","wd11nm":"Meir Hay"}},{"type":"Polygon","arcs":[[-420,692,693,694,-683,695]],"id":1637,"properties":{"wd11cd":"E05001250","wd11nm":"Netherton, Woodside and St Andrews"}},{"type":"Polygon","arcs":[[696,697,-672,698,699]],"id":1639,"properties":{"wd11cd":"E05008749","wd11nm":"Tunstall"}},{"type":"Polygon","arcs":[[700,701,702,703,-261,704,705]],"id":1646,"properties":{"wd11cd":"E05008736","wd11nm":"Hollybush and Longton West"}},{"type":"Polygon","arcs":[[706,707,708,709,710]],"id":1654,"properties":{"wd11cd":"E05008187","wd11nm":"Shawbury"}},{"type":"Polygon","arcs":[[711,712,713,714,715,716,717,718,719]],"id":1664,"properties":{"wd11cd":"E05008183","wd11nm":"St Martin's"}},{"type":"Polygon","arcs":[[720,721,722]],"id":1672,"properties":{"wd11cd":"E05008170","wd11nm":"Market Drayton West"}},{"type":"Polygon","arcs":[[723,724,-499,725,726]],"id":1679,"properties":{"wd11cd":"E05008157","wd11nm":"Copthorne"}},{"type":"Polygon","arcs":[[727,728,729,730,731,732]],"id":1687,"properties":{"wd11cd":"E05008153","wd11nm":"Church Stretton and Craven Arms"}},{"type":"Polygon","arcs":[[733,734,735]],"id":1696,"properties":{"wd11cd":"E05008140","wd11nm":"Battlefield"}},{"type":"Polygon","arcs":[[736,-377,737,738,739,740,-371]],"id":1830,"properties":{"wd11cd":"E05007558","wd11nm":"Warwick South"}},{"type":"Polygon","arcs":[[-373,741,-740,742,-367,743,744,745]],"id":1837,"properties":{"wd11cd":"E05007545","wd11nm":"Budbrooke"}},{"type":"Polygon","arcs":[[746,-425,-13,747,748,749]],"id":1847,"properties":{"wd11cd":"E05007525","wd11nm":"Long Itchington"}},{"type":"Polygon","arcs":[[750,751,752]],"id":1850,"properties":{"wd11cd":"E05007536","wd11nm":"Studley"}},{"type":"Polygon","arcs":[[753,-745,754,755,756,-5]],"id":1857,"properties":{"wd11cd":"E05007517","wd11nm":"Claverdon"}},{"type":"Polygon","arcs":[[757,758,759,760,761,762,763,-36,764,765]],"id":1864,"properties":{"wd11cd":"E05006914","wd11nm":"Norton Canes"}},{"type":"Polygon","arcs":[[-766,766,767,768]],"id":1873,"properties":{"wd11cd":"E05006910","wd11nm":"Heath Hayes East and Wimblebury"}},{"type":"Polygon","arcs":[[769,770,771,-530,772,773,774,775]],"id":1882,"properties":{"wd11cd":"E05001911","wd11nm":"The Nedge"}},{"type":"Polygon","arcs":[[776,777,778,779,780]],"id":1892,"properties":{"wd11cd":"E05001907","wd11nm":"Park"}},{"type":"Polygon","arcs":[[-47,781,-54,782,783,-58]],"id":1899,"properties":{"wd11cd":"E05001894","wd11nm":"Hadley and Leegomery"}},{"type":"Polygon","arcs":[[784,785,786,787,788,-540,789,790]],"id":1906,"properties":{"wd11cd":"E05001881","wd11nm":"Wormsley Ridge"}},{"type":"Polygon","arcs":[[791,792,793,794,795]],"id":1915,"properties":{"wd11cd":"E05001877","wd11nm":"Three Elms"}},{"type":"Polygon","arcs":[[796,797,798,799]],"id":1922,"properties":{"wd11cd":"E05001864","wd11nm":"Leominster South"}},{"type":"Polygon","arcs":[[800,-796,801,802,803,-788]],"id":1930,"properties":{"wd11cd":"E05001851","wd11nm":"Credenhill"}},{"type":"Polygon","arcs":[[804,805,806,807,808,809]],"id":1937,"properties":{"wd11cd":"E05008197","wd11nm":"Whittington"}},{"type":"Polygon","arcs":[[810,811,812,-97,813]],"id":1985,"properties":{"wd11cd":"E05007834","wd11nm":"Norton"}},{"type":"Polygon","arcs":[[814,815,816,817]],"id":2092,"properties":{"wd11cd":"E05007070","wd11nm":"Glascote"}},{"type":"Polygon","arcs":[[818,-338,819,820,821,-823]],"id":2099,"properties":{"wd11cd":"E05007057","wd11nm":"Hamps Valley"}},{"type":"Polygon","arcs":[[823,824,825,826,827,828,-120,829,-231]],"id":2107,"properties":{"wd11cd":"E05007053","wd11nm":"Cheddleton"}},{"type":"Polygon","arcs":[[-830,-105,830,831,832,-232]],"id":2116,"properties":{"wd11cd":"E05007040","wd11nm":"Bagnall and Stanley"}},{"type":"Polygon","arcs":[[-322,-135,833,-314,834,-139]],"id":2123,"properties":{"wd11cd":"E05006954","wd11nm":"Leomansley"}},{"type":"Polygon","arcs":[[-111,835,836,837]],"id":2131,"properties":{"wd11cd":"E05006950","wd11nm":"Fazeley"}},{"type":"Polygon","arcs":[[-157,838,839,-436,840]],"id":2140,"properties":{"wd11cd":"E05006937","wd11nm":"Yoxall"}},{"type":"Polygon","arcs":[[-842,842,-158,-841,-435,843,844]],"id":2147,"properties":{"wd11cd":"E05006924","wd11nm":"Crown"}},{"type":"Polygon","arcs":[[845,846,847,848,849,850,851]],"id":2196,"properties":{"wd11cd":"E05007934","wd11nm":"Greenhill"}},{"type":"Polygon","arcs":[[852,853,854,855]],"id":2203,"properties":{"wd11cd":"E05007921","wd11nm":"Ombersley"}},{"type":"Polygon","arcs":[[856,857,858,859,860,861,-208,862]],"id":2213,"properties":{"wd11cd":"E05007908","wd11nm":"Eckington"}},{"type":"Polygon","arcs":[[-199,863,864,865,866,-173,867,868,869,870,871,-217,872]],"id":2216,"properties":{"wd11cd":"E05007917","wd11nm":"Inkberrow"}},{"type":"Polygon","arcs":[[-871,873,874,875,876,877,878,879]],"id":2224,"properties":{"wd11cd":"E05007904","wd11nm":"Droitwich East"}},{"type":"Polygon","arcs":[[880,881,882,883]],"id":2231,"properties":{"wd11cd":"E05007891","wd11nm":"St Stephen"}},{"type":"Polygon","arcs":[[884,885,886,-195,887,888]],"id":2241,"properties":{"wd11cd":"E05007878","wd11nm":"West"}},{"type":"Polygon","arcs":[[889,890,891,892,-881,893]],"id":2243,"properties":{"wd11cd":"E05007887","wd11nm":"Rainbow Hill"}},{"type":"Polygon","arcs":[[894,-751,895,896,897]],"id":2252,"properties":{"wd11cd":"E05007874","wd11nm":"Greenlands"}},{"type":"Polygon","arcs":[[-862,898,899,900,-209]],"id":2259,"properties":{"wd11cd":"E05007861","wd11nm":"Ripple"}},{"type":"Polygon","arcs":[[901,902,-192,903,904,905,906]],"id":2269,"properties":{"wd11cd":"E05007848","wd11nm":"Broadheath"}},{"type":"Polygon","arcs":[[907,908,-206,909]],"id":2273,"properties":{"wd11cd":"E05007857","wd11nm":"Morton"}},{"type":"Polygon","arcs":[[-99,910,911,-219,912,913,914,915,916]],"id":2279,"properties":{"wd11cd":"E05007844","wd11nm":"Woodvale"}},{"type":"Polygon","arcs":[[-412,-7,917,918,919,920,-458]],"id":2480,"properties":{"wd11cd":"E05007951","wd11nm":"Tanworth"}},{"type":"Polygon","arcs":[[-342,-380,921,-360,922,923,924,925]],"id":2490,"properties":{"wd11cd":"E05007944","wd11nm":"Bardon"}},{"type":"Polygon","arcs":[[926,927,928,929]],"id":2492,"properties":{"wd11cd":"E05001236","wd11nm":"Amblecote"}},{"type":"Polygon","arcs":[[930,931,932,933,-300,934]],"id":2498,"properties":{"wd11cd":"E05001232","wd11nm":"Westwood"}},{"type":"Polygon","arcs":[[-249,935,936,937,938,-701,939,-258,-691]],"id":2499,"properties":{"wd11cd":"E05008722","wd11nm":"Broadway and Longton East"}},{"type":"Polygon","arcs":[[940,941,942,943]],"id":2506,"properties":{"wd11cd":"E05001219","wd11nm":"Binley and Willenhall"}},{"type":"Polygon","arcs":[[944,945,946,-703]],"id":2507,"properties":{"wd11cd":"E05008718","wd11nm":"Blurton East"}},{"type":"Polygon","arcs":[[947,948,949,950,951,952,-588,953,954]],"id":2513,"properties":{"wd11cd":"E05001206","wd11nm":"South Yardley"}},{"type":"Polygon","arcs":[[955,956,957,-604,958,959]],"id":2522,"properties":{"wd11cd":"E05001202","wd11nm":"Selly Oak"}},{"type":"Polygon","arcs":[[960,-959,-603,961,-242,962,963]],"id":2530,"properties":{"wd11cd":"E05001189","wd11nm":"Harborne"}},{"type":"Polygon","arcs":[[964,965,966,-648,-620]],"id":2582,"properties":{"wd11cd":"E05001336","wd11nm":"Spring Vale"}},{"type":"Polygon","arcs":[[967,968,969]],"id":2583,"properties":{"wd11cd":"E05006991","wd11nm":"Cheslyn Hay South"}},{"type":"Polygon","arcs":[[-627,970,-434,971,-941,972,973]],"id":2587,"properties":{"wd11cd":"E05007499","wd11nm":"Earl Craven and Wolston"}},{"type":"Polygon","arcs":[[974,975,976,977,978]],"id":2588,"properties":{"wd11cd":"E05001332","wd11nm":"Oxley"}},{"type":"Polygon","arcs":[[979,980,-642,-675,981,982]],"id":2590,"properties":{"wd11cd":"E05006987","wd11nm":"Wolstanton"}},{"type":"Polygon","arcs":[[983,984]],"id":2594,"properties":{"wd11cd":"E05007495","wd11nm":"Brownsover North"}},{"type":"Polygon","arcs":[[985,986,987,988]],"id":2595,"properties":{"wd11cd":"E05001319","wd11nm":"Willenhall North"}},{"type":"Polygon","arcs":[[-645,989,990,-630,991,992]],"id":2597,"properties":{"wd11cd":"E05006974","wd11nm":"Knutton and Silverdale"}},{"type":"Polygon","arcs":[[993,-391,994,995,996]],"id":2601,"properties":{"wd11cd":"E05001306","wd11nm":"Bloxwich East"}},{"type":"Polygon","arcs":[[-660,997,998,999,1000]],"id":2602,"properties":{"wd11cd":"E05007482","wd11nm":"Galley Common"}},{"type":"Polygon","arcs":[[-396,-405,-108]],"id":2609,"properties":{"wd11cd":"E05007469","wd11nm":"Kingsbury"}},{"type":"Polygon","arcs":[[1001,1002,-403,1003,1004,1005]],"id":2610,"properties":{"wd11cd":"E05001302","wd11nm":"Aldridge North and Walsall Wood"}},{"type":"Polygon","arcs":[[-464,-397,-221,1006,1007,1008]],"id":2617,"properties":{"wd11cd":"E05007465","wd11nm":"Dordon"}},{"type":"Polygon","arcs":[[-292,1009,1010,1011]],"id":2618,"properties":{"wd11cd":"E05001289","wd11nm":"Elmdon"}},{"type":"Polygon","arcs":[[1012,1013,1014,1015,1016,1017,1018]],"id":2626,"properties":{"wd11cd":"E05001276","wd11nm":"St Pauls"}},{"type":"Polygon","arcs":[[-244,1019,1020,1021,1022]],"id":2634,"properties":{"wd11cd":"E05001272","wd11nm":"Old Warley"}},{"type":"Polygon","arcs":[[1023,1024,1025,-15,1026]],"id":2642,"properties":{"wd11cd":"E05001259","wd11nm":"Wordsley"}},{"type":"Polygon","arcs":[[1027,1028,1029,-89,1030]],"id":2650,"properties":{"wd11cd":"E05001246","wd11nm":"Hayley Green and Cradley South"}},{"type":"Polygon","arcs":[[1031,1032,1033,1034,1035,1036]],"id":2651,"properties":{"wd11cd":"E05008745","wd11nm":"Penkhull and Stoke"}},{"type":"Polygon","arcs":[[-126,1037,1038,1039,1040,-700,1041,1042,-654]],"id":2658,"properties":{"wd11cd":"E05008732","wd11nm":"Great Chell and Packmoor"}},{"type":"Polygon","arcs":[[1043,1044,-485,-272,1045,1046,1047]],"id":2661,"properties":{"wd11cd":"E05001846","wd11nm":"Bringsty"}},{"type":"Polygon","arcs":[[1048,-709,1049,1050,-810,1051,-715,1052,-713,1053]],"id":2667,"properties":{"wd11cd":"E05008192","wd11nm":"The Meres"}},{"type":"Polygon","arcs":[[1054,-722,1055,1056,1057,1058,1059]],"id":2675,"properties":{"wd11cd":"E05008179","wd11nm":"Prees"}},{"type":"Polygon","arcs":[[1060,-504]],"id":2683,"properties":{"wd11cd":"E05008166","wd11nm":"Ludlow East"}},{"type":"Polygon","arcs":[[1061,1062,-711,1063,-1057]],"id":2691,"properties":{"wd11cd":"E05008162","wd11nm":"Hodnet"}},{"type":"Polygon","arcs":[[1064,1065,1066,-733,1067,1068,-517,1069]],"id":2699,"properties":{"wd11cd":"E05008149","wd11nm":"Burnell"}},{"type":"Polygon","arcs":[[1070,1071,1072,1073,1074,-274]],"id":2707,"properties":{"wd11cd":"E05008136","wd11nm":"Abbey"}},{"type":"Polygon","arcs":[[1075,-749,1076,1077,1078,1079,1080]],"id":2787,"properties":{"wd11cd":"E05007554","wd11nm":"Radford Semele"}},{"type":"Polygon","arcs":[[1081,1082,1083,1084,-374,-746,-754,-4,1085,-302]],"id":2794,"properties":{"wd11cd":"E05007550","wd11nm":"Leek Wootton"}},{"type":"Polygon","arcs":[[-65,1086,1087,1088,1089]],"id":2808,"properties":{"wd11cd":"E05001903","wd11nm":"Newport East"}},{"type":"Polygon","arcs":[[1090,-781,1091,1092]],"id":2816,"properties":{"wd11cd":"E05001890","wd11nm":"Dothill"}},{"type":"Polygon","arcs":[[-783,-53,1093,1094,-777,-1091,1095]],"id":2824,"properties":{"wd11cd":"E05001886","wd11nm":"College"}},{"type":"Polygon","arcs":[[1096,1097,1098,1099,1100]],"id":2832,"properties":{"wd11cd":"E05001873","wd11nm":"St Martins and Hinton"}},{"type":"Polygon","arcs":[[-67,-532,1101,1102,1103,1104,-1106,-474]],"id":2839,"properties":{"wd11cd":"E05001860","wd11nm":"Kerne Bridge"}},{"type":"Polygon","arcs":[[-484,1106,1107,1108,1109,-269]],"id":2849,"properties":{"wd11cd":"E05001856","wd11nm":"Hagley"}},{"type":"Polygon","arcs":[[1110,1111,1112,1113,1114,1115,1116]],"id":2861,"properties":{"wd11cd":"E05007830","wd11nm":"Hillside"}},{"type":"Polygon","arcs":[[1117,1118,-215,1119,1120,1121]],"id":2868,"properties":{"wd11cd":"E05007826","wd11nm":"Charford"}},{"type":"Polygon","arcs":[[1122,1123,-818,1124,1125]],"id":2947,"properties":{"wd11cd":"E05007066","wd11nm":"Amington"}},{"type":"Polygon","arcs":[[-824,-230,1126,-115,1127]],"id":2955,"properties":{"wd11cd":"E05007062","wd11nm":"Leek South"}},{"type":"Polygon","arcs":[[1128,1129,1130]],"id":2964,"properties":{"wd11cd":"E05007049","wd11nm":"Cheadle North East"}},{"type":"Polygon","arcs":[[1131,1132,-132,-150,-321,1133,1134]],"id":2971,"properties":{"wd11cd":"E05006963","wd11nm":"Whittington"}},{"type":"Polygon","arcs":[[-834,-134,1135,1136,1137,1138,1139,-315]],"id":2979,"properties":{"wd11cd":"E05006959","wd11nm":"Shenstone"}},{"type":"Polygon","arcs":[[1140,1141,1142,1143]],"id":2988,"properties":{"wd11cd":"E05006946","wd11nm":"Chase Terrace"}},{"type":"Polygon","arcs":[[1144,1145,1146]],"id":2995,"properties":{"wd11cd":"E05006933","wd11nm":"Town"}},{"type":"Polygon","arcs":[[1147,-147,1148,-1150]],"id":3003,"properties":{"wd11cd":"E05006929","wd11nm":"Rolleston on Dove"}},{"type":"Polygon","arcs":[[-92,1150,-914,1151,1152,1153,1154,1155,-852,1156,1157,1158,-19]],"id":3011,"properties":{"wd11cd":"E05007930","wd11nm":"Blakedown and Chaddesley"}},{"type":"Polygon","arcs":[[1159,1160,1161,1162,1163,1164,-869]],"id":3018,"properties":{"wd11cd":"E05007926","wd11nm":"Upton Snodsbury"}},{"type":"Polygon","arcs":[[1165,1166,-176,1167]],"id":3026,"properties":{"wd11cd":"E05007913","wd11nm":"Great Hampton"}},{"type":"Polygon","arcs":[[-186,1168,-1170,1170,1171,1172]],"id":3032,"properties":{"wd11cd":"E05007900","wd11nm":"Broadway and Wickhamford"}},{"type":"Polygon","arcs":[[-1173,1173,1174,1175,-187]],"id":3040,"properties":{"wd11cd":"E05007896","wd11nm":"Bengeworth"}},{"type":"Polygon","arcs":[[-892,1176,1177,-194,1178,1179,1180]],"id":3046,"properties":{"wd11cd":"E05007883","wd11nm":"Cathedral"}},{"type":"Polygon","arcs":[[1181,1182,-889,1183]],"id":3053,"properties":{"wd11cd":"E05007870","wd11nm":"Batchley & Brockhill"}},{"type":"Polygon","arcs":[[1184,1185,-202,-72,1186]],"id":3061,"properties":{"wd11cd":"E05007866","wd11nm":"West"}},{"type":"Polygon","arcs":[[1187,1188,1189,1190,1191,-509]],"id":3067,"properties":{"wd11cd":"E05007853","wd11nm":"Lindridge"}},{"type":"Polygon","arcs":[[1192,-1184,-888,-200,-873,-216,-1119,1193,1194,-1112,1195]],"id":3074,"properties":{"wd11cd":"E05007840","wd11nm":"Tardebigge"}},{"type":"Polygon","arcs":[[-165,1196,1197,-1188,-508]],"id":3224,"properties":{"wd11cd":"E05007940","wd11nm":"Rock"}},{"type":"Polygon","arcs":[[1198,1199,-556,1200,1201,-966,1202]],"id":3226,"properties":{"wd11cd":"E05001241","wd11nm":"Coseley East"}},{"type":"Polygon","arcs":[[1203,1204,1205,1206,1207,-559,1208]],"id":3232,"properties":{"wd11cd":"E05001228","wd11nm":"St Michael's"}},{"type":"Polygon","arcs":[[1209,1210,1211,1212,-980,1213,1214,1215]],"id":3234,"properties":{"wd11cd":"E05008727","wd11nm":"Etruria and Hanley"}},{"type":"Polygon","arcs":[[1216,1217,-584,-579,1218,1219]],"id":3239,"properties":{"wd11cd":"E05001215","wd11nm":"Tyburn"}},{"type":"Polygon","arcs":[[-104,1220,-566,1221,1222,-831]],"id":3242,"properties":{"wd11cd":"E05008714","wd11nm":"Abbey Hulton and Townsend"}},{"type":"Polygon","arcs":[[1223,1224,-573,1225,1226,-1137]],"id":3248,"properties":{"wd11cd":"E05001211","wd11nm":"Sutton Four Oaks"}},{"type":"Polygon","arcs":[[1227,1228,-1117,1229,1230,1231]],"id":3256,"properties":{"wd11cd":"E05001198","wd11nm":"Northfield"}},{"type":"Polygon","arcs":[[-590,1232,1233,-960,-961,1234,-600]],"id":3263,"properties":{"wd11cd":"E05001185","wd11nm":"Edgbaston"}},{"type":"Polygon","arcs":[[1235,-453,1236,-594,1237,1238]],"id":3272,"properties":{"wd11cd":"E05001181","wd11nm":"Billesley"}},{"type":"Polygon","arcs":[[1239,-763,1240,1241,-968]],"id":3316,"properties":{"wd11cd":"E05006996","wd11nm":"Great Wyrley Landywood"}},{"type":"Polygon","arcs":[[1242,1243,1244,1245,1246]],"id":3321,"properties":{"wd11cd":"E05001328","wd11nm":"Fallings Park"}},{"type":"Polygon","arcs":[[-1248,-1249,-422,-747,1249,-1251]],"id":3322,"properties":{"wd11cd":"E05007504","wd11nm":"Leam Valley"}},{"type":"Polygon","arcs":[[1251,-678,1252,1253,1254,1255]],"id":3323,"properties":{"wd11cd":"E05006983","wd11nm":"Talke"}},{"type":"Polygon","arcs":[[-402,1256,-388,1257,-1004]],"id":3330,"properties":{"wd11cd":"E05001315","wd11nm":"Rushall-Shelfield"}},{"type":"Polygon","arcs":[[1258,1259,-625,1260]],"id":3331,"properties":{"wd11cd":"E05007491","wd11nm":"Admirals"}},{"type":"Polygon","arcs":[[1261,1262,1263,-992,-633,1264,1265,1266,-1268]],"id":3334,"properties":{"wd11cd":"E05006970","wd11nm":"Halmerend"}},{"type":"Polygon","arcs":[[1268,1269,-387,1270,1271]],"id":3343,"properties":{"wd11cd":"E05007478","wd11nm":"Bede"}},{"type":"Polygon","arcs":[[-664,1272,1273,-635,1274]],"id":3345,"properties":{"wd11cd":"E05001311","wd11nm":"Palfrey"}},{"type":"Polygon","arcs":[[1275,1276,-1256,1277,1278]],"id":3348,"properties":{"wd11cd":"E05006966","wd11nm":"Butt Lane"}},{"type":"Polygon","arcs":[[1279,-1018,1280,-309,1281]],"id":3351,"properties":{"wd11cd":"E05001268","wd11nm":"Greets Green and Lyng"}},{"type":"Polygon","arcs":[[-307,-421,-696,-682,-552,1282]],"id":3360,"properties":{"wd11cd":"E05001255","wd11nm":"St Thomas's"}},{"type":"Polygon","arcs":[[1283,1284,1285,1286,-936,-248]],"id":3368,"properties":{"wd11cd":"E05008741","wd11nm":"Meir North"}},{"type":"Polygon","arcs":[[1287,-93,-17,1288]],"id":3369,"properties":{"wd11cd":"E05001251","wd11nm":"Norton"}},{"type":"Polygon","arcs":[[-564,1289,1290,-1210,1291]],"id":3376,"properties":{"wd11cd":"E05008737","wd11nm":"Joiner's Square"}},{"type":"Polygon","arcs":[[-1108,1292,1293,1294,-793,1295]],"id":3379,"properties":{"wd11cd":"E05001842","wd11nm":"Aylestone"}},{"type":"Polygon","arcs":[[1296,1297,-770,1298,-41,-57]],"id":3387,"properties":{"wd11cd":"E05008188","wd11nm":"Shifnal North"}},{"type":"Polygon","arcs":[[1299,1300,1301,1302,-808]],"id":3397,"properties":{"wd11cd":"E05008175","wd11nm":"Oswestry East"}},{"type":"Polygon","arcs":[[1303,1304,1305,1306,-1300,-807]],"id":3402,"properties":{"wd11cd":"E05008184","wd11nm":"St Oswald"}},{"type":"Polygon","arcs":[[1307,1308,1309,-515,-496]],"id":3410,"properties":{"wd11cd":"E05008171","wd11nm":"Meole"}},{"type":"Polygon","arcs":[[1310,1311,-511,1312,1313,-728,-1067]],"id":3418,"properties":{"wd11cd":"E05008158","wd11nm":"Corvedale"}},{"type":"Polygon","arcs":[[-489,1314,1315,1316,1317,1318]],"id":3430,"properties":{"wd11cd":"E05008145","wd11nm":"Bridgnorth East and Astley Abbotts"}},{"type":"Polygon","arcs":[[-1192,1319,1320,-506,1321,-1313,-510]],"id":3434,"properties":{"wd11cd":"E05008154","wd11nm":"Clee"}},{"type":"Polygon","arcs":[[1322,1323,-1070,-516,-1310,1324,-1073]],"id":3442,"properties":{"wd11cd":"E05008141","wd11nm":"Bayston Hill, Column and Sutton"}},{"type":"Polygon","arcs":[[-741,-742,-372]],"id":3524,"properties":{"wd11cd":"E05007559","wd11nm":"Warwick West"}},{"type":"Polygon","arcs":[[-1080,1325,1326,1327,1328,1329]],"id":3530,"properties":{"wd11cd":"E05007546","wd11nm":"Clarendon"}},{"type":"Polygon","arcs":[[1330,1331,-348,1332,1333,-357]],"id":3537,"properties":{"wd11cd":"E05007526","wd11nm":"Quinton"}},{"type":"Polygon","arcs":[[-1335,1335,1336,1337,1338,1339,-11,-424]],"id":3544,"properties":{"wd11cd":"E05007519","wd11nm":"Fenny Compton"}},{"type":"Polygon","arcs":[[1340,-1144,-758,-769,1341,1342,1343,1344]],"id":3552,"properties":{"wd11cd":"E05006915","wd11nm":"Rawnsley"}},{"type":"Polygon","arcs":[[1345,1346,1347,1348,1349,-327]],"id":3563,"properties":{"wd11cd":"E05006902","wd11nm":"Brereton and Ravenhill"}},{"type":"Polygon","arcs":[[1350,1351,1352,1353,1354]],"id":3566,"properties":{"wd11cd":"E05006911","wd11nm":"Hednesford Green Heath"}},{"type":"Polygon","arcs":[[-520,1355,1356,1357]],"id":3577,"properties":{"wd11cd":"E05001912","wd11nm":"Woodside"}},{"type":"Polygon","arcs":[[-51,-775,1358,1359,1360,1361]],"id":3585,"properties":{"wd11cd":"E05001899","wd11nm":"Lawley and Overdale"}},{"type":"Polygon","arcs":[[-42,-1299,-776,-50,1362,-45]],"id":3590,"properties":{"wd11cd":"E05001908","wd11nm":"Priorslee"}},{"type":"Polygon","arcs":[[-1095,1363,1364,1365,-778]],"id":3601,"properties":{"wd11cd":"E05001895","wd11nm":"Haygate"}},{"type":"Polygon","arcs":[[-784,-1096,-1093,1366,1367,-59]],"id":3610,"properties":{"wd11cd":"E05001882","wd11nm":"Apley Castle"}},{"type":"Polygon","arcs":[[-1369,1369,1370,-1372,-1373,-1102,-531,-536]],"id":3619,"properties":{"wd11cd":"E05001869","wd11nm":"Penyard"}},{"type":"Polygon","arcs":[[1373,-1097,1374,-1294,1375]],"id":3622,"properties":{"wd11cd":"E05001878","wd11nm":"Tupsley"}},{"type":"Polygon","arcs":[[1376,-1122,1377,1378,-812,1379]],"id":3629,"properties":{"wd11cd":"E05007835","wd11nm":"St Johns"}},{"type":"Polygon","arcs":[[-337,1380,1381,-1131,1382,-827,1383,-820]],"id":3731,"properties":{"wd11cd":"E05007054","wd11nm":"Churnet"}},{"type":"Polygon","arcs":[[1384,-129,-238,1385]],"id":3740,"properties":{"wd11cd":"E05007041","wd11nm":"Biddulph East"}},{"type":"Polygon","arcs":[[-1227,1386,-398,1387,-1138]],"id":3748,"properties":{"wd11cd":"E05006955","wd11nm":"Little Aston"}},{"type":"Polygon","arcs":[[-319,1388,-1141,-1341,1389]],"id":3760,"properties":{"wd11cd":"E05006942","wd11nm":"Boney Hay"}},{"type":"Polygon","arcs":[[-1140,1390,-1002,1391,1392,-122,1393,-316]],"id":3764,"properties":{"wd11cd":"E05006951","wd11nm":"Hammerwich"}},{"type":"Polygon","arcs":[[-1394,-121,1394,-317]],"id":3773,"properties":{"wd11cd":"E05006938","wd11nm":"All Saints"}},{"type":"Polygon","arcs":[[1395,1396,1397,-144]],"id":3780,"properties":{"wd11cd":"E05006925","wd11nm":"Eton Park"}},{"type":"Polygon","arcs":[[-849,1398,1399,1400]],"id":3799,"properties":{"wd11cd":"E05007935","wd11nm":"Habberley and Blakebrook"}},{"type":"Polygon","arcs":[[-178,1401,-857,1402,1403]],"id":3808,"properties":{"wd11cd":"E05007922","wd11nm":"Pershore"}},{"type":"Polygon","arcs":[[-1167,1404,1405,-1171,-1407,1407,-858,-1402,-177]],"id":3819,"properties":{"wd11cd":"E05007909","wd11nm":"Elmley Castle and Somerville"}},{"type":"Polygon","arcs":[[-875,1408,1409,1410]],"id":3830,"properties":{"wd11cd":"E05007905","wd11nm":"Droitwich South East"}},{"type":"Polygon","arcs":[[1411,1412,-894,-884,1413,1414]],"id":3839,"properties":{"wd11cd":"E05007892","wd11nm":"Warndon"}},{"type":"Polygon","arcs":[[1415,1416,1417,1418,1419]],"id":3850,"properties":{"wd11cd":"E05007879","wd11nm":"Winyates"}},{"type":"Polygon","arcs":[[-897,1420,-197,1421,-886,1422]],"id":3861,"properties":{"wd11cd":"E05007875","wd11nm":"Headless Cross and Oakenshaw"}},{"type":"Polygon","arcs":[[1423,1424,-1048,1425,-1190]],"id":3867,"properties":{"wd11cd":"E05007862","wd11nm":"Teme Valley"}},{"type":"Polygon","arcs":[[1426,-204,1427,1428,1429]],"id":3874,"properties":{"wd11cd":"E05007849","wd11nm":"Chase"}},{"type":"Polygon","arcs":[[-459,-921,1430,1431,1432]],"id":3881,"properties":{"wd11cd":"E05007845","wd11nm":"Wythall South"}},{"type":"Polygon","arcs":[[-1339,1433,-1435,-350,1435,1436]],"id":4047,"properties":{"wd11cd":"E05007945","wd11nm":"Burton Dassett"}},{"type":"Polygon","arcs":[[1437,-1028,1438,1439,1440,1441]],"id":4049,"properties":{"wd11cd":"E05001237","wd11nm":"Belle Vale"}},{"type":"Polygon","arcs":[[1442,1443,-557,1444,-383]],"id":4055,"properties":{"wd11cd":"E05001224","wd11nm":"Holbrook"}},{"type":"Polygon","arcs":[[1445,1446,-1214,-983,1447,-673,-698,1448]],"id":4056,"properties":{"wd11cd":"E05008723","wd11nm":"Burslem Central"}},{"type":"Polygon","arcs":[[1449,1450,1451,1452]],"id":4058,"properties":{"wd11cd":"E05001233","wd11nm":"Whoberley"}},{"type":"Polygon","arcs":[[1453,-942,-972,-433,1454,1455,1456,-1206]],"id":4068,"properties":{"wd11cd":"E05001220","wd11nm":"Cheylesmore"}},{"type":"Polygon","arcs":[[1457,-262,-704,-947]],"id":4072,"properties":{"wd11cd":"E05008719","wd11nm":"Blurton West and Newstead"}},{"type":"Polygon","arcs":[[-953,1458,1459,-1233,-589]],"id":4078,"properties":{"wd11cd":"E05001207","wd11nm":"Sparkbrook"}},{"type":"Polygon","arcs":[[1460,-1230,-1116,1461,1462,1463]],"id":4086,"properties":{"wd11cd":"E05001194","wd11nm":"Longbridge"}},{"type":"Polygon","arcs":[[1464,1465,-294,1466,1467,1468,1469]],"id":4090,"properties":{"wd11cd":"E05001203","wd11nm":"Shard End"}},{"type":"Polygon","arcs":[[1470,-1469,1471,1472,-585,-1218]],"id":4100,"properties":{"wd11cd":"E05001190","wd11nm":"Hodge Hill"}},{"type":"Polygon","arcs":[[1473,1474,1475,1476,1477,1478,-978]],"id":4146,"properties":{"wd11cd":"E05001337","wd11nm":"Tettenhall Regis"}},{"type":"Polygon","arcs":[[1479,1480,1481,1482]],"id":4147,"properties":{"wd11cd":"E05006992","wd11nm":"Codsall North"}},{"type":"Polygon","arcs":[[1483,1484,-30,1485,1486]],"id":4151,"properties":{"wd11cd":"E05007500","wd11nm":"Eastlands"}},{"type":"Polygon","arcs":[[1487,-1246,1488,-975,1489,1490,-615]],"id":4152,"properties":{"wd11cd":"E05001324","wd11nm":"Bushbury North"}},{"type":"Polygon","arcs":[[-1448,-982,-674]],"id":4154,"properties":{"wd11cd":"E05006979","wd11nm":"Porthill"}},{"type":"Polygon","arcs":[[1491,1492,1493,-1475,1494]],"id":4155,"properties":{"wd11cd":"E05001333","wd11nm":"Park"}},{"type":"Polygon","arcs":[[-1490,-979,1495,-1480,1496]],"id":4157,"properties":{"wd11cd":"E05006988","wd11nm":"Bilbrook"}},{"type":"Polygon","arcs":[[-1271,1497,1498,1499,1500]],"id":4162,"properties":{"wd11cd":"E05007487","wd11nm":"Slough"}},{"type":"Polygon","arcs":[[1501,1502,1503,1504,1505,1506,-610]],"id":4164,"properties":{"wd11cd":"E05001320","wd11nm":"Willenhall South"}},{"type":"Polygon","arcs":[[-984,1507,1508,1509,1510]],"id":4166,"properties":{"wd11cd":"E05007496","wd11nm":"Brownsover South"}},{"type":"Polygon","arcs":[[1511,1512,1513,1514,1515,1516,1517,1518,1519]],"id":4167,"properties":{"wd11cd":"E05006975","wd11nm":"Loggerheads and Whitmore"}},{"type":"Polygon","arcs":[[1520,-986,1521,-996]],"id":4173,"properties":{"wd11cd":"E05001307","wd11nm":"Bloxwich West"}},{"type":"Polygon","arcs":[[-386,1522,-1498]],"id":4174,"properties":{"wd11cd":"E05007483","wd11nm":"Heath"}},{"type":"Polygon","arcs":[[1523,1524,1525,1526,1527,-950,1528]],"id":4181,"properties":{"wd11cd":"E05001294","wd11nm":"Olton"}},{"type":"Polygon","arcs":[[1529,-466,1530,1531,1532,-1123,1533,1534,1535]],"id":4182,"properties":{"wd11cd":"E05007470","wd11nm":"Newton Regis and Warton"}},{"type":"Polygon","arcs":[[-636,-473,1536,-1503,1537,1538]],"id":4185,"properties":{"wd11cd":"E05001303","wd11nm":"Bentley and Darlaston North"}},{"type":"Polygon","arcs":[[1539,-999,1540,1541,-406,-394,-463,-284]],"id":4194,"properties":{"wd11cd":"E05007457","wd11nm":"Arley and Whitacre"}},{"type":"Polygon","arcs":[[1542,-295,-1466,1543]],"id":4195,"properties":{"wd11cd":"E05001290","wd11nm":"Kingshurst and Fordbridge"}},{"type":"Polygon","arcs":[[-1542,1544,-1499,-1523,-385,1545,-304,-288,1546,1547,-407]],"id":4197,"properties":{"wd11cd":"E05007466","wd11nm":"Fillongley"}},{"type":"Polygon","arcs":[[1548,-246,1549,-1015]],"id":4206,"properties":{"wd11cd":"E05001277","wd11nm":"Smethwick"}},{"type":"Polygon","arcs":[[-1440,1550,1551,-418,1552]],"id":4213,"properties":{"wd11cd":"E05001264","wd11nm":"Cradley Heath and Old Hill"}},{"type":"Polygon","arcs":[[-1281,-1017,1553,-308,-1283,1554,-310]],"id":4217,"properties":{"wd11cd":"E05001273","wd11nm":"Oldbury"}},{"type":"Polygon","arcs":[[1555,-275,-1075,1556,1557,-724,1558,1559]],"id":4227,"properties":{"wd11cd":"E05008180","wd11nm":"Quarry and Coton Hill"}},{"type":"Polygon","arcs":[[-1322,-505,-1061,-503,1560,-729,-1314]],"id":4235,"properties":{"wd11cd":"E05008167","wd11nm":"Ludlow North"}},{"type":"Polygon","arcs":[[-806,1561,1562,-1564,1564,1565,1566,-1304]],"id":4244,"properties":{"wd11cd":"E05008163","wd11nm":"Llanymynech"}},{"type":"Polygon","arcs":[[-276,-1556,1567,1568]],"id":4252,"properties":{"wd11cd":"E05008150","wd11nm":"Castlefields and Ditherington"}},{"type":"Polygon","arcs":[[-1482,1569,1570,-429,-486,1571,1572]],"id":4258,"properties":{"wd11cd":"E05008137","wd11nm":"Albrighton"}},{"type":"Polygon","arcs":[[1573,-1083,1574,-2]],"id":4384,"properties":{"wd11cd":"E05007555","wd11nm":"St John's"}},{"type":"Polygon","arcs":[[1575,-3,-1575,-1082,-301,-934]],"id":4394,"properties":{"wd11cd":"E05007542","wd11nm":"Abbey"}},{"type":"Polygon","arcs":[[1576,-1328,1577,1578]],"id":4398,"properties":{"wd11cd":"E05007551","wd11nm":"Manor"}},{"type":"Polygon","arcs":[[1579,-1331,-362,1580,-339,1581]],"id":4404,"properties":{"wd11cd":"E05007532","wd11nm":"Stratford Alveston"}},{"type":"Polygon","arcs":[[1582,-1584,1584,1585,-638,-667,1586]],"id":4411,"properties":{"wd11cd":"E05007510","wd11nm":"Wolvey"}},{"type":"Polygon","arcs":[[1587,-32,-1589,-152,1589]],"id":4419,"properties":{"wd11cd":"E05006920","wd11nm":"Branston"}},{"type":"Polygon","arcs":[[1590,-1348,1591,-1344,1592,1593,1594,1595,1596]],"id":4427,"properties":{"wd11cd":"E05006907","wd11nm":"Etching Hill and The Heath"}},{"type":"Polygon","arcs":[[-1089,1597,-62,1598,1599]],"id":4444,"properties":{"wd11cd":"E05001904","wd11nm":"Newport North"}},{"type":"Polygon","arcs":[[1600,1601,-1599,-61,1602,1603]],"id":4452,"properties":{"wd11cd":"E05001891","wd11nm":"Edgmond"}},{"type":"Polygon","arcs":[[1604,-493,-522,1605,-528,-772]],"id":4462,"properties":{"wd11cd":"E05001887","wd11nm":"Cuckoo Oak"}},{"type":"Polygon","arcs":[[1606,-1100,1607,-802,-795]],"id":4469,"properties":{"wd11cd":"E05001874","wd11nm":"St Nicholas"}},{"type":"Polygon","arcs":[[1608,1609,-80]],"id":4477,"properties":{"wd11cd":"E05001861","wd11nm":"Kington Town"}},{"type":"Polygon","arcs":[[-1046,-271,1610,-785,1611,-797,1612,1613]],"id":4486,"properties":{"wd11cd":"E05001857","wd11nm":"Hampton Court"}},{"type":"Polygon","arcs":[[-460,-1433,1614,-595,-1237,-452]],"id":4528,"properties":{"wd11cd":"E05007831","wd11nm":"Hollywood and Majors Green"}},{"type":"Polygon","arcs":[[-1615,-1432,1615,1616,-596]],"id":4543,"properties":{"wd11cd":"E05007827","wd11nm":"Drakes Cross and Walkers Heath"}},{"type":"Polygon","arcs":[[-816,-223,-113,1617,1618]],"id":4635,"properties":{"wd11cd":"E05007067","wd11nm":"Belgrave"}},{"type":"Polygon","arcs":[[-1127,-229,-116]],"id":4644,"properties":{"wd11cd":"E05007063","wd11nm":"Leek West"}},{"type":"Polygon","arcs":[[1619,1620,1621,-1129,-1382]],"id":4652,"properties":{"wd11cd":"E05007050","wd11nm":"Cheadle South East"}},{"type":"Polygon","arcs":[[-1254,1622,-1262,-1624,1624]],"id":4659,"properties":{"wd11cd":"E05006964","wd11nm":"Audley and Bignall End"}},{"type":"Polygon","arcs":[[-1388,-404,-1003,-1391,-1139]],"id":4668,"properties":{"wd11cd":"E05006960","wd11nm":"Stonnall"}},{"type":"Polygon","arcs":[[1625,-123,-1393,1626,-759,-1143]],"id":4676,"properties":{"wd11cd":"E05006947","wd11nm":"Chasetown"}},{"type":"Polygon","arcs":[[1627,-1629,-1149,-146,1629,1630,-1590,-151,-843,-1632]],"id":4683,"properties":{"wd11cd":"E05006934","wd11nm":"Tutbury and Outwoods"}},{"type":"Polygon","arcs":[[1632,-33,-1588,-1631,1633,-1397]],"id":4691,"properties":{"wd11cd":"E05006930","wd11nm":"Shobnall"}},{"type":"Polygon","arcs":[[-1157,-851,1634,1635]],"id":4729,"properties":{"wd11cd":"E05007931","wd11nm":"Broadwaters"}},{"type":"Polygon","arcs":[[-1405,-1166,1636,-1175,1637]],"id":4740,"properties":{"wd11cd":"E05007918","wd11nm":"Little Hampton"}},{"type":"Polygon","arcs":[[1638,-1155,1639,1640,-546,1641,-847]],"id":4744,"properties":{"wd11cd":"E05007927","wd11nm":"Aggborough and Spennells"}},{"type":"Polygon","arcs":[[1642,-856,1643,1644,-1640,-1154]],"id":4750,"properties":{"wd11cd":"E05007914","wd11nm":"Hartlebury"}},{"type":"Polygon","arcs":[[-218,-872,-880,1645,-1152,-913]],"id":4757,"properties":{"wd11cd":"E05007901","wd11nm":"Dodderhill"}},{"type":"Polygon","arcs":[[1646,-1180,1647,-902,1648,1649]],"id":4768,"properties":{"wd11cd":"E05007888","wd11nm":"St Clement"}},{"type":"Polygon","arcs":[[-1165,1650,1651,-1409,-874,-870]],"id":4771,"properties":{"wd11cd":"E05007897","wd11nm":"Bowbrook"}},{"type":"Polygon","arcs":[[-1414,-883,1652,-1650,1653,1654]],"id":4779,"properties":{"wd11cd":"E05007884","wd11nm":"Claines"}},{"type":"Polygon","arcs":[[1655,1656,-1423,-885,-1183]],"id":4786,"properties":{"wd11cd":"E05007871","wd11nm":"Central"}},{"type":"Polygon","arcs":[[1657,-1429,1658,1659]],"id":4796,"properties":{"wd11cd":"E05007858","wd11nm":"Pickersleigh"}},{"type":"Polygon","arcs":[[1660,1661,-1424,-1189,-1198]],"id":4800,"properties":{"wd11cd":"E05007867","wd11nm":"Woodbury"}},{"type":"Polygon","arcs":[[1662,-1660,1663,-1185,1664,1665]],"id":4807,"properties":{"wd11cd":"E05007854","wd11nm":"Link"}},{"type":"Polygon","arcs":[[-606,1666,-1464,1667,-916,1668,-90,-1030,1669]],"id":4813,"properties":{"wd11cd":"E05007841","wd11nm":"Uffdown"}},{"type":"Polygon","arcs":[[1670,-1594,1671,1672,1673,1674,1675,1676,1677,1678]],"id":4871,"properties":{"wd11cd":"E05007002","wd11nm":"Penkridge North East and Acton Trussell"}},{"type":"Polygon","arcs":[[1679,1680,1681,1682,-1673]],"id":4872,"properties":{"wd11cd":"E05007003","wd11nm":"Penkridge South East"}},{"type":"Polygon","arcs":[[-1683,1683,1684,-1674]],"id":4873,"properties":{"wd11cd":"E05007004","wd11nm":"Penkridge West"}},{"type":"Polygon","arcs":[[-1478,1685,1686,1687,1688,1689,1690,-426,-1571,1691]],"id":4874,"properties":{"wd11cd":"E05007005","wd11nm":"Perton Dippons"}},{"type":"Polygon","arcs":[[1692,-1688,1693,-1686,-1477]],"id":4875,"properties":{"wd11cd":"E05007006","wd11nm":"Perton East"}},{"type":"Polygon","arcs":[[-1694,-1687]],"id":4876,"properties":{"wd11cd":"E05007007","wd11nm":"Perton Lakeside"}},{"type":"Polygon","arcs":[[1694,1695,1696,-24,1697,-487,-427,-1691]],"id":4877,"properties":{"wd11cd":"E05007008","wd11nm":"Trysull and Seisdon"}},{"type":"Polygon","arcs":[[1698,-1684,-1682,1699,1700,-1297,-56,1701]],"id":4878,"properties":{"wd11cd":"E05007009","wd11nm":"Wheaton Aston, Bishopswood and Lapley"}},{"type":"Polygon","arcs":[[-848,-1642,-550,1702,-1399]],"id":4978,"properties":{"wd11cd":"E05007941","wd11nm":"Sutton Park"}},{"type":"Polygon","arcs":[[-1439,-1031,-95,1703,1704,1705,-1551]],"id":4980,"properties":{"wd11cd":"E05001242","wd11nm":"Cradley and Wollescote"}},{"type":"Polygon","arcs":[[-560,-1208,-1450,1706]],"id":4986,"properties":{"wd11cd":"E05001229","wd11nm":"Sherbourne"}},{"type":"Polygon","arcs":[[-259,-940,-706,1707,1708]],"id":4988,"properties":{"wd11cd":"E05008728","wd11nm":"Fenton East"}},{"type":"Polygon","arcs":[[1709,1710,-586,-1473]],"id":4994,"properties":{"wd11cd":"E05001216","wd11nm":"Washwood Heath"}},{"type":"Polygon","arcs":[[1711,-832,-1223,1712,1713,1714,1715,-1039]],"id":4996,"properties":{"wd11cd":"E05008715","wd11nm":"Baddeley, Milton and Norton"}},{"type":"Polygon","arcs":[[-280,1716,-1220,1717,-568,1718,-409]],"id":5003,"properties":{"wd11cd":"E05001212","wd11nm":"Sutton New Hall"}},{"type":"Polygon","arcs":[[1719,-582,1720,1721,1722,1723,-571]],"id":5010,"properties":{"wd11cd":"E05001199","wd11nm":"Oscott"}},{"type":"Polygon","arcs":[[-1718,-1219,-578,1724,-569]],"id":5017,"properties":{"wd11cd":"E05001186","wd11nm":"Erdington"}},{"type":"Polygon","arcs":[[-954,-587,-1711,1725]],"id":5026,"properties":{"wd11cd":"E05001182","wd11nm":"Bordesley Green"}},{"type":"Polygon","arcs":[[-1240,-970,1726,-37,-764]],"id":5061,"properties":{"wd11cd":"E05006997","wd11nm":"Great Wyrley Town"}},{"type":"Polygon","arcs":[[1727,1728,1729,-1261,-624,1730,1731]],"id":5065,"properties":{"wd11cd":"E05007505","wd11nm":"New Bilton"}},{"type":"Polygon","arcs":[[1732,-652,1733,1734,-1492]],"id":5066,"properties":{"wd11cd":"E05001329","wd11nm":"Graiseley"}},{"type":"Polygon","arcs":[[1735,1736,-1512,1737,-631,-991]],"id":5067,"properties":{"wd11cd":"E05006984","wd11nm":"Thistleberry"}},{"type":"Polygon","arcs":[[1738,-665,-1275,-634,1739,-389,-1257,-401]],"id":5072,"properties":{"wd11cd":"E05001316","wd11nm":"St Matthew's"}},{"type":"Polygon","arcs":[[-1741,-1742,-1743,-1744,1744,-1484,1745,-1508,-985,-1511,1746,-1731,-629,1747,1748]],"id":5073,"properties":{"wd11cd":"E05007492","wd11nm":"Avon and Swift"}},{"type":"Polygon","arcs":[[-676,-646,-993,-1264,1749]],"id":5075,"properties":{"wd11cd":"E05006971","wd11nm":"Holditch"}},{"type":"Polygon","arcs":[[1750,1751,1752,-1269,1753,1754,-639,-1586]],"id":5080,"properties":{"wd11cd":"E05007479","wd11nm":"Bulkington"}},{"type":"Polygon","arcs":[[-1005,-1258,-392,-994,1755,-761,1756]],"id":5082,"properties":{"wd11cd":"E05001312","wd11nm":"Pelsall"}},{"type":"Polygon","arcs":[[-1750,-1263,-1623,-1253,-677]],"id":5084,"properties":{"wd11cd":"E05006967","wd11nm":"Chesterton"}},{"type":"Polygon","arcs":[[1757,-1500,-1545,1758,-658]],"id":5088,"properties":{"wd11cd":"E05007475","wd11nm":"Arbury"}},{"type":"Polygon","arcs":[[-1010,-291,1759,1760,-1524,1761]],"id":5089,"properties":{"wd11cd":"E05001299","wd11nm":"Silhill"}},{"type":"Polygon","arcs":[[1762,-1470,-1471,-1217,-1717]],"id":5096,"properties":{"wd11cd":"E05001286","wd11nm":"Castle Bromwich"}},{"type":"Polygon","arcs":[[-1548,1763,1764,1765,-278,-408]],"id":5097,"properties":{"wd11cd":"E05007462","wd11nm":"Coleshill North"}},{"type":"Polygon","arcs":[[1766,1767,1768,-1282,-313,1769,-470]],"id":5106,"properties":{"wd11cd":"E05001282","wd11nm":"Wednesbury South"}},{"type":"Polygon","arcs":[[1770,-1768,1771,-688]],"id":5112,"properties":{"wd11cd":"E05001269","wd11nm":"Hateley Heath"}},{"type":"Polygon","arcs":[[-967,-1202,1772,1773,1774,1775,-649]],"id":5120,"properties":{"wd11cd":"E05001256","wd11nm":"Sedgley"}},{"type":"Polygon","arcs":[[1776,1777,1778,-1286]],"id":5129,"properties":{"wd11cd":"E05008742","wd11nm":"Meir Park"}},{"type":"Polygon","arcs":[[-1704,-94,-1288,1779,1780]],"id":5130,"properties":{"wd11cd":"E05001252","wd11nm":"Pedmore and Stourbridge East"}},{"type":"Polygon","arcs":[[1781,1782,1783,-938]],"id":5137,"properties":{"wd11cd":"E05008738","wd11nm":"Lightwood North and Normacot"}},{"type":"Polygon","arcs":[[-539,1784,-1376,-1293,-1107,-483]],"id":5140,"properties":{"wd11cd":"E05001843","wd11nm":"Backbury"}},{"type":"Polygon","arcs":[[1785,-1572,-494,-1605,-771,-1298,-1701]],"id":5147,"properties":{"wd11cd":"E05008189","wd11nm":"Shifnal South and Cosford"}},{"type":"Polygon","arcs":[[-1307,1786,1787,-1301]],"id":5153,"properties":{"wd11cd":"E05008176","wd11nm":"Oswestry South"}},{"type":"Polygon","arcs":[[-518,-1069,1788,1789,1790]],"id":5163,"properties":{"wd11cd":"E05008172","wd11nm":"Rea Valley"}},{"type":"Polygon","arcs":[[-1053,-714]],"id":5171,"properties":{"wd11cd":"E05008159","wd11nm":"Ellesmere Urban"}},{"type":"Polygon","arcs":[[1791,-1317]],"id":5177,"properties":{"wd11cd":"E05008146","wd11nm":"Bridgnorth West and Tasley"}},{"type":"Polygon","arcs":[[-1325,-1309,1792,-1557,-1074]],"id":5187,"properties":{"wd11cd":"E05008142","wd11nm":"Belle Vue"}},{"type":"Polygon","arcs":[[1793,-1078,1794,1795,-738,-376]],"id":5267,"properties":{"wd11cd":"E05007560","wd11nm":"Whitnash"}},{"type":"Polygon","arcs":[[-1329,-1577,1796]],"id":5274,"properties":{"wd11cd":"E05007547","wd11nm":"Crown"}},{"type":"Polygon","arcs":[[1797,1798,1799,1800,-864,-198,-1421,-896,-753,1801,-1416,1802,-919]],"id":5280,"properties":{"wd11cd":"E05007527","wd11nm":"Sambourne"}},{"type":"Polygon","arcs":[[-12,-1340,-1437,1803,-363,1804,-1795,-1077,-748]],"id":5287,"properties":{"wd11cd":"E05007520","wd11nm":"Harbury"}},{"type":"Polygon","arcs":[[-328,-1350,1805,-1597,1806]],"id":5294,"properties":{"wd11cd":"E05006916","wd11nm":"Western Springs"}},{"type":"Polygon","arcs":[[1807,1808,-35,-441,1809,-1352]],"id":5302,"properties":{"wd11cd":"E05006903","wd11nm":"Cannock East"}},{"type":"Polygon","arcs":[[1810,-779,-1366,1811,1812,-1361,1813,-526,1814,1815,1816]],"id":5313,"properties":{"wd11cd":"E05001913","wd11nm":"Wrockwardine"}},{"type":"Polygon","arcs":[[-1606,-521,-1358,1817]],"id":5320,"properties":{"wd11cd":"E05001900","wd11nm":"Madeley"}},{"type":"Polygon","arcs":[[-1360,1818,1819,-1356,-527,-1814]],"id":5330,"properties":{"wd11cd":"E05001896","wd11nm":"Horsehay and Lightmoor"}},{"type":"Polygon","arcs":[[-52,-1362,-1813,1820,-1364,-1094]],"id":5337,"properties":{"wd11cd":"E05001883","wd11nm":"Arleston"}},{"type":"Polygon","arcs":[[-537,-477,1821,-1823,1823,1824]],"id":5344,"properties":{"wd11cd":"E05001870","wd11nm":"Pontrilas"}},{"type":"Polygon","arcs":[[-1561,-502,1825,-83,1826,-1828,1828,-730]],"id":5354,"properties":{"wd11cd":"E05001866","wd11nm":"Mortimer"}},{"type":"Polygon","arcs":[[1829,1830,-798,-1612,-791,1831,-78]],"id":5360,"properties":{"wd11cd":"E05001853","wd11nm":"Golden Cross with Weobley"}},{"type":"Polygon","arcs":[[-813,-1379,1832,-911,-98]],"id":5374,"properties":{"wd11cd":"E05007836","wd11nm":"Sidemoor"}},{"type":"Polygon","arcs":[[-1616,-1431,-920,-1803,1833,1834,-1196,-1111,-1229,1835]],"id":5382,"properties":{"wd11cd":"E05007823","wd11nm":"Alvechurch"}},{"type":"Polygon","arcs":[[-1126,1836,-225,1837,-1534]],"id":5429,"properties":{"wd11cd":"E05007072","wd11nm":"Spital"}},{"type":"Polygon","arcs":[[1838,-821,-1384,-826,1839,1840]],"id":5436,"properties":{"wd11cd":"E05007059","wd11nm":"Ipstones"}},{"type":"Polygon","arcs":[[-833,-1712,-1038,-125,-233]],"id":5444,"properties":{"wd11cd":"E05007046","wd11nm":"Brown Edge and Endon"}},{"type":"Polygon","arcs":[[-234,-130,-1385,1841]],"id":5453,"properties":{"wd11cd":"E05007042","wd11nm":"Biddulph Moor"}},{"type":"Polygon","arcs":[[1842,-140,-835,-320,-1390,-1345,-1592,-1347,1843]],"id":5461,"properties":{"wd11cd":"E05006956","wd11nm":"Longdon"}},{"type":"Polygon","arcs":[[1844,-836,-110,-411,1845,-1224,-1136,-133,-1133]],"id":5468,"properties":{"wd11cd":"E05006943","wd11nm":"Bourne Vale"}},{"type":"Polygon","arcs":[[-156,1846,-1135,1847,-839]],"id":5477,"properties":{"wd11cd":"E05006939","wd11nm":"Alrewas and Fradley"}},{"type":"Polygon","arcs":[[1848,-1147,1849]],"id":5484,"properties":{"wd11cd":"E05006926","wd11nm":"Heath"}},{"type":"Polygon","arcs":[[-548,1850,-161,1851]],"id":5492,"properties":{"wd11cd":"E05007936","wd11nm":"Lickhill"}},{"type":"Polygon","arcs":[[-868,-179,-1404,1852,-1160]],"id":5500,"properties":{"wd11cd":"E05007923","wd11nm":"Pinvin"}},{"type":"Polygon","arcs":[[-183,-188,-1176,-1637,-1168,-175,1853]],"id":5506,"properties":{"wd11cd":"E05007910","wd11nm":"Evesham North"}},{"type":"Polygon","arcs":[[-1411,1854,1855,1856,-876]],"id":5513,"properties":{"wd11cd":"E05007906","wd11nm":"Droitwich South West"}},{"type":"Polygon","arcs":[[1857,-1651,-1164,1858,1859,-1412]],"id":5521,"properties":{"wd11cd":"E05007893","wd11nm":"Warndon Parish North"}},{"type":"Polygon","arcs":[[-882,-893,-1181,-1647,-1653]],"id":5527,"properties":{"wd11cd":"E05007880","wd11nm":"Arboretum"}},{"type":"Polygon","arcs":[[1860,-898,-1657,1861,-1418]],"id":5535,"properties":{"wd11cd":"E05007876","wd11nm":"Lodge Park"}},{"type":"Polygon","arcs":[[-1191,-1426,-1047,-1614,1862,-1320]],"id":5542,"properties":{"wd11cd":"E05007863","wd11nm":"Tenbury"}},{"type":"Polygon","arcs":[[-1665,-1187,-71,1863]],"id":5548,"properties":{"wd11cd":"E05007850","wd11nm":"Dyson Perrins"}},{"type":"Polygon","arcs":[[-905,1864,-1666,-1864,-76,-479,-1045,1865]],"id":5555,"properties":{"wd11cd":"E05007846","wd11nm":"Alfrick and Leigh"}},{"type":"Polygon","arcs":[[-6,-757,1866,-1798,-918]],"id":5705,"properties":{"wd11cd":"E05007947","wd11nm":"Henley"}},{"type":"Polygon","arcs":[[1867,-930,1868,-1025,1869,-694]],"id":5707,"properties":{"wd11cd":"E05001238","wd11nm":"Brierley Hill"}},{"type":"Polygon","arcs":[[1870,-577,1871,1872,-1443,-382,1873,-1752]],"id":5712,"properties":{"wd11cd":"E05001225","wd11nm":"Longford"}},{"type":"Polygon","arcs":[[1874,1875,-1446,1876,1877]],"id":5715,"properties":{"wd11cd":"E05008724","wd11nm":"Burslem Park"}},{"type":"Polygon","arcs":[[-1207,-1457,1878,-931,-1451]],"id":5722,"properties":{"wd11cd":"E05001221","wd11nm":"Earlsdon"}},{"type":"Polygon","arcs":[[-952,1879,1880,-1239,1881,-1459]],"id":5728,"properties":{"wd11cd":"E05001208","wd11nm":"Springfield"}},{"type":"Polygon","arcs":[[1882,1883,1884,1885]],"id":5736,"properties":{"wd11cd":"E05001195","wd11nm":"Lozells and East Handsworth"}},{"type":"Polygon","arcs":[[-1617,-1836,-1228,1886,-597]],"id":5746,"properties":{"wd11cd":"E05001191","wd11nm":"Kings Norton"}},{"type":"Polygon","arcs":[[-1528,1887,-1880,-951]],"id":5752,"properties":{"wd11cd":"E05001178","wd11nm":"Acocks Green"}},{"type":"Polygon","arcs":[[-1494,1888,1889,-1689,-1693,-1476]],"id":5797,"properties":{"wd11cd":"E05001338","wd11nm":"Tettenhall Wightwick"}},{"type":"Polygon","arcs":[[-1496,-1479,-1692,-1570,-1481]],"id":5798,"properties":{"wd11cd":"E05006993","wd11nm":"Codsall South"}},{"type":"Polygon","arcs":[[1890,1891,-650,-1776,1892,1893,1894,-1695,-1690,-1890]],"id":5802,"properties":{"wd11cd":"E05007010","wd11nm":"Wombourne North and Lower Penn"}},{"type":"Polygon","arcs":[[-1245,1895,1896,-976,-1489]],"id":5803,"properties":{"wd11cd":"E05001325","wd11nm":"Bushbury South and Low Hill"}},{"type":"Polygon","arcs":[[-1898,-1748,-628,-974,1898,-574,-1871,-1751,-1585,-1900]],"id":5804,"properties":{"wd11cd":"E05007501","wd11nm":"Fosse"}},{"type":"Polygon","arcs":[[1900,-1894,1901]],"id":5805,"properties":{"wd11cd":"E05007011","wd11nm":"Wombourne South East"}},{"type":"Polygon","arcs":[[1902,-679,-1252,-1277,1903]],"id":5806,"properties":{"wd11cd":"E05006980","wd11nm":"Ravenscliffe"}},{"type":"Polygon","arcs":[[-1901,1904,-1696,-1895]],"id":5808,"properties":{"wd11cd":"E05007012","wd11nm":"Wombourne South West"}},{"type":"Polygon","arcs":[[-1783,1905,1906,1907,1908,1909,1910,1911,1912,-263,-1458,-946,1913]],"id":5810,"properties":{"wd11cd":"E05007013","wd11nm":"Barlaston and Oulton"}},{"type":"Polygon","arcs":[[1914,1915]],"id":5812,"properties":{"wd11cd":"E05007014","wd11nm":"Baswich"}},{"type":"Polygon","arcs":[[-439,1916,1917,1918,1919,1920]],"id":5814,"properties":{"wd11cd":"E05007015","wd11nm":"Chartley"}},{"type":"Polygon","arcs":[[-669,-449,1921,1922,1923]],"id":5815,"properties":{"wd11cd":"E05007488","wd11nm":"Weddington"}},{"type":"Polygon","arcs":[[-1675,-1685,-1699,1924,1925]],"id":5816,"properties":{"wd11cd":"E05007016","wd11nm":"Church Eaton"}},{"type":"Polygon","arcs":[[1926,1927,-1203,-965,-619,1928,-1505]],"id":5818,"properties":{"wd11cd":"E05001321","wd11nm":"Bilston East"}},{"type":"Polygon","arcs":[[1929,1930,1931,1932,1933,1934]],"id":5819,"properties":{"wd11cd":"E05007017","wd11nm":"Common"}},{"type":"Polygon","arcs":[[1935,-1519,1936,1937,-1266]],"id":5821,"properties":{"wd11cd":"E05006976","wd11nm":"Madeley"}},{"type":"Polygon","arcs":[[1938,1939,-1931,1940]],"id":5822,"properties":{"wd11cd":"E05007018","wd11nm":"Coton"}},{"type":"Polygon","arcs":[[1941,-1912,1942,1943,1944,-1601,1945,-1516]],"id":5824,"properties":{"wd11cd":"E05007019","wd11nm":"Eccleshall"}},{"type":"Polygon","arcs":[[-1392,-1006,-1757,-760,-1627]],"id":5827,"properties":{"wd11cd":"E05001308","wd11nm":"Brownhills"}},{"type":"Polygon","arcs":[[-1759,-1541,-998,-659]],"id":5828,"properties":{"wd11cd":"E05007484","wd11nm":"Kingswood"}},{"type":"Polygon","arcs":[[-1761,1946,-414,-457,-681,1947,-1525]],"id":5836,"properties":{"wd11cd":"E05001295","wd11nm":"St Alphege"}},{"type":"Polygon","arcs":[[-465,-1009,1948,-1531]],"id":5838,"properties":{"wd11cd":"E05007471","wd11nm":"Polesworth East"}},{"type":"Polygon","arcs":[[-286,-462,1949]],"id":5850,"properties":{"wd11cd":"E05007458","wd11nm":"Atherstone Central"}},{"type":"Polygon","arcs":[[-303,-1086,-9,-415,-1947,-1760,-290]],"id":5851,"properties":{"wd11cd":"E05001291","wd11nm":"Knowle"}},{"type":"Polygon","arcs":[[-963,-247,-1549,-1014,1950]],"id":5862,"properties":{"wd11cd":"E05001278","wd11nm":"Soho and Victoria"}},{"type":"Polygon","arcs":[[1951,-689,-1772,-1767,-469,-1274]],"id":5870,"properties":{"wd11cd":"E05001265","wd11nm":"Friar Park"}},{"type":"Polygon","arcs":[[1952,1953,-1441,-1553,-417]],"id":5878,"properties":{"wd11cd":"E05001261","wd11nm":"Blackheath"}},{"type":"Polygon","arcs":[[-1027,-14,-255,1954]],"id":5886,"properties":{"wd11cd":"E05001248","wd11nm":"Kingswinford South"}},{"type":"Polygon","arcs":[[1955,1956,1957,-1714]],"id":5887,"properties":{"wd11cd":"E05008747","wd11nm":"Sneyd Green"}},{"type":"Polygon","arcs":[[1958,-1032,1959,-1211,-1291]],"id":5894,"properties":{"wd11cd":"E05008734","wd11nm":"Hanley Park and Shelton"}},{"type":"Polygon","arcs":[[1960,-1109,-1296,-792,-801,-787]],"id":5900,"properties":{"wd11cd":"E05001848","wd11nm":"Burghill, Holmer and Lyde"}},{"type":"Polygon","arcs":[[-716,-1052,-809,-1303,1961,-1787,-1306,-1963,1963,-1965]],"id":5907,"properties":{"wd11cd":"E05008185","wd11nm":"Gobowen, Selattyn and Weston Rhyn"}},{"type":"Polygon","arcs":[[-1058,-1064,-710,-1049,-1966,-1967,1967]],"id":5910,"properties":{"wd11cd":"E05008194","wd11nm":"Wem"}},{"type":"Polygon","arcs":[[-1946,-1604,1968,-1062,-1056,-721,1969,-1517]],"id":5917,"properties":{"wd11cd":"E05008151","wd11nm":"Cheswardine"}},{"type":"Polygon","arcs":[[-1698,-23,-168,1970,1971,-1315,-488]],"id":5925,"properties":{"wd11cd":"E05008138","wd11nm":"Alveley and Claverley"}},{"type":"Polygon","arcs":[[-1940,1972,1973,1974,1975,1976,-1932]],"id":5988,"properties":{"wd11cd":"E05007020","wd11nm":"Forebridge"}},{"type":"Polygon","arcs":[[1977,1978,-1907,1979,-1778,1980]],"id":5991,"properties":{"wd11cd":"E05007021","wd11nm":"Fulford"}},{"type":"Polygon","arcs":[[1981,-1925,-1702,-66,-1090,-1600,-1602,-1945]],"id":5993,"properties":{"wd11cd":"E05007022","wd11nm":"Gnosall and Woodseaves"}},{"type":"Polygon","arcs":[[-438,-329,-1807,-1596,1982,-1917]],"id":5996,"properties":{"wd11cd":"E05007023","wd11nm":"Haywood and Hixon"}},{"type":"Polygon","arcs":[[1983,1984,1985]],"id":5998,"properties":{"wd11cd":"E05007024","wd11nm":"Highfields and Western Downs"}},{"type":"Polygon","arcs":[[1986,1987,-1934]],"id":6000,"properties":{"wd11cd":"E05007025","wd11nm":"Holmcroft"}},{"type":"Polygon","arcs":[[1988,-1973,-1939,1989]],"id":6002,"properties":{"wd11cd":"E05007026","wd11nm":"Littleworth"}},{"type":"Polygon","arcs":[[-1677,1990,-1984,1991,1992]],"id":6005,"properties":{"wd11cd":"E05007027","wd11nm":"Manor"}},{"type":"Polygon","arcs":[[-1983,-1595,-1671,1993,-1916,1994,-1990,-1941,-1930,1995,-1918]],"id":6006,"properties":{"wd11cd":"E05007028","wd11nm":"Milford"}},{"type":"Polygon","arcs":[[1996,1997,-1920,1998,-1943,-1911,1999,2000,2001,-1908,-1979]],"id":6009,"properties":{"wd11cd":"E05007029","wd11nm":"Milwich"}},{"type":"Polygon","arcs":[[-1455,-432,2002,-1084,-1574,-1,-1576,-933,2003]],"id":6051,"properties":{"wd11cd":"E05007556","wd11nm":"Stoneleigh"}},{"type":"Polygon","arcs":[[-1796,-1805,-368,-743,-739]],"id":6057,"properties":{"wd11cd":"E05007543","wd11nm":"Bishop's Tachbrook"}},{"type":"Polygon","arcs":[[-340,-1581,-361,-922,-379]],"id":6064,"properties":{"wd11cd":"E05007534","wd11nm":"Stratford Guild and Hathaway"}},{"type":"Polygon","arcs":[[-756,2004,-925,2005,-1799,-1867]],"id":6071,"properties":{"wd11cd":"E05007512","wd11nm":"Aston Cantlow"}},{"type":"Polygon","arcs":[[-1343,2006,-1355,2007,-1593]],"id":6082,"properties":{"wd11cd":"E05006912","wd11nm":"Hednesford North"}},{"type":"Polygon","arcs":[[-2009,2009,2010,2011]],"id":6086,"properties":{"wd11cd":"E05006921","wd11nm":"Brizlincote"}},{"type":"Polygon","arcs":[[-1349,-1591,-1806]],"id":6095,"properties":{"wd11cd":"E05006908","wd11nm":"Hagley"}},{"type":"Polygon","arcs":[[-1363,-49,2012]],"id":6106,"properties":{"wd11cd":"E05001909","wd11nm":"St Georges"}},{"type":"Polygon","arcs":[[-64,2013,-1087]],"id":6121,"properties":{"wd11cd":"E05001905","wd11nm":"Newport South"}},{"type":"Polygon","arcs":[[-1821,-1812,-1365]],"id":6128,"properties":{"wd11cd":"E05001892","wd11nm":"Ercall"}},{"type":"Polygon","arcs":[[-1863,-1613,-800,2014,2015,-500,-1321]],"id":6138,"properties":{"wd11cd":"E05001879","wd11nm":"Upton"}},{"type":"Polygon","arcs":[[-773,-529,-1818,-1357,-1820,2016]],"id":6139,"properties":{"wd11cd":"E05001888","wd11nm":"Dawley Magna"}},{"type":"Polygon","arcs":[[-804,2017,2018,2019,-84,-541,-789]],"id":6153,"properties":{"wd11cd":"E05001875","wd11nm":"Stoney Street"}},{"type":"Polygon","arcs":[[-201,-909,2020,-2022,-480,-74]],"id":6161,"properties":{"wd11cd":"E05001862","wd11nm":"Ledbury"}},{"type":"Polygon","arcs":[[-79,-1832,-790,-545,-2023,2023,-1609]],"id":6168,"properties":{"wd11cd":"E05001849","wd11nm":"Castle"}},{"type":"Polygon","arcs":[[-1785,-538,-1825,2024,-2019,2025,-1098,-1374]],"id":6171,"properties":{"wd11cd":"E05001858","wd11nm":"Hollington"}},{"type":"Polygon","arcs":[[2026,-2028,2028,2029]],"id":6181,"properties":{"wd11cd":"E05008195","wd11nm":"Whitchurch North"}},{"type":"Polygon","arcs":[[2030,-1678,-1993,2031,-1975]],"id":6200,"properties":{"wd11cd":"E05007030","wd11nm":"Penkside"}},{"type":"Polygon","arcs":[[-1195,2032,-1380,-811,2033,-1113]],"id":6202,"properties":{"wd11cd":"E05007832","wd11nm":"Linthurst"}},{"type":"Polygon","arcs":[[-1976,-2032,-1992,-1986,2034,2035]],"id":6203,"properties":{"wd11cd":"E05007031","wd11nm":"Rowley"}},{"type":"Polygon","arcs":[[2036,2037,-2001]],"id":6206,"properties":{"wd11cd":"E05007032","wd11nm":"St. Michael's"}},{"type":"Polygon","arcs":[[-1919,-1996,-1935,-1988,2038,-2035,-1985,-1991,-1676,-1926,-1982,-1944,-1999]],"id":6208,"properties":{"wd11cd":"E05007033","wd11nm":"Seighford"}},{"type":"Polygon","arcs":[[-2002,-2038,2039,-1909]],"id":6209,"properties":{"wd11cd":"E05007034","wd11nm":"Stonefield and Christchurch"}},{"type":"Polygon","arcs":[[-1913,-1942,-1515,2040,2041,-264]],"id":6212,"properties":{"wd11cd":"E05007035","wd11nm":"Swynnerton"}},{"type":"Polygon","arcs":[[-1933,-1977,-2036,-2039,-1987]],"id":6214,"properties":{"wd11cd":"E05007036","wd11nm":"Tillington"}},{"type":"Polygon","arcs":[[-2037,-2000,-1910,-2040]],"id":6217,"properties":{"wd11cd":"E05007037","wd11nm":"Walton"}},{"type":"Polygon","arcs":[[-817,-1619,2042,-1125]],"id":6314,"properties":{"wd11cd":"E05007068","wd11nm":"Bolehall"}},{"type":"Polygon","arcs":[[-2044,2044,-1841,2045,-118,-228,2046,2047,-2049]],"id":6327,"properties":{"wd11cd":"E05007055","wd11nm":"Dane"}},{"type":"Polygon","arcs":[[-822,-1839,-2045,-2050]],"id":6329,"properties":{"wd11cd":"E05007064","wd11nm":"Manifold"}},{"type":"Polygon","arcs":[[-1383,-1130,-1622,2050,2051,2052,-828]],"id":6339,"properties":{"wd11cd":"E05007051","wd11nm":"Cheadle West"}},{"type":"Polygon","arcs":[[-1915,-1994,-1679,-2031,-1974,-1989,-1995]],"id":6347,"properties":{"wd11cd":"E05007038","wd11nm":"Weeping Cross"}},{"type":"Polygon","arcs":[[-2054,2054,-2011,2055,-34,-1633,-1396,-143,-2057]],"id":6354,"properties":{"wd11cd":"E05006922","wd11nm":"Burton"}},{"type":"Polygon","arcs":[[-2058,2058,-2060,-31,-2056,-2010]],"id":6356,"properties":{"wd11cd":"E05006931","wd11nm":"Stapenhill"}},{"type":"Polygon","arcs":[[-1159,2060,-20]],"id":6376,"properties":{"wd11cd":"E05007932","wd11nm":"Cookley"}},{"type":"MultiPolygon","arcs":[[[2061,2062,-865,-1801]],[[2063]]],"id":6387,"properties":{"wd11cd":"E05008585","wd11nm":"Alcester"}},{"type":"Polygon","arcs":[[-879,2064,-1855,-1410,-1652,-1858,-1415,-1655,2065,-853,-1643,-1153,-1646]],"id":6388,"properties":{"wd11cd":"E05007919","wd11nm":"Lovett and North Claines"}},{"type":"Polygon","arcs":[[-923,-359,2066,-172,2067,-866,-2063,2068]],"id":6389,"properties":{"wd11cd":"E05008586","wd11nm":"Bidford and Salford"}},{"type":"Polygon","arcs":[[-365,-354,2069,-349,-1332,-1580,2070]],"id":6392,"properties":{"wd11cd":"E05008587","wd11nm":"Ettington"}},{"type":"Polygon","arcs":[[-1436,-356,-364,-1804]],"id":6394,"properties":{"wd11cd":"E05008588","wd11nm":"Kineton"}},{"type":"Polygon","arcs":[[-744,-366,-2071,-1582,-343,-926,-2005,-755]],"id":6396,"properties":{"wd11cd":"E05008589","wd11nm":"Snitterfield"}},{"type":"Polygon","arcs":[[-171,-184,-1854,-174,-867,-2068]],"id":6400,"properties":{"wd11cd":"E05007915","wd11nm":"Harvington and Norton"}},{"type":"Polygon","arcs":[[-1853,-1403,-863,-207,2071,-1161]],"id":6407,"properties":{"wd11cd":"E05007902","wd11nm":"Drakes Broughton"}},{"type":"Polygon","arcs":[[-1179,-193,-903,-1648]],"id":6419,"properties":{"wd11cd":"E05007889","wd11nm":"St John"}},{"type":"Polygon","arcs":[[2072,2073,-890,-1413,-1860]],"id":6431,"properties":{"wd11cd":"E05007885","wd11nm":"Gorse Hill"}},{"type":"Polygon","arcs":[[-1420,2074,-1834]],"id":6438,"properties":{"wd11cd":"E05007872","wd11nm":"Church Hill"}},{"type":"Polygon","arcs":[[-191,2075,-211,2076,-1430,-1658,-1663,-1865,-904]],"id":6444,"properties":{"wd11cd":"E05007859","wd11nm":"Powick"}},{"type":"Polygon","arcs":[[-900,-2078,-2079,-2080,-2081,-2082,-2083,-2021,-908,2083]],"id":6451,"properties":{"wd11cd":"E05007855","wd11nm":"Longdon"}},{"type":"Polygon","arcs":[[-1463,2084,-917,-1668]],"id":6458,"properties":{"wd11cd":"E05007842","wd11nm":"Waseley"}},{"type":"Polygon","arcs":[[-2061,-1158,-1636,2085,2086,-159,-21]],"id":6635,"properties":{"wd11cd":"E05007942","wd11nm":"Wolverley"}},{"type":"Polygon","arcs":[[-1452,-935,-299,2087]],"id":6637,"properties":{"wd11cd":"E05001234","wd11nm":"Woodlands"}},{"type":"Polygon","arcs":[[2088,-554,-685,2089,-253,2090,-1774]],"id":6638,"properties":{"wd11cd":"E05001243","wd11nm":"Gornal"}},{"type":"Polygon","arcs":[[-576,2091,2092,-1204,2093,-1872]],"id":6648,"properties":{"wd11cd":"E05001230","wd11nm":"Upper Stoke"}},{"type":"Polygon","arcs":[[2094,-267,2095,-1034]],"id":6650,"properties":{"wd11cd":"E05008720","wd11nm":"Boothen and Oak Hill"}},{"type":"Polygon","arcs":[[2096,-1708,-705,-2095,-1033,-1959,-1290,-563]],"id":6652,"properties":{"wd11cd":"E05008729","wd11nm":"Fenton West and Mount Pleasant"}},{"type":"Polygon","arcs":[[2097,-1231,-1461,-1667,-605,-958]],"id":6659,"properties":{"wd11cd":"E05001217","wd11nm":"Weoley"}},{"type":"Polygon","arcs":[[2098,-251,-692,-260,-1709,-2097,-562,-1221,-103]],"id":6660,"properties":{"wd11cd":"E05008716","wd11nm":"Bentilee and Ubberley"}},{"type":"Polygon","arcs":[[-293,-1012,2099,-948,2100,-1467]],"id":6667,"properties":{"wd11cd":"E05001204","wd11nm":"Sheldon"}},{"type":"Polygon","arcs":[[-1846,-410,-1719,-567,-1225]],"id":6668,"properties":{"wd11cd":"E05001213","wd11nm":"Sutton Trinity"}},{"type":"Polygon","arcs":[[-581,-593,2101,-1886,2102,2103,2104,-1721]],"id":6680,"properties":{"wd11cd":"E05001200","wd11nm":"Perry Barr"}},{"type":"Polygon","arcs":[[-1888,-1527,2105,-454,-1236,-1881]],"id":6691,"properties":{"wd11cd":"E05001187","wd11nm":"Hall Green"}},{"type":"Polygon","arcs":[[-598,-1887,-1232,-2098,-957,2106]],"id":6702,"properties":{"wd11cd":"E05001183","wd11nm":"Bournville"}},{"type":"Polygon","arcs":[[-651,-1892,2107,-1734]],"id":6779,"properties":{"wd11cd":"E05001334","wd11nm":"Penn"}},{"type":"Polygon","arcs":[[-1681,2108,2109,-616,-1491,-1497,-1483,-1573,-1786,-1700]],"id":6781,"properties":{"wd11cd":"E05006989","wd11nm":"Brewood and Coven"}},{"type":"Polygon","arcs":[[-2091,-256,-25,-1697,-1905,-1902,-1893,-1775]],"id":6783,"properties":{"wd11cd":"E05006998","wd11nm":"Himley and Swindon"}},{"type":"Polygon","arcs":[[2110,-1486,-29,-2112,2112,2113,2114,-1728,2115]],"id":6788,"properties":{"wd11cd":"E05007497","wd11nm":"Caldecott"}},{"type":"Polygon","arcs":[[-612,2116,2117,-1896,-1244,2118]],"id":6790,"properties":{"wd11cd":"E05001330","wd11nm":"Heath Town"}},{"type":"Polygon","arcs":[[-1510,2119,-2116,-1732,-1747]],"id":6791,"properties":{"wd11cd":"E05007506","wd11nm":"Newbold"}},{"type":"Polygon","arcs":[[2120,2121,-1036,2122,2123,2124,-1736,-990,-644]],"id":6793,"properties":{"wd11cd":"E05006985","wd11nm":"Town"}},{"type":"Polygon","arcs":[[-1746,-1487,-2111,-2120,-1509]],"id":6798,"properties":{"wd11cd":"E05007493","wd11nm":"Benn"}},{"type":"Polygon","arcs":[[-1538,-1502,-609,-987,2125]],"id":6799,"properties":{"wd11cd":"E05001317","wd11nm":"Short Heath"}},{"type":"Polygon","arcs":[[-632,-1738,-1520,-1936,-1265]],"id":6801,"properties":{"wd11cd":"E05006972","wd11nm":"Keele"}},{"type":"Polygon","arcs":[[-1922,-448,-661,-1001,2126]],"id":6806,"properties":{"wd11cd":"E05007480","wd11nm":"Camp Hill"}},{"type":"Polygon","arcs":[[-995,-390,-1740,-637,-1539,-2126,-1521]],"id":6807,"properties":{"wd11cd":"E05001304","wd11nm":"Birchills Leamore"}},{"type":"Polygon","arcs":[[2127,-1723,2128,-662,-1739,-400]],"id":6808,"properties":{"wd11cd":"E05001313","wd11nm":"Pheasey Park Farm"}},{"type":"Polygon","arcs":[[2129,-265,-2042,2130,2131,-2124]],"id":6811,"properties":{"wd11cd":"E05006968","wd11nm":"Clayton"}},{"type":"Polygon","arcs":[[-2133,-1923,-2127,-1000,-1540,-283,2133]],"id":6818,"properties":{"wd11cd":"E05007467","wd11nm":"Hartshill"}},{"type":"Polygon","arcs":[[-1766,2134,-1544,-1465,-1763,-279]],"id":6820,"properties":{"wd11cd":"E05001300","wd11nm":"Smith's Wood"}},{"type":"Polygon","arcs":[[-640,-1755,2135,-445,-668]],"id":6821,"properties":{"wd11cd":"E05007476","wd11nm":"Attleborough"}},{"type":"Polygon","arcs":[[-297,2136,-1764,-1547]],"id":6830,"properties":{"wd11cd":"E05007463","wd11nm":"Coleshill South"}},{"type":"Polygon","arcs":[[-2137,-296,-1543,-2135,-1765]],"id":6831,"properties":{"wd11cd":"E05001287","wd11nm":"Chelmsley Wood"}},{"type":"Polygon","arcs":[[-471,-1770,-312,2137,-1199,-1928,2138]],"id":6838,"properties":{"wd11cd":"E05001274","wd11nm":"Princes End"}},{"type":"Polygon","arcs":[[2139,2140,-1019,-1280,-1769,-1771,-687,2141]],"id":6841,"properties":{"wd11cd":"E05001283","wd11nm":"West Bromwich Central"}},{"type":"Polygon","arcs":[[-1554,2142,-1022,2143,-1953,-416,-305]],"id":6853,"properties":{"wd11cd":"E05001270","wd11nm":"Langley"}},{"type":"Polygon","arcs":[[-555,-2089,-1773,-1201]],"id":6863,"properties":{"wd11cd":"E05001257","wd11nm":"Upper Gornal and Woodsetton"}},{"type":"Polygon","arcs":[[-1021,2144,-1442,-1954,-2144]],"id":6870,"properties":{"wd11cd":"E05001244","wd11nm":"Halesowen North"}},{"type":"Polygon","arcs":[[-419,-1552,-1706,2145,-927,-1868,-693]],"id":6873,"properties":{"wd11cd":"E05001253","wd11nm":"Quarry Bank and Dudley Wood"}},{"type":"Polygon","arcs":[[-1287,-1779,-1980,-1906,-1782,-937]],"id":6874,"properties":{"wd11cd":"E05008743","wd11nm":"Meir South"}},{"type":"Polygon","arcs":[[-1958,2146,-1875,2147,-1715]],"id":6884,"properties":{"wd11cd":"E05008730","wd11nm":"Ford Green and Smallthorne"}},{"type":"Polygon","arcs":[[2148,-1877,-1449,-697,-1041]],"id":6887,"properties":{"wd11cd":"E05008739","wd11nm":"Little Chell and Stanfield"}},{"type":"Polygon","arcs":[[-2026,-2018,-803,-1608,-1099]],"id":6890,"properties":{"wd11cd":"E05001844","wd11nm":"Belmont"}},{"type":"Polygon","arcs":[[2149,2150,-277,-1569,2151,-734]],"id":6896,"properties":{"wd11cd":"E05008190","wd11nm":"Sundorne"}},{"type":"Polygon","arcs":[[-1302,-1788,-1962]],"id":6904,"properties":{"wd11cd":"E05008177","wd11nm":"Oswestry West"}},{"type":"Polygon","arcs":[[2152,-1071,-273,-2151]],"id":6912,"properties":{"wd11cd":"E05008173","wd11nm":"Monkmoor"}},{"type":"Polygon","arcs":[[-735,-2152,-1568,2153,2154]],"id":6920,"properties":{"wd11cd":"E05008160","wd11nm":"Harlescott"}},{"type":"Polygon","arcs":[[-491,2155,-523]],"id":6927,"properties":{"wd11cd":"E05008147","wd11nm":"Broseley"}},{"type":"Polygon","arcs":[[-1068,-732,2156,-2158,-2159,2159,-1789]],"id":6936,"properties":{"wd11cd":"E05008143","wd11nm":"Bishop's Castle"}},{"type":"Polygon","arcs":[[-1327,2160,-378,-737,-370,2161,-1578]],"id":7064,"properties":{"wd11cd":"E05007552","wd11nm":"Milverton"}},{"type":"Polygon","arcs":[[-1079,-1794,-375,-2161,-1326]],"id":7068,"properties":{"wd11cd":"E05007561","wd11nm":"Willes"}},{"type":"Polygon","arcs":[[2162,-1081,-1330,-1797,-1579,-2162,-369,-1085,-2003,-431]],"id":7074,"properties":{"wd11cd":"E05007548","wd11nm":"Cubbington"}},{"type":"Polygon","arcs":[[-345,2163]],"id":7082,"properties":{"wd11cd":"E05007528","wd11nm":"Shipston"}},{"type":"Polygon","arcs":[[-1354,2164,-442,-39,2165,-2109,-1680,-1672,-2008]],"id":7083,"properties":{"wd11cd":"E05006999","wd11nm":"Huntington and Hatherton"}},{"type":"Polygon","arcs":[[-2115,2166,-1729]],"id":7092,"properties":{"wd11cd":"E05007507","wd11nm":"Overslade"}},{"type":"Polygon","arcs":[[-2168,-2169,-2170,2170,2171]],"id":7095,"properties":{"wd11cd":"E05007524","wd11nm":"Long Compton"}},{"type":"Polygon","arcs":[[2172,2173,-1850,-1146,2174,-844,-440,-1921,-1998,2175,2176]],"id":7102,"properties":{"wd11cd":"E05006917","wd11nm":"Abbey"}},{"type":"Polygon","arcs":[[-1810,-443,-2165,-1353]],"id":7110,"properties":{"wd11cd":"E05006904","wd11nm":"Cannock North"}},{"type":"Polygon","arcs":[[-2013,-55,-782,-46]],"id":7121,"properties":{"wd11cd":"E05001914","wd11nm":"Wrockwardine Wood and Trench"}},{"type":"Polygon","arcs":[[-774,-2017,-1819,-1359]],"id":7129,"properties":{"wd11cd":"E05001901","wd11nm":"Malinslee"}},{"type":"Polygon","arcs":[[-915,-1151,-91,-1669]],"id":7179,"properties":{"wd11cd":"E05007828","wd11nm":"Furlongs"}},{"type":"Polygon","arcs":[[-2033,-1194,-1118,-1377]],"id":7182,"properties":{"wd11cd":"E05007837","wd11nm":"Slideslow"}},{"type":"Polygon","arcs":[[-1115,2177,-100,-2085,-1462]],"id":7189,"properties":{"wd11cd":"E05007824","wd11nm":"Beacon"}},{"type":"Polygon","arcs":[[-1533,2178,-1007,-224,-815,-1124]],"id":7289,"properties":{"wd11cd":"E05007073","wd11nm":"Stonydelph"}},{"type":"Polygon","arcs":[[-1840,-825,-1128,-114,-2046]],"id":7297,"properties":{"wd11cd":"E05007060","wd11nm":"Leek East"}},{"type":"Polygon","arcs":[[-829,-2053,2179,-1284,-252,-2099,-102,-119]],"id":7305,"properties":{"wd11cd":"E05007047","wd11nm":"Caverswall"}},{"type":"Polygon","arcs":[[-235,-1842,-1386,-241,-2181,-2182]],"id":7314,"properties":{"wd11cd":"E05007043","wd11nm":"Biddulph North"}},{"type":"Polygon","arcs":[[2182,-1535,-1838,-227,2183,-837,-1845,-1132,-1847,-155,-2185]],"id":7321,"properties":{"wd11cd":"E05006957","wd11nm":"Mease and Tame"}},{"type":"Polygon","arcs":[[-318,-1395,-124,-1626,-1142,-1389]],"id":7329,"properties":{"wd11cd":"E05006944","wd11nm":"Burntwood Central"}},{"type":"Polygon","arcs":[[2185,-1844,-1346,-326]],"id":7338,"properties":{"wd11cd":"E05006940","wd11nm":"Armitage with Handsacre"}},{"type":"Polygon","arcs":[[-1398,-1634,-1630,-145]],"id":7345,"properties":{"wd11cd":"E05006927","wd11nm":"Horninglow"}},{"type":"Polygon","arcs":[[2186,-163,2187]],"id":7387,"properties":{"wd11cd":"E05007928","wd11nm":"Areley Kings"}},{"type":"Polygon","arcs":[[-1645,2188,-2188,-162,-1851,-547,-1641]],"id":7390,"properties":{"wd11cd":"E05007937","wd11nm":"Mitton"}},{"type":"Polygon","arcs":[[-2190,-2191,2191,-859,-1408]],"id":7397,"properties":{"wd11cd":"E05007924","wd11nm":"South Bredon Hill"}},{"type":"Polygon","arcs":[[-1172,-1406,-1638,-1174]],"id":7405,"properties":{"wd11cd":"E05007911","wd11nm":"Evesham South"}},{"type":"Polygon","arcs":[[-2192,-2193,-2194,-2195,-2196,-2197,-860]],"id":7415,"properties":{"wd11cd":"E05007898","wd11nm":"Bredon"}},{"type":"Polygon","arcs":[[-878,2197,-1856,-2065]],"id":7418,"properties":{"wd11cd":"E05007907","wd11nm":"Droitwich West"}},{"type":"Polygon","arcs":[[-1163,2198,2199,-2073,-1859]],"id":7425,"properties":{"wd11cd":"E05007894","wd11nm":"Warndon Parish South"}},{"type":"Polygon","arcs":[[2200,2201,-189,-1178]],"id":7433,"properties":{"wd11cd":"E05007881","wd11nm":"Battenhall"}},{"type":"Polygon","arcs":[[-2075,-1419,-1862,-1656,-1182,-1193,-1835]],"id":7443,"properties":{"wd11cd":"E05007868","wd11nm":"Abbey"}},{"type":"Polygon","arcs":[[-1802,-752,-895,-1861,-1417]],"id":7446,"properties":{"wd11cd":"E05007877","wd11nm":"Matchborough"}},{"type":"Polygon","arcs":[[-901,-2084,-910,-205,-1427,-2077,-210]],"id":7454,"properties":{"wd11cd":"E05007864","wd11nm":"Upton and Hanley"}},{"type":"Polygon","arcs":[[-854,-2066,-1654,-1649,-907,2202,2203]],"id":7461,"properties":{"wd11cd":"E05007851","wd11nm":"Hallow"}},{"type":"Polygon","arcs":[[-214,2204,-1120]],"id":7471,"properties":{"wd11cd":"E05007838","wd11nm":"Stoke Heath"}},{"type":"Polygon","arcs":[[-2187,-2189,-1644,-855,-2204,2205,-1661,-1197,-164]],"id":7474,"properties":{"wd11cd":"E05007847","wd11nm":"Baldwin"}},{"type":"Polygon","arcs":[[-1639,-846,-1156]],"id":7645,"properties":{"wd11cd":"E05007938","wd11nm":"Offmore and Comberton"}},{"type":"Polygon","arcs":[[-924,-2069,-2062,-1800,-2006],[-2064]],"id":7648,"properties":{"wd11cd":"E05007949","wd11nm":"Kinwarton"}},{"type":"Polygon","arcs":[[-684,-695,-1870,-1024,-1955,-254,-2090]],"id":7650,"properties":{"wd11cd":"E05001239","wd11nm":"Brockmoor and Pensnett"}},{"type":"Polygon","arcs":[[-943,-1454,-1205,-2093,2206]],"id":7656,"properties":{"wd11cd":"E05001226","wd11nm":"Lower Stoke"}},{"type":"Polygon","arcs":[[-1784,-1914,-945,-702,-939]],"id":7657,"properties":{"wd11cd":"E05008725","wd11nm":"Dresden and Florence"}},{"type":"Polygon","arcs":[[-2094,-1209,-558,-1444,-1873]],"id":7665,"properties":{"wd11cd":"E05001222","wd11nm":"Foleshill"}},{"type":"Polygon","arcs":[[-2101,-955,-1726,-1710,-1472,-1468]],"id":7671,"properties":{"wd11cd":"E05001209","wd11nm":"Stechford and Yardley North"}},{"type":"Polygon","arcs":[[-1882,-1238,-599,-2107,-956,-1234,-1460]],"id":7679,"properties":{"wd11cd":"E05001196","wd11nm":"Moseley and Kings Heath"}},{"type":"Polygon","arcs":[[-1725,-583,-1720,-570]],"id":7688,"properties":{"wd11cd":"E05001192","wd11nm":"Kingstanding"}},{"type":"Polygon","arcs":[[-592,-602,2207,-1883,-2102]],"id":7695,"properties":{"wd11cd":"E05001179","wd11nm":"Aston"}},{"type":"Polygon","arcs":[[-988,-613,-2119,-1243,2208]],"id":7730,"properties":{"wd11cd":"E05001339","wd11nm":"Wednesfield North"}},{"type":"Polygon","arcs":[[-1756,-997,-1522,-989,-2209,-1247,-1488,-614,2209,-1241,-762]],"id":7731,"properties":{"wd11cd":"E05006994","wd11nm":"Essington"}},{"type":"Polygon","arcs":[[-2211,-27,-1485,-1745]],"id":7735,"properties":{"wd11cd":"E05007502","wd11nm":"Hillmorton"}},{"type":"Polygon","arcs":[[-1507,2211,-623,2212,-2117,-611]],"id":7736,"properties":{"wd11cd":"E05001326","wd11nm":"East Park"}},{"type":"Polygon","arcs":[[-2041,-1514,2213,-2131]],"id":7738,"properties":{"wd11cd":"E05006981","wd11nm":"Seabridge"}},{"type":"Polygon","arcs":[[-2136,-1754,-1272,-1501,-1758,-657,-446]],"id":7742,"properties":{"wd11cd":"E05007489","wd11nm":"Wem Brook"}},{"type":"Polygon","arcs":[[-1506,-1929,-618,-2212]],"id":7744,"properties":{"wd11cd":"E05001322","wd11nm":"Bilston North"}},{"type":"Polygon","arcs":[[-1213,2214,-2121,-643,-981]],"id":7746,"properties":{"wd11cd":"E05006977","wd11nm":"May Bank"}},{"type":"Polygon","arcs":[[-472,-2139,-1927,-1504,-1537]],"id":7750,"properties":{"wd11cd":"E05001309","wd11nm":"Darlaston South"}},{"type":"Polygon","arcs":[[-1874,-381,-1270,-1753]],"id":7751,"properties":{"wd11cd":"E05007485","wd11nm":"Poplar"}},{"type":"Polygon","arcs":[[-1008,-2179,-1532,-1949]],"id":7758,"properties":{"wd11cd":"E05007472","wd11nm":"Polesworth West"}},{"type":"Polygon","arcs":[[-1948,-680,-455,-2106,-1526]],"id":7759,"properties":{"wd11cd":"E05001296","wd11nm":"Shirley East"}},{"type":"Polygon","arcs":[[-287,-1950,-461,-2216]],"id":7766,"properties":{"wd11cd":"E05007459","wd11nm":"Atherstone North"}},{"type":"Polygon","arcs":[[-2100,-1011,-1762,-1529,-949]],"id":7767,"properties":{"wd11cd":"E05001292","wd11nm":"Lyndon"}},{"type":"Polygon","arcs":[[-311,-1555,-551,-1200,-2138]],"id":7774,"properties":{"wd11cd":"E05001279","wd11nm":"Tipton Green"}},{"type":"Polygon","arcs":[[-663,-2129,-1722,-2105,2216,-690,-1952,-1273]],"id":7783,"properties":{"wd11cd":"E05001266","wd11nm":"Great Barr with Yew Tree"}},{"type":"Polygon","arcs":[[-1550,-245,-1023,-2143,-1016]],"id":7791,"properties":{"wd11cd":"E05001262","wd11nm":"Bristnall"}},{"type":"Polygon","arcs":[[-2146,-1705,-1781,2217,-928]],"id":7798,"properties":{"wd11cd":"E05001249","wd11nm":"Lye and Stourbridge North"}},{"type":"Polygon","arcs":[[-2096,-266,-2130,-2123,-1035]],"id":7801,"properties":{"wd11cd":"E05008748","wd11nm":"Springfields and Trent Vale"}},{"type":"Polygon","arcs":[[-1960,-1037,-2122,-2215,-1212]],"id":7807,"properties":{"wd11cd":"E05008735","wd11nm":"Hartshill and Basford"}},{"type":"Polygon","arcs":[[-525,2218,-1065,-1324,2219,-1815]],"id":7815,"properties":{"wd11cd":"E05008186","wd11nm":"Severn Valley"}},{"type":"Polygon","arcs":[[2220,2221,-1562,-805,-1051]],"id":7825,"properties":{"wd11cd":"E05008182","wd11nm":"Ruyton and Baschurch"}},{"type":"Polygon","arcs":[[-1518,-1970,-723,-1055,-2223,-2224,-1937]],"id":7832,"properties":{"wd11cd":"E05008169","wd11nm":"Market Drayton East"}},{"type":"Polygon","arcs":[[-731,-1829,-2225,-2226,-2227,-2157]],"id":7840,"properties":{"wd11cd":"E05008156","wd11nm":"Clun"}},{"type":"Polygon","arcs":[[-1790,-2160,-2228,-2229,-2230,2230,2231,2232]],"id":7849,"properties":{"wd11cd":"E05008152","wd11nm":"Chirbury and Worthen"}},{"type":"Polygon","arcs":[[-1560,2233,-2154]],"id":7856,"properties":{"wd11cd":"E05008139","wd11nm":"Bagley"}},{"type":"Polygon","arcs":[[-353,-2235,-2236,-2172,2236,-2238,-2239,-346,-2164,-344,-2070]],"id":7919,"properties":{"wd11cd":"E05007515","wd11nm":"Brailes"}},{"type":"Polygon","arcs":[[-1342,-768,2239,-1808,-1351,-2007]],"id":7926,"properties":{"wd11cd":"E05006913","wd11nm":"Hednesford South"}},{"type":"Polygon","arcs":[[-767,-765,-1809,-2240]],"id":7935,"properties":{"wd11cd":"E05006909","wd11nm":"Hawks Green"}},{"type":"Polygon","arcs":[[-1367,-1092,-780,-1811,2240]],"id":7945,"properties":{"wd11cd":"E05001910","wd11nm":"Shawbirch"}},{"type":"Polygon","arcs":[[-2014,-63,-1598,-1088]],"id":7953,"properties":{"wd11cd":"E05001906","wd11nm":"Newport West"}},{"type":"Polygon","arcs":[[-1969,-1603,-60,-1368,-2241,-1817,2241,-707,-1063]],"id":7960,"properties":{"wd11cd":"E05001893","wd11nm":"Ercall Magna"}},{"type":"Polygon","arcs":[[-2025,-1824,-2243,-85,-2020]],"id":7968,"properties":{"wd11cd":"E05001880","wd11nm":"Valletts"}},{"type":"Polygon","arcs":[[-270,-1110,-1961,-786,-1611]],"id":7977,"properties":{"wd11cd":"E05001876","wd11nm":"Sutton Walls"}},{"type":"Polygon","arcs":[[-799,-1831,2243,-2015]],"id":7984,"properties":{"wd11cd":"E05001863","wd11nm":"Leominster North"}},{"type":"Polygon","arcs":[[-1375,-1101,-1607,-794,-1295]],"id":7993,"properties":{"wd11cd":"E05001850","wd11nm":"Central"}},{"type":"Polygon","arcs":[[-2245,-1059,-1968,-2246,-2027,-2247]],"id":7999,"properties":{"wd11cd":"E05008196","wd11nm":"Whitchurch South"}},{"type":"Polygon","arcs":[[-1114,-2034,-814,-96,-2178]],"id":8007,"properties":{"wd11cd":"E05007833","wd11nm":"Marlbrook"}},{"type":"Polygon","arcs":[[-1837,-2043,-1618,-112,-838,-2184,-226]],"id":8092,"properties":{"wd11cd":"E05007069","wd11nm":"Castle"}},{"type":"Polygon","arcs":[[-2052,2247,-1981,-1777,-1285,-2180]],"id":8100,"properties":{"wd11cd":"E05007056","wd11nm":"Forsbrook"}},{"type":"Polygon","arcs":[[2248,-2176,-1997,-1978,-2248,-2051,-1621]],"id":8109,"properties":{"wd11cd":"E05007052","wd11nm":"Checkley"}},{"type":"Polygon","arcs":[[-336,2249,-2177,-2249,-1620,-1381]],"id":8116,"properties":{"wd11cd":"E05007039","wd11nm":"Alton"}},{"type":"Polygon","arcs":[[-1848,-1134,-324,2250,-141,-1843,-2186,-325,-437,-840]],"id":8124,"properties":{"wd11cd":"E05006953","wd11nm":"King's Bromley"}},{"type":"Polygon","arcs":[[-323,-142,-2251]],"id":8132,"properties":{"wd11cd":"E05006949","wd11nm":"Curborough"}},{"type":"Polygon","arcs":[[-2012,-2055,-2252]],"id":8140,"properties":{"wd11cd":"E05006936","wd11nm":"Winshill"}},{"type":"Polygon","arcs":[[2252,-2254,-2173,-2250,-335]],"id":8148,"properties":{"wd11cd":"E05006923","wd11nm":"Churnet"}},{"type":"Polygon","arcs":[[-1635,-850,-1401,2254,-2086]],"id":8157,"properties":{"wd11cd":"E05007933","wd11nm":"Franche"}},{"type":"Polygon","arcs":[[-2072,-213,2255,2256,-2199,-1162]],"id":8163,"properties":{"wd11cd":"E05007920","wd11nm":"Norton and Whittington"}},{"type":"Polygon","arcs":[[-358,-1334,-2258,-180,-169,-2067]],"id":8171,"properties":{"wd11cd":"E05007916","wd11nm":"Honeybourne and Pebworth"}},{"type":"Polygon","arcs":[[-877,-1857,-2198]],"id":8177,"properties":{"wd11cd":"E05007903","wd11nm":"Droitwich Central"}},{"type":"Polygon","arcs":[[-2256,-212,-2076,-190,-2202,2258]],"id":8184,"properties":{"wd11cd":"E05007890","wd11nm":"St Peter's Parish"}},{"type":"Polygon","arcs":[[-2200,-2257,-2259,-2201,-1177,-891,-2074]],"id":8192,"properties":{"wd11cd":"E05007886","wd11nm":"Nunnery"}},{"type":"Polygon","arcs":[[-196,-887,-1422]],"id":8199,"properties":{"wd11cd":"E05007873","wd11nm":"Crabbs Cross"}},{"type":"Polygon","arcs":[[-203,-1186,-1664,-1659,-1428]],"id":8205,"properties":{"wd11cd":"E05007860","wd11nm":"Priory"}},{"type":"Polygon","arcs":[[-2206,-2203,-906,-1866,-1044,-1425,-1662]],"id":8213,"properties":{"wd11cd":"E05007856","wd11nm":"Martley"}},{"type":"Polygon","arcs":[[-1378,-1121,-2205,-220,-912,-1833]],"id":8219,"properties":{"wd11cd":"E05007843","wd11nm":"Whitford"}},{"type":"Polygon","arcs":[[-1793,-1308,-495,-725,-1558]],"id":8286,"properties":{"wd11cd":"E05008178","wd11nm":"Porthill"}},{"type":"Polygon","arcs":[[2259,-519,-1791,-2233,-2261,-2262,-1563,-2222]],"id":8298,"properties":{"wd11cd":"E05008165","wd11nm":"Loton"}},{"type":"Polygon","arcs":[[-524,-2156,-490,-1319,2262,-1311,-1066,-2219]],"id":8300,"properties":{"wd11cd":"E05008174","wd11nm":"Much Wenlock"}},{"type":"Polygon","arcs":[[-167,-507,2263,-1971]],"id":8308,"properties":{"wd11cd":"E05008161","wd11nm":"Highley"}},{"type":"Polygon","arcs":[[-2087,-2255,-1400,-1703,-549,-1852,-160]],"id":8406,"properties":{"wd11cd":"E05007943","wd11nm":"Wribbenhall"}},{"type":"Polygon","arcs":[[-1899,-973,-944,-2207,-2092,-575]],"id":8408,"properties":{"wd11cd":"E05001235","wd11nm":"Wyken"}},{"type":"Polygon","arcs":[[-1879,-1456,-2004,-932]],"id":8414,"properties":{"wd11cd":"E05001231","wd11nm":"Wainbody"}},{"type":"Polygon","arcs":[[-2148,-1878,-2149,-1040,-1716]],"id":8415,"properties":{"wd11cd":"E05008721","wd11nm":"Bradeley and Chell Heath"}},{"type":"Polygon","arcs":[[-1445,-561,-1707,-1453,-2088,-298,-1546,-384]],"id":8421,"properties":{"wd11cd":"E05001218","wd11nm":"Bablake"}},{"type":"Polygon","arcs":[[-1713,-1222,-565,-1292,-1216,2264,-1956]],"id":8424,"properties":{"wd11cd":"E05008717","wd11nm":"Birches Head and Central Forest Park"}},{"type":"Polygon","arcs":[[2265,-1884,-2208,-601,-1235,-964,-1951,-1013,-2141]],"id":8430,"properties":{"wd11cd":"E05001205","wd11nm":"Soho"}},{"type":"Polygon","arcs":[[-608,2266,-1020,-243,-962]],"id":8438,"properties":{"wd11cd":"E05001201","wd11nm":"Quinton"}},{"type":"Polygon","arcs":[[-2103,-1885,-2266,-2140,2267]],"id":8446,"properties":{"wd11cd":"E05001188","wd11nm":"Handsworth Wood"}},{"type":"Polygon","arcs":[[-1897,-2118,-2213,-622,-653,-1733,-1495,-1474,-977]],"id":8463,"properties":{"wd11cd":"E05001335","wd11nm":"St Peter's"}},{"type":"Polygon","arcs":[[-38,-1727,-969,-1242,-2210,-617,-2110,-2166]],"id":8465,"properties":{"wd11cd":"E05006990","wd11nm":"Cheslyn Hay North and Saredon"}},{"type":"Polygon","arcs":[[-626,-1260,2268,-2113,-2270,-1250,-750,-1076,-2163,-430,-971]],"id":8473,"properties":{"wd11cd":"E05007498","wd11nm":"Dunchurch and Knightlow"}},{"type":"Polygon","arcs":[[-1493,-1735,-2108,-1891,-1889]],"id":8475,"properties":{"wd11cd":"E05001331","wd11nm":"Merry Hill"}},{"type":"Polygon","arcs":[[-2132,-2214,-1513,-1737,-2125]],"id":8478,"properties":{"wd11cd":"E05006986","wd11nm":"Westlands"}},{"type":"Polygon","arcs":[[-1387,-1226,-572,-1724,-2128,-399]],"id":8483,"properties":{"wd11cd":"E05001318","wd11nm":"Streetly"}},{"type":"Polygon","arcs":[[-2167,-2114,-2269,-1259,-1730]],"id":8484,"properties":{"wd11cd":"E05007494","wd11nm":"Bilton"}},{"type":"Polygon","arcs":[[-1043,-1904,-1276,-2271,-655]],"id":8485,"properties":{"wd11cd":"E05006973","wd11nm":"Kidsgrove"}},{"type":"Polygon","arcs":[[-2268,-2142,-686,-2217,-2104]],"id":8496,"properties":{"wd11cd":"E05001271","wd11nm":"Newton"}},{"type":"Polygon","arcs":[[-929,-2218,-1780,-1289,-16,-1026,-1869]],"id":8504,"properties":{"wd11cd":"E05001258","wd11nm":"Wollaston and Stourbridge Town"}},{"type":"Polygon","arcs":[[-2267,-607,-1670,-1029,-1438,-2145]],"id":8511,"properties":{"wd11cd":"E05001245","wd11nm":"Halesowen South"}},{"type":"Polygon","arcs":[[-1957,-2265,-1215,-1447,-1876,-2147]],"id":8514,"properties":{"wd11cd":"E05008744","wd11nm":"Moorcroft"}},{"type":"Polygon","arcs":[[-699,-671,-1903,-1042]],"id":8520,"properties":{"wd11cd":"E05008731","wd11nm":"Goldenhill and Sandyford"}},{"type":"Polygon","arcs":[[-2016,-2244,-1830,-77,-1826,-501]],"id":8523,"properties":{"wd11cd":"E05001845","wd11nm":"Bircher"}},{"type":"Polygon","arcs":[[-708,-2242,-1816,-2220,-1323,-1072,-2153,-2150,-736,-2155,-2234,-1559,-727,2271,-513,-2260,-2221,-1050]],"id":8529,"properties":{"wd11cd":"E05008191","wd11nm":"Tern"}},{"type":"Polygon","arcs":[[-1318,-1792,-1316,-1972,-2264,-512,-1312,-2263]],"id":8534,"properties":{"wd11cd":"E05008148","wd11nm":"Brown Clee"}},{"type":"Polygon","arcs":[[-498,-514,-2272,-726]],"id":8549,"properties":{"wd11cd":"E05008144","wd11nm":"Bowbrook"}}]}},"arcs":[[[59223,41952],[40,13],[53,-7],[7,15],[-5,1],[17,18],[22,-4],[-23,-21],[14,-5],[-12,-25],[128,-26],[-10,-6],[-7,-18],[-15,-4],[3,-6],[10,6],[20,-8],[4,-14],[58,12],[49,31],[4,4],[-9,6],[2,13],[25,23],[21,-6],[10,-10],[20,9],[-7,7],[8,7],[11,-2],[12,12],[17,3],[43,-37],[-102,-158],[-105,-103],[-78,-98],[-60,-64]],[[59388,41510],[-3,22],[-7,6],[-4,-3],[-28,11],[-16,13],[17,12],[-5,14],[-12,3],[-3,9],[-7,1],[0,20],[9,0],[9,45],[-8,38],[-14,10],[-11,1],[-7,12],[-16,-8],[8,-19],[-21,-5],[-1,6],[-13,-4],[-3,14],[-11,10]],[[59241,41718],[32,67],[-21,6],[-47,30],[-44,-1],[-34,53],[-31,-10],[-6,15],[-7,89],[0,9],[24,2],[23,16],[49,-34],[44,-8]],[[57745,41812],[7,-28],[21,-31],[36,-24],[46,-19],[23,-52],[-15,-21],[21,-47],[1,-38],[12,-6],[-8,-42],[-8,-18],[24,-15],[21,-25],[38,-19],[-12,-21],[4,-31],[-5,-23],[5,-14],[-8,-42],[4,-4],[16,4],[-3,-53],[9,-42],[-6,-6],[-32,-7],[-19,-22],[-32,15],[-13,-30],[-17,-15],[-4,-13],[7,-19],[-27,-38],[-6,0],[-45,-34],[0,-24],[-6,-19],[9,-11],[-14,-14],[-8,-1],[-29,-35],[5,-2],[-8,-31],[36,-22],[64,-27],[-1,-9],[77,-55],[-14,-9],[17,-50],[9,-2]],[[57917,40721],[-6,-11],[-10,-3],[-13,-18],[-17,-4],[-22,-21],[-59,26],[-29,27],[-13,2],[-19,15],[-27,42],[-31,31],[-48,-1],[-78,-22],[-20,-1],[-1,-4],[-15,9],[-23,31],[-20,16],[-12,15],[-5,18],[-12,8],[-8,16],[-36,13],[-13,23],[-11,-2],[-9,-10],[-13,0],[-6,-10],[4,-7],[-6,-2],[-8,6],[1,-7],[-11,-2],[-3,-5],[-14,0],[-18,-15],[-7,10],[-12,-8],[8,-4],[-19,-12],[9,-4],[-8,-11],[-21,17],[-16,25],[-4,-2],[-16,23],[-1,9],[15,19],[-8,1],[-1,12],[4,6],[-14,12],[2,5],[-17,4],[3,7],[-12,2],[-5,8],[-30,10],[-36,-4],[-13,34],[-26,1],[-24,7],[-25,-5],[-11,2],[-84,50]],[[56917,41088],[11,13],[0,26],[-34,39],[-15,32],[-22,22],[-30,59],[12,75]],[[56839,41354],[5,81],[-53,165],[-22,44],[-24,116]],[[56745,41760],[-6,28],[19,14],[34,14],[2,7],[-17,16],[-20,32],[20,17],[14,-5],[1,10],[-12,3],[-8,11],[-37,-26],[-20,24],[0,20],[-9,1],[3,41],[-7,-2],[-11,62],[11,12],[43,23],[45,-9],[24,-12],[-1,-9],[38,10],[52,-7],[39,-29],[-5,-57],[5,-13],[71,-39],[20,-3],[13,-14],[29,-5],[63,10],[15,25],[12,5],[5,48],[22,21],[1,9],[10,4],[4,12],[-5,37]],[[57202,42046],[22,59],[10,7],[6,20],[15,11],[42,0],[9,-10],[12,-2],[3,8],[13,-11],[18,7],[5,7],[29,2],[30,20],[1,9],[6,1],[25,-52],[6,-28],[-4,-30],[-25,-48],[-9,-69],[8,-30],[20,-26],[-3,27],[6,23],[14,-10],[25,-3],[28,-19],[2,-9],[16,-15],[13,-6],[38,2],[38,-16],[50,9],[23,17],[23,-23],[28,-56]],[[61516,40402],[23,-12],[-2,-4],[22,-17],[-3,-3],[57,-29],[-5,-1],[13,-27],[62,-17],[1,11],[30,3],[33,-31],[5,-23],[35,9],[4,-22],[36,7],[9,-42],[-25,-4],[-6,3],[-3,-17],[27,-7],[-4,-19],[6,-8],[10,1],[-5,-14],[3,-4],[22,-8],[-7,-2],[5,-7],[-3,-7],[12,-8],[-2,-11],[9,1],[-2,-10],[10,1],[4,-12],[10,3],[8,-17],[15,-6],[-1,-11],[33,-15],[-5,-9],[11,-2],[-3,-7],[11,-3],[10,4],[-4,-28],[24,-26],[-2,-78],[-22,-36],[-33,-38],[22,-15],[-31,-36]],[[61930,39752],[-58,56],[-24,-12],[-41,-11],[-9,24],[-56,22],[-18,10],[-1,9],[-107,58],[-20,-27],[-9,-4],[-57,16],[-8,-4],[-120,-10],[2,-7],[-14,-18],[-20,3],[-22,-38],[-79,21],[-7,4],[-3,9],[-10,-1],[4,6],[-24,23],[1,9],[-14,26]],[[61216,39916],[2,3],[-21,32],[-17,14],[7,19]],[[61187,39984],[7,16],[-6,6],[5,8],[-7,28],[-19,8],[-2,22],[-13,23],[9,16],[46,17],[9,13],[11,5],[-3,4],[10,4],[13,18],[-4,13],[15,13],[1,29],[-34,37],[-4,13],[4,14],[14,3],[3,9],[7,-1],[11,13],[14,4],[17,15],[29,1],[25,23],[-6,16],[-11,8],[4,9],[-5,7],[-23,8],[2,13],[55,-10],[9,20],[35,-5],[8,12],[103,-34]],[[51740,44230],[11,-33],[25,5],[33,-73],[24,-62],[-11,-41]],[[51822,44026],[8,-56],[50,-86],[24,-28],[33,-3],[12,-14],[8,-1],[-1,-5]],[[51956,43833],[-22,-32],[-27,-57],[-33,-36],[4,-44],[-12,-44]],[[51866,43620],[-18,-43],[-1,-24],[13,-26],[44,-191],[6,-4],[12,-40],[67,-149]],[[51989,43143],[9,-40],[-1,-66],[4,-11],[-47,9]],[[51954,43035],[-53,21],[-106,2],[-12,-4],[-29,17],[-21,5]],[[51733,43076],[-40,-16],[-29,-26],[-18,-7],[-42,26],[-8,14],[8,25],[-8,10],[-47,-10],[-22,10],[-13,14],[-34,15],[-26,-1],[-22,9],[-12,8],[-9,38],[-31,-14],[-13,5],[-3,20],[-17,9],[9,11],[-15,14],[-17,-4],[-92,0],[-169,21],[-19,6]],[[51044,43253],[-23,11],[-59,7],[-66,-3],[-23,-8],[-50,1],[-16,-4],[-5,40],[-6,2],[-4,21],[-24,-6],[-24,-19],[-14,-3],[-9,-8],[-11,1],[-31,18],[-39,9],[-52,53],[-81,8],[1,11],[-15,19]],[[50493,43403],[7,7],[-6,9],[-48,31],[-48,9],[109,97],[-16,10]],[[50491,43566],[-44,24],[3,29],[20,14],[2,22],[7,7]],[[50479,43662],[50,10],[47,16],[33,1],[26,8],[19,-5],[34,2],[55,15],[50,3],[26,10],[51,-4],[21,-6],[71,-2],[29,4],[20,21],[19,6],[47,-8],[0,7],[-17,9],[5,24],[-7,18],[10,34],[-22,47],[-7,73],[5,63],[33,136],[2,4],[10,-3],[62,-50],[18,-2],[59,31],[-14,48],[18,12],[5,9],[-17,44],[41,-6],[98,-1]],[[51359,44230],[96,-1],[24,15],[30,-11],[9,0],[71,91],[71,50]],[[51660,44374],[85,-51],[2,-6],[-49,-92],[42,5]],[[63519,42059],[7,-1],[-2,-7],[-34,0],[1,-17],[-8,-17],[-16,5],[-11,-7],[-11,6],[3,-11],[26,-3],[-11,-45],[-10,4],[-10,-13],[46,-9],[-2,-7],[-9,-1],[-10,-13],[-32,-5],[4,-28],[12,2],[-7,-13],[-9,0],[-1,-8],[10,0],[5,-33],[37,-76]],[[63487,41762],[-3,-5],[6,-5],[-9,-2],[-4,-8],[-30,-6],[-29,9],[-16,-6],[-4,3],[-22,-5],[-59,-40]],[[63317,41697],[-67,77],[-62,63],[59,33],[-10,50]],[[63237,41920],[17,4],[4,-6],[69,27],[12,0],[-7,22],[27,10],[10,14],[-31,15],[22,27],[4,16],[-8,6],[-24,0],[-3,11],[59,-1],[36,-15],[26,-2],[50,12],[19,-1]],[[58558,49255],[-37,-44],[-52,-24],[-43,-48]],[[58426,49139],[-117,103],[-23,37],[-37,12],[-37,-8],[25,28]],[[58237,49311],[101,112]],[[58338,49423],[27,-6],[-11,-17],[23,-31],[21,-12],[-10,-15],[51,-26],[5,3],[18,-20],[54,-12],[-6,-6],[48,-26]],[[53707,47510],[12,-37],[11,-9],[25,-8],[3,13],[25,1],[13,-8],[13,-1],[-2,-8],[21,-4]],[[53828,47449],[-76,-152],[-26,-83]],[[53726,47214],[-15,1],[-16,-9]],[[53695,47206],[-14,1],[-23,-15],[-19,4],[-14,-3],[-55,3],[-68,42],[-7,25],[-16,12],[-35,2],[-22,26],[-30,-6],[-15,13]],[[53377,47310],[-8,17],[5,13],[25,29],[-4,25],[8,3],[-7,24],[-14,13]],[[53382,47434],[10,-1],[16,6],[14,8],[11,1],[20,14],[-1,7],[44,-50],[30,-22],[0,9],[21,10],[4,-6],[13,7],[-1,9],[22,20],[-8,5],[10,12],[13,-3],[13,34],[13,-1],[-8,36],[11,3],[41,-24],[11,5],[26,-3]],[[49296,48019],[-24,-41],[-69,-57],[-4,-13],[4,-34],[-101,-116],[-18,-12],[1,-14],[-14,-28],[0,-44],[25,-64],[-46,-2]],[[49050,47594],[-194,1],[-47,48],[-24,33],[-59,126],[-39,4]],[[48687,47806],[-5,16],[17,30],[27,12],[-5,7],[-16,-2],[-3,13],[16,4],[-13,16],[41,25],[-4,18],[23,25],[41,13],[-81,82],[-29,50]],[[48696,48115],[158,131],[10,-9],[87,-22],[-5,-18],[7,-4],[5,4],[48,-33],[4,5],[44,-29],[127,-45],[56,-41],[59,-35]],[[48687,47806],[-26,-2],[-39,6]],[[48622,47810],[-8,3],[-8,35],[-26,23],[-15,48],[-27,41],[6,4],[-11,24],[-27,-21],[-21,-9],[-62,-2],[-17,63]],[[48406,48019],[40,3],[2,4],[-30,47],[2,26],[20,53],[14,17],[39,5],[-15,45],[-14,16]],[[48464,48235],[3,4],[35,-20],[21,-3],[15,-16],[13,-6],[57,4],[-3,9],[12,5],[18,-28],[44,-41],[17,-28]],[[48497,47667],[31,-66],[31,-52],[4,-27],[-9,-27],[43,-27]],[[48597,47468],[94,-50],[-10,-46]],[[48681,47372],[-126,19],[-130,44],[-198,47],[-48,4],[-150,0]],[[48029,47486],[-32,113]],[[47997,47599],[-48,78]],[[47949,47677],[267,4],[-7,-17],[0,-27],[10,-4],[1,-8],[15,-11],[-4,-3],[21,-5],[44,-27],[21,-1],[5,8],[-7,15],[2,21],[24,62],[-11,20],[3,35],[-6,16],[-59,43],[22,22]],[[48290,47820],[73,-31],[52,-60],[53,-33],[29,-29]],[[50188,48368],[-10,-25],[-1,-25],[-12,-10],[-20,17],[-13,-6],[6,-13],[9,-1],[6,-13],[-7,-21],[0,-36]],[[50146,48235],[-24,-22],[-18,-6],[-8,-12],[-21,-1],[-21,11],[-25,1],[-43,-15],[-17,-15],[-43,19],[-27,-5],[4,5],[-11,41],[-88,-31],[-108,-6],[-67,6],[-62,43],[-53,-10],[-14,36],[-42,54],[23,9],[14,16],[1,8],[-27,-4],[-50,10],[-21,-25],[-28,-67],[-5,-56],[8,-23],[-10,-17],[2,-17],[-12,-29],[-6,-43],[-20,-38],[-31,-33]],[[48464,48235],[-17,9],[-5,-2],[-17,14],[-14,-4],[-2,-5],[15,-13],[-1,-19],[-10,-9],[-32,-7],[2,-9],[18,3],[-1,-12],[-10,-5],[-2,7],[-23,5],[-54,0],[-8,-29],[-31,13],[2,31],[-37,3],[-16,-3],[-12,-12],[-32,-74],[2,8],[-7,10],[-32,-25],[-5,-10],[-72,-45],[-30,-15],[-55,-15],[-23,-21]],[[47955,48004],[-22,37],[-1,27],[16,20],[25,13],[-14,18],[-1,23]],[[47958,48142],[-14,187],[12,4],[51,-2],[57,13],[23,29],[45,13],[32,-2],[29,10],[23,16],[46,5],[10,6],[2,13],[20,13]],[[48294,48447],[12,8],[27,-7],[23,9],[12,-2],[60,45],[0,14],[19,40],[14,15],[105,55],[52,18],[40,22],[22,4],[52,19],[20,-4],[6,5],[4,-8],[15,-3],[16,5],[7,8],[18,0],[2,7],[33,7],[-3,7],[23,0],[14,7],[21,19],[36,21],[58,19],[43,8],[50,24],[40,7],[6,-8],[8,4],[-7,18],[17,8],[-2,6],[13,7]],[[49170,48851],[3,-8],[10,4],[14,-35],[20,7],[5,8],[9,-1]],[[49231,48826],[13,-7],[-4,-18],[14,-10],[-4,-17],[13,-28],[3,-39],[24,-28],[-1,-27],[4,-2],[38,63]],[[49331,48713],[16,-10],[6,-13],[20,-15],[3,7],[8,-9],[29,25],[17,-11],[23,0],[-2,17],[-8,9],[59,22],[18,3],[28,-16],[42,0],[20,25],[-21,32],[0,19],[21,38],[-2,18],[16,13]],[[49624,48867],[8,5],[-4,19],[5,4]],[[49633,48895],[39,-11],[20,-45],[34,-45],[16,-1],[5,5],[37,-2],[15,-22],[0,-19],[19,-30],[92,-55],[58,-15],[-4,-5],[7,-2],[-2,-22],[9,-4],[1,-21],[8,-3],[-14,-15],[-8,0],[-5,-11],[4,-24],[45,-6],[27,5],[11,-14],[25,-13],[4,-29],[7,-5],[-3,-12],[11,7],[7,-2],[11,-12],[10,-1],[11,-13],[21,-8],[-10,-4],[4,-4],[-5,-7],[48,-62]],[[46762,34241],[15,32],[-93,22],[-39,20],[-7,8],[-29,6],[-35,21]],[[46574,34350],[24,51],[93,70],[7,14],[23,5],[46,-28],[25,9],[13,12],[3,9],[-6,12],[-41,25],[-19,19],[-12,28],[4,3]],[[46734,34579],[16,12],[1,20],[36,15],[6,19],[-7,22],[7,7],[74,19]],[[46867,34693],[11,-9],[18,-53],[76,34],[15,-15],[-12,-13],[-46,-86],[-26,-30],[-16,-33],[-18,-17],[0,-19],[-26,-50],[-9,-83],[-45,-33],[-27,-45]],[[49711,38294],[13,-16],[5,5],[2,-26],[12,-25],[3,-25],[46,-69]],[[49792,38138],[-73,-58],[-27,-10],[-15,4],[-15,-4],[-11,-24],[-1,-49],[10,-19],[-3,-20],[13,-29],[22,-85],[1,-25],[-14,-1],[2,-10],[25,-54],[20,-61],[-2,-33],[-6,-8],[-19,-3],[4,-13],[6,-1],[-2,-12],[13,-31],[11,-11],[5,-64],[75,-5],[23,6],[8,5],[1,9],[26,-18]],[[49869,37514],[-3,-51],[7,-43],[-7,-33],[5,-25],[-8,-65],[4,-34],[-25,-34],[5,-44],[11,-23],[-9,-49],[8,-32],[-2,-13],[-25,-84],[-21,-23],[-15,-24],[-37,8],[-28,-63],[-14,-9],[-8,-15]],[[49707,36858],[-13,-5],[-106,17],[-23,7],[-25,-2],[-59,7],[-80,-12],[-119,4],[-94,20],[-26,0],[-4,-7],[-61,-1],[-28,18],[-17,1],[0,5],[-10,3],[3,6],[-27,11],[-12,28],[-41,-13],[7,-18],[-27,8],[-14,-4],[-6,3],[-15,-21],[-16,-9],[-14,-23],[-34,-24],[-11,-30],[-9,-8],[-15,2],[-28,25],[-20,6],[-30,-8],[-16,-12],[-26,-4],[-20,-14],[-25,-3],[-23,34],[-24,23],[-11,28],[3,32],[-4,6],[-19,2],[-2,21],[-19,57],[-52,58],[-18,27],[-55,-4],[-27,8],[-108,-36],[1,-11],[-30,-16],[-7,0],[-7,8]],[[48244,37048],[-11,21],[-39,-5],[-15,-8],[-47,-10],[-19,10],[-38,-16],[-33,-1],[-14,12],[-66,85],[-9,36],[-12,10],[2,12],[21,16],[7,-8],[57,49],[12,72],[26,23],[14,0],[8,5],[21,26],[-2,16],[-17,13],[2,17],[12,20],[7,34],[15,11],[19,31],[5,28],[50,29],[39,4],[-5,15],[23,14],[-4,42],[14,22],[31,29],[20,0],[-1,10],[37,6],[40,-5],[68,6],[32,-1],[10,3],[3,9],[7,0],[6,11],[-3,8],[7,7],[-1,17],[7,6],[-7,7],[10,14],[5,-2],[7,4],[2,15],[-37,27],[-6,11],[14,18],[-10,17],[2,5],[-8,14],[-35,20],[1,7],[-23,30],[0,10],[26,14],[15,2],[4,10],[64,33],[10,-17],[37,14],[31,-18],[9,8],[6,22],[37,3],[22,19],[21,2],[19,13],[43,38],[2,20],[32,39],[-40,16],[21,15],[-20,24],[-29,-7],[-24,4],[-6,-10],[-25,-18],[-27,13],[-50,-4],[-37,7],[-9,-3],[-28,20],[-7,17],[41,33],[62,25],[33,19],[30,9],[61,35],[0,28],[6,13],[37,27],[30,14]],[[48842,38455],[12,-30],[44,-35],[32,-39],[33,2],[34,10],[34,0],[61,36],[20,3],[40,-6],[19,-16],[17,-4],[20,15],[7,26],[17,14],[6,16],[15,-6],[7,25],[21,9],[23,20],[39,7],[24,15],[17,-8],[12,-17],[19,-14],[34,-3],[13,-9],[23,1],[39,-10],[15,-9],[34,2],[46,13],[28,-58],[61,-64],[-4,-3],[-1,-27],[8,-17]],[[43693,40379],[69,-301],[-22,-12],[-34,5],[-33,-6],[-37,4],[-19,-14],[-11,-25],[-32,-24],[1,-16],[-26,-23],[-30,-14],[-27,-3]],[[43492,39950],[-31,-11],[-37,9],[-10,-3],[-12,8],[-22,-12],[-5,-9],[-14,-3],[-7,6],[-15,-2],[-5,-16],[-21,2],[-22,-8],[-15,2],[-9,-6],[-10,5],[-43,-16],[-29,2],[-23,-5],[-3,-92],[-82,2],[16,-121],[9,-21],[21,-1],[-8,-6],[4,-6],[9,-2],[6,10],[9,-3],[12,3],[-1,7],[-8,3],[13,5],[10,-2],[-6,-4],[16,-18],[35,28],[9,3],[4,-4],[16,7],[2,-3],[-21,-6],[4,-16],[19,5],[28,-24],[9,0],[11,-11],[28,-4],[-7,-8],[9,-45],[-14,-26],[-6,-43],[-37,-17],[-33,-40],[-21,-13],[-12,-30],[18,-17],[-7,-15],[5,-32],[-4,-4],[8,-14],[32,-22],[14,4],[4,-4],[-21,-9],[-25,0],[-2,-7],[-41,-19],[-38,-38],[-36,-8],[-15,3],[-41,-15],[-11,4],[-16,-7],[-2,-9],[-20,-2],[2,-3],[-14,-12],[-35,-4],[-5,-7],[-10,1],[-13,-16],[25,-32],[-46,-31],[-26,-37],[4,-25],[17,-31],[-5,-10],[-76,-69],[-15,-49],[-18,-18],[11,-24],[-68,-39],[-12,-34],[-13,3],[-10,-18]],[[42697,38734],[-11,3],[-76,-10],[-11,24],[-16,-7],[-4,6],[-16,-2],[-9,13],[-18,12],[-2,14],[-19,7],[-5,15],[-21,4],[-26,-5],[-27,7],[-3,7],[-18,4],[-12,-4],[-11,19],[-20,-6],[-4,22],[-7,7],[-8,0],[-20,-13],[-32,-2],[-30,6],[-20,21],[-97,-2],[-201,24],[-42,-4],[-8,-7],[-16,6],[-6,-9],[-6,4],[-10,-22],[-20,1],[-34,-20],[-85,101]],[[41726,38948],[-61,45],[-18,28],[-1,13],[-11,10],[-1,7],[12,10],[20,5],[-5,16],[-21,15],[-2,10],[11,11],[13,29],[-50,26],[-14,33],[-28,31],[-16,9],[-29,1],[-10,18],[7,20],[-3,20],[16,14],[14,1],[-1,8],[-11,2],[1,9],[6,-6],[7,10],[13,1],[36,49],[-7,8],[7,4],[27,5],[7,-4],[12,6],[23,-7],[5,12],[7,2],[35,-16],[45,27],[67,-18],[6,32],[13,27],[-5,17],[19,28],[8,27],[11,-4],[7,6],[6,14],[-3,8],[-28,-14],[-21,1],[-16,-8],[-18,8],[-4,8],[-18,6],[-13,-2],[-15,17],[-33,21],[-18,26],[-4,-1],[-4,20],[-15,15],[-29,14],[-1,6],[-26,10],[-10,13],[3,35],[-32,29],[-7,16],[-54,23],[-20,-1],[-73,11],[-2,-15],[-47,-1],[10,-36],[-96,-6],[-29,11],[-28,-22],[-19,-6],[-12,-19],[-19,6],[-20,10],[-14,16],[4,11],[-15,22],[0,10],[41,-6],[13,4],[45,25],[25,9],[22,15],[9,-1],[18,9],[-5,17],[-28,-1],[-19,-8],[-17,-1],[-18,8],[-7,12],[-21,7],[-27,-6],[-15,2],[-41,-14],[-17,33]],[[41105,39905],[8,5],[10,-3],[8,6],[49,13],[16,-7],[10,4],[11,-10],[8,11],[16,-14],[0,23],[-18,25],[21,13],[9,20],[4,20],[-4,15],[-8,6],[1,6],[-73,-12],[-3,3],[57,30],[1,8],[-25,21],[-13,29],[10,3],[11,30],[13,16],[14,7],[67,0],[22,44],[12,9],[29,4],[23,10],[17,-1],[19,9],[26,0]],[[41453,40248],[21,4],[20,17],[50,20],[30,18],[38,6],[32,11],[19,14],[49,14],[48,-4],[37,3],[29,-45],[15,-7],[6,8],[20,1],[8,-12],[30,-7],[9,0],[21,16],[8,0],[23,14],[24,-4],[52,6],[18,-24],[-11,-7],[7,-13]],[[42056,40277],[-9,0],[-11,-11],[19,-27],[92,29],[1,-36],[28,23],[13,-17],[-3,-13],[11,-10],[26,20],[72,13],[53,16],[26,0],[10,-9],[14,-24],[28,1],[35,8],[96,44],[67,10],[53,-2],[-20,-27],[11,-27],[-4,-11],[-12,-6],[4,-23],[37,3],[46,-5],[12,-14],[48,8],[14,4],[21,21],[29,3],[-2,15],[10,11],[-8,24],[9,20],[-25,78],[-10,52],[3,17],[24,40],[16,12],[93,36],[210,46],[61,-21],[17,-24],[-5,-19],[3,-30],[15,-17],[56,-42],[71,-19],[12,4],[43,-17],[110,-3],[29,-7],[50,-1],[7,-6],[24,14],[17,-2]],[[42975,36481],[26,-20],[47,-52],[-21,-15],[-3,-12],[2,-14],[11,-11],[-5,-5],[10,-20],[-6,-11],[-1,-26],[38,-8],[-3,-8],[-13,-2],[-3,-18],[92,-29],[21,2],[52,27],[23,-23],[4,-8],[-14,-6],[42,-62],[28,21],[12,-9],[30,20],[16,-15],[8,-1],[19,14],[22,-15],[0,-8],[24,-8],[2,5],[11,-8],[8,5],[27,-15]],[[43481,36146],[5,-27],[-12,-21],[39,-14],[-7,-19],[4,-21],[60,-21],[-26,-43],[27,-11],[-18,-17],[13,-14],[-3,-13],[74,-7],[30,5],[-3,44],[25,21],[5,16],[11,-6],[-3,-5],[17,-14],[27,-42],[18,7],[65,5],[-18,-33],[-45,-17],[-1,-11],[-36,9],[-72,0],[0,-41],[-57,2],[-38,-13],[-3,-7],[17,-26],[12,-34],[66,-95],[8,-20],[-2,-13],[-46,-25],[-51,-61],[-43,-37],[-39,-44],[-64,-31],[-56,-13],[8,-18],[22,6],[8,-11],[-26,-35],[35,-22],[8,-11],[-2,-7],[20,-17],[10,13],[43,-23],[1,-9],[-7,-17],[-47,-49],[-40,-51],[-44,-67],[-22,22],[-9,-16],[11,-6],[7,-16],[-1,-22],[8,-18],[-12,-52],[-30,-19],[-28,-2],[-11,-10],[2,-9],[-11,-3],[-2,-8],[-32,-14],[2,-9],[-3,-12],[12,0],[-3,-11],[11,-12],[12,-4],[0,-5],[18,-1],[19,-9],[13,3],[6,-11],[7,4],[1,-18],[6,-8],[-9,-25],[-12,-15],[3,-32]],[[43303,34783],[-31,13],[-58,9],[-71,-14],[-7,-16],[1,-18],[24,-56],[-11,-10],[-37,-18],[-16,-19],[-15,-4],[-42,5],[-15,-3],[-21,3],[-11,7],[-26,-12],[-15,0],[-12,-11],[-17,-34],[-21,-13],[1,-9],[-43,-27],[-18,7],[-27,-20],[-9,-19],[-37,-5],[-12,-7],[-2,7],[-87,-57],[-12,-1],[-31,17],[-38,1],[-20,-40],[-39,-12],[-30,-32],[-16,-10],[-13,-3],[-14,4],[-24,-14],[-24,13],[-13,-15],[-22,-7],[-1,-6],[9,-7],[-17,-18],[-17,-2],[-51,12],[-35,-2],[-51,-33],[-19,5],[-24,-9],[-29,17],[-12,-10],[-12,18],[4,14],[-4,10],[4,8],[-5,18],[-30,9],[17,16],[19,5],[1,9],[-15,-2],[-4,6],[21,25],[12,7],[-3,8],[-17,12],[-1,15],[-11,18],[8,6],[-3,16],[-19,12],[-16,43],[26,1],[1,23],[-12,27],[6,4],[0,11],[-20,15],[-6,25],[-8,5],[-6,-9],[-18,-4],[-16,11],[-8,-18],[-30,-14],[-35,-3],[-7,3],[-148,-39],[-38,10],[-71,52],[-23,56],[-3,27],[2,24],[19,47],[0,30],[-28,47],[-28,69],[-104,85],[-6,14],[-3,34],[-44,74],[-52,26],[-62,16],[-18,31],[0,14],[-12,16],[-7,29],[-16,23],[-31,27],[-113,67],[-9,15],[-59,38],[-6,21],[-23,25],[-2,11],[-38,24],[-58,52]],[[40957,35625],[-14,22],[-1,44],[-10,41],[-38,45],[-38,62],[-40,30],[-40,80],[-23,29],[-25,98],[-10,67],[-91,80],[-59,67],[79,106],[-1,43],[6,28],[18,36],[16,16],[32,48],[8,18],[-3,15]],[[40723,36600],[37,-24],[43,-4],[19,2],[38,26],[6,49],[5,10],[13,14],[20,7],[33,24],[13,16],[6,25],[15,-4],[59,52],[24,5],[48,2],[54,-3],[156,-64],[72,-52],[6,7],[27,-39],[61,-60],[22,-10],[68,-6],[47,10],[28,19],[10,13],[98,41],[38,-37],[-34,-16],[15,-25],[-27,-27],[13,-34],[95,-99],[12,-7],[-7,-7],[14,-9],[66,-20],[45,-3],[23,-10],[7,1],[8,-14],[21,8],[103,17],[49,1],[33,11],[49,28],[24,26],[2,12],[27,-4],[2,6],[32,17],[-8,15],[10,11],[48,3],[20,-10],[5,3],[10,-10],[25,15],[44,15],[93,15],[38,9],[7,6],[16,-3],[48,18],[25,18],[53,21],[21,-3],[15,-10],[12,1],[23,-25],[59,-31],[50,-48]],[[52864,43397],[5,-4],[-17,-17],[1,-5],[47,-19],[-6,-17],[4,-9],[21,-16],[19,-56],[-4,-37],[7,1],[6,-17],[12,-4],[-7,-8],[18,-13],[14,-1],[9,5],[7,-11],[27,9]],[[53027,43178],[-13,-23]],[[53014,43155],[-9,-15],[-23,10],[-19,-19],[-12,-4],[-28,1],[-31,-8],[-35,-12],[-31,-21],[-37,-13],[-9,7],[-14,-21],[-58,-47],[-9,1],[-4,8],[-25,-2],[-58,-29],[-37,7],[-43,-7],[-38,14],[-36,-2],[-51,-17],[-74,-48],[-12,0],[-18,-8],[-15,5],[-45,5],[-64,-53],[-32,9],[-21,20],[-82,-4]],[[52044,42912],[-21,-5],[-6,-9],[-9,9],[-8,17],[0,35],[-9,38],[-37,38]],[[51989,43143],[223,-64],[37,-5]],[[52249,43074],[92,3],[7,30],[29,-7],[10,39],[22,-5],[15,4],[-6,14],[9,3],[-9,22],[24,3],[0,5],[60,12],[39,22],[26,-13],[4,7],[31,22],[22,30],[5,2],[9,-5],[36,67]],[[52674,43329],[22,16],[21,34],[37,-4],[45,22],[35,-6],[30,6]],[[53458,42234],[-27,-178],[-24,-3],[-38,-19],[-46,-12],[-6,-8],[5,-1],[0,-41],[-22,-25],[-10,-2],[10,-26]],[[53300,41919],[-31,5],[1,-19],[-24,-20],[-11,-38]],[[53235,41847],[-62,31],[-23,-19],[-4,-12],[-17,-3]],[[53129,41844],[48,198],[10,23],[22,24],[29,20],[86,27],[46,29],[28,38],[37,71]],[[53435,42274],[14,-5],[9,-9],[0,-26]],[[52826,53292],[-24,-22],[51,-45],[0,-24],[5,0],[-6,-30],[-16,3],[-1,-9],[-36,-18],[34,-19],[22,-20],[6,-10],[-3,-17]],[[52858,53081],[-75,-34],[-59,-1],[-93,-31],[-13,3],[-3,8],[-14,5],[-8,17],[-12,10],[-41,2],[-15,7]],[[52525,53067],[-18,9],[-6,-2],[-10,15]],[[52491,53089],[18,17],[34,59],[9,5],[-11,21],[-10,4],[-10,-8],[-11,15],[-13,-8],[-13,35],[8,13],[-1,15],[-15,24],[-7,0],[-18,12],[-26,32],[12,13],[9,-8],[18,23],[-12,8],[5,40]],[[52457,53401],[128,27],[22,-4],[29,-22],[12,27],[17,-1],[18,-42],[68,-29],[69,-41],[6,-24]],[[57918,46185],[14,-162],[-8,-147]],[[57924,45876],[-13,14],[-13,3],[-16,1],[-2,-8],[-37,1],[2,-66]],[[57845,45821],[-36,-13],[-34,7],[-1,5],[-28,-1],[-10,16],[-38,12]],[[57698,45847],[-12,-2],[-6,-11],[-14,12]],[[57666,45846],[-8,12],[7,3],[-3,7],[4,19],[-9,10],[-9,2],[-5,14],[-25,2],[7,5],[0,13],[40,22],[14,1],[-3,-7],[12,0],[28,30],[14,-1],[15,17],[-5,7],[13,22],[4,27],[20,14],[12,22],[19,6],[-2,12],[-22,10],[-3,39],[8,24],[-21,24]],[[57768,46202],[18,36],[-11,53]],[[57775,46291],[13,7]],[[57788,46298],[23,-14],[41,-1],[6,-6],[27,-1],[-1,-5],[16,-3],[18,-83]],[[54003,54750],[1,-33],[-37,-70],[-22,-38],[-39,-33],[-64,-38],[-169,-21]],[[53673,54517],[-8,0]],[[53665,54517],[-23,9],[-52,39],[-81,19],[-16,25],[-28,23],[-34,59],[-36,29],[-27,34]],[[53368,54754],[27,8],[7,10]],[[53402,54772],[18,-18],[109,45],[39,-11],[49,-62],[13,9],[18,29],[19,-24],[5,4],[-7,25],[12,2],[46,-4],[18,-26],[9,0],[0,9],[7,5],[10,-13],[17,-1],[18,6],[1,-4],[20,-4],[1,6],[17,-2],[21,11],[9,-9],[-1,-7],[9,-6],[10,12],[29,9],[2,7],[35,16],[12,0],[36,-26]],[[53204,53153],[-8,1],[1,-5],[-9,2],[-28,-26],[-15,10],[-43,-49],[-48,17],[-28,-32],[-18,24],[-68,-18],[-37,-15],[-43,-5],[-5,12],[3,12]],[[52826,53292],[9,-1],[83,24],[13,17],[111,-98],[-4,-20],[55,-9],[2,12],[119,-16],[-10,-48]],[[55037,47329],[25,-84]],[[55062,47245],[-172,-54]],[[54890,47191],[-25,37],[6,6],[15,0],[4,7],[8,-1],[15,13],[-19,5],[6,23],[-2,15],[6,4],[-10,12],[15,42]],[[54909,47354],[128,-25]],[[52445,54385],[-56,-16],[-22,13],[-29,2],[-11,-29],[-15,-2],[1,-5],[-17,-3],[-35,-1],[-8,-13],[-34,7],[-7,7],[-29,-2],[-11,-11],[-69,-19],[-28,-32],[-9,7],[4,31],[-7,12],[-30,11],[-9,-4],[-4,-18],[-11,0],[-16,21],[-64,12],[-21,-16],[-22,2],[-5,-8],[5,-15],[-12,-19],[1,-12],[-42,-26]],[[51833,54259],[-11,6],[-7,-1],[-26,-28]],[[51789,54236],[1,12],[-19,33]],[[51771,54281],[12,1],[17,73],[-5,42],[3,142]],[[51798,54539],[73,2],[65,-14],[29,1],[35,-18],[5,3],[5,-6],[12,-3],[18,1],[2,10],[22,1],[1,-9],[13,0],[-9,18]],[[52069,54525],[48,7],[7,-19],[11,6],[25,37],[7,0],[10,-14],[12,-4],[19,13],[32,-1],[60,19],[47,5],[46,19],[61,13]],[[52454,54606],[12,-103],[13,-27],[24,-30],[-17,-14],[-4,-12],[-11,-5],[-6,4],[-4,-7],[-20,-14],[10,-11],[-6,-2]],[[56395,47225],[-8,-7]],[[56387,47218],[-88,-88],[-46,-88],[-10,34],[-13,14],[-21,-29],[-11,0],[-22,-16],[3,-3],[-27,-6],[-25,11],[-17,3],[-71,-52]],[[56039,46998],[-33,-25],[-44,38],[-28,15],[21,43],[-7,17],[-53,2],[-17,5],[-13,10],[-51,0],[-8,45],[-2,5],[-13,3]],[[55791,47156],[47,22],[94,28],[96,38],[41,27],[53,64]],[[56122,47335],[51,32],[40,15]],[[56213,47382],[27,-8],[35,-21],[-1,-7],[53,-63],[35,-30],[13,-27],[20,-1]],[[56072,47479],[-44,-26]],[[56028,47453],[-16,14],[-55,25],[15,41],[-10,7],[-6,-6],[-6,8],[6,4],[-17,9],[-1,15],[-6,-3],[-13,18],[8,2],[-3,6],[-73,-38],[-24,32]],[[55827,47587],[-36,49],[0,21]],[[55791,47657],[29,27],[24,8],[14,-32],[22,-26],[31,14],[23,20],[19,6],[54,38]],[[56007,47712],[20,-63],[-4,-3],[25,-55],[30,-42],[-20,-56],[14,-14]],[[58906,49997],[-98,-78],[-97,-93]],[[58711,49826],[-22,12],[-9,-4],[-27,41],[4,21],[-28,15],[-104,-87],[-52,-54]],[[58473,49770],[-37,20],[29,38],[-44,28],[6,9],[-23,16],[-6,-6],[-27,-9],[12,-14],[-22,-8]],[[58361,49844],[-40,74],[-7,37]],[[58314,49955],[5,15],[19,-3],[39,-20],[16,17],[45,-12],[23,69],[-2,8],[11,9],[39,27],[54,-31],[44,45],[10,3],[-3,4],[7,13],[-10,9],[11,13],[0,9],[38,6]],[[58660,50136],[18,-21],[35,6],[25,-9],[43,-27],[10,-2],[16,9],[31,-20],[19,-22],[0,-18],[13,-44],[11,-2],[19,13],[6,-2]],[[56213,47382],[-38,22],[4,3],[69,16],[179,58]],[[56427,47481],[6,1],[5,-11],[24,-11],[14,-14],[62,-23],[-64,-108],[-79,-90]],[[57114,49638],[118,-12],[231,-54],[70,-2],[20,-7],[65,7]],[[57618,49570],[32,-25],[4,-25],[30,-43],[-4,-32],[6,-11],[-21,-50],[46,-32],[0,-17],[18,-6],[36,-40],[56,-41],[6,-10],[92,-57],[-12,-19],[-51,-50],[-15,-32],[-5,-36],[12,1],[9,-47],[22,1],[8,6],[15,-5],[10,-7],[-3,-24],[28,-14],[100,-37]],[[58037,48918],[-2,-3]],[[58035,48915],[-22,-17],[-53,-1],[-28,-6],[-42,-30],[-12,-33],[-26,-31],[2,-17],[18,-9],[4,-10],[-9,-44],[-25,-44],[-24,-27],[-37,-7],[-22,-12],[-49,-58],[3,-16],[35,-18],[-2,-11],[-22,-18],[-5,-18],[6,-17],[37,-37],[4,-12],[-12,-5],[-39,8],[-15,-9],[-2,-25],[8,-32],[-25,-23],[-7,-16],[21,-33],[2,-12],[-55,-47],[-22,-8]],[[57620,48220],[-38,-25],[-43,-12],[-15,0],[-28,13],[-41,11]],[[57455,48207],[9,2],[-3,15],[-10,6],[7,12],[-31,1],[-8,13],[9,8],[-20,5],[-10,8],[12,13],[-7,27],[-14,4],[-16,-17],[-4,12],[19,14],[-5,11],[-25,-3],[-4,-8],[4,-10],[-8,-4],[-12,4],[0,8],[-10,8],[-10,-9],[-27,-2],[2,13],[-4,3],[-7,-5],[-27,-1],[11,16],[-10,6],[1,-8],[-12,-9],[-28,-1],[-44,-14],[-43,1],[2,16],[-29,-1],[-34,8],[-17,-10],[-41,20],[8,8],[-34,14],[-10,32],[-14,10],[7,18],[-4,7],[-17,11],[-12,15],[-44,22],[-42,39]],[[56849,48535],[-18,17],[-34,59],[10,21],[3,19],[13,12],[9,21],[-8,57],[10,11],[15,42],[13,-4],[8,38],[8,0],[4,17],[-14,-1],[-10,37],[-24,26],[-92,122],[-40,27],[11,37],[-1,17],[-8,2],[7,69],[-8,2],[9,33],[26,-22],[25,-40],[29,-9],[5,-14],[20,-4],[71,50],[72,-73],[-11,-5],[-17,-19],[-9,-16],[-12,-64],[10,-15],[31,-5],[39,4],[30,8],[50,38],[-33,56],[-9,10],[-11,2],[-3,17],[39,-4],[-64,72],[8,67],[-44,50],[-224,142],[2,27],[34,48],[-92,-10],[23,106],[-6,93]],[[56691,49706],[81,-30],[342,-38]],[[50493,43403],[-11,-7],[-14,-27],[15,-42],[-4,-16],[11,-30],[-21,-48],[5,-5],[-4,-5],[10,0],[2,-4],[-12,-15],[-14,-6],[-11,-18],[-46,-27],[-2,-16],[-26,-44],[0,-18],[14,-22],[-21,-37]],[[50364,43016],[-2,-3],[-48,4],[-34,7],[-21,14],[-11,-1],[-30,-37],[-3,-13],[-22,-15],[-32,7],[-64,-18],[-54,5],[-29,-14],[-51,-14],[-41,-29],[-29,5],[-31,-20],[-18,-2],[-12,6],[-11,-3],[-9,-48],[-39,-60],[-6,-16],[0,-15],[8,-14],[56,-26],[23,-5],[71,1],[32,-10],[-11,-113],[38,-70],[24,-22],[17,-90],[87,-103],[24,-37],[65,-53],[53,-64],[21,-32],[7,-36],[-12,-37],[-10,-12],[-29,-4],[-20,-14],[-43,-70],[-2,-44],[28,-67]],[[50194,41834],[27,-29],[69,-57],[20,-34],[2,-40],[17,-18],[29,-14]],[[50358,41642],[11,-5]],[[50369,41637],[4,-15],[-12,-6],[3,-13],[-17,-5],[0,-12],[-16,-5],[-4,11],[-16,-2],[3,-7],[-8,-4],[-17,5],[-2,5],[-15,0]],[[50272,41589],[-14,24],[-32,9],[-13,11],[-10,3]],[[50203,41636],[-6,9],[-19,6],[-16,19],[-21,7],[-8,17],[-40,-9],[-17,11],[-10,1],[-10,11],[-8,0],[-8,16],[-20,7],[-5,16],[-36,1],[-14,-4],[-26,-21],[-16,7],[-10,11],[-41,-7],[-24,17],[-48,9],[-7,11],[0,24],[-32,4],[-14,-2],[-7,8],[-20,4],[0,11],[-30,-4],[-34,7],[-9,13],[-17,56],[14,14],[-19,27],[-5,25],[-12,6],[-12,22],[32,54],[-4,27],[-12,17],[-17,9],[-13,24],[-5,52],[-22,4],[-8,10],[1,12],[11,8],[10,18],[-17,44],[-20,24],[2,10],[11,10],[9,21],[-15,26],[5,15],[43,47]],[[49587,42418],[16,-5],[8,2],[59,34],[23,0],[25,-20],[6,-34],[11,-3],[32,8],[38,-1],[13,-7],[5,-12],[30,-7],[12,12],[17,7],[20,-3],[24,48],[-8,13],[-97,71],[-15,-2],[-31,12],[-17,-2],[-52,38],[-68,32],[-2,7],[-27,2],[-22,10],[-36,5],[-69,38],[-37,7],[50,37],[26,41],[12,32],[-2,12],[-16,22],[7,27],[-12,37],[14,37],[22,21],[-15,23],[9,45],[-12,8],[-5,13],[32,25],[2,24],[13,-3],[-17,103]],[[49553,43172],[10,88],[-3,38]],[[49560,43298],[32,6],[15,-3],[53,4],[32,-19],[24,-6],[69,17],[15,-9],[14,-20],[26,-10],[23,-20],[21,14],[20,-12],[19,-1],[9,-9],[49,35],[39,14],[9,-13],[44,-22],[120,23],[20,5],[-1,50],[7,17],[35,35],[-2,18],[9,16],[26,8],[9,19],[29,7],[61,44],[27,11],[78,69]],[[55786,38238],[-8,-3],[-44,-46],[-9,-4],[-16,10],[-8,-2],[-18,-22],[42,-19],[56,-36],[43,-20],[-14,-40],[-36,-56],[94,-39],[-9,-25],[72,-18],[0,-10],[50,1],[33,-115],[-2,-30],[-117,-52],[-13,-16],[-18,-37],[-27,-30]],[[55837,37629],[-6,-5],[-26,2],[-11,-6],[-21,6],[-5,13],[9,3],[-1,5],[-13,4],[9,13],[-25,6],[-7,13],[-9,1],[-7,15],[-14,2],[-6,9],[-312,37],[-72,20],[-29,1],[0,-5],[-24,12],[-66,43],[-49,3],[0,143]],[[55152,37964],[24,10],[-4,38],[18,35],[-2,29],[-21,11],[5,13],[-5,29],[19,24]],[[55186,38153],[8,13],[17,9],[12,16],[90,49],[28,52],[29,30],[38,56],[1,11],[-15,18],[-10,-4],[-16,5],[-16,-3],[-10,7],[-11,-16],[-23,5],[-7,-4],[-12,26],[-2,22],[18,4],[-4,15],[22,37],[2,14],[34,23],[32,-4],[13,5],[14,-3],[6,-7],[14,3],[7,-10],[15,-1],[3,-8],[21,3],[34,-4],[86,-28],[26,-2],[10,-46],[-8,-4],[36,-51],[-23,-18],[-15,-22],[45,-30],[44,-40],[67,-33]],[[54127,38134],[23,12],[15,-3],[28,-19],[8,1],[-8,-14],[23,-10],[27,-37],[20,-11],[11,-15]],[[54274,38038],[-59,-44],[-13,-17],[-4,1],[-22,-33],[59,-27],[45,-7],[93,-66],[61,-31]],[[54434,37814],[43,-40]],[[54477,37774],[-32,-19],[-15,-44],[-30,-24],[-41,-23],[6,-31],[-14,-6],[1,-10],[-30,-9],[-2,-16],[15,-10],[-9,-22],[-14,-4],[-4,-8],[-4,-42],[9,-21],[10,-1],[-4,-21],[-11,-5],[2,-7],[-13,-12],[3,-11],[-8,-7],[-2,-27],[-9,-18],[7,-11],[6,-1],[-4,-12],[9,-2],[14,-41],[-2,-15],[-14,-22],[2,-8],[-7,-4],[6,-8],[-19,-42],[0,-15],[-10,-13],[7,-6],[-2,-27],[-18,-48]],[[54256,37101],[-67,1],[-61,-14],[-8,5],[7,12],[-22,-3],[-8,3],[-5,25],[6,32],[-13,81],[12,46],[-54,-6],[0,5],[-30,-5],[2,-10],[-53,1],[1,24],[-58,27],[-4,23],[-7,10],[1,6],[-18,-8],[1,16],[-23,35],[-31,19],[-24,31],[-8,-58],[-5,-3],[-20,-96],[-9,-25],[-34,4],[-7,-23],[-11,0],[-12,-34],[-36,5],[-37,-4],[-53,-69],[-36,-59],[-26,-12],[-22,3],[8,5],[-1,14],[28,0],[8,13],[-32,1],[-3,7],[6,16],[-27,8],[16,35],[39,56],[1,33],[13,5],[9,42],[7,10],[9,142],[12,73],[-80,4],[-34,-32],[-52,8],[-83,3],[-29,-9],[-35,-26],[-26,-9],[-9,5],[-28,-18]],[[53201,37472],[-37,68],[-27,66],[-3,15],[14,18],[-11,27],[14,19],[-4,7],[-12,2],[-9,16],[5,10],[18,0],[-10,12],[-11,39],[9,52],[12,34],[6,7],[13,0]],[[53168,37864],[39,19],[3,11],[-6,13],[8,11],[34,15],[96,72],[34,7],[41,-9],[10,-9],[9,-37],[11,-4],[14,5],[31,-19],[3,-8],[-6,-24],[28,-52],[10,-7],[25,1],[10,-9],[2,-26],[7,-12],[0,-19],[12,-34],[13,-10],[23,-7],[-7,-18],[25,-25],[25,-14],[22,-3],[13,8],[-29,45],[-28,28],[38,160],[31,73],[1,15],[43,82],[13,8],[28,2],[19,9],[30,-1],[41,19],[52,6],[26,9],[27,18],[41,8],[14,-18],[21,-11],[44,-7],[18,9]],[[55837,37629],[27,-17],[-1,-5],[-65,-79],[-63,-62],[8,-8],[6,-37],[14,-7],[13,-18],[-45,-24],[53,-53],[37,-24],[58,-51]],[[55879,37244],[-32,-36],[-21,-46],[-30,-36],[-12,8],[-15,26],[-93,-11],[-72,2]],[[55604,37151],[-21,27],[-5,22],[4,27],[-9,23],[-17,14],[-30,52],[4,18],[-4,75],[12,87],[-11,17],[-14,8],[-15,-1],[1,4],[-14,13],[-33,15],[-23,8],[-16,-2],[-46,11],[-21,-16],[-13,3],[-8,-14],[-4,5],[-8,-6],[0,-6],[-8,3],[0,-7],[-17,1],[-6,7],[-10,-11],[2,-13],[-7,2],[-9,-11],[-10,5],[-16,-18],[-9,7],[-9,-3],[-6,4],[2,7],[-9,-1],[4,6],[-16,10],[-7,12],[1,14],[11,-3],[4,9],[-11,28],[-36,15],[-13,24],[-44,17],[-8,12],[-20,-3],[-8,14],[-19,-1],[-23,13],[-3,8],[-17,1],[-8,14],[-17,1],[-13,9],[-30,9],[-25,-8],[-21,5],[-9,-3]],[[54873,37710],[-6,24],[4,28]],[[54871,37762],[-8,38],[-7,10],[-4,59],[21,74],[6,49],[15,20],[37,15],[18,-16],[19,0],[94,-32],[70,-15],[20,0]],[[55604,37151],[-36,-33]],[[55568,37118],[-66,12],[-8,-12],[18,-14],[-90,-67],[-5,35],[-12,16],[-19,4],[-14,10],[-43,3],[-42,61],[-16,39],[-11,40],[0,45],[-12,11],[-8,-1],[-7,9],[-25,6],[-9,22]],[[55199,37337],[-2,12],[-25,-4],[-8,4],[-52,101],[-37,0],[-42,11],[2,10],[-48,18],[3,21],[-53,20],[4,13],[-13,7],[-12,-19],[-37,26],[-53,-4],[-12,5],[4,17]],[[54818,37575],[45,59],[2,46],[8,30]],[[51319,38818],[11,-29],[-6,-29]],[[51324,38760],[-15,-37]],[[51309,38723],[-19,16],[-45,-3],[-20,-19],[0,-7],[24,-3],[16,-15],[-21,-11],[-10,-17],[-13,-3],[-9,15],[-2,51],[-18,18],[-20,5],[-13,12],[-33,-7],[-18,5],[-25,-7],[-42,19],[-13,-21],[-9,-2],[-22,5],[-16,9]],[[50981,38763],[25,25],[12,4],[-14,8],[-2,18],[-12,3],[3,7],[-9,6],[8,5],[-6,4],[7,14],[-9,12],[6,17],[-30,25],[-6,30],[-10,11],[-8,4],[-3,-8],[-21,-3],[2,11],[-6,2],[-7,12],[15,24],[-18,3],[-40,-17],[-55,-12],[12,9],[-7,29],[-21,8],[3,11],[7,3],[6,73]],[[50803,39101],[5,-8],[30,-4],[48,-28],[14,-17],[10,8],[7,-2],[17,8],[11,-9],[52,24],[11,-19],[9,3],[5,-9],[9,3],[0,-16],[90,16],[18,27],[70,17],[32,28]],[[51241,39123],[31,-24],[8,-23],[-7,-90],[-10,-26],[-24,-36],[3,-24],[21,-35],[56,-47]],[[54173,40801],[21,-15],[-10,-13],[16,-8],[5,3],[16,-20],[-15,-9],[33,-47],[12,4],[4,-3],[14,10],[29,1],[5,5],[35,-1],[25,6],[5,-5],[-11,-19]],[[54357,40690],[-21,-35],[-28,-19],[-6,-12],[15,-2],[81,14],[24,-2],[22,-32],[11,1],[25,-10],[33,-27],[34,10],[14,19],[23,-3],[32,-8],[26,-28],[28,-8],[36,6],[33,23],[28,10]],[[54767,40587],[10,0],[30,-21]],[[54807,40566],[-10,3],[-28,-16],[-16,-95],[8,-28],[22,-38],[13,3],[1,-9],[-9,-4],[1,-25],[17,1],[-5,-28],[-20,-3],[7,-21],[-9,-18],[30,-7],[-16,-53],[15,-1],[-7,-13],[4,-26],[-11,1],[9,-42]],[[54803,40147],[-16,3],[1,-5],[-40,-3],[-5,-4],[-33,4],[-47,-9],[0,-7],[-7,-1],[3,-11],[-11,-17],[-2,-13],[-28,-3],[-23,-16],[4,-35],[-21,-23],[-25,6],[-31,-21],[-3,-19],[-9,-1],[-1,-27],[-11,11],[-22,2],[-17,-6],[-5,-10],[-22,5],[-15,-17],[-17,-35],[-65,9],[-20,-6],[-7,-8],[-80,24],[-9,8],[-14,-16],[-21,4],[-13,-5],[-10,7],[-40,6],[-11,18],[-33,6],[11,-60],[-5,-12],[-14,-5],[-33,9],[-2,7],[-102,-11],[-7,12],[-19,7],[-13,-3],[-6,-7],[-17,8],[-13,-2],[0,4],[-11,-1],[-2,3],[-17,-2],[1,7],[-9,6],[-7,-8],[-13,5],[-26,54],[0,16],[12,37],[8,58],[22,89],[21,14],[5,18],[3,19],[-8,18],[5,19],[24,41],[1,47],[-10,3],[-2,23],[-12,-2],[-9,23],[9,8],[-26,19],[-2,46],[41,9],[8,6],[21,0],[32,-11],[16,6],[20,24],[13,27],[-47,30],[4,5],[16,0],[35,19],[-17,30],[18,16]],[[53974,40610],[55,68],[-15,34],[-35,42],[88,40],[25,2],[23,24],[30,-36],[28,17]],[[49743,36731],[17,8],[3,9],[-6,52],[-32,12],[-1,16],[-17,30]],[[49869,37514],[-7,157]],[[49862,37671],[113,2],[-9,-22],[12,-34],[3,-50],[83,-6]],[[50064,37561],[-9,-39],[46,-5],[46,-16],[48,-4]],[[50195,37497],[5,-77],[44,-166],[91,-141]],[[50335,37113],[-17,-19],[-24,-13],[-25,5],[-22,-10],[-23,6],[-60,-25],[-35,-6],[20,-21],[-61,-26],[4,-5],[-9,-7],[-10,2],[-18,-8],[-19,-1],[-5,-27],[-39,-61],[2,-14],[-5,-4],[48,-22],[34,-6],[35,6],[24,17],[51,-18],[-12,-26],[-47,-6],[-52,-17],[-115,10],[-13,-3],[-40,-27],[-67,-5],[0,-32],[-20,-51],[-35,5],[-37,27]],[[51988,38311],[-35,-18],[-18,-17],[-30,-6],[-9,-42],[-14,-18],[9,-31],[-20,2],[-34,-12],[-64,-37],[-39,-31],[-29,-6],[-31,9],[-19,-6],[-19,-16],[-19,-53],[-14,-21],[12,-2],[54,-29],[41,-14],[46,-37],[-24,-38],[15,-7],[19,-21],[5,-13],[14,-1],[7,-32],[55,-14],[-2,-29],[8,0],[32,-24],[18,-10],[32,-6],[84,16],[33,-9],[11,-15],[24,-7],[19,4],[42,-4]],[[52148,37716],[1,-27],[37,-44],[-1,-61],[-9,2],[-27,-81],[1,-25],[-45,-1],[6,-52],[-17,-22],[-11,-57],[-14,-18]],[[52069,37330],[-49,12],[-1,-19],[-11,1],[-1,18],[-21,1],[-140,-12],[-38,16],[-44,7],[-59,-22],[-35,-4],[-39,9],[-28,-1],[-46,21],[-36,2],[-59,-27],[-31,4],[-19,-15],[-20,2]],[[51392,37323],[-28,5],[15,20],[1,30],[-18,67],[-95,137],[-45,30],[-82,14],[-28,10],[-18,15],[-10,19]],[[51084,37670],[-12,83],[-17,43],[-9,37],[-17,32],[-1,22],[24,28],[59,34],[94,38],[35,26],[13,17],[2,20],[-9,20],[-84,54],[-12,19],[-2,16],[20,32],[14,10],[37,13],[21,27],[11,100],[18,92],[51,154],[24,46]],[[51344,38633],[15,-6],[25,0],[40,15],[-8,14],[2,14],[50,4],[12,15],[14,5],[8,13],[15,8],[1,7]],[[51518,38722],[14,1],[6,-4],[25,-42],[30,-37],[12,-63],[-8,-48],[11,-14],[17,-62],[62,-89],[43,-9],[72,2],[130,-13],[34,13],[-14,-23],[36,-23]],[[53031,41292],[-3,-11],[10,-27],[-12,-1],[-3,-11],[13,-2],[-5,-14],[-16,3],[-10,-14],[9,-6],[-8,-9],[-11,1],[-3,-10],[12,-8],[43,24],[5,-9],[8,12],[15,6],[1,-4],[14,4],[29,-5],[23,5],[4,-2],[80,48]],[[53226,41262],[14,-12],[-1,-15],[-8,-12],[20,-50],[-11,-17],[6,-8],[6,-1],[11,14],[-4,2],[7,8],[-1,5],[34,9],[3,13],[19,25],[14,10],[8,17]],[[53343,41250],[0,-9],[10,-5],[38,-51],[25,8],[5,-10],[-14,-4],[5,-81],[13,-2],[0,-5],[20,-6],[22,-18],[19,1],[11,-6],[12,3],[48,-19],[13,1],[11,-15],[-65,-61],[-26,-44],[-58,-114],[-3,-63]],[[53429,40750],[-51,-15],[-53,-39]],[[53325,40696],[-28,-6],[-38,-2],[-11,9],[-110,43],[-41,23],[-31,7],[-93,-4],[-40,3],[-21,8],[-29,-16],[51,96],[32,45],[-34,111],[-3,5],[-22,-7],[-7,8],[-1,17],[20,24],[18,60],[24,38],[2,9],[-9,9],[9,5],[-14,17],[-108,-20],[12,35]],[[52853,41213],[97,34],[23,26],[-2,4],[16,10],[9,19]],[[52996,41306],[35,-14]],[[58359,46060],[-1,-5],[-17,-4],[-49,-39],[4,-37],[-33,-3]],[[58263,45972],[-18,-19],[-30,-11],[5,-16],[-59,-2],[-11,-18],[-60,20],[5,-23],[-4,-35],[-13,-2],[-29,10],[-56,-2],[-49,11],[-20,-9]],[[57918,46185],[94,-25],[-2,6],[15,0],[0,-3],[17,-2],[-2,-9],[11,-3],[5,8],[7,0],[-14,18],[27,-6],[6,26],[41,46]],[[58123,46241],[65,-63],[55,-45],[116,-73]],[[57617,46856],[10,-41],[72,-61],[-17,-10],[-1,-16],[-12,-21],[-1,-11],[26,-1],[-5,-35],[-31,-34],[-24,-14],[-14,-19]],[[57620,46593],[-62,21],[-15,-33],[-7,2],[-86,69],[-84,36],[-41,25],[-17,27],[-17,2],[-37,-10]],[[57254,46732],[-5,17],[89,18],[18,7],[1,7],[12,0],[2,6],[38,14],[-18,29],[18,9],[-13,24],[24,4],[78,-5],[33,-20],[86,14]],[[52777,55577],[9,0],[26,-36],[34,-25],[14,-2],[14,-25],[8,-37],[18,-24],[-2,-23],[57,-61],[42,-11],[23,0],[8,-25],[-7,-28],[-15,-20],[-19,-10],[28,-32],[40,9],[41,-10],[39,-55],[82,-79],[14,-2],[17,11],[12,0],[-5,13],[46,18],[33,-33],[10,43],[25,-6],[18,-15],[47,-66],[2,-4],[-26,-19],[26,-21],[-45,-29],[-9,-11],[-13,-37],[5,-19],[-9,-22],[-21,-8],[-9,-25],[-22,-22],[37,-39],[35,-7],[17,-11]],[[53368,54754],[-29,-13],[-30,0],[-66,-30],[-1,-8],[17,-32],[-1,-16],[9,6],[27,5],[6,-10],[-30,-60],[1,-15],[14,-14],[-1,-12],[6,2],[-9,-19],[-9,-2],[0,-16],[14,-7],[-13,-9],[5,-11]],[[53278,54493],[-13,-3],[-15,-13],[-73,-22],[12,-24],[-3,-26],[7,-16],[35,-28],[48,-62],[32,-49],[10,-20],[0,-13],[17,-2],[0,-20],[26,-5],[0,-6],[22,-1],[-1,6],[11,-1],[2,6],[11,1],[13,16],[80,3],[3,7],[18,4],[9,-38],[43,-59],[-18,-25],[37,-13]],[[53591,54090],[-6,-9],[-7,6],[-11,-6],[-17,9],[-8,-3],[-13,14],[9,7],[-34,15],[-2,-12],[-16,-3],[-6,-7],[-11,-2],[-6,6],[-7,0],[-12,-12],[-1,-14],[-11,-11],[-18,-9],[-6,-15],[6,-4],[-15,-3],[-23,17],[-28,1],[-3,6],[-12,5],[-19,1],[-9,-5],[-23,1],[-7,5],[-18,-7],[-7,-9],[-17,4],[-1,-7],[-20,3],[-10,6],[-19,-3],[-50,36],[-15,-1],[-4,5],[-25,-1],[-15,6]],[[53074,54100],[-17,14],[-16,-8],[-15,1],[-6,11],[-16,-1],[-26,10],[-28,3],[-30,-16],[-60,-15],[-15,3]],[[52845,54102],[3,12],[-5,3],[5,11],[-16,-2],[-9,19],[-27,8],[17,19],[16,7],[14,30],[-30,11],[7,19],[-6,8],[8,3],[2,18],[-16,34],[-37,1],[-14,-6],[-16,0],[-25,12],[-13,-7],[-22,6],[-58,-2],[4,27],[-36,5],[-60,-4],[-28,6],[-36,22],[-22,23]],[[52454,54606],[-37,110],[22,82],[6,61]],[[52445,54859],[25,202],[-15,-3],[-88,34],[6,-22],[-10,-17],[-89,-4],[-24,3],[15,60],[46,111],[3,60],[-10,52],[19,19],[-48,6]],[[52275,55360],[-37,247],[0,37],[-5,4],[4,16],[12,12],[-11,13],[2,12],[20,14],[3,23],[10,4],[3,7],[-11,23],[1,18],[18,23]],[[52284,55813],[6,5],[24,2],[44,-11],[14,-9],[45,-74],[-3,-28],[9,-21],[18,-15],[32,9],[8,-8],[-5,-12],[6,-10],[12,2],[23,15],[23,6],[11,-8],[-7,-7],[1,-16],[18,-18],[19,-1],[15,14],[8,-1],[6,-10],[-23,-11],[-3,-6],[9,-24],[43,-15],[13,14],[7,-1],[3,-12],[15,-5],[61,25],[24,-16],[17,11]],[[51923,54751],[-49,-47],[-41,-97],[-3,-22],[-32,-46]],[[51771,54281],[-13,16],[-7,30],[-18,14],[-6,28],[-33,47],[-4,15],[-24,10],[-2,5],[-10,-4],[-17,5],[-13,10],[-6,14],[-19,14],[-31,11],[-12,19],[-15,9],[-2,12],[-27,33],[-25,48],[-44,48],[-22,8]],[[51421,54673],[106,98],[110,133]],[[51637,54904],[7,-20],[-5,-15],[35,-23],[90,-16],[50,4],[54,-11],[23,-11],[9,-22],[8,2],[0,-7],[13,-13],[6,-12],[-4,-9]],[[54435,44006],[-28,-43],[-20,-17],[4,-3],[-9,-16],[45,-25],[-21,-19],[16,-8],[1,-6],[-34,-18]],[[54389,43851],[-107,-81],[-55,-20]],[[54227,43750],[-24,28],[-46,28],[-15,24],[-1,32],[-4,7],[-42,18],[-21,15]],[[54074,43902],[75,55],[119,40]],[[54268,43997],[41,29],[3,-5],[10,0],[24,12]],[[54346,44033],[89,-27]],[[52903,52562],[-6,4],[-8,-7],[-36,20],[-14,-1],[-5,8],[-5,-19],[-13,-11],[8,-3],[-11,-18],[7,-1],[-14,-10],[-16,6],[5,24],[-15,2],[-11,-79],[4,-36]],[[52773,52441],[-28,1],[0,29],[-110,20],[-2,26],[-8,-5],[-16,53]],[[52609,52565],[32,3],[44,34],[19,-7],[20,24]],[[52724,52619],[24,-10],[17,22],[1,21]],[[52766,52652],[34,32],[18,-4],[2,5],[14,1],[8,19],[41,1],[6,-8],[13,-3],[2,-8],[18,-13],[6,-16],[-7,-16],[10,-25],[-18,-34],[6,-15],[6,-1],[3,-16],[-3,-3],[-22,14]],[[52186,44566],[4,-11],[16,-11]],[[52206,44544],[0,-10],[10,-21],[-12,-2],[-13,5],[-20,-43],[10,-9],[-21,-7],[-47,0],[-38,-8],[8,-11],[-23,-12],[7,-12],[-2,-18],[14,1],[3,-7],[11,0],[11,-32],[10,1],[2,-24],[8,1],[4,-11]],[[52128,44325],[-67,-1],[-47,-43],[-36,-3],[-3,-16],[-21,-13],[11,-30],[-61,-21],[-24,28],[-5,28],[-136,-21],[1,-3]],[[51660,44374],[28,23],[35,1],[-13,21],[-4,18],[11,6],[-11,15],[26,7],[3,-4],[62,28],[3,9],[25,15],[54,11],[13,9],[29,8],[5,-4],[20,7],[15,-2],[30,21],[16,1],[16,-9],[56,13],[7,5],[8,-3],[13,4],[31,-4],[27,-15],[21,11]],[[52540,52737],[-29,-23],[-48,-54],[-46,-67]],[[52417,52593],[-32,-50],[-45,11]],[[52340,52554],[-7,12],[8,5],[-30,23],[32,35],[-20,7],[13,17],[12,-5],[6,3],[-14,7],[4,5],[-9,8],[11,8],[-6,11],[-13,-4],[-16,55],[5,11],[-6,18],[-17,-4],[-3,15]],[[52290,52781],[76,22],[47,-33],[28,25],[37,-30],[-19,-23],[32,-19],[-1,5],[11,15],[4,-3],[14,8],[21,-11]],[[51819,52560],[1,-42],[20,-75],[15,-116]],[[51855,52327],[44,-359]],[[51899,51968],[-42,-19],[-16,-2],[9,-10],[23,-61],[-3,-38],[-14,9],[-21,0],[-14,6],[-37,-32]],[[51784,51821],[-16,16],[10,2],[0,5],[-31,31],[-6,17],[-11,10],[-64,-16],[-7,25],[1,39],[-18,30],[-13,40],[1,46],[-14,58],[-41,40],[-21,30],[-22,4],[-30,22],[-9,38],[-22,-7],[-19,35],[-13,60],[-29,37],[-4,16]],[[51406,52399],[55,1],[45,13]],[[51506,52413],[2,-4],[40,10],[43,20],[101,68],[37,34],[-1,8]],[[51728,52549],[13,-1],[21,26],[9,-2],[2,-6],[46,-6]],[[48076,38793],[-6,-18],[22,-8],[15,-18],[-52,-12],[-20,-10],[-10,5],[-5,-14],[10,1],[4,-9],[-27,-11],[-5,-13],[-40,-10],[-3,-4],[3,-43],[-5,-8],[58,-13],[6,-11],[11,-4],[1,-8],[9,-2],[4,-6],[-3,-9],[16,-23],[-4,-5],[12,-25],[-4,-14],[17,-21],[8,3],[7,-7],[-9,-14],[14,-14],[-6,-5],[-1,-24],[-28,7],[-22,-1],[-8,-4],[-27,50],[-77,-18],[-17,0],[-20,8],[-95,5],[8,-60],[-34,-5],[5,-21],[8,2],[0,-39],[-7,-8],[-10,-4],[-10,15],[-29,11],[-16,18],[-16,8],[-18,3],[1,-10],[-16,-5],[4,-15],[14,-1],[-3,-10],[-13,-6],[-13,-15],[-46,-25],[-34,-12],[-20,2],[-43,-23],[-14,0],[-6,-71],[-20,-2],[-1,-22],[-30,9],[-8,-12],[-40,-23],[-51,-16],[-10,1],[1,6],[-16,15],[-2,16],[-9,6],[-17,-12],[-34,-6],[-37,3],[-70,-11],[-17,-6],[-5,-8],[-26,7],[-18,17],[2,27],[-31,-7],[-13,40],[-39,58],[-16,12],[-11,21],[-1,27],[-17,-6],[-43,0],[-101,-19],[-2,-10],[-18,3],[-54,-33],[11,-12],[-1,-27],[13,-17],[9,-37],[-31,-24],[-14,-17],[-24,-15],[10,-13],[-2,-18],[55,-3],[7,-31],[-16,-26],[-2,-23],[12,-18],[39,-10],[0,-7],[14,-11],[19,-28],[6,-25],[-13,-35],[-24,-9],[13,-13],[1,-19],[-27,-76],[8,-13],[3,-30],[-16,-91],[3,-15],[-15,-3],[-12,-8]],[[46763,37596],[-20,22],[-9,-7],[-17,5],[-11,-10],[-14,3],[-17,-4],[-30,8],[-7,-4],[-7,8],[-7,-5],[-18,3],[-6,-5],[-18,5],[-7,-10],[-18,3],[-26,-17],[-14,5],[-4,-5],[-6,2],[-5,-5],[-7,2],[-7,-4],[-9,6],[-7,-3],[-8,5],[-3,-5],[-15,11],[-8,-2],[-9,5],[-56,-37],[-11,13],[26,21],[-8,23],[-27,-10],[-16,-13],[-6,27],[-27,33],[-10,23],[-27,0],[-3,5],[-48,-17],[-13,21],[-37,38],[74,24],[-25,40],[7,10],[4,-6],[16,13],[26,2],[-1,7],[21,28],[27,12],[4,-6],[13,-1],[16,5],[15,-5],[18,4],[5,8],[-3,6],[-63,59],[-21,2],[-47,18],[-43,0],[-33,13],[-16,20],[-30,1],[-39,67],[-23,1],[-23,-7]],[[46045,38045],[-11,28]],[[46034,38073],[-12,10],[-1,8],[27,20],[-16,17],[-2,18],[-26,-10],[-3,8],[29,11],[-1,34],[39,2],[33,-10],[30,3],[87,-5],[81,18],[113,12],[24,14],[-26,27],[5,31],[-18,32],[-27,22],[19,11],[19,2],[9,7],[-16,17],[-17,44],[4,8],[-14,6],[-2,13],[5,9],[-8,0],[3,7],[-26,6],[33,82],[18,29],[-7,14],[-13,-2],[-10,-10],[-19,-1],[-5,19],[40,8],[-24,34],[1,25],[-51,7],[-4,21],[-16,24],[-2,24],[-28,24],[-35,19],[-44,-10],[-47,4],[-22,-20],[-17,-3],[-41,0],[-22,26],[1,15],[-9,21],[9,3],[28,40],[-1,10],[-24,24],[-1,11],[11,10],[3,16],[-5,17],[12,14],[9,-1],[13,11],[8,21],[-4,9],[3,15],[11,33],[59,16],[7,8],[35,10],[11,7],[25,44],[18,7],[14,-10],[12,-22],[40,-17],[2,-19],[6,0],[-3,17],[22,18],[-2,4],[29,10],[35,-8],[42,-19],[12,-16],[11,-30],[66,69],[9,16],[-6,12],[-23,6],[-11,37],[3,20],[10,8],[22,5],[95,2],[4,-17],[23,4],[34,-13],[90,-13],[17,-8],[11,2],[1,-12],[72,-3],[10,-26],[23,-11],[14,-36],[-2,-7],[9,-4],[10,-24],[5,2],[-2,11],[26,11],[30,5],[9,12],[1,19],[59,41]],[[47079,39156],[9,-16],[30,-1],[15,21],[-2,33],[17,2],[3,-11],[7,-2],[129,-10],[89,-43],[35,-9],[22,-21],[15,9],[12,1],[4,12],[11,0],[6,8],[25,-5],[17,26],[12,4],[-7,22],[2,14],[-18,22],[0,13],[7,4],[-2,9],[-13,-4],[-24,34],[5,17],[-6,9],[20,7],[-19,16],[-78,-44],[-7,6],[5,10],[-5,13],[-9,0],[-29,32],[-15,27],[-9,3],[5,7],[-8,8],[3,15],[-7,20],[-23,12],[5,4],[-1,11],[31,10],[0,8],[16,5],[6,21],[-12,7],[6,26],[-12,13],[7,9],[-23,3],[2,5],[-8,11],[4,12],[13,6],[11,-2],[102,-44],[4,-13],[22,1],[2,-4],[22,7],[10,-47],[-14,-10],[3,-3],[34,3],[24,-14],[20,-4],[40,5],[75,-13],[29,-29],[5,-15],[14,-8],[25,4],[13,-9],[15,-2],[18,-9],[9,-11],[11,0],[15,-10],[-3,-17],[-20,-24],[9,-26],[14,-5],[-2,-11],[10,-26],[-6,-16],[11,-33],[-5,-49],[25,-24],[1,-13],[-14,-15],[4,-14],[7,-5],[-3,-11],[7,-7],[-19,-16],[-36,-4],[-6,-7],[0,-12],[-7,-3],[0,-15],[10,-5],[-10,-17],[17,-5],[14,-21],[-16,-35],[8,-7],[30,-5],[32,15],[9,11],[16,-12],[51,5],[5,-9],[8,3],[23,-4],[7,-6],[10,10],[11,-5],[6,-9],[-14,-5],[6,-34],[8,-16],[24,-11],[2,-7],[-24,-34],[-41,-23],[46,9],[25,13]],[[45215,48037],[0,-11],[7,-6],[-48,-41],[-31,-17],[-49,-12],[-15,-15],[9,-19],[1,-18],[-15,-42],[-13,-20]],[[45061,47836],[-161,6],[-17,5],[-19,16]],[[44864,47863],[6,4]],[[44870,47867],[43,25],[55,2],[22,18],[11,39],[22,46],[8,34],[19,28]],[[45050,48059],[49,55],[31,7],[20,-6],[20,-12],[18,-48],[27,-18]],[[57402,44684],[9,-35],[26,-20],[21,-5],[-6,-7],[-27,-16],[-16,4],[-18,-12],[-18,-18],[-8,-19],[-28,-17],[-93,-21],[-64,-3],[-44,-35],[14,-35],[0,-6],[-8,-5]],[[57142,44434],[-15,23],[-34,32],[-77,46]],[[57016,44535],[-5,15],[9,4],[-10,28],[-11,0],[-26,35],[1,8],[33,3],[6,46],[30,-11],[32,3],[22,-11],[14,0],[24,9],[27,2],[35,15],[8,8],[22,6],[18,16],[13,1],[24,-9],[16,4],[10,18],[10,4]],[[57318,44729],[9,2],[20,-11],[32,0],[-2,-17],[9,-11],[16,-8]],[[59813,45558],[2,4],[19,-8],[18,-29],[0,-9],[-16,-12],[246,-103]],[[60082,45401],[-63,-67],[-19,-12],[-78,-88],[-32,-27],[-32,-10],[-53,2],[-23,-14],[-25,8],[-35,-11],[-26,-3],[-11,4],[8,-15],[-5,-6],[-16,13],[-26,9],[-9,10],[-12,-8],[13,-19],[-43,-30],[13,-19],[-69,-41]],[[59539,45077],[-27,-19],[-48,19],[-70,49],[-14,-27],[-22,-21],[0,-16],[-11,-11],[12,-10],[-5,-5],[-16,11],[-6,13],[-25,9],[-15,12],[-3,30],[-59,69]],[[59230,45180],[36,28],[55,90],[24,17],[22,36],[44,21],[13,19],[29,10]],[[59453,45401],[22,35],[32,19],[70,13],[15,12],[15,4],[4,14],[-48,40],[34,38],[-10,5],[8,17],[47,-18],[-3,9],[29,30]],[[59668,45619],[103,-77],[42,16]],[[57567,43739],[0,-20],[23,-31],[30,-32],[46,-33],[36,-66],[91,-103],[43,-40],[14,-21],[8,-38],[6,-4],[-3,-17],[11,-17],[18,-14],[48,-17],[19,-13],[-7,-26]],[[57950,43247],[31,-61],[-11,-67],[-7,-13],[-18,-8],[7,-13],[-11,-15],[-54,-17],[-28,7],[-12,-71],[3,-9],[-10,-4],[-1,-17],[-6,-8],[-16,-5],[-3,-8],[4,-10],[-7,-10],[15,-12],[3,-17],[19,-14],[15,1],[15,-16],[6,-35],[-14,-10],[11,-19],[15,-9],[41,-11],[6,-20],[-22,-16],[-4,-9],[-11,1],[-8,-7],[-6,-25],[-12,-4],[1,-8],[-8,-1],[-1,-11],[-12,-14],[-3,-25],[5,-12],[-6,-2],[0,-17],[11,-3],[2,-11],[-9,-7],[7,-5],[-1,-7],[-16,-21],[-21,-7],[-14,13],[-25,6],[-36,-10],[6,-22],[14,-4],[7,-10],[-7,-16],[3,-4],[-10,-6],[14,-13],[3,-22],[-13,-17],[-13,-39],[-60,-46]],[[57698,42355],[-35,15],[-13,11],[-14,20],[8,5],[-7,7],[-28,-18],[-28,-8],[-2,-5],[-12,2],[-5,24],[13,9],[-2,20],[-4,9],[-7,2],[-6,42],[-8,5],[0,7],[37,49],[-24,-5],[-24,-23],[-46,7],[-14,-5],[-13,9],[-47,6],[-28,-13],[-1,3],[-23,1],[-26,12],[10,49],[-8,-1],[-14,29],[-81,30],[-44,34],[-21,27],[-3,21],[20,37],[5,56],[-9,-4],[-14,1],[-23,21],[-12,-4],[-15,4],[-7,-4],[-13,14],[-8,-7],[-23,-5],[-10,-10],[-76,-6],[-22,-21]],[[56971,42804],[-50,107],[-19,22],[7,8],[28,1],[0,14],[-23,1],[-9,10],[48,47],[18,36]],[[56971,43050],[8,2],[10,24],[5,37],[-5,16],[12,5],[28,42],[-12,11],[-8,26],[-49,40],[41,35],[29,42],[8,2],[26,41],[-66,18],[10,29],[-36,19],[-43,38],[4,6],[-12,9]],[[56921,43492],[19,17],[58,73],[-102,126],[-4,38],[23,18],[23,-3],[15,6],[-7,27]],[[56946,43794],[32,44],[11,5]],[[56989,43843],[23,10],[9,14],[26,9],[7,11],[22,7]],[[57076,43894],[-1,-18],[26,-29],[48,38],[48,59],[15,-6],[75,-103],[-51,-19],[14,-19],[88,23],[13,21],[12,-8],[36,62],[85,59]],[[57484,43954],[32,-32],[12,-26],[5,-1],[-2,-17],[9,-1],[-2,-36],[12,-88],[10,-3],[7,-11]],[[58948,43576],[24,-41],[-15,-7],[11,-17],[-26,-10],[9,-24],[19,-25],[11,-52],[-30,-93],[-7,-4],[-12,-22],[-27,19],[-66,9],[-16,0],[-20,-17],[-11,-3],[-16,-15],[0,-24],[8,-14],[-10,-14],[-1,-22],[43,-11],[-3,-33],[-19,2],[-40,17],[-38,-69],[39,-26],[21,-8],[29,-2],[9,-8],[-36,-21],[-22,-30],[78,-61],[19,-32],[14,-13]],[[58867,42905],[-1,-3],[-29,1],[11,-113],[-5,-1],[9,-23]],[[58852,42766],[-31,-8],[1,-23],[26,-24],[28,3],[4,-16],[-40,-4],[-1,-28],[1,-30],[34,-69],[-13,-2],[5,-15],[19,2],[8,-37],[-13,0],[-6,-23],[-4,2],[-16,-21],[8,-10],[18,-8]],[[58880,42455],[-27,-18],[16,-13],[-18,-24],[-9,-6],[-10,2],[-6,-15],[11,-2],[-7,-14],[-29,12],[-16,-28],[-3,8],[-8,0],[4,-8],[-11,-8],[42,-25],[-14,-78],[-11,2],[0,-11],[-34,-20],[-45,-3],[-12,2],[-22,28],[-1,-48],[9,1],[6,-14],[-8,-13],[-10,-5],[-6,-17],[-40,20],[-17,1],[-15,-26],[-21,-18],[69,-22],[-30,-39],[-38,18],[-40,-25],[-22,10],[-23,-25],[-37,16],[-20,-20],[-44,-25],[-29,-5],[-9,-6],[-2,-15],[-18,-24]],[[58325,41955],[-24,-47],[-35,-6],[-22,60],[-95,96],[-39,-29],[-24,9],[-10,8],[-15,-8],[-23,7],[-32,-30],[-30,11],[-36,6],[-20,-9],[-12,2],[-42,-8]],[[57866,42017],[11,8],[11,24],[-48,-1],[-24,9],[-35,32],[-112,65],[-33,28],[-6,19],[9,10],[5,19],[11,10],[9,31],[-7,28],[5,25],[13,22],[16,1],[7,8]],[[57950,43247],[78,7],[51,-22],[25,77],[-4,44],[32,27],[48,-39],[42,-20],[3,3],[23,-5],[20,5],[5,5],[31,6],[15,8],[21,0],[24,17],[23,4],[38,34],[11,38],[30,18],[4,25],[12,10],[6,22],[42,29],[34,40],[28,14],[-16,39],[2,21],[-11,12],[-3,16],[30,22],[33,-2],[42,12],[21,-11],[29,-8],[25,-32],[18,-42],[58,-6],[26,-26],[18,-4],[27,-28],[20,-8],[22,22],[15,5]],[[53705,44253],[-18,-10],[-19,3],[0,19],[-7,5],[-9,-6],[-6,9],[-14,-9],[-4,5],[-16,-6],[-20,-19],[22,-16],[-17,-11],[-12,16],[-21,-10]],[[53564,44223],[-13,-2],[-13,68],[-14,3],[-4,-10],[-7,0],[-1,-10],[-14,-9],[-24,-6],[-10,7],[-15,-5],[-40,37],[-11,0],[-13,-20],[-5,0],[0,30],[8,5],[-61,26],[-5,-6],[-8,3],[-11,-9],[11,-24],[-17,-5],[-7,7],[-27,-12],[-16,29],[-10,-4]],[[53237,44316],[-5,0],[-5,20],[6,16],[26,9],[-5,10],[5,22],[-6,5],[5,8],[-8,8],[4,22],[-14,11],[14,30],[18,-1],[11,8],[15,21],[-6,2],[2,8],[8,-1],[3,9]],[[53305,44523],[117,-25],[46,-19],[48,-29],[60,-52],[129,-145]],[[53732,44828],[-6,-23],[-18,6],[-2,-16],[14,-4],[-3,-12],[11,-1],[3,-54],[-9,-11],[-22,25],[-18,-12],[6,-4],[-7,-4],[19,-14],[-17,-21],[21,-2],[1,-5],[-11,3],[-6,-5],[-8,4],[-40,-25],[3,-29]],[[53643,44624],[-231,99]],[[53412,44723],[18,20],[-9,29],[-43,36],[-30,40],[-25,16],[-13,19]],[[53310,44883],[-26,40],[36,19],[7,24],[15,12],[24,12],[11,-4],[8,3],[1,8],[27,13],[16,4],[4,-5],[32,14],[23,-14],[12,13],[11,-5],[9,4],[0,10]],[[53520,45031],[9,0],[-2,-12],[20,-22],[9,10],[22,2],[10,-56],[0,-39],[24,-45],[21,-16],[47,-17],[52,-8]],[[55816,47488],[-3,-25],[7,-12],[12,-4],[2,-10],[-4,-8],[-33,-21],[8,-26]],[[55805,47382],[-11,4],[-17,-7],[-78,-5],[-31,-19],[-26,-6],[3,-12],[-8,-17],[-18,-8],[5,-8],[-24,-12],[-23,-6],[-5,3],[-9,-14],[9,-12],[-11,-13]],[[55561,47250],[-46,18],[-54,7],[-79,-18],[-147,10]],[[55235,47267],[-73,36],[-23,6],[5,6],[8,-2],[11,16],[5,20],[5,0],[-4,13],[-9,-1],[-4,18],[18,12],[-23,-1],[4,-8],[-64,7],[-1,-7],[-31,5],[0,6],[-11,1],[0,-6],[-15,2],[1,5],[-18,2]],[[55016,47397],[-30,49]],[[54986,47446],[-8,18],[15,0],[-9,17],[5,4],[-14,10],[-10,24],[-8,-1],[-18,50]],[[54939,47568],[12,-8],[18,13],[52,4],[43,11],[18,12],[28,-8],[63,5],[12,-6],[27,0],[81,-35],[51,-8],[-4,-17],[30,-10],[75,-51],[19,10],[19,-29],[72,20],[32,-1],[12,-9],[15,5],[8,-3],[72,8],[56,25],[66,-8]],[[56238,47701],[5,-7],[-4,-9],[4,-14],[20,-24],[26,-47],[138,-119]],[[56122,47335],[-28,42],[-43,43],[-23,33]],[[56072,47479],[31,-39],[25,27],[41,32],[25,-2],[-21,22],[-8,39],[29,25],[10,-13],[4,16],[18,15],[-23,66],[-15,15],[-21,11],[7,21]],[[56174,47714],[19,21],[45,-34]],[[55743,49094],[-7,-5],[-1,-11],[19,-7],[-15,-29],[-42,-4],[-23,-11],[-40,-7],[-8,-4],[-1,-10],[23,-58],[17,-17],[33,-13],[-7,-16],[23,-26],[21,-17],[52,-71],[-1,-28],[7,-3],[23,-77],[7,-81]],[[55823,48599],[-16,-1],[-30,8],[-44,-3],[-17,-26],[6,-17],[-39,-22],[-1,-15],[-30,-32],[-35,-13],[-80,-9],[-28,-15],[-44,-11],[-10,7],[0,5],[-62,12],[0,17],[-19,21],[-73,30],[-25,14],[-31,7],[-15,35],[-83,37],[-35,35],[-17,3],[-8,8]],[[55087,48674],[-21,14],[-58,17],[-63,26],[-30,22]],[[54915,48753],[-38,39],[-3,18],[-11,15],[-9,1],[-15,-9],[-10,4],[-60,60],[-66,28],[-14,12]],[[54689,48921],[-22,45],[-24,31],[-53,31],[9,0],[36,60],[15,38],[9,-1],[14,58],[-48,1],[-1,10],[-18,-4],[-8,34],[41,28],[-46,42],[-52,33],[-25,10],[67,36],[-5,14],[7,5],[-3,3],[19,33],[-2,59]],[[54599,49487],[17,0],[1,4],[12,2],[86,-6],[39,-11],[34,-4],[-5,-20],[36,11],[3,-14],[28,7],[1,-11],[-7,-5],[1,-5],[8,2],[0,-9],[20,-3],[-1,-9],[24,-9],[11,-13],[39,-5],[53,-26],[9,7],[20,-19],[11,-3],[30,16],[18,-5],[26,-11],[19,-18],[37,-4],[23,-19],[10,-24],[58,7],[39,26],[17,17],[7,19],[27,16],[26,-21],[5,2],[14,-10],[6,4],[12,-7],[6,-21],[10,-2],[14,-13],[49,-2],[20,-9],[2,-7],[34,-10],[15,-11],[1,-13],[8,0],[15,-20],[17,0],[9,-8],[15,0],[7,-13],[21,-7],[4,-9],[10,2],[1,-7],[12,-4],[10,-18],[-8,-20],[9,-3],[4,-11],[11,-3],[-1,-11],[6,-1],[-2,-6],[6,-7],[21,-3],[4,-5]],[[56705,53480],[-8,-21],[11,-10],[53,7],[26,14],[50,-4],[9,-9],[18,-40],[73,-37],[12,-23],[-4,-48],[-27,-22],[23,-7],[33,-27],[3,-9],[-8,-11],[3,-23],[-22,-31],[-46,-30],[-12,-63],[9,-15],[57,-39],[7,-18],[-15,-41],[-5,-2],[-32,10],[-11,-31]],[[56902,52950],[-8,-33]],[[56894,52917],[-8,-15],[-23,-21],[-2,-38],[7,-34],[14,-14],[5,-23],[-4,-17],[22,-19],[1,-16],[-64,-2],[-40,-62],[-15,0],[-20,8],[-45,1],[-19,-10],[-16,-16],[-49,-1],[-18,-20],[10,-13],[-3,-5],[-11,-2],[-11,11],[-26,-5],[-13,-14],[6,-5],[27,-1],[7,-5],[0,-8],[-13,-13],[8,-10],[-15,-8],[-15,0],[-20,-11],[-7,22],[-15,0],[0,-10],[-19,-22],[-13,-22],[-2,-15],[-7,-7]],[[56488,52475],[-18,7],[-7,14],[-47,-16],[-25,2],[0,-15],[25,-13],[13,-13],[-20,-29],[-45,-19],[-102,-13],[-73,-16],[-28,4],[-15,-6],[-17,-15]],[[56129,52347],[-29,13],[-23,-23],[-34,15],[-15,-22],[-54,-42],[1,13],[-6,-1],[8,67],[-12,37],[-21,27],[30,53],[-18,11],[-60,18],[-36,7],[-9,-62],[-14,-4],[-23,-39],[-30,-22],[-13,36],[-11,-2],[-36,36],[-9,-9],[-31,36],[-37,-23],[-26,12]],[[55621,52479],[-25,21],[-6,19],[1,53],[12,5],[-3,7],[-22,20],[-31,19],[-27,-2],[-20,5],[-14,-6],[-23,15],[-7,26],[34,60],[-12,30],[6,31],[9,8],[10,-4],[14,15],[-9,25],[-28,23],[-51,60],[-24,40],[7,37],[-21,13],[3,20],[15,18],[10,26],[22,-11],[25,27],[14,-4],[21,-16],[16,29],[43,-15],[13,-11],[57,78]],[[55630,53140],[48,68],[-12,24]],[[55666,53232],[41,23],[56,44],[17,-19],[43,-26],[40,-2],[32,-16],[15,2],[22,11],[36,9],[32,1],[36,13],[40,8],[3,-11],[59,-26],[7,-14],[45,-20],[18,1],[14,7],[25,-1],[28,10],[31,-21],[42,-43],[10,-36],[15,-21],[39,-5],[19,-12],[9,-24],[-2,-19],[11,-28],[8,-1],[1,-12],[18,-9],[1,-22],[10,-19],[10,-6],[14,21],[10,4],[7,20],[-15,76],[28,3],[2,34],[16,7],[8,-11],[36,20],[7,0],[23,17],[-15,22],[-14,-7],[-19,-1],[-20,3],[-14,27],[42,28],[3,17],[-4,7],[-33,-12],[-31,47],[1,17],[-6,7],[3,49],[-12,44],[45,-17],[13,44],[-9,15],[5,18],[105,50],[8,1],[11,-21],[13,3]],[[58025,39466],[-11,-38],[8,-37],[-1,-42],[13,-19],[-2,-8],[-59,-8],[-35,1],[-42,11],[-61,-8],[-46,-22],[-36,-42],[15,-27],[0,-13],[-15,-3],[-8,-19],[-46,-56],[-16,-8],[-14,1]],[[57669,39129],[-45,21],[-61,1],[-92,15]],[[57471,39166],[-2,49],[-11,25],[-77,56],[-68,75]],[[57313,39371],[15,38],[3,27],[135,62],[33,23],[21,26],[17,-5],[13,13]],[[57550,39555],[120,-94],[4,-30],[26,-5],[14,12],[12,-11],[-3,-4],[16,-6],[13,-1],[5,11],[-7,10],[29,13],[-2,4],[64,16],[10,8],[19,0],[31,-13],[18,-11],[-10,-16],[26,-11],[36,24],[23,-9],[10,26],[17,3],[4,-5]],[[58585,37464],[22,-6],[39,-24],[3,-21],[-22,-8],[-18,-22],[4,-21],[-16,-57],[6,-12],[34,-36],[13,-38],[12,-8],[11,-1],[9,-11]],[[58682,37199],[-77,-30],[-85,-3],[-98,-21],[-43,-21],[-1,-6],[37,-13],[-33,-39],[3,-6],[-34,-22],[8,-12],[-25,-23],[-3,-22],[-16,-47],[-16,-13],[-16,2]],[[58283,36923],[-13,23],[-28,31],[-32,23],[-39,-35],[-23,-5],[-19,-12],[-30,0],[-5,-12],[-16,3],[-8,-6],[-50,-6],[-39,-18],[-57,6],[-10,-3],[-19,6],[0,6],[-14,8],[-30,-70],[-11,-11],[-8,1],[-6,-18],[-35,-5]],[[57791,36829],[-27,-6],[-88,4],[-36,27],[-6,21],[-26,38],[-4,31],[17,29],[9,71],[21,47],[-1,42],[-77,-5],[-23,14],[-29,-45],[-5,-39],[10,-29],[-30,2],[-34,25],[-44,9],[-28,13],[-15,0],[-36,20],[-8,11],[-12,3],[8,20],[-31,11],[31,135]],[[57327,37278],[87,-4],[14,3],[13,68],[10,7],[8,20],[9,4],[20,50],[18,13],[14,-19],[12,11],[2,24],[33,12],[27,6],[26,-7],[7,26],[-9,15],[8,29],[-7,8],[4,21],[-12,14],[-16,44],[14,12],[-1,12],[18,13],[4,15],[-8,22],[12,1],[5,26],[-21,0],[-56,19],[26,47],[18,1],[28,16],[-5,20],[5,33],[20,20],[4,6],[11,5],[-4,8],[9,46],[20,6],[3,8],[10,1],[-12,37],[-11,3],[-2,5],[3,19],[16,4],[19,18],[18,6],[20,30],[19,10],[15,31],[-38,36],[-8,30],[2,31],[-7,26],[31,54],[-12,11],[-7,-4]],[[57753,38307],[3,15],[13,6],[18,-3],[-1,-8],[25,-7],[-18,-45],[13,-3],[6,4],[17,-28],[29,-22],[18,-1],[13,8],[-1,8],[24,17],[0,5],[19,8],[14,-4],[13,11],[37,-12],[53,-40],[3,-20],[41,-20],[-3,-25],[-17,-18],[15,-18],[10,-3],[27,6],[13,-8],[-5,10],[4,2],[12,-10],[13,-1],[7,8],[20,-11],[-1,-13],[9,-10],[-25,-18],[-5,-21],[11,-16],[-8,-11],[15,-6],[17,-29],[36,2],[24,-8],[6,9],[2,-6],[12,-3],[13,4],[13,16],[13,0],[7,-6],[8,10],[16,0],[5,-11],[14,1],[23,-24],[8,-19],[7,2],[4,11],[22,-12],[-8,-13],[8,-3],[0,-15],[-16,-14],[-2,-20],[5,-31],[12,-21],[8,-4],[20,10],[7,-10],[20,-10],[30,13],[20,-11],[38,0],[-4,-15],[12,3],[11,-16],[-12,-39],[2,-18],[-20,1],[-4,-4],[4,-8],[-10,2],[4,-39],[19,-1],[-3,-5],[7,-6],[5,8],[9,-4],[13,5],[-18,-17],[10,-3],[15,21],[26,-8],[31,2],[57,-39],[-13,-2],[-8,-7],[7,-5],[1,-8],[10,0],[-21,-25],[-30,-2],[-10,6],[-8,-4],[-4,-11],[-15,-7],[-11,7],[-25,-19],[-3,6],[-6,-1],[-6,-33],[-13,5],[-9,-6],[3,-10],[-11,-8],[-9,-20],[15,-31],[14,-7],[7,5]],[[60370,38170],[32,-30],[10,-22],[-3,-6],[81,-69],[-14,-13],[34,-35],[11,8],[20,-21],[1,-9],[45,-31],[-2,-18],[-19,-33],[-24,-58],[-55,-73],[-11,-8],[-54,-65],[-36,-60],[-1,-7],[10,-7]],[[60395,37613],[-14,-32],[-23,-100],[-56,11],[-38,-3],[-4,-19],[16,-23],[26,-3],[-11,-60],[-26,1],[-14,-26],[-13,0],[-5,-26],[-4,0],[2,-15],[-47,-27],[9,-10],[4,-34],[30,-34]],[[60227,37213],[2,-7],[-22,-32],[-16,-9],[-23,-3],[-8,-7],[-6,4],[-28,-7],[-21,-17],[-12,-22],[22,-28],[-32,-13],[10,-49],[31,-46]],[[60124,36977],[-59,28],[-15,12],[-41,11],[-47,22],[-37,20],[-32,30],[-35,18],[-11,35],[-28,17],[-12,28],[-69,58],[-34,22],[-122,106],[-14,-16],[-20,-40],[-20,-13],[-12,2],[-22,-22],[-122,70],[-34,47],[4,5],[-22,22],[-17,9],[-19,23],[3,2],[-26,22],[-19,25],[8,7],[-2,6],[-48,47],[5,6],[-32,23],[3,6],[-28,11],[21,28],[-10,5],[0,17],[-14,24],[-31,5],[-18,12],[3,8]],[[59099,37725],[43,25],[30,3],[5,26],[-11,1],[-11,11],[5,8],[-11,10],[9,20],[22,-2],[5,6],[-9,11],[9,2],[2,13],[-6,5],[16,23],[-15,12],[-32,3],[-6,14],[-65,60],[-30,45],[-53,58],[8,14],[-7,55],[14,53],[-40,14],[-15,13],[-19,26],[-2,6],[6,7],[-29,39],[41,30],[16,21],[-26,37],[6,12],[8,3],[3,7],[14,3],[49,67],[41,18],[-3,4],[11,7]],[[59072,38515],[6,-6],[-8,-10],[7,-19],[7,-5],[3,6],[20,-8],[25,7],[16,23],[13,8],[29,7]],[[59190,38518],[17,1],[20,-9],[18,-26],[27,0],[13,12],[1,39],[8,15],[32,8],[26,-21],[22,-32],[40,4],[19,-5],[17,-24],[9,1],[2,-9],[7,7],[33,2],[25,-36],[16,-1],[3,-9],[17,-12],[38,27],[6,12],[12,6],[27,-4],[17,-14],[22,2],[16,-5],[6,9],[9,-4],[33,12],[18,38],[44,-12],[24,22],[17,2],[5,6],[0,-16],[25,-26],[-6,-2],[31,-114],[0,-19],[4,-14],[8,-1],[-3,-10],[5,-21],[24,-30],[-7,-10],[5,-8],[-18,-18],[8,-5],[-6,-7],[7,-3],[-4,-12],[10,-7],[-4,-9],[11,2],[-4,-7],[42,2],[9,-5],[14,8],[16,-4],[37,7],[15,-11],[3,-9],[11,-11],[12,0],[12,-9],[6,4],[3,-8],[15,0],[7,-11],[7,-2],[-1,-10],[17,-12],[4,-16],[12,-4],[1,-6],[26,3],[18,-5],[65,11],[44,26],[18,32],[15,17]],[[58068,38669],[-38,6],[-21,-12],[-44,-1],[-24,8],[-25,-25],[-46,13],[-6,12],[-28,-5],[-6,21],[-34,-5],[-5,13],[-39,-2],[-9,-7],[-48,-13],[-9,-23],[-14,-15],[-6,3],[-32,-22],[-1,21],[-7,3],[-103,-51],[-3,3],[-36,-11],[-4,3],[-8,-11],[-34,-15],[-10,-10],[4,-18],[-60,-9],[-9,-21],[-9,0],[-8,-33],[-45,-32],[-26,-14],[-18,17],[-20,-13],[4,-6],[12,-2],[9,-19],[20,-3],[13,-12],[14,-6],[8,4],[13,-6],[-9,-9],[13,-4],[-2,-15],[9,3],[-1,-9],[13,0],[43,-35],[-2,-8],[7,-3],[6,-10],[-6,-10],[5,-8],[-5,-1],[7,-10],[-28,-27],[-51,27],[-47,34],[-35,17],[1,5],[-50,24],[-85,11],[-27,9],[-7,-7],[-63,-3],[-103,20],[-9,-50],[-13,-12],[-15,-34],[-43,3],[0,5],[-28,5],[-60,-9],[-31,15],[-24,3],[-31,-11],[-33,-26],[-62,-9],[5,-8],[9,1],[-1,-6],[22,5],[4,-13],[-9,-8],[5,-7],[20,-7],[7,-8],[12,-53],[-13,-12]],[[56625,38129],[-173,71],[-22,12],[-10,11],[-75,38],[-30,1],[-78,-23],[-72,-37],[-20,18],[4,4],[-7,10],[6,7],[-40,43],[29,9],[2,16],[24,54],[-65,7],[-34,-12],[5,45]],[[56069,38403],[9,9],[40,13],[12,14],[16,0],[49,22],[6,17],[8,4],[-6,23],[19,21],[-7,12],[-53,41],[6,2],[-19,14],[0,13],[-68,-7],[-4,20],[14,2],[14,22],[14,9]],[[56119,38654],[25,9],[50,-5],[49,10],[84,-32],[67,-14],[80,1],[23,-4],[40,35],[20,69],[-37,47],[-55,29],[-7,36],[9,9],[7,-5],[20,4],[48,15],[39,6],[51,-18],[22,17],[10,0],[38,-22],[0,-14],[28,-65],[16,-22],[29,-27],[33,-6],[36,1],[64,8],[59,25],[9,17],[10,-1],[-3,11],[5,3],[113,32],[114,66],[41,41],[19,4]],[[57275,38914],[8,-2],[11,-14],[10,-3],[76,0],[34,7],[60,4],[36,18]],[[57510,38924],[21,-25],[2,-49],[-29,-35],[0,-10],[26,-16],[-4,-6],[-16,-7],[3,-7],[15,-6],[5,-15],[7,1],[8,-7],[-1,-7],[-10,-2],[7,-13],[28,-3],[5,-8],[5,2],[9,-7],[23,13],[61,8],[10,-7],[62,2],[76,-17],[23,1],[24,28],[10,-4],[46,8],[49,25],[87,-16],[4,-20],[7,-8],[-2,-6],[7,-9],[-10,-33]],[[59771,39695],[102,-36],[22,-16],[19,-31]],[[59914,39612],[-6,-1],[-12,-34],[-182,-299],[-17,-21],[-20,-42],[-69,-101],[-97,-167],[-120,-154],[-201,-275]],[[59072,38515],[-1,14],[5,6],[-8,6],[7,2],[4,8],[-12,4],[12,14],[3,9],[-7,10],[7,3],[-10,6],[-3,9],[-55,2],[-26,-13],[-62,-10],[-39,-19],[-60,35],[14,43],[21,179],[20,60],[17,21],[-2,12],[-12,-4],[-3,6],[-50,1],[-5,-13],[-13,-10],[-34,-1],[-22,-8],[-16,-12],[-1,-10],[-70,-14],[-40,60],[-6,4],[-14,-10],[-15,20],[-31,14],[10,21],[-36,4],[-1,8],[-10,-1],[0,-6],[-58,-10],[-4,27]],[[58466,38982],[17,1],[19,39],[54,50],[-30,18],[-12,-5],[-33,-1],[-22,8],[-1,49],[32,2],[-1,27],[17,35],[65,2],[1,24],[5,6],[0,48],[40,-11],[24,-18],[33,-6],[16,88],[24,-9],[-5,-10],[12,-11],[2,7],[8,-1],[3,-7],[9,3],[-3,-21],[22,11],[5,-5],[-3,-13],[28,10],[-3,-9],[6,-8],[8,5],[9,-6],[-7,-7],[30,-4],[10,3],[7,-15],[-5,-14],[36,0],[18,22],[20,42],[-6,59],[21,-18],[13,-2],[70,47],[23,25],[25,8],[-17,26],[61,29],[67,19],[29,36],[-1,14]],[[59206,39544],[8,3],[3,9],[9,2],[2,17],[43,1],[8,-6],[5,5],[7,25],[1,35],[33,45],[12,23],[7,40],[37,61]],[[59381,39804],[71,-12],[-9,-45],[79,-10],[75,3],[1,6],[31,-5],[1,8],[55,-32],[86,-22]],[[59267,40917],[22,-9],[7,13],[34,-3],[43,-35]],[[59373,40883],[3,-15],[-12,-11],[6,-7],[2,-24],[13,-20],[-4,-33]],[[59381,40773],[-61,-30],[-89,32],[-68,31]],[[59163,40806],[-32,13],[-56,-7],[-32,8],[-86,9],[-27,-11],[-73,-43],[-16,-23],[-37,9],[-20,24],[-9,0]],[[58775,40785],[12,24],[19,22],[-5,18],[8,9],[-2,31],[-11,13],[-27,9],[-5,15],[-21,-1],[-23,14],[22,9],[12,12],[-4,32],[84,3]],[[58834,40995],[34,4],[78,-6],[7,26],[28,-26],[52,-20],[89,24],[62,-5],[11,-4],[-1,-47],[27,-8],[3,-6],[39,-15],[4,5]],[[59722,40686],[61,-28],[45,-46],[46,-66]],[[59874,40546],[-7,1],[22,-55],[-30,-3],[0,8],[-28,-4],[-56,33],[-10,-2],[-6,-20],[-6,0],[-3,-8],[-40,10],[-36,-24]],[[59674,40482],[-52,6],[11,51],[-34,5],[-27,21],[-1,29],[-30,56],[-4,24],[-34,-6],[-2,30]],[[59501,40698],[163,-2],[58,-10]],[[57471,39166],[-138,28],[-126,18],[-64,4]],[[57143,39216],[-16,4],[13,14],[96,67],[39,41],[38,29]],[[60396,43878],[-19,-41],[-25,-32],[-19,-56],[-20,-106],[-8,-16],[18,-15]],[[60323,43612],[-21,-14],[-26,7],[0,9],[-16,5],[-12,-1],[-6,-7],[-29,10],[-10,-3],[10,-14],[1,-16],[8,-3],[-6,-9],[1,-15],[-14,-2],[3,-8],[-27,-25],[6,-5],[-13,-10],[-6,3],[-35,-21],[-16,1]],[[60115,43494],[-35,-4],[-26,-12],[-179,54]],[[59875,43532],[7,31],[19,27],[-49,-7],[-53,0],[-46,12],[-66,41],[-24,49],[-34,40]],[[59629,43725],[36,19],[37,42],[37,20]],[[59739,43806],[289,-54],[76,-22],[85,-33],[64,113],[6,37],[-7,45]],[[60252,43892],[62,11],[19,-5],[24,-14],[39,-6]],[[54407,46202],[-32,-154],[-17,-41],[-23,-37],[32,8]],[[54367,45978],[-22,-12],[-85,-77],[-15,-32],[-10,-50],[-49,-7],[0,6]],[[54186,45806],[-14,95],[-26,93],[-53,109],[-23,31],[-67,66]],[[54003,46200],[-6,11],[22,37],[74,-43],[24,21],[-2,21],[6,15],[58,-69],[32,53],[29,28],[-8,20],[-31,37],[26,28],[23,44]],[[54250,46403],[26,-14],[34,-37],[18,-47],[65,-62],[6,-31],[8,-10]],[[58511,45703],[-8,-16],[2,-13],[6,-7],[-8,-28],[36,-32],[-17,-13],[-14,-32],[8,-32],[18,-21],[19,1],[68,-44],[23,-21],[6,-45],[-12,-24],[4,-12],[9,4],[8,-5],[21,4],[24,-14],[13,-25],[22,-5],[28,1],[8,-46],[20,-38],[21,-20],[2,-34],[-8,-30],[-18,-30],[-27,-40],[-51,-34],[-22,-29],[-3,-13]],[[58689,45010],[-5,-19],[-61,-4],[-2,4],[-47,1],[-5,-2],[1,-25],[-46,-4]],[[58524,44961],[-7,21],[-27,23],[-4,68],[-18,-4],[-54,-29],[-23,5],[-16,26],[-17,0],[-20,-11],[-32,-7],[-16,6],[-24,-12],[-15,-14],[-11,5],[-29,-12],[-20,8],[-36,-3],[-36,-11],[-4,10],[-18,9],[-14,16],[-23,6],[-10,7],[3,5],[-49,14],[-14,20],[-10,4],[0,35],[10,34],[-17,30],[1,23],[-15,18],[-17,6]],[[57942,45257],[-2,162],[-29,236],[8,157],[-8,-2],[-35,14],[-28,-7],[-3,4]],[[58263,45972],[-10,-28],[2,-9],[-16,-36],[2,-8],[-18,-28],[-3,-13],[27,-5],[2,4],[18,-2],[-6,-39],[20,-15],[10,-20],[-19,-21],[23,-5],[17,6],[19,-12],[20,-4],[44,0],[21,-12],[95,-22]],[[55386,46118],[-65,-118],[0,-16],[25,-11],[-2,-3]],[[55344,45970],[-25,12],[54,-196],[-8,-1],[-4,-9],[-5,4],[-22,-9],[-8,-11],[-23,-16],[-8,4],[-27,-2],[2,-19],[-25,-3],[2,-20],[-144,-16],[-5,12],[-11,-1],[2,-14],[-23,-8]],[[55066,45677],[-28,-9],[-45,-4],[-68,21],[-68,-3],[3,10],[-25,-4],[-89,13],[5,17],[-5,38],[-22,43],[-1,38],[-9,10],[-4,-1]],[[54710,45846],[-4,14],[-22,11],[-24,47],[-43,23],[-23,22],[-14,33]],[[54580,45996],[76,16],[-52,21],[4,10],[27,-5],[3,35],[23,-2],[0,12],[24,25],[17,-9],[17,-31],[67,-14],[11,2],[16,14],[16,30],[15,5],[29,-3],[26,11],[-26,73],[-22,23],[-7,31],[-39,56],[-18,72]],[[54787,46368],[16,-35],[65,1],[65,22],[3,-6],[9,0],[15,-9],[59,-46],[26,-28],[11,-39],[-2,-45],[165,95],[17,41],[32,39],[27,22]],[[55295,46380],[19,-18],[88,-115],[7,-71],[-19,-36],[-4,-22]],[[57698,45847],[-11,-38],[-10,-2],[-3,6],[6,8],[-10,2],[-9,-12],[-6,-31],[-13,-5],[35,-72],[9,-5],[18,0],[13,-7],[40,-61],[3,-14],[-18,-8],[-19,3],[-8,-8],[1,-38],[21,-14],[-11,-12],[11,-16],[27,-18],[27,-35],[5,-16],[22,-18],[12,-23],[3,-61],[44,-48],[35,-24],[6,-14],[24,-9]],[[58524,44961],[-9,-40],[15,-15],[-8,-17],[-25,-17],[4,-8],[-39,-5],[4,14],[14,14],[-8,5],[-22,2],[-3,-24],[-32,-56],[-38,-1],[-18,7],[-3,-3],[-2,-35],[-12,-5],[9,-23],[-6,-21],[-35,-3],[-15,-66]],[[58295,44664],[-62,18],[-65,3],[-101,-17],[-108,8],[-41,-18],[-9,4],[-6,-12],[-12,2],[5,5],[-4,6],[-20,10],[4,11],[-41,3],[-18,9],[-10,-10],[-19,-3],[-12,12],[-17,-7],[-6,-24],[-33,-20],[-5,-13],[-16,-2],[-1,-13],[-11,-9],[-21,2],[-16,-10],[-13,-1],[-22,27],[0,14],[-15,5],[-5,10],[-6,-13],[-11,10],[-11,2],[-16,-18]],[[57551,44635],[-19,14],[-1,9],[-19,7],[-13,-8],[-18,2],[-9,13],[-1,-6],[-25,-4],[-9,-10],[-16,20],[-19,12]],[[57318,44729],[-19,25],[-5,-2],[-9,31],[-66,23],[-23,-6],[-11,7],[13,-1],[-9,48],[-36,-10],[-14,23],[-41,-23],[-27,1],[-16,43],[-7,39],[32,4],[-8,80],[31,8],[-69,35],[-18,25],[-30,169],[-5,9],[-17,-5],[-26,1],[-43,16],[-23,1],[-12,21],[-17,15],[10,18],[0,29],[-43,35],[-47,16]],[[56763,45404],[4,17],[33,31],[25,11],[16,-1],[13,11],[21,6],[19,19],[0,13],[-29,-1],[-13,5],[-15,29],[6,7],[-5,15],[-11,1],[-8,11],[-15,3],[-13,-8],[-17,3],[-10,-4],[-30,-1],[-17,10],[1,10],[-11,1],[-4,10],[6,3],[-10,36],[-9,2],[-14,24],[-27,15],[-3,7],[-12,3],[-42,48],[-3,39],[5,16]],[[56594,45795],[51,21],[35,36],[58,16],[28,-2],[11,-18],[30,-28],[27,-4],[71,24],[84,19],[58,29],[73,5],[32,10],[14,0],[26,-13],[-15,-56],[17,-15],[18,-5],[49,1],[4,-8],[38,-5],[9,-6],[22,6],[40,2],[13,-10],[69,22],[0,-8],[23,5],[22,-2],[76,-23],[27,4],[8,-3],[11,2],[-4,14],[11,3],[-11,10],[14,17],[-14,-3],[2,9],[45,5]],[[56745,41760],[-24,-4],[-21,3],[-1,8],[-61,29],[9,14],[-14,36],[-11,13],[-27,23],[-47,27],[-73,28],[-22,3],[-45,64],[-11,6]],[[56397,42010],[30,34],[70,55],[32,33],[29,44],[54,117],[40,63],[64,74],[75,67]],[[56791,42497],[21,18]],[[56812,42515],[39,-27],[25,-30],[31,26],[-11,11],[21,13],[16,-10],[28,4],[4,21],[31,-11],[5,-16],[-10,-9],[10,-20],[4,2],[7,-17],[6,1],[3,-13],[-5,-4],[6,-21],[-5,-10],[0,-51],[12,-9],[0,-15],[129,-90],[-6,-17],[8,-16],[-15,-6],[16,-32],[-23,-15],[60,-51],[-15,-46],[19,-11]],[[53564,44223],[-4,-18],[-26,-30],[62,-37]],[[53596,44138],[-8,0],[-30,-16],[-5,7],[-13,-10],[-4,4],[-12,-5],[2,-9],[-11,-4],[4,-5],[-8,-6],[14,-8],[2,-8],[-19,-16],[36,-30],[-36,-23],[-23,0],[-29,40],[-13,-9],[-7,1],[1,-18],[-28,-4],[-29,-11],[-7,5],[-21,-4],[-54,-33]],[[53298,43976],[-49,-25],[-30,-4],[-22,-11],[-38,6],[-47,-16],[-13,-10],[-18,17]],[[53081,43933],[25,2],[7,29],[17,18],[-3,9],[14,17]],[[53141,44008],[18,17],[12,29],[-12,1],[-4,13],[11,3],[1,13],[5,2],[14,-14],[32,29],[-26,38],[-40,23],[-7,18]],[[53145,44180],[5,42],[12,8],[4,10],[-4,17],[22,12],[-8,17],[23,-1],[10,6],[12,19],[16,6]],[[61798,40675],[38,-9],[-18,-32],[45,-7],[0,-7],[23,5],[4,-22],[101,-29],[1,-19],[67,-24],[31,-29],[34,-22],[6,-10],[16,-1],[70,-30],[41,-23],[25,-5],[11,-6],[5,-12],[70,6],[0,-22],[12,-3],[17,-46],[10,0],[38,-35],[-27,-13],[32,-42],[1,7],[8,-1],[25,18],[9,21],[73,69],[17,6],[29,-2],[29,16],[11,27],[27,35],[6,23],[22,10],[2,43],[77,-60],[74,-36],[22,-18],[-35,-4],[0,-23],[49,-36],[-5,-10],[19,-18],[49,-13],[29,-24],[66,-34],[1,-12],[72,-14],[29,-10],[45,-28],[31,-7],[71,-4],[76,9]],[[62748,39921],[57,1],[56,-10],[104,-47],[6,24],[-15,13],[19,24],[-9,10],[8,23],[16,17],[83,47],[43,49],[34,18],[9,1],[6,-7],[47,14],[74,-19],[35,7],[32,15],[5,19],[29,13],[3,8],[-3,6],[8,5],[-3,6],[-6,-5],[-7,15]],[[62748,39921],[-7,2],[-7,-6],[-42,-1],[-64,-38],[-59,-12],[-47,-32],[-53,-64],[-49,-38],[-46,-51],[-17,-10],[-14,5],[-35,3],[-17,9],[-3,37],[-42,-1],[-67,-16],[-6,15],[-14,-5],[-16,15],[1,-6],[-9,-7],[-51,19],[-23,-33],[9,-5],[-31,-33],[-14,9],[2,7],[-25,27],[-72,41]],[[61516,40402],[19,29],[16,67],[10,-1],[11,33],[34,50],[0,22],[46,2],[32,10],[26,20],[45,6],[18,22],[12,0],[7,13],[6,0]],[[50877,46167],[-19,-38],[-15,-50],[9,-24],[73,-8],[46,1],[26,-15],[41,4],[8,-40],[-2,-25],[26,-51],[21,-3],[23,-50],[49,-15],[0,-39],[-10,-29],[4,-31],[-21,-27],[-24,-17],[-4,-40],[-11,-22],[-86,-110],[2,-13],[11,-11],[-2,-23],[5,-30],[-11,-8]],[[51016,45453],[-73,-51],[-96,-13],[-32,-10]],[[50815,45379],[-11,11],[0,43],[-20,28],[17,11],[-10,27],[-91,89],[-20,29],[-3,23],[-8,-1],[-14,20],[-51,34],[1,19],[-7,8],[-30,15],[-103,21],[-60,-10],[-8,-6],[2,26],[7,0],[3,19],[-11,1],[1,8],[-14,8],[-50,9],[2,8],[-9,15],[9,18],[14,11],[-27,22],[-16,2],[-57,-32],[-19,-6],[-115,40],[-49,3],[-17,68],[-21,24],[-5,16],[19,49],[-3,111],[7,9],[3,31],[-5,17],[21,18],[12,4],[1,5]],[[50080,46244],[64,2],[28,-11],[30,-50],[17,-62],[145,-6],[87,13],[89,-30],[50,-3],[63,30],[40,34],[35,10],[60,7],[70,-15],[0,-4],[19,8]],[[61297,41988],[-23,-12],[-15,-12],[-1,-15],[-17,-32],[-28,-33],[-46,-29],[-216,-102],[20,-13],[-25,-26],[-3,-11],[-19,-7],[-25,9],[-47,2],[-48,12]],[[60804,41719],[-26,6],[-56,-6],[-48,10],[-23,11],[-4,42],[15,11],[36,43],[36,18],[16,2],[-38,57],[-48,-3],[-78,34],[-31,-15],[-11,1]],[[60544,41930],[-1,32],[11,9],[6,-11],[8,2],[-3,10],[11,4],[1,11],[10,1],[10,28],[-22,8],[6,11],[-11,10],[5,7],[-8,22],[-8,0],[-16,9],[3,12],[11,14],[13,10],[19,4],[11,15],[-26,34],[-19,6],[0,8]],[[60555,42186],[3,8],[21,6],[20,12]],[[60599,42212],[19,5],[10,-7],[9,3],[11,-5],[10,7],[14,-6],[-4,-10],[19,6],[2,-11],[19,-7],[11,16],[-2,6],[10,10],[38,-27],[12,-2],[41,25],[27,1],[9,-10],[19,3],[19,-6],[3,-23],[11,-7],[11,3],[10,-5],[14,3],[23,-10],[13,0],[-13,-19],[11,-20],[27,-21],[10,3],[8,-7],[15,20],[43,1],[7,24],[8,-7],[10,3],[132,-80],[89,-46],[-6,-12],[-21,-15]],[[55623,50381],[31,-12],[8,-20],[31,-29],[31,-16],[24,-33],[40,-10],[28,-18],[28,2]],[[55844,50245],[10,-54],[30,-29],[9,-40],[43,-35],[20,-33],[12,0],[23,-19],[15,-43],[17,-5],[17,-21],[19,-6],[20,0],[6,-8],[42,-14],[15,-14],[-1,-27],[27,-47],[2,-31],[13,-28],[-1,-11],[-5,-4],[1,-30],[-52,-48],[-30,-14],[-73,-7],[16,-25],[2,-43],[15,-25],[2,-21],[-28,-10],[-8,-11],[77,-18],[-12,-16],[-22,-7],[-7,-21],[6,-3],[-23,-19],[-1,-16],[-9,-2],[0,-9],[-6,-4],[5,-12],[-8,-6],[6,-2],[-5,-11],[6,-5],[-2,-17],[9,-34],[-20,-25],[-21,-14],[-6,2],[-7,-9]],[[55982,49294],[-51,0],[-28,-32],[-6,-12],[9,-54],[-7,-40],[-25,-18],[-19,-28],[-11,1],[-27,-31],[-10,0],[-3,-13],[-13,-2],[-5,14],[-43,15]],[[54599,49487],[-30,78],[-14,5],[0,8],[-17,2],[-11,5],[2,5],[-16,6],[1,10],[-18,17],[-8,29],[-20,16],[-7,19],[-22,17],[-1,19],[-14,8],[-28,40],[8,16],[8,-2],[70,37],[62,61],[12,20],[5,1]],[[54561,49904],[17,4],[11,40],[16,27],[-18,10],[43,62],[-5,12],[8,16],[-3,4],[-21,-5],[-8,24],[17,7],[6,10],[29,15],[7,21],[116,20],[-8,19],[-13,6],[4,8],[-11,4],[7,5],[-8,16],[-8,2],[13,13],[-4,5],[14,0],[2,10],[41,3],[4,-6],[-7,-3],[7,-4],[7,7],[2,24],[-17,46],[-10,9],[-18,5],[-7,12],[14,9],[6,24],[-7,12],[7,8],[-9,13],[14,10],[0,8],[-15,-1],[-2,10],[22,8],[2,14],[9,9],[-7,3],[-2,12],[-27,4],[5,18],[-4,6],[7,7],[-5,7],[11,18],[-109,-13],[-17,-7],[-44,5],[-17,9],[-13,-32],[-99,30],[-45,39],[-9,20],[-12,8],[-5,-4],[-14,6],[-11,9],[-24,178]],[[54366,50799],[88,-29],[24,6],[40,27],[19,-5],[8,-11],[13,-3],[1,4],[-10,7],[22,1],[7,4],[-7,3],[25,6],[3,-14],[8,-3],[16,-21],[18,7],[40,-2],[24,-23],[-4,-9],[3,-26],[12,-20],[25,-12],[7,6],[10,-1],[26,-16],[2,-11],[74,29],[53,2],[47,-33],[13,-46],[19,-22],[54,-4],[52,3],[47,-18],[36,2],[-2,-15],[6,-11],[72,-31],[54,-48],[9,-13],[-12,-38],[12,-26],[16,-2],[8,-11],[43,-7],[38,-1],[68,-14],[44,2],[26,7],[51,-5],[9,17]],[[53748,47676],[-17,-103],[1,-35],[-25,-28]],[[53382,47434],[-9,13],[-1,14],[-16,17],[-20,35],[32,21],[53,49],[35,71],[49,56],[21,10]],[[53526,47720],[27,-1],[5,-14],[-8,-16],[5,-2],[21,-65],[10,0],[36,14],[8,-2],[23,10],[61,10],[34,22]],[[60487,44824],[95,-83]],[[60582,44741],[30,-35],[5,-25],[-12,-30],[-29,-29]],[[60576,44622],[-21,3],[-8,12],[1,13],[-19,21],[-34,-6],[-92,-40],[-3,-6]],[[60400,44619],[-62,29],[-14,26],[-36,25],[-12,32],[-3,25]],[[60273,44756],[15,18],[49,22],[16,20],[5,43],[-13,30]],[[60345,44889],[21,6],[35,-18],[28,-5],[58,-48]],[[56165,42727],[-48,8],[-72,-32],[-19,-13],[-95,50],[-33,-58],[-4,-57]],[[55894,42625],[-3,1]],[[55891,42626],[2,16],[-52,21],[-12,3],[-13,-21],[-21,16],[-43,21],[-59,14],[-20,17],[-4,-3],[-12,6],[-3,-7],[-16,3],[-29,-6],[-1,9]],[[55608,42715],[-5,54],[5,-2],[19,14],[12,19],[7,3],[-13,18],[9,3],[15,-3],[2,-9],[22,-20],[60,-14],[48,2],[38,31],[7,-3],[10,10]],[[55844,42818],[8,-14],[12,0],[30,4],[20,9],[16,31],[41,29],[50,47],[15,17],[-8,7],[18,15]],[[56046,42963],[47,-64],[50,-130],[22,-42]],[[55894,42625],[121,-56],[96,-34],[-4,-7],[17,-8],[14,-3],[15,16],[100,-41],[74,5],[75,-50],[5,0],[6,10],[3,25],[24,3],[28,-4],[7,18],[12,8],[5,13],[26,0],[22,17]],[[56540,42537],[4,-8],[65,0],[-2,-25],[73,-3],[25,16],[10,-2],[4,-9],[23,-11],[0,4],[30,4],[5,25],[14,-31]],[[56397,42010],[-16,8],[-18,45],[-11,11],[-60,0],[-5,-14],[-73,9],[-62,-11],[-3,13],[-29,-5],[-6,7],[-27,12],[-9,-21],[-14,2],[1,10],[-6,3],[-15,-13],[-23,21],[-21,-12],[-17,-1],[-42,-24],[-17,0],[-83,26],[-165,-3],[-2,8],[-58,17],[-22,0],[-26,-8]],[[55568,42090],[18,18],[6,13],[-3,9],[15,4],[10,21],[7,3],[1,12],[8,3],[5,12],[14,5],[5,16],[19,25],[4,24],[14,17],[-1,9],[8,17],[-5,21],[10,33],[-4,12],[31,29],[0,8],[19,8],[-13,13],[26,24]],[[55762,42446],[90,94],[28,49],[11,37]],[[59535,45863],[-6,-18],[-25,10],[-39,-62],[-29,-15],[-10,-15],[-26,4],[-1,9],[-44,-26],[9,-13],[33,-16],[-2,-9],[-25,-22],[77,-33]],[[59447,45657],[20,-164],[-55,-60],[19,-19],[22,-13]],[[59230,45180],[-56,-48],[-18,-1],[-73,-20],[-92,-49],[-11,-13],[2,-15],[-5,-18],[9,-8],[-6,-10],[3,-13],[11,-11],[-4,-17],[-12,-11],[-29,-3],[-13,-8],[-3,3],[-30,-18],[-7,-25],[-15,-6],[-1,-6],[-29,-18],[-1,-7],[-11,-8],[-8,0],[-17,22],[-5,-2],[-21,18],[0,4],[-42,31],[-35,8],[3,55],[-26,-6],[1,30]],[[58511,45703],[16,23],[-17,32],[9,38],[-2,35],[11,7],[21,4],[14,12],[79,36],[39,1],[29,12],[5,-2],[11,6],[21,1],[6,6],[25,-4],[13,4],[17,-10],[10,4],[14,-1],[7,-7],[10,1],[4,-8],[6,3],[5,-6],[21,-7],[12,9],[20,-2],[7,8],[38,10],[19,-3],[32,7],[17,16],[-2,7],[10,0],[3,11],[46,21],[64,46],[17,3],[0,21],[18,10],[-62,43],[-3,7]],[[59121,46097],[-19,34],[6,43],[-13,23],[9,14],[1,13],[-5,4],[5,6],[-14,32],[10,6],[11,17]],[[59112,46289],[42,24],[33,32],[11,-6],[91,41]],[[59289,46380],[8,-34],[30,-11],[13,0],[4,5],[23,-8],[7,-46],[51,-32],[25,-7],[2,-21],[-34,-71],[0,-133],[-45,-88],[33,0],[13,-8],[-1,-14],[9,-13],[32,-8],[13,3],[23,-13],[5,2],[4,-8],[9,5],[22,-17]],[[53869,45478],[52,-32],[85,-33]],[[54006,45413],[-78,-146],[-30,-35],[-31,-27]],[[53867,45205],[-94,-50],[13,9],[-12,1],[11,25],[-3,15],[-9,4],[-23,-15],[-11,-1],[-3,7],[-19,0],[-39,-25],[-28,-5],[-9,-21],[-96,12]],[[53545,45161],[-102,16],[-31,10]],[[53412,45187],[90,43],[5,-2],[38,62],[29,9],[51,35],[68,30],[-21,40]],[[53672,45404],[125,75],[9,-12],[44,0],[9,-9],[10,20]],[[46574,34350],[-19,-12],[-44,1],[-13,11],[-18,31],[-10,4],[-11,-3],[-38,-51],[0,-19],[19,-43],[-9,-31],[-15,-23],[-30,-22],[-90,-32],[-21,-19],[-6,-19],[6,-30],[35,-36],[5,-14],[-6,-16],[-32,-17],[-4,-9],[18,-19],[30,-11],[-4,-9],[-25,-8],[-22,-19],[16,-30],[-2,-19],[-21,-44],[-11,-12],[-17,-41],[-10,-9],[-5,4],[-20,-9],[-39,-65],[-7,-5],[-81,1],[0,-9],[-8,-2],[-2,-6],[-13,-1],[-48,10],[-3,17],[-8,3],[-8,19],[-10,-5],[-13,4],[-29,0],[-61,-9],[-32,-11],[-13,-11],[-15,-33],[14,-70],[-2,-26],[13,-22],[-47,22],[-72,-70],[4,-7],[-39,-19],[-27,8],[-30,-12],[-19,0],[-68,17],[-4,12],[-66,-9],[-4,-9],[29,-32],[-12,-16],[9,-33],[22,-18],[-8,-12],[-33,-20],[0,-23],[-11,-13],[21,-22]],[[44972,33162],[41,46],[6,-3],[19,12],[6,-13],[4,26],[14,12],[5,-10],[8,1],[9,-12],[26,-2],[22,62],[75,85],[23,-22],[-9,-12],[4,-21],[-5,-18],[31,-63],[29,-15],[43,-13],[18,7],[18,-2],[6,5],[-5,53],[25,48],[21,-19],[46,-18],[28,22]],[[44972,33162],[-24,33],[-11,0],[18,45],[-12,21],[-12,-12],[-9,-1],[-12,24],[-32,26],[-50,4],[-17,11],[-9,-3],[-16,7],[-33,2],[-10,26],[-1,33],[-33,35],[-11,30],[-17,7],[-8,30],[-16,9],[4,15],[-7,17],[-18,13],[-11,25],[-20,11],[-8,24],[-34,-1],[-43,22],[-36,39],[-3,16],[15,7],[2,6],[-13,6],[-4,13],[18,13],[11,17],[-8,24],[6,22],[31,17],[19,42]],[[44558,33837],[36,-22],[14,-16],[57,-15],[20,-18],[43,-23],[20,-20],[79,-11],[33,52],[0,61],[-7,18],[10,68],[56,48],[19,33],[31,25],[12,3],[45,40],[46,26],[10,21],[10,4],[39,45],[24,11],[-4,9],[9,27],[-9,3],[-3,8],[4,3],[-4,6],[6,3],[-9,9],[10,4],[-9,13],[16,13],[7,0],[8,11],[7,-7],[6,4],[-4,7],[22,3],[32,30],[19,-7],[71,1],[48,21],[42,-4],[28,16],[14,-10],[14,5],[27,-42],[39,-7],[26,25],[107,-7],[37,2],[26,8],[7,-3],[28,44],[21,-7],[62,45],[25,9],[21,28],[33,24],[-31,40],[-8,26],[15,40],[23,24],[-4,33],[-66,19],[-20,-2],[-31,8],[26,65],[6,43],[25,30],[18,56],[18,22],[40,26],[24,47],[-7,14],[2,25],[19,25],[7,20],[16,7]],[[46007,35022],[10,-15],[23,-14],[49,-3],[58,14],[54,39],[48,7],[23,-4],[42,-33],[18,1],[17,14],[26,33],[40,24],[57,53],[37,24],[26,6],[15,-1],[9,-7],[16,-36],[14,0],[17,7],[19,17],[10,39],[39,64],[50,26],[46,16],[12,-10],[11,-25],[6,-25],[-6,-8],[36,-24],[-100,-61],[-24,-23],[11,-7],[-23,-30],[32,-21],[21,-21],[-51,-36],[-28,-33],[-12,-40],[13,-37],[-2,-12],[-14,-8],[-16,2],[-36,37],[-15,4],[-11,-14],[-9,-51],[5,-69],[24,-59],[19,-21],[18,-11],[60,-2],[17,-9],[18,-28],[8,-72]],[[48685,38737],[20,-16],[8,0],[14,-20],[-1,-14],[9,0],[24,-27],[11,-4],[8,-14],[-4,-1],[17,-17],[2,-9],[-12,-1],[0,-31],[4,-11],[25,-21],[9,-18],[12,-9],[-23,-20],[9,-20],[25,-29]],[[48244,37048],[-15,-11],[-19,-40],[7,-17],[-2,-15],[34,-47],[-9,-38],[-6,-5],[5,-35],[-36,-52],[20,-77],[17,-24],[-5,-14],[17,-12],[7,-29],[25,-13],[12,-2],[3,5],[29,-19],[49,-47],[-58,-135],[-6,1],[-16,-13],[4,-3],[-6,-8],[10,-31],[0,-59]],[[47999,36085],[12,3],[9,10],[23,4],[6,13],[31,4],[15,28],[7,-5],[30,37],[36,64],[-18,44],[62,22],[32,0],[6,-9],[27,8],[28,0]],[[47999,36085],[-3,5],[-14,2],[1,9],[-11,1],[-20,17],[-1,18],[-18,6],[6,23],[-20,17],[6,3],[-13,9],[6,16],[-7,8],[-20,4],[-14,11],[-23,-11],[-6,12],[-12,-7],[5,-10],[-18,-9],[-10,10],[-33,14],[-36,38],[-17,-13],[-6,11],[-27,-20],[-16,4],[-10,28],[-46,62],[5,5],[-13,24],[-25,10],[6,16],[-28,24],[4,9],[-39,30],[0,12],[-28,-16],[-16,-2],[34,32],[-17,3],[-2,9],[9,11],[-2,3],[-34,-2],[-28,17],[-14,2],[1,5],[-18,2],[-17,10],[28,20],[-18,12],[48,72],[-17,14],[-44,19]],[[47397,36684],[25,44],[18,14],[24,4],[24,12],[12,-1],[65,68],[17,6],[26,-2],[25,10],[27,12],[18,20],[-20,18],[-82,26],[-44,-1],[-40,13],[27,48],[-43,39],[-42,27],[7,14],[-4,31],[-11,27],[7,1],[-13,32],[20,3],[2,23],[-2,9],[-15,0],[0,25],[10,2],[-12,31],[-57,-12],[-51,-4],[-23,41],[-21,-5],[-5,9],[-4,-5],[-19,-1],[-10,1],[-2,6],[-37,8],[-37,-6],[-61,4],[4,-11],[-13,-32],[-31,-36],[-19,1],[-19,-7],[-1,-5],[-25,-7],[-12,6],[-16,-2],[-8,10],[-21,1],[-13,-5],[-26,5],[-3,-9],[-20,-11],[0,-15],[-8,-3],[-2,-11],[-11,-4],[-9,4],[1,-14],[10,-15],[-8,-2],[-3,-11],[-38,6],[-14,-6],[-23,1],[-12,23],[-12,6],[17,14],[-2,7],[-34,11],[-13,16],[-45,12],[-8,24],[-15,-3],[-4,8],[-5,34],[43,5],[46,23],[26,24],[-28,26],[1,9],[-6,0],[-5,11]],[[46712,37353],[11,9],[15,28],[36,12],[6,19],[-6,47],[20,6],[27,18],[36,-76],[12,7],[5,-3],[58,46],[-27,26],[-19,11],[0,15],[-14,18],[-8,-13],[7,16],[-15,2],[5,32],[-33,15],[-46,0],[-19,8]],[[48076,38793],[36,12],[10,0],[10,-8],[77,15],[24,-30],[-15,-5],[-3,-5],[7,-5],[4,-16],[8,0],[12,12],[28,-12],[40,5],[15,-27],[27,-3],[16,8],[10,38],[19,19],[-8,18],[16,5],[14,14],[30,-12],[18,18],[-24,8],[25,23],[9,15],[20,9],[20,-9],[10,-23],[-34,-12],[-13,1],[2,-7],[48,-9],[5,-9],[9,-2],[44,-5],[31,-10],[62,-67]],[[49997,46618],[32,-15],[12,-16],[0,-24],[14,-5],[-10,-54],[8,-41],[60,3],[4,-33],[12,-25],[-2,-34],[-19,1],[-18,-7],[-5,-10],[4,-18],[-10,-19],[10,-27],[-6,-4],[12,-3],[-15,-43]],[[50815,45379],[-16,-8],[-20,-1],[-41,-19]],[[50738,45351],[-29,33],[-38,27],[13,20],[-1,11],[-53,19],[-81,20],[-18,-9],[-6,3],[-12,-6],[-14,-13],[-45,-75],[-30,-75],[-128,-5],[-66,29],[14,-28],[-21,-4],[-20,-28],[-64,-18],[-15,-49],[-21,-20],[-26,-13],[-6,-14],[-9,-1],[-6,11],[-8,-5],[-25,10],[-26,-1],[-9,4],[1,9],[-48,3],[-37,13],[-4,-5],[-38,9],[-8,-11],[-5,-33],[-14,-16],[-32,16],[-18,-27],[8,-5],[-6,-8],[8,-7],[28,-13],[-8,-40],[-17,-17],[-17,-51],[-28,-19],[-15,-37],[-11,-11],[-22,0],[-40,-60],[-8,-30],[19,-84],[17,-229],[-28,6],[-31,-5],[-28,-11],[-10,9],[-35,10],[4,11],[-73,33]],[[49492,44574],[-63,53],[-80,47],[-12,-12],[-107,30],[-34,19],[34,27],[0,10],[-65,31],[-7,6],[-1,13],[-54,49],[-23,55],[-2,23],[10,5],[-3,48],[-20,40],[-10,-5],[-6,10],[17,12],[-18,5],[4,13],[-44,5],[5,34],[18,47],[-5,0],[-5,-12],[-8,-4],[-6,-23],[-9,-3],[-6,19],[-1,43],[35,86],[10,77],[-12,97],[2,105],[-12,19],[-21,15],[-76,33],[-43,10],[-60,3],[-26,10],[-86,65],[-9,36]],[[48693,45715],[-2,39],[-23,44],[1,31],[13,45],[-9,36],[3,16],[13,47],[72,54],[17,31],[2,23]],[[48780,46081],[0,53],[-6,13],[-103,74],[-22,23]],[[48649,46244],[5,13],[14,5],[9,-2],[21,45]],[[48698,46305],[-37,19],[18,49],[-12,81],[97,44],[56,41],[42,21],[29,7],[-14,41],[6,54],[9,0],[-3,8],[24,84]],[[48913,46754],[56,-14],[16,18],[51,-33],[10,11],[19,4],[37,-17],[23,21],[9,-3],[28,26],[13,-7],[5,8],[29,-7],[8,2],[-1,10],[27,10],[8,-14],[12,5],[-5,8],[31,17],[9,-17],[-5,-10],[24,-26],[17,1],[2,-35],[20,-30],[-4,-24],[7,-11],[-5,-18],[9,-16],[40,-37],[3,-19],[19,-12],[9,-33],[31,-17],[13,-14],[14,-4],[10,2],[21,-6],[18,-19],[41,5],[14,-14],[18,8],[6,-19],[-4,-11],[11,0],[3,-6],[2,-21],[10,-15],[6,23],[23,3],[12,13],[6,23],[-5,4],[8,13],[-5,3],[8,6],[-8,3],[16,16],[-5,4],[12,8],[-6,10],[10,4],[1,13],[12,0],[10,17],[28,-5],[42,22],[12,-11],[10,2],[2,-5],[17,1],[8,12],[-5,5],[5,10],[13,10],[-5,8],[16,5],[12,-1],[15,12],[0,5],[10,12],[11,2],[4,-5],[15,0],[16,-6],[-3,-9],[14,-18],[4,13],[12,10],[-3,4],[10,1]],[[44549,47772],[26,-34],[11,-49]],[[44586,47689],[-14,4],[-9,-18],[-19,-20],[48,-19],[-12,-6],[-20,-41],[43,-12],[-27,-36],[-65,7],[-96,-3]],[[44415,47545],[-103,-15],[-31,-3],[-14,3],[-10,-4],[-23,26],[-12,37],[-42,46],[-12,40]],[[44168,47675],[27,0],[23,-23],[16,10],[-5,6],[0,30],[30,27],[-10,20],[-15,8],[2,9],[-15,12],[37,13],[61,8]],[[44319,47795],[65,1],[38,8],[5,-12],[5,2],[9,-24],[33,-13],[-3,-9],[23,-15],[55,39]],[[45818,41653],[-6,-31],[-41,-34],[-10,-30],[-20,-21],[4,-2],[-7,-26],[-28,-59],[-83,-86],[-9,-82],[-40,-56],[15,-21],[11,-4],[12,1],[22,14],[55,-7],[-14,-28],[9,-7],[6,-18],[-6,1],[-4,-9],[-10,-6],[-37,2],[-49,-14],[-7,4],[-31,-3],[-11,-8],[-5,4],[-123,-5],[-41,5],[-36,-16],[2,-4],[-18,-7],[-3,3],[-19,-13],[-21,13]],[[45275,41103],[-16,30],[-48,34],[-6,68],[-23,13],[-36,39],[-18,8],[-24,1],[-33,-3],[-4,-8],[-32,-5],[-6,4],[-36,-3],[-11,14],[1,17],[-9,13],[-37,12],[-13,13],[-6,1],[-8,24],[-16,13],[-11,-15],[-6,6],[14,19],[-5,4],[-43,12],[-13,1],[-11,-8],[-14,9],[-10,-2],[-28,22],[-4,14],[-6,-12],[-25,8],[-16,16],[-41,25],[-25,29],[-21,45],[103,-28],[18,28],[17,7],[29,-9],[3,-11],[11,-3],[46,-4],[1,15],[21,12],[13,19],[0,17],[17,2],[11,16],[28,20],[13,1],[24,30],[-1,33],[-13,9],[-9,22],[14,16],[-31,37],[29,-2],[3,22],[31,23],[6,18],[22,15],[12,22],[-38,9],[-29,-1],[-42,13],[-11,11],[-6,28],[5,4],[-73,-6]],[[44853,41946],[-8,4],[-35,0],[-82,-6],[-9,6],[-23,4]],[[44696,41954],[61,11],[47,16],[23,2],[120,53],[75,17],[85,-14],[14,-16],[55,-17],[47,7],[7,5],[-11,3],[18,6],[0,4],[53,10],[0,14],[8,2],[-4,9],[6,-2],[-1,12],[-24,0],[12,7],[6,34]],[[45293,42117],[86,-46],[9,8],[2,49],[9,2],[9,15],[0,5],[-8,4],[19,20],[14,-8],[56,-8],[-34,49],[-38,30],[-55,31],[-40,14]],[[45322,42282],[-53,16],[170,60],[83,9],[42,14]],[[45564,42381],[21,-23],[30,-23],[42,-2],[64,23],[16,-3],[-12,-16],[9,-25],[-4,-23],[-19,-28],[3,-38],[-26,-29],[-10,-3],[-4,-22],[-10,-2],[-23,-17],[12,-8],[12,-21],[-17,-8],[-7,-35],[-23,-20],[6,-8],[-6,-5],[39,-29],[1,-14],[7,-8],[5,3],[2,-13],[18,-14],[-8,-14],[6,-7],[-6,-7],[15,-16],[-5,-14],[-32,-10],[-44,-30],[-58,-22],[8,-7],[14,0],[36,-38],[-5,-16],[17,-24],[-11,-13],[19,-12],[-2,-10],[79,-42],[25,9],[56,2],[-4,-9],[9,-13],[-1,-10],[8,0],[3,-10],[9,-4]],[[49067,43488],[14,-5],[17,-24],[43,-17],[4,-32],[6,-7],[16,-2],[3,-13],[10,-10],[1,-35],[24,-35],[1,-12],[40,-18],[0,-10],[20,-25],[32,-7],[39,-17],[34,1],[16,-8],[13,4],[21,-15],[12,1],[8,-7],[43,5],[35,-3],[7,-8],[16,-1],[11,-16]],[[49587,42418],[-21,18],[-52,-1],[-33,-23],[-10,-2],[-10,-13],[-10,0],[-4,-9],[-21,-9],[-5,4],[-9,-4],[-28,-27],[-57,17],[-59,5],[-23,-21],[6,-9],[-4,-10],[-19,-9],[-16,18],[-5,19],[-14,11],[-95,-31],[-11,8],[-8,-5],[-30,6],[-18,15],[-7,22],[2,15],[-17,14],[-23,2],[-7,-17],[1,-18],[-9,-11],[3,-5],[-11,-7],[-12,-28],[-17,-13],[-5,-38],[5,-18],[21,-19],[1,-12],[16,-9],[16,-24],[-4,-9],[13,-16],[-10,-20],[0,-7],[6,-7],[-6,-10],[-20,-8],[-16,-15],[-7,2],[-1,-7],[-11,-2]],[[48932,42101],[-15,5],[-24,-8],[-26,0],[-21,-12],[-11,-18],[-20,2],[-8,-7],[-14,-2],[-36,17],[-24,5],[-51,-15],[-18,5],[-12,-2],[-35,9],[-60,2],[-12,5],[-5,-4],[-26,8],[-28,-2],[-44,7],[-14,-9],[-18,7],[-7,-1],[-2,-9],[-31,6],[-24,-10],[-13,-31],[-47,-10],[-15,4],[-10,12],[9,9],[-6,6],[-39,-7],[-11,5],[-3,14],[-10,1],[-18,-26],[34,-47],[0,-14],[-13,-8],[7,-8],[-3,-7],[-17,-15],[-29,6],[-6,12],[-9,-12],[-9,3],[-32,-4],[-17,8],[-35,-27],[8,-9],[12,-36],[-39,-14],[7,-18],[13,-9],[10,1],[25,-11],[4,-17],[21,-18],[2,-27],[-15,-10],[-7,-21],[6,-2],[-5,-16],[-6,-3],[-7,-31],[28,-49],[30,-24],[17,-30],[-2,-8],[-32,-35],[0,-25],[11,-9],[3,-21],[-19,-15],[-4,-11],[-7,8],[-6,-6],[-64,-9],[-26,-20],[-11,-2],[-40,0],[-4,6],[-19,-7],[-20,2],[-2,-5],[-60,-2],[-10,-9],[-24,-6],[-15,3],[-11,13],[-26,8],[-39,-5],[-9,26],[10,7],[6,19],[11,-5],[13,9],[19,-2],[8,14],[-2,25],[-34,25],[-9,15],[-17,10],[-1,-3],[-34,7],[-17,11],[-51,54],[-25,0],[-12,10],[-6,-5],[-17,6],[-35,3],[-21,12],[-28,5],[-5,7],[-18,4],[-43,-3]],[[47414,41696],[-35,2],[-13,5],[-11,18],[-23,19],[-6,23],[-31,30],[-40,25],[-53,-29],[-34,33],[-21,8],[-8,10],[-24,-8],[-20,0],[-17,7],[-11,18],[1,13],[14,19],[-7,4],[-4,14],[-19,9],[-9,37],[-21,28],[-7,-3],[-75,45],[-45,-1],[-89,24],[-39,2],[-37,52],[-23,93],[0,34],[8,0],[2,12],[-7,13],[-4,98],[13,42],[-11,41],[-17,29],[2,25],[-5,11],[80,7],[103,49],[20,13],[69,85],[24,18],[9,14],[34,19],[56,16],[-17,93],[-34,80],[3,6],[-4,76],[-58,-15],[-49,0],[-25,-6],[-55,-18],[-23,-13],[-54,8],[-34,-4]],[[46733,42926],[-48,34],[-18,20],[-26,49],[4,21],[-14,22],[-14,71],[3,33],[9,9],[-4,33],[25,3],[2,-4],[11,3],[7,-4],[52,17],[3,13],[47,48],[23,51],[1,32],[12,28],[-4,13],[-25,31],[-52,38],[-33,41],[-27,36],[18,2]],[[46685,43566],[74,-26],[54,-11],[82,-27],[66,-15],[49,-1],[34,12],[39,-1],[55,11],[8,-8],[10,0],[14,-30],[20,-10],[39,-48],[16,-8],[16,-24],[-33,-14],[4,-12],[-19,-6],[1,-17],[11,-1],[-6,-31],[34,-15],[15,4],[33,-13],[9,-36],[17,-13],[12,12],[38,12],[5,-5],[44,3],[25,-8],[28,7],[12,-21],[64,8],[8,29],[15,10],[32,55],[-42,13],[-32,25],[-12,25],[-34,40],[13,10],[3,13],[16,16],[23,5],[19,-4],[17,8],[20,-14],[30,-11],[9,-12],[29,0],[9,7],[31,-7],[2,7],[6,1],[39,-15],[15,3],[-9,7],[-5,18],[-7,0],[-2,16],[-7,1],[8,10],[-1,9],[8,6],[-11,11],[22,5],[0,12],[9,3],[-9,21],[4,8],[8,-3],[-4,13],[6,8],[-10,20],[4,11],[26,11],[11,12],[-30,0],[5,21],[-20,-8],[5,14],[-19,9],[-31,-5],[-6,-8],[-26,-1],[-14,7],[-7,-7],[-5,3],[1,11],[-7,2],[1,9],[-26,20],[-59,-16],[-12,-10],[-41,1],[-24,30],[-52,42],[-19,-10],[-24,7],[-20,-4],[-8,4],[-10,16],[-6,39],[46,25],[60,10],[25,-28],[29,-8],[13,-12],[7,5],[27,-21],[1,-8],[13,0],[31,19],[35,38],[43,15],[45,47],[6,25],[45,59],[7,16],[39,12],[19,43],[73,51],[29,31],[23,12],[36,-28],[9,-14],[26,-6],[34,-27],[-8,-7],[-16,-37],[20,-28],[4,-20],[14,-12],[8,-22],[14,-13],[4,-15],[36,-34],[6,3],[6,25],[18,9],[15,-3],[73,43],[40,16],[11,-14],[28,-11],[23,-28],[35,-13],[32,7],[40,-20],[10,-18],[1,-16],[35,-32],[-17,-6],[-11,-14],[-22,-12],[1,-11],[28,-51],[38,-3],[9,-18],[57,25],[27,-17],[12,-29],[15,-10],[8,1],[18,-23],[4,-11],[-7,-4],[-11,-33],[11,-20],[7,-1],[6,-8],[-4,-29],[16,-21],[27,-11],[25,-43],[14,0],[10,-13],[26,-4],[18,-12],[6,-9],[26,2],[9,16],[30,0],[15,-12],[6,8],[40,5],[44,-26],[41,14],[17,49]],[[43577,48043],[-12,-1],[-1,-9],[-27,-21],[12,-21],[-7,-17],[7,-13],[-2,-18],[19,-8],[18,0],[4,-12],[-31,-15],[-1,-20],[-28,-16],[-12,-14],[0,-12],[18,-14],[22,-6],[-12,-30],[3,-15],[154,-72],[4,-31],[30,-7],[12,2],[6,-10],[16,-9],[2,-9],[37,12],[9,-2],[52,-30],[14,-23],[21,-17],[37,-2],[7,10],[36,-32],[27,-3],[1,-4],[43,-2],[10,16],[45,41],[17,9],[10,-1],[-7,17],[11,18],[0,16],[24,7]],[[44165,47675],[3,0]],[[44415,47545],[5,-18],[11,5],[24,-23],[15,-25],[3,-21],[-9,-5],[4,-16],[60,2]],[[44528,47444],[-30,-18],[-45,-16],[9,-5],[-16,-19],[-22,-3],[-44,-21],[2,-12],[-6,-8],[28,-37],[2,-24],[-29,-12],[21,-23],[-5,-6],[-3,-31],[2,-7],[15,-10],[5,-16],[21,-13],[-113,-101],[46,-50],[50,-12],[-27,-38],[31,-4],[-1,6],[31,2],[2,-6],[14,3],[-3,-6],[-16,-2],[0,-20]],[[44447,46935],[-48,-20],[-41,-3],[34,-66],[-37,-8],[-57,-51],[1,-35],[12,-8],[-22,-15],[-61,-28],[20,-25],[-22,-8],[-39,2],[-30,-17],[28,-30],[-13,-11],[-22,-9],[-40,4],[-15,10],[-43,-11],[-28,-1],[-21,-20],[-11,4],[-29,-20],[-21,1],[-30,-12],[-56,-4],[-21,4],[-13,10],[-28,-10],[-32,7],[-28,-5],[-27,11],[-25,18],[-48,6],[-59,-12],[-47,-22],[-15,-33],[-23,-29],[-69,-28],[-51,-9],[-20,1],[-74,28]],[[43276,46491],[8,1],[3,12],[6,0],[25,38],[14,4],[1,10],[7,1],[0,9],[19,26],[7,3],[3,12],[10,4],[3,38],[8,8],[8,29],[12,2],[10,-13],[22,5],[3,16],[-7,12],[-5,28],[-22,9],[-4,12],[11,33],[-5,27],[-15,4],[-19,43],[-8,5],[10,12],[11,-3],[9,25],[-4,33],[8,13],[-22,7],[-12,-12],[-10,9],[-40,-27],[-26,-11],[-8,2],[-9,9],[-6,1],[-5,15],[-11,10],[-3,38],[-13,2],[48,63],[-8,4],[-13,-18],[-11,2],[-2,-11],[-9,2],[-1,11],[-15,-3],[-22,-21],[-48,1],[-14,10],[-35,8],[-6,-6],[-12,1],[-9,7],[2,13],[-22,15],[-34,-3],[-43,14],[-4,9],[-27,1],[8,38],[-26,11],[-4,7]],[[42933,47147],[6,22],[-10,9],[8,14],[10,4],[25,-9],[-5,17],[11,19],[-6,11],[11,26],[35,24],[35,9],[44,22],[34,24],[10,-7],[21,7],[21,-22],[27,23],[20,3],[22,23],[30,20],[-9,17],[18,6],[-1,24],[4,3],[35,1],[-3,18],[6,17],[35,-3],[-1,14],[-22,2],[22,51],[-21,54],[-83,8],[-51,22],[91,85],[-34,75],[-71,45],[-5,7],[8,7],[-22,32],[-28,24],[-5,36],[-15,7],[-14,15],[-10,37],[84,5],[-10,40],[-17,21],[-9,23],[50,15],[56,9],[120,-11],[101,8],[33,-5],[37,-20],[26,-32]],[[48212,46715],[-83,-16],[5,-24],[-26,-27],[-5,-27],[-17,-5],[-16,-15],[16,0],[-2,-13],[43,3],[29,-4],[6,6],[21,-16]],[[48183,46577],[-26,-10],[3,-6],[6,1],[-1,-8],[24,-17],[7,-26],[15,-3],[8,-18],[27,-2],[7,12],[17,-7],[7,5],[21,2],[21,-4],[18,-8],[15,-18],[46,-23],[20,-23],[26,33],[5,1]],[[48449,46458],[-1,-58],[6,-20],[21,-26],[20,33],[69,-31],[42,-38],[11,3],[0,-6],[18,-16],[9,6],[54,0]],[[48649,46244],[-48,19],[-4,-7],[-17,0],[-6,-4],[-83,32],[-47,27],[-36,34],[-83,54],[-22,5],[-41,-27],[-14,1],[-14,-10],[0,35],[-4,-7],[-26,3],[-7,-11],[-12,-2],[-32,7],[-4,10],[-16,0],[-18,-8]],[[48115,46395],[5,21],[-28,5],[-34,-21],[3,13],[-3,8],[-36,21],[-33,29],[-51,16],[-60,-2],[-8,2],[6,7]],[[47876,46494],[6,4],[-59,45],[-37,46],[-17,11],[2,5],[-10,9],[8,30]],[[47769,46644],[21,30],[20,12],[2,17],[13,13],[35,14],[8,-5],[21,13],[-12,57],[5,8],[18,7],[-5,16],[16,19],[7,28]],[[47918,46873],[26,-3],[59,-81],[25,-22],[33,-20],[50,-19],[84,-1],[14,-6],[3,-6]],[[48794,46914],[-25,-74],[-19,-25],[-33,-27],[-42,-20],[-40,-10],[-33,-3],[-50,4]],[[48552,46759],[-18,13],[4,14],[-16,10],[-19,20],[-6,16],[-13,4],[-15,19],[4,35]],[[48473,46890],[72,75],[22,14],[3,-20],[7,-9],[50,-34],[28,2],[-1,-4],[14,-9],[-4,-19],[93,25],[24,-12],[13,15]],[[47330,34661],[-10,-14],[-23,-7],[-29,10],[-34,-11],[-59,-49],[-15,-2],[-14,-12],[1,-4],[-18,-8],[15,-9],[4,-11],[-6,-12],[2,-16],[54,-17],[0,8],[20,-2],[-2,-20],[24,-7],[13,-11],[-15,-32],[0,-45],[8,-24],[-36,-8],[2,-46],[-39,-4],[-74,-21],[-16,3],[-68,-67],[2,-15]],[[47017,34208],[-48,-14],[-18,1],[-9,-12],[-30,-16],[-22,13],[-7,48],[-31,37],[-38,-48],[-16,-33],[-10,53],[-22,-4],[-4,8]],[[46867,34693],[18,5],[25,-1],[50,18],[35,-6],[85,10],[21,8],[9,23],[10,9],[20,-6],[35,1],[36,-11],[1,-8],[14,-2],[1,-8],[9,1],[-1,-9],[11,-3],[-4,-32],[12,44],[25,-11],[8,-25],[43,-29]],[[48314,35096],[-29,4],[-33,20],[-20,39],[-4,-2],[-15,21],[-10,-14],[-8,0],[-7,10],[-18,-1],[-24,-9],[-23,6],[-16,-7],[-18,19],[-27,10],[-17,-9],[-33,-32],[-36,40],[-54,25],[12,14],[-1,11],[-52,5],[13,16],[-1,17],[11,19],[18,2],[4,6],[18,4],[29,-9],[14,4],[-9,10],[7,34],[-7,32],[-12,27],[-14,15],[-17,84],[2,23],[9,41],[8,5],[0,14],[22,12],[22,2],[2,25],[10,2],[8,46],[13,20],[23,10],[51,4],[12,21],[17,17],[2,14],[14,11],[22,13],[27,1],[11,5],[-1,6],[8,0],[15,15],[15,7],[-54,46],[3,11],[-22,18],[-9,15],[-14,4],[-10,-3],[-72,2],[-21,52],[-31,29],[5,13],[-18,1],[-9,9],[-6,30],[10,37]],[[48285,34855],[11,4],[14,-5],[5,12],[22,9],[3,12],[-12,7],[4,5],[-9,31],[-9,7],[6,0],[1,9],[14,15],[-13,16],[-5,16],[-3,20],[12,29],[-19,32],[7,22]],[[48285,34855],[-21,11],[-1,10],[-17,2],[-2,12],[-8,6],[-26,7],[-36,1],[-10,21],[-28,1],[-38,11],[-35,-3],[-16,-8],[-14,-23],[-22,-15],[-6,-17],[-68,-29],[-62,-11],[-49,-33],[-34,-14],[-45,-37],[-10,-16],[-68,2],[-35,-14],[-47,-9],[-28,-13],[-32,-7],[-30,-2],[-37,15],[-22,0],[-19,-3],[-89,-39]],[[46007,35022],[-18,38],[-57,63],[-15,36],[36,59],[7,71],[21,46],[35,41],[45,13]],[[46061,35389],[59,20],[67,6],[48,16],[38,3],[50,11],[58,27],[57,13],[51,23],[88,57],[69,73],[19,35],[-5,32]],[[46660,35705],[12,11],[6,22],[-3,11],[17,31],[1,7],[-17,7],[3,8],[46,9],[60,-11],[11,3],[16,34],[22,28],[-11,16],[13,8],[-5,28],[3,27],[48,55],[-19,11],[0,12],[-17,3],[2,22],[-17,3],[-18,14],[-1,10],[-16,1],[-19,15],[-18,38],[-47,6],[-2,5],[7,29],[38,49],[1,8],[13,9],[19,30],[32,22],[29,43],[8,40],[-13,27],[4,10],[25,17],[19,28],[3,22],[-10,0],[-11,11],[-5,-3],[-9,4],[-4,9],[-11,1],[-14,15],[-21,10],[17,15],[20,4],[9,10],[19,0],[24,9],[63,-14],[60,2],[1,-5],[10,6],[22,1],[34,23],[34,11],[4,10],[20,18],[38,1],[19,18],[16,-3],[19,-23],[18,38],[66,64],[25,15],[26,-11],[23,-25]],[[42940,37240],[45,7],[63,-6],[78,-20],[63,-8],[56,16],[69,-40],[-8,-17],[-1,-21],[-11,-7]],[[43294,37144],[-37,-17],[-7,2],[13,-26],[-25,-9],[-4,-20],[10,-7],[-3,-31],[22,-5],[6,-7],[15,4],[3,-26],[-2,-7],[-14,1],[-3,-40],[-4,-5],[-11,-1],[-5,-16],[-14,4],[-11,-36],[-7,0],[0,-19],[-19,-2],[-16,-29],[-18,-14],[6,-14],[-15,-11],[1,-8],[-30,-14],[0,-8],[19,-9],[22,-23],[-23,-18],[1,-17],[16,-6],[3,-16],[-32,2],[-55,-21],[-6,-20],[19,-3],[3,-5],[-2,-22],[14,-30],[15,-3],[-14,-34],[-5,2],[-66,-43],[-28,-12],[-31,-24]],[[40723,36600],[-77,107],[-2,21],[27,24],[0,11],[-51,36],[-5,10],[-10,5],[-8,17],[-12,0],[-18,21],[-8,19],[-13,2],[-6,15],[-15,8],[-23,2],[-29,18],[-15,21],[3,13],[-5,8],[-19,16],[-9,1],[-3,9],[-11,1],[4,15],[-61,16],[-2,10],[-7,1],[-18,32],[3,29]],[[40333,37088],[-22,28],[-1,8],[7,8],[-10,13],[-3,16],[-12,6],[5,22],[-12,5],[-18,23],[-26,9]],[[40241,37226],[5,23],[32,44],[50,108],[-9,49],[-13,15],[-4,19],[-21,159],[16,14],[20,7],[31,-6],[51,9],[62,3],[30,11],[10,16],[0,18],[-33,80],[-6,32],[7,18],[28,27]],[[40497,37872],[65,58],[107,21],[21,2],[86,-29],[73,14],[33,-2],[12,-5],[46,-38],[38,-18],[44,-41],[-10,-44],[-41,-3],[-35,3],[-15,-9],[-8,-12],[9,-12],[53,-15],[19,-13],[82,-10],[26,5],[29,18],[32,10],[35,1],[36,-21],[27,-3],[11,3],[31,25],[37,3],[21,-22],[-9,-29],[-15,-8],[-67,-15],[-14,-13],[3,-6],[62,-10],[116,-5],[87,19],[101,37],[55,8],[36,13],[38,4],[33,15],[15,-1],[21,10],[5,8],[0,46],[6,10],[44,18],[28,23],[19,8],[15,-4],[23,-18],[22,-41],[-2,-11],[-34,-32],[-15,-32],[9,-17],[48,-11],[60,-1],[17,-15],[6,-19],[43,-22],[28,-3],[37,9],[12,-9],[2,-9],[-26,-72],[-29,-42],[-5,-20],[14,-52],[29,-42],[46,-23],[69,-22],[30,-2],[26,5],[27,14],[27,38],[7,23],[-6,32],[3,13],[9,7],[18,1],[17,-6],[12,-13],[39,-70],[35,-32],[96,-38],[96,-25],[62,-48],[26,-45],[23,0],[16,13],[-2,18],[-13,18],[-4,14],[15,20],[9,4],[21,-5],[35,-52],[22,-6]],[[50890,42232],[7,-24],[24,-30],[2,-30],[-10,-30],[-18,-12],[-2,-16],[-27,-47],[-8,-37],[-10,-13],[8,-5]],[[50856,41988],[14,-19],[-10,-15],[1,-17],[-26,-4],[13,-17],[-22,2],[-4,20],[-11,-2],[-3,-10],[-18,9],[-20,-13]],[[50770,41922],[-52,12],[5,31],[-21,10],[-102,32]],[[50600,42007],[14,63],[-39,20],[7,12],[-35,60],[-20,14],[8,13],[12,-4],[42,47]],[[50589,42232],[32,-41],[72,23],[25,15],[55,-4],[51,17],[7,0],[0,-6],[12,-1],[0,-8],[31,-2],[0,8],[16,-1]],[[53054,44855],[-24,-70],[1,-62],[46,-1],[59,-42],[38,-43],[42,-77],[15,-12]],[[53231,44548],[-28,-12],[-114,7],[-52,-14]],[[53037,44529],[-12,-5],[-36,18],[-41,-23],[-52,7],[-45,20],[-15,-9],[-20,41],[-19,20],[-85,4],[-61,19],[-30,1],[-1,6],[-26,7],[-29,2]],[[52565,44637],[-6,12],[3,12],[22,35],[-1,7]],[[52583,44703],[48,45],[30,-14],[43,23],[8,31],[-10,16],[31,8],[39,-10],[2,3],[26,-7],[4,6],[33,-20],[29,8],[18,-5],[1,5],[24,2],[3,-9],[-8,-26],[12,-6],[23,2],[14,23],[13,5],[-17,68]],[[52949,44851],[44,-2],[10,13],[51,-7]],[[59841,43230],[17,-1],[2,-12],[114,-11],[52,0],[19,4],[9,-22]],[[60054,43188],[-92,-200],[44,0],[2,10],[11,2],[28,-6],[-48,-96],[3,-43]],[[60002,42855],[-69,-24]],[[59933,42831],[1,54],[-23,37],[-76,-60],[-28,46],[-48,42]],[[59759,42950],[12,68],[29,44],[-13,12],[-24,40],[17,0],[21,15],[5,10],[14,48],[-5,11],[4,13],[-11,21],[33,-2]],[[52294,53061],[-25,-8],[15,-21],[-36,-18],[13,-21],[-3,-4],[25,-13],[18,-29],[-22,-8],[-9,17],[-26,-6],[-7,16],[-6,-2],[15,-30],[-10,-5],[-33,12]],[[52203,52941],[-3,7],[-60,0],[-21,13],[-22,31],[-58,17]],[[52039,53009],[70,109]],[[52109,53118],[26,43]],[[52135,53161],[12,-5],[-3,-13],[6,-3],[-10,-28],[132,40],[47,0],[-25,-26],[-16,-34],[21,-10],[-8,-17],[3,-4]],[[55994,45337],[34,-15],[55,-3],[-5,-28],[13,-28],[19,-22],[11,14],[35,-19],[25,-7],[15,-12],[23,-31],[37,-35],[7,-44],[5,-3]],[[56268,45104],[-4,-10],[-26,-1],[-28,6],[-39,25],[-6,-6],[4,-15],[-21,1],[0,-5],[-24,-13],[3,-2],[-17,-6],[-5,2],[-27,-8],[1,-15],[-12,-32],[-6,0],[-4,-84],[-9,-31]],[[56048,44910],[-14,-22],[-17,7],[5,10],[-24,13],[4,6],[-15,8],[-5,-5],[-29,15],[-3,-5],[-11,2],[15,18],[-26,16],[-10,-11],[-19,12],[-8,-9],[-4,16],[-25,15],[18,21],[-15,6],[7,4],[-21,14],[-21,-8]],[[55830,45033],[4,19],[-71,48],[-33,-26],[-32,20],[-47,46],[-4,8],[3,7],[-8,4],[10,13],[-66,33],[-9,-4],[-7,11],[-50,31],[-29,31],[-11,-3],[7,7],[-17,19],[-24,13]],[[55446,45310],[-9,1],[-109,57]],[[55328,45368],[36,21],[72,63],[37,24]],[[55473,45476],[20,-71],[113,-134],[54,30],[82,8],[20,-20],[16,-4],[3,-6],[21,-11],[13,3],[3,7],[16,0],[36,-17],[15,6],[19,-2],[2,-3],[31,6],[50,48],[7,21]],[[60700,43470],[75,-35],[7,13],[22,-15],[-9,-6],[9,-5],[-8,-6],[-9,0],[-20,-64],[84,-39],[-3,-10],[100,-37],[2,-12],[22,0],[14,-17],[44,-16],[12,-13],[3,-18],[-6,-38],[-97,-253]],[[60942,42899],[-19,-3],[-16,16],[-13,3],[9,26],[-9,9],[-32,12],[-59,8],[-18,9],[-9,12],[-13,58],[-21,27],[-15,10],[-22,-16],[-28,-8],[-56,-1],[-41,11]],[[60580,43072],[-28,14],[-11,28],[-21,17],[-21,4],[-36,-32],[-23,-4],[-21,6],[-12,23]],[[60407,43128],[2,13],[6,3],[9,-4],[50,35],[-2,15],[25,34],[-4,13],[5,6],[-3,17],[5,12],[-10,12],[-1,18],[14,53],[-3,15],[8,7],[6,27],[-2,22],[-4,0],[-2,22],[-51,3],[3,9],[7,-3],[6,11],[30,20],[-5,6],[10,5],[113,-66],[11,12],[12,-8],[58,33]],[[55700,44849],[71,-6],[55,-15],[24,-12],[50,-10],[14,-8],[10,-44],[-9,-46],[-10,-22],[27,-31],[17,-31],[48,-42]],[[55997,44582],[28,-61],[-122,21],[-20,-2],[-16,-9],[-16,14],[-43,-19],[-27,-22],[-55,-25],[-19,-15]],[[55707,44464],[-21,12]],[[55686,44476],[-31,27],[-35,59],[-35,44],[-36,32],[-48,29]],[[55501,44667],[18,15],[22,8],[-54,104]],[[55487,44794],[55,5],[3,20],[23,6],[8,-3],[4,18],[40,11],[14,24],[66,-26]],[[55707,44464],[89,-40],[87,-27],[123,3],[55,10],[4,-9]],[[56065,44401],[-241,-63],[-76,-40]],[[55748,44298],[-58,-56],[-32,-53],[-9,-63],[-19,-62],[1,-47],[219,24]],[[55850,44041],[-3,-11],[-7,-1],[19,-84],[-46,-9],[-4,-6],[5,-13],[-6,-2],[8,-22],[6,1],[10,-11],[-58,-9],[5,-16],[-39,-54],[6,-3]],[[55746,43801],[-23,-79]],[[55723,43722],[-60,25],[-55,32],[-6,-7],[-41,23],[-43,36],[-23,-34],[-53,-39],[-40,-41],[-12,-19],[-139,55]],[[55251,43753],[-40,14]],[[55211,43767],[15,50],[5,46],[0,13],[-10,19],[43,26],[47,4],[6,7],[-16,11],[27,55],[0,51],[-11,32]],[[55317,44081],[10,8],[29,66],[52,174],[72,89]],[[55480,44418],[82,43],[60,20],[28,3],[36,-8]],[[55315,43108],[5,-65],[15,1],[2,-22],[49,10],[10,-16],[16,1],[19,-16],[46,-7],[41,-24],[-6,-11],[8,-3],[9,-21],[-17,2],[-16,-16],[-32,-11],[-1,-7],[-44,10],[-19,-9],[-14,-14],[26,-21],[5,-11],[-8,-26],[-27,-31],[-10,-34],[2,-23],[15,-30]],[[55389,42714],[-5,0]],[[55384,42714],[-65,-4],[-46,-19],[-55,9],[-48,-12],[-25,16],[-37,6],[-14,38],[-35,13]],[[55059,42761],[-36,14],[0,17],[-31,44],[-7,53],[21,9],[12,35],[18,12],[-3,17],[-14,22]],[[55019,42984],[48,42],[36,50],[11,1],[52,31]],[[55166,43108],[135,73],[10,0],[4,-73]],[[55211,43767],[-44,11],[-104,62],[-55,17],[-8,-3],[-8,6],[-29,-11],[-122,-5],[24,52],[-35,9],[-1,10],[-37,19],[-18,-15],[-22,10],[-23,-5],[-26,-15],[-20,5],[-11,-4],[-17,41],[-1,26]],[[54654,43977],[37,22],[-2,7],[13,4],[68,45],[-7,36],[77,7],[46,-5],[76,-21],[26,-12],[21,41],[28,82],[31,17]],[[55068,44200],[74,-76],[57,-27],[41,-31],[34,17],[43,-2]],[[54298,43452],[67,-24],[8,-15],[59,5],[63,-10]],[[54495,43408],[-7,-3],[6,-17]],[[54494,43388],[-25,-11],[-64,-10],[-48,1],[12,-27],[-37,-7],[7,-16],[-11,-5],[11,-14],[-5,-16],[-16,1],[-2,8],[-7,4],[-10,-4],[4,-7],[-10,-8],[4,-21],[-6,-34],[17,-52],[-6,-55],[3,-29],[-61,-29],[-5,-7],[18,-18],[13,-4],[39,-49],[-46,-13],[-62,-27],[-11,-12],[-3,-15],[-13,5]],[[54174,42917],[-26,4],[-6,-10],[-29,-16],[-73,33],[0,9],[-24,13],[-17,26],[-20,12],[9,15],[-19,8],[15,11],[-22,40],[-1,15],[-10,2],[-5,34],[-22,-8],[-9,3],[-30,-27],[-42,37],[7,19],[-15,-5],[-20,-15],[2,59],[-6,9],[-15,0]],[[53796,43185],[1,109],[-6,67],[12,61],[16,15],[24,11],[-4,22],[6,12]],[[53845,43482],[17,0],[39,-12],[4,-6],[30,6],[13,-13],[18,2],[14,-5],[51,3],[16,-4],[13,6],[9,-3],[35,6],[15,-12],[17,-4],[8,4],[14,-3],[8,6],[12,2],[13,-14],[107,11]],[[53363,46081],[-27,-68],[-3,1],[-26,-44],[-11,-5],[-26,1],[-8,-4],[-4,3],[-12,-6],[-8,4],[-3,-3]],[[53235,45960],[-15,1],[-5,-9],[-4,6],[-18,3],[7,-15],[-4,-41],[-30,-22],[-28,21],[0,-22],[-13,-18],[-18,-4],[2,-12],[-15,-48],[-16,-19],[-25,-16]],[[53053,45765],[-287,116]],[[52766,45881],[10,9],[37,6],[55,18],[-22,36],[82,19],[3,6],[44,21],[-16,2],[7,37],[-10,42],[16,9],[-19,10],[-27,32]],[[52926,46128],[61,8],[5,9],[18,2],[11,-15],[27,11],[19,-11],[61,36],[25,8],[38,-15],[46,3],[74,-59],[35,-21],[17,-3]],[[53473,46688],[-19,-2],[-33,12],[-59,9],[-73,-56],[-35,-5],[-50,-21],[-40,-4],[-73,-18],[-2,7],[-88,-27],[0,4],[-24,-4],[-49,9],[-41,-2],[-2,-33],[-23,13],[-27,3],[-28,-25],[-16,2]],[[52791,46550],[-20,12],[-5,26],[-46,5],[-20,-13],[-33,0],[-11,15],[-17,-5],[-26,46],[-29,-1],[-10,-6],[-16,4]],[[52558,46633],[-1,103],[5,-4],[-5,158],[149,-6],[28,38],[8,44],[30,18],[-46,80],[-79,25],[-23,0],[20,67],[21,30],[1,11],[12,1]],[[52678,47198],[13,7],[18,-19],[11,5],[49,-79],[-1,-14],[12,-9],[35,-6],[37,9],[26,-3],[13,-14],[28,-6],[6,-7],[-5,-5],[21,-11],[7,3],[21,-7],[10,-13],[25,0],[5,-6],[21,-2],[3,-13],[33,-10],[27,-30],[38,-7],[15,2],[39,-22],[19,2],[2,-9],[-7,-8],[43,-33],[16,-19],[3,-11],[21,-18],[24,0],[6,-15],[24,-16],[-13,-22],[29,-14],[64,12],[23,-6],[19,-23],[0,-43],[15,-30]],[[52847,45531],[69,-35],[56,-17]],[[52972,45479],[36,-36],[-22,-10],[4,-6],[-19,-11],[14,-30],[-2,-15],[7,-10],[-3,-12],[-16,-28],[-30,-26],[-20,-46],[-23,-20]],[[52898,45229],[-85,-31],[-42,42],[-7,87],[-12,-4],[-11,3],[-1,21],[-29,3],[-8,57],[-12,-5],[-35,5],[-52,2],[7,-15],[-10,-3]],[[52601,45391],[-11,22],[-4,38],[-17,17],[-26,50],[-45,40],[-28,94],[0,20]],[[52470,45672],[20,6],[30,37],[8,2]],[[52528,45717],[49,-39],[54,-23],[102,-76],[114,-48]],[[62610,42444],[-6,-13],[21,-12],[9,-17],[0,-14],[13,-17],[-4,-12],[-15,-3],[-29,-34],[21,-21],[26,-12],[-2,-17],[-14,-1],[-3,-43],[-36,-4],[-7,-22],[40,-11],[-14,-52]],[[62610,42139],[0,-5],[-119,-61],[-26,32],[-37,14],[2,-8],[-10,-13],[10,-8],[-11,-9],[-7,-20],[-8,-3],[-10,-25],[-11,-8],[-34,-59]],[[62349,41966],[-11,-18],[-6,-27],[-53,-11],[-51,-2],[-2,-19],[19,-37],[-103,-46],[-3,-45],[-60,25],[2,22],[-50,-25]],[[62031,41783],[-93,111],[-114,166],[-3,44],[-13,10],[7,6],[-16,30],[6,33],[28,52],[-16,11],[10,21],[4,37],[-19,11],[-9,11],[13,19],[-7,6],[6,26],[-10,8],[7,42],[11,1],[5,44],[0,4],[-19,6],[6,95],[-9,8],[-34,2],[3,6]],[[61775,42593],[52,127],[52,-13],[19,-23],[9,-26],[28,32],[10,-3],[1,16],[23,29]],[[61969,42732],[103,-28],[72,-31],[117,7],[63,-9],[-2,-42],[42,-28],[77,-14],[-38,-75],[27,-2],[13,-11],[45,2],[8,6],[29,-5],[63,0],[-18,-36],[9,-12],[18,-2],[13,-8]],[[50816,53067],[7,-3],[-5,-5],[-18,-4],[-60,12],[-15,22],[-20,-22],[-39,-14],[12,-9],[-2,-15],[41,3],[-2,-14],[-7,0],[-8,-24],[11,-1],[0,-13],[75,-2],[6,-9],[9,0],[48,3],[1,9],[41,-6]],[[50891,52975],[-38,-62],[-4,-17],[7,-9],[44,-19],[15,-28],[-55,-3]],[[50860,52837],[-45,12],[-82,-1],[-13,19],[-17,-9],[-3,5],[-21,-1],[-37,17],[-74,19],[-46,33],[21,9],[6,12],[-31,7],[-12,20],[6,9],[-16,22],[-20,2],[-16,-5],[-5,10],[-25,11],[-1,25]],[[50429,53053],[-2,7],[-5,2],[4,18],[58,-12],[-5,8],[43,21],[50,63],[9,3],[11,-2],[9,6],[78,-53],[28,14],[21,32],[18,10],[30,-67],[40,-36]],[[54088,45770],[2,-38],[-22,-68],[29,-3],[3,-8],[11,-5]],[[54111,45648],[-105,-235]],[[53869,45478],[-46,40],[-47,51],[18,13],[13,66],[26,24],[-5,91]],[[53828,45763],[22,-8],[23,19],[-5,9],[54,75],[54,-2],[69,-15],[37,27],[-5,-53],[11,-45]],[[60993,44600],[-8,-11],[11,-17],[12,1],[35,-13],[23,8],[31,25],[36,6],[35,-1],[77,-23],[26,-37],[-24,-36],[9,-23],[-3,-13],[19,-34],[-5,-18],[-21,-34],[44,-23]],[[61290,44357],[-19,-16],[-34,11],[-17,-8],[-12,-30],[3,-19],[-18,-26],[-14,-5],[-114,-13],[-119,23],[-25,-2]],[[60921,44272],[-22,37],[-17,51],[13,20],[11,33],[-62,24],[-85,56],[-39,78],[-50,75]],[[60670,44646],[2,7],[9,2],[23,17],[19,-1],[0,-7],[14,-7],[56,10],[14,6],[2,6],[28,-6],[14,-14],[6,-9],[-3,-19],[15,-19],[9,3],[1,8],[10,5],[15,-13],[38,-1],[16,-15],[17,4],[8,-7],[10,4]],[[51177,53287],[26,-65],[13,-5],[10,-24],[18,-18],[2,-22],[13,-18]],[[51259,53135],[8,-31],[-25,-116]],[[51242,52988],[-54,28],[-7,-47],[-44,10],[-4,-13],[-57,6]],[[51076,52972],[-29,47],[4,8],[-5,10],[-37,28],[14,11],[-24,20]],[[50999,53096],[-8,22],[10,41],[48,-22],[27,0],[-6,52],[5,31],[28,-4],[-21,62],[-1,13],[9,0],[-2,28]],[[51088,53319],[89,-32]],[[52601,45391],[21,-29],[-35,-8],[-36,2],[-15,-62],[-18,-21]],[[52518,45273],[-74,23],[-10,-9],[13,-6],[2,-19],[-11,-7],[-3,-8],[0,-25],[-41,6],[-22,-2]],[[52372,45226],[-17,8],[-51,60],[-23,8]],[[52281,45302],[19,39],[2,32],[10,19],[16,66],[-80,14]],[[52248,45472],[79,96],[54,101]],[[52381,45669],[48,4],[41,-1]],[[51789,54236],[-7,-7],[-39,12],[-48,0],[-1,4],[-39,6],[-23,12],[-25,6],[-9,10],[-22,6],[-22,-17],[10,-38],[-24,-7],[-5,-17],[7,-22],[-46,0],[-24,5],[-36,-24],[-18,19],[-38,-21]],[[51380,54163],[6,18],[-31,33],[7,20],[9,9],[-15,5],[-9,-2],[0,12],[13,1],[8,13],[8,-1],[15,12],[5,-6],[21,18],[-1,4],[-76,11],[-29,21],[-16,-8],[-20,13],[-6,9],[12,21],[18,17],[-17,16],[-6,-9],[-6,4],[-41,-28],[-13,1],[-8,-12],[-4,7],[-7,-4],[-6,-15],[-7,-1],[-8,5],[-4,16],[-77,62]],[[51095,54425],[49,32],[25,3],[19,11],[41,6],[28,-9],[20,3],[12,15],[-13,5],[4,18],[11,13],[-6,13],[45,24],[21,16],[-2,13],[8,13],[45,47],[-1,12],[20,13]],[[60400,44619],[49,-41],[2,-21],[-6,-4]],[[60445,44553],[-25,1],[-38,33],[-40,-26],[-16,16],[-8,-3],[1,15],[-15,11],[-17,25],[11,6],[-14,10],[-79,-57],[-55,-7],[-48,0]],[[60102,44577],[3,59],[-5,41],[-25,5],[-57,29]],[[60018,44711],[35,10],[1,4],[-27,25],[2,12],[-32,8]],[[59997,44770],[11,12],[15,-2],[64,-34],[34,11],[-2,11],[28,3],[18,12],[52,17],[2,-7],[46,-21],[8,-16]],[[54682,45754],[-48,-161],[26,-15],[12,16],[44,-6],[38,10],[6,-4],[-1,-18],[12,-17],[14,-41],[-10,-20],[-24,-8],[-1,-10],[23,-23],[13,-32],[37,-33],[-25,-31],[14,-5],[-2,-21],[44,-1],[-26,-18]],[[54828,45316],[-17,11],[-27,6],[-22,-7],[-28,12],[-1,5],[-24,-4],[-7,-15],[-16,1],[-41,-41],[-23,-10],[1,-4],[-42,7],[12,72],[-27,14]],[[54566,45363],[-9,5],[30,36],[-81,61],[-11,-8],[-19,4],[-17,22],[-4,18],[-9,5],[-8,-8],[-11,7]],[[54427,45505],[17,23],[9,24],[-126,103],[-5,17],[46,46],[-20,14],[21,13],[-12,2],[21,41],[15,-7],[31,28],[89,-59],[-12,-17],[13,-10],[84,-7],[12,-6],[9,0],[63,44]],[[61106,44952],[8,-21],[11,-7],[1,-28]],[[61126,44896],[-13,-6],[-1,-10],[-16,-2],[-5,-10],[-6,2],[-3,-7],[-21,-15],[1,-19],[14,-14],[-3,-11],[5,-5],[-11,-12],[8,-8],[-6,-15],[-10,2],[-6,-5],[-14,-27],[-6,-50],[4,-18],[-13,-18],[3,-11],[-18,-12],[1,-14],[-17,-11]],[[60670,44646],[-88,95]],[[60487,44824],[99,-24],[48,-20],[18,4],[38,104],[18,32],[47,8],[85,-50],[9,-10],[13,1],[1,14],[-10,6],[16,36],[6,-7],[32,24],[13,-6],[44,-5],[38,-2],[35,5],[2,30],[-4,3],[8,16]],[[61043,44983],[63,-31]],[[51142,53808],[16,-11],[28,-5],[32,5]],[[51218,53797],[72,-233]],[[51290,53564],[35,-103],[51,-55]],[[51376,53406],[-14,0],[-3,-7],[-22,-1],[-25,9],[-36,-19],[6,-7],[-5,-3],[-14,17],[-17,-9],[-7,8],[-15,-9],[-12,3],[-25,-89]],[[51187,53299],[-2,-9],[-8,-3]],[[51088,53319],[-6,0],[-34,121]],[[51048,53440],[-71,236],[-58,122]],[[50919,53798],[20,1],[36,-19],[27,-2],[69,15],[20,13]],[[51091,53806],[24,14],[27,-12]],[[56165,42727],[117,-17],[47,-23],[112,54]],[[56441,42741],[41,-27],[60,-29],[-39,-40],[-16,6],[-17,-21],[20,-13],[-2,-9],[69,-45],[0,-6],[-17,-20]],[[53037,44529],[-3,-13],[9,-11],[-4,-12],[-18,-13],[-37,-9],[-44,-20],[-39,-12],[-34,-20],[-43,-11]],[[52824,44408],[-22,-6],[-80,-39],[-47,-2],[-48,-15],[-18,-12]],[[52609,44334],[-96,4],[3,12],[-15,2],[14,61],[7,5],[-5,6]],[[52517,44424],[25,88],[-11,8],[-48,8],[29,13],[19,43],[21,21],[13,32]],[[54708,45071],[-83,-20],[-97,-15],[-29,-9],[-32,-21],[-86,-85]],[[54381,44921],[-33,-16],[-79,-9],[-82,7],[-56,-92]],[[54131,44811],[-17,13],[-16,-13],[-6,9],[3,3],[-9,9],[-7,-4],[-17,11],[0,17],[21,1],[35,20],[25,36],[16,-5],[11,45],[-12,4],[2,5],[13,-3],[13,29],[-10,1],[10,22],[7,45],[8,4],[-8,1],[1,12],[16,7],[17,50],[23,36]],[[54250,45166],[40,47],[19,41]],[[54309,45254],[42,-41],[58,-24],[176,-19],[67,-3],[44,5],[-7,-15],[-34,-9],[-10,-26],[15,-6],[12,2],[5,-8],[17,-7],[19,-15],[-5,-17]],[[52609,52565],[-10,-1],[-9,-8],[5,-11],[-27,-11],[4,-5],[-41,-2],[1,-17],[-13,0],[-1,32],[-20,2],[-13,8],[-11,2],[-4,-5],[-7,3],[15,27],[-34,4],[-27,10]],[[52540,52737],[7,5],[9,-15],[45,-40],[39,-57],[15,-6],[45,1],[24,-6]],[[53141,44008],[-60,63],[-12,-15],[-24,4],[-24,-12],[-35,7],[-33,-16],[-66,-7],[-13,11],[3,30],[-31,24],[-29,-60],[-8,-1],[-9,20],[-27,7],[-28,-1],[-24,-45],[-22,6]],[[52699,44023],[-9,31],[7,101],[-22,12],[-16,-9],[-9,-25],[-19,0],[-12,-9],[-23,-7],[-57,-3],[5,14]],[[52544,44128],[66,95],[22,42],[-12,3],[-2,7],[11,23],[7,-2],[11,19],[-38,10],[0,9]],[[52824,44408],[11,-3],[1,-32],[-6,-8],[25,-18],[-4,-11],[24,-11],[48,22],[27,18],[7,-6],[-8,-39],[-6,-8],[9,-3],[20,-28],[-3,-7],[20,-13],[11,-1],[4,5],[32,-20],[48,-14],[30,-19],[31,-32]],[[51533,53823],[-7,-23],[-31,-44],[-7,-24],[20,-67],[-10,2],[-32,-8],[-34,-1],[-3,-49]],[[51429,53609],[-35,-3],[-4,-8],[-100,-34]],[[51218,53797],[10,3],[32,-26],[22,-9],[11,50],[5,-17],[27,-10],[13,-17],[17,7],[1,7],[41,17],[-8,9],[15,12],[-14,9],[1,7],[10,3],[7,10],[45,24],[11,-2],[4,-10],[18,17],[30,1]],[[51516,53882],[17,-24],[-25,-12],[18,-24],[7,1]],[[52264,52553],[20,-14],[31,-41],[49,-25]],[[52364,52473],[-4,-18],[-12,-7],[-18,1]],[[52330,52449],[-33,-1],[1,10],[-8,1],[-7,-8],[-16,10],[-6,-4],[-18,13],[-22,-15],[-30,17],[-23,-20],[-6,6],[-30,-14],[-15,11],[-65,-23],[-27,-1],[-38,-32],[3,-22],[-8,-5],[4,-25],[13,-1],[1,-6]],[[52000,52340],[-61,-24],[-10,23],[-37,-8],[3,-9],[-13,-5],[-4,11],[-23,-1]],[[51819,52560],[164,6],[85,12],[54,2]],[[52122,52580],[60,-3],[82,-24]],[[46694,49328],[53,-37],[14,-37],[-10,-30],[-12,-13],[8,-15],[4,-30],[-11,-70],[12,-17],[7,-24],[35,-38],[-6,-23],[-11,0],[-12,-21],[-68,26],[-13,1],[-51,-23],[-35,12],[-14,-1],[-99,-43],[-30,1],[-23,18],[-19,3],[-20,-51],[-36,-25],[-10,-43],[-14,-13],[-21,-43],[7,-14],[1,-40],[-48,-41],[3,-14],[-36,-10],[-18,49],[11,12],[-9,22],[-11,6],[2,11],[-8,3],[-3,-5],[-11,-2],[-17,7],[-9,24],[-23,9],[-78,-38],[6,-16],[-70,-25],[-22,-19],[-20,18],[-64,-32]],[[45895,48697],[-14,8],[-11,25],[-8,6],[-20,-3],[-7,-10],[-145,53],[20,37],[-78,89],[-25,21],[-33,-10],[-19,2],[-2,32],[-35,-11],[3,-7],[-9,-12],[3,-8],[-35,2],[-66,-12],[17,-26],[-26,-10],[-28,20],[-26,-9],[-27,-2],[-9,-55],[-4,0],[-7,-14],[-43,13],[-15,-53],[-34,7],[-57,-7],[-11,3],[-7,10],[-41,8],[-35,18],[-83,55],[-38,51],[-26,95],[-21,42],[-14,17],[1,10],[30,51],[-5,23]],[[44905,49146],[13,44],[26,31],[-10,40],[6,33],[25,5],[54,-8],[2,-6],[8,0],[48,-34],[50,33],[-26,9],[-12,10],[-15,79],[-13,19],[-25,73],[-55,44],[-15,6],[-17,23],[-23,16],[-7,10],[10,76],[-4,16],[47,82],[5,33],[42,60],[27,69]],[[45046,49909],[11,-2],[15,-16],[1,-14],[23,-39],[46,-23],[22,-17],[34,4],[40,16],[68,35],[64,67],[17,25],[18,14],[9,13],[-3,3],[20,19],[6,34],[38,28],[26,47],[38,18],[26,-2],[41,-23],[3,-14],[8,-10],[19,-12],[14,2],[-8,6],[9,20],[-5,11],[11,9],[-2,13],[27,27],[14,27],[9,7],[20,-1],[6,8],[9,-2],[8,11],[5,-4],[56,22],[12,30],[12,3],[13,12],[-1,5]],[[45845,50266],[6,3],[15,-9],[4,-18],[-4,-13],[27,-29],[4,-26],[42,-33],[20,-35],[43,-45],[38,-29],[41,7],[4,-14],[-7,-4],[6,-14],[-24,-12],[-6,13],[-21,19],[-20,13],[-15,-1],[-18,35],[-34,33],[-14,4],[-32,-69],[1,-12],[-14,-12],[20,-62],[10,-6],[28,-2],[-8,-43],[-40,-18],[-4,-47],[4,-9],[17,5],[-3,-6],[6,-13],[10,-2],[-1,-30],[-17,-7],[2,-11],[-7,-1],[10,-22],[24,-5],[-1,-13],[-7,-5],[6,-6],[-6,-10],[27,-27],[-1,-7],[10,-2],[0,-9],[15,-12],[7,-2],[7,6],[9,-5],[21,-31],[6,1],[-3,8],[10,-3],[0,-7],[18,-5],[-11,-16],[19,-5],[-1,-12],[30,-27],[17,-36],[11,-2],[5,-8],[17,7],[4,-5],[14,1],[12,-36],[49,-8],[12,7],[22,-1],[5,-13],[-8,-29],[12,-14],[11,2],[-8,-36],[2,-8],[21,4],[51,-7],[19,-12],[157,-5],[107,-18],[69,-5]],[[42166,52123],[-12,-22],[-21,-14],[-20,-27],[15,-23],[7,2],[6,-7],[18,5],[16,-10],[21,-23],[5,-18],[21,4],[25,-10],[-6,-11],[5,-6],[-7,-4],[1,-14],[12,-3],[6,-16],[11,-3],[3,-18],[18,-7],[40,-33],[20,-6],[4,-8],[19,-7],[8,-11],[12,1],[6,-7],[7,3],[2,-12],[25,-2],[39,-17],[33,-26],[69,-26],[9,-12],[24,-10],[6,-12],[17,-10],[5,3],[15,-12],[19,2],[-2,52],[10,7],[24,1],[52,18],[18,3],[52,-18],[48,-2],[20,-8],[10,3],[43,33],[13,-1],[17,15],[17,54],[32,36],[22,11],[37,4],[14,0],[26,-11],[34,34],[17,-69],[29,-29],[148,-24]],[[43350,51805],[-17,-46],[-4,-30],[-18,-18],[-39,-25],[-12,-46],[3,-7],[40,-31],[2,-61],[21,-27],[6,-30],[14,-14],[6,-44],[-24,-1],[-10,-6],[-2,-7],[-20,-6],[-15,-12]],[[43281,51394],[4,29],[-6,15],[-8,3],[-1,13],[9,17],[-8,5],[-22,-16],[-16,-5],[-4,-11],[-23,-15],[-35,-9],[-36,-2],[-6,-12],[-9,-2],[-21,10],[-3,-13],[-12,-2],[3,-7],[-11,-8],[-8,1],[-3,12],[-38,-2],[-17,11],[-16,-1],[-12,12],[-14,5],[-8,-10],[-33,26],[-8,-8],[-26,0],[1,-4],[-23,-11],[-4,-14],[-9,-2],[0,-23],[9,-29],[19,7],[-2,-21],[-15,-30],[-1,-9],[11,-9],[1,-9],[-4,-24],[-17,-28],[-12,-54],[-13,-1]],[[42834,51169],[-37,2],[-43,16],[-24,20],[-25,2],[-42,-1],[-30,-18],[-34,3],[-24,-14],[-40,-3],[-6,-5],[-9,12],[-13,3],[0,12],[-13,16],[27,13],[12,11],[-9,13],[-29,8],[-64,-3],[-51,10],[-20,-5],[-9,8],[-25,0],[-10,-9],[-7,3],[-22,-9],[-22,-1],[-5,-31],[-14,-2],[-10,-9],[-41,16],[-13,-3],[-10,7],[4,28],[-26,4],[-36,28],[-5,-6],[-15,0],[-10,30],[-16,-1],[-37,-4],[0,-29],[-19,-9],[-13,-41],[-13,-11],[-42,-2],[-19,-9],[-47,5],[-24,-28],[-43,-36],[-11,-24]],[[41800,51126],[-17,29],[-30,33],[-130,87],[-108,13],[-54,-3],[-68,18],[-77,-22],[-57,3],[-31,198],[-10,5],[-50,3],[-53,16],[-28,3],[-10,10]],[[41077,51519],[13,-4],[21,18],[31,4],[52,-23],[16,3],[12,17],[54,-20],[51,12],[29,14],[6,13],[34,19],[5,40],[12,1],[11,9],[0,21],[11,21],[22,-13],[15,-1],[16,7],[-20,13],[5,8],[-4,9],[30,41],[-11,27],[18,18],[19,2],[-5,18],[26,7],[-10,16]],[[41536,51816],[19,19],[20,2],[0,26]],[[41575,51863],[29,-7],[15,9],[35,91],[5,29],[19,12],[41,7],[18,14],[66,7],[58,-3],[37,27],[51,-18],[53,9],[25,45],[2,52],[31,41]],[[42060,52178],[22,25],[8,0],[76,-80]],[[48112,51067],[39,-38],[-20,-17],[-13,3],[1,-18],[-6,4],[-7,-8],[-23,3],[1,7],[-14,-4],[-11,13],[-18,-11],[-16,5],[-5,-2],[6,-8],[-7,-21],[-10,-12],[-13,-6],[-4,4],[-38,-2],[-4,-12],[-6,4],[2,-14],[-8,0],[0,-8],[-22,0],[-2,-8],[-15,-2],[-6,10],[-10,0],[-15,-6],[-9,-13],[-29,11],[3,14],[-10,1],[-1,8],[-47,4],[-3,7],[-13,1],[-7,-4],[-39,7],[10,3],[-9,3],[-10,-6],[-17,1],[-2,-5],[-10,8],[-13,-10]],[[47662,50953],[0,23],[-11,15],[-19,2],[22,17],[144,73],[25,30],[22,65],[32,36],[32,21],[20,7],[36,10],[44,4]],[[48009,51256],[-5,-20],[7,-44],[32,-24],[48,-57],[17,-11],[-13,-19],[17,-14]],[[44348,48008],[32,-41],[50,-29],[28,-6],[15,4],[12,51],[14,11],[32,6],[35,-16],[53,-51]],[[44619,47937],[-22,-44],[-22,-3],[-52,7],[-6,-51],[-42,-27],[19,-18],[55,-29]],[[44319,47795],[0,11],[9,12],[7,-5],[7,3],[-2,-14],[4,0],[10,71],[-96,-13],[9,24],[-12,15],[30,11],[36,-5],[6,17],[-9,11],[-4,32],[-12,22]],[[44302,47987],[25,11],[18,14],[3,-4]],[[44572,45087],[-21,-19],[-29,5],[-18,-3],[-18,-19],[-13,-5],[8,-51],[-37,-42],[-29,-44],[-14,-10],[-12,-26],[-24,-22],[-27,-13],[-32,-48],[-13,9],[0,15],[-18,-20],[-14,6],[-16,-6],[7,-15],[-12,-7],[-4,2],[-14,-24],[-29,-21],[11,-10],[-81,-92],[-18,-12],[12,-24],[-107,-30],[-53,17],[-11,-4],[-20,-39],[-5,-70],[19,-82],[3,-6],[12,1],[7,-6],[-1,-7],[23,-33],[-3,-7],[4,-14],[9,-2],[0,-6],[16,-13],[-5,-9],[3,-14],[15,-1],[-6,-5],[4,-21],[14,-6],[15,-14],[-2,-15],[22,-24],[-1,-28],[-9,-9],[-3,-16],[7,-1],[-4,-9],[6,-10],[-2,-23],[12,-17],[-11,-35],[5,-11],[-4,-13],[19,2],[49,-39],[57,-66],[-3,-9],[16,-7],[42,-46],[-27,-31],[-49,-40],[-8,-25],[-27,-21],[-28,-12],[27,-12],[31,10],[17,-9],[31,0],[70,-47],[-22,-26],[-30,-61],[59,-59],[19,-58],[48,-36],[-21,-10],[-23,-5],[5,-23],[26,-34],[-41,-20],[-35,-7],[8,-12],[-31,-18],[-9,-16],[4,-3],[-3,-19],[-49,-12],[-27,-13],[-25,-22],[-43,-14],[-9,0],[-11,16],[-14,8],[-19,2],[-30,-45],[-19,-52],[0,-60],[14,-36],[37,14],[48,33],[10,0],[13,-5],[13,2],[76,-7],[58,-21],[42,1],[10,48],[65,-26],[10,8],[18,-6],[33,-28],[5,-21],[26,-16],[18,18],[24,-10],[21,2],[-49,-77],[4,-36],[8,-16],[-7,-59],[17,-7],[-32,-56],[11,-15],[22,-16],[-1,-19],[9,0],[4,-4]],[[44518,42703],[-8,-7],[8,-9],[2,-27],[9,-3],[-1,-17],[7,-6],[0,-37],[-36,0],[-29,-15],[-25,4],[-18,-15],[-19,12],[-23,-5],[-8,5],[-2,10],[-11,1],[-26,-10],[-31,-4],[-5,-9],[-41,-18],[-30,0],[-13,-7],[-45,-51],[-17,-10],[12,-36],[-9,-11]],[[44159,42438],[-27,7],[-34,-12],[-23,18],[-20,3],[-8,14],[-14,7],[-19,1],[-12,12],[-61,2],[-36,-5],[-28,2],[-49,13],[-101,7],[-110,46],[-30,6],[-39,-3]],[[43548,42556],[-2,23],[-5,2],[7,7],[-5,42],[6,71],[-7,21],[24,7],[-14,20],[-1,66],[8,18],[-8,17],[3,20],[-81,18],[-33,17],[-17,15],[-25,10],[-58,6],[-36,-4],[-27,-11],[-36,-25],[-9,5],[-14,-6],[-19,6],[-22,-14],[-59,-6],[-4,2],[3,11],[-11,0],[13,7],[-8,7],[12,13],[-19,16],[-3,17],[-11,3],[-5,17],[-21,5],[0,5],[18,11],[-14,8],[4,13],[-12,39],[-14,-3],[-11,6],[-21,-33],[-26,-26],[-15,5],[0,15],[-30,14],[14,23],[19,-2],[15,7],[6,-6],[9,1],[-1,11],[-8,2],[-2,6],[9,13],[-8,2],[-7,-6],[-19,8],[-76,-13],[-17,7],[-27,21],[4,-14],[-22,1],[-4,-13],[-6,-3],[4,-9],[-8,4],[-2,-10],[-17,4],[5,-8],[-8,0],[-8,-8],[6,-8],[-16,2],[-8,-13],[-3,7],[-9,0],[-6,7],[-12,3],[3,-11],[-17,11],[-27,1],[-5,31],[-55,7],[-46,70],[-43,35],[-40,42],[-6,22],[17,3],[14,-3],[10,-14],[20,1],[60,-22],[41,8],[69,-3],[40,4],[15,-15],[19,6],[-15,14],[-17,30],[-12,33],[-8,7],[-10,-1],[10,38],[-25,9],[-11,25],[-6,0],[-8,11],[-2,14],[32,26],[15,22],[-19,27],[14,20],[-6,16],[16,19]],[[42757,43532],[76,-25],[58,1],[58,-16],[27,0],[5,51],[-33,50],[-11,39],[35,31],[7,11],[0,15],[32,8],[51,3],[24,16],[42,6],[49,16],[11,6],[6,21],[18,25],[31,24],[20,6],[23,25],[27,14],[10,11],[11,-1],[26,44],[-1,9],[-13,14],[5,8],[13,-4],[-2,12],[-17,12],[-61,23],[0,7],[9,15],[24,18],[5,21],[32,34],[1,11],[15,13],[14,0],[27,18],[5,44],[8,21],[-4,23],[8,15],[39,14],[24,22],[30,6],[-18,28],[-42,-2],[-10,3],[46,40],[6,11],[60,58],[10,17],[-17,17],[-10,25],[3,29],[-14,15],[-10,23],[-97,48],[-13,18],[-21,14],[-10,48],[-21,12],[-64,8],[-25,-5],[-13,5],[71,77],[11,57],[26,53],[32,40],[6,44],[18,41],[83,96],[24,19],[29,31],[17,27],[5,36],[18,44],[68,38],[30,27],[10,34],[-1,27]],[[43708,45372],[191,-42],[42,-19],[47,-3],[31,11],[14,-3],[14,-14],[1,7],[40,22],[3,11],[17,-1],[12,-13],[37,1],[74,18],[16,7],[27,25],[42,-16],[15,6],[39,27],[35,-1],[32,27],[26,-12],[22,-17],[-2,-5],[20,-8],[49,-13],[26,-1],[-2,-3],[31,-27],[20,-32],[-3,-36],[-52,-147],[0,-34]],[[45315,48159],[-67,92],[-68,32],[-38,-36],[3,-5],[-6,-9],[-33,-33],[-4,2],[-12,-10],[2,-5],[-33,-36],[-5,-15],[-6,-1],[-1,12],[-16,7],[-14,-15],[-29,22]],[[44988,48161],[71,88],[150,270]],[[45209,48519],[21,-6],[3,13],[18,-6],[19,-11],[28,-27],[18,3],[22,-23],[19,-5],[-4,-60],[8,-21],[-4,-21],[27,-11],[-1,-55],[10,-1],[-7,-17],[18,-35],[5,-38],[-11,-32],[-12,-5],[-7,-11],[5,-17],[-17,17],[-52,9]],[[59381,40773],[7,-18],[17,2],[17,-10],[-2,-13],[7,-18],[40,-9],[17,8],[16,-7],[1,-10]],[[59674,40482],[15,-26],[-1,-16],[-12,-24],[-25,-10],[6,-6],[0,-21],[-16,-9],[7,-13],[-5,-4]],[[59643,40353],[-6,-2],[-5,6],[4,7],[-26,-4],[-16,6],[-3,-6],[-17,-1],[1,-7],[-14,-13],[21,-5],[-6,-23],[-46,-29],[1,-6],[-19,-10],[-20,-24],[-2,9],[-61,19],[-26,14],[-14,32],[3,24],[-11,27],[-85,52],[-38,16],[-33,1],[-40,-17],[-82,0],[-20,-16],[-14,-20],[-44,-9]],[[59025,40374],[-70,-24]],[[58955,40350],[-23,54],[7,30],[-21,15],[26,73],[69,96],[58,36],[57,25],[4,28],[31,99]],[[58775,40785],[-5,-21],[-3,-87],[-31,-97],[-10,-51],[1,-79],[23,-106],[-23,-62],[119,-48],[36,-6],[37,1],[-27,46],[1,31],[17,23],[45,21]],[[59025,40374],[21,-54],[55,-19],[88,-18],[-29,-38],[-15,-51],[44,13],[25,-1],[18,-7],[23,-34],[5,-17],[-4,-33],[-15,-15],[-32,-8],[1,-27],[18,-26],[65,-44],[21,-27],[27,-82],[-2,-15],[-20,-32],[-6,-32],[46,5],[22,-8]],[[59206,39544],[-9,3],[-2,16],[-17,-1],[-11,13],[-22,1],[1,6],[-13,10],[-11,23],[1,8],[-19,7],[-6,-6],[-5,8],[-10,3],[-4,11],[5,7],[-8,5],[-2,12],[-11,6],[6,7],[-9,1],[-4,-5],[-5,6],[-21,-16],[-14,3],[-40,-4],[-50,30],[-46,-6],[-12,5],[-13,-11],[-11,-31],[-23,-7],[-23,-23],[-28,-9],[-22,-24],[-69,-41],[0,-6],[-17,-17],[6,-3],[-6,-11],[-4,4],[-5,-10],[-11,-5],[-8,1],[11,73],[-12,38],[-31,18],[-6,-2],[-15,21],[-10,37],[6,25],[7,10],[35,2],[53,22],[19,17],[17,6],[-2,6],[7,5],[15,0],[15,-12],[24,2],[16,10],[-3,34],[39,39],[4,11],[0,14],[-12,24],[-21,16],[-20,4],[-28,-22],[-74,-9],[-80,25],[-1,8],[12,3],[1,5],[-9,8],[-13,29],[-6,-1],[-7,-14],[-11,19],[2,9],[17,-3],[5,14],[8,-14],[7,0],[35,31],[4,7],[-7,6],[-55,29],[0,9],[-39,-4],[-77,9],[-26,32],[1,12],[-36,40],[-2,14],[-15,14],[-44,23],[12,3],[18,18],[-30,28],[-38,-2],[0,-11],[-31,5],[-5,-10],[-13,-1],[-5,-13],[-26,10],[-22,3],[-2,-11],[-12,-3],[-2,-9],[-21,-1],[-1,4],[-16,1],[-1,4],[-29,-3],[-21,12],[-11,20],[-20,4],[-9,-4],[2,20],[-4,13],[-57,52],[-22,40],[-3,45]],[[57963,40417],[-4,34],[28,-3],[-14,31],[1,35],[26,59],[45,57],[34,32],[9,19],[1,6],[-14,16],[-26,12]],[[58049,40715],[9,33],[-5,63],[-4,7],[-29,14],[31,22],[-5,41],[-12,23],[0,26],[4,17],[26,26],[6,34],[-6,15],[-2,27],[6,13],[-1,47],[-15,24],[10,9],[-15,15],[29,23],[11,-44],[17,-38],[31,-9],[4,-10],[45,-9],[1,4],[88,-21],[29,5],[35,16],[11,-10],[47,16],[27,-6],[4,-10],[85,-22],[75,-34],[24,-20],[0,78],[8,60],[-17,30],[33,21],[29,26],[44,-43],[50,-69],[24,-44],[22,-20],[31,-46]],[[61492,40940],[103,-74],[-2,-4],[42,-16],[63,-37],[33,-29],[-5,-9],[25,-9],[-2,-9],[22,-1],[7,-26],[18,-22],[2,-29]],[[61187,39984],[-54,-5],[-24,21],[-18,8],[-11,-7],[-35,5],[-22,-8],[-67,3],[-54,-24],[-69,10],[-18,-6],[-25,16],[-9,0],[-34,22],[-45,63],[-28,24],[-7,4],[-19,-14],[-43,34],[-55,-18],[-34,55],[8,13],[-4,63],[-44,54],[-14,42],[-8,8]],[[60454,40347],[14,1],[19,14],[49,-19],[31,24],[50,86],[52,10],[16,19],[29,-2],[31,-8],[53,12],[37,-10],[36,6],[36,16],[5,19],[-16,10],[13,32],[-56,40],[5,50],[-16,-2],[-3,10],[-14,-2],[-10,34],[-38,60],[-25,62],[-7,45],[55,21],[38,-13],[5,-6],[13,2],[46,-11],[93,25],[14,-15],[14,-3],[12,4],[-6,10],[-11,1],[1,4],[18,22],[12,-1],[22,25],[-14,19],[-15,9],[-10,-4],[-15,2],[-3,21],[30,18],[15,-2],[12,16],[-6,6],[10,10],[17,-3],[8,6]],[[61100,41017],[57,-11],[70,-4],[7,22],[36,-4],[88,-25],[78,-13],[34,-14],[-7,-10],[29,-18]],[[55063,40552],[16,13],[81,32],[26,16],[4,8],[-8,9],[35,25],[-5,14],[4,7]],[[55216,40676],[35,2]],[[55251,40678],[30,-32],[3,-32],[11,-4],[8,-12],[22,13],[-4,6],[29,29],[35,8],[10,12],[66,31],[26,31],[31,21],[29,30],[30,-4],[52,11],[9,-3],[31,12],[6,-16],[5,4],[45,-16],[28,-20],[29,27],[52,-21],[-17,-32],[8,-22],[-17,-48],[14,-26],[-12,-20],[9,-15],[-2,-9],[-43,-41],[-21,-10],[-13,-12],[-21,-71],[1,-16],[-28,-39],[-40,-9],[-26,5],[-40,19],[-6,10],[-11,-1],[-25,8],[-5,-31],[-15,-8],[-2,-13],[-13,-5],[4,-22],[-7,-14],[6,-14],[-8,-7],[5,-10],[-85,-3],[-21,4],[-34,-15],[-22,-3],[3,-11],[-215,157],[-17,8],[-18,22],[-32,26],[-12,14],[7,53]],[[57917,40721],[6,10],[26,-14],[37,8],[63,-10]],[[57963,40417],[-41,-7],[-33,-1],[-20,-6],[-43,22],[-8,-13],[-60,4],[1,-24],[-28,3],[-15,9],[-47,41],[-27,-7],[-16,-11],[-7,2],[-21,-13],[-6,3],[-10,-17],[-19,-12],[-11,1],[-4,-9],[-12,-6],[28,-21],[-14,-31],[13,-10],[19,-3],[-4,-12],[7,-7],[-15,-3],[8,-10],[11,0],[6,-38],[-11,-4],[11,-22],[-14,-6],[9,-11],[-24,-58],[-1,-37],[-5,-3],[-11,14],[-29,-19],[-45,-22],[-21,-6],[-5,-6],[-5,-42],[-11,-28],[-65,-82],[0,-28],[-22,-67],[-50,-74],[-14,-12]],[[57282,39728],[-2,23],[-16,8],[4,7],[-18,2],[-40,36],[-43,23],[-27,8],[-37,29],[-20,5],[-2,-3],[-37,5],[-5,-8],[-13,-1],[-42,7],[1,6],[-21,9],[6,5],[-4,14],[7,7],[-2,7],[10,2],[13,16],[16,4],[-4,10],[3,9],[-15,21]],[[56994,39979],[44,80],[55,28],[40,6],[21,8],[22,-5],[21,7],[14,-1],[2,-6],[18,-6],[17,19],[9,-3],[13,18],[9,1],[40,-24],[25,-28],[22,7],[14,25],[-17,13],[15,16],[-60,59],[-2,38],[-41,3],[-41,-8],[-17,23],[3,16],[-18,31],[55,33],[17,24],[13,107],[-5,16],[-45,-2],[0,-10],[-28,6],[-54,-79],[-46,-40],[-7,4],[-5,18],[-20,17],[-26,13],[-81,24],[-60,36],[-35,29],[3,14],[13,2],[4,11],[10,-1],[5,4],[7,-3],[16,6],[-1,7],[14,14],[37,4],[0,6],[9,6],[6,-9],[15,18],[13,1],[-4,17],[23,31],[-6,2],[0,7],[-15,6],[3,35],[-38,21],[1,19],[-37,26],[-6,12],[-37,4],[3,34],[-3,25],[-15,7],[28,31],[-19,124],[11,37],[-33,53],[2,11],[8,8],[25,6]],[[54313,47457],[246,-37]],[[54559,47420],[-57,-6],[15,-82],[-4,-41],[-45,23],[-15,-60],[9,-4],[-2,-10],[27,-13],[12,-19],[-2,-20],[-17,-48],[79,-88]],[[54559,47052],[-66,-10],[45,-84],[6,-14],[-6,0],[15,-35],[-5,-9],[-62,2],[-3,-75],[10,-1],[-4,-85],[-8,-22],[-25,16],[-12,-34]],[[54444,46701],[-7,-16],[-35,3],[0,10],[-44,-2],[-28,-14],[-23,12],[-12,-28],[-31,7],[-32,-4],[-18,24],[-24,-27],[-22,12]],[[54168,46678],[18,21],[17,33],[-57,10],[-17,7],[-22,1],[-2,7],[-14,4],[1,13],[-18,32],[8,21],[-6,17],[9,11],[-1,36],[-12,3],[4,9],[-11,9]],[[54065,46912],[-16,14],[-5,16]],[[54044,46942],[-13,11],[2,18],[-33,37],[-5,22],[4,17],[-8,1],[3,45],[-11,17],[5,11],[-12,15],[-44,32],[-93,0],[-28,17],[-13,21],[-28,16],[-38,-3],[-6,-5]],[[53828,47449],[9,-5],[19,-1],[11,5],[161,13]],[[54028,47461],[114,15],[2,-52],[29,8],[7,-14],[28,-25],[16,-34],[69,55],[-17,49],[37,-6]],[[54028,47461],[0,15],[23,6],[1,-5],[11,1],[4,-5],[62,35],[-4,4],[39,25],[3,4],[-12,11],[1,7],[-10,-7],[-18,29]],[[54128,47581],[118,120],[-13,44],[19,6]],[[54252,47751],[54,14],[45,17],[7,-49],[21,-61],[-72,-21],[56,-37],[-14,-31],[-31,-42],[-5,-84]],[[49020,47338],[-4,-11]],[[49016,47327],[-23,-123],[-111,-148],[18,-211]],[[48900,46845],[-36,4],[-4,17],[-24,35],[-18,10],[-24,3]],[[48473,46890],[12,64]],[[48485,46954],[6,39],[31,73],[28,32],[51,74],[12,26],[-11,32],[-49,22]],[[48553,47252],[8,2],[30,45],[36,12],[44,42],[10,19]],[[48681,47372],[339,-34]],[[47674,47778],[-21,-16],[-2,-26]],[[47651,47736],[-39,-2],[-54,11],[-42,44],[-36,-24],[2,-11],[-30,4]],[[47452,47758],[4,7],[-7,38],[13,11],[1,15]],[[47463,47829],[29,16]],[[47492,47845],[20,1],[8,-18],[10,-9],[-5,-6],[10,-7],[20,25],[12,-1],[32,18],[18,-24],[35,8],[18,-31],[4,-23]],[[48406,48019],[-40,-12],[-41,-23],[-64,-3],[-56,-11],[25,-33],[25,-82],[15,-21],[20,-14]],[[47949,47677],[-46,45],[-110,78]],[[47793,47800],[38,10],[35,20],[13,0],[-2,18],[6,9],[26,0],[13,28],[-12,24],[16,18],[11,60],[18,17]],[[44508,38664],[60,-62],[67,24],[29,1],[40,11],[6,-5],[76,15],[28,-13],[36,-8],[30,-37],[12,10],[35,1],[49,12],[31,1],[35,11],[-2,-26],[-9,-20],[80,-16],[32,6],[11,11],[5,-12],[-4,-15],[10,-10],[18,-6],[13,-13],[37,-1],[9,-17],[15,0],[-4,-22],[-27,-22],[4,-19],[-11,-9],[1,-11],[21,-7]],[[45241,38416],[1,-9],[-13,-6],[-5,-15],[11,-10],[-7,-35],[-14,-8],[-9,-16],[-23,7],[-3,-25],[-21,-5],[-3,-14],[12,-6],[7,-14],[-5,-4],[-14,4],[-3,-15],[11,-18],[10,-6],[-2,-13],[27,-29],[-17,-13],[5,-11],[12,-7],[29,-1],[3,11],[24,-11],[27,2],[10,-16],[20,-3],[4,-5],[-3,-7],[-13,-1],[-12,-7],[7,-18],[11,-3],[6,11],[11,-6],[0,12],[14,1],[-2,-12],[8,-9],[1,-17],[13,-4],[6,-7],[19,-3],[-14,-26],[-19,-4],[6,-18],[-12,-14],[12,-8],[-85,-49],[-7,-24],[-6,12],[-19,10],[-19,-32],[-71,-1],[-56,9],[-30,-7],[-30,14],[-46,0],[-33,5],[-39,-6],[-30,-24]],[[44883,37892],[-39,-12],[-35,8],[-49,30],[-63,14],[-17,-1],[-5,68],[-30,15],[-44,-42],[-2,-23],[-9,-5],[-41,2],[-41,22],[-81,-1],[-20,-6],[-28,-39],[-24,-17],[-50,3],[-58,-13],[-32,1],[-39,8],[-29,27],[-13,2],[5,-45],[-12,-12],[0,-49],[52,-42],[-9,-4],[2,-50],[14,-14],[5,0],[0,-23],[-5,-1],[7,-27],[-8,-1],[-4,-31]],[[44181,37634],[-43,4],[-8,12],[-17,-15],[-11,11],[-11,-29],[-15,-1],[7,-33],[-11,-42],[-44,-9],[4,-26],[11,-18],[-8,-42],[6,-69],[-18,-2],[-2,-54],[-45,4],[-10,10],[-17,-1],[-2,5],[-22,-11],[-37,17],[-15,-3],[-28,-31],[-20,-10],[-3,-15],[16,-1],[1,-13],[-11,-1],[5,-14],[18,-23],[19,-10],[1,-87],[-7,-10],[3,-8],[14,-6]],[[43881,37113],[2,-21],[-7,-23],[-40,-36],[-57,-25],[-70,-43],[-51,-15],[-33,-3],[-47,10],[-18,15],[-13,65],[10,36],[-13,3],[2,39],[-58,-1],[-4,6],[-19,-1],[-38,-14],[10,17],[-6,15],[-20,-2],[-29,6],[-8,-7],[-38,4],[-22,-16],[-20,22]],[[42940,37240],[-1,9],[-13,12],[-3,8],[6,10],[-10,13],[8,11],[27,-3],[3,27],[14,7],[-8,13],[6,19],[14,-2],[17,28],[-3,3],[5,8],[-6,14],[10,18],[1,16],[-11,6],[11,23],[-4,12],[3,23],[12,13],[0,27],[7,12],[-8,12],[9,33],[-8,17],[2,7],[10,4],[2,9],[6,2],[-10,9],[3,31],[7,5],[-2,8],[6,7],[-4,8],[18,30],[-50,74],[9,40],[-2,22],[-18,27],[18,20],[-11,8],[20,26],[-1,24],[-10,12],[0,15],[-11,3],[-11,22],[12,34],[10,1]],[[43011,38077],[24,-7],[26,-25],[44,25],[35,29],[40,14],[-5,21],[30,8],[5,17],[37,22],[2,9],[13,12],[48,25],[-18,25],[101,-22],[21,-13],[10,16],[21,103],[4,10],[6,-1],[-9,25],[31,7],[-2,9],[23,7],[22,23],[11,4],[15,48],[6,42],[8,10],[-4,42],[26,9],[19,-14],[24,-45],[54,10],[25,10],[6,7],[26,2],[35,18],[49,1],[54,21],[31,22],[24,9],[26,16],[-6,18],[11,22],[14,11],[-7,13],[44,-1],[6,2],[-2,8],[14,-1],[54,18],[12,-2],[22,19],[5,20],[49,-165],[11,-21],[-32,-36],[28,-14],[-12,-25],[21,-11],[32,39],[-2,6],[28,-4],[4,8],[38,-12],[2,12],[-18,3],[11,19],[-48,14],[11,17],[-22,7],[19,17],[15,3],[26,24],[6,21],[32,13],[52,-15],[28,12],[6,7],[44,6],[16,-2],[15,5],[26,-19]],[[44669,37211],[281,-16],[457,-45]],[[45407,37150],[-125,-61]],[[45282,37089],[-35,-29],[-29,-56],[25,-14],[-47,-127]],[[45196,36863],[-55,10],[-34,20],[-91,26],[-137,64],[-90,29]],[[44789,37012],[-255,67],[13,35],[29,6],[24,23],[1,14],[-9,11],[9,47],[68,-4]],[[45884,39678],[11,-5],[1,-6],[21,-19],[26,-6],[2,-31],[-58,-9],[-2,17],[-7,-3],[-1,-19],[-94,-36],[-16,14],[-30,-4],[-13,-16],[-29,-12],[-25,-1],[6,-10],[-36,-8],[7,-24],[-46,-1],[-40,14],[1,-13],[-22,-5],[-9,4],[-1,-26],[-13,-2],[0,19],[-10,0],[-3,6],[-20,-2],[-2,7],[-22,-1],[-8,29],[-26,-9],[25,-54],[-25,-2],[-12,-5],[-10,0],[-4,12],[-47,0],[-15,7],[-4,12],[-17,16],[-4,-4],[-15,6],[-22,18],[-7,-7],[-7,8],[-17,-10],[0,-12],[-9,-13],[-27,23],[-7,-6],[-24,21],[-1,-19],[14,-7],[-5,-9],[17,-12],[-9,-4],[18,-18],[-3,-6],[-57,4],[-9,13],[16,9],[-2,6],[-41,-20],[-14,-15],[20,-17],[1,-13],[-10,-16],[19,-14],[10,6],[8,-8],[8,11],[14,-1],[5,9],[18,3],[16,-9],[5,-11],[18,8],[14,-11],[13,12],[-5,10],[12,2],[6,-10],[0,-11],[-16,-15],[0,-17],[-14,-9],[-2,-14],[-15,-5],[-5,-15],[8,-7],[13,4],[9,-2],[1,-8],[-11,-2],[0,-7],[21,3],[4,-26],[14,-6],[4,-8],[-17,-27],[5,-17],[-10,-16],[-14,6],[-3,-14],[-19,1],[4,-14],[-17,-38],[12,-27],[34,-37],[-21,-9],[-5,-18],[-7,-5],[-26,3],[-36,-7],[-40,12],[-24,-1],[-19,8],[-18,-2],[-26,-11],[-9,18],[5,63],[-10,15],[-9,0],[-12,23],[-8,-2],[-5,9],[-12,-2],[-4,7],[-95,-42],[-11,-19],[-11,-7],[-10,-37],[-16,-14],[7,-7],[-21,2],[-11,6],[-5,-4],[-8,-16],[31,-16],[-22,-8],[-43,-2]],[[44759,39012],[-21,13],[-58,-8],[-30,54],[-30,-7],[-2,-4],[-23,2],[-15,-10],[7,-8],[15,1],[24,-14],[4,-8],[26,-1],[-9,-40],[-26,-3],[-22,3],[-57,-11],[-35,11],[-21,22],[-28,16],[-21,25],[-16,-4],[-9,14],[-16,-13],[-11,9],[-16,3],[-32,-7],[-19,12],[-9,-4],[-31,25],[-2,-4],[-28,8],[-23,-29],[-23,22],[-52,-31],[-17,-5],[-7,8],[-18,52],[-21,25],[-14,10],[-9,-3],[-20,23],[13,12],[15,40],[12,4],[-13,13],[15,7],[21,23],[30,18],[-13,18],[16,23],[12,-5],[12,8],[23,4],[-4,13],[31,24],[101,16],[18,8],[12,2],[15,-9],[34,7],[6,25],[-18,21],[12,15],[-15,-1],[8,9],[-2,12],[-10,-8],[-3,9],[-14,6],[1,19],[9,1],[5,8],[-17,4],[2,16],[8,-7],[5,4],[-8,19],[-15,6]],[[44348,39540],[140,42],[62,9],[64,21],[23,15],[24,32],[76,17],[92,45],[30,7],[76,-2],[-2,11],[7,12],[27,9],[-4,17],[20,10],[28,-2],[34,5],[18,-7]],[[45063,39781],[3,-10],[-14,-3],[21,-18],[-4,-14],[25,7],[1,-20],[17,-4],[2,5],[17,5],[-15,22],[-3,19],[21,2],[-6,40],[-31,-1],[16,26],[-4,2],[16,19],[91,15],[35,-2],[2,-11],[21,-3],[0,-14],[17,-26],[5,-26],[21,-19],[12,-28],[33,12],[2,-4],[25,16],[61,14],[45,17],[11,-50],[18,11],[9,-9],[-10,-6],[13,-22],[-5,-2],[11,-22],[-9,-4],[13,-18],[15,9],[4,-4],[17,9],[4,-5],[11,8],[18,-28],[50,9],[6,-10],[22,7],[13,-4],[40,23],[13,-22],[21,-17],[-9,-7],[17,0],[5,-5],[14,14],[40,13],[12,-1],[25,12]],[[44181,37634],[3,-10],[44,-31],[38,-50],[27,11],[10,-11],[28,1],[49,-8],[4,6],[13,-8],[33,-2],[68,-37],[13,-20],[30,-24],[53,-23],[-9,-35],[14,-17],[12,-30],[-16,-6],[-9,-37],[46,-28],[-2,-10],[16,-10],[23,-44]],[[44789,37012],[-39,-39],[-27,-16],[-11,-33],[51,-10],[-5,-30],[17,-2],[-6,-23],[97,-40],[6,-9],[10,-1],[10,17],[28,-16],[-23,-19],[-2,-7],[16,-16],[37,14],[32,-45],[-33,-15],[10,-20]],[[44957,36702],[-153,-39],[-78,24],[-67,3],[-27,16]],[[44632,36706],[-31,38],[-43,31],[-63,18],[-46,0],[-26,-6],[-54,-34],[-21,-5],[-118,21],[-16,22],[-10,75],[-28,19],[-37,11],[-23,24],[-2,14],[11,45],[-12,32],[-11,75],[-14,6],[-9,-3],[-14,-46],[-13,-13],[-9,-1],[-29,15],[-85,75],[-37,9],[-9,-6],[-2,-9]],[[42541,50618],[-28,-23],[-23,-9],[-9,-92],[-29,-69],[32,-7],[13,-24],[32,-29],[32,-1],[26,-13],[10,4],[40,-15],[67,15],[6,8],[28,13],[62,-23],[26,-17],[26,-28],[16,-27],[9,-36],[-7,-27],[-16,-12],[3,-17],[-10,-14],[10,-84],[13,-32],[29,-20],[6,-20],[31,-28],[-73,-43],[34,-38],[11,-29],[33,-43],[18,-52],[-28,-5],[-7,9],[-23,-12],[-19,0],[-26,9],[-13,-1],[-29,23],[-78,44],[10,-13],[-25,-21],[-65,2],[-49,-20],[-20,1],[-19,-21],[-2,-20],[-32,-30],[-30,-9],[-25,-16],[-48,-15],[-169,44],[-30,0],[-21,-6],[-5,-5],[1,-29],[-37,7],[12,-54],[-2,-50],[37,-107],[24,-35],[36,-32]],[[42277,49424],[-55,-9],[-5,-2],[-4,-20],[-57,-13],[-13,-13],[-29,-12],[-16,-14],[-34,-19],[-38,-4],[-26,8],[-30,-9],[-50,26],[0,12],[20,27],[22,15],[-22,12],[-56,-11],[-73,22],[-19,-4],[-75,8],[-68,-11],[-52,-17],[-27,-15],[-31,13]],[[41539,49394],[40,41],[-6,9],[13,5],[-8,7],[11,19],[-9,13],[12,11],[4,30],[63,-8],[5,11],[8,-3],[11,7],[32,-32],[27,-13],[20,26],[-37,31],[34,25],[-8,9],[-18,0],[3,8],[-6,10],[-18,-11],[-48,-8],[-9,2],[29,45],[5,7],[14,-3],[23,11],[4,23],[-10,8],[16,11],[10,-8],[10,6],[32,38],[22,54],[137,118],[21,31],[11,7],[-3,16],[7,13],[38,10],[6,-10],[122,75],[30,37],[5,-5],[27,48],[-1,94],[6,27],[-16,3],[-87,-46],[-26,-3],[-12,4],[-41,-6],[-24,8],[-26,-5],[-7,-19],[-29,-6],[5,-18],[-9,-6],[-54,1],[-86,15],[-35,26],[-11,16],[-5,24],[-35,44],[0,21],[8,1],[0,6],[-20,78],[-80,11],[-9,6],[-36,-8]],[[41581,50383],[-4,19],[-10,-1],[-6,6],[-23,-13],[0,20],[-8,5],[1,7],[-77,32],[-8,12],[-19,10],[-34,8],[9,13],[-26,36],[-68,45],[-22,9]],[[41286,50591],[-5,2],[0,23],[-13,54],[9,30],[22,33],[2,16],[95,23],[52,44],[38,4],[27,11],[9,27],[12,13],[49,8],[9,38],[27,39],[15,98],[63,-2],[15,4],[4,-5],[35,9],[-5,8],[71,8]],[[41817,51076],[49,-117],[13,-49],[24,-24],[11,-6],[57,-10],[28,-13],[22,4],[31,-6],[30,4],[94,-27],[28,1],[45,-17],[80,-15],[30,-14],[47,-9],[16,-18],[30,-19],[49,-3],[69,-27],[-10,-27],[-13,-2],[-4,-17],[16,-7],[-23,-21],[5,-19]],[[53641,41909],[-5,-26],[-26,-18],[23,-31],[6,-41],[-16,-26],[-46,-15],[-15,15],[-44,17],[-27,-8],[-30,8],[-4,-8],[-9,-2],[-12,7],[-14,-10],[-2,-11],[-5,1],[-4,-87]],[[53411,41674],[0,-5],[-13,-8],[-17,16],[-4,-2]],[[53377,41675],[-29,4],[2,-10],[-21,-11],[-12,1],[5,23],[-13,6],[-19,-11],[-17,55],[-41,63],[-1,30],[10,13],[-6,9]],[[53300,41919],[46,19],[14,-3],[11,-14],[9,2],[55,22],[0,-55],[96,-4],[110,23]],[[58291,46356],[-48,-64],[-21,11],[-4,9],[-11,0],[-14,-19],[-14,5],[-24,-30],[-7,3],[-25,-30]],[[58123,46241],[-66,70],[-34,26],[5,8],[-4,6],[15,14],[29,46]],[[58068,46411],[19,35],[-6,15],[9,47]],[[58090,46508],[34,54],[12,-13],[12,9],[38,-38],[27,-12],[-26,-101],[58,-17],[46,-34]],[[56574,54568],[21,-6],[22,-20],[2,-20],[-27,-17],[3,-6],[43,-25],[9,-19],[3,-20],[-12,-2],[-23,-29],[47,-54],[-6,-11],[-30,-16],[28,-20],[3,-8],[-8,-10],[-47,-14],[-14,-8],[-27,6],[-18,-4],[-7,-9],[-1,-20],[-16,-24],[13,-29],[25,-4],[3,-11],[-3,-13],[-10,-10],[-1,-12],[42,-47],[0,-28],[-20,-3],[-14,-14],[6,-24],[14,-7],[-4,-17],[11,-10],[4,-26],[16,-14],[18,-33],[4,-38],[8,-4],[10,-20],[0,-27],[-17,-34],[31,-29],[61,-16],[30,-18],[-17,-19],[-28,-10],[-35,-26],[-3,-6],[7,-6],[-16,-16],[-8,9],[-4,-4],[-1,-48],[11,-21],[-4,-8],[-13,-4],[48,-34],[10,-14],[12,-37]],[[55666,53232],[-8,-3],[-81,19],[-41,-1],[6,21],[-81,11],[-70,-2],[-104,-43],[-35,-3],[-14,4],[-38,26],[-73,92],[-14,27],[-1,29],[12,30],[-11,59],[5,34],[-11,17],[6,19],[-9,17],[6,3],[18,36],[13,11],[-8,7],[12,3],[2,6],[-23,12],[0,17],[-42,13],[-4,16],[4,18]],[[55082,53727],[5,14],[16,13],[2,11],[20,12],[9,25],[13,6]],[[55147,53808],[12,-1],[14,21],[18,1],[11,18],[1,16],[43,-7],[103,14],[18,8],[4,10],[16,-5],[2,5],[15,7],[92,23],[3,-28],[135,-8],[27,4],[28,17],[-14,13],[19,16],[11,21],[1,34],[49,53],[30,13],[50,-9],[-6,46],[8,6],[39,6],[21,21],[-33,12],[-50,-5],[-1,51],[-13,11],[-56,9],[-10,31],[-14,20],[2,9],[23,12],[30,5],[10,7],[0,12],[-32,25],[-6,12],[14,12],[29,15],[5,9],[-5,5],[-44,9],[11,32],[-2,13],[-61,22],[-38,38],[-2,10],[23,30],[1,17],[-33,15],[-9,12],[11,33],[-20,32],[9,10],[47,15],[9,17],[-6,8],[-29,11],[-4,16],[5,12],[20,21],[17,2],[22,-9],[24,5],[2,6],[-26,34],[7,20],[33,29],[52,-6],[32,12],[-10,11],[3,21],[7,5],[10,-1],[12,10],[9,27],[26,0],[10,-12],[15,17],[21,-9],[29,11],[60,-2],[24,10],[80,14],[15,-1],[36,-18],[15,0],[66,15],[7,5]],[[56574,54568],[-50,16],[-19,36],[-30,24],[-28,9],[-10,9],[-12,51],[-44,59],[-3,12],[-26,9],[-9,13],[-13,1],[-3,34],[-6,8],[13,11],[0,6],[-11,13],[-8,35],[-7,-4],[-13,7],[-9,15],[20,10],[-8,7],[-22,-5]],[[53591,54090],[6,-3],[10,2],[10,-9],[30,7],[-6,-37],[-37,-29],[-1,-22],[15,-8],[102,-3],[45,19],[25,18],[19,-2],[35,13],[3,11],[6,3],[-6,47]],[[53847,54097],[11,6]],[[53858,54103],[17,-7],[33,2],[2,5],[10,-1],[7,6],[9,-4],[5,10],[33,6],[31,-38],[-12,-28],[10,-5],[3,-8],[19,-6],[22,-27],[30,-23],[46,-16],[-4,-6],[-13,0],[7,-8],[-10,-3],[2,-20],[-20,-16],[-9,-15],[-12,-4],[0,-14],[-17,-9],[3,-12],[-6,-7],[21,-17],[-18,-12],[14,-20],[29,6],[27,-22],[50,-24],[9,-19],[-6,-34],[9,-21],[-1,-33],[-45,-22],[-15,-26],[-27,-25],[-10,-21],[-17,-8],[-19,23],[-19,-18],[-12,-3],[-17,-24],[-8,0],[-18,-15],[-19,5],[-12,-4],[-6,5],[-14,-11],[6,-15],[23,-27],[2,-17],[16,-24],[14,-70],[9,-11],[13,-48]],[[54003,53303],[-22,-7],[-36,-29],[-14,-18],[-31,-11],[-2,-13],[-14,-11],[-15,-3],[-31,-17],[-15,6],[-10,-3],[-24,-23],[-27,3],[-48,-19],[-3,5],[-8,-3],[-2,7],[-21,6],[-29,-6],[2,-4],[-9,-5],[-10,-20],[-86,-66]],[[53548,53072],[-42,14],[-41,-3]],[[53465,53083],[-45,-2],[-88,29],[-34,7],[0,-4],[-94,40]],[[52826,53292],[39,37],[23,37],[-10,48],[43,82],[12,34],[82,132],[-20,33],[-25,14],[-5,20],[-16,-5],[-1,22],[-28,17],[-3,23],[32,63],[27,-5],[25,10],[22,1],[10,-4],[10,16],[-14,31],[-31,26],[23,14],[-2,42],[45,29],[-4,41],[7,27],[-2,17],[9,6]],[[52457,53401],[-31,57]],[[52426,53458],[-33,64],[30,15],[27,-6],[-1,3],[18,5],[22,1],[70,-31],[3,4],[-20,13],[29,0],[8,7],[-40,27],[-23,23],[4,5],[-32,23],[-42,18],[1,96],[24,87],[-30,17],[-83,-12],[-34,9],[-21,-3],[-17,38],[8,12]],[[52294,53873],[67,40],[19,2],[18,-6],[18,9],[8,-10],[10,10],[51,16],[14,-19],[19,-13],[29,4],[6,-3],[9,16],[9,-1],[5,8],[24,-9],[152,148],[33,19],[60,18]],[[55791,47156],[-73,11],[-18,43],[-8,5],[-12,-7],[-5,3],[-24,36],[48,22],[-3,6],[35,26],[-3,15],[40,18],[6,-6],[6,1],[21,29],[4,24]],[[55816,47488],[6,1],[2,15],[-15,2],[-9,6],[25,34],[-7,3],[9,38]],[[57768,46202],[-19,-34],[-5,-24],[-7,1],[-8,-18],[-52,-13],[-12,-17],[-70,15],[-4,-9],[-7,2],[-56,38],[-7,-7],[-32,-6],[-27,4],[-8,9],[2,40],[-48,-4],[-69,-20],[-22,6],[-30,-2],[-12,12],[-18,4],[-12,-7],[-35,-1],[-14,16],[-39,26],[-9,47],[-43,10],[-5,6],[5,16],[-8,6],[-26,-8],[-19,2],[-2,15],[-18,23],[-17,8],[13,38],[8,4],[13,32],[5,30],[-8,28]],[[57046,46470],[27,-7],[41,-27],[36,-2],[17,7],[44,48],[32,22],[11,17],[35,21]],[[57289,46549],[12,-5],[35,1],[15,-5],[64,-61],[111,-52],[28,-70],[25,-37],[65,-55],[24,-3],[107,29]],[[56849,48535],[-6,-3],[0,-10],[-25,2],[-1,-5],[11,-6],[-8,-6],[10,-17],[-4,-2],[-15,19],[-19,-5],[-10,4],[11,11],[-12,17],[-14,4],[-24,-4],[-32,-30],[1,-13],[10,11],[4,-4],[-15,-41],[-16,-5],[-58,0]],[[56637,48452],[-27,22],[7,36],[-48,38],[15,15],[-5,12],[-15,10],[-34,9],[-7,-6],[-2,-20],[-15,-7],[-41,24],[-33,8],[-3,14],[-11,4],[-8,14],[-58,21],[-48,-16],[-17,2],[-20,-16],[-23,0],[-10,-7],[-18,30],[-19,100],[-24,73],[-10,-4],[-2,35],[-33,-5],[-27,4],[18,40],[-3,4],[21,16],[24,28],[30,20],[10,16],[-5,9],[28,15],[46,8],[27,16],[35,65],[-6,4],[-2,29],[-49,87],[-41,46],[-70,18],[-52,-15],[-56,29],[-37,10],[-26,-4],[-11,11]],[[55844,50245],[42,8],[21,15],[18,2],[15,9],[13,-19],[12,-47],[-11,-16],[15,-26],[23,-20],[56,-31],[34,-42],[22,7],[54,40],[247,155],[315,-165],[-8,-35],[-21,-374]],[[57523,50471],[-29,1],[-25,-10],[-14,-15],[4,-18],[22,1],[14,-12],[-5,-7],[-18,-5],[-9,-22],[-11,-2],[-6,4],[10,12],[-2,7],[-26,-2],[-18,21],[-10,2],[-2,-4],[14,-9],[1,-7],[-15,-9],[-7,-21],[-30,-10],[-27,13],[-7,16],[4,7],[16,-6],[8,3],[1,11],[-8,13],[-10,2],[-31,-8],[-18,2],[-44,17],[-9,20],[-44,-4],[-6,8],[3,32],[-5,8],[-7,0],[-34,-24],[-17,-5],[-27,0],[-33,14],[-3,11],[7,-4],[21,17],[12,1],[5,7]],[[57523,50471],[-32,-92],[-2,-26],[-26,0],[-5,-49],[-11,-19],[-61,-39],[-47,-44],[36,-29],[26,-4],[0,-5],[30,5],[37,-14],[23,-1],[21,-25],[-45,-43],[-42,-17],[5,-39],[16,-47],[-1,-11],[-6,-7],[-29,-10],[-20,-16],[-39,-16],[-8,8],[-7,-10],[-17,12],[-31,-29],[-12,-5],[-16,-15],[-68,5],[-46,-8],[-6,30],[-32,-45],[-10,-68],[-19,-53],[86,-66],[-51,-41]],[[55623,50381],[-19,9],[12,27],[-5,1],[7,21],[-22,15],[31,24],[-20,19],[5,3],[-56,48],[71,36],[48,6],[108,38],[31,2],[15,6],[41,-8],[49,3],[18,45],[16,10],[3,13],[17,21],[8,-2],[15,26],[37,5],[35,-4],[41,5],[17,8],[34,-2]],[[56160,50756],[9,-6],[53,1],[33,-9],[28,7],[19,-10],[-4,-20],[15,-1],[85,40],[14,15],[1,31],[19,7],[84,-38],[10,-12],[14,-42],[17,-7],[36,-4],[15,13],[1,13],[15,23],[23,17],[15,-3],[28,-23],[37,24],[23,-27],[-1,-8],[-10,-8],[0,-12],[24,-22],[14,-5],[30,0],[23,-16],[50,9],[75,-22],[31,-35],[24,-10],[30,-5],[11,-9],[2,-17],[-21,-28],[5,-15],[-5,-23],[20,2],[37,28],[19,-10],[4,-13],[-4,-9]],[[51340,42499],[-126,-19],[-60,-25],[-7,-52],[-12,-30],[-43,7],[-53,-139]],[[51039,42241],[-17,7],[4,4],[-11,2],[2,8],[-41,4],[-10,-6],[0,5],[-24,2],[-6,25],[-21,9],[-13,-2]],[[50902,42299],[30,55],[3,23],[-10,23]],[[50925,42400],[10,5],[8,19],[-2,13],[-16,8]],[[50925,42445],[7,11]],[[50932,42456],[29,21],[12,3],[24,-7],[13,-19],[41,12],[-2,14],[9,-6],[22,18],[14,4],[-22,35],[-4,-2],[-6,8],[97,29],[90,9],[19,22],[49,7]],[[51317,42604],[10,-76],[13,-29]],[[51295,41126],[10,-4],[26,-37],[12,-40],[20,-24],[-3,-19],[11,-7],[44,1],[35,25],[21,5],[29,-10],[5,-9],[-5,-12],[9,-3],[14,3],[10,11],[0,25],[9,2],[0,18],[76,-4],[13,-8],[-10,-5],[-11,-17],[-2,-28],[-9,-17],[14,-46],[27,-6],[8,-9],[-9,-20],[-10,-10],[-22,-9],[-18,-21],[1,-20],[-14,-18],[10,-7],[18,-5],[-2,-34],[3,-7],[15,2],[22,-53],[-10,-7],[-9,-25],[-3,-55],[7,-8],[5,-26],[-11,-8],[7,-10],[-26,-10],[-13,-19],[9,-10],[-17,-33],[56,-43],[-11,-22],[-11,-4],[1,-15],[15,-8],[2,-15],[26,1],[6,-13],[-11,-20],[-19,-7],[12,-16],[-4,-6],[4,-18],[-10,-27],[-16,-11],[-5,-10],[20,-19],[-2,-8],[6,-7],[-8,-19],[9,-20],[-3,-28],[-13,-2],[-21,7],[-17,-4],[1,12],[-11,17],[6,6],[-6,5],[-14,-10],[-7,6],[-10,0],[-3,-14],[-13,-4],[-10,-12],[8,-6],[-10,-15],[11,-8],[-5,-7],[-9,-1],[9,-8],[-1,-9],[-10,-2],[9,-8],[-10,-15],[6,-7],[-8,-14],[10,-6],[-6,-13],[2,-8],[-11,-4],[-3,-23],[-23,-10],[-10,1],[-7,-9],[3,-17],[7,0],[16,-16],[1,-14],[-13,-6],[-6,-15],[-14,2],[0,7],[-15,4],[-9,25],[-10,-3],[0,8],[9,2],[-21,8],[7,13],[-13,5],[-8,23],[-13,-1],[-9,16],[-12,1],[-27,-23],[-23,-5],[-10,3],[-22,-21],[7,-23],[22,-27],[8,-22],[-4,-5],[-18,-5],[-12,20],[-9,3],[-9,-4],[9,9],[-4,2],[-34,-6],[-9,-6],[-32,11],[-5,-3],[6,-7],[-6,-2],[-18,8],[-20,16],[-7,-5],[6,-19],[-3,-9]],[[51148,39920],[-21,26],[-5,25],[29,71],[22,33],[3,18],[-9,22],[-22,18],[-13,25],[-8,2],[-10,18]],[[51114,40178],[-11,30],[-10,8],[3,16],[-76,52],[-49,64],[-46,47],[-52,20],[-53,5],[-57,-4],[-25,4],[-53,24],[-40,31],[-4,21],[9,49],[42,75],[7,45],[-8,55],[-47,112],[1,48],[-11,39],[-4,57],[13,62],[1,62]],[[50644,41100],[54,5],[22,-5],[13,5],[46,3],[15,-13],[10,-25],[42,-10],[23,11],[38,28],[96,4],[48,18],[2,-5],[125,33],[32,1],[0,4],[30,1],[55,-29]],[[52678,37892],[11,-10],[3,-23],[-9,-11],[3,-7],[-5,-14],[-29,-29],[1,-13],[-10,-22],[8,-11],[6,-27],[12,-18],[-13,-26],[-1,-14],[4,-11],[25,-19],[-1,-27],[26,-37],[22,-22],[16,-4],[-4,-41],[12,-29],[49,-36],[39,4],[75,-13],[53,-21],[44,-4],[49,-22]],[[53064,37385],[31,-26],[33,-42],[8,-36],[-11,-30],[-22,-16],[3,-7],[-20,-6],[4,-14],[-23,-14],[-39,-9],[3,-33],[11,-18],[-1,-23],[7,-23],[11,-20],[55,7],[13,-3],[12,23],[21,3],[22,19],[25,5],[9,11],[-1,5],[21,-5],[10,-25],[24,-25],[7,-31],[-17,-6],[-11,-35],[-34,-3],[14,-64]],[[53229,36944],[-32,-42],[-39,-19],[-24,-18],[-39,-14],[-29,-6]],[[53066,36845],[-36,-1],[-10,13],[-63,51],[-51,29],[-16,4],[-1,14],[-4,-4],[-33,-4],[-2,6],[-34,-5],[-81,-25],[-86,-36],[-42,0],[-61,-14],[11,-30],[2,-60],[8,-33],[-2,-27],[-19,-30],[8,-29],[3,-47]],[[52557,36617],[-25,0],[-72,18],[-91,53],[-95,-12],[-70,19],[-27,3],[-71,26],[-3,14],[-32,15],[-52,5],[-28,-9],[-21,-16],[-24,-5],[-27,-28],[-3,8],[-7,1]],[[51909,36709],[7,25],[-3,10],[12,6],[4,92],[-46,-3],[-23,56],[66,10],[54,27],[51,-6],[40,12],[38,39],[23,106],[-3,25],[29,37],[-4,12],[17,20],[2,23],[-74,-4],[-12,100],[-18,34]],[[52148,37716],[7,25],[31,22],[14,17],[51,10],[-4,11],[4,8],[2,58],[16,35],[0,24],[-3,16],[-22,35],[69,35],[10,2],[6,-23],[22,-14],[-33,-18],[-18,-77],[8,-7],[9,2],[-2,-8],[31,0],[37,14],[17,2],[50,2],[3,-9],[22,-3],[98,11],[18,-9],[16,-26],[12,1],[-2,50],[20,-5],[35,2],[6,-7]],[[54803,40147],[12,-37],[21,-27]],[[54836,40083],[8,-6],[-8,-5],[46,-46],[18,-35],[6,3],[9,-6],[3,-16],[16,-24],[-19,-20],[3,-24],[16,-58],[36,-71],[42,-102],[3,-82],[-31,-83],[-4,-63],[-21,-1],[-16,-23],[-44,1],[-44,-15],[-21,-27],[-19,-5],[-24,-34],[-5,-19],[-7,-8],[1,-30],[10,-12],[-11,-48],[21,-72],[-11,-27],[-1,-23]],[[54788,39102],[-23,-28],[-17,-49],[-8,-61],[-19,-65],[-40,-51],[-19,-6],[-7,-8],[-33,-17],[-82,20],[-56,-2],[-12,-25],[-3,-30],[18,-21],[1,-14],[110,9],[51,-21],[20,40],[26,10],[97,-23],[2,-22],[10,-7],[-5,-31],[10,-10],[-39,-33],[-5,-36],[-24,-16],[2,-12],[7,-1],[-3,-11],[-34,-28],[-28,-32]],[[54685,38521],[-95,-105],[-8,-32],[7,-2],[11,-85],[-4,1],[-7,-17],[-54,-74],[-47,-36],[-33,-43],[-120,-73],[-25,-38],[-36,21]],[[54127,38134],[-42,15],[38,38],[8,20],[-14,24],[-3,57],[11,28],[34,21],[11,38],[19,7],[11,19],[11,37],[-5,14],[-34,27],[-28,31],[-9,19],[-11,-8],[-19,9],[-30,2],[-16,25],[-38,3],[11,98],[-31,56],[-40,-31],[-37,-10],[-9,6],[-30,1],[-4,11],[-6,-4],[-6,8],[-21,-3],[-9,16],[-7,1],[-3,20],[-13,9],[4,16],[-9,13],[-35,8],[-37,-3],[-16,-7],[-7,4],[-3,-4],[-29,2]],[[53684,38767],[0,16],[12,30],[5,0],[21,23],[6,35],[-9,13],[14,11],[8,22],[-4,21],[8,6],[33,129],[38,23],[28,2],[39,-7],[23,-11],[65,37],[32,34],[1,13],[12,24],[6,-1],[17,57],[15,10],[10,24],[22,73],[-14,1],[0,19],[-29,13],[-75,-7],[-4,30],[15,23],[-21,27],[-40,23],[-49,19],[-17,2],[-13,54],[-15,-3],[-27,25],[-53,-15],[-18,12],[-36,54],[-9,26],[-16,8],[-20,-3],[-37,11],[-45,4],[-9,-13],[-4,3],[-12,-13],[1,-18],[-11,-12],[9,-11],[-8,-15],[-46,33],[-12,33],[-26,17],[-20,2]],[[53425,39680],[-14,9],[-47,6],[-44,15],[-17,12],[-2,14],[16,33],[-23,11],[-13,0],[-22,31],[-1,14],[8,17],[-4,10],[-9,11],[-26,14],[-19,28],[-6,-1],[-14,12],[-25,3],[10,61],[-3,8],[-71,23],[-18,-27],[-6,4],[14,28],[-33,11],[-8,-26],[-31,2],[5,22],[-15,2],[-6,8],[-21,1],[-126,-19],[-6,-3],[5,-7],[-29,-13],[-30,-31],[-45,15],[-10,20],[-4,30],[-19,15],[-31,55],[23,4],[27,81],[-20,15],[-15,4],[-11,58],[-23,22],[-13,21],[3,43],[-192,37],[-28,-3],[-37,9],[-41,1]],[[52358,40390],[11,10]],[[52369,40400],[101,61],[50,-2],[30,-12],[27,8],[13,14],[14,34],[3,44],[73,103],[15,-3],[9,17],[34,-15],[37,3],[3,28],[8,12],[13,-7],[4,7],[64,-29],[24,-7],[60,3],[1,-4],[35,-8],[98,-5],[50,-14],[32,-4],[18,4],[48,-3],[13,3],[4,9],[48,28],[27,31]],[[53429,40750],[45,-8],[22,-15],[39,-15],[29,-24],[4,2],[5,-11],[16,-9],[-6,-5],[7,-3],[41,-2],[35,-26],[34,-10],[19,-39],[5,6],[24,5],[11,14],[61,-18],[41,-2],[16,6],[15,-11],[14,10],[21,-2],[15,9],[4,7],[10,-4],[18,5]],[[52358,40390],[-24,-37],[-10,-43],[4,-33],[25,-66]],[[52353,40211],[-12,0],[-2,-12],[-52,17],[-28,1],[-67,-25],[-1,30],[-5,5]],[[52186,40227],[-1,31],[-15,7],[13,6],[8,31],[23,25],[10,-4],[-5,12],[9,22],[-7,13],[-18,-1],[-9,15],[-29,-17],[-25,6]],[[52140,40373],[-17,12],[-3,25],[22,31],[-26,20],[-11,1]],[[52105,40462],[25,62],[8,3],[-2,8],[14,1]],[[52150,40536],[22,3]],[[52172,40539],[139,8],[6,-11],[18,-7],[-3,-8],[6,-13],[-8,-24],[29,-14],[25,-3],[7,-15],[-6,-14],[-21,0],[-10,-10],[15,-28]],[[51527,39444],[-21,-62],[-9,2],[-12,-18],[-98,-2]],[[51387,39364],[-68,-17],[-22,9],[-18,-8],[-18,4],[-27,-1],[-4,-7],[-4,26]],[[51226,39370],[1,15],[24,35],[53,104],[17,-8],[21,0],[32,18],[4,-23],[-8,-20],[8,-3],[-4,-12],[14,-7],[43,-2],[45,56],[85,23]],[[51561,39546],[-34,-102]],[[54389,40989],[79,-43],[67,-24]],[[54535,40922],[-18,-43],[30,-4],[12,-16],[-19,-4],[1,-9],[-9,2],[-1,8],[-6,0],[1,-9],[-12,-4],[3,-8],[14,4],[10,-6],[-3,-24],[-13,-3],[4,-34],[10,-1],[-6,-20],[6,-4],[2,-14],[-19,-2],[20,-13]],[[54542,40718],[-38,-54],[-27,8],[-12,-12],[-17,34],[-16,-6],[-36,8],[-19,-2],[-4,-17],[-2,5],[-14,8]],[[54173,40801],[24,20],[-12,22],[18,27],[-4,6],[7,57],[-17,3],[-2,19],[42,-13],[12,16],[18,11],[32,47],[-41,40],[-11,18]],[[54239,41074],[86,-68],[64,-17]],[[51653,39362],[5,-28],[-14,-16],[-51,-2],[-56,-15],[23,-58],[-9,-3]],[[51551,39240],[-56,-13],[-32,-21],[-24,-1]],[[51439,39205],[-17,21],[-31,6]],[[51391,39232],[7,9],[-7,7],[19,51],[8,5],[-31,60]],[[51527,39444],[15,-15],[12,8],[32,-20],[-4,-20],[13,-6],[-7,-9],[-1,-14],[66,-6]],[[55067,40893],[5,-10],[16,-11],[6,2],[3,-12],[6,0],[-4,-17],[-10,-2],[23,-25],[6,-23],[8,-3],[-5,-10],[23,-16],[2,-27],[58,-40],[9,-11],[-5,-11],[8,-1]],[[55063,40552],[-13,-11],[-19,-7],[-63,24]],[[54968,40558],[-9,9],[14,4],[7,-3],[46,33],[9,-14],[10,8],[-3,5],[-39,35],[-1,15],[-32,10],[-58,8],[-27,-12],[-12,2],[-4,18],[-30,21],[-18,22],[-19,40],[-8,39]],[[54794,40798],[29,3],[32,13],[20,17],[31,38],[48,30],[3,-5],[7,3],[14,-18],[59,14],[30,0]],[[51909,36709],[-33,-9],[-17,-10],[-19,-17],[-14,-30],[-27,-23],[-4,-10],[2,-105],[9,-10],[8,-23],[-3,-26],[16,-47],[-6,-10],[12,-23],[0,-12],[-9,-14],[15,-29],[2,-23],[-75,-47],[-56,-12]],[[51710,36229],[-40,35],[-25,49],[-22,93],[-18,46],[-108,108],[-47,69]],[[51450,36629],[4,17],[54,28],[23,22],[16,53],[12,104],[-8,48],[-17,32],[-35,28],[-67,18],[3,40],[-4,13],[-15,-3],[-23,17],[-13,22],[-38,33],[-12,-16],[-17,1],[10,29],[-29,19],[-3,30],[15,58],[-2,24],[5,17],[20,33],[31,-7],[32,34]],[[50967,39439],[8,-25],[-12,-19],[-8,-4],[6,-7],[-3,-11],[-7,-2],[12,-27],[19,-3],[2,-16],[-6,-10],[5,-11],[-46,-36],[8,-39]],[[50945,39229],[-14,-13],[-19,-7],[-25,-2],[-26,10],[-42,-7],[6,-21],[-6,-21],[1,-29],[38,0],[-9,-13],[-17,3],[-6,-13],[-15,0],[-8,-15]],[[50981,38763],[-18,13],[-15,-12],[1,-22],[-15,-4],[-7,-11],[-8,-1],[-17,24],[8,10],[20,4],[-2,7],[-10,3],[-49,-8],[-40,22],[-22,-13],[-24,1],[-23,19],[-18,6],[-20,-9],[-7,-20],[-11,-2],[-9,5],[-7,22],[-20,19],[5,4],[8,-8],[12,0],[5,6],[-2,8],[-36,30]],[[50660,38856],[-21,18],[-19,7],[-45,-25],[-38,22],[-15,19],[-36,-14],[-39,10],[-14,13],[-22,5],[-25,-3],[-38,-13],[-4,-7],[13,-5],[1,-7],[-30,-16],[-34,5],[-37,-2],[-18,5],[-13,24],[-27,18],[-49,12],[-16,10],[-5,14],[11,25],[-37,24],[-6,22],[2,15],[-6,7],[-25,-10],[-10,-12],[-15,2],[-13,10],[-19,50],[16,25],[-3,13],[-11,3],[-15,-6],[-13,2],[-13,-14],[-21,12],[-3,8],[6,5],[33,-3],[-6,29],[-9,10],[-28,-4],[-28,-16],[-36,11],[-36,-13],[-15,-23],[-21,-5],[-54,-36],[-56,-1],[-35,-24],[-14,-4],[-23,0],[-15,6],[-4,12],[17,6],[5,8],[-35,15],[-16,23],[0,20],[13,25],[-26,74],[17,-4],[8,5],[6,78],[31,8],[-10,8],[4,25],[12,17],[24,11],[37,34],[11,23],[8,44]],[[49713,39486],[55,-7],[8,-16],[44,-26],[8,-1],[5,9],[11,1],[44,-31],[38,5],[91,-40],[6,5],[95,-13],[51,8],[49,-12],[2,19],[35,-3],[8,27],[54,-1],[-6,46],[10,14],[1,19],[37,13],[15,12],[-2,21],[-7,2],[-5,9],[9,17],[22,16],[12,23],[15,7],[37,34],[20,8]],[[50475,39651],[28,10],[7,-4],[5,4],[34,0],[25,6],[9,-4],[25,2],[0,-4],[33,-7],[-4,-8],[16,-3],[6,-7],[18,7],[0,5],[9,1],[0,22],[19,7],[-6,7],[24,9],[13,-8],[-6,-6],[14,-8],[-7,-15],[4,-4],[17,-2],[3,9],[23,-6],[5,10],[25,0],[6,-8],[-4,-4],[7,-5],[-3,-9],[8,-3],[-7,-7],[22,-11],[15,5],[8,-21],[-8,-11],[-8,-29],[4,-3],[-17,-20],[19,-23],[20,-6],[6,5],[18,-1],[9,2],[3,-12],[-4,-10],[5,-3],[-9,-20],[1,-20],[7,-10],[42,-5],[13,4]],[[50742,36765],[1,-6],[-22,-10],[2,-27],[-6,-20],[-25,-34],[1,-9],[-11,-20],[-11,-5],[-6,-12],[4,-7],[-4,-8],[9,-5],[-10,-11],[23,-19],[-23,-25],[14,-11],[9,-30],[31,-42],[46,-18],[19,-29],[31,-1],[0,-13],[-25,-23],[-11,-35],[-32,-34],[-3,-10],[15,-16],[-8,-22],[5,-24],[-11,-9],[-9,-2],[-45,16],[-30,-2],[-13,-22],[13,-6],[-37,-22],[6,-34],[-5,-11],[-20,4],[-7,5],[4,7],[-12,6],[-45,5],[-46,11],[-32,0],[-2,5],[-64,-6],[1,-13],[-33,-3],[-21,5],[-56,-12],[-33,2],[-6,6],[-33,9],[-25,-7],[-18,1],[-30,18],[-28,3],[0,7],[-13,1],[-10,8],[-58,21],[-26,17],[4,7],[-24,21],[-30,3],[-10,41],[-39,25],[-28,3],[-26,9],[-20,14],[-23,8],[-16,24],[-43,14],[-38,-4]],[[49718,36412],[4,15],[26,19],[8,22],[-6,43],[-23,12],[17,24],[3,54],[-9,115],[5,15]],[[50335,37113],[17,21],[-11,9],[31,21],[12,-7],[36,39],[57,27],[3,9],[36,10],[33,-3],[93,-30],[5,-9],[30,-23],[5,1],[15,-24],[-2,-18],[-22,-2],[-10,-13],[2,-10],[-11,-17],[0,-27],[15,-36],[-33,-51],[-5,-27],[-4,-42],[13,-95],[19,-14],[19,-5],[-3,-5],[57,-15],[10,-12]],[[53129,41844],[-14,-49],[-21,-34],[-68,-54],[-18,-22]],[[53008,41685],[-29,-60],[-10,-72],[4,-60],[-4,-30],[16,12],[7,-26],[22,-33],[-21,-20],[-17,-37],[30,8],[25,-34],[-35,-27]],[[52853,41213],[-18,-15],[-39,-16],[-18,-3],[-23,1],[-65,16],[-30,3],[-29,-3],[-27,-16],[3,-5],[-35,0],[-85,23],[23,35],[44,41],[35,51],[-32,11],[6,5],[-9,36],[16,0],[-4,23],[7,12],[11,-3],[-28,84],[11,55],[4,-3],[11,6],[13,-7],[7,4],[14,16],[3,15],[-11,11],[0,11],[-28,5],[5,23],[-9,-1],[-7,26],[5,6],[-23,4],[-5,-13],[-25,-19],[-31,-4],[-10,3],[-1,29],[24,6],[-4,7],[-27,20],[-13,27],[-32,1],[-30,24],[29,61],[21,22],[-4,4],[-25,-3],[-12,-12],[-16,-21],[-12,-35],[-51,33]],[[52327,41794],[15,20],[1,10],[4,-3],[2,25],[15,4],[21,23],[0,12],[15,19],[5,24],[28,9],[33,3],[18,11],[24,-9],[12,1],[27,-16],[-3,23]],[[52544,41950],[49,32],[27,73],[12,-14],[20,-1],[49,18],[21,22],[-19,47],[0,32],[12,7],[9,-4],[7,7],[15,1],[34,22],[9,20],[12,13],[2,43],[15,32],[13,15],[29,12],[-1,13],[9,6],[66,-8],[18,24],[14,31],[12,-6],[22,13],[-16,17],[24,17],[-12,16],[35,9],[21,-9],[16,4],[18,-2],[4,36],[46,-22],[97,34],[9,9],[-9,23],[5,5]],[[53238,42537],[30,17],[2,-4],[15,2],[42,-14],[27,0],[13,53],[20,-5],[14,-21],[26,21],[0,14],[23,11],[14,-1],[9,10]],[[53473,42620],[8,2],[8,-17],[40,-24],[6,-8],[1,-25],[6,-1],[-10,-23],[10,-8],[-13,-5],[-50,-50],[-10,-3],[-27,-24],[-10,-17],[-6,2],[3,-17],[-7,-57],[-19,-14],[-5,-12],[18,-30],[19,-15]],[[56839,41354],[-27,0],[-45,9],[-13,14],[-42,-18],[-79,-46],[-20,3],[-3,-24],[19,-14],[16,-51],[13,-14],[-7,-9],[0,-50],[30,-18],[32,-1],[14,-14],[10,-2],[7,-42],[-19,-38],[-5,-39],[-11,3],[-8,20],[-22,20],[-40,-4],[-32,-9],[-45,-30],[-26,-11],[-14,3],[0,-14],[-21,-7],[-33,-34],[-7,-24],[10,-41],[22,-23],[-15,-14],[3,-33],[-11,-8],[35,-35],[6,-28],[-15,4],[0,-11],[-7,-3],[-25,20],[-33,0],[-22,-13],[-17,3],[0,11],[-21,-1]],[[56371,40741],[-1,8],[-10,11],[-35,11],[-8,-4],[-25,19],[-3,10],[-16,1],[0,7],[-10,3],[-5,14],[-32,14],[-66,59],[-53,9],[-4,5],[-8,-1],[-55,38],[-1,16],[-15,8],[-2,17],[-11,16],[-10,31],[-22,22],[-15,30],[-35,37],[-6,22],[25,18],[-9,35],[18,17],[8,17],[-48,37],[-43,16],[-22,2],[-11,-6],[-33,3],[-42,-7],[-7,-5],[-10,4],[-16,-5],[-14,-18],[-31,-17],[-3,-6],[7,-6],[-60,-27],[-44,-30]],[[55588,41166],[22,33],[17,59],[6,3],[-9,218],[32,31],[-6,4],[-36,-5],[-36,49],[-23,23],[-20,49],[-5,47],[-13,43],[-105,135],[3,16],[-4,17],[-7,10],[-12,1],[-7,13],[-24,69]],[[55361,41981],[14,6],[43,5],[42,15],[15,-1],[36,20],[7,-3],[32,30],[-2,12],[20,25]],[[57143,39216],[11,-17],[9,3],[55,-76],[1,-58],[17,-52],[64,3],[-6,-30],[-24,-27],[5,-32],[-5,-7],[5,-9]],[[56119,38654],[-7,10],[9,62],[14,22],[7,23],[-3,9],[-34,44],[-3,17],[-32,18],[-7,18],[-17,6],[-7,18],[-12,8],[10,20],[43,30],[-81,35],[-80,18],[-71,31],[-29,4],[-43,16],[-36,-3],[-22,27],[4,3],[-31,29],[-15,23],[6,0],[-7,21],[4,17]],[[55679,39180],[14,-5],[47,22],[31,8],[-3,4],[12,13],[40,26],[-12,21],[17,6],[10,-18],[15,-5],[19,3],[2,-9],[24,14],[47,50],[-17,14],[-11,30]],[[55914,39354],[16,-1],[26,-27],[6,-16],[23,4],[-2,-5],[22,-12],[20,10],[10,-2],[-1,-6],[39,-8],[2,-8],[30,-5],[12,-20],[122,-16],[6,-11],[11,-5],[1,-8],[30,10],[17,-8],[6,27],[46,-21],[-5,12],[20,10],[-4,20],[4,12],[45,52],[7,1],[60,-1],[97,-27],[147,-13],[62,-8],[37,-13],[8,16],[23,21],[38,18],[-36,22],[20,18],[-21,25],[12,10],[22,8],[4,8],[10,-6],[23,1],[36,13],[-1,3],[19,5],[27,15],[20,-24],[20,11],[20,27],[-28,76],[-36,56],[34,16],[110,23],[74,22],[14,10],[45,60]],[[57283,39725],[35,6],[36,-27],[50,-25],[58,-45],[31,-15],[54,-42],[3,-22]],[[52671,43869],[-11,-28],[-42,-66]],[[52618,43775],[-45,24],[4,10],[-12,1],[-27,17],[-94,-66],[-18,-27],[-63,-29],[-35,-2],[-22,11],[-12,17],[-12,-3],[8,-19],[-23,-17],[4,-9],[9,-1],[14,-11],[-4,-18],[-26,2],[-22,-8],[-4,5],[-33,-16]],[[52205,43636],[-20,13],[-1,17],[-46,-2],[-39,9],[6,34],[22,23],[-1,16],[-22,26],[-14,-8],[-23,2],[1,6],[-7,4],[3,8],[-7,5],[-2,12],[-19,24]],[[52036,43825],[11,-2],[-1,21],[18,-14],[10,-23],[125,44],[105,27],[15,-17],[21,4],[24,-4],[28,14],[41,9],[34,20],[34,-5],[65,0],[35,-17],[70,-13]],[[59394,42753],[3,-85],[29,-83],[36,-48],[76,-62]],[[59538,42475],[-7,-4],[-99,4],[-17,-16],[-14,12],[-125,27],[-10,-2],[-9,-54],[26,-20],[4,-43]],[[59287,42379],[-34,-9],[22,-9],[-10,-13],[-22,8],[-20,-14]],[[59223,42342],[-45,4],[11,30],[-53,5],[-96,21],[-73,30],[-9,-8],[-33,14],[-4,-4],[-41,21]],[[58852,42766],[25,7],[2,-7],[53,0],[1,-10],[16,0],[3,-17],[25,-18],[17,-20],[3,-36],[7,1],[2,-8],[49,7],[103,6],[-5,18],[27,-3],[45,4],[1,-6],[10,1],[-29,108],[6,8],[82,-29],[99,-19]],[[52773,52441],[0,-41],[-40,-46]],[[52733,52354],[-37,10],[-48,25]],[[52648,52389],[-76,31],[-98,9],[-51,15]],[[52423,52444],[-59,29]],[[52264,52553],[10,15],[12,2],[39,-17],[15,1]],[[60944,42566],[-6,-14],[-38,-47],[-116,-103],[-68,-40],[-100,-36],[-50,-33],[20,-37],[-18,-18]],[[60568,42238],[-31,29],[-4,9],[4,3],[-42,32],[-25,38],[-74,47],[-35,53],[-28,24],[73,26],[53,29]],[[60459,42528],[42,33],[36,40],[63,113]],[[60600,42714],[29,-16],[13,7],[10,-8],[28,1],[5,-5],[35,-5],[1,-7],[47,-3],[8,7],[6,-3],[-3,-10],[25,-15],[-4,-6],[18,-10],[-5,-6],[25,-23],[31,-13],[30,-22],[45,-11]],[[52330,52449],[5,-39],[-8,-28],[-79,-4],[17,-26],[-42,-28]],[[52223,52324],[-28,-29],[-13,-26],[-30,-28]],[[52152,52241],[-34,-17],[-11,20],[24,15],[-26,3],[-2,10],[11,7],[2,17],[-9,2],[1,4],[-13,1],[-8,8],[3,12],[-38,4],[-7,3],[0,6],[-11,2],[-3,-4],[-10,7],[-21,-1]],[[56351,43730],[18,-32],[32,-38],[71,-50],[-8,-8]],[[56464,43602],[-19,14],[-56,-64],[-5,3],[-9,-10],[11,-13],[-14,-29],[2,-31],[-6,-1],[-20,-53]],[[56348,43418],[-13,-19]],[[56335,43399],[-59,97],[4,56],[-14,11],[-111,32],[-87,-78],[-54,11],[-36,13],[-2,-15],[-32,6],[-52,-2]],[[55892,43530],[-37,2],[-65,-8],[-47,32],[-30,6],[-33,15]],[[55680,43577],[18,16],[25,129]],[[55746,43801],[59,-28],[147,-50],[12,-9],[16,-1],[113,67],[12,20],[28,26],[6,13],[41,28],[9,21],[-11,44],[19,33]],[[56197,43965],[85,-24],[72,5],[14,-68],[-3,-16],[-35,-56],[-4,-47],[9,6],[16,-35]],[[55121,43473],[-8,-12],[-3,-25],[-23,-17],[-9,-24],[6,-96],[-13,-36]],[[55071,43263],[-14,-42],[-30,-21],[-6,-20],[-39,-10],[-39,-20],[-24,-3],[-28,-16],[-24,84],[-16,29],[-39,-20],[-17,20],[-54,10],[-1,-34],[-17,-1],[-53,15],[-1,-4]],[[54669,43230],[-93,50],[-33,38],[-19,48],[4,7],[-17,17],[-17,-2]],[[54495,43408],[34,0],[11,7],[47,-6],[25,4],[43,-3],[20,9]],[[54675,43419],[131,19],[29,-10],[24,0],[8,-8],[24,7],[38,-10],[58,14],[53,34],[50,11],[31,-3]],[[54610,43925],[-37,-80],[0,-41],[14,-22],[36,-35],[16,-34],[51,-14],[-3,-11],[21,-37],[-26,-33],[-22,-64],[13,-77],[-3,-12],[-16,-13],[21,-33]],[[54298,43452],[-1,33],[37,36],[0,20],[35,22],[12,16],[-81,44],[-27,7],[16,19],[38,9],[53,-16],[95,-3],[-43,68],[-36,105],[-7,39]],[[54435,44006],[36,20],[37,2]],[[54508,44028],[18,-33],[22,-26],[33,-28],[29,-16]],[[52898,45229],[17,-46]],[[52915,45183],[-1,-22],[-15,-10],[4,-12],[-25,-15],[-20,-9],[-5,11],[-25,-27],[-14,-8],[-61,1],[-34,-4],[-12,-6],[-20,-23]],[[52687,45059],[-6,-3],[-17,43],[-29,-7],[6,17],[-9,15],[-28,-11],[-12,20],[10,3],[-31,57],[-7,-4],[-8,13],[6,3],[-44,68]],[[53747,46953],[-17,11],[-37,1],[-59,-7],[-20,-9],[-31,-6],[-7,-5],[0,-11],[-50,-28],[25,-48]],[[53551,46851],[-29,1],[-78,43],[0,34],[-50,28],[47,15],[10,10],[35,-15],[8,18],[45,24],[24,4],[47,-6],[15,4],[10,-9],[29,19],[-5,4],[41,52],[8,4],[-4,6],[7,4]],[[53711,47091],[34,-99],[2,-39]],[[62031,41783],[-28,-27],[-63,33],[-30,2],[-15,19],[-33,22],[-24,26],[-82,13],[-16,10],[-32,-4],[-6,-30],[-23,0],[1,4],[-23,6],[-1,5],[-50,2],[2,7],[-21,4],[12,27],[-29,15],[-43,7],[3,11],[-26,9],[0,-24],[-29,4],[-1,-30],[-83,8],[-26,10],[-7,17],[-42,25],[-19,34]],[[60599,42212],[-31,26]],[[60944,42566],[15,32],[1,36],[-18,41],[-33,50]],[[60909,42725],[33,5],[22,-2],[-7,-18],[31,-21],[6,-47],[179,31],[32,-10],[9,-26],[8,-4],[24,19],[55,10],[-5,-9],[7,-19],[1,-27],[-6,-12],[7,-38],[6,-5],[46,27],[11,-8],[55,-5],[4,-14],[48,7],[15,15],[23,6],[29,1],[61,-12],[32,36],[57,-9],[83,-3]],[[52326,46497],[-28,-54],[7,-28],[23,-23],[35,-9],[30,-21],[29,-7],[-26,-87]],[[52396,46268],[-8,-45],[12,-37],[0,-33],[8,-30]],[[52408,46123],[-9,-1],[-8,-11],[-7,3],[-24,-18],[-2,3],[-18,-9],[-46,51],[-67,36]],[[52227,46177],[-83,25],[-157,74]],[[51987,46276],[-55,29],[7,1],[7,12],[-4,4],[3,11],[11,9],[36,-22],[35,0],[-13,36],[31,9],[51,34],[55,13],[-10,44],[-8,8],[1,35],[155,3],[37,-5]],[[51457,53305],[22,-49],[10,-98]],[[51489,53158],[-47,2],[-15,-7],[3,-11],[-22,-10],[-31,9],[-17,21],[-38,27],[-24,-15],[-10,-21],[-29,-18]],[[51187,53299],[18,-8],[0,-4],[35,-10],[7,-7],[50,39],[11,-12],[9,1],[36,27],[15,-7],[20,21],[31,21]],[[51419,53360],[27,-31],[11,-24]],[[63289,42371],[12,43],[-9,5],[14,22],[-10,4],[3,5],[-19,6],[1,-7],[-7,4],[-28,-3],[-15,2],[-22,11],[14,29],[17,-2],[12,6],[14,35],[-48,13],[-27,0],[-8,5]],[[63183,42549],[10,28],[12,77],[11,31],[30,-11],[116,-2],[-6,-57],[-18,-61],[56,-3],[-44,-48],[27,-5],[16,-24],[-34,-38],[-32,-52],[-13,-6],[7,-4],[-3,-7],[-29,4]],[[53636,46284],[91,-128]],[[53727,46156],[-36,-8],[-49,4],[-14,-12],[-58,-31],[-33,-26],[-16,14],[-31,-55],[-50,21],[-5,8],[2,25],[-15,11],[-22,-2],[-37,-24]],[[53363,46081],[11,24],[4,1],[2,48],[37,114],[-58,22],[25,54]],[[53384,46344],[27,0],[10,5],[4,10],[189,-67],[8,-8],[14,0]],[[51076,52972],[-10,-6],[-14,1]],[[51052,52967],[-96,7],[-38,-5],[-27,6]],[[50816,53067],[-5,26],[10,34],[48,37]],[[50869,53164],[36,-13],[-8,-7],[102,-48]],[[54116,46615],[30,-9],[-12,-22],[25,0],[-10,-30],[14,-48],[7,-8],[5,-31],[-4,-9],[19,-28],[2,-15],[58,-12]],[[54003,46200],[-2,-16],[-21,-3],[9,-18],[-13,-9],[-4,7],[-14,-1],[-20,26],[-23,0],[-5,11]],[[53910,46197],[17,11],[-2,5],[34,12],[-9,18],[3,111],[8,34],[-3,44],[-9,42],[-26,57],[-42,50]],[[53881,46581],[7,-6],[23,9],[46,40],[99,19],[30,-2],[30,-26]],[[60018,44711],[-91,-25],[-43,-6],[-59,0],[-87,11],[-49,-3],[-34,-7],[-82,-31],[-52,-13],[13,-2],[-10,-6],[-33,-4],[-34,5]],[[59457,44630],[10,18],[-37,34],[1,7],[14,47],[39,31],[-34,21],[-21,61],[3,7],[19,12],[5,12],[17,9],[33,7],[60,-9],[31,14],[14,-11],[6,21],[18,5],[50,-8],[19,-12],[20,-2],[55,25],[42,5]],[[59821,44924],[70,21]],[[59891,44945],[29,-50],[19,-20],[-8,-68],[50,-18],[-6,-7],[22,-12]],[[55006,46838],[34,-33],[35,-25],[32,-37],[8,8],[49,-26]],[[55164,46725],[-17,-18],[7,-6],[-20,-19],[0,-14],[-6,5],[-63,-52],[5,-5],[-4,-10],[-7,-4],[-6,5],[-22,-15],[73,-59],[18,-24],[47,-43],[88,-51],[38,-35]],[[54787,46368],[-3,6],[-11,-3],[-17,5],[-39,-30],[-17,-7],[-3,12],[5,18],[-19,7],[18,33],[-43,13],[-60,-8],[-6,11],[-60,-28],[-6,6],[-17,-4]],[[54509,46399],[3,6],[-26,6],[0,-3],[-15,1],[-5,-21],[-20,5],[10,17],[3,17],[38,21],[22,20],[35,14],[48,52],[26,13],[-2,28],[12,11],[3,40]],[[54641,46626],[168,-2],[38,40],[29,10],[9,13],[33,0],[20,8],[30,30],[10,70],[14,36],[11,9],[3,-2]],[[58359,46060],[10,34],[8,13],[15,9],[15,24]],[[58407,46140],[19,-3],[37,18],[52,-5],[0,-47],[31,-10],[13,36],[88,11],[1,14],[11,2],[3,-4],[9,6],[9,-16],[8,3],[-4,19],[-8,-1],[-2,9],[34,3]],[[58708,46175],[-4,-12],[16,6],[7,-21],[37,4],[20,-5],[2,-11],[27,26],[22,-16],[36,19],[34,-63],[22,33],[36,22],[3,12],[8,-1],[42,-28],[24,-29],[11,-22],[14,-5],[56,13]],[[56971,43050],[-104,5],[-50,26],[-90,73],[-47,24]],[[56680,43178],[-9,68],[-25,51],[-9,47],[7,92],[17,54]],[[56661,43490],[5,5],[11,-4],[0,-4],[28,-3],[-1,-5],[15,0],[5,8],[18,-2],[0,5],[17,-2],[16,6],[10,-5],[42,6],[29,-6],[0,5],[49,2],[16,-4]],[[54469,44483],[-4,-25],[11,-2],[-7,-11],[10,-16],[-22,-29],[64,-25],[3,-5]],[[54524,44370],[-19,-34],[-31,-19],[-2,-12],[-80,-31],[-32,-3],[-20,5],[-8,-5]],[[54332,44271],[-1,-4],[-39,26],[1,-7],[-49,-34],[3,-10],[-69,-42],[-22,10],[-8,-10],[-10,7],[-16,-12],[-57,-25]],[[54065,44170],[-33,-17],[-17,-2],[-94,23]],[[53921,44174],[18,36],[55,77],[25,23],[29,16],[-23,23],[-2,14],[10,2],[-11,44],[12,5],[-10,1]],[[54024,44415],[39,14],[38,-1]],[[54101,44428],[100,-9],[33,6],[36,25],[33,62],[166,-29]],[[54227,43750],[-76,-15],[-119,-38],[-54,5],[-29,-14],[-42,-11],[-64,4]],[[53843,43681],[4,5],[-2,40],[-15,88],[-15,30],[-36,43]],[[53779,43887],[4,24],[52,9],[19,9],[38,-8],[26,-17],[4,11]],[[53922,43915],[7,-6],[3,8],[9,-3],[15,35],[14,3],[37,-21],[-4,-29],[9,-2],[-2,-13],[35,2],[29,13]],[[52293,44151],[42,-50]],[[52335,44101],[-60,-59],[-46,-34],[-13,-4],[-65,-57],[-70,-27],[-32,-24],[-27,-7],[-38,-47]],[[51984,43842],[-8,-7],[-20,-2]],[[51822,44026],[120,-9],[-1,16],[23,-9],[26,0],[0,4],[36,7],[-2,34],[-19,54],[33,14],[19,2],[27,-9],[117,22],[44,2],[37,-7],[11,4]],[[52999,43604],[25,-9],[22,0],[58,-42],[-16,-28],[19,-22],[26,6],[12,8],[4,34],[14,1],[14,-11],[2,-7],[13,-14],[-12,-12],[10,-16],[-7,-10],[27,-28],[-24,-10],[-10,2],[-15,-40],[21,-5],[4,-12],[-18,-23],[19,-15],[18,6],[18,14]],[[53223,43371],[11,-1],[10,-12],[-3,-1],[13,-9],[-4,-9],[13,-17],[17,-9],[-1,-5]],[[53279,43308],[-4,-11],[5,-8],[-3,-27],[-9,-15],[9,-2],[2,-14],[7,-7],[1,-24],[-6,-16],[2,-31],[-7,-32],[-14,-23],[-22,-1],[-40,11],[-1,12],[-10,7],[-1,8],[17,12],[19,5],[18,29],[-64,2],[-6,7],[5,29],[-5,8],[-7,-12],[-14,-2],[-15,-11],[-6,4],[-22,-3],[-12,-18],[-6,0],[-1,22],[-38,-1],[-4,-15],[-20,-13]],[[52864,43397],[9,15],[-8,6],[13,14],[49,30],[0,8],[-12,22],[-13,-4],[-13,26],[3,9],[-8,14],[19,10],[8,-10],[29,17],[16,0],[-5,17],[7,13],[19,16],[18,7],[4,-3]],[[51812,52836],[33,-72]],[[51845,52764],[7,-63]],[[51852,52701],[-24,3],[-15,10],[-2,37],[-24,7],[-6,-3],[-22,6],[-14,-33],[-9,-6],[-13,3],[-5,-6],[-47,22],[-18,3],[-44,-61],[-14,-1],[-5,-14],[-7,-1],[-5,-29]],[[51578,52638],[-32,10],[-7,-6],[-44,81],[-13,6],[-75,-18],[-43,56]],[[51364,52767],[-22,26],[39,36],[32,14]],[[51413,52843],[17,-24],[36,13],[2,32],[31,-17],[21,3],[0,10],[17,16],[9,-3],[18,5],[18,-8],[11,8],[7,-2],[0,-8],[40,-17],[7,5],[37,-13],[8,-15],[8,5],[22,-24],[4,9],[41,22],[22,-21],[23,17]],[[51833,54259],[25,-21],[8,-1],[8,6],[31,-13],[3,-4],[-8,-6],[34,-33],[9,-26],[-5,-2],[20,-33]],[[51958,54126],[-16,-5],[-17,9],[-13,-8],[3,-14],[-13,1],[-13,-7],[-6,6],[5,3],[-3,10],[-14,24],[-70,-19],[-15,-36],[-18,-6],[-3,-66],[-15,-17],[10,-13],[-15,-5],[16,-33]],[[51761,53950],[-33,-18],[2,-3],[-12,-9],[-39,-8],[4,7],[-6,9],[-15,-3],[4,-16],[-6,-1],[2,-7],[-6,0],[20,-44],[-32,-11],[2,-4]],[[51646,53842],[-38,-3],[-18,14],[-11,1],[-5,-11],[3,-8],[-7,-3],[3,-6],[-27,-7],[-13,4]],[[51516,53882],[-18,67],[-12,85],[-11,17],[-27,12],[1,18],[7,6],[-23,33],[-35,27],[-33,13]],[[51365,54160],[15,3]],[[49287,39717],[4,-10],[14,-11],[2,-10],[-13,-27],[-14,-13],[-20,-6],[-18,3],[-51,37],[-34,8],[-12,-3],[-10,-12],[1,-14],[11,-12],[-4,-11],[-37,-5],[-28,7],[-13,-9],[6,-28],[24,-37],[0,-33],[21,-15],[35,-36],[50,-34]],[[49201,39446],[6,-16],[-3,-13],[-10,-16],[-21,-13],[-11,-20],[-15,1],[-9,13],[-13,7],[-43,3],[5,-31],[23,-50],[-1,-10],[-19,3],[0,-10],[-15,8],[-1,10],[-10,-3],[-10,5],[1,4],[-25,8],[-12,-8],[3,-8],[-11,-12],[3,-16],[-9,-18],[5,-11],[-3,-3],[2,-39],[-20,-15],[-9,-37],[-32,-23],[-11,-29],[-17,-9],[-21,-3],[-18,-25],[16,-24],[-3,-11],[25,-12],[12,-33],[-19,-18],[-28,-8],[-17,-21],[-36,-10],[-27,-48],[5,-2],[1,-11],[7,0],[7,-8],[3,-14],[10,-3],[-1,-18],[6,-2],[4,-19],[-52,2],[-21,-7],[-13,4],[-19,-8],[-17,5],[-12,-2],[-30,-18],[10,-19],[-6,-28]],[[47079,39156],[-35,21],[-34,38],[-30,9],[19,26],[2,69],[-14,41],[-42,47],[10,31],[15,12],[-6,27],[34,32],[36,24],[-44,8],[-43,-4],[-35,8],[-44,-6],[12,37],[-6,41],[24,23],[26,-2],[0,29],[-13,25],[1,33],[-9,5],[31,8],[-17,26],[-18,-6],[0,6],[-29,-7],[-15,11],[8,17],[-35,11],[-29,2],[66,58],[11,17],[7,26],[35,39],[17,6],[20,-4],[16,3],[52,23],[24,-11],[9,10],[43,21],[-9,28],[5,8],[18,7],[-31,36],[-5,34],[-8,16]],[[47069,40115],[94,31],[62,0],[17,9],[6,-2],[2,-19],[56,-26],[84,56],[17,0],[9,-7],[-1,-18],[39,-13],[16,11],[5,-2],[30,33],[33,-27],[-5,-16],[6,-18],[18,-7],[20,-19],[8,12],[21,9],[3,11],[4,0],[5,29],[17,6],[63,64],[27,-3],[43,12],[41,3],[67,14],[68,-9],[14,76],[9,7],[6,19],[-3,18],[-33,44],[-18,15],[-10,-1],[-9,19],[-20,10],[-38,51],[1,34],[-5,3]],[[47838,40524],[2,12],[9,6],[5,32],[29,6],[43,-7],[19,4],[24,13],[21,-3],[35,46],[10,7],[16,0],[7,9],[17,7],[18,22],[2,13],[91,21],[32,2],[14,-3],[58,-38],[26,13],[21,19],[95,-6],[54,4],[-2,-26],[4,-12],[38,-37],[49,-35],[29,-3],[19,6],[0,-22],[21,-5],[4,-15],[50,-8],[-4,-7],[15,-25],[12,-13],[19,-5],[10,-22],[22,-15],[-34,-3],[-43,-24],[-34,-3],[2,-11],[-12,-25],[-31,-6],[-15,-15],[-60,-22],[1,-4],[-41,-9],[-37,-2],[-27,-9],[-22,-25],[-35,-9],[-25,-32],[-40,-17],[-32,-30],[-5,1],[-55,-54],[-13,-35],[-13,-158],[17,-2],[26,-11],[58,-49],[20,-55],[32,11],[76,12],[62,16],[5,-8],[65,3],[14,-13],[28,7],[56,27],[31,-12],[17,2],[20,-7],[16,1],[49,-10],[40,20],[37,-34],[40,-25],[31,-35],[35,-4],[19,-7],[5,-7],[30,3],[20,8],[14,-5],[25,1],[33,13],[4,-5],[31,-1],[16,-7],[24,-1],[14,-11],[22,0],[11,-6],[6,-10],[-6,-34],[24,-17],[19,2]],[[44219,50968],[-23,-18],[1,-26],[-18,-19],[-6,-39],[9,-23],[20,-20],[9,-29],[17,-25],[-2,-12],[8,-4],[-4,-15],[12,-13],[3,-20],[-17,-35],[7,-17],[26,-23],[57,-40],[49,-48],[35,-5],[11,10],[18,-1],[16,-20],[6,-37],[31,-5],[9,-33],[9,-8],[14,0],[13,-21],[19,-1],[11,-14],[8,0],[-5,-6],[11,-22],[-9,-14],[6,-9],[18,-5],[12,-25],[63,-34],[179,-134],[-3,-15],[31,-2],[11,-11],[1,-15],[18,-4],[-22,-36],[-38,-1],[-46,-12],[-1,26],[-35,27],[-5,2],[-27,-11],[-18,5],[-6,-27],[22,-22],[-2,-5],[-13,9],[0,-5],[41,-17],[33,4],[9,-7],[1,-11],[-33,-41],[-5,-31],[11,-22],[10,-3],[34,-35],[34,-11],[3,-18],[13,-11],[20,10],[25,-3],[37,19],[50,-10],[31,31],[23,4]],[[44905,49146],[-43,-24],[-41,37],[-33,-13],[-25,-3],[-19,79],[-35,-10],[-18,4],[-56,-56],[-23,3],[-1,23],[-10,19],[6,9],[-19,49],[-46,13],[-75,-11],[-3,-13],[-11,-6],[-82,-11],[-55,-32],[-36,-1],[-16,-6],[-7,5],[-26,-14],[-17,-1],[-20,-19]],[[44194,49167],[-7,14],[-16,14],[-33,13],[6,10],[14,6],[15,15],[40,14],[34,24],[11,46],[-27,31],[16,14],[-18,32],[-13,47],[-9,11],[-35,18],[-36,-8],[-86,8],[-39,22],[-21,-31],[-38,-34],[-8,-9],[1,-9],[-7,-2],[-135,25],[-19,24],[-20,12],[-14,20],[-11,-2],[-10,17],[60,65],[-13,46],[-19,12],[27,28],[19,69],[-9,19],[-19,20],[-22,11],[-70,20],[-46,29],[31,30],[-65,20],[1,11],[35,-8],[27,4],[43,54],[7,22],[-3,25],[12,-4],[9,13],[-9,26],[2,7],[-24,10],[-21,-3],[-4,50],[20,10],[-2,15],[-23,22],[-16,14],[-20,-4],[-2,9],[-63,26],[-22,-13],[1,-17],[-52,-18],[11,-28],[-3,-12],[-12,-7],[-19,4],[-22,-18],[-15,-3],[-5,-21],[-50,9],[-19,9],[-25,-17],[-24,2],[-8,-8],[-21,-6],[-13,27],[-27,15],[-16,3],[-41,-7],[-21,14],[19,19],[19,42],[-7,6],[2,34],[8,15],[26,-15],[18,4],[-2,12],[6,11],[-13,9],[1,10],[17,34],[-18,6],[9,27],[-23,-4],[-11,10],[7,10],[12,1],[14,22],[-11,21],[-10,5],[6,9],[-11,13],[9,38],[-19,12],[-21,47],[-20,11],[-33,61],[-1,17],[-31,-3],[-26,-18],[-6,14],[-22,-45],[-1,-31],[11,-16],[-7,-21],[-24,4],[-24,-31],[-15,-5],[-32,84],[-155,68],[-52,35],[-115,2],[-86,-10],[-16,19]],[[41817,51076],[-17,50]],[[42834,51169],[16,-10],[57,-16],[17,-10],[0,-15],[-14,-11],[-8,-28],[-1,-20],[-11,-7],[2,-15],[38,4],[17,11],[-9,7],[7,14],[34,8],[-4,7],[7,4],[18,0],[12,-11],[-2,-26],[16,5],[61,44],[35,-1],[22,4],[58,-36],[19,5],[6,-15],[-6,-11],[9,-17],[21,21],[3,-2],[4,16],[0,24],[-18,34],[10,6],[19,0],[14,19],[-2,9],[-34,41],[-1,19],[-18,24],[33,17],[5,12],[44,33],[-16,21],[0,22],[-11,7],[-6,15],[4,23]],[[43350,51805],[21,-8],[24,2],[14,8],[29,-6],[7,-6],[30,0],[82,-16],[70,19],[70,-45],[10,-2],[16,9],[11,-11],[-5,-47],[-15,-19],[25,-72],[10,-4],[6,-21],[32,-1],[5,-18],[12,-5],[-3,-18],[122,-106],[30,-53],[-3,-6],[15,-14],[25,-2],[15,-22],[64,-51],[6,-33],[-9,-40],[4,-17],[32,-28],[35,-17],[34,-53],[30,-60],[7,-54],[11,-1],[-5,-12],[5,-7]],[[48123,52033],[21,-11],[7,-15],[3,-14],[-10,-15],[2,-45],[9,-19],[-15,0],[-23,-11],[-8,-14],[-14,-4],[-10,-11],[-10,-23],[-16,7],[-24,-8],[-7,8],[-7,-1],[-7,6],[-20,0],[12,-61],[0,-50],[-21,-133],[-3,-87],[11,-72],[20,-45],[178,-184],[-41,9],[-141,16]],[[47662,50953],[-1,-4],[-13,-16],[3,-8],[-7,0],[6,-6],[-8,-2],[4,-5],[-14,-3],[5,-17],[-5,-2],[5,-7],[7,1],[0,-9],[12,-10],[-2,-6],[16,-11],[7,3],[2,-10],[-31,-12],[-28,6],[-11,-3],[-1,6],[-7,-3],[-10,7],[-4,-7],[-4,6],[-11,3],[10,14],[-11,8],[-20,0],[-5,-5],[-2,-19],[-8,1],[-6,-11],[-9,-2],[-5,-22],[-35,0],[-2,-7],[-6,5],[-15,-8],[-2,-7],[-12,2],[-8,-8],[4,-3],[-4,-9],[-11,-9],[-155,130],[-14,-18],[-3,-12],[-23,-10]],[[47230,50854],[-10,7],[6,5],[-7,10],[3,5],[-14,14],[-10,-1],[-4,7],[-17,3],[-16,-5],[-2,8],[-36,-5],[-45,14],[-58,-54],[22,-12],[-2,-11],[-8,-9],[0,-11],[23,-44],[-44,-3],[-36,7],[-25,-4],[-29,13],[-78,-3],[-15,-7],[-18,-17],[-46,-4],[25,-15],[-62,-10],[-8,13],[7,20],[-2,15],[-31,2],[-37,-6],[-22,-24],[-34,-7],[-84,8],[0,5],[-31,2],[-2,3],[-42,-17],[-54,4],[1,-11],[-54,-10],[-33,-21],[-49,-8],[22,-12],[-65,-65],[-26,2],[-15,-13],[-34,-16],[-12,-24],[-26,-17],[-9,-1],[-39,-41],[-42,-29],[3,-3],[-56,-14]],[[45953,50467],[9,40],[-12,66],[8,18],[-18,0],[-6,-4],[-8,5],[-7,-5],[-13,4],[-107,1],[-13,11],[15,23],[-3,5],[-14,2],[-9,8],[-55,-12],[-8,38],[-10,17],[6,22],[-11,48],[9,14],[-9,22],[0,40],[-13,18],[-17,12],[-29,8],[-27,28],[22,49],[-4,17],[3,30],[6,16],[17,9],[-6,13],[8,16],[2,30],[-28,37],[5,22],[-5,8],[2,18],[10,7],[1,6],[46,16],[8,13],[15,9],[2,30],[-9,11],[4,1],[-5,18],[-9,1],[-18,27],[24,27],[6,28],[-20,58],[-4,6],[-13,-2],[-12,14],[-18,-2],[-13,-9],[-15,2],[-2,10]],[[45611,51432],[11,13],[17,2],[11,7],[59,2],[7,16],[-11,12],[2,8],[11,3],[31,23],[5,14],[14,13],[3,18],[18,5],[17,20],[11,4],[7,12],[19,4],[11,-8],[15,-33],[4,-39],[-6,-44],[10,-48],[-12,-28],[7,-33],[-1,-47],[6,1],[4,-9],[36,34],[64,40],[2,17],[87,91],[31,-3],[38,-24],[41,-5],[22,-12],[12,-20],[26,-17],[2,-21],[19,-15],[8,-11],[2,-22],[8,-4],[12,9],[9,21],[12,13],[20,12],[14,3],[7,17],[36,24],[12,1],[9,16],[-20,66],[13,23],[32,20],[-7,30],[4,22],[17,-1],[7,6],[-4,16],[-11,-1],[-9,11],[18,1],[2,11],[15,3],[5,8],[-16,34],[10,8],[-2,27],[-17,33],[8,12],[27,7],[32,27],[3,10],[13,10],[-13,12],[3,17],[12,6],[-3,6],[37,28],[-6,6],[10,31],[11,2],[28,19],[11,2],[10,14],[22,3],[42,-7],[49,41],[29,-5],[7,1],[3,12],[14,-7],[7,2]],[[46803,52030],[10,-18],[-2,-9],[27,-29],[22,5],[10,11],[67,-9],[18,8],[22,20],[-1,16],[17,3],[6,12],[16,0],[18,9],[-15,17],[-21,11],[-7,15],[4,7],[7,2],[6,-6],[4,6],[10,-12],[30,-3],[10,8],[-1,11],[19,14],[27,-7],[32,12],[5,12],[8,-22],[19,-24],[18,-1],[21,-52],[24,-19],[3,-8],[39,-13],[15,0],[16,6],[20,-3],[65,-69],[23,-14],[50,-64],[37,-14],[30,-2],[3,38],[30,29],[-8,11],[3,7],[10,5],[13,20],[10,-3],[3,7],[13,7],[-12,26],[8,5],[-4,16],[8,5],[6,24],[-9,6],[3,9],[-3,5],[7,0],[-7,14],[11,4],[-6,8],[0,25],[-9,10],[6,10],[-14,8],[9,4],[-3,17],[15,22],[-8,9],[13,6],[-4,21],[-6,3],[8,7],[-9,5],[3,13],[8,0],[-3,16],[9,6],[-5,4],[9,5],[-8,13],[11,9],[18,-8],[2,-9],[22,-6],[10,-10],[33,-7],[16,-12],[15,-21],[2,-15],[11,-16],[-6,-4],[1,-17],[15,-6],[6,-9],[17,-3],[14,-15],[4,16],[70,24],[22,20],[41,1],[49,-14],[12,-23],[-1,-21],[37,1],[11,-37],[26,-28],[8,-19],[36,-22]],[[45293,42117],[-14,8],[-7,-5],[-10,7],[-21,38],[3,10],[38,6],[5,22],[-20,62],[43,10],[12,7]],[[47230,50854],[0,-22],[6,-5],[-5,-5],[6,-10],[-5,-4],[7,-11],[-6,-28],[19,-16],[-2,-5],[10,-15],[-16,-13],[-2,-20],[28,-6],[11,7],[24,-7],[3,7],[25,0],[38,31],[16,21],[11,6],[13,-3],[1,7],[28,-4],[293,-208],[70,-39],[65,-23],[88,-64],[73,-85],[57,-44],[27,-43],[12,-9],[1,-7],[-11,-7],[-13,1],[-18,-8],[-25,-2],[-60,-15],[-8,-28],[3,-14],[-42,-8],[-47,0],[-67,-53],[7,-16],[-38,-14],[-15,1],[19,-22],[-8,-46],[-91,-157],[-7,-21],[15,-5],[-7,-84],[23,-27],[7,-33],[-5,-17],[6,-22],[-8,-31],[18,-20],[13,-45],[30,-16],[75,-25],[27,-20],[43,-21],[11,-22],[32,-38]],[[47985,49402],[-80,-27],[2,-6],[-30,-19],[-4,-32],[-18,-13],[-52,2],[-33,28],[-21,2],[-34,-39],[-20,-11],[-23,6],[-38,53],[-11,-1],[-3,-13],[-12,-8],[5,-16],[-16,-2],[-4,-17],[-13,-9],[2,-25],[-13,-18],[-8,-32],[7,-4],[0,-5],[-20,0],[-1,-5],[12,-9],[-19,-4],[3,-6],[-7,-5],[-3,-22],[-36,-23],[-13,8],[-3,9],[-13,-14],[-20,0],[-14,-13],[-10,3],[-7,13],[3,16],[9,9],[-4,21],[11,8],[-2,10],[19,16],[1,9],[10,4],[5,12],[7,1],[7,18],[-4,11],[-21,13],[-9,0],[-20,-15],[-26,-3],[-28,34],[-20,11],[-1,11],[-40,4],[-13,40],[2,9],[-5,0],[-6,15],[-23,3],[-2,9],[-6,1],[3,6],[-19,10],[-24,-13],[-1,-21],[-14,-5],[-11,3],[-29,-27],[-23,-2],[-18,8],[-37,3],[-24,36],[-34,20],[-7,25],[21,9],[-54,21],[-39,2],[-2,-17],[-50,11],[-9,-7],[-10,0],[-46,-49],[-30,-18],[-15,-16],[-5,-19],[-23,-6],[9,-12],[-43,-15],[-33,6]],[[45845,50266],[-8,10],[1,23],[-12,16],[4,12],[12,1],[2,7],[0,30],[57,38],[21,6],[32,18],[5,10],[-6,30]],[[45099,47100],[21,-31],[37,-7],[1,-13],[5,2],[9,-11],[66,-11],[12,-32],[-17,-19],[7,-9],[-2,-21],[6,-13],[-10,-16],[5,-11],[-6,-17],[12,1],[-1,-11],[18,-10],[-14,-15],[-26,-10],[-35,-25],[-41,-66],[-3,-17],[-21,-31],[-31,-68],[-8,-46],[6,-37],[16,-45],[-5,-12],[32,-32],[20,66],[33,40],[48,40],[108,25],[35,14],[29,-6],[21,8],[12,35],[21,29],[7,30],[25,28],[20,12],[17,32],[17,-5],[13,-18],[3,-18],[11,-12],[13,-4],[7,-12],[12,3],[13,-5],[26,0],[16,8],[15,1],[17,-6],[19,-22],[32,-14],[24,6],[8,-6],[3,-14],[-16,-16],[3,-7],[-6,-14],[-17,-18],[-14,-2],[-26,-30],[-42,-5],[-15,-28],[-14,-7],[-3,-13],[-20,-8],[-6,-26],[-36,-49],[2,-18],[25,-30],[12,-5],[18,1],[24,15],[19,-11],[15,3],[22,-2],[64,-17],[9,4],[3,-5],[69,30],[39,4],[18,-9],[-6,-27],[21,-12],[-5,-10],[8,-9],[-2,-8],[-20,-17],[0,-10],[-10,-9],[8,-3],[-12,-13],[3,-8],[-15,-22],[39,-26],[-3,-4],[5,-38],[18,-31],[-23,-14],[6,-8],[-30,-16],[-9,-11],[-42,-11],[9,-12],[-8,-61],[72,-92],[22,-74],[-5,-6],[4,-9],[-78,-77],[-55,-29],[-88,-22],[-32,3],[-57,-8],[-112,-30],[15,-33],[3,-46],[-14,-17],[-13,0],[-15,-13],[-11,-29],[3,-6],[22,-15],[28,2],[39,-28],[6,-14],[30,-10],[-13,-11],[-7,-24],[21,-3],[6,-3],[-4,-6],[8,-4],[13,24],[27,6],[23,-9],[27,-4],[0,27],[5,2],[48,-4],[8,4],[29,-3],[-2,-11],[46,6],[27,-8],[13,7],[-2,4],[20,5],[59,3],[24,14],[21,0],[12,5],[3,11],[21,7],[18,10],[32,-3],[0,-10],[15,-29],[-1,-11],[-10,-1],[1,-9],[-12,-8],[-10,0],[-6,-12],[-4,1],[-17,-22]],[[46039,45447],[-7,2],[1,-8],[-7,2],[-32,-24],[7,-17],[-8,-7],[9,-6],[-10,-6],[-4,-15],[3,-15],[-8,-2],[-3,-9],[9,-8],[-12,-13],[6,-8],[-20,-6],[-5,-12],[-22,-19]],[[45936,45276],[-13,-15],[-18,7],[-21,-4],[-11,-7],[-17,1],[-6,18],[-8,-1],[-24,23],[-22,9],[-29,-6],[-18,-11],[-2,-7],[-13,1],[1,-8],[-14,2],[-27,-10],[-8,-10],[-22,3],[-25,-18],[-13,0],[-22,-19],[-34,-16],[-14,-13],[-3,-12],[-9,-4],[-40,17],[-75,-10],[-44,-72],[45,-14],[-5,-12],[-50,-43],[-8,-13],[-37,20],[-26,-18],[-19,-2],[-25,-20],[-11,8],[-31,6],[-22,-4],[-111,31],[-27,-24],[-29,18],[-16,-5],[-15,-36],[-23,10],[-26,-35],[-10,-17],[4,-21],[-23,-26],[21,-34],[18,-7],[-47,-15],[-44,-3],[-17,-10],[-13,0],[-36,17],[-12,11],[-15,30],[-22,14],[-10,28],[7,39],[-94,52],[-11,12],[-12,35],[-61,1]],[[43708,45372],[-7,33],[-32,35],[8,115],[-17,29],[-75,23],[-52,6],[-78,30],[-7,62],[-17,28],[-59,13],[-46,19],[-7,14],[-13,9],[-40,7],[-23,-3],[3,35],[-9,32],[18,55],[21,20],[1,30],[-22,10],[-4,16],[-21,6],[-20,3],[-28,-5],[-40,8],[-39,-2],[-23,18]],[[43080,46018],[14,26],[24,24],[29,-12],[10,1],[44,-14],[14,1],[57,-26],[6,12],[15,11],[10,26],[32,33],[-5,6],[-33,-13],[-32,9],[13,28],[-13,11],[-25,4],[-12,-3],[-22,8],[-47,26],[-31,31],[7,16],[0,28],[7,-3],[13,7],[3,10],[19,11],[24,41],[18,7],[-2,22],[3,8],[5,0],[-6,12],[4,16],[-14,34],[5,5],[-9,9],[3,23],[12,5],[7,13],[13,5],[12,-5],[0,9],[16,0],[2,8],[6,3]],[[44447,46935],[31,5],[22,9],[19,-13],[7,8],[13,-8],[5,5],[61,-35],[13,31],[31,30],[25,83],[19,-4],[-5,-16],[21,-13],[29,-3],[23,4],[-3,21],[36,2],[9,10],[38,3],[6,14],[-17,28],[34,1],[42,-20],[3,11],[14,11],[20,4],[26,-18],[11,12],[11,-2],[26,-41],[15,1],[30,6],[13,19],[24,20]],[[45061,47836],[134,-6],[98,-10]],[[45293,47820],[8,-11],[38,-24],[11,-14],[2,-19],[-14,-11]],[[45338,47741],[-44,2],[-21,8],[-43,5],[-24,1],[-49,-12],[-69,12],[-23,-5],[-7,-10],[-56,-26],[-3,24],[-37,17],[-31,27],[-23,-9]],[[44908,47775],[-18,26],[-26,-10]],[[44864,47791],[-15,35],[4,21],[11,16]],[[61083,41090],[22,-18],[-6,-3],[1,-17],[10,-8],[-7,-7],[-3,-20]],[[60454,40347],[-29,-19],[-14,-27],[-23,9],[-71,-108],[-18,-15],[-20,-28],[-26,-56],[-28,-41]],[[60225,40062],[-22,11],[-40,32],[-15,20],[-52,44],[-25,36],[-112,82],[-22,33],[4,30],[7,19],[9,1],[2,11],[28,-4],[37,18],[-11,16],[-24,11],[0,8],[-25,13],[3,20],[7,0],[19,20]],[[59993,40483],[13,15],[-1,17],[5,4],[-7,12],[3,5],[-8,25],[11,6],[7,54],[21,20],[11,30]],[[60048,40671],[37,-11],[29,8],[14,-5],[23,3],[8,-6],[2,-18],[18,4],[39,-5],[11,4],[-4,46],[-11,12],[10,35],[-6,9],[-19,9],[-1,8],[-30,11],[1,7],[-9,6],[2,16],[-25,13],[8,19],[-12,18],[6,21]],[[60139,40875],[6,14],[13,10],[29,-20],[17,15],[18,-6],[10,2],[7,-13],[15,-10],[4,9],[10,-4],[9,4],[24,-11],[2,-8],[13,5],[9,-5],[6,-19],[6,-5],[-20,-8],[-4,-8],[16,-32],[25,-6],[30,8],[10,25],[38,23],[16,16],[3,20],[-9,0],[-42,26],[-3,68],[-12,4],[-9,-5],[-10,6],[-11,17],[2,20],[20,2],[24,16],[8,0],[6,5],[-2,9],[10,2],[15,20],[14,-6],[9,4],[7,-2],[3,8],[11,-2],[26,8],[18,-13],[11,0],[3,-8],[13,-1],[24,5],[4,9],[17,7],[1,6],[-8,7],[4,11],[23,6],[0,15],[12,1],[42,38],[-3,28],[-22,29],[3,20],[-8,13],[5,8],[-3,9],[15,15],[31,-1],[28,-15],[5,4],[-3,12],[21,-2],[41,5],[11,6],[11,-14],[-3,-26],[34,-29],[-7,-10],[23,-19],[30,-8],[35,10],[27,-4],[18,-16],[-5,-7],[46,-29],[-5,-6],[23,-10],[-4,-4],[22,-2],[10,-29],[35,8]],[[58325,41955],[72,-22],[-10,-13],[-2,-11],[-1,-70],[18,-3],[14,-11],[11,0],[15,-12],[11,-20],[27,-9],[20,-1],[15,-7],[18,1],[26,-12],[2,-10],[12,-7],[43,5],[34,10],[36,-7],[-20,-53],[-6,-56],[20,-92]],[[58680,41555],[0,-29],[6,-18],[-9,-5],[10,-20],[65,-66],[28,-23],[42,-20],[73,-28],[30,-6],[59,2],[49,14],[59,7],[98,112],[69,-7],[28,6],[30,-1],[12,13],[8,1]],[[59337,41487],[30,-29],[5,-14],[55,-33],[4,-6],[-4,-11]],[[59427,41394],[-9,-5],[-6,-33],[17,-29],[69,-34],[27,5],[7,-10],[11,-5],[0,-6],[8,0],[12,-14],[14,-2],[8,-8],[23,-31],[1,-16],[-23,-35],[-41,-31],[-17,-24],[-28,-21],[-104,3],[-53,10],[-16,-8],[3,-7],[-27,-11],[-3,-8],[-41,-15],[-19,1],[-16,-5],[-4,-25],[6,-4],[1,-30],[-10,-52],[26,-7],[24,-20]],[[57745,41812],[16,9],[15,26],[47,22],[32,27],[-6,14],[-5,1],[-4,20],[6,2],[24,36],[-12,36],[1,10],[7,2]],[[49624,48867],[-86,10],[-43,1],[1,-20],[-13,0],[-15,-28],[-9,4],[-10,-3]],[[49449,48831],[-24,12],[-24,20],[-47,18],[-12,-2]],[[49342,48879],[-3,3],[98,52],[58,47]],[[49495,48981],[9,-8],[22,4],[15,-6],[23,-26],[28,-10],[13,-11],[10,-1],[18,-28]],[[47738,47843],[-23,-10],[2,-5],[-12,-7],[6,-17],[21,-6],[4,-9],[-3,-10],[-25,2],[-34,-3]],[[47492,47845],[-7,65],[5,1],[2,-7],[27,10],[-5,8],[14,8],[2,18],[78,16]],[[47608,47964],[28,-28],[46,-34],[56,-59]],[[47997,47599],[-31,16],[-21,5],[-114,-4],[-1,19],[-13,4],[0,-4],[-25,-7],[-25,18],[-28,9]],[[47739,47655],[-10,12],[-31,12],[-11,10],[-21,6],[-7,16],[8,12],[-1,13],[-15,0]],[[47738,47843],[55,-43]],[[45298,36768],[12,-27],[1,-36],[7,-17],[30,-40],[33,-22],[45,-12],[40,7],[19,31],[-3,13],[-12,13],[21,12]],[[45491,36690],[14,-30],[3,-32],[-10,-33],[-16,-24],[-29,-23],[-30,-12],[-102,-10],[-4,-13],[11,-12],[-15,-5],[-3,-16],[-36,-31],[-31,-12],[-83,-16],[-42,-14],[-39,-21],[-53,36],[8,9],[-16,10],[-11,-9],[-8,8]],[[44999,36440],[57,47],[18,30],[11,32],[14,129],[18,76]],[[45117,36754],[88,31]],[[45205,36785],[26,9],[23,0],[24,-9],[20,-17]],[[47017,34208],[10,-15],[41,-36],[27,4],[68,22],[53,-6],[25,-21],[18,-6],[-5,-8],[5,-23],[-14,-5],[-3,-52],[29,-16],[8,16],[25,5],[25,-10],[-33,-7],[-14,-11],[-10,-70],[-34,-65],[-9,-29],[-25,-26],[5,-12],[-18,-12],[36,-47],[30,-66],[37,-46],[109,-72],[28,-11],[40,-6],[5,-16]],[[47476,33561],[-122,-3],[-33,9],[-19,21],[-22,13],[-45,6],[-32,-4],[-29,16],[-37,7],[-21,-7],[-6,-7],[-51,-14],[-15,7],[-45,-9],[-37,1],[-20,-19],[-36,4],[-52,-24],[-4,-5],[26,-29],[53,-84],[0,-21],[-5,-10],[-36,-28],[-11,-2],[-42,5],[-30,25],[-33,48],[-17,17],[-38,16],[-27,5],[-35,-4],[-34,-22],[-9,-8],[-20,-41]],[[46592,33420],[-37,-88],[-73,-22],[-76,-36],[-35,-65],[-12,-9],[-41,3],[-11,-6],[-7,2],[-33,24],[-34,43],[-12,4],[13,-33],[-4,-21],[-29,-39],[-26,-23],[-7,7],[-29,-33],[-44,-110],[-16,-21],[-23,-12]],[[46056,32985],[-45,-1],[-36,13],[-13,22],[4,56],[-8,20],[-23,17],[-74,33],[-65,10],[-65,1],[0,7],[-18,4],[-16,10],[-37,3],[-3,12],[-48,-35],[7,-6],[-10,-50]],[[45480,33298],[22,-45],[26,-74],[4,-31],[-3,-33],[77,-14]],[[46712,37353],[-15,-28],[-51,-23],[-59,0],[-3,7],[-13,1],[-32,-8],[-11,2],[-79,-10],[-28,-8],[-33,1],[-7,-15],[-1,-40],[-46,-4],[-26,-12],[17,-12],[11,-16],[11,-38],[15,-23],[22,-61],[-13,-3],[7,-12],[11,4],[25,-25],[3,-11],[29,-27],[-42,-34],[-7,-13],[-33,-13],[-4,-17],[-11,-8],[7,-5],[-8,-2],[4,-15],[-17,0],[-36,-46],[7,-18],[-15,-34],[15,-17],[-7,-13],[4,-6],[-5,-14],[-12,-7],[0,-10],[-17,1],[1,-12],[20,-7],[-7,-16],[-5,-3],[1,-11],[-22,-19],[-14,1],[-9,-7],[44,-60],[-22,2],[-33,11],[-26,25],[-36,-7],[-7,4],[-3,15],[8,9],[-6,9],[12,14],[-4,22],[12,17],[10,1],[2,7],[-12,3],[-5,18],[-13,-1],[-21,23],[-23,-5],[-15,14],[5,7],[-6,14],[-5,-1],[-5,-13],[-7,0],[3,13],[-19,5],[-11,-1],[-8,-10],[-11,5],[9,19],[-15,10],[-13,0],[3,6],[-20,27],[0,22],[-11,19],[-19,1],[-4,3],[6,29],[-15,7],[-27,27],[-11,4],[-60,-24],[-14,9],[-33,-9],[-15,2],[-2,-14],[-9,-2],[-10,8],[-9,-11],[-7,8],[-16,3],[-16,17],[-16,-1],[-28,6],[-2,7],[-17,4],[-33,21],[-1,12],[-26,8],[-1,9],[8,2],[7,-5],[3,10],[-22,6],[1,7],[14,4],[-11,10]],[[45600,37048],[-5,11],[10,14],[-9,8],[6,3],[9,-5],[11,10],[-47,-8],[-4,5],[11,17],[40,14],[8,15]],[[45630,37132],[15,-1],[14,9],[24,-4],[12,9],[16,25],[46,138],[-4,41],[-27,44],[-40,-7],[-5,5],[-15,0],[-2,6],[12,9],[-8,3]],[[45668,37409],[4,10],[67,12],[16,-38],[26,16],[19,-27],[29,24],[-3,8],[11,3],[17,16],[11,-2],[8,5],[12,-16],[20,11],[11,16],[24,1],[21,37],[19,5],[28,21],[2,20],[-9,2],[-28,32],[-9,3],[3,22],[-10,9],[3,6],[-11,7],[-3,11],[-13,3],[-8,8],[2,8],[-7,12],[18,16],[13,28],[-10,9],[6,2],[0,20],[-11,17],[2,31],[-14,12],[-22,9],[-14,28],[3,23],[16,21],[31,20],[-1,31],[11,1],[-2,24],[6,22],[22,20],[-1,10],[33,32],[20,2],[19,13]],[[54487,42452],[9,-13],[-2,-15],[-28,-1],[-2,-14],[9,-7],[-4,-9],[9,1],[-33,-52],[-9,-27],[-9,-1],[5,-18],[-3,-11],[-14,-12],[-32,3],[-41,-18],[-3,-10],[-22,24],[-6,-15],[0,-32],[-13,-15],[3,-21],[13,-13],[-21,-10],[2,-16],[-7,-12],[15,-23],[18,-14],[-4,-39],[10,-5],[29,3],[-16,-46],[32,-32],[10,-53],[-78,-26],[-124,-17],[-61,-18]],[[54119,41868],[-46,-12],[-70,-10]],[[54003,41846],[8,12],[-25,37],[-6,1],[-9,38],[-26,24],[9,21],[-21,45],[-24,48],[-28,30],[-15,32],[-21,-24],[-14,-25],[-13,9]],[[53818,42094],[-3,3],[9,10],[-59,41],[-17,-7],[-45,29],[-63,0],[-28,15],[-18,2]],[[53594,42187],[42,65],[43,38],[44,34],[48,12],[58,7],[44,40],[-8,20]],[[53865,42403],[35,13],[29,-22],[14,-25],[10,-3],[24,4],[0,-12],[11,1],[14,-32],[34,-10],[33,1],[22,14],[44,9],[14,16],[-1,18],[33,25]],[[54181,42400],[26,23],[54,8],[4,-6],[10,4],[27,-10],[38,17],[11,18],[13,7],[10,1],[9,-8],[2,4],[30,0],[17,46],[55,-52]],[[53281,41336],[7,-2],[13,6],[-5,7],[10,5],[12,-6],[-3,-5],[13,-2],[4,5],[11,-2],[-1,4],[38,0],[-5,16],[28,15],[9,-4],[19,9],[2,-3],[-12,-8],[10,-18],[-5,-4],[7,-13]],[[53433,41336],[-75,-84],[-15,-2]],[[53226,41262],[-15,11],[-56,-12],[-20,13],[-13,-5],[-4,10],[-18,-1],[-5,16],[-17,-15],[-3,5],[-19,-9],[-4,12],[-4,-2],[-14,10]],[[53034,41295],[109,117]],[[53143,41412],[33,-28],[48,-12],[29,-13],[28,-23]],[[58476,46723],[-102,-36],[17,-23],[26,-17],[9,-14],[-24,-60],[-29,-46],[6,-23],[13,-14],[15,-34],[19,-28],[-60,-39],[-12,-41],[31,-9]],[[58385,46339],[-57,2],[-37,15]],[[58090,46508],[-20,9],[-64,1],[9,43],[-14,1],[15,11],[-10,5],[6,10],[-24,10],[15,21],[32,-13],[14,5],[-8,12],[-2,20],[-173,-13]],[[57866,46630],[4,9],[14,8],[3,36],[23,32],[20,18],[21,34],[27,19],[67,-13],[13,9],[-3,9],[27,0],[47,-22],[47,-3],[29,-17],[17,-27],[-1,-37],[19,-10],[36,-2],[49,25],[22,3],[34,18],[4,14],[12,9],[32,13],[12,-1],[35,-31]],[[53278,54493],[19,-13],[11,-44],[-4,-5],[14,-15],[2,-12],[12,-8],[-2,-6],[9,-11],[14,-6],[2,-7],[12,3],[37,-31],[25,-11],[23,4],[61,-8],[27,22],[-6,12],[7,17],[-8,20],[-25,13],[8,15],[-2,12],[14,-6],[15,25],[-9,5],[61,36],[-5,10],[26,11],[49,2]],[[53673,54517],[36,-81],[3,-47],[25,-85],[18,-103],[17,-37],[-4,-15],[-14,-13],[65,-35],[21,1],[7,-5]],[[54702,52641],[-47,-46],[-57,1],[-24,14],[-22,-29],[-108,17],[-23,-6],[-32,-1],[-49,-15],[13,-48],[-21,-7],[-5,4],[-27,-18],[-26,-8],[-22,9],[-5,27],[-8,4],[-4,-3],[-7,7],[-7,-5],[-11,5],[-24,-17],[-24,0]],[[54162,52526],[-3,38],[-8,18],[-49,20],[-51,46],[-46,29],[-49,51],[-13,27],[-79,89],[-35,32],[-24,46],[5,31],[-11,25],[16,4]],[[53815,52982],[155,-35],[11,7],[3,-10],[36,-21],[-3,-8],[59,-39],[-22,1],[-1,-11],[26,-62],[33,-24],[-6,-15],[6,-17],[-8,-18],[6,-21],[96,-2],[10,3],[-14,34],[36,27],[10,-12],[10,-1],[42,14],[-9,14],[2,43],[-7,4],[0,21],[56,11],[10,8],[14,-41],[12,-9],[23,-6],[13,-14],[25,-49],[22,12],[20,39],[14,2],[63,52],[-2,-18],[17,-4],[0,-9],[15,0],[1,10],[10,-5],[4,-14],[-11,-6],[5,-9],[13,-6],[2,-15],[-5,-9],[7,-10],[-3,-10],[14,-11],[-4,-3],[3,-10],[36,-12],[-7,-58],[26,-12],[20,1],[3,-8]],[[57132,47692],[-21,-57],[10,-39],[-1,-82],[5,-11],[9,-5],[39,6],[19,8],[24,27],[51,14],[42,-4],[76,-23],[37,-19],[31,-41],[3,-8],[-8,-10],[-1,-27],[19,-21],[6,-39],[28,-29],[-12,-10],[-7,-16],[-19,-3],[4,-18],[-4,-10],[-17,8],[-31,4],[-3,-24],[-21,-32],[1,-28],[22,-42],[16,3],[10,-5],[3,-31],[-20,-37],[-3,-19],[-59,-28],[-14,-21],[5,-15],[-9,-20],[-77,-88],[-43,2],[-42,-6],[-56,15],[-28,0],[-54,23],[-6,12]],[[57036,46946],[-17,6],[-48,56],[-43,26],[-12,-18],[-27,-22],[6,-10],[-4,-9],[-5,3],[-18,-14],[-11,-2],[-3,-8],[-26,-11],[-58,-10],[-63,65],[-60,50],[-52,31],[-57,73],[-22,20],[-82,36],[-28,-2],[-19,12]],[[56238,47701],[32,27],[22,29],[6,-2],[10,5],[19,26]],[[56327,47786],[50,-10],[12,22],[17,0],[50,-18],[27,-2],[36,-11],[21,-24],[51,-35],[102,-32],[-35,-39],[55,-27],[26,-6],[57,35],[8,17],[13,10],[11,1],[14,11],[37,10],[0,8],[12,2],[10,9],[31,13],[46,3],[7,5],[21,0],[2,6],[23,-5],[1,-6],[18,-3],[2,-7],[21,-5],[23,-16],[19,-4],[17,4]],[[56039,46998],[34,-30],[18,-41],[64,-10],[-16,-39],[76,-48],[119,-48],[-18,-15],[-16,-30],[-7,-22],[8,-9],[1,-28],[-54,-15],[-18,-17],[2,-5],[-7,-6],[-58,-28],[43,-43],[35,-52],[-8,-26],[3,-9],[-16,-19],[-1,-17],[-5,-3],[2,-44],[6,-19],[-17,-51],[1,-24],[13,-29],[9,-38],[-2,-23],[-15,-45],[4,-28],[-4,-35]],[[56215,46102],[-110,43],[-47,-14],[-60,-9],[-16,-10]],[[55982,46112],[7,68],[-22,8],[-64,-1],[-54,34],[-32,10],[-8,-9],[-37,23],[-10,-1],[-26,22],[-17,4],[0,9],[-20,16],[18,12],[-7,7]],[[55710,46314],[7,27],[6,0],[6,7],[-1,10],[11,15],[-10,8],[4,6],[-4,10],[17,12],[12,29],[9,4],[-1,19],[17,4],[6,11],[-19,15],[7,32],[-11,18],[-27,-2],[-39,-17],[-96,-8],[-29,-7],[-60,1],[-21,23],[9,1],[1,7],[-19,13],[-13,70],[3,34],[-7,21],[1,29],[23,5],[-14,22],[-1,13],[-22,-2],[-28,17],[-22,-15],[-25,-1],[-33,42],[-46,34]],[[55301,46821],[157,129],[21,31],[41,39],[69,97],[56,38],[35,35],[-83,35],[-36,25]],[[54816,47612],[-1,-66],[-10,0],[-1,-29],[-6,0],[3,-14],[14,-8],[-8,-3],[7,-11]],[[54814,47481],[-1,-109]],[[54813,47372],[-81,16],[-77,-30],[-6,15],[-12,-2],[-22,22],[-6,10],[2,7],[-52,10]],[[54559,47420],[11,36],[35,22],[20,22],[12,26],[8,48],[-26,34],[37,0],[48,20],[17,0],[58,-22],[37,6]],[[55909,51165],[19,-11],[19,-25],[13,-2],[20,7],[27,-20],[-3,-31],[4,-8],[11,-3],[15,11],[6,-3],[11,-51],[31,-43],[1,-4],[-9,-6],[-30,2],[-14,-10],[3,-16],[16,-20],[-16,-8],[-15,-26],[6,-7],[19,0],[6,-6],[-4,-8],[-13,-9],[24,-15],[0,-8],[-10,-12]],[[56046,50833],[-16,4],[-11,-12],[-22,3],[-33,-28],[-22,-30],[-72,3],[-26,-5],[-111,21],[-7,-12],[-96,-26],[0,-4],[-76,5],[-22,3],[-68,27],[-18,1],[6,-8],[-13,-2],[-52,1],[-61,20],[-37,-4],[-43,12],[-4,16],[-62,-7],[-19,5],[-12,8],[1,41],[-7,25],[36,10],[33,16]],[[55212,50916],[163,68],[51,6],[49,-7],[8,7],[21,43],[-11,35],[12,27],[43,42],[18,24],[14,-21],[42,18],[-10,16],[40,16],[5,-2],[21,14],[2,7],[57,-9],[64,-31],[60,-8],[48,4]],[[58463,50253],[54,-3],[13,17],[29,11],[9,-2],[5,-27],[-25,-15],[33,-35],[35,-4],[0,-27],[24,-9],[20,-23]],[[58314,49955],[-16,1],[-69,-12],[-14,20],[-79,30],[-148,102],[-27,32],[-35,59],[-22,73],[17,-3],[35,-28],[87,-25],[-10,32],[8,27],[-5,31],[20,-13],[9,0],[7,7],[5,-5],[5,5],[12,-8],[6,6],[8,-4],[-2,7],[7,-2],[5,5],[23,7],[-5,21],[17,-4],[8,-12],[18,6],[-3,7]],[[58463,50253],[-21,5],[-37,36],[-24,6],[-9,9],[-41,-8],[-99,19],[-56,-3]],[[52044,42912],[25,-121],[47,9],[106,-4],[18,8],[-2,23],[127,-18],[68,-72],[12,-17],[-3,-7],[19,-22],[-12,-8],[14,-10],[-39,-25],[-21,-23],[-5,1],[-8,-21],[-39,6],[-32,-51],[20,-2],[-18,-25],[52,-34],[0,-7],[16,-19],[-2,-6],[29,-20],[-19,-15],[-13,-29],[17,-13],[33,-55],[50,-133],[15,-21],[12,-103],[-5,-6],[8,-3],[22,-42],[-1,-8],[-9,-6],[-4,-29],[3,-11],[19,-23]],[[52327,41794],[-25,-27],[-34,-7],[-14,-20]],[[52254,41740],[-38,-26],[-27,20],[-5,-2],[-25,-44],[-13,-36],[-7,-46],[8,-30],[-30,-29],[-8,-23],[-15,-9],[-3,-9],[5,-30],[-19,-2],[-28,-12],[-41,-45],[-15,-26],[-38,-26],[1,-69],[-5,-18],[6,-12],[8,-3],[-28,-19],[-48,0],[-19,-10],[-9,53],[7,81],[19,54],[13,12],[16,51],[-35,2],[-8,-6],[-11,0],[-33,7],[-16,-8],[-24,-4],[-19,-12],[-28,-5],[-27,-14],[-39,-5],[0,52],[-25,25],[-2,19],[-10,11],[4,14],[4,-2],[4,9],[-4,7],[8,-1],[3,8],[-13,10],[-1,15],[-11,19],[-15,7],[-5,15],[-65,50],[-25,16],[-25,7]],[[51498,41721],[4,36],[-8,50],[-26,13],[-5,29],[-33,20],[4,10],[-19,15],[-101,58],[-122,29],[-42,0]],[[51150,41981],[-5,9],[15,8],[50,63],[70,50],[-36,57],[-5,23],[35,7],[22,19]],[[51296,42217],[6,12],[15,-1],[6,7],[13,0],[2,24],[14,-1],[-3,20],[21,37],[-20,7],[18,30],[18,8],[14,14],[0,10],[-23,12],[7,3],[-14,15],[22,13],[-40,30],[-12,42]],[[51317,42604],[5,77],[-8,20]],[[51314,42701],[-18,11],[18,11]],[[51314,42723],[176,83],[41,28],[0,21],[-22,49],[31,6],[20,15],[13,44],[1,23],[26,11],[54,-11],[79,84]],[[53684,38767],[-23,9],[-23,-2],[-15,3],[-2,-9],[-8,-5],[-29,-6],[-8,-8],[-29,0],[-5,-6],[-41,-12],[-12,-21],[-24,-4],[-11,-8],[-8,4],[-17,-13],[5,-6],[-1,-13],[-20,-7],[-5,-21],[7,1],[7,-6],[-8,-6],[-4,-24],[-10,-2],[-2,-5],[-8,1],[-8,-8],[-5,4],[-19,-8],[0,-4],[-14,-1],[-2,-10],[-9,2],[-13,-16],[-4,3],[-11,-3],[-5,-19],[-6,-3],[20,-36],[-4,-10],[9,-2],[1,-29],[-6,-10],[8,-3],[-1,-9],[7,-10],[-9,-7],[9,-17],[-365,-11],[-46,-7],[-19,-6],[-7,-11],[16,-41],[-18,-25]],[[52889,38304],[-38,14],[-23,-3],[-9,10],[11,15],[7,23],[-13,14],[-18,6],[-1,9],[-12,10],[4,4],[-8,3],[7,12],[-3,10],[28,19],[4,15],[11,7],[4,12],[-1,9],[-28,23],[-5,10],[-11,6],[-9,-1],[-60,-14],[-10,-8],[-11,3],[-25,-5],[-10,9],[-13,0],[-7,10],[-48,13],[-17,10],[-1,17],[-13,11],[-23,-2],[8,-12],[-28,1],[-28,65],[-30,35],[-35,61],[-30,40],[-15,52],[-22,-4],[-48,-1],[-39,12],[-28,-26]],[[52253,38798],[-8,24],[5,17],[-56,10],[-19,-6],[1,-20],[-12,1],[-1,18],[-51,-8],[-30,-14],[-18,1],[-43,63],[-12,44],[-21,33],[-12,2],[2,12],[-74,9],[8,28]],[[51912,39012],[32,124],[13,76],[30,62]],[[51987,39274],[1,2]],[[51988,39276],[42,-32],[58,31],[8,10],[12,-40],[68,13],[-7,-14],[43,4],[6,-19],[47,13],[5,-32],[42,6],[41,0],[1,-3],[38,13],[36,19],[55,-62],[86,-27],[4,3],[11,-8],[32,-6],[54,23],[22,-9],[3,5],[31,12],[7,9],[29,2],[3,8],[42,-27],[40,0],[-14,11],[-1,8],[-6,-6],[-10,18],[5,0],[7,34],[14,0],[15,26],[20,2],[9,11],[44,23],[12,13],[55,8],[29,-8],[26,8],[31,0],[0,11],[66,26],[19,16],[-2,30],[-22,23],[10,45],[-23,31],[31,20],[3,18],[18,-2],[10,5],[33,0],[43,-12],[21,4],[15,-3],[27,42],[45,56],[38,32],[10,22]],[[54541,37362],[-17,-28],[7,-14],[-20,-23],[0,-14],[-12,-5],[4,-6],[-9,-39],[-25,-41],[4,-14],[-11,-17]],[[54462,37161],[-10,-39],[-8,-6],[0,-33],[-34,-3],[-61,6],[-93,15]],[[54477,37774],[42,-41],[58,-72],[-1,-22],[-30,-68],[5,-20],[-15,-13],[0,-32],[-35,-103],[6,-18],[34,-23]],[[55568,37118],[23,-4],[7,-6],[-41,-20],[-18,-2],[33,-77],[82,14],[26,-48],[18,-86],[-5,-41],[-20,-41],[23,-9],[3,-9],[10,3],[3,-7],[11,5],[2,-4],[23,1],[42,-42],[74,-54],[109,-47],[53,0],[-3,-7],[23,-26],[6,-28],[33,-17],[-5,-24],[9,-8],[4,-14],[-19,-59],[1,-12],[15,-6],[5,5],[48,-19],[-15,-30],[-115,-112],[18,-92],[-3,-41],[-16,-57],[5,-34],[-46,-40]],[[55062,36656],[53,-30],[71,-63],[84,-51],[62,-51],[41,-23],[36,-33],[70,-43],[35,-28],[35,-16],[77,-107],[61,-8],[-18,-52],[21,-18],[6,-12],[20,2],[34,-26],[5,-9],[24,-8],[45,-30],[47,-13],[34,12],[7,-6],[7,2],[24,-20],[16,6],[12,-8]],[[55062,36656],[-119,56],[-86,24],[-138,51],[-3,13],[17,9],[54,63],[40,58],[46,45],[5,9],[-24,15]],[[54854,36999],[13,8],[4,91],[-7,26],[63,26],[75,54]],[[55002,37204],[-9,16],[10,12],[-1,16],[59,97],[15,-9],[59,-16],[-3,-5],[35,-9],[8,12],[18,8],[6,11]],[[55002,37204],[-60,94],[-26,31],[-57,31],[-49,55],[-12,-23],[-21,5],[-28,15],[2,8],[-9,7],[-20,1],[-12,-15],[-12,6],[-14,-11],[-6,5],[-27,-28],[-18,-7]],[[54633,37378],[-41,-17]],[[54592,37361],[2,27],[25,56],[30,26],[6,27],[57,-10],[43,56],[36,0],[0,18],[27,14]],[[51439,39205],[66,-156],[35,9],[10,-10],[-1,-11],[7,-9],[12,-48]],[[51568,38980],[-94,45],[-55,4],[-48,15],[-19,-32],[24,-15],[-8,-12],[-18,-4],[3,-6],[-11,-4],[35,-55],[12,-32],[-14,-1],[-6,-11],[-14,-8],[5,-12],[-11,-3],[-8,-27],[-22,-4]],[[51241,39123],[-27,17],[-18,18]],[[51196,39158],[-46,45],[-20,38],[-47,58],[4,31],[32,50]],[[51119,39380],[16,-7],[6,7],[56,-86],[46,16],[22,-69],[26,-52],[27,9],[35,24],[38,10]],[[54637,41320],[47,-74],[-17,-17],[-20,-4],[-8,-15],[-34,-29],[-39,-20],[44,-13],[37,-21],[11,-16],[7,-2],[-3,-25]],[[54662,41084],[-24,-2],[-2,12],[-29,-7],[-14,13],[-80,-48],[2,-15],[-29,-17],[-33,-16],[-7,6],[-44,-11],[-13,-10]],[[54239,41074],[-15,19],[16,16],[34,11],[48,-25],[65,78],[-11,33],[110,-5],[5,6],[-4,10],[7,5],[-2,4],[21,23],[-4,13],[10,1],[10,-13],[15,23],[9,34],[30,-19],[11,18],[20,18],[23,-4]],[[49954,38053],[8,-12],[25,-14],[-27,-11],[5,-13],[14,6],[5,-9],[-10,-5],[1,-14],[4,1],[-9,-19],[-1,-17],[5,-2]],[[49974,37944],[-2,-15],[10,-27],[-12,9],[0,-4],[-27,-14],[-22,22],[19,-33],[4,-27],[-6,-10],[2,17],[-10,17],[-14,12],[6,-29],[-10,-23],[-22,-14],[-22,-7],[-6,-147]],[[49792,38138],[24,-25],[5,-17],[39,-27],[18,6],[7,-8],[55,36],[3,-11],[9,1],[9,-31],[-11,-3],[4,-6]],[[48932,42101],[-8,-11],[8,-4],[-2,-14],[-13,-32],[14,-30],[20,-26],[1,-9],[7,-1],[2,-8],[9,-11],[-3,-9],[5,-2],[-1,-19],[-28,-39],[0,-11],[-43,-45],[-24,-12],[-31,-40],[0,-35],[13,-23],[6,-24],[-3,-8],[-10,-6],[11,-16],[-25,-63],[-27,-32],[15,-10],[5,-14],[25,-28],[3,-9],[-63,-12],[-30,-31],[-55,-10],[-7,-23],[3,-18],[-18,-14],[-20,-44],[30,-24],[32,4],[36,-8],[16,-8]],[[48782,41322],[-23,-41],[-14,1],[-25,-28],[9,-19],[1,-22],[22,-16],[14,4],[18,-7],[9,17],[29,7],[19,-3],[17,-24],[16,-4],[16,-10],[21,-3],[15,-35],[54,-8],[1,-18],[12,-5],[-3,-12],[14,-23],[47,5],[-18,-15],[-9,-21],[-24,-1],[-21,-14],[2,-11],[10,-2],[16,-11],[-12,-33],[-1,-23],[6,-8],[-17,-9],[7,-31],[-13,-14],[4,-34],[-15,-7],[-9,-31]],[[48957,40813],[-9,-14],[-14,-8],[-22,-4],[-17,4],[-16,-16],[-12,6],[-4,13],[16,24],[-1,20],[-6,2],[-11,-4],[-89,40],[-34,29],[-62,32],[-10,13],[3,47],[-5,19],[-78,8],[-66,-4],[-70,13],[-10,15],[37,26],[-10,24],[-12,6],[-48,8],[-43,19],[-44,6],[-30,16],[-35,10],[-26,17],[-39,6],[-57,66],[-30,-12],[-35,-1],[-21,-16],[-11,-2],[-32,16],[-27,0],[-10,-4],[-23,-26],[-29,-5],[-28,12],[13,31],[-8,18],[-44,10],[-26,-3],[-19,-11],[-14,-28],[-96,-17],[-25,-15],[-39,-82],[-19,-12]],[[47610,41105],[-58,-4],[-12,27],[-54,25],[-12,13],[-10,25],[-62,35],[-36,-14],[-26,-22],[-26,-6],[-15,-18],[-12,-6],[-73,17],[-5,-7],[6,-18],[-4,-10],[-34,14],[-25,-11],[-26,-4]],[[47126,41141],[2,20],[7,2],[-19,16],[0,8],[15,10],[4,15],[-5,5],[1,15],[-6,11],[-14,5],[-10,23],[9,9],[-2,15],[9,5],[8,14],[-15,17],[0,8],[16,13],[0,15],[13,10],[5,13],[-9,21],[13,44],[-10,27],[-8,8],[2,20],[19,6],[16,14],[28,13],[19,-11],[14,6],[38,39],[23,2],[12,23],[19,21],[71,35],[25,21],[-2,17]],[[54706,41319],[-5,-14],[-23,11],[-41,4]],[[53433,41336],[161,146]],[[53594,41482],[148,139],[-3,4],[81,78],[-3,4],[52,39],[19,10],[11,-2],[42,25],[30,26],[32,41]],[[54119,41868],[29,-36],[44,-97],[31,3],[49,-9],[21,-12],[4,-10],[28,-13],[56,16],[21,-10],[38,-7],[19,-8],[11,2],[14,-5],[2,-7],[19,-5],[24,3],[16,-8],[6,5],[7,-10],[-2,-20],[-12,-2],[4,-17],[-10,-4],[4,-14],[-10,-6],[3,-14],[-5,-18],[11,-8],[4,-21],[-5,-9],[-13,0],[12,-11],[-5,-15],[37,-34],[7,1],[14,-9],[10,2],[5,-11],[10,-6],[-5,-12],[20,-3],[-9,-25],[22,-9],[-3,-13],[19,-28],[10,-11],[11,-4],[-4,-4],[6,-6],[16,2],[0,-9],[6,-3]],[[50203,41636],[-22,-10],[-20,-3],[-16,-20],[-31,-20],[-32,-8],[-37,-28],[-7,-27],[13,-4],[17,-22],[28,-10],[-28,-23],[-16,-46],[-14,-13],[-3,-23],[-12,-17],[22,-8],[-4,-10],[-51,-44]],[[49990,41300],[-8,-6],[-27,-6],[-10,-11],[-54,-9],[-39,22],[-71,8],[-23,-5],[-58,-16],[-9,-12],[-66,-38],[-15,-15],[-47,-9],[-31,51],[-12,3],[-30,-12],[-24,0],[-24,40],[12,9],[3,11],[-4,12],[12,11],[0,13],[12,12],[2,32],[13,15],[-9,4],[-23,-4],[-37,-24],[-13,2],[-44,-18],[-20,2],[-51,-27],[-29,-5],[-24,-19],[-61,11],[-39,51],[-64,30],[-5,-45],[-108,14],[-14,10],[-10,-6],[0,-9],[-11,-11],[-6,-24],[-23,-1],[-8,8],[-18,4],[-4,-5],[-51,-3],[-38,-13]],[[53100,45156],[12,-68],[0,-67]],[[53112,45021],[-5,-25],[12,3],[-15,-30],[-13,4],[-7,-21],[13,-4],[-22,-56],[-37,23],[-3,-2],[8,-33],[18,-12],[-7,-13]],[[52949,44851],[-22,88],[-46,6],[-44,62],[-22,-7],[-23,2],[-17,-7],[-4,9],[-20,8],[-46,-10]],[[52705,45002],[-3,3],[14,4],[-2,7],[8,-5],[15,5],[-18,36],[-23,-1],[-9,8]],[[52915,45183],[6,-16],[26,15],[18,23],[34,-5],[9,10],[1,35],[7,24],[13,7],[21,-2],[34,-64],[16,-54]],[[60275,42997],[-1,-108],[-10,-71],[-2,-68]],[[60262,42750],[-7,3],[-18,-122],[14,-35],[33,-26]],[[60284,42570],[-361,83]],[[59923,42653],[-74,15],[-26,13],[-21,19]],[[59802,42700],[38,33],[24,-3],[21,7],[-10,20],[6,28],[16,23],[36,23]],[[60002,42855],[19,-14],[120,125],[29,-35],[54,0],[25,26],[8,23],[6,-4],[7,21],[5,0]],[[51906,53156],[3,-43],[-75,-38],[-14,2],[-22,16],[-5,-2],[-10,-35]],[[51783,53056],[-14,-10],[9,-16],[-15,-5],[-15,-20],[-38,0],[-85,-32]],[[51625,52973],[-61,51],[-31,41],[-5,-3]],[[51528,53062],[-25,42],[-14,54]],[[51457,53305],[65,19],[0,5],[25,2],[20,-7]],[[51567,53324],[1,-21],[25,-4],[18,5],[9,-7],[35,14],[19,-16],[-3,-17],[31,0],[8,-6],[18,29],[24,10],[2,6],[23,16]],[[51777,53333],[10,-41],[-16,-14],[3,-4],[-4,-14],[17,-16],[6,4],[-11,11],[4,10],[34,13],[-5,12],[15,5],[-2,-18],[12,-22],[-5,-28],[34,-1],[2,-13],[19,-16],[16,-45]],[[56604,44476],[-52,-5]],[[56552,44471],[-103,2],[-99,-8],[-184,-38],[-101,-26]],[[55997,44582],[39,21],[41,8],[43,4],[54,-7],[7,66],[-26,28],[9,8],[7,-7],[33,18],[16,-19],[20,15],[8,1],[5,7],[-14,39],[16,8],[-1,14],[9,5],[32,67]],[[56295,44858],[16,0],[14,-23],[31,-24],[57,-24],[30,-2],[-6,-14],[19,-4],[30,2],[16,-6],[52,-5],[21,-10],[70,39],[130,-102],[13,-21],[4,-21],[-4,-23],[-11,-19],[-32,-25],[-102,-29],[8,-4],[-12,-35],[-37,-22],[2,-10]],[[52491,53089],[-20,-4],[-5,-12],[-21,-2],[-3,-5],[-26,6],[-10,-5],[-19,13],[-13,0],[-19,-11],[-8,6],[-34,-1],[-19,-13]],[[52135,53161],[57,94],[19,51],[-17,52],[-17,23]],[[52177,53381],[27,15],[34,4],[7,17],[10,-2],[-4,-12],[8,0],[22,17],[35,11],[12,9],[10,-6],[55,21],[33,3]],[[56215,46102],[89,-29],[96,-52],[26,-4],[52,-32],[13,-1],[27,-51],[-12,-17],[31,-22],[37,-37],[20,-61]],[[56594,45796],[-70,2],[6,-16],[-9,-5],[-10,5],[-16,-6],[-7,11],[1,8],[-117,-22],[-40,14],[-43,2],[-30,-5],[-35,-17],[-12,-10],[-15,-28],[4,-89],[-4,-29],[-19,-42],[-31,-21],[17,-33],[-12,-1],[-3,7],[-31,-7],[-78,-6],[-23,12],[-2,-3],[11,-30],[2,-54],[5,-6],[-24,-2],[3,-9],[-8,-2],[12,-16],[-6,-31],[-16,-30]],[[55473,45476],[15,11],[33,187],[40,72]],[[55561,45746],[20,30],[39,27],[-3,3],[52,45],[120,180],[64,45],[36,6],[87,32],[6,-2]],[[54626,42851],[-6,-21],[4,-10],[-42,-42],[11,-24],[-10,-18],[7,-10],[37,0],[-27,-47],[13,-23],[-12,-3],[5,-18],[-97,-39],[-32,-23],[12,-78],[9,-22],[0,-23]],[[54498,42450],[-11,2]],[[54181,42400],[15,92],[35,80],[-28,8],[-45,3],[141,186]],[[54299,42769],[25,34],[20,65],[29,46],[159,127]],[[54532,43041],[10,-25],[0,-41],[11,-19],[4,-48],[-20,-11],[-8,-14],[-25,-11],[-1,-44],[-10,-8],[-13,1],[18,-10],[64,25],[64,15]],[[55251,43753],[-81,-137],[46,-20],[0,-20],[-7,-17]],[[55209,43559],[-88,-86]],[[54610,43925],[16,28],[28,24]],[[55746,43130],[9,-2],[-23,-32],[6,-8],[-10,-22],[5,-4],[-5,-18],[11,-10],[-4,-2],[-1,-42],[34,-30],[19,-36],[-5,-20],[10,-8],[8,-18],[24,-19],[20,-41]],[[55608,42715],[-43,-1],[0,-42],[-68,4],[-6,-42],[-53,-2],[-43,77],[3,5],[-9,0]],[[55315,43108],[22,-6],[31,-18],[16,16],[89,35],[36,27]],[[55509,43162],[46,-14],[102,-18],[14,28],[24,7],[40,-3],[3,-7],[-8,-16],[16,-9]],[[53747,46953],[38,2],[22,-17],[12,-3],[1,6],[10,2],[13,-6],[21,3],[8,-3],[46,-4],[126,9]],[[54065,46912],[3,-17],[-27,-23],[-27,-44],[4,-2],[-62,-31],[-12,-21],[-37,-37],[-44,-8],[-52,10],[-16,14],[-20,9],[-38,-2],[-30,12],[-80,13],[-10,6],[-22,-7]],[[53595,46784],[-44,67]],[[53014,46199],[-34,-10],[-30,-21],[-40,-15]],[[52910,46153],[-39,-34],[-21,-32],[-61,-36],[-92,-42]],[[52697,46009],[32,65],[-13,93],[-29,80],[-29,31],[-16,2]],[[52642,46280],[9,2],[53,61],[10,38],[0,26],[27,14],[-23,19],[47,20],[31,26]],[[52796,46486],[-1,-9],[11,-19],[-6,-7],[10,-5],[4,-15],[0,-32],[31,-52],[20,-14],[58,-1],[26,-49],[17,-51],[22,-22],[16,2],[10,-13]],[[63576,40407],[-9,5],[-1,7],[8,1],[0,9],[-10,3],[2,6],[-12,6],[1,8],[-9,3],[7,13],[-10,18],[10,1],[-17,12],[5,9],[-15,1],[10,7],[-9,1],[5,12],[-5,5],[4,9],[7,3],[0,5],[-21,7],[2,16],[11,6],[-14,16],[8,11],[-14,19],[-15,5],[8,3],[-6,11],[10,10],[-4,20],[5,21],[-5,0],[-12,12],[4,15],[-9,0],[8,9],[-7,1],[-15,22],[-28,19],[1,-11],[-7,5],[-6,-4],[-14,3],[3,6],[-17,-8],[-2,6],[-9,1],[13,6],[-10,5],[-1,6],[-9,-7],[-17,9],[24,66],[37,15],[-2,47],[31,4],[0,41],[20,15],[11,21],[9,1],[3,5],[25,4],[0,42],[41,2],[5,22],[21,28],[35,25],[25,53],[15,19]],[[63379,40168],[8,4],[-1,10],[11,8],[-7,4],[12,0],[0,5],[12,-5],[0,10],[26,8],[12,19],[7,-2],[-1,13],[14,11],[9,-5],[12,17],[-8,3],[8,12],[22,7],[2,4],[13,1],[10,15],[6,-4],[18,8],[-6,6],[16,9],[14,23],[-5,3],[5,5],[-8,14],[8,7],[2,10],[-11,6],[-3,13]],[[61492,40940],[36,13],[123,94],[-18,17],[7,19],[-19,12],[-21,45],[-34,28],[24,35],[-31,15],[14,29],[19,10],[4,7],[26,-6],[22,5],[10,-5],[5,4],[19,-13],[26,2],[2,-3],[52,-5],[9,5],[16,-6],[18,-10],[4,-8],[-7,-9],[-42,-22],[1,-17],[13,-17],[20,-6],[9,-12],[30,2],[9,-9],[31,8],[14,-12],[35,-13],[10,2],[40,32],[13,26],[-1,10],[20,5],[10,-10],[22,-7],[19,5],[3,-12],[36,-16],[43,8],[28,-24],[39,-14],[-4,-10],[15,-13],[9,11],[23,-4],[1,9],[20,2],[4,13],[18,0],[16,22],[11,-11],[13,16],[13,-6],[8,19],[15,-10],[-3,12],[5,7],[23,0],[22,-26],[13,-3],[3,10],[16,-8],[6,12],[11,1],[0,9],[8,3],[2,7],[9,-3],[7,5],[6,-10],[27,-2],[3,-13],[-12,-6],[12,-4],[-4,-3],[7,-6],[16,-8],[-7,-5],[10,-12],[6,5],[13,3],[-2,5],[14,-1],[9,9],[7,-4],[0,-6],[8,-2],[10,4],[17,20],[-13,7],[22,8],[-6,12],[22,3],[-1,5],[12,8],[5,-12],[3,6],[10,1],[-4,5],[10,3],[26,-17],[26,3],[11,11],[15,5],[9,15],[17,6],[-2,21],[29,30],[19,7],[24,-1],[19,11],[13,33],[-2,38],[16,36],[-13,12],[10,12],[18,1],[11,9],[15,-11],[9,6],[5,-8],[7,-1],[4,12],[12,-6],[3,11]],[[63669,41201],[0,8],[-34,15],[-11,-6],[-27,21],[-6,-6],[-7,8],[-84,25],[-34,3],[0,3],[-66,18],[-36,3],[-10,6],[-24,-4],[-62,27],[-6,-4],[-14,4],[-12,-7],[-21,2],[0,6],[-15,0],[-14,22],[-6,-2],[-9,4],[-9,-5],[-6,10],[-9,-1],[-5,7],[-12,0],[-12,12],[-10,0],[-26,13],[-44,39],[-53,9]],[[51039,54004],[-8,-64],[6,-57],[18,-39],[36,-38]],[[50919,53798],[-9,-6],[-16,-1],[-15,-52],[-51,-44],[-11,6],[-11,-11],[4,-13],[-25,-9],[-12,-14],[-24,-13],[-17,16]],[[50732,53657],[3,34],[-23,68],[-4,-1],[4,12],[-63,36],[8,7],[-8,23],[-94,179],[-5,30],[11,31]],[[50561,54076],[39,10],[39,22],[9,29]],[[50648,54137],[65,-32],[68,-4],[22,-5],[72,-68],[19,-27],[17,8],[25,25],[16,0],[2,6],[25,-9],[-11,-23],[10,-3],[4,14],[13,-7],[4,8],[14,-3],[3,-10],[23,-3]],[[54580,45996],[-68,-7],[-95,-2],[-50,-9]],[[54407,46202],[12,77],[4,-4],[12,3],[24,14],[17,-5],[-9,18],[10,8],[46,10],[8,6],[-13,33],[3,22],[-2,6],[-10,3],[0,6]],[[62744,42078],[-16,-36],[-42,16],[-5,-3],[-18,-33],[6,-16],[-3,-6],[7,-7],[-3,-17],[-6,1],[-1,-13],[-17,-6],[-1,-14],[-18,-5],[1,-21],[-9,-2],[-15,-13]],[[62604,41903],[-15,17],[11,14],[-27,-5],[-66,-29],[-16,1],[-6,-8],[-19,-8],[-31,22],[-16,6],[-21,39],[-49,14]],[[62610,42139],[59,33],[4,-9],[-3,-26],[45,-31],[29,-28]],[[49743,53664],[7,-9],[4,2],[17,-9],[7,2],[54,-23],[35,4],[33,-5],[15,-13],[13,-26],[-8,-2],[0,-10],[-16,-30],[45,15],[64,-7],[28,-10],[19,1],[27,-23],[24,2],[16,-9],[-1,-14],[17,5],[82,-26],[37,14],[2,-3],[10,7],[3,-2],[15,16],[11,0],[4,14],[-7,1],[24,33],[-1,8],[48,7],[-1,-14],[-15,-1],[7,-16],[24,-1],[0,-7],[22,-6],[-4,-19],[33,5],[8,-3],[-12,-16],[1,-8],[26,-21],[58,-17],[51,-2],[28,9],[52,-12]],[[50649,53445],[-16,-60],[94,-26],[35,-16]],[[50762,53343],[-6,-7],[-1,-31],[-6,-13],[14,-55],[13,-13],[39,10],[7,-17],[47,-53]],[[50429,53053],[-33,-4],[-11,40],[-42,14],[-7,-8],[-13,11],[5,10],[-21,5]],[[50307,53121],[0,8],[-11,5],[7,12],[-24,53],[-60,20],[-56,-20],[-30,-47],[-64,-27],[5,-41],[-20,-31],[-23,-17],[-48,23],[-177,52],[-44,-46],[-6,-24],[-27,-25],[-15,-28],[-32,15],[-27,4],[-14,9],[-51,-1],[-29,-12],[-30,6],[-29,-18],[-5,-9],[-21,-6],[-1,-5]],[[49475,52971],[-86,90],[-48,65],[2,6],[-36,34],[55,24],[-19,50],[-16,16],[-19,5],[-24,29],[23,6],[5,45],[-9,31],[9,40],[-8,15],[15,1],[9,19],[1,22],[-13,23],[17,5],[-18,26],[-19,11],[23,7],[12,12],[19,8],[-18,25],[12,23],[46,1],[3,6],[12,0],[14,27]],[[49743,53664],[-6,9],[-12,4],[1,8],[-20,4],[-1,6],[-13,4],[0,8],[-12,8],[-9,-2],[-2,-5],[-25,-3],[-11,-59],[-23,0],[-25,-11],[-3,17],[-59,-9],[-45,4],[-6,-7],[-19,3],[-16,-6],[-18,6]],[[60560,44163],[11,-12],[36,1],[17,-12],[1,-16],[-21,-52],[1,-8]],[[60605,44064],[-32,-17],[5,-6],[-11,-1],[-1,3],[-17,-10],[-2,5],[-65,-34],[-4,-32],[10,-4],[-4,-18],[-25,-7],[-63,-65]],[[60252,43892],[-3,76],[44,0],[116,15],[-2,19],[37,9],[-10,45],[6,103],[41,12]],[[60481,44171],[20,2],[59,-10]],[[54566,45363],[-17,-8],[-55,-1],[-52,26],[-32,-11],[-7,-24],[4,-1],[-1,-27],[-90,-7],[-1,-27],[-9,-25]],[[54306,45258],[-3,-7],[-46,54],[-15,-3],[-6,4],[-32,26],[-31,14],[-35,31],[-46,17],[-23,-1],[-63,20]],[[54111,45648],[69,-28],[44,-26],[12,-12],[18,-8],[6,-17],[13,-3],[0,-17],[26,-11],[54,-61],[42,16],[32,24]],[[50990,54242],[4,-17]],[[50994,54225],[15,-40],[36,-57],[10,-31],[-2,-44],[-14,-49]],[[50648,54137],[-11,15],[-10,2],[-10,16]],[[50617,54170],[73,14],[21,14],[8,15],[9,2],[12,-7],[10,1],[64,13],[35,21],[12,-4],[28,27],[19,28],[0,12],[32,-15],[10,3],[1,-17],[8,-10],[-7,-16],[25,-15],[13,6]],[[53878,44811],[26,-86],[34,-53],[34,-27],[78,-35],[61,-58],[-14,-74],[4,-50]],[[54024,44415],[-82,16],[-75,27],[-68,47],[-85,84],[-21,15],[-50,20]],[[53732,44828],[39,-7],[34,-19],[45,10],[28,-1]],[[53231,44548],[33,-17],[41,-8]],[[52903,52562],[4,-8],[-7,-20],[-15,-7],[-3,-48],[24,-9],[8,-10],[-9,-9],[64,-41],[3,2],[13,-23],[-19,-25],[32,-23],[16,13],[16,-35],[-14,-6],[19,-16],[-2,-8]],[[53033,52289],[-39,14],[-20,3]],[[52974,52306],[-159,29],[-5,-11]],[[52810,52324],[-77,30]],[[52286,43449],[2,-34],[18,-34],[-24,-65],[10,-38],[-12,-26],[-31,-178]],[[51866,43620],[92,-17],[-4,-9],[25,-5],[33,-2],[16,3],[4,-6],[-7,-2],[2,-11],[9,-4],[-13,-19],[-6,-28],[59,-8],[65,-26],[47,-4],[98,-33]],[[52039,53009],[-21,-34],[-14,-38]],[[52004,52937],[-21,10],[-29,-3],[5,-11],[-10,-1],[-3,-23],[-10,2],[-1,6],[-36,20],[13,19],[-21,9],[12,23],[-4,12],[-47,12],[-13,13],[-23,-6],[-33,37]],[[51906,53156],[133,-8],[70,-30]],[[45600,37048],[-5,-6],[-26,-1],[1,-9],[-16,-9],[8,-6],[-1,-6],[40,-24]],[[45601,36987],[3,-2],[-12,-4],[-26,-5],[3,-7],[-36,3],[-3,-20],[-38,-20],[-5,-8],[3,-9],[52,-17],[-12,-16],[-52,-35],[-30,-11],[-16,-3],[-32,17]],[[45400,36850],[-8,34],[-22,36],[-78,58],[-27,36],[-4,38],[7,20],[14,17]],[[45407,37150],[223,-18]],[[50146,48235],[10,-10],[-1,-14],[-11,-16],[-8,-40],[21,-62],[75,-64],[-104,-125],[-24,-38],[-34,-33],[-22,-49],[-15,-14],[19,-48],[4,-28],[28,-50],[9,-41]],[[50093,47603],[-69,0],[27,-38],[37,-39],[-12,-46],[30,-52],[12,-2],[23,-26],[-10,-9],[6,-9],[-4,-4],[11,-4],[-2,-6],[17,-21],[1,-15],[10,-16],[-14,-17],[-22,-7],[-20,-14],[-18,-58],[-19,-17],[-13,-21],[-42,-24],[-47,-38],[-13,13],[-33,3],[-197,-28],[-46,25],[-28,7],[-81,-15],[-42,14],[-10,20],[-6,-6],[-57,-7],[3,-11],[-20,-1],[-1,5],[-75,-4],[-44,5],[-28,7],[-24,16],[-173,126],[-49,13],[-35,25]],[[49020,47338],[10,26],[18,7],[25,20],[17,-5],[10,34],[-14,36],[11,46],[-17,8],[-9,10],[-21,74]],[[41581,50383],[-17,-13],[-58,9],[-7,-7],[-2,-19],[-31,0],[-4,-8],[-34,3],[-14,-17],[-43,3],[-6,-5],[8,-16],[-8,-1],[7,-25],[-23,-5],[2,-15],[-11,-39],[60,-20],[-10,-9],[14,-14],[1,-30],[17,-28],[-18,-11],[12,-20],[-19,-42],[-53,11],[-2,9],[-15,8],[0,7],[-26,-13],[-33,101],[-15,14],[-21,-5],[-13,5]],[[41219,50191],[-29,110],[-27,60],[13,44],[15,18],[-6,3]],[[41185,50426],[-20,63],[-10,6],[5,23]],[[41160,50518],[56,4],[18,17],[9,1],[-17,20],[11,14],[48,10],[1,7]],[[41539,49394],[-9,-10],[5,-6],[-27,-17],[-15,7],[-14,-23],[-22,-13],[0,-6],[-14,-11],[-7,2],[1,-10],[-14,-6],[-1,-11],[-5,3],[-9,-9],[3,-7],[-5,-8],[-16,-6],[-5,-9],[3,-11],[-12,-5],[-3,-12],[-17,-3],[-11,-14],[-26,0],[-6,-6],[-8,1],[-18,11],[-14,20],[-11,4],[-4,12],[-27,4],[-19,-2],[-7,6],[-11,-1],[-8,-8],[-29,6],[-19,-20],[-32,-15],[-31,22],[-10,1],[-9,34],[-18,27],[13,30],[1,37],[19,55],[71,158],[-1,22],[9,21],[2,31],[-10,27],[-18,7],[3,11],[-16,-1],[-18,8],[-13,-1],[-22,-21],[-44,1],[-55,-24],[-20,-1],[-23,15],[-14,-8],[-51,-6],[-29,-16],[-53,-105],[-56,-34],[-50,-11],[-60,12],[-53,57],[-56,10],[0,5],[-14,4],[-39,1],[-16,-14],[-48,-11],[-53,12],[-38,23],[-9,-3],[-17,10],[-17,20],[-23,8],[-14,15],[-14,4],[-8,9],[-19,-3],[-12,3],[-29,-8],[-16,6],[-14,15],[-23,5],[-34,18],[-20,23],[-16,2],[-1,13],[-27,45],[4,27],[-8,35],[-7,6],[-23,-23],[-34,8],[-21,46]],[[39884,49880],[-5,12],[18,14],[-31,79],[13,5],[2,24],[37,26],[8,26]],[[39926,50066],[25,3],[16,8],[37,-5],[-5,5],[23,17],[46,11],[32,1],[13,28],[-7,50],[13,5],[-5,17],[7,8],[11,1],[18,-14],[14,29],[60,4],[17,17],[28,-10],[48,1],[31,-4],[33,1],[11,8],[10,-9],[5,-24],[12,-8],[5,-17],[22,-15],[15,-25],[27,-7],[27,-4],[19,3],[50,18],[36,-4],[24,6],[13,-6],[4,4],[17,-4],[23,5],[35,-7],[7,-8],[32,-8],[91,-3],[23,-3],[7,-7],[20,7],[21,15]],[[40937,50146],[27,9],[63,-2],[15,22],[34,8],[29,3],[3,-14],[14,-2],[5,19],[44,-1],[-1,5],[24,3],[25,-5]],[[44586,47689],[8,-14],[60,-49]],[[44654,47626],[58,-44],[57,-33],[1,-7]],[[44770,47542],[5,-5],[17,3],[-8,-10],[-40,-105],[-66,-16],[-10,27],[-22,-3],[-7,11],[-22,-6],[-4,-16],[-23,10],[-6,-8],[-2,11],[-17,7],[-37,2]],[[45936,45276],[29,-30],[64,-42],[-8,-10],[2,-5],[73,-49],[22,-36],[35,5],[23,-6],[14,-15],[-16,-6],[-5,-13],[-35,5],[-19,-6],[-36,-27],[-63,-78],[-43,-104],[-82,-72],[-52,-81],[-3,-44],[-30,-70],[2,-44],[36,-40],[20,8],[10,-2],[10,9],[24,-2],[45,-45],[24,17],[-2,10],[5,4],[-5,20],[13,4],[1,9],[14,11],[10,-4],[0,14],[10,14],[9,0],[1,8],[76,-66],[22,-2],[6,8],[17,3],[14,-6],[17,5],[15,-7],[16,-26],[-7,-27],[33,-4],[18,-9],[-4,-6],[26,-10],[4,4],[-26,9],[3,3],[49,-14],[9,22],[15,-6],[-6,-17],[167,-60]],[[46497,44377],[-62,-72],[3,-5],[-18,-24],[1,-11],[8,-9],[34,-7],[29,-33],[22,0],[50,10],[5,-4],[-5,-36],[19,-78],[12,-24],[-10,-23],[14,-5],[-7,-4],[95,-113],[20,-52],[28,-187],[-9,-54],[-27,-41],[-14,-39]],[[46733,42926],[-19,-36],[-1,-14],[8,-15],[-9,-39],[11,-39],[-25,-167],[-58,-8],[-89,15],[-21,-5],[-68,11],[-5,-9],[-54,-7],[-44,5],[-29,12],[-29,1],[-40,15],[-16,12],[-5,12],[2,34],[-37,4],[-41,64],[-8,6],[-5,-5],[-17,-2],[-4,-5],[-10,3],[-6,-6],[-15,-2],[3,-3],[-43,-29],[-5,28],[-8,14],[15,4],[-1,5],[-30,36],[14,13],[-1,8],[9,0],[-2,17],[6,8],[9,1],[2,14],[17,21],[8,-1],[-1,9],[16,10],[-4,9],[-72,36],[-14,-22],[-6,-25],[-14,-17],[-40,-28],[-32,-14],[-12,15],[-26,-2],[-31,5],[-11,-6],[-37,9],[-25,-36],[-14,-11],[-49,-10],[-2,23],[-14,17],[2,4],[-12,3],[-12,-4],[-28,7],[0,-27],[-8,0],[-17,-59],[-11,-4],[-3,-22],[18,-21],[0,-18],[8,-6],[-14,-9],[-27,12],[-29,2],[-10,-20],[2,-9],[-82,-62],[-28,-4],[-4,-22]],[[45449,42600],[-17,12],[-18,-1],[-63,23],[-119,-28],[-42,2],[8,12],[-16,28],[-5,2],[-9,-8],[-20,-6],[-33,-18],[-48,-70],[-27,-2],[-8,-6],[-22,1],[-8,-10],[-28,-13],[-165,64],[-54,83],[-102,50],[1,73],[-13,7],[-13,0],[2,13],[-13,43],[-4,4],[-48,7],[-32,-24],[2,-9],[10,0],[6,-17],[25,-15],[-17,-15],[13,-10],[-3,-35],[-8,-22],[-40,-7],[-3,-5]],[[49492,44574],[-39,-28],[-7,-40],[-19,-26],[-41,-31],[-72,-33],[-6,-2],[-18,25],[-15,44],[-23,1],[-5,-13],[-7,-2]],[[49240,44469],[-2,30],[5,20],[-53,-9],[2,61],[-13,18],[11,27],[-22,21],[-38,14],[-41,-12],[-71,9],[-42,24],[-46,41]],[[48930,44713],[-32,46],[15,48],[2,85],[-13,-1],[-16,13],[-12,-7],[-18,-2],[1,-8],[-27,5],[-10,18],[-19,-1],[-26,16],[8,6],[-1,13],[-13,18],[-28,23],[36,32],[-18,21],[0,19],[-47,41],[-9,33],[-16,12],[-4,20],[-38,20],[-22,23],[-12,3],[-15,-8],[-6,1]],[[48590,45202],[-6,6],[7,8],[-28,19],[-9,0],[-6,29],[-9,14],[-6,1],[-14,19],[-15,1],[-1,7],[-24,1],[-21,10],[-23,2],[-37,-38],[20,-25],[-16,-17],[-34,22],[-21,7],[-2,11],[-49,33],[0,8],[50,39],[-20,31],[-15,13],[-6,15],[-71,-2],[-26,36],[-35,4],[-11,-6],[-8,-14],[0,-37],[-27,56],[20,54],[-9,21],[5,12],[-5,8],[2,27]],[[48140,45577],[-1,9],[11,6],[-1,5],[15,15],[22,5],[16,12],[27,4],[28,13],[100,12],[12,8],[39,8],[21,9],[21,-4],[15,-12],[1,-15],[15,-16],[-8,-13],[17,-21],[57,-12],[17,15],[-3,7],[21,33],[21,6],[38,31],[16,39],[15,6],[3,-8],[18,-4]],[[47126,41141],[-15,7],[-11,19],[-24,11],[-11,17],[-34,13],[-36,35],[-18,6],[-20,-14],[-24,3],[-19,-6],[-29,-25],[-26,-32],[-33,6],[-32,-5],[-64,11],[-67,-62],[-27,-14],[-37,-29],[-51,-23],[-37,6],[-20,17],[-17,6],[-20,-6],[-5,-11]],[[46449,41071],[-13,7],[-19,-6],[-12,14],[-13,5],[-4,5],[5,10],[-2,18],[-13,-3],[-12,18],[-11,6],[3,15],[-31,20],[16,21],[14,5],[-9,17],[9,15],[-7,12],[20,12],[12,20],[-11,7],[7,11],[-1,13],[-13,2],[-3,-7],[-7,7],[-9,-4],[-8,4],[-1,-8],[-8,2],[0,-6],[-18,-1],[-1,5],[-15,2],[6,7],[-9,10],[4,9],[-15,9],[6,5],[-10,4],[1,7],[-8,0],[-10,7],[-18,-6],[-22,4],[-4,12],[9,22],[-6,10],[9,21],[-11,3],[-22,-7],[-26,9],[-9,18],[11,4],[-2,9],[-7,1],[9,7],[-7,7],[10,3],[-5,22],[-31,17],[-28,-9],[-4,-13],[-7,1],[-11,-15],[-7,5],[-11,-5],[-5,2],[2,9],[-23,-3],[-6,5],[-16,2],[-1,7],[-30,2],[-31,19],[-14,0],[-7,8],[2,9],[8,0],[29,31],[8,2],[1,10],[-31,12],[2,7],[-16,5],[3,7],[-11,28],[-11,-6],[-14,0],[-7,9],[-39,13],[-14,-2],[-10,-9],[-20,-1]],[[45564,42381],[-16,22],[7,10],[-38,19],[12,38],[-5,22],[-29,44],[-9,23],[-28,18],[-9,23]],[[45338,47741],[-28,-15],[-18,-32],[1,-30]],[[45293,47664],[2,-29],[8,-24],[46,-44],[-21,-25],[-18,1],[-111,-30],[-17,-10],[-3,-6],[-29,-4],[-30,3],[1,-8],[-95,-53],[2,-7],[-10,-8],[-20,-7],[-37,-30],[-34,-17],[-21,-29],[17,-21],[7,-22],[-26,-9],[-2,-16],[23,-32],[36,-17],[7,-27],[18,-22],[16,-8],[2,-25],[14,-9],[9,4],[14,-5],[11,3],[34,-9],[13,-22]],[[44770,47542],[24,9],[-3,6],[8,4],[-9,18],[25,19],[21,6],[26,-4],[6,7],[3,-21],[53,122],[0,35],[-16,32]],[[60048,40671],[-14,3],[-9,12],[-59,24],[-17,-2],[-9,25],[9,20],[-13,3],[-26,21],[-44,6],[-44,-3],[-43,-13],[-45,-32],[-27,-5]],[[59707,40730],[-13,-3],[-27,7],[-42,24],[0,128]],[[59625,40886],[104,7],[2,6],[73,4],[6,-3],[9,-23],[18,-2],[11,4]],[[59848,40879],[96,28],[26,34],[37,16]],[[60007,40957],[23,10],[18,-26],[27,10],[4,-6],[27,-11],[6,-10],[-24,-21],[23,-17],[28,-11]],[[58068,38669],[17,-26],[35,11],[74,5]],[[58194,38659],[16,-23],[0,-19],[-31,-35],[1,-17],[-27,-43],[-11,-35],[-15,-8],[-9,-12],[-28,-11],[-35,-30],[-40,-7],[-57,14],[-22,0],[-41,-15],[-47,46],[-62,12],[32,-56],[-112,-34],[-32,-14],[13,-7],[11,-15],[6,2],[9,-7],[9,8],[6,-2],[-1,-13],[7,-2],[0,-22],[19,-7]],[[57327,37278],[-12,1],[-4,43],[4,1],[0,22],[13,50],[-1,6],[-9,0],[6,37],[-4,13],[-7,4],[-11,-6],[-4,20],[4,41],[6,0],[14,47],[0,35],[-3,-9],[-13,-9],[-5,-17],[-24,-17],[-8,-33],[-69,-61],[-22,1],[-26,9],[0,4],[-44,12],[-51,32],[-14,17],[-5,18],[-22,12],[-16,27],[9,28],[-11,5],[-6,12],[-6,0],[-20,20],[-15,49],[-45,22],[-14,19],[-31,19],[-17,50]],[[56844,37802],[103,40],[22,16],[-3,3],[-21,-9],[-11,12],[-27,-18],[-9,19],[-17,-8],[-62,-9],[-11,13],[-31,12],[-24,23],[-41,2],[-28,12],[1,19],[-87,-11],[-40,12],[-28,27],[6,6],[-2,12],[-11,2],[0,15],[-11,7],[-12,1],[30,18],[2,19],[11,9],[-6,12],[13,13],[17,6],[1,8],[12,7],[-8,11],[40,15],[4,8],[9,3]],[[63052,39470],[-14,71],[-40,9],[-44,21],[-68,49],[-6,11],[-14,7],[-16,21],[-8,36],[15,20],[27,7],[11,13],[-71,20],[-3,23],[-18,55],[-32,50],[-15,13],[-8,25]],[[63052,39470],[6,-18],[24,-36],[-1,-50],[17,-51],[-1,-19],[15,-37],[-2,-24],[-92,-31],[-67,10],[-42,-3],[-32,-16],[-43,6],[-43,0],[-1,-64]],[[62790,39137],[-30,-6],[-87,9],[-51,-8],[-69,2],[-101,-34],[-53,12],[-15,-40],[-22,-24],[-15,-31],[-9,-31],[0,-27],[-22,0],[-35,7],[-45,-57],[-4,1],[-22,-24],[-35,-49],[-10,-30],[15,-16],[-15,-14],[9,-18],[-4,-17]],[[62170,38742],[-14,-19],[-11,-33],[-1,-106],[-8,4],[-14,-5],[-7,7],[-9,-9],[-13,-1],[-51,-66],[-13,-28],[22,-43],[-14,-33],[21,-65],[-28,-11],[-42,-32],[-38,-12],[-4,-13],[14,-39],[9,-12],[-13,-32],[9,-13],[-13,-5],[-29,0],[-44,20],[-24,-12],[-1,4],[-25,-8],[-3,7],[-34,-12],[-15,33],[-68,-34],[-7,-27],[-12,3],[-49,-40],[-92,-57],[-13,12],[-8,-4],[-3,7],[-10,0]],[[61515,38068],[-3,13],[-8,2],[0,11],[19,49],[-9,1],[3,23],[-12,5],[-5,10],[-7,-6],[-12,12],[-8,-5],[-12,0],[-5,8],[-4,-6],[-6,5],[-13,-2],[1,-6],[-23,14],[-5,-2],[-6,19],[-23,22],[-4,-9],[-34,1],[-6,-9],[-6,4],[-3,-6],[-11,5],[-24,-10],[-5,4],[-13,-5],[-11,3],[-13,-10],[8,-19],[-4,-13],[-19,-7],[-34,61],[-27,-7],[-19,3],[-82,36],[-45,26],[-48,50],[43,-1],[7,19],[-13,8],[3,11],[-25,4],[21,33],[-25,16],[16,22],[13,10],[47,18],[54,9],[41,23],[16,19],[15,7],[21,26],[26,16],[5,9],[-3,3],[19,17],[-2,5],[-35,16],[4,11],[18,16],[2,19],[-11,24],[6,12],[-5,13],[6,20],[0,47],[-5,2],[-2,29],[13,20],[3,17],[18,14],[4,21],[9,5],[3,12],[24,6],[6,8],[17,5],[37,35],[4,30],[-3,20],[32,20],[5,-4],[13,3],[13,11],[-7,30],[-17,6],[3,8],[-9,8],[-7,-3],[-1,8],[9,5],[-17,9],[1,5],[-10,1],[1,6],[-12,0],[-11,8],[5,9],[-19,-4],[-8,6],[5,10],[-16,-4],[-5,11]],[[61317,39158],[9,6],[109,-1],[-7,45],[-52,25],[-18,14],[20,1],[-11,14],[10,1],[-8,20],[9,0],[-1,8],[14,0],[-5,10],[22,14],[-1,15],[-33,40],[-31,28],[-36,21],[-36,9],[-10,27],[-26,14],[-31,32],[-21,43],[-1,23],[-21,84],[1,18],[-31,37],[-38,16],[4,6],[-10,4],[17,20],[4,12],[10,6],[21,1],[1,12],[28,19],[3,11],[-29,19],[-4,17],[4,32],[13,1],[4,13],[10,0],[21,13],[12,0],[14,8]],[[54827,47618],[-11,-6]],[[54252,47751],[-10,21],[-11,-4],[0,9],[-16,-5],[-5,8],[31,8],[36,-1],[27,6],[18,12],[8,16],[-19,28],[4,4],[-17,14],[-6,-5],[-20,18],[14,17],[-10,8]],[[54276,47905],[14,15],[61,-2],[0,13],[23,-1],[24,7],[3,-4],[51,38],[15,26],[17,16],[17,8],[18,2],[8,-4]],[[54527,48019],[89,-52],[16,-2],[41,5],[15,8],[23,31],[24,19],[53,3]],[[54788,48031],[4,-16],[-4,-20],[-23,-41],[4,-37],[42,-6],[18,1],[24,13],[36,-3],[43,-14],[62,-54],[22,28],[20,-23],[-13,-22],[-57,-23],[-53,-6],[-10,-18],[-36,-25],[-10,-11],[1,-24],[-17,-22],[-9,-32],[-12,-19],[-11,-6],[-1,-8],[19,-25]],[[55087,48674],[-5,-13],[-35,-40],[-31,-21],[59,-38],[19,-21],[-9,-6],[-28,-60],[7,-3],[-7,-19],[18,-46],[-10,-24],[-12,-3],[3,-3],[-12,-16]],[[55044,48361],[-16,-26],[-31,5],[-9,-21],[-5,2],[-72,-53],[-16,-32],[-1,-27],[-83,-63]],[[54811,48146],[-14,1],[-40,18],[-45,10],[-17,20],[-25,65],[9,106],[-5,33]],[[54674,48399],[11,9],[46,13],[53,26],[34,3],[-8,14],[4,9],[-23,46],[12,4],[-10,52],[-15,14],[-23,-2],[59,37]],[[54814,48624],[53,33],[27,27],[16,31],[5,38]],[[53963,47824],[-15,-24]],[[53948,47800],[-104,35],[-7,-12],[-9,4],[0,8],[-43,14],[2,6],[-9,-2]],[[53778,47853],[-8,3],[4,8],[-8,2],[-13,-10],[-2,9],[-35,15],[2,6],[-79,31]],[[53639,47917],[44,178],[-10,20],[13,14],[9,29],[-6,59],[5,45]],[[53694,48262],[86,-150],[69,-51],[14,-52],[43,-97],[29,-29],[50,-29],[-22,-30]],[[48212,46715],[38,8]],[[48250,46723],[110,23]],[[48360,46746],[42,-38],[12,-18],[3,-35],[-8,-16],[-58,-21],[-18,-32],[-54,-4],[-19,-10],[-13,6],[-48,-4],[-16,3]],[[48553,47252],[-108,49],[-137,-50],[-22,-25],[-1,-15],[-8,4],[-18,-20]],[[48259,47195],[-22,20],[7,10],[-98,47],[-17,5],[-2,-3],[-20,12]],[[48107,47286],[-16,33],[-11,44],[-38,50],[-30,74]],[[48012,47487],[17,-1]],[[48597,47468],[13,3],[51,-7],[21,30],[15,37],[13,15],[3,29],[-17,0],[4,19],[33,1],[0,17],[-30,2],[3,23],[-9,2],[0,29],[-7,0],[10,10],[-3,18],[-47,1],[2,9],[-10,30],[1,31],[-21,43]],[[47739,47655],[10,-31],[13,-19]],[[47762,47605],[-35,-8],[-8,11],[3,18],[-49,12],[-12,-4],[-25,37],[-49,-22],[-23,-3],[-54,-40]],[[47510,47606],[-18,17],[-20,10],[5,5],[19,-9],[2,7],[14,5],[9,7],[-10,15],[-25,21],[-20,-6],[-4,-8],[-16,16],[12,6],[-3,8],[12,13],[-15,8],[8,7],[-21,18],[13,12]],[[47608,47964],[-18,24]],[[47590,47988],[37,14],[59,10],[42,0],[18,25],[45,41],[21,4],[42,38],[28,4],[13,15],[63,3]],[[48547,34481],[-15,9],[-7,52],[-13,6],[-28,-6],[-8,8],[-34,2],[-60,69],[-17,27],[-58,49],[-2,58],[-20,100]],[[48547,34481],[24,-22],[15,-22],[1,-9],[-16,-36],[23,-14],[-6,-8],[16,-22],[-14,-8],[0,-9],[-14,-6],[19,-14],[4,-17],[25,-26],[-5,-6],[-23,-3],[-17,-18],[-19,-5],[14,-13],[-1,-14],[12,-3],[2,-5],[28,1],[19,17],[-11,-30],[10,-6],[-3,-5],[-49,-22],[-29,-30]],[[48552,34126],[-36,14],[-11,-7],[-77,-17],[-78,-8],[-33,1],[-32,-16],[-10,-21],[-34,-27],[-28,-31],[4,-30],[-54,-10],[-27,14],[-8,-1]],[[47558,33603],[26,10],[32,22],[4,-2],[5,25],[21,32],[10,47],[17,42],[57,113],[57,85],[4,-4],[5,6],[14,2],[16,12],[19,8],[23,-5],[16,-32],[-6,-40],[11,-4],[25,4],[43,38],[10,-71],[62,8],[12,-1],[13,72],[21,3],[32,17],[21,-3]],[[47476,33561],[30,6],[6,38],[46,-2]],[[45752,36643],[-43,37],[-37,17],[-73,17],[-73,2],[-54,22],[-21,-10],[-8,-14],[1,-9],[21,-23],[52,20],[-26,-12]],[[45298,36768],[11,7],[33,-11],[-1,7],[33,21],[34,31],[-8,27]],[[45601,36987],[51,-30],[17,-39],[3,-23],[6,-1],[-1,-23],[-7,-14],[5,-9],[44,-33],[17,-23],[13,-41],[1,-24],[33,-25],[-31,-59]],[[53533,41512],[-60,26],[-38,0],[-9,-6],[-14,-23],[-86,-87],[-25,-41],[-20,-45]],[[53143,41412],[19,19],[-10,8],[0,23],[26,24],[-22,38],[6,17],[-13,7],[-9,27],[-15,14],[13,13],[27,11]],[[53165,41613],[19,-16],[30,-11],[10,-16],[23,40],[36,27],[1,-29],[9,0],[1,-18],[10,2],[62,63],[11,20]],[[53411,41674],[66,1],[16,9],[61,4],[20,-10],[12,-23],[26,4],[3,-13],[-26,-13],[2,-4],[-17,-17],[22,-20],[-25,-7],[-16,-23],[-15,-8],[4,-11],[-11,-31]],[[55630,53140],[-37,13],[11,35],[-81,-7],[-17,27],[-60,17],[-9,-5],[-52,-44],[-42,-88],[-13,-10],[13,-49],[22,-32],[-18,-13],[-11,-20],[-80,-55],[-68,-79],[-19,-10],[-34,-9],[-33,-28],[16,-46],[-13,-10],[4,-18],[8,2],[29,-9],[-9,-19],[-12,3],[-12,-18],[15,-1],[-22,-50],[8,-11],[-26,-36],[-25,8],[-7,23],[-25,9],[5,8],[-6,6],[-4,-12],[-8,-3],[-24,3],[-14,8],[-10,-30],[-24,-1],[-16,-9],[9,-20],[2,-32],[-18,-37],[-19,10],[-28,1],[-44,39],[-22,12],[-74,-10]],[[54736,52543],[-19,21],[-15,77]],[[53815,52982],[-88,14],[-26,16],[-23,22],[-55,6],[-36,20],[-39,12]],[[54003,53303],[4,-16],[27,2],[44,-23],[27,-20],[38,-13],[33,10],[19,-1],[66,-17],[2,-6],[-7,-11],[31,-31],[4,-12],[37,-21],[27,-33],[33,2],[43,-22],[19,22],[-6,20],[11,9],[-1,14],[30,11],[35,33],[34,9],[10,7],[27,-6],[34,10],[30,-5],[22,18],[1,8],[14,13],[55,30],[29,47],[19,7],[13,-5],[37,-2],[-4,4],[6,11],[-9,8],[66,112],[4,9],[-6,26],[18,50],[163,176]],[[52074,54687],[-15,-33],[14,-2],[-8,-14],[9,-76],[0,-6],[-8,2],[3,-33]],[[51923,54751],[12,-13],[-8,-6],[21,2],[6,-8],[-7,-5],[12,-8],[1,-17],[13,-11],[0,-12],[10,5],[20,-16],[17,-3],[33,30],[21,-2]],[[55561,45746],[-8,-1],[-23,13],[-37,34],[-76,113],[-39,38],[-37,23],[3,4]],[[55386,46118],[20,-6],[64,0],[17,-11],[24,11],[23,18],[14,5],[21,27],[16,11],[11,-1],[21,46],[20,11],[4,11],[45,62],[24,12]],[[54986,47446],[-66,-13],[-15,4],[-4,28],[-34,-1],[0,-11],[-22,0],[0,9],[-21,-1],[-1,20],[-9,0]],[[54827,47618],[20,-15],[4,-15],[13,-7],[27,-2],[24,-11],[24,0]],[[55301,46821],[-60,-46],[-77,-50]],[[55006,46838],[26,26],[-9,14],[97,29],[-51,71],[-75,-20],[-42,-17]],[[54952,46941],[17,110],[-44,22],[25,13],[6,18],[-14,9],[17,7],[-44,17],[5,9],[-28,10],[-8,-3],[-37,11],[5,14],[38,13]],[[55062,47245],[66,0],[107,22]],[[55037,47329],[-21,68]],[[58711,49826],[-261,-280]],[[58450,49546],[-58,36],[-75,34],[-8,10]],[[58309,49626],[32,16],[70,54],[62,74]],[[50925,42400],[-8,22],[-10,-2],[-14,27],[-62,-35],[-35,-10],[-16,-12],[8,-11],[-29,-11],[-2,3],[-12,-8],[-11,0],[-4,10],[-36,-8],[3,-7],[-18,-5],[8,-13],[-13,-4],[-12,22],[-14,-7],[1,-8],[-11,3],[-31,-7],[-28,-15]],[[50579,42324],[-12,49],[18,8],[-16,33],[-13,-5],[-29,50],[4,14],[23,25],[57,30]],[[50611,42528],[25,21],[39,-17],[10,33],[9,1],[4,-16],[27,9],[30,-3],[12,3],[51,-71],[51,-30],[19,-5],[22,1],[15,-9]],[[53201,37472],[4,-4],[-48,-52],[-87,-21],[-6,-10]],[[52678,37892],[8,24],[-9,19],[-21,24],[3,10],[11,6],[12,18],[-4,8],[5,12],[26,10],[15,-7],[31,-4],[4,4],[40,-10],[13,2],[24,-14],[27,0],[48,58],[2,35],[10,10],[19,1],[24,-12],[15,0],[21,12],[26,-4],[8,10],[18,1],[12,28]],[[53066,38133],[9,-9],[31,-12],[138,-34],[-37,-27],[0,-6],[77,6],[24,-20],[-2,-9],[-20,-6],[-4,4],[-10,-4],[-22,1],[-18,-12],[-11,-21],[-16,0],[-3,-9],[-7,3],[-2,-16],[4,-4],[-12,-35],[-11,-11],[-2,-19],[7,-12],[-10,-2],[-1,-15]],[[54462,37161],[106,-20],[66,-23],[65,-16],[23,-13],[42,-8]],[[54764,37081],[51,-53],[39,-29]],[[54198,36512],[251,4],[84,17],[30,3],[3,-4],[32,11],[4,-17],[7,-1],[-4,-11],[5,-9],[15,-5],[14,-20],[6,-35],[21,-4],[44,12],[28,-2],[75,-24],[25,-15],[8,5],[18,35],[31,73],[48,-17],[12,-1],[20,43],[6,1],[4,12],[7,-1],[30,55],[12,-7],[28,46]],[[54198,36512],[0,104],[-27,65],[-26,44],[-6,-2],[-15,21],[-7,-2],[-23,28],[-40,21],[2,4],[-63,46],[-15,5],[-32,-2],[-22,6],[-42,-20],[-86,-16],[-35,-1],[-52,-19],[-55,-40],[-38,1],[-15,8],[1,5],[-35,18],[-68,26],[-31,17],[-137,98],[0,10],[-39,-3],[-63,10]],[[52353,40211],[16,-75],[5,-63]],[[52374,40073],[-23,1],[-4,5],[-29,-10],[-20,2],[-36,-24],[-25,1],[-12,-9],[-22,23],[-33,1],[-40,19],[-15,20],[-46,-1],[-49,-14],[-27,17],[24,29],[-2,8],[-14,27],[-31,24]],[[51970,40192],[60,5],[18,-14],[-6,-1],[8,-7],[44,62],[52,2],[40,-12]],[[51955,39547],[-20,-7],[-38,-1],[-179,43],[-102,-28],[-5,-11],[5,-2],[56,-10],[53,-2],[40,-15],[-4,-10],[14,-6],[2,-7],[-9,-14],[20,-7],[-7,-14]],[[51781,39456],[-6,-4],[-5,-27],[-16,10],[-2,-9],[-41,1],[-5,-8],[-16,6],[-8,-20],[-26,-28],[6,-14],[-9,-1]],[[51561,39546],[41,124]],[[51602,39670],[27,-3],[66,-38],[217,-60],[35,-14],[8,-8]],[[55459,41138],[27,-41],[14,-36],[16,-15],[13,0],[0,-21],[-10,0],[-20,-61],[-22,-16],[-2,-11],[-7,1],[-3,-12]],[[55465,40926],[-76,7],[-74,16],[-74,2],[-44,13],[-8,-8],[-25,5],[-51,-6],[-49,-23]],[[55064,40932],[-4,49],[-12,19],[-8,26],[-15,18],[9,11],[24,-9],[13,3],[0,3],[-21,1],[-11,12],[2,14],[9,5],[5,19],[-13,23]],[[55042,41126],[6,-2]],[[55048,41124],[64,-13],[109,12],[126,24],[61,0],[51,-9]],[[54968,40558],[-34,-6],[-28,0],[-15,-11],[-36,3],[-48,22]],[[54767,40587],[1,11],[-31,25],[-35,59],[-2,40],[-6,9],[-17,-6],[5,-7],[-4,-12],[-26,-15],[-37,-5],[-5,-6],[-45,8],[-3,15],[5,6],[-7,12],[-12,-6],[-6,3]],[[54535,40922],[53,-18],[93,-42],[64,-53],[49,-11]],[[48957,40813],[12,4],[14,-4],[2,-8],[19,3],[20,-17],[18,4],[17,-3],[21,7],[28,34],[22,-9],[38,-5],[27,6],[18,18],[34,-4],[37,5],[58,-4],[39,-11],[-5,-14],[11,-28],[-9,-13],[-12,-40],[-3,-44],[5,-32],[-2,-61],[17,-10],[-10,-21],[3,-47],[19,-5],[11,-36],[31,-21],[26,-10],[18,-1],[50,-16],[25,23],[15,7],[4,-14],[15,7],[-9,-22],[10,-33]],[[49591,40398],[6,-10],[-22,-7],[-28,2],[10,-10],[-6,-1],[-26,8],[-28,1],[-29,-8],[-7,12],[-24,-16],[1,-4],[-22,-11],[27,-52],[-8,-15],[11,-26],[-8,-1],[-2,-21],[-13,-25],[10,-5],[-6,-10],[-21,-6],[-21,9],[-29,-15],[-32,-1],[-12,-40],[-11,-2],[-3,-22],[-22,-45],[25,-26],[5,-35],[10,-9],[50,-17],[43,-24],[7,-28],[-7,-23],[-49,-51],[-84,-42],[-2,-14],[13,-40],[0,-51]],[[47838,40524],[-54,-6],[-68,25],[-32,3],[-18,0],[-38,-12],[-6,11],[-29,4],[-24,23],[-25,12],[-28,30],[-27,13],[-14,14],[8,8],[-17,12],[-8,70],[16,26],[10,2],[10,27],[7,1],[23,-15],[27,-4],[17,6],[9,15],[39,4],[29,25],[29,18],[34,46],[36,25],[-2,15],[-11,9],[-15,30],[-2,18],[-16,13],[-6,29],[-4,0],[-43,44],[-5,19],[-25,11],[-5,10]],[[50563,37574],[-5,9],[-4,-1],[-64,-27],[-30,-23],[-53,-17],[-151,-9],[-36,-10],[-25,1]],[[50064,37561],[21,97],[27,70],[4,54]],[[50116,37782],[34,-15],[-4,-6],[29,-13],[3,4],[12,-9],[27,16],[32,1],[10,7],[13,0],[7,-5],[2,7],[51,13],[14,0],[1,-5],[38,1],[24,8],[0,8],[17,7],[24,3]],[[50450,37804],[1,-25],[37,-6],[8,-16],[5,2],[12,-19],[19,-39],[31,-3],[27,-39],[1,-46],[-13,-28],[-15,-11]],[[55361,41981],[-59,-34],[-2,5],[-64,-7],[-51,12],[-51,34],[-42,14],[5,9],[-14,29],[-5,45],[5,22],[-13,35],[-40,51],[-36,69]],[[54994,42265],[234,63],[35,-26],[44,-55],[21,15],[5,25],[14,12],[16,-9],[27,1],[20,-8],[9,78],[30,0],[52,11],[25,0],[42,15],[12,9],[21,34]],[[55601,42430],[38,14],[32,-6],[60,-2],[16,10],[15,0]],[[61515,38068],[-16,-40],[-9,-1],[-31,-54],[11,-13],[-28,-8],[-12,-23],[5,-8],[-15,-12],[6,-22],[8,-10],[18,-4],[64,11],[46,-9],[32,10],[16,10],[38,3],[46,-13],[-7,-6],[4,-8],[6,0],[-10,-9],[13,-13],[1,-19],[-8,2],[4,-9],[6,-1],[-3,-10],[7,-3],[-7,-5],[16,-6],[14,-12],[8,5],[0,-5],[11,2],[14,-8],[5,-12],[-6,-9],[28,-19],[-2,-14],[10,-5],[0,5],[12,-10],[-5,-2],[6,-7],[-1,-11],[9,-3],[-4,-4],[16,-3],[7,-8],[-8,-4],[10,0],[-5,-6],[11,-5],[-7,-4],[-6,3],[14,-22],[-6,-12],[13,-16]],[[60395,37613],[36,-6],[29,-26],[13,-25],[39,-15],[8,11],[22,-5],[65,2],[15,2],[4,6],[57,9],[-1,-21],[79,5],[2,21],[-16,27],[3,79],[-14,53],[-52,79],[58,51],[11,1],[38,-15],[19,1],[75,24],[22,0],[83,21],[43,6],[65,-11],[22,-12],[41,-25],[11,-19],[8,-1],[18,-20],[92,-50],[13,-20],[2,-43],[5,-1],[3,-12],[17,-9],[4,-12],[17,-15],[11,-2],[2,-10],[14,-13],[14,-4],[57,-47],[41,-25],[5,-22],[17,-15],[4,-18],[94,32],[-7,12],[47,50],[35,-11],[49,15],[17,-1],[44,19],[25,-1],[15,5],[19,0]],[[60370,38170],[28,17],[-6,79],[12,28],[-10,4],[-6,23],[11,87],[19,25],[-22,7],[-11,21],[-13,2],[-5,10],[-10,-7],[-19,11],[9,7],[-12,4],[6,10],[-30,23],[8,3],[6,-3],[11,14],[-6,5],[7,10],[9,8],[11,-6],[26,23],[-4,8],[48,34],[-3,9],[20,24],[67,27],[-31,48],[-29,28],[1,7],[10,-2],[26,12],[16,-2],[13,8],[37,3],[1,9],[10,10],[7,-2],[8,5],[4,11],[6,-2],[18,8],[17,2],[9,8],[16,0],[8,11],[35,-6],[60,6],[37,-3],[-10,49],[-28,72],[4,4],[-18,95],[2,53],[-15,44]],[[60725,39153],[116,-29],[79,-4],[53,24],[52,-5],[72,20],[70,3],[6,4],[7,-4],[6,5],[10,0],[7,-7],[38,-7],[62,5],[5,-4],[9,4]],[[53453,43523],[-39,-12],[-10,-8],[0,-14],[-15,-3],[-3,-12],[-12,-2],[-21,-15],[-2,-8],[14,-14],[-59,-48],[-24,-8],[-36,1],[-23,-9]],[[52999,43604],[50,35],[-3,7],[-12,4],[27,8],[-16,32],[22,22]],[[53067,43712],[7,6],[4,-8],[9,0],[8,-8],[5,-34],[22,-12],[69,14],[24,0],[14,12],[17,4],[36,-8],[27,16],[17,-6],[5,13],[27,17],[21,-10],[22,46],[5,-1],[11,18]],[[53417,43771],[6,0]],[[53423,43771],[9,-38],[-3,-36],[-29,-34],[-9,-27],[30,-28],[12,-55],[20,-30]],[[60115,43494],[6,-29],[28,-50],[4,-34]],[[60153,43381],[-49,-82],[-50,-111]],[[59841,43230],[-5,75],[7,43],[-17,4],[-33,-4],[-4,-37],[-9,1],[-2,-27],[-35,5],[-9,32],[0,30],[-8,-2],[0,10],[14,-1],[2,36],[44,-7],[3,8],[-7,36],[-18,32],[18,10],[32,-21],[18,13],[-29,37],[34,26],[38,3]],[[51553,53612],[6,-22],[9,3],[70,-63],[15,10],[4,-17],[13,-11],[-10,-2],[19,-16]],[[51679,53494],[11,-10],[-36,-25],[9,-7],[-27,-13],[5,-8],[-10,-6],[4,-5],[-29,-12],[-7,-12],[-20,-13],[-4,-39],[-9,-3],[6,-14],[-5,-3]],[[51419,53360],[-43,46]],[[51429,53609],[52,0],[1,-29],[42,28],[13,18],[16,-14]],[[59442,42976],[17,-12],[25,-36],[19,-57],[18,-26],[8,3],[22,-11],[9,11],[75,-43],[32,-11],[6,7],[8,-3],[-15,-25],[109,5],[5,-40],[22,-38]],[[59802,42700],[-9,-8],[-7,-27],[-96,-7],[-77,-13],[-21,24],[-7,-7],[-39,31],[-6,8],[11,4],[-9,13],[-23,9],[-6,8],[-12,5],[-26,4],[-2,17],[-33,-8],[-4,-6],[-4,5],[-24,5],[-14,-4]],[[59394,42753],[-6,33],[-15,29],[-23,22],[-48,33],[-16,21],[-30,113]],[[59256,43004],[49,9],[27,-1],[72,-18],[29,-18],[9,0]],[[60284,42570],[175,-42]],[[60555,42186],[-28,21],[20,17],[-23,28],[-54,-12],[-60,-30],[-55,-7],[-23,48],[-53,-5],[-219,16]],[[60060,42262],[1,6],[-60,10]],[[60001,42278],[4,17],[8,4],[17,-2],[-7,25],[22,13],[17,19],[39,-21],[10,28],[-37,16],[9,19],[-43,19],[-15,21],[-6,-5],[-21,18],[-9,14],[-7,-1],[-8,7],[7,4],[-4,4],[-7,-5],[-7,5],[-4,11],[-9,5],[-13,-13],[-11,5],[-5,67],[-12,27],[14,74]],[[52152,52241],[0,-42],[20,-57],[-18,-7],[4,-13],[-34,-9],[-5,13],[-65,-12],[1,-8],[15,0],[-1,-34],[-16,-1],[-3,-34],[-24,-20],[5,-6],[-13,-18],[7,-29],[-9,-23],[-52,-7],[-52,-20],[-13,54]],[[55680,43577],[-50,17],[-28,0],[18,-24],[-7,-4],[-6,8],[-9,-10],[-43,-5],[-6,-6],[9,-88],[10,-27]],[[55568,43438],[-50,30],[-37,29],[4,10],[-43,17],[0,23],[-23,8],[-28,7],[-6,-20],[-53,5],[-16,-14],[-26,1],[-18,-6],[-18,19],[-45,12]],[[54031,42799],[-3,-4],[35,-16],[16,11],[51,19],[34,0],[69,11],[3,-15],[-3,-24],[66,-12]],[[53865,42403],[-20,42],[-6,61]],[[53839,42506],[-9,32],[-11,8],[-22,-7],[-14,11],[-15,23],[-25,66],[-46,8],[-8,-5],[-33,1],[-31,7],[-15,11]],[[53610,42661],[-17,14],[2,11],[66,58],[9,11],[0,8],[-7,5],[4,4],[41,-30],[13,-1],[13,9],[19,1],[36,-22],[31,9],[9,13],[20,7],[4,15],[-6,22],[24,1],[20,14],[14,-30],[20,9],[22,1],[5,30],[18,-5],[8,3],[13,-9],[30,-10],[5,4],[5,-4]],[[56989,44309],[-7,-7],[-7,-39],[-25,-26]],[[56950,44237],[-14,-12],[-3,-14],[-6,-1],[-2,-35],[-10,-23],[-8,-1],[0,-25],[15,-6],[-30,-20],[6,-9],[21,4],[7,-7],[-8,-20],[5,-2],[9,-19],[11,-1],[5,-11],[-9,-5],[13,-39],[-1,-4],[-12,-1],[3,-15],[6,1],[7,-49],[-7,-1],[-1,-19],[42,-60]],[[56946,43794],[-186,123],[-81,46]],[[56679,43963],[-72,32],[-112,37],[16,57],[16,22],[0,21],[-15,41],[-49,19]],[[56463,44192],[3,22],[16,9],[12,16],[12,-1],[28,-28],[21,1],[14,12],[-14,12],[-8,16],[3,70],[-34,44]],[[56516,44365],[37,1],[110,-22],[2,-8],[108,7],[17,5],[21,-2],[3,-8],[72,-8],[-1,-14],[21,-3],[12,1],[1,4],[32,-5],[2,7],[36,-11]],[[56552,44471],[-29,-6],[-10,-9],[10,-9],[-3,-19],[-52,-14],[-12,-15],[1,-20],[13,-13],[16,-4],[30,3]],[[56463,44192],[-14,-14],[-44,-15],[-48,-5],[-14,-7],[-30,11],[-31,-29]],[[56282,44133],[-22,7],[-23,33],[-12,35],[-12,-6],[-61,-7],[-87,4],[-54,23],[-30,28],[-39,9],[-101,-3],[-23,-5],[-4,7],[6,8],[-72,32]],[[52227,46177],[2,-42],[-15,-35],[-18,-19],[-39,-25],[-45,-43]],[[52112,46013],[-66,-63]],[[52046,45950],[-54,30],[-63,10],[-20,9],[-31,-2],[-24,4],[-5,-3],[8,-29],[30,-37],[4,-20],[-7,-2],[-3,13],[-13,-7],[-13,8],[1,6],[-22,8],[-31,-74],[-29,7],[-20,-18],[0,-8],[-16,4],[1,5],[-31,3],[-9,9]],[[51699,45866],[2,46],[-18,75]],[[51683,45987],[-13,49],[-12,19],[-16,-7],[2,11],[-19,29],[-22,-5],[-4,19],[4,8],[12,-2],[3,10]],[[51618,46118],[17,-4],[21,1],[1,18],[42,2],[1,14],[15,1],[8,-43],[29,4],[4,-10],[44,-20],[32,41],[48,32],[16,18],[17,6],[4,-26],[19,4],[-5,18],[11,3],[1,11],[12,3],[-41,49],[20,12],[42,14],[-1,6],[7,-2],[5,6]],[[51733,46589],[-23,-21],[-10,-44],[10,-1],[0,-11],[21,0],[0,-47],[-23,0],[14,-53],[-11,-2],[12,-11]],[[51723,46399],[-305,97],[-102,17],[-276,28]],[[51040,46541],[20,18],[25,12],[23,34],[5,45],[11,19],[10,57],[23,75]],[[51157,46801],[41,-42],[39,-9],[14,-10],[5,-19],[28,-12],[22,1],[23,13],[19,3],[10,11],[40,-16],[49,1],[44,-10],[34,-25],[32,-10],[20,-11],[17,15],[36,-8],[16,-13],[1,-32],[23,-8],[7,-10],[12,-1],[10,-11],[34,-9]],[[63466,42166],[13,-33],[14,-10],[15,-4]],[[63508,42119],[-6,-23],[26,-18],[-7,-3],[-2,-16]],[[63237,41920],[-9,61],[-27,2],[-32,21],[-32,31],[28,24],[18,44],[30,-17],[0,37],[-5,3]],[[63208,42126],[11,51],[33,8],[12,-22],[1,-24],[13,-5],[35,23],[38,-32],[35,31],[58,3],[12,9],[10,-2]],[[52791,46550],[8,-15],[-3,-49]],[[52642,46280],[-27,17],[-36,3],[1,5],[-44,5],[-56,18],[-15,-33],[-49,-25],[-20,-2]],[[52326,46497],[27,51],[14,15]],[[52367,46563],[29,31],[-1,37],[36,1],[33,-7],[94,8]],[[52349,45743],[-16,-2],[-48,13],[-87,-30],[-77,-88],[-17,-29]],[[52104,45607],[-15,14],[-89,40]],[[52000,45661],[-3,9],[-15,4],[7,4],[-3,11],[9,8],[-3,3],[12,4],[6,15],[12,11],[-9,4],[6,13],[-7,17],[-42,-5],[-15,4],[-25,12],[13,27],[-27,8],[44,58],[33,22],[53,60]],[[52112,46013],[63,-58],[33,-19],[24,-23],[-7,-16],[101,-33],[36,-26],[22,-26],[-2,-17],[-19,-6],[-11,-9],[-3,-37]],[[51987,46276],[-264,123]],[[51733,46589],[14,-1],[32,-49],[9,4],[26,-11],[12,3],[25,-8],[11,2],[1,-8],[29,6],[-1,-3],[13,2],[80,-15],[31,10],[6,0],[1,13],[7,7],[-5,16],[7,2],[11,19],[9,1],[11,19],[-5,21],[8,6],[-6,10],[6,7],[-15,30],[4,13],[10,9],[-7,9],[3,6],[8,-1],[7,11],[15,2],[8,27],[-15,16],[2,13],[12,5],[7,21],[35,16],[2,-7],[11,5],[1,-6],[16,-11],[8,3],[13,-6],[-4,-4],[5,-18],[55,-38],[73,-40],[3,-37],[27,-26],[6,-19],[-3,-15],[15,-37]],[[60252,43892],[-38,-4],[-17,4],[-95,73],[-49,-6],[-14,-24],[-72,26],[-20,17]],[[59947,43978],[-8,13],[-1,49],[-16,30],[-18,16],[-73,34],[24,86]],[[59855,44206],[45,-6],[51,-23],[66,-16],[19,-9],[9,1],[24,-11],[34,20],[39,-1],[41,-10],[22,-14],[13,-1],[34,-16],[31,0],[37,26],[29,51],[31,37],[66,51]],[[60446,44285],[16,11],[19,-125]],[[53235,45960],[2,-6],[12,-1],[6,-16],[-5,-29],[124,-12],[122,-49],[2,4],[74,28]],[[53572,45879],[13,-25],[9,-37],[12,-13],[16,-7],[-1,-12],[-16,-2],[12,-30],[26,-17],[-4,-41],[-79,-25],[-77,-46]],[[53483,45624],[-51,-41],[-50,-48]],[[53382,45535],[-56,10],[2,8],[-22,5],[1,6],[-14,10],[14,13],[-9,7],[5,4],[6,-8],[20,15],[-13,5]],[[53316,45610],[-6,10],[-77,43],[-34,25]],[[53199,45688],[-13,10],[-16,0],[3,13],[-8,8],[-112,46]],[[63289,42371],[-6,1],[-6,-18]],[[63277,42354],[-19,22],[-17,-10],[-44,-10],[8,-9],[-32,-33],[-1,-26]],[[63172,42288],[-99,20],[2,5],[-36,17],[-17,14],[-79,92],[-36,100]],[[62907,42536],[61,14],[35,1],[2,-6],[24,4],[-5,12],[6,1],[23,-19],[33,4],[5,-7],[46,4],[19,13],[27,-8]],[[50816,52542],[48,-14]],[[50864,52528],[69,-25],[71,-42]],[[51004,52461],[58,-28],[102,-34],[38,-29],[26,-42]],[[51228,52328],[-29,-17],[-7,7],[-24,-12],[-2,-21],[-15,-9],[-1,-6],[-11,-6],[-21,3],[-30,-11],[-90,-64],[-63,-32],[-15,-12],[-2,-21],[-14,-8],[-8,2],[-20,26],[-34,-9],[-48,11],[-13,-37],[-9,-11],[-36,6],[-13,7],[-11,-8],[-11,4],[6,-27],[-44,-68],[-15,-58],[-11,-7],[-32,-44],[13,-19],[-5,-14],[3,-14],[7,3],[4,-13],[-7,-2],[8,-9],[-4,-2],[14,-9],[-8,-3],[7,-5],[2,-11],[-5,-4],[14,-1],[-3,-13],[8,-7],[1,-10],[7,-1],[4,-36],[13,-8],[17,-26],[11,3],[6,-15],[13,-6],[-1,-5],[12,-1],[4,-11],[-5,-3],[12,-5],[16,-26],[23,-18],[-10,-6],[3,-16],[-7,-2],[-3,-36],[17,-2],[8,-45],[-19,-66]],[[50775,51442],[-29,1],[-3,-5],[-32,-2],[1,4],[-10,-2],[-30,13],[-1,4],[-42,4],[-6,4],[5,6],[-9,0],[-9,11],[-5,-3],[-13,14],[-9,-4],[-29,9],[-40,-5],[-6,9],[-9,-2],[-5,10],[-22,13],[-52,22],[-4,11],[-35,27],[-18,-12],[-40,-10],[-11,-10],[-48,39],[-35,-29],[-22,8],[-21,-13],[-93,35],[-35,-32],[-4,5],[-29,-15],[-31,1],[-28,-20],[-31,-11],[-4,-26],[-40,-37],[-31,-22],[-13,-17],[-16,-7],[-22,-27],[-36,-55],[-15,-45],[-11,14],[-30,15],[-2,9],[-29,12],[-17,16],[-40,10],[-44,-18],[-46,1],[-16,-15],[-26,-7],[-5,-11],[-32,-17],[-22,0],[-44,-23],[-25,-6],[0,-39],[-43,-71],[3,-13],[19,-29],[-3,-18],[-16,-23],[4,-33],[-7,-27],[5,-12],[18,-10],[3,-27],[11,-16],[9,-38]],[[49372,50905],[-16,-11],[-29,0],[-22,-12],[-10,-17],[4,-12],[-8,-11],[-13,10],[-28,7],[-19,1],[-22,-8],[-21,0],[-11,13],[-14,3],[-36,-14],[-19,2],[-31,-15],[-20,3],[-5,-5],[-4,7],[-25,-11],[-53,5],[-37,-49],[-13,2],[-8,13],[-33,15],[-13,-26],[-46,-26],[-22,-28],[-26,4],[-43,-9],[-50,2],[-33,-9],[-25,-1],[-20,-9],[-35,-98],[-7,-14],[-9,0],[-35,16],[-29,54],[-42,-12],[0,11],[-13,24],[-21,-8],[4,15],[-5,2],[0,13],[19,58],[-2,16],[-11,15],[-63,48],[-35,53],[-37,82],[-19,115],[-12,34]],[[48249,51143],[25,7],[20,13],[13,0],[26,16],[6,-4],[17,10],[-2,8],[17,9],[8,37],[9,-1],[-7,10],[7,5],[-5,5],[7,4],[-4,6],[16,4],[3,15],[9,2],[-2,-7],[8,-1],[13,24],[2,18],[-14,21],[9,15],[-10,6],[4,13],[-13,6],[3,12],[5,2],[-7,6],[5,8],[-5,3],[9,4],[0,10],[6,0],[1,15],[-8,9],[7,1],[5,22],[30,4],[19,-12],[7,2],[7,-4],[6,13],[-4,29],[20,13],[9,-5],[15,9],[4,13],[15,14],[-7,4],[5,26],[7,10],[10,1],[7,26],[31,46],[20,60],[15,12],[1,8],[10,1],[-5,14],[7,17],[24,7],[5,8],[10,0],[20,19],[10,3],[3,7],[8,-3],[14,5],[2,7],[11,6],[-1,13],[10,11],[-1,6],[20,9],[10,10],[44,-12],[12,-7],[21,12],[9,-11],[19,2],[-2,-6],[9,-5],[14,5],[-1,-10],[12,-7],[-12,-11],[18,-7],[31,4],[8,6],[19,-14],[3,8],[13,10],[23,-3],[-4,11],[6,8],[7,-1],[2,11],[-11,27],[4,44],[-21,42],[-6,28],[4,8],[-14,17],[-25,7],[-42,26],[4,10],[7,5],[26,-10],[-3,9],[5,11],[14,-5],[1,8],[47,-4],[33,-11],[-1,-6],[30,-6],[1,-5],[15,0],[14,-54],[52,-115],[9,13],[7,-2],[0,6],[8,2],[0,8],[57,10],[12,9],[-2,18],[19,92],[26,31],[22,11],[45,44],[-24,49],[0,24],[-46,23],[13,14],[25,76],[8,-13],[33,-8],[25,15],[9,14],[35,17]],[[49472,52347],[10,-8],[14,4],[21,-3],[15,13],[19,-4],[17,13],[32,5],[4,12],[10,3],[93,5],[14,-21],[14,-1],[6,-5],[-17,-11],[7,-10],[-8,-10],[57,-17],[63,0],[66,21],[38,26],[51,46],[35,-51],[12,7],[4,-3],[30,17],[-5,4],[7,6],[15,-5],[4,7],[63,25],[7,-6],[32,10],[68,31],[28,23],[-18,12],[-19,23],[13,2],[11,9],[30,44],[-31,68]],[[50284,52628],[144,-8],[-1,-23],[17,-41],[48,5],[3,9],[-11,25],[19,2],[1,17],[138,-24],[174,-48]],[[53910,46197],[-11,29],[-23,-4],[-19,-8],[-40,-29],[-42,-6],[-48,-23]],[[53636,46284],[-24,30],[1,12],[-43,39],[61,37],[-4,13],[18,16],[5,-3],[30,1],[-2,-4],[16,-6],[15,5],[48,47],[9,18],[7,-10],[34,29],[21,49],[23,5],[30,19]],[[59739,43806],[6,13],[-13,9],[-6,1],[-8,-7],[-12,8],[-26,-1],[1,6],[-13,0],[-8,-4],[-1,5],[-19,5],[-15,10],[-62,6],[51,20],[36,7],[76,6],[123,25],[85,3],[13,27],[0,33]],[[56651,43190],[-3,-8],[-49,-7],[-2,14],[-72,-45],[-3,16],[-17,-2],[-39,-19],[11,-46],[14,-29],[-13,-5],[-10,-17],[-8,0]],[[56460,43042],[-16,2],[2,-6],[-18,-9],[-9,-10],[-76,-14],[-1,-19],[-62,-2]],[[56280,42984],[-73,-1],[-37,10],[-43,22],[-29,7],[-4,-9],[-21,6]],[[56073,43019],[32,45],[14,41],[20,23]],[[56139,43128],[73,27],[28,29],[11,87],[20,-1],[11,11],[20,35],[-9,2],[11,13],[-8,11],[11,6],[-8,11],[32,29],[-5,9],[9,2]],[[56348,43418],[23,-7],[-3,-6],[16,-7],[54,-14],[0,-18],[21,-2],[-4,-13],[-24,4],[-7,-11],[-10,3],[-4,-8],[6,-1],[-2,-6],[-15,-18],[83,-55],[169,-69]],[[59483,47133],[-5,-9],[74,-132],[-15,-52],[60,-39],[-28,-35],[-3,-17],[8,-18],[18,-21],[0,-10],[-18,-33],[-7,-26],[-26,-31],[-45,-20],[-32,-5],[-34,-43],[-36,-17],[-82,-16],[-64,-3],[-5,-16],[4,-19],[55,-28],[24,-19],[-16,-15],[-7,-18],[5,-56],[-19,-55]],[[59112,46289],[-60,34],[-29,26],[-33,12],[-79,62],[-66,39],[-23,24],[-52,86],[-60,58],[-102,27],[-5,-4],[-11,-40],[27,-11],[-12,-3],[-13,-13],[-23,12],[-8,-28],[-12,-20],[-1,-17],[-11,-18]],[[58539,46515],[-37,-38],[-3,-21],[-23,-39],[0,-56],[-23,-32]],[[58453,46329],[-33,19],[-18,-12],[-17,3]],[[58476,46723],[14,9],[-19,7],[-18,22],[-43,35],[-9,14],[-4,23],[-25,24],[7,16],[-10,41],[-25,52]],[[58344,46966],[67,22],[3,8],[97,54],[40,16],[-2,6],[32,31],[67,41],[54,10],[1,55],[116,21],[22,9],[4,8],[-14,33],[-14,14],[28,15],[-4,18],[26,11],[153,128]],[[59020,47466],[63,-36],[37,-45],[25,-47],[22,-18],[9,-3],[80,23],[5,-17],[10,16],[32,-35],[-33,-14],[-15,-16],[53,-24],[74,-52],[64,-31],[24,-17],[13,-17]],[[53672,45404],[-34,59],[-29,-17],[-42,-7],[-19,16],[-8,20],[7,3],[0,23],[8,28],[21,33],[5,18],[-98,44]],[[53572,45879],[96,38],[146,21]],[[53814,45938],[14,-175]],[[59539,45077],[45,-33],[1,-9],[15,-9],[67,-14],[50,-22],[36,-23],[42,-13],[8,-19],[18,-11]],[[59457,44630],[-10,-19],[-7,-2]],[[59440,44609],[-7,-2],[0,-22],[-27,-57],[-9,-39],[-13,3],[-3,-4],[22,-21],[-16,-28],[-10,7],[2,-24],[-6,-24],[5,-6],[-25,-6],[-26,-46],[-27,-2],[-10,-21],[-20,-21],[1,-7],[-52,-40],[-48,0],[-11,9],[-46,12],[-20,16],[-20,7],[-8,11],[-23,10],[-8,-5],[-15,5],[-4,-3],[-10,9],[-43,-9],[-12,-24],[-19,-15],[-8,-34],[-10,2],[-9,-8],[-11,5],[-21,-3],[-2,9],[-14,4],[-4,-5],[-7,7],[-6,-3],[-16,9],[0,7],[-16,12],[-18,-2],[-18,7],[-13,14],[-12,-1],[-14,20],[-9,-4],[3,8],[-13,7],[-2,11],[-17,6],[2,5],[-13,15],[-12,5],[1,10],[-22,7],[-5,16],[-19,6],[-6,10],[2,4],[-7,8],[8,7],[-6,7],[10,4],[-15,9],[9,5],[-4,8],[2,7],[-8,0],[-16,-19],[-44,29],[-25,7],[-94,106],[-37,23],[13,4],[-114,41]],[[57236,44178],[5,-11],[-32,-15],[-10,-1],[-6,7],[-64,-32],[18,-41],[33,-17],[34,-9],[-23,-24],[-26,-14],[-36,-62],[-22,-21],[-8,-25],[-23,-19]],[[56950,44237],[15,-8],[76,-5],[3,-16],[26,0],[3,6],[15,7],[48,7],[7,-20],[14,6],[35,-35],[9,-1],[22,12],[13,-12]],[[59440,44609],[23,-67],[28,-9],[19,-34],[24,-14],[13,-2],[5,-30],[38,6],[19,-4],[-11,-36],[74,-38],[46,-41],[7,-13],[3,-45],[15,-13],[13,-20],[62,-37],[37,-6]],[[59629,43725],[-67,-56],[-28,-32],[-20,-4],[-27,-38],[-32,-4],[-3,-6],[-52,3],[-33,-24],[-21,13],[-67,2],[-69,30],[-42,9],[-15,-5],[-84,34],[-52,30],[-2,-14],[-37,8],[-12,-2],[-11,-13],[-19,-38],[9,-14],[1,-17],[13,-10],[-11,-1]],[[57567,43739],[151,70],[48,15],[39,5],[39,18],[29,5],[1,20],[-16,13],[0,23],[18,15],[17,4],[14,24],[28,1],[9,-8],[15,-3],[22,18],[15,21],[1,10],[-18,25],[-21,8],[-19,1],[-10,8],[-2,-5],[-17,-2],[-5,6],[-33,-5],[0,6],[-18,4],[-12,15],[4,8],[-10,19],[15,6],[3,13],[-9,9],[3,17],[-17,7],[-9,29],[10,9],[38,-9],[28,11],[6,20],[-13,18],[-12,33],[-13,10],[-74,3],[-14,8],[-10,-8],[-31,-8],[-19,1],[-7,10],[-2,10],[11,-2],[2,4],[-8,23],[14,19],[-2,13],[7,14],[12,2],[13,16],[-7,16],[6,7],[13,3],[10,37]],[[57780,44419],[-15,39],[-34,12],[-19,16],[-6,13],[-2,39],[-21,11],[1,12],[-11,1],[-6,-7],[-38,-16],[-3,37],[-29,9],[-15,15],[-9,23],[-15,4],[-7,8]],[[54332,44271],[41,-24],[0,-16],[15,-31],[-21,-14],[10,-7],[-7,-20],[21,-1],[-26,-80],[6,-3],[1,-16],[-5,-7],[-8,3],[-13,-22]],[[54268,43997],[-13,17],[-14,-2],[-15,11],[5,7],[-31,-1],[-16,13],[-6,-2],[-8,4],[-8,-6],[2,-10],[-15,-3],[-3,9],[-19,2],[-8,8],[3,25],[-7,15],[-4,29],[-46,57]],[[53067,43712],[-17,0],[-15,-18],[-12,2],[-18,11],[-20,34],[-16,1],[-13,15],[-42,21],[-20,-2],[-35,8],[-42,2]],[[52817,43786],[1,19],[8,15],[12,2],[-1,24],[15,27],[16,4],[1,-5],[18,15],[21,4],[38,-10],[36,11],[-5,6],[25,15],[2,-4],[9,2],[36,35],[10,0],[5,-8],[17,-5]],[[53298,43976],[20,-24],[-2,-25],[-8,-15],[11,-19],[7,-52],[32,-16],[-21,-1],[-9,-31],[29,-6],[31,3],[13,-6],[6,-14],[10,1]],[[53921,44174],[-27,3],[-43,18],[-27,23],[-8,23],[-8,7],[-35,-54],[-29,9],[-4,8],[-12,2],[-23,40]],[[53231,44548],[38,52],[45,37],[25,31],[73,55]],[[44905,48037],[-2,-30],[11,-9],[2,-23],[-19,-38],[-26,-16],[7,-2],[-13,-22],[14,-11],[-18,-11],[9,-8]],[[44864,47791],[6,-10],[-5,-12],[-52,-31]],[[44813,47738],[-19,-3],[-28,3],[-80,30],[-15,11],[-9,18],[4,20],[18,17],[45,15],[34,4],[42,25],[3,17],[-26,43],[-13,6],[-21,0],[-33,-33],[-23,-6],[-38,9],[-35,23]],[[44348,48008],[77,41],[19,15],[57,-15],[36,-1],[2,-4],[18,14],[5,-5],[47,22],[38,58],[-2,25],[6,8],[-7,14],[6,7],[-24,22],[2,16],[-5,5],[15,21],[29,16],[-7,17],[4,1]],[[44664,48285],[167,-392],[1,15],[21,43],[52,86]],[[44696,41954],[-66,0],[-40,-12],[-57,-7],[-24,1],[-21,-6],[-41,3],[-15,7],[-37,-19],[-34,8],[-25,-3],[-18,-16],[-37,40],[-2,20],[2,14],[22,24],[0,18],[18,23],[-19,47],[4,8],[-10,44],[7,20],[10,6],[9,33],[-8,15],[-11,-18],[-40,-13],[-21,-15],[-31,21],[-28,6],[-48,28],[5,31],[-13,7],[-14,25],[1,70],[20,22],[25,16],[0,36]],[[42277,49424],[64,-56],[48,-32],[11,5],[1,-10],[27,-18],[26,-43],[-9,-3],[52,-89]],[[42497,49178],[-12,-2],[8,-45],[24,-34],[0,-8],[10,-5],[-18,-17],[-60,-37],[36,-36],[-53,-26],[-48,-53],[-112,11],[-38,-8],[-23,-31],[-7,-21],[8,-7],[2,-33],[14,-20],[25,-14],[50,-17],[67,-46],[100,-53],[124,-116],[-55,2],[-24,13],[-83,-72],[-36,-51],[-90,16],[-43,0],[-8,10],[5,24],[-23,13],[-35,-2],[-57,-22],[-23,-23],[-24,-93],[10,-12],[33,-7],[7,-7],[0,-12],[-44,-56]],[[41578,48497],[8,-8],[9,1],[20,25],[46,12],[19,-22],[-2,-17],[5,-6],[29,0],[16,-19],[23,-3],[32,-27],[27,-14],[14,0],[13,8],[38,-9],[20,-22],[-3,-13],[-26,-19],[-1,-11],[9,-11],[-2,-13],[-11,-4],[-29,12],[-11,-2],[-7,-9],[9,-40],[33,-9],[36,-31],[55,-6],[78,6],[37,12],[42,23]],[[41578,48497],[-17,35],[-41,18],[-7,11],[9,7],[48,10],[28,-9],[7,2],[-1,22],[15,23],[3,18],[27,31],[-6,30],[8,22],[-22,22],[-10,24],[-42,35],[-5,21],[-19,-3],[-14,-23],[-20,-10],[-16,-23],[-13,0],[-31,15],[7,24],[-8,9],[-8,-1],[-22,-20],[-26,6],[-24,-5],[-5,-6],[-2,-22],[-19,-3],[-18,6],[-6,13],[25,17],[24,6],[5,11],[-34,8],[-9,23],[-18,2],[-5,13],[-12,8],[-17,-22],[-40,7],[-10,-3],[-25,-38],[-14,5],[-26,35],[-8,-1],[-17,-14],[-9,1],[-7,13],[4,17],[26,10],[12,11],[24,5],[0,12],[-29,-6],[-43,21],[-52,3],[-8,-3],[3,-9],[-8,-14],[0,-15],[-29,-10],[2,-23],[-21,-3],[-12,4],[-3,8],[16,22],[-26,8],[-23,36],[-29,8],[-16,-15],[-4,-23],[7,-3],[-19,-31],[-30,-6],[-64,33],[-3,26],[22,11],[-32,39],[-2,23],[-39,7],[-17,-9],[-44,4],[13,38],[-47,115],[5,13],[24,9],[44,41],[1,50],[-14,37],[-43,11],[-42,-46],[-46,-27],[-3,-9],[-58,21],[-24,1],[-12,7],[-9,-3],[-28,-25],[11,-12],[3,-16],[-29,-25],[4,-18],[-7,-10],[-28,-14],[-9,12],[-10,2],[-25,-21],[-5,-19],[-14,-9],[-12,-1],[-9,19]],[[40325,49106],[-6,12],[8,29],[-54,5],[-29,-10],[-18,8],[-49,2],[-138,48],[-15,-8],[-12,-23],[-18,11],[-6,31],[-16,18],[-67,19],[-37,6],[-24,-1],[-33,44],[-8,54],[6,5],[27,1],[34,21],[27,26],[-6,16],[12,3],[5,13],[0,33],[-13,19],[-14,1],[-11,8],[-30,-18],[-32,-56]],[[39808,49423],[-37,10],[3,7],[-10,20],[-15,0],[0,11],[-10,13],[-14,1],[-3,12],[13,38],[24,32],[-8,53],[-5,14],[-16,19],[-1,33],[29,36],[7,25],[44,47],[22,35],[5,25],[9,11],[-6,11],[20,-8],[14,2],[11,10]],[[44905,48037],[24,52],[32,45]],[[44961,48134],[16,-11],[11,-18],[23,23],[15,-43],[24,-26]],[[51040,46541],[-15,-20],[1,-17],[-29,-30],[-7,-24],[-15,-23]],[[50975,46427],[-14,-45],[-14,-16],[0,-15],[-10,-19],[5,-26],[-19,-22],[-14,-50],[-29,-50],[-3,-17]],[[49997,46618],[11,7],[18,29],[19,4],[34,-10],[37,15],[6,-21],[59,-24],[-3,-32],[12,-15],[13,-3],[66,35],[22,26],[3,-4],[14,11],[10,17],[60,15],[42,-1],[44,11],[15,-16],[55,-23],[79,-2],[17,5],[28,-16],[51,18],[30,3],[98,30],[-27,72],[43,16],[10,-3],[34,23],[37,7],[25,23],[10,2],[38,-8],[33,5],[61,44]],[[51101,46858],[11,-8],[13,-36],[32,-13]],[[59388,41510],[-12,-12],[-39,-11]],[[58680,41555],[31,-3],[7,14],[62,-11],[51,28],[60,-17],[35,-5],[45,2],[21,-24],[8,0],[28,13],[-10,53],[47,30],[8,13],[14,0],[1,-5],[12,-1],[0,-9],[23,-12],[-7,-11],[2,-13],[59,34],[7,-7],[18,11],[16,44],[13,-3],[10,42]],[[59223,42342],[-9,-13],[-33,-22],[-13,-26],[19,-24],[8,-30],[-1,-10],[-28,-14],[8,-8],[1,-37],[20,-29],[11,-41],[12,-14],[-1,-17],[13,-51],[-7,-54]],[[59957,41110],[-36,-26],[-30,-36],[-50,-43],[-41,-22],[17,-27],[26,-74],[5,-3]],[[59625,40886],[-37,43],[-2,18],[56,58],[18,5],[-2,16]],[[59658,41026],[-2,10],[38,3],[68,85],[6,-16],[12,7],[55,63],[23,17],[78,-60],[-1,-8],[22,-17]],[[58421,38995],[-47,-18],[-6,7],[-7,-2],[-51,-28],[13,-16],[-26,-18],[-32,-71],[-76,-22],[55,-83],[47,10],[3,-35],[-29,-6],[-64,-26],[7,-9],[-17,-9],[3,-10]],[[57510,38924],[19,17],[43,59],[11,8],[-1,12],[22,67],[37,31],[28,11]],[[58025,39466],[12,12],[14,6],[9,15],[35,12],[63,4],[10,-10],[3,-21],[21,5],[10,-3],[-1,-7],[-17,-2],[-16,-9],[16,-31],[-4,-10],[20,-18],[14,4],[17,-4],[3,-22],[-6,-4],[14,-9],[24,-42],[33,-16],[14,7],[10,-2],[3,-8],[7,-1],[15,-13],[-15,-43],[-45,-59],[-15,-11],[-5,-13],[5,-6],[28,-3],[17,-32],[43,-53],[11,-32],[12,-14],[16,-9],[1,-12],[8,-1],[12,-16]],[[61397,44772],[180,-93],[88,-40],[-4,-18],[65,-14],[1,-13],[35,-13],[4,4],[283,-144],[41,-27],[163,-79]],[[62487,44206],[-23,19],[-211,110]],[[62487,44206],[-35,-86],[-54,-97],[-267,-606],[-30,12],[-84,-6],[-37,-16],[-62,-60],[-33,12],[-68,40],[-40,5],[-20,8],[-40,1],[-39,37],[-152,-76],[-11,6],[-24,-14],[-26,6],[-8,7],[-9,77],[23,31],[-5,22],[8,3],[-12,7],[15,37],[-18,6],[26,37],[16,6],[11,34],[28,20],[11,2],[3,7],[-75,87],[-41,5],[-30,-7],[-65,0],[-53,3],[-41,8],[-39,-9]],[[61210,43755],[23,121],[20,46],[23,-2],[5,32],[-19,35],[6,5],[11,41],[-16,4],[3,25],[-32,6],[-4,21],[-22,-3],[-14,40],[26,26],[0,19],[15,14],[9,1],[0,24],[10,0],[14,58],[35,63],[-22,15],[9,11]],[[61126,44896],[15,1],[3,-5],[8,3],[245,-123]],[[58113,49600],[-9,-36],[-42,14],[-2,-37],[7,-2],[1,-8],[-17,-18],[17,-6],[-42,-21],[10,-15],[-10,-20],[-16,-9],[4,-4],[31,10],[42,4],[-33,-56],[-8,-55],[16,13],[79,-15],[20,-17],[18,0],[14,7],[44,-18]],[[58037,48918],[4,71],[-13,55],[13,21],[50,48],[20,5],[21,-6],[43,-27],[23,-41],[44,-23],[41,-4],[17,6],[51,45],[30,35],[45,36]],[[57618,49570],[194,-5],[15,19],[1,19],[20,18],[8,39],[16,0],[20,19],[59,-22],[-5,-15],[8,-10],[26,7],[12,24],[100,-30],[-5,-9],[26,-24]],[[54645,48624],[-7,-15],[-27,-27],[-23,-2],[-13,-19],[-19,13],[-22,-23],[-9,1],[-22,-26],[43,-40],[-5,-3],[59,-21],[31,-1],[2,3],[41,-65]],[[54811,48146],[-7,-66],[14,-44],[-30,-5]],[[54527,48019],[51,22],[-101,72],[-17,26],[-22,86],[-8,-4],[-11,16],[6,8],[-60,-9],[-54,27],[-90,-9],[-110,30],[-98,51],[-25,21],[-97,45],[-201,-132]],[[53690,48269],[-14,22]],[[53676,48291],[109,88],[11,17],[-13,29],[15,39],[17,74],[5,1],[-2,34],[5,7],[-37,61],[-7,29]],[[53779,48670],[33,14],[36,-1],[66,20],[43,-3],[54,38],[32,13],[103,-14],[20,3],[49,-16],[65,6],[52,-14],[13,31],[19,27],[34,-1],[24,9],[74,49],[46,13],[66,42],[17,28]],[[54625,48914],[72,-37],[15,-13],[7,-14],[-17,-35],[-19,1],[-15,-10],[-12,9],[-19,4],[-17,-33],[-6,3],[-5,-11],[-26,9],[-5,-10],[7,-2],[-3,-5],[-10,-3],[32,-12],[-10,-29],[9,-12],[4,-20],[11,-5],[-29,-12],[56,-53]],[[49342,48879],[-22,-28],[-20,-15],[-8,3],[-18,-16],[-32,16],[-11,-13]],[[49170,48851],[-1,5],[16,13],[14,1],[28,12],[16,16],[-8,5],[10,2],[13,31],[-7,11],[6,7],[35,-2],[57,-23],[-16,85],[12,6],[10,20],[24,26],[16,0],[9,23]],[[49404,49089],[54,8],[22,-2],[21,-9],[14,4],[17,-10],[-17,-25],[5,-37],[-5,-20],[-20,-17]],[[48915,49816],[227,-117],[246,-141]],[[49388,49558],[-9,-3],[-4,-10],[19,-9],[15,-18],[-7,-16],[6,-4],[-20,-16],[2,-19],[7,-2],[-1,-10],[6,-9],[-7,-5],[7,-14],[17,-9],[-3,-2],[6,-8],[14,-7],[-2,-5],[18,-8],[3,-11],[7,2],[8,-7],[-6,-15],[1,-5],[-10,-15],[4,-9],[-10,-5],[-3,3],[-5,-11],[3,-6],[16,0],[4,-22],[-21,-23],[-19,-2],[2,6],[-10,-4],[-5,-9],[-22,13],[-17,-2],[4,5],[-6,4],[-10,-7],[-9,9],[-19,-25],[1,-7],[15,-7],[0,-21],[-10,-8],[-23,8],[-25,-7],[11,-5],[-3,-15],[11,-9],[8,0],[2,-8],[27,4],[4,-17],[10,-3],[4,-7],[-8,-10],[9,-3],[1,-7],[7,0],[4,-14],[-5,-17],[20,-7],[12,1]],[[48294,48447],[-42,29],[-9,18],[-4,31],[6,2],[-12,18],[-1,50],[53,7],[-31,60],[-27,18],[-32,11],[-42,-1],[-45,-6],[-6,-6],[-161,-13],[-34,29],[-11,-4],[-4,4],[-22,2],[-13,-7],[-66,-7],[-7,8],[-5,38],[17,2],[-9,39],[-43,-7],[-21,71],[39,11],[10,15],[-21,11],[6,11],[32,23],[4,30],[-7,34],[-8,-2],[-7,14],[17,4],[23,-28],[31,-9],[17,12],[19,-6],[59,0],[-29,45],[-79,5],[4,29],[56,8],[10,-20],[-3,-19],[11,-1],[0,13],[27,20],[-27,21],[-27,11],[-13,13],[-49,4],[-1,6],[10,6],[18,30],[3,9],[-9,3],[2,5],[10,1],[21,-11],[6,8],[38,-7],[7,-8],[13,7],[31,-2],[23,-12],[25,-25]],[[48015,49092],[7,-11],[-3,-6],[19,-1],[12,-7],[-16,-15],[2,-16],[34,-6],[35,7],[34,26],[42,-21],[10,4],[36,-13],[5,8],[-16,15],[1,11],[10,3],[20,28],[42,-11],[39,13],[17,1],[14,-10],[14,1],[5,-8],[17,-4],[15,3],[17,12],[-9,4],[-5,22],[7,13],[-8,20],[-10,8],[-6,29],[7,4],[-17,19],[-26,6],[-14,9],[-7,11],[6,21],[-3,8],[22,9],[0,8],[11,2],[-5,6],[22,9],[-3,5],[12,7],[-7,1],[15,21],[-45,28],[3,62],[-6,-2],[-58,83],[-27,48],[-27,130],[-27,21],[16,19],[18,2],[14,22],[78,-19],[37,1],[43,-5],[119,2],[38,-6],[35,-12],[22,60],[26,-12],[20,17],[27,41],[30,19],[32,3],[4,-7],[-10,-8],[-2,-40],[10,-37],[14,-6],[-5,17],[2,40],[10,-1],[-8,-23],[4,-21],[27,12],[-2,11],[9,2],[11,11],[28,6],[20,12],[18,0],[8,9]],[[48900,46845],[-29,-46],[14,-30],[28,-15]],[[48449,46458],[21,35],[87,79],[11,30],[1,23],[10,4],[11,-8],[33,3],[8,8],[16,-2],[1,16],[10,4],[-27,36],[-79,73]],[[45196,36863],[9,-78]],[[45117,36754],[-160,-52]],[[41726,38948],[-18,-10],[-30,3],[-49,-7],[-17,-13],[-56,-12],[-73,-29],[-42,-33],[-42,-44],[-26,-7],[-19,-12],[27,-33],[-5,-2],[6,-10],[-7,-11],[-6,7],[-47,-22],[-40,-63],[-41,-18],[-11,-11],[10,-16],[-12,10],[-17,-7],[-24,14],[-36,6],[-28,-14],[-25,2],[-38,-36],[-31,-16],[-9,13],[1,20],[20,7],[-7,22],[43,5],[-12,17],[-36,20],[-11,27],[-19,19],[-12,7],[-37,5],[-16,9],[-16,-5],[-42,29],[-4,21],[7,15],[10,-2],[0,9],[-8,2],[2,13],[8,6],[-3,8],[24,19],[-16,21],[-1,30],[-7,5],[10,5],[-1,8],[12,1],[-43,52],[-27,16],[-14,1],[-24,12],[-21,-7],[-19,7],[-19,-1],[-28,-10],[-2,5],[-25,3],[-22,-4],[-16,11],[-9,-4],[-8,6],[-9,-7]],[[40623,39000],[-15,-2],[-17,10],[3,43],[16,50],[-8,82],[-18,50],[-12,7],[-14,21],[-7,35],[-15,20],[22,-7],[72,26],[39,34],[30,12],[17,14],[17,26],[25,22],[33,9],[51,44],[40,3],[16,-9],[0,34],[-71,18],[10,51],[17,10],[45,53],[-1,9],[-12,6],[18,35],[5,30],[-10,19],[13,0],[8,9],[-43,81],[3,16],[8,14],[26,2],[39,13],[3,-9],[17,-7],[33,16],[1,-8],[41,2],[-1,-6],[16,1],[42,26]],[[46034,38073],[-23,-13],[-17,26],[-10,-4],[-9,6],[35,20],[-36,-17],[-8,17],[-21,-9],[-27,50],[-27,34],[-18,-8],[-28,4],[-12,5],[-7,21],[-31,-11],[-5,1],[0,11],[-28,6],[-3,27],[25,0],[18,21],[-26,1],[-9,5],[38,0],[-12,35],[14,1],[-3,15],[27,2],[-12,18],[6,8],[-12,7],[-21,-8],[10,-28],[-28,3],[-5,26],[22,9],[1,20],[-24,-5],[-5,19],[-22,-2],[1,-4],[-10,-5],[-2,8],[-49,4],[-26,7],[-41,-2],[-22,-7],[-5,14],[13,19],[-34,22],[-10,11],[5,7],[-35,14],[-14,-14],[-13,-1],[9,-9],[22,18],[15,-8],[17,-17],[-11,-12],[20,-10],[-4,-18],[-28,-4],[-7,21],[-13,-16],[11,-7],[-15,-15],[-6,2],[-11,-8],[-14,3],[-19,15],[24,17],[-37,25],[8,7],[-27,8],[-3,-6],[8,-2],[-11,-10],[-7,9],[6,8],[-15,-1],[-3,5],[-28,3],[-8,6],[-23,3],[1,7],[-19,-2],[-2,8],[-31,0],[-7,-19],[-10,-1],[-8,-26],[-6,8],[-18,2],[-8,-27]],[[44508,38664],[30,1],[126,30],[-37,47],[20,14],[-9,4],[6,9],[30,24],[-12,13],[14,11],[18,0],[21,27],[6,10],[-20,9],[33,40],[-1,10],[43,31],[-18,36],[15,5],[-14,27]],[[45884,39678],[-15,21],[3,19],[-6,9],[4,10],[-8,4],[10,6],[-7,9],[12,40],[-11,7],[2,8],[-12,2],[-12,15],[3,19],[10,-2],[16,10],[5,14],[12,13],[-4,3],[11,6],[17,0],[11,13],[0,6],[-17,8],[-7,10],[2,8],[7,2],[14,17],[-8,8],[-3,22],[13,5],[10,-3],[12,9],[9,-4],[9,10],[8,0],[8,7],[9,-1],[11,15],[-22,28],[8,13],[23,18],[2,-4],[17,6],[27,1],[13,5],[11,15],[22,5],[42,-18],[20,2],[18,12],[15,1],[8,6],[17,-1],[7,11],[7,-3],[0,6],[14,0]],[[46251,40126],[12,-18],[5,-34],[-17,-8],[34,-58],[12,-1],[20,-56],[89,27],[6,12],[8,-11],[51,22],[17,-26],[52,13],[-1,13],[6,6],[21,1],[50,-16],[22,8],[8,10],[26,-1],[41,7],[44,17],[39,9],[12,8],[17,25],[23,9],[58,0],[55,-9],[20,32],[4,52],[52,1],[10,-33],[22,-12]],[[55601,42430],[-26,55],[-10,-3],[0,-7],[-27,-9],[-1,3],[-21,-4],[-7,13],[-10,-5],[-33,14],[-52,1],[-1,3],[-24,-6],[0,53],[-25,-6],[-27,46],[-24,15],[-19,1],[72,82],[20,32],[-2,6]],[[54994,42265],[-19,7],[-16,39],[-74,77],[-78,33]],[[54807,42421],[2,5],[-6,6],[21,41],[10,3],[49,40],[-3,4],[48,60],[15,-8],[9,10],[47,23],[3,33],[23,23],[14,28],[8,60],[8,-2],[4,14]],[[57788,46298],[1,42],[6,16],[71,44]],[[57866,46400],[3,-9],[10,5],[22,-8],[47,0],[15,43],[21,-4],[7,21],[30,-7],[-7,-19],[54,-11]],[[54736,52543],[-42,-12],[5,-15],[-11,-28],[5,-12],[16,-2],[17,-13],[-8,-53]],[[54718,52408],[-61,6],[-53,-4],[-25,-55],[-58,-43],[8,-8],[-22,-39],[-11,2],[-15,-24],[5,-28],[12,-27],[91,-110],[6,-20],[-76,12],[-3,-5],[-41,5],[-68,-1],[-66,-10],[-8,-10],[-47,-7],[-48,15],[-57,0],[-66,19]],[[54115,52076],[-6,100],[15,42],[2,31],[15,25],[8,69],[15,27],[17,106],[-19,50]],[[50732,53657],[-19,-39],[1,-9],[-7,-5],[20,-17],[-19,-23],[-19,-12],[-40,-107]],[[50132,54090],[-12,4],[-8,-3],[-49,-37],[-6,-15],[-10,-8],[-65,-18],[-6,-21],[8,-21],[-13,-15],[-7,-39],[-16,-21],[-50,-37],[-4,-18],[-32,-32],[-3,-21],[-29,-54],[-37,-15],[-25,-35],[-25,-20]],[[50132,54090],[22,-2],[65,24],[41,2],[35,7],[19,-15],[5,-15],[20,3],[38,-7],[12,-9],[6,-12],[-3,-8],[12,-16],[14,1],[17,10],[16,-1],[27,15],[42,-1],[41,10]],[[54813,47372],[96,-18]],[[54952,46941],[-15,-8],[-26,9],[-34,42],[-21,13],[-40,38],[-24,-32],[-13,6],[2,-17],[-7,1],[-20,-30],[-23,-7],[2,-10],[-62,0],[-4,13],[-46,48],[-9,-5],[-42,52],[-11,-2]],[[57793,50446],[25,-9],[8,-9],[-1,-10],[13,-5],[17,-3],[27,8],[40,-22],[59,-6]],[[58176,50317],[-50,24],[-25,3],[-49,30],[-18,18],[-25,3],[-28,-5]],[[58361,49844],[-32,-13],[-43,-9],[-19,-13],[2,-9],[-12,4],[-35,-3],[11,-37],[-9,1],[8,-10],[-24,-9],[-14,-17],[-21,8],[-22,-33],[-15,-4],[28,-8],[-4,-6],[4,-11],[22,-32],[-31,-39]],[[58155,49604],[-31,-11],[-11,7]],[[57793,50446],[-21,-4],[-32,-24],[-39,2],[-11,-4],[-10,-9],[4,-23],[-21,-3],[-35,11],[-1,27],[8,1],[8,-9],[9,-2],[18,17],[-7,18],[-35,35],[-29,5],[-27,-10],[-32,6],[-17,-9]],[[58450,49546],[-112,-123]],[[58155,49604],[35,-7],[17,11],[3,-10],[31,13],[68,15]],[[50932,42456],[-27,45],[5,47],[-3,14],[-9,11],[4,9],[-6,7],[7,22],[41,1],[12,30],[-7,11],[-14,8]],[[50935,42661],[13,14],[30,-19],[44,21],[36,4],[6,9],[103,9],[32,-3],[4,6],[9,-3],[4,4],[35,-19],[7,5],[22,-24],[21,16],[13,20]],[[54541,37362],[51,-1]],[[54633,37378],[33,-29],[-3,-8],[25,-8],[-11,-20],[17,-4],[0,-8],[6,-3],[-3,-5],[30,-10],[-7,-10],[12,-22],[-23,-4],[3,-17],[12,-8],[36,-8],[14,-17],[-13,-6],[-2,-12],[6,-25],[-1,-73]],[[51039,42241],[-4,-41],[6,-33],[11,6],[33,-3],[23,4],[36,19],[22,23],[29,11],[10,-16],[4,5],[37,5],[20,10],[30,-14]],[[51150,41981],[-99,-12],[-17,8],[-33,3]],[[51001,41980],[-51,13],[-23,-7],[-34,12],[-1,4],[-28,3],[-8,-17]],[[50890,42232],[1,45],[11,22]],[[51498,41721],[3,-61],[-4,-7],[-7,0],[6,-8],[-13,-24],[-8,-35],[-11,-3],[-12,-14],[-11,-40],[-45,-69],[-2,-29],[-18,-52],[-18,-27],[-2,-27],[-38,-41],[-11,-27],[5,-14],[30,-40],[-29,-8],[-8,-25],[-6,0],[-2,-19],[-8,0],[-1,-18],[7,-7]],[[50644,41100],[13,43],[104,139],[2,25],[-16,44]],[[50747,41351],[17,-6],[5,2],[3,37],[19,3],[21,11],[9,32],[-19,19],[-44,11],[-47,29],[-12,5],[-6,-8],[-11,16],[46,19],[2,-4],[12,3],[-6,8],[-8,-1],[-21,18],[6,19],[9,-3],[5,9],[21,-12],[28,0],[9,15],[3,22],[16,-1],[13,6],[-2,10],[-10,11],[6,16],[-9,3],[60,15],[37,-10],[24,55],[31,22],[-27,3],[23,52],[5,-2],[44,70],[-11,4],[12,28],[-31,9],[32,94]],[[52172,40539],[-8,17],[10,23],[-6,15],[18,19],[14,29],[-4,2],[1,22],[-29,-6],[6,31],[13,21],[-32,11],[15,32],[1,22],[67,-32],[0,38],[28,-8],[22,48],[35,-2],[3,16],[17,13],[1,8],[-8,15],[1,25],[-26,27],[-2,11],[14,29],[-27,18],[-22,1],[-28,16],[15,6],[-2,4],[15,8],[16,22],[2,18],[8,8],[41,9],[11,13],[2,13],[-7,26],[-4,1],[10,29],[-97,-11],[-3,17],[-49,17],[2,24],[12,17],[10,5],[-19,40],[3,3],[-30,16],[-18,-9],[-19,29],[8,25],[6,3],[-4,8],[16,13],[8,16],[18,6],[10,-3],[16,13],[18,1],[25,18],[1,11],[11,2],[22,18],[13,3],[17,13],[7,-1],[10,20],[-9,47],[-18,10],[-7,13],[2,22],[-62,20],[-6,22],[-19,25],[1,30],[25,80]],[[51126,39400],[-7,-20]],[[51196,39158],[-39,-26],[-42,-18],[-12,37],[-17,-4],[-8,5],[10,1],[-7,26],[-1,8],[-15,3],[0,-10],[-12,-1],[-5,12],[-9,0],[-8,-7],[-21,7],[3,6],[-7,2],[-20,11],[-11,-6],[13,11],[-4,3],[-11,-4],[-9,11],[-19,4]],[[50967,39439],[-5,12],[4,5],[7,-7],[28,13],[32,-39],[9,0],[50,28],[41,14]],[[51133,39465],[-7,-65]],[[51988,39276],[28,53],[51,147],[13,8],[-5,13]],[[52075,39497],[34,56],[116,127],[50,79],[78,181],[17,76],[4,57]],[[51226,39370],[-21,8],[-4,11],[-13,-3],[-22,19],[-40,-5]],[[51133,39465],[-35,46],[-71,55],[-6,42],[9,31]],[[51030,39639],[41,-6],[0,21],[23,-4],[1,-5],[26,3],[4,-4],[7,26],[-1,28],[19,25],[62,-34],[20,52],[52,59],[11,0],[5,-9],[32,-20],[91,-69],[24,-12],[155,-20]],[[54662,41084],[8,-30],[17,13],[12,-34],[20,-11],[38,8],[48,29]],[[54805,41059],[11,-20],[31,-5],[23,-16],[-27,-33],[-41,-97],[-10,-48],[2,-42]],[[50366,38030],[-3,-31],[11,-20],[33,-7],[37,0],[4,-4],[-7,-12],[1,-11],[45,-7],[21,-19],[-2,-10],[-17,-20],[-37,-3],[-16,-11],[-5,-32],[17,-24],[2,-15]],[[50116,37782],[-11,149]],[[50105,37931],[44,8],[17,11],[28,-8],[6,20],[-6,16],[21,6],[-2,6],[17,5],[18,-25],[76,26],[19,14],[-3,22],[26,-2]],[[49990,41300],[3,-52],[-37,1],[-16,11],[-25,2],[-16,-11],[-24,-7],[-9,3],[-16,-17],[0,-18],[-9,-17],[-20,-10],[-12,-18],[-21,-12],[4,-13],[11,-3],[3,-19],[30,-11],[-23,-41],[21,-4],[-11,-25],[35,-12],[-1,-10],[5,-2],[-8,-12],[31,-13],[-44,-48],[26,-25],[1,-11],[13,-17],[25,16],[48,-3],[45,14],[26,0],[41,31],[28,-10],[15,-16],[81,-51],[22,3],[18,-2],[-25,-19],[-20,-44],[-38,-26],[29,-57],[-14,-18],[-17,-54],[21,-38],[-2,-14],[16,-59],[-5,-27],[23,2],[53,-6],[34,11],[12,-4],[23,5],[14,-4],[9,-10],[-19,-19],[-20,-9],[-4,-17],[-20,-25],[36,-10],[-15,-35],[10,-1],[13,-14],[36,-6],[11,2],[9,-5],[10,4],[0,-20],[-16,6],[-35,-8],[-37,2],[-21,-6],[-17,-8],[-9,-31],[-93,-32],[-21,-1],[-12,-14],[-19,-8]],[[50110,40254],[-24,9],[-104,13],[-40,13],[8,4],[-13,12],[-33,8],[-27,20],[-54,8],[-30,16],[-61,63],[-28,1],[-21,-8],[3,-8],[-95,-7]],[[50300,38382],[-7,-2],[7,-20],[16,-20],[-21,-20],[19,-14],[-6,-6],[5,-13],[-2,-14],[-15,-15],[13,-29],[-12,-8],[7,-9],[-27,-9],[4,-14],[11,1],[7,-14],[12,1],[-8,-17],[-12,-5],[19,-10],[47,5],[16,-13],[5,3],[23,-20],[14,-5],[22,3],[10,-19],[-65,-45],[-16,-24]],[[50105,37931],[-2,31],[-74,-30],[-27,-2],[-28,14]],[[49954,38053],[16,4],[4,-14],[13,10],[50,12],[-3,8],[18,10],[9,-6],[7,7],[25,3],[4,40],[15,36],[69,75],[-9,15],[-11,5],[-3,-6],[-19,0],[5,3],[-3,19],[-43,24],[-23,28],[15,8],[10,16],[0,21],[15,8],[12,21],[-3,17],[-10,1]],[[50114,38418],[6,3],[-3,7],[3,7],[66,34],[10,14],[17,8],[9,-45],[37,-35],[41,-29]],[[54174,42917],[-34,-44],[-27,-10],[-27,1],[-29,-19],[-16,-36],[-10,-10]],[[53610,42661],[-10,0],[-13,13],[-24,7],[-18,0],[-23,-9],[-2,4],[-36,-1],[25,-18],[-15,-23],[-31,-4],[10,-10]],[[53238,42537],[-12,18],[17,28],[-3,23],[-31,36],[-17,-10],[-28,-2],[-26,-9],[-32,1],[-56,14],[13,65],[-2,16],[-29,6],[-16,36],[0,17],[22,57],[-8,11],[-2,21],[-22,17],[-9,17],[12,53],[-12,13],[-44,20],[-27,4],[-9,11],[13,23],[45,23],[-3,2],[39,15],[21,35],[14,13],[13,43],[-11,1],[-13,-7],[-21,7]],[[53279,43308],[10,13],[34,9],[26,-12],[17,-1],[8,5],[29,-19],[25,12],[9,-8],[21,2],[1,10],[51,11],[7,-10],[1,12],[23,2],[9,-14],[0,-15],[-18,-14],[1,-8],[-16,-16],[21,-59],[-4,-5],[10,-11],[-7,-10],[8,-1],[-2,-15],[10,-9],[-8,-3],[7,-5],[-11,-8],[6,-6],[-8,-8],[-1,-7],[6,-13],[8,0],[0,-8],[89,-5],[9,26],[-5,4],[19,3],[20,16],[1,32],[29,9],[0,12],[-14,12],[1,14],[95,-37]],[[53090,48999],[58,-43],[19,-20],[30,-19],[-22,-18],[-19,-27],[-47,-23],[-36,-42],[22,-8],[20,2],[77,-11],[28,-11],[10,5],[34,-17],[56,13],[30,-27],[-5,-11],[28,-26],[49,27],[6,7],[32,-25],[21,-23],[66,-106],[45,-121],[16,-26],[13,-58],[29,-42],[26,-58]],[[53690,48269],[-75,-20],[-50,-29],[-69,-81],[-259,-48],[8,-28],[18,-202]],[[53263,47861],[-233,-52],[-15,14],[-53,31],[-2,-3],[-193,43],[-10,92],[13,85],[-89,12],[-13,8],[-23,4],[-18,-1]],[[52627,48094],[-30,18],[-13,-2],[-3,35],[8,20],[37,35],[9,19],[14,74],[35,125],[7,64],[-6,0],[1,12],[-153,8],[-36,-40],[-29,-16],[-5,-31],[-26,-18],[-16,4],[-79,41],[-15,19],[-46,32],[-30,27],[15,14],[-26,28],[4,2],[-24,18],[-7,-1],[-18,20],[-17,-2],[3,18],[-6,8],[-71,41]],[[52104,48666],[-26,11],[-22,18],[18,34],[21,11],[6,21],[-1,74],[15,43],[-1,9],[-19,14],[24,8],[34,33],[10,61],[15,28]],[[52178,49031],[41,22],[-13,16],[28,18],[6,-4],[37,12],[35,-6],[6,-21],[-5,-11],[12,-28],[4,-29],[-8,-5],[4,-7],[23,-4],[15,2],[-6,-28],[24,-2],[28,4],[13,-4],[9,-6],[0,-7],[56,-30],[90,-59],[1,-10],[25,-6],[2,5],[12,2]],[[52617,48845],[18,7],[-4,16],[9,14],[7,3],[24,-9],[8,3]],[[52679,48879],[9,7],[25,-23],[34,-8],[32,55],[15,2],[1,25],[-15,20],[3,31],[6,36],[9,14],[-1,23],[14,11],[-19,33],[5,4],[31,3],[13,22]],[[52841,49134],[15,-4],[-28,-39],[15,-26],[-2,-21],[42,-6],[29,5],[27,-6],[13,-13],[54,-6],[28,4],[20,11],[36,-34]],[[53263,47861],[-41,-66],[-39,-39],[-14,-34],[-16,4],[-31,-6],[3,-4],[-11,-10],[-36,-57],[-20,-40],[-1,-27],[-19,-10],[-16,1],[-44,14],[-37,-129],[-103,20],[-8,-15],[-40,-35],[-238,-171]],[[52552,47257],[0,8],[-93,96],[-5,32],[12,13],[-94,-13],[-2,58],[24,70],[3,45],[-56,9],[-77,4]],[[52264,47579],[6,45],[10,22],[0,17],[29,39]],[[52309,47702],[28,18],[14,28],[10,85],[23,0],[6,40],[33,32],[6,-3],[32,34],[8,-4],[24,27],[27,-12],[6,4],[6,-11],[27,47],[41,-14],[11,27],[-8,24],[4,46],[-3,14],[23,10]],[[52309,47702],[-10,14],[3,38],[-17,18],[10,10],[-12,17],[7,1],[-2,17],[-26,36],[-7,3],[0,10],[-14,1],[5,-7],[-27,-21],[-66,-20],[-22,-29],[-42,50],[-7,14],[-25,10],[-48,1],[-37,27],[-59,-12],[-82,-4],[-1,26],[9,21],[43,55],[-13,37],[-1,42],[5,15],[-16,11],[-14,21],[0,8],[-13,5],[-5,-3],[-12,9],[-12,-1],[-13,11],[-48,21],[-81,18],[-36,2],[-12,9],[-44,5],[-21,-3],[-11,33]],[[51535,48218],[5,18],[8,-3],[10,14],[40,16],[17,-8],[15,-15],[37,2],[30,-9],[12,2],[16,34],[15,-2],[18,5],[-1,9],[9,4],[33,4],[7,14],[16,-5],[18,39],[-13,31],[2,53],[56,7],[4,9],[49,-7],[11,-23],[13,-12],[18,-5],[21,-16],[9,0],[0,5],[28,19],[15,17],[0,29],[13,25],[-3,23],[-13,20],[7,8],[-15,21],[2,19],[9,11],[-7,3],[5,6],[-17,21],[38,-2],[5,46],[27,21]],[[51683,45987],[-28,0],[-8,-5],[-34,-23],[-10,-2],[-1,-10]],[[51602,45947],[-45,6],[-16,7],[-36,42],[-32,13],[-14,16],[-24,11],[-21,-10],[-12,-36],[-9,-54],[6,-80],[8,-6],[-4,-29],[79,8],[93,0],[7,7]],[[51582,45842],[-1,-25]],[[51581,45817],[-3,-6],[-10,2],[-2,-8],[-14,2],[-23,-28],[-21,-6],[-33,0],[2,-23],[67,0],[16,-23],[-2,-6],[-47,6],[21,-37],[-14,-7],[19,-41]],[[51537,45642],[-24,-3],[-7,4],[-11,-11],[-1,-10],[-22,-8],[-9,-13],[-5,1],[-12,-10],[-13,4],[-34,-14],[-23,15],[-18,-1],[-5,-9],[-9,-2],[0,-10],[-8,-8],[4,-2],[-13,-19],[-8,-4],[1,-26],[-9,-1],[-8,-20],[-7,2],[-15,-13],[-20,3],[-11,-10],[-22,-2],[-31,-15],[-12,-3],[-4,3],[-27,-12],[-44,-40],[-9,-36]],[[51101,45372],[-12,0],[-4,17],[-33,15],[-36,49]],[[50975,46427],[70,-47],[72,-24],[38,-9],[64,-3],[21,-7],[71,-3],[28,-9],[86,-66],[41,-25],[45,-47],[107,-69]],[[51699,45866],[1,-25],[-10,-34],[-51,1],[-53,-8],[2,16],[-7,1]],[[51582,45842],[5,16],[-3,15],[26,10],[11,21],[-2,27],[-17,16]],[[51101,45372],[70,-8],[27,-15],[52,-7],[21,-13],[14,-19],[75,43],[26,9],[20,18],[8,-21],[13,-10],[12,0],[-5,-28],[6,-18],[-14,-31],[3,-21],[-7,-34],[44,-39],[17,-34],[20,-21],[6,-16],[-23,-31],[16,-16],[63,-41],[-26,-22],[-18,-31],[-8,-41]],[[51513,44925],[-35,-22],[-44,-13],[-25,-16],[1,-15],[-12,-14],[-33,-12],[4,-21],[10,-3],[-14,-13],[4,-6],[-10,-2],[0,-10]],[[51359,44778],[0,-10],[-7,0],[-20,10],[-85,20],[-46,-14],[-144,3],[-14,-30],[-8,-34],[42,-33],[54,-18],[18,-71],[-8,-6],[14,-137],[22,-3],[93,-33],[-11,-32],[4,-14],[55,-66],[38,-66],[3,-14]],[[50479,43662],[-12,6],[-3,24],[-4,-2],[-15,23],[-1,24],[-18,36],[-25,32],[2,19],[-10,16],[5,7],[-8,31],[-102,128],[-28,21],[-12,-4],[-21,11],[-15,31],[-2,20],[-16,9],[-13,42],[50,88],[12,11],[-2,54],[17,26],[53,24],[45,33],[26,40],[3,20],[37,45],[-3,8],[23,28],[38,21],[25,21],[59,23],[100,62],[31,13],[111,60],[8,9],[-2,46],[-27,12],[-72,53],[61,106],[33,35],[63,46],[-50,43],[-25,40],[-39,43],[-27,14],[-105,32],[-60,8],[-9,3],[-4,12],[42,-3],[5,20],[54,50],[31,22],[21,26],[15,4],[19,17]],[[50623,48393],[20,7],[12,-47],[1,-38],[50,0],[3,9],[20,-5],[16,-12],[22,-53],[-6,-18],[3,-22],[8,-13],[14,-3],[7,-16],[85,11],[22,-39],[-29,-7],[-10,-33],[-14,-17],[-1,-69],[18,-47],[25,-17],[51,-22],[24,0],[20,-8],[21,1],[24,19],[9,23],[16,6],[18,40],[46,23],[23,25],[39,20],[-2,6],[23,0],[13,8],[2,7],[25,8],[7,-5],[17,5],[51,-3],[-2,6],[31,56],[-2,23],[-7,1],[0,22],[19,-3],[-1,12],[122,-14],[16,8],[4,-7],[39,-3]],[[52264,47579],[-247,7],[-422,-3],[14,-27],[41,-113],[-76,-35],[-23,-5],[0,-10],[-14,-4],[-4,-43],[-27,0],[-21,-14],[1,-33],[-2,-5],[-8,0],[-12,-56],[-9,-5],[2,-49],[-11,-14],[5,-37],[40,-91],[-33,-10],[-27,1],[-114,-59],[-158,-22],[-2,-7],[-21,3],[-2,-10]],[[51134,46938],[-32,1],[-59,10],[-67,3],[-1,5],[17,16],[91,67],[3,30],[-13,21],[3,31],[-10,37],[1,44],[-28,25],[-16,47],[-4,34],[6,34],[-12,18],[-25,1],[-12,34],[-29,-3],[-21,-20],[-25,-1],[-44,4],[-49,17],[-20,0],[-14,-4],[-30,-22],[-85,-27],[-48,21],[-37,9],[-80,-5],[-60,16],[-45,18],[-89,-5],[-11,21],[-3,28],[-43,79],[-4,46],[-64,7],[-4,28],[-78,0]],[[50188,48368],[19,-10],[38,-8],[9,7],[14,-5],[49,14],[27,-1],[19,27],[24,19],[44,-20],[17,16],[40,1],[29,-11],[25,-35],[17,3],[15,-2],[35,11],[8,17],[6,2]],[[50589,42232],[-41,20],[11,42],[6,0],[-1,26],[15,4]],[[52674,43329],[-23,2],[-2,-10],[-28,40],[-2,13],[17,20],[-15,16],[-18,35],[-26,-3],[-2,21],[-11,17],[4,42]],[[52568,43522],[5,3],[23,-11],[22,8],[-1,25],[11,-2],[14,11],[24,3],[10,15],[-6,8],[19,2],[5,10],[42,-8],[9,44],[11,1],[1,28],[14,5],[-8,16],[5,16],[-27,-17],[2,34],[-7,5]],[[52736,43718],[10,34],[24,17],[8,16],[39,1]],[[59442,42976],[7,9],[38,-18],[17,-3],[6,3],[11,-8],[-12,27],[14,44],[-38,21],[9,17],[20,1],[6,7],[0,29],[25,2],[1,-6],[47,5],[1,15],[17,18],[11,-7],[-3,-31],[25,-30],[47,-75],[68,-46]],[[52122,52580],[8,19],[-17,3],[9,13],[-11,6],[12,-1],[20,30],[12,2],[5,8],[-31,18],[-39,5],[-42,22],[-13,33],[72,20],[25,85],[12,8]],[[52144,52851],[27,2],[74,-5],[10,-36],[-22,-2],[14,-10],[4,-11],[20,13],[3,-25],[16,4]],[[56282,44133],[-11,-8],[-33,-53]],[[56238,44072],[-132,-3],[-256,-28]],[[51958,54126],[13,-14],[10,-52],[22,-43],[-2,-16],[12,-43],[12,-1],[2,-8],[-11,-9],[5,-8],[9,2],[1,-11],[-5,-1],[8,-17],[45,11],[10,-6],[16,2],[3,-11],[15,1],[6,-9],[21,13],[5,-11],[21,11],[5,-4],[13,7],[18,-21],[19,-10],[17,2],[7,12],[8,-16],[24,6],[7,-9]],[[52177,53381],[-22,75],[-9,-4]],[[52146,53452],[-14,33],[-5,-1],[-33,40],[-32,26]],[[52062,53550],[39,21],[-1,25],[-38,23],[-28,37],[-43,13],[-24,0],[-8,-5],[1,24],[-6,15],[-34,-12],[-16,8],[-7,-10]],[[51897,53689],[-20,53],[-39,152],[-16,29],[-32,14],[-25,-5],[-4,18]],[[57016,44535],[-78,22],[-91,1],[-71,-16],[-104,-47],[-68,-19]],[[56295,44858],[-60,5],[-18,13],[-5,10],[-41,14],[-4,-9],[-57,14],[-5,-9],[-31,18],[-11,-12],[-15,8]],[[56268,45104],[38,-5],[-11,23],[26,9],[-10,35],[42,23],[-10,22],[30,19],[3,6],[45,14],[10,-27],[26,11],[-11,27],[28,-7],[3,16],[11,-3],[2,27],[14,-5],[41,46],[-18,5],[2,8],[43,-5],[43,-24],[60,64],[38,-7],[6,-5],[40,25],[4,8]],[[55446,45310],[-35,-125],[10,-47],[-16,-57],[-1,-62],[59,-53],[66,-51],[-29,-18],[-39,-14],[26,-89]],[[55501,44667],[-99,72],[-98,41],[-34,22],[-26,31],[-44,80],[-27,23],[-55,30],[-27,21],[-91,120]],[[55000,45107],[4,6]],[[55004,45113],[14,20],[63,58],[45,22],[85,20],[17,9],[21,27],[19,40],[41,40]],[[55309,45349],[19,19]],[[55700,44849],[15,14],[10,30],[0,64],[120,-1],[-7,30],[1,25],[-9,22]],[[56238,44072],[-9,-15],[-5,-46],[-27,-46]],[[53711,47091],[-10,43],[-6,72]],[[62972,42149],[-15,-16],[15,-19],[6,-1],[-2,-12],[-25,-42]],[[62951,42059],[-59,15],[-33,-3],[-13,-20],[-11,8],[-7,14],[-55,-16]],[[62773,42057],[-12,15],[-17,6]],[[62610,42444],[0,8]],[[62610,42452],[174,-114],[48,-20],[36,-7],[2,-15],[14,-20],[17,-39],[15,-15],[26,20],[8,-2],[-1,-10],[-21,-16],[28,-32],[-11,-24],[27,-9]],[[52349,45743],[9,-7],[13,-51],[10,-16]],[[52248,45472],[-237,18]],[[52011,45490],[59,93],[34,24]],[[51052,52967],[77,-56],[7,7],[10,-7],[9,14],[27,-28],[-4,-28],[21,-2]],[[51199,52867],[-15,-17],[-5,-32],[-12,-18],[-47,-39],[-63,-67],[-193,-166]],[[50816,52542],[-16,25],[4,7],[-5,20],[24,8],[67,52],[-13,33],[17,11],[0,22],[-31,55],[27,4],[5,4],[-5,23],[-10,12],[-15,12],[-9,-1],[4,8]],[[54710,45846],[-28,-92]],[[54088,45770],[19,5],[48,35],[13,-5],[18,1]],[[63763,42580],[-279,442],[-147,214]],[[64090,42036],[-334,532],[-5,14],[12,-2]],[[64123,41985],[-33,51]],[[63980,41872],[56,-4],[13,12],[38,19],[5,73],[31,13]],[[63980,41872],[6,8],[-39,14],[-58,9],[-31,14],[-56,14],[-6,11],[-34,15],[-26,18],[-46,45],[-52,17],[-6,42],[-8,13],[-18,13],[-15,5],[-37,-4],[-46,13]],[[63466,42166],[-12,46],[-26,11],[-71,60],[-18,7],[-63,58],[1,6]],[[62907,42536],[-9,-3],[-30,18],[-21,1],[-69,-8],[-28,-19],[-9,14],[-24,-2],[-4,-10],[-8,-3],[-73,59],[-18,-20],[7,-6],[17,-2],[2,-10],[-6,-8],[-24,-11],[3,-23],[-18,-26],[15,-25]],[[61969,42732],[6,9],[-10,19],[-9,59],[12,-4],[0,-4],[45,-9],[18,3],[4,31],[-11,35],[-1,29],[13,2],[-3,27],[33,10],[-5,29],[11,2],[1,-12],[40,-2],[15,34],[64,-17],[-1,-11],[46,0],[22,-6],[31,36],[16,-4],[61,15],[34,3],[24,9],[11,17],[20,3],[30,-4],[40,-33],[15,5],[32,28],[65,22],[100,5],[59,-14],[29,-18],[23,-7],[69,18],[56,-2],[61,-36],[39,-15],[8,9],[5,-1],[14,11],[5,-1],[-3,12],[19,13],[1,12],[5,4],[-9,12],[-29,8],[-5,7],[-9,-1],[-11,12],[4,25],[20,4],[17,-13],[13,2],[1,-7],[15,2],[5,-5],[6,3],[22,-9],[-3,7],[9,-1],[10,8],[0,28],[14,7],[-7,23],[21,5],[1,9],[37,-8],[-4,-5],[5,-6],[8,7],[7,-6],[12,-1],[1,7],[29,7],[2,12],[-6,13],[8,3],[3,8],[-5,8],[-3,-4],[-8,3],[7,16],[27,18]],[[63333,43241],[4,-5]],[[50762,53343],[18,-4],[53,41],[66,28],[6,-1],[20,-22],[27,6],[4,-6],[13,14],[-3,6],[18,17],[5,-5],[32,25],[9,-7],[18,5]],[[61210,43755],[-80,-34],[-50,-1],[-2,-25],[-84,69],[-116,16],[-144,-122],[-9,-7],[-6,4],[-10,-8],[-93,-84]],[[60616,43563],[-9,7],[-7,-6],[-3,10],[-9,-1],[-8,35],[-24,8],[-4,-4],[-25,7],[-55,-26]],[[60472,43593],[67,56],[13,44],[-13,78],[4,38],[-9,27],[126,96],[14,14],[8,18],[-2,16],[-75,84]],[[60560,44163],[5,7],[33,10],[-11,26],[3,19],[8,18],[31,21],[-1,9],[9,16],[7,6],[12,-4],[12,5],[6,-6],[11,7],[8,-3],[8,9],[12,-1],[7,5],[-1,17],[6,1]],[[60725,44325],[38,-22],[38,-6],[1,-43],[20,13],[39,-5],[60,10]],[[54116,46615],[26,42],[26,21]],[[54444,46701],[64,-30],[26,16],[-5,-52],[5,-5],[21,6],[86,-10]],[[60445,44553],[5,-11],[17,-10],[-9,-15],[-40,-38],[-14,-63],[9,-65],[33,-66]],[[59440,44609],[35,-15],[31,4],[39,-7],[57,0],[79,-8],[15,0],[73,22],[262,-28],[71,0]],[[56971,42804],[-27,-9],[-20,-19]],[[56924,42776],[-7,14],[0,18],[-38,39],[-41,17],[-72,20],[-51,6],[-19,9],[-94,-31],[-56,45],[-30,32],[-33,47],[-23,50]],[[56651,43190],[29,-12]],[[57016,44535],[5,-25],[-52,-2],[-16,-12],[-5,-12],[-5,-51],[37,2],[4,-71],[13,-9],[32,-7],[-40,-39]],[[57780,44419],[-45,-10],[-90,-45],[-12,5],[-10,-9],[-14,11],[-12,-4],[-23,3],[-2,-14],[11,-39],[-32,-15],[-43,-30],[-79,-92],[-37,-14],[-33,-5],[-93,21]],[[57266,44182],[-1,3]],[[57265,44185],[-123,249]],[[53867,45205],[60,-69],[35,-17],[22,-16]],[[53984,45103],[-1,-15],[7,-4],[-8,-5],[4,-9],[-7,-11],[-2,-21],[8,-1],[4,-16],[-26,-30],[-6,0],[-15,-19],[-38,-28],[-37,-6],[15,-57],[29,-60]],[[53911,44821],[-33,-10]],[[53520,45031],[-6,16],[3,7],[-15,6],[-5,-9],[-23,18],[-1,-5],[-18,7],[-4,16],[13,3],[-6,5],[15,19],[26,13],[11,1],[18,12],[26,6],[-9,15]],[[54131,44811],[-40,-96],[-103,19],[-49,19],[-3,11],[16,-6],[25,5],[5,77],[-11,0],[-2,15],[-19,-8],[6,-10],[-45,-16]],[[53984,45103],[266,63]],[[52705,45002],[-18,-13],[-17,-6],[-61,-6],[4,-34],[-36,17],[-32,-2],[0,-18],[-14,1],[-1,-8],[-11,-8],[-22,-3],[4,-39],[15,0],[10,-10],[-14,-6],[-11,3],[-9,-15]],[[52492,44855],[-29,-1],[-10,23],[-36,-21],[-14,2],[-8,7],[-6,-4],[-14,11],[-35,-13],[10,31],[-3,7]],[[52347,44897],[1,6],[-16,1],[17,19],[-15,2],[4,23],[8,4],[-12,0],[-3,5],[4,37],[9,8],[-4,16],[5,2],[3,27],[-16,1],[-2,25],[11,9],[-10,22],[-28,21]],[[52303,45125],[12,13],[1,11],[7,1],[32,37],[4,-1],[13,30],[0,10]],[[52974,52306],[-20,-26],[-24,8],[-3,-2]],[[52927,52286],[44,-62],[37,-32],[-6,-1],[9,-22],[-40,-11],[1,-14],[-29,-7],[-161,-72],[-10,4],[-27,41],[-38,-21],[-32,4]],[[52675,52093],[-1,63],[25,-9],[11,9],[-7,0],[-2,21],[10,1],[17,19],[44,18],[11,21],[25,7],[37,69],[-35,12]],[[52286,43449],[-31,73],[25,9]],[[52280,43531],[94,10],[13,9],[17,-7],[21,-1],[-1,-20],[-5,0],[-2,-13],[37,6],[14,18],[24,10],[6,-8],[17,10],[20,-4],[19,-17],[14,-2]],[[52648,52389],[-69,-8],[6,-4],[-2,-23],[19,0],[2,7],[23,-10],[-14,-9],[-6,-18],[6,-8],[-5,-7],[2,-23],[18,-19],[3,-43],[-7,-5],[-3,-14],[-10,6],[-10,19],[-14,16],[-3,-2],[-11,27],[-37,-34],[-28,-36],[-32,-26],[-39,-14]],[[52437,52161],[-9,48],[-18,32],[-12,6]],[[52398,52247],[18,14],[22,1],[-1,11],[-7,-2],[9,12],[-7,11],[9,9],[9,-3],[16,6],[-4,13],[20,24],[-49,45],[-24,39],[14,17]],[[46660,35705],[-9,43],[-11,11],[-15,5],[-57,-5],[-86,-18],[-55,25],[-15,-3],[-26,-17],[-37,-3],[-80,18],[-13,8],[-6,12],[3,16],[43,39],[32,65],[53,31],[36,10],[11,17],[-6,18],[-38,12],[-25,31],[0,16],[28,45],[-5,22],[-14,26],[-25,2],[-53,-24],[-44,-4],[-17,7],[-19,26],[1,32],[40,30],[23,41],[7,52],[19,62],[-16,40],[-39,35],[-23,0],[-10,-10],[-13,-48],[-42,-40],[-64,-35],[-45,-31],[-33,-11],[-19,4],[-17,15],[5,54],[-9,32],[-30,21],[-80,33],[-20,16],[-6,14],[8,16],[50,20],[35,21],[38,49],[-5,29],[-12,8],[-55,-10],[-27,4],[-119,64]],[[51134,46938],[-10,-54],[-23,-26]],[[40937,50146],[-23,21],[45,31],[14,22],[30,27],[-32,16],[-11,13],[-14,-8],[-24,-3],[-21,6],[-20,13],[-33,3],[-9,14],[-30,12]],[[40809,50313],[11,7],[10,-5],[11,19],[13,-3],[0,13],[53,4],[6,32],[47,-5],[47,-21],[34,-5],[20,20],[6,18],[15,8],[-5,4],[21,10],[6,-6],[33,-7],[27,24],[21,6]],[[43080,46018],[-23,-4],[6,21],[-15,23],[-4,-3]],[[43044,46055],[-6,14],[9,3],[-6,17],[4,19],[31,20],[-4,17],[-7,6],[2,23],[-30,19],[-11,14],[-24,5],[-14,12],[19,22],[-5,12],[11,22],[1,15],[-3,31],[-18,9],[2,22],[-9,34],[8,65],[9,7],[-15,1],[-7,14],[-23,5],[-11,-18],[-33,1],[-32,-9],[-30,7],[-5,5],[4,9],[-22,8],[-14,-8],[3,-17],[-26,-50],[-12,-34],[-48,13],[-50,-21],[-9,10],[-22,-20],[-24,17],[-16,5],[5,-12],[5,-68],[39,-32],[-11,-30],[-9,1],[-46,-17],[-23,11],[-44,-27],[-27,25],[-12,4],[-9,-1],[-11,-9],[-28,2],[-9,-5],[-13,5],[-6,-6],[-9,4],[-10,-7],[-24,1],[-9,-7],[-12,21],[-23,4],[1,5],[26,5],[10,15],[10,51],[11,25],[-21,9],[7,13],[-14,8],[12,26],[15,8],[-24,11],[-12,-20],[-32,7],[6,23],[-4,5],[11,3],[-2,4],[11,10],[-17,15],[-15,4],[-1,25],[9,15],[-18,18],[-1,25],[-26,16],[-8,18],[-57,6],[-9,28],[17,24],[15,5],[12,13],[23,-2],[20,15],[11,17],[25,-1],[27,19]],[[42343,46706],[18,11],[32,-3],[8,13],[14,29],[11,11],[-9,17],[-15,11],[47,28],[20,-31],[32,22],[17,34],[45,24],[-14,22],[14,7],[6,-9],[39,25],[-27,20],[30,25],[-28,32],[8,8],[0,19],[-14,11],[-24,8],[-41,30],[54,63],[7,-3],[32,19],[14,2],[36,-30],[44,15],[29,-13],[23,14],[13,0],[-10,31],[9,11],[15,5],[31,-18],[41,-12],[41,6],[16,-2],[21,-19],[5,8]],[[48930,44713],[-33,-11],[-30,1],[-66,-52],[-16,-4],[-23,-17],[-20,-6],[-9,-30],[-47,-42],[-9,-24],[-26,-14],[-7,6],[-17,2],[-11,-6],[0,-9],[-14,-8],[-28,24],[-16,52],[-13,19],[-33,10],[-31,-5],[-8,9],[-6,32],[-43,29],[15,15],[0,13],[-10,18],[18,23],[7,7],[20,-5],[28,18],[-6,20],[-20,24],[-13,6],[-5,20],[-17,13],[13,1],[8,7],[28,-12],[13,21],[-47,18],[-38,-14],[7,-14],[-14,8],[-4,10],[-15,5],[-42,44],[1,14],[-6,8],[-20,16],[-20,74],[-23,36],[38,32],[93,59],[14,3],[12,-6],[5,4],[16,-16],[29,5],[16,10],[18,26],[35,7],[32,15]],[[44654,47626],[20,11],[40,7],[22,10],[53,55],[29,20],[-5,9]],[[59874,40546],[70,-5],[-2,-51],[51,-7]],[[60225,40062],[-49,-83],[-31,-33],[-16,16]],[[60129,39962],[-21,20],[-127,80],[-108,85],[7,6],[-51,72],[-48,45],[-4,12],[-44,38],[-38,13],[-24,-8],[-2,5],[-8,-1],[-11,7],[4,4],[-15,5],[4,8]],[[59957,41110],[20,-48],[6,-34],[14,-19],[10,-52]],[[56371,40741],[-24,-10],[-25,-21],[2,-4],[-6,-8],[18,-47],[-73,-42],[-14,-14],[-10,3],[-14,26],[-22,12],[-35,-19],[-21,-4],[-31,-21],[-19,-22],[-20,-5],[-6,-6],[6,-28],[-36,-32],[9,-19]],[[56050,40480],[-17,-6],[-15,-47],[-55,-67],[-3,-10]],[[55960,40350],[-9,-6],[4,-56],[-10,-45],[6,-42],[8,-14],[-61,-16],[-71,0],[-33,-23],[-12,-21],[94,-115],[-17,-13],[31,-65],[2,-15],[-23,-32],[-9,-36],[-52,-3],[-32,-36],[-37,-18],[-54,-44],[-11,-20],[-5,0],[0,-22]],[[55669,39708],[-48,11],[-71,-15],[-7,-8],[-7,28],[-12,7],[10,4],[-8,10],[10,13],[-9,-1],[-7,10],[18,10],[0,8],[7,7],[-3,9],[8,7],[-3,6],[-6,-5],[-18,6],[7,15],[8,1],[7,10],[-2,23],[-96,-2],[-69,-8],[-2,3],[-87,-21],[-25,-15],[-48,39],[-6,-5],[-9,5],[-42,42],[15,8],[-13,9],[-24,28],[-67,40],[-52,16],[-19,-4],[-11,21],[-2,70],[10,54],[-79,-13],[-41,-25],[-23,-7],[-17,-16]],[[55251,40678],[17,2],[16,-16],[19,11],[28,41],[61,14],[5,11],[-7,18],[13,36],[-13,4],[10,16],[18,4],[7,36],[7,9],[7,0],[26,62]],[[55459,41138],[74,25],[55,3]],[[60725,39153],[-13,1],[-30,34],[-32,1],[-58,16],[-55,24],[-37,0],[-12,-19],[-20,4],[-26,-24],[-6,2],[-59,49],[-5,-7],[-35,20],[2,6],[-28,7],[-28,28],[-36,53],[-42,37],[-50,22],[-79,25],[-46,39],[-37,20],[-40,37],[-39,84]],[[59771,39695],[36,26],[21,44],[22,17],[11,86],[14,9],[4,38],[20,27],[14,2],[3,14],[19,6],[2,7],[20,10],[6,-7],[18,8],[14,-10],[14,0],[13,-13],[13,7],[25,-4],[29,8],[26,-32],[-7,-12],[-18,-10],[0,-6],[24,-6],[15,24],[0,34]],[[54814,48624],[-22,27],[-39,19],[-18,19],[-14,0],[-32,-19],[-33,-26],[-11,-20]],[[54625,48914],[7,11],[11,-3],[13,6],[24,-11],[9,4]],[[53948,47800],[-67,-128],[17,-75]],[[53898,47597],[-70,-148]],[[53748,47676],[-4,11],[-7,1],[12,24],[2,6],[-9,1],[7,6],[4,19],[10,6],[-8,8],[4,12],[8,4],[-6,8],[10,22],[-2,7],[8,-1],[-4,21],[5,22]],[[47555,48091],[-40,-18],[-52,7],[-43,-9],[8,-27],[-6,-37],[19,-56],[-3,-8],[-9,-1],[7,-32],[-3,-8],[8,-11],[-8,-7],[5,-7],[15,-4],[3,-32],[7,-12]],[[47510,47606],[-37,-28],[-8,-15],[-24,-3],[11,-31],[-13,-6],[-3,6],[-10,-3],[9,-17],[38,-7],[61,-2],[55,7],[99,22],[86,-9]],[[47774,47520],[155,-25],[83,-8]],[[48107,47286],[-15,-1],[-35,15],[-20,-10],[-4,6],[-9,-2],[-9,7],[-33,-24],[14,-34],[-40,4],[-21,-16],[13,-20],[-10,-6],[11,-41],[27,-16],[-7,-21],[10,-62],[20,-25],[-24,-22],[31,-13],[3,-8],[-4,-7],[5,-4],[-13,-14],[-17,-4],[-56,-37],[-21,-41],[19,-14],[-4,-3]],[[47769,46644],[-33,39],[-26,6],[-22,17],[-14,20],[-16,5],[-57,46],[-40,15],[-36,39],[-61,18],[-81,36],[-41,3],[-16,13],[-5,13],[-21,5],[2,9],[24,21],[10,32],[-15,-6],[-91,33],[-1,26],[-7,19],[13,30],[10,6],[16,0],[27,25],[-76,80],[-86,51],[-67,48],[-76,36],[-11,16],[-13,-5],[-8,6],[-2,11],[-21,4],[-38,19],[-9,-1],[-50,35],[-21,-7],[-40,42],[-38,27],[-21,46],[-14,-10],[-42,-10],[-26,-1],[-62,42],[2,18],[-8,21],[-47,45],[-54,26],[-37,-6],[-29,17],[-10,28],[-1,39],[-10,7]],[[46373,47738],[61,18],[65,-2],[38,6],[20,16],[47,18],[-7,14],[22,14],[2,8],[-12,14],[33,44],[2,11],[15,13],[17,6],[9,-5],[11,2],[11,9],[7,15],[-8,0],[-8,33],[3,15],[-18,2],[-37,23],[-16,-9],[-17,0],[0,4],[-19,2],[-15,8],[-31,-10],[-42,2],[-21,-10],[-46,49],[-13,-9],[-24,-8],[-16,-12],[-2,-10],[-11,-1],[-23,19],[-10,16],[-8,-2],[5,23],[-8,32],[-29,26],[-22,9],[-49,-4],[-66,17],[-38,28],[-116,24],[-52,1],[-7,16],[-17,0],[-1,28],[-7,14]],[[45925,48255],[22,11],[36,-48],[94,11],[23,-2],[31,13],[89,4],[-8,14],[-4,39],[65,7],[-9,-28],[9,-14],[30,-1],[29,15],[7,-6],[15,0],[6,-17],[29,0],[10,7],[13,31],[-1,18],[-12,35],[57,29],[21,25],[14,-11],[7,7],[6,-8],[13,-3],[4,-8],[10,-1],[0,6],[20,-12],[9,4],[8,-8],[16,2],[19,-10],[5,-11],[-6,-5],[10,-5],[-13,-27],[-13,-8],[-1,-8],[18,-30],[-5,-21],[11,-3],[1,-13],[21,-12],[4,-8],[9,2],[35,13],[15,17],[20,3],[2,17],[29,12],[115,17],[16,22],[36,6],[26,22],[12,2],[17,36],[11,-9],[34,12],[7,20],[31,-4],[47,-28],[11,7],[1,24],[12,27],[31,27],[18,-4],[12,11],[25,5],[11,14],[18,0],[12,13],[21,-13],[2,-37],[21,-49],[60,-21],[46,-39],[29,-75],[128,-164]],[[48360,46746],[92,15],[100,-2]],[[48259,47195],[-22,-18]],[[48237,47177],[-73,-26],[-23,-4],[-25,-47],[-2,-18],[9,-25],[5,2],[17,-19],[34,-16],[21,-23],[-26,-42],[22,-83],[33,-59],[40,-47],[-2,-28],[-17,-19]],[[47774,47520],[19,59],[-24,27],[-7,-1]],[[44558,33837],[24,24],[6,23],[21,8],[3,7],[-13,-4],[-78,31],[-12,-7],[-32,41],[-66,3],[-5,7],[-14,-1],[-45,21],[-22,14],[-9,15],[-17,10],[-38,4],[-22,32],[-28,-3],[-14,11],[6,27],[-13,27],[-30,25],[-42,12]],[[43935,34315],[32,2],[18,-28],[21,3],[15,-30],[-1,-19],[12,-32],[25,-23],[61,-24]],[[43935,34315],[19,44],[22,27],[-65,45],[-43,3],[-36,14],[15,10],[9,18],[-7,11],[-36,22],[21,8],[23,21],[-9,27],[16,34],[1,25],[19,53],[26,30],[9,31],[39,-5],[-2,34],[8,32],[-20,27],[10,8],[34,9],[47,-6],[15,10],[-3,14],[15,10],[21,-2],[16,-9],[5,4],[14,28],[77,43],[35,33],[13,7],[71,11],[22,12],[6,12],[-29,17],[2,14],[72,2],[-4,3],[12,3],[6,12],[6,-8],[30,3],[12,-1],[4,-6],[10,3],[2,-5],[48,14],[18,-6],[15,1],[38,10],[11,-3],[29,12],[59,4],[40,-11],[26,1],[18,-21],[24,43],[1,67],[25,57],[53,-27],[22,73],[23,46],[30,42],[16,9],[-8,21],[1,29],[18,41],[51,53],[-12,-1],[-10,18],[32,36],[6,47],[17,13],[9,83],[-9,57],[-28,2],[-7,8],[-12,2],[-25,14],[-3,-8],[-5,0]],[[44976,35773],[-41,7],[-36,15],[-11,23],[81,27],[55,0],[17,14],[59,13],[34,21],[36,12],[47,32],[9,20],[-15,30],[14,22],[-1,13],[27,4],[79,-18],[15,32],[-31,62],[40,-13],[5,10],[18,-2],[17,-7],[-2,-19],[21,-11],[-10,-14],[10,-8],[130,-37],[8,7],[14,-38],[-5,-18],[1,-30],[38,1],[7,-46],[-21,-27],[-31,-56],[18,-16],[-8,-10],[-38,-18],[16,-17],[34,-13],[-16,-54],[12,-50],[-1,-20],[-18,-24],[4,-18],[-11,-15],[2,-13],[-8,-1],[11,-40],[0,-21],[20,-13],[46,-4],[44,-13],[36,-29],[12,-4],[4,-8],[-7,-8],[3,-13],[-15,-8],[-24,-26],[4,-15],[27,-2],[17,-17],[11,-2],[9,20],[23,3],[16,16],[1,7],[29,15],[12,22],[0,16],[6,15],[-1,33],[21,24],[66,0],[0,-15],[14,-2],[6,31],[-7,10],[25,-1],[4,8],[80,-31],[12,9],[52,6],[21,-26],[8,-21],[-3,-1],[12,-16],[-13,-5],[-23,1],[-26,-8],[2,-7],[-20,-5],[6,-11]],[[44853,41946],[-25,-17],[-3,-13],[7,-21],[-8,-3],[-14,4],[-13,-8],[-13,-17],[-46,-7],[-25,-33],[-32,-10],[-21,-19],[1,-13],[15,-24],[1,-20],[-50,-37],[-15,-31],[0,-49],[-7,-10],[-8,-24],[4,-14],[24,-23],[2,-14],[-37,-36],[-12,-20],[-14,-7],[8,-2],[1,-14],[-26,-23],[-8,-20],[-29,-14],[-26,-2],[1,-8],[8,-3],[1,-13],[53,-23],[-46,-11],[-30,-22],[19,-42],[-5,-7],[-28,-1],[-17,-17],[-15,-7],[-27,-52],[-59,-63],[16,-12],[-17,-25],[-73,-57],[-22,6],[14,-17],[-15,-16],[5,-20],[-107,-67],[-54,-15],[-22,-26],[-29,-18],[-16,-4],[-23,-37],[-143,-98],[-9,-12],[-4,-25],[-33,-51],[-1,-11],[-60,1],[3,-14],[-33,-70],[-8,-48],[-13,-18],[-1,-6],[11,-1],[-5,-17],[-9,0],[4,-22],[-7,-17],[7,-7],[-8,-3],[6,-30]],[[42056,40277],[60,18],[10,7],[21,-2],[0,10],[11,-2],[19,4],[6,-7],[4,6],[14,4],[-3,6],[10,-1],[7,16],[-3,12],[12,5],[-9,13],[-7,52],[54,12],[39,18],[18,17],[3,-11],[13,-7],[32,-6],[29,0],[-15,9],[-7,13],[-37,13],[-30,6],[-2,-4],[-13,1],[-7,6],[-14,-3],[1,5],[-19,6],[-1,-6],[-24,6],[1,19],[-21,10],[-24,-11],[-4,4],[-25,-5],[-11,6],[-34,-7],[0,-5],[-14,4],[0,-6],[-8,4],[0,-6],[-9,2],[1,6],[-17,1],[-13,-9],[-11,4],[3,-8],[-6,-3],[-4,9],[-9,-2],[-5,7],[-51,-9],[-15,5],[-15,-2],[4,9],[-12,-2],[-7,-9],[-22,12],[-16,-9],[-11,6],[3,-8],[-6,-3],[-5,10],[-17,-3],[-5,7],[4,12],[-11,4],[-1,13],[-6,6],[-11,-5],[-2,-9],[-29,7],[1,-8],[-20,6],[-4,-4],[-36,13],[-11,10],[-5,-3],[-7,6],[-4,-7],[-19,7],[11,4],[-7,7],[-23,-2],[-15,7],[-12,0],[-10,30],[16,11],[10,27],[-3,3],[15,13],[2,26],[-1,16],[-7,3],[3,13],[-11,3],[-3,16],[-9,6],[-4,11],[24,11],[23,26],[32,7],[11,20],[-9,36],[16,51],[34,51],[8,73],[-10,36],[-27,46],[-2,33],[27,115],[-6,32],[7,3]],[[42334,41782],[-21,-82],[-51,-87],[-13,-55],[-63,-59],[-6,-29],[6,-20],[-25,-9],[-18,5],[-22,-1],[-28,-19],[-42,-2],[-17,-11],[-22,-5],[-26,-32],[-35,-28],[-43,9],[-11,12],[-82,-3],[-45,-46],[-8,-27]],[[42334,41782],[10,0],[12,-8],[49,11],[17,-3],[39,12],[137,1],[-31,24],[-6,25],[19,3],[4,16],[35,-13],[7,10],[2,18],[-15,22],[-34,24],[-8,17],[-43,39],[9,0],[-2,8],[20,12],[24,0],[9,-8],[34,19],[7,-1],[21,38],[6,3],[3,14],[24,15],[26,3],[45,19],[5,-7],[16,5],[14,-7],[28,18],[9,-5],[5,3],[29,-2],[13,-9],[42,5],[9,0],[3,-5],[14,2],[4,-7],[20,-3],[9,-8],[19,3],[-16,39],[-12,8],[-36,3],[-15,-6],[-15,5],[-23,33],[-38,6],[-15,22],[-25,10],[-68,12],[-2,23],[4,9],[22,-2],[8,25],[40,42],[13,2],[17,19],[-19,12],[-9,15],[-15,2],[-4,6],[-21,5],[23,30],[20,-8],[33,7],[97,-8],[1,-11],[15,-14],[9,-1],[11,-21],[40,-23],[12,-1],[4,-30],[12,-2],[30,7],[17,-7],[3,-8],[-31,-81],[27,-4],[6,6],[16,1],[3,17],[-20,2],[1,6],[11,4],[14,-4],[2,6],[15,9],[-1,13],[10,-3],[3,9],[7,-4],[14,12],[-5,4],[4,11],[-16,10],[8,1],[3,19],[-11,8],[-3,15],[4,5],[-11,18],[3,21],[35,10],[22,19],[6,-4],[45,1],[1,-8],[20,0],[40,11],[7,-5],[126,36],[69,83],[16,9],[17,18]],[[43492,39950],[24,-28],[28,-48],[-1,-11],[23,-52],[6,5],[31,-33],[56,39],[61,24],[18,25],[18,5],[21,-12],[31,4],[40,-167],[20,-13],[8,-29],[18,1],[6,-9],[7,5],[4,-8],[23,1],[2,16],[13,-3],[-4,-9],[13,1],[9,-9],[56,2],[16,-5],[1,10],[6,1],[7,-8],[-8,-5],[10,1],[4,5],[-7,9],[16,7],[3,11],[8,3],[7,-14],[10,2],[4,-4],[34,10],[6,-5],[21,28],[6,-3],[-2,-8],[14,6],[14,-10],[16,11],[20,-4],[-5,-8],[15,-6],[-5,-11],[9,5],[8,-3]],[[44251,39662],[13,-4],[6,7],[24,-11],[12,9],[-4,-9],[14,-11],[-1,-7],[11,1],[-1,9],[7,0],[-2,-19],[6,-6],[-8,-8],[-4,-38],[14,-2],[-2,-16],[12,-17]],[[43011,38077],[-29,18],[-11,23],[-2,25],[-15,5],[-10,15],[0,30],[-11,12],[-1,15],[3,27],[20,34],[-4,18],[15,39],[-7,13],[8,21],[-5,14],[-28,6],[-3,31],[14,34],[-3,20],[25,43],[-40,9],[-17,14],[-39,-3],[3,9],[-34,40],[-16,9],[-5,18],[-21,28],[-20,40],[0,12],[-11,18],[-35,9],[-9,-3],[-6,9],[-20,5]],[[53165,41613],[-31,30],[-10,2],[2,6],[-17,8],[-8,-3],[-50,25],[-43,4]],[[55459,41138],[-112,122],[-11,37],[-11,17],[-14,-1],[-24,8],[-31,-5],[-17,9],[-1,-5],[-119,-22]],[[55119,41298],[-8,51],[-33,-9],[-25,2],[-20,-6],[-77,-4],[-52,20],[-102,8],[-56,-7],[-1,-3],[-19,-6],[-20,-25]],[[54498,42450],[2,-12],[6,0],[65,86],[8,0],[97,-47],[65,-17],[41,-28],[25,-11]],[[57866,46630],[-29,0],[-1,-13],[-17,-1],[-6,-5],[-98,2],[-8,-3],[0,-9],[-8,-1],[3,-14],[-12,4],[0,-5],[-54,1],[-16,7]],[[57617,46856],[35,-4],[90,6],[55,-2],[66,-63],[36,26],[99,33],[27,14],[56,11],[13,-3],[33,3],[52,18],[28,25],[56,17],[13,9],[39,14],[29,6]],[[54428,54599],[-5,-31],[30,-98],[35,-90],[109,-146],[55,-37],[93,-79],[49,-63],[4,-37],[-10,-32],[-12,-23],[-20,-17],[74,-5],[60,-15],[257,-118]],[[53858,54103],[10,0],[13,22],[0,14],[35,40],[40,79],[26,20],[-3,16],[8,10],[-6,29],[3,28],[63,62],[3,50],[19,33],[-22,57],[13,24]],[[54060,54587],[2,14],[18,-4],[51,3],[4,10],[27,0],[17,10],[20,-10],[12,3],[9,-3],[42,27],[11,-2],[6,-30],[149,-6]],[[52074,54687],[10,23],[7,-1],[6,51],[51,-3],[3,19],[8,-2],[4,10],[20,1],[24,-13],[5,19],[24,2],[2,23],[38,8],[8,24],[90,-4],[13,-7],[44,25],[14,-3]],[[55713,48183],[16,-2],[37,-65],[45,-30],[58,-30],[10,-18],[-42,-14],[-16,-22],[-6,-15],[17,-49],[-11,-20],[-19,-15],[4,-3],[-8,-5],[5,-10],[-8,-4],[-4,-11],[-29,-15],[-23,2],[-24,-11],[-27,-2],[-12,-12],[-16,-7],[-14,-15],[10,-21],[25,-20],[20,-31],[69,-40],[12,-15],[9,-26]],[[55044,48361],[31,-45],[1,-32],[10,-5],[12,-16],[38,-17],[60,16],[8,17],[39,8],[47,0],[28,-19],[19,10],[29,-7],[56,13],[32,-10],[36,-21],[64,-15],[-1,-3],[35,-17],[24,-1],[30,-23],[36,-17],[35,6]],[[57036,46946],[-3,-55],[-10,-18],[-16,-13],[-38,-16],[-13,-35],[-35,-19],[138,-77],[-1,-46],[-45,-64],[3,-49],[-21,-31],[46,-18],[-4,-35],[9,0]],[[56594,45795],[0,1]],[[57455,48207],[-9,1],[-22,-11],[-21,5],[-10,-2],[-40,-36],[21,-34],[14,-77],[-17,-24],[-57,-23],[-18,-24],[-3,-23],[11,-26],[3,-73],[-33,-75],[-30,-18],[-64,-6],[-26,-23],[-22,-46]],[[56327,47786],[1,6],[-7,4],[1,12],[-6,0],[-2,14],[5,2],[-10,10],[6,11],[-8,1],[6,10],[6,-1],[6,7],[-6,4],[10,15],[-6,10],[6,4],[-15,10],[0,18],[17,27],[8,-1],[10,143],[-18,1],[4,30],[-22,0],[2,5],[86,160],[80,3],[31,87],[21,22],[8,2],[4,11],[24,-7],[7,-8],[2,5],[23,-2],[24,12],[4,-2],[9,26],[-1,15]],[[55850,51324],[0,-8],[17,-4],[5,-10],[-8,-16],[-2,-24],[54,7],[12,-7],[3,-26],[-6,-13],[-10,-4],[-37,4],[-11,-12],[0,-16],[8,-3],[19,2],[0,-10],[15,-19]],[[55212,50916],[-44,41],[20,26],[-2,30],[-11,0],[-9,18],[30,0],[26,59],[78,-9],[-5,11],[-5,74],[-42,69],[4,24],[-6,9],[23,39],[6,-6],[33,15],[13,-1],[5,-7],[8,-2],[-11,-11],[17,1],[7,-12],[-4,-5],[4,-5],[11,0],[10,-15],[-2,-7],[6,-3],[5,5],[10,-2],[-6,-17],[25,-12],[20,-3],[21,6],[9,-2],[7,-9],[9,4],[7,-5],[58,19],[8,1],[5,-7],[24,7],[8,-3],[10,6],[-5,16],[6,-2],[15,8],[30,2],[25,7],[8,20],[33,19],[21,24],[21,-1],[4,6],[10,-7],[56,4],[26,-3],[8,-6]],[[50770,41922],[-25,-33],[-18,-54],[-16,-12],[-12,-58],[5,-15],[17,-14],[-7,-29],[-34,-2],[-38,7],[-13,-6],[-37,18],[-6,-16],[-4,3],[-32,-14],[-27,-26],[-34,20],[-16,26],[-15,12],[-56,23],[-14,-26],[15,-7],[-6,-11],[-6,3],[-11,-14],[8,-8],[-15,-15],[-15,-32]],[[50194,41834],[69,44],[25,24],[-12,17],[-11,39],[59,4],[4,-7],[48,15],[5,-11],[15,6],[1,6],[46,20],[-5,8],[113,11],[49,-3]],[[53066,38133],[-8,19],[-48,13],[-14,12],[-2,15],[-13,7],[-12,-2],[-10,5],[10,6],[9,32],[-23,24],[-66,40]],[[54434,37814],[40,4],[33,-25],[43,-22],[59,-19],[61,-4],[14,-12],[60,2],[85,10],[14,20],[28,-6]],[[51970,40192],[-73,40]],[[51897,40232],[104,110]],[[52001,40342],[21,-25],[22,-2],[21,-10],[12,5],[-6,4],[18,7],[-5,11],[11,8],[3,-7],[25,8],[1,7],[8,-1],[4,8],[-5,1],[9,17]],[[51955,39547],[60,-37],[37,-15],[8,6],[15,-4]],[[51987,39274],[-19,8],[-15,-1],[1,8],[-20,7],[-5,-6],[-6,3],[-4,-6],[-11,3],[-24,25],[-16,33],[-21,-14],[-21,2],[-30,-6],[-9,6],[-12,-17],[-33,-2],[-5,11]],[[51737,39328],[32,33],[3,10],[9,4],[12,26],[9,48],[-21,7]],[[55064,40932],[3,-39]],[[54805,41059],[82,49],[26,10],[40,7],[89,1]],[[46251,40126],[39,36],[-5,5],[10,7],[-8,9],[5,55],[37,46],[1,10],[-6,7],[65,18],[82,41],[23,17],[23,35],[31,25],[-8,17],[0,16],[34,30],[14,44],[28,-2],[31,25],[3,-9],[31,-7],[32,9],[2,12],[-8,15],[-16,0],[-1,12],[-15,16],[25,8],[-5,22],[-22,-2],[-9,5],[18,29],[-19,23],[0,13],[-18,-3],[-28,19],[-101,2],[-23,-5],[-26,-19],[-1,-20],[7,-2],[-6,-13],[1,-7],[-24,-10],[-26,10],[-24,27],[-8,2],[-3,42],[-17,9],[-17,22],[-39,-27],[-28,-4],[-8,4],[-16,-13],[-21,-7],[-55,5],[-28,29],[-24,35],[-4,34],[3,26],[-48,3],[-52,22],[-43,65],[-15,1],[-28,17],[-19,3],[-5,7],[4,6],[-6,4],[5,11],[-11,0],[-14,32],[20,11],[0,4],[27,9],[9,-1],[3,-5],[-4,-11],[28,14],[30,1],[13,9],[66,-9],[26,16],[26,33],[55,-8],[18,8],[12,13],[30,-26],[6,-22],[11,-7],[10,0],[24,17],[34,-9],[46,5],[50,-14],[10,7],[2,16]],[[49711,38294],[33,19],[16,0],[26,12],[13,0],[29,10],[16,31],[30,39],[28,19],[28,-6],[21,11],[16,-6],[38,5],[53,-25],[13,3],[8,-6],[6,4],[8,-4],[21,18]],[[50660,38856],[-3,-30],[-39,-4],[-21,19],[-33,-18],[-1,6],[-13,2],[-3,5],[-5,-4],[-10,3],[-9,-4],[-12,-10],[-26,0],[-7,-8],[3,-19],[-21,-14],[-2,-9],[-14,-10],[-21,-3],[-6,-23],[14,-28],[11,-12],[-12,-12],[-6,-16],[-2,-29],[6,-16],[-5,-20],[19,-18],[66,-26],[2,-8],[-15,-14],[0,-7],[-8,0],[-2,-6],[-9,-1],[-12,-9],[-4,2],[-3,-10],[-22,-6],[-10,5],[-8,-12],[-22,1],[-1,-9],[-22,1],[-7,-28],[8,-13],[-3,-3],[-18,-10],[-9,-12],[-10,-1],[2,-7],[-9,-1],[-8,-14],[-6,0],[-12,-14]],[[49201,39446],[11,14],[10,-7],[11,9],[19,-11],[9,-21],[27,-7],[13,14],[11,-1],[7,9],[15,-2],[13,-9],[19,7],[13,20],[19,-4],[0,31],[-14,16],[-12,3],[-3,9],[14,2],[8,27],[19,7],[8,-6],[1,-34],[12,-2],[1,-9],[-14,-3],[-2,-19],[14,-13],[-1,-14],[10,-7],[40,11],[27,23],[-1,17],[-24,38],[-2,12],[26,1],[9,5],[25,-24],[8,8],[18,-8],[10,-11],[21,11],[71,11],[10,-6],[23,-42],[13,-5]],[[56994,39979],[-46,21],[-6,-3],[-10,18],[-8,5],[-2,15],[-8,5],[-26,8],[-54,0],[-64,43],[-25,11],[-126,14],[-9,5],[-20,0],[-32,33],[-45,63],[-77,59],[-32,8],[-30,26],[-68,36],[-25,3],[-21,17],[-12,19],[-19,2],[-25,41],[-42,7],[-26,15],[-14,2],[-14,18],[-58,10]],[[52699,44023],[7,-24],[-2,-18],[-33,-112]],[[52036,43825],[-26,4],[-26,13]],[[52335,44101],[26,-40],[17,-49],[55,-3],[28,63],[15,20],[29,22],[39,14]],[[60616,43563],[4,-7],[-21,-19],[101,-67]],[[60407,43128],[-9,10],[-9,-6],[-4,6],[-6,-4],[-16,40],[-8,-3],[-17,22],[-52,-42]],[[60286,43151],[-25,32],[-32,28],[38,58],[-5,63],[-9,30],[-6,3],[-3,-6],[-45,-5],[-9,17],[-25,-15],[-6,6],[-3,21],[-3,-2]],[[60323,43612],[47,-16],[3,-6],[20,3],[54,-10],[25,10]],[[51825,53655],[-6,-3],[10,-31],[-10,-19],[-19,-18],[18,-26],[13,-8],[-1,-8],[14,-5]],[[51844,53537],[-13,-12],[-22,5],[-8,-5],[-8,10],[-41,-9],[-6,5],[-21,-5],[1,-5],[-47,-27]],[[51553,53612],[57,19],[5,-5],[22,8],[3,8],[27,12],[-5,6],[36,20],[11,-14],[6,8],[13,-3],[1,-6],[27,7]],[[51756,53672],[7,17],[40,11],[2,-12],[26,-31],[-6,-2]],[[60001,42278],[-82,18],[-4,34],[6,58],[-39,30],[-8,13],[-23,-9],[-22,7],[-56,-64],[-235,110]],[[55892,43530],[-18,-69],[152,-82],[-10,-6],[5,-6],[-11,-1],[-21,-19],[-14,2]],[[55975,43349],[0,5],[-24,-13],[-21,-3],[-115,32],[-47,-7],[8,-46],[-7,-2],[-4,-61],[-7,0],[-2,-31],[-15,-3],[7,-18],[11,5],[2,-4],[-3,-39],[-12,-34]],[[55509,43162],[90,57],[4,32],[-25,31],[-10,37],[12,67],[-12,52]],[[55209,44591],[-26,-123],[12,-46],[13,-25],[-36,-11],[3,-65],[-17,-1],[-51,-25],[6,-19],[-26,-6],[-7,12],[-37,-17],[-2,-20],[-8,-1]],[[55033,44244],[-39,50],[-57,40],[-207,58]],[[54730,44392],[5,95],[66,1],[48,31],[22,2],[23,-5],[19,24],[29,-8],[79,19],[11,24],[9,55],[-2,17],[-15,25]],[[55024,44672],[86,-53],[50,-18],[49,-10]],[[54626,42851],[175,18],[66,15],[68,33],[84,67]],[[56139,43128],[-83,30],[-85,50],[43,71],[-61,15],[-19,10],[41,45]],[[52000,45661],[-22,1],[-91,-15],[-76,-27],[-44,-9]],[[51767,45611],[-6,0],[-59,-47],[-8,40],[-7,2],[1,11],[-85,10],[-6,11],[-7,-3],[-8,11],[-45,-4]],[[51767,45611],[-6,-7],[11,-41],[23,10],[4,-3],[22,-58],[-8,1],[28,-70],[-49,-9],[6,-14],[9,-4],[-6,-4],[7,-19],[50,9],[9,-75],[-14,-4],[-5,-56],[10,-35],[31,4]],[[51889,45236],[35,23],[13,-30],[24,-8],[26,2],[-7,31],[13,4],[10,-8],[20,-4],[1,-5],[24,6],[28,-7],[-2,-6],[7,-2],[-1,-14],[25,6],[28,-4],[-2,18],[53,0],[12,3],[13,12],[19,-15],[19,18],[18,33],[8,1],[8,12]],[[52303,45125],[-5,-4],[-35,-4],[-14,-7],[-2,-7],[-29,7],[-43,-10],[-6,-7],[-15,3],[-2,-5],[-16,-4],[-11,-9],[-7,3],[-43,-19],[-18,1],[-29,-9],[-52,1],[-5,-8],[-11,-5]],[[51960,45042],[-27,-24],[-22,-29],[1,-6],[-20,-1],[-14,-10],[-4,-11],[-18,-5],[-20,-19],[-5,5],[-27,-1],[2,5],[-7,6],[-7,-10],[-29,-12],[-15,-2],[-8,7],[-19,-4],[-14,1],[-10,-8],[-14,0],[-1,5],[-28,-3],[0,-64]],[[51654,44862],[-76,-13],[-25,5],[-3,63],[-9,-5],[-6,10],[-22,3]],[[52697,46009],[-80,-68],[-120,-45],[-36,-26]],[[52461,45870],[-14,45],[-14,18],[-10,0],[-1,51],[-13,61],[6,46],[-7,32]],[[63333,43241],[-49,69],[-10,-6],[-16,-1],[-183,239]],[[60909,42725],[-25,39],[-11,45],[37,35],[32,55]],[[63075,43542],[-437,510],[-151,154]],[[51667,44669],[-11,27],[-60,25],[10,42],[8,-1],[3,20],[12,8],[-4,10],[12,3],[-3,5],[19,4],[1,50]],[[51960,45042],[25,-85],[-7,-74],[-23,-17],[-3,-16],[-59,-17],[-28,-16],[-13,-17],[-59,-33],[-26,-40],[-40,-19],[-32,-41],[-28,2]],[[51365,54160],[-9,-11],[-2,-33],[-48,-9],[-11,-19],[-40,-26],[-21,-8],[-10,9],[-32,-30],[-17,5],[-32,-41],[-10,5],[-15,-19],[-17,-7],[-16,-17],[14,-16],[-8,-8],[-3,-13],[18,-27],[5,-28],[38,-28],[-7,-31]],[[50994,54225],[42,-25],[5,2],[23,-10],[33,17],[-2,5],[36,13],[3,-6],[29,25],[21,1],[12,-18],[-11,-8],[-2,-31],[-14,2],[-23,-23],[1,-10],[52,3],[77,12],[89,-14]],[[51667,44669],[-62,12],[-4,-4],[-13,10],[-43,-9],[-36,-26],[-44,-23],[0,13],[-24,4],[-18,32],[-27,-3],[2,22],[-11,11],[5,30],[-4,16],[-22,12],[-7,12]],[[52437,52161],[3,-24],[77,-150]],[[52517,51987],[12,-27],[-6,-16],[26,-1],[-11,-23],[-1,-21],[50,-49],[5,-14],[10,-7],[7,-25],[33,13],[14,-22],[16,6],[-6,8],[16,12],[42,3],[6,-21],[33,15],[14,-29],[29,16],[66,-130],[62,-85],[35,-62],[32,0],[34,24],[-2,-21]],[[53033,51531],[-3,-49],[-17,-22],[-17,-11],[-6,-26],[-3,-32],[14,-47],[-21,-6],[-76,-41],[-40,-9],[-22,-26],[-19,-11],[4,-5],[-68,-43],[-4,-43],[-40,-4],[-6,-6],[-15,-3],[-15,2],[-24,17],[-6,-2],[-4,7],[-4,-3],[-8,4],[-13,11],[-18,3],[-7,7],[-6,-4],[-21,5],[-1,7],[-20,16],[-55,23]],[[52492,51240],[-18,6],[-27,-3],[-15,5],[-18,-1],[-45,17],[-40,-8],[-42,-19],[-7,7],[4,12],[-19,7],[-42,4],[-40,14],[-19,20],[-31,4],[-13,-2],[-10,-5],[1,-4],[-15,-4],[-12,6],[-32,-20],[-58,26],[-9,-26],[18,-34],[-14,-11]],[[51989,51231],[-11,-15],[13,-10],[13,-31],[13,-12],[19,-67],[31,-26],[-40,-32],[-51,-23]],[[51976,51015],[-152,-67]],[[51824,50948],[-11,11]],[[51813,50959],[-47,20],[-16,29],[-39,22],[-19,20],[-8,16],[5,15],[-25,35],[-2,19],[-14,11],[-12,34],[-12,3],[-6,9],[14,13],[7,19],[-21,43],[-2,38],[-23,29],[-67,48],[28,38],[-52,13],[-37,22],[-27,7],[52,28],[61,25],[14,25],[54,49],[59,26],[22,20],[1,-4],[14,3],[4,-6],[26,15],[-3,11],[-10,0],[-10,11],[-13,-9],[-4,11],[3,5],[19,2],[19,26],[-7,7],[7,10],[-4,31],[15,6],[1,20],[5,5],[9,-3],[11,17],[17,12],[-16,16]],[[52223,52324],[77,-41],[33,-3],[33,5],[32,-38]],[[53134,49162],[-43,5],[-104,37],[-6,127],[27,45],[4,33],[23,12]],[[53035,49421],[34,-4],[11,-10],[35,-13],[31,-53],[38,-25],[-3,-21],[5,-7],[-8,-3],[-13,-23],[7,-8],[0,-9],[-8,-7],[-1,-27],[-29,-49]],[[54561,49904],[-41,7],[-16,20],[-19,-8],[-10,2],[-3,-16],[-25,7],[-120,4],[-63,21],[-39,-4],[-29,7],[-53,-16],[-1,16],[-13,0],[1,10],[-18,4],[-13,-15],[-19,9],[-33,2],[0,-26],[-16,1],[-14,15],[-12,1],[-6,14],[8,14],[-17,25],[1,7],[-272,10],[-16,-24],[-2,-18],[-19,-21],[20,-47],[6,-30],[-9,-9],[-3,-20],[-22,-29],[-2,-10]],[[53672,49807],[-12,32],[-12,12],[-29,0],[-46,27],[-11,51],[-34,-9],[-16,16],[-38,8],[-63,-8],[-11,2],[-82,28],[-26,24],[-22,8],[-27,-4],[-25,5],[-30,-5],[-99,-29],[-45,20],[3,10],[-14,14],[-14,8],[-3,-2],[-6,25],[-8,0],[-23,-26],[-28,11],[-32,24],[-30,9],[-1,8],[-72,16],[-89,34],[-24,-4],[-15,14]],[[52688,50126],[50,32],[6,10],[2,37],[14,13],[12,29],[18,2],[28,12],[-3,12],[29,44],[45,13],[35,25]],[[52924,50355],[40,1],[10,-3],[6,-13],[98,-19],[6,-15],[16,-7],[7,-8],[0,-17],[7,-11],[5,10],[7,-2],[3,-11],[22,15],[89,-35],[49,-31],[34,-14],[37,-1],[43,-12],[8,3],[5,16],[6,3],[-5,12],[5,17],[23,23],[-5,35],[3,14],[-8,-1],[-15,27],[8,2],[-2,13],[8,1],[-9,24],[6,18],[-13,25],[-9,5],[0,9],[-25,30],[14,2],[-6,19],[4,28],[27,0],[49,-21],[14,20],[-44,17],[22,22],[21,-5],[-8,45],[11,-1],[-12,46],[34,-21],[26,4],[30,-5],[39,4],[37,-5],[17,3],[32,-21],[10,0],[27,-15],[2,-23],[-8,-11],[15,-10],[-5,-9],[8,-1],[5,-15],[9,-1],[-2,-9],[-6,-3],[6,-5],[-5,-12],[7,-13],[2,-27],[34,3],[13,22],[28,9],[17,-5],[25,9],[31,-12],[24,14],[27,7],[14,8],[-9,19],[12,20],[56,8],[14,30],[6,41],[40,51],[33,27],[4,190],[28,38],[22,45]],[[54175,50959],[49,-13],[28,-15],[45,-58],[31,-34],[17,-11],[21,-29]],[[60345,44889],[-14,22],[-14,10],[-69,9],[-1,29],[-31,11],[-3,18],[-8,9]],[[60205,44997],[61,15],[13,-16],[4,9],[13,0],[33,35],[20,13],[11,3],[84,59],[104,47],[32,5],[24,18]],[[60604,45185],[10,6],[370,-186],[21,-10],[3,6],[35,-18]],[[50623,48393],[-12,22],[-11,5],[-6,26],[15,68],[31,-7],[28,0],[1,16],[8,6],[7,-1],[2,15],[10,13],[0,23],[17,18],[20,-1],[45,10],[-6,27],[15,56],[55,60],[29,51],[7,-1],[39,19],[11,-1],[9,-7],[28,-1],[16,3],[21,15],[30,-7],[31,24],[23,7],[-11,6],[-3,11],[-14,6],[8,13],[-9,9],[2,6],[-14,8],[-22,26],[24,25],[28,13],[1,7],[18,22],[31,15],[3,-3],[36,30],[10,23],[-1,18],[7,6],[8,-1],[-15,48],[12,3],[49,-3],[-15,35],[-25,23],[10,11],[-41,16],[-45,-19],[-4,5],[-11,34],[9,11],[-16,17],[3,6],[-37,20],[-22,20],[24,39],[12,9]],[[51076,49366],[29,-17],[29,-5],[4,5],[20,-2],[83,-31],[34,-7],[22,9],[2,-6],[32,10],[6,8],[18,9],[45,-2],[31,7],[39,-17],[2,4],[8,-11],[11,-2],[31,1],[40,11],[21,-7],[4,6],[28,5],[20,14],[16,-4],[-2,-11],[41,17],[3,7],[42,9],[8,-43],[-10,-29],[-8,-7],[-25,-5],[-15,-16],[4,-4],[-4,-15],[10,-6],[27,4],[104,-36],[67,-14],[37,-19],[11,6],[16,0],[7,-10],[51,-14],[14,-11],[-9,-53],[48,-14],[24,-14],[-63,-61],[6,-52],[9,5],[12,-10],[25,-4],[3,26],[12,9],[0,5],[43,20],[2,19],[37,8]],[[53382,45535],[10,-5],[-37,-58],[-7,-42],[-43,-17],[-10,-16],[17,-37],[15,-17],[-9,-1],[0,-7],[-7,0],[1,-8],[-23,0],[-21,-23],[-8,4],[-14,-11],[135,-93]],[[53381,45204],[2,-36],[-130,-61],[-18,18],[-7,15],[-43,-12],[-25,-14],[-17,47],[-21,1],[-22,-6]],[[52972,45479],[115,-35],[114,66],[115,100]],[[52564,49921],[76,-23],[52,-32],[16,-29],[15,-83],[21,-42]],[[52744,49712],[-17,-38],[-72,18],[-14,-24],[-66,-55],[8,-5],[-3,-8],[-9,-4],[0,-12]],[[52571,49584],[-23,1],[-75,-20],[-27,11]],[[52446,49576],[-1,16]],[[52445,49592],[1,30],[14,34],[17,19],[43,23],[-16,21],[-17,39],[15,18],[13,3],[-2,17],[-30,38],[20,17],[22,10],[-9,39],[4,26]],[[52520,49926],[44,-5]],[[50307,53121],[-70,-56],[-5,-34],[-11,-20],[-44,-9],[-17,-22],[21,-13],[10,-26],[6,0],[13,-23],[-3,-10],[26,-27],[-3,-21],[-18,-7],[-16,-20],[35,-12],[22,-17],[-16,-43],[3,-11],[-9,-5],[0,-30],[-9,-4],[1,-26],[-9,-33],[36,-13],[32,-3],[2,-8]],[[49472,52347],[25,31],[-19,48],[-16,13],[-24,10],[-19,45],[-11,5],[-19,48],[-14,8],[-14,20],[0,11],[12,5],[3,16],[23,12],[6,14],[-3,15],[-10,4],[9,20],[-1,14],[-17,10],[-23,-3],[-11,6]],[[49349,52699],[7,10],[-7,12],[10,18],[-6,11],[0,9],[4,2],[-6,11],[2,18],[-6,4],[2,19],[-12,18],[0,11],[-14,5],[-1,9],[9,6],[7,-2],[0,6],[9,3],[2,11],[19,7],[11,13],[24,-3],[21,7],[17,18],[2,27],[32,22]],[[52872,49625],[4,-5],[-34,-52],[-54,17],[-17,-14],[-10,0],[-12,4],[-9,11],[-13,-33],[-35,24],[8,20],[-9,1],[-133,-26]],[[52558,49572],[14,7],[-1,5]],[[52744,49712],[19,-29],[31,-26],[30,-16],[48,-16]],[[50775,51442],[11,-13],[1,-17],[17,13],[25,9],[50,-2],[26,4],[56,20],[103,0],[18,-80],[28,6],[16,-15],[-3,-6],[16,-28],[22,-21],[-7,-5],[42,-46],[-5,-6],[60,-63],[-13,-6],[10,-27],[25,-2],[25,-26],[-4,-3],[2,-17],[31,3],[19,-12],[16,-23],[16,-71],[-16,-83],[-22,-20],[-20,14],[-24,-22],[4,-15],[-10,-5],[1,-7],[16,8],[13,-9],[25,9],[36,-20],[25,30],[26,-26],[8,-30],[22,-1],[11,-20],[21,-5],[39,10],[37,24],[31,6],[65,-2],[73,19],[25,21],[-10,24],[2,14],[15,8],[8,12],[34,17]],[[51824,50948],[55,-56],[46,-94],[29,-39],[15,-39],[15,-72],[16,-35],[-1,-8],[-22,-33],[-6,0],[-9,-22],[-6,-21],[7,-7]],[[51963,50522],[24,-38],[-1,-46],[15,-16],[14,-39],[-37,1],[-58,-14],[-46,-20],[-7,-19],[-21,7],[-11,-3],[15,-11],[15,4],[32,-11],[9,-6],[9,-17],[-8,-106],[-13,-19],[-8,-6],[-4,24],[-25,45],[-35,12],[-8,-2],[-11,12],[0,8],[-28,18],[-42,4],[-17,-3],[-9,-11],[6,-23],[7,-3],[3,-10],[-7,0],[-2,-18],[13,-22],[-11,-3],[-10,6],[-16,30],[-10,3],[-8,-7],[-1,8],[-12,-5],[-20,-47],[22,-25],[-19,-23],[12,-6],[-12,-12],[-21,-6],[-7,-82],[13,-2],[30,-20],[7,-13],[-2,-9],[-36,11],[-27,0],[-3,-16],[-26,-19],[-32,-4],[-7,10],[-19,3],[-6,10],[-7,-5],[-9,9],[-30,12],[-1,-3],[-140,-20],[-23,16],[-27,8],[-19,-2],[-11,10],[-39,0],[2,34],[-10,26],[-38,34],[-24,8],[-19,27],[-45,17],[-83,-79],[-96,-20],[-70,-1],[-68,-28],[-14,-16],[-10,-25],[1,-76],[-11,0],[-18,-28]],[[50697,49874],[-58,21],[-10,12],[-50,33],[-26,29],[-2,15],[-17,11],[-9,30],[-38,32],[-100,5],[-9,-11],[-25,2],[-22,-16],[-9,4],[-20,-4],[-28,0],[-10,5],[-19,-3],[-47,11],[-9,8],[0,14],[-9,10],[-49,16],[-7,7],[2,8],[-13,12],[-19,-14],[-18,25],[-70,-13],[-30,-10],[-40,-32],[-27,-43],[-23,-25],[-9,-4],[-12,6],[-3,-4],[-20,1],[-55,-18],[-27,2],[-30,13],[-70,38],[-1,7],[-13,2],[-23,21],[-35,0],[-22,-11],[1,-7],[-7,-7],[-15,2],[-15,9],[-11,16],[-9,-1],[-24,-19],[-20,-2],[-7,-11],[4,-8],[-15,0],[-8,-12],[6,-18],[-9,-10],[0,-6],[-10,5],[-2,-14],[-15,-7],[-7,-24],[3,-9],[7,0],[-5,-14],[-18,-16],[5,-11],[20,-7],[1,-8],[11,-7],[-3,-9],[8,-7],[10,-1],[3,-24],[-19,-19],[-5,-24],[12,-44],[14,-25],[41,-8],[1,-28],[18,-14],[20,-4],[11,-34],[11,-15],[-17,-12],[3,-4],[-10,-8],[-53,-3],[-16,5],[-19,-2],[-23,-10],[-11,-24],[-15,-8]],[[48915,49816],[9,12],[3,24],[19,8],[13,24],[37,26],[4,17],[21,17],[49,4],[34,-19],[46,2],[17,10],[1,9],[14,10],[9,18],[-4,22],[7,13],[-9,39],[13,23],[8,54],[-3,22],[16,51],[20,31],[1,46],[17,21],[-12,24],[32,47],[-18,21],[-4,17],[77,59],[13,22],[7,102],[-22,43],[-2,16],[17,57],[20,15],[7,13],[-3,31],[28,17],[-9,52],[27,64],[-43,5]],[[56924,42776],[7,-8],[-15,-8],[-14,-27],[15,-21],[23,-20],[1,-13],[-61,-77],[-5,-16],[-40,-28],[-34,-3],[-17,-12],[9,-15],[19,-13]],[[56441,42741],[-54,45],[-9,26],[-33,53],[-54,52],[-11,67]],[[58708,46175],[15,38],[0,28],[9,0],[-5,14],[-24,-2],[4,8],[-13,5],[1,11],[8,10],[-10,6],[-8,-2],[2,13],[-28,5],[-5,20],[1,25],[24,73],[-2,38],[-11,13],[-24,10],[-89,18],[-14,9]],[[59447,45657],[96,-38],[9,14],[20,-10],[46,31],[50,-35]],[[54524,44370],[24,-9],[-1,-17],[56,-2],[65,-25],[32,-10],[5,2],[55,-19],[-38,-13],[-37,-31],[4,-24],[-20,-13],[-2,-7],[35,-26],[-13,-28],[-25,4],[-13,-45],[-12,2],[-4,-10],[-16,1],[-4,-4],[-9,-22],[15,-5],[-15,-33],[-11,-7],[-10,8],[-45,-17],[-32,8]],[[54306,45258],[3,-4]],[[53596,44138],[64,-31],[-43,-102],[-4,-14],[5,-6],[49,-1],[27,11],[21,18],[9,-28]],[[53724,43985],[-5,-10],[-82,-48],[-16,2],[-43,-37],[-35,-18],[-40,-8],[-9,7],[-37,-50],[-29,-10],[-5,-42]],[[52128,44325],[58,4],[76,28],[-2,-66],[-24,-50],[-2,-19],[7,-18],[52,-53]],[[52146,53452],[-15,5],[4,-27],[-52,-29],[15,-26],[-13,-5],[-14,24],[-29,-17],[13,-18],[1,-14],[-41,-5],[-5,4],[-7,-4],[-13,20],[-7,2],[-15,-19],[-6,1],[2,49],[-29,-6]],[[51935,53387],[-36,73]],[[51899,53460],[163,90]],[[52004,52937],[-8,-50],[4,-78],[-16,-33],[-27,-18],[-57,-25],[-35,6],[-20,25]],[[51812,52836],[-39,41],[-27,23],[-89,49],[-32,24]],[[44883,37892],[-14,-54],[49,-1],[58,-27],[-6,-28],[-19,-14],[-4,-15],[14,-37],[10,-8],[9,-19],[-4,-2],[9,-23],[4,1],[3,-10],[5,-1],[4,-16],[76,31],[26,-29],[2,-21],[-8,-18],[22,-7],[58,10],[24,9],[9,-15],[59,4],[87,41],[13,-18],[24,3],[11,-6],[16,-25],[-2,-9],[18,-7],[12,-18],[34,-9],[24,-17],[4,-16],[13,-5],[-11,-13],[16,-3],[-4,-8],[6,-5],[-3,-6],[35,-17],[10,-16],[7,3],[11,-16],[13,-8],[18,-7],[32,-2],[3,-11],[12,2]],[[41160,50518],[-46,-8],[-14,-8],[-2,-14],[-12,-1],[-31,1],[-11,19],[-45,7],[-1,-44],[15,-19],[-15,-2],[-44,24],[-7,-8],[-51,18],[-96,20],[-4,-11],[-46,8],[-35,14],[-8,0],[-1,-9],[-7,0],[-72,12],[-34,-51],[-22,-15],[-13,-17],[-3,-20],[26,-17],[48,-12],[37,-16],[0,-9],[15,-13],[74,-24],[18,-11],[36,1]],[[39978,50878],[23,-16],[19,-6],[4,-7],[28,-6],[10,-12],[35,-8],[18,-12],[8,-19],[-13,-2],[-43,12],[-33,-10],[-13,3],[-37,-9],[-17,-57],[-26,-5],[-25,-21],[1,-17],[34,-29],[50,-25],[8,-9],[22,-10],[9,-12],[32,-2],[11,-6],[45,-52],[23,-8],[32,0],[22,-8],[14,-32],[-81,-92],[-56,-7],[-42,-22],[-26,-42],[-21,-8],[-17,-23],[-38,-3],[0,-8],[-20,-1],[-19,-12],[-2,-16],[-21,-4],[-15,-26],[-5,-4],[-11,1],[7,-6],[-3,-8],[-22,-3],[-4,-9],[-15,-10],[6,-9],[-6,-10],[-15,-2],[-6,-8],[39,-7],[57,-36],[7,-13],[41,-27],[-5,-12]],[[39978,50878],[32,46],[89,34],[54,4],[40,-14],[37,0],[28,8],[15,10],[15,1],[84,-14],[14,-10],[6,10],[-2,12],[-38,78],[15,31],[12,45],[24,34],[-6,66],[43,133],[20,38],[24,13],[43,54],[9,28],[27,33],[44,36]],[[41077,51519],[-29,17],[-14,1],[-35,-50],[-25,-2],[-51,9],[-44,-15],[-12,1],[-22,-7],[-81,21],[-15,-3],[-16,32],[-31,15],[-32,-2],[-44,8],[-19,10]],[[44566,51284],[-78,-72],[-3,5],[-33,-18],[-4,-10],[-139,-125],[5,-30],[-17,-35],[-56,-26],[-22,-5]],[[45099,51467],[-196,-12],[-132,3],[-205,-174]],[[45099,51467],[12,2],[51,-22],[41,-7],[20,-15],[17,7],[38,-19],[31,2],[81,-25],[2,19],[28,2],[2,5],[10,2],[2,10],[18,2],[15,14],[18,-1],[19,-8],[87,8],[20,-11]],[[48015,49092],[37,24],[31,41],[69,169],[20,26],[-17,36],[-62,-26],[-39,-3],[-20,10],[-6,9],[4,19],[25,53],[-43,-12],[-3,-38],[-26,2]],[[48112,51067],[5,2],[24,-10],[12,3],[23,-10],[28,-2],[42,16],[5,14],[-15,26],[0,22],[13,15]],[[49560,43298],[-55,45],[-12,29],[5,18],[39,65],[-3,29],[-11,14],[-36,10],[-28,17],[-9,12],[-58,104],[-12,75]],[[49380,43716],[19,53],[2,81],[21,24],[11,26],[-19,111],[-22,85],[-19,36],[-37,28],[-123,47],[-15,12],[16,26],[3,20],[-5,21],[-31,42],[-2,30],[8,21],[48,60],[5,30]],[[52558,49572],[-9,-4],[14,-36],[18,5],[35,-13],[36,-21],[15,-33],[28,-6],[14,2],[6,-14],[-9,-25],[28,-14],[35,2],[47,12],[18,-9],[29,10],[16,-5],[27,4],[26,-15],[21,1]],[[52953,49413],[-7,-9],[5,-17],[-18,-28],[-19,-16],[-25,-8],[4,-24],[10,-6],[-18,-16],[-23,-72],[-24,-43]],[[52838,49174],[-16,6],[14,17],[-44,18],[26,32],[-12,16],[-1,12],[-38,31],[-63,-21],[-40,-1],[-45,14],[-35,28]],[[52584,49326],[-60,79],[-72,69]],[[52452,49474],[-6,23],[0,79]],[[53350,51995],[10,-14],[24,-7],[9,-13],[12,-4],[0,-11],[11,8],[4,-6],[-3,-8],[28,-13],[2,-9],[7,4],[4,-11],[20,-4],[-9,-4],[-2,-10],[9,-28],[-38,-38],[3,-10],[17,-5],[-25,-51],[-40,-55],[51,-15],[-6,-28],[-19,-3],[-18,-11],[-31,-41],[-50,-37],[-86,-151]],[[53234,51420],[-5,-4],[-41,17],[-45,41],[-42,29],[-4,-3],[-25,25],[-39,6]],[[52517,51987],[45,4],[3,-4],[32,7],[60,23],[13,27],[-6,49],[11,0]],[[52927,52286],[149,-53],[91,-39],[13,-11],[2,-9],[-14,-36],[-6,-35],[14,0],[33,-34],[17,-5],[32,12],[5,-6],[9,0],[1,-8],[16,-16],[-1,-16],[10,-6],[-1,-4],[22,-5],[5,-7],[6,2],[5,-7],[15,-2],[0,-6]],[[50697,49874],[11,-26],[1,-18],[15,-14],[20,-50],[24,-27],[24,-14],[5,-15],[13,-6],[16,-35],[12,-10],[-52,-20],[21,-34],[27,-20],[53,16],[1,-19],[13,-20],[-3,-32],[9,-10],[8,-25],[15,-7],[20,-25],[8,-52],[-4,-17],[8,-13],[9,-6],[30,23],[9,14],[66,-46]],[[53779,48670],[-5,18],[4,13],[-30,48],[-11,83],[5,28],[15,23],[14,13],[10,1],[9,20],[-5,1],[4,27],[-7,13],[2,8],[-10,7],[-1,11],[-70,51],[0,26],[14,25],[1,17],[-80,52],[-33,32],[6,22],[-5,4],[11,12],[-7,19],[7,12],[32,19],[66,14],[48,48],[15,3],[26,-3],[13,8],[10,23],[-16,87],[-9,1],[-1,16],[5,12],[-4,4],[14,8],[4,11],[25,-9],[17,18],[-9,12],[7,10],[35,-1],[5,7],[28,11],[-10,2],[8,8],[-31,26],[14,23],[-22,8],[-16,53],[-17,16],[-41,17],[6,15],[-14,21],[-18,8],[-1,-15],[-12,0],[-7,9],[16,13],[-11,14],[-43,3],[-13,22],[-36,3],[-8,6]],[[52498,49187],[-16,-23],[-29,-14],[-42,-40]],[[52411,49110],[-103,42],[-48,25],[-44,33],[-35,36]],[[52181,49246],[116,62],[69,19],[6,-35],[9,-15],[56,-53],[10,21],[15,-2],[-11,-20],[46,-28],[1,-8]],[[52445,49592],[-25,-2],[2,25],[-14,17],[-1,17],[-7,8],[-31,17],[-27,22],[-42,0],[-7,7],[7,15],[17,-4],[12,20],[7,-5],[30,31],[-22,29],[-25,15],[-17,27],[24,10],[-14,9]],[[52312,49850],[83,58],[67,13],[58,5]],[[52983,49433],[-30,-20]],[[52872,49625],[63,-24],[39,-49],[22,-73],[-20,-7],[-10,-17],[17,-22]],[[52617,48845],[-51,124],[-30,46],[-54,52],[-71,43]],[[52498,49187],[19,22],[26,-11],[36,3],[28,28],[20,11]],[[52627,49240],[20,-64],[12,-73],[0,-78],[-10,-86],[30,-60]],[[53090,48999],[20,26],[-4,7],[11,9],[-5,3],[5,52],[17,66]],[[53035,49421],[-27,-3],[-25,15]],[[52564,49921],[-1,29],[-7,4],[-3,16],[-20,17],[-1,15],[27,12],[33,31],[42,27],[34,48],[20,6]],[[53234,51420],[112,-57],[150,-25]],[[53496,51338],[-24,-3],[10,-27],[26,4],[-1,9],[45,-12],[35,-18],[12,-9],[2,-9],[70,-35],[41,-32],[3,2],[16,-11],[59,-15],[58,-27],[-46,-49],[-6,-23],[56,-28],[61,-24],[57,-40],[37,-77],[38,-1],[33,24],[32,10],[57,9],[9,9],[-1,-6]],[[52924,50355],[-13,21],[-11,7],[-8,-1],[8,-9],[-12,4],[-38,6],[-18,18],[-6,20],[-11,7],[-10,-2],[-9,25],[-10,-2],[6,21],[-20,3],[-41,18],[1,5],[-17,2],[-21,20],[-10,3],[-58,-12],[-47,-16],[-19,7],[-53,-14],[-8,-7],[-21,5],[-10,-8],[-56,-10],[-36,-1],[-24,-15],[-19,5],[-38,2],[-29,-12],[-14,21],[-11,-6],[-11,10],[-17,42],[-28,22],[-27,-18],[-25,21],[-10,-3],[-5,19],[4,7],[-6,3],[-23,-3],[0,-5],[-42,5],[13,-50],[-35,-4],[-43,17],[-23,-1]],[[51976,51015],[20,-56],[-7,-16],[6,-17],[25,-21],[5,-8],[-8,-3],[23,-22],[7,3],[-3,-29],[7,-9],[13,-7],[13,4],[42,-23],[25,7],[25,-43],[33,-22],[-7,-9],[33,-18],[-5,-4],[23,-23],[92,70],[37,17],[-28,29],[10,11],[89,15]],[[52446,50841],[28,-2],[38,-14],[-24,25],[-2,5],[15,5],[-20,36],[14,7],[26,3],[16,10],[-6,17],[-8,-2],[-16,23],[12,4],[17,30],[15,40],[-8,2],[18,38],[23,10],[2,15],[16,18],[-33,5],[9,10],[-13,15],[-40,24]],[[52525,51165],[-23,18],[-13,24],[-2,11],[10,19],[-5,3]],[[60544,41930],[-5,-6],[-12,0],[-24,6],[-8,8],[-15,-2],[-50,-61],[21,-62],[-37,-20],[-13,-2],[-5,-8],[-32,-2],[-1,12],[-11,2],[2,6],[-9,10],[10,6],[-4,7],[-8,-3],[4,12],[-7,-1],[-1,8],[-14,-3],[3,12],[-34,6],[-19,-8],[-21,-24],[-9,-3],[-2,-6],[6,-6],[-9,-6],[5,-3],[-12,-4],[-4,-13],[-24,-13],[-30,4],[-21,-7],[5,-9],[40,-29],[102,-66],[61,-22],[63,-34],[36,-40],[-20,-20],[-18,16],[-6,-1],[-10,-18],[-1,-18],[-21,-21],[-35,1],[-30,-18],[-18,1],[-13,-13],[-9,-67],[-7,-7],[11,-19],[8,-5],[-13,-18],[-94,50],[-8,-18],[-72,-1],[-50,20],[-81,-7],[1,12],[-24,1],[-29,-18],[-46,-7],[-19,4],[-11,-36],[-75,-82],[-21,15],[-66,29],[-78,14],[-95,34],[-76,16],[-8,9]],[[59287,42379],[36,-41],[21,-53],[6,-38],[41,-22],[52,-20],[1,-12],[-22,-21],[14,-7],[-16,-39],[-17,-18],[30,-15],[-20,-34],[23,-12],[7,1],[32,-20],[37,41],[31,-16],[43,16],[5,-5],[12,10],[-46,45],[125,140],[34,-24],[34,28],[64,26],[23,-32],[36,-33],[-15,-17],[13,-24],[19,7],[6,-27],[40,-32],[9,-16],[56,68],[14,46],[45,33]],[[57282,39728],[1,-3]],[[55914,39354],[-1,15],[11,12],[3,15],[26,14],[27,55],[-19,10],[-14,16],[-30,62],[-37,26],[5,6],[-6,22],[-13,12],[13,20],[15,-3],[6,9],[-2,10],[16,7],[7,15],[-4,8],[12,20],[49,23],[16,14],[31,10],[13,-4],[23,4],[5,20],[13,14],[12,3],[37,-30],[10,-1],[8,7],[7,0],[8,-15],[-9,1],[-3,-5],[14,-7],[-5,-19],[12,-5],[-3,7],[14,7],[14,-7],[-5,-15],[11,-7],[11,8],[9,-7],[2,29],[12,12],[7,0],[6,-9],[8,-1],[8,14],[14,1],[0,8],[11,3],[-4,9],[9,1],[5,9],[13,-3],[-9,16],[7,8],[-14,2],[13,10],[6,14],[17,6],[1,-10],[41,17],[6,8],[-10,12],[30,12],[-11,15],[24,22],[-16,20],[11,25],[-30,6],[-64,-12],[-40,4],[0,7],[-10,3],[0,16],[-6,0],[4,23],[-39,6],[-1,22],[-29,23],[-2,19],[8,26],[-28,-6],[-19,43],[-51,61],[-50,15],[-33,37],[-36,57],[-21,20],[-1,29]],[[54276,47905],[-88,65],[-26,-5],[6,-8],[-3,-6],[-44,-5],[-10,-23],[9,-8],[45,-12],[49,-23],[19,-30],[-33,-21],[-39,-34],[-44,6],[-11,27],[-3,44],[-46,-30],[-18,-37],[-12,6],[-5,-9],[-7,0],[-18,-20],[-11,12],[6,6],[-29,24]],[[53694,48262],[-4,7]],[[58750,49192],[66,14],[27,9],[18,12],[14,15],[-3,6],[11,17],[-33,21],[69,48],[13,-5],[14,-15],[25,14],[1,-17],[8,7],[2,15],[46,26]],[[58750,49192],[-63,27],[-20,5],[-14,-4],[-9,54],[-5,3],[4,31],[-30,28],[-1,-15],[-20,0]],[[58592,49321],[-12,23],[-2,18],[16,19],[24,12],[2,19],[17,24]],[[58637,49436],[7,-3],[-6,-10],[105,-19],[19,2],[22,-30],[10,3],[9,-12],[22,-6],[19,19],[54,15],[18,-8],[8,13],[1,-19],[6,6],[23,-10],[24,5],[50,-23]],[[48497,47667],[-10,51],[29,29],[2,16],[34,27],[70,20]],[[49331,48713],[51,80],[40,9],[21,9],[-10,7],[16,13]],[[45063,39781],[-6,35],[18,92],[-6,49],[-4,7],[-14,5],[-19,33],[-1,43],[-11,12],[-8,-9],[-2,-16],[7,-38],[-14,-29],[-54,-17],[-29,2],[-22,7],[-19,21],[-12,-5],[14,-5],[-3,-31],[-36,8],[-6,-7],[-24,4],[-4,-4],[9,-9],[-55,12],[-6,-24],[-15,-15]],[[44741,39902],[-31,22],[3,8],[-9,3],[-4,-7],[-13,5],[-6,11],[-21,5],[-24,31],[-4,-9],[-23,-7],[-58,7],[-75,22],[-3,17],[-57,56],[-2,9],[36,104],[46,59],[24,10],[7,12],[-59,50],[15,17],[-22,-4],[-20,4],[8,53],[-33,13],[-45,8],[-29,21],[33,11],[22,1],[8,-5],[35,10],[23,-17],[27,-1],[3,3],[-12,13],[4,4],[-14,11],[-22,-12],[-13,7],[60,29],[45,30],[21,-1],[44,23],[22,5],[47,0],[67,15],[21,-4],[30,-25],[14,-2],[15,3],[48,55],[17,12],[65,14],[-5,16],[-32,35],[-25,39],[94,-3],[31,-5],[1,-13],[13,-10],[68,20],[-5,36],[71,42],[-2,13],[-32,19],[-5,10],[0,20],[6,2],[-3,18],[11,25],[-3,31],[18,20],[0,17],[19,42],[-20,25],[-2,23],[12,12],[2,22],[9,7],[-11,5],[6,13],[19,-1],[11,7],[-4,7],[6,7],[21,-7],[0,11],[7,-5],[10,4],[8,-7],[-3,-5],[12,4],[11,-4],[9,10]],[[48237,47177],[21,-21],[5,-16],[43,16],[12,-1],[1,-32],[-19,-49],[36,-27],[42,-15],[-10,-19],[22,-10],[5,9],[8,-2],[2,-6],[8,10],[16,-2],[4,-6],[-14,-7],[-4,-8],[30,-15],[16,-2],[-9,-18],[33,-2]],[[44632,36706],[-8,-1],[-15,-21],[-7,2],[-4,-18],[7,1],[6,-12],[33,0],[7,-36],[119,-48],[72,-11],[3,-7]],[[44845,36555],[-28,-42],[-11,-3],[-10,-13],[-29,-6],[-23,-32],[-35,-25],[-30,15],[-27,0],[-33,-17],[-32,-28]],[[44587,36404],[-48,17],[-1,-4],[-59,9],[-53,17],[-14,2],[0,-10],[-40,3],[-4,-12],[-21,3],[-11,-20],[16,-3],[2,-7],[18,-14],[26,-29],[5,-20],[-32,18],[-46,15],[-8,-24],[-38,3],[-1,22],[-45,-4],[3,18],[-12,17],[-46,19],[-7,9],[-65,24],[-57,-13],[-12,17],[-24,11],[-45,-20],[-8,-8],[-35,-6],[-51,29],[-63,61],[-45,7],[-11,6],[-9,14],[-34,4],[-71,-75],[74,-61],[-18,-19],[16,0],[3,-10],[-14,-23],[30,-33],[-8,-4],[12,-30],[-24,-5],[-35,-20],[-16,8],[-29,-28],[-17,22],[-25,-9],[-14,-10],[-9,-17],[-6,1],[-26,-36],[-42,-37],[-12,-23]],[[49718,36412],[-17,-85],[15,-41],[-7,-18]],[[48305,36308],[26,-8],[7,-17],[12,-6],[-5,-11],[5,-16],[-13,-25],[4,-4],[-3,-7],[12,-14],[-5,-4],[6,-14],[-13,-11],[3,-4],[-7,-10],[4,-6],[19,1],[21,20],[51,-15],[102,17],[21,-9],[24,8],[7,-10],[35,-11],[34,-2],[10,10],[11,-6],[12,-26],[7,2],[2,-10],[8,-5],[-22,-30],[11,-5],[1,-8],[6,-3],[-2,-16],[7,-12],[-5,-10],[3,-7],[-14,-10],[1,-10],[-9,-1],[1,-33],[8,-7],[-6,-6],[1,-9],[-8,2],[2,-15],[-10,-5],[9,-14],[2,-18],[9,-7],[-8,-17],[-18,-6],[-2,-7],[19,-10],[40,-9],[65,-4],[53,-25],[22,-1],[36,6],[22,-8],[37,-1],[125,35],[48,0],[-4,53],[32,30],[20,44],[3,16],[-8,18],[8,17],[2,53],[8,32],[14,19],[73,-13],[85,28],[57,36],[25,9],[56,13],[43,4],[22,10],[23,1],[55,18],[9,8],[23,0],[5,6],[17,5],[15,17]],[[40054,38093],[-8,-34],[26,-19],[4,-13],[29,-34],[3,-11],[36,-4],[36,21],[35,4],[55,-45],[21,-4],[54,7],[29,-8],[30,-23],[35,-9],[15,-5],[4,-7],[18,-4],[11,-30],[10,-3]],[[40054,38093],[49,24],[18,33],[7,-2],[13,7],[-21,73],[48,2],[38,-4],[58,16],[60,1],[47,6],[105,45],[107,34],[32,1],[20,6],[127,68],[62,65],[69,58],[13,43],[-26,17],[-10,15],[-60,21],[-10,15],[-28,14],[-23,1],[-5,-11],[-11,-9],[4,-7],[-4,-16],[-17,-3],[-21,-19],[-3,-17],[-9,5],[-8,-3],[7,-7],[-3,-11],[-37,-7],[4,-10],[-19,-11],[-1,-7],[-42,-1],[-12,-8],[-12,27],[-22,18],[-30,-7],[-14,4],[-14,22],[-12,1],[-9,8],[-19,3],[-29,-4],[-12,6],[-4,15],[-44,4],[-10,18],[-20,20],[-37,12],[5,59],[117,55],[0,35],[8,10],[-8,12],[41,24],[27,23],[67,15],[10,18],[48,36],[24,56]],[[44976,35773],[2,-24],[-32,4],[-24,-7],[-36,7],[-27,23],[-66,-3],[-19,-8],[-10,-18],[-61,-16],[-14,19],[-11,-10],[-29,15],[-38,30],[8,8],[-3,4],[-39,5],[-19,13],[-5,9],[8,52],[18,-13],[61,22],[24,2],[15,11],[35,11],[25,-4],[-6,23],[-23,2],[-9,13],[-19,-5],[-18,7],[-17,19],[10,18],[17,11],[5,19],[-26,0],[-27,-9],[-16,24],[-34,6],[-29,12],[-27,2],[-10,8],[7,5],[36,5],[20,36],[18,15],[10,18],[58,49],[-13,26],[7,22],[-14,3],[-35,-6],[-8,14],[-4,36],[-14,1],[7,12],[-1,57],[7,0],[9,14],[-4,26],[-13,12],[4,4]],[[44845,36555],[19,-9],[8,-28],[32,-56],[40,-15],[20,16],[29,-15],[6,-8]],[[46147,52616],[66,-85],[1,-66],[-78,-18],[-47,-3],[-25,-13],[-60,-8],[-42,-31],[-56,-5],[-11,-11],[-18,-1],[-12,-7],[-27,-23],[-9,-28],[-24,-35],[-10,-33],[-11,-16],[-74,-26],[1,-17],[-12,-16],[-24,-13],[6,-8],[-23,-21],[-45,-8],[-11,-10],[8,-9],[-14,-9],[10,-4],[-4,-4],[35,-18],[-68,-24],[19,-14],[-9,-30],[-23,3],[-2,-5],[-40,-17],[-29,8],[-16,-13],[-29,-7],[-49,1],[0,-10],[-20,-19],[-40,1],[-28,-20],[-19,0],[-3,-12],[-27,-6],[-4,-20],[7,-17],[-27,-18],[-94,-17],[-18,4],[-14,-3]],[[45119,52444],[-6,-2],[1,-16],[8,-9],[-8,-9],[3,-7],[-31,-18],[4,-15],[-14,-14],[-14,-1],[5,-5],[-12,-11],[6,-7],[-2,-14],[13,-16],[-32,-52],[-24,-27],[7,-16],[22,-25],[60,-14],[17,-30],[-1,-26],[-16,-24],[2,-20],[8,-29],[31,-21],[6,-18],[-27,-37],[-19,-15],[9,-74],[-1,-16],[-10,-21]],[[45119,52444],[22,-5],[58,18],[10,-3],[19,5],[17,-2],[17,17],[40,18],[90,72],[46,48],[18,37]],[[45456,52649],[32,-10],[27,-15],[1,-10],[31,-48],[38,-10],[28,-28],[-8,-24],[19,-6],[11,2],[1,-8],[10,5],[35,-5],[15,8],[43,-2],[18,-14],[38,25],[42,10],[0,8],[27,12],[19,2],[44,41],[30,10],[8,-7],[27,25],[13,3],[25,28],[8,-1],[36,14],[2,-8],[50,-4],[21,-26]],[[52838,49174],[-8,-27],[12,-8],[-1,-5]],[[52627,49240],[-43,86]],[[53594,41482],[-61,30]],[[53641,41909],[10,44],[17,-5],[37,16],[12,15],[-5,7],[6,7],[19,8],[29,24],[52,69]],[[52181,49246],[-34,54],[-17,43],[-8,51],[1,76]],[[52123,49470],[109,19],[168,-6],[52,-9]],[[52446,50841],[-26,7],[-10,7],[-43,74],[-58,36],[-53,58]],[[52256,51023],[4,3],[-2,9],[6,5],[-7,7],[2,7],[29,-12],[27,-21],[20,19],[25,-18],[36,26],[7,12],[2,34],[7,7],[-22,2],[9,25],[27,13],[18,-3],[25,23],[56,4]],[[52312,49850],[-54,-37],[-17,-5],[-16,2],[-24,-40],[-58,-58],[-26,-35],[-15,-40],[-1,-28],[22,-139]],[[52256,51023],[-14,14],[-25,12],[-6,-11],[-5,1],[-2,16],[-24,13],[-7,-6],[-12,4],[-5,-9],[-12,9],[-7,-5],[-28,1],[-25,22],[-33,13],[3,18],[-16,3],[18,8],[-8,3],[18,23],[-23,28],[-15,-12],[-11,31],[-28,32]],[[51228,52328],[9,0],[7,-8],[16,1],[9,20]],[[51269,52341],[32,26],[13,17],[26,14],[18,-3],[48,4]],[[57866,46400],[-30,128],[27,17],[-12,24],[10,20],[23,18],[-18,23]],[[55410,56031],[4,3],[-30,27],[-16,1],[-11,12],[-17,5],[-8,-7],[-21,1],[-12,10],[-8,-7],[-11,10],[-6,-7],[-11,-1],[-4,10],[-16,0]],[[55410,56031],[-38,-17],[-3,-19],[-14,-6],[-23,-23],[14,-43],[27,-48],[-3,-13],[41,-30],[12,1],[44,-20],[25,-39],[45,-12],[44,-36],[77,-14],[33,-20],[15,-38],[-7,-84],[-81,21],[-2,8],[-47,8],[13,18],[5,42],[-27,-13],[-11,4],[4,4],[-4,13],[-39,-1],[-36,-8],[-39,6],[-12,-2],[-13,-12],[-10,11],[0,21],[5,5],[-39,-3],[0,9],[-69,-7],[-27,2],[-9,-8],[-36,-10],[-33,-29],[-13,-3],[0,-15],[5,-5],[-8,-12],[-17,-8],[-21,0],[2,-19],[-63,-31],[-126,-108],[-24,-26],[-48,-28],[-91,-27],[-38,-4],[-27,-26],[-22,-50],[26,-74],[-6,-35],[-44,-4],[-61,8],[-30,-20],[-26,-8],[-46,6],[-8,-2],[5,-19],[10,-2],[11,-13],[-23,-9],[55,-79],[-16,-10],[-9,-23],[-37,-44],[7,-81],[-48,-103],[-33,-176]],[[54060,54587],[-54,41],[23,5],[35,27],[44,16],[-9,21],[-9,4],[-30,5],[-20,-6],[-7,3],[-8,16],[-8,-1],[3,8],[-8,5],[4,7],[-13,12]],[[52777,55577],[21,14],[12,20],[9,-7],[14,0],[14,24],[16,0],[7,6],[25,-11]],[[52895,55623],[19,-26],[15,-5],[8,-10],[21,7],[32,-2],[10,14],[32,1],[18,-10],[30,13],[49,12],[17,-4],[9,7],[4,13],[-9,-2],[-7,6],[13,16],[23,14],[52,-1],[61,25],[17,22],[-17,18],[-2,16],[-15,5],[5,16],[27,12],[8,21],[26,4],[24,14],[-14,22],[-17,7],[-2,14],[34,21],[32,44],[16,10],[8,20],[14,9],[32,-2],[13,5],[28,-6],[14,16],[12,3],[24,-9],[23,1],[10,8],[26,-7],[37,2],[57,-31],[31,-28],[39,-13],[21,4],[64,44],[14,14],[37,-6],[20,7],[5,10],[40,-6],[20,14],[-3,13],[18,23],[1,17],[24,9],[4,19],[22,17],[5,16],[-3,44],[5,5],[0,10],[16,11],[-12,8],[9,19],[1,19],[26,12],[5,22],[17,6],[6,21],[16,13],[-2,27]],[[55243,56088],[-8,3],[-14,-7],[-6,2],[-10,-15],[-25,1],[-2,-7],[-17,4],[-17,-7],[-9,9],[-21,-2],[-15,15],[-13,4],[-12,14],[1,12],[-13,-1],[-7,14],[-14,0],[-3,12],[-15,-2],[-7,10],[-11,1],[-13,-8],[-32,-2],[-15,6],[-24,39],[-43,18],[-16,12],[-9,21],[-28,9],[-33,32],[-8,-1],[-19,13],[-19,5],[-116,-7],[-24,4],[-73,31],[-53,96],[-16,114],[-103,-89],[-67,-36],[-24,-33],[-31,-8],[-6,-10],[-19,-13],[-9,0],[-6,-8],[-28,-5],[-13,-11]],[[56276,54944],[6,12],[10,3],[-7,5],[-5,-7],[-4,5],[-16,1],[2,6],[-12,13],[-13,-14],[-31,10],[-3,13],[-17,19],[9,11],[-2,5],[-12,-2],[10,16],[-5,5],[-4,-6],[-4,8],[3,27],[6,-4],[1,15],[8,4],[-7,15],[19,18],[6,3],[9,-6],[10,12],[0,7],[-12,6],[11,11],[-5,14],[11,6],[5,15],[-7,13],[16,7],[-9,3],[-3,23],[6,3],[-1,9],[24,11],[5,10],[18,7],[9,18],[-6,28],[-27,5],[-8,7],[4,19],[-6,19],[-10,9],[4,12],[-10,4],[-2,6],[-11,2],[-3,8],[-12,1],[-1,12],[-8,4],[-3,8],[-12,1],[1,5],[-13,8],[-8,13],[-13,3],[1,10],[-18,5],[5,15],[-11,0],[0,6],[-9,2],[-6,18],[-14,0],[-11,6],[2,9],[-17,8],[-34,47],[12,38],[-28,12],[-2,9],[-18,4],[-6,16],[-9,2],[0,6],[-18,12],[-9,-1],[1,9],[-18,0],[-28,20],[-9,-8],[-8,8],[6,5],[-14,-3],[-7,6],[-6,-1],[-4,10],[3,8],[-9,4],[-6,-6],[0,9],[-13,8],[4,6],[-18,20],[-15,6],[1,8],[-11,-1],[-9,18],[-23,8],[1,9],[-15,2],[-6,9],[-38,18],[-3,18],[-14,-1],[-5,15],[-25,0],[-13,6],[-16,16],[-11,-3],[-16,21],[-13,-1],[-9,12],[-2,-5],[-8,4],[1,13],[-12,-2],[-10,13],[6,4],[-4,12],[-26,0],[4,11],[-8,5],[2,9],[-9,-5],[-14,7],[-6,-9],[-33,17],[-11,0],[-6,7],[-5,-8],[-6,7],[-14,5],[-3,-8],[-13,8],[-14,-1]],[[54115,52076],[-14,7],[-22,0],[-63,-20],[-42,-31],[-8,0],[-18,19],[15,6],[21,33],[1,65],[-8,3],[4,19],[-14,31],[-35,48],[-27,11],[-56,4],[-78,41],[-46,14],[-45,7],[-28,32]],[[53652,52365],[20,14],[30,34],[57,28],[-2,9]],[[53757,52450],[11,25],[29,19],[9,21],[36,-1],[19,-4],[10,-8],[14,1],[10,6],[-30,33],[-27,48],[-23,22],[-51,24],[-41,27],[3,9],[-19,29],[-8,46],[-8,6],[7,11],[-8,6],[1,5],[-41,17],[-1,7],[-21,6],[-5,12],[4,8],[-23,39],[5,3],[-4,10],[-9,5],[-4,13],[-11,10],[1,25],[7,14],[-21,36],[-26,6],[-27,-2],[-60,24],[-37,-2],[18,52],[15,-1],[14,26]],[[58767,49625],[0,24],[33,41],[6,43],[20,19],[13,29],[19,23],[26,19],[38,17],[48,5],[41,-2],[21,6],[35,30],[5,16],[-13,-5],[-19,2]],[[58767,49625],[-20,-19],[-14,-33],[-21,-25],[-52,-20],[-26,-19],[-3,-24],[16,-11],[4,-11],[-14,-27]],[[58592,49321],[2,-30],[-36,-36]],[[59040,49892],[-20,-8],[-28,21],[6,19],[-7,20],[11,14],[-2,14],[-15,2],[-9,-15],[-12,-5],[-41,36],[-17,7]],[[58778,49101],[-53,28],[17,23],[-24,13],[32,27]],[[58778,49101],[-23,-28],[12,-9],[-10,-15],[-7,4],[-9,-7]],[[58426,49139],[138,-117],[39,45],[10,-5],[44,51],[19,-22],[34,-23],[-5,-8],[36,-14]],[[51314,42723],[-81,17],[-10,120],[-12,23],[-8,-2],[-6,9],[-27,-8],[-40,7],[5,5],[-26,13],[-22,3],[-11,-31],[-30,7],[1,36],[-13,45],[13,25],[27,-6],[1,11],[-7,9],[-44,23],[-21,39],[-40,9],[-25,27],[5,21],[13,23],[19,18],[13,38],[16,15],[27,15],[13,19]],[[55669,39708],[-9,-34],[5,-21],[33,-45],[48,-45],[-21,-8],[-24,-30],[-15,-6],[-5,-16],[-20,9],[-6,-1],[-6,19],[-26,-23],[-1,-9],[12,-9],[21,-5],[4,-19],[-4,-13],[-17,-11],[-9,-3],[-10,8],[-8,-3],[3,-33],[-24,-1],[-45,7],[-4,9],[-18,3],[-6,-9],[7,-3],[-13,-23],[-8,4],[-8,-4],[-6,-19],[-16,-1],[1,-40],[-8,-11],[9,-14],[-2,-11],[-28,-18],[-13,8],[-11,-1],[2,-11],[-9,-16],[8,-15],[-14,1],[15,-27],[13,3],[4,-11],[11,-6]],[[55451,39204],[15,-5],[10,-11],[-1,-6],[-21,-7],[45,-49],[4,-48],[-72,-10],[-214,-11],[-53,7],[-85,2],[-14,4],[-5,8],[1,-9],[-73,-9],[-65,5],[-57,17],[-48,4],[-30,16]],[[55752,39560],[14,-7],[24,4],[14,-8],[-12,-10],[-4,10],[-8,-22],[-7,-1],[-20,23],[-1,11]],[[52150,40536],[5,15],[-9,21],[-21,0],[-15,42],[-63,84],[-35,-13],[-11,-24],[4,-11],[-58,-56],[-7,-18],[-16,-7],[-18,-33],[-3,-17],[26,-50],[-14,-8],[8,-16],[-6,-19],[-16,-4],[-60,-53],[-28,-10],[-14,-14],[28,-48],[5,-1],[38,-44],[27,-20]],[[51030,39639],[30,60],[-11,32],[-6,47],[5,34],[14,8],[-2,12],[15,19],[44,13],[37,23],[4,8],[-12,25]],[[56069,38403],[-31,-3],[-48,38],[-22,23],[-5,16],[-104,-46],[8,-23],[-53,-11],[11,-25],[50,12],[13,-76],[-18,-13],[-12,-26],[-19,-16],[-53,-15]],[[55186,38153],[-3,1],[13,40],[3,31],[-24,38],[-2,26],[-9,20],[-27,0],[-44,28],[-31,10],[-42,29],[-19,44],[-42,62],[-144,8],[-79,-8],[-25,23],[-26,16]],[[55451,39204],[44,23],[12,-6],[36,-75],[29,14],[8,-12],[17,6],[-3,12],[36,7],[9,-6],[24,13],[16,0]],[[59099,37725],[-14,5],[3,6],[-15,2],[-38,-14],[-12,-10],[-17,4],[-17,-3],[-14,9],[-12,-3],[-3,5],[-11,-4],[-7,2],[-4,10],[-6,-5],[-39,-1],[-5,-4],[2,-23],[-15,-1],[4,-9],[-9,-28],[4,-1],[-8,-15],[8,-6],[1,-12],[-15,-25],[-14,-8],[-18,-37],[-35,-16],[-18,-27],[-19,-1],[-24,17],[-20,0],[-10,-6],[-15,-29],[-11,3],[-9,-3],[1,-6],[-11,-2],[-2,5],[-19,-1],[-6,5],[-15,-6],[3,-5],[-5,-7],[-28,-16]],[[58421,38995],[15,-14],[30,1]],[[51988,38311],[-5,16],[6,15],[-27,41],[-3,57],[26,4],[35,18],[21,35],[25,-11],[5,-14],[43,-35],[11,-23],[-2,-6],[45,22],[93,57],[-29,23],[-6,-3],[-22,25],[-8,81],[52,6],[28,-4],[45,20],[-8,17],[-17,12],[-22,28],[-48,8],[-41,23],[30,40],[28,17],[10,18]],[[51737,39328],[-45,-43],[-9,-15],[-11,-5],[4,-8],[-18,-20],[-36,-27],[-16,-7]],[[51606,39203],[-4,5],[-16,2],[-1,7],[-6,-7],[-14,3],[-16,15],[2,12]],[[55048,41124],[12,4],[-15,12],[-15,26],[7,35],[-11,31],[2,16],[26,22],[65,28]],[[51309,38723],[10,-32],[23,-40],[2,-18]],[[51084,37670],[-38,-18],[-10,9],[-20,-8],[-85,-40],[-81,-17],[-52,8],[-19,-7],[-10,-9],[-85,-27],[-83,-1],[-27,-7],[-11,21]],[[51996,35849],[5,15],[4,70],[-15,45],[-90,72],[-146,91],[-44,87]],[[51866,35844],[39,-22],[18,-3],[46,11],[27,19]],[[50697,35386],[35,-9],[-1,-5],[50,-12],[61,7],[26,-12],[63,-9],[-5,19],[8,18],[27,-9],[33,55],[28,24],[13,21],[-9,9],[4,8],[69,97],[44,85],[11,12],[65,32],[-14,38],[31,-1],[24,33],[14,2],[33,44],[45,-24],[31,22],[-15,8],[27,15],[21,-2],[75,-22],[-1,18],[34,-1],[-2,-17],[27,-9],[4,16],[26,-3],[14,-9],[2,-12],[23,1],[9,-20],[10,4],[40,-31],[64,-17],[17,5],[25,17],[28,50],[-6,33],[-20,39],[5,6],[20,-4],[35,-35],[7,1],[14,-18]],[[50331,35350],[39,14],[49,34],[61,17],[94,-1],[44,-19],[41,0],[38,-9]],[[49837,36024],[9,-2],[47,17],[31,-1],[9,-7],[44,-8],[41,-20],[17,-34],[-13,-49],[1,-18],[26,-3],[9,-33],[-8,-1],[3,-19],[31,-70],[-6,-28],[-11,-12],[3,-5],[-6,-11],[0,-39],[-7,-34],[5,-33],[-1,-27],[-9,-7],[-10,-28],[-7,2],[-8,-38],[-19,-4],[4,-10],[35,-3],[136,14],[47,-34],[1,-6],[-7,-6],[16,-16],[-14,-11],[-5,-25],[45,3],[26,-37],[39,-31]],[[49709,36268],[5,-21],[19,-38],[-13,-23],[-17,-14],[-8,-36],[18,-6],[22,-29],[20,-3],[23,-16],[21,-26],[12,7],[14,-7],[7,-8],[5,-24]],[[50742,36765],[-1,6],[14,-1],[-1,-6],[9,-4],[11,4],[6,-8],[6,1],[11,-9],[11,8],[6,-7],[8,9],[14,-1],[14,-8],[9,3],[7,-12],[13,4],[4,-5],[67,-17],[35,-17],[26,0],[27,-33],[2,-22],[19,4],[2,-5],[99,7],[14,4],[26,-5],[18,12],[66,10],[27,-22],[10,-2],[9,-16],[12,3],[8,-15],[20,-8],[18,4],[29,-8],[33,16]],[[53839,42506],[-27,-14],[-30,-6],[-31,6],[-55,-4],[-22,-13],[-6,6],[-19,-15],[-12,-16],[-6,-64],[-16,-22],[-29,-16],[-46,-12],[-36,-16],[-40,-31],[-29,-15]],[[50935,42661],[-12,-7],[-15,1],[-45,25],[-28,28],[-31,-3],[-2,8],[-5,0],[-26,-9],[-12,14],[-13,-5],[-4,5],[-24,-12],[2,-6],[-6,-4],[-26,-9],[-6,-6]],[[50682,42681],[-13,4],[-2,5],[-36,9],[-11,9],[-15,52],[1,17],[-9,11],[6,28],[-42,39],[-23,12],[-29,35],[-26,12],[-15,14],[-22,3],[-15,11],[-11,20],[5,3],[-11,17],[-50,34]],[[58867,42905],[19,62],[-9,-4],[-5,7],[-7,1],[-13,-7],[-7,8],[20,10],[8,-2],[4,14],[9,0],[4,12],[26,-1],[-2,-13],[7,-2],[-5,-13],[98,-30],[2,7],[19,-2],[-4,-12],[49,-11],[5,8],[51,-2],[13,28],[10,3],[-3,17],[13,30],[9,3],[34,61],[31,-38],[13,-35]],[[52492,44855],[19,2],[21,-5],[-14,-34],[2,-35],[-8,-24],[12,-4],[1,-4],[36,4],[8,-46],[8,1],[6,-7]],[[52517,44424],[-15,-9],[-21,3],[-7,6],[-22,-14],[1,-5],[-28,24],[-11,-5],[-3,-8],[-11,-1],[-8,9],[-18,53],[-16,14],[-48,20],[-18,3],[0,8],[-45,17],[-1,-3],[-36,13],[-4,-5]],[[52186,44566],[56,40],[-14,9],[9,32],[-1,30],[-17,21],[6,2],[-3,12],[-4,-2],[-18,13],[-6,-7],[-22,18],[-21,8],[-8,7],[3,9],[61,30],[13,12],[-1,12],[22,17],[59,38],[25,10],[2,12],[8,0],[1,8],[11,0]],[[60580,43072],[-8,-24],[-20,5],[-8,-13],[3,-9],[-55,-19],[-5,-6],[-39,17],[-15,29],[-3,-8],[12,-26],[21,-22],[104,-52],[32,-24]],[[60599,42920],[-47,-24],[-90,-23],[-6,-8],[-2,-39],[-63,-3],[-31,6],[-50,-17],[2,-30],[-7,-41],[-43,9]],[[60275,42997],[22,113],[-11,41]],[[51852,52701],[-33,-141]],[[51728,52549],[-15,20],[15,27],[-15,9],[-14,-4],[-11,18],[-37,11],[-16,-24],[5,-1],[-7,-19],[-22,9],[-21,-11],[2,8],[-16,10],[6,18],[-12,3],[13,5],[-5,10]],[[52203,52941],[6,-17],[-5,-4],[5,-34],[-25,-5],[-40,0],[0,-30]],[[54669,43230],[-6,-17],[-131,-172]],[[52525,53067],[-2,-17],[-16,-2],[-1,-8],[7,0],[6,-12],[12,12],[24,-5],[29,-26],[15,-6],[4,-8],[-17,-21],[13,-15],[14,-10],[6,8],[17,2],[30,-4],[-6,-9],[8,-5],[4,7],[9,-4],[-2,-5],[60,-31],[-7,-13],[17,-19],[-18,-25],[9,-8],[-47,-36],[1,-22],[-9,-15],[36,-83],[45,-35]],[[56661,43490],[-78,38],[-5,-5],[-11,3],[-2,-4],[-10,5],[4,4],[-37,18],[-16,16],[-4,-3],[-38,40]],[[56351,43730],[29,3],[3,-8],[21,4],[-2,8],[56,11],[33,-14],[11,14],[20,12],[44,13],[57,35],[47,15],[27,27],[-8,80],[-20,25],[10,8]],[[55480,44418],[-25,16],[-53,68],[-8,17],[16,10],[-47,24],[-59,20],[-95,18]],[[55024,44672],[-48,49],[-46,63],[-64,59]],[[54866,44843],[-11,35],[11,159],[-6,13],[-39,37]],[[54821,45087],[149,5],[30,15]],[[56073,43019],[-27,-56]],[[55071,43263],[16,5],[51,-20],[27,-2],[30,-21],[-39,-39],[-29,-50],[23,-9],[16,-19]],[[51889,45236],[2,31],[59,84],[27,87],[34,52]],[[52552,47257],[18,-4],[89,16]],[[52659,47269],[18,-52],[1,-19]],[[63075,42167],[71,-23],[36,-1],[26,-17]],[[63101,41594],[30,4],[3,9],[28,5],[18,13],[2,12],[7,6],[36,15],[8,-4],[17,6],[11,10],[16,0],[6,7],[15,4],[3,11],[14,-1],[2,6]],[[63101,41594],[-39,44],[-30,75],[-4,-2],[-12,20],[-33,-14],[-56,63],[-23,-10],[5,-5],[-65,-12]],[[62844,41753],[-3,40]],[[62841,41793],[16,20],[31,25],[14,21],[24,50],[15,79],[14,18],[24,17],[2,8],[-30,28]],[[62972,42149],[11,22],[12,-1],[11,6],[11,-4],[5,12],[7,-4],[18,1],[28,-14]],[[52766,45881],[-52,-41],[-25,-54],[-69,-37],[2,-7],[-43,2],[-50,12],[-7,6]],[[52522,45762],[-10,29],[-13,18],[-23,10],[-20,1],[5,50]],[[52910,46153],[16,-25]],[[63172,42288],[-25,-47],[-37,8],[-35,-82]],[[51242,52988],[44,-14],[27,-15],[57,24]],[[51370,52983],[7,-21],[-8,-5],[5,-22],[-6,-26],[5,-10],[10,-2],[-8,-3],[6,-9],[19,5],[10,-23],[-5,-2],[14,-21],[-6,-1]],[[51364,52767],[-15,-13]],[[51349,52754],[-50,25],[-24,24]],[[51275,52803],[-26,20],[-17,22],[-33,22]],[[53727,46156],[53,-102],[26,-76],[8,-40]],[[59891,44945],[78,3],[100,20],[25,1],[37,17],[3,26],[17,18],[18,-19],[36,-14]],[[55066,45677],[0,-67],[30,3],[13,-79],[33,-52],[-11,-6],[140,-103],[5,4],[9,-2],[11,-8],[-8,-6],[21,-12]],[[55004,45113],[-10,15],[-73,63],[-53,25],[-45,6],[5,39],[-25,22],[15,13],[10,20]],[[51349,52754],[13,-4],[36,-84],[-3,-33],[13,-19],[-5,-6],[3,-8],[-8,-1],[16,-64],[-8,-8],[12,-17],[11,0],[4,-5],[-4,-18],[7,-13],[-3,-4],[18,-13],[5,-14],[25,-6],[25,-24]],[[51269,52341],[14,50],[10,91],[-15,71],[-26,50],[4,31]],[[51256,52634],[30,97],[-6,23],[-26,39],[21,10]],[[60604,45185],[-49,25],[-232,94]],[[60082,45401],[241,-97]],[[57265,44185],[-31,-3],[2,-4]],[[60725,44325],[-33,97],[18,5],[2,9],[-3,8],[-5,-2],[-8,11],[-10,26],[12,23],[-14,19],[-13,4],[-16,-9],[5,-7],[-25,-13],[-6,3],[-3,12],[-22,27],[-2,12],[9,3],[0,9],[-29,29],[2,19],[-8,12]],[[57484,43954],[6,4],[-52,31],[-43,37],[-91,104],[-38,52]],[[53310,44883],[-39,-20],[-35,34],[-21,33],[-31,28],[10,8],[-1,6],[-21,13],[-5,-5],[-5,4],[5,7],[-9,8],[-10,-5],[-21,16],[0,8],[-15,3]],[[53381,45204],[31,-17]],[[54490,44844],[-3,-19],[-21,-37],[27,-57],[5,-37],[18,-40],[-9,-27],[-42,-44],[-5,-35],[5,-19],[33,-49]],[[54498,44480],[-29,3]],[[54381,44921],[22,-16],[32,-13],[-5,-15],[20,-3],[6,8],[27,-21],[7,-17]],[[53921,44174],[-29,-32],[27,-7],[-11,-17],[5,-18],[-28,-48],[-6,-29],[-35,4],[-17,-9],[55,-65],[40,-38]],[[53779,43887],[-32,49],[-13,42],[-8,13],[-2,-6]],[[53843,43681],[-100,9],[-43,-6],[-64,-22],[-28,-3],[-13,-9],[-22,-44],[-29,-24],[-27,-36],[-12,-9],[-52,-14]],[[52736,43718],[-7,-12],[-23,-10],[-16,-17],[-24,1],[-33,-11],[0,7],[-9,-1],[3,12],[-4,3],[9,11],[-41,5],[1,22],[26,47]],[[51899,53460],[-21,36],[-34,41]],[[51825,53655],[5,-10],[45,18],[10,-11],[26,12],[-14,25]],[[51646,53842],[17,-42],[45,10],[69,5],[4,-19],[-4,-12],[-10,-3],[12,-37],[-38,-16],[13,-32],[2,-24]],[[45315,48159],[-22,2],[1,-5],[23,-60],[-8,-6],[5,-18],[17,-11]],[[45331,48061],[-59,0],[-41,-21],[-16,-3]],[[44961,48134],[27,27]],[[45331,48061],[44,-5],[32,-12],[21,-18],[4,-22],[-16,-21],[-119,-66],[-11,-19],[-4,-34],[11,-44]],[[44905,48037],[-14,36],[11,60],[6,4],[-16,35],[34,6],[-1,20],[12,57],[-6,21],[-9,12],[-38,17],[10,131],[-8,14],[9,54],[1,55]],[[44896,48559],[13,-2],[13,25],[28,-11],[34,-2],[18,36],[32,-5],[69,-1],[52,-25],[66,-15],[-16,-39],[4,-1]],[[48780,46081],[-34,15],[-31,-8],[-56,-1],[-20,-17],[-22,3],[-10,-23],[-64,-18],[-20,10],[-22,40],[-10,-2],[-46,-26],[0,-13],[-33,4],[-10,6],[-25,0],[-27,-24],[-25,-5],[-6,-8],[-11,0],[-31,-54],[-14,-5],[-7,9],[-15,7],[-23,21],[-17,4],[-22,29],[-8,-4],[-45,2],[-27,15],[-22,31],[-3,26],[-11,13],[-9,29],[0,33],[-22,41],[0,41],[16,0],[3,19],[-3,23],[-5,3],[8,9],[-5,11],[6,7],[-6,19],[27,12],[8,12],[10,5],[-2,6],[26,17]],[[42757,43532],[-78,22],[-20,0],[-5,-4],[-40,19],[-7,-9],[-66,-26],[-30,3],[-25,-5],[-34,29],[-36,-28],[-70,-16],[-44,-27],[-28,-8],[-55,-1],[-12,7],[-59,4],[-6,-1],[-7,-20],[19,-4],[-4,-12],[-48,3],[-79,-7],[-5,-4],[17,-20],[0,-8],[-41,-20],[-43,2],[-11,-13],[-5,-15],[-49,-16],[-18,-13],[-56,18],[-20,13],[-8,20],[-25,-22],[-17,3],[-36,13],[-24,20],[-35,5],[-15,14],[-7,-20],[-12,0],[-10,-11],[-15,2],[-5,-8],[-20,-11],[-16,-1],[0,7],[-9,5],[-20,0],[4,12],[-9,48],[13,8],[4,29],[19,28],[-31,32],[-10,-11],[-87,-39],[-49,24],[-8,15],[12,26],[58,26],[10,30],[-3,10],[-36,-3],[-40,11],[12,8],[7,24],[0,9],[-20,28],[3,24],[25,23],[26,8],[-9,35],[-41,29],[-60,10],[-88,-26],[-31,-18],[18,-43],[-50,-14],[-11,10],[-5,-2],[-27,-32],[-24,-14],[-12,7],[-7,26],[-20,19],[10,11],[-7,4],[13,12],[-10,-3],[2,9],[16,9],[-13,17],[3,20],[-15,25],[-43,-16],[-23,-3],[-16,2],[-3,6],[-41,24],[-29,6],[-31,-14],[-30,-45],[-34,-35],[-20,-14],[-40,-42],[-36,-18],[2,-12],[-8,-11],[-39,0],[-15,22],[-22,15],[-183,65],[-134,100],[-108,39],[-56,34],[-71,28],[-49,39],[-29,10],[11,91]],[[40009,44129],[-6,-6]],[[41852,45207],[-8,-28],[-10,-9],[-5,-19],[-22,-27],[-11,-72],[-13,-27],[-2,-28],[-20,-31],[-5,-34],[-11,-12],[3,-10],[-15,-29],[-2,-15],[4,-4],[25,-6],[-22,-20],[-10,-23],[-10,-1],[21,-39],[12,-11],[1,-22],[15,-9],[3,-10],[-7,-25],[-28,-19],[-1,-27],[-23,2],[-8,-4],[-1,12],[-5,3],[-8,-4],[-11,4],[-1,-4],[-28,-4],[-7,21],[-8,-1],[-5,11],[-11,3],[-9,-5],[-26,-1],[-7,9],[-37,14],[-7,1],[-14,-10],[-8,2],[-4,-5],[-8,10],[-17,2],[1,7],[-20,5],[-24,-3],[-10,5],[-5,-7],[-14,-6],[-5,10],[-20,-1],[20,-71],[-11,-1],[-12,-30],[-9,-5],[-11,-37],[-12,-6],[-11,-15],[-5,-12],[9,-6],[-7,-22],[52,-31],[-1,-11],[-24,-45],[-4,-22],[14,-21],[32,-12],[4,-8],[9,-5],[7,-18],[-137,-10],[2,-8],[-13,-2],[-37,1],[-5,-13],[-20,-5],[-116,16],[-36,-6],[-55,4],[-152,-7],[-56,-11],[-27,1],[-33,-6],[-54,11],[-49,-2],[-60,13],[-115,-8],[-44,-8],[-25,-11],[-17,-21],[-22,-15],[-13,-23],[-33,-3],[-81,-39],[-157,-9],[-31,-14],[-29,-34]],[[41852,45207],[18,10],[17,0],[0,7],[10,3],[12,17],[12,-2],[3,4],[18,2],[26,16],[11,-3],[8,-20],[24,21],[3,24],[19,15],[9,32],[56,14],[34,-2],[22,-10],[24,3],[65,-26],[11,-11],[0,-17],[28,-35],[36,33],[-5,12],[28,0],[18,35],[28,24],[67,36],[26,20],[7,-2],[14,23],[20,15],[39,20],[15,0],[12,-6],[57,43],[35,14],[0,41],[-50,-13],[-109,6],[-40,-4],[-51,157],[33,11],[115,-14],[16,82],[82,119],[13,2],[35,42],[84,-18],[27,55],[23,-12],[28,-5],[22,1],[24,7],[6,12],[22,13],[47,44],[38,13]],[[59707,40730],[15,-44]],[[59373,40883],[15,12],[44,7],[-13,36],[15,-3],[35,58],[10,4],[19,22],[57,-8],[1,-11],[48,1],[3,10],[51,15]],[[60804,41719],[-29,-33],[-24,-50],[18,-4],[29,12],[15,-48],[-3,-25],[17,-36],[0,-20],[18,-11],[10,-20],[43,-52],[52,-27],[38,0],[14,-12],[-1,-6],[31,15],[10,-8],[14,6],[18,-3],[18,8],[18,-10],[7,1],[17,-12],[-4,-9],[9,-16],[1,-33],[20,-19],[14,-8],[9,6],[41,-2],[16,-13],[1,-10],[11,-5],[11,-42],[-7,-23],[-29,2],[1,-8],[-17,-3],[2,-11],[-8,1],[-5,-6],[10,-4],[0,-5],[-25,-13],[-3,-11],[-10,8],[-26,4],[-1,17],[-36,-5],[-16,-18],[13,-8],[-27,-44],[8,-7],[-4,-9]],[[58682,37199],[1,-23],[-10,-20],[6,-12],[12,0],[16,-13],[35,-11],[19,-23],[-8,-12],[3,-10],[-15,-9],[7,-14],[-4,-11],[-31,3],[-37,11],[-19,-5],[-6,-12],[-22,-1],[-5,-9],[0,-8],[7,-3],[-15,-23],[2,-7],[19,-12],[4,-8],[-17,-21],[3,-15],[17,-6],[-1,-8],[-8,-3],[9,-16],[12,-5],[11,-15],[-12,-16],[13,-2],[11,-20],[20,-7],[10,-8],[-7,-16],[-14,-11],[3,-4],[-27,-13],[-21,4],[-20,-4],[-10,5],[-19,-9],[-14,-17],[-21,-9],[-19,-2],[-27,5],[-36,15],[-33,1],[-56,-8],[-48,-21],[-8,37],[4,47],[-9,4],[-26,41],[-18,53]],[[53639,47917],[-10,-32],[-5,-119],[-67,-24],[-31,-22]],[[53377,47310],[-22,8],[-23,-5],[-7,4],[-24,-1],[-18,9],[-8,-6],[-8,5],[-6,-6],[-16,8],[-12,0],[-13,-7],[-31,-3],[-30,12],[-33,-3],[-11,-11],[-43,0],[-8,-8],[2,-11],[-5,-7],[-32,3],[-10,-10],[-10,2],[-87,-12],[-14,-6],[-19,-20],[-16,1],[-14,-5],[0,-9],[-17,-4],[-31,23],[-6,-9],[-27,11],[-10,10],[-5,17],[-28,-17],[-47,9],[-29,-3]],[[62841,41793],[-33,32],[-15,26],[-36,22],[1,12],[33,32],[-19,12],[7,7],[-34,24],[25,15],[-10,15],[23,13],[-17,39],[0,13],[7,2]],[[59836,35855],[15,80],[6,73],[68,143],[24,67],[33,51],[7,68]],[[58089,35698],[103,-51],[9,-15],[165,-95],[59,-46],[29,-24],[-7,-15],[18,-5],[2,-6],[7,4],[2,-10],[14,-7],[-4,-9],[6,1],[5,-8],[33,-10],[42,-40],[33,-45],[12,-24],[19,-19],[-11,-7],[20,-20],[5,1],[23,-28],[5,2],[17,-21],[-13,-7],[17,-15],[7,5],[21,-21],[3,3],[12,-7],[80,70],[109,81],[27,65],[5,-2],[32,39],[-51,35],[-10,29],[-45,45],[146,-46],[95,-21],[146,56],[63,12],[169,65],[-48,80],[3,2],[-9,15],[-32,45],[-6,39],[20,4],[19,0],[6,8],[36,17],[11,10],[35,12],[35,28],[27,2],[23,-2],[47,-16],[16,-17],[68,-29],[-2,-6],[17,-9],[13,13],[18,5],[6,6],[25,61]],[[58039,35792],[7,-65],[43,-29]],[[58039,35792],[55,76],[52,30],[25,8],[20,19],[25,41],[29,19],[18,20],[36,17],[50,34],[20,7],[11,19],[-2,18],[-14,25],[8,41],[30,59],[22,32],[38,21],[84,88],[17,3],[30,-16],[44,21],[10,1],[17,23],[3,25],[12,17],[-3,5]],[[58676,36445],[11,4],[15,-16],[11,-1],[8,-10],[10,0],[10,-11],[-2,-16],[34,-2],[20,-16],[11,-3],[3,-6],[8,0],[4,-4],[17,10],[-1,-5],[14,-5],[-1,6],[7,-1],[3,7],[12,-4],[13,7],[16,-2],[9,5],[2,-4],[11,11],[-9,3],[4,5],[7,-2],[10,9],[18,2],[4,-10],[12,4],[3,6],[10,-4],[6,5],[6,-2],[11,8],[-2,6],[22,10],[3,-9],[10,32],[1,26],[-25,111],[2,49],[25,41],[5,20],[11,6],[-4,22],[15,2],[32,26],[38,18],[-13,-95],[5,-45],[17,-2],[11,-13],[15,-52],[49,-89],[39,9],[-3,-20],[13,-49],[39,3],[5,-19],[18,-7],[29,2],[13,-7],[5,-13],[26,-16],[-3,-4],[8,-5],[9,3],[8,-6],[5,3],[28,-22],[25,6],[10,9],[15,-6],[14,7],[19,-2],[1,-9],[31,6],[7,-4],[16,10],[22,1],[10,-5],[19,5],[7,-6],[23,7],[2,-5],[14,3],[4,7],[10,3],[12,0],[39,21],[18,-5],[22,1],[3,-4],[28,17],[3,-6],[14,1],[45,-17],[42,-35],[55,8]],[[55501,52237],[56,-8],[33,-13],[-31,-24],[-20,-48],[29,-30],[-25,-16],[-19,-20],[-11,-27],[28,-16],[0,-10],[8,-2],[3,-15],[7,-6],[-5,-10],[4,-15],[19,-8],[0,-17],[15,-18],[6,-16],[5,3],[6,-21],[9,-2],[9,-14],[-5,-2],[11,-12],[-5,-8],[7,-2],[-1,-9],[15,-21],[-7,-17],[2,-19],[-6,-18],[-7,-4],[-2,-20],[6,-5],[-8,-13],[0,-12],[29,-35],[24,-22],[-10,-13],[22,-32],[23,2],[26,-8],[-11,-12],[29,-13],[25,-1],[17,-11]],[[55801,51577],[-14,-14],[-2,-13],[2,-11],[17,-9],[-1,-17],[-5,-7],[-17,1],[-13,-6],[0,-7],[13,-21],[-1,-24],[-21,-7],[-2,-5],[10,-12],[2,-31],[12,-14],[35,5],[22,13],[30,-15],[-9,-23],[1,-26],[-10,-10]],[[56046,50833],[2,-11],[36,9],[23,-5],[5,-8],[-10,-33],[20,-10],[10,1],[28,34],[12,3],[7,-4],[3,-13],[-22,-40]],[[53496,51338],[12,-14],[31,14],[37,5],[3,7],[7,2],[16,45],[-12,24],[8,-2],[29,8],[6,9],[54,25],[49,-2],[29,-9],[28,2],[20,13],[28,8],[50,29],[24,-2],[27,13],[10,-2],[7,9],[14,3],[12,16],[9,3],[-14,6],[12,21],[89,45],[65,13],[37,17],[17,-16],[46,-13],[6,9],[10,-4],[18,6],[13,13],[-4,5],[5,8],[0,31],[13,12],[14,1],[36,34],[10,1],[5,-7],[23,-2],[-9,-4],[3,-8],[21,-4],[2,-5],[17,-6],[-1,-6],[10,-4],[0,-4],[27,-23],[11,1],[6,-6],[12,3],[11,-6],[1,-6],[10,5],[4,-12],[14,4],[14,-10],[20,5],[17,-15],[2,4],[11,1],[-3,-12],[13,-7],[9,4],[27,-6],[12,-4],[-1,-6],[27,-8],[1,7],[22,-2],[7,-13],[12,3],[7,-9],[12,4],[31,-3],[3,5],[19,1],[10,-4],[26,39],[22,67],[27,44],[16,12],[41,-12],[1,28],[37,-6],[16,-13],[61,-9],[19,-11],[30,-2],[48,73],[37,19],[-4,13],[-66,47],[-24,3],[-85,48],[23,28],[-19,40],[7,20],[-18,9],[-60,-3],[-58,39],[10,12],[-2,5],[19,17],[5,24],[40,6]],[[54955,52113],[42,36],[23,4],[7,-5],[0,-9],[15,7],[50,-45],[16,-5],[43,32],[15,17],[19,7],[26,55],[16,19],[-7,7],[17,8],[-1,8],[44,2],[-1,-9],[30,-2],[1,-6],[58,-23],[-2,9],[8,11],[51,-1],[46,-10],[3,21],[27,-4]],[[53594,42187],[-136,47]],[[58453,46329],[-13,-43],[-24,-23],[-10,-17],[9,-67],[-8,-39]],[[53757,52450],[-32,-13],[-25,0],[-21,-7],[-24,0],[-16,-8],[-9,24],[-20,20],[-11,-8],[5,-47],[-32,37],[-44,-25],[-23,22],[-13,-24],[-5,3],[-31,-10],[3,-11],[-18,-14],[-41,9],[-9,-20],[-37,-4],[1,39],[-16,5],[-5,10],[-5,-3],[-12,9],[-29,-6],[-1,-5],[-25,4],[-11,-31],[-30,-53],[9,-18],[-1,-9],[-8,-11],[-18,-8],[-51,-42],[-27,-14],[-92,48]],[[51724,55012],[-87,-108]],[[52275,55360],[-49,11],[-20,20],[-19,-3],[-29,22],[-14,2],[-32,-8],[-11,6],[7,-32],[-7,-20],[-36,-40],[-11,-21],[-53,-26],[-51,-54],[-16,1],[-29,-14],[-9,11],[-10,-7],[-14,-18],[-27,-17],[-43,-50],[-78,-111]],[[58923,47688],[7,0],[74,-40],[14,-34],[22,-9],[21,-17],[-10,-4],[-19,-25],[2,-35],[-14,-58]],[[57254,46732],[6,-16],[-7,-12],[9,-21],[-2,-21],[12,-17],[-5,-14],[-34,-10],[0,-5],[10,-14],[23,-7],[12,-11],[11,-35]],[[58923,47688],[-12,0],[-5,-10],[-9,0],[5,-12],[9,4],[3,-10],[-17,-7],[-16,-15],[-37,-13],[-15,4],[-3,-7],[-16,4],[2,14],[-15,-4],[4,17],[-6,4],[-22,5],[-4,-6],[-15,6],[-1,6],[-8,-2],[-5,13],[-35,13],[-15,-2],[-18,-16],[-4,3],[-31,-5],[-17,-15],[-11,-18],[-25,-2],[-12,25],[-13,12],[13,10],[-39,2],[-10,-5],[-20,6],[-12,8],[-5,11],[-10,0],[5,8],[-14,7],[-18,-1],[-17,-17],[-6,-18],[7,-10],[-40,0],[-9,11],[-9,1],[-28,-17],[-47,-17],[-5,6],[4,9],[-10,6],[-39,-1],[-16,-4],[0,-9],[-14,0],[-6,12],[14,8],[-8,34],[11,18],[-2,86],[-25,7],[6,31],[-23,2],[-5,34],[-14,25],[22,15],[-4,6],[26,11],[-6,31],[3,34],[-8,32],[-73,21],[-5,11],[-19,-1],[-4,8],[-17,-2],[-1,-6],[-34,0],[-28,8],[0,4],[-51,10],[2,33],[-31,11],[-50,-8],[-70,4],[-76,-7],[-36,6],[-53,21],[-24,17],[-15,27],[4,17]],[[55823,48599],[82,-7],[5,-13],[16,-2],[1,-11],[-12,1],[8,-39],[-61,-22],[-55,-37],[-19,-4],[-14,-19],[-9,-1],[-7,-38],[12,-44],[-18,-20],[-5,-58],[-14,-11],[-55,-14],[10,-32],[15,-19],[10,-26]],[[50656,41440],[-22,-3],[2,-12],[-17,-11],[-12,6],[-24,-14],[-88,-18],[-53,-19],[14,-26],[-53,-21],[-24,22],[-32,-14],[-50,96],[7,6],[-23,13],[-1,29],[-7,4],[-1,14],[17,14],[-27,12],[10,27],[-41,2],[19,14],[28,-6],[-6,34]],[[50369,41637],[47,-10],[33,-17],[60,-17],[98,-46],[16,-14],[12,-19],[21,-74]],[[50747,41351],[-67,56],[-24,33]],[[53274,36076],[5,-8],[26,6],[48,-20],[21,2],[17,-23],[10,-6],[8,1],[-18,-18],[8,-38],[55,-2],[81,16],[18,24],[-3,10],[4,7],[-14,15],[-4,27],[91,4],[47,14],[-5,15],[-10,6],[1,8],[-14,8],[93,48],[-24,22],[49,29],[32,26],[44,19],[70,42],[111,97],[13,4],[29,-56],[15,14],[-1,7],[17,25],[104,111]],[[52810,36128],[-1,-21],[12,-7],[13,10],[2,-6],[20,3],[-3,-5],[9,-4],[4,5],[9,-8],[12,6],[55,-11],[9,6],[15,-11],[4,6],[13,4],[33,-5],[24,15],[9,-10],[17,-1],[-1,11],[8,4],[5,-6],[14,4],[26,-4],[10,11],[8,-7],[10,14],[9,-2],[16,10],[16,-1],[1,8],[35,11],[12,-5],[6,9],[20,4],[6,-8],[7,-71]],[[52810,36128],[43,-3],[26,24],[15,23],[-7,11],[-37,27],[22,68],[9,-1],[8,30],[35,75],[-14,10],[-2,6],[-23,5],[10,24],[18,17],[-8,7],[13,12],[-56,9],[-63,18],[1,53],[19,1],[-1,31],[12,5],[9,-2],[27,18],[-36,15],[-17,-11],[-1,17],[51,38],[-2,13],[-6,4],[13,8],[-1,9],[49,35],[92,44],[40,28],[11,19],[7,30]],[[52675,36149],[13,5],[28,-10],[36,-3],[33,-11],[4,-5],[10,1],[3,6],[8,-4]],[[52523,36098],[9,7],[4,25],[7,6],[15,4],[-3,3],[6,7],[8,-3],[13,7],[5,-4],[25,4],[3,6],[24,7],[1,-10],[35,-8]],[[52270,35905],[31,-6],[30,7],[20,-2],[24,33],[-2,14],[13,4],[-4,5],[9,16],[-1,22],[6,10],[9,4],[1,5],[13,-3],[22,16],[9,1],[15,30],[25,16],[-3,4],[9,11],[27,6]],[[52161,36020],[55,-34],[10,3],[21,-12],[15,1],[9,8],[33,-11],[-22,-26],[17,-14],[4,-16],[-7,-6],[-26,-8]],[[52557,36617],[14,-48],[14,-24],[-2,-15],[8,-11],[-19,-44],[-10,-10],[-97,-43],[-42,-12],[-88,-9],[-37,-26],[-20,-54],[-14,-83],[-28,-49],[-13,-44],[-47,-43],[-15,-82]],[[52105,40462],[-22,-1],[-26,7],[-20,-3],[-29,-22],[-2,-26],[-16,-27],[-4,-22],[15,-26]],[[51912,39012],[-106,-8]],[[51806,39004],[-4,7],[38,10],[6,-3],[8,14],[-9,13],[-17,73],[-26,-5],[-9,24],[2,18],[-48,15],[-133,11],[-8,22]],[[51568,38980],[50,-14],[30,-2],[52,-41]],[[51700,38923],[-25,-20],[-15,-1],[-37,-24],[-16,2],[-22,-13],[-61,-9],[-43,-15],[-21,8],[-14,-13],[-21,-4],[8,-21],[-4,-6],[-23,-2],[-15,-54],[-67,9]],[[50475,39651],[-4,6],[-23,6],[-38,7],[-11,-3],[-13,10],[-8,1],[-3,9],[-32,8],[-4,5],[-12,-1],[-20,56],[7,20],[-10,13],[11,47],[7,2],[21,45],[13,7],[-41,37],[-40,-4],[-25,16],[0,10],[4,1],[12,20],[50,27],[11,37],[7,54],[-24,82]],[[50310,40169],[52,3],[16,11],[21,7],[60,-1],[8,25],[12,6],[7,16],[22,12],[9,-2],[10,13],[16,2],[4,5],[32,2],[21,8],[11,-4],[12,6],[29,3],[9,9],[8,-5],[12,3],[1,-4],[33,-3],[11,-4],[9,-29],[8,-1],[19,-13],[10,-13],[14,-8],[-4,-28],[5,2],[18,-16],[-8,-5],[4,-7],[11,-1],[-7,-22],[-14,-13],[6,-27],[-8,-16],[3,-8],[11,-3],[8,-10],[7,-31],[8,2],[16,-8],[7,-10],[19,-6],[5,5],[9,-6],[13,3],[19,-4],[2,6],[12,2],[-2,8],[8,1],[26,30],[20,5],[11,28],[11,1],[2,8],[14,3],[-2,5],[24,3],[-1,9],[8,1],[9,14],[-2,21],[30,9],[-6,6],[11,7],[4,-3],[5,7],[9,-2],[-4,8],[11,-3]],[[53031,41292],[3,3]],[[50310,40169],[-84,7],[-44,18],[-33,31],[-28,-12],[-11,41]],[[60599,42920],[5,-7],[-6,-3],[17,-39],[7,-2],[-8,-4],[-12,-56],[9,-5],[1,-56],[-12,-34]],[[55068,44200],[-35,44]],[[53014,46199],[113,15],[23,-2],[31,-10],[-1,30],[-16,71],[51,23],[6,22],[57,15],[80,9],[9,0],[3,-9],[15,-8],[-1,-11]],[[53473,46688],[63,51],[31,18],[0,6],[28,21]],[[63487,41762],[9,2],[-4,7],[14,5],[1,5],[28,9],[41,-3],[4,6],[19,-3],[5,4],[6,-5],[5,5],[19,-17],[10,3],[7,-6],[1,6],[12,3],[4,4],[15,1],[4,10],[17,4],[3,7],[24,7],[9,9],[12,0],[2,9],[47,6],[3,4],[15,-3],[3,4],[14,1],[39,-22],[-3,-5],[8,-7],[6,12],[26,14],[5,-2],[9,12],[5,-2],[15,20],[29,-10],[5,16]],[[53199,45688],[-34,-11],[-67,13],[-33,-38],[-20,12],[-13,25],[-26,-4],[1,-9],[-8,-11],[8,-7],[-2,-5],[-13,4],[-14,-4],[-37,-25],[-36,-11],[-25,-22],[2,-11],[-8,1],[-20,-26],[-7,-28]],[[52528,45717],[4,6],[-7,9],[-3,30]],[[51004,52461],[37,29],[-3,8],[5,2],[-16,27],[-7,-2],[-3,7],[32,30],[74,-4],[1,8],[64,5],[-3,31],[5,-2],[12,26],[54,8]],[[51528,53062],[-71,-55],[-65,-13],[-22,-11]],[[59813,45558],[-15,5],[-9,21],[0,22],[17,1],[-7,16],[0,23],[-5,4],[11,6],[-4,9],[6,4],[-5,15],[-21,18],[2,6],[-9,0],[-12,10],[-29,1],[-11,18],[10,5],[-4,17],[-37,24],[-7,13],[-10,2],[-17,17],[0,8],[-63,-2],[-18,4],[-25,15],[-5,14],[-11,9]],[[54821,45087],[-113,-16]],[[52280,43531],[-15,15],[14,12],[-16,25],[2,16],[-31,11],[-9,-1],[-20,27]],[[47876,46494],[-8,0],[-2,-8],[-103,-53],[-32,-10],[-54,10],[-65,-4],[-56,10],[-71,-13],[-12,-7],[-11,-29],[7,-16],[-30,-9],[-45,-2],[-35,-12],[-12,4],[-38,-9],[-16,-18],[-8,-24],[4,-17],[-10,-28],[20,-4],[-2,-15],[-12,-3],[-3,-27],[-10,8],[-52,-13],[-16,7],[-15,-4],[-29,6],[-19,8],[-33,28],[-36,7],[-48,32],[-5,-1],[-10,-21],[-16,-8],[-4,-19],[-11,-6],[-58,21],[-12,-10],[-20,-7],[-11,-24],[-14,-9],[-32,20],[15,9],[-5,7],[-24,-12],[14,-16],[27,-10],[-16,-9],[0,-11],[-14,-9],[4,-8],[-34,-34],[31,-16],[5,5],[15,0],[3,-24],[19,-11],[11,-13],[23,-4],[23,-20],[59,-27],[-108,-94],[-58,-38],[-4,-8],[11,-4],[1,-6],[-15,-23],[-47,-43],[-41,-50],[-27,-16],[-51,-18],[-40,-49],[-26,-25],[-122,-86],[-4,-8],[-24,-9],[-109,-67],[-41,-43],[-15,-7],[-18,-20],[-23,-11],[-6,-13],[-46,0],[-135,63]],[[45293,47664],[14,2],[9,-12],[19,-4],[18,7],[50,7],[89,30],[25,-27],[0,-10],[12,-19],[18,5],[24,-6],[24,9],[21,-10],[16,0],[33,8],[12,10],[31,5],[21,24],[9,33],[169,-25],[26,-41],[37,-36],[-4,-19],[37,25],[46,18],[4,7],[25,1],[-15,9],[7,4],[29,-4],[17,-10],[51,-1],[31,3],[26,16],[10,0],[5,-5],[-5,28],[17,32],[29,11],[34,-4],[59,13]],[[44194,49167],[13,-20],[7,-31],[-11,-35],[-99,-4],[-6,-33],[12,-27],[-4,-14],[-21,-8],[-4,-11],[-105,-46],[-62,-36],[-38,-28],[-16,-22],[-42,2],[-10,-34],[-20,-18],[-41,17],[-40,-1],[-13,-4],[-56,12],[-12,-1],[-12,11],[-7,-2],[-32,17]],[[43575,48851],[-22,0],[-9,4],[-16,14],[-11,3],[-20,25],[-7,33],[6,25],[-5,14],[15,34],[-4,25],[8,19],[1,25],[-27,30],[-9,2],[-49,-14],[-27,12],[-17,1],[-23,-19],[-50,-17],[-19,3],[-14,12],[-20,5],[-31,27],[-71,-70],[-26,-7],[-31,39],[-38,30],[-30,-45],[-14,-33],[-18,8],[-12,13],[10,34],[-37,6],[-4,11],[-46,10],[2,4],[-19,8],[-20,19],[-7,-4],[-6,7],[-16,0],[-7,-9],[-11,6],[-20,0],[-3,-15],[-10,-3],[-3,-11],[-9,-4],[17,-10],[-26,-16],[-11,-1],[-43,10],[-28,22],[-47,23],[-30,22],[-3,11],[-20,-29],[-54,-18],[-37,56]],[[48648,52483],[-4,-16],[34,-28],[-12,-15],[4,-9],[17,-12],[11,-20],[-2,-13],[-22,-18],[1,-4],[17,-7],[4,-15],[-8,-14],[-9,-4],[-8,-30],[11,-6],[11,-22],[-5,-23],[3,-14],[-50,-4],[-20,10],[-18,2],[-14,12],[-45,-44],[-31,-16],[-13,-18],[-11,2],[-21,-13],[-85,-14],[-4,-10],[-22,-5],[-16,8],[-7,-2],[-80,-43],[-12,0],[-14,11],[-9,-1],[-4,4],[-18,3],[-11,-9],[-23,-4],[2,-16],[-8,-8],[-21,-6],[-13,-19]],[[49349,52699],[-2,-4],[-22,-5],[-18,1],[-16,-22],[-43,-8],[-2,-11],[-6,-2],[-18,18],[-77,-25],[-40,8],[-23,-7],[-8,1],[-10,15],[-8,-4],[-27,3],[-7,-4],[4,-8],[27,-16],[-1,-20],[-6,-10],[14,-14],[-9,-14],[-38,-18],[0,-10],[-13,-1],[-18,-20],[-17,6],[-49,-1],[-16,-5],[-13,3],[-3,7],[-21,-11],[-5,-11],[-34,-14],[-21,1],[-42,-11],[-13,7],[-20,-2],[-9,17],[-15,-7],[-22,1],[-34,-19]],[[40753,41963],[15,-11],[51,-14],[14,2],[5,-8],[36,-13],[25,-12],[0,-7],[19,-5],[0,-16],[14,-1],[1,-8],[41,-19],[8,0],[1,-55],[56,-31],[42,-12],[63,3],[34,-14],[31,-5],[66,-38],[55,8],[11,9],[48,5],[67,19],[59,-4],[94,26],[49,24],[59,-7],[27,9],[2,9],[-7,14],[62,15],[35,-3],[22,-18],[11,2],[3,13],[18,3],[9,-2],[10,-14],[24,11],[18,-8],[8,4],[24,36],[5,0],[12,-19],[14,6],[11,-3],[14,8],[7,18],[24,2],[24,12],[22,-10],[11,-30],[13,-16],[21,9],[58,-7],[16,-4],[11,-8],[8,-17],[11,-9],[15,-3],[19,11],[35,-8]],[[38958,43531],[-12,-2],[-26,-58],[-3,-18],[9,-42],[-9,-22],[-10,3],[-3,-22],[5,-8],[-8,-11],[9,-22],[14,-9],[5,-17],[11,5],[11,-4],[18,3],[20,-7],[-1,-7],[-15,-12],[0,-12],[10,-19],[-16,-21],[-1,-9],[8,-13],[-10,-9],[2,-21],[-7,-7],[2,-22],[58,-19],[12,-9],[1,-8],[11,-15],[20,-12],[17,-28],[1,-23],[10,-7],[9,-21],[-6,-12],[57,-18],[12,3],[4,-12],[25,-12],[1,5],[18,-2],[19,-9],[13,1],[13,-10],[70,-17],[19,-1],[14,-19],[27,-17],[16,-7],[33,-2],[20,-15],[26,-8],[-5,-6],[2,-8],[13,-9],[11,2],[90,-38],[22,-19],[53,-31],[3,-13],[13,-4],[-1,-14],[20,-28],[41,-9],[20,-13],[7,-17],[47,-13],[8,-22],[9,-10],[-15,-33],[3,-13],[-20,-21],[4,-32],[11,-14],[30,4],[16,-29],[14,-3],[14,-31],[28,-7],[25,12],[11,1],[21,-14],[80,-9],[80,-27],[11,3],[49,-15],[8,-11],[12,-7],[11,-33],[11,-15],[45,-25],[28,-27],[16,3],[102,-8],[39,-41],[13,-2],[9,-12],[15,-2],[30,-40],[-4,-14],[15,-44],[10,-4],[10,12],[11,0],[10,-8],[1,-18],[28,-22],[1,-9],[13,-8],[2,-11],[25,-22],[58,-26],[22,-5],[16,-12]],[[40003,44123],[-37,-19],[-114,-38],[-165,-108],[-86,-68],[-28,-12],[-171,43],[-33,-7],[5,-24],[-61,-30],[-50,-41],[-27,-8],[-39,-28],[-8,-2],[-16,-25],[-34,-22],[-10,-45],[-8,-5],[-13,-29],[-12,-10],[-1,-8],[-36,-28],[-6,-14],[-21,-10],[-2,-6],[-32,-19],[-5,-8],[-19,-14],[-7,2],[-9,-9]],[[40154,44779],[28,-7],[9,8],[5,-2],[13,14],[20,2],[6,6],[4,-8],[43,-7],[16,9],[5,-3],[12,5],[2,-6],[10,1],[13,10],[9,-6],[6,8],[10,-5],[6,6],[11,-2],[5,4],[6,-5],[5,9],[25,-6],[11,9],[17,-5],[4,9],[16,-1],[-2,8],[5,4],[13,-2],[15,6],[7,-5],[3,6],[9,-4],[1,7],[35,-1],[27,31],[11,1],[10,-9],[11,4],[12,16],[13,-6],[13,6],[13,-2],[14,12],[15,-5],[27,17],[9,-4],[6,2],[-1,11],[11,-3],[2,10],[8,-1],[11,10],[1,13],[9,5],[-1,13],[8,1],[4,6],[-4,5],[7,7],[-30,7],[3,11],[-6,22],[-35,8],[-19,10],[-32,3],[-42,36],[12,39],[10,4],[-2,6],[20,2],[3,10],[52,2],[-13,45],[78,9],[80,32],[36,4],[7,8],[-2,13],[20,-5],[53,31],[25,-6],[4,-8],[25,-11],[9,4],[21,38],[13,13],[35,4],[5,7],[21,6],[25,18],[1,41],[13,-1],[18,11],[8,-1],[3,18],[14,8],[-4,7],[10,20],[12,10],[0,13],[32,13],[22,23],[35,24],[22,7],[79,13],[67,20],[23,2],[7,7],[19,-2],[25,11],[28,6],[57,-18],[22,-1],[18,-9],[41,-57],[1,-20],[9,-7],[9,1],[13,-15],[-4,-13],[10,-17],[-1,-11],[7,1],[2,-5],[10,-1],[1,-13],[11,-11],[-5,-22],[-7,-2],[1,-21],[-11,-25],[0,-11],[19,-17],[-2,-28],[-14,-10],[-6,-19],[13,-3],[4,-8],[25,-13],[11,-4],[13,3],[2,-4]],[[40105,44878],[8,-30],[15,-18],[3,-34],[23,-17]],[[40078,45763],[-2,-13],[25,-22],[13,6],[17,-11],[-3,-7],[-14,-7],[-27,1],[9,-151],[40,-32],[34,-62],[14,-12],[20,-5],[4,-15],[15,-6],[14,-35],[109,-209],[72,-170],[-13,-11],[-7,1],[-2,-6],[-8,3],[-19,-14],[-15,1],[3,-12],[-6,-12],[-21,2],[-35,-18],[-52,-8],[-7,-7],[-22,-7],[-24,9],[-30,-14],[-4,-9],[-31,-7],[-20,-15],[0,-11]],[[40078,45763],[36,2],[12,-14],[12,-5],[8,10],[7,-2],[0,6],[18,0],[9,5],[10,-4],[13,12],[4,-4],[13,1],[4,-6],[6,2],[10,14],[5,-4],[8,8],[6,0],[6,6],[10,-7],[12,8],[15,-17],[7,2],[14,-16],[22,-1],[7,7],[-6,7],[8,3],[-2,9],[12,1],[5,15],[8,-1],[12,9],[7,23],[-4,9],[15,2],[9,7],[7,-11],[12,8],[4,-12],[52,77],[42,1],[0,14],[10,0],[3,9],[-8,6],[18,8],[-2,8],[26,6],[16,15],[14,2],[5,-8],[9,8],[-1,-8],[8,-9],[19,14],[38,14],[-4,27],[5,35],[-23,38],[4,4],[-9,20],[-25,39],[67,48],[3,12],[19,18],[45,27],[8,14],[-14,12],[6,19],[-7,5],[20,49],[27,33],[88,43],[2,3],[-35,15],[20,13],[2,20],[14,-4],[25,8],[26,22],[41,-9],[57,12],[-48,58],[-52,31],[-18,24],[-35,-1],[-17,19],[-32,16],[-39,4],[-22,-5],[-27,32],[21,-2],[61,37],[27,9]],[[40869,46737],[61,33],[26,-6],[71,-2],[-3,5],[17,3],[11,16],[18,10],[86,-1],[-5,13],[2,22],[-10,29],[15,24],[1,12],[12,22],[33,-3],[4,9],[14,4],[10,13],[-6,13],[-27,4],[-12,9],[-1,44],[-9,15],[4,21],[5,13],[23,19],[8,15],[18,8]],[[41235,47101],[32,-5],[22,-13],[22,12],[8,-41],[30,-28],[21,-33],[1,-5],[-16,-4],[4,-6],[14,3],[9,-24],[22,-17],[23,-7],[1,-12],[6,-5],[42,-21],[56,1],[21,-16],[43,7],[3,-6],[33,-4],[56,2],[29,16],[50,13],[19,15],[116,50],[51,34],[25,-15],[19,1],[20,-13],[35,21],[32,-19],[12,-20],[12,-8],[46,37],[14,29],[13,14],[34,-10],[20,6],[89,-2],[16,-28],[-11,-17],[16,-16],[-24,-16],[-17,-5],[-21,-61],[-29,-32],[10,-36],[79,-111]],[[44664,48285],[-64,157],[5,16],[17,10],[-4,21],[59,32],[37,6],[-5,9],[18,8],[45,-6],[11,7],[20,-6],[31,0],[8,5],[31,1],[23,14]],[[59991,36337],[1,21],[33,112],[-1,33],[7,32],[24,70],[18,36],[20,101],[27,48],[28,110],[1,32],[-25,45]],[[59989,36337],[2,0]],[[58676,36445],[3,12],[-6,9],[6,4],[-17,13],[-4,13],[-16,-9],[-8,5],[9,4],[-2,5],[-10,0],[-14,14],[-20,3],[0,8],[-10,7],[0,9],[11,14],[-3,8],[-28,-8],[-3,-10],[-19,-17],[-8,7],[-38,-23],[-14,9],[-8,-1],[-10,10],[-8,-6],[-13,7],[-16,0],[-8,-5],[-9,8],[-50,-33],[-8,-1],[4,9],[-9,-3],[3,-17],[-24,2],[-2,7],[-22,-19],[-15,6],[0,5],[-11,-1],[0,6],[-9,4],[-6,-4],[-2,5],[-7,-4],[-1,6],[-16,1],[-24,-10],[-11,-44],[-15,-7],[-7,4],[-10,-7],[-11,6],[-1,-8],[-12,2]],[[57744,36573],[26,4],[0,-6],[8,1],[18,-21],[5,1],[8,-9],[16,1],[21,-7],[24,7],[5,-8],[28,1],[16,-9],[6,2],[12,-7],[7,3],[-2,5],[17,-5],[6,4],[6,-7],[25,-8],[1,4],[15,-1],[17,8],[22,-2],[21,-9],[28,-72],[12,-8],[8,6],[27,-1]],[[57791,36829],[2,-26],[17,-23],[-24,-6],[-7,-54],[-23,-55],[-22,-34],[-2,-41],[12,-17]],[[54128,47581],[-10,-4],[-27,22],[-52,78],[-21,-7],[-8,14],[-24,-4],[-53,-23],[-35,-60]],[[47555,48091],[5,-45],[30,-58]],[[45925,48255],[-6,12],[-33,24],[-3,33],[8,30],[12,8],[9,16],[16,12],[16,23],[-2,5],[-39,-1],[-13,8],[-4,6],[3,12],[-20,10],[-23,72],[21,22],[12,-5],[16,-21],[18,10],[-22,36],[25,33],[-6,11],[15,18],[-8,5],[7,13],[-17,13],[-12,37]],[[43303,34783],[19,-32],[22,-12],[2,-28],[22,-31],[37,5],[8,-9],[13,-3],[38,9],[19,11],[21,0],[14,-9],[12,-28],[20,-8],[10,-21],[78,-2],[18,-6],[20,-20],[-3,-11],[-15,-12],[0,-14],[-24,0],[-34,-18],[-30,-7],[-47,-5],[-72,-16],[-6,-8],[0,-13],[21,-31],[23,-4],[11,16],[13,2],[33,-8],[2,-16],[16,-3],[4,41],[11,3],[53,-1],[5,15],[9,3],[13,-7],[-2,-15],[16,-7],[12,20],[-1,12],[17,12],[11,-1],[19,-30],[3,-21],[37,-14],[-3,-38],[5,-25],[11,-9],[-10,-22],[10,-18],[-1,-21],[22,2],[9,-13],[13,-3],[87,-4],[21,5]],[[44251,39662],[3,8],[22,4],[-11,7],[3,9],[-5,3],[2,7],[-7,8],[-38,4],[6,20],[-9,56],[-5,6],[-35,42],[8,5],[-2,31],[17,14],[27,42],[14,-1],[-2,-8],[8,2],[9,-12],[8,6],[13,-5],[6,4],[5,-10],[17,2],[0,-8],[10,-8],[13,5],[-1,-8],[11,-4],[10,-21],[22,-3],[0,-7],[10,-9],[31,0],[24,-12],[10,6],[14,-1],[5,5],[4,-5],[9,-1],[18,3],[4,-6],[-6,-4],[8,-4],[8,2],[11,-11],[12,4],[39,-1],[1,-8],[15,-1],[-1,-8],[15,-3],[-2,-5],[23,-1],[-6,9],[11,-7],[11,3],[3,-8],[5,3],[-5,7],[12,0],[-6,-6],[9,0],[7,8],[6,-1],[14,18],[15,-10],[6,1],[2,-8],[8,1],[3,-7],[7,11],[7,-11],[5,8],[8,-1],[4,19],[25,-7],[-14,47],[-8,14],[-13,9],[-3,13],[6,5]],[[46803,52030],[0,5],[-19,6],[-8,19],[-16,8],[-28,2],[-12,19],[-22,14],[23,43],[-6,17],[3,19],[-12,15],[2,17],[-19,36],[22,29],[47,12],[-32,30],[-43,-14],[-9,5],[6,22],[30,19],[22,30],[-12,1],[-27,-10],[-31,-5],[-44,3],[-18,7],[25,40],[-6,22],[5,8],[-13,9],[-8,23],[-20,22],[5,9],[-11,7],[-2,11],[-88,-10],[-49,-20],[-36,3],[-47,41],[-22,30],[-1,17],[-7,9],[2,44]],[[45104,51835],[11,-12],[2,-9],[11,-1],[6,-80],[-1,-7],[-15,-12],[5,-65],[-7,-28],[14,-68],[-8,-39],[-23,-47]],[[46327,52644],[-35,12],[-21,14],[-18,-12],[-12,13],[-16,-4],[-12,-28],[-66,-23]],[[53652,52365],[-33,-21],[-12,-19],[-39,-31],[8,-31],[-28,-29],[20,-22],[-69,-98],[-9,8],[-17,-25],[-11,5],[-4,-7],[-16,0],[7,-7],[-28,-25],[16,-19],[-2,-3],[-55,-18],[-30,-28]],[[54718,52408],[21,0],[-8,-22],[27,-19],[5,-17],[-2,-32],[8,-14],[0,-11],[11,-15],[-4,-22],[13,-30],[47,-36],[1,-13],[30,-1],[34,7],[30,-51],[24,-19]],[[55621,52479],[-4,-9],[34,-30],[-6,-17],[15,1],[6,-9],[-21,-7],[17,-5],[34,-26],[3,-14],[17,-8],[0,-4],[-12,-6],[3,-15],[-8,-7],[1,-20],[-16,-10],[-24,3],[-42,-7],[-36,6],[-18,-47],[-13,6],[-45,7],[-5,-24]],[[56174,47714],[-16,-9],[-34,-5],[-40,-13],[-30,8],[-35,20],[-12,-3]],[[59028,49359],[-1,10],[-12,6],[9,11],[-5,5],[5,7],[10,-7],[6,7],[-4,4],[-32,2],[13,65],[-9,9],[-15,44],[-20,-7],[-39,32],[-28,8],[-23,22],[-51,32],[-33,3],[-32,13]],[[56129,52347],[-27,-37],[0,-23],[-16,-15],[-7,-28],[9,-50],[24,-33],[-9,-15],[-1,-26],[32,-28],[2,-8],[-11,-24],[-15,11],[-10,-2],[-8,-29],[0,-22],[-17,-14],[-11,-22],[-37,-15],[4,-16],[23,-29],[19,-12],[23,-46],[1,-17]],[[55801,51577],[11,3],[24,-15],[7,2],[8,21],[-19,6],[-4,9],[2,13],[16,27],[27,4],[7,16],[16,9],[26,37],[15,6],[9,-8],[10,5],[10,28],[18,3],[30,-14],[30,9],[9,31],[-6,9],[-31,-20],[-12,3],[-1,13],[10,31],[39,12],[31,-7],[2,21],[12,16]],[[50611,42528],[-21,9],[13,45],[9,-4],[24,43],[57,37],[-11,23]],[[51518,38722],[43,15],[-5,18],[3,4],[40,4],[-1,6],[19,5],[44,-2],[8,11],[17,-7],[12,8],[23,27],[5,32],[-8,1],[-18,18],[30,18],[-17,25]],[[51713,38905],[30,7],[1,22],[26,34],[-2,16],[40,13],[-2,7]],[[55879,37244],[109,-86],[39,-20],[33,-6],[0,8],[24,34],[90,99],[43,72],[14,-10],[20,-88],[27,-15],[15,1],[5,53],[-10,14],[46,53],[2,22],[-7,6],[40,86],[51,72],[83,64],[47,-19],[19,16],[23,51],[-17,44],[3,2],[45,12],[90,41],[54,19],[36,21],[41,12]],[[51700,38923],[13,-18]],[[43575,48851],[2,-30],[-20,-31],[-6,-23],[6,-30],[-9,-40],[6,-10],[-1,-41],[23,-5],[33,-20],[12,1],[-9,-5],[0,-20],[24,0],[5,-19],[29,6],[-11,-24],[16,-9],[-13,-16],[37,-39],[48,-21],[11,18],[12,-6],[6,-10],[45,13],[13,0],[-2,-15],[6,-21],[14,-14],[-4,-14],[-21,-9],[-4,-15],[-21,-8],[-5,-7],[0,-21],[19,-45],[11,-69],[-19,-12],[-60,-1],[-78,-21],[-14,-31],[13,-30],[31,-31],[-6,-46],[-13,-14],[-46,-15],[-31,-22],[-15,0],[-12,14]],[[41517,48087],[13,-51],[-22,-22],[-17,-4],[0,-18],[-18,-25],[-3,-14],[0,-26],[23,-45],[9,-6],[12,-20],[-5,-30],[-8,-15],[4,-19],[-36,-25],[-2,-24],[-10,-11],[-23,-4],[-3,-5],[-10,2],[-9,-10],[-8,-25],[-15,-11],[-6,-19],[7,-7],[-3,-31],[-10,-8],[-15,-44],[-23,-16],[-11,0],[-10,6],[-15,-9],[-16,0],[-12,7],[-68,-25],[4,-19],[38,-37],[3,-13],[6,-4],[-7,-49],[15,-42],[-7,-10],[2,-24],[-38,-68],[52,5],[35,-6],[-56,-56],[5,-26],[-4,-50],[-20,-33]],[[42104,48281],[19,-10],[3,6],[7,-1],[0,-6],[6,-5],[16,-24],[-4,-8],[8,-15],[49,4],[-19,-53],[13,-6],[-15,-26],[1,-25],[24,-3],[35,3],[2,-14],[-6,-3],[2,-14],[6,-3],[-4,-7],[9,-42],[-14,-15],[2,-15],[8,-4],[4,-39],[-5,-13],[-32,-10],[-17,-11],[-20,-2],[-134,18],[11,29],[-1,28],[4,4],[-5,12],[6,6],[0,12],[17,14],[-5,6],[6,9],[-10,36],[-14,18],[-2,14],[-56,-13],[-34,-48],[-9,-6],[-20,-5],[-25,7],[-17,-2],[-28,-7],[-43,-5],[-14,-16],[-36,-10],[-32,11],[-29,-7],[-34,25],[-37,-23],[-33,7],[-52,4],[3,14],[-17,47],[6,7],[-15,-3],[-16,-16]],[[48140,45577],[-80,-36],[-42,-46],[3,-20],[-27,-27],[-23,-36],[-11,-8],[-31,-6],[-20,17],[-7,52],[-12,32],[3,26],[-9,26],[-25,40],[-21,20],[-29,12],[-38,-7],[-19,-7],[-10,-13],[-19,-9],[-20,-41],[-19,-19],[0,-6],[-10,0],[-30,-23],[-19,-1],[-8,5],[-15,-1],[-9,4],[-16,-7],[-16,0],[-31,10],[-32,-17],[-10,6],[-12,-5],[-28,-32],[-16,22],[-10,2],[11,-35],[-5,-2],[-5,9],[-59,-25],[3,-4],[-17,-20],[-13,-4],[-4,-17],[4,-14],[-60,-15],[-13,-34],[-66,-57],[4,-10],[-30,-2],[-27,-8],[-76,13],[-44,-6],[-8,-9],[-59,7],[-22,-60],[-55,-57],[-24,-19],[-29,-7],[-22,-12],[-4,-9],[-25,-9],[14,-21],[-14,-5],[-13,-19],[5,-2],[-2,-24],[13,-18],[-31,-43],[-27,6],[-14,10],[-44,-7],[-51,27],[-22,-10],[-1,-8],[-5,2],[-11,-13],[-19,3],[-9,-31],[-16,-17],[2,-24],[-15,-5],[-2,-6],[-21,-14],[-11,-18],[-11,0],[0,-9],[-17,0],[20,-30],[11,-3],[15,-17],[53,-12],[57,-26],[12,5],[26,-33],[16,-1],[-3,-16],[8,-19],[37,-33],[-2,-59],[15,-32],[-65,-35],[-32,-25],[-15,-24],[-4,-24],[-46,7],[-15,-22],[-26,-18],[-20,-38]],[[49067,43488],[-26,11],[14,27],[-22,11],[-14,23],[2,11],[25,9],[-15,23],[-10,6],[25,12],[6,13],[22,7],[26,16],[16,3],[22,25],[30,13],[32,-11],[21,11],[35,-11],[23,5],[6,-4],[1,6],[12,5],[16,0],[66,17]],[[51777,53333],[0,6],[13,3],[-2,6],[25,5],[2,-8],[21,5],[-2,-9],[18,6],[36,20],[-7,7],[11,10],[12,-1],[2,-16],[9,-4],[-3,-17],[16,-1],[7,42]],[[54498,44480],[41,-6],[39,-24],[100,-44],[52,-14]],[[53845,43482],[13,37],[6,53],[-20,77],[-1,32]],[[54490,44844],[26,1],[1,-23],[7,-6],[77,3],[20,14],[19,32],[8,5],[-2,10],[19,7],[19,-2],[13,7],[44,-17],[4,-7],[24,-12],[39,11],[18,-3],[6,3],[34,-24]],[[62604,41903],[29,-27],[8,-20],[24,-16],[25,-55],[7,-83],[55,9],[-2,3],[10,6],[4,-3],[80,36]],[[62985,41431],[10,12],[3,26],[21,26],[-8,12],[10,23],[52,50],[28,14]],[[51095,54425],[2,-5],[-14,-12],[-1,-30],[-18,-29],[-25,-23],[-11,-22],[-36,-38],[-2,-24]],[[44302,47987],[-14,-9],[-19,0],[-58,-18],[-7,10],[-17,-4],[-13,-19],[3,-8],[-37,9],[-32,28],[-2,8],[-8,-1],[-10,-6],[-15,-34],[-15,4],[-8,-39],[11,-20],[-2,-29],[9,-8],[13,-3],[3,-7],[37,-14],[7,4],[14,-3],[24,-24],[1,-7],[-20,-30],[18,-92]]],"bbox":[-6.41812903411196,49.86474406052,1.76294149629354,55.8110548763952],"transform":{"scale":[0.00008181152341928919,0.0000594637027957799],"translate":[-6.41812903411196,49.86474406052]}}