{"type":"Topology","objects":{"ward":{"type":"GeometryCollection","geometries":[{"type":"Polygon","arcs":[[0,1,2,3,4]],"id":31,"properties":{"wd11cd":"E05006045","wd11nm":"Old Stratford"}},{"type":"Polygon","arcs":[[5,6,7,8]],"id":42,"properties":{"wd11cd":"E05006041","wd11nm":"Kings Sutton"}},{"type":"Polygon","arcs":[[9,10,11,12,13,14,15,16]],"id":49,"properties":{"wd11cd":"E05006028","wd11nm":"Blakesley and Cote"}},{"type":"Polygon","arcs":[[17,18,19,20,21,22]],"id":61,"properties":{"wd11cd":"E05005991","wd11nm":"Burton Latimer"}},{"type":"Polygon","arcs":[[23,24,25,26,27,28]],"id":67,"properties":{"wd11cd":"E05008891","wd11nm":"Woodlands"}},{"type":"Polygon","arcs":[[29,30,31,32,-18,33,34,35,36]],"id":73,"properties":{"wd11cd":"E05005986","wd11nm":"Woodford"}},{"type":"Polygon","arcs":[[37,38,39,40]],"id":77,"properties":{"wd11cd":"E05008887","wd11nm":"Sandhurst"}},{"type":"Polygon","arcs":[[41,42,-35,43,44,45,46]],"id":80,"properties":{"wd11cd":"E05005973","wd11nm":"Lyveden"}},{"type":"Polygon","arcs":[[47,48,49,50,51]],"id":84,"properties":{"wd11cd":"E05008874","wd11nm":"Maun Valley"}},{"type":"Polygon","arcs":[[52,-16,53,54,55,56]],"id":87,"properties":{"wd11cd":"E05005960","wd11nm":"Weedon"}},{"type":"Polygon","arcs":[[57,58,59,60,61,62]],"id":90,"properties":{"wd11cd":"E05008861","wd11nm":"Bull Farm and Pleasley Hill"}},{"type":"Polygon","arcs":[[63,64,65,66,67,68,69,70]],"id":94,"properties":{"wd11cd":"E05005956","wd11nm":"Moulton"}},{"type":"Polygon","arcs":[[71,72,-60,73]],"id":98,"properties":{"wd11cd":"E05008857","wd11nm":"Abbott"}},{"type":"Polygon","arcs":[[74,75,76,-56,77,78,79,80,81]],"id":101,"properties":{"wd11cd":"E05005943","wd11nm":"Badby"}},{"type":"Polygon","arcs":[[82,83,84,85,86,87]],"id":104,"properties":{"wd11cd":"E05008844","wd11nm":"Riverside"}},{"type":"Polygon","arcs":[[88,89,90,91]],"id":108,"properties":{"wd11cd":"E05005930","wd11nm":"Exeter"}},{"type":"Polygon","arcs":[[92,93,94,95,96,97]],"id":110,"properties":{"wd11cd":"E05008831","wd11nm":"Eastfield"}},{"type":"Polygon","arcs":[[98,99,100,101]],"id":115,"properties":{"wd11cd":"E05005485","wd11nm":"Earl Shilton"}},{"type":"Polygon","arcs":[[102,103,104,105]],"id":123,"properties":{"wd11cd":"E05005472","wd11nm":"Market Harborough-Welland"}},{"type":"Polygon","arcs":[[106,107,108,109,110]],"id":135,"properties":{"wd11cd":"E05005459","wd11nm":"Broughton Astley-Sutton"}},{"type":"Polygon","arcs":[[111,112,113,114]],"id":137,"properties":{"wd11cd":"E05005468","wd11nm":"Lutterworth Swift"}},{"type":"Polygon","arcs":[[115,116,117,118,119]],"id":147,"properties":{"wd11cd":"E05005455","wd11nm":"Bosworth"}},{"type":"Polygon","arcs":[[120,121,122]],"id":155,"properties":{"wd11cd":"E05005442","wd11nm":"Mountsorrel"}},{"type":"Polygon","arcs":[[123,124,125]],"id":166,"properties":{"wd11cd":"E05005429","wd11nm":"Birstall Watermead"}},{"type":"Polygon","arcs":[[126,127,128,129,130]],"id":169,"properties":{"wd11cd":"E05005438","wd11nm":"Loughborough Outwoods"}},{"type":"Polygon","arcs":[[131,132,133,134,135]],"id":179,"properties":{"wd11cd":"E05005425","wd11nm":"Winstanley"}},{"type":"Polygon","arcs":[[136,137,138,139,140,141]],"id":187,"properties":{"wd11cd":"E05005412","wd11nm":"Ellis"}},{"type":"Polygon","arcs":[[142,143,144,145]],"id":201,"properties":{"wd11cd":"E05005408","wd11nm":"Blaby South"}},{"type":"Polygon","arcs":[[146,147,148,149]],"id":312,"properties":{"wd11cd":"E05006056","wd11nm":"Croyland"}},{"type":"Polygon","arcs":[[150,151,152,153,154,155]],"id":329,"properties":{"wd11cd":"E05005585","wd11nm":"St James'"}},{"type":"Polygon","arcs":[[156,-154,157,158,159,160,161,162,163,164,165,166,167,168,169,170]],"id":337,"properties":{"wd11cd":"E05005572","wd11nm":"Legbourne"}},{"type":"Polygon","arcs":[[171,172,173,174,175,176]],"id":348,"properties":{"wd11cd":"E05005559","wd11nm":"Alford"}},{"type":"Polygon","arcs":[[177,178,179,180]],"id":351,"properties":{"wd11cd":"E05005568","wd11nm":"Holton le Clay"}},{"type":"Polygon","arcs":[[181,182,183,184,185,186,187,188,189,190,191,192,193]],"id":361,"properties":{"wd11cd":"E05005555","wd11nm":"Swineshead and Holland Fen"}},{"type":"MultiPolygon","arcs":[[[194,195,196,197]],[[198,199]]],"id":369,"properties":{"wd11cd":"E05005542","wd11nm":"Coastal"}},{"type":"Polygon","arcs":[[200,201,202,203,204,205,206,207]],"id":381,"properties":{"wd11cd":"E05005529","wd11nm":"Valley"}},{"type":"Polygon","arcs":[[208,209,210,211,212]],"id":383,"properties":{"wd11cd":"E05005538","wd11nm":"Wigston Fields"}},{"type":"Polygon","arcs":[[213,214,215,216,217]],"id":393,"properties":{"wd11cd":"E05005525","wd11nm":"Oakthorpe and Donisthorpe"}},{"type":"Polygon","arcs":[[-205,218,219,220]],"id":401,"properties":{"wd11cd":"E05005512","wd11nm":"Ashby Castle"}},{"type":"Polygon","arcs":[[221,222,223,224,225,226,227,228]],"id":412,"properties":{"wd11cd":"E05005499","wd11nm":"Gaddesby"}},{"type":"Polygon","arcs":[[229,230,231,232,233,234,-222,235]],"id":415,"properties":{"wd11cd":"E05005508","wd11nm":"Somerby"}},{"type":"Polygon","arcs":[[236,237,238,239]],"id":425,"properties":{"wd11cd":"E05005495","wd11nm":"Asfordby"}},{"type":"Polygon","arcs":[[240,241,242,243,244,245]],"id":449,"properties":{"wd11cd":"E05006464","wd11nm":"Balderton North"}},{"type":"Polygon","arcs":[[246,247,248,249,250,251,252]],"id":460,"properties":{"wd11cd":"E05006441","wd11nm":"St Marys"}},{"type":"Polygon","arcs":[[253,254,255,256]],"id":468,"properties":{"wd11cd":"E05006428","wd11nm":"Carlton Hill"}},{"type":"Polygon","arcs":[[257,258,259,260,261,262,263,264,265]],"id":479,"properties":{"wd11cd":"E05006415","wd11nm":"Greasley (Giltbrook and Newthorpe)"}},{"type":"Polygon","arcs":[[266,267,268,269]],"id":491,"properties":{"wd11cd":"E05006411","wd11nm":"Chilwell West"}},{"type":"Polygon","arcs":[[270,271,272]],"id":498,"properties":{"wd11cd":"E05006398","wd11nm":"Worksop North East"}},{"type":"Polygon","arcs":[[273,274,275,276]],"id":505,"properties":{"wd11cd":"E05006385","wd11nm":"East Retford West"}},{"type":"Polygon","arcs":[[277,278,279,280,281,282,283,284]],"id":512,"properties":{"wd11cd":"E05006381","wd11nm":"East Markham"}},{"type":"Polygon","arcs":[[285,286,287]],"id":519,"properties":{"wd11cd":"E05006368","wd11nm":"Kirkby in Ashfield East"}},{"type":"Polygon","arcs":[[288,289,290,291,292,293,294]],"id":541,"properties":{"wd11cd":"E05003384","wd11nm":"Sandiacre South"}},{"type":"Polygon","arcs":[[295,296,297,298,299]],"id":543,"properties":{"wd11cd":"E05005685","wd11nm":"Ringstone"}},{"type":"Polygon","arcs":[[300,301,302,-292]],"id":548,"properties":{"wd11cd":"E05003371","wd11nm":"Derby Road West"}},{"type":"Polygon","arcs":[[303,-298,304,305,306,307,308,309]],"id":551,"properties":{"wd11cd":"E05005672","wd11nm":"Glen Eden"}},{"type":"Polygon","arcs":[[310,311,312,313,314,315]],"id":558,"properties":{"wd11cd":"E05003358","wd11nm":"Litton and Longstone"}},{"type":"Polygon","arcs":[[316,317,318,319,320]],"id":561,"properties":{"wd11cd":"E05003367","wd11nm":"Abbotsford"}},{"type":"MultiPolygon","arcs":[[[321,322,323]],[[324,325]],[[326]]],"id":563,"properties":{"wd11cd":"E05005659","wd11nm":"Sutton Bridge"}},{"type":"Polygon","arcs":[[327,328,329,330]],"id":564,"properties":{"wd11cd":"E05005668","wd11nm":"Deeping St James"}},{"type":"Polygon","arcs":[[331,332,333,334,335,336]],"id":568,"properties":{"wd11cd":"E05008521","wd11nm":"Duffield"}},{"type":"Polygon","arcs":[[337,-314,338,339,340,341,342,343,344,345,346]],"id":573,"properties":{"wd11cd":"E05003354","wd11nm":"Hartington and Taddington"}},{"type":"Polygon","arcs":[[347,348,349,350]],"id":575,"properties":{"wd11cd":"E05005655","wd11nm":"Spalding St John's"}},{"type":"Polygon","arcs":[[351,352,353,354,355,356]],"id":580,"properties":{"wd11cd":"E05003341","wd11nm":"West"}},{"type":"Polygon","arcs":[[357,358,359,360,361]],"id":583,"properties":{"wd11cd":"E05005642","wd11nm":"Sleaford Westholme"}},{"type":"Polygon","arcs":[[362,363,364,365,366]],"id":591,"properties":{"wd11cd":"E05003328","wd11nm":"Hasland"}},{"type":"Polygon","arcs":[[-366,367,368,369,370,371]],"id":593,"properties":{"wd11cd":"E05003337","wd11nm":"Rother"}},{"type":"Polygon","arcs":[[372,373,374,375,376,377,378]],"id":594,"properties":{"wd11cd":"E05005629","wd11nm":"Metheringham"}},{"type":"Polygon","arcs":[[379,380,-359]],"id":597,"properties":{"wd11cd":"E05005638","wd11nm":"Sleaford Castle"}},{"type":"Polygon","arcs":[[381,382,383,384]],"id":604,"properties":{"wd11cd":"E05003324","wd11nm":"Brimington North"}},{"type":"Polygon","arcs":[[-192,385,386,387,388]],"id":607,"properties":{"wd11cd":"E05005625","wd11nm":"Heckington Rural"}},{"type":"Polygon","arcs":[[389,390,391,392,393,394]],"id":612,"properties":{"wd11cd":"E05003311","wd11nm":"Pinxton"}},{"type":"Polygon","arcs":[[395,396,397,398]],"id":615,"properties":{"wd11cd":"E05005612","wd11nm":"Castle"}},{"type":"Polygon","arcs":[[399,400,401,402]],"id":623,"properties":{"wd11cd":"E05003297","wd11nm":"Ripley and Marehay"}},{"type":"Polygon","arcs":[[403,404,405,406]],"id":625,"properties":{"wd11cd":"E05003307","wd11nm":"Bolsover West"}},{"type":"Polygon","arcs":[[407,408,-151,409,-160]],"id":626,"properties":{"wd11cd":"E05005599","wd11nm":"Trinity"}},{"type":"Polygon","arcs":[[410,411,412,413]],"id":628,"properties":{"wd11cd":"E05005608","wd11nm":"Birchwood"}},{"type":"Polygon","arcs":[[414,415,416,417]],"id":636,"properties":{"wd11cd":"E05003292","wd11nm":"Heanor West"}},{"type":"Polygon","arcs":[[418,419,420,421]],"id":639,"properties":{"wd11cd":"E05005595","wd11nm":"Sutton on Sea North"}},{"type":"Polygon","arcs":[[422,423]],"id":707,"properties":{"wd11cd":"E05005569","wd11nm":"Horncastle"}},{"type":"MultiPolygon","arcs":[[[424,425,426,-164,427,428,429]],[[430,431]],[[432,433]],[[434]],[[435,436]],[[437,438]],[[439,440]],[[441,442]]],"id":709,"properties":{"wd11cd":"E05005578","wd11nm":"Marshchapel"}},{"type":"Polygon","arcs":[[443,444,445,-184,446,447]],"id":719,"properties":{"wd11cd":"E05005565","wd11nm":"Frithville"}},{"type":"Polygon","arcs":[[448,449,450,451,452]],"id":727,"properties":{"wd11cd":"E05005552","wd11nm":"South"}},{"type":"Polygon","arcs":[[453,454,455,456,457]],"id":739,"properties":{"wd11cd":"E05005539","wd11nm":"Wigston Meadowcourt"}},{"type":"Polygon","arcs":[[458,459,460,461,462,463,-185,-446]],"id":741,"properties":{"wd11cd":"E05005548","wd11nm":"North"}},{"type":"Polygon","arcs":[[464,465,466,467,468,469]],"id":776,"properties":{"wd11cd":"E05001834","wd11nm":"Dunkirk and Lenton"}},{"type":"Polygon","arcs":[[470,471,472,473]],"id":791,"properties":{"wd11cd":"E05006065","wd11nm":"Redwell West"}},{"type":"Polygon","arcs":[[474,-423,475,476,477,478,-373,479,480,481]],"id":798,"properties":{"wd11cd":"E05005583","wd11nm":"Roughton"}},{"type":"Polygon","arcs":[[-174,482,483,484,485,486,487,-168,488]],"id":806,"properties":{"wd11cd":"E05005570","wd11nm":"Hundleby"}},{"type":"Polygon","arcs":[[489,490,491,492,493]],"id":845,"properties":{"wd11cd":"E05003351","wd11nm":"Darley Dale"}},{"type":"MultiPolygon","arcs":[[[494,495,496,497,498,499,500,-300,501,502,503]],[[504,505,506]]],"id":848,"properties":{"wd11cd":"E05005652","wd11nm":"Pinchbeck and Surfleet"}},{"type":"Polygon","arcs":[[507,508,509,510]],"id":855,"properties":{"wd11cd":"E05003338","wd11nm":"St Helen's"}},{"type":"Polygon","arcs":[[511,-311,512,513]],"id":857,"properties":{"wd11cd":"E05003347","wd11nm":"Calver"}},{"type":"Polygon","arcs":[[514,515,-362,516]],"id":859,"properties":{"wd11cd":"E05005639","wd11nm":"Sleaford Holdingham"}},{"type":"Polygon","arcs":[[517,518,519,520,521,522]],"id":862,"properties":{"wd11cd":"E05005648","wd11nm":"Holbeach Hurn"}},{"type":"Polygon","arcs":[[523,524,525,526]],"id":869,"properties":{"wd11cd":"E05003334","wd11nm":"Middlecroft and Poolsbrook"}},{"type":"Polygon","arcs":[[527,-388,528,529,530,531,532]],"id":872,"properties":{"wd11cd":"E05005635","wd11nm":"Osbournby"}},{"type":"Polygon","arcs":[[533,534,535,536,537,538,539,540]],"id":878,"properties":{"wd11cd":"E05003321","wd11nm":"Tibshelf"}},{"type":"Polygon","arcs":[[-378,541,542,543,544]],"id":880,"properties":{"wd11cd":"E05005622","wd11nm":"Branston"}},{"type":"Polygon","arcs":[[545,546,547,548,549,550]],"id":881,"properties":{"wd11cd":"E05005718","wd11nm":"Welton"}},{"type":"Polygon","arcs":[[551,552,-347,553,554,555,556,557,558,559]],"id":888,"properties":{"wd11cd":"E05003404","wd11nm":"Limestone Peak"}},{"type":"Polygon","arcs":[[560,561,562,563,564,565]],"id":891,"properties":{"wd11cd":"E05005705","wd11nm":"Kelsey"}},{"type":"Polygon","arcs":[[566,567,568,569,-345,570,571,572,573]],"id":897,"properties":{"wd11cd":"E05003391","wd11nm":"Burbage"}},{"type":"Polygon","arcs":[[574,575,576,577,578]],"id":899,"properties":{"wd11cd":"E05005692","wd11nm":"Thurlby"}},{"type":"Polygon","arcs":[[579,580,581,582,583]],"id":921,"properties":{"wd11cd":"E05003373","wd11nm":"Hallam Fields"}},{"type":"Polygon","arcs":[[584,585,586,587]],"id":923,"properties":{"wd11cd":"E05005674","wd11nm":"Green Hill"}},{"type":"Polygon","arcs":[[588,589,590,-490,591]],"id":928,"properties":{"wd11cd":"E05003360","wd11nm":"Matlock All Saints"}},{"type":"Polygon","arcs":[[-521,592,593,594,595,596]],"id":931,"properties":{"wd11cd":"E05005661","wd11nm":"Whaplode and Holbeach St John's"}},{"type":"Polygon","arcs":[[597,598,599,600,-333,601,602,603,-401]],"id":933,"properties":{"wd11cd":"E05008523","wd11nm":"Kilburn, Denby and Holbrook"}},{"type":"Polygon","arcs":[[604,605,606,607,608,609]],"id":937,"properties":{"wd11cd":"E05003356","wd11nm":"Hulland"}},{"type":"Polygon","arcs":[[610,611,612,613]],"id":939,"properties":{"wd11cd":"E05005657","wd11nm":"Spalding St Paul's"}},{"type":"Polygon","arcs":[[614,615]],"id":945,"properties":{"wd11cd":"E05003343","wd11nm":"Ashbourne South"}},{"type":"Polygon","arcs":[[616,617,618,-596,619,620,-328,621,622,-575,623,-500]],"id":947,"properties":{"wd11cd":"E05005644","wd11nm":"Crowland and Deeping St Nicholas"}},{"type":"Polygon","arcs":[[624,-371,625,-353,626]],"id":952,"properties":{"wd11cd":"E05003330","wd11nm":"Holmebrook"}},{"type":"Polygon","arcs":[[627,628,-129,629,630,631,632,633,634,635,636]],"id":958,"properties":{"wd11cd":"E05005519","wd11nm":"Greenhill"}},{"type":"Polygon","arcs":[[637,-635,638,639,640,-202]],"id":960,"properties":{"wd11cd":"E05005528","wd11nm":"Thringstone"}},{"type":"Polygon","arcs":[[641,642,643,-632]],"id":971,"properties":{"wd11cd":"E05005515","wd11nm":"Bardon"}},{"type":"Polygon","arcs":[[644,-226,645,646]],"id":979,"properties":{"wd11cd":"E05005502","wd11nm":"Melton Dorian"}},{"type":"Polygon","arcs":[[647,648,649,650,651]],"id":990,"properties":{"wd11cd":"E05005489","wd11nm":"Hinckley De Montfort"}},{"type":"Polygon","arcs":[[-430,652,-178,653,654]],"id":991,"properties":{"wd11cd":"E05005598","wd11nm":"Tetney"}},{"type":"Polygon","arcs":[[655,656,657,658]],"id":1024,"properties":{"wd11cd":"E05008595","wd11nm":"Brickhill"}},{"type":"Polygon","arcs":[[659,660,661,662]],"id":1029,"properties":{"wd11cd":"E05005981","wd11nm":"Rushden Sartoris"}},{"type":"Polygon","arcs":[[663,664,665,-51,666,667,668,669,670]],"id":1032,"properties":{"wd11cd":"E05008882","wd11nm":"Peafields"}},{"type":"Polygon","arcs":[[671,672,-30,673]],"id":1036,"properties":{"wd11cd":"E05005977","wd11nm":"Raunds Windmill"}},{"type":"Polygon","arcs":[[674,675,676,677,-665,678]],"id":1040,"properties":{"wd11cd":"E05008878","wd11nm":"Newlands"}},{"type":"Polygon","arcs":[[679,680,681,682,683,-118,684]],"id":1043,"properties":{"wd11cd":"E05005964","wd11nm":"Yelvertoft"}},{"type":"Polygon","arcs":[[685,-52,-666,-678]],"id":1046,"properties":{"wd11cd":"E05008865","wd11nm":"Holly"}},{"type":"Polygon","arcs":[[686,687,688,689,-682]],"id":1050,"properties":{"wd11cd":"E05005951","wd11nm":"Crick"}},{"type":"Polygon","arcs":[[690,691,692,693,-66]],"id":1053,"properties":{"wd11cd":"E05008852","wd11nm":"Talavera"}},{"type":"Polygon","arcs":[[694,695,-82,696,697]],"id":1057,"properties":{"wd11cd":"E05005947","wd11nm":"Braunston"}},{"type":"Polygon","arcs":[[698,699,700,701]],"id":1061,"properties":{"wd11cd":"E05008848","wd11nm":"Semilong"}},{"type":"Polygon","arcs":[[702,703,704,705,706,707,708,709,710,711]],"id":1081,"properties":{"wd11cd":"E05006516","wd11nm":"Wolds"}},{"type":"Polygon","arcs":[[712,713,714,715,716,717,718]],"id":1091,"properties":{"wd11cd":"E05006503","wd11nm":"Manvers"}},{"type":"Polygon","arcs":[[719,-712,720,721]],"id":1094,"properties":{"wd11cd":"E05006512","wd11nm":"Tollerton"}},{"type":"Polygon","arcs":[[722,-355,723,-369,724,725,726,727,728,729]],"id":1103,"properties":{"wd11cd":"E05003419","wd11nm":"Brampton and Walton"}},{"type":"Polygon","arcs":[[730,731,732,-734]],"id":1106,"properties":{"wd11cd":"E05005720","wd11nm":"Yarborough"}},{"type":"Polygon","arcs":[[734,735,-574,736,737,738]],"id":1112,"properties":{"wd11cd":"E05003415","wd11nm":"Whaley Bridge"}},{"type":"Polygon","arcs":[[739,740,741,742,743,744,745]],"id":1114,"properties":{"wd11cd":"E05005716","wd11nm":"Torksey"}},{"type":"Polygon","arcs":[[746,747,748,749,-552,750,751,752,753,-755]],"id":1120,"properties":{"wd11cd":"E05003402","wd11nm":"Hope Valley"}},{"type":"MultiPolygon","arcs":[[[755,756,757,758,759]],[[760]]],"id":1122,"properties":{"wd11cd":"E05005703","wd11nm":"Gainsborough South-West"}},{"type":"Polygon","arcs":[[761,762,763,-556]],"id":1127,"properties":{"wd11cd":"E05003389","wd11nm":"Barms"}},{"type":"Polygon","arcs":[[764,765,766,767]],"id":1130,"properties":{"wd11cd":"E05005690","wd11nm":"Saxonwell"}},{"type":"Polygon","arcs":[[768,769,770,771,-698,772,773,774,-776,776,777,-689]],"id":1179,"properties":{"wd11cd":"E05005944","wd11nm":"Barby and Kilsby"}},{"type":"Polygon","arcs":[[-85,778,779,780,781,782,783,784]],"id":1182,"properties":{"wd11cd":"E05008845","wd11nm":"Rushmills"}},{"type":"Polygon","arcs":[[785,786,787,788]],"id":1186,"properties":{"wd11cd":"E05005931","wd11nm":"Great Oakley"}},{"type":"Polygon","arcs":[[789,790,-94,791]],"id":1188,"properties":{"wd11cd":"E05008832","wd11nm":"Headlands"}},{"type":"Polygon","arcs":[[792,-141,793,794,795]],"id":1193,"properties":{"wd11cd":"E05005486","wd11nm":"Groby"}},{"type":"Polygon","arcs":[[796,-119,-684,797,798,799,-115,800,801]],"id":1201,"properties":{"wd11cd":"E05005473","wd11nm":"Misterton"}},{"type":"Polygon","arcs":[[802,803,804,805,-802,806,807,808]],"id":1209,"properties":{"wd11cd":"E05005460","wd11nm":"Dunton"}},{"type":"Polygon","arcs":[[809,810,811,812,813,814]],"id":1285,"properties":{"wd11cd":"E05001822","wd11nm":"Arboretum"}},{"type":"Polygon","arcs":[[815,816,817,818,819,820,821]],"id":1295,"properties":{"wd11cd":"E05001809","wd11nm":"Greetham"}},{"type":"Polygon","arcs":[[822,823,824,825]],"id":1297,"properties":{"wd11cd":"E05001818","wd11nm":"Oakham South West"}},{"type":"Polygon","arcs":[[826,827,828,829]],"id":1310,"properties":{"wd11cd":"E05001805","wd11nm":"Western Park"}},{"type":"Polygon","arcs":[[830,831,832,833,834,835]],"id":1317,"properties":{"wd11cd":"E05001792","wd11nm":"Evington"}},{"type":"Polygon","arcs":[[-130,-629,836,837,838,839]],"id":1322,"properties":{"wd11cd":"E05005437","wd11nm":"Loughborough Nanpantan"}},{"type":"Polygon","arcs":[[-110,840,-808,841,842,843,844,845]],"id":1330,"properties":{"wd11cd":"E05005424","wd11nm":"Stanton and Flamville"}},{"type":"Polygon","arcs":[[846,847,-111,-846,848,-648,849,-99,850]],"id":1338,"properties":{"wd11cd":"E05005411","wd11nm":"Croft Hill"}},{"type":"Polygon","arcs":[[851,852,853,854]],"id":1403,"properties":{"wd11cd":"E05006504","wd11nm":"Melton"}},{"type":"Polygon","arcs":[[855,856,857,858]],"id":1410,"properties":{"wd11cd":"E05006500","wd11nm":"Lady Bay"}},{"type":"Polygon","arcs":[[859,860,861,862,863,864]],"id":1417,"properties":{"wd11cd":"E05006487","wd11nm":"Trent"}},{"type":"Polygon","arcs":[[865,866,867,868]],"id":1424,"properties":{"wd11cd":"E05006474","wd11nm":"Devon"}},{"type":"Polygon","arcs":[[869,870,-725,-368]],"id":1478,"properties":{"wd11cd":"E05003441","wd11nm":"Wingerworth"}},{"type":"Polygon","arcs":[[871,872,873]],"id":1489,"properties":{"wd11cd":"E05003428","wd11nm":"Gosforth Valley"}},{"type":"Polygon","arcs":[[-537,874,875,876,877,878,879,880]],"id":1491,"properties":{"wd11cd":"E05003437","wd11nm":"Shirland"}},{"type":"Polygon","arcs":[[881,882,-874,883,884]],"id":1503,"properties":{"wd11cd":"E05003424","wd11nm":"Dronfield South"}},{"type":"Polygon","arcs":[[885,886,887,888,889]],"id":1510,"properties":{"wd11cd":"E05003411","wd11nm":"Simmondley"}},{"type":"Polygon","arcs":[[890,891,892,-894]],"id":1513,"properties":{"wd11cd":"E05005712","wd11nm":"Scotter"}},{"type":"Polygon","arcs":[[894,895,896]],"id":1519,"properties":{"wd11cd":"E05003398","wd11nm":"Gamesley"}},{"type":"Polygon","arcs":[[897,898,899,900]],"id":1523,"properties":{"wd11cd":"E05003407","wd11nm":"Old Glossop"}},{"type":"Polygon","arcs":[[901,902,903,-547,904]],"id":1524,"properties":{"wd11cd":"E05005699","wd11nm":"Dunholme"}},{"type":"Polygon","arcs":[[905,-551,906,-563,907]],"id":1527,"properties":{"wd11cd":"E05005708","wd11nm":"Middle Rasen"}},{"type":"Polygon","arcs":[[908,-559,909]],"id":1534,"properties":{"wd11cd":"E05003394","wd11nm":"Chapel West"}},{"type":"Polygon","arcs":[[910,911,912,913,914,-765,915]],"id":1537,"properties":{"wd11cd":"E05005695","wd11nm":"Witham Valley"}},{"type":"Polygon","arcs":[[-694,916,-98,917,-67]],"id":1588,"properties":{"wd11cd":"E05008826","wd11nm":"Boothville"}},{"type":"Polygon","arcs":[[918,919,920,921,922,923,924,925,926]],"id":1596,"properties":{"wd11cd":"E05008813","wd11nm":"Hilton"}},{"type":"Polygon","arcs":[[927,928,929,930,931,932,933,934,935,936,937,938]],"id":1612,"properties":{"wd11cd":"E05008809","wd11nm":"Aston"}},{"type":"Polygon","arcs":[[939,940,941,942,943]],"id":1649,"properties":{"wd11cd":"E05001841","wd11nm":"Wollaton West"}},{"type":"Polygon","arcs":[[-813,944,-470,945,946]],"id":1657,"properties":{"wd11cd":"E05001837","wd11nm":"Radford and Park"}},{"type":"Polygon","arcs":[[947,948,949,950,951,952,953,954]],"id":1663,"properties":{"wd11cd":"E05001824","wd11nm":"Basford"}},{"type":"Polygon","arcs":[[955,-231,956,957]],"id":1671,"properties":{"wd11cd":"E05001811","wd11nm":"Langham"}},{"type":"Polygon","arcs":[[-820,958,959,960]],"id":1681,"properties":{"wd11cd":"E05001807","wd11nm":"Cottesmore"}},{"type":"Polygon","arcs":[[961,962,-827,963,964]],"id":1688,"properties":{"wd11cd":"E05001794","wd11nm":"Fosse"}},{"type":"Polygon","arcs":[[965,966,967]],"id":1695,"properties":{"wd11cd":"E05001781","wd11nm":"Oakwood"}},{"type":"Polygon","arcs":[[968,969,970,971,972,973]],"id":1704,"properties":{"wd11cd":"E05001777","wd11nm":"Littleover"}},{"type":"Polygon","arcs":[[974,975,976,977]],"id":1772,"properties":{"wd11cd":"E05006050","wd11nm":"Towcester Brook"}},{"type":"Polygon","arcs":[[978,979,980]],"id":1779,"properties":{"wd11cd":"E05006037","wd11nm":"Grange Park"}},{"type":"Polygon","arcs":[[981,982,983,984,-21,985,986,987,988,989]],"id":1790,"properties":{"wd11cd":"E05006001","wd11nm":"Slade"}},{"type":"Polygon","arcs":[[990,991,992,993,-779,-84,994,995]],"id":1792,"properties":{"wd11cd":"E05006033","wd11nm":"Brafield and Yardley"}},{"type":"Polygon","arcs":[[996,997,998,999,1000]],"id":1800,"properties":{"wd11cd":"E05005996","wd11nm":"Pipers Hill"}},{"type":"Polygon","arcs":[[1001,1002,1003,1004,1005]],"id":1807,"properties":{"wd11cd":"E05005982","wd11nm":"Rushden Spencer"}},{"type":"Polygon","arcs":[[1006,1007,1008,1009,-61,-73]],"id":1811,"properties":{"wd11cd":"E05008883","wd11nm":"Penniment"}},{"type":"Polygon","arcs":[[1010,1011,-1006,1012,1013,1014]],"id":1817,"properties":{"wd11cd":"E05005969","wd11nm":"Irthlingborough John Pyel"}},{"type":"Polygon","arcs":[[1015,-1017,1017,-660,1018]],"id":1820,"properties":{"wd11cd":"E05005978","wd11nm":"Rushden Bates"}},{"type":"Polygon","arcs":[[1019,1020,1021,1022,1023]],"id":1821,"properties":{"wd11cd":"E05008870","wd11nm":"Lindhurst"}},{"type":"Polygon","arcs":[[1024,1025,-1024,1026,-675,1027]],"id":1824,"properties":{"wd11cd":"E05008879","wd11nm":"Oak Tree"}},{"type":"Polygon","arcs":[[1028,1029,-1031,1031,1032,-42,1033]],"id":1828,"properties":{"wd11cd":"E05005965","wd11nm":"Barnwell"}},{"type":"Polygon","arcs":[[-670,1034,1035]],"id":1832,"properties":{"wd11cd":"E05008866","wd11nm":"Hornby"}},{"type":"Polygon","arcs":[[1036,1037,1038,-75,-696]],"id":1835,"properties":{"wd11cd":"E05005952","wd11nm":"Drayton"}},{"type":"Polygon","arcs":[[1039,1040,1041,1042,1043,-699,1044]],"id":1840,"properties":{"wd11cd":"E05008853","wd11nm":"Trinity"}},{"type":"Polygon","arcs":[[1045,1046,1047,1048]],"id":1845,"properties":{"wd11cd":"E05005939","wd11nm":"Tower Hill"}},{"type":"Polygon","arcs":[[1049,-70,1050,1051,1052,1053,-988]],"id":1848,"properties":{"wd11cd":"E05005948","wd11nm":"Brixworth"}},{"type":"Polygon","arcs":[[-785,1054,1055,-790,1056,-86]],"id":1849,"properties":{"wd11cd":"E05008840","wd11nm":"Park"}},{"type":"Polygon","arcs":[[1057,1058,1059,-701]],"id":1852,"properties":{"wd11cd":"E05008849","wd11nm":"Spencer"}},{"type":"Polygon","arcs":[[1060,1061,1062,1063]],"id":1856,"properties":{"wd11cd":"E05005935","wd11nm":"Rowlett"}},{"type":"Polygon","arcs":[[1064,-981,1065,1066,1067,1068,-781]],"id":1858,"properties":{"wd11cd":"E05008836","wd11nm":"Nene Valley"}},{"type":"Polygon","arcs":[[-100,-850,-652,1069,1070,1071]],"id":1863,"properties":{"wd11cd":"E05005481","wd11nm":"Barwell"}},{"type":"Polygon","arcs":[[1072,1073,1074,1075,1076,-234]],"id":1871,"properties":{"wd11cd":"E05005477","wd11nm":"Tilton"}},{"type":"Polygon","arcs":[[1077,1078,1079,-116,1080,1081,1082]],"id":1879,"properties":{"wd11cd":"E05005464","wd11nm":"Lubenham"}},{"type":"Polygon","arcs":[[1083,1084,1085,1086,1087,1088,1089,-705]],"id":1887,"properties":{"wd11cd":"E05005451","wd11nm":"The Wolds"}},{"type":"Polygon","arcs":[[1090,-637,1091,1092]],"id":1895,"properties":{"wd11cd":"E05005447","wd11nm":"Shepshed West"}},{"type":"Polygon","arcs":[[1093,1094,-838,1095,1096]],"id":1903,"properties":{"wd11cd":"E05005434","wd11nm":"Loughborough Garendon"}},{"type":"Polygon","arcs":[[1097,1098,1099]],"id":1911,"properties":{"wd11cd":"E05005421","wd11nm":"Pastures"}},{"type":"Polygon","arcs":[[1100,1101,1102,1103,1104,1105,-139]],"id":1919,"properties":{"wd11cd":"E05005417","wd11nm":"Muxloe"}},{"type":"Polygon","arcs":[[1106,1107,1108,-995,-83,1109,1110,-64,1111,1112]],"id":2057,"properties":{"wd11cd":"E05006068","wd11nm":"West"}},{"type":"Polygon","arcs":[[-20,1113,1114,-474,1115,-1113,1116,-986]],"id":2067,"properties":{"wd11cd":"E05006062","wd11nm":"North"}},{"type":"Polygon","arcs":[[-653,-429,1117,1118,1119,-179]],"id":2074,"properties":{"wd11cd":"E05005581","wd11nm":"North Thoresby"}},{"type":"Polygon","arcs":[[1120,-447,-183,1121,1122,-477,1123]],"id":2082,"properties":{"wd11cd":"E05005577","wd11nm":"Mareham le Fen"}},{"type":"Polygon","arcs":[[1124,1125,1126,1127,1128,1129,1130,-484,1131,1132,1133,1134,1135]],"id":2090,"properties":{"wd11cd":"E05005564","wd11nm":"Croft"}},{"type":"Polygon","arcs":[[1136,1137,1138,-461]],"id":2098,"properties":{"wd11cd":"E05005551","wd11nm":"Skirbeck"}},{"type":"MultiPolygon","arcs":[[[1139,1140,1141,1142,1143,1144,-190,1145]],[[1146,1147,1148]],[[1149,1150]]],"id":2106,"properties":{"wd11cd":"E05005547","wd11nm":"Kirton"}},{"type":"Polygon","arcs":[[1151,1152,1153,1154,1155]],"id":2114,"properties":{"wd11cd":"E05005534","wd11nm":"Oadby Uplands"}},{"type":"Polygon","arcs":[[1156,1157,1158,1159,1160,1161,1162]],"id":2122,"properties":{"wd11cd":"E05005521","wd11nm":"Ibstock and Heather"}},{"type":"Polygon","arcs":[[1163,1164,1165,1166,1167,-930,1168,1169]],"id":2130,"properties":{"wd11cd":"E05005517","wd11nm":"Castle Donington"}},{"type":"Polygon","arcs":[[1170,1171,1172,1173,1174]],"id":2138,"properties":{"wd11cd":"E05005504","wd11nm":"Melton Newport"}},{"type":"Polygon","arcs":[[1175,-795,1176,-1158,1177,-642,-631]],"id":2146,"properties":{"wd11cd":"E05005491","wd11nm":"Markfield, Stanton and Fieldhead"}},{"type":"Polygon","arcs":[[1178,1179,1180,1181]],"id":2194,"properties":{"wd11cd":"E05006469","wd11nm":"Bridge"}},{"type":"Polygon","arcs":[[1182,1183,1184]],"id":2201,"properties":{"wd11cd":"E05006437","wd11nm":"Phoenix"}},{"type":"Polygon","arcs":[[-250,1185,1186,1187,1188]],"id":2212,"properties":{"wd11cd":"E05006424","wd11nm":"Bonington"}},{"type":"Polygon","arcs":[[1189,1190,1191,1192,1193,1194]],"id":2214,"properties":{"wd11cd":"E05006433","wd11nm":"Lambley"}},{"type":"Polygon","arcs":[[1195,1196,-289,1197,1198]],"id":2222,"properties":{"wd11cd":"E05006420","wd11nm":"Stapleford South West"}},{"type":"Polygon","arcs":[[1199,1200,1201,1202,1203,1204]],"id":2229,"properties":{"wd11cd":"E05006407","wd11nm":"Beeston West"}},{"type":"MultiPolygon","arcs":[[[1205,1206,1207,1208,-279,1209]],[[1210,-743]]],"id":2240,"properties":{"wd11cd":"E05006394","wd11nm":"Tuxford and Trent"}},{"type":"Polygon","arcs":[[1211,1212,-260]],"id":2242,"properties":{"wd11cd":"E05006403","wd11nm":"Awsworth"}},{"type":"Polygon","arcs":[[1213,-1210,-278,1214,1215]],"id":2250,"properties":{"wd11cd":"E05006390","wd11nm":"Rampton"}},{"type":"Polygon","arcs":[[1216,1217,1218,1219,1220]],"id":2257,"properties":{"wd11cd":"E05006377","wd11nm":"Beckingham"}},{"type":"Polygon","arcs":[[1221,1222,1223,1224]],"id":2268,"properties":{"wd11cd":"E05006364","wd11nm":"Hucknall North"}},{"type":"Polygon","arcs":[[1225,-62,-1010,1226,1227,1228,1229,1230,1231,-535]],"id":2270,"properties":{"wd11cd":"E05006373","wd11nm":"Sutton in Ashfield North"}},{"type":"Polygon","arcs":[[1232,1233,1234,1235,1236,1237]],"id":2283,"properties":{"wd11cd":"E05003380","wd11nm":"Nottingham Road"}},{"type":"Polygon","arcs":[[1238,1239,1240,1241,-916,-768,1242,-241,1243,1244]],"id":2285,"properties":{"wd11cd":"E05005681","wd11nm":"Loveden"}},{"type":"Polygon","arcs":[[1245,1246,1247,1248,1249,1250,1251]],"id":2288,"properties":{"wd11cd":"E05008549","wd11nm":"Brambleside"}},{"type":"Polygon","arcs":[[1252,-582,1253,1254]],"id":2291,"properties":{"wd11cd":"E05003376","wd11nm":"Kirk Hallam"}},{"type":"Polygon","arcs":[[1255,1256,-1240,1257]],"id":2293,"properties":{"wd11cd":"E05005677","wd11nm":"Heath"}},{"type":"Polygon","arcs":[[-492,1258,1259,1260,1261]],"id":2299,"properties":{"wd11cd":"E05003363","wd11nm":"Stanton"}},{"type":"Polygon","arcs":[[-586,1262,1263,-913,1264]],"id":2301,"properties":{"wd11cd":"E05005664","wd11nm":"Barrowby"}},{"type":"Polygon","arcs":[[-608,1265,1266,-1268,1268,-615,1269,1270]],"id":2306,"properties":{"wd11cd":"E05003350","wd11nm":"Clifton and Bradley"}},{"type":"MultiPolygon","arcs":[[[-522,-597,-619,1271,-614,1272,-507,1273,1274]],[[1275,1276,-496]]],"id":2309,"properties":{"wd11cd":"E05005651","wd11nm":"Moulton, Weston and Cowbit"}},{"type":"Polygon","arcs":[[1277,1278,-919,1279,-1266,-607]],"id":2315,"properties":{"wd11cd":"E05003346","wd11nm":"Brailsford"}},{"type":"Polygon","arcs":[[1280,1281,1282,-518,1283]],"id":2317,"properties":{"wd11cd":"E05005647","wd11nm":"Gedney"}},{"type":"Polygon","arcs":[[1284,1285,1286,-527,1287,1288,1289]],"id":2323,"properties":{"wd11cd":"E05003333","wd11nm":"Lowgates and Woodthorpe"}},{"type":"Polygon","arcs":[[1290,1291,1292,1293,1294]],"id":2325,"properties":{"wd11cd":"E05005634","wd11nm":"North Hykeham Witham"}},{"type":"Polygon","arcs":[[1295,-393,1296,1297,-876,1298]],"id":2330,"properties":{"wd11cd":"E05003320","wd11nm":"South Normanton West"}},{"type":"Polygon","arcs":[[-542,-377,1299,1300,1301,1302,1303]],"id":2333,"properties":{"wd11cd":"E05005621","wd11nm":"Bracebridge Heath and Waddington East"}},{"type":"Polygon","arcs":[[1304,1305,1306,1307,1308]],"id":2339,"properties":{"wd11cd":"E05003316","wd11nm":"Shirebrook North West"}},{"type":"Polygon","arcs":[[1309,-1303,1310,1311,1312,1313,1314]],"id":2341,"properties":{"wd11cd":"E05005617","wd11nm":"Park"}},{"type":"Polygon","arcs":[[1315,1316,1317,1318,-1285,1319,1320,1321]],"id":2347,"properties":{"wd11cd":"E05003303","wd11nm":"Barlborough"}},{"type":"Polygon","arcs":[[1322,1323,1324,-420,1325,-175,-489,-167,1326]],"id":2349,"properties":{"wd11cd":"E05005604","wd11nm":"Withern with Stain"}},{"type":"Polygon","arcs":[[1327,1328,-598,-400,1329,1330]],"id":2354,"properties":{"wd11cd":"E05003286","wd11nm":"Codnor and Waingroves"}},{"type":"Polygon","arcs":[[1331,-197,1332,-459,-445,1333]],"id":2357,"properties":{"wd11cd":"E05005591","wd11nm":"Sibsey"}},{"type":"Polygon","arcs":[[1334,1335,1336,-718,1337,1338]],"id":2450,"properties":{"wd11cd":"E05006513","wd11nm":"Trent"}},{"type":"Polygon","arcs":[[1339,1340,1341,1342,-1165,1343]],"id":2461,"properties":{"wd11cd":"E05006509","wd11nm":"Soar Valley"}},{"type":"Polygon","arcs":[[-715,1344,-722,1345,1346,-859,1347,1348]],"id":2468,"properties":{"wd11cd":"E05006496","wd11nm":"Gamston"}},{"type":"Polygon","arcs":[[1349,-864,1350,1351,1352,1353]],"id":2479,"properties":{"wd11cd":"E05006483","wd11nm":"Southwell East"}},{"type":"Polygon","arcs":[[1354,1355,1356,1357,1358]],"id":2481,"properties":{"wd11cd":"E05006492","wd11nm":"Compton Acres"}},{"type":"Polygon","arcs":[[-244,1359,-869,1360,1361]],"id":2489,"properties":{"wd11cd":"E05006479","wd11nm":"Magnus"}},{"type":"Polygon","arcs":[[1362,-539,1363,1364,1365,1366]],"id":2534,"properties":{"wd11cd":"E05003433","wd11nm":"North Wingfield Central"}},{"type":"Polygon","arcs":[[1367,-1365,1368,1369,1370,1371,-726,-871]],"id":2542,"properties":{"wd11cd":"E05003420","wd11nm":"Clay Cross North"}},{"type":"Polygon","arcs":[[-898,1372,-887,1373]],"id":2550,"properties":{"wd11cd":"E05003416","wd11nm":"Whitfield"}},{"type":"Polygon","arcs":[[-907,-550,1374,1375,-1377,-564]],"id":2552,"properties":{"wd11cd":"E05005717","wd11nm":"Waddingham and Spital"}},{"type":"Polygon","arcs":[[-899,-1374,-886,1377]],"id":2558,"properties":{"wd11cd":"E05003403","wd11nm":"Howard Town"}},{"type":"Polygon","arcs":[[1378,1379,-757,1380,1381,1382,-891,-1384,-1376]],"id":2560,"properties":{"wd11cd":"E05005704","wd11nm":"Hemswell"}},{"type":"Polygon","arcs":[[1384,-910,-558,1385,-567,-736,1386,1387,-752]],"id":2565,"properties":{"wd11cd":"E05003390","wd11nm":"Blackbrook"}},{"type":"Polygon","arcs":[[1388,1389,1390,1391,1392,1393]],"id":2568,"properties":{"wd11cd":"E05005691","wd11nm":"Stamford St John's"}},{"type":"Polygon","arcs":[[1394,1395,1396,1397,-970]],"id":2589,"properties":{"wd11cd":"E05008822","wd11nm":"Willington and Findern"}},{"type":"Polygon","arcs":[[1398,-932,1399,-207,1400,1401,1402,1403,1404,1405,1406,1407,1408,1409,1410,-1397]],"id":2596,"properties":{"wd11cd":"E05008818","wd11nm":"Repton"}},{"type":"Polygon","arcs":[[1411,-1348,-858,1412,1413,1414,1415,1416]],"id":2668,"properties":{"wd11cd":"E05001833","wd11nm":"Dales"}},{"type":"Polygon","arcs":[[1417,1418,1419]],"id":2676,"properties":{"wd11cd":"E05001820","wd11nm":"Uppingham"}},{"type":"Polygon","arcs":[[1420,1421,-825,1422,-232,-956]],"id":2684,"properties":{"wd11cd":"E05001816","wd11nm":"Oakham North West"}},{"type":"Polygon","arcs":[[1423,-836,1424,1425]],"id":2692,"properties":{"wd11cd":"E05001803","wd11nm":"Thurncourt"}},{"type":"Polygon","arcs":[[1426,1427,1428,1429,1430,1431]],"id":2700,"properties":{"wd11cd":"E05001790","wd11nm":"Charnwood"}},{"type":"Polygon","arcs":[[1432,1433,-965,1434,1435,1436,1437]],"id":2708,"properties":{"wd11cd":"E05001786","wd11nm":"Beaumont Leys"}},{"type":"Polygon","arcs":[[1438,1439,1440,1441,-966]],"id":2716,"properties":{"wd11cd":"E05001773","wd11nm":"Chaddesden"}},{"type":"Polygon","arcs":[[1442,1443,1444,1445,1446,1447]],"id":2744,"properties":{"wd11cd":"E05006046","wd11nm":"Salcey"}},{"type":"Polygon","arcs":[[1448,1449,-13]],"id":2751,"properties":{"wd11cd":"E05006042","wd11nm":"Kingthorn"}},{"type":"Polygon","arcs":[[-1066,-980,1450,-1447,1451,1452,-11,1453]],"id":2758,"properties":{"wd11cd":"E05006029","wd11nm":"Blisworth and Roade"}},{"type":"Polygon","arcs":[[1454,1455,-990,1456,1457]],"id":2765,"properties":{"wd11cd":"E05005992","wd11nm":"Desborough Loatland"}},{"type":"Polygon","arcs":[[-50,1458,-24,1459,1460,1461,-667]],"id":2768,"properties":{"wd11cd":"E05008892","wd11nm":"Yeoman Hill"}},{"type":"Polygon","arcs":[[1462,-1000,1463,1464,-1247]],"id":2772,"properties":{"wd11cd":"E05005987","wd11nm":"All Saints"}},{"type":"Polygon","arcs":[[-1460,-29,1465,-74,-59,1466]],"id":2775,"properties":{"wd11cd":"E05008888","wd11nm":"Sherwood"}},{"type":"Polygon","arcs":[[1467,-1034,-47,1468,1469,1470]],"id":2779,"properties":{"wd11cd":"E05005974","wd11nm":"Oundle"}},{"type":"Polygon","arcs":[[1471,1472,1473,1474,1475,1476]],"id":2783,"properties":{"wd11cd":"E05008875","wd11nm":"Meden"}},{"type":"Polygon","arcs":[[1477,-104,1478,-685,-117,-1080]],"id":2786,"properties":{"wd11cd":"E05005961","wd11nm":"Welford"}},{"type":"Polygon","arcs":[[-49,1479,1480,1481,1482,-25,-1459]],"id":2789,"properties":{"wd11cd":"E05008862","wd11nm":"Carr Bank"}},{"type":"Polygon","arcs":[[1483,1484,1485,1486]],"id":2793,"properties":{"wd11cd":"E05005957","wd11nm":"Ravensthorpe"}},{"type":"Polygon","arcs":[[1487,1488,1489,1490,1491,1492,-1021]],"id":2796,"properties":{"wd11cd":"E05008858","wd11nm":"Berry Hill"}},{"type":"Polygon","arcs":[[-803,1493,1494]],"id":2804,"properties":{"wd11cd":"E05005456","wd11nm":"Broughton Astley-Astley"}},{"type":"Polygon","arcs":[[-223,-235,-1077,1495,1496,1497,1498,1499,1500,1501,1502,1503,1504]],"id":2812,"properties":{"wd11cd":"E05005443","wd11nm":"Queniborough"}},{"type":"Polygon","arcs":[[-1504,1505]],"id":2820,"properties":{"wd11cd":"E05005430","wd11nm":"East Goscote"}},{"type":"Polygon","arcs":[[-1437,1506,-142,-793,1507,1508]],"id":2828,"properties":{"wd11cd":"E05005426","wd11nm":"Anstey"}},{"type":"Polygon","arcs":[[-134,1509,1510,1511,1512,1513,1514,-1100,1515,1516]],"id":2836,"properties":{"wd11cd":"E05005413","wd11nm":"Enderby and St John's"}},{"type":"Polygon","arcs":[[1517,-996,-1109,1518]],"id":2923,"properties":{"wd11cd":"E05006057","wd11nm":"Earls Barton"}},{"type":"Polygon","arcs":[[-1298,1519,1520,1521,-877]],"id":2928,"properties":{"wd11cd":"E05003280","wd11nm":"Alfreton"}},{"type":"Polygon","arcs":[[-410,-156,1522,-161]],"id":2930,"properties":{"wd11cd":"E05005586","wd11nm":"St Margaret's"}},{"type":"Polygon","arcs":[[-170,1523,-482,1524,1525,1526,1527]],"id":2938,"properties":{"wd11cd":"E05005573","wd11nm":"Ludford"}},{"type":"Polygon","arcs":[[-428,-163,1528,-171,-1528,1529,1530,-1118]],"id":2946,"properties":{"wd11cd":"E05005560","wd11nm":"Binbrook"}},{"type":"Polygon","arcs":[[1531,1532,-453,1533,-187,1534]],"id":2954,"properties":{"wd11cd":"E05005556","wd11nm":"West"}},{"type":"Polygon","arcs":[[1535,1536,1537,-1535,-186,-464]],"id":2962,"properties":{"wd11cd":"E05005543","wd11nm":"Fenside"}},{"type":"Polygon","arcs":[[1538,-639,-634]],"id":2970,"properties":{"wd11cd":"E05005530","wd11nm":"Whitwick"}},{"type":"Polygon","arcs":[[1539,1540,-1163,1541,1542,1543,-219,-204]],"id":2978,"properties":{"wd11cd":"E05005526","wd11nm":"Ravenstone and Packington"}},{"type":"Polygon","arcs":[[-221,1544,-1401,-206]],"id":2986,"properties":{"wd11cd":"E05005513","wd11nm":"Ashby Holywell"}},{"type":"Polygon","arcs":[[1545,1546,1547,1548,1549,1550,1551]],"id":2994,"properties":{"wd11cd":"E05005500","wd11nm":"Long Clawson and Stathern"}},{"type":"Polygon","arcs":[[-766,-915,1552,1553,-1552,1554,1555]],"id":3002,"properties":{"wd11cd":"E05005496","wd11nm":"Bottesford"}},{"type":"Polygon","arcs":[[1556,-866,-1360,-243]],"id":3010,"properties":{"wd11cd":"E05006465","wd11nm":"Balderton West"}},{"type":"Polygon","arcs":[[-1183,1557,1558,-254,1559,1560]],"id":3017,"properties":{"wd11cd":"E05006442","wd11nm":"Valley"}},{"type":"Polygon","arcs":[[-249,1561,1562,1563,-1186]],"id":3024,"properties":{"wd11cd":"E05006429","wd11nm":"Daybrook"}},{"type":"Polygon","arcs":[[1564,-952,1565,1566,1567,1568,1569,1570]],"id":3031,"properties":{"wd11cd":"E05006416","wd11nm":"Nuthall East and Strelley"}},{"type":"Polygon","arcs":[[-1569,1571,1572,1573,1574,-1212,-259,1575]],"id":3038,"properties":{"wd11cd":"E05006412","wd11nm":"Cossall and Kimberley"}},{"type":"Polygon","arcs":[[1576,1577,1578,1579,1580,1581,1582]],"id":3045,"properties":{"wd11cd":"E05006399","wd11nm":"Worksop North West"}},{"type":"Polygon","arcs":[[1583,-1220,1584,1585,1586,1587,1588,1589]],"id":3052,"properties":{"wd11cd":"E05006386","wd11nm":"Everton"}},{"type":"Polygon","arcs":[[1590,-1215,-285,1591,-274,1592,1593]],"id":3059,"properties":{"wd11cd":"E05006382","wd11nm":"East Retford East"}},{"type":"Polygon","arcs":[[1594,-395,1595,1596,1597,-287]],"id":3066,"properties":{"wd11cd":"E05006369","wd11nm":"Kirkby in Ashfield West"}},{"type":"Polygon","arcs":[[1598,-1235,1599,-1170,1600,1601]],"id":3078,"properties":{"wd11cd":"E05003385","wd11nm":"Sawley"}},{"type":"Polygon","arcs":[[1602,1603,1604,1605,1606,1607]],"id":3080,"properties":{"wd11cd":"E05005686","wd11nm":"St Anne's"}},{"type":"Polygon","arcs":[[1608,1609,1610,-294,1611,-928,1612,1613,-1254,-581]],"id":3086,"properties":{"wd11cd":"E05003372","wd11nm":"Draycott"}},{"type":"Polygon","arcs":[[-1605,1614,1615,1616]],"id":3088,"properties":{"wd11cd":"E05005673","wd11nm":"Grantham St John's"}},{"type":"Polygon","arcs":[[-590,1617,1618,1619,1620,1621]],"id":3093,"properties":{"wd11cd":"E05003359","wd11nm":"Masson"}},{"type":"Polygon","arcs":[[1622,-1624,-1625,1625,-1282,1626]],"id":3096,"properties":{"wd11cd":"E05005660","wd11nm":"The Saints"}},{"type":"Polygon","arcs":[[1627,-415,1628]],"id":3099,"properties":{"wd11cd":"E05008522","wd11nm":"Heanor East"}},{"type":"Polygon","arcs":[[1629,1630,1631,1632,-514,1633,-748,1634]],"id":3102,"properties":{"wd11cd":"E05003355","wd11nm":"Hathersage and Eyam"}},{"type":"Polygon","arcs":[[-1272,-618,1635,-349,1636,-611]],"id":3104,"properties":{"wd11cd":"E05005656","wd11nm":"Spalding St Mary's"}},{"type":"Polygon","arcs":[[-1270,-616,-1269,-1638,1638,1639]],"id":3110,"properties":{"wd11cd":"E05003342","wd11nm":"Ashbourne North"}},{"type":"Polygon","arcs":[[-1301,1640,1641,1642,-1291,1643]],"id":3112,"properties":{"wd11cd":"E05005643","wd11nm":"Waddington West"}},{"type":"Polygon","arcs":[[-525,1644,1645,1646,-382,1647]],"id":3117,"properties":{"wd11cd":"E05003329","wd11nm":"Hollingwood and Inkersall"}},{"type":"Polygon","arcs":[[1648,-1294,1649,1650,1651]],"id":3120,"properties":{"wd11cd":"E05005630","wd11nm":"North Hykeham Forum"}},{"type":"Polygon","arcs":[[-1647,1652,1653,-508,1654,1655,-383]],"id":3126,"properties":{"wd11cd":"E05003325","wd11nm":"Brimington South"}},{"type":"Polygon","arcs":[[-543,-1304,-1310,1656,1657,1658,1659]],"id":3128,"properties":{"wd11cd":"E05005626","wd11nm":"Heighington and Washingborough"}},{"type":"Polygon","arcs":[[1660,1661,-63,-1226,-534,1662,1663]],"id":3134,"properties":{"wd11cd":"E05003312","wd11nm":"Pleasley"}},{"type":"Polygon","arcs":[[1664,1665,1666]],"id":3136,"properties":{"wd11cd":"E05005613","wd11nm":"Glebe"}},{"type":"Polygon","arcs":[[-392,1667,1668,1669,1670,-1520,-1297]],"id":3141,"properties":{"wd11cd":"E05003299","wd11nm":"Somercotes"}},{"type":"Polygon","arcs":[[-421,-1325,1671,1672,1673]],"id":3144,"properties":{"wd11cd":"E05005600","wd11nm":"Trusthorpe and Mablethorpe South"}},{"type":"Polygon","arcs":[[1674,1675,1676,-1331,1677,1678,-1670]],"id":3150,"properties":{"wd11cd":"E05003293","wd11nm":"Ironville and Riddings"}},{"type":"Polygon","arcs":[[-176,-1326,-419,1679]],"id":3152,"properties":{"wd11cd":"E05005596","wd11nm":"Sutton on Sea South"}},{"type":"Polygon","arcs":[[1680,1681,1682,-853]],"id":3202,"properties":{"wd11cd":"E05006505","wd11nm":"Musters"}},{"type":"Polygon","arcs":[[-1340,1683,1684]],"id":3209,"properties":{"wd11cd":"E05006501","wd11nm":"Leake"}},{"type":"Polygon","arcs":[[1685,-1244,-246,1686,-1182,1687,1688]],"id":3216,"properties":{"wd11cd":"E05006488","wd11nm":"Winthorpe"}},{"type":"Polygon","arcs":[[1689,1690,-1473,1691]],"id":3223,"properties":{"wd11cd":"E05006475","wd11nm":"Edwinstowe"}},{"type":"Polygon","arcs":[[1692,-1367,1693,-364,1694]],"id":3267,"properties":{"wd11cd":"E05003429","wd11nm":"Grassmoor"}},{"type":"Polygon","arcs":[[1695,-884,-873,1696,1697,-1699]],"id":3276,"properties":{"wd11cd":"E05003425","wd11nm":"Dronfield Woodhouse"}},{"type":"Polygon","arcs":[[1699,1700,-762,-555]],"id":3283,"properties":{"wd11cd":"E05003412","wd11nm":"Stone Bench"}},{"type":"Polygon","arcs":[[1701,-746,1702,1703]],"id":3286,"properties":{"wd11cd":"E05005713","wd11nm":"Stow"}},{"type":"Polygon","arcs":[[1704,1705,1706,1707]],"id":3291,"properties":{"wd11cd":"E05003399","wd11nm":"Hadfield North"}},{"type":"Polygon","arcs":[[1708,1709,-544,-1660,1710,1711,-902,1712]],"id":3294,"properties":{"wd11cd":"E05005700","wd11nm":"Fiskerton"}},{"type":"Polygon","arcs":[[-764,1713,1714,-568,-1386,-557]],"id":3300,"properties":{"wd11cd":"E05003395","wd11nm":"Corbar"}},{"type":"Polygon","arcs":[[1715,-480,-379,-545,-1710]],"id":3302,"properties":{"wd11cd":"E05005696","wd11nm":"Bardney"}},{"type":"Polygon","arcs":[[1716,-1049,1717,1718]],"id":3320,"properties":{"wd11cd":"E05005926","wd11nm":"Beanfield"}},{"type":"Polygon","arcs":[[1719,1720,-87,1721,-692]],"id":3324,"properties":{"wd11cd":"E05008827","wd11nm":"Brookside"}},{"type":"Polygon","arcs":[[1722,1723,1724,-1726,1726,1727]],"id":3333,"properties":{"wd11cd":"E05008814","wd11nm":"Linton"}},{"type":"Polygon","arcs":[[1728,-953,-1565,1729,1730,1731]],"id":3385,"properties":{"wd11cd":"E05001829","wd11nm":"Bulwell"}},{"type":"Polygon","arcs":[[-1415,1732,-811,1733]],"id":3390,"properties":{"wd11cd":"E05001838","wd11nm":"St Ann's"}},{"type":"Polygon","arcs":[[1734,-815,1735,-949,1736]],"id":3401,"properties":{"wd11cd":"E05001825","wd11nm":"Berridge"}},{"type":"Polygon","arcs":[[1737,1738,1739,1740,-1418,1741,1742]],"id":3409,"properties":{"wd11cd":"E05001812","wd11nm":"Lyddington"}},{"type":"Polygon","arcs":[[-964,-830,1743,-1101,-138,1744,-1435]],"id":3417,"properties":{"wd11cd":"E05001799","wd11nm":"New Parks"}},{"type":"Polygon","arcs":[[-819,1745,1746,1747,-823,1748,1749,-1421,-958,1750,-959]],"id":3422,"properties":{"wd11cd":"E05001808","wd11nm":"Exton"}},{"type":"Polygon","arcs":[[1751,1752,1753,1754,1755]],"id":3433,"properties":{"wd11cd":"E05001795","wd11nm":"Freemen"}},{"type":"Polygon","arcs":[[1756,1757,-934,1758,1759,1760,1761,1762]],"id":3441,"properties":{"wd11cd":"E05001782","wd11nm":"Sinfin"}},{"type":"Polygon","arcs":[[-1441,1763,-937,1764,-1763,1765,1766]],"id":3451,"properties":{"wd11cd":"E05001769","wd11nm":"Alvaston"}},{"type":"Polygon","arcs":[[1767,1768,1769,-973,1770,1771]],"id":3453,"properties":{"wd11cd":"E05001778","wd11nm":"Mackworth"}},{"type":"Polygon","arcs":[[-1453,1772,-978,1773,1774,-1449,-12]],"id":3460,"properties":{"wd11cd":"E05006051","wd11nm":"Towcester Mill"}},{"type":"Polygon","arcs":[[-780,-994,1775,1776,-1448,-1451,-979,-1065]],"id":3467,"properties":{"wd11cd":"E05006038","wd11nm":"Hackleton"}},{"type":"Polygon","arcs":[[1777,1778,1779,1780,-1251,1781,1782,-1458,1783,1784,1785,1786]],"id":3480,"properties":{"wd11cd":"E05006002","wd11nm":"Welland"}},{"type":"Polygon","arcs":[[-1250,1787,-982,-1456,1788,-1782]],"id":3491,"properties":{"wd11cd":"E05005998","wd11nm":"Rothwell"}},{"type":"Polygon","arcs":[[1789,-1791,1791,1792,1793,1794,-31,-673]],"id":3498,"properties":{"wd11cd":"E05005983","wd11nm":"Stanwick"}},{"type":"Polygon","arcs":[[1795,-40,1796,1797,1798,-26,-1483]],"id":3505,"properties":{"wd11cd":"E05008884","wd11nm":"Portland"}},{"type":"Polygon","arcs":[[-1795,1799,-1015,1800,-32]],"id":3511,"properties":{"wd11cd":"E05005970","wd11nm":"Irthlingborough Waterloo"}},{"type":"Polygon","arcs":[[-1023,1801,1802,1803,-676,-1027]],"id":3515,"properties":{"wd11cd":"E05008871","wd11nm":"Ling Forest"}},{"type":"Polygon","arcs":[[-1392,1804,1805,1806,1807,-1739,1808]],"id":3522,"properties":{"wd11cd":"E05005966","wd11nm":"Fineshade"}},{"type":"Polygon","arcs":[[1809,1810,-1492,1811,-38,1812]],"id":3526,"properties":{"wd11cd":"E05008867","wd11nm":"Kings Walk"}},{"type":"Polygon","arcs":[[1813,1814,1815,-57,-77,1816,-770,1817]],"id":3529,"properties":{"wd11cd":"E05005953","wd11nm":"Flore"}},{"type":"Polygon","arcs":[[1818,1819,1820,1821,1822,1823]],"id":3532,"properties":{"wd11cd":"E05008854","wd11nm":"Upton"}},{"type":"Polygon","arcs":[[1824,-1469,-46,1825,1826,1827,1828,1829,-1740,-1808]],"id":3536,"properties":{"wd11cd":"E05005940","wd11nm":"Weldon and Gretton"}},{"type":"Polygon","arcs":[[-68,-918,-97,1830,1831,1832,1833]],"id":3538,"properties":{"wd11cd":"E05008841","wd11nm":"Parklands"}},{"type":"Polygon","arcs":[[-1829,1834,1835,-1718,-1048,1836,-1779,1837]],"id":3543,"properties":{"wd11cd":"E05005936","wd11nm":"Rural West"}},{"type":"Polygon","arcs":[[1838,1839,-1824,1840,1841]],"id":3545,"properties":{"wd11cd":"E05008837","wd11nm":"New Duston"}},{"type":"Polygon","arcs":[[-845,1842,1843,-649,-849]],"id":3550,"properties":{"wd11cd":"E05005482","wd11nm":"Burbage St Catherines and Lash Hill"}},{"type":"Polygon","arcs":[[1844,-1786,1845,1846,-1078,1847]],"id":3561,"properties":{"wd11cd":"E05005469","wd11nm":"Market Harborough-Great Bowden and Arden"}},{"type":"Polygon","arcs":[[-801,-114,1848,1849,1850,-842,-807]],"id":3564,"properties":{"wd11cd":"E05005478","wd11nm":"Ullesthorpe"}},{"type":"Polygon","arcs":[[1851,1852,-1849,-113]],"id":3574,"properties":{"wd11cd":"E05005465","wd11nm":"Lutterworth Brookfield"}},{"type":"Polygon","arcs":[[-1499,1853,-126,1854,1855]],"id":3582,"properties":{"wd11cd":"E05005452","wd11nm":"Thurmaston"}},{"type":"Polygon","arcs":[[1856,1857,-127,1858,1859]],"id":3594,"properties":{"wd11cd":"E05005439","wd11nm":"Loughborough Shelthorpe"}},{"type":"Polygon","arcs":[[1860,1861,1862]],"id":3595,"properties":{"wd11cd":"E05005448","wd11nm":"Sileby"}},{"type":"Polygon","arcs":[[1863,-1860,1864,1865,-1088]],"id":3606,"properties":{"wd11cd":"E05005435","wd11nm":"Loughborough Hastings"}},{"type":"Polygon","arcs":[[1866,-1511,1867,-132,1868]],"id":3614,"properties":{"wd11cd":"E05005422","wd11nm":"Ravenhurst and Fosse"}},{"type":"Polygon","arcs":[[-144,1869,1870,-805,1871,-107,-848,1872,1873]],"id":3626,"properties":{"wd11cd":"E05005409","wd11nm":"Cosby with South Whetstone"}},{"type":"Polygon","arcs":[[1874,-1873,-847,1875,-1098,-1515]],"id":3627,"properties":{"wd11cd":"E05005418","wd11nm":"Narborough and Littlethorpe"}},{"type":"Polygon","arcs":[[-1877,1877,-991,-1518,1878,1879]],"id":3704,"properties":{"wd11cd":"E05006069","wd11nm":"Wollaston"}},{"type":"Polygon","arcs":[[1880,-659,1881,-472,1882]],"id":3711,"properties":{"wd11cd":"E05006064","wd11nm":"Redwell East"}},{"type":"Polygon","arcs":[[1883,1884,-152,-409]],"id":3718,"properties":{"wd11cd":"E05005582","wd11nm":"Priory"}},{"type":"Polygon","arcs":[[1885,1886,-1153,1887]],"id":3739,"properties":{"wd11cd":"E05005535","wd11nm":"Oadby Woodlands"}},{"type":"Polygon","arcs":[[1888,1889,-1093,1890,-1166,-1343]],"id":3747,"properties":{"wd11cd":"E05005522","wd11nm":"Kegworth and Whatton"}},{"type":"Polygon","arcs":[[1891,-1175,1892,1893,-1547,1894]],"id":3758,"properties":{"wd11cd":"E05005509","wd11nm":"Waltham-on-the-Wolds"}},{"type":"Polygon","arcs":[[-1539,-633,-644,1895,1896,-640]],"id":3761,"properties":{"wd11cd":"E05005518","wd11nm":"Coalville"}},{"type":"Polygon","arcs":[[-1893,-1174,1897,-237,1898]],"id":3771,"properties":{"wd11cd":"E05005505","wd11nm":"Melton Sysonby"}},{"type":"Polygon","arcs":[[-1105,1899,-101,-1072,1900,1901,1902,1903]],"id":3779,"properties":{"wd11cd":"E05005492","wd11nm":"Newbold Verdon with Desford and Peckleton"}},{"type":"Polygon","arcs":[[-1180,1904,-1361,-868,1905,1906]],"id":3797,"properties":{"wd11cd":"E05006470","wd11nm":"Castle"}},{"type":"Polygon","arcs":[[1907,-1560,-257,1908,1909,1910]],"id":3805,"properties":{"wd11cd":"E05006438","wd11nm":"Porchester"}},{"type":"Polygon","arcs":[[1911,-1338,-717,1912,1913,-1191]],"id":3817,"properties":{"wd11cd":"E05006425","wd11nm":"Burton Joyce and Stoke Bardolph"}},{"type":"Polygon","arcs":[[-269,1914,-1238,1915,-290,-1197,1916,1917]],"id":3828,"properties":{"wd11cd":"E05006421","wd11nm":"Toton and Chilwell Meadows"}},{"type":"Polygon","arcs":[[-943,1918,-1204,1919,-270,-1918,1920,1921,1922,1923]],"id":3835,"properties":{"wd11cd":"E05006408","wd11nm":"Bramcote"}},{"type":"Polygon","arcs":[[-282,1924,1925,1926,1927,1928,1929,1930,1931]],"id":3848,"properties":{"wd11cd":"E05006395","wd11nm":"Welbeck"}},{"type":"Polygon","arcs":[[1932,1933,1934,1935,-1586]],"id":3859,"properties":{"wd11cd":"E05006391","wd11nm":"Ranskill"}},{"type":"Polygon","arcs":[[-1587,-1936,1936,1937,1938,1939,1940]],"id":3866,"properties":{"wd11cd":"E05006378","wd11nm":"Blyth"}},{"type":"Polygon","arcs":[[-1224,1941,1942,-1730,-1571,1943,-266,1944,1945,1946]],"id":3873,"properties":{"wd11cd":"E05006365","wd11nm":"Hucknall West"}},{"type":"Polygon","arcs":[[-1613,-939,1947,1948]],"id":3885,"properties":{"wd11cd":"E05003381","wd11nm":"Ockbrook And Borrowash"}},{"type":"Polygon","arcs":[[-331,-1950,1950,1951,-622]],"id":3887,"properties":{"wd11cd":"E05005682","wd11nm":"Market and West Deeping"}},{"type":"Polygon","arcs":[[-44,-34,-23,1952,1953,1954,-1252,-1781,1955,-786,1956,1957]],"id":3892,"properties":{"wd11cd":"E05008550","wd11nm":"Queen Eleanor and Buccleuch"}},{"type":"Polygon","arcs":[[-303,1958,-1601,-1169,-929,-1612,-293]],"id":3893,"properties":{"wd11cd":"E05003368","wd11nm":"Breaston"}},{"type":"Polygon","arcs":[[1959,1960,1961,1962,-1439,-968,1963,1964,1965,-334,-601]],"id":3896,"properties":{"wd11cd":"E05003377","wd11nm":"Little Eaton and Breadsall"}},{"type":"Polygon","arcs":[[1966,-1616,1967,-1263,-585]],"id":3898,"properties":{"wd11cd":"E05005669","wd11nm":"Earlesfield"}},{"type":"Polygon","arcs":[[1968,-577,1969,1970,-816,1971,-306]],"id":3900,"properties":{"wd11cd":"E05005678","wd11nm":"Hillsides"}},{"type":"Polygon","arcs":[[-315,-338,-553,-750,1972]],"id":3908,"properties":{"wd11cd":"E05003364","wd11nm":"Tideswell"}},{"type":"Polygon","arcs":[[1973,1974,-1603,1975,1976]],"id":3911,"properties":{"wd11cd":"E05005665","wd11nm":"Belmont"}},{"type":"Polygon","arcs":[[1977,-1318,1978]],"id":3920,"properties":{"wd11cd":"E05003308","wd11nm":"Clowne North"}},{"type":"Polygon","arcs":[[1979,1980,1981,1982,-1661,1983,-1307]],"id":3923,"properties":{"wd11cd":"E05003317","wd11nm":"Shirebrook South East"}},{"type":"Polygon","arcs":[[-1313,1984,1985,-411,1986,1987]],"id":3925,"properties":{"wd11cd":"E05005609","wd11nm":"Boultham"}},{"type":"Polygon","arcs":[[1988,1989,1990,-1256,1991,-375]],"id":3927,"properties":{"wd11cd":"E05005618","wd11nm":"Ashby de la Launde and Cranwell"}},{"type":"Polygon","arcs":[[-1232,1992,1993,-1299,-875,-536]],"id":3934,"properties":{"wd11cd":"E05003304","wd11nm":"Blackwell"}},{"type":"Polygon","arcs":[[-1123,1994,1995,-478]],"id":3937,"properties":{"wd11cd":"E05005605","wd11nm":"Woodhall Spa"}},{"type":"Polygon","arcs":[[-879,1996,1997,1998,1999]],"id":3943,"properties":{"wd11cd":"E05003287","wd11nm":"Crich"}},{"type":"Polygon","arcs":[[2000,-1327,-166,2001,2002,2003]],"id":3945,"properties":{"wd11cd":"E05005592","wd11nm":"Skidbrooke with Saltfleet Haven"}},{"type":"Polygon","arcs":[[2004,-854,-1683,2005,-1355,2006,-1413,-857]],"id":4014,"properties":{"wd11cd":"E05006514","wd11nm":"Trent Bridge"}},{"type":"Polygon","arcs":[[-709,2007,2008,-706,-1090,2009,2010,-1341,-1685,2011,2012]],"id":4025,"properties":{"wd11cd":"E05006510","wd11nm":"Stanford"}},{"type":"Polygon","arcs":[[2013,-2012,-1684,-1344,-1164,-1600,-1234,2014,2015]],"id":4032,"properties":{"wd11cd":"E05006497","wd11nm":"Gotham"}},{"type":"Polygon","arcs":[[2016,2017,-1352]],"id":4039,"properties":{"wd11cd":"E05006484","wd11nm":"Southwell North"}},{"type":"Polygon","arcs":[[-1688,-1181,-1907,2018,-865,-1350,2019,2020,2021]],"id":4046,"properties":{"wd11cd":"E05006480","wd11nm":"Muskham"}},{"type":"Polygon","arcs":[[2022,-406,2023,2024,-1695,-363,2025,-1653,-1646]],"id":4091,"properties":{"wd11cd":"E05003438","wd11nm":"Sutton"}},{"type":"Polygon","arcs":[[-538,-881,2026,-1371,2027,-1369,-1364]],"id":4106,"properties":{"wd11cd":"E05003434","wd11nm":"Pilsley and Morton"}},{"type":"Polygon","arcs":[[-1370,-2028]],"id":4115,"properties":{"wd11cd":"E05003421","wd11nm":"Clay Cross South"}},{"type":"Polygon","arcs":[[2028,2029,-1705,2030,2031]],"id":4124,"properties":{"wd11cd":"E05003408","wd11nm":"Padfield"}},{"type":"Polygon","arcs":[[-727,-1372,-2027,-880,-2000,2032,2033,-592,-494,2034]],"id":4126,"properties":{"wd11cd":"E05003417","wd11nm":"Ashover"}},{"type":"Polygon","arcs":[[2035,2036,-1658,2037,-1667,2038,2039,2040,-548,-904]],"id":4128,"properties":{"wd11cd":"E05005709","wd11nm":"Nettleham"}},{"type":"Polygon","arcs":[[2041,2042,2043,2044,-1404]],"id":4153,"properties":{"wd11cd":"E05008823","wd11nm":"Woodville"}},{"type":"Polygon","arcs":[[-2043,2045,2046,-1724,2047,2048]],"id":4165,"properties":{"wd11cd":"E05008810","wd11nm":"Church Gresley"}},{"type":"Polygon","arcs":[[-2047,2049,-217,2050,2051,-2053,-1725]],"id":4169,"properties":{"wd11cd":"E05008819","wd11nm":"Seales"}},{"type":"Polygon","arcs":[[-960,-1751,-957,-230,2053]],"id":4228,"properties":{"wd11cd":"E05001821","wd11nm":"Whissendine"}},{"type":"Polygon","arcs":[[-826,2054,-1749]],"id":4236,"properties":{"wd11cd":"E05001817","wd11nm":"Oakham South East"}},{"type":"Polygon","arcs":[[2055,-1755,2056,2057,-828,-963]],"id":4243,"properties":{"wd11cd":"E05001804","wd11nm":"Westcotes"}},{"type":"Polygon","arcs":[[2058,-1425,-835,2059,-1428]],"id":4251,"properties":{"wd11cd":"E05001791","wd11nm":"Coleman"}},{"type":"Polygon","arcs":[[-1431,2060,2061,2062]],"id":4261,"properties":{"wd11cd":"E05001787","wd11nm":"Belgrave"}},{"type":"Polygon","arcs":[[-935,-1758,2063]],"id":4268,"properties":{"wd11cd":"E05001774","wd11nm":"Chellaston"}},{"type":"Polygon","arcs":[[2064,2065,2066,2067,-1774,-977]],"id":4326,"properties":{"wd11cd":"E05006047","wd11nm":"Silverstone"}},{"type":"Polygon","arcs":[[2068,2069,-5,2070,2071,-1445]],"id":4336,"properties":{"wd11cd":"E05006034","wd11nm":"Cosgrove and Grafton"}},{"type":"Polygon","arcs":[[2072,2073,-2075,-2076,2076,2077,-2079,-6,2079,2080]],"id":4339,"properties":{"wd11cd":"E05006043","wd11nm":"Little Brook"}},{"type":"Polygon","arcs":[[2081,2082,-2073,2083,2084,2085]],"id":4347,"properties":{"wd11cd":"E05006030","wd11nm":"Brackley East"}},{"type":"Polygon","arcs":[[-1789,-1455,-1783]],"id":4354,"properties":{"wd11cd":"E05005993","wd11nm":"Desborough St Giles"}},{"type":"Polygon","arcs":[[2086,-1019,-663,2087,-1003,2088]],"id":4364,"properties":{"wd11cd":"E05005979","wd11nm":"Rushden Hayden"}},{"type":"Polygon","arcs":[[2089,-1001,-1463,-1246,-1955]],"id":4367,"properties":{"wd11cd":"E05005988","wd11nm":"Avondale Grange"}},{"type":"Polygon","arcs":[[-1812,-1491,2090,2091,-1797,-39]],"id":4369,"properties":{"wd11cd":"E05008880","wd11nm":"Oakham"}},{"type":"Polygon","arcs":[[-1476,2092,2093,2094,2095,-1927,2096]],"id":4371,"properties":{"wd11cd":"E05008889","wd11nm":"Warsop Carrs"}},{"type":"Polygon","arcs":[[2097,2098,-1471,2099,2100]],"id":4375,"properties":{"wd11cd":"E05005975","wd11nm":"Prebendal"}},{"type":"Polygon","arcs":[[-1477,-2097,-1926,2101]],"id":4379,"properties":{"wd11cd":"E05008876","wd11nm":"Netherfield"}},{"type":"Polygon","arcs":[[2102,-1486,2103,-687,-681,2104]],"id":4382,"properties":{"wd11cd":"E05005962","wd11nm":"West Haddon and Guilsborough"}},{"type":"Polygon","arcs":[[-1022,-1493,-1811,2105,-1802]],"id":4385,"properties":{"wd11cd":"E05008863","wd11nm":"Eakring"}},{"type":"Polygon","arcs":[[-55,2106,2107,-2109,-78]],"id":4392,"properties":{"wd11cd":"E05005949","wd11nm":"Byfield"}},{"type":"Polygon","arcs":[[-1053,2109,-1487,-2103,2110]],"id":4395,"properties":{"wd11cd":"E05005958","wd11nm":"Spratton"}},{"type":"Polygon","arcs":[[2111,2112,2113,2114]],"id":4397,"properties":{"wd11cd":"E05008850","wd11nm":"Spring Park"}},{"type":"Polygon","arcs":[[2115,2116,-1227,-1009]],"id":4399,"properties":{"wd11cd":"E05008859","wd11nm":"Brick Kiln"}},{"type":"Polygon","arcs":[[-1834,2117,-2115,2118,2119,-1051,-69]],"id":4403,"properties":{"wd11cd":"E05005945","wd11nm":"Boughton and Pitsford"}},{"type":"Polygon","arcs":[[-1832,2120,-1040,2121,2122,2123]],"id":4407,"properties":{"wd11cd":"E05008846","wd11nm":"St David's"}},{"type":"Polygon","arcs":[[-90,2124,-788,2125,-1046,-1717,2126]],"id":4410,"properties":{"wd11cd":"E05005932","wd11nm":"Kingswood"}},{"type":"Polygon","arcs":[[2127,-1060,2128,-1839,2129]],"id":4412,"properties":{"wd11cd":"E05008833","wd11nm":"Kings Heath"}},{"type":"Polygon","arcs":[[-650,-1844,2130,2131,2132]],"id":4417,"properties":{"wd11cd":"E05005487","wd11nm":"Hinckley Castle"}},{"type":"Polygon","arcs":[[-1419,-1741,-1830,-1838,-1778,2133,-1074,2134]],"id":4425,"properties":{"wd11cd":"E05005474","wd11nm":"Nevill"}},{"type":"Polygon","arcs":[[2135,-1082,2136,2137,2138]],"id":4433,"properties":{"wd11cd":"E05005461","wd11nm":"Fleckney"}},{"type":"Polygon","arcs":[[-804,-1495,2139,-108,-1872]],"id":4441,"properties":{"wd11cd":"E05005457","wd11nm":"Broughton Astley-Broughton"}},{"type":"Polygon","arcs":[[-122,2140,2141,-1857,-1864,2142]],"id":4449,"properties":{"wd11cd":"E05005444","wd11nm":"Quorn and Mountsorrel Castle"}},{"type":"Polygon","arcs":[[-2142,2143,-1508,-796,-1176,-630,-128,-1858]],"id":4457,"properties":{"wd11cd":"E05005431","wd11nm":"Forest Bradgate"}},{"type":"Polygon","arcs":[[2144,-1862,2145,-123,-2143,-1087]],"id":4465,"properties":{"wd11cd":"E05005427","wd11nm":"Barrow and Sileby West"}},{"type":"Polygon","arcs":[[-1436,-1745,-137,-1507]],"id":4473,"properties":{"wd11cd":"E05005414","wd11nm":"Fairestone"}},{"type":"Polygon","arcs":[[-1801,-1014,2146,2147,-1114,-19,-33]],"id":4611,"properties":{"wd11cd":"E05006058","wd11nm":"Finedon"}},{"type":"Polygon","arcs":[[-1999,2148,2149,2150,-337,2151,-605,2152,-1619,2153,-2033]],"id":4616,"properties":{"wd11cd":"E05003281","wd11nm":"Alport"}},{"type":"Polygon","arcs":[[2154,-158,-153,-1885]],"id":4618,"properties":{"wd11cd":"E05005587","wd11nm":"St Mary's"}},{"type":"Polygon","arcs":[[2155,-1672,-1324,2156]],"id":4626,"properties":{"wd11cd":"E05005574","wd11nm":"Mablethorpe Central"}},{"type":"Polygon","arcs":[[2157,2158,2159,-1133,2160]],"id":4634,"properties":{"wd11cd":"E05005561","wd11nm":"Burgh le Marsh"}},{"type":"Polygon","arcs":[[2161,2162,2163,-1536,-463]],"id":4642,"properties":{"wd11cd":"E05005557","wd11nm":"Witham"}},{"type":"MultiPolygon","arcs":[[[2164,-1137,-460,-1333,-196]],[[-199,2165,2166,2167]]],"id":4650,"properties":{"wd11cd":"E05005544","wd11nm":"Fishtoft"}},{"type":"Polygon","arcs":[[-1887,2168,-454,2169,2170,-1154]],"id":4658,"properties":{"wd11cd":"E05005531","wd11nm":"Oadby Brocks Hill"}},{"type":"Polygon","arcs":[[2171,-1540,-203,-641,-1897]],"id":4666,"properties":{"wd11cd":"E05005527","wd11nm":"Snibston"}},{"type":"Polygon","arcs":[[-1545,-220,-1544,2172,-214,2173,-1402]],"id":4674,"properties":{"wd11cd":"E05005514","wd11nm":"Ashby Ivanhoe"}},{"type":"Polygon","arcs":[[2174,-228,2175,2176,-1172]],"id":4682,"properties":{"wd11cd":"E05005501","wd11nm":"Melton Craven"}},{"type":"Polygon","arcs":[[2177,2178,2179,-1895,-1546,-1554]],"id":4690,"properties":{"wd11cd":"E05005497","wd11nm":"Croxton Kerrial"}},{"type":"Polygon","arcs":[[-245,-1362,-1905,-1179,-1687]],"id":4728,"properties":{"wd11cd":"E05006466","wd11nm":"Beacon"}},{"type":"Polygon","arcs":[[-1193,2180,2181,2182,2183]],"id":4739,"properties":{"wd11cd":"E05006434","wd11nm":"Mapperley Plains"}},{"type":"Polygon","arcs":[[-1195,2184,2185,2186]],"id":4741,"properties":{"wd11cd":"E05006443","wd11nm":"Woodborough"}},{"type":"Polygon","arcs":[[-1914,2187,2188,-1558,-1185,2189,-1911,-2181,-1192]],"id":4749,"properties":{"wd11cd":"E05006430","wd11nm":"Gedling"}},{"type":"Polygon","arcs":[[-1944,-1570,-1576,-258]],"id":4756,"properties":{"wd11cd":"E05006417","wd11nm":"Nuthall West and Greasley (Watnall)"}},{"type":"Polygon","arcs":[[-468,2190,-1200,2191,2192]],"id":4766,"properties":{"wd11cd":"E05006404","wd11nm":"Beeston Central"}},{"type":"Polygon","arcs":[[2193,-1945,-265,2194,2195,2196,2197]],"id":4769,"properties":{"wd11cd":"E05006413","wd11nm":"Eastwood North and Greasley (Beauvale)"}},{"type":"Polygon","arcs":[[2198,-1930,2199,2200,-1579]],"id":4777,"properties":{"wd11cd":"E05006400","wd11nm":"Worksop South"}},{"type":"Polygon","arcs":[[-1940,2201]],"id":4784,"properties":{"wd11cd":"E05006387","wd11nm":"Harworth"}},{"type":"Polygon","arcs":[[2202,2203,-1597,2204,-1993,-1231]],"id":4794,"properties":{"wd11cd":"E05006374","wd11nm":"Sutton in Ashfield West"}},{"type":"Polygon","arcs":[[-1593,-277,2205,2206]],"id":4797,"properties":{"wd11cd":"E05006383","wd11nm":"East Retford North"}},{"type":"Polygon","arcs":[[2207,2208,2209,-1668,-391,2210]],"id":4805,"properties":{"wd11cd":"E05006370","wd11nm":"Selston"}},{"type":"Polygon","arcs":[[2211,-1961,2212]],"id":4817,"properties":{"wd11cd":"E05003386","wd11nm":"Stanley"}},{"type":"Polygon","arcs":[[2213,2214,2215,2216]],"id":4819,"properties":{"wd11cd":"E05005687","wd11nm":"St George's"}},{"type":"Polygon","arcs":[[2217,-1651,2218,2219,2220,2221,2222]],"id":4823,"properties":{"wd11cd":"E05005631","wd11nm":"North Hykeham Memorial"}},{"type":"Polygon","arcs":[[-510,2223,-627,-352,2224,2225,2226]],"id":4829,"properties":{"wd11cd":"E05003326","wd11nm":"Brockwell"}},{"type":"Polygon","arcs":[[-193,-389,2227,2228,-515,2229,2230,2231]],"id":4831,"properties":{"wd11cd":"E05005627","wd11nm":"Kirkby la Thorpe and South Kyme"}},{"type":"Polygon","arcs":[[-2096,2232,-1309,2233,-1663,-541,2234,-2024,-405,2235,2236,-1928]],"id":4836,"properties":{"wd11cd":"E05003313","wd11nm":"Scarcliffe"}},{"type":"Polygon","arcs":[[2237,-2223,2238,-412,-1986]],"id":4839,"properties":{"wd11cd":"E05005614","wd11nm":"Hartsholme"}},{"type":"Polygon","arcs":[[-336,2239,-1772,2240,2241,-1278,-606,-2152]],"id":4844,"properties":{"wd11cd":"E05003300","wd11nm":"South West Parishes"}},{"type":"MultiPolygon","arcs":[[[2242,2243,2244,-1129]],[[2245,-1125]],[[-1127,2246]]],"id":4847,"properties":{"wd11cd":"E05005601","wd11nm":"Wainfleet and Friskney"}},{"type":"Polygon","arcs":[[-2196,2247,2248,-1629,-418,2249,-1328,-1677,2250]],"id":4853,"properties":{"wd11cd":"E05003295","wd11nm":"Langley Mill and Aldercar"}},{"type":"Polygon","arcs":[[-488,2251,-1124,-476,-424,-475,-1524,-169]],"id":4855,"properties":{"wd11cd":"E05005597","wd11nm":"Tetford"}},{"type":"Polygon","arcs":[[-1549,2252,-1084,-704,2253,2254]],"id":4949,"properties":{"wd11cd":"E05006506","wd11nm":"Nevile"}},{"type":"Polygon","arcs":[[2255,-2254,-703,-720,-1345,-714]],"id":4959,"properties":{"wd11cd":"E05006493","wd11nm":"Cotgrave"}},{"type":"Polygon","arcs":[[-1682,2256,2257,-1356,-2006]],"id":4962,"properties":{"wd11cd":"E05006502","wd11nm":"Lutterell"}},{"type":"Polygon","arcs":[[-1347,2258,-855,-2005,-856]],"id":4970,"properties":{"wd11cd":"E05006489","wd11nm":"Abbey"}},{"type":"Polygon","arcs":[[-1906,-867,-1557,-242,-1243,-767,-1556,2259,-860,-2019]],"id":4977,"properties":{"wd11cd":"E05006476","wd11nm":"Farndon"}},{"type":"Polygon","arcs":[[-2235,-540,-1363,-1693,-2025]],"id":5021,"properties":{"wd11cd":"E05003430","wd11nm":"Holmewood and Heath"}},{"type":"Polygon","arcs":[[2260,2261,2262,2263,2264]],"id":5030,"properties":{"wd11cd":"E05003426","wd11nm":"Eckington North"}},{"type":"Polygon","arcs":[[-1715,2265,2266,-569]],"id":5037,"properties":{"wd11cd":"E05003413","wd11nm":"Temple"}},{"type":"Polygon","arcs":[[2267,-2036,-903,-1712]],"id":5040,"properties":{"wd11cd":"E05005714","wd11nm":"Sudbrooke"}},{"type":"Polygon","arcs":[[-2030,2268,-889,2269,-897,-2271,-1706]],"id":5045,"properties":{"wd11cd":"E05003400","wd11nm":"Hadfield South"}},{"type":"Polygon","arcs":[[-756,2271,-1381]],"id":5048,"properties":{"wd11cd":"E05005701","wd11nm":"Gainsborough East"}},{"type":"Polygon","arcs":[[-1700,-554,-346,-570,-2267,2272]],"id":5054,"properties":{"wd11cd":"E05003396","wd11nm":"Cote Heath"}},{"type":"Polygon","arcs":[[2273,2274,-561,2275,-2277,-733]],"id":5056,"properties":{"wd11cd":"E05005697","wd11nm":"Caistor"}},{"type":"Polygon","arcs":[[2277,-91,-2127,2278,-1062,2279]],"id":5064,"properties":{"wd11cd":"E05005927","wd11nm":"Central"}},{"type":"Polygon","arcs":[[2280,-783,2281,2282,-700,-1044]],"id":5068,"properties":{"wd11cd":"E05008828","wd11nm":"Castle"}},{"type":"Polygon","arcs":[[-1168,2283,-208,-1400,-931]],"id":5074,"properties":{"wd11cd":"E05008815","wd11nm":"Melbourne"}},{"type":"Polygon","arcs":[[-1188,2284,-954,-1729,2285]],"id":5146,"properties":{"wd11cd":"E05001830","wd11nm":"Bulwell Forest"}},{"type":"Polygon","arcs":[[-1564,2286,-955,-2285,-1187]],"id":5156,"properties":{"wd11cd":"E05001826","wd11nm":"Bestwood"}},{"type":"Polygon","arcs":[[2287,2288,-1743,2289,-1747]],"id":5162,"properties":{"wd11cd":"E05001813","wd11nm":"Martinsthorpe"}},{"type":"Polygon","arcs":[[-1854,-1498,2290,-1432,-2063,2291,-124]],"id":5170,"properties":{"wd11cd":"E05001800","wd11nm":"Rushey Mead"}},{"type":"Polygon","arcs":[[-1497,2292,-1426,-2059,-1427,-2291]],"id":5179,"properties":{"wd11cd":"E05001796","wd11nm":"Humberstone and Hamilton"}},{"type":"Polygon","arcs":[[-1948,-938,-1764,-1440,-1963,2293]],"id":5186,"properties":{"wd11cd":"E05001783","wd11nm":"Spondon"}},{"type":"Polygon","arcs":[[2294,-1766,-1762,2295,2296,2297]],"id":5194,"properties":{"wd11cd":"E05001770","wd11nm":"Arboretum"}},{"type":"Polygon","arcs":[[-1450,-1775,-2068,2298,2299,2300,2301,-14]],"id":5223,"properties":{"wd11cd":"E05006052","wd11nm":"Washington"}},{"type":"Polygon","arcs":[[-1823,2302,2303,-1067,-1454,-10,2304,-1815,2305,-1841]],"id":5230,"properties":{"wd11cd":"E05006039","wd11nm":"Harpole and Grange"}},{"type":"Polygon","arcs":[[2306,2307,2308,-1464,-999]],"id":5237,"properties":{"wd11cd":"E05006003","wd11nm":"William Knibb"}},{"type":"Polygon","arcs":[[-998,2309,-984,2310,-2307]],"id":5244,"properties":{"wd11cd":"E05005999","wd11nm":"St Michael's and Wicksteed"}},{"type":"Polygon","arcs":[[2311,-36,-43,-1033]],"id":5251,"properties":{"wd11cd":"E05005984","wd11nm":"Thrapston Lakes"}},{"type":"Polygon","arcs":[[-2106,-1810,2312,-1481,2313,-1803]],"id":5255,"properties":{"wd11cd":"E05008885","wd11nm":"Racecourse"}},{"type":"Polygon","arcs":[[2314,-2100,-1470,-1825,-1807]],"id":5258,"properties":{"wd11cd":"E05005971","wd11nm":"King's Forest"}},{"type":"Polygon","arcs":[[-1035,-669,2315,2316]],"id":5260,"properties":{"wd11cd":"E05008872","wd11nm":"Manor"}},{"type":"Polygon","arcs":[[-2089,-1002,-1012,2317]],"id":5265,"properties":{"wd11cd":"E05005967","wd11nm":"Higham Ferrers Chichele"}},{"type":"Polygon","arcs":[[-1804,-2314,-1480,-48,-686,-677]],"id":5269,"properties":{"wd11cd":"E05008868","wd11nm":"Kingsway"}},{"type":"Polygon","arcs":[[-1817,-76,-1039,2318,2319,-771]],"id":5272,"properties":{"wd11cd":"E05005954","wd11nm":"Hill"}},{"type":"Polygon","arcs":[[2320,-2303,-1822,2321]],"id":5276,"properties":{"wd11cd":"E05008855","wd11nm":"West Hunsbury"}},{"type":"Polygon","arcs":[[-2320,2322,-1037,-695,-772]],"id":5279,"properties":{"wd11cd":"E05005941","wd11nm":"Abbey North"}},{"type":"Polygon","arcs":[[-791,-1056,2323,-1042,2324,-95]],"id":5281,"properties":{"wd11cd":"E05008842","wd11nm":"Phippsville"}},{"type":"Polygon","arcs":[[2325,-1064,2326,-1835,-1828]],"id":5286,"properties":{"wd11cd":"E05005937","wd11nm":"Shire Lodge"}},{"type":"Polygon","arcs":[[-1833,-2124,2327,-2112,-2118]],"id":5288,"properties":{"wd11cd":"E05008838","wd11nm":"Obelisk"}},{"type":"Polygon","arcs":[[-844,-2329,2329,-2131,-1843]],"id":5293,"properties":{"wd11cd":"E05005483","wd11nm":"Burbage Sketchley and Stretton"}},{"type":"Polygon","arcs":[[2330,-106,2331,-1846,-1785]],"id":5301,"properties":{"wd11cd":"E05005470","wd11nm":"Market Harborough-Little Bowden"}},{"type":"Polygon","arcs":[[2332,-799,-2334,2334,-1850,-1853]],"id":5309,"properties":{"wd11cd":"E05005466","wd11nm":"Lutterworth Orchard"}},{"type":"Polygon","arcs":[[2335,-224,-1505,-1506,-1503,2336,2337,-1863,-2145,-1086]],"id":5317,"properties":{"wd11cd":"E05005453","wd11nm":"Wreake Villages"}},{"type":"Polygon","arcs":[[-1865,-1859,-131,-840,2338,2339,2340]],"id":5325,"properties":{"wd11cd":"E05005440","wd11nm":"Loughborough Southfields"}},{"type":"Polygon","arcs":[[-1089,-1866,-2341,2341,2342,-2010]],"id":5333,"properties":{"wd11cd":"E05005436","wd11nm":"Loughborough Lemyngton"}},{"type":"Polygon","arcs":[[2343,2344,2345,-146,2346,-1513,2347]],"id":5341,"properties":{"wd11cd":"E05005423","wd11nm":"Saxondale"}},{"type":"Polygon","arcs":[[-456,2348,-2138,2349,-1870,-143,-2346,2350,2351]],"id":5349,"properties":{"wd11cd":"E05005410","wd11nm":"Countesthorpe"}},{"type":"Polygon","arcs":[[-2002,-165,-427,2352]],"id":5427,"properties":{"wd11cd":"E05005566","wd11nm":"Grimoldby"}},{"type":"Polygon","arcs":[[2353,-449,-1533,2354]],"id":5435,"properties":{"wd11cd":"E05005553","wd11nm":"Staniland South"}},{"type":"Polygon","arcs":[[2355,-2170,-458,2356,-209,2357]],"id":5443,"properties":{"wd11cd":"E05005540","wd11nm":"Wigston St Wolstan's"}},{"type":"Polygon","arcs":[[2358,-2351,-2345,2359,-211]],"id":5451,"properties":{"wd11cd":"E05005536","wd11nm":"South Wigston"}},{"type":"Polygon","arcs":[[-1543,2360,-215,-2173]],"id":5459,"properties":{"wd11cd":"E05005523","wd11nm":"Measham"}},{"type":"Polygon","arcs":[[2361,-821,-961,-2054,-236,-229,-2175,-1171,-1892,-2180,2362]],"id":5467,"properties":{"wd11cd":"E05005510","wd11nm":"Wymondham"}},{"type":"Polygon","arcs":[[-227,-645,2363,-2176]],"id":5475,"properties":{"wd11cd":"E05005506","wd11nm":"Melton Warwick"}},{"type":"Polygon","arcs":[[-794,-140,-1106,-1904,2364,-1159,-1177]],"id":5483,"properties":{"wd11cd":"E05005493","wd11nm":"Ratby, Bagworth and Thornton"}},{"type":"Polygon","arcs":[[2365,-2020,-1354,2366,2367,2368,2369,-1208]],"id":5491,"properties":{"wd11cd":"E05006471","wd11nm":"Caunton"}},{"type":"Polygon","arcs":[[2370,2371,2372,2373,2374]],"id":5498,"properties":{"wd11cd":"E05006439","wd11nm":"Ravenshead"}},{"type":"Polygon","arcs":[[2375,-2186,2376,-253,2377,-2371,2378,2379]],"id":5505,"properties":{"wd11cd":"E05006426","wd11nm":"Calverton"}},{"type":"Polygon","arcs":[[-1568,2380,-1923,2381,-1609,-580,2382,-1572]],"id":5512,"properties":{"wd11cd":"E05006422","wd11nm":"Trowell"}},{"type":"Polygon","arcs":[[2383,-2197,-2251,-1676,2384]],"id":5519,"properties":{"wd11cd":"E05006409","wd11nm":"Brinsley"}},{"type":"Polygon","arcs":[[2385,-1577,2386,-271,2387,2388]],"id":5526,"properties":{"wd11cd":"E05006396","wd11nm":"Worksop East"}},{"type":"Polygon","arcs":[[2389,-1216,-1591,2390,-1218]],"id":5533,"properties":{"wd11cd":"E05006392","wd11nm":"Sturton"}},{"type":"Polygon","arcs":[[2391,-2388,-273,2392,2393,-2395,2395]],"id":5540,"properties":{"wd11cd":"E05006379","wd11nm":"Carlton"}},{"type":"Polygon","arcs":[[2396,-2385,-1675,-1669,-2210]],"id":5547,"properties":{"wd11cd":"E05006366","wd11nm":"Jacksdale"}},{"type":"Polygon","arcs":[[2397,-1942,-1223]],"id":5554,"properties":{"wd11cd":"E05006362","wd11nm":"Hucknall Central"}},{"type":"Polygon","arcs":[[-2383,-584,2398,2399,-1573]],"id":5559,"properties":{"wd11cd":"E05003382","wd11nm":"Old Park"}},{"type":"Polygon","arcs":[[-1972,-822,-2362,2400,-307]],"id":5561,"properties":{"wd11cd":"E05005683","wd11nm":"Morkery"}},{"type":"Polygon","arcs":[[-1213,-1575,2401,2402,-317,2403,-261]],"id":5566,"properties":{"wd11cd":"E05003369","wd11nm":"Cotmanhay"}},{"type":"Polygon","arcs":[[-532,2404,-1977,2405,2406,2407,-911,-1242,2408]],"id":5569,"properties":{"wd11cd":"E05005670","wd11nm":"Ermine"}},{"type":"Polygon","arcs":[[-1259,-491,-591,-1622,2409,2410,2411]],"id":5575,"properties":{"wd11cd":"E05003365","wd11nm":"Winster and South Darley"}},{"type":"Polygon","arcs":[[-624,-579,2412,-296,-501]],"id":5577,"properties":{"wd11cd":"E05005666","wd11nm":"Bourne East"}},{"type":"Polygon","arcs":[[-2411,2413,-1639,-2415,-2416,-341,2416]],"id":5582,"properties":{"wd11cd":"E05003352","wd11nm":"Dovedale and Parwich"}},{"type":"Polygon","arcs":[[2417,-612,-1637,-348,2418,-497,-1277]],"id":5585,"properties":{"wd11cd":"E05005653","wd11nm":"Spalding Castle"}},{"type":"Polygon","arcs":[[-2026,-367,-372,-625,-2224,-509,-1654]],"id":5590,"properties":{"wd11cd":"E05003339","wd11nm":"St Leonard's"}},{"type":"Polygon","arcs":[[-2229,2419,-380,-358,-516]],"id":5593,"properties":{"wd11cd":"E05005640","wd11nm":"Sleaford Navigation"}},{"type":"Polygon","arcs":[[2420,-1655,-511,-2227,2421,2422]],"id":5599,"properties":{"wd11cd":"E05003335","wd11nm":"Moor"}},{"type":"Polygon","arcs":[[-2231,2423,-1990,2424]],"id":5601,"properties":{"wd11cd":"E05005636","wd11nm":"Ruskington"}},{"type":"Polygon","arcs":[[-2201,2425,2426,-1979,-1317,2427,-1580]],"id":5606,"properties":{"wd11cd":"E05003322","wd11nm":"Whitwell"}},{"type":"Polygon","arcs":[[-1300,-376,-1992,-1258,-1239,2428,-1641]],"id":5609,"properties":{"wd11cd":"E05005623","wd11nm":"Cliff Villages"}},{"type":"Polygon","arcs":[[-2427,2429,2430,-1286,-1319,-1978]],"id":5615,"properties":{"wd11cd":"E05003309","wd11nm":"Clowne South"}},{"type":"Polygon","arcs":[[-1311,-1302,-1644,-1295,-1649,2431]],"id":5617,"properties":{"wd11cd":"E05005610","wd11nm":"Bracebridge"}},{"type":"Polygon","arcs":[[2432,2433,-407,-2023,-1645,-524,-1287,-2431]],"id":5623,"properties":{"wd11cd":"E05003305","wd11nm":"Bolsover North West"}},{"type":"Polygon","arcs":[[-1525,-481,-1716,-1709,2434]],"id":5625,"properties":{"wd11cd":"E05005606","wd11nm":"Wragby"}},{"type":"Polygon","arcs":[[2435,-402,-604,2436,2437,-2149,-1998,2438]],"id":5630,"properties":{"wd11cd":"E05003289","wd11nm":"Heage and Ambergate"}},{"type":"Polygon","arcs":[[2439,-486]],"id":5633,"properties":{"wd11cd":"E05005593","wd11nm":"Spilsby"}},{"type":"Polygon","arcs":[[2440,2441,2442,-1550,-2255,-2256,-713,2443]],"id":5676,"properties":{"wd11cd":"E05006515","wd11nm":"Wiverton"}},{"type":"Polygon","arcs":[[-1555,-1551,-2443,2444,2445,2446,-861,-2260]],"id":5683,"properties":{"wd11cd":"E05006511","wd11nm":"Thoroton"}},{"type":"Polygon","arcs":[[2447,-2008,-708]],"id":5690,"properties":{"wd11cd":"E05006498","wd11nm":"Keyworth North"}},{"type":"Polygon","arcs":[[-2017,-1351,-863,2448,2449]],"id":5697,"properties":{"wd11cd":"E05006485","wd11nm":"Southwell West"}},{"type":"Polygon","arcs":[[-281,2450,-2369,2451,-1692,-1472,-2102,-1925]],"id":5704,"properties":{"wd11cd":"E05006481","wd11nm":"Ollerton"}},{"type":"Polygon","arcs":[[-365,-1694,-1366,-1368,-870]],"id":5740,"properties":{"wd11cd":"E05003439","wd11nm":"Tupton"}},{"type":"Polygon","arcs":[[-1320,-1290,2452,2453]],"id":5749,"properties":{"wd11cd":"E05003435","wd11nm":"Renishaw"}},{"type":"Polygon","arcs":[[2454,2455,-2457,2457]],"id":5756,"properties":{"wd11cd":"E05003422","wd11nm":"Coal Aston"}},{"type":"Polygon","arcs":[[2458,-754,2459,2460,2461,-2463,-2464,-895,-2270,-888,-1373,-901,2464,-2032,2465]],"id":5765,"properties":{"wd11cd":"E05003409","wd11nm":"St John's"}},{"type":"Polygon","arcs":[[2466,-2040,-398,2467,2468,2469,2470,-740,-1702]],"id":5767,"properties":{"wd11cd":"E05005710","wd11nm":"Saxilby"}},{"type":"Polygon","arcs":[[2471,-1387,-735,2472,2473]],"id":5773,"properties":{"wd11cd":"E05003405","wd11nm":"New Mills East"}},{"type":"Polygon","arcs":[[2474,-1703,-745,2475,-758,-1380]],"id":5775,"properties":{"wd11cd":"E05005706","wd11nm":"Lea"}},{"type":"Polygon","arcs":[[-763,-1701,-2273,-2266,-1714]],"id":5781,"properties":{"wd11cd":"E05003392","wd11nm":"Buxton Central"}},{"type":"Polygon","arcs":[[2476,2477,2478,-530]],"id":5783,"properties":{"wd11cd":"E05005693","wd11nm":"Toller"}},{"type":"Polygon","arcs":[[-1055,-784,-2281,-1043,-2324]],"id":5807,"properties":{"wd11cd":"E05008824","wd11nm":"Abington"}},{"type":"Polygon","arcs":[[-2242,2479,-971,-1398,-1411,2480,-2482,-2483,-920,-1279]],"id":5817,"properties":{"wd11cd":"E05008811","wd11nm":"Etwall"}},{"type":"Polygon","arcs":[[2483,2484,2485,-1737,-948,-2287,-1563]],"id":5898,"properties":{"wd11cd":"E05001839","wd11nm":"Sherwood"}},{"type":"Polygon","arcs":[[-1736,-814,-947,2486,-940,2487,2488,-950]],"id":5911,"properties":{"wd11cd":"E05001835","wd11nm":"Leen Valley"}},{"type":"Polygon","arcs":[[-972,-2480,-2241,-1771]],"id":5926,"properties":{"wd11cd":"E05001779","wd11nm":"Mickleover"}},{"type":"Polygon","arcs":[[-2058,2489,-1869,-136,2490,-1102,-1744,-829]],"id":5927,"properties":{"wd11cd":"E05001788","wd11nm":"Braunstone Park and Rowley Fields"}},{"type":"Polygon","arcs":[[2491,-2298,2492,-1769,2493,-1965]],"id":5941,"properties":{"wd11cd":"E05001775","wd11nm":"Darley"}},{"type":"Polygon","arcs":[[2494,-2086,2495,2496,-2080,-9,2497,2498,-2300]],"id":5987,"properties":{"wd11cd":"E05006048","wd11nm":"Steane"}},{"type":"Polygon","arcs":[[-2108,2499,-2301,-2499,2500,2501,-2503,-2504]],"id":5999,"properties":{"wd11cd":"E05006035","wd11nm":"Danvers and Wardoun"}},{"type":"Polygon","arcs":[[-2084,-2081,-2497,2504]],"id":6011,"properties":{"wd11cd":"E05006031","wd11nm":"Brackley South"}},{"type":"Polygon","arcs":[[2505,-997,-2090,-1954]],"id":6018,"properties":{"wd11cd":"E05005994","wd11nm":"Ise Lodge"}},{"type":"Polygon","arcs":[[-2088,-662,-2507,2507,-1004]],"id":6030,"properties":{"wd11cd":"E05005980","wd11nm":"Rushden Pemberton"}},{"type":"Polygon","arcs":[[-2316,-668,-1462,2508,-1982,2509]],"id":6035,"properties":{"wd11cd":"E05008881","wd11nm":"Park Hall"}},{"type":"Polygon","arcs":[[-2511,-1790,-672,2511]],"id":6042,"properties":{"wd11cd":"E05005976","wd11nm":"Raunds Saxon"}},{"type":"Polygon","arcs":[[-2313,-1813,-41,-1796,-1482]],"id":6045,"properties":{"wd11cd":"E05008877","wd11nm":"Newgate"}},{"type":"Polygon","arcs":[[-54,-15,-2302,-2500,-2107]],"id":6049,"properties":{"wd11cd":"E05005963","wd11nm":"Woodford"}},{"type":"Polygon","arcs":[[-1798,-2092,2512,-1228,-2117,2513]],"id":6053,"properties":{"wd11cd":"E05008864","wd11nm":"Grange Farm"}},{"type":"Polygon","arcs":[[-2331,-1784,-1457,-989,-1054,-2111,-2105,-680,-1479,-103]],"id":6056,"properties":{"wd11cd":"E05005950","wd11nm":"Clipston"}},{"type":"Polygon","arcs":[[-2123,2514,-2113,-2328]],"id":6059,"properties":{"wd11cd":"E05008851","wd11nm":"Sunnyside"}},{"type":"Polygon","arcs":[[-1052,-2120,2515,-2130,-1842,-2306,-1814,2516,-1484,-2110]],"id":6063,"properties":{"wd11cd":"E05005946","wd11nm":"Brampton"}},{"type":"Polygon","arcs":[[-2283,2517,-1820,2518,-1058]],"id":6066,"properties":{"wd11cd":"E05008847","wd11nm":"St James"}},{"type":"Polygon","arcs":[[-1063,-2279,-1719,-1836,-2327]],"id":6070,"properties":{"wd11cd":"E05005933","wd11nm":"Lodge Park"}},{"type":"Polygon","arcs":[[-96,-2325,-1041,-2121,-1831]],"id":6072,"properties":{"wd11cd":"E05008834","wd11nm":"Kingsley"}},{"type":"Polygon","arcs":[[-1901,-1071,2519,2520,-2522,-2523,2523,2524,2525]],"id":6080,"properties":{"wd11cd":"E05005479","wd11nm":"Ambien"}},{"type":"Polygon","arcs":[[-2132,-2330,-2527,-2528,-2521,2528]],"id":6083,"properties":{"wd11cd":"E05005488","wd11nm":"Hinckley Clarendon"}},{"type":"Polygon","arcs":[[-2137,-1081,-120,-797,-806,-1871,-2350]],"id":6093,"properties":{"wd11cd":"E05005475","wd11nm":"Peatling"}},{"type":"Polygon","arcs":[[2529,2530,-2139,-2349,-455,-2169,-1886,2531]],"id":6101,"properties":{"wd11cd":"E05005462","wd11nm":"Glen"}},{"type":"Polygon","arcs":[[2532,-1501]],"id":6112,"properties":{"wd11cd":"E05005449","wd11nm":"Syston East"}},{"type":"Polygon","arcs":[[-2140,-1494,-809,-841,-109]],"id":6115,"properties":{"wd11cd":"E05005458","wd11nm":"Broughton Astley-Primethorpe"}},{"type":"Polygon","arcs":[[-1861,-2338,2533,2534,-1438,-1509,-2144,-2141,-121,-2146]],"id":6125,"properties":{"wd11cd":"E05005445","wd11nm":"Rothley and Thurcaston"}},{"type":"Polygon","arcs":[[2535,-2339,-839,-1095]],"id":6133,"properties":{"wd11cd":"E05005432","wd11nm":"Loughborough Ashby"}},{"type":"Polygon","arcs":[[-1104,2536,-1516,-1099,-1876,-851,-102,-1900]],"id":6144,"properties":{"wd11cd":"E05005419","wd11nm":"Normanton"}},{"type":"Polygon","arcs":[[-1855,-125,2537,-1433,-2535,2538]],"id":6147,"properties":{"wd11cd":"E05005428","wd11nm":"Birstall Wanlip"}},{"type":"Polygon","arcs":[[-135,-1517,-2537,-1103,-2491]],"id":6157,"properties":{"wd11cd":"E05005415","wd11nm":"Forest"}},{"type":"Polygon","arcs":[[2539,2540,-1883,-471,-1115,-2148]],"id":6282,"properties":{"wd11cd":"E05006060","wd11nm":"Hemmingwell"}},{"type":"Polygon","arcs":[[2541,2542,2543]],"id":6290,"properties":{"wd11cd":"E05003282","wd11nm":"Belper Central"}},{"type":"Polygon","arcs":[[-162,-1523,-155,-157,-1529]],"id":6292,"properties":{"wd11cd":"E05005579","wd11nm":"North Holme"}},{"type":"Polygon","arcs":[[-2155,-1884,-408,-159]],"id":6295,"properties":{"wd11cd":"E05005588","wd11nm":"St Michael's"}},{"type":"Polygon","arcs":[[-1673,-2156,2544,2545]],"id":6305,"properties":{"wd11cd":"E05005575","wd11nm":"Mablethorpe East"}},{"type":"Polygon","arcs":[[2546,2547,-172,2548]],"id":6313,"properties":{"wd11cd":"E05005562","wd11nm":"Chapel St Leonards"}},{"type":"Polygon","arcs":[[2549,-198,-1332,2550,-2244]],"id":6324,"properties":{"wd11cd":"E05005549","wd11nm":"Old Leake and Wrangle"}},{"type":"MultiPolygon","arcs":[[[-452,2551,-2167,2552,-1150,2553,2554,-188,-1534]],[[-1141,2555]],[[-1149,2556,2557]]],"id":6326,"properties":{"wd11cd":"E05005558","wd11nm":"Wyberton"}},{"type":"MultiPolygon","arcs":[[[2558,-504,2559,-386,-191,-1145]],[[-506,2560,-1274]],[[2561,-1143]]],"id":6337,"properties":{"wd11cd":"E05005545","wd11nm":"Five Village"}},{"type":"Polygon","arcs":[[-1156,2562,2563,2564,-832,2565]],"id":6345,"properties":{"wd11cd":"E05005532","wd11nm":"Oadby Grange"}},{"type":"Polygon","arcs":[[-239,2566,-646,-225,-2336,2567]],"id":6353,"properties":{"wd11cd":"E05005498","wd11nm":"Frisby-on-the-Wreake"}},{"type":"Polygon","arcs":[[2568,2569,-2379,-2375,2570,-1489,2571]],"id":6374,"properties":{"wd11cd":"E05006467","wd11nm":"Blidworth"}},{"type":"Polygon","arcs":[[-716,-1349,-1412,2572,-2188,-1913]],"id":6386,"properties":{"wd11cd":"E05006435","wd11nm":"Netherfield and Colwick"}},{"type":"Polygon","arcs":[[-2185,-1194,-2184,2573,-247,-2377]],"id":6398,"properties":{"wd11cd":"E05006431","wd11nm":"Killisick"}},{"type":"Polygon","arcs":[[2574,-1199,2575,-1610,-2382,-1922]],"id":6405,"properties":{"wd11cd":"E05006418","wd11nm":"Stapleford North"}},{"type":"Polygon","arcs":[[2576,-2192,-1205,-1919,-942]],"id":6418,"properties":{"wd11cd":"E05006405","wd11nm":"Beeston North"}},{"type":"Polygon","arcs":[[-1931,-2199,-1578,-2386,2577]],"id":6429,"properties":{"wd11cd":"E05006401","wd11nm":"Worksop South East"}},{"type":"Polygon","arcs":[[-1937,-1935,2578,-2396,-2580,2580]],"id":6436,"properties":{"wd11cd":"E05006388","wd11nm":"Langold"}},{"type":"Polygon","arcs":[[-2198,-2384,-2397,-2209,2581]],"id":6443,"properties":{"wd11cd":"E05006375","wd11nm":"Underwood"}},{"type":"Polygon","arcs":[[2582,-2203,-1230]],"id":6450,"properties":{"wd11cd":"E05006371","wd11nm":"Sutton in Ashfield Central"}},{"type":"Polygon","arcs":[[2583,-2399,-583,-1253,2584,-318,-2403]],"id":6463,"properties":{"wd11cd":"E05003378","wd11nm":"Little Hallam"}},{"type":"Polygon","arcs":[[-319,-2585,-1255,-1614,-1949,-2294,-1962,-2212,2585]],"id":6465,"properties":{"wd11cd":"E05003387","wd11nm":"West Hallam and Dale Abbey"}},{"type":"Polygon","arcs":[[-308,-2401,-2363,-2179,2586]],"id":6468,"properties":{"wd11cd":"E05005679","wd11nm":"Isaac Newton"}},{"type":"Polygon","arcs":[[2587,-1390,2588,-2215,2589]],"id":6470,"properties":{"wd11cd":"E05005688","wd11nm":"St Mary's"}},{"type":"Polygon","arcs":[[-1574,-2400,-2584,-2402]],"id":6478,"properties":{"wd11cd":"E05003374","wd11nm":"Ilkeston Central"}},{"type":"Polygon","arcs":[[2590,-1606,-1617,-1967,-588,2591]],"id":6480,"properties":{"wd11cd":"E05005675","wd11nm":"Greyfriars"}},{"type":"Polygon","arcs":[[-2154,-1618,-589,-2034]],"id":6486,"properties":{"wd11cd":"E05003361","wd11nm":"Matlock St Giles"}},{"type":"Polygon","arcs":[[-2589,-1389,2592,-2216]],"id":6488,"properties":{"wd11cd":"E05005662","wd11nm":"All Saints"}},{"type":"Polygon","arcs":[[-416,-1628,-2249,2593,-263,2594,-320,-2586,-2213,-1960,-600,2595]],"id":6493,"properties":{"wd11cd":"E05008524","wd11nm":"Shipley Park, Horsley and Horsley Woodhouse"}},{"type":"Polygon","arcs":[[-1621,2596,-609,-1271,-1640,-2414,-2410]],"id":6495,"properties":{"wd11cd":"E05003348","wd11nm":"Carsington Water"}},{"type":"Polygon","arcs":[[-1260,-2412,-2417,-340,2597]],"id":6498,"properties":{"wd11cd":"E05003357","wd11nm":"Lathkill and Bradford"}},{"type":"Polygon","arcs":[[2598,-593,-520]],"id":6499,"properties":{"wd11cd":"E05005649","wd11nm":"Holbeach Town"}},{"type":"Polygon","arcs":[[-351,2599,-498,-2419]],"id":6502,"properties":{"wd11cd":"E05005658","wd11nm":"Spalding Wygate"}},{"type":"Polygon","arcs":[[2600,-602,-332,-2151,2601,-2542]],"id":6507,"properties":{"wd11cd":"E05008520","wd11nm":"Belper South"}},{"type":"Polygon","arcs":[[2602,-1261,-2598,-339,-313]],"id":6509,"properties":{"wd11cd":"E05003344","wd11nm":"Bakewell"}},{"type":"Polygon","arcs":[[-503,2603,-2477,-529,-387,-2560]],"id":6512,"properties":{"wd11cd":"E05005645","wd11nm":"Donington, Quadring and Gosberton"}},{"type":"Polygon","arcs":[[-2422,-2226,2604,-356,-723,2605]],"id":6518,"properties":{"wd11cd":"E05003331","wd11nm":"Linacre"}},{"type":"Polygon","arcs":[[2606,-1292,-1643,2607,-2220]],"id":6520,"properties":{"wd11cd":"E05005632","wd11nm":"North Hykeham Mill"}},{"type":"Polygon","arcs":[[-1984,-1664,-2234,-1308]],"id":6526,"properties":{"wd11cd":"E05003318","wd11nm":"Shirebrook South West"}},{"type":"Polygon","arcs":[[-2423,-2606,-730,2608,2609]],"id":6530,"properties":{"wd11cd":"E05003327","wd11nm":"Dunston"}},{"type":"Polygon","arcs":[[-2221,-2608,-1642,-2429,-1245,-1686,2610,2611]],"id":6531,"properties":{"wd11cd":"E05005619","wd11nm":"Bassingham and Brant Broughton"}},{"type":"Polygon","arcs":[[-2424,-2230,-517,-361,2612,-533,-2409,-1241,-1257,-1991]],"id":6534,"properties":{"wd11cd":"E05005628","wd11nm":"Leasingham and Rauceby"}},{"type":"Polygon","arcs":[[2613,-1980,-1306,2614,-2094]],"id":6542,"properties":{"wd11cd":"E05003314","wd11nm":"Shirebrook East"}},{"type":"Polygon","arcs":[[-1666,2615,-399,-2039]],"id":6544,"properties":{"wd11cd":"E05005615","wd11nm":"Minster"}},{"type":"Polygon","arcs":[[-1671,-1679,2616,2617,-1521]],"id":6549,"properties":{"wd11cd":"E05003301","wd11nm":"Swanwick"}},{"type":"Polygon","arcs":[[-2548,2618,-2161,-1132,-483,-173]],"id":6552,"properties":{"wd11cd":"E05005602","wd11nm":"Willoughby with Sloothby"}},{"type":"Polygon","arcs":[[-603,-2601,-2544,2619,-2437]],"id":6558,"properties":{"wd11cd":"E05003283","wd11nm":"Belper East"}},{"type":"Polygon","arcs":[[-1678,-1330,-403,-2436,2620,-2617]],"id":6562,"properties":{"wd11cd":"E05003296","wd11nm":"Ripley"}},{"type":"Polygon","arcs":[[2621,2622,2623,-1134,-2160,2624]],"id":6564,"properties":{"wd11cd":"E05005589","wd11nm":"Scarbrough"}},{"type":"Polygon","arcs":[[-657,2625,-148,2626,-1879,-1519,-1108,2627]],"id":6566,"properties":{"wd11cd":"E05008596","wd11nm":"Great Doddington and Wilby"}},{"type":"Polygon","arcs":[[-1882,-658,-2628,-1107,-1116,-473]],"id":6569,"properties":{"wd11cd":"E05008597","wd11nm":"Queensway"}},{"type":"Polygon","arcs":[[2628,-149,-2626,-656,-1881,-2541]],"id":6570,"properties":{"wd11cd":"E05008598","wd11nm":"Swanspool"}},{"type":"Polygon","arcs":[[2629,2630,-1335,2631,-2446]],"id":6613,"properties":{"wd11cd":"E05006507","wd11nm":"Oak"}},{"type":"Polygon","arcs":[[-2442,2632,-2630,-2445]],"id":6620,"properties":{"wd11cd":"E05006494","wd11nm":"Cranmer"}},{"type":"Polygon","arcs":[[-2633,-2441,2633,-1336,-2631]],"id":6627,"properties":{"wd11cd":"E05006490","wd11nm":"Bingham East"}},{"type":"Polygon","arcs":[[-2367,-1353,-2018,-2450,2634,-2380,-2570,2635]],"id":6634,"properties":{"wd11cd":"E05006477","wd11nm":"Farnsfield and Bilsthorpe"}},{"type":"Polygon","arcs":[[-1322,2636,2637]],"id":6694,"properties":{"wd11cd":"E05003431","wd11nm":"Killamarsh East"}},{"type":"Polygon","arcs":[[-1697,-872,-883,2638,2639,-2609,-729,2640,-1632,-2642]],"id":6703,"properties":{"wd11cd":"E05003418","wd11nm":"Barlow and Holmesfield"}},{"type":"Polygon","arcs":[[-2453,-1289,2642,2643,-2262,2644]],"id":6707,"properties":{"wd11cd":"E05003427","wd11nm":"Eckington South"}},{"type":"Polygon","arcs":[[-2646,-1530,-1527,2646,-908,-562,-2275]],"id":6708,"properties":{"wd11cd":"E05005719","wd11nm":"Wold View"}},{"type":"Polygon","arcs":[[2647,-2466,-2031,-1708,-2649,-2650,-2651,-2652]],"id":6719,"properties":{"wd11cd":"E05003414","wd11nm":"Tintwistle"}},{"type":"Polygon","arcs":[[-1383,2652,2653,-892]],"id":6721,"properties":{"wd11cd":"E05005715","wd11nm":"Thonock"}},{"type":"Polygon","arcs":[[-753,-1388,-2472,2654,-2460]],"id":6726,"properties":{"wd11cd":"E05003401","wd11nm":"Hayfield"}},{"type":"Polygon","arcs":[[-1382,-2272,-760,2655,-2653]],"id":6729,"properties":{"wd11cd":"E05005702","wd11nm":"Gainsborough North"}},{"type":"Polygon","arcs":[[2656,2657,-1602,-1959,-302]],"id":6735,"properties":{"wd11cd":"E05003388","wd11nm":"Wilsthorpe"}},{"type":"Polygon","arcs":[[-2465,-900,-1378,-890,-2269,-2029]],"id":6739,"properties":{"wd11cd":"E05003397","wd11nm":"Dinting"}},{"type":"Polygon","arcs":[[-2407,2658,-1607,-2591,2659]],"id":6740,"properties":{"wd11cd":"E05005689","wd11nm":"St Wulfram's"}},{"type":"Polygon","arcs":[[-1659,-2037,-2268,-1711]],"id":6743,"properties":{"wd11cd":"E05005698","wd11nm":"Cherry Willingham"}},{"type":"Polygon","arcs":[[-2126,-787,-1956,-1780,-1837,-1047]],"id":6789,"properties":{"wd11cd":"E05005928","wd11nm":"Danesholme"}},{"type":"Polygon","arcs":[[-1759,-933,-1399,-1396,2660]],"id":6792,"properties":{"wd11cd":"E05008820","wd11nm":"Stenson"}},{"type":"Polygon","arcs":[[-782,-1069,2661,-2322,-1821,-2518,-2282]],"id":6794,"properties":{"wd11cd":"E05008829","wd11nm":"Delapre and Briar Hill"}},{"type":"Polygon","arcs":[[2662,2663,-1405,-2045]],"id":6800,"properties":{"wd11cd":"E05008816","wd11nm":"Midway"}},{"type":"Polygon","arcs":[[-1358,2664,2665,2666,-466,2667]],"id":6897,"properties":{"wd11cd":"E05001831","wd11nm":"Clifton North"}},{"type":"Polygon","arcs":[[2668,-2488,-944,-1924,-2381,-1567]],"id":6905,"properties":{"wd11cd":"E05001827","wd11nm":"Bilborough"}},{"type":"Polygon","arcs":[[2669,2670,-2288,-1746,-818]],"id":6913,"properties":{"wd11cd":"E05001814","wd11nm":"Normanton"}},{"type":"Polygon","arcs":[[-1429,-2060,-834,2671,2672,2673,2674]],"id":6921,"properties":{"wd11cd":"E05001801","wd11nm":"Spinney Hills"}},{"type":"Polygon","arcs":[[-2564,2675,-2358,-213,2676,-1752,2677,2678]],"id":6929,"properties":{"wd11cd":"E05001797","wd11nm":"Knighton"}},{"type":"Polygon","arcs":[[-2292,-2062,2679,-2674,2680,-962,-1434,-2538]],"id":6937,"properties":{"wd11cd":"E05001784","wd11nm":"Abbey"}},{"type":"Polygon","arcs":[[2681,-1760,-2661,-1395,-969,2682]],"id":6945,"properties":{"wd11cd":"E05001771","wd11nm":"Blagreaves"}},{"type":"Polygon","arcs":[[-2297,2683,-2683,-974,-1770,-2493]],"id":6954,"properties":{"wd11cd":"E05001767","wd11nm":"Abbey"}},{"type":"Polygon","arcs":[[-2498,-8,-2685,-2686,-2687,2687,-2501]],"id":7006,"properties":{"wd11cd":"E05006044","wd11nm":"Middleton Cheney"}},{"type":"Polygon","arcs":[[-2071,-4,2688,2689,-2065,-976,2690]],"id":7009,"properties":{"wd11cd":"E05006053","wd11nm":"Whittlewood"}},{"type":"Polygon","arcs":[[-17,-53,-1816,-2305]],"id":7017,"properties":{"wd11cd":"E05006040","wd11nm":"Heyfords and Bugbrooke"}},{"type":"Polygon","arcs":[[-2067,2691,-2693,-2082,-2495,-2299]],"id":7024,"properties":{"wd11cd":"E05006027","wd11nm":"Astwell"}},{"type":"Polygon","arcs":[[-1953,-22,-985,-2310,-2506]],"id":7034,"properties":{"wd11cd":"E05005989","wd11nm":"Barton"}},{"type":"Polygon","arcs":[[2693,-2308,-2311,-983,-1788,-1249]],"id":7037,"properties":{"wd11cd":"E05006000","wd11nm":"St Peter's"}},{"type":"Polygon","arcs":[[-1461,-1467,-58,-1662,-1983,-2509]],"id":7040,"properties":{"wd11cd":"E05008890","wd11nm":"Woodhouse"}},{"type":"Polygon","arcs":[[-1032,-2695,-2512,-674,-37,-2312]],"id":7045,"properties":{"wd11cd":"E05005985","wd11nm":"Thrapston Market"}},{"type":"Polygon","arcs":[[-2572,-1488,-1020,-1026,2695]],"id":7048,"properties":{"wd11cd":"E05008886","wd11nm":"Ransom Wood"}},{"type":"Polygon","arcs":[[-2697,-2698,-1029,-1468,-2099,2698]],"id":7052,"properties":{"wd11cd":"E05005972","wd11nm":"Lower Nene"}},{"type":"Polygon","arcs":[[2699,-671,-1036,-2317,-2510,-1981,-2614,-2093,-1475]],"id":7057,"properties":{"wd11cd":"E05008873","wd11nm":"Market Warsop"}},{"type":"Polygon","arcs":[[-1117,-1112,-71,-1050,-987]],"id":7062,"properties":{"wd11cd":"E05005959","wd11nm":"Walgrave"}},{"type":"Polygon","arcs":[[-1794,-2701,-2702,-1016,-2087,-2318,-1011,-1800]],"id":7065,"properties":{"wd11cd":"E05005968","wd11nm":"Higham Ferrers Lancaster"}},{"type":"Polygon","arcs":[[-28,2702,-1007,-72,-1466]],"id":7067,"properties":{"wd11cd":"E05008860","wd11nm":"Broomhill"}},{"type":"Polygon","arcs":[[-1799,-2514,-2116,-1008,-2703,-27]],"id":7070,"properties":{"wd11cd":"E05008869","wd11nm":"Ladybrook"}},{"type":"Polygon","arcs":[[-1485,-2517,-1818,-769,-688,-2104]],"id":7073,"properties":{"wd11cd":"E05005955","wd11nm":"Long Buckby"}},{"type":"Polygon","arcs":[[-693,-1722,-1057,-792,-93,-917]],"id":7076,"properties":{"wd11cd":"E05008856","wd11nm":"Westone"}},{"type":"Polygon","arcs":[[-2319,-1038,-2323]],"id":7080,"properties":{"wd11cd":"E05005942","wd11nm":"Abbey South"}},{"type":"Polygon","arcs":[[2703,-1720,-691,-65,-1111]],"id":7085,"properties":{"wd11cd":"E05008843","wd11nm":"Rectory Farm"}},{"type":"Polygon","arcs":[[-1827,2704,-2280,-1061,-2326]],"id":7090,"properties":{"wd11cd":"E05005929","wd11nm":"East"}},{"type":"Polygon","arcs":[[-45,-1958,2705,-92,-2278,-2705,-1826]],"id":7093,"properties":{"wd11cd":"E05005938","wd11nm":"Stanion and Corby Village"}},{"type":"Polygon","arcs":[[-1068,-2304,-2321,-2662]],"id":7094,"properties":{"wd11cd":"E05008830","wd11nm":"East Hunsbury"}},{"type":"Polygon","arcs":[[-1059,-2519,-1819,-1840,-2129]],"id":7096,"properties":{"wd11cd":"E05008839","wd11nm":"Old Duston"}},{"type":"Polygon","arcs":[[2706,-1902,-2526,2707,2708,-1161]],"id":7101,"properties":{"wd11cd":"E05005484","wd11nm":"Cadeby, Carlton and Market Bosworth with Shackerstone"}},{"type":"Polygon","arcs":[[-2332,-105,-1478,-1079,-1847]],"id":7109,"properties":{"wd11cd":"E05005471","wd11nm":"Market Harborough-Logan"}},{"type":"Polygon","arcs":[[-2333,-1852,-112,-800]],"id":7117,"properties":{"wd11cd":"E05005467","wd11nm":"Lutterworth Springs"}},{"type":"Polygon","arcs":[[-2134,-1787,-1845,2709,-2530,2710,-1075]],"id":7125,"properties":{"wd11cd":"E05005454","wd11nm":"Billesdon"}},{"type":"Polygon","arcs":[[-2340,-2536,-1094,2711,-2342]],"id":7133,"properties":{"wd11cd":"E05005441","wd11nm":"Loughborough Storer"}},{"type":"Polygon","arcs":[[-1013,2712,-150,-2629,-2540,-2147]],"id":7261,"properties":{"wd11cd":"E05006055","wd11nm":"Castle"}},{"type":"Polygon","arcs":[[-2714,-2715,-992,-1878]],"id":7264,"properties":{"wd11cd":"E05006066","wd11nm":"South"}},{"type":"Polygon","arcs":[[2715,-2625,-2159,2716]],"id":7272,"properties":{"wd11cd":"E05005584","wd11nm":"St Clement's"}},{"type":"Polygon","arcs":[[2717,2718,-2717,-2158,-2619,-2547]],"id":7280,"properties":{"wd11cd":"E05005571","wd11nm":"Ingoldmells"}},{"type":"Polygon","arcs":[[-1131,2719,-448,-1121,-2252,-487,-2440,-485]],"id":7288,"properties":{"wd11cd":"E05005567","wd11nm":"Halton Holegate"}},{"type":"Polygon","arcs":[[2720,-2355,-1532,-1538]],"id":7296,"properties":{"wd11cd":"E05005554","wd11nm":"Staniland North"}},{"type":"Polygon","arcs":[[2721,-450,-2354,-2721,-1537,-2164]],"id":7304,"properties":{"wd11cd":"E05005541","wd11nm":"Central"}},{"type":"Polygon","arcs":[[-457,-2352,-2359,-210,-2357]],"id":7312,"properties":{"wd11cd":"E05005537","wd11nm":"Wigston All Saints"}},{"type":"Polygon","arcs":[[-2174,-218,-2050,-2046,-2042,-1403]],"id":7320,"properties":{"wd11cd":"E05005524","wd11nm":"Moira"}},{"type":"Polygon","arcs":[[-216,-2361,-1542,-1162,-2709,2722,-2724,-2725,-2051]],"id":7328,"properties":{"wd11cd":"E05005511","wd11nm":"Appleby"}},{"type":"Polygon","arcs":[[-1548,-1894,-1899,-240,-2568,-1085,-2253]],"id":7336,"properties":{"wd11cd":"E05005507","wd11nm":"Old Dalby"}},{"type":"Polygon","arcs":[[-2708,-2525,-2726,-2727,2727,-2729,-2730,-2723]],"id":7344,"properties":{"wd11cd":"E05005494","wd11nm":"Twycross and Witherley with Sheepy"}},{"type":"Polygon","arcs":[[-1910,2730,-2485,2731,-2182]],"id":7385,"properties":{"wd11cd":"E05006444","wd11nm":"Woodthorpe"}},{"type":"Polygon","arcs":[[2732,-1028,-679,-664,-2700,-1474,-1691]],"id":7388,"properties":{"wd11cd":"E05006472","wd11nm":"Clipstone"}},{"type":"Polygon","arcs":[[-1184,-1561,-1908,-2190]],"id":7396,"properties":{"wd11cd":"E05006440","wd11nm":"St James"}},{"type":"Polygon","arcs":[[-2573,-1417,-255,-1559,-2189]],"id":7403,"properties":{"wd11cd":"E05006427","wd11nm":"Carlton"}},{"type":"Polygon","arcs":[[-264,-2594,-2248,-2195]],"id":7413,"properties":{"wd11cd":"E05006414","wd11nm":"Eastwood South"}},{"type":"Polygon","arcs":[[-251,-1189,-2286,-1732,2733,2734]],"id":7416,"properties":{"wd11cd":"E05006423","wd11nm":"Bestwood Village"}},{"type":"Polygon","arcs":[[-1203,2735,-267,-1920]],"id":7424,"properties":{"wd11cd":"E05006410","wd11nm":"Chilwell East"}},{"type":"Polygon","arcs":[[-272,-2387,-1583,2736,-2393]],"id":7431,"properties":{"wd11cd":"E05006397","wd11nm":"Worksop North"}},{"type":"Polygon","arcs":[[-1592,-284,2737,-275]],"id":7441,"properties":{"wd11cd":"E05006384","wd11nm":"East Retford South"}},{"type":"Polygon","arcs":[[2738,-2206,-276,-2738,-283,-1932,-2578,-2389,-2392,-2579,-1934]],"id":7444,"properties":{"wd11cd":"E05006393","wd11nm":"Sutton"}},{"type":"Polygon","arcs":[[-1219,-2391,-1594,-2207,-2739,-1933,-1585]],"id":7452,"properties":{"wd11cd":"E05006380","wd11nm":"Clayworth"}},{"type":"Polygon","arcs":[[-286,2739,-2373,2740,2741,-2211,-390,-1595]],"id":7459,"properties":{"wd11cd":"E05006367","wd11nm":"Kirkby in Ashfield Central"}},{"type":"Polygon","arcs":[[-2734,-1731,-1943,-2398,-1222,2742]],"id":7472,"properties":{"wd11cd":"E05006363","wd11nm":"Hucknall East"}},{"type":"Polygon","arcs":[[-1198,-295,-1611,-2576]],"id":7478,"properties":{"wd11cd":"E05003383","wd11nm":"Sandiacre North"}},{"type":"Polygon","arcs":[[-2408,-2660,-2592,-587,-1265,-912]],"id":7480,"properties":{"wd11cd":"E05005684","wd11nm":"Peascliffe"}},{"type":"Polygon","arcs":[[-1916,-1237,2743,-2657,-301,-291]],"id":7486,"properties":{"wd11cd":"E05003370","wd11nm":"Derby Road East"}},{"type":"Polygon","arcs":[[-1264,-1968,-1615,-1604,-1975,2744,-309,-2587,-2178,-1553,-914]],"id":7488,"properties":{"wd11cd":"E05005671","wd11nm":"Forest"}},{"type":"Polygon","arcs":[[-2153,-610,-2597,-1620]],"id":7494,"properties":{"wd11cd":"E05003366","wd11nm":"Wirksworth"}},{"type":"Polygon","arcs":[[-2413,-578,-1969,-305,-297]],"id":7496,"properties":{"wd11cd":"E05005667","wd11nm":"Bourne West"}},{"type":"Polygon","arcs":[[-926,-2746,-2747,-2748,-2749,-2750,2750,2751]],"id":7501,"properties":{"wd11cd":"E05003353","wd11nm":"Doveridge and Sudbury"}},{"type":"Polygon","arcs":[[-350,-1636,-617,-499,-2600]],"id":7504,"properties":{"wd11cd":"E05005654","wd11nm":"Spalding Monks House"}},{"type":"Polygon","arcs":[[-370,-724,-354,-626]],"id":7510,"properties":{"wd11cd":"E05003340","wd11nm":"Walton"}},{"type":"Polygon","arcs":[[-2420,-2228,-528,-2613,-360,-381]],"id":7512,"properties":{"wd11cd":"E05005641","wd11nm":"Sleaford Quarrington and Mareham"}},{"type":"Polygon","arcs":[[2752,-384,-1656,-2421,-2610,-2640,2753]],"id":7518,"properties":{"wd11cd":"E05003336","wd11nm":"Old Whittington"}},{"type":"Polygon","arcs":[[2754,-1987,-414,2755,-2469]],"id":7520,"properties":{"wd11cd":"E05005637","wd11nm":"Skellingthorpe"}},{"type":"Polygon","arcs":[[-1288,-526,-1648,-385,-2753,2756,-2643]],"id":7525,"properties":{"wd11cd":"E05003323","wd11nm":"Barrow Hill and New Whittington"}},{"type":"Polygon","arcs":[[-413,-2239,-2222,-2612,2757,-2470,-2756]],"id":7528,"properties":{"wd11cd":"E05005624","wd11nm":"Eagle, Swinderby and Witham St Hughs"}},{"type":"Polygon","arcs":[[-1929,-2237,2758,-2433,-2430,-2426,-2200]],"id":7534,"properties":{"wd11cd":"E05003310","wd11nm":"Elmton-with-Creswell"}},{"type":"Polygon","arcs":[[2759,-1314,-1988,-2755,-2468,-397]],"id":7536,"properties":{"wd11cd":"E05005611","wd11nm":"Carholme"}},{"type":"Polygon","arcs":[[-2759,-2236,-404,-2434]],"id":7542,"properties":{"wd11cd":"E05003306","wd11nm":"Bolsover South"}},{"type":"Polygon","arcs":[[-2038,-1657,-1315,-2760,-396,-2616,-1665]],"id":7544,"properties":{"wd11cd":"E05005607","wd11nm":"Abbey"}},{"type":"Polygon","arcs":[[-417,-2596,-599,-1329,-2250]],"id":7549,"properties":{"wd11cd":"E05003290","wd11nm":"Heanor and Loscoe"}},{"type":"Polygon","arcs":[[-1130,-2245,-2551,-1334,-444,-2720]],"id":7552,"properties":{"wd11cd":"E05005594","wd11nm":"Stickney"}},{"type":"Polygon","arcs":[[-707,-2009,-2448]],"id":7626,"properties":{"wd11cd":"E05006499","wd11nm":"Keyworth South"}},{"type":"MultiPolygon","arcs":[[[2760,2761,-2021,-2366,-1207]],[[2762,2763]]],"id":7633,"properties":{"wd11cd":"E05006486","wd11nm":"Sutton-on-Trent"}},{"type":"Polygon","arcs":[[-2758,-2611,-1689,-2022,-2762,2764,-2764,2765,-741,-2471]],"id":7643,"properties":{"wd11cd":"E05006473","wd11nm":"Collingham and Meering"}},{"type":"Polygon","arcs":[[-2636,-2569,-2696,-1025,-2733,-1690,-2452,-2368]],"id":7646,"properties":{"wd11cd":"E05006482","wd11nm":"Rainworth"}},{"type":"Polygon","arcs":[[-2263,-2644,-2757,-2754,-2639,-882,2766,-2455,2767]],"id":7684,"properties":{"wd11cd":"E05003440","wd11nm":"Unstone"}},{"type":"Polygon","arcs":[[-2769,-2770,-2264,-2768,-2458,-2771,-2772,-2773]],"id":7692,"properties":{"wd11cd":"E05003436","wd11nm":"Ridgeway and Marsh Lane"}},{"type":"Polygon","arcs":[[-2456,-2767,-885,-1696,-2774]],"id":7699,"properties":{"wd11cd":"E05003423","wd11nm":"Dronfield North"}},{"type":"Polygon","arcs":[[-2655,-2474,2774,-2776,-2461]],"id":7708,"properties":{"wd11cd":"E05003410","wd11nm":"Sett"}},{"type":"Polygon","arcs":[[-1375,-549,-2041,-2467,-1704,-2475,-1379]],"id":7710,"properties":{"wd11cd":"E05005711","wd11nm":"Scampton"}},{"type":"Polygon","arcs":[[-2473,-739,-2777,2777,-2779,-2775]],"id":7716,"properties":{"wd11cd":"E05003406","wd11nm":"New Mills West"}},{"type":"Polygon","arcs":[[-1526,-2435,-1713,-905,-546,-906,-2647]],"id":7718,"properties":{"wd11cd":"E05005707","wd11nm":"Market Rasen"}},{"type":"Polygon","arcs":[[-560,-909,-1385,-751]],"id":7723,"properties":{"wd11cd":"E05003393","wd11nm":"Chapel East"}},{"type":"Polygon","arcs":[[-1952,2779,-2590,-2214,2780,-1970,-576,-623]],"id":7726,"properties":{"wd11cd":"E05005694","wd11nm":"Truesdale"}},{"type":"Polygon","arcs":[[-88,-1721,-2704,-1110]],"id":7737,"properties":{"wd11cd":"E05008825","wd11nm":"Billing"}},{"type":"Polygon","arcs":[[-2782,-923]],"id":7743,"properties":{"wd11cd":"E05008812","wd11nm":"Hatton"}},{"type":"Polygon","arcs":[[-469,-2193,-2577,-941,-2487,-946]],"id":7810,"properties":{"wd11cd":"E05001840","wd11nm":"Wollaton East and Lenton Abbey"}},{"type":"Polygon","arcs":[[-1909,-256,-1416,-1734,-810,-1735,-2486,-2731]],"id":7817,"properties":{"wd11cd":"E05001836","wd11nm":"Mapperley"}},{"type":"Polygon","arcs":[[-951,-2489,-2669,-1566]],"id":7824,"properties":{"wd11cd":"E05001823","wd11nm":"Aspley"}},{"type":"Polygon","arcs":[[-1393,-1809,-1738,-2289,-2671,2782]],"id":7833,"properties":{"wd11cd":"E05001810","wd11nm":"Ketton"}},{"type":"Polygon","arcs":[[-824,-1748,-2290,-1742,-1420,-2135,-1073,-233,-1423]],"id":7841,"properties":{"wd11cd":"E05001806","wd11nm":"Braunston and Belton"}},{"type":"Polygon","arcs":[[-2677,-212,-2360,-2344,2783,-1753]],"id":7848,"properties":{"wd11cd":"E05001793","wd11nm":"Eyres Monsell"}},{"type":"Polygon","arcs":[[-1761,-2682,-2684,-2296]],"id":7857,"properties":{"wd11cd":"E05001780","wd11nm":"Normanton"}},{"type":"Polygon","arcs":[[-967,-1442,-1767,-2295,-2492,-1964]],"id":7865,"properties":{"wd11cd":"E05001776","wd11nm":"Derwent"}},{"type":"Polygon","arcs":[[-1446,-2072,-2691,-975,-1773,-1452]],"id":7893,"properties":{"wd11cd":"E05006049","wd11nm":"Tove"}},{"type":"Polygon","arcs":[[-3,-2785,2785,-2689]],"id":7900,"properties":{"wd11cd":"E05006036","wd11nm":"Deanshanger"}},{"type":"Polygon","arcs":[[-2505,-2496,-2085]],"id":7907,"properties":{"wd11cd":"E05006032","wd11nm":"Brackley West"}},{"type":"Polygon","arcs":[[-1465,-2309,-2694,-1248]],"id":7914,"properties":{"wd11cd":"E05005995","wd11nm":"Northfield"}},{"type":"Polygon","arcs":[[-2706,-1957,-789,-2125,-89]],"id":7918,"properties":{"wd11cd":"E05005934","wd11nm":"Oakley Vale"}},{"type":"Polygon","arcs":[[-2114,-2515,-2122,-1045,-702,-2128,-2516,-2119]],"id":7920,"properties":{"wd11cd":"E05008835","wd11nm":"Kingsthorpe"}},{"type":"Polygon","arcs":[[-2365,-1903,-2707,-1160]],"id":7925,"properties":{"wd11cd":"E05005480","wd11nm":"Barlestone, Nailstone and Osbaston"}},{"type":"Polygon","arcs":[[-1076,-2711,-2532,-1888,-1152,-2566,-831,-1424,-2293,-1496]],"id":7933,"properties":{"wd11cd":"E05005476","wd11nm":"Thurnby and Houghton"}},{"type":"Polygon","arcs":[[-1848,-1083,-2136,-2531,-2710]],"id":7941,"properties":{"wd11cd":"E05005463","wd11nm":"Kibworth"}},{"type":"Polygon","arcs":[[-1502,-2533,-1500,-1856,-2539,-2534,-2337]],"id":7949,"properties":{"wd11cd":"E05005450","wd11nm":"Syston West"}},{"type":"Polygon","arcs":[[2786,-1096,-837,-628,-1091,-1890]],"id":7957,"properties":{"wd11cd":"E05005446","wd11nm":"Shepshed East"}},{"type":"Polygon","arcs":[[-2011,-2343,-2712,-1097,-2787,-1889,-1342]],"id":7965,"properties":{"wd11cd":"E05005433","wd11nm":"Loughborough Dishley and Hathern"}},{"type":"Polygon","arcs":[[-145,-1874,-1875,-1514,-2347]],"id":7973,"properties":{"wd11cd":"E05005420","wd11nm":"North Whetstone"}},{"type":"Polygon","arcs":[[-1510,-133,-1868]],"id":7981,"properties":{"wd11cd":"E05005416","wd11nm":"Millfield"}},{"type":"Polygon","arcs":[[-2508,-2788,-1880,-2627,-147,-2713,-1005]],"id":8068,"properties":{"wd11cd":"E05006061","wd11nm":"Irchester"}},{"type":"MultiPolygon","arcs":[[[-2003,-2353,-426,2788,-432,2789,-433,2790,-438,2791,-440,2792,-436,2793,-442,2794]],[[2795]],[[2796]]],"id":8075,"properties":{"wd11cd":"E05005580","wd11nm":"North Somercotes"}},{"type":"Polygon","arcs":[[-2545,-2157,-1323,-2001,2797]],"id":8083,"properties":{"wd11cd":"E05005576","wd11nm":"Mablethorpe North"}},{"type":"Polygon","arcs":[[-1122,-182,2798,-1995]],"id":8091,"properties":{"wd11cd":"E05005563","wd11nm":"Coningsby and Tattershall"}},{"type":"Polygon","arcs":[[-1139,2799,-2162,-462]],"id":8099,"properties":{"wd11cd":"E05005550","wd11nm":"Pilgrim"}},{"type":"Polygon","arcs":[[-2555,2800,-2557,-1148,2801,-1146,-189]],"id":8107,"properties":{"wd11cd":"E05005546","wd11nm":"Frampton and Holme"}},{"type":"Polygon","arcs":[[-1155,-2171,-2356,-2676,-2563]],"id":8115,"properties":{"wd11cd":"E05005533","wd11nm":"Oadby St Peter's"}},{"type":"Polygon","arcs":[[-643,-1178,-1157,-1541,-2172,-1896]],"id":8123,"properties":{"wd11cd":"E05005520","wd11nm":"Hugglescote"}},{"type":"Polygon","arcs":[[-1891,-1092,-636,-638,-201,-2284,-1167]],"id":8131,"properties":{"wd11cd":"E05005516","wd11nm":"Breedon"}},{"type":"Polygon","arcs":[[-1173,-2177,-2364,-647,-2567,-238,-1898]],"id":8139,"properties":{"wd11cd":"E05005503","wd11nm":"Melton Egerton"}},{"type":"Polygon","arcs":[[-2133,-2529,-2520,-1070,-651]],"id":8147,"properties":{"wd11cd":"E05005490","wd11nm":"Hinckley Trinity"}},{"type":"Polygon","arcs":[[-1209,-2370,-2451,-280]],"id":8155,"properties":{"wd11cd":"E05006468","wd11nm":"Boughton"}},{"type":"Polygon","arcs":[[-2378,-252,-2735,-2743,-1225,-1947,2802,-2741,-2372]],"id":8162,"properties":{"wd11cd":"E05006436","wd11nm":"Newstead"}},{"type":"Polygon","arcs":[[-2183,-2732,-2484,-1562,-248,-2574]],"id":8169,"properties":{"wd11cd":"E05006432","wd11nm":"Kingswell"}},{"type":"Polygon","arcs":[[-1921,-1917,-1196,-2575]],"id":8176,"properties":{"wd11cd":"E05006419","wd11nm":"Stapleford South East"}},{"type":"Polygon","arcs":[[-2667,2803,2804,-1201,-2191,-467]],"id":8183,"properties":{"wd11cd":"E05006406","wd11nm":"Beeston Rylands"}},{"type":"Polygon","arcs":[[2805,-2015,-1233,-1915,-268,-2736,-1202,-2805]],"id":8190,"properties":{"wd11cd":"E05006402","wd11nm":"Attenborough"}},{"type":"Polygon","arcs":[[2806,-1221,-1584,2807]],"id":8197,"properties":{"wd11cd":"E05006389","wd11nm":"Misterton"}},{"type":"Polygon","arcs":[[-2803,-1946,-2194,-2582,-2208,-2742]],"id":8204,"properties":{"wd11cd":"E05006376","wd11nm":"Woodhouse"}},{"type":"Polygon","arcs":[[-2091,-1490,-2571,-2374,-2740,-288,-1598,-2204,-2583,-1229,-2513]],"id":8211,"properties":{"wd11cd":"E05006372","wd11nm":"Sutton in Ashfield East"}},{"type":"Polygon","arcs":[[-1599,-2658,-2744,-1236]],"id":8223,"properties":{"wd11cd":"E05003379","wd11nm":"Long Eaton Central"}},{"type":"Polygon","arcs":[[-2479,2808,-310,-2745,-1974,-2405,-531]],"id":8225,"properties":{"wd11cd":"E05005680","wd11nm":"Lincrest"}},{"type":"Polygon","arcs":[[-2404,-321,-2595,-262]],"id":8231,"properties":{"wd11cd":"E05003375","wd11nm":"Ilkeston North"}},{"type":"Polygon","arcs":[[-1608,-2659,-2406,-1976]],"id":8233,"properties":{"wd11cd":"E05005676","wd11nm":"Harrowby"}},{"type":"Polygon","arcs":[[-1267,-1280,-927,-2752,-2810,-2811]],"id":8238,"properties":{"wd11cd":"E05003362","wd11nm":"Norbury"}},{"type":"Polygon","arcs":[[-2604,-502,-299,-304,-2809,-2478]],"id":8241,"properties":{"wd11cd":"E05005663","wd11nm":"Aveland"}},{"type":"Polygon","arcs":[[-2641,-728,-2035,-493,-1262,-2603,-312,-512,-1633]],"id":8247,"properties":{"wd11cd":"E05003349","wd11nm":"Chatsworth"}},{"type":"Polygon","arcs":[[2811,-325,2812,-2814,-1627,-1281]],"id":8249,"properties":{"wd11cd":"E05005650","wd11nm":"Long Sutton"}},{"type":"Polygon","arcs":[[-1634,-513,-316,-1973,-749]],"id":8255,"properties":{"wd11cd":"E05003345","wd11nm":"Bradwell"}},{"type":"Polygon","arcs":[[-1283,-1626,-2815,-594,-2599,-519]],"id":8257,"properties":{"wd11cd":"E05005646","wd11nm":"Fleet"}},{"type":"Polygon","arcs":[[-2225,-357,-2605]],"id":8263,"properties":{"wd11cd":"E05003332","wd11nm":"Loundsley Green"}},{"type":"Polygon","arcs":[[-1293,-2607,-2219,-1650]],"id":8265,"properties":{"wd11cd":"E05005633","wd11nm":"North Hykeham Moor"}},{"type":"Polygon","arcs":[[-1596,-394,-1296,-1994,-2205]],"id":8270,"properties":{"wd11cd":"E05003319","wd11nm":"South Normanton East"}},{"type":"Polygon","arcs":[[-1996,-2799,-194,-2232,-2425,-1989,-374,-479]],"id":8273,"properties":{"wd11cd":"E05005620","wd11nm":"Billinghay, Martin and North Kyme"}},{"type":"Polygon","arcs":[[-2095,-2615,-1305,-2233]],"id":8279,"properties":{"wd11cd":"E05003315","wd11nm":"Shirebrook Langwith"}},{"type":"Polygon","arcs":[[-2781,-2217,-2593,-1394,-2783,-2670,-817,-1971]],"id":8284,"properties":{"wd11cd":"E05001819","wd11nm":"Ryhall and Casterton"}},{"type":"Polygon","arcs":[[-1414,-2007,-1359,-2668,-465,-945,-812,-1733]],"id":8289,"properties":{"wd11cd":"E05001828","wd11nm":"Bridge"}},{"type":"Polygon","arcs":[[-2055,-1422,-1750]],"id":8299,"properties":{"wd11cd":"E05001815","wd11nm":"Oakham North East"}},{"type":"Polygon","arcs":[[-833,-2565,-2679,2815,-2672]],"id":8309,"properties":{"wd11cd":"E05001802","wd11nm":"Stoneygate"}},{"type":"Polygon","arcs":[[-2673,-2816,-2678,-1756,-2056,-2681]],"id":8316,"properties":{"wd11cd":"E05001789","wd11nm":"Castle"}},{"type":"Polygon","arcs":[[-1312,-2432,-1652,-2218,-2238,-1985]],"id":8318,"properties":{"wd11cd":"E05005616","wd11nm":"Moorland"}},{"type":"Polygon","arcs":[[-1522,-2618,-2621,-2439,-1997,-878]],"id":8324,"properties":{"wd11cd":"E05003302","wd11nm":"Wingfield"}},{"type":"Polygon","arcs":[[2816,-2622,-2716,-2719]],"id":8326,"properties":{"wd11cd":"E05005603","wd11nm":"Winthorpe"}},{"type":"Polygon","arcs":[[-2438,-2620,-2543,-2602,-2150]],"id":8331,"properties":{"wd11cd":"E05003284","wd11nm":"Belper North"}},{"type":"Polygon","arcs":[[2817,-1135,-2624]],"id":8334,"properties":{"wd11cd":"E05005590","wd11nm":"Seacroft"}},{"type":"Polygon","arcs":[[-2258,2818,-710,-2013,-2014,2819,-2665,-1357]],"id":8384,"properties":{"wd11cd":"E05006508","wd11nm":"Ruddington"}},{"type":"Polygon","arcs":[[-1346,-721,-711,-2819,-2257,-1681,-852,-2259]],"id":8391,"properties":{"wd11cd":"E05006495","wd11nm":"Edwalton Village"}},{"type":"Polygon","arcs":[[-2444,-719,-1337,-2634]],"id":8398,"properties":{"wd11cd":"E05006491","wd11nm":"Bingham West"}},{"type":"Polygon","arcs":[[-2449,-862,-2447,-2632,-1339,-1912,-1190,-2187,-2376,-2635]],"id":8405,"properties":{"wd11cd":"E05006478","wd11nm":"Lowdham"}},{"type":"Polygon","arcs":[[-2821,-2637,-1321,-2454,-2645,-2261,-2822]],"id":8449,"properties":{"wd11cd":"E05003432","wd11nm":"Killamarsh West"}},{"type":"Polygon","arcs":[[-2044,-2049,2822,-2663]],"id":8476,"properties":{"wd11cd":"E05008821","wd11nm":"Swadlincote"}},{"type":"Polygon","arcs":[[-2823,-2048,-1723,-2824,-1406,-2664]],"id":8486,"properties":{"wd11cd":"E05008817","wd11nm":"Newhall and Stanton"}},{"type":"Polygon","arcs":[[-2666,-2820,-2016,-2806,-2804]],"id":8530,"properties":{"wd11cd":"E05001832","wd11nm":"Clifton South"}},{"type":"Polygon","arcs":[[-1430,-2675,-2680,-2061]],"id":8537,"properties":{"wd11cd":"E05001798","wd11nm":"Latimer"}},{"type":"Polygon","arcs":[[-1754,-2784,-2348,-1512,-1867,-2490,-2057]],"id":8547,"properties":{"wd11cd":"E05001785","wd11nm":"Aylestone"}},{"type":"Polygon","arcs":[[-936,-2064,-1757,-1765]],"id":8556,"properties":{"wd11cd":"E05001772","wd11nm":"Boulton"}},{"type":"Polygon","arcs":[[-1966,-2494,-1768,-2240,-335]],"id":8569,"properties":{"wd11cd":"E05001768","wd11nm":"Allestree"}}]}},"arcs":[[[68063,36992],[-12,5],[-28,-6]],[[68023,36991],[-27,-7],[-25,2],[-23,-7],[-1,-8],[-42,-38],[-4,-11],[13,-15],[17,-11],[5,-11],[4,-31],[-14,-13],[7,-15],[30,-22],[29,-1],[28,-16],[11,-23],[-6,-15],[-34,-34],[1,-10],[-28,-22],[-18,-24],[-40,11],[-7,12],[-10,-2],[-2,-5],[-10,5],[-7,13],[-7,1],[-19,-8],[-35,-41]],[[67809,36645],[-5,3],[2,17],[-10,5],[7,12],[-3,12],[9,4],[10,26],[-4,16],[-33,16],[22,55],[-43,12],[-34,19],[-15,17],[-3,-7],[-8,-2],[-34,4],[-23,41],[5,10],[70,48],[8,21],[-6,10],[-45,5],[-28,22],[-13,0],[-6,-6]],[[67629,37005],[-21,65],[7,11],[1,17],[26,18],[24,4],[6,7],[-5,6],[55,4],[59,17],[44,6]],[[67825,37160],[-1,-29],[13,-12],[24,-9],[10,-17],[-3,-6],[29,-6],[34,-21],[20,-3],[16,-16],[28,-2],[10,5],[31,-3],[17,-9],[10,-14],[0,-26]],[[63314,36042],[-83,-61],[5,-6],[-4,-5],[-36,-18],[-3,3],[-23,-14],[2,-6],[-22,-9],[13,-14],[-74,-30],[-53,-13],[-15,0],[-73,26],[-31,18],[-15,16],[-55,38],[-28,15]],[[62819,35982],[15,6],[6,10],[-6,32],[-11,10],[0,7],[-16,9],[-48,10],[-10,22],[6,8],[23,3],[26,-5],[1,9],[7,-4],[9,1],[6,49],[-30,37],[5,9],[-18,13],[8,5],[-1,7],[-21,11],[11,8],[-13,4],[0,14],[-10,-5],[-8,8],[-1,10],[13,3],[-9,4],[3,12],[-7,3],[12,7],[-11,9],[8,22],[-28,9],[9,15],[-59,16],[-40,1],[-10,9],[10,28],[5,4],[9,-4],[-6,9],[14,10],[-5,33],[-15,26],[-14,46],[6,7],[-8,6],[10,13],[-12,7],[-2,13]],[[62622,36578],[15,0],[8,9],[10,1],[-1,9],[19,8],[14,17],[0,9],[19,19],[32,14],[10,-5],[7,8],[13,-4],[-4,6],[15,28],[-7,3],[11,16],[13,2],[-2,6],[105,37],[17,2],[11,-3],[30,8],[8,9],[-4,2],[3,18],[7,5],[11,0],[15,25],[14,-6],[3,8],[12,2],[-5,12],[18,6],[1,6],[16,-9],[15,4],[3,-4],[17,7],[4,-8],[8,1],[0,-5],[14,-2],[9,11],[6,-6],[13,5],[5,-6],[5,5],[8,-3],[22,9],[8,-3],[5,5],[20,0],[-1,3],[14,5],[2,4],[26,3],[2,7],[20,2]],[[63281,36880],[16,1],[15,-5],[21,-32],[-79,-45],[-8,5],[-15,-12],[-17,-2],[-10,-7],[65,-79],[-14,-16],[19,-64],[46,-77],[-12,-20],[-18,-11],[-7,-14],[-23,-7],[-41,-38],[-9,-19],[-23,-18],[10,-9],[24,-4],[1,-57],[-27,-14],[-10,-24],[-2,-18],[22,-35],[-21,-7],[-24,-20],[23,-21],[-4,-5],[54,-70],[21,2],[12,-28],[18,-13],[11,-24],[-10,-2],[29,-29]],[[66368,39148],[1,-9],[-15,-13],[-3,-30],[7,3],[8,-8],[-7,-5],[10,-4],[-4,-15],[10,0],[-4,-19],[7,0],[2,-14],[-2,-31],[-15,-34],[-8,-6],[-6,-23],[6,-17],[8,-76],[14,-15],[9,1],[0,-24],[-16,2],[-1,-79],[31,25],[10,22],[16,17],[4,21],[81,-4],[94,-24],[78,-8],[38,-9]],[[66721,38772],[3,-36],[35,-13],[-1,-12],[66,-7],[36,-20],[36,-7],[96,12],[8,-30],[-28,-51]],[[66972,38608],[-7,9],[-30,-4],[-10,5],[-33,0],[-10,-5],[-12,-15],[1,-29],[19,-1],[-11,-64],[-33,4],[-27,14],[-23,25],[-25,16],[-9,26],[-19,12],[-31,7],[-29,-4],[-27,-24],[-9,-49],[-26,-1],[-5,-3],[3,-11],[-20,-8],[0,-5],[-16,-6],[-21,0],[-13,-38],[-44,-18],[-59,-16],[-11,47],[-13,14],[-10,1],[-2,7],[-20,11],[-29,48],[-15,12],[-5,27],[-24,51],[8,6],[-10,23],[-11,1],[-1,6],[-12,5],[-46,-1],[-33,-15],[-25,-1],[-14,-6],[-24,-25],[-60,-34]],[[66089,38602],[-23,42],[-70,-13],[-2,6],[-27,-4],[-72,-21],[-101,9],[-9,-5],[-5,6],[-35,4],[-9,0],[-7,-8],[-18,2],[-3,-8],[-22,14],[-5,15],[-11,6],[-72,-47],[4,-5],[-13,-39],[-18,-33],[4,-25],[-12,-65],[10,-12],[6,1],[-3,-9],[11,-6],[6,-17],[-7,-1],[3,-13],[-8,-16],[7,-19],[-7,-3],[-3,-35],[-13,-18],[-13,-3],[-29,5],[-4,11],[-65,-62],[-5,-10],[2,-13],[-26,-1],[1,-6],[-9,-3],[-32,-34],[-8,-22],[-2,-40],[4,-28],[35,-42],[49,-28],[24,-20],[53,-26],[31,-38],[36,-31],[21,-10]],[[65628,37884],[-13,-2],[-10,-8],[-7,3],[-22,-10],[-7,5],[-18,-17],[-6,6],[-27,2],[-1,-7],[-11,-3],[-12,-10],[-6,4],[-8,-10],[-8,3],[-13,-20],[-16,-5],[-3,-6],[-22,-3],[-8,3],[-23,-6],[-10,3],[-2,-8],[-5,3],[-6,-7],[-5,3],[-7,-8],[-11,0],[-26,10],[-1,-7],[-9,0],[-7,12],[-21,5],[-12,17],[7,9],[-7,7],[5,3],[-17,31],[4,36],[-9,14],[-32,1],[-13,13],[-38,1],[-22,8],[-43,-5],[-20,11],[-26,4],[-46,29],[-19,9],[-9,-1],[1,7],[-7,-1],[-12,8],[-21,-4],[-13,12],[-14,2],[-13,17],[-37,4],[-23,14],[-12,17],[39,52],[-2,21],[-8,-3],[-23,6],[-27,0],[12,25],[-57,9],[6,9],[39,21],[30,44],[21,5],[-15,30],[5,30],[-9,5],[-4,11],[7,3],[2,32],[22,5],[0,31],[7,4],[2,22],[-8,-1],[-6,-12],[-27,-22],[-138,-64],[-39,-34],[-17,-7],[-15,8],[-19,-17],[-40,64],[-20,22]],[[64547,38371],[2,41],[-10,-2],[-8,9],[-12,0],[-10,20],[1,13],[-48,29],[-14,18],[8,8],[-5,11],[10,9],[12,38],[-18,31],[-30,22],[-40,17],[-16,-2],[-28,10],[-28,17],[1,37],[-12,62],[55,4],[8,-12],[14,5],[40,-33],[45,-22],[70,80],[16,41],[29,-8],[15,-11],[61,-71],[12,33],[15,17],[15,11],[16,23],[36,19],[-52,47],[-35,71],[-2,18],[14,24],[2,37]],[[64676,39032],[30,-25],[-3,-5],[55,-38],[91,-48],[54,0],[70,14],[59,-4],[27,-9],[1,19],[29,2],[0,5],[22,6],[-1,13],[21,5],[5,10],[-7,62],[5,4],[-13,60],[30,23],[22,7],[10,16],[9,0],[1,6],[18,8],[41,5],[13,-8],[77,21],[33,3],[28,12],[15,-1],[18,8],[51,8],[7,5],[27,-6],[6,-8],[32,-4],[26,-18],[15,-1],[8,-6],[16,-4],[27,7],[6,-5],[0,-9],[27,-4],[13,11],[15,3],[45,27]],[[65757,39199],[23,27],[28,6],[3,-7],[4,11],[7,-5],[32,11],[14,17],[24,17],[-2,5],[19,2],[15,11],[11,-1],[11,17],[15,7],[8,-3],[6,7],[10,-6],[-15,-62],[39,10],[1,-6],[35,-10],[0,-3],[18,2],[2,-7],[10,3],[83,-22],[22,-10],[22,11],[10,-1],[13,-11],[5,-12],[22,6],[13,-23],[36,7],[8,-5],[25,1],[14,-23],[17,1],[3,-13]],[[70764,42038],[10,-12],[-23,-8],[-30,-29]],[[70721,41989],[-23,-19],[-26,-42],[-59,-39],[-51,-29],[-3,2],[-24,-20],[-9,0],[-5,-18],[-21,-13],[1,-9],[-36,-14],[-4,-25],[-55,-4],[-12,22],[-8,3],[-11,-6],[-6,18],[-26,-3],[-1,-12],[-13,-5],[-2,5],[-35,-3],[-7,10],[-83,-10],[-1,-9],[-28,2],[-7,32],[-32,-6],[-3,5],[-21,-7],[-5,-8]],[[70105,41787],[-9,4],[-11,-3],[-25,15],[6,14],[-6,11],[3,11],[-26,13],[-6,8],[-28,1],[6,10],[-7,14],[9,14],[-24,-2],[15,12],[-9,17],[-5,-4],[-8,9],[-1,13],[-8,3],[-10,-4],[-15,13],[-12,34],[11,16],[-5,20],[-3,3],[-30,-22],[-14,27]],[[69893,42034],[19,6],[-17,38],[-33,0],[-23,18],[3,29],[16,14],[9,4]],[[69867,42143],[8,19],[43,14],[-3,6],[8,4],[21,2],[12,-22],[-7,-3],[12,-19],[-1,7],[11,5],[-3,39],[76,10],[71,21],[-13,33],[4,17]],[[70106,42276],[170,-7],[19,6],[23,19],[86,9],[4,-15],[36,4],[-7,-17],[-23,-3],[4,-15],[18,4],[2,-7],[9,0],[3,-23],[-6,0],[-1,-7],[-12,1],[-8,-20],[-18,-9],[-27,5],[-2,-15],[16,-3],[-7,-19],[20,-7],[7,10],[15,-8],[3,4],[34,-13],[52,24],[14,-16],[1,-12],[28,-34],[36,5],[20,-2],[25,6],[74,-23],[8,-6],[14,0],[6,-26],[22,-28]],[[63842,55339],[16,-25]],[[63858,55314],[-7,-119]],[[63851,55195],[-20,-40],[-6,4],[-56,-20]],[[63769,55139],[-43,42],[-20,29]],[[63706,55210],[3,24],[41,27],[-32,30]],[[63718,55291],[53,45],[2,9],[19,11],[28,-21],[22,4]],[[71408,41842],[-8,-5],[-11,3],[-1,-17],[18,-28],[15,-6],[-6,-8],[8,-40],[-4,-9],[10,-11],[-10,-14],[-4,-21],[-37,-22]],[[71378,41664],[-15,-8],[1,-9],[-5,-5],[-23,-5]],[[71336,41637],[17,16],[-92,48],[-72,20],[-23,20],[-35,19],[-103,-91],[-26,11],[-15,-9],[-40,16],[-39,-13],[-26,17],[-7,-9],[-27,3],[-1,-7],[-17,5],[-9,-13]],[[70821,41670],[-35,28],[10,31],[7,-3],[36,125],[-49,25],[-34,37],[28,36],[-63,40]],[[70764,42038],[6,10],[74,50],[14,22],[2,44],[-36,58],[-4,92]],[[70820,42314],[15,-4],[7,-10],[16,2],[18,23],[13,27],[55,-1],[17,9],[-1,10],[7,-1],[17,11],[10,-1],[-5,6],[25,7],[4,-3],[21,25],[0,11],[26,-2],[25,7],[8,10],[-6,7],[1,13],[7,-1],[29,28],[10,-2],[44,20],[24,-6],[13,1],[16,12],[44,0],[1,-4],[-14,-5],[-46,-6],[1,-9],[24,-8],[4,-6],[44,11],[22,16],[27,5]],[[71343,42506],[11,-4],[8,-16],[13,2],[29,-15],[11,9],[6,-4],[26,10],[8,-3],[11,-13],[-2,-8],[15,1],[15,-23],[16,-10],[15,-1],[25,13],[5,-1],[7,8],[14,2],[7,9],[55,-9],[9,5],[0,6],[46,6],[12,10],[52,-2],[50,-14],[7,5],[10,43]],[[71824,42512],[4,-30],[16,-25],[14,-49],[-6,-62],[-15,11],[2,16],[-29,6],[-28,-27],[-14,-4],[-10,6],[-29,-10],[-56,-29],[18,-4],[-7,-46],[-27,29],[-18,9],[-4,13],[-43,14],[-63,6],[-7,-4],[2,-12],[-5,-4],[-39,-10],[-20,7],[-24,-9],[-40,-32],[-8,-13],[13,-34],[23,-3],[7,-19],[63,-24],[60,-35],[-1,-16],[9,-4],[-3,-24],[-21,4],[-26,-19],[-17,-1],[-82,-40],[-59,-52],[-2,-43],[12,-41],[12,-18],[1,-14],[19,-22],[10,1],[2,-13]],[[64005,55087],[-12,-17],[5,-9],[-14,-20],[-60,-10],[8,-5],[12,-19],[-1,-34],[-11,-16],[4,-9],[12,1],[6,-24],[-39,-11],[-2,-7]],[[63913,54907],[-38,2],[7,13],[-27,44],[-38,-14],[-4,24],[8,40]],[[63821,55016],[-5,28],[22,4],[30,24],[13,-2],[18,20]],[[63899,55090],[18,-8],[12,-17],[6,15],[16,-4],[6,15],[25,-7],[6,9],[17,-6]],[[71602,43615],[-66,10],[-5,-26],[-18,3],[-25,-3],[-22,-18],[-17,0],[-3,-19],[55,-25],[39,-7],[-39,-53],[6,-49],[58,-73],[34,26],[11,3],[22,-10],[22,2],[11,-36],[3,-31],[-8,-36],[1,-16],[18,-30],[-9,-30],[4,-29],[-66,-13],[-5,-42],[4,-22],[42,-31],[38,-40],[-8,-29],[-9,-6],[-3,-22],[8,-14],[23,-16],[7,-13],[-6,-7],[3,-32],[-9,-30],[-36,-61],[-3,-21]],[[71654,42769],[-25,8],[-3,-3],[-11,18],[-13,11],[-7,-3],[-23,18],[-47,-15],[-54,-34],[-4,3],[-31,-18],[-46,-3],[-47,-59],[23,-8],[8,-26],[-14,-52],[-5,-70],[-8,6],[-4,-36]],[[70820,42314],[-6,-4],[-4,9],[-6,-4],[-11,4],[-6,10],[-14,3],[4,6],[-8,6],[12,5],[13,26],[-8,31],[3,14],[14,22],[15,55],[33,68],[67,69],[-25,14],[23,27],[-105,61],[4,18],[16,31],[22,-9],[5,3],[5,14],[-8,30],[3,19],[22,-5],[4,-7],[9,19],[8,3],[-6,27],[7,46],[28,13],[18,28],[-87,0],[8,36],[-5,49],[-40,27],[-49,47],[-6,28],[13,56],[-3,13],[-39,-1],[-25,-15],[-23,-6],[-30,14],[-83,20],[-31,19],[-80,-35],[-69,-6],[1,30],[-10,17],[-8,35],[0,30],[10,29],[-11,53],[69,39],[-118,106]],[[70332,43551],[10,36],[66,57],[65,15],[46,31],[64,18],[41,33],[24,-13],[13,-14],[35,-11],[30,19],[5,11],[-13,16],[-9,40],[-26,15],[23,35],[19,53]],[[70725,43892],[31,38],[18,40],[52,38],[25,12],[118,32]],[[70969,44052],[65,13],[17,8],[27,-9],[-4,-50],[6,-26],[13,-22],[-5,-12],[12,1],[33,-20],[57,-11],[67,-56],[9,3],[23,-35],[15,-71],[17,4],[38,28],[39,8],[9,-7],[48,-6],[14,-7],[52,4],[-1,-11],[28,-32],[27,4],[7,-3],[-1,-32],[23,-24],[-2,-76]],[[64296,55323],[-68,-41],[-62,34],[-14,-22],[-11,5],[-14,-23],[-10,4],[-10,-17]],[[64107,55263],[-41,7],[-27,-13],[1,6]],[[64040,55263],[4,12],[-10,2],[-1,41],[-8,3],[1,12],[-11,18],[-15,12],[-2,16],[7,9],[23,11],[9,15],[22,15],[1,11]],[[64060,55440],[27,23],[39,16]],[[64126,55479],[13,-2],[42,-39],[9,-15],[-24,-13],[-22,-32],[23,-8],[6,-15],[9,5],[22,-14],[7,7],[13,0],[53,-25],[11,11],[8,-16]],[[65445,39756],[-15,-9],[1,-6],[-11,-10],[106,-155],[3,-25],[24,-18],[137,-206],[20,-39],[2,-31],[45,-58]],[[64676,39032],[-19,18],[-13,39],[-14,12],[-41,60]],[[64589,39161],[43,-5],[38,11],[20,23],[38,14],[40,32],[47,48],[29,14],[-2,16],[-34,5],[-12,12],[-3,10],[12,27],[21,-10],[9,0],[0,8],[-26,8],[-30,36],[-64,52],[5,5],[4,-5],[8,13],[17,2],[-1,5],[9,3],[3,13],[6,2],[-2,10],[12,1],[3,16],[18,10],[-1,8],[10,-1],[1,10],[14,1],[0,11],[12,7],[-3,3],[12,10],[-2,10],[6,6],[-6,1],[14,9],[-6,7],[1,11],[-8,3],[-6,22],[11,8],[-2,9],[5,3],[-9,15],[28,56],[-6,-5],[-57,-1]],[[64805,39740],[-3,88],[7,64],[-9,24],[-12,12],[3,18],[-30,3],[-9,56],[-17,-5],[-3,24],[-10,3],[-20,95]],[[64702,40122],[47,-2],[79,39],[35,6],[17,-18],[31,3],[12,12],[22,10],[50,10],[48,-17],[54,3],[29,-7],[9,-5],[13,-21],[14,-9],[54,-85],[81,-2],[-2,-5],[14,-9],[-13,-12],[2,-8],[-18,-4],[0,5],[-19,2],[6,-12],[-16,-14],[-3,8],[-21,-6],[3,-6],[-10,-12],[8,-7],[-9,-7],[8,-18],[19,-4],[-3,-6],[14,-11],[7,4],[3,-5],[17,-2],[-3,6],[9,2],[4,-6],[17,-3],[4,-12],[-4,-3],[7,-10],[-7,-5],[19,-16],[-10,-14],[13,-23],[-4,-8],[2,-8],[8,-6],[11,4],[9,-8],[11,1],[9,-8],[12,1],[25,-20],[9,3],[11,-5],[11,-11],[-2,-5]],[[63417,55727],[-14,-57],[10,-49],[32,-22],[66,-27],[101,-53]],[[63612,55519],[-26,-38],[10,-12],[-24,-22],[-30,25],[-26,33],[-45,-36],[-17,17],[-26,-14],[65,-58],[29,-19]],[[63522,55395],[-37,-36],[-50,0],[-39,14],[-26,-15],[5,-9],[44,-2],[29,-7],[-5,-29]],[[63443,55311],[-7,-22],[-126,15],[-28,-5]],[[63282,55299],[-33,20],[-48,-20],[-45,23],[-36,6],[-14,-2],[-18,29],[-3,64],[-12,20],[-8,36],[-15,17]],[[63050,55492],[64,5],[11,6],[5,12],[12,6],[-6,12],[14,5],[23,22],[-5,5],[10,2],[-3,5],[8,12],[-6,16],[16,12],[23,8],[21,20],[-8,32],[-6,3],[26,15],[4,12],[20,19],[35,16],[12,-2],[5,4],[15,-6],[0,-6],[20,-4],[7,4],[28,-6],[22,6]],[[68452,41115],[15,-17],[-5,-10],[18,-20],[-3,-16],[12,-23],[1,-29],[9,-8],[6,-34],[16,-23],[-3,-4],[19,-55],[32,-42],[31,-78],[-1,-16],[-15,-17],[-5,-30],[-2,-26],[8,-24],[-7,-52],[-18,-52]],[[68560,40539],[-76,-5]],[[68484,40534],[-8,10],[-36,-23],[-12,0],[-59,60],[-7,15],[-18,18],[-4,19],[-5,1],[-39,-10],[-23,-20],[-60,37],[-30,-8],[-54,0],[-8,-18]],[[68121,40615],[-19,4],[-34,-40],[-35,23],[9,30],[-52,15],[-21,-32],[-28,21],[-62,-42]],[[67879,40594],[-58,49],[-27,17]],[[67794,40660],[-46,52],[-17,56],[9,12],[13,2],[6,6],[-18,78],[7,93],[-22,4],[13,36],[-9,3],[17,28],[-47,28],[15,28],[-35,0],[-11,39],[-60,65],[-28,46]],[[67581,41236],[20,-3],[-2,8],[8,7],[-11,2],[1,9],[11,6],[4,13],[11,1],[9,11],[17,-3],[9,7],[17,-1],[27,5],[45,-4],[39,-24],[4,5],[29,0],[13,-3],[14,-13],[4,6],[10,-5],[7,6],[19,-5],[5,4],[8,-6],[13,8],[6,-3],[-1,14],[7,-4],[0,7],[11,-2],[2,8],[10,-7],[8,4],[3,-6],[13,8],[16,-2],[1,17],[10,5],[-1,6],[9,5],[-4,6],[4,7]],[[68006,41330],[7,-4],[29,-83],[45,-32],[18,-23],[-3,-8],[16,-7],[-8,-23],[0,-52],[19,-41],[-4,-16],[19,-15],[25,12],[9,-4],[4,7],[39,2],[38,20],[8,2],[7,-4],[23,9],[20,13],[3,-4],[20,9],[12,-2],[1,5],[11,-1],[88,25]],[[63659,55329],[-38,-39],[6,-4],[-5,-5],[-35,-24],[-8,2]],[[63579,55259],[-37,24],[-36,6],[-36,16],[-27,6]],[[63522,55395],[65,-38],[34,-10],[38,-18]],[[63790,40426],[33,-13],[41,2],[-3,-50],[26,-3],[-6,-38],[6,-17],[11,-9],[-16,-22],[13,-26],[0,-62],[-7,-14],[0,-29],[-22,-20],[4,-12],[-15,-10],[-11,-58],[64,-6],[16,4],[103,2],[77,17],[-5,-9],[12,-15],[32,4],[6,-12],[65,18],[26,-19],[26,-6],[11,2],[16,-7]],[[64293,40018],[29,-32],[25,-11],[35,2],[35,16],[19,-1],[-5,43],[18,-2],[41,14],[1,34]],[[64491,40081],[44,-7],[1,4],[24,3],[35,21],[13,0],[36,19],[58,1]],[[64805,39740],[-17,-4],[-50,3],[-34,-13],[-27,-2],[-12,7],[-27,-8],[-42,2],[-11,7],[-56,-4],[-69,10],[-47,-4],[-13,11],[-35,6],[-9,-7],[-9,-29],[-9,-6],[-7,-24],[-9,-3],[-15,9],[-24,-57],[-5,-30],[10,-17],[-9,-44],[-50,28],[-31,-18],[-52,14],[-47,-2],[-39,-20],[-68,8],[-13,-27],[-19,-10],[-6,1],[-2,-14],[-5,-3],[-1,9],[-13,20],[-45,48],[-21,-29],[-22,12],[-72,9],[-36,14],[-15,-26],[-23,-22],[-89,-59],[-26,-30],[1,-9],[-20,-13],[-56,-14],[-16,-12],[-28,3],[-36,-27],[-55,47],[-60,22],[-45,5],[-74,15],[-21,-2],[-122,9]],[[63052,39470],[-14,71],[-40,9],[-44,21],[-68,49],[-6,11],[-14,7],[-16,21],[-8,36],[15,20],[27,7],[11,13],[-71,20],[-3,23],[-18,55],[-32,50],[-15,13],[-8,25]],[[62748,39921],[57,1],[56,-10],[104,-47],[6,24],[-15,13],[19,24],[-9,10],[8,23],[16,17],[83,47],[43,49],[34,18],[9,1],[6,-7],[47,14],[74,-19],[35,7],[32,15],[5,19],[29,13],[3,8],[-3,6],[8,5],[-3,6],[-6,-5],[-7,15]],[[63379,40168],[8,4],[-1,10],[11,8],[-7,4],[12,0],[0,5],[12,-5],[0,10],[26,8],[12,19],[7,-2],[-1,13],[14,11],[9,-5],[12,17],[-8,3],[8,12],[22,7],[2,4],[13,1],[10,15],[6,-4],[18,8],[-6,6],[16,9],[14,23],[-5,3],[5,5],[-8,14],[8,7],[2,10],[-11,6],[-3,13]],[[63576,40407],[69,22],[1,-3],[85,-7],[42,2],[17,5]],[[68655,40172],[-1,-14],[78,23],[45,-199]],[[68777,39982],[0,-4],[-15,-5],[-77,-8],[-48,-11],[-5,26],[-16,-11],[-12,2],[-15,-6],[-20,6],[-15,-6],[-24,6],[-23,-12],[-26,-22],[-30,-12],[-44,-4],[-10,-10],[-78,8],[-21,-8],[-26,-2],[-17,5],[-10,-12],[-25,8],[-31,-6],[-18,-10]],[[68171,39894],[8,11],[-6,7],[-5,-4],[-10,0],[-32,40],[60,54]],[[68186,40002],[36,27],[-12,14],[-4,20],[6,24],[33,60],[0,21],[-9,20]],[[68236,40188],[69,36]],[[68305,40224],[54,-56],[8,-23],[2,-60],[5,2],[1,-11],[11,-3],[1,-8],[9,1],[3,-11],[37,7],[25,11],[97,61],[6,9],[16,1],[75,28]],[[69992,43965],[-26,-3],[-56,7],[-65,24]],[[69845,43993],[66,56],[7,16]],[[69918,44065],[39,4],[70,26]],[[70027,44095],[-35,-130]],[[68045,40381],[20,-68],[-38,-13]],[[68027,40300],[-48,-13],[-17,-10],[-66,-58],[-5,7],[-5,-7],[-14,7],[-7,-4],[1,-7],[-24,-3]],[[67842,40212],[-27,-6],[-1,7],[-7,-2],[-5,52]],[[67802,40263],[12,22]],[[67814,40285],[13,21],[20,-10],[53,12],[11,-1],[-10,26],[-11,-8],[-4,2],[21,15],[3,13],[27,16],[-9,15],[-4,-2],[-7,18],[68,37],[31,34]],[[68016,40473],[29,-92]],[[62939,45535],[1,-5],[16,-4],[-7,-9],[1,-7],[-15,-2],[1,-10],[-5,2],[-7,-24],[-29,-10],[1,-7],[9,-2],[-14,-30],[-8,-1],[-20,-25],[-5,6],[-6,-5],[-11,5],[2,4],[-15,3],[-1,-5],[-19,-4],[4,-4],[-10,-2],[-3,-8],[-14,-3],[-8,-8],[-28,3],[-5,-7],[-8,5],[-40,6],[-6,17],[-75,-21],[-32,6],[-5,-6],[2,-12],[-45,-22],[-14,2],[-6,7],[-24,-1],[-13,18],[-20,-6],[-9,6],[-3,-6],[-10,2],[-21,-10],[-7,4],[3,9],[-9,6],[0,6],[-83,39],[7,20],[-56,12],[-26,-48],[-34,15]],[[62210,45424],[11,14],[-40,60],[-17,16],[-3,44],[-6,15],[-22,-5],[-4,26],[10,16],[81,22],[48,28],[-4,7],[17,24],[-2,7],[14,7],[-3,8],[7,10],[-3,46],[5,18],[14,18]],[[62313,45805],[13,-6],[12,1],[1,6],[14,-5],[18,1],[7,4],[7,-7],[9,4],[33,-1],[20,-8],[11,-9],[13,-1],[13,9],[-5,32],[3,13],[5,-1],[-2,-14],[5,-9],[46,-27],[23,-1],[34,11],[33,28],[27,31]],[[62653,45856],[4,-4],[-25,-33],[-22,-15],[-30,-41],[25,-8],[9,-13],[-6,-10],[9,-5],[-4,-23],[-17,-41],[94,-29],[36,-4],[30,-19],[40,-15],[88,-20],[35,-4],[6,4],[1,-17],[7,-1],[6,-23]],[[67245,43689],[-68,26],[-19,1]],[[67158,43716],[-78,28],[-72,17],[3,5],[-77,9],[-6,52],[-19,-3],[4,35],[-7,1],[-8,-5],[-5,5],[2,6],[-13,1],[-3,12],[7,6],[-6,6]],[[66880,43891],[97,-12],[7,21],[28,-8],[8,9],[6,0],[21,-9],[3,21],[19,-7],[23,3],[6,-5],[20,15],[13,-16],[29,13],[16,-1],[36,17]],[[67212,43932],[20,-48],[28,14],[-6,-25],[-17,1],[28,-40],[24,-52],[-3,-20],[-41,-73]],[[63429,45230],[27,-15],[31,-29],[-2,-3],[39,-22],[40,-32],[2,-10],[58,-57],[-10,-10],[24,-14],[13,-31],[21,-31]],[[63672,44976],[-41,-21],[8,-22],[-5,-2],[-8,21],[-31,-15],[6,-13],[-10,-3],[-8,11],[-16,-8],[-68,-47],[-40,-39]],[[63459,44838],[-4,9],[4,19],[-13,6],[-4,-3],[-10,11],[-6,24],[-5,-4],[-8,8],[-17,4],[-10,-12],[-19,13],[-32,12],[-6,5],[5,7],[-24,16],[-6,13],[-40,5],[-82,29]],[[63182,45000],[14,24]],[[63196,45024],[25,21],[172,203],[36,-18]],[[63982,43802],[-38,-47],[-24,-3],[-15,-15],[-30,-63],[-31,-23],[-6,-17],[-25,-3],[-16,9],[-6,-3],[-17,8],[3,6],[-9,7],[-5,-6],[-29,20],[-27,-23],[7,-11],[-7,-9],[-19,-13],[-15,11]],[[63673,43627],[-24,17],[18,13],[20,2],[0,23],[8,0],[6,69],[-4,6]],[[63697,43757],[23,48],[6,54],[18,40],[-27,56],[18,25],[47,42],[2,-9],[18,17]],[[63802,44030],[20,-15],[33,-43],[57,-24],[32,-6],[1,-13],[-16,-45],[31,-27],[15,-33],[1,-20],[6,-2]],[[65494,44435],[100,-6],[1,-3],[91,-18],[12,2],[28,-10],[2,6],[20,-3],[37,-14],[-6,-21],[7,-8],[-7,-1],[1,-18],[3,-15],[7,-6],[-1,-8],[10,-9],[-8,-8],[-42,-7],[-10,-8],[4,-7],[1,-22],[-6,-26],[11,-20],[7,0],[13,-11],[12,-24],[-42,-43],[-8,-22],[-19,-7],[0,-21],[-20,-11],[-2,-25],[6,-11],[-8,-13],[-18,1],[4,-14],[-4,-8],[-14,-2],[-27,-16],[0,-31],[-5,-7],[10,-42],[29,-4],[10,-9],[2,-38],[15,0],[-3,-31],[39,-5],[23,-48],[28,-22],[18,-30],[42,-35],[11,-30],[40,-27]],[[65888,43619],[-12,-40],[-21,-22],[-52,-25],[-13,-16],[-26,-14],[-40,-53],[-41,-44],[5,-21],[16,-17],[38,-3],[18,7],[12,12],[26,-20],[15,-47],[-5,-70],[-9,-20],[-32,-23],[-20,-51],[-37,-1],[-32,-22],[-56,-59],[-6,-11],[2,-49],[-14,-6],[-12,2],[-14,-8],[-2,5],[-20,1],[-15,20],[-26,8],[-10,-8],[-10,6],[1,7],[-19,16],[4,26],[-13,20],[-7,-2],[-5,12],[-11,-3],[-6,8],[-20,-5],[-3,11],[-22,1],[-4,22],[-9,1],[-1,7],[10,6],[-7,18],[-11,4],[2,9],[8,3],[-2,9],[-20,6],[-5,-5],[-5,6],[-14,0],[-1,4],[-45,12],[6,6],[-18,7],[-1,6],[-8,-5],[-12,9],[-11,-5],[-7,5],[-24,-5],[-19,5],[-4,-19],[-14,-8],[-8,-10],[-22,-13],[-6,2],[0,-9],[-15,8],[-11,-5],[-5,-12],[-7,4],[-7,-9],[4,-4],[-10,-5],[-20,-22],[6,-32],[8,-1],[1,-10],[-13,-12],[-10,2],[-4,-10],[-10,0],[-14,-9],[-8,-15],[-37,0],[-9,-4]],[[64981,43053],[-8,-5],[0,-7],[-13,-2],[-8,4],[-4,-9],[-9,1],[-2,-7],[-10,0],[-9,-16],[-20,-7],[-10,8],[-3,-12],[-11,1],[-7,-8],[-8,-3],[-20,7],[-28,-8],[5,6],[-13,0],[-2,-8],[-16,-1],[-11,-24],[-7,1],[-4,-11],[-9,-2],[11,-9],[-14,-17],[-11,5],[-7,-4],[0,9],[-7,4],[-9,-3],[2,-6],[-15,7],[-14,-4]],[[64690,42933],[-28,50],[-61,70],[5,7],[-14,24],[5,21],[7,8],[-13,7],[-4,8],[-21,3],[7,29],[-25,5],[-3,43],[-53,42],[-31,-1],[20,11],[88,73],[-15,10],[12,14],[26,-7],[147,110],[7,1],[5,30],[15,9],[-2,39],[10,20],[18,11],[2,12]],[[64794,43582],[17,-3],[34,30],[57,15],[56,6],[19,48],[89,-36],[61,98],[46,28],[21,23],[42,97],[-21,14],[-37,70],[-17,13],[-22,7],[-22,21],[11,2],[9,24],[32,27],[-11,15],[-4,29],[6,59],[-25,12],[13,25],[-29,22],[3,3],[-10,9],[5,4],[-20,17],[6,7],[-27,89],[12,18],[14,5],[40,-11],[24,17],[126,40],[12,14],[39,-15],[7,1],[18,-13],[44,22],[27,-27],[55,27]],[[64658,48164],[8,-10],[-19,-56],[-36,-42],[-22,-13],[4,-5],[-18,-13],[-14,0],[-22,-7],[1,-20],[-53,-39],[-13,-16],[-48,9],[-6,12],[-28,-18],[-28,-6],[-69,173]],[[64295,48113],[22,19],[52,8],[35,0],[18,-20],[13,2],[49,21],[13,12],[9,-6],[3,-17],[39,8],[15,8],[11,-14],[15,5],[17,46],[-23,38]],[[64583,48223],[13,10],[13,-1],[7,-9],[-1,-12],[25,-20],[8,-19],[10,-8]],[[64826,47221],[-51,9],[0,-8],[-8,0],[-4,-16],[-15,1],[3,-21],[-8,-17],[-55,-36],[-29,-39],[-10,4]],[[64649,47098],[1,84],[14,43],[16,28],[10,69],[1,108],[184,9],[54,8]],[[64929,47447],[13,-18],[26,-6],[29,-26],[0,-25],[-24,-51],[3,-6],[-27,-14],[-24,11],[-8,10],[-25,3],[-17,-6],[-7,8],[-8,0],[-39,-39],[-20,-28],[4,-19],[21,-20]],[[63635,48716],[-15,-15],[38,-25],[-53,-52],[31,-20],[-5,-4],[4,-8],[-6,-4],[16,-26],[-77,-39],[19,-6],[13,-22],[-38,-31],[-13,10],[-23,-7],[-16,6],[-24,-44],[2,-11],[-14,-3],[-25,-20],[6,-19],[-27,-40]],[[63428,48336],[-26,-16],[0,-17],[13,-14],[-38,-19],[-19,-2],[-18,14],[-12,-10],[-62,-15],[-10,19],[-36,-13],[-14,29]],[[63206,48292],[-32,32],[-17,4],[1,40],[-91,60],[-67,2],[-9,5]],[[62991,48435],[10,18],[33,34],[118,57],[65,11],[33,-6],[39,10],[32,23],[96,103],[60,39],[84,38]],[[63561,48762],[74,-46]],[[64074,46302],[2,-19],[-42,-9],[-9,12],[-34,-14],[-2,-12],[-13,4],[-2,-4],[-62,-1],[-2,-80]],[[63910,46179],[5,-47],[29,-129]],[[63944,46003],[-101,4],[-13,67],[-16,49],[-83,163]],[[63731,46286],[8,5],[35,144],[-7,10],[0,13]],[[63767,46458],[10,-1],[4,-10],[49,-16],[87,-45],[11,-6],[10,-17],[15,2],[18,-18],[73,-40],[30,-5]],[[63910,47019],[-11,-15],[13,1],[5,-16],[-9,3],[-14,-5],[-10,-10],[18,-7],[-28,-23],[15,-9],[-21,-25],[-37,-13],[-6,-18],[3,-20],[-19,-42],[-14,0],[-8,-8],[5,-5],[-30,-28],[-7,2],[-19,-15],[8,-6],[12,5],[16,-19],[8,-1],[-8,-27],[26,-13],[-1,-9]],[[63797,46696],[-1,-20],[-25,-7],[-7,22],[-18,3],[-36,22],[-38,-9],[-9,-7],[-15,-38],[-41,-42],[15,-13],[-31,-25]],[[63591,46582],[-24,20],[28,36],[-45,31],[20,18],[-34,20],[6,21],[-47,25],[9,3],[-5,21]],[[63499,46777],[-3,3],[-10,-3],[-34,39],[-20,8],[37,24],[5,-4],[13,4]],[[63487,46848],[42,10],[29,1],[29,14],[23,23],[-2,9],[46,22],[11,56],[16,22],[63,35],[7,34],[31,4],[4,4]],[[63786,47082],[28,-18],[4,-9],[8,1],[3,-10],[8,0],[-14,-10],[23,-12],[22,-10],[12,17],[30,-12]],[[64526,45408],[-8,-32],[-39,9],[-8,-19],[-44,6],[-11,8],[-33,-5],[-3,-43],[-85,-6],[-3,-48],[-46,0],[0,-4],[-62,3],[-11,-53],[-27,0]],[[64146,45224],[-19,13],[10,79]],[[64137,45316],[4,31],[-4,27],[-41,79],[4,66],[11,34]],[[64111,45553],[32,2],[-1,-7],[19,0],[0,4],[53,0],[17,18],[18,-17],[1,-19],[26,1],[-3,-22],[5,-16],[86,-34],[73,-13],[41,-13],[15,-14],[33,-15]],[[70132,40773],[-10,0],[3,-12],[-12,-1],[-8,-19],[-16,-13],[17,-59],[-30,-6],[-1,-10],[-6,-2],[11,-24],[-9,-7]],[[70071,40620],[-112,-1],[-34,15],[1,12],[-37,10],[2,2],[-16,11],[-8,14],[-63,-6],[-44,7],[-62,76],[-32,28]],[[69666,40788],[59,35],[5,-4],[59,23],[50,11],[16,23],[42,24],[8,11],[85,-14],[41,18]],[[70031,40915],[50,-63],[17,-36],[34,-43]],[[78530,58963],[16,-19]],[[78546,58944],[-56,-30],[-116,-18],[-16,-6]],[[78358,58890],[-20,-3],[-32,-18],[-43,-2],[-15,6]],[[78248,58873],[-10,11]],[[78238,58884],[43,15],[73,49],[18,5],[80,44],[9,-1],[31,19]],[[78492,59015],[31,-30],[7,-22]],[[78229,59252],[-73,-21],[5,-36],[-26,-1],[-37,-60],[-7,-90],[54,2],[4,-19],[32,3],[36,-72],[-3,-39],[10,-32],[14,-3]],[[78248,58873],[-102,-44],[6,-9],[-20,-11],[9,-13],[-25,-12],[-5,-15],[3,-22],[-8,-4],[16,-50],[11,-2],[23,4],[62,-16],[87,21],[28,-52],[67,-78],[86,-15],[27,-10],[46,-1],[29,15],[21,17]],[[78609,58576],[117,71],[32,24],[-9,22],[13,21],[-2,10],[18,6],[-6,13],[33,65],[-33,25],[-7,35],[-11,13],[-23,10],[-31,5],[-39,-7]],[[78661,58889],[-15,12],[-1,7],[7,-5],[22,1],[8,8],[-37,47],[22,16],[2,12],[19,9],[5,-5],[37,17],[-20,22],[-5,-3],[-15,3],[-24,-13],[-22,-5]],[[78644,59012],[-9,9],[14,3],[-68,59],[-34,47],[-48,25]],[[78499,59155],[-12,16],[-18,7],[-24,-12],[-19,30],[-22,-4],[-117,43],[-21,18]],[[78266,59253],[36,6],[11,-13],[67,20],[7,-9],[82,21],[59,24],[32,27],[140,86]],[[78700,59415],[13,-6],[47,-54],[8,4],[28,-26],[12,5],[45,-25],[57,-44]],[[78910,59269],[-10,-9],[2,-5],[-8,-2],[1,-29],[5,-11],[38,-21],[42,-8],[33,-18],[42,-3],[9,-35],[-8,-6],[-5,-28],[34,-43],[-15,-12],[5,-5],[-22,-33],[7,-20],[20,12],[33,-50],[8,1],[24,-22],[56,29],[59,-143],[24,-37],[37,13],[22,-72]],[[79343,58712],[27,-69],[-1,-36],[19,-10],[21,-36],[21,-23],[25,-59]],[[79455,58479],[-114,-36],[-73,-46],[-4,-6],[9,-4],[-40,-33],[-30,-16],[-20,-20],[37,-15],[-34,-33],[2,-3],[36,21],[5,-33],[23,-45],[28,-26],[40,-22],[12,4],[18,-34],[44,-22],[13,-20],[26,-25],[49,21],[29,-3],[17,-5],[1,-10],[34,-27],[-16,-29],[-30,-30],[-44,-28],[-8,-19],[-54,-55],[-15,-23],[-36,-18],[20,-24],[-16,-18],[-79,-49],[5,-16],[-18,-24]],[[79272,57708],[-37,-16],[-18,-35],[-34,22],[-4,-4],[-22,-38],[4,-19],[-9,-54],[-32,-38],[7,-5],[-9,-2],[-8,-16],[4,-13],[24,-30],[19,-7],[18,4],[9,-9],[5,-28],[38,-34],[9,-30],[-3,-10],[-67,29],[-50,-77],[-35,19],[-19,-30],[-29,12],[1,7],[-52,42],[-27,4],[0,-12],[-22,14],[-19,25],[-20,1],[-13,16],[-33,6],[-1,11],[-27,4],[-24,20],[-8,-4],[-18,3],[-50,-30],[-39,-9],[16,-107],[18,-20],[-48,-3],[-27,-7]],[[78640,57260],[-104,-14],[-105,-32],[-38,4],[-91,-17],[-125,-13],[-24,4],[-125,41],[-47,10],[-71,69],[-29,39],[-28,19],[-54,17],[-20,23]],[[77779,57410],[-26,53],[18,137],[-9,86],[-24,24],[-44,24],[-59,52],[-43,26],[-39,40],[-70,88],[-108,82],[-62,64],[-102,73],[-88,106],[-13,63],[3,87],[-4,55],[-22,53],[-6,42],[-5,-1],[3,86],[-26,80],[6,7],[12,75],[10,25],[-9,8]],[[77072,58845],[3,13],[10,4],[-6,10],[23,7],[16,52],[-4,13],[25,23],[-26,24],[-3,9],[15,18],[-12,12],[25,23],[-3,7],[5,6],[-9,11],[17,14],[-34,33],[3,3],[-37,85],[99,9],[-12,42],[82,2],[2,10],[41,4],[0,36],[-39,67],[-3,-2],[-18,17],[-29,57],[71,25],[99,55],[11,-1],[68,30],[1,-5],[73,19],[64,8],[62,16],[21,14],[36,-74],[19,0],[34,-77],[53,16],[37,1],[21,-4],[61,-29],[33,-8],[23,0],[36,-14],[25,-24],[16,-27],[73,1],[33,-41],[8,-35],[48,-48]],[[82388,57207],[-283,-51],[-123,-17],[-140,-29],[-9,-7],[-3,-16],[-42,-48],[-9,-5],[-56,-6]],[[81723,57028],[-69,25],[-119,-25],[-44,-15],[-21,-1],[-39,-17],[-16,-12],[-5,4],[-10,-20],[14,-33],[-81,-158],[-111,-54],[-56,-15],[-24,-12],[-29,11],[-4,23],[-57,60],[-113,-67],[-83,78],[-46,30],[-24,73],[24,10],[-15,35],[-103,-37],[-19,37],[-26,-38],[-18,-13],[-5,12],[-36,-8],[-11,23],[-27,9],[-6,-2],[-17,22],[-42,-18],[0,32],[-14,-2],[-6,20],[-13,-3],[-12,15],[17,16],[-12,14],[-35,19],[-65,4],[-42,-29],[-13,1],[-42,-29],[-36,-38],[-63,-42],[-52,-12]],[[80097,56901],[-28,-1],[-74,47],[44,80],[-13,28],[12,20],[-31,73],[94,91],[2,13],[35,22]],[[80138,57274],[23,-1],[28,24],[34,18],[13,14],[-6,15],[9,8],[24,-2],[24,8],[52,-27],[64,-22],[16,1],[3,8],[54,17],[20,11],[27,5],[-10,-52],[14,-5],[29,-37],[71,23],[93,-7],[46,13],[44,-16],[16,0],[9,-6],[7,-22],[19,-7],[65,61],[33,58],[28,33],[42,35],[14,22],[8,20],[10,160],[17,0],[1,4],[34,-4],[82,5],[74,-8],[123,-5],[72,-45],[-4,-22],[26,-4],[29,11],[23,-10],[4,-7],[36,9],[-10,26],[32,6]],[[81600,57580],[16,-63],[501,161]],[[82117,57678],[101,-145],[91,-143],[0,-11],[17,-29],[-3,-2],[20,-25],[-6,1],[18,-30],[33,-87]],[[77966,61355],[-32,-23],[-30,-117],[-29,-20],[-16,-22],[-8,-27],[13,-14],[31,-72],[1,-160]],[[77896,60900],[-9,-6],[-40,-1],[-55,34],[-20,19],[-89,1],[-7,-3],[-39,13],[-78,-17],[-20,3],[-10,6],[1,6]],[[77530,60955],[23,100],[5,54],[53,217],[3,32],[11,13],[-1,31],[6,15]],[[77630,61417],[25,32],[55,17],[31,4],[4,-7],[13,6],[6,-6],[15,5],[55,0],[6,-6],[12,0],[28,10],[34,-29],[18,-35],[9,-1],[25,-52]],[[76053,53895],[39,-59],[47,-55]],[[76139,53781],[304,-213],[320,-337]],[[76763,53231],[240,-303],[45,-30],[29,-5],[592,-29]],[[77669,52864],[17,-7],[16,-16],[151,-199]],[[77853,52642],[-118,-48],[-11,1],[-10,-120],[33,-3],[-1,-36]],[[77746,52436],[-1,-3]],[[77745,52433],[-302,34]],[[77443,52467],[-311,34],[-11,7],[-25,-199],[-255,20],[-162,-28],[18,-83],[74,6],[-23,-117],[173,-25],[-27,-47],[12,-42],[59,-75],[30,-15],[50,-77],[26,-109]],[[77071,51717],[43,-126],[29,-8],[7,-7],[-14,-69],[11,-3]],[[77147,51504],[2,-12],[15,-18],[-124,2],[-4,-34],[-41,7],[3,9],[-12,6],[-21,-9],[-15,1],[1,8],[-42,11],[-3,-26],[-5,0],[-57,31],[-10,3],[-6,-9],[-20,12],[-13,-20],[-14,0],[-4,-20],[-15,-2],[-13,5],[-5,-24],[-16,-3],[-68,13],[-37,-8],[-18,39],[-13,4],[-9,21],[-56,52],[3,20],[31,27],[-31,3],[-5,-16],[-11,-3],[-14,14],[-34,10],[-17,-1],[-5,-5],[11,-8],[-9,-7],[2,-13],[-24,1],[0,9],[-17,-7],[-2,-11],[-14,-1],[-10,27],[-13,15],[-20,8],[-58,59],[-195,41],[-5,3],[4,13],[-18,2],[-22,14],[-35,3],[-33,13],[-16,15],[-7,19],[-19,11],[-59,50],[-47,49],[-15,55],[-111,35]],[[75712,51987],[105,80],[174,279],[18,63],[10,10],[-3,20],[9,14],[-6,9],[1,21],[27,58],[82,124],[-47,23],[-72,96],[-22,9],[-8,33]],[[75980,52826],[-23,31],[1,25],[-37,31],[-2,20],[-30,39],[-42,26],[-15,19],[-5,31],[13,14],[2,12],[-21,14],[-17,42],[-28,18],[-5,10],[-13,2],[-9,11],[-28,18],[-18,25],[-2,18],[11,47],[13,11],[-2,21],[44,71],[-17,6],[35,69],[0,21],[-27,54],[28,62],[3,18]],[[75789,53612],[45,163],[33,86],[7,44],[51,7],[28,-5],[67,2],[33,-14]],[[80436,52953],[-8,-8],[-22,2],[-3,-5],[-33,-7],[-10,3],[-9,-47],[-22,-3],[-21,-11],[-11,2],[5,-6],[-4,-10],[-25,-8],[2,-14],[-7,-8],[2,-12],[-7,-8],[-4,-13],[1,-28],[-38,-14],[-17,2],[-1,-5],[-8,3],[0,-17],[-14,-9],[-1,-17],[-8,-8],[-12,0],[-1,-9],[-20,4],[-17,-5],[-3,-13],[-10,-7],[3,-13],[-7,-11],[-23,-5],[-11,-16],[-11,-4],[-1,-10],[-8,6],[-16,-63],[-17,3],[-2,-5],[-16,-5],[-3,-6],[-11,0],[-7,-6],[5,-8],[-9,2],[-9,-15],[7,-11],[-15,5],[1,-23],[-3,5],[-1,-13],[-17,-15],[0,-8],[-13,-14],[-12,7],[24,20],[0,5],[-9,4],[-47,-71],[1,-8],[-7,2],[-32,-10],[2,-5],[14,1],[6,-10],[-23,5],[-6,7],[-8,-4],[-7,-7],[17,-16],[-16,-13],[-6,-22],[-18,-5],[1,-15],[-19,8],[6,0],[7,16],[-9,5],[-26,-30],[17,6],[10,-11],[-8,-21],[-31,-4],[7,12],[-11,1],[-33,-40],[16,-3],[12,12],[7,-21],[-14,2],[9,-5],[-30,-27],[-10,0],[-2,-7],[-11,2],[-3,6],[20,21],[1,9],[-27,-27],[3,-6],[-17,-57],[-42,-67],[-29,-27],[-31,-25],[-34,-6],[6,-6],[-28,1],[-9,-17],[2,-6],[18,7],[-4,13],[7,-10],[24,0],[28,-10],[-8,-2],[2,-10],[8,-1],[1,-6],[-32,3],[4,-11],[-3,-18],[-11,6],[-2,-8],[-7,8],[-15,-12],[-12,-38],[-16,-28],[1,-27],[-8,-6],[-5,-24],[-24,-13],[7,-9],[-15,-9],[-12,-40],[-14,-6],[-3,-9],[-6,-5],[-1,-12],[-19,-19],[4,-11],[-9,-5],[1,-28],[10,-7],[-7,-10],[6,-1],[10,-12],[6,-18],[13,3],[-60,-25]],[[79356,51590],[-131,77],[-10,23],[2,11],[-22,43],[-41,47],[-27,7],[-33,-16],[-10,17],[-17,-2],[-24,5],[-39,-13],[-15,18],[3,17],[-14,2],[-9,23],[-20,14],[-1,5],[69,31],[7,-2],[30,10],[-31,27],[6,6],[-2,5],[-49,-4],[-14,20],[-10,1],[-11,-13],[-15,16],[18,20],[-2,13],[28,12],[16,0],[-9,18],[-20,7],[-10,22],[-24,0],[0,-4],[-21,-6],[-28,1],[-15,6],[5,57],[10,8],[-5,0],[15,31],[9,0],[7,64],[-7,52],[-19,-2],[-12,21],[12,12],[13,3],[-28,151],[-10,1],[-8,32],[-30,64],[-18,62],[3,14],[-12,4],[-26,72],[-15,93],[-78,202]],[[78667,52995],[34,3],[0,13],[32,8],[98,105],[62,57],[103,52],[11,-3],[6,37]],[[79013,53267],[191,-18],[75,-74],[30,-15],[-2,-3],[62,-43],[79,-7],[70,-19],[36,-14],[23,-30],[150,-17],[84,-19],[79,10],[55,25],[31,-8],[27,31],[20,5],[64,-26],[123,-16],[178,-39],[48,-37]],[[79386,51573],[-3,2]],[[79383,51575],[25,8],[-22,-10]],[[61045,49383],[8,-63],[38,-39],[12,-7],[88,-23],[5,20],[20,30],[22,22],[14,-6],[1,-24],[10,-7],[3,4],[11,-2],[-7,-21],[13,-12],[-6,-15],[28,-9],[10,-9],[35,-14],[60,-4],[27,-68],[24,-22],[101,-13],[84,-33],[35,38],[65,-36],[29,9],[19,-4],[15,-18],[9,-32],[26,3],[39,16],[15,17],[23,10],[-1,25],[103,-18],[-13,-31],[14,-5],[-10,-3],[-9,-9],[0,-16],[-25,-24],[-10,-23],[-19,-11],[5,-11],[-13,-13],[18,-21],[-4,1],[-8,-12],[18,-3],[-3,-4],[-20,2],[-20,-27],[8,-37],[-9,-26],[-32,-43],[-26,5],[-31,-24],[-9,9],[-23,-30],[-6,-46]],[[61796,48676],[-8,-3],[-14,6],[-25,-7],[-29,-1],[-50,23],[-36,-23],[-3,-33],[12,-12],[5,-21],[-7,-3],[-10,-17],[7,0],[-2,-8],[32,-12],[11,-20],[18,-10],[1,-5],[-26,-16],[11,-8],[6,4],[19,-19],[-15,-45],[4,-4],[-22,-36],[-17,-14],[-7,5],[-26,-35],[-6,-18],[11,-2],[-10,-25],[-23,4],[-40,-47],[-20,2],[2,-9],[-17,-34],[10,-6]],[[61532,48227],[-19,-41],[-41,19],[-3,-3],[-52,18],[-8,-19]],[[61409,48201],[-25,11],[-87,20],[-131,43],[9,-26],[-10,-20],[-25,7],[-45,30],[-17,2],[-28,-11],[-6,36],[-33,-5],[-43,-26],[-17,-1],[-21,-20],[-46,27],[2,4],[-45,22],[8,4],[-21,27],[-14,2],[4,25],[-8,-1],[-10,15]],[[60800,48366],[-5,11]],[[60795,48377],[6,68],[28,3],[25,26],[4,33],[-21,9],[9,24],[38,48],[-3,4],[28,14],[9,19],[-9,22],[-13,3],[-6,8],[-18,2],[21,45],[-53,24],[4,38],[-8,47],[-17,57],[-14,15],[8,14],[19,3],[1,19],[-14,46],[22,55],[-56,-6],[-19,-7],[-44,27],[-14,33],[-37,35],[-5,21],[4,12],[-10,10],[7,29]],[[60667,49177],[33,16],[27,-1],[2,-4],[21,11],[15,20],[21,15],[16,2],[5,7],[11,0],[8,10],[-15,52],[9,10],[5,-2],[12,28],[-9,15],[7,6],[2,18],[-6,9],[-27,12],[1,7]],[[60805,49408],[27,-11],[63,9],[33,-9],[42,0],[50,-25],[12,12],[13,-1]],[[64847,45947],[30,-29],[33,-50],[-36,-11],[-50,-59],[43,-26]],[[64867,45772],[-20,-49],[-17,-5],[1,-5],[-107,-27]],[[64724,45686],[-30,42],[-12,29],[5,101],[-1,20],[-5,2]],[[64681,45880],[-4,45],[4,1]],[[64681,45926],[56,3],[14,-6],[7,34],[27,-8],[62,-2]],[[59931,48159],[12,-51],[31,-37],[5,-2],[72,23],[29,16],[52,-24],[16,-46]],[[60148,48038],[-83,-64],[-35,-34],[-40,-25],[-56,-26],[-1,-5],[-30,-13],[-8,-10],[5,-7],[-10,-29],[-17,-33],[-25,12],[-57,17],[1,-26],[9,-9],[-9,-37]],[[59792,47749],[-61,-5],[-16,7],[-31,-1],[-7,4],[4,10],[-7,1],[2,6],[-17,5],[4,4],[-17,6],[-2,7],[-10,-1],[-25,7],[4,5],[-6,3],[-48,2],[-17,9],[-7,17],[-15,0],[2,7],[-12,-3],[-2,-7],[-7,7],[-17,-7],[-7,-13],[-22,10],[-27,-12],[-23,0],[-6,-8],[-3,9],[-13,-4],[-4,8],[-5,-7],[-14,3],[2,7],[-10,-3],[-9,9],[-1,-8],[-8,-2],[-31,17],[5,10],[-11,2]],[[59297,47850],[11,3],[13,16],[8,-4],[6,4],[20,32],[20,10],[1,10],[22,21],[3,17],[11,-3],[3,5],[9,0],[12,16],[11,-1],[8,13],[18,9],[2,8],[28,15],[4,12],[-5,5],[3,15],[-6,16],[6,19],[-4,23],[20,13],[2,7],[11,1],[-3,7],[14,1],[-2,5],[13,1],[5,9]],[[59561,48155],[26,7],[22,-15],[24,-2],[8,-5],[12,5],[36,0],[36,-15],[46,3],[8,10],[5,-5],[18,10],[25,5],[72,-2],[32,8]],[[60800,48366],[-40,-42],[-25,-18],[-32,24],[-54,22],[-11,-7],[-2,-11],[9,-2],[-22,-36],[-14,-16],[-9,6],[-44,-34],[-44,-3],[-38,26],[-10,27],[-11,-3]],[[60453,48299],[17,26],[-22,18],[-5,19],[5,8],[-16,5],[5,10],[12,0],[2,15],[-21,0],[-3,32],[13,19],[0,14],[4,1]],[[60444,48466],[69,29],[12,2],[9,-15],[24,7],[3,-7],[10,2],[7,-15],[7,-21],[31,3],[11,-22],[-25,-7],[2,-5],[-10,-6],[8,-9],[123,-3],[70,-22]],[[68312,48172],[-81,-44],[-31,-131],[-3,-61],[-11,-35],[-11,-66],[-34,-63],[-4,-2],[-44,12],[-111,-77],[-16,-1],[-21,7],[-4,-3],[-13,7],[-32,-3],[-2,7],[-15,4],[-72,3],[-28,-8],[-41,-25],[-91,44],[-62,19],[-39,-3],[-51,27],[-39,33],[-13,-5],[-9,15],[-25,-11],[-51,35],[-38,12],[-9,14],[-27,-11],[-11,22],[-24,-11],[-3,5],[-17,-5],[-45,53],[-42,-19],[-8,15],[-54,-92],[8,-29],[-23,-16],[27,-18],[-29,-9],[-17,-22],[-41,-70],[4,-3],[-23,-34],[-30,-69],[-11,-3],[-39,-53],[-8,-21],[8,-35],[-5,-34],[-6,-15],[-17,3],[-6,-12]],[[66872,47390],[-92,22],[-17,-23],[-59,35],[-125,106],[-263,72],[-41,8],[-123,43],[-17,-35],[-6,2],[21,37],[18,99],[-24,6],[0,8],[-35,8],[-23,11],[-23,53],[2,11],[-24,7],[-3,5]],[[66038,47865],[26,44],[8,-6],[23,21],[38,49],[35,-5],[19,3],[-4,49],[31,-2],[5,37],[-5,23]],[[66214,48078],[32,3],[62,19],[114,46],[87,9],[43,9],[94,-20],[123,-35],[-28,-40],[16,-8],[73,-18],[238,-76],[18,16],[30,15],[-7,22],[41,20],[14,25],[36,37],[41,23],[0,17],[41,-1],[15,48],[22,2],[25,35],[-12,39],[4,21],[-14,18]],[[67322,48304],[43,14],[4,5],[55,14],[-6,11],[84,21],[24,-70],[36,-2],[2,-4],[20,3],[10,-27],[18,4]],[[67612,48273],[10,2],[2,-4],[32,13],[6,16],[14,0],[8,18],[11,83],[61,-4],[42,6],[41,47],[21,8]],[[67860,48458],[14,12],[-8,92],[55,5],[1,6],[95,23],[17,-10]],[[68034,48586],[14,9],[33,5],[6,14],[33,34],[12,-2],[12,17],[31,14],[22,-2],[14,-18],[53,4],[7,-3],[-9,-2],[3,-6],[33,-1],[11,4],[31,36],[18,-7],[-1,-47],[-7,1],[1,-57],[-35,-296],[5,-32],[-18,-8],[15,-39],[0,-15],[-11,-4],[5,-13]],[[68459,48103],[9,-8],[-21,-34],[0,-16],[8,-2],[-11,-33],[4,-4],[-18,-13],[5,-9],[-3,-6],[-16,-1],[-8,-17],[4,-11],[-6,-5],[80,-12],[7,-25],[17,0],[1,-20],[158,-75],[-39,-53],[12,-24],[38,1],[-2,3],[24,10],[11,-1],[3,-7]],[[68716,47741],[10,-35],[-7,-5],[-3,-21],[8,-53],[32,-11],[37,-30],[49,6],[3,-8],[3,-24],[-15,-95],[21,-42],[15,-46],[-2,-83]],[[68867,47294],[-5,-8],[2,-25],[12,-48],[14,-29],[-1,-23],[-14,-21],[-14,-9],[-69,-2],[-12,-34],[-30,-30],[-6,-18],[-5,-24],[19,-21]],[[68758,47002],[-12,-9],[-12,-36],[-31,11],[-9,0],[-8,-8],[-34,-89],[-34,-40],[-14,-31],[-19,1],[-4,-15],[-16,-12]],[[68565,46774],[-90,-2],[-50,33],[-26,-12],[-11,33],[-5,70],[6,1],[6,-36],[14,-15],[53,-7],[44,35],[24,50],[26,36],[-1,8],[-91,-16],[-78,23],[-25,1],[-28,12],[-23,-1],[-7,33],[11,35],[-17,84],[-15,47],[-26,35],[-87,48],[-23,0],[-152,-37],[-24,7],[-16,0],[-3,12],[8,7],[-9,20],[33,63],[19,59],[-9,28],[-52,-10],[-24,-1],[-61,10],[-46,-6],[-8,-7],[-18,3],[-9,-54],[-13,-21],[-76,-38],[-23,-28],[-12,-6],[-51,-10],[0,-7],[-31,-7],[-5,5],[-16,0],[-4,-8],[-14,-5],[-7,12],[-23,-7],[-12,12],[-7,-11],[-10,2],[0,5],[-16,-4],[-9,12],[-16,-3],[1,13],[-11,-2],[-3,11],[-6,4],[-7,-10],[-21,-2],[-7,8],[-17,3],[-7,6],[-7,-4],[-2,6],[-13,7],[-25,-8],[-1,9],[-11,-11],[8,-13],[-7,-6],[3,-18],[-9,-6],[7,-6],[-7,-2],[-8,-17],[-8,-7],[6,-2],[-12,-9],[-10,2],[-3,-7],[-228,58],[-81,37],[-25,22],[-68,39]],[[66851,47351],[21,39]],[[68312,48172],[11,5],[63,-25],[51,-38],[22,-11]],[[67319,49144],[-11,-13],[-8,-59],[-26,-28],[-9,-58],[-11,-12]],[[67254,48974],[-98,-118],[20,-12],[-18,-16],[-10,-41],[-12,4],[-3,-8],[-1,-25],[-17,-56],[5,-8],[-2,-13],[-13,-6],[13,-36]],[[67118,48639],[-6,-5],[-19,-1],[-38,-18],[-44,-4],[-9,7],[-4,14],[22,67],[-11,26],[-20,13],[-40,-2],[-32,10],[-13,-2],[-43,-20],[-10,-21],[-35,6],[-41,-11],[-33,-28],[-46,8],[-21,17],[-25,1],[-21,-20],[5,-14],[-7,-15],[2,-19],[-12,-6],[-23,-3],[1,-11],[-27,5],[-38,-18],[-21,21],[-21,-10],[-24,6],[-41,-15],[-11,-14],[-17,10],[-10,54],[24,46],[-9,16],[5,14],[-13,19],[3,21],[-5,8],[54,-7],[3,12],[13,14],[120,87],[125,49],[49,82],[26,-6],[20,27],[26,-8],[8,2],[9,17],[7,-1],[4,37],[14,43],[11,14]],[[66879,49133],[34,25],[24,9],[65,17],[19,-8],[30,-2],[9,7],[34,8],[1,5],[30,-2],[6,13],[71,-14],[36,6],[-6,-11],[5,-15],[-9,-16],[52,-11],[2,6],[24,6],[5,-11],[8,-1]],[[69339,53636],[-51,16],[-46,-115]],[[69242,53537],[-173,142],[-27,-42],[-30,-32],[-46,-33],[-26,-11]],[[68940,53561],[-18,26],[-47,39],[-19,65],[-45,92],[-6,6],[-13,0],[-56,15],[-3,6]],[[68733,53810],[4,10],[7,0],[17,14]],[[68761,53834],[22,1],[23,27],[26,-5],[9,16],[35,-8],[22,3],[55,26],[30,8],[22,18],[32,4],[24,11]],[[69061,53935],[21,6],[9,-29],[20,2],[2,-18],[18,1],[-4,-26],[16,-11],[-3,-25],[60,-5],[53,-46],[-26,-84],[0,-32],[76,-14],[36,-18]],[[64822,53086],[-23,-43],[36,-16],[-22,-47],[28,-10],[-21,-47],[10,-3],[-5,-11],[-10,1],[-14,-15],[-19,-6],[-22,-31],[10,-7],[-6,-13],[9,-3],[-1,-10],[-15,-18],[2,-6],[-18,-12],[-4,4],[-11,-6],[7,-23]],[[64733,52764],[-35,5],[-35,-11],[-5,9],[-18,-6]],[[64640,52761],[2,7]],[[64642,52768],[14,70],[15,-5],[1,24],[-51,51],[-32,14],[21,32]],[[64610,52954],[20,124],[-3,13],[-11,14]],[[64616,53105],[17,93]],[[64633,53198],[7,-2],[-2,-24],[184,-86]],[[64895,52322],[-5,-12],[4,-3],[-19,-41],[48,-3],[26,-31],[67,-17],[41,-19]],[[65057,52196],[-13,-36],[-100,0],[-107,-14],[-18,-11]],[[64819,52135],[-60,49],[4,27],[-8,73]],[[64755,52284],[14,11],[-2,7],[7,2],[26,-13],[40,52],[55,-21]],[[63278,53249],[-35,7],[-46,-10],[14,-57],[-9,-3],[-2,-12],[-46,-17],[-16,-21],[-45,-21],[0,-89],[-21,1],[-2,-8],[8,0],[-2,-13],[-9,2],[-31,-39],[-21,0],[2,-4],[-17,-14],[-45,19],[-7,-18],[-78,-73],[-1,-17],[-29,-36],[29,-11],[-9,-25],[10,-4],[-5,-16],[21,-2]],[[62886,52768],[18,-2],[-18,-16],[-56,15],[-16,-18],[-7,-29],[3,-9],[-8,-7],[-6,-23],[-12,-1]],[[62784,52678],[-25,-6],[-11,-8],[-6,6],[-50,9],[-32,-16],[-48,-39],[-26,-8],[-13,-19],[-22,-9]],[[62551,52588],[-10,8],[13,6],[1,9],[-12,7]],[[62543,52618],[9,8],[-5,10],[-5,-5],[-1,8],[-10,3],[8,15],[-17,15],[8,6],[-14,14],[8,1],[-1,5],[8,1],[-2,6],[8,5],[-7,2],[-3,8],[-10,1],[8,10],[-17,-3],[0,6],[7,2],[-1,8],[-14,5],[4,6],[-21,12],[7,4],[-7,10],[-12,-4],[3,7],[-5,3]],[[62469,52787],[-7,4]],[[62462,52791],[-18,21],[4,38],[10,16],[5,-4],[12,10],[-5,4],[11,13],[-2,6],[53,-6],[30,-20],[25,-6],[103,30],[15,13],[-6,6],[10,7],[-45,45],[25,28],[-18,12],[7,29]],[[62678,53033],[4,11],[10,-5],[29,17],[14,-17],[11,-4],[-1,12],[41,65],[-26,25],[49,34],[-11,11],[-32,15],[12,10],[-6,5],[58,59],[8,-10],[23,11],[22,0],[-1,14],[25,2],[30,13],[11,-1],[75,41],[19,-9],[27,1],[19,-10],[50,41],[5,-3],[13,4]],[[63156,53365],[46,-39],[4,-11],[102,-41],[-30,-25]],[[63279,51497],[40,-31],[14,-58],[8,-92],[9,-3],[9,-15],[-5,-8],[-33,-20],[24,-74]],[[63345,51196],[-14,-50]],[[63331,51146],[-43,114],[-49,-17],[-78,-15],[-8,-7],[-23,-3],[-66,-25],[-18,70],[26,4],[-5,23],[5,13],[-13,6],[-12,33],[23,3],[-6,32],[4,4],[-2,75]],[[63066,51456],[94,-2],[86,14],[5,-3],[16,8],[-24,19],[26,18],[10,-13]],[[64987,58219],[-84,-109],[-53,-49],[-32,-18],[-26,-28],[-47,-37]],[[64745,57978],[4,67],[-6,42],[7,36],[-5,137],[26,43]],[[64771,58303],[38,-13],[14,-16],[71,-28],[30,-7],[30,-1],[4,-29],[29,10]],[[66952,58194],[3,-3],[-16,-21],[-13,-6],[14,-61],[80,-66],[-22,-11],[10,-3],[5,-32],[18,2],[1,-19],[7,-3],[-12,-4],[3,-16],[-36,-9]],[[66994,57942],[-103,59],[-284,-46]],[[66607,57955],[-28,54],[-1,26],[13,27],[23,22],[22,13],[23,67],[-20,30],[-31,26],[-16,31]],[[66592,58251],[26,0],[46,-27],[34,-11],[54,-3],[53,-40],[6,-21],[16,-11],[32,52],[93,4]],[[67396,57787],[39,-13],[-15,-47],[-47,6],[-10,-28],[-1,-6],[32,-6],[-9,-22],[-3,-36],[-12,-14],[-19,-73],[59,-19],[-6,-16],[31,-11],[115,-58],[43,-46],[28,-23],[61,-34],[-1,-6],[40,-13],[-7,-25],[60,-9],[51,-18],[28,-2],[27,-12],[12,23],[17,-11],[0,-14],[7,1],[2,-8],[9,-4],[0,-15],[6,-14],[33,0]],[[67966,57214],[-3,-40],[9,-28],[46,-29],[33,-11],[15,-48],[21,-43],[-53,-14],[-14,-18],[-14,8],[-9,-1],[-15,-24],[-15,-13],[-16,1],[-10,-5],[-7,-18],[-18,1],[-3,11],[-17,3],[-19,-9],[-5,-13],[-32,-32],[-60,-42],[3,-43],[-12,-25],[-44,17],[-13,-1],[-10,-14],[-46,-14],[0,-8],[-47,-21],[-46,-12],[-5,14],[-43,-6],[-107,-4],[-122,6],[-18,-1],[4,-22],[-28,-7],[0,-8],[-54,10],[-24,-1],[6,-64],[-84,-30],[-91,-3],[-69,-99],[-58,8]],[[66872,56522],[-37,7],[-33,15],[-56,81],[-46,24],[-41,10],[-40,17],[5,7],[-30,7],[-171,15],[-154,2],[-123,-10],[-43,56],[-20,17],[-9,20],[-5,-1]],[[66069,56789],[-49,39],[-4,-5],[-25,29],[-52,41],[5,2],[-34,71],[-17,99],[-3,47]],[[65890,57112],[62,13],[59,22],[65,15],[-17,27],[62,27],[37,1],[22,8],[7,8],[15,0],[26,17],[5,14],[17,17],[26,-13],[17,-2],[14,-21],[0,-17],[-10,-7],[8,-32],[15,-5],[29,4],[50,-18],[31,9],[9,12],[14,5],[27,5],[3,9],[11,6],[14,-7],[30,11],[19,-2],[4,-5],[46,-3],[17,20],[-5,6],[24,12],[-2,24],[7,-6],[17,5],[21,-2],[15,-20],[20,-14],[17,-2],[24,1],[32,20],[23,9],[2,15],[15,7],[10,33],[-13,10],[33,19],[-172,73],[-81,23],[-47,56]],[[66564,57499],[-13,19],[38,25],[-16,72],[14,113]],[[66587,57728],[288,35],[-11,27],[57,22],[21,3],[55,-6],[16,-7],[13,14],[5,18]],[[67031,57834],[59,-1],[1,-7],[7,-2],[24,2],[67,-15],[2,-20],[42,-4],[37,-15],[126,15]],[[63692,54328],[-326,31],[-179,41],[-31,5],[-30,-5]],[[63126,54400],[24,53],[8,64],[-50,1],[-9,11],[-25,12],[-11,12],[36,94],[-12,6]],[[63087,54653],[28,58],[33,33],[16,-4],[11,-28],[142,-36],[93,-61],[54,-13],[-4,-36],[-19,-38],[109,-36],[64,-37],[97,-95],[-19,-32]],[[62759,51425],[15,-20],[-4,-37]],[[62770,51368],[-9,-11],[0,-31],[18,-95]],[[62779,51231],[-11,-5],[-4,31],[-19,29],[10,37],[-9,22],[-22,-32],[-31,-33],[-15,-9],[-10,-16]],[[62668,51255],[-28,-33],[-37,-8],[-50,66]],[[62553,51280],[-7,14]],[[62546,51294],[-7,13],[-15,8],[-11,42],[-11,17]],[[62502,51374],[62,13],[76,35],[41,12],[11,1],[26,-12],[41,2]],[[75189,49303],[-46,-38],[1,-19],[-8,-14],[-76,-44],[-229,2],[-586,41],[-157,20],[-35,11],[-201,0]],[[73852,49262],[-34,6],[-41,-1],[-107,-11],[-33,2],[-11,17],[-58,-31],[-44,-7],[-64,-19]],[[73460,49218],[-1,4],[-66,14],[12,53],[-55,62],[16,27],[1,18],[19,12],[-38,91],[5,1],[12,56],[36,52]],[[73401,49608],[5,-5],[31,8],[35,14],[22,15],[54,14],[33,-5],[44,10],[81,-4],[73,7],[53,15],[44,4],[-4,7],[17,4],[6,-12],[22,17],[34,-2],[60,7],[122,1],[130,16],[48,0],[4,-7],[54,-5],[55,12],[19,1],[308,-16],[8,-5],[74,4],[33,-11],[68,-11],[90,17],[30,18],[18,-6],[29,-2],[39,11]],[[75140,49719],[18,-190],[31,-226]],[[62668,51255],[9,-10],[21,-1],[9,-28],[7,-2],[-5,-7],[5,-11],[19,-25],[8,3],[34,-72],[11,-29],[-18,1],[26,-34],[-11,-9],[8,-8],[-1,-15],[-25,-9]],[[62765,50999],[-22,5],[-7,-4],[-45,2],[-45,-9],[-11,48],[-62,-19]],[[62573,51022],[-3,46],[-22,85],[5,127]],[[73055,50098],[3,-2],[-13,-31],[14,-21],[18,-6],[13,9],[33,11],[34,-20],[11,-68],[10,-5],[-2,-70],[4,-27],[95,-111],[-33,-13],[-29,-3],[2,-26],[11,-3],[17,-21],[14,-1],[-8,-35],[9,-3],[29,8],[-1,5],[11,9],[33,14],[71,-80]],[[73460,49218],[6,-27],[16,-31],[-2,-32],[26,-49],[5,-26],[-2,-12],[-27,-38],[-6,-24],[-2,-72],[-6,-15],[-4,-50],[10,-22],[19,-19],[-21,-37],[0,-52]],[[73472,48712],[-105,-26],[-36,-19],[-50,-4],[-80,11],[-71,-14],[-51,7],[-45,20],[6,39],[-34,4],[-10,-24],[-9,1],[-35,31],[-8,-22],[-25,-7],[0,-3],[-35,3],[-14,-7],[-30,-44],[-16,-14],[-4,-21],[-9,-1],[-25,-25],[-21,-46],[-58,19],[-27,2],[-66,-20],[-19,13],[-30,-12],[-7,3],[-46,-6],[-26,30],[6,8],[-48,31],[-6,-3],[-10,10],[-21,46],[12,0],[8,37],[2,30],[-4,16],[17,3],[38,29],[36,17],[3,73],[-4,15],[10,18],[-24,43],[4,56],[-57,5],[-74,17],[-44,26],[-16,16],[-30,-16],[6,23],[-12,20],[-46,10],[-9,-1],[2,-8],[-12,-3],[-22,8],[-17,-2],[0,-5],[-31,-4],[-59,-23],[-18,-1],[-36,16],[-38,1],[-53,27],[-43,15],[-21,1],[-36,-9],[-57,8],[-63,-25],[6,-8],[-18,-10],[9,-21],[-26,1],[-6,22],[-34,-7],[-22,4],[4,-10],[-15,-2],[-42,7]],[[71575,49081],[-6,7],[6,47],[-9,27],[-27,32],[-21,11]],[[71518,49205],[-5,10],[-90,41],[-10,7],[-2,8],[-9,1],[-13,12],[-36,1],[-26,27],[-8,59],[14,19],[-1,14],[73,32],[-21,9],[-16,1],[-20,11],[-31,-2],[-21,25],[-13,4],[-11,15],[-1,33],[20,29],[-8,71],[0,18],[7,13],[-14,15],[-18,31],[-13,39],[-6,1],[-5,10],[0,11],[10,33],[0,33],[41,20],[42,2],[-3,23],[5,3],[23,1],[39,-9],[7,23],[-6,27],[-60,0],[-12,43],[26,8],[-8,21],[26,5],[-13,17],[-35,24],[-38,43],[-44,-3],[-23,43],[-1,70]],[[71210,50197],[27,35],[-12,59],[4,55],[5,2],[2,16],[-2,31],[65,14],[-15,23],[-1,25],[-30,94],[-1,27],[41,20],[11,29],[1,61],[16,-1]],[[71321,50687],[2,-4],[87,-13],[23,-13],[41,-7],[6,4],[40,1],[3,18],[12,8],[-3,7],[19,14],[15,29],[13,7],[21,0],[7,10],[46,-18],[53,-1],[21,-10],[3,9],[33,0],[21,8],[24,-59],[12,-2],[52,-132],[42,-53],[21,-35],[7,-48],[24,-35],[-4,-30],[7,-18],[-2,-11],[12,-19],[-2,-56],[36,-66],[19,-21],[10,2],[8,-11],[35,-87],[19,-31],[15,-58],[65,2],[33,-7],[29,5],[10,7],[83,15],[42,14],[45,-18],[51,6],[46,-5],[98,-38],[17,-13],[10,1],[11,-12],[18,-7],[34,18],[34,36],[6,36],[9,6],[-3,14],[15,4],[67,1],[32,8],[61,41],[89,29],[18,1],[6,-29],[10,17]],[[57639,57303],[27,-50],[26,-30],[47,-41],[25,-11],[21,2],[78,-8],[50,-19],[40,-4],[44,10],[30,31],[28,15],[16,2],[5,-20],[40,-43],[-5,-21],[13,-56],[76,9],[15,8],[50,12],[40,-7],[24,-23],[14,-4]],[[58343,57055],[-44,-23],[-33,-37],[-27,-85],[-1,-11],[8,-3],[3,-24],[-4,-15],[18,-6],[16,-27],[-39,5],[-19,7],[-4,-2],[4,-16],[14,-6],[13,-13],[20,-31],[34,-23],[11,1],[-1,-7],[-11,-5],[-38,-1],[-18,-6],[-17,-55],[8,-17],[12,-10],[-42,-28],[-41,-61],[0,-41],[13,-7],[1,-7]],[[58179,56501],[-37,-1],[-24,5],[-4,-7],[-12,-3],[-3,6],[-28,9],[-9,14],[-10,3],[3,8],[-44,34],[-5,-14],[-13,-12],[8,-7],[7,-24],[-22,-4],[-4,10],[-14,-3],[1,-10],[19,-1],[8,-16],[-47,-12],[3,-8],[-10,-4],[-46,-4],[-7,-47],[-5,-7],[-42,30],[-16,1],[-9,-11],[-22,18],[7,6],[-6,23],[5,14],[7,7],[31,8],[-34,62],[-2,40],[19,41],[-3,8],[-28,3],[-32,27],[-6,4],[-47,-3],[-58,-35],[-14,26],[-41,37],[-13,2],[-20,29],[-22,-11],[-3,4],[-17,-11],[-10,12],[-72,-22],[-8,20],[-25,-6],[-24,41],[-3,3],[-12,-6],[-2,17],[-16,14],[2,-13],[-7,-13],[-71,-32],[-33,0],[-7,8],[-23,6],[-2,6],[-55,-10],[-27,-12],[-26,-37]],[[57097,56701],[-7,3],[-29,-6],[-5,15],[2,22],[29,52],[91,16],[20,-2],[3,7],[16,4],[3,6],[-33,24],[-65,32],[-31,33],[-40,-3],[-40,8],[21,50],[-5,7],[5,32],[-7,9],[-23,1],[-17,-18],[-43,-9],[-19,2],[-53,20]],[[56870,57006],[-35,18],[-38,10],[5,18],[18,17],[-4,4],[3,12],[-21,23],[1,24],[12,22],[-11,36],[34,58],[3,26],[15,4],[46,-2],[41,28],[-18,36],[-8,33],[12,55],[-4,39],[-30,72],[7,93],[12,48]],[[56910,57680],[14,-13],[16,-32],[24,-16],[30,-33],[57,-25],[61,-34],[64,-55],[102,-27],[12,-28],[12,2],[-2,8],[24,3],[9,-40],[49,7],[27,-53],[88,-32],[10,31],[5,1],[68,-41],[59,0]],[[62341,52503],[78,-108]],[[62419,52395],[-18,-17],[1,-7],[11,-4],[-41,-47],[-34,15],[-29,-20],[-16,14],[-42,-23],[4,-26],[-14,-19]],[[62241,52261],[-23,34],[-59,36],[-4,13],[4,14]],[[62159,52358],[29,46],[28,13],[-5,44],[-36,46],[14,5],[28,1],[12,6],[-2,6],[7,0],[6,9],[29,-5],[-10,20],[19,6],[12,-9],[-3,23]],[[62287,52569],[21,-11],[10,0],[23,-55]],[[81700,49532],[-24,-68],[1,-10],[-16,-31],[-5,1],[-111,-106],[94,-22],[-109,-59],[-84,-135],[331,-197],[-29,-13],[-50,-8],[-143,-74],[-29,-1],[-41,-33]],[[81485,48776],[-53,-19],[-132,-63],[-65,-52],[-126,-66],[-68,-61],[-186,-124],[-23,-58],[-49,11],[17,-19],[-72,-50],[-175,43]],[[80553,48318],[241,401],[45,65],[95,233],[51,144],[49,248],[51,240],[36,17],[10,-9],[25,16],[20,-7],[6,-9],[7,3],[20,-18],[7,5],[1,-6],[81,-13],[64,-16],[59,-20],[7,13],[-2,-15],[44,-16],[8,7],[-1,-10],[45,-16],[7,8],[-2,-11],[67,-24],[17,13],[-10,-12],[2,-3],[69,2],[-10,16],[15,-14],[23,2]],[[80736,48646],[-69,-3],[-55,-9],[-281,-7],[-10,820],[51,6],[20,22],[14,4],[45,-9],[111,14],[19,11],[19,-5],[10,-16],[11,1],[15,14],[2,24],[-4,12],[-17,6],[9,11],[6,1],[15,-12],[11,1],[14,12],[28,3],[20,18],[18,1],[39,29],[19,5],[5,-4],[-15,-14],[-3,-13],[22,-17],[17,-2],[11,9],[-3,19],[10,16],[11,4],[17,-4],[11,-16],[8,0],[25,7],[14,14],[29,17],[19,20],[-8,25],[44,29]],[[81010,49690],[2,9],[27,28],[28,5],[8,15],[2,-4],[-111,-590],[-73,-210],[-16,-34],[-12,-4],[8,-10],[-33,-79],[-92,-150],[-17,-6],[10,-3],[-5,-11]],[[81081,49780],[-2,-19],[-4,13],[-16,13],[16,7],[6,-14]],[[75410,47563],[8,4],[304,-446],[40,17],[53,2],[19,7],[19,-27]],[[75853,47120],[-70,7],[-77,-27],[-68,-31],[-101,-58],[-6,6],[-126,-70],[-85,-50],[-32,-30]],[[75288,46867],[-3,5],[-16,-8],[-12,1],[-29,17],[-2,23],[-30,14],[-15,19],[-18,8],[-13,16],[3,5],[-7,31],[-8,4],[-26,-3],[-22,21],[-14,19],[-2,13],[-19,11],[-14,22],[-2,24],[-39,19],[-56,15],[-19,29],[-13,10],[-27,0],[-21,-15],[-14,-2],[-34,21],[-155,48]],[[74661,47234],[24,28],[-5,9],[8,98],[-16,-5],[-52,77],[30,21],[46,13],[182,4],[266,56],[21,71],[124,-100],[121,57]],[[60186,52775],[51,-18],[-9,-9],[12,-27],[-6,-31],[16,-6],[11,7],[-6,-67],[9,2],[4,-38],[6,-1],[12,-33],[18,-6],[17,1],[48,29],[11,14],[2,28],[92,-4]],[[60474,52616],[44,8],[5,-38],[32,4],[-5,-35],[12,-51],[-6,-1],[-2,-18],[8,-47]],[[60562,52438],[-68,-6],[-59,-14],[-32,9],[-4,-7],[-24,12],[-2,-10],[-11,1],[3,-24],[14,-31],[23,-26],[40,-25],[33,-69],[-1,-15],[-11,-17],[-40,-21],[-3,-25],[5,-17]],[[60425,52153],[-24,-27],[-23,5],[-24,45],[10,4],[-5,9],[-13,1],[-30,-15]],[[60316,52175],[-14,-5],[9,27],[-7,-1],[-11,17],[-51,-17],[-49,41],[-4,22],[-24,25],[-6,14],[-51,-2],[-20,-8],[-12,8],[3,5],[-17,17],[-6,-9],[-29,4],[-26,-14],[-25,21],[-10,-10],[-16,25],[58,41],[-50,76],[-22,51],[54,28],[-8,4],[11,16],[-10,4],[9,9],[-16,20],[-36,22],[3,14],[8,4],[11,-2],[7,15],[-19,11]],[[59950,52648],[24,25],[-19,8],[15,29],[38,-15],[9,17],[12,-7],[24,12],[14,25],[14,-10],[-15,-10],[-1,-9],[21,-13],[16,10],[11,-9],[23,21],[12,-9],[20,23],[8,-3],[9,24],[-30,14],[6,14],[25,-10]],[[56567,57038],[22,2],[16,9],[29,0],[55,-12],[28,0],[18,-7],[15,-18],[32,5],[48,-17],[40,6]],[[57097,56701],[7,-22],[22,-10],[3,-7],[6,-35],[7,-10],[-8,-28],[-8,6],[-32,0],[-11,-6],[-36,-4],[-88,-103],[-36,-25],[-5,-18],[10,-29],[-7,-19],[-49,-31],[-28,-1],[-62,11],[-95,-40],[-5,-57]],[[56682,56273],[-114,-22],[-70,-20],[-25,-33],[-47,-102],[-83,-64],[-12,-12],[4,-3],[-6,-9],[216,-273],[84,-58],[61,-97],[17,57],[15,14],[24,-21],[82,-93],[80,-65],[43,-46],[154,-140]],[[57105,55286],[-190,-114],[24,-24],[-51,-47],[-28,-15],[-30,11],[-34,0],[-25,13],[-37,7],[58,44],[23,9],[58,46],[-33,57],[-67,-29],[-27,-2],[1,-38],[-40,6],[-4,-7],[-57,-6],[-15,-13],[-9,-24],[-27,-22],[-25,-11],[-31,1],[-15,-11],[31,-68],[6,-32],[-2,-14],[-5,2],[3,-26],[-44,-27],[52,-45],[11,8],[6,-6],[-17,-21],[13,-10],[24,-8],[13,-33],[-9,-39],[24,-24],[-50,-62],[-7,-19],[1,-22],[-12,-14],[-15,-3],[19,-53],[-2,-15],[10,-18]],[[56574,54568],[-50,16],[-19,36],[-30,24],[-28,9],[-10,9],[-12,51],[-44,59],[-3,12],[-26,9],[-9,13],[-13,1],[-3,34],[-6,8],[13,11],[0,6],[-11,13],[-8,35],[-7,-4],[-13,7],[-9,15],[20,10],[-8,7],[-22,-5]],[[56276,54944],[6,12],[10,3],[-7,5],[-5,-7],[-4,5],[-16,1],[2,6],[-12,13],[-13,-14],[-31,10],[-3,13],[-17,19],[9,11],[-2,5],[-12,-2],[10,16],[-5,5],[-4,-6],[-4,8],[3,27],[6,-4],[1,15],[8,4],[-7,15],[19,18],[6,3],[9,-6],[10,12],[0,7],[-12,6],[11,11],[-5,14],[11,6],[5,15],[-7,13],[16,7],[-9,3],[-3,23],[6,3],[-1,9],[24,11],[5,10],[18,7],[9,18],[-6,28],[-27,5],[-8,7],[4,19],[-6,19],[-10,9],[4,12],[-10,4],[-2,6],[-11,2],[-3,8],[-12,1],[-1,12],[-8,4],[-3,8],[-12,1],[1,5],[-13,8],[-8,13],[-13,3],[1,10],[-18,5],[5,15],[-11,0],[0,6],[-9,2],[-6,18],[-14,0],[-11,6],[2,9],[-17,8],[-34,47],[12,38],[-28,12],[-2,9],[-18,4],[-6,16],[-9,2],[0,6],[-18,12],[-9,-1],[1,9],[-18,0],[-28,20],[-9,-8],[-8,8],[6,5],[-14,-3],[-7,6],[-6,-1],[-4,10],[3,8],[-9,4],[-6,-6],[0,9],[-13,8],[4,6],[-18,20],[-15,6],[1,8],[-11,-1],[-9,18],[-23,8],[1,9],[-15,2],[-6,9],[-38,18],[-3,18],[-14,-1],[-5,15],[-25,0],[-13,6],[-16,16],[-11,-3],[-16,21],[-13,-1],[-9,12],[-2,-5],[-8,4],[1,13],[-12,-2],[-10,13],[6,4],[-4,12],[-26,0],[4,11],[-8,5],[2,9],[-9,-5],[-14,7],[-6,-9],[-33,17],[-11,0],[-6,7],[-5,-8],[-6,7],[-14,5],[-3,-8],[-13,8],[-14,-1]],[[55410,56031],[4,3],[-30,27],[-16,1],[-11,12],[-17,5],[-8,-7],[-21,1],[-12,10],[-8,-7],[-11,10],[-6,-7],[-11,-1],[-4,10],[-16,0]],[[55243,56088],[5,18],[-10,20],[-14,19],[-17,-3],[-11,13],[21,12],[-2,34],[10,29],[-71,56],[-31,0],[-33,7],[-8,19],[34,34],[-19,20],[-27,12],[-57,14],[-14,-1],[4,7],[11,0],[61,38],[19,7],[1,11],[7,-3],[-5,-8],[31,-13],[8,-19],[80,-93],[9,-30],[30,-23],[34,26],[-29,66],[42,32],[-20,13],[37,10],[53,-16],[14,-9],[13,-14],[0,-20],[28,-58],[24,-81],[-10,-20],[-14,-8],[-10,-14],[21,-27],[14,5],[60,-4],[-17,31],[3,18],[-9,11],[13,6],[6,-9],[9,5],[-3,10],[40,-7],[-15,64],[10,30],[9,2],[-5,25],[7,20],[120,-174],[89,-39],[27,-5],[69,-60],[78,-33],[-13,-40],[132,47],[0,66],[-8,0],[0,25],[9,0],[0,22],[47,-4],[2,7],[-5,4],[0,14],[-49,3],[8,83],[-62,36],[-95,39],[-82,40],[-29,-15],[-92,96],[-59,27],[-49,6],[-20,8],[-37,35]],[[55541,56540],[59,31],[30,22],[62,19],[45,36],[9,18],[-10,33],[23,21],[-3,23],[23,32],[11,42],[28,19],[42,6],[42,16],[0,20],[-27,19],[0,16]],[[55875,56913],[11,12],[17,4],[2,7],[17,5],[15,-3],[14,-14],[38,-7],[37,15],[17,23],[36,-5],[18,2],[8,7],[27,6],[32,0],[6,-6],[26,4],[52,32],[35,12],[-3,10],[-28,2],[-10,6],[-8,24],[17,17],[103,-2],[28,-29],[35,-8],[51,5],[40,-16],[12,0],[47,22]],[[76530,49175],[-23,-40],[39,14],[19,1],[15,-17],[37,-12]],[[76617,49121],[-16,-59],[-27,-20],[-11,-27],[-29,-32],[-26,-40],[-29,0],[-104,-32]],[[76375,48911],[41,71],[-4,32],[12,42],[-24,44],[5,2],[-2,7],[11,3],[-3,6],[9,3],[-8,20],[-9,-3],[2,13],[84,36]],[[76489,49187],[29,2],[-3,-10],[15,-4]],[[60692,56757],[1,-5]],[[60693,56752],[-11,-1],[-7,-10],[5,-24],[-21,-26],[-10,-29],[-7,4],[-3,-36],[-4,-10],[39,9]],[[60674,56629],[1,-16],[-38,-8],[-15,-13],[-2,-11],[-69,-14],[-5,-6],[9,-17],[-60,-9],[15,-41],[16,3],[2,-6],[-11,-6],[0,-14],[18,-43]],[[60535,56428],[-24,-11],[-15,19],[-20,12],[-61,5],[-36,11],[-13,-1],[-2,8],[19,3],[-4,14],[8,10],[10,1],[14,12],[-19,20],[-53,-3],[-5,16],[-5,-1],[-7,33],[-13,0],[0,29],[20,6],[-18,24],[12,3],[-2,11],[29,3],[1,-4],[33,8],[75,-5],[0,45],[6,1],[-1,46],[-8,2],[3,8]],[[60459,56753],[69,-1],[0,37]],[[60528,56789],[23,2],[29,21],[53,4],[25,-18],[10,-40],[24,-1]],[[73460,52830],[9,-66],[-39,-9],[4,-46]],[[73434,52709],[-77,-11],[-60,23],[-19,11],[-20,1],[-44,-8],[-87,-39]],[[73127,52686],[-65,-8],[-25,-20]],[[73037,52658],[-18,16],[-72,110]],[[72947,52784],[63,26],[14,1],[54,-8],[34,-15],[29,4],[53,-19],[-3,55],[26,-6],[9,-9],[118,52],[38,-49],[78,14]],[[61356,56513],[36,-42]],[[61392,56471],[-73,-82],[18,-13],[5,-17],[1,-15],[-22,-24],[-49,10],[3,6],[-39,15],[-10,1],[0,-5],[-9,-3],[-22,7],[-44,-15],[-68,-38]],[[61083,56298],[-13,16],[-9,2],[3,10],[-4,5],[-58,16]],[[61002,56347],[-9,42],[16,56],[4,53]],[[61013,56498],[11,-1],[16,-34],[13,3],[12,-10],[17,11],[7,-35],[68,4],[-27,49],[5,17],[25,-4],[7,11],[26,-18],[4,8],[-15,20],[20,16],[17,-3],[10,7],[0,-5],[8,-4],[26,6],[20,-2],[17,-8],[22,6],[-2,-6],[14,-2],[11,5],[11,-7],[0,-9]],[[61002,56347],[-22,1],[-51,-27],[-47,-11],[-33,8]],[[60849,56318],[-9,59],[17,28]],[[60857,56405],[14,24],[-41,45],[13,2],[-1,7],[-44,-3],[-4,18],[16,4],[2,24],[-15,-1],[-7,14],[-18,-5],[-18,5],[13,6]],[[60767,56545],[10,9],[-3,5],[10,19],[19,-3],[26,9],[10,-4],[46,8],[-2,6],[13,3]],[[60896,56597],[19,-52],[12,8],[13,-6],[3,7],[6,-6],[29,9],[8,-17],[22,-20],[-9,-13],[9,-2],[5,-7]],[[74910,55742],[53,-22],[4,-12],[26,-7],[-4,-18],[24,-33],[19,7],[14,12],[30,-21],[7,-7],[13,-46],[53,-21],[15,-16],[18,-40],[27,-29],[7,-41],[39,-31],[13,-34],[29,-10],[21,-16],[32,-9]],[[75350,55348],[-144,-71],[-73,-43],[-497,-242],[-78,-45],[-56,-41],[-101,-1],[-31,-6],[-14,2],[-6,10],[-17,-3],[-13,5],[-22,-21],[-71,-21],[-8,11],[-6,-3],[-10,15],[-38,-4],[-256,-70]],[[73909,54820],[-18,14],[-89,-27],[-17,2],[-89,-13],[-8,4],[-74,-22],[-6,7],[-50,-10],[-6,4],[-83,-11],[-172,-39],[-11,4],[-42,-22],[-50,-17],[-47,33],[-291,-22],[-242,-47],[-22,-2],[-4,9],[-120,-23]],[[72468,54642],[-23,50],[28,12],[-26,70],[7,1],[-45,209],[49,11],[-27,80],[-25,109],[0,38],[20,82]],[[72426,55304],[16,44],[10,52],[-30,80]],[[72422,55480],[129,8],[44,36],[21,6],[124,20],[-1,6],[21,4],[9,-2],[189,27],[-5,16],[155,28],[118,30],[2,-7],[58,15],[36,3],[57,14],[2,-4],[72,18],[2,-7],[7,2],[2,-6],[103,24],[63,31],[4,7],[116,51],[679,285]],[[74429,56085],[42,-71],[5,-83],[76,-101],[113,-43],[136,-6],[33,-8],[16,-22],[40,-16],[12,-1],[8,8]],[[73434,52709],[21,-41],[2,-21],[5,0]],[[73462,52647],[-106,-26],[-74,-31],[-40,-6],[-3,10],[6,1],[-5,33],[-19,-1],[-1,17],[-18,-1],[-1,-7],[-16,20],[-72,-38],[14,68]],[[61482,57215],[8,-11],[-10,-33],[2,-29],[17,-20],[27,-53]],[[61526,57069],[-57,-12],[-51,-1],[-6,-5],[2,-12],[-19,-4],[-20,7],[0,4],[-13,5],[-6,9],[-66,8],[-27,8],[-32,27],[-60,18]],[[61171,57121],[11,31],[-12,16],[48,45]],[[61218,57213],[48,32],[40,20],[47,-14],[15,1],[3,19],[64,9],[40,-4],[12,-20],[8,-5],[8,2],[9,-13],[-28,-8],[-2,-17]],[[75712,51987],[-277,-458]],[[75435,51529],[-70,-227]],[[75365,51302],[-568,333],[-136,18],[4,20],[-69,5],[-4,8],[-19,2],[0,9],[-18,4],[-2,6],[-18,2],[-41,-4],[-75,-26],[-102,-17],[4,70],[19,3],[3,28],[0,41],[-12,68],[14,1],[3,97],[-18,95],[-25,-26],[-59,-30],[-23,-2],[-43,43],[-53,35],[-53,69],[-18,53],[-60,-17],[-37,8],[-40,-15],[-8,-15],[-15,-10],[-75,-18],[-4,4],[-28,-6],[-15,31],[-56,-11],[2,172]],[[73720,52330],[15,-2],[7,-14],[14,-6],[37,1],[11,-7],[16,-1],[24,51],[12,4],[76,-2],[182,20],[1,6],[74,20],[4,6],[41,6],[28,10],[3,5],[39,0],[6,10],[15,2],[5,52],[12,32],[-13,2],[14,39],[60,-17],[80,-8],[34,-13],[71,-7],[132,36],[83,32],[50,35],[22,6],[48,-10],[1,21],[36,28],[255,129],[25,8],[18,-2],[44,14],[96,-1],[24,6],[23,-5],[40,4],[14,6],[30,-1],[48,-15],[49,6],[34,-6],[26,4],[25,-3],[13,11],[32,14],[14,-26],[160,-8],[50,24]],[[62551,54435],[-10,-11],[-7,1],[-23,-11],[-12,3],[-7,-7],[-5,3],[-17,-15],[-23,-45],[9,-16],[17,-7],[3,-10],[-16,2],[-12,-7],[22,-28],[0,-7],[15,-9],[9,-19],[24,-22],[11,-16],[-9,-7]],[[62520,54207],[-32,-21],[-23,-9],[-178,-24],[-46,-17],[-44,-25],[-22,-17],[-2,-6]],[[62173,54088],[-100,53],[-14,10],[-9,15],[-24,16],[-9,-7],[-79,6],[-23,-7],[-11,7]],[[61904,54181],[7,30],[10,9],[20,38],[51,35],[137,5],[29,6],[32,13],[41,39],[18,45],[-1,18],[23,6]],[[62271,54425],[22,11],[-1,17],[21,0],[-1,47],[48,0],[38,43],[17,11]],[[62415,54554],[37,-17],[64,-76],[13,12],[14,4],[8,-42]],[[71980,56682],[-9,-11],[-26,-16],[-2,-17],[-42,-17],[-6,-15]],[[71895,56606],[-8,-1],[-4,34],[-14,-2],[-4,19],[-53,5],[3,40],[-47,90],[-11,-2],[-6,11],[-8,-3],[-16,26],[3,12],[-48,72],[6,2],[-5,11],[9,3],[-22,43]],[[71670,56966],[121,30],[76,11]],[[71867,57007],[8,-182],[-7,-148],[36,6],[76,-1]],[[61293,53319],[-22,-54]],[[61271,53265],[-168,15],[-22,-7],[-43,-26]],[[61038,53247],[10,11],[-16,63],[18,15],[18,7],[9,74],[29,-2],[3,19],[-11,0],[-9,46],[-97,-18],[24,39]],[[61016,53501],[29,12],[18,23],[31,15],[20,36],[14,11],[47,5],[25,-10],[16,-15],[32,1],[20,-94],[13,-21],[-6,-36],[10,-70],[-8,-30],[11,1],[5,-10]],[[62691,56570],[42,-12],[-5,-28],[22,-48]],[[62750,56482],[-22,0],[0,-16],[-9,-24],[-52,9],[-1,8],[-10,7],[-75,12],[-45,-6],[-49,-18],[-72,4],[-8,5]],[[62407,56463],[-6,27],[-21,3],[12,16],[-4,15],[8,56],[25,42],[-2,11]],[[62419,56633],[125,5],[7,-14],[3,-40],[43,8],[20,-12],[7,4],[52,-40],[15,26]],[[78661,58889],[-11,-44],[-13,-2],[-12,6],[6,25],[-21,-3],[5,-10],[-7,-3],[-12,19]],[[78596,58877],[-6,7],[14,8],[-12,28],[-9,9],[-5,-2],[-22,24],[-10,-7]],[[78530,58963],[34,14],[25,23],[55,12]],[[71177,56557],[65,-79]],[[71242,56478],[-21,-25],[-13,11],[-16,-12],[-7,7],[-48,-33],[-5,-9],[-27,-13],[-24,-27],[9,-3],[-15,-43],[2,-59],[-31,-13],[-13,-28],[-28,-36],[-124,41]],[[70881,56236],[16,32],[6,62],[-35,40],[-28,15]],[[70840,56385],[80,28],[-11,27],[16,6],[0,11],[63,37],[23,-27],[23,28],[41,17],[84,71],[18,-26]],[[62078,53032],[-39,-20],[12,-75],[-34,-5],[-50,9],[-26,13],[-13,-15],[7,-28],[32,-29],[-67,-20],[-15,2],[7,-9],[-30,-17]],[[61862,52838],[-9,13],[-38,29],[-70,31],[-26,38],[24,38]],[[61743,52987],[25,10],[1,-7],[6,2],[40,19],[30,-16],[-7,-4],[21,-18],[10,3],[20,-7],[10,26],[17,-1],[-4,22],[6,6],[28,4],[2,9],[-7,15],[-10,-7],[-16,54]],[[61915,53097],[25,8],[26,-2],[75,-63],[26,-2],[11,-6]],[[81935,57989],[-14,-4],[5,-14],[-30,-36],[8,-23],[-26,14],[-18,-33],[4,-14],[-12,-28],[-139,-53],[-107,-50],[-7,8],[-62,-27]],[[81537,57729],[-21,12],[-36,-13],[-35,4],[-50,70]],[[81395,57802],[154,70],[-5,9],[29,15],[6,-6],[194,97],[44,41],[9,60],[30,8],[7,-6],[26,6]],[[81889,58096],[24,-68],[22,-39]],[[77046,55945],[6,5],[-4,-11],[8,1],[2,-7],[10,13],[-7,-1],[1,16],[-15,8],[0,5],[13,2],[-7,3],[-5,15],[7,2],[-3,11],[-11,20],[-9,-1],[-1,11],[-26,31],[-34,63],[-11,10],[-23,-4],[-1,26],[-39,7],[-13,-2],[-117,-45],[-8,82],[19,11],[1,50],[-45,-15],[-23,4],[-32,-14],[-5,5],[-104,-42],[-38,-23],[-46,-15],[-24,-13],[-34,-37],[-43,-26],[-58,84],[-7,7],[-12,-7],[-5,6],[-16,33],[-33,-13],[-19,30],[34,27],[37,17],[120,74],[111,55],[21,18],[55,20],[20,18],[47,28],[153,88],[27,11]],[[76860,56586],[11,-2],[19,-25],[19,-35],[-6,-4],[41,-12],[21,4],[12,-14],[19,-2],[22,-12],[3,-5],[-15,-16],[12,-3],[-2,-6],[29,-7],[6,-11],[6,0],[-1,-9],[16,2],[38,24],[32,4],[34,-127],[28,-66],[3,-22],[48,17],[32,-100],[3,-41],[-25,-65],[-6,-30],[-35,-33],[-9,-19],[0,-32],[-26,-9],[-5,-6],[13,-18],[-28,-11],[-44,-3],[-31,-1],[-36,7],[-30,9],[18,38]],[[79488,61084],[57,-51],[24,14],[7,-14],[13,0],[-33,-21],[-1,-13],[-16,-7],[-16,3],[-63,40],[-1,-2],[58,-39],[13,1],[7,-4],[13,1],[9,9],[3,10],[14,11],[12,5],[9,-2],[7,13],[17,7],[11,-2],[-17,-8],[-5,-27],[7,21],[17,1],[7,-15],[-11,-27],[11,1],[1,7],[12,4],[13,13],[3,-5],[24,5],[-18,-11],[-11,7],[-4,-10],[-13,-2],[-2,-5],[11,-1],[-5,-5],[-57,-11],[2,-4],[15,3],[41,11],[7,7],[-14,2],[16,3],[4,10],[9,-7],[-11,-10],[2,-6],[-24,-15],[-3,-8],[-16,1],[-19,-12],[1,-2],[20,13],[7,-21],[7,-3],[-9,21],[13,5],[25,18],[-1,9],[10,2],[9,15],[10,-4],[-1,-7],[10,-9],[-41,-26],[43,25],[12,-25],[-16,-14],[12,7],[-16,-31],[22,37],[5,-9],[-15,-18],[2,-4],[15,24],[-21,39],[19,-28],[9,-27],[-3,-9],[-23,-23],[-25,-3],[0,-11],[-10,6],[-12,0],[-32,19],[32,-21],[12,1],[17,-6],[-5,10],[22,3],[-26,-28],[31,29],[-19,-25],[5,-8],[26,-15],[13,-16],[39,7],[16,-3],[10,-8],[10,1]],[[79813,60837],[12,-16],[-6,-14],[5,-22],[8,-7],[14,0],[-1,-8],[10,-6],[-6,-4],[9,-3],[-5,-17],[1,-43],[-8,-10],[-37,-13],[15,-19],[12,-2],[-1,-8],[-16,0],[-22,-23],[-8,2],[-11,-6],[-20,-29],[-15,-57],[-38,-13],[-40,-2],[4,-14],[15,-8],[1,-24],[18,0],[23,-12],[-8,-8],[-3,-8],[6,-9],[-7,-6],[8,-6],[1,-19],[18,-42],[46,-33],[-13,-12],[27,-14],[18,7],[0,-19],[10,-9],[15,-2],[26,-24],[-15,-19],[-23,0],[-13,-27],[1,-6],[15,-12],[0,-15],[-9,-17],[35,-31],[-19,-14],[14,-23],[-9,-5],[1,-14],[14,-9],[3,-23],[-53,-42],[-23,-5],[-39,-19],[-35,-39],[-31,-60],[-20,-70],[-27,-16],[-11,-15],[-16,-7],[-21,-19],[8,-14],[-4,-7],[-91,-30],[-17,-15]],[[79485,59682],[-10,-9],[-41,-2],[-12,-16],[-86,-66],[-15,-15],[14,-14],[-2,-12],[-21,-5],[-24,2],[-17,13],[-21,2],[-24,-28],[-58,-31],[-9,-13],[2,-17],[-29,-22],[15,-35],[-26,-16],[6,-21],[-55,-11],[-4,-7],[-7,-1],[-3,-16],[-9,-10],[-11,3],[-35,-26],[-44,-11],[-18,-15],[-21,-4],[2,-8],[-8,2],[-4,-4]],[[78700,59415],[-36,52],[7,10],[-15,25],[-22,22],[-41,64],[11,7],[-3,8],[47,7],[12,10],[-6,6],[12,8],[-36,98],[-8,61],[-57,-30],[-49,-17],[-41,-4],[-28,87],[-17,27],[-3,24],[-16,24],[6,5],[-15,29],[-19,-4],[-96,160]],[[78287,60094],[48,24],[67,17],[50,20],[32,23],[36,3],[50,19],[61,28],[18,14],[196,60],[-5,13],[54,24],[-47,82],[-21,-11],[-17,18],[-22,-20],[-11,12],[-20,3],[-11,7],[-34,59],[34,14],[-25,75],[-8,-2],[-3,10],[8,1],[-29,88]],[[78688,60675],[33,5],[54,20],[75,57],[159,57],[50,14],[1,13],[24,-6],[13,22],[28,0],[-4,10],[8,14],[28,5],[331,198]],[[79791,60846],[-11,4],[-38,-7],[-16,15]],[[79726,60858],[16,18],[8,0],[25,-13],[16,-17]],[[79769,60929],[-64,-59]],[[79705,60870],[-7,6],[1,8],[17,20],[10,-2],[7,4],[11,23],[-2,13],[8,-8],[19,-5]],[[79732,60908],[-17,-1],[22,23],[-1,18],[5,-17],[-9,-23]],[[79808,60967],[-7,-6]],[[79801,60961],[-6,7],[13,-1]],[[79791,60951],[-18,-17]],[[79773,60934],[-27,18],[-7,21],[14,-10],[12,1],[26,-13]],[[79795,60955],[-2,-2]],[[79793,60953],[-26,12],[-18,2],[-25,28],[71,-40]],[[79972,61122],[-81,-77]],[[79891,61045],[-25,40],[-70,78],[-21,16],[-3,23],[10,4],[29,-5],[89,-34],[35,-22],[2,-11],[-8,-6],[4,-9],[-5,-4],[11,-12],[13,1],[8,21],[12,-3]],[[78452,54701],[-87,-345],[9,-143],[-86,-6],[4,-133],[-73,-12],[-6,-20]],[[78213,54042],[-155,-7],[-2,-24],[9,-71],[38,-117],[-1,-47],[96,2],[0,-36],[205,6],[-65,-114],[-20,-86],[-15,-146],[78,0],[-5,-63],[83,15],[-251,-504],[59,-45]],[[78267,52805],[-51,-7],[-32,17],[-26,6],[-106,-14],[-231,1],[-48,31],[-95,37],[-9,-12]],[[76763,53231],[23,85],[-3,11],[-18,18],[16,17],[2,11],[-5,6],[-14,4],[-10,-3],[-23,12],[-20,20],[8,6],[18,-4],[11,5],[2,16],[-6,7],[14,50],[114,9],[-9,37],[136,9],[133,-128],[98,68],[-124,230],[-58,158],[145,10],[33,163],[65,8],[-5,30],[230,11],[-7,81],[115,7],[-26,290],[59,65],[70,100],[127,5],[3,-37],[100,5],[-115,202],[157,22]],[[77999,54837],[33,-134],[143,28],[13,-81],[264,51]],[[77902,52217],[101,-21]],[[78003,52196],[89,-17],[0,-17],[-16,-5],[-3,-7],[16,-19],[25,17],[6,-31],[47,17],[-7,22]],[[78160,52156],[20,1],[43,20],[45,-4],[29,3],[28,-9],[158,-180]],[[78483,51987],[-108,1],[-3,20],[-10,1],[-33,-4],[-19,-11],[-29,8],[-20,-5],[-23,7],[-17,-2],[-15,53],[-23,3],[-10,-7],[-18,2],[-6,-7],[-12,5],[-50,-4],[-2,22],[-16,-4],[-6,10],[-10,-5],[-43,6],[-22,-19],[-10,8],[-10,0],[-9,18],[-9,8],[-14,3],[-4,11],[-35,1],[11,12],[-15,6],[-31,-36],[-23,-2],[4,138],[-106,-4],[-4,35]],[[77733,52255],[169,-38]],[[65153,45797],[11,-5],[36,1],[7,-19],[18,-2],[3,-18],[13,0],[10,-11],[21,3],[15,-4],[31,-32],[86,-51]],[[65404,45659],[-21,-26],[-3,3],[-20,-19],[-2,-8],[-27,-14],[-26,-22],[8,-12],[-18,-20],[29,-21],[-37,-21],[10,-15],[-8,-6],[5,-16],[-11,-4],[3,-26],[-9,2],[-15,-7],[12,-39],[-20,-10],[-40,-109]],[[65214,45269],[-12,-3],[-2,4],[-11,-8],[-12,7],[11,4],[-7,9],[7,9],[-7,6],[-4,-5],[-4,21],[-7,-4],[-7,5],[-16,-1],[1,7],[-15,4],[-16,18],[-10,-6],[-9,8],[5,8],[-24,-6],[3,9],[-9,2],[4,11],[-3,8],[4,2],[4,-7],[3,9],[-8,2],[0,6],[-14,14],[9,0],[-8,15],[-4,2],[-8,-9],[-7,9],[-46,0]],[[64995,45419],[-9,27],[19,-7],[-3,12],[18,14],[-30,11],[12,51],[-5,38],[4,41],[-30,75],[-8,43],[3,31]],[[64966,45755],[4,47],[30,-11],[-3,-10],[10,-12],[29,7],[39,3],[31,-8],[48,2],[-1,24]],[[78267,52805],[52,-46],[45,-15]],[[78364,52744],[171,-51],[22,-148],[-1,-34],[-5,-14],[-75,14],[-7,-42],[-67,6],[-4,-26],[-7,3],[0,-61],[-7,-2]],[[78384,52389],[-49,19],[-92,-4]],[[78243,52404],[-14,17]],[[78229,52421],[-5,55],[-16,57],[-9,66],[-148,-12],[-19,53],[-10,52],[12,31],[-72,-1],[-4,9],[-13,7],[-24,4],[-15,-6],[-27,18],[4,-17],[-9,-26],[6,-9],[3,-79],[-7,-7]],[[77876,52616],[-23,26]],[[64219,51835],[-67,-23],[-31,-5],[21,-17],[7,-21],[-7,-21],[-20,-16],[2,-3],[13,5],[23,-5],[-2,-12],[-7,-1],[7,-30],[-2,-71],[4,1],[9,-24],[13,4],[-10,-12],[8,-23],[13,4],[7,-18],[14,4],[39,-25]],[[64253,51526],[-69,-77],[-84,-46],[-45,-35],[-56,-33]],[[63999,51335],[-165,177]],[[63834,51512],[-20,22],[10,8],[-29,27],[-18,-16],[-33,34]],[[63744,51587],[26,5],[93,38],[83,53],[-20,27],[34,31],[-43,29],[-17,23],[30,12],[30,29],[25,6],[55,29]],[[64040,51869],[25,22],[53,27],[44,34],[-6,-29],[3,-10],[6,2],[31,-69],[16,5],[7,-16]],[[69816,41277],[3,-12]],[[69819,41265],[-42,-6],[-1,-23],[-49,2],[-38,-13],[27,-56],[-12,-76]],[[69704,41093],[-42,9],[-65,-8],[-112,14],[-229,53]],[[69256,41161],[99,68],[8,14],[27,18],[16,20],[48,17],[7,-21],[20,-15],[86,15],[36,26],[37,-4],[27,-17],[42,14],[20,-3],[5,-5],[8,1],[20,-10],[25,5],[16,-8],[13,1]],[[76694,57367],[0,-9],[-6,2],[-4,-8],[-9,-4],[-4,3],[-11,-9],[-7,6],[-15,1],[-14,-23],[-59,-38],[33,-103],[-35,-38],[-12,-56],[6,-4],[-5,-4],[25,-86],[23,-1],[25,-21],[-5,-30],[-10,-2],[3,-17],[24,-37],[-8,-10],[13,4],[4,-12],[-9,-2],[9,-3],[-3,-10],[10,-7],[20,14],[13,0],[89,-91],[5,-6],[-16,-16],[16,-18],[29,-16],[9,-15],[2,-17],[-37,-14],[23,-26],[43,11],[6,-47],[15,-22],[-10,0]],[[77046,55945],[-11,-2],[0,-6],[-10,2],[5,-8],[-7,-18],[-21,-3],[1,-6],[-26,-4],[-48,-42],[9,-7],[16,7],[43,-26],[-19,-20],[9,-5],[-10,-50],[1,-4],[10,-1],[1,-41],[-50,-19],[-3,-8],[-9,-2],[12,-25],[43,1],[-53,-83],[-3,-17],[15,-11],[71,-27],[42,-26],[42,-15],[42,-27],[1,-10]],[[77139,55442],[-36,-51],[-19,-54],[4,-25],[20,4],[9,-6],[0,-28],[-4,-10],[-31,-23],[-10,-36],[1,-45],[-60,5],[-139,-7],[-31,8],[6,36],[-90,2]],[[76759,55212],[-44,1],[-6,16],[-23,19],[-7,12],[-14,-1],[-5,24],[7,1],[11,12],[-3,8],[14,48],[20,9],[14,-7],[18,0],[17,11],[8,22],[-8,6],[-76,8],[-95,2],[-80,12],[-13,9],[-53,2],[-39,28],[-55,-26],[-40,0],[-115,-97],[-19,-29],[-15,-9],[-14,-16],[-25,-9],[-9,3],[-16,10],[-49,52],[234,148],[-19,21],[-25,11],[-229,61],[-71,52],[-21,8],[-25,1],[-16,15],[-13,5],[-14,-3],[-15,-17],[-8,-36],[-24,-52],[-49,-50],[-316,-281]],[[75434,55216],[-64,71],[-10,48],[-10,13]],[[74910,55742],[20,91],[-48,102],[12,66],[-46,115],[-92,148],[14,56],[20,23],[82,72],[10,0],[53,36],[-19,21],[66,28],[48,37],[11,19],[2,19],[19,31],[-1,8],[9,10],[7,28],[-3,19],[-38,57],[-27,16],[-12,18],[9,18],[-11,44],[2,39],[14,44],[13,18]],[[75024,56925],[99,68],[37,-17],[20,-1],[43,-14],[39,17],[29,34],[28,11],[34,30],[24,13],[45,35],[97,50],[167,99],[28,9],[12,12],[-5,14],[133,31],[48,16],[18,24],[6,32]],[[75926,57388],[20,8],[11,22],[46,18],[88,12],[173,42],[46,-21],[61,-10],[163,-45],[107,-22],[37,-13],[16,-12]],[[80097,56901],[30,-69],[18,-16],[24,-8],[-5,-14],[52,-9],[14,-63],[13,-1],[-1,-23],[18,-47],[42,15],[20,-7],[26,14],[18,-23],[-11,-54],[45,-26],[13,-19],[1,-36],[-34,-15],[-13,-8],[1,-6],[-51,-4],[-47,11],[2,-20],[22,-17],[-2,-24],[15,-44],[-9,-5],[1,-5],[18,-19],[0,-12],[32,-26],[29,21],[22,-31],[-3,-24],[14,-24],[13,18],[27,18],[72,12],[36,-1],[0,-23],[-14,-42],[8,-26],[-61,-42],[-21,16],[-51,-39],[-6,-10],[20,-7],[23,-15],[38,-38],[48,-26],[21,-23],[-59,-24],[11,-47],[-6,-30],[12,-26],[-7,-21],[3,-28],[-4,-13],[6,-8],[3,-25],[-11,-8],[-7,-33],[-26,-21],[-8,-60],[-10,-12],[-19,-8]],[[80442,55671],[-62,-27],[-14,-22],[-19,-13],[-9,-32],[-26,-10],[-40,-27],[-14,0],[-2,-9],[-13,-6],[-74,-30],[-62,-14],[-12,-7]],[[80095,55474],[-13,29],[-35,13],[16,45],[-30,11],[-11,9],[-5,21],[10,13],[14,7],[9,21],[-28,-8],[0,16],[-12,21],[3,20],[-5,5],[-5,-4],[-21,14],[-14,-3],[-2,6],[-36,18],[-5,20],[-31,16],[17,12],[7,19],[-26,12]],[[79892,55807],[-20,8],[2,16],[-7,-1],[-3,12],[-5,-2],[-15,38],[-7,-2],[-2,8],[-17,4],[-14,12],[-24,-1],[-18,9],[-14,-28],[-25,-16],[-15,-1],[0,-10],[-8,6],[-23,-2],[0,4],[-60,-5],[-5,9],[-6,-1],[-23,13],[-12,-30],[-7,2],[-9,-6],[13,-13],[-3,-20],[-21,-10],[3,-15],[-10,-33],[-1,-36],[-19,-4],[-12,-41],[-12,4],[-12,-40],[-7,-1],[-7,-16],[-5,-30],[6,-44],[-8,-3],[-13,21],[-15,-8],[-71,-13],[15,-43]],[[79376,55498],[-33,-8],[-32,-24],[-18,20],[-9,19],[7,24],[-3,8],[-34,12],[-28,32],[-16,2],[-141,-12],[-61,12],[-10,-2],[-12,-11],[-2,-34],[-16,-21],[-12,-4],[0,-5],[-23,-2],[-13,6],[-9,-5],[-21,15],[-23,31],[-187,194],[-22,2],[-2,21]],[[78656,55768],[0,10],[-14,25],[63,67],[17,26],[28,25],[42,54],[7,20],[18,-2],[9,32],[23,-3],[3,4],[19,-1],[22,-7],[39,-31],[18,-6],[41,17],[22,2],[1,5],[25,4],[13,-6],[23,12],[39,7],[30,16],[13,-2],[11,9],[-19,10],[-2,23],[-21,11],[-12,-2],[-9,9],[16,36],[-3,27],[-11,4],[2,6],[-33,0],[-1,8],[-62,14],[-26,58],[-10,9],[-6,-3],[-23,8],[-7,12],[-7,-2],[-24,10],[-12,-8],[-25,5],[-10,12],[-2,15],[-11,2],[5,13],[-9,13],[24,31],[-36,30],[-21,-3],[25,127],[14,29],[-1,37],[18,114],[16,4],[-14,14],[18,18],[-32,27],[-43,20],[-11,4],[-17,-4],[1,12],[-24,53],[-37,131],[-4,33],[-37,144],[-7,2],[3,32],[-31,43],[-10,27]],[[79272,57708],[4,-4],[-16,-17],[130,-64],[122,-36],[70,-26],[-29,-25],[22,-30],[-22,-18],[35,-31],[-4,-2],[31,-68],[36,8],[12,25],[48,-15],[53,-36],[15,8],[9,-3],[37,6],[19,-8],[40,-5],[24,-8],[8,-13],[16,11],[-8,5],[74,20],[21,-3],[33,5],[12,-19],[-29,-3],[29,-39],[11,-7],[13,15],[25,-12],[30,-4],[22,-10],[-27,-31]],[[59631,55608],[-159,-293],[-77,-115],[-28,10],[-16,-19],[-15,6],[-31,-13],[4,-8],[-19,-24],[-37,-2],[-11,-27]],[[59242,55123],[-27,10],[10,16],[-4,7],[-26,9],[-63,-14],[-8,26],[-23,9],[-1,12],[7,11],[14,4],[24,-4],[8,10],[-11,32],[-29,-6],[-11,6],[-25,66],[-10,14],[-38,11],[-3,-7],[13,-15],[-11,-11],[-16,-5],[-40,3],[-89,58],[-31,35],[-37,15]],[[58815,55415],[-28,18],[-37,53],[9,47],[79,52],[-16,26],[-2,23],[47,12],[45,1],[-4,20],[15,6],[-3,5],[23,10],[-11,26],[0,15],[53,51],[3,59],[6,16],[52,66],[70,27]],[[59116,55948],[158,57],[194,22]],[[59468,56027],[15,-131],[48,-110],[100,-178]],[[77596,50445],[-150,-138],[-87,-36],[-19,-12],[-63,-74],[-14,-25],[-48,-26],[46,22],[0,-7],[-8,-19],[10,10],[0,-33],[-13,-22],[-16,-25],[-82,-123],[-58,-89],[-32,-40]],[[77062,49808],[-22,4],[-64,-38],[-13,-19]],[[76963,49755],[-57,-103],[-36,-108],[-8,-9],[-52,-31],[-17,-47],[-120,-89],[-108,16],[-44,-6]],[[76521,49378],[-26,-2],[-370,-221]],[[76125,49155],[-137,-83],[2,-19],[-16,3],[-10,-10],[-79,-133],[46,-43]],[[75931,48870],[-86,-35],[-9,1],[-67,-106],[-17,-16],[-90,-27],[54,123],[-441,328],[-21,14],[-8,-7]],[[75246,49145],[-24,6],[1,35],[-10,12],[-15,44],[-9,61]],[[75140,49719],[-16,191],[-36,139]],[[75088,50049],[61,-6],[81,1],[151,-27],[175,-20],[69,-15],[52,-19],[49,4],[22,34],[113,8],[59,-17],[22,85],[4,86],[66,-15],[50,-21],[33,-5],[79,-31],[22,-13],[48,9],[23,11],[92,-13],[67,-32],[-7,69],[-15,53],[15,43],[0,33],[34,-6],[11,-39],[98,-7],[26,-5],[11,-7],[18,10],[54,-1],[-10,36],[68,17],[23,24],[44,-13],[4,12],[43,-21],[5,30],[-4,13],[8,8],[-41,19],[-45,44],[-62,25],[-53,29],[264,86],[64,-32],[31,-10],[36,-25],[20,-24],[13,-3],[46,-38],[104,177]],[[77229,50550],[11,11],[2,11],[7,1],[17,-13],[-7,-16],[15,-8],[-2,-9],[22,-44],[22,-3],[11,9],[0,6],[-17,4],[5,10],[23,-7],[19,0],[6,-8],[-15,-9],[2,-7],[14,-8],[19,0],[31,-22],[33,13],[20,27],[129,-43]],[[77416,50285],[38,19],[153,137]],[[77607,50441],[37,-11],[4,-10]],[[77648,50420],[-9,-2],[-101,-111],[6,-7],[-26,-11],[-49,-32],[-12,10],[-25,-20],[-16,38]],[[61112,56909],[1,-86],[-11,-66]],[[61102,56757],[-14,7],[-24,-34],[-26,10],[-18,-11],[-5,8]],[[61015,56737],[-129,86],[-37,18],[16,31],[16,9],[-21,28],[-3,12],[-22,23]],[[60835,56944],[82,24],[12,-15],[29,-18],[13,2],[11,-6],[3,-10],[12,0],[9,-14],[52,7],[1,-7],[38,6],[3,-7],[12,3]],[[58687,57675],[-14,-4],[27,-22],[-30,-56],[-28,8],[-11,-22],[-29,8],[-18,-3],[-25,-33],[-3,-23],[7,-35],[7,-6],[24,9],[13,-19],[-27,-7],[-15,14],[-44,-16],[22,-15],[40,-54],[75,-68],[132,62],[56,-54],[45,-33],[45,-46],[-44,-53],[186,-70],[-46,-23],[-71,-1],[-40,-41],[-5,3],[-30,-19],[-31,15],[2,9],[-7,6],[-25,-9],[-12,3],[-53,-28],[7,21],[-6,18],[-17,-6],[-11,12],[-27,5],[-40,-5],[-6,4],[-41,-21],[-60,-13],[7,-25],[-27,24],[-7,13],[1,38],[-6,12],[-47,-1],[-9,12],[-30,-12],[-16,12],[-67,-62],[-15,-23]],[[57639,57303],[-31,39]],[[57608,57342],[101,63],[-53,39],[-1,7],[49,-10],[70,2],[50,-14],[31,-15],[34,15],[17,2],[80,-25],[58,0],[70,-16],[2,8],[-6,7],[51,29],[10,16],[19,14],[28,-21],[29,-13],[4,-11],[20,-14],[13,33],[44,-6],[2,-8],[50,7],[-1,5],[43,13],[28,2],[-5,5],[-29,-4],[-10,8],[-15,41],[4,15],[-4,30],[26,47],[28,23],[8,16],[30,15],[12,32],[-5,7],[3,16],[24,9],[24,-1],[9,4],[-10,4],[6,2],[21,-1],[70,-18],[24,-20],[17,3],[9,-9]],[[73829,53042],[-16,-53],[-19,-13],[19,-32],[-36,-27],[-16,-19]],[[73761,52898],[-28,12],[-37,8],[-21,-32],[-33,-21],[-182,-35]],[[72947,52784],[-30,45],[7,7],[-9,27],[-5,2],[-9,51],[-22,37],[31,10],[224,57],[65,8],[311,11],[117,-2],[6,9],[46,7],[119,-9],[12,-5],[19,3]],[[80111,50617],[-163,-177],[24,-118],[-116,-20],[-24,-30],[-28,-12],[-9,2],[4,12],[-7,5],[-58,11],[-16,-13],[-17,-1],[-26,-26],[6,-10],[-14,-19],[-15,-3],[-12,-12],[27,-17],[8,-25],[16,-15],[-7,-19],[15,-16],[28,-87],[-50,-70],[-20,-9],[-5,-21],[-17,-14],[10,-1],[57,-92],[9,4],[4,-38],[-4,-16],[3,-38],[-6,-10],[-39,4],[-5,-26],[8,-10],[-2,-19],[-18,1],[-5,-13],[-8,-2]],[[79639,49657],[-27,-3],[-21,10],[-1,8],[-11,-2],[-40,18],[-23,4],[-72,-1],[-48,-9],[-6,6],[-17,-9],[-7,-12],[0,-10],[8,-5],[-4,-11],[-37,-6],[-7,-7],[-10,-1],[-18,-20],[-34,-1],[-7,4],[0,-13],[-48,-16],[-18,13],[-5,15],[-17,-29],[-28,16],[-17,-5],[-9,-10],[-30,-9],[22,-28],[-11,-25],[-9,1],[-10,9],[-17,-9],[-3,7],[-42,9],[-9,-14],[-27,0],[-2,-5]],[[78977,49517],[-100,8],[-117,20],[-111,-8],[-81,9],[-33,12],[-147,78]],[[78388,49636],[30,38],[-15,33],[5,15],[-9,0],[0,11],[-6,3],[-5,58],[7,12],[-4,30],[27,114],[52,127],[15,71],[-10,3],[-15,-7],[6,15],[20,11],[-2,9],[16,14],[-28,25],[-7,-12],[-11,2],[-5,14],[-13,12],[3,7],[19,9],[8,2],[12,-7],[8,9],[-5,11],[-20,11],[-7,12],[-4,54],[10,25],[-45,78],[18,7]],[[78433,50452],[38,119],[-68,31],[6,8],[33,-15],[20,14],[-36,212]],[[78426,50821],[15,9],[8,-5],[-1,9],[70,42],[13,-4],[-4,10],[34,21],[38,22],[232,83],[22,33],[99,80],[25,11],[9,-16],[-12,-25],[-46,-25],[32,-4],[18,4],[-1,-4],[23,-9],[-13,-12],[-21,-9],[-57,5],[21,-6],[-1,-3],[44,1],[26,9],[15,12],[9,-8],[18,-1],[1,4],[-9,3],[18,14],[9,1],[7,-5],[41,10],[24,-14],[6,11],[5,-6],[17,7],[23,-9],[1,-10],[6,-5],[6,5],[29,1],[8,-14],[4,7],[15,7],[1,-6],[8,0],[6,-32],[47,-5],[-7,-6],[18,-16],[23,11],[21,-8],[0,-15],[21,10],[-15,-22],[-18,-10],[10,-9],[19,-3],[5,9],[6,1],[98,-31],[60,-26],[15,-12],[8,4],[2,8],[5,-4],[9,5],[3,-10],[8,3],[17,-4],[4,7],[18,-14],[15,-1],[3,11],[5,-6],[7,18],[5,-19],[4,5],[11,-9],[6,23],[6,0],[0,-10],[7,-7],[7,14],[9,3],[-2,-19],[9,1],[9,-10],[7,7],[26,2],[4,11],[9,-9],[3,4],[20,-7],[17,7],[6,8],[8,-25],[8,9],[4,-2],[14,20],[2,-7],[6,2],[0,-12],[23,8],[9,-2],[8,-10],[8,4],[29,-3],[24,-14],[12,-13],[13,7],[9,-2],[2,-13],[12,-6],[10,13],[10,-22],[24,-10],[100,-11],[24,-29],[-5,-23],[31,-4],[0,-4],[12,2],[5,-5],[-29,-13],[-99,-108]],[[62178,57051],[62,-47]],[[62240,57004],[-30,-6],[-39,4],[-47,-14],[-42,12],[-36,-6],[-13,-21],[1,-32],[-11,-2],[-12,23],[5,47],[-34,-3],[-2,-6],[-31,-2],[-8,-17],[-68,2],[-54,-11],[-5,8],[-24,3],[-1,17],[-36,-1],[-1,21],[-39,0],[-6,12],[-52,29],[-12,36],[-2,12],[7,9],[-16,36],[6,5],[-9,35]],[[61629,57194],[1,6],[59,-18],[30,-5],[4,7],[38,2],[4,15],[26,1],[30,14],[14,15],[8,-7],[39,34]],[[61882,57258],[39,-14],[31,-2],[-4,-27],[-15,-14],[-17,-37],[2,-22],[54,-9],[8,-21],[19,0],[17,38],[17,-3],[11,6],[46,-33],[22,0],[12,-38],[54,-31]],[[72856,52459],[21,-34],[0,-15],[16,-6],[-2,-6],[206,-15],[109,-19],[111,9],[225,-12],[14,7],[18,-1],[25,6],[13,-11],[17,-2],[39,-30],[36,-3],[16,3]],[[75365,51302],[-50,-159]],[[75315,51143],[-231,62],[-42,8],[-60,0],[-83,13],[-29,-1],[-214,71],[-49,24],[-103,19],[-201,-10],[-31,-7],[-41,0],[-84,-12],[-71,-3],[4,-64],[-12,-3],[4,-28],[-9,-1],[-1,-25],[-21,-78],[-1,-32],[-64,-13],[3,-54],[-70,-3],[-43,12],[-92,-1],[-11,4],[-65,-19],[-31,-4],[0,-13],[-90,-35],[-143,-43],[-48,-10],[-157,-14],[-9,-30],[-35,3],[-81,-31]],[[73104,50825],[-41,95],[-20,30],[6,7],[-20,24],[-8,46],[-14,26],[-28,-1],[-86,15],[-185,-3],[-25,50],[-3,21],[-62,0],[3,3],[-37,14],[-23,26],[-20,49],[-39,15],[-20,23],[-4,-2],[-8,7],[-39,73],[-19,50],[24,2],[54,-5],[-4,22],[-4,0],[-1,36],[10,19],[15,-3],[4,19],[-11,33],[64,-1],[1,30],[21,0],[4,27],[-5,22],[-12,-6],[-8,26],[-22,-2],[-4,66],[12,-1],[-2,29],[-53,2],[-8,72],[-16,46],[-6,7],[-55,24],[-1,57],[17,4],[-16,31],[-5,4],[-92,-51],[-73,-29],[5,-26],[-29,-3],[-16,50],[-10,18],[-6,0],[-31,99],[-33,47],[-40,-20],[-16,13],[-16,-24],[-12,4],[-24,-50],[-39,9],[-48,-19],[-81,-13],[-56,5],[-61,-8],[-50,4]],[[71677,51959],[134,291],[34,-74],[174,35],[-28,30],[-32,77],[53,20],[-2,65],[10,22],[-27,26],[33,28],[-15,19],[40,29]],[[72051,52527],[53,46],[36,18],[33,-1],[23,-6],[38,-23],[14,14],[7,-9],[27,-6],[15,-9],[35,-29],[2,-16],[10,-10],[-20,-14],[-71,-12],[-16,-7],[-35,-47],[49,7],[48,16],[77,5],[1,-4],[83,19],[15,0],[23,-34],[4,3],[65,-60],[3,-14],[27,-11],[28,2],[31,21],[40,8],[41,22],[23,6],[41,19],[19,24],[36,14]],[[62542,56062],[4,-9],[-7,-20],[3,-5],[-14,-25],[-4,-33],[5,-48],[12,-11],[53,-19],[57,-52],[117,-15],[104,-2],[73,-9],[15,-97],[26,-53],[45,-51],[3,-23],[12,-13],[15,-43],[-4,-23],[-12,-15]],[[63045,55496],[0,10],[-18,10],[-7,12],[-34,5],[-8,9],[-35,7],[-31,2],[-1,4],[-14,-6],[-12,5],[-4,-4],[-14,3],[-21,-13],[-66,1],[-33,22],[-9,16],[-30,16],[-11,14],[-89,-5],[-18,-39],[-17,-18],[-16,6],[-7,-39],[1,-27],[-16,-6],[-10,2],[-20,25],[-44,-35],[-15,-3],[-29,3],[-15,4],[-12,14],[-16,5],[-4,9],[-15,0],[-28,-35],[-54,-14],[0,-48],[-26,-32],[8,-39],[19,-17],[9,-29],[12,-139],[17,-29],[18,-48]],[[62330,55075],[-31,3],[-64,-23],[-83,-105],[-14,-2],[-18,19],[-10,-9],[-13,-2],[-40,16],[-18,-17],[-28,-47],[-50,-8],[-2,-13],[-11,-9],[-6,-16],[-8,-8],[-19,-7],[-4,-14],[-49,-24],[-17,-3],[-34,-20],[-17,2],[-7,7],[-21,-3],[-62,4],[-38,16],[-24,-8]],[[61642,54804],[4,20],[8,1],[10,16],[-11,1],[-8,9],[26,37],[-8,15],[8,9],[-8,16],[7,11],[-17,35],[-7,7],[-9,-1],[-5,15],[-17,6],[-5,9]],[[61610,55010],[6,19],[31,24],[6,13],[39,5],[54,38],[4,11],[46,15],[0,63],[23,11],[38,47],[31,21],[-11,36],[14,25],[20,14],[-7,19],[10,24],[-33,59],[-17,17],[1,5],[-18,11],[-5,25],[-16,12],[-29,0],[-28,16],[-1,12],[-23,49],[-68,8],[-19,15],[-27,3],[-28,20]],[[61603,55647],[10,0],[10,22],[31,31],[12,30],[24,34],[22,3],[18,-13],[35,4],[6,4],[8,30]],[[61779,55792],[8,7],[17,-2],[31,26],[-4,3],[35,19],[29,-18],[10,16],[17,2],[3,-18],[77,-17],[17,77],[76,-19],[10,0],[2,8],[14,2],[13,-8],[38,2],[5,-3],[12,5],[6,9],[24,4],[76,-41],[13,-2],[22,7],[8,16],[6,74],[16,32],[12,4],[6,24],[40,71]],[[62418,56072],[35,-1],[61,-12],[19,7],[9,-4]],[[72422,55480],[-18,47],[-108,-34],[-13,21],[-35,-19],[-107,-7],[4,40],[-6,32],[-23,-1],[-9,37],[0,58],[-21,61],[-18,34],[162,45],[-61,61],[-48,27],[10,10],[-18,15],[100,39],[10,6],[-7,8],[5,6]],[[72221,55966],[27,29],[9,20],[6,0],[1,63],[35,12],[29,2],[9,35],[-9,5],[3,3],[33,-17],[10,22],[1,18],[4,1],[53,-21],[14,-24],[29,-16],[21,1],[37,-9],[9,-11],[51,2],[18,12],[20,4],[8,8],[-9,24],[59,14],[1,-3],[35,2],[2,-4],[30,-2],[53,7],[15,-51],[37,-49],[-8,-5],[17,-26],[-15,-8],[10,-20],[77,29],[-3,4],[13,5],[68,21],[40,18],[-11,16],[102,36],[171,94],[32,11],[28,3],[15,11],[-19,13],[6,4],[18,-13],[113,51],[452,229]],[[73968,56516],[30,11],[16,-6],[15,0],[0,17],[26,8],[1,8],[15,9]],[[74071,56563],[9,-11],[52,8],[13,-3],[11,-9],[15,-32],[25,-22],[18,-63],[0,-29],[-14,-27],[12,-40],[54,-38],[67,-66],[-9,-79],[6,-13],[16,-10],[61,-13],[22,-31]],[[73747,58881],[5,-31],[-1,-30],[-7,-5],[3,-82],[-16,-4],[5,-45],[-5,-4],[4,-29],[11,-25],[-7,-6],[9,-38],[1,-30],[25,-58],[-61,-39]],[[73713,58455],[-6,-5],[-21,27],[-43,-9],[-31,3],[-38,-13],[-27,-3],[-3,14],[-12,3],[-84,-23],[-55,6],[-134,-11],[-20,2],[-4,6],[-41,-4],[-51,13],[-45,-12],[-47,-5],[-5,-7],[18,-43],[-16,-21],[1,-8],[16,-29],[33,-19],[-1,-8],[12,-6],[22,-39],[48,-26],[40,-44],[10,-52],[32,-72],[2,-41],[-76,9],[-149,-8],[-90,-37],[11,-28],[-62,-6],[-75,-29],[-67,-35],[-112,-45],[-69,-46],[-52,-27],[-110,-41],[-31,-19],[-63,-14],[-3,5],[-11,-3],[2,-7],[-102,-34]],[[72204,57664],[-42,-12],[-47,-3],[-13,0],[-6,11],[-30,-13],[-80,-18],[-147,-11]],[[71839,57618],[-45,931]],[[71794,58549],[46,10],[168,17],[96,24],[123,13],[166,39],[37,23],[32,-9],[15,0],[57,13],[146,23],[6,-9],[25,11],[35,4],[156,46],[-35,107],[1,25],[-18,38],[-2,20],[45,15],[14,31],[14,3],[28,24],[12,34],[45,33],[0,46],[23,38],[-5,17]],[[73024,59185],[24,7],[23,20],[87,6],[38,-12],[24,6],[4,8],[6,-3],[14,6],[3,-5],[36,5],[1,-7],[21,3],[3,-10],[53,6],[2,-4],[125,18],[1,-77],[10,-68],[22,-92],[26,-9],[24,-17],[13,-30],[18,-75],[145,20]],[[55393,57937],[22,-47],[24,-12],[18,-18],[4,-32],[15,-34],[-4,-35],[12,-17],[44,-29],[39,-34],[20,-35],[36,-3],[16,-7],[40,-49],[15,9],[19,23],[12,21],[1,15],[66,5],[69,-9],[94,14],[33,1],[120,-11],[48,-13]],[[56156,57640],[7,-16],[24,-26],[55,-46],[1,-13],[-13,-23],[5,-1],[-1,-36],[8,-11],[53,-28],[11,-19],[1,-24],[22,-41],[63,-20],[13,-16],[19,-5],[24,-29],[5,-13],[-6,-16],[10,-49],[-3,-14],[8,-19],[25,-30],[-21,-22],[3,-20],[36,-26],[7,2],[36,-14],[19,-27]],[[55875,56913],[-47,7],[-37,-6],[-42,11],[-46,2],[-15,-7],[-21,-22],[-28,-3],[-6,-9],[-8,5],[-22,-15],[-20,-6],[-8,8],[5,12],[-3,20],[-18,11],[-26,3]],[[55533,56924],[2,28],[28,54],[-27,43],[-13,11],[-1,14],[-62,137]],[[55460,57211],[3,4],[-15,34],[2,15],[13,20],[-3,27],[-46,-34],[-83,92],[-80,34]],[[55251,57403],[33,62],[39,114],[-194,9]],[[55129,57588],[17,68],[-4,94],[-28,28],[-5,12],[-22,6],[9,44]],[[55096,57840],[17,11],[32,9],[-7,19],[14,32],[-35,15],[6,6],[-6,4],[-68,30],[-12,8],[12,0]],[[55049,57974],[51,14],[86,48],[29,7],[23,0],[41,-8],[31,-18],[63,-52],[20,-28]],[[74180,62073],[64,-62],[66,-83],[19,11],[93,-76],[9,5],[37,-74],[30,32],[55,-28],[10,-10],[-12,-15],[7,-12],[26,-21],[9,-17],[27,-28],[-45,-15],[-130,-99],[-86,-94],[-39,-73],[-15,3],[-17,-29],[-27,-23],[-23,5],[-50,-37],[-4,-208],[-413,36],[92,-11],[2,-92],[18,-11],[72,9],[13,-2]],[[73968,61054],[-1,-23],[30,-62],[14,-96],[40,-91],[-32,-5],[-23,-9],[-100,-48],[-92,-5],[-19,3],[-75,-29],[5,-23],[-19,0],[-35,-12],[-60,-5],[-43,-26],[-15,-37],[-7,-2],[-2,-14]],[[73534,60570],[-90,-31],[-27,-14],[-43,-12],[-72,-36],[-5,-7],[-47,-9],[-49,-19],[-113,-10],[-8,-6],[-28,-4],[-87,-59],[-200,-4]],[[72765,60359],[-8,17],[-3,35],[4,11],[-14,25],[0,27],[16,17],[-12,3],[-6,13],[-22,18],[0,5],[10,-1],[8,15],[-24,21],[1,21],[-12,6],[6,4],[-6,3],[1,13],[-16,5],[-6,9],[7,8],[-5,6],[5,14],[8,4],[-8,16],[2,17],[-7,20]],[[72684,60711],[-1,8],[-21,22],[-97,29],[-57,26],[-6,10],[-14,42],[1,14],[-12,21],[15,17],[3,20],[-7,9],[7,16],[14,8],[13,19],[22,52],[31,47],[-21,70],[-17,19],[-17,34],[-16,16],[-19,2],[-4,4],[86,35],[34,24],[33,10],[63,2],[45,10],[66,5],[113,-21],[29,-1],[30,8],[43,4],[61,26],[16,-1],[26,8],[101,15],[28,8],[42,22],[26,3],[22,8],[26,0],[25,14],[103,35],[-22,43],[13,35],[-5,38],[-28,47],[-12,31],[20,16],[-4,34],[-47,41],[-4,12],[-25,10],[-48,-18],[-43,-6],[-68,110],[-4,55],[-19,14],[-17,21],[-37,-8],[-41,2],[-28,8],[-40,-3],[-46,-28],[-48,-9],[-5,-15],[-42,-3],[-113,-36],[-129,-30],[-91,-14],[-242,-13],[18,25],[38,20],[31,28],[27,36],[12,32]],[[72450,61905],[89,-10],[4,6],[27,4],[55,1],[18,25],[3,13],[22,11],[74,2],[3,13],[-5,67],[8,29],[10,10],[36,-1],[4,9],[18,14],[1,12],[22,9],[7,7],[10,-2],[9,7],[20,-2],[25,6],[11,-1],[19,-25],[17,56],[21,23],[15,6],[17,14],[31,40],[7,23],[20,20],[11,25],[65,43],[62,28],[10,-32],[48,-50],[56,-99],[133,-27],[107,-12],[143,-28],[185,-13],[55,6],[4,-6],[69,-6],[35,-13],[44,-30],[85,-4]],[[54492,57855],[-1,-17],[9,-27],[-11,-65],[9,0],[-13,-15],[-11,-26],[-6,-48],[16,-10],[45,-63],[34,-28],[20,-50],[38,-25],[20,-39],[194,29]],[[54835,57471],[-35,-33],[-17,-34],[-18,-6],[-30,2],[-23,-5],[-10,-9],[-5,-20],[-5,-4],[-41,11],[-18,-4],[-14,-17],[-6,-29],[-5,-3],[-15,7],[-3,-5],[17,-13],[-3,-21],[20,-17],[12,-30],[20,-25],[-4,-23],[14,1],[2,-12],[25,-21],[6,-13],[25,-10],[25,-20],[8,-27],[-15,-23],[12,-9],[6,-13],[35,-8],[20,13],[29,5],[7,-5],[16,2],[7,-21],[11,5],[6,-15],[-7,-2],[4,-15],[17,-7]],[[54905,56998],[-4,-7],[-33,9],[-9,-29],[-22,4],[-12,-35],[4,-7],[-24,4],[-6,-20],[7,-10],[93,-34],[4,-25],[9,-11],[-2,-8],[-32,-3],[4,-17],[-8,0],[-6,-14],[80,-32],[82,-20],[22,-12]],[[55052,56731],[15,-10],[18,-6],[-21,-11],[-15,4],[-11,-4],[-1,-21],[13,-34],[-35,-19],[87,-28],[-13,-54],[68,-19],[24,18],[26,40],[43,10],[9,-7],[95,-27],[31,-19],[-18,26],[-34,30],[-20,26],[-3,45],[-6,9],[14,22],[1,15],[99,-97],[15,12],[108,-92]],[[55243,56088],[-8,3],[-14,-7],[-6,2],[-10,-15],[-25,1],[-2,-7],[-17,4],[-17,-7],[-9,9],[-21,-2],[-15,15],[-13,4],[-12,14],[1,12],[-13,-1],[-7,14],[-14,0],[-3,12],[-15,-2],[-7,10],[-11,1],[-13,-8],[-32,-2],[-15,6],[-24,39],[-43,18],[-16,12],[-9,21],[-28,9],[-33,32],[-8,-1],[-19,13],[-19,5],[-116,-7],[-24,4],[-73,31],[-53,96],[-16,114],[-103,-89],[-67,-36],[-24,-33],[-31,-8],[-6,-10],[-19,-13],[-9,0],[-6,-8],[-28,-5],[-13,-11]],[[54158,56317],[-8,17],[-20,20],[3,39],[-7,22],[11,3],[-13,24],[-1,34],[26,18],[4,13],[14,5],[1,6],[8,-1],[0,5],[12,-3],[10,5],[9,-1],[14,8],[35,8],[5,8],[7,-2],[9,8],[19,-1],[14,16],[1,43],[-38,23],[-14,15],[-34,89],[-22,1],[-49,26],[-40,14],[-107,68],[6,22],[-32,36],[10,90],[9,26],[-112,88],[21,65],[29,52],[2,24],[-12,40],[-5,3],[-10,73],[-9,13],[-14,56],[13,58],[1,67]],[[53904,57560],[0,33],[-18,0],[12,88],[-1,93],[-7,36],[8,36],[53,112],[1,58],[13,40],[20,33]],[[53985,58089],[27,-19],[-12,-49],[-2,-45],[41,-98],[5,-35],[11,-30],[21,-37],[16,7],[11,-23],[38,-31],[22,7],[8,-6],[28,12],[-5,30],[15,3],[36,5],[30,-2],[48,7],[30,-7],[9,4],[6,14],[11,10],[-13,5],[-10,17],[48,14],[88,13]],[[74728,48455],[-28,-13]],[[74700,48442],[-121,-57],[-35,-7],[-168,-78],[-96,-54],[-48,-19],[-89,-56],[-38,-18],[-7,-22],[22,-15],[-1,-16],[-20,-14],[-24,0],[-8,-6],[-3,-15],[-16,0],[-10,-6],[-14,8],[-17,-2],[1,-25],[7,-15]],[[74015,48025],[-13,-19],[6,-9],[-3,-8],[-10,4],[-21,-4],[-15,5],[-24,-22],[-16,-56],[-24,3],[4,14],[-26,4],[-9,-1],[-1,-5],[-39,0],[5,5],[-61,15],[-36,18],[-11,48],[-15,28],[5,14],[11,5],[-88,109],[-37,21],[41,58],[-15,31],[-19,20],[18,9],[-22,63],[-5,44],[-11,0],[-13,33],[-11,116],[8,32]],[[73568,48600],[120,14],[74,2],[41,10]],[[73803,48626],[9,-17],[39,10],[9,-34],[69,9],[-1,11],[8,12],[23,-6],[8,6],[47,-6],[648,-133],[59,-15],[7,-8]],[[62676,52050],[-14,-62],[-10,-10],[10,-2],[-2,-7],[14,-14],[6,6],[15,-9],[9,9],[10,-2],[12,-9],[8,-17],[20,-6],[21,-22],[0,-17],[17,-17],[-14,-21],[1,-7],[10,-5],[-1,-13],[-7,-1],[-10,-14]],[[62771,51810],[-15,9],[-8,21],[-18,1],[-9,9],[-26,-3],[-16,-5],[-18,8],[-9,-12],[-8,4],[-20,-7],[-9,4],[-12,17],[-24,0],[-9,30],[-54,11],[-4,7],[-16,5],[1,8],[-24,4],[-6,3],[-2,7],[-10,-3],[-5,-9],[-20,4],[-14,-14]],[[62416,51909],[-15,22],[2,70],[-16,45]],[[62387,52046],[41,9],[46,2],[-10,48],[9,37],[-3,19]],[[62470,52161],[21,3],[61,-38],[23,-33],[64,-32],[37,-11]],[[70510,51258],[-55,-6],[-33,9],[-21,1],[-53,-17],[-87,-3],[-15,5]],[[70246,51247],[-5,0],[1,13],[-25,87],[6,2],[-2,50],[22,2],[-4,24],[24,1]],[[70263,51426],[55,-9],[31,64]],[[70349,51481],[112,-65],[36,-36],[18,-34],[9,-33],[-14,-55]],[[59903,55357],[-87,-47],[-38,-30],[-119,-68],[-71,-70],[-17,-33],[-42,-45],[-62,-16],[-31,3],[-8,-6],[39,-36],[3,-8],[-5,-4],[-26,2],[-15,-6],[-3,-26]],[[59421,54967],[-5,-6],[-21,-2],[-27,-20],[-13,-30],[-11,-6],[-12,-19],[0,-15],[-15,-21],[1,-15],[-9,-10],[-33,-6],[-13,-8],[-7,6],[-25,0],[7,5],[-14,19],[0,15],[-33,20],[-31,31],[7,5],[-21,23],[-13,2],[-14,-4],[-23,12]],[[59096,54943],[1,45],[21,3],[5,-4],[23,9],[2,20],[-9,11],[-5,20],[98,25],[10,51]],[[59631,55608],[272,-251]],[[78388,49636],[1,-40],[-40,-17],[7,-27],[-22,-5],[7,-25],[-14,-3],[3,-8],[-6,-1],[-3,-22],[30,-7],[-35,-70],[10,-4],[-6,-88],[8,-9],[-3,-65],[12,5],[62,1],[21,6],[33,-4],[10,-24],[6,-53],[18,-9],[27,29],[62,42],[12,20],[52,-14],[-4,-12],[52,-10],[-3,40],[32,1],[-2,12],[7,16],[12,-7]],[[78734,49284],[14,-30],[-4,-34],[5,-17],[-22,-35],[-1,-11],[17,-34],[-10,-42],[-46,-12],[13,-96],[21,-50],[-65,-3],[-36,-167],[6,-24],[-20,-22],[-22,-82],[-14,-17],[-28,-76],[-9,-5],[1,-9],[-10,-11],[-16,-12],[-3,-20],[-24,-8],[1,-7],[-15,-3],[-2,6],[-35,-8],[0,-14],[-56,-12],[9,-282],[0,-6],[15,3],[-304,-504],[-353,-395]],[[77741,47245],[-18,10],[-52,9],[-21,-54],[-18,0],[-33,-10],[-29,11],[-32,0],[-70,-26],[-91,-63],[-32,-2],[-13,5],[-35,20],[-29,32],[-33,6],[-34,30]],[[77201,47213],[-4,5],[25,16],[6,20],[43,34],[47,54],[21,38],[20,22],[26,21],[53,31],[41,36],[45,10],[20,24],[55,28],[28,10],[33,4],[29,14],[8,16],[126,150],[-11,25],[-12,9],[-25,-2],[-28,19],[-92,8]],[[77655,47805],[6,80],[-3,14],[8,30],[39,428],[16,36],[18,18],[-17,16],[17,101],[-15,27],[-18,6],[-6,17],[26,30],[-3,17],[42,81],[0,33],[12,47],[-4,44],[24,30],[-9,2],[6,15],[-7,11],[6,32],[-24,78],[-8,52],[9,23],[13,17],[7,28],[6,1],[6,41],[24,17],[-6,17],[9,11],[4,24],[5,0],[6,28],[-11,8],[1,24],[-30,11],[22,7],[5,13],[7,0],[2,26],[-6,9],[4,6],[-15,4],[3,12],[-12,3],[4,19],[-4,2],[28,9],[4,-7],[9,1],[13,6],[-31,35],[5,2],[9,28],[29,18],[-20,10],[-5,21],[19,-2],[-3,17],[28,14],[6,0],[9,-20],[17,9],[9,30],[-8,24],[8,5],[23,6],[19,-1],[2,-4],[15,1],[25,-12],[36,3],[-3,3],[10,17],[39,22],[6,-4],[10,12],[-18,21],[6,18],[-11,14],[10,6],[-1,18],[13,5],[13,14],[11,-16],[10,11],[22,3],[0,20],[36,34],[-30,36],[26,53],[30,-8],[9,19],[-3,13],[-44,51],[-2,76],[16,-1],[14,6],[7,61],[10,19],[-23,35],[-26,9],[-12,16],[-9,0],[0,5],[-25,1],[1,4],[30,10],[0,9],[-20,-3],[-6,18],[-10,8],[-12,-3],[-12,-12],[-9,14],[48,12],[191,228],[-30,15],[2,2],[20,2],[16,-11],[26,-2],[47,-22]],[[61271,53265],[33,12],[20,-3],[14,4],[55,-2],[67,-37],[26,-20],[6,4],[37,-18]],[[61529,53205],[-29,-32],[10,-16],[-9,-6],[20,-17],[-21,-12],[9,-7],[36,20],[33,-45],[52,-49]],[[61630,53041],[-29,-22],[-17,-19],[-11,14],[-19,1],[-10,-9],[-30,-10],[6,-17],[-32,-9],[-9,-43],[2,-41],[10,-37],[-8,-4],[-20,-39],[-25,-11],[-24,1],[-1,-17],[-19,-3],[-6,-21],[-38,-24],[-16,40],[-34,25],[-14,5],[5,29],[-43,7],[-45,17],[-43,-2],[-14,44],[-44,3],[-1,3],[-40,-8],[-11,-37],[3,-56],[-18,-33],[-7,-7],[-31,14],[3,9],[-30,14],[-2,-12],[-26,-2],[13,-24],[-6,-20],[-28,8],[-30,1],[2,10],[24,9],[14,35],[-50,11],[-4,-22],[-13,4],[-14,-32],[-8,-1],[-5,15],[-16,13],[-7,25],[20,4],[1,9],[-13,0],[1,14],[-19,3],[-11,-8],[-5,3],[-1,-52],[13,-4],[1,-36],[-57,-73],[-28,-26],[-8,-1],[-9,-29],[23,-62],[28,-38],[-14,-21],[-7,-52],[-17,-22]],[[60712,52425],[-30,-20],[-28,28],[-4,-5],[-20,2],[-28,24],[-40,-16]],[[60474,52616],[-10,39],[2,13],[15,2],[-2,9],[25,2],[32,13],[7,18],[-46,-8],[-6,9],[-14,0],[-2,8],[12,2],[0,19],[-7,13],[-12,-2],[-7,10],[8,42],[33,12],[-21,40],[44,12],[39,4],[-8,34],[24,16],[19,-17],[7,31],[-20,7],[0,33],[6,19],[32,34],[15,9],[20,31],[49,24]],[[60708,53094],[13,9],[17,23],[18,44],[11,10]],[[60767,53180],[18,11],[45,11],[55,-17],[10,1],[29,15],[22,20],[22,12],[44,14],[6,-8],[20,8]],[[59164,53735],[-6,2],[-7,-10],[7,-26],[-5,-2],[-25,0],[-12,5],[-17,29],[-32,-6],[-29,-19],[-7,-14],[4,-3],[-37,-45],[-10,-43],[-9,-12],[1,-11],[-11,-12],[6,-25],[19,-11],[8,-12],[59,-28],[16,-19],[15,-2],[34,-34],[-10,-3],[-12,-18],[-17,-7],[-22,-22],[-40,-26],[-10,-21],[-16,-7],[-17,2],[-12,-19],[4,-12],[-40,-27],[-7,-18],[-17,-19],[3,-7],[13,-7],[1,-11],[9,-5],[3,-17],[24,-14],[5,-14],[26,-8],[4,-8],[8,4],[4,-9],[13,-8],[3,4],[5,-9],[19,-10],[13,2],[9,-6],[-21,-35],[27,-14],[36,21],[56,11],[-15,22],[5,15],[9,-10],[31,8],[7,-10],[30,1]],[[59237,53126],[17,-20],[18,-13],[8,-2],[24,12],[2,-3],[-20,-14],[-42,-7],[-13,-24],[-46,-32],[3,-23],[7,-12],[11,-6],[94,-26],[-3,-13],[-30,-8],[-23,19],[-91,19],[6,-49],[-13,5],[-5,-17],[5,-35],[24,-15],[5,-44],[10,-12],[10,-2],[-18,-44],[-11,3],[-33,-8],[-24,-21],[-41,2],[-40,9],[-37,-1],[-38,-24],[-51,-21],[-10,-18],[6,-30],[-27,-122],[3,-43],[-7,0]],[[58867,52486],[-16,21],[-28,-22],[-23,10],[-14,16],[-24,0],[-11,37],[-42,66],[15,10],[-3,8],[-92,12],[-32,15],[-40,33],[-23,48],[-27,11],[-13,23],[-5,0]],[[58489,52774],[-17,8],[-24,20],[-16,3],[-16,-5],[-14,4],[-57,55],[-24,15],[-11,64],[-10,27],[20,82],[0,48],[7,23],[17,26],[64,64]],[[58408,53208],[11,6],[6,23],[17,23],[27,-16],[13,42],[36,23],[12,20],[18,2],[2,9],[-17,18],[-14,44],[-10,4],[-48,0],[-14,7],[-5,-2],[-20,20],[-20,73],[-17,15],[20,9],[-1,7],[11,6],[-2,5],[13,19],[8,-1],[5,6],[6,-1],[2,12],[60,19],[0,11],[10,7],[-2,5],[9,3],[2,6],[8,1],[9,21],[-4,28],[10,11],[-6,4],[5,19],[-4,39],[10,20],[-1,9],[8,1],[-3,7],[13,13],[12,28],[39,43],[145,100],[2,9],[8,6],[24,6],[27,0],[43,-30],[10,27],[43,19]],[[58924,54013],[40,-1],[5,-6],[2,-32],[19,-9],[14,3],[0,-8],[6,-2],[-1,-26],[11,2],[16,-7],[20,7],[16,0],[-8,-32],[-9,-13],[9,-19],[-5,-4],[8,-20],[37,-23],[-3,-10],[5,-4],[32,-3],[45,15],[11,-5],[-11,-18],[15,-16],[-10,-5],[-24,-42]],[[77147,49017],[-58,1],[-118,-23],[-22,36],[-159,28],[21,52],[-33,1],[4,-45],[-18,-5],[-25,3],[3,10],[-10,2],[2,20],[-9,-1],[-16,56],[-9,-5],[-9,10],[-19,8],[-14,-5],[6,-4],[-8,-7],[-10,8]],[[76646,49157],[20,19],[24,45],[78,86],[30,50]],[[76798,49357],[14,17],[6,-17],[6,-6],[5,4],[-9,14],[2,16],[92,161],[21,53],[57,77],[25,50]],[[77017,49726],[-6,-37],[111,-22],[-20,-69],[-16,-23],[-4,-22],[42,-87],[-37,-89],[95,13],[6,-176],[-7,0],[-9,-98],[-25,-99]],[[57562,52915],[-14,-8],[8,-35],[34,-52],[-3,-7],[14,-10],[-25,-65],[-59,44],[-25,-9],[-110,1],[-32,-5],[-11,12],[3,4],[-41,0],[-35,28],[-48,22],[-33,30],[-32,16],[-5,-3],[-20,23],[-6,0]],[[57122,52901],[-15,10],[-15,-8],[-26,5],[10,24],[22,-5],[7,3],[3,-6],[38,27],[0,-9],[51,41],[63,28],[14,-7],[33,20],[2,-67],[6,-9],[14,-4],[45,-15],[27,1],[35,-9],[32,-25],[20,11],[9,0],[3,5],[12,-11],[25,28],[21,-6],[4,-8]],[[75931,48870],[264,-261]],[[76195,48609],[60,-59],[8,3],[24,-35],[131,63]],[[76418,48581],[16,-76],[72,-92],[73,-46],[52,-22],[109,-213],[5,-77],[-6,-12],[-24,-16],[61,-45],[25,-10],[666,-130],[166,-40],[23,-4],[-1,7]],[[77201,47213],[-132,-71],[-31,-25],[-23,-29],[-111,-80],[-41,-13],[-39,-38],[-49,-24],[3,-6],[-33,-6],[-9,-10],[1,-13],[-11,-33]],[[76726,46865],[-476,152],[-127,-136],[-30,0],[-33,49],[-11,2],[-41,90],[-10,10],[-30,62],[-30,29],[-6,21],[-44,-19],[-35,-5]],[[75410,47563],[-21,24],[-65,-31],[-97,141],[-16,-2],[-27,-30],[-132,196]],[[75052,47861],[-40,59],[36,38],[-207,298],[-25,-10],[-114,165],[25,10],[-8,12],[-9,-1],[-10,10]],[[74728,48455],[185,132],[33,37],[254,197],[39,22],[14,15],[12,23],[-15,100],[15,39],[-6,67],[-13,58]],[[60885,56685],[11,-88]],[[60767,56545],[-29,79],[-6,0],[-4,23],[-54,-18]],[[60693,56752],[6,-3],[-9,-11],[22,-10],[4,6],[35,-15],[7,4],[16,-8],[19,20],[8,-5],[5,5],[6,-6],[10,5],[34,-26],[27,-6],[2,-17]],[[62529,48478],[15,-14],[12,-2],[15,-18],[15,-39],[1,-43],[29,-42],[13,-16],[12,-1],[72,-51],[10,12],[84,57],[55,24],[33,45],[58,58],[12,30]],[[62965,48478],[11,-6],[-14,-22],[29,-15]],[[63206,48292],[-29,-18],[-15,13],[-27,-13],[4,-6],[-30,-10],[-34,-24],[-27,-9],[-4,-7],[-36,-18],[10,-15],[-47,-24],[48,-72],[-47,-14],[-137,-119],[-37,-26],[-27,-3]],[[62771,47927],[-31,11],[-42,-54],[-5,13]],[[62693,47897],[-45,40],[-93,56],[-76,22],[-32,1],[-47,23],[-122,15],[-49,-19],[-39,-24],[-41,-34],[-2,-13],[-30,5],[-36,-18],[-13,8],[-8,12],[-25,55],[-10,7],[-7,31],[-35,8],[-36,-11],[-62,-10]],[[61885,48051],[-10,32],[-12,18]],[[61863,48101],[29,14],[57,-7],[21,6],[28,31],[54,22],[15,13],[-21,37],[37,-16],[19,30],[60,-41],[86,50],[-7,7],[-8,-6],[-60,55],[12,9],[-14,12],[-6,22],[-52,39],[10,23],[2,30],[7,-3],[11,33],[1,16],[11,2],[12,10],[4,12],[10,5],[8,21],[-51,3],[-20,5],[-63,-7]],[[62055,48528],[-17,-3],[-21,-26],[-60,0],[-26,49],[-45,-22],[-44,30]],[[61842,48556],[83,27],[36,-2],[71,-14],[6,5],[1,19],[125,-19]],[[62164,48572],[38,-11],[10,15],[33,10],[11,17],[14,1],[29,-27],[1,-34],[27,-23],[64,-13],[15,19],[15,0],[34,-42],[21,1],[7,9],[11,3],[35,-19]],[[61796,48676],[10,-13],[-10,-14],[16,-11],[-21,-46],[9,-4],[23,-40],[19,8]],[[62055,48528],[-49,-60],[-84,2],[-1,-8],[-28,0],[-18,1],[-14,8],[-5,-10],[-25,1],[-17,-24],[-25,-11],[3,-13],[-38,-22],[-31,-48],[-10,1],[-2,-6],[-17,-9],[5,-7],[34,-12],[-6,-12],[-42,14],[-8,-14],[10,-3],[-21,-38],[-4,-31]],[[61662,48227],[-7,1]],[[61655,48228],[-123,-1]],[[62693,47897],[-6,-17],[-26,-41],[-92,-34],[-117,-16],[-27,-12],[-86,-63]],[[62339,47714],[-64,11],[-114,89],[-61,20],[-48,-6],[-27,12],[-24,-1],[-17,27],[-24,24],[-97,66]],[[61863,47956],[23,11],[8,17],[-9,67]],[[67575,48764],[-22,-21],[31,-70],[10,-38],[-20,-59],[1,-43],[-26,-153],[8,-25],[49,-60],[6,-22]],[[67322,48304],[-57,51],[-8,-1],[-24,12],[-9,14],[-5,71],[36,30],[6,20],[-8,53],[-11,14],[-9,2],[-22,18],[-33,36],[-30,17]],[[67148,48641],[27,17],[10,14],[28,6],[10,7],[23,0],[31,-31],[28,-17],[16,-1],[49,29],[8,21],[5,51],[13,25],[29,9],[49,5],[31,23],[10,0],[2,-14],[14,2],[27,-18],[17,-5]],[[62097,45252],[-14,-17],[-1,-28],[13,-20],[18,-52]],[[62113,45135],[-246,-147]],[[61867,44988],[-76,39],[-14,25],[-13,7],[-34,-1],[-13,-23],[-40,-1],[-14,-8],[-6,31],[-14,14]],[[61643,45071],[47,42],[-13,11],[-38,67],[-21,-8],[-6,11],[14,11],[-24,27],[-18,-1],[-9,17],[76,36],[-12,25],[2,9],[-17,16],[-8,18],[-13,6],[-34,33],[-4,15],[5,6],[-16,36]],[[61554,45448],[41,-3],[170,-33],[-26,-29],[-2,-15],[85,13],[12,-29],[-4,-11],[22,-3],[2,6],[11,2],[3,-8],[39,-4],[-9,-48],[86,13],[24,-14],[48,-13],[-6,-7],[16,-8],[-7,-14],[22,-1],[16,10]],[[78688,60675],[-21,-2],[-17,26],[4,2],[-17,14],[-25,46],[-99,-23],[-7,4],[-12,14],[-9,38],[14,16],[33,13],[-27,34],[-182,-86],[-163,-64],[-21,10],[2,36],[-9,56],[-36,-13],[-5,31],[4,14],[-12,63],[-28,-20],[-10,1],[-4,-8],[-13,-1],[-21,11],[-5,10],[-64,-5],[-21,4],[-4,5],[-17,-1]],[[77966,61355],[21,13],[30,5],[29,20],[-2,13],[5,6],[51,14],[16,-6],[31,2],[10,-7],[18,14],[36,7],[26,-49],[35,6],[13,21],[58,1],[38,8],[127,39],[35,21],[23,3],[30,19],[-5,7],[11,15],[59,34]],[[78661,61561],[4,-9],[13,-4],[17,-22],[24,-57],[60,-9],[31,-16],[36,-8],[24,-52],[45,-18],[6,-49],[20,-15],[-3,8],[-16,10],[-4,47],[36,2],[26,-5],[4,4],[-68,45],[73,-42],[-6,-9],[-34,4],[-24,-10],[22,-43],[-4,-18],[4,-26],[4,0],[-3,26],[5,15],[-23,45],[23,6],[32,-3],[8,5],[1,11],[5,-1],[-4,-17],[2,-10],[6,-9],[-3,-8],[5,-9],[27,-17],[22,-1],[8,-6],[-4,-12],[-20,-22],[24,21],[2,16],[-7,4],[-23,2],[-28,17],[-3,7],[4,8],[-9,10],[1,22],[30,-5],[-24,8],[43,-2],[-12,-15],[5,-14],[15,-8],[-14,11],[-3,10],[7,7],[13,-1],[9,-9],[-7,-10],[3,-4],[6,14],[-7,5],[9,5],[9,-3],[-3,-19],[8,22],[-17,4],[-20,-2],[3,8],[38,-7],[19,-18],[25,-54],[-16,-24],[3,-14],[-21,-31],[-13,-5],[-51,35],[50,-36],[13,2],[7,8],[18,29],[-1,20],[12,12],[13,-4],[65,35],[-65,-33],[-10,1],[-12,33],[21,-1],[22,9],[-24,-7],[-21,2],[-12,27],[-22,18],[23,0],[2,-7],[20,1],[-20,2],[2,5],[18,9],[22,-10],[15,6],[27,1],[-27,1],[-14,-6],[-5,5],[-19,5],[-29,-11],[-26,6],[7,10],[53,29],[10,4],[6,-6],[12,4],[0,6],[-12,-8],[-2,18],[-5,-13],[-84,-42],[-7,3],[32,19],[6,18],[-9,-19],[-27,-13],[-3,5],[-14,-9],[-13,0],[33,40],[10,-2],[5,8],[-5,17],[-11,4],[11,7],[0,6],[-146,92],[4,2],[15,-7],[2,4],[-37,25],[2,6],[28,-4],[65,-40],[4,4],[37,-13],[-9,-2],[23,-10],[3,-5],[10,-2],[-15,15],[34,-17],[7,-6],[-11,-1],[-7,-12],[44,-19],[14,-15],[-16,34],[19,2],[86,-41],[-5,-12],[-10,11],[-12,-9],[12,4],[2,-7],[17,-6],[-5,7],[8,9],[29,-12],[41,-7],[11,-8],[-18,-31],[15,-24],[29,-13],[43,-9],[1,-11],[15,-10],[25,-1],[24,14],[8,11],[-1,28],[-18,22],[13,8],[-31,9],[10,6],[58,-11],[3,-8],[10,0],[1,-7],[9,1],[11,-8],[-2,-7],[8,4],[16,-29],[-7,-5],[-19,20],[-19,7],[-12,-2],[-2,-12],[19,-18],[14,0],[27,-13],[0,-20],[-12,-3],[-6,8],[-30,12],[-24,3],[-16,-19],[2,-4],[-12,-1],[-3,-8],[-6,2],[-2,-11],[-9,1],[1,-13],[-11,-1],[-11,-21],[16,-67],[18,-38],[8,-4],[1,-18],[38,-46]],[[69877,41025],[-132,-136],[-72,-52],[-25,-38]],[[69648,40799],[-20,9]],[[69628,40808],[-4,8],[8,29],[-13,27],[32,22],[2,10],[13,6],[-18,32],[1,39],[72,107]],[[69721,41088],[43,-16],[55,-39],[32,0],[26,-8]],[[71156,40764],[1,-4],[-10,-3],[1,-11],[-7,-3],[3,-7],[10,4],[-2,-7],[6,-5],[16,-1],[14,-7],[-3,-5],[21,-5],[-4,-6],[13,-14],[-9,-13],[7,-5],[13,-47],[-31,-24],[5,-3],[-18,-21],[18,-8],[48,34],[11,-58],[13,-23],[-12,-8]],[[71260,40514],[-91,35],[-78,43],[-45,6]],[[71046,40598],[5,10],[-8,4],[33,35],[-3,12],[9,9],[-21,29],[-13,-5],[11,26],[-16,13],[66,41]],[[71109,40772],[14,-2],[14,4],[19,-10]],[[64369,55631],[6,-12],[65,-47]],[[64440,55572],[-30,-13],[-10,-14]],[[64400,55545],[-20,-13],[-42,-9],[-62,14],[-40,0],[-71,-32],[-6,-8],[-33,-18]],[[64060,55440],[-34,16],[-5,10],[-22,0],[-9,-7],[-22,15],[-24,-45],[-27,24],[-19,28]],[[63898,55481],[43,16]],[[63941,55497],[52,20],[12,11],[15,32]],[[64020,55560],[50,7],[31,0],[25,8],[89,45],[63,62]],[[64278,55682],[16,-9],[16,-28],[59,-14]],[[71842,41810],[52,-5],[27,-10],[-4,-16],[15,-3],[4,-7],[-5,-28],[-15,-4],[-13,-19],[-6,-16],[-10,1],[-9,-5],[2,-22],[-14,5],[-5,-10],[11,-1],[-4,-10],[-19,-4],[0,-12],[-11,-5],[-5,7],[-29,-11],[-56,-5],[-7,3],[-13,-2],[3,-10],[-32,-4],[6,-49],[-13,-4]],[[71692,41564],[-20,-4],[-4,20],[-61,9],[-46,5],[-15,-5],[-25,3],[-7,-5],[-75,13],[-19,-1],[-36,9],[5,13],[13,13],[-24,30]],[[71408,41842],[5,-6],[40,-13],[28,-34],[32,21],[12,-16],[18,-48],[11,5],[20,17],[25,9],[46,35],[22,7],[26,18],[20,-18],[129,-9]],[[64774,55322],[-177,-60],[-28,-5],[-27,1],[-84,-19]],[[64458,55239],[-37,-5]],[[64421,55234],[-14,42],[-16,-4],[-49,72]],[[64342,55344],[98,43],[10,12],[-20,24],[5,28],[-28,42],[0,30],[-7,22]],[[64440,55572],[168,-108],[10,1],[36,-56],[31,-37],[50,-24],[39,-26]],[[65904,42737],[-2,-7],[12,-4],[1,-25],[-5,-6],[4,-14],[8,-3],[1,-16],[8,0],[-4,-6],[9,-9],[9,0],[-4,-6],[10,-4],[13,-16],[-2,-7],[6,-13],[-4,-8],[5,-6],[-10,-18],[9,-18],[10,-4],[4,-11],[15,-11],[17,-41],[-12,-28],[13,-23],[2,-16],[27,-23],[38,-16],[25,-4],[16,13],[28,-13],[9,11],[19,-9],[-2,-8],[27,-15],[74,-26],[-1,-23],[5,-4],[-3,-22],[7,-8],[-2,-18],[52,0],[4,-8],[-4,-9],[5,-8],[27,-15],[-21,-31],[4,-6]],[[66351,42175],[-14,-23],[-13,-8],[-16,-34],[-6,10],[-19,3],[-19,16],[-9,-1],[-64,-44],[-4,3],[-40,-42],[-51,31],[-12,-1],[-6,5],[-11,-3],[-13,9],[-8,-5],[-20,6],[-2,-3],[-17,4],[-3,-3],[-2,12],[-32,0],[-25,-17],[-29,2],[-30,-16],[-18,1],[-11,-8],[-19,-4],[-5,-11],[-28,-18],[-46,-20],[-42,-4],[-47,-23],[-12,-17],[-14,5],[-10,-7]],[[65634,41970],[-45,76],[-111,118],[-29,8],[-1,5],[-57,-7],[-41,5],[-37,13],[-83,11],[-154,31],[-28,-31],[-14,-34],[-63,-53],[-43,-50],[-39,-28],[-37,-56],[-46,-40],[-56,26],[-13,-6],[-65,25],[-52,28],[-115,47],[-76,25],[-16,0],[-8,14],[-42,13],[-18,12],[-25,5],[-4,-14],[-12,-5],[-214,-72]],[[64090,42036],[-334,532],[-5,14],[12,-2]],[[63763,42580],[30,-8],[14,-9],[7,6],[13,-6],[28,8],[45,-16],[2,22],[10,-2],[16,-23],[-2,-18],[6,-11],[39,-13],[7,-6],[43,17],[30,-5],[7,5],[2,14],[16,12],[9,-4],[13,9],[3,-7],[5,9],[28,14],[23,-6],[-1,8],[12,2],[3,10],[4,-7],[20,7],[6,12],[-3,7],[-8,-2],[-3,8],[13,0],[8,11],[10,-5],[2,9],[4,-4],[14,7],[5,-5],[24,9],[1,-6],[17,0],[2,11],[26,2],[19,-12],[12,6],[3,-5],[22,-1],[-2,-9],[8,0],[4,-8],[-4,-9],[8,-2],[14,5],[-3,-7],[6,-9],[14,25],[6,-2],[15,8],[4,-5],[12,12],[10,-5],[9,10],[3,-4],[15,6],[24,32],[22,8],[-4,17],[8,2],[3,12],[-8,11],[5,14],[23,17],[-4,20],[22,35],[-1,27],[6,17],[13,12],[14,-2],[-5,6],[3,6],[40,27],[3,11],[-5,4],[43,27]],[[64981,43053],[15,-4],[42,-34],[55,-26],[48,-37],[-12,-37],[13,-7],[-30,-36],[33,-14],[-16,-30],[15,1],[-2,-7],[-12,0],[-7,-8],[22,-10],[17,-30],[-7,-13],[0,-30],[-18,-36],[-2,-22],[-19,-32],[-2,-36],[10,-2],[37,8],[62,-15],[6,6],[28,1],[76,-42],[58,-4],[38,-12],[47,19],[27,-1],[5,-6],[52,-1],[29,7],[11,11],[113,41],[46,44],[5,-3],[38,24],[37,32],[65,25]],[[64342,55344],[-46,-21]],[[65634,41970],[8,-16],[-8,-16],[-54,10],[0,3],[-75,-2],[-31,-10],[-32,-23],[3,-6],[-8,-19],[-10,-2],[-16,-16],[-58,-13],[-15,-13],[-34,8],[-11,-5],[-41,31],[-43,-16],[-18,-13],[-48,1],[-17,-5],[-9,-20],[-22,8],[-45,-70]],[[65050,41766],[-12,-2],[-23,-48],[-4,2],[-50,-64],[-31,-15],[-9,1],[-5,-23],[-27,-47],[-10,3],[-2,-24],[-13,1],[-5,-63],[-89,-3],[-3,-4],[-37,-3],[-16,-15],[-2,-12],[-7,-1],[0,-9],[-37,7],[-35,-1],[1,-3],[-34,-12],[0,-11],[-35,-7],[-32,-25],[-39,-17]],[[64494,41371],[-107,186],[3,2],[-120,199],[-147,227]],[[64123,41985],[-33,51]],[[68484,40534],[17,-26],[-14,-1],[-4,-11],[1,-75],[7,2],[16,-12],[14,2],[6,-35],[-37,-5],[-27,-12],[-18,-1]],[[68445,40360],[-23,13],[-8,26],[-21,-7],[-7,8],[6,52],[5,9],[-3,8],[-28,-7],[-15,-25],[-22,-1],[-10,-8],[1,-21],[-12,-3],[-14,16],[-7,-1],[-12,-20],[-20,-8],[-18,-2],[2,19],[-11,6],[-92,3]],[[68136,40417],[0,4]],[[68136,40421],[-8,36],[-26,53],[13,48],[6,57]],[[64059,40715],[-29,-5],[-29,-14],[-11,5],[-14,-4],[9,-52],[-6,-27],[-19,-14],[-24,-39],[-17,4],[-23,-40],[-26,-23]],[[63870,40506],[-6,4],[-42,-20],[-7,-10],[16,-27],[-41,-27]],[[63576,40407],[-9,5],[-1,7],[8,1],[0,9],[-10,3],[2,6],[-12,6],[1,8],[-9,3],[7,13],[-10,18],[10,1],[-17,12],[5,9],[-15,1],[10,7],[-9,1],[5,12],[-5,5],[4,9],[7,3],[0,5],[-21,7],[2,16],[11,6],[-14,16],[8,11],[-14,19],[-15,5],[8,3],[-6,11],[10,10],[-4,20],[5,21],[-5,0],[-12,12],[4,15],[-9,0],[8,9],[-7,1],[-15,22],[-28,19],[1,-11],[-7,5],[-6,-4],[-14,3],[3,6],[-17,-8],[-2,6],[-9,1],[13,6],[-10,5],[-1,6],[-9,-7],[-17,9],[24,66],[37,15],[-2,47],[31,4],[0,41],[20,15],[11,21],[9,1],[3,5],[25,4],[0,42],[41,2],[5,22],[21,28],[35,25],[25,53],[15,19]],[[63669,41201],[72,-32],[55,-14],[8,-1],[46,34],[60,-89],[27,-31],[27,-49],[69,-41],[47,-12],[7,-64],[-6,-69],[14,-16],[8,-43],[-15,-14],[-29,-45]],[[67442,40219],[0,-25],[10,-30],[24,8],[3,-5],[9,3],[3,-8],[8,4],[10,-15],[-23,-7],[2,-9],[-14,-6],[-8,2],[13,-80]],[[67479,40051],[3,-19],[-9,-42],[-65,-8],[-56,4]],[[67352,39986],[2,112],[-9,31],[-31,55],[-11,44]],[[67303,40228],[24,5],[27,13],[8,-24],[47,21],[24,-22],[9,-2]],[[65801,50734],[24,-50],[69,-18]],[[65894,50666],[-47,-325],[-5,-74],[-57,-335],[-4,-132],[-15,-93],[13,-76]],[[65779,49631],[-11,6],[-33,-2],[-5,-14],[-19,-14],[-17,1],[-13,-7],[-16,2],[-16,-6],[-19,2],[-10,-4],[-1,-7],[-9,5],[2,5],[-18,-2],[-10,19],[-18,2],[-11,9],[-44,13],[-8,13],[-31,-21],[-5,9],[-117,-42],[-4,10],[8,6],[-7,6],[13,15],[-7,13],[11,-1],[-6,7],[11,9],[-5,16],[9,6],[-7,2],[9,5],[-5,2],[1,11],[15,4],[0,10],[-10,5],[2,12],[-11,2],[-5,10],[-8,4],[-6,-3],[-10,9],[-8,-1],[-4,8],[6,3],[-15,10],[-32,-12],[-20,4],[-25,-13],[-37,-10],[-50,-31],[-44,-16],[-33,32],[-96,-30],[-117,-3],[-65,-8]],[[64798,49691],[19,24],[-3,20],[-12,22],[16,24],[3,28],[8,17],[-4,19],[10,8],[-3,9],[14,25],[1,21],[-6,5],[-28,-7],[-48,-26],[-27,-2],[-2,-5],[-40,0],[25,87],[12,91],[22,52],[9,59],[34,45],[-3,4],[25,15],[1,30],[33,12],[48,8],[16,11],[31,2]],[[64949,50289],[15,9],[25,4],[53,-17],[54,-38],[16,-4],[7,-13],[9,6],[-3,-8],[5,-6],[10,-2],[5,7],[6,-9],[41,40],[75,35],[105,35],[-33,178],[-18,20],[9,26],[19,24]],[[65349,50576],[45,58],[6,0],[15,17],[60,42],[-43,35],[-51,26],[-50,16],[-138,26],[3,5],[-59,24],[0,-14],[-19,-8],[-8,-35],[-25,-17],[7,-14],[-24,-18],[2,-6],[-24,-13],[-48,-2]],[[64998,50698],[-25,38],[-51,45],[-12,46],[-26,17],[-71,1]],[[64813,50845],[-6,18],[-41,-8],[-3,52],[-8,17],[20,3],[-4,10],[-14,-4],[-20,71],[-11,18],[28,45]],[[64754,51067],[27,-3]],[[64781,51064],[119,-3],[59,-9],[113,-64],[81,-33],[43,-30],[33,23],[13,15],[21,89],[60,37],[52,18],[43,-62],[16,5],[8,-3],[29,-34],[10,5],[6,-2],[-4,-9],[40,-42],[-14,-21],[26,-9],[-5,-30],[33,-29],[64,-79],[11,-28],[56,-77],[13,12],[29,10],[5,7],[30,-2],[30,15]],[[66196,51916],[8,-50],[30,-62],[-45,-38],[-45,-61],[-17,-9],[-32,-33],[-29,-15],[-44,-69]],[[66022,51579],[-69,9],[-62,-4],[-68,24],[1,4],[-14,6],[-20,1],[-15,9],[-10,-4],[-5,7],[-37,-3],[-11,7],[-84,-21],[-37,19],[-43,-20]],[[65548,51613],[-23,34],[-13,42],[-1,36],[15,43],[-5,22],[-20,0],[5,7],[-3,16],[5,4],[-3,16],[-15,-2],[-3,23],[-10,-5],[-14,28],[2,13]],[[65465,51890],[69,7]],[[65534,51897],[32,7]],[[65566,51904],[55,-26],[89,-7],[-9,-35],[6,-7],[25,-1],[-5,-11],[63,-58],[49,28],[83,73],[-20,-2],[-10,22],[279,62]],[[66171,51942],[16,-23],[9,-3]],[[65368,51467],[-9,-5],[5,-11],[-4,-17],[12,-16],[-3,-7],[20,-9],[23,-23],[-7,-24],[7,-19],[62,-52],[31,-35],[51,-90],[31,-34],[10,-28],[33,-26],[2,-13],[35,-70],[52,-61],[28,-49],[11,-59],[43,-85]],[[64781,51064],[-12,4],[1,6],[130,80],[27,24]],[[64927,51178],[31,43],[48,109],[14,53],[4,69],[17,1],[34,19],[164,38],[35,13],[55,-31],[28,-28],[11,3]],[[60474,57052],[-19,-12],[-16,12],[-34,-43],[15,-21],[-45,-20],[7,-22],[28,-3],[12,-12],[13,-4],[-1,-12],[-10,-6],[-24,-2],[-14,-7],[-8,5],[-9,-5],[-14,8],[-11,-14],[4,-21],[-9,-2],[10,-23],[22,-27],[7,-2],[-6,-15],[18,-47],[30,2],[39,-6]],[[60535,56428],[49,25],[18,-22],[13,5],[21,-17],[61,19],[27,1],[33,10],[27,-24],[14,13],[14,-16],[22,14],[23,-31]],[[60849,56318],[-24,9],[-95,-5],[-32,-18],[-17,-3],[-12,-19],[-20,-18],[-7,-31],[19,-48],[13,-2],[-12,-7],[8,-17],[20,-14],[25,-37],[16,5],[17,-37],[10,-1],[6,-8],[20,3],[31,-18],[19,-5],[2,-9],[13,-5],[4,-16],[7,-1],[40,-31],[33,-13],[6,-12],[15,-11]],[[60954,55949],[-16,-4],[6,-18],[-5,-13],[-39,-61],[-48,-3],[-37,-21],[-30,-4],[-30,8]],[[60755,55833],[-41,60],[-42,18],[-61,6],[-37,67],[-15,-5],[-20,25],[-68,27],[-87,14],[-86,28],[-23,-8],[-52,8],[-62,22],[-43,0],[-34,-5],[-51,2],[-43,-9],[-21,-13],[-10,13],[-27,16],[-32,3]],[[59900,56102],[1,8],[24,23],[-15,17],[-6,41],[-20,-5],[-6,7],[-23,5],[-38,0],[-19,17],[-34,-1],[-37,7],[-43,54],[-26,8],[-34,-14],[-28,20],[-136,65],[-188,124],[1,30],[16,24],[9,2],[12,13],[-4,12],[15,30],[-9,26],[-23,26],[2,15],[-28,9],[-4,21],[-11,6],[2,21],[-6,6],[8,37],[-10,4],[-7,19],[13,4],[7,-7],[13,7],[10,11],[0,12],[6,9],[51,33],[22,26],[31,14],[23,22],[5,12]],[[59416,56922],[16,18],[5,25],[51,38],[20,8],[13,-1],[110,38],[75,17],[28,13],[89,-10],[39,11],[23,-5],[103,53],[34,-5],[18,-11],[15,0],[5,-4],[48,24],[14,-5],[38,12],[19,0],[55,12],[40,-4],[6,4],[50,-2],[2,4],[16,-5],[4,7]],[[60352,57154],[11,0],[13,-9],[40,-56],[12,0],[1,9],[7,-5],[7,6],[21,-7],[4,-4],[-17,-19],[23,-17]],[[74880,63039],[20,-44],[41,19],[20,-42],[52,-51],[-21,-18],[-1,-12],[54,-17],[41,-19],[66,-63],[19,14],[82,-62],[27,21],[60,-76],[46,23],[12,3],[15,-6],[-5,-7],[4,-4],[-12,-8],[8,-9],[-11,-12],[4,-2],[-12,-7],[-2,-8],[8,-6],[-10,-8],[2,-6],[-7,-13],[26,-24],[-37,-31],[8,-6],[12,-3],[40,39],[47,-17],[15,21],[15,-7],[21,26],[33,-29],[-5,-4],[10,-4],[17,5],[3,-5],[-10,-7],[4,-15],[18,-30],[-3,-4],[15,-3],[-3,-5],[16,-18],[7,-21],[-8,-5],[30,-33],[-3,-3],[7,-9],[18,-13],[-11,-13],[12,-10],[-15,-21],[54,-22],[-14,-32],[31,-38],[33,24],[29,-17],[51,28],[32,-11],[4,6],[11,-3],[24,20],[15,-10],[20,23],[9,-5],[12,3],[26,-18],[7,9],[21,-14],[40,25]],[[76064,62338],[43,-53],[51,-81],[-27,-15],[6,-8],[-16,-6],[8,-15],[-30,-18],[3,-4],[-34,-37],[-96,-128],[8,-6],[-30,-27],[-48,-59],[-9,-21],[-36,-36],[-25,-35],[-25,-49],[-6,0],[-38,-58]],[[75763,61682],[-91,6],[-11,-6],[-35,-2],[-24,-12],[-104,-18],[-7,-4],[-107,-4],[-14,11],[57,48],[-49,74],[-5,131],[-17,24],[24,14],[-16,22],[-12,28],[6,14],[-22,5],[-13,9],[-31,31],[6,16],[-9,7],[15,14],[1,10],[-51,37],[10,18],[-78,93],[10,9],[-40,31],[8,7],[-22,15],[14,10],[-26,19],[4,4],[-21,15],[6,5],[-22,21],[-25,-5],[-15,5],[-38,-17],[-16,-12],[-11,7],[-7,-11],[-14,-7],[-51,-11],[-151,-49],[-130,-102],[-48,-5],[-43,2],[-50,14],[-13,-9],[-21,-26],[-84,-40],[-36,2]],[[74880,63039],[-3,4],[-72,-16],[-33,64],[-43,-26],[0,-6],[-23,-7],[-27,5],[21,-80],[13,-27],[-5,-10],[14,-26],[-1,-19],[24,-31],[1,-8],[-10,-8],[9,-8],[-11,-15],[40,-89],[-47,-24],[14,-51],[-43,-9],[-48,-2],[7,-30],[-7,-1],[1,-10],[-18,0],[2,-10],[-9,-1],[5,-22],[-24,-3],[2,-27],[-17,-3],[3,-9],[-19,-9],[8,-7],[-23,-16],[7,-6],[-41,-24],[12,-10],[-44,-49],[9,-12],[-48,-71],[-25,-43],[-13,-38],[-6,-1],[-68,-128]],[[54042,58737],[15,-15],[33,-6],[7,-7],[-9,-31],[8,-15],[54,-9],[30,-23]],[[54180,58631],[4,-15],[-17,-31],[14,-23],[22,-5],[7,-10],[-1,-40],[-6,-19],[41,-8],[21,-12],[10,-15],[-3,-42],[11,-6],[6,-12],[-5,-4],[2,-8],[27,-40],[16,-11],[18,5],[-5,-21],[29,4],[35,-35],[20,-5],[5,-54],[-4,-6],[0,-38],[4,-15],[8,0],[-4,-31],[27,4],[4,-53],[11,-29],[-12,-12],[1,-36],[-9,-48],[-12,1],[-6,-20],[38,-13],[14,-36],[1,-37]],[[53985,58089],[-27,46],[-7,-4],[-21,4],[-26,11],[-10,11],[-16,-1],[-6,20],[10,7],[-11,4],[-8,20],[5,12],[-8,16],[12,37],[18,26],[-53,18]],[[53837,58316],[3,54],[-11,74],[51,31],[67,69],[-39,30],[2,25],[-9,31],[21,9],[1,6],[-8,25],[7,1],[-1,17],[-16,7]],[[53905,58695],[42,25],[2,-8],[14,-3],[31,17],[9,-8],[14,9],[-18,11],[3,4],[24,-11],[14,2],[2,4]],[[69930,57758],[-2,-19],[19,-52],[-6,-31],[5,-82],[6,-18],[32,-46],[20,-65],[27,0],[40,-20],[-1,-8],[15,-4],[58,-8],[15,-11],[10,-26],[0,-35],[-16,-37],[10,-64],[-10,-4],[6,-8],[-60,-24],[3,-14],[24,-30],[-93,-35],[-13,-20],[-26,-17],[1,-18]],[[69994,57062],[-21,1],[-17,9],[-221,-5],[-80,-17],[-27,-18],[-28,-8],[-23,-5],[-15,2],[-86,-24],[-8,-16],[-3,-26],[11,-41],[-8,-23],[-3,-64],[-67,-4],[-81,12],[-161,14],[-5,8],[-30,3],[-96,5],[0,10],[-66,1]],[[68959,56876],[2,28],[-17,36],[-2,25],[14,7],[57,-3],[28,6],[0,21],[-28,33]],[[69013,57029],[5,33],[-11,11]],[[69007,57073],[2,44],[91,148],[15,33],[1,20],[-14,22],[-39,19],[-51,43],[-25,40],[-36,28],[-1,28],[38,44],[93,82],[21,32],[8,30],[-1,54],[20,17],[22,-2],[18,-19],[3,-12],[-7,-60],[18,-18],[18,-4],[39,2],[42,14],[59,-6],[-59,14],[47,164],[-8,31],[-61,68],[-13,36],[-5,33],[1,91],[7,28],[39,34],[3,21],[-5,13],[-23,15],[-26,2],[-55,-15],[-21,4],[-24,38],[-50,48],[9,21],[45,11],[17,26],[8,49],[40,50],[-2,21],[-16,24]],[[69189,58479],[20,-2],[52,22],[89,25],[11,-17],[67,25],[5,-4],[43,-1],[62,11],[9,6],[69,-9],[42,9],[28,19],[27,8]],[[69713,58571],[13,1],[10,-23],[34,-37],[25,-43],[-12,-29],[2,-29],[-13,-11],[2,-8],[44,3],[27,-110],[-56,-12],[34,-67],[-43,-86],[-5,-29],[9,-30],[-5,-5],[-51,-14],[-17,-26],[-8,-45],[3,-20],[11,-14],[8,-59],[-20,-6],[2,-96],[-7,-19],[9,-6],[57,2],[99,14],[29,-3],[33,3],[3,-9]],[[57466,59777],[33,-4],[39,-26],[28,-3],[56,-41],[9,-20],[-7,-18],[10,-33],[-14,-40],[2,-42],[-12,-13],[128,-65],[155,10],[108,-81],[60,-65],[36,8],[75,-1],[52,-8],[11,-19]],[[58235,59316],[-98,-8],[1,-30],[-24,-148],[-117,-192],[38,-73],[-8,-119],[-13,-58],[-15,-26],[2,-12],[17,-21],[6,-24],[-14,-16],[-35,-69],[-23,-30],[-1,-9],[-75,-78],[-29,-22],[1,-12],[-71,19],[-48,-17],[-20,-15],[-26,-38],[-7,-19],[5,-22],[-16,-109],[-71,25],[-66,-10],[-11,-35],[-78,-45],[-18,-9],[-62,-5]],[[57359,58089],[-25,4],[1,128],[2,36],[28,44],[-52,29],[-74,25],[16,5],[2,7],[8,-1],[4,8],[10,-2],[-4,11],[13,-4],[8,14],[-12,5],[15,9],[3,13],[-86,-30],[-48,0],[-30,-12],[-26,-1],[-45,-18],[-22,5],[-32,29],[-7,0],[-17,-16],[-18,18],[-12,2],[-14,16],[-8,2],[-21,-6],[-51,-28],[-3,-16],[-35,-39],[-151,-100],[-33,-28],[-47,-24],[-120,-80],[-55,-16],[-47,-21],[-26,-46]],[[56348,58011],[-36,-56],[-22,-19],[-10,-31],[-33,-36],[-75,-51],[-1,-33],[-17,-22],[0,-9],[-7,-2],[27,-83],[-18,-29]],[[55393,57937],[1,22],[12,10],[64,21],[18,13],[50,13],[36,30],[32,14],[12,38],[21,21],[7,41],[31,39],[20,9],[36,8],[38,22],[42,9],[2,15],[-18,33],[-7,39],[-1,15],[9,21],[-16,89],[2,16],[67,22],[35,18],[-79,35],[-52,16],[-32,17],[-59,71],[-36,102],[-21,23]],[[55607,58779],[-56,47],[-66,38]],[[55485,58864],[11,16],[2,34],[13,31],[-41,34],[-66,-4],[4,14],[28,17],[-6,19],[-21,24],[18,31],[3,33],[13,11],[26,39],[73,30],[24,-3],[68,17],[38,20],[19,18],[54,35],[-20,24],[-96,70],[-16,35],[-150,52],[-29,-1],[-20,7],[-27,1],[-32,-10],[-119,92],[-66,32],[-21,23],[-42,26]],[[55107,59631],[92,119],[78,57],[28,-2],[25,-9],[160,102],[110,-20],[48,6],[-37,82],[-1,54],[43,68],[33,29],[73,51],[40,39],[6,36],[-53,46],[-86,48],[15,38],[1,86],[30,5],[82,-13],[126,74],[93,3],[82,-13],[16,2],[149,78],[16,18],[7,33],[-3,48],[11,95],[139,23]],[[57466,59777],[-19,2],[-62,-9],[-22,-21],[-58,-28],[-30,20],[-33,42],[-57,22],[-64,73],[-21,14],[5,28],[19,16],[7,14],[-1,29],[-8,19],[-45,53],[-14,59],[5,13],[27,19],[3,13],[17,15],[22,39],[-3,24],[-9,15],[5,19],[-29,48],[5,13],[-11,37],[5,21],[-18,30],[13,11],[1,22],[10,12],[-4,12],[15,22],[-19,24],[-12,11],[-53,14],[-18,-1],[-7,-9],[-18,-7],[-31,0],[-14,-6],[-65,7],[-46,14],[-18,16],[-7,20],[-27,1],[-43,22],[-10,26],[-12,10],[1,34],[-14,30],[-21,12],[-60,13],[-9,-7],[-52,6],[-5,2],[-15,15],[-5,-3],[-8,10],[-11,3],[-12,19],[-19,9],[-18,-5],[-39,39]],[[69029,59489],[12,-39],[5,-40],[-14,-74],[104,2],[3,-96],[104,9],[14,-9],[123,73],[40,18],[11,-2]],[[69431,59331],[49,-54],[-7,-38],[-23,-49],[7,-33]],[[69457,59157],[-34,-9],[-32,2],[-75,-8],[-94,-19],[-149,-50],[-48,-8],[-47,-2],[-3,4]],[[68975,59067],[6,11],[-11,20],[3,3],[11,-10],[-2,11],[-66,65],[-13,4],[3,-11],[-11,9],[10,6],[-15,9],[-11,-5],[-82,35],[12,6],[59,-2],[82,55],[18,32],[-10,39],[1,50],[-12,24],[-19,23],[-76,49]],[[68852,59490],[38,16],[71,13],[9,-1],[1,-29],[18,-27],[22,7],[18,20]],[[68969,59106],[-1,-6],[-59,59],[60,-53]],[[55460,57211],[-39,-18],[-67,-11],[-22,-11],[4,-7],[-33,-17],[-88,-22],[1,-7],[-47,-6],[-4,-6],[4,-18]],[[55169,57088],[-25,17]],[[55144,57105],[10,7],[-11,24],[14,14],[3,29],[12,22],[-27,11],[11,35],[20,41],[75,115]],[[70035,52920],[-22,-24],[-67,-54],[-37,-20],[-69,-53],[-32,-11],[-41,-37],[-3,-8],[6,-27],[-12,-29],[-25,-12],[-40,-5],[-11,4],[-6,9],[-2,-10],[-8,0],[-12,-15],[-43,-11],[-5,-15],[-17,-17],[7,-5],[-7,-23],[-39,8],[-6,9],[-23,-7],[-7,-13],[-38,-13],[8,-20],[-19,-13],[-12,-1],[-51,-140],[-13,-4],[4,-30],[-26,-46],[-27,-114],[-21,-30],[-23,-17],[2,-36],[-18,-3],[-8,-38],[-24,-33],[3,-99],[-33,-9]],[[69218,51908],[-20,-7],[-31,32],[-6,-3],[-56,38],[-71,33],[-41,27],[-7,-7],[-26,17],[-25,3],[1,18],[7,6],[-18,10],[15,25],[-3,43],[7,26],[1,87],[-5,1],[11,41],[-13,8],[11,17],[-3,10],[-9,4]],[[68937,52337],[16,16],[-8,10],[10,9],[-10,10],[7,8],[-7,6],[10,17],[-8,5],[-1,35],[-11,-2],[-14,22],[-9,2],[2,22],[-9,0],[-8,16],[-8,4],[1,15],[-29,1],[1,27],[-45,27],[10,24],[-27,13],[-7,-2],[-6,13],[-12,7],[1,7],[-13,7],[8,27],[-24,7],[-13,35],[-12,11],[-53,26],[-4,28],[-24,26],[-1,17],[-18,0],[-3,98],[8,12],[20,-14],[42,-18],[34,-7],[90,256],[32,-2],[12,-9],[54,-13],[46,5],[33,14],[44,30],[116,35]],[[69150,53220],[196,-133],[261,9],[26,-6],[10,13],[32,-9],[7,8],[33,-14],[18,15],[12,-8],[52,10],[15,-1],[124,26],[4,-10],[13,-1],[58,8],[99,1],[-12,-92],[-17,-33],[-6,-39],[-40,-44]],[[64494,41371],[-29,-12],[-19,18],[-19,-29],[-25,11],[-11,-17],[-21,6],[-2,-13],[-5,-4],[-40,6],[-6,-15],[-37,7],[-7,-10],[2,-11],[15,-19],[40,-13],[13,5],[1,9],[14,-1],[4,5],[17,3],[0,7],[18,-2],[4,-7],[12,-2],[21,-14],[33,-36],[10,-3],[21,-10],[-3,-5],[8,-3],[-2,-7],[9,-6],[6,-15],[6,-8],[5,2],[7,-7],[4,5],[23,-12],[27,1],[14,-7],[210,-389]],[[64812,40779],[-29,-24],[-9,0],[-2,-12],[-22,-22],[-36,-19],[-42,-8],[-26,-1],[-21,6],[-41,-20],[-25,-6],[-7,13],[-13,-3],[-12,-7],[-29,-43],[3,-9]],[[64501,40624],[-37,-10],[-14,5],[-2,6],[-41,3],[-14,-5],[-11,10],[-3,-4],[-11,3],[1,7],[-11,5],[-83,-5],[-17,7],[-14,22],[-15,12],[-13,2],[-15,19],[-47,-3]],[[64154,40698],[6,24],[-28,-13],[-73,6]],[[63669,41201],[0,8],[-34,15],[-11,-6],[-27,21],[-6,-6],[-7,8],[-84,25],[-34,3],[0,3],[-66,18],[-36,3],[-10,6],[-24,-4],[-62,27],[-6,-4],[-14,4],[-12,-7],[-21,2],[0,6],[-15,0],[-14,22],[-6,-2],[-9,4],[-9,-5],[-6,10],[-9,-1],[-5,7],[-12,0],[-12,12],[-10,0],[-26,13],[-44,39],[-53,9]],[[62985,41431],[10,12],[3,26],[21,26],[-8,12],[10,23],[52,50],[28,14]],[[63101,41594],[30,4],[3,9],[28,5],[18,13],[2,12],[7,6],[36,15],[8,-4],[17,6],[11,10],[16,0],[6,7],[15,4],[3,11],[14,-1],[2,6]],[[63487,41762],[-3,-5],[6,-5],[-9,-2],[-4,-8],[-30,-6],[-29,9],[-16,-6],[-4,3],[-22,-5],[-59,-40]],[[63487,41762],[9,2],[-4,7],[14,5],[1,5],[28,9],[41,-3],[4,6],[19,-3],[5,4],[6,-5],[5,5],[19,-17],[10,3],[7,-6],[1,6],[12,3],[4,4],[15,1],[4,10],[17,4],[3,7],[24,7],[9,9],[12,0],[2,9],[47,6],[3,4],[15,-3],[3,4],[14,1],[39,-22],[-3,-5],[8,-7],[6,12],[26,14],[5,-2],[9,12],[5,-2],[15,20],[29,-10],[5,16]],[[63980,41872],[56,-4],[13,12],[38,19],[5,73],[31,13]],[[68171,39894],[27,-64],[28,4],[28,-2],[6,-18],[6,-3],[-21,-12],[2,-13],[-8,-43],[16,-29],[27,-18],[21,-30],[-46,-12],[2,-27],[-34,-9],[11,-41],[-23,-11],[-4,8],[-6,-2],[-3,-61],[19,-42],[-46,-41],[-77,-26]],[[68096,39402],[-1,0]],[[68095,39402],[-33,99],[-51,99],[4,3],[-19,25],[-2,47],[4,19],[-20,38],[-27,12],[-8,16],[-11,1],[-4,-7],[-97,18],[-12,-3],[-9,-17]],[[67810,39752],[-13,20],[-25,15],[-19,-7],[-52,15],[-9,-11],[-12,1],[-7,4],[-8,15],[-47,3]],[[67618,39807],[1,25],[-5,15],[-33,20],[19,39],[91,6]],[[67691,39912],[134,24],[95,11]],[[67920,39947],[55,2],[68,19],[53,22],[46,1],[13,6],[4,13],[7,-9],[20,1]],[[69835,43684],[-11,-2],[-27,-30],[-18,-10],[-90,-41],[-42,-11],[-32,51],[-71,-23],[-34,-5],[-19,7],[-18,-11],[-27,2]],[[69446,43611],[1,16],[46,41],[118,155]],[[69611,43823],[16,16]],[[69627,43839],[51,-51],[-6,-6],[25,-19],[4,7],[7,-2],[-6,-14],[15,-13],[4,2],[35,-41],[17,-10],[8,-16],[24,7],[30,1]],[[68037,40135],[-147,-25]],[[67890,40110],[-48,102]],[[68027,40300],[8,-18],[-15,-5],[8,-11],[-7,-3],[5,-6],[-13,-15],[-4,-18],[14,-84],[13,2],[1,-7]],[[63614,47255],[20,-4],[-6,-33],[57,-20],[9,-16],[69,-25],[3,-31],[-18,-8],[1,-35],[23,6],[14,-7]],[[63487,46848],[-17,18],[-49,28],[-24,49],[-88,7],[-7,17],[-16,11],[3,7],[50,8],[14,24],[-53,41],[-8,13],[-40,-5],[-53,23],[-24,5],[-13,-11],[0,-12],[-48,-35],[7,-11],[-18,-12],[-47,-14],[-3,-22],[-10,-13],[-55,43],[-3,49],[-11,26],[-35,45],[-8,17],[2,20]],[[62933,47164],[9,28],[34,49],[38,-52],[15,-47],[25,-29],[18,-4],[32,47],[24,13],[-29,29],[12,10],[-11,42],[1,20],[-10,10],[11,14],[-26,50],[-17,14],[2,21]],[[63061,47379],[19,22],[9,21],[25,-3],[28,7],[4,-9],[30,7],[60,-2],[28,-23],[38,-58],[40,-27],[4,-5],[-6,-6],[17,-9],[2,-18],[54,-9],[28,-50],[-18,-17],[34,-25],[68,-4],[54,21],[-4,11],[13,14],[12,-4],[14,42]],[[64417,44205],[56,1],[-1,-9],[44,-3],[24,-10],[33,-1],[3,-6],[17,-3],[4,-8],[-27,-12],[9,-24],[-36,-18],[-18,-95],[-18,-61],[-33,10],[-98,-215],[26,-5],[11,19],[77,-7],[2,-10],[-9,-1],[3,-7],[5,5],[-1,-11],[-7,-7],[43,-4],[-4,-25],[20,-7],[-1,-4],[40,-15],[0,-4],[51,-30],[73,-24],[0,-4],[52,-8],[37,-20]],[[63763,42580],[-279,442],[-147,214]],[[63337,43236],[15,1],[34,38],[-8,11],[28,7],[10,-2],[1,-5],[8,4],[8,-13],[6,0],[11,17],[15,6],[-2,6],[41,-10],[7,14],[26,3],[57,26],[34,26],[38,17],[10,10],[25,-5],[0,5],[11,17],[12,2],[-14,9],[0,7],[69,-30],[37,-35]],[[63816,43362],[45,-40],[25,141],[0,63],[37,18],[15,2],[31,79],[-2,7],[7,25],[37,20],[-15,13],[-7,19],[10,89],[-17,4]],[[63802,44030],[43,23],[10,20],[10,4],[2,65],[-10,4]],[[63857,44146],[-16,24],[10,40],[-3,53],[41,-10],[17,5],[40,-11],[115,-11],[73,0],[56,-9],[78,0],[83,-19],[66,-3]],[[63412,44653],[114,-52],[8,21],[8,-2]],[[63542,44620],[5,-1],[-3,-12],[90,-23],[8,19],[30,38],[2,34],[31,4],[2,9],[15,5],[11,18],[3,63],[20,0],[0,5]],[[63756,44779],[44,12],[18,-9],[11,8],[26,-8],[47,4],[73,-6],[31,36],[81,-35]],[[64087,44781],[43,-8],[74,-33],[54,-46],[5,-7],[-1,-21],[10,-8],[6,-48],[8,1],[6,-20],[13,-9],[-4,-10],[7,-39],[4,-28],[72,-6],[35,10],[15,-17],[15,-30],[-16,-8],[-3,-23],[5,-22],[-21,-101],[-7,-2],[10,-101]],[[63857,44146],[-33,7],[-2,-11],[-18,3],[0,-5],[-23,-5],[-30,-23],[-8,-22],[-124,-8],[-22,-13],[-30,-29],[-6,5],[-22,-24],[-15,10],[-17,-26],[-20,4],[-72,-35],[-74,-47],[7,30],[-13,54],[2,18],[-42,57],[-9,25],[-21,20],[17,22],[-16,6],[6,23],[-29,24],[16,34],[-11,6],[-9,14],[7,13],[-28,15],[13,12],[-34,15],[-23,-16],[-31,3],[-2,8],[-20,0],[-49,-18],[-40,2],[-8,23],[-25,-1],[-45,-12],[-13,38],[-25,-4],[-8,17],[-5,26],[5,8],[-4,10],[-7,0],[4,11],[-22,12],[7,5],[1,23],[6,19],[-3,12],[6,2],[-6,38],[-11,3],[-6,10],[-12,1],[-7,-7],[-8,9],[-5,-4],[-6,5],[-10,-4],[0,7],[-7,0],[2,10],[-10,7]],[[62810,44558],[225,269]],[[63035,44827],[13,-10],[9,5],[48,-30],[56,-46],[72,-43],[10,10],[47,-43],[27,4],[51,-5],[9,-14],[35,-2]],[[64343,52189],[18,-55]],[[64361,52134],[-8,-3],[27,-66],[-2,-62],[5,-34]],[[64383,51969],[-53,-13]],[[64330,51956],[-43,19],[-37,9],[-73,54],[-33,39],[-55,30],[-73,31]],[[64016,52138],[9,1],[33,43],[18,15],[5,-4],[24,18]],[[64105,52211],[40,-67],[184,47],[14,-2]],[[71850,48326],[14,-73],[-18,-89],[-31,-45],[5,-47],[45,-3],[70,-26],[98,-10],[71,1],[33,-13],[47,-10],[24,-12],[-4,-21],[14,-39],[35,10],[16,-40]],[[72269,47909],[-11,-1],[-46,-26],[15,-14],[21,1],[3,-4],[-4,-58],[21,-5],[6,-52],[18,-41],[-24,-18],[-91,-20],[-58,-22],[-23,21],[-51,8],[-7,-4],[-1,-29],[-53,0],[-34,-30],[-38,-19],[-5,10],[-53,5],[-5,7],[-70,13],[-11,6],[-14,18],[-50,23],[-41,-1],[-46,-16]],[[71617,47661],[-10,15],[-12,43],[7,36],[20,14],[5,9],[-29,23],[-42,-3],[-68,16],[-46,-3],[-54,9],[-33,0],[-16,-10],[-75,-19]],[[71264,47791],[-163,-8],[-4,9],[-37,-5],[-13,53],[-37,2],[-23,-5],[2,-7],[-82,-7],[-5,26],[-114,-15],[-25,-17],[-18,21],[-17,5]],[[70728,47843],[-35,83],[-3,82],[-37,-9],[-12,24],[-13,-2],[-13,7],[9,64],[-21,103],[-59,-5],[-15,54],[-3,45],[-55,-13],[-3,11],[-45,-1],[-6,40],[13,37],[-5,10],[47,26],[-37,37],[43,25],[-38,48],[-55,-27],[-15,62],[-112,-11],[-13,33],[-73,-22],[-10,18],[90,27],[-8,40]],[[70244,48629],[22,4],[57,-3],[10,4]],[[70333,48634],[5,2],[13,-22],[69,20],[145,10],[68,-2],[139,13],[6,-4],[57,21],[92,6],[45,9],[39,-2],[39,-155],[94,8],[47,15],[53,32],[75,1],[35,-16],[97,4],[14,-44],[0,-44],[24,-6],[6,-16],[35,-27],[65,10],[10,-2],[83,-49],[64,-25],[40,-24],[58,-21]],[[69630,46991],[-28,-43],[-4,-27],[-47,-2],[2,-25],[-26,-11],[-9,-41]],[[69518,46842],[-98,53],[-53,42],[-20,33],[-31,25],[-53,21],[-14,10],[-14,-11],[-43,-18],[-19,-32],[-6,-2],[-4,8]],[[69163,46971],[122,110],[92,39],[43,11],[23,21],[41,4]],[[69484,47156],[13,-30],[23,-32],[110,-103]],[[64261,46665],[50,-14],[51,-5],[2,-75]],[[64364,46571],[4,-20],[-49,-137]],[[64319,46414],[-130,91],[-50,27],[-67,16],[-65,-2]],[[64007,46546],[-19,22],[23,11],[-33,25],[-6,-7],[-7,5],[-5,-4],[-32,28],[56,85],[96,-55],[12,14],[20,-14],[26,31],[12,-5],[64,-19],[-2,-5],[16,-14],[29,-15],[6,4],[-2,32]],[[65540,46540],[6,-31],[-4,-22],[8,-11],[26,-14],[-24,-46],[-7,3],[-18,-23],[-10,1],[-25,-36],[-41,-36],[-10,5],[-16,-5],[-9,3],[-51,-25]],[[65365,46303],[-12,-10],[-35,-68],[-32,15],[-67,10],[4,13],[-23,4],[1,-15],[-28,-1],[-86,20]],[[65087,46271],[55,139],[6,32]],[[65148,46442],[0,62]],[[65148,46504],[61,52],[55,-26],[41,42],[-22,16],[20,18],[-25,15],[-33,3],[6,21],[-25,5],[-24,39],[10,4]],[[65212,46693],[56,-38],[122,-48],[80,-64],[70,-3]],[[62965,48478],[-29,21],[-36,56],[-28,18],[-1,45],[38,79]],[[62909,48697],[209,22]],[[63118,48719],[115,15],[7,-6],[0,-22],[8,0],[63,36],[11,-12],[105,69],[6,5],[-6,7],[17,18],[39,17]],[[63483,48846],[78,-84]],[[63182,45000],[-27,-25],[-4,-13],[-116,-135]],[[62810,44558],[-163,-183],[-50,-65],[-63,-63],[-27,-44],[-14,7],[-6,-4]],[[62487,44206],[-23,19],[-211,110]],[[62253,44335],[39,76],[7,38],[28,55],[-1,40],[5,18],[9,9],[-34,8],[-5,8],[-9,-6],[-2,8],[-18,14],[14,34],[-17,25],[-17,8],[-6,7],[-19,3],[1,16],[-6,12],[-20,13],[1,7],[-15,3],[1,42],[-11,4],[20,33],[-25,9],[12,22],[-21,10]],[[62164,44851],[-30,21],[27,96],[-21,39],[-7,32],[5,14]],[[62138,45053],[17,-17],[42,35],[41,23],[36,-33],[6,2],[54,32],[14,15],[57,13],[43,21],[4,10],[14,6],[2,10],[6,2],[-7,11],[1,14],[19,19],[16,2],[38,-16],[14,7],[29,2],[33,33],[113,36],[-12,48],[24,6],[13,-35],[19,-1],[13,6],[-9,27],[29,7],[10,-19],[-2,-28],[32,1],[4,2],[-6,13],[41,9],[8,-26],[15,-2],[32,10],[17,-28],[7,-40],[107,-43],[20,48],[18,26],[4,22],[7,7],[26,-6],[11,2],[-4,-7],[6,-4],[-2,-9],[-9,-13],[-5,0],[2,8],[-14,-6],[-3,5],[-20,-14],[4,-7],[-7,-9],[9,-10],[-6,1],[-2,-9],[6,-3],[-8,-7],[8,-6],[-23,-29],[2,-8],[-18,-28],[10,-17],[43,-12],[10,-9],[21,0],[49,-14],[6,-12],[-5,-3],[3,-14],[-19,-9],[6,-6],[-2,-11]],[[63421,45365],[9,-8],[46,-12]],[[63476,45345],[-20,-29],[-51,-55],[37,-17],[-13,-14]],[[62138,45053],[-21,56],[-4,26]],[[62097,45252],[7,12],[59,36],[0,15],[-29,14],[68,98],[8,-3]],[[62939,45535],[19,4],[4,12],[19,-4],[59,-19],[11,-26],[12,5],[-1,9],[18,-2],[12,9],[23,-2],[3,6],[6,-3],[11,5],[18,-4],[4,12],[11,9],[23,5],[-4,-19],[4,-28],[-14,-2],[-4,-13],[15,-4],[-11,-13],[13,-7],[-8,-16],[22,-11],[34,-7],[54,6],[22,8],[9,-6],[21,-31],[30,-7],[25,-34],[10,-4],[12,2]],[[64870,51433],[-13,-6],[11,-19],[-23,-7],[-2,6],[-64,-20],[4,-6],[-24,-8],[1,-7],[-9,-4],[2,-4],[-14,-5],[-5,15],[-41,-16]],[[64693,51352],[-48,86],[-15,40],[-2,29],[-5,-1],[-1,10],[-13,7],[0,5]],[[64609,51528],[0,5],[78,36]],[[64687,51569],[8,-8],[0,-23],[13,-8],[40,-99],[9,6],[30,2],[6,6],[72,13],[5,-25]],[[64855,51589],[-71,23],[-38,17],[-14,-4],[-4,6],[-16,-2],[0,-6]],[[64712,51623],[-25,-3],[-24,12],[-17,27],[1,51],[-28,55]],[[64619,51765],[24,6],[41,3],[59,-12],[46,8],[31,12]],[[64820,51782],[8,-3],[-5,-9],[10,-29],[8,-59],[0,-52],[14,-41]],[[67942,53868],[57,-50],[11,-36],[-5,-13],[-13,-13],[-14,-3],[-28,7],[-16,-2],[-23,-15],[-12,-14],[-6,-29],[28,-32],[5,-14],[-7,-50],[-12,-18],[-15,-6],[-56,-3],[-49,-21],[-10,-17],[14,-29],[-2,-22],[-21,-19],[-29,-11],[-16,-1],[-19,13],[-17,52],[-27,29],[-32,63],[-24,26],[-16,9],[-28,7],[-64,-15],[-65,-49],[-36,-35],[-9,-16],[6,-21],[41,-45],[8,-17],[2,-44],[-6,-26],[-29,-35],[-21,-14],[-1,9],[-19,-8],[-20,2],[-8,-9],[-13,-3]],[[67326,53330],[-61,-41],[-29,-33],[-24,-9],[-37,-30],[-29,-37],[-27,-53]],[[67119,53127],[-41,23],[-61,-8],[-40,-17],[-34,-25],[-5,2],[-13,-9],[-4,3],[-9,-19],[-11,1],[-15,-5],[-55,-31],[-34,19],[-41,1],[-4,-5],[-11,3],[-17,-9],[-39,24],[-69,32],[-119,75],[-41,66],[-140,52],[-77,19],[27,32],[-28,25],[16,18],[-23,19],[-8,-3],[-2,7],[-21,7],[-5,6],[-27,7],[-8,-4],[-12,1],[-18,9],[-2,30],[-4,10],[-7,2],[3,12],[-10,21],[-30,19],[-3,13],[-15,8],[-4,7],[-8,-2],[-16,22],[-11,0],[-58,37],[-30,11],[-22,19],[-2,5],[23,18],[38,43]],[[65972,53718],[39,5],[85,-36],[52,1],[50,-13],[26,-26],[12,-28],[21,-24],[31,-4],[44,-16],[34,-55],[10,-3],[11,-14],[17,2],[8,-4],[69,25],[83,14],[94,74],[16,5],[8,-34],[13,-2],[12,4],[-16,18],[24,10],[11,11],[-3,8],[5,3],[19,3],[14,9],[48,15],[67,-3],[19,8],[4,-5],[28,18]],[[66927,53684],[20,-1],[3,9],[11,2],[31,23],[13,2],[60,58],[17,2],[4,5],[16,1],[-2,6],[8,-2],[9,8],[10,-3],[17,9],[34,4],[24,-5],[41,-29],[52,24],[2,12],[-21,12],[-3,17],[24,32],[74,67],[8,-3],[17,8],[2,9],[20,-12],[10,0],[11,-15],[26,6],[31,44],[13,6],[15,34],[21,11]],[[67545,54025],[25,-3],[12,-17],[23,1],[-5,-11],[21,-15],[97,-48],[-2,-4],[103,-55],[7,8],[42,-28],[7,5],[53,-15],[14,25]],[[68602,53699],[-5,-14]],[[68597,53685],[-19,4],[-14,-7],[-19,0],[-1,7],[-47,7],[-5,-3],[-69,7],[-3,9],[-62,0],[-8,-3],[1,5]],[[68351,53711],[14,31],[83,104],[38,60]],[[68486,53906],[54,-75],[-8,-7],[10,-15],[-3,-8],[9,-3],[-6,-26],[13,1],[15,-12],[2,-8],[41,-8],[-11,-46]],[[61002,56347],[18,-64],[91,-166],[24,-54],[1,-73],[-9,-50],[2,-25]],[[61129,55915],[-35,2],[-5,6],[-33,-4],[-27,11],[-8,8],[-2,-6],[-20,8],[-8,-4],[-37,13]],[[60417,57538],[-13,0],[-25,11],[-13,-2],[-9,9],[-16,1],[-2,4],[-44,-7],[5,9],[-6,5],[9,2],[-3,12],[21,39],[-7,26],[17,51],[-33,1],[0,12],[-40,-6],[-3,12],[-38,-8],[-11,-17],[-23,-1],[-48,10],[1,4],[-29,12],[-41,29],[-7,-3],[-23,13],[3,4],[-41,17]],[[59998,57777],[10,11],[6,20],[18,22],[26,-15],[0,-23],[13,-17],[48,-29],[24,0],[15,11],[11,18],[15,60],[-7,22],[32,9],[52,3],[26,17],[40,18],[48,5]],[[60375,57909],[-4,-19],[14,-43],[20,-37],[-14,-5],[13,-33],[-5,-7],[1,-18],[12,-18],[9,-33],[-5,-10],[-12,-8],[9,-42],[4,-98]],[[61642,54804],[3,-32],[-21,-27],[-9,-26],[69,-127]],[[61684,54592],[9,-32],[-15,-14],[-18,-7]],[[61660,54539],[-42,14],[-10,0],[-3,-7],[-10,10],[-2,-7],[-7,2],[1,-11],[-8,7],[-12,1],[-1,-8],[-14,-6],[-12,2],[-7,-11],[-14,0],[-11,-7],[-3,6],[-6,-11],[-5,7],[-13,-5],[1,-8],[-10,8],[-9,-4],[2,-6],[-10,0],[1,-6],[-11,-4],[-13,3],[-5,-9],[-14,4],[-13,-6],[-8,7],[-23,3],[-38,15],[-29,18],[-13,-4],[-3,-8]],[[61286,54518],[-4,7],[-20,-2],[0,8],[-10,-8],[-8,3],[-3,7],[-15,-2],[1,-5],[-12,6],[2,-17],[-49,-16],[-41,3],[-30,16],[-8,-18],[-24,-16],[-17,-20],[-12,4],[-3,7],[-6,-1],[-24,25],[-19,4],[-15,-6],[-29,9],[-6,-6],[-17,3],[-35,-13],[-19,1],[-17,-6],[-16,3],[-5,-6],[-18,1],[-59,-14],[-4,8],[-21,5],[-6,9],[4,9],[-23,16],[-1,10],[-11,4],[-27,39],[-21,-13],[-34,-9],[-18,31],[-47,11]],[[60539,54589],[8,53],[20,4],[-6,14],[-18,10],[2,4],[-17,-2],[-11,5],[-21,40],[-8,6],[-4,16]],[[60484,54739],[4,60],[-10,22],[20,11],[13,20],[18,12],[-16,13],[-8,12],[13,16],[-1,13],[19,27],[6,28],[1,27],[-11,33],[71,-5],[6,7],[18,-8],[1,36],[23,38],[-20,17],[-7,19],[21,43]],[[60645,55180],[15,-14],[19,-6],[15,2],[29,-12],[21,-14],[3,-13],[11,-9],[22,-1],[9,9],[0,10],[8,-5],[9,6],[14,-2],[1,9],[9,-6],[5,3],[8,-6],[11,0],[9,-13],[6,3],[10,-41],[6,-6],[-5,-5],[9,-20],[-7,-8],[9,-3],[-7,-16],[7,-2],[-6,-10],[8,-16],[6,3],[1,-8],[7,2],[3,-6],[30,-10],[2,14],[9,-4],[5,8],[6,-2],[1,-8],[17,-1],[12,-13],[3,3],[6,-6],[10,7],[11,19],[-8,7],[0,10],[15,13],[10,31],[8,4],[2,15],[8,6],[2,14],[8,3],[8,21],[6,1],[-3,22],[11,11],[-2,9],[-9,8],[5,2],[1,14],[-7,18],[56,16],[11,-4],[5,-28],[95,-36],[55,-6],[-18,-45],[-29,-45],[-17,-53],[31,-31],[1,-11],[14,-17],[48,8],[8,7],[3,-4],[23,4],[44,-10],[16,1],[7,-6],[6,10],[33,19],[11,-3],[25,3],[10,4],[4,7],[25,14],[15,-1],[27,14],[24,2]],[[60761,57647],[-49,-27],[-39,-13],[-61,-5],[0,-7],[-33,-5],[5,-20],[-33,-2],[-8,-17],[9,-46],[-18,-12],[-22,-7]],[[60512,57486],[-27,14],[-18,3],[-8,7],[2,4],[-30,4],[-8,20],[-6,0]],[[60375,57909],[16,9]],[[60391,57918],[18,-38],[20,-21],[11,-28],[45,-30],[29,-8],[20,-13],[0,-6],[11,-5],[3,-8],[21,-4],[121,-59],[71,-51]],[[54450,60232],[-4,-21],[-18,-2],[-19,-10],[9,-15],[4,3],[17,-18],[50,-29],[2,-3],[26,-14],[-15,-12],[15,7],[7,-11],[11,-2],[-2,-15],[22,0],[10,-25],[17,-10],[8,-18],[12,-2]],[[54602,60035],[39,-35],[10,-21],[-12,-2],[20,-28],[15,-10]],[[54674,59939],[-56,-4],[-60,4],[-57,15],[-59,27],[-48,36],[-35,42],[-5,0],[-2,-7],[-13,0],[-13,8],[-15,-2],[-7,10],[-1,23],[3,19],[4,1],[-15,16],[12,12],[-10,16],[19,22],[-39,-6],[-13,-11],[-17,15],[0,7]],[[54247,60182],[21,3],[42,25],[45,64]],[[54355,60274],[14,7],[17,-2],[30,-27],[28,-9],[-2,-6],[8,-5]],[[70753,60431],[-7,0],[-11,-42],[-40,-95],[-40,-53],[-21,-51],[34,-10],[-4,-31],[-69,-15],[-125,3],[-14,6],[-10,-12],[-16,4],[-5,-9],[-26,7],[-25,16],[-48,13],[-49,7],[-92,3]],[[70185,60172],[20,98],[-1,17],[-7,9],[-32,12],[-274,65],[-56,-10],[-66,-21],[-11,3],[-68,-15],[-16,3],[-69,-6],[-34,12],[-110,5],[-223,1],[-223,-10],[-258,31],[-23,-16],[30,-23],[-13,-17],[-23,17],[-39,-44],[-19,-32],[-7,3],[-6,-6],[39,-15],[-19,-26],[40,-15],[-45,-66],[90,-20],[-8,-64],[-212,8],[-2,-45],[85,-3],[-6,-41],[58,-3],[-11,-82],[-97,-85]],[[68569,59791],[-110,108],[-1,21],[25,74],[-38,75],[-18,57],[1,11],[12,9],[90,23],[31,15],[53,64],[34,63],[25,35],[83,62],[96,86],[20,41],[-16,156],[11,43],[18,18],[36,12],[24,4],[62,-2],[13,9],[11,17],[-4,55],[-46,81],[-4,17],[26,38],[47,38],[15,17],[1,56],[6,22],[16,16],[26,7],[32,3],[81,-13],[28,4],[15,10],[36,65],[73,101],[43,159]],[[70753,60431],[31,37],[7,28],[-30,50],[-70,76],[18,14],[-2,14],[-16,20],[8,4],[-4,6],[23,14],[-12,19],[12,7],[-21,78],[23,1],[5,21],[-25,68],[48,11],[-14,38],[34,8],[-2,34],[36,81],[-1,52],[-29,137],[45,101],[-242,7],[-172,10],[-212,-22],[-5,8],[-18,9],[-6,-5],[-7,8],[-26,-3],[-11,17],[-24,0],[-3,-6],[-10,-2],[-22,32],[-11,7],[-18,-11],[-26,8],[-15,-5],[-39,6],[-28,-2],[-5,-11],[-20,-2],[-5,-4],[3,-9],[-20,-7],[-151,44],[-152,36],[-46,8],[-104,7]],[[54228,60222],[-23,-7],[3,-9],[-10,-5],[-5,6],[-34,-16],[-10,-1],[0,-10],[-13,-2],[-2,7],[-15,0],[-27,22],[-66,15]],[[54026,60222],[22,0],[20,19],[-4,62],[24,29],[45,29],[31,5]],[[54164,60366],[22,-19],[20,-6],[27,-26],[11,-4],[-10,-23],[3,-19],[-36,-7],[13,-18],[0,-10],[19,-3],[-5,-9]],[[54842,60019],[-3,5],[5,10],[-7,6],[2,11],[-9,18],[-6,3],[4,5],[-5,11],[-18,7],[-2,7],[-43,18],[-15,24],[-24,11],[-8,0],[-4,-6],[-3,6],[-15,3]],[[54691,60158],[0,5],[13,1],[10,7],[1,23],[-8,8],[-24,3]],[[54683,60205],[12,19],[11,31],[-1,33],[18,22],[-4,31],[-15,23],[-3,29],[8,0],[11,13]],[[54720,60406],[64,-27],[52,-36],[38,-44],[30,-58],[10,-53],[-6,-57],[-20,-53],[-46,-59]],[[74227,58155],[-3,-11],[17,-72],[34,-89],[-240,-38],[17,-78],[-107,-5],[-32,-12],[-106,-20],[-61,-35],[0,-8],[-6,-3],[-9,6],[-16,1],[-34,23],[-5,16],[30,13],[-13,28],[-56,-11],[-2,12],[-28,26],[-17,25],[-147,-40],[-176,-33],[12,-66],[38,-11],[58,-32]],[[73375,57741],[-42,-16],[-35,3],[-65,-6],[-186,-27],[-107,-21],[-27,2],[-60,-21],[-23,0],[-104,-24],[-103,-12],[1,-16],[-71,3],[-62,-13],[-23,4],[-120,-16],[-140,-3]],[[72208,57578],[-4,86]],[[73713,58455],[37,-51],[22,16],[-11,14],[21,10],[11,-13],[26,19],[68,11],[33,-6],[40,20],[-5,-15],[5,-1],[5,11],[19,-36],[27,15],[39,13],[18,-13],[0,-23],[5,-11],[98,-150],[19,-40],[33,-49],[4,-21]],[[74307,59920],[-9,-41],[56,-250],[49,-97],[19,-63],[40,-48],[66,-24],[48,-64],[91,-74],[-63,-3],[-7,11],[-9,-11],[-33,-6],[-32,3],[-17,-8],[-17,10],[-96,24],[-11,4],[-2,7],[-22,3],[-2,24],[-16,7],[-93,-3],[3,-24],[-8,-2],[-1,-44],[-29,-97],[-3,-42],[-29,-102],[-1,-34],[-36,-4],[-112,-32],[-284,-59]],[[73024,59185],[-4,7],[-21,-1],[-9,8],[-29,-10],[-62,2],[-2,20],[-18,25],[3,44],[-34,57],[5,15],[23,22],[7,23],[-5,27],[13,41],[58,21],[-4,45],[26,130],[0,25],[-6,28],[-26,40],[-33,32],[-5,-2],[-28,14],[-4,9],[-14,3],[-11,15],[-6,-3],[-4,8],[-9,-1],[-10,16],[7,9],[-22,17],[-5,13],[3,9],[-5,6],[10,-1],[2,12],[11,-3],[3,6],[-2,16],[-12,3],[3,10],[-16,12],[-7,16],[-4,32],[11,3],[6,21],[-5,6],[15,10],[-2,7],[10,9],[25,3],[1,33],[-15,17],[6,11],[-16,23],[-11,1],[-3,8],[-7,-1],[-15,18],[-17,-1],[-11,27],[-28,26],[-3,32],[11,10],[-11,16],[27,33],[-4,12],[10,0],[13,17],[-3,16]],[[73534,60570],[4,-22],[12,1],[14,-48],[19,5],[11,-11],[86,-109],[50,-75],[37,1],[36,9],[67,32],[67,45],[31,-10],[1,-7],[11,-8],[16,-4],[85,3],[-13,-75],[-22,-32],[11,-30],[-8,0],[16,-39],[105,15],[12,-24],[10,-40],[29,-15],[4,-10],[10,-5],[-8,-21],[-27,-30],[25,-24],[58,-36],[12,-42],[3,-40],[9,-4]],[[55029,58318],[12,-2],[33,-25],[6,0],[-7,-33],[19,-14],[1,-25],[7,-4],[-2,-69],[19,-15],[-9,-11],[2,-13],[-9,-5],[-6,-13],[-14,-6],[-2,-14],[-23,-27],[1,-11],[-21,-17],[-3,-15],[6,-2],[-1,-9],[11,-14]],[[55096,57840],[-42,4],[-28,-3],[-72,9],[-39,-10],[-62,61],[12,11],[-19,12],[11,11],[-4,5],[29,27],[0,5],[-11,4],[-3,16],[24,33],[0,15],[12,0],[-12,15],[-11,0],[-12,22],[17,13],[-11,11],[5,3],[-4,10],[29,10],[-8,10],[-28,16],[8,10],[-13,6],[-3,23],[5,9],[71,-25],[23,23],[3,14],[29,-3],[10,21],[4,-1],[10,38],[-12,60],[17,-8],[8,1]],[[70684,52488],[-5,-1],[-6,-20],[10,-72],[-6,-30],[9,-29],[-5,2],[-12,-11],[-14,3],[-6,-7],[-10,0],[-41,-12],[3,-10],[-41,-5],[-13,-52],[-7,-6],[-12,-1],[-1,-18],[-20,-29],[0,-21],[-14,-52],[-8,-2],[-10,-19],[6,-10],[-13,-12],[8,-7],[-30,-32],[27,-15],[-63,-73]],[[70410,51947],[-8,-7],[-117,60],[-310,134],[-30,8],[7,-22],[-13,-29],[2,-36],[-6,-28],[-33,-26],[-17,-83],[-55,-76],[-18,-34],[-8,-5]],[[69804,51803],[-79,-18],[-2,-10],[-11,0],[-17,-18],[-19,-36],[-8,-35],[-20,-47],[-6,-72],[10,-42],[-6,-95],[-82,-8],[-88,16],[-7,-12],[-59,5]],[[69410,51431],[1,6],[-9,6],[-14,3],[-3,-4],[-16,0],[-43,8],[-5,6],[-50,-3],[-96,-17],[-52,6]],[[69123,51442],[-30,37],[-7,36],[10,32],[42,72],[3,19],[-6,11],[15,29],[16,61],[33,55],[-7,15],[3,2],[-9,12],[29,13],[-3,11],[10,30],[-6,17],[2,14]],[[70035,52920],[83,9],[87,-12],[2,-22],[33,-4],[-4,-21],[41,-4],[5,-9],[0,-20],[29,-1],[-2,-28],[40,-3],[-4,-31],[85,-4],[-8,-39],[7,-21],[10,-5],[-1,-36],[49,-6],[3,-10],[13,0],[9,-22],[34,-4],[22,-37],[30,1],[11,-13],[12,-3],[30,2],[7,-30],[12,-1],[7,-41],[10,-7],[-3,-10]],[[68136,40421],[-17,-3],[-3,15],[-6,-2],[-4,-20],[-7,-3],[5,-23],[-18,-8],[-11,17],[-30,-13]],[[68016,40473],[6,14],[-46,51],[-45,28],[-36,13],[-16,15]],[[57674,51416],[58,-21],[41,-5],[12,-11],[8,1],[76,-28],[7,3],[10,30],[26,14],[27,7],[14,-12],[25,-46],[8,-4],[-1,-26],[46,8],[23,-93],[-10,-31],[10,-10],[8,-28],[33,-14],[10,-12],[18,-53],[8,2],[5,-5],[5,7],[2,-10],[5,7],[31,4],[13,24],[40,26]],[[58232,51140],[32,29],[23,11],[76,8],[54,12],[4,-19],[11,3],[10,-15],[66,-27],[2,-20],[-12,-26],[8,-11],[1,-22],[10,-2],[-13,-28],[6,-6],[-25,-47],[10,-5],[-6,-9],[27,-7],[-6,-30],[18,-30],[20,-18],[13,-4],[60,-43],[16,-5],[9,-13],[42,0],[57,-13],[18,-19],[25,-10],[0,-19],[9,-26],[-11,-9],[-1,-29],[10,-9],[-6,-8],[8,2],[6,-6],[0,-31],[-2,-12],[-7,1],[-4,-14],[1,-8],[9,2],[-7,-6],[5,-4],[-11,0],[-8,-6],[9,-20],[-3,-8],[-8,-3],[6,-4],[-2,-16],[5,-17],[18,-35],[-12,-12],[-31,-13],[-5,-8],[5,-8],[-7,1],[-9,-21],[-28,-27],[-13,-4],[-13,7],[14,31],[-9,22],[-23,-35],[-3,-13],[-29,-6],[-13,10],[-13,5],[-5,-3],[-18,14],[-28,-35],[-10,-6],[-9,6],[-19,-10],[-19,-16],[16,-13],[21,-3],[-3,-9],[15,0],[8,-13],[0,-13],[-27,7],[-5,-23],[-19,-1],[-3,-18],[-58,-4],[11,-25]],[[58463,50253],[-21,5],[-37,36],[-24,6],[-9,9],[-41,-8],[-99,19],[-56,-3]],[[58176,50317],[-50,24],[-25,3],[-49,30],[-18,18],[-25,3],[-28,-5]],[[57981,50390],[0,12],[10,19],[-32,11],[1,7],[13,24],[-5,6],[19,39],[-1,11],[31,94],[-277,18],[-3,-21],[67,-17],[-7,-31],[7,4],[21,-3],[0,-42],[-25,0],[2,-8],[27,-3],[-9,-5],[-9,-20],[-8,-1],[0,-21],[-5,-4],[-10,1],[5,-14]],[[57793,50446],[-21,-4],[-32,-24],[-39,2],[-11,-4],[-10,-9],[4,-23],[-21,-3],[-35,11],[-1,27],[8,1],[8,-9],[9,-2],[18,17],[-7,18],[-35,35],[-29,5],[-27,-10],[-32,6],[-17,-9]],[[57523,50471],[-29,1],[-25,-10],[-14,-15],[4,-18],[22,1],[14,-12],[-5,-7],[-18,-5],[-9,-22],[-11,-2],[-6,4],[10,12],[-2,7],[-26,-2],[-18,21],[-10,2],[-2,-4],[14,-9],[1,-7],[-15,-9],[-7,-21],[-30,-10],[-27,13],[-7,16],[4,7],[16,-6],[8,3],[1,11],[-8,13],[-10,2],[-31,-8],[-18,2],[-44,17],[-9,20],[-44,-4],[-6,8],[3,32],[-5,8],[-7,0],[-34,-24],[-17,-5],[-27,0],[-33,14],[-3,11],[7,-4],[21,17],[12,1],[5,7]],[[57108,50517],[16,1],[3,26],[-5,26],[25,-2],[10,3],[5,10],[-13,37],[46,23],[6,13],[-4,6],[12,44],[6,87],[-7,56],[2,40],[14,76],[-74,126],[-7,0],[2,39],[-5,17],[-36,17],[-23,19],[16,38],[-25,35]],[[57072,51254],[112,15],[45,-14],[62,-4],[13,-16],[7,2],[5,-17],[38,13],[19,-8],[20,1],[7,-14],[15,6],[28,-2],[-4,-14],[55,3],[11,36],[18,17],[6,14],[8,45],[-4,36],[12,35],[7,2],[18,24],[32,12],[6,-5],[41,7],[25,-12]],[[61694,50956],[40,14],[16,26],[19,-8],[28,-5],[8,-7],[3,-22],[-16,-31],[17,-8],[26,23],[1,14],[9,12],[11,-2],[17,-13],[11,-23],[-13,-21],[11,-3],[0,-10],[-6,-9],[-10,0],[-3,-10],[27,-9],[5,-9],[50,6],[20,-8],[5,-14],[22,3],[13,12],[-14,26],[10,8],[12,-1],[2,-11],[22,-7],[21,8],[22,-7],[5,-7],[-2,-10],[-32,-18],[8,-20],[-10,-18],[-27,-4],[-39,14],[-11,-2],[15,-50],[-7,-11],[-29,-15],[-2,-8],[18,-13],[16,-4],[11,2],[16,12],[19,2],[10,-22],[27,-1],[43,-11],[9,-4],[11,-36],[30,6],[35,25],[-3,-42],[19,-16],[13,-4]],[[62223,50615],[8,-3],[14,18],[46,17],[22,-8],[8,-12],[-9,-9],[-4,-19],[-9,-3],[-29,6],[-2,-12],[13,-11],[43,9]],[[62324,50588],[0,-56],[-45,-20],[-17,-30],[-12,-10],[-31,-3],[-39,22],[-21,1],[-58,-38],[-21,-5],[-14,7],[-25,42],[-14,4],[-15,-4],[-13,-12],[-6,-27],[36,-33],[0,-8],[-49,-26],[-10,-32],[-44,-29],[-3,-20],[20,-32],[-8,-21],[-13,-3],[-11,6],[-10,26],[-15,17],[-36,1],[-32,-12],[-41,-25],[-24,-50],[-39,-32],[-39,-18],[-93,-24],[-19,-11],[-15,-19],[-4,-18],[-20,-9],[-2,-14],[-13,-19],[6,-7],[-33,-22]],[[61482,50025],[-4,4],[-32,-12],[-17,12],[-18,4],[-85,-3],[-66,23],[-99,10],[-37,-6],[-23,7],[-39,31],[-26,10],[-33,-7],[-17,-18],[-20,-10],[-52,6],[-46,30],[-6,14],[1,36],[-19,29],[-19,4],[-39,27],[-54,28],[-31,8],[-27,-4],[-34,-38],[-15,-11],[-18,-4],[-19,4],[-28,20],[-26,2],[-18,9],[-25,-1],[-11,-11],[-2,-27],[-40,-29]],[[60438,50162],[-20,-22],[0,-18],[16,-17],[40,-18],[4,-8],[-10,-30],[-23,-21],[-25,5],[-14,17],[-5,23],[-13,7],[-13,-1],[-42,-20],[-27,-4],[-81,8],[-70,14]],[[60155,50077],[23,60],[5,37],[31,11],[-18,49],[16,4],[0,24],[9,3],[5,60],[-22,2],[-46,-9],[-89,39],[4,40],[-37,14],[-24,3],[6,96],[-4,7],[33,53],[27,-16],[76,3],[24,-11]],[[60174,50546],[19,-11],[40,-7],[35,3],[0,5],[45,9],[-7,15],[205,-12],[6,40]],[[60517,50588],[41,-7],[133,-70],[28,-22],[9,-1],[34,-41],[27,-22],[0,-18],[-16,-14],[32,-3],[25,10],[9,6],[21,6],[11,-12],[3,19],[125,18],[-3,14],[54,6],[-18,63],[-14,5],[-17,-5],[-27,23],[48,33],[8,13],[-3,16],[109,30],[-44,43],[6,6],[-12,22],[3,34]],[[61089,50740],[18,44],[26,4],[36,-9],[26,0],[8,9],[8,29],[8,-1]],[[61219,50816],[-2,31],[7,18],[21,5],[0,30],[-4,1],[17,36],[0,16],[7,-1],[1,16],[34,2],[2,10],[-7,12],[9,60]],[[61304,51052],[30,15],[25,3],[56,5],[66,-6]],[[61481,51069],[22,-3],[21,9],[20,-9],[60,-4],[48,-46],[13,-51],[12,-10],[17,1]],[[63808,52050],[54,-3],[-3,-40],[18,-12],[1,-12],[-7,-1],[5,-11]],[[63876,51971],[-11,-5],[4,-8],[-9,-4],[8,-11],[-39,-6],[-16,-17],[4,-3],[-10,-33],[5,-15],[21,-18],[-4,-39],[-18,-3],[-46,-24],[10,-12],[-36,-19],[-35,-9],[-72,-37],[-32,-8],[-27,-1]],[[63573,51699],[-12,27],[-36,4],[-21,10],[-18,18],[-26,-1],[-6,-22],[-55,20],[-13,-4]],[[63386,51751],[-9,4],[-14,-4],[1,25],[-18,29],[-27,8],[-48,33],[-35,31],[-5,14]],[[63231,51891],[42,15],[41,20],[139,95],[73,29],[48,8],[44,3],[190,-11]],[[64330,51956],[52,-76],[4,-16],[-7,-2],[-6,-13],[-26,0],[-34,-12],[-94,-2]],[[64040,51869],[-56,75],[-11,34]],[[63973,51978],[12,177],[4,12],[27,-29]],[[64206,52553],[64,-27],[8,-19]],[[64278,52507],[-90,-32],[-55,-13],[-18,-14],[-12,-49],[-19,-15],[24,-48],[-16,-89]],[[64092,52247],[-28,1],[-76,26],[-31,-4],[-48,66],[-12,10]],[[63897,52346],[-46,54],[-28,53],[-41,19],[-44,35]],[[63738,52507],[0,1]],[[63738,52508],[9,2],[5,14],[39,52],[48,-5],[-3,4],[14,-2],[27,-8],[5,-6],[18,5],[-5,4]],[[63895,52568],[29,0],[20,9],[4,-3],[-5,-8],[19,0],[-34,36],[63,44],[28,2],[22,10]],[[64041,52658],[13,-24],[55,-37],[58,-34],[39,-10]],[[69585,47435],[-21,0],[-48,15],[0,16],[-13,2],[-66,-18],[-16,20],[-18,-2],[-50,-28],[-196,-83],[-49,-14],[-31,-38],[-50,-37],[-26,12],[-30,36],[-40,16],[-20,-18],[-13,-6],[-5,3],[-5,-10],[-21,-7]],[[68716,47741],[6,5],[-1,17],[11,12],[8,2],[3,6],[13,11],[12,-2],[2,13],[10,-2],[5,7],[30,-15],[27,-32],[18,-10],[13,-15],[0,-11],[61,-13],[107,-14],[51,19],[48,70],[78,19]],[[69218,47808],[23,4],[176,-23],[13,0],[5,7],[40,-4],[5,-9],[43,-18],[23,-16],[19,-19],[5,-13],[39,-8],[66,-1],[23,-12],[26,-46],[-22,-2],[-12,-12],[-18,-6],[4,-19],[-16,-38],[-21,-37],[-10,1],[-4,-22],[-19,-3],[8,-21],[-24,-31],[-5,-25]],[[70728,47843],[-54,5],[-34,-100],[-12,-13],[-1,16],[-24,-12],[-31,-4],[-49,10],[-57,30],[-40,-5],[-93,-32],[-32,8],[-173,19],[-66,-10],[-3,4],[-30,-6],[-6,-7],[-119,-17],[-17,-26],[-23,0],[-33,11],[-3,5],[7,5],[-5,5],[7,6],[-6,2],[32,59],[9,27],[-17,161],[-20,35],[-51,55],[16,1],[-6,6],[-17,-4],[-20,4],[-28,-10],[-8,4],[-3,-8],[-12,10],[-13,-2],[-26,-19],[-18,5],[2,-10],[-8,-5],[0,-6],[-18,6],[-7,-6],[-5,22],[-29,22],[-8,32],[-7,-1],[-3,7],[-9,1],[2,7],[-14,6],[-9,-7],[-17,1],[-96,-65],[-6,3],[-8,-7],[-16,16],[-31,11]],[[69362,48088],[-38,12],[52,108],[-3,7],[-17,9],[-7,13],[9,8],[-13,5],[0,9],[-15,-2],[3,-8],[-19,9],[-7,-3],[-18,13],[-7,-5],[-4,-16],[-9,6],[-30,2],[-4,16],[7,25]],[[69242,48296],[22,2],[78,28],[27,0],[112,23],[58,-6],[2,11],[63,6],[43,9],[-2,12],[10,-3],[2,4],[21,4],[-6,48],[130,13],[40,10],[31,-2],[22,9],[45,-2],[-9,46],[85,47],[69,19],[4,29],[-5,27],[121,25],[6,-17],[31,-2],[2,-7]],[[64383,46903],[29,-9],[17,-14],[6,8],[3,-8],[20,-8],[2,-6],[-14,-6],[-10,-31],[19,-4],[2,5],[57,-16],[-10,-42],[6,-30],[-53,-26],[-12,-25],[-2,-25],[13,-58],[33,-44]],[[64489,46564],[-31,7],[-94,0]],[[64261,46665],[-4,54],[54,-19],[66,-7],[21,45],[-89,21],[-24,33],[-19,12]],[[64266,46804],[0,11],[47,29],[-41,42],[22,27],[9,7],[21,-13],[-15,-18],[20,-4],[40,-4],[14,22]],[[61045,51643],[-21,2],[-1,5],[-64,40],[-24,-13],[-53,-9],[-4,-5]],[[60878,51663],[-15,32],[-78,-9],[-3,26],[28,9],[-7,33],[-16,-3],[-13,15],[4,27],[-36,2],[0,5],[-46,0],[-13,5],[11,16],[-1,21]],[[60693,51842],[28,24],[6,-13],[60,18],[49,5],[86,31],[29,-12],[39,-5],[54,0],[46,7],[134,-7],[-87,-77],[-79,-121],[-13,-49]],[[60136,51128],[-38,-36],[-64,-35],[-2,-11],[-10,-9],[-6,1],[-5,-10],[-7,1],[1,13],[-13,27],[3,4],[-21,-6],[-21,12],[-7,-5],[6,-11],[-12,1],[-17,-7],[-23,-16],[-20,-39],[19,-11],[-22,-36],[30,-12],[-2,-8],[35,-8],[-46,-62],[-62,-34]],[[59832,50831],[-13,25],[-6,30],[-20,5],[-21,-4],[-4,-8],[-30,-17],[3,-3],[-41,-16],[-5,6],[-18,-5],[-5,4],[-29,3]],[[59643,50851],[-15,8],[3,4],[-9,5],[-16,0],[0,44],[-5,3],[30,27],[-18,2],[-16,18],[-8,21],[8,7],[-22,33],[-9,26],[-31,-12],[-14,22]],[[59521,51059],[106,-3],[23,5],[24,13],[230,300],[36,27]],[[59940,51401],[21,3]],[[59961,51404],[55,-40],[6,-10],[0,-31],[-12,-33],[7,-31],[29,-38],[35,-21],[55,-72]],[[66422,38073],[95,-80],[75,-54],[-26,-29],[-14,-49],[-14,-23],[4,-12],[-43,-29],[8,-11],[2,-31],[-18,-20]],[[66491,37735],[-59,-54],[-67,9],[-30,-7],[-68,3],[-19,7],[-47,39]],[[66201,37732],[-54,143]],[[66147,37875],[-4,46],[3,30],[44,131],[40,15],[10,-10],[11,9],[22,8],[17,4],[5,-6],[15,7],[15,-30],[22,5],[27,13],[35,-34],[9,13],[4,-3]],[[67696,39190],[35,-43],[5,-55],[22,-7],[0,-25],[-7,-17],[4,-23],[7,-18],[18,-13],[1,-10],[19,-25],[3,-28]],[[67803,38926],[-13,-10],[-60,-25],[-22,-4],[-153,115],[-36,36]],[[67519,39038],[2,47],[26,60],[-3,76],[20,10],[22,3],[21,-8],[36,-30],[7,-1],[7,6],[6,-4],[13,0],[4,-10],[16,3]],[[68196,43090],[23,-23],[22,-44],[22,11],[8,-11],[-12,-5],[16,-23],[22,-23],[30,-15],[-15,-7],[-64,-13],[-94,-35],[30,-11],[1,-13],[-17,-30],[16,-14],[-30,-18],[-4,-16],[31,-23],[-3,-3],[15,-13],[-7,-6],[46,-60],[58,18],[19,17],[19,3],[3,6],[12,-3],[20,11],[16,0],[52,22],[44,33],[11,2],[11,15],[18,8],[15,26],[14,9],[22,4],[-2,6],[19,5],[11,-19],[43,-34],[18,14],[33,-23],[0,-7],[21,-6],[25,-21],[50,-22],[28,-25],[67,30],[19,19],[-3,4],[11,7],[4,15],[7,4],[6,-5],[12,8],[16,-6],[2,5],[7,-11],[6,3],[21,-11],[3,3],[70,-16],[20,-15],[29,18],[21,32],[5,20],[59,-8],[47,2],[52,-7],[4,-14]],[[69297,42811],[-52,-38],[-16,-4],[21,-32],[13,-39],[17,-88],[2,-94],[8,-28],[18,-28],[30,-24],[30,-13],[65,-15],[34,-18],[24,-20],[26,-35]],[[69517,42335],[75,-106],[25,-22],[33,-20],[40,-15],[48,-7],[44,1],[58,12]],[[69840,42178],[17,-11],[10,-24]],[[69893,42034],[-5,2],[-30,-12],[-20,2],[-18,-11],[-15,-1],[-46,7],[-2,-6],[-8,-2],[-8,4],[-9,-5],[-9,8],[-12,-2],[-2,6],[-10,0],[-1,-5],[-34,3],[-3,-9],[-12,3],[-12,-9],[-20,-4],[-12,-12],[-23,-8],[-19,0],[-16,-9],[1,-6],[-22,-19],[-30,-16],[-22,-5],[2,-5],[-19,-2],[-17,-39],[-4,-5],[-12,-2],[-19,-35],[-10,-9],[-6,2],[-19,-20],[-7,3],[-17,-9],[-10,-12],[-3,-8],[8,-7],[-4,-21],[-16,0],[-12,-11],[-11,-3],[-25,17],[-16,4],[-20,-2],[-8,-5],[-29,3],[-49,14],[-41,24],[-20,0],[-56,-13],[-16,21],[-56,-15],[-10,15],[5,3],[-18,22],[-8,25],[-10,-3],[5,-13],[-20,-36],[-22,6],[-47,-47],[-27,-16]],[[68810,41749],[-18,105],[-13,41],[-62,96],[-42,37],[-74,39],[3,3],[-137,66],[-28,21],[-89,34],[-39,25],[-27,30],[-15,72]],[[68269,42318],[-10,53],[-74,115],[-9,29],[-113,14],[-4,-6],[-52,13],[-35,21],[-56,14],[-53,59],[-92,50],[-41,-15],[-44,-4],[-57,-20],[-23,-20],[-16,-6],[4,-10],[-6,-8],[-8,2],[-1,9],[-14,4],[-2,7]],[[67563,42619],[5,23],[-1,55],[13,44],[2,29],[6,0],[-8,26],[14,37],[-1,34],[-9,24],[12,19],[9,55],[11,12],[1,9],[-8,42],[20,5],[40,-17],[46,5],[20,10],[19,0],[20,51],[30,46],[28,60],[53,23]],[[67885,43211],[37,12],[61,38],[7,-4],[61,0],[9,-12],[1,-56],[-4,-7],[-33,-21],[-14,4],[-17,18],[-7,-7],[-33,-12],[41,-52],[48,-45],[2,-8],[7,6],[-2,6],[26,-3],[8,10],[16,0],[11,11],[9,1],[1,6],[15,0],[6,5],[8,-1],[-2,-7],[7,4],[6,-3],[-3,-7],[6,-4],[7,8],[2,-7],[18,0],[6,6]],[[69299,40045],[56,-40],[27,7],[62,-21],[114,-78],[18,-46],[17,-25],[-3,-18],[16,-40],[36,-36],[2,-23],[30,-34],[0,-24],[27,-33],[18,-1],[0,-6]],[[69719,39627],[-7,-4],[-25,-49],[-6,-37],[6,-42],[64,-268],[52,-73],[24,-24]],[[69827,39130],[5,-13],[-44,-34],[-36,-10],[-54,-46],[-36,-48],[-22,-11],[-58,-18],[-46,-23],[-67,-101],[-33,3],[-16,-24],[-2,-18],[-44,-3],[-28,-12],[-15,-24],[-45,-33],[-11,13],[-75,-3],[-38,-30],[-13,-28],[-13,-10],[-9,26],[0,22],[-17,25],[-15,56]],[[69095,38786],[6,5],[-36,29],[-98,70],[-31,51],[14,34],[0,40],[-41,10],[-33,15],[10,22],[36,26],[-2,10],[5,7],[-127,91],[-12,-5],[-46,34],[-30,15],[-85,16],[-89,29],[-83,-15],[-96,-2],[-9,-18],[-7,8],[-31,11],[-57,34],[-16,-7],[-21,-23],[-9,1],[-5,13],[-28,-4],[-6,11],[-14,6],[-2,17],[-16,1],[-2,21],[-14,-1],[-1,17],[-31,0],[8,47]],[[68777,39982],[88,22],[9,12],[7,-2],[18,7],[0,14],[14,3],[13,16],[17,0],[9,-7],[21,-1],[12,-12],[20,1],[35,10],[10,-2],[13,17],[16,-11],[9,20],[18,13]],[[69106,40082],[27,10],[17,-2],[-2,-5],[20,-14],[69,6],[62,-32]],[[69851,42685],[-11,-14],[12,-101],[-14,-20],[-15,-9],[-8,-36],[11,-21],[-15,-32],[34,-17],[14,-25],[6,-27]],[[69865,42383],[-19,3],[-44,27],[-89,22],[-88,79],[-30,46]],[[69595,42560],[106,22],[4,5],[8,-2],[13,19],[26,23],[-18,71]],[[69734,42698],[24,15]],[[69758,42713],[10,9],[79,-32],[4,-5]],[[70990,41070],[-3,-5],[8,-9],[31,-17],[43,-15],[24,-35],[71,5],[6,-6],[60,-4]],[[71230,40984],[-16,-54],[-12,-21],[-34,-32],[-42,-19],[0,-7],[-34,-5],[-48,8],[-22,-17]],[[71022,40837],[-9,3],[-10,-5],[0,-9],[-20,-11],[-7,3],[-11,-9],[-9,5],[-1,-11],[-86,-39]],[[70869,40764],[-20,30],[-78,33],[-99,65],[-22,52],[0,36],[14,45],[0,16]],[[70664,41041],[16,13],[20,0],[7,-10],[14,15],[7,-8],[-2,-14],[5,-3],[15,16],[14,-1],[11,11],[18,-3],[11,8],[48,7],[43,0],[22,-11],[33,-6],[7,2],[12,15],[25,-2]],[[63579,55259],[-44,-29],[-32,-11],[17,-24]],[[63520,55195],[-24,-22],[14,-9],[-5,-4],[9,-22]],[[63514,55138],[-33,-17],[-119,80],[-34,-15]],[[63328,55186],[-8,41],[-25,-1],[1,20],[-14,53]],[[71057,41305],[-51,-49],[30,-18],[1,-13],[13,1],[7,-11],[20,3],[-9,-23],[2,-48]],[[71070,41147],[-3,-23],[-55,-3],[10,-23],[-20,-12],[-12,-16]],[[70664,41041],[-30,144]],[[70634,41185],[-20,38],[-2,19],[14,19],[14,47],[12,22],[12,56],[23,55],[3,68]],[[70690,41509],[68,-12],[63,3],[-7,-14],[28,-16],[3,-11],[3,3],[14,-54],[22,-14],[26,23],[29,-17],[-11,-15],[10,-6],[13,11],[12,-14],[4,-21],[-16,-7],[14,-11],[7,7],[6,-1],[11,11],[68,-49]],[[71637,40527],[8,-37],[6,-8],[-86,-69],[-29,-32],[-1,-11],[28,-23],[44,-56],[62,-41]],[[71536,40171],[93,49],[40,30]],[[71536,40171],[-72,81],[-95,137],[-19,-20],[-88,93],[21,36],[-23,16]],[[71156,40764],[19,9],[16,-11],[15,14],[7,-2],[5,-10],[25,6],[9,-11],[19,0],[6,-6],[-18,-7],[2,-6],[18,-14],[19,7],[202,-177],[23,28],[49,-36],[5,4],[42,-26],[10,-4],[8,5]],[[64326,54955],[63,-65],[-40,-55],[-86,53],[-28,-37],[-70,-68],[-5,-27],[14,-36],[-11,-6]],[[64163,54714],[-19,45],[-22,26],[-4,56],[8,2],[-7,16],[4,47],[70,1],[-13,15],[-3,19],[10,4],[12,16],[-34,26]],[[64165,54987],[31,33]],[[64196,55020],[40,-11],[8,18],[6,-2],[8,11],[16,-4],[32,7]],[[64306,55039],[-1,-69],[21,-15]],[[64870,55306],[-2,-10],[-9,-8],[-27,-13],[-48,-38],[-51,-23],[-64,-51],[-33,-56],[2,-23],[14,-26]],[[64652,55058],[-71,-4],[-25,-17],[-19,0],[-13,6],[-40,-8],[-68,-2],[0,-56],[-20,-46],[-11,-6],[-14,1],[-21,12],[-13,18],[-11,-1]],[[64306,55039],[-16,111],[16,-4],[0,-11],[25,0],[1,-9],[53,4],[-2,17],[16,1],[4,30],[11,-2],[35,17],[9,46]],[[64774,55322],[26,-12],[70,-4]],[[72956,43764],[1,-9],[23,-16],[-74,-105],[47,-7],[10,-34],[18,-9],[75,5],[4,-7],[38,-13],[121,-31],[33,-12],[58,-33],[48,-15],[48,-29],[78,71],[23,9],[25,1],[40,25],[-5,6],[17,12],[72,43],[8,-1],[65,54],[-12,13],[61,40],[51,23],[44,10],[51,2],[32,-5],[46,-17],[41,1],[44,-29],[7,-16],[0,-20],[35,-22]],[[74129,43649],[-6,-38],[-18,-31],[-60,-63],[-38,-31],[20,-27],[0,-13],[-20,-18],[5,-9],[-51,-51],[-19,-40],[-17,-21],[17,-5],[-15,-29],[-15,2],[-7,-20],[19,0],[12,-32],[19,-8],[15,10],[26,-17],[24,-9],[-43,-31],[-78,-21],[-87,-41],[-91,-69],[-14,-19],[-49,-45],[-71,-29],[-38,-49],[-95,-38],[-26,-6]],[[72388,42291],[22,28],[56,-33],[35,-3],[16,38],[8,5],[72,-24],[11,9],[12,0],[14,-10],[12,3],[61,-7],[19,51],[52,-22],[19,24],[69,-12],[0,30],[26,8],[-3,19],[50,-16],[26,-17],[31,-9],[30,11],[55,41],[28,32],[50,137],[12,0],[86,55],[4,-4],[26,12],[11,11],[-5,3],[70,45],[3,3],[-53,22],[8,38],[15,13],[16,58],[50,17],[26,4]],[[72388,42291],[-25,26],[-28,15],[-18,27],[15,13],[48,15],[9,11]],[[72389,42398],[26,25],[0,23],[-8,14],[4,12],[-10,10],[25,50],[-50,43],[-58,-24],[-24,1],[-38,-11],[-53,36],[12,17],[-54,25],[-18,-25],[-18,13],[-4,-6],[-32,18],[9,28],[2,63],[15,24],[29,25],[-43,12],[-14,13],[-22,-5],[-36,19],[-33,-5],[-12,-13],[-43,1],[-13,4],[14,15],[-12,3],[-33,-4],[-29,33],[3,5],[-25,12],[-33,-6],[-3,-8],[-15,-9],[-19,-1],[-28,-20],[-16,3],[-14,-18],[-42,-24],[-14,6],[-8,-3]],[[71602,43615],[23,21],[10,23],[11,6],[0,16],[19,17],[9,-80],[11,-11],[30,-10],[12,4],[122,8],[-60,-36],[-47,-11],[-26,-26],[0,-18],[8,-10],[63,-33],[-54,-27],[-19,-23],[45,-28],[113,-48],[30,-29],[130,-62],[60,-11],[12,-7],[11,15],[32,21],[17,5],[23,-12],[50,-8],[24,-13],[25,2],[33,22],[3,12],[17,13],[13,7],[20,0],[-1,6],[48,27],[15,34],[25,8],[65,130],[39,31],[21,8],[22,28],[21,17],[-8,13],[5,17],[10,11],[21,5],[6,27],[22,15],[17,27],[-18,49],[-25,41],[-12,-13],[-27,-8],[-24,20],[4,26],[-7,5],[0,9],[-14,8],[-12,44],[12,33],[18,20],[21,12],[35,-2],[17,-8],[15,3],[7,-16],[15,-10],[16,8],[12,-1],[3,-22],[9,-5],[-5,-10],[56,-7],[24,-11],[5,-10],[5,3],[30,-51],[37,-7],[-8,-17],[50,-12],[17,-15]],[[64020,55560],[13,20],[-30,17],[17,53],[7,5],[16,70],[-34,13],[10,11]],[[64019,55749],[45,-16],[52,-9],[42,1],[120,-43]],[[63870,40506],[62,-53],[127,-85],[62,-61],[13,-21]],[[64134,40286],[13,-29],[13,-68],[26,-44],[29,-21],[114,-42]],[[64329,40082],[-36,-64]],[[67455,40271],[60,-43],[29,-12],[25,-2]],[[67569,40214],[28,-2],[14,-6],[33,-32],[57,-42]],[[67701,40132],[-7,-8],[10,-5]],[[67704,40119],[-23,-57],[-14,-2],[-4,-8]],[[67663,40052],[-21,17],[-127,-29],[-10,4],[-6,12],[-20,-5]],[[67442,40219],[2,53],[11,-1]],[[69690,44056],[23,-8],[5,-25],[-64,-21],[-49,-5],[-30,-10],[2,-6],[-9,-1],[9,-21],[-3,-20],[-38,-2],[-35,-8],[-11,-29]],[[69490,43900],[-68,24]],[[69422,43924],[57,97],[16,45]],[[69495,44066],[44,4],[3,-10],[86,8],[6,18],[56,-30]],[[68269,42318],[-82,-23],[5,-4],[-4,-35],[-8,-12],[3,-19],[-21,-30],[0,-10],[-6,1],[-5,-9],[1,-26],[-7,-13],[5,-8],[-10,-12],[4,-4],[-11,-8],[7,-7],[-7,-5],[6,-10],[-7,1],[1,-7],[7,-12],[-11,-2],[7,-5],[-14,-13],[3,-13],[-21,-16],[-14,2],[-6,-47],[-15,-17],[-13,-1],[3,-7],[-22,-15],[-3,-16],[-15,-12],[1,-14],[-9,-10],[1,-7],[-40,-26],[-17,5],[-6,-5],[7,-3],[-8,-3],[7,-16],[-8,-3],[-9,5],[0,-11],[-6,-3],[7,-7],[-5,-11],[6,1],[-4,-11],[-6,2],[1,-15],[-5,-10],[-5,4],[-1,-18],[-7,-1],[-12,-24],[-6,0],[8,-21],[-5,0],[-5,-13],[6,-16],[8,-7],[-5,-4],[1,-23],[12,-4],[-7,-6],[3,-17],[-9,-4],[8,-11],[-7,-9],[5,-25],[9,-3],[-10,-2],[2,-11],[19,-15],[-4,-31],[12,-12],[4,-33],[14,-7],[-2,-11],[19,-11],[31,-6],[9,-29],[9,-11],[-5,-38],[-12,-7],[3,-6]],[[67581,41236],[-11,-4],[-3,-8],[-8,5],[-1,-13],[-6,-6],[4,-12],[-3,-14],[-14,-1],[-31,-27],[-14,2],[-6,-9],[4,-7],[-9,-5],[9,-2],[8,-11],[-3,-9],[-13,-3],[-2,-10],[-38,3],[-2,5],[-7,-5],[-28,0],[-6,-6],[-12,-2],[-36,5],[-16,-8],[-5,-14],[-14,0],[-33,-14],[-26,3],[-4,-24],[-18,-2],[-2,-10],[-7,9],[-8,-9],[-8,0],[-2,-9],[-35,-8],[-13,-29]],[[67162,40987],[-5,6],[-14,3],[2,5],[-13,9],[-2,9],[-7,0],[7,27],[-38,30]],[[67092,41076],[-3,3],[9,12],[0,11],[20,4],[14,31],[11,1],[1,-6],[10,-1],[0,8],[6,0],[10,-8],[1,7],[16,-1],[-4,9],[4,3],[18,-7],[-17,46],[-9,5],[0,11],[-12,7],[1,-6],[-13,8],[1,17],[11,4],[-7,5],[-4,34],[-10,3],[-2,18],[7,4],[-9,4],[2,5],[-11,4],[7,10],[-4,23],[5,19],[17,20],[6,22],[-5,4],[8,5],[-8,3],[5,6],[-6,5],[10,1],[0,11],[30,7],[-9,13],[10,5],[0,10],[8,3],[-5,4],[-6,37],[29,20],[-46,56],[20,22],[-5,17],[3,11],[12,16],[9,-1],[-4,6],[10,0],[-10,6],[2,6],[9,0],[-16,17],[0,7],[34,29],[-8,24],[3,21],[-24,32],[-3,32],[-27,3],[-49,18],[-27,12],[-1,11],[-30,21],[-8,-5],[-55,30],[28,35],[-64,44],[87,92],[-15,8],[-22,33],[1,6],[-49,31],[-24,7],[-26,29]],[[66930,42215],[23,25],[21,16],[9,1],[1,32],[43,3],[-5,22],[48,30],[3,49],[-9,5],[-4,36],[21,60],[23,31],[11,4],[25,32],[8,-1],[36,59],[42,-4],[42,11],[55,3],[26,7],[20,12],[22,1],[3,4],[6,-42],[11,-18],[19,6],[17,-1],[41,23],[25,0],[24,9],[14,-1],[12,-10]],[[67920,39947],[-25,44],[-22,65],[-42,46]],[[67831,40102],[59,8]],[[68037,40135],[80,22],[62,11],[57,20]],[[67352,39986],[-36,1],[-33,-5],[-27,-17],[-47,48],[-45,-19],[5,-7],[-11,-4]],[[67158,39983],[-11,4],[0,5],[-17,15],[10,4],[-10,15],[30,15],[-11,20],[11,6],[-117,73]],[[67043,40140],[37,56],[13,-11],[-3,-11],[14,-11],[18,-2],[42,-24],[51,26],[49,51],[39,14]],[[69932,44353],[-36,-54],[-58,-31],[-19,25],[-17,-7],[-28,-2],[-2,-19],[35,-41],[12,-50],[8,-3]],[[69827,44171],[-2,-6],[-46,3],[-32,27],[-56,0]],[[69691,44195],[-1,60],[3,18],[8,5],[0,35]],[[69701,44313],[-1,6],[28,8],[10,-3],[4,14],[40,32],[30,14],[28,21],[4,-4],[16,13],[34,-14],[22,-34],[16,-13]],[[68095,39402],[-47,2],[-41,-5],[-138,-47],[7,-5],[-47,-34],[-6,2],[-33,-18],[-46,-35],[-22,-34],[-6,-39],[-20,1]],[[67519,39038],[-14,9]],[[67505,39047],[-86,59],[-66,60]],[[67353,39166],[15,2],[-3,12],[24,-2],[3,16],[10,-1],[20,53],[18,-8],[14,-17],[34,-11],[-6,-47],[10,-5],[9,30],[15,7],[-3,22],[-22,22],[8,7],[12,-1],[18,-19],[10,4],[1,43],[17,89],[-9,33],[-38,73],[1,27],[9,23]],[[67520,39518],[20,20],[18,10],[92,19],[53,26],[57,65],[50,94]],[[61554,45448],[-39,-21]],[[61515,45427],[-27,33],[-10,34],[62,27],[-16,27],[-2,26],[9,21],[-8,20],[23,4],[8,-3]],[[61554,45616],[29,2],[2,-4],[14,1],[8,-7],[13,3],[10,-3],[-2,-4],[19,1],[55,-39],[61,10],[17,2],[5,26],[20,26],[31,16],[24,30],[5,-1],[9,19],[8,-2],[39,47],[50,7],[37,17],[17,0],[35,-16],[18,0],[34,19],[21,6],[6,11],[22,9],[-39,6],[19,41],[40,-14],[7,-7],[10,3],[14,-3],[3,4],[26,-9],[2,6],[14,-5],[7,6],[14,-13],[10,2],[3,5],[7,-1],[0,-5],[15,-3]],[[68565,46774],[4,-3],[-16,-27],[12,-38],[-14,-29],[23,-19],[47,21],[29,-27],[-3,-18],[-30,-49],[0,-44],[-8,-9],[-45,-23],[-14,-15],[1,-36],[-13,-22],[65,-71],[-5,-22],[-23,-1],[-13,-10],[-11,-47],[4,-23],[-17,-12],[-5,-14],[-42,-36],[-11,-4],[-22,1],[-14,-15],[-9,-20],[-8,-65],[15,-21],[3,-29],[-5,-46],[-24,-62],[15,5],[-2,-7],[8,-2],[0,-8],[21,-2],[6,-32]],[[68464,45893],[-8,-12],[-19,-10],[-2,-14],[55,-84],[2,-14],[-15,-49],[-72,28],[-36,28],[-84,14],[-40,0],[-70,13],[-73,21],[0,-22],[-7,1],[-20,-45],[-13,-12],[1,-36],[19,-33],[-8,-10],[6,-30],[-21,-18],[6,-15],[-27,-11],[-37,1],[-27,-6],[-11,-9],[-30,-1],[-44,6],[2,-10],[-31,-17],[-30,7],[-16,-3],[-38,12]],[[67776,45563],[-8,24],[-26,35],[9,9],[3,14],[-40,101],[5,32],[-26,5],[4,41],[-42,30],[-22,-6],[-36,2],[-38,-6],[-8,10],[-21,12],[-29,-3],[-5,8],[4,7],[-7,1],[-6,10],[-10,31],[-49,25],[-8,0],[-5,6],[-31,2],[-18,9],[-20,19],[1,11],[-11,20],[3,13],[-40,26],[-28,33],[-24,6],[-4,9],[-20,7],[1,39],[-7,9],[-13,65],[-11,13],[-25,10],[-19,32],[17,27],[8,37],[19,43],[18,83],[13,16],[3,27],[17,2],[-3,31],[19,50],[16,78],[20,35],[-152,-42],[-5,2],[-59,-14],[-46,-5],[-46,-12],[-42,3],[-35,-5],[-81,-30],[-26,9],[-13,-16],[-21,-7],[-20,3],[-13,-22],[-16,-9]],[[66721,46558],[-38,15],[18,20],[-25,9],[-63,-13],[-41,-2],[-76,-24],[-45,-8],[-21,-8],[-8,-12],[-53,-9],[-14,-8],[-18,0],[-27,-34],[-10,-3],[-13,16],[-44,-27],[-35,22],[-41,11],[-131,-16],[-51,5],[17,42],[-6,2],[-11,25],[-21,21],[55,23],[15,-1],[12,22],[12,39],[-6,4],[7,14],[-5,1],[2,64],[-5,1],[10,39],[16,25],[-7,4],[1,17],[-21,10],[-20,0],[-8,7],[24,29],[-9,5],[23,33],[-2,6]],[[66058,46924],[24,34],[37,10],[45,43],[13,6],[3,8],[52,31],[19,26],[-7,14],[20,16],[-9,32],[14,0],[12,26],[51,64],[39,-23],[63,104],[9,31],[17,26],[25,5],[26,-26],[23,-9],[20,-16],[9,-3],[-5,-3],[8,-11],[11,4],[9,-14],[7,6],[9,-9],[16,-3],[-4,-12],[5,-6],[17,1],[9,-25],[9,1],[6,-6],[3,8],[9,-10],[16,-3],[0,-8],[11,1],[1,-4],[14,-2],[34,15],[12,21],[42,40],[34,16],[13,0],[2,31]],[[66948,44452],[24,-136],[12,-2],[12,-57],[22,-60],[-11,-7]],[[67007,44190],[-14,-8],[-5,-12],[1,-23],[11,-17],[-6,-28],[-20,-20],[-16,-42],[-1,-13],[13,-20],[7,-26],[12,-9],[-1,-7],[-67,4],[-7,-3],[-2,-41],[-17,0],[-21,-17]],[[66874,43908],[-18,5],[-10,17],[-12,-1],[-6,5],[-12,-3],[-7,7],[-79,-28],[-67,11],[-4,7],[-39,6],[-17,-17],[0,-11],[-15,1],[0,-10],[-12,-3],[-3,-8],[-14,-10],[2,-9],[13,-3],[-6,-11],[-36,-10],[0,-13],[-6,3],[-8,-9],[-7,6],[-22,-12],[-7,3],[-2,-6],[-8,5],[-27,2],[-7,17],[-18,0],[-1,5],[-11,-9],[-50,-14],[-2,-7],[-12,-3],[-5,-8],[-18,7],[-7,-5],[-14,8],[0,-6],[-12,-4],[-16,16],[-20,11],[-33,-2],[-4,-21],[-5,-1],[-18,-45],[-7,-4],[0,-7],[-12,1],[1,-6],[-16,-16],[-64,-16],[1,-6],[-37,-15],[-11,2],[-25,-20],[-44,-13],[-28,-15],[-24,-23],[-5,5],[-23,-1],[-10,-8]],[[65494,44435],[-3,50],[8,3],[0,26],[-12,76],[-21,63],[5,47]],[[65471,44700],[53,-4],[27,5],[68,23],[-2,3],[15,5],[64,19],[35,20],[43,42],[21,10],[42,35],[10,-3],[3,19]],[[65850,44874],[3,8],[30,-1],[31,38],[123,-52],[-8,-60],[5,-2],[-5,-32],[4,-1],[-13,-32],[9,-30],[-8,-33],[15,-7],[-14,-21],[-11,-4],[8,-14],[-5,-11],[13,-16],[-5,-6],[6,-6],[-6,-7],[3,-4],[-18,-16],[12,-12],[-6,-17],[9,-5],[-13,-22],[13,-2],[17,10],[75,-11],[27,10],[39,-5],[25,14],[14,-27],[43,2],[14,-14],[7,0],[47,47],[112,59],[109,33],[64,27],[83,44],[91,-86],[38,-50],[69,-38],[44,-33],[-1,-18],[9,-19]],[[65779,49631],[4,-2]],[[65783,49629],[1,-54],[-9,-39],[-67,-154],[-51,-340]],[[65657,49042],[-6,4],[0,9],[-15,2],[-1,-7],[-56,-4],[-10,-7],[-1,-27],[-108,-55],[-40,-15],[-96,-21],[-87,-27],[-46,-1],[-9,-7],[-34,-6],[-36,7],[-41,-28],[-38,-12],[-3,5],[-30,-8],[-28,1],[-50,-16],[-36,-21],[-23,-23],[-34,-17],[1,-7],[-27,-7],[-15,-14],[-37,-16]],[[64751,48724],[-21,-1],[-32,50],[-8,7],[-7,-5],[-5,6],[-18,44],[-24,31],[-6,25],[-27,-4],[-2,4],[-22,1],[-36,-13],[-10,3],[-66,-15],[-4,7],[-53,-8],[-58,0],[-182,-50]],[[64170,48806],[-13,27],[-23,27],[-29,5],[-9,7],[-10,22],[-2,22],[-15,49],[-12,1],[-23,-13],[-21,16],[-15,26],[16,11],[14,25]],[[64028,49031],[-10,27],[-23,5],[-19,14],[-12,0],[6,-20],[-11,1],[-28,32],[-3,24],[-42,22],[-38,48],[-18,13]],[[63830,49197],[55,44],[6,11],[-5,8],[7,4],[-7,6],[2,6],[27,17],[3,11],[26,19],[30,7],[15,1],[37,19],[20,39],[21,17],[19,10],[37,-3],[20,12],[-1,9],[89,38],[3,-5],[110,1],[50,-24],[31,3],[30,-18],[12,-2],[82,31],[52,-5],[26,7],[25,31],[18,11],[20,31],[33,13],[22,24],[8,33],[-11,52],[17,8],[2,16],[37,12]],[[62813,49081],[-10,-21],[-51,-26],[-45,-44],[-9,-30],[-23,-39],[19,-13],[-2,-10],[-9,-3],[-4,-14],[-24,-19],[-38,-63],[-14,-76],[-21,-50],[-33,-106],[-15,-84],[-5,-5]],[[62164,48572],[11,43],[-36,24],[13,54],[-21,27],[8,1],[-4,22],[9,11],[61,43],[7,31],[-8,26],[17,45],[-4,37],[4,18],[62,57],[48,106]],[[62331,49117],[43,-1],[9,-11],[16,-3],[21,1],[38,11],[38,-4],[23,-17],[41,7],[45,-5],[39,-12],[21,-18],[17,25],[17,6],[37,-7],[16,4],[15,-1],[6,-4],[33,3],[2,-9],[5,-1]],[[63368,49008],[65,-83]],[[63433,48925],[-33,-19],[-12,-14],[-15,8],[13,7],[-26,39],[-20,-13],[-18,-15],[-17,-36],[-7,-56],[-9,-2],[-18,-22],[-43,-25],[-25,-3],[-54,-25],[-31,-30]],[[62909,48697],[5,14],[-33,28],[-6,25],[37,33],[37,9],[3,22],[-27,15],[32,-1],[47,12],[14,103],[21,-1],[13,5],[-9,47],[-11,24],[2,25]],[[63034,49057],[54,-10],[34,-15],[85,-21],[48,-25],[15,7],[51,0],[35,23],[12,-8]],[[63819,45630],[-24,-19],[-113,-56],[-52,16],[-3,16],[-25,-1],[-4,6],[-12,-5],[6,-7],[-2,-5],[-40,-19],[-11,2],[1,-12],[-7,-2],[5,-12],[-11,5],[-12,-4],[13,-23],[-35,3],[-15,-3]],[[63478,45510],[-5,67],[4,17],[10,4],[6,12],[4,22],[-16,37],[-40,38],[-27,64],[3,57],[13,52],[-18,36],[2,6]],[[63414,45922],[31,9],[51,5],[21,-53],[-5,-3],[36,-29],[30,-7],[-6,-19],[3,-5],[8,1],[21,-57],[14,-13],[15,-26],[38,18],[11,-20],[26,-18],[26,-9],[22,-25],[63,-41]],[[63591,46582],[-4,-3],[14,-20],[34,-29],[18,-12],[22,-5],[41,-29]],[[63716,46484],[0,-1]],[[63716,46483],[-72,-8],[-102,-26],[-60,-3],[47,-30],[-25,-12],[-5,9],[-6,0],[-26,-16],[2,-7],[-15,-8],[4,-4],[-13,-10],[-6,-2],[-8,7],[-6,-5],[9,-9],[-44,-39],[-13,-1],[7,-9],[-112,-28],[-124,-41],[-30,-16]],[[63118,46225],[-50,-38],[-41,36],[-20,-9],[-15,27]],[[62992,46241],[-5,9],[94,22],[-5,76],[-27,51],[-6,27],[-28,26],[13,23],[15,9],[75,23],[23,0],[0,9],[13,15],[25,-1],[12,15],[24,-1],[69,20],[-40,38],[-16,5],[-22,-1],[-16,7],[-27,-7],[-11,7],[-23,-4],[-5,-6],[2,-14],[-16,-11],[-14,-2],[2,20],[-16,5],[-23,18],[-27,-10],[-5,13],[15,-1],[0,7]],[[63042,46628],[15,-4],[23,17],[7,-5],[3,7],[7,-3],[8,6],[5,-4],[5,6],[41,6],[32,21],[10,0],[5,-7],[10,2],[32,13],[1,7],[10,7],[11,-1],[3,-7],[3,13],[9,-9],[15,4],[12,-4],[17,9],[2,-8],[9,7],[10,-8],[-3,-5],[11,1],[4,-11],[5,6],[2,-9],[4,9],[4,-5],[7,8],[8,-3],[-2,15],[38,14],[51,27],[23,37]],[[69168,41106],[-16,-8],[-8,-44]],[[69144,41054],[-8,-35],[-16,-33],[44,-10],[-2,-5],[9,-2],[-11,-29],[13,-5],[0,-6],[-21,-43],[39,-11],[2,-20],[43,-12],[-9,-51],[35,-6],[12,15],[44,-10],[-6,-19],[-24,-18],[-14,-24],[-4,-22],[5,-37],[12,-25],[19,-18],[35,-15]],[[69341,40613],[-36,-42],[-28,-8],[-10,-8],[-43,-5],[-10,-9],[-5,3],[-5,-6],[-18,-5],[-15,1],[-32,33],[-46,24],[-6,7],[-3,34],[-27,-9],[-2,3],[-70,-30],[-30,-16],[-28,-24],[8,-12],[33,-24],[10,-24],[35,-34],[17,-4],[3,-6],[13,0],[9,-8],[18,-47],[-11,-18],[10,-25],[42,-3],[-2,-15],[4,-2],[-5,-7],[-18,-3],[0,-10],[-8,-11],[-3,-20],[9,-34],[-13,-37],[4,-9],[7,0],[-1,-11],[-6,2],[6,-14],[-7,-22],[19,-21],[6,-55]],[[68655,40172],[-1,67],[6,7],[-3,9],[-7,2],[0,12],[5,11],[-4,18],[-1,21],[-11,12]],[[68639,40331],[-10,50],[6,13],[-8,20],[-25,50],[-21,25],[-21,50]],[[68452,41115],[46,32],[59,62],[47,29],[129,103],[7,-1],[19,14]],[[68759,41354],[81,-68],[62,-38],[6,-20],[29,-22],[10,-24],[20,-23],[35,9],[21,-16],[26,-11],[5,-26],[92,3],[22,-12]],[[70105,41787],[6,-20],[-10,-13],[-2,-21],[12,-13],[-9,0],[5,-17],[-2,-4],[-8,9],[-11,-12],[9,-2],[-6,-10],[7,-16],[-34,-32],[10,-16],[6,3],[3,-6],[10,0],[6,-7],[-3,-5],[27,-1],[18,-28],[-2,-7],[-8,-4],[-16,-38],[3,-17],[18,-7],[10,-18],[-7,-20],[-10,-1],[-5,-32]],[[70122,41432],[1,-4],[-117,-21],[-74,0],[-31,-25],[-32,4],[3,-13],[-50,6],[-38,-8],[32,-94]],[[69256,41161],[-48,-36],[-40,-19]],[[68759,41354],[3,40],[25,23],[15,28],[43,24],[-13,12],[-8,25],[18,98],[1,53],[-8,43],[-13,16],[-12,33]],[[78287,60094],[-114,-37],[-170,-23],[-201,-52],[-73,-23],[-4,3],[-48,-13],[-102,136],[-10,20],[-20,-2],[-21,62],[-48,75],[-27,54],[-4,19]],[[77445,60313],[-9,27],[-35,46],[-112,98],[-97,72],[-60,71]],[[77132,60627],[220,132],[-18,11],[3,7],[-20,15],[-17,27],[11,4],[-6,12],[18,11],[-40,52],[32,1],[37,-12],[30,10],[57,38],[10,-7],[24,18],[19,2],[-8,8],[46,-1]],[[78224,55595],[48,-11],[-33,-71],[120,-14],[-5,-19],[-55,-98],[-12,-7],[-120,-167],[-50,-51],[-35,-15],[-9,-110],[1,-5],[18,3],[32,-106],[10,-65],[-135,-22]],[[76139,53781],[12,8],[14,3],[11,-22],[32,-1],[11,-5],[12,11],[26,-4],[7,8],[3,16],[-22,-2],[-23,7],[-10,125],[265,18],[-10,112],[-25,1],[-1,11],[26,-1],[-5,65],[236,-42],[30,1],[-19,80],[100,42],[114,82],[-18,8],[-71,65],[-107,153],[-44,53],[-39,25],[-7,-2],[-98,36],[15,26],[-34,13],[2,14],[-20,23],[-11,2],[8,9],[-7,8],[5,6],[-10,12],[7,3],[-8,12],[58,22],[30,29],[4,18],[-19,31],[16,6],[-1,9],[22,20],[0,7],[24,0],[17,19],[-5,26],[14,10],[-11,6]],[[76635,54963],[6,4],[-3,23],[15,30],[29,29],[22,12],[0,13],[8,12],[10,-4],[36,47],[5,24],[-6,7],[2,52]],[[77139,55442],[22,1],[31,16],[33,1],[41,-16],[33,-22],[27,-6],[20,4],[176,170],[78,8],[67,16],[85,1],[80,9],[217,0],[84,-8],[39,-13],[52,-8]],[[82550,54324],[-51,19],[-89,23]],[[82410,54366],[31,56],[-27,-37],[-7,-19]],[[82407,54366],[-46,12]],[[82361,54378],[-7,44],[-2,8],[-11,10],[-9,3],[-16,-7],[-20,-2],[-11,28],[-12,8],[-16,2],[-35,31],[-4,22],[4,14],[-15,36],[-44,24]],[[82163,54599],[-26,10],[-22,26],[-27,-14],[-25,13],[-101,4],[-58,15],[-37,-12],[-16,13],[-18,5],[-14,-35],[-21,-2],[-20,-12],[-19,-1],[17,-39],[-52,-16],[-33,4],[-189,-70],[-16,6],[-7,13],[-28,0],[0,12],[-27,13],[-1,12],[-28,3],[-36,18],[32,30],[7,16],[-4,5],[-22,5],[11,53],[-82,0],[-73,10],[-160,50],[-76,14],[-87,7],[-13,-6],[-34,0],[-9,-5],[-2,7],[-106,-11],[-165,-35],[-85,-9],[-169,-7],[-3,4],[-25,1],[-74,-10],[-55,4],[-28,-34],[-5,-32],[-6,-1]],[[80126,54621],[-194,-44],[-31,226]],[[79901,54803],[278,87],[-13,82],[-55,62],[-41,81],[-8,34],[-1,99],[-7,64],[5,13],[-11,6],[19,21],[-25,18],[-19,-2],[-17,5],[-9,29],[-14,1],[25,30],[19,9],[8,-7],[18,14],[4,10],[27,-1],[11,16]],[[80442,55671],[16,-17],[22,-13],[168,-77],[16,-9],[-1,-5],[62,-22],[-11,-40],[44,3],[141,41],[12,1],[1,-4],[101,16],[2,-10],[32,-21],[9,-11],[16,13],[25,-15],[-5,-5],[3,-7],[17,-22]],[[81112,55467],[-21,-21],[25,-44],[0,-18],[16,10],[-1,-8],[66,8],[24,-10],[27,-27],[17,-6],[11,-10],[-1,-5],[31,-21],[7,0],[21,23],[32,-14],[-10,-16],[53,-24],[-2,-14],[8,-8],[77,-56],[40,4],[-2,20],[36,-4],[4,31],[114,-43],[24,-14],[-24,-43],[51,-21],[44,-13],[14,45],[13,-4],[2,3],[17,-7],[7,-16],[-6,-34],[182,-58],[32,27],[65,-20],[14,1]],[[82119,55060],[10,-24],[16,-11],[109,-65],[11,7],[4,-3]],[[82269,54964],[52,-46],[83,-50],[9,-19],[21,8],[145,-78],[57,-11]],[[82636,54768],[5,-213],[-17,13],[-18,20],[7,30],[-10,-21],[3,-13],[-20,0],[-8,10],[-10,3],[17,-14],[23,-1],[17,-21],[16,-13],[4,-38],[-6,-8],[1,-38],[-3,-11],[-5,4],[-7,-17],[-6,-40],[-15,-38],[-54,-38]],[[78384,52389],[-6,-4],[14,-24],[7,-39],[49,-94],[-26,-3],[3,-34],[-27,-2],[12,-34],[-3,-13],[16,-19],[-25,5],[-8,-9]],[[78390,52119],[-49,51],[-50,24]],[[78291,52194],[-8,20],[-12,119],[-31,69],[3,2]],[[78858,51402],[31,0],[20,13]],[[78909,51415],[43,5]],[[78952,51420],[15,-31],[-1,-32],[14,-22],[27,-27],[-8,-9],[-36,-8],[17,-9],[-11,-23],[2,-20],[-25,-17],[-3,4],[-13,-6],[2,-6],[11,0],[-9,-7],[-11,-1],[-15,13],[-4,34],[-16,15],[10,-20],[-2,-20],[16,-26],[-26,-37],[3,-14],[-4,-4],[-14,3],[-11,-7],[-5,18],[-7,4],[-8,-12],[-17,-1],[27,-12],[-7,-1],[8,-6],[-10,-18],[-21,1],[3,3],[-40,-9],[-26,9],[-18,-4],[-22,3],[-12,-5],[36,-2],[17,4],[26,-10],[41,6],[20,-6],[-25,-24],[-17,-4],[-18,-19],[-14,5],[-13,12],[-21,-4],[-19,-12],[6,-3],[18,11],[16,3],[20,-22],[-7,-7],[17,5],[-3,-7],[-8,1],[-12,-12],[11,-1],[-19,-9],[-10,2],[-11,-13],[-43,-14],[-25,-17],[-58,-25],[-4,2],[-14,-10]],[[78592,50943],[-16,11],[-10,-2]],[[78566,50952],[-27,4],[-21,-11],[20,7],[26,-5],[4,-10]],[[78568,50937],[-12,-5],[-14,10],[-40,-9],[-15,5],[-23,-5],[-16,23],[-19,6],[-18,-4],[-12,15],[-8,1],[-10,-13],[-13,-1],[-54,-23],[-44,-2],[-55,47],[-14,19],[-22,14],[-34,34],[-42,28],[-22,8],[-23,-2],[8,-10],[-25,-8],[-15,6],[-21,21],[-15,2],[1,8],[14,13],[8,44],[-22,7],[-23,-3],[-61,3],[-29,14],[-10,9],[-38,7],[-11,23],[17,10],[12,28],[-13,33],[-10,6],[29,20],[-1,25],[-5,6],[-17,0],[-7,-33],[-45,5],[-6,-13],[-21,-2],[-47,13],[-33,3],[-21,-24],[-22,-3],[-48,19],[-60,31],[-44,34],[6,5],[-64,45],[-21,-3],[-11,21],[-13,12],[-85,11],[-45,-4],[-24,3],[1,16],[-44,20],[-30,1]],[[77071,51717],[54,17],[54,9],[95,3],[49,-4],[21,3],[43,21],[-3,13],[10,40],[20,-3],[44,-20],[28,-3],[20,-14],[0,-15],[-8,-10],[26,-14],[12,2],[6,20],[20,-9],[23,3],[55,-20],[38,-21],[100,-89],[56,-64],[19,5],[5,13],[20,9],[10,-9],[16,7],[18,-2],[11,-9],[22,5],[-6,-40],[-21,-2],[4,-8],[-12,-3],[1,-8],[22,-12],[10,0],[4,-10],[12,-4],[-4,-12],[16,-7],[-2,-8],[12,-20],[22,-3],[19,5],[-4,9],[9,11],[10,3],[20,-30],[-1,-6],[-11,-10],[13,-7],[20,0],[3,-8],[9,-3],[11,12],[-7,13],[19,10],[9,1],[14,-10],[43,-9],[9,8],[-8,7],[6,10],[13,2],[11,-22],[26,-14],[-10,-10],[12,-26],[-16,-10],[2,-9],[10,-5],[15,12],[20,-3],[29,1],[7,4],[9,-8],[18,-2],[4,-3],[-6,-15],[13,-5],[9,-20],[12,3],[6,-12],[9,6],[129,-82],[26,18],[11,-2],[14,8],[7,10],[15,6],[1,6],[-11,3],[-2,6],[22,41],[28,-2],[56,5],[40,-21],[18,-3],[26,3],[47,13],[20,28],[22,51]],[[78899,51413],[-21,-9],[-19,2]],[[78859,51406],[1,3]],[[78860,51409],[39,4]],[[78960,51421],[40,5]],[[79000,51426],[14,-27],[22,-21],[-3,-14],[16,-17],[-3,-4],[-53,11],[-10,24],[6,16],[-29,27]],[[65466,46169],[40,-18],[-32,-51],[-11,-30],[33,-5],[-1,-12],[18,-3],[9,3],[15,-5]],[[65537,46048],[-5,-34],[13,-45],[-46,-31],[-30,2],[-32,-7],[-33,0],[-46,-14]],[[65358,45919],[-6,5]],[[65352,45924],[-73,54]],[[65279,45978],[13,7],[2,18],[37,-6],[-1,-4],[36,3],[7,30],[24,-2],[-4,29],[-16,16],[5,14],[23,27],[19,7],[-4,30],[16,27],[21,-12],[9,7]],[[61321,47670],[39,11],[127,17],[15,-7],[-7,-13],[6,-25],[85,1],[59,9],[4,-9],[28,7],[-13,-61],[36,-29],[47,-16],[44,3],[55,22],[53,13],[36,-11]],[[61935,47582],[104,-65],[-90,-15],[19,-73]],[[61968,47429],[-68,-1],[-53,-36],[-29,-39],[3,-26],[10,-15],[-12,-27]],[[61819,47285],[-23,33],[-10,27],[-15,-5],[-9,7],[-14,-19],[-24,-8],[-36,-3],[-32,-20],[-98,-32],[-20,7],[-1,-23],[-95,-6],[-37,-9],[-27,3],[-28,-19],[-36,-7]],[[61314,47211],[-3,17],[-58,0],[-30,10],[-33,19],[-22,25],[-53,32],[-20,36],[-20,50],[-33,11],[-59,-22],[-17,-16],[8,-6],[-8,-12]],[[60966,47355],[-71,37],[-82,29],[-7,15],[-22,0],[-13,16],[-22,3],[1,7],[-31,14],[34,37],[6,18],[24,32],[5,-2],[23,26],[6,23],[17,-4],[5,20],[12,-3],[15,32],[12,8],[22,50],[11,10],[30,-10]],[[60941,47713],[20,-23],[27,-11],[32,69],[25,23],[11,1],[27,30],[3,-11],[29,-24],[17,-24],[86,-60],[-6,-12],[47,4],[62,-5]],[[62953,50596],[-29,-29]],[[62924,50567],[-7,-41],[-9,-20],[6,-8],[17,-6],[2,-11],[-26,-21],[1,-21],[-14,-19],[-1,-12],[-31,-30],[17,-15],[30,-8]],[[62909,50355],[-2,-9],[-27,4],[-50,-7],[-16,3],[-20,-14],[-15,-37],[-35,-39],[0,-16],[-11,-17],[9,-9],[-8,-8],[-13,-2],[-15,-9],[-5,-15],[4,-8],[-38,-8],[-45,1],[-45,7],[-8,-23],[-25,-11],[-10,2],[-18,-26],[-2,-25],[-33,-55],[-12,-7],[-16,-38]],[[62453,49989],[-5,2],[-13,-29],[-11,-5],[-2,-9],[-7,0],[-11,-28],[-5,0],[-11,-36],[-18,-1],[1,-14],[-46,-9],[0,-9],[-60,-40],[-40,-39],[-21,-9],[-51,-35],[-291,42],[-40,2],[-44,-8],[-11,28],[-53,-7],[-4,5],[-18,3],[-101,-2],[-58,11],[-6,-2],[-14,-26],[-26,11],[-5,-6],[-10,3],[-11,-6],[-27,3],[-5,-5],[-22,2],[-16,-14],[-26,-4]],[[61365,49758],[10,23],[11,12],[6,0],[43,66],[50,60],[-19,8],[-24,0],[-20,8],[-15,46],[83,35],[-8,9]],[[62324,50588],[38,10],[67,-5],[17,3]],[[62446,50596],[19,12],[4,27],[18,23],[45,-25],[42,-3],[36,-10],[79,-39],[42,3],[66,44],[27,5],[46,-1],[39,-9],[44,-27]],[[68085,48849],[-6,-61]],[[68079,48788],[-38,-5],[-72,4],[-125,-31],[-31,0],[-98,14],[-16,16],[-45,17],[-59,3]],[[67595,48806],[8,85]],[[67603,48891],[11,42],[1,59],[9,-2],[-1,-9],[25,-1],[0,-4],[53,-11],[4,6],[-16,14],[8,2],[6,12],[-6,5],[-6,27],[-40,15],[-5,-12],[-31,5],[-21,166],[-14,30],[-1,16]],[[67579,49251],[18,-4],[59,-41],[19,-6],[68,-42],[35,-8],[2,9],[-10,13],[14,2],[5,8],[-9,5],[16,11],[-6,7],[6,23],[11,-1],[13,16],[28,11],[35,12],[22,0],[1,-100],[-19,-88],[0,-9],[16,-7],[-5,-59],[-6,-19],[-39,-64],[1,-8],[10,-14],[52,-17],[42,-21],[9,-1],[5,10],[36,-4],[-2,-8],[79,-8]],[[62771,47927],[-26,-9],[-13,-34],[8,-34],[-11,-74],[10,-52],[33,-40],[33,-23],[18,-10],[34,7],[5,-6],[-60,-51],[-17,-41],[2,-11],[25,-17],[95,-44],[31,-21],[44,-17],[-5,-10],[8,-3],[3,-13],[73,-45]],[[62933,47164],[-23,-5],[-44,109],[-12,12],[-30,-31],[-43,-27],[1,-7],[-25,-30],[-24,17],[-26,-66],[-23,7],[-15,16],[-25,-2],[-28,49],[13,13],[-4,26],[-33,61],[-72,-14],[-13,6],[-55,0],[-16,7],[-15,-13],[-10,5],[-18,-10],[-57,14],[-6,12],[-10,6],[-3,17],[-14,22],[5,16],[-39,20],[-3,16],[12,13],[-12,20],[-23,-8],[-92,-18],[-49,-4],[6,-36],[-14,-9],[-36,9],[-28,13],[-18,21],[7,25],[-20,-6],[-31,-1]],[[61935,47582],[78,11],[35,11],[130,54],[10,-3],[8,8],[63,13],[19,10],[10,-1],[51,29]],[[68981,54133],[-59,-30],[-99,-75],[-11,-3],[-37,2],[0,-18],[-61,0],[-42,99],[-8,-5],[-26,-42]],[[68638,54061],[-34,13],[3,3],[-14,7],[-10,-9],[-20,19],[14,9],[11,22],[18,18],[4,13],[8,62],[-25,8],[-6,14]],[[68587,54240],[30,102],[68,89]],[[68685,54431],[47,-27],[-16,-28],[31,-9],[2,7],[40,-4],[-4,-9],[32,-30],[37,-63],[34,-27],[-4,-6],[25,-8],[-4,-12],[10,-11],[13,-5],[-2,-12],[21,-6],[-2,-14],[17,-4],[19,-30]],[[65179,52229],[-40,11],[-45,45],[-23,16]],[[65071,52301],[-10,6],[23,31],[-11,10],[21,33],[-12,4],[4,7],[19,-3],[-5,14],[27,-6],[15,25]],[[65142,52422],[110,-98],[-5,-7],[4,-2],[-12,-12],[-7,0],[-2,-10],[8,-2],[-2,-10],[-6,0],[-16,-42],[-25,3],[-10,-13]],[[64642,52768],[-26,12],[-77,18],[-11,-5],[2,8],[-19,8],[3,15],[-6,1],[1,12],[-8,1],[0,11],[-21,1],[-7,-15]],[[64473,52835],[-35,29],[-14,-16],[-40,18],[-9,-12],[-34,10],[2,14],[-6,8],[-47,2],[6,16],[-51,1],[-2,16],[-36,-20],[-17,-4],[-2,7]],[[64188,52904],[-12,62]],[[64176,52966],[42,12],[13,15],[66,26],[3,5],[17,-4],[22,-17],[10,20],[12,7],[33,40],[18,-33],[36,-45],[48,-45],[51,-3],[20,3],[16,11],[27,-4]],[[65585,52928],[-5,-15],[6,-11],[16,-1],[27,-15],[4,-19],[19,-17],[10,-4],[37,2],[25,-7],[36,7],[13,-8],[7,1],[29,-31],[-30,-24],[-16,-42],[-15,-15]],[[65748,52729],[-28,-7],[-54,9],[-33,-12],[-21,-25],[-13,-8],[-28,4],[-39,-26],[-63,-17],[-59,-22],[-61,-11]],[[65349,52614],[-44,2],[-23,6],[-24,-2],[-154,25],[-9,-16],[-51,18],[0,-10],[-52,-31],[-26,-2],[-19,6],[-10,-7],[-12,8]],[[64925,52611],[31,26],[42,144],[7,83],[-7,51],[3,29],[12,28],[-1,13]],[[65012,52985],[4,23],[-3,28]],[[65013,53036],[30,4],[28,-4],[44,8],[18,-7],[16,41],[120,-3],[18,-17],[-15,-24],[3,-20],[40,5],[29,-24],[32,0],[35,-6],[5,-4],[-3,-12],[13,-5],[2,-14],[-5,-8],[10,-8],[43,-7],[19,7],[44,-24],[46,14]],[[62885,51593],[-11,-59],[30,-40],[40,-28],[-9,-4],[21,-49],[11,-16],[7,2],[11,-14]],[[62985,51385],[-163,-13],[3,-7],[-7,-2],[-4,8],[-44,-3]],[[62759,51425],[-22,41],[-3,16],[10,14],[43,35],[10,25],[29,40],[1,14]],[[62827,51610],[28,-4],[4,3],[21,-9],[5,-7]],[[63628,51525],[-34,-29],[30,-26],[-10,-9],[-20,-6],[-1,-7],[17,-22],[30,-20]],[[63640,51406],[-31,-16],[-44,-8]],[[63565,51382],[-22,-4]],[[63543,51378],[-27,34],[-25,-18],[-10,17],[-20,13],[-35,3],[-14,12],[7,6],[-7,8],[34,23],[-32,34],[-7,-3]],[[63407,51507],[-5,6],[19,17],[-5,13],[19,-6],[41,27],[-4,5],[14,16],[-16,17],[27,9]],[[63497,51611],[56,-67],[33,30],[-2,-8],[21,-17],[-6,-8],[29,-16]],[[69051,57622],[-23,-25],[-39,-27],[-49,-49],[-27,-59],[2,-2],[13,33],[9,-27],[31,-31],[24,-44],[43,-32],[52,-23],[14,-23],[-7,-26],[-94,-151],[-5,-16],[-9,-3],[9,-3],[-1,-12],[-10,-5],[10,1],[8,-76],[27,-36],[-11,-9],[-59,3],[-17,-3],[-11,-7],[-3,-20],[22,-47],[-25,-78],[3,-33],[-37,-7],[-14,-10],[18,10],[34,4],[14,-46],[-11,-31],[-1,-33],[-41,-67],[-17,-51],[-6,-62],[1,-3],[62,-71],[13,-29],[1,-32],[20,-26],[-3,-7],[-33,-24],[4,-33],[15,-36],[18,-17],[1,-9],[-8,-9],[-39,-25],[-14,-25],[5,-23],[28,-28],[8,-17],[-6,-12],[-19,-17],[-6,-16],[-16,-7]],[[68899,56033],[-107,43],[15,41],[11,10],[13,3],[-5,11],[20,21],[-59,9],[-101,-4],[-54,15],[-32,-1],[-122,-10],[-19,-13],[-3,-13],[-11,-4],[-16,-25],[-21,-4],[-19,15],[-22,8],[2,11],[-22,42],[-11,7],[-56,7],[19,103],[-79,14],[5,31],[13,12],[49,-9],[8,31],[-110,23],[-103,-4],[-3,-57],[-51,3],[-5,-12],[-17,-1],[-41,-42],[-52,27],[-9,-11],[-32,19],[-23,36],[-26,5]],[[67823,56370],[-13,6],[-8,-1],[0,8],[-15,6],[-3,6],[-35,6],[-25,21],[-2,10],[-12,0],[-8,11],[-11,-2],[-43,24],[-39,6],[-23,13],[-66,3],[-26,-8],[-24,3],[-12,-17],[-8,-2],[-1,-5],[-21,-13],[-68,-11],[-113,-37],[-42,1],[-21,5],[-101,-38],[-60,-4],[-11,-7],[-9,3],[-41,-8]],[[66962,56349],[-59,-14],[-31,-13],[-25,8],[-5,62],[17,20],[-4,27],[-13,5],[17,28],[-10,26],[23,24]],[[67966,57214],[-1,42],[-45,42],[19,20],[-18,75],[1,26],[140,8],[12,22],[80,6],[32,15],[22,-35],[3,-16],[87,15],[179,-27],[3,38],[34,77],[2,27],[83,7],[5,3],[-3,24],[22,-8],[24,19],[21,-1],[58,21],[17,-1],[36,9],[14,10],[47,13],[65,11],[-1,5],[91,15],[32,-22],[24,-32]],[[69013,57029],[-6,44]],[[62784,52678],[14,-35],[12,2],[5,-6],[13,14],[8,-10],[58,-30],[16,-37],[-23,-2],[-7,-16],[-49,-11],[9,-15],[-19,-24],[-79,16],[-25,1],[-14,6],[-28,-4],[3,-23],[-54,-7]],[[62624,52497],[1,9],[-7,-1],[-3,16],[-15,-1],[-7,11],[-10,2],[4,5],[-4,9],[5,5],[-19,-3],[-15,11],[-9,15],[6,13]],[[69229,58110],[-5,-92],[9,-75],[11,-24],[56,-56],[9,-17],[-18,-44],[-12,-93],[-6,-30],[-8,-14],[-14,-8],[-46,-7],[-16,5],[-8,15],[5,35],[-12,42],[-14,18],[-23,7],[-22,-3],[-12,-6],[-12,-20],[7,-43],[-6,-30],[-41,-48]],[[67396,57787],[-5,3],[7,58],[-23,7],[-34,25],[15,33],[49,72],[13,84],[45,2],[54,12],[27,1],[68,20],[63,8],[2,19],[85,0],[29,4],[-8,31],[3,24]],[[67786,58190],[81,-21],[78,-11],[53,1],[117,10],[25,9],[79,16],[26,0],[47,-8],[114,26],[89,-6],[56,11],[54,-1],[1,-87],[233,-3],[159,-20],[231,4]],[[68427,60076],[41,-84],[-23,-68],[3,-35],[50,-44],[60,-63],[63,-44],[57,-23],[34,-19],[26,-4],[-1,-4],[47,13],[21,1],[2,-10],[-29,-27],[-9,-19],[4,-37],[11,-34],[33,-65],[16,-19],[29,-25],[61,-35],[22,-31],[7,-92],[-14,-30],[-51,-33],[-35,-11],[-49,-2],[-18,-13],[4,-16],[41,-20]],[[68830,59183],[-202,-36],[-215,-5],[-39,3],[-104,10],[-202,31],[-12,3],[-21,21],[-38,17],[-12,17],[-31,18],[-14,22],[-92,-10]],[[67848,59274],[-14,38],[-27,-9],[-8,10],[-1,26],[18,6],[-5,12]],[[67811,59357],[15,2],[2,12],[26,39],[12,33],[15,17],[12,59],[-16,91],[-20,53],[-1,35],[-46,21],[-26,28],[-23,36],[4,6],[-13,39],[70,20],[-10,19],[15,46],[-71,14],[-73,24],[-18,-10],[-24,10],[-98,55],[-6,29],[-15,33]],[[67522,60068],[12,16],[-7,14],[14,6],[18,-11],[166,-52],[194,-27],[170,-1],[125,43],[36,1],[19,-4],[69,17],[89,6]],[[63961,53538],[-41,-21],[-47,-49],[-42,-59],[-6,-14],[8,-15],[-36,-16],[-20,-17]],[[63777,53347],[-10,9],[-43,20],[1,18],[-44,11],[-33,15],[-14,20]],[[63634,53440],[-33,80],[-30,31]],[[63571,53551],[25,3],[53,16],[26,16],[5,-6],[19,10],[9,-15],[26,1],[20,21],[4,-16],[26,12],[34,-50],[8,7],[58,-21],[21,15],[5,-10],[-5,-3],[7,-9],[44,22],[5,-6]],[[63045,55496],[5,-4]],[[63328,55186],[-29,-96]],[[63299,55090],[-5,-17],[25,1],[105,-92]],[[63424,54982],[-20,-6],[-60,-37],[-91,-44],[-15,-13],[-12,7],[-20,36],[-23,17],[-1,8],[-11,1]],[[63171,54951],[-19,39],[1,7],[-54,1],[-2,16],[19,-5],[6,18],[8,-1],[-1,9],[-31,7],[-10,19],[-27,22],[-11,-7],[-25,-5],[7,23],[-22,1],[-9,-15],[-13,5],[-49,-12],[-38,-17],[-7,0],[-20,-13],[-16,-5],[-11,-14],[-29,-13],[-26,0],[-20,8],[-29,-1]],[[62743,55018],[-3,4],[-63,-2],[-36,6],[-82,30],[-52,7],[-23,-5],[-67,-34],[-42,-10]],[[62375,55014],[-45,61]],[[63213,51096],[18,-15],[-29,-38],[6,-10],[-5,-11],[7,-3],[7,-17],[21,-7],[-1,-9],[19,-3],[16,-18],[9,1],[9,-6],[-2,-5],[10,-8],[-1,-33]],[[63297,50914],[-19,-3],[0,6],[-32,-16],[-24,-20],[-7,-20],[2,-15],[12,-21],[56,-35],[21,-23],[6,-29],[-19,-29],[-32,-16],[-27,-6],[-66,13],[-41,-5],[-27,-19],[-50,-51],[-76,-30]],[[62974,50595],[-16,58]],[[62958,50653],[1,78],[12,28],[36,55],[13,48],[-2,42],[-9,28],[-29,2],[-31,-9],[-53,38]],[[62896,50963],[4,21],[16,22],[-7,33],[-43,9],[1,34],[-19,40],[39,2],[2,7]],[[62889,51131],[67,2],[29,-4],[68,-27],[39,-28],[30,3],[8,8],[25,-7],[6,10],[39,10],[13,-2]],[[70366,53686],[-8,-36]],[[70358,53650],[-5,-31],[-13,-16],[17,-5],[-2,-24],[-9,-20],[1,-26],[-28,-40],[-5,-20],[3,-24],[-14,-53],[-23,-12],[5,-21],[-8,-26],[71,-18],[44,-21],[21,-17],[89,-26],[0,-6],[12,-1],[-2,-14],[43,-11],[36,-16],[1,-5],[61,-17],[7,-24],[32,2],[15,-4],[1,-4],[24,-9],[-2,-11],[63,-21],[2,-8],[26,-13],[10,5],[8,-5],[5,2],[2,-10],[92,-40],[31,-23],[21,7],[19,-19],[98,-74],[24,-30],[310,92],[335,25],[222,6]],[[71998,53024],[-13,-119]],[[71985,52905],[-85,-5],[-99,-30],[-147,-27],[-57,-24],[-91,-26],[13,-73],[-25,-64],[-7,-3],[14,-11],[-17,-13],[5,-2],[-6,-18],[-6,1],[-30,-94],[15,-68],[6,-87],[-10,-47],[-31,-73],[-28,-92],[-48,6],[-94,23],[-26,14],[3,4],[-12,8],[-73,41],[-126,60],[-1,13],[-251,147],[-38,18],[-49,5]],[[69150,53220],[30,50],[-5,47],[12,22],[15,3],[-7,20],[16,103],[31,72]],[[69339,53636],[31,8],[27,-17],[11,3],[11,14],[-3,6],[7,5],[6,-8],[13,2],[5,-4],[6,4],[22,-1],[8,12],[12,-4],[19,-17],[13,5],[-2,6],[13,2],[9,12],[10,-3],[10,8],[1,6],[13,-3],[8,15],[-5,5],[8,10],[-5,4],[12,9],[11,-1],[-4,10],[12,9],[15,-3],[19,3],[10,-8],[14,2],[20,-8]],[[69696,53719],[8,-4],[20,-30],[97,-85],[30,3],[10,-3],[3,17],[38,0],[13,5],[58,59],[-3,11],[-18,5],[1,23],[25,-1],[4,5],[36,7],[6,-8],[-11,-4],[28,2],[6,-4],[32,-3],[42,2],[6,-15],[63,4],[65,-2],[4,-5],[34,-1],[0,-5],[73,-6]],[[69752,42929],[-39,-77],[3,-7],[-4,-7],[-22,-1],[2,-7],[-26,-5]],[[69666,42825],[-6,45],[19,7],[-21,35],[-133,-47],[5,-41],[-4,-5]],[[69526,42819],[-24,-24],[-14,7],[-2,27],[-26,3]],[[69460,42832],[-16,67]],[[69444,42899],[27,18]],[[69471,42917],[77,66],[-4,15],[11,6]],[[69555,43004],[230,-29],[-9,-21],[-37,-15],[13,-10]],[[62222,52141],[12,-28],[10,-7],[16,-1],[10,3],[81,-19],[22,-19],[14,-24]],[[62416,51909],[-22,-20],[-92,-31],[-67,1]],[[62235,51859],[10,15],[-72,-4],[8,7],[11,0],[-11,11],[0,10],[-26,-1],[-18,39],[-12,2],[-33,50],[-13,5],[-11,15],[31,31],[-35,60],[19,11],[23,26],[13,24],[9,5],[94,-24]],[[72060,53560],[-44,-384]],[[72016,53176],[-18,-152]],[[70358,53650],[169,-20],[-5,-10],[53,-10],[2,5],[99,-9],[1,5],[-18,12],[4,7],[-3,15],[406,-42],[4,-17],[25,-1],[0,-26],[50,-3],[14,-21],[39,-1],[0,-11],[15,-1],[9,7],[24,-3],[0,-17],[54,-15],[5,9],[53,-2],[5,17],[70,-2],[-1,38],[7,6],[97,-5],[21,3],[346,4],[157,-2]],[[58815,55415],[-7,-16],[-33,-16],[-86,13],[-2,-20],[-13,-22],[-2,-24],[-7,-12],[9,-30],[-1,-23],[-66,-48],[-10,-23],[-18,-6],[-17,25],[-16,12],[1,20],[-34,-3],[-26,5],[-39,0],[-42,9],[-33,-7],[-2,-15],[12,-5],[-1,-6],[-43,10],[-10,17],[-12,5],[-10,-3],[-33,9],[-15,-8],[-21,1],[-60,29],[-14,17]],[[58164,55300],[11,22],[-3,21],[31,53],[-3,16],[8,21],[-9,38],[3,8],[-15,20],[-7,28],[21,69],[19,25],[-1,72],[-9,36],[5,17]],[[58215,55746],[1,8],[17,7],[4,15],[19,17],[15,5],[16,-5],[19,8],[27,0],[-8,7],[3,8],[16,4],[-6,5],[16,13],[8,19],[54,41],[-20,16],[14,4],[50,-4],[49,8],[28,-6],[10,4],[-6,44],[8,51],[15,6],[4,29],[-17,15],[-43,13],[-45,-3],[2,22],[27,37]],[[58492,56134],[37,-26],[76,-27],[40,-50],[39,11],[32,17],[15,-3],[27,-22],[-3,-8],[4,-6],[12,15],[34,-3],[4,-6],[33,-7],[28,-17],[19,3],[18,-14],[10,6],[86,-27],[32,-22],[51,4],[30,-4]],[[70246,51247],[0,-31],[-61,1],[-4,-76],[-14,1],[5,-57],[14,-5],[-10,-30]],[[70176,51050],[-75,62],[-91,57],[-47,15],[-60,-12],[-119,-52],[-62,-4],[2,-13],[-8,-13],[2,-8],[-6,-1],[2,-10],[-27,-17],[-2,10],[10,32],[-12,15],[-68,3],[-29,-11],[-17,-1],[-36,13],[4,-6],[-34,29],[-54,9],[-49,194],[10,90]],[[69804,51803],[-5,-9],[13,-43],[72,-17],[62,-24],[62,-9],[137,-33],[8,-7],[-24,0],[-11,-41],[-7,-2],[3,-8],[18,-10],[-20,-46],[68,-24],[75,-16],[-15,-26],[13,-5],[-3,-24],[10,-1],[3,-32]],[[58489,52774],[-9,-124],[-5,-12],[-10,-6],[-6,-66],[-14,-34],[-9,-7],[2,-8],[-9,-8],[-12,-1],[-20,22],[0,12],[-15,20],[-19,3],[-13,10],[-26,4],[-26,16],[-20,6],[-18,0],[-9,7],[-38,-48],[-16,-39],[-44,13],[-22,0],[-61,-11],[-22,-15],[27,-43],[0,-61],[28,-17],[14,-49],[37,-55],[1,-14],[-79,-112],[7,-17],[-6,-5],[4,-19],[-8,-25],[2,-15],[-33,-21],[-34,-30],[-2,-32],[-16,-22],[-2,-15],[-9,-7],[-23,10],[-26,4]],[[57930,51963],[-7,20],[6,13],[-17,14],[0,12],[-15,13],[-28,3],[-33,12],[-17,-4],[-21,5],[9,15],[-8,4],[-1,28],[-9,-6],[-6,2],[-36,25],[-40,13],[-35,37],[-61,25],[-39,32],[-62,11],[-72,-12],[-27,7],[-44,40],[-1,21],[-6,8],[-47,13],[-42,-28],[-24,-27],[0,-13],[-74,27],[-27,25],[-37,-26],[-51,11],[-8,-24],[-38,-67],[11,-12],[-43,2],[-16,-69],[-71,1],[-11,-40],[-1,-48],[-54,46],[-65,76],[-27,12],[-88,96],[-7,-7],[-28,24],[2,9],[14,-3],[15,12],[10,27],[-41,1],[-20,3],[-10,6],[-12,21],[-1,32],[-12,13],[-32,18],[-28,37],[-13,8],[9,16],[-5,2]],[[56894,52917],[-8,-15],[-23,-21],[-2,-38],[7,-34],[14,-14],[5,-23],[-4,-17],[22,-19],[1,-16],[-64,-2],[-40,-62],[-15,0],[-20,8],[-45,1],[-19,-10],[-16,-16],[-49,-1],[-18,-20],[10,-13],[-3,-5],[-11,-2],[-11,11],[-26,-5],[-13,-14],[6,-5],[27,-1],[7,-5],[0,-8],[-13,-13],[8,-10],[-15,-8],[-15,0],[-20,-11],[-7,22],[-15,0],[0,-10],[-19,-22],[-13,-22],[-2,-15],[-7,-7]],[[56894,52917],[27,-3],[-1,-20],[27,0],[34,7],[10,-19],[10,-3],[-2,-7],[-14,-1],[6,-11],[10,2],[13,-10],[6,12],[7,3],[4,-22],[10,-5],[23,20],[2,10],[24,12],[-2,4],[20,10],[6,-3],[8,8]],[[57562,52915],[9,5],[11,36],[-6,5],[17,-2],[22,6],[72,-13],[8,6],[24,-1],[11,-8],[46,15],[48,-5],[-6,47],[-22,20],[-29,56],[9,8],[19,0],[18,13],[28,0],[18,13],[9,-1],[-1,-11],[13,11],[17,-5],[18,8]],[[57915,53118],[18,1],[2,8],[11,1],[10,15],[16,2],[29,22],[36,-6],[48,17],[6,7],[74,-72],[25,18],[23,2],[24,12],[16,-2],[75,20],[45,28],[13,25],[22,-8]],[[76418,48581],[74,35],[-1,10],[178,-55],[4,111],[120,-14],[0,-9],[120,-12],[1,-37],[89,-5],[29,136],[46,88],[69,188]],[[77017,49726],[53,81],[23,26],[175,264],[5,23],[-1,42],[15,23],[60,69],[69,31]],[[77648,50420],[78,13],[231,80],[66,33],[-25,34]],[[77998,50580],[158,79],[270,162]],[[77062,49808],[-50,-80]],[[77012,49728],[-49,27]],[[58867,52486],[11,-24],[31,-16],[2,-6],[15,-8],[28,8],[13,-10],[3,6],[11,0],[8,-9],[9,2],[5,-4],[23,-11],[5,4],[15,-3],[2,-7],[13,-3],[19,-19],[6,5],[2,-5],[14,-1],[21,-14],[5,-12],[9,0],[13,-10],[13,0],[11,-14],[5,-18],[28,-10],[-4,-7],[12,1],[7,-12],[5,3],[15,-4],[-16,-48],[6,-5],[-16,-16],[17,-11],[4,-28],[10,-17],[-25,10],[-4,-12],[-37,-3],[-6,-12],[-10,-3],[2,-27],[-39,-12],[2,-20],[-8,-13],[-22,22],[-20,-2],[-11,-21],[-38,17],[-93,1],[-38,8],[-68,-74],[-19,-17],[-5,4],[-13,-15],[9,-4],[-10,-19],[40,-23],[12,-17],[11,-32],[-4,-26],[-19,-10],[-6,-14],[-13,-1],[-9,-11]],[[58806,51837],[-28,-21],[-6,2],[-37,-29],[-11,15],[-33,11],[-36,27],[-18,6],[-32,-26],[-16,-6],[-32,6],[-13,8],[-55,-2],[-1,3],[-37,18],[-38,-3],[-26,8],[-44,-28],[-11,-2],[-2,-9],[-15,-3],[1,-6],[-25,-4],[-3,-8],[-9,-1],[4,-46],[15,-36],[-11,-41],[7,-7],[-11,-17],[2,-19],[-8,-2],[-8,-67],[-28,-39],[1,-26],[11,0],[-4,-38],[-12,-1],[-3,-65],[-13,-37],[-17,1],[11,-65],[25,-41],[9,-49],[22,-7],[-14,-6],[-35,-36],[10,-9]],[[57674,51416],[11,44],[11,21],[-6,35],[20,11],[14,18],[19,5],[-26,54],[2,15],[-16,14],[-7,0],[-2,11],[-14,14],[-18,8],[-7,16],[-18,13],[-8,0],[2,7],[-10,2],[-31,53],[-14,37],[-43,20],[5,16],[12,-3],[32,24],[59,-18],[69,-33],[14,36],[-50,28],[-30,9],[4,44],[85,-30],[-14,58],[55,14],[24,-15],[35,-10],[20,3],[62,-15],[15,41]],[[80864,49862],[-12,-7],[-25,-4],[-14,-10],[-27,-1],[-14,3],[-23,15],[-30,9],[-16,-21],[-36,-10],[2,-16],[13,-20],[-10,-10],[-35,11],[-38,-1],[-123,15],[-8,-13],[10,-17],[-18,-12],[-6,4],[-4,18],[-23,3],[-14,-21],[-24,23],[-51,3],[-137,-25],[-69,-4],[-99,-34],[5,-10],[-23,-8],[19,-40],[-16,-1],[-6,-13],[-34,-11],[-27,-18],[15,-45],[-22,-24],[-26,-63],[-8,2],[-6,-17],[-27,2],[-3,-13],[15,2],[4,-12],[-12,-15],[2,-16],[-12,-16],[26,-27],[-2,-20],[-14,-4],[-17,-29],[-16,8],[-5,-18],[59,-23],[-39,-28],[-66,-82],[-44,16],[-12,-5],[-7,-29],[-84,12],[-5,-28],[20,-5],[-16,-40],[-56,6],[-38,-76],[-8,-21],[113,-12],[-6,-10],[14,-10],[-21,-16],[-15,-27],[7,0],[7,-11],[-9,-12],[-14,2],[-7,-7],[-18,0],[-40,-40],[13,-22],[-112,-29],[-51,-34],[-4,-18],[-140,-79],[-32,-44],[-37,-34]],[[79195,48628],[-47,-35],[-81,-40],[-92,-23],[-24,-1],[-25,-13],[-51,-46],[-17,-42],[-101,-75],[-64,-59],[-3,-14]],[[78690,48280],[-3,8],[9,31],[-4,44],[-23,23],[25,20],[17,4],[2,29],[-6,7],[-31,8],[-21,33],[-22,53],[5,30],[39,17],[15,16],[15,4],[-8,32],[29,44],[25,12],[21,26],[16,6],[73,8],[10,10],[34,5],[18,10],[31,45],[19,1],[11,14],[51,12],[10,14],[33,18],[14,1],[39,42],[92,35],[60,109],[17,138],[2,48],[-5,12],[12,95],[6,24],[22,22],[-12,17],[1,9],[16,6],[13,-4],[11,16],[13,-4],[38,35],[5,11],[-2,41],[20,24],[18,-1],[3,-10],[22,-22],[4,-25],[8,4],[16,-5],[12,4],[-7,8],[6,12],[-5,9],[17,16],[10,1],[1,18],[23,31],[1,8],[6,2],[-20,13],[4,16],[10,4],[7,15],[17,-8],[31,11],[16,0],[-3,15]],[[80111,50617],[25,20],[82,87],[60,21],[13,-3],[-6,-17],[13,-19],[5,3],[-11,17],[2,8],[10,-7],[18,-36],[12,-5],[14,4],[14,-28],[-3,-18],[59,8],[9,-4],[22,0],[-9,-7],[9,-9],[23,10],[6,-3],[7,7],[7,-12],[19,5],[0,-7],[24,5],[3,-10],[9,-2],[-4,-4],[10,-2],[3,-17],[30,-3],[5,-19],[12,-7],[7,-18],[-8,-67],[10,-6],[-9,-15],[2,-12],[6,-7],[-16,-10],[9,2],[33,-8],[-18,-24],[9,3],[-7,-15],[8,0],[1,-16],[30,-16],[-2,-8],[24,-9],[-1,-7],[24,-5],[-1,-11],[9,-9],[-2,-27],[28,-8],[14,-18],[9,-1],[0,-9],[11,4],[16,-16],[9,-29],[0,8],[10,1],[38,-29],[-2,-6],[10,-18],[-10,-16],[4,-12],[-7,-11],[6,0],[8,-18],[-3,-11],[15,-21],[0,-16],[-17,-11],[8,-2],[-1,-9],[9,-5],[4,-10],[18,-5],[27,-32],[16,-8],[-4,-16],[20,-16],[-1,-13],[20,-12],[-4,-6],[7,-12],[13,-2],[0,-8],[7,0],[-4,-7],[24,-34],[-53,5],[-18,-5],[-24,8],[-16,-5],[-34,5]],[[62356,57462],[93,-105],[22,1]],[[62471,57358],[16,-31],[0,-17],[13,-39],[4,-8],[14,-5],[22,-43],[-7,-6],[1,-21],[10,-25]],[[62544,57163],[-16,-10],[-83,3],[-89,-16],[-60,-25],[-12,-21],[-17,-10],[-89,-33]],[[61882,57258],[16,40],[-17,33],[5,7],[13,6],[4,12],[-10,20],[-23,16],[-2,8],[7,12],[-5,26],[11,5],[-6,22],[22,66],[13,13]],[[61910,57544],[48,1],[10,-15],[13,8],[9,-8],[18,2]],[[62008,57532],[31,-2],[18,30],[9,3],[15,19],[-6,5],[8,13],[21,-5],[1,-20],[10,-5],[4,13],[30,15],[135,-141],[72,5]],[[71544,55873],[-19,-32],[-67,-43],[-18,-8],[-27,-3],[-11,6],[-10,-8],[-27,-11],[-17,-16],[-7,-24],[4,-23],[11,1],[12,-22],[19,4],[36,-29],[14,3]],[[71437,55668],[-11,-34],[-5,-1],[-144,78],[2,10],[-5,2],[30,41],[-38,33]],[[71266,55797],[100,92]],[[71366,55889],[62,58]],[[71428,55947],[116,-74]],[[62025,54647],[19,-53],[13,-59],[24,-52],[-3,-11],[16,-7],[20,-31],[12,-4],[0,-11],[7,7],[45,5],[17,10],[-6,12],[44,28],[38,-56]],[[61904,54181],[-41,30],[-24,26],[-21,9],[-8,24],[-11,-1],[-12,12]],[[61787,54281],[-22,13],[13,21],[-1,24],[-23,12],[-12,18],[-33,22],[8,5],[1,13],[-17,39],[-31,23],[-5,20],[6,9],[-1,28],[-10,11]],[[61684,54592],[36,9],[5,8],[11,2],[24,21],[1,6],[9,-4],[6,5],[19,0],[12,-13],[24,4],[8,-6],[9,2],[2,7],[22,1],[45,13],[32,-2],[8,4],[8,-3],[4,6],[23,-2],[9,-5],[3,-8],[21,10]],[[72426,55304],[-161,2],[-263,-28],[-22,120],[-191,6],[-64,12],[-81,23],[-44,0]],[[71600,55439],[11,48],[-24,4],[8,39],[24,-3],[32,130],[-2,8],[12,24],[1,28],[31,142]],[[71693,55859],[40,188]],[[71733,56047],[9,141],[47,-7],[5,-16],[16,-9],[29,-5],[16,4],[-3,74],[17,29],[34,38],[22,15]],[[71925,56311],[6,-8],[16,5],[3,-15],[-1,-80],[15,-140],[86,19],[7,-89],[38,5],[35,-74],[81,33],[10,-1]],[[63559,56341],[-9,-74],[-11,-8],[-4,5],[-9,-5],[0,-8],[-10,-5],[15,-34],[21,6],[20,-33],[12,9],[17,-22]],[[63601,56172],[-16,-10],[4,-7],[-15,-5],[-3,-26],[-20,8]],[[63551,56132],[-14,2],[-41,-17]],[[63496,56117],[-12,17],[12,6],[-14,19],[-8,26],[-5,-1],[-12,60],[-28,1],[-30,-12],[-22,5]],[[63377,56238],[12,124],[95,-1],[37,-7],[38,-13]],[[72319,56473],[4,-30],[-51,-19],[-42,-29],[-56,-2],[-4,36],[-107,-13],[-53,-12],[0,-7],[-42,-16],[20,-44],[-40,-11],[-23,-15]],[[71733,56047],[-29,4],[-25,70],[-14,2]],[[71665,56123],[13,59],[16,22],[-1,29]],[[71693,56233],[-11,13],[7,17],[34,21],[6,9],[-6,47],[7,23],[49,2],[12,63]],[[71791,56428],[11,43]],[[71802,56471],[117,-20],[9,-27],[2,6],[71,25],[47,12],[39,4],[0,6],[232,-4]],[[62780,57930],[68,-4],[28,22],[7,-2],[25,-19],[23,-3],[2,-21],[20,-35],[41,-5],[47,-30],[30,-5],[39,-17],[9,-11],[6,1]],[[63125,57801],[-5,-7],[-7,-43],[-11,-11],[-18,-8],[-16,-33],[-3,-21],[7,-32]],[[63072,57646],[-10,1],[17,-82],[-34,-10],[-38,-2],[2,-29],[-9,0],[-26,-25],[-3,-11],[-31,14],[-7,-10],[-22,14],[7,9],[-20,-5],[-19,-22],[-5,5],[-41,-22],[0,-27],[9,-25],[-8,-13],[-52,3],[-33,-10],[-33,-31],[-24,7],[-12,-53]],[[62680,57322],[-19,-35],[-3,-16],[-1,32],[-29,37],[2,28],[-61,12],[-40,3],[-58,-25]],[[62356,57462],[-25,65],[-24,25],[-15,27],[0,5],[36,4],[-44,41],[-18,42],[-1,17],[8,5],[7,-4],[35,0],[82,27],[33,20],[-36,30],[-31,35],[-2,56],[-19,11],[-14,21],[-35,25],[-1,9]],[[62292,57923],[39,23],[63,8],[15,8],[39,8],[21,11]],[[62469,57981],[34,7],[20,-1],[140,-61],[61,-4],[26,11],[30,-3]],[[81082,58456],[-117,-61],[161,-171]],[[81126,58224],[79,-82],[14,-23]],[[81219,58119],[38,-74],[-28,-84],[-18,-29],[68,-57],[116,-73]],[[81537,57729],[40,-32],[16,-32],[8,-42],[-1,-43]],[[79455,58479],[26,-32],[8,-20],[6,-40],[-6,-7],[26,-18],[-2,-5],[16,2],[12,14],[143,65],[14,17],[3,16],[25,-17],[-9,-10],[127,-112],[73,17],[87,43],[17,37],[29,31],[13,23],[44,40],[67,79],[65,60],[11,0],[106,45],[190,98],[205,134],[11,-19],[-2,-16],[-5,-10],[-21,-10],[-4,-15],[8,-14],[21,-11],[4,-27],[-25,-24],[-6,-18],[-9,-8],[-29,-8],[-52,-30],[-25,-8],[-10,-9],[18,-18],[-4,-13],[9,-14],[19,-10],[-3,-19],[8,-15],[2,-28],[13,-10],[12,0],[9,7],[5,-3],[1,-25],[10,1],[5,-6],[13,-32],[9,-8],[6,-32],[11,-8],[65,0],[9,18],[60,-1],[90,30],[45,10],[27,-23],[36,-57]],[[61858,53529],[20,-69],[44,-33],[-60,-70],[-22,-64]],[[61840,53293],[-21,-3],[-19,3],[-27,-9],[-30,-19],[-5,-8],[-39,-21],[-14,16],[-45,-9],[-56,-20],[-3,-5],[-17,10],[-17,-29],[-18,6]],[[61293,53319],[42,43],[11,4],[-2,8],[22,16],[5,10],[11,-3],[5,16],[36,30],[13,-8],[20,1],[-12,21],[7,3],[-4,6],[7,4],[44,2],[-1,3],[48,-1],[20,29],[23,65]],[[61588,53568],[41,3],[54,11],[30,3],[1,-5],[126,22],[7,-44],[11,-29]],[[78893,53893],[98,-481],[15,-46],[6,-44],[8,0],[-7,-55]],[[78667,52995],[-98,-64],[-113,-57],[-65,-67],[-20,-35],[-7,-28]],[[78213,54042],[-46,-172],[22,-16],[176,29],[83,8],[86,-7],[36,-17],[35,-2],[9,-6],[25,-1],[1,-4],[253,39]],[[66381,52495],[-1,-24],[7,-13],[131,-90],[83,-68],[62,-65],[19,-12],[47,-57]],[[66729,52166],[-40,-51]],[[66689,52115],[-80,-93],[-109,53],[-19,-7],[4,-16],[-64,0],[-2,-11],[-9,-10],[-55,-1],[-4,-46],[-55,3],[-135,-18],[1,-13],[9,-14]],[[65566,51904],[36,17],[35,8],[16,-2],[49,-20],[17,-1],[53,87],[49,41],[4,54],[-7,41],[10,30],[0,15],[-12,31],[-35,47],[-20,164],[6,31],[15,19],[25,17],[19,5],[84,-1],[24,-11],[16,-15],[19,-39],[13,-17],[20,-10],[23,-2],[40,15],[75,73]],[[66140,52481],[37,11],[78,-2],[69,10],[57,-5]],[[63494,50275],[-17,-4],[4,-16],[-6,-2],[6,-18],[-2,-15],[6,1],[3,-8],[-8,-27],[8,-10],[-59,-24],[-14,-16],[10,-16],[-35,-22],[-70,-63],[-42,-30],[-4,-16],[10,0],[16,-14],[3,5],[21,-6],[3,-6],[16,-8],[4,-10],[11,-4],[-5,-5],[20,-2],[-8,-7],[11,-5],[43,-10],[3,9],[5,-5],[31,9],[11,-8],[-3,-13],[19,-13],[19,2],[-6,-18],[72,-42],[10,-20]],[[63580,49818],[-2,-37],[-13,-60],[19,-51],[-63,-14],[-50,-2],[-41,-11],[-46,-53],[-50,-28],[-98,-76],[-23,-11],[15,-9]],[[63228,49466],[-45,-7],[-21,-10],[-13,7],[-25,-21],[-18,-3],[-57,50],[-24,56]],[[63025,49538],[-17,77],[15,32],[25,29],[0,9],[-18,21],[-45,4],[-45,40],[-24,12],[-5,12],[5,64],[-6,55],[-9,15],[-23,21],[-2,44],[22,11],[34,-6],[14,3],[20,15],[-10,20],[-38,12],[2,6],[18,6],[33,32],[2,9],[-19,41],[-11,8],[-27,9],[-3,23],[-14,29],[14,32],[6,45],[10,18],[20,21],[17,1],[21,12],[6,19],[-4,11],[-29,19],[-8,-2],[-13,-14],[-30,2]],[[62924,50567],[3,2],[12,-23],[49,20],[3,-5],[25,10],[83,9],[8,-10],[12,9],[35,3],[10,-7],[75,-12],[0,-12],[21,-3],[0,-4],[17,-4],[-4,-21],[25,-3],[-1,-4],[25,-8],[35,-20],[6,-18],[5,2],[8,-26],[-32,-12],[8,-58],[6,0],[6,-18],[22,-25],[7,4],[23,-17],[-8,-8],[22,-30],[60,9],[4,-12]],[[65548,51613],[-91,-40],[-76,-44],[-20,5],[22,-40],[1,-21],[-7,-9],[-9,3]],[[64927,51178],[3,24],[17,22],[-5,26],[14,40],[-16,-3],[-20,39],[-30,-8],[-5,10],[51,19],[9,6],[-49,52],[11,9],[-1,9]],[[64906,51423],[-9,16],[4,44],[-28,57],[-3,37],[-15,12]],[[64820,51782],[38,12],[35,-2],[63,-36],[53,-6],[25,10],[28,31],[64,45],[48,25]],[[65174,51861],[17,-7],[20,7],[39,43],[20,32],[39,41],[16,6],[24,-1],[48,-19],[27,-32],[13,-27],[11,-9],[17,-5]],[[67339,54384],[74,-50],[9,-16],[64,-40],[89,-34],[-1,-6],[102,-63],[-53,-76],[-57,-45],[-21,-29]],[[66927,53684],[-27,26],[-25,-17],[-29,21],[29,35],[-6,5],[1,34],[-9,1],[-6,10],[5,9],[-11,8],[-3,17],[-32,57],[8,4],[-28,45],[-1,26],[5,2],[-13,17],[10,0],[8,15],[0,10],[-5,2],[5,11],[-18,9],[-3,-4],[-7,3],[1,11]],[[66776,54041],[13,11],[50,15],[18,17],[-39,25],[21,22],[-136,105],[17,20],[6,-3],[1,10],[13,0],[1,9],[-12,2],[-8,9],[-7,23],[-9,-4],[-27,25],[-25,4]],[[66653,54331],[-32,18],[0,12],[7,-1],[5,8],[18,4],[31,35],[5,8],[-13,18],[33,40],[24,45]],[[66731,54518],[22,-12],[18,2],[10,-12],[9,0],[31,-17],[81,-31],[-10,-21],[-7,-34],[3,-32],[15,-8],[-2,-4],[24,-21],[49,-23],[74,-2],[25,-18],[9,11],[19,-4],[26,27],[25,-13],[125,-9],[12,24],[5,-2],[30,28],[15,37]],[[64525,51603],[31,-6],[-4,-15],[-12,2],[-4,-34],[-24,-11],[9,-16]],[[64521,51523],[-23,-17],[19,-14],[-28,-9],[4,-16],[-4,-41],[-20,-3],[6,-11],[-14,-5],[-34,-5],[8,-16],[5,1],[-10,-27],[-21,-7],[2,-11],[-15,-25],[11,-13],[-8,-20],[12,-9],[-9,-7],[5,-6],[-12,-7],[3,-7],[-6,-8],[12,-4],[10,-12],[36,-4],[11,-56]],[[64461,51164],[-49,23],[-122,74],[-5,-2]],[[64285,51259],[41,298],[17,62],[23,48]],[[64366,51667],[23,-20],[29,-48],[20,-14],[31,-5],[24,2],[22,8],[10,13]],[[68733,53810],[-6,-2],[-29,-112],[-96,3]],[[68486,53906],[59,67],[80,77]],[[68625,54050],[13,-9],[-29,-104],[47,-20],[105,-83]],[[61723,55998],[11,-33],[-23,-9],[23,-23],[-100,-45],[25,-43],[28,-26],[24,-11],[12,15],[26,-26],[30,-5]],[[61603,55647],[-50,7],[-11,-11],[-17,-1],[-71,-45],[-16,0],[-17,9],[-5,-5]],[[61416,55601],[-17,22],[-11,0],[-30,29],[-13,4],[-3,10],[-13,-3],[-17,33],[1,11]],[[61313,55707],[9,14],[-1,7],[-6,6],[13,21],[-4,13],[16,19],[12,29],[-3,5],[-9,-1],[-3,14],[-7,0],[2,16],[38,12],[13,13],[10,-5],[15,6],[1,18],[-12,13],[31,14],[-14,24],[-12,9]],[[61402,55954],[46,11],[1,-15],[25,5],[-2,10],[32,26],[-2,5],[46,26],[11,44],[9,11],[55,-18],[30,-43],[42,7],[11,-18],[9,5],[8,-12]],[[61129,55915],[2,-37],[-19,-57],[-7,-59],[15,-1],[7,-17],[8,2],[15,8],[-3,6],[22,9],[13,-27],[20,-21],[67,37],[17,-41],[10,-5],[12,18],[5,-23]],[[61416,55601],[16,-20],[2,-11],[-10,0],[-32,-28],[-10,-15],[7,-6],[-6,-17],[5,-9],[41,8],[4,-4]],[[61433,55499],[-93,-12],[-26,7],[-25,-9],[-42,2],[-93,-12],[-26,-6],[-25,-19],[-2,21],[-12,13],[-28,-14],[6,-9],[-8,-2],[3,-13],[-20,-5],[5,-18],[-64,-84]],[[60983,55339],[-22,3],[-33,-6],[-13,6],[-31,-3],[-5,-14],[-45,36],[-36,40],[-58,-2],[-22,48],[-24,35]],[[60694,55482],[59,109],[48,64],[-14,88],[-32,90]],[[54842,60019],[-69,-49],[-50,-20],[-49,-11]],[[54602,60035],[2,19],[-17,63],[13,22],[23,-10],[22,22],[29,7],[8,-5],[9,5]],[[71794,58549],[-12,277],[3,57],[-11,85],[-16,364]],[[71758,59332],[-47,954],[5,36],[-11,131]],[[72684,60711],[-144,-41],[-202,-47],[-64,-24],[0,-3],[-44,-8],[1,4],[-48,0],[-208,-66],[-268,-51],[-2,-22]],[[54450,60232],[6,10],[63,-1],[32,-7],[40,-18],[25,26],[28,-12],[-2,-7],[22,-7],[6,-13],[13,2]],[[71758,59332],[-40,23],[-30,8],[-60,-3],[9,-16],[-55,-4],[-7,6],[-28,-1],[-42,-13],[-193,-43],[-40,-15],[-224,-55],[-94,-29],[-384,-89]],[[70570,59101],[-18,39],[-130,-21],[-144,-2],[-309,-25],[-50,-10],[3,12],[-14,6],[-4,9],[-33,25],[-12,24],[4,26],[9,5],[7,-2],[12,10],[14,31],[-7,4],[-64,-8],[-62,-15],[-28,-1],[-46,-25],[-92,-23],[-38,-24],[-44,18],[-34,5],[-27,-5],[-6,3]],[[69431,59331],[-17,61],[-68,-2],[-16,81],[14,28],[8,40],[-35,6]],[[69317,59545],[-29,34]],[[69288,59579],[6,27],[102,33],[83,43],[-9,17],[-86,-44],[-92,-30],[20,16],[12,1],[11,12],[13,91],[44,-10],[44,5],[13,7],[22,24],[-7,18],[-16,15],[8,7],[23,-18],[26,5],[30,12],[8,-8],[59,2],[36,75],[30,36],[42,-11],[44,-2],[16,-6],[44,-1],[44,9],[36,-6],[95,10],[-5,42],[41,-4],[2,-11],[85,1],[56,-8],[-3,77],[17,46],[7,44],[-10,51],[6,26]],[[71705,60453],[-174,-23],[-225,-21],[-155,-3],[-28,-5],[-171,9],[-101,15],[-98,6]],[[55607,58779],[-43,-29],[-38,-15],[-15,-21],[-24,-17],[-10,-33],[-34,-59],[-19,-5],[-35,2],[-23,-20],[-14,-5],[-1,-10],[-11,-4],[-2,-13],[-11,-4],[-8,-25],[3,-6],[-10,-8],[-20,8],[-12,0],[-15,-6],[1,-12],[-55,-8],[-23,-44],[-40,-18],[-18,-24],[-6,-16],[8,-5],[-1,-13],[-23,-3],[-11,-13],[-37,-7],[-14,-14],[-19,-7],[2,-7]],[[55129,57588],[-37,-76],[-11,1],[-38,21],[-83,-2],[-80,-31],[-45,-30]],[[54180,58631],[7,5],[20,-7],[14,-16],[110,20],[7,10],[21,1],[17,15],[23,4],[43,20],[41,9],[1,-6],[163,17],[-2,24],[20,58]],[[54665,58785],[17,19],[64,-12],[51,13],[107,8],[46,-14],[62,-43],[79,-1],[22,5],[13,-4],[46,10],[130,9],[28,7],[22,13],[2,-9],[112,59],[19,19]],[[72257,47000],[40,-20],[58,-12],[104,-44]],[[72459,46924],[46,-27],[-31,2],[-91,-6],[117,-93],[11,26],[15,14],[19,-1],[30,10],[28,-3],[-55,-23],[-1,-14],[-15,-8],[-5,-10],[3,-16]],[[72530,46775],[-15,-14],[6,-15],[-8,-4],[-5,-10],[-27,3],[-9,-5],[-20,-19],[-14,-6],[5,-9],[-41,-19]],[[72402,46677],[-3,-2]],[[72399,46675],[-52,39],[-62,62],[-6,8],[12,2],[-6,20],[-9,5],[-16,-2],[-12,12],[-63,99],[7,3],[2,23],[-27,8],[-117,142],[22,2],[0,7],[14,12],[10,-4],[10,5]],[[72106,47118],[151,-118]],[[59832,50831],[90,-15],[15,-29]],[[59937,50787],[-79,-11],[-98,-136],[39,-120],[-25,-19],[-18,-4],[2,-12],[-17,-23],[13,-38],[-4,-18],[8,-56],[-4,-25],[10,-56],[18,-20]],[[59782,50249],[-37,1],[-47,16],[-22,-1],[-8,-17],[17,-46],[-18,-12],[-22,9],[-9,24],[-12,13],[-14,6],[-19,-2],[-13,-10],[-10,-31],[-19,-10],[-17,-24],[-11,-5],[-26,-1],[-26,22],[-38,14],[-31,-3],[-40,-26],[-82,-67],[6,-18],[28,-29],[-2,-11],[-14,-18],[-39,-23],[-26,-8],[-17,5],[-14,23],[-9,6],[-17,0],[-19,-13]],[[59155,50013],[-10,3],[-17,23],[-12,-4],[-3,8],[3,14],[-13,55],[7,9],[12,-2],[-4,84],[-51,38],[347,371],[90,88],[94,115],[3,-2],[42,38]],[[59782,50249],[41,-13],[70,15],[14,-3],[19,-14],[-15,-5],[-1,-12],[14,-30],[29,-19],[17,-5],[20,-2],[5,6],[16,-7],[14,0],[65,29],[33,-7],[17,-15],[2,-75],[13,-15]],[[60438,50162],[113,-41],[39,-9],[0,-12],[-14,-1],[-29,-25],[-14,-3],[-22,-61],[-1,-64],[-17,-22],[-39,-23],[-49,-20],[6,-11],[39,0],[23,-11],[16,-2],[-22,-46],[17,-32],[-2,-16],[-43,15],[-16,-12],[22,-26],[11,-33],[36,3],[28,-17],[40,-38],[-2,-19],[10,-5],[3,-45],[13,-33],[54,-7],[62,-36],[83,-9],[6,-57],[8,-11],[-5,-21],[13,-4]],[[60667,49177],[-33,-7],[-64,-29],[16,-17],[8,3],[24,-27],[11,5],[4,-5],[-15,-12],[7,-15],[-34,-18],[-2,-6],[21,-18],[-4,-3],[6,-5],[28,-12],[-30,-34],[10,-4],[20,9],[15,-5],[-56,-15],[0,-26],[-21,-55],[-17,-6],[-36,-51],[-23,-10],[-5,-10],[-37,-9],[-9,5],[-10,-18],[-46,8],[-18,-39],[-16,3],[-71,-18],[-2,5],[-23,-12],[-6,3],[-52,-52],[-5,4],[-14,-10]],[[60188,48674],[-21,14]],[[60167,48688],[-8,7],[-29,66],[-41,41],[-22,13]],[[60067,48815],[10,22],[64,52],[69,36],[19,16],[-34,11],[-34,3],[-37,61],[-16,5],[-22,-1],[-36,20],[4,25],[15,27],[2,21],[25,26],[14,5],[25,1],[29,-15],[43,-3],[3,3],[-31,24],[2,3],[-16,18],[-5,40],[14,21],[-16,5],[-20,45],[-126,88],[-34,11],[-10,-11],[-25,13],[-20,-13],[-20,10],[-36,0],[-18,-11],[2,-48],[-46,-8],[-42,-30],[-26,0],[-63,97],[-30,11],[5,-22],[-7,4],[-46,0],[-38,-38],[-23,-41]],[[59535,49298],[-18,-19],[-16,-5],[-28,-48],[-15,-6],[-61,-5],[-60,12],[-46,22],[-22,-10],[0,-10]],[[59269,49229],[-4,-9],[-17,-6],[-38,-2],[-53,5],[-72,-5],[-21,-11],[-60,18],[-7,-16],[-14,1],[-6,-17],[-7,-3],[-57,8],[-30,21],[-47,-35],[-11,-14],[5,-13],[-14,-23],[-13,2],[-25,-29]],[[58778,49101],[-53,28],[17,23],[-24,13],[32,27]],[[58750,49192],[66,14],[27,9],[18,12],[14,15],[-3,6],[11,17],[-33,21],[69,48],[13,-5],[14,-15],[25,14],[1,-17],[8,7],[2,15],[46,26]],[[59028,49359],[-1,10],[-12,6],[9,11],[-5,5],[5,7],[10,-7],[6,7],[-4,4],[-32,2],[13,65],[-9,9],[-15,44],[-20,-7],[-39,32],[-28,8],[-23,22],[-51,32],[-33,3],[-32,13]],[[58767,49625],[0,24],[33,41],[6,43],[20,19],[13,29],[19,23],[26,19],[38,17],[48,5],[41,-2],[21,6],[35,30],[5,16],[-13,-5],[-19,2]],[[59040,49892],[30,73],[-21,38],[13,2],[9,7],[27,-4],[8,6],[24,-2],[4,6],[21,-5]],[[65046,51977],[54,-11],[2,-5],[-10,-2],[12,-21],[26,-11],[20,-16],[24,-50]],[[64619,51765],[-1,0]],[[64618,51765],[-16,25],[33,37],[-27,18],[-29,51],[-51,-2],[7,9],[-1,32]],[[64534,51935],[21,15],[10,-14],[54,-24],[5,23],[23,-3],[50,45],[-5,4],[3,9],[17,-14],[11,7],[4,-4],[26,18],[1,37],[5,4],[16,0],[-21,19],[-2,27]],[[64752,52084],[67,51]],[[64819,52135],[7,-4],[30,11],[33,-19],[66,-1],[2,-33],[22,6],[7,-60],[56,-15],[29,-22],[-25,-21]],[[69821,45912],[5,-30],[35,-72],[4,-30],[-9,-35],[7,-38],[-18,-36],[-54,-64],[-18,-3],[1,22],[-26,-1],[-36,-34],[-47,22],[-55,50],[-9,-21],[-234,1],[-18,39],[-10,-9],[-9,-31],[-18,6],[-4,-7],[-11,1],[8,-23],[-11,-8],[21,-11],[-15,-12],[-33,-11],[-72,3],[-15,-9],[1,-33],[12,-38],[-54,-21]],[[69139,45479],[-6,-5],[-3,8],[6,8],[-19,2],[-3,9],[16,20],[-6,9],[6,39],[-8,27],[2,13],[-9,10],[4,23],[-6,7],[-8,-2],[-3,8],[6,6],[-11,13],[5,9]],[[69102,45683],[4,10],[36,29],[61,69],[8,13],[0,32],[7,8],[35,14],[7,23],[-9,17],[2,14],[-11,31],[1,17],[15,5],[8,11],[40,3],[0,-21],[15,-7],[6,-18],[6,7],[12,3],[97,-17],[87,-9],[73,15],[58,-1],[14,-5],[46,3],[101,-17]],[[69585,47435],[12,-10],[31,-13],[6,-12]],[[69634,47400],[-14,-54],[-99,18],[-32,-75],[-12,-40],[-2,-44],[9,-49]],[[69163,46971],[-29,38],[-39,35],[-29,13],[-118,17],[-33,1],[-24,-42],[-32,-24],[-78,-10],[-23,3]],[[65604,46738],[-4,-12],[26,3],[-4,-14],[25,-4],[-3,-71],[18,-1],[-4,-7],[-18,-6],[-1,-33],[16,-2],[-2,-10],[-75,-2],[0,-23],[-36,-9],[-2,-7]],[[65212,46693],[-18,12]],[[65194,46705],[149,25],[35,-7],[52,5],[54,-5],[92,15],[28,0]],[[65091,46865],[-26,-49],[29,-14],[-18,-26],[13,-8],[96,-2],[-9,-24],[-12,0],[-5,-33],[5,-3]],[[65164,46706],[-211,4],[11,-26],[7,0],[-3,-9],[7,-12],[-6,0],[1,-10],[-27,11],[-7,-29],[-17,2],[3,-4],[-11,-27],[-6,0]],[[64905,46606],[-23,44],[-41,-14],[-27,26],[14,16]],[[64828,46678],[110,140]],[[64938,46818],[56,82]],[[64994,46900],[37,-20],[60,-15]],[[64506,47418],[50,-75],[-12,-77]],[[64544,47266],[-148,-7],[-41,-63],[-3,-14],[4,-25],[31,-82],[32,-53],[29,-25],[-13,-29],[-5,4],[-14,-8],[-23,10],[-31,-9],[-17,-12],[56,-27],[-18,-23]],[[64266,46804],[-174,67],[-101,19]],[[63991,46890],[-20,6],[5,71],[-13,52]],[[63963,47019],[104,61],[-10,16],[5,2],[0,11],[-5,27],[-18,25],[-15,4],[28,36],[-12,29],[13,14],[-2,23],[-5,-1],[-8,18],[11,7],[2,21],[13,7],[23,-3],[11,5],[0,8],[-8,0],[15,6],[-1,5],[8,1],[-8,24],[11,4],[-7,5],[5,15],[12,11],[15,4]],[[64140,47404],[51,51],[19,37],[24,-14],[25,43],[46,17],[3,-8],[34,-23],[22,-21],[13,8],[3,-7],[44,36],[52,-59],[30,-46]],[[61045,51643],[5,1],[40,-63],[12,-9],[22,5],[16,-6]],[[61140,51571],[-14,-32],[-9,-94],[-54,-82],[-9,-77],[-47,-2],[-56,-10],[-110,-44]],[[60841,51230],[-1,38],[-22,34],[-6,37],[-14,6],[-38,3]],[[60760,51348],[3,7],[-12,5],[8,20],[-4,10],[14,21],[13,7],[2,-4],[23,-5],[28,44],[-5,3],[8,10],[-58,30],[36,33],[52,83],[13,0],[-3,51]],[[68558,38431],[1,-25],[-18,-14],[-10,-19],[-16,-14],[2,-23],[-11,-10],[-6,-21]],[[68500,38305],[-31,17],[-188,3],[7,-40],[34,-94],[5,-52],[-47,-23],[-46,27],[-30,-36],[-104,-22],[-55,-1],[-20,16],[-8,23],[-152,-25],[-32,-2],[-5,9],[-120,-75],[-12,9],[-11,-6]],[[67685,38033],[-20,8],[-7,9],[-12,2],[-17,-5],[-5,-7],[-14,-1],[-19,-14],[-39,6],[-7,9],[4,9],[-11,3],[1,21],[-12,24],[-22,1],[0,8],[-19,-6],[-13,3],[-29,24],[-36,10]],[[67408,38137],[-7,4],[8,19],[-3,23],[16,32],[12,10],[44,16],[37,23],[11,20],[-4,26]],[[67522,38310],[31,4],[18,-8],[24,5],[-10,18],[-2,25],[18,42],[66,25],[53,28],[16,25],[28,-13],[23,-23],[61,56],[61,24],[50,39],[12,0],[7,-9],[36,39]],[[68014,38587],[29,-37],[12,4],[81,33],[26,23],[15,24],[112,-45],[51,-14],[61,-25],[52,-30],[22,3],[11,7],[44,-62],[9,-21],[19,-16]],[[66089,38602],[87,-167],[-18,-12],[-5,-18],[21,-24],[-3,-29],[19,-16],[5,-10],[10,-44],[-3,-7],[9,-10],[3,-27],[-9,-6],[-2,-18],[7,-9],[-19,3],[-2,-8],[-25,2],[-14,-6],[-22,13],[-12,1],[-33,-12],[4,-8],[-6,-3],[-15,9],[-34,-1],[2,-9],[-16,-18],[-12,8],[-18,4],[-13,-9],[0,-7],[-13,-4],[2,-5],[-14,-3],[-3,-5],[-17,3],[-8,-4],[-28,-3],[-2,-11]],[[65892,38132],[-16,-5],[-1,-6],[-16,-9],[7,-7],[-6,-11],[9,-7],[-10,1],[4,-12],[-20,-9],[3,-7],[-10,-11],[-3,-19],[-12,-6],[-14,-10],[-13,-2],[6,-7],[-8,2],[-10,-13],[-12,8],[2,-6],[-7,-6],[4,-5],[-11,-6],[-7,1],[-22,-11],[-26,4],[-32,-47],[-42,-34],[-1,-8]],[[67803,38926],[-2,-56],[-13,-7],[8,-28],[-12,-10],[0,-16],[52,26],[4,-34],[10,-18],[30,-22],[1,-19],[-4,-36],[-43,-6],[-36,-13],[19,-31],[27,-13],[14,-31],[15,-6],[40,35],[36,14],[22,17],[21,-28],[35,-22],[-13,-35]],[[67522,38310],[-9,11],[0,35],[-18,36],[-52,-3],[-16,12],[4,48],[-4,27],[-19,33],[-5,1],[-17,-21],[-31,11],[-37,36],[-23,38],[-41,23],[-33,27],[-12,-16],[-5,-18],[17,-15],[-12,-8],[-26,-57],[-3,-27],[6,-14],[-30,-10],[-38,1],[-9,-35],[-40,30],[-13,16],[-35,0],[-46,41],[-21,-3]],[[66954,38509],[8,85],[10,14]],[[66721,38772],[36,88],[11,52],[24,7],[-2,40],[6,1],[5,20],[11,12],[17,36],[-15,12],[31,34],[40,75],[38,48],[6,-1],[-27,-84],[65,-21],[6,17],[30,-9],[11,-23],[51,-30],[2,-27],[16,-49],[32,-20],[6,-26],[21,-13],[26,-6],[29,-21],[14,-3],[-1,-5],[51,-8],[27,8],[85,4],[25,8],[49,37],[53,99],[5,23]],[[68792,43517],[-77,-14],[-147,-70],[-25,-28],[-33,-15],[-13,-12],[-42,-6],[-43,-32],[-12,4],[-10,-33],[-47,-5],[-3,9],[-38,-10],[13,-32],[-116,-46],[99,-92]],[[68298,43135],[-5,-8],[-7,2],[-5,-6],[-21,16],[-6,-3],[-13,2],[1,-4],[-25,-21],[-7,-14],[-14,-9]],[[67885,43211],[-11,6]],[[67874,43217],[1,5],[-13,12],[40,34],[64,30],[22,13],[1,6],[46,12],[18,16],[13,41],[-6,28],[22,39],[-12,51],[23,2],[16,-9],[56,-3],[6,6],[30,4],[12,8],[-2,54],[15,52],[119,-27],[86,0],[4,-7],[-8,-5],[3,-7],[37,-17],[18,-1],[1,-4],[27,-7],[28,10],[49,-6],[52,2],[77,-27],[6,-6],[12,9],[55,-8]],[[64040,55263],[-18,8],[-8,-10],[-24,12],[3,15],[-18,4],[-18,37],[-25,-11],[-15,-21],[-8,10],[-7,-4],[-9,13],[-22,-24],[-13,22]],[[63842,55339],[-64,105]],[[63778,55444],[14,10],[54,6],[23,8]],[[63869,55468],[29,13]],[[69666,42825],[15,-68],[-11,-20],[33,-12],[4,5],[32,-14],[10,6],[9,-9]],[[69734,42698],[-156,-47],[-5,24]],[[69573,42675],[-10,68],[-33,75],[-4,1]],[[63718,55291],[-59,38]],[[63612,55519],[28,42],[106,-34],[10,-39],[22,-44]],[[72742,44195],[21,-22],[7,-15],[20,-12],[27,-47],[30,-12],[13,-21],[-9,-21],[12,-26],[22,-15],[12,-23],[17,-10],[25,-37],[15,2],[21,-14],[16,-65],[22,-42],[-39,-43],[-18,-8]],[[70969,44052],[-7,13],[36,13],[101,17],[23,33],[20,46],[11,74],[7,18]],[[71160,44266],[129,42],[87,66],[12,-15],[35,44],[32,53],[24,20],[50,17]],[[71529,44493],[39,9],[32,-6],[81,15],[32,0],[54,29],[27,-38],[40,-34],[2,-8],[33,-21],[6,-12],[25,-5],[7,-7],[16,11],[36,-20],[7,-16],[33,-33],[17,-36],[16,-18],[-7,-4],[43,-39],[71,10],[29,9],[-3,7],[22,1],[41,-14],[7,-7],[58,-12],[58,-37],[127,-8],[61,-25],[11,14],[20,8],[17,-6],[8,5],[31,-7],[2,4],[58,1],[1,-5],[34,1],[5,-11],[16,7]],[[65063,56555],[-26,-137],[-67,3],[-14,-8],[5,-41],[-4,-65],[-8,-41],[-5,-3],[9,-25]],[[64953,56238],[-55,-96],[-31,-71],[-27,-44],[-39,-37]],[[64801,55990],[-42,-32],[-58,-17],[-37,-19],[2,-6],[-103,-17]],[[64563,55899],[-76,65],[-64,38],[26,28],[-17,25],[-35,82],[-42,53]],[[64355,56190],[44,65],[-4,22]],[[64395,56277],[19,10],[50,5],[19,24],[13,3],[1,7],[-7,5],[5,5],[15,5],[17,-4],[13,18],[14,-3],[1,9],[11,-6],[-2,12],[5,5],[17,0],[1,6],[15,4],[4,-7],[7,18],[25,19],[0,11],[21,5],[2,17],[6,4],[49,-3],[4,-4],[32,-6],[17,18],[21,-3],[3,17],[17,-9],[4,13],[14,2],[33,18],[6,12],[17,8],[-2,6],[9,6],[14,-6],[12,6],[27,5],[26,-5],[6,7],[8,-2],[1,9],[11,-1],[4,8],[13,1],[6,6],[21,0],[8,7],[15,-4]],[[66874,43908],[7,-6],[-1,-11]],[[67158,43716],[-32,-17],[-2,-8],[-45,-43],[-12,-7],[-44,-5],[-35,-34],[6,-18],[18,-14],[13,-3],[-35,-63],[-1,-4],[17,-8],[-29,-39],[0,-22],[-8,-10],[0,-14],[13,-22],[-10,-21],[-34,-41],[-53,40],[-47,11],[-52,5],[-55,24],[-11,46],[-25,42],[1,17],[14,20],[27,21],[-22,32],[-22,-10],[-8,14],[-24,-5],[-16,26],[-28,24],[-50,-65],[-20,-73],[13,-22],[-27,-24],[-26,-6],[9,-30],[17,-21],[3,-13],[-44,-91],[12,-19],[-26,-6],[-6,-7],[1,-16],[-16,-16],[2,-31],[-16,-36],[-9,-3],[-12,-21],[-20,-15],[-23,-35],[-24,-62],[-4,-59],[-11,-22],[-71,14],[-25,-1],[-20,-7],[-18,8],[-26,-1],[-31,8],[-28,0],[-23,-30],[-7,-59],[-11,-32],[-32,1],[-21,-9],[-18,-17],[-9,-1],[-8,-36],[-9,-2],[2,-12],[-75,-13],[1,-3],[-15,-2],[8,-6]],[[64107,55263],[46,-19],[-11,-12],[14,-9],[39,11],[40,-27],[2,-9]],[[64237,55198],[-45,-11],[-103,-10],[-4,-6]],[[64085,55171],[-42,6],[-5,17],[-12,1],[-4,12],[-14,-17],[3,-12],[-5,0],[-26,30],[-24,-18]],[[63956,55190],[-16,5],[-9,13],[-8,-2],[-7,9],[-53,-24],[-12,4]],[[66710,41162],[-31,-57],[-24,12],[-16,-31],[-5,1],[-42,-51],[-12,-28],[68,-34],[5,-14],[-3,-28],[-10,-26],[2,-60],[-36,-85],[-67,0],[4,-4],[-15,-6],[1,-10],[-14,2],[-2,6],[-18,-4],[-3,8],[-11,4],[-17,-4],[-17,11],[-6,-5],[-29,4],[-11,6],[-11,-3],[-3,-10],[-6,7],[-10,-1],[-24,14],[-2,8],[-6,-1],[-8,5],[-7,12],[-6,-4],[-21,11],[2,6],[-32,-6],[-20,5],[-5,-6],[-18,4],[-2,-4],[-9,4],[-17,-2],[-3,-6],[-11,3],[-3,-9],[-17,1],[-5,-9],[-15,-3],[-16,-12],[-3,4],[-17,-8],[-5,4],[-19,-2],[-3,-6],[-15,2],[0,-4],[-15,-6],[-10,3],[-19,-8],[-12,1],[-33,-18],[-24,5],[-12,-5],[-15,4],[-18,15],[-39,-1],[-33,4],[-147,44],[-48,9],[-39,1],[-31,8]],[[65569,40819],[-1,8],[14,6],[2,8],[5,0],[7,8],[7,-4],[0,7],[24,10],[7,11],[11,2],[3,13],[18,14],[14,1],[2,5],[13,1],[10,26],[-2,20],[45,51],[-8,26],[-24,20],[-1,19],[-21,20],[-1,23],[-18,26],[-15,-1],[-42,15],[-37,41],[-9,19],[-2,19],[26,34],[7,41],[40,48],[-26,37]],[[65617,41393],[21,7],[19,14],[-4,38],[-16,5],[16,24],[-2,5],[9,4],[-3,5],[17,6],[-3,15],[29,8],[-7,5],[44,41],[7,-2],[20,7],[18,21],[36,22],[-57,15],[-85,33],[-33,54],[0,15],[11,30],[-3,23],[50,-24],[37,-9],[7,3],[-3,25],[110,27],[32,-37],[47,-2],[16,-27],[-13,-4],[39,-70],[82,10],[11,17],[34,-9],[-1,13],[17,54],[5,2],[17,-19],[4,15],[43,35],[6,13],[14,7],[35,-42],[-13,-5],[9,-10],[27,7],[55,4],[-10,17],[34,9],[-8,9],[3,19],[7,4],[64,2],[14,16],[21,7]],[[66443,41845],[44,-40],[97,-127],[-17,-22],[-5,-27],[-11,-18],[-32,-39],[25,-16],[8,5],[27,-7],[9,-12],[-6,-4],[14,-5],[-5,-8],[8,-32],[4,-5],[5,7],[8,-7],[0,-10],[12,-5],[5,-9],[-3,-9],[4,-11],[-8,-10],[-1,-22],[-9,-25],[-7,-5],[2,-8],[-8,-14],[-9,-8],[6,-12],[-4,-23],[-12,-18],[5,1],[-1,-10],[6,-3],[-3,-5],[8,-5],[7,-37],[-10,-37],[24,-15],[4,-11],[24,3],[24,-7],[2,6],[10,-2],[26,-15]],[[64163,54714],[15,-39]],[[64178,54675],[-18,-11],[-21,-4],[-86,-4]],[[64053,54656],[-63,6],[-35,11],[-7,26],[-25,40]],[[63923,54739],[-21,49],[-11,60],[30,0],[16,21],[-6,8],[11,10],[-2,4],[-17,17]],[[63923,54908],[52,11],[126,14],[-10,33]],[[64091,54966],[37,13],[3,-25],[34,33]],[[63412,44653],[-2,44],[9,18],[24,-1],[8,18],[10,8],[8,36]],[[63469,44776],[9,-1],[-1,-6],[52,-8],[15,9],[15,-17],[-7,-10],[-7,-1],[2,-13],[-8,0],[-1,-5],[19,-4],[13,25],[13,-9],[-4,-8],[7,-2],[0,-8],[30,-12],[-74,-86]],[[66058,46924],[-11,14],[-21,-7],[-60,21],[-1,-4],[-17,9],[-16,-7],[-10,2],[-10,9],[-8,-3],[-7,13],[-13,-6],[-16,18],[-12,-17],[-29,12],[2,7],[-21,3],[-5,-4],[-48,7],[-12,-1],[1,-4],[16,-33],[5,-46],[-48,-2],[-2,4],[-44,4],[-1,4],[-37,7]],[[65633,46924],[-127,24],[-2,14],[29,110],[-11,2],[-12,-8],[-3,4],[-9,-2],[-2,5],[-29,0],[-28,14]],[[65439,47087],[-26,17],[-16,19],[-11,1],[-7,7],[-5,-3],[-63,14],[-2,28]],[[65309,47170],[1,56],[14,2],[-5,42],[26,18],[13,20],[-11,5],[8,18],[15,-6],[5,23],[-23,0],[0,8],[13,9],[-14,3],[-5,9],[-15,6],[4,10],[-68,13],[-1,6],[-27,1],[-22,23]],[[65217,47436],[5,100]],[[65222,47536],[17,20],[141,-59],[-2,-10],[44,-20],[11,32],[44,-2],[8,17],[39,-1],[4,34],[22,7],[19,60],[-9,3],[3,7],[-41,18],[7,14],[-33,13],[-1,8],[-22,12],[0,6],[-41,29],[3,4]],[[65435,47728],[-69,58],[-1,12],[-10,1],[-2,19],[-53,18]],[[65300,47836],[20,14],[22,56]],[[65342,47906],[12,-21],[11,2],[-6,-11],[6,0],[0,-8],[10,3],[5,8],[8,-2],[31,15],[33,-18],[140,8],[38,-4],[10,7],[19,-7],[1,10],[20,-13],[13,5],[7,10],[16,0],[7,13],[6,3]],[[65729,47906],[18,-9],[27,6],[2,-4],[30,-1],[0,-5],[13,1],[12,-6],[81,-6],[15,-5],[33,-26],[9,7],[41,-2],[8,7],[20,2]],[[65342,47906],[-17,5],[-4,8],[1,20],[6,10],[-4,14],[10,23],[18,21],[19,9],[19,21],[16,-3],[34,19],[17,-5],[8,-15],[12,-3],[27,12],[39,3],[1,-11],[20,-17],[33,-49],[84,5],[10,12],[49,-16],[-8,-55],[7,-6],[-10,-2]],[[63963,47019],[-26,7],[-14,-12],[-13,5]],[[63614,47255],[-5,1],[2,20],[10,28],[-6,2],[0,53],[26,10],[49,32],[37,-31],[16,-7],[12,16],[71,3],[64,-8],[41,11],[15,9],[60,10]],[[64006,47404],[62,35],[33,7],[1,-11],[8,6],[8,-7],[7,5],[3,-9],[10,-2],[-6,-20],[8,-4]],[[63944,46003],[50,-9],[13,-11],[16,17],[-3,9],[11,3],[12,11]],[[64043,46023],[7,-2],[6,8],[96,-14],[22,8]],[[64174,46023],[-26,-52],[-17,6],[-14,-24],[13,-10],[14,-2],[4,-11],[-10,-18],[6,-16],[-13,-8],[-31,5],[-2,-15],[22,0],[3,-17]],[[64123,45861],[0,-18],[-7,-3],[-3,-10],[-16,-5],[2,-12],[-11,-4],[-5,-12],[-11,1],[-6,11],[-12,-6],[-39,0],[-4,-21],[-15,1],[-5,-9],[-11,1],[-11,-8],[7,-14],[-12,-18],[5,-2],[-1,-10],[-6,-2],[0,-9],[-23,-19]],[[63939,45693],[-23,-11],[-31,-48]],[[63885,45634],[-54,14],[-12,-18]],[[63414,45922],[-45,-9],[-26,-31],[6,23],[-17,22],[-12,41],[-12,16],[-2,19],[-67,111],[1,14],[-20,16]],[[63220,46144],[31,39],[0,16],[-6,11],[19,21],[128,13],[51,28],[33,-11],[28,15],[10,20],[16,10],[14,0],[30,-21],[52,8],[37,12],[52,-10],[6,-9],[10,0]],[[69616,40172],[-37,-31],[-139,-77],[1,5],[-15,7],[-127,-31]],[[69341,40613],[20,16],[6,-1],[14,-25],[25,15],[11,-22],[56,8],[21,-69],[-27,-7],[17,-29],[1,-10],[-6,-4],[36,-37],[-4,-4],[30,-61],[-8,-6],[8,-15],[61,-66],[24,-18],[-18,-33],[-9,-5],[2,-19],[-17,-30],[32,-19]],[[61787,54281],[-131,-28],[-118,1],[-74,-26]],[[61464,54228],[-24,-7],[-52,-7],[0,23],[-35,-14],[-22,4],[-51,-10],[-26,10]],[[61254,54227],[10,21],[-1,31],[23,51],[-26,63],[28,25],[-2,100]],[[78492,59015],[-12,26],[-25,96],[44,18]],[[77779,57410],[-26,-13],[-9,4],[-14,-7],[-35,-27],[20,-19],[-40,-15],[-3,3],[-40,-10],[2,22],[-105,-41],[-12,26],[-29,-7],[-33,11],[-38,-15],[5,-12],[29,-23],[-3,-9],[-140,-62],[-46,7],[-175,52],[-86,17],[-190,54],[-117,21]],[[75926,57388],[-44,8],[-3,56],[16,11],[14,26],[-28,32],[2,15],[-275,44],[0,9],[58,12],[46,27],[31,40],[3,19],[27,-4],[21,39],[43,54],[8,-2],[14,8],[12,29],[11,5],[-62,71],[35,16],[-20,26],[12,2],[-47,34],[-9,-7],[-18,14],[-14,61],[-27,61],[-29,52],[-50,71],[-33,-9],[-16,6],[-30,37],[-70,-29],[-14,0],[-44,52],[-67,48]],[[75379,58322],[18,14],[-52,74],[-20,41],[7,1],[-10,61],[58,10],[5,12],[62,21],[14,12],[14,-1],[12,18],[20,11],[70,24],[15,10],[27,5],[13,13],[1,40],[39,8],[27,15],[16,24],[15,11],[23,64],[14,10],[11,23],[39,49],[62,58],[67,30],[-24,40],[-111,105],[-9,25],[-83,65],[-50,112],[-10,59],[-13,34]],[[75646,59420],[58,26],[11,-12],[25,13],[27,-3],[12,5],[25,30],[-24,25],[52,31],[15,-10],[58,46],[27,23],[-26,17]],[[75906,59611],[23,15],[47,-19],[47,-5],[66,20],[6,-10],[27,9],[13,-28],[66,14],[46,-51],[23,5],[4,-10],[8,-3],[-7,-66],[26,-64],[16,-17],[105,53],[87,12],[162,40],[58,4],[-31,-71],[11,-50],[-67,-90],[25,-73],[0,-12],[18,-31],[-12,-32],[-2,-21],[20,-44],[-25,-56],[60,-24],[92,-52],[50,-20],[74,-54],[33,-16],[25,-31],[72,12]],[[78266,59253],[-4,4],[-33,-5]],[[75906,59611],[-22,32],[-3,12],[7,29],[-26,33],[-4,56],[-8,17],[-53,68],[3,22],[24,47],[25,19],[9,-11],[86,30],[2,-5],[32,6],[28,13],[15,-4],[-4,13],[20,9],[-11,20],[39,21],[50,-1],[22,6],[2,8],[47,27],[18,24],[40,35],[40,-31],[23,-9],[31,-2],[61,6],[9,-13],[33,8],[6,-4],[6,-16],[20,3],[10,-12],[24,10],[212,-38],[82,23],[37,-5]],[[76838,60057],[52,-3],[59,26],[25,-28],[5,-35],[101,74],[19,34],[230,118],[24,1],[34,43],[58,26]],[[77916,52423],[-5,-92]],[[77911,52331],[-9,-114]],[[77733,52255],[12,178]],[[77746,52436],[115,-13],[55,0]],[[77876,52616],[206,-196]],[[78082,52420],[0,-7]],[[78082,52413],[-129,-4],[-7,14],[-30,0]],[[61863,48101],[-97,89],[-76,31],[-28,6]],[[61409,48201],[-7,-17],[-11,2],[-10,-45],[-1,-33],[35,-1],[12,-91],[-11,-39],[-46,9],[-7,-19],[-9,1],[3,-28],[-19,-47],[-12,-79]],[[61326,47814],[3,-77],[-8,-67]],[[60941,47713],[-13,21],[-20,14],[-48,-17],[-17,-10],[-4,-8],[-22,9],[-13,2],[-4,-5],[-26,8],[-20,-4],[-45,11],[-54,-4],[-27,12],[-44,29],[-63,28],[-5,-7],[-10,0],[1,-9],[-8,-1],[-9,-11],[1,-13],[-13,-9],[-13,3],[-3,-7]],[[60462,47745],[-18,10],[-16,19],[-5,14],[-93,46],[3,7],[-30,9],[-22,15],[-8,11],[-28,14],[6,128]],[[60251,48018],[26,2],[2,-6],[41,7],[24,-2],[7,27],[54,12],[30,37],[-36,8],[-3,-6],[-31,6],[22,35],[-1,15],[18,-3],[-2,60],[-7,35],[58,54]],[[60444,48466],[-10,24],[-39,-5],[-22,3],[-22,9],[-34,25],[-37,35],[-28,53],[-64,64]],[[68740,51096],[-32,-36],[29,-22],[-46,-48],[-26,-58],[-23,-17],[-55,-20],[13,-18],[5,-38],[16,-50],[7,-6],[22,-3],[-12,-22],[-20,-12],[-31,-5],[-17,-13],[-53,-23],[-25,29],[-19,3],[-106,-24],[-63,-42],[-41,-36],[-45,-26],[-37,-46],[-44,-30],[14,-2],[14,9],[26,-11],[0,-40],[-9,-17],[-27,-16],[-66,-21],[-22,-34],[-21,9],[-12,-15],[-11,2],[-11,-13],[-19,-8],[-5,5],[-32,-38],[-3,-22],[-12,-18],[5,-5],[-15,-21],[-30,-8],[8,-13],[-22,-14],[-50,-46],[-26,-66],[6,-23],[-10,1],[-8,-5],[-8,-18],[14,-25],[16,-1],[-17,-12],[-12,-2],[-8,-10],[-29,1],[-54,-57],[-74,-47],[-11,-17],[-42,-41]],[[67574,49874],[-75,-26]],[[67499,49848],[-34,-24],[-58,-19],[-36,-25],[-80,-39],[-24,-20],[-39,-55],[-38,-21],[-27,-30],[-31,-11],[-85,25],[-51,23],[-41,7],[-14,38],[-56,33],[-19,3],[-18,15],[-36,14],[-35,-2],[-5,23],[6,41],[-15,18],[0,16],[16,24],[28,30],[-3,10],[-30,27],[-21,-3],[-31,5],[-19,20],[-5,27],[8,29],[-5,36],[4,28]],[[66705,50091],[6,9],[12,0],[-3,11],[9,4],[-3,7],[17,1],[4,18],[8,4],[11,-3],[2,8],[-5,3],[14,10],[5,23],[22,24],[13,2],[5,6],[8,-4],[-4,11],[8,1],[0,5],[14,-4],[2,9],[15,-10],[11,16],[17,3],[0,-6],[7,9],[9,-1],[1,7],[9,2],[1,8],[11,-1],[0,6],[8,4],[7,-3],[-8,10],[9,5],[6,-6],[-4,10],[10,4],[-5,11],[14,1],[-6,16],[8,-3],[-2,20],[9,16],[-8,0],[-2,9],[-13,4],[-5,14],[1,16]],[[66950,50397],[29,7],[37,21],[15,15],[75,33],[-57,67],[-41,30],[-34,38],[-14,17],[-7,30],[82,-4],[2,9],[26,14],[15,16],[31,-10],[23,8],[64,6],[3,8],[43,-12],[4,11],[10,1],[12,19],[6,28],[31,-4],[-2,22],[35,2],[38,17],[-6,9],[68,40],[20,9],[3,-3],[34,21],[89,40],[28,8],[97,62],[40,31],[5,-1],[9,12]],[[67763,51014],[16,-1],[43,35],[113,63],[32,28],[-44,50],[-2,8],[12,12],[-41,25],[11,30],[29,46],[28,28],[9,23],[41,34],[10,6],[4,-2],[58,42],[84,80]],[[68166,51521],[49,-6],[20,-9],[9,-18],[3,-27],[65,-24],[19,-24],[-3,-12],[22,-11],[5,-11],[52,-15],[52,-3],[88,-29],[10,11],[18,8],[15,-4],[32,12],[21,15],[30,-10],[26,-190],[22,-55],[19,-23]],[[69123,51442],[-43,-12],[-11,-8],[9,-17],[-21,-14],[0,-13],[-12,-4],[9,-37],[-10,-5],[8,-14],[-38,-64],[-13,-58],[-18,-29]],[[68983,51167],[-40,25],[-8,-27],[-28,28],[-13,-14],[-22,10],[-10,-10],[-20,19],[-102,-102]],[[68166,51521],[-13,2],[22,31],[-9,13],[56,79],[18,34],[-11,5],[16,21],[90,39],[32,-2],[7,4],[22,39],[-67,7],[-72,22],[37,46],[-24,17],[157,183]],[[68427,52061],[77,-59],[11,8],[4,28],[9,12],[-3,16],[26,70],[1,17],[35,13],[13,10],[8,13],[14,59],[13,2],[11,14],[12,0],[-4,4],[8,6],[11,0],[9,20],[27,26],[-4,6],[7,0],[7,8],[69,9],[20,-9],[16,16],[39,-21],[14,9],[17,-9],[21,15],[18,-10],[4,3]],[[68940,53561],[-4,-11],[-17,-12],[-26,1],[-52,-39],[-136,-55],[-60,49],[-11,46],[-23,11],[20,45],[-30,54],[-4,35]],[[65179,52229],[34,-8],[3,-19],[10,-4]],[[65226,52198],[-73,-29],[-24,19],[-10,-9],[-12,-1],[-50,18]],[[64895,52322],[73,64]],[[64968,52386],[26,-24],[14,-74],[26,-24],[4,4],[10,-4],[23,37]],[[64640,52761],[-69,-81],[-30,-19],[-4,-22]],[[64537,52639],[-27,-1],[-3,22],[-7,8],[-59,30],[-26,-19],[-10,7],[-41,-17]],[[64364,52669],[-15,9],[2,4],[41,28],[5,20],[23,14],[6,29],[47,62]],[[63475,52862],[28,-13],[20,1],[31,-15],[-16,-19],[-7,-33],[51,-50],[30,-51],[-49,-56],[-14,-43],[85,-20],[45,-25],[62,-22],[-3,-8]],[[63738,52507],[-20,6],[-3,-4],[-61,-16],[-33,-24],[-8,-17],[-15,-10],[-35,14],[-56,35],[-19,-32],[25,-14],[-9,-18],[-11,-10],[-15,10],[-14,-18]],[[63464,52409],[-110,23],[-53,2],[-34,16],[-40,27],[-17,-11],[4,-24],[20,-33],[13,-40],[15,-16],[21,3],[12,-7],[1,-19],[33,-77],[4,-7],[21,0],[37,-65],[-71,-19],[-16,-18],[-5,-24],[-15,-16]],[[63284,52104],[-45,80],[-81,-54],[-10,13],[-8,27],[-91,-14],[-53,30]],[[62996,52186],[15,15],[0,19],[-19,3],[-26,24],[1,7],[-22,14],[42,17],[44,37],[-33,27],[-13,19],[0,13],[-28,-4],[2,-8],[-32,-14],[-4,15],[-9,0],[-11,22],[-28,27],[-14,52],[58,-2],[18,4],[35,30],[72,28],[32,0],[48,8],[0,-17],[11,-12],[53,13],[-5,15],[2,25],[-18,22],[-3,25],[-9,12]],[[63155,52622],[35,-9],[50,-27],[77,-15],[44,-15],[26,52],[17,70],[-7,79],[-37,84],[8,18],[5,37],[11,21]],[[63384,52917],[13,-15],[5,-16],[22,-12],[13,2],[6,-6],[32,-8]],[[62996,52186],[-30,-20],[-29,15],[-39,-14],[-20,6],[-39,-8],[-25,2],[-45,9],[-33,22],[-26,-16]],[[62710,52182],[1,19],[-9,4],[7,13],[-7,-1],[-3,-7],[-2,9],[-10,-2],[-13,15]],[[62674,52232],[-34,108],[-49,128],[9,8],[7,-4],[6,13],[4,-4],[8,5]],[[62625,52486],[-1,11]],[[62886,52768],[15,36],[5,-3],[20,18],[8,-6],[14,2],[15,10],[8,-6],[9,2],[26,-16],[26,6],[19,-6],[33,-22],[-4,-5],[27,-30],[29,-17],[-3,-7],[16,-18],[8,-24],[-6,-3],[27,-15],[-5,-8],[12,-4],[-3,-5],[27,-9],[-7,-16],[-29,17],[-14,-9],[-4,-8]],[[64741,57960],[57,-19]],[[64798,57941],[-2,-31],[-68,-15],[-4,-8]],[[64724,57887],[-82,-2],[-20,14],[-26,39],[-12,5],[-31,3],[8,-16],[-15,0],[-74,-23],[-43,9],[-38,-9],[-86,6],[-18,11],[-2,14],[-11,7],[0,5],[-18,7],[-26,-1],[-9,10],[-100,-28],[15,-44],[-48,-42],[-2,-11],[12,-28]],[[64098,57813],[-19,13],[-12,32],[-28,12],[-5,8],[-13,-9],[-6,7],[-14,-15],[-42,-12],[-20,-11],[-42,43],[-37,29],[-16,5],[-41,38],[-18,10]],[[63785,57963],[31,54],[35,4],[24,69],[11,0],[0,4],[17,5],[-2,7],[45,-6],[76,25],[72,5],[3,7],[-5,15],[32,1],[-25,14],[-15,16],[3,19]],[[64087,58202],[15,2],[5,10],[12,3],[3,6],[9,-6],[5,12],[16,3],[10,14],[37,14],[25,3],[37,31],[4,20],[14,20]],[[64279,58334],[77,-79],[32,-19],[45,-10],[91,2],[28,-7],[24,-13],[22,-31],[24,-144],[39,-41],[80,-32]],[[67251,60466],[-35,-30],[-27,-12],[-10,-21],[80,33],[53,16],[58,1],[-85,-167],[25,-220],[86,-38],[126,40]],[[67811,59357],[-79,3],[-47,10],[-47,17],[-5,9],[-37,19],[-30,12],[-48,9],[-52,4],[-25,7],[-66,-5],[-21,24],[-33,99],[-29,20],[-11,1],[-23,24],[-57,25],[-6,20],[-63,-14],[-23,-11],[-40,-7],[-27,-17],[-13,-17],[-51,-31],[-14,-1],[-63,15],[-8,-45],[1,-40]],[[66894,59487],[-22,-1],[-15,10],[-32,0],[-4,-6],[6,-7],[-20,-8],[6,-11],[-21,-1],[3,-19],[-22,0],[-6,-26],[-16,-4],[-32,-21],[-25,9],[-6,11],[-45,14],[4,26],[-22,-2],[-15,5],[-14,-8],[-2,16],[-23,8],[0,18],[-11,21],[-23,21],[-35,1],[-7,21],[-18,1],[-16,-8],[-14,7],[11,8],[-26,14],[-19,-8],[-30,-2],[-21,-26],[-7,-25],[-11,2],[-30,-12],[-7,12],[-15,-24],[-6,0],[-10,9],[7,10],[-12,4],[-21,-6],[-20,27],[-12,1],[-8,23],[-17,3],[8,6],[23,0],[16,6],[0,15],[-8,5],[-3,15],[-13,-2],[-9,12],[-12,-2],[-10,6],[-28,-2],[-3,6],[-14,7],[5,6],[-5,6],[-32,0]],[[66108,59648],[-2,5],[19,12],[8,17],[18,2],[5,13],[-7,6],[2,5],[25,13],[11,48],[-10,18],[8,10],[-13,10],[-25,-2],[-11,-5],[-15,12],[-15,-3],[0,17],[-22,-9],[-7,17],[-22,18],[-3,43]],[[66052,59895],[0,16],[22,58],[-4,26],[5,9],[31,0],[15,18],[44,-1],[26,15],[31,5],[58,32],[-3,16],[-31,17],[16,61],[-5,19],[33,58],[7,31],[38,47],[-30,21],[99,141],[27,113],[-33,61]],[[66398,60658],[54,51],[58,8],[288,155],[217,304]],[[67015,61176],[429,-460],[-21,-24],[-122,-63],[-99,-75],[-3,-17],[52,-71]],[[67799,58243],[-13,-53]],[[67031,57834],[12,19],[-7,12],[7,1],[1,16],[-40,32],[24,8],[-34,20]],[[66952,58194],[26,27],[27,19],[11,28],[-16,87],[-18,43],[-14,21],[-56,44]],[[66912,58463],[3,6],[27,-8],[1,5],[48,-2],[64,14],[29,19],[25,-5],[19,-11],[7,-22],[0,-24],[7,-8],[-11,-8],[3,-3],[-45,-32],[77,-30],[25,-31],[-1,-5],[-16,0],[-23,-49],[24,-3],[-20,-49],[26,2],[-2,-28],[317,15],[97,21],[36,15],[16,2],[154,-1]],[[63126,54400],[-96,20],[-33,2],[-1,5],[-8,0],[-3,27],[-21,0],[-1,19],[-12,-1],[1,-25],[-19,0],[-6,21],[-62,-4],[-72,7],[-22,15],[-7,14],[-35,0],[-7,-8],[-36,21],[-37,-10],[-38,-22],[-60,-46]],[[62415,54554],[-2,7],[17,19]],[[62430,54580],[241,30],[123,28],[109,-1]],[[62903,54637],[135,-4],[28,7],[21,13]],[[62726,50791],[72,-10],[77,-32],[46,-37],[37,-59]],[[62974,50595],[-21,1]],[[62446,50596],[-18,62],[2,63],[-4,1],[24,74],[37,54]],[[62487,50850],[114,-43],[51,-10],[74,-6]],[[70958,51310],[22,-29],[-91,-43],[9,-13],[-38,-10],[-38,-46],[28,-99],[-105,-68],[30,-135]],[[70775,50867],[-61,-18]],[[70714,50849],[-23,220],[-9,32],[-21,38],[-15,43],[-16,22]],[[70630,51204],[35,16],[-1,28],[-18,32]],[[70646,51280],[14,42],[-22,22],[7,15]],[[70645,51359],[16,-1],[10,-9],[139,-36],[28,-16],[29,-32],[28,23],[63,22]],[[62771,51810],[-2,-7],[15,-1],[-6,-12],[23,-46],[-12,-8],[2,-6]],[[62791,51730],[8,-22],[17,-10],[-4,-14],[7,-7],[-4,-14]],[[62815,51663],[-3,-4],[-112,-20],[-3,4],[-34,-12],[-19,2],[-35,-9],[-2,3],[-17,-7],[-42,-32],[-39,9],[-19,0],[-5,-6],[-14,6],[-6,-6],[-13,5],[-23,-33],[-40,17],[-16,3],[-6,-6],[-9,18],[-19,-25],[-63,21],[21,-32],[24,-17],[28,-42],[37,-31],[23,-29],[19,-1],[41,-26],[33,-39]],[[62546,51294],[-46,-9],[-109,-9],[-12,-17],[-31,6],[-25,-15],[-83,-34],[-4,4],[-80,-34],[-57,-18],[11,-69],[19,-56],[24,-103],[29,-41],[40,-30],[-54,-54],[58,-51],[-17,-9],[8,-6],[-4,-8],[-22,-9],[27,-97],[14,-13],[-9,-7]],[[61694,50956],[40,131],[45,59],[41,41],[4,16],[-6,51],[11,3],[11,17],[-11,0],[0,7],[20,84],[36,9],[-13,21],[0,71],[-8,15],[-14,5],[2,18],[15,8],[9,14],[12,0],[44,26],[48,-7],[33,2]],[[62013,51547],[45,7],[39,33],[5,19],[104,2],[2,6],[-12,17],[55,65],[-46,22],[-4,14],[-56,-59],[-24,7],[5,6],[-9,8],[10,8],[-28,15],[-17,-5],[-33,37],[44,3],[-11,27],[33,23],[6,-11],[-1,-35],[78,7],[5,15],[-4,47],[-27,-2],[-7,20],[22,10],[16,3],[3,-5],[29,8]],[[70714,50849],[1,-6],[-73,-9],[-27,-9],[-35,-30],[-35,-15],[-22,-16],[-65,42],[-33,37],[-17,31],[-13,-5],[-20,18],[-42,67],[-69,25]],[[70264,50979],[39,29],[62,13],[5,7],[-7,2],[43,15],[32,20],[9,18],[-4,32],[14,45],[-12,58],[3,6],[51,3]],[[70499,51227],[67,-8],[-8,-13],[4,-3],[50,-3],[18,4]],[[59421,54967],[-4,-28],[-35,-17],[12,-40],[-10,-40],[24,-33],[20,2],[-1,-11],[-6,-3],[12,-49],[15,-27],[39,-14],[15,8],[1,-17],[33,-1],[16,-14],[1,13],[9,1],[73,-43],[26,1],[11,-22],[27,1],[6,-17],[32,13],[59,-4],[-4,19],[31,-1],[31,10],[9,-3]],[[59863,54651],[-23,-11],[1,-9],[-15,-26],[-18,-5],[-13,-11],[-2,-29],[9,-13],[-8,-9],[-5,-85],[-11,-17],[-32,-10],[-2,-8],[-9,-3],[24,-24],[6,-15],[-15,-22],[1,-23],[12,-8],[18,-4],[48,15]],[[59829,54334],[4,-6],[15,1],[1,-4],[33,-10],[-8,-5],[-53,0],[-40,-14],[-44,7],[-9,-6],[-74,7],[-113,-6],[-43,-13],[-122,0],[-50,21],[13,7],[-3,11],[14,36],[-46,9],[-15,-19],[-37,-14],[-62,15],[-14,15],[10,5],[-26,44],[-18,-10],[-7,9],[15,24],[25,10],[-19,48],[-18,21],[23,8],[2,4],[-10,6],[32,12],[-21,10],[8,15],[-15,17],[0,37],[-13,-5],[-44,2],[-26,-5],[-88,-43],[-29,-8],[-29,-20],[-18,-37],[-59,1],[-29,-15]],[[58822,54496],[-42,30],[-46,25],[-32,39],[-18,10],[-54,66],[-6,22],[-19,36],[-34,-6],[-20,38],[-5,29],[-20,5],[-33,21],[-9,8],[-5,25],[-59,19],[-13,-5]],[[58407,54858],[-12,3],[-1,8],[20,12],[15,19],[38,112],[49,1],[103,-29],[125,-20],[76,-6],[59,16],[61,-8],[52,-17],[44,-1],[25,-11],[22,0],[12,2],[1,4]],[[79538,48078],[-18,-1],[-60,16],[-80,0],[-43,17],[-56,14],[-50,18],[-8,-5],[-2,-19],[-9,-11],[-38,-11],[-50,-48],[-87,-52],[-21,-57],[-26,-17],[12,-40],[-4,-19],[8,-98],[-5,-30],[2,-30],[-10,-13],[18,-49],[-8,-10],[-4,-23],[4,-35],[-8,-21],[5,-9],[42,-31],[11,-24],[-2,-29],[6,-13],[-11,-45],[3,-25],[-12,-16]],[[78068,47034],[645,56],[324,272]],[[77901,47162],[56,-34],[101,-30],[10,-64]],[[77901,47162],[723,1005],[44,51],[23,49],[-1,13]],[[79195,48628],[105,-22],[162,30],[51,21],[15,-1],[42,-23],[92,-105],[4,-8],[-5,-9],[-3,-35],[13,-3],[3,-15],[-139,-6],[0,-3],[-138,-11],[31,-102],[5,0],[28,-73],[4,-30],[73,-155]],[[62284,52833],[-49,-23],[-23,38],[-31,29],[-35,-17],[-21,10],[-14,-1],[-75,-50],[-15,-3],[10,-15],[-20,-10],[-12,6],[-7,18],[-15,-18],[7,-16],[0,-46],[-13,2],[-2,-5],[-48,25],[-32,34],[-27,47]],[[62078,53032],[24,-11],[22,-29],[18,-2],[48,-21],[20,-44],[32,-49],[42,-43]],[[58111,58896],[75,-46],[333,-135],[28,-40],[33,-29],[122,-20],[307,-83]],[[59009,58543],[-12,-16],[-123,-40],[-33,-3],[-41,5],[-15,10],[-42,-2],[2,-26],[-28,-47],[-16,-17],[-13,-24],[-33,-17],[-32,-29],[0,-34],[-20,-8],[2,-12],[-35,-21],[-10,-11],[-8,-46],[13,-8],[-72,-76],[55,-75],[33,1],[74,31],[126,74],[65,-60],[28,-15],[12,-21],[-1,-22],[18,-18],[1,-55]],[[58904,57961],[5,-55],[11,-45],[-10,-8],[-8,-43],[22,-111]],[[58924,57699],[-123,36],[-19,-12],[-30,-32],[-36,-17],[-29,1]],[[57608,57342],[-7,-3],[-33,69],[-22,21],[-17,6],[-2,3],[17,11],[-5,5],[-14,-5],[-5,32],[4,3],[18,-12],[23,3],[10,-5],[14,17],[32,-13],[-34,18],[-17,19],[13,17],[24,18],[9,30],[18,6],[-1,3],[-17,-5],[-11,-1],[1,9],[-24,-1],[-3,-27],[-29,1],[3,27],[7,4],[-11,20],[17,1],[6,15],[-6,50],[3,50],[53,10],[37,-3],[12,16],[13,-20],[61,-12],[88,33],[44,28],[11,20],[-45,57],[-35,-22],[-23,-38],[-7,-23],[-12,8],[-7,-2],[-5,8],[-2,38],[-11,22],[7,15],[-11,7],[-31,-1],[-22,-11],[-32,-3],[-38,-21],[-18,0],[-42,-19],[-69,-18],[-19,-3],[-14,5],[-45,2],[-25,-6],[-70,163],[27,38],[-1,30],[21,63]],[[58235,59316],[4,-118],[-31,-53],[-70,-91],[-5,-18],[-14,-17],[8,-18],[-15,-64],[-1,-41]],[[76195,48609],[88,149],[-66,95],[89,27],[-9,9],[78,22]],[[76617,49121],[4,16],[25,20]],[[56902,52950],[-8,-33]],[[56902,52950],[15,-1],[9,-18],[14,-5],[18,10],[17,27],[36,6],[3,16],[16,7],[6,7],[8,0],[7,8],[13,-1],[15,11],[-7,11],[10,-7],[15,1],[17,12],[35,41],[13,37],[16,-2],[-7,5],[-2,16],[20,12],[2,11],[17,21],[-10,23],[10,2],[7,14],[-13,26],[6,5],[5,27],[8,5],[-19,11],[2,5],[-8,11],[9,2],[3,7],[26,4],[43,24],[30,-6],[31,3],[39,-21],[18,33],[-11,49],[38,25],[35,12]],[[57457,53436],[18,-62],[51,-35],[11,3],[43,-19],[24,-4],[52,2],[6,6],[42,-26],[16,-20],[43,-32],[56,11],[1,-22],[37,17],[9,-27],[0,-19],[7,-17],[15,-16],[5,0],[3,-22],[10,-9],[-5,-5],[3,-9],[11,-13]],[[71600,55439],[-202,38]],[[71398,55477],[0,40],[-7,23],[11,16],[28,14]],[[71430,55570],[16,32],[-2,13],[8,13],[-1,12],[14,22],[-1,11],[-27,-5]],[[71544,55873],[80,-12],[69,-2]],[[62240,57004],[28,-30],[15,-191],[42,-28]],[[62325,56755],[-87,-59],[-71,10],[2,82],[-41,-5],[-14,10],[-29,-6],[2,-18],[-8,0],[-3,-6],[-46,6],[-45,-15],[-10,38],[-19,19],[-3,32],[-15,26],[-28,-9],[-44,-2],[-39,-18],[-37,-6],[-3,-7],[-39,-19],[-49,-14],[-13,-12],[-43,-6],[-27,5],[-38,44]],[[61578,56825],[4,68],[12,59],[-19,15],[-14,38],[10,27],[-45,37]],[[61482,57215],[22,12],[83,-15],[21,4],[1,-23],[20,1]],[[71384,56018],[46,-31],[-8,-9],[8,-6],[-10,-11],[13,-9],[-5,-5]],[[71366,55889],[-15,6],[-2,6],[-76,53]],[[71273,55954],[21,12],[-15,20],[33,10],[-34,70]],[[71278,56066],[30,7],[6,-8],[5,1],[7,-27],[27,9],[35,-25],[-4,-5]],[[61578,56825],[-32,-19],[-4,-10],[-54,-44],[-9,3],[-13,-12],[-9,-1]],[[61457,56742],[-41,37],[-126,-35],[-7,-7],[-133,12],[-10,-11],[-38,-1],[0,20]],[[61112,56909],[-10,98],[-13,9]],[[61089,57016],[10,5],[7,-5],[5,5],[-3,10],[11,1],[-2,8],[19,-4],[2,12],[-6,6],[22,8],[-12,13],[18,3],[11,43]],[[72319,56473],[-9,50],[88,-9]],[[72398,56514],[83,0],[92,15],[63,17]],[[72636,56546],[167,1],[215,42]],[[73018,56589],[166,13],[211,-6],[91,8],[80,-2],[222,24],[32,-12],[60,-59],[38,-25],[13,3],[37,-17]],[[63458,55948],[57,-22],[13,-27],[12,-73],[23,-31],[28,-27]],[[63591,55768],[-34,-33],[-7,3],[-7,-6],[-11,0],[-7,6],[1,7],[-20,10],[-50,-25],[-30,3],[-9,-6]],[[62542,56062],[131,18],[8,-8],[39,-5],[2,-6],[109,-1],[45,-22],[41,-29],[32,-12],[-13,-65],[36,-1],[30,12],[24,25],[20,12],[-13,24],[17,6],[-23,70],[21,1],[20,-40],[5,3],[11,-19],[31,10],[0,-11],[-8,-11],[-21,-1],[5,-22],[16,-5],[25,6],[-2,26],[56,17],[-6,10],[104,40]],[[63284,56084],[20,-35],[-10,-3],[26,-45],[138,-53]],[[72394,56835],[-37,2],[3,-8],[-23,10],[-23,-10],[-9,11],[-73,-35],[-7,6],[-119,-52]],[[72106,56759],[-25,38],[-46,51],[81,97],[49,49]],[[72165,56994],[98,-66],[46,12],[22,-39],[37,15],[19,-33],[7,-48]],[[62173,54088],[-13,-11],[3,-7],[-8,-11],[-12,-6],[-7,-23],[-14,-7],[2,-15],[-11,-10],[8,-8],[2,-10],[-10,-4],[-1,-9],[-11,-3],[0,-7],[-10,-9],[-9,-2],[7,-6],[-11,-2],[-34,-19],[-10,1],[5,-13]],[[62039,53907],[-15,-26]],[[62024,53881],[-32,-3],[-4,-13],[-23,2],[0,11],[-12,1],[-14,21],[-18,2],[-29,12],[-6,34],[-27,15],[-129,-2],[-7,12],[-17,1],[7,7],[-3,4],[9,5],[-47,14],[-1,-7],[-16,-3],[-1,3],[-20,-6],[0,9],[-50,-14],[4,-8]],[[61588,53978],[-30,16],[-14,18],[-6,81],[-15,1],[2,14],[-10,66],[-10,12],[-15,4],[-26,38]],[[81219,58119],[188,97],[1,-3],[122,60],[-2,8],[90,47]],[[81618,58328],[25,15],[37,4],[24,11],[-12,20],[19,9],[-14,24],[11,5],[-4,9],[16,7]],[[81720,58432],[18,-23],[21,-53],[14,-19],[24,-19],[92,-222]],[[62024,53881],[-3,-15],[8,-16],[-9,-6],[6,-10],[-9,-6],[-2,-38],[6,-16],[7,-3],[20,-28],[12,5],[-3,-11],[11,-8],[2,-12],[8,-6],[16,-33],[5,-5],[9,-3],[-7,-6],[2,-18],[16,-5],[-6,-12],[9,-13]],[[62122,53616],[-7,-20],[7,-2],[-3,-5],[4,-11]],[[62123,53578],[-23,-3],[5,-17],[-72,2],[-59,-23],[-10,14],[-106,-22]],[[61588,53568],[23,80],[76,21],[5,8],[-17,8],[-12,19],[-9,4],[6,12],[-28,15],[-26,25],[-7,-1],[-21,26],[-22,0],[-26,10],[-22,-2]],[[61508,53793],[3,10],[51,-1],[61,28],[15,18],[3,19],[-9,48],[-24,47],[-20,16]],[[81935,57989],[51,-123],[59,-96],[72,-92]],[[64693,51352],[15,-18],[25,-55],[-61,-13],[-23,37],[-10,-12],[-20,0],[1,-34],[-67,-7]],[[64553,51250],[17,43],[-11,84],[5,49],[-4,18],[-17,22],[-7,21]],[[64536,51487],[9,5],[-3,4],[40,25],[13,-1],[14,8]],[[63494,50275],[2,-5],[47,14],[27,-14],[31,6],[-6,-19],[21,-7],[34,-25],[12,-3],[77,14],[60,-34],[14,-19],[18,-40],[34,-20],[45,-9],[12,-7],[10,27],[34,26],[21,-17],[48,77],[-24,17],[25,63],[3,25],[-7,38],[98,-1],[54,6]],[[64184,50368],[31,-5],[18,-31],[-19,-16],[18,-26],[30,-64],[34,-18],[27,-2],[2,-105],[35,2],[-8,-25],[-2,-62],[11,-54],[-21,3],[-5,8],[-9,-2],[-3,5],[-18,-5],[-8,10],[-7,-11],[-10,5],[-1,-8],[-20,-13],[8,-6],[-3,-3],[-11,2],[-8,-4],[0,-6],[-19,3],[-6,-10],[-15,10],[-3,-3],[20,-39],[-15,0],[6,-43],[-4,-1],[2,-49],[26,-59],[-17,-41],[7,-39],[-64,-33],[13,-18],[-87,-12],[-90,-2],[5,13],[-13,21],[4,21],[-61,14],[-69,42],[-104,9],[-16,5],[-47,40],[-23,3],[-32,26],[-51,15],[-12,8]],[[69532,54371],[8,-29],[26,-31],[140,-119],[0,-12],[73,-8],[-2,-13],[42,-31],[-25,-16],[-27,-52],[36,-10],[57,-35],[52,-20],[-3,-14],[10,0],[-8,-18],[11,-13],[-4,-10],[7,-9],[-11,-12],[-5,-54],[14,-29],[28,17],[2,-13],[-6,-9],[-19,-12],[-15,1],[-25,-21],[-13,-3],[-15,11],[-18,1],[0,11],[-18,7],[-18,3],[-8,-4],[-39,14],[-13,-6],[-17,3],[0,-11],[-7,4],[-4,-5],[-8,1],[-11,-16],[9,-11],[14,-2],[3,-22],[8,-6],[3,-15],[-9,-13],[-31,-21]],[[69061,53935],[-37,103],[-11,3],[-18,87],[-14,5]],[[68685,54431],[70,86],[2,24],[-13,18],[-23,11],[-28,5],[-55,0],[-18,8],[-3,29],[29,62],[3,18],[-17,23],[-55,32],[-8,23],[1,20],[5,17],[31,34],[26,109],[16,25],[35,-13],[37,2],[20,37],[17,-1],[15,13],[14,28],[-4,13],[6,49],[-1,8],[-11,3],[6,32],[-11,32]],[[68771,55178],[35,12],[134,-148],[17,-24],[31,-17],[-6,-23],[20,1],[-5,-35],[-10,-20],[46,-4],[0,-19],[24,-34],[21,-5],[21,-14],[-10,-33],[18,-14],[35,-13],[21,-20],[8,-17],[-14,-47],[3,-22],[5,-7],[18,-3],[-3,-34],[25,-7],[-17,-19],[70,-42],[20,-49],[16,-10],[-5,-23],[11,-22],[24,-1],[41,-20],[15,2],[55,-21],[69,-10],[28,-45]],[[65821,55825],[-10,-2],[-4,-11],[-32,2],[-19,-5],[-11,-23],[-179,-91],[-119,-100],[-32,-11],[-77,-49]],[[65338,55535],[-5,12],[-32,22],[-34,42],[-28,15],[-25,24],[47,27],[17,21],[15,44],[31,25],[-31,22],[-69,67],[-22,-1],[-15,-11],[-10,5],[-12,-4],[-28,0],[-38,48],[-106,52],[-86,33],[-73,-1],[-20,4],[-13,9]],[[64953,56238],[110,31],[38,2],[34,-4],[114,-28],[95,8],[91,-9],[86,7],[75,49],[51,40],[290,-35],[-8,-57],[-29,-75],[-10,-57],[-89,42],[-23,-82],[67,12],[15,-14],[33,-12],[-21,-9],[-50,-72],[1,-21],[-10,-36],[20,-46],[-13,-22],[1,-25]],[[61829,56115],[12,-17],[1,-16],[-24,-1],[-13,-14],[-34,2],[-17,-8],[-26,-22],[18,-30],[-23,-11]],[[61402,55954],[-9,6],[-5,14],[-28,10],[-48,8],[-32,-1],[2,10],[-7,8],[13,6],[-9,11],[-1,22],[8,3],[-9,9],[-9,54],[-4,15],[-11,11],[0,13],[-17,4],[7,12],[-6,8],[4,13],[-13,8],[2,12],[-19,1],[5,13],[-15,2],[7,5],[-1,9],[-13,-3],[-3,6],[-7,-1],[0,10],[-19,0],[2,12],[-12,-7],[-5,4],[-9,-2],[0,15],[-11,0],[-14,12],[-12,-5],[-21,17]],[[61392,56471],[51,-66],[64,-25],[39,-41],[17,-44],[19,-10],[46,5],[3,26],[22,58],[17,25],[10,0],[-5,-16],[4,-68],[-14,-25],[22,-8],[27,-23],[16,-27],[-1,-11],[16,-45],[51,-18],[33,-43]],[[60428,58082],[-19,-29],[10,-17],[-29,-99],[1,-19]],[[59998,57777],[-68,25],[9,16],[-19,12],[-34,5],[-4,4],[-19,-10],[-23,29],[-12,-3],[-17,47],[10,25],[-6,12],[-20,7]],[[59795,57946],[-1,17],[6,11],[20,6],[31,-12],[1,17],[4,2],[26,-10],[21,-1],[15,7],[3,13],[8,7],[58,37],[102,26],[18,-28],[56,8]],[[60428,58082],[-30,13],[-33,1],[-1,-11],[-35,3],[-26,-6],[-1,4],[-77,-23],[-16,0],[-9,-11],[-37,-6]],[[55533,56924],[-18,2],[-17,-7],[-37,-1],[-45,10],[-52,25],[-64,8],[-52,14]],[[55248,56975],[-35,16],[-18,18],[-16,61],[-10,18]],[[70580,57739],[-6,-5],[-104,11],[-10,16],[-22,13],[-60,6],[-43,15],[-34,7],[-39,2],[-176,-5],[-108,-33],[-48,-8]],[[69713,58571],[-9,25],[-53,0],[2,60],[-7,34],[101,4],[124,15],[70,-2],[63,9],[157,8],[54,11],[33,-12],[3,5],[69,10],[5,-5],[34,12],[5,-5],[233,18]],[[70597,58758],[28,-195],[74,5],[210,28],[129,5],[-34,-103],[-10,-17],[-1,-39],[-26,-31],[-12,-1],[-9,-32],[-8,-10],[8,-28],[-29,-27],[-153,-15],[-92,-1],[-95,-11],[14,-25],[26,-22],[4,-18],[12,-6],[18,2],[15,-16],[-10,-17],[-2,-17],[-24,-31],[-5,-38],[-5,-4],[-19,5],[-5,-13],[-17,-10],[8,-21],[0,-61],[24,-20],[8,-19],[29,-15],[-8,-50],[-5,-11],[-13,-2],[-1,-15],[-18,-47],[-12,-11],[-22,-6],[-10,-26],[18,-15],[3,-18]],[[54357,60563],[-2,-27],[30,-14],[22,-28],[-17,-14]],[[54390,60480],[-25,4],[-49,-35],[-32,3],[-38,16],[-32,2],[-28,-6],[-29,-21]],[[54157,60443],[-8,12],[-1,16],[89,39],[4,5],[-12,22]],[[54229,60537],[23,35],[54,34],[7,-14],[-2,-17],[46,-12]],[[74791,58198],[-7,-3],[-3,-10],[-8,2],[-5,-14],[-75,-52],[-12,-1],[-2,-5],[-21,-8],[5,-15],[16,0],[105,-144],[53,-127],[-7,-4],[-49,2],[-65,-15],[-146,-63],[9,-28],[28,-43],[-6,-43],[4,-18],[17,-25],[22,-20],[-35,-42],[11,-35],[-20,-31],[1,-17],[-8,-11],[-11,-3],[24,-36],[38,-5],[30,-12],[64,-16],[22,0],[-2,-33],[-32,-64],[-1,-14]],[[74725,57245],[-11,-10],[-80,-2],[-93,21],[-25,14],[-83,-33],[-39,38],[-10,5],[-10,-1],[-53,-16],[-1,-30],[-25,-4],[-54,6],[-33,-27],[-7,-16],[-48,-29],[-35,-10],[-26,-17],[-4,-24],[4,-9],[-8,-21],[-46,-45],[-24,-70],[-45,-49],[31,-10],[40,-36],[10,-47],[-12,-16],[-2,-24],[-23,-21],[-9,-22],[-28,-27],[-8,-20],[9,-24],[-6,-22],[30,-17],[17,-29],[53,-38]],[[73018,56589],[-6,25],[-24,26],[-14,75],[-1,25],[10,63],[-8,47],[220,58],[51,3],[39,-5],[40,7],[44,23],[39,37],[64,40],[36,30],[-12,0],[-31,13],[-12,17],[-69,54],[-20,27],[-36,31],[-41,10],[-47,-5],[-5,17],[11,20],[-12,29]],[[73234,57256],[2,7],[100,45],[-16,1],[-11,16],[92,154],[-39,26],[-6,20],[22,64],[25,46],[12,40],[19,36],[-6,15],[-21,16],[-32,-1]],[[74227,58155],[115,32],[44,24],[171,59],[46,20],[30,23],[77,-63],[31,-16],[50,-36]],[[55144,57105],[-17,10],[-8,-13],[-19,5],[-45,-4],[-24,-16],[-5,-13],[13,-10],[-36,-45],[-15,-35]],[[54988,56984],[-83,14]],[[74725,57245],[19,-5],[27,22],[23,-19],[-12,-22],[-10,-1],[-2,-14],[2,-12],[13,-4],[14,5],[2,-13],[-24,-5],[-4,-12],[39,-2],[42,7],[54,-5],[-15,-25],[-50,11],[-54,1],[-13,-2],[2,-17],[44,2],[62,-20],[-16,-28],[72,-31],[-20,-32],[-26,-14],[38,-29],[31,-15],[61,-41]],[[69691,44138],[-1,-82]],[[69495,44066],[-3,78],[26,76]],[[69518,44220],[173,-82]],[[68445,40360],[-12,-33],[2,-25]],[[68435,40302],[-74,-30],[-56,-48]],[[68236,40188],[-44,63],[-47,113],[-9,53]],[[58741,49046],[-35,-18],[-20,-53],[-10,-11],[-48,-26],[26,-23],[14,-46],[98,-8],[29,-9],[23,8],[16,-15],[26,-1],[24,-10],[39,11],[28,21],[29,-35],[9,-22],[20,5]],[[59009,48814],[3,-27],[-5,-3],[14,-37],[9,-11],[14,7],[16,-24],[18,7],[5,-6],[-35,-17],[54,-36],[1,-14],[44,-8],[0,-8],[21,-3],[36,-16],[24,-22],[34,-17],[40,-30],[3,-9],[30,-20]],[[59335,48520],[-27,-17],[-58,-16],[-29,-14],[0,-29],[-6,6],[-76,-29],[-10,9],[-60,-24],[46,-30],[-4,-3],[42,-38],[19,-25],[-17,-12],[-23,-7],[1,-4],[-16,-1],[-50,-43],[-31,3],[-19,30],[-39,11],[-26,24],[-48,-22],[-16,-30],[20,-7],[2,-31],[-25,1],[5,-14],[-5,-13],[-35,-44],[-9,-33],[-9,-6],[-8,9],[-22,4],[-11,14],[-15,8],[-8,16],[-23,14],[-45,71],[-30,-8],[-28,2],[-101,73],[-15,7],[-8,-5],[-22,18],[-35,-9],[-39,5],[-5,6],[-32,6],[-30,26],[-18,39],[-55,-20],[-8,7],[23,32],[9,2],[21,26],[-12,35],[-52,29],[1,11],[-29,31],[-4,17],[-12,2],[3,11],[-5,4],[5,10],[-5,5],[13,0],[15,32],[-9,3],[6,9],[-6,29],[19,7],[-1,11],[-55,51],[-6,34],[-28,49],[-33,7],[-23,14],[-5,8],[4,23],[-73,28]],[[58037,48918],[-2,-3]],[[58037,48918],[4,71],[-13,55],[13,21],[50,48],[20,5],[21,-6],[43,-27],[23,-41],[44,-23],[41,-4],[17,6],[51,45],[30,35],[45,36]],[[58426,49139],[138,-117],[39,45],[10,-5],[44,51],[19,-22],[34,-23],[-5,-8],[36,-14]],[[63972,52968],[-23,-38],[3,-7],[-23,-38],[-18,-52],[-61,-90],[-14,-34],[-2,-37],[9,-40],[20,-34],[32,-30]],[[63475,52862],[5,8],[29,-4],[115,73],[24,41],[10,49],[36,10],[51,-5]],[[63745,53034],[25,-8],[13,-18],[24,-14],[34,-9],[73,32],[11,11],[19,-4],[27,-23],[6,21],[11,5],[5,11]],[[63993,53038],[-5,-31],[-16,-39]],[[64534,51935],[-33,31],[-16,6],[-102,-3]],[[64361,52134],[13,-29],[32,32],[29,-8],[23,2],[21,61],[43,-29],[19,-27],[31,26],[12,-12],[11,0],[23,32],[8,1],[5,-39],[112,-30],[-1,-28],[4,-8],[6,6]],[[64351,52235],[-8,-46]],[[64105,52211],[-13,36]],[[64278,52507],[43,-197],[30,-75]],[[70544,45685],[13,-14],[26,-16],[11,-19],[26,-21],[2,-32],[-22,-38]],[[70600,45545],[-9,11],[-9,-4],[-15,8],[-24,-2],[-5,-8],[7,-2],[0,-10],[-12,-3],[3,-5],[-6,-16],[-17,-10],[-27,-9],[-36,5],[-50,-33],[-28,10],[-13,-21],[-13,-8],[-2,-11],[-11,3],[-27,-7],[-28,-17],[-4,-10],[-8,-3],[-4,-13],[-6,8],[-11,-3],[-7,-18],[13,4],[4,-12],[-13,1],[2,-9],[-24,-10],[3,-6],[-9,-5],[3,-8],[11,1],[0,-23],[-5,-3],[-15,8],[-7,-12]],[[70201,45303],[-33,-6],[-58,-79],[32,-2],[-26,-30],[-22,12],[-29,-48],[15,-9],[-13,-6],[-7,-13],[-10,0],[-5,-15],[-10,-4],[0,-10],[-14,3],[-29,-13],[-7,22],[-13,-7],[5,-9],[-9,-9],[-33,16],[-15,-10],[-2,-7],[16,-18],[-12,-6],[3,-16],[13,-10],[-7,-3],[-28,2],[12,-22],[25,-15],[1,-6],[-11,2],[-11,-8],[15,-7],[4,-7],[-9,-3],[-19,5],[-6,-15],[-13,-3],[-4,5],[-7,-3],[-1,-7],[8,1],[0,-9],[7,-1],[-7,-6],[4,-11],[8,-1],[-13,-20],[-13,1],[3,-17],[-17,-6],[0,-16],[-11,0],[-14,-10],[3,-8],[-13,1],[3,-5],[-8,-5],[-3,10],[-15,-6],[0,-6],[11,-6],[-27,-6],[0,-9],[9,-1],[-2,-8],[6,-3],[-2,-11],[-19,-2],[-6,-20],[-23,-9],[0,-6],[-21,-12]],[[69727,44737],[-9,-1],[-30,16],[-10,-6],[-17,4],[-8,7],[-15,-5],[-9,13],[-11,2],[-27,65],[-10,9],[-25,10],[-17,20],[-11,1],[1,8],[10,6],[-9,11],[15,22],[-24,11],[-4,-3],[-6,9],[-9,-3],[-7,-10],[-9,7],[-30,6],[-1,6],[-15,1],[-11,24],[-20,13],[-31,1],[-4,11],[11,10],[-22,7],[-4,33],[17,5],[-8,8],[4,9],[7,1],[3,-6],[4,14],[9,-7],[1,23],[9,0],[-5,8],[18,19],[-6,15],[7,8],[-9,0],[2,9],[-9,-2],[7,9],[-16,7],[2,19],[-4,7],[-16,0],[-13,26],[-18,17],[-2,17],[-17,26],[-8,3],[-2,15],[-33,21],[4,6],[-5,14],[-20,23],[2,6],[-9,15],[-15,13],[-10,-3],[-3,12],[-14,4],[0,9],[-51,-3],[-2,33],[-17,20],[4,14],[-8,3]],[[69821,45912],[16,35],[59,31],[-20,51],[-15,23],[-2,25],[12,-1]],[[69871,46076],[98,-19],[39,-3],[20,4],[64,36],[58,23],[14,-5],[92,14],[42,-10],[-2,6],[14,-3],[-2,-5],[44,-1],[13,-6],[0,-7],[7,1],[14,-18],[8,5],[15,-14],[12,-3],[10,-22],[9,3],[14,-4],[8,-10],[6,2],[11,-7],[-8,-4],[7,-4],[-20,-49],[21,-78],[-7,-33],[-13,-9],[-20,-29],[-5,-35],[2,-49],[63,-21],[8,-11],[3,-16],[10,-7],[24,-3]],[[64007,46546],[-215,-54],[-76,-8]],[[63797,46696],[9,5],[25,-11],[66,-12],[11,36],[33,51],[-7,27],[43,41],[14,57]],[[71264,47791],[185,-153],[-29,-33],[-13,-2],[-44,-37],[-39,-19],[-23,-22],[-79,-52],[3,-23],[-9,-37],[8,-17],[-14,12],[-42,-1],[-110,-28],[-93,-16],[-12,-7],[-65,24],[1,-49],[-7,0],[-1,-27],[-32,-5],[-25,-11],[-32,-34],[3,-58],[-6,-2],[-3,-20],[-21,0],[-7,-36],[8,-1],[-10,-25],[8,-4],[-7,-8],[18,-36],[-22,-9],[16,-25],[16,-7],[-12,-17],[25,-21],[10,-40],[10,6],[4,-4],[20,2],[14,-18],[-14,-3],[5,-17],[-23,-15],[-12,-1],[3,-13],[-30,-29],[1,-19],[-16,-26],[-22,-15],[-12,-16],[-6,9],[-7,-17],[-15,-4],[-4,-11],[-35,3],[-10,-6],[-10,14],[-6,-13],[-11,4],[-10,-8],[-10,4],[-9,-7],[-10,6],[-9,-6],[-8,6],[-3,11],[-11,-3],[-6,9],[-9,-5],[-10,1],[-9,8],[11,2],[-3,6],[-13,2],[-5,9],[-27,-1],[-5,4],[-14,-4],[0,-8],[-15,2],[4,-8],[-10,-3],[-4,-6],[-4,7],[-19,1],[-1,13],[-15,-9],[3,8],[-6,1],[1,9],[-9,1],[-1,-5],[-14,6],[-8,-6],[-9,7],[-13,-2],[-18,-61],[-40,-64],[-6,-7],[-34,-9],[13,-49]],[[70267,46608],[-25,-2],[-55,-25],[-30,-7],[-4,20],[-24,43],[-11,44],[-15,27],[-5,-11],[-9,4],[2,-9],[-8,0],[-6,-7],[-17,16],[-16,2],[12,6],[-1,4],[-18,1],[-5,12],[-26,4],[-26,-12],[12,-4],[-5,-4],[7,-4],[-2,-5],[-16,1],[-25,-8],[-129,24],[13,47],[-51,3],[-17,-5],[-39,5],[-44,15],[-7,-7],[-28,13],[-36,-4],[-12,19],[-20,10]],[[69581,46814],[-16,11],[-47,17]],[[69630,46991],[1,36],[32,-2],[1,68],[21,9],[28,0],[40,10],[73,30],[-34,11],[-7,11],[7,21],[-15,27],[-8,0],[-3,12],[5,19],[-16,32],[5,12],[-3,21],[-10,13]],[[69747,47321],[-5,23],[-11,12],[-19,13],[-54,16],[-24,15]],[[69218,47808],[-7,28],[2,18],[35,14],[29,21],[-53,36],[9,56],[55,38],[14,0],[18,27],[42,42]],[[64713,46205],[28,-74],[-9,-6],[4,-11],[-24,-3],[1,11],[-21,2],[-9,-9],[-39,20],[-2,12],[-8,1],[44,-197]],[[64678,45951],[-36,-3],[-89,8],[-57,-10]],[[64496,45946],[3,63],[24,39],[41,122],[-14,-1],[-15,10],[-4,-6],[-25,0],[-10,-8],[-19,4],[-4,7],[12,13],[-12,15],[-12,1],[-1,20],[-10,5],[-6,11],[-22,11],[-16,28]],[[64406,46280],[18,18],[8,30],[26,20],[16,47]],[[64474,46395],[6,0],[6,-26],[30,-22],[38,-16],[38,-7],[2,-10],[32,-2],[36,-20],[18,-2],[18,-35],[15,-50]],[[60689,50905],[-5,-12],[-8,0],[-25,-30],[-12,-22],[12,-47]],[[60651,50794],[-48,-13],[3,-17],[-5,-16],[-29,-26],[7,-62],[-62,-72]],[[60174,50546],[20,54],[-22,18],[5,4],[-21,16],[0,17],[-39,6],[-2,30],[11,37],[-4,25],[-31,-19]],[[60091,50734],[159,115]],[[60250,50849],[177,129],[63,65]],[[60490,51043],[43,67],[24,56]],[[60557,51166],[69,-125],[9,-32],[10,1],[11,-32],[20,-22],[-5,-6],[12,-9],[-6,-10],[12,-26]],[[60841,51230],[10,-15],[50,-39],[10,-17],[0,-20],[10,-9],[96,-15],[27,-18],[29,7],[37,-11],[53,7],[20,-3],[14,-9],[-3,-30],[13,-14],[71,2],[26,6]],[[61219,50816],[-95,53],[-31,13],[-27,25],[-27,16],[-39,49],[-82,-29],[-100,-27],[-129,-11]],[[60557,51166],[17,71],[5,63],[-5,31],[-15,41]],[[60559,51372],[53,-16],[27,0],[59,-19],[62,11]],[[59855,51588],[-3,-3],[121,-33],[93,-19]],[[60066,51533],[126,-53],[95,-30]],[[60287,51450],[-33,-26],[-8,-3],[-5,4],[-5,-7],[-14,-3],[-45,-2],[-51,5],[-2,-8],[-31,-5],[-70,5],[-62,-6]],[[59940,51401],[-106,-14],[-112,13],[-10,-2],[-81,57]],[[59631,51455],[22,8],[132,126],[19,10],[51,-11]],[[66954,38509],[-23,-5],[-2,-19],[5,-2],[-11,-30],[-15,0],[-3,-23],[13,-33],[-10,-51],[-7,-1],[-7,-19],[-37,-24],[-20,-25],[-42,-22],[-11,-11],[-10,-50],[7,-3],[-4,-13],[9,-2],[-2,-9],[-15,2],[-10,-25],[-25,6],[1,-8],[-7,-3],[-28,-1],[-6,-4],[-2,9],[-22,1],[-7,6],[-15,-10],[4,-4],[-8,-10],[4,-4],[-18,-5],[-23,-2],[-7,14],[-12,-2],[1,-5],[-11,0],[-3,-7],[-26,6],[-7,-8],[-21,1],[5,-12],[-11,1],[5,-9],[-9,-1],[-14,-13],[-7,8],[-10,-7],[-11,7],[-10,-11],[-13,0],[-8,9],[-16,-13]],[[66147,37875],[-18,-14],[4,-4],[-19,-28],[-7,-34],[6,-21],[-10,-27],[-19,-15],[-28,-9],[-7,3],[-29,-22],[-12,0],[-12,-10],[-16,-5],[-20,-19]],[[65960,37670],[-4,2],[-9,-9],[-15,-2],[3,24],[7,11],[-6,23],[-29,8],[-2,6],[-29,17],[-8,10],[-39,27],[-34,33],[15,22],[4,25],[10,7],[-10,12],[2,11],[25,2],[22,28],[-10,17],[11,31],[24,13],[4,8],[25,1],[-12,23],[6,24],[-7,16],[-17,9],[-4,11],[4,10],[13,3],[13,20],[-21,19]],[[69095,38786],[-101,-37],[-52,-2],[-20,-54],[-45,6],[1,-29],[34,-14],[-38,-52],[-9,-27],[-27,-36],[-16,-39],[-34,-36],[-20,-13]],[[68768,38453],[-18,17],[-8,1],[4,15],[-2,13],[-34,-11],[-25,33],[-10,29],[-27,27],[-9,-19],[-35,-3],[-13,-8],[-12,1],[8,-69],[-4,-19],[-25,-29]],[[68059,44681],[14,2],[-2,-14],[8,-1],[-2,-7],[10,0],[2,16],[11,-3],[18,8],[4,-9],[-15,-13],[10,-17],[28,3],[2,11],[9,-11],[12,17],[9,-8],[7,3],[2,-6],[-7,-15],[21,-11],[6,12],[5,-5],[13,8],[24,-23],[16,9],[-2,12],[5,4],[21,-8],[-4,12],[7,-2],[2,-12],[6,-8],[7,13],[14,-8],[-4,-6],[7,-7],[19,9],[-2,-19],[17,-2],[11,11],[29,4],[-2,-9],[12,0],[-1,-11],[12,-3],[1,-15],[7,-4],[22,1],[6,9],[16,5],[19,-15],[29,7],[5,25],[13,7],[-2,21],[5,5],[23,-2],[5,-14],[27,1],[24,-15],[12,9],[2,-7],[-8,-2],[0,-7],[26,-9],[5,2],[-6,8],[13,0],[-5,14],[9,0],[25,-20],[8,2],[20,-11]],[[68719,44592],[-39,-63],[-29,8],[-11,-52],[-29,5],[-9,-31],[-27,-32],[79,-79],[42,-51],[37,-17],[14,-27],[12,-8],[16,-4],[60,1],[13,-19],[-2,-14],[9,-20],[34,-17],[-3,-6],[21,-20],[-7,-8],[18,-21],[-19,-1],[-9,-11],[7,-7],[-11,-10],[54,-49],[-5,-6],[16,-16],[-18,-24],[-35,-28],[22,-22],[19,-10],[14,-3],[15,7],[12,-4],[36,-57],[2,-29],[35,5],[21,-9],[67,-10],[43,-19],[35,-4],[76,-4],[91,9]],[[69386,43815],[22,-77],[-1,-24],[16,-20],[8,-81]],[[69431,43613],[-7,-45],[29,2],[-6,-18],[4,-35],[-6,-23],[0,-31],[8,-24],[8,-3],[5,-10],[8,-46],[19,-1],[-14,-19],[6,-17],[-15,-8],[0,-23],[-18,-36],[2,-34],[13,-54],[17,-33],[30,-42],[0,-9],[20,-16],[27,-37],[2,-18],[-8,-29]],[[69471,42917],[-36,56],[-26,8],[-145,-12],[-87,-22],[-60,-21],[-96,0],[-33,-10],[-12,24],[1,19],[28,6],[-23,56],[-5,63],[-113,-4],[-11,28],[-35,39],[29,27],[4,27],[7,11],[-3,28],[-25,1],[-91,26],[-45,-3],[-24,-7]],[[68670,43257],[-14,25],[1,5],[11,3],[-8,45],[15,7],[-6,0],[-6,13],[-5,30],[14,2],[26,32],[85,40],[5,8],[4,50]],[[67874,43217],[-94,37],[-78,40],[-170,40],[-63,0],[-73,11],[6,56],[-18,48],[-6,83],[-5,6],[6,15],[13,6],[2,11],[5,3],[0,11],[31,29],[10,17],[-6,10]],[[67434,43640],[29,24],[17,22],[24,51],[34,29],[39,54],[41,-18],[17,36],[29,-6],[1,4],[2,81],[-23,19],[-12,23],[-2,26],[8,18],[-53,28],[10,5],[3,8],[-33,6],[1,4],[-14,10],[-14,-2],[-8,9],[-43,2]],[[67487,44073],[-11,2],[-1,10],[8,5],[-10,7],[2,8],[10,5],[7,-7],[4,12],[12,2],[6,10],[-5,14],[-9,7],[-1,8],[-10,4],[14,23],[10,4],[34,-1],[10,-5],[27,-2],[64,8],[20,15],[-2,26],[6,37],[14,4],[10,13],[10,0],[-6,8],[2,24],[-20,11],[-10,-2],[5,14],[11,1],[-14,7],[5,8],[-13,-2],[-6,23],[13,7],[7,11],[13,0],[3,8],[-5,9],[5,11],[-13,1],[4,14],[-11,11],[13,18],[-8,9],[13,15],[-7,18],[6,9],[-9,1],[-4,8],[-10,-5],[-6,10],[7,7],[-10,2],[0,8],[-9,3]],[[67652,44549],[13,22],[15,-3],[0,8],[7,3],[-10,5],[13,6],[21,-4],[8,4],[-5,18],[27,1],[7,10],[15,-6],[7,15],[14,-2],[11,18],[-9,21],[14,5],[6,23],[-6,30],[4,10],[26,19],[1,19],[16,-1],[11,-11],[8,9],[25,5],[6,20],[12,-7],[11,1],[-5,-12],[8,-8],[6,5],[5,-6],[11,9],[5,-2],[4,-15],[-15,-3],[20,-7],[-2,-19],[7,-9],[17,-1],[2,9],[10,-10],[3,6],[22,-8],[3,7],[21,-8],[-6,-11],[6,1],[17,-24]],[[69444,42899],[-147,-88]],[[68298,43135],[7,4],[-4,10],[14,8],[17,-7],[7,-6],[12,11],[-5,5],[7,3],[-5,14],[17,6],[11,-2],[4,7],[9,-5],[11,4],[6,-2],[8,6],[6,-7],[5,3],[0,19],[16,8],[6,-3],[59,7],[67,21],[62,7],[35,11]],[[71692,41564],[4,-17],[52,4],[7,-33],[33,3],[4,-7],[34,-4],[71,-40],[17,14],[23,-22],[8,-24],[47,15],[23,-15],[22,-23],[-9,-10],[31,-10],[37,-37],[12,10],[11,-25],[-1,-27],[67,61],[28,42],[48,46],[55,39],[34,36],[36,-23],[22,19],[20,33],[18,-2],[28,-11],[29,35],[10,-3],[14,34],[17,20]],[[72746,41608],[-14,-8],[-56,19],[-132,23]],[[72746,41608],[-5,-61],[23,-45],[5,-39],[3,-70],[-10,-53]],[[72762,41340],[-107,-54],[-26,-29],[-23,21],[-46,25],[-68,5],[-239,-20],[-120,-38],[-37,1],[-2,-15]],[[72094,41236],[-27,12],[-41,-56],[-35,-22],[-66,67],[-63,46],[-26,12],[-106,14],[-23,-16],[-26,6],[0,-8],[-12,-6],[-44,-5],[-62,-24],[-38,2],[-162,30],[-83,32],[-87,46],[12,15],[3,17]],[[71208,41398],[6,2],[3,8],[-6,26],[37,24],[20,6],[26,-11],[62,15],[-4,14],[8,14],[-5,9],[22,23],[-7,18],[6,13],[-11,-2],[-10,6],[1,-8],[-6,1],[-12,17],[7,2],[-6,6],[6,14],[-13,0],[-3,8],[-23,7],[11,19],[19,8]],[[63956,55190],[-5,-12],[10,-3],[-4,-7],[9,-3],[-7,-20],[-29,-8],[-11,-12],[-4,3],[-16,-38]],[[63821,55016],[-34,-11],[-7,6],[-31,-6],[-87,3],[-26,-8]],[[63636,55000],[-18,15],[18,21],[15,7],[-13,24],[13,10],[-7,6],[9,6]],[[63653,55089],[37,19],[79,31]],[[71208,41398],[-10,1],[-12,-13],[-21,1],[-9,-4],[-99,-78]],[[70690,41509],[17,67],[16,-4],[31,41],[84,47],[-17,10]],[[64196,55020],[37,78],[-1,47]],[[64232,55145],[10,39],[-4,15]],[[64238,55199],[183,35]],[[72402,46677],[11,-4],[21,-54],[13,-9],[4,-16],[23,-33],[1,-10],[10,-6],[23,33],[12,-27],[103,-38],[17,-28],[22,-11],[32,-76],[-2,-40],[-12,-1],[14,-56]],[[72694,46301],[-47,-18],[13,-42],[-43,5],[-30,-4],[-16,-196],[-54,-11],[1,-34],[-6,-20],[-34,-34],[-26,-107],[-9,-7],[-15,0],[-18,-7],[-5,-18],[-38,-30]],[[72367,45778],[-45,15],[-17,12],[-37,43],[-7,-1],[-4,-17],[-4,-1],[-132,24],[-27,45],[-25,-19],[12,-57],[-15,-8],[-18,-96],[-129,-33],[23,-61],[-91,-42],[-149,-110],[-27,-10],[-37,-5],[-36,-26],[-34,14],[-14,-1],[-4,-7],[-27,0],[3,-13],[-13,-8],[3,-8],[37,-20],[-13,-38],[-16,3],[-18,13],[1,26],[-18,19],[-5,14],[-18,-3],[-1,20],[-30,-14],[-7,22],[-25,30],[-58,-24],[-17,-2],[-22,39],[-17,-3],[-41,-22],[-4,-10],[-27,-23],[-107,-1],[-9,-2],[-1,-25],[-48,3],[-35,-11],[-17,-12],[-28,-5],[-11,-24],[0,-15],[-24,-39],[2,-12],[25,-29],[4,-43],[14,-1],[1,-23],[17,-31],[-13,-5],[0,-27],[-19,-5],[-3,-7],[7,-18],[-7,-28],[3,-47],[-69,-2],[-10,-21],[-1,-19],[-72,-1],[-105,-23],[-48,-23],[-41,-34],[-3,-8]],[[70619,44897],[-30,31],[-23,6],[-21,16],[-57,29],[-28,23],[-58,12],[2,13],[-16,18],[-26,1],[-32,14],[-30,-12],[-30,21],[-3,3],[15,18],[11,27],[9,58],[13,21],[-114,107]],[[70600,45545],[7,-1],[13,-21],[4,2],[16,-5],[14,5],[19,15],[35,16],[-2,9],[7,1],[-6,8],[7,9],[-13,1],[12,4],[6,13],[15,3],[8,-7],[13,7],[18,0],[4,11],[-8,5],[7,13],[22,-3],[11,9],[-4,5],[8,4],[38,11],[21,-1],[14,27],[15,2],[-3,10],[17,4],[-9,17],[38,13],[17,-3],[10,9],[14,-4],[28,9],[13,12],[0,7],[23,10],[6,8],[-2,10],[17,3],[9,15],[62,3],[15,-7],[32,-1],[27,-18],[15,0],[22,-8],[23,11],[21,18],[24,47],[7,34],[-13,-2],[-8,4],[10,28],[10,2],[17,12],[30,-8],[18,-36],[-5,-25],[-5,-9],[-8,-3],[-2,-11],[16,-1],[-14,-13],[7,-5],[-4,-8],[10,-16],[14,0],[3,-6],[-6,-6],[18,-12],[45,-11],[24,5],[16,-7],[10,11],[31,1],[9,-8],[24,6],[11,13],[12,32],[-5,35],[6,4],[-14,16],[22,24],[22,14],[38,4],[23,-2],[73,-22],[6,-12],[18,15],[7,-10],[6,0],[18,32],[-3,15],[-8,8],[-12,0],[-5,8],[-49,29],[-3,15],[-38,13],[-8,22],[11,16],[8,34],[15,9],[8,15],[24,21],[-1,11],[-10,10],[0,28],[-10,22],[-9,7],[-1,11],[63,39],[4,8],[10,-6],[11,5],[-1,17],[18,11],[11,15],[19,5],[2,16],[-8,16],[18,23],[-13,34],[-25,25],[11,22],[22,18],[5,15],[8,-1],[6,-8],[-5,-20],[21,15],[13,17],[-1,9],[7,4],[-19,8],[8,19],[14,1],[4,16],[32,11],[25,-2],[64,48],[35,44],[-1,24],[-7,11],[8,9],[-4,11],[12,12],[22,5],[11,10],[6,2],[12,-7],[15,18],[15,-8],[10,4],[9,12],[7,-7],[10,3],[1,-7],[11,4],[-1,-12],[7,-1],[26,-23],[36,-16],[9,0],[12,7],[38,-20],[25,13],[25,2]],[[64011,55085],[53,-39]],[[64064,55046],[5,-3],[-12,-6],[-25,-4],[-4,-15],[8,-17],[17,-16],[32,5],[6,-24]],[[63923,54908],[-10,-1]],[[64005,55087],[6,-2]],[[65547,40742],[11,-27],[-16,-33],[-1,-28],[-17,-23],[24,-64],[-22,-71],[-26,-43],[-10,1],[8,-22],[2,-33],[11,-18],[27,-22],[39,-9],[51,-46],[95,-53],[152,-51],[0,26],[-17,47],[62,-3],[0,12],[78,-6],[-7,-11],[2,-7],[-26,-45],[4,1],[6,-10],[35,-72],[30,-39],[6,-19],[-4,-19],[14,-28]],[[66058,40027],[-3,-35],[6,-20]],[[66061,39972],[-20,-1],[-28,-10],[-26,2],[-66,-20],[-59,-10],[-69,-23],[-36,8],[-16,-8],[-5,4],[-6,-5],[-8,3],[0,-6],[-7,3],[3,-9],[-10,-1],[-9,-17],[13,-63],[-14,-4],[-8,-11],[9,-9],[-3,-9],[-20,18],[-13,-1],[3,6],[-15,1],[-16,-22],[-15,8],[-8,-3],[-4,8],[-19,8],[-13,-7],[-6,8],[-9,-7],[-7,3],[-3,-9],[-22,-6],[-4,-12],[6,-2],[-17,-24],[-2,-20],[-21,-5],[-4,8],[-12,0],[-8,12],[-8,-2],[-14,10]],[[64491,40081],[25,72],[24,-7],[12,4],[8,12],[4,19],[-6,37],[20,28],[3,18],[-9,21],[-1,38],[-7,12],[-6,27],[-10,14],[-60,40],[-1,7],[-16,10],[-63,29],[-6,17],[11,25],[19,24],[6,22],[12,7],[21,29],[0,9],[30,29]],[[64812,40779],[28,-69],[75,-133],[32,21],[6,-7],[20,10],[6,-7],[38,18],[7,6],[-7,17],[43,-3],[31,13],[60,11],[8,6],[3,-3],[11,8],[1,10],[18,4],[10,-11],[13,2],[5,-6],[7,4],[32,-3],[22,12],[14,-1],[7,-8],[8,8],[4,-5],[14,3],[-3,-5],[7,-7],[9,-1],[15,7],[9,-5],[11,12],[6,-2],[5,18],[7,4],[34,16],[17,21],[16,4],[3,-3],[10,6],[58,-6],[15,7]],[[66828,40034],[17,-44],[22,-33],[48,-39],[15,-19],[56,1]],[[66986,39900],[16,-65],[0,-47],[8,-19],[-7,-89]],[[67003,39680],[-4,-22]],[[66999,39658],[-11,-94],[17,-92],[-2,-64]],[[67003,39408],[-171,61],[-210,117],[4,5],[-5,37],[25,3],[-13,20],[-5,28],[-16,22],[16,6],[-27,38],[23,-1],[-13,4],[-8,10],[-2,39],[14,3],[13,11],[24,56],[-32,2],[-39,-8],[28,35],[0,19],[-8,10],[6,23],[52,12],[6,29],[-7,48],[-7,13],[10,56]],[[66661,40106],[94,-35],[73,-37]],[[70619,44897],[31,-23],[-28,-46],[13,-24],[-17,-1],[60,-84],[-1,-14],[-29,-21],[-42,-19],[-93,-30],[-44,-1],[-60,9],[-47,-4],[-37,-15],[-43,-37],[-17,-26],[-18,-11],[-43,-11],[11,-65],[20,-40],[8,-4],[20,14],[24,5],[45,7],[12,-4],[32,9],[29,18],[3,14],[13,17],[37,13],[28,21],[26,10],[46,6],[4,-3],[27,12],[43,-2],[16,4],[2,7],[26,7],[49,-8],[9,-34],[20,-36],[31,18],[38,4],[-1,-18],[23,-1],[78,30],[42,5],[25,-6],[18,6],[19,-2],[21,14],[31,-11],[13,-11],[28,-14],[10,3],[14,-5],[-5,-17],[-13,-5],[-6,-13],[-45,-6],[-6,-6],[-27,-2],[-6,10],[-25,-7],[-8,-11],[8,-6],[6,-35],[55,-59],[4,-13],[33,-17],[26,-66],[25,0]],[[70725,43892],[-20,23],[-4,51],[-51,17],[-12,17],[-12,6],[-78,-12],[-78,8],[-16,5],[-12,10],[-22,44],[-36,-26],[-23,-7],[-35,29],[-63,1],[-50,-6],[-24,39],[24,22],[2,15],[9,9],[12,3],[-14,30],[-46,-26],[-31,50],[-24,6],[-35,-12],[-10,25]],[[70076,44213],[34,69],[17,69]],[[70127,44351],[-3,69],[-31,94],[-45,-10],[-46,2],[5,47],[-29,20],[-116,-19],[-40,-28]],[[69822,44526],[-19,18],[-17,47],[-24,1],[-5,-4],[-38,53],[3,6],[-25,48]],[[69697,44695],[6,-1],[4,13],[23,22],[-3,8]],[[67814,40285],[-7,5],[-16,30],[-52,44],[-16,47],[-43,34]],[[67680,40445],[-1,1]],[[67679,40446],[5,18],[35,30],[0,7],[-32,66],[-22,18]],[[67665,40585],[33,38],[48,32],[22,8],[26,-3]],[[69822,44526],[-19,-17],[-17,-58],[-85,34],[8,19],[-33,-9],[1,-13],[-101,-156]],[[69576,44326],[-37,-57],[-21,-49]],[[69422,43924],[-22,-54],[-5,-53],[-9,-2]],[[68719,44592],[4,-7],[-5,-4],[9,-7],[26,2],[55,-29],[13,1],[-7,17],[7,6],[4,-9],[7,2],[-1,14],[37,1],[-1,8],[17,7],[8,13],[20,-4],[6,13],[9,6],[12,-5],[9,3],[8,-7],[7,4],[5,-9],[8,4],[-3,9],[6,3],[31,-37],[28,-11],[27,-19],[15,2],[5,-17],[63,14],[32,-49],[28,-5],[18,15],[42,5],[-5,16],[11,2],[4,10],[9,-2],[1,13],[13,-3],[15,8],[2,15],[-9,13],[15,7],[28,-11],[27,14],[35,7],[-2,19],[72,33],[39,12],[2,-7],[7,1],[-5,17],[38,14],[1,7],[20,0],[0,-6],[19,-3],[1,-5],[85,11],[6,-9]],[[66901,40339],[15,-30],[26,-21],[24,-12],[23,-26],[12,-6],[-10,-16],[-34,-24],[9,-7]],[[66966,40197],[-37,-13],[-4,-10],[4,-6],[-11,-5],[3,-3],[-23,-19],[30,-24],[-9,-8],[16,-12],[-21,-53],[-22,23],[-37,-22],[3,-9],[-30,-2]],[[66661,40106],[-46,12],[26,60],[7,38],[46,56]],[[66694,40272],[21,23],[19,10],[43,9],[108,35],[16,-10]],[[62164,44851],[-12,-11],[-35,0],[-45,-14],[8,-7],[7,-19],[-34,-1],[1,-15],[-27,-4],[-15,41],[-18,-3],[-11,-8],[-7,2],[-4,-5],[7,-12],[-1,-14],[6,-3],[-29,-3],[-8,8],[-22,-9],[-3,4],[-10,-4],[-19,17],[9,9],[12,1],[-27,48],[25,9],[-3,6],[-31,-4],[-24,-12],[3,-7],[-18,-5],[-3,6],[-42,-7],[-45,8],[-63,-24],[-25,56],[-32,22]],[[61629,44897],[63,9],[63,21],[51,23],[61,38]],[[67623,44532],[29,17]],[[67487,44073],[-26,-43],[-49,-58],[-104,-10],[-26,-10],[-35,-5],[-31,1],[-13,-5]],[[67203,43943],[-17,9],[-40,53],[-112,106],[-13,23],[-14,56]],[[66948,44452],[-1,8],[17,1],[0,24],[-8,0],[8,37],[1,40],[66,-2],[18,-6],[46,7],[3,17],[14,17],[6,-5],[5,5],[9,-3],[1,-9],[9,-2],[-8,-5],[5,-11],[9,-2],[0,-7],[11,3],[7,-12],[25,11],[6,-5],[18,5],[8,-13],[-4,-10],[9,-9],[8,8],[7,-9],[14,3],[2,-8],[18,-2],[8,-6],[-2,-16],[12,11],[3,-7],[9,1],[5,-9],[12,-3],[14,16],[10,1],[-1,9],[13,-1],[15,10],[7,-6],[-3,-8],[12,-5],[40,9],[5,-17],[-4,-5],[8,-3],[0,-7],[25,-6],[21,1],[4,-12],[-5,-4],[13,-9],[15,11],[9,-2],[3,9],[14,-4],[4,6],[1,-10],[9,3],[7,-7],[19,1],[21,41],[15,12],[2,19],[6,1]],[[63697,43757],[-9,-19],[-35,-34],[-9,2],[-17,-7],[-6,3],[-30,-11],[-3,-6],[-28,-3],[-6,-8],[-21,-4],[-10,-10],[-3,2],[-8,-9],[6,-3],[-9,-12],[4,-8],[-11,-2],[-2,-11],[-6,2],[-3,-10],[-7,3],[-1,-9],[-25,-26]],[[63458,43577],[-72,-13],[-92,-27],[-78,-5],[-82,7],[-25,12],[-5,-6],[-29,-3]],[[63075,43542],[-437,510],[-151,154]],[[63673,43627],[-20,-24]],[[63653,43603],[-10,7],[-8,-11],[-3,3],[-14,-7],[-7,8],[-9,-7],[1,-5],[-10,5],[-8,-4],[8,-29],[-37,-10],[-29,6],[-15,-11],[-46,-15],[-16,1],[8,43]],[[65309,47170],[-130,-7],[-29,11],[-8,-2],[-7,9],[-15,-30],[-179,56],[-3,-5],[-45,21],[-12,-23],[-55,21]],[[64929,47447],[-2,13],[-14,0],[-5,4],[15,20],[-6,10],[12,5],[-14,15],[4,11],[-13,20]],[[64906,47545],[41,6],[3,-10],[-6,0],[6,-20],[43,8],[17,-2],[99,-33],[-7,-7],[4,-3],[93,-30],[18,-18]],[[63881,48651],[-10,-1],[32,-169],[-36,-23],[-15,-4],[-7,6],[-52,-30]],[[63793,48430],[-18,-6],[-34,39],[-67,-43],[-66,-12],[-180,-72]],[[63635,48716],[65,-40],[25,24],[96,40]],[[63821,48740],[19,-45],[41,-44]],[[64761,48019],[1,23],[-27,29],[5,19],[-6,16],[5,17],[-8,6],[-12,-7],[-6,14],[-17,7],[-2,13]],[[64694,48156],[4,7],[6,-4],[7,7],[12,-10],[35,7],[81,38],[20,4],[4,-5],[18,12],[-101,122],[-54,51],[12,19],[43,45],[44,15],[17,26],[11,6],[16,59],[26,28]],[[64895,48583],[10,9],[28,5],[66,23],[22,15],[50,-46],[45,-27],[-15,-26],[23,-6],[-4,-52],[11,-25],[19,-9],[-13,-20],[7,-9],[15,5],[1,10],[12,10],[2,22],[5,-2],[70,26],[36,-18],[11,-12],[10,6],[58,-52],[-36,-25],[-55,-79],[-48,-37],[-21,-33],[-8,-3],[3,-6],[-10,-19],[-20,-6],[-15,-23],[-56,-49],[-36,-42],[-38,-24],[-22,-22],[-26,-12],[-6,5],[-16,-13],[-10,5],[-27,-4],[-2,4],[-42,-9],[-1,5],[-111,-4]],[[64170,48806],[-136,-61],[-147,-94],[-6,0]],[[63821,48740],[-54,89],[-55,61]],[[63712,48890],[35,20],[19,25],[56,45],[32,47],[36,4],[63,-3],[75,3]],[[64222,46158],[-41,-20],[-45,-41],[70,-47],[-9,-14],[-23,-13]],[[64043,46023],[42,49],[-9,3],[10,13],[-40,20],[-23,54],[-14,-4],[1,-15],[-60,25],[-1,-6],[-9,2],[-30,15]],[[64074,46302],[22,-4],[28,-34],[51,-25],[15,-17],[13,-3],[-4,-24],[11,-25],[12,-12]],[[64146,45224],[14,-5],[52,-52],[102,-70],[32,-30],[36,-1],[9,-7],[19,0],[-1,6],[18,-5],[6,-7],[17,-5],[0,-10],[72,5]],[[64522,45043],[3,-55],[-13,-33],[-44,-7],[10,-17],[3,-26],[-356,-9],[-2,-21],[-11,-5],[-25,-89]],[[63756,44779],[-8,37],[-20,32],[-12,60],[-14,0],[-30,68]],[[63476,45345],[88,103],[12,0],[6,-8],[47,7],[6,-18],[-7,-12],[29,-53],[6,0],[32,29],[21,-23],[15,-30],[28,-16],[15,15],[16,1],[18,-16],[23,41],[45,-22],[42,45]],[[63918,45388],[4,-4],[38,76],[27,-2],[59,-14],[7,-5],[-21,-38],[-5,-23],[54,-28],[10,-9],[8,-22],[38,-3]],[[63885,45634],[11,-12],[1,-10],[25,-16],[-1,-29],[-11,-20],[-19,-5],[-7,-19],[-25,-7],[0,-8],[59,-120]],[[63421,45365],[47,26],[7,13],[1,41],[22,27],[-20,38]],[[70594,39834],[-9,41],[5,45],[-30,66],[-42,172],[-10,24],[-3,45],[-34,165],[-11,28]],[[70594,39834],[-10,-2],[-15,7],[-35,24],[0,6],[-74,14],[-49,26],[-30,7],[3,-11],[-21,-39],[-123,-2],[-18,-11],[-9,6],[-51,5],[-45,-3],[-47,38],[-1,9],[-37,-3],[-70,-24],[-5,-20],[-13,-17],[-14,-10],[-16,-6],[-15,1],[-18,-11],[-1,-15],[-5,-4],[-7,-28],[-11,-10],[0,-8],[-8,-3],[-3,-16],[-10,0],[7,-5],[-10,-14],[-15,-14],[-40,-23],[-40,-41],[-19,-10]],[[69616,40172],[27,35],[28,59],[50,45],[51,23],[-4,26],[41,16],[21,-4],[28,34],[-13,10],[39,11],[-16,15],[16,6],[6,24],[11,12],[100,45],[10,9],[18,-10],[30,24],[17,22]],[[70076,40574],[19,-5],[-1,-7],[17,-4],[10,-8],[39,-2],[43,-17],[40,-6],[19,-13],[17,-4],[35,-27],[19,3],[28,-4],[30,-34],[55,-15],[14,-11]],[[69904,41050],[-7,-15],[-20,-10]],[[69721,41088],[-17,5]],[[69819,41265],[2,-22],[9,-20],[41,-36],[16,-32],[17,-105]],[[78596,58877],[-16,-9],[11,-16],[-24,-11],[-25,32],[-29,-12],[4,-7],[-5,-2],[14,-26],[-46,-18]],[[78480,58808],[-46,31],[-20,6],[-30,-2],[-15,36],[-11,11]],[[65711,45970],[10,-5],[-103,-112],[-105,-100]],[[65513,45753],[-25,21],[-41,54],[-89,91]],[[65537,46048],[49,-23],[94,-25],[31,-30]],[[63025,49538],[-81,-45],[-29,-54],[-12,1],[-6,-40],[-21,1],[-5,-29],[-23,-4],[10,-28],[-11,0],[-4,-33],[-25,-11],[9,-16],[-12,-14],[-6,-33],[0,-61],[10,-8],[35,-4],[14,-7],[-47,-74]],[[62821,49079],[-8,2]],[[62331,49117],[-5,24],[15,7],[-4,17],[16,3],[-10,37],[10,2],[-1,22],[6,8],[-5,30],[-140,-13],[-48,12],[-18,13],[11,15],[11,4],[8,19],[33,30],[2,10],[66,44],[-7,10],[9,3],[8,10],[25,9],[20,-2],[37,22],[2,7],[10,-2],[0,8],[7,5],[-2,7],[14,8],[9,-6],[6,9],[8,-2],[6,20],[12,7],[4,15],[20,10],[10,-6],[12,2],[-6,56],[3,49],[13,57],[22,61],[-35,17],[9,42],[-30,2],[-2,38],[-12,8],[-17,-2],[-10,27],[3,35],[27,64]],[[68744,49294],[-59,-60],[-12,-24],[-31,21],[-31,-18],[-9,2],[-15,11],[-3,8],[-26,3],[-10,11],[-6,0],[-29,17],[-25,-3],[-68,5],[-22,-85],[-32,48],[-55,-31],[-29,-27],[-5,-34],[-53,-41],[-35,-60],[-36,-22],[12,-23],[-35,-15],[2,-17],[-16,-5],[-31,-106]],[[67579,49251],[-11,0]],[[67568,49251],[-11,31],[-18,26],[-8,35],[-18,27],[-6,119],[-19,103],[4,89],[13,93],[-6,74]],[[67574,49874],[34,-93],[22,-32],[88,35],[22,-25],[28,11],[5,-4],[15,12],[32,-28],[60,-26],[21,14],[17,2],[67,24],[22,2],[133,2],[21,-11],[35,-5],[32,-13],[45,75],[132,123],[11,16],[7,44],[43,8],[71,-24],[20,5],[76,-3],[-11,-45],[9,-7],[-2,-24],[-22,-70],[37,0],[32,8],[5,-17],[7,-45],[15,-52],[-21,-10],[1,-15],[30,-57],[-9,-6],[14,-45],[-5,0],[-1,-10],[11,-55],[-17,-9],[10,-9],[-9,-3],[-1,-10],[8,-22],[14,-14],[-18,-20],[10,-12],[-12,-12],[15,-20],[-33,-41],[22,-6],[15,-13],[17,-48]],[[61863,47956],[-79,53],[-34,-24],[-14,-25],[-33,-23],[-12,-34],[-6,27]],[[61685,47930],[-7,58],[-23,75],[-10,-4],[-57,27],[-14,12],[4,11],[22,-5],[8,15],[42,-9],[6,44],[-4,24],[3,50]],[[67603,48891],[-18,2],[0,43],[-55,-21],[-6,-5],[4,-11],[-40,10],[-34,2],[-169,52],[-13,11],[-18,0]],[[67319,49144],[24,25],[31,82],[16,-3],[22,7],[22,-13],[35,5],[30,-8],[69,12]],[[62992,46241],[-120,30],[1,-20],[32,-7],[-19,-55],[-8,4],[-2,22],[-38,-23],[37,-29],[-75,-13],[55,1],[-49,-30],[23,-44],[40,-32],[2,-30],[-30,-27],[-55,-32],[-41,-37],[-78,-45],[-14,-18]],[[61554,45616],[-16,74],[12,2],[-12,46],[5,-2],[24,39],[23,-6],[5,5],[11,-2],[2,7],[7,1],[17,11],[-13,15],[31,39],[33,65],[20,19],[13,33],[2,13],[-26,20],[-2,33],[28,41],[5,29],[25,12]],[[61748,46110],[76,-23],[2,11],[10,0],[-7,32],[7,23],[-3,15],[10,57],[19,34],[-2,5],[31,25],[-5,5],[18,19],[11,43],[13,21],[-27,11],[6,-18],[-9,-19],[-7,-2],[-30,48],[-16,10],[-67,7]],[[61778,46414],[-1,12],[30,48],[25,57],[86,9],[22,8],[-26,25],[-44,73],[-43,30],[-47,-5],[-3,7],[27,10],[3,11],[23,-7],[8,40],[42,-8],[20,-14],[14,6],[37,-29],[54,98],[2,45],[-13,80],[7,1],[4,7]],[[62005,46918],[112,-79],[203,-42],[-15,-32],[1,-17],[8,-6],[-11,-59],[-9,-4],[16,-74],[39,62],[52,5],[46,18],[56,11],[-22,35],[-8,31],[57,2],[-8,12],[21,17],[29,-4],[24,10],[64,48],[11,-9],[13,41],[30,-24],[25,-12],[10,14],[31,8],[26,-40],[35,-27],[29,-9],[51,-4],[51,-32],[23,-1],[25,-32],[4,-24],[-6,-12],[24,-61]],[[68638,54061],[-13,-11]],[[68351,53711],[-65,-2],[0,14],[-24,14],[6,9],[27,13],[6,11],[-23,11],[-101,68]],[[68177,53849],[45,3],[26,10],[40,19],[-7,5],[28,21],[-2,33],[5,10],[-6,6],[-19,3],[-15,10],[-24,8],[-17,-11],[-4,-10],[-8,-2],[-9,5],[-1,10],[5,22],[24,35],[37,27],[12,32],[11,13],[-3,40],[9,19],[36,21],[40,-4],[8,36],[-18,9],[-3,41],[48,6],[19,24],[78,-32],[75,-18]],[[65032,52508],[-77,-90],[10,-6],[-25,-7],[28,-19]],[[64755,52284],[-1,14],[-10,6],[-55,95],[7,15],[-5,2],[35,32]],[[64726,52448],[171,142]],[[64897,52590],[135,-82]],[[65748,52729],[24,-19],[-26,-11],[15,-47],[14,-3],[0,8],[34,4],[37,-59],[27,17],[18,-17],[34,8],[17,-21],[22,14],[58,-66],[27,18],[20,-23],[23,17],[28,-5],[18,-22],[1,-6],[-8,-3],[9,-32]],[[65534,51897],[4,18],[-26,29],[-1,16],[6,11],[-13,19],[-25,24],[11,18],[32,17],[-84,56],[24,85],[22,33],[-58,26]],[[65426,52249],[90,59],[19,27],[-32,17],[-17,-12],[-24,22],[17,12],[4,21],[-11,23],[-22,21],[-3,15],[10,6],[-28,22],[-27,10],[-11,32],[-19,15],[-23,75]],[[63331,51146],[-92,-34],[-34,-3],[8,-7],[0,-6]],[[62889,51131],[-23,5],[-64,55],[-20,26],[-3,14]],[[62985,51385],[46,56],[47,82]],[[63078,51523],[8,-4],[-16,-24],[-4,-39]],[[63386,51751],[1,-6],[-17,0],[-2,-6],[9,-63],[87,3],[14,-39],[19,-29]],[[63407,51507],[-64,-17],[-16,36],[-48,-29]],[[63078,51523],[3,68],[-15,47],[12,37],[-8,20],[-24,9]],[[63046,51704],[18,31],[59,72],[13,32],[25,21],[-20,34]],[[63141,51894],[33,25],[36,18]],[[63210,51937],[13,-36],[8,-10]],[[65890,57112],[-5,3],[-40,-21],[-180,-105],[-75,-22],[-77,-52],[-95,-74],[-1,-7],[-32,-27],[-44,-30],[-169,-54],[-81,-8],[-127,-27]],[[64964,56688],[-20,-8],[-49,-44],[-30,-35],[-61,23],[-24,5],[-16,-1],[0,-17],[-29,-3],[-12,-70],[11,-19],[-19,-15],[-109,18],[-88,0],[-83,-13],[-41,-16],[-27,-5]],[[64367,56488],[-58,-24],[-59,-13],[-95,-39],[-20,-4],[-56,4],[-42,-1],[-29,-8],[-82,1],[-4,-6],[-100,-20],[-2,-7],[-65,-11],[-6,9],[-47,0],[-19,5],[-16,13]],[[63667,56387],[5,112],[9,8],[4,16],[6,1],[5,19],[10,3],[6,57],[31,9],[-3,33],[18,42],[-38,18],[-8,20],[7,15],[-24,9],[-19,28],[-16,1],[-30,78]],[[63630,56856],[-7,35],[45,44],[4,8],[-16,8],[31,33],[9,33],[15,17],[0,9],[16,8],[22,1],[-13,28],[14,37],[19,11],[35,9],[26,18],[27,-2],[31,15],[44,7],[29,-3],[29,10],[15,-7],[15,2],[17,-6],[13,2],[10,12],[30,-1],[2,11],[-11,13],[-57,32],[-16,18],[0,9],[40,53],[11,8],[50,7],[31,35],[29,9],[23,16]],[[64192,57395],[19,2],[39,-17],[14,-70],[48,-9],[60,27],[-11,-48],[106,-33],[42,0],[144,27],[40,14],[90,8],[118,17],[53,14],[-15,36],[-40,60]],[[64899,57423],[167,-50],[171,57],[165,88],[116,79],[-6,24],[62,-4],[144,32],[42,17],[69,43]],[[65829,57709],[-45,-42],[-5,-24],[8,-40],[35,-4],[2,-11],[21,9],[94,10],[62,-3],[284,-94],[53,-8],[93,6],[133,-9]],[[66894,59487],[4,-8],[19,-6],[-3,-11],[11,-11],[-4,-11],[8,-23],[30,3],[9,-25],[27,12],[-1,-16],[11,-2],[32,-20],[3,-12],[9,-7],[-2,-18],[8,-17],[-9,-20],[24,-11],[-9,-23],[19,-30],[-24,-11],[-2,-37],[6,-9]],[[67060,59174],[-169,-66],[-89,13],[-78,2],[-94,12],[-174,44],[-8,15],[-23,14],[-16,24],[-61,-29],[-15,-12],[-33,-128],[-23,-15],[30,-72],[-52,-112],[-129,-17],[-159,-47],[-192,-92],[-24,-19]],[[65751,58689],[-113,109],[-20,30]],[[65618,58828],[43,23],[24,26],[23,12],[19,32],[20,78],[-63,66],[26,98],[34,84],[9,54],[94,-5],[8,-16],[152,53],[4,-2],[3,-52],[45,12],[40,20],[-3,4],[187,66],[-23,19],[-83,35],[-19,21],[-32,22],[-17,20],[-23,52],[1,14],[14,21],[-26,16],[-4,10],[9,13],[18,7],[10,17]],[[65618,58828],[-13,17],[-191,-45],[-7,12],[-10,3],[5,6],[-15,11],[-5,17],[12,28],[-3,10],[-21,15],[-8,-2],[4,11],[-7,11],[3,17],[-8,9],[1,12],[-14,6],[-12,22],[-21,4],[-11,37],[22,33],[-3,13],[11,15],[-9,18],[35,13],[42,-4],[53,33],[-47,36],[-37,18],[-17,29],[-14,8],[-20,8],[-59,5],[-46,-9],[-14,-15],[-6,-18],[8,-35],[-7,-40],[-26,6],[-3,-13],[-28,12],[-7,-5],[1,10],[-11,-1],[-2,13],[-6,-1],[-4,7],[-2,-8],[-7,8],[-11,0],[-6,12],[-8,-1],[6,8],[-12,0],[-4,8],[6,7],[-5,3],[-8,-7],[0,12],[-3,-4],[-11,4],[4,7],[-16,-2],[-5,8],[-8,-7],[-39,33],[-27,6],[-6,7],[-14,-2],[-17,13],[-17,3],[-36,-7],[-5,5],[-5,-2],[-52,18],[-43,-6],[-4,5],[-10,2],[-34,15],[-10,-6],[-3,9],[-8,-6],[-3,6],[-14,1],[-10,-6],[-5,4],[-9,-7],[-44,9]],[[64598,59307],[4,16],[-3,2],[20,25],[29,-5],[78,79],[41,-5],[47,-14],[-4,14],[10,65],[-10,92]],[[64810,59576],[52,-22],[42,-3],[39,64],[77,152]],[[65020,59767],[30,-3],[11,-10],[75,-38],[42,-5],[120,-36],[0,-11],[43,-10],[275,-32],[60,-11],[7,6],[49,-3],[4,16],[30,-2],[-1,15],[19,10],[-2,9],[23,0],[8,22],[23,-1],[12,15],[-3,12],[17,4],[23,48],[27,18],[24,36],[10,24],[-2,25]],[[65944,59865],[9,30],[52,7],[47,-7]],[[63634,53440],[-7,-2],[-3,-30],[-31,9],[0,-15],[-12,-18],[1,-13],[-41,-11],[9,-80],[21,-39],[66,-76],[27,-20],[59,-28]],[[63723,53117],[23,-58],[-1,-25]],[[63384,52917],[1,23],[23,59],[-6,12],[2,25],[-12,17],[4,11],[-4,17],[35,27],[-70,69],[-7,18],[-72,54]],[[63156,53365],[-27,30],[-52,19]],[[63077,53414],[24,16],[107,44],[24,19],[23,29],[17,7],[36,28],[80,14],[33,24],[4,-3],[13,17],[1,34]],[[63439,53643],[132,-92]],[[61481,51069],[-35,46],[-2,14],[8,20],[-14,8],[0,11],[35,39],[14,29],[-5,112],[-14,33],[-3,45],[30,-6],[10,25],[29,-1],[11,36],[-28,7]],[[61517,51487],[77,65],[79,197],[89,-6],[30,11],[25,0],[76,13],[14,-41],[-7,-26],[20,-16],[-8,-5],[6,-26],[-8,-8],[34,-27],[20,19],[13,-14],[-7,-7],[15,-12],[28,-57]],[[74057,47008],[32,-9],[0,8],[15,15],[6,-5],[33,20],[18,-5],[9,3],[-5,6],[8,3],[0,11],[6,5],[35,0],[22,18],[6,21],[15,-5],[-2,6],[6,8],[17,-10],[17,12],[2,18],[12,1],[15,17],[16,7],[-10,31],[13,18],[-16,14],[6,5],[8,0],[-1,24],[15,13],[8,-4],[15,3],[20,-8],[-2,-9],[12,2],[6,-8],[32,13],[16,-6],[10,7],[17,2],[15,-3],[6,-7],[20,-2],[15,10],[-7,8],[-6,-8],[-6,4],[-2,8],[8,2],[129,-28]],[[74057,47008],[-19,-8],[-22,10]],[[74016,47010],[-5,19],[-33,5],[-6,8],[6,3],[-7,12],[4,11],[-7,69],[75,40],[-7,189],[164,50],[370,134],[238,144],[244,167]],[[70106,42276],[10,63],[-5,15],[26,9],[-15,26]],[[70122,42389],[20,1],[17,8],[-31,53],[43,7],[-18,48],[9,38],[-14,13],[0,51],[-9,-1],[13,40],[-73,16],[-4,18],[-8,1],[-127,95]],[[69940,42777],[4,13],[12,0],[8,13],[14,8],[2,12],[-7,10],[7,11],[-107,9],[-8,-11],[-6,2],[-107,85]],[[69431,43613],[15,-2]],[[69835,43684],[0,9],[30,22],[50,62],[26,47],[35,100],[5,-1]],[[69981,43923],[41,-17],[16,21],[19,0],[13,7],[10,18],[127,-56],[-16,-7],[-15,-18],[49,-36],[20,-41],[-39,-6],[-14,-9],[-7,-13],[40,-26],[1,-9],[-46,-20],[-63,-13],[2,-8],[-28,-4],[1,-5],[24,2],[60,-8],[6,3],[0,8],[35,17],[45,5],[11,-20],[-42,-11],[21,-59],[20,-15],[-7,-32],[-8,-9],[75,-11]],[[62573,51022],[-4,-31],[-19,-57],[-19,-32],[-44,-52]],[[60712,52425],[20,-23],[60,-32],[155,7],[25,14],[37,13],[22,2],[9,7],[47,-6],[2,-9],[22,-7],[24,7],[21,-1],[62,-15],[6,-43],[81,43],[88,20],[11,-3]],[[61404,52399],[37,-26],[-1,-35],[25,-52],[6,-36],[-6,-21],[12,-19],[6,-32],[-11,-7],[-5,-8],[3,-8],[-8,-9],[-21,-1],[-7,-25],[-15,-23],[-6,-25],[3,-13],[-14,-36],[-15,-5],[-14,-19],[-6,-43],[2,-27]],[[61369,51929],[-56,-18],[4,-30],[-8,-2],[-16,-40],[-31,-34],[-12,-23],[-21,-83],[-5,-8],[-11,1],[-20,-38],[-29,-32],[-3,-20],[-5,-1],[4,-32]],[[61160,51569],[-20,2]],[[60693,51842],[-3,15],[-48,7],[-11,-9],[-24,9],[5,11],[-39,7]],[[60573,51882],[-73,14],[14,40],[17,16],[-20,28]],[[60511,51980],[18,37],[-20,32],[-1,15],[17,27],[-14,43],[-8,4],[-41,-4],[-22,7],[-15,12]],[[70510,51258],[-11,-31]],[[70264,50979],[-13,-1],[-12,9],[-39,44],[-24,19]],[[73472,48712],[26,1],[16,-19],[10,-4],[10,-25],[32,-47],[2,-18]],[[74015,48025],[-9,-99],[18,-349],[-31,15],[-26,-16],[-29,8],[-19,-24],[-11,5],[-23,-11],[-8,-10],[-20,10],[-26,-8],[-20,-13],[-18,-20],[-5,4],[-21,-15],[-5,4],[-19,-10],[-6,15],[-100,-35],[-3,5],[-21,-9],[-14,17],[-45,-24],[-12,13],[-137,-71],[-32,36],[-46,-11],[21,-41],[-19,-6],[7,-15],[-154,-14],[-10,20],[-27,30]],[[73145,47406],[-11,17],[7,17],[14,-4],[11,34],[-3,55],[21,21],[6,15],[-2,17],[19,70],[7,51],[-4,26],[-12,11],[-9,36],[-38,7],[-27,20],[-7,-4],[-103,-11],[10,31],[-81,1],[-7,26],[-26,-6],[-47,7],[-29,-21],[-17,-5],[-34,6],[-23,30],[-29,-8],[-29,0],[-122,20],[-35,-5],[-79,6],[-45,-13],[-16,-10],[-14,19],[-51,22],[-32,1],[-25,20],[-14,4]],[[71850,48326],[62,-8],[88,17],[41,-3],[46,3],[31,28],[16,38],[-14,76],[8,3],[-7,25],[12,5],[-10,25],[-9,12],[-7,1],[-1,57],[-14,29],[-6,-1],[-9,15],[5,39],[36,4],[-2,20],[-13,-2],[-52,31],[-61,19],[-38,36],[-41,61],[-19,17],[-13,19],[0,14],[-37,18],[-15,27],[-2,50],[-10,5],[7,17],[-8,11],[-12,0],[-37,-16],[-1,6],[-24,-4],[-46,6],[-60,28],[-13,2],[-12,-4],[-47,11],[-22,14],[22,2],[1,4],[12,-2]],[[56348,58011],[27,-12],[81,1],[30,7],[58,26],[31,-30],[36,-52],[68,-58],[34,-75],[19,-23],[39,16],[41,0],[47,-25],[67,-45],[-16,-61]],[[71535,51656],[-337,-715],[-22,-82]],[[71176,50859],[-15,3],[-58,-13],[-49,-2],[-1,-12],[-30,4],[0,6],[-11,4],[-148,12],[-12,4],[7,20],[-28,4],[-56,-22]],[[70958,51310],[5,28],[6,2],[9,89],[-23,-1],[-5,24],[-48,4],[-33,-7],[-57,23],[-34,7],[1,7],[-24,7]],[[70755,51493],[-11,27],[10,17],[22,4],[1,8],[-8,6],[12,10],[-3,13],[7,14],[-4,13],[3,18],[14,15],[-4,7],[-6,-2],[-3,8],[14,8],[3,14],[26,8],[5,20],[-4,10],[7,10],[-2,14],[10,19],[91,-21],[10,-2],[4,4],[48,-11],[13,-11],[228,-40],[0,-10],[35,2],[20,7],[102,3],[140,-19]],[[63215,57356],[-33,-1],[-8,1],[-34,-3],[-3,12],[-52,-8],[-6,21],[-19,1],[-7,10],[-27,-18],[-42,2],[-131,-15],[-97,-29],[-76,-7]],[[63072,57646],[31,0],[6,-25],[36,19],[24,-72],[9,4],[6,-15],[21,9],[20,-28],[-5,-18],[7,-30],[5,-4],[13,9],[27,4],[-8,-38],[41,3],[-1,-12],[-21,-32],[-68,-64]],[[63551,56132],[-14,-34],[7,-2],[21,5],[1,-9],[13,0],[2,10],[43,-18],[-1,22],[12,2],[47,-13],[57,3],[4,-11],[20,4]],[[63763,56091],[2,-25],[50,-57],[7,-28],[11,-19],[10,-52],[-3,-39],[-20,-37],[-29,-25],[6,-4]],[[63797,55805],[-6,-6],[-19,0],[-4,-6],[-38,-1]],[[63730,55792],[-63,-21],[-35,-1],[-6,-7],[-8,5],[-27,0]],[[63458,55948],[25,45],[-7,18],[10,29],[-1,13],[10,2],[-3,23],[15,3],[-10,11],[-1,25]],[[71693,56233],[-14,-3],[-69,-42],[-15,-2],[-12,25],[-9,50],[-116,31],[-92,-90]],[[71366,56202],[-11,4],[0,4],[-13,0],[-13,-14],[-9,4],[6,16],[-37,11],[16,30],[-22,8],[10,14],[-4,2],[32,58],[32,6],[-55,44],[-4,6],[16,18],[-68,65]],[[71177,56557],[31,15],[167,32],[41,17],[58,-34],[-17,78]],[[71457,56665],[72,-55],[77,-103],[123,-70],[62,-9]],[[73909,54820],[22,-78],[23,-49],[22,-106],[29,-19],[33,7],[34,-7],[40,-30],[34,-48],[26,-47],[-3,-5],[31,-57],[41,-98],[14,-10],[15,-37],[29,-40],[34,-34],[14,-7],[74,-6],[51,-41],[30,-7],[35,2],[102,-46],[22,-3],[48,-30],[37,7],[17,-18],[-7,-15],[-14,-12],[0,-11],[11,-15],[18,-11],[14,-21],[28,-21],[4,-11],[-222,-30],[17,-41]],[[74612,53825],[-371,-20],[-2,-7],[-39,-12],[-27,-18],[-96,29],[-84,-2],[-51,-7],[-20,5],[-29,-14],[13,-30],[0,-35],[-7,-5],[-27,-1],[-20,-11],[11,-69],[-92,-21],[-23,-1],[-1,5],[-66,-13],[-78,7],[2,11],[-36,-7],[-65,-2],[-59,-12],[-16,18],[-30,-30],[-45,30],[-100,10],[-22,-4],[-1,-12],[-57,-12],[-18,2],[-1,-4]],[[73155,53593],[-56,5],[-49,-6],[-6,-110],[-3,-18],[-9,0],[2,-39],[-27,-4],[68,-168],[-78,-39],[-79,-7],[-18,-6],[-13,-15],[-91,-15],[-57,-17],[-114,-9],[-223,8],[-139,27],[-110,8],[-63,-17],[-74,5]],[[72060,53560],[68,554],[93,26],[109,14],[63,19],[2,12],[23,3],[0,8],[33,3],[2,75],[38,3],[-3,37],[20,-2],[4,75],[-11,79],[-13,33],[-2,44],[-18,99]],[[62375,55014],[2,-4],[-33,-13],[-20,-19],[-11,-30],[-19,-25],[20,-38],[17,-4],[11,-20],[37,-22],[-2,-5],[9,-8],[40,-108],[-1,-26],[-12,-5],[-1,-10]],[[62412,54677],[-63,-14],[-23,0],[-12,6],[-13,-8],[-12,5],[-36,-1],[0,-6],[-23,8],[-61,-16],[-9,14],[-13,-4],[-3,6],[-17,1],[-15,-5],[-11,10],[-8,-2],[-10,8],[-12,-9],[-11,0],[-10,-12],[-3,4],[-13,-9],[3,-3],[-12,-3]],[[76635,54963],[-41,12],[-100,44],[-92,8],[-54,19],[54,34],[29,54],[11,39],[-38,4],[-27,-15],[-47,-76],[-56,6],[-33,10],[-71,1],[-61,-14],[-45,-17],[-19,-17],[-31,-41],[3,-21],[-39,-9],[-16,2],[-47,-28],[-40,-16],[-72,-71],[-46,-98],[-10,-2],[-22,-24],[-26,-2],[-17,-20]],[[75682,54725],[0,18],[14,31],[-8,47],[-91,113],[-14,12],[-32,14],[-15,15],[-18,81],[-84,160]],[[60539,54589],[-28,-64],[-13,-14],[-7,-71],[10,-27],[-38,-18],[19,-47],[13,-9],[44,-58],[6,-10],[-7,-3],[27,-33],[25,-55],[15,-24],[12,-7],[10,-20],[-13,-12],[-20,9],[-2,-7],[-8,3],[-49,-8],[0,-16],[-9,-14],[1,-11],[-8,-2],[-7,-13],[-8,2],[6,-14],[-5,3],[-15,-3],[1,-19],[-9,-27],[-36,-9],[0,-5],[-39,4],[1,-7],[-40,-25],[-8,9],[33,-66],[4,-25]],[[60397,53876],[-6,0],[-6,-13],[-18,-2],[-10,4],[-16,-33],[-27,-23],[-6,3],[-5,-5],[-9,0],[-16,8],[-4,-10],[-16,-9]],[[60258,53796],[-28,25],[-28,40],[-11,46],[-46,42],[-6,11],[3,13],[21,33],[-3,49],[-22,20],[-72,21],[-38,23],[5,15],[-7,85],[6,40],[-10,16],[-27,18],[10,18],[22,18],[2,-3],[54,31],[15,18],[5,-3],[4,7],[18,9],[23,-9],[14,62],[1,25],[52,90],[37,36],[34,85],[-9,115]],[[60277,54792],[79,-23],[76,-14],[36,-15],[16,-1]],[[81429,58985],[-99,-45],[-30,-3],[-17,-36],[20,-15],[16,-22],[0,-15],[20,-22],[-2,-10],[35,-20],[-2,-12],[-12,-5],[3,-10],[24,-12],[-123,-140],[-93,-90],[-87,-72]],[[79343,58712],[90,14],[5,-4],[21,1],[76,8],[18,-5],[24,2],[12,-29],[59,-4],[64,21],[28,1],[24,-39],[42,-26],[9,8],[12,2],[8,10],[7,-1],[15,17],[-4,14],[8,8],[-4,9],[32,18],[17,-2],[9,4],[13,20],[-4,11],[11,16],[-2,14],[24,16],[13,4],[42,-20],[35,-8],[7,3],[15,-3],[0,-10],[25,-4],[-31,82],[13,1],[-31,68],[8,7],[-37,80],[-16,-6],[12,38],[-11,42],[-19,40],[0,17],[34,23],[-6,21],[41,18],[5,32],[41,-4],[27,8],[30,37],[15,7],[8,23],[20,24],[59,22],[25,19],[9,11],[5,26],[0,10],[-18,13],[-2,22],[-13,2],[-11,18],[-9,1],[-53,-26],[-3,3],[-108,117]],[[80078,59574],[49,18],[17,22],[32,19],[19,28],[-4,19],[13,9],[23,9],[31,-4],[29,9],[39,4],[12,14],[50,34],[58,13],[29,-8],[118,61],[2,4],[-15,-4],[-21,4],[-42,-3],[-21,14],[-47,18],[-129,28],[-96,2],[-17,62],[44,11],[180,94],[19,5],[257,143]],[[80707,60199],[6,-17],[34,-22],[12,-1],[40,21],[21,-7],[38,-39],[1,5],[15,-22],[-8,3],[3,-19],[6,-7],[2,12],[3,-3],[23,-43],[-9,2],[-18,19],[-8,-23],[-55,58],[-30,13],[-25,-1],[-21,-11],[9,-31],[18,-17],[67,-112],[12,-8],[-2,9],[9,-7],[10,3],[15,-5],[-7,11],[0,11],[-16,2],[-5,10],[51,-8],[4,-6],[46,-13],[70,-70],[-8,-2],[4,-10],[-5,-4],[-32,10],[3,-12],[24,-15],[21,-5],[23,-38],[-19,4],[-7,-8],[-14,6],[-6,-2],[7,-14],[-4,-7],[-12,-3],[-7,6],[-2,-5],[11,-7],[-7,-1],[9,-4],[3,-9],[-12,3],[-13,17],[6,-16],[-10,8],[8,-13],[-15,10],[6,-16],[-13,5],[-3,-4],[8,-9],[62,-2],[0,-5],[-226,16],[-32,-5],[20,1],[-19,-12],[21,10],[-13,-11],[27,13],[40,-4],[-23,-30],[19,23],[14,6],[97,-7],[-14,-15],[20,15],[49,-4],[-13,-4],[-7,3],[-11,-10],[-10,2],[-10,-9],[-27,1],[-14,-6],[-47,21],[46,-22],[13,5],[28,-2],[13,10],[9,-2],[10,10],[6,-4],[6,5],[5,-3],[23,3],[-3,-14],[-16,-8],[-15,9],[-8,-12],[-32,-3],[17,-1],[-11,-5],[-8,2],[-11,-15],[7,-3],[-3,7],[9,9],[7,-2],[14,8],[14,2],[5,10],[9,-7],[-4,-8],[3,-10],[-10,-17],[-8,-4],[-4,-9],[-14,-3],[-22,-8],[37,9],[5,10],[6,1],[-8,-25],[4,-9],[-6,-3],[-6,-19],[14,22],[1,26],[16,33],[-4,8],[30,13],[14,-2],[-39,-41],[1,-11],[-6,-4],[6,-4],[0,-11],[4,0],[-15,-20],[20,9],[-11,-9],[11,3],[0,-10],[13,4],[14,-8],[12,5],[2,-6],[20,-2],[7,12],[-8,34],[6,12],[14,5],[18,-1],[17,-20],[27,-13],[12,3],[73,-96],[8,-26],[-16,-2],[4,-15],[14,-24],[9,6],[6,-14],[9,2],[7,-21],[-7,-7],[8,1],[13,-30],[-2,-13],[-32,56],[-11,13],[-9,0],[-23,-12],[-5,-17],[11,-52],[14,-12],[7,6],[-1,-30],[32,-65],[9,6],[5,20],[3,-4],[13,3],[1,-4],[10,6],[43,-125],[6,-95],[12,-26],[5,-3],[7,6],[12,-14],[3,-11],[-10,0],[-4,-4],[21,-39],[3,-16],[13,-10]],[[64712,51623],[-6,-32],[-19,-22]],[[64536,51487],[5,17],[-20,19]],[[64525,51603],[20,68],[37,58],[36,36]],[[64998,50698],[22,-37]],[[65020,50661],[-16,-7],[-67,-3],[33,-96],[-75,-18],[20,-51],[4,0],[1,-64],[9,-6],[-2,-32],[8,-4],[0,-44],[12,2],[4,-7],[-2,-42]],[[63830,49197],[-20,-13],[-5,2],[-7,15],[11,-2],[5,8],[-21,-3],[-11,21],[4,4],[7,-3],[6,4],[2,15],[-22,13],[-73,-5],[-7,3],[-1,9],[-53,12],[-49,-1],[-23,-25],[-5,7],[-11,-1],[2,-8],[-45,-25],[-10,6],[-23,3],[-13,-11],[-10,14],[-23,10]],[[63435,49246],[-10,3],[-20,50],[-13,12],[0,14],[10,14],[-9,34],[-78,53],[-20,6],[-20,19],[-28,-1],[-19,16]],[[64184,50368],[-7,18],[55,68]],[[64232,50454],[18,-3],[36,37],[-27,12],[125,142],[49,-19],[8,25],[14,4],[7,29],[34,-1],[14,9],[-4,33],[23,25],[29,14],[-35,43],[36,11],[6,23],[56,-6],[3,5],[29,8],[35,5],[-1,-7],[12,-14],[36,13],[3,-10],[75,13]],[[64066,50859],[-26,-10],[2,-32],[-11,-9],[10,-10],[-9,-5],[-6,-36],[-14,-12],[2,-10],[-12,-19],[-2,-12],[-11,-10],[13,-20],[28,-13],[-20,-39],[-4,-4],[2,-11],[33,-25],[10,-11],[-1,-8],[12,-2],[-3,-22],[7,-6],[9,5],[19,-5],[14,9],[23,-8],[13,6],[17,-7],[-1,-8],[5,-2],[-7,-16],[9,-5],[1,-18],[17,3],[26,-14],[14,-5],[-1,-7],[8,-7]],[[63297,50914],[49,1],[27,10],[33,19],[7,11],[30,14],[64,-4],[25,4],[15,23],[-19,59],[8,32],[65,24],[11,11]],[[63612,51118],[-3,-19],[-41,-44],[12,-8],[41,9],[23,32],[77,-42],[9,0],[18,-16],[48,-24],[37,-8],[5,10],[54,-21],[-12,-26],[169,-63],[-8,-24],[25,-15]],[[66776,54041],[-38,16],[-14,28],[-56,43],[-2,33],[15,29],[-40,19],[-56,46]],[[66585,54255],[68,76]],[[68177,53849],[-15,5],[-11,17],[15,35],[-4,21],[-35,24],[-22,26],[-14,8],[-57,-35],[-50,-14],[-26,-15],[-20,-25],[4,-28]],[[67339,54384],[-39,9],[-19,11],[-9,19],[-10,6],[0,7],[-18,2],[1,13],[40,33],[-40,25],[-37,15],[34,48],[85,47],[18,12],[2,10],[14,12],[10,-7],[21,14],[66,-6],[91,-20],[21,5],[42,-3],[13,11],[-1,18],[15,26],[126,-3],[11,12],[59,-19],[11,29],[9,-3],[51,7],[-10,26],[7,-1],[24,34],[-19,4],[7,11],[22,12],[-4,50],[13,17],[-46,3],[-23,11],[-32,2],[3,13],[-9,9],[6,24],[18,21],[-2,5],[8,-1],[11,12],[2,10]],[[67882,54976],[9,13],[5,23],[11,0],[8,7],[19,-13],[34,21],[78,20],[29,29],[12,1],[11,11],[3,13],[8,5],[-1,15],[31,8],[47,26],[24,20],[19,6],[19,16],[6,-1],[0,7],[15,13],[11,2],[9,50],[12,1],[2,8],[14,7],[4,11],[5,-1],[-1,15],[29,10],[13,-5],[7,3],[1,6],[10,-4],[17,3],[5,9],[14,4],[21,-6],[30,0],[61,26],[43,-10],[4,8],[15,0],[12,13],[3,63],[57,2]],[[68667,55431],[-2,-38],[11,-12],[20,4],[84,39],[34,-3],[18,-14],[2,-26],[-11,-23],[-43,-34],[-61,-22],[-16,-19],[5,-23],[38,-33],[25,-49]],[[62325,56755],[33,-33],[61,-89]],[[62407,56463],[-1,-10],[-21,-40],[39,-32],[6,-21],[-23,-65],[12,-4],[7,-32],[-18,-24],[-12,4],[-4,-8]],[[62392,56231],[-18,-6],[-10,3],[-12,-4],[-105,38],[-15,-6],[-13,2],[-29,-6],[-50,12],[-50,-2],[-62,-34],[-22,-5],[-12,-10],[-91,-16],[-42,-30],[-32,-52]],[[61356,56513],[17,4],[9,14],[-1,13],[-34,59],[-16,13],[-7,38],[4,11],[23,-6],[65,2],[-6,16],[30,11],[1,26],[9,1],[-5,7],[14,4],[-2,16]],[[60645,55180],[17,20],[17,43],[-24,84],[1,105],[6,26],[32,24]],[[60983,55339],[7,-20],[50,-51],[26,-4],[2,23],[43,2],[-3,11],[37,6],[-4,32],[25,8],[3,-18],[42,9],[12,-21],[-8,-2],[12,-23],[-7,-2],[7,-12],[37,7],[0,-6],[59,8],[12,93],[16,-2],[20,24],[49,-15],[6,39],[6,6],[-2,13],[8,12],[-11,8],[-21,6],[27,29]],[[54704,60449],[-17,1],[1,7],[-21,-4],[-32,19],[-18,-12],[-28,-1],[-1,-10],[-52,-5],[-2,-5],[13,-12],[-18,-10],[-13,-30],[-30,-19],[-20,-4],[-4,-8],[-9,1],[-2,12],[-7,6],[-12,2],[-4,-8]],[[54428,60369],[-5,9],[10,3],[-8,24],[-25,-10],[6,14],[-21,14],[13,21],[-17,14],[15,20],[-6,2]],[[54357,60563],[1,4],[16,3],[-1,-11],[11,2],[3,-4],[47,30],[3,14]],[[54437,60601],[105,-66],[15,3],[78,43],[41,-1],[43,6],[19,-4],[-14,-60],[-14,-24],[-6,-49]],[[60277,54792],[-6,10],[-21,110],[-19,26],[-38,-5],[-21,45]],[[60172,54978],[-162,208],[-13,41],[7,8],[-7,30],[-73,51],[-21,41]],[[59468,56027],[57,61],[226,19],[149,-5]],[[72208,57578],[-4,-64],[136,9],[1,-4],[47,0],[-10,-11],[-4,-22],[117,9],[76,-2],[40,-2],[10,-14],[15,9],[21,-47],[15,10],[14,-36],[43,5],[12,-23],[16,-10],[9,-14],[54,-109],[-5,-1],[21,-64],[5,-38],[29,-61]],[[72866,57098],[-210,-95],[7,-11],[-27,-13],[-6,9],[-9,-4],[5,-8],[-15,-9],[11,-19],[15,-48],[-4,2],[3,-34],[-1,-6],[-9,-2],[-11,-67],[-21,-43],[-1,-14],[7,-69],[36,-121]],[[72398,56514],[-16,142],[31,-5],[-22,113],[-7,3],[24,26],[-18,33],[4,9]],[[72165,56994],[-8,3],[-103,-3],[0,-7],[-39,8],[-148,12]],[[71867,57007],[-28,610]],[[71839,57617],[0,1]],[[60067,48815],[-96,-1],[-72,-7],[-53,-18],[-40,-7],[4,-26],[-24,-28],[-32,-20],[-41,25],[-23,-10],[-31,-26],[-23,-6],[-32,8],[-36,42],[-33,18]],[[59535,48759],[27,10],[-8,18],[-19,8],[8,9],[-18,26],[20,15],[4,-4],[10,8],[-33,6]],[[59526,48855],[12,8],[11,-7],[9,13],[7,-5],[19,6],[27,-2],[-8,13],[22,3],[0,5],[20,10],[-4,11],[-15,-5],[0,25],[5,0],[2,24],[-1,9],[-21,21],[9,4]],[[59620,48988],[24,-5],[10,-13],[7,-35],[54,48],[30,7],[9,22],[-12,21],[-26,16],[-4,11],[-13,11],[-7,14],[-37,7],[3,5],[-50,22],[-1,7],[21,25],[-54,15],[36,21],[40,33],[13,16],[-6,12],[-23,0],[-21,16],[-10,-1],[-1,29],[-19,-3],[-48,9]],[[59535,48759],[-65,-13],[3,-6],[-8,-3],[6,-12],[-26,-2],[5,-60],[-39,-21],[-6,-28],[-28,-57],[-26,-26]],[[59351,48531],[-16,-11]],[[59009,48814],[86,37]],[[59095,48851],[52,-42],[-7,-11],[34,-20],[19,-24],[15,6],[-3,12],[7,7],[29,8],[14,-5],[22,8],[-5,5],[7,13],[14,-15],[11,1],[1,-10],[21,-3],[-6,22],[55,38],[86,2],[3,12],[-11,1],[0,14],[3,-5],[10,2],[-3,9],[12,8],[12,-12],[8,0],[10,-12],[21,-5]],[[59351,48531],[25,-33],[-3,-9],[40,-53],[9,-74],[7,-12],[7,-3],[7,5],[6,-2],[-2,-7],[17,-18],[29,-49],[68,-42],[3,-15],[6,-6],[-7,-11],[5,-12],[-7,-8],[0,-27]],[[59297,47850],[-23,-5],[-6,10],[-28,4],[-1,5],[-13,2],[-3,6],[-15,1],[-5,10],[-30,-5],[-11,-6],[-16,-31],[-13,9],[-2,-7],[-9,-4],[5,-14],[-8,-1],[-10,12],[0,-10],[-6,7],[-7,-13],[-7,2],[2,-9],[-11,-6],[-1,-10],[-12,9],[-39,-19],[-7,2],[2,5],[-13,-10],[-14,-3],[-7,-16],[13,-6],[-1,-8],[-8,3],[3,-12],[-17,1],[-14,-7],[2,7],[-6,4],[-10,-9],[7,-2],[-3,-9],[-10,7],[-7,-2],[-3,-16],[5,-11],[-17,-17]],[[58923,47688],[-12,0],[-5,-10],[-9,0],[5,-12],[9,4],[3,-10],[-17,-7],[-16,-15],[-37,-13],[-15,4],[-3,-7],[-16,4],[2,14],[-15,-4],[4,17],[-6,4],[-22,5],[-4,-6],[-15,6],[-1,6],[-8,-2],[-5,13],[-35,13],[-15,-2],[-18,-16],[-4,3],[-31,-5],[-17,-15],[-11,-18],[-25,-2],[-12,25],[-13,12],[13,10],[-39,2],[-10,-5],[-20,6],[-12,8],[-5,11],[-10,0],[5,8],[-14,7],[-18,-1],[-17,-17],[-6,-18],[7,-10],[-40,0],[-9,11],[-9,1],[-28,-17],[-47,-17],[-5,6],[4,9],[-10,6],[-39,-1],[-16,-4],[0,-9],[-14,0],[-6,12],[14,8],[-8,34],[11,18],[-2,86],[-25,7],[6,31],[-23,2],[-5,34],[-14,25],[22,15],[-4,6],[26,11],[-6,31],[3,34],[-8,32],[-73,21],[-5,11],[-19,-1],[-4,8],[-17,-2],[-1,-6],[-34,0],[-28,8],[0,4],[-51,10],[2,33],[-31,11],[-50,-8],[-70,4],[-76,-7],[-36,6],[-53,21],[-24,17],[-15,27],[4,17]],[[58035,48915],[-22,-17],[-53,-1],[-28,-6],[-42,-30],[-12,-33],[-26,-31],[2,-17],[18,-9],[4,-10],[-9,-44],[-25,-44],[-24,-27],[-37,-7],[-22,-12],[-49,-58],[3,-16],[35,-18],[-2,-11],[-22,-18],[-5,-18],[6,-17],[37,-37],[4,-12],[-12,-5],[-39,8],[-15,-9],[-2,-25],[8,-32],[-25,-23],[-7,-16],[21,-33],[2,-12],[-55,-47],[-22,-8]],[[68459,48103],[1,5],[10,-4],[16,10],[18,29],[2,25],[8,8],[34,9],[55,27],[28,40],[14,28],[11,6],[1,12],[15,5],[12,-4],[0,6],[8,-6],[11,1],[-1,4],[8,4],[4,-9],[11,4],[4,17],[13,-1],[12,26],[8,-3],[11,4],[-2,10],[11,0],[-4,-5],[21,6],[5,-3],[25,15],[43,-9],[15,-1],[0,6],[11,-2],[0,5],[10,-5],[8,7],[3,13],[20,12],[20,24],[12,-6],[8,8],[14,3],[1,-5],[11,-2],[16,7],[2,-10],[13,0],[-3,-12],[22,8],[0,5],[12,0],[-2,-12],[13,-13],[-2,-7],[20,-7],[14,-14],[-2,-8],[-6,-1],[1,-13],[14,-2],[10,-13],[15,-4],[-1,12],[19,-3],[0,6],[11,3],[0,7],[14,3],[4,-12],[12,-9],[7,2],[-3,6],[6,4],[3,-8],[9,4],[11,-9],[-8,-12],[16,-19]],[[69484,47156],[53,2],[20,-12],[24,41],[4,37],[162,97]],[[64489,46564],[-15,-169]],[[64406,46280],[-7,1],[3,-16],[-15,-2],[-7,-8],[6,-8],[-1,-14]],[[64385,46233],[-40,9],[34,79],[-29,5],[-2,-14],[-16,6],[-1,-13],[-22,5],[-23,12],[61,72],[-28,20]],[[65164,46706],[30,-1]],[[65148,46504],[-2,20],[-11,21],[-47,-25],[-137,76],[-12,3],[-21,-4],[-13,11]],[[64938,46818],[-41,23],[-135,53],[-22,-38],[-12,30],[1,18],[-52,19]],[[64677,46923],[18,11],[4,14],[-14,34],[-27,38],[3,15],[15,23]],[[64676,47058],[28,-37],[16,15],[23,-15],[7,1],[0,-11],[6,-1],[-3,-23],[27,-8],[6,17],[12,-5],[4,7],[16,-7],[16,26],[65,-23],[-15,-10],[50,-37],[-16,-24],[40,-16],[13,6],[23,-13]],[[60651,50794],[33,2],[57,-12],[6,-8],[23,9],[10,-6],[14,3],[29,-35],[10,-25],[16,10],[32,-24],[45,-9],[24,0],[45,20],[3,-3],[27,8],[2,5],[62,11]],[[66201,37732],[-15,-20],[-2,-20],[13,-52],[-27,-14],[-4,-12],[6,-19],[-8,4],[-34,-12],[2,-9],[22,0],[11,-13],[-25,-8],[7,-18],[-11,4],[-48,-38],[24,-18],[-31,-11],[-4,-34],[13,-35],[53,-4],[21,-25],[7,-37],[26,-31],[5,-14],[44,-14],[-14,-34],[-44,-32],[5,-12],[-20,-18],[-38,-65]],[[66135,37121],[-41,-2],[-24,-6],[-8,21],[-34,-4],[-46,11],[-17,28],[-20,0],[-40,8],[0,4]],[[65905,37181],[3,22],[-7,29],[19,13],[-7,10],[-52,-1],[-31,-21],[-52,9],[-28,47],[7,32],[-10,27],[1,35],[-31,-6],[-96,-41],[-44,9],[-13,14],[-9,-3]],[[65555,37356],[-6,7],[-26,0],[31,37],[18,2],[-9,14],[8,4],[18,-19],[37,10],[91,46],[73,20],[18,22],[24,5],[7,5],[-1,8],[19,4],[39,22],[4,15],[24,-1],[6,37],[5,2],[-7,7],[13,13],[0,10],[18,29],[-3,10],[4,5]],[[67685,38033],[1,-16],[12,-20],[-2,-6],[-7,0],[-5,-6],[9,-19],[-9,-10],[1,-26],[-13,-6],[3,-13],[-11,-4],[6,-11],[-13,-2],[1,-9],[-10,-16],[-18,-6],[-13,-10],[-3,-11],[-10,-4],[4,-9],[15,-13],[26,2],[27,-15],[13,7],[24,-9],[3,6],[21,1],[15,-13],[4,5],[12,-3],[12,6],[18,-15],[13,-25],[7,3],[8,-10],[-2,-6],[9,-18],[-5,-7],[-15,-4],[15,-12],[-10,-11],[0,-22],[17,-13],[12,7],[8,-16],[19,-14],[-9,-17],[-24,-15],[-10,1],[-9,-18],[7,2],[4,-9],[14,-6],[10,3],[15,-6],[7,3],[16,-15],[17,-2],[10,-7],[13,3],[22,-10],[7,1],[19,-41],[4,-33],[15,-12],[5,4],[33,-10],[14,1],[5,6],[42,-16],[5,-7],[-6,-5],[10,-29],[-5,-16],[10,-5],[5,-23],[17,-12],[-1,-14],[31,-13],[-5,-6],[13,1],[17,-16],[22,-10],[8,-28],[19,-13],[0,-37],[-10,-14],[0,-29],[14,-13],[2,-11],[7,-4],[1,-11],[19,-12],[14,-2]],[[68288,37118],[-17,-18],[-1,-28],[-16,-15],[-18,-32],[-38,-38],[-49,-17],[-30,-2],[-20,10],[-13,1],[-23,13]],[[67825,37160],[2,18],[19,35],[-6,43],[-11,18],[-17,15],[-14,4],[-17,-3],[-3,-8],[-3,64],[6,24],[-23,17],[7,6],[-19,16],[27,22],[-41,35],[-82,-78],[-25,22],[12,10],[-26,26],[-16,-7],[-15,13],[-43,-30],[-14,16],[-12,26],[-33,-13],[-72,-46],[-23,15],[-34,-43],[-59,48],[-46,-27],[-106,80],[46,28],[-79,63]],[[67105,37569],[24,19],[-38,57],[5,22],[-5,32],[44,0],[15,5],[7,13],[167,130],[102,35],[-43,86],[-10,39],[-6,-1],[-10,24],[4,29],[33,19],[4,19],[-5,16],[15,24]],[[64440,36286],[32,-32],[18,-9],[73,0]],[[64563,36245],[21,-7],[3,-5],[7,2],[2,-5],[11,4],[6,-9],[16,-3],[3,-8],[6,3],[13,-7],[6,6],[11,-2],[1,-6],[20,-6],[2,-7],[13,-6],[0,7],[18,3],[20,-5],[18,3],[7,-13],[14,-1],[-2,-6],[5,-9]],[[63828,35529],[18,27],[49,42],[30,-5],[44,8],[21,-4],[25,6],[10,-2],[42,13],[8,-7],[21,21],[26,45],[103,125],[87,-20],[7,20],[56,-5],[34,32],[59,33],[46,11],[71,-6],[7,40],[27,58],[4,30],[32,10],[6,-2],[14,11],[8,17],[12,1],[27,72],[8,14],[6,-1],[7,4],[19,55],[22,-4]],[[63774,35538],[33,-11],[21,2]],[[63774,35538],[-35,10],[-41,-5],[-126,35],[-47,-3],[-32,4],[-42,14],[-32,2],[-8,11],[-21,6],[-29,20],[-23,3],[-36,14],[-28,29],[-71,-21],[-10,10],[-10,1],[-14,-6],[-12,-19],[-10,-2],[-10,-13],[-21,-11],[-2,4],[-32,-6],[-26,-22],[-18,-5],[-83,28],[-31,6],[-130,-10],[-4,-2],[-5,-38],[-14,-13]],[[62771,35559],[-9,8],[12,16],[-12,23],[-12,10],[2,17],[-9,-1],[-29,69],[1,17],[6,11],[-6,4],[-14,-5],[-5,8],[21,9],[3,6],[10,-5],[8,6],[17,0],[2,11],[11,3],[-3,7],[11,19],[-29,30],[15,22],[13,3],[-16,29],[4,23]],[[62819,35982],[-21,-20],[-1,-37],[-12,-12],[-3,4],[-11,-2],[-8,-16]],[[63314,36042],[9,6],[13,-1],[2,4],[99,0],[36,-5],[-6,-18],[52,-6],[4,9],[48,-5],[0,-5],[20,-2],[8,23],[-6,26],[41,53],[4,15],[47,20],[94,12],[9,21],[10,-2],[23,19],[38,1],[7,-12],[116,-13],[154,22],[74,31],[13,18],[4,20],[77,12],[27,25]],[[64331,36310],[7,-11],[13,-6],[59,3],[30,-10]],[[64319,36815],[-13,-31],[90,-34],[21,-24],[35,2],[8,-8],[6,-32],[10,-10],[94,-43],[18,-13],[-2,-46],[6,-19],[-3,-45],[-8,-9],[1,-11],[6,-16],[23,-25],[12,10]],[[64623,36461],[-7,-15],[-14,-4],[6,-34],[-15,-52],[2,-9],[-9,-6],[-15,-24],[2,-9],[-6,-14],[-6,1],[3,-9],[-7,-3],[8,-19],[-2,-19]],[[64440,36286],[5,16],[9,-1],[-2,32],[-25,3],[-3,15],[-31,1],[89,123],[-12,8],[-7,-14],[5,-3],[-10,-5],[-15,10],[0,6],[-10,0],[3,8],[-10,4]],[[64426,36489],[-10,29],[-4,-2],[-3,9],[4,4],[-8,3],[7,3],[-3,9],[-2,16],[6,0],[-6,13],[-70,79],[-66,98],[-24,4],[-31,22]],[[64216,36776],[4,6],[-5,35],[19,7],[10,-14],[23,6],[4,-11],[28,10],[20,0]],[[71275,40974],[20,-4],[98,-51],[64,-26],[21,-17],[27,-35],[49,-30],[25,-28],[42,-71],[17,-62],[6,-57],[-10,-53],[3,-13]],[[71109,40772],[-8,22],[-17,6],[-18,16],[-21,5],[2,3],[-20,6],[-5,7]],[[71230,40984],[45,-10]],[[69940,42777],[-33,-28],[-15,-20],[-13,-34],[-10,-8],[-18,-2]],[[63923,54739],[-65,3],[-62,31],[-22,1],[-15,15],[-7,30],[-99,24],[-83,40],[-36,23],[-32,11],[-20,22]],[[63482,54939],[56,34],[98,27]],[[64355,56190],[-30,-44],[-27,-26],[-4,3],[5,19],[-8,6],[-14,-3],[-19,14],[-25,-27],[-102,-10],[-145,41],[-28,-9],[-35,-20],[-18,-3],[-29,8],[-77,-7],[-29,23]],[[63770,56155],[-14,48],[4,5],[-12,22],[-24,-2]],[[63724,56228],[-9,20],[-1,18],[-32,20]],[[63682,56286],[-3,15],[-7,0],[-25,53],[20,33]],[[64367,56488],[6,-96],[22,-115]],[[73373,45641],[4,-46],[-10,-44],[14,-18],[-12,-37],[13,-10],[33,-10],[56,-52],[1,-30],[-18,-32],[-14,-9],[-23,3],[-19,-5],[-24,11],[-16,-3],[-6,-9],[2,-11],[-33,-30],[31,-52],[9,-4],[4,-49],[8,-20],[16,0],[28,-13],[7,-14],[96,-17],[16,-10],[-2,-26],[-18,-27],[-2,-24],[2,-16],[14,-16],[2,-19],[13,-34],[-16,-64],[-24,-22],[-1,-22],[-30,-14],[-36,-4],[-23,-25],[-4,-16],[-13,-6],[-6,-16],[3,-30],[6,-8],[17,5],[-2,-13]],[[73416,44733],[-7,-22],[2,-70],[-6,-27],[-5,-2],[-8,7],[-11,1],[-31,-21],[-3,3],[-14,-9],[-27,-3],[-9,-11],[-4,8],[-8,-5],[-29,4],[-3,-6],[-19,-2],[-17,39],[-44,17],[-19,-10],[-7,2],[-15,41],[2,34],[-33,24],[-22,3],[-39,-12],[-54,5],[-47,-13],[-36,-2],[-24,-10],[1,5],[-11,-3],[-13,-24],[-4,0],[-3,8],[-13,-3],[-9,-28],[-17,-5],[-12,-14],[6,-16],[38,-38],[31,-47],[-120,-32],[-19,5],[-1,48],[-107,10],[-29,-6],[-47,-21],[-33,8],[-38,-26],[-54,-14],[4,-24],[25,-40],[62,9],[8,-17],[-59,-9],[8,-40],[156,24],[84,0],[-10,-45],[71,-58],[-12,-7],[-35,-53],[0,-28],[15,-20]],[[71529,44493],[-35,12],[15,-2],[38,11],[32,2],[6,12],[-42,74],[-22,10],[0,22],[16,17],[20,7],[9,9],[11,38],[64,20],[35,5],[-90,34],[-16,41],[128,27],[53,17],[13,16],[20,11],[73,70],[4,9],[59,20],[10,-1],[4,9],[-25,22],[-5,12],[-19,13],[-7,14],[-24,18],[2,5],[-14,34],[-44,41],[-5,32],[5,58],[10,6],[28,-2],[39,-18],[71,-20],[68,-12],[44,3],[6,4],[40,-2],[28,-44],[27,-18],[40,-10],[0,-8],[-16,-29],[-60,-11],[-27,2],[-54,-22],[2,-5],[81,-58],[58,-14],[-3,-26],[-12,-15],[65,-139],[25,8],[82,-48],[29,-1],[9,-17],[23,6],[24,18],[17,-10],[59,-15],[30,0],[1,31],[53,23],[-9,3],[-21,40],[-17,14],[-33,-18],[-5,13],[-5,0],[-2,12],[-5,0],[3,22],[-25,7],[-23,14],[-23,-69],[-30,12],[-12,12],[8,28],[-3,21],[-24,30],[27,17],[4,13],[16,20],[23,20],[47,23],[42,9],[12,11],[3,33],[-17,23],[-27,17],[1,12],[37,18],[13,-8],[92,15],[-8,15],[6,18],[43,-5],[7,13],[16,8],[6,16],[-5,15],[32,32],[8,26],[-72,48],[-5,38],[16,6],[-25,59],[21,38],[29,20],[17,0],[9,14],[-11,31],[3,32]],[[72719,45577],[96,19],[163,44],[150,31],[127,32],[5,-15],[57,-3],[22,-27],[34,-17]],[[64964,56688],[14,0],[11,-10],[22,-4],[3,-11],[11,-1],[1,-25],[34,-3],[9,-50],[-6,-29]],[[66404,42159],[-63,-112],[8,-6],[7,2],[-2,-11],[13,-5],[4,3],[41,-27],[11,2],[9,-12],[39,-6],[9,-8],[-27,-51],[44,-15],[-18,-32],[-36,-36]],[[65617,41393],[-19,-10],[-14,3],[-20,-6],[-62,7],[-22,-8],[-16,-15],[-36,-17],[-17,-14],[-37,13],[-79,-41],[-52,-47],[-36,-8],[0,34],[-7,12],[5,13],[-5,2],[26,45],[-9,46],[-7,12],[-17,11],[-2,25],[-13,14],[-1,6],[11,18],[-6,26],[-10,11],[-5,26],[-20,21],[-3,-3],[-6,12],[6,11],[-7,21],[-8,15],[-4,-1],[3,19],[-11,9],[-6,8],[5,54],[-4,12],[-23,28],[-39,9]],[[66351,42175],[53,-16]],[[64064,55046],[35,-7],[22,6],[51,50],[8,20],[22,25],[30,5]],[[64589,39161],[-40,10],[-26,0],[-52,-4],[-13,-8],[-34,14],[-30,26],[-56,5],[-10,5],[-32,-14],[-21,-2],[-31,-11],[-48,9],[-54,-22],[-26,-8],[-18,1],[-26,-13],[-23,-4],[-3,6],[-41,-11],[-38,-5],[-32,3],[-1,7],[-50,17],[-12,-50],[-54,-62],[4,-37],[12,-2],[-9,-7],[-4,-17],[-8,2],[-4,-12],[7,-32],[-5,-6],[6,-4],[-16,-8],[-66,14],[-30,17],[-52,8],[-17,40],[-85,4],[-112,39],[-7,-17],[-31,-29],[-7,-18],[39,-55],[5,-48],[-11,-20],[6,-6],[-5,-24],[-15,-22],[-8,-1],[-7,-18],[-11,-8],[0,-9],[-9,-7],[-4,-16],[-11,1],[-26,-8],[-8,-39],[-64,-47],[-25,-1],[-45,24],[-38,5],[-41,-3],[-9,-6]],[[63107,38677],[-47,-6],[-25,2],[-39,25],[-131,30],[7,28],[12,3],[-6,21],[5,8],[-15,6],[-2,19],[-9,4],[-15,-1],[10,24],[-10,6],[-4,12],[-7,-2],[1,11],[-5,5],[6,11],[-11,14],[7,6],[-5,9],[3,27],[-11,-1],[-3,7],[-18,7],[-4,22],[20,32],[7,33],[-28,98]],[[63052,39470],[6,-18],[24,-36],[-1,-50],[17,-51],[-1,-19],[15,-37],[-2,-24],[-92,-31],[-67,10],[-42,-3],[-32,-16],[-43,6],[-43,0],[-1,-64]],[[67092,41076],[-20,2],[-15,-6],[-14,5],[7,7],[-22,1],[2,8],[-25,-9],[-16,3],[0,-5],[-12,3],[-56,-3],[-45,-15],[-12,13],[-1,-6],[-7,3],[-17,-3],[-6,5],[-15,-2],[-28,12],[-9,15],[-8,-5],[-16,10],[2,11],[-12,-2],[6,9],[-10,8],[0,24],[-33,3]],[[66404,42159],[18,34],[63,-13],[40,1],[-2,12],[5,9],[-4,24],[5,16],[16,16],[20,46],[22,7],[41,-2],[28,4],[18,-3],[16,4],[51,0],[6,-4],[0,-31],[28,-3],[19,-9],[14,6],[26,1],[52,-11],[12,-7],[18,-30],[14,-11]],[[67456,40596],[-10,-54],[-34,-10],[16,-48]],[[67428,40484],[-19,-8],[13,-43],[-22,-26],[-11,7],[-19,-23]],[[67370,40391],[-157,106],[-22,30],[-4,33]],[[67187,40560],[57,-4],[75,5],[61,12],[0,6],[7,1],[1,24],[28,-2],[-1,18],[41,-24]],[[63514,55138],[19,7],[18,13],[7,-6],[-10,-11],[7,-5],[-9,-17],[60,-20]],[[63606,55099],[-44,-40],[11,-14],[-18,3],[4,5],[-16,9],[-5,-5],[-50,13],[-29,-3],[-82,7],[4,11],[-36,9],[-46,-4]],[[67665,40585],[-34,-45],[-40,15],[1,24],[-78,44],[-41,6],[0,-11],[-17,-22]],[[67187,40560],[-14,1],[-3,-25],[4,-22],[-20,-3]],[[67154,40511],[6,14],[-10,12],[-2,14],[-6,0],[-5,-9],[-6,8],[16,17],[-16,3],[6,4],[-5,4],[9,19],[-7,11],[6,16],[16,-2],[7,15],[-20,4],[7,10],[-6,25],[14,12],[14,-5],[0,13],[7,8],[14,11],[5,-2],[-5,27],[6,9],[-9,13],[-12,6],[-8,-4],[-11,9],[-14,2],[3,10],[-6,14],[-16,-2],[-12,18],[8,8],[-9,31],[7,20],[-1,11],[-10,10],[1,6],[24,-2],[8,7],[-1,10],[16,23],[3,19],[8,4],[-6,25]],[[67680,40445],[-17,-25],[-3,-17],[-20,6],[-14,-48],[31,-1],[-5,-50],[-8,-18],[12,-21],[-3,-17],[-23,-15],[-61,-25]],[[67455,40271],[-10,22],[3,35]],[[67448,40328],[3,17],[72,18],[14,27],[15,-5],[11,20],[9,-2],[-1,35],[-7,16],[6,3],[-5,6],[31,26]],[[67596,40489],[32,-20],[33,-8],[18,-15]],[[69845,43993],[-26,-26],[-73,-43],[-71,-64],[-18,-5],[-30,-16]],[[69611,43823],[-121,77]],[[69691,44138],[227,-73]],[[67095,40448],[99,-42],[50,-39],[36,-52],[23,-87]],[[67043,40140],[-77,57]],[[66901,40339],[94,96],[52,-2],[7,33],[41,-18]],[[61629,44897],[-54,-6]],[[61575,44891],[-41,53],[-7,-1],[-4,6],[19,6],[-60,49],[33,25],[11,3],[-5,5]],[[61521,45037],[21,32],[2,18],[30,26],[12,-11],[57,-31]],[[68059,44681],[58,90],[15,24],[-4,3],[20,18],[-8,10],[28,31],[34,76],[1,6],[-40,29],[13,91],[14,40],[-44,13],[-26,-1],[-16,7],[-27,-5],[-4,-9],[-25,-3],[-39,23],[3,2],[-18,31],[0,19],[-16,20],[3,3],[-42,28],[-20,30],[-37,23],[-15,25],[-12,10],[-11,39],[-16,22],[-1,46],[-11,18],[-23,22],[13,20],[-18,12],[-29,7],[-15,-5],[-5,7],[10,33],[27,27]],[[68464,45893],[6,-1],[7,8],[19,0],[13,6],[15,-5],[0,13],[8,-5],[-5,11],[21,-8],[7,7],[2,16],[9,-6],[10,2],[3,7],[28,-6],[9,5],[5,-9],[7,10],[15,1],[13,15],[5,-5],[29,2],[16,-9],[12,5],[17,-7],[14,5],[8,13],[7,1],[11,-18],[4,4],[17,0],[-2,-13],[21,7],[25,-9],[3,-11],[10,-5],[15,-17],[-8,-4],[-2,-11],[13,3],[-1,-13],[18,-5],[0,-17],[18,-7],[3,-11],[18,2],[3,-15],[9,2],[-4,7],[13,-4],[4,-18],[6,-8],[7,1],[-3,-7],[-10,-4],[4,-5],[15,5],[4,-7],[-11,-10],[17,-6],[4,-11],[6,1],[-5,-7],[5,-12],[32,1],[8,-11],[-9,-7],[20,-2],[2,-7],[8,2],[10,-13],[9,2],[-4,5],[7,4],[15,-9],[6,4],[-7,-13],[14,-9]],[[65784,45028],[8,-8],[-2,-12],[-18,-16],[19,-39],[9,3],[15,-47],[35,-35]],[[65471,44700],[-9,8],[-33,7],[-38,18],[1,4],[-16,12],[-25,6],[5,91],[-14,3],[5,21],[-15,8],[-33,93]],[[65299,44971],[3,14],[11,12]],[[65313,44997],[51,-1],[6,10],[37,-2],[5,17],[69,16],[10,9],[68,-10],[14,11],[37,-7],[20,-9],[21,17],[14,-7],[21,16],[92,-32],[6,3]],[[63469,44776],[4,41],[-14,21]],[[64295,48113],[-20,8],[-37,4],[0,6],[-19,7],[-2,-17],[-38,-26],[-79,-13],[-5,-9],[-61,-2],[-20,-9]],[[64014,48062],[-38,80],[-35,168],[-6,-6],[-30,6],[-35,15],[-17,13],[6,17],[-45,43],[2,11],[-23,21]],[[64170,48806],[6,-11],[-5,-13],[8,-27],[37,-35],[11,-21],[4,-32],[-6,-13],[10,-17],[23,-20],[16,-7],[47,-44],[-8,-6],[-2,-21],[44,-4],[-33,-17],[-2,-10],[-15,-15],[-12,2],[-10,-5],[-41,-37],[-15,-38],[16,-39],[25,-16],[67,26],[21,-11],[33,0],[47,31],[4,18],[9,7],[-3,10],[13,3],[5,8],[18,4],[72,-10],[19,-17],[6,-21],[-46,-21],[-2,-8],[-8,0],[-19,-19],[-13,-5],[-25,-49],[3,-16],[8,-9],[-14,-4],[-5,-7],[10,-31],[13,-5],[9,-10],[24,-7],[14,7],[-5,-13],[23,0],[18,9],[19,3]],[[64014,48062],[-23,-2],[-10,4],[-40,-29],[-145,-25],[-15,-21],[-30,-18],[-15,-3],[-12,-22],[-7,2],[-5,-18],[19,-14],[3,-22],[32,-39],[-1,-42],[-11,-41],[43,-15],[9,-33],[-1,-18],[42,-5],[32,-13],[46,-34],[-127,-16],[27,-2],[47,6],[23,-29],[35,-21],[3,-33],[-8,-23],[26,-41],[9,-27],[18,0],[13,-10],[15,-54]],[[64751,48724],[60,-83],[54,-35],[-1,-4],[16,-13],[15,-6]],[[64694,48156],[-7,18],[-29,-10]],[[70634,41185],[-101,-18],[-65,-18],[-26,-13],[-71,-58],[-30,-12],[-49,-10],[-26,-12],[-42,-7],[-10,16],[-2,20],[18,46],[34,35],[-5,31],[12,64]],[[70271,41249],[-16,20],[-52,13],[-15,28],[-44,34],[-11,14],[2,16],[-8,13],[17,22],[-15,8],[-7,15]],[[60258,53796],[54,-70],[10,-73],[19,-43],[14,-48],[-1,-18],[-15,-20]],[[60339,53524],[-61,20],[-12,-11],[-2,-11],[-25,7],[-18,-40],[8,-40],[-37,-5],[-53,13],[-20,0],[-37,-40],[-96,18],[-40,14],[3,-27],[14,-32],[8,-56],[20,-63],[-32,-95],[34,-22],[12,11],[17,-3],[0,-12],[-15,-31],[25,0],[3,-12],[17,3],[7,-20],[36,6],[1,-18],[-31,-6],[-5,16],[-40,-9],[14,-13],[10,-28],[14,3],[-1,-29],[-17,-4],[0,-11],[10,-11],[10,-34],[34,-4],[1,25],[23,0]],[[60118,52973],[2,-29],[6,1],[1,-67],[29,0],[5,-19],[45,-62],[-20,-22]],[[59950,52648],[-8,5],[-10,-4],[-33,20],[-8,-3],[-5,15],[-18,-3],[0,9],[-9,-1],[-5,-7],[-6,3],[-6,-13],[-7,-3],[-20,9],[2,17],[-19,9],[5,8],[-16,16],[3,5],[-14,7],[6,16],[-11,1],[3,6],[-19,12],[-5,9],[-16,15],[-7,-1],[-19,21],[-9,1],[1,16],[-7,1],[2,16],[-5,1],[-10,-22],[-16,-12],[-39,-8],[-62,3],[-17,21],[6,1],[-3,10],[-12,9],[-8,38],[-24,53],[-10,41],[-1,18],[26,4],[22,21],[-139,101],[-24,-14],[-23,37],[-4,17],[-7,5],[-7,-3],[10,-29],[-9,-17],[-10,-7],[-13,-2],[-29,14],[-50,-4]],[[59164,53735],[16,0],[12,17],[16,5],[20,0],[15,6],[8,12],[10,0],[64,54],[20,5],[27,41],[28,19],[31,9],[33,-17],[1,7],[21,19],[-1,7],[31,15],[19,33],[-27,52],[53,28],[34,0],[-4,12],[-7,5],[0,11],[6,5],[8,-2],[42,25],[9,29],[-2,11],[43,27],[15,18],[35,10],[9,-4],[40,6],[45,-16],[19,-2],[12,-7],[14,1],[39,71],[17,19],[29,18],[4,12],[-21,5],[-8,24],[-37,24],[-37,1],[-36,-16]],[[59863,54651],[-2,31],[-24,25],[-6,16],[5,16],[-8,12],[18,9],[23,51],[51,22],[20,21],[17,3],[30,18],[6,-8],[55,13],[66,3],[-4,14],[12,29],[7,5],[35,-2],[-19,39],[27,10]],[[78480,58808],[67,-57],[20,-119],[29,-46],[13,-10]],[[81623,58511],[18,-30],[-10,-5],[4,-7],[-82,-41],[65,-100]],[[81126,58224],[240,153],[64,33],[40,12],[-6,21],[10,46],[51,36],[27,12],[33,-45],[38,19]],[[81950,55712],[11,-34],[72,9],[-3,9],[53,9],[5,-34],[42,4],[10,-25],[-91,-4],[-5,-45],[23,0],[5,-42],[-94,4],[-2,-11],[131,-8]],[[82107,55544],[3,-32],[-10,-4],[46,-109],[-9,-66],[50,-15],[-1,-39],[6,-14],[14,-20],[25,-9],[8,-14]],[[82239,55222],[-4,-11],[-16,-16],[-32,-1],[-27,-15],[-5,-15],[3,-40],[-25,-11],[3,-22],[-13,-15],[-4,-16]],[[81112,55467],[16,34],[1,26],[17,13],[17,30],[-24,9],[2,3],[-12,8],[-23,7],[-25,17],[-31,36],[8,3],[-68,55],[-6,11],[11,20],[47,-21],[11,10],[20,-13],[14,7],[24,-14],[17,-4],[41,5],[28,-3],[37,-11],[91,-13],[32,0],[99,-14],[203,-18],[36,-9],[18,31],[198,39],[39,1]],[[78229,52421],[-64,-47],[-11,-31]],[[78154,52343],[-15,11],[-46,62],[-6,-1]],[[78087,52415],[-5,5]],[[79356,51590],[-58,-17],[-50,-7],[-86,-3],[-84,10],[-60,16],[-67,26],[-103,65],[-13,24],[-5,-1],[7,-16],[-77,21],[-157,184],[-65,64],[-27,20],[-44,66],[-27,17],[-50,60]],[[79386,51573],[-129,-36],[-2,-9],[14,-13],[-24,-3],[-3,-13],[24,-19],[-24,11],[-22,-11],[-4,-8],[19,-15],[-22,7],[15,-14],[-19,-5],[-10,1],[-3,-5],[6,-7],[-10,-1],[4,-12],[-26,-11],[1,-6],[-24,-12],[-17,0],[-2,-7],[-15,0],[-7,-12],[6,-1],[-24,-5],[-3,-6],[-7,6],[-22,-3],[-20,33],[-27,26],[-12,53],[-12,16],[-33,61],[6,-19]],[[78958,51534],[-19,39],[-34,48]],[[78905,51621],[32,-17],[20,-10],[5,0],[103,-35],[75,-9],[65,-2],[86,6],[90,22],[2,-1]],[[65513,45753],[-82,-92],[-17,-8],[-10,6]],[[65153,45797],[-15,1],[-15,89]],[[65123,45887],[51,25],[11,-13],[3,3],[40,-27],[8,-1],[2,6],[6,-8],[3,6],[7,-6],[13,1],[33,8],[35,37],[17,6]],[[61685,47930],[-28,-53],[-9,-3],[-7,9],[-4,-1],[6,-10],[-6,-2],[-5,9],[-16,-5],[-4,9],[-6,-2],[-17,35],[-15,11],[-7,-5],[5,-3],[-21,-17],[30,-50],[-32,-11],[-6,9],[-23,-11],[-9,0],[8,-11],[-27,-13],[-34,-9],[-2,7],[-51,-8],[-44,16],[-35,-7]],[[60251,48018],[-1,6],[-22,1],[-12,5],[0,4],[-68,4]],[[59931,48159],[0,5],[-19,7],[-1,8],[-31,10],[3,26],[23,0],[1,-10],[13,-4],[10,42],[27,-5],[30,10],[-15,11],[-6,18],[-18,24],[2,5],[31,16],[-9,9],[0,28],[-19,24],[-18,43],[18,7],[-7,12],[56,19],[31,4],[32,-12],[18,3],[-8,40],[-18,20],[29,23],[-12,36],[5,43],[39,26],[11,-5],[38,46]],[[68079,48788],[-20,-118],[-8,-3],[-3,-49],[-14,-32]],[[67860,48458],[-7,10],[-98,73],[-52,49],[-40,94],[-16,12],[-23,68],[-22,9]],[[67602,48773],[-7,33]],[[68983,51167],[-11,-26],[-18,-16],[38,-39],[46,20],[15,-29],[59,20],[3,-35],[24,4],[1,-14],[31,4],[8,-4],[-2,-17],[-14,-13],[-22,-50],[-11,-10],[0,-11],[-18,-14],[-4,-20],[9,-8],[-5,-19],[-27,-41],[-7,-15],[2,-12],[60,-38],[16,11],[11,-10],[21,-6],[7,29],[87,-34],[28,-16],[27,-4],[35,7],[28,-53],[15,-52],[38,-67],[-1,-48],[30,-53],[56,-80],[55,-57],[34,-47],[32,-27],[110,-144],[24,-39],[21,-53],[9,-39]],[[69823,50002],[26,-74],[65,-129],[34,-41],[39,-30]],[[69987,49728],[-300,-115],[-15,30],[43,16],[-23,19],[-36,0],[-14,23],[-43,0],[-104,-12],[-9,21],[-102,-35],[-142,-23],[-44,-19],[-72,-18],[31,-61],[16,-82],[17,-52],[2,-26],[-17,-13],[-23,18],[-30,-24],[-39,-12],[-9,6],[-11,-4],[-6,7],[-60,-37],[-123,-23],[-88,-38],[-12,9],[-30,11]],[[64925,52611],[-28,-21]],[[64897,52590],[-60,49]],[[64837,52639],[-50,36],[-39,39],[48,38]],[[64796,52752],[66,48],[-43,20],[7,14],[15,2],[24,11],[16,54],[6,63],[41,-9],[2,20],[43,33],[39,-23]],[[65013,53036],[-30,1],[-45,11],[-24,0],[-36,24],[-24,6]],[[64854,53078],[-21,27],[23,48],[23,22],[-1,22],[9,26],[50,-1],[39,-8],[25,-12],[23,-1],[64,26],[55,3],[99,19],[76,3],[86,-11],[19,7],[29,34],[34,-7],[12,16],[-3,3],[16,4],[22,25]],[[65533,53323],[182,-69],[37,-46],[21,-10],[3,-13],[10,-11],[5,5],[12,-8],[-1,-7],[17,-13],[39,-12],[6,-6],[-1,-16],[5,-1],[-8,-32],[-6,-6],[-24,-9],[-121,-17],[-75,-39],[-66,-46],[16,-22],[1,-17]],[[65426,52249],[-161,-110]],[[65265,52139],[-6,23],[-19,7],[-5,21],[-9,8]],[[65142,52422],[-65,58],[-45,28]],[[63834,51512],[-91,-75],[-40,29],[-63,-60]],[[63628,51525],[31,20],[61,60]],[[63720,51605],[24,-18]],[[62835,53503],[9,-12],[-12,-17],[-12,-8],[37,-13],[35,-20],[26,-3],[5,-23],[12,-19],[9,-6],[18,-2],[9,-8],[32,0],[10,14],[57,19],[7,9]],[[62678,53033],[-20,23],[-52,-19],[4,6],[-10,13],[0,-4],[-15,0],[-4,9],[-71,10],[-7,-5],[-27,0],[-1,-16],[-15,0],[-65,17],[-17,-7],[-37,0],[-5,35],[-53,-6]],[[62283,53089],[-22,72],[-17,25],[-24,17],[-3,14]],[[62217,53217],[-3,18],[34,13],[9,-8],[22,5],[25,-8],[54,7],[23,-6],[33,-18],[42,-2],[6,49],[7,14],[-10,16],[2,39],[10,15],[2,26],[12,8],[2,12],[11,8],[4,-2],[55,49],[-10,1]],[[62547,53453],[1,15],[23,37],[12,3],[35,-7],[88,36],[39,0],[41,-8],[12,-12],[22,0],[7,-11],[8,-3]],[[64724,57887],[-5,-8],[13,-8],[6,-13],[9,-47],[-17,-4],[3,-19],[18,2],[61,-8],[9,-42],[-1,-40],[15,-104],[-7,-25],[1,-36],[70,-112]],[[64192,57395],[-34,15],[-21,22],[-13,3],[-24,20],[-21,7],[-3,18],[-12,13],[-12,5],[5,8],[-9,34],[-23,14],[18,30],[28,13],[59,83],[-28,27],[1,21],[-7,15]],[[64096,57743],[-6,13],[8,57]],[[65020,59767],[71,48],[72,67],[27,-12],[8,-22],[10,-9],[26,-7],[26,4],[2,13],[-13,27],[-5,28],[70,8],[17,12],[48,-4],[17,-7],[2,6],[130,-40],[17,-1],[137,47],[53,28],[46,13],[68,7],[3,-17],[22,-11],[-20,-69],[33,4],[9,-7],[48,-8]],[[62743,55018],[14,-9],[-53,-52],[18,-15],[23,-8],[43,0],[-18,-18],[49,0],[36,-24],[17,5],[20,-60],[5,-29],[-54,20],[-38,-31],[2,-39],[55,-4],[-3,-7],[7,-5],[7,14],[15,0],[-3,-16],[10,-2],[1,4],[33,7],[5,-6]],[[62934,54743],[-30,-15],[12,-28],[-21,-10],[8,-53]],[[62430,54580],[12,24],[0,24],[-30,49]],[[66592,58251],[2,44],[-8,15],[-22,13],[-8,11],[-12,60],[25,54],[23,20],[49,0],[56,21]],[[66697,58489],[17,10],[13,-1],[18,-19],[-5,-11],[5,-7],[46,-24],[28,5],[8,-21],[7,-3],[12,1],[3,11],[23,20],[23,-7],[17,20]],[[62620,54082],[103,-97],[-5,0],[11,-24],[-27,-8],[-7,-13],[9,-13],[10,3]],[[62714,53930],[-86,-44],[-4,-7],[10,-8],[-3,-7],[10,-27],[4,-18],[-16,-13],[-12,14],[-12,-7],[-32,1],[-37,23],[-3,-27]],[[62533,53810],[-47,0],[-54,9],[-7,0],[-37,6],[-23,-2],[-6,-7],[-53,2],[-14,22],[-2,25],[-47,-6],[-2,6],[11,3],[-16,31],[13,12],[-10,32],[-82,-30],[6,-7],[-10,-12],[-12,10],[-9,-8],[-36,16],[3,10],[-37,4],[-5,-25],[-18,6]],[[62520,54207],[100,-125]],[[61642,52292],[10,-7],[-13,-18],[16,-24],[6,-25],[38,-30],[34,-13],[-18,-44],[15,-41],[-8,-32],[-6,-70],[1,-7],[10,-4],[1,-5],[13,-2],[-8,-16],[-27,-24],[-50,12],[-3,-14],[-19,-36],[-29,-6],[0,-4],[-19,-1],[-1,-9],[13,-19],[-22,-38],[-85,12],[-12,-4],[-1,-4],[-15,0],[-2,25],[19,24],[-90,42],[1,22],[-22,-3]],[[61404,52399],[11,19],[50,0],[4,-6],[18,8],[17,-3],[12,11],[15,-12],[-21,-24],[-1,-17],[94,-43],[39,-40]],[[72808,47160],[5,-19],[-6,-27],[11,-16],[-10,-10],[5,-8],[-5,-15],[7,-20],[-12,-13]],[[72803,47032],[-50,-9],[-2,-46],[-51,-54],[-30,-11],[-10,9],[-47,-12],[-21,41]],[[72592,46950],[-56,149]],[[72536,47099],[29,7],[-1,3],[14,9],[47,9],[2,5],[33,2],[93,23],[43,5],[1,-6],[11,4]],[[71260,56099],[-10,-12],[28,-21]],[[71273,55954],[-47,-31],[-116,-64],[10,-14],[4,-31]],[[71124,55814],[0,-12],[-58,2],[-4,-3],[5,34],[-128,-74]],[[70939,55761],[-36,127]],[[70903,55888],[65,14],[-99,137],[-27,95],[-3,42],[36,48]],[[70875,56224],[26,-11],[33,-35],[-1,-29],[15,-15],[59,-13],[23,0],[80,28],[150,-50]],[[61015,56737],[-17,-19],[-43,4],[-3,-21],[-11,1],[-3,-18],[-32,5],[-21,-4]],[[60692,56757],[5,10],[-4,21],[17,-5],[6,-11],[10,1],[22,35],[-8,6],[2,12],[-17,15],[2,41],[-15,28],[5,7]],[[60717,56917],[33,46]],[[60750,56963],[20,-15],[45,-7],[20,3]],[[73720,52330],[-1,78],[-8,52],[-79,166]],[[73632,52626],[-25,112],[-8,11],[47,46],[37,24],[-3,3],[81,76]],[[73829,53042],[-15,38],[1,32],[-4,1],[8,22],[13,8],[13,29],[99,18],[29,12],[21,-11],[26,23],[98,39]],[[74118,53253],[28,22],[38,14],[-40,103],[6,18],[-27,103],[-25,65],[41,7],[80,32],[85,18],[27,2],[26,-5],[21,-17],[9,-21],[-9,-13],[7,-13],[329,89]],[[74714,53657],[93,-147],[-2,-9],[7,-13],[13,-6],[87,-135],[4,-13],[52,17],[12,-6],[17,26],[62,36],[-10,33],[10,8],[9,22],[3,46],[10,38],[60,26],[49,9],[35,-4],[20,6],[110,-1],[360,-11],[36,-9],[18,8],[-1,7],[21,27]],[[63682,56286],[-4,-5],[-40,23],[-4,-4],[-75,41]],[[63377,56238],[-13,0],[21,-43],[-41,-18],[4,-23],[20,-38],[-84,-32]],[[62418,56072],[-28,60],[3,39],[-7,15],[6,45]],[[62750,56482],[53,-8],[119,-3],[49,4],[39,-7],[-16,47],[-8,66],[55,7],[31,48],[104,42],[59,14],[15,-1],[4,-7],[35,3],[25,-4],[35,11],[15,-4],[68,31],[41,10],[-7,15],[41,31],[27,0],[-8,64]],[[63526,56841],[19,-3],[46,4],[39,14]],[[71366,56202],[-106,-103]],[[70875,56224],[6,12]],[[60316,52175],[3,-8],[-23,-9],[-67,-1],[-15,-5],[-4,8],[-38,-8],[0,-14],[-14,-2],[6,-14],[-7,-3],[2,-12],[25,-51],[-11,-2],[-19,-25],[-14,-29],[2,-14],[-69,-6],[-38,-25],[-13,3],[0,-52],[21,-49],[-30,-9],[6,-14],[-34,-11],[19,-10],[3,-17],[12,-5],[-4,-4],[5,-8],[-3,-21],[7,-18],[-4,-8],[15,-18],[-18,-40],[-36,11],[-11,-49],[-98,-32],[-17,-16]],[[59631,51455],[-54,-4]],[[59577,51451],[-21,41],[-19,1],[-25,20],[-1,12],[-20,5],[-43,26],[-48,43],[-43,15],[-18,1],[-45,-15],[-36,46],[-23,-3],[-27,5],[-47,-16],[-21,17],[-38,12],[-19,-3],[-11,-12],[-40,-13],[-29,17],[-12,2],[-9,13],[-19,11],[-25,-4],[-19,7],[-46,0],[-15,-18],[-4,6],[-11,-4],[1,10],[-40,39],[-34,19],[15,17],[-15,12],[34,30],[-12,11],[21,11],[9,12],[-16,13]],[[82163,54599],[42,-26],[14,-34],[-3,-16],[5,-22],[36,-31],[25,-8],[10,-28],[15,-3],[30,9],[13,-12],[2,-12],[5,-47],[-11,-1],[13,-4],[4,-31],[-48,-22],[15,-26],[-23,2],[-11,-12],[22,-14],[-28,7],[7,19],[-42,31],[8,2],[17,-9],[15,-1],[18,2],[-15,2],[1,8],[11,-2],[1,-4],[25,9],[-40,3],[0,-16],[-8,0],[-33,12],[37,-5],[1,8],[-30,3],[-13,-4],[6,-5],[-5,-5],[44,-30],[-7,-18],[-38,0],[-14,5],[-4,14],[-16,11],[2,7],[15,9],[-1,4],[-16,-10],[-2,-11],[-6,5],[4,7],[-39,-17],[14,0],[17,9],[25,-15],[8,-17],[-50,-6],[-11,3],[-5,9],[-9,-3],[0,8],[17,9],[-10,1],[-28,-17],[-17,16],[-8,1],[-35,29],[21,-22],[40,-25],[17,8],[2,-10],[9,2],[4,-6],[10,-3],[-39,2],[-22,12],[-23,9],[-3,8],[-41,7],[15,-7],[26,-2],[0,-5],[-10,-6],[-1,-14],[-34,-1],[-2,-1],[36,0],[4,16],[8,3],[51,-23],[27,-2],[60,6],[17,-6],[-140,-42],[3,-14],[-22,24],[-37,17],[-21,-4],[-29,5],[-30,-14],[-16,7],[15,-9],[32,14],[29,-5],[17,5],[42,-19],[9,-17],[-13,-1],[10,-5],[-33,-38],[-37,-23],[-17,-20],[-27,12],[12,10],[-11,13],[-4,26],[-2,0],[3,-26],[12,-12],[-9,-5],[-2,-8],[29,-12],[-5,-8],[-31,6],[-17,29],[-4,18],[1,-19],[20,-30],[28,-4],[9,-7],[-31,1],[-30,16],[-11,19],[-27,-1],[-22,12],[-2,-2],[24,-12],[25,1],[10,-18],[26,-14],[-18,-1],[7,-9],[-15,-9],[-17,1],[-7,-14],[-33,0],[4,16],[-6,18],[-23,6],[-14,23],[-15,9],[21,14],[30,31],[-20,-15],[-11,-15],[-22,-14],[0,-3],[16,-9],[14,-23],[22,-5],[6,-17],[-5,-8],[3,-10],[-28,-7],[-18,10],[1,14],[-15,20],[-2,-2],[14,-18],[2,-17],[18,-10],[35,12],[30,0],[5,12],[16,0],[16,9],[-6,9],[17,0],[17,-8],[-9,-14],[-30,-22],[-57,-58],[-76,19],[-39,-4],[-44,51],[-1,-1],[44,-52],[38,4],[76,-20],[-154,-123],[-33,-16],[-9,-20],[-11,-1],[-13,-9],[-16,-27],[-28,-1],[-7,29],[-11,17],[-3,-4],[12,-14],[5,-25],[-24,3],[-19,-8],[2,14],[-18,7],[3,-5],[13,-3],[-2,-15],[-24,-2],[-29,8],[-9,-4],[-14,-17],[21,19],[34,-8],[25,2],[25,9],[22,-8],[25,0],[-9,-16],[-32,-15],[-22,-28],[-34,-21],[-24,-24],[-25,-9],[-40,-30],[-30,6],[-30,30],[34,44],[-37,-43],[44,-42],[-1,-5],[-39,-7],[-13,-9],[-9,13],[12,13],[-14,16],[-2,-1],[14,-16],[-13,-11],[8,-14],[-3,-7],[-17,-1],[-2,5],[-23,13],[22,-19],[-6,-11],[-17,-4],[0,-21],[-15,-23],[-83,-41],[-33,1],[3,11],[-12,-10],[-17,-2],[-8,-7],[-6,4],[-15,-22],[7,-5],[-9,-8],[12,5],[8,-4],[-6,-21],[-31,-2],[-3,-13],[-20,-15],[8,-11],[-26,3],[-8,-5],[-15,5],[14,-14],[-57,-39],[-4,-12],[-16,-1],[-36,-17],[-10,-13],[-16,-8],[-3,8],[95,69],[34,14],[-1,5],[-11,-3],[1,9],[-108,-80],[-42,-14],[-32,-20],[-30,-4]],[[80864,53302],[-56,57],[-262,201],[-84,71],[-15,9],[-7,-12],[-30,-3],[-26,9],[-28,32],[-43,15],[-3,7],[-21,-6],[-9,9],[-38,57],[-22,59],[-13,83],[6,8],[-30,212],[-25,40],[0,9],[-32,24]],[[80126,54183],[-45,50],[-1,10],[20,11],[-21,118],[-31,80],[-8,-1],[7,34],[30,52],[43,36],[-3,16],[9,32]],[[82550,54324],[-59,-52],[-27,-42],[-18,1],[-8,6],[14,3],[5,9],[-7,24],[-46,7],[-13,-4],[-13,3],[-18,-7],[-11,7],[11,16],[10,-6],[-1,-9],[7,3],[12,19],[0,16],[22,48]],[[82407,54366],[-21,-47],[-1,-18],[-13,-20],[-2,11],[-9,5],[-18,-15],[-18,24],[3,6],[40,19],[-7,47]],[[62283,53089],[9,-28],[41,-64],[-20,-11],[24,-28],[-17,-35],[5,-26],[45,-29],[12,-21],[13,-10],[2,-23]],[[62397,52814],[-5,-10],[-44,1],[-1,11],[-8,-8],[-4,8],[-5,-5],[-6,6],[4,4],[-12,4],[0,11],[-14,7],[-18,-10]],[[61915,53097],[-27,-6],[-4,30],[-61,32],[-19,-3],[7,89],[22,26],[7,28]],[[62123,53578],[16,-8],[15,-34],[-17,-15],[11,-27],[-3,-17],[12,-2],[-1,-9],[-7,2],[7,-13],[-9,-7],[14,-7],[3,-6],[-15,0],[0,-8],[-16,0],[3,-8],[5,1],[-4,-11],[17,-16],[8,-23],[0,-18],[-7,-5],[6,-9],[-7,-14],[7,-16],[-6,-13],[11,3],[7,-21],[-3,-5],[8,-11],[-7,-15],[8,0],[2,-9],[7,6],[15,0],[14,-26]],[[78656,55768],[-124,25],[-1,-14],[-26,-11],[-1,-7],[-218,-124],[-62,-42]],[[66705,50091],[-119,28],[2,-4],[-13,-8],[-10,-18],[-9,-1],[-49,-41],[-3,-69],[42,-39],[-7,-20],[-6,-2],[-4,-27],[-1,-12],[7,-12],[-9,-4],[6,-8],[-10,-5],[2,-11],[-18,-3],[-3,-26],[-8,-18],[3,-8],[-4,-8],[-24,-10],[2,-5],[-18,-25],[1,-8],[-7,-2],[0,-6],[-19,-14],[-51,-16],[-17,-20],[-31,25],[-27,16],[-21,4],[-2,6],[-36,-12],[-38,-2],[-103,22],[-66,-4],[-45,4],[-5,7],[-23,-2],[-24,-15],[-26,-29],[-27,12],[-2,-9],[-24,-25],[-60,-21],[-20,-11],[2,-6]],[[65894,50666],[63,399]],[[65957,51065],[58,4],[86,-25],[93,9],[103,-24],[-4,-42],[12,-35],[61,-8],[8,-14],[52,-25],[20,3],[19,-9],[18,-22],[7,-25],[12,-16],[22,-3],[32,-13],[-3,-8],[27,-37],[52,-103],[34,4],[71,-30],[21,-25],[8,-25],[27,-30],[35,-13],[4,-11],[34,-22],[13,-21],[-1,-15],[-10,-15],[3,-21],[7,-4],[-5,-20],[19,-7],[8,7],[9,1],[1,-12],[-7,-3],[3,-7],[10,6],[10,-10],[7,6],[6,-7],[11,-1]],[[66022,51579],[-2,-13],[66,-33],[12,17],[108,-76],[-187,-283],[-52,-68],[-10,-58]],[[64553,51250],[-14,-86],[-13,-31]],[[64526,51133],[-56,32],[-9,-1]],[[64906,51423],[-20,-7],[-16,17]],[[68427,52061],[-29,33],[-167,92],[54,45],[14,17],[27,10],[26,22],[9,-3],[41,60],[84,147],[-36,17],[-28,20],[-2,31],[-22,50],[-14,74],[6,41],[11,10],[-10,15],[-13,6],[-13,15],[-47,16],[-12,57],[-42,19],[-29,-34],[-97,42],[-44,12],[-21,13],[-20,-19],[-12,0],[-43,-31],[-54,45],[-16,8],[-1,5],[-44,20],[-50,-56],[-47,-14],[-46,-3],[-44,-11],[-26,48],[-29,35],[-136,72],[-19,18],[-85,149],[-22,30],[-51,49],[-6,32],[3,19],[11,16],[-10,16],[0,14]],[[62068,58032],[-18,-9]],[[62050,58023],[-54,-12],[-30,1],[-12,-23],[-39,-1],[-4,-22],[-29,-16],[-2,-11],[-17,-17],[-12,3],[-23,-14],[-41,-5],[-32,-17],[-5,6],[-3,-5],[-59,-17],[-13,3],[-5,-5],[2,-12],[-48,-29],[-61,-60]],[[61563,57770],[0,1]],[[61563,57771],[22,44],[-3,24],[-9,-2],[-3,10],[2,12],[19,-4],[5,19],[-19,4],[6,31],[-13,5],[-21,50],[-8,10],[-12,0],[-4,4],[-6,-3],[-39,42],[7,22],[33,31]],[[61520,58070],[9,-4],[8,4],[38,-14],[12,4],[18,-2],[13,6],[36,-3],[30,-20],[76,-3],[16,-12],[19,-3],[8,13],[-12,30],[14,16],[101,10],[77,-4],[-1,-5],[52,-11],[26,-16],[-9,-15],[17,-9]],[[54988,56984],[58,2],[16,-12]],[[55062,56974],[21,-19],[14,-39],[26,-24],[4,-11],[-14,-15],[-29,-12],[-7,6],[1,9],[-7,-1],[-22,-72],[11,-48],[-8,-17]],[[73234,57256],[-41,-11],[-44,-19],[-6,-9],[-14,-3],[2,-4],[-163,-78],[-3,8],[-99,-42]],[[54428,60369],[-36,-15],[-23,2],[0,-44],[-14,-38]],[[54247,60182],[-7,39],[-11,-5],[-1,6]],[[54157,60443],[-2,-34],[25,-19],[-16,-24]],[[69029,59489],[22,25],[32,20],[171,-3],[31,3],[32,11]],[[55062,56974],[55,1],[18,-5],[-9,29],[4,-8],[27,-5],[0,-5],[28,-18],[5,2],[37,-17],[36,17],[23,-4],[-38,14]],[[75763,61682],[55,-4],[58,-11],[-5,-20],[-17,-19],[-3,-20],[-12,-12],[0,-19],[9,-14],[-4,-3],[9,-8],[-3,-6],[16,-48],[17,-16],[39,-67],[1,-19],[17,-24],[9,-40],[7,0],[-3,-89],[-14,-29],[-25,-31],[18,-30],[9,-69],[-3,-5],[-12,1],[-13,-31],[-8,-51],[-29,-95]],[[75876,60903],[-35,-11],[-71,-50],[-149,-87],[-98,124],[-36,38],[-75,47],[-62,60],[-58,81],[-45,-32],[-43,-10],[-34,-27],[-31,-17],[-98,-35],[-66,-30],[-33,-22],[-17,-19],[2,-5],[-88,-24],[-67,-11],[-33,59],[-5,48],[-33,-9],[-4,3],[-64,-8],[-45,3],[-61,14],[-30,-5],[-9,12],[2,7],[-33,-9],[-7,0],[-5,7],[-62,-6],[-2,14],[-59,-4],[-13,14],[-14,-6],[-3,15],[-74,-3],[-36,-8],[-78,17],[-24,14],[-112,12]],[[74180,62073],[17,4],[26,32],[-35,26]],[[74344,62120],[-156,15]],[[70056,44178],[-29,-83]],[[69691,44138],[0,57]],[[69827,44171],[-6,27],[38,10],[38,19],[15,-64],[28,-2],[0,7],[15,3],[72,0],[10,12],[-5,4],[3,15],[8,4],[9,-5],[-4,-18],[8,-5]],[[67663,40052],[-4,-7],[29,6],[23,-77],[-37,-6],[17,-56]],[[67618,39807],[-37,2],[-22,8],[-66,-27],[-68,-5],[-9,3],[-11,-5],[-44,-5]],[[67361,39778],[4,115],[-13,93]],[[61365,49758],[-19,-29],[-37,-28],[-15,-28],[-20,4],[-7,-23],[14,-2],[6,-10],[-56,-72],[-18,-37],[-19,-17],[-28,-35],[-37,-67],[-8,-25],[-76,-6]],[[64188,52904],[-19,-23],[-15,-7],[5,-30],[18,-27],[-5,-35],[16,2],[-1,-29],[10,-35],[-4,-13],[-47,3],[-68,-22],[-41,-7],[4,-23]],[[63972,52968],[167,-8],[37,6]],[[64364,52669],[-14,-6],[15,-42],[-85,-31],[-71,-18],[-3,-19]],[[70267,46608],[27,-6],[65,-4],[42,8],[108,-9],[60,2],[2,-38],[23,-15],[47,9],[16,-3],[-23,-55],[48,-18],[-24,-40],[2,-54],[-12,-55],[-11,-6],[4,-13],[-19,-43],[-41,-49],[32,-22],[64,-13],[84,-9],[-11,-54],[1,-46],[-4,-4],[4,-17],[-6,-4],[12,-29],[-5,-4],[11,-16],[-10,0],[11,-21],[-3,-11],[-20,-2],[-17,-8],[-9,-30],[10,-20],[-2,-6],[15,-18],[13,4],[17,-18],[23,9],[6,-8]],[[70797,45872],[8,-8],[-4,-6],[-69,-38],[-52,-16],[-39,-7],[-3,3],[-17,-20],[-1,-27],[-12,-14],[-38,-8],[0,10],[-7,2],[-23,-9],[13,-33],[-9,-16]],[[69871,46076],[-4,7],[4,8],[76,105],[-10,3],[-8,58],[-21,1],[8,70],[-3,1],[2,38],[-20,1],[-9,16],[-9,5],[-9,-9],[-14,-1],[-1,9],[-12,4],[1,10],[-8,3],[0,-5],[-14,3],[9,-10],[-13,-1],[-3,8],[-10,-3],[2,8],[-12,-2],[-8,9],[-9,-13],[-25,3],[1,-13],[-16,11],[-16,3],[0,-5],[-18,9],[-11,-2],[13,10],[-14,5],[-7,-11],[-2,5],[-19,3],[-11,9],[-3,-10],[-14,-3],[-11,10],[5,-13],[-15,2],[-3,17],[-3,-6],[-10,4],[-1,-7],[-7,7],[11,11],[-9,7],[-3,-8],[-8,-1],[-14,11],[-14,-13],[-1,9],[-9,3],[-5,-5],[-7,5],[-2,-9],[-10,-7],[-9,1],[-5,-7],[-5,6],[-10,-2],[-6,6],[-9,-14],[-1,4],[-14,4],[5,-8],[-13,-1],[-5,-10],[-7,6],[-5,-4],[-19,1],[4,5],[-9,2],[0,8],[-15,-4],[1,5],[-8,6],[8,16],[-2,33],[-7,16],[17,68],[47,40],[28,1],[17,36],[-2,9],[8,-14],[35,-10],[9,36],[-7,9],[1,44],[12,30],[4,0],[15,28],[10,38]],[[65439,47087],[-11,-22],[-62,28],[-35,0],[-37,-43],[-2,-30],[10,-4],[-7,-13],[-9,-7],[-13,15],[-17,-43],[-41,-20],[-46,-7],[-23,-13],[-31,-31],[-24,-32]],[[64676,47058],[-27,40]],[[65633,46924],[-3,-24],[8,-26],[2,-65],[-37,-1],[-9,-69],[10,-1]],[[61160,51569],[51,-3],[19,4],[11,-3],[38,10],[7,10],[8,-1],[31,-28],[47,-11],[12,-10],[-3,-13],[69,-8],[38,-17],[13,0],[1,-7],[15,-5]],[[60521,51459],[38,-87]],[[60490,51043],[-13,-12],[-20,52],[-38,-14],[-20,68],[-10,12],[-17,46],[-76,-18],[-10,35],[-56,-14]],[[60230,51198],[-2,7],[24,34],[23,17],[41,19],[8,137],[-35,-9],[13,23],[-11,7],[5,13]],[[60296,51446],[9,-4],[16,37],[69,21],[77,-25],[28,-16],[26,0]],[[65555,37356],[-17,-23],[-22,-13],[-50,17],[-43,6],[-37,11],[-74,-18],[-12,1],[-6,9],[-12,-10],[-5,15],[-37,28],[-11,49],[3,23],[-23,6],[-32,28],[-17,2],[-46,-31],[-15,3],[-81,35],[-26,5],[-31,-1],[-22,-15],[-43,21],[1,13],[-13,5],[-8,16],[0,24],[-48,5],[5,14],[0,35],[-20,-13],[-76,-16],[-32,13],[-14,18],[-20,11],[-6,12],[-19,9],[-7,10],[-13,2],[-10,13],[-12,-2],[-32,19],[-17,2],[-6,7],[-13,-2],[-2,9],[-6,5],[-13,-4],[-11,3],[5,6],[-17,11],[-2,17],[-22,18],[-16,-2],[-7,3],[-3,-6],[-14,0],[-22,-11],[-12,2],[-6,-27],[13,-33],[-40,-48],[-19,-41],[-17,-15],[-5,-22],[-12,-15],[0,-29]],[[64308,37520],[-49,15],[-65,4],[-93,-19],[-142,7],[-162,-19],[-39,1]],[[63758,37509],[-42,24],[7,43],[50,89],[17,57],[5,42],[57,62],[12,32],[10,10],[-1,35],[-2,5],[-27,-13],[-11,4],[9,69],[6,0],[0,25],[-8,11],[-3,21],[-36,26],[-17,23],[-17,13],[-4,14],[3,14],[-15,20],[8,26],[-35,23],[-33,11],[-7,12],[-7,0],[9,19],[25,6],[0,6],[17,8],[-8,11],[10,12],[6,-3],[31,1],[10,4],[-1,7],[26,8],[-1,10],[5,-4],[11,0],[3,4],[13,-3],[0,10],[23,13],[-5,4],[9,9],[-7,6],[13,15],[10,0],[7,9],[11,-8],[-3,7],[10,-2],[1,5],[22,-9]],[[63924,38352],[-5,-3],[11,-3],[-4,-5],[29,-8],[0,5],[14,4],[1,10],[11,-7],[11,7],[3,-5],[8,5],[5,-9],[6,4],[2,-7],[8,-6],[12,2],[0,-11],[11,2],[8,-11],[5,5],[5,-5],[5,11],[48,-10],[39,0],[249,41],[91,6],[9,-3],[12,9],[17,-3],[12,4]],[[67003,39408],[69,-30],[61,-34]],[[67133,39344],[103,-69],[117,-109]],[[66368,39148],[11,8],[9,-2],[-4,7],[15,4],[6,9],[-9,21],[3,5],[-7,16],[3,15],[27,12],[-2,17],[4,7],[6,-3],[-1,12],[7,18],[7,0],[33,23],[0,7],[-8,4],[1,5],[-18,9],[3,6],[-5,16],[14,29],[-6,2],[9,7],[7,22],[-19,32],[2,4],[-11,2],[0,10],[-8,0],[4,45],[-18,-2],[-34,7],[-71,-11],[-13,-9],[-7,20],[5,1],[3,12],[-48,5],[-25,8],[1,10],[-33,15],[1,7],[-14,-1],[-19,60],[-43,66],[10,7],[5,-5],[11,17],[-8,2],[16,7],[-11,11],[-3,9],[-31,19],[-7,33],[-19,29],[14,38],[-8,11],[14,15],[-4,7],[7,8],[-29,25],[-22,34]],[[66058,40027],[6,0],[11,30],[17,3],[27,25],[62,-9],[27,11],[8,-16],[43,3],[-3,60],[64,60],[7,19],[33,27],[31,8],[43,-5],[46,5],[39,-9],[7,2],[6,11],[19,5],[10,-3],[15,-13],[26,12],[18,0],[74,19]],[[69595,42560],[-41,-3],[-1,9],[-67,-2]],[[69486,42564],[-32,58],[-14,51]],[[69440,42673],[40,-14],[33,3],[31,13],[29,0]],[[69865,42383],[-9,-21],[-20,-23],[-8,-34],[11,-35],[-6,-22],[9,-35],[-7,-25],[5,-10]],[[69517,42335],[33,20],[-15,9],[7,19],[-29,54],[-11,86],[-16,41]],[[72389,42398],[-34,24],[-219,100],[-255,63],[-31,-5],[-64,0],[22,-37],[-1,-10],[17,3],[0,-24]],[[64011,55085],[30,19],[23,26],[21,41]],[[64237,55198],[1,1]],[[72367,45778],[73,-94],[28,-12],[50,-10],[79,-43],[-23,-8],[-9,-11],[33,-44],[41,12],[80,9]],[[63941,55497],[-23,20],[18,16],[-34,45],[3,45],[-45,49],[49,63],[33,29]],[[63942,55764],[77,-15]],[[71070,41147],[51,11],[10,-11],[49,-8],[2,-16],[7,1],[6,-12],[-7,0],[9,-27],[-8,0],[7,-14],[-8,-5],[6,-8],[-8,2],[-4,-10],[12,-4],[6,7],[24,4],[9,-2],[-2,-12],[62,-23],[-18,-46]],[[64329,40082],[-18,21],[55,34],[-31,81],[-22,80]],[[64313,40298],[-6,46],[-25,75],[15,90],[-14,15],[-71,26],[-10,8],[-48,140]],[[67289,39549],[-39,-12],[-49,1],[-21,-13],[-5,-19],[13,-26],[-1,-22],[-19,-65],[-35,-49]],[[66999,39658],[106,25],[28,2],[29,-9],[50,-32],[49,-65],[28,-30]],[[64313,40298],[-11,0],[-5,5],[-103,-28],[-49,13],[-11,-2]],[[67831,40102],[-2,6],[-9,-2],[-2,7],[-73,-19],[-6,-6],[-35,31]],[[67701,40132],[79,84],[22,47]],[[70127,44351],[-88,-4],[-3,29],[-53,-2],[1,-12],[-52,-9]],[[69701,44313],[-35,-14],[-17,-32],[-44,18],[-6,11],[7,16],[-30,14]],[[67596,40489],[14,17],[-43,25],[-139,-47]],[[61397,44772],[180,-93],[88,-40],[-4,-18],[65,-14],[1,-13],[35,-13],[4,4],[283,-144],[41,-27],[163,-79]],[[61397,44772],[13,16],[26,12],[4,11],[-33,47],[96,22],[72,11]],[[67434,43640],[-4,19],[-37,34],[-24,3],[-14,-26],[-27,-1],[-16,34],[-37,-20],[-30,6]],[[67212,43932],[-9,11]],[[63653,43603],[22,-11],[4,-10],[28,-3],[1,-9],[-10,-1],[33,-26],[1,-6],[-11,-2],[-5,-6],[21,-22],[-12,-12],[9,-9],[68,-5],[5,-9],[-10,-7],[16,-11],[1,-6],[9,-1],[6,-21],[-1,-31],[-12,-33]],[[63333,43241],[4,-5]],[[63333,43241],[-49,69],[-10,-6],[-16,-1],[-183,239]],[[65657,49042],[73,-60],[33,-40],[-68,-57],[18,-31],[-40,-43],[-7,-20],[55,0],[-2,-49],[36,3],[1,-31],[21,-52],[26,-21],[53,-16],[-40,-47],[16,-23],[-15,-15],[12,-16],[-6,-6],[23,-26],[-4,-5],[36,-53],[60,-68],[-8,-5],[30,-45],[30,-11],[-7,-23],[7,-4],[-2,-8],[-24,1],[-18,-7],[-33,3],[-6,-4],[-16,5],[93,-134],[14,-3],[18,-39],[111,-7],[42,-8],[45,1]],[[65300,47836],[-19,-12],[-4,8],[-8,-11],[-5,1],[-6,19],[5,4],[-8,10],[-13,1],[-17,-7],[-26,3],[-52,-35],[-28,-25],[-16,-7],[-7,-15],[-18,-13],[-8,-14],[-49,-10],[-54,47],[-19,10],[-52,6],[-43,-11],[-18,13],[0,13],[-8,9],[-66,14]],[[64761,47834],[3,18],[-10,5],[-6,15],[-29,20],[-6,26],[29,24],[38,50],[-2,7],[-16,2],[-1,18]],[[63483,48846],[-15,26]],[[63468,48872],[22,1],[49,22],[83,4],[25,30]],[[63647,48929],[43,-31],[22,-8]],[[63647,48929],[-22,20],[-50,27],[-69,65],[-49,20],[-9,-1]],[[63448,49060],[-1,7],[-32,19],[-48,16],[48,94],[25,19],[-5,31]],[[64279,45851],[4,-7],[13,-2],[-11,-27],[21,-7],[3,-24],[16,-1],[-4,-20],[-25,-4],[-3,-26],[-30,2],[-3,-30],[6,-2],[9,10],[10,-6],[-6,-17],[77,-16],[44,6],[26,72],[13,21],[4,26],[28,-2]],[[64471,45797],[1,-26],[-11,-15],[11,-6],[4,-10],[0,-38],[-6,-13],[2,-5],[32,4],[15,-60],[-12,-26],[50,-22],[-4,-18],[24,2],[5,-9],[21,0],[-2,-14],[8,-50],[-25,-68]],[[64584,45423],[-4,-18],[-37,-1],[-17,4]],[[64111,45553],[23,46],[20,18],[-4,4],[14,34],[-1,34],[-13,-6],[-29,7],[-56,-10],[-19,-25],[-27,14],[-25,-6],[-31,5],[-7,10],[-16,7],[-1,8]],[[64123,45861],[36,-4],[9,21],[93,-8],[-1,-9],[17,-2],[2,-8]],[[65214,45269],[32,-17],[37,4],[8,17],[25,-2],[9,-11],[5,7],[-9,7],[11,18],[-5,18],[10,34],[13,12],[92,5],[4,-51],[55,-2],[-13,-57],[-3,-4],[-9,2],[-40,-52],[-19,-53],[-44,-85],[0,-21],[-33,-6],[-27,-35]],[[65299,44971],[-95,17],[-43,14],[-6,-3],[-33,11],[1,6],[-39,-2],[-9,8],[-39,8],[-59,-68],[-27,25],[-19,34],[-41,4],[-55,-4],[-44,23],[-46,33],[-27,-10],[-196,-24]],[[64584,45423],[11,2],[-2,-29],[52,-6],[-9,-26],[43,-4],[0,20],[7,1],[16,29],[-1,7],[-6,2],[3,13],[6,0],[-7,10],[10,9],[0,22],[16,1]],[[64723,45474],[7,-6],[-13,-1],[6,-9],[8,3],[15,-14],[-4,-6],[11,-1],[2,-5],[47,9],[0,-14],[10,-5],[2,8],[4,-6],[9,0],[6,-10],[10,10],[40,-4],[34,-24],[12,5],[-2,11],[4,6],[9,0],[-3,-9],[17,0],[6,9],[8,-11],[14,9],[13,0]],[[79485,59682],[83,-63],[0,-18],[16,-14],[17,12],[17,27],[3,-2],[106,-128],[-75,-48],[38,-51],[26,-22],[3,-17],[18,-28],[-13,-7],[1,-3],[51,13],[67,43],[105,82],[87,90],[43,26]],[[78060,52334],[27,-30],[-10,-53],[-6,19],[4,-22],[-4,-14],[-28,-26],[-38,-6],[-2,-6]],[[77911,52331],[93,21],[26,-2],[30,-16]],[[64960,45930],[38,-20],[7,-22],[11,-6],[53,-10],[42,9],[5,8],[7,-2]],[[64966,45755],[-41,3],[2,11],[-23,2],[-14,-5],[-23,6]],[[64847,45947],[37,7],[5,-16],[8,0],[17,-12],[46,4]],[[64724,45686],[57,-75],[32,-32],[-18,-33],[-57,-47],[2,-11],[-17,-14]],[[64471,45797],[34,-5],[-5,39],[38,-9],[26,-1],[64,9],[14,26],[20,-9],[3,7],[14,-6],[2,32]],[[60462,47745],[2,-4],[-20,-21],[-31,-9],[0,-9],[-20,-7],[-12,-22],[-24,-19],[-4,-11],[-46,-20],[-18,-14],[-28,-8],[-56,-47],[-31,7],[-15,-24],[-15,-13],[1,-16],[-8,-8],[-11,3],[-12,-4],[-3,-13],[-20,-13],[-8,6],[-9,-11],[-10,-2],[-18,8],[-12,-1],[-4,17],[-24,11],[-8,16],[-16,9],[0,5],[-18,-3],[-9,20],[6,7],[7,-1],[8,6],[-7,5],[7,8],[-9,2],[2,8],[-10,2],[-5,8],[6,13],[-9,23],[-14,0],[0,17],[-16,2],[7,10],[-8,0],[3,7],[-10,4],[7,12],[-36,35],[-11,-1],[-19,11],[-11,-4],[-6,8],[-15,5],[-13,-2],[-17,16]],[[70227,48882],[40,-87],[22,-84],[44,-77]],[[69987,49728],[55,-59],[17,-33],[54,-75],[-1,-19],[19,-59],[-24,-125],[-8,-77],[20,-68],[52,-19],[-2,-28],[41,-10],[-5,-37],[-29,3],[17,-79],[-2,-59],[16,-13],[20,-89]],[[67575,48764],[5,8],[22,1]],[[62005,46918],[-47,37],[-5,11],[-30,17],[-20,20],[-47,21],[-6,8],[-31,17],[2,7],[17,8],[-4,9],[7,3],[-6,22],[-5,1],[-15,30],[12,22],[-4,10],[7,8],[-5,19],[-3,-2],[-1,26],[18,12],[-20,61]],[[67823,56370],[-42,-57],[-49,-135],[7,-98],[-32,-9],[-11,-11],[40,12],[112,-18],[43,0],[22,-17],[52,1],[6,-12],[57,-6],[-5,-53],[-16,-25],[30,-2],[33,10],[79,-9],[0,-8],[-8,-7],[-77,10],[-23,-11],[-17,-68],[50,-26],[4,-132],[105,-43],[-55,-23],[-4,-6],[-10,0],[-3,-53],[-14,-47],[-18,-7],[-21,-29],[-38,-6],[-2,-61],[-26,3],[-30,-8],[-59,9],[-17,-14],[-30,-8],[-12,-16],[-29,-11],[-56,16],[-23,1],[-52,26],[-20,17],[-58,13],[-34,-10],[-31,9],[-12,11],[-46,18],[-56,8],[-33,-10],[-59,-50],[-30,5],[-7,-56],[10,-87],[15,2],[184,-64],[82,-18],[54,-3],[0,-31],[31,0],[1,-4],[14,-5],[10,5],[29,-11],[27,-2],[20,-24],[6,-19],[-8,-12],[-2,-19],[-5,-1],[-1,-23],[-18,-13],[12,-30],[-2,-8],[85,-34],[40,0]],[[66731,54518],[-102,64],[-12,16],[-8,42],[-12,21],[-28,31],[-32,16],[-34,41],[-5,27],[25,55],[-2,32],[-64,30],[3,6],[-38,22],[5,19],[-52,33],[30,-12],[5,26],[33,-13],[3,12],[28,32],[84,56],[10,11],[85,-22],[13,48],[-1,23],[22,12],[74,59],[7,28],[15,23],[13,28],[-2,10],[7,8],[-66,61],[-39,18],[-40,3],[-29,12]],[[66627,55396],[9,23],[8,11],[6,-1],[13,34],[21,26],[25,18],[12,0],[13,16],[10,4],[4,20],[-12,5],[-22,-17],[-16,4],[-8,-8],[-41,17],[-30,26],[-33,3],[-12,-8],[-62,27],[2,5],[-47,26],[-73,32],[-52,36],[-35,-14],[-44,10],[-17,-18],[-35,18],[-56,160],[-1,52]],[[66154,55903],[22,40],[25,19]],[[66201,55962],[111,60],[34,29],[58,12],[117,41],[37,16],[26,17],[42,-14],[40,-40],[13,16],[6,0],[51,-15],[45,12],[-3,15],[10,-8],[6,2],[18,19],[20,10],[38,13],[43,7],[23,30],[28,12],[-20,32],[11,13],[16,51],[-9,57]],[[64636,53963],[13,-25],[4,-24],[-9,-69],[-2,-6],[-32,-3],[24,-37]],[[64634,53799],[-565,63],[27,53],[-59,28],[-65,5],[-29,87],[-17,34],[-20,5],[-7,18],[19,9],[34,58],[-21,128],[-62,-4]],[[63869,54283],[-38,32]],[[63831,54315],[127,77],[32,5],[37,20],[58,18],[92,15],[42,12]],[[64219,54462],[53,12],[28,-83],[100,15],[124,-5],[1,-60],[-4,0],[-7,-62],[55,-31],[54,-39],[45,-20],[84,-5],[-116,-221]],[[65430,53479],[12,-7],[4,-21],[12,-11],[-7,-16],[6,-3],[6,3],[6,-8],[-10,-16],[26,5],[-4,2],[4,10],[10,-18],[-4,-7],[9,-2],[0,-8],[7,8],[15,-27],[11,-40]],[[64854,53078],[-32,8]],[[64633,53198],[-6,107],[18,166],[41,85],[-89,33],[-4,9],[-1,66],[36,75],[11,44],[-5,16]],[[64636,53963],[35,7],[23,16],[37,4],[29,14],[74,17],[31,-14],[60,-10],[70,7],[79,-31],[59,65]],[[65133,54038],[15,-12],[23,-34],[-3,-35],[-61,-61],[-22,-38],[2,-5],[93,-110],[15,-29],[-1,-21],[22,-31],[-1,-19],[13,-8],[1,-12],[15,-8],[-1,-10],[17,-5],[8,-16],[23,-16],[7,-21],[28,-23],[29,-6],[3,-5],[10,-2],[0,-6],[12,-8],[32,-6],[18,-12]],[[63284,52104],[-3,-10],[-11,-5],[-17,-21],[4,-2],[-5,-22],[-29,-60],[-13,-47]],[[63141,51894],[-10,-6],[-8,-13],[-21,-7],[-38,-35],[-23,-13],[-54,3],[-26,-24],[-65,-13],[-105,-56]],[[62676,52050],[13,17],[10,2],[-7,59],[7,8],[-8,8],[9,8],[-11,7],[15,22],[6,1]],[[62245,53595],[39,-41],[19,-4],[11,-20],[14,-9],[19,12],[37,4],[48,-32],[-7,28],[4,6],[32,-9],[16,-10],[12,-18],[-14,-19],[-11,-34],[33,31],[20,-50],[30,23]],[[62122,53616],[8,-5],[21,8],[10,-1],[20,17],[17,7],[47,-47]],[[65881,58042],[-246,-69],[-133,-89],[-98,-15],[-56,-36],[-129,-39],[-35,14],[-42,-18],[-21,1],[-51,18],[-44,25],[-71,4],[-8,25],[-33,1],[-26,30],[-10,15],[0,17],[-80,15]],[[64741,57960],[4,18]],[[64987,58219],[107,1],[66,-12],[32,4],[145,64],[52,18],[31,19],[90,39]],[[65510,58352],[9,-6],[45,3],[97,-7],[43,3],[53,-3],[29,-12],[62,-9],[6,6],[32,10],[8,-56],[4,-96],[-4,-63],[-17,-77],[4,-3]],[[68830,59183],[37,-12],[-3,-5],[-9,3],[-6,-3],[25,-14],[5,3],[-13,9],[2,4],[21,-11],[78,-77],[-11,2],[-69,69],[-9,0],[44,-46],[0,-29],[15,1],[4,8],[22,-8],[-46,-9],[-40,-15],[-41,-27],[-30,-59],[-27,-37],[7,-52],[-11,-39],[18,-15],[40,-4],[47,-20],[25,-5],[23,8],[12,13],[15,25],[29,8],[13,-11],[86,-126],[29,-16],[44,-10],[15,-13],[-4,-29],[-36,-18],[-16,-18],[-12,-27],[-6,-38],[16,-27],[43,-24],[31,-27],[7,-12],[1,-15],[-43,-53],[-8,-45],[-7,-12],[-47,-22],[-12,-15],[-2,-15],[11,-19],[35,-28],[29,-49],[44,-5],[50,13],[32,-11],[3,-9],[-6,-10],[-30,-23],[-15,-25]],[[67799,58243],[15,44],[27,52],[21,19],[-8,28],[6,24],[-10,44],[-38,2],[5,38],[-30,49],[-8,51],[-39,39],[8,3],[-39,24],[-51,86],[-19,21],[-17,1],[-15,36],[-3,55],[25,-4],[2,47],[37,61],[-18,15],[8,19],[-5,32],[13,62],[1,43],[-64,2],[-47,6],[-1,4],[21,41],[12,0],[0,15],[116,-3],[80,13],[73,23],[-9,39]],[[65437,58459],[10,-18],[16,-5],[15,-42],[32,-42]],[[64771,58303],[-95,44],[-14,30],[-53,-3],[-11,12],[-3,13],[4,2],[2,40],[-17,-2],[0,13],[-27,-1],[-2,-16],[-24,2],[-8,-27],[-34,-8],[-21,-1],[-54,10],[-4,7]],[[64410,58418],[40,38],[55,4],[26,7],[-7,56],[-12,30],[-15,5],[-41,-19],[-40,-8],[-17,2],[-38,-11],[-51,5],[-1,15],[-15,31],[-24,21],[3,17],[-24,15],[-7,13],[5,43]],[[64537,58986],[-30,-4],[3,-13],[-11,-9],[-18,9],[-25,0],[-14,-37],[22,-13],[0,-15],[-17,-13],[-3,-13],[-7,-2],[0,-30],[15,-9],[57,11],[5,-24],[14,-21],[-3,-26],[9,-66],[-79,-10],[-4,-8],[-47,-8],[-31,2],[-126,57],[-8,-19],[12,-18],[-4,-25]],[[64537,58986],[25,-24],[14,-1],[3,-14],[59,29],[63,18],[25,-1],[24,-13],[58,-10],[37,-16],[15,-15],[41,-7],[3,-8],[-16,-5],[-8,-9],[15,-16],[36,-22],[38,-12],[20,-12],[57,-51],[25,-96],[28,1],[4,-20],[33,-60],[24,-13],[38,-6],[26,-34],[23,-9],[26,-1],[24,-33],[24,-10],[9,-18],[49,0],[58,-39]],[[62533,53810],[-17,-55],[-31,-40],[-95,-33],[-10,-17],[0,-54],[-11,1],[-39,29],[-42,-34],[-13,10],[-30,-22]],[[63777,53347],[-59,-109],[12,-8],[-13,-25],[23,-31],[-5,-2],[-1,-18],[-12,-7],[-8,2],[9,-32]],[[62470,52161],[-4,21]],[[62466,52182],[16,2],[25,14],[64,-10],[31,35],[24,-1],[9,-25],[39,10],[-18,22],[18,3]],[[70227,48882],[52,10],[44,1],[2,13],[164,-15],[67,10],[-3,14],[9,2],[-11,54],[58,11],[-4,47],[48,7],[-5,72],[79,18],[-18,43],[54,25],[65,3],[-6,-17],[33,-6],[-1,-13],[69,-2],[1,-5],[33,2],[4,-11],[26,-3],[1,-11],[69,2],[-3,-19],[63,-16],[67,9],[39,12],[18,-2],[26,6],[22,-5],[33,14],[43,2],[89,33],[14,21],[27,5],[23,12]],[[62625,52486],[-36,3],[-16,-4],[-41,-44],[-40,-16],[-52,-68]],[[62440,52357],[-21,38]],[[62341,52503],[31,15],[35,-8],[2,20],[50,-27],[12,30],[-8,37],[52,5],[19,15],[-4,26],[13,2]],[[71677,51959],[-142,-303]],[[70755,51493],[-6,-9]],[[70749,51484],[-54,7],[13,13],[-87,34],[35,24],[-60,25],[-32,29]],[[70564,51616],[16,31],[7,52],[48,165],[-62,24],[-50,10],[3,7],[-79,24],[-37,18]],[[71985,52905],[-37,-351],[72,-2],[31,-25]],[[58407,54858],[-9,-9],[-16,-5],[-3,18],[-82,0],[-63,-23],[-64,87],[-22,51],[-191,-42],[-247,-44],[-20,18],[6,21],[-39,8],[6,18],[-3,20],[-87,21]],[[57573,54997],[-13,11],[-57,19],[-24,17]],[[57479,55044],[-8,13],[-1,16],[20,29],[118,83],[33,39],[7,25],[32,61],[-17,8],[-27,27],[1,21],[13,16],[-2,16],[36,20],[8,12],[103,-3],[108,-16],[1,-11],[48,-23],[58,0],[26,-9],[29,-1],[18,-9],[61,-10],[20,-48]],[[73803,48626],[10,43],[2,64],[17,16],[41,16],[-4,13],[-22,12],[-8,37],[14,163],[-15,100],[13,87],[1,85]],[[57573,54997],[-14,-4],[-33,-28],[-21,-7],[-10,-16],[6,-37],[14,-14],[-11,1],[-18,-5],[16,-29],[-10,-49],[34,-54],[-23,-68],[-5,-58],[28,-61],[3,-34],[15,-37],[-13,-50],[5,-75],[28,-76],[23,-36],[-3,-14],[-29,-45],[-3,-21],[22,-61],[22,-14],[-6,-5],[-2,-37],[7,-27],[-6,-10],[-12,-4],[-26,-24],[1,-26],[-6,-6],[4,-13],[19,5],[6,-23],[21,1],[3,-6],[8,3],[12,-8],[-4,-28],[10,-19],[9,0],[6,-6],[-3,-6],[10,-2],[-7,-4],[8,-5],[-14,-5],[-2,-14],[-15,-8],[-3,-8],[-39,-19],[-4,-19],[8,-14],[-2,-10],[14,-10],[6,-24],[-11,-10],[-9,-57],[-9,-14],[-9,1],[-4,-6],[-18,-6],[-16,-29],[-8,2],[-1,-9],[-7,3],[-6,-5],[14,-18],[0,-17],[-5,-8],[-20,-9],[-28,-40],[3,-17],[8,-3],[4,-8],[-29,-4],[11,-34]],[[56705,53480],[-8,-21],[11,-10],[53,7],[26,14],[50,-4],[9,-9],[18,-40],[73,-37],[12,-23],[-4,-48],[-27,-22],[23,-7],[33,-27],[3,-9],[-8,-11],[3,-23],[-22,-31],[-46,-30],[-12,-63],[9,-15],[57,-39],[7,-18],[-15,-41],[-5,-2],[-32,10],[-11,-31]],[[56574,54568],[21,-6],[22,-20],[2,-20],[-27,-17],[3,-6],[43,-25],[9,-19],[3,-20],[-12,-2],[-23,-29],[47,-54],[-6,-11],[-30,-16],[28,-20],[3,-8],[-8,-10],[-47,-14],[-14,-8],[-27,6],[-18,-4],[-7,-9],[-1,-20],[-16,-24],[13,-29],[25,-4],[3,-11],[-3,-13],[-10,-10],[-1,-12],[42,-47],[0,-28],[-20,-3],[-14,-14],[6,-24],[14,-7],[-4,-17],[11,-10],[4,-26],[16,-14],[18,-33],[4,-38],[8,-4],[10,-20],[0,-27],[-17,-34],[31,-29],[61,-16],[30,-18],[-17,-19],[-28,-10],[-35,-26],[-3,-6],[7,-6],[-16,-16],[-8,9],[-4,-4],[-1,-48],[11,-21],[-4,-8],[-13,-4],[48,-34],[10,-14],[12,-37]],[[57105,55286],[79,-74],[15,-8],[-3,-6],[52,-48],[69,-52],[91,-95],[18,-7],[18,25],[35,23]],[[77012,49728],[-34,-63],[-42,-52],[-28,-64],[-110,-192]],[[76530,49175],[36,72],[5,33],[-11,39],[-39,59]],[[73632,52626],[-170,21]],[[61021,57077],[21,-30],[21,-59],[26,28]],[[60750,56963],[-3,3]],[[60747,56966],[15,16],[2,48],[11,12],[99,15],[32,32],[22,-33],[26,-5],[1,5],[9,-2],[1,7],[9,0],[-1,6],[7,5],[2,-4],[10,6],[29,3]],[[74118,53253],[-19,16],[-50,-17],[-22,-2],[-31,6],[-81,-13],[-56,-17],[-152,-14],[-48,23],[-10,12],[-23,9],[-34,22],[-18,6],[-15,1],[-30,-12],[-40,-8],[-42,-4],[-3,15],[13,111],[-54,19],[-82,68],[-72,40],[2,7],[-93,50],[-3,22]],[[74612,53825],[75,-123],[36,7],[17,-25],[-34,-12],[8,-15]],[[64096,57743],[-130,-161],[-41,-42],[-68,-57],[-89,-58],[-145,-121],[-19,17],[-44,5],[0,26],[-16,-30],[3,-8],[-20,-5],[9,-18],[-13,-21],[-41,18],[-22,-3],[-8,4],[-15,-3],[-17,5],[-14,-5],[-5,7],[-28,8],[-43,-3],[-10,12],[-37,26],[-21,5],[-11,-1],[-5,-5],[-38,0],[-36,-20]],[[63172,57315],[-5,2],[4,8],[26,12],[18,19]],[[63125,57801],[39,3],[33,12],[21,-5],[15,-12],[20,-1],[15,8],[41,40],[23,31],[55,33],[20,5],[109,-57],[23,-19],[14,0],[77,23],[32,-2],[51,-17],[30,-1],[14,30],[-12,20],[40,71]],[[70366,53686],[2,6],[191,-18],[4,5],[86,-13],[10,5],[15,20],[33,12],[-20,15],[2,11],[16,5],[-18,16],[10,21],[14,5],[1,9],[10,8],[-5,21],[-9,7],[19,12],[-6,14],[-16,5],[18,31],[-10,8],[1,34],[15,3],[44,33],[9,29],[24,12],[12,14],[23,1],[12,14],[21,-2],[32,34],[22,5],[19,17],[35,10],[20,39],[-1,14],[27,17],[2,12],[11,11],[4,20],[31,-5],[19,10],[0,32],[10,17],[2,27],[-11,12],[-3,32],[22,22],[8,52],[-5,44],[10,69],[-4,27],[-8,6],[-3,15],[33,20],[3,9],[-16,26],[-22,9],[-22,1],[-9,30],[-21,1],[0,18],[14,13],[-1,9],[38,14],[43,0],[9,21],[27,11],[12,39],[24,19],[2,31],[-21,26],[-1,9],[29,83],[57,109],[3,16],[-6,32],[7,54],[38,77],[-9,16],[1,12],[30,47],[2,15],[-10,14],[15,36],[4,8],[17,2],[4,10],[-5,15],[-18,13],[17,20],[16,9],[1,15]],[[63172,57315],[-13,-25],[-44,-55],[-12,-30],[-20,-26],[-11,-41],[-23,-48],[-44,-30],[-14,-19]],[[62991,57041],[-67,6],[-61,17],[5,20],[-51,36],[-10,18],[1,15],[-28,16],[-10,28],[-20,15],[-59,-10],[-13,-13],[-22,-6],[-17,-3],[-4,5],[-38,-9],[-19,2],[-34,-15]],[[71384,56018],[138,79],[79,22],[37,6],[27,-2]],[[62991,57041],[-18,-31],[-14,-43],[-8,-37],[6,-22],[-4,-20],[-13,0],[-5,-5],[-27,7]],[[62908,56890],[-47,5],[6,4],[-84,18],[-6,-2],[-11,-71],[-37,-65],[-24,-67],[-32,9],[-5,-16],[-33,4],[-21,-53],[13,-14],[25,-47],[39,-25]],[[74791,58198],[9,4],[-12,18],[28,50],[-15,23],[64,57],[98,-103],[86,-65],[33,-44],[7,-1],[37,7],[20,16],[15,31],[18,17],[24,11],[10,-3],[115,58],[35,27],[16,21]],[[61184,53763],[-85,-90],[-47,-63],[-49,-102],[13,-7]],[[60767,53180],[-11,8],[7,35],[22,56],[3,23],[24,39],[-46,10],[-44,-13],[8,23],[-15,24],[-19,8],[-12,14],[-10,-2],[-18,4]],[[60656,53409],[-315,95],[-17,1],[-6,3],[21,16]],[[60397,53876],[13,18],[22,0],[27,-8],[9,24],[21,5],[7,-16],[21,-6],[10,3],[8,-21],[15,-5],[2,-8],[32,6],[12,-19],[12,10],[46,-13],[12,3],[5,8],[4,-7],[15,-5],[5,11],[6,-3],[-4,-8],[5,-15],[22,2],[9,-12],[8,-4],[7,5],[12,-12],[15,8],[11,-19],[4,8],[10,-3],[8,10],[6,0],[22,-17],[14,-24],[-3,-28],[17,-17],[24,-7],[10,-13],[20,24],[20,-1],[44,-15],[37,-2],[50,18],[18,14],[49,13],[48,5]],[[79892,55807],[-27,-40],[0,-10],[-17,-25],[-11,-33],[-43,-7],[-1,-65],[-59,-90],[-16,5],[-17,-94],[22,-11],[-22,-28],[9,-17],[-16,2],[-38,18],[-36,-44],[-78,46],[-13,2],[-21,46],[-2,-3],[-59,38],[-26,13],[-45,-12]],[[66788,51574],[61,17],[94,48],[98,31],[18,-9],[20,-42],[109,6]],[[67188,51625],[-6,-36],[-17,-28],[11,-1],[10,-13],[11,0],[7,6],[40,-19],[9,8],[47,-37],[8,4],[18,-18],[15,1],[19,-25],[24,11],[6,-13],[47,18],[23,15],[27,4]],[[67487,51502],[-5,-47],[-51,-74],[11,-48],[43,-24],[-5,-4],[23,-30],[24,5],[18,-25],[64,-64],[21,-39],[62,-59],[26,-44],[45,-35]],[[66196,51916],[90,-12],[150,-6],[58,-13],[-68,-83],[-27,-42],[43,-37],[23,-31],[48,-76],[16,-47],[35,-48],[14,7],[27,1],[76,32],[29,-2],[8,2],[4,7],[29,-1],[37,7]],[[67487,51502],[2,5],[58,-30],[40,46],[27,15],[7,-4],[10,14],[8,-7],[64,67],[32,68],[-15,20],[45,21],[11,22],[-7,41],[19,3],[-13,37],[10,50],[25,-3],[4,13],[1,42],[-15,28],[-25,27],[51,30],[38,10],[13,20],[-76,69],[-84,23],[-121,41],[38,79],[-8,3],[-3,7],[4,13],[-38,3],[-34,18],[22,19],[-59,38]],[[67518,52350],[9,2],[15,18],[25,5],[4,25],[6,1],[21,30],[-4,5],[4,7],[21,10],[11,16],[8,41],[22,12],[9,12],[-79,74],[-14,-11],[-97,91],[-50,9],[-82,53],[-103,31],[60,77],[-65,44],[-6,-8],[-42,25],[-45,44],[16,20],[-98,59]],[[67064,53042],[33,39],[22,46]],[[65349,50576],[-51,41],[-33,35],[-6,14],[-26,-18],[-36,27],[-23,-17],[-50,-2],[-85,14],[-19,-9]],[[65972,53718],[-5,0]],[[65967,53718],[-10,53],[-5,-2],[-17,30],[-17,-4],[-26,26],[5,31],[25,11],[1,9],[24,3],[19,16],[30,12],[19,-1],[8,7],[18,0],[12,6],[5,-10],[-7,-14],[1,-31],[-19,-34],[10,-6],[130,110],[12,-7],[3,9],[35,29],[-2,3],[25,29],[73,31],[31,6],[25,-1],[1,-4],[37,22],[16,19],[43,36],[20,41],[59,68],[30,47],[4,-3]],[[66069,56789],[-3,-5],[-12,-2],[-2,-6],[18,-30],[-9,-12],[8,-4],[-10,-6],[13,-13],[22,-8],[-2,-11],[54,3],[8,-68],[26,-52],[-8,-69],[0,-73],[10,-73],[8,-15],[6,-41],[-1,-76],[15,-107],[-10,-26],[-7,-71],[-12,-38],[14,-10],[6,-14]],[[66154,55903],[-65,-39],[-74,-31],[-16,2],[-29,19],[-24,-8],[-39,-25],[-18,-5],[0,14],[-21,-3],[0,-9],[-44,-7],[-3,14]],[[62008,57532],[52,80],[32,94],[6,82],[-16,116]],[[62082,57904],[18,4],[24,14],[44,10],[22,1],[17,-9],[22,5],[42,-5],[20,3],[1,-4]],[[60828,57914],[-28,-28],[-5,-34],[-5,0],[-11,-18]],[[60779,57834],[-14,0],[-40,-13],[-10,18],[-39,-11],[-8,21],[-38,-2],[2,30],[-17,4],[-29,-1],[-7,-5],[-12,5],[-20,-3],[-3,7],[2,8],[7,2],[-2,8],[15,4],[13,15],[-2,9],[14,14],[-2,13],[-28,16],[-26,16],[-13,0],[-26,16],[16,29],[-4,25]],[[60663,58138],[-25,-1],[0,-18],[-30,-16],[-3,5],[-21,3],[-19,-8],[-49,-29],[-8,-15]],[[60663,58138],[8,-44],[66,-2],[0,-6],[12,-9],[6,-20],[25,-17],[11,-23],[39,-38],[-2,-38],[13,2],[-13,-20],[0,-9]],[[56445,61022],[5,-5],[-5,-4],[0,-79],[-19,-26],[4,-94]],[[55107,59631],[-51,24],[-86,5],[-15,-15],[-96,-22]],[[54859,59623],[-11,-2],[-7,-10],[-19,-13],[-17,-4],[-141,5],[-91,11],[-42,14],[-7,-5],[-179,143],[-54,36],[-56,-40],[-16,-7],[12,-33],[-21,1],[-44,-14],[-68,3]],[[54098,59708],[-97,1],[-59,-4],[-68,29],[-38,-14],[1,9],[-19,3],[5,21],[-27,4],[4,20],[-86,21],[3,20],[30,-8],[-3,22],[19,43],[-10,26],[-14,12],[-11,3],[-23,-5],[6,4],[-2,7],[-26,33]],[[53670,59997],[0,-8],[19,-31],[-6,-3]],[[54026,60222],[-15,1],[-38,-29],[-15,-20],[-35,-8],[-21,-17],[23,-17],[21,-40],[-9,-15],[18,-15],[-3,-6],[-36,-3],[-14,6],[-21,20],[-28,45],[-16,-1],[-13,-5],[-23,-25],[-9,9],[-6,-4],[-21,-44],[-36,-24],[-3,-21],[-49,-7],[-7,-5]],[[54720,60406],[-25,7],[9,36]],[[54437,60601],[-55,22],[43,17],[44,-37],[20,-6],[16,1],[7,23],[25,24],[11,3],[9,19],[24,27],[24,-1],[32,22],[21,6],[20,17],[120,53],[12,2],[18,-7],[6,2],[4,26],[-6,9],[8,12],[22,2],[36,-22],[37,-11],[42,25],[27,3],[3,-8],[43,8],[71,25],[60,-10],[16,14],[22,37],[57,-11],[41,7],[93,65],[24,25],[13,3],[19,-6],[42,26],[30,5],[52,27],[23,-16],[12,-17],[14,-3],[26,7],[20,-2],[30,24],[47,4],[26,-5],[79,26],[39,-11],[27,7],[74,-3],[35,12],[39,-5],[34,-25],[7,-13],[20,-3],[12,-11],[35,-12],[37,10],[13,10],[29,8],[99,-6],[27,5],[24,-2],[18,7],[9,-3]],[[70580,57739],[22,2],[23,13],[0,9],[9,4],[23,-2],[13,8],[8,-10],[15,-6],[40,2],[6,-7],[35,1],[95,-11],[-1,-21],[7,-10],[73,10],[162,-22],[178,-15],[365,-52],[186,-15]],[[71670,56966],[-86,-15],[-408,-102]],[[71176,56849],[-28,35],[-56,53],[-116,101],[-9,-6],[-89,9],[-17,7],[-20,19],[-113,-30],[3,-18],[-85,-18],[-121,-18],[13,-68],[11,-23],[-17,-61],[-11,-14],[-52,-9],[-8,-6]],[[70461,56802],[-146,-29],[-13,-16]],[[70302,56757],[-171,206],[-21,-7],[-15,50],[-55,65],[-33,-12],[-13,3]],[[54464,59013],[51,-37],[81,-93],[69,-98]],[[54042,58737],[-12,57],[4,28],[-9,6],[-10,-2],[-6,11],[85,36],[-20,16],[6,8],[-21,9],[-5,7],[-16,5],[-3,-6],[-19,3],[3,28]],[[54019,58943],[3,10],[14,-3],[16,18],[17,5],[6,-5],[41,52],[38,33],[26,15],[36,9],[64,1],[13,-45],[33,17],[6,-5],[17,3],[14,-15],[8,-2],[3,-9],[15,-2],[30,23],[45,-30]],[[70570,59101],[-48,-10],[0,-5],[19,-127],[36,4],[15,-54],[-2,-68],[7,-83]],[[69189,58479],[-68,44],[-13,27],[8,32],[16,31],[35,20],[14,16],[3,28],[-19,17],[-50,11],[-21,13],[-90,132],[-22,13],[-15,1],[-12,-4],[-22,-22],[-12,-25],[-12,-5],[-56,21],[-58,5],[-6,4],[11,28],[-7,53],[16,22],[44,84],[50,25],[72,17]],[[75315,51143],[-159,-487]],[[75156,50656],[-136,63],[-72,26],[-72,21],[-72,14],[-38,1],[-49,-15],[-30,-5],[-34,2],[-108,-11],[-27,2],[-84,21],[-36,-3],[-19,9],[-15,-3],[-7,-7],[-32,-2],[-45,-11],[-31,3],[-51,-17],[-35,2],[-28,9],[-21,-2],[-7,24],[-13,-5],[-13,3],[-26,28],[-31,5],[-174,-46],[-6,-14],[-139,-35],[-161,-23],[-21,-9],[-8,6],[-33,-9],[-38,0],[-84,-22],[-2,6],[-14,-3],[20,-30],[8,2],[13,-21],[-8,-8],[8,-35],[-16,-8],[-11,-16],[11,-22],[-32,-13],[-1,-7],[-69,-13]],[[73267,50488],[-58,-7],[-3,77],[-16,27],[-45,21],[-13,19],[-11,5],[-25,62],[-36,33],[20,9],[50,2],[-14,22],[10,7],[-22,60]],[[59577,51451],[-68,-23],[-40,-4],[12,-35],[5,-26],[-3,-9],[8,-23],[-71,-40],[15,-15],[-10,-5],[30,-72],[-8,-11],[10,-39],[-15,-3],[48,-71],[14,6],[17,-22]],[[59040,49892],[-20,-8],[-28,21],[6,19],[-7,20],[11,14],[-2,14],[-15,2],[-9,-15],[-12,-5],[-41,36],[-17,7]],[[58660,50136],[18,-21],[35,6],[25,-9],[43,-27],[10,-2],[16,9],[31,-20],[19,-22],[0,-18],[13,-44],[11,-2],[19,13],[6,-2]],[[58463,50253],[54,-3],[13,17],[29,11],[9,-2],[5,-27],[-25,-15],[33,-35],[35,-4],[0,-27],[24,-9],[20,-23]],[[64537,52639],[-11,-23]],[[64526,52616],[-11,-15],[-1,-51],[-29,-55],[33,-6],[44,10],[42,0],[19,-8]],[[64623,52491],[3,-11],[10,2],[4,-14],[-12,-2],[3,-12],[-24,-1],[-27,-14],[-6,-12],[24,-6],[-9,-23],[-6,-5],[-21,-4],[-3,-8],[-8,4],[-10,-4],[10,-12],[-20,-22],[-30,18],[-14,-2],[-3,-6],[-38,-4],[-7,-6],[-5,5],[-10,-2],[1,7],[-14,-2],[-60,-120]],[[63973,51978],[-97,-7]],[[63808,52050],[6,25],[-35,1],[-16,10],[-33,58],[-23,25],[-129,79],[-6,21],[14,17]],[[63586,52286],[87,-14],[43,-13],[59,-7],[28,-14],[5,6],[10,-6],[5,11],[68,86],[4,-1],[2,12]],[[64385,46233],[-18,-15],[-23,-37],[-64,-19],[-41,-32],[-17,28]],[[63767,46458],[-51,25]],[[60573,51882],[-15,-71],[-44,-114],[-14,-63],[0,-93],[21,-82]],[[60296,51446],[-9,4]],[[60066,51533],[36,18],[19,19],[24,62],[30,34],[31,50],[67,65],[43,81],[30,22],[52,25],[77,56],[36,15]],[[64308,37520],[0,-45],[9,-35],[-2,-9],[-27,-20],[13,-20],[-4,-3],[5,-21],[-16,-30],[4,-6],[-19,-44],[7,-21],[-2,-27],[-10,3],[-2,-29],[-41,-31],[24,-33],[39,-19],[24,-4],[23,-26],[9,0],[6,-7],[8,1],[15,-16],[-8,-2],[3,-9],[-34,-11],[-23,-2],[-5,-10],[-29,-14],[-12,-14],[-19,-2],[50,-64],[7,-45],[-1,-39],[19,-51]],[[64216,36776],[-14,-8],[-33,-48],[-10,-49],[-36,-71],[-12,-37],[2,-10],[-13,-32],[39,-20],[27,-23],[14,-21],[20,-14],[32,-34]],[[64232,36409],[9,-7],[2,-30],[14,-26],[49,-9],[15,-8],[10,-19]],[[63281,36880],[7,6],[24,3],[10,11],[26,9],[11,17],[-3,5]],[[63356,36931],[19,37],[14,0],[18,10],[52,8],[23,24],[37,20],[17,17],[15,9],[4,-5],[60,27],[26,27],[58,7],[16,-3],[22,12],[12,-2],[30,32],[10,21],[12,13],[-6,3],[1,8],[-28,2],[11,15],[0,11],[-21,2],[1,6],[18,10],[6,21],[-13,72],[-27,17],[4,25],[-7,18],[36,4],[4,29],[6,1],[3,16],[6,3],[-37,61]],[[63107,38677],[8,-24],[-6,-2],[9,-7],[2,-29],[8,-16],[-16,-19],[22,-35],[-8,-16],[38,-38],[30,16],[24,6],[36,-2],[16,-6],[20,-24],[11,-5],[9,-43],[12,-7],[24,0],[-2,-3],[19,-9],[5,-20],[17,23],[11,-1],[9,9],[2,14],[-9,15],[-15,8],[-6,24],[3,-3],[10,10],[6,-3],[2,9],[15,-6],[8,6],[14,-1],[11,12],[1,23],[23,4],[18,0],[-11,26],[9,16],[15,8],[-9,6],[7,13],[63,-13],[12,-7],[-2,-7],[56,-18],[14,34],[63,-25],[17,-13],[29,-7],[23,1],[33,-33],[25,50],[-1,14],[16,17],[23,4],[22,-15],[13,1],[0,-7],[18,10],[24,-2],[-1,-43],[13,-24],[-19,-29],[7,-21],[-36,-56],[27,-18],[-14,-47]],[[63356,36931],[-16,13],[-16,28],[1,16],[-20,1],[-10,12],[-22,9],[2,4],[-48,-14],[-7,26],[1,31],[-83,-6],[3,102],[23,5],[-70,-4],[13,64],[87,-3],[8,10],[-6,58],[-12,28],[24,36],[12,64],[-17,33],[-40,-10],[-76,-79],[-74,-30],[-52,-7],[-52,-49],[-47,-28],[-65,-29],[-42,3],[-70,19],[-104,23],[-13,-1]],[[62568,37256],[-115,-10],[-58,6],[-32,-6],[-14,3],[0,4],[-11,0],[-16,14],[-13,24]],[[62170,38742],[13,-4],[-2,-5],[13,-10],[-2,-18],[21,-8],[-3,-6],[41,-45],[17,-11],[-9,-15],[3,-5],[43,-29],[-5,-15],[23,-11],[-6,-12],[20,-19],[-4,-6],[11,-16],[-5,-4],[4,-16],[10,-4],[12,-14],[19,-8],[-2,-6],[16,-6],[11,4],[0,-25],[19,-5],[-12,-27],[29,-5],[13,-13],[-3,-5],[26,-17],[-27,-20],[3,-14],[43,-31],[-6,-8],[42,-24],[-2,-8],[34,-15],[2,-20],[15,-1],[3,-31],[32,-10],[-6,-15],[27,-13],[-3,-8],[36,-55],[26,-22],[54,-66],[24,-24],[7,0],[40,-67],[22,-23],[-4,-4],[51,-46],[30,-13],[66,-47],[60,-34],[35,-43],[50,-39],[-13,-23],[27,-8],[0,-11],[22,-15],[1,-12],[14,-11],[9,-38],[1,-18],[-83,-2],[-19,2],[-22,11],[-50,2],[-3,7],[-36,9],[-52,9],[-24,-2],[-25,-8],[-8,-11],[-7,7],[-16,-6],[-55,-45],[-55,-15],[-6,4],[-17,-8],[-1,-7],[-98,13],[-5,-8],[-9,-1],[-18,-15],[-25,-9],[-50,4],[-6,7],[-43,3],[-52,-26],[-57,-16],[2,-13],[-51,-23],[-5,-18],[8,-13],[-7,-3],[-2,-12],[23,-17],[-13,-28]],[[62790,39137],[-30,-6],[-87,9],[-51,-8],[-69,2],[-101,-34],[-53,12],[-15,-40],[-22,-24],[-15,-31],[-9,-31],[0,-27],[-22,0],[-35,7],[-45,-57],[-4,1],[-22,-24],[-35,-49],[-10,-30],[15,-16],[-15,-14],[9,-18],[-4,-17]],[[64232,36409],[10,29],[21,-9],[5,8],[0,23],[21,21],[36,20],[18,-11],[29,3],[10,-8],[17,17],[27,-13]],[[70122,42389],[-39,-3],[-40,7],[10,19],[22,12],[-9,11],[-18,8],[-11,-6],[-7,5],[-42,2],[-3,10],[-47,-13],[0,-6],[-33,-8],[5,-25],[-45,-19]],[[70986,40609],[30,-10],[30,-1]],[[70986,40609],[-50,57],[-14,47],[-53,51]],[[63869,55468],[-11,33],[7,2],[-14,29],[3,31],[-17,45],[-17,8],[3,6],[-11,14],[-42,20],[-5,-4],[-5,11],[11,6],[7,-6],[14,6],[-7,5],[11,7],[-51,51],[-13,34],[-2,26]],[[63797,55805],[64,19],[10,-2],[40,-27],[15,-28],[10,-6],[6,3]],[[72544,41642],[33,59],[25,32],[14,35],[-12,15],[-28,8],[-18,12],[-26,21],[-1,11],[-46,22],[-61,63],[-37,16],[-33,28],[-14,86],[5,30]],[[71842,41810],[2,36],[23,1],[0,25],[5,7],[8,1],[2,19],[-9,23],[0,22],[33,5],[31,25],[34,16],[26,42],[17,-3],[8,31],[3,-1],[36,87],[284,-66]],[[63482,54939],[-58,43]],[[63606,55099],[5,-2],[14,12],[13,3],[15,-23]],[[67448,40328],[-13,20],[-65,43]],[[67154,40511],[-13,-18],[7,-15],[-44,-9],[-9,-21]],[[65547,40742],[12,6],[4,9],[-5,21],[9,17],[2,24]],[[67361,39778],[-61,-4],[-49,17],[-74,7],[-58,-7],[-40,-14],[-31,-21],[-13,-16],[4,-14],[-9,-9],[-9,-26],[-18,-11]],[[66986,39900],[41,12],[11,7],[31,6],[54,32],[37,1],[0,11],[5,2],[-7,12]],[[61515,45427],[-27,-21],[-9,8],[-45,-14],[-12,21],[-27,28],[-4,-7],[-12,-3],[1,-7],[-12,-1],[-17,-12],[4,-27],[-52,-51],[-54,-27],[0,-19],[-49,7],[-59,-14],[10,-21],[-13,-10],[34,-25],[41,-15],[-20,-46]],[[61193,45171],[-14,-50],[-34,-62],[-11,-66],[-26,-26],[-2,-15]],[[61043,44983],[63,-31]],[[60604,45185],[10,6],[370,-186],[21,-10],[3,6],[35,-18]],[[60604,45185],[-49,25],[-232,94]],[[60323,45304],[23,33],[6,-3],[41,21],[21,39],[-8,18],[101,65],[6,16],[60,13],[58,22],[27,-4],[35,19],[-30,55],[8,3],[-2,15],[-20,47],[-88,25],[1,3],[-15,6],[-43,30],[-10,-7],[-37,34],[-17,4],[-32,19],[8,11],[-16,10],[1,6],[-30,7],[1,12],[-27,6],[17,103],[1,38],[-9,56],[-15,0],[-28,-10],[-8,2],[-3,6],[-12,-5],[-12,1],[-24,-12],[-9,6],[9,9],[-6,3],[-4,-6],[-8,10],[-8,-1],[1,-6],[-10,4],[-9,-2],[-1,-6],[-17,3],[-2,8],[-9,3],[-6,9],[8,-3],[2,7],[-22,17],[4,30],[-6,0],[2,25],[37,-1],[-12,126],[-24,8],[3,11],[-27,15],[23,13],[-5,28],[4,17],[9,0],[3,7],[10,5],[24,-7],[20,6],[8,-6],[10,3],[-1,6],[7,5],[-2,8],[31,9],[12,24],[12,5],[-3,9],[20,7],[28,-6],[12,17],[17,9],[1,11],[11,4],[5,11],[5,-4],[6,5],[5,14],[12,9],[11,-3],[6,3],[0,-14],[16,8],[14,19],[-11,5],[-4,9],[13,9]],[[60467,46522],[9,2],[-2,12],[13,8],[19,-2],[8,1],[1,8],[16,7],[18,20],[11,20],[28,4],[10,6],[25,-11],[19,-2],[19,-15],[4,-13],[20,-13],[8,-13],[9,3],[10,-8],[1,11],[25,-12],[25,3],[12,-12],[40,-20],[46,-34],[13,-2],[14,-38],[-2,-20],[-17,-34],[-24,-20],[-17,-31],[9,-9],[0,-25],[-16,-6],[9,-5],[4,-16],[-39,-52],[48,-37],[65,-35],[36,-41],[55,-39],[29,18],[38,-39],[8,7],[-15,8],[10,18],[20,14],[33,-45],[5,12],[12,4],[3,6],[-4,10],[17,5],[16,13],[11,-1],[2,6],[9,-3],[-1,5],[13,1],[-2,4],[21,10],[4,-5],[12,18],[14,5],[15,16],[20,2],[5,8],[23,-4],[16,4],[24,-12],[7,-9],[41,10],[43,-4],[59,16],[-1,4],[10,5],[60,8],[15,16],[75,-7],[30,-21],[52,-55]],[[61126,44896],[15,1],[3,-5],[8,3],[245,-123]],[[61106,44952],[8,-21],[11,-7],[1,-28]],[[61193,45171],[74,-3],[90,-24],[-11,-39],[34,-2],[28,17],[13,2],[2,-29],[32,-18],[25,-25],[4,-11],[22,2],[15,-4]],[[66189,46159],[29,-27],[-4,-8],[7,-29],[-3,-19],[-22,-68],[-1,-7],[8,-2],[-14,-25],[-4,0],[-58,-131],[449,-213],[14,-17],[58,-35],[19,-9],[14,0],[92,-41]],[[66773,45528],[3,-27],[7,-10],[-14,-22],[-18,-57],[8,-3],[4,-14],[-45,-72],[24,-19],[-36,-66],[0,-32],[-25,-45],[-67,-42],[-102,-49],[-39,68],[-19,22],[3,5],[-13,42],[-13,8],[-46,61],[-16,12],[-1,35],[-36,30],[-6,16],[5,22],[-4,4],[-32,-28],[4,-12],[-11,-4],[-20,-18],[-44,-53],[-66,-13],[-51,1],[-28,6],[-16,-3],[-6,-7],[-3,5],[-12,-16],[5,-7],[-9,-8],[4,-6],[-8,-2],[-6,-16],[-7,4],[-7,-7],[-10,-1],[-9,-11],[3,-6],[-6,-12],[-10,-1],[-3,5],[-7,-7],[6,-5],[-28,-16],[-6,2],[-5,-8],[-5,3],[-9,-5],[-4,4],[-17,-8],[-16,12],[-7,-1],[-2,-8],[-6,4],[-5,-18],[3,-12],[-15,-4],[-7,-8],[4,-7],[-5,-8],[-17,-17],[-9,0],[3,-7],[-12,-4],[1,-10],[-30,-29]],[[65711,45970],[54,22],[15,18],[56,-22],[3,11],[14,11],[30,5],[23,14],[28,-11],[11,37],[20,28],[11,26],[52,58],[62,54],[99,-62]],[[65222,47536],[-3,30],[81,63],[36,39],[40,20],[59,40]],[[64761,47834],[-3,-55]],[[64758,47779],[-10,-1],[-41,-40],[-45,-8],[-49,-17],[-16,-20],[-16,-42],[-26,-18],[-15,3],[-7,-8],[-27,-55],[-9,-48],[6,-17],[-33,-19],[17,-19],[2,-16],[28,-32],[-11,-4]],[[63433,48925],[35,-53]],[[63118,46225],[72,-44],[30,-37]],[[64649,47098],[-3,64],[-6,6],[-38,4],[-1,57],[-27,1],[-3,37],[-27,-1]],[[64758,47779],[9,-61],[23,-4],[17,-8],[9,-10],[16,4],[19,-12],[11,6],[19,-9],[-8,-12],[13,-7],[-4,-25],[22,-15],[-13,-54],[8,-22],[7,-5]],[[70271,41249],[-28,-21],[-37,-44],[-33,-21],[-55,-24],[-54,-38]],[[70064,41101],[-26,24],[-45,-28],[-70,-29],[-19,-18]],[[60604,53127],[-35,7],[-12,-41],[-24,1],[0,4],[-22,-2],[7,10],[-24,9],[-39,2],[-10,8],[-11,-22],[-12,-7],[-26,-2],[-39,-11],[-20,3],[-3,7],[-30,-15],[-1,-7],[-48,-6]],[[60255,53065],[-7,16],[-35,23],[4,47],[44,-8],[17,4],[0,11],[-6,4],[10,28],[7,0],[6,-20],[11,1],[1,-7],[45,5],[3,-17],[23,-13],[25,35],[10,45],[48,33],[34,42]],[[60495,53294],[40,-33],[7,2],[35,-24],[12,-2],[5,-46],[9,-15],[-9,-10],[10,-39]],[[81623,58511],[46,20]],[[81669,58531],[6,-13],[14,-8],[-4,-2],[21,-35],[14,-41]],[[82697,56230],[-26,8],[-29,28],[-26,2],[-10,18],[-42,-9],[-18,-14],[-17,2],[-8,8],[-12,-2],[-8,-8],[3,-16],[-4,-3],[-41,12],[-22,-3],[-23,8],[-12,15],[7,22],[-62,23],[-65,-14],[-20,-13],[-7,-22],[-17,-7],[-18,3],[-37,-42],[-28,-59],[2,-16],[14,-12],[0,-7],[-21,-44],[-25,-22],[-5,-12],[-72,-50],[-49,-17],[-26,-2],[-24,5],[-12,6],[-5,14],[-12,2],[-32,1],[-40,-10],[-22,-14],[-28,-47],[-5,-28],[17,-5],[3,-10],[-56,-32]],[[81757,55867],[-12,-6],[-23,5],[-18,-7],[-30,-22],[-19,-28],[-18,18],[-13,29],[17,15],[14,34],[0,22],[-9,16],[13,20],[41,39],[55,98],[-58,14],[7,19],[39,-7],[9,2],[-1,14],[17,9],[-4,11],[8,7],[-13,14],[11,15],[15,12],[10,17],[32,20],[16,29],[68,42],[-11,16],[-53,30],[-75,12],[-58,0],[-43,13],[-24,-6],[-31,43],[12,13],[24,2],[7,10],[44,0],[-1,25],[-11,6],[10,1],[102,-5],[1,13],[-97,11],[19,15],[51,0],[4,9],[24,-2],[1,3],[35,-4],[-1,-6],[13,-2],[-3,-7],[28,-25],[126,-46],[11,2],[-6,60],[-9,3],[-18,-13],[24,64],[-4,2],[-17,-44],[-8,4],[14,47],[-8,3],[2,13],[-5,4],[-4,-14],[-30,7],[-16,8],[-6,11],[3,8],[31,27],[30,2],[-5,23],[-15,22],[-23,6],[12,32],[-18,2],[-10,-9],[-10,19],[27,-4],[-7,12],[6,7],[-7,5],[9,15],[21,-4],[6,-8],[-8,-23],[19,-2],[5,10],[19,-13],[-5,-16],[-24,7],[-4,-20],[41,-9],[7,15],[21,-17],[32,53],[13,-9],[-12,-21],[-2,-16],[20,33],[5,-3],[32,35],[49,-46],[3,4],[38,-6],[6,17],[-29,3],[1,5],[-46,46],[-9,66],[4,17],[-8,12],[0,11],[9,1],[-4,19],[-59,37],[-12,2],[-12,22],[-23,18],[-1,9],[-15,-29],[-54,-32],[-6,-8],[-58,1],[-8,-4],[-8,5],[4,19],[-27,4],[-44,-7],[-22,17],[-59,32],[-11,20],[-13,8],[4,12]],[[82388,57207],[56,-152],[36,-70],[92,-217],[19,-87],[17,-32],[-16,-14],[19,-188],[30,-92],[56,-125]],[[80864,53302],[-43,-24],[8,-1],[6,-10],[-18,-10],[-25,-40],[-29,2],[-3,-14],[-14,-14],[-31,0],[-17,-18],[-51,-28],[-10,-20],[-17,-9],[-6,-6],[-10,-19],[-26,-25],[-13,-4],[-22,8],[-25,-7],[11,-24],[0,-17],[-7,0],[1,-10],[-5,0],[2,-12],[-41,-7],[-43,-40]],[[78893,53893],[54,8],[17,7],[74,7],[424,3],[3,13],[55,-1],[68,20],[18,24],[22,3],[269,107],[75,44],[58,26],[29,5],[67,24]],[[78483,51987],[84,-82],[21,-20],[6,-11],[4,1],[84,-100],[50,-65],[36,-25],[71,-20],[26,-25],[13,-2],[27,-17]],[[78958,51534],[0,-6],[9,-14],[6,-15],[19,-24],[8,-49]],[[78960,51421],[-13,12],[-36,7],[-2,9],[-8,5],[-21,-6],[-29,0],[-7,10],[11,17],[-9,4],[0,13]],[[78846,51492],[-12,11],[-19,-5],[-28,10],[-4,19],[-8,3],[-31,-20],[-16,-2],[-7,17],[-11,11],[9,11],[-24,13],[-41,36],[-23,8],[-3,17],[-16,15],[-30,-7],[-13,10],[-22,-4],[-29,5],[-40,-33],[-6,13],[-29,-1],[0,-9],[-8,-3],[-21,19],[-25,13],[-33,9],[-6,9],[-20,4],[-69,45],[-47,2],[-43,25],[-40,11],[-28,1],[-32,15],[-2,14],[-53,24],[-38,8],[-45,30],[1,9],[-31,15],[-20,1],[-8,21],[-144,116],[-60,71],[-25,20],[-78,102],[-104,-11],[-2,4],[-46,-4],[27,287]],[[78909,51415],[8,9],[14,4],[21,-8]],[[78860,51409],[-4,32]],[[78856,51441],[5,5],[14,-1],[30,5],[3,-12],[12,-5],[-17,-11],[-4,-9]],[[78568,50937],[1,-3],[-66,-45],[-10,0],[-4,-8],[-50,-37],[-145,-88],[-18,-12],[-107,-65],[-69,-40],[-128,-61],[-55,-15],[-10,5],[3,-7],[-14,-6],[-242,-79],[-58,-31]],[[77229,50550],[-7,3],[-6,16],[7,-2],[8,19],[11,2],[-3,10],[-12,7],[-6,13],[-6,-8],[-5,2],[-22,39],[-6,5],[-45,-3],[-32,20],[-29,1],[-21,16],[-2,11],[-9,-5],[-29,16],[-5,13],[15,9],[-24,14],[-18,4],[-19,-8],[-5,6],[-21,-11],[-7,-15],[-22,-6],[7,-15],[-16,4],[-9,-3],[-8,6],[15,8],[-27,19],[0,6],[-24,24],[-13,5],[-1,11],[-15,19],[-20,-21],[-5,1],[-1,12],[6,5],[-16,6],[-16,-3],[-5,-16],[-14,3],[-20,-6],[-12,8],[-8,-1],[-10,24],[-22,12],[13,8],[-15,11],[2,9],[16,8],[-10,7],[0,20],[-12,8],[-15,-1],[-5,12],[-52,39],[0,19],[7,12],[19,3],[9,17],[12,2],[-14,9],[5,14],[21,-6],[2,4],[-3,13],[-8,2],[-13,19],[-6,-6],[-14,0],[-8,26],[12,15],[-10,24],[1,30],[-45,33],[-11,27],[-20,24],[6,13],[-3,6],[-34,2],[0,-10],[-10,-3],[-14,21],[-58,-10],[-16,4],[-9,33],[-19,1],[-24,32],[2,22],[-23,9],[-35,6],[-20,10],[-7,-14],[3,-23],[-21,-24],[-21,-8],[-42,-5],[-18,17],[6,13],[-23,4],[-7,-15],[-15,0],[-1,-7],[-12,-1],[2,-6],[-18,-5],[-2,7],[7,15],[-10,18],[-72,21],[-44,41],[-82,31],[-63,19],[-4,-7],[-63,16],[-130,13],[-114,22],[-77,28],[-13,15]],[[77607,50441],[91,39],[300,100]],[[78592,50943],[-10,-4],[-16,13]],[[65279,45978],[-61,37],[-45,19],[-20,21],[-66,43],[-26,25]],[[65061,46123],[22,22],[3,27],[-18,-1],[-43,14],[15,45],[6,44]],[[65046,46274],[41,-3]],[[65365,46303],[47,-18],[-16,-28],[-25,-10],[-11,-14],[22,-11],[-5,-10],[31,-8],[58,-35]],[[67118,48639],[30,2]],[[65657,49042],[516,192],[3,7],[168,57],[40,29],[57,27],[31,39],[93,25],[47,4],[27,8],[20,-64],[28,2],[-6,-18],[30,-51],[23,9],[7,-22],[-3,-16],[21,3],[11,-26],[31,-39],[-3,-3],[18,-14],[-8,-13],[25,-7],[-4,-11],[50,-27]],[[64684,54704],[-66,-47],[58,-83],[21,-65],[46,-33],[58,20],[32,-11],[36,20],[31,31],[21,37],[90,82],[19,27]],[[65030,54682],[4,-2],[-9,-13],[-46,-45],[34,-15],[135,-255],[57,5],[3,-161],[-19,-57],[-49,-41],[1,-52],[-8,-8]],[[64219,54462],[-43,72],[-27,33],[-34,28],[-34,19],[-28,42]],[[64178,54675],[27,35],[52,24],[3,-6],[29,12],[71,12],[29,15],[40,9],[23,-1],[21,-8],[37,-25],[44,-7],[7,-16],[22,12],[45,5],[39,-17],[17,-15]],[[65046,51977],[219,162]],[[64796,52752],[-28,22],[-35,-10]],[[63046,51704],[-18,9],[-15,-9],[-54,-51],[-62,-33],[-12,-27]],[[62827,51610],[-3,12],[7,23],[-16,18]],[[63573,51699],[11,-30],[18,-18],[-7,-36],[73,-11],[6,12],[34,-21],[12,10]],[[65881,58042],[-52,-333]],[[65751,58689],[72,-99],[-142,-15],[-21,-8],[2,-7],[-8,-9],[11,-4],[-8,-6],[10,-11],[-42,-9],[-10,-9],[-7,-17],[-15,-12],[-24,-8],[-25,5],[-45,-4],[-16,3],[-29,-8],[-17,-12]],[[64595,59309],[-14,-29],[41,-3],[5,-23],[-1,-45],[-18,-26],[-7,-40],[31,-46],[-6,-15],[12,-7],[-7,-33],[-16,0],[-1,-12],[-21,0],[-6,-12],[0,-16],[-50,-16]],[[64595,59309],[3,-2]],[[62714,53930],[4,-21],[-13,-22],[16,-8],[-7,-16],[-19,-18],[-9,-15],[2,-15],[9,-4],[-5,-7],[13,-16],[8,-1],[13,10],[0,10],[41,0],[9,8],[24,3],[37,0],[36,11],[51,-8],[24,-34],[-20,-4],[15,-32],[-7,-21],[12,-11],[-28,-53],[0,-9],[-19,-12],[0,-17],[-16,-40],[-26,-42],[-1,-21],[-23,-22]],[[63171,54951],[-44,-22],[-24,-34],[-56,-62],[-68,-33],[-34,-10],[16,-24],[-27,-23]],[[62440,52357],[10,-9],[-6,-6],[14,-93],[-12,-10],[1,-27],[11,-26],[8,-4]],[[62222,52141],[28,51],[-5,38],[5,1],[-9,30]],[[61642,52292],[51,-19],[10,9],[10,38],[26,24],[63,-10],[43,17],[13,-2],[25,7],[42,-3],[20,6],[32,-4],[66,16],[11,0],[18,-12],[34,5],[11,-9],[30,6],[12,-3]],[[69823,50002],[60,22],[9,-8],[16,32],[22,-4],[-3,-7],[32,-12],[15,35],[-4,2],[14,9],[34,-5],[39,5],[9,40],[57,27],[22,-5],[45,40],[-6,20],[-11,15],[-17,9],[-22,1],[21,52],[13,6],[6,-33],[240,0],[135,-28],[16,1],[-4,7],[4,18],[37,-7],[55,-2],[-1,-5],[72,0],[32,11],[6,5],[0,9],[9,-20],[6,-1],[51,7],[50,-2],[9,16],[38,-3],[55,-15],[53,7],[45,-21],[39,-4],[89,-19]],[[72944,46909],[-11,-4],[-16,7],[-4,-85],[-37,13],[-36,3],[-106,-5],[-100,-20],[16,-34],[-8,-9],[-10,-3],[0,-9],[9,-7],[-100,7],[-11,12]],[[72459,46924],[-6,23],[15,-11],[21,27],[7,-1],[22,-39],[74,27]],[[72803,47032],[3,-13],[-29,-18],[8,-2],[2,-10],[11,5],[21,-9],[1,-8],[34,-6],[16,4],[7,-4],[10,5],[27,-3],[11,-23],[23,-19],[-7,-2],[11,-6],[0,-6],[-14,4],[6,-12]],[[70554,51622],[-23,-242],[25,-57],[23,-27],[10,-24],[11,8],[46,0]],[[70349,51481],[26,54],[2,-5],[34,46],[37,67],[0,10],[46,-4],[20,-12],[8,3],[16,-13],[16,-5]],[[72257,47000],[4,15],[13,8],[9,-8],[31,4],[63,-4],[37,5],[-11,66],[50,6],[5,-10],[78,17]],[[62397,52814],[0,-12],[12,1],[29,-20],[8,7],[8,-5],[8,6]],[[62469,52787],[-29,-27],[-51,-12],[-35,-35],[-17,-42],[-38,-34],[-13,-5],[1,-8],[-23,-4],[14,-16],[9,-35]],[[61630,53041],[9,2],[-1,-7],[56,-41],[26,4],[24,-2],[-1,-10]],[[58822,54496],[-30,-11],[-17,1],[-30,-36],[9,-28],[-5,-65],[22,-49],[30,-1],[62,-48],[-7,-5],[-32,-79],[1,-24],[7,-11],[37,-21],[6,-19],[-5,-5],[16,-9],[14,-29],[30,-22],[-19,-15],[13,-7]],[[56682,56273],[52,-32],[292,-148],[-26,-37],[61,-2],[10,-135],[31,-6],[12,7],[23,-8],[20,-36],[20,-19],[25,-5],[13,2],[60,44],[27,-12],[94,15],[120,-2],[21,8],[8,22],[20,16],[80,8],[78,-3],[49,-8],[61,-20],[3,-14],[-6,-19],[-11,-1],[14,-37],[-121,-52],[37,1],[4,-13],[27,7],[55,1],[10,3],[-3,10],[23,11],[9,-11],[6,3],[2,-8],[24,8],[28,1],[27,13],[22,1],[31,-13],[29,3],[32,-18],[30,-2],[34,-23],[8,-13],[63,-17],[5,3]],[[78977,49517],[-18,-27],[-15,-9],[-4,-15],[-6,-2],[-53,28],[-16,-17],[-48,-17],[-21,-13],[-17,-12],[4,-11],[-16,1],[0,-32],[39,-6],[0,-6],[-38,-37],[2,-14],[-7,2],[-9,-8],[-20,-38]],[[76489,49187],[-3,5],[-7,-2],[-9,21],[-115,-27],[3,-8],[-74,-17],[6,-12],[-3,-6],[-158,9],[-4,5]],[[60604,53127],[12,-3],[8,-8],[-1,10],[5,2],[42,-27],[12,2],[3,-7],[6,3],[7,-6],[10,1]],[[60118,52973],[14,18],[-8,25],[62,17],[5,-8],[11,6],[6,-4],[1,10],[20,4],[7,-10],[12,5],[7,29]],[[58179,56501],[18,-22],[-21,-8],[-18,-26],[-9,-43],[52,-29],[12,-13],[9,-2],[23,-23],[8,-19],[24,-27],[100,-50],[115,-105]],[[75088,50049],[-15,351],[66,175],[61,-16],[14,-16],[1,-26],[48,-9],[38,-24],[5,1],[8,27],[-23,31],[-1,35],[-134,78]],[[60717,56917],[-33,21],[-51,-54],[-5,3],[-39,-10],[-16,23],[-30,15],[-27,1],[-19,-8],[-24,-22],[-34,-20],[-7,-14],[-1,-20],[14,-1],[-4,-12],[32,-1],[9,4],[3,-28],[43,-5]],[[60474,57052],[23,-13],[40,-12],[22,-11],[82,-17],[62,-24],[30,-2],[14,-7]],[[71124,55814],[42,-6],[22,11],[15,-7],[-11,-13],[48,-20],[26,18]],[[71430,55570],[-101,29],[-73,10],[-2,-6],[-81,13],[-42,-1],[-42,6],[-69,38],[-13,12],[-21,7],[-45,37],[5,33],[-7,13]],[[60352,57154],[19,3],[45,28],[7,-1],[19,18],[13,3],[26,21],[27,-2],[17,1],[1,6],[27,1],[18,40]],[[60571,57272],[16,29],[36,27],[8,-5],[26,3],[23,-4],[39,-22],[11,-15],[81,-19],[-1,-18],[79,-26],[50,-83],[82,-62]],[[69532,54371],[102,108],[35,102],[20,98],[-1,55],[-21,2],[-28,22],[-78,20],[-11,20],[-36,13],[0,40],[-11,5],[-5,19],[53,43],[50,51],[61,40],[44,18]],[[69706,55027],[14,6],[25,-14],[109,15],[-2,15],[53,12],[56,21],[5,-29],[34,19],[-6,19],[34,8],[32,18],[40,-67],[44,9],[-2,42],[138,26],[123,5],[-8,34],[-5,1],[-36,70],[115,0],[-2,49],[6,1],[7,41],[-15,6],[11,19],[-2,9],[-82,81],[498,289],[-97,46],[5,115],[38,0],[28,-8],[39,3]],[[73037,52658],[-40,-36],[-60,-6],[0,-20],[-47,-24],[-19,-45],[13,-18],[0,-14],[-6,-4],[-15,1],[-8,-5],[16,-18],[-15,-10]],[[63770,56155],[-5,-13],[-2,-51]],[[63601,56172],[49,23],[-2,6],[29,9],[14,15],[33,3]],[[72106,56759],[-128,-56],[2,-21]],[[61508,53793],[-36,-15],[-52,7],[-30,14],[-53,2],[-33,-5]],[[61304,53796],[-5,0],[15,14],[-38,58],[-11,26],[2,8],[-12,10],[-6,22],[-9,5],[5,22],[-2,41],[-9,18],[10,13],[-10,46],[8,55],[-11,38],[23,55]],[[81757,55867],[20,-49],[93,40],[-4,58],[9,10],[55,-11],[1,-31],[151,62],[49,-113],[-24,-38],[-7,14],[-7,3],[0,-18],[-29,-9],[-36,-7],[19,-47],[-97,-19]],[[60495,53294],[30,27],[106,47],[25,41]],[[61184,53763],[27,-12],[3,-13],[31,0],[45,28],[14,30]],[[82572,55204],[-7,-11],[13,-5],[90,-24],[64,-8]],[[82732,55156],[1,-100],[-3,-18],[-3,30],[-4,-32]],[[82723,55036],[-90,7],[3,22],[-8,3],[1,6],[-7,3],[-3,-6],[-26,9],[24,19],[7,21],[-33,3],[-45,16],[-277,-175]],[[82239,55222],[31,0],[56,65],[16,16],[11,3],[5,-31],[14,-18],[149,-50],[9,11],[42,-14]],[[69648,40799],[18,-11]],[[70071,40620],[6,-9],[29,2],[-31,-29],[1,-10]],[[69144,41054],[53,-21],[-3,-15],[16,-5],[100,-11],[41,4],[25,-49],[29,-38],[55,-5],[14,-18],[16,-6],[15,-31],[19,-17],[29,-15],[75,-19]],[[70064,41101],[-26,-24],[-19,-54],[18,-46],[29,-3],[3,-46],[-38,-13]],[[67518,52350],[-23,-13],[-21,9],[-35,-28],[-32,-7],[-34,-21],[-67,-19],[-96,-92],[-58,-38],[-27,-36],[-3,-15],[-30,-7]],[[67092,52083],[-40,11],[-15,-1],[-20,-5],[-25,-15],[-29,-5],[-66,24],[-22,19],[-44,14],[-23,18],[-54,22],[-25,1]],[[66381,52495],[105,-11],[35,12],[63,56],[53,117],[74,128],[37,28],[32,40],[33,22],[28,13],[65,15],[79,48],[79,79]],[[67188,51625],[13,15],[29,78],[9,11],[-21,9],[-12,11],[-23,46],[-5,27],[53,1],[-7,33],[29,31],[-206,133],[45,63]],[[66788,51574],[-14,40],[-3,60],[-16,60],[-25,58],[0,6],[8,-1],[4,38],[-98,52],[71,1],[29,12],[-8,59],[24,-1],[-4,40],[-27,74],[-6,0],[-34,43]],[[65967,53718],[-56,14],[-41,-6],[-9,-5],[-26,0],[-3,-8],[-25,-4],[-32,-62],[7,-3],[-14,-18],[-2,-15],[-23,-15],[-9,-13],[-5,-24],[-10,-18],[1,-8],[-61,13],[3,13],[-14,3],[-12,-18],[-73,-24],[-50,7],[-59,-28],[-24,-15],[0,-5]],[[65030,54682],[5,9],[240,-39],[86,-8],[72,36],[0,21],[51,66],[43,77],[15,-4],[39,81],[40,50],[8,18],[-6,2],[4,6],[53,36],[49,52],[-3,28],[5,0],[16,32],[24,26],[57,41],[28,34],[22,17],[62,39],[39,3],[1,9],[19,7],[15,31],[2,32],[16,19],[22,11],[30,12],[30,6],[14,-23],[61,-3],[50,5],[48,-4],[7,10],[27,-11],[10,11],[32,-6],[6,11],[44,11],[36,-2],[58,4],[54,-8],[10,-8],[-3,-13],[9,-7],[26,3],[24,-6]],[[62469,57981],[17,12],[-53,13],[-8,8],[-17,37],[-9,69],[-34,38],[-16,2],[-21,-12],[-15,-2],[0,8],[28,13],[-14,14],[-28,2],[-4,20]],[[62295,58203],[1,-4],[39,9],[34,13],[8,-4],[16,13],[8,34],[30,0],[-11,15],[2,11],[10,17],[15,-3],[6,8],[-34,-1],[-9,34],[77,-6],[46,-21],[38,0],[21,-19],[3,-13],[17,-9],[5,4],[8,-15],[18,-8],[0,-5],[24,-12],[32,-29],[-8,-31],[-13,-12],[3,-9],[-47,-6],[-15,-17],[-6,-35],[11,-75],[-11,-3],[24,-18],[103,-40],[40,-36]],[[60512,57486],[36,-23],[12,1],[47,-31]],[[60607,57433],[-13,-31],[-44,6],[-17,-6],[11,-15],[-4,-20],[4,-18],[-25,-5],[1,-12],[22,-28],[-4,-33],[33,1]],[[59416,56922],[-105,200],[-63,25],[-54,3],[-41,-7],[-43,9],[-33,-9],[5,8],[-4,8],[7,-1],[0,7],[14,-4],[3,3],[-9,13],[9,2],[-9,14],[3,7],[8,-6],[4,8],[-8,5],[6,11],[-8,35],[6,5],[-10,3],[2,11],[8,-1],[4,17],[-13,0],[-3,12],[-7,2],[-22,25],[-3,29],[-37,45],[0,12],[21,36],[-4,4],[41,23],[9,13],[17,-1],[20,27],[8,3],[10,19],[7,0],[0,15],[-21,30],[-21,5],[2,4],[-13,14],[-4,-4],[-6,9],[-7,-1],[3,7],[-8,6],[-153,77]],[[59795,57946],[-24,-2],[-6,10],[-9,0],[-20,-8],[-5,-7],[-7,-2],[2,-19],[-12,-5],[-7,-14],[0,-8],[5,-5],[-5,-6],[4,-5],[-24,-16],[-21,-3],[0,-6],[-27,2],[-3,-5],[-30,2],[-11,11],[-52,22],[-28,6],[-16,-13],[-38,-5],[-15,3],[-26,-10],[-19,-3],[6,7],[-47,15],[26,27],[7,25],[31,29],[10,2],[-34,36],[-20,0],[-15,36],[-11,-1],[-22,-36],[-24,-1],[-18,20],[-36,-7],[-42,-16],[9,-11],[-90,-17],[-9,43],[-21,24],[21,12],[29,4],[-73,83],[-25,-3],[-5,-9],[7,-16],[-44,-28],[-107,-117]],[[61910,57544],[-71,21],[-9,10],[-13,5],[-75,9],[-19,48],[6,16],[-23,12],[-10,13],[-8,19],[-2,29],[-33,18],[-35,11]],[[61618,57755],[-35,5],[-7,8],[-13,2]],[[62050,58023],[0,-4],[17,2],[18,-9],[-1,-11],[-11,-4],[9,-12],[-27,-1],[-23,-20],[12,-6],[-12,-13],[24,-47],[26,6]],[[76838,60057],[-26,52],[-3,28],[-45,-13],[-13,26],[-67,-10],[-33,55],[-18,45],[-7,-2],[-12,38],[-6,-1],[-22,56],[7,2],[-33,57],[-5,24],[-17,5],[-6,28],[-19,41],[20,-10],[10,12],[-14,21],[43,46],[-54,-10],[-14,30],[-3,19],[-85,-20],[-7,14],[-21,-4],[-45,4],[-34,5],[-3,7],[-19,-6],[-7,11],[-52,0],[-2,11],[-16,1],[12,39],[-3,75],[-32,17],[9,36],[-41,19],[10,27],[-4,10],[-16,5],[-4,14],[4,13],[-9,4],[-22,-14],[-39,-3],[-32,24],[-32,8],[-35,16],[-100,-6]],[[75646,59420],[-14,30],[-5,38],[-37,85],[-60,171],[-47,40],[-23,13],[-175,58],[-111,50],[-28,37],[-35,84],[-31,40],[5,46],[-21,52],[-34,54],[-52,52],[-49,-21],[-84,-61],[4,-18],[24,-20],[-4,-48],[13,-8],[21,-36],[-19,-71],[14,-20],[1,-14],[-17,-39],[-23,-31],[-33,-18],[-20,-42],[-29,-16],[-3,3],[-47,-21],[-48,-12],[-138,25],[-47,14],[-35,19],[-21,15],[-8,19],[-25,18],[-12,0],[-17,12],[-69,21]],[[56177,61489],[-5,-18],[22,-26],[16,-85],[72,-23],[45,-3],[37,3],[75,-12],[-118,-84],[33,-4],[46,-18],[60,-7],[24,-16],[4,-11],[6,2],[2,-31],[5,-6],[-2,-24],[10,-22],[-4,-25],[4,-14],[-10,-11],[0,-16],[-20,-7],[-6,-8],[-21,3],[-7,-4]],[[54162,60826],[-9,-10],[-19,-96],[24,-44],[-10,-11],[-4,-35],[11,-7],[11,-35],[31,-12],[2,-12],[30,-27]],[[54451,61299],[-43,-41],[-6,-12],[-48,-35],[-17,-35],[9,-39],[-6,-19],[21,-64],[-5,-27],[-12,-14],[-1,-20],[-14,-16],[-15,-46],[-25,-27],[-59,-18],[-39,-34],[0,-9],[-13,-16],[-16,-1]],[[55108,61780],[-27,-6],[-29,-23],[-19,-63],[-19,-13],[-62,-23],[-2,-75],[-11,-57],[-40,-34],[50,-43],[10,-20],[62,-45],[-9,-24],[-55,-53],[-29,-6],[-21,-15],[-33,-10],[-82,-39],[-33,11],[-52,3],[-54,-35],[-54,-5],[-53,4],[-22,15],[-25,9],[-22,23],[-26,43]],[[56177,61489],[-7,14],[-53,26],[-22,-5],[-78,-44],[-52,-13],[-28,2],[-29,31],[3,13],[-21,37],[-17,12],[-43,13],[-22,16],[-52,48],[-35,61],[-48,22],[-88,73],[-35,19],[-29,0],[-83,-22],[-54,-55],[-86,-38],[-52,71],[-12,5],[-34,9],[-26,-3],[-57,4],[-9,-5]],[[69288,59579],[-88,50],[-40,2],[-59,19],[-167,24],[-50,14],[-64,5]],[[68820,59693],[-2,16],[-17,9],[-53,-14],[-34,5],[-94,43],[-51,39]],[[54464,59013],[26,25],[11,0],[17,28],[13,9],[-21,31],[13,5],[-3,5],[22,1],[3,34],[10,15],[-8,2],[-4,7],[21,21],[3,9],[-6,7],[10,7],[-1,5],[25,-2],[42,9],[5,-7],[60,8],[-21,36],[18,40],[29,4],[59,37],[87,31],[7,12],[-10,23],[0,51],[-54,57],[24,22],[2,18],[16,24],[0,36]],[[68852,59490],[-30,37],[-40,108],[3,16],[35,42]],[[62765,50999],[14,-16],[14,-6],[25,6],[39,-3],[-8,-50]],[[62849,50930],[-50,-62],[0,-7],[-73,-70]],[[70749,51484],[1,-12],[-19,-20],[-25,-4],[-39,-21],[12,-24],[-11,-29],[-23,-15]],[[70554,51622],[10,-6]],[[59937,50787],[140,2],[4,-38],[14,1],[-4,-18]],[[67520,39518],[-25,3],[-59,-6],[-37,1],[-110,33]],[[59620,48988],[-12,-3],[-28,9],[-38,2],[-58,-26],[1,25],[-35,8],[6,43],[-37,7],[17,20],[-17,6],[0,-8],[-6,-5],[-7,4],[-9,-5],[-20,-26],[-20,8],[-5,-8],[-6,3]],[[59346,49042],[-35,16],[-19,18],[-23,11],[6,7],[-8,7],[4,16],[-5,2],[8,19],[-14,19],[15,18],[-7,5],[3,9],[16,11],[4,-3],[10,14],[-32,18]],[[64285,51259],[-2,-50],[-12,-2],[17,-70],[0,-92],[-48,4],[-10,-12],[-9,4],[-1,-9],[-26,-6]],[[64194,51026],[-32,18],[13,24],[-11,-2],[-6,12],[-89,37],[8,15],[-4,7],[-15,0],[-103,35],[-6,7],[-25,10],[-3,5],[8,11],[-65,48]],[[63864,51253],[29,21],[42,19],[64,42]],[[64253,51526],[12,23],[5,78],[23,37],[16,10],[18,3],[39,-10]],[[63464,52409],[11,-45],[-25,-14],[6,-6],[-3,-6],[13,-6],[12,7],[26,-28],[-10,-6],[-1,-9],[8,0],[20,16],[10,-6],[-1,-22],[56,2]],[[71617,47661],[40,-68],[-88,-51],[12,-12],[-51,-75],[-35,-80],[8,-59],[28,-68],[15,-58],[-27,-44],[-15,-38],[-28,-28],[13,-34],[-5,-6],[0,-12],[12,-5],[7,-17],[58,9],[-5,5],[9,5],[29,6],[12,6],[-1,4],[23,6]],[[71628,47047],[4,-6],[-5,-8],[13,-16],[1,-17],[-22,-63],[-35,-58],[-11,-12],[-28,-11],[-21,-16],[-34,-11],[-12,-15],[-7,-27],[-89,-89],[47,-17],[17,5],[21,-24],[-17,-29],[-4,-46],[-21,-29],[-12,-29],[2,-81],[6,-14],[-23,-40],[-9,-82],[-10,-10],[12,-3],[10,-16],[6,-1],[3,-16],[12,2],[-18,-32],[16,-1],[1,-4],[-11,-49],[-23,1],[-5,-32],[-35,-52],[-54,-54],[-10,6],[-32,-8],[-50,1],[-89,-19],[-25,-16],[-21,-27],[-16,20],[-30,-27],[2,-10],[-14,-6],[-31,-1],[-41,-12],[-64,-44],[-75,-30]],[[65148,46442],[-87,-3],[-99,31],[-47,19],[-114,11],[-21,11]],[[64780,46511],[-44,44],[-12,7],[-18,1],[14,16],[0,49],[-25,30],[-52,35]],[[64643,46693],[38,57]],[[64681,46750],[95,-34],[8,-13],[-5,-24],[5,-12],[44,11]],[[65061,46123],[-19,-19],[-23,-50],[-14,3],[-3,-17],[-17,-4],[-4,-49],[-24,-22],[-11,-27],[14,-8]],[[64681,45926],[-3,25]],[[64713,46205],[98,5],[-2,54],[85,28],[-26,37]],[[64868,46329],[29,10],[55,8],[19,-26],[41,-36],[20,-7],[-1,-4],[15,0]],[[64677,46923],[-38,-36],[-4,-37],[26,-58],[-2,-17],[16,-12],[-2,-8],[8,-5]],[[64643,46693],[-14,2],[-10,-4],[-76,-45],[-29,-34],[0,-26],[-18,-10],[1,-9],[-8,-3]],[[60172,51101],[42,-26],[12,-2],[-2,-38],[5,-1],[-56,-101],[58,-72],[10,-1],[9,-11]],[[60136,51128],[36,-27]],[[60230,51198],[8,-36],[13,1],[1,-42],[-6,-1],[0,8],[-15,1],[0,-11],[-45,6],[-5,-17],[-5,2],[-4,-8]],[[62603,36596],[19,-18]],[[62403,36769],[18,-11],[33,-32],[16,-23],[8,1],[7,-7],[48,-8],[-2,-8],[27,-9],[-3,-8],[7,-9],[-4,-12],[11,-8],[8,3],[5,-8],[8,-3],[5,-16],[9,-5],[-1,-10]],[[62416,36796],[-13,-27]],[[62416,36796],[54,81],[-21,53],[8,27],[10,14],[-2,20],[51,0],[17,11],[12,18],[1,26],[6,0],[7,29],[-65,16],[-18,0],[17,30],[24,-2],[-5,27],[24,3],[1,24],[36,3],[5,6],[12,39],[-25,5],[3,30]],[[67629,37005],[-17,-1],[-11,12],[-38,78],[-29,47],[-30,-18],[-48,-1],[-53,23],[4,6],[-15,6],[1,5],[-58,2],[-41,-9],[-22,34],[-2,-6],[-50,-24],[-29,-6],[-16,-11],[-22,-22],[2,-22],[-59,13],[-64,30],[-72,43]],[[66960,37184],[-22,2],[-2,5],[-38,11],[-26,38],[-20,10],[-18,2],[-19,28],[-94,-38],[-14,-11],[-24,-38],[-29,-26],[-34,-66],[-28,25],[-26,-1],[-13,7],[-24,-4],[-27,-14],[-45,-6],[-15,-23],[-9,-2],[-10,4],[-4,-6],[-25,8],[-13,10],[-6,-5],[-15,6],[-11,-4],[-13,5],[-29,20],[-6,12],[-19,7],[-34,-11],[-26,-1],[-25,4],[-23,11],[-19,0],[-14,-19],[9,-11],[-3,-3],[-12,11]],[[66491,37735],[26,-60],[63,-93],[21,-15],[11,7],[2,-3],[-30,-16],[2,-16],[23,-22],[38,18],[-9,-48],[47,-23],[44,-43],[181,22],[-6,62],[25,26],[16,-3],[29,2],[25,9],[49,37],[19,-1],[19,-14],[19,8]],[[65905,37181],[-29,-11],[-164,-18],[-2,-4],[129,-43],[27,-17],[13,-38],[29,-36],[-4,-22]],[[64623,36461],[5,9],[10,2],[41,62],[-6,13],[15,13],[-7,2],[2,8],[14,13],[0,8],[25,18],[11,56],[31,25],[30,15],[45,12],[29,-2],[2,4],[58,15],[8,-4],[-5,-12],[12,3],[18,-9],[8,5],[6,-2],[43,12],[6,6],[-1,14],[29,25],[14,4],[6,-5],[25,-3],[26,5],[17,16],[43,-3],[26,3],[2,7],[11,2],[14,27],[8,27],[-6,11],[24,9],[10,8],[-1,5],[9,-3],[10,16],[61,-12],[12,24],[31,25],[41,9],[33,20],[52,-29],[60,-23],[14,18],[25,11],[18,24],[100,52],[23,3],[14,-14],[30,-12],[18,-17],[27,-11],[40,14],[15,12]],[[69460,42832],[-2,-42],[-17,-71],[-1,-46]],[[72345,42080],[12,-2],[76,82],[46,39],[-24,18],[-67,74]],[[64652,55058],[-13,-13],[-4,-33],[37,-20],[-17,-34],[21,-10],[-3,-23],[11,-41],[0,-25],[-13,-25],[1,-15],[86,-91],[-9,-5],[-12,0],[-43,-21],[-10,2]],[[74275,43761],[-18,26],[9,10],[-73,37],[-17,27],[8,11],[15,62]],[[74129,43649],[36,45],[14,-13],[56,62],[40,18]],[[73416,44733],[38,-37],[30,-3],[-3,-5],[27,-6],[47,3],[24,-17],[22,-4],[25,-14],[48,-6],[-1,-12],[51,-34],[-10,-9],[49,-40],[31,-17],[-1,-4],[19,-10],[19,-22],[32,5],[28,-2],[19,-8],[34,-26],[78,-24],[50,-27],[29,3],[18,9],[3,-28],[23,-25],[-10,-8],[-2,-9],[-18,-7],[-8,-13],[-4,3],[-7,-15],[-14,-8],[-7,-29],[-8,0],[1,-9],[-8,-6],[0,-20],[-6,-4],[9,-19],[-3,-6],[13,-9],[-4,-15],[9,-14],[-5,-19],[-16,-16],[13,-11],[1,-9],[18,-18],[5,-18],[12,-8],[9,-19],[17,-6],[15,-21],[9,-1],[15,-15],[3,-16],[-5,-15],[12,-24],[10,-4],[11,-16],[-3,-15]],[[64563,55899],[-33,-14],[-15,-13],[-23,-35],[-73,-82],[-62,-81],[12,-43]],[[71957,40456],[-16,36],[-20,85],[-4,36],[6,24],[-15,18],[4,4],[-13,7],[-63,84],[-10,16],[-1,15],[17,30],[273,339],[52,51],[-73,35]],[[71669,40250],[30,-21],[29,-7],[47,4],[19,-10],[23,-3],[22,10],[12,13],[28,75],[-21,72],[35,36],[64,37]],[[63706,55210],[-45,-16],[-45,-4],[-37,-14],[-3,6],[-11,-3],[-25,29],[-20,-13]],[[68639,40331],[-91,-21],[-4,-6],[-10,5],[-54,5],[-45,-12]],[[70076,44213],[-20,-35]],[[69981,43923],[11,42]],[[61314,47211],[-20,-11],[-3,-7],[-17,-99],[2,-74],[29,-82],[-15,-16],[5,-12],[-21,-42],[0,-51],[-23,-45],[5,-59],[-7,-14],[-9,-5],[4,-5],[86,-30],[-7,-13],[6,-5],[-7,-6],[5,-5],[-9,-8],[6,-12],[6,-4],[24,5],[5,-10],[20,-16],[6,-12],[24,-9],[6,3],[40,-3],[62,-74],[32,0],[9,11],[16,-20],[-5,-9],[7,-6],[17,15],[25,-51],[41,-4],[2,-5],[46,-11],[2,7],[18,3],[51,-6]],[[60467,46522],[-32,62],[-40,39],[-8,18],[1,31],[-16,23],[-83,77],[-15,37],[50,51],[33,11],[62,9],[33,21],[80,57],[15,31],[-82,39],[18,38],[-75,-14],[-51,11],[-25,23],[-27,8],[-30,22],[-21,25],[-16,6],[-23,-1],[-22,8],[-4,6]],[[60189,47160],[77,36],[25,33],[46,31],[37,34],[22,12],[45,-115],[48,6],[24,-36],[4,-18],[100,-1],[1,-16],[24,2],[5,-6],[-5,-33],[137,-15],[15,30],[34,12],[2,10],[6,7],[8,-1],[37,45],[1,14],[-6,2],[-5,13],[4,16],[-13,10],[-8,-5],[7,32],[33,31],[18,4],[4,10],[12,1],[27,19],[10,12],[1,19]],[[67623,44532],[-30,6],[-10,-9],[1,24],[64,83],[32,15],[-13,10],[-26,8],[-8,9],[-13,27],[3,11],[-24,0],[1,-11],[-8,-8],[-6,11],[-7,-2],[-2,16],[-5,-5],[-11,5],[-5,-4],[1,13],[-8,1],[0,7],[-21,1],[-2,4],[-19,0],[-1,-4],[-28,10],[3,6],[-29,19],[-23,5],[-3,-6],[-3,10],[-11,-8],[-18,7],[-13,30],[-32,-14],[-45,41],[-8,-1],[-1,-10],[-14,1],[2,5],[-10,9],[3,6],[-13,0],[-5,8],[11,10],[-7,19],[-16,-6],[-4,6],[8,8],[-10,1],[-7,6],[1,6],[15,-7],[-13,12],[8,9],[-14,4],[5,11],[-19,16],[9,6],[1,15],[-6,-3],[-9,15],[8,14],[-2,19],[7,4],[-6,4],[7,9],[10,0],[1,11],[13,0],[-1,18],[-6,6],[-10,0],[1,9],[-7,-1],[-2,5],[-10,2],[3,10],[-14,-2],[4,12],[-12,-2],[-2,11],[11,3],[-10,5],[9,5],[-4,8],[3,7],[-4,7],[-7,-1],[-4,5],[7,3],[-7,13],[5,13],[-9,0],[8,18],[1,15],[-17,6],[9,2],[-3,9],[-9,-7],[-8,2],[5,6],[-40,18],[-4,7],[3,8],[-5,5],[-3,-7],[-11,7],[4,3],[-7,16],[-18,14],[2,7],[21,5],[-1,8],[10,3],[-6,4],[0,14],[13,3],[-2,5],[7,15],[11,2],[4,8],[8,-3],[4,14],[10,-2],[19,10],[5,12],[-12,17],[-2,14],[-114,64],[0,15],[-20,25],[-15,47],[-12,20],[-20,18],[-26,9],[-29,17],[-7,-19],[-136,-65],[-21,-26],[-6,-18]],[[66189,46159],[3,11],[17,3],[2,12],[19,-1],[1,7],[34,9],[19,10],[70,42],[60,49],[24,-24],[39,-27],[28,-6],[17,7],[14,-14],[41,33],[45,15],[22,28],[13,8],[-20,22],[-2,16],[-27,23],[18,22],[12,36],[25,30],[27,51],[29,22],[2,15]],[[63368,49008],[54,28],[26,24]],[[70664,41041],[-24,-11],[-28,2],[-26,-21],[2,-8],[-5,-9],[-51,-41],[-31,-39],[-21,-45],[-28,-12],[-4,-8],[-35,-5],[-25,3],[-27,-3],[-9,4],[-3,8],[-25,5],[-9,10],[-20,-3],[-40,-13],[-23,-18],[-41,-5],[-45,-12],[-4,-39],[-4,-9],[-6,1]],[[70283,39188],[-6,46],[88,175],[36,33],[60,86],[15,34],[46,61],[61,42],[77,66],[-16,11],[-12,17],[-38,75]],[[69827,39130],[47,29],[65,17],[27,16],[91,10],[25,8],[41,-10],[15,7],[58,-6],[23,5],[64,-18]],[[82293,55506],[12,-16],[117,8],[98,-1],[5,5],[86,-71],[9,-20],[-29,-11],[-16,7],[-13,-21],[84,-28],[0,-5],[-45,-113],[-5,3],[-24,-39]],[[82107,55544],[8,0],[6,34],[32,-1],[1,12],[6,4],[34,-17],[17,12],[12,22],[13,-51],[29,-55],[28,2]],[[82697,56230],[31,-81],[0,-16],[14,-19],[2,-34],[14,-43],[24,-60],[15,-22],[-8,-3],[0,-53],[7,-46],[-13,-34],[-5,-91],[-18,-112]],[[82760,55616],[-19,13],[-13,21],[-21,12],[9,7],[-5,5],[-45,12],[-27,14],[-23,2],[-12,11],[-19,5],[-5,17],[-54,19],[-12,-19],[-24,8],[-6,-17],[-11,2],[-13,-31],[0,-4],[13,-3],[-8,-14],[-29,3],[-21,-33],[-59,8],[-1,-3],[-24,13],[-18,-22],[-7,1],[-11,-37],[15,-6],[2,-9],[12,11],[6,-2],[-16,-30],[-35,-26],[3,-15],[12,-13],[-1,-10]],[[79901,54803],[-164,-51],[-16,116],[-184,-17],[13,-91],[-183,3],[11,42],[-406,13],[-16,-13],[-77,-32],[-7,44],[-64,19],[-22,35],[-168,81],[-11,-11],[-20,-1],[-28,-23],[-31,-68],[-5,0],[-67,-107],[3,-13],[-7,-28]],[[78082,52413],[-22,-79]],[[78087,52415],[45,-59],[26,-23],[-7,-28],[28,-29],[-6,-15],[-38,-29],[-4,-18],[6,-44],[-6,-6],[29,-8]],[[60189,47160],[-18,11],[-10,31],[6,3],[-7,10],[5,4],[-13,13],[6,5],[-3,5],[-15,7],[0,12],[-13,3],[-19,23],[-21,6],[-1,11],[-8,-1],[-15,-22],[-6,1],[-19,-17],[-23,-8],[-118,-66],[-118,-50],[-114,-37],[-1,4],[-24,-3],[3,30],[-63,-15],[-97,13]],[[59020,47466],[63,-36],[37,-45],[25,-47],[22,-18],[9,-3],[80,23],[5,-17],[10,16],[32,-35],[-33,-14],[-15,-16],[53,-24],[74,-52],[64,-31],[24,-17],[13,-17]],[[58923,47688],[7,0],[74,-40],[14,-34],[22,-9],[21,-17],[-10,-4],[-19,-25],[2,-35],[-14,-58]],[[60082,45401],[241,-97]],[[59813,45558],[2,4],[19,-8],[18,-29],[0,-9],[-16,-12],[246,-103]],[[59813,45558],[-15,5],[-9,21],[0,22],[17,1],[-7,16],[0,23],[-5,4],[11,6],[-4,9],[6,4],[-5,15],[-21,18],[2,6],[-9,0],[-12,10],[-29,1],[-11,18],[10,5],[-4,17],[-37,24],[-7,13],[-10,2],[-17,17],[0,8],[-63,-2],[-18,4],[-25,15],[-5,14],[-11,9]],[[59289,46380],[8,-34],[30,-11],[13,0],[4,5],[23,-8],[7,-46],[51,-32],[25,-7],[2,-21],[-34,-71],[0,-133],[-45,-88],[33,0],[13,-8],[-1,-14],[9,-13],[32,-8],[13,3],[23,-13],[5,2],[4,-8],[9,5],[22,-17]],[[59483,47133],[-5,-9],[74,-132],[-15,-52],[60,-39],[-28,-35],[-3,-17],[8,-18],[18,-21],[0,-10],[-18,-33],[-7,-26],[-26,-31],[-45,-20],[-32,-5],[-34,-43],[-36,-17],[-82,-16],[-64,-3],[-5,-16],[4,-19],[55,-28],[24,-19],[-16,-15],[-7,-18],[5,-56],[-19,-55]],[[64726,52448],[-11,-1],[-28,21],[-64,23]],[[64526,52616],[10,-3],[-3,-6],[44,-17],[12,0],[1,5],[41,1],[7,-6],[22,9],[-2,6],[13,3],[2,-5],[39,8],[0,6],[93,21],[32,1]],[[65338,55535],[-66,-58],[-26,-43],[-10,-43],[-102,-29],[-100,-37],[-164,-19]],[[63993,53038],[-11,39],[8,18],[36,31],[9,16],[-2,37],[18,51],[3,51],[11,37],[-3,32]],[[64062,53350],[4,9],[27,19],[31,71],[24,18],[80,16],[90,35],[68,-11],[53,-21],[27,-24],[19,-29],[15,-42],[14,-87],[35,-44],[5,-61],[38,-78],[24,-16]],[[63543,51378],[-76,-38],[-62,-40],[-24,-32],[-36,-72]],[[64279,58334],[131,84]],[[66587,57728],[36,80],[19,84],[-3,25],[-32,38]],[[67060,59174],[15,-15],[0,-60],[19,-14],[-9,-42],[8,-7],[21,-1],[10,-12],[-13,-47],[8,-13],[-10,-18],[-2,-24],[-16,-10],[0,-12],[-12,-17],[5,-7],[-3,-13],[13,-13],[1,-21],[-29,-53],[-17,-15],[108,-14],[0,-29],[-8,-3],[-14,13],[-4,-11],[-13,-10],[-33,18],[-31,-12],[-23,17],[-33,-25],[-23,2],[-18,-4],[-11,-10],[-19,-41],[-36,-35],[-51,5],[-48,29],[-15,-6],[-23,7],[-9,-18],[-19,-18],[6,-22],[-40,-15],[-19,-15],[-8,-16],[5,-7],[-3,-9],[9,-7],[20,-4],[-6,-21],[7,-10]],[[63692,54328],[139,-13]],[[63869,54283],[-25,-3],[-58,-27],[0,-28],[-26,-19],[-8,-19],[-42,-8],[-59,-26],[-33,3],[-19,-6],[-46,0],[-29,-12],[-63,-50]],[[63461,54088],[-54,1],[-38,47],[-71,44],[-18,-29],[-14,9],[-1,28],[-19,-1],[-33,21],[-6,14],[-59,8],[-10,-7],[-13,2],[-33,40],[-48,18],[-41,-14],[-31,-32],[-26,-5],[-15,-12],[-82,-16],[-36,-31],[-83,-11],[-13,-16],[-49,-22],[-48,-42]],[[63961,53538],[17,6],[21,-3],[8,-10],[4,-76],[36,-59],[15,-46]],[[62896,50963],[-26,-10],[-18,-25],[-3,2]],[[71176,50859],[57,-29],[56,-56],[25,-33],[2,-13],[6,-1],[-1,-40]],[[56160,50756],[9,-6],[53,1],[33,-9],[28,7],[19,-10],[-4,-20],[15,-1],[85,40],[14,15],[1,31],[19,7],[84,-38],[10,-12],[14,-42],[17,-7],[36,-4],[15,13],[1,13],[15,23],[23,17],[15,-3],[28,-23],[37,24],[23,-27],[-1,-8],[-10,-8],[0,-12],[24,-22],[14,-5],[30,0],[23,-16],[50,9],[75,-22],[31,-35],[24,-10],[30,-5],[11,-9],[2,-17],[-21,-28],[5,-15],[-5,-23],[20,2],[37,28],[19,-10],[4,-13],[-4,-9]],[[56046,50833],[2,-11],[36,9],[23,-5],[5,-8],[-10,-33],[20,-10],[10,1],[28,34],[12,3],[7,-4],[3,-13],[-22,-40]],[[55909,51165],[19,-11],[19,-25],[13,-2],[20,7],[27,-20],[-3,-31],[4,-8],[11,-3],[15,11],[6,-3],[11,-51],[31,-43],[1,-4],[-9,-6],[-30,2],[-14,-10],[3,-16],[16,-20],[-16,-8],[-15,-26],[6,-7],[19,0],[6,-6],[-4,-8],[-13,-9],[24,-15],[0,-8],[-10,-12]],[[55850,51324],[0,-8],[17,-4],[5,-10],[-8,-16],[-2,-24],[54,7],[12,-7],[3,-26],[-6,-13],[-10,-4],[-37,4],[-11,-12],[0,-16],[8,-3],[19,2],[0,-10],[15,-19]],[[55801,51577],[-14,-14],[-2,-13],[2,-11],[17,-9],[-1,-17],[-5,-7],[-17,1],[-13,-6],[0,-7],[13,-21],[-1,-24],[-21,-7],[-2,-5],[10,-12],[2,-31],[12,-14],[35,5],[22,13],[30,-15],[-9,-23],[1,-26],[-10,-10]],[[55801,51577],[11,3],[24,-15],[7,2],[8,21],[-19,6],[-4,9],[2,13],[16,27],[27,4],[7,16],[16,9],[26,37],[15,6],[9,-8],[10,5],[10,28],[18,3],[30,-14],[30,9],[9,31],[-6,9],[-31,-20],[-12,3],[-1,13],[10,31],[39,12],[31,-7],[2,21],[12,16]],[[56097,51847],[17,-32],[1,5],[18,7],[46,-38],[44,-16],[-3,-52],[-7,-10],[-36,-24],[-3,-21],[22,-22],[37,-13],[0,-9],[-15,-27],[-63,-29],[31,-18],[19,-4],[13,-13],[29,-11],[26,-22],[19,-4],[-5,-12],[4,-3],[-2,-15],[12,-6],[3,-17],[7,0],[4,-14],[6,2],[-1,-21],[11,-10],[7,-24],[-1,-10],[3,-13],[-2,-12],[8,-22],[-5,-5],[19,-27],[2,-13],[9,-4],[-3,-9],[10,-8],[-5,-37],[3,-29],[8,-17],[-11,-7],[0,-10],[5,-4],[-7,-6],[3,-5],[-12,-9],[0,-11],[-6,1],[-12,-11],[7,-7],[-7,0],[1,-7],[-12,-7],[1,-12],[53,-11],[61,14],[30,-6],[2,-10],[63,-14],[4,21],[32,-5],[1,4],[-26,8],[17,94],[-6,26],[10,4],[-8,21],[7,33],[30,55],[-25,18],[1,38],[-42,79],[89,29],[3,-5],[12,13],[69,-20],[22,29],[2,10],[36,-6],[-4,-14],[34,-11],[-4,-9],[14,-9],[-4,-9],[5,-12],[44,-8],[17,-15],[6,-29],[9,-8],[20,-11],[27,-4],[-1,-25],[27,-2],[46,-21],[37,-6],[13,-11],[-11,-21],[1,-8],[15,1],[10,-6]],[[61054,57480],[9,-9],[-13,-22],[26,2],[-5,-39],[-19,-2],[2,-70],[9,0],[5,-19],[32,-2],[13,-6],[-15,-15],[8,-9],[11,1],[20,-14],[-14,-11],[3,-7],[19,6],[0,-21],[21,-1],[1,-14],[51,-15]],[[60607,57433],[14,51],[19,13],[22,-33],[10,-7],[35,10],[45,20],[10,-5],[39,-2],[24,-11],[36,-31],[4,7],[32,4],[47,17],[110,14]],[[71176,56849],[280,-147],[1,-37]],[[70840,56385],[-54,37],[-37,35],[-16,5],[14,16],[-15,9],[-8,34],[-31,21],[-23,25],[6,19],[-8,25],[3,38],[-27,35],[-8,6],[-37,-6],[-44,1],[-53,16],[-34,-2],[-13,4],[8,39],[13,26],[-15,34]],[[61054,57480],[1,13],[20,-1],[31,25],[12,23],[30,23],[11,-14],[59,-1],[23,-8],[60,-49],[15,-30],[31,6],[-3,9],[39,16],[2,6],[-8,13],[61,43],[5,-11],[52,-6],[7,14],[-10,49],[13,41],[-4,25],[8,6],[0,13],[64,10],[-1,19],[45,4],[1,37]],[[69706,55027],[-22,35],[-18,52],[-29,38],[-2,66],[-11,26],[0,37],[-14,53],[88,257],[-33,76],[1,36],[6,4],[-95,20],[-46,-4],[-7,31],[-91,-13],[-177,29],[-146,9],[19,70],[5,42],[103,-1],[138,173],[145,207],[76,-19],[8,8],[18,-5],[-3,-7],[27,-1],[68,-29],[70,79],[9,-1],[130,134],[131,-4],[3,-6],[132,-33],[-4,9],[15,37],[3,37],[19,20],[2,11],[19,25],[5,24],[-3,12],[13,8],[1,13],[13,11],[2,20],[29,38],[2,32],[-10,20],[1,39],[6,15]],[[63526,56841],[-14,3],[-31,-8],[-19,-11],[-36,-1],[-36,-28],[-16,9],[-14,1],[-28,-9],[-2,3],[-87,-8],[-68,10],[-55,-7],[-160,0],[0,5],[-34,0],[-42,8],[24,82]],[[71895,56606],[-49,-21],[-8,-30],[-36,-84]],[[68899,56033],[5,-4],[-14,-36],[5,-49],[-23,-12],[-54,7],[-21,-3],[-15,-9],[-27,-64],[2,-12],[22,-31],[0,-13],[-7,-8],[-34,-11],[-15,-16],[3,-13],[26,-18],[55,-7],[27,-10],[11,-14],[7,-27],[4,-1]],[[68856,55682],[-16,-39],[-1,-22],[20,-30],[3,-14],[-6,-11],[-19,-14],[-18,-6],[-13,3],[-14,13],[-16,31],[-22,8],[-49,0],[-37,-22],[-3,-28],[27,-28],[8,-20],[-33,-72]],[[68772,55787],[22,15],[-2,18],[-22,47],[20,50],[12,9],[16,2],[57,-9],[16,4],[16,16]],[[68907,55939],[25,-15],[7,-19],[13,-12],[-1,-13],[-10,-18],[-47,-13],[-18,1],[-16,-10],[-25,8],[-17,-23],[-6,-15],[2,-15],[-8,-11],[-29,-6],[-5,9]],[[68856,55682],[5,10],[-1,14],[-24,30],[-18,6],[-58,5],[-20,14],[-4,12],[4,5],[32,9]],[[68907,55939],[10,3],[-7,4],[-7,34],[7,35],[51,67],[-2,18],[-34,35],[-3,19],[7,14],[37,24],[10,13],[0,18],[-21,23],[-17,53],[38,36],[1,9],[-22,22],[-1,16],[3,21],[4,-2],[-71,88],[-9,31],[4,32],[17,51],[44,71],[-5,35],[12,35],[-12,64],[0,27],[18,41]],[[60761,57647],[5,3],[-7,7],[24,20],[-12,52],[-17,32],[25,73]],[[60828,57914],[8,-2],[36,9],[31,1],[64,-10],[23,3],[15,11],[49,-3],[66,-27],[15,-18],[1,-24],[27,-21],[24,-30],[68,-26],[127,-32],[60,10],[45,24],[34,-8],[42,0]],[[61502,58357],[-29,23],[1,4]],[[61520,58070],[-20,-3],[-2,7],[-5,-3],[-7,9],[-17,6],[-8,-4],[-26,70],[20,57],[-10,37],[11,46],[-5,11],[24,26],[10,22],[9,-7],[8,13]],[[60583,58249],[18,-20],[27,-14],[18,-2],[3,-20],[15,-3],[10,-11],[-19,-14],[8,-27]],[[60823,58399],[-11,-2],[-95,-95],[-39,-15],[-72,0],[39,-22],[-10,-12],[-10,1],[-20,16],[-22,-21]],[[61474,58384],[-7,-8],[-16,0],[-191,57],[-15,12],[10,13],[-24,18],[-28,1],[-17,-15],[4,-2],[-12,-23],[6,-14],[-16,-14],[-8,6],[-19,-22],[-58,-41],[-4,8],[-14,0],[-10,5],[-4,10],[-53,4],[-71,25],[-4,-4],[-34,0],[-51,-18],[-15,17]],[[60508,58059],[-21,1],[-59,22]],[[54019,58943],[13,70],[-8,22],[4,10],[-21,63],[6,41],[-20,64],[-42,76],[-9,4]],[[54098,59708],[-20,-34],[8,-21],[-9,-46],[-14,-24],[-13,-52],[-14,-19],[-54,-119],[-33,-46],[-9,-23],[2,-31]],[[53624,58952],[-37,-42],[24,-22],[5,-12],[21,8],[17,-27],[18,-14],[14,-1],[13,7],[17,23],[1,14],[20,7],[20,-12],[34,-8],[13,-35],[9,-11],[18,-4],[28,-16],[17,16],[18,-10],[-21,-63],[-3,-27],[6,-23],[18,0],[11,-5]],[[53624,58952],[8,-2],[22,10],[-27,37],[-36,36],[0,8],[38,-6],[32,-21],[22,-5],[27,9],[9,7],[-1,6],[23,2],[-6,15]],[[53942,59293],[5,-71],[-103,-37],[-25,-59],[-23,15],[-33,-15],[13,-7],[19,-39],[-47,-4],[4,-25],[-17,-3]],[[74016,47010],[-13,2],[-21,-7],[-9,4],[-13,-1],[-4,-7],[-29,-11],[-3,-17],[-10,8],[-24,-17],[-10,3],[2,-8],[-8,2],[-7,12],[-7,-1],[-3,-13],[-10,-3],[-8,-21],[-20,8],[-18,-9],[-27,8],[-24,-12],[-2,-16],[-17,10],[-37,-18],[-24,1],[-5,-5],[-21,6],[-31,-12],[-3,-13],[-30,-25],[0,-6],[-9,-3],[-10,-16],[-14,-1],[-27,-14],[-15,-2],[-14,-9],[-24,1],[-33,-6],[-34,10],[-43,-14],[-5,-6],[3,-5],[-8,-2],[-27,5],[-14,-3],[-30,20],[-5,-8],[-6,4],[-10,-4],[-4,16],[-15,4],[-8,-3],[-12,8],[-25,-1],[-22,-12],[-39,32],[-10,2],[-3,-8],[-13,-1],[-35,27],[-7,15],[-19,0],[-11,7],[-51,7],[-9,-4],[-10,3],[-18,18]],[[72808,47160],[26,1],[0,8],[40,14],[25,38],[35,21],[24,23],[36,56],[62,31],[33,41],[56,13]],[[57793,50446],[25,-9],[8,-9],[-1,-10],[13,-5],[17,-3],[27,8],[40,-22],[59,-6]],[[71628,47047],[14,10],[-4,5],[21,-4],[6,11],[11,-14],[13,13],[14,-6],[11,17],[-12,35],[-22,12],[-1,7],[-16,11],[-2,11],[-9,7],[5,7],[6,-1],[7,15],[5,-6],[10,3],[-4,4],[15,11],[20,-10],[13,-19],[31,-1],[24,9],[7,11],[12,1],[30,27],[34,15],[17,-4],[16,-46],[37,-13],[7,-12],[9,0],[6,10],[18,5],[8,21],[18,8],[10,-11],[21,2],[14,-8],[18,-25],[-5,-8],[9,-10],[0,-11],[26,-11],[10,3]],[[64279,45851],[1,6],[11,0],[13,17],[3,54],[31,-5],[77,-1],[81,24]],[[67800,36585],[-6,27],[16,26],[-1,7]],[[67800,36585],[-10,-8],[-13,-40],[14,-19],[-16,-13],[3,-6],[-10,-2],[-26,-24],[-3,-18],[-12,-25],[6,-5],[-11,-15],[-26,-11],[-6,-8],[-35,-7],[-49,31],[-25,24],[-10,1],[-9,-7],[-7,-22],[-28,-19],[-26,-9],[-18,-16],[-13,4],[-17,-19],[-7,-23],[-44,-22],[-9,-23],[-17,-19],[-28,17],[-43,47],[-4,27],[-24,50],[-104,97],[-20,11],[-37,57],[-11,48],[-25,15],[-2,10],[7,22],[-6,12],[1,49],[-6,2],[7,13],[-21,44],[0,31],[-20,18],[-27,48],[-11,4],[-16,51],[51,24],[-48,4],[-20,-12],[-29,35],[14,13],[-19,26],[20,14],[14,-1],[-27,15],[-3,9],[-32,21],[-2,53],[55,45]],[[62821,49079],[38,-13],[35,3],[1,6],[8,-9],[1,5],[13,-5],[16,7],[4,-6],[8,10],[11,-1],[5,-8],[73,-11]],[[70460,40420],[32,13],[51,36],[85,21],[28,0],[27,-8],[49,-32],[55,56],[-1,25],[85,35],[110,27],[6,6],[-1,10]],[[79813,60837],[-13,3],[-9,6]],[[79726,60858],[-21,12]],[[79769,60929],[-6,-9],[7,-10],[-5,-20],[7,19],[-6,11],[9,4],[10,-17],[23,-10],[21,-23],[10,-5],[16,0],[-1,-11],[8,16],[15,-10],[-14,12],[-8,-6],[-16,1],[-19,14],[-11,16],[-20,8],[-14,22],[12,-5],[28,-1],[-17,5],[-11,-2],[-14,6]],[[79791,60951],[2,2]],[[79795,60955],[29,-17],[0,-18],[10,-3],[9,3],[13,-5],[7,-15],[-4,15],[-17,7],[-6,-4],[-11,4],[1,14],[24,-9],[80,-66],[5,1],[-82,65],[-57,29],[27,-11],[9,0],[-31,16]],[[79808,60967],[58,-5],[-36,6],[-4,8],[9,4],[-7,5],[16,6],[-4,4],[13,11],[30,5],[-2,5],[10,4],[0,25]],[[79972,61122],[18,-2],[-2,8],[30,-15],[29,-7],[40,-21],[3,-8],[19,-9],[9,-11],[-6,-7],[-47,26],[9,-15],[-10,-6],[17,-14],[-4,-12],[-34,1],[-4,-49],[-3,-3],[-16,5],[-9,-6],[-2,-17],[15,-37],[5,-5],[17,0],[-2,-6],[-20,-2],[-11,-10],[9,-25],[52,-18],[56,-6],[30,-15],[-15,2],[10,-5],[37,-6],[16,4],[16,45],[32,33],[5,20],[-28,62],[-21,20],[28,13],[13,11],[83,-66],[11,-13],[-17,13],[8,-14],[40,-39],[46,-60],[26,-22],[-10,0],[33,-41],[32,-48],[-1,-5],[-14,3],[-23,28],[-9,-3],[-26,25],[-48,27],[-14,2],[-9,-10],[13,-32],[12,-11],[48,-77],[54,-45],[14,-5],[28,3],[15,11],[-4,15],[13,-9],[9,-14],[-10,1],[-2,-5],[13,-5],[12,-20],[1,7],[7,-1],[3,-18],[46,-64],[-31,24],[-27,13],[-11,0],[26,-22],[32,-12],[0,-8],[10,-10],[-11,-2],[26,-11],[3,-8],[9,-5],[9,-13],[-6,-6],[12,-1],[20,-31],[-5,2],[1,-9],[22,-33],[3,-13],[-10,-1],[-34,29],[-24,11],[-2,-2],[9,-28],[27,-34],[2,-7],[-11,-7],[3,-24],[25,-18],[19,12],[1,-6],[8,-1],[-13,-8],[7,-10],[19,11],[-3,-20],[18,8],[10,-3],[10,5],[14,-22],[-1,-4],[-16,2],[9,-14],[-10,-13],[-24,18],[-34,6],[-19,-23],[12,-56]],[[80805,60253],[0,0]],[[80792,60277],[9,-12],[-9,7],[0,5]],[[81429,58985],[33,-46],[24,-50],[0,-16],[9,-1],[32,-71],[40,-65],[64,-138],[38,-67]],[[76053,53895],[-18,93],[-15,41],[41,66],[-3,12],[-16,28],[-38,26],[-19,7],[-43,2],[-26,9],[-88,54],[-31,76],[-28,35],[2,26],[-15,46],[-4,35],[21,41],[-38,32],[-31,39],[-2,37],[19,19],[2,13],[-6,18],[-31,27],[-4,48]],[[78291,52194],[-2,-7],[-20,2],[1,-4],[-45,-2],[-52,-21],[-16,3],[-12,9],[-7,26],[2,26],[38,33],[7,16],[-7,11],[-20,16],[-2,12],[8,16],[-10,13]],[[78846,51492],[-6,-15],[12,-5],[-9,-11],[-7,-1],[20,-19]],[[78859,51406],[-30,3],[-17,-5],[46,-2]],[[63439,53643],[-10,61],[-29,65],[16,54],[3,48],[21,43],[8,74],[12,34],[1,66]],[[63864,51253],[-52,-42],[-18,-8],[-81,50],[-32,4],[-27,-7]],[[63654,51250],[-11,19],[9,12],[-87,101]],[[63654,51250],[-19,-13],[-16,-22],[-5,-73],[-8,-20],[6,-4]],[[68697,60383],[-42,-37],[-46,-85],[-58,-72],[-27,-10],[-8,9],[2,-10],[-76,-16],[-18,-11],[-10,-21],[13,-54]],[[67251,60466],[17,10],[27,-7],[32,10],[115,0],[49,14],[81,-1],[44,5],[154,-11],[23,81],[653,-113],[60,-18],[99,-22],[92,-31]],[[73267,50488],[3,-22],[-52,-9],[-75,-22],[-29,-1],[2,-39],[-6,-1],[15,-74],[-10,-21],[4,-47],[-15,-5],[7,-29],[-4,-16],[-25,-52],[-21,-30],[-6,-22]],[[56129,52347],[-27,-37],[0,-23],[-16,-15],[-7,-28],[9,-50],[24,-33],[-9,-15],[-1,-26],[32,-28],[2,-8],[-11,-24],[-15,11],[-10,-2],[-8,-29],[0,-22],[-17,-14],[-11,-22],[-37,-15],[4,-16],[23,-29],[19,-12],[23,-46],[1,-17]],[[56488,52475],[-18,7],[-7,14],[-47,-16],[-25,2],[0,-15],[25,-13],[13,-13],[-20,-29],[-45,-19],[-102,-13],[-73,-16],[-28,4],[-15,-6],[-17,-15]],[[80864,49862],[32,-10],[18,5],[27,-8],[13,5],[67,-4],[7,-10],[-4,-6],[22,2],[-9,-8],[12,0],[-4,-12],[19,3],[-8,-16],[11,-9],[-11,-9],[6,-7],[10,-5],[2,-20],[-8,-17],[-21,-2],[-35,-34],[-6,1],[6,-11]],[[80736,48646],[-153,-255],[-22,-15],[1,-4],[11,1],[-30,-50]],[[79538,48078],[32,27],[36,54],[52,32],[24,1],[22,-9],[29,10],[75,-12],[32,4],[5,23],[15,16],[18,7],[35,2],[115,94],[23,-1],[25,15],[58,-6],[21,5],[14,9],[38,4],[5,-16],[42,7],[9,-14],[31,2],[20,-10],[178,21],[38,8],[0,-15],[13,-13]],[[77741,47245],[160,-83]],[[64868,46329],[-30,51],[-41,49],[-58,49],[41,33]],[[82760,55616],[-5,-32],[5,-16],[-9,-16],[5,-8],[-7,-8],[4,-15],[-4,0],[-7,-56],[2,-81],[-5,-4],[0,44],[-6,-3],[4,-18],[-7,-6],[2,-17],[-12,-62],[3,-99],[9,-63]],[[82723,55036],[-2,-56],[-45,-135],[-11,-5],[1,13],[-10,-9],[-14,0],[-1,-4],[10,-3],[-15,-69]],[[64526,51133],[71,-10],[110,-44],[47,-12]],[[64066,50859],[9,9],[14,2],[17,35],[-4,8],[23,20],[13,25],[-3,10],[13,6],[-2,16],[19,18],[20,5],[9,13]],[[62295,58203],[-8,31],[-17,-8],[-4,4],[-9,-4],[1,29]],[[62258,58255],[-36,5],[-8,-2],[-6,-22],[8,-6],[0,-9],[-52,-55],[-5,-10],[7,-8],[-1,-6],[-27,-18],[0,-11],[-25,-40],[0,-23],[-13,-12],[-32,-6]],[[59095,48851],[-7,34],[158,33],[1,15],[13,10],[-1,9],[29,8],[-19,37],[14,8],[35,4],[3,3],[-11,7],[24,17],[7,-2],[5,8]],[[58778,49101],[-23,-28],[12,-9],[-10,-15],[-7,4],[-9,-7]]],"bbox":[-6.41812903411196,49.86474406052,1.76294149629354,55.8110548763952],"transform":{"scale":[0.00008181152341928919,0.0000594637027957799],"translate":[-6.41812903411196,49.86474406052]}}