Model-based estimates of unemployment for local authorities1,,,,,,,,,,,,,,,,,,,,,,,,,,,,,,,,,,,,,,,,,,,,,,,,,,,,,,,,,,,,,,,,,,,,,,,,,,,,,,,,,,,,,,,,,,,,,,,,,,,,,,,,,,,,,,,,,,,,,,,,,,,,,,,,,,,,,,,,,,,,,,,,,,,,,,,,,,,,,,,,,,,,,,,,,,,,,,,,,,,,,,,,,,,,,,,,,,,,,,,,,,,,,,,,,,,,,,,,,,,,,,,,,,,,,,,,
,,,,,,,,,,,,,,,,,,,,,,,,,,,,,,,,,,,,,,,,,,,,,,,,,,,,,,,,,,,,,,,,,,,,,,,,,,,,,,,,,,,,,,,,,,,,,,,,,,,,,,,,,,,,,,,,,,,,,,,,,,,,,,,,,,,,,,,,,,,,,,,,,,,,,,,,,,,,,,,,,,,,,,,,,,,,,,,,,,,,,,,,,,,,,,,,,,,,,,,,,,,,,,,,,,,,,,,,,,,,,,,,,,,,,,,,
UALAD,,,1996/97,,,1997/98,,,1998/99,,,1999/2000,,,2000/01,,,2001/02,,,2002/03,,,2003/04,,,Jan 2004 to Dec 2004,,,Apr 2004 to Mar 2005 ,,,Jul 2004 to Jun 2005 ,,,Oct 2004 to Sep 2005 ,,,Jan 2005 to Dec 2005 ,,,Apr 2005 to Mar 2006 ,,,Jul 2005 to Jun 2006 ,,,Oct 2005 to Sep 2006 ,,,Jan 2006 to Dec 2006 ,,,Apr 2006 to Mar 2007 ,,,Jul 2006 to Jun 2007 ,,,Oct 2006 to Sep 2007 ,,,Jan 2007 to Dec 2007,,,Apr 2007 to Mar 2008,,,Jul 2007 to Jun 2008,,,Oct 2007 to Sep 2008,,,Jan 2008 to Dec 2008,,,Apr 2008 to Mar 2009,,,Jul 2008 to Jun 2009,,,Oct 2008 to Sep 2009,,,Jan 2009 to Dec 2009,,,Apr 2009 to Mar 2010,,,Jul 2009 to Jun 2010,,,Oct 2009 to Sep 2010,,,Jan 2010 to Dec 2010,,,Apr 2010 to Mar 2011,,,Jul 2010 to Jun 2011,,,Oct 2010 to Sep 2011,,,Jan 2011 to Dec 2011,,,Apr 2011 to Mar 2012,,,Jul 2011 to Jun 2012,,,Oct 2011 to Sep 2012,,,Jan 2012 to Dec 2012,,,Apr 2012 to Mar 2013,,,Jul 2012 to Jun 2013,,,Oct 2012 to Sep 2013,,,Jan 2013 to Dec 2013,,,Apr 2013 to Mar 2014,,,Jul 2013 to Jun 2014,,,Oct 2013 to Sep 2014,,,Jan 2014 to Dec 2014,,,Apr 2014 to Mar 2015,,,Jul 2014 to Jun 2015,,,Oct 2014 to Sep 2015,,,Jan 2015 to Dec 2015,,,Apr 2015 to Mar 2016,,,Jul 2015 to Jun 2016,,,Oct 2015 to Sep 2016 ,,,Jan 2016 to Dec 2016 ,,,Apr 2016 to March 2017 ,,,Jul 2016 to Jun 2017,,,Oct 2016 to Sep 2017 ,,,Jan 2017 to Dec 2017 ,,,Apr 2017 to Mar 2018 ,,,Jul 2017 to Jun 2018 ,,,Oct 2017 to Sep 2018 ,,,Jan 2018 to Dec 2018,,,Apr 2018 to Mar 2019,,,Jul 2018 to Jun 2019,,,Oct 2018 to Sep 2019,,,Jan 2019 to Dec 2019,,,Apr 2019 to Mar 2020 ,,,Jul 2019 to Jun 2020 ,,,Oct 2019 to Sep 2020 ,,,Jan 2020 to Dec 2020 ,,,Apr 2020 to Mar 2021,,,Jul 2020 to Jun 2021,,,Oct 2020 to Sep 2021,,,Jan 2021 to Dec 2021,
,,,Level,+/-2,,Level,+/-2,,Level,+/-2,,Level,+/-2,,Level,+/-2,,Level,+/-2,,Level,+/-2,,Level,+/-2,,Unemp,+/-2,,Unemp,+/-2,,Unemp,+/-2,,Unemp,+/-2,,Unemp,+/-2,,Unemp,+/-2,,Unemp,+/-2,,Unemp,+/-2,,Level,+/-2,,Level,+/-2,,Level,+/-2,,Level,+/-2,,Level,+/-2,,Level,+/-2,,Level,+/-2,,Level,+/-2,,Level,+/-2,,Level,+/-2,,Level,+/-2,,Level,+/-2,,Level,+/-2,,Level,+/-2,,Level,+/-2,,Level,+/-2,,Level,+/-2,,Level,+/-2,,Level,+/-2,,Level,+/-2,,Level,+/-2,,Level,+/-2,,Level,+/-2,,Level,+/-2,,Level,+/-2,,Level,+/-2,,Level,+/-2,,Level,+/-2,,Level,+/-2,,Level,+/-2,,Level,+/-2,,Level,+/-2,,Level,+/-2,,Level,+/-2,,Level,+/-2,,Level,+/-2,,Level,+/-2,,Level,+/-2,,Level,+/-2,,Level,+/-2,,Level,+/-2,,Level,+/-2,,Level,+/-2,,Level,+/-2,,Level,+/-2,,Level,+/-2,,Level,+/-2,,Level,+/-2,,Level,+/-2,,Level,+/-2,,Level,+/-2,,Level,+/-2,,Level,+/-2,,Level,+/-2,,Level,+/-2,,Level,+/-2,,Level,+/-2,,Level,+/-2,,Level,+/-2,,Level,+/-2,,Level,+/-2
,,,,,,,,,,,,,,,,,,,,,,,,,,,,,,,,,,,,,,,,,,,,,,,,,,,,,,,,,,,,,,,,,,,,,,,,,,,,,,,,,,,,,,,,,,,,,,,,,,,,,,,,,,,,,,,,,,,,,,,,,,,,,,,,,,,,,,,,,,,,,,,,,,,,,,,,,,,,,,,,,,,,,,,,,,,,,,,,,,,,,,,,,,,,,,,,,,,,,,,,,,,,,,,,,,,,,,,,,,,,,,,,,,,,,,,,
County Durham,E06000047,,:,:,,:,:,,:,:,,:,:,,:,:,,:,:,,:,:,,:,:,,"10,900",:,,"10,900",:,,"11,300",:,,"11,000",:,,"10,800",:,,"12,700",:,,"12,800",:,,"13,700",:,,"14,400",:,,"13,800",:,,"13,500",:,,"13,000",:,,"12,600",:,,"13,000",:,,"13,400",:,,"14,000",:,,"15,800",:,,"17,500",:,,"19,500",:,,"20,200",:,,"20,800",:,,"21,100",:,,"21,400",:,,"20,900",:,,"21,100",:,,"21,400",:,,"20,400",:,,"21,600",:,,"21,900",:,,"23,900",:,,"25,400",:,,"25,000",:,,"24,400",:,,"22,900",:,,"22,500",:,,"23,800",:,,"22,700",:,,"21,900",:,,"21,200",:,,"19,500",:,,"18,800",:,,"17,200",:,,"16,100",:,,"16,200",:,,"16,600",:,,"16,400",:,,"17,000",:,,"14,900",:,,"14,800",:,,"16,100",:,,"14,500",:,,"14,500",:,,"13,900",:,,"12,100",:,,"12,100",:,,"11,600",:,,"12,200",:,,"13,300",:,,"13,300",:,,"14,000",:,,"13,800",:,,"13,600",:,,"13,400",:,,"15,100",:,,"15,400",:,,"14,700",:,,"15,700",:,,"13,700",:,,"13,300",:
Darlington,E06000005,,"4,600",900,,"3,800",800,,"3,400",800,,"3,800",900,,"3,200",500,,"3,100",500,,"2,600",500,,"2,400",400,,"2,100",400,,"2,200",400,,"2,300",400,,"2,200",400,,"2,300",400,,"2,400",500,,"2,300",500,,"2,400",500,,"2,600",500,,"2,700",500,,"2,900",500,,"3,000",500,,"2,900",500,,"3,000",500,,"2,900",600,,"3,000",500,,"3,200",600,,"3,600",600,,"4,000",600,,"4,300",600,,"4,400",600,,"4,500",600,,"4,500",600,,"4,400",600,,"4,200",700,,"4,400",700,,"4,400",700,,"4,600",700,,"4,900",800,,"5,100",800,,"5,100",800,,"5,300",900,,"5,400",900,,"4,900",900,,"5,100",900,,"5,000",900,,"4,600",800,,"4,900",800,,"4,600",700,,"4,400",700,,"4,200",700,,"3,700",600,,"3,700",600,,"3,600",600,,"3,600",600,,"3,600",600,,"3,800",600,,"3,400",500,,"3,400",600,,"3,500",700,,"3,100",600,,"3,300",700,,"3,200",700,,"2,700",500,,"2,700",500,,"2,500",500,,"2,500",600,,"2,700",600,,"2,700",600,,"3,200",700,,"3,200",700,,"3,300",700,,"3,200",700,,"3,100",600,,"3,200",600,,"3,000",500,,"3,100",600,,"2,800",500,,"2,800",500
Hartlepool,E06000001,,"4,600",900,,"4,900","1,000",,"4,100",900,,"4,900","1,100",,"3,500",500,,"3,400",500,,"3,200",500,,"3,200",500,,"3,000",500,,"2,900",500,,"2,700",500,,"2,700",500,,"2,700",400,,"2,600",500,,"2,900",600,,"3,300",600,,"3,500",600,,"3,600",600,,"3,600",500,,"3,500",500,,"3,500",600,,"3,700",600,,"3,900",700,,"3,800",600,,"4,000",600,,"4,300",600,,"4,400",600,,"4,700",700,,"5,100",700,,"5,100",700,,"5,000",700,,"5,100",700,,"4,800",700,,"5,100",700,,"5,200",700,,"5,700",800,,"6,000",800,,"6,300",900,,"6,700",900,,"5,900",900,,"5,700",900,,"5,400",800,,"5,500",800,,"5,800",900,,"6,100",900,,"5,800",800,,"5,400",800,,"5,100",700,,"4,800",700,,"4,600",700,,"4,400",600,,"4,100",600,,"4,100",600,,"3,900",600,,"4,000",600,,"3,800",600,,"3,700",600,,"4,100",800,,"3,800",700,,"4,000",700,,"4,100",800,,"3,500",600,,"3,600",700,,"3,300",700,,"3,700",800,,"3,800",800,,"3,600",800,,"3,600",700,,"3,200",700,,"3,300",700,,"3,200",700,,"3,300",700,,"3,300",600,,"3,100",600,,"3,400",600,,"3,000",500,,"2,900",500
Middlesbrough,E06000002,,"8,500","1,500",,"7,400","1,400",,"7,400","1,500",,"8,900","1,800",,"6,200",900,,"5,700",800,,"5,000",800,,"5,600",800,,"5,200",800,,"5,000",800,,"4,900",800,,"4,900",800,,"4,900",800,,"5,200",900,,"5,000",900,,"5,300","1,000",,"5,100",900,,"5,100",900,,"5,400",800,,"5,100",800,,"4,900",900,,"5,300",900,,"5,600","1,000",,"5,700",900,,"6,100","1,000",,"6,500","1,000",,"6,700","1,000",,"7,100","1,000",,"7,800","1,000",,"7,900","1,000",,"8,200","1,100",,"8,600","1,100",,"8,900","1,200",,"9,500","1,200",,"9,100","1,200",,"9,300","1,200",,"9,300","1,200",,"9,400","1,300",,"9,700","1,300",,"9,500","1,400",,"9,800","1,400",,"9,500","1,400",,"9,500","1,400",,"9,400","1,400",,"8,400","1,300",,"8,500","1,200",,"8,600","1,200",,"7,900","1,100",,"7,900","1,100",,"7,400","1,100",,"6,800","1,000",,"7,100","1,000",,"7,100","1,000",,"6,600","1,000",,"6,600","1,000",,"5,800",900,,"5,300",900,,"5,900","1,100",,"5,600","1,000",,"5,100","1,000",,"4,900","1,000",,"4,600",800,,"4,500",900,,"4,500",900,,"4,500","1,000",,"4,500","1,000",,"4,400","1,000",,"4,400","1,000",,"4,700",900,,"4,400",900,,"4,400","1,000",,"4,700","1,000",,"4,600",900,,"4,300",800,,"4,800",900,,"4,700",900,,"4,600",900
Northumberland,E06000057,,:,:,,:,:,,:,:,,:,:,,:,:,,:,:,,:,:,,:,:,,"6,700",:,,"7,000",:,,"6,900",:,,"6,900",:,,"6,700",:,,"7,000",:,,"7,300",:,,"8,100",:,,"8,900",:,,"8,600",:,,"8,600",:,,"8,200",:,,"7,600",:,,"7,900",:,,"8,000",:,,"8,400",:,,"9,200",:,,"9,900",:,,"10,300",:,,"10,600",:,,"10,900",:,,"11,000",:,,"11,200",:,,"10,900",:,,"11,100",:,,"11,500",:,,"11,300",:,,"11,500",:,,"11,800",:,,"12,300",:,,"12,800",:,,"12,400",:,,"12,000",:,,"11,200",:,,"11,000",:,,"11,500",:,,"11,100",:,,"11,300",:,,"11,000",:,,"10,500",:,,"10,400",:,,"9,800",:,,"9,500",:,,"9,700",:,,"9,700",:,,"9,400",:,,"9,500",:,,"8,200",:,,"8,300",:,,"8,800",:,,"8,200",:,,"8,000",:,,"7,600",:,,"6,800",:,,"6,400",:,,"6,100",:,,"6,300",:,,"6,800",:,,"6,800",:,,"7,100",:,,"7,000",:,,"6,800",:,,"6,900",:,,"7,700",:,,"7,900",:,,"7,600",:,,"8,100",:,,"7,300",:,,"7,300",:
Redcar and Cleveland,E06000003,,"7,100","1,300",,"6,300","1,200",,"5,400","1,200",,"6,300","1,300",,"5,400",800,,"5,100",700,,"4,800",700,,"4,500",700,,"3,700",600,,"4,000",700,,"4,000",700,,"3,900",700,,"3,900",600,,"4,200",800,,"4,100",800,,"4,400",800,,"4,700",800,,"4,600",800,,"4,700",700,,"4,400",700,,"4,200",800,,"4,300",800,,"4,300",800,,"4,800",800,,"5,300",900,,"5,600",900,,"6,000",900,,"6,100",900,,"6,500",900,,"6,900",900,,"7,200",900,,"7,300","1,000",,"7,400","1,100",,"7,500","1,000",,"7,200","1,000",,"7,500","1,000",,"7,400","1,100",,"7,500","1,100",,"8,400","1,200",,"7,500","1,200",,"7,600","1,200",,"7,600","1,200",,"7,200","1,200",,"7,700","1,200",,"6,900","1,200",,"6,500","1,000",,"5,900",900,,"5,500",900,,"5,900",900,,"5,400",900,,"5,200",900,,"5,300",900,,"5,400",900,,"5,500",900,,"5,500",800,,"5,200",800,,"4,600",800,,"4,900","1,000",,"4,500",900,,"4,300",900,,"4,200",900,,"3,500",700,,"3,400",700,,"3,100",700,,"3,200",800,,"3,400",800,,"3,400",800,,"3,300",800,,"3,300",700,,"3,600",800,,"3,500",800,,"4,000",900,,"4,100",800,,"3,700",700,,"3,900",800,,"3,600",700,,"3,400",700
Stockton-on-Tees,E06000004,,"8,400","1,500",,"8,000","1,500",,"7,200","1,500",,"7,900","1,600",,"6,400","1,000",,"6,300",900,,"5,800","1,000",,"5,900",900,,"5,400",900,,"5,000",900,,"4,900",900,,"4,700",800,,"4,800",800,,"5,200","1,100",,"5,200","1,100",,"5,400","1,100",,"5,500","1,100",,"5,600","1,000",,"6,100",900,,"5,900",900,,"5,900","1,100",,"6,100","1,100",,"5,900","1,100",,"6,600","1,200",,"7,100","1,200",,"7,900","1,300",,"8,700","1,300",,"8,400","1,300",,"8,700","1,200",,"8,800","1,200",,"8,900","1,200",,"9,000","1,300",,"9,100","1,400",,"9,700","1,400",,"9,200","1,300",,"9,800","1,400",,"9,700","1,400",,"10,100","1,500",,"10,400","1,600",,"10,600","1,700",,"10,400","1,700",,"10,000","1,700",,"10,000","1,700",,"9,000","1,600",,"8,600","1,600",,"9,100","1,500",,"8,800","1,400",,"8,700","1,400",,"8,200","1,300",,"7,300","1,300",,"7,000","1,200",,"6,800","1,200",,"7,100","1,200",,"6,800","1,200",,"7,100","1,100",,"6,300","1,000",,"6,100","1,100",,"6,100","1,300",,"5,800","1,100",,"5,700","1,200",,"5,300","1,200",,"4,900","1,000",,"4,700","1,000",,"4,500","1,000",,"5,200","1,300",,"6,100","1,400",,"6,000","1,400",,"5,900","1,300",,"5,400","1,200",,"5,200","1,200",,"5,300","1,200",,"5,600","1,200",,"5,900","1,200",,"5,700","1,100",,"5,700","1,100",,"5,300",900,,"5,200","1,000"
Gateshead,E08000037,,"9,200","1,600",,"8,200","1,600",,"7,300","1,500",,"7,700","1,600",,"6,200",900,,"5,900",900,,"5,500",900,,"5,500",900,,"5,000",900,,"4,700",900,,"4,700",800,,"4,800",800,,"5,100",800,,"5,800","1,100",,"5,800","1,100",,"5,800","1,100",,"5,900","1,100",,"5,700","1,000",,"5,900",900,,"5,700",900,,"5,500","1,000",,"5,600","1,000",,"5,800","1,100",,"6,200","1,100",,"6,900","1,200",,"7,700","1,200",,"7,900","1,200",,"8,100","1,200",,"8,300","1,100",,"8,700","1,200",,"8,800","1,200",,"9,000","1,300",,"9,100","1,400",,"9,500","1,400",,"9,700","1,400",,"10,200","1,500",,"10,300","1,500",,"11,100","1,600",,"11,600","1,700",,"11,400","1,800",,"11,200","1,800",,"10,000","1,700",,"8,800","1,500",,"8,600","1,600",,"8,300","1,600",,"8,100","1,400",,"8,500","1,400",,"8,100","1,300",,"8,200","1,300",,"8,000","1,400",,"7,400","1,300",,"7,400","1,300",,"7,300","1,200",,"7,000","1,200",,"7,300","1,100",,"6,400","1,000",,"6,400","1,100",,"6,600","1,300",,"6,100","1,200",,"6,300","1,300",,"5,700","1,300",,"5,000","1,000",,"4,900","1,000",,"4,700","1,100",,"4,800","1,200",,"5,600","1,400",,"5,600","1,400",,"5,400","1,300",,"5,700","1,300",,"5,500","1,300",,"5,400","1,300",,"6,400","1,400",,"6,500","1,300",,"6,400","1,200",,"7,100","1,300",,"6,200","1,100",,"5,900","1,100"
Newcastle upon Tyne,E08000021,,"14,000","2,400",,"13,200","2,400",,"10,400","2,100",,"12,300","2,400",,"11,000","1,700",,"9,100","1,400",,"8,300","1,400",,"9,200","1,400",,"9,000","1,500",,"9,100","1,500",,"8,800","1,500",,"8,500","1,400",,"8,300","1,400",,"8,800","1,700",,"9,300","1,800",,"10,200","1,900",,"10,500","1,800",,"10,400","1,700",,"10,000","1,500",,"9,300","1,500",,"9,200","1,600",,"9,700","1,700",,"10,000","1,800",,"10,100","1,800",,"11,700","1,900",,"12,500","2,000",,"14,100","2,100",,"14,600","2,100",,"14,000","1,900",,"14,400","1,900",,"14,100","2,000",,"13,000","1,900",,"13,200","2,100",,"12,800","2,000",,"12,700","1,900",,"13,200","2,000",,"13,400","2,100",,"13,900","2,200",,"14,700","2,400",,"15,000","2,500",,"14,300","2,400",,"14,600","2,400",,"14,500","2,400",,"15,500","2,500",,"14,900","2,500",,"14,600","2,300",,"14,000","2,200",,"13,900","2,200",,"13,800","2,200",,"13,200","2,200",,"12,400","2,100",,"12,400","2,100",,"12,600","2,000",,"12,500","2,100",,"13,000","2,000",,"10,400","1,800",,"10,300","1,900",,"11,100","2,300",,"9,900","1,900",,"10,300","2,100",,"10,000","2,200",,"9,500","1,800",,"8,500","1,800",,"9,000","2,000",,"8,000","2,000",,"7,800","2,100",,"8,200","2,100",,"8,200","2,100",,"9,000","2,100",,"9,200","2,100",,"9,200","2,200",,"10,500","2,400",,"10,600","2,300",,"10,700","2,200",,"12,500","2,600",,"11,300","2,200",,"11,700","2,300"
North Tyneside,E08000022,,"8,900","1,600",,"8,200","1,500",,"6,700","1,400",,"7,900","1,600",,"6,800","1,000",,"6,200",900,,"5,100",900,,"5,200",800,,"4,900",800,,"5,200",900,,"5,400",900,,"5,500",900,,"5,300",900,,"5,400","1,100",,"5,300","1,100",,"5,900","1,200",,"6,500","1,200",,"6,400","1,100",,"6,300","1,000",,"6,000","1,000",,"5,700","1,000",,"6,000","1,100",,"6,100","1,200",,"6,100","1,100",,"6,700","1,200",,"7,200","1,200",,"7,800","1,200",,"8,300","1,200",,"8,400","1,200",,"8,400","1,100",,"8,700","1,200",,"8,900","1,200",,"9,100","1,400",,"9,700","1,400",,"9,300","1,300",,"9,600","1,400",,"9,800","1,500",,"10,200","1,500",,"10,700","1,600",,"10,400","1,700",,"9,600","1,600",,"8,600","1,500",,"7,800","1,400",,"7,900","1,500",,"8,200","1,600",,"8,500","1,500",,"8,100","1,400",,"7,300","1,300",,"7,200","1,200",,"6,400","1,200",,"6,500","1,200",,"6,600","1,200",,"6,700","1,100",,"6,800","1,100",,"7,100","1,100",,"6,200","1,000",,"6,000","1,100",,"6,300","1,300",,"5,500","1,100",,"5,600","1,200",,"6,000","1,300",,"5,100","1,000",,"5,300","1,100",,"4,900","1,100",,"4,700","1,200",,"5,000","1,300",,"4,400","1,200",,"4,500","1,200",,"4,500","1,100",,"4,400","1,100",,"4,700","1,200",,"5,600","1,300",,"6,100","1,300",,"6,200","1,200",,"6,500","1,200",,"5,700","1,000",,"5,400","1,000"
South Tyneside,E08000023,,"8,100","1,500",,"7,600","1,500",,"6,700","1,400",,"8,400","1,700",,"6,900",900,,"6,800",900,,"6,200",900,,"5,700",800,,"5,200",800,,"5,400",900,,"5,500",900,,"5,400",900,,"5,300",800,,"6,100","1,000",,"5,900","1,100",,"6,600","1,200",,"6,900","1,100",,"6,200","1,000",,"6,100",900,,"5,600",800,,"5,000",900,,"5,100",900,,"5,100",900,,"5,400",900,,"5,900","1,000",,"6,500","1,000",,"6,800","1,000",,"7,700","1,100",,"8,400","1,100",,"8,600","1,100",,"9,300","1,200",,"8,800","1,100",,"8,700","1,200",,"8,800","1,200",,"8,000","1,100",,"8,600","1,200",,"8,500","1,200",,"8,700","1,200",,"9,200","1,300",,"9,000","1,300",,"9,200","1,300",,"8,400","1,300",,"8,700","1,300",,"9,100","1,400",,"8,500","1,300",,"8,400","1,200",,"7,900","1,200",,"7,700","1,100",,"7,200","1,100",,"7,100","1,100",,"6,500","1,100",,"6,300","1,000",,"6,700","1,000",,"6,500","1,000",,"6,700","1,000",,"6,100",900,,"5,800","1,000",,"6,400","1,200",,"5,900","1,000",,"5,500","1,000",,"5,400","1,100",,"4,400",800,,"4,400",900,,"4,400",900,,"4,500","1,000",,"4,900","1,100",,"4,900","1,100",,"4,900","1,100",,"5,100","1,100",,"4,900","1,000",,"5,000","1,100",,"5,600","1,200",,"5,500","1,100",,"5,100",900,,"5,300","1,000",,"4,600",800,,"4,400",800
Sunderland,E08000024,,"15,100","2,500",,"11,900","2,100",,"11,400","2,200",,"12,300","2,300",,"10,500","1,500",,"10,100","1,400",,"9,200","1,400",,"9,600","1,400",,"8,000","1,400",,"8,300","1,500",,"8,200","1,400",,"8,000","1,400",,"8,000","1,300",,"8,400","1,700",,"8,100","1,700",,"9,000","1,800",,"9,800","1,800",,"9,400","1,600",,"9,800","1,500",,"9,300","1,400",,"8,700","1,500",,"9,400","1,600",,"9,800","1,800",,"10,100","1,700",,"11,100","1,800",,"11,900","1,800",,"12,900","1,900",,"13,800","2,000",,"14,400","1,900",,"14,800","1,900",,"15,000","2,000",,"14,600","1,900",,"14,000","2,100",,"14,500","2,000",,"13,900","1,900",,"14,900","2,100",,"15,400","2,200",,"15,600","2,300",,"16,000","2,300",,"14,000","2,200",,"13,000","2,200",,"12,300","2,100",,"13,700","2,300",,"14,900","2,500",,"16,100","2,600",,"15,100","2,300",,"13,400","2,100",,"12,600","2,000",,"11,500","1,800",,"10,500","1,800",,"10,400","1,800",,"10,700","1,800",,"10,900","1,800",,"10,500","1,700",,"10,500","1,600",,"9,400","1,500",,"9,900","1,700",,"11,300","2,100",,"10,000","1,800",,"9,600","1,900",,"8,600","1,800",,"7,500","1,400",,"7,600","1,500",,"7,500","1,600",,"8,200","1,800",,"9,000","2,000",,"9,400","2,100",,"9,300","2,000",,"8,600","1,800",,"8,500","1,800",,"8,100","1,800",,"8,700","1,800",,"9,200","1,800",,"8,300","1,500",,"8,800","1,600",,"8,300","1,500",,"7,800","1,500"
Blackburn with Darwen,E06000008,,"4,800",900,,"4,100",800,,"3,700",800,,"4,600","1,000",,"4,100",600,,"3,700",600,,"3,400",600,,"3,300",600,,"3,400",600,,"3,700",700,,"3,600",600,,"3,600",600,,"4,000",600,,"3,800",800,,"4,200",800,,"4,100",800,,"4,100",700,,"4,100",700,,"4,100",600,,"4,300",600,,"4,200",700,,"4,000",700,,"4,100",800,,"4,100",700,,"4,500",800,,"4,900",800,,"5,600",900,,"6,200",900,,"6,200",800,,"6,400",800,,"5,900",800,,"5,600",800,,"5,600",900,,"5,500",800,,"5,800",900,,"5,900",900,,"5,900",900,,"6,200","1,000",,"6,300","1,000",,"6,600","1,100",,"6,500","1,100",,"6,200","1,100",,"6,000","1,000",,"5,500","1,000",,"5,700","1,100",,"5,400",900,,"5,500",900,,"5,400",900,,"5,300",800,,"5,000",900,,"4,700",800,,"4,900",800,,"4,800",800,,"4,800",800,,"4,800",700,,"4,200",700,,"4,100",700,,"4,000",800,,"3,900",700,,"4,100",800,,"3,800",800,,"3,800",700,,"3,800",700,,"3,600",700,,"3,500",800,,"3,300",800,,"3,200",800,,"3,300",700,,"3,700",800,,"3,700",800,,"3,600",800,,"3,900",800,,"3,700",800,,"4,000",800,,"4,300",900,,"4,000",700,,"4,000",800
Blackpool,E06000009,,"5,600","1,100",,"4,700","1,000",,"3,500",800,,"3,800",900,,"3,900",700,,"3,200",600,,"3,700",700,,"3,500",600,,"3,200",600,,"3,200",600,,"3,400",600,,"3,500",600,,"3,800",700,,"4,000",800,,"3,800",800,,"4,200",800,,"3,900",800,,"3,800",700,,"4,000",600,,"4,100",700,,"4,000",700,,"3,900",700,,"4,100",800,,"3,900",700,,"4,300",800,,"4,900",800,,"5,300",900,,"6,000",900,,"5,900",800,,"6,200",800,,"5,900",800,,"6,000",800,,"6,600","1,000",,"6,200",900,,"6,700",900,,"6,600","1,000",,"6,900","1,000",,"7,000","1,000",,"7,100","1,100",,"6,900","1,100",,"6,500","1,100",,"6,500","1,100",,"6,100","1,100",,"6,400","1,100",,"6,100","1,100",,"6,400","1,000",,"6,200","1,000",,"5,400",900,,"5,400",900,,"4,900",900,,"4,800",900,,"4,600",900,,"4,200",800,,"4,100",800,,"4,200",700,,"4,300",700,,"4,300",800,,"4,300",900,,"3,900",800,,"3,800",800,,"3,800",900,,"3,700",700,,"3,600",800,,"3,800",800,,"3,600",900,,"3,700",900,,"4,000",900,,"3,700",800,,"3,700",800,,"3,700",800,,"3,200",800,,"3,200",800,,"3,600",800,,"4,000",800,,"3,900",800,,"3,900",800,,"3,800",800
Cheshire East,E06000049,,:,:,,:,:,,:,:,,:,:,,:,:,,:,:,,:,:,,:,:,,"4,700",:,,"5,100",:,,"5,100",:,,"5,500",:,,"6,000",:,,"5,600",:,,"6,000",:,,"6,400",:,,"6,700",:,,"6,800",:,,"6,600",:,,"6,700",:,,"6,600",:,,"6,800",:,,"7,200",:,,"7,400",:,,"8,400",:,,"9,300",:,,"10,600",:,,"12,100",:,,"12,200",:,,"12,500",:,,"11,300",:,,"10,800",:,,"10,500",:,,"9,900",:,,"10,300",:,,"10,100",:,,"10,700",:,,"11,200",:,,"11,500",:,,"11,600",:,,"11,000",:,,"11,000",:,,"10,500",:,,"10,100",:,,"10,000",:,,"9,300",:,,"9,300",:,,"8,500",:,,"7,900",:,,"7,500",:,,"7,000",:,,"7,100",:,,"6,500",:,,"6,200",:,,"6,200",:,,"6,200",:,,"6,700",:,,"6,500",:,,"6,300",:,,"6,000",:,,"5,400",:,,"5,800",:,,"5,700",:,,"5,900",:,,"6,000",:,,"5,900",:,,"6,200",:,,"5,800",:,,"5,900",:,,"5,500",:,,"5,400",:,,"6,200",:,,"6,700",:,,"7,200",:,,"7,300",:,,"6,900",:,,"6,600",:
Cheshire West and Chester,E06000050,,:,:,,:,:,,:,:,,:,:,,:,:,,:,:,,:,:,,:,:,,"5,200",:,,"5,500",:,,"5,500",:,,"5,600",:,,"6,100",:,,"5,600",:,,"6,100",:,,"6,400",:,,"6,800",:,,"7,000",:,,"7,100",:,,"7,200",:,,"7,100",:,,"7,600",:,,"7,800",:,,"8,000",:,,"8,600",:,,"9,600",:,,"10,700",:,,"11,900",:,,"12,100",:,,"12,100",:,,"11,400",:,,"11,100",:,,"10,900",:,,"10,300",:,,"10,800",:,,"10,700",:,,"11,400",:,,"12,200",:,,"12,500",:,,"12,300",:,,"11,600",:,,"11,200",:,,"10,500",:,,"10,200",:,,"10,000",:,,"9,700",:,,"9,300",:,,"8,700",:,,"8,300",:,,"7,400",:,,"7,000",:,,"7,000",:,,"6,600",:,,"6,500",:,,"6,600",:,,"6,400",:,,"6,500",:,,"6,600",:,,"6,500",:,,"6,500",:,,"6,300",:,,"5,900",:,,"5,500",:,,"6,100",:,,"6,100",:,,"6,200",:,,"6,000",:,,"5,400",:,,"5,700",:,,"5,500",:,,"5,300",:,,"5,700",:,,"5,600",:,,"6,000",:,,"6,100",:,,"6,000",:,,"5,900",:
Halton,E06000006,,"5,500","1,100",,"5,400","1,100",,"5,000","1,100",,"4,700","1,100",,"3,600",600,,"3,500",600,,"3,800",600,,"3,400",600,,"3,500",600,,"3,400",600,,"3,400",600,,"3,300",600,,"3,400",600,,"3,300",700,,"3,100",700,,"3,200",700,,"3,300",700,,"3,700",700,,"4,000",600,,"4,300",700,,"4,100",700,,"4,000",700,,"4,000",700,,"4,000",700,,"4,300",700,,"4,800",800,,"5,300",800,,"6,000",900,,"6,500",800,,"6,600",800,,"6,100",800,,"6,100",800,,"5,900",900,,"5,900",900,,"6,000",900,,"5,900",900,,"6,300",900,,"6,500","1,000",,"6,700","1,000",,"6,800","1,100",,"6,300","1,000",,"6,300","1,100",,"6,000","1,000",,"6,000","1,100",,"5,700","1,000",,"5,200",900,,"4,900",800,,"4,400",700,,"4,200",700,,"3,800",700,,"3,600",700,,"3,600",600,,"3,500",600,,"3,200",600,,"3,300",600,,"3,300",600,,"3,200",600,,"3,100",700,,"3,200",600,,"3,100",700,,"3,000",700,,"3,100",600,,"3,100",600,,"3,000",700,,"2,800",700,,"2,700",700,,"2,500",700,,"2,400",600,,"2,400",600,,"2,500",600,,"2,500",700,,"2,700",600,,"2,800",600,,"2,800",600,,"2,700",600,,"2,700",500,,"2,600",500
Warrington,E06000007,,"5,200","1,000",,"4,600",900,,"4,000",900,,"4,500","1,000",,"3,600",600,,"3,600",700,,"4,000",800,,"3,600",700,,"3,200",600,,"3,400",700,,"3,300",700,,"3,200",600,,"3,600",600,,"3,500",800,,"3,800",900,,"4,100","1,000",,"4,400",900,,"3,900",800,,"4,000",600,,"4,100",700,,"3,600",700,,"4,000",700,,"4,300",800,,"4,600",800,,"5,300",900,,"6,100","1,000",,"6,700","1,100",,"7,200","1,100",,"7,500","1,000",,"7,500","1,000",,"7,000","1,000",,"7,000","1,000",,"6,400","1,100",,"6,100","1,000",,"6,300","1,000",,"6,500","1,100",,"7,100","1,200",,"7,500","1,300",,"7,600","1,300",,"7,200","1,300",,"7,000","1,300",,"7,200","1,400",,"7,100","1,400",,"7,100","1,400",,"6,800","1,400",,"6,400","1,200",,"6,300","1,100",,"5,600","1,000",,"5,400","1,000",,"5,400","1,100",,"5,400","1,000",,"5,200","1,000",,"4,900",900,,"4,400",900,,"4,300",700,,"4,400",800,,"4,300",800,,"4,100",900,,"4,100",800,,"4,000",900,,"4,000","1,000",,"4,300",900,,"4,100",900,,"4,100","1,000",,"4,200","1,100",,"3,800","1,000",,"3,700","1,000",,"3,700",900,,"3,500",900,,"3,400",900,,"3,300",900,,"3,500",800,,"3,700",800,,"4,000",800,,"4,200",900,,"3,900",700,,"3,800",700
Allerdale,E07000026,,"3,700",800,,"3,200",700,,"2,900",700,,"2,900",700,,"2,400",500,,"2,100",500,,"2,200",500,,"1,900",500,,"1,700",400,,"1,800",400,,"1,800",400,,"1,700",400,,"1,900",400,,"1,900",600,,"1,800",600,,"2,000",600,,"2,000",500,,"1,900",500,,"2,000",400,,"2,100",400,,"2,000",500,,"2,000",500,,"2,000",600,,"1,900",500,,"2,100",500,,"2,200",500,,"2,300",600,,"2,600",600,,"2,500",500,,"2,700",600,,"2,600",500,,"2,700",500,,"3,000",700,,"3,000",600,,"3,300",700,,"3,200",600,,"3,500",700,,"3,600",700,,"3,500",700,,"3,800",800,,"3,300",800,,"3,400",900,,"3,000",800,,"3,100",800,,"3,100",800,,"2,800",700,,"3,100",700,,"2,600",600,,"2,600",600,,"2,500",600,,"2,300",600,,"2,200",500,,"2,000",500,,"2,000",500,,"2,000",400,,"2,100",500,,"2,000",500,,"1,900",600,,"1,800",500,,"1,800",500,,"1,800",600,,"1,800",500,,"1,700",400,,"1,600",500,,"1,500",500,,"1,500",600,,"1,600",600,,"1,600",500,,"1,700",500,,"1,500",500,,"1,500",500,,"1,600",500,,"1,700",500,,"2,000",600,,"1,900",600,,"1,700",400,,"1,600",400
Barrow-in-Furness,E07000027,,"3,300",700,,"2,800",600,,"2,600",600,,"2,600",600,,"2,000",400,,"1,800",400,,"1,800",400,,"1,700",400,,"1,600",300,,"1,600",300,,"1,700",300,,"1,800",300,,"1,900",400,,"1,700",500,,"1,800",600,,"1,700",500,,"1,800",500,,"1,800",500,,"1,900",400,,"2,000",500,,"2,100",500,,"2,100",500,,"2,100",600,,"2,100",500,,"2,100",500,,"2,200",500,,"2,300",600,,"2,500",600,,"2,500",500,,"2,500",500,,"2,400",500,,"2,400",500,,"2,700",600,,"2,800",600,,"2,900",600,,"2,800",600,,"3,100",700,,"3,200",700,,"3,200",700,,"3,100",700,,"3,000",700,,"2,800",700,,"2,700",700,,"2,500",700,,"2,400",700,,"2,500",600,,"2,500",600,,"2,500",500,,"2,500",500,,"2,300",500,,"2,200",500,,"2,200",500,,"2,100",500,,"1,900",400,,"1,900",400,,"1,900",400,,"1,700",400,,"1,800",500,,"1,800",500,,"1,600",500,,"1,500",500,,"1,400",400,,"1,500",400,,"1,400",400,,"1,400",500,,"1,400",500,,"1,300",500,,"1,300",400,,"1,300",400,,"1,300",400,,"1,200",400,,"1,300",400,,"1,300",400,,"1,200",400,,"1,200",300,,"1,200",300,,"1,100",300
Carlisle,E07000028,,"3,500",700,,"2,900",600,,"2,800",700,,"3,000",700,,"2,500",500,,"2,200",500,,"2,400",500,,"2,000",500,,"1,900",400,,"1,900",400,,"2,000",400,,"2,000",400,,"2,200",500,,"2,200",700,,"2,400",700,,"2,400",700,,"2,500",600,,"2,500",600,,"2,400",500,,"2,500",500,,"2,200",500,,"2,200",500,,"2,300",600,,"2,300",600,,"2,600",700,,"2,800",700,,"3,000",700,,"3,400",700,,"3,300",600,,"3,300",600,,"3,100",600,,"3,100",600,,"3,500",800,,"3,400",700,,"3,600",700,,"3,600",700,,"3,700",700,,"3,800",800,,"3,800",800,,"3,700",900,,"3,300",900,,"3,300",900,,"3,000",800,,"3,100",900,,"3,200",900,,"3,100",700,,"3,200",700,,"2,900",600,,"2,800",600,,"2,300",600,,"2,000",500,,"1,900",500,,"1,700",400,,"1,900",400,,"2,000",400,,"2,100",400,,"2,300",500,,"2,200",600,,"2,000",500,,"1,900",600,,"1,800",600,,"1,800",400,,"1,700",400,,"1,600",500,,"1,400",500,,"1,400",500,,"1,500",500,,"1,500",500,,"1,600",500,,"1,500",500,,"1,500",500,,"1,700",500,,"1,900",500,,"2,200",600,,"2,200",600,,"1,900",400,,"1,900",500
Copeland,E07000029,,"3,300",700,,"3,300",700,,"2,900",700,,"2,800",700,,"2,000",400,,"2,100",400,,"2,200",500,,"1,900",400,,"1,800",300,,"1,900",400,,"1,800",400,,"1,800",400,,"2,000",400,,"1,700",500,,"1,700",600,,"1,700",500,,"1,700",500,,"1,700",500,,"1,800",400,,"1,900",400,,"1,900",500,,"1,900",500,,"2,000",600,,"2,000",500,,"2,000",500,,"2,300",500,,"2,400",600,,"2,400",600,,"2,400",500,,"2,500",500,,"2,300",500,,"2,400",500,,"2,400",600,,"2,400",600,,"2,500",600,,"2,600",600,,"2,800",600,,"2,900",700,,"2,800",700,,"2,600",700,,"2,600",700,,"2,500",700,,"2,500",700,,"2,500",700,,"2,300",700,,"2,300",600,,"2,300",600,,"2,200",500,,"2,100",500,,"1,900",500,,"1,800",500,,"1,800",400,,"1,800",400,,"1,700",400,,"1,700",400,,"1,700",400,,"1,700",400,,"1,700",500,,"1,500",400,,"1,500",500,,"1,400",500,,"1,300",300,,"1,400",400,,"1,400",400,,"1,300",400,,"1,400",500,,"1,100",400,,"1,100",300,,"1,100",300,,"1,100",400,,"1,000",400,,"1,100",400,,"1,100",400,,"1,000",300,,900,200,,900,200,,800,200
Eden,E07000030,,"1,000",300,,800,200,,800,200,,700,200,,800,200,,600,200,,600,200,,600,200,,500,100,,500,100,,500,100,,500,100,,500,100,,500,200,,500,200,,500,200,,600,200,,600,200,,700,200,,800,200,,700,200,,700,200,,700,200,,700,200,,700,200,,700,200,,800,200,,900,200,,800,200,,800,200,,800,200,,800,200,,900,300,,900,200,,"1,000",300,,"1,000",300,,"1,000",300,,"1,000",300,,"1,000",300,,"1,000",300,,900,300,,900,300,,800,200,,800,300,,800,200,,800,200,,800,200,,800,200,,800,200,,700,200,,600,200,,600,200,,500,200,,600,200,,600,200,,600,200,,700,200,,700,200,,600,200,,600,200,,500,200,,500,200,,500,200,,500,200,,500,200,,600,200,,500,200,,500,200,,500,200,,500,200,,600,200,,700,200,,800,300,,700,200,,700,200,,700,200,,700,200
South Lakeland,E07000031,,"2,400",500,,"1,700",400,,"1,500",400,,"1,600",400,,"1,500",400,,"1,300",300,,"1,300",300,,"1,300",300,,"1,200",300,,"1,200",300,,"1,200",300,,"1,200",300,,"1,200",300,,"1,200",400,,"1,300",400,,"1,400",400,,"1,500",400,,"1,400",400,,"1,300",300,,"1,500",300,,"1,500",400,,"1,500",400,,"1,600",400,,"1,400",400,,"1,500",400,,"1,500",400,,"1,600",400,,"1,700",400,,"1,600",400,,"1,700",400,,"1,700",400,,"1,700",400,,"1,800",500,,"1,700",400,,"1,800",400,,"1,800",400,,"1,800",400,,"1,900",500,,"1,800",400,,"2,000",500,,"1,700",500,,"1,600",500,,"1,400",400,,"1,300",400,,"1,400",400,,"1,400",400,,"1,500",400,,"1,500",400,,"1,500",400,,"1,300",400,,"1,200",300,,"1,100",300,,"1,000",300,,"1,200",300,,"1,300",300,,"1,200",300,,"1,300",300,,"1,100",400,,"1,100",300,,"1,100",300,,900,300,,"1,000",300,,900,300,,900,300,,900,400,,900,400,,900,400,,800,300,,800,300,,800,300,,"1,000",300,,"1,200",400,,"1,400",400,,"1,500",400,,"1,600",500,,"1,400",400,,"1,400",400
Bolton,E08000001,,"8,700","1,600",,"7,000","1,300",,"5,700","1,200",,"7,700","1,600",,"6,700","1,100",,"6,200","1,000",,"6,400","1,100",,"6,400","1,100",,"5,900","1,100",,"5,800","1,100",,"5,900","1,100",,"6,200","1,100",,"7,100","1,200",,"6,900","1,500",,"7,000","1,500",,"6,900","1,500",,"6,800","1,400",,"7,400","1,300",,"7,700","1,200",,"7,900","1,300",,"7,700","1,400",,"8,100","1,400",,"8,000","1,500",,"8,600","1,500",,"9,500","1,600",,"9,800","1,600",,"10,600","1,700",,"11,600","1,700",,"11,900","1,600",,"12,800","1,700",,"12,100","1,600",,"11,700","1,700",,"11,200","1,800",,"10,000","1,600",,"10,600","1,600",,"10,800","1,700",,"11,900","1,800",,"12,700","2,000",,"12,900","2,000",,"12,900","2,100",,"12,200","2,100",,"12,700","2,100",,"12,200","2,100",,"12,500","2,200",,"13,000","2,200",,"12,100","2,000",,"12,200","1,900",,"10,900","1,700",,"9,700","1,600",,"9,200","1,600",,"8,500","1,500",,"9,000","1,600",,"8,900","1,600",,"8,700","1,500",,"8,600","1,300",,"8,000","1,300",,"8,100","1,400",,"7,400","1,600",,"7,500","1,500",,"7,500","1,600",,"7,100","1,700",,"7,700","1,500",,"7,300","1,500",,"7,100","1,600",,"6,500","1,600",,"5,800","1,500",,"6,500","1,600",,"6,500","1,600",,"7,700","1,700",,"8,400","1,800",,"7,500","1,800",,"7,600","1,700",,"7,300","1,500",,"7,500","1,500",,"7,500","1,500",,"7,500","1,400",,"7,200","1,400"
Bury,E08000002,,"4,600",900,,"4,300",900,,"3,600",800,,"4,000",900,,"3,400",600,,"3,600",600,,"3,900",700,,"3,600",700,,"3,400",700,,"3,600",700,,"3,400",700,,"3,500",700,,"3,800",700,,"3,800",900,,"4,300","1,000",,"4,700","1,000",,"4,600","1,000",,"4,500",800,,"4,400",700,,"4,400",700,,"4,300",800,,"4,600",800,,"4,900",900,,"4,900",900,,"5,100",900,,"5,700",900,,"6,500","1,100",,"7,500","1,100",,"8,000","1,100",,"8,100","1,100",,"7,400","1,000",,"7,200","1,000",,"6,700","1,100",,"6,200","1,000",,"6,500","1,000",,"6,600","1,100",,"7,100","1,100",,"7,800","1,300",,"8,100","1,300",,"8,600","1,500",,"8,500","1,500",,"8,000","1,500",,"7,800","1,400",,"6,700","1,300",,"6,600","1,300",,"6,500","1,200",,"6,200","1,100",,"5,800","1,100",,"5,800","1,000",,"5,600","1,100",,"5,700","1,100",,"5,800","1,100",,"5,200","1,000",,"4,900",900,,"4,700",800,,"4,800",800,,"4,700",900,,"4,800","1,000",,"4,500",900,,"4,200",900,,"3,900",900,,"3,800",800,,"3,500",800,,"3,600",800,,"3,700",900,,"3,900","1,000",,"4,200","1,000",,"4,000","1,000",,"4,000",900,,"3,600",900,,"3,400",900,,"3,800",900,,"4,000",900,,"4,500",900,,"4,700","1,000",,"4,400",800,,"4,200",800
Manchester,E08000003,,"21,200","3,200",,"20,800","3,300",,"17,100","3,100",,"18,100","3,200",,"14,500","2,000",,"14,800","2,200",,"15,300","2,400",,"14,200","2,200",,"16,200","2,600",,"15,600","2,700",,"14,600","2,500",,"14,700","2,500",,"16,700","2,600",,"16,800","3,200",,"16,900","3,300",,"16,900","3,200",,"16,000","2,900",,"15,500","2,600",,"17,100","2,500",,"18,100","2,600",,"18,300","2,900",,"20,400","3,200",,"20,400","3,400",,"20,400","3,200",,"21,600","3,300",,"22,400","3,300",,"24,600","3,500",,"27,200","3,500",,"27,900","3,400",,"28,600","3,400",,"27,100","3,300",,"27,100","3,400",,"26,300","3,700",,"24,700","3,400",,"26,100","3,500",,"26,700","3,600",,"27,400","3,700",,"29,700","4,000",,"31,100","4,200",,"31,700","4,400",,"31,600","4,500",,"31,200","4,600",,"29,700","4,400",,"26,300","4,200",,"26,500","4,300",,"25,500","3,800",,"25,700","3,800",,"24,500","3,600",,"23,600","3,500",,"22,400","3,600",,"19,500","3,300",,"20,700","3,400",,"19,400","3,100",,"18,800","3,000",,"19,900","2,900",,"18,900","2,900",,"19,700","3,200",,"20,400","3,800",,"17,800","3,200",,"18,600","3,600",,"15,700","3,400",,"15,800","2,900",,"14,800","2,900",,"14,100","3,000",,"14,900","3,400",,"13,100","3,300",,"14,700","3,500",,"15,400","3,600",,"16,100","3,500",,"17,200","3,700",,"17,200","4,000",,"17,100","3,700",,"18,900","3,800",,"19,000","3,700",,"21,500","4,300",,"20,300","3,700",,"19,400","3,700"
Oldham,E08000004,,"7,400","1,400",,"6,100","1,200",,"5,900","1,200",,"6,600","1,400",,"5,700",900,,"5,000",800,,"5,900","1,100",,"5,300",900,,"5,200","1,000",,"5,200","1,000",,"4,900",900,,"5,100",900,,"5,500",900,,"5,000","1,100",,"5,500","1,200",,"5,700","1,200",,"6,000","1,200",,"6,100","1,100",,"6,500","1,000",,"7,000","1,100",,"7,500","1,300",,"8,200","1,400",,"8,200","1,400",,"8,300","1,400",,"8,500","1,400",,"8,900","1,400",,"9,500","1,400",,"9,700","1,400",,"9,900","1,300",,"10,200","1,300",,"9,700","1,300",,"9,800","1,300",,"10,000","1,500",,"9,500","1,400",,"9,700","1,400",,"10,100","1,400",,"10,400","1,500",,"10,600","1,600",,"11,100","1,700",,"11,000","1,700",,"10,700","1,800",,"10,700","1,800",,"10,200","1,700",,"9,400","1,700",,"9,600","1,700",,"9,700","1,600",,"10,000","1,600",,"9,700","1,500",,"9,300","1,500",,"8,700","1,500",,"8,000","1,400",,"8,100","1,400",,"7,300","1,300",,"7,400","1,300",,"7,000","1,100",,"6,800","1,100",,"6,900","1,200",,"7,000","1,400",,"6,600","1,200",,"6,400","1,300",,"6,100","1,400",,"5,800","1,100",,"5,700","1,100",,"5,700","1,300",,"5,600","1,300",,"5,400","1,300",,"5,400","1,300",,"5,100","1,200",,"4,900","1,100",,"5,000","1,200",,"4,900","1,200",,"5,300","1,200",,"6,100","1,200",,"6,400","1,300",,"6,900","1,400",,"6,700","1,300",,"6,800","1,300"
Rochdale,E08000005,,"7,300","1,300",,"6,700","1,300",,"5,500","1,200",,"6,300","1,300",,"5,100",800,,"4,700",800,,"5,500",900,,"5,500",900,,"4,900",900,,"5,200","1,000",,"5,200",900,,"5,100",900,,"5,600",900,,"5,400","1,100",,"5,800","1,200",,"5,800","1,200",,"6,000","1,200",,"5,900","1,100",,"6,400","1,000",,"6,500","1,000",,"6,300","1,100",,"6,500","1,100",,"6,800","1,200",,"7,100","1,200",,"7,300","1,200",,"8,500","1,300",,"9,300","1,400",,"10,500","1,400",,"10,600","1,300",,"10,700","1,300",,"9,900","1,300",,"9,200","1,200",,"8,800","1,400",,"8,500","1,300",,"9,300","1,300",,"9,900","1,400",,"10,600","1,500",,"11,200","1,600",,"10,800","1,600",,"10,300","1,600",,"10,100","1,600",,"9,500","1,600",,"9,300","1,600",,"9,200","1,600",,"8,800","1,600",,"9,900","1,500",,"9,700","1,500",,"8,900","1,400",,"8,300","1,300",,"6,900","1,200",,"6,500","1,200",,"6,900","1,200",,"6,800","1,200",,"6,900","1,200",,"6,900","1,000",,"6,700","1,100",,"6,700","1,100",,"6,500","1,300",,"6,100","1,100",,"6,000","1,200",,"5,900","1,300",,"5,800","1,100",,"5,300","1,100",,"5,200","1,100",,"5,200","1,200",,"5,500","1,300",,"6,400","1,400",,"5,700","1,300",,"5,600","1,200",,"5,200","1,100",,"4,600","1,100",,"4,800","1,100",,"5,100","1,000",,"5,800","1,100",,"6,200","1,200",,"6,000","1,100",,"6,200","1,200"
Salford,E08000006,,"7,900","1,500",,"6,400","1,300",,"5,300","1,200",,"6,300","1,400",,"6,000",900,,"5,400",900,,"6,000","1,000",,"5,200",900,,"5,200","1,000",,"5,000","1,000",,"5,000",900,,"5,100",900,,"5,900",900,,"6,300","1,200",,"6,600","1,300",,"6,700","1,300",,"6,800","1,300",,"6,400","1,100",,"6,700","1,000",,"6,800","1,000",,"6,400","1,100",,"6,600","1,100",,"6,600","1,200",,"7,100","1,200",,"8,100","1,300",,"8,400","1,300",,"10,000","1,500",,"11,200","1,500",,"11,200","1,400",,"12,100","1,500",,"11,400","1,500",,"10,900","1,400",,"10,600","1,600",,"10,200","1,500",,"10,800","1,500",,"11,300","1,600",,"11,800","1,700",,"12,100","1,800",,"11,800","1,800",,"11,200","1,800",,"11,800","1,900",,"12,200","2,000",,"12,800","2,100",,"13,500","2,200",,"13,500","2,200",,"12,100","1,900",,"11,700","1,800",,"10,800","1,600",,"9,700","1,500",,"9,100","1,600",,"8,400","1,500",,"8,700","1,500",,"8,300","1,400",,"8,800","1,500",,"8,400","1,300",,"7,800","1,300",,"8,300","1,400",,"8,100","1,600",,"7,200","1,400",,"7,200","1,500",,"6,200","1,400",,"6,300","1,200",,"6,400","1,300",,"6,700","1,400",,"6,800","1,600",,"6,100","1,500",,"6,100","1,500",,"5,800","1,400",,"6,300","1,400",,"6,600","1,500",,"6,100","1,500",,"6,400","1,400",,"6,500","1,300",,"6,600","1,300",,"7,200","1,500",,"7,100","1,300",,"6,800","1,300"
Stockport,E08000007,,"8,000","1,500",,"6,500","1,300",,"6,200","1,300",,"6,200","1,300",,"5,400",900,,"4,500",800,,"5,300","1,000",,"5,100","1,000",,"4,600",900,,"4,700","1,000",,"4,800",900,,"5,300","1,000",,"5,700","1,000",,"5,400","1,300",,"6,000","1,500",,"5,200","1,300",,"5,400","1,200",,"5,900","1,200",,"5,900","1,000",,"5,900","1,000",,"5,900","1,100",,"5,900","1,100",,"6,200","1,200",,"6,800","1,200",,"7,600","1,300",,"8,400","1,400",,"9,700","1,600",,"10,900","1,600",,"11,000","1,500",,"11,200","1,500",,"10,400","1,400",,"10,000","1,400",,"9,600","1,600",,"9,100","1,500",,"9,400","1,500",,"9,600","1,500",,"10,100","1,600",,"10,300","1,700",,"10,300","1,700",,"9,400","1,700",,"9,300","1,700",,"8,900","1,700",,"9,200","1,700",,"8,400","1,700",,"8,000","1,600",,"8,600","1,500",,"8,500","1,500",,"8,100","1,400",,"7,900","1,300",,"7,600","1,400",,"7,300","1,300",,"7,500","1,300",,"7,200","1,300",,"6,500","1,200",,"6,200","1,100",,"6,300","1,100",,"6,400","1,200",,"6,700","1,400",,"6,200","1,200",,"6,300","1,400",,"5,700","1,400",,"5,100","1,000",,"5,000","1,100",,"4,800","1,100",,"4,600","1,200",,"5,000","1,300",,"5,100","1,400",,"5,200","1,300",,"5,400","1,300",,"5,100","1,300",,"4,900","1,300",,"5,400","1,300",,"5,700","1,300",,"6,500","1,400",,"6,700","1,400",,"6,400","1,200",,"6,100","1,200"
Tameside,E08000008,,"8,600","1,500",,"6,800","1,300",,"6,300","1,400",,"7,200","1,500",,"4,900",800,,"4,800",800,,"5,000",900,,"5,000",900,,"5,000",900,,"5,000","1,000",,"5,000","1,000",,"5,600","1,000",,"6,000","1,000",,"6,700","1,400",,"6,800","1,400",,"5,700","1,300",,"5,800","1,200",,"5,700","1,000",,"5,700",900,,"6,400","1,000",,"6,400","1,100",,"6,500","1,100",,"7,000","1,200",,"6,600","1,100",,"7,400","1,200",,"7,900","1,300",,"9,000","1,400",,"10,100","1,400",,"10,000","1,300",,"10,000","1,300",,"9,100","1,200",,"9,200","1,300",,"9,300","1,500",,"10,000","1,500",,"10,300","1,500",,"9,900","1,500",,"10,300","1,600",,"10,400","1,700",,"10,800","1,700",,"10,400","1,800",,"10,500","1,800",,"10,100","1,800",,"10,000","1,800",,"10,300","1,800",,"9,700","1,800",,"9,300","1,500",,"9,300","1,500",,"8,500","1,400",,"7,700","1,200",,"6,900","1,300",,"5,900","1,100",,"5,900","1,100",,"5,900","1,000",,"5,900","1,100",,"6,200","1,000",,"6,200","1,000",,"6,200","1,100",,"6,200","1,300",,"5,600","1,100",,"5,700","1,200",,"5,200","1,200",,"5,000","1,000",,"5,200","1,100",,"5,200","1,200",,"5,300","1,300",,"5,200","1,300",,"5,000","1,300",,"4,700","1,100",,"4,600","1,100",,"5,100","1,200",,"4,800","1,200",,"5,100","1,200",,"5,500","1,100",,"5,200","1,000",,"5,100","1,000",,"4,900",900,,"4,300",900
Trafford,E08000009,,"5,900","1,100",,"5,700","1,100",,"4,700","1,100",,"4,800","1,100",,"4,200",700,,"4,100",700,,"4,800",900,,"4,200",800,,"4,000",800,,"4,100",800,,"4,000",800,,"4,300",800,,"4,500",800,,"4,400","1,000",,"4,300","1,000",,"4,000","1,000",,"4,200",900,,"4,600",900,,"4,600",700,,"4,600",800,,"4,600",900,,"4,800",900,,"5,200","1,000",,"5,500","1,000",,"5,900","1,000",,"6,300","1,000",,"7,400","1,200",,"8,200","1,200",,"8,300","1,100",,"8,600","1,100",,"8,000","1,100",,"7,800","1,100",,"7,900","1,300",,"6,900","1,100",,"7,100","1,100",,"7,300","1,200",,"7,800","1,200",,"8,300","1,400",,"8,200","1,400",,"8,300","1,500",,"7,800","1,500",,"7,800","1,400",,"7,600","1,400",,"7,400","1,500",,"7,400","1,500",,"7,000","1,300",,"6,900","1,200",,"6,300","1,100",,"6,500","1,100",,"6,400","1,200",,"6,100","1,100",,"5,800","1,100",,"5,000",900,,"4,600",900,,"4,700",800,,"4,600",800,,"4,600",900,,"4,500","1,000",,"4,500",900,,"4,400","1,000",,"4,500","1,100",,"4,300",900,,"4,000",900,,"4,700","1,100",,"4,300","1,100",,"4,500","1,200",,"4,600","1,100",,"4,100","1,000",,"4,500","1,100",,"4,200","1,000",,"4,000","1,100",,"4,200","1,000",,"4,400","1,000",,"5,000","1,000",,"5,300","1,100",,"4,900",900,,"4,700",900
Wigan,E08000010,,"11,100","1,900",,"10,400","1,900",,"8,300","1,700",,"8,700","1,800",,"7,600","1,200",,"6,600","1,100",,"7,500","1,300",,"7,100","1,200",,"6,800","1,300",,"7,200","1,400",,"7,500","1,400",,"7,200","1,400",,"7,500","1,300",,"6,900","1,600",,"7,300","1,800",,"7,500","1,800",,"8,000","1,700",,"8,100","1,600",,"8,500","1,400",,"9,200","1,500",,"9,400","1,700",,"9,600","1,700",,"9,700","1,800",,"9,400","1,700",,"9,800","1,700",,"10,800","1,800",,"12,100","1,900",,"13,900","2,000",,"14,200","1,900",,"14,400","1,900",,"13,200","1,800",,"12,900","1,800",,"12,800","2,000",,"12,700","1,900",,"13,400","2,000",,"13,500","2,000",,"14,200","2,100",,"15,000","2,300",,"15,000","2,300",,"14,100","2,400",,"14,600","2,500",,"14,100","2,500",,"13,400","2,400",,"13,900","2,500",,"13,300","2,500",,"13,400","2,300",,"13,800","2,300",,"12,600","2,100",,"11,300","1,900",,"9,900","1,900",,"8,900","1,700",,"8,600","1,600",,"8,500","1,600",,"8,100","1,500",,"8,400","1,400",,"8,500","1,400",,"8,200","1,500",,"7,900","1,700",,"7,500","1,500",,"7,100","1,600",,"6,400","1,600",,"6,800","1,400",,"7,000","1,500",,"6,700","1,600",,"6,600","1,700",,"6,400","1,700",,"5,900","1,600",,"5,600","1,500",,"6,000","1,500",,"6,600","1,600",,"6,600","1,700",,"7,000","1,700",,"7,700","1,600",,"7,600","1,500",,"7,400","1,500",,"7,300","1,400",,"6,300","1,300"
Burnley,E07000117,,"2,100",500,,"2,100",500,,"1,800",500,,"2,000",500,,"2,000",400,,"1,800",400,,"1,800",400,,"1,800",400,,"1,900",400,,"1,900",400,,"1,800",400,,"1,800",400,,"2,100",400,,"2,000",600,,"2,200",700,,"2,300",700,,"2,200",600,,"2,400",600,,"2,300",500,,"2,400",600,,"2,600",600,,"2,700",700,,"2,600",700,,"2,600",600,,"2,800",700,,"2,800",700,,"3,300",800,,"3,600",800,,"3,500",800,,"3,700",700,,"3,600",700,,"3,500",700,,"3,400",800,,"3,100",700,,"3,100",700,,"3,200",700,,"3,500",800,,"3,800",900,,"3,800",900,,"3,700","1,000",,"3,700","1,000",,"3,700","1,000",,"3,700","1,000",,"3,700","1,100",,"3,800","1,100",,"3,700",900,,"3,800",900,,"3,600",800,,"3,400",700,,"3,100",800,,"2,800",700,,"2,700",700,,"2,500",600,,"2,500",600,,"2,700",600,,"2,600",600,,"2,700",600,,"2,600",700,,"2,500",600,,"2,600",700,,"2,400",700,,"2,400",600,,"2,300",600,,"2,300",600,,"2,300",700,,"2,400",800,,"2,300",800,,"2,200",700,,"2,200",700,,"2,200",700,,"2,100",600,,"2,000",600,,"2,100",500,,"2,000",500,,"2,300",600,,"2,400",600,,"2,400",600
Chorley,E07000118,,"2,400",500,,"2,000",500,,"1,900",500,,"2,300",600,,"1,800",400,,"1,500",400,,"1,800",400,,"1,800",400,,"1,600",300,,"1,700",400,,"1,700",400,,"1,800",400,,"2,000",400,,"1,800",600,,"1,900",600,,"2,000",600,,"2,000",600,,"2,000",500,,"1,800",400,,"1,900",400,,"2,000",500,,"2,100",500,,"2,200",600,,"2,300",500,,"2,400",600,,"2,700",600,,"3,200",700,,"3,400",700,,"3,300",600,,"3,200",600,,"2,900",600,,"2,900",600,,"2,700",600,,"2,600",600,,"2,800",600,,"2,900",600,,"3,200",700,,"3,400",700,,"3,400",700,,"3,400",800,,"3,200",800,,"3,000",800,,"3,000",700,,"2,900",800,,"3,000",800,,"2,800",700,,"2,700",600,,"2,500",600,,"2,300",500,,"2,300",600,,"2,200",600,,"2,200",600,,"2,000",500,,"1,800",500,,"2,000",500,,"2,100",500,,"2,300",600,,"2,300",700,,"2,200",600,,"2,100",600,,"2,000",600,,"2,000",500,,"1,900",500,,"1,900",600,,"1,800",600,,"1,800",600,,"1,900",600,,"1,700",600,,"1,800",600,,"1,800",600,,"1,500",500,,"1,700",600,,"2,000",600,,"2,500",600,,"2,500",700,,"2,300",500,,"2,100",500
Fylde,E07000119,,"1,300",300,,"1,000",300,,800,200,,"1,000",300,,"1,100",300,,900,200,,"1,000",300,,800,200,,900,200,,900,200,,"1,000",200,,"1,000",200,,"1,100",200,,"1,000",300,,"1,100",400,,"1,100",400,,"1,100",300,,"1,200",300,,"1,200",300,,"1,300",300,,"1,400",400,,"1,300",300,,"1,400",400,,"1,200",300,,"1,200",400,,"1,200",300,,"1,400",400,,"1,600",400,,"1,500",400,,"1,700",400,,"1,600",400,,"1,600",400,,"1,800",500,,"1,700",400,,"1,900",500,,"1,800",500,,"1,900",500,,"1,900",500,,"1,900",500,,"2,000",500,,"1,800",500,,"1,800",500,,"1,500",500,,"1,600",500,,"1,600",500,,"1,600",400,,"1,800",500,,"1,700",400,,"1,600",400,,"1,400",400,,"1,300",400,,"1,300",300,,"1,200",300,,"1,300",400,,"1,400",300,,"1,300",300,,"1,400",400,,"1,300",400,,"1,200",300,,"1,200",400,,"1,000",400,,"1,000",300,,900,300,,900,300,,900,300,,900,400,,900,300,,900,300,,"1,000",300,,"1,000",400,,"1,000",400,,"1,200",400,,"1,300",400,,"1,600",400,,"1,700",500,,"1,400",400,,"1,400",400
Hyndburn,E07000120,,"1,900",400,,"1,800",400,,"1,500",400,,"2,000",500,,"1,700",400,,"1,500",400,,"1,700",400,,"1,600",400,,"1,800",400,,"1,800",400,,"1,700",400,,"1,700",400,,"1,900",400,,"1,600",500,,"1,700",600,,"1,800",600,,"1,900",600,,"1,900",500,,"2,000",500,,"2,100",500,,"2,200",500,,"2,200",600,,"2,200",600,,"2,200",600,,"2,500",600,,"2,700",700,,"3,100",700,,"3,200",700,,"3,000",600,,"3,200",600,,"3,000",600,,"2,900",600,,"2,800",700,,"2,600",600,,"2,600",600,,"2,800",600,,"2,900",700,,"3,000",700,,"3,100",700,,"3,100",800,,"3,200",800,,"3,200",800,,"2,900",800,,"2,600",800,,"2,700",800,,"2,700",700,,"2,900",700,,"2,800",700,,"2,800",600,,"2,500",600,,"2,300",600,,"2,400",600,,"2,300",600,,"2,300",600,,"2,300",500,,"2,200",500,,"2,100",500,,"2,100",600,,"2,000",500,,"2,000",600,,"1,900",600,,"2,000",500,,"1,700",500,,"1,800",500,,"1,800",600,,"1,800",600,,"1,900",700,,"1,700",600,,"1,800",600,,"1,800",600,,"1,800",600,,"1,800",600,,"2,000",600,,"2,000",500,,"2,100",600,,"2,000",500,,"1,900",500
Lancaster,E07000121,,"4,900","1,000",,"4,300",900,,"3,700",900,,"4,300","1,000",,"3,900",700,,"3,400",700,,"3,600",700,,"3,000",700,,"3,500",700,,"3,500",700,,"3,300",700,,"3,300",600,,"3,600",700,,"3,400","1,000",,"3,500","1,000",,"3,300","1,000",,"3,400",900,,"3,200",800,,"3,300",700,,"3,600",700,,"3,500",800,,"3,500",800,,"3,600",900,,"3,700",800,,"4,000",900,,"4,100",800,,"4,500",900,,"4,800",900,,"4,600",800,,"4,500",800,,"4,100",800,,"4,000",800,,"3,900",900,,"3,900",900,,"4,200",900,,"4,200",900,,"4,400","1,000",,"4,800","1,100",,"4,800","1,100",,"5,000","1,200",,"4,900","1,200",,"4,700","1,200",,"4,500","1,100",,"4,100","1,100",,"4,000","1,100",,"4,300","1,000",,"4,600","1,000",,"4,500","1,000",,"4,200",900,,"3,500",900,,"3,100",800,,"3,300",800,,"3,300",800,,"3,500",800,,"3,600",800,,"3,400",700,,"3,500",800,,"3,300",900,,"3,300",800,,"3,500","1,000",,"3,300","1,000",,"3,500",800,,"3,300",800,,"3,400",900,,"3,400","1,000",,"3,200","1,100",,"3,300","1,100",,"2,900",900,,"3,000",900,,"3,000",900,,"2,800",900,,"2,900",900,,"3,300",900,,"3,200",800,,"3,400",900,,"3,500",800,,"3,300",800
Pendle,E07000122,,"2,100",500,,"2,200",500,,"1,800",400,,"2,500",600,,"2,100",400,,"1,800",400,,"2,000",500,,"1,900",500,,"1,800",400,,"1,800",400,,"1,800",400,,"1,900",400,,"2,100",400,,"2,100",600,,"2,100",700,,"2,100",700,,"2,500",700,,"2,600",600,,"2,700",500,,"2,700",600,,"2,700",600,,"2,700",600,,"2,700",700,,"2,600",600,,"2,600",600,,"2,900",600,,"3,200",700,,"3,400",700,,"3,500",700,,"3,500",700,,"3,200",600,,"3,000",600,,"3,100",700,,"2,900",600,,"3,100",700,,"3,000",700,,"3,000",700,,"3,400",800,,"3,500",800,,"3,700",900,,"3,600",900,,"3,400",900,,"3,200",900,,"3,000",900,,"3,000",900,,"3,100",800,,"3,300",800,,"3,100",700,,"2,800",600,,"2,500",600,,"2,200",600,,"2,200",600,,"2,200",600,,"2,200",600,,"2,200",500,,"2,000",500,,"2,000",500,,"2,100",600,,"2,000",500,,"2,000",600,,"1,900",600,,"1,900",500,,"1,800",500,,"1,800",500,,"1,800",600,,"1,600",600,,"1,700",600,,"1,500",500,,"1,700",500,,"1,800",600,,"1,800",600,,"2,000",600,,"2,000",600,,"2,000",600,,"2,100",600,,"2,300",600,,"2,500",700
Preston,E07000123,,"4,900",900,,"3,900",800,,"3,400",800,,"4,000",900,,"3,400",700,,"3,300",700,,"3,600",800,,"3,500",700,,"3,700",700,,"3,900",800,,"3,800",700,,"3,700",700,,"4,000",700,,"3,600","1,000",,"3,600","1,100",,"3,800","1,100",,"4,000","1,000",,"4,100",900,,"4,200",800,,"4,300",800,,"4,000",900,,"4,100",900,,"4,200","1,000",,"4,500","1,000",,"4,800","1,000",,"5,100","1,000",,"5,700","1,100",,"5,900","1,100",,"5,800",900,,"6,200","1,000",,"5,800",900,,"5,800","1,000",,"5,700","1,200",,"5,000","1,000",,"5,300","1,000",,"5,500","1,000",,"5,800","1,100",,"6,200","1,200",,"6,500","1,300",,"6,100","1,400",,"6,200","1,500",,"5,900","1,400",,"5,300","1,300",,"5,000","1,300",,"4,900","1,300",,"5,100","1,100",,"5,200","1,100",,"4,900","1,000",,"4,500",900,,"4,200","1,000",,"3,800",900,,"4,100",900,,"4,000",900,,"4,000",900,,"4,000",800,,"3,700",800,,"3,800",800,,"3,700","1,000",,"3,600",800,,"3,700","1,000",,"3,200","1,000",,"3,300",800,,"3,200",800,,"3,200",900,,"3,300","1,000",,"3,300","1,100",,"3,300","1,100",,"2,800",900,,"2,700",800,,"2,600",800,,"2,600",800,,"2,900",800,,"3,300",800,,"3,400",800,,"3,800","1,000",,"3,600",800,,"3,300",800
Ribble Valley,E07000124,,"1,000",200,,800,200,,600,200,,700,200,,700,200,,600,100,,600,200,,600,200,,600,100,,600,100,,600,100,,600,100,,600,100,,600,200,,700,300,,600,200,,700,200,,700,200,,700,200,,700,200,,700,200,,800,200,,800,200,,900,200,,"1,000",300,,"1,000",300,,"1,200",300,,"1,200",300,,"1,100",300,,"1,100",300,,"1,100",300,,"1,000",300,,"1,000",300,,"1,000",300,,"1,000",300,,"1,000",300,,"1,100",300,,"1,100",300,,"1,200",300,,"1,300",400,,"1,300",400,,"1,100",400,,"1,100",400,,"1,100",400,,"1,100",400,,"1,100",300,,"1,100",300,,"1,000",300,,900,300,,800,300,,800,300,,900,300,,800,200,,900,300,,800,300,,800,300,,900,300,,800,300,,800,300,,800,300,,700,300,,700,200,,600,200,,700,300,,700,300,,700,300,,700,300,,600,200,,600,200,,600,200,,600,300,,700,300,,800,300,,800,300,,900,300,,900,200,,900,300
Rossendale,E07000125,,"1,500",300,,"1,500",400,,"1,300",400,,"1,500",400,,"1,400",300,,"1,200",300,,"1,300",300,,"1,100",300,,"1,200",300,,"1,300",300,,"1,300",300,,"1,300",300,,"1,400",300,,"1,200",400,,"1,300",500,,"1,300",400,,"1,300",400,,"1,400",400,,"1,500",400,,"1,700",400,,"1,700",500,,"1,700",400,,"1,700",500,,"1,700",500,,"1,700",500,,"2,000",500,,"2,200",600,,"2,500",600,,"2,700",600,,"2,700",600,,"2,400",600,,"2,400",600,,"2,400",600,,"2,500",600,,"2,600",600,,"2,700",700,,"2,900",700,,"3,000",700,,"2,900",700,,"2,700",700,,"2,400",700,,"2,100",600,,"2,000",600,,"2,200",700,,"2,100",700,,"2,200",600,,"2,400",600,,"2,200",500,,"2,100",500,,"1,800",500,,"1,600",400,,"1,600",500,,"1,700",400,,"1,700",500,,"1,700",400,,"1,700",400,,"1,700",400,,"1,700",500,,"1,600",400,,"1,400",400,,"1,200",400,,"1,200",300,,"1,400",400,,"1,500",500,,"1,500",500,,"1,400",500,,"1,300",500,,"1,100",400,,"1,100",300,,"1,200",400,,"1,200",400,,"1,300",400,,"1,400",400,,"1,400",400,,"1,300",400,,"1,300",300,,"1,200",400
South Ribble,E07000126,,"2,200",500,,"2,000",400,,"1,900",500,,"2,000",500,,"1,800",400,,"1,500",400,,"1,800",400,,"1,600",400,,"1,600",300,,"1,600",400,,"1,600",300,,"1,600",300,,"1,800",300,,"1,800",600,,"1,700",600,,"1,800",600,,"1,900",500,,"2,000",500,,"2,000",400,,"2,000",400,,"1,900",500,,"2,100",500,,"2,300",600,,"2,300",600,,"2,700",600,,"2,900",600,,"3,200",700,,"3,500",700,,"3,600",700,,"3,600",700,,"3,300",600,,"3,200",600,,"3,000",700,,"2,900",600,,"3,000",600,,"3,200",700,,"3,400",700,,"3,600",800,,"3,500",800,,"3,300",800,,"3,100",800,,"3,000",800,,"2,900",800,,"2,700",800,,"2,800",800,,"3,000",700,,"3,100",700,,"2,800",600,,"2,600",600,,"2,400",600,,"2,300",600,,"2,400",600,,"2,200",500,,"2,000",500,,"1,900",500,,"2,000",500,,"2,200",500,,"2,200",600,,"2,100",500,,"2,100",600,,"2,000",600,,"2,000",500,,"1,900",500,,"2,000",600,,"2,000",600,,"1,900",600,,"1,800",600,,"1,600",500,,"1,500",500,,"1,400",500,,"1,500",500,,"1,700",600,,"1,800",500,,"2,100",600,,"2,100",600,,"1,800",500,,"1,900",500
West Lancashire,E07000127,,"3,500",700,,"3,400",700,,"2,900",700,,"3,300",800,,"2,500",500,,"2,600",600,,"2,700",600,,"2,400",500,,"2,500",500,,"2,600",500,,"2,300",500,,"2,400",500,,"2,500",500,,"2,200",700,,"2,300",700,,"2,700",800,,"2,600",700,,"2,700",600,,"2,700",500,,"2,600",500,,"2,500",600,,"2,700",600,,"2,900",700,,"3,000",700,,"3,200",700,,"3,700",800,,"4,400",900,,"4,800",900,,"5,000",900,,"5,000",900,,"4,400",800,,"4,100",800,,"3,800",900,,"3,500",800,,"3,600",800,,"3,800",800,,"4,000",900,,"4,200",900,,"4,400","1,000",,"4,500","1,100",,"4,200","1,000",,"4,000","1,000",,"3,800",900,,"3,500",900,,"3,500",900,,"3,600",800,,"3,500",800,,"3,200",700,,"2,900",700,,"2,700",700,,"2,600",600,,"2,800",700,,"2,600",600,,"2,400",600,,"2,400",500,,"2,500",500,,"2,500",600,,"2,600",700,,"2,500",600,,"2,500",700,,"2,300",700,,"2,300",600,,"2,200",600,,"2,300",700,,"2,300",700,,"2,300",700,,"2,300",700,,"2,000",600,,"2,100",600,,"1,900",600,,"1,800",600,,"1,900",600,,"1,900",500,,"2,200",600,,"2,400",600,,"2,300",500,,"2,300",600
Wyre,E07000128,,"2,500",600,,"2,000",500,,"1,600",400,,"2,000",500,,"1,900",400,,"1,700",400,,"1,700",400,,"1,500",400,,"1,500",300,,"1,600",400,,"1,600",300,,"1,500",300,,"1,600",300,,"1,500",500,,"1,800",600,,"1,800",600,,"1,900",500,,"1,900",500,,"1,800",400,,"2,000",500,,"1,900",500,,"1,900",500,,"2,000",500,,"2,000",500,,"2,200",500,,"2,200",500,,"2,400",600,,"2,500",600,,"2,200",500,,"2,400",500,,"2,300",500,,"2,300",500,,"2,600",600,,"2,500",600,,"2,800",600,,"2,700",600,,"3,000",700,,"3,200",700,,"3,200",700,,"3,200",800,,"3,000",800,,"3,100",800,,"2,900",800,,"2,800",800,,"2,700",800,,"2,500",600,,"2,600",600,,"2,500",600,,"2,300",500,,"2,100",600,,"2,000",600,,"1,900",500,,"1,800",500,,"2,000",500,,"2,000",500,,"2,000",500,,"2,200",600,,"2,100",600,,"2,000",500,,"1,900",600,,"1,800",600,,"1,800",500,,"1,700",500,,"1,700",500,,"1,600",600,,"1,500",600,,"1,500",600,,"1,400",500,,"1,500",500,,"1,600",500,,"1,800",600,,"2,000",700,,"2,200",700,,"2,500",700,,"2,100",600,,"2,000",500,,"1,900",500
Knowsley,E08000011,,"7,800","1,600",,"7,300","1,500",,"8,500","1,800",,"6,500","1,500",,"5,800",900,,"5,500",900,,"5,400",900,,"4,400",800,,"4,300",800,,"4,500",900,,"4,600",900,,"4,900",900,,"4,800",800,,"4,800",900,,"4,900","1,000",,"5,300","1,000",,"5,200","1,000",,"5,400","1,000",,"5,700",900,,"5,400",900,,"5,400",900,,"5,400","1,000",,"5,400","1,000",,"5,200",900,,"5,300",900,,"5,600",900,,"5,800","1,000",,"6,300","1,000",,"7,100","1,000",,"7,200","1,000",,"7,300","1,000",,"7,900","1,100",,"7,700","1,200",,"7,800","1,200",,"8,200","1,200",,"7,800","1,200",,"8,300","1,300",,"8,800","1,300",,"8,600","1,400",,"8,700","1,400",,"8,600","1,400",,"7,500","1,300",,"7,800","1,400",,"7,500","1,300",,"7,100","1,300",,"7,200","1,200",,"6,800","1,200",,"6,600","1,200",,"6,600","1,100",,"5,700","1,100",,"5,300","1,000",,"5,100",900,,"4,200",800,,"4,500",900,,"4,500",800,,"4,100",800,,"3,900",800,,"3,500",800,,"3,300",800,,"3,300",800,,"3,300",800,,"3,300",700,,"2,900",700,,"2,600",700,,"2,500",800,,"2,700",800,,"2,800",800,,"2,800",800,,"2,900",800,,"2,600",800,,"2,600",800,,"2,600",800,,"2,700",700,,"3,000",700,,"3,100",800,,"3,100",800,,"3,000",900
Liverpool,E08000012,,"27,100","4,100",,"22,100","3,700",,"22,700","4,000",,"19,300","3,600",,"19,200","2,900",,"17,900","2,800",,"17,200","2,800",,"15,300","2,600",,"15,500","2,800",,"16,400","3,000",,"16,100","2,900",,"18,400","3,100",,"18,700","3,100",,"17,800","3,300",,"18,600","3,500",,"18,800","3,500",,"18,400","3,400",,"20,100","3,400",,"20,700","3,300",,"18,800","3,100",,"17,900","3,200",,"16,900","3,200",,"15,300","3,100",,"15,300","3,000",,"16,800","3,200",,"19,200","3,300",,"21,400","3,500",,"23,600","3,600",,"25,600","3,600",,"26,500","3,700",,"26,000","3,600",,"27,600","3,800",,"26,300","4,000",,"24,300","3,700",,"25,700","3,800",,"24,000","3,800",,"24,300","3,900",,"25,500","4,100",,"24,300","4,000",,"25,300","4,200",,"25,400","4,200",,"25,600","4,200",,"25,700","4,200",,"25,300","4,300",,"27,100","4,500",,"27,400","4,400",,"27,900","4,400",,"26,900","4,300",,"26,400","4,200",,"23,200","4,100",,"21,900","3,800",,"20,400","3,600",,"15,900","3,100",,"17,100","3,300",,"17,200","3,100",,"14,800","2,900",,"15,400","3,100",,"15,200","3,300",,"13,300","3,000",,"13,800","3,200",,"14,300","3,300",,"13,600","2,900",,"11,600","2,700",,"10,900","2,700",,"9,600","2,700",,"9,200","2,700",,"10,500","3,000",,"10,300","3,000",,"11,600","3,100",,"10,100","3,000",,"9,800","2,900",,"9,900","2,900",,"9,800","2,600",,"12,600","3,100",,"14,700","3,600",,"14,100","3,600",,"15,000","4,000"
Sefton,E08000014,,"11,800","2,200",,"9,600","1,900",,"10,300","2,200",,"9,200","2,000",,"8,500","1,400",,"7,400","1,300",,"7,400","1,300",,"6,500","1,200",,"6,500","1,300",,"7,100","1,400",,"7,000","1,400",,"7,100","1,400",,"7,000","1,300",,"6,900","1,500",,"6,900","1,600",,"6,900","1,600",,"7,500","1,600",,"7,800","1,500",,"8,400","1,500",,"8,300","1,500",,"7,900","1,500",,"7,300","1,500",,"7,100","1,500",,"7,500","1,500",,"7,800","1,500",,"8,500","1,600",,"9,100","1,600",,"9,600","1,600",,"10,800","1,600",,"11,200","1,700",,"11,200","1,700",,"12,200","1,800",,"11,900","2,000",,"12,100","2,000",,"13,000","2,100",,"12,300","2,000",,"12,200","2,100",,"12,200","2,100",,"11,400","2,100",,"10,900","2,100",,"11,300","2,200",,"11,200","2,200",,"11,200","2,200",,"12,200","2,400",,"11,500","2,300",,"11,200","2,100",,"11,100","2,100",,"9,700","1,800",,"9,900","1,800",,"8,000","1,600",,"7,200","1,400",,"7,000","1,400",,"5,800","1,200",,"6,200","1,300",,"6,700","1,300",,"6,300","1,200",,"6,100","1,300",,"6,100","1,500",,"5,500","1,300",,"5,700","1,400",,"5,900","1,500",,"5,600","1,200",,"5,100","1,200",,"4,600","1,200",,"4,100","1,200",,"4,000","1,300",,"4,000","1,300",,"4,100","1,300",,"4,600","1,300",,"3,900","1,200",,"4,000","1,300",,"4,100","1,200",,"4,400","1,100",,"5,000","1,200",,"5,100","1,300",,"5,000","1,200",,"4,900","1,300"
St. Helens,E08000013,,"7,500","1,500",,"5,800","1,300",,"6,400","1,500",,"5,200","1,300",,"5,700","1,000",,"4,900",900,,"4,700",900,,"4,200",800,,"3,800",800,,"4,000",800,,"4,100",800,,"4,200",800,,"4,500",800,,"4,300",900,,"4,400","1,000",,"4,700","1,000",,"4,400",900,,"4,700",900,,"5,300",900,,"5,000",900,,"5,000",900,,"5,200","1,000",,"5,200","1,000",,"5,300","1,000",,"5,600","1,000",,"6,100","1,000",,"6,300","1,100",,"6,900","1,100",,"7,400","1,100",,"7,200","1,100",,"7,100","1,100",,"7,400","1,100",,"7,100","1,200",,"7,300","1,200",,"7,700","1,200",,"7,500","1,200",,"7,600","1,300",,"7,900","1,300",,"7,600","1,300",,"7,400","1,400",,"7,100","1,400",,"6,500","1,300",,"6,800","1,300",,"7,100","1,400",,"7,000","1,400",,"7,900","1,400",,"8,400","1,400",,"8,200","1,400",,"8,500","1,400",,"7,500","1,400",,"6,500","1,200",,"6,000","1,100",,"4,900","1,000",,"4,900","1,000",,"5,000",900,,"4,400",900,,"4,200",900,,"4,000","1,000",,"3,600",900,,"3,600",900,,"3,700","1,000",,"3,800",900,,"3,500",800,,"3,200",800,,"2,900",900,,"2,800",900,,"3,100",900,,"3,300","1,000",,"3,700","1,000",,"3,600","1,000",,"3,400","1,000",,"3,200",900,,"3,100",800,,"3,400",800,,"3,500",900,,"3,400",900,,"3,300",900
Wirral,E08000015,,"14,100","2,500",,"11,100","2,200",,"12,400","2,500",,"10,600","2,200",,"10,900","1,700",,"9,300","1,600",,"8,700","1,500",,"7,400","1,400",,"7,400","1,500",,"8,100","1,600",,"8,400","1,700",,"8,600","1,700",,"8,800","1,700",,"7,900","1,800",,"8,100","1,900",,"8,100","1,900",,"8,400","1,900",,"9,600","1,900",,"10,400","1,800",,"10,000","1,800",,"9,600","1,900",,"9,400","1,900",,"9,000","1,900",,"9,400","1,900",,"9,400","1,900",,"10,400","1,900",,"10,800","1,900",,"11,400","1,900",,"12,700","1,900",,"12,900","1,900",,"12,700","1,900",,"13,200","2,000",,"12,000","2,100",,"12,600","2,000",,"13,400","2,100",,"12,700","2,100",,"13,200","2,200",,"13,200","2,300",,"12,200","2,200",,"12,000","2,300",,"11,700","2,300",,"10,600","2,100",,"11,000","2,200",,"11,800","2,400",,"11,700","2,400",,"12,000","2,300",,"12,000","2,300",,"11,500","2,200",,"11,800","2,100",,"10,500","2,100",,"9,300","1,800",,"8,200","1,700",,"6,500","1,400",,"6,900","1,500",,"7,200","1,400",,"6,500","1,300",,"6,200","1,400",,"5,700","1,400",,"5,600","1,400",,"5,900","1,500",,"6,400","1,700",,"6,100","1,400",,"5,400","1,400",,"4,900","1,300",,"4,200","1,300",,"4,400","1,400",,"4,800","1,500",,"5,800","1,700",,"6,400","1,700",,"5,600","1,600",,"5,400","1,700",,"4,700","1,400",,"5,200","1,300",,"5,800","1,400",,"6,200","1,500",,"5,800","1,500",,"5,500","1,500"
East Riding of Yorkshire,E06000011,,"9,400","1,700",,"8,300","1,600",,"7,900","1,600",,"6,700","1,400",,"6,400","1,100",,"6,200","1,100",,"6,300","1,200",,"6,300","1,200",,"5,400","1,100",,"5,300","1,100",,"5,300","1,100",,"5,400","1,100",,"5,900","1,100",,"6,600","1,500",,"7,000","1,600",,"7,900","1,700",,"7,500","1,600",,"7,100","1,400",,"6,900","1,100",,"6,500","1,100",,"6,300","1,200",,"5,800","1,200",,"6,100","1,300",,"6,500","1,300",,"7,100","1,300",,"8,400","1,500",,"9,300","1,600",,"10,100","1,600",,"10,500","1,500",,"11,300","1,600",,"11,000","1,600",,"10,500","1,600",,"10,700","1,900",,"9,900","1,700",,"10,300","1,700",,"10,900","1,700",,"10,900","1,700",,"10,700","1,800",,"11,700","2,000",,"11,700","2,100",,"11,400","2,100",,"11,800","2,200",,"10,900","2,100",,"10,400","2,100",,"11,400","2,300",,"10,100","1,900",,"9,500","1,800",,"9,100","1,700",,"7,900","1,500",,"8,100","1,600",,"7,800","1,500",,"7,200","1,400",,"7,200","1,400",,"6,600","1,300",,"6,700","1,200",,"6,800","1,200",,"6,300","1,300",,"6,200","1,400",,"6,100","1,300",,"5,700","1,300",,"5,900","1,400",,"5,900","1,200",,"5,400","1,200",,"5,600","1,300",,"5,400","1,400",,"5,700","1,500",,"5,900","1,500",,"5,400","1,400",,"5,700","1,400",,"4,900","1,400",,"4,700","1,300",,"5,400","1,400",,"5,500","1,300",,"6,000","1,200",,"6,400","1,300",,"6,000","1,100",,"5,500","1,100"
"Kingston upon Hull, City of",E06000010,,"14,500","2,400",,"12,600","2,200",,"14,300","2,500",,"12,400","2,300",,"9,700","1,400",,"9,500","1,400",,"8,700","1,400",,"9,800","1,500",,"8,300","1,500",,"8,200","1,500",,"8,400","1,500",,"8,300","1,500",,"8,800","1,500",,"8,600","1,700",,"8,700","1,800",,"9,200","1,800",,"9,700","1,800",,"9,800","1,700",,"10,400","1,600",,"10,300","1,600",,"10,400","1,700",,"9,500","1,600",,"10,500","1,800",,"11,000","1,800",,"11,300","1,800",,"13,600","2,000",,"13,900","2,000",,"16,100","2,100",,"17,800","2,100",,"17,700","2,100",,"17,400","2,100",,"17,000","2,100",,"16,900","2,300",,"17,800","2,200",,"18,100","2,300",,"19,000","2,300",,"19,200","2,400",,"19,300","2,500",,"20,000","2,500",,"19,200","2,600",,"19,500","2,700",,"19,300","2,700",,"18,600","2,700",,"18,200","2,700",,"17,600","2,700",,"17,100","2,500",,"16,000","2,400",,"15,400","2,300",,"14,600","2,100",,"13,500","2,200",,"12,700","2,000",,"11,400","1,900",,"10,900","1,800",,"10,700","1,800",,"10,100","1,600",,"10,500","1,700",,"9,300","1,700",,"9,300","2,000",,"9,300","1,800",,"8,500","1,800",,"9,300","2,000",,"8,200","1,600",,"8,400","1,700",,"8,200","1,800",,"7,800","1,900",,"8,500","2,100",,"8,600","2,100",,"8,800","2,100",,"8,600","2,000",,"8,200","2,000",,"6,400","1,800",,"6,800","1,700",,"7,200","1,600",,"7,400","1,500",,"7,600","1,600",,"7,300","1,400",,"6,300","1,300"
North East Lincolnshire,E06000012,,"8,100","1,500",,"7,300","1,400",,"6,900","1,400",,"6,800","1,400",,"5,700",800,,"5,500",800,,"5,000",800,,"4,500",700,,"4,400",800,,"4,500",800,,"4,500",800,,"4,500",800,,"4,500",800,,"4,700","1,000",,"4,900","1,000",,"5,000","1,000",,"4,900","1,000",,"5,000",900,,"5,100",800,,"5,100",800,,"5,200",900,,"4,900",900,,"5,000","1,000",,"5,400","1,000",,"5,800","1,000",,"6,700","1,100",,"7,000","1,100",,"7,700","1,100",,"8,200","1,100",,"8,700","1,100",,"8,700","1,100",,"8,800","1,200",,"8,700","1,300",,"8,800","1,200",,"8,900","1,200",,"9,400","1,300",,"9,600","1,300",,"9,400","1,300",,"9,600","1,400",,"9,100","1,400",,"8,900","1,400",,"8,600","1,400",,"8,900","1,400",,"9,000","1,400",,"8,500","1,400",,"8,000","1,200",,"7,400","1,200",,"7,000","1,100",,"6,800","1,000",,"6,900","1,100",,"6,600","1,100",,"6,000","1,000",,"6,000","1,000",,"5,800","1,000",,"5,400",900,,"5,300",900,,"4,800",900,,"4,400",900,,"4,500",900,,"4,400",900,,"4,200",900,,"4,000",800,,"4,200",800,,"4,100",900,,"4,400","1,000",,"4,600","1,100",,"4,200","1,000",,"4,100","1,000",,"3,900",900,,"3,900",900,,"3,400",900,,"3,600",800,,"3,800",800,,"3,600",700,,"3,600",700,,"3,400",600,,"2,900",600
North Lincolnshire,E06000013,,"6,100","1,100",,"5,600","1,100",,"5,600","1,200",,"4,600","1,000",,"3,900",600,,"3,700",600,,"3,700",700,,"3,700",700,,"3,200",600,,"3,200",600,,"3,500",700,,"3,500",700,,"3,400",600,,"3,900",800,,"3,800",900,,"4,100",900,,"4,300",900,,"4,200",800,,"4,300",700,,"4,400",700,,"4,400",800,,"4,000",800,,"4,300",900,,"4,500",800,,"4,800",900,,"5,700",900,,"6,300","1,000",,"6,700","1,000",,"6,900",900,,"6,800",900,,"6,600",900,,"6,400",900,,"6,500","1,100",,"6,700","1,000",,"6,600","1,000",,"7,000","1,000",,"7,200","1,100",,"7,100","1,100",,"7,200","1,100",,"7,100","1,200",,"6,800","1,200",,"6,600","1,200",,"6,400","1,200",,"6,100","1,200",,"5,800","1,200",,"6,000","1,100",,"5,700","1,000",,"5,600","1,000",,"5,300",900,,"4,800",900,,"4,600",900,,"4,200",800,,"4,300",800,,"4,800",900,,"4,900",800,,"5,000",800,,"4,500",900,,"4,200",900,,"4,000",800,,"3,800",900,,"4,200",900,,"3,900",800,,"4,100",800,,"4,300","1,000",,"4,300","1,100",,"4,200","1,100",,"3,800","1,000",,"3,700",900,,"3,400",800,,"3,500",900,,"3,400",900,,"3,600",900,,"4,000",900,,"3,700",700,,"3,800",800,,"3,500",700,,"2,900",600
York,E06000014,,"5,100","1,000",,"4,700","1,000",,"4,600","1,000",,"3,900",900,,"3,800",700,,"3,500",600,,"3,200",600,,"3,600",700,,"3,000",600,,"2,800",600,,"2,900",600,,"2,900",600,,"3,100",600,,"3,200",800,,"3,500",900,,"4,500","1,000",,"4,700","1,000",,"4,500",900,,"4,300",700,,"4,000",700,,"3,900",800,,"3,700",800,,"4,000",800,,"4,400",900,,"4,700",900,,"5,200",900,,"5,900","1,000",,"6,200","1,000",,"6,600","1,000",,"7,000","1,000",,"6,600","1,000",,"6,400","1,000",,"6,500","1,200",,"6,400","1,100",,"6,600","1,100",,"6,600","1,100",,"6,600","1,100",,"6,600","1,200",,"6,900","1,200",,"6,700","1,300",,"6,300","1,200",,"6,400","1,200",,"5,800","1,100",,"5,600","1,100",,"5,500","1,100",,"5,500","1,000",,"5,300","1,000",,"5,300","1,000",,"4,800",900,,"4,500",900,,"4,200",800,,"3,900",800,,"3,900",800,,"3,900",800,,"3,900",700,,"3,600",700,,"3,600",800,,"3,400",800,,"3,400",800,,"3,400",800,,"3,400",800,,"3,600",800,,"3,400",800,,"3,600",900,,"3,500",900,,"3,400",900,,"3,500",900,,"3,200",900,,"3,200",800,,"2,900",800,,"2,700",800,,"3,300",900,,"3,400",800,,"3,800",800,,"4,000",900,,"3,700",700,,"3,300",700
Craven,E07000163,,900,300,,900,200,,800,200,,700,200,,900,200,,700,200,,700,200,,700,200,,600,200,,600,200,,600,200,,600,200,,700,200,,700,300,,800,300,,800,300,,900,300,,900,300,,"1,000",300,,"1,000",300,,"1,000",300,,900,300,,900,300,,800,300,,900,300,,"1,000",300,,"1,100",300,,"1,300",400,,"1,300",400,,"1,400",400,,"1,500",400,,"1,300",400,,"1,500",400,,"1,500",400,,"1,500",400,,"1,600",500,,"1,700",500,,"1,900",500,,"1,700",500,,"1,600",500,,"1,500",500,,"1,400",400,,"1,200",400,,"1,300",400,,"1,300",400,,"1,200",300,,"1,200",300,,"1,000",300,,"1,000",300,,"1,000",300,,"1,000",300,,900,300,,900,200,,900,300,,900,300,,900,300,,900,300,,800,300,,"1,000",300,,"1,000",300,,"1,000",400,,"1,000",300,,900,300,,800,300,,800,300,,800,300,,800,300,,700,300,,700,200,,600,200,,500,200,,700,200,,700,200,,800,200,,800,300,,600,200,,700,200
Hambleton,E07000164,,"1,900",400,,"1,600",400,,"1,500",400,,"1,300",400,,"1,500",300,,"1,300",300,,"1,300",300,,"1,200",300,,"1,100",200,,"1,000",300,,"1,000",200,,"1,100",200,,"1,200",300,,"1,200",400,,"1,300",400,,"1,400",500,,"1,500",500,,"1,600",400,,"1,500",300,,"1,500",400,,"1,400",400,,"1,300",400,,"1,400",400,,"1,500",400,,"1,600",400,,"1,800",500,,"1,800",500,,"1,900",500,,"1,900",500,,"2,000",500,,"2,000",500,,"1,800",400,,"1,900",500,,"1,900",500,,"2,000",500,,"2,200",600,,"2,300",600,,"2,200",600,,"2,300",600,,"2,200",600,,"2,100",600,,"2,000",600,,"1,800",500,,"1,900",600,,"1,800",500,,"1,700",500,,"1,700",500,,"1,500",400,,"1,400",400,,"1,500",400,,"1,500",400,,"1,400",400,,"1,400",400,,"1,400",400,,"1,400",300,,"1,300",300,,"1,300",400,,"1,300",400,,"1,400",400,,"1,400",400,,"1,500",500,,"1,400",400,,"1,300",400,,"1,300",400,,"1,300",400,,"1,300",500,,"1,400",500,,"1,300",400,,"1,200",400,,"1,100",400,,"1,000",400,,"1,200",400,,"1,400",400,,"1,500",400,,"1,600",500,,"1,500",400,,"1,400",400
Harrogate,E07000165,,"3,200",700,,"2,700",600,,"2,500",600,,"2,400",600,,"2,200",500,,"1,800",400,,"2,000",500,,"2,100",500,,"1,800",400,,"1,700",400,,"1,700",400,,"1,800",400,,"1,900",400,,"1,900",600,,"2,100",700,,"2,300",700,,"2,400",700,,"2,500",600,,"2,400",500,,"2,300",500,,"2,200",500,,"2,200",500,,"2,300",600,,"2,500",600,,"2,700",600,,"3,100",700,,"3,500",800,,"3,700",800,,"4,000",700,,"4,100",700,,"3,900",700,,"3,800",700,,"3,900",900,,"3,800",800,,"4,000",800,,"4,100",900,,"4,300",900,,"4,300","1,000",,"4,400","1,000",,"4,200","1,000",,"3,600",900,,"3,300",800,,"3,100",800,,"2,800",800,,"2,700",800,,"2,700",700,,"2,600",600,,"2,500",600,,"2,400",600,,"2,400",600,,"2,300",600,,"2,200",500,,"2,200",500,,"2,400",600,,"2,300",500,,"2,300",500,,"2,300",600,,"2,300",700,,"2,500",600,,"2,700",700,,"2,900",800,,"2,800",700,,"2,700",700,,"2,900",800,,"2,600",800,,"2,400",800,,"2,300",800,,"2,100",700,,"2,100",600,,"1,800",600,,"1,800",600,,"2,100",600,,"2,300",600,,"2,500",600,,"2,600",600,,"2,500",500,,"2,300",500
Richmondshire,E07000166,,"1,000",200,,800,200,,800,200,,700,200,,700,200,,700,200,,700,200,,700,200,,700,200,,700,200,,700,200,,700,200,,700,100,,700,200,,600,300,,700,300,,800,300,,800,200,,800,200,,800,200,,800,300,,800,200,,800,300,,900,300,,900,300,,"1,100",300,,"1,100",300,,"1,200",300,,"1,200",300,,"1,200",300,,"1,300",300,,"1,200",300,,"1,200",300,,"1,200",300,,"1,200",300,,"1,200",300,,"1,400",400,,"1,400",400,,"1,400",400,,"1,400",400,,"1,300",400,,"1,200",400,,"1,200",300,,"1,100",300,,"1,100",300,,"1,000",300,,"1,000",300,,900,300,,700,200,,700,200,,700,200,,600,200,,600,200,,600,200,,700,200,,700,200,,700,300,,700,300,,800,300,,"1,000",300,,900,300,,900,300,,800,300,,900,300,,800,300,,800,300,,700,300,,600,300,,600,300,,600,200,,600,200,,700,300,,700,300,,800,300,,900,300,,800,300,,700,300
Ryedale,E07000167,,"1,100",300,,800,200,,800,200,,800,300,,900,200,,600,200,,700,200,,700,200,,600,100,,600,100,,600,100,,600,100,,600,100,,700,300,,900,300,,"1,000",300,,900,300,,900,300,,800,200,,900,200,,900,200,,800,200,,900,300,,900,300,,900,300,,"1,000",300,,"1,000",300,,"1,000",300,,"1,000",300,,"1,100",300,,"1,200",300,,"1,100",300,,"1,200",300,,"1,100",300,,"1,200",300,,"1,400",400,,"1,400",400,,"1,400",400,,"1,300",400,,"1,300",400,,"1,300",400,,"1,300",400,,"1,200",400,,"1,200",400,,"1,200",400,,"1,100",300,,"1,100",400,,"1,100",300,,900,300,,800,300,,800,200,,800,200,,700,200,,900,300,,900,200,,800,200,,900,300,,800,300,,900,300,,900,300,,900,300,,900,200,,900,300,,800,300,,700,300,,700,300,,700,300,,700,300,,700,300,,700,200,,600,200,,800,300,,800,300,,900,300,,"1,000",300,,900,300,,800,300
Scarborough,E07000168,,"4,000",800,,"3,100",700,,"3,000",700,,"2,900",700,,"2,900",600,,"2,400",500,,"2,200",500,,"2,300",500,,"1,900",400,,"1,800",400,,"1,900",400,,"1,800",400,,"2,000",400,,"2,400",700,,"2,600",800,,"2,900",800,,"2,800",800,,"2,700",700,,"2,600",600,,"2,600",600,,"2,500",600,,"2,300",600,,"2,600",700,,"2,700",700,,"3,000",700,,"3,300",800,,"3,400",800,,"3,700",800,,"3,800",700,,"4,200",800,,"4,300",800,,"4,200",800,,"4,500","1,000",,"4,100",900,,"4,100",900,,"4,300",900,,"4,300","1,000",,"4,400","1,000",,"4,600","1,000",,"4,800","1,100",,"4,500","1,100",,"4,700","1,100",,"4,400","1,100",,"4,200","1,100",,"4,300","1,100",,"3,800",900,,"3,800",900,,"3,600",800,,"3,400",700,,"3,100",700,,"2,700",700,,"2,200",600,,"2,000",500,,"2,100",500,,"2,100",500,,"2,300",500,,"2,200",500,,"2,000",600,,"2,100",600,,"2,000",600,,"2,100",700,,"2,000",500,,"1,800",500,,"1,800",600,,"1,700",600,,"1,900",700,,"1,900",700,,"1,900",600,,"1,800",600,,"1,500",500,,"1,500",500,,"1,700",500,,"1,900",500,,"2,200",500,,"2,200",500,,"2,100",500,,"1,900",500
Selby,E07000169,,"2,200",500,,"2,000",400,,"1,900",500,,"1,700",400,,"1,500",300,,"1,300",300,,"1,400",300,,"1,300",300,,"1,200",300,,"1,200",300,,"1,200",300,,"1,300",300,,"1,300",300,,"1,500",500,,"1,500",500,,"1,700",500,,"1,800",500,,"1,800",500,,"1,800",400,,"1,600",400,,"1,500",400,,"1,500",400,,"1,600",400,,"1,800",500,,"1,900",500,,"2,200",600,,"2,400",600,,"2,600",600,,"2,800",600,,"2,900",600,,"3,100",600,,"2,800",600,,"2,700",600,,"2,500",600,,"2,600",600,,"2,800",600,,"2,800",600,,"2,900",700,,"2,900",700,,"2,700",700,,"2,600",700,,"2,400",700,,"2,200",600,,"2,300",600,,"2,400",700,,"2,300",600,,"2,200",500,,"2,300",600,,"2,100",500,,"2,100",500,,"2,100",500,,"1,800",500,,"1,800",500,,"1,800",500,,"1,700",400,,"1,800",400,,"1,800",500,,"1,800",600,,"1,700",500,,"1,700",500,,"1,700",500,,"1,600",400,,"1,400",400,,"1,400",400,,"1,400",500,,"1,500",500,,"1,500",500,,"1,400",500,,"1,400",400,,"1,100",400,,"1,100",400,,"1,300",400,,"1,300",400,,"1,500",400,,"1,400",400,,"1,500",400,,"1,500",400
Barnsley,E08000016,,"9,200","1,600",,"9,200","1,700",,"9,200","1,800",,"7,300","1,500",,"6,500","1,000",,"5,600",900,,"5,400",900,,"4,900",800,,"4,700",900,,"4,500",900,,"4,900",900,,"4,700",900,,"5,100",900,,"5,800","1,200",,"6,100","1,300",,"6,400","1,300",,"6,100","1,200",,"5,900","1,100",,"6,000","1,000",,"6,300","1,000",,"6,200","1,100",,"5,600","1,100",,"6,200","1,200",,"6,700","1,200",,"7,400","1,300",,"8,700","1,400",,"9,700","1,500",,"9,900","1,500",,"10,300","1,400",,"10,500","1,400",,"10,200","1,400",,"10,300","1,400",,"10,900","1,700",,"11,000","1,600",,"11,000","1,600",,"12,000","1,700",,"11,700","1,700",,"11,900","1,800",,"11,500","1,800",,"11,200","1,800",,"11,800","1,900",,"11,900","2,000",,"12,300","2,000",,"12,100","2,100",,"11,700","2,000",,"11,200","1,800",,"10,700","1,700",,"10,200","1,600",,"9,100","1,400",,"8,400","1,500",,"7,500","1,300",,"7,300","1,300",,"7,200","1,300",,"7,400","1,300",,"7,200","1,200",,"6,700","1,100",,"6,300","1,200",,"6,100","1,400",,"5,900","1,200",,"5,800","1,300",,"6,100","1,400",,"5,700","1,100",,"6,500","1,300",,"6,300","1,400",,"5,900","1,500",,"6,000","1,500",,"5,100","1,400",,"5,200","1,300",,"5,700","1,300",,"5,700","1,400",,"5,200","1,400",,"5,800","1,400",,"6,200","1,400",,"6,000","1,200",,"6,200","1,300",,"5,700","1,100",,"4,800","1,000"
Doncaster,E08000017,,"13,800","2,300",,"13,100","2,200",,"11,900","2,200",,"10,200","2,000",,"9,300","1,400",,"7,900","1,300",,"7,200","1,200",,"7,300","1,200",,"6,400","1,200",,"6,200","1,200",,"6,300","1,200",,"6,800","1,300",,"7,100","1,200",,"8,000","1,700",,"8,900","1,900",,"8,200","1,700",,"8,400","1,700",,"8,000","1,500",,"8,000","1,300",,"8,400","1,400",,"8,500","1,500",,"8,100","1,500",,"9,000","1,700",,"9,600","1,700",,"9,900","1,700",,"11,200","1,800",,"12,100","1,900",,"12,900","1,900",,"13,700","1,800",,"14,100","1,800",,"13,600","1,800",,"13,500","1,900",,"13,800","2,100",,"14,200","2,000",,"14,800","2,100",,"15,700","2,200",,"16,800","2,300",,"17,600","2,500",,"18,300","2,600",,"17,300","2,600",,"15,900","2,600",,"15,600","2,600",,"14,900","2,500",,"14,800","2,600",,"14,300","2,600",,"13,400","2,200",,"13,000","2,200",,"13,000","2,100",,"12,700","2,000",,"12,900","2,200",,"12,200","2,100",,"11,000","2,000",,"10,400","1,900",,"9,600","1,800",,"9,300","1,500",,"9,200","1,600",,"8,700","1,600",,"9,200","1,900",,"9,000","1,800",,"8,900","1,900",,"8,800","1,900",,"7,800","1,500",,"8,400","1,600",,"8,300","1,800",,"8,300","2,000",,"8,700","2,100",,"8,400","2,100",,"8,200","2,000",,"7,800","1,800",,"7,700","1,900",,"6,400","1,700",,"7,300","1,800",,"7,800","1,700",,"7,100","1,400",,"7,800","1,600",,"7,600","1,400",,"6,600","1,300"
Rotherham,E08000018,,"12,500","2,100",,"10,500","1,800",,"10,600","2,000",,"9,200","1,800",,"7,600","1,200",,"6,300","1,000",,"6,000","1,000",,"5,900","1,000",,"5,200","1,000",,"5,200","1,000",,"5,300","1,000",,"5,500","1,000",,"5,800","1,000",,"6,200","1,300",,"7,200","1,500",,"7,600","1,500",,"7,700","1,500",,"7,400","1,400",,"6,900","1,100",,"6,900","1,100",,"6,600","1,200",,"6,500","1,200",,"7,000","1,400",,"8,000","1,400",,"9,200","1,600",,"10,400","1,700",,"11,100","1,700",,"12,200","1,700",,"12,400","1,600",,"12,300","1,600",,"12,300","1,600",,"11,500","1,600",,"11,700","1,800",,"12,500","1,800",,"12,700","1,800",,"13,800","1,900",,"14,200","1,900",,"13,700","2,000",,"14,000","2,000",,"13,200","2,100",,"12,000","2,000",,"12,700","2,100",,"12,700","2,100",,"13,900","2,300",,"13,900","2,300",,"12,300","2,000",,"11,800","1,900",,"10,900","1,800",,"10,400","1,700",,"10,000","1,700",,"9,300","1,600",,"8,200","1,500",,"8,200","1,500",,"8,000","1,500",,"7,700","1,300",,"8,000","1,400",,"7,500","1,400",,"7,300","1,600",,"7,100","1,400",,"6,200","1,400",,"6,400","1,500",,"6,200","1,200",,"6,400","1,300",,"6,300","1,400",,"6,100","1,500",,"6,100","1,600",,"6,200","1,600",,"6,200","1,600",,"6,200","1,500",,"6,200","1,500",,"5,400","1,400",,"5,500","1,400",,"6,000","1,300",,"6,000","1,200",,"6,700","1,400",,"6,400","1,200",,"5,400","1,100"
Sheffield,E08000019,,"24,400","3,500",,"20,700","3,200",,"18,600","3,100",,"17,900","3,100",,"16,600","2,500",,"13,600","2,300",,"13,900","2,400",,"15,500","2,500",,"14,300","2,600",,"13,600","2,600",,"13,000","2,400",,"12,300","2,300",,"13,300","2,300",,"15,100","3,100",,"17,200","3,400",,"18,400","3,500",,"17,900","3,300",,"17,000","3,000",,"15,900","2,500",,"15,600","2,500",,"15,300","2,800",,"13,900","2,600",,"15,100","3,000",,"16,100","2,900",,"17,200","3,100",,"19,800","3,300",,"21,200","3,500",,"22,500","3,400",,"23,000","3,200",,"24,400","3,200",,"24,100","3,300",,"23,000","3,300",,"22,600","3,700",,"22,700","3,500",,"23,500","3,500",,"25,700","3,700",,"26,100","3,900",,"26,900","4,100",,"27,900","4,300",,"27,600","4,500",,"29,100","4,700",,"27,800","4,600",,"28,500","4,700",,"28,700","5,000",,"28,100","5,000",,"28,700","4,600",,"27,900","4,400",,"26,400","4,200",,"24,500","3,900",,"23,000","3,900",,"20,800","3,700",,"19,900","3,600",,"20,800","3,600",,"21,400","3,700",,"20,500","3,300",,"18,900","3,200",,"17,200","3,200",,"15,900","3,400",,"15,700","3,200",,"16,800","3,600",,"17,300","3,800",,"16,500","3,100",,"15,600","3,200",,"15,100","3,400",,"14,400","3,600",,"13,800","3,600",,"13,600","3,600",,"12,500","3,300",,"12,500","3,000",,"11,700","3,000",,"11,300","3,000",,"12,600","3,100",,"14,100","3,100",,"15,300","3,100",,"17,400","3,500",,"16,100","2,900",,"15,100","2,900"
Bradford,E08000032,,"18,800","2,900",,"16,100","2,700",,"15,400","2,800",,"16,200","2,900",,"15,600","2,300",,"13,200","2,100",,"13,200","2,100",,"12,900","2,100",,"12,300","2,200",,"12,000","2,200",,"12,100","2,200",,"12,000","2,100",,"12,400","2,100",,"13,300","2,700",,"13,600","2,800",,"15,200","3,000",,"14,700","2,900",,"14,900","2,700",,"15,400","2,400",,"15,100","2,400",,"16,000","2,800",,"14,900","2,700",,"14,800","2,800",,"15,600","2,800",,"17,100","3,000",,"18,400","3,100",,"19,800","3,300",,"20,500","3,200",,"20,500","2,900",,"22,600","3,000",,"23,300","3,100",,"22,100","3,100",,"23,200","3,600",,"22,700","3,300",,"22,300","3,200",,"26,200","3,600",,"26,200","3,700",,"26,400","3,900",,"27,100","4,100",,"24,600","4,000",,"26,100","4,200",,"25,500","4,200",,"26,500","4,300",,"27,400","4,600",,"27,400","4,700",,"26,500","4,200",,"25,100","3,900",,"23,600","3,700",,"21,800","3,400",,"22,100","3,700",,"21,100","3,500",,"21,000","3,500",,"20,300","3,300",,"20,100","3,300",,"18,200","2,800",,"16,900","2,800",,"15,300","2,800",,"14,800","3,100",,"14,600","2,800",,"14,600","3,000",,"15,000","3,200",,"13,700","2,600",,"13,100","2,700",,"12,200","2,700",,"11,700","2,900",,"12,000","3,100",,"13,300","3,300",,"14,100","3,300",,"15,200","3,300",,"14,300","3,300",,"13,300","3,300",,"14,000","3,300",,"14,500","3,100",,"15,300","3,000",,"16,300","3,200",,"15,600","2,900",,"14,900","3,000"
Calderdale,E08000033,,"6,300","1,200",,"6,100","1,200",,"5,400","1,200",,"5,000","1,100",,"5,300",900,,"4,300",700,,"4,200",800,,"4,500",800,,"4,200",800,,"3,500",700,,"3,600",700,,"3,400",700,,"3,800",700,,"4,200",900,,"4,500","1,000",,"4,500","1,000",,"5,100","1,000",,"5,100","1,000",,"5,200",800,,"5,200",900,,"4,900",900,,"4,800",900,,"4,900","1,000",,"5,700","1,000",,"6,000","1,100",,"6,800","1,100",,"7,700","1,200",,"8,000","1,200",,"8,500","1,200",,"8,800","1,200",,"8,600","1,200",,"8,200","1,200",,"8,900","1,400",,"8,400","1,300",,"8,600","1,300",,"9,300","1,400",,"8,700","1,300",,"9,200","1,400",,"9,400","1,500",,"9,000","1,500",,"8,500","1,500",,"8,100","1,500",,"8,400","1,500",,"8,500","1,600",,"9,200","1,700",,"8,500","1,400",,"8,000","1,400",,"7,700","1,300",,"7,000","1,200",,"6,700","1,200",,"6,200","1,100",,"5,600","1,000",,"5,700","1,000",,"6,000","1,100",,"5,600",900,,"5,100",900,,"4,700",900,,"3,900",900,,"4,300",900,,"3,900",900,,"4,400","1,000",,"5,000","1,000",,"4,700","1,000",,"4,900","1,100",,"4,400","1,100",,"4,200","1,100",,"4,400","1,100",,"4,100","1,000",,"4,200","1,000",,"4,000","1,000",,"3,700","1,000",,"4,100","1,000",,"4,500","1,000",,"4,700","1,000",,"5,100","1,000",,"5,000",900,,"4,700",900
Kirklees,E08000034,,"13,700","2,200",,"11,900","2,100",,"11,100","2,100",,"11,700","2,200",,"10,800","1,700",,"9,000","1,500",,"8,900","1,600",,"8,900","1,500",,"8,400","1,600",,"8,000","1,600",,"8,300","1,600",,"8,000","1,500",,"8,700","1,500",,"8,900","1,900",,"8,800","2,000",,"9,600","2,100",,"9,900","2,000",,"10,200","1,900",,"10,700","1,700",,"10,500","1,700",,"10,000","1,900",,"9,800","1,900",,"10,700","2,100",,"12,100","2,200",,"12,900","2,300",,"13,700","2,300",,"14,600","2,400",,"15,200","2,400",,"16,000","2,300",,"17,200","2,300",,"17,300","2,400",,"16,800","2,400",,"17,600","2,900",,"16,600","2,600",,"16,800","2,500",,"18,500","2,700",,"18,100","2,700",,"19,000","2,900",,"19,000","3,000",,"16,700","2,900",,"17,400","3,100",,"17,500","3,100",,"17,100","3,100",,"17,600","3,300",,"16,900","3,300",,"15,900","2,800",,"15,900","2,700",,"16,600","2,700",,"15,400","2,500",,"14,800","2,600",,"13,700","2,500",,"12,000","2,200",,"12,100","2,200",,"12,600","2,300",,"12,300","2,000",,"11,900","2,100",,"11,300","2,100",,"10,700","2,400",,"11,000","2,200",,"10,100","2,200",,"10,000","2,300",,"10,700","2,100",,"10,000","2,100",,"10,400","2,300",,"10,300","2,500",,"9,500","2,400",,"9,500","2,400",,"8,600","2,100",,"8,700","2,000",,"8,200","2,000",,"7,100","1,900",,"8,200","2,000",,"9,500","2,100",,"10,900","2,200",,"12,500","2,500",,"11,500","2,100",,"10,900","2,100"
Leeds,E08000035,,"27,800","4,000",,"22,900","3,500",,"21,100","3,500",,"20,000","3,400",,"19,800","2,900",,"16,200","2,600",,"17,600","2,900",,"16,400","2,800",,"17,500","3,000",,"17,000","3,100",,"17,700","3,100",,"18,600","3,100",,"21,700","3,300",,"23,500","4,200",,"24,200","4,400",,"24,100","4,300",,"21,800","3,900",,"21,700","3,700",,"22,500","3,300",,"21,800","3,300",,"22,000","3,600",,"22,200","3,700",,"23,500","4,000",,"24,800","3,900",,"25,300","4,000",,"27,100","4,100",,"29,900","4,400",,"32,300","4,400",,"34,000","4,300",,"36,800","4,500",,"35,700","4,400",,"34,500","4,500",,"35,700","5,100",,"33,100","4,600",,"33,700","4,600",,"35,600","4,800",,"34,700","4,800",,"36,900","5,200",,"37,900","5,400",,"37,100","5,600",,"37,800","5,700",,"38,200","5,900",,"37,700","5,800",,"37,400","6,000",,"37,100","6,100",,"35,300","5,400",,"36,000","5,300",,"35,400","5,200",,"32,500","4,800",,"31,600","5,000",,"27,300","4,500",,"25,400","4,300",,"25,600","4,300",,"25,900","4,300",,"25,100","3,900",,"22,900","3,700",,"21,100","3,800",,"18,400","3,900",,"19,400","3,800",,"19,400","4,100",,"19,600","4,200",,"19,500","3,600",,"17,900","3,600",,"18,000","3,900",,"16,300","4,000",,"16,300","4,100",,"18,300","4,400",,"16,700","4,000",,"17,900","4,000",,"17,600","4,000",,"15,800","3,900",,"17,700","4,000",,"19,800","4,100",,"21,100","4,100",,"23,200","4,500",,"23,000","4,200",,"21,100","4,000"
Wakefield,E08000036,,"13,800","2,200",,"10,800","1,900",,"10,000","1,900",,"9,200","1,800",,"8,800","1,400",,"7,500","1,300",,"6,700","1,200",,"8,200","1,400",,"5,900","1,200",,"5,700","1,200",,"6,500","1,200",,"6,600","1,200",,"7,400","1,300",,"8,000","1,700",,"7,700","1,700",,"8,200","1,800",,"7,800","1,700",,"8,200","1,600",,"8,500","1,400",,"8,600","1,400",,"8,600","1,600",,"7,800","1,500",,"8,800","1,700",,"8,800","1,600",,"9,400","1,600",,"10,900","1,800",,"11,700","1,900",,"12,700","1,900",,"13,700","1,900",,"13,900","1,800",,"13,500","1,800",,"13,700","1,900",,"14,100","2,200",,"15,000","2,200",,"14,900","2,100",,"16,300","2,300",,"16,300","2,300",,"16,000","2,400",,"15,900","2,400",,"15,500","2,500",,"16,300","2,700",,"16,200","2,600",,"16,400","2,700",,"16,200","2,700",,"15,100","2,600",,"13,800","2,200",,"13,500","2,200",,"12,500","2,000",,"11,100","1,800",,"10,900","2,000",,"10,300","1,800",,"10,000","1,800",,"10,000","1,800",,"9,800","1,700",,"9,200","1,500",,"9,000","1,500",,"8,400","1,600",,"8,400","1,800",,"8,900","1,800",,"8,300","1,800",,"9,100","2,000",,"8,100","1,600",,"8,500","1,700",,"8,400","1,900",,"8,100","2,000",,"8,600","2,200",,"7,500","2,000",,"7,200","1,800",,"7,300","1,700",,"7,000","1,700",,"6,900","1,800",,"7,400","1,800",,"8,000","1,700",,"7,500","1,500",,"7,200","1,500",,"7,400","1,400",,"6,300","1,300"
Derby,E06000015,,"9,900","1,800",,"7,600","1,500",,"6,900","1,500",,"7,000","1,500",,"6,100","1,000",,"6,400","1,000",,"6,200","1,100",,"7,000","1,200",,"7,200","1,200",,"7,100","1,200",,"6,700","1,200",,"6,400","1,100",,"6,700","1,100",,"6,100","1,300",,"6,300","1,300",,"5,900","1,300",,"6,600","1,300",,"7,100","1,300",,"7,400","1,200",,"7,500","1,200",,"7,300","1,300",,"7,600","1,300",,"6,900","1,300",,"7,100","1,300",,"7,800","1,400",,"8,400","1,400",,"9,700","1,600",,"10,300","1,500",,"10,000","1,400",,"10,300","1,400",,"9,900","1,400",,"10,500","1,600",,"11,000","1,800",,"10,900","1,700",,"11,600","1,700",,"11,300","1,700",,"11,800","1,800",,"11,600","1,800",,"12,200","1,900",,"12,900","2,100",,"12,300","2,000",,"12,700","2,100",,"12,400","2,000",,"11,600","2,000",,"11,000","2,000",,"10,500","1,800",,"9,400","1,600",,"8,900","1,500",,"8,800","1,500",,"8,200","1,600",,"7,600","1,500",,"7,500","1,500",,"7,000","1,400",,"6,800","1,400",,"6,300","1,200",,"5,700","1,100",,"5,800","1,200",,"4,900","1,200",,"5,400","1,200",,"5,500","1,300",,"5,800","1,400",,"5,700","1,200",,"5,200","1,200",,"5,700","1,300",,"5,900","1,400",,"5,700","1,400",,"6,400","1,600",,"6,000","1,500",,"5,500","1,400",,"5,700","1,400",,"6,200","1,500",,"6,400","1,500",,"7,500","1,600",,"8,600","1,600",,"8,500","1,600",,"7,900","1,500",,"7,100","1,400"
Leicester,E06000016,,"13,200","2,300",,"10,100","1,900",,"9,400","1,900",,"11,200","2,200",,"9,400","1,500",,"8,900","1,400",,"9,500","1,500",,"12,300","1,900",,"11,100","1,800",,"10,700","1,800",,"10,500","1,700",,"11,100","1,800",,"12,300","1,900",,"12,900","2,300",,"13,600","2,400",,"12,900","2,300",,"12,900","2,200",,"12,200","2,000",,"12,100","1,800",,"12,700","1,900",,"13,300","2,100",,"14,900","2,300",,"15,400","2,400",,"15,200","2,400",,"16,500","2,500",,"16,300","2,500",,"17,100","2,600",,"16,800","2,400",,"16,400","2,200",,"16,900","2,200",,"17,000","2,200",,"17,600","2,400",,"17,400","2,600",,"17,700","2,500",,"17,900","2,500",,"18,600","2,600",,"20,200","2,900",,"19,600","2,900",,"20,000","2,900",,"22,000","3,200",,"21,000","3,100",,"20,700","3,100",,"22,300","3,300",,"22,900","3,400",,"22,500","3,400",,"21,100","3,000",,"19,200","2,900",,"15,600","2,500",,"14,000","2,200",,"13,100","2,300",,"12,500","2,200",,"12,400","2,200",,"12,000","2,200",,"11,500","2,100",,"10,500","1,800",,"9,900","1,800",,"9,600","1,800",,"9,100","2,000",,"8,500","1,800",,"8,900","2,000",,"9,500","2,200",,"9,100","1,800",,"8,800","1,900",,"8,900","2,000",,"9,300","2,200",,"9,900","2,500",,"9,700","2,500",,"9,500","2,400",,"8,700","2,200",,"8,400","2,200",,"9,600","2,400",,"9,700","2,400",,"11,200","2,300",,"12,300","2,300",,"13,100","2,500",,"12,400","2,300",,"11,100","2,200"
Nottingham,E06000018,,"15,100","2,500",,"13,300","2,300",,"11,300","2,200",,"11,400","2,300",,"9,500","1,500",,"9,400","1,500",,"8,200","1,400",,"9,400","1,500",,"10,700","1,800",,"10,800","1,800",,"10,300","1,800",,"10,000","1,700",,"11,200","1,800",,"11,900","2,200",,"13,800","2,500",,"14,100","2,500",,"13,200","2,300",,"12,700","2,100",,"11,600","1,800",,"11,800","1,800",,"11,300","1,900",,"11,500","1,900",,"11,400","2,000",,"11,700","2,000",,"13,100","2,200",,"14,900","2,400",,"16,300","2,400",,"16,600","2,400",,"16,600","2,200",,"17,000","2,200",,"16,900","2,200",,"18,400","2,500",,"18,600","2,700",,"17,800","2,500",,"18,300","2,500",,"18,500","2,600",,"19,300","2,700",,"19,800","2,800",,"19,600","2,800",,"19,400","2,900",,"20,000","2,900",,"20,100","2,900",,"20,700","3,000",,"19,500","2,900",,"18,100","2,900",,"18,000","2,700",,"18,200","2,800",,"17,300","2,700",,"16,400","2,600",,"15,400","2,600",,"13,200","2,300",,"13,600","2,400",,"13,300","2,300",,"12,300","2,200",,"12,200","2,100",,"11,900","2,100",,"11,500","2,100",,"11,500","2,400",,"11,300","2,300",,"10,800","2,300",,"12,200","2,500",,"11,300","2,200",,"11,100","2,300",,"11,400","2,400",,"10,900","2,400",,"11,100","2,500",,"11,500","2,600",,"11,100","2,500",,"11,000","2,500",,"10,600","2,500",,"10,700","2,500",,"10,900","2,500",,"12,000","2,500",,"12,700","2,400",,"13,500","2,500",,"12,200","2,300",,"10,600","2,100"
Rutland,E06000017,,500,100,,400,100,,300,100,,400,100,,400,100,,300,100,,300,100,,400,100,,300,100,,300,100,,400,100,,400,100,,400,100,,500,200,,500,200,,600,200,,600,200,,600,100,,500,100,,500,100,,500,100,,500,100,,500,100,,600,100,,600,100,,700,100,,700,200,,800,200,,800,100,,800,100,,700,100,,800,200,,700,200,,800,200,,800,200,,800,200,,900,200,,800,200,,800,200,,800,200,,700,200,,700,200,,600,200,,600,200,,600,200,,600,200,,600,200,,600,100,,500,100,,500,100,,500,100,,500,100,,400,100,,400,100,,400,100,,400,100,,400,100,,500,100,,500,100,,400,100,,500,200,,500,100,,500,100,,500,200,,600,200,,600,200,,600,200,,500,200,,400,100,,400,100,,500,200,,600,200,,600,200,,700,200,,700,200,,600,100,,600,100
Amber Valley,E07000032,,"3,400",700,,"2,900",600,,"2,700",700,,"3,000",700,,"2,900",600,,"2,700",600,,"2,200",500,,"2,300",500,,"2,200",500,,"2,000",500,,"2,200",500,,"2,200",500,,"2,400",500,,"2,700",800,,"2,800",900,,"2,600",800,,"2,800",800,,"2,900",700,,"2,900",600,,"3,000",600,,"2,800",700,,"2,700",700,,"2,800",700,,"3,000",700,,"3,300",800,,"3,700",800,,"3,700",900,,"3,900",900,,"4,000",800,,"4,000",800,,"4,100",800,,"4,400",900,,"4,400","1,100",,"4,700","1,100",,"5,000","1,100",,"5,000","1,100",,"5,300","1,200",,"5,100","1,200",,"5,000","1,200",,"4,900","1,200",,"4,700","1,200",,"4,100","1,100",,"4,100","1,000",,"3,800","1,100",,"3,400","1,000",,"3,400",800,,"3,100",800,,"3,000",700,,"2,700",700,,"2,600",700,,"2,400",700,,"2,400",700,,"2,400",600,,"2,400",700,,"2,300",600,,"2,400",600,,"2,300",600,,"2,200",700,,"2,300",600,,"2,100",600,,"2,200",700,,"2,000",600,,"2,100",600,,"2,200",700,,"2,500",800,,"2,500",900,,"2,300",800,,"2,200",800,,"1,900",700,,"2,200",800,,"2,500",900,,"2,600",800,,"3,200",900,,"2,900",800,,"2,700",700,,"2,500",600,,"2,100",600
Bolsover,E07000033,,"3,100",700,,"2,400",600,,"2,100",500,,"2,100",500,,"1,900",400,,"2,000",400,,"1,700",400,,"1,600",400,,"1,700",400,,"1,700",400,,"1,800",400,,"1,900",400,,"2,000",400,,"2,100",600,,"2,300",700,,"2,200",700,,"2,200",600,,"2,100",600,,"2,000",500,,"2,200",500,,"2,200",600,,"2,300",600,,"2,400",600,,"2,200",600,,"2,300",600,,"2,400",600,,"2,400",700,,"2,500",700,,"2,700",600,,"2,600",600,,"2,500",600,,"2,700",600,,"2,800",700,,"3,000",800,,"3,100",800,,"3,200",800,,"3,500",900,,"3,300",900,,"3,300","1,000",,"3,100",900,,"2,700",900,,"2,400",800,,"2,600",800,,"2,400",800,,"2,400",700,,"2,600",700,,"2,400",600,,"2,300",600,,"2,200",600,,"1,800",600,,"1,600",500,,"1,700",500,,"1,600",500,,"1,600",500,,"1,500",400,,"1,600",400,,"1,600",400,,"1,700",500,,"1,700",500,,"1,600",500,,"1,800",600,,"1,500",400,,"1,700",500,,"1,800",600,,"1,900",600,,"1,900",700,,"1,800",700,,"1,500",600,,"1,300",500,,"1,300",500,,"1,500",600,,"1,600",600,,"1,900",600,,"1,900",500,,"1,800",500,,"1,600",400,,"1,300",400
Chesterfield,E07000034,,"4,300",900,,"3,400",800,,"3,500",800,,"3,400",800,,"2,900",600,,"3,300",700,,"2,800",600,,"3,000",700,,"2,400",500,,"2,400",500,,"2,500",500,,"2,500",500,,"2,800",500,,"3,000",900,,"3,200","1,000",,"3,100",900,,"3,200",900,,"3,000",700,,"2,900",600,,"3,100",700,,"3,100",700,,"2,900",700,,"2,900",800,,"2,900",700,,"3,100",700,,"3,300",800,,"3,600",800,,"3,800",800,,"4,000",800,,"3,900",800,,"3,800",800,,"3,900",800,,"4,100","1,000",,"4,500","1,000",,"4,700","1,000",,"4,900","1,100",,"5,200","1,200",,"5,100","1,200",,"5,100","1,200",,"4,800","1,200",,"4,500","1,200",,"4,100","1,100",,"4,100","1,100",,"4,200","1,200",,"3,700","1,100",,"3,900","1,000",,"3,600",900,,"3,200",800,,"3,100",800,,"2,800",800,,"2,700",800,,"2,700",800,,"2,700",700,,"2,500",700,,"2,500",600,,"2,500",600,,"2,500",700,,"2,400",700,,"2,500",700,,"2,300",700,,"2,700",900,,"2,400",600,,"2,400",700,,"2,600",800,,"2,700",900,,"3,100","1,100",,"3,000","1,000",,"2,900","1,000",,"2,300",800,,"2,400",800,,"2,500",800,,"2,600",800,,"3,100",800,,"3,200",800,,"2,900",700,,"2,700",700,,"2,100",600
Derbyshire Dales,E07000035,,"1,500",300,,"1,200",300,,"1,100",300,,"1,000",300,,"1,000",200,,"1,000",300,,"1,000",300,,"1,100",300,,900,200,,900,200,,900,200,,900,200,,"1,000",200,,900,300,,"1,000",400,,"1,100",400,,"1,300",400,,"1,300",300,,"1,200",300,,"1,200",300,,"1,200",300,,"1,200",300,,"1,200",400,,"1,100",300,,"1,200",300,,"1,400",300,,"1,500",400,,"1,500",400,,"1,500",300,,"1,400",400,,"1,500",400,,"1,600",400,,"1,600",500,,"1,600",400,,"1,500",500,,"1,500",400,,"1,600",400,,"1,700",500,,"1,600",500,,"1,700",500,,"1,500",500,,"1,500",500,,"1,400",400,,"1,500",500,,"1,400",400,,"1,300",400,,"1,300",400,,"1,100",300,,"1,000",300,,"1,000",300,,900,300,,900,300,,800,300,,800,300,,800,200,,900,300,,"1,000",300,,900,300,,"1,000",300,,900,300,,900,300,,900,300,,900,300,,"1,000",300,,"1,100",400,,"1,100",400,,"1,100",400,,"1,000",400,,800,300,,800,300,,900,300,,"1,100",400,,"1,200",400,,"1,400",300,,"1,300",400,,"1,100",300,,"1,000",300
Erewash,E07000036,,"3,700",800,,"2,900",600,,"2,700",700,,"2,800",700,,"2,500",500,,"2,500",500,,"2,300",500,,"2,300",600,,"2,200",500,,"2,100",500,,"2,300",500,,"2,400",500,,"2,400",500,,"2,500",700,,"2,700",800,,"2,700",800,,"2,900",800,,"2,900",700,,"2,800",600,,"2,900",600,,"3,000",700,,"3,000",700,,"3,000",800,,"3,200",800,,"3,500",800,,"4,000",900,,"4,400","1,000",,"4,700",900,,"4,600",900,,"4,600",900,,"4,500",900,,"4,700",900,,"4,800","1,100",,"5,100","1,100",,"5,400","1,200",,"5,300","1,100",,"5,800","1,200",,"5,400","1,200",,"5,300","1,200",,"4,900","1,300",,"4,400","1,200",,"4,000","1,100",,"4,200","1,100",,"4,200","1,200",,"4,000","1,200",,"4,100","1,000",,"3,600",900,,"3,500",900,,"3,300",800,,"3,000",800,,"2,900",800,,"2,800",800,,"2,600",700,,"2,500",700,,"2,400",600,,"2,400",600,,"2,300",600,,"2,300",700,,"2,400",700,,"2,200",700,,"2,400",800,,"2,300",600,,"2,600",700,,"2,700",800,,"3,000","1,000",,"3,100","1,000",,"2,800","1,000",,"2,500",800,,"1,900",600,,"2,000",700,,"2,200",700,,"2,500",800,,"3,000",800,,"3,000",700,,"2,800",700,,"2,400",600,,"2,000",500
High Peak,E07000037,,"2,600",600,,"2,000",500,,"2,000",500,,"1,800",400,,"1,500",300,,"1,500",300,,"1,500",400,,"1,800",400,,"1,600",300,,"1,700",400,,"1,700",300,,"1,600",300,,"1,700",300,,"1,700",500,,"1,700",600,,"1,900",600,,"2,000",600,,"2,000",500,,"1,900",400,,"1,900",400,,"2,000",500,,"2,100",500,,"2,400",600,,"2,400",600,,"2,600",600,,"2,900",700,,"3,100",700,,"3,100",700,,"3,200",600,,"3,100",600,,"3,000",600,,"3,100",600,,"3,200",800,,"3,000",700,,"3,200",700,,"3,100",700,,"3,200",700,,"3,100",800,,"3,400",800,,"3,600",900,,"3,400",900,,"3,400",900,,"3,100",800,,"3,000",800,,"2,900",800,,"2,700",700,,"2,400",600,,"2,200",600,,"2,100",500,,"2,100",600,,"2,100",600,,"1,900",500,,"1,700",500,,"1,600",500,,"1,500",400,,"1,600",400,,"1,700",500,,"1,800",600,,"1,800",500,,"1,700",500,,"1,800",600,,"1,700",500,,"1,500",500,,"1,700",500,,"1,800",600,,"1,900",600,,"1,900",700,,"1,700",600,,"1,500",500,,"1,500",500,,"1,800",600,,"1,800",600,,"2,000",500,,"2,400",500,,"2,100",500,,"2,000",500,,"1,800",500
North East Derbyshire,E07000038,,"3,700",800,,"2,900",600,,"2,600",600,,"2,700",700,,"2,400",500,,"2,600",500,,"2,200",500,,"2,100",500,,"1,900",400,,"1,900",400,,"2,000",400,,"2,000",400,,"2,100",400,,"2,200",600,,"2,400",700,,"2,200",700,,"2,300",700,,"2,400",600,,"2,300",500,,"2,400",500,,"2,500",600,,"2,500",600,,"2,500",700,,"2,500",600,,"2,600",600,,"2,600",700,,"2,800",700,,"3,000",700,,"3,200",700,,"3,100",700,,"3,200",700,,"3,400",700,,"3,600",900,,"4,000",900,,"4,000",900,,"3,800",900,,"3,700",800,,"3,600",900,,"3,600",900,,"3,400",900,,"3,300",900,,"3,000",900,,"3,000",900,,"3,100",900,,"2,800",900,,"2,900",800,,"2,700",700,,"2,500",600,,"2,400",600,,"2,200",600,,"2,100",600,,"2,000",600,,"2,100",600,,"2,000",600,,"1,900",500,,"1,900",500,,"2,000",600,,"1,900",600,,"1,900",500,,"1,700",600,,"1,800",600,,"1,700",500,,"1,800",500,,"1,900",600,,"2,000",700,,"2,000",700,,"1,700",600,,"1,600",600,,"1,500",500,,"1,700",600,,"1,900",700,,"2,100",700,,"2,300",700,,"2,400",700,,"2,200",600,,"1,800",500,,"1,500",500
South Derbyshire,E07000039,,"2,000",500,,"1,800",400,,"1,600",400,,"1,600",400,,"1,400",300,,"1,400",300,,"1,300",300,,"1,400",400,,"1,200",300,,"1,300",300,,"1,300",300,,"1,400",300,,"1,600",300,,"1,500",500,,"1,900",600,,"1,900",600,,"1,900",500,,"1,900",500,,"1,700",400,,"1,700",400,,"1,700",400,,"1,800",500,,"1,700",500,,"1,800",500,,"2,100",500,,"2,400",500,,"2,700",600,,"2,900",600,,"3,000",600,,"3,100",600,,"3,000",600,,"3,000",600,,"2,800",700,,"2,600",600,,"2,800",600,,"2,800",600,,"3,000",700,,"3,100",700,,"3,100",800,,"3,100",800,,"2,800",800,,"2,700",800,,"2,700",700,,"2,400",700,,"2,300",700,,"2,300",600,,"2,100",600,,"2,100",500,,"2,000",500,,"1,900",500,,"1,800",500,,"1,700",500,,"1,500",400,,"1,400",400,,"1,300",400,,"1,300",300,,"1,400",400,,"1,400",500,,"1,500",400,,"1,500",500,,"1,500",500,,"1,400",400,,"1,400",400,,"1,600",500,,"1,800",600,,"1,900",600,,"1,800",600,,"1,600",500,,"1,300",400,,"1,300",500,,"1,400",500,,"1,700",500,,"2,000",600,,"2,400",600,,"2,400",600,,"2,200",500,,"2,000",500
Blaby,E07000129,,"1,600",400,,"1,400",300,,"1,600",400,,"1,600",400,,"1,500",300,,"1,400",300,,"1,400",300,,"1,500",400,,"1,300",300,,"1,300",300,,"1,400",300,,"1,500",300,,"1,600",300,,"1,400",400,,"1,600",500,,"1,500",500,,"1,600",500,,"1,600",400,,"1,500",300,,"1,600",400,,"1,500",400,,"1,600",400,,"1,600",400,,"1,700",400,,"1,900",500,,"2,100",500,,"2,300",500,,"2,400",500,,"2,500",500,,"2,600",500,,"2,700",500,,"2,800",600,,"2,700",600,,"2,400",600,,"2,500",600,,"2,400",600,,"2,700",600,,"2,700",600,,"2,800",700,,"2,700",700,,"2,400",700,,"2,400",700,,"2,500",700,,"2,400",700,,"2,400",700,,"2,300",600,,"2,100",500,,"1,900",500,,"1,800",400,,"1,600",400,,"1,500",400,,"1,600",400,,"1,500",400,,"1,500",400,,"1,500",400,,"1,500",400,,"1,500",400,,"1,500",500,,"1,600",400,,"1,600",500,,"1,700",600,,"1,500",400,,"1,400",400,,"1,600",500,,"1,800",600,,"2,000",700,,"1,800",600,,"1,700",600,,"1,400",500,,"1,300",500,,"1,500",500,,"1,500",500,,"1,800",500,,"2,500",700,,"2,500",700,,"2,200",500,,"1,900",500
Charnwood,E07000130,,"3,800",800,,"3,400",700,,"3,100",700,,"3,700",900,,"2,900",600,,"3,500",700,,"3,300",700,,"3,400",800,,"2,900",600,,"2,800",600,,"2,800",600,,"3,000",600,,"3,200",600,,"3,100",900,,"3,500","1,100",,"3,600","1,100",,"4,000","1,000",,"4,000",900,,"3,700",700,,"3,600",700,,"3,400",800,,"3,700",800,,"3,900",900,,"3,800",900,,"4,100",900,,"4,600","1,000",,"5,000","1,000",,"5,500","1,000",,"5,600","1,000",,"5,500",900,,"5,200",900,,"5,300","1,000",,"5,300","1,100",,"5,400","1,100",,"5,600","1,100",,"5,400","1,100",,"5,600","1,100",,"5,600","1,200",,"5,800","1,300",,"5,900","1,400",,"5,400","1,300",,"5,300","1,300",,"5,200","1,300",,"5,300","1,400",,"5,200","1,400",,"4,700","1,100",,"4,200","1,000",,"3,700",900,,"3,600",800,,"3,500",900,,"3,500",900,,"3,500",800,,"3,100",800,,"2,900",700,,"3,000",700,,"3,000",700,,"3,200",800,,"3,400","1,000",,"3,200",800,,"3,200",900,,"3,500","1,100",,"3,200",800,,"3,000",800,,"3,500","1,000",,"3,800","1,100",,"4,000","1,300",,"4,000","1,300",,"3,600","1,100",,"2,900",900,,"2,600",800,,"2,900",900,,"3,200","1,000",,"3,700","1,000",,"4,500","1,000",,"4,600","1,100",,"4,100",900,,"3,700",900
Harborough,E07000131,,"1,300",300,,"1,000",300,,900,300,,"1,100",300,,"1,100",300,,"1,100",300,,"1,000",300,,"1,200",300,,900,200,,900,200,,"1,000",200,,"1,100",200,,"1,100",200,,"1,200",400,,"1,300",500,,"1,400",500,,"1,500",400,,"1,400",400,,"1,300",300,,"1,400",300,,"1,400",400,,"1,400",400,,"1,300",400,,"1,300",400,,"1,500",400,,"1,800",400,,"2,000",500,,"2,100",500,,"2,200",400,,"2,200",400,,"2,000",400,,"1,900",400,,"2,000",500,,"1,900",400,,"1,900",500,,"2,000",500,,"2,100",500,,"2,000",500,,"2,000",600,,"2,000",600,,"1,800",600,,"1,700",500,,"1,700",500,,"1,700",600,,"1,600",500,,"1,600",400,,"1,500",400,,"1,400",400,,"1,300",300,,"1,200",300,,"1,100",300,,"1,100",300,,"1,100",300,,"1,100",300,,"1,000",300,,"1,100",300,,"1,200",300,,"1,200",400,,"1,300",400,,"1,200",400,,"1,400",500,,"1,200",400,,"1,200",400,,"1,400",500,,"1,600",600,,"1,700",600,,"1,700",600,,"1,400",500,,"1,200",400,,"1,100",400,,"1,300",500,,"1,600",500,,"1,800",500,,"2,200",500,,"2,000",500,,"1,600",400,,"1,500",400
Hinckley and Bosworth,E07000132,,"2,000",500,,"1,600",400,,"1,900",500,,"1,800",500,,"1,700",400,,"1,900",400,,"1,800",400,,"1,800",500,,"1,600",300,,"1,600",400,,"1,700",400,,"1,700",400,,"1,900",400,,"1,900",600,,"1,900",600,,"2,100",600,,"2,200",600,,"2,200",500,,"2,000",400,,"2,100",500,,"2,000",500,,"2,100",500,,"2,100",600,,"2,100",500,,"2,400",600,,"2,600",600,,"2,800",700,,"3,200",700,,"3,300",700,,"3,400",700,,"3,500",700,,"3,400",700,,"3,300",800,,"3,200",700,,"3,200",700,,"3,300",700,,"3,700",800,,"3,700",800,,"3,600",900,,"3,700",900,,"3,300",900,,"3,300",900,,"3,200",900,,"3,000",900,,"2,900",900,,"2,700",700,,"2,300",600,,"2,100",600,,"2,100",500,,"1,900",500,,"1,900",500,,"1,900",500,,"1,700",500,,"1,700",500,,"1,600",400,,"1,800",400,,"1,800",500,,"1,900",600,,"2,000",500,,"1,900",500,,"2,100",700,,"1,900",500,,"1,800",500,,"2,100",600,,"2,200",700,,"2,300",800,,"2,200",800,,"2,000",700,,"1,900",600,,"1,800",600,,"2,000",700,,"2,200",600,,"2,400",600,,"2,700",600,,"2,600",600,,"2,500",500,,"2,200",500
Melton,E07000133,,"1,000",200,,700,200,,700,200,,800,200,,700,200,,800,200,,700,200,,700,200,,700,200,,700,200,,700,200,,800,200,,800,200,,700,300,,800,300,,800,300,,800,300,,900,300,,900,200,,900,200,,900,300,,900,300,,"1,000",300,,"1,000",300,,"1,100",300,,"1,300",300,,"1,300",400,,"1,400",400,,"1,400",300,,"1,300",300,,"1,200",300,,"1,300",300,,"1,200",300,,"1,200",300,,"1,300",300,,"1,300",300,,"1,500",400,,"1,500",400,,"1,500",400,,"1,400",500,,"1,300",400,,"1,200",400,,"1,200",400,,"1,200",400,,"1,200",400,,"1,100",400,,"1,100",300,,"1,000",300,,"1,000",300,,"1,000",300,,"1,000",300,,"1,000",300,,900,300,,900,300,,900,200,,900,200,,"1,000",300,,"1,000",300,,"1,000",300,,"1,000",300,,"1,100",400,,"1,000",300,,"1,000",300,,"1,000",300,,"1,100",400,,"1,300",500,,"1,300",500,,"1,100",400,,900,300,,800,300,,800,300,,900,300,,"1,200",300,,"1,400",400,,"1,300",400,,"1,000",300,,900,300
North West Leicestershire,E07000134,,"2,200",500,,"1,700",400,,"1,700",400,,"1,700",400,,"1,600",300,,"1,600",400,,"1,500",400,,"1,500",400,,"1,400",300,,"1,500",300,,"1,500",300,,"1,500",300,,"1,600",300,,"1,500",500,,"1,600",500,,"1,700",500,,"1,800",500,,"1,800",500,,"1,800",400,,"1,700",400,,"1,700",400,,"2,000",500,,"2,000",500,,"2,100",500,,"2,300",500,,"2,600",600,,"2,800",600,,"3,000",600,,"3,000",600,,"2,900",600,,"2,700",500,,"2,500",500,,"2,600",600,,"2,500",600,,"2,800",600,,"2,800",600,,"3,000",700,,"3,000",700,,"3,200",800,,"3,300",900,,"3,200",900,,"3,300",900,,"3,200",900,,"3,200",900,,"3,100",900,,"2,900",700,,"2,600",700,,"2,200",600,,"2,100",500,,"2,000",500,,"2,100",500,,"2,000",500,,"1,800",500,,"1,700",400,,"1,400",400,,"1,500",400,,"1,800",500,,"1,700",500,,"1,800",500,,"1,600",500,,"1,500",500,,"1,500",400,,"1,400",400,,"1,800",600,,"2,100",700,,"2,200",700,,"2,300",800,,"1,800",600,,"1,600",500,,"1,600",500,,"1,900",600,,"2,100",700,,"2,600",700,,"2,900",700,,"2,500",600,,"2,200",500,,"1,700",400
Oadby and Wigston,E07000135,,"1,300",300,,"1,100",300,,"1,100",300,,"1,100",300,,"1,000",300,,"1,000",300,,"1,100",300,,"1,200",300,,"1,000",200,,"1,000",200,,"1,000",200,,"1,100",200,,"1,200",200,,"1,300",400,,"1,300",500,,"1,300",500,,"1,400",400,,"1,300",400,,"1,200",300,,"1,200",300,,"1,200",300,,"1,200",300,,"1,300",400,,"1,300",400,,"1,500",400,,"1,600",400,,"1,800",400,,"1,900",400,,"1,900",400,,"1,900",400,,"1,800",400,,"1,900",400,,"1,800",500,,"1,700",400,,"1,800",400,,"1,700",400,,"1,900",500,,"1,800",500,,"2,000",500,,"2,100",600,,"1,900",600,,"1,900",600,,"1,900",500,,"1,900",600,,"1,800",600,,"1,900",500,,"1,600",400,,"1,400",400,,"1,400",400,,"1,300",400,,"1,300",400,,"1,300",400,,"1,200",300,,"1,100",300,,"1,100",300,,"1,000",300,,"1,000",300,,"1,000",300,,"1,000",300,,900,300,,900,300,,800,200,,700,200,,800,300,,"1,000",400,,"1,100",400,,"1,000",400,,900,300,,700,300,,700,300,,800,300,,900,300,,"1,000",300,,"1,300",400,,"1,300",400,,"1,100",300,,"1,100",300
Boston,E07000136,,"1,600",400,,"1,200",300,,"1,100",300,,"1,100",300,,"1,000",200,,"1,000",300,,900,200,,900,300,,900,200,,"1,000",200,,"1,100",200,,"1,300",300,,"1,300",200,,"1,200",400,,"1,300",400,,"1,500",500,,"1,600",500,,"1,600",400,,"1,500",400,,"1,400",400,,"1,500",400,,"1,500",400,,"1,600",400,,"1,500",400,,"1,700",400,,"1,900",500,,"2,100",500,,"2,200",500,,"2,200",400,,"2,200",500,,"2,200",500,,"2,300",500,,"2,200",600,,"2,200",500,,"2,400",600,,"2,200",500,,"2,500",600,,"2,400",600,,"2,400",600,,"2,400",700,,"2,200",700,,"2,100",700,,"2,200",700,,"2,100",700,,"2,100",700,,"2,000",600,,"1,700",500,,"1,700",500,,"1,600",400,,"1,600",500,,"1,700",500,,"1,700",500,,"1,400",400,,"1,200",400,,"1,200",300,,"1,300",300,,"1,400",400,,"1,500",500,,"1,500",400,,"1,400",400,,"1,500",500,,"1,400",400,,"1,200",400,,"1,300",400,,"1,400",500,,"1,400",500,,"1,500",600,,"1,500",500,,"1,400",500,,"1,200",400,,"1,200",400,,"1,300",500,,"1,400",500,,"1,800",600,,"2,000",700,,"1,900",600,,"1,800",600
East Lindsey,E07000137,,"4,300",900,,"3,000",700,,"2,600",700,,"3,000",800,,"2,700",600,,"2,500",600,,"2,300",600,,"2,500",600,,"2,300",500,,"2,400",500,,"2,400",500,,"2,300",500,,"2,400",500,,"2,400",700,,"2,700",800,,"2,900",900,,"3,200",900,,"3,300",800,,"3,100",700,,"3,300",700,,"3,200",800,,"3,300",800,,"3,500",800,,"3,100",700,,"3,400",800,,"3,600",800,,"3,700",800,,"3,800",800,,"3,700",700,,"3,700",800,,"3,800",800,,"4,000",900,,"4,300","1,000",,"4,500","1,000",,"4,800","1,000",,"4,800","1,000",,"5,000","1,100",,"4,800","1,100",,"4,700","1,100",,"4,800","1,200",,"4,400","1,200",,"4,700","1,200",,"4,500","1,200",,"4,400","1,200",,"4,400","1,200",,"4,100","1,000",,"4,100","1,000",,"3,800",800,,"3,600",800,,"3,500",900,,"3,200",800,,"2,800",700,,"2,700",700,,"2,600",700,,"2,500",600,,"2,700",600,,"2,800",700,,"2,700",800,,"2,800",800,,"2,600",800,,"2,700",900,,"2,600",700,,"2,400",700,,"2,600",800,,"2,700","1,000",,"2,700","1,000",,"2,900","1,100",,"2,800","1,000",,"2,600",900,,"2,400",800,,"2,800","1,000",,"2,900",900,,"3,300",900,,"3,800",900,,"3,700",900,,"3,200",700,,"3,000",800
Lincoln,E07000138,,"4,300",900,,"3,200",700,,"2,600",700,,"3,000",800,,"2,400",500,,"2,500",500,,"2,300",500,,"2,200",500,,"2,500",500,,"2,600",500,,"2,600",500,,"2,700",500,,"2,800",500,,"2,700",800,,"2,800",800,,"2,700",800,,"2,900",800,,"3,000",700,,"3,000",600,,"3,100",600,,"3,300",800,,"3,400",800,,"3,500",800,,"3,500",800,,"3,700",800,,"4,000",900,,"4,300",900,,"4,400",900,,"4,300",800,,"4,400",800,,"4,400",800,,"4,600",900,,"4,300","1,000",,"3,900",900,,"4,000",900,,"3,800",900,,"4,600","1,000",,"4,800","1,100",,"5,100","1,100",,"5,200","1,200",,"5,000","1,200",,"5,000","1,300",,"4,900","1,200",,"4,800","1,300",,"4,500","1,300",,"4,600","1,100",,"4,500","1,100",,"4,300","1,000",,"4,100",900,,"3,700",900,,"3,400",900,,"3,600","1,000",,"3,400",900,,"3,400",900,,"3,200",700,,"3,100",700,,"3,100",700,,"2,800",800,,"2,800",700,,"2,600",800,,"2,800",900,,"2,600",700,,"2,700",700,,"3,100",900,,"3,200","1,000",,"3,200","1,100",,"3,200","1,100",,"2,900",900,,"2,800",900,,"3,100",900,,"3,000",900,,"3,200",900,,"3,500",900,,"3,500",900,,"3,800","1,000",,"3,300",700,,"2,900",700
North Kesteven,E07000139,,"2,200",500,,"1,700",400,,"1,500",400,,"1,600",400,,"1,500",300,,"1,500",300,,"1,400",300,,"1,400",400,,"1,400",300,,"1,400",300,,"1,400",300,,"1,400",300,,"1,600",300,,"1,600",500,,"1,900",600,,"1,800",600,,"1,900",600,,"2,000",500,,"1,800",400,,"1,900",400,,"1,900",500,,"2,000",500,,"2,000",500,,"2,100",500,,"2,200",500,,"2,400",500,,"2,500",600,,"2,600",500,,"2,600",500,,"2,600",500,,"2,600",500,,"2,600",600,,"2,600",600,,"2,600",600,,"2,600",600,,"2,700",600,,"2,900",700,,"2,900",700,,"3,100",700,,"3,100",800,,"2,800",800,,"2,800",800,,"3,000",800,,"3,000",900,,"2,900",900,,"2,700",700,,"2,200",600,,"2,100",500,,"2,100",500,,"2,100",600,,"2,000",600,,"2,000",600,,"1,900",500,,"1,700",500,,"1,800",400,,"1,900",500,,"2,000",500,,"2,000",600,,"2,100",600,,"2,000",600,,"2,100",700,,"1,800",500,,"1,700",500,,"1,900",600,,"2,000",700,,"2,200",700,,"2,200",700,,"1,800",600,,"1,600",500,,"1,400",500,,"1,700",600,,"1,900",600,,"2,200",600,,"2,600",600,,"2,500",600,,"2,200",500,,"1,800",400
South Holland,E07000140,,"1,500",400,,"1,100",300,,"1,100",300,,"1,200",300,,"1,100",300,,"1,100",300,,"1,000",300,,"1,200",300,,"1,200",300,,"1,200",300,,"1,300",300,,"1,400",300,,"1,500",300,,"1,600",500,,"1,800",600,,"1,800",600,,"2,000",600,,"1,900",500,,"1,800",400,,"1,900",400,,"1,800",500,,"1,900",500,,"1,900",500,,"2,000",500,,"2,200",500,,"2,300",500,,"2,500",600,,"2,600",600,,"2,700",500,,"2,800",600,,"2,800",600,,"2,900",600,,"2,900",700,,"2,800",700,,"3,000",700,,"2,800",700,,"3,000",700,,"2,900",700,,"2,800",700,,"3,100",800,,"3,100",800,,"2,900",800,,"2,900",800,,"2,800",800,,"2,600",800,,"2,500",600,,"2,200",600,,"2,000",500,,"1,900",500,,"2,000",500,,"2,000",500,,"2,000",500,,"1,800",500,,"1,600",500,,"1,500",400,,"1,500",400,,"1,600",400,,"1,700",500,,"1,800",500,,"1,800",500,,"1,900",600,,"1,600",400,,"1,500",500,,"1,700",500,,"1,800",600,,"1,900",700,,"1,900",700,,"1,700",600,,"1,500",500,,"1,500",500,,"1,700",600,,"1,800",600,,"2,100",600,,"2,300",500,,"2,100",500,,"2,000",500,,"1,800",500
South Kesteven,E07000141,,"3,000",600,,"2,600",600,,"2,400",600,,"2,100",500,,"2,100",400,,"2,100",400,,"1,900",400,,"1,800",400,,"1,800",400,,"2,000",400,,"2,100",400,,"2,200",500,,"2,400",500,,"2,200",700,,"2,300",700,,"2,500",700,,"2,700",700,,"2,800",600,,"2,500",500,,"2,600",500,,"2,500",600,,"2,800",600,,"3,000",700,,"3,000",700,,"3,300",700,,"3,600",800,,"3,900",800,,"4,200",800,,"4,300",800,,"4,300",800,,"4,100",700,,"4,100",800,,"4,200",900,,"4,000",800,,"4,100",900,,"4,000",800,,"4,100",900,,"4,100",900,,"4,100",900,,"4,500","1,100",,"4,300","1,100",,"4,100","1,000",,"4,100","1,000",,"4,300","1,100",,"4,200","1,200",,"4,100","1,000",,"3,800",900,,"3,200",700,,"3,100",700,,"3,000",800,,"3,100",800,,"3,000",800,,"2,900",700,,"2,700",700,,"2,500",600,,"2,600",600,,"2,600",600,,"2,500",700,,"2,500",700,,"2,500",700,,"2,500",800,,"2,500",600,,"2,300",600,,"2,700",800,,"2,900",900,,"2,800",900,,"3,000","1,000",,"2,700",900,,"2,400",800,,"2,200",700,,"2,500",800,,"2,600",800,,"2,900",700,,"3,400",800,,"2,900",700,,"2,800",600,,"2,500",600
West Lindsey,E07000142,,"2,300",500,,"2,100",500,,"2,100",500,,"1,900",500,,"1,600",300,,"1,700",400,,"1,800",400,,"1,800",400,,"1,600",300,,"1,600",300,,"1,600",300,,"1,700",400,,"1,800",300,,"1,700",600,,"1,900",600,,"1,900",600,,"2,000",600,,"2,000",500,,"1,900",400,,"2,000",400,,"2,000",500,,"2,200",500,,"2,500",600,,"2,400",600,,"2,600",600,,"2,800",600,,"2,800",600,,"2,900",600,,"3,100",600,,"3,100",600,,"3,000",600,,"3,000",600,,"3,000",700,,"2,900",600,,"3,200",700,,"3,300",700,,"3,600",800,,"3,500",800,,"3,600",800,,"3,600",900,,"3,400",900,,"3,400",900,,"3,400",900,,"3,300",900,,"3,300","1,000",,"3,100",800,,"2,800",700,,"2,600",700,,"2,600",600,,"2,700",700,,"2,600",700,,"2,700",700,,"2,400",700,,"2,100",600,,"2,000",500,,"2,000",500,,"2,000",500,,"2,000",600,,"2,200",600,,"2,100",600,,"2,200",700,,"1,900",500,,"1,800",500,,"2,000",600,,"2,100",700,,"2,200",700,,"2,200",700,,"2,100",700,,"1,800",600,,"1,800",600,,"1,900",700,,"2,100",600,,"2,300",600,,"2,500",600,,"2,200",500,,"2,000",500,,"1,800",500
Corby,E07000150,,"2,100",500,,"1,500",400,,"1,400",400,,"1,400",400,,"1,200",300,,"1,300",300,,"1,200",400,,"1,500",400,,"1,400",300,,"1,300",300,,"1,400",300,,"1,500",300,,"1,600",300,,"1,600",500,,"1,500",500,,"1,500",500,,"1,600",500,,"1,600",500,,"1,600",400,,"1,800",400,,"2,000",500,,"1,900",500,,"2,000",500,,"1,900",500,,"2,000",500,,"2,300",500,,"2,500",600,,"2,800",600,,"2,900",600,,"2,900",600,,"2,800",600,,"3,000",600,,"3,000",700,,"3,100",700,,"3,000",700,,"2,900",700,,"3,000",700,,"2,900",700,,"2,900",700,,"2,800",800,,"2,900",800,,"3,000",800,,"3,300",900,,"3,500","1,000",,"3,100",900,,"3,100",800,,"2,800",700,,"2,600",600,,"2,500",600,,"2,100",600,,"2,000",500,,"2,000",500,,"1,900",500,,"1,800",500,,"1,700",400,,"1,500",400,,"1,600",400,,"1,600",500,,"1,600",500,,"1,600",500,,"1,800",600,,"1,700",500,,"1,800",500,,"1,800",500,,"1,900",600,,"1,900",700,,"1,700",600,,"1,700",600,,"1,500",500,,"1,600",600,,"1,700",600,,"1,800",600,,"2,100",600,,"2,300",600,,"2,000",600,,"1,800",500,,"1,600",400
Daventry,E07000151,,"1,300",300,,"1,100",300,,"1,100",300,,"1,100",300,,900,200,,"1,200",300,,"1,100",300,,"1,300",300,,"1,200",300,,"1,200",300,,"1,200",300,,"1,200",300,,"1,300",300,,"1,200",400,,"1,300",500,,"1,300",500,,"1,500",400,,"1,500",400,,"1,500",300,,"1,400",300,,"1,500",400,,"1,700",400,,"1,700",500,,"1,800",500,,"1,900",500,,"2,100",500,,"2,400",500,,"2,400",500,,"2,500",500,,"2,600",500,,"2,400",500,,"2,400",500,,"2,300",500,,"2,100",500,,"2,000",500,,"1,900",500,,"2,200",500,,"2,200",600,,"2,300",600,,"2,400",700,,"2,300",700,,"2,200",700,,"2,200",600,,"2,200",700,,"2,000",600,,"2,000",600,,"1,700",500,,"1,600",400,,"1,400",400,,"1,400",500,,"1,400",400,,"1,400",400,,"1,300",400,,"1,200",400,,"1,300",400,,"1,500",400,,"1,500",400,,"1,500",500,,"1,700",500,,"1,700",500,,"2,000",600,,"1,800",500,,"1,500",400,,"1,600",500,,"1,600",500,,"1,600",600,,"1,800",600,,"1,600",600,,"1,500",500,,"1,400",500,,"1,400",500,,"1,800",600,,"2,000",600,,"2,200",600,,"2,100",600,,"1,600",400,,"1,400",400
East Northamptonshire,E07000152,,"1,500",300,,"1,200",300,,"1,400",400,,"1,400",400,,"1,300",300,,"1,300",300,,"1,200",300,,"1,500",400,,"1,300",300,,"1,300",300,,"1,300",300,,"1,400",300,,"1,400",300,,"1,500",500,,"1,700",600,,"1,800",600,,"1,900",600,,"1,900",500,,"1,800",400,,"1,900",400,,"1,800",400,,"2,000",500,,"2,100",500,,"2,200",500,,"2,300",600,,"2,600",600,,"2,800",600,,"2,800",600,,"3,000",600,,"2,800",500,,"2,600",500,,"2,700",500,,"2,500",600,,"2,400",500,,"2,400",600,,"2,400",500,,"2,600",600,,"2,800",600,,"3,000",700,,"3,100",800,,"3,000",800,,"3,000",800,,"3,000",800,,"3,000",900,,"3,000",900,,"2,500",700,,"2,100",600,,"1,900",500,,"1,700",400,,"1,600",500,,"1,600",400,,"1,600",500,,"1,600",400,,"1,500",400,,"1,400",400,,"1,400",400,,"1,500",400,,"1,600",500,,"1,600",500,,"1,700",500,,"1,700",600,,"1,500",400,,"1,400",400,,"1,500",500,,"1,600",500,,"1,700",600,,"1,800",600,,"1,500",500,,"1,300",400,,"1,300",500,,"1,500",500,,"1,700",600,,"2,000",600,,"2,200",500,,"2,000",500,,"1,900",400,,"1,700",400
Kettering,E07000153,,"2,100",500,,"1,500",400,,"1,500",400,,"1,700",400,,"1,500",300,,"1,500",300,,"1,300",400,,"1,600",400,,"1,500",300,,"1,500",300,,"1,600",300,,"1,700",300,,"1,800",300,,"1,800",500,,"1,900",600,,"2,100",700,,"2,400",700,,"2,300",600,,"2,200",500,,"2,200",500,,"2,100",500,,"2,100",500,,"2,300",600,,"2,400",600,,"2,800",700,,"3,300",700,,"3,400",800,,"3,700",800,,"3,800",700,,"3,700",700,,"3,500",600,,"3,400",700,,"3,200",800,,"3,100",700,,"3,200",800,,"3,000",700,,"3,400",900,,"3,500",900,,"3,700",900,,"3,700","1,000",,"3,600","1,000",,"3,500","1,000",,"3,700","1,000",,"3,500","1,000",,"3,200","1,000",,"3,100",800,,"2,900",800,,"2,800",700,,"2,700",600,,"2,700",700,,"2,700",700,,"2,600",700,,"2,400",600,,"2,000",500,,"1,900",400,,"2,000",500,,"2,100",500,,"2,200",700,,"2,200",600,,"2,000",600,,"2,100",700,,"1,900",500,,"1,900",600,,"2,100",600,,"2,300",700,,"2,400",800,,"2,500",800,,"2,300",800,,"2,100",700,,"1,800",600,,"1,800",600,,"1,800",600,,"2,300",700,,"2,700",600,,"2,500",600,,"2,700",600,,"2,300",600
Northampton,E07000154,,"6,100","1,200",,"5,500","1,100",,"5,300","1,200",,"4,700","1,100",,"4,200",800,,"4,600",900,,"4,500","1,000",,"4,700","1,100",,"4,200",900,,"4,100",900,,"4,400",900,,"4,600","1,000",,"5,100","1,000",,"5,100","1,400",,"5,400","1,500",,"5,800","1,600",,"5,700","1,400",,"5,400","1,200",,"5,200","1,000",,"5,100","1,000",,"5,100","1,100",,"5,500","1,200",,"5,700","1,300",,"6,000","1,300",,"6,600","1,400",,"7,700","1,500",,"8,500","1,600",,"9,400","1,700",,"10,200","1,600",,"10,200","1,600",,"9,600","1,600",,"9,700","1,600",,"9,100","1,800",,"8,400","1,600",,"8,900","1,600",,"9,000","1,700",,"9,300","1,800",,"9,100","1,800",,"9,400","1,900",,"8,900","2,000",,"8,500","1,900",,"8,800","2,100",,"9,700","2,200",,"9,800","2,300",,"9,500","2,300",,"8,800","1,900",,"7,600","1,600",,"7,000","1,500",,"6,900","1,400",,"6,600","1,500",,"6,400","1,400",,"6,000","1,400",,"5,500","1,300",,"5,000","1,200",,"4,800","1,000",,"5,100","1,100",,"5,100","1,200",,"5,400","1,500",,"5,500","1,300",,"5,400","1,500",,"5,900","1,700",,"5,100","1,200",,"4,900","1,300",,"5,600","1,500",,"6,200","1,700",,"6,400","1,900",,"6,600","1,900",,"5,500","1,700",,"5,100","1,500",,"5,300","1,600",,"5,600","1,700",,"5,900","1,600",,"6,500","1,600",,"7,000","1,500",,"6,800","1,500",,"6,500","1,300",,"5,800","1,300"
South Northamptonshire,E07000155,,"1,300",300,,"1,000",200,,"1,000",300,,800,200,,900,200,,"1,000",300,,"1,000",300,,"1,100",300,,"1,000",200,,"1,100",300,,"1,100",200,,"1,100",200,,"1,200",200,,"1,000",300,,"1,100",400,,"1,200",400,,"1,400",400,,"1,500",400,,"1,300",300,,"1,300",300,,"1,300",300,,"1,300",300,,"1,400",400,,"1,400",400,,"1,500",400,,"1,700",400,,"1,900",400,,"2,100",400,,"2,200",400,,"2,100",400,,"2,100",400,,"2,100",400,,"2,100",500,,"2,100",500,,"2,100",500,,"2,100",500,,"2,200",500,,"2,100",500,,"2,100",500,,"2,100",600,,"1,900",500,,"1,600",500,,"1,600",500,,"1,500",500,,"1,500",500,,"1,500",400,,"1,400",400,,"1,300",300,,"1,200",300,,"1,200",300,,"1,100",300,,"1,100",300,,"1,000",300,,"1,000",300,,"1,000",300,,"1,000",300,,"1,100",300,,"1,200",400,,"1,300",400,,"1,300",400,,"1,400",500,,"1,200",300,,"1,100",400,,"1,300",400,,"1,300",400,,"1,400",500,,"1,200",400,,"1,000",400,,900,300,,900,300,,"1,200",400,,"1,600",500,,"1,800",500,,"2,100",600,,"2,000",500,,"1,700",400,,"1,400",400
Wellingborough,E07000156,,"2,000",400,,"1,600",400,,"1,400",400,,"1,500",400,,"1,200",300,,"1,400",300,,"1,400",400,,"1,500",400,,"1,300",300,,"1,400",300,,"1,400",300,,"1,500",300,,"1,700",300,,"1,800",600,,"1,900",600,,"2,000",600,,"1,900",600,,"1,900",500,,"1,900",400,,"1,800",400,,"1,800",400,,"1,900",500,,"2,100",500,,"2,100",500,,"2,500",600,,"2,800",700,,"2,900",700,,"3,200",700,,"3,200",700,,"3,000",600,,"2,900",600,,"3,000",600,,"2,800",700,,"2,800",600,,"2,800",600,,"2,800",700,,"3,300",700,,"3,200",800,,"3,500",900,,"3,400",900,,"3,200",900,,"3,500",900,,"3,500",900,,"3,400","1,000",,"3,300",900,,"2,900",700,,"2,500",600,,"2,200",600,,"2,100",500,,"2,000",500,,"2,000",500,,"2,000",500,,"1,800",500,,"1,600",400,,"1,500",400,,"1,800",400,,"1,900",500,,"2,000",600,,"2,000",500,,"1,800",500,,"1,900",600,,"1,700",500,,"1,600",500,,"1,700",500,,"1,700",600,,"1,700",600,,"1,800",600,,"1,600",600,,"1,600",500,,"1,400",500,,"1,500",600,,"1,600",600,,"1,900",600,,"2,200",600,,"2,400",700,,"2,200",500,,"2,000",500
Ashfield,E07000170,,"4,400",900,,"3,800",800,,"3,500",800,,"3,700",900,,"2,900",600,,"3,300",700,,"2,500",600,,"2,800",600,,"2,600",500,,"2,600",600,,"2,800",600,,"2,700",600,,"3,000",600,,"3,100",900,,"2,900",900,,"3,100","1,000",,"3,200",900,,"3,100",800,,"3,100",700,,"3,400",700,,"3,500",800,,"3,600",800,,"3,700",900,,"3,600",900,,"3,700",900,,"4,100","1,000",,"4,100",900,,"4,200",900,,"4,300",900,,"4,200",800,,"4,300",900,,"4,700",900,,"4,800","1,100",,"5,200","1,100",,"5,100","1,100",,"5,400","1,100",,"5,700","1,200",,"5,700","1,300",,"5,700","1,300",,"5,700","1,400",,"5,700","1,500",,"5,400","1,400",,"5,500","1,400",,"5,200","1,400",,"4,700","1,400",,"4,700","1,200",,"4,200","1,100",,"4,000","1,000",,"3,800",900,,"3,400","1,000",,"3,300",900,,"3,400",900,,"3,300",900,,"3,200",800,,"3,000",700,,"2,900",700,,"2,800",700,,"2,900",900,,"2,900",800,,"2,600",800,,"2,800",900,,"2,600",700,,"2,700",800,,"2,800",900,,"3,000","1,000",,"3,100","1,100",,"2,800","1,000",,"2,500",900,,"2,200",700,,"2,400",800,,"2,800","1,000",,"3,100",900,,"3,700","1,000",,"3,900","1,000",,"3,600",900,,"3,000",700,,"2,400",700
Bassetlaw,E07000171,,"4,300",900,,"3,500",800,,"3,400",800,,"3,600",900,,"2,700",600,,"3,100",600,,"2,500",600,,"2,300",500,,"2,400",500,,"2,500",500,,"2,600",500,,"2,500",500,,"2,600",500,,"2,700",800,,"2,800",900,,"2,700",900,,"2,900",800,,"2,800",700,,"2,700",600,,"2,700",600,,"2,500",600,,"2,600",700,,"2,500",700,,"2,700",700,,"3,000",700,,"3,300",800,,"3,600",800,,"3,800",800,,"3,800",700,,"3,700",700,,"3,600",700,,"3,800",800,,"3,900",900,,"4,100",900,,"4,500",900,,"4,400",900,,"4,800","1,000",,"4,600","1,000",,"4,500","1,000",,"4,600","1,100",,"4,500","1,100",,"4,300","1,100",,"4,200","1,100",,"4,100","1,100",,"3,500","1,000",,"3,700",900,,"3,500",900,,"3,300",800,,"3,200",800,,"2,700",800,,"2,600",700,,"2,700",800,,"2,600",700,,"2,600",700,,"2,300",600,,"2,400",600,,"2,400",600,,"2,500",800,,"2,600",700,,"2,300",700,,"2,400",800,,"2,200",600,,"2,400",700,,"2,600",800,,"2,800","1,000",,"3,000","1,100",,"2,800","1,000",,"2,400",800,,"2,100",700,,"2,200",800,,"2,400",900,,"2,500",800,,"2,900",900,,"2,700",700,,"2,500",700,,"2,400",600,,"1,900",500
Broxtowe,E07000172,,"3,400",700,,"2,700",600,,"2,900",700,,"2,500",600,,"2,200",500,,"2,100",500,,"2,000",500,,"2,000",500,,"1,900",400,,"2,000",500,,"1,900",400,,"2,000",400,,"2,000",400,,"1,800",600,,"2,200",700,,"2,400",700,,"2,600",700,,"2,700",700,,"2,500",500,,"2,500",500,,"2,500",600,,"2,700",600,,"2,800",700,,"2,800",700,,"3,100",700,,"3,400",800,,"3,600",800,,"3,700",800,,"3,900",700,,"3,800",700,,"3,800",700,,"4,100",800,,"4,000",900,,"3,700",800,,"4,000",900,,"3,800",800,,"4,100",900,,"4,200","1,000",,"4,200","1,000",,"4,200","1,100",,"3,900","1,100",,"3,800","1,000",,"3,800","1,000",,"4,000","1,100",,"3,900","1,100",,"3,700",900,,"3,300",900,,"3,000",800,,"3,000",800,,"3,000",800,,"2,900",800,,"2,600",700,,"2,400",600,,"2,100",600,,"2,000",500,,"2,200",600,,"2,200",600,,"2,300",700,,"2,600",800,,"2,400",800,,"2,500",900,,"2,400",700,,"2,300",700,,"2,500",700,,"2,600",900,,"2,700",900,,"2,400",800,,"2,200",700,,"2,100",700,,"1,800",600,,"2,000",700,,"2,200",700,,"2,400",700,,"2,900",700,,"2,800",700,,"2,500",600,,"2,300",600
Gedling,E07000173,,"3,600",800,,"3,000",700,,"3,100",700,,"2,700",700,,"2,300",500,,"2,100",500,,"2,100",500,,"2,300",500,,"2,100",400,,"2,100",500,,"2,200",500,,"2,100",500,,"2,300",500,,"2,000",600,,"2,200",700,,"2,300",700,,"2,500",700,,"2,400",600,,"2,400",500,,"2,400",500,,"2,300",600,,"2,500",600,,"2,700",700,,"2,900",700,,"3,100",700,,"3,300",800,,"3,600",800,,"3,700",800,,"3,800",700,,"3,800",700,,"3,700",700,,"3,800",800,,"3,800",900,,"3,700",800,,"4,000",900,,"4,000",900,,"4,400","1,000",,"4,400","1,000",,"4,500","1,100",,"4,600","1,100",,"4,500","1,200",,"4,400","1,100",,"4,700","1,200",,"4,400","1,200",,"4,100","1,100",,"3,900",900,,"3,400",800,,"3,200",800,,"3,000",700,,"3,100",800,,"3,100",800,,"2,900",800,,"2,700",700,,"2,400",700,,"2,300",500,,"2,400",600,,"2,600",700,,"2,700",800,,"2,600",700,,"2,300",700,,"2,500",800,,"2,300",600,,"2,200",600,,"2,400",700,,"2,600",800,,"2,800",900,,"2,800",900,,"2,600",900,,"2,200",700,,"2,100",700,,"2,200",700,,"2,200",700,,"2,700",700,,"3,400",800,,"3,500",900,,"3,100",700,,"2,800",700
Mansfield,E07000174,,"4,000",900,,"3,300",700,,"3,300",800,,"3,200",800,,"2,700",600,,"2,800",600,,"2,400",600,,"2,500",600,,"2,200",500,,"2,300",500,,"2,600",500,,"2,800",600,,"3,100",600,,"3,300","1,000",,"3,500","1,100",,"3,200","1,000",,"2,900",800,,"2,900",700,,"2,700",600,,"2,800",600,,"3,000",700,,"3,100",700,,"3,200",800,,"3,100",800,,"3,200",800,,"3,400",800,,"3,700",900,,"3,900",900,,"3,900",800,,"3,900",800,,"3,800",800,,"3,900",800,,"4,200","1,000",,"4,500","1,000",,"4,900","1,100",,"5,000","1,100",,"5,400","1,100",,"5,200","1,100",,"5,200","1,100",,"5,000","1,200",,"4,500","1,100",,"4,200","1,100",,"4,300","1,100",,"4,600","1,200",,"4,700","1,300",,"4,800","1,200",,"4,300","1,100",,"4,000","1,000",,"3,700",900,,"3,300",900,,"3,100",900,,"3,100",800,,"2,900",800,,"2,800",700,,"2,700",600,,"2,800",700,,"2,800",700,,"2,800",900,,"2,900",800,,"2,700",800,,"2,900","1,000",,"2,300",700,,"2,400",700,,"2,300",700,,"2,600",900,,"3,000","1,100",,"2,800","1,000",,"2,600",900,,"2,200",700,,"2,100",700,,"2,400",800,,"2,700",800,,"3,300",900,,"3,600",900,,"3,200",800,,"3,000",700,,"2,500",700
Newark and Sherwood,E07000175,,"3,600",700,,"2,800",600,,"2,600",600,,"2,400",600,,"2,100",500,,"2,200",500,,"1,900",500,,"2,000",500,,"1,800",400,,"1,800",400,,"1,900",400,,"2,000",400,,"2,100",400,,"2,000",700,,"2,200",700,,"2,500",800,,"2,600",700,,"2,800",700,,"2,500",500,,"2,600",500,,"2,500",600,,"2,600",600,,"2,700",700,,"2,400",600,,"2,700",700,,"2,800",700,,"3,000",700,,"3,200",700,,"3,300",600,,"3,300",600,,"3,200",600,,"3,200",700,,"3,100",700,,"3,100",700,,"3,300",700,,"3,400",700,,"3,600",800,,"3,600",900,,"4,000",900,,"4,100","1,100",,"4,000","1,000",,"4,000","1,000",,"3,900","1,000",,"3,600","1,000",,"3,400","1,000",,"3,400",900,,"3,000",800,,"3,000",700,,"3,000",700,,"3,000",800,,"3,000",800,,"2,900",700,,"2,700",700,,"2,400",700,,"2,500",600,,"2,500",600,,"2,500",600,,"2,700",800,,"2,600",700,,"2,500",700,,"2,500",800,,"2,200",600,,"2,000",600,,"2,200",700,,"2,600",900,,"2,800",900,,"3,100","1,000",,"2,700",900,,"2,400",800,,"2,400",800,,"2,600",900,,"2,800",900,,"3,000",900,,"3,300",900,,"3,100",800,,"2,900",700,,"2,500",600
Rushcliffe,E07000176,,"2,800",600,,"2,100",500,,"2,000",500,,"1,900",500,,"1,700",400,,"1,800",400,,"1,800",400,,"1,700",400,,"1,500",300,,"1,600",400,,"1,700",400,,"1,700",400,,"1,800",400,,"1,800",600,,"1,700",600,,"1,700",500,,"1,900",500,,"1,900",500,,"1,800",400,,"1,800",400,,"1,800",400,,"1,800",400,,"2,000",500,,"2,000",500,,"2,200",500,,"2,400",600,,"2,600",600,,"2,700",600,,"2,600",500,,"2,700",500,,"2,700",600,,"2,800",600,,"2,900",700,,"2,900",700,,"3,100",700,,"3,000",700,,"3,300",700,,"3,100",800,,"3,100",800,,"3,100",800,,"2,900",800,,"2,600",700,,"2,600",700,,"2,500",700,,"2,600",800,,"2,600",700,,"2,400",600,,"2,200",500,,"2,100",500,,"2,200",600,,"2,200",600,,"2,100",600,,"1,900",500,,"1,800",500,,"1,700",400,,"1,800",500,,"1,900",500,,"2,000",600,,"2,000",600,,"2,000",600,,"2,100",700,,"1,700",500,,"1,600",500,,"2,000",600,,"2,000",700,,"2,000",700,,"2,100",700,,"1,600",600,,"1,400",500,,"1,400",500,,"1,600",600,,"2,000",600,,"2,300",700,,"2,800",700,,"2,600",600,,"2,100",500,,"1,900",500
"Herefordshire, County of",E06000019,,"5,200","1,000",,"4,500",900,,"3,600",800,,"4,200","1,000",,"3,600",600,,"3,100",500,,"3,500",600,,"3,100",600,,"2,700",500,,"2,700",600,,"2,700",500,,"2,700",500,,"2,900",500,,"2,900",700,,"3,100",800,,"3,400",800,,"3,100",700,,"3,200",600,,"3,100",500,,"3,100",500,,"3,100",600,,"3,400",700,,"3,600",800,,"3,500",700,,"3,900",700,,"4,100",700,,"4,400",800,,"4,900",800,,"5,000",800,,"4,900",700,,"5,000",800,,"4,800",800,,"4,700",900,,"4,700",800,,"4,400",700,,"4,700",800,,"5,100",900,,"5,100",900,,"5,400",900,,"5,100","1,000",,"4,800",900,,"4,900",900,,"5,000",900,,"4,900","1,000",,"5,000","1,000",,"4,700",900,,"4,200",800,,"3,800",700,,"3,400",600,,"3,200",600,,"3,100",600,,"3,100",600,,"3,100",600,,"3,100",600,,"3,300",600,,"3,400",600,,"3,600",700,,"3,500",800,,"3,300",700,,"3,200",700,,"3,000",800,,"3,100",700,,"2,700",600,,"2,700",700,,"2,700",700,,"2,500",700,,"2,400",600,,"2,200",600,,"2,600",600,,"2,500",700,,"2,700",800,,"3,100",800,,"3,100",700,,"3,400",700,,"3,300",700,,"3,100",600,,"3,300",700
Shropshire,E06000051,,:,:,,:,:,,:,:,,:,:,,:,:,,:,:,,:,:,,:,:,,"4,200",:,,"4,300",:,,"4,200",:,,"4,200",:,,"4,300",:,,"4,300",:,,"4,800",:,,"5,100",:,,"5,200",:,,"5,300",:,,"5,200",:,,"5,200",:,,"5,300",:,,"5,700",:,,"5,800",:,,"5,800",:,,"6,500",:,,"7,000",:,,"7,900",:,,"8,700",:,,"8,800",:,,"8,600",:,,"8,400",:,,"8,200",:,,"8,000",:,,"8,300",:,,"8,300",:,,"8,800",:,,"9,500",:,,"9,600",:,,"9,600",:,,"9,300",:,,"8,800",:,,"8,900",:,,"9,200",:,,"9,000",:,,"8,600",:,,"8,100",:,,"7,300",:,,"7,100",:,,"6,600",:,,"6,500",:,,"6,400",:,,"5,700",:,,"5,600",:,,"5,300",:,,"5,400",:,,"5,400",:,,"5,500",:,,"5,300",:,,"5,300",:,,"5,600",:,,"5,400",:,,"5,100",:,,"4,800",:,,"4,600",:,,"4,700",:,,"4,800",:,,"5,000",:,,"4,700",:,,"5,000",:,,"4,800",:,,"4,800",:,,"5,400",:,,"5,800",:,,"6,200",:,,"5,800",:,,"5,400",:,,"5,400",:
Stoke-on-Trent,E06000021,,"10,100","1,800",,"9,100","1,700",,"8,400","1,700",,"8,500","1,800",,"7,300","1,100",,"7,700","1,200",,"7,200","1,200",,"6,600","1,100",,"5,800","1,100",,"6,000","1,100",,"6,000","1,100",,"6,100","1,100",,"6,300","1,100",,"6,300","1,300",,"6,600","1,400",,"6,000","1,300",,"5,800","1,200",,"6,400","1,200",,"6,900","1,100",,"7,500","1,200",,"7,800","1,300",,"7,500","1,300",,"7,800","1,400",,"7,500","1,300",,"8,600","1,400",,"9,900","1,600",,"10,500","1,600",,"12,000","1,600",,"12,100","1,500",,"11,700","1,500",,"11,700","1,500",,"11,900","1,600",,"11,400","1,700",,"12,500","1,700",,"12,600","1,800",,"12,900","1,800",,"13,300","1,900",,"12,300","1,900",,"11,700","1,800",,"10,500","1,800",,"10,200","1,800",,"10,300","1,900",,"10,600","2,000",,"11,600","2,200",,"11,300","2,200",,"11,700","2,000",,"10,600","1,900",,"9,700","1,700",,"9,000","1,600",,"7,700","1,500",,"7,700","1,500",,"6,900","1,400",,"7,300","1,400",,"7,300","1,300",,"7,400","1,200",,"7,400","1,200",,"6,800","1,200",,"7,000","1,500",,"6,800","1,300",,"6,900","1,400",,"7,200","1,600",,"6,400","1,300",,"6,600","1,400",,"6,700","1,500",,"7,200","1,600",,"7,000","1,600",,"6,400","1,500",,"6,000","1,400",,"5,900","1,400",,"6,200","1,400",,"5,900","1,500",,"6,500","1,500",,"6,700","1,400",,"6,800","1,300",,"6,300","1,300",,"6,000","1,200",,"5,700","1,200"
Telford and Wrekin,E06000020,,"4,800","1,000",,"3,800",800,,"4,300","1,000",,"4,500","1,000",,"4,100",700,,"3,800",700,,"4,000",700,,"3,500",600,,"3,300",600,,"3,100",600,,"3,300",600,,"3,300",600,,"3,400",600,,"3,900",900,,"3,900",900,,"4,000",900,,"4,100",900,,"4,100",800,,"4,300",700,,"4,400",800,,"4,700",900,,"4,600",900,,"4,800",900,,"4,600",900,,"4,700",900,,"5,200",900,,"6,000","1,000",,"6,700","1,000",,"7,000","1,000",,"6,800",900,,"6,500",900,,"6,600","1,000",,"6,800","1,100",,"7,800","1,100",,"7,500","1,100",,"7,800","1,100",,"7,900","1,200",,"7,300","1,200",,"7,100","1,100",,"6,700","1,200",,"6,900","1,300",,"7,000","1,300",,"7,700","1,300",,"7,900","1,400",,"7,000","1,300",,"6,600","1,100",,"5,800","1,000",,"5,400",900,,"5,000",900,,"4,700",900,,"4,500",800,,"4,300",800,,"4,300",800,,"4,100",800,,"4,300",700,,"4,200",700,,"4,100",800,,"4,200",900,,"3,800",800,,"3,900",900,,"4,100","1,000",,"3,900",800,,"4,200",900,,"3,700",900,,"3,400",900,,"3,200",800,,"2,800",800,,"3,300",800,,"3,400",800,,"3,900",900,,"4,200","1,000",,"4,300","1,000",,"4,500",900,,"4,200",800,,"4,200",900,,"3,700",700,,"3,400",700
Cannock Chase,E07000192,,"3,400",700,,"3,100",700,,"2,700",700,,"2,600",600,,"2,400",500,,"2,200",500,,"2,300",500,,"2,000",500,,"2,200",500,,"2,200",500,,"2,100",400,,"2,000",400,,"2,000",400,,"2,100",600,,"2,000",700,,"2,000",600,,"2,100",600,,"2,100",600,,"2,200",500,,"2,400",500,,"2,500",600,,"2,600",600,,"2,600",700,,"2,600",700,,"2,900",700,,"3,400",800,,"4,000",800,,"4,400",900,,"4,600",800,,"4,400",800,,"4,100",800,,"4,100",800,,"3,900",800,,"4,200",800,,"4,300",800,,"4,400",900,,"4,600",900,,"4,500","1,000",,"4,100","1,000",,"3,900","1,000",,"3,600",900,,"3,400",900,,"3,600","1,000",,"3,500","1,100",,"3,000","1,000",,"2,900",800,,"2,600",700,,"2,600",700,,"2,400",600,,"2,100",600,,"2,100",600,,"1,900",500,,"2,100",500,,"2,100",500,,"2,000",500,,"2,100",500,,"2,100",500,,"2,200",700,,"2,200",600,,"2,100",600,,"1,900",600,,"1,700",500,,"1,900",600,,"1,800",600,,"1,900",700,,"1,800",700,,"1,500",500,,"1,500",500,,"1,500",500,,"1,600",600,,"1,800",700,,"1,900",700,,"2,300",700,,"2,200",600,,"2,100",600,,"1,900",500,,"1,800",500
East Staffordshire,E07000193,,"3,700",800,,"3,100",700,,"2,800",700,,"3,000",700,,"2,800",600,,"2,200",500,,"2,100",500,,"2,000",500,,"1,900",400,,"1,900",400,,"1,900",400,,"1,800",400,,"1,900",400,,"1,900",600,,"2,100",700,,"2,200",700,,"2,200",600,,"2,200",600,,"2,200",500,,"2,400",500,,"2,500",600,,"2,600",600,,"2,500",700,,"2,400",600,,"2,800",700,,"3,100",700,,"3,600",800,,"4,100",800,,"4,100",700,,"3,900",700,,"3,900",700,,"3,900",700,,"3,700",800,,"4,000",800,,"3,700",800,,"3,700",800,,"4,000",800,,"3,900",900,,"3,700",800,,"3,500",900,,"3,300",900,,"3,200",900,,"3,200",900,,"3,200",900,,"2,800",900,,"2,900",800,,"2,600",700,,"2,700",700,,"2,500",600,,"2,200",600,,"2,100",600,,"2,000",600,,"2,200",600,,"2,200",600,,"2,500",600,,"2,400",500,,"2,300",600,,"2,300",700,,"2,200",600,,"2,200",600,,"2,100",700,,"2,100",600,,"2,000",600,,"2,000",600,,"2,000",700,,"1,900",700,,"1,700",600,,"1,500",500,,"1,700",500,,"1,700",600,,"1,900",700,,"2,300",800,,"2,400",600,,"2,500",600,,"2,300",600,,"2,200",500,,"2,100",600
Lichfield,E07000194,,"2,200",500,,"2,000",500,,"2,000",500,,"1,900",500,,"1,800",400,,"1,600",300,,"1,700",400,,"1,600",400,,"1,600",300,,"1,700",400,,"1,600",300,,"1,600",300,,"1,600",300,,"1,500",500,,"1,600",500,,"1,700",500,,"1,800",500,,"1,700",500,,"1,700",400,,"1,700",400,,"1,700",400,,"1,800",500,,"1,800",500,,"1,900",500,,"2,200",500,,"2,500",600,,"2,900",600,,"3,300",600,,"3,300",600,,"3,200",600,,"3,000",600,,"2,900",600,,"2,700",600,,"2,600",600,,"2,600",600,,"2,700",600,,"3,100",700,,"3,100",700,,"3,100",700,,"2,900",700,,"2,600",700,,"2,600",700,,"2,700",700,,"2,600",700,,"2,600",800,,"2,400",600,,"2,200",600,,"2,200",500,,"1,900",500,,"1,800",500,,"1,700",500,,"1,500",500,,"1,400",400,,"1,400",400,,"1,500",400,,"1,500",400,,"1,500",400,,"1,400",400,,"1,300",400,,"1,400",400,,"1,400",500,,"1,400",400,,"1,300",400,,"1,300",400,,"1,500",500,,"1,500",500,,"1,600",600,,"1,500",500,,"1,500",500,,"1,500",500,,"1,500",500,,"1,800",600,,"2,100",600,,"2,200",600,,"2,100",600,,"1,900",500,,"1,800",500
Newcastle-under-Lyme,E07000195,,"3,900",800,,"3,100",700,,"3,100",800,,"3,100",800,,"2,700",600,,"2,600",600,,"2,700",600,,"2,400",500,,"2,100",500,,"2,100",500,,"2,100",500,,"2,000",400,,"2,200",400,,"2,300",700,,"2,600",800,,"2,700",800,,"2,600",700,,"2,700",700,,"2,800",600,,"2,800",600,,"3,200",800,,"3,300",800,,"3,200",900,,"3,200",800,,"3,400",800,,"3,400",800,,"3,800",800,,"4,200",900,,"4,400",800,,"4,400",800,,"4,300",800,,"4,400",800,,"4,300","1,000",,"4,800","1,000",,"4,800","1,000",,"4,800","1,000",,"4,900","1,100",,"4,800","1,100",,"4,300","1,000",,"4,200","1,100",,"4,100","1,100",,"3,900","1,000",,"3,900","1,100",,"4,100","1,200",,"4,000","1,200",,"3,900","1,000",,"3,700",900,,"3,500",800,,"3,100",700,,"2,700",700,,"2,600",700,,"2,400",600,,"2,600",700,,"2,800",700,,"2,900",600,,"2,800",600,,"2,600",700,,"2,700",800,,"2,700",700,,"2,700",800,,"2,700",800,,"2,500",600,,"2,500",700,,"2,200",700,,"2,200",800,,"2,200",800,,"2,000",700,,"2,000",700,,"2,100",700,,"2,400",800,,"2,600",900,,"3,600","1,100",,"3,600","1,000",,"3,400",900,,"3,000",800,,"2,400",600,,"2,300",600
South Staffordshire,E07000196,,"2,800",600,,"2,400",500,,"2,400",600,,"2,400",600,,"2,200",400,,"2,100",400,,"2,200",500,,"2,000",500,,"1,800",400,,"1,700",400,,"1,700",400,,"1,800",400,,"1,800",400,,"1,700",500,,"1,700",600,,"1,700",600,,"1,900",600,,"2,000",500,,"2,000",400,,"2,000",400,,"2,000",500,,"2,200",500,,"2,200",600,,"2,200",500,,"2,400",600,,"2,700",600,,"3,100",700,,"3,500",700,,"3,700",700,,"3,600",600,,"3,600",700,,"3,500",700,,"3,600",800,,"3,500",700,,"3,300",700,,"3,500",700,,"3,500",700,,"3,400",800,,"3,400",800,,"3,200",800,,"3,100",800,,"3,100",800,,"3,300",800,,"3,400",900,,"3,200",900,,"3,000",800,,"2,700",700,,"2,500",600,,"2,400",600,,"2,400",600,,"2,400",600,,"2,200",600,,"2,100",500,,"2,100",500,,"2,100",500,,"2,000",500,,"2,000",500,,"2,000",600,,"1,900",500,,"1,900",600,,"2,000",600,,"1,800",500,,"1,600",500,,"1,700",500,,"1,600",500,,"1,700",600,,"1,700",600,,"1,600",500,,"1,600",500,,"1,600",500,,"1,600",600,,"2,000",600,,"2,100",600,,"2,400",600,,"2,400",600,,"2,100",500,,"2,000",500
Stafford,E07000197,,"3,000",600,,"2,700",600,,"2,800",700,,"2,900",700,,"2,500",500,,"2,300",500,,"2,600",600,,"2,200",500,,"2,100",500,,"2,200",500,,"2,100",400,,"2,100",400,,"2,100",400,,"2,000",600,,"2,200",700,,"2,400",700,,"2,400",700,,"2,400",600,,"2,400",500,,"2,300",500,,"2,400",600,,"2,500",600,,"2,500",700,,"2,700",600,,"3,100",700,,"3,400",700,,"3,900",800,,"4,200",800,,"4,100",700,,"4,000",700,,"3,800",700,,"3,600",700,,"3,500",800,,"3,400",700,,"3,300",700,,"3,300",700,,"3,500",800,,"3,500",800,,"3,400",800,,"3,100",800,,"3,100",800,,"3,100",800,,"3,300",900,,"3,100",900,,"3,100",900,,"3,000",800,,"2,800",700,,"2,800",700,,"2,500",600,,"2,400",600,,"2,400",600,,"2,200",600,,"2,200",500,,"2,200",500,,"2,200",500,,"2,200",500,,"2,300",600,,"2,300",700,,"2,300",600,,"2,500",700,,"2,400",700,,"2,200",600,,"2,000",600,,"1,900",600,,"1,900",600,,"2,100",700,,"2,000",700,,"2,000",600,,"2,000",600,,"1,800",600,,"2,000",700,,"2,300",700,,"2,500",700,,"2,700",700,,"2,600",700,,"2,400",600,,"2,300",600
Staffordshire Moorlands,E07000198,,"2,200",500,,"2,100",500,,"2,000",500,,"2,200",500,,"1,900",400,,"1,800",400,,"1,900",400,,"1,600",400,,"1,400",300,,"1,400",300,,"1,400",300,,"1,300",300,,"1,300",300,,"1,200",400,,"1,400",500,,"1,400",500,,"1,600",500,,"1,600",400,,"1,500",300,,"1,500",300,,"1,600",400,,"1,700",400,,"1,700",500,,"1,700",400,,"2,000",500,,"2,300",500,,"2,500",500,,"2,700",500,,"2,700",500,,"2,600",500,,"2,400",600,,"2,400",500,,"2,400",600,,"2,400",500,,"2,400",500,,"2,500",600,,"2,700",600,,"2,500",600,,"2,600",600,,"2,500",700,,"2,600",700,,"2,500",700,,"2,600",700,,"2,700",800,,"2,200",700,,"2,200",600,,"1,900",500,,"1,800",500,,"1,600",400,,"1,600",500,,"1,600",500,,"1,300",400,,"1,400",400,,"1,400",400,,"1,400",300,,"1,400",300,,"1,500",400,,"1,500",500,,"1,500",400,,"1,700",500,,"1,600",500,,"1,500",400,,"1,400",400,,"1,300",400,,"1,400",500,,"1,400",500,,"1,600",500,,"1,400",500,,"1,500",500,,"1,400",500,,"1,300",500,,"1,300",400,,"1,400",400,,"1,600",400,,"1,600",500,,"1,500",400,,"1,600",400
Tamworth,E07000199,,"2,500",600,,"2,200",500,,"2,300",600,,"2,500",600,,"2,100",500,,"1,800",400,,"1,900",400,,"1,900",400,,"1,500",300,,"1,400",300,,"1,500",300,,"1,500",300,,"1,600",300,,"1,800",600,,"1,800",600,,"1,700",600,,"1,600",500,,"1,700",500,,"1,800",400,,"1,900",400,,"2,000",500,,"2,000",500,,"2,000",600,,"1,900",500,,"2,300",600,,"2,700",600,,"3,100",700,,"3,500",700,,"3,600",700,,"3,400",700,,"3,200",600,,"3,300",700,,"3,300",800,,"3,500",700,,"3,200",700,,"3,200",700,,"3,500",800,,"3,500",800,,"3,500",800,,"3,200",800,,"3,000",800,,"2,800",800,,"2,700",800,,"2,600",800,,"2,100",700,,"2,000",600,,"1,800",600,,"1,800",500,,"1,600",500,,"1,500",500,,"1,300",400,,"1,100",300,,"1,100",300,,"1,100",300,,"1,300",400,,"1,300",400,,"1,400",400,,"1,400",400,,"1,400",400,,"1,500",500,,"1,500",500,,"1,400",400,,"1,600",500,,"1,600",500,,"1,600",600,,"1,600",600,,"1,600",600,,"1,400",500,,"1,500",500,,"1,600",500,,"1,600",600,,"1,800",600,,"2,000",600,,"1,800",500,,"1,600",400,,"1,600",400,,"1,400",400
North Warwickshire,E07000218,,"1,600",400,,"1,400",300,,"1,300",400,,"1,500",400,,"1,300",300,,"1,100",300,,"1,300",300,,"1,200",300,,"1,000",200,,"1,100",200,,"1,000",200,,"1,100",200,,"1,100",200,,"1,000",300,,"1,000",300,,"1,100",400,,"1,100",300,,"1,200",300,,"1,200",300,,"1,200",300,,"1,200",300,,"1,300",300,,"1,400",400,,"1,400",400,,"1,600",400,,"1,800",400,,"2,300",500,,"2,500",600,,"2,600",500,,"2,500",500,,"2,300",500,,"2,200",500,,"2,100",500,,"1,900",400,,"1,700",400,,"1,700",400,,"1,900",500,,"2,000",500,,"1,900",500,,"1,900",500,,"1,800",500,,"1,800",600,,"1,800",500,,"1,800",600,,"1,700",500,,"1,500",400,,"1,400",400,,"1,300",400,,"1,200",300,,"1,100",300,,"1,100",300,,"1,100",300,,"1,200",300,,"1,100",300,,"1,200",300,,"1,200",300,,"1,200",300,,"1,200",400,,"1,200",300,,"1,200",400,,"1,100",400,,"1,100",300,,"1,000",300,,"1,000",300,,"1,000",300,,"1,000",300,,"1,000",400,,900,300,,"1,000",300,,"1,000",300,,"1,100",400,,"1,300",400,,"1,300",400,,"1,300",300,,"1,100",300,,"1,100",200,,"1,100",300
Nuneaton and Bedworth,E07000219,,"3,900",800,,"3,200",700,,"3,600",800,,"3,500",800,,"3,100",600,,"2,600",600,,"2,700",600,,"2,600",600,,"2,600",500,,"2,700",600,,"2,700",500,,"2,600",500,,"2,600",500,,"2,600",700,,"2,700",800,,"2,800",800,,"3,100",800,,"3,200",700,,"3,400",600,,"3,600",700,,"3,800",800,,"3,700",800,,"3,900",900,,"3,600",800,,"3,900",900,,"4,200",900,,"4,700","1,000",,"5,200","1,000",,"5,500","1,000",,"5,500","1,000",,"5,300","1,000",,"5,400","1,000",,"5,400","1,100",,"5,800","1,100",,"5,500","1,000",,"5,700","1,100",,"5,800","1,200",,"5,200","1,200",,"5,300","1,200",,"5,100","1,200",,"5,000","1,200",,"4,700","1,200",,"4,700","1,200",,"4,800","1,300",,"4,500","1,300",,"4,700","1,100",,"4,300","1,000",,"4,300",900,,"4,000",800,,"3,500",800,,"3,300",800,,"3,000",700,,"3,000",700,,"3,100",700,,"3,100",600,,"3,100",600,,"3,000",700,,"3,100",900,,"3,000",800,,"3,200",900,,"3,100",900,,"2,900",700,,"3,100",800,,"2,600",800,,"2,600",800,,"2,600",900,,"2,400",800,,"2,400",800,,"2,500",700,,"2,600",800,,"2,600",800,,"2,800",800,,"3,200",800,,"3,100",700,,"3,000",700,,"2,700",600,,"2,400",500
Rugby,E07000220,,"2,300",500,,"2,000",500,,"2,000",500,,"1,700",400,,"1,700",400,,"1,600",400,,"1,800",400,,"1,600",400,,"1,400",300,,"1,400",300,,"1,400",300,,"1,500",300,,"1,600",300,,"1,600",500,,"1,700",500,,"1,800",600,,"1,800",500,,"1,900",500,,"1,900",400,,"1,800",400,,"1,900",500,,"2,000",500,,"2,100",600,,"2,000",500,,"2,300",600,,"2,600",600,,"2,900",700,,"3,300",700,,"3,500",700,,"3,600",700,,"3,500",700,,"3,600",700,,"3,500",800,,"3,300",700,,"3,200",600,,"3,200",700,,"3,300",700,,"3,100",700,,"3,000",700,,"2,600",700,,"2,500",700,,"2,500",700,,"2,600",700,,"2,600",800,,"2,600",800,,"2,400",600,,"2,200",500,,"2,200",500,,"2,100",500,,"2,100",500,,"2,100",500,,"1,900",500,,"1,900",500,,"1,700",400,,"1,900",400,,"2,000",400,,"2,100",500,,"2,100",600,,"2,200",500,,"2,100",600,,"2,100",600,,"2,100",500,,"2,100",600,,"2,100",600,,"2,100",700,,"2,000",600,,"2,000",600,,"1,900",600,,"2,100",600,,"2,000",600,,"1,900",600,,"2,100",600,,"2,200",600,,"2,400",500,,"2,100",500,,"2,000",400,,"1,900",400
Stratford-on-Avon,E07000221,,"2,200",500,,"1,900",400,,"1,700",400,,"1,800",500,,"1,700",400,,"1,500",300,,"1,700",400,,"1,600",400,,"1,500",300,,"1,500",300,,"1,500",300,,"1,500",300,,"1,600",300,,"1,600",500,,"1,700",500,,"1,700",500,,"1,800",500,,"1,800",400,,"1,800",400,,"1,800",400,,"1,800",400,,"2,000",500,,"2,000",500,,"2,000",500,,"2,100",500,,"2,200",500,,"2,800",600,,"3,000",600,,"3,100",600,,"2,900",500,,"2,700",500,,"2,500",500,,"2,400",600,,"2,400",500,,"2,300",500,,"2,400",500,,"2,800",600,,"2,800",600,,"2,700",600,,"2,600",700,,"2,300",600,,"2,200",600,,"2,300",600,,"2,200",600,,"2,000",600,,"1,800",500,,"1,700",400,,"1,700",400,,"1,500",400,,"1,500",400,,"1,400",400,,"1,300",300,,"1,300",300,,"1,300",300,,"1,400",300,,"1,400",300,,"1,500",400,,"1,500",500,,"1,500",400,,"1,800",500,,"1,900",600,,"1,800",500,,"1,700",500,,"1,600",500,,"1,700",500,,"1,700",600,,"1,600",500,,"1,400",500,,"1,600",500,,"1,400",500,,"1,500",500,,"1,900",600,,"2,000",500,,"2,300",500,,"2,300",600,,"2,200",500,,"2,200",500
Warwick,E07000222,,"3,100",700,,"2,800",600,,"3,000",700,,"2,800",700,,"2,600",500,,"2,300",500,,"2,600",600,,"2,600",600,,"2,200",500,,"2,200",500,,"2,200",500,,"2,200",500,,"2,400",500,,"2,700",800,,"2,900",800,,"2,900",800,,"2,700",700,,"2,900",600,,"2,800",500,,"3,000",600,,"3,100",700,,"3,100",700,,"3,400",800,,"3,200",700,,"3,600",800,,"3,800",800,,"4,400",900,,"4,800",900,,"4,800",800,,"4,700",800,,"4,300",800,,"4,100",800,,"4,000",900,,"4,000",800,,"4,000",800,,"4,200",800,,"4,200",800,,"4,000",800,,"3,900",900,,"3,800",900,,"3,700",900,,"3,700",900,,"3,800",900,,"3,900","1,000",,"3,400",900,,"3,300",800,,"3,000",700,,"2,800",600,,"2,600",600,,"2,300",600,,"2,200",500,,"2,000",500,,"2,000",500,,"2,000",500,,"2,200",500,,"2,200",500,,"2,300",600,,"2,200",700,,"2,200",600,,"2,300",700,,"2,100",600,,"2,000",500,,"1,900",500,,"1,900",500,,"2,200",700,,"2,200",700,,"2,200",700,,"2,100",600,,"2,100",600,,"2,000",600,,"2,000",600,,"2,400",700,,"2,500",600,,"2,900",600,,"2,900",700,,"2,500",600,,"2,700",600
Birmingham,E08000025,,"55,000","6,100",,"46,900","5,600",,"43,900","5,600",,"42,500","5,700",,"41,100","5,200",,"34,000","4,800",,"39,400","5,400",,"38,100","5,200",,"38,100","5,600",,"38,700","5,800",,"39,400","5,700",,"37,200","5,400",,"38,400","5,400",,"40,300","6,200",,"39,900","6,300",,"43,800","6,600",,"43,200","6,400",,"40,900","5,900",,"42,600","5,700",,"41,900","5,700",,"41,500","6,000",,"45,200","6,500",,"43,100","6,500",,"42,700","6,400",,"50,000","7,000",,"52,700","7,100",,"60,400","7,600",,"64,800","7,700",,"62,700","7,200",,"63,700","7,200",,"61,600","7,100",,"59,700","7,100",,"60,600","7,800",,"60,800","7,500",,"57,200","7,200",,"61,100","7,600",,"63,500","7,800",,"63,600","8,000",,"62,800","8,000",,"63,400","8,300",,"66,900","8,800",,"71,200","9,200",,"80,700","10,200",,"79,100","10,600",,"71,000","10,100",,"65,300","9,100",,"59,000","8,400",,"57,600","7,900",,"54,500","7,600",,"51,400","7,700",,"49,500","7,600",,"45,600","7,200",,"46,700","7,200",,"46,400","7,100",,"49,200","6,900",,"46,900","6,800",,"44,200","6,800",,"44,000","7,400",,"39,400","6,600",,"44,100","7,400",,"42,500","7,400",,"40,300","6,600",,"37,700","6,600",,"35,300","6,600",,"38,600","7,300",,"38,200","7,400",,"43,200","7,800",,"41,500","7,700",,"43,900","7,800",,"48,200","8,500",,"45,100","8,800",,"42,600","8,400",,"43,400","8,200",,"43,700","8,200",,"45,800","8,600",,"43,600","8,000",,"42,800","7,800"
Coventry,E08000026,,"13,300","2,300",,"10,400","1,900",,"10,000","2,000",,"10,200","2,100",,"8,900","1,300",,"8,000","1,200",,"8,300","1,300",,"8,800","1,400",,"8,300","1,400",,"8,400","1,500",,"8,100","1,400",,"8,200","1,400",,"8,300","1,400",,"9,200","1,800",,"10,000","2,000",,"10,300","2,000",,"10,000","1,900",,"9,500","1,700",,"9,800","1,500",,"10,000","1,500",,"10,200","1,700",,"11,200","1,900",,"10,900","1,900",,"10,300","1,800",,"11,600","1,900",,"11,600","1,800",,"13,100","2,000",,"14,400","2,000",,"14,900","1,900",,"15,200","1,900",,"14,900","1,900",,"14,800","2,000",,"13,600","2,100",,"14,100","2,000",,"13,900","2,000",,"14,700","2,100",,"15,000","2,200",,"14,600","2,200",,"13,700","2,200",,"13,200","2,200",,"13,500","2,300",,"14,200","2,500",,"14,800","2,500",,"14,100","2,600",,"13,200","2,600",,"12,600","2,200",,"12,400","2,200",,"12,200","2,000",,"11,600","1,900",,"11,300","2,000",,"10,600","1,900",,"9,800","1,800",,"9,700","1,700",,"9,500","1,700",,"10,000","1,500",,"9,400","1,500",,"9,300","1,700",,"8,700","1,900",,"8,800","1,800",,"9,800","2,100",,"9,500","2,100",,"9,400","1,800",,"8,900","1,900",,"8,400","1,900",,"8,600","2,100",,"8,800","2,200",,"8,700","2,100",,"8,400","2,000",,"8,800","2,000",,"9,400","2,100",,"10,100","2,400",,"10,700","2,400",,"11,300","2,300",,"11,000","2,200",,"11,400","2,400",,"10,800","2,100",,"10,700","2,100"
Dudley,E08000027,,"11,000","1,900",,"9,400","1,700",,"9,900","1,900",,"10,500","2,000",,"9,500","1,500",,"9,200","1,500",,"8,700","1,600",,"7,500","1,400",,"8,400","1,500",,"8,200","1,600",,"7,800","1,400",,"7,000","1,300",,"7,100","1,300",,"6,700","1,500",,"6,600","1,600",,"7,500","1,700",,"7,700","1,600",,"8,100","1,500",,"8,600","1,400",,"8,900","1,400",,"9,100","1,600",,"9,300","1,600",,"9,900","1,800",,"9,700","1,700",,"10,900","1,800",,"11,700","1,900",,"13,000","2,000",,"14,600","2,100",,"15,000","2,000",,"14,900","2,000",,"14,600","2,000",,"15,300","2,100",,"15,300","2,400",,"16,000","2,300",,"15,800","2,300",,"16,100","2,300",,"15,900","2,400",,"15,400","2,400",,"14,300","2,300",,"12,700","2,200",,"12,800","2,300",,"12,900","2,300",,"14,100","2,500",,"14,300","2,600",,"14,300","2,600",,"14,400","2,400",,"13,000","2,200",,"12,500","2,100",,"11,400","1,900",,"10,200","1,900",,"10,600","1,900",,"10,000","1,900",,"10,200","1,800",,"10,100","1,800",,"10,000","1,600",,"10,000","1,600",,"9,400","1,700",,"9,400","2,000",,"9,200","1,800",,"8,800","1,900",,"8,900","2,000",,"8,500","1,700",,"8,700","1,800",,"8,100","1,800",,"7,900","1,900",,"7,800","2,000",,"7,500","1,900",,"7,000","1,700",,"7,600","1,800",,"7,900","1,900",,"7,800","2,000",,"9,100","2,100",,"9,600","2,000",,"9,400","1,900",,"8,300","1,700",,"7,400","1,500",,"6,600","1,400"
Sandwell,E08000028,,"13,400","2,200",,"11,200","2,000",,"11,600","2,100",,"12,500","2,300",,"11,200","1,600",,"9,800","1,500",,"9,700","1,500",,"10,500","1,500",,"11,100","1,700",,"11,100","1,800",,"10,600","1,700",,"9,900","1,600",,"9,700","1,500",,"9,200","1,800",,"9,200","1,800",,"9,600","1,900",,"9,500","1,800",,"9,200","1,600",,"10,300","1,500",,"10,400","1,600",,"10,500","1,700",,"11,800","1,900",,"11,500","2,000",,"11,900","1,900",,"13,700","2,100",,"15,500","2,200",,"18,800","2,500",,"19,000","2,400",,"18,800","2,200",,"18,900","2,200",,"17,800","2,200",,"18,100","2,300",,"17,700","2,400",,"16,800","2,200",,"15,800","2,100",,"16,400","2,200",,"17,600","2,400",,"17,300","2,400",,"18,500","2,500",,"18,100","2,500",,"18,100","2,600",,"18,700","2,700",,"17,900","2,700",,"18,200","2,800",,"17,300","2,800",,"16,800","2,600",,"16,200","2,500",,"15,000","2,300",,"14,400","2,100",,"14,500","2,300",,"13,600","2,200",,"12,700","2,100",,"12,000","2,000",,"11,300","1,900",,"11,900","1,800",,"11,500","1,800",,"11,500","1,900",,"11,200","2,200",,"10,800","2,000",,"11,700","2,200",,"11,400","2,300",,"10,900","1,900",,"10,300","2,000",,"9,500","2,000",,"9,000","2,000",,"8,600","2,000",,"8,300","1,900",,"7,900","1,800",,"8,500","1,900",,"8,300","1,900",,"8,200","1,900",,"8,400","1,900",,"9,400","2,000",,"9,700","1,900",,"10,300","2,100",,"9,800","1,900",,"9,500","1,900"
Solihull,E08000029,,"6,400","1,200",,"5,000","1,000",,"4,800","1,100",,"4,900","1,100",,"4,500",700,,"4,300",700,,"4,300",800,,"4,200",800,,"4,200",800,,"4,200",800,,"4,100",800,,"4,200",800,,"4,100",700,,"4,200","1,000",,"4,100","1,000",,"4,200","1,000",,"4,200",900,,"4,400",800,,"4,600",700,,"4,500",800,,"4,500",900,,"5,100","1,000",,"5,300","1,100",,"5,300","1,000",,"6,100","1,100",,"6,800","1,200",,"7,500","1,200",,"8,400","1,300",,"8,600","1,200",,"8,300","1,100",,"8,000","1,100",,"7,800","1,200",,"7,400","1,300",,"7,300","1,200",,"7,400","1,200",,"7,600","1,200",,"8,000","1,300",,"7,700","1,300",,"7,400","1,200",,"7,300","1,300",,"7,100","1,300",,"7,300","1,300",,"7,300","1,300",,"7,000","1,300",,"6,900","1,300",,"6,700","1,200",,"5,900","1,100",,"5,700","1,000",,"5,100",900,,"4,700",900,,"5,100",900,,"4,700",900,,"4,800",900,,"4,600",900,,"4,800",800,,"5,200",900,,"5,400","1,000",,"5,700","1,200",,"5,100","1,000",,"4,800","1,000",,"4,200","1,000",,"4,600",900,,"4,500","1,000",,"4,300","1,000",,"4,400","1,100",,"3,900","1,000",,"4,000","1,000",,"4,000","1,000",,"4,300","1,000",,"4,000","1,000",,"4,100","1,100",,"4,300","1,000",,"4,700","1,000",,"5,200","1,000",,"4,700","1,000",,"4,500",900,,"4,600",900
Walsall,E08000030,,"11,600","1,900",,"9,000","1,600",,"8,900","1,700",,"8,900","1,800",,"7,900","1,200",,"6,900","1,100",,"7,900","1,300",,"7,700","1,200",,"7,400","1,300",,"7,200","1,300",,"6,900","1,200",,"7,300","1,300",,"7,700","1,300",,"8,200","1,600",,"8,900","1,800",,"8,800","1,800",,"8,200","1,600",,"8,500","1,500",,"8,900","1,400",,"8,500","1,300",,"9,200","1,600",,"9,700","1,600",,"9,400","1,700",,"9,300","1,600",,"10,500","1,700",,"11,000","1,800",,"13,000","1,900",,"14,500","2,000",,"14,400","1,900",,"14,700","1,900",,"13,800","1,800",,"13,900","1,900",,"13,700","2,100",,"13,000","1,900",,"13,100","1,900",,"13,400","1,900",,"13,400","1,900",,"13,600","2,000",,"13,500","2,100",,"13,200","2,200",,"13,900","2,300",,"13,800","2,300",,"14,100","2,300",,"13,600","2,300",,"13,500","2,400",,"13,200","2,200",,"11,700","1,900",,"12,200","1,900",,"10,300","1,700",,"10,400","1,800",,"10,100","1,700",,"8,900","1,600",,"9,700","1,600",,"9,200","1,500",,"9,400","1,400",,"9,100","1,500",,"8,300","1,500",,"7,900","1,600",,"7,600","1,500",,"7,900","1,600",,"8,100","1,700",,"8,000","1,500",,"7,400","1,500",,"6,700","1,500",,"6,800","1,600",,"6,500","1,600",,"6,900","1,600",,"7,000","1,600",,"7,900","1,700",,"7,600","1,700",,"7,600","1,800",,"7,700","1,700",,"7,800","1,600",,"8,700","1,700",,"8,800","1,800",,"8,300","1,600",,"8,500","1,700"
Wolverhampton,E08000031,,"10,100","1,800",,"9,500","1,700",,"10,000","1,900",,"9,100","1,800",,"8,500","1,200",,"7,800","1,200",,"8,000","1,300",,"7,900","1,300",,"7,500","1,300",,"7,200","1,300",,"6,800","1,200",,"7,100","1,300",,"7,200","1,200",,"7,500","1,500",,"7,800","1,600",,"8,300","1,700",,"8,200","1,600",,"8,400","1,500",,"9,000","1,400",,"8,800","1,400",,"9,300","1,500",,"10,500","1,700",,"10,300","1,800",,"10,500","1,700",,"10,900","1,700",,"11,200","1,700",,"12,600","1,800",,"13,900","1,900",,"14,800","1,800",,"15,000","1,800",,"14,200","1,800",,"14,200","1,900",,"13,800","2,000",,"13,500","1,900",,"14,100","1,900",,"14,400","1,900",,"15,200","2,000",,"14,600","2,000",,"14,900","2,100",,"14,300","2,100",,"14,900","2,200",,"15,800","2,300",,"16,400","2,300",,"16,400","2,400",,"14,300","2,300",,"13,900","2,100",,"13,900","2,100",,"13,700","2,000",,"13,100","1,900",,"13,100","2,000",,"11,900","1,900",,"11,400","1,900",,"11,600","1,900",,"11,800","1,900",,"10,900","1,600",,"10,400","1,600",,"9,800","1,600",,"8,900","1,700",,"8,700","1,600",,"9,200","1,800",,"9,100","1,800",,"8,700","1,600",,"8,800","1,700",,"7,700","1,600",,"8,100","1,800",,"7,800","1,800",,"7,500","1,700",,"7,800","1,700",,"8,100","1,700",,"8,200","1,700",,"7,500","1,700",,"7,300","1,700",,"7,800","1,600",,"8,400","1,700",,"8,500","1,700",,"8,100","1,600",,"8,200","1,700"
Bromsgrove,E07000234,,"2,400",500,,"2,000",500,,"1,900",500,,"2,100",500,,"1,800",400,,"1,600",400,,"1,800",400,,"1,600",400,,"1,600",300,,"1,500",300,,"1,500",300,,"1,500",300,,"1,500",300,,"1,500",500,,"1,600",500,,"1,600",500,,"1,600",400,,"1,500",400,,"1,500",300,,"1,500",300,,"1,500",400,,"1,700",400,,"1,700",500,,"1,700",400,,"1,800",500,,"2,100",500,,"2,500",600,,"2,800",600,,"3,000",600,,"2,800",600,,"2,900",600,,"2,800",600,,"2,700",600,,"2,600",600,,"2,500",600,,"2,500",600,,"2,700",600,,"2,700",600,,"2,600",600,,"2,500",600,,"2,400",600,,"2,400",700,,"2,400",700,,"2,500",700,,"2,400",700,,"2,200",600,,"2,000",500,,"2,000",500,,"1,800",400,,"1,900",500,,"1,900",500,,"1,800",500,,"1,800",400,,"1,800",400,,"1,800",400,,"1,700",400,,"1,700",400,,"1,600",500,,"1,600",400,,"1,700",500,,"1,600",500,,"1,600",400,,"1,500",400,,"1,700",500,,"1,700",500,,"1,800",600,,"1,800",600,,"1,500",500,,"1,700",500,,"1,400",500,,"1,500",500,,"1,800",500,,"1,900",500,,"2,000",500,,"2,000",500,,"1,700",400,,"1,800",400
Malvern Hills,E07000235,,"1,700",400,,"1,400",300,,"1,500",400,,"1,400",400,,"1,300",300,,"1,000",200,,"1,000",300,,"1,000",200,,"1,000",200,,"1,000",200,,900,200,,"1,000",200,,"1,000",200,,900,300,,900,300,,"1,000",300,,"1,000",300,,"1,100",300,,"1,100",300,,"1,100",300,,"1,200",300,,"1,200",400,,"1,200",400,,"1,200",300,,"1,400",400,,"1,600",400,,"1,800",400,,"2,000",400,,"2,000",400,,"1,900",400,,"1,900",400,,"1,800",400,,"1,800",400,,"1,900",400,,"1,800",400,,"1,800",400,,"1,800",500,,"1,900",500,,"1,900",500,,"1,800",500,,"1,800",500,,"1,800",500,,"1,900",500,,"1,900",600,,"1,800",600,,"1,700",500,,"1,600",400,,"1,500",400,,"1,400",300,,"1,400",400,,"1,400",400,,"1,300",400,,"1,300",300,,"1,300",300,,"1,400",300,,"1,400",400,,"1,400",400,,"1,400",400,,"1,300",300,,"1,300",400,,"1,300",400,,"1,200",300,,"1,100",300,,"1,100",300,,"1,100",400,,"1,100",400,,"1,100",400,,900,300,,"1,000",300,,"1,000",300,,"1,100",400,,"1,200",400,,"1,300",400,,"1,300",300,,"1,400",300,,"1,400",300,,"1,400",300
Redditch,E07000236,,"2,900",600,,"2,500",500,,"2,600",600,,"2,300",600,,"2,100",400,,"1,800",400,,"1,900",500,,"1,800",400,,"1,800",400,,"1,700",400,,"1,800",400,,"1,800",400,,"1,900",400,,"1,900",500,,"1,900",600,,"2,000",600,,"1,900",500,,"2,000",500,,"2,100",400,,"2,100",500,,"2,200",500,,"2,400",600,,"2,400",600,,"2,300",600,,"2,600",600,,"3,000",700,,"3,400",700,,"3,900",800,,"4,000",700,,"3,900",700,,"3,600",600,,"3,700",700,,"3,500",800,,"3,700",700,,"3,700",700,,"3,600",800,,"3,700",800,,"3,300",800,,"3,100",700,,"2,900",800,,"2,800",700,,"2,700",700,,"3,100",800,,"3,000",800,,"2,800",800,,"2,900",700,,"2,700",600,,"2,600",600,,"2,400",500,,"2,200",500,,"2,200",500,,"2,000",500,,"2,100",500,,"2,200",500,,"2,100",500,,"2,100",500,,"2,000",500,,"2,000",600,,"1,900",500,,"1,900",500,,"1,800",600,,"1,700",400,,"1,800",500,,"1,800",500,,"1,900",600,,"1,900",600,,"1,700",600,,"1,600",500,,"1,600",500,,"1,600",500,,"1,700",600,,"2,000",600,,"2,200",600,,"2,200",500,,"2,100",500,,"1,800",500,,"1,700",400
Worcester,E07000237,,"2,800",600,,"2,400",500,,"2,600",600,,"2,500",600,,"2,000",400,,"1,800",400,,"2,000",500,,"1,900",400,,"1,800",400,,"1,800",400,,"1,700",400,,"1,700",400,,"1,800",400,,"2,100",600,,"2,200",700,,"2,400",700,,"2,100",600,,"2,000",500,,"2,200",500,,"2,200",500,,"2,300",600,,"2,500",600,,"2,500",700,,"2,500",600,,"2,700",700,,"3,000",700,,"3,500",800,,"3,800",800,,"4,000",800,,"3,900",700,,"3,800",700,,"3,700",700,,"3,600",800,,"3,700",800,,"3,800",800,,"3,900",800,,"4,000",900,,"4,000",900,,"3,900",900,,"3,700","1,000",,"3,700","1,000",,"3,800","1,000",,"3,700","1,000",,"3,600","1,000",,"3,500","1,000",,"3,200",800,,"3,000",700,,"2,900",700,,"2,800",600,,"2,900",700,,"2,900",700,,"2,700",700,,"2,600",600,,"2,300",500,,"2,300",500,,"2,400",500,,"2,500",600,,"2,400",700,,"2,300",600,,"2,300",600,,"2,200",700,,"2,200",500,,"1,900",500,,"1,900",500,,"1,900",600,,"1,800",600,,"1,900",600,,"1,900",600,,"2,100",600,,"1,900",600,,"1,800",600,,"2,000",600,,"2,000",500,,"2,500",600,,"2,300",600,,"2,200",500,,"2,200",500
Wychavon,E07000238,,"2,500",500,,"2,000",400,,"1,900",500,,"2,000",500,,"2,000",400,,"1,700",400,,"1,900",400,,"1,700",400,,"1,500",300,,"1,500",300,,"1,500",300,,"1,600",300,,"1,700",300,,"1,700",500,,"1,800",600,,"2,000",600,,"1,900",500,,"2,000",500,,"2,000",400,,"2,000",400,,"2,000",500,,"2,200",600,,"2,100",600,,"2,200",600,,"2,600",600,,"2,800",600,,"3,200",700,,"3,700",800,,"3,800",700,,"3,700",700,,"3,500",700,,"3,300",600,,"3,100",700,,"3,100",600,,"3,000",600,,"3,100",700,,"3,200",700,,"3,200",700,,"3,300",800,,"3,200",800,,"3,100",800,,"3,100",800,,"3,100",800,,"3,000",800,,"2,800",800,,"2,800",700,,"2,400",600,,"2,300",500,,"2,100",500,,"2,100",500,,"2,000",500,,"1,900",500,,"2,000",500,,"1,900",500,,"2,000",500,,"2,000",500,,"2,000",500,,"2,000",600,,"2,000",500,,"2,200",600,,"2,100",600,,"2,000",500,,"1,900",500,,"1,800",600,,"1,800",600,,"1,800",600,,"1,800",600,,"1,600",500,,"1,700",500,,"1,500",500,,"1,600",500,,"2,000",600,,"2,100",600,,"2,400",600,,"2,300",500,,"2,000",400,,"2,000",400
Wyre Forest,E07000239,,"3,000",600,,"2,700",600,,"2,500",600,,"2,500",600,,"2,100",400,,"1,900",400,,"2,000",500,,"1,900",400,,"1,900",400,,"1,800",400,,"1,800",400,,"1,700",400,,"1,800",400,,"1,700",500,,"1,800",600,,"1,900",600,,"1,900",600,,"2,000",500,,"1,900",500,,"1,900",500,,"2,000",500,,"2,200",600,,"2,200",600,,"2,300",600,,"2,700",700,,"3,100",700,,"3,700",800,,"4,000",900,,"4,200",800,,"4,000",800,,"3,800",700,,"3,800",700,,"3,500",800,,"3,400",700,,"3,300",700,,"3,300",700,,"3,600",800,,"3,600",800,,"3,800",900,,"3,600",900,,"3,400",900,,"3,500",900,,"3,700",900,,"3,800","1,000",,"3,700","1,000",,"3,400",800,,"2,900",700,,"2,800",600,,"2,600",600,,"2,500",600,,"2,300",600,,"2,000",500,,"2,100",500,,"1,900",500,,"1,900",400,,"1,900",500,,"1,900",500,,"1,900",600,,"1,900",500,,"1,900",500,,"1,900",600,,"1,700",400,,"1,600",400,,"1,600",500,,"1,600",500,,"1,700",600,,"1,700",600,,"1,600",500,,"1,900",600,,"1,900",600,,"1,900",600,,"2,200",600,,"2,200",600,,"2,300",600,,"2,200",500,,"2,000",400,,"1,900",500
Bedford,E06000055,,"5,100","1,000",,"4,500",900,,"3,900",900,,"3,600",800,,"2,900",600,,"3,500",700,,"4,000",800,,"3,500",700,,"3,400",700,,"3,500",800,,"3,300",700,,"3,300",700,,"3,400",700,,"3,300",900,,"3,700","1,000",,"4,000","1,100",,"3,900","1,000",,"4,000",900,,"3,800",700,,"3,600",700,,"3,800",800,,"3,600",800,,"3,700",900,,"3,800",800,,"4,300",900,,"5,000","1,000",,"5,300","1,000",,"5,700","1,000",,"5,900",900,,"6,100",900,,"6,100","1,000",,"6,100","1,000",,"6,000","1,200",,"5,900","1,100",,"6,200","1,100",,"6,200","1,100",,"6,300","1,200",,"6,400","1,300",,"6,400","1,300",,"6,700","1,500",,"6,300","1,500",,"6,500","1,500",,"6,700","1,500",,"6,800","1,600",,"6,900","1,600",,"6,400","1,300",,"5,600","1,200",,"5,300","1,100",,"5,300","1,100",,"5,200","1,100",,"5,200","1,100",,"4,700","1,000",,"4,500","1,000",,"3,900",900,,"3,800",800,,"4,100",800,,"4,000",900,,"4,200","1,100",,"4,300","1,000",,"3,700","1,000",,"3,800","1,100",,"3,900",900,,"3,900","1,000",,"4,100","1,100",,"3,700","1,100",,"3,600","1,100",,"3,300","1,100",,"3,300","1,000",,"3,500","1,000",,"3,500","1,000",,"3,600","1,000",,"3,500",900,,"3,600",900,,"4,100",900,,"4,100",900,,"4,000",800,,"3,800",900
Central Bedfordshire,E06000056,,:,:,,:,:,,:,:,,:,:,,:,:,,:,:,,:,:,,:,:,,"4,000",:,,"4,100",:,,"4,100",:,,"4,200",:,,"4,300",:,,"4,300",:,,"4,800",:,,"5,000",:,,"5,200",:,,"5,100",:,,"4,700",:,,"4,600",:,,"4,600",:,,"4,500",:,,"4,500",:,,"4,700",:,,"5,500",:,,"6,200",:,,"7,100",:,,"7,500",:,,"7,900",:,,"8,300",:,,"8,200",:,,"8,100",:,,"7,900",:,,"8,000",:,,"8,100",:,,"8,000",:,,"8,100",:,,"8,000",:,,"8,100",:,,"8,300",:,,"8,200",:,,"8,200",:,,"7,800",:,,"7,600",:,,"7,300",:,,"6,800",:,,"6,400",:,,"6,300",:,,"5,800",:,,"5,500",:,,"5,300",:,,"4,900",:,,"4,600",:,,"4,600",:,,"4,400",:,,"4,500",:,,"4,600",:,,"4,500",:,,"4,600",:,,"4,200",:,,"4,300",:,,"4,500",:,,"4,600",:,,"4,800",:,,"4,400",:,,"4,100",:,,"3,700",:,,"3,200",:,,"3,500",:,,"3,500",:,,"4,100",:,,"4,700",:,,"5,000",:,,"5,800",:,,"5,600",:,,"5,200",:,,"4,700",:
Luton,E06000032,,"8,700","1,900",,"7,400","1,700",,"4,500","1,200",,"4,700","1,300",,"6,100","1,000",,"5,100",900,,"6,200","1,000",,"5,400",900,,"5,800","1,100",,"6,100","1,200",,"6,400","1,200",,"6,600","1,200",,"6,400","1,200",,"6,600","1,400",,"6,600","1,400",,"6,300","1,400",,"7,200","1,500",,"7,300","1,400",,"7,500","1,400",,"7,600","1,400",,"6,900","1,400",,"6,500","1,300",,"6,600","1,400",,"6,400","1,300",,"7,700","1,400",,"8,500","1,500",,"9,200","1,600",,"9,000","1,500",,"9,100","1,400",,"9,200","1,400",,"8,900","1,400",,"9,100","1,500",,"8,300","1,500",,"8,200","1,500",,"8,800","1,500",,"9,200","1,600",,"9,600","1,700",,"10,600","1,800",,"10,100","1,800",,"10,400","1,800",,"10,600","1,800",,"9,300","1,700",,"9,000","1,700",,"8,500","1,600",,"8,800","1,700",,"8,800","1,600",,"8,800","1,600",,"8,500","1,500",,"7,700","1,400",,"6,700","1,300",,"6,000","1,200",,"5,800","1,200",,"5,300","1,100",,"5,600","1,200",,"5,400","1,100",,"5,500","1,100",,"5,700","1,200",,"5,300","1,200",,"5,300","1,200",,"4,900","1,200",,"5,600","1,300",,"5,800","1,200",,"5,700","1,200",,"5,800","1,300",,"4,900","1,300",,"4,800","1,300",,"4,700","1,300",,"4,400","1,200",,"4,800","1,200",,"4,700","1,200",,"4,300","1,200",,"4,900","1,400",,"6,100","1,600",,"6,800","1,700",,"7,300","1,800",,"7,800","1,800",,"6,400","1,700"
Peterborough,E06000031,,"6,400","1,200",,"6,000","1,200",,"4,300",900,,"4,300","1,000",,"3,200",600,,"3,800",600,,"3,700",700,,"3,700",700,,"3,700",700,,"3,800",700,,"3,900",700,,"3,900",700,,"4,200",700,,"4,300",900,,"4,600","1,000",,"5,400","1,100",,"4,900","1,000",,"4,800",900,,"4,800",800,,"4,700",800,,"5,100",900,,"5,500","1,000",,"5,500","1,100",,"5,400","1,000",,"5,800","1,000",,"6,100","1,000",,"6,800","1,100",,"7,500","1,100",,"8,200","1,100",,"8,700","1,200",,"8,400","1,100",,"8,700","1,200",,"8,800","1,400",,"8,300","1,300",,"9,000","1,300",,"8,500","1,300",,"8,600","1,300",,"8,700","1,400",,"8,800","1,400",,"9,100","1,600",,"8,600","1,600",,"9,500","1,700",,"9,000","1,600",,"8,600","1,600",,"8,200","1,600",,"7,800","1,300",,"7,100","1,300",,"6,800","1,200",,"6,700","1,100",,"6,600","1,200",,"6,500","1,100",,"5,500","1,000",,"5,000","1,000",,"4,500",900,,"4,300",800,,"4,600",800,,"4,600",900,,"4,500","1,100",,"4,900","1,000",,"4,400","1,000",,"4,800","1,200",,"4,800","1,000",,"4,400","1,000",,"4,900","1,100",,"4,900","1,200",,"5,000","1,300",,"5,400","1,400",,"4,800","1,200",,"5,200","1,200",,"5,200","1,300",,"5,000","1,300",,"5,000","1,200",,"4,900","1,100",,"5,200","1,100",,"5,300","1,100",,"5,100","1,000",,"4,800","1,100"
Southend-on-Sea,E06000033,,"7,500","1,400",,"7,700","1,500",,"5,300","1,200",,"4,700","1,100",,"4,000",700,,"4,200",700,,"3,800",700,,"3,900",700,,"4,200",700,,"3,900",700,,"3,900",700,,"3,700",700,,"4,100",700,,"4,400",900,,"4,500",900,,"4,900","1,000",,"4,800","1,000",,"4,700",900,,"4,700",800,,"4,700",800,,"4,700",900,,"4,600",900,,"4,300",900,,"4,400",900,,"4,900",900,,"5,200",900,,"5,800","1,000",,"6,200","1,000",,"6,400",900,,"6,700",900,,"6,800","1,000",,"6,700","1,000",,"6,500","1,100",,"6,800","1,000",,"7,100","1,100",,"7,000","1,100",,"7,000","1,100",,"7,000","1,100",,"6,600","1,100",,"6,800","1,200",,"6,600","1,200",,"6,400","1,200",,"7,000","1,300",,"6,700","1,300",,"6,300","1,300",,"6,800","1,200",,"6,500","1,200",,"6,600","1,200",,"6,600","1,100",,"5,900","1,100",,"5,100","1,000",,"4,900","1,000",,"4,900","1,000",,"5,200","1,000",,"4,900",900,,"4,700",900,,"4,600",900,,"4,200","1,000",,"4,500",900,,"4,300","1,000",,"4,100","1,000",,"4,400",900,,"4,000",800,,"4,000",900,,"3,500",900,,"3,200",900,,"3,300",900,,"3,400",900,,"3,700",900,,"3,800",900,,"4,000","1,000",,"3,800",900,,"4,400",900,,"4,700",900,,"4,700",900,,"4,600",900,,"4,500",900
Thurrock,E06000034,,"5,200","1,000",,"4,700","1,000",,"3,600",800,,"3,700",900,,"2,800",500,,"3,100",500,,"3,300",600,,"3,200",600,,"3,000",600,,"3,300",600,,"3,400",600,,"3,500",600,,"3,600",600,,"3,500",800,,"3,700",800,,"3,900",900,,"3,900",800,,"3,700",700,,"3,700",600,,"3,500",600,,"3,500",700,,"3,800",700,,"3,700",800,,"4,100",800,,"4,600",800,,"5,200",900,,"6,000","1,000",,"6,200","1,000",,"6,500",900,,"6,500",900,,"6,300",900,,"6,600",900,,"6,700","1,100",,"6,900","1,100",,"7,200","1,100",,"7,300","1,100",,"7,500","1,200",,"7,700","1,200",,"7,600","1,200",,"7,400","1,300",,"6,800","1,300",,"6,400","1,200",,"6,600","1,200",,"6,200","1,200",,"6,300","1,300",,"6,500","1,100",,"6,200","1,100",,"5,800","1,000",,"5,700","1,000",,"5,600","1,000",,"5,600","1,000",,"5,300","1,000",,"4,900",900,,"4,400",800,,"4,100",700,,"4,300",800,,"4,200",800,,"4,300","1,000",,"4,200",900,,"3,700",900,,"3,900","1,000",,"3,900",800,,"3,700",800,,"3,900",900,,"3,600",900,,"3,600",900,,"3,700","1,000",,"3,700","1,000",,"4,200","1,000",,"3,900","1,000",,"4,400","1,100",,"4,100","1,000",,"4,000",900,,"4,600",900,,"4,500",900,,"4,400",900,,"4,300",900
Cambridge,E07000008,,"4,100",900,,"3,400",700,,"2,800",700,,"2,700",700,,"2,300",500,,"2,300",500,,"2,400",600,,"2,400",600,,"2,800",600,,"2,800",600,,"2,900",600,,"2,900",600,,"3,100",600,,"3,300",900,,"4,100","1,200",,"3,600","1,100",,"3,500","1,000",,"3,300",800,,"3,000",700,,"3,100",700,,"3,300",800,,"3,000",800,,"2,800",800,,"2,800",800,,"3,000",800,,"3,000",700,,"3,200",800,,"3,000",700,,"3,100",600,,"3,400",700,,"3,500",700,,"3,600",700,,"3,600",900,,"3,900",800,,"4,000",900,,"3,900",900,,"3,800",900,,"3,800",900,,"3,400",900,,"3,400","1,000",,"3,400","1,000",,"3,200",900,,"3,400",900,,"3,700","1,100",,"3,700","1,100",,"3,400",900,,"3,400",900,,"3,400",800,,"3,000",700,,"2,800",700,,"2,500",600,,"2,300",600,,"2,500",600,,"2,700",700,,"2,600",600,,"2,500",600,,"2,500",600,,"2,400",800,,"2,400",700,,"2,200",700,,"2,300",800,,"2,500",700,,"2,400",700,,"2,800",900,,"2,600",900,,"2,100",800,,"1,800",700,,"1,700",600,,"1,700",600,,"1,900",700,,"2,300",800,,"2,800",900,,"2,900",800,,"3,100",800,,"2,800",800,,"2,800",800,,"2,500",700
East Cambridgeshire,E07000009,,"1,600",400,,"1,400",300,,"1,500",400,,"1,300",300,,"1,100",200,,"1,200",300,,"1,300",300,,"1,200",300,,"1,200",300,,"1,300",300,,"1,300",300,,"1,300",300,,"1,300",300,,"1,400",400,,"1,400",500,,"1,400",500,,"1,400",400,,"1,500",400,,"1,400",300,,"1,400",300,,"1,400",400,,"1,300",400,,"1,300",400,,"1,400",400,,"1,500",400,,"1,800",400,,"2,000",500,,"2,100",500,,"2,200",500,,"2,200",500,,"2,200",500,,"2,200",500,,"2,300",600,,"2,400",500,,"2,300",500,,"2,200",500,,"2,300",500,,"2,400",600,,"2,400",600,,"2,600",700,,"2,500",700,,"2,400",700,,"2,400",700,,"2,100",600,,"2,000",600,,"1,900",500,,"1,900",500,,"2,000",500,,"1,900",500,,"1,700",400,,"1,600",400,,"1,400",400,,"1,400",400,,"1,500",400,,"1,400",400,,"1,400",400,,"1,400",400,,"1,200",400,,"1,300",400,,"1,200",400,,"1,100",400,,"1,200",400,,"1,200",400,,"1,100",300,,"1,100",400,,"1,100",400,,"1,000",400,,900,300,,"1,000",300,,"1,000",300,,"1,200",400,,"1,300",400,,"1,500",500,,"1,600",400,,"1,600",500,,"1,600",400,,"1,400",400
Fenland,E07000010,,"2,800",600,,"2,600",600,,"2,300",600,,"1,900",500,,"1,500",300,,"1,700",400,,"1,600",400,,"1,600",400,,"1,800",400,,"1,900",400,,"1,900",400,,"1,900",400,,"2,100",400,,"2,000",600,,"2,300",700,,"2,600",800,,"2,400",700,,"2,300",600,,"2,100",500,,"2,000",500,,"2,200",500,,"2,300",600,,"2,400",700,,"2,500",600,,"2,800",700,,"2,900",700,,"3,200",800,,"3,400",700,,"3,500",700,,"3,600",700,,"3,500",700,,"3,400",700,,"3,300",800,,"3,400",700,,"3,500",800,,"3,600",800,,"3,700",900,,"3,900","1,000",,"3,900","1,000",,"4,000","1,100",,"4,100","1,100",,"4,200","1,100",,"4,200","1,100",,"3,800","1,000",,"3,500","1,000",,"3,100",800,,"2,800",700,,"2,800",700,,"2,800",700,,"2,700",700,,"2,500",700,,"2,300",600,,"2,000",500,,"1,900",500,,"1,700",400,,"1,700",400,,"1,800",500,,"1,700",500,,"1,800",500,,"1,600",500,,"1,700",600,,"1,800",500,,"1,700",500,,"1,900",600,,"1,800",600,,"1,900",700,,"1,800",700,,"1,700",600,,"1,700",600,,"1,600",600,,"1,700",600,,"1,700",600,,"1,700",500,,"2,100",600,,"2,200",600,,"2,200",500,,"2,100",600
Huntingdonshire,E07000011,,"3,700",700,,"3,500",700,,"3,000",700,,"2,800",700,,"2,400",500,,"2,500",500,,"2,700",600,,"2,600",600,,"2,600",600,,"2,700",600,,"2,600",600,,"2,600",600,,"2,700",600,,"2,600",800,,"2,900",900,,"3,100",900,,"3,300",900,,"3,300",800,,"3,000",600,,"3,000",600,,"2,900",700,,"2,800",700,,"2,900",800,,"3,100",700,,"3,700",800,,"4,100",900,,"4,600","1,000",,"4,800",900,,"5,000",900,,"5,200",900,,"5,200",900,,"5,100",900,,"5,000","1,100",,"5,100","1,000",,"5,000","1,000",,"5,000","1,000",,"5,000","1,000",,"5,100","1,100",,"5,000","1,100",,"5,300","1,300",,"5,100","1,300",,"5,100","1,300",,"4,800","1,200",,"4,500","1,200",,"4,200","1,100",,"3,900",900,,"3,900",900,,"3,800",900,,"3,500",800,,"3,100",800,,"2,900",700,,"2,700",700,,"2,600",600,,"2,600",600,,"2,500",600,,"2,400",500,,"2,500",600,,"2,400",700,,"2,600",700,,"2,400",700,,"2,400",800,,"2,600",700,,"2,400",600,,"2,700",800,,"2,600",900,,"2,700",900,,"2,600",900,,"2,200",800,,"2,500",700,,"2,500",800,,"3,000","1,000",,"3,300","1,000",,"3,400",900,,"3,500",800,,"3,300",800,,"3,100",700,,"3,100",700
South Cambridgeshire,E07000012,,"2,900",600,,"2,200",500,,"1,700",400,,"1,700",400,,"1,600",300,,"1,700",400,,"2,000",500,,"1,800",400,,"1,800",400,,"1,900",400,,"1,900",400,,"1,900",400,,"2,000",400,,"1,800",600,,"2,200",700,,"2,200",700,,"2,200",600,,"2,400",600,,"2,200",400,,"2,200",400,,"2,300",500,,"2,200",600,,"2,200",600,,"2,200",600,,"2,600",600,,"2,700",600,,"2,900",700,,"3,000",600,,"3,000",600,,"3,200",600,,"3,200",600,,"3,200",600,,"3,100",700,,"3,200",700,,"3,200",700,,"3,200",700,,"3,200",700,,"3,200",700,,"3,400",800,,"3,700",900,,"3,500",900,,"3,200",900,,"3,100",800,,"3,000",800,,"2,900",800,,"2,900",700,,"2,600",600,,"2,700",600,,"2,600",600,,"2,300",600,,"2,200",500,,"2,100",500,,"2,100",500,,"2,100",500,,"2,000",500,,"2,000",500,,"2,000",500,,"1,900",600,,"2,000",500,,"1,700",500,,"1,800",600,,"1,900",500,,"1,800",500,,"2,100",600,,"1,900",600,,"1,900",700,,"1,700",600,,"1,500",500,,"1,600",500,,"1,600",500,,"1,900",600,,"2,400",700,,"2,800",800,,"2,900",700,,"3,100",800,,"2,700",700,,"2,400",600
Basildon,E07000066,,"6,100","1,200",,"5,700","1,100",,"4,500","1,000",,"4,000",900,,"3,500",700,,"3,700",700,,"3,900",800,,"3,600",800,,"3,600",700,,"3,800",800,,"3,700",800,,"3,800",800,,"4,100",800,,"4,000","1,100",,"4,400","1,200",,"4,700","1,300",,"4,300","1,100",,"4,100",900,,"4,000",800,,"3,800",800,,"3,800",900,,"4,000",900,,"3,900","1,000",,"4,100",900,,"4,600","1,000",,"5,100","1,100",,"5,700","1,200",,"6,200","1,200",,"6,800","1,100",,"7,200","1,200",,"7,200","1,200",,"7,200","1,200",,"7,000","1,400",,"6,700","1,200",,"6,800","1,200",,"6,800","1,300",,"6,900","1,300",,"6,900","1,500",,"7,000","1,500",,"7,500","1,800",,"7,300","1,800",,"7,400","1,800",,"7,700","1,900",,"7,400","1,900",,"7,200","1,900",,"6,900","1,600",,"6,200","1,400",,"5,800","1,300",,"5,800","1,200",,"5,600","1,300",,"5,300","1,200",,"4,900","1,100",,"4,600","1,100",,"4,200","1,000",,"4,100",900,,"4,700","1,000",,"4,600","1,100",,"4,500","1,200",,"4,500","1,100",,"3,700","1,100",,"3,900","1,200",,"4,000","1,000",,"3,900","1,000",,"4,000","1,100",,"3,600","1,100",,"3,500","1,100",,"3,500","1,200",,"3,400","1,100",,"4,000","1,200",,"3,900","1,200",,"4,200","1,300",,"4,300","1,200",,"4,300","1,100",,"5,100","1,200",,"4,800","1,100",,"4,700","1,000",,"4,200","1,000"
Braintree,E07000067,,"3,800",800,,"3,500",700,,"2,500",600,,"2,600",600,,"2,400",500,,"2,600",500,,"2,600",600,,"2,300",500,,"2,300",500,,"2,400",500,,"2,300",500,,"2,500",500,,"2,600",500,,"2,800",800,,"3,000",900,,"2,900",900,,"3,000",800,,"3,100",700,,"3,000",600,,"2,800",600,,"3,000",700,,"2,900",700,,"3,000",800,,"3,100",700,,"3,700",800,,"4,100",800,,"4,500",900,,"4,800",900,,"4,900",800,,"5,000",800,,"4,800",800,,"4,800",900,,"4,800","1,000",,"4,800",900,,"4,800",900,,"4,500",900,,"4,700",900,,"4,700","1,000",,"4,800","1,000",,"5,000","1,200",,"5,000","1,200",,"5,100","1,300",,"5,200","1,200",,"5,000","1,300",,"4,800","1,300",,"4,300","1,000",,"4,000",900,,"3,900",900,,"3,600",800,,"3,500",900,,"3,500",800,,"3,300",800,,"3,200",700,,"3,000",700,,"3,000",600,,"3,000",700,,"3,000",700,,"2,900",800,,"2,700",700,,"2,400",700,,"2,400",700,,"2,400",600,,"2,500",600,,"2,800",800,,"2,600",800,,"2,600",900,,"2,300",800,,"2,100",700,,"2,300",700,,"2,300",700,,"2,500",800,,"2,600",800,,"2,600",700,,"3,000",700,,"2,900",700,,"2,900",700,,"2,800",700
Brentwood,E07000068,,"1,700",400,,"1,400",300,,"1,200",300,,"1,000",300,,800,200,,900,200,,"1,000",300,,900,300,,900,200,,"1,000",200,,"1,000",200,,"1,000",200,,"1,000",200,,900,300,,"1,000",400,,"1,000",400,,"1,100",400,,"1,000",300,,"1,000",300,,"1,100",300,,"1,100",300,,"1,100",300,,"1,100",300,,"1,200",300,,"1,300",400,,"1,400",400,,"1,600",400,,"1,700",400,,"1,800",400,,"2,000",400,,"2,000",400,,"1,900",400,,"1,900",500,,"1,900",400,,"1,900",400,,"1,800",500,,"1,800",500,,"1,800",500,,"1,900",500,,"2,000",600,,"1,900",600,,"1,800",600,,"1,800",600,,"1,700",600,,"1,700",600,,"1,600",500,,"1,500",400,,"1,500",400,,"1,500",400,,"1,400",400,,"1,400",400,,"1,300",400,,"1,200",300,,"1,200",300,,"1,100",300,,"1,200",300,,"1,300",400,,"1,200",400,,"1,300",400,,"1,100",400,,"1,200",400,,"1,200",400,,"1,200",400,,"1,300",400,,"1,300",500,,"1,300",500,,"1,300",500,,"1,200",400,,"1,200",400,,"1,100",400,,"1,200",500,,"1,200",400,,"1,200",400,,"1,400",400,,"1,600",500,,"1,500",400,,"1,500",400
Castle Point,E07000069,,"3,100",600,,"2,500",600,,"1,800",500,,"1,700",400,,"1,500",300,,"1,600",400,,"1,500",400,,"1,500",400,,"1,400",300,,"1,500",300,,"1,500",300,,"1,400",300,,"1,500",300,,"1,400",500,,"1,700",500,,"1,700",600,,"1,800",500,,"1,700",500,,"1,600",400,,"1,600",400,,"1,600",400,,"1,600",400,,"1,600",500,,"1,700",500,,"1,800",500,,"2,200",500,,"2,500",600,,"2,700",600,,"2,900",600,,"2,900",600,,"3,000",600,,"3,000",600,,"3,000",700,,"3,000",600,,"2,900",600,,"2,800",600,,"3,000",600,,"2,900",700,,"3,000",700,,"3,200",900,,"3,200",900,,"3,300",900,,"3,200",800,,"3,100",900,,"2,800",800,,"2,600",700,,"2,500",600,,"2,400",600,,"2,300",600,,"2,100",600,,"2,000",500,,"1,900",500,,"1,800",500,,"1,800",500,,"1,700",500,,"1,800",500,,"1,700",500,,"1,700",500,,"1,700",500,,"1,500",500,,"1,600",500,,"1,600",500,,"1,600",400,,"1,600",500,,"1,500",500,,"1,400",500,,"1,300",500,,"1,200",500,,"1,300",500,,"1,300",500,,"1,500",500,,"1,600",500,,"1,500",400,,"1,700",400,,"1,800",500,,"1,700",400,,"1,700",400
Chelmsford,E07000070,,"4,700",900,,"4,000",800,,"3,500",800,,"3,000",700,,"2,600",500,,"2,700",500,,"2,900",600,,"2,700",600,,"2,800",600,,"2,900",600,,"3,000",600,,"2,900",600,,"3,100",600,,"3,000",800,,"3,100",900,,"3,300","1,000",,"3,400",900,,"3,300",800,,"3,300",700,,"3,200",600,,"3,300",800,,"3,300",800,,"3,300",800,,"3,400",800,,"3,800",900,,"4,200",900,,"4,700",900,,"4,800",900,,"5,100",800,,"5,400",900,,"5,400",900,,"5,300",900,,"5,300","1,100",,"5,500","1,000",,"5,500","1,000",,"5,400","1,000",,"5,400","1,000",,"5,500","1,100",,"5,400","1,100",,"5,700","1,300",,"5,700","1,300",,"5,700","1,400",,"5,500","1,300",,"5,300","1,300",,"5,000","1,300",,"4,700","1,100",,"4,500","1,000",,"4,300",900,,"4,400",900,,"4,300","1,000",,"4,200",900,,"3,900",900,,"3,600",800,,"3,400",800,,"3,300",700,,"3,300",700,,"3,100",700,,"2,900",800,,"3,000",700,,"2,800",800,,"3,100",900,,"3,200",700,,"3,300",800,,"3,600","1,000",,"3,400","1,000",,"3,200","1,100",,"2,800","1,000",,"2,300",800,,"2,400",700,,"2,400",800,,"2,700",900,,"3,100",900,,"3,300",800,,"3,700",800,,"3,800",900,,"3,600",800,,"3,300",800
Colchester,E07000071,,"4,700",900,,"4,200",800,,"3,300",800,,"3,000",700,,"2,500",500,,"2,500",500,,"2,900",600,,"2,900",600,,"2,900",600,,"2,900",600,,"3,000",600,,"3,000",600,,"3,000",600,,"3,100",900,,"3,600","1,100",,"3,700","1,100",,"3,700","1,000",,"3,800",900,,"3,500",700,,"3,400",700,,"3,500",800,,"3,600",900,,"3,600",900,,"3,800",900,,"4,300","1,000",,"4,800","1,000",,"5,200","1,100",,"5,500","1,100",,"5,900","1,000",,"6,000","1,000",,"5,800","1,000",,"5,700","1,000",,"5,700","1,200",,"5,800","1,100",,"6,000","1,100",,"5,900","1,100",,"5,900","1,200",,"5,900","1,200",,"6,200","1,300",,"6,600","1,500",,"6,200","1,500",,"6,200","1,500",,"6,100","1,500",,"5,900","1,500",,"5,800","1,600",,"5,700","1,300",,"5,400","1,200",,"5,400","1,200",,"5,100","1,100",,"4,400","1,100",,"4,200","1,000",,"3,800",900,,"3,800",900,,"3,800",800,,"3,600",700,,"3,700",800,,"3,800",900,,"3,900","1,100",,"4,200","1,000",,"3,900","1,100",,"4,000","1,200",,"3,900",900,,"3,600",900,,"3,800","1,000",,"3,300","1,000",,"3,100","1,000",,"3,100","1,000",,"3,100","1,000",,"3,600","1,000",,"3,500","1,100",,"4,000","1,200",,"4,300","1,200",,"4,400","1,100",,"4,200",900,,"4,200",900,,"3,600",800,,"3,500",800
Epping Forest,E07000072,,"3,700",700,,"3,300",700,,"2,600",600,,"2,500",600,,"2,000",400,,"2,000",400,,"2,300",500,,"2,200",500,,"2,200",400,,"2,200",500,,"2,300",500,,"2,200",500,,"2,300",500,,"2,400",700,,"2,500",800,,"2,700",800,,"2,700",700,,"2,700",700,,"2,700",500,,"2,700",500,,"2,800",700,,"2,600",600,,"2,600",700,,"2,600",600,,"3,100",700,,"3,300",700,,"3,700",800,,"3,900",800,,"4,000",700,,"4,300",800,,"4,200",800,,"4,500",900,,"4,400","1,000",,"4,300",900,,"4,200",900,,"4,300",900,,"4,400",900,,"4,400","1,000",,"4,400","1,000",,"4,400","1,100",,"4,100","1,000",,"4,000","1,000",,"4,000","1,000",,"4,000","1,100",,"4,000","1,100",,"3,800",900,,"3,600",900,,"3,300",700,,"3,200",700,,"3,100",800,,"3,000",700,,"2,700",600,,"2,500",600,,"2,400",600,,"2,200",500,,"2,400",600,,"2,500",600,,"2,500",700,,"2,600",700,,"2,400",700,,"2,500",800,,"2,500",600,,"2,400",600,,"2,400",700,,"2,200",700,,"2,100",700,,"1,800",600,,"1,700",600,,"1,900",600,,"1,900",600,,"2,100",700,,"2,400",700,,"2,600",700,,"3,100",700,,"3,100",700,,"3,000",700,,"2,700",600
Harlow,E07000073,,"2,900",600,,"2,600",600,,"2,100",500,,"1,900",500,,"1,400",300,,"1,600",400,,"1,800",400,,"1,800",400,,"1,700",300,,"1,900",400,,"1,900",400,,"2,000",400,,"2,100",400,,"2,100",600,,"2,400",700,,"2,300",700,,"2,200",600,,"2,100",500,,"2,200",500,,"2,100",500,,"2,200",600,,"2,300",600,,"2,400",700,,"2,300",600,,"2,600",600,,"2,900",700,,"3,300",800,,"3,500",800,,"3,800",700,,"4,000",700,,"3,900",700,,"3,900",700,,"3,900",900,,"3,700",800,,"3,600",800,,"3,600",800,,"3,800",800,,"3,800",800,,"4,000",900,,"4,100","1,000",,"3,800","1,000",,"4,000","1,000",,"4,000","1,000",,"3,900","1,100",,"3,800","1,100",,"3,300",900,,"3,000",800,,"2,900",700,,"2,900",700,,"2,900",700,,"2,900",700,,"2,600",600,,"2,400",600,,"2,200",500,,"2,000",500,,"2,000",500,,"2,000",500,,"2,000",600,,"2,000",500,,"1,800",500,,"1,800",600,,"1,900",500,,"1,900",500,,"2,200",600,,"2,100",700,,"2,000",700,,"2,000",700,,"1,900",700,,"2,100",600,,"2,000",600,,"2,100",700,,"2,000",600,,"2,000",600,,"2,300",600,,"2,400",600,,"2,200",500,,"2,000",500
Maldon,E07000074,,"1,700",400,,"1,500",400,,"1,200",300,,"1,100",300,,900,200,,900,200,,900,200,,"1,000",300,,900,200,,"1,000",200,,"1,000",200,,"1,000",200,,"1,000",200,,900,300,,"1,100",400,,"1,200",400,,"1,200",400,,"1,200",300,,"1,100",300,,"1,100",300,,"1,200",300,,"1,100",300,,"1,000",300,,"1,000",300,,"1,200",300,,"1,400",400,,"1,600",400,,"1,800",400,,"1,900",400,,"2,000",400,,"2,000",400,,"2,000",400,,"2,000",500,,"1,800",400,,"1,800",400,,"1,700",400,,"1,700",500,,"1,700",500,,"1,600",500,,"1,700",500,,"1,700",500,,"1,700",500,,"1,700",500,,"1,700",500,,"1,700",500,,"1,700",400,,"1,600",400,,"1,600",400,,"1,500",400,,"1,400",400,,"1,500",400,,"1,300",400,,"1,100",300,,"1,100",300,,900,300,,"1,100",300,,"1,100",300,,"1,100",400,,"1,200",400,,"1,100",400,,"1,200",400,,"1,300",400,,"1,200",300,,"1,200",400,,"1,000",400,,900,300,,900,300,,800,300,,900,300,,"1,000",300,,"1,000",400,,"1,300",500,,"1,300",400,,"1,300",500,,"1,200",400,,"1,100",300,,"1,100",300
Rochford,E07000075,,"2,500",500,,"2,100",400,,"1,700",400,,"1,500",400,,"1,200",300,,"1,400",300,,"1,400",300,,"1,200",300,,"1,200",300,,"1,400",300,,"1,300",300,,"1,200",300,,"1,300",300,,"1,100",400,,"1,300",400,,"1,400",500,,"1,500",400,,"1,500",400,,"1,500",300,,"1,500",300,,"1,500",400,,"1,400",400,,"1,400",400,,"1,400",400,,"1,500",400,,"1,700",400,,"2,000",500,,"2,000",500,,"2,100",400,,"2,200",500,,"2,200",500,,"2,100",500,,"2,100",500,,"2,200",500,,"2,100",500,,"2,200",500,,"2,200",500,,"2,300",600,,"2,400",600,,"2,500",700,,"2,400",700,,"2,200",700,,"2,300",700,,"2,300",700,,"2,300",700,,"2,100",600,,"1,900",500,,"2,000",500,,"1,900",500,,"1,800",500,,"1,700",500,,"1,400",400,,"1,300",400,,"1,200",400,,"1,200",300,,"1,200",300,,"1,300",400,,"1,300",400,,"1,500",400,,"1,400",500,,"1,400",500,,"1,400",400,,"1,200",400,,"1,400",400,,"1,300",400,,"1,200",400,,"1,100",400,,"1,000",400,,"1,100",400,,"1,100",400,,"1,300",500,,"1,600",500,,"1,700",500,,"1,800",500,,"1,900",500,,"1,600",400,,"1,400",400
Tendring,E07000076,,"4,700","1,000",,"3,800",800,,"3,200",800,,"3,200",800,,"2,700",600,,"2,600",600,,"2,700",600,,"2,400",600,,"2,400",500,,"2,500",500,,"2,600",500,,"2,500",500,,"2,700",500,,"2,900",800,,"3,300","1,000",,"3,400","1,000",,"3,500",900,,"3,200",800,,"3,100",700,,"3,400",700,,"3,600",900,,"3,600",900,,"3,700","1,000",,"3,500",900,,"4,000","1,000",,"4,200","1,000",,"4,600","1,000",,"4,600","1,000",,"4,400",900,,"4,800",900,,"4,700","1,000",,"5,000","1,000",,"5,400","1,200",,"5,900","1,200",,"6,200","1,300",,"5,900","1,300",,"6,000","1,300",,"5,700","1,300",,"5,400","1,300",,"5,600","1,400",,"5,200","1,300",,"5,500","1,400",,"5,200","1,300",,"5,300","1,400",,"5,100","1,300",,"4,600","1,100",,"4,600","1,100",,"4,700","1,000",,"4,700","1,000",,"4,400","1,100",,"4,100","1,000",,"3,600",900,,"3,300",900,,"3,400",800,,"3,400",700,,"3,600",800,,"3,600",900,,"3,200","1,000",,"3,400",900,,"3,100",900,,"3,200","1,000",,"3,300",800,,"3,100",800,,"3,000",900,,"2,600","1,000",,"2,600","1,000",,"2,400",900,,"2,600","1,000",,"3,000",900,,"3,000","1,000",,"3,200","1,100",,"2,900",900,,"3,200",800,,"3,500",800,,"3,300",800,,"3,100",700,,"2,800",700
Uttlesford,E07000077,,"1,400",300,,"1,200",300,,"1,000",300,,900,200,,800,200,,700,200,,900,200,,900,200,,900,200,,900,200,,"1,000",200,,"1,000",200,,"1,000",200,,900,300,,"1,100",400,,"1,000",300,,"1,100",300,,"1,100",300,,"1,000",200,,"1,000",200,,"1,100",300,,"1,000",300,,"1,000",300,,"1,100",300,,"1,200",300,,"1,400",300,,"1,500",400,,"1,500",400,,"1,600",300,,"1,700",400,,"1,800",400,,"1,800",400,,"1,800",500,,"1,800",400,,"1,800",400,,"1,700",400,,"1,800",400,,"1,800",400,,"1,800",500,,"1,900",500,,"1,700",500,,"1,600",500,,"1,600",500,,"1,500",500,,"1,400",400,,"1,300",400,,"1,200",300,,"1,400",300,,"1,400",300,,"1,300",400,,"1,300",300,,"1,200",300,,"1,100",300,,"1,100",300,,"1,100",300,,"1,000",300,,"1,000",300,,"1,000",300,,"1,100",300,,"1,000",300,,"1,200",400,,"1,200",300,,"1,100",300,,"1,400",400,,"1,300",400,,"1,300",500,,"1,200",500,,"1,000",400,,"1,000",300,,"1,000",300,,"1,100",400,,"1,400",500,,"1,700",500,,"2,000",600,,"2,000",500,,"1,600",400,,"1,400",400
Broxbourne,E07000095,,"2,800",600,,"2,300",500,,"1,700",400,,"1,500",400,,"1,500",300,,"1,600",300,,"1,700",400,,"1,700",400,,"1,700",300,,"1,800",400,,"1,800",400,,"1,700",400,,"1,900",400,,"2,100",600,,"2,400",700,,"2,500",700,,"2,200",600,,"2,100",500,,"2,000",400,,"2,000",400,,"2,000",500,,"1,900",500,,"1,800",500,,"2,000",500,,"2,300",600,,"2,500",600,,"2,900",600,,"3,000",600,,"3,300",600,,"3,400",700,,"3,500",600,,"3,500",700,,"3,600",800,,"3,600",700,,"3,700",800,,"3,600",800,,"3,600",800,,"3,600",800,,"3,600",900,,"3,500","1,000",,"3,300",900,,"3,000",900,,"3,100",900,,"3,200",900,,"3,200",900,,"3,000",700,,"2,700",600,,"2,600",600,,"2,500",600,,"2,500",600,,"2,400",600,,"2,100",500,,"2,000",500,,"1,800",500,,"1,700",400,,"1,900",400,,"2,000",500,,"1,900",600,,"1,900",500,,"1,600",500,,"1,700",600,,"1,800",500,,"1,800",500,,"2,000",600,,"1,800",600,,"1,800",700,,"1,800",600,,"1,700",600,,"1,800",600,,"1,700",600,,"1,900",600,,"2,000",600,,"2,100",600,,"2,500",600,,"2,400",600,,"2,300",500,,"2,100",500
Dacorum,E07000096,,"3,500",700,,"2,900",600,,"2,200",500,,"2,200",500,,"2,000",400,,"2,300",500,,"2,600",600,,"2,500",600,,"2,700",600,,"2,800",600,,"2,800",600,,"2,700",600,,"2,700",500,,"2,500",700,,"2,900",900,,"3,200",900,,"3,300",900,,"3,300",800,,"3,000",600,,"2,800",600,,"2,800",700,,"2,700",700,,"2,700",700,,"2,800",700,,"3,300",800,,"3,600",800,,"4,000",900,,"4,400",900,,"4,600",800,,"4,800",800,,"4,700",800,,"4,400",800,,"4,100",900,,"4,200",900,,"4,300",900,,"4,200",900,,"4,400",900,,"4,600","1,000",,"4,700","1,000",,"4,900","1,200",,"4,500","1,100",,"4,200","1,100",,"4,000","1,000",,"3,800","1,000",,"3,700","1,000",,"3,700",800,,"3,500",800,,"3,800",800,,"3,700",800,,"3,500",800,,"3,400",800,,"3,200",700,,"3,000",700,,"2,900",700,,"2,800",600,,"2,800",600,,"2,800",700,,"2,700",800,,"3,100",800,,"2,700",800,,"2,900",900,,"2,900",700,,"2,600",700,,"2,800",800,,"2,600",800,,"2,500",800,,"2,100",700,,"1,800",600,,"2,000",600,,"2,200",700,,"2,600",800,,"2,800",800,,"2,900",700,,"3,200",700,,"3,200",700,,"3,100",700,,"3,000",700
East Hertfordshire,E07000242,,"3,000",600,,"2,300",500,,"1,800",400,,"1,800",400,,"1,500",300,,"1,600",300,,"1,800",400,,"1,700",400,,"1,700",400,,"1,800",400,,"1,900",400,,"2,000",400,,"2,100",400,,"2,000",600,,"2,300",700,,"2,500",700,,"2,500",700,,"2,400",600,,"2,200",500,,"2,200",500,,"2,200",500,,"2,100",500,,"2,000",600,,"2,100",500,,"2,400",600,,"2,600",600,,"3,000",700,,"3,200",700,,"3,400",600,,"3,600",600,,"3,500",600,,"3,300",600,,"3,300",700,,"3,500",700,,"3,500",700,,"3,700",700,,"3,700",800,,"3,700",800,,"3,600",800,,"3,800",900,,"3,500",900,,"3,500",900,,"3,500",900,,"3,300",900,,"3,200",900,,"2,900",700,,"2,900",700,,"2,900",600,,"2,800",600,,"2,700",600,,"2,500",600,,"2,300",600,,"2,200",500,,"2,200",500,,"2,200",500,,"2,300",500,,"2,400",600,,"2,300",700,,"2,300",600,,"2,000",600,,"2,000",600,,"2,100",500,,"2,100",500,,"2,300",600,,"2,100",700,,"2,000",700,,"1,800",700,,"1,700",600,,"1,700",500,,"1,800",600,,"2,000",700,,"2,300",700,,"2,500",600,,"2,800",600,,"2,900",700,,"2,600",600,,"2,500",600
Hertsmere,E07000098,,"2,500",500,,"2,000",400,,"1,500",400,,"1,500",400,,"1,300",300,,"1,600",300,,"1,700",400,,"1,700",400,,"1,500",300,,"1,600",400,,"1,700",400,,"1,700",400,,"1,800",300,,"1,500",500,,"1,700",500,,"1,900",600,,"1,900",600,,"2,000",500,,"1,900",400,,"1,900",400,,"2,000",500,,"2,000",500,,"2,000",500,,"2,100",500,,"2,400",600,,"2,500",600,,"2,700",600,,"2,700",500,,"2,800",500,,"3,100",500,,"3,100",600,,"3,200",600,,"3,100",700,,"3,000",600,,"3,200",700,,"3,200",700,,"3,300",700,,"3,100",700,,"3,100",800,,"3,300",900,,"3,000",800,,"3,000",800,,"2,900",800,,"2,800",800,,"2,700",800,,"2,600",600,,"2,400",600,,"2,500",600,,"2,600",600,,"2,500",600,,"2,600",600,,"2,400",600,,"2,200",500,,"2,100",500,,"1,900",400,,"2,000",500,,"1,900",500,,"1,700",500,,"1,800",500,,"1,700",500,,"1,900",600,,"1,900",500,,"1,900",500,,"2,100",600,,"1,900",600,,"2,000",700,,"1,800",700,,"1,500",600,,"1,500",500,,"1,500",500,,"1,700",600,,"2,100",600,,"2,300",600,,"2,400",500,,"2,400",500,,"2,200",500,,"1,900",400
North Hertfordshire,E07000099,,"3,400",700,,"2,700",600,,"2,000",500,,"2,000",500,,"1,700",300,,"1,800",400,,"1,900",400,,"2,000",500,,"2,000",400,,"2,200",500,,"2,200",500,,"2,100",400,,"2,200",400,,"2,400",700,,"2,700",800,,"2,700",800,,"2,800",700,,"2,700",600,,"2,400",500,,"2,400",500,,"2,400",600,,"2,300",600,,"2,400",600,,"2,300",600,,"2,700",600,,"3,000",700,,"3,400",700,,"3,600",700,,"3,800",700,,"4,000",700,,"4,100",700,,"4,100",800,,"4,100",900,,"4,200",800,,"4,100",800,,"3,900",800,,"3,800",800,,"3,600",800,,"3,800",800,,"4,200","1,000",,"4,000","1,000",,"4,400","1,100",,"4,200","1,000",,"4,300","1,100",,"4,200","1,100",,"3,700",800,,"3,400",800,,"3,200",700,,"3,200",700,,"3,200",800,,"3,100",700,,"2,800",700,,"2,600",600,,"2,400",600,,"2,300",500,,"2,400",500,,"2,500",600,,"2,500",700,,"2,600",600,,"2,400",700,,"2,300",700,,"2,400",600,,"2,200",600,,"2,200",600,,"2,200",700,,"2,200",700,,"2,100",700,,"2,000",700,,"2,200",700,,"2,100",700,,"2,400",800,,"2,500",700,,"2,600",700,,"2,900",600,,"2,800",700,,"2,600",600,,"2,500",600
St Albans,E07000240,,"2,700",600,,"2,400",500,,"1,800",500,,"1,800",500,,"1,400",300,,"1,600",400,,"1,800",400,,"1,800",400,,"1,700",400,,"1,700",400,,"1,700",400,,"1,700",400,,"1,800",400,,"1,800",500,,"2,100",600,,"2,200",700,,"2,300",600,,"2,400",500,,"2,200",400,,"2,100",400,,"2,300",500,,"2,200",500,,"2,100",600,,"2,100",500,,"2,300",600,,"2,500",600,,"2,800",600,,"2,900",600,,"3,100",600,,"3,200",600,,"3,200",600,,"3,300",600,,"3,400",700,,"3,400",700,,"3,400",700,,"3,100",700,,"3,200",700,,"3,400",800,,"3,300",800,,"3,700",900,,"3,600",900,,"3,800","1,000",,"3,700",900,,"3,800","1,000",,"3,500","1,000",,"3,000",700,,"2,900",700,,"2,800",600,,"2,700",600,,"2,500",600,,"2,400",600,,"2,200",500,,"2,100",500,,"2,100",500,,"2,000",500,,"2,100",500,,"2,300",600,,"2,400",700,,"2,500",600,,"2,400",700,,"2,400",700,,"2,400",600,,"2,500",600,,"2,600",700,,"2,500",800,,"2,600",900,,"2,500",900,,"2,100",700,,"2,200",700,,"2,000",700,,"2,200",700,,"2,600",800,,"2,600",700,,"2,900",600,,"2,700",600,,"2,600",600,,"2,300",500
Stevenage,E07000243,,"3,100",600,,"2,500",500,,"2,000",500,,"1,700",400,,"1,400",300,,"1,500",300,,"1,600",400,,"1,600",400,,"1,500",300,,"1,700",400,,"1,800",400,,"1,800",400,,"1,900",400,,"1,800",500,,"2,000",600,,"2,200",700,,"2,100",600,,"2,000",500,,"1,900",400,,"1,800",400,,"1,900",500,,"2,000",500,,"2,000",600,,"2,200",600,,"2,400",600,,"2,600",600,,"3,000",700,,"3,100",700,,"3,300",700,,"3,400",700,,"3,400",700,,"3,400",700,,"3,300",800,,"3,300",700,,"3,200",700,,"3,300",700,,"3,400",800,,"3,500",800,,"3,600",900,,"3,500",900,,"3,400",900,,"3,600","1,000",,"3,800","1,000",,"3,800","1,000",,"3,700","1,000",,"3,400",800,,"3,100",700,,"3,000",600,,"3,000",600,,"2,800",700,,"2,800",700,,"2,400",600,,"2,200",500,,"2,000",500,,"1,900",400,,"2,000",500,,"2,000",500,,"2,000",600,,"2,000",500,,"1,900",600,,"1,900",600,,"2,000",500,,"1,700",500,,"1,800",500,,"1,600",500,,"1,500",500,,"1,400",500,,"1,300",500,,"1,500",500,,"1,500",500,,"1,800",600,,"1,700",500,,"1,800",500,,"2,000",500,,"2,000",500,,"2,000",500,,"1,800",500
Three Rivers,E07000102,,"2,000",400,,"1,600",400,,"1,300",300,,"1,400",300,,"1,100",200,,"1,300",300,,"1,500",300,,"1,300",300,,"1,300",300,,"1,400",300,,"1,400",300,,"1,500",300,,"1,500",300,,"1,600",500,,"1,800",500,,"1,800",500,,"1,800",500,,"1,700",400,,"1,500",300,,"1,500",300,,"1,500",400,,"1,500",400,,"1,500",400,,"1,500",400,,"1,700",400,,"1,800",400,,"1,900",500,,"2,100",500,,"2,300",400,,"2,400",500,,"2,600",500,,"2,500",500,,"2,600",600,,"2,500",500,,"2,600",600,,"2,500",600,,"2,400",600,,"2,500",600,,"2,600",600,,"2,700",700,,"2,700",700,,"2,600",700,,"2,600",700,,"2,700",700,,"2,400",700,,"2,200",500,,"2,000",500,,"2,000",500,,"1,900",400,,"1,800",500,,"1,700",400,,"1,500",400,,"1,500",400,,"1,400",400,,"1,400",400,,"1,500",400,,"1,600",400,,"1,700",500,,"1,600",400,,"1,400",400,,"1,400",500,,"1,500",400,,"1,500",500,,"1,700",500,,"1,700",600,,"1,500",600,,"1,500",500,,"1,300",500,,"1,300",400,,"1,300",400,,"1,400",500,,"1,600",500,,"1,700",500,,"1,900",500,,"1,900",400,,"1,800",400,,"1,700",400
Watford,E07000103,,"2,600",600,,"2,200",500,,"1,600",400,,"1,600",400,,"1,500",300,,"1,600",400,,"1,600",400,,"1,700",400,,"1,800",400,,"1,800",400,,"1,800",400,,"1,800",400,,"1,900",400,,"1,900",600,,"2,200",700,,"2,000",600,,"2,000",600,,"2,000",500,,"2,000",400,,"2,100",500,,"2,200",500,,"2,100",500,,"1,900",500,,"2,000",500,,"2,200",500,,"2,200",500,,"2,500",600,,"2,600",600,,"2,600",500,,"2,800",600,,"2,900",600,,"3,200",600,,"3,300",800,,"3,400",700,,"3,500",700,,"3,300",700,,"3,300",700,,"3,400",800,,"3,100",700,,"3,000",800,,"2,900",800,,"2,700",800,,"2,700",700,,"2,600",700,,"2,700",800,,"2,900",700,,"2,900",700,,"3,000",700,,"2,900",600,,"2,500",600,,"2,500",600,,"2,300",600,,"2,300",600,,"2,400",600,,"2,300",500,,"2,100",500,,"2,000",500,,"1,900",600,,"1,900",500,,"1,900",600,,"1,900",600,,"2,200",600,,"2,100",600,,"2,200",700,,"2,200",700,,"2,000",700,,"1,700",700,,"1,600",600,,"1,700",600,,"1,800",600,,"2,100",700,,"2,100",600,,"2,200",600,,"2,300",500,,"2,500",600,,"2,500",500,,"2,300",500
Welwyn Hatfield,E07000241,,"2,500",500,,"2,000",400,,"1,400",400,,"1,600",400,,"1,500",300,,"1,500",300,,"1,800",400,,"1,800",400,,"2,000",400,,"2,100",400,,"2,100",400,,"1,900",400,,"2,000",400,,"1,900",600,,"2,100",700,,"2,300",700,,"2,400",700,,"2,200",600,,"2,100",500,,"2,000",400,,"2,200",500,,"2,100",500,,"2,100",600,,"2,100",500,,"2,400",600,,"2,600",600,,"2,800",600,,"2,900",600,,"3,200",600,,"3,600",700,,"3,700",700,,"3,900",700,,"3,900",900,,"3,800",800,,"3,800",800,,"3,800",800,,"4,000",800,,"3,900",900,,"3,900",900,,"4,000","1,000",,"3,600","1,000",,"3,300",900,,"3,400",900,,"3,400","1,000",,"3,300","1,000",,"3,300",800,,"3,100",700,,"3,100",700,,"3,100",700,,"3,000",700,,"3,000",700,,"2,700",700,,"2,700",600,,"2,600",600,,"2,500",500,,"2,600",600,,"2,500",600,,"2,800",800,,"2,700",700,,"2,400",700,,"2,500",800,,"2,400",600,,"2,300",600,,"2,700",700,,"2,500",800,,"2,400",800,,"2,300",800,,"2,200",700,,"2,200",700,,"2,200",700,,"2,400",800,,"2,400",700,,"2,400",600,,"2,600",600,,"2,700",600,,"2,400",500,,"2,300",600
Breckland,E07000143,,"3,400",700,,"3,200",700,,"2,500",600,,"2,300",600,,"2,100",400,,"2,100",400,,"2,100",500,,"2,000",500,,"2,000",400,,"2,300",500,,"2,300",500,,"2,300",500,,"2,400",500,,"2,200",700,,"2,400",700,,"2,600",800,,"2,500",700,,"2,600",600,,"2,600",500,,"2,500",500,,"2,700",600,,"2,700",700,,"2,700",700,,"3,000",700,,"3,400",800,,"3,700",800,,"3,900",800,,"3,900",800,,"4,100",700,,"4,100",700,,"4,100",700,,"4,100",800,,"4,000",900,,"4,000",900,,"4,000",900,,"3,800",900,,"3,700",900,,"3,900",900,,"3,900",900,,"4,200","1,000",,"4,400","1,100",,"4,500","1,100",,"4,800","1,200",,"4,700","1,200",,"4,300","1,200",,"3,900",900,,"3,400",800,,"3,500",800,,"3,300",700,,"3,200",700,,"3,100",700,,"2,700",600,,"2,600",600,,"2,400",600,,"2,200",500,,"2,300",500,,"2,300",600,,"2,300",700,,"2,400",700,,"2,300",700,,"2,400",800,,"2,400",600,,"2,300",600,,"2,400",700,,"2,300",700,,"2,200",800,,"2,000",700,,"1,700",600,,"2,000",600,,"2,200",700,,"2,500",800,,"2,800",800,,"2,900",800,,"2,800",700,,"2,900",700,,"2,400",600,,"2,400",600
Broadland,E07000144,,"2,900",600,,"2,700",600,,"2,500",600,,"2,000",500,,"2,000",400,,"1,800",400,,"1,700",400,,"1,600",400,,"1,800",400,,"1,900",400,,"1,800",400,,"1,800",400,,"1,800",400,,"1,800",500,,"2,100",600,,"2,200",600,,"2,200",600,,"2,200",500,,"2,100",400,,"2,000",400,,"1,900",500,,"2,000",500,,"1,900",500,,"2,100",500,,"2,400",600,,"2,600",600,,"2,800",600,,"2,900",600,,"2,900",500,,"3,100",600,,"3,000",600,,"2,900",600,,"2,900",700,,"2,900",600,,"3,100",700,,"3,100",700,,"3,100",700,,"3,100",700,,"3,000",700,,"3,100",800,,"3,000",800,,"2,800",800,,"2,800",800,,"2,900",800,,"2,800",800,,"2,700",600,,"2,500",600,,"2,600",600,,"2,500",600,,"2,300",600,,"2,200",500,,"2,000",500,,"1,900",500,,"1,900",500,,"1,800",400,,"1,900",400,,"1,800",500,,"1,700",500,,"1,900",500,,"1,800",600,,"1,900",600,,"2,000",500,,"2,000",600,,"2,200",600,,"2,100",700,,"2,100",700,,"1,700",600,,"1,500",500,,"1,400",500,,"1,400",500,,"1,700",600,,"1,900",600,,"1,900",500,,"2,100",500,,"2,200",600,,"2,000",500,,"2,000",500
Great Yarmouth,E07000145,,"4,700","1,000",,"4,200",900,,"3,400",900,,"3,400",900,,"2,900",700,,"2,900",700,,"2,500",600,,"2,500",600,,"2,700",500,,"3,100",600,,"3,000",600,,"2,900",600,,"3,000",600,,"3,300",900,,"3,600","1,100",,"3,700","1,100",,"3,200",900,,"2,700",700,,"2,700",600,,"2,900",700,,"3,000",800,,"3,200",800,,"3,100",900,,"3,100",800,,"3,500",900,,"3,500",900,,"3,700",900,,"3,900",900,,"3,900",800,,"4,300",900,,"4,300",900,,"4,400","1,000",,"4,600","1,100",,"5,000","1,100",,"5,100","1,100",,"5,000","1,100",,"5,200","1,100",,"4,800","1,100",,"4,700","1,100",,"4,800","1,200",,"4,400","1,100",,"4,600","1,200",,"4,500","1,100",,"4,600","1,200",,"4,400","1,200",,"4,200","1,000",,"4,000",900,,"3,600",800,,"3,800",800,,"3,500",900,,"3,300",800,,"2,800",700,,"2,500",700,,"2,400",600,,"2,400",600,,"2,800",700,,"2,900",700,,"2,900",900,,"3,000",900,,"2,700",900,,"3,100","1,100",,"3,200",900,,"3,300",900,,"3,000","1,000",,"2,400",900,,"2,300",900,,"2,300","1,000",,"2,300",900,,"2,600",900,,"2,500",800,,"2,700","1,000",,"2,700",900,,"2,900",900,,"3,200",900,,"2,400",700,,"2,200",600,,"2,000",600
King's Lynn and West Norfolk,E07000146,,"4,100",800,,"4,100",800,,"3,400",800,,"2,800",700,,"2,400",500,,"2,600",500,,"2,700",600,,"2,600",600,,"2,800",600,,"3,000",600,,"3,000",600,,"3,000",600,,"3,000",600,,"2,800",800,,"3,000",900,,"3,200",900,,"3,200",800,,"3,100",700,,"3,000",600,,"2,900",600,,"3,000",700,,"2,900",700,,"2,900",700,,"3,000",700,,"3,400",800,,"3,700",800,,"4,200",900,,"4,500",900,,"4,700",800,,"5,000",900,,"5,000",900,,"4,900",900,,"4,800","1,100",,"5,100","1,000",,"5,200","1,000",,"5,000","1,000",,"5,100","1,100",,"4,900","1,100",,"5,000","1,100",,"5,100","1,200",,"4,900","1,300",,"4,700","1,200",,"4,900","1,200",,"4,900","1,300",,"4,700","1,300",,"4,700","1,100",,"4,200","1,000",,"4,200",900,,"4,000",900,,"3,800",900,,"3,600",800,,"3,200",800,,"2,900",700,,"2,700",600,,"2,600",600,,"2,600",600,,"2,700",600,,"2,700",800,,"2,700",700,,"2,300",700,,"2,300",800,,"2,400",600,,"2,200",600,,"2,700",800,,"2,600",800,,"2,300",800,,"2,300",800,,"2,100",700,,"2,400",700,,"2,400",700,,"2,500",800,,"2,600",700,,"2,600",700,,"3,000",700,,"3,200",800,,"2,900",600,,"2,700",600
North Norfolk,E07000147,,"3,000",600,,"2,400",600,,"2,100",500,,"2,000",500,,"1,700",400,,"1,600",400,,"1,600",400,,"1,700",400,,"1,500",300,,"1,600",300,,"1,700",400,,"1,600",300,,"1,700",300,,"1,800",500,,"2,000",600,,"2,000",600,,"2,000",600,,"2,100",500,,"2,000",400,,"2,100",500,,"2,200",500,,"2,100",500,,"2,200",600,,"2,100",500,,"2,400",600,,"2,400",600,,"2,400",600,,"2,300",600,,"2,300",500,,"2,400",500,,"2,500",600,,"2,600",600,,"2,800",700,,"3,000",700,,"3,200",700,,"3,100",700,,"3,100",700,,"3,000",800,,"2,800",800,,"2,800",800,,"2,300",700,,"2,400",700,,"2,500",700,,"2,600",800,,"2,500",800,,"2,300",600,,"2,200",600,,"2,300",600,,"2,400",600,,"2,200",600,,"2,100",600,,"1,700",500,,"1,500",400,,"1,600",400,,"1,600",400,,"1,700",400,,"1,700",500,,"1,500",500,,"1,500",500,,"1,200",400,,"1,200",400,,"1,300",400,,"1,200",400,,"1,300",400,,"1,200",500,,"1,200",500,,"1,100",500,,"1,000",400,,"1,200",400,,"1,200",400,,"1,500",600,,"1,700",600,,"1,700",500,,"1,900",500,,"1,700",500,,"1,600",500,,"1,500",500
Norwich,E07000148,,"6,500","1,200",,"6,100","1,200",,"4,700","1,100",,"4,600","1,100",,"3,900",800,,"3,800",800,,"3,600",800,,"3,200",700,,"4,000",700,,"4,100",800,,"4,200",800,,"4,100",800,,"4,200",800,,"4,300","1,200",,"4,500","1,300",,"4,500","1,300",,"4,500","1,200",,"4,600","1,100",,"4,500",900,,"4,400",900,,"4,400","1,000",,"4,200","1,000",,"4,200","1,100",,"4,300","1,000",,"4,900","1,100",,"5,000","1,100",,"5,300","1,200",,"5,400","1,100",,"5,700","1,000",,"6,200","1,100",,"6,200","1,100",,"6,300","1,100",,"6,300","1,300",,"6,300","1,200",,"6,300","1,200",,"6,500","1,300",,"6,700","1,300",,"6,800","1,400",,"6,800","1,400",,"7,100","1,600",,"7,000","1,700",,"7,200","1,700",,"7,100","1,600",,"7,000","1,700",,"6,400","1,600",,"6,100","1,300",,"5,900","1,300",,"5,600","1,200",,"5,300","1,100",,"5,000","1,100",,"4,500","1,000",,"4,400","1,000",,"4,300",900,,"4,300",900,,"4,300",900,,"4,100",900,,"4,000",900,,"3,900","1,100",,"3,900","1,000",,"3,700","1,100",,"4,000","1,200",,"3,900",900,,"3,700","1,000",,"3,500","1,000",,"3,200","1,000",,"3,000","1,100",,"2,900","1,000",,"3,100","1,100",,"3,300","1,000",,"3,500","1,100",,"3,700","1,200",,"3,500","1,100",,"3,800","1,000",,"3,900","1,000",,"3,900","1,000",,"4,000",900,,"3,700",900
South Norfolk,E07000149,,"3,000",600,,"2,900",600,,"2,300",600,,"2,100",500,,"1,800",400,,"1,700",400,,"1,700",400,,"1,700",400,,"1,500",300,,"1,600",400,,"1,700",400,,"1,700",300,,"1,800",400,,"1,900",600,,"2,000",600,,"2,000",600,,"2,200",600,,"2,200",500,,"2,100",400,,"2,100",400,,"2,100",500,,"2,000",500,,"1,900",500,,"2,100",500,,"2,300",600,,"2,400",600,,"2,700",600,,"2,800",600,,"2,900",600,,"3,100",600,,"3,400",600,,"3,400",700,,"3,600",800,,"3,500",700,,"3,400",700,,"3,600",800,,"3,400",700,,"3,500",800,,"3,300",800,,"3,300",800,,"3,100",800,,"2,900",800,,"3,000",800,,"2,900",800,,"3,000",800,,"2,900",700,,"2,800",700,,"2,800",600,,"2,700",600,,"2,500",600,,"2,300",600,,"2,100",500,,"1,900",500,,"1,900",500,,"1,800",400,,"1,900",400,,"2,000",500,,"2,000",600,,"2,000",500,,"1,800",600,,"1,900",600,,"1,900",500,,"1,900",500,,"2,100",600,,"1,900",600,,"2,000",700,,"1,800",600,,"1,600",500,,"1,700",500,,"1,600",500,,"1,800",600,,"2,100",600,,"2,100",600,,"2,400",600,,"2,500",600,,"2,300",500,,"2,300",600
Babergh,E07000200,,"2,200",500,,"2,100",400,,"1,800",400,,"1,400",400,,"1,300",300,,"1,400",300,,"1,500",300,,"1,400",300,,"1,200",300,,"1,300",300,,"1,300",300,,"1,300",300,,"1,300",300,,"1,400",400,,"1,600",500,,"1,600",500,,"1,600",500,,"1,600",400,,"1,500",400,,"1,500",400,,"1,400",400,,"1,400",400,,"1,400",400,,"1,400",400,,"1,600",400,,"1,900",500,,"2,100",500,,"2,200",500,,"2,300",500,,"2,300",400,,"2,300",400,,"2,300",500,,"2,200",500,,"2,400",500,,"2,300",500,,"2,200",500,,"2,400",500,,"2,400",600,,"2,500",600,,"2,500",600,,"2,400",600,,"2,500",700,,"2,500",700,,"2,500",700,,"2,400",700,,"2,200",600,,"1,900",500,,"2,000",500,,"1,900",500,,"1,800",500,,"1,700",500,,"1,500",400,,"1,500",400,,"1,400",400,,"1,400",300,,"1,400",300,,"1,400",300,,"1,400",400,,"1,400",400,,"1,300",400,,"1,400",500,,"1,400",400,,"1,400",400,,"1,600",400,,"1,500",500,,"1,400",500,,"1,300",500,,"1,200",400,,"1,300",400,,"1,200",400,,"1,300",400,,"1,400",400,,"1,400",400,,"1,600",400,,"1,700",400,,"1,600",400,,"1,500",400
East Suffolk,E07000244,,:,:,,:,:,,:,:,,:,:,,:,:,,:,:,,:,:,,:,:,,:,:,,:,:,,:,:,,:,:,,:,:,,:,:,,:,:,,:,:,,:,:,,:,:,,:,:,,:,:,,:,:,,:,:,,:,:,,:,:,,:,:,,:,:,,:,:,,:,:,,:,:,,:,:,,:,:,,:,:,,:,:,,:,:,,:,:,,:,:,,:,:,,"7,700",:,,"7,500",:,,"7,900",:,,"7,400",:,,"7,400",:,,"7,100",:,,"7,200",:,,"6,900",:,,"6,200",:,,"6,100",:,,"5,800",:,,"5,700",:,,"5,200",:,,"4,800",:,,"4,500",:,,"4,200",:,,"4,400",:,,"4,300",:,,"4,500",:,,"4,700",:,,"4,600",:,,"4,800",:,,"4,300",:,,"4,400",:,,"4,500",:,,"4,200",:,,"4,300",:,,"4,000",:,,"4,000",:,,"3,800",:,,"3,500",:,,"3,600",:,,"3,500",:,,"3,800",:,,"4,200",:,,"4,400",:,,"4,800",:,,"4,700",:,,"4,200",:,,"4,000",:
Ipswich,E07000202,,"4,500",900,,"4,700",900,,"4,000",900,,"3,600",900,,"2,600",500,,"3,000",600,,"3,100",700,,"3,200",700,,"3,100",600,,"3,000",600,,"3,000",600,,"3,000",600,,"3,200",600,,"3,300",900,,"3,600","1,000",,"3,700","1,100",,"3,600",900,,"3,600",800,,"3,600",700,,"3,400",700,,"3,500",800,,"3,500",800,,"3,400",900,,"3,600",800,,"4,100",900,,"4,700","1,000",,"5,100","1,000",,"5,400","1,000",,"5,700",900,,"5,800",900,,"5,600","1,000",,"5,700","1,000",,"5,700","1,200",,"5,700","1,100",,"5,900","1,100",,"5,900","1,200",,"6,200","1,200",,"6,100","1,300",,"6,600","1,300",,"7,100","1,600",,"6,800","1,500",,"6,900","1,600",,"6,500","1,500",,"6,100","1,500",,"6,100","1,500",,"5,700","1,200",,"5,100","1,100",,"5,000","1,000",,"4,800","1,000",,"4,700","1,000",,"4,700","1,000",,"4,300","1,000",,"4,000",900,,"3,600",800,,"3,300",700,,"3,500",700,,"3,400",800,,"3,700","1,000",,"3,600",900,,"3,300",900,,"3,400","1,000",,"3,300",700,,"3,400",800,,"3,500",900,,"3,000",900,,"3,000","1,000",,"2,800",900,,"2,800",900,,"3,300","1,000",,"3,200","1,000",,"3,300","1,000",,"3,300",900,,"3,300",900,,"3,600",800,,"3,500",800,,"3,200",700,,"3,000",700
Mid Suffolk,E07000203,,"1,900",400,,"1,800",400,,"1,700",400,,"1,300",300,,"1,300",300,,"1,300",300,,"1,300",300,,"1,300",300,,"1,300",300,,"1,300",300,,"1,300",300,,"1,300",300,,"1,300",300,,"1,400",400,,"1,600",500,,"1,700",500,,"1,800",500,,"1,700",500,,"1,500",400,,"1,600",400,,"1,600",400,,"1,500",400,,"1,500",400,,"1,600",400,,"1,900",500,,"2,000",500,,"2,100",500,,"2,200",500,,"2,200",400,,"2,300",500,,"2,400",400,,"2,400",500,,"2,400",500,,"2,400",500,,"2,400",500,,"2,300",500,,"2,300",500,,"2,500",600,,"2,600",600,,"2,700",700,,"2,500",700,,"2,200",600,,"2,100",600,,"2,100",600,,"2,000",600,,"2,000",500,,"2,000",500,,"2,000",500,,"1,900",500,,"1,900",500,,"1,800",500,,"1,600",400,,"1,500",400,,"1,400",400,,"1,500",400,,"1,600",400,,"1,700",400,,"1,700",500,,"1,700",400,,"1,500",500,,"1,500",500,,"1,600",400,,"1,500",400,,"1,700",500,,"1,600",500,,"1,600",600,,"1,600",600,,"1,300",400,,"1,400",400,,"1,400",500,,"1,500",500,,"1,700",500,,"1,800",500,,"1,900",500,,"1,900",500,,"1,800",400,,"1,600",400
West Suffolk,E07000245,,:,:,,:,:,,:,:,,:,:,,:,:,,:,:,,:,:,,:,:,,:,:,,:,:,,:,:,,:,:,,:,:,,:,:,,:,:,,:,:,,:,:,,:,:,,:,:,,:,:,,:,:,,:,:,,:,:,,:,:,,:,:,,:,:,,:,:,,:,:,,:,:,,:,:,,:,:,,:,:,,:,:,,:,:,,:,:,,:,:,,:,:,,"4,800",:,,"4,800",:,,"5,200",:,,"4,800",:,,"4,900",:,,"5,000",:,,"4,700",:,,"4,500",:,,"4,300",:,,"3,900",:,,"3,900",:,,"3,700",:,,"3,400",:,,"3,400",:,,"3,000",:,,"2,800",:,,"2,700",:,,"2,700",:,,"2,800",:,,"2,800",:,,"2,700",:,,"3,000",:,,"2,700",:,,"3,000",:,,"3,200",:,,"3,100",:,,"3,400",:,,"3,000",:,,"2,800",:,,"2,500",:,,"2,300",:,,"2,400",:,,"2,400",:,,"2,600",:,,"2,800",:,,"2,900",:,,"3,300",:,,"3,300",:,,"3,200",:,,"3,100",:
Camden,E09000007,,"11,100","2,200",,"8,000","1,800",,"8,000","1,900",,"7,600","1,900",,"7,600","1,400",,"7,900","1,400",,"9,100","1,700",,"8,600","1,500",,"8,500","1,700",,"8,100","1,800",,"8,600","1,800",,"7,700","1,700",,"8,500","1,700",,"9,300","2,200",,"9,100","2,100",,"10,000","2,200",,"9,200","2,000",,"8,800","1,700",,"9,300","1,600",,"8,500","1,500",,"7,800","1,600",,"7,700","1,600",,"7,700","1,700",,"8,000","1,600",,"7,900","1,600",,"7,900","1,600",,"8,500","1,600",,"8,900","1,600",,"10,100","1,700",,"11,000","1,800",,"10,300","1,700",,"10,100","1,800",,"10,200","2,100",,"9,200","1,800",,"9,900","1,800",,"10,100","1,800",,"9,700","1,800",,"10,000","1,900",,"9,500","1,900",,"8,700","1,900",,"9,100","1,900",,"9,500","2,000",,"10,200","2,100",,"10,200","2,200",,"8,900","2,000",,"8,900","1,800",,"8,200","1,700",,"8,000","1,700",,"8,300","1,700",,"7,700","1,700",,"7,600","1,600",,"8,000","1,700",,"7,200","1,500",,"7,200","1,600",,"7,400","1,400",,"7,000","1,500",,"7,800","1,700",,"7,900","2,000",,"7,200","1,700",,"7,200","1,900",,"7,000","2,000",,"7,000","1,700",,"7,000","1,800",,"7,300","2,000",,"6,500","2,000",,"6,600","2,200",,"7,000","2,300",,"6,000","2,000",,"6,300","1,900",,"5,900","1,800",,"5,700","1,900",,"5,800","1,800",,"7,700","2,100",,"7,700","2,200",,"7,800","2,400",,"8,300","2,300",,"6,900","2,200"
Hackney,E09000012,,"18,300","2,900",,"16,900","2,800",,"12,400","2,500",,"12,300","2,500",,"11,800","1,900",,"10,200","1,700",,"10,000","1,800",,"9,700","1,700",,"10,800","2,000",,"10,300","2,000",,"9,900","1,900",,"10,100","1,900",,"9,500","1,800",,"10,000","2,100",,"10,400","2,200",,"10,700","2,300",,"11,800","2,400",,"11,800","2,200",,"11,900","2,100",,"11,900","2,100",,"12,700","2,300",,"12,800","2,300",,"11,100","2,200",,"11,500","2,100",,"10,700","2,000",,"11,200","2,000",,"12,400","2,200",,"13,300","2,200",,"14,500","2,100",,"14,600","2,100",,"14,000","2,200",,"14,000","2,300",,"13,900","2,500",,"14,700","2,500",,"15,600","2,500",,"15,200","2,500",,"14,500","2,500",,"13,800","2,400",,"13,600","2,500",,"13,100","2,500",,"14,100","2,700",,"14,400","2,900",,"15,000","2,900",,"15,400","3,100",,"14,500","3,000",,"14,400","2,600",,"12,800","2,400",,"12,600","2,300",,"11,500","2,100",,"11,200","2,300",,"10,600","2,100",,"9,700","2,000",,"9,800","2,000",,"10,100","2,000",,"11,300","2,000",,"11,200","2,000",,"10,700","2,200",,"9,900","2,400",,"8,800","2,100",,"8,200","2,100",,"7,400","2,100",,"7,900","1,800",,"8,800","2,100",,"9,300","2,400",,"9,200","2,600",,"9,000","2,700",,"7,700","2,400",,"7,200","2,100",,"7,700","2,100",,"9,000","2,400",,"8,700","2,500",,"9,700","2,700",,"10,500","2,900",,"10,200","2,700",,"10,500","2,900",,"10,000","2,700",,"8,600","2,500"
Hammersmith and Fulham,E09000013,,"9,200","1,900",,"7,700","1,700",,"6,200","1,500",,"6,400","1,600",,"5,900","1,100",,"6,200","1,100",,"7,600","1,400",,"7,500","1,400",,"7,500","1,600",,"7,100","1,600",,"7,300","1,500",,"6,000","1,300",,"6,800","1,300",,"8,000","1,700",,"7,600","1,700",,"8,500","1,900",,"7,800","1,700",,"7,600","1,600",,"8,000","1,400",,"7,300","1,400",,"7,000","1,500",,"7,000","1,500",,"7,000","1,600",,"7,400","1,600",,"7,700","1,600",,"7,400","1,500",,"8,200","1,600",,"8,400","1,500",,"9,100","1,500",,"9,800","1,600",,"8,500","1,500",,"8,400","1,500",,"8,400","1,700",,"7,700","1,400",,"8,400","1,500",,"8,800","1,500",,"8,200","1,500",,"8,600","1,600",,"8,500","1,600",,"8,100","1,700",,"8,900","1,800",,"8,900","1,700",,"9,200","1,800",,"9,200","1,900",,"8,400","1,800",,"7,900","1,600",,"7,200","1,500",,"6,500","1,300",,"6,900","1,400",,"6,700","1,400",,"6,600","1,400",,"7,200","1,500",,"6,700","1,400",,"6,300","1,400",,"6,600","1,300",,"6,300","1,300",,"6,400","1,400",,"6,200","1,500",,"6,300","1,500",,"6,300","1,600",,"6,000","1,700",,"6,100","1,500",,"6,100","1,600",,"6,100","1,600",,"5,800","1,700",,"6,000","1,900",,"6,100","1,900",,"5,500","1,800",,"5,200","1,600",,"5,100","1,500",,"4,800","1,500",,"4,700","1,500",,"7,000","1,800",,"6,700","1,900",,"6,300","1,800",,"6,800","1,800",,"5,500","1,600"
Haringey,E09000014,,"16,800","2,700",,"15,200","2,600",,"12,600","2,500",,"11,800","2,400",,"11,900","2,000",,"10,300","1,800",,"10,400","2,000",,"8,600","1,500",,"11,600","2,100",,"11,200","2,200",,"10,500","2,000",,"10,600","2,000",,"9,600","1,700",,"10,600","2,200",,"11,600","2,400",,"11,200","2,400",,"11,500","2,500",,"11,300","2,200",,"11,200","2,000",,"11,500","2,100",,"11,600","2,300",,"11,700","2,300",,"10,600","2,200",,"10,800","2,100",,"10,600","2,100",,"11,600","2,200",,"12,600","2,300",,"13,500","2,300",,"15,500","2,300",,"15,600","2,300",,"14,500","2,300",,"14,400","2,400",,"13,200","2,500",,"14,100","2,400",,"15,600","2,600",,"16,400","2,700",,"15,700","2,700",,"15,400","2,700",,"15,000","2,800",,"13,800","2,800",,"14,100","2,900",,"14,000","2,900",,"14,000","2,800",,"14,700","3,000",,"13,700","2,800",,"13,700","2,500",,"13,000","2,400",,"12,200","2,300",,"11,400","2,200",,"11,100","2,200",,"10,400","2,100",,"9,700","2,000",,"10,000","2,000",,"10,500","2,100",,"10,900","2,000",,"10,700","2,000",,"9,700","2,100",,"8,500","2,100",,"9,100","2,100",,"9,600","2,300",,"9,300","2,300",,"8,600","1,900",,"8,500","2,000",,"8,500","2,200",,"8,300","2,300",,"8,400","2,500",,"7,000","2,100",,"6,200","1,900",,"6,700","1,900",,"7,400","2,000",,"7,800","2,300",,"8,800","2,400",,"10,200","2,800",,"11,000","2,900",,"11,600","3,100",,"11,000","2,900",,"9,500","2,600"
Islington,E09000019,,"13,200","2,400",,"10,600","2,200",,"9,500","2,100",,"9,000","2,100",,"7,900","1,400",,"8,200","1,400",,"8,400","1,600",,"8,300","1,500",,"8,900","1,700",,"8,000","1,600",,"8,300","1,600",,"7,500","1,500",,"7,900","1,500",,"8,700","2,000",,"8,100","1,900",,"9,200","2,000",,"8,800","1,900",,"8,900","1,700",,"9,800","1,700",,"8,800","1,600",,"8,300","1,700",,"8,100","1,700",,"7,700","1,700",,"8,200","1,700",,"8,500","1,700",,"8,900","1,700",,"10,200","1,900",,"10,800","1,900",,"12,000","1,900",,"12,600","1,900",,"11,000","1,800",,"11,000","1,900",,"10,100","1,900",,"9,800","1,800",,"10,500","1,800",,"11,300","1,900",,"11,200","2,000",,"11,800","2,200",,"12,000","2,200",,"10,800","2,200",,"11,300","2,300",,"12,400","2,500",,"13,200","2,600",,"12,900","2,600",,"12,200","2,600",,"11,100","2,200",,"9,800","2,000",,"9,200","1,900",,"9,700","1,900",,"9,500","2,000",,"9,100","1,900",,"9,800","2,000",,"8,700","1,800",,"8,200","1,800",,"8,900","1,700",,"8,700","1,800",,"9,200","1,900",,"9,600","2,300",,"8,600","2,000",,"7,900","2,000",,"6,900","2,000",,"7,500","1,800",,"7,500","1,900",,"7,800","2,000",,"7,500","2,200",,"6,400","2,100",,"7,400","2,400",,"6,500","2,100",,"7,100","2,100",,"7,200","2,100",,"6,600","2,200",,"7,100","2,300",,"10,200","2,800",,"10,100","2,900",,"9,000","2,600",,"9,900","2,700",,"7,400","2,200"
Kensington and Chelsea,E09000020,,"7,000","1,500",,"5,000","1,300",,"5,100","1,300",,"4,700","1,300",,"4,900",900,,"4,700",900,,"5,500","1,100",,"5,500","1,100",,"5,100","1,100",,"4,800","1,100",,"5,100","1,200",,"4,800","1,100",,"5,200","1,100",,"6,000","1,400",,"6,100","1,500",,"6,100","1,500",,"5,800","1,400",,"5,700","1,200",,"5,800","1,100",,"5,300","1,000",,"4,900","1,100",,"4,800","1,100",,"4,500","1,100",,"5,100","1,100",,"5,400","1,200",,"5,200","1,100",,"5,900","1,200",,"5,900","1,100",,"6,200","1,100",,"6,800","1,200",,"6,000","1,100",,"5,900","1,100",,"5,600","1,200",,"5,500","1,100",,"6,000","1,100",,"6,100","1,100",,"5,900","1,100",,"5,900","1,100",,"5,600","1,100",,"5,400","1,100",,"5,300","1,100",,"5,400","1,100",,"5,800","1,200",,"5,500","1,200",,"5,700","1,300",,"5,800","1,200",,"5,000","1,100",,"5,000","1,000",,"4,900","1,000",,"4,600","1,000",,"4,600","1,000",,"4,900","1,000",,"4,200",900,,"4,000",900,,"4,300",800,,"4,200",900,,"4,700","1,000",,"5,300","1,300",,"4,900","1,100",,"4,600","1,200",,"4,700","1,300",,"4,700","1,200",,"4,700","1,200",,"4,900","1,300",,"4,400","1,300",,"4,100","1,300",,"4,100","1,300",,"3,600","1,200",,"3,700","1,200",,"3,400","1,100",,"3,400","1,100",,"3,500","1,100",,"4,900","1,300",,"4,500","1,200",,"4,400","1,300",,"4,900","1,300",,"3,800","1,200"
Lambeth,E09000022,,"25,600","3,700",,"20,000","3,300",,"13,300","2,600",,"13,400","2,700",,"14,500","2,400",,"13,000","2,200",,"14,200","2,500",,"12,900","2,200",,"14,900","2,900",,"14,200","2,900",,"13,600","2,700",,"13,200","2,600",,"12,300","2,300",,"12,700","2,800",,"12,800","2,900",,"12,700","2,900",,"13,100","2,900",,"13,800","2,700",,"14,200","2,600",,"14,600","2,600",,"15,500","2,900",,"15,300","2,900",,"13,800","2,800",,"13,900","2,700",,"14,000","2,700",,"14,600","2,700",,"16,300","2,900",,"17,100","2,900",,"18,400","2,800",,"18,500","2,800",,"17,300","2,700",,"17,500","2,900",,"16,600","3,100",,"18,000","3,100",,"19,800","3,300",,"19,500","3,200",,"19,200","3,300",,"18,800","3,300",,"17,800","3,300",,"16,800","3,300",,"18,200","3,700",,"17,100","3,700",,"16,700","3,600",,"18,200","4,000",,"17,500","3,900",,"17,500","3,400",,"15,800","3,100",,"14,600","2,900",,"13,500","2,700",,"13,300","2,900",,"13,400","2,800",,"12,200","2,700",,"12,400","2,600",,"12,900","2,700",,"13,500","2,500",,"13,900","2,700",,"12,800","2,900",,"11,600","3,100",,"10,700","2,700",,"10,300","2,800",,"10,000","2,900",,"10,600","2,500",,"11,200","2,700",,"12,400","3,100",,"12,800","3,500",,"11,500","3,400",,"11,500","3,400",,"10,700","3,000",,"10,900","2,900",,"11,900","3,100",,"11,100","3,200",,"11,100","3,000",,"12,300","3,200",,"12,700","3,300",,"13,100","3,400",,"11,900","3,100",,"10,200","2,900"
Lewisham,E09000023,,"19,100","3,000",,"14,700","2,600",,"11,300","2,300",,"12,300","2,600",,"11,500","2,000",,"11,700","2,000",,"12,000","2,100",,"10,700","1,800",,"12,000","2,300",,"11,000","2,200",,"10,900","2,200",,"11,200","2,200",,"10,000","1,900",,"10,300","2,300",,"11,000","2,500",,"11,000","2,500",,"11,400","2,500",,"12,700","2,500",,"11,900","2,200",,"12,100","2,200",,"13,100","2,500",,"12,600","2,500",,"11,600","2,400",,"12,000","2,400",,"11,400","2,300",,"11,900","2,300",,"13,100","2,400",,"13,500","2,400",,"15,300","2,400",,"15,200","2,400",,"14,600","2,400",,"14,600","2,500",,"14,500","2,800",,"15,300","2,700",,"15,900","2,700",,"16,800","2,800",,"15,500","2,700",,"15,600","2,800",,"15,600","2,900",,"14,600","2,900",,"15,700","3,200",,"15,900","3,300",,"16,500","3,300",,"16,600","3,400",,"15,700","3,300",,"14,100","2,700",,"12,800","2,500",,"11,900","2,300",,"10,900","2,100",,"10,700","2,200",,"10,300","2,200",,"9,700","2,100",,"10,600","2,200",,"11,500","2,400",,"12,500","2,300",,"12,600","2,300",,"11,000","2,400",,"9,900","2,600",,"9,300","2,300",,"9,200","2,400",,"9,000","2,500",,"8,900","2,100",,"9,400","2,300",,"8,700","2,300",,"8,600","2,400",,"8,900","2,700",,"7,600","2,400",,"8,000","2,400",,"8,600","2,300",,"9,200","2,400",,"9,300","2,700",,"10,200","2,800",,"10,600","2,800",,"10,900","2,800",,"10,600","2,700",,"10,300","2,600",,"9,300","2,500"
Newham,E09000025,,"17,200","2,800",,"15,100","2,600",,"13,800","2,700",,"12,800","2,600",,"12,100","2,000",,"11,000","1,900",,"11,400","2,000",,"10,100","1,700",,"11,200","2,100",,"11,000","2,200",,"10,600","2,100",,"11,100","2,100",,"10,000","1,900",,"10,200","2,200",,"12,000","2,500",,"12,300","2,600",,"13,500","2,700",,"14,100","2,600",,"13,200","2,300",,"13,300","2,300",,"13,500","2,600",,"12,800","2,500",,"12,400","2,500",,"12,700","2,500",,"12,700","2,400",,"13,700","2,500",,"15,500","2,700",,"16,100","2,600",,"17,600","2,600",,"17,600","2,600",,"16,700","2,600",,"17,100","2,700",,"17,000","3,000",,"18,200","3,000",,"18,900","3,000",,"20,200","3,100",,"19,900","3,200",,"20,200","3,300",,"20,000","3,500",,"19,000","3,500",,"19,300","3,600",,"18,700","3,500",,"18,100","3,400",,"18,100","3,500",,"18,500","3,600",,"17,300","3,100",,"17,300","3,100",,"15,600","2,900",,"13,900","2,600",,"14,500","2,800",,"13,000","2,600",,"12,200","2,500",,"12,800","2,500",,"12,800","2,500",,"13,300","2,400",,"12,800","2,400",,"11,400","2,500",,"10,500","2,700",,"10,000","2,400",,"10,600","2,700",,"10,100","2,800",,"9,800","2,300",,"10,300","2,500",,"10,100","2,700",,"10,200","3,000",,"9,600","3,000",,"9,000","2,900",,"8,800","2,700",,"9,100","2,600",,"10,400","2,800",,"10,900","3,200",,"11,500","3,300",,"13,100","3,600",,"13,900","3,700",,"14,200","3,900",,"14,100","3,700",,"12,100","3,400"
Southwark,E09000028,,"20,700","3,100",,"17,500","2,900",,"13,900","2,800",,"13,600","2,800",,"13,200","2,200",,"12,300","2,100",,"12,700","2,200",,"13,700","2,300",,"14,000","2,700",,"13,400","2,700",,"12,400","2,400",,"11,500","2,300",,"11,200","2,100",,"11,400","2,600",,"11,800","2,700",,"12,100","2,800",,"13,200","2,900",,"13,300","2,600",,"13,000","2,400",,"13,000","2,400",,"13,700","2,700",,"13,700","2,700",,"12,600","2,600",,"13,300","2,600",,"12,600","2,500",,"13,000","2,500",,"14,300","2,600",,"14,800","2,600",,"16,500","2,600",,"16,700","2,600",,"16,500","2,700",,"17,000","2,800",,"16,200","3,100",,"16,900","2,900",,"18,000","3,000",,"18,400","3,000",,"18,200","3,100",,"18,100","3,100",,"17,500","3,100",,"16,000","3,100",,"16,700","3,300",,"15,700","3,300",,"16,100","3,300",,"17,600","3,600",,"17,700","3,500",,"17,700","3,100",,"16,700","3,000",,"14,900","2,700",,"14,000","2,600",,"13,700","2,700",,"13,100","2,600",,"12,500","2,500",,"12,300","2,500",,"12,900","2,600",,"13,000","2,400",,"12,900","2,400",,"11,900","2,500",,"11,600","2,800",,"11,400","2,600",,"11,700","2,900",,"12,100","3,100",,"11,300","2,600",,"12,000","2,800",,"12,000","2,900",,"11,600","3,100",,"10,800","3,100",,"9,700","2,800",,"9,300","2,700",,"9,300","2,500",,"10,200","2,700",,"10,100","2,900",,"10,300","2,800",,"11,500","3,000",,"12,000","3,100",,"12,300","3,200",,"11,600","3,000",,"9,900","2,700"
Tower Hamlets,E09000030,,"12,200","2,300",,"10,800","2,200",,"9,800","2,200",,"9,300","2,100",,"9,400","1,500",,"10,000","1,600",,"11,000","1,800",,"10,500","1,700",,"12,000","2,100",,"11,800","2,200",,"12,100","2,200",,"11,100","2,100",,"11,600","2,100",,"12,300","2,500",,"12,100","2,500",,"13,000","2,600",,"13,400","2,600",,"13,200","2,500",,"14,000","2,400",,"12,900","2,300",,"12,000","2,400",,"12,500","2,400",,"12,400","2,500",,"12,800","2,500",,"13,300","2,500",,"13,600","2,500",,"15,000","2,700",,"15,600","2,700",,"16,800","2,600",,"17,700","2,700",,"15,200","2,500",,"15,600","2,600",,"15,200","2,800",,"14,800","2,600",,"16,600","2,700",,"16,500","2,700",,"17,000","2,800",,"17,100","2,900",,"16,900","2,900",,"16,900","3,100",,"16,600","3,100",,"18,300","3,300",,"19,400","3,400",,"18,700","3,500",,"19,200","3,600",,"16,900","3,100",,"14,700","2,800",,"13,300","2,600",,"13,800","2,600",,"14,100","2,800",,"14,100","2,700",,"14,900","2,900",,"12,700","2,500",,"11,400","2,400",,"12,000","2,300",,"11,700","2,400",,"13,300","2,800",,"14,800","3,400",,"12,700","3,000",,"13,700","3,400",,"12,200","3,300",,"11,500","2,700",,"12,000","2,900",,"11,600","3,000",,"10,100","3,000",,"10,500","3,400",,"10,700","3,400",,"9,300","3,000",,"9,700","2,900",,"9,100","2,700",,"8,700","2,800",,"9,100","2,800",,"13,100","3,500",,"13,100","3,600",,"12,600","3,600",,"14,000","3,700",,"11,200","3,300"
Wandsworth,E09000032,,"14,000","2,700",,"10,200","2,200",,"8,200","2,000",,"7,800","1,900",,"8,200","1,400",,"9,000","1,500",,"10,200","1,800",,"9,100","1,600",,"9,600","2,000",,"9,000","2,000",,"10,100","2,100",,"9,100","2,000",,"9,800","2,000",,"11,100","2,700",,"11,600","2,900",,"12,700","3,100",,"11,900","2,800",,"11,300","2,400",,"10,900","2,100",,"10,000","2,000",,"9,300","2,100",,"9,300","2,200",,"9,300","2,300",,"9,800","2,200",,"9,800","2,200",,"9,800","2,100",,"10,600","2,200",,"11,000","2,100",,"11,900","2,100",,"13,000","2,200",,"11,900","2,100",,"11,700","2,200",,"12,200","2,600",,"11,500","2,300",,"12,500","2,400",,"12,500","2,300",,"12,000","2,300",,"11,900","2,400",,"12,100","2,400",,"12,300","2,700",,"12,300","2,700",,"13,500","2,900",,"14,100","3,000",,"14,100","3,200",,"14,000","3,300",,"12,100","2,600",,"10,100","2,300",,"9,500","2,100",,"9,600","2,000",,"9,800","2,200",,"9,700","2,100",,"10,900","2,300",,"9,800","2,100",,"9,300","2,100",,"9,600","1,900",,"8,500","1,800",,"9,300","2,100",,"9,000","2,300",,"8,700","2,200",,"8,300","2,300",,"7,200","2,300",,"7,700","2,000",,"7,700","2,100",,"8,600","2,300",,"8,000","2,400",,"8,800","2,800",,"8,800","2,800",,"6,900","2,300",,"7,100","2,200",,"6,600","2,100",,"6,800","2,300",,"7,500","2,400",,"10,900","2,900",,"10,500","2,800",,"10,200","2,900",,"10,900","2,900",,"8,700","2,500"
Westminster,E09000033,,"8,300","1,700",,"7,100","1,600",,"6,700","1,700",,"6,400","1,600",,"6,600","1,100",,"6,400","1,100",,"7,000","1,300",,"7,200","1,300",,"7,900","1,600",,"7,600","1,700",,"8,100","1,700",,"7,400","1,600",,"8,300","1,600",,"10,300","2,300",,"10,600","2,400",,"10,600","2,400",,"9,600","2,100",,"8,900","1,800",,"9,200","1,700",,"8,400","1,600",,"7,700","1,600",,"7,800","1,700",,"7,700","1,700",,"8,200","1,700",,"8,700","1,800",,"8,100","1,600",,"8,500","1,700",,"8,900","1,700",,"9,200","1,600",,"9,900","1,700",,"9,000","1,600",,"8,900","1,700",,"9,100","1,900",,"8,500","1,600",,"9,500","1,700",,"9,600","1,700",,"9,100","1,700",,"9,400","1,800",,"8,900","1,700",,"8,500","1,800",,"8,700","1,800",,"9,200","1,900",,"9,200","1,800",,"8,700","1,800",,"8,200","1,800",,"7,500","1,500",,"7,000","1,500",,"6,900","1,400",,"7,500","1,500",,"7,900","1,600",,"8,000","1,600",,"8,600","1,700",,"7,600","1,600",,"7,300","1,600",,"7,400","1,400",,"7,200","1,500",,"7,800","1,700",,"7,500","1,800",,"7,300","1,700",,"6,700","1,800",,"6,700","1,900",,"7,200","1,800",,"7,000","1,800",,"7,100","1,900",,"6,400","1,900",,"5,700","1,900",,"5,900","2,000",,"5,100","1,800",,"5,600","1,800",,"5,400","1,700",,"5,400","1,800",,"5,600","1,800",,"7,900","2,100",,"7,600","2,200",,"7,900","2,400",,"8,100","2,200",,"6,300","1,900"
Barking and Dagenham,E09000002,,"8,000","1,600",,"6,000","1,300",,"6,300","1,500",,"5,500","1,300",,"4,100",900,,"4,800","1,000",,"4,900","1,000",,"5,500","1,100",,"6,000","1,300",,"6,100","1,300",,"5,900","1,300",,"5,900","1,200",,"6,600","1,300",,"7,000","1,600",,"7,300","1,600",,"7,700","1,700",,"6,900","1,500",,"6,500","1,300",,"6,200","1,200",,"6,100","1,200",,"6,100","1,300",,"6,300","1,300",,"6,300","1,400",,"6,400","1,300",,"6,700","1,300",,"7,300","1,400",,"7,900","1,500",,"8,600","1,500",,"9,400","1,500",,"9,900","1,500",,"10,300","1,600",,"10,900","1,700",,"11,000","1,900",,"10,700","1,800",,"11,100","1,800",,"11,000","1,800",,"11,200","1,900",,"11,200","1,900",,"11,000","2,000",,"11,200","2,100",,"11,800","2,200",,"12,000","2,200",,"13,200","2,300",,"13,300","2,500",,"12,500","2,400",,"11,500","2,100",,"10,000","1,900",,"9,200","1,700",,"9,600","1,800",,"9,800","1,900",,"9,800","1,900",,"9,900","1,900",,"9,100","1,800",,"8,400","1,600",,"8,200","1,500",,"7,500","1,500",,"6,600","1,400",,"7,400","1,700",,"7,000","1,500",,"7,500","1,700",,"7,600","1,800",,"6,400","1,400",,"6,300","1,400",,"6,000","1,500",,"6,000","1,600",,"6,200","1,700",,"5,900","1,600",,"6,400","1,800",,"6,000","1,600",,"6,400","1,700",,"6,900","1,900",,"6,900","1,800",,"8,200","2,000",,"8,300","1,900",,"9,300","2,100",,"8,600","2,000",,"7,900","1,800"
Barnet,E09000003,,"11,900","2,100",,"10,300","1,900",,"8,800","1,900",,"8,900","1,900",,"8,900","1,600",,"8,200","1,500",,"9,000","1,700",,"9,300","1,700",,"10,300","2,100",,"10,000","2,100",,"10,500","2,100",,"11,200","2,200",,"11,500","2,200",,"11,900","2,800",,"11,700","2,800",,"12,300","2,900",,"11,300","2,600",,"11,000","2,300",,"11,200","2,000",,"9,600","1,800",,"8,800","1,900",,"8,600","1,800",,"8,300","1,900",,"9,600","2,000",,"10,600","2,100",,"11,700","2,200",,"13,100","2,400",,"12,900","2,300",,"13,200","2,100",,"13,200","2,100",,"13,300","2,100",,"13,600","2,300",,"12,800","2,500",,"12,600","2,300",,"13,700","2,400",,"14,100","2,400",,"14,700","2,600",,"16,400","3,000",,"16,200","3,000",,"16,600","3,300",,"15,900","3,200",,"13,900","2,900",,"13,400","2,900",,"12,600","2,900",,"12,600","3,000",,"13,000","2,700",,"12,600","2,600",,"12,600","2,500",,"12,200","2,300",,"11,400","2,400",,"11,900","2,400",,"11,400","2,300",,"11,200","2,300",,"11,100","2,200",,"10,300","1,900",,"10,500","2,000",,"9,500","2,000",,"10,000","2,500",,"9,800","2,200",,"9,100","2,300",,"8,900","2,400",,"8,600","1,900",,"8,800","2,100",,"8,800","2,300",,"9,400","2,600",,"9,700","2,800",,"9,500","2,800",,"10,700","2,900",,"9,500","2,600",,"9,800","2,600",,"8,600","2,600",,"8,700","2,500",,"12,300","2,900",,"12,700","2,800",,"14,600","3,100",,"15,600","3,000",,"13,200","2,800"
Bexley,E09000004,,"9,000","1,800",,"7,000","1,600",,"7,500","1,800",,"6,400","1,600",,"4,100",900,,"4,600","1,000",,"4,600","1,100",,"5,400","1,200",,"4,700","1,100",,"4,900","1,200",,"5,100","1,200",,"5,200","1,200",,"5,700","1,200",,"5,700","1,500",,"6,200","1,700",,"6,800","1,700",,"6,300","1,500",,"6,100","1,300",,"5,500","1,100",,"4,900","1,000",,"5,000","1,100",,"4,900","1,200",,"5,400","1,300",,"5,800","1,300",,"6,400","1,400",,"7,200","1,500",,"7,500","1,500",,"8,500","1,700",,"9,200","1,600",,"9,500","1,600",,"10,000","1,700",,"9,800","1,700",,"9,900","1,900",,"9,500","1,800",,"9,200","1,700",,"9,100","1,700",,"9,300","1,800",,"9,100","1,800",,"9,300","1,900",,"9,500","2,100",,"9,200","2,100",,"9,300","2,100",,"10,100","2,200",,"9,800","2,300",,"9,700","2,300",,"9,200","2,000",,"7,600","1,700",,"7,000","1,500",,"7,100","1,500",,"7,300","1,700",,"8,100","1,700",,"7,800","1,700",,"7,500","1,600",,"6,700","1,500",,"6,300","1,300",,"6,100","1,300",,"5,500","1,300",,"6,100","1,600",,"6,000","1,400",,"5,900","1,500",,"5,900","1,600",,"5,100","1,200",,"5,000","1,200",,"5,200","1,400",,"5,100","1,400",,"5,600","1,600",,"5,600","1,500",,"5,500","1,600",,"5,400","1,500",,"5,300","1,500",,"5,600","1,600",,"6,000","1,600",,"6,500","1,600",,"6,800","1,500",,"7,600","1,700",,"6,600","1,400",,"6,500","1,500"
Brent,E09000005,,"17,900","2,900",,"15,500","2,700",,"12,900","2,600",,"11,200","2,400",,"11,800","2,000",,"11,400","1,900",,"12,400","2,100",,"10,500","1,800",,"11,800","2,300",,"11,100","2,300",,"11,000","2,200",,"11,200","2,300",,"10,500","2,000",,"10,900","2,600",,"11,700","2,800",,"11,500","2,800",,"12,200","2,800",,"12,900","2,700",,"12,600","2,400",,"12,600","2,400",,"12,900","2,600",,"13,000","2,600",,"11,300","2,400",,"11,700","2,300",,"11,400","2,300",,"11,700","2,300",,"13,000","2,500",,"13,400","2,500",,"15,000","2,500",,"15,000","2,400",,"14,400","2,400",,"14,300","2,500",,"13,700","2,800",,"14,900","2,800",,"16,300","2,900",,"17,100","3,000",,"16,400","3,100",,"16,500","3,100",,"16,600","3,100",,"16,100","3,200",,"16,900","3,300",,"17,400","3,400",,"17,200","3,300",,"17,200","3,300",,"16,100","3,100",,"14,600","2,600",,"13,900","2,500",,"12,900","2,400",,"12,000","2,200",,"11,900","2,400",,"10,900","2,200",,"11,200","2,300",,"11,900","2,300",,"12,400","2,400",,"13,200","2,300",,"13,100","2,400",,"11,900","2,500",,"11,900","2,800",,"10,600","2,400",,"10,300","2,500",,"10,500","2,600",,"9,700","2,200",,"10,300","2,400",,"9,800","2,500",,"9,100","2,600",,"8,100","2,500",,"7,400","2,400",,"7,000","2,200",,"8,200","2,400",,"9,700","2,700",,"10,000","3,000",,"11,000","3,100",,"11,500","3,200",,"12,100","3,200",,"12,500","3,300",,"12,200","3,200",,"10,800","3,000"
Bromley,E09000006,,"9,700","1,900",,"7,500","1,600",,"7,900","1,800",,"7,200","1,700",,"5,700","1,200",,"6,300","1,300",,"5,400","1,300",,"7,300","1,600",,"7,300","1,600",,"7,300","1,700",,"7,100","1,600",,"7,100","1,600",,"7,600","1,600",,"7,600","1,900",,"8,800","2,200",,"8,600","2,200",,"8,000","1,900",,"7,600","1,700",,"7,200","1,400",,"6,800","1,400",,"7,100","1,600",,"6,900","1,600",,"6,400","1,600",,"7,200","1,600",,"7,400","1,700",,"8,100","1,700",,"9,200","1,900",,"9,400","1,900",,"9,800","1,800",,"10,100","1,800",,"10,500","1,900",,"10,500","2,000",,"10,700","2,300",,"10,500","2,100",,"11,100","2,100",,"11,300","2,100",,"11,000","2,100",,"11,100","2,200",,"10,700","2,200",,"10,600","2,300",,"10,700","2,400",,"10,700","2,400",,"10,500","2,300",,"10,200","2,300",,"10,100","2,400",,"10,000","2,000",,"9,300","1,900",,"9,200","1,800",,"9,300","1,800",,"8,700","1,900",,"8,800","1,900",,"8,500","1,800",,"8,300","1,700",,"8,600","1,800",,"8,100","1,600",,"7,500","1,600",,"6,900","1,600",,"6,800","1,800",,"6,900","1,600",,"7,500","1,900",,"7,100","1,900",,"6,400","1,500",,"6,500","1,600",,"6,500","1,700",,"7,200","2,100",,"7,000","2,100",,"6,600","2,000",,"5,800","1,800",,"5,300","1,500",,"6,100","1,700",,"6,600","1,900",,"7,500","1,900",,"8,800","2,100",,"8,700","1,900",,"9,800","2,100",,"9,100","2,000",,"8,800","2,000"
Croydon,E09000008,,"14,300","2,400",,"12,100","2,200",,"10,700","2,100",,"10,100","2,100",,"9,800","1,700",,"9,700","1,700",,"10,500","2,000",,"10,900","1,900",,"10,900","2,100",,"11,100","2,300",,"11,600","2,200",,"12,100","2,300",,"12,400","2,200",,"12,600","2,800",,"12,400","2,800",,"12,200","2,800",,"11,900","2,600",,"12,100","2,400",,"12,400","2,100",,"11,600","2,100",,"10,800","2,300",,"10,200","2,200",,"9,700","2,300",,"10,800","2,300",,"11,700","2,400",,"13,300","2,600",,"15,300","2,800",,"15,800","2,700",,"17,100","2,600",,"16,800","2,600",,"17,100","2,700",,"16,500","2,700",,"15,400","3,000",,"15,300","2,800",,"16,500","2,900",,"18,100","3,100",,"19,600","3,300",,"20,600","3,500",,"20,400","3,500",,"20,000","3,700",,"20,300","3,900",,"19,600","3,800",,"18,800","3,800",,"17,200","3,700",,"17,400","3,700",,"17,500","3,300",,"16,200","3,100",,"15,900","2,900",,"14,200","2,600",,"12,900","2,600",,"12,500","2,500",,"11,400","2,300",,"10,900","2,200",,"11,200","2,200",,"11,300","2,000",,"12,000","2,200",,"11,400","2,300",,"12,500","2,900",,"12,700","2,700",,"13,300","3,000",,"14,900","3,500",,"13,400","2,800",,"13,400","2,900",,"12,200","2,900",,"10,500","2,800",,"10,600","3,000",,"10,500","2,900",,"11,600","3,000",,"11,100","2,800",,"10,700","2,700",,"9,200","2,700",,"9,900","2,700",,"13,800","3,100",,"14,700","3,100",,"16,200","3,300",,"16,700","3,100",,"13,700","2,900"
Ealing,E09000009,,"14,100","2,500",,"11,700","2,200",,"9,400","1,900",,"9,800","2,100",,"9,700","1,700",,"9,100","1,700",,"9,500","1,800",,"9,600","1,700",,"10,500","2,100",,"10,400","2,100",,"11,100","2,100",,"11,700","2,200",,"12,100","2,200",,"14,500","3,000",,"14,700","3,100",,"13,400","2,900",,"12,100","2,600",,"11,400","2,300",,"11,700","2,000",,"10,500","1,900",,"10,300","2,100",,"10,000","2,100",,"9,800","2,200",,"11,100","2,300",,"11,600","2,300",,"13,500","2,500",,"15,400","2,700",,"16,000","2,700",,"17,200","2,600",,"16,800","2,500",,"16,600","2,500",,"16,500","2,600",,"15,900","3,000",,"15,300","2,700",,"15,800","2,700",,"16,600","2,800",,"17,700","3,000",,"18,400","3,200",,"19,000","3,300",,"20,400","3,700",,"19,400","3,600",,"19,400","3,600",,"18,400","3,500",,"16,600","3,500",,"17,500","3,700",,"16,700","3,200",,"15,600","3,000",,"15,000","2,800",,"13,700","2,500",,"12,900","2,600",,"12,700","2,500",,"12,000","2,400",,"11,100","2,200",,"11,400","2,200",,"11,300","2,000",,"11,400","2,100",,"10,500","2,100",,"10,000","2,400",,"9,900","2,200",,"9,700","2,400",,"9,600","2,500",,"9,400","2,100",,"9,300","2,200",,"9,600","2,400",,"10,000","2,800",,"10,200","3,000",,"9,300","2,800",,"9,700","2,800",,"9,500","2,600",,"9,300","2,500",,"8,800","2,700",,"9,200","2,600",,"12,000","2,800",,"12,300","2,800",,"13,500","3,000",,"14,600","2,900",,"12,500","2,700"
Enfield,E09000010,,"12,100","2,100",,"9,800","1,900",,"9,500","1,900",,"9,400","2,000",,"8,800","1,500",,"8,300","1,500",,"8,500","1,700",,"8,700","1,600",,"9,200","1,900",,"9,100","1,900",,"10,400","2,100",,"11,900","2,300",,"12,000","2,200",,"12,500","2,700",,"11,300","2,600",,"10,200","2,400",,"9,600","2,200",,"10,000","2,000",,"10,600","1,800",,"9,700","1,800",,"9,100","1,900",,"9,100","1,900",,"9,600","2,100",,"10,800","2,100",,"11,800","2,200",,"12,900","2,300",,"14,100","2,400",,"14,300","2,300",,"15,400","2,200",,"15,300","2,200",,"15,100","2,200",,"15,400","2,300",,"14,200","2,500",,"14,700","2,500",,"16,000","2,600",,"17,200","2,700",,"18,300","2,900",,"19,100","3,200",,"19,000","3,300",,"18,700","3,500",,"17,300","3,300",,"16,600","3,200",,"16,200","3,100",,"14,500","3,000",,"14,700","3,200",,"14,600","2,800",,"13,600","2,600",,"13,300","2,500",,"13,100","2,400",,"11,800","2,400",,"11,500","2,300",,"10,800","2,200",,"9,800","2,000",,"10,100","2,000",,"10,200","1,900",,"10,300","1,900",,"10,000","2,100",,"10,500","2,500",,"10,000","2,200",,"9,800","2,400",,"9,600","2,500",,"8,700","1,900",,"8,700","2,000",,"9,000","2,200",,"8,700","2,400",,"8,400","2,400",,"8,400","2,500",,"9,200","2,600",,"9,600","2,600",,"10,000","2,700",,"8,800","2,700",,"9,100","2,600",,"11,700","2,800",,"11,900","2,700",,"13,300","2,900",,"14,000","2,800",,"12,200","2,700"
Greenwich,E09000011,,"13,100","2,300",,"11,300","2,100",,"9,500","2,000",,"8,200","1,800",,"8,400","1,500",,"7,900","1,400",,"8,400","1,500",,"8,300","1,500",,"9,100","1,700",,"9,200","1,800",,"9,700","1,800",,"10,200","1,900",,"10,300","1,800",,"10,400","2,200",,"9,700","2,200",,"10,400","2,300",,"9,500","2,100",,"9,700","1,900",,"10,000","1,700",,"9,100","1,600",,"8,700","1,700",,"8,500","1,700",,"7,900","1,800",,"8,400","1,700",,"9,200","1,900",,"10,400","1,900",,"11,800","2,100",,"12,000","2,000",,"12,800","1,900",,"12,600","1,900",,"12,600","1,900",,"12,700","2,000",,"12,300","2,200",,"11,900","2,000",,"12,600","2,100",,"13,600","2,200",,"14,300","2,300",,"15,100","2,500",,"16,000","2,700",,"15,000","2,800",,"14,900","2,800",,"14,800","2,800",,"13,900","2,700",,"13,900","2,900",,"13,600","3,000",,"13,600","2,600",,"12,800","2,400",,"12,700","2,300",,"12,100","2,200",,"11,600","2,300",,"11,500","2,200",,"10,500","2,100",,"9,900","2,000",,"9,800","2,000",,"9,500","1,700",,"10,000","1,900",,"9,100","1,900",,"9,400","2,300",,"9,000","2,000",,"8,700","2,100",,"8,800","2,200",,"8,000","1,700",,"8,200","1,900",,"8,000","2,000",,"8,100","2,200",,"8,300","2,400",,"6,900","2,100",,"7,700","2,100",,"7,700","2,000",,"8,200","2,100",,"7,800","2,200",,"7,600","2,100",,"9,700","2,200",,"9,900","2,100",,"10,900","2,300",,"11,600","2,200",,"10,500","2,200"
Harrow,E09000015,,"7,000","1,400",,"5,900","1,200",,"5,400","1,200",,"5,300","1,200",,"5,100","1,000",,"4,800",900,,"6,000","1,200",,"6,200","1,200",,"6,500","1,400",,"6,500","1,400",,"7,100","1,500",,"6,900","1,400",,"7,000","1,400",,"7,800","1,900",,"8,100","2,000",,"8,100","2,000",,"7,900","1,800",,"7,300","1,500",,"7,200","1,300",,"6,500","1,200",,"5,700","1,300",,"5,700","1,300",,"5,600","1,300",,"6,100","1,300",,"6,600","1,400",,"6,900","1,400",,"7,800","1,500",,"8,400","1,500",,"9,000","1,400",,"8,800","1,400",,"9,000","1,500",,"8,700","1,500",,"8,300","1,700",,"8,700","1,600",,"8,800","1,600",,"9,000","1,600",,"8,900","1,600",,"9,000","1,600",,"8,900","1,700",,"9,200","1,800",,"9,700","1,900",,"9,400","1,900",,"9,200","1,800",,"9,100","1,900",,"9,500","2,100",,"8,800","1,700",,"8,400","1,600",,"7,700","1,500",,"6,900","1,300",,"6,400","1,400",,"6,100","1,300",,"5,900","1,300",,"5,700","1,200",,"5,900","1,200",,"5,900","1,100",,"6,100","1,200",,"6,100","1,300",,"6,500","1,600",,"5,900","1,400",,"5,600","1,400",,"5,100","1,400",,"4,900","1,100",,"4,700","1,100",,"4,600","1,200",,"4,700","1,400",,"5,200","1,600",,"5,100","1,600",,"5,600","1,600",,"5,100","1,400",,"4,800","1,400",,"4,800","1,500",,"5,300","1,600",,"7,300","1,800",,"7,600","1,700",,"8,300","1,900",,"8,500","1,700",,"7,600","1,700"
Havering,E09000016,,"7,300","1,500",,"6,200","1,400",,"6,500","1,500",,"5,900","1,500",,"3,900",900,,"4,600","1,000",,"4,300","1,000",,"5,200","1,100",,"4,500","1,100",,"4,700","1,200",,"4,900","1,200",,"5,000","1,200",,"5,400","1,200",,"5,900","1,600",,"5,900","1,600",,"6,300","1,700",,"5,500","1,400",,"5,100","1,100",,"5,100","1,000",,"4,600",900,,"4,600","1,100",,"4,800","1,100",,"4,900","1,200",,"5,600","1,200",,"6,000","1,300",,"7,100","1,400",,"7,700","1,600",,"8,600","1,600",,"9,400","1,600",,"9,500","1,600",,"9,900","1,700",,"9,700","1,700",,"9,800","2,000",,"10,000","1,900",,"10,200","1,900",,"10,100","1,900",,"10,200","1,900",,"10,200","2,000",,"10,600","2,100",,"10,900","2,300",,"11,100","2,400",,"11,600","2,500",,"11,900","2,500",,"11,100","2,500",,"10,700","2,500",,"9,700","2,100",,"8,200","1,800",,"7,800","1,700",,"8,100","1,700",,"8,500","1,900",,"9,000","1,900",,"8,300","1,800",,"7,800","1,700",,"6,900","1,500",,"6,800","1,400",,"6,900","1,500",,"6,000","1,400",,"6,600","1,700",,"6,700","1,600",,"6,600","1,700",,"6,300","1,700",,"5,500","1,300",,"5,500","1,400",,"5,900","1,500",,"6,400","1,700",,"6,800","1,900",,"6,800","1,800",,"6,700","1,800",,"6,100","1,700",,"6,100","1,700",,"6,400","1,900",,"6,700","1,800",,"7,200","1,800",,"7,500","1,700",,"7,900","1,800",,"7,300","1,600",,"7,200","1,700"
Hillingdon,E09000017,,"7,900","1,600",,"6,500","1,400",,"5,900","1,400",,"6,200","1,500",,"4,500","1,000",,"5,200","1,100",,"5,000","1,100",,"6,200","1,300",,"6,600","1,500",,"6,500","1,500",,"7,000","1,500",,"6,900","1,500",,"8,100","1,600",,"9,900","2,300",,"10,800","2,500",,"10,300","2,400",,"8,700","2,000",,"7,500","1,600",,"6,900","1,400",,"6,700","1,400",,"6,900","1,600",,"6,900","1,600",,"6,700","1,600",,"7,400","1,600",,"7,400","1,600",,"8,100","1,700",,"8,800","1,800",,"9,200","1,800",,"10,400","1,800",,"10,800","1,900",,"11,600","2,000",,"11,700","2,000",,"12,400","2,400",,"11,800","2,100",,"11,600","2,100",,"11,600","2,000",,"11,100","2,000",,"11,700","2,200",,"11,400","2,200",,"12,100","2,500",,"12,100","2,600",,"11,800","2,600",,"12,800","2,700",,"12,000","2,700",,"11,400","2,600",,"11,000","2,200",,"9,700","2,000",,"9,800","1,900",,"9,400","1,800",,"9,200","2,000",,"9,200","1,900",,"9,000","1,900",,"9,000","1,800",,"8,600","1,800",,"8,500","1,600",,"7,700","1,600",,"7,100","1,600",,"7,900","2,000",,"7,500","1,700",,"8,100","1,900",,"7,600","2,000",,"6,600","1,500",,"6,800","1,600",,"6,600","1,700",,"7,000","1,900",,"6,700","2,000",,"7,100","2,100",,"6,800","2,000",,"6,200","1,800",,"7,000","2,000",,"7,600","2,300",,"8,800","2,400",,"10,400","2,600",,"10,200","2,300",,"11,700","2,700",,"10,600","2,400",,"10,600","2,400"
Hounslow,E09000018,,"10,000","1,800",,"7,500","1,500",,"5,500","1,200",,"4,800","1,100",,"5,400","1,000",,"5,200","1,000",,"5,700","1,100",,"6,200","1,100",,"7,600","1,500",,"7,500","1,500",,"8,000","1,600",,"8,100","1,600",,"7,800","1,400",,"9,400","2,100",,"9,200","2,100",,"8,900","2,000",,"9,400","2,000",,"8,400","1,700",,"8,400","1,400",,"7,400","1,400",,"6,700","1,400",,"6,300","1,400",,"6,100","1,400",,"7,100","1,500",,"7,400","1,500",,"8,300","1,600",,"9,300","1,700",,"9,500","1,700",,"10,500","1,700",,"10,500","1,700",,"10,800","1,700",,"11,000","1,800",,"10,100","2,000",,"9,500","1,700",,"10,200","1,800",,"10,800","1,800",,"11,000","1,900",,"11,800","2,100",,"11,400","2,100",,"10,500","2,100",,"10,400","2,100",,"10,600","2,200",,"10,100","2,100",,"10,200","2,300",,"10,400","2,400",,"10,300","2,100",,"9,200","1,900",,"9,000","1,800",,"8,700","1,700",,"8,000","1,700",,"8,400","1,700",,"7,700","1,600",,"7,400","1,500",,"7,400","1,500",,"7,500","1,400",,"7,900","1,500",,"7,700","1,600",,"8,900","2,200",,"8,400","1,900",,"8,900","2,200",,"8,800","2,300",,"7,800","1,700",,"7,900","1,900",,"7,500","2,000",,"7,300","2,200",,"7,300","2,300",,"7,200","2,300",,"7,900","2,400",,"7,200","2,000",,"7,100","2,000",,"6,500","2,000",,"6,600","1,900",,"9,600","2,300",,"10,000","2,300",,"11,000","2,500",,"11,700","2,300",,"9,500","2,100"
Kingston upon Thames,E09000021,,"4,300","1,000",,"3,400",800,,"3,500",900,,"3,500",900,,"2,800",600,,"3,100",700,,"3,100",700,,"3,400",700,,"3,500",800,,"3,600",900,,"3,700",900,,"3,800",900,,"4,100",900,,"4,700","1,200",,"4,600","1,200",,"4,500","1,200",,"3,900","1,000",,"3,500",800,,"3,300",700,,"3,100",700,,"3,300",800,,"3,500",800,,"3,400",900,,"3,800",900,,"3,900",900,,"4,000",900,,"4,400",900,,"4,600",900,,"4,700",900,,"4,900",900,,"5,400","1,000",,"5,400","1,000",,"5,800","1,200",,"5,600","1,100",,"5,500","1,100",,"5,400","1,000",,"5,400","1,100",,"5,300","1,100",,"5,100","1,100",,"5,500","1,200",,"5,400","1,200",,"5,300","1,200",,"5,000","1,200",,"4,900","1,200",,"5,100","1,300",,"5,100","1,100",,"4,900","1,100",,"4,800","1,000",,"4,800","1,000",,"4,400","1,000",,"4,600","1,000",,"4,500","1,000",,"4,500","1,000",,"4,800","1,000",,"4,800","1,000",,"4,500","1,000",,"4,100","1,000",,"4,300","1,100",,"3,900",900,,"3,900","1,000",,"3,500","1,000",,"3,500",800,,"4,000","1,000",,"4,100","1,100",,"4,600","1,300",,"4,300","1,300",,"4,100","1,200",,"3,400","1,000",,"3,200",900,,"3,600","1,000",,"3,800","1,100",,"4,400","1,200",,"5,000","1,200",,"4,900","1,100",,"5,500","1,200",,"4,600","1,000",,"4,500","1,000"
Merton,E09000024,,"7,200","1,400",,"6,100","1,200",,"5,200","1,200",,"4,600","1,100",,"5,000","1,000",,"4,400",900,,"5,200","1,100",,"5,900","1,100",,"5,900","1,200",,"5,800","1,200",,"6,500","1,300",,"7,000","1,400",,"6,900","1,300",,"7,500","1,700",,"7,300","1,700",,"7,100","1,700",,"6,800","1,500",,"6,700","1,300",,"6,600","1,100",,"5,800","1,100",,"5,200","1,100",,"5,000","1,100",,"4,800","1,200",,"5,400","1,200",,"5,900","1,300",,"6,300","1,300",,"6,900","1,300",,"7,200","1,300",,"7,400","1,200",,"7,300","1,200",,"7,700","1,200",,"7,500","1,200",,"7,500","1,400",,"7,600","1,400",,"7,900","1,400",,"8,200","1,400",,"8,400","1,500",,"8,500","1,500",,"8,200","1,500",,"8,200","1,600",,"8,000","1,600",,"7,600","1,500",,"7,300","1,500",,"6,700","1,500",,"6,900","1,600",,"7,400","1,500",,"7,200","1,400",,"7,100","1,400",,"6,800","1,300",,"6,300","1,300",,"6,200","1,300",,"6,100","1,300",,"5,500","1,100",,"5,600","1,200",,"5,600","1,100",,"5,700","1,100",,"5,400","1,200",,"5,300","1,300",,"5,400","1,200",,"5,000","1,300",,"4,800","1,300",,"4,700","1,100",,"4,500","1,100",,"4,700","1,200",,"5,200","1,500",,"5,200","1,600",,"5,100","1,500",,"5,400","1,500",,"5,100","1,300",,"5,600","1,400",,"5,200","1,500",,"5,200","1,400",,"6,600","1,500",,"6,500","1,400",,"7,300","1,600",,"7,600","1,500",,"6,300","1,400"
Redbridge,E09000026,,"10,100","1,900",,"9,400","1,800",,"7,800","1,600",,"6,600","1,500",,"7,300","1,300",,"6,700","1,200",,"7,300","1,400",,"6,600","1,200",,"7,200","1,500",,"7,300","1,600",,"8,300","1,700",,"8,500","1,600",,"8,500","1,600",,"8,200","1,900",,"7,900","1,900",,"8,700","2,100",,"8,800","2,000",,"8,800","1,800",,"8,900","1,600",,"7,900","1,500",,"7,500","1,600",,"7,500","1,600",,"7,900","1,800",,"8,400","1,700",,"9,100","1,800",,"9,700","1,800",,"10,500","1,900",,"11,200","1,900",,"11,900","1,800",,"11,800","1,800",,"12,300","1,900",,"12,000","1,900",,"11,600","2,100",,"12,100","2,100",,"12,600","2,100",,"13,300","2,200",,"13,800","2,200",,"13,900","2,300",,"13,600","2,300",,"13,300","2,500",,"12,800","2,500",,"13,000","2,500",,"12,100","2,400",,"12,600","2,600",,"13,200","2,800",,"12,100","2,300",,"11,500","2,200",,"10,700","2,000",,"10,100","1,900",,"10,100","2,000",,"10,300","2,000",,"9,500","1,900",,"8,600","1,800",,"8,400","1,700",,"8,300","1,500",,"8,500","1,600",,"7,900","1,600",,"8,200","1,900",,"7,700","1,700",,"7,800","1,800",,"8,300","2,000",,"7,300","1,600",,"7,200","1,600",,"7,200","1,800",,"7,400","2,000",,"8,100","2,200",,"7,300","2,100",,"7,100","2,000",,"6,700","1,800",,"6,500","1,700",,"6,400","1,900",,"6,900","1,900",,"9,000","2,100",,"10,200","2,200",,"11,300","2,500",,"12,700","2,500",,"11,200","2,500"
Richmond upon Thames,E09000027,,"5,300","1,200",,"4,100","1,000",,"3,900","1,000",,"3,800","1,000",,"2,900",700,,"3,100",700,,"3,200",800,,"3,900",800,,"4,000",900,,"4,000",900,,"3,900",900,,"3,800",900,,"4,100",900,,"4,100","1,100",,"4,700","1,200",,"4,700","1,200",,"4,100","1,000",,"3,900",900,,"3,600",700,,"3,400",700,,"3,600",800,,"3,500",800,,"3,500",900,,"3,700",900,,"3,700",900,,"3,600",800,,"4,100",900,,"4,600",900,,"4,900",900,,"5,200",900,,"5,600","1,000",,"5,600","1,000",,"5,900","1,200",,"5,600","1,100",,"5,400","1,100",,"5,300","1,100",,"5,000","1,000",,"5,000","1,100",,"4,600","1,000",,"4,700","1,100",,"4,900","1,200",,"4,500","1,100",,"4,800","1,200",,"4,400","1,100",,"4,500","1,100",,"4,900","1,100",,"4,500","1,000",,"4,700","1,000",,"4,800","1,000",,"4,600","1,000",,"4,900","1,100",,"4,700","1,000",,"4,600","1,000",,"4,800","1,000",,"4,800","1,000",,"4,300",900,,"4,200","1,000",,"4,700","1,200",,"4,300","1,000",,"4,300","1,100",,"4,100","1,100",,"3,700",900,,"4,400","1,100",,"3,800","1,000",,"4,100","1,200",,"4,100","1,300",,"3,800","1,200",,"3,500","1,100",,"3,000",900,,"3,200",900,,"3,300","1,000",,"3,900","1,100",,"4,700","1,200",,"4,900","1,100",,"5,400","1,200",,"4,800","1,100",,"4,800","1,100"
Sutton,E09000029,,"5,900","1,200",,"4,200","1,000",,"4,400","1,100",,"4,200","1,100",,"3,100",700,,"3,600",800,,"3,500",800,,"4,100",900,,"4,300","1,000",,"4,200","1,000",,"4,300","1,000",,"4,100",900,,"4,800","1,000",,"4,800","1,300",,"5,100","1,300",,"5,500","1,400",,"5,100","1,300",,"4,800","1,100",,"4,400",900,,"4,100",900,,"4,500","1,000",,"4,400","1,000",,"4,200","1,100",,"4,400","1,000",,"4,400","1,000",,"4,800","1,000",,"5,300","1,100",,"5,700","1,100",,"5,900","1,100",,"6,300","1,100",,"6,700","1,200",,"7,100","1,200",,"7,400","1,400",,"7,300","1,300",,"7,400","1,300",,"7,200","1,300",,"7,100","1,300",,"7,300","1,400",,"7,200","1,400",,"7,000","1,500",,"7,000","1,600",,"6,800","1,600",,"7,100","1,600",,"7,200","1,700",,"6,900","1,700",,"6,800","1,500",,"5,700","1,300",,"5,600","1,200",,"5,700","1,200",,"5,400","1,200",,"5,700","1,300",,"5,600","1,200",,"5,800","1,200",,"5,700","1,200",,"5,700","1,100",,"5,300","1,100",,"4,800","1,100",,"5,200","1,400",,"5,200","1,200",,"5,700","1,400",,"5,700","1,500",,"5,200","1,200",,"5,500","1,300",,"5,100","1,300",,"5,200","1,400",,"5,200","1,500",,"5,100","1,400",,"5,200","1,400",,"4,700","1,300",,"4,700","1,300",,"4,800","1,400",,"5,100","1,400",,"5,800","1,400",,"5,700","1,300",,"6,300","1,400",,"5,500","1,200",,"5,600","1,300"
Waltham Forest,E09000031,,"13,100","2,200",,"10,800","2,000",,"9,300","1,900",,"8,400","1,800",,"7,800","1,400",,"7,900","1,400",,"7,800","1,500",,"8,200","1,400",,"9,300","1,800",,"9,800","1,900",,"9,700","1,800",,"10,000","1,800",,"10,200","1,800",,"10,600","2,200",,"10,400","2,200",,"10,100","2,200",,"9,700","2,100",,"9,200","1,900",,"10,200","1,700",,"9,200","1,700",,"8,900","1,800",,"8,700","1,800",,"8,500","1,900",,"10,000","2,000",,"10,200","2,000",,"11,400","2,100",,"12,600","2,200",,"12,600","2,100",,"14,000","2,100",,"14,100","2,100",,"14,300","2,100",,"14,600","2,200",,"14,200","2,500",,"13,900","2,300",,"14,300","2,300",,"14,900","2,400",,"16,000","2,500",,"15,800","2,600",,"15,600","2,700",,"14,900","2,800",,"14,800","2,800",,"15,400","2,900",,"14,700","2,800",,"14,200","2,900",,"13,400","2,900",,"13,600","2,600",,"13,500","2,500",,"13,100","2,400",,"12,600","2,300",,"11,500","2,400",,"10,700","2,200",,"10,200","2,200",,"9,400","2,000",,"9,100","1,900",,"9,000","1,700",,"9,400","1,800",,"8,700","1,900",,"9,100","2,200",,"9,000","2,000",,"8,000","2,000",,"8,000","2,100",,"7,600","1,700",,"7,000","1,600",,"6,600","1,700",,"6,200","1,800",,"6,200","1,900",,"6,800","2,100",,"7,700","2,200",,"7,900","2,100",,"8,600","2,200",,"7,700","2,300",,"8,400","2,300",,"11,200","2,600",,"11,500","2,500",,"12,800","2,800",,"12,700","2,500",,"10,400","2,300"
Bracknell Forest,E06000036,,"2,400",500,,"2,100",500,,"1,900",500,,"1,600",400,,"1,500",300,,"1,600",300,,"2,100",400,,"2,100",400,,"1,900",400,,"2,000",400,,"2,000",400,,"2,000",400,,"2,100",400,,"2,400",500,,"2,400",500,,"2,300",500,,"2,100",500,,"2,200",400,,"2,200",300,,"2,200",400,,"2,300",400,,"2,200",400,,"2,300",500,,"2,300",400,,"2,300",500,,"2,500",500,,"2,700",500,,"3,200",500,,"3,400",500,,"3,700",500,,"3,600",500,,"3,500",500,,"3,300",600,,"3,200",500,,"3,100",500,,"3,100",500,,"3,300",500,,"3,200",600,,"3,300",600,,"3,400",600,,"3,400",600,,"3,300",600,,"3,100",600,,"3,000",600,,"2,800",600,,"2,900",500,,"2,800",500,,"2,600",500,,"2,600",500,,"2,400",500,,"2,300",400,,"2,300",400,,"2,200",400,,"2,100",400,,"2,200",400,,"2,200",400,,"2,100",400,,"2,000",400,,"1,900",400,,"1,900",400,,"2,000",500,,"1,800",400,,"1,800",400,,"1,700",400,,"1,700",400,,"1,700",500,,"1,600",500,,"1,700",400,,"1,700",400,,"1,800",400,,"2,100",500,,"2,400",500,,"2,400",500,,"2,500",500,,"2,500",500,,"2,300",400,,"2,300",400
Brighton and Hove,E06000043,,"14,300","2,400",,"11,800","2,100",,"9,400","1,900",,"9,700","2,100",,"7,900","1,300",,"7,300","1,200",,"8,200","1,300",,"7,600","1,300",,"8,700","1,400",,"8,700","1,500",,"8,700","1,500",,"8,600","1,500",,"8,500","1,400",,"9,200","1,800",,"9,400","1,800",,"9,300","1,800",,"9,500","1,700",,"9,200","1,600",,"9,200","1,400",,"8,900","1,400",,"9,100","1,600",,"8,700","1,500",,"8,800","1,600",,"9,400","1,600",,"10,000","1,700",,"10,000","1,700",,"10,500","1,700",,"11,000","1,700",,"11,700","1,600",,"12,300","1,600",,"11,800","1,600",,"11,800","1,700",,"11,000","1,800",,"11,100","1,700",,"11,100","1,700",,"11,300","1,700",,"11,200","1,800",,"11,200","1,800",,"11,400","1,900",,"11,300","2,000",,"12,300","2,100",,"12,400","2,100",,"12,900","2,100",,"13,400","2,300",,"11,700","2,200",,"11,400","1,900",,"10,700","1,800",,"10,000","1,700",,"9,900","1,700",,"9,400","1,700",,"9,000","1,600",,"8,900","1,600",,"9,000","1,500",,"9,400","1,600",,"9,600","1,500",,"9,200","1,500",,"9,000","1,600",,"9,200","1,900",,"8,000","1,600",,"7,800","1,700",,"7,500","1,800",,"7,600","1,500",,"8,400","1,700",,"9,000","2,000",,"9,600","2,300",,"8,400","2,200",,"7,500","2,100",,"7,100","1,800",,"6,300","1,600",,"7,400","1,700",,"9,000","2,100",,"9,500","2,100",,"9,600","1,900",,"9,100","1,800",,"8,800","1,800",,"8,300","1,600",,"8,300","1,700"
Isle of Wight,E06000046,,"5,400","1,100",,"5,000","1,100",,"4,200","1,000",,"4,300","1,000",,"3,300",600,,"3,300",600,,"3,400",600,,"3,000",500,,"2,600",500,,"2,500",500,,"2,500",500,,"2,600",500,,"2,700",500,,"2,900",600,,"2,900",600,,"2,900",600,,"3,000",600,,"3,300",600,,"3,300",500,,"3,400",600,,"3,600",600,,"3,600",700,,"3,800",700,,"3,500",700,,"3,700",700,,"3,600",700,,"3,900",700,,"4,400",700,,"4,500",700,,"4,900",700,,"5,000",700,,"4,800",700,,"5,400",900,,"5,300",800,,"5,300",800,,"5,400",800,,"5,400",800,,"5,200",800,,"5,000",800,,"5,000",900,,"5,100",900,,"5,500",900,,"5,700",900,,"5,600","1,000",,"5,200",900,,"5,000",800,,"4,800",800,,"4,700",800,,"4,600",800,,"4,300",800,,"4,100",700,,"3,600",600,,"3,300",600,,"3,300",600,,"3,400",600,,"3,600",600,,"3,400",600,,"3,000",700,,"2,800",600,,"2,700",600,,"2,600",600,,"2,800",600,,"2,700",600,,"2,500",600,,"2,500",700,,"2,300",700,,"2,500",700,,"2,500",700,,"2,300",600,,"2,300",600,,"2,500",600,,"3,000",700,,"3,200",700,,"3,300",600,,"3,000",600,,"2,700",600,,"2,800",600
Medway,E06000035,,"9,300","1,600",,"8,900","1,700",,"7,900","1,600",,"6,200","1,400",,"5,400",900,,"6,000","1,000",,"6,500","1,100",,"7,400","1,200",,"6,800","1,200",,"7,300","1,300",,"6,900","1,200",,"6,800","1,200",,"6,500","1,100",,"6,500","1,400",,"7,100","1,500",,"7,900","1,600",,"7,900","1,500",,"7,500","1,300",,"7,300","1,200",,"7,100","1,200",,"7,300","1,300",,"7,400","1,400",,"8,400","1,600",,"8,100","1,500",,"8,400","1,500",,"9,400","1,600",,"10,200","1,700",,"11,700","1,800",,"12,300","1,700",,"12,500","1,700",,"11,800","1,700",,"11,200","1,700",,"10,800","1,900",,"10,100","1,700",,"10,500","1,700",,"10,700","1,700",,"11,600","1,800",,"12,000","1,900",,"12,100","1,900",,"12,000","2,000",,"11,600","2,000",,"13,100","2,100",,"13,800","2,200",,"13,100","2,200",,"12,900","2,300",,"11,800","2,000",,"11,200","1,900",,"10,500","1,800",,"10,200","1,700",,"10,500","1,800",,"10,500","1,700",,"10,100","1,700",,"10,200","1,700",,"9,500","1,600",,"8,700","1,400",,"9,300","1,600",,"8,600","1,600",,"7,800","1,700",,"7,400","1,500",,"7,100","1,600",,"6,900","1,700",,"6,400","1,300",,"6,200","1,300",,"6,000","1,400",,"5,900","1,500",,"6,000","1,600",,"6,100","1,700",,"6,100","1,600",,"6,100","1,500",,"6,700","1,600",,"6,800","1,700",,"7,100","1,600",,"7,000","1,500",,"6,700","1,300",,"6,400","1,300",,"6,200","1,200",,"6,100","1,300"
Milton Keynes,E06000042,,"5,400","1,000",,"6,300","1,200",,"5,400","1,100",,"4,400","1,000",,"3,800",600,,"4,100",700,,"5,700",900,,"5,600",900,,"5,200",900,,"5,400","1,000",,"5,300","1,000",,"5,400","1,000",,"5,500","1,000",,"6,100","1,300",,"6,900","1,500",,"7,600","1,600",,"7,100","1,400",,"6,500","1,200",,"6,000","1,000",,"5,500",900,,"5,900","1,100",,"5,800","1,100",,"6,200","1,300",,"6,600","1,300",,"6,800","1,300",,"7,700","1,400",,"8,500","1,500",,"10,200","1,600",,"11,300","1,600",,"12,000","1,600",,"11,700","1,600",,"11,400","1,600",,"11,500","1,900",,"10,500","1,600",,"10,100","1,600",,"9,900","1,500",,"10,000","1,600",,"10,100","1,600",,"10,600","1,700",,"10,700","1,800",,"11,200","1,900",,"11,700","1,900",,"11,500","1,900",,"11,300","2,000",,"10,100","1,800",,"9,200","1,600",,"9,000","1,500",,"8,400","1,500",,"8,700","1,500",,"8,800","1,600",,"8,100","1,400",,"7,700","1,400",,"7,100","1,300",,"6,400","1,200",,"6,400","1,000",,"6,300","1,100",,"5,900","1,100",,"5,600","1,300",,"5,900","1,200",,"6,100","1,300",,"6,000","1,400",,"6,100","1,200",,"6,200","1,300",,"5,800","1,300",,"5,800","1,400",,"5,400","1,400",,"5,300","1,400",,"5,200","1,300",,"5,400","1,300",,"5,300","1,200",,"4,900","1,200",,"5,900","1,300",,"5,600","1,200",,"6,200","1,200",,"6,200","1,200",,"5,600","1,100",,"5,700","1,100"
Portsmouth,E06000044,,"8,800","1,600",,"7,700","1,500",,"6,400","1,400",,"5,600","1,200",,"4,700",800,,"4,700",800,,"4,900",800,,"4,600",800,,"5,300","1,000",,"5,200","1,000",,"5,200","1,000",,"5,300","1,000",,"5,400",900,,"5,800","1,200",,"6,100","1,300",,"6,200","1,300",,"6,200","1,200",,"6,300","1,100",,"6,100",900,,"6,200","1,000",,"6,500","1,100",,"6,400","1,100",,"6,200","1,200",,"6,200","1,100",,"6,600","1,200",,"6,600","1,100",,"7,200","1,200",,"7,700","1,200",,"7,800","1,100",,"8,400","1,100",,"8,300","1,200",,"8,400","1,200",,"8,400","1,400",,"8,600","1,300",,"8,700","1,300",,"8,800","1,300",,"8,700","1,300",,"8,300","1,400",,"8,400","1,400",,"8,100","1,500",,"8,600","1,500",,"8,900","1,500",,"8,900","1,500",,"8,600","1,500",,"7,800","1,500",,"8,300","1,400",,"8,000","1,400",,"7,800","1,300",,"7,800","1,300",,"7,400","1,300",,"6,900","1,200",,"6,900","1,200",,"6,600","1,200",,"6,400","1,100",,"6,700","1,100",,"6,600","1,100",,"6,300","1,100",,"6,100","1,300",,"5,300","1,100",,"4,900","1,100",,"4,600","1,100",,"5,100","1,000",,"5,300","1,100",,"5,000","1,200",,"4,900","1,300",,"4,400","1,200",,"3,900","1,100",,"4,200","1,100",,"4,300","1,100",,"5,000","1,200",,"5,600","1,300",,"6,000","1,300",,"6,200","1,200",,"5,800","1,100",,"6,000","1,200",,"5,700","1,100",,"5,600","1,200"
Reading,E06000038,,"5,100","1,000",,"3,900",800,,"3,200",800,,"3,100",700,,"3,100",500,,"3,200",500,,"4,000",700,,"4,000",700,,"4,300",800,,"4,000",800,,"4,100",700,,"4,000",700,,"4,000",700,,"4,300",900,,"4,400",900,,"4,300",900,,"4,300",900,,"4,400",800,,"4,400",700,,"4,500",700,,"4,500",800,,"4,300",800,,"4,300",900,,"4,400",800,,"4,600",900,,"4,800",900,,"5,400",900,,"5,900","1,000",,"6,300",900,,"6,700",900,,"6,300",900,,"6,300",900,,"6,000","1,000",,"6,100","1,000",,"6,300","1,000",,"6,200",900,,"5,900",900,,"5,600",900,,"5,200",900,,"5,000",900,,"5,200",900,,"5,500","1,000",,"5,700","1,000",,"5,500","1,000",,"5,000","1,000",,"5,000",900,,"5,000",900,,"4,800",800,,"4,800",800,,"4,700",800,,"4,400",800,,"4,500",800,,"4,500",800,,"4,600",800,,"4,500",700,,"4,300",700,,"4,100",700,,"3,500",800,,"3,400",700,,"3,200",800,,"3,100",800,,"3,400",700,,"3,700",800,,"3,500",900,,"3,700","1,000",,"3,800","1,000",,"3,700","1,000",,"3,500",900,,"3,200",800,,"3,200",800,,"3,400",800,,"3,800",900,,"4,100",800,,"4,000",800,,"4,300",900,,"4,100",800,,"3,900",800
Slough,E06000039,,"4,100","1,000",,"3,900","1,000",,"2,900",800,,"2,700",800,,"3,400",600,,"2,900",600,,"4,100",700,,"3,600",600,,"4,100",800,,"3,900",700,,"4,000",700,,"4,000",700,,"3,700",700,,"3,800",800,,"3,800",800,,"4,000",800,,"4,500",900,,"4,500",800,,"4,700",800,,"4,500",800,,"3,900",800,,"3,900",800,,"3,900",800,,"4,000",800,,"4,300",800,,"4,400",800,,"4,900",900,,"5,200",900,,"5,700",900,,"6,000",900,,"5,800",900,,"5,700",900,,"5,200","1,000",,"5,100",900,,"5,500",900,,"6,100","1,000",,"6,500","1,100",,"7,000","1,100",,"7,100","1,200",,"6,400","1,100",,"6,500","1,200",,"5,900","1,100",,"6,000","1,100",,"5,800","1,100",,"5,900","1,100",,"6,100","1,100",,"5,600","1,000",,"5,600","1,000",,"5,000",900,,"4,300",900,,"3,700",800,,"3,400",700,,"3,200",700,,"3,500",700,,"3,500",700,,"3,700",700,,"3,700",800,,"3,400",800,,"3,300",800,,"3,100",800,,"2,900",800,,"3,100",700,,"3,000",700,,"2,700",700,,"2,800",800,,"2,900",900,,"2,900",900,,"3,300",900,,"3,100",800,,"3,000",800,,"3,000",900,,"3,500","1,000",,"4,300","1,100",,"4,600","1,200",,"4,600","1,200",,"5,100","1,200",,"4,500","1,200"
Southampton,E06000045,,"10,300","1,800",,"8,400","1,600",,"8,400","1,700",,"7,000","1,500",,"5,600",900,,"5,300",900,,"6,300","1,100",,"5,500",900,,"6,400","1,100",,"6,200","1,100",,"6,300","1,100",,"6,700","1,200",,"6,600","1,100",,"7,200","1,400",,"7,800","1,600",,"8,000","1,600",,"8,300","1,500",,"8,200","1,400",,"7,500","1,200",,"7,500","1,200",,"8,000","1,400",,"7,500","1,400",,"7,700","1,500",,"7,400","1,400",,"7,300","1,300",,"7,800","1,400",,"8,400","1,500",,"9,000","1,400",,"9,700","1,400",,"10,200","1,400",,"10,000","1,400",,"9,800","1,400",,"9,200","1,500",,"9,000","1,400",,"8,600","1,300",,"8,900","1,400",,"9,000","1,500",,"9,500","1,600",,"9,800","1,600",,"10,100","1,800",,"9,800","1,700",,"10,000","1,700",,"10,200","1,700",,"10,000","1,800",,"10,100","1,900",,"10,200","1,700",,"9,600","1,700",,"9,000","1,600",,"8,800","1,500",,"7,900","1,500",,"7,500","1,400",,"7,800","1,400",,"7,800","1,400",,"8,100","1,400",,"8,600","1,300",,"8,000","1,300",,"7,700","1,400",,"6,900","1,500",,"6,200","1,200",,"6,300","1,400",,"5,700","1,300",,"7,000","1,300",,"7,900","1,500",,"7,600","1,600",,"7,700","1,700",,"6,400","1,600",,"5,900","1,500",,"6,100","1,500",,"6,400","1,500",,"6,800","1,500",,"7,100","1,600",,"7,400","1,600",,"6,900","1,400",,"6,700","1,300",,"7,400","1,500",,"7,000","1,400",,"7,400","1,500"
West Berkshire,E06000037,,"2,800",600,,"2,300",500,,"2,000",500,,"2,000",500,,"1,700",300,,"1,800",300,,"2,400",400,,"2,300",400,,"2,100",400,,"2,200",500,,"2,300",400,,"2,200",400,,"2,300",400,,"2,300",600,,"2,800",700,,"2,800",700,,"3,000",600,,"2,900",600,,"2,600",400,,"2,600",400,,"2,600",500,,"2,500",500,,"2,700",600,,"2,800",600,,"2,900",600,,"3,100",600,,"3,500",600,,"3,900",600,,"4,300",600,,"4,300",600,,"4,100",600,,"4,000",600,,"4,000",700,,"3,900",700,,"4,000",700,,"3,900",600,,"3,800",600,,"3,900",700,,"3,900",700,,"3,800",700,,"4,000",800,,"4,100",800,,"3,900",700,,"4,100",800,,"3,500",800,,"3,300",600,,"3,000",600,,"2,900",600,,"2,700",500,,"2,600",500,,"2,600",500,,"2,500",500,,"2,500",500,,"2,500",500,,"2,500",400,,"2,600",500,,"2,700",500,,"2,700",600,,"2,500",500,,"2,300",600,,"1,900",500,,"2,100",400,,"2,200",500,,"2,300",600,,"2,400",600,,"2,400",700,,"2,300",700,,"2,200",600,,"2,200",600,,"2,300",600,,"2,300",600,,"2,600",600,,"2,700",600,,"2,800",500,,"2,700",600,,"2,600",500,,"2,600",500
Windsor and Maidenhead,E06000040,,"2,800",600,,"2,700",600,,"2,200",500,,"2,200",500,,"2,000",300,,"2,100",400,,"3,000",500,,"2,700",500,,"2,500",500,,"2,400",500,,"2,300",400,,"2,100",400,,"2,100",400,,"2,300",500,,"2,600",600,,"2,800",600,,"2,900",600,,"2,700",500,,"2,600",400,,"2,500",400,,"2,500",500,,"2,400",500,,"2,400",500,,"2,600",500,,"2,700",500,,"2,800",500,,"3,200",600,,"3,600",600,,"3,900",600,,"4,200",600,,"4,100",600,,"4,000",600,,"4,100",700,,"3,800",600,,"3,800",600,,"3,600",600,,"3,400",600,,"3,400",600,,"3,300",600,,"3,200",700,,"3,400",700,,"3,200",600,,"3,400",700,,"3,500",700,,"3,100",700,,"3,200",600,,"3,000",600,,"2,800",500,,"2,800",500,,"2,800",600,,"2,700",500,,"2,700",500,,"2,700",500,,"2,700",500,,"2,600",400,,"2,600",400,,"2,600",500,,"2,500",600,,"2,300",500,,"2,200",500,,"2,000",500,,"2,200",400,,"2,200",500,,"2,200",500,,"2,200",600,,"2,200",600,,"2,100",600,,"2,000",500,,"1,900",500,,"1,800",500,,"2,100",500,,"2,500",600,,"2,700",600,,"3,000",600,,"3,000",600,,"2,900",500,,"2,900",600
Wokingham,E06000041,,"2,200",500,,"1,800",400,,"1,700",400,,"1,800",500,,"1,700",300,,"2,000",400,,"2,700",500,,"2,600",500,,"2,200",400,,"2,100",400,,"2,200",400,,"2,200",400,,"2,200",400,,"2,200",600,,"2,700",700,,"2,900",700,,"2,900",600,,"2,900",500,,"2,400",400,,"2,300",400,,"2,300",500,,"2,200",400,,"2,300",500,,"2,400",500,,"2,700",500,,"2,900",500,,"3,300",600,,"3,800",600,,"4,100",600,,"4,200",600,,"3,900",600,,"3,800",600,,"3,700",700,,"3,500",600,,"3,600",600,,"3,400",600,,"3,500",600,,"3,600",700,,"3,600",700,,"3,500",700,,"3,300",700,,"3,200",700,,"3,400",700,,"3,400",700,,"3,200",700,,"3,100",600,,"2,800",600,,"2,700",500,,"2,600",500,,"2,500",500,,"2,400",500,,"2,400",500,,"2,400",500,,"2,500",500,,"2,600",500,,"2,600",500,,"2,600",500,,"2,400",600,,"2,300",500,,"2,200",500,,"2,100",600,,"2,100",500,,"2,100",500,,"2,100",500,,"2,100",600,,"2,000",600,,"2,100",600,,"2,000",500,,"1,800",500,,"1,900",500,,"2,000",500,,"2,600",600,,"2,700",600,,"2,700",500,,"2,900",600,,"2,600",500,,"2,500",500
Buckinghamshire,E06000060,,,,,,,,,,,,,,,,,,,,,,,,,,,,,,,,,,,,,,,,,,,,,,,,,,,,,,,,,,,,,,,,,,,,,,,,,,,,,,,,,,,,,,,,,,,,,,,,,,,,,,,,,,,,,,,,,,,,,,,,,,,,,,,,,,,,,,,,,,,,,,,,,,,,,,,,,,,,,,,,,"10,100",:,,"9,900",:,,"9,800",:,,"9,700",:,,"9,300",:,,"8,700",:,,"8,400",:,,"7,800",:,,"8,300",:,,"8,400",:,,"8,200",:,,"8,100",:,,"8,100",:,,"7,700",:,,"8,000",:,,"7,900",:,,"8,100",:,,"9,200",:,,"10,300",:,,"10,300",:,,"10,600",:,,"10,700",:,,"10,000",:,,"10,000",:
Aylesbury Vale,E07000004,,"3,400",700,,"3,100",600,,"3,100",700,,"2,600",600,,"2,200",400,,"2,400",500,,"3,200",600,,"2,800",600,,"2,800",600,,"2,700",600,,"2,600",600,,"2,600",500,,"2,700",500,,"2,800",800,,"2,900",800,,"2,900",800,,"3,100",800,,"3,100",700,,"3,000",600,,"3,000",600,,"2,800",600,,"2,700",600,,"2,900",700,,"2,900",700,,"3,300",700,,"3,600",700,,"3,800",800,,"4,300",800,,"4,500",800,,"4,600",800,,"4,500",800,,"4,500",800,,"4,600","1,000",,"4,500",900,,"4,700",900,,"5,100",900,,"5,100","1,000",,"5,100","1,000",,"5,000","1,000",,"5,000","1,100",,"5,200","1,200",,"5,300","1,200",,"5,400","1,200",,"5,100","1,200",,"4,400","1,100",,"4,100",900,,"3,900",900,,"3,800",800,,"3,700",800,,"3,700",800,,"3,700",800,,"3,500",800,,"3,400",700,,"3,300",700,,"3,300",600,,"3,400",700,,"3,500",800,,"3,500",900,,"3,200",800,,"3,100",800,,"2,900",800,,"3,000",700,,"2,900",700,,"2,900",800,,"2,800",800,,"2,700",900,,"2,600",900,,"2,700",800,,"2,800",800,,"3,100",900,,"3,600","1,000",,"4,100","1,000",,"3,900",900,,"3,900",800,,"3,800",800,,"3,500",700,,"3,700",800
Chiltern,E07000005,,"1,700",400,,"1,400",300,,"1,300",300,,"1,300",300,,"1,100",200,,"1,100",300,,"1,500",300,,"1,500",300,,"1,400",300,,"1,400",300,,"1,500",300,,"1,500",300,,"1,600",300,,"1,500",500,,"1,800",600,,"1,700",500,,"1,700",500,,"1,700",400,,"1,500",300,,"1,600",300,,"1,500",400,,"1,500",400,,"1,600",400,,"1,600",400,,"1,600",400,,"1,600",400,,"1,700",400,,"2,000",400,,"2,100",400,,"2,300",400,,"2,200",400,,"2,100",400,,"2,100",500,,"2,000",400,,"2,000",400,,"1,900",400,,"1,900",400,,"1,900",500,,"2,000",500,,"2,100",500,,"2,100",600,,"2,200",600,,"2,200",600,,"2,100",600,,"1,900",600,,"1,900",500,,"1,800",400,,"1,800",400,,"1,700",400,,"1,700",400,,"1,500",400,,"1,400",300,,"1,500",300,,"1,300",300,,"1,400",300,,"1,400",300,,"1,400",400,,"1,500",400,,"1,400",400,,"1,300",400,,"1,200",400,,"1,300",300,,"1,300",300,,"1,300",400,,"1,300",400,,"1,300",400,,"1,300",400,,"1,300",400,,"1,200",400,,"1,200",400,,"1,300",400,,"1,600",400,,"1,600",400,,"1,700",400,,"1,700",400,,"1,500",300,,"1,500",300
South Bucks,E07000006,,"1,200",300,,"1,000",200,,900,300,,"1,000",300,,800,200,,800,200,,"1,100",200,,"1,000",200,,"1,000",200,,"1,000",200,,"1,000",200,,900,200,,900,200,,900,300,,"1,100",400,,"1,300",400,,"1,300",400,,"1,300",300,,"1,200",200,,"1,100",200,,"1,100",300,,"1,000",300,,900,300,,"1,000",300,,"1,000",300,,"1,100",300,,"1,200",300,,"1,400",300,,"1,500",300,,"1,600",400,,"1,600",400,,"1,600",400,,"1,600",400,,"1,400",400,,"1,400",400,,"1,500",400,,"1,400",400,,"1,500",400,,"1,500",400,,"1,400",400,,"1,400",400,,"1,400",400,,"1,600",400,,"1,600",500,,"1,600",500,,"1,400",400,,"1,300",400,,"1,200",300,,"1,100",300,,"1,200",300,,"1,200",300,,"1,200",300,,"1,200",300,,"1,200",300,,"1,200",300,,"1,100",300,,"1,100",300,,"1,000",300,,"1,000",300,,"1,000",300,,900,300,,"1,000",300,,"1,100",300,,900,300,,"1,000",300,,"1,000",300,,900,300,,900,300,,800,300,,800,300,,"1,000",300,,"1,100",400,,"1,200",300,,"1,300",300,,"1,300",300,,"1,200",300,,"1,200",300
Wycombe,E07000007,,"3,900",800,,"3,400",700,,"3,300",800,,"3,100",700,,"2,700",500,,"3,200",600,,"3,900",800,,"3,700",700,,"3,500",700,,"3,400",700,,"3,400",700,,"3,300",700,,"3,400",700,,"3,500","1,000",,"3,800","1,000",,"3,700","1,000",,"3,800",900,,"3,700",800,,"3,500",600,,"3,500",700,,"3,300",700,,"3,400",800,,"3,800",900,,"3,900",800,,"4,000",900,,"4,100",800,,"4,400",900,,"4,800",900,,"5,300",900,,"5,600",900,,"5,500",900,,"5,200",900,,"5,400","1,100",,"5,100","1,000",,"5,300","1,000",,"5,400","1,000",,"5,200","1,000",,"4,900","1,000",,"5,000","1,100",,"4,900","1,100",,"5,400","1,200",,"5,800","1,300",,"5,900","1,300",,"6,000","1,400",,"5,300","1,300",,"5,100","1,100",,"4,500","1,000",,"4,500",900,,"4,400",900,,"4,700","1,000",,"5,100","1,100",,"4,800","1,000",,"4,700",900,,"4,300",900,,"4,000",700,,"3,900",700,,"3,700",800,,"3,400",900,,"3,100",700,,"3,000",800,,"2,800",800,,"3,000",700,,"3,200",700,,"3,200",800,,"3,100",900,,"3,100","1,000",,"2,900",900,,"3,100",900,,"3,100",800,,"3,000",800,,"3,200",900,,"3,400",900,,"3,500",800,,"3,700",800,,"3,900",900,,"3,700",700,,"3,600",800
Eastbourne,E07000061,,"3,000",600,,"2,400",500,,"2,300",600,,"2,100",500,,"1,900",400,,"1,800",400,,"2,200",500,,"2,000",400,,"2,400",500,,"2,400",500,,"2,500",500,,"2,500",500,,"2,400",500,,"2,800",800,,"3,100",900,,"2,900",900,,"2,800",800,,"2,700",700,,"2,700",500,,"2,800",600,,"2,900",700,,"2,900",600,,"2,700",700,,"2,700",600,,"2,700",700,,"2,900",700,,"3,200",700,,"3,400",700,,"3,500",600,,"3,700",700,,"3,500",700,,"3,400",700,,"3,400",800,,"3,300",700,,"3,500",700,,"3,500",700,,"3,400",700,,"3,400",800,,"3,200",800,,"3,200",800,,"3,500",900,,"3,600",900,,"3,700",900,,"3,700","1,000",,"3,600","1,000",,"3,800",900,,"3,700",900,,"3,700",800,,"3,600",800,,"3,200",800,,"3,100",700,,"2,900",700,,"3,000",700,,"2,900",600,,"2,800",600,,"2,700",600,,"2,500",600,,"2,300",700,,"2,200",600,,"2,200",600,,"2,200",700,,"2,300",600,,"2,400",600,,"2,300",700,,"2,100",700,,"2,000",700,,"2,000",700,,"2,100",700,,"2,000",600,,"2,200",700,,"2,300",700,,"2,300",700,,"2,400",600,,"2,200",500,,"2,300",600,,"2,300",500,,"2,400",600
Hastings,E07000062,,"4,100",800,,"3,700",800,,"3,100",800,,"3,000",700,,"2,500",500,,"2,400",500,,"2,600",600,,"2,200",500,,"2,700",500,,"2,600",500,,"2,500",500,,"2,400",500,,"2,600",500,,"2,800",800,,"2,900",900,,"2,900",900,,"3,000",800,,"2,900",700,,"3,000",700,,"3,200",700,,"3,100",700,,"3,100",700,,"3,200",800,,"2,900",700,,"3,300",800,,"3,300",800,,"3,700",800,,"3,900",800,,"3,900",800,,"4,400",800,,"4,200",800,,"4,400",900,,"4,600","1,000",,"4,300",900,,"4,300",900,,"4,400",900,,"4,100",900,,"4,100",900,,"4,200","1,000",,"3,900","1,000",,"4,300","1,100",,"4,400","1,100",,"4,500","1,100",,"4,600","1,200",,"4,300","1,200",,"4,100","1,000",,"3,900",900,,"3,700",900,,"3,700",800,,"3,800",900,,"3,800",900,,"3,600",800,,"3,700",800,,"3,400",800,,"3,300",700,,"3,300",700,,"2,900",700,,"2,700",800,,"2,400",700,,"2,200",700,,"2,300",700,,"2,600",700,,"2,700",700,,"2,300",700,,"2,300",800,,"2,100",800,,"2,200",800,,"2,300",800,,"2,200",700,,"2,400",800,,"2,400",700,,"2,400",700,,"2,600",700,,"2,500",600,,"2,700",700,,"2,600",600,,"2,500",600
Lewes,E07000063,,"2,400",500,,"2,100",500,,"2,000",500,,"1,800",500,,"1,500",300,,"1,500",300,,"1,800",400,,"1,600",300,,"1,600",300,,"1,700",400,,"1,800",400,,"1,700",400,,"1,800",400,,"1,600",500,,"1,900",600,,"2,200",700,,"2,300",600,,"2,300",500,,"2,000",400,,"1,900",400,,"1,900",500,,"1,900",500,,"2,000",500,,"2,100",500,,"2,100",500,,"2,300",600,,"2,400",600,,"2,700",600,,"2,800",600,,"2,900",600,,"2,800",600,,"2,700",500,,"2,700",600,,"2,600",600,,"2,600",600,,"2,500",600,,"2,500",600,,"2,600",600,,"2,600",600,,"2,600",700,,"2,700",700,,"2,600",700,,"2,700",700,,"2,600",800,,"2,400",700,,"2,600",600,,"2,400",600,,"2,400",600,,"2,400",600,,"2,400",600,,"2,500",600,,"2,400",600,,"2,400",500,,"2,000",500,,"2,000",400,,"1,900",400,,"2,000",500,,"1,900",600,,"1,900",500,,"1,800",500,,"1,500",500,,"1,500",400,,"1,500",400,,"1,500",400,,"1,600",500,,"1,700",600,,"1,700",600,,"1,700",600,,"1,900",600,,"1,800",600,,"2,000",600,,"2,200",600,,"2,300",600,,"2,300",600,,"2,400",600,,"2,100",500,,"2,100",600
Rother,E07000064,,"2,200",500,,"1,900",500,,"1,800",500,,"1,700",400,,"1,400",300,,"1,400",300,,"1,700",400,,"1,500",300,,"1,300",300,,"1,200",300,,"1,400",300,,"1,300",300,,"1,400",300,,"1,500",500,,"1,700",500,,"1,900",600,,"1,900",500,,"1,800",500,,"1,700",400,,"1,700",400,,"1,700",500,,"1,800",500,,"1,900",500,,"1,800",500,,"2,000",500,,"1,900",500,,"2,000",500,,"2,200",500,,"2,200",500,,"2,400",500,,"2,400",500,,"2,500",600,,"2,800",700,,"2,900",600,,"3,000",600,,"3,000",700,,"2,900",700,,"3,000",700,,"2,900",700,,"3,000",800,,"2,800",800,,"2,900",800,,"2,700",700,,"2,600",800,,"2,500",700,,"2,300",600,,"2,300",600,,"2,100",500,,"2,100",500,,"2,000",600,,"1,900",500,,"1,700",500,,"1,700",400,,"1,800",400,,"1,800",400,,"1,900",400,,"1,900",500,,"1,600",500,,"1,600",500,,"1,600",500,,"1,500",500,,"1,700",500,,"1,800",500,,"1,600",500,,"1,500",600,,"1,500",600,,"1,500",600,,"1,600",600,,"1,600",500,,"1,600",500,,"1,600",600,,"1,700",600,,"1,700",500,,"1,800",500,,"1,700",500,,"1,500",400,,"1,600",500
Wealden,E07000065,,"2,400",500,,"2,200",500,,"2,100",500,,"1,900",500,,"1,800",300,,"1,700",400,,"2,100",400,,"2,000",400,,"1,900",400,,"1,900",400,,"1,900",400,,"1,900",400,,"2,000",400,,"2,000",600,,"2,300",700,,"2,500",700,,"2,600",700,,"2,500",600,,"2,200",400,,"2,200",400,,"2,300",500,,"2,300",500,,"2,400",600,,"2,600",600,,"2,600",600,,"2,700",600,,"2,800",600,,"3,000",600,,"3,200",600,,"3,400",600,,"3,400",600,,"3,100",600,,"3,100",700,,"3,000",600,,"3,000",600,,"3,100",600,,"3,000",600,,"3,100",700,,"3,100",700,,"3,100",800,,"3,600",900,,"3,700",900,,"3,700",900,,"3,800",900,,"3,200",800,,"3,000",700,,"2,900",600,,"2,900",700,,"3,000",600,,"2,900",700,,"2,700",600,,"2,700",600,,"2,600",600,,"2,600",600,,"2,700",500,,"2,800",600,,"2,600",600,,"2,400",700,,"2,400",600,,"2,200",600,,"2,000",600,,"2,000",500,,"1,900",500,,"2,200",600,,"2,300",700,,"2,400",800,,"2,300",800,,"2,100",600,,"1,900",600,,"1,900",600,,"2,300",700,,"2,900",800,,"3,300",800,,"3,300",700,,"3,300",800,,"2,900",600,,"2,900",700
Basingstoke and Deane,E07000084,,"3,500",700,,"3,000",600,,"2,600",600,,"2,400",600,,"2,000",400,,"2,000",400,,"2,700",500,,"2,400",500,,"2,400",500,,"2,400",500,,"2,500",500,,"2,600",500,,"2,800",500,,"2,800",800,,"3,200",900,,"3,400",900,,"3,400",800,,"3,400",700,,"3,100",600,,"3,100",600,,"3,200",700,,"3,100",700,,"3,200",800,,"3,400",700,,"3,600",800,,"4,000",800,,"4,300",900,,"4,900",900,,"5,200",800,,"5,400",900,,"5,300",900,,"5,200",900,,"5,100","1,100",,"5,000","1,000",,"5,000","1,000",,"4,700",900,,"4,900","1,000",,"4,900","1,000",,"5,000","1,100",,"5,000","1,200",,"4,800","1,100",,"5,000","1,200",,"5,300","1,200",,"5,100","1,300",,"4,700","1,200",,"4,300","1,000",,"3,900",900,,"3,700",800,,"3,700",800,,"3,500",800,,"3,600",800,,"3,400",700,,"3,500",800,,"3,600",800,,"3,600",700,,"3,500",700,,"3,200",700,,"2,900",800,,"2,700",700,,"2,500",700,,"2,500",800,,"2,600",600,,"2,600",600,,"2,500",700,,"2,500",800,,"2,500",800,,"2,500",900,,"2,900",900,,"2,700",800,,"2,800",800,,"2,900",800,,"3,100",800,,"3,300",800,,"3,600",800,,"3,700",900,,"3,400",700,,"3,400",800
East Hampshire,E07000085,,"2,400",500,,"2,100",500,,"1,900",500,,"1,700",400,,"1,400",300,,"1,400",300,,"1,800",400,,"1,600",400,,"1,600",300,,"1,600",400,,"1,600",300,,"1,500",300,,"1,600",300,,"1,700",500,,"1,800",600,,"1,900",600,,"2,000",600,,"2,000",500,,"2,000",400,,"1,900",400,,"1,900",400,,"1,800",400,,"1,900",500,,"1,900",400,,"2,000",500,,"2,100",500,,"2,300",500,,"2,500",500,,"2,700",500,,"2,800",500,,"2,800",500,,"2,900",600,,"2,800",600,,"2,700",600,,"2,700",600,,"2,900",600,,"2,900",600,,"2,900",700,,"2,900",700,,"2,700",700,,"2,700",700,,"2,900",700,,"2,800",700,,"2,700",700,,"2,600",800,,"2,500",600,,"2,400",600,,"2,200",500,,"2,200",500,,"2,000",500,,"1,900",500,,"2,000",500,,"2,000",500,,"1,900",500,,"1,900",400,,"2,000",500,,"2,000",500,,"2,100",600,,"1,900",500,,"1,900",600,,"1,800",600,,"1,800",500,,"1,700",500,,"1,600",500,,"1,600",500,,"1,500",500,,"1,500",500,,"1,400",500,,"1,300",400,,"1,400",500,,"1,600",500,,"2,000",600,,"2,100",500,,"2,200",500,,"2,300",600,,"2,100",500,,"2,200",500
Eastleigh,E07000086,,"2,300",500,,"2,100",500,,"2,000",500,,"1,900",500,,"1,500",300,,"1,500",300,,"2,000",400,,"2,000",400,,"1,900",400,,"1,800",400,,"1,800",400,,"1,800",400,,"1,900",400,,"1,900",600,,"2,200",700,,"2,400",700,,"2,500",700,,"2,500",600,,"2,400",500,,"2,300",500,,"2,200",500,,"2,200",500,,"2,100",600,,"2,300",600,,"2,500",600,,"2,800",600,,"3,000",700,,"3,400",700,,"3,600",700,,"3,900",700,,"3,800",700,,"3,600",700,,"3,500",800,,"3,300",700,,"3,300",700,,"3,400",700,,"3,500",700,,"3,600",800,,"3,600",800,,"3,300",800,,"3,200",800,,"3,200",800,,"3,200",800,,"3,200",900,,"3,000",900,,"2,700",700,,"2,300",600,,"2,200",600,,"2,300",500,,"2,300",600,,"2,400",600,,"2,300",600,,"2,200",600,,"2,200",600,,"2,200",500,,"2,400",600,,"2,300",600,,"2,300",600,,"2,100",500,,"2,100",600,,"2,000",600,,"2,100",500,,"2,300",600,,"2,300",700,,"2,300",800,,"2,300",800,,"2,200",800,,"2,100",700,,"1,800",600,,"1,800",600,,"2,000",600,,"2,300",700,,"2,500",700,,"2,600",700,,"2,500",700,,"2,500",600,,"2,300",600
Fareham,E07000087,,"2,500",500,,"2,000",400,,"1,600",400,,"1,400",400,,"1,500",300,,"1,400",300,,"1,800",400,,"1,500",400,,"1,500",300,,"1,600",400,,"1,500",300,,"1,600",300,,"1,700",300,,"1,800",600,,"2,000",600,,"2,000",600,,"2,100",600,,"2,100",500,,"2,100",400,,"2,000",400,,"2,000",500,,"1,900",500,,"2,000",500,,"2,100",500,,"2,200",500,,"2,400",500,,"2,500",500,,"2,700",500,,"2,900",500,,"3,000",600,,"2,900",600,,"2,800",600,,"2,900",700,,"2,800",600,,"2,800",700,,"2,800",700,,"2,500",600,,"2,800",700,,"2,700",700,,"2,800",700,,"2,800",800,,"2,500",700,,"2,600",700,,"2,700",800,,"2,600",800,,"2,400",600,,"2,100",600,,"2,000",500,,"2,000",500,,"2,100",600,,"2,000",600,,"1,900",500,,"2,100",500,,"2,100",500,,"2,200",500,,"2,100",500,,"2,000",500,,"1,900",600,,"1,800",500,,"1,700",500,,"1,500",500,,"1,700",400,,"1,600",400,,"1,600",500,,"1,700",600,,"1,600",600,,"1,500",600,,"1,500",500,,"1,300",400,,"1,300",400,,"1,500",500,,"1,900",600,,"2,000",600,,"2,100",500,,"2,200",600,,"2,200",500,,"2,000",500
Gosport,E07000088,,"2,100",500,,"2,400",500,,"2,000",500,,"1,700",400,,"1,400",300,,"1,400",300,,"1,600",400,,"1,200",300,,"1,300",300,,"1,300",300,,"1,400",300,,"1,400",300,,"1,400",300,,"1,400",500,,"1,600",500,,"1,600",500,,"1,800",500,,"1,800",500,,"1,800",400,,"1,700",400,,"1,700",400,,"1,700",500,,"1,900",500,,"2,100",500,,"2,100",500,,"2,200",500,,"2,300",600,,"2,500",600,,"2,800",600,,"2,900",600,,"2,800",600,,"2,800",600,,"2,800",700,,"2,600",600,,"2,700",600,,"2,800",700,,"2,700",700,,"2,700",700,,"2,900",800,,"2,800",800,,"3,000",800,,"3,200",900,,"3,200",900,,"3,300","1,000",,"2,900",900,,"2,700",700,,"2,400",700,,"2,200",600,,"2,200",600,,"2,300",700,,"2,200",600,,"2,200",600,,"2,100",600,,"1,900",500,,"1,800",500,,"1,900",500,,"1,900",500,,"1,700",500,,"1,600",500,,"1,400",500,,"1,400",500,,"1,700",500,,"1,800",500,,"1,700",500,,"1,600",600,,"1,600",600,,"1,500",600,,"1,500",500,,"1,600",500,,"1,600",500,,"1,700",600,,"1,900",600,,"1,800",500,,"1,800",400,,"1,700",500,,"1,600",400,,"1,600",400
Hart,E07000089,,"1,300",300,,"1,200",300,,"1,000",300,,900,300,,900,200,,800,200,,"1,200",300,,"1,200",300,,"1,100",200,,"1,100",200,,"1,200",300,,"1,200",300,,"1,200",200,,"1,300",400,,"1,400",400,,"1,400",400,,"1,500",400,,"1,400",300,,"1,300",300,,"1,200",300,,"1,300",300,,"1,300",300,,"1,400",400,,"1,400",300,,"1,400",400,,"1,500",400,,"1,700",400,,"1,900",400,,"2,000",400,,"2,100",400,,"2,000",400,,"1,800",400,,"1,900",500,,"1,900",400,,"2,000",400,,"2,000",400,,"2,000",500,,"2,000",500,,"1,900",500,,"1,900",500,,"1,800",500,,"1,800",500,,"1,800",500,,"1,800",500,,"1,600",500,,"1,500",400,,"1,500",400,,"1,500",400,,"1,400",400,,"1,400",400,,"1,200",300,,"1,200",300,,"1,200",300,,"1,300",400,,"1,300",300,,"1,200",300,,"1,300",300,,"1,200",400,,"1,200",300,,"1,200",400,,"1,100",400,,"1,200",300,,"1,200",300,,"1,300",400,,"1,300",400,,"1,300",500,,"1,100",400,,900,300,,800,300,,"1,000",300,,"1,200",400,,"1,600",500,,"1,800",500,,"1,900",500,,"2,000",600,,"1,700",400,,"1,700",400
Havant,E07000090,,"3,800",800,,"3,700",800,,"3,700",800,,"3,200",800,,"2,500",500,,"2,600",600,,"2,800",600,,"2,700",600,,"2,500",500,,"2,300",500,,"2,500",500,,"2,500",500,,"2,600",500,,"2,900",800,,"2,900",900,,"2,800",800,,"3,000",800,,"3,000",700,,"3,100",600,,"3,200",700,,"3,200",700,,"3,100",700,,"3,300",800,,"3,300",800,,"3,400",800,,"3,500",800,,"3,500",800,,"4,000",800,,"4,100",800,,"4,200",800,,"4,000",800,,"3,900",800,,"4,200",900,,"4,400",900,,"4,400","1,000",,"4,300","1,000",,"4,600","1,000",,"4,500","1,000",,"4,400","1,100",,"4,300","1,100",,"4,500","1,200",,"4,400","1,200",,"4,400","1,100",,"4,400","1,200",,"4,100","1,200",,"4,000","1,000",,"3,900","1,000",,"3,900",900,,"3,600",800,,"3,400",900,,"3,400",800,,"3,300",800,,"3,300",800,,"3,200",800,,"3,100",700,,"2,900",700,,"2,600",600,,"2,500",800,,"2,400",600,,"2,200",700,,"2,300",700,,"2,400",600,,"2,800",700,,"2,500",800,,"2,500",900,,"2,400",900,,"2,000",800,,"2,100",700,,"2,000",700,,"2,100",700,,"2,700",900,,"2,800",800,,"3,000",800,,"2,800",700,,"2,500",700,,"2,400",600,,"2,200",600
New Forest,E07000091,,"3,800",700,,"3,400",700,,"2,900",700,,"2,900",700,,"2,400",500,,"2,400",500,,"2,700",600,,"2,400",500,,"2,400",500,,"2,300",500,,"2,300",500,,"2,200",500,,"2,300",500,,"2,500",700,,"2,800",800,,"2,900",800,,"3,200",800,,"3,100",700,,"2,900",600,,"2,900",600,,"3,000",700,,"2,800",600,,"2,800",700,,"2,900",700,,"3,100",700,,"3,500",700,,"3,800",800,,"4,200",800,,"4,500",800,,"4,800",800,,"4,800",800,,"4,600",800,,"4,600","1,000",,"4,200",800,,"4,400",900,,"4,300",900,,"4,200",900,,"4,300",900,,"4,100",900,,"3,900","1,000",,"4,100","1,000",,"4,100","1,000",,"4,200","1,000",,"4,500","1,200",,"4,000","1,100",,"3,600",900,,"3,300",800,,"3,100",700,,"3,000",700,,"3,100",800,,"3,200",800,,"3,100",700,,"3,000",700,,"2,900",700,,"2,900",600,,"2,900",600,,"2,900",700,,"2,500",700,,"2,300",600,,"2,200",600,,"2,100",700,,"2,300",600,,"2,400",600,,"2,500",700,,"2,500",800,,"2,400",800,,"2,200",700,,"2,100",700,,"2,000",600,,"2,000",600,,"2,500",800,,"3,100",800,,"3,400",800,,"3,700",900,,"3,400",800,,"2,900",600,,"2,800",600
Rushmoor,E07000092,,"2,000",400,,"1,800",400,,"1,700",400,,"1,400",400,,"1,200",300,,"1,300",300,,"1,700",400,,"1,800",400,,"1,900",400,,"1,800",400,,"1,800",400,,"1,700",400,,"1,800",300,,"2,200",600,,"2,300",700,,"2,400",700,,"2,200",600,,"2,100",500,,"2,000",400,,"2,000",400,,"2,100",500,,"2,000",500,,"2,100",500,,"2,200",500,,"2,300",500,,"2,500",600,,"2,800",600,,"2,900",600,,"3,200",600,,"3,300",600,,"3,200",600,,"3,100",600,,"3,000",700,,"3,000",600,,"3,100",700,,"3,300",700,,"3,300",700,,"3,200",700,,"3,100",700,,"3,000",800,,"3,300",800,,"3,500",900,,"3,800",900,,"3,700","1,000",,"3,200",900,,"3,000",700,,"2,700",700,,"2,600",600,,"2,500",600,,"2,400",600,,"2,400",600,,"2,100",500,,"2,000",500,,"1,900",500,,"1,700",400,,"1,700",400,,"1,800",400,,"1,700",500,,"1,700",500,,"1,600",500,,"1,400",500,,"1,400",400,,"1,500",400,,"1,500",400,,"1,500",500,,"1,600",600,,"1,500",600,,"1,500",500,,"1,500",500,,"1,600",500,,"1,900",600,,"2,200",700,,"2,500",700,,"2,400",700,,"2,000",600,,"2,000",500,,"1,700",500
Test Valley,E07000093,,"1,800",400,,"1,900",400,,"1,900",500,,"1,500",400,,"1,400",300,,"1,400",300,,"1,700",400,,"1,800",400,,"1,500",300,,"1,500",300,,"1,500",300,,"1,600",300,,"1,600",300,,"1,700",500,,"1,900",600,,"2,000",600,,"2,000",500,,"2,000",500,,"1,900",400,,"1,900",400,,"1,900",500,,"1,900",500,,"1,900",500,,"2,000",500,,"2,100",500,,"2,200",500,,"2,300",500,,"2,500",500,,"2,600",500,,"2,800",500,,"2,800",500,,"2,700",500,,"2,700",600,,"2,500",500,,"2,600",600,,"2,500",600,,"2,500",600,,"2,600",600,,"2,600",700,,"2,600",700,,"2,700",700,,"2,700",700,,"2,800",700,,"2,800",800,,"2,500",700,,"2,400",600,,"2,200",600,,"2,200",600,,"2,200",500,,"2,100",500,,"1,900",500,,"1,700",400,,"1,800",400,,"1,800",500,,"2,000",500,,"1,900",500,,"1,700",400,,"1,600",500,,"1,600",400,,"1,600",500,,"1,600",500,,"1,700",400,,"1,800",500,,"1,900",500,,"1,900",600,,"1,800",600,,"1,800",600,,"1,700",600,,"1,700",500,,"1,700",500,,"1,900",600,,"2,000",600,,"1,900",500,,"2,000",500,,"2,000",500,,"1,800",400,,"1,900",500
Winchester,E07000094,,"2,000",400,,"2,000",400,,"1,700",400,,"1,400",400,,"1,300",300,,"1,300",300,,"1,700",400,,"1,600",400,,"1,500",300,,"1,500",400,,"1,600",300,,"1,600",300,,"1,700",300,,"1,700",500,,"1,700",500,,"2,000",600,,"2,100",600,,"2,100",500,,"2,000",400,,"1,900",400,,"1,800",400,,"1,700",400,,"1,900",500,,"1,800",400,,"1,900",500,,"2,000",500,,"2,100",500,,"2,300",500,,"2,500",500,,"2,700",500,,"2,600",500,,"2,500",500,,"2,500",600,,"2,400",600,,"2,400",600,,"2,500",600,,"2,600",600,,"2,600",600,,"2,500",600,,"2,400",600,,"2,500",700,,"2,600",700,,"2,800",700,,"2,700",700,,"2,400",700,,"2,300",600,,"2,000",500,,"2,000",500,,"1,900",500,,"1,700",500,,"1,700",500,,"1,600",400,,"1,600",400,,"1,500",400,,"1,600",400,,"2,000",400,,"2,100",500,,"1,900",600,,"1,700",500,,"1,500",500,,"1,300",500,,"1,500",400,,"1,600",400,,"1,600",500,,"1,700",600,,"1,700",600,,"1,700",600,,"1,700",600,,"1,600",500,,"1,700",500,,"1,900",600,,"2,000",600,,"2,000",600,,"1,900",500,,"1,900",500,,"1,800",400,,"1,800",500
Ashford,E07000105,,"2,700",600,,"2,900",600,,"2,500",600,,"2,100",500,,"1,800",400,,"1,700",400,,"2,000",500,,"1,900",400,,"1,700",400,,"1,700",400,,"1,800",400,,"2,000",400,,"2,100",400,,"2,300",600,,"2,400",700,,"2,800",800,,"2,800",700,,"2,800",600,,"2,500",500,,"2,500",500,,"2,400",600,,"2,400",600,,"2,400",600,,"2,400",600,,"2,500",600,,"2,700",600,,"2,900",600,,"3,100",600,,"3,400",600,,"3,600",600,,"3,600",600,,"3,600",700,,"3,500",800,,"3,400",700,,"3,500",700,,"3,600",700,,"3,700",800,,"3,700",800,,"3,800",900,,"3,700",900,,"4,000","1,000",,"4,300","1,100",,"4,400","1,100",,"4,600","1,200",,"4,300","1,100",,"3,700",900,,"3,400",800,,"3,200",700,,"3,200",700,,"3,200",800,,"3,100",700,,"3,100",700,,"3,000",700,,"2,900",700,,"3,000",600,,"3,100",600,,"2,900",700,,"2,900",800,,"2,700",700,,"2,400",700,,"2,500",800,,"2,600",600,,"2,600",700,,"2,600",800,,"2,500",800,,"2,600",900,,"2,700","1,000",,"2,700",900,,"2,500",800,,"2,300",700,,"2,400",800,,"2,600",700,,"2,600",700,,"2,900",700,,"2,900",700,,"2,700",600,,"2,800",700
Canterbury,E07000106,,"4,600",900,,"4,400",900,,"3,700",900,,"3,100",800,,"3,000",600,,"3,000",600,,"3,300",700,,"3,100",700,,"2,800",600,,"2,600",600,,"2,600",600,,"2,600",600,,"3,000",600,,"3,600","1,000",,"4,100","1,200",,"4,600","1,200",,"4,300","1,100",,"3,700",800,,"3,400",700,,"3,300",600,,"3,200",700,,"3,000",700,,"3,300",800,,"3,000",700,,"3,400",800,,"3,600",800,,"3,800",800,,"4,400",900,,"4,500",800,,"5,100",900,,"4,800",900,,"4,700",900,,"5,400","1,200",,"5,000","1,000",,"5,000","1,000",,"5,200","1,000",,"5,000","1,000",,"5,000","1,100",,"5,100","1,100",,"5,300","1,200",,"5,200","1,300",,"6,000","1,400",,"6,200","1,400",,"6,400","1,600",,"6,100","1,600",,"5,300","1,200",,"4,800","1,100",,"4,300","1,000",,"4,300","1,000",,"4,000","1,000",,"4,300","1,000",,"4,100","1,000",,"4,100",900,,"3,900",900,,"4,000",800,,"3,900",800,,"3,600",900,,"3,700","1,100",,"3,200",900,,"3,200",900,,"3,100","1,000",,"3,300",800,,"3,500",900,,"3,600","1,000",,"3,700","1,200",,"3,500","1,200",,"3,300","1,100",,"3,500","1,100",,"3,300","1,000",,"3,100",900,,"3,300","1,000",,"3,500",900,,"3,500",900,,"3,500",800,,"3,400",800,,"3,200",700,,"3,300",800
Dartford,E07000107,,"3,000",600,,"2,900",600,,"2,500",600,,"2,000",500,,"1,500",300,,"1,600",400,,"2,000",400,,"2,100",500,,"2,000",400,,"2,000",400,,"1,900",400,,"2,000",400,,"2,000",400,,"2,300",700,,"2,500",800,,"2,400",700,,"2,400",600,,"2,300",500,,"2,200",500,,"2,000",500,,"2,300",600,,"2,200",500,,"2,400",600,,"2,400",600,,"2,600",600,,"2,700",600,,"2,800",600,,"3,100",600,,"3,300",600,,"3,600",700,,"3,600",700,,"3,500",700,,"3,500",900,,"3,400",800,,"3,400",800,,"3,400",800,,"3,700",900,,"3,500",900,,"3,600",900,,"3,700","1,000",,"3,600","1,000",,"3,700","1,000",,"3,800","1,000",,"3,800","1,100",,"3,500","1,000",,"3,300",800,,"2,900",700,,"2,600",700,,"2,600",700,,"2,700",700,,"3,000",700,,"2,900",700,,"2,700",600,,"2,500",600,,"2,500",500,,"2,600",600,,"2,500",600,,"2,400",700,,"2,000",500,,"1,900",600,,"1,800",600,,"2,000",500,,"1,900",500,,"1,700",500,,"1,800",600,,"1,600",600,,"1,500",600,,"1,600",600,,"1,600",500,,"1,700",600,,"1,900",600,,"2,100",700,,"2,200",600,,"2,300",600,,"2,500",700,,"2,500",700,,"2,400",700
Dover,E07000108,,"4,000",800,,"3,900",900,,"3,600",900,,"3,000",800,,"2,500",500,,"2,300",500,,"2,300",500,,"2,200",500,,"2,500",500,,"2,300",500,,"2,700",500,,"2,600",500,,"2,600",500,,"2,800",800,,"2,900",800,,"3,200",900,,"3,200",800,,"3,000",700,,"2,900",600,,"2,900",600,,"2,700",600,,"2,600",600,,"2,800",700,,"2,700",700,,"2,900",700,,"3,100",700,,"3,100",700,,"3,400",700,,"3,400",700,,"3,600",700,,"3,600",700,,"3,700",700,,"4,300",900,,"4,200",900,,"4,300",900,,"4,300",900,,"4,100",900,,"4,000",900,,"4,000","1,000",,"3,900","1,000",,"3,900","1,000",,"4,500","1,100",,"4,500","1,100",,"4,500","1,200",,"4,000","1,100",,"3,900",900,,"3,900",900,,"3,700",900,,"4,100","1,000",,"3,900","1,000",,"3,600",900,,"3,200",800,,"2,900",700,,"2,800",700,,"2,900",600,,"3,300",700,,"3,100",800,,"3,000",900,,"2,600",700,,"2,500",800,,"2,300",800,,"2,500",600,,"2,600",700,,"2,300",700,,"2,100",800,,"2,200",900,,"2,300",900,,"2,600",900,,"2,700",900,,"2,800",900,,"2,900","1,000",,"2,800",900,,"3,000",800,,"3,300",900,,"2,900",800,,"2,600",600,,"2,400",600
Gravesham,E07000109,,"3,800",800,,"3,900",800,,"2,800",700,,"2,700",700,,"2,100",500,,"2,300",500,,"2,600",600,,"2,500",500,,"2,300",500,,"2,200",500,,"2,100",500,,"2,200",500,,"2,300",500,,"2,500",800,,"2,700",900,,"3,000",900,,"2,900",800,,"3,000",700,,"3,000",600,,"2,800",600,,"3,100",700,,"3,100",700,,"3,200",800,,"3,000",700,,"3,000",700,,"3,200",800,,"3,300",800,,"3,900",900,,"4,300",900,,"4,400",900,,"4,300",900,,"4,300",900,,"4,200","1,000",,"4,000",900,,"4,200",900,,"4,300",900,,"4,500","1,000",,"4,700","1,000",,"4,500","1,100",,"4,300","1,100",,"4,500","1,200",,"4,600","1,200",,"5,100","1,300",,"5,000","1,400",,"4,500","1,300",,"4,100","1,000",,"3,600",900,,"3,400",900,,"3,400",800,,"3,400",900,,"3,400",900,,"3,400",800,,"3,200",800,,"3,000",800,,"3,100",800,,"3,300",800,,"3,300",900,,"3,300","1,000",,"3,000",800,,"2,700",900,,"2,400",800,,"2,700",700,,"2,700",800,,"2,400",700,,"2,400",800,,"2,100",800,,"2,200",800,,"2,600",900,,"2,600",800,,"2,600",800,,"2,800",900,,"2,900",800,,"2,800",800,,"3,100",800,,"2,800",800,,"2,500",700,,"2,500",800
Maidstone,E07000110,,"4,200",800,,"3,800",800,,"3,500",800,,"2,800",700,,"2,300",400,,"2,300",500,,"2,800",600,,"2,500",500,,"2,600",500,,"2,500",600,,"2,800",600,,"2,800",600,,"2,800",500,,"3,000",800,,"3,100",900,,"3,300",900,,"3,200",800,,"3,200",700,,"3,000",600,,"2,900",600,,"3,000",700,,"2,900",700,,"2,900",700,,"3,100",700,,"3,100",700,,"3,300",700,,"3,600",800,,"3,900",800,,"4,300",800,,"4,500",800,,"4,400",800,,"4,200",800,,"4,000",900,,"4,000",800,,"4,100",800,,"4,400",900,,"4,400",900,,"4,600","1,000",,"4,900","1,100",,"5,000","1,200",,"5,300","1,300",,"5,500","1,300",,"5,700","1,300",,"5,700","1,400",,"5,300","1,400",,"4,900","1,100",,"4,500","1,000",,"4,100",900,,"4,100",900,,"4,100","1,000",,"3,700",900,,"3,700",800,,"3,600",800,,"3,400",700,,"3,400",700,,"3,600",700,,"3,500",800,,"3,500",900,,"3,300",800,,"3,200",900,,"2,900",900,,"3,000",700,,"2,700",700,,"2,600",700,,"2,600",800,,"2,400",800,,"2,200",800,,"2,500",800,,"2,600",800,,"2,800",800,,"3,200","1,000",,"3,400","1,000",,"3,500",900,,"3,400",800,,"3,500",900,,"3,300",700,,"3,200",800
Sevenoaks,E07000111,,"2,800",600,,"2,500",500,,"1,900",500,,"1,900",500,,"1,400",300,,"1,600",300,,"2,000",400,,"1,900",400,,"1,600",300,,"1,600",400,,"1,600",300,,"1,700",400,,"1,700",300,,"1,900",600,,"1,900",600,,"2,100",600,,"2,100",600,,"2,100",500,,"2,000",400,,"1,900",400,,"2,000",500,,"1,900",500,,"1,900",500,,"2,000",500,,"2,000",500,,"2,100",500,,"2,200",500,,"2,500",600,,"2,700",600,,"2,900",600,,"2,900",600,,"2,900",600,,"3,000",700,,"2,800",600,,"2,800",600,,"2,700",600,,"2,700",600,,"2,800",600,,"2,700",700,,"2,600",700,,"2,700",700,,"2,600",700,,"2,700",700,,"2,800",800,,"2,600",800,,"2,500",700,,"2,300",600,,"2,200",600,,"2,200",500,,"2,200",600,,"2,200",500,,"2,100",500,,"2,000",500,,"1,900",500,,"1,900",400,,"2,000",500,,"2,100",500,,"1,900",600,,"1,700",500,,"1,700",500,,"1,500",500,,"1,600",400,,"1,700",500,,"1,600",500,,"1,600",600,,"1,700",600,,"1,600",600,,"1,700",600,,"1,600",500,,"1,800",600,,"2,000",700,,"2,200",700,,"2,400",600,,"2,300",500,,"2,400",600,,"2,200",500,,"2,300",600
Folkestone and Hythe,E07000112,,"4,000",800,,"3,700",800,,"3,400",800,,"2,800",700,,"2,300",500,,"2,000",500,,"2,300",500,,"2,200",500,,"2,200",500,,"2,100",500,,"2,200",500,,"2,200",500,,"2,300",500,,"2,700",800,,"2,900",800,,"3,000",800,,"2,900",800,,"2,800",700,,"2,900",600,,"3,000",600,,"3,200",700,,"3,200",700,,"3,200",800,,"2,800",700,,"2,800",700,,"2,900",700,,"3,000",700,,"3,400",700,,"3,400",700,,"3,800",700,,"3,900",800,,"4,100",800,,"4,700","1,000",,"4,300",900,,"4,300",900,,"4,200",900,,"4,200",900,,"4,100",900,,"3,900",900,,"3,900","1,000",,"3,800","1,000",,"4,200","1,100",,"4,200","1,100",,"4,400","1,200",,"4,000","1,100",,"3,900",900,,"3,700",900,,"3,400",800,,"3,400",800,,"3,300",900,,"3,200",800,,"3,000",700,,"2,800",700,,"2,800",700,,"2,900",600,,"3,000",700,,"2,900",700,,"2,600",800,,"2,400",700,,"2,100",700,,"2,000",700,,"2,300",600,,"2,300",600,,"2,200",700,,"2,100",800,,"1,900",800,,"2,000",800,,"2,200",800,,"2,100",700,,"2,200",700,,"2,200",800,,"2,300",700,,"2,200",600,,"2,300",500,,"2,200",600,,"2,100",500,,"2,100",600
Swale,E07000113,,"4,700","1,000",,"4,500",900,,"4,000",900,,"3,600",900,,"3,100",600,,"3,100",600,,"3,400",700,,"3,000",600,,"2,900",600,,"2,900",600,,"3,000",600,,"2,800",600,,"3,000",600,,"3,200",900,,"3,400","1,000",,"3,800","1,100",,"3,700","1,000",,"3,600",800,,"3,700",700,,"3,900",700,,"4,000",900,,"3,700",800,,"3,700",900,,"3,700",900,,"3,800",900,,"3,900",900,,"4,200",900,,"4,400",900,,"5,000",900,,"5,100",900,,"5,200",900,,"5,400","1,000",,"5,400","1,200",,"6,000","1,100",,"5,800","1,100",,"6,000","1,200",,"5,900","1,200",,"6,000","1,300",,"6,100","1,300",,"5,700","1,300",,"5,900","1,400",,"5,500","1,300",,"6,000","1,400",,"6,400","1,600",,"5,900","1,600",,"5,700","1,300",,"5,000","1,200",,"4,800","1,100",,"4,600","1,000",,"4,400","1,100",,"4,200","1,000",,"4,000",900,,"4,300","1,000",,"4,100",900,,"4,200",900,,"4,600","1,000",,"4,400","1,100",,"4,600","1,300",,"4,100","1,100",,"3,600","1,100",,"3,300","1,100",,"3,100",800,,"3,900","1,000",,"3,900","1,100",,"3,600","1,200",,"3,700","1,300",,"3,200","1,200",,"3,300","1,100",,"3,200","1,000",,"3,500","1,000",,"3,500","1,100",,"3,800","1,000",,"4,100","1,000",,"3,800",900,,"3,400",800,,"3,300",800,,"2,900",700
Thanet,E07000114,,"6,300","1,200",,"5,400","1,200",,"5,000","1,200",,"4,100","1,000",,"3,600",800,,"3,200",700,,"3,700",800,,"3,500",800,,"3,100",600,,"3,300",700,,"3,800",700,,"3,800",700,,"3,900",700,,"3,900","1,100",,"4,000","1,100",,"4,600","1,200",,"4,200","1,100",,"3,800",900,,"3,700",800,,"3,700",800,,"3,800",900,,"3,800",900,,"4,000","1,000",,"4,000","1,000",,"4,500","1,100",,"4,700","1,100",,"4,900","1,100",,"5,300","1,100",,"5,200","1,000",,"5,500","1,000",,"5,500","1,000",,"5,700","1,100",,"6,100","1,300",,"6,400","1,200",,"7,000","1,300",,"7,200","1,400",,"7,600","1,500",,"7,200","1,500",,"6,800","1,500",,"6,500","1,600",,"6,500","1,600",,"7,100","1,700",,"7,200","1,800",,"7,100","1,900",,"6,700","1,900",,"6,500","1,600",,"6,000","1,400",,"5,900","1,300",,"6,100","1,300",,"5,900","1,500",,"5,700","1,300",,"5,100","1,200",,"4,600","1,000",,"4,500","1,000",,"4,500",900,,"4,900","1,100",,"4,400","1,100",,"3,800","1,100",,"3,600","1,000",,"3,500","1,100",,"3,400","1,100",,"3,700","1,000",,"3,900","1,100",,"3,200","1,000",,"2,900","1,100",,"2,900","1,200",,"2,800","1,100",,"3,400","1,200",,"3,700","1,200",,"3,600","1,100",,"3,800","1,200",,"3,800","1,100",,"3,700","1,000",,"4,000","1,000",,"4,000","1,000",,"3,500",800,,"3,500",900
Tonbridge and Malling,E07000115,,"2,500",500,,"2,400",500,,"2,200",500,,"1,900",500,,"1,700",300,,"1,500",300,,"1,800",400,,"1,800",400,,"1,800",400,,"1,800",400,,"1,700",400,,"1,800",400,,"1,800",400,,"1,800",500,,"2,200",700,,"2,200",600,,"2,300",600,,"2,300",500,,"2,000",400,,"2,000",400,,"2,100",500,,"2,100",500,,"2,200",600,,"2,200",500,,"2,200",500,,"2,300",500,,"2,500",600,,"2,900",600,,"3,100",600,,"3,200",600,,"3,200",600,,"3,000",600,,"3,000",700,,"2,800",600,,"3,100",700,,"3,100",700,,"3,300",700,,"3,400",800,,"3,300",800,,"3,300",900,,"3,300",900,,"3,500",900,,"3,500",900,,"3,500",900,,"3,200",900,,"3,100",700,,"2,800",700,,"2,600",700,,"2,700",600,,"2,600",700,,"2,700",700,,"2,600",600,,"2,700",600,,"2,500",600,,"2,500",500,,"2,700",600,,"2,500",600,,"2,600",700,,"2,300",600,,"2,200",600,,"2,100",700,,"2,200",600,,"2,200",600,,"2,100",600,,"2,000",700,,"1,900",700,,"2,000",700,,"2,000",700,,"1,900",600,,"2,000",600,,"2,200",700,,"2,400",700,,"2,400",700,,"2,500",600,,"2,400",600,,"2,300",500,,"2,100",500
Tunbridge Wells,E07000116,,"2,600",500,,"2,300",500,,"1,900",500,,"1,600",400,,"1,400",300,,"1,400",300,,"1,800",400,,"1,600",400,,"1,800",400,,"1,800",400,,"1,800",400,,"1,800",400,,"1,700",300,,"1,600",500,,"1,800",600,,"1,900",600,,"2,000",500,,"2,000",500,,"1,700",300,,"1,800",400,,"1,800",400,,"1,900",500,,"2,100",600,,"2,100",500,,"2,200",500,,"2,200",500,,"2,200",500,,"2,600",600,,"2,700",500,,"2,800",600,,"2,700",500,,"2,600",500,,"2,800",600,,"2,700",600,,"2,800",600,,"2,800",600,,"2,600",600,,"2,600",600,,"2,600",600,,"2,500",600,,"2,500",600,,"2,400",600,,"2,400",600,,"2,400",700,,"2,300",700,,"2,300",600,,"2,200",600,,"2,200",500,,"2,300",600,,"2,300",600,,"2,200",500,,"2,200",500,,"2,000",500,,"2,000",500,,"2,000",400,,"2,000",400,,"2,000",500,,"1,800",500,,"1,800",500,,"1,800",500,,"1,700",500,,"1,900",500,,"1,900",500,,"1,900",500,,"2,000",700,,"1,800",600,,"1,800",700,,"1,600",600,,"1,500",500,,"1,500",500,,"1,700",500,,"1,900",500,,"1,900",500,,"2,100",500,,"2,100",500,,"2,200",500,,"2,200",500
Cherwell,E07000177,,"2,700",500,,"2,500",500,,"2,100",500,,"1,600",400,,"1,700",300,,"1,800",400,,"2,200",500,,"2,100",500,,"2,100",400,,"2,000",400,,"2,100",400,,"2,200",400,,"2,300",400,,"2,500",700,,"2,600",800,,"2,800",800,,"2,900",700,,"2,700",600,,"2,600",500,,"2,600",500,,"2,600",600,,"2,700",600,,"3,000",700,,"2,800",600,,"2,900",600,,"3,200",700,,"3,500",700,,"3,900",800,,"4,200",800,,"4,400",800,,"4,100",700,,"3,900",700,,"3,700",800,,"3,600",700,,"3,800",700,,"3,800",700,,"3,800",800,,"3,700",800,,"3,600",800,,"3,500",900,,"3,800",900,,"3,700",900,,"3,600",900,,"3,600","1,000",,"3,200",900,,"3,100",700,,"2,900",700,,"2,700",600,,"2,600",600,,"2,500",600,,"2,400",600,,"2,300",600,,"2,300",500,,"2,400",600,,"2,400",500,,"2,500",500,,"2,500",600,,"2,500",700,,"2,300",600,,"2,100",600,,"2,100",700,,"2,000",500,,"2,200",600,,"2,300",600,,"2,200",700,,"2,200",700,,"2,100",700,,"1,900",600,,"1,800",500,,"1,900",600,,"2,200",600,,"2,500",700,,"2,600",600,,"2,700",500,,"2,500",600,,"2,500",500,,"2,500",500
Oxford,E07000178,,"4,900",900,,"4,600",900,,"3,800",900,,"3,600",900,,"3,200",600,,"2,900",600,,"3,300",700,,"3,600",800,,"3,800",700,,"3,600",700,,"3,800",800,,"3,900",800,,"3,900",700,,"4,100","1,100",,"4,700","1,300",,"4,400","1,200",,"4,600","1,100",,"4,700","1,000",,"4,300",800,,"4,400",800,,"4,800","1,100",,"4,500","1,000",,"4,400","1,100",,"4,300","1,000",,"4,400","1,000",,"4,200",900,,"4,400",900,,"4,500",900,,"4,600",800,,"5,000",900,,"4,900",900,,"5,200","1,000",,"5,300","1,200",,"5,100","1,000",,"5,100","1,000",,"5,100","1,000",,"5,000","1,100",,"5,200","1,100",,"4,900","1,100",,"4,800","1,200",,"5,000","1,200",,"5,300","1,300",,"5,400","1,300",,"5,500","1,400",,"5,000","1,400",,"4,800","1,100",,"4,500","1,100",,"4,200","1,000",,"3,900",900,,"3,400",900,,"3,200",800,,"3,400",800,,"3,500",800,,"3,900",900,,"4,100",800,,"3,900",800,,"3,700",800,,"3,300",900,,"3,000",800,,"2,800",800,,"2,600",900,,"2,900",700,,"3,100",800,,"3,100",900,,"3,200","1,100",,"3,000","1,100",,"2,700","1,000",,"2,800",900,,"2,600",800,,"2,700",800,,"3,100",900,,"3,300",900,,"4,000","1,000",,"3,900",900,,"4,000","1,000",,"3,700",900,,"3,500",900
South Oxfordshire,E07000179,,"2,400",500,,"2,100",400,,"2,000",500,,"1,700",400,,"1,600",300,,"1,600",300,,"2,000",400,,"2,100",400,,"1,900",400,,"1,900",400,,"1,800",400,,"1,700",400,,"1,700",300,,"1,700",500,,"1,900",600,,"2,000",600,,"2,200",600,,"2,200",500,,"2,000",400,,"2,100",400,,"2,200",500,,"2,200",500,,"2,200",600,,"2,300",500,,"2,400",500,,"2,500",500,,"2,700",600,,"3,000",600,,"3,100",600,,"3,100",600,,"3,000",600,,"2,900",600,,"3,000",700,,"3,000",600,,"3,100",600,,"3,000",600,,"2,900",700,,"2,900",700,,"2,900",700,,"2,800",700,,"2,900",800,,"2,600",700,,"2,600",700,,"2,600",700,,"2,400",700,,"2,400",600,,"2,200",500,,"2,200",500,,"2,100",500,,"2,100",500,,"2,000",500,,"2,000",500,,"1,900",500,,"2,000",500,,"2,100",500,,"2,000",500,,"2,100",500,,"2,000",600,,"1,900",500,,"1,800",500,,"1,700",500,,"1,800",400,,"1,800",500,,"1,800",500,,"1,900",600,,"1,900",700,,"1,800",600,,"1,800",600,,"1,700",500,,"1,600",500,,"1,800",500,,"2,300",600,,"2,300",600,,"2,400",500,,"2,400",600,,"2,300",500,,"2,200",500
Vale of White Horse,E07000180,,"1,900",400,,"1,800",400,,"1,400",400,,"1,400",400,,"1,500",300,,"1,500",300,,"1,700",400,,"1,600",400,,"1,600",300,,"1,500",300,,"1,500",300,,"1,500",300,,"1,500",300,,"1,500",500,,"1,600",500,,"1,700",500,,"1,800",500,,"1,900",400,,"1,800",400,,"1,700",400,,"1,700",400,,"1,600",400,,"1,700",400,,"1,800",400,,"1,900",400,,"2,100",500,,"2,300",500,,"2,600",500,,"2,800",500,,"3,000",600,,"2,900",600,,"2,700",600,,"2,600",600,,"2,600",600,,"2,600",600,,"2,500",600,,"2,700",600,,"2,800",600,,"2,800",700,,"2,800",700,,"2,700",700,,"2,700",700,,"2,800",700,,"2,800",800,,"2,600",700,,"2,400",600,,"2,200",500,,"2,200",500,,"2,200",500,,"2,100",500,,"2,000",500,,"1,800",500,,"1,800",400,,"1,800",400,,"1,900",400,,"2,000",500,,"2,000",500,,"1,900",600,,"1,700",500,,"1,800",500,,"1,700",500,,"1,800",400,,"1,900",500,,"1,900",500,,"2,000",700,,"2,000",700,,"1,900",700,,"1,800",600,,"1,700",500,,"1,800",500,,"1,900",600,,"2,100",600,,"2,200",600,,"2,300",500,,"2,300",600,,"2,200",500,,"2,200",500
West Oxfordshire,E07000181,,"1,800",400,,"1,600",300,,"1,300",400,,"1,100",300,,900,200,,"1,000",200,,"1,400",300,,"1,200",300,,"1,200",300,,"1,200",300,,"1,200",300,,"1,300",300,,"1,200",200,,"1,300",400,,"1,500",500,,"1,500",500,,"1,600",500,,"1,600",400,,"1,500",300,,"1,400",300,,"1,500",400,,"1,500",400,,"1,500",400,,"1,600",400,,"1,700",400,,"1,800",400,,"2,000",500,,"2,200",500,,"2,300",500,,"2,300",500,,"2,200",500,,"2,200",500,,"2,100",500,,"2,200",500,,"2,300",500,,"2,200",500,,"2,200",500,,"2,200",500,,"2,200",600,,"2,200",600,,"2,300",600,,"2,200",600,,"2,300",600,,"2,400",700,,"2,300",700,,"2,100",600,,"2,000",500,,"1,900",500,,"1,900",500,,"1,800",500,,"1,800",500,,"1,600",400,,"1,600",400,,"1,600",400,,"1,600",400,,"1,700",400,,"1,600",400,,"1,300",400,,"1,400",400,,"1,400",400,,"1,300",400,,"1,400",400,,"1,500",400,,"1,500",400,,"1,600",500,,"1,400",500,,"1,300",500,,"1,300",400,,"1,200",400,,"1,400",400,,"1,600",500,,"2,000",600,,"2,000",500,,"2,000",500,,"1,800",500,,"1,700",400,,"1,800",500
Elmbridge,E07000207,,"2,500",500,,"2,000",400,,"1,700",400,,"1,600",400,,"1,400",300,,"1,500",300,,"1,900",400,,"2,000",500,,"1,900",400,,"1,900",400,,"1,900",400,,"1,900",400,,"1,800",400,,"1,900",600,,"2,200",700,,"2,300",700,,"2,400",600,,"2,200",500,,"1,900",400,,"1,800",400,,"1,800",400,,"1,700",400,,"1,700",400,,"1,800",400,,"1,900",400,,"2,000",400,,"2,400",500,,"2,600",500,,"2,900",500,,"3,100",500,,"3,000",500,,"2,800",600,,"2,800",600,,"2,700",600,,"2,900",600,,"3,000",600,,"2,900",600,,"2,800",600,,"2,800",600,,"2,600",700,,"2,700",700,,"2,700",700,,"2,600",600,,"2,700",700,,"2,500",700,,"2,400",600,,"2,200",500,,"2,200",500,,"2,200",500,,"2,100",500,,"2,100",500,,"2,100",500,,"2,000",400,,"2,100",500,,"2,100",400,,"2,000",400,,"2,100",500,,"1,900",600,,"1,900",500,,"1,900",500,,"1,900",600,,"1,800",400,,"1,800",500,,"1,700",500,,"1,600",500,,"1,600",600,,"1,600",600,,"1,600",500,,"1,500",500,,"1,500",500,,"1,800",600,,"2,200",700,,"2,500",700,,"2,700",600,,"2,600",600,,"2,300",500,,"2,200",500
Epsom and Ewell,E07000208,,"1,600",300,,"1,200",300,,"1,000",300,,900,200,,900,200,,900,200,,"1,200",300,,"1,000",300,,"1,100",200,,"1,000",200,,"1,000",200,,"1,000",200,,"1,100",200,,"1,100",400,,"1,300",400,,"1,300",400,,"1,300",400,,"1,300",300,,"1,200",300,,"1,200",300,,"1,200",300,,"1,200",300,,"1,300",300,,"1,300",300,,"1,300",300,,"1,400",300,,"1,500",300,,"1,700",300,,"1,800",400,,"1,900",400,,"1,900",400,,"1,800",400,,"1,800",400,,"1,700",400,,"1,700",400,,"1,600",400,,"1,600",400,,"1,600",400,,"1,500",400,,"1,600",500,,"1,600",500,,"1,700",500,,"1,900",500,,"2,000",600,,"1,900",600,,"1,700",500,,"1,400",400,,"1,300",400,,"1,200",300,,"1,200",300,,"1,300",300,,"1,200",300,,"1,200",300,,"1,200",300,,"1,100",300,,"1,200",300,,"1,300",300,,"1,200",400,,"1,300",300,,"1,300",400,,"1,300",400,,"1,300",300,,"1,300",300,,"1,300",400,,"1,300",400,,"1,100",400,,"1,000",400,,900,300,,900,300,,"1,000",300,,"1,100",400,,"1,200",300,,"1,300",400,,"1,300",300,,"1,400",400,,"1,300",300,,"1,300",300
Guildford,E07000209,,"2,400",500,,"2,200",500,,"1,900",500,,"1,900",500,,"1,700",300,,"1,800",400,,"2,400",500,,"2,200",500,,"2,200",500,,"2,200",500,,"2,100",500,,"2,200",500,,"2,200",400,,"2,400",700,,"2,500",800,,"2,600",800,,"2,700",700,,"2,600",600,,"2,500",500,,"2,500",500,,"2,400",600,,"2,400",500,,"2,400",600,,"2,500",600,,"2,400",600,,"2,600",600,,"2,700",600,,"3,100",600,,"3,400",600,,"3,500",700,,"3,600",700,,"3,600",700,,"3,500",800,,"3,500",700,,"3,600",700,,"3,600",700,,"3,700",700,,"3,700",800,,"3,500",800,,"3,500",800,,"3,600",900,,"3,800",900,,"4,000",900,,"4,000","1,000",,"3,600","1,000",,"3,100",700,,"2,900",700,,"2,700",600,,"2,600",600,,"2,700",700,,"2,600",600,,"2,500",600,,"2,400",600,,"2,300",500,,"2,400",500,,"2,600",600,,"2,700",600,,"2,600",800,,"2,200",600,,"2,000",600,,"1,900",600,,"2,000",500,,"2,100",600,,"2,200",600,,"2,100",700,,"2,100",700,,"1,800",700,,"1,700",600,,"1,600",500,,"1,500",500,,"1,900",600,,"2,500",700,,"2,500",700,,"2,600",600,,"2,500",600,,"2,300",500,,"2,300",500
Mole Valley,E07000210,,"1,400",300,,"1,100",200,,"1,000",300,,900,200,,800,200,,800,200,,"1,100",300,,"1,100",300,,"1,100",200,,"1,000",200,,"1,000",200,,"1,000",200,,"1,000",200,,"1,000",300,,"1,100",400,,"1,100",400,,"1,200",400,,"1,200",300,,"1,100",300,,"1,000",300,,"1,000",300,,"1,000",300,,"1,000",300,,"1,100",300,,"1,200",300,,"1,200",300,,"1,400",300,,"1,600",300,,"1,700",300,,"1,900",400,,"1,900",400,,"1,800",400,,"1,700",400,,"1,700",400,,"1,700",400,,"1,700",400,,"1,800",400,,"1,800",400,,"1,700",400,,"1,800",500,,"1,900",500,,"1,900",500,,"2,000",500,,"1,900",500,,"1,700",500,,"1,500",400,,"1,400",400,,"1,300",400,,"1,300",300,,"1,300",300,,"1,300",300,,"1,200",300,,"1,300",300,,"1,300",300,,"1,400",300,,"1,400",300,,"1,400",300,,"1,300",400,,"1,200",300,,"1,100",400,,"1,100",400,,"1,100",300,,"1,100",300,,"1,100",400,,"1,200",400,,"1,200",400,,"1,100",400,,"1,000",300,,900,300,,900,300,,"1,100",400,,"1,300",400,,"1,400",400,,"1,500",400,,"1,300",300,,"1,400",300,,"1,400",300
Reigate and Banstead,E07000211,,"2,500",500,,"2,200",500,,"1,800",500,,"1,700",400,,"1,400",300,,"1,400",300,,"1,900",400,,"1,800",400,,"1,800",400,,"1,800",400,,"1,800",400,,"1,800",400,,"1,900",400,,"1,900",600,,"2,000",600,,"2,200",600,,"2,300",600,,"2,300",500,,"2,100",400,,"2,100",400,,"2,100",500,,"2,000",500,,"2,200",500,,"2,300",500,,"2,500",600,,"2,600",600,,"2,800",600,,"3,200",600,,"3,500",600,,"4,000",700,,"3,900",700,,"3,800",700,,"3,600",800,,"3,300",700,,"3,100",700,,"3,000",700,,"3,200",700,,"3,300",800,,"3,500",800,,"3,500",900,,"3,600",900,,"3,600",900,,"3,700",900,,"3,600","1,000",,"3,200",900,,"3,100",800,,"3,000",700,,"3,000",700,,"3,000",700,,"2,900",700,,"2,900",700,,"2,600",600,,"2,600",600,,"2,500",600,,"2,400",500,,"2,400",500,,"2,400",500,,"2,300",700,,"2,300",600,,"2,200",600,,"2,100",600,,"2,300",500,,"2,300",600,,"2,300",700,,"2,200",700,,"2,100",700,,"2,100",700,,"2,000",600,,"1,800",500,,"1,800",500,,"1,900",600,,"2,400",700,,"2,700",700,,"2,700",600,,"2,800",700,,"2,400",500,,"2,300",500
Runnymede,E07000212,,"1,600",300,,"1,400",300,,"1,200",300,,"1,200",300,,900,200,,900,200,,"1,300",300,,"1,200",300,,"1,200",300,,"1,200",300,,"1,300",300,,"1,200",300,,"1,300",300,,"1,300",400,,"1,400",500,,"1,600",500,,"1,600",400,,"1,600",400,,"1,400",300,,"1,300",300,,"1,400",400,,"1,400",400,,"1,600",400,,"1,500",400,,"1,500",400,,"1,600",400,,"1,600",400,,"1,900",400,,"2,000",400,,"2,100",400,,"2,100",400,,"2,100",400,,"2,200",500,,"2,000",400,,"2,200",500,,"2,200",500,,"2,100",500,,"2,300",500,,"2,000",500,,"1,900",500,,"2,000",600,,"2,000",600,,"2,100",600,,"2,100",600,,"1,800",600,,"1,800",500,,"1,800",500,,"1,800",500,,"1,700",400,,"1,600",400,,"1,500",400,,"1,500",400,,"1,500",400,,"1,400",400,,"1,500",300,,"1,400",300,,"1,400",400,,"1,500",500,,"1,400",400,,"1,300",400,,"1,200",400,,"1,300",300,,"1,300",300,,"1,200",400,,"1,300",400,,"1,200",400,,"1,100",400,,"1,100",400,,"1,100",300,,"1,100",400,,"1,300",400,,"1,500",500,,"1,400",400,,"1,500",400,,"1,500",400,,"1,700",400,,"1,800",500
Spelthorne,E07000213,,"2,200",500,,"1,800",400,,"1,500",400,,"1,400",400,,"1,200",300,,"1,200",300,,"1,700",400,,"1,600",400,,"1,600",300,,"1,600",400,,"1,700",400,,"1,700",400,,"1,700",300,,"1,700",500,,"2,000",600,,"2,100",600,,"2,200",600,,"2,100",500,,"1,800",400,,"1,800",400,,"1,800",400,,"1,700",400,,"1,800",500,,"1,800",400,,"1,800",400,,"1,900",400,,"2,000",500,,"2,400",500,,"2,700",500,,"3,000",500,,"2,900",500,,"2,900",500,,"2,900",600,,"2,600",500,,"2,700",600,,"2,700",600,,"2,600",600,,"2,700",700,,"2,800",700,,"2,600",700,,"2,500",700,,"2,400",600,,"2,600",600,,"2,700",700,,"2,500",700,,"2,400",600,,"2,200",500,,"2,100",500,,"2,100",500,,"2,000",500,,"2,000",500,,"1,900",400,,"1,900",400,,"1,900",400,,"2,000",400,,"2,100",400,,"2,100",500,,"2,000",600,,"1,700",400,,"1,700",500,,"1,600",500,,"1,600",400,,"1,500",400,,"1,500",400,,"1,500",500,,"1,600",600,,"1,600",600,,"1,500",500,,"1,400",400,,"1,500",400,,"1,600",500,,"2,000",500,,"2,000",500,,"2,100",500,,"2,200",600,,"2,100",500,,"2,100",500
Surrey Heath,E07000214,,"1,400",300,,"1,200",300,,900,300,,900,300,,800,200,,900,200,,"1,300",300,,"1,200",300,,"1,200",300,,"1,100",300,,"1,100",200,,"1,100",200,,"1,100",200,,"1,100",300,,"1,200",400,,"1,300",400,,"1,500",400,,"1,500",400,,"1,300",300,,"1,300",300,,"1,400",300,,"1,300",300,,"1,300",400,,"1,300",300,,"1,300",300,,"1,400",300,,"1,700",400,,"1,800",400,,"2,000",400,,"2,200",400,,"2,100",400,,"2,100",400,,"2,100",500,,"2,100",500,,"2,100",500,,"2,100",500,,"2,200",500,,"2,100",500,,"2,100",500,,"2,000",600,,"2,100",600,,"2,200",600,,"2,300",600,,"2,300",700,,"2,200",600,,"2,100",500,,"1,900",500,,"1,800",400,,"1,700",400,,"1,500",400,,"1,500",400,,"1,500",400,,"1,400",300,,"1,400",400,,"1,400",300,,"1,400",300,,"1,400",300,,"1,400",400,,"1,200",300,,"1,200",400,,"1,000",300,,"1,100",300,,"1,100",300,,"1,200",400,,"1,200",400,,"1,200",400,,"1,200",400,,"1,000",400,,900,300,,"1,000",300,,"1,300",500,,"1,600",500,,"1,600",500,,"1,700",500,,"1,600",500,,"1,500",400,,"1,400",400
Tandridge,E07000215,,"1,500",300,,"1,300",300,,"1,000",300,,"1,100",300,,"1,000",200,,800,200,,"1,200",300,,"1,100",300,,"1,100",200,,"1,100",200,,"1,100",200,,"1,100",200,,"1,100",200,,"1,000",300,,"1,100",400,,"1,200",400,,"1,200",400,,"1,300",300,,"1,200",300,,"1,300",300,,"1,300",300,,"1,300",300,,"1,400",400,,"1,400",300,,"1,500",400,,"1,600",400,,"1,700",400,,"1,900",400,,"1,900",300,,"2,100",400,,"1,900",400,,"1,900",400,,"1,900",500,,"2,100",400,,"2,100",500,,"2,200",500,,"2,100",500,,"2,000",500,,"2,000",500,,"2,100",600,,"2,100",600,,"2,000",500,,"2,000",500,,"1,800",500,,"1,700",500,,"1,800",500,,"1,600",500,,"1,600",400,,"1,600",400,,"1,600",500,,"1,500",400,,"1,400",400,,"1,300",300,,"1,400",300,,"1,400",300,,"1,400",400,,"1,400",400,,"1,300",400,,"1,200",300,,"1,200",400,,"1,100",400,,"1,200",300,,"1,200",300,,"1,200",400,,"1,200",400,,"1,100",400,,"1,000",400,,"1,100",400,,"1,100",300,,"1,100",400,,"1,400",500,,"1,500",500,,"1,500",500,,"1,600",500,,"1,600",500,,"1,500",400,,"1,400",400
Waverley,E07000216,,"2,000",400,,"1,900",400,,"1,500",400,,"1,400",400,,"1,300",300,,"1,300",300,,"1,900",400,,"1,600",400,,"1,500",300,,"1,500",300,,"1,600",300,,"1,600",300,,"1,600",300,,"1,600",500,,"1,800",500,,"1,700",500,,"1,900",500,,"1,900",400,,"1,700",300,,"1,800",400,,"1,800",400,,"1,700",400,,"1,600",400,,"1,700",400,,"1,800",400,,"1,900",400,,"2,100",500,,"2,300",500,,"2,400",400,,"2,700",500,,"2,600",500,,"2,500",500,,"2,500",600,,"2,400",500,,"2,500",600,,"2,600",600,,"2,500",600,,"2,700",600,,"2,600",600,,"2,700",700,,"2,700",700,,"2,600",700,,"2,700",700,,"2,700",700,,"2,500",700,,"2,400",600,,"2,300",600,,"2,200",500,,"2,100",500,,"2,100",500,,"1,900",500,,"1,800",400,,"1,800",400,,"1,800",400,,"1,800",400,,"1,700",400,,"1,600",400,,"1,500",400,,"1,500",400,,"1,500",400,,"1,400",400,,"1,500",400,,"1,400",400,,"1,400",400,,"1,400",500,,"1,400",500,,"1,300",500,,"1,200",400,,"1,100",400,,"1,300",400,,"1,600",500,,"2,000",500,,"2,100",500,,"2,000",400,,"2,000",500,,"1,800",400,,"1,900",500
Woking,E07000217,,"1,700",400,,"1,500",300,,"1,100",300,,"1,000",300,,"1,000",200,,"1,100",300,,"1,500",400,,"1,600",400,,"1,500",300,,"1,700",400,,"1,700",300,,"1,600",300,,"1,600",300,,"1,400",400,,"1,500",500,,"1,500",500,,"1,700",500,,"1,800",400,,"1,800",400,,"1,800",400,,"1,700",400,,"1,600",400,,"1,600",400,,"1,700",400,,"1,800",400,,"2,000",400,,"2,200",500,,"2,500",500,,"2,700",500,,"2,800",500,,"2,700",500,,"2,600",500,,"2,600",600,,"2,600",600,,"2,600",600,,"2,600",600,,"2,700",600,,"2,400",600,,"2,400",600,,"2,300",600,,"2,300",600,,"2,500",700,,"2,500",700,,"2,400",700,,"2,200",700,,"2,300",600,,"2,100",500,,"2,100",500,,"2,100",500,,"1,900",500,,"1,800",400,,"1,800",400,,"1,500",400,,"1,400",300,,"1,400",300,,"1,300",300,,"1,300",300,,"1,300",400,,"1,300",300,,"1,300",400,,"1,300",400,,"1,300",300,,"1,400",400,,"1,400",400,,"1,400",500,,"1,400",500,,"1,300",500,,"1,300",400,,"1,200",400,,"1,300",400,,"1,500",500,,"1,800",500,,"2,000",500,,"2,100",500,,"2,200",600,,"2,000",400,,"1,800",400
Adur,E07000223,,"1,400",300,,"1,300",300,,"1,100",300,,"1,100",300,,"1,000",200,,"1,000",200,,"1,200",300,,900,200,,"1,000",200,,"1,000",200,,"1,000",200,,"1,000",200,,"1,100",200,,"1,100",300,,"1,200",400,,"1,300",400,,"1,400",400,,"1,300",300,,"1,200",300,,"1,200",300,,"1,100",300,,"1,100",300,,"1,200",300,,"1,300",400,,"1,500",400,,"1,600",400,,"1,700",400,,"2,000",400,,"2,100",400,,"2,200",400,,"2,100",400,,"2,000",400,,"2,100",500,,"2,000",500,,"2,100",500,,"2,100",500,,"2,100",500,,"2,100",500,,"1,900",600,,"1,900",600,,"2,000",600,,"2,100",600,,"2,100",600,,"2,100",700,,"1,900",600,,"1,900",500,,"1,700",500,,"1,600",400,,"1,600",400,,"1,600",400,,"1,500",400,,"1,300",400,,"1,400",400,,"1,300",400,,"1,400",300,,"1,600",400,,"1,400",400,,"1,300",400,,"1,200",300,,"1,100",300,,"1,100",400,,"1,100",300,,"1,100",300,,"1,100",400,,"1,000",400,,"1,000",400,,"1,000",500,,"1,100",400,,"1,100",400,,"1,100",400,,"1,100",400,,"1,300",400,,"1,300",300,,"1,500",400,,"1,500",400,,"1,400",400,,"1,300",300
Arun,E07000224,,"3,400",700,,"2,600",600,,"2,500",600,,"2,500",600,,"2,100",400,,"1,800",400,,"2,400",500,,"2,300",500,,"2,200",500,,"2,100",500,,"2,200",500,,"2,300",500,,"2,400",500,,"2,500",700,,"2,800",800,,"2,900",800,,"3,000",700,,"3,000",700,,"2,800",500,,"3,000",600,,"2,900",600,,"2,900",600,,"3,000",700,,"2,900",700,,"3,200",700,,"3,300",700,,"3,600",800,,"4,100",800,,"4,100",800,,"4,400",800,,"4,400",800,,"4,300",800,,"4,700","1,000",,"4,500",900,,"4,300",900,,"4,300",900,,"4,400","1,000",,"4,300","1,000",,"4,000","1,000",,"3,700",900,,"3,600",900,,"3,700",900,,"3,800",900,,"4,000","1,100",,"3,500","1,000",,"3,600",900,,"3,600",900,,"3,400",800,,"3,400",800,,"3,200",800,,"3,100",800,,"2,900",700,,"2,800",700,,"3,100",700,,"3,300",700,,"3,400",700,,"3,300",700,,"2,900",800,,"2,600",700,,"2,400",700,,"2,400",800,,"2,500",600,,"2,400",700,,"2,300",700,,"2,100",800,,"2,100",900,,"2,200",900,,"2,300",800,,"2,300",700,,"2,400",700,,"2,600",800,,"2,900",800,,"3,000",700,,"3,300",700,,"3,100",700,,"2,700",600,,"2,900",700
Chichester,E07000225,,"2,400",500,,"2,000",500,,"1,800",500,,"1,600",400,,"1,600",300,,"1,300",300,,"1,600",400,,"1,700",400,,"1,600",300,,"1,600",400,,"1,800",400,,"1,700",400,,"1,700",400,,"1,800",500,,"2,100",600,,"2,300",600,,"2,300",600,,"2,200",500,,"2,000",400,,"2,000",400,,"2,100",500,,"2,100",500,,"2,200",600,,"2,200",500,,"2,200",500,,"2,100",500,,"2,200",500,,"2,400",500,,"2,400",500,,"2,700",500,,"2,600",500,,"2,500",500,,"2,500",600,,"2,500",500,,"2,700",600,,"2,800",600,,"2,900",600,,"2,800",600,,"2,700",600,,"2,700",700,,"2,700",700,,"2,900",700,,"2,900",800,,"3,100",900,,"3,000",800,,"2,700",700,,"2,500",600,,"2,400",600,,"2,400",600,,"2,200",600,,"2,000",500,,"1,800",500,,"1,700",400,,"1,700",400,,"1,800",400,,"1,900",500,,"2,000",500,,"1,800",600,,"1,800",500,,"1,700",500,,"1,500",500,,"1,700",400,,"1,600",500,,"1,500",500,,"1,600",600,,"1,700",700,,"1,700",700,,"1,700",600,,"1,600",500,,"1,700",500,,"1,800",600,,"2,100",600,,"2,200",600,,"2,200",500,,"2,200",600,,"2,100",500,,"2,000",500
Crawley,E07000226,,"2,800",600,,"2,300",500,,"2,000",500,,"1,900",500,,"1,600",300,,"1,700",400,,"2,200",500,,"1,900",400,,"2,100",400,,"2,100",500,,"2,200",500,,"2,300",500,,"2,300",400,,"2,300",700,,"2,400",700,,"2,500",700,,"2,400",600,,"2,300",500,,"2,300",400,,"2,200",400,,"2,200",500,,"2,200",500,,"2,400",600,,"2,500",600,,"2,700",600,,"3,000",700,,"3,300",700,,"3,800",700,,"4,300",800,,"4,400",800,,"4,400",800,,"4,400",900,,"4,400","1,000",,"4,100",800,,"4,000",800,,"4,000",800,,"3,900",800,,"3,900",800,,"4,000",900,,"3,900",900,,"4,000","1,000",,"4,400","1,000",,"4,600","1,000",,"4,400","1,100",,"4,300","1,100",,"3,700",800,,"3,200",700,,"3,100",700,,"3,200",700,,"3,400",800,,"3,300",700,,"3,200",700,,"3,000",700,,"2,800",600,,"2,900",600,,"2,900",600,,"2,700",600,,"2,700",800,,"2,400",600,,"2,100",600,,"2,100",700,,"2,100",500,,"2,100",600,,"2,200",600,,"2,200",700,,"2,100",800,,"2,000",700,,"2,200",700,,"2,200",700,,"2,400",700,,"2,700",800,,"2,700",700,,"3,000",800,,"3,100",800,,"3,100",800,,"3,000",700,,"2,700",700
Horsham,E07000227,,"2,100",400,,"1,900",400,,"1,600",400,,"1,600",400,,"1,500",300,,"1,600",300,,"2,100",400,,"2,000",400,,"1,900",400,,"1,700",400,,"1,800",400,,"1,800",400,,"1,900",400,,"2,100",600,,"2,200",700,,"2,300",600,,"2,500",600,,"2,400",500,,"2,200",400,,"2,100",400,,"2,100",500,,"2,000",500,,"2,100",500,,"2,200",500,,"2,300",500,,"2,500",500,,"2,700",600,,"3,000",600,,"3,200",600,,"3,500",600,,"3,400",600,,"3,400",600,,"3,400",700,,"3,100",600,,"3,300",700,,"3,200",600,,"3,200",600,,"3,200",700,,"3,000",700,,"3,000",700,,"3,100",700,,"3,100",700,,"3,100",700,,"3,100",800,,"2,900",800,,"2,900",700,,"2,700",600,,"2,600",600,,"2,400",500,,"2,400",600,,"2,400",600,,"2,200",500,,"2,100",500,,"2,100",500,,"2,000",400,,"2,100",400,,"2,200",500,,"2,100",600,,"2,000",500,,"1,900",600,,"1,900",600,,"2,000",500,,"2,000",500,,"2,100",600,,"2,000",600,,"2,000",700,,"1,900",700,,"1,800",600,,"1,600",500,,"1,600",500,,"1,900",600,,"2,200",600,,"2,300",600,,"2,400",600,,"2,400",600,,"2,300",500,,"2,400",600
Mid Sussex,E07000228,,"2,400",500,,"2,000",400,,"1,700",400,,"1,800",500,,"1,500",300,,"1,600",300,,"2,000",400,,"1,700",400,,"1,800",400,,"1,800",400,,"1,800",400,,"1,900",400,,"1,900",400,,"1,900",600,,"2,300",700,,"2,300",700,,"2,300",600,,"2,300",500,,"2,100",400,,"2,100",400,,"2,100",500,,"2,000",500,,"2,100",500,,"2,200",500,,"2,300",500,,"2,500",500,,"2,700",600,,"3,100",600,,"3,300",600,,"3,400",600,,"3,400",600,,"3,200",600,,"3,000",700,,"3,000",600,,"2,900",600,,"2,800",600,,"2,800",600,,"2,800",600,,"2,800",600,,"2,700",700,,"2,600",700,,"2,500",600,,"2,600",600,,"2,600",700,,"2,300",700,,"2,400",600,,"2,200",500,,"2,100",500,,"2,200",500,,"2,200",500,,"2,100",500,,"2,000",500,,"2,000",400,,"1,900",400,,"2,000",400,,"2,000",400,,"2,000",500,,"1,900",500,,"1,700",400,,"1,700",500,,"1,400",500,,"1,600",400,,"1,500",400,,"1,600",500,,"1,700",600,,"1,700",600,,"1,700",600,,"1,600",500,,"1,600",500,,"1,500",500,,"1,800",600,,"2,300",700,,"2,200",600,,"2,300",500,,"2,300",600,,"2,200",500,,"2,100",500
Worthing,E07000229,,"2,500",600,,"2,200",500,,"1,800",500,,"1,800",500,,"1,600",300,,"1,300",300,,"1,800",400,,"1,600",400,,"1,700",400,,"1,600",400,,"1,700",400,,"1,700",400,,"1,800",400,,"2,100",600,,"2,400",700,,"2,300",700,,"2,300",600,,"2,200",500,,"2,100",400,,"2,100",400,,"2,300",500,,"2,200",500,,"2,300",600,,"2,400",600,,"2,500",600,,"2,600",600,,"2,900",700,,"3,300",700,,"3,400",700,,"3,700",700,,"3,600",700,,"3,500",700,,"3,400",800,,"3,400",700,,"3,500",700,,"3,500",700,,"3,400",700,,"3,400",800,,"3,300",800,,"3,300",800,,"3,600",900,,"3,600",900,,"3,500",900,,"3,200",900,,"3,100",900,,"2,900",700,,"2,600",700,,"2,700",700,,"2,500",600,,"2,300",600,,"2,200",600,,"2,200",600,,"2,300",500,,"2,400",600,,"2,500",500,,"2,200",500,,"2,200",500,,"2,100",600,,"2,000",500,,"2,000",600,,"1,800",600,,"2,100",500,,"2,200",600,,"2,100",600,,"2,100",700,,"2,000",700,,"1,900",700,,"1,900",600,,"1,800",600,,"1,900",600,,"2,100",600,,"2,400",700,,"2,500",700,,"2,300",600,,"2,400",600,,"2,300",600,,"2,400",600
Bath and North East Somerset,E06000022,,"5,400","1,000",,"4,400",900,,"3,500",800,,"3,100",800,,"3,000",500,,"2,900",500,,"2,800",500,,"2,800",500,,"2,700",500,,"2,800",600,,"2,600",500,,"2,600",500,,"2,500",500,,"2,600",700,,"2,700",700,,"3,100",800,,"3,100",700,,"3,200",700,,"3,100",500,,"3,000",500,,"3,300",700,,"3,000",600,,"3,100",700,,"3,400",700,,"3,300",700,,"3,800",700,,"4,300",800,,"4,700",800,,"5,100",800,,"5,100",800,,"5,200",800,,"4,900",800,,"5,100",900,,"4,900",900,,"4,800",900,,"4,900",900,,"4,800",900,,"5,200","1,000",,"5,500","1,000",,"5,500","1,100",,"5,300","1,100",,"5,300","1,100",,"4,900","1,000",,"5,100","1,000",,"4,600","1,000",,"4,400",800,,"4,600",800,,"4,700",800,,"4,700",800,,"4,400",800,,"4,000",800,,"4,000",700,,"3,900",700,,"3,900",700,,"4,100",700,,"4,000",700,,"4,100",800,,"3,900",900,,"3,800",800,,"3,600",800,,"3,200",800,,"3,700",800,,"3,600",800,,"3,200",800,,"3,100",800,,"2,700",800,,"3,000",800,,"3,400",900,,"3,400",800,,"3,500",900,,"3,300",900,,"3,600",900,,"3,600",800,,"3,700",800,,"3,600",800,,"3,400",700,,"3,000",700
"Bournemouth, Christchurch and Poole",E06000058,,"6,300","1,200",,"4,900","1,000",,"4,200","1,000",,"4,900","1,100",,"4,100",700,,"3,900",600,,"3,600",600,,"3,000",600,,"3,300",600,,"3,500",700,,"3,500",600,,"3,500",600,,"3,500",600,,"3,400",800,,"3,500",800,,"3,500",800,,"3,600",800,,"3,900",800,,"3,800",700,,"3,700",700,,"3,700",700,,"3,700",800,,"4,000",900,,"4,200",900,,"4,400",900,,"4,900",900,,"5,700","1,000",,"6,300","1,000",,"6,900","1,000",,"6,900","1,000",,"6,800","1,000",,"6,600","1,000",,"6,500","1,100",,"6,800","1,000",,"6,700","1,000",,"6,900","1,100",,"6,500","1,100",,"11,400",:,,"11,500",:,,"11,000",:,,"10,700",:,,"10,700",:,,"10,100",:,,"10,400",:,,"10,400",:,,"10,300",:,,"10,900",:,,"11,100",:,,"10,500",:,,"9,500",:,,"8,400",:,,"8,200",:,,"8,000",:,,"8,400",:,,"8,900",:,,"8,600",:,,"8,400",:,,"7,800",:,,"7,500",:,,"7,000",:,,"6,900",:,,"7,100",:,,"7,100",:,,"6,500",:,,"6,800",:,,"6,500",:,,"6,500",:,,"6,800",:,,"6,400",:,,"6,800",:,,"6,900",:,,"8,000",:,,"9,100",:,,"9,100",:,,"9,300",:,,"8,700",:,,"7,800",:
"Bristol, City of",E06000023,,"16,400","2,700",,"14,300","2,500",,"12,200","2,400",,"12,000","2,400",,"10,600","1,700",,"9,300","1,600",,"9,200","1,700",,"8,700","1,600",,"10,700","1,900",,"10,900","2,000",,"10,700","2,000",,"10,200","1,900",,"10,100","1,800",,"9,900","2,200",,"11,200","2,500",,"10,400","2,400",,"10,100","2,200",,"10,600","2,100",,"10,800","1,800",,"11,000","1,900",,"11,200","2,100",,"10,900","2,100",,"9,900","2,100",,"10,300","2,100",,"11,000","2,200",,"11,800","2,200",,"14,500","2,500",,"16,500","2,600",,"17,600","2,500",,"17,900","2,500",,"17,800","2,500",,"16,600","2,500",,"16,600","2,800",,"17,500","2,700",,"17,600","2,800",,"18,800","3,000",,"18,200","3,000",,"18,700","3,200",,"17,500","3,100",,"16,200","3,100",,"16,900","3,300",,"17,700","3,400",,"18,600","3,500",,"19,000","3,700",,"18,300","3,600",,"17,200","3,100",,"19,000","3,100",,"18,400","3,000",,"17,100","2,800",,"16,600","3,000",,"13,700","2,600",,"13,300","2,500",,"13,300","2,400",,"13,500","2,400",,"13,200","2,100",,"12,700","2,200",,"12,600","2,400",,"12,000","2,700",,"12,000","2,500",,"11,500","2,600",,"10,700","2,600",,"10,200","2,100",,"9,300","2,000",,"8,900","2,100",,"9,900","2,500",,"9,900","2,600",,"10,200","2,600",,"11,100","2,600",,"10,100","2,400",,"10,600","2,500",,"10,800","2,700",,"11,100","2,600",,"12,500","2,700",,"12,400","2,500",,"12,300","2,700",,"11,900","2,500",,"10,500","2,400"
Cornwall,E06000052,,:,:,,:,:,,:,:,,:,:,,:,:,,:,:,,:,:,,:,:,,"9,600",:,,"10,000",:,,"10,000",:,,"9,500",:,,"9,500",:,,"9,300",:,,"10,100",:,,"10,500",:,,"10,100",:,,"10,200",:,,"10,000",:,,"10,500",:,,"10,900",:,,"10,300",:,,"10,500",:,,"10,100",:,,"11,000",:,,"12,100",:,,"13,400",:,,"14,300",:,,"14,300",:,,"14,500",:,,"15,100",:,,"15,300",:,,"16,800",:,,"17,100",:,,"16,800",:,,"16,600",:,,"16,600",:,,"16,600",:,,"16,300",:,,"15,900",:,,"14,900",:,,"16,000",:,,"15,200",:,,"15,700",:,,"15,600",:,,"14,100",:,,"14,800",:,,"14,200",:,,"14,100",:,,"13,200",:,,"11,400",:,,"11,100",:,,"10,600",:,,"11,500",:,,"11,700",:,,"12,000",:,,"11,400",:,,"10,400",:,,"9,800",:,,"9,100",:,,"8,500",:,,"8,600",:,,"8,300",:,,"7,300",:,,"7,700",:,,"7,500",:,,"8,200",:,,"9,000",:,,"8,300",:,,"8,500",:,,"8,800",:,,"9,600",:,,"11,000",:,,"11,500",:,,"10,700",:,,"10,300",:,,"9,200",:
Dorset,E06000059,,:,:,,:,:,,:,:,,:,:,,:,:,,:,:,,:,:,,:,:,,:,:,,:,:,,:,:,,:,:,,:,:,,:,:,,:,:,,:,:,,:,:,,:,:,,:,:,,:,:,,:,:,,:,:,,:,:,,:,:,,:,:,,:,:,,:,:,,:,:,,:,:,,:,:,,:,:,,:,:,,:,:,,:,:,,:,:,,:,:,,:,:,,"8,200",:,,"7,800",:,,"7,500",:,,"7,200",:,,"7,300",:,,"6,800",:,,"7,400",:,,"7,400",:,,"6,700",:,,"7,100",:,,"6,800",:,,"6,500",:,,"6,300",:,,"5,700",:,,"5,300",:,,"5,200",:,,"5,700",:,,"5,700",:,,"5,900",:,,"5,900",:,,"5,400",:,,"5,100",:,,"4,800",:,,"4,400",:,,"4,500",:,,"4,500",:,,"4,200",:,,"4,400",:,,"4,300",:,,"4,400",:,,"4,700",:,,"4,400",:,,"4,500",:,,"4,800",:,,"5,400",:,,"6,200",:,,"6,200",:,,"5,900",:,,"5,800",:,,"5,200",:
North Somerset,E06000024,,"5,000","1,000",,"3,900",800,,"3,400",800,,"3,400",800,,"3,100",500,,"3,000",500,,"2,800",500,,"2,800",600,,"2,700",500,,"2,800",600,,"2,800",600,,"2,800",600,,"2,800",500,,"2,500",600,,"2,300",600,,"2,500",600,,"2,600",600,,"3,000",600,,"3,100",500,,"3,000",600,,"3,000",600,,"3,100",700,,"3,100",700,,"3,400",700,,"3,800",800,,"4,100",800,,"5,000",900,,"5,300",900,,"5,900",900,,"6,100",900,,"6,100",900,,"5,900",900,,"5,600","1,000",,"5,500",900,,"5,800","1,000",,"5,900","1,000",,"6,000","1,100",,"6,500","1,200",,"6,300","1,200",,"6,200","1,200",,"6,200","1,300",,"6,100","1,300",,"6,100","1,300",,"5,900","1,300",,"5,600","1,200",,"5,300","1,000",,"5,300","1,000",,"5,300","1,000",,"5,000",900,,"4,800",900,,"4,200",900,,"4,000",800,,"4,000",800,,"3,900",800,,"3,900",700,,"4,000",700,,"3,800",800,,"3,400",800,,"3,400",800,,"3,200",800,,"3,100",800,,"3,300",700,,"3,200",700,,"3,000",700,,"3,000",800,,"3,000",800,,"3,300",900,,"3,500",900,,"3,400",800,,"3,400",900,,"3,300",900,,"3,700",900,,"4,100",900,,"4,000",800,,"3,800",800,,"3,700",700,,"3,300",700
Plymouth,E06000026,,"11,400","2,000",,"10,100","1,900",,"8,200","1,700",,"8,600","1,800",,"6,600","1,000",,"6,400","1,100",,"7,000","1,200",,"5,800","1,000",,"5,700","1,000",,"5,900","1,100",,"6,000","1,100",,"5,900","1,100",,"6,300","1,100",,"6,400","1,400",,"7,200","1,500",,"7,700","1,600",,"7,300","1,500",,"7,700","1,500",,"7,400","1,200",,"7,400","1,300",,"7,900","1,400",,"7,300","1,400",,"7,200","1,500",,"7,000","1,400",,"7,200","1,400",,"7,700","1,400",,"8,900","1,600",,"9,600","1,600",,"10,300","1,500",,"10,400","1,500",,"10,000","1,500",,"9,600","1,500",,"9,200","1,600",,"9,600","1,500",,"9,400","1,600",,"10,300","1,700",,"10,000","1,700",,"10,500","1,800",,"11,200","1,800",,"10,700","1,900",,"11,600","2,000",,"11,500","2,000",,"11,400","2,000",,"12,600","2,200",,"11,900","2,100",,"10,200","1,700",,"10,500","1,700",,"9,800","1,600",,"9,400","1,500",,"9,500","1,600",,"8,500","1,500",,"7,800","1,400",,"8,000","1,300",,"8,100","1,300",,"8,100","1,200",,"8,000","1,300",,"7,500","1,300",,"7,000","1,500",,"7,000","1,400",,"7,000","1,500",,"6,400","1,500",,"6,000","1,200",,"6,000","1,300",,"5,300","1,300",,"6,100","1,500",,"6,100","1,600",,"5,800","1,500",,"6,000","1,500",,"5,600","1,400",,"6,300","1,500",,"6,300","1,600",,"6,700","1,600",,"7,000","1,500",,"6,500","1,300",,"6,300","1,400",,"5,700","1,200",,"5,100","1,200"
South Gloucestershire,E06000025,,"5,400","1,100",,"4,700","1,000",,"3,800",900,,"4,400","1,000",,"3,800",700,,"3,600",700,,"3,900",800,,"3,500",700,,"3,300",700,,"3,600",800,,"3,600",700,,"3,600",700,,"3,700",700,,"3,800","1,000",,"4,400","1,100",,"4,500","1,100",,"4,500","1,100",,"4,500",900,,"4,200",700,,"4,100",700,,"4,200",800,,"3,900",800,,"4,000",900,,"4,300",900,,"4,500",900,,"5,100","1,000",,"6,300","1,100",,"6,900","1,100",,"7,500","1,100",,"7,600","1,100",,"7,200","1,100",,"6,900","1,100",,"6,600","1,200",,"6,600","1,200",,"6,900","1,200",,"7,200","1,300",,"7,400","1,300",,"8,100","1,500",,"8,300","1,600",,"8,600","1,700",,"8,500","1,700",,"8,300","1,700",,"7,900","1,600",,"7,800","1,700",,"7,800","1,700",,"7,100","1,400",,"7,500","1,400",,"6,900","1,300",,"6,500","1,200",,"6,600","1,300",,"5,800","1,200",,"5,400","1,100",,"5,200","1,000",,"4,900","1,000",,"5,000",900,,"5,200",900,,"5,200","1,000",,"4,900","1,200",,"5,000","1,100",,"5,100","1,200",,"5,200","1,300",,"4,800","1,000",,"4,600","1,100",,"4,200","1,000",,"4,600","1,200",,"4,600","1,300",,"4,600","1,200",,"4,600","1,200",,"3,900","1,000",,"4,100","1,100",,"4,000","1,200",,"4,800","1,200",,"5,300","1,200",,"5,100","1,100",,"5,100","1,100",,"4,800","1,000",,"4,000",900
Swindon,E06000030,,"4,700",900,,"4,300",900,,"4,000",900,,"4,000",900,,"3,500",600,,"3,500",600,,"3,700",700,,"4,000",800,,"3,900",800,,"4,000",800,,"3,900",800,,"4,100",800,,"4,200",800,,"4,300","1,000",,"4,600","1,100",,"4,600","1,100",,"4,300","1,000",,"4,200",800,,"4,200",700,,"4,000",700,,"4,100",800,,"4,200",900,,"4,400",900,,"4,700",900,,"5,400","1,000",,"6,400","1,100",,"7,800","1,300",,"9,200","1,400",,"9,800","1,400",,"9,500","1,300",,"8,900","1,300",,"8,100","1,200",,"7,900","1,400",,"7,700","1,300",,"7,600","1,300",,"7,500","1,300",,"7,500","1,300",,"7,600","1,300",,"8,100","1,400",,"7,900","1,500",,"8,100","1,500",,"8,300","1,600",,"8,200","1,500",,"8,200","1,600",,"7,600","1,500",,"6,800","1,300",,"6,600","1,200",,"6,500","1,100",,"6,400","1,100",,"6,500","1,100",,"6,000","1,100",,"5,700","1,000",,"5,200",900,,"4,900",900,,"4,800",800,,"5,000",800,,"4,800",900,,"4,900","1,100",,"4,700","1,000",,"5,000","1,100",,"5,100","1,200",,"4,800","1,000",,"5,000","1,000",,"4,300","1,000",,"4,500","1,100",,"4,300","1,100",,"4,300","1,100",,"4,300","1,000",,"4,200","1,000",,"4,100","1,000",,"3,900","1,000",,"4,000","1,000",,"4,500","1,000",,"4,700",900,,"4,500","1,000",,"4,700",900,,"4,200",900
Torbay,E06000027,,"5,200","1,100",,"3,900",900,,"4,000","1,000",,"3,500",900,,"3,100",500,,"3,200",500,,"3,200",600,,"2,800",500,,"2,400",400,,"2,600",500,,"2,600",500,,"2,600",500,,"2,700",500,,"2,700",600,,"3,200",700,,"3,400",700,,"3,300",700,,"3,100",600,,"3,000",500,,"3,100",500,,"3,200",600,,"3,100",600,,"3,300",700,,"3,300",600,,"3,700",700,,"3,900",700,,"4,400",800,,"4,800",800,,"4,900",700,,"5,000",700,,"5,100",700,,"5,100",800,,"5,700",900,,"5,800",900,,"5,400",800,,"5,500",900,,"5,400",900,,"5,300",900,,"5,300",900,,"4,800",900,,"4,600",900,,"4,700",900,,"4,400",800,,"4,600",900,,"4,200",800,,"4,100",700,,"4,500",800,,"4,300",700,,"4,400",700,,"4,200",800,,"3,700",700,,"3,600",700,,"3,100",600,,"3,300",600,,"3,200",500,,"3,400",600,,"3,400",600,,"3,200",700,,"2,900",600,,"2,600",600,,"2,400",600,,"2,300",500,,"2,300",500,,"2,000",500,,"2,300",600,,"2,200",600,,"2,300",600,,"2,700",700,,"2,400",600,,"2,600",700,,"2,700",700,,"2,800",700,,"3,000",700,,"3,000",600,,"2,700",600,,"2,700",500,,"2,300",500
Wiltshire,E06000054,,:,:,,:,:,,:,:,,:,:,,:,:,,:,:,,:,:,,:,:,,"5,500",:,,"5,900",:,,"5,900",:,,"5,900",:,,"5,900",:,,"5,600",:,,"6,300",:,,"6,900",:,,"6,900",:,,"7,200",:,,"6,900",:,,"6,900",:,,"7,300",:,,"7,200",:,,"7,500",:,,"7,900",:,,"8,700",:,,"9,900",:,,"11,500",:,,"12,800",:,,"13,700",:,,"13,500",:,,"13,300",:,,"12,600",:,,"12,100",:,,"11,900",:,,"11,800",:,,"11,900",:,,"11,900",:,,"12,500",:,,"12,900",:,,"12,400",:,,"12,200",:,,"12,500",:,,"11,700",:,,"12,700",:,,"12,900",:,,"11,400",:,,"11,500",:,,"10,800",:,,"10,100",:,,"9,800",:,,"8,900",:,,"8,400",:,,"8,300",:,,"8,300",:,,"8,400",:,,"8,700",:,,"8,600",:,,"8,400",:,,"8,100",:,,"7,700",:,,"7,200",:,,"7,300",:,,"7,300",:,,"6,700",:,,"7,400",:,,"7,000",:,,"7,000",:,,"7,300",:,,"6,700",:,,"6,800",:,,"6,700",:,,"7,500",:,,"8,000",:,,"8,200",:,,"8,000",:,,"7,800",:,,"7,000",:
East Devon,E07000040,,"2,800",600,,"2,200",500,,"1,800",500,,"2,400",600,,"1,900",400,,"1,600",400,,"1,600",400,,"1,600",400,,"1,500",300,,"1,600",400,,"1,600",400,,"1,600",300,,"1,600",300,,"1,600",500,,"1,800",600,,"1,900",600,,"1,800",500,,"1,800",500,,"1,700",400,,"1,800",400,,"2,000",500,,"1,900",500,,"1,900",500,,"1,800",500,,"1,900",500,,"2,000",500,,"2,400",600,,"2,400",600,,"2,400",500,,"2,500",500,,"2,500",500,,"2,500",500,,"2,800",700,,"3,000",700,,"3,100",700,,"3,100",700,,"3,200",700,,"3,100",700,,"2,900",700,,"2,700",700,,"2,300",700,,"2,300",700,,"2,100",600,,"2,200",700,,"2,200",700,,"1,900",500,,"2,100",500,,"2,100",500,,"2,200",500,,"2,100",600,,"1,700",500,,"1,700",500,,"1,700",500,,"2,000",500,,"2,200",500,,"2,300",500,,"2,200",500,,"2,000",600,,"1,900",500,,"1,600",500,,"1,500",500,,"1,600",400,,"1,500",400,,"1,300",400,,"1,300",500,,"1,300",500,,"1,400",500,,"1,500",500,,"1,400",500,,"1,500",500,,"1,700",600,,"2,100",600,,"2,300",600,,"2,300",500,,"2,100",500,,"2,000",500,,"1,800",500
Exeter,E07000041,,"3,700",800,,"3,400",800,,"2,900",700,,"3,500",800,,"2,700",600,,"2,500",500,,"2,400",600,,"2,200",500,,"2,600",500,,"2,500",500,,"2,500",500,,"2,500",500,,"2,400",500,,"2,500",700,,"2,800",800,,"2,700",800,,"2,700",700,,"2,800",700,,"2,900",600,,"2,900",600,,"3,100",700,,"2,900",700,,"2,700",700,,"2,900",700,,"3,000",800,,"3,100",800,,"3,800",900,,"4,100",800,,"4,100",800,,"4,200",800,,"4,000",800,,"3,600",800,,"3,500",900,,"3,700",800,,"3,800",900,,"3,900",900,,"3,900",900,,"4,200","1,000",,"4,000","1,000",,"3,800","1,000",,"3,900","1,000",,"3,900","1,100",,"3,700","1,000",,"3,900","1,100",,"3,700","1,100",,"3,700",900,,"3,900",900,,"3,900",900,,"3,700",800,,"3,200",800,,"2,800",700,,"2,900",700,,"2,800",700,,"3,100",700,,"3,200",700,,"3,100",700,,"3,300",800,,"3,400","1,000",,"2,900",800,,"2,800",900,,"2,400",800,,"2,300",600,,"2,100",600,,"2,000",600,,"2,300",800,,"2,100",800,,"2,000",800,,"2,200",800,,"2,100",700,,"2,400",800,,"2,600",900,,"3,100","1,000",,"3,300","1,000",,"3,200",900,,"3,200","1,000",,"2,700",800,,"2,400",700
Mid Devon,E07000042,,"1,500",300,,"1,400",300,,"1,500",400,,"1,300",400,,"1,100",300,,"1,100",300,,"1,200",300,,"1,000",300,,"1,000",200,,"1,100",200,,"1,000",200,,"1,100",200,,"1,000",200,,"1,000",300,,"1,200",400,,"1,200",400,,"1,200",400,,"1,300",400,,"1,200",300,,"1,200",300,,"1,200",300,,"1,200",300,,"1,200",400,,"1,300",400,,"1,400",400,,"1,600",400,,"1,800",500,,"1,900",500,,"2,100",500,,"2,000",500,,"2,000",500,,"1,900",500,,"1,900",500,,"1,900",500,,"2,000",500,,"2,000",500,,"1,900",500,,"2,100",500,,"2,100",600,,"2,000",600,,"2,000",600,,"1,600",500,,"1,500",500,,"1,700",600,,"1,700",600,,"1,600",500,,"1,700",500,,"1,600",400,,"1,400",400,,"1,400",400,,"1,300",400,,"1,300",400,,"1,300",300,,"1,200",300,,"1,100",300,,"1,300",300,,"1,400",400,,"1,300",400,,"1,300",400,,"1,200",400,,"1,100",400,,"1,100",300,,"1,100",300,,900,300,,"1,100",400,,"1,100",400,,"1,300",500,,"1,300",400,,"1,200",400,,"1,200",400,,"1,100",400,,"1,200",400,,"1,300",400,,"1,300",300,,"1,400",400,,"1,300",400,,"1,200",400
North Devon,E07000043,,"2,600",600,,"2,200",500,,"2,000",500,,"2,100",500,,"2,200",500,,"1,900",400,,"1,700",400,,"1,800",400,,"1,500",300,,"1,600",300,,"1,500",300,,"1,400",300,,"1,500",300,,"1,400",400,,"1,600",500,,"1,700",500,,"1,600",500,,"1,600",400,,"1,500",400,,"1,700",400,,"1,900",500,,"1,800",500,,"1,800",500,,"1,800",500,,"1,900",500,,"2,100",500,,"2,300",600,,"2,500",600,,"2,400",500,,"2,300",500,,"2,300",500,,"2,200",500,,"2,400",600,,"2,500",600,,"2,400",600,,"2,300",600,,"2,400",600,,"2,400",600,,"2,300",600,,"2,300",600,,"2,100",600,,"2,200",600,,"2,000",600,,"2,300",700,,"2,300",700,,"2,000",500,,"2,200",600,,"2,100",500,,"2,100",500,,"1,900",500,,"1,700",400,,"1,500",400,,"1,400",400,,"1,600",400,,"1,600",400,,"1,700",400,,"1,700",500,,"1,500",500,,"1,400",400,,"1,300",400,,"1,200",400,,"1,300",400,,"1,300",400,,"1,000",400,,"1,200",500,,"1,200",500,,"1,200",500,,"1,400",500,,"1,200",400,,"1,100",400,,"1,100",400,,"1,300",400,,"1,600",400,,"1,800",500,,"1,700",500,,"1,600",400,,"1,400",400
South Hams,E07000044,,"2,300",500,,"1,800",400,,"1,500",400,,"1,700",400,,"1,400",300,,"1,300",300,,"1,300",300,,"1,200",300,,"1,100",200,,"1,100",300,,"1,200",300,,"1,100",200,,"1,100",200,,900,300,,"1,100",400,,"1,100",400,,"1,200",400,,"1,200",400,,"1,100",300,,"1,300",300,,"1,300",400,,"1,400",400,,"1,400",400,,"1,300",400,,"1,400",400,,"1,500",400,,"1,700",400,,"1,800",400,,"1,700",400,,"1,700",400,,"1,700",400,,"1,700",400,,"1,900",500,,"1,800",500,,"1,900",500,,"1,800",500,,"1,600",500,,"1,700",500,,"1,700",500,,"1,800",500,,"1,700",500,,"1,800",500,,"1,600",500,,"1,800",500,,"1,600",500,,"1,400",400,,"1,700",400,,"1,700",400,,"1,700",400,,"1,600",400,,"1,300",400,,"1,100",300,,"1,100",300,,"1,200",300,,"1,300",300,,"1,300",300,,"1,300",300,,"1,100",400,,"1,100",300,,"1,000",300,,900,400,,"1,000",300,,900,300,,800,300,,900,400,,800,400,,800,400,,900,400,,800,300,,900,300,,"1,000",400,,"1,200",400,,"1,500",500,,"1,400",400,,"1,400",400,,"1,300",400,,"1,100",300
Teignbridge,E07000045,,"3,200",700,,"2,800",600,,"2,500",600,,"3,000",700,,"2,200",500,,"1,900",400,,"1,800",500,,"1,800",500,,"1,700",400,,"1,600",400,,"1,700",400,,"1,600",300,,"1,600",300,,"1,400",400,,"1,600",500,,"1,700",500,,"1,800",500,,"1,900",500,,"1,900",400,,"2,000",500,,"2,200",500,,"2,000",500,,"2,000",500,,"2,000",500,,"2,100",500,,"2,300",600,,"2,700",700,,"3,000",700,,"3,000",600,,"2,800",600,,"2,800",600,,"2,700",600,,"3,000",700,,"3,300",700,,"3,400",700,,"3,400",700,,"3,500",800,,"3,500",800,,"3,300",800,,"3,200",800,,"3,000",800,,"3,000",800,,"2,700",700,,"3,000",800,,"3,000",800,,"2,700",700,,"3,100",700,,"2,900",700,,"2,500",600,,"2,200",600,,"2,000",500,,"1,800",500,,"1,800",400,,"2,000",500,,"2,200",500,,"2,400",500,,"2,500",600,,"2,300",700,,"2,000",500,,"1,900",600,,"1,700",600,,"1,800",500,,"1,700",500,,"1,400",500,,"1,500",600,,"1,500",600,,"1,600",600,,"1,800",600,,"1,700",500,,"1,800",600,,"1,900",700,,"2,200",700,,"2,500",700,,"2,600",700,,"2,200",600,,"2,000",500,,"1,900",500
Torridge,E07000046,,"1,800",400,,"1,500",400,,"1,600",400,,"1,800",500,,"1,400",300,,"1,400",300,,"1,300",300,,"1,300",300,,"1,100",200,,"1,200",300,,"1,200",200,,"1,100",200,,"1,100",200,,"1,100",400,,"1,200",400,,"1,300",400,,"1,200",400,,"1,200",300,,"1,200",300,,"1,200",300,,"1,400",400,,"1,400",400,,"1,500",400,,"1,400",400,,"1,500",400,,"1,600",400,,"1,800",500,,"1,900",400,,"1,800",400,,"1,900",400,,"1,900",400,,"1,900",500,,"2,100",600,,"2,100",500,,"2,200",500,,"2,300",600,,"2,300",600,,"2,100",600,,"2,100",500,,"2,000",600,,"1,800",600,,"1,800",600,,"1,700",500,,"1,800",600,,"1,900",600,,"1,800",500,,"1,800",500,,"1,700",500,,"1,700",500,,"1,600",500,,"1,400",400,,"1,400",400,,"1,300",400,,"1,400",400,,"1,400",300,,"1,500",400,,"1,400",400,,"1,400",400,,"1,200",300,,"1,100",400,,"1,000",400,,"1,000",300,,"1,000",300,,800,300,,800,300,,700,300,,800,300,,900,400,,900,300,,"1,000",400,,"1,100",400,,"1,200",400,,"1,400",500,,"1,300",400,,"1,100",300,,"1,000",300,,900,300
West Devon,E07000047,,"1,300",300,,"1,100",300,,800,300,,900,300,,800,200,,900,200,,700,200,,700,200,,700,100,,700,200,,700,100,,700,100,,600,100,,600,200,,700,300,,800,300,,800,300,,800,200,,800,200,,800,200,,900,200,,800,200,,800,300,,800,200,,800,300,,800,200,,900,300,,"1,000",300,,"1,000",300,,"1,000",300,,"1,100",300,,"1,100",300,,"1,200",300,,"1,400",300,,"1,400",300,,"1,500",400,,"1,500",400,,"1,500",400,,"1,500",400,,"1,400",400,,"1,200",400,,"1,300",400,,"1,200",400,,"1,200",400,,"1,000",400,,900,300,,"1,000",300,,900,300,,800,200,,800,300,,700,200,,700,200,,700,200,,700,200,,800,200,,800,200,,800,200,,800,300,,700,200,,600,200,,600,200,,600,200,,600,200,,500,200,,500,200,,500,200,,600,200,,600,200,,600,200,,500,200,,600,300,,700,300,,800,400,,900,400,,700,300,,700,300,,600,300
Cheltenham,E07000078,,"3,400",700,,"3,400",700,,"2,700",700,,"2,600",700,,"2,400",500,,"2,400",500,,"2,400",500,,"2,300",500,,"2,300",500,,"2,400",500,,"2,400",500,,"2,400",500,,"2,300",500,,"2,300",700,,"2,300",700,,"2,600",800,,"2,500",700,,"2,600",600,,"2,700",500,,"2,600",500,,"2,800",600,,"2,800",700,,"2,900",800,,"2,900",700,,"3,100",800,,"3,500",800,,"4,000",900,,"4,300",900,,"4,800",900,,"4,800",900,,"4,700",900,,"4,500",900,,"4,300","1,000",,"4,100",800,,"3,900",800,,"4,100",900,,"4,100",900,,"4,300","1,000",,"4,600","1,100",,"4,300","1,100",,"4,300","1,100",,"4,400","1,100",,"4,200","1,100",,"4,200","1,100",,"4,000","1,100",,"3,700",900,,"3,800",900,,"3,700",800,,"3,300",700,,"3,100",700,,"2,900",600,,"2,500",600,,"2,500",500,,"2,400",500,,"2,400",500,,"2,600",500,,"2,500",600,,"2,300",700,,"2,100",500,,"1,900",600,,"1,700",600,,"1,700",400,,"1,700",500,,"1,600",500,,"1,800",600,,"1,800",600,,"2,000",700,,"2,100",700,,"1,900",600,,"1,900",600,,"1,700",600,,"1,900",600,,"2,100",500,,"2,100",500,,"2,200",500,,"2,100",500,,"1,800",400
Cotswold,E07000079,,"1,400",300,,"1,200",300,,"1,000",300,,"1,000",300,,"1,000",200,,"1,100",300,,"1,200",300,,"1,000",300,,"1,000",200,,"1,000",200,,"1,000",200,,"1,000",200,,"1,000",200,,900,300,,"1,000",300,,"1,100",400,,"1,100",400,,"1,200",300,,"1,100",300,,"1,100",300,,"1,100",300,,"1,100",300,,"1,100",300,,"1,200",300,,"1,300",400,,"1,400",400,,"1,700",400,,"1,900",500,,"2,000",500,,"2,000",500,,"2,000",400,,"1,700",400,,"1,600",400,,"1,600",400,,"1,600",400,,"1,600",400,,"1,600",400,,"1,700",400,,"1,700",500,,"1,700",500,,"1,700",500,,"1,700",500,,"1,600",500,,"1,700",500,,"1,700",500,,"1,500",500,,"1,500",400,,"1,400",400,,"1,400",300,,"1,300",300,,"1,100",300,,"1,200",300,,"1,200",300,,"1,300",300,,"1,200",300,,"1,300",300,,"1,200",300,,"1,200",400,,"1,200",300,,"1,100",300,,"1,000",300,,900,300,,900,300,,900,300,,"1,100",400,,"1,100",400,,"1,100",400,,"1,100",400,,"1,000",300,,"1,000",300,,"1,000",400,,"1,200",400,,"1,300",400,,"1,400",400,,"1,300",400,,"1,200",300,,"1,100",300
Forest of Dean,E07000080,,"2,000",500,,"2,000",500,,"1,600",400,,"1,700",400,,"1,600",400,,"1,600",300,,"1,700",400,,"1,600",400,,"1,400",300,,"1,300",300,,"1,300",300,,"1,200",300,,"1,300",300,,"1,300",400,,"1,500",500,,"1,700",500,,"1,700",500,,"1,800",500,,"1,700",400,,"1,600",400,,"1,700",400,,"1,600",400,,"1,700",500,,"1,700",500,,"1,800",500,,"2,100",500,,"2,400",600,,"2,700",600,,"3,000",600,,"3,000",600,,"2,800",600,,"2,600",500,,"2,500",600,,"2,300",500,,"2,300",500,,"2,200",500,,"2,200",500,,"2,400",600,,"2,600",700,,"2,700",700,,"2,700",800,,"2,900",800,,"2,700",700,,"2,800",800,,"2,700",800,,"2,300",700,,"2,300",600,,"2,200",500,,"2,200",500,,"2,100",500,,"1,900",500,,"1,800",400,,"1,800",400,,"1,700",400,,"1,800",400,,"1,900",400,,"1,800",400,,"1,900",500,,"1,600",400,,"1,600",500,,"1,500",500,,"1,500",400,,"1,500",400,,"1,400",400,,"1,400",500,,"1,400",500,,"1,300",500,,"1,500",500,,"1,400",400,,"1,400",400,,"1,300",500,,"1,300",400,,"1,500",400,,"1,500",400,,"1,500",400,,"1,500",400,,"1,300",300
Gloucester,E07000081,,"3,700",800,,"3,700",800,,"3,000",700,,"3,100",800,,"2,600",500,,"2,600",600,,"2,600",600,,"2,700",600,,"2,400",500,,"2,500",500,,"2,500",500,,"2,500",500,,"2,500",500,,"2,500",800,,"2,700",800,,"2,800",800,,"2,500",700,,"2,600",600,,"2,700",600,,"2,600",600,,"2,800",600,,"2,700",700,,"2,900",800,,"3,000",700,,"3,400",800,,"4,000",900,,"4,400","1,000",,"5,000","1,000",,"5,500","1,000",,"5,200","1,000",,"5,100","1,000",,"5,000","1,000",,"4,600","1,000",,"4,600",900,,"4,500",900,,"4,600",900,,"4,800","1,000",,"5,000","1,100",,"5,300","1,200",,"4,900","1,200",,"4,800","1,200",,"5,200","1,300",,"5,000","1,300",,"5,100","1,400",,"5,200","1,400",,"4,800","1,200",,"4,800","1,100",,"4,700","1,000",,"4,800","1,000",,"4,800","1,100",,"4,400","1,000",,"3,900",900,,"3,400",700,,"3,000",700,,"2,900",600,,"3,300",700,,"3,200",700,,"3,200",900,,"3,000",700,,"2,600",700,,"2,500",800,,"2,400",600,,"2,200",600,,"2,000",600,,"2,200",700,,"2,200",700,,"2,400",800,,"2,800",900,,"2,700",800,,"2,800",900,,"2,700",900,,"2,800",800,,"2,900",800,,"3,000",700,,"3,000",700,,"2,800",600,,"2,500",600
Stroud,E07000082,,"2,400",500,,"2,200",500,,"1,800",500,,"1,900",500,,"1,800",400,,"2,000",400,,"1,900",400,,"1,800",400,,"1,900",400,,"2,000",400,,"1,800",400,,"1,900",400,,"1,800",400,,"2,000",600,,"2,200",700,,"2,200",600,,"2,100",600,,"2,000",500,,"1,900",400,,"1,800",400,,"1,800",400,,"1,700",400,,"1,800",500,,"1,900",500,,"2,100",500,,"2,500",600,,"3,100",700,,"3,500",700,,"3,800",700,,"3,800",700,,"3,500",700,,"3,400",700,,"3,300",700,,"3,200",700,,"3,000",600,,"3,000",600,,"2,900",600,,"3,000",700,,"3,100",700,,"2,800",700,,"2,800",800,,"2,700",700,,"2,600",700,,"2,800",800,,"2,800",800,,"2,600",700,,"2,700",700,,"2,600",600,,"2,400",500,,"2,300",600,,"2,100",500,,"2,100",500,,"2,000",500,,"2,000",500,,"2,000",400,,"1,900",400,,"1,900",500,,"1,800",500,,"1,800",500,,"1,700",500,,"1,600",500,,"1,800",500,,"1,700",500,,"1,600",500,,"1,700",600,,"1,500",500,,"1,500",500,,"1,500",500,,"1,400",400,,"1,400",500,,"1,500",500,,"1,800",500,,"2,000",500,,"2,100",500,,"2,000",500,,"1,800",400,,"1,800",400
Tewkesbury,E07000083,,"1,700",400,,"1,500",300,,"1,300",300,,"1,300",300,,"1,400",300,,"1,300",300,,"1,400",300,,"1,300",300,,"1,200",300,,"1,200",300,,"1,200",300,,"1,200",300,,"1,200",300,,"1,200",400,,"1,300",500,,"1,400",500,,"1,400",400,,"1,400",400,,"1,300",300,,"1,300",300,,"1,400",400,,"1,300",400,,"1,400",400,,"1,400",400,,"1,500",400,,"1,800",500,,"2,100",500,,"2,400",600,,"2,600",500,,"2,600",500,,"2,500",600,,"2,300",500,,"2,400",600,,"2,300",500,,"2,200",500,,"2,200",500,,"2,100",500,,"2,100",500,,"2,200",600,,"2,100",600,,"2,200",600,,"2,100",600,,"2,000",500,,"2,200",600,,"2,000",600,,"2,000",600,,"2,000",500,,"1,900",500,,"2,000",400,,"2,000",500,,"1,800",400,,"1,800",400,,"1,700",400,,"1,600",400,,"1,600",400,,"1,700",400,,"1,700",400,,"1,500",500,,"1,500",400,,"1,400",400,,"1,200",400,,"1,200",300,,"1,200",300,,"1,100",300,,"1,200",400,,"1,200",400,,"1,400",500,,"1,500",500,,"1,400",400,,"1,400",500,,"1,300",500,,"1,500",400,,"1,600",400,,"1,600",400,,"1,600",400,,"1,500",300,,"1,300",300
Mendip,E07000187,,"2,900",600,,"2,600",600,,"2,100",500,,"2,200",600,,"2,000",400,,"1,900",400,,"2,000",500,,"1,700",400,,"1,600",300,,"1,700",400,,"1,600",400,,"1,700",400,,"1,600",300,,"1,500",500,,"1,700",600,,"1,700",600,,"1,800",500,,"1,800",500,,"1,800",400,,"1,800",400,,"2,000",500,,"1,900",500,,"2,000",500,,"2,000",500,,"2,100",500,,"2,400",600,,"2,700",600,,"3,000",600,,"3,200",600,,"3,200",600,,"3,100",600,,"3,000",600,,"2,900",700,,"2,800",600,,"2,900",700,,"3,100",800,,"3,200",800,,"3,200",800,,"3,300",800,,"3,000",800,,"2,800",800,,"2,800",800,,"2,500",700,,"2,800",800,,"2,700",800,,"2,500",600,,"2,600",600,,"2,500",600,,"2,400",600,,"2,300",600,,"2,300",600,,"2,300",600,,"2,200",500,,"2,300",600,,"2,400",500,,"2,400",500,,"2,400",600,,"2,400",700,,"2,300",600,,"2,300",700,,"2,300",700,,"2,300",600,,"2,300",600,,"2,100",600,,"2,300",700,,"2,100",700,,"2,200",800,,"2,100",700,,"1,900",600,,"2,000",700,,"2,000",700,,"2,100",700,,"2,200",700,,"2,200",500,,"2,000",500,,"2,000",500,,"1,900",500
Sedgemoor,E07000188,,"3,100",600,,"2,800",600,,"2,200",600,,"2,400",600,,"2,000",400,,"2,000",400,,"2,000",500,,"1,900",400,,"1,800",400,,"1,800",400,,"1,800",400,,"1,700",400,,"1,800",400,,"1,500",500,,"1,800",600,,"2,200",700,,"2,100",600,,"2,300",600,,"2,200",500,,"2,000",500,,"2,300",600,,"2,200",600,,"2,300",600,,"2,300",600,,"2,500",600,,"3,000",700,,"3,600",800,,"3,900",800,,"4,000",800,,"4,100",800,,"4,100",800,,"3,900",800,,"3,900",900,,"3,600",800,,"3,600",800,,"3,800",800,,"3,800",900,,"3,900",900,,"3,700",900,,"3,500",900,,"3,500",900,,"3,300",900,,"3,500",900,,"3,800","1,100",,"3,900","1,100",,"3,600",900,,"3,700",900,,"3,500",800,,"3,300",700,,"3,500",800,,"3,200",800,,"3,000",700,,"2,900",700,,"2,900",700,,"2,800",600,,"2,900",700,,"2,900",700,,"2,900",900,,"2,700",700,,"2,900",900,,"2,800",900,,"2,700",700,,"2,700",800,,"2,300",700,,"2,400",800,,"2,200",800,,"2,500",800,,"2,700",800,,"2,500",700,,"2,300",700,,"2,200",800,,"2,300",700,,"2,600",700,,"2,600",700,,"2,300",600,,"2,300",600,,"1,900",500
Somerset West and Taunton,E07000246,,:,:,,:,:,,:,:,,:,:,,:,:,,:,:,,:,:,,:,:,,:,:,,:,:,,:,:,,:,:,,:,:,,:,:,,:,:,,:,:,,:,:,,:,:,,:,:,,:,:,,:,:,,:,:,,:,:,,:,:,,:,:,,:,:,,:,:,,:,:,,:,:,,:,:,,:,:,,:,:,,:,:,,:,:,,:,:,,:,:,,:,:,,"3,900",:,,"3,900",:,,"3,600",:,,"3,600",:,,"3,700",:,,"3,600",:,,"3,900",:,,"3,800",:,,"3,700",:,,"3,800",:,,"3,700",:,,"3,500",:,,"3,300",:,,"3,000",:,,"2,900",:,,"2,800",:,,"2,800",:,,"3,000",:,,"3,000",:,,"2,800",:,,"2,800",:,,"2,700",:,,"2,700",:,,"2,700",:,,"2,700",:,,"2,700",:,,"2,500",:,,"2,600",:,,"2,500",:,,"2,600",:,,"2,600",:,,"2,400",:,,"2,400",:,,"2,300",:,,"2,600",:,,"2,600",:,,"2,700",:,,"2,700",:,,"2,600",:,,"2,300",:
South Somerset,E07000189,,"3,400",700,,"2,900",600,,"2,700",700,,"3,000",700,,"2,300",400,,"2,300",500,,"2,300",500,,"2,000",500,,"2,100",500,,"2,300",500,,"2,400",500,,"2,400",500,,"2,400",500,,"2,400",700,,"2,700",900,,"3,000",900,,"2,700",800,,"2,800",700,,"2,500",500,,"2,500",500,,"2,600",600,,"2,400",600,,"2,400",700,,"2,500",600,,"2,700",600,,"2,900",700,,"3,400",800,,"3,900",800,,"4,100",800,,"4,000",800,,"4,000",800,,"3,600",700,,"4,000",900,,"4,100",900,,"4,000",900,,"4,000",800,,"3,800",800,,"4,000",900,,"4,100","1,000",,"3,900","1,000",,"3,900","1,000",,"3,900","1,000",,"3,700","1,000",,"3,900","1,100",,"3,600","1,000",,"3,500",900,,"3,500",800,,"3,500",800,,"3,500",800,,"3,300",800,,"3,100",800,,"2,900",700,,"2,800",700,,"2,900",700,,"3,000",700,,"3,200",700,,"3,000",700,,"2,900",800,,"2,800",700,,"2,600",700,,"2,600",800,,"2,800",700,,"2,700",700,,"2,500",700,,"2,600",800,,"2,300",800,,"2,200",700,,"2,400",700,,"2,300",700,,"2,400",700,,"2,300",800,,"2,700",800,,"2,900",800,,"2,800",700,,"2,800",700,,"2,600",600,,"2,500",600
Isle of Anglesey,W06000001,,"2,900",600,,"2,600",600,,"2,500",600,,"2,400",600,,"2,100",500,,"1,700",300,,"1,700",300,,"1,600",300,,"1,600",300,,"1,600",300,,"1,700",300,,"1,700",300,,"1,700",300,,"1,700",400,,"1,700",400,,"1,800",400,,"1,900",400,,"1,800",300,,"1,800",300,,"1,800",300,,"1,800",300,,"1,900",400,,"2,100",400,,"2,000",400,,"2,100",400,,"2,200",400,,"2,300",400,,"2,400",400,,"2,400",400,,"2,400",400,,"2,400",400,,"2,500",400,,"2,500",400,,"2,500",400,,"2,600",400,,"2,400",400,,"2,500",400,,"2,400",400,,"2,300",400,,"2,200",400,,"2,100",400,,"2,500",400,,"2,500",400,,"2,600",500,,"2,800",500,,"2,400",400,,"2,400",400,,"2,200",400,,"2,100",300,,"2,200",400,,"2,200",400,,"2,100",400,,"1,900",300,,"1,700",300,,"1,600",300,,"1,600",300,,"1,600",300,,"1,600",300,,"1,500",300,,"1,500",300,,"1,300",300,,"1,400",300,,"1,400",300,,"1,400",300,,"1,300",300,,"1,400",400,,"1,400",400,,"1,300",300,,"1,300",300,,"1,300",300,,"1,300",400,,"1,300",300,,"1,300",300,,"1,400",300,,"1,500",300,,"1,300",300,,"1,300",300
Gwynedd,W06000002,,"4,900","1,000",,"4,300",900,,"4,400","1,000",,"3,800",900,,"3,600",800,,"3,000",500,,"2,700",500,,"2,500",400,,"2,400",400,,"2,200",400,,"2,300",400,,"2,400",400,,"2,600",400,,"2,400",500,,"2,400",500,,"2,400",500,,"2,300",500,,"2,500",500,,"2,700",400,,"2,800",400,,"3,000",500,,"3,100",500,,"3,000",600,,"2,900",500,,"3,000",600,,"3,100",500,,"3,400",600,,"3,400",600,,"3,400",500,,"3,500",500,,"3,500",500,,"3,700",600,,"3,800",700,,"3,900",600,,"3,900",600,,"3,900",600,,"3,900",600,,"3,900",600,,"3,700",600,,"3,800",700,,"3,500",700,,"3,900",700,,"3,800",700,,"3,800",800,,"3,800",700,,"3,500",600,,"3,600",600,,"3,400",600,,"3,400",600,,"3,300",600,,"3,400",600,,"3,300",600,,"3,000",600,,"3,000",600,,"2,700",500,,"2,600",500,,"2,700",500,,"2,600",600,,"2,500",600,,"2,500",600,,"2,200",600,,"2,500",500,,"2,500",500,,"2,600",600,,"2,600",700,,"2,500",700,,"2,300",600,,"2,000",600,,"2,100",600,,"1,800",500,,"1,800",500,,"1,900",500,,"2,000",500,,"2,400",500,,"2,500",600,,"2,400",500,,"2,500",500
Conwy,W06000003,,"3,800",800,,"3,300",700,,"3,000",700,,"2,800",700,,"2,800",600,,"2,200",400,,"2,200",400,,"2,000",400,,"1,800",400,,"1,900",400,,"2,000",400,,"2,000",400,,"2,100",400,,"2,100",500,,"2,200",500,,"2,400",500,,"2,400",500,,"2,500",500,,"2,400",400,,"2,400",400,,"2,400",400,,"2,500",500,,"2,600",500,,"2,700",500,,"3,000",500,,"3,000",500,,"3,300",600,,"3,400",600,,"3,400",500,,"3,500",500,,"3,600",500,,"3,500",500,,"3,600",600,,"3,700",600,,"3,800",600,,"3,900",600,,"3,900",600,,"3,900",600,,"3,700",600,,"3,700",600,,"3,500",600,,"3,700",700,,"3,500",600,,"3,200",600,,"3,100",600,,"3,300",600,,"3,100",500,,"3,100",500,,"3,100",500,,"3,000",500,,"3,200",600,,"2,900",500,,"2,700",500,,"2,500",400,,"2,300",400,,"2,300",400,,"2,200",400,,"2,100",500,,"2,200",500,,"2,200",500,,"2,200",500,,"2,300",400,,"2,000",400,,"1,900",400,,"1,800",500,,"1,800",500,,"2,000",500,,"2,000",500,,"2,000",500,,"1,800",500,,"1,900",500,,"1,800",500,,"1,800",400,,"2,000",400,,"2,000",400,,"2,000",400,,"2,200",500
Denbighshire,W06000004,,"3,100",700,,"2,600",600,,"2,400",600,,"2,800",700,,"2,300",500,,"1,900",300,,"1,800",300,,"1,700",300,,"1,600",300,,"1,600",300,,"1,600",300,,"1,800",300,,"1,800",300,,"1,900",400,,"2,100",500,,"2,000",400,,"2,000",400,,"2,000",400,,"2,100",300,,"2,100",300,,"2,100",400,,"2,400",400,,"2,300",400,,"2,400",400,,"2,600",500,,"2,700",400,,"3,000",500,,"3,200",500,,"3,100",500,,"3,200",500,,"3,300",500,,"3,400",500,,"3,700",600,,"3,500",500,,"3,400",500,,"3,300",500,,"3,300",500,,"3,300",600,,"3,300",600,,"3,400",600,,"3,200",600,,"3,300",600,,"3,300",600,,"3,400",600,,"3,400",600,,"3,100",500,,"3,100",500,,"2,800",500,,"2,800",500,,"2,800",500,,"2,700",500,,"2,400",400,,"2,200",400,,"2,100",400,,"1,900",300,,"1,900",300,,"1,800",300,,"1,600",400,,"1,800",400,,"1,700",400,,"1,700",400,,"1,900",400,,"1,700",400,,"1,600",400,,"1,400",400,,"1,400",400,,"1,500",400,,"1,700",500,,"1,800",400,,"1,700",500,,"1,600",400,,"1,400",400,,"1,400",400,,"1,600",300,,"1,700",400,,"1,800",400,,"1,800",400
Flintshire,W06000005,,"4,400",900,,"4,400",900,,"4,100","1,000",,"4,400","1,000",,"4,000",800,,"3,400",500,,"3,100",600,,"2,800",500,,"2,600",500,,"2,600",500,,"2,700",500,,"2,700",500,,"2,900",500,,"2,700",600,,"2,700",600,,"2,900",700,,"3,000",600,,"3,200",600,,"3,300",500,,"3,300",500,,"3,400",600,,"3,300",600,,"3,200",600,,"3,500",600,,"3,700",700,,"4,100",700,,"4,400",800,,"5,000",800,,"5,300",800,,"5,300",700,,"5,500",800,,"5,400",800,,"5,500",900,,"5,700",900,,"5,500",900,,"5,500",900,,"5,100",900,,"5,000",900,,"4,800",900,,"4,900",900,,"4,600",900,,"4,700",900,,"4,800",900,,"4,400",900,,"4,900","1,000",,"4,900",900,,"4,800",800,,"4,700",800,,"4,300",700,,"3,700",700,,"3,500",600,,"3,300",600,,"3,300",600,,"3,200",600,,"3,100",500,,"2,800",500,,"2,800",500,,"2,500",600,,"2,800",600,,"2,700",600,,"2,700",600,,"3,100",600,,"3,100",600,,"3,200",700,,"3,100",800,,"3,100",800,,"2,700",700,,"2,600",700,,"2,500",600,,"2,400",600,,"2,300",600,,"2,400",600,,"2,500",600,,"2,600",500,,"2,900",600,,"2,700",600,,"2,600",600
Wrexham,W06000006,,"4,400",900,,"3,900",800,,"4,100",900,,"3,300",800,,"3,300",700,,"2,800",500,,"2,700",500,,"2,600",500,,"2,300",400,,"2,400",500,,"2,600",500,,"2,800",500,,"2,800",500,,"2,800",600,,"2,900",700,,"2,900",700,,"2,900",600,,"3,000",600,,"3,100",500,,"3,200",500,,"3,300",600,,"3,300",600,,"3,300",600,,"3,500",600,,"3,800",700,,"4,300",700,,"4,600",700,,"4,600",700,,"5,000",700,,"5,000",700,,"4,900",700,,"5,000",700,,"5,000",800,,"5,200",800,,"5,200",800,,"5,200",800,,"5,200",800,,"5,300",900,,"5,200",900,,"5,200",900,,"5,000",900,,"5,100",900,,"4,800",900,,"4,700",900,,"4,600",900,,"4,400",800,,"4,200",700,,"4,100",700,,"4,200",700,,"4,000",700,,"4,000",700,,"3,800",700,,"3,500",600,,"3,100",600,,"2,900",500,,"2,800",500,,"2,600",500,,"2,500",600,,"2,800",600,,"2,800",600,,"3,000",700,,"3,000",600,,"3,100",600,,"3,000",600,,"2,900",700,,"3,300",800,,"3,300",800,,"3,500",800,,"3,100",700,,"2,700",700,,"2,500",700,,"2,300",600,,"2,300",500,,"2,400",500,,"2,600",600,,"2,700",500,,"2,600",600
Powys,W06000023,,"3,100",700,,"2,800",600,,"2,600",700,,"3,200",800,,"2,900",600,,"2,200",400,,"2,000",400,,"2,200",400,,"1,900",400,,"1,900",400,,"2,000",400,,"2,000",400,,"2,100",400,,"2,100",500,,"2,000",500,,"2,000",500,,"2,200",500,,"2,400",500,,"2,400",400,,"2,400",400,,"2,600",500,,"2,600",500,,"2,600",500,,"2,800",500,,"2,800",500,,"2,900",500,,"3,400",600,,"3,300",600,,"3,200",500,,"3,300",500,,"3,100",500,,"3,200",500,,"3,400",600,,"3,500",600,,"3,700",600,,"3,500",600,,"3,600",600,,"3,500",600,,"3,500",600,,"3,500",700,,"3,200",600,,"3,300",700,,"3,100",600,,"3,100",600,,"2,800",600,,"2,700",500,,"2,700",500,,"2,500",500,,"2,600",500,,"2,500",500,,"2,500",500,,"2,400",500,,"2,200",400,,"2,200",400,,"2,000",400,,"1,900",400,,"1,900",400,,"1,700",400,,"1,900",400,,"1,900",500,,"1,800",500,,"1,900",400,,"1,700",400,,"1,600",400,,"1,500",500,,"1,600",500,,"1,700",500,,"1,600",500,,"1,700",400,,"1,500",400,,"1,500",500,,"1,800",500,,"1,800",500,,"2,100",500,,"2,300",500,,"2,200",500,,"2,200",500
Ceredigion,W06000008,,"2,000",500,,"2,000",500,,"1,800",500,,"2,200",600,,"2,000",500,,"1,700",300,,"1,600",300,,"1,700",300,,"1,400",300,,"1,500",300,,"1,500",300,,"1,400",300,,"1,500",300,,"1,400",300,,"1,600",400,,"1,700",400,,"1,700",400,,"1,700",300,,"1,600",300,,"1,600",300,,"1,700",300,,"1,700",300,,"1,700",400,,"1,700",300,,"1,700",300,,"1,700",300,,"1,800",300,,"1,800",300,,"1,700",300,,"1,800",300,,"1,800",300,,"1,900",300,,"2,000",400,,"2,100",400,,"2,200",400,,"2,300",400,,"2,200",400,,"2,200",400,,"2,100",400,,"2,100",400,,"1,900",400,,"1,900",400,,"1,700",400,,"1,700",400,,"1,600",300,,"1,700",300,,"1,700",300,,"1,700",300,,"1,800",300,,"1,700",300,,"1,700",300,,"1,600",300,,"1,500",300,,"1,500",300,,"1,400",300,,"1,300",300,,"1,300",300,,"1,200",300,,"1,300",300,,"1,400",300,,"1,400",400,,"1,400",300,,"1,300",300,,"1,300",300,,"1,100",300,,"1,200",400,,"1,200",400,,"1,100",300,,"1,200",300,,"1,000",300,,"1,000",300,,"1,100",300,,"1,200",300,,"1,300",300,,"1,400",300,,"1,300",300,,"1,400",300
Pembrokeshire,W06000009,,"5,400","1,100",,"4,400","1,000",,"4,000","1,000",,"3,600",900,,"3,400",700,,"2,800",400,,"2,900",500,,"2,600",400,,"2,400",400,,"2,500",400,,"2,600",400,,"2,500",400,,"2,600",400,,"2,500",500,,"2,900",600,,"3,000",600,,"2,700",500,,"2,600",500,,"2,300",400,,"2,200",400,,"2,300",400,,"2,300",500,,"2,400",500,,"2,500",500,,"2,700",500,,"2,800",500,,"3,400",600,,"3,400",600,,"3,500",500,,"3,700",500,,"3,600",500,,"3,800",600,,"4,300",700,,"4,100",600,,"4,100",600,,"4,000",600,,"3,800",600,,"4,000",700,,"3,800",700,,"4,000",700,,"3,600",700,,"3,800",700,,"3,700",700,,"3,900",800,,"4,000",800,,"3,600",600,,"3,600",600,,"3,300",600,,"3,300",600,,"3,500",600,,"3,500",600,,"3,300",600,,"2,900",500,,"2,700",500,,"2,500",400,,"2,400",400,,"2,500",500,,"2,400",500,,"2,600",500,,"2,800",600,,"2,600",600,,"2,600",500,,"2,300",500,,"2,200",500,,"2,000",500,,"2,200",600,,"2,500",600,,"2,600",600,,"2,400",600,,"2,100",500,,"1,800",500,,"1,700",400,,"1,900",500,,"2,200",500,,"2,400",500,,"2,300",400,,"2,300",500
Carmarthenshire,W06000010,,"6,300","1,200",,"5,500","1,100",,"4,800","1,100",,"5,200","1,200",,"4,700","1,000",,"3,900",600,,"3,500",600,,"3,500",600,,"3,200",600,,"3,200",600,,"3,300",600,,"3,200",600,,"3,300",600,,"3,000",700,,"3,000",700,,"3,300",700,,"3,600",700,,"3,900",700,,"3,900",600,,"4,100",700,,"4,200",700,,"4,200",800,,"4,500",900,,"4,500",800,,"4,900",900,,"5,200",900,,"5,900","1,000",,"5,800",900,,"5,600",800,,"5,700",800,,"5,500",800,,"5,700",800,,"6,300","1,000",,"6,300",900,,"6,200",900,,"6,100","1,000",,"6,000","1,000",,"5,700","1,000",,"5,500","1,000",,"5,400","1,000",,"5,200","1,000",,"5,600","1,100",,"5,700","1,100",,"5,900","1,200",,"6,000","1,200",,"5,600","1,000",,"5,400",900,,"5,400",900,,"5,300",900,,"5,300","1,000",,"5,200",900,,"4,700",800,,"4,200",800,,"4,100",700,,"3,700",600,,"3,600",600,,"3,700",700,,"3,500",800,,"3,700",700,,"3,900",800,,"3,600",800,,"3,800",700,,"3,500",700,,"3,300",700,,"3,100",800,,"3,200",800,,"3,000",800,,"3,100",800,,"3,300",800,,"2,900",700,,"3,000",800,,"2,800",700,,"2,800",700,,"3,300",700,,"3,500",700,,"3,400",700,,"3,500",700
Swansea,W06000011,,"7,900","1,500",,"8,300","1,600",,"8,000","1,700",,"7,600","1,600",,"7,000","1,300",,"6,300","1,000",,"6,000","1,000",,"5,800","1,000",,"6,000","1,100",,"5,600","1,000",,"5,600","1,000",,"5,600","1,000",,"5,800","1,000",,"5,900","1,300",,"5,900","1,300",,"6,000","1,300",,"6,000","1,200",,"6,100","1,100",,"6,400","1,000",,"6,300","1,000",,"6,400","1,100",,"6,500","1,200",,"6,100","1,200",,"6,700","1,200",,"7,800","1,400",,"8,300","1,400",,"9,200","1,500",,"9,300","1,400",,"9,400","1,300",,"9,400","1,300",,"9,200","1,300",,"9,400","1,300",,"9,300","1,500",,"9,800","1,400",,"10,000","1,500",,"10,400","1,500",,"9,900","1,500",,"10,100","1,600",,"10,000","1,600",,"9,700","1,700",,"9,300","1,600",,"9,300","1,600",,"9,000","1,600",,"8,700","1,600",,"9,400","1,700",,"8,700","1,500",,"8,600","1,500",,"8,400","1,400",,"8,200","1,400",,"8,700","1,500",,"8,500","1,500",,"7,900","1,400",,"7,700","1,300",,"6,900","1,200",,"6,300","1,000",,"6,300","1,000",,"6,200","1,100",,"5,800","1,200",,"6,100","1,200",,"5,800","1,200",,"5,500","1,200",,"5,900","1,100",,"6,600","1,200",,"6,700","1,300",,"6,800","1,400",,"7,200","1,600",,"5,800","1,400",,"5,400","1,300",,"5,300","1,200",,"5,200","1,200",,"5,100","1,300",,"5,100","1,200",,"4,900","1,100",,"4,900","1,000",,"5,600","1,200",,"5,600","1,100",,"5,300","1,100"
Neath Port Talbot,W06000012,,"4,700","1,000",,"4,600","1,000",,"4,800","1,100",,"4,900","1,100",,"4,200",900,,"3,500",500,,"3,900",600,,"3,500",500,,"3,400",600,,"3,200",600,,"3,300",600,,"3,500",600,,"3,800",600,,"3,900",700,,"3,800",800,,"3,800",700,,"3,600",700,,"3,600",600,,"3,800",600,,"3,600",600,,"3,600",600,,"3,700",600,,"3,400",700,,"3,700",600,,"4,000",700,,"4,300",700,,"4,900",800,,"5,600",800,,"5,800",800,,"5,700",800,,"5,500",700,,"5,500",800,,"5,400",900,,"5,600",800,,"5,800",900,,"5,900",900,,"5,700",900,,"5,700",900,,"5,400",900,,"4,900",900,,"5,000",900,,"4,900",900,,"5,100",900,,"5,500","1,000",,"5,400","1,000",,"5,300",900,,"4,900",800,,"4,700",800,,"4,400",700,,"4,100",800,,"4,200",700,,"4,000",700,,"4,000",700,,"3,800",700,,"3,500",600,,"3,300",600,,"3,200",600,,"3,200",700,,"3,400",700,,"3,600",800,,"3,700",800,,"3,600",700,,"3,700",700,,"3,600",700,,"3,300",800,,"3,000",800,,"3,100",800,,"3,000",700,,"2,900",700,,"2,900",700,,"2,400",700,,"2,300",600,,"2,400",600,,"2,400",500,,"2,600",500,,"2,600",500,,"2,500",500
Bridgend,W06000013,,"4,400",900,,"4,500",900,,"4,000",900,,"4,000",900,,"3,600",800,,"3,000",500,,"2,900",500,,"2,700",500,,"2,700",500,,"2,500",500,,"2,700",500,,"2,900",500,,"3,400",600,,"3,500",700,,"3,800",800,,"4,200",800,,"3,900",700,,"4,000",700,,"3,800",600,,"3,800",600,,"3,900",700,,"3,900",700,,"3,700",700,,"3,800",700,,"4,200",700,,"4,600",800,,"5,400",800,,"5,700",800,,"5,800",800,,"5,600",800,,"5,500",800,,"5,400",800,,"5,400",900,,"5,700",800,,"5,400",800,,"5,500",800,,"5,500",900,,"5,500",900,,"5,800","1,000",,"5,800","1,000",,"5,800","1,000",,"5,500","1,000",,"5,200",900,,"5,000",900,,"4,900","1,000",,"4,800",800,,"4,800",800,,"4,600",800,,"4,400",700,,"4,400",800,,"4,300",700,,"4,200",700,,"4,000",700,,"3,700",700,,"3,300",600,,"3,200",600,,"3,100",600,,"3,100",700,,"3,300",700,,"3,300",700,,"3,400",800,,"3,300",600,,"3,400",700,,"3,100",700,,"3,000",700,,"3,000",800,,"2,700",700,,"2,800",700,,"2,800",700,,"2,500",600,,"2,300",600,,"2,200",600,,"2,300",500,,"2,400",500,,"2,500",500,,"2,600",500,,"2,400",500
Vale of Glamorgan,W06000014,,"3,800",800,,"3,600",800,,"3,300",800,,"2,900",700,,"3,000",700,,"2,600",400,,"2,900",500,,"2,800",500,,"2,700",500,,"2,600",500,,"2,700",500,,"2,800",500,,"2,800",500,,"2,700",600,,"2,900",600,,"2,800",600,,"2,800",600,,"3,000",600,,"3,000",500,,"2,800",500,,"3,100",600,,"3,200",600,,"3,100",600,,"3,400",600,,"3,600",700,,"3,900",700,,"4,500",700,,"4,700",700,,"4,900",700,,"5,100",700,,"4,800",700,,"4,800",700,,"4,800",800,,"4,600",700,,"4,700",700,,"4,600",700,,"4,600",700,,"4,600",800,,"4,700",800,,"4,800",900,,"4,700",800,,"4,800",900,,"4,800",900,,"5,000",900,,"5,000",900,,"4,300",800,,"4,100",700,,"3,800",700,,"3,800",700,,"3,900",700,,"3,800",700,,"3,500",700,,"3,200",600,,"2,700",500,,"2,500",500,,"2,500",500,,"2,600",500,,"2,700",600,,"2,800",600,,"2,800",700,,"2,700",700,,"2,700",600,,"2,300",500,,"2,300",500,,"2,200",500,,"2,300",600,,"2,500",600,,"2,200",600,,"2,300",600,,"2,100",600,,"1,900",600,,"2,000",500,,"2,000",500,,"2,400",500,,"2,800",600,,"2,600",600,,"2,700",600
Cardiff,W06000015,,"11,500","2,100",,"10,600","2,000",,"8,900","1,900",,"9,800","2,100",,"8,600","1,700",,"7,800","1,200",,"7,700","1,300",,"7,900","1,300",,"8,900","1,500",,"8,600","1,600",,"8,900","1,500",,"9,100","1,600",,"9,800","1,600",,"9,600","1,900",,"9,600","2,000",,"9,500","2,000",,"9,200","1,800",,"9,800","1,800",,"9,800","1,600",,"9,700","1,600",,"10,200","1,900",,"10,200","1,900",,"9,900","2,000",,"10,100","1,900",,"11,200","2,100",,"12,000","2,100",,"13,600","2,300",,"14,600","2,300",,"14,600","2,200",,"15,200","2,200",,"14,900","2,100",,"15,000","2,200",,"15,400","2,600",,"15,000","2,300",,"15,200","2,300",,"15,200","2,300",,"14,800","2,300",,"15,700","2,500",,"16,100","2,600",,"16,500","2,800",,"17,500","2,900",,"17,400","2,900",,"17,300","2,900",,"17,400","3,100",,"16,000","2,900",,"14,900","2,500",,"14,400","2,400",,"13,800","2,200",,"14,100","2,300",,"14,700","2,400",,"14,300","2,300",,"14,300","2,300",,"13,300","2,200",,"12,400","2,100",,"11,000","1,800",,"9,500","1,700",,"9,400","1,800",,"8,700","2,100",,"10,000","2,100",,"11,400","2,400",,"11,200","2,500",,"11,400","2,100",,"10,800","2,100",,"10,300","2,100",,"10,300","2,300",,"9,400","2,200",,"9,000","2,200",,"8,800","2,100",,"8,300","2,000",,"7,600","1,900",,"7,400","1,900",,"7,200","1,800",,"7,400","1,800",,"8,400","1,900",,"10,200","2,300",,"9,800","2,100",,"10,200","2,100"
Rhondda Cynon Taf,W06000016,,"9,300","1,700",,"8,800","1,700",,"8,100","1,700",,"7,800","1,700",,"6,600","1,300",,"5,700",900,,"5,700",900,,"6,000",900,,"5,600","1,000",,"5,900","1,000",,"6,100","1,000",,"6,200","1,100",,"6,300","1,000",,"6,300","1,300",,"6,100","1,300",,"6,500","1,300",,"6,100","1,200",,"6,300","1,100",,"6,400","1,000",,"6,300","1,000",,"6,900","1,200",,"6,700","1,200",,"6,700","1,300",,"7,100","1,300",,"7,700","1,400",,"8,800","1,400",,"9,900","1,500",,"10,200","1,500",,"10,500","1,400",,"10,700","1,400",,"10,200","1,400",,"10,700","1,400",,"11,300","1,700",,"11,400","1,600",,"11,400","1,600",,"11,000","1,600",,"10,800","1,600",,"10,900","1,700",,"11,100","1,700",,"12,000","1,900",,"12,300","2,000",,"12,100","2,000",,"12,800","2,100",,"12,100","2,000",,"11,500","2,000",,"10,900","1,700",,"9,800","1,600",,"9,000","1,500",,"8,300","1,300",,"7,800","1,400",,"7,700","1,300",,"7,800","1,300",,"7,400","1,200",,"6,900","1,200",,"6,300","1,000",,"5,900","1,000",,"5,900","1,100",,"5,700","1,300",,"5,900","1,200",,"6,100","1,300",,"5,900","1,300",,"6,100","1,100",,"6,600","1,200",,"6,600","1,300",,"6,700","1,400",,"6,800","1,500",,"6,000","1,400",,"5,600","1,300",,"5,300","1,200",,"4,900","1,200",,"4,700","1,200",,"4,900","1,200",,"4,700","1,100",,"4,700","1,000",,"4,900","1,100",,"4,500",900,,"4,500",900
Merthyr Tydfil,W06000024,,"2,500",600,,"2,100",500,,"2,000",500,,"2,200",600,,"1,900",400,,"1,600",300,,"1,500",300,,"1,400",300,,"1,500",300,,"1,500",300,,"1,400",300,,"1,600",300,,"1,700",300,,"1,800",400,,"2,000",500,,"2,100",500,,"1,900",400,,"1,900",400,,"1,900",300,,"1,900",300,,"2,000",400,,"2,000",400,,"1,900",400,,"2,000",400,,"2,200",400,,"2,400",400,,"2,700",500,,"3,100",500,,"3,300",500,,"3,300",500,,"3,200",500,,"3,100",500,,"3,000",500,,"3,000",500,,"3,200",500,,"3,300",500,,"3,400",500,,"3,500",600,,"3,400",600,,"3,300",600,,"3,200",600,,"3,100",500,,"3,100",500,,"3,000",600,,"2,800",500,,"2,700",500,,"2,400",400,,"2,300",400,,"2,200",400,,"2,100",400,,"2,100",400,,"1,900",300,,"1,900",300,,"1,800",300,,"1,600",300,,"1,600",300,,"1,500",300,,"1,600",400,,"1,700",300,,"1,700",400,,"1,700",400,,"1,600",300,,"1,600",300,,"1,500",300,,"1,500",400,,"1,600",400,,"1,400",400,,"1,300",300,,"1,300",300,,"1,400",400,,"1,400",400,,"1,400",300,,"1,400",300,,"1,300",300,,"1,300",300,,"1,300",300,,"1,200",300
Caerphilly,W06000018,,"6,500","1,300",,"5,700","1,200",,"5,800","1,300",,"5,600","1,200",,"4,800","1,000",,"5,000",800,,"4,500",700,,"4,100",700,,"4,600",800,,"4,700",800,,"4,600",800,,"4,700",800,,"4,800",800,,"4,500",900,,"4,500",900,,"4,700","1,000",,"4,700",900,,"4,600",800,,"5,000",800,,"5,000",800,,"5,100",900,,"5,200",900,,"5,100","1,000",,"5,400","1,000",,"6,100","1,000",,"7,200","1,200",,"8,000","1,200",,"9,000","1,200",,"8,800","1,100",,"8,600","1,100",,"8,100","1,100",,"7,900","1,100",,"7,800","1,200",,"8,200","1,100",,"8,500","1,200",,"8,700","1,200",,"8,600","1,200",,"8,600","1,300",,"8,500","1,300",,"8,200","1,300",,"8,000","1,300",,"7,900","1,300",,"7,800","1,300",,"7,800","1,400",,"7,400","1,300",,"7,300","1,200",,"7,200","1,200",,"6,800","1,100",,"7,200","1,200",,"7,300","1,200",,"7,000","1,100",,"6,600","1,100",,"6,100","1,000",,"5,500",900,,"5,000",800,,"4,800",800,,"4,400",800,,"4,400","1,000",,"4,700",900,,"5,000","1,000",,"5,300","1,100",,"4,900",900,,"5,000",900,,"4,800",900,,"4,500","1,000",,"4,700","1,100",,"4,100","1,000",,"3,800",900,,"3,900",900,,"3,700",900,,"3,500",900,,"3,400",800,,"3,500",800,,"3,300",700,,"3,500",700,,"3,400",700,,"3,200",700
Blaenau Gwent,W06000019,,"3,100",700,,"3,000",700,,"2,800",700,,"2,600",700,,"2,300",500,,"2,200",300,,"2,000",300,,"2,100",300,,"2,000",400,,"2,100",400,,"2,200",400,,"2,300",400,,"2,300",400,,"2,400",500,,"2,300",500,,"2,300",500,,"2,300",500,,"2,400",500,,"2,400",400,,"2,400",400,,"2,400",400,,"2,300",400,,"2,200",400,,"2,500",500,,"2,900",500,,"3,300",600,,"4,000",600,,"4,400",600,,"4,500",600,,"4,500",600,,"4,200",600,,"4,100",600,,"4,100",700,,"4,100",600,,"4,100",600,,"4,300",700,,"4,300",700,,"4,400",700,,"4,400",700,,"4,600",800,,"4,500",800,,"4,700",800,,"4,900",800,,"4,600",800,,"4,600",800,,"4,000",700,,"3,700",600,,"3,600",600,,"3,400",500,,"3,300",600,,"3,200",500,,"2,900",500,,"2,800",500,,"2,500",400,,"2,200",400,,"2,200",400,,"2,000",400,,"1,900",400,,"2,000",400,,"1,900",400,,"1,800",400,,"2,000",400,,"1,800",400,,"1,700",400,,"1,700",400,,"1,600",400,,"1,500",400,,"1,500",400,,"1,500",400,,"1,400",400,,"1,400",400,,"1,300",300,,"1,300",300,,"1,300",300,,"1,500",300,,"1,400",300,,"1,300",300
Torfaen,W06000020,,"3,300",700,,"3,100",700,,"3,100",700,,"2,700",700,,"2,500",500,,"2,300",400,,"2,200",400,,"2,200",400,,"2,000",300,,"2,000",400,,"2,100",400,,"2,100",400,,"2,200",400,,"2,200",400,,"2,200",500,,"2,100",400,,"2,100",400,,"2,200",400,,"2,400",400,,"2,500",400,,"2,700",400,,"2,800",500,,"3,000",500,,"2,900",500,,"3,100",500,,"3,400",500,,"3,700",600,,"4,100",600,,"4,200",500,,"4,100",500,,"3,800",500,,"3,800",500,,"3,700",600,,"4,000",600,,"4,200",600,,"4,300",600,,"4,400",600,,"4,800",700,,"4,700",700,,"4,700",700,,"4,900",800,,"4,700",800,,"4,900",800,,"4,900",800,,"4,500",800,,"4,100",700,,"3,700",600,,"3,700",600,,"3,400",500,,"3,300",600,,"3,200",500,,"2,900",500,,"2,800",500,,"2,500",400,,"2,200",400,,"2,100",400,,"1,900",400,,"1,800",400,,"2,100",400,,"2,000",400,,"2,100",500,,"2,300",400,,"2,300",400,,"2,300",500,,"2,300",500,,"2,300",500,,"2,200",500,,"2,100",500,,"1,900",500,,"1,700",400,,"1,500",400,,"1,600",400,,"1,600",400,,"1,800",400,,"2,000",400,,"2,000",400,,"2,000",400
Monmouthshire,W06000021,,"2,400",500,,"2,100",500,,"2,100",500,,"1,800",500,,"1,600",400,,"1,600",300,,"1,500",300,,"1,500",300,,"1,300",300,,"1,300",300,,"1,400",300,,"1,500",300,,"1,500",300,,"1,600",400,,"1,700",400,,"1,700",400,,"1,700",400,,"1,700",300,,"1,600",300,,"1,500",300,,"1,500",300,,"1,500",300,,"1,500",300,,"1,600",300,,"1,800",400,,"2,000",400,,"2,300",400,,"2,500",400,,"2,700",400,,"2,700",400,,"2,600",400,,"2,500",400,,"2,300",400,,"2,200",400,,"2,200",400,,"2,200",400,,"2,200",400,,"2,300",400,,"2,500",500,,"2,500",500,,"2,600",500,,"2,600",500,,"2,500",500,,"2,400",500,,"2,400",500,,"2,300",400,,"2,200",400,,"2,200",400,,"2,100",400,,"2,200",400,,"2,100",400,,"1,900",400,,"1,800",300,,"1,600",300,,"1,500",300,,"1,400",300,,"1,400",300,,"1,300",300,,"1,400",300,,"1,500",400,,"1,400",400,,"1,600",300,,"1,500",300,,"1,500",300,,"1,500",400,,"1,400",400,,"1,400",400,,"1,400",400,,"1,400",300,,"1,200",300,,"1,100",300,,"1,200",300,,"1,200",300,,"1,300",300,,"1,500",400,,"1,500",300,,"1,500",300
Newport,W06000022,,"6,000","1,200",,"5,200","1,100",,"4,900","1,100",,"4,800","1,100",,"4,000",800,,"3,600",600,,"3,600",600,,"3,500",600,,"3,300",600,,"3,300",600,,"3,400",600,,"3,700",600,,"3,800",600,,"4,200",800,,"4,300",900,,"4,400",900,,"4,000",800,,"4,100",700,,"4,200",600,,"4,100",600,,"4,400",700,,"4,400",800,,"4,600",900,,"4,800",800,,"5,300",900,,"5,700",900,,"6,200","1,000",,"6,600","1,000",,"6,900",900,,"6,900",900,,"6,600",900,,"6,800",900,,"6,800","1,000",,"7,200","1,000",,"7,400","1,000",,"7,600","1,100",,"7,100","1,100",,"7,000","1,100",,"7,000","1,100",,"7,000","1,200",,"7,100","1,200",,"7,000","1,200",,"6,800","1,200",,"6,400","1,200",,"6,300","1,200",,"6,300","1,100",,"5,900","1,000",,"6,000","1,000",,"5,800",900,,"5,700","1,000",,"5,800","1,000",,"5,400","1,000",,"5,200",900,,"4,500",800,,"4,200",700,,"3,900",700,,"3,600",700,,"3,600",800,,"4,000",800,,"4,000",900,,"4,100",900,,"4,000",700,,"4,000",800,,"3,700",800,,"3,400",800,,"3,500",800,,"3,400",800,,"3,500",800,,"3,400",800,,"3,000",700,,"2,600",700,,"2,700",600,,"3,000",700,,"3,200",700,,"3,800",800,,"3,700",700,,"3,500",700
Aberdeen City,S12000033,,"6,800","1,300",,"5,700","1,200",,"5,500","1,200",,"6,700","1,400",,"5,800","1,100",,"5,600","1,100",,"5,300","1,100",,"4,600",900,,"5,800","1,100",,"5,800","1,100",,"5,700","1,100",,"5,900","1,100",,"5,400",900,,"5,700","1,200",,"5,700","1,300",,"4,900","1,100",,"5,000","1,100",,"5,100","1,000",,"4,500",800,,"4,600",800,,"4,500",900,,"4,300",900,,"4,300","1,000",,"4,100",900,,"4,400",900,,"4,400",900,,"4,800","1,000",,"5,000",900,,"5,100",800,,"5,400",900,,"5,900","1,000",,"6,200","1,000",,"6,500","1,200",,"6,700","1,200",,"6,700","1,200",,"7,000","1,200",,"7,300","1,300",,"7,300","1,300",,"7,000","1,300",,"6,800","1,400",,"6,500","1,300",,"6,000","1,300",,"5,900","1,200",,"5,500","1,200",,"6,000","1,300",,"6,400","1,200",,"6,400","1,200",,"6,500","1,200",,"5,700","1,100",,"5,600","1,100",,"5,300","1,100",,"5,700","1,100",,"5,900","1,100",,"6,500","1,200",,"6,600","1,100",,"6,000","1,100",,"6,400","1,200",,"6,000","1,400",,"5,900","1,200",,"5,800","1,300",,"5,300","1,300",,"5,600","1,100",,"5,600","1,200",,"5,900","1,300",,"6,400","1,600",,"6,300","1,600",,"5,500","1,400",,"4,900","1,300",,"4,100","1,000",,"3,400",900,,"3,700","1,000",,"4,200","1,000",,"5,500","1,200",,"5,900","1,200",,"6,300","1,400",,"5,600","1,200",,"5,200","1,100"
Aberdeenshire,S12000034,,"5,500","1,100",,"4,300",900,,"4,200","1,000",,"4,900","1,100",,"4,800","1,000",,"4,300",900,,"4,400",900,,"4,400",800,,"4,100",800,,"4,300",900,,"4,400",900,,"4,300",800,,"4,000",700,,"4,100","1,000",,"4,200","1,000",,"3,900",900,,"4,000",900,,"3,900",800,,"3,400",600,,"3,500",600,,"3,300",700,,"3,200",700,,"3,200",700,,"3,100",700,,"3,300",700,,"3,200",600,,"3,400",700,,"3,700",700,,"3,800",700,,"4,300",700,,"4,500",800,,"4,600",800,,"5,000","1,000",,"5,100",900,,"5,500",900,,"5,500","1,000",,"5,600","1,000",,"5,400","1,000",,"5,100","1,000",,"5,000","1,100",,"4,600","1,100",,"4,700","1,100",,"4,300","1,000",,"4,700","1,100",,"4,600","1,100",,"4,400",900,,"4,700","1,000",,"4,300",900,,"4,200",800,,"4,000",900,,"3,700",800,,"3,900",800,,"3,900",800,,"4,600",900,,"4,800",800,,"4,800",900,,"5,300","1,000",,"5,100","1,300",,"5,100","1,100",,"4,700","1,200",,"4,100","1,100",,"4,200",900,,"3,800",900,,"4,000","1,000",,"4,000","1,100",,"3,700","1,100",,"4,000","1,200",,"3,600","1,000",,"3,300",900,,"2,900",800,,"2,900",800,,"3,400",900,,"4,000",900,,"4,800","1,000",,"5,000","1,100",,"4,400",900,,"4,300",900
Angus,S12000041,,"4,300",800,,"3,800",800,,"3,600",800,,"3,200",800,,"3,200",600,,"3,000",600,,"3,000",700,,"2,800",500,,"2,500",400,,"2,600",500,,"2,700",500,,"2,700",500,,"2,600",400,,"2,700",500,,"2,900",600,,"2,900",600,,"2,900",500,,"2,900",500,,"2,600",400,,"2,700",400,,"2,600",500,,"2,400",400,,"2,500",500,,"2,400",400,,"2,500",500,,"2,500",500,,"2,800",500,,"3,100",500,,"3,100",500,,"3,300",500,,"3,300",500,,"3,400",500,,"3,800",600,,"3,900",600,,"4,000",600,,"3,900",600,,"4,000",600,,"3,700",600,,"3,600",600,,"3,800",700,,"3,600",700,,"3,700",700,,"3,600",700,,"3,400",700,,"3,400",700,,"3,300",600,,"3,200",600,,"2,900",500,,"2,900",500,,"2,900",600,,"2,900",600,,"2,900",600,,"2,700",500,,"2,700",500,,"2,600",400,,"2,500",400,,"2,400",500,,"2,200",500,,"2,300",500,,"2,400",600,,"2,400",600,,"2,200",400,,"2,000",400,,"2,100",500,,"2,100",500,,"2,100",600,,"2,200",600,,"2,000",500,,"1,800",400,,"1,500",400,,"1,500",400,,"1,800",400,,"2,100",500,,"2,500",500,,"2,500",500,,"2,100",400,,"2,000",400
Argyll and Bute,S12000035,,"3,800",800,,"3,000",700,,"2,900",700,,"2,600",600,,"2,700",500,,"2,600",600,,"2,400",600,,"2,200",400,,"1,900",300,,"1,900",400,,"2,000",400,,"2,000",400,,"1,900",300,,"1,900",400,,"1,900",400,,"1,900",400,,"1,800",400,,"1,900",400,,"1,900",300,,"1,900",300,,"1,800",400,,"1,800",400,,"1,800",400,,"1,700",300,,"1,900",400,,"2,100",400,,"2,300",400,,"2,500",400,,"2,500",400,,"2,500",400,,"2,600",400,,"2,600",400,,"2,700",500,,"2,700",400,,"2,800",400,,"2,800",400,,"3,000",500,,"2,900",500,,"2,800",500,,"2,900",500,,"2,600",500,,"2,700",500,,"2,600",500,,"2,500",500,,"2,500",500,,"2,400",400,,"2,400",400,,"2,300",400,,"2,200",400,,"2,100",400,,"2,000",400,,"1,900",400,,"1,900",400,,"1,900",400,,"1,800",300,,"1,700",300,,"1,600",300,,"1,500",400,,"1,400",300,,"1,300",300,,"1,200",300,,"1,300",300,,"1,200",300,,"1,200",300,,"1,200",300,,"1,300",400,,"1,300",400,,"1,300",400,,"1,200",300,,"1,100",300,,"1,100",300,,"1,200",300,,"1,400",300,,"1,600",300,,"1,500",300,,"1,400",300,,"1,400",300
City of Edinburgh,S12000036,,"16,600","2,600",,"14,500","2,500",,"12,900","2,500",,"13,100","2,500",,"12,500","2,100",,"11,900","2,000",,"12,400","2,200",,"12,300","2,300",,"12,600","2,300",,"12,900","2,400",,"13,000","2,300",,"13,200","2,300",,"12,600","2,100",,"11,400","2,400",,"12,000","2,600",,"11,900","2,600",,"12,700","2,500",,"13,200","2,400",,"12,000","1,900",,"11,800","1,900",,"10,700","2,100",,"10,600","2,100",,"10,200","2,200",,"10,400","2,000",,"11,300","2,200",,"11,900","2,200",,"13,600","2,400",,"15,000","2,400",,"15,700","2,300",,"16,600","2,400",,"17,000","2,400",,"16,700","2,500",,"16,000","2,800",,"16,800","2,700",,"16,600","2,600",,"17,400","2,600",,"17,900","2,800",,"17,500","2,900",,"17,500","3,000",,"16,400","3,100",,"17,300","3,200",,"17,000","3,200",,"18,500","3,400",,"19,600","3,800",,"18,300","3,600",,"18,100","3,200",,"16,800","2,900",,"15,800","2,700",,"14,900","2,600",,"14,600","2,800",,"13,300","2,500",,"14,400","2,700",,"14,500","2,700",,"14,400","2,700",,"13,900","2,400",,"11,400","2,100",,"11,300","2,300",,"10,000","2,600",,"10,400","2,300",,"10,000","2,500",,"9,000","2,500",,"10,100","2,100",,"9,400","2,100",,"11,200","2,500",,"11,800","2,800",,"11,000","2,900",,"10,800","2,800",,"8,300","2,300",,"7,200","1,800",,"6,900","1,800",,"8,000","2,100",,"9,700","2,300",,"11,300","2,500",,"12,500","2,600",,"12,600","2,800",,"11,100","2,400",,"10,500","2,300"
Clackmannanshire,S12000005,,"2,000",500,,"1,900",500,,"2,000",500,,"1,700",500,,"1,500",400,,"1,700",400,,"1,600",400,,"1,400",300,,"1,400",300,,"1,300",300,,"1,300",300,,"1,400",300,,"1,300",300,,"1,400",300,,"1,400",400,,"1,300",300,,"1,300",300,,"1,300",300,,"1,300",200,,"1,400",300,,"1,300",300,,"1,300",300,,"1,200",300,,"1,200",300,,"1,300",300,,"1,500",300,,"1,700",300,,"2,000",400,,"2,100",300,,"2,100",300,,"2,100",300,,"2,100",400,,"2,100",400,,"2,300",400,,"2,300",400,,"2,500",400,,"2,500",500,,"2,500",500,,"2,500",500,,"2,400",500,,"2,400",500,,"2,300",500,,"2,300",500,,"2,300",500,,"2,400",500,,"2,300",500,,"2,300",500,,"2,000",400,,"1,900",400,,"1,900",400,,"1,600",300,,"1,600",300,,"1,500",300,,"1,400",300,,"1,400",200,,"1,300",200,,"1,300",300,,"1,400",400,,"1,300",300,,"1,200",300,,"1,200",300,,"1,100",200,,"1,200",300,,"1,200",300,,"1,100",300,,"1,100",300,,"1,000",300,,"1,000",300,,800,200,,900,200,,900,200,,"1,000",200,,"1,200",300,,"1,200",300,,"1,200",300,,"1,000",200,,900,200
Dumfries and Galloway,S12000006,,"5,500","1,100",,"4,900","1,000",,"4,500","1,000",,"4,800","1,100",,"4,700",900,,"4,300",900,,"4,200",900,,"3,500",600,,"3,000",600,,"3,000",600,,"3,100",600,,"3,100",500,,"3,100",500,,"3,100",700,,"3,300",700,,"3,400",700,,"3,300",700,,"3,300",600,,"3,100",500,,"3,300",500,,"3,100",600,,"3,100",600,,"3,000",600,,"3,000",600,,"3,400",700,,"3,700",700,,"4,000",700,,"4,200",700,,"4,100",600,,"4,200",600,,"4,400",600,,"4,300",700,,"4,400",800,,"4,700",800,,"4,900",800,,"5,200",800,,"5,600",900,,"5,700",900,,"5,600",900,,"5,800","1,000",,"5,800","1,000",,"5,600","1,000",,"5,600","1,000",,"5,500","1,000",,"5,300","1,000",,"4,800",800,,"4,600",800,,"4,100",700,,"4,100",700,,"4,100",700,,"3,800",700,,"3,800",700,,"3,400",600,,"3,400",600,,"3,200",500,,"2,900",500,,"3,000",600,,"2,600",600,,"2,600",600,,"2,400",600,,"2,100",600,,"2,300",500,,"2,200",500,,"2,300",600,,"2,100",600,,"2,100",600,,"2,200",600,,"2,300",600,,"2,200",600,,"1,900",500,,"1,800",500,,"2,100",500,,"2,600",600,,"3,000",600,,"2,900",600,,"2,500",500,,"2,400",500
Dundee City,S12000042,,"7,600","1,400",,"6,900","1,400",,"6,400","1,400",,"7,300","1,600",,"6,400","1,200",,"6,300","1,200",,"6,400","1,300",,"5,400",800,,"5,800",900,,"5,500",900,,"4,900",800,,"5,000",800,,"5,000",800,,"5,100","1,000",,"5,200","1,000",,"5,100","1,000",,"4,900",900,,"5,000",800,,"5,000",800,,"5,000",800,,"4,700",800,,"4,700",800,,"4,500",800,,"4,400",800,,"4,600",800,,"5,100",900,,"5,800",900,,"6,100",900,,"6,500",900,,"6,900",900,,"6,800",900,,"6,900","1,000",,"6,900","1,100",,"6,700","1,000",,"6,700","1,000",,"7,000","1,100",,"7,200","1,100",,"7,300","1,100",,"7,400","1,200",,"7,300","1,200",,"7,700","1,300",,"7,600","1,300",,"8,000","1,300",,"7,900","1,400",,"7,900","1,400",,"7,700","1,200",,"7,300","1,200",,"6,900","1,100",,"6,300","1,000",,"6,100","1,000",,"5,900","1,000",,"5,900","1,000",,"6,100","1,000",,"6,000","1,000",,"5,600",900,,"5,100",900,,"4,800",900,,"3,900",900,,"4,100",800,,"3,600",800,,"3,400",800,,"4,100",800,,"4,100",800,,"4,400",900,,"4,600","1,000",,"4,000",900,,"4,500","1,000",,"4,300",900,,"3,800",800,,"3,700",800,,"3,200",800,,"3,500",800,,"4,000",800,,"3,900",800,,"4,000",900,,"3,600",800,,"3,600",800
East Ayrshire,S12000008,,"6,600","1,200",,"6,000","1,100",,"6,500","1,300",,"5,600","1,200",,"4,400",800,,"5,000","1,000",,"4,900","1,000",,"4,200",600,,"3,800",600,,"3,700",600,,"3,900",600,,"4,200",600,,"4,000",600,,"4,100",800,,"3,900",800,,"3,800",800,,"3,700",700,,"3,600",600,,"3,700",600,,"3,700",600,,"3,700",600,,"3,600",600,,"3,400",600,,"3,500",600,,"3,700",600,,"4,400",700,,"4,800",800,,"5,400",800,,"5,800",800,,"5,800",800,,"5,900",800,,"5,700",800,,"5,600",900,,"5,800",800,,"6,000",800,,"6,400",900,,"6,500",900,,"6,600","1,000",,"6,600","1,000",,"6,600","1,100",,"6,700","1,100",,"6,400","1,100",,"6,600","1,100",,"6,500","1,100",,"6,800","1,100",,"6,600","1,000",,"6,300","1,000",,"5,700",900,,"5,300",900,,"5,200",900,,"4,700",800,,"4,700",800,,"4,500",800,,"4,200",700,,"3,900",600,,"3,700",600,,"3,500",700,,"3,400",800,,"3,300",700,,"3,200",700,,"3,400",800,,"3,100",600,,"3,300",700,,"3,400",700,,"3,300",800,,"3,200",800,,"3,500",800,,"3,000",700,,"2,700",600,,"2,700",700,,"2,500",600,,"2,600",600,,"3,000",600,,"3,000",600,,"2,900",600,,"2,800",600,,"2,400",500
East Dunbartonshire,S12000045,,"3,100",600,,"2,900",600,,"2,700",600,,"2,400",600,,"2,600",500,,"2,600",600,,"2,700",600,,"2,200",400,,"1,800",400,,"1,900",400,,"1,900",400,,"2,100",400,,"2,000",400,,"2,000",400,,"2,000",500,,"2,100",500,,"2,200",500,,"2,100",400,,"2,000",300,,"1,800",300,,"1,700",300,,"1,700",300,,"1,700",400,,"1,800",400,,"2,100",400,,"2,300",400,,"2,700",500,,"2,900",500,,"3,100",500,,"3,300",500,,"3,300",500,,"3,300",500,,"3,200",600,,"3,200",500,,"3,100",500,,"3,100",500,,"3,200",500,,"3,200",600,,"3,300",600,,"3,200",600,,"3,200",600,,"2,800",600,,"2,800",600,,"2,700",600,,"2,700",600,,"2,600",500,,"2,600",500,,"2,500",500,,"2,300",500,,"2,500",500,,"2,500",500,,"2,400",500,,"2,300",400,,"2,100",400,,"1,900",400,,"1,800",300,,"1,800",400,,"1,700",400,,"1,800",400,,"1,800",400,,"1,700",500,,"1,900",400,,"1,800",400,,"1,800",400,,"1,700",400,,"1,600",400,,"1,600",400,,"1,500",400,,"1,400",300,,"1,200",300,,"1,200",300,,"1,400",300,,"1,700",400,,"1,900",400,,"2,000",400,,"1,700",400,,"1,700",400
East Lothian,S12000010,,"2,700",600,,"2,300",500,,"2,400",600,,"2,100",500,,"2,000",400,,"2,100",500,,"2,000",500,,"1,800",300,,"1,800",400,,"1,800",400,,"1,700",300,,"1,800",300,,"1,700",300,,"1,700",400,,"1,700",400,,"1,600",400,,"1,600",400,,"1,700",300,,"1,700",300,,"1,800",300,,"1,700",300,,"1,600",300,,"1,500",300,,"1,500",300,,"1,700",300,,"1,900",400,,"2,100",400,,"2,400",400,,"2,600",400,,"2,900",400,,"3,100",500,,"3,200",500,,"3,400",600,,"3,400",600,,"3,500",600,,"3,500",600,,"3,700",600,,"3,600",600,,"3,500",600,,"3,500",700,,"3,300",700,,"3,300",700,,"3,200",600,,"3,100",700,,"3,200",700,,"3,200",600,,"3,100",600,,"2,900",500,,"2,800",500,,"2,600",500,,"2,500",500,,"2,600",500,,"2,600",500,,"2,600",500,,"2,400",400,,"2,200",400,,"2,200",400,,"2,100",500,,"2,200",500,,"2,000",500,,"2,200",600,,"2,200",400,,"2,300",500,,"2,300",500,,"1,900",500,,"2,000",500,,"1,700",500,,"1,600",400,,"1,500",400,,"1,300",400,,"1,400",400,,"1,800",400,,"2,100",500,,"2,200",400,,"2,100",500,,"1,900",400,,"1,700",400
East Renfrewshire,S12000011,,"2,400",500,,"2,000",500,,"2,000",500,,"1,900",500,,"2,000",400,,"2,100",500,,"2,200",500,,"1,900",400,,"1,700",300,,"1,600",300,,"1,600",300,,"1,700",300,,"1,700",300,,"1,700",400,,"1,700",400,,"1,600",400,,"1,600",400,,"1,700",300,,"1,600",300,,"1,500",300,,"1,500",300,,"1,400",300,,"1,500",300,,"1,500",300,,"1,500",300,,"1,700",300,,"1,900",300,,"2,200",400,,"2,400",400,,"2,600",400,,"2,700",400,,"2,800",400,,"2,700",500,,"2,500",400,,"2,500",400,,"2,400",400,,"2,600",400,,"2,600",500,,"2,600",500,,"2,700",500,,"2,600",500,,"2,500",500,,"2,600",500,,"2,700",600,,"2,900",600,,"2,700",500,,"2,500",500,,"2,200",400,,"2,100",400,,"2,300",400,,"2,100",400,,"2,200",400,,"1,900",400,,"1,800",400,,"1,700",300,,"1,500",300,,"1,600",300,,"1,500",400,,"1,600",400,,"1,500",400,,"1,400",400,,"1,400",300,,"1,400",300,,"1,500",400,,"1,500",400,,"1,600",400,,"1,500",400,,"1,400",400,,"1,200",300,,"1,100",300,,"1,200",300,,"1,300",300,,"1,600",400,,"1,700",400,,"1,700",400,,"1,600",300,,"1,500",300
Falkirk,S12000014,,"5,800","1,100",,"5,500","1,100",,"5,700","1,200",,"5,200","1,100",,"4,900",900,,"5,700","1,000",,"5,100","1,000",,"3,900",700,,"3,900",700,,"3,900",700,,"3,800",700,,"4,000",700,,"4,000",700,,"4,300",900,,"4,500",900,,"4,500",900,,"4,300",800,,"4,000",700,,"3,800",600,,"3,800",600,,"3,700",700,,"3,600",700,,"3,300",700,,"3,400",600,,"3,600",700,,"4,100",700,,"4,600",800,,"5,300",800,,"5,700",800,,"5,800",800,,"6,000",800,,"6,000",900,,"6,200","1,000",,"6,400","1,000",,"6,500","1,000",,"6,800","1,000",,"7,000","1,000",,"6,900","1,100",,"7,100","1,100",,"6,800","1,200",,"6,600","1,200",,"6,500","1,200",,"6,400","1,100",,"6,500","1,200",,"6,300","1,200",,"6,300","1,100",,"5,900","1,000",,"5,300",900,,"5,200",900,,"5,200",900,,"5,000",900,,"4,900",900,,"4,700",800,,"4,300",700,,"4,100",700,,"3,800",700,,"3,700",700,,"3,800",900,,"3,700",800,,"3,700",800,,"3,500",900,,"3,400",700,,"3,400",700,,"3,200",700,,"3,100",800,,"3,100",800,,"3,000",800,,"3,300",800,,"3,000",700,,"2,900",700,,"2,900",700,,"3,100",700,,"3,600",800,,"3,400",700,,"3,500",800,,"3,200",700,,"2,800",600
Fife,S12000015,,"15,300","2,400",,"13,900","2,300",,"15,300","2,700",,"13,500","2,500",,"11,500","1,900",,"14,100","2,200",,"13,800","2,300",,"10,700","1,700",,"10,100","1,700",,"9,600","1,700",,"9,800","1,700",,"10,300","1,800",,"10,400","1,700",,"11,000","2,200",,"11,300","2,300",,"10,800","2,200",,"10,800","2,100",,"11,000","1,900",,"10,700","1,600",,"10,700","1,600",,"10,300","1,900",,"9,600","1,800",,"9,300","1,900",,"9,500","1,800",,"10,600","1,900",,"11,100","1,900",,"12,300","2,100",,"14,100","2,200",,"14,800","2,100",,"14,800","2,000",,"15,100","2,100",,"15,000","2,100",,"15,900","2,500",,"16,800","2,400",,"16,800","2,400",,"17,000","2,400",,"16,500","2,400",,"16,300","2,500",,"16,500","2,600",,"17,000","2,800",,"16,800","2,900",,"16,800","2,900",,"16,800","3,000",,"16,200","3,000",,"16,300","3,000",,"14,900","2,500",,"13,800","2,300",,"12,600","2,100",,"12,000","2,000",,"12,100","2,200",,"11,700","2,100",,"12,200","2,200",,"11,900","2,100",,"11,200","2,000",,"10,500","1,700",,"9,500","1,700",,"8,900","1,700",,"8,700","2,100",,"8,700","1,900",,"7,900","1,900",,"7,400","1,900",,"7,600","1,500",,"7,700","1,600",,"7,900","1,800",,"8,400","2,100",,"8,500","2,200",,"8,300","2,100",,"8,200","2,000",,"7,300","1,700",,"7,100","1,700",,"7,100","1,700",,"7,500","1,600",,"8,600","1,700",,"8,700","1,700",,"8,700","1,800",,"7,600","1,500",,"6,700","1,400"
Glasgow City,S12000046,,"33,500","4,400",,"30,400","4,200",,"27,600","4,000",,"30,600","4,400",,"23,800","3,500",,"25,700","3,700",,"24,000","3,800",,"21,400","3,300",,"21,300","3,500",,"20,700","3,500",,"20,500","3,400",,"22,200","3,500",,"21,900","3,400",,"22,600","4,100",,"22,400","4,200",,"20,800","4,000",,"20,800","3,800",,"21,300","3,500",,"20,500","3,000",,"20,200","3,000",,"18,800","3,100",,"18,600","3,100",,"17,700","3,200",,"18,500","3,100",,"19,800","3,200",,"22,400","3,400",,"25,400","3,700",,"27,800","3,700",,"29,100","3,700",,"31,100","3,800",,"31,500","3,900",,"32,300","4,100",,"33,700","4,600",,"32,200","4,300",,"32,700","4,300",,"33,500","4,400",,"33,600","4,600",,"33,200","4,800",,"32,500","5,000",,"33,200","5,400",,"33,300","5,500",,"32,700","5,400",,"32,700","5,500",,"29,700","5,400",,"30,900","5,600",,"28,900","4,900",,"29,900","5,000",,"27,900","4,600",,"27,400","4,500",,"30,000","5,000",,"27,600","4,700",,"28,300","4,700",,"26,800","4,400",,"25,500","4,300",,"23,400","3,600",,"20,600","3,400",,"19,700","3,600",,"17,600","3,900",,"17,900","3,500",,"18,800","4,000",,"17,200","4,000",,"18,200","3,400",,"17,100","3,400",,"16,900","3,400",,"17,800","3,900",,"16,900","3,900",,"17,300","3,900",,"16,400","3,600",,"14,500","3,100",,"14,100","3,200",,"14,400","3,300",,"15,000","3,300",,"17,100","3,600",,"18,700","3,700",,"20,000","4,200",,"18,100","3,600",,"17,400","3,600"
Highland,S12000017,,"9,500","1,700",,"7,800","1,500",,"6,900","1,400",,"6,300","1,400",,"6,100","1,100",,"6,200","1,200",,"5,700","1,200",,"5,100",900,,"4,500",800,,"4,200",800,,"4,400",800,,"4,600",900,,"4,500",800,,"4,700","1,100",,"4,600","1,100",,"4,400","1,000",,"4,400","1,000",,"4,300",900,,"4,100",700,,"4,200",700,,"3,800",800,,"3,700",800,,"3,700",800,,"3,700",800,,"4,000",800,,"4,300",800,,"4,700",900,,"5,200",900,,"5,300",900,,"5,500",900,,"5,800",900,,"5,700",900,,"5,700","1,000",,"6,200","1,000",,"6,400","1,000",,"6,400","1,000",,"6,600","1,100",,"6,300","1,100",,"5,800","1,000",,"6,100","1,200",,"6,000","1,200",,"6,200","1,300",,"6,200","1,300",,"6,300","1,400",,"6,300","1,400",,"6,000","1,200",,"6,100","1,200",,"5,500","1,000",,"5,200","1,000",,"5,200","1,000",,"4,800","1,000",,"4,800","1,000",,"4,600",900,,"4,800","1,000",,"4,700",800,,"4,300",800,,"4,400",900,,"4,000","1,000",,"4,400","1,000",,"4,300","1,100",,"4,300","1,200",,"4,500","1,000",,"4,200","1,000",,"4,200","1,100",,"3,700","1,100",,"3,600","1,100",,"3,600","1,100",,"3,500","1,000",,"3,300",900,,"2,600",800,,"2,800",800,,"3,200",800,,"3,900",900,,"4,700","1,000",,"4,400","1,000",,"3,900",900,,"4,000",900
Inverclyde,S12000018,,"3,400",700,,"3,300",700,,"3,800",900,,"3,200",800,,"2,700",600,,"2,800",600,,"3,200",700,,"3,000",500,,"2,900",500,,"2,800",500,,"2,600",400,,"2,800",500,,"2,800",400,,"2,700",500,,"2,800",600,,"2,800",600,,"2,700",500,,"2,800",500,,"2,800",400,,"2,900",400,,"2,800",500,,"2,500",500,,"2,400",500,,"2,400",400,,"2,500",500,,"2,900",500,,"3,000",500,,"3,400",500,,"3,600",500,,"3,500",500,,"3,600",500,,"3,400",500,,"3,400",600,,"3,500",600,,"3,700",600,,"4,000",600,,"4,400",600,,"4,600",700,,"4,800",700,,"4,600",700,,"4,600",800,,"4,300",700,,"3,900",700,,"3,700",700,,"3,100",600,,"3,200",600,,"3,100",500,,"3,000",500,,"2,900",500,,"2,800",500,,"2,800",500,,"2,800",500,,"2,800",500,,"2,600",500,,"2,500",400,,"2,300",400,,"2,100",400,,"2,000",500,,"2,100",400,,"2,100",500,,"2,200",500,,"2,200",400,,"2,200",500,,"2,000",400,,"2,000",500,,"1,900",500,,"1,800",500,,"1,900",500,,"1,700",400,,"1,700",400,,"1,600",400,,"1,600",400,,"1,800",400,,"1,800",300,,"1,800",400,,"1,600",300,,"1,500",300
Midlothian,S12000019,,"2,500",500,,"2,300",500,,"2,000",500,,"2,000",500,,"1,800",400,,"1,700",400,,"1,800",400,,"1,800",300,,"1,600",300,,"1,600",300,,"1,700",300,,"1,900",400,,"1,900",300,,"2,000",500,,"2,100",500,,"2,000",500,,"2,000",500,,"1,900",400,,"1,800",300,,"1,800",300,,"1,800",400,,"1,700",300,,"1,700",400,,"1,700",300,,"1,800",400,,"2,000",400,,"2,200",400,,"2,600",400,,"2,700",400,,"2,800",400,,"3,000",500,,"2,900",500,,"3,100",600,,"3,300",500,,"3,300",500,,"3,400",500,,"3,300",500,,"3,300",600,,"3,200",600,,"3,100",600,,"2,900",600,,"2,700",600,,"2,700",500,,"2,700",600,,"2,800",600,,"3,000",500,,"2,900",500,,"2,700",500,,"2,600",500,,"2,400",500,,"2,300",400,,"2,200",400,,"2,100",400,,"2,100",400,,"2,000",400,,"1,800",400,,"1,800",400,,"1,600",400,,"1,700",400,,"1,600",400,,"1,500",400,,"1,700",400,,"1,700",400,,"1,700",400,,"1,700",400,,"1,700",500,,"1,700",500,,"1,500",400,,"1,300",300,,"1,200",300,,"1,200",300,,"1,400",300,,"1,700",400,,"1,800",400,,"1,800",400,,"1,600",400,,"1,400",300
Moray,S12000020,,"3,000",600,,"2,500",500,,"2,700",600,,"2,500",600,,"2,300",500,,"2,100",500,,"2,100",500,,"2,000",400,,"1,700",300,,"1,600",300,,"1,700",300,,"1,700",300,,"1,800",300,,"1,900",400,,"2,000",400,,"2,000",400,,"1,900",400,,"1,900",300,,"1,800",300,,"1,800",300,,"1,600",300,,"1,700",300,,"1,600",300,,"1,600",300,,"1,900",300,,"1,800",300,,"2,000",400,,"2,200",400,,"2,200",300,,"2,300",400,,"2,400",400,,"2,300",400,,"2,300",400,,"2,400",400,,"2,400",400,,"2,500",400,,"2,600",400,,"2,500",400,,"2,400",400,,"2,300",500,,"2,300",500,,"2,400",500,,"2,300",500,,"2,400",500,,"2,400",500,,"2,200",400,,"2,300",400,,"2,200",400,,"2,200",400,,"2,200",400,,"2,100",400,,"2,000",400,,"1,900",400,,"2,000",400,,"1,900",300,,"1,900",300,,"2,000",400,,"1,900",500,,"1,900",400,,"1,900",400,,"1,800",500,,"1,800",400,,"1,700",400,,"1,700",400,,"1,700",500,,"1,800",500,,"1,800",500,,"1,800",500,,"1,600",400,,"1,300",400,,"1,300",400,,"1,400",400,,"1,800",400,,"2,000",400,,"1,900",400,,"1,700",400,,"1,600",400
Na h-Eileanan Siar,S12000013,,"1,500",400,,"1,200",300,,"1,100",300,,"1,100",300,,900,300,,900,300,,800,200,,700,200,,700,200,,700,200,,700,200,,700,200,,700,100,,700,200,,700,200,,700,200,,700,200,,600,100,,600,100,,600,100,,600,100,,600,100,,600,200,,600,100,,600,100,,700,200,,700,200,,800,200,,800,200,,800,200,,800,200,,800,200,,800,200,,800,200,,800,200,,900,200,,900,200,,900,200,,900,200,,800,200,,800,200,,900,200,,800,200,,900,200,,900,200,,800,200,,800,200,,700,200,,700,200,,700,200,,700,200,,700,200,,600,100,,600,100,,600,100,,500,100,,500,100,,500,100,,500,100,,400,100,,400,100,,400,100,,400,100,,300,100,,300,100,,300,100,,400,100,,400,100,,300,100,,300,100,,300,100,,400,100,,400,100,,500,100,,600,100,,400,100,,400,100
North Ayrshire,S12000021,,"6,500","1,200",,"6,500","1,200",,"6,600","1,400",,"5,500","1,200",,"5,200","1,000",,"5,900","1,100",,"5,800","1,200",,"5,300",800,,"5,200",800,,"4,800",800,,"4,700",700,,"4,800",700,,"4,500",700,,"4,900",900,,"4,900",900,,"5,100",900,,"5,000",900,,"4,800",800,,"4,400",700,,"4,400",700,,"4,200",700,,"4,200",700,,"4,500",800,,"4,400",800,,"4,800",800,,"5,300",800,,"5,900",900,,"6,600","1,000",,"6,800",900,,"7,000",900,,"7,100",900,,"7,300","1,000",,"7,500","1,100",,"7,400","1,000",,"7,400","1,000",,"7,700","1,100",,"8,000","1,100",,"8,100","1,200",,"8,000","1,200",,"7,500","1,200",,"7,900","1,300",,"7,600","1,200",,"8,100","1,300",,"8,100","1,300",,"8,200","1,300",,"7,200","1,100",,"6,400","1,000",,"5,900",900,,"5,500",900,,"6,000","1,000",,"5,800",900,,"6,000","1,000",,"5,800","1,000",,"5,200",900,,"5,000",800,,"4,800",800,,"4,700",800,,"4,900","1,000",,"4,400",900,,"4,200",900,,"4,000",900,,"3,600",700,,"3,700",800,,"3,600",800,,"3,600",800,,"3,700",900,,"3,600",900,,"3,800",900,,"3,300",800,,"3,000",700,,"3,000",700,,"2,800",600,,"3,100",700,,"3,400",700,,"3,200",700,,"3,000",600,,"2,700",600
North Lanarkshire,S12000044,,"16,000","2,500",,"13,700","2,200",,"13,900","2,400",,"11,800","2,200",,"11,400","1,900",,"12,700","2,100",,"12,500","2,300",,"11,800","1,800",,"9,800","1,600",,"9,100","1,600",,"9,700","1,600",,"10,200","1,600",,"10,000","1,600",,"10,700","2,000",,"10,600","2,100",,"10,000","2,000",,"9,500","1,800",,"9,200","1,600",,"8,900","1,400",,"9,200","1,400",,"8,900","1,600",,"8,500","1,600",,"8,400","1,700",,"8,600","1,600",,"9,500","1,700",,"11,000","1,900",,"12,100","2,000",,"13,800","2,100",,"14,800","2,000",,"16,000","2,100",,"16,600","2,200",,"16,800","2,300",,"17,700","2,600",,"16,800","2,300",,"17,300","2,400",,"17,600","2,400",,"18,100","2,500",,"18,100","2,600",,"19,100","2,700",,"19,200","2,900",,"19,600","3,000",,"19,500","3,000",,"17,400","2,800",,"18,400","3,000",,"17,900","2,900",,"16,400","2,500",,"15,800","2,400",,"14,000","2,200",,"12,900","2,000",,"12,700","2,200",,"12,500","2,100",,"12,500","2,100",,"12,100","2,000",,"10,900","1,800",,"10,100","1,600",,"9,200","1,500",,"8,500","1,600",,"8,300","1,900",,"8,500","1,700",,"8,100","1,800",,"7,900","2,000",,"7,600","1,500",,"7,600","1,600",,"7,700","1,700",,"7,800","1,900",,"7,800","2,000",,"7,100","1,800",,"8,000","1,900",,"7,100","1,600",,"6,800","1,600",,"7,800","1,900",,"7,500","1,700",,"8,800","1,800",,"8,900","1,700",,"8,400","1,800",,"7,500","1,500",,"6,500","1,400"
Orkney Islands,S12000023,,600,100,,500,100,,400,100,,500,200,,500,100,,400,200,,400,100,,300,100,,300,100,,300,100,,300,100,,300,100,,300,100,,300,100,,300,100,,300,100,,400,100,,400,100,,300,100,,300,100,,300,100,,300,100,,300,100,,300,100,,300,100,,300,100,,300,100,,300,100,,300,100,,300,100,,300,100,,300,100,,400,100,,400,100,,400,100,,500,100,,500,100,,500,100,,500,100,,500,100,,400,100,,400,100,,400,100,,400,100,,400,100,,400,100,,400,100,,400,100,,400,100,,300,100,,300,100,,300,100,,300,100,,300,100,,400,100,,300,100,,300,100,,300,100,,300,100,,300,100,,300,100,,300,100,,200,100,,200,100,,200,100,,300,100,,300,100,,200,100,,200,100,,200,100,,200,100,,300,100,,300,100,,400,100,,300,100,,300,100,,300,100
Perth and Kinross,S12000024,,"4,100",800,,"3,900",800,,"3,700",900,,"3,300",800,,"3,100",700,,"3,000",600,,"3,000",700,,"2,500",500,,"2,400",500,,"2,500",500,,"2,500",500,,"2,500",500,,"2,500",400,,"2,300",500,,"2,600",600,,"2,600",600,,"2,600",500,,"2,700",500,,"2,400",400,,"2,500",400,,"2,400",500,,"2,200",400,,"2,200",500,,"2,200",400,,"2,500",500,,"2,600",500,,"2,800",500,,"2,900",500,,"2,900",500,,"3,200",500,,"3,500",500,,"3,600",600,,"3,800",700,,"3,800",600,,"3,700",600,,"3,900",600,,"4,100",700,,"4,300",700,,"4,500",800,,"4,600",800,,"4,400",800,,"4,400",800,,"3,900",800,,"4,300",900,,"4,100",800,,"3,700",700,,"3,800",700,,"3,300",600,,"3,300",600,,"3,300",700,,"3,100",600,,"3,100",600,,"2,900",600,,"2,900",600,,"2,700",500,,"2,500",500,,"2,600",500,,"2,400",600,,"2,400",600,,"2,400",600,,"2,200",600,,"2,300",500,,"2,100",500,,"2,300",600,,"2,300",600,,"2,300",700,,"2,300",700,,"2,200",600,,"1,900",500,,"1,800",500,,"2,000",600,,"2,300",600,,"2,900",700,,"3,100",700,,"3,100",700,,"2,600",500,,"2,300",500
Renfrewshire,S12000038,,"8,200","1,400",,"6,900","1,300",,"7,200","1,400",,"6,200","1,300",,"5,200",900,,"5,900","1,100",,"6,200","1,200",,"5,000",800,,"4,500",800,,"4,300",800,,"4,500",800,,"4,700",800,,"4,600",700,,"4,600",900,,"4,600","1,000",,"4,100",900,,"4,200",800,,"4,300",800,,"4,300",700,,"4,500",700,,"4,400",800,,"4,400",800,,"4,300",800,,"4,500",800,,"4,800",800,,"5,100",800,,"5,700",900,,"6,400","1,000",,"6,800",900,,"7,100","1,000",,"7,500","1,000",,"7,700","1,100",,"7,600","1,200",,"8,200","1,200",,"8,100","1,100",,"8,200","1,200",,"8,600","1,200",,"8,300","1,300",,"8,300","1,300",,"8,000","1,400",,"8,000","1,400",,"7,600","1,400",,"7,500","1,300",,"7,600","1,400",,"7,200","1,400",,"7,400","1,300",,"7,200","1,200",,"6,500","1,100",,"6,200","1,000",,"5,800","1,000",,"5,600","1,000",,"5,600","1,000",,"5,600","1,000",,"5,200",900,,"5,000",800,,"4,700",800,,"4,500",800,,"4,500","1,000",,"4,400",900,,"4,200",900,,"3,900","1,000",,"4,000",800,,"4,200",900,,"4,200",900,,"4,300","1,000",,"4,300","1,100",,"4,000","1,000",,"3,800",900,,"3,400",800,,"3,400",800,,"3,300",800,,"3,500",800,,"4,000",800,,"4,000",800,,"4,100",900,,"3,600",700,,"3,100",700
Scottish Borders,S12000026,,"2,600",600,,"2,400",600,,"2,600",700,,"2,700",700,,"2,300",500,,"2,200",500,,"2,400",600,,"2,000",300,,"1,800",300,,"1,900",400,,"2,000",400,,"2,000",400,,"2,000",400,,"2,100",500,,"2,200",500,,"2,100",500,,"2,200",500,,"2,200",400,,"2,000",300,,"2,000",300,,"1,800",400,,"1,700",400,,"1,700",400,,"1,700",400,,"2,100",400,,"2,300",400,,"2,700",500,,"3,000",500,,"2,900",400,,"3,000",500,,"3,200",500,,"3,100",500,,"3,300",600,,"3,300",500,,"3,200",500,,"3,300",500,,"3,400",600,,"3,500",600,,"3,300",600,,"3,300",600,,"3,300",600,,"3,200",600,,"3,100",600,,"3,200",600,,"3,000",600,,"2,900",500,,"2,900",500,,"2,600",500,,"2,700",500,,"2,700",500,,"2,600",500,,"2,600",500,,"2,400",400,,"2,500",500,,"2,400",400,,"2,300",400,,"2,400",500,,"2,200",500,,"2,000",400,,"2,000",500,,"1,900",500,,"1,900",400,,"1,700",400,,"1,700",400,,"1,700",500,,"1,800",500,,"2,000",600,,"2,000",500,,"1,700",400,,"1,500",400,,"1,400",400,,"1,500",400,,"1,900",400,,"2,300",500,,"2,300",500,,"2,100",400,,"2,000",500
Shetland Islands,S12000027,,600,100,,500,200,,600,200,,500,200,,600,200,,400,200,,500,100,,400,100,,400,100,,400,100,,400,100,,400,100,,400,100,,400,100,,400,100,,500,100,,500,100,,400,100,,400,100,,400,100,,300,100,,300,100,,300,100,,300,100,,300,100,,300,100,,300,100,,300,100,,400,100,,400,100,,400,100,,500,100,,500,100,,500,100,,500,100,,500,100,,500,100,,500,100,,400,100,,500,100,,400,100,,400,100,,400,100,,400,100,,400,100,,400,100,,400,100,,400,100,,400,100,,300,100,,300,100,,300,100,,300,100,,400,100,,400,100,,400,100,,400,100,,300,100,,300,100,,300,100,,300,100,,300,100,,300,100,,300,100,,300,100,,300,100,,300,100,,300,100,,300,100,,200,100,,200,100,,300,100,,300,100,,400,100,,300,100,,300,100,,300,100
South Ayrshire,S12000028,,"5,000","1,000",,"4,500",900,,"4,800","1,000",,"4,100",900,,"3,800",700,,"4,200",800,,"3,800",800,,"3,200",500,,"3,200",600,,"3,000",500,,"3,100",500,,"3,100",500,,"3,000",500,,"3,300",600,,"3,300",600,,"3,100",600,,"3,000",600,,"2,800",500,,"2,800",400,,"2,900",400,,"2,800",500,,"2,700",500,,"2,700",500,,"2,800",500,,"2,800",500,,"3,000",500,,"3,400",600,,"3,800",600,,"4,100",600,,"4,300",600,,"4,500",600,,"4,500",600,,"4,700",700,,"4,700",700,,"4,700",700,,"4,900",700,,"5,100",800,,"4,900",800,,"4,900",800,,"5,000",900,,"5,100",900,,"4,800",900,,"4,500",800,,"4,400",900,,"4,200",800,,"4,300",800,,"4,200",700,,"3,900",700,,"3,700",600,,"3,500",700,,"3,400",600,,"3,400",600,,"3,300",600,,"3,300",600,,"3,100",500,,"2,800",500,,"2,600",500,,"2,300",500,,"2,400",500,,"2,200",500,,"2,300",600,,"2,300",500,,"2,300",500,,"2,300",500,,"2,200",500,,"2,200",600,,"2,000",500,,"2,200",600,,"1,900",500,,"1,800",500,,"2,000",500,,"2,100",500,,"2,500",500,,"2,500",500,,"2,400",500,,"2,300",500,,"2,000",400
South Lanarkshire,S12000029,,"12,500","2,100",,"11,300","1,900",,"10,300","1,900",,"11,100","2,100",,"9,500","1,600",,"9,600","1,600",,"9,900","1,800",,"8,900","1,400",,"7,500","1,300",,"7,900","1,400",,"8,100","1,400",,"8,300","1,400",,"7,900","1,300",,"7,300","1,600",,"7,700","1,700",,"7,100","1,600",,"7,500","1,500",,"7,400","1,300",,"7,300","1,100",,"7,500","1,200",,"6,700","1,200",,"6,500","1,200",,"6,400","1,300",,"6,400","1,200",,"7,000","1,300",,"7,800","1,300",,"8,700","1,500",,"10,400","1,600",,"11,800","1,600",,"12,300","1,600",,"12,900","1,700",,"12,800","1,800",,"12,400","2,000",,"12,700","1,900",,"12,500","1,900",,"13,000","1,900",,"13,500","2,000",,"13,400","2,100",,"13,200","2,100",,"12,200","2,100",,"11,600","2,100",,"11,800","2,200",,"12,400","2,200",,"13,800","2,500",,"14,100","2,500",,"13,000","2,200",,"12,100","2,000",,"11,000","1,800",,"10,300","1,700",,"9,900","1,800",,"9,700","1,700",,"9,700","1,700",,"9,200","1,600",,"9,200","1,500",,"8,500","1,300",,"7,800","1,300",,"7,500","1,300",,"6,800","1,500",,"6,800","1,400",,"6,300","1,400",,"6,300","1,600",,"6,500","1,300",,"6,800","1,400",,"6,800","1,500",,"6,800","1,700",,"6,600","1,700",,"6,400","1,700",,"5,900","1,500",,"5,100","1,300",,"4,900","1,300",,"5,100","1,300",,"5,400","1,200",,"7,000","1,400",,"7,400","1,400",,"7,200","1,500",,"6,600","1,300",,"5,900","1,200"
Stirling,S12000030,,"2,700",600,,"2,500",600,,"2,800",700,,"2,500",600,,"2,200",500,,"2,200",500,,"2,400",600,,"2,300",400,,"2,000",400,,"2,000",400,,"2,000",400,,"2,000",400,,"1,900",400,,"1,800",400,,"1,800",500,,"1,900",500,,"2,000",500,,"2,000",400,,"1,900",300,,"1,800",300,,"1,700",400,,"1,800",400,,"1,800",400,,"1,800",400,,"2,000",400,,"2,300",400,,"2,600",500,,"2,900",500,,"3,100",500,,"3,200",500,,"3,200",500,,"3,100",500,,"3,100",600,,"3,000",500,,"3,000",500,,"3,100",500,,"3,100",500,,"3,200",600,,"3,200",600,,"3,300",700,,"3,500",700,,"3,600",700,,"3,600",700,,"3,500",700,,"3,400",700,,"3,100",600,,"2,900",600,,"2,600",500,,"2,500",500,,"2,400",500,,"2,400",500,,"2,500",500,,"2,400",500,,"2,300",400,,"2,100",400,,"2,000",400,,"2,000",400,,"1,800",500,,"2,000",400,,"1,900",500,,"1,800",500,,"1,900",400,,"1,700",400,,"1,900",400,,"1,800",500,,"1,700",500,,"2,000",500,,"1,800",500,,"1,800",400,,"1,400",400,,"1,300",300,,"1,500",400,,"1,600",400,,"1,900",400,,"2,000",500,,"1,800",400,,"1,700",400
West Dunbartonshire,S12000039,,"5,100","1,000",,"4,900","1,000",,"4,200",900,,"4,200","1,000",,"3,800",700,,"4,400",900,,"4,000",900,,"3,500",500,,"3,100",500,,"3,100",500,,"3,000",500,,"3,100",500,,"3,100",500,,"3,200",600,,"3,400",600,,"3,300",600,,"3,000",600,,"3,000",500,,"2,900",400,,"3,000",400,,"2,900",500,,"2,900",500,,"2,800",500,,"2,800",500,,"3,100",500,,"3,300",500,,"3,600",600,,"4,100",600,,"4,300",600,,"4,500",600,,"4,500",600,,"4,600",600,,"4,600",700,,"4,900",700,,"4,900",700,,"5,100",700,,"5,100",700,,"4,800",700,,"5,000",700,,"5,000",800,,"5,100",800,,"4,900",800,,"4,800",800,,"4,700",800,,"4,600",800,,"4,500",700,,"4,300",700,,"3,900",600,,"3,600",600,,"3,700",700,,"3,400",600,,"3,400",600,,"3,400",600,,"3,000",500,,"2,900",500,,"2,800",500,,"2,600",500,,"2,500",600,,"2,500",500,,"2,300",500,,"2,100",500,,"2,100",400,,"2,200",400,,"2,100",500,,"2,000",500,,"2,200",500,,"2,100",500,,"2,100",500,,"2,000",400,,"1,900",400,,"1,900",500,,"1,900",400,,"2,200",500,,"2,200",400,,"2,200",500,,"2,000",400,,"1,800",400
West Lothian,S12000040,,"5,600","1,000",,"4,900","1,000",,"5,400","1,200",,"4,800","1,100",,"4,500",900,,"4,900",900,,"4,900","1,000",,"4,200",700,,"3,900",700,,"3,700",700,,"3,800",700,,"4,000",700,,"4,000",700,,"4,200",900,,"4,400","1,000",,"4,300",900,,"4,400",900,,"4,400",800,,"4,200",700,,"4,400",700,,"4,300",800,,"4,000",800,,"3,800",800,,"3,900",700,,"4,300",800,,"4,700",800,,"5,200",900,,"6,000","1,000",,"6,500",900,,"6,700",900,,"6,900","1,000",,"6,800","1,000",,"6,600","1,100",,"7,000","1,100",,"7,000","1,100",,"7,200","1,100",,"7,400","1,100",,"6,800","1,100",,"6,400","1,100",,"6,000","1,100",,"6,100","1,200",,"6,300","1,200",,"7,100","1,300",,"7,000","1,300",,"6,900","1,300",,"6,700","1,200",,"6,300","1,100",,"6,000","1,000",,"5,400",900,,"5,300","1,000",,"5,200",900,,"5,100",900,,"5,100",900,,"4,700",900,,"4,300",700,,"4,000",700,,"4,000",800,,"3,900",900,,"3,900",800,,"3,600",900,,"3,200",900,,"3,300",700,,"3,400",700,,"3,600",800,,"3,700",900,,"3,700",900,,"3,100",800,,"3,000",800,,"2,800",700,,"2,700",700,,"2,900",700,,"3,200",700,,"3,800",800,,"3,800",800,,"3,900",800,,"3,400",700,,"3,000",700
,,,,,,,,,,,,,,,,,,,,,,,,,,,,,,,,,,,,,,,,,,,,,,,,,,,,,,,,,,,,,,,,,,,,,,,,,,,,,,,,,,,,,,,,,,,,,,,,,,,,,,,,,,,,,,,,,,,,,,,,,,,,,,,,,,,,,,,,,,,,,,,,,,,,,,,,,,,,,,,,,,,,,,,,,,,,,,,,,,,,,,,,,,,,,,,,,,,,,,,,,,,,,,,,,,,,,,,,,,,,,,,,,,,,,,,,
North Northamptonshire,E06000061,,,,,,,,,,,,,,,,,,,,,,,,,,,,,,,,,,,,,,,,,,,,,,,,,,,,,,,,,,,,,,,,,,,,,,,,,,,,,,,,,,,,,,,,,,,,,,,,,,,,,,,,,,,,,,,,,,,,,,,,,,,,,,,,,,,,,,,,,,,,,,,,,,,,,,,,,,,,,,,,,,,,,,,,,,,,,,,,,,,,,,,,,,,,,,,,,,,,,,,,,,,,,,,,,,,,,,,"8,200",..,,"8,600",..,,"9,900",..,,"9,600",..,,"9,200",..,,"8,500",..
West Northamptonshire,E06000062,,,,,,,,,,,,,,,,,,,,,,,,,,,,,,,,,,,,,,,,,,,,,,,,,,,,,,,,,,,,,,,,,,,,,,,,,,,,,,,,,,,,,,,,,,,,,,,,,,,,,,,,,,,,,,,,,,,,,,,,,,,,,,,,,,,,,,,,,,,,,,,,,,,,,,,,,,,,,,,,,,,,,,,,,,,,,,,,,,,,,,,,,,,,,,,,,,,,,,,,,,,,,,,,,,,,,,,"10,300",..,,"10,300",..,,"10,600",..,,"10,700",..,,"10,000",..,,"10,000",..
,,,,,,,,,,,,,,,,,,,,,,,,,,,,,,,,,,,,,,,,,,,,,,,,,,,,,,,,,,,,,,,,,,,,,,,,,,,,,,,,,,,,,,,,,,,,,,,,,,,,,,,,,,,,,,,,,,,,,,,,,,,,,,,,,,,,,,,,,,,,,,,,,,,,,,,,,,,,,,,,,,,,,,,,,,,,,,,,,,,,,,,,,,,,,,,,,,,,,,,,,,,,,,,,,,,,,,,,,,,,,,,,,,,,,,,,
: not available,,,,,,,,,,,,,,,,,,,,,,,,,,,,,,,,,,,,,,,,,,,,,,,,,,,,,,,,,,,,,,,,,,,,,,,,,,,,,,,,,,,,,,,,,,,,,,,,,,,,,,,,,,,,,,,,,,,,,,,,,,,,,,,,,,,,,,,,,,,,,,,,,,,,,,,,,,,,,,,,,,,,,,,,,,,,,,,,,,,,,,,,,,,,,,,,,,,,,,,,,,,,,,,,,,,,,,,,,,,,,,,,,,,,,,,,
,,,,,,,,,,,,,,,,,,,,,,,,,,,,,,,,,,,,,,,,,,,,,,,,,,,,,,,,,,,,,,,,,,,,,,,,,,,,,,,,,,,,,,,,,,,,,,,,,,,,,,,,,,,,,,,,,,,,,,,,,,,,,,,,,,,,,,,,,,,,,,,,,,,,,,,,,,,,,,,,,,,,,,,,,,,,,,,,,,,,,,,,,,,,,,,,,,,,,,,,,,,,,,,,,,,,,,,,,,,,,,,,,,,,,,,,
1. The figures are based on a model which utilises Annual Population Survey estimates of unemployment along with the Claimant Count averaged over 12 months. A user guide provides further information.,,,,,,,,,,,,,,,,,,,,,,,,,,,,,,,,,,,,,,,,,,,,,,,,,,,,,,,,,,,,,,,,,,,,,,,,,,,,,,,,,,,,,,,,,,,,,,,,,,,,,,,,,,,,,,,,,,,,,,,,,,,,,,,,,,,,,,,,,,,,,,,,,,,,,,,,,,,,,,,,,,,,,,,,,,,,,,,,,,,,,,,,,,,,,,,,,,,,,,,,,,,,,,,,,,,,,,,,,,,,,,,,,,,,,,,,
"2. These figures represent '95% confidence intervals'. If a large number of samples were taken, and a 95% confidence interval was calculated for each sample, it is expected that in 95% of samples the range would contain the true value.",,,,,,,,,,,,,,,,,,,,,,,,,,,,,,,,,,,,,,,,,,,,,,,,,,,,,,,,,,,,,,,,,,,,,,,,,,,,,,,,,,,,,,,,,,,,,,,,,,,,,,,,,,,,,,,,,,,,,,,,,,,,,,,,,,,,,,,,,,,,,,,,,,,,,,,,,,,,,,,,,,,,,,,,,,,,,,,,,,,,,,,,,,,,,,,,,,,,,,,,,,,,,,,,,,,,,,,,,,,,,,,,,,,,,,,,
Estimates of unemployment rates help in monitoring progress towards global indicator 8.5.2 of the UN's Sustainable Development Goals,,,,,,,,,,,,,,,,,,,,,,,,,,,,,,,,,,,,,,,,,,,,,,,,,,,,,,,,,,,,,,,,,,,,,,,,,,,,,,,,,,,,,,,,,,,,,,,,,,,,,,,,,,,,,,,,,,,,,,,,,,,,,,,,,,,,,,,,,,,,,,,,,,,,,,,,,,,,,,,,,,,,,,,,,,,,,,,,,,,,,,,,,,,,,,,,,,,,,,,,,,,,,,,,,,,,,,,,,,,,,,,,,,,,,,,,
,,,,,,,,,,,,,,,,,,,,,,,,,,,,,,,,,,,,,,,,,,,,,,,,,,,,,,,,,,,,,,,,,,,,,,,,,,,,,,,,,,,,,,,,,,,,,,,,,,,,,,,,,,,,,,,,,,,,,,,,,,,,,,,,,,,,,,,,,,,,,,,,,,,,,,,,,,,,,,,,,,,,,,,,,,,,,,,,,,,,,,,,,,,,,,,,,,,,,,,,,,,,,,,,,,,,,,,,,,,,,,,,,,,,,,,,
,,,,,,,,,,,,,,,,,,,,,,,,,,,,,,,,,,,,,,,,,,,,,,,,,,,,,,,,,,,,,,,,,,,,,,,,,,,,,,,,,,,,,,,,,,,,,,,,,,,,,,,,,,,,,,,,,,,,,,,,,,,,,,,,,,,,,,,,,,,,,,,,,,,,,,,,,,,,,,,,,,,,,,,,,,,,,,,,,,,,,,,,,,,,,,,,,,,,,,,,,,,,,,,,,,,,,,,,,,,,,,,,,,,,,,,,
,,,,,,,,,,,,,,,,,,,,,,,,,,,,,,,,,,,,,,,,,,,,,,,,,,,,,,,,,,,,,,,,,,,,,,,,,,,,,,,,,,,,,,,,,,,,,,,,,,,,,,,,,,,,,,,,,,,,,,,,,,,,,,,,,,,,,,,,,,,,,,,,,,,,,,,,,,,,,,,,,,,,,,,,,,,,,,,,,,,,,,,,,,,,,,,,,,,,,,,,,,,,,,,,,,,,,,,,,,,,,,,,,,,,,,,,
,,,,,,,,,,,,,,,,,,,,,,,,,,,,,,,,,,,,,,,,,,,,,,,,,,,,,,,,,,,,,,,,,,,,,,,,,,,,,,,,,,,,,,,,,,,,,,,,,,,,,,,,,,,,,,,,,,,,,,,,,,,,,,,,,,,,,,,,,,,,,,,,,,,,,,,,,,,,,,,,,,,,,,,,,,,,,,,,,,,,,,,,,,,,,,,,,,,,,,,,,,,,,,,,,,,,,,,,,,,,,,,,,,,,,,,,
,,,,,,,,,,,,,,,,,,,,,,,,,,,,,,,,,,,,,,,,,,,,,,,,,,,,,,,,,,,,,,,,,,,,,,,,,,,,,,,,,,,,,,,,,,,,,,,,,,,,,,,,,,,,,,,,,,,,,,,,,,,,,,,,,,,,,,,,,,,,,,,,,,,,,,,,,,,,,,,,,,,,,,,,,,,,,,,,,,,,,,,,,,,,,,,,,,,,,,,,,,,,,,,,,,,,,,,,,,,,,,,,,,,,,,,,
,,,,,,,,,,,,,,,,,,,,,,,,,,,,,,,,,,,,,,,,,,,,,,,,,,,,,,,,,,,,,,,,,,,,,,,,,,,,,,,,,,,,,,,,,,,,,,,,,,,,,,,,,,,,,,,,,,,,,,,,,,,,,,,,,,,,,,,,,,,,,,,,,,,,,,,,,,,,,,,,,,,,,,,,,,,,,,,,,,,,,,,,,,,,,,,,,,,,,,,,,,,,,,,,,,,,,,,,,,,,,,,,,,,,,,,,
,,,,,,,,,,,,,,,,,,,,,,,,,,,,,,,,,,,,,,,,,,,,,,,,,,,,,,,,,,,,,,,,,,,,,,,,,,,,,,,,,,,,,,,,,,,,,,,,,,,,,,,,,,,,,,,,,,,,,,,,,,,,,,,,,,,,,,,,,,,,,,,,,,,,,,,,,,,,,,,,,,,,,,,,,,,,,,,,,,,,,,,,,,,,,,,,,,,,,,,,,,,,,,,,,,,,,,,,,,,,,,,,,,,,,,,,
,,,,,,,,,,,,,,,,,,,,,,,,,,,,,,,,,,,,,,,,,,,,,,,,,,,,,,,,,,,,,,,,,,,,,,,,,,,,,,,,,,,,,,,,,,,,,,,,,,,,,,,,,,,,,,,,,,,,,,,,,,,,,,,,,,,,,,,,,,,,,,,,,,,,,,,,,,,,,,,,,,,,,,,,,,,,,,,,,,,,,,,,,,,,,,,,,,,,,,,,,,,,,,,,,,,,,,,,,,,,,,,,,,,,,,,,
,,,,,,,,,,,,,,,,,,,,,,,,,,,,,,,,,,,,,,,,,,,,,,,,,,,,,,,,,,,,,,,,,,,,,,,,,,,,,,,,,,,,,,,,,,,,,,,,,,,,,,,,,,,,,,,,,,,,,,,,,,,,,,,,,,,,,,,,,,,,,,,,,,,,,,,,,,,,,,,,,,,,,,,,,,,,,,,,,,,,,,,,,,,,,,,,,,,,,,,,,,,,,,,,,,,,,,,,,,,,,,,,,,,,,,,,
,,,,,,,,,,,,,,,,,,,,,,,,,,,,,,,,,,,,,,,,,,,,,,,,,,,,,,,,,,,,,,,,,,,,,,,,,,,,,,,,,,,,,,,,,,,,,,,,,,,,,,,,,,,,,,,,,,,,,,,,,,,,,,,,,,,,,,,,,,,,,,,,,,,,,,,,,,,,,,,,,,,,,,,,,,,,,,,,,,,,,,,,,,,,,,,,,,,,,,,,,,,,,,,,,,,,,,,,,,,,,,,,,,,,,,,,
,,,,,,,,,,,,,,,,,,,,,,,,,,,,,,,,,,,,,,,,,,,,,,,,,,,,,,,,,,,,,,,,,,,,,,,,,,,,,,,,,,,,,,,,,,,,,,,,,,,,,,,,,,,,,,,,,,,,,,,,,,,,,,,,,,,,,,,,,,,,,,,,,,,,,,,,,,,,,,,,,,,,,,,,,,,,,,,,,,,,,,,,,,,,,,,,,,,,,,,,,,,,,,,,,,,,,,,,,,,,,,,,,,,,,,,,
,,,,,,,,,,,,,,,,,,,,,,,,,,,,,,,,,,,,,,,,,,,,,,,,,,,,,,,,,,,,,,,,,,,,,,,,,,,,,,,,,,,,,,,,,,,,,,,,,,,,,,,,,,,,,,,,,,,,,,,,,,,,,,,,,,,,,,,,,,,,,,,,,,,,,,,,,,,,,,,,,,,,,,,,,,,,,,,,,,,,,,,,,,,,,,,,,,,,,,,,,,,,,,,,,,,,,,,,,,,,,,,,,,,,,,,,
,,,,,,,,,,,,,,,,,,,,,,,,,,,,,,,,,,,,,,,,,,,,,,,,,,,,,,,,,,,,,,,,,,,,,,,,,,,,,,,,,,,,,,,,,,,,,,,,,,,,,,,,,,,,,,,,,,,,,,,,,,,,,,,,,,,,,,,,,,,,,,,,,,,,,,,,,,,,,,,,,,,,,,,,,,,,,,,,,,,,,,,,,,,,,,,,,,,,,,,,,,,,,,,,,,,,,,,,,,,,,,,,,,,,,,,,
,,,,,,,,,,,,,,,,,,,,,,,,,,,,,,,,,,,,,,,,,,,,,,,,,,,,,,,,,,,,,,,,,,,,,,,,,,,,,,,,,,,,,,,,,,,,,,,,,,,,,,,,,,,,,,,,,,,,,,,,,,,,,,,,,,,,,,,,,,,,,,,,,,,,,,,,,,,,,,,,,,,,,,,,,,,,,,,,,,,,,,,,,,,,,,,,,,,,,,,,,,,,,,,,,,,,,,,,,,,,,,,,,,,,,,,,
,,,,,,,,,,,,,,,,,,,,,,,,,,,,,,,,,,,,,,,,,,,,,,,,,,,,,,,,,,,,,,,,,,,,,,,,,,,,,,,,,,,,,,,,,,,,,,,,,,,,,,,,,,,,,,,,,,,,,,,,,,,,,,,,,,,,,,,,,,,,,,,,,,,,,,,,,,,,,,,,,,,,,,,,,,,,,,,,,,,,,,,,,,,,,,,,,,,,,,,,,,,,,,,,,,,,,,,,,,,,,,,,,,,,,,,,
,,,,,,,,,,,,,,,,,,,,,,,,,,,,,,,,,,,,,,,,,,,,,,,,,,,,,,,,,,,,,,,,,,,,,,,,,,,,,,,,,,,,,,,,,,,,,,,,,,,,,,,,,,,,,,,,,,,,,,,,,,,,,,,,,,,,,,,,,,,,,,,,,,,,,,,,,,,,,,,,,,,,,,,,,,,,,,,,,,,,,,,,,,,,,,,,,,,,,,,,,,,,,,,,,,,,,,,,,,,,,,,,,,,,,,,,
,,,,,,,,,,,,,,,,,,,,,,,,,,,,,,,,,,,,,,,,,,,,,,,,,,,,,,,,,,,,,,,,,,,,,,,,,,,,,,,,,,,,,,,,,,,,,,,,,,,,,,,,,,,,,,,,,,,,,,,,,,,,,,,,,,,,,,,,,,,,,,,,,,,,,,,,,,,,,,,,,,,,,,,,,,,,,,,,,,,,,,,,,,,,,,,,,,,,,,,,,,,,,,,,,,,,,,,,,,,,,,,,,,,,,,,,
,,,,,,,,,,,,,,,,,,,,,,,,,,,,,,,,,,,,,,,,,,,,,,,,,,,,,,,,,,,,,,,,,,,,,,,,,,,,,,,,,,,,,,,,,,,,,,,,,,,,,,,,,,,,,,,,,,,,,,,,,,,,,,,,,,,,,,,,,,,,,,,,,,,,,,,,,,,,,,,,,,,,,,,,,,,,,,,,,,,,,,,,,,,,,,,,,,,,,,,,,,,,,,,,,,,,,,,,,,,,,,,,,,,,,,,,
,,,,,,,,,,,,,,,,,,,,,,,,,,,,,,,,,,,,,,,,,,,,,,,,,,,,,,,,,,,,,,,,,,,,,,,,,,,,,,,,,,,,,,,,,,,,,,,,,,,,,,,,,,,,,,,,,,,,,,,,,,,,,,,,,,,,,,,,,,,,,,,,,,,,,,,,,,,,,,,,,,,,,,,,,,,,,,,,,,,,,,,,,,,,,,,,,,,,,,,,,,,,,,,,,,,,,,,,,,,,,,,,,,,,,,,,
,,,,,,,,,,,,,,,,,,,,,,,,,,,,,,,,,,,,,,,,,,,,,,,,,,,,,,,,,,,,,,,,,,,,,,,,,,,,,,,,,,,,,,,,,,,,,,,,,,,,,,,,,,,,,,,,,,,,,,,,,,,,,,,,,,,,,,,,,,,,,,,,,,,,,,,,,,,,,,,,,,,,,,,,,,,,,,,,,,,,,,,,,,,,,,,,,,,,,,,,,,,,,,,,,,,,,,,,,,,,,,,,,,,,,,,,
,,,,,,,,,,,,,,,,,,,,,,,,,,,,,,,,,,,,,,,,,,,,,,,,,,,,,,,,,,,,,,,,,,,,,,,,,,,,,,,,,,,,,,,,,,,,,,,,,,,,,,,,,,,,,,,,,,,,,,,,,,,,,,,,,,,,,,,,,,,,,,,,,,,,,,,,,,,,,,,,,,,,,,,,,,,,,,,,,,,,,,,,,,,,,,,,,,,,,,,,,,,,,,,,,,,,,,,,,,,,,,,,,,,,,,,,
,,,,,,,,,,,,,,,,,,,,,,,,,,,,,,,,,,,,,,,,,,,,,,,,,,,,,,,,,,,,,,,,,,,,,,,,,,,,,,,,,,,,,,,,,,,,,,,,,,,,,,,,,,,,,,,,,,,,,,,,,,,,,,,,,,,,,,,,,,,,,,,,,,,,,,,,,,,,,,,,,,,,,,,,,,,,,,,,,,,,,,,,,,,,,,,,,,,,,,,,,,,,,,,,,,,,,,,,,,,,,,,,,,,,,,,,
,,,,,,,,,,,,,,,,,,,,,,,,,,,,,,,,,,,,,,,,,,,,,,,,,,,,,,,,,,,,,,,,,,,,,,,,,,,,,,,,,,,,,,,,,,,,,,,,,,,,,,,,,,,,,,,,,,,,,,,,,,,,,,,,,,,,,,,,,,,,,,,,,,,,,,,,,,,,,,,,,,,,,,,,,,,,,,,,,,,,,,,,,,,,,,,,,,,,,,,,,,,,,,,,,,,,,,,,,,,,,,,,,,,,,,,,
,,,,,,,,,,,,,,,,,,,,,,,,,,,,,,,,,,,,,,,,,,,,,,,,,,,,,,,,,,,,,,,,,,,,,,,,,,,,,,,,,,,,,,,,,,,,,,,,,,,,,,,,,,,,,,,,,,,,,,,,,,,,,,,,,,,,,,,,,,,,,,,,,,,,,,,,,,,,,,,,,,,,,,,,,,,,,,,,,,,,,,,,,,,,,,,,,,,,,,,,,,,,,,,,,,,,,,,,,,,,,,,,,,,,,,,,
,,,,,,,,,,,,,,,,,,,,,,,,,,,,,,,,,,,,,,,,,,,,,,,,,,,,,,,,,,,,,,,,,,,,,,,,,,,,,,,,,,,,,,,,,,,,,,,,,,,,,,,,,,,,,,,,,,,,,,,,,,,,,,,,,,,,,,,,,,,,,,,,,,,,,,,,,,,,,,,,,,,,,,,,,,,,,,,,,,,,,,,,,,,,,,,,,,,,,,,,,,,,,,,,,,,,,,,,,,,,,,,,,,,,,,,,
,,,,,,,,,,,,,,,,,,,,,,,,,,,,,,,,,,,,,,,,,,,,,,,,,,,,,,,,,,,,,,,,,,,,,,,,,,,,,,,,,,,,,,,,,,,,,,,,,,,,,,,,,,,,,,,,,,,,,,,,,,,,,,,,,,,,,,,,,,,,,,,,,,,,,,,,,,,,,,,,,,,,,,,,,,,,,,,,,,,,,,,,,,,,,,,,,,,,,,,,,,,,,,,,,,,,,,,,,,,,,,,,,,,,,,,,
,,,,,,,,,,,,,,,,,,,,,,,,,,,,,,,,,,,,,,,,,,,,,,,,,,,,,,,,,,,,,,,,,,,,,,,,,,,,,,,,,,,,,,,,,,,,,,,,,,,,,,,,,,,,,,,,,,,,,,,,,,,,,,,,,,,,,,,,,,,,,,,,,,,,,,,,,,,,,,,,,,,,,,,,,,,,,,,,,,,,,,,,,,,,,,,,,,,,,,,,,,,,,,,,,,,,,,,,,,,,,,,,,,,,,,,,
,,,,,,,,,,,,,,,,,,,,,,,,,,,,,,,,,,,,,,,,,,,,,,,,,,,,,,,,,,,,,,,,,,,,,,,,,,,,,,,,,,,,,,,,,,,,,,,,,,,,,,,,,,,,,,,,,,,,,,,,,,,,,,,,,,,,,,,,,,,,,,,,,,,,,,,,,,,,,,,,,,,,,,,,,,,,,,,,,,,,,,,,,,,,,,,,,,,,,,,,,,,,,,,,,,,,,,,,,,,,,,,,,,,,,,,,
,,,,,,,,,,,,,,,,,,,,,,,,,,,,,,,,,,,,,,,,,,,,,,,,,,,,,,,,,,,,,,,,,,,,,,,,,,,,,,,,,,,,,,,,,,,,,,,,,,,,,,,,,,,,,,,,,,,,,,,,,,,,,,,,,,,,,,,,,,,,,,,,,,,,,,,,,,,,,,,,,,,,,,,,,,,,,,,,,,,,,,,,,,,,,,,,,,,,,,,,,,,,,,,,,,,,,,,,,,,,,,,,,,,,,,,,
,,,,,,,,,,,,,,,,,,,,,,,,,,,,,,,,,,,,,,,,,,,,,,,,,,,,,,,,,,,,,,,,,,,,,,,,,,,,,,,,,,,,,,,,,,,,,,,,,,,,,,,,,,,,,,,,,,,,,,,,,,,,,,,,,,,,,,,,,,,,,,,,,,,,,,,,,,,,,,,,,,,,,,,,,,,,,,,,,,,,,,,,,,,,,,,,,,,,,,,,,,,,,,,,,,,,,,,,,,,,,,,,,,,,,,,,
,,,,,,,,,,,,,,,,,,,,,,,,,,,,,,,,,,,,,,,,,,,,,,,,,,,,,,,,,,,,,,,,,,,,,,,,,,,,,,,,,,,,,,,,,,,,,,,,,,,,,,,,,,,,,,,,,,,,,,,,,,,,,,,,,,,,,,,,,,,,,,,,,,,,,,,,,,,,,,,,,,,,,,,,,,,,,,,,,,,,,,,,,,,,,,,,,,,,,,,,,,,,,,,,,,,,,,,,,,,,,,,,,,,,,,,,
,,,,,,,,,,,,,,,,,,,,,,,,,,,,,,,,,,,,,,,,,,,,,,,,,,,,,,,,,,,,,,,,,,,,,,,,,,,,,,,,,,,,,,,,,,,,,,,,,,,,,,,,,,,,,,,,,,,,,,,,,,,,,,,,,,,,,,,,,,,,,,,,,,,,,,,,,,,,,,,,,,,,,,,,,,,,,,,,,,,,,,,,,,,,,,,,,,,,,,,,,,,,,,,,,,,,,,,,,,,,,,,,,,,,,,,,
,,,,,,,,,,,,,,,,,,,,,,,,,,,,,,,,,,,,,,,,,,,,,,,,,,,,,,,,,,,,,,,,,,,,,,,,,,,,,,,,,,,,,,,,,,,,,,,,,,,,,,,,,,,,,,,,,,,,,,,,,,,,,,,,,,,,,,,,,,,,,,,,,,,,,,,,,,,,,,,,,,,,,,,,,,,,,,,,,,,,,,,,,,,,,,,,,,,,,,,,,,,,,,,,,,,,,,,,,,,,,,,,,,,,,,,,
,,,,,,,,,,,,,,,,,,,,,,,,,,,,,,,,,,,,,,,,,,,,,,,,,,,,,,,,,,,,,,,,,,,,,,,,,,,,,,,,,,,,,,,,,,,,,,,,,,,,,,,,,,,,,,,,,,,,,,,,,,,,,,,,,,,,,,,,,,,,,,,,,,,,,,,,,,,,,,,,,,,,,,,,,,,,,,,,,,,,,,,,,,,,,,,,,,,,,,,,,,,,,,,,,,,,,,,,,,,,,,,,,,,,,,,,
,,,,,,,,,,,,,,,,,,,,,,,,,,,,,,,,,,,,,,,,,,,,,,,,,,,,,,,,,,,,,,,,,,,,,,,,,,,,,,,,,,,,,,,,,,,,,,,,,,,,,,,,,,,,,,,,,,,,,,,,,,,,,,,,,,,,,,,,,,,,,,,,,,,,,,,,,,,,,,,,,,,,,,,,,,,,,,,,,,,,,,,,,,,,,,,,,,,,,,,,,,,,,,,,,,,,,,,,,,,,,,,,,,,,,,,,
,,,,,,,,,,,,,,,,,,,,,,,,,,,,,,,,,,,,,,,,,,,,,,,,,,,,,,,,,,,,,,,,,,,,,,,,,,,,,,,,,,,,,,,,,,,,,,,,,,,,,,,,,,,,,,,,,,,,,,,,,,,,,,,,,,,,,,,,,,,,,,,,,,,,,,,,,,,,,,,,,,,,,,,,,,,,,,,,,,,,,,,,,,,,,,,,,,,,,,,,,,,,,,,,,,,,,,,,,,,,,,,,,,,,,,,,
,,,,,,,,,,,,,,,,,,,,,,,,,,,,,,,,,,,,,,,,,,,,,,,,,,,,,,,,,,,,,,,,,,,,,,,,,,,,,,,,,,,,,,,,,,,,,,,,,,,,,,,,,,,,,,,,,,,,,,,,,,,,,,,,,,,,,,,,,,,,,,,,,,,,,,,,,,,,,,,,,,,,,,,,,,,,,,,,,,,,,,,,,,,,,,,,,,,,,,,,,,,,,,,,,,,,,,,,,,,,,,,,,,,,,,,,
,,,,,,,,,,,,,,,,,,,,,,,,,,,,,,,,,,,,,,,,,,,,,,,,,,,,,,,,,,,,,,,,,,,,,,,,,,,,,,,,,,,,,,,,,,,,,,,,,,,,,,,,,,,,,,,,,,,,,,,,,,,,,,,,,,,,,,,,,,,,,,,,,,,,,,,,,,,,,,,,,,,,,,,,,,,,,,,,,,,,,,,,,,,,,,,,,,,,,,,,,,,,,,,,,,,,,,,,,,,,,,,,,,,,,,,,
,,,,,,,,,,,,,,,,,,,,,,,,,,,,,,,,,,,,,,,,,,,,,,,,,,,,,,,,,,,,,,,,,,,,,,,,,,,,,,,,,,,,,,,,,,,,,,,,,,,,,,,,,,,,,,,,,,,,,,,,,,,,,,,,,,,,,,,,,,,,,,,,,,,,,,,,,,,,,,,,,,,,,,,,,,,,,,,,,,,,,,,,,,,,,,,,,,,,,,,,,,,,,,,,,,,,,,,,,,,,,,,,,,,,,,,,
,,,,,,,,,,,,,,,,,,,,,,,,,,,,,,,,,,,,,,,,,,,,,,,,,,,,,,,,,,,,,,,,,,,,,,,,,,,,,,,,,,,,,,,,,,,,,,,,,,,,,,,,,,,,,,,,,,,,,,,,,,,,,,,,,,,,,,,,,,,,,,,,,,,,,,,,,,,,,,,,,,,,,,,,,,,,,,,,,,,,,,,,,,,,,,,,,,,,,,,,,,,,,,,,,,,,,,,,,,,,,,,,,,,,,,,,
,,,,,,,,,,,,,,,,,,,,,,,,,,,,,,,,,,,,,,,,,,,,,,,,,,,,,,,,,,,,,,,,,,,,,,,,,,,,,,,,,,,,,,,,,,,,,,,,,,,,,,,,,,,,,,,,,,,,,,,,,,,,,,,,,,,,,,,,,,,,,,,,,,,,,,,,,,,,,,,,,,,,,,,,,,,,,,,,,,,,,,,,,,,,,,,,,,,,,,,,,,,,,,,,,,,,,,,,,,,,,,,,,,,,,,,,
,,,,,,,,,,,,,,,,,,,,,,,,,,,,,,,,,,,,,,,,,,,,,,,,,,,,,,,,,,,,,,,,,,,,,,,,,,,,,,,,,,,,,,,,,,,,,,,,,,,,,,,,,,,,,,,,,,,,,,,,,,,,,,,,,,,,,,,,,,,,,,,,,,,,,,,,,,,,,,,,,,,,,,,,,,,,,,,,,,,,,,,,,,,,,,,,,,,,,,,,,,,,,,,,,,,,,,,,,,,,,,,,,,,,,,,,
,,,,,,,,,,,,,,,,,,,,,,,,,,,,,,,,,,,,,,,,,,,,,,,,,,,,,,,,,,,,,,,,,,,,,,,,,,,,,,,,,,,,,,,,,,,,,,,,,,,,,,,,,,,,,,,,,,,,,,,,,,,,,,,,,,,,,,,,,,,,,,,,,,,,,,,,,,,,,,,,,,,,,,,,,,,,,,,,,,,,,,,,,,,,,,,,,,,,,,,,,,,,,,,,,,,,,,,,,,,,,,,,,,,,,,,,
,,,,,,,,,,,,,,,,,,,,,,,,,,,,,,,,,,,,,,,,,,,,,,,,,,,,,,,,,,,,,,,,,,,,,,,,,,,,,,,,,,,,,,,,,,,,,,,,,,,,,,,,,,,,,,,,,,,,,,,,,,,,,,,,,,,,,,,,,,,,,,,,,,,,,,,,,,,,,,,,,,,,,,,,,,,,,,,,,,,,,,,,,,,,,,,,,,,,,,,,,,,,,,,,,,,,,,,,,,,,,,,,,,,,,,,,
,,,,,,,,,,,,,,,,,,,,,,,,,,,,,,,,,,,,,,,,,,,,,,,,,,,,,,,,,,,,,,,,,,,,,,,,,,,,,,,,,,,,,,,,,,,,,,,,,,,,,,,,,,,,,,,,,,,,,,,,,,,,,,,,,,,,,,,,,,,,,,,,,,,,,,,,,,,,,,,,,,,,,,,,,,,,,,,,,,,,,,,,,,,,,,,,,,,,,,,,,,,,,,,,,,,,,,,,,,,,,,,,,,,,,,,,
,,,,,,,,,,,,,,,,,,,,,,,,,,,,,,,,,,,,,,,,,,,,,,,,,,,,,,,,,,,,,,,,,,,,,,,,,,,,,,,,,,,,,,,,,,,,,,,,,,,,,,,,,,,,,,,,,,,,,,,,,,,,,,,,,,,,,,,,,,,,,,,,,,,,,,,,,,,,,,,,,,,,,,,,,,,,,,,,,,,,,,,,,,,,,,,,,,,,,,,,,,,,,,,,,,,,,,,,,,,,,,,,,,,,,,,,
,,,,,,,,,,,,,,,,,,,,,,,,,,,,,,,,,,,,,,,,,,,,,,,,,,,,,,,,,,,,,,,,,,,,,,,,,,,,,,,,,,,,,,,,,,,,,,,,,,,,,,,,,,,,,,,,,,,,,,,,,,,,,,,,,,,,,,,,,,,,,,,,,,,,,,,,,,,,,,,,,,,,,,,,,,,,,,,,,,,,,,,,,,,,,,,,,,,,,,,,,,,,,,,,,,,,,,,,,,,,,,,,,,,,,,,,
,,,,,,,,,,,,,,,,,,,,,,,,,,,,,,,,,,,,,,,,,,,,,,,,,,,,,,,,,,,,,,,,,,,,,,,,,,,,,,,,,,,,,,,,,,,,,,,,,,,,,,,,,,,,,,,,,,,,,,,,,,,,,,,,,,,,,,,,,,,,,,,,,,,,,,,,,,,,,,,,,,,,,,,,,,,,,,,,,,,,,,,,,,,,,,,,,,,,,,,,,,,,,,,,,,,,,,,,,,,,,,,,,,,,,,,,
,,,,,,,,,,,,,,,,,,,,,,,,,,,,,,,,,,,,,,,,,,,,,,,,,,,,,,,,,,,,,,,,,,,,,,,,,,,,,,,,,,,,,,,,,,,,,,,,,,,,,,,,,,,,,,,,,,,,,,,,,,,,,,,,,,,,,,,,,,,,,,,,,,,,,,,,,,,,,,,,,,,,,,,,,,,,,,,,,,,,,,,,,,,,,,,,,,,,,,,,,,,,,,,,,,,,,,,,,,,,,,,,,,,,,,,,
,,,,,,,,,,,,,,,,,,,,,,,,,,,,,,,,,,,,,,,,,,,,,,,,,,,,,,,,,,,,,,,,,,,,,,,,,,,,,,,,,,,,,,,,,,,,,,,,,,,,,,,,,,,,,,,,,,,,,,,,,,,,,,,,,,,,,,,,,,,,,,,,,,,,,,,,,,,,,,,,,,,,,,,,,,,,,,,,,,,,,,,,,,,,,,,,,,,,,,,,,,,,,,,,,,,,,,,,,,,,,,,,,,,,,,,,
,,,,,,,,,,,,,,,,,,,,,,,,,,,,,,,,,,,,,,,,,,,,,,,,,,,,,,,,,,,,,,,,,,,,,,,,,,,,,,,,,,,,,,,,,,,,,,,,,,,,,,,,,,,,,,,,,,,,,,,,,,,,,,,,,,,,,,,,,,,,,,,,,,,,,,,,,,,,,,,,,,,,,,,,,,,,,,,,,,,,,,,,,,,,,,,,,,,,,,,,,,,,,,,,,,,,,,,,,,,,,,,,,,,,,,,,
,,,,,,,,,,,,,,,,,,,,,,,,,,,,,,,,,,,,,,,,,,,,,,,,,,,,,,,,,,,,,,,,,,,,,,,,,,,,,,,,,,,,,,,,,,,,,,,,,,,,,,,,,,,,,,,,,,,,,,,,,,,,,,,,,,,,,,,,,,,,,,,,,,,,,,,,,,,,,,,,,,,,,,,,,,,,,,,,,,,,,,,,,,,,,,,,,,,,,,,,,,,,,,,,,,,,,,,,,,,,,,,,,,,,,,,,
,,,,,,,,,,,,,,,,,,,,,,,,,,,,,,,,,,,,,,,,,,,,,,,,,,,,,,,,,,,,,,,,,,,,,,,,,,,,,,,,,,,,,,,,,,,,,,,,,,,,,,,,,,,,,,,,,,,,,,,,,,,,,,,,,,,,,,,,,,,,,,,,,,,,,,,,,,,,,,,,,,,,,,,,,,,,,,,,,,,,,,,,,,,,,,,,,,,,,,,,,,,,,,,,,,,,,,,,,,,,,,,,,,,,,,,,
,,,,,,,,,,,,,,,,,,,,,,,,,,,,,,,,,,,,,,,,,,,,,,,,,,,,,,,,,,,,,,,,,,,,,,,,,,,,,,,,,,,,,,,,,,,,,,,,,,,,,,,,,,,,,,,,,,,,,,,,,,,,,,,,,,,,,,,,,,,,,,,,,,,,,,,,,,,,,,,,,,,,,,,,,,,,,,,,,,,,,,,,,,,,,,,,,,,,,,,,,,,,,,,,,,,,,,,,,,,,,,,,,,,,,,,,
,,,,,,,,,,,,,,,,,,,,,,,,,,,,,,,,,,,,,,,,,,,,,,,,,,,,,,,,,,,,,,,,,,,,,,,,,,,,,,,,,,,,,,,,,,,,,,,,,,,,,,,,,,,,,,,,,,,,,,,,,,,,,,,,,,,,,,,,,,,,,,,,,,,,,,,,,,,,,,,,,,,,,,,,,,,,,,,,,,,,,,,,,,,,,,,,,,,,,,,,,,,,,,,,,,,,,,,,,,,,,,,,,,,,,,,,
,,,,,,,,,,,,,,,,,,,,,,,,,,,,,,,,,,,,,,,,,,,,,,,,,,,,,,,,,,,,,,,,,,,,,,,,,,,,,,,,,,,,,,,,,,,,,,,,,,,,,,,,,,,,,,,,,,,,,,,,,,,,,,,,,,,,,,,,,,,,,,,,,,,,,,,,,,,,,,,,,,,,,,,,,,,,,,,,,,,,,,,,,,,,,,,,,,,,,,,,,,,,,,,,,,,,,,,,,,,,,,,,,,,,,,,,
,,,,,,,,,,,,,,,,,,,,,,,,,,,,,,,,,,,,,,,,,,,,,,,,,,,,,,,,,,,,,,,,,,,,,,,,,,,,,,,,,,,,,,,,,,,,,,,,,,,,,,,,,,,,,,,,,,,,,,,,,,,,,,,,,,,,,,,,,,,,,,,,,,,,,,,,,,,,,,,,,,,,,,,,,,,,,,,,,,,,,,,,,,,,,,,,,,,,,,,,,,,,,,,,,,,,,,,,,,,,,,,,,,,,,,,,
,,,,,,,,,,,,,,,,,,,,,,,,,,,,,,,,,,,,,,,,,,,,,,,,,,,,,,,,,,,,,,,,,,,,,,,,,,,,,,,,,,,,,,,,,,,,,,,,,,,,,,,,,,,,,,,,,,,,,,,,,,,,,,,,,,,,,,,,,,,,,,,,,,,,,,,,,,,,,,,,,,,,,,,,,,,,,,,,,,,,,,,,,,,,,,,,,,,,,,,,,,,,,,,,,,,,,,,,,,,,,,,,,,,,,,,,
,,,,,,,,,,,,,,,,,,,,,,,,,,,,,,,,,,,,,,,,,,,,,,,,,,,,,,,,,,,,,,,,,,,,,,,,,,,,,,,,,,,,,,,,,,,,,,,,,,,,,,,,,,,,,,,,,,,,,,,,,,,,,,,,,,,,,,,,,,,,,,,,,,,,,,,,,,,,,,,,,,,,,,,,,,,,,,,,,,,,,,,,,,,,,,,,,,,,,,,,,,,,,,,,,,,,,,,,,,,,,,,,,,,,,,,,
,,,,,,,,,,,,,,,,,,,,,,,,,,,,,,,,,,,,,,,,,,,,,,,,,,,,,,,,,,,,,,,,,,,,,,,,,,,,,,,,,,,,,,,,,,,,,,,,,,,,,,,,,,,,,,,,,,,,,,,,,,,,,,,,,,,,,,,,,,,,,,,,,,,,,,,,,,,,,,,,,,,,,,,,,,,,,,,,,,,,,,,,,,,,,,,,,,,,,,,,,,,,,,,,,,,,,,,,,,,,,,,,,,,,,,,,
,,,,,,,,,,,,,,,,,,,,,,,,,,,,,,,,,,,,,,,,,,,,,,,,,,,,,,,,,,,,,,,,,,,,,,,,,,,,,,,,,,,,,,,,,,,,,,,,,,,,,,,,,,,,,,,,,,,,,,,,,,,,,,,,,,,,,,,,,,,,,,,,,,,,,,,,,,,,,,,,,,,,,,,,,,,,,,,,,,,,,,,,,,,,,,,,,,,,,,,,,,,,,,,,,,,,,,,,,,,,,,,,,,,,,,,,
,,,,,,,,,,,,,,,,,,,,,,,,,,,,,,,,,,,,,,,,,,,,,,,,,,,,,,,,,,,,,,,,,,,,,,,,,,,,,,,,,,,,,,,,,,,,,,,,,,,,,,,,,,,,,,,,,,,,,,,,,,,,,,,,,,,,,,,,,,,,,,,,,,,,,,,,,,,,,,,,,,,,,,,,,,,,,,,,,,,,,,,,,,,,,,,,,,,,,,,,,,,,,,,,,,,,,,,,,,,,,,,,,,,,,,,,
,,,,,,,,,,,,,,,,,,,,,,,,,,,,,,,,,,,,,,,,,,,,,,,,,,,,,,,,,,,,,,,,,,,,,,,,,,,,,,,,,,,,,,,,,,,,,,,,,,,,,,,,,,,,,,,,,,,,,,,,,,,,,,,,,,,,,,,,,,,,,,,,,,,,,,,,,,,,,,,,,,,,,,,,,,,,,,,,,,,,,,,,,,,,,,,,,,,,,,,,,,,,,,,,,,,,,,,,,,,,,,,,,,,,,,,,
,,,,,,,,,,,,,,,,,,,,,,,,,,,,,,,,,,,,,,,,,,,,,,,,,,,,,,,,,,,,,,,,,,,,,,,,,,,,,,,,,,,,,,,,,,,,,,,,,,,,,,,,,,,,,,,,,,,,,,,,,,,,,,,,,,,,,,,,,,,,,,,,,,,,,,,,,,,,,,,,,,,,,,,,,,,,,,,,,,,,,,,,,,,,,,,,,,,,,,,,,,,,,,,,,,,,,,,,,,,,,,,,,,,,,,,,
,,,,,,,,,,,,,,,,,,,,,,,,,,,,,,,,,,,,,,,,,,,,,,,,,,,,,,,,,,,,,,,,,,,,,,,,,,,,,,,,,,,,,,,,,,,,,,,,,,,,,,,,,,,,,,,,,,,,,,,,,,,,,,,,,,,,,,,,,,,,,,,,,,,,,,,,,,,,,,,,,,,,,,,,,,,,,,,,,,,,,,,,,,,,,,,,,,,,,,,,,,,,,,,,,,,,,,,,,,,,,,,,,,,,,,,,
,,,,,,,,,,,,,,,,,,,,,,,,,,,,,,,,,,,,,,,,,,,,,,,,,,,,,,,,,,,,,,,,,,,,,,,,,,,,,,,,,,,,,,,,,,,,,,,,,,,,,,,,,,,,,,,,,,,,,,,,,,,,,,,,,,,,,,,,,,,,,,,,,,,,,,,,,,,,,,,,,,,,,,,,,,,,,,,,,,,,,,,,,,,,,,,,,,,,,,,,,,,,,,,,,,,,,,,,,,,,,,,,,,,,,,,,
,,,,,,,,,,,,,,,,,,,,,,,,,,,,,,,,,,,,,,,,,,,,,,,,,,,,,,,,,,,,,,,,,,,,,,,,,,,,,,,,,,,,,,,,,,,,,,,,,,,,,,,,,,,,,,,,,,,,,,,,,,,,,,,,,,,,,,,,,,,,,,,,,,,,,,,,,,,,,,,,,,,,,,,,,,,,,,,,,,,,,,,,,,,,,,,,,,,,,,,,,,,,,,,,,,,,,,,,,,,,,,,,,,,,,,,,
,,,,,,,,,,,,,,,,,,,,,,,,,,,,,,,,,,,,,,,,,,,,,,,,,,,,,,,,,,,,,,,,,,,,,,,,,,,,,,,,,,,,,,,,,,,,,,,,,,,,,,,,,,,,,,,,,,,,,,,,,,,,,,,,,,,,,,,,,,,,,,,,,,,,,,,,,,,,,,,,,,,,,,,,,,,,,,,,,,,,,,,,,,,,,,,,,,,,,,,,,,,,,,,,,,,,,,,,,,,,,,,,,,,,,,,,
,,,,,,,,,,,,,,,,,,,,,,,,,,,,,,,,,,,,,,,,,,,,,,,,,,,,,,,,,,,,,,,,,,,,,,,,,,,,,,,,,,,,,,,,,,,,,,,,,,,,,,,,,,,,,,,,,,,,,,,,,,,,,,,,,,,,,,,,,,,,,,,,,,,,,,,,,,,,,,,,,,,,,,,,,,,,,,,,,,,,,,,,,,,,,,,,,,,,,,,,,,,,,,,,,,,,,,,,,,,,,,,,,,,,,,,,
,,,,,,,,,,,,,,,,,,,,,,,,,,,,,,,,,,,,,,,,,,,,,,,,,,,,,,,,,,,,,,,,,,,,,,,,,,,,,,,,,,,,,,,,,,,,,,,,,,,,,,,,,,,,,,,,,,,,,,,,,,,,,,,,,,,,,,,,,,,,,,,,,,,,,,,,,,,,,,,,,,,,,,,,,,,,,,,,,,,,,,,,,,,,,,,,,,,,,,,,,,,,,,,,,,,,,,,,,,,,,,,,,,,,,,,,
,,,,,,,,,,,,,,,,,,,,,,,,,,,,,,,,,,,,,,,,,,,,,,,,,,,,,,,,,,,,,,,,,,,,,,,,,,,,,,,,,,,,,,,,,,,,,,,,,,,,,,,,,,,,,,,,,,,,,,,,,,,,,,,,,,,,,,,,,,,,,,,,,,,,,,,,,,,,,,,,,,,,,,,,,,,,,,,,,,,,,,,,,,,,,,,,,,,,,,,,,,,,,,,,,,,,,,,,,,,,,,,,,,,,,,,,
,,,,,,,,,,,,,,,,,,,,,,,,,,,,,,,,,,,,,,,,,,,,,,,,,,,,,,,,,,,,,,,,,,,,,,,,,,,,,,,,,,,,,,,,,,,,,,,,,,,,,,,,,,,,,,,,,,,,,,,,,,,,,,,,,,,,,,,,,,,,,,,,,,,,,,,,,,,,,,,,,,,,,,,,,,,,,,,,,,,,,,,,,,,,,,,,,,,,,,,,,,,,,,,,,,,,,,,,,,,,,,,,,,,,,,,,
,,,,,,,,,,,,,,,,,,,,,,,,,,,,,,,,,,,,,,,,,,,,,,,,,,,,,,,,,,,,,,,,,,,,,,,,,,,,,,,,,,,,,,,,,,,,,,,,,,,,,,,,,,,,,,,,,,,,,,,,,,,,,,,,,,,,,,,,,,,,,,,,,,,,,,,,,,,,,,,,,,,,,,,,,,,,,,,,,,,,,,,,,,,,,,,,,,,,,,,,,,,,,,,,,,,,,,,,,,,,,,,,,,,,,,,,
,,,,,,,,,,,,,,,,,,,,,,,,,,,,,,,,,,,,,,,,,,,,,,,,,,,,,,,,,,,,,,,,,,,,,,,,,,,,,,,,,,,,,,,,,,,,,,,,,,,,,,,,,,,,,,,,,,,,,,,,,,,,,,,,,,,,,,,,,,,,,,,,,,,,,,,,,,,,,,,,,,,,,,,,,,,,,,,,,,,,,,,,,,,,,,,,,,,,,,,,,,,,,,,,,,,,,,,,,,,,,,,,,,,,,,,,
,,,,,,,,,,,,,,,,,,,,,,,,,,,,,,,,,,,,,,,,,,,,,,,,,,,,,,,,,,,,,,,,,,,,,,,,,,,,,,,,,,,,,,,,,,,,,,,,,,,,,,,,,,,,,,,,,,,,,,,,,,,,,,,,,,,,,,,,,,,,,,,,,,,,,,,,,,,,,,,,,,,,,,,,,,,,,,,,,,,,,,,,,,,,,,,,,,,,,,,,,,,,,,,,,,,,,,,,,,,,,,,,,,,,,,,,
,,,,,,,,,,,,,,,,,,,,,,,,,,,,,,,,,,,,,,,,,,,,,,,,,,,,,,,,,,,,,,,,,,,,,,,,,,,,,,,,,,,,,,,,,,,,,,,,,,,,,,,,,,,,,,,,,,,,,,,,,,,,,,,,,,,,,,,,,,,,,,,,,,,,,,,,,,,,,,,,,,,,,,,,,,,,,,,,,,,,,,,,,,,,,,,,,,,,,,,,,,,,,,,,,,,,,,,,,,,,,,,,,,,,,,,,
,,,,,,,,,,,,,,,,,,,,,,,,,,,,,,,,,,,,,,,,,,,,,,,,,,,,,,,,,,,,,,,,,,,,,,,,,,,,,,,,,,,,,,,,,,,,,,,,,,,,,,,,,,,,,,,,,,,,,,,,,,,,,,,,,,,,,,,,,,,,,,,,,,,,,,,,,,,,,,,,,,,,,,,,,,,,,,,,,,,,,,,,,,,,,,,,,,,,,,,,,,,,,,,,,,,,,,,,,,,,,,,,,,,,,,,,
,,,,,,,,,,,,,,,,,,,,,,,,,,,,,,,,,,,,,,,,,,,,,,,,,,,,,,,,,,,,,,,,,,,,,,,,,,,,,,,,,,,,,,,,,,,,,,,,,,,,,,,,,,,,,,,,,,,,,,,,,,,,,,,,,,,,,,,,,,,,,,,,,,,,,,,,,,,,,,,,,,,,,,,,,,,,,,,,,,,,,,,,,,,,,,,,,,,,,,,,,,,,,,,,,,,,,,,,,,,,,,,,,,,,,,,,
,,,,,,,,,,,,,,,,,,,,,,,,,,,,,,,,,,,,,,,,,,,,,,,,,,,,,,,,,,,,,,,,,,,,,,,,,,,,,,,,,,,,,,,,,,,,,,,,,,,,,,,,,,,,,,,,,,,,,,,,,,,,,,,,,,,,,,,,,,,,,,,,,,,,,,,,,,,,,,,,,,,,,,,,,,,,,,,,,,,,,,,,,,,,,,,,,,,,,,,,,,,,,,,,,,,,,,,,,,,,,,,,,,,,,,,,
,,,,,,,,,,,,,,,,,,,,,,,,,,,,,,,,,,,,,,,,,,,,,,,,,,,,,,,,,,,,,,,,,,,,,,,,,,,,,,,,,,,,,,,,,,,,,,,,,,,,,,,,,,,,,,,,,,,,,,,,,,,,,,,,,,,,,,,,,,,,,,,,,,,,,,,,,,,,,,,,,,,,,,,,,,,,,,,,,,,,,,,,,,,,,,,,,,,,,,,,,,,,,,,,,,,,,,,,,,,,,,,,,,,,,,,,
,,,,,,,,,,,,,,,,,,,,,,,,,,,,,,,,,,,,,,,,,,,,,,,,,,,,,,,,,,,,,,,,,,,,,,,,,,,,,,,,,,,,,,,,,,,,,,,,,,,,,,,,,,,,,,,,,,,,,,,,,,,,,,,,,,,,,,,,,,,,,,,,,,,,,,,,,,,,,,,,,,,,,,,,,,,,,,,,,,,,,,,,,,,,,,,,,,,,,,,,,,,,,,,,,,,,,,,,,,,,,,,,,,,,,,,,
,,,,,,,,,,,,,,,,,,,,,,,,,,,,,,,,,,,,,,,,,,,,,,,,,,,,,,,,,,,,,,,,,,,,,,,,,,,,,,,,,,,,,,,,,,,,,,,,,,,,,,,,,,,,,,,,,,,,,,,,,,,,,,,,,,,,,,,,,,,,,,,,,,,,,,,,,,,,,,,,,,,,,,,,,,,,,,,,,,,,,,,,,,,,,,,,,,,,,,,,,,,,,,,,,,,,,,,,,,,,,,,,,,,,,,,,
,,,,,,,,,,,,,,,,,,,,,,,,,,,,,,,,,,,,,,,,,,,,,,,,,,,,,,,,,,,,,,,,,,,,,,,,,,,,,,,,,,,,,,,,,,,,,,,,,,,,,,,,,,,,,,,,,,,,,,,,,,,,,,,,,,,,,,,,,,,,,,,,,,,,,,,,,,,,,,,,,,,,,,,,,,,,,,,,,,,,,,,,,,,,,,,,,,,,,,,,,,,,,,,,,,,,,,,,,,,,,,,,,,,,,,,,
,,,,,,,,,,,,,,,,,,,,,,,,,,,,,,,,,,,,,,,,,,,,,,,,,,,,,,,,,,,,,,,,,,,,,,,,,,,,,,,,,,,,,,,,,,,,,,,,,,,,,,,,,,,,,,,,,,,,,,,,,,,,,,,,,,,,,,,,,,,,,,,,,,,,,,,,,,,,,,,,,,,,,,,,,,,,,,,,,,,,,,,,,,,,,,,,,,,,,,,,,,,,,,,,,,,,,,,,,,,,,,,,,,,,,,,,
,,,,,,,,,,,,,,,,,,,,,,,,,,,,,,,,,,,,,,,,,,,,,,,,,,,,,,,,,,,,,,,,,,,,,,,,,,,,,,,,,,,,,,,,,,,,,,,,,,,,,,,,,,,,,,,,,,,,,,,,,,,,,,,,,,,,,,,,,,,,,,,,,,,,,,,,,,,,,,,,,,,,,,,,,,,,,,,,,,,,,,,,,,,,,,,,,,,,,,,,,,,,,,,,,,,,,,,,,,,,,,,,,,,,,,,,
,,,,,,,,,,,,,,,,,,,,,,,,,,,,,,,,,,,,,,,,,,,,,,,,,,,,,,,,,,,,,,,,,,,,,,,,,,,,,,,,,,,,,,,,,,,,,,,,,,,,,,,,,,,,,,,,,,,,,,,,,,,,,,,,,,,,,,,,,,,,,,,,,,,,,,,,,,,,,,,,,,,,,,,,,,,,,,,,,,,,,,,,,,,,,,,,,,,,,,,,,,,,,,,,,,,,,,,,,,,,,,,,,,,,,,,,
,,,,,,,,,,,,,,,,,,,,,,,,,,,,,,,,,,,,,,,,,,,,,,,,,,,,,,,,,,,,,,,,,,,,,,,,,,,,,,,,,,,,,,,,,,,,,,,,,,,,,,,,,,,,,,,,,,,,,,,,,,,,,,,,,,,,,,,,,,,,,,,,,,,,,,,,,,,,,,,,,,,,,,,,,,,,,,,,,,,,,,,,,,,,,,,,,,,,,,,,,,,,,,,,,,,,,,,,,,,,,,,,,,,,,,,,
,,,,,,,,,,,,,,,,,,,,,,,,,,,,,,,,,,,,,,,,,,,,,,,,,,,,,,,,,,,,,,,,,,,,,,,,,,,,,,,,,,,,,,,,,,,,,,,,,,,,,,,,,,,,,,,,,,,,,,,,,,,,,,,,,,,,,,,,,,,,,,,,,,,,,,,,,,,,,,,,,,,,,,,,,,,,,,,,,,,,,,,,,,,,,,,,,,,,,,,,,,,,,,,,,,,,,,,,,,,,,,,,,,,,,,,,
,,,,,,,,,,,,,,,,,,,,,,,,,,,,,,,,,,,,,,,,,,,,,,,,,,,,,,,,,,,,,,,,,,,,,,,,,,,,,,,,,,,,,,,,,,,,,,,,,,,,,,,,,,,,,,,,,,,,,,,,,,,,,,,,,,,,,,,,,,,,,,,,,,,,,,,,,,,,,,,,,,,,,,,,,,,,,,,,,,,,,,,,,,,,,,,,,,,,,,,,,,,,,,,,,,,,,,,,,,,,,,,,,,,,,,,,
,,,,,,,,,,,,,,,,,,,,,,,,,,,,,,,,,,,,,,,,,,,,,,,,,,,,,,,,,,,,,,,,,,,,,,,,,,,,,,,,,,,,,,,,,,,,,,,,,,,,,,,,,,,,,,,,,,,,,,,,,,,,,,,,,,,,,,,,,,,,,,,,,,,,,,,,,,,,,,,,,,,,,,,,,,,,,,,,,,,,,,,,,,,,,,,,,,,,,,,,,,,,,,,,,,,,,,,,,,,,,,,,,,,,,,,,
,,,,,,,,,,,,,,,,,,,,,,,,,,,,,,,,,,,,,,,,,,,,,,,,,,,,,,,,,,,,,,,,,,,,,,,,,,,,,,,,,,,,,,,,,,,,,,,,,,,,,,,,,,,,,,,,,,,,,,,,,,,,,,,,,,,,,,,,,,,,,,,,,,,,,,,,,,,,,,,,,,,,,,,,,,,,,,,,,,,,,,,,,,,,,,,,,,,,,,,,,,,,,,,,,,,,,,,,,,,,,,,,,,,,,,,,
,,,,,,,,,,,,,,,,,,,,,,,,,,,,,,,,,,,,,,,,,,,,,,,,,,,,,,,,,,,,,,,,,,,,,,,,,,,,,,,,,,,,,,,,,,,,,,,,,,,,,,,,,,,,,,,,,,,,,,,,,,,,,,,,,,,,,,,,,,,,,,,,,,,,,,,,,,,,,,,,,,,,,,,,,,,,,,,,,,,,,,,,,,,,,,,,,,,,,,,,,,,,,,,,,,,,,,,,,,,,,,,,,,,,,,,,
,,,,,,,,,,,,,,,,,,,,,,,,,,,,,,,,,,,,,,,,,,,,,,,,,,,,,,,,,,,,,,,,,,,,,,,,,,,,,,,,,,,,,,,,,,,,,,,,,,,,,,,,,,,,,,,,,,,,,,,,,,,,,,,,,,,,,,,,,,,,,,,,,,,,,,,,,,,,,,,,,,,,,,,,,,,,,,,,,,,,,,,,,,,,,,,,,,,,,,,,,,,,,,,,,,,,,,,,,,,,,,,,,,,,,,,,
,,,,,,,,,,,,,,,,,,,,,,,,,,,,,,,,,,,,,,,,,,,,,,,,,,,,,,,,,,,,,,,,,,,,,,,,,,,,,,,,,,,,,,,,,,,,,,,,,,,,,,,,,,,,,,,,,,,,,,,,,,,,,,,,,,,,,,,,,,,,,,,,,,,,,,,,,,,,,,,,,,,,,,,,,,,,,,,,,,,,,,,,,,,,,,,,,,,,,,,,,,,,,,,,,,,,,,,,,,,,,,,,,,,,,,,,
,,,,,,,,,,,,,,,,,,,,,,,,,,,,,,,,,,,,,,,,,,,,,,,,,,,,,,,,,,,,,,,,,,,,,,,,,,,,,,,,,,,,,,,,,,,,,,,,,,,,,,,,,,,,,,,,,,,,,,,,,,,,,,,,,,,,,,,,,,,,,,,,,,,,,,,,,,,,,,,,,,,,,,,,,,,,,,,,,,,,,,,,,,,,,,,,,,,,,,,,,,,,,,,,,,,,,,,,,,,,,,,,,,,,,,,,
,,,,,,,,,,,,,,,,,,,,,,,,,,,,,,,,,,,,,,,,,,,,,,,,,,,,,,,,,,,,,,,,,,,,,,,,,,,,,,,,,,,,,,,,,,,,,,,,,,,,,,,,,,,,,,,,,,,,,,,,,,,,,,,,,,,,,,,,,,,,,,,,,,,,,,,,,,,,,,,,,,,,,,,,,,,,,,,,,,,,,,,,,,,,,,,,,,,,,,,,,,,,,,,,,,,,,,,,,,,,,,,,,,,,,,,,
,,,,,,,,,,,,,,,,,,,,,,,,,,,,,,,,,,,,,,,,,,,,,,,,,,,,,,,,,,,,,,,,,,,,,,,,,,,,,,,,,,,,,,,,,,,,,,,,,,,,,,,,,,,,,,,,,,,,,,,,,,,,,,,,,,,,,,,,,,,,,,,,,,,,,,,,,,,,,,,,,,,,,,,,,,,,,,,,,,,,,,,,,,,,,,,,,,,,,,,,,,,,,,,,,,,,,,,,,,,,,,,,,,,,,,,,
,,,,,,,,,,,,,,,,,,,,,,,,,,,,,,,,,,,,,,,,,,,,,,,,,,,,,,,,,,,,,,,,,,,,,,,,,,,,,,,,,,,,,,,,,,,,,,,,,,,,,,,,,,,,,,,,,,,,,,,,,,,,,,,,,,,,,,,,,,,,,,,,,,,,,,,,,,,,,,,,,,,,,,,,,,,,,,,,,,,,,,,,,,,,,,,,,,,,,,,,,,,,,,,,,,,,,,,,,,,,,,,,,,,,,,,,
,,,,,,,,,,,,,,,,,,,,,,,,,,,,,,,,,,,,,,,,,,,,,,,,,,,,,,,,,,,,,,,,,,,,,,,,,,,,,,,,,,,,,,,,,,,,,,,,,,,,,,,,,,,,,,,,,,,,,,,,,,,,,,,,,,,,,,,,,,,,,,,,,,,,,,,,,,,,,,,,,,,,,,,,,,,,,,,,,,,,,,,,,,,,,,,,,,,,,,,,,,,,,,,,,,,,,,,,,,,,,,,,,,,,,,,,
,,,,,,,,,,,,,,,,,,,,,,,,,,,,,,,,,,,,,,,,,,,,,,,,,,,,,,,,,,,,,,,,,,,,,,,,,,,,,,,,,,,,,,,,,,,,,,,,,,,,,,,,,,,,,,,,,,,,,,,,,,,,,,,,,,,,,,,,,,,,,,,,,,,,,,,,,,,,,,,,,,,,,,,,,,,,,,,,,,,,,,,,,,,,,,,,,,,,,,,,,,,,,,,,,,,,,,,,,,,,,,,,,,,,,,,,
,,,,,,,,,,,,,,,,,,,,,,,,,,,,,,,,,,,,,,,,,,,,,,,,,,,,,,,,,,,,,,,,,,,,,,,,,,,,,,,,,,,,,,,,,,,,,,,,,,,,,,,,,,,,,,,,,,,,,,,,,,,,,,,,,,,,,,,,,,,,,,,,,,,,,,,,,,,,,,,,,,,,,,,,,,,,,,,,,,,,,,,,,,,,,,,,,,,,,,,,,,,,,,,,,,,,,,,,,,,,,,,,,,,,,,,,
,,,,,,,,,,,,,,,,,,,,,,,,,,,,,,,,,,,,,,,,,,,,,,,,,,,,,,,,,,,,,,,,,,,,,,,,,,,,,,,,,,,,,,,,,,,,,,,,,,,,,,,,,,,,,,,,,,,,,,,,,,,,,,,,,,,,,,,,,,,,,,,,,,,,,,,,,,,,,,,,,,,,,,,,,,,,,,,,,,,,,,,,,,,,,,,,,,,,,,,,,,,,,,,,,,,,,,,,,,,,,,,,,,,,,,,,
,,,,,,,,,,,,,,,,,,,,,,,,,,,,,,,,,,,,,,,,,,,,,,,,,,,,,,,,,,,,,,,,,,,,,,,,,,,,,,,,,,,,,,,,,,,,,,,,,,,,,,,,,,,,,,,,,,,,,,,,,,,,,,,,,,,,,,,,,,,,,,,,,,,,,,,,,,,,,,,,,,,,,,,,,,,,,,,,,,,,,,,,,,,,,,,,,,,,,,,,,,,,,,,,,,,,,,,,,,,,,,,,,,,,,,,,
,,,,,,,,,,,,,,,,,,,,,,,,,,,,,,,,,,,,,,,,,,,,,,,,,,,,,,,,,,,,,,,,,,,,,,,,,,,,,,,,,,,,,,,,,,,,,,,,,,,,,,,,,,,,,,,,,,,,,,,,,,,,,,,,,,,,,,,,,,,,,,,,,,,,,,,,,,,,,,,,,,,,,,,,,,,,,,,,,,,,,,,,,,,,,,,,,,,,,,,,,,,,,,,,,,,,,,,,,,,,,,,,,,,,,,,,
,,,,,,,,,,,,,,,,,,,,,,,,,,,,,,,,,,,,,,,,,,,,,,,,,,,,,,,,,,,,,,,,,,,,,,,,,,,,,,,,,,,,,,,,,,,,,,,,,,,,,,,,,,,,,,,,,,,,,,,,,,,,,,,,,,,,,,,,,,,,,,,,,,,,,,,,,,,,,,,,,,,,,,,,,,,,,,,,,,,,,,,,,,,,,,,,,,,,,,,,,,,,,,,,,,,,,,,,,,,,,,,,,,,,,,,,
,,,,,,,,,,,,,,,,,,,,,,,,,,,,,,,,,,,,,,,,,,,,,,,,,,,,,,,,,,,,,,,,,,,,,,,,,,,,,,,,,,,,,,,,,,,,,,,,,,,,,,,,,,,,,,,,,,,,,,,,,,,,,,,,,,,,,,,,,,,,,,,,,,,,,,,,,,,,,,,,,,,,,,,,,,,,,,,,,,,,,,,,,,,,,,,,,,,,,,,,,,,,,,,,,,,,,,,,,,,,,,,,,,,,,,,,
,,,,,,,,,,,,,,,,,,,,,,,,,,,,,,,,,,,,,,,,,,,,,,,,,,,,,,,,,,,,,,,,,,,,,,,,,,,,,,,,,,,,,,,,,,,,,,,,,,,,,,,,,,,,,,,,,,,,,,,,,,,,,,,,,,,,,,,,,,,,,,,,,,,,,,,,,,,,,,,,,,,,,,,,,,,,,,,,,,,,,,,,,,,,,,,,,,,,,,,,,,,,,,,,,,,,,,,,,,,,,,,,,,,,,,,,
,,,,,,,,,,,,,,,,,,,,,,,,,,,,,,,,,,,,,,,,,,,,,,,,,,,,,,,,,,,,,,,,,,,,,,,,,,,,,,,,,,,,,,,,,,,,,,,,,,,,,,,,,,,,,,,,,,,,,,,,,,,,,,,,,,,,,,,,,,,,,,,,,,,,,,,,,,,,,,,,,,,,,,,,,,,,,,,,,,,,,,,,,,,,,,,,,,,,,,,,,,,,,,,,,,,,,,,,,,,,,,,,,,,,,,,,
,,,,,,,,,,,,,,,,,,,,,,,,,,,,,,,,,,,,,,,,,,,,,,,,,,,,,,,,,,,,,,,,,,,,,,,,,,,,,,,,,,,,,,,,,,,,,,,,,,,,,,,,,,,,,,,,,,,,,,,,,,,,,,,,,,,,,,,,,,,,,,,,,,,,,,,,,,,,,,,,,,,,,,,,,,,,,,,,,,,,,,,,,,,,,,,,,,,,,,,,,,,,,,,,,,,,,,,,,,,,,,,,,,,,,,,,
,,,,,,,,,,,,,,,,,,,,,,,,,,,,,,,,,,,,,,,,,,,,,,,,,,,,,,,,,,,,,,,,,,,,,,,,,,,,,,,,,,,,,,,,,,,,,,,,,,,,,,,,,,,,,,,,,,,,,,,,,,,,,,,,,,,,,,,,,,,,,,,,,,,,,,,,,,,,,,,,,,,,,,,,,,,,,,,,,,,,,,,,,,,,,,,,,,,,,,,,,,,,,,,,,,,,,,,,,,,,,,,,,,,,,,,,
,,,,,,,,,,,,,,,,,,,,,,,,,,,,,,,,,,,,,,,,,,,,,,,,,,,,,,,,,,,,,,,,,,,,,,,,,,,,,,,,,,,,,,,,,,,,,,,,,,,,,,,,,,,,,,,,,,,,,,,,,,,,,,,,,,,,,,,,,,,,,,,,,,,,,,,,,,,,,,,,,,,,,,,,,,,,,,,,,,,,,,,,,,,,,,,,,,,,,,,,,,,,,,,,,,,,,,,,,,,,,,,,,,,,,,,,
,,,,,,,,,,,,,,,,,,,,,,,,,,,,,,,,,,,,,,,,,,,,,,,,,,,,,,,,,,,,,,,,,,,,,,,,,,,,,,,,,,,,,,,,,,,,,,,,,,,,,,,,,,,,,,,,,,,,,,,,,,,,,,,,,,,,,,,,,,,,,,,,,,,,,,,,,,,,,,,,,,,,,,,,,,,,,,,,,,,,,,,,,,,,,,,,,,,,,,,,,,,,,,,,,,,,,,,,,,,,,,,,,,,,,,,,
,,,,,,,,,,,,,,,,,,,,,,,,,,,,,,,,,,,,,,,,,,,,,,,,,,,,,,,,,,,,,,,,,,,,,,,,,,,,,,,,,,,,,,,,,,,,,,,,,,,,,,,,,,,,,,,,,,,,,,,,,,,,,,,,,,,,,,,,,,,,,,,,,,,,,,,,,,,,,,,,,,,,,,,,,,,,,,,,,,,,,,,,,,,,,,,,,,,,,,,,,,,,,,,,,,,,,,,,,,,,,,,,,,,,,,,,
,,,,,,,,,,,,,,,,,,,,,,,,,,,,,,,,,,,,,,,,,,,,,,,,,,,,,,,,,,,,,,,,,,,,,,,,,,,,,,,,,,,,,,,,,,,,,,,,,,,,,,,,,,,,,,,,,,,,,,,,,,,,,,,,,,,,,,,,,,,,,,,,,,,,,,,,,,,,,,,,,,,,,,,,,,,,,,,,,,,,,,,,,,,,,,,,,,,,,,,,,,,,,,,,,,,,,,,,,,,,,,,,,,,,,,,,
,,,,,,,,,,,,,,,,,,,,,,,,,,,,,,,,,,,,,,,,,,,,,,,,,,,,,,,,,,,,,,,,,,,,,,,,,,,,,,,,,,,,,,,,,,,,,,,,,,,,,,,,,,,,,,,,,,,,,,,,,,,,,,,,,,,,,,,,,,,,,,,,,,,,,,,,,,,,,,,,,,,,,,,,,,,,,,,,,,,,,,,,,,,,,,,,,,,,,,,,,,,,,,,,,,,,,,,,,,,,,,,,,,,,,,,,
,,,,,,,,,,,,,,,,,,,,,,,,,,,,,,,,,,,,,,,,,,,,,,,,,,,,,,,,,,,,,,,,,,,,,,,,,,,,,,,,,,,,,,,,,,,,,,,,,,,,,,,,,,,,,,,,,,,,,,,,,,,,,,,,,,,,,,,,,,,,,,,,,,,,,,,,,,,,,,,,,,,,,,,,,,,,,,,,,,,,,,,,,,,,,,,,,,,,,,,,,,,,,,,,,,,,,,,,,,,,,,,,,,,,,,,,
,,,,,,,,,,,,,,,,,,,,,,,,,,,,,,,,,,,,,,,,,,,,,,,,,,,,,,,,,,,,,,,,,,,,,,,,,,,,,,,,,,,,,,,,,,,,,,,,,,,,,,,,,,,,,,,,,,,,,,,,,,,,,,,,,,,,,,,,,,,,,,,,,,,,,,,,,,,,,,,,,,,,,,,,,,,,,,,,,,,,,,,,,,,,,,,,,,,,,,,,,,,,,,,,,,,,,,,,,,,,,,,,,,,,,,,,
,,,,,,,,,,,,,,,,,,,,,,,,,,,,,,,,,,,,,,,,,,,,,,,,,,,,,,,,,,,,,,,,,,,,,,,,,,,,,,,,,,,,,,,,,,,,,,,,,,,,,,,,,,,,,,,,,,,,,,,,,,,,,,,,,,,,,,,,,,,,,,,,,,,,,,,,,,,,,,,,,,,,,,,,,,,,,,,,,,,,,,,,,,,,,,,,,,,,,,,,,,,,,,,,,,,,,,,,,,,,,,,,,,,,,,,,
,,,,,,,,,,,,,,,,,,,,,,,,,,,,,,,,,,,,,,,,,,,,,,,,,,,,,,,,,,,,,,,,,,,,,,,,,,,,,,,,,,,,,,,,,,,,,,,,,,,,,,,,,,,,,,,,,,,,,,,,,,,,,,,,,,,,,,,,,,,,,,,,,,,,,,,,,,,,,,,,,,,,,,,,,,,,,,,,,,,,,,,,,,,,,,,,,,,,,,,,,,,,,,,,,,,,,,,,,,,,,,,,,,,,,,,,
,,,,,,,,,,,,,,,,,,,,,,,,,,,,,,,,,,,,,,,,,,,,,,,,,,,,,,,,,,,,,,,,,,,,,,,,,,,,,,,,,,,,,,,,,,,,,,,,,,,,,,,,,,,,,,,,,,,,,,,,,,,,,,,,,,,,,,,,,,,,,,,,,,,,,,,,,,,,,,,,,,,,,,,,,,,,,,,,,,,,,,,,,,,,,,,,,,,,,,,,,,,,,,,,,,,,,,,,,,,,,,,,,,,,,,,,
,,,,,,,,,,,,,,,,,,,,,,,,,,,,,,,,,,,,,,,,,,,,,,,,,,,,,,,,,,,,,,,,,,,,,,,,,,,,,,,,,,,,,,,,,,,,,,,,,,,,,,,,,,,,,,,,,,,,,,,,,,,,,,,,,,,,,,,,,,,,,,,,,,,,,,,,,,,,,,,,,,,,,,,,,,,,,,,,,,,,,,,,,,,,,,,,,,,,,,,,,,,,,,,,,,,,,,,,,,,,,,,,,,,,,,,,
,,,,,,,,,,,,,,,,,,,,,,,,,,,,,,,,,,,,,,,,,,,,,,,,,,,,,,,,,,,,,,,,,,,,,,,,,,,,,,,,,,,,,,,,,,,,,,,,,,,,,,,,,,,,,,,,,,,,,,,,,,,,,,,,,,,,,,,,,,,,,,,,,,,,,,,,,,,,,,,,,,,,,,,,,,,,,,,,,,,,,,,,,,,,,,,,,,,,,,,,,,,,,,,,,,,,,,,,,,,,,,,,,,,,,,,,
,,,,,,,,,,,,,,,,,,,,,,,,,,,,,,,,,,,,,,,,,,,,,,,,,,,,,,,,,,,,,,,,,,,,,,,,,,,,,,,,,,,,,,,,,,,,,,,,,,,,,,,,,,,,,,,,,,,,,,,,,,,,,,,,,,,,,,,,,,,,,,,,,,,,,,,,,,,,,,,,,,,,,,,,,,,,,,,,,,,,,,,,,,,,,,,,,,,,,,,,,,,,,,,,,,,,,,,,,,,,,,,,,,,,,,,,
,,,,,,,,,,,,,,,,,,,,,,,,,,,,,,,,,,,,,,,,,,,,,,,,,,,,,,,,,,,,,,,,,,,,,,,,,,,,,,,,,,,,,,,,,,,,,,,,,,,,,,,,,,,,,,,,,,,,,,,,,,,,,,,,,,,,,,,,,,,,,,,,,,,,,,,,,,,,,,,,,,,,,,,,,,,,,,,,,,,,,,,,,,,,,,,,,,,,,,,,,,,,,,,,,,,,,,,,,,,,,,,,,,,,,,,,
,,,,,,,,,,,,,,,,,,,,,,,,,,,,,,,,,,,,,,,,,,,,,,,,,,,,,,,,,,,,,,,,,,,,,,,,,,,,,,,,,,,,,,,,,,,,,,,,,,,,,,,,,,,,,,,,,,,,,,,,,,,,,,,,,,,,,,,,,,,,,,,,,,,,,,,,,,,,,,,,,,,,,,,,,,,,,,,,,,,,,,,,,,,,,,,,,,,,,,,,,,,,,,,,,,,,,,,,,,,,,,,,,,,,,,,,
,,,,,,,,,,,,,,,,,,,,,,,,,,,,,,,,,,,,,,,,,,,,,,,,,,,,,,,,,,,,,,,,,,,,,,,,,,,,,,,,,,,,,,,,,,,,,,,,,,,,,,,,,,,,,,,,,,,,,,,,,,,,,,,,,,,,,,,,,,,,,,,,,,,,,,,,,,,,,,,,,,,,,,,,,,,,,,,,,,,,,,,,,,,,,,,,,,,,,,,,,,,,,,,,,,,,,,,,,,,,,,,,,,,,,,,,
,,,,,,,,,,,,,,,,,,,,,,,,,,,,,,,,,,,,,,,,,,,,,,,,,,,,,,,,,,,,,,,,,,,,,,,,,,,,,,,,,,,,,,,,,,,,,,,,,,,,,,,,,,,,,,,,,,,,,,,,,,,,,,,,,,,,,,,,,,,,,,,,,,,,,,,,,,,,,,,,,,,,,,,,,,,,,,,,,,,,,,,,,,,,,,,,,,,,,,,,,,,,,,,,,,,,,,,,,,,,,,,,,,,,,,,,
,,,,,,,,,,,,,,,,,,,,,,,,,,,,,,,,,,,,,,,,,,,,,,,,,,,,,,,,,,,,,,,,,,,,,,,,,,,,,,,,,,,,,,,,,,,,,,,,,,,,,,,,,,,,,,,,,,,,,,,,,,,,,,,,,,,,,,,,,,,,,,,,,,,,,,,,,,,,,,,,,,,,,,,,,,,,,,,,,,,,,,,,,,,,,,,,,,,,,,,,,,,,,,,,,,,,,,,,,,,,,,,,,,,,,,,,
,,,,,,,,,,,,,,,,,,,,,,,,,,,,,,,,,,,,,,,,,,,,,,,,,,,,,,,,,,,,,,,,,,,,,,,,,,,,,,,,,,,,,,,,,,,,,,,,,,,,,,,,,,,,,,,,,,,,,,,,,,,,,,,,,,,,,,,,,,,,,,,,,,,,,,,,,,,,,,,,,,,,,,,,,,,,,,,,,,,,,,,,,,,,,,,,,,,,,,,,,,,,,,,,,,,,,,,,,,,,,,,,,,,,,,,,
,,,,,,,,,,,,,,,,,,,,,,,,,,,,,,,,,,,,,,,,,,,,,,,,,,,,,,,,,,,,,,,,,,,,,,,,,,,,,,,,,,,,,,,,,,,,,,,,,,,,,,,,,,,,,,,,,,,,,,,,,,,,,,,,,,,,,,,,,,,,,,,,,,,,,,,,,,,,,,,,,,,,,,,,,,,,,,,,,,,,,,,,,,,,,,,,,,,,,,,,,,,,,,,,,,,,,,,,,,,,,,,,,,,,,,,,
,,,,,,,,,,,,,,,,,,,,,,,,,,,,,,,,,,,,,,,,,,,,,,,,,,,,,,,,,,,,,,,,,,,,,,,,,,,,,,,,,,,,,,,,,,,,,,,,,,,,,,,,,,,,,,,,,,,,,,,,,,,,,,,,,,,,,,,,,,,,,,,,,,,,,,,,,,,,,,,,,,,,,,,,,,,,,,,,,,,,,,,,,,,,,,,,,,,,,,,,,,,,,,,,,,,,,,,,,,,,,,,,,,,,,,,,
,,,,,,,,,,,,,,,,,,,,,,,,,,,,,,,,,,,,,,,,,,,,,,,,,,,,,,,,,,,,,,,,,,,,,,,,,,,,,,,,,,,,,,,,,,,,,,,,,,,,,,,,,,,,,,,,,,,,,,,,,,,,,,,,,,,,,,,,,,,,,,,,,,,,,,,,,,,,,,,,,,,,,,,,,,,,,,,,,,,,,,,,,,,,,,,,,,,,,,,,,,,,,,,,,,,,,,,,,,,,,,,,,,,,,,,,
,,,,,,,,,,,,,,,,,,,,,,,,,,,,,,,,,,,,,,,,,,,,,,,,,,,,,,,,,,,,,,,,,,,,,,,,,,,,,,,,,,,,,,,,,,,,,,,,,,,,,,,,,,,,,,,,,,,,,,,,,,,,,,,,,,,,,,,,,,,,,,,,,,,,,,,,,,,,,,,,,,,,,,,,,,,,,,,,,,,,,,,,,,,,,,,,,,,,,,,,,,,,,,,,,,,,,,,,,,,,,,,,,,,,,,,,
,,,,,,,,,,,,,,,,,,,,,,,,,,,,,,,,,,,,,,,,,,,,,,,,,,,,,,,,,,,,,,,,,,,,,,,,,,,,,,,,,,,,,,,,,,,,,,,,,,,,,,,,,,,,,,,,,,,,,,,,,,,,,,,,,,,,,,,,,,,,,,,,,,,,,,,,,,,,,,,,,,,,,,,,,,,,,,,,,,,,,,,,,,,,,,,,,,,,,,,,,,,,,,,,,,,,,,,,,,,,,,,,,,,,,,,,
,,,,,,,,,,,,,,,,,,,,,,,,,,,,,,,,,,,,,,,,,,,,,,,,,,,,,,,,,,,,,,,,,,,,,,,,,,,,,,,,,,,,,,,,,,,,,,,,,,,,,,,,,,,,,,,,,,,,,,,,,,,,,,,,,,,,,,,,,,,,,,,,,,,,,,,,,,,,,,,,,,,,,,,,,,,,,,,,,,,,,,,,,,,,,,,,,,,,,,,,,,,,,,,,,,,,,,,,,,,,,,,,,,,,,,,,
,,,,,,,,,,,,,,,,,,,,,,,,,,,,,,,,,,,,,,,,,,,,,,,,,,,,,,,,,,,,,,,,,,,,,,,,,,,,,,,,,,,,,,,,,,,,,,,,,,,,,,,,,,,,,,,,,,,,,,,,,,,,,,,,,,,,,,,,,,,,,,,,,,,,,,,,,,,,,,,,,,,,,,,,,,,,,,,,,,,,,,,,,,,,,,,,,,,,,,,,,,,,,,,,,,,,,,,,,,,,,,,,,,,,,,,,
,,,,,,,,,,,,,,,,,,,,,,,,,,,,,,,,,,,,,,,,,,,,,,,,,,,,,,,,,,,,,,,,,,,,,,,,,,,,,,,,,,,,,,,,,,,,,,,,,,,,,,,,,,,,,,,,,,,,,,,,,,,,,,,,,,,,,,,,,,,,,,,,,,,,,,,,,,,,,,,,,,,,,,,,,,,,,,,,,,,,,,,,,,,,,,,,,,,,,,,,,,,,,,,,,,,,,,,,,,,,,,,,,,,,,,,,
,,,,,,,,,,,,,,,,,,,,,,,,,,,,,,,,,,,,,,,,,,,,,,,,,,,,,,,,,,,,,,,,,,,,,,,,,,,,,,,,,,,,,,,,,,,,,,,,,,,,,,,,,,,,,,,,,,,,,,,,,,,,,,,,,,,,,,,,,,,,,,,,,,,,,,,,,,,,,,,,,,,,,,,,,,,,,,,,,,,,,,,,,,,,,,,,,,,,,,,,,,,,,,,,,,,,,,,,,,,,,,,,,,,,,,,,
,,,,,,,,,,,,,,,,,,,,,,,,,,,,,,,,,,,,,,,,,,,,,,,,,,,,,,,,,,,,,,,,,,,,,,,,,,,,,,,,,,,,,,,,,,,,,,,,,,,,,,,,,,,,,,,,,,,,,,,,,,,,,,,,,,,,,,,,,,,,,,,,,,,,,,,,,,,,,,,,,,,,,,,,,,,,,,,,,,,,,,,,,,,,,,,,,,,,,,,,,,,,,,,,,,,,,,,,,,,,,,,,,,,,,,,,
,,,,,,,,,,,,,,,,,,,,,,,,,,,,,,,,,,,,,,,,,,,,,,,,,,,,,,,,,,,,,,,,,,,,,,,,,,,,,,,,,,,,,,,,,,,,,,,,,,,,,,,,,,,,,,,,,,,,,,,,,,,,,,,,,,,,,,,,,,,,,,,,,,,,,,,,,,,,,,,,,,,,,,,,,,,,,,,,,,,,,,,,,,,,,,,,,,,,,,,,,,,,,,,,,,,,,,,,,,,,,,,,,,,,,,,,
,,,,,,,,,,,,,,,,,,,,,,,,,,,,,,,,,,,,,,,,,,,,,,,,,,,,,,,,,,,,,,,,,,,,,,,,,,,,,,,,,,,,,,,,,,,,,,,,,,,,,,,,,,,,,,,,,,,,,,,,,,,,,,,,,,,,,,,,,,,,,,,,,,,,,,,,,,,,,,,,,,,,,,,,,,,,,,,,,,,,,,,,,,,,,,,,,,,,,,,,,,,,,,,,,,,,,,,,,,,,,,,,,,,,,,,,
,,,,,,,,,,,,,,,,,,,,,,,,,,,,,,,,,,,,,,,,,,,,,,,,,,,,,,,,,,,,,,,,,,,,,,,,,,,,,,,,,,,,,,,,,,,,,,,,,,,,,,,,,,,,,,,,,,,,,,,,,,,,,,,,,,,,,,,,,,,,,,,,,,,,,,,,,,,,,,,,,,,,,,,,,,,,,,,,,,,,,,,,,,,,,,,,,,,,,,,,,,,,,,,,,,,,,,,,,,,,,,,,,,,,,,,,
,,,,,,,,,,,,,,,,,,,,,,,,,,,,,,,,,,,,,,,,,,,,,,,,,,,,,,,,,,,,,,,,,,,,,,,,,,,,,,,,,,,,,,,,,,,,,,,,,,,,,,,,,,,,,,,,,,,,,,,,,,,,,,,,,,,,,,,,,,,,,,,,,,,,,,,,,,,,,,,,,,,,,,,,,,,,,,,,,,,,,,,,,,,,,,,,,,,,,,,,,,,,,,,,,,,,,,,,,,,,,,,,,,,,,,,,
,,,,,,,,,,,,,,,,,,,,,,,,,,,,,,,,,,,,,,,,,,,,,,,,,,,,,,,,,,,,,,,,,,,,,,,,,,,,,,,,,,,,,,,,,,,,,,,,,,,,,,,,,,,,,,,,,,,,,,,,,,,,,,,,,,,,,,,,,,,,,,,,,,,,,,,,,,,,,,,,,,,,,,,,,,,,,,,,,,,,,,,,,,,,,,,,,,,,,,,,,,,,,,,,,,,,,,,,,,,,,,,,,,,,,,,,
,,,,,,,,,,,,,,,,,,,,,,,,,,,,,,,,,,,,,,,,,,,,,,,,,,,,,,,,,,,,,,,,,,,,,,,,,,,,,,,,,,,,,,,,,,,,,,,,,,,,,,,,,,,,,,,,,,,,,,,,,,,,,,,,,,,,,,,,,,,,,,,,,,,,,,,,,,,,,,,,,,,,,,,,,,,,,,,,,,,,,,,,,,,,,,,,,,,,,,,,,,,,,,,,,,,,,,,,,,,,,,,,,,,,,,,,
,,,,,,,,,,,,,,,,,,,,,,,,,,,,,,,,,,,,,,,,,,,,,,,,,,,,,,,,,,,,,,,,,,,,,,,,,,,,,,,,,,,,,,,,,,,,,,,,,,,,,,,,,,,,,,,,,,,,,,,,,,,,,,,,,,,,,,,,,,,,,,,,,,,,,,,,,,,,,,,,,,,,,,,,,,,,,,,,,,,,,,,,,,,,,,,,,,,,,,,,,,,,,,,,,,,,,,,,,,,,,,,,,,,,,,,,
,,,,,,,,,,,,,,,,,,,,,,,,,,,,,,,,,,,,,,,,,,,,,,,,,,,,,,,,,,,,,,,,,,,,,,,,,,,,,,,,,,,,,,,,,,,,,,,,,,,,,,,,,,,,,,,,,,,,,,,,,,,,,,,,,,,,,,,,,,,,,,,,,,,,,,,,,,,,,,,,,,,,,,,,,,,,,,,,,,,,,,,,,,,,,,,,,,,,,,,,,,,,,,,,,,,,,,,,,,,,,,,,,,,,,,,,
,,,,,,,,,,,,,,,,,,,,,,,,,,,,,,,,,,,,,,,,,,,,,,,,,,,,,,,,,,,,,,,,,,,,,,,,,,,,,,,,,,,,,,,,,,,,,,,,,,,,,,,,,,,,,,,,,,,,,,,,,,,,,,,,,,,,,,,,,,,,,,,,,,,,,,,,,,,,,,,,,,,,,,,,,,,,,,,,,,,,,,,,,,,,,,,,,,,,,,,,,,,,,,,,,,,,,,,,,,,,,,,,,,,,,,,,
,,,,,,,,,,,,,,,,,,,,,,,,,,,,,,,,,,,,,,,,,,,,,,,,,,,,,,,,,,,,,,,,,,,,,,,,,,,,,,,,,,,,,,,,,,,,,,,,,,,,,,,,,,,,,,,,,,,,,,,,,,,,,,,,,,,,,,,,,,,,,,,,,,,,,,,,,,,,,,,,,,,,,,,,,,,,,,,,,,,,,,,,,,,,,,,,,,,,,,,,,,,,,,,,,,,,,,,,,,,,,,,,,,,,,,,,
,,,,,,,,,,,,,,,,,,,,,,,,,,,,,,,,,,,,,,,,,,,,,,,,,,,,,,,,,,,,,,,,,,,,,,,,,,,,,,,,,,,,,,,,,,,,,,,,,,,,,,,,,,,,,,,,,,,,,,,,,,,,,,,,,,,,,,,,,,,,,,,,,,,,,,,,,,,,,,,,,,,,,,,,,,,,,,,,,,,,,,,,,,,,,,,,,,,,,,,,,,,,,,,,,,,,,,,,,,,,,,,,,,,,,,,,
,,,,,,,,,,,,,,,,,,,,,,,,,,,,,,,,,,,,,,,,,,,,,,,,,,,,,,,,,,,,,,,,,,,,,,,,,,,,,,,,,,,,,,,,,,,,,,,,,,,,,,,,,,,,,,,,,,,,,,,,,,,,,,,,,,,,,,,,,,,,,,,,,,,,,,,,,,,,,,,,,,,,,,,,,,,,,,,,,,,,,,,,,,,,,,,,,,,,,,,,,,,,,,,,,,,,,,,,,,,,,,,,,,,,,,,,
,,,,,,,,,,,,,,,,,,,,,,,,,,,,,,,,,,,,,,,,,,,,,,,,,,,,,,,,,,,,,,,,,,,,,,,,,,,,,,,,,,,,,,,,,,,,,,,,,,,,,,,,,,,,,,,,,,,,,,,,,,,,,,,,,,,,,,,,,,,,,,,,,,,,,,,,,,,,,,,,,,,,,,,,,,,,,,,,,,,,,,,,,,,,,,,,,,,,,,,,,,,,,,,,,,,,,,,,,,,,,,,,,,,,,,,,
,,,,,,,,,,,,,,,,,,,,,,,,,,,,,,,,,,,,,,,,,,,,,,,,,,,,,,,,,,,,,,,,,,,,,,,,,,,,,,,,,,,,,,,,,,,,,,,,,,,,,,,,,,,,,,,,,,,,,,,,,,,,,,,,,,,,,,,,,,,,,,,,,,,,,,,,,,,,,,,,,,,,,,,,,,,,,,,,,,,,,,,,,,,,,,,,,,,,,,,,,,,,,,,,,,,,,,,,,,,,,,,,,,,,,,,,
,,,,,,,,,,,,,,,,,,,,,,,,,,,,,,,,,,,,,,,,,,,,,,,,,,,,,,,,,,,,,,,,,,,,,,,,,,,,,,,,,,,,,,,,,,,,,,,,,,,,,,,,,,,,,,,,,,,,,,,,,,,,,,,,,,,,,,,,,,,,,,,,,,,,,,,,,,,,,,,,,,,,,,,,,,,,,,,,,,,,,,,,,,,,,,,,,,,,,,,,,,,,,,,,,,,,,,,,,,,,,,,,,,,,,,,,
,,,,,,,,,,,,,,,,,,,,,,,,,,,,,,,,,,,,,,,,,,,,,,,,,,,,,,,,,,,,,,,,,,,,,,,,,,,,,,,,,,,,,,,,,,,,,,,,,,,,,,,,,,,,,,,,,,,,,,,,,,,,,,,,,,,,,,,,,,,,,,,,,,,,,,,,,,,,,,,,,,,,,,,,,,,,,,,,,,,,,,,,,,,,,,,,,,,,,,,,,,,,,,,,,,,,,,,,,,,,,,,,,,,,,,,,
,,,,,,,,,,,,,,,,,,,,,,,,,,,,,,,,,,,,,,,,,,,,,,,,,,,,,,,,,,,,,,,,,,,,,,,,,,,,,,,,,,,,,,,,,,,,,,,,,,,,,,,,,,,,,,,,,,,,,,,,,,,,,,,,,,,,,,,,,,,,,,,,,,,,,,,,,,,,,,,,,,,,,,,,,,,,,,,,,,,,,,,,,,,,,,,,,,,,,,,,,,,,,,,,,,,,,,,,,,,,,,,,,,,,,,,,
,,,,,,,,,,,,,,,,,,,,,,,,,,,,,,,,,,,,,,,,,,,,,,,,,,,,,,,,,,,,,,,,,,,,,,,,,,,,,,,,,,,,,,,,,,,,,,,,,,,,,,,,,,,,,,,,,,,,,,,,,,,,,,,,,,,,,,,,,,,,,,,,,,,,,,,,,,,,,,,,,,,,,,,,,,,,,,,,,,,,,,,,,,,,,,,,,,,,,,,,,,,,,,,,,,,,,,,,,,,,,,,,,,,,,,,,
,,,,,,,,,,,,,,,,,,,,,,,,,,,,,,,,,,,,,,,,,,,,,,,,,,,,,,,,,,,,,,,,,,,,,,,,,,,,,,,,,,,,,,,,,,,,,,,,,,,,,,,,,,,,,,,,,,,,,,,,,,,,,,,,,,,,,,,,,,,,,,,,,,,,,,,,,,,,,,,,,,,,,,,,,,,,,,,,,,,,,,,,,,,,,,,,,,,,,,,,,,,,,,,,,,,,,,,,,,,,,,,,,,,,,,,,
,,,,,,,,,,,,,,,,,,,,,,,,,,,,,,,,,,,,,,,,,,,,,,,,,,,,,,,,,,,,,,,,,,,,,,,,,,,,,,,,,,,,,,,,,,,,,,,,,,,,,,,,,,,,,,,,,,,,,,,,,,,,,,,,,,,,,,,,,,,,,,,,,,,,,,,,,,,,,,,,,,,,,,,,,,,,,,,,,,,,,,,,,,,,,,,,,,,,,,,,,,,,,,,,,,,,,,,,,,,,,,,,,,,,,,,,
,,,,,,,,,,,,,,,,,,,,,,,,,,,,,,,,,,,,,,,,,,,,,,,,,,,,,,,,,,,,,,,,,,,,,,,,,,,,,,,,,,,,,,,,,,,,,,,,,,,,,,,,,,,,,,,,,,,,,,,,,,,,,,,,,,,,,,,,,,,,,,,,,,,,,,,,,,,,,,,,,,,,,,,,,,,,,,,,,,,,,,,,,,,,,,,,,,,,,,,,,,,,,,,,,,,,,,,,,,,,,,,,,,,,,,,,
,,,,,,,,,,,,,,,,,,,,,,,,,,,,,,,,,,,,,,,,,,,,,,,,,,,,,,,,,,,,,,,,,,,,,,,,,,,,,,,,,,,,,,,,,,,,,,,,,,,,,,,,,,,,,,,,,,,,,,,,,,,,,,,,,,,,,,,,,,,,,,,,,,,,,,,,,,,,,,,,,,,,,,,,,,,,,,,,,,,,,,,,,,,,,,,,,,,,,,,,,,,,,,,,,,,,,,,,,,,,,,,,,,,,,,,,
,,,,,,,,,,,,,,,,,,,,,,,,,,,,,,,,,,,,,,,,,,,,,,,,,,,,,,,,,,,,,,,,,,,,,,,,,,,,,,,,,,,,,,,,,,,,,,,,,,,,,,,,,,,,,,,,,,,,,,,,,,,,,,,,,,,,,,,,,,,,,,,,,,,,,,,,,,,,,,,,,,,,,,,,,,,,,,,,,,,,,,,,,,,,,,,,,,,,,,,,,,,,,,,,,,,,,,,,,,,,,,,,,,,,,,,,
,,,,,,,,,,,,,,,,,,,,,,,,,,,,,,,,,,,,,,,,,,,,,,,,,,,,,,,,,,,,,,,,,,,,,,,,,,,,,,,,,,,,,,,,,,,,,,,,,,,,,,,,,,,,,,,,,,,,,,,,,,,,,,,,,,,,,,,,,,,,,,,,,,,,,,,,,,,,,,,,,,,,,,,,,,,,,,,,,,,,,,,,,,,,,,,,,,,,,,,,,,,,,,,,,,,,,,,,,,,,,,,,,,,,,,,,
,,,,,,,,,,,,,,,,,,,,,,,,,,,,,,,,,,,,,,,,,,,,,,,,,,,,,,,,,,,,,,,,,,,,,,,,,,,,,,,,,,,,,,,,,,,,,,,,,,,,,,,,,,,,,,,,,,,,,,,,,,,,,,,,,,,,,,,,,,,,,,,,,,,,,,,,,,,,,,,,,,,,,,,,,,,,,,,,,,,,,,,,,,,,,,,,,,,,,,,,,,,,,,,,,,,,,,,,,,,,,,,,,,,,,,,,
,,,,,,,,,,,,,,,,,,,,,,,,,,,,,,,,,,,,,,,,,,,,,,,,,,,,,,,,,,,,,,,,,,,,,,,,,,,,,,,,,,,,,,,,,,,,,,,,,,,,,,,,,,,,,,,,,,,,,,,,,,,,,,,,,,,,,,,,,,,,,,,,,,,,,,,,,,,,,,,,,,,,,,,,,,,,,,,,,,,,,,,,,,,,,,,,,,,,,,,,,,,,,,,,,,,,,,,,,,,,,,,,,,,,,,,,
,,,,,,,,,,,,,,,,,,,,,,,,,,,,,,,,,,,,,,,,,,,,,,,,,,,,,,,,,,,,,,,,,,,,,,,,,,,,,,,,,,,,,,,,,,,,,,,,,,,,,,,,,,,,,,,,,,,,,,,,,,,,,,,,,,,,,,,,,,,,,,,,,,,,,,,,,,,,,,,,,,,,,,,,,,,,,,,,,,,,,,,,,,,,,,,,,,,,,,,,,,,,,,,,,,,,,,,,,,,,,,,,,,,,,,,,
,,,,,,,,,,,,,,,,,,,,,,,,,,,,,,,,,,,,,,,,,,,,,,,,,,,,,,,,,,,,,,,,,,,,,,,,,,,,,,,,,,,,,,,,,,,,,,,,,,,,,,,,,,,,,,,,,,,,,,,,,,,,,,,,,,,,,,,,,,,,,,,,,,,,,,,,,,,,,,,,,,,,,,,,,,,,,,,,,,,,,,,,,,,,,,,,,,,,,,,,,,,,,,,,,,,,,,,,,,,,,,,,,,,,,,,,
,,,,,,,,,,,,,,,,,,,,,,,,,,,,,,,,,,,,,,,,,,,,,,,,,,,,,,,,,,,,,,,,,,,,,,,,,,,,,,,,,,,,,,,,,,,,,,,,,,,,,,,,,,,,,,,,,,,,,,,,,,,,,,,,,,,,,,,,,,,,,,,,,,,,,,,,,,,,,,,,,,,,,,,,,,,,,,,,,,,,,,,,,,,,,,,,,,,,,,,,,,,,,,,,,,,,,,,,,,,,,,,,,,,,,,,,
,,,,,,,,,,,,,,,,,,,,,,,,,,,,,,,,,,,,,,,,,,,,,,,,,,,,,,,,,,,,,,,,,,,,,,,,,,,,,,,,,,,,,,,,,,,,,,,,,,,,,,,,,,,,,,,,,,,,,,,,,,,,,,,,,,,,,,,,,,,,,,,,,,,,,,,,,,,,,,,,,,,,,,,,,,,,,,,,,,,,,,,,,,,,,,,,,,,,,,,,,,,,,,,,,,,,,,,,,,,,,,,,,,,,,,,,
,,,,,,,,,,,,,,,,,,,,,,,,,,,,,,,,,,,,,,,,,,,,,,,,,,,,,,,,,,,,,,,,,,,,,,,,,,,,,,,,,,,,,,,,,,,,,,,,,,,,,,,,,,,,,,,,,,,,,,,,,,,,,,,,,,,,,,,,,,,,,,,,,,,,,,,,,,,,,,,,,,,,,,,,,,,,,,,,,,,,,,,,,,,,,,,,,,,,,,,,,,,,,,,,,,,,,,,,,,,,,,,,,,,,,,,,
,,,,,,,,,,,,,,,,,,,,,,,,,,,,,,,,,,,,,,,,,,,,,,,,,,,,,,,,,,,,,,,,,,,,,,,,,,,,,,,,,,,,,,,,,,,,,,,,,,,,,,,,,,,,,,,,,,,,,,,,,,,,,,,,,,,,,,,,,,,,,,,,,,,,,,,,,,,,,,,,,,,,,,,,,,,,,,,,,,,,,,,,,,,,,,,,,,,,,,,,,,,,,,,,,,,,,,,,,,,,,,,,,,,,,,,,
,,,,,,,,,,,,,,,,,,,,,,,,,,,,,,,,,,,,,,,,,,,,,,,,,,,,,,,,,,,,,,,,,,,,,,,,,,,,,,,,,,,,,,,,,,,,,,,,,,,,,,,,,,,,,,,,,,,,,,,,,,,,,,,,,,,,,,,,,,,,,,,,,,,,,,,,,,,,,,,,,,,,,,,,,,,,,,,,,,,,,,,,,,,,,,,,,,,,,,,,,,,,,,,,,,,,,,,,,,,,,,,,,,,,,,,,
,,,,,,,,,,,,,,,,,,,,,,,,,,,,,,,,,,,,,,,,,,,,,,,,,,,,,,,,,,,,,,,,,,,,,,,,,,,,,,,,,,,,,,,,,,,,,,,,,,,,,,,,,,,,,,,,,,,,,,,,,,,,,,,,,,,,,,,,,,,,,,,,,,,,,,,,,,,,,,,,,,,,,,,,,,,,,,,,,,,,,,,,,,,,,,,,,,,,,,,,,,,,,,,,,,,,,,,,,,,,,,,,,,,,,,,,
,,,,,,,,,,,,,,,,,,,,,,,,,,,,,,,,,,,,,,,,,,,,,,,,,,,,,,,,,,,,,,,,,,,,,,,,,,,,,,,,,,,,,,,,,,,,,,,,,,,,,,,,,,,,,,,,,,,,,,,,,,,,,,,,,,,,,,,,,,,,,,,,,,,,,,,,,,,,,,,,,,,,,,,,,,,,,,,,,,,,,,,,,,,,,,,,,,,,,,,,,,,,,,,,,,,,,,,,,,,,,,,,,,,,,,,,
,,,,,,,,,,,,,,,,,,,,,,,,,,,,,,,,,,,,,,,,,,,,,,,,,,,,,,,,,,,,,,,,,,,,,,,,,,,,,,,,,,,,,,,,,,,,,,,,,,,,,,,,,,,,,,,,,,,,,,,,,,,,,,,,,,,,,,,,,,,,,,,,,,,,,,,,,,,,,,,,,,,,,,,,,,,,,,,,,,,,,,,,,,,,,,,,,,,,,,,,,,,,,,,,,,,,,,,,,,,,,,,,,,,,,,,,
,,,,,,,,,,,,,,,,,,,,,,,,,,,,,,,,,,,,,,,,,,,,,,,,,,,,,,,,,,,,,,,,,,,,,,,,,,,,,,,,,,,,,,,,,,,,,,,,,,,,,,,,,,,,,,,,,,,,,,,,,,,,,,,,,,,,,,,,,,,,,,,,,,,,,,,,,,,,,,,,,,,,,,,,,,,,,,,,,,,,,,,,,,,,,,,,,,,,,,,,,,,,,,,,,,,,,,,,,,,,,,,,,,,,,,,,
,,,,,,,,,,,,,,,,,,,,,,,,,,,,,,,,,,,,,,,,,,,,,,,,,,,,,,,,,,,,,,,,,,,,,,,,,,,,,,,,,,,,,,,,,,,,,,,,,,,,,,,,,,,,,,,,,,,,,,,,,,,,,,,,,,,,,,,,,,,,,,,,,,,,,,,,,,,,,,,,,,,,,,,,,,,,,,,,,,,,,,,,,,,,,,,,,,,,,,,,,,,,,,,,,,,,,,,,,,,,,,,,,,,,,,,,
,,,,,,,,,,,,,,,,,,,,,,,,,,,,,,,,,,,,,,,,,,,,,,,,,,,,,,,,,,,,,,,,,,,,,,,,,,,,,,,,,,,,,,,,,,,,,,,,,,,,,,,,,,,,,,,,,,,,,,,,,,,,,,,,,,,,,,,,,,,,,,,,,,,,,,,,,,,,,,,,,,,,,,,,,,,,,,,,,,,,,,,,,,,,,,,,,,,,,,,,,,,,,,,,,,,,,,,,,,,,,,,,,,,,,,,,
,,,,,,,,,,,,,,,,,,,,,,,,,,,,,,,,,,,,,,,,,,,,,,,,,,,,,,,,,,,,,,,,,,,,,,,,,,,,,,,,,,,,,,,,,,,,,,,,,,,,,,,,,,,,,,,,,,,,,,,,,,,,,,,,,,,,,,,,,,,,,,,,,,,,,,,,,,,,,,,,,,,,,,,,,,,,,,,,,,,,,,,,,,,,,,,,,,,,,,,,,,,,,,,,,,,,,,,,,,,,,,,,,,,,,,,,
,,,,,,,,,,,,,,,,,,,,,,,,,,,,,,,,,,,,,,,,,,,,,,,,,,,,,,,,,,,,,,,,,,,,,,,,,,,,,,,,,,,,,,,,,,,,,,,,,,,,,,,,,,,,,,,,,,,,,,,,,,,,,,,,,,,,,,,,,,,,,,,,,,,,,,,,,,,,,,,,,,,,,,,,,,,,,,,,,,,,,,,,,,,,,,,,,,,,,,,,,,,,,,,,,,,,,,,,,,,,,,,,,,,,,,,,
,,,,,,,,,,,,,,,,,,,,,,,,,,,,,,,,,,,,,,,,,,,,,,,,,,,,,,,,,,,,,,,,,,,,,,,,,,,,,,,,,,,,,,,,,,,,,,,,,,,,,,,,,,,,,,,,,,,,,,,,,,,,,,,,,,,,,,,,,,,,,,,,,,,,,,,,,,,,,,,,,,,,,,,,,,,,,,,,,,,,,,,,,,,,,,,,,,,,,,,,,,,,,,,,,,,,,,,,,,,,,,,,,,,,,,,,
,,,,,,,,,,,,,,,,,,,,,,,,,,,,,,,,,,,,,,,,,,,,,,,,,,,,,,,,,,,,,,,,,,,,,,,,,,,,,,,,,,,,,,,,,,,,,,,,,,,,,,,,,,,,,,,,,,,,,,,,,,,,,,,,,,,,,,,,,,,,,,,,,,,,,,,,,,,,,,,,,,,,,,,,,,,,,,,,,,,,,,,,,,,,,,,,,,,,,,,,,,,,,,,,,,,,,,,,,,,,,,,,,,,,,,,,
,,,,,,,,,,,,,,,,,,,,,,,,,,,,,,,,,,,,,,,,,,,,,,,,,,,,,,,,,,,,,,,,,,,,,,,,,,,,,,,,,,,,,,,,,,,,,,,,,,,,,,,,,,,,,,,,,,,,,,,,,,,,,,,,,,,,,,,,,,,,,,,,,,,,,,,,,,,,,,,,,,,,,,,,,,,,,,,,,,,,,,,,,,,,,,,,,,,,,,,,,,,,,,,,,,,,,,,,,,,,,,,,,,,,,,,,
,,,,,,,,,,,,,,,,,,,,,,,,,,,,,,,,,,,,,,,,,,,,,,,,,,,,,,,,,,,,,,,,,,,,,,,,,,,,,,,,,,,,,,,,,,,,,,,,,,,,,,,,,,,,,,,,,,,,,,,,,,,,,,,,,,,,,,,,,,,,,,,,,,,,,,,,,,,,,,,,,,,,,,,,,,,,,,,,,,,,,,,,,,,,,,,,,,,,,,,,,,,,,,,,,,,,,,,,,,,,,,,,,,,,,,,,
,,,,,,,,,,,,,,,,,,,,,,,,,,,,,,,,,,,,,,,,,,,,,,,,,,,,,,,,,,,,,,,,,,,,,,,,,,,,,,,,,,,,,,,,,,,,,,,,,,,,,,,,,,,,,,,,,,,,,,,,,,,,,,,,,,,,,,,,,,,,,,,,,,,,,,,,,,,,,,,,,,,,,,,,,,,,,,,,,,,,,,,,,,,,,,,,,,,,,,,,,,,,,,,,,,,,,,,,,,,,,,,,,,,,,,,,
,,,,,,,,,,,,,,,,,,,,,,,,,,,,,,,,,,,,,,,,,,,,,,,,,,,,,,,,,,,,,,,,,,,,,,,,,,,,,,,,,,,,,,,,,,,,,,,,,,,,,,,,,,,,,,,,,,,,,,,,,,,,,,,,,,,,,,,,,,,,,,,,,,,,,,,,,,,,,,,,,,,,,,,,,,,,,,,,,,,,,,,,,,,,,,,,,,,,,,,,,,,,,,,,,,,,,,,,,,,,,,,,,,,,,,,,
,,,,,,,,,,,,,,,,,,,,,,,,,,,,,,,,,,,,,,,,,,,,,,,,,,,,,,,,,,,,,,,,,,,,,,,,,,,,,,,,,,,,,,,,,,,,,,,,,,,,,,,,,,,,,,,,,,,,,,,,,,,,,,,,,,,,,,,,,,,,,,,,,,,,,,,,,,,,,,,,,,,,,,,,,,,,,,,,,,,,,,,,,,,,,,,,,,,,,,,,,,,,,,,,,,,,,,,,,,,,,,,,,,,,,,,,
,,,,,,,,,,,,,,,,,,,,,,,,,,,,,,,,,,,,,,,,,,,,,,,,,,,,,,,,,,,,,,,,,,,,,,,,,,,,,,,,,,,,,,,,,,,,,,,,,,,,,,,,,,,,,,,,,,,,,,,,,,,,,,,,,,,,,,,,,,,,,,,,,,,,,,,,,,,,,,,,,,,,,,,,,,,,,,,,,,,,,,,,,,,,,,,,,,,,,,,,,,,,,,,,,,,,,,,,,,,,,,,,,,,,,,,,
,,,,,,,,,,,,,,,,,,,,,,,,,,,,,,,,,,,,,,,,,,,,,,,,,,,,,,,,,,,,,,,,,,,,,,,,,,,,,,,,,,,,,,,,,,,,,,,,,,,,,,,,,,,,,,,,,,,,,,,,,,,,,,,,,,,,,,,,,,,,,,,,,,,,,,,,,,,,,,,,,,,,,,,,,,,,,,,,,,,,,,,,,,,,,,,,,,,,,,,,,,,,,,,,,,,,,,,,,,,,,,,,,,,,,,,,
,,,,,,,,,,,,,,,,,,,,,,,,,,,,,,,,,,,,,,,,,,,,,,,,,,,,,,,,,,,,,,,,,,,,,,,,,,,,,,,,,,,,,,,,,,,,,,,,,,,,,,,,,,,,,,,,,,,,,,,,,,,,,,,,,,,,,,,,,,,,,,,,,,,,,,,,,,,,,,,,,,,,,,,,,,,,,,,,,,,,,,,,,,,,,,,,,,,,,,,,,,,,,,,,,,,,,,,,,,,,,,,,,,,,,,,,
,,,,,,,,,,,,,,,,,,,,,,,,,,,,,,,,,,,,,,,,,,,,,,,,,,,,,,,,,,,,,,,,,,,,,,,,,,,,,,,,,,,,,,,,,,,,,,,,,,,,,,,,,,,,,,,,,,,,,,,,,,,,,,,,,,,,,,,,,,,,,,,,,,,,,,,,,,,,,,,,,,,,,,,,,,,,,,,,,,,,,,,,,,,,,,,,,,,,,,,,,,,,,,,,,,,,,,,,,,,,,,,,,,,,,,,,
,,,,,,,,,,,,,,,,,,,,,,,,,,,,,,,,,,,,,,,,,,,,,,,,,,,,,,,,,,,,,,,,,,,,,,,,,,,,,,,,,,,,,,,,,,,,,,,,,,,,,,,,,,,,,,,,,,,,,,,,,,,,,,,,,,,,,,,,,,,,,,,,,,,,,,,,,,,,,,,,,,,,,,,,,,,,,,,,,,,,,,,,,,,,,,,,,,,,,,,,,,,,,,,,,,,,,,,,,,,,,,,,,,,,,,,,
,,,,,,,,,,,,,,,,,,,,,,,,,,,,,,,,,,,,,,,,,,,,,,,,,,,,,,,,,,,,,,,,,,,,,,,,,,,,,,,,,,,,,,,,,,,,,,,,,,,,,,,,,,,,,,,,,,,,,,,,,,,,,,,,,,,,,,,,,,,,,,,,,,,,,,,,,,,,,,,,,,,,,,,,,,,,,,,,,,,,,,,,,,,,,,,,,,,,,,,,,,,,,,,,,,,,,,,,,,,,,,,,,,,,,,,,
,,,,,,,,,,,,,,,,,,,,,,,,,,,,,,,,,,,,,,,,,,,,,,,,,,,,,,,,,,,,,,,,,,,,,,,,,,,,,,,,,,,,,,,,,,,,,,,,,,,,,,,,,,,,,,,,,,,,,,,,,,,,,,,,,,,,,,,,,,,,,,,,,,,,,,,,,,,,,,,,,,,,,,,,,,,,,,,,,,,,,,,,,,,,,,,,,,,,,,,,,,,,,,,,,,,,,,,,,,,,,,,,,,,,,,,,
,,,,,,,,,,,,,,,,,,,,,,,,,,,,,,,,,,,,,,,,,,,,,,,,,,,,,,,,,,,,,,,,,,,,,,,,,,,,,,,,,,,,,,,,,,,,,,,,,,,,,,,,,,,,,,,,,,,,,,,,,,,,,,,,,,,,,,,,,,,,,,,,,,,,,,,,,,,,,,,,,,,,,,,,,,,,,,,,,,,,,,,,,,,,,,,,,,,,,,,,,,,,,,,,,,,,,,,,,,,,,,,,,,,,,,,,
,,,,,,,,,,,,,,,,,,,,,,,,,,,,,,,,,,,,,,,,,,,,,,,,,,,,,,,,,,,,,,,,,,,,,,,,,,,,,,,,,,,,,,,,,,,,,,,,,,,,,,,,,,,,,,,,,,,,,,,,,,,,,,,,,,,,,,,,,,,,,,,,,,,,,,,,,,,,,,,,,,,,,,,,,,,,,,,,,,,,,,,,,,,,,,,,,,,,,,,,,,,,,,,,,,,,,,,,,,,,,,,,,,,,,,,,
,,,,,,,,,,,,,,,,,,,,,,,,,,,,,,,,,,,,,,,,,,,,,,,,,,,,,,,,,,,,,,,,,,,,,,,,,,,,,,,,,,,,,,,,,,,,,,,,,,,,,,,,,,,,,,,,,,,,,,,,,,,,,,,,,,,,,,,,,,,,,,,,,,,,,,,,,,,,,,,,,,,,,,,,,,,,,,,,,,,,,,,,,,,,,,,,,,,,,,,,,,,,,,,,,,,,,,,,,,,,,,,,,,,,,,,,
,,,,,,,,,,,,,,,,,,,,,,,,,,,,,,,,,,,,,,,,,,,,,,,,,,,,,,,,,,,,,,,,,,,,,,,,,,,,,,,,,,,,,,,,,,,,,,,,,,,,,,,,,,,,,,,,,,,,,,,,,,,,,,,,,,,,,,,,,,,,,,,,,,,,,,,,,,,,,,,,,,,,,,,,,,,,,,,,,,,,,,,,,,,,,,,,,,,,,,,,,,,,,,,,,,,,,,,,,,,,,,,,,,,,,,,,
,,,,,,,,,,,,,,,,,,,,,,,,,,,,,,,,,,,,,,,,,,,,,,,,,,,,,,,,,,,,,,,,,,,,,,,,,,,,,,,,,,,,,,,,,,,,,,,,,,,,,,,,,,,,,,,,,,,,,,,,,,,,,,,,,,,,,,,,,,,,,,,,,,,,,,,,,,,,,,,,,,,,,,,,,,,,,,,,,,,,,,,,,,,,,,,,,,,,,,,,,,,,,,,,,,,,,,,,,,,,,,,,,,,,,,,,
,,,,,,,,,,,,,,,,,,,,,,,,,,,,,,,,,,,,,,,,,,,,,,,,,,,,,,,,,,,,,,,,,,,,,,,,,,,,,,,,,,,,,,,,,,,,,,,,,,,,,,,,,,,,,,,,,,,,,,,,,,,,,,,,,,,,,,,,,,,,,,,,,,,,,,,,,,,,,,,,,,,,,,,,,,,,,,,,,,,,,,,,,,,,,,,,,,,,,,,,,,,,,,,,,,,,,,,,,,,,,,,,,,,,,,,,
,,,,,,,,,,,,,,,,,,,,,,,,,,,,,,,,,,,,,,,,,,,,,,,,,,,,,,,,,,,,,,,,,,,,,,,,,,,,,,,,,,,,,,,,,,,,,,,,,,,,,,,,,,,,,,,,,,,,,,,,,,,,,,,,,,,,,,,,,,,,,,,,,,,,,,,,,,,,,,,,,,,,,,,,,,,,,,,,,,,,,,,,,,,,,,,,,,,,,,,,,,,,,,,,,,,,,,,,,,,,,,,,,,,,,,,,
,,,,,,,,,,,,,,,,,,,,,,,,,,,,,,,,,,,,,,,,,,,,,,,,,,,,,,,,,,,,,,,,,,,,,,,,,,,,,,,,,,,,,,,,,,,,,,,,,,,,,,,,,,,,,,,,,,,,,,,,,,,,,,,,,,,,,,,,,,,,,,,,,,,,,,,,,,,,,,,,,,,,,,,,,,,,,,,,,,,,,,,,,,,,,,,,,,,,,,,,,,,,,,,,,,,,,,,,,,,,,,,,,,,,,,,,
,,,,,,,,,,,,,,,,,,,,,,,,,,,,,,,,,,,,,,,,,,,,,,,,,,,,,,,,,,,,,,,,,,,,,,,,,,,,,,,,,,,,,,,,,,,,,,,,,,,,,,,,,,,,,,,,,,,,,,,,,,,,,,,,,,,,,,,,,,,,,,,,,,,,,,,,,,,,,,,,,,,,,,,,,,,,,,,,,,,,,,,,,,,,,,,,,,,,,,,,,,,,,,,,,,,,,,,,,,,,,,,,,,,,,,,,
,,,,,,,,,,,,,,,,,,,,,,,,,,,,,,,,,,,,,,,,,,,,,,,,,,,,,,,,,,,,,,,,,,,,,,,,,,,,,,,,,,,,,,,,,,,,,,,,,,,,,,,,,,,,,,,,,,,,,,,,,,,,,,,,,,,,,,,,,,,,,,,,,,,,,,,,,,,,,,,,,,,,,,,,,,,,,,,,,,,,,,,,,,,,,,,,,,,,,,,,,,,,,,,,,,,,,,,,,,,,,,,,,,,,,,,,
,,,,,,,,,,,,,,,,,,,,,,,,,,,,,,,,,,,,,,,,,,,,,,,,,,,,,,,,,,,,,,,,,,,,,,,,,,,,,,,,,,,,,,,,,,,,,,,,,,,,,,,,,,,,,,,,,,,,,,,,,,,,,,,,,,,,,,,,,,,,,,,,,,,,,,,,,,,,,,,,,,,,,,,,,,,,,,,,,,,,,,,,,,,,,,,,,,,,,,,,,,,,,,,,,,,,,,,,,,,,,,,,,,,,,,,,
,,,,,,,,,,,,,,,,,,,,,,,,,,,,,,,,,,,,,,,,,,,,,,,,,,,,,,,,,,,,,,,,,,,,,,,,,,,,,,,,,,,,,,,,,,,,,,,,,,,,,,,,,,,,,,,,,,,,,,,,,,,,,,,,,,,,,,,,,,,,,,,,,,,,,,,,,,,,,,,,,,,,,,,,,,,,,,,,,,,,,,,,,,,,,,,,,,,,,,,,,,,,,,,,,,,,,,,,,,,,,,,,,,,,,,,,
,,,,,,,,,,,,,,,,,,,,,,,,,,,,,,,,,,,,,,,,,,,,,,,,,,,,,,,,,,,,,,,,,,,,,,,,,,,,,,,,,,,,,,,,,,,,,,,,,,,,,,,,,,,,,,,,,,,,,,,,,,,,,,,,,,,,,,,,,,,,,,,,,,,,,,,,,,,,,,,,,,,,,,,,,,,,,,,,,,,,,,,,,,,,,,,,,,,,,,,,,,,,,,,,,,,,,,,,,,,,,,,,,,,,,,,,
,,,,,,,,,,,,,,,,,,,,,,,,,,,,,,,,,,,,,,,,,,,,,,,,,,,,,,,,,,,,,,,,,,,,,,,,,,,,,,,,,,,,,,,,,,,,,,,,,,,,,,,,,,,,,,,,,,,,,,,,,,,,,,,,,,,,,,,,,,,,,,,,,,,,,,,,,,,,,,,,,,,,,,,,,,,,,,,,,,,,,,,,,,,,,,,,,,,,,,,,,,,,,,,,,,,,,,,,,,,,,,,,,,,,,,,,
,,,,,,,,,,,,,,,,,,,,,,,,,,,,,,,,,,,,,,,,,,,,,,,,,,,,,,,,,,,,,,,,,,,,,,,,,,,,,,,,,,,,,,,,,,,,,,,,,,,,,,,,,,,,,,,,,,,,,,,,,,,,,,,,,,,,,,,,,,,,,,,,,,,,,,,,,,,,,,,,,,,,,,,,,,,,,,,,,,,,,,,,,,,,,,,,,,,,,,,,,,,,,,,,,,,,,,,,,,,,,,,,,,,,,,,,
,,,,,,,,,,,,,,,,,,,,,,,,,,,,,,,,,,,,,,,,,,,,,,,,,,,,,,,,,,,,,,,,,,,,,,,,,,,,,,,,,,,,,,,,,,,,,,,,,,,,,,,,,,,,,,,,,,,,,,,,,,,,,,,,,,,,,,,,,,,,,,,,,,,,,,,,,,,,,,,,,,,,,,,,,,,,,,,,,,,,,,,,,,,,,,,,,,,,,,,,,,,,,,,,,,,,,,,,,,,,,,,,,,,,,,,,
,,,,,,,,,,,,,,,,,,,,,,,,,,,,,,,,,,,,,,,,,,,,,,,,,,,,,,,,,,,,,,,,,,,,,,,,,,,,,,,,,,,,,,,,,,,,,,,,,,,,,,,,,,,,,,,,,,,,,,,,,,,,,,,,,,,,,,,,,,,,,,,,,,,,,,,,,,,,,,,,,,,,,,,,,,,,,,,,,,,,,,,,,,,,,,,,,,,,,,,,,,,,,,,,,,,,,,,,,,,,,,,,,,,,,,,,
,,,,,,,,,,,,,,,,,,,,,,,,,,,,,,,,,,,,,,,,,,,,,,,,,,,,,,,,,,,,,,,,,,,,,,,,,,,,,,,,,,,,,,,,,,,,,,,,,,,,,,,,,,,,,,,,,,,,,,,,,,,,,,,,,,,,,,,,,,,,,,,,,,,,,,,,,,,,,,,,,,,,,,,,,,,,,,,,,,,,,,,,,,,,,,,,,,,,,,,,,,,,,,,,,,,,,,,,,,,,,,,,,,,,,,,,
,,,,,,,,,,,,,,,,,,,,,,,,,,,,,,,,,,,,,,,,,,,,,,,,,,,,,,,,,,,,,,,,,,,,,,,,,,,,,,,,,,,,,,,,,,,,,,,,,,,,,,,,,,,,,,,,,,,,,,,,,,,,,,,,,,,,,,,,,,,,,,,,,,,,,,,,,,,,,,,,,,,,,,,,,,,,,,,,,,,,,,,,,,,,,,,,,,,,,,,,,,,,,,,,,,,,,,,,,,,,,,,,,,,,,,,,
,,,,,,,,,,,,,,,,,,,,,,,,,,,,,,,,,,,,,,,,,,,,,,,,,,,,,,,,,,,,,,,,,,,,,,,,,,,,,,,,,,,,,,,,,,,,,,,,,,,,,,,,,,,,,,,,,,,,,,,,,,,,,,,,,,,,,,,,,,,,,,,,,,,,,,,,,,,,,,,,,,,,,,,,,,,,,,,,,,,,,,,,,,,,,,,,,,,,,,,,,,,,,,,,,,,,,,,,,,,,,,,,,,,,,,,,
,,,,,,,,,,,,,,,,,,,,,,,,,,,,,,,,,,,,,,,,,,,,,,,,,,,,,,,,,,,,,,,,,,,,,,,,,,,,,,,,,,,,,,,,,,,,,,,,,,,,,,,,,,,,,,,,,,,,,,,,,,,,,,,,,,,,,,,,,,,,,,,,,,,,,,,,,,,,,,,,,,,,,,,,,,,,,,,,,,,,,,,,,,,,,,,,,,,,,,,,,,,,,,,,,,,,,,,,,,,,,,,,,,,,,,,,
,,,,,,,,,,,,,,,,,,,,,,,,,,,,,,,,,,,,,,,,,,,,,,,,,,,,,,,,,,,,,,,,,,,,,,,,,,,,,,,,,,,,,,,,,,,,,,,,,,,,,,,,,,,,,,,,,,,,,,,,,,,,,,,,,,,,,,,,,,,,,,,,,,,,,,,,,,,,,,,,,,,,,,,,,,,,,,,,,,,,,,,,,,,,,,,,,,,,,,,,,,,,,,,,,,,,,,,,,,,,,,,,,,,,,,,,
,,,,,,,,,,,,,,,,,,,,,,,,,,,,,,,,,,,,,,,,,,,,,,,,,,,,,,,,,,,,,,,,,,,,,,,,,,,,,,,,,,,,,,,,,,,,,,,,,,,,,,,,,,,,,,,,,,,,,,,,,,,,,,,,,,,,,,,,,,,,,,,,,,,,,,,,,,,,,,,,,,,,,,,,,,,,,,,,,,,,,,,,,,,,,,,,,,,,,,,,,,,,,,,,,,,,,,,,,,,,,,,,,,,,,,,,
,,,,,,,,,,,,,,,,,,,,,,,,,,,,,,,,,,,,,,,,,,,,,,,,,,,,,,,,,,,,,,,,,,,,,,,,,,,,,,,,,,,,,,,,,,,,,,,,,,,,,,,,,,,,,,,,,,,,,,,,,,,,,,,,,,,,,,,,,,,,,,,,,,,,,,,,,,,,,,,,,,,,,,,,,,,,,,,,,,,,,,,,,,,,,,,,,,,,,,,,,,,,,,,,,,,,,,,,,,,,,,,,,,,,,,,,
,,,,,,,,,,,,,,,,,,,,,,,,,,,,,,,,,,,,,,,,,,,,,,,,,,,,,,,,,,,,,,,,,,,,,,,,,,,,,,,,,,,,,,,,,,,,,,,,,,,,,,,,,,,,,,,,,,,,,,,,,,,,,,,,,,,,,,,,,,,,,,,,,,,,,,,,,,,,,,,,,,,,,,,,,,,,,,,,,,,,,,,,,,,,,,,,,,,,,,,,,,,,,,,,,,,,,,,,,,,,,,,,,,,,,,,,
,,,,,,,,,,,,,,,,,,,,,,,,,,,,,,,,,,,,,,,,,,,,,,,,,,,,,,,,,,,,,,,,,,,,,,,,,,,,,,,,,,,,,,,,,,,,,,,,,,,,,,,,,,,,,,,,,,,,,,,,,,,,,,,,,,,,,,,,,,,,,,,,,,,,,,,,,,,,,,,,,,,,,,,,,,,,,,,,,,,,,,,,,,,,,,,,,,,,,,,,,,,,,,,,,,,,,,,,,,,,,,,,,,,,,,,,
,,,,,,,,,,,,,,,,,,,,,,,,,,,,,,,,,,,,,,,,,,,,,,,,,,,,,,,,,,,,,,,,,,,,,,,,,,,,,,,,,,,,,,,,,,,,,,,,,,,,,,,,,,,,,,,,,,,,,,,,,,,,,,,,,,,,,,,,,,,,,,,,,,,,,,,,,,,,,,,,,,,,,,,,,,,,,,,,,,,,,,,,,,,,,,,,,,,,,,,,,,,,,,,,,,,,,,,,,,,,,,,,,,,,,,,,
,,,,,,,,,,,,,,,,,,,,,,,,,,,,,,,,,,,,,,,,,,,,,,,,,,,,,,,,,,,,,,,,,,,,,,,,,,,,,,,,,,,,,,,,,,,,,,,,,,,,,,,,,,,,,,,,,,,,,,,,,,,,,,,,,,,,,,,,,,,,,,,,,,,,,,,,,,,,,,,,,,,,,,,,,,,,,,,,,,,,,,,,,,,,,,,,,,,,,,,,,,,,,,,,,,,,,,,,,,,,,,,,,,,,,,,,
,,,,,,,,,,,,,,,,,,,,,,,,,,,,,,,,,,,,,,,,,,,,,,,,,,,,,,,,,,,,,,,,,,,,,,,,,,,,,,,,,,,,,,,,,,,,,,,,,,,,,,,,,,,,,,,,,,,,,,,,,,,,,,,,,,,,,,,,,,,,,,,,,,,,,,,,,,,,,,,,,,,,,,,,,,,,,,,,,,,,,,,,,,,,,,,,,,,,,,,,,,,,,,,,,,,,,,,,,,,,,,,,,,,,,,,,
,,,,,,,,,,,,,,,,,,,,,,,,,,,,,,,,,,,,,,,,,,,,,,,,,,,,,,,,,,,,,,,,,,,,,,,,,,,,,,,,,,,,,,,,,,,,,,,,,,,,,,,,,,,,,,,,,,,,,,,,,,,,,,,,,,,,,,,,,,,,,,,,,,,,,,,,,,,,,,,,,,,,,,,,,,,,,,,,,,,,,,,,,,,,,,,,,,,,,,,,,,,,,,,,,,,,,,,,,,,,,,,,,,,,,,,,
,,,,,,,,,,,,,,,,,,,,,,,,,,,,,,,,,,,,,,,,,,,,,,,,,,,,,,,,,,,,,,,,,,,,,,,,,,,,,,,,,,,,,,,,,,,,,,,,,,,,,,,,,,,,,,,,,,,,,,,,,,,,,,,,,,,,,,,,,,,,,,,,,,,,,,,,,,,,,,,,,,,,,,,,,,,,,,,,,,,,,,,,,,,,,,,,,,,,,,,,,,,,,,,,,,,,,,,,,,,,,,,,,,,,,,,,
,,,,,,,,,,,,,,,,,,,,,,,,,,,,,,,,,,,,,,,,,,,,,,,,,,,,,,,,,,,,,,,,,,,,,,,,,,,,,,,,,,,,,,,,,,,,,,,,,,,,,,,,,,,,,,,,,,,,,,,,,,,,,,,,,,,,,,,,,,,,,,,,,,,,,,,,,,,,,,,,,,,,,,,,,,,,,,,,,,,,,,,,,,,,,,,,,,,,,,,,,,,,,,,,,,,,,,,,,,,,,,,,,,,,,,,,
,,,,,,,,,,,,,,,,,,,,,,,,,,,,,,,,,,,,,,,,,,,,,,,,,,,,,,,,,,,,,,,,,,,,,,,,,,,,,,,,,,,,,,,,,,,,,,,,,,,,,,,,,,,,,,,,,,,,,,,,,,,,,,,,,,,,,,,,,,,,,,,,,,,,,,,,,,,,,,,,,,,,,,,,,,,,,,,,,,,,,,,,,,,,,,,,,,,,,,,,,,,,,,,,,,,,,,,,,,,,,,,,,,,,,,,,
,,,,,,,,,,,,,,,,,,,,,,,,,,,,,,,,,,,,,,,,,,,,,,,,,,,,,,,,,,,,,,,,,,,,,,,,,,,,,,,,,,,,,,,,,,,,,,,,,,,,,,,,,,,,,,,,,,,,,,,,,,,,,,,,,,,,,,,,,,,,,,,,,,,,,,,,,,,,,,,,,,,,,,,,,,,,,,,,,,,,,,,,,,,,,,,,,,,,,,,,,,,,,,,,,,,,,,,,,,,,,,,,,,,,,,,,
,,,,,,,,,,,,,,,,,,,,,,,,,,,,,,,,,,,,,,,,,,,,,,,,,,,,,,,,,,,,,,,,,,,,,,,,,,,,,,,,,,,,,,,,,,,,,,,,,,,,,,,,,,,,,,,,,,,,,,,,,,,,,,,,,,,,,,,,,,,,,,,,,,,,,,,,,,,,,,,,,,,,,,,,,,,,,,,,,,,,,,,,,,,,,,,,,,,,,,,,,,,,,,,,,,,,,,,,,,,,,,,,,,,,,,,,
,,,,,,,,,,,,,,,,,,,,,,,,,,,,,,,,,,,,,,,,,,,,,,,,,,,,,,,,,,,,,,,,,,,,,,,,,,,,,,,,,,,,,,,,,,,,,,,,,,,,,,,,,,,,,,,,,,,,,,,,,,,,,,,,,,,,,,,,,,,,,,,,,,,,,,,,,,,,,,,,,,,,,,,,,,,,,,,,,,,,,,,,,,,,,,,,,,,,,,,,,,,,,,,,,,,,,,,,,,,,,,,,,,,,,,,,
,,,,,,,,,,,,,,,,,,,,,,,,,,,,,,,,,,,,,,,,,,,,,,,,,,,,,,,,,,,,,,,,,,,,,,,,,,,,,,,,,,,,,,,,,,,,,,,,,,,,,,,,,,,,,,,,,,,,,,,,,,,,,,,,,,,,,,,,,,,,,,,,,,,,,,,,,,,,,,,,,,,,,,,,,,,,,,,,,,,,,,,,,,,,,,,,,,,,,,,,,,,,,,,,,,,,,,,,,,,,,,,,,,,,,,,,
,,,,,,,,,,,,,,,,,,,,,,,,,,,,,,,,,,,,,,,,,,,,,,,,,,,,,,,,,,,,,,,,,,,,,,,,,,,,,,,,,,,,,,,,,,,,,,,,,,,,,,,,,,,,,,,,,,,,,,,,,,,,,,,,,,,,,,,,,,,,,,,,,,,,,,,,,,,,,,,,,,,,,,,,,,,,,,,,,,,,,,,,,,,,,,,,,,,,,,,,,,,,,,,,,,,,,,,,,,,,,,,,,,,,,,,,
,,,,,,,,,,,,,,,,,,,,,,,,,,,,,,,,,,,,,,,,,,,,,,,,,,,,,,,,,,,,,,,,,,,,,,,,,,,,,,,,,,,,,,,,,,,,,,,,,,,,,,,,,,,,,,,,,,,,,,,,,,,,,,,,,,,,,,,,,,,,,,,,,,,,,,,,,,,,,,,,,,,,,,,,,,,,,,,,,,,,,,,,,,,,,,,,,,,,,,,,,,,,,,,,,,,,,,,,,,,,,,,,,,,,,,,,
,,,,,,,,,,,,,,,,,,,,,,,,,,,,,,,,,,,,,,,,,,,,,,,,,,,,,,,,,,,,,,,,,,,,,,,,,,,,,,,,,,,,,,,,,,,,,,,,,,,,,,,,,,,,,,,,,,,,,,,,,,,,,,,,,,,,,,,,,,,,,,,,,,,,,,,,,,,,,,,,,,,,,,,,,,,,,,,,,,,,,,,,,,,,,,,,,,,,,,,,,,,,,,,,,,,,,,,,,,,,,,,,,,,,,,,,
,,,,,,,,,,,,,,,,,,,,,,,,,,,,,,,,,,,,,,,,,,,,,,,,,,,,,,,,,,,,,,,,,,,,,,,,,,,,,,,,,,,,,,,,,,,,,,,,,,,,,,,,,,,,,,,,,,,,,,,,,,,,,,,,,,,,,,,,,,,,,,,,,,,,,,,,,,,,,,,,,,,,,,,,,,,,,,,,,,,,,,,,,,,,,,,,,,,,,,,,,,,,,,,,,,,,,,,,,,,,,,,,,,,,,,,,
,,,,,,,,,,,,,,,,,,,,,,,,,,,,,,,,,,,,,,,,,,,,,,,,,,,,,,,,,,,,,,,,,,,,,,,,,,,,,,,,,,,,,,,,,,,,,,,,,,,,,,,,,,,,,,,,,,,,,,,,,,,,,,,,,,,,,,,,,,,,,,,,,,,,,,,,,,,,,,,,,,,,,,,,,,,,,,,,,,,,,,,,,,,,,,,,,,,,,,,,,,,,,,,,,,,,,,,,,,,,,,,,,,,,,,,,
,,,,,,,,,,,,,,,,,,,,,,,,,,,,,,,,,,,,,,,,,,,,,,,,,,,,,,,,,,,,,,,,,,,,,,,,,,,,,,,,,,,,,,,,,,,,,,,,,,,,,,,,,,,,,,,,,,,,,,,,,,,,,,,,,,,,,,,,,,,,,,,,,,,,,,,,,,,,,,,,,,,,,,,,,,,,,,,,,,,,,,,,,,,,,,,,,,,,,,,,,,,,,,,,,,,,,,,,,,,,,,,,,,,,,,,,
,,,,,,,,,,,,,,,,,,,,,,,,,,,,,,,,,,,,,,,,,,,,,,,,,,,,,,,,,,,,,,,,,,,,,,,,,,,,,,,,,,,,,,,,,,,,,,,,,,,,,,,,,,,,,,,,,,,,,,,,,,,,,,,,,,,,,,,,,,,,,,,,,,,,,,,,,,,,,,,,,,,,,,,,,,,,,,,,,,,,,,,,,,,,,,,,,,,,,,,,,,,,,,,,,,,,,,,,,,,,,,,,,,,,,,,,
,,,,,,,,,,,,,,,,,,,,,,,,,,,,,,,,,,,,,,,,,,,,,,,,,,,,,,,,,,,,,,,,,,,,,,,,,,,,,,,,,,,,,,,,,,,,,,,,,,,,,,,,,,,,,,,,,,,,,,,,,,,,,,,,,,,,,,,,,,,,,,,,,,,,,,,,,,,,,,,,,,,,,,,,,,,,,,,,,,,,,,,,,,,,,,,,,,,,,,,,,,,,,,,,,,,,,,,,,,,,,,,,,,,,,,,,
,,,,,,,,,,,,,,,,,,,,,,,,,,,,,,,,,,,,,,,,,,,,,,,,,,,,,,,,,,,,,,,,,,,,,,,,,,,,,,,,,,,,,,,,,,,,,,,,,,,,,,,,,,,,,,,,,,,,,,,,,,,,,,,,,,,,,,,,,,,,,,,,,,,,,,,,,,,,,,,,,,,,,,,,,,,,,,,,,,,,,,,,,,,,,,,,,,,,,,,,,,,,,,,,,,,,,,,,,,,,,,,,,,,,,,,,
,,,,,,,,,,,,,,,,,,,,,,,,,,,,,,,,,,,,,,,,,,,,,,,,,,,,,,,,,,,,,,,,,,,,,,,,,,,,,,,,,,,,,,,,,,,,,,,,,,,,,,,,,,,,,,,,,,,,,,,,,,,,,,,,,,,,,,,,,,,,,,,,,,,,,,,,,,,,,,,,,,,,,,,,,,,,,,,,,,,,,,,,,,,,,,,,,,,,,,,,,,,,,,,,,,,,,,,,,,,,,,,,,,,,,,,,
,,,,,,,,,,,,,,,,,,,,,,,,,,,,,,,,,,,,,,,,,,,,,,,,,,,,,,,,,,,,,,,,,,,,,,,,,,,,,,,,,,,,,,,,,,,,,,,,,,,,,,,,,,,,,,,,,,,,,,,,,,,,,,,,,,,,,,,,,,,,,,,,,,,,,,,,,,,,,,,,,,,,,,,,,,,,,,,,,,,,,,,,,,,,,,,,,,,,,,,,,,,,,,,,,,,,,,,,,,,,,,,,,,,,,,,,
,,,,,,,,,,,,,,,,,,,,,,,,,,,,,,,,,,,,,,,,,,,,,,,,,,,,,,,,,,,,,,,,,,,,,,,,,,,,,,,,,,,,,,,,,,,,,,,,,,,,,,,,,,,,,,,,,,,,,,,,,,,,,,,,,,,,,,,,,,,,,,,,,,,,,,,,,,,,,,,,,,,,,,,,,,,,,,,,,,,,,,,,,,,,,,,,,,,,,,,,,,,,,,,,,,,,,,,,,,,,,,,,,,,,,,,,
,,,,,,,,,,,,,,,,,,,,,,,,,,,,,,,,,,,,,,,,,,,,,,,,,,,,,,,,,,,,,,,,,,,,,,,,,,,,,,,,,,,,,,,,,,,,,,,,,,,,,,,,,,,,,,,,,,,,,,,,,,,,,,,,,,,,,,,,,,,,,,,,,,,,,,,,,,,,,,,,,,,,,,,,,,,,,,,,,,,,,,,,,,,,,,,,,,,,,,,,,,,,,,,,,,,,,,,,,,,,,,,,,,,,,,,,
