itlCode,itlName,year,gvaMillionGbp,gdpMillionGbp
TLC31,Hartlepool and Stockton-on-Tees,1998,3317,3739
TLC31,Hartlepool and Stockton-on-Tees,1999,3468,3921
TLC31,Hartlepool and Stockton-on-Tees,2000,3558,4033
TLC31,Hartlepool and Stockton-on-Tees,2001,3586,4093
TLC31,Hartlepool and Stockton-on-Tees,2002,3786,4314
TLC31,Hartlepool and Stockton-on-Tees,2003,4054,4606
TLC31,Hartlepool and Stockton-on-Tees,2004,4344,4922
TLC31,Hartlepool and Stockton-on-Tees,2005,4497,5092
TLC31,Hartlepool and Stockton-on-Tees,2006,4818,5430
TLC31,Hartlepool and Stockton-on-Tees,2007,5070,5722
TLC31,Hartlepool and Stockton-on-Tees,2008,5168,5811
TLC31,Hartlepool and Stockton-on-Tees,2009,5309,5892
TLC31,Hartlepool and Stockton-on-Tees,2010,5296,5951
TLC31,Hartlepool and Stockton-on-Tees,2011,5317,6043
TLC31,Hartlepool and Stockton-on-Tees,2012,5417,6162
TLC31,Hartlepool and Stockton-on-Tees,2013,5650,6389
TLC31,Hartlepool and Stockton-on-Tees,2014,5756,6537
TLC31,Hartlepool and Stockton-on-Tees,2015,6104,6917
TLC31,Hartlepool and Stockton-on-Tees,2016,6285,7136
TLC31,Hartlepool and Stockton-on-Tees,2017,6222,7111
TLC31,Hartlepool and Stockton-on-Tees,2018,6268,7192
TLC31,Hartlepool and Stockton-on-Tees,2019,6593,7532
TLC31,Hartlepool and Stockton-on-Tees,2020,6548,7387
TLC31,Hartlepool and Stockton-on-Tees,2021,6800,7748
TLC31,Hartlepool and Stockton-on-Tees,2022,7398,8380
TLC31,Hartlepool and Stockton-on-Tees,2023,7727,8665
TLC32,South Teesside,1998,2733,3163
TLC32,South Teesside,1999,2809,3266
TLC32,South Teesside,2000,2885,3359
TLC32,South Teesside,2001,2867,3365
TLC32,South Teesside,2002,2965,3482
TLC32,South Teesside,2003,3208,3749
TLC32,South Teesside,2004,3380,3945
TLC32,South Teesside,2005,3560,4134
TLC32,South Teesside,2006,3713,4298
TLC32,South Teesside,2007,3791,4407
TLC32,South Teesside,2008,3971,4586
TLC32,South Teesside,2009,3989,4550
TLC32,South Teesside,2010,3991,4617
TLC32,South Teesside,2011,4054,4745
TLC32,South Teesside,2012,4109,4821
TLC32,South Teesside,2013,4135,4833
TLC32,South Teesside,2014,4267,4997
TLC32,South Teesside,2015,4414,5183
TLC32,South Teesside,2016,4453,5257
TLC32,South Teesside,2017,4471,5314
TLC32,South Teesside,2018,4746,5616
TLC32,South Teesside,2019,4809,5707
TLC32,South Teesside,2020,4581,5369
TLC32,South Teesside,2021,4989,5865
TLC32,South Teesside,2022,5578,6460
TLC32,South Teesside,2023,5976,6846
TLC33,Darlington,1998,1518,1676
TLC33,Darlington,1999,1553,1723
TLC33,Darlington,2000,1671,1856
TLC33,Darlington,2001,1777,1964
TLC33,Darlington,2002,1899,2090
TLC33,Darlington,2003,2022,2222
TLC33,Darlington,2004,2157,2370
TLC33,Darlington,2005,2142,2364
TLC33,Darlington,2006,2179,2409
TLC33,Darlington,2007,2138,2385
TLC33,Darlington,2008,2267,2508
TLC33,Darlington,2009,2145,2363
TLC33,Darlington,2010,2209,2453
TLC33,Darlington,2011,2264,2535
TLC33,Darlington,2012,2285,2563
TLC33,Darlington,2013,2322,2595
TLC33,Darlington,2014,2575,2862
TLC33,Darlington,2015,2725,3024
TLC33,Darlington,2016,2575,2888
TLC33,Darlington,2017,2561,2891
TLC33,Darlington,2018,2529,2869
TLC33,Darlington,2019,2504,2851
TLC33,Darlington,2020,2301,2603
TLC33,Darlington,2021,2515,2850
TLC33,Darlington,2022,2733,3072
TLC33,Darlington,2023,3025,3363
TLC41,Durham,1998,4642,5380
TLC41,Durham,1999,4878,5667
TLC41,Durham,2000,5016,5838
TLC41,Durham,2001,5143,6018
TLC41,Durham,2002,5418,6324
TLC41,Durham,2003,5794,6739
TLC41,Durham,2004,6264,7252
TLC41,Durham,2005,6542,7561
TLC41,Durham,2006,6994,8045
TLC41,Durham,2007,7269,8389
TLC41,Durham,2008,7553,8671
TLC41,Durham,2009,7661,8680
TLC41,Durham,2010,7674,8819
TLC41,Durham,2011,7543,8817
TLC41,Durham,2012,7729,9042
TLC41,Durham,2013,7854,9149
TLC41,Durham,2014,7831,9185
TLC41,Durham,2015,7902,9322
TLC41,Durham,2016,7932,9412
TLC41,Durham,2017,8215,9775
TLC41,Durham,2018,8651,10269
TLC41,Durham,2019,9070,10739
TLC41,Durham,2020,9139,10613
TLC41,Durham,2021,9743,11383
TLC41,Durham,2022,10569,12211
TLC41,Durham,2023,12123,13741
TLC42,Northumberland,1998,3034,3467
TLC42,Northumberland,1999,3028,3499
TLC42,Northumberland,2000,3078,3566
TLC42,Northumberland,2001,3187,3708
TLC42,Northumberland,2002,3440,3981
TLC42,Northumberland,2003,3561,4129
TLC42,Northumberland,2004,3824,4417
TLC42,Northumberland,2005,3953,4587
TLC42,Northumberland,2006,4159,4814
TLC42,Northumberland,2007,4244,4942
TLC42,Northumberland,2008,4379,5070
TLC42,Northumberland,2009,4293,4922
TLC42,Northumberland,2010,4401,5102
TLC42,Northumberland,2011,4501,5289
TLC42,Northumberland,2012,4533,5345
TLC42,Northumberland,2013,4503,5382
TLC42,Northumberland,2014,4664,5560
TLC42,Northumberland,2015,4745,5655
TLC42,Northumberland,2016,4901,5839
TLC42,Northumberland,2017,4991,5983
TLC42,Northumberland,2018,5032,6097
TLC42,Northumberland,2019,5378,6446
TLC42,Northumberland,2020,5072,5932
TLC42,Northumberland,2021,5514,6441
TLC42,Northumberland,2022,6089,7106
TLC42,Northumberland,2023,6605,7633
TLC43,Tyneside,1998,10077,11282
TLC43,Tyneside,1999,10092,11376
TLC43,Tyneside,2000,10375,11708
TLC43,Tyneside,2001,11096,12497
TLC43,Tyneside,2002,11983,13442
TLC43,Tyneside,2003,12595,14111
TLC43,Tyneside,2004,13788,15387
TLC43,Tyneside,2005,14634,16264
TLC43,Tyneside,2006,15353,17030
TLC43,Tyneside,2007,15554,17358
TLC43,Tyneside,2008,15726,17526
TLC43,Tyneside,2009,15362,17007
TLC43,Tyneside,2010,15875,17714
TLC43,Tyneside,2011,16493,18581
TLC43,Tyneside,2012,17098,19259
TLC43,Tyneside,2013,16907,19243
TLC43,Tyneside,2014,17458,19844
TLC43,Tyneside,2015,18199,20620
TLC43,Tyneside,2016,18619,21153
TLC43,Tyneside,2017,19390,22052
TLC43,Tyneside,2018,19530,22381
TLC43,Tyneside,2019,20495,23341
TLC43,Tyneside,2020,18765,21095
TLC43,Tyneside,2021,21170,23691
TLC43,Tyneside,2022,22882,25749
TLC43,Tyneside,2023,25474,28301
TLC44,Sunderland,1998,3497,3929
TLC44,Sunderland,1999,3424,3884
TLC44,Sunderland,2000,3556,4040
TLC44,Sunderland,2001,3755,4270
TLC44,Sunderland,2002,4044,4579
TLC44,Sunderland,2003,4227,4778
TLC44,Sunderland,2004,4657,5232
TLC44,Sunderland,2005,4903,5488
TLC44,Sunderland,2006,5163,5763
TLC44,Sunderland,2007,5184,5821
TLC44,Sunderland,2008,5359,5982
TLC44,Sunderland,2009,5458,6016
TLC44,Sunderland,2010,5391,6011
TLC44,Sunderland,2011,5449,6150
TLC44,Sunderland,2012,5602,6312
TLC44,Sunderland,2013,6077,6861
TLC44,Sunderland,2014,6314,7104
TLC44,Sunderland,2015,6480,7285
TLC44,Sunderland,2016,6555,7386
TLC44,Sunderland,2017,6869,7722
TLC44,Sunderland,2018,6790,7721
TLC44,Sunderland,2019,7210,8121
TLC44,Sunderland,2020,6290,7097
TLC44,Sunderland,2021,6509,7378
TLC44,Sunderland,2022,7115,8115
TLC44,Sunderland,2023,7961,8949
TLD13,Cumberland,1998,3684,4120
TLD13,Cumberland,1999,3880,4350
TLD13,Cumberland,2000,3708,4197
TLD13,Cumberland,2001,3773,4278
TLD13,Cumberland,2002,3945,4469
TLD13,Cumberland,2003,4187,4741
TLD13,Cumberland,2004,4254,4818
TLD13,Cumberland,2005,4587,5188
TLD13,Cumberland,2006,4939,5543
TLD13,Cumberland,2007,5021,5661
TLD13,Cumberland,2008,5428,6079
TLD13,Cumberland,2009,5317,5918
TLD13,Cumberland,2010,5441,6109
TLD13,Cumberland,2011,5337,6059
TLD13,Cumberland,2012,5462,6197
TLD13,Cumberland,2013,5785,6551
TLD13,Cumberland,2014,6086,6907
TLD13,Cumberland,2015,6210,7040
TLD13,Cumberland,2016,6054,6962
TLD13,Cumberland,2017,5977,6918
TLD13,Cumberland,2018,6068,6919
TLD13,Cumberland,2019,6268,7176
TLD13,Cumberland,2020,5600,6438
TLD13,Cumberland,2021,5741,6617
TLD13,Cumberland,2022,6700,7624
TLD13,Cumberland,2023,7310,8213
TLD14,Westmorland and Furness,1998,2865,3290
TLD14,Westmorland and Furness,1999,2877,3336
TLD14,Westmorland and Furness,2000,2993,3470
TLD14,Westmorland and Furness,2001,2958,3452
TLD14,Westmorland and Furness,2002,3205,3718
TLD14,Westmorland and Furness,2003,3473,4012
TLD14,Westmorland and Furness,2004,3657,4209
TLD14,Westmorland and Furness,2005,3708,4295
TLD14,Westmorland and Furness,2006,4029,4619
TLD14,Westmorland and Furness,2007,4188,4806
TLD14,Westmorland and Furness,2008,4450,5070
TLD14,Westmorland and Furness,2009,4319,4899
TLD14,Westmorland and Furness,2010,4415,5046
TLD14,Westmorland and Furness,2011,4442,5114
TLD14,Westmorland and Furness,2012,4705,5391
TLD14,Westmorland and Furness,2013,4731,5434
TLD14,Westmorland and Furness,2014,4928,5672
TLD14,Westmorland and Furness,2015,5215,5971
TLD14,Westmorland and Furness,2016,5246,6063
TLD14,Westmorland and Furness,2017,5517,6371
TLD14,Westmorland and Furness,2018,5693,6484
TLD14,Westmorland and Furness,2019,6155,6999
TLD14,Westmorland and Furness,2020,5806,6569
TLD14,Westmorland and Furness,2021,6239,7019
TLD14,Westmorland and Furness,2022,7036,7826
TLD14,Westmorland and Furness,2023,7746,8527
TLD33,Manchester,1998,8872,9607
TLD33,Manchester,1999,9308,10102
TLD33,Manchester,2000,9541,10388
TLD33,Manchester,2001,10315,11142
TLD33,Manchester,2002,10955,11809
TLD33,Manchester,2003,11565,12456
TLD33,Manchester,2004,12472,13476
TLD33,Manchester,2005,13499,14527
TLD33,Manchester,2006,14477,15530
TLD33,Manchester,2007,15250,16445
TLD33,Manchester,2008,15563,16753
TLD33,Manchester,2009,16067,17170
TLD33,Manchester,2010,16549,17774
TLD33,Manchester,2011,16589,18036
TLD33,Manchester,2012,17379,18898
TLD33,Manchester,2013,17834,19424
TLD33,Manchester,2014,18407,20083
TLD33,Manchester,2015,19354,21108
TLD33,Manchester,2016,20597,22450
TLD33,Manchester,2017,22675,24581
TLD33,Manchester,2018,23478,25375
TLD33,Manchester,2019,25282,27244
TLD33,Manchester,2020,24894,26441
TLD33,Manchester,2021,27333,29064
TLD33,Manchester,2022,32274,34392
TLD33,Manchester,2023,35873,38037
TLD34,Greater Manchester South West,1998,7574,8347
TLD34,Greater Manchester South West,1999,7944,8767
TLD34,Greater Manchester South West,2000,8172,9023
TLD34,Greater Manchester South West,2001,8706,9565
TLD34,Greater Manchester South West,2002,9122,10023
TLD34,Greater Manchester South West,2003,9544,10497
TLD34,Greater Manchester South West,2004,10058,11085
TLD34,Greater Manchester South West,2005,10712,11757
TLD34,Greater Manchester South West,2006,11287,12371
TLD34,Greater Manchester South West,2007,11832,12983
TLD34,Greater Manchester South West,2008,12108,13220
TLD34,Greater Manchester South West,2009,11965,12981
TLD34,Greater Manchester South West,2010,12085,13229
TLD34,Greater Manchester South West,2011,12134,13421
TLD34,Greater Manchester South West,2012,12741,14088
TLD34,Greater Manchester South West,2013,13638,15037
TLD34,Greater Manchester South West,2014,14188,15655
TLD34,Greater Manchester South West,2015,14802,16310
TLD34,Greater Manchester South West,2016,14954,16534
TLD34,Greater Manchester South West,2017,15727,17366
TLD34,Greater Manchester South West,2018,16805,18451
TLD34,Greater Manchester South West,2019,17440,19121
TLD34,Greater Manchester South West,2020,17818,19292
TLD34,Greater Manchester South West,2021,19287,21004
TLD34,Greater Manchester South West,2022,21408,23271
TLD34,Greater Manchester South West,2023,23052,24829
TLD35,Greater Manchester South East,1998,5462,6258
TLD35,Greater Manchester South East,1999,5758,6607
TLD35,Greater Manchester South East,2000,5963,6838
TLD35,Greater Manchester South East,2001,6222,7110
TLD35,Greater Manchester South East,2002,6473,7403
TLD35,Greater Manchester South East,2003,6742,7724
TLD35,Greater Manchester South East,2004,6973,8016
TLD35,Greater Manchester South East,2005,7355,8405
TLD35,Greater Manchester South East,2006,7653,8720
TLD35,Greater Manchester South East,2007,8030,9139
TLD35,Greater Manchester South East,2008,8275,9373
TLD35,Greater Manchester South East,2009,8335,9347
TLD35,Greater Manchester South East,2010,8352,9466
TLD35,Greater Manchester South East,2011,8253,9519
TLD35,Greater Manchester South East,2012,8534,9854
TLD35,Greater Manchester South East,2013,8719,10072
TLD35,Greater Manchester South East,2014,8809,10215
TLD35,Greater Manchester South East,2015,8861,10321
TLD35,Greater Manchester South East,2016,9096,10613
TLD35,Greater Manchester South East,2017,9826,11380
TLD35,Greater Manchester South East,2018,10202,11735
TLD35,Greater Manchester South East,2019,10322,11890
TLD35,Greater Manchester South East,2020,10487,11889
TLD35,Greater Manchester South East,2021,10852,12411
TLD35,Greater Manchester South East,2022,12187,13874
TLD35,Greater Manchester South East,2023,13401,15060
TLD36,Greater Manchester North West,1998,5584,6506
TLD36,Greater Manchester North West,1999,5827,6813
TLD36,Greater Manchester North West,2000,5946,6964
TLD36,Greater Manchester North West,2001,6287,7330
TLD36,Greater Manchester North West,2002,6486,7581
TLD36,Greater Manchester North West,2003,6745,7907
TLD36,Greater Manchester North West,2004,7049,8279
TLD36,Greater Manchester North West,2005,7474,8713
TLD36,Greater Manchester North West,2006,7820,9082
TLD36,Greater Manchester North West,2007,8137,9441
TLD36,Greater Manchester North West,2008,8085,9389
TLD36,Greater Manchester North West,2009,8081,9299
TLD36,Greater Manchester North West,2010,8174,9519
TLD36,Greater Manchester North West,2011,8186,9711
TLD36,Greater Manchester North West,2012,8552,10145
TLD36,Greater Manchester North West,2013,9061,10712
TLD36,Greater Manchester North West,2014,9282,11000
TLD36,Greater Manchester North West,2015,9780,11556
TLD36,Greater Manchester North West,2016,10069,11922
TLD36,Greater Manchester North West,2017,10583,12470
TLD36,Greater Manchester North West,2018,11017,12887
TLD36,Greater Manchester North West,2019,11008,12919
TLD36,Greater Manchester North West,2020,11315,13045
TLD36,Greater Manchester North West,2021,11709,13630
TLD36,Greater Manchester North West,2022,12729,14778
TLD36,Greater Manchester North West,2023,14172,16237
TLD37,Greater Manchester North East,1998,5720,6703
TLD37,Greater Manchester North East,1999,6007,7061
TLD37,Greater Manchester North East,2000,6171,7259
TLD37,Greater Manchester North East,2001,6458,7560
TLD37,Greater Manchester North East,2002,6743,7896
TLD37,Greater Manchester North East,2003,6944,8164
TLD37,Greater Manchester North East,2004,7287,8576
TLD37,Greater Manchester North East,2005,7684,8984
TLD37,Greater Manchester North East,2006,7992,9313
TLD37,Greater Manchester North East,2007,8369,9733
TLD37,Greater Manchester North East,2008,8458,9815
TLD37,Greater Manchester North East,2009,8343,9605
TLD37,Greater Manchester North East,2010,8512,9899
TLD37,Greater Manchester North East,2011,8535,10110
TLD37,Greater Manchester North East,2012,8878,10519
TLD37,Greater Manchester North East,2013,9191,10883
TLD37,Greater Manchester North East,2014,9361,11117
TLD37,Greater Manchester North East,2015,9771,11593
TLD37,Greater Manchester North East,2016,9927,11819
TLD37,Greater Manchester North East,2017,10417,12374
TLD37,Greater Manchester North East,2018,10741,12693
TLD37,Greater Manchester North East,2019,11331,13343
TLD37,Greater Manchester North East,2020,10975,12759
TLD37,Greater Manchester North East,2021,11270,13260
TLD37,Greater Manchester North East,2022,12500,14640
TLD37,Greater Manchester North East,2023,13852,15989
TLD41,Blackburn with Darwen,1998,1528,1753
TLD41,Blackburn with Darwen,1999,1583,1821
TLD41,Blackburn with Darwen,2000,1596,1843
TLD41,Blackburn with Darwen,2001,1634,1885
TLD41,Blackburn with Darwen,2002,1714,1980
TLD41,Blackburn with Darwen,2003,1851,2135
TLD41,Blackburn with Darwen,2004,1940,2243
TLD41,Blackburn with Darwen,2005,1992,2300
TLD41,Blackburn with Darwen,2006,2050,2365
TLD41,Blackburn with Darwen,2007,2145,2472
TLD41,Blackburn with Darwen,2008,2219,2547
TLD41,Blackburn with Darwen,2009,2164,2466
TLD41,Blackburn with Darwen,2010,2252,2597
TLD41,Blackburn with Darwen,2011,2308,2694
TLD41,Blackburn with Darwen,2012,2451,2837
TLD41,Blackburn with Darwen,2013,2528,2916
TLD41,Blackburn with Darwen,2014,2659,3065
TLD41,Blackburn with Darwen,2015,2827,3241
TLD41,Blackburn with Darwen,2016,2974,3391
TLD41,Blackburn with Darwen,2017,3022,3452
TLD41,Blackburn with Darwen,2018,3052,3506
TLD41,Blackburn with Darwen,2019,3150,3604
TLD41,Blackburn with Darwen,2020,3107,3521
TLD41,Blackburn with Darwen,2021,3483,3977
TLD41,Blackburn with Darwen,2022,3852,4409
TLD41,Blackburn with Darwen,2023,4160,4723
TLD42,Blackpool,1998,1275,1500
TLD42,Blackpool,1999,1309,1550
TLD42,Blackpool,2000,1339,1588
TLD42,Blackpool,2001,1406,1659
TLD42,Blackpool,2002,1485,1751
TLD42,Blackpool,2003,1614,1898
TLD42,Blackpool,2004,1740,2042
TLD42,Blackpool,2005,1816,2122
TLD42,Blackpool,2006,1867,2179
TLD42,Blackpool,2007,1906,2228
TLD42,Blackpool,2008,1917,2234
TLD42,Blackpool,2009,1848,2136
TLD42,Blackpool,2010,1932,2262
TLD42,Blackpool,2011,1943,2310
TLD42,Blackpool,2012,2008,2374
TLD42,Blackpool,2013,2053,2420
TLD42,Blackpool,2014,2115,2495
TLD42,Blackpool,2015,2230,2611
TLD42,Blackpool,2016,2370,2752
TLD42,Blackpool,2017,2513,2906
TLD42,Blackpool,2018,2614,3028
TLD42,Blackpool,2019,2847,3260
TLD42,Blackpool,2020,2667,3036
TLD42,Blackpool,2021,2807,3238
TLD42,Blackpool,2022,3147,3631
TLD42,Blackpool,2023,3310,3796
TLD44,Lancaster and Wyre,1998,2356,2779
TLD44,Lancaster and Wyre,1999,2423,2878
TLD44,Lancaster and Wyre,2000,2396,2867
TLD44,Lancaster and Wyre,2001,2447,2940
TLD44,Lancaster and Wyre,2002,2607,3135
TLD44,Lancaster and Wyre,2003,2901,3465
TLD44,Lancaster and Wyre,2004,3091,3684
TLD44,Lancaster and Wyre,2005,3290,3907
TLD44,Lancaster and Wyre,2006,3468,4095
TLD44,Lancaster and Wyre,2007,3585,4229
TLD44,Lancaster and Wyre,2008,3663,4305
TLD44,Lancaster and Wyre,2009,3370,3951
TLD44,Lancaster and Wyre,2010,3364,4021
TLD44,Lancaster and Wyre,2011,3402,4130
TLD44,Lancaster and Wyre,2012,3540,4267
TLD44,Lancaster and Wyre,2013,3746,4507
TLD44,Lancaster and Wyre,2014,3818,4611
TLD44,Lancaster and Wyre,2015,4206,5014
TLD44,Lancaster and Wyre,2016,4255,5063
TLD44,Lancaster and Wyre,2017,4303,5125
TLD44,Lancaster and Wyre,2018,4372,5226
TLD44,Lancaster and Wyre,2019,4619,5473
TLD44,Lancaster and Wyre,2020,4491,5257
TLD44,Lancaster and Wyre,2021,4705,5646
TLD44,Lancaster and Wyre,2022,5249,6308
TLD44,Lancaster and Wyre,2023,5894,6949
TLD45,Mid Lancashire,1998,6837,7489
TLD45,Mid Lancashire,1999,7172,7875
TLD45,Mid Lancashire,2000,7457,8188
TLD45,Mid Lancashire,2001,7766,8502
TLD45,Mid Lancashire,2002,8102,8875
TLD45,Mid Lancashire,2003,8775,9600
TLD45,Mid Lancashire,2004,9372,10248
TLD45,Mid Lancashire,2005,9669,10567
TLD45,Mid Lancashire,2006,9792,10713
TLD45,Mid Lancashire,2007,10288,11249
TLD45,Mid Lancashire,2008,10404,11362
TLD45,Mid Lancashire,2009,9857,10738
TLD45,Mid Lancashire,2010,9931,10929
TLD45,Mid Lancashire,2011,10105,11218
TLD45,Mid Lancashire,2012,10500,11613
TLD45,Mid Lancashire,2013,10776,11915
TLD45,Mid Lancashire,2014,11047,12254
TLD45,Mid Lancashire,2015,11640,12857
TLD45,Mid Lancashire,2016,12223,13451
TLD45,Mid Lancashire,2017,12518,13779
TLD45,Mid Lancashire,2018,12266,13581
TLD45,Mid Lancashire,2019,12490,13814
TLD45,Mid Lancashire,2020,12230,13402
TLD45,Mid Lancashire,2021,13616,15025
TLD45,Mid Lancashire,2022,14699,16290
TLD45,Mid Lancashire,2023,15892,17487
TLD46,East Lancashire,1998,3453,4009
TLD46,East Lancashire,1999,3640,4235
TLD46,East Lancashire,2000,3676,4294
TLD46,East Lancashire,2001,3772,4398
TLD46,East Lancashire,2002,3892,4546
TLD46,East Lancashire,2003,4151,4843
TLD46,East Lancashire,2004,4357,5087
TLD46,East Lancashire,2005,4519,5258
TLD46,East Lancashire,2006,4635,5389
TLD46,East Lancashire,2007,4825,5604
TLD46,East Lancashire,2008,4892,5670
TLD46,East Lancashire,2009,4604,5322
TLD46,East Lancashire,2010,4754,5567
TLD46,East Lancashire,2011,4924,5826
TLD46,East Lancashire,2012,5107,6005
TLD46,East Lancashire,2013,5148,6059
TLD46,East Lancashire,2014,5402,6355
TLD46,East Lancashire,2015,5538,6504
TLD46,East Lancashire,2016,5857,6838
TLD46,East Lancashire,2017,6027,7037
TLD46,East Lancashire,2018,6130,7199
TLD46,East Lancashire,2019,6250,7311
TLD46,East Lancashire,2020,5855,6819
TLD46,East Lancashire,2021,6478,7623
TLD46,East Lancashire,2022,6894,8166
TLD46,East Lancashire,2023,7394,8662
TLD47,Chorley and West Lancashire,1998,2236,2609
TLD47,Chorley and West Lancashire,1999,2307,2709
TLD47,Chorley and West Lancashire,2000,2368,2785
TLD47,Chorley and West Lancashire,2001,2463,2885
TLD47,Chorley and West Lancashire,2002,2622,3066
TLD47,Chorley and West Lancashire,2003,2798,3269
TLD47,Chorley and West Lancashire,2004,2946,3445
TLD47,Chorley and West Lancashire,2005,2984,3500
TLD47,Chorley and West Lancashire,2006,3049,3580
TLD47,Chorley and West Lancashire,2007,3212,3758
TLD47,Chorley and West Lancashire,2008,3326,3878
TLD47,Chorley and West Lancashire,2009,3291,3802
TLD47,Chorley and West Lancashire,2010,3426,4004
TLD47,Chorley and West Lancashire,2011,3465,4103
TLD47,Chorley and West Lancashire,2012,3521,4157
TLD47,Chorley and West Lancashire,2013,3564,4208
TLD47,Chorley and West Lancashire,2014,3761,4431
TLD47,Chorley and West Lancashire,2015,3885,4569
TLD47,Chorley and West Lancashire,2016,4222,4919
TLD47,Chorley and West Lancashire,2017,4387,5106
TLD47,Chorley and West Lancashire,2018,4537,5292
TLD47,Chorley and West Lancashire,2019,4908,5670
TLD47,Chorley and West Lancashire,2020,4696,5373
TLD47,Chorley and West Lancashire,2021,5293,6101
TLD47,Chorley and West Lancashire,2022,5743,6656
TLD47,Chorley and West Lancashire,2023,6425,7327
TLD61,Warrington,1998,3632,4023
TLD61,Warrington,1999,3689,4111
TLD61,Warrington,2000,3872,4312
TLD61,Warrington,2001,4257,4720
TLD61,Warrington,2002,4441,4928
TLD61,Warrington,2003,4590,5103
TLD61,Warrington,2004,4741,5283
TLD61,Warrington,2005,5053,5609
TLD61,Warrington,2006,5292,5868
TLD61,Warrington,2007,5585,6189
TLD61,Warrington,2008,5545,6132
TLD61,Warrington,2009,5285,5834
TLD61,Warrington,2010,5405,6001
TLD61,Warrington,2011,5510,6173
TLD61,Warrington,2012,5683,6356
TLD61,Warrington,2013,5984,6695
TLD61,Warrington,2014,6330,7093
TLD61,Warrington,2015,6687,7469
TLD61,Warrington,2016,6966,7846
TLD61,Warrington,2017,7540,8432
TLD61,Warrington,2018,7612,8502
TLD61,Warrington,2019,8142,9078
TLD61,Warrington,2020,8108,8949
TLD61,Warrington,2021,8520,9445
TLD61,Warrington,2022,9364,10365
TLD61,Warrington,2023,10470,11474
TLD62,Cheshire East,1998,5940,6597
TLD62,Cheshire East,1999,6218,6922
TLD62,Cheshire East,2000,6458,7194
TLD62,Cheshire East,2001,7542,8284
TLD62,Cheshire East,2002,7771,8549
TLD62,Cheshire East,2003,7484,8312
TLD62,Cheshire East,2004,8357,9233
TLD62,Cheshire East,2005,8884,9797
TLD62,Cheshire East,2006,9575,10489
TLD62,Cheshire East,2007,9769,10736
TLD62,Cheshire East,2008,9700,10657
TLD62,Cheshire East,2009,9452,10338
TLD62,Cheshire East,2010,9837,10795
TLD62,Cheshire East,2011,10303,11386
TLD62,Cheshire East,2012,10864,11970
TLD62,Cheshire East,2013,11154,12287
TLD62,Cheshire East,2014,11826,13044
TLD62,Cheshire East,2015,12344,13589
TLD62,Cheshire East,2016,13371,14781
TLD62,Cheshire East,2017,13343,14751
TLD62,Cheshire East,2018,13775,15186
TLD62,Cheshire East,2019,14237,15708
TLD62,Cheshire East,2020,13770,15139
TLD62,Cheshire East,2021,13810,15357
TLD62,Cheshire East,2022,15524,17194
TLD62,Cheshire East,2023,16927,18593
TLD63,Cheshire West and Chester,1998,4890,5492
TLD63,Cheshire West and Chester,1999,5270,5912
TLD63,Cheshire West and Chester,2000,5213,5879
TLD63,Cheshire West and Chester,2001,5724,6399
TLD63,Cheshire West and Chester,2002,5829,6539
TLD63,Cheshire West and Chester,2003,6240,7002
TLD63,Cheshire West and Chester,2004,6426,7237
TLD63,Cheshire West and Chester,2005,6704,7542
TLD63,Cheshire West and Chester,2006,7230,8079
TLD63,Cheshire West and Chester,2007,7760,8642
TLD63,Cheshire West and Chester,2008,7861,8739
TLD63,Cheshire West and Chester,2009,8187,9001
TLD63,Cheshire West and Chester,2010,8642,9514
TLD63,Cheshire West and Chester,2011,8514,9488
TLD63,Cheshire West and Chester,2012,8675,9659
TLD63,Cheshire West and Chester,2013,9023,10028
TLD63,Cheshire West and Chester,2014,9497,10561
TLD63,Cheshire West and Chester,2015,9235,10365
TLD63,Cheshire West and Chester,2016,9598,10869
TLD63,Cheshire West and Chester,2017,10436,11705
TLD63,Cheshire West and Chester,2018,10645,11935
TLD63,Cheshire West and Chester,2019,11307,12657
TLD63,Cheshire West and Chester,2020,10514,11784
TLD63,Cheshire West and Chester,2021,11715,13134
TLD63,Cheshire West and Chester,2022,12894,14414
TLD63,Cheshire West and Chester,2023,14193,15734
TLD71,East Merseyside,1998,5485,6133
TLD71,East Merseyside,1999,5737,6434
TLD71,East Merseyside,2000,5924,6651
TLD71,East Merseyside,2001,6201,6939
TLD71,East Merseyside,2002,6461,7232
TLD71,East Merseyside,2003,6903,7717
TLD71,East Merseyside,2004,7091,7957
TLD71,East Merseyside,2005,7298,8180
TLD71,East Merseyside,2006,7839,8753
TLD71,East Merseyside,2007,7897,8840
TLD71,East Merseyside,2008,8260,9189
TLD71,East Merseyside,2009,8249,9114
TLD71,East Merseyside,2010,8512,9603
TLD71,East Merseyside,2011,8580,9773
TLD71,East Merseyside,2012,8437,9601
TLD71,East Merseyside,2013,8869,10132
TLD71,East Merseyside,2014,9356,10651
TLD71,East Merseyside,2015,9670,10977
TLD71,East Merseyside,2016,9935,11286
TLD71,East Merseyside,2017,10260,11703
TLD71,East Merseyside,2018,10330,11907
TLD71,East Merseyside,2019,10789,12391
TLD71,East Merseyside,2020,10116,11482
TLD71,East Merseyside,2021,11105,12815
TLD71,East Merseyside,2022,11828,13662
TLD71,East Merseyside,2023,12891,14695
TLD72,Liverpool,1998,5968,6561
TLD72,Liverpool,1999,6289,6925
TLD72,Liverpool,2000,6657,7328
TLD72,Liverpool,2001,7095,7776
TLD72,Liverpool,2002,7517,8232
TLD72,Liverpool,2003,8274,9034
TLD72,Liverpool,2004,8816,9634
TLD72,Liverpool,2005,9315,10155
TLD72,Liverpool,2006,10180,11051
TLD72,Liverpool,2007,10147,11054
TLD72,Liverpool,2008,10701,11596
TLD72,Liverpool,2009,11209,12045
TLD72,Liverpool,2010,11226,12301
TLD72,Liverpool,2011,11291,12488
TLD72,Liverpool,2012,11087,12259
TLD72,Liverpool,2013,11225,12511
TLD72,Liverpool,2014,11779,13118
TLD72,Liverpool,2015,12110,13458
TLD72,Liverpool,2016,12318,13706
TLD72,Liverpool,2017,12809,14286
TLD72,Liverpool,2018,12955,14582
TLD72,Liverpool,2019,14077,15723
TLD72,Liverpool,2020,13715,15080
TLD72,Liverpool,2021,15236,16978
TLD72,Liverpool,2022,16846,18745
TLD72,Liverpool,2023,18431,20347
TLD73,Sefton,1998,2141,2496
TLD73,Sefton,1999,2288,2670
TLD73,Sefton,2000,2357,2753
TLD73,Sefton,2001,2514,2920
TLD73,Sefton,2002,2685,3110
TLD73,Sefton,2003,2855,3306
TLD73,Sefton,2004,3002,3479
TLD73,Sefton,2005,3090,3571
TLD73,Sefton,2006,3285,3775
TLD73,Sefton,2007,3328,3831
TLD73,Sefton,2008,3457,3957
TLD73,Sefton,2009,3506,3967
TLD73,Sefton,2010,3525,4116
TLD73,Sefton,2011,3431,4082
TLD73,Sefton,2012,3429,4065
TLD73,Sefton,2013,3482,4174
TLD73,Sefton,2014,3625,4333
TLD73,Sefton,2015,3748,4461
TLD73,Sefton,2016,3900,4633
TLD73,Sefton,2017,4040,4821
TLD73,Sefton,2018,4103,4967
TLD73,Sefton,2019,4182,5059
TLD73,Sefton,2020,4186,4935
TLD73,Sefton,2021,4699,5639
TLD73,Sefton,2022,4991,5999
TLD73,Sefton,2023,5368,6376
TLD74,Wirral,1998,2581,3001
TLD74,Wirral,1999,2764,3215
TLD74,Wirral,2000,2846,3312
TLD74,Wirral,2001,3016,3492
TLD74,Wirral,2002,3190,3692
TLD74,Wirral,2003,3423,3958
TLD74,Wirral,2004,3649,4216
TLD74,Wirral,2005,3716,4289
TLD74,Wirral,2006,3941,4525
TLD74,Wirral,2007,3995,4598
TLD74,Wirral,2008,4137,4741
TLD74,Wirral,2009,4166,4729
TLD74,Wirral,2010,4162,4879
TLD74,Wirral,2011,4185,4975
TLD74,Wirral,2012,4243,5014
TLD74,Wirral,2013,4327,5164
TLD74,Wirral,2014,4515,5367
TLD74,Wirral,2015,4750,5607
TLD74,Wirral,2016,4697,5573
TLD74,Wirral,2017,4884,5815
TLD74,Wirral,2018,4925,5946
TLD74,Wirral,2019,5241,6274
TLD74,Wirral,2020,5234,6112
TLD74,Wirral,2021,5441,6515
TLD74,Wirral,2022,5979,7125
TLD74,Wirral,2023,6625,7778
TLE11,"Kingston upon Hull, City of",1998,3023,3415
TLE11,"Kingston upon Hull, City of",1999,3104,3517
TLE11,"Kingston upon Hull, City of",2000,3304,3725
TLE11,"Kingston upon Hull, City of",2001,3472,3897
TLE11,"Kingston upon Hull, City of",2002,3716,4159
TLE11,"Kingston upon Hull, City of",2003,3996,4466
TLE11,"Kingston upon Hull, City of",2004,4096,4606
TLE11,"Kingston upon Hull, City of",2005,4292,4813
TLE11,"Kingston upon Hull, City of",2006,4711,5250
TLE11,"Kingston upon Hull, City of",2007,4941,5497
TLE11,"Kingston upon Hull, City of",2008,5472,6018
TLE11,"Kingston upon Hull, City of",2009,5482,5973
TLE11,"Kingston upon Hull, City of",2010,5213,5758
TLE11,"Kingston upon Hull, City of",2011,5025,5619
TLE11,"Kingston upon Hull, City of",2012,5097,5704
TLE11,"Kingston upon Hull, City of",2013,5090,5757
TLE11,"Kingston upon Hull, City of",2014,5132,5832
TLE11,"Kingston upon Hull, City of",2015,5386,6124
TLE11,"Kingston upon Hull, City of",2016,5536,6341
TLE11,"Kingston upon Hull, City of",2017,5761,6592
TLE11,"Kingston upon Hull, City of",2018,5943,6803
TLE11,"Kingston upon Hull, City of",2019,6044,6918
TLE11,"Kingston upon Hull, City of",2020,5423,6200
TLE11,"Kingston upon Hull, City of",2021,6367,7232
TLE11,"Kingston upon Hull, City of",2022,6713,7621
TLE11,"Kingston upon Hull, City of",2023,7403,8300
TLE12,East Riding of Yorkshire,1998,3742,4174
TLE12,East Riding of Yorkshire,1999,3714,4187
TLE12,East Riding of Yorkshire,2000,3869,4367
TLE12,East Riding of Yorkshire,2001,4063,4584
TLE12,East Riding of Yorkshire,2002,4385,4945
TLE12,East Riding of Yorkshire,2003,4663,5266
TLE12,East Riding of Yorkshire,2004,5007,5642
TLE12,East Riding of Yorkshire,2005,5134,5860
TLE12,East Riding of Yorkshire,2006,5430,6179
TLE12,East Riding of Yorkshire,2007,5510,6278
TLE12,East Riding of Yorkshire,2008,5597,6353
TLE12,East Riding of Yorkshire,2009,5352,6041
TLE12,East Riding of Yorkshire,2010,5193,5956
TLE12,East Riding of Yorkshire,2011,5216,6052
TLE12,East Riding of Yorkshire,2012,5370,6216
TLE12,East Riding of Yorkshire,2013,5525,6441
TLE12,East Riding of Yorkshire,2014,5808,6762
TLE12,East Riding of Yorkshire,2015,6054,7052
TLE12,East Riding of Yorkshire,2016,6134,7211
TLE12,East Riding of Yorkshire,2017,6399,7512
TLE12,East Riding of Yorkshire,2018,6830,7982
TLE12,East Riding of Yorkshire,2019,7139,8325
TLE12,East Riding of Yorkshire,2020,6947,7962
TLE12,East Riding of Yorkshire,2021,8048,9201
TLE12,East Riding of Yorkshire,2022,8621,9819
TLE12,East Riding of Yorkshire,2023,9375,10564
TLE13,North and North East Lincolnshire,1998,4018,4524
TLE13,North and North East Lincolnshire,1999,4008,4548
TLE13,North and North East Lincolnshire,2000,4173,4731
TLE13,North and North East Lincolnshire,2001,4363,4926
TLE13,North and North East Lincolnshire,2002,4498,5084
TLE13,North and North East Lincolnshire,2003,4919,5548
TLE13,North and North East Lincolnshire,2004,5204,5883
TLE13,North and North East Lincolnshire,2005,5446,6158
TLE13,North and North East Lincolnshire,2006,5493,6229
TLE13,North and North East Lincolnshire,2007,6099,6861
TLE13,North and North East Lincolnshire,2008,6430,7183
TLE13,North and North East Lincolnshire,2009,6052,6737
TLE13,North and North East Lincolnshire,2010,6218,6980
TLE13,North and North East Lincolnshire,2011,6016,6850
TLE13,North and North East Lincolnshire,2012,6052,6894
TLE13,North and North East Lincolnshire,2013,6222,7150
TLE13,North and North East Lincolnshire,2014,6458,7423
TLE13,North and North East Lincolnshire,2015,6972,7988
TLE13,North and North East Lincolnshire,2016,7053,8150
TLE13,North and North East Lincolnshire,2017,7469,8601
TLE13,North and North East Lincolnshire,2018,7352,8527
TLE13,North and North East Lincolnshire,2019,8289,9491
TLE13,North and North East Lincolnshire,2020,7720,8812
TLE13,North and North East Lincolnshire,2021,9390,10695
TLE13,North and North East Lincolnshire,2022,9672,10926
TLE13,North and North East Lincolnshire,2023,9830,10993
TLE21,York,1998,3200,3409
TLE21,York,1999,3338,3574
TLE21,York,2000,3496,3753
TLE21,York,2001,3769,3981
TLE21,York,2002,4169,4296
TLE21,York,2003,4463,4574
TLE21,York,2004,4705,4961
TLE21,York,2005,4867,5121
TLE21,York,2006,4950,5176
TLE21,York,2007,5191,5462
TLE21,York,2008,5204,5476
TLE21,York,2009,5051,5263
TLE21,York,2010,5149,5450
TLE21,York,2011,5249,5670
TLE21,York,2012,5374,5808
TLE21,York,2013,5404,5886
TLE21,York,2014,5523,6064
TLE21,York,2015,5640,6203
TLE21,York,2016,5817,6475
TLE21,York,2017,6210,6894
TLE21,York,2018,6350,7046
TLE21,York,2019,6405,7089
TLE21,York,2020,5904,6472
TLE21,York,2021,6756,7436
TLE21,York,2022,7705,8464
TLE21,York,2023,8511,9279
TLE22,North Yorkshire,1998,7392,8383
TLE22,North Yorkshire,1999,7540,8611
TLE22,North Yorkshire,2000,7900,8999
TLE22,North Yorkshire,2001,8294,9438
TLE22,North Yorkshire,2002,9058,10255
TLE22,North Yorkshire,2003,9543,10819
TLE22,North Yorkshire,2004,9932,11286
TLE22,North Yorkshire,2005,10213,11699
TLE22,North Yorkshire,2006,10760,12291
TLE22,North Yorkshire,2007,11391,12964
TLE22,North Yorkshire,2008,11686,13228
TLE22,North Yorkshire,2009,11394,12800
TLE22,North Yorkshire,2010,11326,12955
TLE22,North Yorkshire,2011,11765,13622
TLE22,North Yorkshire,2012,12074,13873
TLE22,North Yorkshire,2013,12599,14412
TLE22,North Yorkshire,2014,12860,14750
TLE22,North Yorkshire,2015,13097,15025
TLE22,North Yorkshire,2016,13512,15652
TLE22,North Yorkshire,2017,14431,16654
TLE22,North Yorkshire,2018,14484,16781
TLE22,North Yorkshire,2019,15200,17492
TLE22,North Yorkshire,2020,14623,16545
TLE22,North Yorkshire,2021,16486,18801
TLE22,North Yorkshire,2022,18057,20553
TLE22,North Yorkshire,2023,19945,22433
TLE32,Sheffield,1998,6524,7295
TLE32,Sheffield,1999,6577,7401
TLE32,Sheffield,2000,6877,7732
TLE32,Sheffield,2001,7506,8359
TLE32,Sheffield,2002,8018,8911
TLE32,Sheffield,2003,8576,9522
TLE32,Sheffield,2004,9092,10115
TLE32,Sheffield,2005,9529,10571
TLE32,Sheffield,2006,10087,11165
TLE32,Sheffield,2007,10736,11841
TLE32,Sheffield,2008,10603,11694
TLE32,Sheffield,2009,10671,11656
TLE32,Sheffield,2010,10886,11997
TLE32,Sheffield,2011,11151,12426
TLE32,Sheffield,2012,11357,12645
TLE32,Sheffield,2013,11682,13025
TLE32,Sheffield,2014,11916,13371
TLE32,Sheffield,2015,12205,13739
TLE32,Sheffield,2016,12318,13906
TLE32,Sheffield,2017,12488,14146
TLE32,Sheffield,2018,12560,14243
TLE32,Sheffield,2019,13154,14938
TLE32,Sheffield,2020,13227,14752
TLE32,Sheffield,2021,14218,15912
TLE32,Sheffield,2022,15727,17499
TLE32,Sheffield,2023,17295,19052
TLE33,Barnsley,1998,1961,2309
TLE33,Barnsley,1999,1956,2328
TLE33,Barnsley,2000,2023,2409
TLE33,Barnsley,2001,2131,2518
TLE33,Barnsley,2002,2222,2624
TLE33,Barnsley,2003,2368,2793
TLE33,Barnsley,2004,2530,2986
TLE33,Barnsley,2005,2629,3093
TLE33,Barnsley,2006,2748,3225
TLE33,Barnsley,2007,2959,3451
TLE33,Barnsley,2008,2899,3388
TLE33,Barnsley,2009,2791,3236
TLE33,Barnsley,2010,2885,3384
TLE33,Barnsley,2011,2971,3537
TLE33,Barnsley,2012,3086,3656
TLE33,Barnsley,2013,3207,3799
TLE33,Barnsley,2014,3350,3994
TLE33,Barnsley,2015,3428,4116
TLE33,Barnsley,2016,3488,4201
TLE33,Barnsley,2017,3655,4403
TLE33,Barnsley,2018,3817,4582
TLE33,Barnsley,2019,3975,4793
TLE33,Barnsley,2020,3888,4590
TLE33,Barnsley,2021,4192,4975
TLE33,Barnsley,2022,4687,5491
TLE33,Barnsley,2023,5052,5843
TLE34,Rotherham,1998,2435,2842
TLE34,Rotherham,1999,2441,2876
TLE34,Rotherham,2000,2537,2981
TLE34,Rotherham,2001,2676,3124
TLE34,Rotherham,2002,2829,3300
TLE34,Rotherham,2003,2999,3501
TLE34,Rotherham,2004,3110,3650
TLE34,Rotherham,2005,3253,3799
TLE34,Rotherham,2006,3377,3937
TLE34,Rotherham,2007,3635,4210
TLE34,Rotherham,2008,3638,4212
TLE34,Rotherham,2009,3483,4004
TLE34,Rotherham,2010,3627,4211
TLE34,Rotherham,2011,3721,4381
TLE34,Rotherham,2012,3981,4648
TLE34,Rotherham,2013,3979,4673
TLE34,Rotherham,2014,4093,4859
TLE34,Rotherham,2015,4264,5070
TLE34,Rotherham,2016,4356,5185
TLE34,Rotherham,2017,4574,5446
TLE34,Rotherham,2018,4611,5509
TLE34,Rotherham,2019,4764,5711
TLE34,Rotherham,2020,4606,5416
TLE34,Rotherham,2021,4880,5770
TLE34,Rotherham,2022,5331,6229
TLE34,Rotherham,2023,5606,6493
TLE35,Doncaster,1998,2622,3114
TLE35,Doncaster,1999,2653,3181
TLE35,Doncaster,2000,2741,3289
TLE35,Doncaster,2001,2889,3435
TLE35,Doncaster,2002,3048,3617
TLE35,Doncaster,2003,3247,3849
TLE35,Doncaster,2004,3483,4130
TLE35,Doncaster,2005,3599,4255
TLE35,Doncaster,2006,3837,4517
TLE35,Doncaster,2007,4108,4816
TLE35,Doncaster,2008,4117,4820
TLE35,Doncaster,2009,3908,4546
TLE35,Doncaster,2010,4021,4731
TLE35,Doncaster,2011,4037,4832
TLE35,Doncaster,2012,4142,4944
TLE35,Doncaster,2013,4241,5073
TLE35,Doncaster,2014,4490,5398
TLE35,Doncaster,2015,4835,5793
TLE35,Doncaster,2016,4957,5958
TLE35,Doncaster,2017,5477,6527
TLE35,Doncaster,2018,5538,6599
TLE35,Doncaster,2019,5722,6838
TLE35,Doncaster,2020,5671,6619
TLE35,Doncaster,2021,5989,7060
TLE35,Doncaster,2022,6713,7812
TLE35,Doncaster,2023,7191,8273
TLE41,Bradford,1998,5228,5915
TLE41,Bradford,1999,5497,6232
TLE41,Bradford,2000,5555,6314
TLE41,Bradford,2001,5773,6541
TLE41,Bradford,2002,5962,6771
TLE41,Bradford,2003,6282,7151
TLE41,Bradford,2004,6618,7560
TLE41,Bradford,2005,6984,7946
TLE41,Bradford,2006,7228,8228
TLE41,Bradford,2007,7605,8638
TLE41,Bradford,2008,7872,8899
TLE41,Bradford,2009,7802,8728
TLE41,Bradford,2010,7792,8869
TLE41,Bradford,2011,8063,9286
TLE41,Bradford,2012,8203,9496
TLE41,Bradford,2013,8389,9714
TLE41,Bradford,2014,8490,9852
TLE41,Bradford,2015,8800,10203
TLE41,Bradford,2016,9017,10479
TLE41,Bradford,2017,9470,11010
TLE41,Bradford,2018,9596,11169
TLE41,Bradford,2019,9720,11290
TLE41,Bradford,2020,9664,11051
TLE41,Bradford,2021,10416,11938
TLE41,Bradford,2022,11129,12812
TLE41,Bradford,2023,11745,13414
TLE42,Leeds,1998,12317,13493
TLE42,Leeds,1999,13113,14378
TLE42,Leeds,2000,13505,14828
TLE42,Leeds,2001,14072,15407
TLE42,Leeds,2002,14774,16163
TLE42,Leeds,2003,16033,17497
TLE42,Leeds,2004,17289,18791
TLE42,Leeds,2005,18577,20120
TLE42,Leeds,2006,19757,21364
TLE42,Leeds,2007,20858,22543
TLE42,Leeds,2008,20758,22425
TLE42,Leeds,2009,20706,22189
TLE42,Leeds,2010,21054,22780
TLE42,Leeds,2011,21419,23370
TLE42,Leeds,2012,21873,23940
TLE42,Leeds,2013,22477,24634
TLE42,Leeds,2014,23122,25361
TLE42,Leeds,2015,23967,26298
TLE42,Leeds,2016,24230,26687
TLE42,Leeds,2017,24951,27549
TLE42,Leeds,2018,26458,29107
TLE42,Leeds,2019,27391,30043
TLE42,Leeds,2020,25938,28191
TLE42,Leeds,2021,28823,31287
TLE42,Leeds,2022,33073,35871
TLE42,Leeds,2023,36554,39323
TLE44,Calderdale and Kirklees,1998,6137,7037
TLE44,Calderdale and Kirklees,1999,6416,7383
TLE44,Calderdale and Kirklees,2000,6511,7511
TLE44,Calderdale and Kirklees,2001,6733,7740
TLE44,Calderdale and Kirklees,2002,6871,7929
TLE44,Calderdale and Kirklees,2003,7279,8409
TLE44,Calderdale and Kirklees,2004,7599,8821
TLE44,Calderdale and Kirklees,2005,8132,9376
TLE44,Calderdale and Kirklees,2006,8479,9773
TLE44,Calderdale and Kirklees,2007,8909,10245
TLE44,Calderdale and Kirklees,2008,8867,10176
TLE44,Calderdale and Kirklees,2009,8677,9858
TLE44,Calderdale and Kirklees,2010,8801,10167
TLE44,Calderdale and Kirklees,2011,9005,10549
TLE44,Calderdale and Kirklees,2012,9247,10866
TLE44,Calderdale and Kirklees,2013,9507,11178
TLE44,Calderdale and Kirklees,2014,10280,12020
TLE44,Calderdale and Kirklees,2015,11077,12854
TLE44,Calderdale and Kirklees,2016,11209,13075
TLE44,Calderdale and Kirklees,2017,12056,14008
TLE44,Calderdale and Kirklees,2018,12711,14707
TLE44,Calderdale and Kirklees,2019,12781,14763
TLE44,Calderdale and Kirklees,2020,12276,14001
TLE44,Calderdale and Kirklees,2021,13539,15445
TLE44,Calderdale and Kirklees,2022,13900,15977
TLE44,Calderdale and Kirklees,2023,15069,17117
TLE45,Wakefield,1998,4031,4547
TLE45,Wakefield,1999,4232,4785
TLE45,Wakefield,2000,4365,4937
TLE45,Wakefield,2001,4546,5132
TLE45,Wakefield,2002,4699,5315
TLE45,Wakefield,2003,4940,5594
TLE45,Wakefield,2004,5123,5810
TLE45,Wakefield,2005,5361,6061
TLE45,Wakefield,2006,5538,6265
TLE45,Wakefield,2007,5718,6469
TLE45,Wakefield,2008,5855,6592
TLE45,Wakefield,2009,5774,6434
TLE45,Wakefield,2010,5661,6422
TLE45,Wakefield,2011,5762,6619
TLE45,Wakefield,2012,5916,6816
TLE45,Wakefield,2013,6110,7052
TLE45,Wakefield,2014,6120,7107
TLE45,Wakefield,2015,6567,7576
TLE45,Wakefield,2016,6819,7876
TLE45,Wakefield,2017,7082,8198
TLE45,Wakefield,2018,7545,8702
TLE45,Wakefield,2019,7921,9066
TLE45,Wakefield,2020,7681,8665
TLE45,Wakefield,2021,8270,9390
TLE45,Wakefield,2022,9355,10566
TLE45,Wakefield,2023,10250,11425
TLF11,Derby,1998,3773,4168
TLF11,Derby,1999,4016,4435
TLF11,Derby,2000,4181,4615
TLF11,Derby,2001,4392,4839
TLF11,Derby,2002,4636,5107
TLF11,Derby,2003,4795,5292
TLF11,Derby,2004,5190,5723
TLF11,Derby,2005,5682,6222
TLF11,Derby,2006,5854,6417
TLF11,Derby,2007,5998,6573
TLF11,Derby,2008,6127,6705
TLF11,Derby,2009,6003,6530
TLF11,Derby,2010,6079,6661
TLF11,Derby,2011,6399,7050
TLF11,Derby,2012,6529,7224
TLF11,Derby,2013,6799,7493
TLF11,Derby,2014,6643,7375
TLF11,Derby,2015,6636,7411
TLF11,Derby,2016,6702,7533
TLF11,Derby,2017,6695,7563
TLF11,Derby,2018,7167,8079
TLF11,Derby,2019,7459,8353
TLF11,Derby,2020,7788,8567
TLF11,Derby,2021,8200,9049
TLF11,Derby,2022,8462,9425
TLF11,Derby,2023,9226,10155
TLF12,East Derbyshire,1998,2905,3372
TLF12,East Derbyshire,1999,2979,3481
TLF12,East Derbyshire,2000,3037,3557
TLF12,East Derbyshire,2001,3176,3711
TLF12,East Derbyshire,2002,3273,3833
TLF12,East Derbyshire,2003,3353,3946
TLF12,East Derbyshire,2004,3510,4134
TLF12,East Derbyshire,2005,3762,4399
TLF12,East Derbyshire,2006,3843,4510
TLF12,East Derbyshire,2007,3996,4671
TLF12,East Derbyshire,2008,4155,4826
TLF12,East Derbyshire,2009,4028,4642
TLF12,East Derbyshire,2010,4184,4860
TLF12,East Derbyshire,2011,4227,4977
TLF12,East Derbyshire,2012,4417,5208
TLF12,East Derbyshire,2013,4551,5331
TLF12,East Derbyshire,2014,4725,5539
TLF12,East Derbyshire,2015,5150,6000
TLF12,East Derbyshire,2016,5268,6170
TLF12,East Derbyshire,2017,5454,6378
TLF12,East Derbyshire,2018,5717,6677
TLF12,East Derbyshire,2019,5883,6833
TLF12,East Derbyshire,2020,6096,6961
TLF12,East Derbyshire,2021,6556,7518
TLF12,East Derbyshire,2022,7083,8132
TLF12,East Derbyshire,2023,7376,8386
TLF13,South and West Derbyshire,1998,5432,6212
TLF13,South and West Derbyshire,1999,5537,6378
TLF13,South and West Derbyshire,2000,5531,6411
TLF13,South and West Derbyshire,2001,5682,6590
TLF13,South and West Derbyshire,2002,5908,6864
TLF13,South and West Derbyshire,2003,6143,7155
TLF13,South and West Derbyshire,2004,6435,7500
TLF13,South and West Derbyshire,2005,6903,7995
TLF13,South and West Derbyshire,2006,6978,8116
TLF13,South and West Derbyshire,2007,7163,8316
TLF13,South and West Derbyshire,2008,7431,8589
TLF13,South and West Derbyshire,2009,6972,8035
TLF13,South and West Derbyshire,2010,7486,8650
TLF13,South and West Derbyshire,2011,7693,8991
TLF13,South and West Derbyshire,2012,8048,9425
TLF13,South and West Derbyshire,2013,8568,9934
TLF13,South and West Derbyshire,2014,8824,10254
TLF13,South and West Derbyshire,2015,8957,10445
TLF13,South and West Derbyshire,2016,9373,10964
TLF13,South and West Derbyshire,2017,9641,11272
TLF13,South and West Derbyshire,2018,10023,11730
TLF13,South and West Derbyshire,2019,10772,12461
TLF13,South and West Derbyshire,2020,10602,12088
TLF13,South and West Derbyshire,2021,11035,12713
TLF13,South and West Derbyshire,2022,11498,13351
TLF13,South and West Derbyshire,2023,12401,14181
TLF14,Nottingham,1998,4559,4997
TLF14,Nottingham,1999,4741,5205
TLF14,Nottingham,2000,4822,5300
TLF14,Nottingham,2001,5111,5617
TLF14,Nottingham,2002,5411,5947
TLF14,Nottingham,2003,5757,6324
TLF14,Nottingham,2004,6297,6907
TLF14,Nottingham,2005,6657,7282
TLF14,Nottingham,2006,7128,7782
TLF14,Nottingham,2007,7393,8059
TLF14,Nottingham,2008,7609,8276
TLF14,Nottingham,2009,7574,8185
TLF14,Nottingham,2010,7883,8561
TLF14,Nottingham,2011,8220,8978
TLF14,Nottingham,2012,8458,9268
TLF14,Nottingham,2013,8591,9412
TLF14,Nottingham,2014,9175,10061
TLF14,Nottingham,2015,9342,10280
TLF14,Nottingham,2016,9665,10658
TLF14,Nottingham,2017,10130,11149
TLF14,Nottingham,2018,10317,11390
TLF14,Nottingham,2019,10456,11505
TLF14,Nottingham,2020,10146,11094
TLF14,Nottingham,2021,10516,11534
TLF14,Nottingham,2022,11714,12951
TLF14,Nottingham,2023,12900,14105
TLF15,North Nottinghamshire,1998,4970,5670
TLF15,North Nottinghamshire,1999,5136,5891
TLF15,North Nottinghamshire,2000,5224,5999
TLF15,North Nottinghamshire,2001,5339,6148
TLF15,North Nottinghamshire,2002,5562,6423
TLF15,North Nottinghamshire,2003,5748,6668
TLF15,North Nottinghamshire,2004,6045,7016
TLF15,North Nottinghamshire,2005,6344,7349
TLF15,North Nottinghamshire,2006,6609,7662
TLF15,North Nottinghamshire,2007,6852,7923
TLF15,North Nottinghamshire,2008,7026,8096
TLF15,North Nottinghamshire,2009,6849,7827
TLF15,North Nottinghamshire,2010,7079,8153
TLF15,North Nottinghamshire,2011,7296,8491
TLF15,North Nottinghamshire,2012,7511,8775
TLF15,North Nottinghamshire,2013,7743,9007
TLF15,North Nottinghamshire,2014,7909,9255
TLF15,North Nottinghamshire,2015,8194,9615
TLF15,North Nottinghamshire,2016,8332,9832
TLF15,North Nottinghamshire,2017,8579,10132
TLF15,North Nottinghamshire,2018,8877,10507
TLF15,North Nottinghamshire,2019,9264,10863
TLF15,North Nottinghamshire,2020,9188,10608
TLF15,North Nottinghamshire,2021,9641,11219
TLF15,North Nottinghamshire,2022,10513,12318
TLF15,North Nottinghamshire,2023,11309,12982
TLF16,South Nottinghamshire,1998,3364,3891
TLF16,South Nottinghamshire,1999,3487,4061
TLF16,South Nottinghamshire,2000,3505,4112
TLF16,South Nottinghamshire,2001,3644,4262
TLF16,South Nottinghamshire,2002,3764,4397
TLF16,South Nottinghamshire,2003,3861,4524
TLF16,South Nottinghamshire,2004,4046,4760
TLF16,South Nottinghamshire,2005,4315,5045
TLF16,South Nottinghamshire,2006,4490,5247
TLF16,South Nottinghamshire,2007,4712,5489
TLF16,South Nottinghamshire,2008,4867,5631
TLF16,South Nottinghamshire,2009,4797,5493
TLF16,South Nottinghamshire,2010,4935,5703
TLF16,South Nottinghamshire,2011,4994,5854
TLF16,South Nottinghamshire,2012,5218,6129
TLF16,South Nottinghamshire,2013,5416,6328
TLF16,South Nottinghamshire,2014,5453,6425
TLF16,South Nottinghamshire,2015,5634,6660
TLF16,South Nottinghamshire,2016,5752,6827
TLF16,South Nottinghamshire,2017,5930,7034
TLF16,South Nottinghamshire,2018,6326,7497
TLF16,South Nottinghamshire,2019,6539,7694
TLF16,South Nottinghamshire,2020,6572,7588
TLF16,South Nottinghamshire,2021,6825,7944
TLF16,South Nottinghamshire,2022,7658,8928
TLF16,South Nottinghamshire,2023,8434,9634
TLF21,Leicester,1998,3813,4223
TLF21,Leicester,1999,3928,4363
TLF21,Leicester,2000,4132,4585
TLF21,Leicester,2001,4249,4709
TLF21,Leicester,2002,4365,4848
TLF21,Leicester,2003,4667,5179
TLF21,Leicester,2004,5018,5563
TLF21,Leicester,2005,5266,5825
TLF21,Leicester,2006,5648,6236
TLF21,Leicester,2007,5968,6568
TLF21,Leicester,2008,6223,6820
TLF21,Leicester,2009,6181,6728
TLF21,Leicester,2010,6468,7124
TLF21,Leicester,2011,6522,7257
TLF21,Leicester,2012,6784,7494
TLF21,Leicester,2013,7022,7813
TLF21,Leicester,2014,7624,8477
TLF21,Leicester,2015,7886,8770
TLF21,Leicester,2016,8106,9038
TLF21,Leicester,2017,8231,9200
TLF21,Leicester,2018,8579,9543
TLF21,Leicester,2019,8790,9817
TLF21,Leicester,2020,8427,9332
TLF21,Leicester,2021,9174,10281
TLF21,Leicester,2022,9506,10643
TLF21,Leicester,2023,10320,11439
TLF22,Leicestershire CC and Rutland,1998,8739,9815
TLF22,Leicestershire CC and Rutland,1999,8901,10059
TLF22,Leicestershire CC and Rutland,2000,9427,10634
TLF22,Leicestershire CC and Rutland,2001,9765,11008
TLF22,Leicestershire CC and Rutland,2002,10162,11461
TLF22,Leicestershire CC and Rutland,2003,10847,12226
TLF22,Leicestershire CC and Rutland,2004,11408,12867
TLF22,Leicestershire CC and Rutland,2005,11891,13393
TLF22,Leicestershire CC and Rutland,2006,12733,14303
TLF22,Leicestershire CC and Rutland,2007,13389,15011
TLF22,Leicestershire CC and Rutland,2008,14124,15703
TLF22,Leicestershire CC and Rutland,2009,13697,15155
TLF22,Leicestershire CC and Rutland,2010,14162,15870
TLF22,Leicestershire CC and Rutland,2011,13952,15810
TLF22,Leicestershire CC and Rutland,2012,14560,16356
TLF22,Leicestershire CC and Rutland,2013,15091,17071
TLF22,Leicestershire CC and Rutland,2014,15736,17865
TLF22,Leicestershire CC and Rutland,2015,16342,18499
TLF22,Leicestershire CC and Rutland,2016,16790,19066
TLF22,Leicestershire CC and Rutland,2017,17366,19744
TLF22,Leicestershire CC and Rutland,2018,18069,20482
TLF22,Leicestershire CC and Rutland,2019,18441,20964
TLF22,Leicestershire CC and Rutland,2020,17307,19424
TLF22,Leicestershire CC and Rutland,2021,19365,21941
TLF22,Leicestershire CC and Rutland,2022,21471,24121
TLF22,Leicestershire CC and Rutland,2023,24105,26678
TLF24,West Northamptonshire,1998,5334,5969
TLF24,West Northamptonshire,1999,5423,6107
TLF24,West Northamptonshire,2000,5808,6531
TLF24,West Northamptonshire,2001,6019,6750
TLF24,West Northamptonshire,2002,6219,6976
TLF24,West Northamptonshire,2003,6506,7300
TLF24,West Northamptonshire,2004,6843,7680
TLF24,West Northamptonshire,2005,7228,8087
TLF24,West Northamptonshire,2006,7865,8769
TLF24,West Northamptonshire,2007,8371,9296
TLF24,West Northamptonshire,2008,8703,9594
TLF24,West Northamptonshire,2009,8417,9244
TLF24,West Northamptonshire,2010,8746,9716
TLF24,West Northamptonshire,2011,8849,9900
TLF24,West Northamptonshire,2012,8993,10023
TLF24,West Northamptonshire,2013,9558,10706
TLF24,West Northamptonshire,2014,9964,11219
TLF24,West Northamptonshire,2015,10357,11656
TLF24,West Northamptonshire,2016,10767,12169
TLF24,West Northamptonshire,2017,11444,12901
TLF24,West Northamptonshire,2018,12242,13726
TLF24,West Northamptonshire,2019,12698,14271
TLF24,West Northamptonshire,2020,12168,13505
TLF24,West Northamptonshire,2021,13404,15098
TLF24,West Northamptonshire,2022,14634,16308
TLF24,West Northamptonshire,2023,15792,17434
TLF25,North Northamptonshire,1998,3625,4076
TLF25,North Northamptonshire,1999,3721,4206
TLF25,North Northamptonshire,2000,3891,4400
TLF25,North Northamptonshire,2001,3961,4486
TLF25,North Northamptonshire,2002,3993,4538
TLF25,North Northamptonshire,2003,4240,4818
TLF25,North Northamptonshire,2004,4428,5036
TLF25,North Northamptonshire,2005,4586,5208
TLF25,North Northamptonshire,2006,4815,5466
TLF25,North Northamptonshire,2007,5077,5743
TLF25,North Northamptonshire,2008,5294,5959
TLF25,North Northamptonshire,2009,5072,5685
TLF25,North Northamptonshire,2010,5304,6026
TLF25,North Northamptonshire,2011,5208,6003
TLF25,North Northamptonshire,2012,5538,6312
TLF25,North Northamptonshire,2013,5713,6563
TLF25,North Northamptonshire,2014,5998,6906
TLF25,North Northamptonshire,2015,6210,7134
TLF25,North Northamptonshire,2016,6381,7363
TLF25,North Northamptonshire,2017,6523,7554
TLF25,North Northamptonshire,2018,6843,7879
TLF25,North Northamptonshire,2019,7110,8209
TLF25,North Northamptonshire,2020,6823,7791
TLF25,North Northamptonshire,2021,7483,8631
TLF25,North Northamptonshire,2022,8175,9335
TLF25,North Northamptonshire,2023,8806,9936
TLF30,Lincolnshire CC,1998,7750,8430
TLF30,Lincolnshire CC,1999,7864,8623
TLF30,Lincolnshire CC,2000,8238,9060
TLF30,Lincolnshire CC,2001,8822,9718
TLF30,Lincolnshire CC,2002,9291,10257
TLF30,Lincolnshire CC,2003,9814,10833
TLF30,Lincolnshire CC,2004,9735,10768
TLF30,Lincolnshire CC,2005,9949,11230
TLF30,Lincolnshire CC,2006,10646,11987
TLF30,Lincolnshire CC,2007,11207,12567
TLF30,Lincolnshire CC,2008,11872,13224
TLF30,Lincolnshire CC,2009,11494,12728
TLF30,Lincolnshire CC,2010,11627,13163
TLF30,Lincolnshire CC,2011,11818,13522
TLF30,Lincolnshire CC,2012,12369,14091
TLF30,Lincolnshire CC,2013,13012,14862
TLF30,Lincolnshire CC,2014,13396,15434
TLF30,Lincolnshire CC,2015,13613,15703
TLF30,Lincolnshire CC,2016,13793,15966
TLF30,Lincolnshire CC,2017,14696,17028
TLF30,Lincolnshire CC,2018,15225,17806
TLF30,Lincolnshire CC,2019,15982,18767
TLF30,Lincolnshire CC,2020,15502,17871
TLF30,Lincolnshire CC,2021,16764,19432
TLF30,Lincolnshire CC,2022,17542,20608
TLF30,Lincolnshire CC,2023,19055,22024
TLG11,"Herefordshire, County of",1998,2165,2400
TLG11,"Herefordshire, County of",1999,2277,2531
TLG11,"Herefordshire, County of",2000,2386,2660
TLG11,"Herefordshire, County of",2001,2407,2696
TLG11,"Herefordshire, County of",2002,2534,2829
TLG11,"Herefordshire, County of",2003,2606,2914
TLG11,"Herefordshire, County of",2004,2591,2904
TLG11,"Herefordshire, County of",2005,2614,2992
TLG11,"Herefordshire, County of",2006,2712,3104
TLG11,"Herefordshire, County of",2007,2777,3192
TLG11,"Herefordshire, County of",2008,2938,3361
TLG11,"Herefordshire, County of",2009,2832,3222
TLG11,"Herefordshire, County of",2010,2846,3287
TLG11,"Herefordshire, County of",2011,2996,3485
TLG11,"Herefordshire, County of",2012,3106,3604
TLG11,"Herefordshire, County of",2013,3235,3765
TLG11,"Herefordshire, County of",2014,3412,3966
TLG11,"Herefordshire, County of",2015,3511,4065
TLG11,"Herefordshire, County of",2016,3534,4130
TLG11,"Herefordshire, County of",2017,3679,4317
TLG11,"Herefordshire, County of",2018,3886,4512
TLG11,"Herefordshire, County of",2019,4043,4653
TLG11,"Herefordshire, County of",2020,3898,4397
TLG11,"Herefordshire, County of",2021,4141,4754
TLG11,"Herefordshire, County of",2022,4532,5251
TLG11,"Herefordshire, County of",2023,4927,5645
TLG12,Worcestershire CC,1998,6818,7757
TLG12,Worcestershire CC,1999,7130,8141
TLG12,Worcestershire CC,2000,7477,8524
TLG12,Worcestershire CC,2001,7644,8704
TLG12,Worcestershire CC,2002,7803,8897
TLG12,Worcestershire CC,2003,8295,9439
TLG12,Worcestershire CC,2004,8798,10001
TLG12,Worcestershire CC,2005,9051,10304
TLG12,Worcestershire CC,2006,9678,10985
TLG12,Worcestershire CC,2007,9625,11005
TLG12,Worcestershire CC,2008,10087,11479
TLG12,Worcestershire CC,2009,9962,11264
TLG12,Worcestershire CC,2010,10215,11685
TLG12,Worcestershire CC,2011,10773,12391
TLG12,Worcestershire CC,2012,11428,13069
TLG12,Worcestershire CC,2013,11846,13589
TLG12,Worcestershire CC,2014,12444,14259
TLG12,Worcestershire CC,2015,12625,14465
TLG12,Worcestershire CC,2016,12663,14643
TLG12,Worcestershire CC,2017,13542,15651
TLG12,Worcestershire CC,2018,14055,16127
TLG12,Worcestershire CC,2019,14439,16487
TLG12,Worcestershire CC,2020,14015,15846
TLG12,Worcestershire CC,2021,14371,16607
TLG12,Worcestershire CC,2022,16042,18593
TLG12,Worcestershire CC,2023,17517,20050
TLG13,Warwickshire CC,1998,7860,8851
TLG13,Warwickshire CC,1999,8452,9516
TLG13,Warwickshire CC,2000,8819,9921
TLG13,Warwickshire CC,2001,8959,10073
TLG13,Warwickshire CC,2002,9267,10416
TLG13,Warwickshire CC,2003,9840,11041
TLG13,Warwickshire CC,2004,10266,11532
TLG13,Warwickshire CC,2005,10841,12163
TLG13,Warwickshire CC,2006,11464,12859
TLG13,Warwickshire CC,2007,11669,13141
TLG13,Warwickshire CC,2008,12144,13625
TLG13,Warwickshire CC,2009,11591,12976
TLG13,Warwickshire CC,2010,12061,13642
TLG13,Warwickshire CC,2011,12667,14395
TLG13,Warwickshire CC,2012,13516,15288
TLG13,Warwickshire CC,2013,14619,16537
TLG13,Warwickshire CC,2014,15490,17543
TLG13,Warwickshire CC,2015,16509,18611
TLG13,Warwickshire CC,2016,16885,19169
TLG13,Warwickshire CC,2017,18810,21300
TLG13,Warwickshire CC,2018,19357,21796
TLG13,Warwickshire CC,2019,19505,21913
TLG13,Warwickshire CC,2020,18286,20504
TLG13,Warwickshire CC,2021,18855,21444
TLG13,Warwickshire CC,2022,21714,24764
TLG13,Warwickshire CC,2023,25167,28122
TLG21,Telford and Wrekin,1998,2321,2584
TLG21,Telford and Wrekin,1999,2402,2686
TLG21,Telford and Wrekin,2000,2419,2715
TLG21,Telford and Wrekin,2001,2559,2863
TLG21,Telford and Wrekin,2002,2631,2947
TLG21,Telford and Wrekin,2003,2739,3073
TLG21,Telford and Wrekin,2004,2892,3239
TLG21,Telford and Wrekin,2005,2980,3339
TLG21,Telford and Wrekin,2006,3075,3451
TLG21,Telford and Wrekin,2007,3135,3532
TLG21,Telford and Wrekin,2008,3243,3647
TLG21,Telford and Wrekin,2009,3142,3516
TLG21,Telford and Wrekin,2010,3203,3628
TLG21,Telford and Wrekin,2011,3313,3787
TLG21,Telford and Wrekin,2012,3427,3908
TLG21,Telford and Wrekin,2013,3578,4090
TLG21,Telford and Wrekin,2014,3672,4194
TLG21,Telford and Wrekin,2015,3726,4253
TLG21,Telford and Wrekin,2016,4098,4637
TLG21,Telford and Wrekin,2017,4266,4813
TLG21,Telford and Wrekin,2018,4419,4973
TLG21,Telford and Wrekin,2019,4662,5248
TLG21,Telford and Wrekin,2020,4725,5258
TLG21,Telford and Wrekin,2021,5341,5935
TLG21,Telford and Wrekin,2022,5575,6208
TLG21,Telford and Wrekin,2023,5793,6400
TLG22,Shropshire,1998,3341,3773
TLG22,Shropshire,1999,3390,3857
TLG22,Shropshire,2000,3488,3987
TLG22,Shropshire,2001,3640,4153
TLG22,Shropshire,2002,3872,4400
TLG22,Shropshire,2003,4089,4648
TLG22,Shropshire,2004,4293,4867
TLG22,Shropshire,2005,4461,5102
TLG22,Shropshire,2006,4605,5283
TLG22,Shropshire,2007,4718,5435
TLG22,Shropshire,2008,5022,5743
TLG22,Shropshire,2009,4803,5473
TLG22,Shropshire,2010,4897,5655
TLG22,Shropshire,2011,5019,5858
TLG22,Shropshire,2012,5122,5974
TLG22,Shropshire,2013,5333,6251
TLG22,Shropshire,2014,5546,6489
TLG22,Shropshire,2015,5625,6568
TLG22,Shropshire,2016,5834,6801
TLG22,Shropshire,2017,5987,6967
TLG22,Shropshire,2018,6284,7278
TLG22,Shropshire,2019,6351,7378
TLG22,Shropshire,2020,6129,7003
TLG22,Shropshire,2021,7001,7990
TLG22,Shropshire,2022,7419,8462
TLG22,Shropshire,2023,7987,8992
TLG23,Stoke-on-Trent,1998,2792,3179
TLG23,Stoke-on-Trent,1999,2798,3211
TLG23,Stoke-on-Trent,2000,2851,3276
TLG23,Stoke-on-Trent,2001,2935,3370
TLG23,Stoke-on-Trent,2002,3080,3536
TLG23,Stoke-on-Trent,2003,3250,3732
TLG23,Stoke-on-Trent,2004,3495,4000
TLG23,Stoke-on-Trent,2005,3673,4184
TLG23,Stoke-on-Trent,2006,3828,4366
TLG23,Stoke-on-Trent,2007,3960,4527
TLG23,Stoke-on-Trent,2008,4224,4805
TLG23,Stoke-on-Trent,2009,4175,4716
TLG23,Stoke-on-Trent,2010,4219,4831
TLG23,Stoke-on-Trent,2011,4367,5042
TLG23,Stoke-on-Trent,2012,4496,5181
TLG23,Stoke-on-Trent,2013,4653,5395
TLG23,Stoke-on-Trent,2014,4718,5479
TLG23,Stoke-on-Trent,2015,4847,5602
TLG23,Stoke-on-Trent,2016,4878,5621
TLG23,Stoke-on-Trent,2017,5246,5988
TLG23,Stoke-on-Trent,2018,5620,6371
TLG23,Stoke-on-Trent,2019,5806,6591
TLG23,Stoke-on-Trent,2020,5742,6460
TLG23,Stoke-on-Trent,2021,6387,7167
TLG23,Stoke-on-Trent,2022,6349,7160
TLG23,Stoke-on-Trent,2023,7020,7798
TLG24,Staffordshire CC,1998,9905,11351
TLG24,Staffordshire CC,1999,10017,11567
TLG24,Staffordshire CC,2000,10237,11854
TLG24,Staffordshire CC,2001,10623,12258
TLG24,Staffordshire CC,2002,11246,12944
TLG24,Staffordshire CC,2003,11849,13643
TLG24,Staffordshire CC,2004,12543,14406
TLG24,Staffordshire CC,2005,13058,14996
TLG24,Staffordshire CC,2006,13427,15475
TLG24,Staffordshire CC,2007,13723,15878
TLG24,Staffordshire CC,2008,14367,16517
TLG24,Staffordshire CC,2009,13525,15528
TLG24,Staffordshire CC,2010,14116,16370
TLG24,Staffordshire CC,2011,14539,17019
TLG24,Staffordshire CC,2012,14713,17210
TLG24,Staffordshire CC,2013,15244,17914
TLG24,Staffordshire CC,2014,15789,18509
TLG24,Staffordshire CC,2015,16533,19254
TLG24,Staffordshire CC,2016,17049,19847
TLG24,Staffordshire CC,2017,17834,20654
TLG24,Staffordshire CC,2018,18393,21172
TLG24,Staffordshire CC,2019,18989,21871
TLG24,Staffordshire CC,2020,17946,20505
TLG24,Staffordshire CC,2021,20726,23595
TLG24,Staffordshire CC,2022,21213,24210
TLG24,Staffordshire CC,2023,22837,25758
TLG31,Birmingham,1998,13640,14976
TLG31,Birmingham,1999,14052,15501
TLG31,Birmingham,2000,14449,15940
TLG31,Birmingham,2001,15293,16762
TLG31,Birmingham,2002,15911,17388
TLG31,Birmingham,2003,16834,18401
TLG31,Birmingham,2004,17769,19598
TLG31,Birmingham,2005,18714,20592
TLG31,Birmingham,2006,19185,21156
TLG31,Birmingham,2007,20129,22254
TLG31,Birmingham,2008,20507,22621
TLG31,Birmingham,2009,20326,22264
TLG31,Birmingham,2010,20952,23109
TLG31,Birmingham,2011,21332,23741
TLG31,Birmingham,2012,21812,24321
TLG31,Birmingham,2013,22982,25485
TLG31,Birmingham,2014,23927,26534
TLG31,Birmingham,2015,24736,27405
TLG31,Birmingham,2016,26003,28791
TLG31,Birmingham,2017,26693,29522
TLG31,Birmingham,2018,27784,30739
TLG31,Birmingham,2019,28374,31496
TLG31,Birmingham,2020,26806,29560
TLG31,Birmingham,2021,29031,32280
TLG31,Birmingham,2022,31839,35353
TLG31,Birmingham,2023,35427,38902
TLG32,Solihull,1998,4194,4557
TLG32,Solihull,1999,4243,4631
TLG32,Solihull,2000,4478,4877
TLG32,Solihull,2001,4697,5108
TLG32,Solihull,2002,4751,5179
TLG32,Solihull,2003,4919,5369
TLG32,Solihull,2004,5028,5508
TLG32,Solihull,2005,5251,5742
TLG32,Solihull,2006,5345,5866
TLG32,Solihull,2007,5523,6099
TLG32,Solihull,2008,5529,6086
TLG32,Solihull,2009,5183,5692
TLG32,Solihull,2010,5611,6169
TLG32,Solihull,2011,5768,6373
TLG32,Solihull,2012,6061,6683
TLG32,Solihull,2013,6368,6966
TLG32,Solihull,2014,6708,7339
TLG32,Solihull,2015,7381,8035
TLG32,Solihull,2016,8372,9063
TLG32,Solihull,2017,9154,9887
TLG32,Solihull,2018,9415,10184
TLG32,Solihull,2019,9680,10506
TLG32,Solihull,2020,8416,9075
TLG32,Solihull,2021,8736,9541
TLG32,Solihull,2022,9833,10783
TLG32,Solihull,2023,10722,11614
TLG33,Coventry,1998,4947,5385
TLG33,Coventry,1999,5056,5529
TLG33,Coventry,2000,5192,5686
TLG33,Coventry,2001,5439,5938
TLG33,Coventry,2002,5523,6033
TLG33,Coventry,2003,5769,6308
TLG33,Coventry,2004,6033,6599
TLG33,Coventry,2005,6395,6972
TLG33,Coventry,2006,6469,7075
TLG33,Coventry,2007,6812,7459
TLG33,Coventry,2008,7076,7729
TLG33,Coventry,2009,7067,7675
TLG33,Coventry,2010,7438,8106
TLG33,Coventry,2011,7581,8319
TLG33,Coventry,2012,7736,8499
TLG33,Coventry,2013,7957,8737
TLG33,Coventry,2014,8586,9395
TLG33,Coventry,2015,9128,9969
TLG33,Coventry,2016,10016,10919
TLG33,Coventry,2017,9861,10752
TLG33,Coventry,2018,10003,10937
TLG33,Coventry,2019,10191,11191
TLG33,Coventry,2020,9453,10328
TLG33,Coventry,2021,10120,11147
TLG33,Coventry,2022,10807,11902
TLG33,Coventry,2023,11804,12884
TLG36,Dudley,1998,3241,3666
TLG36,Dudley,1999,3341,3797
TLG36,Dudley,2000,3394,3865
TLG36,Dudley,2001,3557,4040
TLG36,Dudley,2002,3665,4164
TLG36,Dudley,2003,3726,4256
TLG36,Dudley,2004,3862,4417
TLG36,Dudley,2005,3995,4559
TLG36,Dudley,2006,4104,4694
TLG36,Dudley,2007,4269,4895
TLG36,Dudley,2008,4293,4925
TLG36,Dudley,2009,4033,4615
TLG36,Dudley,2010,4175,4814
TLG36,Dudley,2011,4265,4964
TLG36,Dudley,2012,4447,5165
TLG36,Dudley,2013,4568,5282
TLG36,Dudley,2014,4681,5420
TLG36,Dudley,2015,4719,5471
TLG36,Dudley,2016,4907,5669
TLG36,Dudley,2017,5113,5890
TLG36,Dudley,2018,5171,5988
TLG36,Dudley,2019,5296,6168
TLG36,Dudley,2020,4916,5699
TLG36,Dudley,2021,5417,6339
TLG36,Dudley,2022,5867,6850
TLG36,Dudley,2023,6154,7111
TLG37,Sandwell,1998,3676,4097
TLG37,Sandwell,1999,3713,4159
TLG37,Sandwell,2000,3744,4204
TLG37,Sandwell,2001,3833,4299
TLG37,Sandwell,2002,3992,4470
TLG37,Sandwell,2003,4160,4668
TLG37,Sandwell,2004,4274,4817
TLG37,Sandwell,2005,4426,4980
TLG37,Sandwell,2006,4613,5192
TLG37,Sandwell,2007,4649,5264
TLG37,Sandwell,2008,4724,5348
TLG37,Sandwell,2009,4625,5209
TLG37,Sandwell,2010,4685,5333
TLG37,Sandwell,2011,4647,5363
TLG37,Sandwell,2012,4819,5561
TLG37,Sandwell,2013,5024,5760
TLG37,Sandwell,2014,5475,6236
TLG37,Sandwell,2015,5672,6455
TLG37,Sandwell,2016,5950,6760
TLG37,Sandwell,2017,6250,7082
TLG37,Sandwell,2018,6467,7340
TLG37,Sandwell,2019,6415,7344
TLG37,Sandwell,2020,6244,7086
TLG37,Sandwell,2021,6378,7378
TLG37,Sandwell,2022,6720,7773
TLG37,Sandwell,2023,7306,8346
TLG38,Walsall,1998,2635,3003
TLG38,Walsall,1999,2693,3089
TLG38,Walsall,2000,2729,3138
TLG38,Walsall,2001,2806,3221
TLG38,Walsall,2002,2884,3313
TLG38,Walsall,2003,3004,3460
TLG38,Walsall,2004,3143,3622
TLG38,Walsall,2005,3283,3772
TLG38,Walsall,2006,3337,3850
TLG38,Walsall,2007,3449,3992
TLG38,Walsall,2008,3509,4051
TLG38,Walsall,2009,3309,3810
TLG38,Walsall,2010,3466,4021
TLG38,Walsall,2011,3665,4276
TLG38,Walsall,2012,3816,4444
TLG38,Walsall,2013,4080,4698
TLG38,Walsall,2014,4359,4997
TLG38,Walsall,2015,4444,5091
TLG38,Walsall,2016,4672,5344
TLG38,Walsall,2017,4739,5430
TLG38,Walsall,2018,4721,5447
TLG38,Walsall,2019,4686,5454
TLG38,Walsall,2020,4291,4985
TLG38,Walsall,2021,4784,5592
TLG38,Walsall,2022,5073,5930
TLG38,Walsall,2023,5506,6348
TLG39,Wolverhampton,1998,3011,3319
TLG39,Wolverhampton,1999,3125,3458
TLG39,Wolverhampton,2000,3215,3554
TLG39,Wolverhampton,2001,3374,3705
TLG39,Wolverhampton,2002,3509,3838
TLG39,Wolverhampton,2003,3626,3976
TLG39,Wolverhampton,2004,3731,4154
TLG39,Wolverhampton,2005,3918,4348
TLG39,Wolverhampton,2006,4034,4482
TLG39,Wolverhampton,2007,4164,4648
TLG39,Wolverhampton,2008,4255,4736
TLG39,Wolverhampton,2009,4035,4472
TLG39,Wolverhampton,2010,4117,4605
TLG39,Wolverhampton,2011,4269,4816
TLG39,Wolverhampton,2012,4235,4809
TLG39,Wolverhampton,2013,4295,4865
TLG39,Wolverhampton,2014,4377,4966
TLG39,Wolverhampton,2015,4219,4826
TLG39,Wolverhampton,2016,4535,5165
TLG39,Wolverhampton,2017,4867,5503
TLG39,Wolverhampton,2018,5138,5804
TLG39,Wolverhampton,2019,5273,5986
TLG39,Wolverhampton,2020,4925,5554
TLG39,Wolverhampton,2021,5489,6246
TLG39,Wolverhampton,2022,5977,6799
TLG39,Wolverhampton,2023,6440,7240
TLH21,Luton,1998,2828,3142
TLH21,Luton,1999,2934,3273
TLH21,Luton,2000,3196,3559
TLH21,Luton,2001,3362,3724
TLH21,Luton,2002,3450,3822
TLH21,Luton,2003,3610,4003
TLH21,Luton,2004,3642,4060
TLH21,Luton,2005,3789,4221
TLH21,Luton,2006,3911,4360
TLH21,Luton,2007,4134,4641
TLH21,Luton,2008,4363,4860
TLH21,Luton,2009,4071,4523
TLH21,Luton,2010,4103,4620
TLH21,Luton,2011,4096,4681
TLH21,Luton,2012,4250,4848
TLH21,Luton,2013,4704,5349
TLH21,Luton,2014,5229,5923
TLH21,Luton,2015,5446,6216
TLH21,Luton,2016,5532,6328
TLH21,Luton,2017,5830,6666
TLH21,Luton,2018,5904,6747
TLH21,Luton,2019,6141,7024
TLH21,Luton,2020,5258,5910
TLH21,Luton,2021,5534,6314
TLH21,Luton,2022,6150,7103
TLH21,Luton,2023,6639,7654
TLH24,Bedford,1998,2051,2271
TLH24,Bedford,1999,2155,2392
TLH24,Bedford,2000,2255,2501
TLH24,Bedford,2001,2363,2631
TLH24,Bedford,2002,2461,2745
TLH24,Bedford,2003,2592,2891
TLH24,Bedford,2004,2664,2987
TLH24,Bedford,2005,2875,3211
TLH24,Bedford,2006,2966,3310
TLH24,Bedford,2007,3069,3426
TLH24,Bedford,2008,3232,3584
TLH24,Bedford,2009,3128,3447
TLH24,Bedford,2010,3085,3458
TLH24,Bedford,2011,3051,3474
TLH24,Bedford,2012,3131,3562
TLH24,Bedford,2013,3230,3699
TLH24,Bedford,2014,3439,3950
TLH24,Bedford,2015,3560,4127
TLH24,Bedford,2016,3683,4274
TLH24,Bedford,2017,3978,4597
TLH24,Bedford,2018,4019,4653
TLH24,Bedford,2019,4238,4887
TLH24,Bedford,2020,3891,4451
TLH24,Bedford,2021,4317,5001
TLH24,Bedford,2022,4807,5521
TLH24,Bedford,2023,5151,5847
TLH25,Central Bedfordshire,1998,2890,3272
TLH25,Central Bedfordshire,1999,3009,3418
TLH25,Central Bedfordshire,2000,3199,3633
TLH25,Central Bedfordshire,2001,3313,3763
TLH25,Central Bedfordshire,2002,3470,3937
TLH25,Central Bedfordshire,2003,3603,4108
TLH25,Central Bedfordshire,2004,3643,4193
TLH25,Central Bedfordshire,2005,3845,4421
TLH25,Central Bedfordshire,2006,3903,4494
TLH25,Central Bedfordshire,2007,4049,4638
TLH25,Central Bedfordshire,2008,4241,4821
TLH25,Central Bedfordshire,2009,4065,4583
TLH25,Central Bedfordshire,2010,4134,4749
TLH25,Central Bedfordshire,2011,4215,4924
TLH25,Central Bedfordshire,2012,4367,5098
TLH25,Central Bedfordshire,2013,4688,5462
TLH25,Central Bedfordshire,2014,4963,5783
TLH25,Central Bedfordshire,2015,5138,6042
TLH25,Central Bedfordshire,2016,5516,6454
TLH25,Central Bedfordshire,2017,5999,6979
TLH25,Central Bedfordshire,2018,6070,7065
TLH25,Central Bedfordshire,2019,6015,7036
TLH25,Central Bedfordshire,2020,5459,6327
TLH25,Central Bedfordshire,2021,5955,7040
TLH25,Central Bedfordshire,2022,6592,7740
TLH25,Central Bedfordshire,2023,7358,8521
TLH26,North and East Hertfordshire,1998,8922,9734
TLH26,North and East Hertfordshire,1999,9635,10508
TLH26,North and East Hertfordshire,2000,10131,11021
TLH26,North and East Hertfordshire,2001,10526,11446
TLH26,North and East Hertfordshire,2002,10851,11819
TLH26,North and East Hertfordshire,2003,11511,12529
TLH26,North and East Hertfordshire,2004,11836,12949
TLH26,North and East Hertfordshire,2005,12920,14077
TLH26,North and East Hertfordshire,2006,13390,14608
TLH26,North and East Hertfordshire,2007,13937,15215
TLH26,North and East Hertfordshire,2008,14962,16217
TLH26,North and East Hertfordshire,2009,14156,15300
TLH26,North and East Hertfordshire,2010,13729,15062
TLH26,North and East Hertfordshire,2011,13376,14899
TLH26,North and East Hertfordshire,2012,13466,15024
TLH26,North and East Hertfordshire,2013,14191,15830
TLH26,North and East Hertfordshire,2014,15006,16753
TLH26,North and East Hertfordshire,2015,15128,17026
TLH26,North and East Hertfordshire,2016,15580,17568
TLH26,North and East Hertfordshire,2017,16495,18594
TLH26,North and East Hertfordshire,2018,16995,19081
TLH26,North and East Hertfordshire,2019,18207,20336
TLH26,North and East Hertfordshire,2020,17740,19571
TLH26,North and East Hertfordshire,2021,19370,21623
TLH26,North and East Hertfordshire,2022,20035,22414
TLH26,North and East Hertfordshire,2023,22439,24747
TLH27,South West Hertfordshire,1998,9623,10597
TLH27,South West Hertfordshire,1999,10064,11114
TLH27,South West Hertfordshire,2000,10573,11684
TLH27,South West Hertfordshire,2001,11137,12274
TLH27,South West Hertfordshire,2002,11539,12720
TLH27,South West Hertfordshire,2003,12258,13510
TLH27,South West Hertfordshire,2004,12886,14241
TLH27,South West Hertfordshire,2005,13626,15033
TLH27,South West Hertfordshire,2006,13857,15336
TLH27,South West Hertfordshire,2007,14604,16131
TLH27,South West Hertfordshire,2008,15257,16704
TLH27,South West Hertfordshire,2009,14817,16120
TLH27,South West Hertfordshire,2010,14750,16278
TLH27,South West Hertfordshire,2011,14995,16722
TLH27,South West Hertfordshire,2012,15317,17080
TLH27,South West Hertfordshire,2013,16456,18330
TLH27,South West Hertfordshire,2014,17690,19683
TLH27,South West Hertfordshire,2015,18981,21143
TLH27,South West Hertfordshire,2016,20099,22354
TLH27,South West Hertfordshire,2017,22105,24458
TLH27,South West Hertfordshire,2018,22569,24938
TLH27,South West Hertfordshire,2019,23167,25582
TLH27,South West Hertfordshire,2020,21945,23971
TLH27,South West Hertfordshire,2021,23941,26408
TLH27,South West Hertfordshire,2022,25411,27990
TLH27,South West Hertfordshire,2023,27301,29780
TLH31,Southend-on-Sea,1998,1525,1770
TLH31,Southend-on-Sea,1999,1578,1843
TLH31,Southend-on-Sea,2000,1648,1922
TLH31,Southend-on-Sea,2001,1762,2040
TLH31,Southend-on-Sea,2002,1843,2132
TLH31,Southend-on-Sea,2003,1994,2298
TLH31,Southend-on-Sea,2004,2089,2413
TLH31,Southend-on-Sea,2005,2157,2491
TLH31,Southend-on-Sea,2006,2292,2642
TLH31,Southend-on-Sea,2007,2378,2748
TLH31,Southend-on-Sea,2008,2465,2833
TLH31,Southend-on-Sea,2009,2472,2810
TLH31,Southend-on-Sea,2010,2491,2882
TLH31,Southend-on-Sea,2011,2492,2923
TLH31,Southend-on-Sea,2012,2577,3021
TLH31,Southend-on-Sea,2013,2601,3067
TLH31,Southend-on-Sea,2014,2693,3191
TLH31,Southend-on-Sea,2015,2713,3229
TLH31,Southend-on-Sea,2016,2822,3351
TLH31,Southend-on-Sea,2017,3041,3576
TLH31,Southend-on-Sea,2018,3152,3689
TLH31,Southend-on-Sea,2019,3079,3621
TLH31,Southend-on-Sea,2020,2728,3223
TLH31,Southend-on-Sea,2021,3073,3615
TLH31,Southend-on-Sea,2022,3163,3747
TLH31,Southend-on-Sea,2023,3421,3999
TLH32,Thurrock,1998,2098,2358
TLH32,Thurrock,1999,2067,2344
TLH32,Thurrock,2000,2093,2381
TLH32,Thurrock,2001,2242,2548
TLH32,Thurrock,2002,2269,2586
TLH32,Thurrock,2003,2594,2935
TLH32,Thurrock,2004,2682,3044
TLH32,Thurrock,2005,2841,3216
TLH32,Thurrock,2006,2941,3332
TLH32,Thurrock,2007,3053,3464
TLH32,Thurrock,2008,3102,3514
TLH32,Thurrock,2009,3060,3444
TLH32,Thurrock,2010,3129,3565
TLH32,Thurrock,2011,2977,3449
TLH32,Thurrock,2012,3094,3577
TLH32,Thurrock,2013,3009,3519
TLH32,Thurrock,2014,3240,3793
TLH32,Thurrock,2015,3485,4064
TLH32,Thurrock,2016,3560,4134
TLH32,Thurrock,2017,4030,4609
TLH32,Thurrock,2018,4246,4838
TLH32,Thurrock,2019,4357,4972
TLH32,Thurrock,2020,4122,4682
TLH32,Thurrock,2021,4676,5286
TLH32,Thurrock,2022,5490,6140
TLH32,Thurrock,2023,6041,6685
TLH34,Essex Haven Gateway,1998,4617,5290
TLH34,Essex Haven Gateway,1999,4655,5384
TLH34,Essex Haven Gateway,2000,4919,5686
TLH34,Essex Haven Gateway,2001,5266,6058
TLH34,Essex Haven Gateway,2002,5372,6200
TLH34,Essex Haven Gateway,2003,5870,6755
TLH34,Essex Haven Gateway,2004,6024,6965
TLH34,Essex Haven Gateway,2005,6230,7225
TLH34,Essex Haven Gateway,2006,6448,7485
TLH34,Essex Haven Gateway,2007,6669,7759
TLH34,Essex Haven Gateway,2008,6907,7989
TLH34,Essex Haven Gateway,2009,6729,7725
TLH34,Essex Haven Gateway,2010,6983,8121
TLH34,Essex Haven Gateway,2011,7036,8268
TLH34,Essex Haven Gateway,2012,7263,8538
TLH34,Essex Haven Gateway,2013,7413,8741
TLH34,Essex Haven Gateway,2014,7852,9277
TLH34,Essex Haven Gateway,2015,8401,9918
TLH34,Essex Haven Gateway,2016,9067,10639
TLH34,Essex Haven Gateway,2017,9974,11574
TLH34,Essex Haven Gateway,2018,10155,11760
TLH34,Essex Haven Gateway,2019,10230,11903
TLH34,Essex Haven Gateway,2020,9334,10824
TLH34,Essex Haven Gateway,2021,10539,12223
TLH34,Essex Haven Gateway,2022,11452,13257
TLH34,Essex Haven Gateway,2023,12654,14450
TLH35,West Essex,1998,4157,4688
TLH35,West Essex,1999,4309,4889
TLH35,West Essex,2000,4528,5127
TLH35,West Essex,2001,4836,5453
TLH35,West Essex,2002,5087,5732
TLH35,West Essex,2003,5583,6255
TLH35,West Essex,2004,5731,6453
TLH35,West Essex,2005,5898,6661
TLH35,West Essex,2006,6156,6965
TLH35,West Essex,2007,6390,7280
TLH35,West Essex,2008,6525,7371
TLH35,West Essex,2009,6253,7058
TLH35,West Essex,2010,6523,7447
TLH35,West Essex,2011,6381,7385
TLH35,West Essex,2012,6390,7412
TLH35,West Essex,2013,6602,7678
TLH35,West Essex,2014,6783,7958
TLH35,West Essex,2015,7277,8487
TLH35,West Essex,2016,7751,8995
TLH35,West Essex,2017,8362,9618
TLH35,West Essex,2018,8643,9897
TLH35,West Essex,2019,8632,9942
TLH35,West Essex,2020,7681,8822
TLH35,West Essex,2021,8783,10070
TLH35,West Essex,2022,9565,11020
TLH35,West Essex,2023,10374,11806
TLH36,Heart of Essex,1998,4471,4976
TLH36,Heart of Essex,1999,4502,5060
TLH36,Heart of Essex,2000,4788,5382
TLH36,Heart of Essex,2001,5192,5796
TLH36,Heart of Essex,2002,5327,5954
TLH36,Heart of Essex,2003,5786,6449
TLH36,Heart of Essex,2004,5875,6588
TLH36,Heart of Essex,2005,6050,6798
TLH36,Heart of Essex,2006,6315,7119
TLH36,Heart of Essex,2007,6563,7424
TLH36,Heart of Essex,2008,6671,7479
TLH36,Heart of Essex,2009,6613,7363
TLH36,Heart of Essex,2010,6734,7595
TLH36,Heart of Essex,2011,6751,7676
TLH36,Heart of Essex,2012,6939,7874
TLH36,Heart of Essex,2013,7114,8097
TLH36,Heart of Essex,2014,7803,8875
TLH36,Heart of Essex,2015,8159,9275
TLH36,Heart of Essex,2016,8374,9552
TLH36,Heart of Essex,2017,8976,10230
TLH36,Heart of Essex,2018,9350,10613
TLH36,Heart of Essex,2019,9721,11036
TLH36,Heart of Essex,2020,8921,10070
TLH36,Heart of Essex,2021,9932,11253
TLH36,Heart of Essex,2022,10967,12433
TLH36,Heart of Essex,2023,11619,12977
TLH37,Essex Thames Gateway,1998,4050,4568
TLH37,Essex Thames Gateway,1999,4081,4643
TLH37,Essex Thames Gateway,2000,4387,4974
TLH37,Essex Thames Gateway,2001,4633,5237
TLH37,Essex Thames Gateway,2002,4739,5367
TLH37,Essex Thames Gateway,2003,5143,5811
TLH37,Essex Thames Gateway,2004,5165,5873
TLH37,Essex Thames Gateway,2005,5357,6087
TLH37,Essex Thames Gateway,2006,5546,6308
TLH37,Essex Thames Gateway,2007,5737,6536
TLH37,Essex Thames Gateway,2008,6061,6854
TLH37,Essex Thames Gateway,2009,5679,6408
TLH37,Essex Thames Gateway,2010,5977,6810
TLH37,Essex Thames Gateway,2011,6009,6912
TLH37,Essex Thames Gateway,2012,6332,7263
TLH37,Essex Thames Gateway,2013,6712,7680
TLH37,Essex Thames Gateway,2014,6987,8025
TLH37,Essex Thames Gateway,2015,6994,8079
TLH37,Essex Thames Gateway,2016,7328,8432
TLH37,Essex Thames Gateway,2017,7660,8767
TLH37,Essex Thames Gateway,2018,7959,9076
TLH37,Essex Thames Gateway,2019,8395,9583
TLH37,Essex Thames Gateway,2020,8126,9229
TLH37,Essex Thames Gateway,2021,8906,10119
TLH37,Essex Thames Gateway,2022,10048,11354
TLH37,Essex Thames Gateway,2023,10690,11979
TLH41,Peterborough,1998,3236,3503
TLH41,Peterborough,1999,3380,3669
TLH41,Peterborough,2000,3403,3703
TLH41,Peterborough,2001,3573,3883
TLH41,Peterborough,2002,3659,3982
TLH41,Peterborough,2003,3799,4141
TLH41,Peterborough,2004,4076,4446
TLH41,Peterborough,2005,4538,4925
TLH41,Peterborough,2006,5039,5447
TLH41,Peterborough,2007,5115,5545
TLH41,Peterborough,2008,5036,5461
TLH41,Peterborough,2009,4651,5043
TLH41,Peterborough,2010,4760,5211
TLH41,Peterborough,2011,4902,5401
TLH41,Peterborough,2012,5055,5570
TLH41,Peterborough,2013,5050,5585
TLH41,Peterborough,2014,5440,6008
TLH41,Peterborough,2015,5317,5917
TLH41,Peterborough,2016,5701,6347
TLH41,Peterborough,2017,6310,6989
TLH41,Peterborough,2018,6784,7482
TLH41,Peterborough,2019,6445,7181
TLH41,Peterborough,2020,6346,7002
TLH41,Peterborough,2021,6827,7559
TLH41,Peterborough,2022,7098,7917
TLH41,Peterborough,2023,7957,8766
TLH42,Cambridgeshire CC,1998,8823,9661
TLH42,Cambridgeshire CC,1999,9226,10144
TLH42,Cambridgeshire CC,2000,9705,10666
TLH42,Cambridgeshire CC,2001,10248,11266
TLH42,Cambridgeshire CC,2002,10804,11866
TLH42,Cambridgeshire CC,2003,11323,12433
TLH42,Cambridgeshire CC,2004,11725,12901
TLH42,Cambridgeshire CC,2005,12274,13619
TLH42,Cambridgeshire CC,2006,13152,14566
TLH42,Cambridgeshire CC,2007,13708,15201
TLH42,Cambridgeshire CC,2008,14290,15773
TLH42,Cambridgeshire CC,2009,14311,15678
TLH42,Cambridgeshire CC,2010,14773,16335
TLH42,Cambridgeshire CC,2011,15076,16797
TLH42,Cambridgeshire CC,2012,15767,17529
TLH42,Cambridgeshire CC,2013,16227,18019
TLH42,Cambridgeshire CC,2014,16787,18648
TLH42,Cambridgeshire CC,2015,17511,19432
TLH42,Cambridgeshire CC,2016,18167,20223
TLH42,Cambridgeshire CC,2017,19121,21297
TLH42,Cambridgeshire CC,2018,19426,21644
TLH42,Cambridgeshire CC,2019,20721,23024
TLH42,Cambridgeshire CC,2020,20896,22895
TLH42,Cambridgeshire CC,2021,21882,24143
TLH42,Cambridgeshire CC,2022,23598,26208
TLH42,Cambridgeshire CC,2023,26128,28662
TLH51,Norwich and East Norfolk,1998,4009,4512
TLH51,Norwich and East Norfolk,1999,4127,4679
TLH51,Norwich and East Norfolk,2000,4386,4981
TLH51,Norwich and East Norfolk,2001,4614,5214
TLH51,Norwich and East Norfolk,2002,4854,5471
TLH51,Norwich and East Norfolk,2003,5144,5796
TLH51,Norwich and East Norfolk,2004,5374,6070
TLH51,Norwich and East Norfolk,2005,5663,6393
TLH51,Norwich and East Norfolk,2006,6181,6950
TLH51,Norwich and East Norfolk,2007,6410,7213
TLH51,Norwich and East Norfolk,2008,6725,7522
TLH51,Norwich and East Norfolk,2009,6939,7672
TLH51,Norwich and East Norfolk,2010,6965,7811
TLH51,Norwich and East Norfolk,2011,6999,7927
TLH51,Norwich and East Norfolk,2012,7424,8363
TLH51,Norwich and East Norfolk,2013,7844,8822
TLH51,Norwich and East Norfolk,2014,8043,9060
TLH51,Norwich and East Norfolk,2015,8203,9246
TLH51,Norwich and East Norfolk,2016,8324,9442
TLH51,Norwich and East Norfolk,2017,8992,10167
TLH51,Norwich and East Norfolk,2018,8726,9935
TLH51,Norwich and East Norfolk,2019,9924,11120
TLH51,Norwich and East Norfolk,2020,9255,10263
TLH51,Norwich and East Norfolk,2021,10023,11147
TLH51,Norwich and East Norfolk,2022,10923,12223
TLH51,Norwich and East Norfolk,2023,12139,13412
TLH52,North and West Norfolk,1998,2580,2897
TLH52,North and West Norfolk,1999,2651,2996
TLH52,North and West Norfolk,2000,2787,3157
TLH52,North and West Norfolk,2001,2868,3260
TLH52,North and West Norfolk,2002,3014,3426
TLH52,North and West Norfolk,2003,3165,3597
TLH52,North and West Norfolk,2004,3189,3639
TLH52,North and West Norfolk,2005,3301,3827
TLH52,North and West Norfolk,2006,3438,3987
TLH52,North and West Norfolk,2007,3543,4111
TLH52,North and West Norfolk,2008,3732,4298
TLH52,North and West Norfolk,2009,3720,4237
TLH52,North and West Norfolk,2010,3738,4325
TLH52,North and West Norfolk,2011,3826,4471
TLH52,North and West Norfolk,2012,3977,4637
TLH52,North and West Norfolk,2013,4090,4763
TLH52,North and West Norfolk,2014,4234,4929
TLH52,North and West Norfolk,2015,4273,4991
TLH52,North and West Norfolk,2016,4398,5159
TLH52,North and West Norfolk,2017,4463,5269
TLH52,North and West Norfolk,2018,4506,5326
TLH52,North and West Norfolk,2019,4641,5490
TLH52,North and West Norfolk,2020,4540,5251
TLH52,North and West Norfolk,2021,4775,5557
TLH52,North and West Norfolk,2022,5075,5961
TLH52,North and West Norfolk,2023,5505,6366
TLH53,Breckland and South Norfolk,1998,2405,2759
TLH53,Breckland and South Norfolk,1999,2539,2926
TLH53,Breckland and South Norfolk,2000,2725,3137
TLH53,Breckland and South Norfolk,2001,2864,3295
TLH53,Breckland and South Norfolk,2002,3011,3464
TLH53,Breckland and South Norfolk,2003,3176,3652
TLH53,Breckland and South Norfolk,2004,3282,3781
TLH53,Breckland and South Norfolk,2005,3417,3971
TLH53,Breckland and South Norfolk,2006,3667,4243
TLH53,Breckland and South Norfolk,2007,3765,4363
TLH53,Breckland and South Norfolk,2008,3887,4486
TLH53,Breckland and South Norfolk,2009,3874,4428
TLH53,Breckland and South Norfolk,2010,3947,4575
TLH53,Breckland and South Norfolk,2011,4058,4748
TLH53,Breckland and South Norfolk,2012,4201,4906
TLH53,Breckland and South Norfolk,2013,4354,5077
TLH53,Breckland and South Norfolk,2014,4550,5296
TLH53,Breckland and South Norfolk,2015,4626,5398
TLH53,Breckland and South Norfolk,2016,4765,5593
TLH53,Breckland and South Norfolk,2017,4886,5774
TLH53,Breckland and South Norfolk,2018,4905,5814
TLH53,Breckland and South Norfolk,2019,5253,6199
TLH53,Breckland and South Norfolk,2020,5328,6129
TLH53,Breckland and South Norfolk,2021,5733,6619
TLH53,Breckland and South Norfolk,2022,6197,7213
TLH53,Breckland and South Norfolk,2023,6918,7934
TLH61,Babergh and Mid Suffolk,1998,2024,2267
TLH61,Babergh and Mid Suffolk,1999,2110,2377
TLH61,Babergh and Mid Suffolk,2000,2240,2526
TLH61,Babergh and Mid Suffolk,2001,2325,2627
TLH61,Babergh and Mid Suffolk,2002,2442,2756
TLH61,Babergh and Mid Suffolk,2003,2526,2856
TLH61,Babergh and Mid Suffolk,2004,2578,2925
TLH61,Babergh and Mid Suffolk,2005,2621,3019
TLH61,Babergh and Mid Suffolk,2006,2756,3173
TLH61,Babergh and Mid Suffolk,2007,2845,3278
TLH61,Babergh and Mid Suffolk,2008,2959,3385
TLH61,Babergh and Mid Suffolk,2009,2899,3289
TLH61,Babergh and Mid Suffolk,2010,2994,3439
TLH61,Babergh and Mid Suffolk,2011,3054,3543
TLH61,Babergh and Mid Suffolk,2012,3141,3642
TLH61,Babergh and Mid Suffolk,2013,3216,3726
TLH61,Babergh and Mid Suffolk,2014,3374,3898
TLH61,Babergh and Mid Suffolk,2015,3450,3995
TLH61,Babergh and Mid Suffolk,2016,3536,4110
TLH61,Babergh and Mid Suffolk,2017,3676,4283
TLH61,Babergh and Mid Suffolk,2018,3783,4407
TLH61,Babergh and Mid Suffolk,2019,4008,4655
TLH61,Babergh and Mid Suffolk,2020,3925,4473
TLH61,Babergh and Mid Suffolk,2021,4197,4803
TLH61,Babergh and Mid Suffolk,2022,4513,5211
TLH61,Babergh and Mid Suffolk,2023,4986,5676
TLH62,Ipswich,1998,2032,2210
TLH62,Ipswich,1999,2131,2323
TLH62,Ipswich,2000,2197,2398
TLH62,Ipswich,2001,2279,2495
TLH62,Ipswich,2002,2341,2569
TLH62,Ipswich,2003,2493,2732
TLH62,Ipswich,2004,2686,2945
TLH62,Ipswich,2005,2975,3243
TLH62,Ipswich,2006,3269,3553
TLH62,Ipswich,2007,3287,3583
TLH62,Ipswich,2008,3260,3550
TLH62,Ipswich,2009,3168,3433
TLH62,Ipswich,2010,3081,3390
TLH62,Ipswich,2011,3101,3442
TLH62,Ipswich,2012,3234,3584
TLH62,Ipswich,2013,3450,3816
TLH62,Ipswich,2014,3659,4059
TLH62,Ipswich,2015,3789,4222
TLH62,Ipswich,2016,4048,4506
TLH62,Ipswich,2017,4105,4580
TLH62,Ipswich,2018,4146,4640
TLH62,Ipswich,2019,4304,4820
TLH62,Ipswich,2020,4169,4686
TLH62,Ipswich,2021,4138,4676
TLH62,Ipswich,2022,4561,5090
TLH62,Ipswich,2023,5423,5928
TLH63,East Suffolk,1998,2704,3034
TLH63,East Suffolk,1999,2822,3177
TLH63,East Suffolk,2000,2993,3365
TLH63,East Suffolk,2001,3078,3470
TLH63,East Suffolk,2002,3236,3643
TLH63,East Suffolk,2003,3427,3857
TLH63,East Suffolk,2004,3533,3994
TLH63,East Suffolk,2005,3724,4220
TLH63,East Suffolk,2006,3888,4408
TLH63,East Suffolk,2007,3991,4534
TLH63,East Suffolk,2008,4068,4603
TLH63,East Suffolk,2009,3930,4412
TLH63,East Suffolk,2010,4003,4553
TLH63,East Suffolk,2011,4141,4747
TLH63,East Suffolk,2012,4299,4919
TLH63,East Suffolk,2013,4459,5097
TLH63,East Suffolk,2014,4556,5226
TLH63,East Suffolk,2015,4569,5253
TLH63,East Suffolk,2016,4630,5359
TLH63,East Suffolk,2017,4873,5642
TLH63,East Suffolk,2018,4966,5749
TLH63,East Suffolk,2019,5356,6169
TLH63,East Suffolk,2020,5089,5779
TLH63,East Suffolk,2021,5500,6261
TLH63,East Suffolk,2022,6106,6943
TLH63,East Suffolk,2023,6438,7264
TLH64,West Suffolk,1998,2506,2754
TLH64,West Suffolk,1999,2622,2888
TLH64,West Suffolk,2000,2790,3071
TLH64,West Suffolk,2001,2940,3228
TLH64,West Suffolk,2002,3076,3379
TLH64,West Suffolk,2003,3180,3501
TLH64,West Suffolk,2004,3280,3621
TLH64,West Suffolk,2005,3435,3804
TLH64,West Suffolk,2006,3709,4097
TLH64,West Suffolk,2007,3822,4225
TLH64,West Suffolk,2008,4024,4420
TLH64,West Suffolk,2009,4024,4386
TLH64,West Suffolk,2010,4097,4513
TLH64,West Suffolk,2011,4209,4670
TLH64,West Suffolk,2012,4383,4853
TLH64,West Suffolk,2013,4599,5079
TLH64,West Suffolk,2014,4707,5212
TLH64,West Suffolk,2015,4948,5475
TLH64,West Suffolk,2016,5230,5790
TLH64,West Suffolk,2017,5430,6024
TLH64,West Suffolk,2018,5497,6100
TLH64,West Suffolk,2019,5736,6358
TLH64,West Suffolk,2020,5228,5756
TLH64,West Suffolk,2021,5521,6110
TLH64,West Suffolk,2022,5856,6527
TLH64,West Suffolk,2023,6132,6812
TLI33,Kensington & Chelsea and Hammersmith & Fulham,1998,7411,8138
TLI33,Kensington & Chelsea and Hammersmith & Fulham,1999,7958,8752
TLI33,Kensington & Chelsea and Hammersmith & Fulham,2000,8559,9395
TLI33,Kensington & Chelsea and Hammersmith & Fulham,2001,9020,9879
TLI33,Kensington & Chelsea and Hammersmith & Fulham,2002,9334,10237
TLI33,Kensington & Chelsea and Hammersmith & Fulham,2003,9752,10709
TLI33,Kensington & Chelsea and Hammersmith & Fulham,2004,10284,11264
TLI33,Kensington & Chelsea and Hammersmith & Fulham,2005,10906,11884
TLI33,Kensington & Chelsea and Hammersmith & Fulham,2006,11163,12182
TLI33,Kensington & Chelsea and Hammersmith & Fulham,2007,12327,13413
TLI33,Kensington & Chelsea and Hammersmith & Fulham,2008,13239,14318
TLI33,Kensington & Chelsea and Hammersmith & Fulham,2009,12665,13642
TLI33,Kensington & Chelsea and Hammersmith & Fulham,2010,12956,14070
TLI33,Kensington & Chelsea and Hammersmith & Fulham,2011,13757,14994
TLI33,Kensington & Chelsea and Hammersmith & Fulham,2012,15484,16704
TLI33,Kensington & Chelsea and Hammersmith & Fulham,2013,16851,18176
TLI33,Kensington & Chelsea and Hammersmith & Fulham,2014,18256,19649
TLI33,Kensington & Chelsea and Hammersmith & Fulham,2015,18848,20337
TLI33,Kensington & Chelsea and Hammersmith & Fulham,2016,19140,20567
TLI33,Kensington & Chelsea and Hammersmith & Fulham,2017,19817,21271
TLI33,Kensington & Chelsea and Hammersmith & Fulham,2018,21317,22804
TLI33,Kensington & Chelsea and Hammersmith & Fulham,2019,21537,23076
TLI33,Kensington & Chelsea and Hammersmith & Fulham,2020,19661,20785
TLI33,Kensington & Chelsea and Hammersmith & Fulham,2021,20355,21853
TLI33,Kensington & Chelsea and Hammersmith & Fulham,2022,22797,24488
TLI33,Kensington & Chelsea and Hammersmith & Fulham,2023,25277,26979
TLI34,Wandsworth,1998,2997,3604
TLI34,Wandsworth,1999,3275,3925
TLI34,Wandsworth,2000,3508,4179
TLI34,Wandsworth,2001,3748,4423
TLI34,Wandsworth,2002,3918,4629
TLI34,Wandsworth,2003,4066,4826
TLI34,Wandsworth,2004,4232,5010
TLI34,Wandsworth,2005,4568,5345
TLI34,Wandsworth,2006,4781,5595
TLI34,Wandsworth,2007,5215,6091
TLI34,Wandsworth,2008,5386,6268
TLI34,Wandsworth,2009,5148,5951
TLI34,Wandsworth,2010,5197,6125
TLI34,Wandsworth,2011,5446,6492
TLI34,Wandsworth,2012,5980,7024
TLI34,Wandsworth,2013,6289,7407
TLI34,Wandsworth,2014,6790,7969
TLI34,Wandsworth,2015,7202,8483
TLI34,Wandsworth,2016,7397,8645
TLI34,Wandsworth,2017,7281,8560
TLI34,Wandsworth,2018,7426,8761
TLI34,Wandsworth,2019,7402,8799
TLI34,Wandsworth,2020,6638,7708
TLI34,Wandsworth,2021,6951,8395
TLI34,Wandsworth,2022,7734,9333
TLI34,Wandsworth,2023,8693,10349
TLI35,Westminster and City of London,1998,49955,51379
TLI35,Westminster and City of London,1999,51456,53581
TLI35,Westminster and City of London,2000,56393,59514
TLI35,Westminster and City of London,2001,58013,60349
TLI35,Westminster and City of London,2002,60654,62751
TLI35,Westminster and City of London,2003,64786,66783
TLI35,Westminster and City of London,2004,68373,70613
TLI35,Westminster and City of London,2005,76193,78667
TLI35,Westminster and City of London,2006,81947,84923
TLI35,Westminster and City of London,2007,90621,93963
TLI35,Westminster and City of London,2008,92042,94870
TLI35,Westminster and City of London,2009,94196,96484
TLI35,Westminster and City of London,2010,99585,102270
TLI35,Westminster and City of London,2011,102479,105253
TLI35,Westminster and City of London,2012,105480,107987
TLI35,Westminster and City of London,2013,111332,114568
TLI35,Westminster and City of London,2014,118767,122250
TLI35,Westminster and City of London,2015,119341,122930
TLI35,Westminster and City of London,2016,130888,134976
TLI35,Westminster and City of London,2017,137823,141580
TLI35,Westminster and City of London,2018,144935,148719
TLI35,Westminster and City of London,2019,152848,156476
TLI35,Westminster and City of London,2020,151116,154175
TLI35,Westminster and City of London,2021,167516,171481
TLI35,Westminster and City of London,2022,185977,190224
TLI35,Westminster and City of London,2023,204021,207887
TLI36,Camden,1998,10267,10631
TLI36,Camden,1999,10938,11332
TLI36,Camden,2000,11891,12341
TLI36,Camden,2001,12460,12940
TLI36,Camden,2002,12867,13371
TLI36,Camden,2003,13737,14274
TLI36,Camden,2004,14783,15330
TLI36,Camden,2005,15977,16512
TLI36,Camden,2006,16507,17047
TLI36,Camden,2007,18083,18699
TLI36,Camden,2008,18771,19385
TLI36,Camden,2009,18683,19207
TLI36,Camden,2010,19110,19740
TLI36,Camden,2011,19954,20742
TLI36,Camden,2012,20732,21467
TLI36,Camden,2013,22346,23193
TLI36,Camden,2014,24640,25630
TLI36,Camden,2015,28572,29599
TLI36,Camden,2016,32148,33158
TLI36,Camden,2017,33564,34552
TLI36,Camden,2018,34697,35655
TLI36,Camden,2019,34900,35924
TLI36,Camden,2020,29340,29983
TLI36,Camden,2021,32781,33894
TLI36,Camden,2022,37779,39173
TLI36,Camden,2023,40213,41594
TLI41,Hackney and Newham,1998,5176,5897
TLI41,Hackney and Newham,1999,5447,6230
TLI41,Hackney and Newham,2000,5855,6686
TLI41,Hackney and Newham,2001,6163,7008
TLI41,Hackney and Newham,2002,6409,7305
TLI41,Hackney and Newham,2003,6769,7725
TLI41,Hackney and Newham,2004,7038,8011
TLI41,Hackney and Newham,2005,7567,8534
TLI41,Hackney and Newham,2006,7844,8854
TLI41,Hackney and Newham,2007,8434,9522
TLI41,Hackney and Newham,2008,8881,9967
TLI41,Hackney and Newham,2009,8710,9704
TLI41,Hackney and Newham,2010,9046,10278
TLI41,Hackney and Newham,2011,9549,11006
TLI41,Hackney and Newham,2012,10052,11552
TLI41,Hackney and Newham,2013,10462,11968
TLI41,Hackney and Newham,2014,11264,12868
TLI41,Hackney and Newham,2015,11848,13507
TLI41,Hackney and Newham,2016,12440,14134
TLI41,Hackney and Newham,2017,13326,15108
TLI41,Hackney and Newham,2018,14362,16291
TLI41,Hackney and Newham,2019,15810,17965
TLI41,Hackney and Newham,2020,15225,17225
TLI41,Hackney and Newham,2021,16921,18936
TLI41,Hackney and Newham,2022,19548,21644
TLI41,Hackney and Newham,2023,21892,24009
TLI42,Tower Hamlets,1998,12314,12796
TLI42,Tower Hamlets,1999,12623,13197
TLI42,Tower Hamlets,2000,13977,14741
TLI42,Tower Hamlets,2001,14290,14954
TLI42,Tower Hamlets,2002,14974,15624
TLI42,Tower Hamlets,2003,15993,16657
TLI42,Tower Hamlets,2004,17181,17899
TLI42,Tower Hamlets,2005,19281,20040
TLI42,Tower Hamlets,2006,21216,22052
TLI42,Tower Hamlets,2007,23504,24447
TLI42,Tower Hamlets,2008,24481,25393
TLI42,Tower Hamlets,2009,25685,26500
TLI42,Tower Hamlets,2010,26744,27677
TLI42,Tower Hamlets,2011,28951,30020
TLI42,Tower Hamlets,2012,28411,29439
TLI42,Tower Hamlets,2013,29873,31033
TLI42,Tower Hamlets,2014,31662,32982
TLI42,Tower Hamlets,2015,32062,33502
TLI42,Tower Hamlets,2016,34183,35672
TLI42,Tower Hamlets,2017,37030,38549
TLI42,Tower Hamlets,2018,36167,37716
TLI42,Tower Hamlets,2019,35760,37282
TLI42,Tower Hamlets,2020,34662,35966
TLI42,Tower Hamlets,2021,35240,36586
TLI42,Tower Hamlets,2022,39453,40812
TLI42,Tower Hamlets,2023,44834,46180
TLI43,Haringey and Islington,1998,9176,9796
TLI43,Haringey and Islington,1999,9687,10345
TLI43,Haringey and Islington,2000,10628,11341
TLI43,Haringey and Islington,2001,11011,11728
TLI43,Haringey and Islington,2002,11415,12166
TLI43,Haringey and Islington,2003,12018,12818
TLI43,Haringey and Islington,2004,12660,13468
TLI43,Haringey and Islington,2005,13549,14353
TLI43,Haringey and Islington,2006,14111,14942
TLI43,Haringey and Islington,2007,15538,16462
TLI43,Haringey and Islington,2008,16361,17279
TLI43,Haringey and Islington,2009,16203,17006
TLI43,Haringey and Islington,2010,16842,17851
TLI43,Haringey and Islington,2011,17629,18852
TLI43,Haringey and Islington,2012,18242,19507
TLI43,Haringey and Islington,2013,19526,20844
TLI43,Haringey and Islington,2014,20974,22434
TLI43,Haringey and Islington,2015,22041,23523
TLI43,Haringey and Islington,2016,22406,23939
TLI43,Haringey and Islington,2017,22795,24356
TLI43,Haringey and Islington,2018,23892,25597
TLI43,Haringey and Islington,2019,24319,26148
TLI43,Haringey and Islington,2020,22207,23834
TLI43,Haringey and Islington,2021,24221,25913
TLI43,Haringey and Islington,2022,29388,31085
TLI43,Haringey and Islington,2023,31141,32815
TLI44,Lewisham and Southwark,1998,8352,9190
TLI44,Lewisham and Southwark,1999,8863,9784
TLI44,Lewisham and Southwark,2000,9717,10750
TLI44,Lewisham and Southwark,2001,10207,11219
TLI44,Lewisham and Southwark,2002,10579,11615
TLI44,Lewisham and Southwark,2003,11159,12243
TLI44,Lewisham and Southwark,2004,11761,12869
TLI44,Lewisham and Southwark,2005,12804,13920
TLI44,Lewisham and Southwark,2006,13352,14514
TLI44,Lewisham and Southwark,2007,14734,16004
TLI44,Lewisham and Southwark,2008,15532,16799
TLI44,Lewisham and Southwark,2009,15515,16636
TLI44,Lewisham and Southwark,2010,16304,17649
TLI44,Lewisham and Southwark,2011,17783,19373
TLI44,Lewisham and Southwark,2012,18708,20328
TLI44,Lewisham and Southwark,2013,19332,20975
TLI44,Lewisham and Southwark,2014,19316,20968
TLI44,Lewisham and Southwark,2015,20687,22393
TLI44,Lewisham and Southwark,2016,21772,23535
TLI44,Lewisham and Southwark,2017,22195,24023
TLI44,Lewisham and Southwark,2018,23872,25835
TLI44,Lewisham and Southwark,2019,25119,27254
TLI44,Lewisham and Southwark,2020,22929,24828
TLI44,Lewisham and Southwark,2021,23892,25846
TLI44,Lewisham and Southwark,2022,26981,29001
TLI44,Lewisham and Southwark,2023,30375,32294
TLI45,Lambeth,1998,4699,5146
TLI45,Lambeth,1999,5043,5522
TLI45,Lambeth,2000,5534,6038
TLI45,Lambeth,2001,5921,6432
TLI45,Lambeth,2002,6011,6541
TLI45,Lambeth,2003,6364,6926
TLI45,Lambeth,2004,6742,7320
TLI45,Lambeth,2005,7385,7962
TLI45,Lambeth,2006,7531,8124
TLI45,Lambeth,2007,8435,9074
TLI45,Lambeth,2008,8995,9624
TLI45,Lambeth,2009,8811,9375
TLI45,Lambeth,2010,9498,10190
TLI45,Lambeth,2011,10096,10913
TLI45,Lambeth,2012,10305,11146
TLI45,Lambeth,2013,9787,10633
TLI45,Lambeth,2014,11107,12000
TLI45,Lambeth,2015,11546,12451
TLI45,Lambeth,2016,12194,13112
TLI45,Lambeth,2017,12476,13404
TLI45,Lambeth,2018,12835,13827
TLI45,Lambeth,2019,12743,13833
TLI45,Lambeth,2020,11160,12114
TLI45,Lambeth,2021,12635,13628
TLI45,Lambeth,2022,14958,16011
TLI45,Lambeth,2023,15388,16429
TLI51,Bexley and Greenwich,1998,5647,6419
TLI51,Bexley and Greenwich,1999,5969,6796
TLI51,Bexley and Greenwich,2000,6202,7061
TLI51,Bexley and Greenwich,2001,6440,7317
TLI51,Bexley and Greenwich,2002,6715,7643
TLI51,Bexley and Greenwich,2003,7091,8084
TLI51,Bexley and Greenwich,2004,7368,8393
TLI51,Bexley and Greenwich,2005,7835,8866
TLI51,Bexley and Greenwich,2006,8291,9370
TLI51,Bexley and Greenwich,2007,8674,9801
TLI51,Bexley and Greenwich,2008,8951,10041
TLI51,Bexley and Greenwich,2009,8456,9443
TLI51,Bexley and Greenwich,2010,8763,9927
TLI51,Bexley and Greenwich,2011,8908,10267
TLI51,Bexley and Greenwich,2012,9373,10794
TLI51,Bexley and Greenwich,2013,10046,11568
TLI51,Bexley and Greenwich,2014,10347,11944
TLI51,Bexley and Greenwich,2015,10724,12389
TLI51,Bexley and Greenwich,2016,11345,13003
TLI51,Bexley and Greenwich,2017,11390,13180
TLI51,Bexley and Greenwich,2018,11612,13438
TLI51,Bexley and Greenwich,2019,12151,13960
TLI51,Bexley and Greenwich,2020,10503,12263
TLI51,Bexley and Greenwich,2021,11146,13167
TLI51,Bexley and Greenwich,2022,12322,14447
TLI51,Bexley and Greenwich,2023,13038,15063
TLI52,Barking & Dagenham and Havering,1998,5269,6003
TLI52,Barking & Dagenham and Havering,1999,5390,6185
TLI52,Barking & Dagenham and Havering,2000,5496,6320
TLI52,Barking & Dagenham and Havering,2001,5620,6455
TLI52,Barking & Dagenham and Havering,2002,5713,6598
TLI52,Barking & Dagenham and Havering,2003,5992,6926
TLI52,Barking & Dagenham and Havering,2004,6236,7208
TLI52,Barking & Dagenham and Havering,2005,6492,7472
TLI52,Barking & Dagenham and Havering,2006,6949,7998
TLI52,Barking & Dagenham and Havering,2007,7308,8404
TLI52,Barking & Dagenham and Havering,2008,7381,8401
TLI52,Barking & Dagenham and Havering,2009,6860,7784
TLI52,Barking & Dagenham and Havering,2010,7237,8332
TLI52,Barking & Dagenham and Havering,2011,7251,8512
TLI52,Barking & Dagenham and Havering,2012,7748,9070
TLI52,Barking & Dagenham and Havering,2013,8165,9564
TLI52,Barking & Dagenham and Havering,2014,8472,9970
TLI52,Barking & Dagenham and Havering,2015,8516,10094
TLI52,Barking & Dagenham and Havering,2016,8670,10249
TLI52,Barking & Dagenham and Havering,2017,8734,10366
TLI52,Barking & Dagenham and Havering,2018,9048,10709
TLI52,Barking & Dagenham and Havering,2019,9284,10945
TLI52,Barking & Dagenham and Havering,2020,8122,9779
TLI52,Barking & Dagenham and Havering,2021,9247,11155
TLI52,Barking & Dagenham and Havering,2022,10647,12689
TLI52,Barking & Dagenham and Havering,2023,11365,13271
TLI53,Redbridge and Waltham Forest,1998,4598,5393
TLI53,Redbridge and Waltham Forest,1999,4872,5726
TLI53,Redbridge and Waltham Forest,2000,5080,5966
TLI53,Redbridge and Waltham Forest,2001,5290,6187
TLI53,Redbridge and Waltham Forest,2002,5555,6504
TLI53,Redbridge and Waltham Forest,2003,5899,6909
TLI53,Redbridge and Waltham Forest,2004,6208,7247
TLI53,Redbridge and Waltham Forest,2005,6562,7602
TLI53,Redbridge and Waltham Forest,2006,6968,8059
TLI53,Redbridge and Waltham Forest,2007,7284,8440
TLI53,Redbridge and Waltham Forest,2008,7287,8420
TLI53,Redbridge and Waltham Forest,2009,6720,7755
TLI53,Redbridge and Waltham Forest,2010,6863,8094
TLI53,Redbridge and Waltham Forest,2011,6952,8402
TLI53,Redbridge and Waltham Forest,2012,7531,9039
TLI53,Redbridge and Waltham Forest,2013,7713,9310
TLI53,Redbridge and Waltham Forest,2014,8007,9706
TLI53,Redbridge and Waltham Forest,2015,8470,10253
TLI53,Redbridge and Waltham Forest,2016,8751,10533
TLI53,Redbridge and Waltham Forest,2017,8894,10740
TLI53,Redbridge and Waltham Forest,2018,9112,10991
TLI53,Redbridge and Waltham Forest,2019,9212,11054
TLI53,Redbridge and Waltham Forest,2020,7936,9732
TLI53,Redbridge and Waltham Forest,2021,8783,10861
TLI53,Redbridge and Waltham Forest,2022,10136,12291
TLI53,Redbridge and Waltham Forest,2023,11066,13159
TLI54,Enfield,1998,3686,4243
TLI54,Enfield,1999,3903,4510
TLI54,Enfield,2000,4079,4713
TLI54,Enfield,2001,4261,4911
TLI54,Enfield,2002,4436,5143
TLI54,Enfield,2003,4759,5508
TLI54,Enfield,2004,4949,5749
TLI54,Enfield,2005,5188,6007
TLI54,Enfield,2006,5484,6393
TLI54,Enfield,2007,5805,6766
TLI54,Enfield,2008,5931,6766
TLI54,Enfield,2009,5453,6185
TLI54,Enfield,2010,5696,6595
TLI54,Enfield,2011,5735,6758
TLI54,Enfield,2012,5963,7026
TLI54,Enfield,2013,6155,7291
TLI54,Enfield,2014,6434,7658
TLI54,Enfield,2015,6820,8064
TLI54,Enfield,2016,7031,8267
TLI54,Enfield,2017,7035,8260
TLI54,Enfield,2018,7508,8830
TLI54,Enfield,2019,7795,9122
TLI54,Enfield,2020,6902,8205
TLI54,Enfield,2021,7469,8945
TLI54,Enfield,2022,8094,9531
TLI54,Enfield,2023,8499,9818
TLI61,Bromley,1998,4415,4995
TLI61,Bromley,1999,4680,5307
TLI61,Bromley,2000,4752,5400
TLI61,Bromley,2001,4911,5568
TLI61,Bromley,2002,5175,5874
TLI61,Bromley,2003,5514,6260
TLI61,Bromley,2004,5762,6536
TLI61,Bromley,2005,6050,6829
TLI61,Bromley,2006,6487,7314
TLI61,Bromley,2007,6749,7618
TLI61,Bromley,2008,6749,7573
TLI61,Bromley,2009,6320,7064
TLI61,Bromley,2010,6408,7280
TLI61,Bromley,2011,6426,7474
TLI61,Bromley,2012,6813,7852
TLI61,Bromley,2013,7033,8119
TLI61,Bromley,2014,7098,8252
TLI61,Bromley,2015,7213,8414
TLI61,Bromley,2016,7524,8814
TLI61,Bromley,2017,7756,9131
TLI61,Bromley,2018,7851,9314
TLI61,Bromley,2019,7668,9134
TLI61,Bromley,2020,6867,8211
TLI61,Bromley,2021,6969,8415
TLI61,Bromley,2022,7734,9435
TLI61,Bromley,2023,8287,9938
TLI62,Croydon,1998,4982,5677
TLI62,Croydon,1999,5227,5989
TLI62,Croydon,2000,5496,6319
TLI62,Croydon,2001,5709,6528
TLI62,Croydon,2002,5889,6721
TLI62,Croydon,2003,6263,7136
TLI62,Croydon,2004,6542,7438
TLI62,Croydon,2005,6953,7834
TLI62,Croydon,2006,7210,8139
TLI62,Croydon,2007,7712,8731
TLI62,Croydon,2008,7689,8674
TLI62,Croydon,2009,7364,8241
TLI62,Croydon,2010,7263,8284
TLI62,Croydon,2011,7172,8384
TLI62,Croydon,2012,7427,8569
TLI62,Croydon,2013,7493,8764
TLI62,Croydon,2014,8201,9595
TLI62,Croydon,2015,8249,9685
TLI62,Croydon,2016,8407,9934
TLI62,Croydon,2017,8602,10215
TLI62,Croydon,2018,9297,10973
TLI62,Croydon,2019,9947,11589
TLI62,Croydon,2020,9265,10755
TLI62,Croydon,2021,9770,11426
TLI62,Croydon,2022,10866,12825
TLI62,Croydon,2023,11757,13664
TLI63,"Merton, Kingston upon Thames and Sutton",1998,8159,9151
TLI63,"Merton, Kingston upon Thames and Sutton",1999,8660,9732
TLI63,"Merton, Kingston upon Thames and Sutton",2000,9118,10230
TLI63,"Merton, Kingston upon Thames and Sutton",2001,9391,10529
TLI63,"Merton, Kingston upon Thames and Sutton",2002,9624,10828
TLI63,"Merton, Kingston upon Thames and Sutton",2003,10098,11376
TLI63,"Merton, Kingston upon Thames and Sutton",2004,10520,11842
TLI63,"Merton, Kingston upon Thames and Sutton",2005,11089,12419
TLI63,"Merton, Kingston upon Thames and Sutton",2006,11625,13024
TLI63,"Merton, Kingston upon Thames and Sutton",2007,12352,13818
TLI63,"Merton, Kingston upon Thames and Sutton",2008,12516,13929
TLI63,"Merton, Kingston upon Thames and Sutton",2009,11663,12953
TLI63,"Merton, Kingston upon Thames and Sutton",2010,11814,13319
TLI63,"Merton, Kingston upon Thames and Sutton",2011,11896,13692
TLI63,"Merton, Kingston upon Thames and Sutton",2012,12451,14206
TLI63,"Merton, Kingston upon Thames and Sutton",2013,12781,14632
TLI63,"Merton, Kingston upon Thames and Sutton",2014,13626,15622
TLI63,"Merton, Kingston upon Thames and Sutton",2015,13813,15846
TLI63,"Merton, Kingston upon Thames and Sutton",2016,14625,16817
TLI63,"Merton, Kingston upon Thames and Sutton",2017,14542,16904
TLI63,"Merton, Kingston upon Thames and Sutton",2018,14636,17143
TLI63,"Merton, Kingston upon Thames and Sutton",2019,15005,17548
TLI63,"Merton, Kingston upon Thames and Sutton",2020,13346,15660
TLI63,"Merton, Kingston upon Thames and Sutton",2021,13881,16453
TLI63,"Merton, Kingston upon Thames and Sutton",2022,15375,18417
TLI63,"Merton, Kingston upon Thames and Sutton",2023,17079,20056
TLI71,Barnet,1998,4149,4767
TLI71,Barnet,1999,4455,5124
TLI71,Barnet,2000,4637,5328
TLI71,Barnet,2001,4809,5517
TLI71,Barnet,2002,5015,5776
TLI71,Barnet,2003,5309,6120
TLI71,Barnet,2004,5506,6360
TLI71,Barnet,2005,5776,6642
TLI71,Barnet,2006,6164,7100
TLI71,Barnet,2007,6460,7443
TLI71,Barnet,2008,6485,7384
TLI71,Barnet,2009,6182,6998
TLI71,Barnet,2010,6270,7312
TLI71,Barnet,2011,6374,7557
TLI71,Barnet,2012,6929,8168
TLI71,Barnet,2013,7169,8381
TLI71,Barnet,2014,7654,8906
TLI71,Barnet,2015,7932,9203
TLI71,Barnet,2016,8261,9604
TLI71,Barnet,2017,8236,9699
TLI71,Barnet,2018,8545,10007
TLI71,Barnet,2019,8743,10213
TLI71,Barnet,2020,8312,9616
TLI71,Barnet,2021,8807,10401
TLI71,Barnet,2022,10097,11884
TLI71,Barnet,2023,10639,12292
TLI72,Brent,1998,4042,4542
TLI72,Brent,1999,4375,4907
TLI72,Brent,2000,4603,5158
TLI72,Brent,2001,4759,5327
TLI72,Brent,2002,4920,5524
TLI72,Brent,2003,5084,5722
TLI72,Brent,2004,5187,5849
TLI72,Brent,2005,5498,6165
TLI72,Brent,2006,5841,6559
TLI72,Brent,2007,6081,6848
TLI72,Brent,2008,6139,6863
TLI72,Brent,2009,5782,6440
TLI72,Brent,2010,5889,6732
TLI72,Brent,2011,5992,6969
TLI72,Brent,2012,6503,7530
TLI72,Brent,2013,6899,7925
TLI72,Brent,2014,7519,8618
TLI72,Brent,2015,7964,9091
TLI72,Brent,2016,8281,9493
TLI72,Brent,2017,8346,9644
TLI72,Brent,2018,8391,9643
TLI72,Brent,2019,8853,10132
TLI72,Brent,2020,8063,9222
TLI72,Brent,2021,8300,9689
TLI72,Brent,2022,9295,10945
TLI72,Brent,2023,10087,11600
TLI73,Ealing,1998,4741,5305
TLI73,Ealing,1999,5044,5655
TLI73,Ealing,2000,5271,5903
TLI73,Ealing,2001,5460,6101
TLI73,Ealing,2002,5612,6292
TLI73,Ealing,2003,5893,6612
TLI73,Ealing,2004,6070,6810
TLI73,Ealing,2005,6328,7067
TLI73,Ealing,2006,6678,7452
TLI73,Ealing,2007,7021,7833
TLI73,Ealing,2008,7099,7881
TLI73,Ealing,2009,6640,7349
TLI73,Ealing,2010,6754,7645
TLI73,Ealing,2011,6918,7944
TLI73,Ealing,2012,7467,8527
TLI73,Ealing,2013,7992,9050
TLI73,Ealing,2014,8593,9715
TLI73,Ealing,2015,8985,10140
TLI73,Ealing,2016,9374,10576
TLI73,Ealing,2017,9089,10380
TLI73,Ealing,2018,9233,10486
TLI73,Ealing,2019,9211,10467
TLI73,Ealing,2020,8754,9927
TLI73,Ealing,2021,8728,10131
TLI73,Ealing,2022,9515,11161
TLI73,Ealing,2023,9795,11376
TLI74,Harrow and Hillingdon,1998,11229,12380
TLI74,Harrow and Hillingdon,1999,11854,13076
TLI74,Harrow and Hillingdon,2000,12390,13639
TLI74,Harrow and Hillingdon,2001,12564,13799
TLI74,Harrow and Hillingdon,2002,12861,14157
TLI74,Harrow and Hillingdon,2003,13530,14873
TLI74,Harrow and Hillingdon,2004,14009,15440
TLI74,Harrow and Hillingdon,2005,14566,16040
TLI74,Harrow and Hillingdon,2006,14924,16505
TLI74,Harrow and Hillingdon,2007,15496,17290
TLI74,Harrow and Hillingdon,2008,15543,17262
TLI74,Harrow and Hillingdon,2009,14162,15771
TLI74,Harrow and Hillingdon,2010,14589,16620
TLI74,Harrow and Hillingdon,2011,15117,17472
TLI74,Harrow and Hillingdon,2012,15324,17788
TLI74,Harrow and Hillingdon,2013,16127,18670
TLI74,Harrow and Hillingdon,2014,17716,20391
TLI74,Harrow and Hillingdon,2015,18186,20826
TLI74,Harrow and Hillingdon,2016,18136,20675
TLI74,Harrow and Hillingdon,2017,18818,21471
TLI74,Harrow and Hillingdon,2018,19298,21921
TLI74,Harrow and Hillingdon,2019,19554,22221
TLI74,Harrow and Hillingdon,2020,15337,17357
TLI74,Harrow and Hillingdon,2021,15610,18042
TLI74,Harrow and Hillingdon,2022,18197,21160
TLI74,Harrow and Hillingdon,2023,19731,22622
TLI75,Hounslow and Richmond upon Thames,1998,9558,10365
TLI75,Hounslow and Richmond upon Thames,1999,10214,11092
TLI75,Hounslow and Richmond upon Thames,2000,10953,11870
TLI75,Hounslow and Richmond upon Thames,2001,11385,12312
TLI75,Hounslow and Richmond upon Thames,2002,11729,12689
TLI75,Hounslow and Richmond upon Thames,2003,12138,13145
TLI75,Hounslow and Richmond upon Thames,2004,12473,13527
TLI75,Hounslow and Richmond upon Thames,2005,13187,14247
TLI75,Hounslow and Richmond upon Thames,2006,14542,15671
TLI75,Hounslow and Richmond upon Thames,2007,15650,16864
TLI75,Hounslow and Richmond upon Thames,2008,16474,17599
TLI75,Hounslow and Richmond upon Thames,2009,16026,17031
TLI75,Hounslow and Richmond upon Thames,2010,16330,17585
TLI75,Hounslow and Richmond upon Thames,2011,16671,18149
TLI75,Hounslow and Richmond upon Thames,2012,18055,19357
TLI75,Hounslow and Richmond upon Thames,2013,19146,20832
TLI75,Hounslow and Richmond upon Thames,2014,20492,22346
TLI75,Hounslow and Richmond upon Thames,2015,21592,23606
TLI75,Hounslow and Richmond upon Thames,2016,22854,25006
TLI75,Hounslow and Richmond upon Thames,2017,23287,25556
TLI75,Hounslow and Richmond upon Thames,2018,23762,26038
TLI75,Hounslow and Richmond upon Thames,2019,24397,26747
TLI75,Hounslow and Richmond upon Thames,2020,19406,21080
TLI75,Hounslow and Richmond upon Thames,2021,19243,21211
TLI75,Hounslow and Richmond upon Thames,2022,22876,25452
TLI75,Hounslow and Richmond upon Thames,2023,23966,26520
TLJ12,Milton Keynes,1998,5154,5547
TLJ12,Milton Keynes,1999,5345,5769
TLJ12,Milton Keynes,2000,5697,6145
TLJ12,Milton Keynes,2001,6077,6541
TLJ12,Milton Keynes,2002,6537,7014
TLJ12,Milton Keynes,2003,7108,7607
TLJ12,Milton Keynes,2004,7089,7622
TLJ12,Milton Keynes,2005,7465,8013
TLJ12,Milton Keynes,2006,7852,8419
TLJ12,Milton Keynes,2007,8278,8881
TLJ12,Milton Keynes,2008,8577,9171
TLJ12,Milton Keynes,2009,8267,8831
TLJ12,Milton Keynes,2010,8672,9297
TLJ12,Milton Keynes,2011,9009,9713
TLJ12,Milton Keynes,2012,9242,9987
TLJ12,Milton Keynes,2013,9793,10575
TLJ12,Milton Keynes,2014,10909,11765
TLJ12,Milton Keynes,2015,12189,13096
TLJ12,Milton Keynes,2016,11987,12930
TLJ12,Milton Keynes,2017,13012,13996
TLJ12,Milton Keynes,2018,13511,14534
TLJ12,Milton Keynes,2019,13875,14955
TLJ12,Milton Keynes,2020,13379,14282
TLJ12,Milton Keynes,2021,14256,15286
TLJ12,Milton Keynes,2022,15817,16973
TLJ12,Milton Keynes,2023,16763,17878
TLJ13,Buckinghamshire,1998,8264,9178
TLJ13,Buckinghamshire,1999,8660,9650
TLJ13,Buckinghamshire,2000,9085,10129
TLJ13,Buckinghamshire,2001,9415,10499
TLJ13,Buckinghamshire,2002,9699,10817
TLJ13,Buckinghamshire,2003,10171,11331
TLJ13,Buckinghamshire,2004,10288,11512
TLJ13,Buckinghamshire,2005,10867,12134
TLJ13,Buckinghamshire,2006,11202,12548
TLJ13,Buckinghamshire,2007,11722,13140
TLJ13,Buckinghamshire,2008,12416,13764
TLJ13,Buckinghamshire,2009,12132,13394
TLJ13,Buckinghamshire,2010,12230,13631
TLJ13,Buckinghamshire,2011,12690,14233
TLJ13,Buckinghamshire,2012,12976,14585
TLJ13,Buckinghamshire,2013,13388,15061
TLJ13,Buckinghamshire,2014,13786,15574
TLJ13,Buckinghamshire,2015,13902,15773
TLJ13,Buckinghamshire,2016,14210,16138
TLJ13,Buckinghamshire,2017,14409,16402
TLJ13,Buckinghamshire,2018,14945,17011
TLJ13,Buckinghamshire,2019,16140,18310
TLJ13,Buckinghamshire,2020,15815,17654
TLJ13,Buckinghamshire,2021,16715,18761
TLJ13,Buckinghamshire,2022,17677,19960
TLJ13,Buckinghamshire,2023,19176,21363
TLJ14,Oxfordshire CC,1998,10893,11962
TLJ14,Oxfordshire CC,1999,11318,12475
TLJ14,Oxfordshire CC,2000,11878,13090
TLJ14,Oxfordshire CC,2001,12185,13465
TLJ14,Oxfordshire CC,2002,12977,14297
TLJ14,Oxfordshire CC,2003,13680,15052
TLJ14,Oxfordshire CC,2004,13845,15292
TLJ14,Oxfordshire CC,2005,14475,16003
TLJ14,Oxfordshire CC,2006,14917,16520
TLJ14,Oxfordshire CC,2007,15634,17316
TLJ14,Oxfordshire CC,2008,16702,18337
TLJ14,Oxfordshire CC,2009,16322,17851
TLJ14,Oxfordshire CC,2010,16918,18594
TLJ14,Oxfordshire CC,2011,17487,19353
TLJ14,Oxfordshire CC,2012,18130,20090
TLJ14,Oxfordshire CC,2013,18932,20969
TLJ14,Oxfordshire CC,2014,19902,22151
TLJ14,Oxfordshire CC,2015,20597,22909
TLJ14,Oxfordshire CC,2016,20488,22874
TLJ14,Oxfordshire CC,2017,21058,23497
TLJ14,Oxfordshire CC,2018,22045,24589
TLJ14,Oxfordshire CC,2019,23593,26279
TLJ14,Oxfordshire CC,2020,24625,26799
TLJ14,Oxfordshire CC,2021,25201,27699
TLJ14,Oxfordshire CC,2022,27669,30484
TLJ14,Oxfordshire CC,2023,29329,32077
TLJ15,Berkshire East,1998,10516,11192
TLJ15,Berkshire East,1999,11206,11947
TLJ15,Berkshire East,2000,11876,12648
TLJ15,Berkshire East,2001,12215,13012
TLJ15,Berkshire East,2002,12800,13613
TLJ15,Berkshire East,2003,13708,14537
TLJ15,Berkshire East,2004,13843,14725
TLJ15,Berkshire East,2005,14526,15448
TLJ15,Berkshire East,2006,14978,15941
TLJ15,Berkshire East,2007,15697,16723
TLJ15,Berkshire East,2008,16375,17384
TLJ15,Berkshire East,2009,16147,17109
TLJ15,Berkshire East,2010,16472,17530
TLJ15,Berkshire East,2011,17244,18420
TLJ15,Berkshire East,2012,17630,18867
TLJ15,Berkshire East,2013,18315,19555
TLJ15,Berkshire East,2014,18712,20052
TLJ15,Berkshire East,2015,19269,20639
TLJ15,Berkshire East,2016,19734,21139
TLJ15,Berkshire East,2017,20646,22070
TLJ15,Berkshire East,2018,21160,22668
TLJ15,Berkshire East,2019,21602,23211
TLJ15,Berkshire East,2020,21616,22982
TLJ15,Berkshire East,2021,22418,23942
TLJ15,Berkshire East,2022,23078,24765
TLJ15,Berkshire East,2023,24484,26107
TLJ16,Berkshire West,1998,10113,10923
TLJ16,Berkshire West,1999,10923,11788
TLJ16,Berkshire West,2000,11604,12506
TLJ16,Berkshire West,2001,11737,12681
TLJ16,Berkshire West,2002,12130,13100
TLJ16,Berkshire West,2003,13013,14013
TLJ16,Berkshire West,2004,13613,14675
TLJ16,Berkshire West,2005,14573,15673
TLJ16,Berkshire West,2006,15248,16401
TLJ16,Berkshire West,2007,16012,17229
TLJ16,Berkshire West,2008,16615,17792
TLJ16,Berkshire West,2009,16573,17673
TLJ16,Berkshire West,2010,16698,17908
TLJ16,Berkshire West,2011,17423,18766
TLJ16,Berkshire West,2012,18463,19884
TLJ16,Berkshire West,2013,18561,20018
TLJ16,Berkshire West,2014,19531,21095
TLJ16,Berkshire West,2015,20147,21794
TLJ16,Berkshire West,2016,20827,22480
TLJ16,Berkshire West,2017,21162,22868
TLJ16,Berkshire West,2018,23086,24889
TLJ16,Berkshire West,2019,24962,26895
TLJ16,Berkshire West,2020,25584,27152
TLJ16,Berkshire West,2021,26400,28186
TLJ16,Berkshire West,2022,27374,29401
TLJ16,Berkshire West,2023,30792,32771
TLJ21,Brighton and Hove,1998,3347,3770
TLJ21,Brighton and Hove,1999,3569,4019
TLJ21,Brighton and Hove,2000,3751,4225
TLJ21,Brighton and Hove,2001,4020,4515
TLJ21,Brighton and Hove,2002,4186,4694
TLJ21,Brighton and Hove,2003,4346,4867
TLJ21,Brighton and Hove,2004,4510,5063
TLJ21,Brighton and Hove,2005,4841,5397
TLJ21,Brighton and Hove,2006,5214,5794
TLJ21,Brighton and Hove,2007,5398,6013
TLJ21,Brighton and Hove,2008,5694,6318
TLJ21,Brighton and Hove,2009,5744,6320
TLJ21,Brighton and Hove,2010,5746,6423
TLJ21,Brighton and Hove,2011,5861,6621
TLJ21,Brighton and Hove,2012,6342,7100
TLJ21,Brighton and Hove,2013,6743,7561
TLJ21,Brighton and Hove,2014,7054,7909
TLJ21,Brighton and Hove,2015,7323,8152
TLJ21,Brighton and Hove,2016,7734,8606
TLJ21,Brighton and Hove,2017,8098,9006
TLJ21,Brighton and Hove,2018,8442,9363
TLJ21,Brighton and Hove,2019,8879,9855
TLJ21,Brighton and Hove,2020,8710,9564
TLJ21,Brighton and Hove,2021,9461,10367
TLJ21,Brighton and Hove,2022,10919,11979
TLJ21,Brighton and Hove,2023,12213,13272
TLJ22,East Sussex CC,1998,4610,5471
TLJ22,East Sussex CC,1999,4856,5782
TLJ22,East Sussex CC,2000,5070,6040
TLJ22,East Sussex CC,2001,5309,6316
TLJ22,East Sussex CC,2002,5544,6592
TLJ22,East Sussex CC,2003,5769,6864
TLJ22,East Sussex CC,2004,5890,7038
TLJ22,East Sussex CC,2005,6200,7371
TLJ22,East Sussex CC,2006,6468,7692
TLJ22,East Sussex CC,2007,6651,7932
TLJ22,East Sussex CC,2008,7134,8417
TLJ22,East Sussex CC,2009,6884,8070
TLJ22,East Sussex CC,2010,6939,8311
TLJ22,East Sussex CC,2011,7016,8529
TLJ22,East Sussex CC,2012,7050,8561
TLJ22,East Sussex CC,2013,7222,8836
TLJ22,East Sussex CC,2014,7601,9289
TLJ22,East Sussex CC,2015,8062,9704
TLJ22,East Sussex CC,2016,8536,10237
TLJ22,East Sussex CC,2017,8742,10537
TLJ22,East Sussex CC,2018,8933,10731
TLJ22,East Sussex CC,2019,9342,11229
TLJ22,East Sussex CC,2020,9219,10953
TLJ22,East Sussex CC,2021,9885,11762
TLJ22,East Sussex CC,2022,10545,12622
TLJ22,East Sussex CC,2023,11575,13661
TLJ25,West Surrey,1998,14405,15911
TLJ25,West Surrey,1999,15397,17031
TLJ25,West Surrey,2000,16339,18070
TLJ25,West Surrey,2001,16918,18667
TLJ25,West Surrey,2002,17359,19166
TLJ25,West Surrey,2003,18021,19887
TLJ25,West Surrey,2004,18398,20380
TLJ25,West Surrey,2005,19263,21278
TLJ25,West Surrey,2006,20542,22714
TLJ25,West Surrey,2007,21242,23555
TLJ25,West Surrey,2008,22467,24701
TLJ25,West Surrey,2009,22158,24238
TLJ25,West Surrey,2010,22785,25202
TLJ25,West Surrey,2011,23098,25709
TLJ25,West Surrey,2012,23899,26542
TLJ25,West Surrey,2013,25041,27845
TLJ25,West Surrey,2014,26538,29526
TLJ25,West Surrey,2015,27972,30865
TLJ25,West Surrey,2016,28431,31471
TLJ25,West Surrey,2017,29308,32514
TLJ25,West Surrey,2018,30550,33779
TLJ25,West Surrey,2019,32616,35965
TLJ25,West Surrey,2020,33084,35989
TLJ25,West Surrey,2021,33081,36382
TLJ25,West Surrey,2022,35237,39005
TLJ25,West Surrey,2023,37350,40968
TLJ26,East Surrey,1998,8007,8828
TLJ26,East Surrey,1999,8439,9354
TLJ26,East Surrey,2000,8747,9753
TLJ26,East Surrey,2001,9166,10140
TLJ26,East Surrey,2002,9440,10449
TLJ26,East Surrey,2003,9652,10686
TLJ26,East Surrey,2004,10208,11325
TLJ26,East Surrey,2005,10810,11940
TLJ26,East Surrey,2006,11914,13164
TLJ26,East Surrey,2007,12367,13725
TLJ26,East Surrey,2008,12723,13990
TLJ26,East Surrey,2009,12841,14001
TLJ26,East Surrey,2010,13052,14406
TLJ26,East Surrey,2011,12944,14381
TLJ26,East Surrey,2012,13715,15165
TLJ26,East Surrey,2013,14378,15920
TLJ26,East Surrey,2014,14527,16143
TLJ26,East Surrey,2015,14195,15750
TLJ26,East Surrey,2016,13952,15562
TLJ26,East Surrey,2017,14162,15867
TLJ26,East Surrey,2018,13453,15146
TLJ26,East Surrey,2019,13794,15562
TLJ26,East Surrey,2020,12943,14447
TLJ26,East Surrey,2021,13694,15348
TLJ26,East Surrey,2022,15463,17399
TLJ26,East Surrey,2023,17271,19170
TLJ27,West Sussex (South West),1998,4948,5647
TLJ27,West Sussex (South West),1999,5389,6145
TLJ27,West Sussex (South West),2000,5630,6429
TLJ27,West Sussex (South West),2001,5769,6595
TLJ27,West Sussex (South West),2002,6161,7018
TLJ27,West Sussex (South West),2003,6494,7387
TLJ27,West Sussex (South West),2004,6548,7483
TLJ27,West Sussex (South West),2005,6695,7661
TLJ27,West Sussex (South West),2006,7011,8019
TLJ27,West Sussex (South West),2007,7273,8328
TLJ27,West Sussex (South West),2008,7768,8828
TLJ27,West Sussex (South West),2009,7456,8437
TLJ27,West Sussex (South West),2010,7697,8828
TLJ27,West Sussex (South West),2011,7807,9054
TLJ27,West Sussex (South West),2012,8224,9478
TLJ27,West Sussex (South West),2013,8469,9811
TLJ27,West Sussex (South West),2014,8580,9975
TLJ27,West Sussex (South West),2015,9072,10444
TLJ27,West Sussex (South West),2016,9564,10999
TLJ27,West Sussex (South West),2017,10267,11789
TLJ27,West Sussex (South West),2018,10719,12242
TLJ27,West Sussex (South West),2019,11168,12780
TLJ27,West Sussex (South West),2020,10886,12360
TLJ27,West Sussex (South West),2021,11529,13110
TLJ27,West Sussex (South West),2022,12265,14064
TLJ27,West Sussex (South West),2023,13445,15231
TLJ28,West Sussex (North East),1998,6537,7302
TLJ28,West Sussex (North East),1999,6876,7699
TLJ28,West Sussex (North East),2000,7070,7942
TLJ28,West Sussex (North East),2001,7198,8076
TLJ28,West Sussex (North East),2002,7508,8407
TLJ28,West Sussex (North East),2003,7738,8671
TLJ28,West Sussex (North East),2004,7784,8769
TLJ28,West Sussex (North East),2005,7998,9007
TLJ28,West Sussex (North East),2006,8460,9544
TLJ28,West Sussex (North East),2007,8765,10012
TLJ28,West Sussex (North East),2008,9451,10676
TLJ28,West Sussex (North East),2009,9162,10309
TLJ28,West Sussex (North East),2010,9470,10808
TLJ28,West Sussex (North East),2011,9600,11091
TLJ28,West Sussex (North East),2012,10004,11524
TLJ28,West Sussex (North East),2013,10120,11704
TLJ28,West Sussex (North East),2014,10471,12134
TLJ28,West Sussex (North East),2015,11141,12820
TLJ28,West Sussex (North East),2016,11572,13339
TLJ28,West Sussex (North East),2017,12051,13887
TLJ28,West Sussex (North East),2018,12563,14427
TLJ28,West Sussex (North East),2019,12999,14917
TLJ28,West Sussex (North East),2020,11577,12999
TLJ28,West Sussex (North East),2021,12141,13717
TLJ28,West Sussex (North East),2022,13141,15077
TLJ28,West Sussex (North East),2023,14517,16514
TLJ31,Portsmouth,1998,2828,3120
TLJ31,Portsmouth,1999,2910,3219
TLJ31,Portsmouth,2000,3040,3362
TLJ31,Portsmouth,2001,3193,3530
TLJ31,Portsmouth,2002,3389,3737
TLJ31,Portsmouth,2003,3549,3912
TLJ31,Portsmouth,2004,3803,4186
TLJ31,Portsmouth,2005,4035,4427
TLJ31,Portsmouth,2006,4183,4586
TLJ31,Portsmouth,2007,4474,4892
TLJ31,Portsmouth,2008,4768,5184
TLJ31,Portsmouth,2009,4741,5131
TLJ31,Portsmouth,2010,4836,5300
TLJ31,Portsmouth,2011,4941,5465
TLJ31,Portsmouth,2012,5231,5782
TLJ31,Portsmouth,2013,5374,5969
TLJ31,Portsmouth,2014,5562,6179
TLJ31,Portsmouth,2015,5547,6196
TLJ31,Portsmouth,2016,5512,6236
TLJ31,Portsmouth,2017,5833,6616
TLJ31,Portsmouth,2018,5927,6729
TLJ31,Portsmouth,2019,6431,7212
TLJ31,Portsmouth,2020,6359,7028
TLJ31,Portsmouth,2021,6535,7309
TLJ31,Portsmouth,2022,6962,7808
TLJ31,Portsmouth,2023,7851,8689
TLJ32,Southampton,1998,3346,3662
TLJ32,Southampton,1999,3417,3756
TLJ32,Southampton,2000,3526,3881
TLJ32,Southampton,2001,3707,4077
TLJ32,Southampton,2002,4010,4386
TLJ32,Southampton,2003,4264,4658
TLJ32,Southampton,2004,4719,5140
TLJ32,Southampton,2005,5001,5435
TLJ32,Southampton,2006,5111,5553
TLJ32,Southampton,2007,5408,5870
TLJ32,Southampton,2008,5739,6192
TLJ32,Southampton,2009,5941,6351
TLJ32,Southampton,2010,6107,6598
TLJ32,Southampton,2011,6564,7126
TLJ32,Southampton,2012,6630,7226
TLJ32,Southampton,2013,6771,7418
TLJ32,Southampton,2014,6975,7641
TLJ32,Southampton,2015,7465,8166
TLJ32,Southampton,2016,7529,8312
TLJ32,Southampton,2017,8277,9113
TLJ32,Southampton,2018,8553,9422
TLJ32,Southampton,2019,8845,9688
TLJ32,Southampton,2020,8461,9178
TLJ32,Southampton,2021,8738,9596
TLJ32,Southampton,2022,9025,9958
TLJ32,Southampton,2023,9983,10905
TLJ34,Isle of Wight,1998,1194,1373
TLJ34,Isle of Wight,1999,1238,1432
TLJ34,Isle of Wight,2000,1297,1502
TLJ34,Isle of Wight,2001,1343,1560
TLJ34,Isle of Wight,2002,1447,1674
TLJ34,Isle of Wight,2003,1519,1756
TLJ34,Isle of Wight,2004,1619,1866
TLJ34,Isle of Wight,2005,1676,1932
TLJ34,Isle of Wight,2006,1768,2038
TLJ34,Isle of Wight,2007,1811,2092
TLJ34,Isle of Wight,2008,1922,2199
TLJ34,Isle of Wight,2009,1856,2109
TLJ34,Isle of Wight,2010,1891,2189
TLJ34,Isle of Wight,2011,1963,2298
TLJ34,Isle of Wight,2012,2062,2409
TLJ34,Isle of Wight,2013,2202,2576
TLJ34,Isle of Wight,2014,2319,2703
TLJ34,Isle of Wight,2015,2367,2769
TLJ34,Isle of Wight,2016,2324,2769
TLJ34,Isle of Wight,2017,2423,2905
TLJ34,Isle of Wight,2018,2452,2952
TLJ34,Isle of Wight,2019,2639,3127
TLJ34,Isle of Wight,2020,2544,2977
TLJ34,Isle of Wight,2021,2697,3194
TLJ34,Isle of Wight,2022,2995,3534
TLJ34,Isle of Wight,2023,3246,3774
TLJ35,South Hampshire,1998,5610,6318
TLJ35,South Hampshire,1999,5646,6399
TLJ35,South Hampshire,2000,5955,6751
TLJ35,South Hampshire,2001,6239,7082
TLJ35,South Hampshire,2002,6504,7366
TLJ35,South Hampshire,2003,6679,7566
TLJ35,South Hampshire,2004,6976,7912
TLJ35,South Hampshire,2005,7321,8285
TLJ35,South Hampshire,2006,7597,8617
TLJ35,South Hampshire,2007,7959,9027
TLJ35,South Hampshire,2008,8389,9415
TLJ35,South Hampshire,2009,8177,9125
TLJ35,South Hampshire,2010,8593,9709
TLJ35,South Hampshire,2011,8842,10081
TLJ35,South Hampshire,2012,9234,10536
TLJ35,South Hampshire,2013,9530,10928
TLJ35,South Hampshire,2014,10059,11490
TLJ35,South Hampshire,2015,10201,11697
TLJ35,South Hampshire,2016,10496,12167
TLJ35,South Hampshire,2017,10856,12639
TLJ35,South Hampshire,2018,10577,12371
TLJ35,South Hampshire,2019,11046,12783
TLJ35,South Hampshire,2020,10638,12158
TLJ35,South Hampshire,2021,11154,12914
TLJ35,South Hampshire,2022,12081,13971
TLJ35,South Hampshire,2023,13109,14979
TLJ36,Central Hampshire,1998,8011,8934
TLJ36,Central Hampshire,1999,8150,9138
TLJ36,Central Hampshire,2000,8571,9605
TLJ36,Central Hampshire,2001,8984,10059
TLJ36,Central Hampshire,2002,9218,10324
TLJ36,Central Hampshire,2003,9583,10728
TLJ36,Central Hampshire,2004,10015,11223
TLJ36,Central Hampshire,2005,10491,11751
TLJ36,Central Hampshire,2006,10771,12106
TLJ36,Central Hampshire,2007,11278,12674
TLJ36,Central Hampshire,2008,11750,13103
TLJ36,Central Hampshire,2009,11529,12800
TLJ36,Central Hampshire,2010,11969,13449
TLJ36,Central Hampshire,2011,12280,13901
TLJ36,Central Hampshire,2012,12657,14332
TLJ36,Central Hampshire,2013,13044,14840
TLJ36,Central Hampshire,2014,13583,15469
TLJ36,Central Hampshire,2015,14283,16269
TLJ36,Central Hampshire,2016,14582,16789
TLJ36,Central Hampshire,2017,15136,17536
TLJ36,Central Hampshire,2018,15492,17920
TLJ36,Central Hampshire,2019,16425,18813
TLJ36,Central Hampshire,2020,15485,17542
TLJ36,Central Hampshire,2021,16547,19006
TLJ36,Central Hampshire,2022,17912,20502
TLJ36,Central Hampshire,2023,19148,21674
TLJ37,North Hampshire,1998,6950,7548
TLJ37,North Hampshire,1999,7109,7748
TLJ37,North Hampshire,2000,7643,8311
TLJ37,North Hampshire,2001,8158,8858
TLJ37,North Hampshire,2002,8694,9406
TLJ37,North Hampshire,2003,8945,9669
TLJ37,North Hampshire,2004,9398,10172
TLJ37,North Hampshire,2005,9867,10687
TLJ37,North Hampshire,2006,10114,10994
TLJ37,North Hampshire,2007,10763,11695
TLJ37,North Hampshire,2008,11256,12153
TLJ37,North Hampshire,2009,11274,12106
TLJ37,North Hampshire,2010,11698,12675
TLJ37,North Hampshire,2011,11990,13068
TLJ37,North Hampshire,2012,12242,13365
TLJ37,North Hampshire,2013,12898,14102
TLJ37,North Hampshire,2014,12973,14240
TLJ37,North Hampshire,2015,13143,14447
TLJ37,North Hampshire,2016,13607,15037
TLJ37,North Hampshire,2017,14108,15636
TLJ37,North Hampshire,2018,15074,16711
TLJ37,North Hampshire,2019,16630,18259
TLJ37,North Hampshire,2020,16217,17605
TLJ37,North Hampshire,2021,17047,18678
TLJ37,North Hampshire,2022,17867,19718
TLJ37,North Hampshire,2023,19285,21025
TLJ41,Medway,1998,2589,2938
TLJ41,Medway,1999,2657,3030
TLJ41,Medway,2000,2692,3085
TLJ41,Medway,2001,2823,3237
TLJ41,Medway,2002,2979,3404
TLJ41,Medway,2003,3175,3619
TLJ41,Medway,2004,3348,3810
TLJ41,Medway,2005,3578,4048
TLJ41,Medway,2006,3746,4240
TLJ41,Medway,2007,3899,4417
TLJ41,Medway,2008,4154,4670
TLJ41,Medway,2009,4047,4525
TLJ41,Medway,2010,4166,4743
TLJ41,Medway,2011,4270,4912
TLJ41,Medway,2012,4472,5160
TLJ41,Medway,2013,4622,5355
TLJ41,Medway,2014,4725,5473
TLJ41,Medway,2015,4852,5634
TLJ41,Medway,2016,5053,5893
TLJ41,Medway,2017,5346,6208
TLJ41,Medway,2018,5490,6373
TLJ41,Medway,2019,5889,6794
TLJ41,Medway,2020,5977,6762
TLJ41,Medway,2021,5966,6875
TLJ41,Medway,2022,6760,7748
TLJ41,Medway,2023,7657,8641
TLJ43,Kent Thames Gateway,1998,4168,4671
TLJ43,Kent Thames Gateway,1999,4297,4835
TLJ43,Kent Thames Gateway,2000,4365,4934
TLJ43,Kent Thames Gateway,2001,4554,5150
TLJ43,Kent Thames Gateway,2002,4873,5482
TLJ43,Kent Thames Gateway,2003,5172,5809
TLJ43,Kent Thames Gateway,2004,5324,5998
TLJ43,Kent Thames Gateway,2005,5517,6215
TLJ43,Kent Thames Gateway,2006,5594,6331
TLJ43,Kent Thames Gateway,2007,5833,6610
TLJ43,Kent Thames Gateway,2008,6265,7025
TLJ43,Kent Thames Gateway,2009,5799,6520
TLJ43,Kent Thames Gateway,2010,5968,6834
TLJ43,Kent Thames Gateway,2011,6153,7106
TLJ43,Kent Thames Gateway,2012,6358,7355
TLJ43,Kent Thames Gateway,2013,6587,7655
TLJ43,Kent Thames Gateway,2014,7013,8165
TLJ43,Kent Thames Gateway,2015,7480,8677
TLJ43,Kent Thames Gateway,2016,8015,9293
TLJ43,Kent Thames Gateway,2017,7945,9218
TLJ43,Kent Thames Gateway,2018,8251,9534
TLJ43,Kent Thames Gateway,2019,8804,10102
TLJ43,Kent Thames Gateway,2020,8551,9710
TLJ43,Kent Thames Gateway,2021,9129,10539
TLJ43,Kent Thames Gateway,2022,9375,10874
TLJ43,Kent Thames Gateway,2023,10182,11625
TLJ44,East Kent,1998,5169,5728
TLJ44,East Kent,1999,5423,6027
TLJ44,East Kent,2000,5699,6359
TLJ44,East Kent,2001,5870,6548
TLJ44,East Kent,2002,6025,6676
TLJ44,East Kent,2003,6389,7086
TLJ44,East Kent,2004,6807,7577
TLJ44,East Kent,2005,7176,7975
TLJ44,East Kent,2006,7271,8083
TLJ44,East Kent,2007,7462,8366
TLJ44,East Kent,2008,8095,8994
TLJ44,East Kent,2009,7699,8518
TLJ44,East Kent,2010,7883,8911
TLJ44,East Kent,2011,8149,9331
TLJ44,East Kent,2012,8182,9441
TLJ44,East Kent,2013,8407,9734
TLJ44,East Kent,2014,8729,10098
TLJ44,East Kent,2015,9048,10494
TLJ44,East Kent,2016,9234,10775
TLJ44,East Kent,2017,9737,11299
TLJ44,East Kent,2018,10059,11650
TLJ44,East Kent,2019,10306,11914
TLJ44,East Kent,2020,9999,11301
TLJ44,East Kent,2021,10458,12004
TLJ44,East Kent,2022,11863,13575
TLJ44,East Kent,2023,13019,14669
TLJ45,Mid Kent,1998,3529,3910
TLJ45,Mid Kent,1999,3640,4051
TLJ45,Mid Kent,2000,3747,4191
TLJ45,Mid Kent,2001,3916,4372
TLJ45,Mid Kent,2002,4097,4555
TLJ45,Mid Kent,2003,4317,4796
TLJ45,Mid Kent,2004,4536,5045
TLJ45,Mid Kent,2005,4786,5318
TLJ45,Mid Kent,2006,4992,5549
TLJ45,Mid Kent,2007,5236,5838
TLJ45,Mid Kent,2008,5562,6156
TLJ45,Mid Kent,2009,5287,5839
TLJ45,Mid Kent,2010,5446,6111
TLJ45,Mid Kent,2011,5581,6325
TLJ45,Mid Kent,2012,5676,6461
TLJ45,Mid Kent,2013,5829,6662
TLJ45,Mid Kent,2014,6175,7041
TLJ45,Mid Kent,2015,6458,7367
TLJ45,Mid Kent,2016,6633,7606
TLJ45,Mid Kent,2017,6840,7839
TLJ45,Mid Kent,2018,7171,8210
TLJ45,Mid Kent,2019,7739,8790
TLJ45,Mid Kent,2020,7601,8519
TLJ45,Mid Kent,2021,7911,8995
TLJ45,Mid Kent,2022,8640,9848
TLJ45,Mid Kent,2023,9489,10656
TLJ46,West Kent,1998,5587,6216
TLJ46,West Kent,1999,5771,6490
TLJ46,West Kent,2000,5835,6652
TLJ46,West Kent,2001,6104,6896
TLJ46,West Kent,2002,6329,7124
TLJ46,West Kent,2003,6620,7439
TLJ46,West Kent,2004,6932,7821
TLJ46,West Kent,2005,7464,8409
TLJ46,West Kent,2006,7698,8732
TLJ46,West Kent,2007,8010,9087
TLJ46,West Kent,2008,8501,9483
TLJ46,West Kent,2009,8271,9175
TLJ46,West Kent,2010,8546,9625
TLJ46,West Kent,2011,8867,10032
TLJ46,West Kent,2012,9096,10320
TLJ46,West Kent,2013,9453,10762
TLJ46,West Kent,2014,9676,10985
TLJ46,West Kent,2015,10314,11660
TLJ46,West Kent,2016,10998,12443
TLJ46,West Kent,2017,11452,12928
TLJ46,West Kent,2018,11938,13454
TLJ46,West Kent,2019,12513,14016
TLJ46,West Kent,2020,12213,13519
TLJ46,West Kent,2021,12786,14344
TLJ46,West Kent,2022,13478,15162
TLJ46,West Kent,2023,14618,16157
TLK30,Cornwall and Isles of Scilly,1998,4926,5613
TLK30,Cornwall and Isles of Scilly,1999,5079,5819
TLK30,Cornwall and Isles of Scilly,2000,5373,6155
TLK30,Cornwall and Isles of Scilly,2001,5663,6467
TLK30,Cornwall and Isles of Scilly,2002,6117,6973
TLK30,Cornwall and Isles of Scilly,2003,6644,7558
TLK30,Cornwall and Isles of Scilly,2004,6894,7858
TLK30,Cornwall and Isles of Scilly,2005,7262,8357
TLK30,Cornwall and Isles of Scilly,2006,7778,8922
TLK30,Cornwall and Isles of Scilly,2007,7931,9141
TLK30,Cornwall and Isles of Scilly,2008,8374,9575
TLK30,Cornwall and Isles of Scilly,2009,7970,9062
TLK30,Cornwall and Isles of Scilly,2010,8055,9285
TLK30,Cornwall and Isles of Scilly,2011,8300,9653
TLK30,Cornwall and Isles of Scilly,2012,8568,10026
TLK30,Cornwall and Isles of Scilly,2013,8843,10419
TLK30,Cornwall and Isles of Scilly,2014,9173,10763
TLK30,Cornwall and Isles of Scilly,2015,9469,10979
TLK30,Cornwall and Isles of Scilly,2016,9942,11570
TLK30,Cornwall and Isles of Scilly,2017,10859,12484
TLK30,Cornwall and Isles of Scilly,2018,11152,13008
TLK30,Cornwall and Isles of Scilly,2019,11481,13526
TLK30,Cornwall and Isles of Scilly,2020,11001,12509
TLK30,Cornwall and Isles of Scilly,2021,12694,14416
TLK30,Cornwall and Isles of Scilly,2022,13532,15737
TLK30,Cornwall and Isles of Scilly,2023,14451,16616
TLK41,Plymouth,1998,2774,3123
TLK41,Plymouth,1999,2924,3296
TLK41,Plymouth,2000,2968,3350
TLK41,Plymouth,2001,3142,3530
TLK41,Plymouth,2002,3267,3677
TLK41,Plymouth,2003,3466,3900
TLK41,Plymouth,2004,3811,4276
TLK41,Plymouth,2005,3941,4417
TLK41,Plymouth,2006,4199,4690
TLK41,Plymouth,2007,4255,4773
TLK41,Plymouth,2008,4463,4978
TLK41,Plymouth,2009,4394,4863
TLK41,Plymouth,2010,4537,5078
TLK41,Plymouth,2011,4676,5286
TLK41,Plymouth,2012,4798,5463
TLK41,Plymouth,2013,4928,5620
TLK41,Plymouth,2014,5054,5790
TLK41,Plymouth,2015,5218,5980
TLK41,Plymouth,2016,5430,6180
TLK41,Plymouth,2017,5572,6357
TLK41,Plymouth,2018,5731,6563
TLK41,Plymouth,2019,5883,6694
TLK41,Plymouth,2020,5490,6206
TLK41,Plymouth,2021,6340,7131
TLK41,Plymouth,2022,6748,7662
TLK41,Plymouth,2023,7274,8182
TLK42,Torbay,1998,1156,1323
TLK42,Torbay,1999,1225,1406
TLK42,Torbay,2000,1256,1439
TLK42,Torbay,2001,1311,1499
TLK42,Torbay,2002,1357,1557
TLK42,Torbay,2003,1424,1635
TLK42,Torbay,2004,1586,1813
TLK42,Torbay,2005,1655,1889
TLK42,Torbay,2006,1742,1983
TLK42,Torbay,2007,1768,2023
TLK42,Torbay,2008,1808,2064
TLK42,Torbay,2009,1735,1971
TLK42,Torbay,2010,1783,2056
TLK42,Torbay,2011,1776,2084
TLK42,Torbay,2012,1778,2111
TLK42,Torbay,2013,1849,2193
TLK42,Torbay,2014,1870,2231
TLK42,Torbay,2015,1860,2234
TLK42,Torbay,2016,1895,2267
TLK42,Torbay,2017,1893,2289
TLK42,Torbay,2018,1843,2262
TLK42,Torbay,2019,1939,2349
TLK42,Torbay,2020,1849,2218
TLK42,Torbay,2021,2207,2606
TLK42,Torbay,2022,2341,2798
TLK42,Torbay,2023,2543,2996
TLK43,Devon CC,1998,8685,9734
TLK43,Devon CC,1999,9091,10225
TLK43,Devon CC,2000,9342,10536
TLK43,Devon CC,2001,9726,10953
TLK43,Devon CC,2002,10274,11553
TLK43,Devon CC,2003,10867,12222
TLK43,Devon CC,2004,11735,13189
TLK43,Devon CC,2005,12196,13749
TLK43,Devon CC,2006,12870,14492
TLK43,Devon CC,2007,13042,14750
TLK43,Devon CC,2008,13535,15211
TLK43,Devon CC,2009,13262,14804
TLK43,Devon CC,2010,13760,15534
TLK43,Devon CC,2011,13984,15959
TLK43,Devon CC,2012,14299,16418
TLK43,Devon CC,2013,14866,17085
TLK43,Devon CC,2014,15426,17788
TLK43,Devon CC,2015,15972,18421
TLK43,Devon CC,2016,16470,18946
TLK43,Devon CC,2017,17288,19955
TLK43,Devon CC,2018,17570,20356
TLK43,Devon CC,2019,18244,21005
TLK43,Devon CC,2020,17082,19453
TLK43,Devon CC,2021,19992,22697
TLK43,Devon CC,2022,21621,24750
TLK43,Devon CC,2023,23329,26397
TLK51,"Bristol, City of",1998,6366,6911
TLK51,"Bristol, City of",1999,6657,7238
TLK51,"Bristol, City of",2000,7023,7644
TLK51,"Bristol, City of",2001,7632,8243
TLK51,"Bristol, City of",2002,7966,8594
TLK51,"Bristol, City of",2003,8334,9001
TLK51,"Bristol, City of",2004,8800,9574
TLK51,"Bristol, City of",2005,9081,9878
TLK51,"Bristol, City of",2006,9521,10351
TLK51,"Bristol, City of",2007,10273,11172
TLK51,"Bristol, City of",2008,10771,11686
TLK51,"Bristol, City of",2009,11047,11875
TLK51,"Bristol, City of",2010,11547,12494
TLK51,"Bristol, City of",2011,11495,12586
TLK51,"Bristol, City of",2012,11996,13143
TLK51,"Bristol, City of",2013,12226,13399
TLK51,"Bristol, City of",2014,12830,14074
TLK51,"Bristol, City of",2015,13426,14717
TLK51,"Bristol, City of",2016,14293,15675
TLK51,"Bristol, City of",2017,15274,16769
TLK51,"Bristol, City of",2018,15099,16670
TLK51,"Bristol, City of",2019,15900,17534
TLK51,"Bristol, City of",2020,15343,16769
TLK51,"Bristol, City of",2021,17480,19190
TLK51,"Bristol, City of",2022,18883,20651
TLK51,"Bristol, City of",2023,21027,22772
TLK52,Bath & North East Somerset and South Gloucestershire,1998,7020,7751
TLK52,Bath & North East Somerset and South Gloucestershire,1999,7396,8182
TLK52,Bath & North East Somerset and South Gloucestershire,2000,7871,8702
TLK52,Bath & North East Somerset and South Gloucestershire,2001,8467,9310
TLK52,Bath & North East Somerset and South Gloucestershire,2002,8914,9804
TLK52,Bath & North East Somerset and South Gloucestershire,2003,9412,10353
TLK52,Bath & North East Somerset and South Gloucestershire,2004,9846,10874
TLK52,Bath & North East Somerset and South Gloucestershire,2005,10229,11290
TLK52,Bath & North East Somerset and South Gloucestershire,2006,10672,11805
TLK52,Bath & North East Somerset and South Gloucestershire,2007,11120,12311
TLK52,Bath & North East Somerset and South Gloucestershire,2008,11753,12894
TLK52,Bath & North East Somerset and South Gloucestershire,2009,11613,12647
TLK52,Bath & North East Somerset and South Gloucestershire,2010,12009,13187
TLK52,Bath & North East Somerset and South Gloucestershire,2011,12276,13591
TLK52,Bath & North East Somerset and South Gloucestershire,2012,12902,14257
TLK52,Bath & North East Somerset and South Gloucestershire,2013,13054,14450
TLK52,Bath & North East Somerset and South Gloucestershire,2014,14052,15537
TLK52,Bath & North East Somerset and South Gloucestershire,2015,14135,15657
TLK52,Bath & North East Somerset and South Gloucestershire,2016,14779,16401
TLK52,Bath & North East Somerset and South Gloucestershire,2017,15042,16783
TLK52,Bath & North East Somerset and South Gloucestershire,2018,15658,17491
TLK52,Bath & North East Somerset and South Gloucestershire,2019,16462,18333
TLK52,Bath & North East Somerset and South Gloucestershire,2020,16207,17817
TLK52,Bath & North East Somerset and South Gloucestershire,2021,17907,19860
TLK52,Bath & North East Somerset and South Gloucestershire,2022,19909,21939
TLK52,Bath & North East Somerset and South Gloucestershire,2023,22349,24337
TLK61,North Somerset,1998,2200,2518
TLK61,North Somerset,1999,2292,2632
TLK61,North Somerset,2000,2387,2743
TLK61,North Somerset,2001,2515,2874
TLK61,North Somerset,2002,2623,2998
TLK61,North Somerset,2003,2741,3141
TLK61,North Somerset,2004,2870,3303
TLK61,North Somerset,2005,2953,3404
TLK61,North Somerset,2006,3037,3505
TLK61,North Somerset,2007,3157,3660
TLK61,North Somerset,2008,3263,3773
TLK61,North Somerset,2009,3137,3609
TLK61,North Somerset,2010,3248,3777
TLK61,North Somerset,2011,3273,3866
TLK61,North Somerset,2012,3394,4006
TLK61,North Somerset,2013,3579,4206
TLK61,North Somerset,2014,3793,4453
TLK61,North Somerset,2015,3903,4585
TLK61,North Somerset,2016,4125,4846
TLK61,North Somerset,2017,4140,4905
TLK61,North Somerset,2018,4281,5080
TLK61,North Somerset,2019,4467,5293
TLK61,North Somerset,2020,4352,5041
TLK61,North Somerset,2021,4846,5671
TLK61,North Somerset,2022,5155,6018
TLK61,North Somerset,2023,5719,6580
TLK62,Somerset,1998,6138,6918
TLK62,Somerset,1999,6486,7328
TLK62,Somerset,2000,6822,7706
TLK62,Somerset,2001,6927,7824
TLK62,Somerset,2002,7190,8135
TLK62,Somerset,2003,7497,8507
TLK62,Somerset,2004,7907,8986
TLK62,Somerset,2005,8371,9530
TLK62,Somerset,2006,8783,10004
TLK62,Somerset,2007,8901,10185
TLK62,Somerset,2008,9340,10603
TLK62,Somerset,2009,9140,10306
TLK62,Somerset,2010,9241,10590
TLK62,Somerset,2011,9488,10913
TLK62,Somerset,2012,9701,11126
TLK62,Somerset,2013,9727,11278
TLK62,Somerset,2014,10423,12027
TLK62,Somerset,2015,10665,12232
TLK62,Somerset,2016,10837,12462
TLK62,Somerset,2017,11600,13376
TLK62,Somerset,2018,12069,13928
TLK62,Somerset,2019,12354,14331
TLK62,Somerset,2020,12069,13858
TLK62,Somerset,2021,12780,14723
TLK62,Somerset,2022,13871,16064
TLK62,Somerset,2023,15512,17717
TLK63,"Bournemouth, Christchurch and Poole",1998,4897,5395
TLK63,"Bournemouth, Christchurch and Poole",1999,5177,5715
TLK63,"Bournemouth, Christchurch and Poole",2000,5434,5992
TLK63,"Bournemouth, Christchurch and Poole",2001,5630,6195
TLK63,"Bournemouth, Christchurch and Poole",2002,5762,6357
TLK63,"Bournemouth, Christchurch and Poole",2003,6150,6783
TLK63,"Bournemouth, Christchurch and Poole",2004,6468,7147
TLK63,"Bournemouth, Christchurch and Poole",2005,6907,7609
TLK63,"Bournemouth, Christchurch and Poole",2006,7251,7987
TLK63,"Bournemouth, Christchurch and Poole",2007,7538,8317
TLK63,"Bournemouth, Christchurch and Poole",2008,7936,8707
TLK63,"Bournemouth, Christchurch and Poole",2009,7852,8555
TLK63,"Bournemouth, Christchurch and Poole",2010,7877,8711
TLK63,"Bournemouth, Christchurch and Poole",2011,8016,8912
TLK63,"Bournemouth, Christchurch and Poole",2012,8142,9047
TLK63,"Bournemouth, Christchurch and Poole",2013,8578,9572
TLK63,"Bournemouth, Christchurch and Poole",2014,8879,9915
TLK63,"Bournemouth, Christchurch and Poole",2015,9107,10116
TLK63,"Bournemouth, Christchurch and Poole",2016,9651,10705
TLK63,"Bournemouth, Christchurch and Poole",2017,10421,11578
TLK63,"Bournemouth, Christchurch and Poole",2018,10406,11609
TLK63,"Bournemouth, Christchurch and Poole",2019,10861,12143
TLK63,"Bournemouth, Christchurch and Poole",2020,10419,11599
TLK63,"Bournemouth, Christchurch and Poole",2021,11404,12673
TLK63,"Bournemouth, Christchurch and Poole",2022,12339,13798
TLK63,"Bournemouth, Christchurch and Poole",2023,13545,14969
TLK64,Dorset,1998,4170,4689
TLK64,Dorset,1999,4459,5018
TLK64,Dorset,2000,4764,5352
TLK64,Dorset,2001,4766,5358
TLK64,Dorset,2002,4892,5514
TLK64,Dorset,2003,5032,5695
TLK64,Dorset,2004,5218,5928
TLK64,Dorset,2005,5518,6282
TLK64,Dorset,2006,5724,6528
TLK64,Dorset,2007,5841,6684
TLK64,Dorset,2008,6294,7121
TLK64,Dorset,2009,6026,6783
TLK64,Dorset,2010,6189,7066
TLK64,Dorset,2011,6256,7185
TLK64,Dorset,2012,6464,7394
TLK64,Dorset,2013,6577,7593
TLK64,Dorset,2014,6909,7953
TLK64,Dorset,2015,6968,7984
TLK64,Dorset,2016,7107,8156
TLK64,Dorset,2017,7429,8568
TLK64,Dorset,2018,7981,9176
TLK64,Dorset,2019,8232,9501
TLK64,Dorset,2020,7910,9028
TLK64,Dorset,2021,8679,9921
TLK64,Dorset,2022,9537,10962
TLK64,Dorset,2023,9981,11380
TLK71,Swindon,1998,3950,4266
TLK71,Swindon,1999,4106,4441
TLK71,Swindon,2000,4266,4610
TLK71,Swindon,2001,4674,5039
TLK71,Swindon,2002,4921,5310
TLK71,Swindon,2003,5309,5721
TLK71,Swindon,2004,5559,5999
TLK71,Swindon,2005,5919,6375
TLK71,Swindon,2006,6370,6845
TLK71,Swindon,2007,7041,7542
TLK71,Swindon,2008,7507,8012
TLK71,Swindon,2009,7482,7952
TLK71,Swindon,2010,7572,8102
TLK71,Swindon,2011,7427,8024
TLK71,Swindon,2012,7501,8103
TLK71,Swindon,2013,7759,8381
TLK71,Swindon,2014,8435,9115
TLK71,Swindon,2015,8760,9476
TLK71,Swindon,2016,8894,9641
TLK71,Swindon,2017,9105,9886
TLK71,Swindon,2018,9794,10638
TLK71,Swindon,2019,10155,11021
TLK71,Swindon,2020,9303,10075
TLK71,Swindon,2021,9878,10781
TLK71,Swindon,2022,11888,12878
TLK71,Swindon,2023,12707,13650
TLK72,Wiltshire,1998,5800,6510
TLK72,Wiltshire,1999,6120,6883
TLK72,Wiltshire,2000,6409,7212
TLK72,Wiltshire,2001,6924,7741
TLK72,Wiltshire,2002,7190,8044
TLK72,Wiltshire,2003,7484,8386
TLK72,Wiltshire,2004,7796,8788
TLK72,Wiltshire,2005,8022,9068
TLK72,Wiltshire,2006,8239,9343
TLK72,Wiltshire,2007,8659,9835
TLK72,Wiltshire,2008,9067,10223
TLK72,Wiltshire,2009,8933,9989
TLK72,Wiltshire,2010,9378,10581
TLK72,Wiltshire,2011,9568,10924
TLK72,Wiltshire,2012,9955,11346
TLK72,Wiltshire,2013,10254,11676
TLK72,Wiltshire,2014,10866,12365
TLK72,Wiltshire,2015,10841,12358
TLK72,Wiltshire,2016,11169,12735
TLK72,Wiltshire,2017,11438,13119
TLK72,Wiltshire,2018,11812,13566
TLK72,Wiltshire,2019,12228,14055
TLK72,Wiltshire,2020,11837,13393
TLK72,Wiltshire,2021,13025,14931
TLK72,Wiltshire,2022,14175,16111
TLK72,Wiltshire,2023,15345,17265
TLK73,Gloucestershire CC,1998,8983,9947
TLK73,Gloucestershire CC,1999,9333,10370
TLK73,Gloucestershire CC,2000,9718,10809
TLK73,Gloucestershire CC,2001,10323,11426
TLK73,Gloucestershire CC,2002,10615,11764
TLK73,Gloucestershire CC,2003,11073,12291
TLK73,Gloucestershire CC,2004,11530,12846
TLK73,Gloucestershire CC,2005,12044,13423
TLK73,Gloucestershire CC,2006,12338,13786
TLK73,Gloucestershire CC,2007,12947,14477
TLK73,Gloucestershire CC,2008,13329,14860
TLK73,Gloucestershire CC,2009,13266,14665
TLK73,Gloucestershire CC,2010,14043,15630
TLK73,Gloucestershire CC,2011,13996,15772
TLK73,Gloucestershire CC,2012,14375,16191
TLK73,Gloucestershire CC,2013,14909,16779
TLK73,Gloucestershire CC,2014,15673,17642
TLK73,Gloucestershire CC,2015,15833,17859
TLK73,Gloucestershire CC,2016,16126,18245
TLK73,Gloucestershire CC,2017,17216,19500
TLK73,Gloucestershire CC,2018,17643,20022
TLK73,Gloucestershire CC,2019,18822,21287
TLK73,Gloucestershire CC,2020,17969,20082
TLK73,Gloucestershire CC,2021,19460,22024
TLK73,Gloucestershire CC,2022,20626,23269
TLK73,Gloucestershire CC,2023,22169,24782
TLL31,Isle of Anglesey,1998,579,671
TLL31,Isle of Anglesey,1999,585,685
TLL31,Isle of Anglesey,2000,611,714
TLL31,Isle of Anglesey,2001,632,740
TLL31,Isle of Anglesey,2002,657,767
TLL31,Isle of Anglesey,2003,722,839
TLL31,Isle of Anglesey,2004,820,943
TLL31,Isle of Anglesey,2005,830,970
TLL31,Isle of Anglesey,2006,858,1001
TLL31,Isle of Anglesey,2007,865,1013
TLL31,Isle of Anglesey,2008,872,1022
TLL31,Isle of Anglesey,2009,810,945
TLL31,Isle of Anglesey,2010,804,955
TLL31,Isle of Anglesey,2011,852,1018
TLL31,Isle of Anglesey,2012,874,1044
TLL31,Isle of Anglesey,2013,883,1062
TLL31,Isle of Anglesey,2014,890,1078
TLL31,Isle of Anglesey,2015,946,1139
TLL31,Isle of Anglesey,2016,1007,1209
TLL31,Isle of Anglesey,2017,1032,1246
TLL31,Isle of Anglesey,2018,1074,1296
TLL31,Isle of Anglesey,2019,1127,1357
TLL31,Isle of Anglesey,2020,1021,1200
TLL31,Isle of Anglesey,2021,1145,1350
TLL31,Isle of Anglesey,2022,1378,1599
TLL31,Isle of Anglesey,2023,1455,1682
TLL32,Gwynedd,1998,1328,1506
TLL32,Gwynedd,1999,1318,1508
TLL32,Gwynedd,2000,1364,1562
TLL32,Gwynedd,2001,1404,1613
TLL32,Gwynedd,2002,1519,1740
TLL32,Gwynedd,2003,1643,1879
TLL32,Gwynedd,2004,1726,1973
TLL32,Gwynedd,2005,1846,2115
TLL32,Gwynedd,2006,1972,2260
TLL32,Gwynedd,2007,2015,2313
TLL32,Gwynedd,2008,2050,2343
TLL32,Gwynedd,2009,1990,2255
TLL32,Gwynedd,2010,1966,2259
TLL32,Gwynedd,2011,2041,2361
TLL32,Gwynedd,2012,2098,2421
TLL32,Gwynedd,2013,2200,2541
TLL32,Gwynedd,2014,2182,2547
TLL32,Gwynedd,2015,2231,2603
TLL32,Gwynedd,2016,2230,2614
TLL32,Gwynedd,2017,2357,2765
TLL32,Gwynedd,2018,2396,2816
TLL32,Gwynedd,2019,2470,2903
TLL32,Gwynedd,2020,2218,2591
TLL32,Gwynedd,2021,2426,2856
TLL32,Gwynedd,2022,2616,3069
TLL32,Gwynedd,2023,2842,3312
TLL33,Conwy and Denbighshire,1998,1836,2133
TLL33,Conwy and Denbighshire,1999,1856,2176
TLL33,Conwy and Denbighshire,2000,1936,2269
TLL33,Conwy and Denbighshire,2001,2024,2370
TLL33,Conwy and Denbighshire,2002,2170,2530
TLL33,Conwy and Denbighshire,2003,2303,2686
TLL33,Conwy and Denbighshire,2004,2443,2844
TLL33,Conwy and Denbighshire,2005,2537,2974
TLL33,Conwy and Denbighshire,2006,2644,3110
TLL33,Conwy and Denbighshire,2007,2685,3169
TLL33,Conwy and Denbighshire,2008,2726,3204
TLL33,Conwy and Denbighshire,2009,2632,3065
TLL33,Conwy and Denbighshire,2010,2724,3203
TLL33,Conwy and Denbighshire,2011,2831,3356
TLL33,Conwy and Denbighshire,2012,2864,3392
TLL33,Conwy and Denbighshire,2013,3055,3618
TLL33,Conwy and Denbighshire,2014,3167,3758
TLL33,Conwy and Denbighshire,2015,3250,3852
TLL33,Conwy and Denbighshire,2016,3389,4024
TLL33,Conwy and Denbighshire,2017,3612,4292
TLL33,Conwy and Denbighshire,2018,3679,4384
TLL33,Conwy and Denbighshire,2019,3781,4509
TLL33,Conwy and Denbighshire,2020,3637,4264
TLL33,Conwy and Denbighshire,2021,3824,4521
TLL33,Conwy and Denbighshire,2022,4145,4911
TLL33,Conwy and Denbighshire,2023,4573,5360
TLL34,Flintshire and Wrexham,1998,3819,4219
TLL34,Flintshire and Wrexham,1999,3824,4255
TLL34,Flintshire and Wrexham,2000,4034,4480
TLL34,Flintshire and Wrexham,2001,4128,4590
TLL34,Flintshire and Wrexham,2002,4184,4662
TLL34,Flintshire and Wrexham,2003,4418,4924
TLL34,Flintshire and Wrexham,2004,4641,5171
TLL34,Flintshire and Wrexham,2005,4832,5392
TLL34,Flintshire and Wrexham,2006,5139,5734
TLL34,Flintshire and Wrexham,2007,5281,5896
TLL34,Flintshire and Wrexham,2008,5426,6039
TLL34,Flintshire and Wrexham,2009,5391,5949
TLL34,Flintshire and Wrexham,2010,5643,6279
TLL34,Flintshire and Wrexham,2011,6081,6785
TLL34,Flintshire and Wrexham,2012,6362,7103
TLL34,Flintshire and Wrexham,2013,6602,7378
TLL34,Flintshire and Wrexham,2014,6533,7333
TLL34,Flintshire and Wrexham,2015,6778,7593
TLL34,Flintshire and Wrexham,2016,7004,7869
TLL34,Flintshire and Wrexham,2017,7182,8070
TLL34,Flintshire and Wrexham,2018,7608,8511
TLL34,Flintshire and Wrexham,2019,7882,8813
TLL34,Flintshire and Wrexham,2020,7612,8424
TLL34,Flintshire and Wrexham,2021,8133,9118
TLL34,Flintshire and Wrexham,2022,8953,9970
TLL34,Flintshire and Wrexham,2023,10088,11123
TLL41,Mid Wales,1998,1971,2230
TLL41,Mid Wales,1999,2001,2283
TLL41,Mid Wales,2000,2125,2416
TLL41,Mid Wales,2001,2223,2530
TLL41,Mid Wales,2002,2342,2663
TLL41,Mid Wales,2003,2532,2864
TLL41,Mid Wales,2004,2661,3000
TLL41,Mid Wales,2005,2670,3089
TLL41,Mid Wales,2006,2781,3226
TLL41,Mid Wales,2007,2863,3326
TLL41,Mid Wales,2008,2828,3289
TLL41,Mid Wales,2009,2811,3231
TLL41,Mid Wales,2010,2875,3348
TLL41,Mid Wales,2011,2996,3516
TLL41,Mid Wales,2012,3056,3598
TLL41,Mid Wales,2013,3161,3716
TLL41,Mid Wales,2014,3189,3763
TLL41,Mid Wales,2015,3347,3929
TLL41,Mid Wales,2016,3431,4038
TLL41,Mid Wales,2017,3484,4115
TLL41,Mid Wales,2018,3613,4254
TLL41,Mid Wales,2019,3642,4301
TLL41,Mid Wales,2020,3555,4098
TLL41,Mid Wales,2021,3685,4316
TLL41,Mid Wales,2022,4062,4757
TLL41,Mid Wales,2023,4468,5186
TLL42,South West Wales,1998,2885,3288
TLL42,South West Wales,1999,2835,3270
TLL42,South West Wales,2000,2914,3365
TLL42,South West Wales,2001,3085,3560
TLL42,South West Wales,2002,3190,3683
TLL42,South West Wales,2003,3425,3948
TLL42,South West Wales,2004,3848,4389
TLL42,South West Wales,2005,3865,4495
TLL42,South West Wales,2006,3917,4593
TLL42,South West Wales,2007,4186,4889
TLL42,South West Wales,2008,4224,4928
TLL42,South West Wales,2009,3937,4575
TLL42,South West Wales,2010,4054,4759
TLL42,South West Wales,2011,4121,4897
TLL42,South West Wales,2012,4366,5148
TLL42,South West Wales,2013,4681,5526
TLL42,South West Wales,2014,4755,5645
TLL42,South West Wales,2015,5299,6212
TLL42,South West Wales,2016,5400,6369
TLL42,South West Wales,2017,5541,6570
TLL42,South West Wales,2018,5557,6641
TLL42,South West Wales,2019,6019,7135
TLL42,South West Wales,2020,5504,6436
TLL42,South West Wales,2021,5774,6871
TLL42,South West Wales,2022,6842,8091
TLL42,South West Wales,2023,7167,8427
TLL43,Swansea,1998,2583,2923
TLL43,Swansea,1999,2622,2987
TLL43,Swansea,2000,2729,3105
TLL43,Swansea,2001,2898,3283
TLL43,Swansea,2002,3028,3427
TLL43,Swansea,2003,3226,3653
TLL43,Swansea,2004,3509,3961
TLL43,Swansea,2005,3734,4205
TLL43,Swansea,2006,3894,4394
TLL43,Swansea,2007,4054,4574
TLL43,Swansea,2008,4203,4722
TLL43,Swansea,2009,4240,4712
TLL43,Swansea,2010,4216,4741
TLL43,Swansea,2011,4335,4916
TLL43,Swansea,2012,4422,5006
TLL43,Swansea,2013,4524,5146
TLL43,Swansea,2014,4910,5557
TLL43,Swansea,2015,4820,5483
TLL43,Swansea,2016,5058,5748
TLL43,Swansea,2017,5262,5999
TLL43,Swansea,2018,5557,6323
TLL43,Swansea,2019,5724,6517
TLL43,Swansea,2020,5356,6056
TLL43,Swansea,2021,5508,6284
TLL43,Swansea,2022,5904,6766
TLL43,Swansea,2023,6417,7302
TLL44,Neath Port Talbot,1998,1369,1580
TLL44,Neath Port Talbot,1999,1387,1613
TLL44,Neath Port Talbot,2000,1447,1675
TLL44,Neath Port Talbot,2001,1385,1616
TLL44,Neath Port Talbot,2002,1382,1625
TLL44,Neath Port Talbot,2003,1404,1669
TLL44,Neath Port Talbot,2004,1433,1714
TLL44,Neath Port Talbot,2005,1508,1800
TLL44,Neath Port Talbot,2006,1667,1977
TLL44,Neath Port Talbot,2007,1721,2046
TLL44,Neath Port Talbot,2008,1776,2101
TLL44,Neath Port Talbot,2009,1716,2011
TLL44,Neath Port Talbot,2010,1888,2213
TLL44,Neath Port Talbot,2011,1892,2251
TLL44,Neath Port Talbot,2012,1944,2301
TLL44,Neath Port Talbot,2013,2042,2420
TLL44,Neath Port Talbot,2014,2092,2487
TLL44,Neath Port Talbot,2015,2174,2579
TLL44,Neath Port Talbot,2016,2273,2701
TLL44,Neath Port Talbot,2017,2322,2777
TLL44,Neath Port Talbot,2018,2367,2848
TLL44,Neath Port Talbot,2019,2538,3034
TLL44,Neath Port Talbot,2020,2352,2789
TLL44,Neath Port Talbot,2021,2575,3067
TLL44,Neath Port Talbot,2022,2672,3141
TLL44,Neath Port Talbot,2023,2817,3364
TLL51,Central Valleys and Bridgend,1998,4189,4848
TLL51,Central Valleys and Bridgend,1999,4242,4948
TLL51,Central Valleys and Bridgend,2000,4405,5132
TLL51,Central Valleys and Bridgend,2001,4490,5229
TLL51,Central Valleys and Bridgend,2002,4772,5534
TLL51,Central Valleys and Bridgend,2003,5048,5862
TLL51,Central Valleys and Bridgend,2004,5301,6165
TLL51,Central Valleys and Bridgend,2005,5605,6501
TLL51,Central Valleys and Bridgend,2006,5926,6878
TLL51,Central Valleys and Bridgend,2007,6082,7073
TLL51,Central Valleys and Bridgend,2008,6279,7266
TLL51,Central Valleys and Bridgend,2009,6300,7199
TLL51,Central Valleys and Bridgend,2010,6642,7636
TLL51,Central Valleys and Bridgend,2011,6877,7974
TLL51,Central Valleys and Bridgend,2012,7018,8120
TLL51,Central Valleys and Bridgend,2013,7307,8485
TLL51,Central Valleys and Bridgend,2014,7628,8867
TLL51,Central Valleys and Bridgend,2015,7567,8835
TLL51,Central Valleys and Bridgend,2016,7820,9152
TLL51,Central Valleys and Bridgend,2017,8096,9508
TLL51,Central Valleys and Bridgend,2018,8348,9812
TLL51,Central Valleys and Bridgend,2019,8734,10257
TLL51,Central Valleys and Bridgend,2020,8269,9623
TLL51,Central Valleys and Bridgend,2021,8542,10055
TLL51,Central Valleys and Bridgend,2022,9285,10923
TLL51,Central Valleys and Bridgend,2023,9901,11593
TLL52,Cardiff and Vale of Glamorgan,1998,6285,6942
TLL52,Cardiff and Vale of Glamorgan,1999,6716,7419
TLL52,Cardiff and Vale of Glamorgan,2000,7065,7779
TLL52,Cardiff and Vale of Glamorgan,2001,7372,8086
TLL52,Cardiff and Vale of Glamorgan,2002,7820,8541
TLL52,Cardiff and Vale of Glamorgan,2003,8404,9136
TLL52,Cardiff and Vale of Glamorgan,2004,8746,9582
TLL52,Cardiff and Vale of Glamorgan,2005,9250,10123
TLL52,Cardiff and Vale of Glamorgan,2006,9754,10702
TLL52,Cardiff and Vale of Glamorgan,2007,10398,11421
TLL52,Cardiff and Vale of Glamorgan,2008,10326,11341
TLL52,Cardiff and Vale of Glamorgan,2009,10548,11462
TLL52,Cardiff and Vale of Glamorgan,2010,10528,11581
TLL52,Cardiff and Vale of Glamorgan,2011,10880,12060
TLL52,Cardiff and Vale of Glamorgan,2012,11424,12659
TLL52,Cardiff and Vale of Glamorgan,2013,11719,13022
TLL52,Cardiff and Vale of Glamorgan,2014,12064,13426
TLL52,Cardiff and Vale of Glamorgan,2015,12408,13791
TLL52,Cardiff and Vale of Glamorgan,2016,13096,14559
TLL52,Cardiff and Vale of Glamorgan,2017,13536,15041
TLL52,Cardiff and Vale of Glamorgan,2018,13821,15363
TLL52,Cardiff and Vale of Glamorgan,2019,14523,16124
TLL52,Cardiff and Vale of Glamorgan,2020,14208,15610
TLL52,Cardiff and Vale of Glamorgan,2021,14928,16583
TLL52,Cardiff and Vale of Glamorgan,2022,16275,18034
TLL52,Cardiff and Vale of Glamorgan,2023,17742,19570
TLL53,Gwent Valleys,1998,2925,3409
TLL53,Gwent Valleys,1999,2929,3449
TLL53,Gwent Valleys,2000,3080,3619
TLL53,Gwent Valleys,2001,3131,3679
TLL53,Gwent Valleys,2002,3239,3807
TLL53,Gwent Valleys,2003,3403,4009
TLL53,Gwent Valleys,2004,3573,4212
TLL53,Gwent Valleys,2005,3742,4404
TLL53,Gwent Valleys,2006,3922,4624
TLL53,Gwent Valleys,2007,3961,4689
TLL53,Gwent Valleys,2008,3989,4719
TLL53,Gwent Valleys,2009,3919,4581
TLL53,Gwent Valleys,2010,4057,4792
TLL53,Gwent Valleys,2011,4287,5100
TLL53,Gwent Valleys,2012,4352,5171
TLL53,Gwent Valleys,2013,4522,5390
TLL53,Gwent Valleys,2014,4615,5519
TLL53,Gwent Valleys,2015,4762,5681
TLL53,Gwent Valleys,2016,4897,5856
TLL53,Gwent Valleys,2017,5112,6125
TLL53,Gwent Valleys,2018,5353,6414
TLL53,Gwent Valleys,2019,5627,6721
TLL53,Gwent Valleys,2020,5350,6325
TLL53,Gwent Valleys,2021,5670,6745
TLL53,Gwent Valleys,2022,6089,7091
TLL53,Gwent Valleys,2023,6655,7605
TLL54,Monmouthshire and Newport,1998,2977,3338
TLL54,Monmouthshire and Newport,1999,3110,3496
TLL54,Monmouthshire and Newport,2000,3338,3734
TLL54,Monmouthshire and Newport,2001,3436,3838
TLL54,Monmouthshire and Newport,2002,3546,3958
TLL54,Monmouthshire and Newport,2003,3824,4257
TLL54,Monmouthshire and Newport,2004,4050,4512
TLL54,Monmouthshire and Newport,2005,4197,4689
TLL54,Monmouthshire and Newport,2006,4416,4937
TLL54,Monmouthshire and Newport,2007,4594,5137
TLL54,Monmouthshire and Newport,2008,4501,5047
TLL54,Monmouthshire and Newport,2009,4415,4917
TLL54,Monmouthshire and Newport,2010,4542,5113
TLL54,Monmouthshire and Newport,2011,4701,5331
TLL54,Monmouthshire and Newport,2012,4823,5489
TLL54,Monmouthshire and Newport,2013,4809,5502
TLL54,Monmouthshire and Newport,2014,4894,5601
TLL54,Monmouthshire and Newport,2015,5116,5839
TLL54,Monmouthshire and Newport,2016,5418,6181
TLL54,Monmouthshire and Newport,2017,5605,6388
TLL54,Monmouthshire and Newport,2018,6072,6876
TLL54,Monmouthshire and Newport,2019,6259,7087
TLL54,Monmouthshire and Newport,2020,6013,6728
TLL54,Monmouthshire and Newport,2021,6136,6978
TLL54,Monmouthshire and Newport,2022,6754,7644
TLL54,Monmouthshire and Newport,2023,7334,8244
TLM01,Clackmannanshire and Fife,1998,4240,4882
TLM01,Clackmannanshire and Fife,1999,4303,4992
TLM01,Clackmannanshire and Fife,2000,4459,5174
TLM01,Clackmannanshire and Fife,2001,4581,5334
TLM01,Clackmannanshire and Fife,2002,4774,5572
TLM01,Clackmannanshire and Fife,2003,5032,5871
TLM01,Clackmannanshire and Fife,2004,5273,6150
TLM01,Clackmannanshire and Fife,2005,5514,6442
TLM01,Clackmannanshire and Fife,2006,5995,6989
TLM01,Clackmannanshire and Fife,2007,6247,7279
TLM01,Clackmannanshire and Fife,2008,6513,7540
TLM01,Clackmannanshire and Fife,2009,6327,7262
TLM01,Clackmannanshire and Fife,2010,6358,7417
TLM01,Clackmannanshire and Fife,2011,6439,7610
TLM01,Clackmannanshire and Fife,2012,6667,7854
TLM01,Clackmannanshire and Fife,2013,6973,8168
TLM01,Clackmannanshire and Fife,2014,7353,8594
TLM01,Clackmannanshire and Fife,2015,7548,8792
TLM01,Clackmannanshire and Fife,2016,7814,9084
TLM01,Clackmannanshire and Fife,2017,8084,9393
TLM01,Clackmannanshire and Fife,2018,8086,9436
TLM01,Clackmannanshire and Fife,2019,8442,9854
TLM01,Clackmannanshire and Fife,2020,8258,9530
TLM01,Clackmannanshire and Fife,2021,8784,10320
TLM01,Clackmannanshire and Fife,2022,9570,11223
TLM01,Clackmannanshire and Fife,2023,10076,11648
TLM02,"Perth and Kinross, and Stirling",1998,3360,3803
TLM02,"Perth and Kinross, and Stirling",1999,3314,3786
TLM02,"Perth and Kinross, and Stirling",2000,3359,3865
TLM02,"Perth and Kinross, and Stirling",2001,3512,4040
TLM02,"Perth and Kinross, and Stirling",2002,3733,4290
TLM02,"Perth and Kinross, and Stirling",2003,4018,4586
TLM02,"Perth and Kinross, and Stirling",2004,4228,4820
TLM02,"Perth and Kinross, and Stirling",2005,4456,5097
TLM02,"Perth and Kinross, and Stirling",2006,4857,5554
TLM02,"Perth and Kinross, and Stirling",2007,5096,5828
TLM02,"Perth and Kinross, and Stirling",2008,5141,5853
TLM02,"Perth and Kinross, and Stirling",2009,5357,6000
TLM02,"Perth and Kinross, and Stirling",2010,5186,5905
TLM02,"Perth and Kinross, and Stirling",2011,5291,6069
TLM02,"Perth and Kinross, and Stirling",2012,5649,6428
TLM02,"Perth and Kinross, and Stirling",2013,5987,6785
TLM02,"Perth and Kinross, and Stirling",2014,6151,6990
TLM02,"Perth and Kinross, and Stirling",2015,6325,7187
TLM02,"Perth and Kinross, and Stirling",2016,6334,7218
TLM02,"Perth and Kinross, and Stirling",2017,6651,7548
TLM02,"Perth and Kinross, and Stirling",2018,6611,7539
TLM02,"Perth and Kinross, and Stirling",2019,6955,7903
TLM02,"Perth and Kinross, and Stirling",2020,6311,7144
TLM02,"Perth and Kinross, and Stirling",2021,6615,7586
TLM02,"Perth and Kinross, and Stirling",2022,7171,8235
TLM02,"Perth and Kinross, and Stirling",2023,7897,8949
TLM03,Angus and Dundee City,1998,2896,3319
TLM03,Angus and Dundee City,1999,2925,3374
TLM03,Angus and Dundee City,2000,3108,3578
TLM03,Angus and Dundee City,2001,3218,3704
TLM03,Angus and Dundee City,2002,3341,3850
TLM03,Angus and Dundee City,2003,3558,4088
TLM03,Angus and Dundee City,2004,3717,4269
TLM03,Angus and Dundee City,2005,3851,4450
TLM03,Angus and Dundee City,2006,4078,4725
TLM03,Angus and Dundee City,2007,4256,4927
TLM03,Angus and Dundee City,2008,4361,5023
TLM03,Angus and Dundee City,2009,4309,4909
TLM03,Angus and Dundee City,2010,4355,5031
TLM03,Angus and Dundee City,2011,4467,5212
TLM03,Angus and Dundee City,2012,4572,5322
TLM03,Angus and Dundee City,2013,4776,5527
TLM03,Angus and Dundee City,2014,5001,5781
TLM03,Angus and Dundee City,2015,5010,5790
TLM03,Angus and Dundee City,2016,5132,5920
TLM03,Angus and Dundee City,2017,5267,6078
TLM03,Angus and Dundee City,2018,5427,6266
TLM03,Angus and Dundee City,2019,5746,6624
TLM03,Angus and Dundee City,2020,5401,6173
TLM03,Angus and Dundee City,2021,5824,6750
TLM03,Angus and Dundee City,2022,6282,7305
TLM03,Angus and Dundee City,2023,6877,7881
TLM11,East Lothian and Midlothian,1998,1416,1689
TLM11,East Lothian and Midlothian,1999,1448,1743
TLM11,East Lothian and Midlothian,2000,1526,1834
TLM11,East Lothian and Midlothian,2001,1577,1902
TLM11,East Lothian and Midlothian,2002,1658,2003
TLM11,East Lothian and Midlothian,2003,1764,2124
TLM11,East Lothian and Midlothian,2004,1869,2243
TLM11,East Lothian and Midlothian,2005,1924,2321
TLM11,East Lothian and Midlothian,2006,2038,2465
TLM11,East Lothian and Midlothian,2007,2121,2567
TLM11,East Lothian and Midlothian,2008,2185,2632
TLM11,East Lothian and Midlothian,2009,2133,2542
TLM11,East Lothian and Midlothian,2010,2163,2627
TLM11,East Lothian and Midlothian,2011,2245,2760
TLM11,East Lothian and Midlothian,2012,2332,2854
TLM11,East Lothian and Midlothian,2013,2558,3085
TLM11,East Lothian and Midlothian,2014,2721,3275
TLM11,East Lothian and Midlothian,2015,2848,3408
TLM11,East Lothian and Midlothian,2016,2967,3540
TLM11,East Lothian and Midlothian,2017,3137,3734
TLM11,East Lothian and Midlothian,2018,3317,3939
TLM11,East Lothian and Midlothian,2019,3465,4121
TLM11,East Lothian and Midlothian,2020,3292,3884
TLM11,East Lothian and Midlothian,2021,3558,4282
TLM11,East Lothian and Midlothian,2022,3937,4773
TLM11,East Lothian and Midlothian,2023,4356,5185
TLM12,Falkirk,1998,2069,2330
TLM12,Falkirk,1999,2044,2322
TLM12,Falkirk,2000,2114,2401
TLM12,Falkirk,2001,2197,2497
TLM12,Falkirk,2002,2273,2587
TLM12,Falkirk,2003,2457,2793
TLM12,Falkirk,2004,2605,2961
TLM12,Falkirk,2005,2798,3162
TLM12,Falkirk,2006,2971,3363
TLM12,Falkirk,2007,3027,3437
TLM12,Falkirk,2008,3259,3668
TLM12,Falkirk,2009,3202,3575
TLM12,Falkirk,2010,3232,3656
TLM12,Falkirk,2011,3194,3659
TLM12,Falkirk,2012,3180,3654
TLM12,Falkirk,2013,3292,3773
TLM12,Falkirk,2014,3422,3918
TLM12,Falkirk,2015,3569,4071
TLM12,Falkirk,2016,3568,4086
TLM12,Falkirk,2017,3677,4223
TLM12,Falkirk,2018,3821,4382
TLM12,Falkirk,2019,4005,4587
TLM12,Falkirk,2020,3813,4339
TLM12,Falkirk,2021,4043,4686
TLM12,Falkirk,2022,4256,4945
TLM12,Falkirk,2023,4475,5120
TLM13,City of Edinburgh,1998,9619,10433
TLM13,City of Edinburgh,1999,9736,10603
TLM13,City of Edinburgh,2000,10501,11427
TLM13,City of Edinburgh,2001,11374,12317
TLM13,City of Edinburgh,2002,12215,13194
TLM13,City of Edinburgh,2003,13257,14264
TLM13,City of Edinburgh,2004,14480,15557
TLM13,City of Edinburgh,2005,15313,16442
TLM13,City of Edinburgh,2006,16067,17311
TLM13,City of Edinburgh,2007,16917,18251
TLM13,City of Edinburgh,2008,16929,18196
TLM13,City of Edinburgh,2009,17820,18938
TLM13,City of Edinburgh,2010,17762,19029
TLM13,City of Edinburgh,2011,17777,19186
TLM13,City of Edinburgh,2012,18591,20023
TLM13,City of Edinburgh,2013,19337,20835
TLM13,City of Edinburgh,2014,20048,21618
TLM13,City of Edinburgh,2015,20534,22104
TLM13,City of Edinburgh,2016,22408,24038
TLM13,City of Edinburgh,2017,23901,25608
TLM13,City of Edinburgh,2018,24657,26436
TLM13,City of Edinburgh,2019,25781,27676
TLM13,City of Edinburgh,2020,24293,25982
TLM13,City of Edinburgh,2021,26869,28944
TLM13,City of Edinburgh,2022,30599,32892
TLM13,City of Edinburgh,2023,34281,36528
TLM14,West Lothian,1998,2290,2565
TLM14,West Lothian,1999,2357,2653
TLM14,West Lothian,2000,2403,2711
TLM14,West Lothian,2001,2487,2809
TLM14,West Lothian,2002,2623,2963
TLM14,West Lothian,2003,2785,3141
TLM14,West Lothian,2004,2966,3344
TLM14,West Lothian,2005,3085,3478
TLM14,West Lothian,2006,3287,3711
TLM14,West Lothian,2007,3446,3892
TLM14,West Lothian,2008,3576,4020
TLM14,West Lothian,2009,3431,3841
TLM14,West Lothian,2010,3529,3994
TLM14,West Lothian,2011,3700,4211
TLM14,West Lothian,2012,3769,4286
TLM14,West Lothian,2013,3702,4219
TLM14,West Lothian,2014,3890,4425
TLM14,West Lothian,2015,4165,4699
TLM14,West Lothian,2016,4254,4802
TLM14,West Lothian,2017,4463,5024
TLM14,West Lothian,2018,4700,5289
TLM14,West Lothian,2019,4829,5449
TLM14,West Lothian,2020,4730,5291
TLM14,West Lothian,2021,5147,5842
TLM14,West Lothian,2022,5765,6516
TLM14,West Lothian,2023,6284,7003
TLM20,Highlands and Islands,1998,5697,6374
TLM20,Highlands and Islands,1999,5970,6707
TLM20,Highlands and Islands,2000,6166,6948
TLM20,Highlands and Islands,2001,6462,7282
TLM20,Highlands and Islands,2002,6592,7454
TLM20,Highlands and Islands,2003,7218,8127
TLM20,Highlands and Islands,2004,7800,8748
TLM20,Highlands and Islands,2005,8344,9366
TLM20,Highlands and Islands,2006,8680,9769
TLM20,Highlands and Islands,2007,8981,10127
TLM20,Highlands and Islands,2008,9579,10705
TLM20,Highlands and Islands,2009,9517,10559
TLM20,Highlands and Islands,2010,9681,10901
TLM20,Highlands and Islands,2011,10252,11565
TLM20,Highlands and Islands,2012,10389,11803
TLM20,Highlands and Islands,2013,10759,12200
TLM20,Highlands and Islands,2014,11137,12579
TLM20,Highlands and Islands,2015,11195,12649
TLM20,Highlands and Islands,2016,11305,12777
TLM20,Highlands and Islands,2017,12154,13679
TLM20,Highlands and Islands,2018,12312,13892
TLM20,Highlands and Islands,2019,12876,14607
TLM20,Highlands and Islands,2020,12116,13582
TLM20,Highlands and Islands,2021,12815,14409
TLM20,Highlands and Islands,2022,14165,15859
TLM20,Highlands and Islands,2023,15520,17129
TLM31,East Dunbartonshire and West Dunbartonshire,1998,1586,1903
TLM31,East Dunbartonshire and West Dunbartonshire,1999,1623,1961
TLM31,East Dunbartonshire and West Dunbartonshire,2000,1685,2037
TLM31,East Dunbartonshire and West Dunbartonshire,2001,1793,2160
TLM31,East Dunbartonshire and West Dunbartonshire,2002,1847,2231
TLM31,East Dunbartonshire and West Dunbartonshire,2003,1945,2351
TLM31,East Dunbartonshire and West Dunbartonshire,2004,2072,2496
TLM31,East Dunbartonshire and West Dunbartonshire,2005,2221,2651
TLM31,East Dunbartonshire and West Dunbartonshire,2006,2337,2795
TLM31,East Dunbartonshire and West Dunbartonshire,2007,2345,2816
TLM31,East Dunbartonshire and West Dunbartonshire,2008,2453,2919
TLM31,East Dunbartonshire and West Dunbartonshire,2009,2385,2815
TLM31,East Dunbartonshire and West Dunbartonshire,2010,2364,2838
TLM31,East Dunbartonshire and West Dunbartonshire,2011,2442,2971
TLM31,East Dunbartonshire and West Dunbartonshire,2012,2445,2987
TLM31,East Dunbartonshire and West Dunbartonshire,2013,2510,3063
TLM31,East Dunbartonshire and West Dunbartonshire,2014,2715,3286
TLM31,East Dunbartonshire and West Dunbartonshire,2015,2794,3369
TLM31,East Dunbartonshire and West Dunbartonshire,2016,2952,3545
TLM31,East Dunbartonshire and West Dunbartonshire,2017,3132,3756
TLM31,East Dunbartonshire and West Dunbartonshire,2018,3269,3910
TLM31,East Dunbartonshire and West Dunbartonshire,2019,3387,4039
TLM31,East Dunbartonshire and West Dunbartonshire,2020,3091,3670
TLM31,East Dunbartonshire and West Dunbartonshire,2021,3408,4065
TLM31,East Dunbartonshire and West Dunbartonshire,2022,3749,4459
TLM31,East Dunbartonshire and West Dunbartonshire,2023,4241,4939
TLM32,Glasgow City,1998,10752,11620
TLM32,Glasgow City,1999,11041,12030
TLM32,Glasgow City,2000,11373,12479
TLM32,Glasgow City,2001,12186,13250
TLM32,Glasgow City,2002,12434,13492
TLM32,Glasgow City,2003,13141,14233
TLM32,Glasgow City,2004,14200,15469
TLM32,Glasgow City,2005,15377,16668
TLM32,Glasgow City,2006,16196,17584
TLM32,Glasgow City,2007,16691,18210
TLM32,Glasgow City,2008,17301,18798
TLM32,Glasgow City,2009,17314,18648
TLM32,Glasgow City,2010,16866,18379
TLM32,Glasgow City,2011,17356,19065
TLM32,Glasgow City,2012,17648,19415
TLM32,Glasgow City,2013,18504,20368
TLM32,Glasgow City,2014,19046,21003
TLM32,Glasgow City,2015,19220,21211
TLM32,Glasgow City,2016,19591,21651
TLM32,Glasgow City,2017,20680,22854
TLM32,Glasgow City,2018,21075,23336
TLM32,Glasgow City,2019,22271,24575
TLM32,Glasgow City,2020,21638,23661
TLM32,Glasgow City,2021,23740,26080
TLM32,Glasgow City,2022,26620,29074
TLM32,Glasgow City,2023,29391,31757
TLM33,"Inverclyde, East Renfrewshire, and Renfrewshire",1998,3648,4249
TLM33,"Inverclyde, East Renfrewshire, and Renfrewshire",1999,3662,4303
TLM33,"Inverclyde, East Renfrewshire, and Renfrewshire",2000,3870,4537
TLM33,"Inverclyde, East Renfrewshire, and Renfrewshire",2001,4081,4768
TLM33,"Inverclyde, East Renfrewshire, and Renfrewshire",2002,4227,4944
TLM33,"Inverclyde, East Renfrewshire, and Renfrewshire",2003,4389,5143
TLM33,"Inverclyde, East Renfrewshire, and Renfrewshire",2004,4653,5446
TLM33,"Inverclyde, East Renfrewshire, and Renfrewshire",2005,4841,5649
TLM33,"Inverclyde, East Renfrewshire, and Renfrewshire",2006,5039,5896
TLM33,"Inverclyde, East Renfrewshire, and Renfrewshire",2007,4973,5878
TLM33,"Inverclyde, East Renfrewshire, and Renfrewshire",2008,5295,6192
TLM33,"Inverclyde, East Renfrewshire, and Renfrewshire",2009,5111,5939
TLM33,"Inverclyde, East Renfrewshire, and Renfrewshire",2010,5059,5972
TLM33,"Inverclyde, East Renfrewshire, and Renfrewshire",2011,5252,6270
TLM33,"Inverclyde, East Renfrewshire, and Renfrewshire",2012,5400,6444
TLM33,"Inverclyde, East Renfrewshire, and Renfrewshire",2013,5614,6688
TLM33,"Inverclyde, East Renfrewshire, and Renfrewshire",2014,6112,7236
TLM33,"Inverclyde, East Renfrewshire, and Renfrewshire",2015,6284,7418
TLM33,"Inverclyde, East Renfrewshire, and Renfrewshire",2016,6262,7429
TLM33,"Inverclyde, East Renfrewshire, and Renfrewshire",2017,6546,7794
TLM33,"Inverclyde, East Renfrewshire, and Renfrewshire",2018,6630,7912
TLM33,"Inverclyde, East Renfrewshire, and Renfrewshire",2019,6750,8060
TLM33,"Inverclyde, East Renfrewshire, and Renfrewshire",2020,6471,7573
TLM33,"Inverclyde, East Renfrewshire, and Renfrewshire",2021,7149,8427
TLM33,"Inverclyde, East Renfrewshire, and Renfrewshire",2022,7255,8663
TLM33,"Inverclyde, East Renfrewshire, and Renfrewshire",2023,7857,9249
TLM34,North Lanarkshire,1998,3786,4330
TLM34,North Lanarkshire,1999,3789,4377
TLM34,North Lanarkshire,2000,3911,4526
TLM34,North Lanarkshire,2001,4166,4803
TLM34,North Lanarkshire,2002,4327,4997
TLM34,North Lanarkshire,2003,4584,5292
TLM34,North Lanarkshire,2004,4840,5595
TLM34,North Lanarkshire,2005,5149,5921
TLM34,North Lanarkshire,2006,5420,6250
TLM34,North Lanarkshire,2007,5487,6360
TLM34,North Lanarkshire,2008,5857,6725
TLM34,North Lanarkshire,2009,5701,6501
TLM34,North Lanarkshire,2010,5670,6561
TLM34,North Lanarkshire,2011,5788,6773
TLM34,North Lanarkshire,2012,5912,6942
TLM34,North Lanarkshire,2013,6191,7240
TLM34,North Lanarkshire,2014,6903,7997
TLM34,North Lanarkshire,2015,6993,8087
TLM34,North Lanarkshire,2016,7195,8323
TLM34,North Lanarkshire,2017,7721,8907
TLM34,North Lanarkshire,2018,7913,9142
TLM34,North Lanarkshire,2019,8292,9538
TLM34,North Lanarkshire,2020,8028,9122
TLM34,North Lanarkshire,2021,8624,9857
TLM34,North Lanarkshire,2022,9212,10549
TLM34,North Lanarkshire,2023,10391,11687
TLM50,Aberdeen City and Aberdeenshire,1998,8237,8991
TLM50,Aberdeen City and Aberdeenshire,1999,8218,9032
TLM50,Aberdeen City and Aberdeenshire,2000,8412,9268
TLM50,Aberdeen City and Aberdeenshire,2001,9073,9966
TLM50,Aberdeen City and Aberdeenshire,2002,9472,10396
TLM50,Aberdeen City and Aberdeenshire,2003,9582,10557
TLM50,Aberdeen City and Aberdeenshire,2004,10133,11149
TLM50,Aberdeen City and Aberdeenshire,2005,10706,11822
TLM50,Aberdeen City and Aberdeenshire,2006,12161,13372
TLM50,Aberdeen City and Aberdeenshire,2007,13595,14900
TLM50,Aberdeen City and Aberdeenshire,2008,15053,16341
TLM50,Aberdeen City and Aberdeenshire,2009,14773,15935
TLM50,Aberdeen City and Aberdeenshire,2010,15170,16528
TLM50,Aberdeen City and Aberdeenshire,2011,15667,17205
TLM50,Aberdeen City and Aberdeenshire,2012,16598,18123
TLM50,Aberdeen City and Aberdeenshire,2013,17672,19473
TLM50,Aberdeen City and Aberdeenshire,2014,18465,20410
TLM50,Aberdeen City and Aberdeenshire,2015,17941,19853
TLM50,Aberdeen City and Aberdeenshire,2016,16481,18463
TLM50,Aberdeen City and Aberdeenshire,2017,16520,18420
TLM50,Aberdeen City and Aberdeenshire,2018,16685,18578
TLM50,Aberdeen City and Aberdeenshire,2019,16948,18857
TLM50,Aberdeen City and Aberdeenshire,2020,15436,16876
TLM50,Aberdeen City and Aberdeenshire,2021,15835,17358
TLM50,Aberdeen City and Aberdeenshire,2022,17027,18938
TLM50,Aberdeen City and Aberdeenshire,2023,18352,20200
TLM91,Scottish Borders,1998,1326,1460
TLM91,Scottish Borders,1999,1312,1460
TLM91,Scottish Borders,2000,1355,1507
TLM91,Scottish Borders,2001,1409,1575
TLM91,Scottish Borders,2002,1462,1640
TLM91,Scottish Borders,2003,1518,1703
TLM91,Scottish Borders,2004,1562,1743
TLM91,Scottish Borders,2005,1604,1846
TLM91,Scottish Borders,2006,1711,1967
TLM91,Scottish Borders,2007,1738,2005
TLM91,Scottish Borders,2008,1807,2077
TLM91,Scottish Borders,2009,1769,2019
TLM91,Scottish Borders,2010,1785,2076
TLM91,Scottish Borders,2011,1843,2161
TLM91,Scottish Borders,2012,1872,2204
TLM91,Scottish Borders,2013,1963,2307
TLM91,Scottish Borders,2014,2114,2478
TLM91,Scottish Borders,2015,2153,2532
TLM91,Scottish Borders,2016,2165,2547
TLM91,Scottish Borders,2017,2284,2671
TLM91,Scottish Borders,2018,2385,2788
TLM91,Scottish Borders,2019,2441,2870
TLM91,Scottish Borders,2020,2365,2708
TLM91,Scottish Borders,2021,2531,2925
TLM91,Scottish Borders,2022,2649,3054
TLM91,Scottish Borders,2023,2810,3206
TLM92,Dumfries and Galloway,1998,1883,2090
TLM92,Dumfries and Galloway,1999,1944,2172
TLM92,Dumfries and Galloway,2000,2071,2302
TLM92,Dumfries and Galloway,2001,2201,2449
TLM92,Dumfries and Galloway,2002,2241,2504
TLM92,Dumfries and Galloway,2003,2380,2655
TLM92,Dumfries and Galloway,2004,2469,2742
TLM92,Dumfries and Galloway,2005,2532,2885
TLM92,Dumfries and Galloway,2006,2667,3039
TLM92,Dumfries and Galloway,2007,2692,3080
TLM92,Dumfries and Galloway,2008,2856,3247
TLM92,Dumfries and Galloway,2009,2786,3150
TLM92,Dumfries and Galloway,2010,2714,3136
TLM92,Dumfries and Galloway,2011,2831,3286
TLM92,Dumfries and Galloway,2012,2893,3366
TLM92,Dumfries and Galloway,2013,3044,3532
TLM92,Dumfries and Galloway,2014,3182,3695
TLM92,Dumfries and Galloway,2015,3164,3697
TLM92,Dumfries and Galloway,2016,3228,3768
TLM92,Dumfries and Galloway,2017,3424,3973
TLM92,Dumfries and Galloway,2018,3395,3959
TLM92,Dumfries and Galloway,2019,3566,4163
TLM92,Dumfries and Galloway,2020,3413,3904
TLM92,Dumfries and Galloway,2021,3568,4126
TLM92,Dumfries and Galloway,2022,3805,4338
TLM92,Dumfries and Galloway,2023,4150,4665
TLM93,North Ayrshire and East Ayrshire,1998,2308,2668
TLM93,North Ayrshire and East Ayrshire,1999,2389,2778
TLM93,North Ayrshire and East Ayrshire,2000,2480,2883
TLM93,North Ayrshire and East Ayrshire,2001,2571,2991
TLM93,North Ayrshire and East Ayrshire,2002,2583,3024
TLM93,North Ayrshire and East Ayrshire,2003,2689,3158
TLM93,North Ayrshire and East Ayrshire,2004,2790,3280
TLM93,North Ayrshire and East Ayrshire,2005,3006,3524
TLM93,North Ayrshire and East Ayrshire,2006,3215,3767
TLM93,North Ayrshire and East Ayrshire,2007,3308,3884
TLM93,North Ayrshire and East Ayrshire,2008,3466,4039
TLM93,North Ayrshire and East Ayrshire,2009,3401,3926
TLM93,North Ayrshire and East Ayrshire,2010,3400,4021
TLM93,North Ayrshire and East Ayrshire,2011,3441,4115
TLM93,North Ayrshire and East Ayrshire,2012,3527,4236
TLM93,North Ayrshire and East Ayrshire,2013,3657,4383
TLM93,North Ayrshire and East Ayrshire,2014,3748,4514
TLM93,North Ayrshire and East Ayrshire,2015,3760,4560
TLM93,North Ayrshire and East Ayrshire,2016,3842,4649
TLM93,North Ayrshire and East Ayrshire,2017,4040,4856
TLM93,North Ayrshire and East Ayrshire,2018,4009,4856
TLM93,North Ayrshire and East Ayrshire,2019,4109,5010
TLM93,North Ayrshire and East Ayrshire,2020,4025,4849
TLM93,North Ayrshire and East Ayrshire,2021,4303,5227
TLM93,North Ayrshire and East Ayrshire,2022,4724,5589
TLM93,North Ayrshire and East Ayrshire,2023,5338,6137
TLM94,South Ayrshire,1998,1376,1544
TLM94,South Ayrshire,1999,1399,1582
TLM94,South Ayrshire,2000,1495,1693
TLM94,South Ayrshire,2001,1568,1764
TLM94,South Ayrshire,2002,1638,1837
TLM94,South Ayrshire,2003,1694,1900
TLM94,South Ayrshire,2004,1788,2015
TLM94,South Ayrshire,2005,1879,2123
TLM94,South Ayrshire,2006,1986,2245
TLM94,South Ayrshire,2007,1964,2239
TLM94,South Ayrshire,2008,2059,2334
TLM94,South Ayrshire,2009,2044,2296
TLM94,South Ayrshire,2010,2070,2366
TLM94,South Ayrshire,2011,2112,2434
TLM94,South Ayrshire,2012,2097,2438
TLM94,South Ayrshire,2013,2096,2456
TLM94,South Ayrshire,2014,2203,2581
TLM94,South Ayrshire,2015,2237,2632
TLM94,South Ayrshire,2016,2257,2665
TLM94,South Ayrshire,2017,2374,2790
TLM94,South Ayrshire,2018,2435,2862
TLM94,South Ayrshire,2019,2461,2917
TLM94,South Ayrshire,2020,2194,2587
TLM94,South Ayrshire,2021,2297,2760
TLM94,South Ayrshire,2022,2600,3069
TLM94,South Ayrshire,2023,2901,3361
TLM95,South Lanarkshire,1998,3501,3968
TLM95,South Lanarkshire,1999,3545,4047
TLM95,South Lanarkshire,2000,3618,4139
TLM95,South Lanarkshire,2001,3807,4353
TLM95,South Lanarkshire,2002,3968,4543
TLM95,South Lanarkshire,2003,4220,4831
TLM95,South Lanarkshire,2004,4455,5092
TLM95,South Lanarkshire,2005,4782,5446
TLM95,South Lanarkshire,2006,5192,5901
TLM95,South Lanarkshire,2007,5284,6024
TLM95,South Lanarkshire,2008,5601,6336
TLM95,South Lanarkshire,2009,5540,6218
TLM95,South Lanarkshire,2010,5462,6258
TLM95,South Lanarkshire,2011,5564,6423
TLM95,South Lanarkshire,2012,5724,6628
TLM95,South Lanarkshire,2013,6005,6944
TLM95,South Lanarkshire,2014,6230,7225
TLM95,South Lanarkshire,2015,6247,7295
TLM95,South Lanarkshire,2016,6399,7466
TLM95,South Lanarkshire,2017,6826,7910
TLM95,South Lanarkshire,2018,6766,7900
TLM95,South Lanarkshire,2019,6930,8143
TLM95,South Lanarkshire,2020,6523,7612
TLM95,South Lanarkshire,2021,6807,8044
TLM95,South Lanarkshire,2022,7478,8764
TLM95,South Lanarkshire,2023,8273,9543
TLN06,Belfast,1998,5636,6120
TLN06,Belfast,1999,5990,6509
TLN06,Belfast,2000,6460,7007
TLN06,Belfast,2001,6809,7391
TLN06,Belfast,2002,7098,7691
TLN06,Belfast,2003,7811,8433
TLN06,Belfast,2004,8317,8951
TLN06,Belfast,2005,8817,9464
TLN06,Belfast,2006,9302,9986
TLN06,Belfast,2007,9710,10469
TLN06,Belfast,2008,9879,10635
TLN06,Belfast,2009,9902,10592
TLN06,Belfast,2010,9577,10372
TLN06,Belfast,2011,9842,10758
TLN06,Belfast,2012,10093,11013
TLN06,Belfast,2013,10686,11643
TLN06,Belfast,2014,10807,11792
TLN06,Belfast,2015,11222,12238
TLN06,Belfast,2016,12024,13076
TLN06,Belfast,2017,12836,13911
TLN06,Belfast,2018,13259,14302
TLN06,Belfast,2019,13820,14855
TLN06,Belfast,2020,13166,14074
TLN06,Belfast,2021,15086,16124
TLN06,Belfast,2022,16518,17673
TLN06,Belfast,2023,18458,19651
TLN07,"Armagh City, Banbridge and Craigavon",1998,1641,1920
TLN07,"Armagh City, Banbridge and Craigavon",1999,1721,2023
TLN07,"Armagh City, Banbridge and Craigavon",2000,1844,2162
TLN07,"Armagh City, Banbridge and Craigavon",2001,1980,2320
TLN07,"Armagh City, Banbridge and Craigavon",2002,2035,2386
TLN07,"Armagh City, Banbridge and Craigavon",2003,2170,2543
TLN07,"Armagh City, Banbridge and Craigavon",2004,2284,2668
TLN07,"Armagh City, Banbridge and Craigavon",2005,2409,2841
TLN07,"Armagh City, Banbridge and Craigavon",2006,2572,3029
TLN07,"Armagh City, Banbridge and Craigavon",2007,2732,3226
TLN07,"Armagh City, Banbridge and Craigavon",2008,2733,3238
TLN07,"Armagh City, Banbridge and Craigavon",2009,2633,3114
TLN07,"Armagh City, Banbridge and Craigavon",2010,2654,3198
TLN07,"Armagh City, Banbridge and Craigavon",2011,2718,3329
TLN07,"Armagh City, Banbridge and Craigavon",2012,2794,3417
TLN07,"Armagh City, Banbridge and Craigavon",2013,2984,3622
TLN07,"Armagh City, Banbridge and Craigavon",2014,3137,3794
TLN07,"Armagh City, Banbridge and Craigavon",2015,3259,3939
TLN07,"Armagh City, Banbridge and Craigavon",2016,3520,4220
TLN07,"Armagh City, Banbridge and Craigavon",2017,3661,4384
TLN07,"Armagh City, Banbridge and Craigavon",2018,3889,4612
TLN07,"Armagh City, Banbridge and Craigavon",2019,4126,4852
TLN07,"Armagh City, Banbridge and Craigavon",2020,3953,4570
TLN07,"Armagh City, Banbridge and Craigavon",2021,4351,5072
TLN07,"Armagh City, Banbridge and Craigavon",2022,4690,5478
TLN07,"Armagh City, Banbridge and Craigavon",2023,5303,6119
TLN08,"Newry, Mourne and Down",1998,1292,1547
TLN08,"Newry, Mourne and Down",1999,1372,1649
TLN08,"Newry, Mourne and Down",2000,1486,1776
TLN08,"Newry, Mourne and Down",2001,1566,1875
TLN08,"Newry, Mourne and Down",2002,1616,1935
TLN08,"Newry, Mourne and Down",2003,1735,2076
TLN08,"Newry, Mourne and Down",2004,1821,2181
TLN08,"Newry, Mourne and Down",2005,1931,2324
TLN08,"Newry, Mourne and Down",2006,2051,2472
TLN08,"Newry, Mourne and Down",2007,2108,2561
TLN08,"Newry, Mourne and Down",2008,2174,2624
TLN08,"Newry, Mourne and Down",2009,2076,2499
TLN08,"Newry, Mourne and Down",2010,2053,2529
TLN08,"Newry, Mourne and Down",2011,2160,2688
TLN08,"Newry, Mourne and Down",2012,2258,2796
TLN08,"Newry, Mourne and Down",2013,2386,2936
TLN08,"Newry, Mourne and Down",2014,2542,3108
TLN08,"Newry, Mourne and Down",2015,2602,3187
TLN08,"Newry, Mourne and Down",2016,2777,3380
TLN08,"Newry, Mourne and Down",2017,2885,3508
TLN08,"Newry, Mourne and Down",2018,3011,3632
TLN08,"Newry, Mourne and Down",2019,3238,3862
TLN08,"Newry, Mourne and Down",2020,3119,3661
TLN08,"Newry, Mourne and Down",2021,3360,3990
TLN08,"Newry, Mourne and Down",2022,3654,4342
TLN08,"Newry, Mourne and Down",2023,4008,4727
TLN09,Ards and North Down,1998,1059,1274
TLN09,Ards and North Down,1999,1113,1346
TLN09,Ards and North Down,2000,1188,1434
TLN09,Ards and North Down,2001,1247,1511
TLN09,Ards and North Down,2002,1297,1569
TLN09,Ards and North Down,2003,1386,1676
TLN09,Ards and North Down,2004,1423,1726
TLN09,Ards and North Down,2005,1529,1851
TLN09,Ards and North Down,2006,1630,1974
TLN09,Ards and North Down,2007,1682,2050
TLN09,Ards and North Down,2008,1708,2074
TLN09,Ards and North Down,2009,1623,1964
TLN09,Ards and North Down,2010,1591,1975
TLN09,Ards and North Down,2011,1645,2078
TLN09,Ards and North Down,2012,1700,2139
TLN09,Ards and North Down,2013,1652,2102
TLN09,Ards and North Down,2014,1729,2190
TLN09,Ards and North Down,2015,1738,2216
TLN09,Ards and North Down,2016,1913,2407
TLN09,Ards and North Down,2017,2037,2541
TLN09,Ards and North Down,2018,2120,2621
TLN09,Ards and North Down,2019,2205,2706
TLN09,Ards and North Down,2020,2146,2590
TLN09,Ards and North Down,2021,2290,2805
TLN09,Ards and North Down,2022,2438,2998
TLN09,Ards and North Down,2023,2639,3216
TLN0A,Derry City and Strabane,1998,1289,1507
TLN0A,Derry City and Strabane,1999,1352,1588
TLN0A,Derry City and Strabane,2000,1408,1656
TLN0A,Derry City and Strabane,2001,1460,1722
TLN0A,Derry City and Strabane,2002,1503,1774
TLN0A,Derry City and Strabane,2003,1692,1980
TLN0A,Derry City and Strabane,2004,1732,2031
TLN0A,Derry City and Strabane,2005,1894,2213
TLN0A,Derry City and Strabane,2006,2040,2377
TLN0A,Derry City and Strabane,2007,2038,2399
TLN0A,Derry City and Strabane,2008,2116,2479
TLN0A,Derry City and Strabane,2009,2112,2451
TLN0A,Derry City and Strabane,2010,2074,2455
TLN0A,Derry City and Strabane,2011,2119,2544
TLN0A,Derry City and Strabane,2012,2213,2644
TLN0A,Derry City and Strabane,2013,2248,2689
TLN0A,Derry City and Strabane,2014,2290,2742
TLN0A,Derry City and Strabane,2015,2327,2793
TLN0A,Derry City and Strabane,2016,2496,2975
TLN0A,Derry City and Strabane,2017,2660,3149
TLN0A,Derry City and Strabane,2018,2724,3209
TLN0A,Derry City and Strabane,2019,2956,3442
TLN0A,Derry City and Strabane,2020,2972,3403
TLN0A,Derry City and Strabane,2021,3170,3663
TLN0A,Derry City and Strabane,2022,3483,4020
TLN0A,Derry City and Strabane,2023,3698,4255
TLN0B,Mid Ulster,1998,1529,1733
TLN0B,Mid Ulster,1999,1626,1848
TLN0B,Mid Ulster,2000,1783,2018
TLN0B,Mid Ulster,2001,1840,2091
TLN0B,Mid Ulster,2002,1876,2140
TLN0B,Mid Ulster,2003,2078,2358
TLN0B,Mid Ulster,2004,2155,2447
TLN0B,Mid Ulster,2005,2276,2623
TLN0B,Mid Ulster,2006,2403,2780
TLN0B,Mid Ulster,2007,2510,2921
TLN0B,Mid Ulster,2008,2434,2829
TLN0B,Mid Ulster,2009,2194,2560
TLN0B,Mid Ulster,2010,2300,2710
TLN0B,Mid Ulster,2011,2337,2791
TLN0B,Mid Ulster,2012,2388,2851
TLN0B,Mid Ulster,2013,2574,3047
TLN0B,Mid Ulster,2014,2724,3207
TLN0B,Mid Ulster,2015,2831,3335
TLN0B,Mid Ulster,2016,2980,3502
TLN0B,Mid Ulster,2017,3107,3644
TLN0B,Mid Ulster,2018,3383,3915
TLN0B,Mid Ulster,2019,3682,4213
TLN0B,Mid Ulster,2020,3410,3863
TLN0B,Mid Ulster,2021,3800,4322
TLN0B,Mid Ulster,2022,4259,4834
TLN0B,Mid Ulster,2023,4623,5215
TLN0C,Causeway Coast and Glens,1998,1120,1330
TLN0C,Causeway Coast and Glens,1999,1188,1415
TLN0C,Causeway Coast and Glens,2000,1315,1555
TLN0C,Causeway Coast and Glens,2001,1332,1586
TLN0C,Causeway Coast and Glens,2002,1373,1637
TLN0C,Causeway Coast and Glens,2003,1491,1772
TLN0C,Causeway Coast and Glens,2004,1546,1836
TLN0C,Causeway Coast and Glens,2005,1628,1950
TLN0C,Causeway Coast and Glens,2006,1747,2087
TLN0C,Causeway Coast and Glens,2007,1787,2152
TLN0C,Causeway Coast and Glens,2008,1786,2154
TLN0C,Causeway Coast and Glens,2009,1723,2069
TLN0C,Causeway Coast and Glens,2010,1735,2123
TLN0C,Causeway Coast and Glens,2011,1811,2243
TLN0C,Causeway Coast and Glens,2012,1865,2303
TLN0C,Causeway Coast and Glens,2013,1881,2326
TLN0C,Causeway Coast and Glens,2014,1909,2364
TLN0C,Causeway Coast and Glens,2015,1907,2377
TLN0C,Causeway Coast and Glens,2016,2056,2537
TLN0C,Causeway Coast and Glens,2017,2163,2652
TLN0C,Causeway Coast and Glens,2018,2153,2634
TLN0C,Causeway Coast and Glens,2019,2248,2729
TLN0C,Causeway Coast and Glens,2020,2118,2533
TLN0C,Causeway Coast and Glens,2021,2362,2844
TLN0C,Causeway Coast and Glens,2022,2567,3087
TLN0C,Causeway Coast and Glens,2023,2788,3329
TLN0D,Antrim and Newtownabbey,1998,1608,1835
TLN0D,Antrim and Newtownabbey,1999,1697,1943
TLN0D,Antrim and Newtownabbey,2000,1826,2082
TLN0D,Antrim and Newtownabbey,2001,1926,2193
TLN0D,Antrim and Newtownabbey,2002,1982,2256
TLN0D,Antrim and Newtownabbey,2003,2074,2369
TLN0D,Antrim and Newtownabbey,2004,2156,2468
TLN0D,Antrim and Newtownabbey,2005,2246,2578
TLN0D,Antrim and Newtownabbey,2006,2389,2742
TLN0D,Antrim and Newtownabbey,2007,2514,2904
TLN0D,Antrim and Newtownabbey,2008,2483,2867
TLN0D,Antrim and Newtownabbey,2009,2381,2740
TLN0D,Antrim and Newtownabbey,2010,2410,2812
TLN0D,Antrim and Newtownabbey,2011,2489,2937
TLN0D,Antrim and Newtownabbey,2012,2542,3006
TLN0D,Antrim and Newtownabbey,2013,2540,3017
TLN0D,Antrim and Newtownabbey,2014,2714,3205
TLN0D,Antrim and Newtownabbey,2015,2799,3306
TLN0D,Antrim and Newtownabbey,2016,2916,3433
TLN0D,Antrim and Newtownabbey,2017,3107,3637
TLN0D,Antrim and Newtownabbey,2018,3184,3707
TLN0D,Antrim and Newtownabbey,2019,3397,3918
TLN0D,Antrim and Newtownabbey,2020,3409,3850
TLN0D,Antrim and Newtownabbey,2021,3615,4121
TLN0D,Antrim and Newtownabbey,2022,3767,4334
TLN0D,Antrim and Newtownabbey,2023,4249,4838
TLN0E,Lisburn and Castlereagh,1998,1444,1646
TLN0E,Lisburn and Castlereagh,1999,1524,1741
TLN0E,Lisburn and Castlereagh,2000,1644,1872
TLN0E,Lisburn and Castlereagh,2001,1744,1985
TLN0E,Lisburn and Castlereagh,2002,1790,2038
TLN0E,Lisburn and Castlereagh,2003,1917,2181
TLN0E,Lisburn and Castlereagh,2004,1973,2248
TLN0E,Lisburn and Castlereagh,2005,2094,2392
TLN0E,Lisburn and Castlereagh,2006,2221,2537
TLN0E,Lisburn and Castlereagh,2007,2306,2645
TLN0E,Lisburn and Castlereagh,2008,2308,2647
TLN0E,Lisburn and Castlereagh,2009,2267,2587
TLN0E,Lisburn and Castlereagh,2010,2257,2619
TLN0E,Lisburn and Castlereagh,2011,2313,2718
TLN0E,Lisburn and Castlereagh,2012,2422,2833
TLN0E,Lisburn and Castlereagh,2013,2490,2913
TLN0E,Lisburn and Castlereagh,2014,2577,3015
TLN0E,Lisburn and Castlereagh,2015,2693,3150
TLN0E,Lisburn and Castlereagh,2016,2841,3311
TLN0E,Lisburn and Castlereagh,2017,2930,3414
TLN0E,Lisburn and Castlereagh,2018,3131,3616
TLN0E,Lisburn and Castlereagh,2019,3353,3841
TLN0E,Lisburn and Castlereagh,2020,3176,3610
TLN0E,Lisburn and Castlereagh,2021,3508,4008
TLN0E,Lisburn and Castlereagh,2022,3847,4388
TLN0E,Lisburn and Castlereagh,2023,4294,4850
TLN0F,Mid and East Antrim,1998,1927,2126
TLN0F,Mid and East Antrim,1999,2013,2228
TLN0F,Mid and East Antrim,2000,2205,2431
TLN0F,Mid and East Antrim,2001,2119,2361
TLN0F,Mid and East Antrim,2002,2182,2431
TLN0F,Mid and East Antrim,2003,2218,2483
TLN0F,Mid and East Antrim,2004,2363,2636
TLN0F,Mid and East Antrim,2005,2346,2642
TLN0F,Mid and East Antrim,2006,2457,2768
TLN0F,Mid and East Antrim,2007,2485,2821
TLN0F,Mid and East Antrim,2008,2605,2943
TLN0F,Mid and East Antrim,2009,2793,3110
TLN0F,Mid and East Antrim,2010,2723,3081
TLN0F,Mid and East Antrim,2011,2558,2958
TLN0F,Mid and East Antrim,2012,2922,3327
TLN0F,Mid and East Antrim,2013,2902,3319
TLN0F,Mid and East Antrim,2014,2848,3273
TLN0F,Mid and East Antrim,2015,3161,3597
TLN0F,Mid and East Antrim,2016,3082,3532
TLN0F,Mid and East Antrim,2017,2771,3229
TLN0F,Mid and East Antrim,2018,2356,2809
TLN0F,Mid and East Antrim,2019,2494,2947
TLN0F,Mid and East Antrim,2020,2408,2811
TLN0F,Mid and East Antrim,2021,2612,3056
TLN0F,Mid and East Antrim,2022,2826,3316
TLN0F,Mid and East Antrim,2023,3152,3680
TLN0G,Fermanagh and Omagh,1998,1059,1245
TLN0G,Fermanagh and Omagh,1999,1113,1314
TLN0G,Fermanagh and Omagh,2000,1185,1394
TLN0G,Fermanagh and Omagh,2001,1243,1464
TLN0G,Fermanagh and Omagh,2002,1288,1518
TLN0G,Fermanagh and Omagh,2003,1389,1634
TLN0G,Fermanagh and Omagh,2004,1463,1717
TLN0G,Fermanagh and Omagh,2005,1577,1862
TLN0G,Fermanagh and Omagh,2006,1674,1976
TLN0G,Fermanagh and Omagh,2007,1702,2023
TLN0G,Fermanagh and Omagh,2008,1712,2033
TLN0G,Fermanagh and Omagh,2009,1651,1955
TLN0G,Fermanagh and Omagh,2010,1626,1963
TLN0G,Fermanagh and Omagh,2011,1643,2013
TLN0G,Fermanagh and Omagh,2012,1755,2129
TLN0G,Fermanagh and Omagh,2013,1669,2049
TLN0G,Fermanagh and Omagh,2014,1795,2183
TLN0G,Fermanagh and Omagh,2015,1811,2209
TLN0G,Fermanagh and Omagh,2016,1942,2350
TLN0G,Fermanagh and Omagh,2017,2073,2489
TLN0G,Fermanagh and Omagh,2018,2176,2590
TLN0G,Fermanagh and Omagh,2019,2299,2712
TLN0G,Fermanagh and Omagh,2020,2269,2622
TLN0G,Fermanagh and Omagh,2021,2461,2866
TLN0G,Fermanagh and Omagh,2022,2652,3089
TLN0G,Fermanagh and Omagh,2023,2928,3386
