ladCode,ladName,year,domesticGwh,nonDomesticGwh,allMetersGwh,metersThousands
E06000001,Hartlepool,2015,141.60468620083719,312.71764530658999,454.32233150742661,45.231999999999999
E06000002,Middlesbrough,2015,203.72578140004569,289.96507329689803,493.69085469694329,64.772000000000006
E06000003,Redcar and Cleveland,2015,210.5993674022742,845.73952165477897,1056.3388890570529,66.373000000000005
E06000004,Stockton-on-Tees,2015,292.40075380058732,1067.6892101951839,1360.0899639957729,89.472999999999999
E06000005,Darlington,2015,172.9108315006437,249.3752993133227,422.28613081396679,52.93
E06000006,Halton,2015,196.29130340244691,511.89110821561911,708.18241161806623,58.232999999999997
E06000007,Warrington,2015,333.10783329916171,588.9359877903828,922.04382108954781,96.263000000000005
E06000008,Blackburn with Darwen,2015,218.58418909913269,394.03211850427249,612.61630760340404,63.935000000000002
E06000009,Blackpool,2015,253.46785089890409,306.37568250175792,559.84353340066286,72.483000000000004
E06000010,"Kingston upon Hull, City of",2015,387.83416440035762,726.49165661109328,1114.32582101145,125.508
E06000011,East Riding of Yorkshire,2015,592.80502499592592,1012.730843699093,1605.5358686950181,164.59700000000001
E06000012,North East Lincolnshire,2015,253.17845010197499,584.80128371799015,837.97973381996508,75.957999999999998
E06000013,North Lincolnshire,2015,266.68836040135301,965.07161701314237,1231.7599774144951,79.126999999999995
E06000014,York,2015,319.98570100371887,442.36888508830452,762.3545860920218,95.126999999999995
E06000015,Derby,2015,385.73177269946711,676.44516618991133,1062.1769388893781,115.31399999999999
E06000016,Leicester,2015,457.77124299871309,926.5476922739025,1384.318935272619,142.45400000000001
E06000017,Rutland,2015,75.928922299657998,276.63911490225831,352.56803720191641,18.417000000000002
E06000018,Nottingham,2015,460.65089710004639,841.84253038917234,1302.4934274892159,140.012
E06000019,"Herefordshire, County of",2015,370.45250529835738,618.27950052787787,988.73200582623565,91.734999999999999
E06000020,Telford and Wrekin,2015,262.01168350133509,631.05672548054872,893.06840898188318,77.135000000000005
E06000021,Stoke-on-Trent,2015,385.24781649984391,610.63699974797385,995.88481624781912,119.755
E06000022,Bath and North East Somerset,2015,326.45317200283392,350.54101261265998,676.9941846154959,88.18
E06000023,"Bristol, City of",2015,706.54277759907666,1171.2315154447681,1877.7742930438451,211.02500000000001
E06000024,North Somerset,2015,369.38300380198012,396.15011921610233,765.53312301808205,101.36499999999999
E06000025,South Gloucestershire,2015,456.961094999203,796.33743161265238,1253.298526611856,121.217
E06000026,Plymouth,2015,416.67093629832988,608.68407590830373,1025.355012206634,124.245
E06000027,Torbay,2015,247.09530520140771,218.95870990595719,466.05401510736408,70.195999999999998
E06000030,Swindon,2015,352.58536589754851,733.34291048890111,1085.928276386448,99.751999999999995
E06000031,Peterborough,2015,296.52812630092711,615.81008632363739,912.33821262456138,87.174000000000007
E06000032,Luton,2015,292.07512090158002,437.20762692155682,729.28274782313531,81.855999999999995
E06000033,Southend-on-Sea,2015,309.52715209831348,309.52157021074242,619.04872230905642,85.286000000000001
E06000034,Thurrock,2015,282.68797350063812,672.06947651443727,954.75745001507528,70.694999999999993
E06000035,Medway,2015,436.94401839737361,431.58743612674709,868.53145452411968,118.946
E06000036,Bracknell Forest,2015,203.56463949867009,330.09898000615237,533.6636195048228,50.055999999999997
E06000037,West Berkshire,2015,327.69230870139728,572.92297968535377,900.61528838675133,73.244
E06000038,Reading,2015,265.41442500272001,503.20159863733721,768.616023640055,73.988
E06000039,Slough,2015,200.7671197008915,887.88137389630151,1088.648493597193,56.542000000000002
E06000040,Windsor and Maidenhead,2015,291.82472320258842,439.05118987818912,730.8759130807789,68.575999999999993
E06000041,Wokingham,2015,285.62716440234851,400.43091730234403,686.05808170469231,68.28
E06000042,Milton Keynes,2015,414.60273429744262,1035.7154742838391,1450.3182085812809,114.541
E06000043,Brighton and Hove,2015,453.24916590248642,522.33319519036024,975.58236109284837,139.50399999999999
E06000044,Portsmouth,2015,318.43976340039399,641.59866424617996,960.03842764657554,96.076999999999998
E06000045,Southampton,2015,401.46189499766268,550.7329404923446,952.19483549000563,113.84699999999999
E06000046,Isle of Wight,2015,274.19419320130459,279.87916744147748,554.07336064278161,77.597999999999999
E06000047,County Durham,2015,802.39125600536443,1172.164828863893,1974.556084869256,252.29900000000001
E06000049,Cheshire East,2015,704.24380250602553,1076.9178538066319,1781.161656312654,180.42500000000001
E06000050,Cheshire West and Chester,2015,584.65091870064339,1742.6045225196469,2327.2554412202871,160.68199999999999
E06000051,Shropshire,2015,588.00524919833163,909.45672401109437,1497.461973209427,151.40100000000001
E06000052,Cornwall,2015,1299.2992812015409,1380.6170078073369,2679.916289008891,296.37900000000002
E06000053,Isles of Scilly,2015,8.0143750992187588,9.1433030999999971,17.157678199218761,1.621
E06000054,Wiltshire,2015,987.64447830126664,1203.374172601918,2191.0186509031828,233.82300000000001
E06000055,Bedford,2015,285.54168769658929,429.82570460922273,715.36739230581054,76.14
E06000056,Central Bedfordshire,2015,478.30921680248719,584.1307327024565,1062.4399495049429,121.65900000000001
E06000057,Northumberland,2015,577.50803880527144,955.1738103924481,1532.6818491977231,163.9
E06000058,"Bournemouth, Christchurch and Poole",2015,675.12670879699692,893.97862589024624,1569.105334687237,195.96899999999999
E06000059,Dorset,2015,743.94478619774213,907.79385113401202,1651.7386373317461,195.80500000000001
E06000060,Buckinghamshire,2015,1013.471761701608,1062.3244761597109,2075.7962378613188,233.381
E06000061,North Northamptonshire,2015,567.19935339861615,1030.7006934738531,1597.9000468724671,154.80699999999999
E06000062,West Northamptonshire,2015,710.26865200634427,1088.8376870707309,1799.1063390770789,180.88
E06000063,Cumberland,2015,515.2733980995763,807.88234278459652,1323.1557408841711,140.90600000000001
E06000064,Westmorland and Furness,2015,482.44643710398282,983.11157980116627,1465.558016905147,124.657
E06000065,North Yorkshire,2015,1179.4810516038019,2034.6134222181061,3214.0944738219059,311.73500000000001
E06000066,Somerset,2015,1084.5303300003191,1515.3993892459621,2599.9297192462709,275.12400000000002
E07000008,Cambridge,2015,181.5556280002456,567.27820488042005,748.83383288066352,56.76
E07000009,East Cambridgeshire,2015,165.79253150114101,222.86453250241539,388.65706400355691,40.055999999999997
E07000010,Fenland,2015,188.7984415014393,328.43543822740008,517.23387972883916,47.198999999999998
E07000011,Huntingdonshire,2015,312.38261629775991,547.33591366336054,859.71852996112079,80.596999999999994
E07000012,South Cambridgeshire,2015,297.15747100099873,501.16603450468148,798.32350550567924,69.638000000000005
E07000032,Amber Valley,2015,217.86014109715089,379.0283887386372,596.88852983578909,59.661999999999999
E07000033,Bolsover,2015,123.3605578004841,238.71030482001959,362.07086262050348,36.746000000000002
E07000034,Chesterfield,2015,162.1359110007821,247.17708858143791,409.31299958222002,52.344999999999999
E07000035,Derbyshire Dales,2015,147.0435158012736,272.28704880056131,419.33056460183519,37.81
E07000036,Erewash,2015,186.32417700133931,224.77617000776371,411.1003470091029,54.341999999999999
E07000037,High Peak,2015,160.63138229846129,601.35357400292912,761.98495630139053,44.146999999999998
E07000038,North East Derbyshire,2015,163.18852490060371,258.49823486445939,421.6867597650629,47.192999999999998
E07000039,South Derbyshire,2015,168.14105160171391,369.26328102314642,537.40433262485965,43.957000000000001
E07000040,East Devon,2015,277.10853120030509,238.4990981796355,515.60762937994002,73.623000000000005
E07000041,Exeter,2015,185.3577399993415,400.3079770884035,585.66571708774495,57.648000000000003
E07000042,Mid Devon,2015,160.10069650155651,189.4949613477103,349.59565784926718,38.798999999999999
E07000043,North Devon,2015,187.19996440030641,273.00640481106183,460.2063692113685,49.485999999999997
E07000044,South Hams,2015,208.31519550039079,244.73685810084501,453.05205360123568,49.869
E07000045,Teignbridge,2015,253.65725960123851,247.68698329785161,501.34424289908998,66.331000000000003
E07000046,Torridge,2015,140.11923810025991,130.4406210806456,270.55985918090482,35.268000000000001
E07000047,West Devon,2015,118.62537970022569,137.56768784931771,256.19306754954363,28.38
E07000061,Eastbourne,2015,170.79932970118111,199.06059586047789,369.859925561659,52.192999999999998
E07000062,Hastings,2015,160.46658810085771,152.0221725914466,312.48876069230391,46.206000000000003
E07000063,Lewes,2015,185.228041001299,156.44296959744869,341.67101059874818,47.953000000000003
E07000064,Rother,2015,199.62739709796111,165.84560811000989,365.47300520797108,49.002000000000002
E07000065,Wealden,2015,325.17859520189887,219.19289949462271,544.37149469652309,73.406000000000006
E07000066,Basildon,2015,321.58954040126662,445.17576482356537,766.76530522483017,82.11
E07000067,Braintree,2015,282.01803460187313,309.31093792257963,591.32897252445309,68.180000000000007
E07000068,Brentwood,2015,150.47092650040901,148.31506056576171,298.78598706617112,35.295999999999999
E07000069,Castle Point,2015,165.01379279792459,88.424701209960929,253.43849400788611,39.601999999999997
E07000070,Chelmsford,2015,324.14333360076091,407.38551938836679,731.52885298912645,77.923000000000002
E07000071,Colchester,2015,320.39600750246382,374.85419680820638,695.25020431066935,84.207999999999998
E07000072,Epping Forest,2015,262.51278039896869,207.64742859683841,470.16020899580639,59.942999999999998
E07000073,Harlow,2015,131.24333580131881,232.23811170777839,363.48144750909768,39.027000000000001
E07000074,Maldon,2015,137.94514379853581,137.34645229848641,275.291596097021,29.547999999999998
E07000075,Rochford,2015,153.7475025021086,129.0901264021424,282.83762890425038,37.055
E07000076,Tendring,2015,276.22188129841282,232.96091651568301,509.18279781409632,72.769000000000005
E07000077,Uttlesford,2015,177.77381030175769,220.97960029843449,398.75341060019252,38.444000000000003
E07000078,Cheltenham,2015,204.97952119993451,330.75561320463862,535.73513440457282,59.064
E07000079,Cotswold,2015,225.39105940008159,205.0067644974373,430.39782389751741,47.988
E07000080,Forest of Dean,2015,174.45761229931691,249.14370290702209,423.60131520633928,40.463000000000001
E07000081,Gloucester,2015,207.4980564990735,366.23461219567861,573.73266869475196,59.302
E07000082,Stroud,2015,229.78604260151269,316.15361269788832,545.93965529940124,56.44
E07000083,Tewkesbury,2015,159.98377049975369,349.83253301652121,509.81630351627552,41.945999999999998
E07000084,Basingstoke and Deane,2015,314.17019709913109,534.97835454624567,849.14855164537653,79.225999999999999
E07000085,East Hampshire,2015,239.05653539906501,216.2135188031495,455.27005420221559,55.933999999999997
E07000086,Eastleigh,2015,207.18652450020659,316.3958647746872,523.58238927489492,57.564999999999998
E07000087,Fareham,2015,191.31819709751539,247.7781617914419,439.09635888895718,52.308
E07000088,Gosport,2015,137.51277269962151,150.63414610000001,288.14691879962157,39.192
E07000089,Hart,2015,173.22810720070231,201.99197094213741,375.22007814283961,40.869999999999997
E07000090,Havant,2015,210.53661879847519,216.47509570117191,427.01171449964738,57.917000000000002
E07000091,New Forest,2015,337.38430090150138,430.39086607489321,767.77516697639487,87.745000000000005
E07000092,Rushmoor,2015,147.78413510098989,257.60303400233141,405.38716910332209,41.164000000000001
E07000093,Test Valley,2015,238.89748599743319,329.98002869832749,568.8775146957604,57.835000000000001
E07000094,Winchester,2015,229.93302609795359,387.50741630040432,617.44044239835819,56.298999999999999
E07000095,Broxbourne,2015,169.47052280042081,262.43448049431152,431.90500329473173,43.204999999999998
E07000096,Dacorum,2015,264.12340430073402,347.53607450790992,611.65947880864485,67.69
E07000098,Hertsmere,2015,189.9734494992075,291.28323510051882,481.25668459972633,45.48
E07000099,North Hertfordshire,2015,236.4384069995489,285.38473936391739,521.82314636346484,60.807000000000002
E07000102,Three Rivers,2015,169.96954449809721,169.28692529919121,339.25646979728867,39.463000000000001
E07000103,Watford,2015,150.47218090077831,338.19250688625488,488.6646877870337,42.390999999999998
E07000105,Ashford,2015,227.13052429809139,281.88212621138331,509.01265050947478,56.351999999999997
E07000106,Canterbury,2015,256.18288960197242,331.19621149081217,587.37910109278437,70.738
E07000107,Dartford,2015,167.81065209949881,268.94965749956049,436.76030959906029,46.421999999999997
E07000108,Dover,2015,188.022712199267,250.8989012941712,438.92161349343849,55.01
E07000109,Gravesham,2015,167.2011378988424,296.42258419697259,463.62372209581503,44.927
E07000110,Maidstone,2015,286.76816750423802,382.47654909993298,669.24471660417112,73.070999999999998
E07000111,Sevenoaks,2015,248.45836589835631,216.80182840011119,465.26019429846792,53.537999999999997
E07000112,Folkestone and Hythe,2015,198.17144779791809,248.16971639319209,446.34116419110961,54.093000000000004
E07000113,Swale,2015,240.93636190187641,410.18181791125471,651.11817981313095,63.738
E07000114,Thanet,2015,243.87573120147721,296.37104141065532,540.24677261213128,70.872
E07000115,Tonbridge and Malling,2015,224.44227409854901,333.66799462915731,558.11026872770663,55.448999999999998
E07000116,Tunbridge Wells,2015,226.89329169842441,296.70052160160498,523.59381330003089,53.279000000000003
E07000117,Burnley,2015,140.26519439957971,201.86728390852031,342.13247830809979,42.627000000000002
E07000118,Chorley,2015,189.68805289954921,199.1426791042023,388.83073200375111,51.811
E07000119,Fylde,2015,153.4494073020239,218.96174409155279,372.41115139357629,40.11
E07000120,Hyndburn,2015,125.3555956005019,183.18405930058589,308.53965490108777,38.475999999999999
E07000121,Lancaster,2015,233.9347516973171,313.09740768232348,547.03215937964069,66.537000000000006
E07000122,Pendle,2015,141.4079689007323,224.369355607373,365.77732450810561,42.203000000000003
E07000123,Preston,2015,223.09249289937199,398.36583490231618,621.4583278016878,64.551000000000002
E07000124,Ribble Valley,2015,113.9223940997687,335.53575200328368,449.45814610305291,27.765000000000001
E07000125,Rossendale,2015,120.71006030114729,211.94855480380241,332.65861510494989,33.466999999999999
E07000126,South Ribble,2015,184.68712049954669,305.03745250899658,489.7245730085433,51.515999999999998
E07000127,West Lancashire,2015,198.90062690090579,333.19058159562991,532.09120849653527,51.207999999999998
E07000128,Wyre,2015,198.6019708013481,336.42520011640983,535.02717091775787,53.506
E07000129,Blaby,2015,159.14819560024441,252.9425519922608,412.09074759250541,43.220999999999997
E07000130,Charnwood,2015,268.40175460299702,441.03136310206298,709.43311770505977,76.745999999999995
E07000131,Harborough,2015,166.902348301226,208.58737489394531,375.48972319517128,41.112000000000002
E07000132,Hinckley and Bosworth,2015,193.34053020085841,250.77149425719259,444.11202445805139,52.426000000000002
E07000133,Melton,2015,96.355646200282465,188.0879927669821,284.44363896726469,24.472999999999999
E07000134,North West Leicestershire,2015,174.578524496863,384.8206281040039,559.39915260086696,45.478999999999999
E07000135,Oadby and Wigston,2015,84.802617400335691,103.47897990292969,188.28159730326539,24.355
E07000136,Boston,2015,119.9898245026247,211.72441360352781,331.71423810615221,31.234000000000002
E07000137,East Lindsey,2015,292.01917740221779,402.2830975203828,694.30227492260178,72.885000000000005
E07000138,Lincoln,2015,143.44909359785419,275.49583243621862,418.9449260340723,46.505000000000003
E07000139,North Kesteven,2015,204.8174616969097,283.24244809208659,488.05990978899717,53.362000000000002
E07000140,South Holland,2015,176.45128269518409,330.8274674237436,507.2787501189278,43.398000000000003
E07000141,South Kesteven,2015,263.50064799890259,383.71570444898941,647.21635244789218,67.174000000000007
E07000142,West Lindsey,2015,169.82676980153289,224.38788110653121,394.21465090806339,45.15
E07000143,Breckland,2015,272.23119559854871,336.57130090039038,608.80249649893881,64.406000000000006
E07000144,Broadland,2015,238.4898088030638,251.04546330967409,489.53527211273803,59.725000000000001
E07000145,Great Yarmouth,2015,185.35413520025591,201.41884560854189,386.77298080879729,48.816000000000003
E07000146,King's Lynn and West Norfolk,2015,343.85438849709038,770.35830478836272,1114.212693285453,77.594999999999999
E07000147,North Norfolk,2015,251.3432750982719,262.86976020298403,514.2130353012559,59.658000000000001
E07000148,Norwich,2015,207.97529990040829,418.05699690040888,626.03229680081824,70.959000000000003
E07000149,South Norfolk,2015,272.49897730392098,291.23784199857778,563.7368193024995,62.665999999999997
E07000170,Ashfield,2015,197.44689459917871,394.67106580349139,592.11796040266915,57.402000000000001
E07000171,Bassetlaw,2015,198.79394259990039,366.4544755149708,565.24841811487227,54.747999999999998
E07000172,Broxtowe,2015,180.1111272989134,166.0843846273375,346.19551192625102,52.073
E07000173,Gedling,2015,201.38541509931139,154.28755228713379,355.67296738644461,54.634999999999998
E07000174,Mansfield,2015,166.70961390082729,238.32867794980459,405.03829185063199,51.25
E07000175,Newark and Sherwood,2015,212.49559699882391,363.69225089957291,576.1878478983956,56.546999999999997
E07000176,Rushcliffe,2015,197.70539320077589,214.3245689015443,412.02996210231959,51.319000000000003
E07000177,Cherwell,2015,274.21856250089252,470.80168009775389,745.020242598648,66.918999999999997
E07000178,Oxford,2015,217.45036030188049,661.28012419484094,878.73048449672183,63.47
E07000179,South Oxfordshire,2015,290.70545520145072,487.19906436560638,777.90451956705647,65.537999999999997
E07000180,Vale of White Horse,2015,241.04270870051249,506.13184429043793,747.17455299095116,59.539000000000001
E07000181,West Oxfordshire,2015,224.83616439721419,301.91047434015093,526.74663873736517,52.45
E07000192,Cannock Chase,2015,163.12251019867841,201.18667628638929,364.30918648506753,44.86
E07000193,East Staffordshire,2015,199.34269490259351,474.11487648975469,673.45757139234786,54.006
E07000194,Lichfield,2015,184.8349657978286,259.74297610532233,444.5779419031511,47.036000000000001
E07000195,Newcastle-under-Lyme,2015,201.04146720018821,292.24193089728999,493.28339809747791,58.015000000000001
E07000196,South Staffordshire,2015,191.67060109757119,256.26594999902352,447.93655109659488,48.938000000000002
E07000197,Stafford,2015,231.55390070011501,380.06619019525772,611.62009089537253,62.201000000000001
E07000198,Staffordshire Moorlands,2015,174.181932500025,332.48544120050042,506.66737370052527,46.97
E07000199,Tamworth,2015,128.0181366010313,202.81983460195309,330.83797120298442,34.243000000000002
E07000200,Babergh,2015,185.7587984004272,221.5855354847987,407.34433388522558,42.991
E07000202,Ipswich,2015,224.1955364022696,291.11424000037522,515.30977640264473,64.525999999999996
E07000203,Mid Suffolk,2015,214.01925989699589,266.23956288627909,480.25882278327612,46.709000000000003
E07000207,Elmbridge,2015,289.01692329992397,274.96619879285288,563.98312209277617,61.094000000000001
E07000208,Epsom and Ewell,2015,135.0146549023801,102.5153103005004,237.52996520288031,33.590000000000003
E07000209,Guildford,2015,262.16713949780171,357.43730219262028,619.60444169042341,61.832000000000001
E07000210,Mole Valley,2015,179.1639106978806,266.20503610409241,445.3689468019731,40.067
E07000211,Reigate and Banstead,2015,265.49147270066931,359.822928698596,625.31440139926451,63.935000000000002
E07000212,Runnymede,2015,157.47055870038989,265.32000439593509,422.79056309632551,37
E07000213,Spelthorne,2015,173.77789930004019,209.53607349931639,383.31397279935669,44.72
E07000214,Surrey Heath,2015,164.3844129009467,234.87177170270991,399.25618460365672,38.069000000000003
E07000215,Tandridge,2015,177.75700070221521,143.9027911001466,321.65979180236133,38.866
E07000216,Waverley,2015,253.22128820020629,192.86267329251081,446.08396149271613,56.908000000000001
E07000217,Woking,2015,189.61529269758529,423.58380551192022,613.19909820950647,44.698
E07000218,North Warwickshire,2015,117.9104520995328,413.50598870043638,531.41644079996956,29.943999999999999
E07000219,Nuneaton and Bedworth,2015,212.346667799377,233.07274369531439,445.41941149469079,59.204000000000001
E07000220,Rugby,2015,184.01592379799891,467.7777514307283,651.79367522872781,48.384
E07000221,Stratford-on-Avon,2015,275.3811478050601,370.74226218096948,646.12340998602713,61.619
E07000222,Warwick,2015,255.06062239915721,415.88457190360413,670.9451943027625,66.781000000000006
E07000223,Adur,2015,112.1442943005958,133.50916370060429,245.65345800119999,30.119
E07000224,Arun,2015,289.81509010033801,220.16771500773939,509.98280510807717,78.198999999999998
E07000225,Chichester,2015,269.89957159964479,329.03232279728098,598.93189439692571,62.756
E07000226,Crawley,2015,165.95577879912119,462.87603526662122,628.83181406574249,46.756999999999998
E07000227,Horsham,2015,278.67606550197212,267.24571359731442,545.92177909928648,64.438000000000002
E07000228,Mid Sussex,2015,269.31926619816733,258.65263010534659,527.97189630351306,66.364000000000004
E07000229,Worthing,2015,190.18982200077389,196.12432669120179,386.31414869197562,53.180999999999997
E07000234,Bromsgrove,2015,174.54111260092799,163.69056930129389,338.2316819022227,43.603000000000002
E07000235,Malvern Hills,2015,157.14561159961099,148.6992621767578,305.84487377636879,37.314999999999998
E07000236,Redditch,2015,137.17613299978061,230.03333579169919,367.20946879148022,38.140999999999998
E07000237,Worcester,2015,165.73303820049981,267.93974370141609,433.67278190191598,48.164000000000001
E07000238,Wychavon,2015,243.58789500023681,410.76183299462878,654.34972799486559,58.506999999999998
E07000239,Wyre Forest,2015,179.2587978006288,209.7980487960389,389.05684659666679,48.058
E07000240,St Albans,2015,258.9898669012278,244.33046990612769,503.32033680735469,63.704000000000001
E07000241,Welwyn Hatfield,2015,189.54455260062511,446.82202072606208,636.36657332668699,49.92
E07000242,East Hertfordshire,2015,289.09515180004172,253.33308129021839,542.42823309026153,66.233999999999995
E07000243,Stevenage,2015,131.64403089768101,268.4130613184326,400.05709221611357,38.423000000000002
E07000244,East Suffolk,2015,488.42398100114809,654.56413430852695,1142.988115309674,124.371
E07000245,West Suffolk,2015,329.03614829581988,600.54346136506035,929.5796096608816,82.826999999999998
E08000001,Bolton,2015,454.40229099851967,558.34262215576052,1012.74491315428,129.654
E08000002,Bury,2015,311.39948219829029,359.08462030043341,670.48410249872279,87.558000000000007
E08000003,Manchester,2015,814.96024420026913,1881.528762322215,2696.4890065224781,234.69800000000001
E08000004,Oldham,2015,336.38558679910471,447.91251260957409,784.29809940867801,100.24
E08000005,Rochdale,2015,332.91375240072301,498.45969939386589,831.37345179458839,96.994
E08000006,Salford,2015,423.54173050011752,638.65081817032797,1062.1925486704431,119.05
E08000007,Stockport,2015,492.06000690018129,582.18424999870604,1074.244256898887,135.52199999999999
E08000008,Tameside,2015,354.41980079981869,437.42163251831357,791.84143331813277,106.15600000000001
E08000009,Trafford,2015,389.28522820271593,997.34788800121464,1386.6331162039289,105.074
E08000010,Wigan,2015,503.44894160314789,663.43035269031975,1166.879294293462,148.43899999999999
E08000011,Knowsley,2015,230.9028602028086,504.8723453049804,735.77520550778854,67.218000000000004
E08000012,Liverpool,2015,727.60986310197507,1266.365407625668,1993.9752707276391,223.91
E08000013,St. Helens,2015,277.58818240101238,474.99760569385381,752.5857880948663,84.302000000000007
E08000014,Sefton,2015,455.83981489632458,493.51027657503681,949.350091471361,131.96700000000001
E08000015,Wirral,2015,528.56391189964552,571.44693320042063,1100.010845100069,154.68100000000001
E08000017,Doncaster,2015,461.54305070248068,838.22931304382791,1299.7723637463109,140.31299999999999
E08000018,Rotherham,2015,388.65553959829828,654.03415047860517,1042.6896900769029,121.473
E08000021,Newcastle upon Tyne,2015,430.02074760048032,818.56479951581275,1248.5855471162929,134.376
E08000022,North Tyneside,2015,313.51734010062501,474.67422891789562,788.19156901852068,101.675
E08000023,South Tyneside,2015,220.4145687992241,232.21486450306389,452.62943330228882,74.14
E08000024,Sunderland,2015,414.68343669719332,845.00475650425369,1259.688193201448,133.89599999999999
E08000025,Birmingham,2015,1633.0562114978891,2714.143004553127,4347.1992160510226,457.97899999999998
E08000026,Coventry,2015,506.95047099968781,827.31318049386607,1334.263651493553,145.42500000000001
E08000027,Dudley,2015,509.84058030099442,587.11066372949699,1096.9512440304941,144.33500000000001
E08000028,Sandwell,2015,471.4551741030478,905.07680542449054,1376.531979527537,139.292
E08000029,Solihull,2015,373.70216760210963,695.26817980244095,1068.9703474045521,95.409000000000006
E08000030,Walsall,2015,437.83689899850827,543.15622674668816,980.99312574519331,121.239
E08000031,Wolverhampton,2015,403.03334420145973,612.14230273346482,1015.175646934924,114.599
E08000032,Bradford,2015,777.53349149465589,1072.770353787979,1850.3038452826349,224.61099999999999
E08000033,Calderdale,2015,352.28154739741427,507.11679622503999,859.39834362245188,100.264
E08000034,Kirklees,2015,651.7547920994557,902.49978845362511,1554.254580553084,193.10499999999999
E08000035,Leeds,2015,1259.857232602817,2139.8634757734872,3399.7207083762978,364.76400000000001
E08000036,Wakefield,2015,515.58900680168517,1151.8352685991299,1667.424275400821,160.28899999999999
E08000037,Gateshead,2015,304.4461677984703,583.29329591320788,887.73946371167699,98.561999999999998
E08000038,Barnsley,2015,363.05829630063857,564.48862112199879,927.54691742263822,113.565
E08000039,Sheffield,2015,804.98899830172445,1529.7463535268021,2334.735351828524,252.17699999999999
E09000001,City of London,2015,27.910836099279859,2241.1178022579729,2269.0286383572529,12.922000000000001
E09000002,Barking and Dagenham,2015,270.53897839824162,382.96350392568758,653.50248232393051,79.23
E09000003,Barnet,2015,630.60533269167536,527.36242692240228,1157.9677596140771,155.91
E09000004,Bexley,2015,386.67039390027293,408.90470630239258,795.57510020266398,102.991
E09000005,Brent,2015,430.22260739962798,585.42610120634777,1015.648708605974,127.371
E09000006,Bromley,2015,567.51191089740087,434.26470668786533,1001.776617585259,148.10300000000001
E09000007,Camden,2015,352.68461109964119,1383.2967021901011,1735.981313289748,124.94
E09000008,Croydon,2015,603.7735705018514,641.071983898089,1244.845554399948,162.17099999999999
E09000009,Ealing,2015,482.32726300140968,879.3601324438506,1361.687395445261,141.82
E09000010,Enfield,2015,502.19317089768481,541.02118990093811,1043.214360798625,132.399
E09000011,Greenwich,2015,379.06677940792503,458.03599679769258,837.10277620561851,117.90300000000001
E09000012,Hackney,2015,347.95382610223459,581.63506837297712,929.58889447521346,120.27200000000001
E09000013,Hammersmith and Fulham,2015,288.24898279953788,676.41393683735373,964.66291963689105,96.281000000000006
E09000014,Haringey,2015,369.50599670123881,415.94185689542178,785.44785359666196,114.499
E09000015,Harrow,2015,358.09423650002162,244.7114665044906,602.80570300451154,94.388000000000005
E09000016,Havering,2015,416.72298300025551,392.52514910490692,809.24813210516777,109.68300000000001
E09000017,Hillingdon,2015,435.20984470007971,1209.005621717728,1644.2154664178061,116.37
E09000018,Hounslow,2015,387.72011730040202,954.83872307559159,1342.5588403759959,107.496
E09000019,Islington,2015,320.19742990038009,865.16273940316137,1185.36016930354,118.318
E09000020,Kensington and Chelsea,2015,375.57102509646791,1164.0130733886569,1539.5840984851241,104.666
E09000021,Kingston upon Thames,2015,269.76627590011469,336.25826089735119,606.02453679746645,71.963999999999999
E09000022,Lambeth,2015,442.97292959772977,670.29064380425382,1113.2635734019809,152.63900000000001
E09000023,Lewisham,2015,417.47197879935021,322.06536578007302,739.53734457942414,133.35599999999999
E09000024,Merton,2015,320.83636079948383,465.48137738112808,786.31773818061106,89.844999999999999
E09000025,Newham,2015,379.02142110440991,1078.997915107984,1458.0193362123971,116.19499999999999
E09000026,Redbridge,2015,407.68125289964672,273.50579171831981,681.18704461796688,108.711
E09000027,Richmond upon Thames,2015,345.04354860069378,339.06318270572518,684.10673130641953,91.141000000000005
E09000028,Southwark,2015,446.99975089944201,1244.048380281967,1691.048131181411,146.65
E09000029,Sutton,2015,334.20313020082011,367.18150669865412,701.38463689947434,87.155000000000001
E09000030,Tower Hamlets,2015,407.32510839906138,2508.159846164539,2915.4849545636011,131.63200000000001
E09000031,Waltham Forest,2015,356.39748199804671,345.2477031790404,701.64518517708598,107.872
E09000032,Wandsworth,2015,502.89060810297491,475.85879853227698,978.74940663525138,155.23599999999999
E09000033,Westminster,2015,488.57283620185189,3323.9866634290051,3812.5594996308569,158.345
S12000005,Clackmannanshire,2015,90.176565699051139,220.2772969080591,310.4538626071103,26.13
S12000006,Dumfries and Galloway,2015,342.80904530051731,552.52693038261475,895.33597568313553,89.054000000000002
S12000008,East Ayrshire,2015,200.52311519913849,258.13575233480827,458.65886753394688,61.561999999999998
S12000010,East Lothian,2015,193.32636379833949,274.50636099545932,467.83272479379809,52.021000000000001
S12000011,East Renfrewshire,2015,162.33054529970099,82.822900398437511,245.1534456981386,41.2
S12000013,Na h-Eileanan Siar,2015,91.309215698389039,64.932255699853528,156.2414713982424,20.035
S12000014,Falkirk,2015,287.55315230240291,434.13431120706781,721.68746350946935,82.025000000000006
S12000017,Highland,2015,669.24882190000199,923.35582510232769,1592.604647002333,151.88200000000001
S12000018,Inverclyde,2015,149.2681765986907,194.24190621156001,343.51008281025048,43.125
S12000019,Midlothian,2015,143.65881909990489,213.97418888214099,357.63300798204608,41.487000000000002
S12000020,Moray,2015,192.25668920057981,324.6375778457496,516.89426704632899,50.67
S12000021,North Ayrshire,2015,256.73908830248462,463.40247069919411,720.14155900167941,75.462999999999994
S12000023,Orkney Islands,2015,81.577301199816901,60.197043700439067,141.7743449002559,16.238
S12000026,Scottish Borders,2015,261.21141419940841,304.11637340018291,565.32778759959126,69.608999999999995
S12000027,Shetland Islands,2015,102.52655540180631,103.49346580249031,206.02002120429671,18.712
S12000028,South Ayrshire,2015,213.66172829928291,287.35860890169567,501.02033720097899,61.691000000000003
S12000029,South Lanarkshire,2015,611.67506250172562,641.02211110370285,1252.697173605427,163.363
S12000030,Stirling,2015,187.02896929999321,288.21578053497473,475.24474983496702,47.631
S12000033,Aberdeen City,2015,425.6662198026383,794.87218519575242,1220.53840499839,130.392
S12000034,Aberdeenshire,2015,596.79481789605268,677.94091579741917,1274.7357336934781,134.83099999999999
S12000035,Argyll and Bute,2015,277.34054530098848,240.11274011092519,517.453285411916,63.854999999999997
S12000036,City of Edinburgh,2015,889.07482890117774,1541.7513047050011,2430.8261336061828,273.59300000000002
S12000038,Renfrewshire,2015,302.70312409706139,502.01730886235612,804.72043295941728,92.950999999999993
S12000039,West Dunbartonshire,2015,152.04735430117049,207.84662319492179,359.89397749609259,48.914000000000001
S12000040,West Lothian,2015,296.8670665984518,566.85484701486803,863.7219136133217,84.364999999999995
S12000041,Angus,2015,256.45157139996962,286.19852741341958,542.65009881339029,65.379000000000005
S12000042,Dundee City,2015,302.07098980374099,412.40797808371212,714.478967887453,86.037000000000006
S12000045,East Dunbartonshire,2015,186.01964539918859,169.45275400707999,355.47239940626793,49.588000000000001
S12000047,Fife,2015,650.37619569444405,968.85734304310961,1619.233538737556,191.01400000000001
S12000048,Perth and Kinross,2015,357.33264119708429,392.92974132625687,750.26238252334122,86.305000000000007
S12000049,Glasgow City,2015,1033.9758954043009,2006.3225953071139,3040.2984907114069,339.90499999999997
S12000050,North Lanarkshire,2015,567.28074980128235,829.60160182501807,1396.8823516263019,164.22499999999999
W06000001,Isle of Anglesey / Ynys Môn,2015,156.19256889965749,161.40177229680171,317.59434119645852,37.662999999999997
W06000002,Gwynedd / Gwynedd,2015,263.47220990670519,307.16097178095771,570.63318168765932,67.462999999999994
W06000003,Conwy / Conwy,2015,210.36600049604959,206.4391138756682,416.80511437171742,61.045999999999999
W06000004,Denbighshire / Sir Ddinbych,2015,174.70196229176631,210.41093769420669,385.11289998597312,47.274000000000001
W06000005,Flintshire / Sir y Fflint,2015,259.37798399950611,792.83708617622233,1052.21507017573,70.858000000000004
W06000006,Wrexham / Wrecsam,2015,223.9145493992082,751.3777523977999,975.29230179700869,62.713000000000001
W06000008,Ceredigion / Ceredigion,2015,160.74509860382921,200.30700290625609,361.05210151008492,38.26
W06000009,Pembrokeshire / Sir Benfro,2015,238.80661709897271,816.6993777008912,1055.5059947998629,66.977999999999994
W06000010,Carmarthenshire / Sir Gaerfyrddin,2015,320.22131410010928,582.68660412558768,902.9079182256944,92.117000000000004
W06000011,Swansea / Abertawe,2015,375.25749170184793,573.61896248436301,948.87645418621014,116.77
W06000012,Neath Port Talbot / Castell-nedd Port Talbot,2015,218.6721810014765,1190.6804485981991,1409.3526295996751,68.36
W06000013,Bridgend / Pen-y-bont ar Ogwr,2015,216.46629709877749,418.50581800227042,634.97211510104796,66.521000000000001
W06000014,Vale of Glamorgan / Bro Morgannwg,2015,208.34454020010989,328.64008091457742,536.984621114687,59.509
W06000015,Cardiff / Caerdydd,2015,531.9640776991107,1081.8389204891209,1613.8029981882351,161.16300000000001
W06000016,Rhondda Cynon Taf / Rhondda Cynon Taf,2015,357.11836599870719,431.45955259307141,788.57791859177667,113.014
W06000018,Caerphilly / Caerffili,2015,268.8895977999158,386.28305489194082,655.17265269185725,82.153000000000006
W06000019,Blaenau Gwent / Blaenau Gwent,2015,104.5194915998697,152.25072879624031,256.77022039610989,33.731000000000002
W06000020,Torfaen / Torfaen,2015,137.10906749907201,279.60679998642649,416.71586748549942,42.637999999999998
W06000021,Monmouthshire / Sir Fynwy,2015,166.84990319929051,236.70487929971321,403.55478249900278,44.932000000000002
W06000022,Newport / Casnewydd,2015,229.30615960190269,634.80484542077681,864.11100502268016,69.173000000000002
W06000023,Powys / Powys,2015,266.59868130093218,326.34962459518448,592.94830589611672,71.14
W06000024,Merthyr Tydfil / Merthyr Tudful,2015,88.41674879978018,134.42665250095141,222.84340130073139,27.956
E06000001,Hartlepool,2016,137.82606249998631,293.72912699999853,431.55518949998498,45.329000000000001
E06000002,Middlesbrough,2016,198.00116100134451,269.5923864903836,467.59354749172871,65.147999999999996
E06000003,Redcar and Cleveland,2016,205.0910095996426,656.09946791802258,861.19047751766539,66.731999999999999
E06000004,Stockton-on-Tees,2016,285.18430330003082,993.03830776865698,1278.22261106869,89.897000000000006
E06000005,Darlington,2016,169.6335111995657,238.94948059746099,408.58299179702658,53.034999999999997
E06000006,Halton,2016,191.41240419975401,503.39598260551747,694.80838680527177,58.804000000000002
E06000007,Warrington,2016,325.30260389990048,571.63508299767875,896.93768689757974,96.7
E06000008,Blackburn with Darwen,2016,210.93370460009839,387.21760620981121,598.15131080990977,63.994999999999997
E06000009,Blackpool,2016,243.88431189961011,287.44672089726578,531.3310327968743,72.304000000000002
E06000010,"Kingston upon Hull, City of",2016,379.26270010174437,706.39601361491486,1085.6587137166589,126.188
E06000011,East Riding of Yorkshire,2016,582.76065639820843,986.1621691172827,1568.922825515494,165.67599999999999
E06000012,North East Lincolnshire,2016,248.05208539993151,563.92374443415417,811.97582983408438,76.055000000000007
E06000013,North Lincolnshire,2016,262.83529539976712,913.81789398207206,1176.653189381838,79.292000000000002
E06000014,York,2016,318.1204830990514,417.56325750115889,735.68374060021108,95.963999999999999
E06000015,Derby,2016,377.45791630100138,647.79580990128193,1025.253726202282,115.822
E06000016,Leicester,2016,454.46474119934601,884.23598809475175,1338.700729294095,143.31899999999999
E06000017,Rutland,2016,74.429118899560677,263.79604990000001,338.22516879956078,18.623999999999999
E06000018,Nottingham,2016,451.0257437985797,795.68003025812789,1246.7057740567129,140.50200000000001
E06000019,"Herefordshire, County of",2016,366.26125650114602,600.4966218064335,966.75787830757872,92.03
E06000020,Telford and Wrekin,2016,259.37595739968589,612.26615060047607,871.64210800016122,78.358999999999995
E06000021,Stoke-on-Trent,2016,374.22221509978351,573.55213740322267,947.7743525030055,120.069
E06000022,Bath and North East Somerset,2016,321.19389850087839,335.09662790283193,656.29052640371344,89.058999999999997
E06000023,"Bristol, City of",2016,694.67916704316485,1114.492698062063,1809.171865105227,212.54499999999999
E06000024,North Somerset,2016,362.12978994628548,384.85730410449258,746.98709405077739,102.10899999999999
E06000025,South Gloucestershire,2016,450.32210363380187,735.0322878012696,1185.354391435071,122.926
E06000026,Plymouth,2016,400.16098899929301,505.96156189658183,906.12255089587654,125.14
E06000027,Torbay,2016,239.19686259976979,206.32019057935349,445.51705317912149,70.521000000000001
E06000030,Swindon,2016,347.76236030051518,715.45302364679958,1063.215383947314,100.834
E06000031,Peterborough,2016,295.56927809992038,594.50166522642053,890.07094332634051,88.335999999999999
E06000032,Luton,2016,286.96018199987049,411.80559228059661,698.76577428046801,82.238
E06000033,Southend-on-Sea,2016,304.49122239976299,301.66693289921869,606.15815529898123,85.760999999999996
E06000034,Thurrock,2016,280.5154729994548,689.18226236262035,969.69773536207424,71.331000000000003
E06000035,Medway,2016,426.92427799708861,411.30883839760168,838.2331163946892,119.624
E06000036,Bracknell Forest,2016,200.9896414998521,317.36504749921869,518.35468899907005,50.56
E06000037,West Berkshire,2016,324.92005010053668,548.03565168383955,872.9557017843764,73.649000000000001
E06000038,Reading,2016,263.77069160068322,487.8165354898436,751.58722709052779,74.86
E06000039,Slough,2016,200.07117640104789,920.26333733677029,1120.334513737819,57.011000000000003
E06000040,Windsor and Maidenhead,2016,289.61760070041538,416.86992662480571,706.48752732522109,68.962000000000003
E06000041,Wokingham,2016,283.49419469980432,374.87153399941388,658.36572869921679,69.256
E06000042,Milton Keynes,2016,409.80601939940698,985.89065771216644,1395.696677111574,115.85599999999999
E06000043,Brighton and Hove,2016,443.74804820110279,481.56396404099701,925.3120122421011,140.11099999999999
E06000044,Portsmouth,2016,311.83234810062868,607.04872760058572,918.88107570121315,96.478999999999999
E06000045,Southampton,2016,395.41963559696859,512.58208712396458,908.00172272093323,114.52800000000001
E06000046,Isle of Wight,2016,269.19215440068717,275.24152068387878,544.43367508456731,77.903999999999996
E06000047,County Durham,2016,780.24291149946896,1098.512355271658,1878.7552667711291,253.458
E06000049,Cheshire East,2016,693.77351989951796,1032.8140772261811,1726.5875971257001,182.04400000000001
E06000050,Cheshire West and Chester,2016,577.82360019933776,1667.242491914443,2245.0660921137819,162.21
E06000051,Shropshire,2016,582.53079609859208,859.09246699687128,1441.623263095471,153.1
E06000052,Cornwall,2016,1275.788831296325,1313.683736727919,2589.47256802424,299.50099999999998
E06000053,Isles of Scilly,2016,7.8356797999999959,8.9735161999999988,16.809196000000011,1.635
E06000054,Wiltshire,2016,982.93145033076394,1175.387684947973,2158.3191352787399,235.97900000000001
E06000055,Bedford,2016,286.54702759877489,417.11422219922491,703.66124979800054,77.263000000000005
E06000056,Central Bedfordshire,2016,476.45493190067629,581.09904289990186,1057.553974800581,123.348
E06000057,Northumberland,2016,561.78106999984891,898.31980120178127,1460.100871201631,165.148
E06000058,"Bournemouth, Christchurch and Poole",2016,666.91665109904579,853.38754200136657,1520.3041931004029,196.78800000000001
E06000059,Dorset,2016,733.5399220986302,876.74722526335586,1610.287147361988,196.667
E06000060,Buckinghamshire,2016,1007.276143001087,1004.8141937258021,2012.0903367268829,235.72200000000001
E06000061,North Northamptonshire,2016,561.12671669977908,1024.0260245988879,1585.1527412986659,156.721
E06000062,West Northamptonshire,2016,703.75682810107617,1065.892951508813,1769.649779609887,182.58699999999999
E06000063,Cumberland,2016,489.44197559989681,753.94853176048287,1243.390507360376,141.607
E06000064,Westmorland and Furness,2016,461.86643940200611,917.79507424920189,1379.661513651208,125.09699999999999
E06000065,North Yorkshire,2016,1161.973061498712,1816.3879472103099,2978.3610087090228,313.79599999999999
E06000066,Somerset,2016,1068.7112375985259,1382.341674221401,2451.052911819932,277.904
E07000008,Cambridge,2016,179.56735749990321,552.61250122609044,732.17985872599354,57.758000000000003
E07000009,East Cambridgeshire,2016,164.6770429001952,217.79895429868171,382.47599719887711,40.152000000000001
E07000010,Fenland,2016,188.01377560075809,323.56753459853508,511.5813101992938,47.540999999999997
E07000011,Huntingdonshire,2016,311.06100799932381,521.03837950180684,832.09938750113054,81.17
E07000012,South Cambridgeshire,2016,296.43154489965951,488.44217030078738,784.87371520044451,70.185000000000002
E07000032,Amber Valley,2016,212.2301433003008,363.41974940002427,575.64989270032561,60.07
E07000033,Bolsover,2016,120.6242077998286,236.20941062343749,356.83361842326639,37.093000000000004
E07000034,Chesterfield,2016,156.50797189932041,233.44306120034781,389.95103309966788,52.369
E07000035,Derbyshire Dales,2016,143.86613710034851,264.18877617792441,408.05491327827428,37.933
E07000036,Erewash,2016,182.82280180073201,214.7612606008056,397.58406240153761,54.436
E07000037,High Peak,2016,157.0210293997074,581.56389261175786,738.58492201146498,44.357999999999997
E07000038,North East Derbyshire,2016,158.9611099005734,246.93639020009769,405.89750010067121,47.451000000000001
E07000039,South Derbyshire,2016,167.11177690015771,364.24384789721688,531.35562479737462,44.761000000000003
E07000040,East Devon,2016,272.54746250045167,228.8854415967773,501.43290409723068,74.491
E07000041,Exeter,2016,182.37686179909409,384.564928792101,566.94179059119551,58.316000000000003
E07000042,Mid Devon,2016,157.12751500071431,184.53699710117189,341.66451210188569,39.090000000000003
E07000043,North Devon,2016,183.9994498009026,258.16365292562381,442.16310272652578,49.984000000000002
E07000044,South Hams,2016,204.36828229993279,250.5137358780097,454.88201817794288,50.426000000000002
E07000045,Teignbridge,2016,248.94133020105079,240.30987779511759,489.25120799616792,67.102000000000004
E07000046,Torridge,2016,139.1190756000002,125.5385631003906,264.65763870039069,35.685000000000002
E07000047,West Devon,2016,115.8100061994631,133.9770441974122,249.7870503968748,28.596
E07000061,Eastbourne,2016,167.3153886994985,187.40934649873361,354.7247351982316,52.405000000000001
E07000062,Hastings,2016,156.24802610116819,139.3203748041015,295.56840090526981,46.454000000000001
E07000063,Lewes,2016,181.92660169951691,143.2717670992067,325.19836879872298,48.174999999999997
E07000064,Rother,2016,195.92143260048721,158.3088773033204,354.23030990380693,49.173999999999999
E07000065,Wealden,2016,320.45978699824161,210.32294059433639,530.78272759257709,73.991
E07000066,Basildon,2016,316.19996640028,431.54013221594522,747.7400986162254,82.694000000000003
E07000067,Braintree,2016,278.93938080022059,282.69336040124648,561.63274120146616,68.326999999999998
E07000068,Brentwood,2016,148.2062380996087,136.98916030000001,285.19539839960879,35.445
E07000069,Castle Point,2016,162.4862363000486,84.045273206249988,246.5315095062991,39.618000000000002
E07000070,Chelmsford,2016,323.12513869952392,393.82214839961239,716.94728709913591,78.989999999999995
E07000071,Colchester,2016,317.42215640043611,360.15680979697271,677.57896619740814,85.028999999999996
E07000072,Epping Forest,2016,258.32531170084292,199.5750794989745,457.90039119981861,59.973999999999997
E07000073,Harlow,2016,129.5325211001967,232.2687298007813,361.80125090097852,39.287999999999997
E07000074,Maldon,2016,136.67279649873049,130.01977190117179,266.69256839990169,29.823
E07000075,Rochford,2016,151.5959529010531,121.7553007968688,273.35125369792149,37.154000000000003
E07000076,Tendring,2016,272.82396369908457,227.154434701535,499.97839840061931,73.180000000000007
E07000077,Uttlesford,2016,177.56606480073111,219.93357649843739,397.49964129916867,39.088999999999999
E07000078,Cheltenham,2016,201.86315619948749,313.05938097073482,514.92253717022243,59.453000000000003
E07000079,Cotswold,2016,226.8617755000972,195.22535219982899,422.08712769992582,48.819000000000003
E07000080,Forest of Dean,2016,173.1583284998172,245.50118249995111,418.65951099976883,40.773000000000003
E07000081,Gloucester,2016,205.02232529964641,349.71940180507801,554.74172710472567,59.777999999999999
E07000082,Stroud,2016,227.19875610112959,305.59912070050041,532.79787680162951,56.838999999999999
E07000083,Tewkesbury,2016,159.72946460017869,332.05074490312512,491.78020950330352,42.831000000000003
E07000084,Basingstoke and Deane,2016,311.43422959966932,520.63931716119589,832.07354676086504,79.599000000000004
E07000085,East Hampshire,2016,236.8825200999743,197.79833366131811,434.68085376129221,56.232999999999997
E07000086,Eastleigh,2016,204.21948840053651,309.56889979834591,513.78838819888324,58.048000000000002
E07000087,Fareham,2016,187.31033269980449,239.49058799707041,426.80092069687493,52.643999999999998
E07000088,Gosport,2016,135.08114909958539,144.9910735,280.07222259958507,39.317999999999998
E07000089,Hart,2016,172.62523729956541,201.39986702825951,374.02510432782532,41.521000000000001
E07000090,Havant,2016,207.28956340022151,208.0674097022461,415.35697310246718,58.454999999999998
E07000091,New Forest,2016,332.86184660143761,406.17130719842521,739.03315379986452,88.022999999999996
E07000092,Rushmoor,2016,144.8028162003782,245.31602180076911,390.11883800114742,41.515999999999998
E07000093,Test Valley,2016,239.62832979923101,320.01991154281808,559.64824134204889,58.804000000000002
E07000094,Winchester,2016,229.46459730036679,364.5120316,593.97662890036599,56.84
E07000095,Broxbourne,2016,167.4813156000489,249.1790869007813,416.66040250083,43.231999999999999
E07000096,Dacorum,2016,262.43817910002667,353.80078885202789,616.23896795205337,68.251999999999995
E07000098,Hertsmere,2016,188.3650696000613,275.52864958161501,463.89371918167637,45.89
E07000099,North Hertfordshire,2016,234.81902340014091,282.31605990344951,517.13508330359127,61.231999999999999
E07000102,Three Rivers,2016,168.07117609987759,169.47506129960939,337.5462373994867,39.545999999999999
E07000103,Watford,2016,149.69516270040279,324.06473609648458,473.75989879688689,42.537999999999997
E07000105,Ashford,2016,225.45901309962181,270.77615135470921,496.23516445433057,57.119
E07000106,Canterbury,2016,252.49131889924229,318.41188380009783,570.90320269933943,71.02
E07000107,Dartford,2016,165.93976729992681,248.7539143996093,414.6936816995364,47.524000000000001
E07000108,Dover,2016,184.98948810046451,242.5782901990296,427.56777829949402,55.475999999999999
E07000109,Gravesham,2016,163.01760019936549,274.45667637529459,437.47427657466028,45.109000000000002
E07000110,Maidstone,2016,284.36105680123268,357.50752467336338,641.86858147459543,74.227999999999994
E07000111,Sevenoaks,2016,244.79037019857719,198.91934530725959,443.70971550583607,53.865000000000002
E07000112,Folkestone and Hythe,2016,193.63213439921711,222.42921959902191,416.06135399823921,54.534999999999997
E07000113,Swale,2016,238.02060080136769,422.11136500319839,660.13196580456543,64.302999999999997
E07000114,Thanet,2016,239.07864520065681,281.75950707743061,520.83815227808725,71.296000000000006
E07000115,Tonbridge and Malling,2016,222.20176580021999,287.4073349998049,509.60910080002412,56.503999999999998
E07000116,Tunbridge Wells,2016,222.28519049917011,274.8432003953539,497.1283908945245,53.542000000000002
E07000117,Burnley,2016,135.08935739967629,194.95224760238119,330.04160500205751,42.787999999999997
E07000118,Chorley,2016,184.61354489892159,190.29876490000001,374.91230979892168,52.353999999999999
E07000119,Fylde,2016,149.93152480083899,224.35312199926759,374.28464680010688,40.545999999999999
E07000120,Hyndburn,2016,120.4756333989771,169.8414832003906,290.31711659936752,38.575000000000003
E07000121,Lancaster,2016,227.84233389915909,285.00496430952433,512.84729820868301,67.158000000000001
E07000122,Pendle,2016,136.6266631992433,212.49622779389651,349.12289099313938,42.290999999999997
E07000123,Preston,2016,216.9564520986136,371.07764953336931,588.03410163198225,64.912000000000006
E07000124,Ribble Valley,2016,110.64079729921529,321.38928180019519,432.03007909941113,28.143000000000001
E07000125,Rossendale,2016,116.7524505007537,188.59094329999999,305.34339380075329,33.661000000000001
E07000126,South Ribble,2016,178.45698579908381,283.98000459999992,462.4369903990837,51.762999999999998
E07000127,West Lancashire,2016,192.61626960014581,322.44175750058588,515.05802710073192,51.466999999999999
E07000128,Wyre,2016,191.6034858014622,286.03576149871827,477.63924730017931,53.86
E07000129,Blaby,2016,156.40910510019481,202.69825999912109,359.1073650993157,43.917999999999999
E07000130,Charnwood,2016,264.50745220023629,437.87388619873059,702.3813383989675,77.623999999999995
E07000131,Harborough,2016,165.99553230176949,199.4763695955811,365.47190189734988,41.569000000000003
E07000132,Hinckley and Bosworth,2016,190.5612155994823,249.7506744986816,440.31189009816421,53.011000000000003
E07000133,Melton,2016,95.192253600392405,181.36206490058589,276.5543185009783,24.539000000000001
E07000134,North West Leicestershire,2016,172.4791040997315,385.78959870546868,558.26870280520075,46.219000000000001
E07000135,Oadby and Wigston,2016,82.880270999902223,101.7276580019531,184.6079290018551,24.550999999999998
E07000136,Boston,2016,118.6230787002447,200.12638920039049,318.74946790063518,31.532
E07000137,East Lindsey,2016,288.12524959775169,426.25405053831258,714.37930013606285,73.125
E07000138,Lincoln,2016,141.22924269941379,261.37279969970712,402.60204239912099,46.674999999999997
E07000139,North Kesteven,2016,202.88857639961859,267.79744839999688,470.68602479961561,53.786000000000001
E07000140,South Holland,2016,174.9161715985102,329.8355513984132,504.75172299692292,43.518999999999998
E07000141,South Kesteven,2016,259.98004290026961,380.1017535010497,640.0817964013188,67.47
E07000142,West Lindsey,2016,168.29095300036511,209.79445449951169,378.08540749987549,45.378999999999998
E07000143,Breckland,2016,271.02349949960927,324.67288927305327,595.69638877266493,64.984999999999999
E07000144,Broadland,2016,236.71295760112289,243.63866549980469,480.35162310092687,60.470999999999997
E07000145,Great Yarmouth,2016,182.64660950046459,186.5951995017578,369.24180900222251,48.896000000000001
E07000146,King's Lynn and West Norfolk,2016,342.07910730052362,711.38326840058596,1053.46237570111,77.808999999999997
E07000147,North Norfolk,2016,250.7779115981011,250.34510539999991,501.12301699810149,60.045000000000002
E07000148,Norwich,2016,205.61808229982981,392.35521815136423,597.97330045119588,71.281999999999996
E07000149,South Norfolk,2016,271.07981840028162,279.93117702002331,551.01099542030454,63.588999999999999
E07000170,Ashfield,2016,193.09237709992681,375.90800210180657,569.00037920173406,58.017000000000003
E07000171,Bassetlaw,2016,196.2730295000855,350.79199579990239,547.06502529998738,55.12
E07000172,Broxtowe,2016,175.11450649997519,160.9336531024901,336.04815960246498,52.189
E07000173,Gedling,2016,196.01844579965871,150.80512790314941,346.82357370280738,54.668999999999997
E07000174,Mansfield,2016,162.25071820051261,230.3320168984375,392.58273509895082,51.454999999999998
E07000175,Newark and Sherwood,2016,209.54580929843829,322.21601759941387,531.76182689785287,57.104999999999997
E07000176,Rushcliffe,2016,194.22781520067139,207.15985810214241,401.38767330281343,51.773000000000003
E07000177,Cherwell,2016,273.94544429956051,454.18870290224589,728.13414720180685,68.242000000000004
E07000178,Oxford,2016,213.80700309986511,639.60074840466905,853.40775150453533,63.662999999999997
E07000179,South Oxfordshire,2016,290.31067170048539,483.89807809650881,774.20874979699477,66.040000000000006
E07000180,Vale of White Horse,2016,241.4470364998904,496.98070369863291,738.4277401985222,60.55
E07000181,West Oxfordshire,2016,223.64149909875559,296.84561860058619,520.48711769934164,52.877000000000002
E07000192,Cannock Chase,2016,160.0090776000005,186.84569269833989,346.85477029834072,45.348999999999997
E07000193,East Staffordshire,2016,195.4988291002505,471.07728280319827,666.57611190344858,54.462000000000003
E07000194,Lichfield,2016,181.16147309753319,249.20041739887679,430.36189049641132,47.286999999999999
E07000195,Newcastle-under-Lyme,2016,195.44932520052339,276.01216470078128,471.46148990130388,58.210999999999999
E07000196,South Staffordshire,2016,187.7155255997192,256.70778870878257,444.42331430850152,49.121000000000002
E07000197,Stafford,2016,228.3929206000752,364.7071178885036,593.10003848858059,63.078000000000003
E07000198,Staffordshire Moorlands,2016,169.97455799976339,329.11914639941409,499.09370439917751,47.094000000000001
E07000199,Tamworth,2016,124.3572280003045,195.235025599414,319.59225359971879,34.247
E07000200,Babergh,2016,184.14474709990239,209.2712687021972,393.41601580209988,43.258000000000003
E07000202,Ipswich,2016,220.9130809011593,263.21305870225831,484.1261396034181,64.751999999999995
E07000203,Mid Suffolk,2016,212.64160789780331,249.5615846997068,462.20319259751091,46.953000000000003
E07000207,Elmbridge,2016,285.86948183504637,258.76421329956048,544.6336951346085,61.344000000000001
E07000208,Epsom and Ewell,2016,133.1672048002327,95.108595302497463,228.2758001027305,33.909999999999997
E07000209,Guildford,2016,258.7344873997327,335.97667853863999,594.71116593837189,62.222000000000001
E07000210,Mole Valley,2016,176.97169609979221,236.08482460273751,413.05652070253029,40.229999999999997
E07000211,Reigate and Banstead,2016,261.02494939999951,344.38883559865701,605.41378499865755,64.475999999999999
E07000212,Runnymede,2016,156.6533749002931,249.2994534996094,405.95282839990239,37.188000000000002
E07000213,Spelthorne,2016,171.65312710096879,199.83770459531249,371.49083169628091,44.987000000000002
E07000214,Surrey Heath,2016,161.98987960029319,224.97065390351571,386.96053350380907,38.351999999999997
E07000215,Tandridge,2016,174.8251991999517,133.30976229824219,308.13496149819412,39.219000000000001
E07000216,Waverley,2016,250.93780790054191,177.60709783394009,428.54490573448311,57.354999999999997
E07000217,Woking,2016,189.08377949980519,415.66462764683138,604.74840714663674,45.212000000000003
E07000218,North Warwickshire,2016,115.56410009860549,416.65145900034179,532.21555909894767,30.170999999999999
E07000219,Nuneaton and Bedworth,2016,207.47790940009739,222.82110847663631,430.29901787673322,59.533000000000001
E07000220,Rugby,2016,182.17305970097661,496.72188007951132,678.89493978048756,48.826999999999998
E07000221,Stratford-on-Avon,2016,275.67498649540829,356.69629950253869,632.37128599794619,62.648000000000003
E07000222,Warwick,2016,251.71087410090229,397.31281110209972,649.02368520300138,67.573999999999998
E07000223,Adur,2016,108.7814491004364,126.1166439,234.89809300043649,30.181000000000001
E07000224,Arun,2016,286.74830359909492,208.8286876947266,495.57699129382252,78.944000000000003
E07000225,Chichester,2016,267.00216690001139,320.26680390679928,587.26897080681226,63.322000000000003
E07000226,Crawley,2016,162.86777640029209,470.4434081006836,633.31118450097495,47.220999999999997
E07000227,Horsham,2016,277.05506210159058,249.23607348707759,526.29113558866675,65.435000000000002
E07000228,Mid Sussex,2016,266.25650880002303,243.31856589838861,509.57507469841278,67.537999999999997
E07000229,Worthing,2016,186.76936930195319,186.24936360039669,373.01873290235051,53.578000000000003
E07000234,Bromsgrove,2016,171.96049499985381,154.155996830601,326.11649183045529,43.969000000000001
E07000235,Malvern Hills,2016,156.64733150012199,140.25119989990239,296.89853140002413,37.680999999999997
E07000236,Redditch,2016,134.0204951991945,219.58043779218761,353.60093299138208,38.317999999999998
E07000237,Worcester,2016,164.68313510112219,251.57922140156239,416.26235650268478,48.502000000000002
E07000238,Wychavon,2016,243.2779579995985,402.82048319609379,646.09844119569038,59.414000000000001
E07000239,Wyre Forest,2016,177.1152423994387,200.14205899906619,377.25730139850532,48.21
E07000240,St Albans,2016,255.507740199626,227.7042144007811,483.21195460040627,63.962000000000003
E07000241,Welwyn Hatfield,2016,187.9583958010021,436.54003739075921,624.49843319176091,50.216000000000001
E07000242,East Hertfordshire,2016,287.37402530096779,239.81027370092761,527.1842990018946,66.75
E07000243,Stevenage,2016,130.72211249857079,249.2281962976563,379.95030879622692,38.923999999999999
E07000244,East Suffolk,2016,482.3400869013073,620.16517235441199,1102.505259255722,125.09099999999999
E07000245,West Suffolk,2016,326.06392260092929,588.27420688063955,914.33812948156981,83.197999999999993
E08000001,Bolton,2016,440.29879600061491,522.26978800019549,962.56858400080694,130.28100000000001
E08000002,Bury,2016,301.06966860071913,332.46278110194697,633.53244970266508,87.902000000000001
E08000003,Manchester,2016,798.33603540041167,1827.506069520188,2625.842104920599,236.34700000000001
E08000004,Oldham,2016,324.04007090045582,427.76380949921878,751.80388039967352,100.611
E08000005,Rochdale,2016,323.54283249937089,475.1580884050336,798.70092090440323,97.558999999999997
E08000006,Salford,2016,418.29447180034708,597.49519968069569,1015.789671481041,121.425
E08000007,Stockport,2016,478.48748010042539,539.60130122443456,1018.08878132486,135.91300000000001
E08000008,Tameside,2016,344.65766310056682,416.58525189797717,761.24291499854269,106.574
E08000009,Trafford,2016,381.02679130124511,979.93364093402454,1360.9604322352659,105.476
E08000010,Wigan,2016,490.54050400157229,630.28874912903871,1120.829253130607,149.21700000000001
E08000011,Knowsley,2016,223.29504259994999,495.41670419990243,718.71174679985256,67.688999999999993
E08000012,Liverpool,2016,712.75420700080178,1210.1477909827779,1922.9019979835821,225.38499999999999
E08000013,St. Helens,2016,271.59521670035292,461.25359290000608,732.84880960035969,84.753
E08000014,Sefton,2016,442.72928729765749,422.21039209185773,864.9396793895188,132.21600000000001
E08000015,Wirral,2016,515.82789149973974,544.20817197887948,1060.03606347862,154.958
E08000017,Doncaster,2016,453.30720330066708,788.85258068134442,1242.159783982011,141.125
E08000018,Rotherham,2016,380.93875820030712,623.45002713100109,1004.38878533131,122.202
E08000021,Newcastle upon Tyne,2016,417.4136308995981,753.98583180809385,1171.3994627076929,135.19999999999999
E08000022,North Tyneside,2016,304.95477520098018,444.3054768834902,749.26025208447152,102.38200000000001
E08000023,South Tyneside,2016,213.4771623994246,201.0687103889268,414.54587278835021,74.323999999999998
E08000024,Sunderland,2016,402.46294289788841,809.21118808449262,1211.674130982381,134.429
E08000025,Birmingham,2016,1602.7124942989881,2607.9487037372292,4210.6611980362104,459.53800000000001
E08000026,Coventry,2016,493.94068020024571,810.44281993114828,1304.383500131396,146.13300000000001
E08000027,Dudley,2016,499.46632519966448,544.95861480173335,1044.4249400014,144.952
E08000028,Sandwell,2016,463.38086639965019,825.80143359843726,1289.182299998087,139.75399999999999
E08000029,Solihull,2016,366.87890110245559,646.7428742003907,1013.621775302846,96.07
E08000030,Walsall,2016,430.46210320081298,517.5442464986329,948.00634969944622,121.94199999999999
E08000031,Wolverhampton,2016,398.2819333003884,565.28956610269097,963.57149940307681,115.05
E08000032,Bradford,2016,754.43403869951419,1048.4505888868989,1802.884627586403,225.64099999999999
E08000033,Calderdale,2016,340.4666939987311,475.83267183091277,816.29936582964581,100.657
E08000034,Kirklees,2016,634.53901090016529,871.51572270002612,1506.054733600196,193.75700000000001
E08000035,Leeds,2016,1233.219592300436,2008.7096389184201,3241.92923121885,367.30200000000002
E08000036,Wakefield,2016,507.66341600117318,1140.003920861076,1647.6673368622501,162.227
E08000037,Gateshead,2016,294.98932439940461,536.94856901907951,831.93789341848446,98.650999999999996
E08000038,Barnsley,2016,357.42046870184021,547.41049436932178,904.83096307116148,114.322
E08000039,Sheffield,2016,783.63002020177953,1415.694114208552,2199.3241344103349,253.423
E09000001,City of London,2016,26.697675200195199,2159.1584011290402,2185.8560763292339,12.925000000000001
E09000002,Barking and Dagenham,2016,268.6577797002858,370.75658729824232,639.41436699852807,79.725999999999999
E09000003,Barnet,2016,625.21626199865057,500.12529002356092,1125.3415520222111,158.34899999999999
E09000004,Bexley,2016,380.11038160019132,384.66144949931629,764.77183109950931,103.752
E09000005,Brent,2016,429.73959910010569,625.5520411059083,1055.2916402060159,129.16399999999999
E09000006,Bromley,2016,556.11679259902996,416.14570145963461,972.26249405866315,149.04
E09000007,Camden,2016,351.13387138079912,1342.0937736279111,1693.2276450087111,126.166
E09000008,Croydon,2016,593.16493680099688,599.33033528022952,1192.49527208123,164.334
E09000009,Ealing,2016,476.28230499900019,841.06712109611215,1317.349426095112,142.90100000000001
E09000010,Enfield,2016,495.87591390076068,523.95651079897482,1019.832424699734,132.821
E09000011,Greenwich,2016,376.82571140213861,450.09429270097633,826.92000410311641,120.125
E09000012,Hackney,2016,346.01248959958912,553.5956498056637,899.60813940525361,121.42700000000001
E09000013,Hammersmith and Fulham,2016,286.12691974359109,657.63195410195328,943.75887384554267,97.042000000000002
E09000014,Haringey,2016,365.72781419971562,401.97122090175787,767.69903510147287,115.283
E09000015,Harrow,2016,355.486873899692,229.09416081144411,584.58103471113407,94.929000000000002
E09000016,Havering,2016,409.2106482007938,376.85835183777431,786.06900003856572,110.179
E09000017,Hillingdon,2016,431.70221999926349,1153.594158299582,1585.296378298844,117.346
E09000018,Hounslow,2016,385.21451159967268,919.40260066068174,1304.6171122603539,108.771
E09000019,Islington,2016,319.01454370092648,822.08814239915841,1141.102686100088,118.883
E09000020,Kensington and Chelsea,2016,371.91754665972559,1079.2845660385101,1451.2021126982379,104.595
E09000021,Kingston upon Thames,2016,266.50133640002531,333.09057589387078,599.59191229389432,72.176000000000002
E09000022,Lambeth,2016,441.79487389941738,639.1275866244581,1080.922460523876,153.84299999999999
E09000023,Lewisham,2016,416.04191930077849,288.69573269941418,704.73765200019261,134.971
E09000024,Merton,2016,317.07712540004422,467.85731669978048,784.93444209982351,90.263000000000005
E09000025,Newham,2016,379.64901920391912,1107.453934599218,1487.102953803138,118.90600000000001
E09000026,Redbridge,2016,401.88699240023368,258.77435740246619,660.66134980269794,109.13200000000001
E09000027,Richmond upon Thames,2016,342.0012573001963,310.28602517402828,652.28728247422441,91.75
E09000028,Southwark,2016,447.91007589991881,1223.129544471042,1671.039620370962,149.077
E09000029,Sutton,2016,326.79782199985118,354.46052804260478,681.25835004245596,87.971999999999994
E09000030,Tower Hamlets,2016,414.78313720033208,2421.5005496189528,2836.283686819284,135.62100000000001
E09000031,Waltham Forest,2016,351.48076259832862,331.41744483985423,682.89820743818359,108.884
E09000032,Wandsworth,2016,501.17668640676419,482.26778539840689,983.44447180517,157.11099999999999
E09000033,Westminster,2016,489.67110788711528,3203.055502615126,3692.726610502225,159.07300000000001
S12000005,Clackmannanshire,2016,87.694425599414174,223.57881879375,311.2732443931643,26.22
S12000006,Dumfries and Galloway,2016,333.79086070120132,535.00428140038468,868.79514210158686,88.891999999999996
S12000008,East Ayrshire,2016,195.15760789922501,238.258127505305,433.41573540452958,61.706000000000003
S12000010,East Lothian,2016,188.4022639998212,276.60994229804709,465.01220629786792,52.506999999999998
S12000011,East Renfrewshire,2016,159.20289580016899,76.547085800195305,235.74998160036441,41.540999999999997
S12000013,Na h-Eileanan Siar,2016,87.414931999120938,63.52822479370117,150.94315679282209,19.913
S12000014,Falkirk,2016,277.4568428011363,427.95678240117178,705.41362520230643,82.272000000000006
S12000017,Highland,2016,653.30947489957623,903.83605383299198,1557.1455287325659,152.15299999999999
S12000018,Inverclyde,2016,141.5618077977515,176.2962468996094,317.85805469736073,42.761000000000003
S12000019,Midlothian,2016,140.82891690002731,207.44917730030511,348.27809420033248,42.234999999999999
S12000020,Moray,2016,187.14613910014609,307.57288146225551,494.71902056240242,50.944000000000003
S12000021,North Ayrshire,2016,248.67018000121391,419.7166364873151,668.38681648852901,75.325000000000003
S12000023,Orkney Islands,2016,80.127397799621406,53.81483470039062,133.9422325000121,16.318000000000001
S12000026,Scottish Borders,2016,254.19250100133451,289.89953849971931,544.09203950105552,69.673000000000002
S12000027,Shetland Islands,2016,99.905451900390744,93.15257320039062,193.05802510078121,18.791
S12000028,South Ayrshire,2016,206.2767597992206,271.29708219687478,477.57384199609493,61.838000000000001
S12000029,South Lanarkshire,2016,590.29625430343935,570.06489342130453,1160.361147724735,163.91900000000001
S12000030,Stirling,2016,182.88897440019369,292.06330109921868,474.95227549941148,47.841000000000001
S12000033,Aberdeen City,2016,404.75146030191178,725.42624340762427,1130.1777037095319,131.1
S12000034,Aberdeenshire,2016,575.82566819475585,653.80687144826925,1229.63253964302,135.464
S12000035,Argyll and Bute,2016,273.281059899159,228.06713459697181,501.34819449612951,63.82
S12000036,City of Edinburgh,2016,864.89546579747855,1467.210663098464,2332.1061288959381,275.45999999999998
S12000038,Renfrewshire,2016,292.27128739763168,482.30784537007929,774.57913276771171,93.286000000000001
S12000039,West Dunbartonshire,2016,146.29453670080579,195.22613629960941,341.52067300041449,48.826000000000001
S12000040,West Lothian,2016,288.51346909950269,538.82306039882792,827.33652949833004,84.918999999999997
S12000041,Angus,2016,247.9088870008091,266.3914906010391,514.30037760184814,65.272999999999996
S12000042,Dundee City,2016,291.84311300092139,382.29032459914538,674.13343760006728,85.977999999999994
S12000045,East Dunbartonshire,2016,180.139431200171,163.94975999465399,344.08919119482448,49.896000000000001
S12000047,Fife,2016,630.85544680058661,939.10496692411334,1569.9604137247011,192.107
S12000048,Perth and Kinross,2016,349.14194220102502,378.95045740017503,728.09239960119567,86.641000000000005
S12000049,Glasgow City,2016,994.28613169940604,1834.4316908946871,2828.7178225940979,339.13799999999998
S12000050,North Lanarkshire,2016,550.32182889971523,789.64842575824935,1339.970254657967,164.73099999999999
W06000001,Isle of Anglesey / Ynys Môn,2016,151.73196900122139,148.3722369008789,300.10420590210032,37.665999999999997
W06000002,Gwynedd / Gwynedd,2016,254.39508150115549,294.1845998019777,548.57968130313304,67.588999999999999
W06000003,Conwy / Conwy,2016,203.88373689862101,194.92056619767001,398.80430309629122,61.354999999999997
W06000004,Denbighshire / Sir Ddinbych,2016,171.031197997585,199.81429970249019,370.84549770007521,47.454000000000001
W06000005,Flintshire / Sir y Fflint,2016,252.85481689931669,783.96009689514017,1036.814913794457,71.385000000000005
W06000006,Wrexham / Wrecsam,2016,219.0596690012236,654.73120355656829,873.79087255779257,63.048999999999999
W06000008,Ceredigion / Ceredigion,2016,157.1299656010865,186.87136586711111,344.00133146819837,38.404000000000003
W06000009,Pembrokeshire / Sir Benfro,2016,231.7703890000468,771.37465021346952,1003.145039213517,67.471000000000004
W06000010,Carmarthenshire / Sir Gaerfyrddin,2016,310.59847159957587,559.6931318113086,870.29160341088561,92.757999999999996
W06000011,Swansea / Abertawe,2016,363.94351810105309,547.03145309648437,910.974971197537,117.498
W06000012,Neath Port Talbot / Castell-nedd Port Talbot,2016,211.83262240044641,1084.0622750031739,1295.8948974036209,68.537000000000006
W06000013,Bridgend / Pen-y-bont ar Ogwr,2016,209.535847800006,408.3423584457031,617.87820624570872,66.941999999999993
W06000014,Vale of Glamorgan / Bro Morgannwg,2016,204.84666519985379,305.90078919566793,510.74745439552271,60.279000000000003
W06000015,Cardiff / Caerdydd,2016,520.10914429859315,1044.414509422872,1564.5236537214651,161.852
W06000016,Rhondda Cynon Taf / Rhondda Cynon Taf,2016,343.67567819957293,421.13967102116419,764.81534922073865,113.649
W06000018,Caerphilly / Caerffili,2016,259.47334800001232,382.70375259995109,642.17710059996284,82.381
W06000019,Blaenau Gwent / Blaenau Gwent,2016,100.3429076999946,145.47304779921879,245.81595549921349,33.878
W06000020,Torfaen / Torfaen,2016,132.19614449980469,269.60819376221809,401.80433826202312,42.918999999999997
W06000021,Monmouthshire / Sir Fynwy,2016,164.73159149902381,232.8961569000061,397.62774839903022,45.258000000000003
W06000022,Newport / Casnewydd,2016,225.42537607291649,636.11388370054931,861.53925977346626,70.242000000000004
W06000023,Powys / Powys,2016,262.51782890103681,317.99726889858408,580.51509779962316,71.522999999999996
W06000024,Merthyr Tydfil / Merthyr Tudful,2016,84.59773489995132,133.3026166901395,217.90035159009099,28.036999999999999
E06000001,Hartlepool,2017,133.74394073083039,307.27460389999862,441.01854463082969,45.54
E06000002,Middlesbrough,2017,192.21715760041431,268.95439830002431,461.17155590043808,65.436999999999998
E06000003,Redcar and Cleveland,2017,199.69163409987789,618.73411329999999,818.42574739987845,67.165999999999997
E06000004,Stockton-on-Tees,2017,277.00007850560502,1000.7627428,1277.7628213056071,90.691000000000003
E06000005,Darlington,2017,165.9663233271165,235.9056439,401.87196722711718,53.466000000000001
E06000006,Halton,2017,187.39080790026921,517.90995339775679,705.30076129802626,59.357999999999997
E06000007,Warrington,2017,318.23207916864789,600.40363805056529,918.63571721921403,97.022999999999996
E06000008,Blackburn with Darwen,2017,210.79399170034119,396.00336840546862,606.79736010580984,64.281999999999996
E06000009,Blackpool,2017,240.19275439979401,291.96671639648417,532.15947079627756,72.382000000000005
E06000010,"Kingston upon Hull, City of",2017,374.8069039238556,736.65214802132084,1111.459051945179,127.19199999999999
E06000011,East Riding of Yorkshire,2017,577.14986159880709,1023.933910899938,1601.0837724987409,166.69200000000001
E06000012,North East Lincolnshire,2017,245.29484549425399,576.77298804289705,822.0678335371507,76.236999999999995
E06000013,North Lincolnshire,2017,259.27592649913169,963.4135076016604,1222.689434100791,79.765000000000001
E06000014,York,2017,310.91602366083077,428.48667203816069,739.40269569899283,96.504999999999995
E06000015,Derby,2017,375.07935990022207,655.26811230010969,1030.347472200332,116.25
E06000016,Leicester,2017,454.65165819975232,895.01735782219191,1349.669016021943,144.245
E06000017,Rutland,2017,74.369373899878042,264.55407509999998,338.92344899987791,18.768000000000001
E06000018,Nottingham,2017,448.73661480086253,808.50711498787757,1257.2437297887379,140.86199999999999
E06000019,"Herefordshire, County of",2017,365.69654970024209,618.84622499993634,984.54277470018394,92.691000000000003
E06000020,Telford and Wrekin,2017,256.39737050023831,601.45860529998811,857.85597580022466,79.403999999999996
E06000021,Stoke-on-Trent,2017,366.67551412404521,586.51869780959726,953.19421193364474,120.253
E06000022,Bath and North East Somerset,2017,318.58236754950912,342.05708009117348,660.6394476406856,90.176000000000002
E06000023,"Bristol, City of",2017,680.11487853669371,1150.432595678755,1830.5474742154429,214.31899999999999
E06000024,North Somerset,2017,355.93117379990031,401.39079848419118,757.32197228409154,102.825
E06000025,South Gloucestershire,2017,442.72908779980378,736.31545062499072,1179.044538424796,124.55800000000001
E06000026,Plymouth,2017,393.92241069926371,516.0764311030897,909.99884180235517,126.217
E06000027,Torbay,2017,236.97051719960911,213.97232952814051,450.94284672774972,70.902000000000001
E06000030,Swindon,2017,345.18283685763191,726.78222067882575,1071.965057536456,102.172
E06000031,Peterborough,2017,292.6300085003482,616.03126556986319,908.6612740702119,89.177000000000007
E06000032,Luton,2017,281.19033482998361,416.81168200743792,698.00201683742193,82.771000000000001
E06000033,Southend-on-Sea,2017,301.11896217178708,303.81891619999999,604.93787837178718,86.234999999999999
E06000034,Thurrock,2017,278.64442559938777,710.37579870097636,989.02022430036322,72.051000000000002
E06000035,Medway,2017,418.2428151977233,424.26939713895331,842.51221233667604,120.31
E06000036,Bracknell Forest,2017,198.50652350034261,319.12181950000007,517.62834300034206,51.113999999999997
E06000037,West Berkshire,2017,321.27166984888362,544.60824753013708,865.87991737901984,74.129000000000005
E06000038,Reading,2017,260.50905069972958,497.36890066552002,757.87795136525153,75.521000000000001
E06000039,Slough,2017,197.66148940024351,988.00268430020776,1185.6641737004511,57.805999999999997
E06000040,Windsor and Maidenhead,2017,285.37882589981763,418.00714285812279,703.38596875794212,69.254999999999995
E06000041,Wokingham,2017,280.77751570029272,375.79035490000012,656.56787060029251,70.784000000000006
E06000042,Milton Keynes,2017,406.78305366323133,999.48841218649738,1406.2714658497271,117.512
E06000043,Brighton and Hove,2017,437.54428227487762,487.49696360517618,925.04124588004856,140.48699999999999
E06000044,Portsmouth,2017,307.62157950026818,582.26081610058577,889.88239560085492,96.831000000000003
E06000045,Southampton,2017,391.30334329767368,528.20245948027434,919.50580277794643,115.342
E06000046,Isle of Wight,2017,268.69988150041371,278.41103518407181,547.11091668448353,78.278999999999996
E06000047,County Durham,2017,759.92296463449122,1148.812670922855,1908.7356355573399,255.089
E06000049,Cheshire East,2017,685.36848523206982,1018.004517062716,1703.373002294783,184.14500000000001
E06000050,Cheshire West and Chester,2017,566.48138259991447,1639.358685857728,2205.84006845764,164.251
E06000051,Shropshire,2017,580.04552888950332,882.77896661678221,1462.8244955062839,155.05799999999999
E06000052,Cornwall,2017,1289.9352657922959,1364.31759567629,2654.252861468583,302.13200000000001
E06000053,Isles of Scilly,2017,8.0187343000000055,9.4782577000000021,17.496992000000009,1.65
E06000054,Wiltshire,2017,973.78651436229961,1210.6802028161951,2184.466717178494,238.285
E06000055,Bedford,2017,286.35878289951307,429.63913459999981,715.99791749951282,78.569000000000003
E06000056,Central Bedfordshire,2017,471.3275894611694,598.51711249479433,1069.844701955963,125.078
E06000057,Northumberland,2017,553.67482109993875,954.88442598360905,1508.55924708355,166.55
E06000058,"Bournemouth, Christchurch and Poole",2017,656.31601468208078,867.33331419951173,1523.6493288815991,197.80099999999999
E06000059,Dorset,2017,725.50249222314369,885.41116469445512,1610.913656917598,197.96600000000001
E06000060,Buckinghamshire,2017,999.68400569985727,1043.20564170804,2042.889647407894,237.99
E06000061,North Northamptonshire,2017,559.52006122964679,1056.623594247181,1616.143655476827,158.30099999999999
E06000062,West Northamptonshire,2017,701.27146396991964,1095.039517396986,1796.3109813669039,184.14
E06000063,Cumberland,2017,491.31648449975688,780.35481639687475,1271.671300896631,142.47499999999999
E06000064,Westmorland and Furness,2017,465.2481197023705,925.05022259818293,1390.2983423005519,125.773
E06000065,North Yorkshire,2017,1151.406161512703,1915.692818874568,3067.098980387284,316.41899999999998
E06000066,Somerset,2017,1059.266554698818,1423.943340188762,2483.209894887576,280.39100000000002
E07000008,Cambridge,2017,179.78919509995151,571.55465339921886,751.34384849917069,59.04
E07000009,East Cambridgeshire,2017,163.43864059999979,235.61719319999989,399.05583379999939,40.484999999999999
E07000010,Fenland,2017,187.1965143999997,332.06546419892572,519.26197859892579,47.96
E07000011,Huntingdonshire,2017,307.93166175519838,531.16547035524741,839.09713211044698,81.83
E07000012,South Cambridgeshire,2017,294.12067659968119,503.82151068547938,797.94218728516057,70.77
E07000032,Amber Valley,2017,212.10736838319181,363.19386400000002,575.30123238319277,60.521999999999998
E07000033,Bolsover,2017,119.5876597671724,248.7969067517808,368.38456651895342,37.32
E07000034,Chesterfield,2017,155.2037351999453,243.76399789999999,398.96773309994592,52.457000000000001
E07000035,Derbyshire Dales,2017,144.53096439995119,265.24831740256337,409.7792818025149,38.055
E07000036,Erewash,2017,181.3616024005243,220.9001420007813,402.26174440130518,54.576000000000001
E07000037,High Peak,2017,157.77537077990229,601.88776870000004,759.66313947990272,44.689
E07000038,North East Derbyshire,2017,158.00525619038021,251.13815117035131,409.14340736073171,47.749000000000002
E07000039,South Derbyshire,2017,167.70409946814161,373.86527919765632,541.56937866579824,45.593000000000004
E07000040,East Devon,2017,271.13190290051222,240.38929059736341,511.52119349787569,75.378
E07000041,Exeter,2017,179.5122027992395,388.93694909887711,568.4491518981165,58.875
E07000042,Mid Devon,2017,157.547672999707,192.56923520117181,350.11690820087841,39.531999999999996
E07000043,North Devon,2017,183.78475810024469,269.78883118732142,453.5735892875656,50.59
E07000044,South Hams,2017,204.72963009944459,258.47930511807402,463.20893521751788,50.872999999999998
E07000045,Teignbridge,2017,248.05157940036571,248.2035260951173,496.25510549548181,67.852000000000004
E07000046,Torridge,2017,138.42236960000119,131.90023899960929,270.32260859961121,35.936
E07000047,West Devon,2017,116.6048752370171,133.8993857207974,250.50426095781441,28.815000000000001
E07000061,Eastbourne,2017,164.38275020053541,187.57495745800611,351.95770765854172,52.473999999999997
E07000062,Hastings,2017,154.22737780080709,146.25706070234381,300.48443850315101,46.683
E07000063,Lewes,2017,181.08934999946189,147.50230969998779,328.59165969944871,48.52
E07000064,Rother,2017,195.5602496002937,167.14488070332041,362.70513030361388,49.343000000000004
E07000065,Wealden,2017,319.08403899990589,217.45010007500889,536.53413907491483,74.591999999999999
E07000066,Basildon,2017,310.15483629966849,433.69989299941392,743.85472929908462,82.994
E07000067,Braintree,2017,276.32073913009611,277.10696152849312,553.42770065858963,68.668000000000006
E07000068,Brentwood,2017,145.57284439980421,141.24817089999991,286.82101529980429,35.677999999999997
E07000069,Castle Point,2017,160.0907316999994,88.550372106250009,248.64110380624891,39.698
E07000070,Chelmsford,2017,318.24068109909842,399.98750550078432,718.22818659988036,79.700999999999993
E07000071,Colchester,2017,316.36962423013699,369.26237599843751,685.63200022857438,86.016000000000005
E07000072,Epping Forest,2017,254.9510589543487,211.6828053003905,466.63386425473942,60.38
E07000073,Harlow,2017,127.2618259998539,239.44584545506851,366.70767145492249,39.649000000000001
E07000074,Maldon,2017,137.62830550009829,137.46455550039059,275.09286100048939,30.004000000000001
E07000075,Rochford,2017,149.99790330076041,123.4044857968689,273.40238909762968,37.459000000000003
E07000076,Tendring,2017,272.24629040006272,230.43692160009769,502.68321200016197,73.569000000000003
E07000077,Uttlesford,2017,177.94939636752571,222.81103649843749,400.76043286596303,39.817
E07000078,Cheltenham,2017,198.27163800012309,315.51135850039049,513.78299650051349,59.835000000000001
E07000079,Cotswold,2017,225.94199967119579,206.620097741606,432.56209741280111,49.719000000000001
E07000080,Forest of Dean,2017,171.7639684139246,257.37548299999997,429.13945141392412,41.018000000000001
E07000081,Gloucester,2017,201.84783259982919,361.82676180039073,563.6745944002198,60.106000000000002
E07000082,Stroud,2017,225.34453660024511,321.75381440528412,547.09835100552925,57.289000000000001
E07000083,Tewkesbury,2017,158.73142713817921,335.55935190000002,494.29077903817881,43.594000000000001
E07000084,Basingstoke and Deane,2017,307.39874135400379,520.0128871630136,827.41162851701756,80.534999999999997
E07000085,East Hampshire,2017,237.06854509999931,207.10421329902351,444.17275839902209,57.191000000000003
E07000086,Eastleigh,2017,202.14390487835669,319.92580929961548,522.06971417797217,58.86
E07000087,Fareham,2017,185.60363270014639,245.12453489999999,430.72816760014621,52.911999999999999
E07000088,Gosport,2017,133.8246545994877,147.9769614999999,281.8016160994884,39.485999999999997
E07000089,Hart,2017,169.90627979798461,225.77371050039059,395.67999029837489,42.070999999999998
E07000090,Havant,2017,204.238801900439,208.07393176490979,412.3127336653489,58.771000000000001
E07000091,New Forest,2017,328.92764160155389,421.56172689569098,750.48936849724646,88.259
E07000092,Rushmoor,2017,141.5588083000363,233.93877578022111,375.49758408025758,41.936
E07000093,Test Valley,2017,238.0287869000561,334.00851947185942,572.03730637191723,59.624000000000002
E07000094,Winchester,2017,228.07556110022139,369.86295539997559,597.93851650019599,57.476999999999997
E07000095,Broxbourne,2017,164.22221210000021,243.925042722699,408.14725482269972,43.44
E07000096,Dacorum,2017,258.86786449835557,377.63917570117201,636.50704019952798,68.789000000000001
E07000098,Hertsmere,2017,184.6071106141886,276.66006500784772,461.26717562203532,46.290999999999997
E07000099,North Hertfordshire,2017,232.1129755494932,294.48462648610598,526.59760203559881,61.454000000000001
E07000102,Three Rivers,2017,165.06057604595389,168.20489569999989,333.26547174595362,39.606999999999999
E07000103,Watford,2017,147.00822578374931,325.68526510156238,472.69349088531249,42.79
E07000105,Ashford,2017,225.16769849960929,278.37041460000029,503.53811309960912,57.816000000000003
E07000106,Canterbury,2017,247.61462729975489,320.72729459990222,568.34192189965825,71.468999999999994
E07000107,Dartford,2017,165.44485439992539,251.80027810000021,417.24513249992458,48.759
E07000108,Dover,2017,183.5610370002691,247.68222560000621,431.24326260027487,56.008000000000003
E07000109,Gravesham,2017,160.63572559263781,284.82558809780829,445.46131369044599,45.374000000000002
E07000110,Maidstone,2017,284.67159300024389,366.59826463526372,651.26985763550874,75.644000000000005
E07000111,Sevenoaks,2017,242.54513123369739,203.03608120000001,445.58121243369811,54.350999999999999
E07000112,Folkestone and Hythe,2017,192.49225777724129,254.79411399902349,447.28637177626462,54.978999999999999
E07000113,Swale,2017,235.52647420014679,456.37741055429802,691.90388475444479,64.894000000000005
E07000114,Thanet,2017,235.24554989968979,286.85402217260281,522.09957207229388,71.519000000000005
E07000115,Tonbridge and Malling,2017,220.98943423255881,300.33245140078122,521.32188563334034,57.398000000000003
E07000116,Tunbridge Wells,2017,220.62078879982931,283.37877810019529,503.99956690002512,53.911000000000001
E07000117,Burnley,2017,135.47809239990201,202.58589970000011,338.06399209990292,43.121000000000002
E07000118,Chorley,2017,184.51382660002119,200.45747449999999,384.97130110002189,52.951000000000001
E07000119,Fylde,2017,149.95244990014669,228.7103693000488,378.66281920019537,40.972000000000001
E07000120,Hyndburn,2017,119.48684739991511,171.75517947123279,291.24202687114808,38.683
E07000121,Lancaster,2017,229.40054659985401,306.9633394992187,536.36388609907272,67.665000000000006
E07000122,Pendle,2017,136.46482529987739,218.81947360000001,355.28429889987791,42.475000000000001
E07000123,Preston,2017,216.13760919994851,369.73047590036589,585.86808510031653,65.662000000000006
E07000124,Ribble Valley,2017,112.2924336996581,321.35651569589038,433.64894939554853,28.593
E07000125,Rossendale,2017,117.8037001998988,188.01369950000009,305.81739969989871,33.792000000000002
E07000126,South Ribble,2017,177.29884159929219,290.18480502410961,467.483646623401,52.01
E07000127,West Lancashire,2017,190.69221250006009,324.71837109980459,515.41058359986573,51.613999999999997
E07000128,Wyre,2017,190.3079379311103,304.3176274999999,494.62556543111072,54.116999999999997
E07000129,Blaby,2017,157.90396030012181,251.50398202328759,409.40794232340937,44.472000000000001
E07000130,Charnwood,2017,264.22174018145768,441.42665310009772,705.64839328155563,78.506
E07000131,Harborough,2017,166.5317776011473,198.63848239999999,365.17026000114771,42.170999999999999
E07000132,Hinckley and Bosworth,2017,190.8836058039445,255.2617268984375,446.14533270238138,53.293999999999997
E07000133,Melton,2017,94.864387910362368,176.16585830019531,271.03024621055761,24.641999999999999
E07000134,North West Leicestershire,2017,174.23707370393211,392.57897789745277,566.81605160138508,47.021000000000001
E07000135,Oadby and Wigston,2017,82.736259300048943,101.6218212003907,184.35808050043991,24.588000000000001
E07000136,Boston,2017,118.8300440710136,204.41874241808219,323.24878648909618,31.773
E07000137,East Lindsey,2017,290.90698759834152,439.27189744501311,730.17888504335349,73.412000000000006
E07000138,Lincoln,2017,140.3407648993398,277.67871420048817,418.01947909982857,46.838999999999999
E07000139,North Kesteven,2017,202.78008366604561,270.42095234921737,473.20103601526313,54.167000000000002
E07000140,South Holland,2017,173.5753361432362,341.72986159999999,515.30519774323488,43.646000000000001
E07000141,South Kesteven,2017,258.84215475493937,378.37625029980472,637.21840505474415,67.798000000000002
E07000142,West Lindsey,2017,166.9939895998769,217.98380090009761,384.97779049997462,45.618000000000002
E07000143,Breckland,2017,270.77410379985218,335.08937400097648,605.86347780082849,65.423000000000002
E07000144,Broadland,2017,236.0878091006106,246.5343476000001,482.62215670060988,60.968000000000004
E07000145,Great Yarmouth,2017,180.66062289985359,189.18854859999999,369.84917149985353,49.012
E07000146,King's Lynn and West Norfolk,2017,341.37515849930571,733.71466940078142,1075.0898279000869,78.22
E07000147,North Norfolk,2017,251.374821798608,267.60156848218992,518.97639028079868,60.362000000000002
E07000148,Norwich,2017,203.5218256998678,389.83107604305172,593.35290174291947,71.533000000000001
E07000149,South Norfolk,2017,274.18814779981739,289.71788740000011,563.90603519981755,64.801000000000002
E07000170,Ashfield,2017,191.25726930921579,356.49075980021968,547.74802910943617,58.256
E07000171,Bassetlaw,2017,196.28335430004989,384.4052556000002,580.68860990004919,55.366999999999997
E07000172,Broxtowe,2017,172.88516179970841,160.95937330000001,333.84453509970848,52.353000000000002
E07000173,Gedling,2017,194.65427595068519,150.49874279999989,345.15301875068519,54.728999999999999
E07000174,Mansfield,2017,161.41569780000049,241.0545282980471,402.47022609804662,51.622
E07000175,Newark and Sherwood,2017,209.83012956761999,314.60971149921892,524.43984106683888,57.5
E07000176,Rushcliffe,2017,194.18915772990209,212.4908638,406.68002152990198,52.225000000000001
E07000177,Cherwell,2017,273.61516930017052,468.03721788547949,741.65238718564956,69.655000000000001
E07000178,Oxford,2017,209.9423829001972,644.81913695205503,854.76151985225249,63.854999999999997
E07000179,South Oxfordshire,2017,289.35862945455108,489.50651570002458,778.86514515457736,66.682000000000002
E07000180,Vale of White Horse,2017,241.03412250001219,482.45750331761548,723.49162581762926,62.011000000000003
E07000181,West Oxfordshire,2017,221.71189809987831,308.25697289753413,529.96887099741275,53.517000000000003
E07000192,Cannock Chase,2017,158.86456310014529,195.76006939999999,354.62463250014548,46.067
E07000193,East Staffordshire,2017,195.230041099689,480.33279049608018,675.56283159576969,55.06
E07000194,Lichfield,2017,180.2331455766016,258.83946844273981,439.07261401934198,47.896999999999998
E07000195,Newcastle-under-Lyme,2017,191.63205799989009,282.66997830000008,474.30203629989001,58.271000000000001
E07000196,South Staffordshire,2017,184.43320949951189,276.59957430039071,461.03278379990218,49.335000000000001
E07000197,Stafford,2017,227.02204389990419,368.58922010000009,595.61126399990417,63.957999999999998
E07000198,Staffordshire Moorlands,2017,168.4039232370526,319.38574084246568,487.78966407951827,47.149000000000001
E07000199,Tamworth,2017,122.70158902163131,180.01286039999999,302.71444942163129,34.408999999999999
E07000200,Babergh,2017,184.7781577997564,215.35306675252141,400.13122455227671,43.573
E07000202,Ipswich,2017,218.2801154007434,265.88194672245902,484.16206212320208,64.775999999999996
E07000203,Mid Suffolk,2017,212.22968769974929,264.96046833608568,477.19015603583438,47.338999999999999
E07000207,Elmbridge,2017,282.13120418915997,268.18675063882819,550.31795482798873,61.530999999999999
E07000208,Epsom and Ewell,2017,130.41814710022021,94.057448299804676,224.4755954000245,34.079000000000001
E07000209,Guildford,2017,255.6208999000965,347.96540937597149,603.58630927606748,62.48
E07000210,Mole Valley,2017,175.21680019940271,231.40089560000001,406.61769579940312,40.625999999999998
E07000211,Reigate and Banstead,2017,257.6018861197104,352.54485877408928,610.14674489379945,64.897000000000006
E07000212,Runnymede,2017,155.18840549982801,257.63107239999999,412.81947789982843,37.847999999999999
E07000213,Spelthorne,2017,169.47352360013909,205.61247564399821,375.08599924413778,45.369
E07000214,Surrey Heath,2017,159.92583190024251,228.08481350048831,388.01064540073179,38.646000000000001
E07000215,Tandridge,2017,172.19908389735721,138.52663720000001,310.7257210973566,39.557000000000002
E07000216,Waverley,2017,249.89417290039131,188.21138790029281,438.10556080068523,57.654000000000003
E07000217,Woking,2017,185.0458239999999,410.93823334522023,595.98405734522078,45.439
E07000218,North Warwickshire,2017,115.1559252001221,416.15752029405121,531.31344549417338,30.390999999999998
E07000219,Nuneaton and Bedworth,2017,205.4239923997562,222.69961279921861,428.12360519897572,59.863999999999997
E07000220,Rugby,2017,180.913351100634,466.15646499835611,647.06981609898969,49.225999999999999
E07000221,Stratford-on-Avon,2017,277.260872200927,371.57733269354162,648.83820489446828,63.893999999999998
E07000222,Warwick,2017,252.2789071003418,391.58408390209968,643.86299100244094,68.355999999999995
E07000223,Adur,2017,106.3852536002439,137.09526880000001,243.4805224002439,30.288
E07000224,Arun,2017,284.65636629980429,215.33967659726571,499.99604289707088,79.653999999999996
E07000225,Chichester,2017,267.92123619494959,321.25906428909133,589.18030048404273,63.874000000000002
E07000226,Crawley,2017,159.52796675662719,476.4260746599594,635.95404141658662,47.591000000000001
E07000227,Horsham,2017,277.89583096197401,263.95751940019522,541.85335036217066,66.576999999999998
E07000228,Mid Sussex,2017,265.01146929991512,246.9783913521361,511.98986065205128,68.123000000000005
E07000229,Worthing,2017,185.74304650087791,191.76441945616449,377.50746595704243,54.006
E07000234,Bromsgrove,2017,170.14909999356999,160.33132150137001,330.48042149493972,44.383000000000003
E07000235,Malvern Hills,2017,156.0150765999262,147.12547599999991,303.14055259992642,38.103999999999999
E07000236,Redditch,2017,130.59838549982939,223.64098999667959,354.2393754965085,38.497999999999998
E07000237,Worcester,2017,162.3890441004402,258.681558,421.07060210044068,48.808999999999997
E07000238,Wychavon,2017,242.78352079991689,422.97813515354937,665.76165595346595,60.509
E07000239,Wyre Forest,2017,174.5692216999505,214.13655499999379,388.70577669994401,48.326000000000001
E07000240,St Albans,2017,249.89735855078999,235.39414869999999,485.29150725079057,64.185000000000002
E07000241,Welwyn Hatfield,2017,185.2622488001951,461.8928118969115,647.15506069710705,50.393999999999998
E07000242,East Hertfordshire,2017,285.43064496813838,248.84908070039049,534.27972566852998,67.162999999999997
E07000243,Stevenage,2017,128.08693019981709,249.90063230000001,377.9875624998175,38.887
E07000244,East Suffolk,2017,481.85214755870493,644.86330600180679,1126.71545356051,125.824
E07000245,West Suffolk,2017,325.24871610256389,586.19113010048818,911.43984620305366,83.909000000000006
E08000001,Bolton,2017,437.99586930013032,533.10652650175746,971.10239580188852,130.77600000000001
E08000002,Bury,2017,297.52683907489808,340.06982110078138,637.59666017567918,88.22
E08000003,Manchester,2017,804.79583910010547,1831.3152719380621,2636.1111110381771,238.09
E08000004,Oldham,2017,324.97417839941312,433.00251800039058,757.97669639980552,101.24299999999999
E08000005,Rochdale,2017,322.05371455153039,480.83898530704391,802.89269985857504,98.129000000000005
E08000006,Salford,2017,423.57169000071622,597.61004679648443,1021.181736797203,123.146
E08000007,Stockport,2017,473.32104989958458,561.46795071836448,1034.78900061795,136.649
E08000008,Tameside,2017,341.71701170040421,422.11534842524111,763.83236012564237,107.155
E08000009,Trafford,2017,377.99435670036848,1034.030456210684,1412.024812911048,106.36799999999999
E08000010,Wigan,2017,485.18572909972221,643.80976123021037,1128.9954903299331,150.358
E08000011,Knowsley,2017,217.51043036956531,489.84001669902341,707.35044706858866,68.239000000000004
E08000012,Liverpool,2017,699.10910406769494,1208.688351833749,1907.7974559014399,226.78800000000001
E08000013,St. Helens,2017,265.17633109956188,466.37135039824233,731.54768149780307,85.245999999999995
E08000014,Sefton,2017,430.53535153176699,415.19408299667953,845.72943452844891,132.41800000000001
E08000015,Wirral,2017,501.31732904684509,528.91617644849339,1030.233505495338,155.29
E08000017,Doncaster,2017,447.19628513383333,810.14371460359996,1257.339999737432,142.44200000000001
E08000018,Rotherham,2017,375.26857375103248,636.11985887796288,1011.388432628994,122.76600000000001
E08000021,Newcastle upon Tyne,2017,407.59613865827151,788.87716098353837,1196.4732996418129,136.15700000000001
E08000022,North Tyneside,2017,297.69087042617468,464.32597862786668,762.0168490540417,103.407
E08000023,South Tyneside,2017,206.80722676717741,207.2005968976502,414.0078236648269,74.638000000000005
E08000024,Sunderland,2017,391.09506455682362,850.83460909153132,1241.929673648355,135.13300000000001
E08000025,Birmingham,2017,1585.569102304687,2646.2158093546691,4231.784911659377,461.78
E08000026,Coventry,2017,488.80969809994639,828.96366513804401,1317.773363237992,146.73400000000001
E08000027,Dudley,2017,490.86592136178331,570.57482900312505,1061.4407503649049,145.45099999999999
E08000028,Sandwell,2017,458.82260970577829,871.58208441506883,1330.404694120848,140.82599999999999
E08000029,Solihull,2017,360.3813806581324,667.31132950000006,1027.6927101581321,96.715999999999994
E08000030,Walsall,2017,424.66129360005539,537.97599359941387,962.63728719946914,122.742
E08000031,Wolverhampton,2017,391.37134370044049,568.42842830058601,959.79977200102542,115.65
E08000032,Bradford,2017,749.58254154193196,1053.716370728398,1803.298912270335,226.923
E08000033,Calderdale,2017,338.24705044416629,485.72711879068493,823.97416923485127,100.857
E08000034,Kirklees,2017,628.38642210838509,884.61583709941488,1513.002259207793,194.72399999999999
E08000035,Leeds,2017,1221.4439221191419,2080.1296196756712,3301.5735417948231,369.02
E08000036,Wakefield,2017,503.50066298082089,1141.6979713996091,1645.1986343804281,163.95400000000001
E08000037,Gateshead,2017,286.94303753796589,558.2137664526025,845.15680399057226,99.003
E08000038,Barnsley,2017,354.50644633409348,578.99992080156255,933.50636713565734,115.383
E08000039,Sheffield,2017,775.27124863182632,1442.079005897463,2217.3502545292758,254.577
E09000001,City of London,2017,28.03233580000003,2086.8434745,2114.8758103,13.058
E09000002,Barking and Dagenham,2017,263.00328760021989,388.21982665042702,651.22311425064731,79.864999999999995
E09000003,Barnet,2017,619.36399498293724,505.10814198701161,1124.472136969945,160.18
E09000004,Bexley,2017,372.26449810070699,398.31756670009759,770.58206480080298,104.292
E09000005,Brent,2017,425.35385590026959,762.81244370019544,1188.166299600465,129.77500000000001
E09000006,Bromley,2017,548.07237684267102,405.93993319405382,954.01231003672467,149.64699999999999
E09000007,Camden,2017,348.67640824381402,1372.0624189722489,1720.738827216064,127.235
E09000008,Croydon,2017,579.92228545410694,643.52079860078163,1223.443084054883,165.398
E09000009,Ealing,2017,469.48040225869693,894.50577191695095,1363.9861741756461,144.09800000000001
E09000010,Enfield,2017,487.31417242429819,534.58043452368099,1021.894606947979,132.84100000000001
E09000011,Greenwich,2017,373.42912143364742,459.24789030078119,832.67701173442913,121.681
E09000012,Hackney,2017,343.26994919972259,567.54768410332065,910.81763330304216,122.90300000000001
E09000013,Hammersmith and Fulham,2017,286.76277829999952,669.67646702520574,956.43924532520555,98.352999999999994
E09000014,Haringey,2017,359.01315581404441,409.64691274543873,768.66006855948569,116.017
E09000015,Harrow,2017,348.09582909998761,221.19969149999989,569.29552059998787,95.635000000000005
E09000016,Havering,2017,398.66493269445681,385.81162169980479,784.4765543942633,110.316
E09000017,Hillingdon,2017,425.26886203066459,1143.718581571075,1568.987443601739,118.35899999999999
E09000018,Hounslow,2017,382.49408629984129,931.19850339921834,1313.692589699059,109.593
E09000019,Islington,2017,315.71183820082911,804.69148535746797,1120.4033235582961,119.79300000000001
E09000020,Kensington and Chelsea,2017,370.43037129873039,966.49991508703329,1336.930286385767,104.595
E09000021,Kingston upon Thames,2017,260.92531625344668,351.88632191131171,612.81163816475771,72.510999999999996
E09000022,Lambeth,2017,435.96608370166939,632.42979319833125,1068.3958768999989,155.39699999999999
E09000023,Lewisham,2017,411.18128460021819,290.95497419980478,702.13625880002257,136.64400000000001
E09000024,Merton,2017,313.09736154638068,463.25620289997539,776.3535644463559,91.004000000000005
E09000025,Newham,2017,378.94196079547311,1042.1339092000489,1421.075869995519,121.84399999999999
E09000026,Redbridge,2017,396.61217208181779,268.47237380019521,665.08454588201448,109.733
E09000027,Richmond upon Thames,2017,338.88844734091413,314.025873403292,652.91432074420527,92.117000000000004
E09000028,Southwark,2017,446.34335138745809,1201.0083489108649,1647.351700298321,151.50200000000001
E09000029,Sutton,2017,322.69279060053839,357.8177656002166,680.5105562007551,88.641000000000005
E09000030,Tower Hamlets,2017,418.60136090034689,2333.6298847532712,2752.231245653617,137.16900000000001
E09000031,Waltham Forest,2017,345.72689254796961,333.84664975754811,679.57354230551528,109.154
E09000032,Wandsworth,2017,498.33301060483041,508.71218620156321,1007.045196806395,159.155
E09000033,Westminster,2017,491.4846549015237,3182.0559648519152,3673.5406197534198,159.33500000000001
S12000005,Clackmannanshire,2017,86.163405511889437,221.65498499,307.81839050188933,26.283999999999999
S12000006,Dumfries and Galloway,2017,330.77746005883148,542.82122045961046,873.59868051844194,88.57
S12000008,East Ayrshire,2017,190.02237353574461,245.77931992154211,435.80169345728717,61.76
S12000010,East Lothian,2017,189.80744309544721,299.43984559960938,489.24728869505691,53.256
S12000011,East Renfrewshire,2017,155.96330160012289,79.544627700000035,235.50792930012301,41.665999999999997
S12000013,Na h-Eileanan Siar,2017,88.638613900195111,69.435682193945325,158.07429609414061,19.905000000000001
S12000014,Falkirk,2017,271.54780120008149,432.32488110000008,703.87268230008237,82.204999999999998
S12000017,Highland,2017,654.93143010003405,929.62695260051362,1584.558382700546,152.85599999999999
S12000018,Inverclyde,2017,136.7671875982208,177.12260829931651,313.889795897537,42.585000000000001
S12000019,Midlothian,2017,140.1038496002929,211.85640088146749,351.96025048176011,42.820999999999998
S12000020,Moray,2017,185.8833309999998,308.91592369999989,494.79925470000001,51.244
S12000021,North Ayrshire,2017,244.85517820067849,448.55701939689942,693.4121975975778,75.53
S12000023,Orkney Islands,2017,81.900094299999878,57.034368408767087,138.9344627087672,16.442
S12000026,Scottish Borders,2017,254.2730171998266,300.83221359981678,555.10523079964355,69.566000000000003
S12000027,Shetland Islands,2017,99.215852499999997,96.151124800390676,195.36697730039029,18.838999999999999
S12000028,South Ayrshire,2017,202.82334484208579,277.44606606273959,480.26941090482632,61.898000000000003
S12000029,South Lanarkshire,2017,581.5814267498248,586.10736848958754,1167.688795239407,164.23400000000001
S12000030,Stirling,2017,182.25030669995101,279.41245652074599,461.66276322069638,47.920999999999999
S12000033,Aberdeen City,2017,389.65997960092523,728.79055422186639,1118.4505338227921,131.30500000000001
S12000034,Aberdeenshire,2017,565.39666569953749,685.59747089861116,1250.994136598146,136.31
S12000035,Argyll and Bute,2017,274.3808867991217,238.7973793983397,513.17826619746188,63.868000000000002
S12000036,City of Edinburgh,2017,856.05761625252489,1482.542004327491,2338.599620580002,277.42399999999998
S12000038,Renfrewshire,2017,286.84988669544549,489.28003629814418,776.12992299358996,93.584000000000003
S12000039,West Dunbartonshire,2017,142.60745549996261,197.45388170000001,340.06133719996268,48.823999999999998
S12000040,West Lothian,2017,283.92624569966142,540.69084090000001,824.61708659965996,85.555000000000007
S12000041,Angus,2017,240.60584670053839,278.9001549999025,519.50600170044117,65.216999999999999
S12000042,Dundee City,2017,284.56194799975867,363.89980357346548,648.46175157322409,85.847999999999999
S12000045,East Dunbartonshire,2017,177.10866289990031,164.53152209863279,341.64018499853353,50.067
S12000047,Fife,2017,620.85657359826189,940.35945053792682,1561.2160241361889,192.857
S12000048,Perth and Kinross,2017,347.97563050078003,397.1414215999028,745.11705210068135,86.995999999999995
S12000049,Glasgow City,2017,974.14232977996778,1882.8048376575371,2856.947167437505,339.69499999999999
S12000050,North Lanarkshire,2017,539.16484549912866,804.39682749728365,1343.5616729964111,165.608
W06000001,Isle of Anglesey / Ynys Môn,2017,150.7461110006833,149.0765480996094,299.82265910029253,37.72
W06000002,Gwynedd / Gwynedd,2017,255.26225539972441,293.73122455702958,548.99347995675339,67.831999999999994
W06000003,Conwy / Conwy,2017,200.89804937705571,200.517521992383,401.4155713694384,61.540999999999997
W06000004,Denbighshire / Sir Ddinbych,2017,167.83246349807129,207.9023013657534,375.73476486382469,47.57
W06000005,Flintshire / Sir y Fflint,2017,247.5705774096557,790.44755781297727,1038.0181352226321,71.882000000000005
W06000006,Wrexham / Wrecsam,2017,213.80914973456669,701.83391979999999,915.64306953456776,63.218000000000004
W06000008,Ceredigion / Ceredigion,2017,158.07274120136671,191.19625800000011,349.26899920136668,38.524000000000001
W06000009,Pembrokeshire / Sir Benfro,2017,231.4495358992323,729.5629975344732,961.01253343370729,68.007000000000005
W06000010,Carmarthenshire / Sir Gaerfyrddin,2017,311.81382869992859,576.7851242949115,888.59895299484083,93.358999999999995
W06000011,Swansea / Abertawe,2017,358.65486750091992,547.83601978141087,906.49088728232994,117.928
W06000012,Neath Port Talbot / Castell-nedd Port Talbot,2017,209.17263960009751,1084.6710055999999,1293.843645200096,68.658000000000001
W06000013,Bridgend / Pen-y-bont ar Ogwr,2017,206.96023806685719,398.94438050039071,605.90461856724858,67.397999999999996
W06000014,Vale of Glamorgan / Bro Morgannwg,2017,203.22749969985361,308.27596179902332,511.50346149887719,61.186
W06000015,Cardiff / Caerdydd,2017,510.47896626015392,1046.4830657187081,1556.9620319788589,162.61500000000001
W06000016,Rhondda Cynon Taf / Rhondda Cynon Taf,2017,338.02896269124699,430.36774580058449,768.39670849183415,114.14400000000001
W06000018,Caerphilly / Caerffili,2017,254.13000329970629,382.98282699956047,637.11283029926767,82.652000000000001
W06000019,Blaenau Gwent / Blaenau Gwent,2017,98.685462399999921,151.22750849921869,249.9129708992192,33.908999999999999
W06000020,Torfaen / Torfaen,2017,130.28807309975591,273.95482919999989,404.24290229975588,43.280999999999999
W06000021,Monmouthshire / Sir Fynwy,2017,162.61120679970699,238.3479088977677,400.95911569747437,45.625
W06000022,Newport / Casnewydd,2017,222.09954590004921,658.51470840076877,880.61425430081829,71.265000000000001
W06000023,Powys / Powys,2017,262.7292048011837,329.82191657656841,592.55112137775347,71.91
W06000024,Merthyr Tydfil / Merthyr Tudful,2017,83.122478699999945,129.31645270000001,212.4389314,28.050999999999998
E06000001,Hartlepool,2018,131.39497514804381,311.34492881917811,442.73990396722178,45.957999999999998
E06000002,Middlesbrough,2018,187.7062791740708,302.76803080002452,490.47430997409532,65.864999999999995
E06000003,Redcar and Cleveland,2018,194.54673019980419,615.84073640000008,810.38746659980427,67.662000000000006
E06000004,Stockton-on-Tees,2018,271.28795358186977,974.30997489999993,1245.59792848187,91.590999999999994
E06000005,Darlington,2018,161.4681804705331,249.82927369999999,411.29745417053351,53.92
E06000006,Halton,2018,183.14120369152911,520.92769670625012,704.06890039777818,59.712000000000003
E06000007,Warrington,2018,310.33321245242871,608.36695310019513,918.70016555262498,97.491
E06000008,Blackburn with Darwen,2018,203.35408098794491,393.71443020546889,597.06851119341309,64.61
E06000009,Blackpool,2018,231.4805328562318,291.14599899687511,522.6265318531041,72.600999999999999
E06000010,"Kingston upon Hull, City of",2018,366.00832163323491,742.19243725753381,1108.20075889077,128.12700000000001
E06000011,East Riding of Yorkshire,2018,564.56740230304206,1031.1536546892189,1595.721056992254,168.21299999999999
E06000012,North East Lincolnshire,2018,238.14538136861071,602.10139740000022,840.24677876861085,76.518000000000001
E06000013,North Lincolnshire,2018,254.75896026641021,952.59790019999991,1207.356860466409,80.153000000000006
E06000014,York,2018,305.21801164162588,438.3831439999999,743.60115564162606,96.933000000000007
E06000015,Derby,2018,368.24253726548852,659.59570970010998,1027.8382469656001,116.837
E06000016,Leicester,2018,448.33264292737482,892.24021562630242,1340.572858553676,145.34299999999999
E06000017,Rutland,2018,73.648993800548141,268.83468440000001,342.48367820054818,18.994
E06000018,Nottingham,2018,438.11390062656272,793.11349219995179,1231.227392826511,141.55000000000001
E06000019,"Herefordshire, County of",2018,358.04193160062431,610.71668917396028,968.75862077458521,93.494
E06000020,Telford and Wrekin,2018,254.31111486292821,603.258196,857.56931086292911,80.771000000000001
E06000021,Stoke-on-Trent,2018,358.92984044767098,593.53971040078113,952.46955084845365,121.065
E06000022,Bath and North East Somerset,2018,313.56822045685959,343.77859310039031,657.3468135572507,91.22
E06000023,"Bristol, City of",2018,666.52812069880372,1150.054067306153,1816.582188004958,215.94800000000001
E06000024,North Somerset,2018,348.74303730812068,403.94695569409441,752.68999300221697,103.509
E06000025,South Gloucestershire,2018,436.74996142059803,743.98528059990201,1180.7352420205009,126.325
E06000026,Plymouth,2018,380.64302912644172,515.81330049765643,896.4563296240982,127.19499999999999
E06000027,Torbay,2018,230.28937272426529,214.42011000000011,444.70948272426591,71.293999999999997
E06000030,Swindon,2018,341.66422812602991,715.61245399999984,1057.2766821260291,103.25700000000001
E06000031,Peterborough,2018,286.91489549164089,616.08811500000002,903.00301049164045,90.179000000000002
E06000032,Luton,2018,273.81582748274042,414.90655389999989,688.72238138274042,83.494
E06000033,Southend-on-Sea,2018,293.77841020543502,292.37970869999992,586.15811890543716,86.652000000000001
E06000034,Thurrock,2018,272.99159276481049,728.83076260019516,1001.822355365005,72.436000000000007
E06000035,Medway,2018,406.00189638441151,416.42450150004908,822.42639788445831,120.998
E06000036,Bracknell Forest,2018,196.73768456338519,318.10991080000008,514.84759536338549,51.843000000000004
E06000037,West Berkshire,2018,317.30467245052779,545.28236879999997,862.58704125052805,74.366
E06000038,Reading,2018,257.91539043766028,499.38413631534229,757.29952675300353,76.231999999999999
E06000039,Slough,2018,195.90601605825901,1063.9233247734251,1259.829340831682,58.237000000000002
E06000040,Windsor and Maidenhead,2018,283.21952981705368,426.13513110000002,709.35466091705121,69.724999999999994
E06000041,Wokingham,2018,279.61991851600692,373.4207917,653.04071021600737,72.391999999999996
E06000042,Milton Keynes,2018,400.78790954675378,971.72920045498961,1372.517110001746,119.346
E06000043,Brighton and Hove,2018,423.61388820915403,492.22398895822221,915.83787716737879,140.739
E06000044,Portsmouth,2018,299.87675191175163,609.76158430058581,909.63833621233903,97.001999999999995
E06000045,Southampton,2018,384.85984001151201,542.38255788027391,927.24239789178694,116.023
E06000046,Isle of Wight,2018,263.90563309035349,280.98651369960959,544.89214678996177,78.414000000000001
E06000047,County Durham,2018,741.79776893142696,1141.898379790568,1883.6961487219951,256.85599999999999
E06000049,Cheshire East,2018,673.56359083582151,1024.4031578372851,1697.9667486731059,187.18199999999999
E06000050,Cheshire West and Chester,2018,558.28998084439229,1588.021086515889,2146.311067360286,166.435
E06000051,Shropshire,2018,570.67262854631724,888.99900949920698,1459.6716380455271,156.846
E06000052,Cornwall,2018,1249.85610133505,1350.5771028852751,2600.4332042203232,305.04700000000003
E06000053,Isles of Scilly,2018,7.6121941000000071,9.4503907999999992,17.062584900000001,1.6479999999999999
E06000054,Wiltshire,2018,963.0173049882078,1214.9071716241331,2177.9244766123311,240.82400000000001
E06000055,Bedford,2018,281.56132976620478,424.17943895479419,705.74076872099988,80.135000000000005
E06000056,Central Bedfordshire,2018,463.84350665023072,606.27476588356137,1070.118272533794,127.357
E06000057,Northumberland,2018,539.87774159079686,957.75942102162458,1497.6371626124201,168.31700000000001
E06000058,"Bournemouth, Christchurch and Poole",2018,647.30394824561097,855.21276959990234,1502.5167178455081,198.77600000000001
E06000059,Dorset,2018,712.74064469870189,894.02398549877944,1606.7646301974851,199.15600000000001
E06000060,Buckinghamshire,2018,985.07441109124113,1029.477275910036,2014.551687001268,240.78
E06000061,North Northamptonshire,2018,549.53333978140222,1049.9189897257929,1599.4523295071949,160.39699999999999
E06000062,West Northamptonshire,2018,691.19644732323093,1100.290808809589,1791.4872561328241,186.54
E06000063,Cumberland,2018,473.85891472160029,766.47270489804669,1240.331619619649,143.36099999999999
E06000064,Westmorland and Furness,2018,448.9131521718827,956.10504340010118,1405.0181955719829,126.438
E06000065,North Yorkshire,2018,1121.6741247131231,1929.901036438403,3051.575161151507,319.25400000000002
E06000066,Somerset,2018,1038.209832267064,1422.216067819691,2460.4259000867651,282.524
E07000008,Cambridge,2018,175.95298876657591,578.6970921000003,754.65008086657554,59.761000000000003
E07000009,East Cambridgeshire,2018,160.33714186336621,242.45600399123299,402.79314585459878,40.854999999999997
E07000010,Fenland,2018,182.49106881972691,338.54511701080418,521.03618583053162,48.390999999999998
E07000011,Huntingdonshire,2018,300.94987704064721,530.31899260332034,831.26886964396897,82.885000000000005
E07000012,South Cambridgeshire,2018,290.06265530794298,523.82625829999995,813.88891360794344,72.049000000000007
E07000032,Amber Valley,2018,207.46219660892359,363.18293479999988,570.64513140892416,61.048000000000002
E07000033,Bolsover,2018,118.71590902849201,253.77984839999999,372.49575742849208,37.771999999999998
E07000034,Chesterfield,2018,152.07420380465061,254.1797818,406.25398560465158,52.725000000000001
E07000035,Derbyshire Dales,2018,140.4497617750196,264.57372880295412,405.0234905779738,38.395000000000003
E07000036,Erewash,2018,177.27042345734509,224.39162959999999,401.66205305734547,54.832999999999998
E07000037,High Peak,2018,152.99502771414879,596.49617450000017,749.4912022141491,45.188000000000002
E07000038,North East Derbyshire,2018,155.31573474622209,263.41129930039062,418.72703404661291,48.201999999999998
E07000039,South Derbyshire,2018,167.56461831324779,358.66159909999988,526.22621741324701,46.726999999999997
E07000040,East Devon,2018,268.55156513363988,243.8360193005858,512.38758443422569,76.356999999999999
E07000041,Exeter,2018,175.95906524391091,387.20477219921872,563.16383744312816,59.392000000000003
E07000042,Mid Devon,2018,154.7094161559877,192.5466396015625,347.2560557575506,39.981000000000002
E07000043,North Devon,2018,180.20000204411059,267.40898352121229,447.60898556532402,51.253999999999998
E07000044,South Hams,2018,201.63938672810249,255.23916167614519,456.87854840424859,51.256
E07000045,Teignbridge,2018,243.25319345326861,251.17969239804691,494.43288585131569,68.328999999999994
E07000046,Torridge,2018,135.51046893643809,133.2721653003907,268.7826342368283,36.128999999999998
E07000047,West Devon,2018,112.8302328847366,139.9855222762483,252.81575516098539,28.940999999999999
E07000061,Eastbourne,2018,159.24741920739669,187.72108329843761,346.96850250583418,52.581000000000003
E07000062,Hastings,2018,147.35215693203071,145.3208618011719,292.67301873320213,46.808
E07000063,Lewes,2018,177.02738279090991,147.07165739999999,324.0990401909097,48.841000000000001
E07000064,Rother,2018,189.93655767872741,168.18413510253919,358.1206927812662,49.610999999999997
E07000065,Wealden,2018,314.39617478769981,212.20841950029291,526.60459428799447,75.185000000000002
E07000066,Basildon,2018,302.86089496971988,432.96745999863282,735.82835496835401,83.498999999999995
E07000067,Braintree,2018,272.12058218809062,275.62073670000012,547.74131888809086,69.174999999999997
E07000068,Brentwood,2018,143.90635792109529,140.50122859999999,284.40758652109531,36.097999999999999
E07000069,Castle Point,2018,156.1773626168885,88.610562106249972,244.7879247231393,39.783999999999999
E07000070,Chelmsford,2018,315.07174261272041,400.38771869999999,715.45946131272115,80.897999999999996
E07000071,Colchester,2018,311.55129604001098,364.16195251131433,675.71324855132571,86.984999999999999
E07000072,Epping Forest,2018,251.6961132177583,207.88781938121269,459.58393259897082,60.734999999999999
E07000073,Harlow,2018,127.72203243260211,235.08632810000009,362.80836053260168,40.29
E07000074,Maldon,2018,134.8221664517815,134.8239356007812,269.64610205256281,30.303000000000001
E07000075,Rochford,2018,147.5869165442023,123.1838913999939,270.77080794419561,37.704999999999998
E07000076,Tendring,2018,266.59279711785609,242.16055519999989,508.75335231785613,74.171999999999997
E07000077,Uttlesford,2018,178.03025081601751,226.51721400328771,404.54746481930471,40.828000000000003
E07000078,Cheltenham,2018,194.53766983150811,310.66455270039052,505.20222253189911,60.408000000000001
E07000079,Cotswold,2018,222.7241841736984,207.0895978385135,429.81378201221128,50.417000000000002
E07000080,Forest of Dean,2018,168.11466451990319,262.82204339999998,430.93670791990309,41.283000000000001
E07000081,Gloucester,2018,197.0927054271246,356.83195871506848,553.92466414219382,60.494999999999997
E07000082,Stroud,2018,220.52527162290431,326.20365211509989,546.72892373800437,57.866999999999997
E07000083,Tewkesbury,2018,158.190853986576,331.99466736712333,490.18552135369919,44.557000000000002
E07000084,Basingstoke and Deane,2018,306.07719778381778,503.88556247260289,809.96276025642101,82.042000000000002
E07000085,East Hampshire,2018,235.35371987068271,206.0327307,441.38645057068311,58.195
E07000086,Eastleigh,2018,200.6897875950693,318.27131650000598,518.96110409507526,60.052999999999997
E07000087,Fareham,2018,183.32246151257399,244.21444099999991,427.53690251257331,53.161000000000001
E07000088,Gosport,2018,131.19709401273019,143.27296000000001,274.47005401273071,39.558
E07000089,Hart,2018,169.1155934501366,240.62837350000009,409.74396695013559,42.76
E07000090,Havant,2018,201.40575660778819,202.48124352444049,403.88700013222859,58.982999999999997
E07000091,New Forest,2018,324.34179292839889,431.93862249569088,756.28041542408994,88.614000000000004
E07000092,Rushmoor,2018,140.40875111511789,245.8821596999999,386.29091081511768,42.247999999999998
E07000093,Test Valley,2018,236.04059700821921,326.57359203487312,562.6141890430921,60.478999999999999
E07000094,Winchester,2018,226.51176164074181,368.69493460000001,595.20669624074219,58.256999999999998
E07000095,Broxbourne,2018,161.56406864931481,212.47238778708271,374.0364564363972,43.713999999999999
E07000096,Dacorum,2018,253.19531486675089,381.781725801172,634.97704066792187,69.260000000000005
E07000098,Hertsmere,2018,182.70175798301321,273.51094230136982,456.21270028438209,46.798000000000002
E07000099,North Hertfordshire,2018,225.2479806969867,307.39825210000009,532.6462327969864,61.661000000000001
E07000102,Three Rivers,2018,163.64879746894351,171.5613845,335.21018196894352,40.063000000000002
E07000103,Watford,2018,144.76532907743569,315.48661489999978,460.25194397743633,43.110999999999997
E07000105,Ashford,2018,220.97554599780861,274.73337829960929,495.70892429741872,58.48
E07000106,Canterbury,2018,240.86717028809869,320.40917969999998,561.27634998809822,71.834000000000003
E07000107,Dartford,2018,163.3377179109099,257.02441710000011,420.36213501091032,50.027000000000001
E07000108,Dover,2018,179.86526808171661,230.86148489999991,410.72675298171731,56.512
E07000109,Gravesham,2018,156.81870943252409,281.32859919999993,438.14730863252493,45.692
E07000110,Maidstone,2018,279.59259971914571,367.43784820019567,647.0304479193403,76.668000000000006
E07000111,Sevenoaks,2018,236.33214367280721,202.71789918821909,439.05004286102547,54.636000000000003
E07000112,Folkestone and Hythe,2018,187.34769709303339,241.30800149960939,428.65569859264309,55.515000000000001
E07000113,Swale,2018,229.28751402214601,432.33391470004892,661.62142872219442,65.497
E07000114,Thanet,2018,228.17845939314941,277.45437030000011,505.63282969314838,71.754000000000005
E07000115,Tonbridge and Malling,2018,217.08216298532651,298.44304170000021,515.52520468532657,58.078000000000003
E07000116,Tunbridge Wells,2018,217.20654809945171,288.38858329999999,505.59513139945278,54.332000000000001
E07000117,Burnley,2018,131.3327282789034,207.9005425,339.23327077890332,43.482999999999997
E07000118,Chorley,2018,179.7205248594278,199.52743599999999,379.24796085942762,53.518000000000001
E07000119,Fylde,2018,145.75758488927929,220.72300547863011,366.48059036790983,41.55
E07000120,Hyndburn,2018,115.0590393813209,177.90278050000001,292.96181988132082,38.783999999999999
E07000121,Lancaster,2018,220.86866342956969,316.33943199999999,537.20809542956886,68.063000000000002
E07000122,Pendle,2018,131.9977252004505,214.23417549999999,346.23190070045121,42.680999999999997
E07000123,Preston,2018,210.2923325799992,364.25684089997571,574.54917347997412,66.349000000000004
E07000124,Ribble Valley,2018,109.13986666004089,327.5567942323288,436.69666089236938,29
E07000125,Rossendale,2018,113.93219387944841,183.8049182,297.7371120794482,33.966999999999999
E07000126,South Ribble,2018,171.243617970294,287.53832080000001,458.78193877029378,52.441000000000003
E07000127,West Lancashire,2018,185.210211711829,366.30194100000011,551.51215271182946,51.994
E07000128,Wyre,2018,184.4945112796423,304.51693519999992,489.01144647964219,54.569000000000003
E07000129,Blaby,2018,154.6330735054255,247.1271903,401.76026380542601,44.972999999999999
E07000130,Charnwood,2018,259.88634073010297,446.20161080048831,706.087951530591,79.679000000000002
E07000131,Harborough,2018,163.6189449458268,193.78731529999999,357.40626024582627,42.902999999999999
E07000132,Hinckley and Bosworth,2018,186.6139419672507,253.8170183984376,440.43096036568721,53.6
E07000133,Melton,2018,91.727858475890031,177.45178680019541,269.17964527608501,24.798999999999999
E07000134,North West Leicestershire,2018,172.95722862826699,400.32949640156249,573.28672502982965,47.798000000000002
E07000135,Oadby and Wigston,2018,80.739252271007757,101.6868113003906,182.42606357139849,24.657
E07000136,Boston,2018,116.283307547555,204.23891330000001,320.52222084755482,32.164999999999999
E07000137,East Lindsey,2018,282.69301273944541,406.05079864403422,688.7438113834786,73.971000000000004
E07000138,Lincoln,2018,137.5325466227018,274.33606680039048,411.86861342309248,47.155000000000001
E07000139,North Kesteven,2018,199.7938940412904,273.13637559798451,472.93026963927468,54.822000000000003
E07000140,South Holland,2018,171.5753794684934,345.10823190000002,516.6836113684933,44.177
E07000141,South Kesteven,2018,252.49953301927661,370.58976969980461,623.08930271908207,68.436999999999998
E07000142,West Lindsey,2018,164.30644815788159,221.6711784,385.97762655788063,46.088999999999999
E07000143,Breckland,2018,265.2898986955189,337.24165150175799,602.5315501972766,66.153000000000006
E07000144,Broadland,2018,232.73061869483291,248.95855040000001,481.68916909483272,61.697000000000003
E07000145,Great Yarmouth,2018,175.60702454090111,188.74175189999991,364.34877644090142,49.271000000000001
E07000146,King's Lynn and West Norfolk,2018,332.4861493378383,604.42934109397254,936.91549043181385,78.734999999999999
E07000147,North Norfolk,2018,245.09867127101339,268.86558000000002,513.96425127101395,60.838999999999999
E07000148,Norwich,2018,200.39421014383731,372.93772821373682,573.33193835757424,72.317999999999998
E07000149,South Norfolk,2018,270.70388912208841,303.63101386054802,574.33490298263632,66.028999999999996
E07000170,Ashfield,2018,187.61914746383471,347.48564560000011,535.10479306383468,58.579000000000001
E07000171,Bassetlaw,2018,193.38163708913831,361.57828979999988,554.95992688913793,55.811
E07000172,Broxtowe,2018,169.5599288170348,157.04981171150681,326.60974052854232,52.7
E07000173,Gedling,2018,190.6077519377109,152.41761009999999,343.02536203771149,55.018999999999998
E07000174,Mansfield,2018,158.36695038283781,239.6193561,397.98630648283842,51.981000000000002
E07000175,Newark and Sherwood,2018,207.15221698911969,328.51638307260299,535.66860006172249,58.207999999999998
E07000176,Rushcliffe,2018,191.33636752981371,213.5935293,404.92989682981312,52.991
E07000177,Cherwell,2018,269.77644464712552,461.70982029452063,731.48626494164864,71.224999999999994
E07000178,Oxford,2018,204.25220039260381,607.64365970000017,811.89586009260427,63.966000000000001
E07000179,South Oxfordshire,2018,284.76930859019188,490.88583879999999,775.65514739019295,67.930999999999997
E07000180,Vale of White Horse,2018,239.89352759013829,479.5031608984375,719.39668848857661,63.292000000000002
E07000181,West Oxfordshire,2018,218.58175928264279,310.12761071616438,528.70936999880792,54.286999999999999
E07000192,Cannock Chase,2018,154.6997022502841,194.40047300000001,349.10017525028411,46.4
E07000193,East Staffordshire,2018,192.0936625890283,471.98560450621721,664.07926709524645,55.792000000000002
E07000194,Lichfield,2018,176.6161264080599,264.54518409999991,441.16131050806018,48.789000000000001
E07000195,Newcastle-under-Lyme,2018,188.15558142063369,281.70348660493153,469.85906802556582,58.604999999999997
E07000196,South Staffordshire,2018,180.48892556104781,283.2273478003907,463.71627336143848,49.661999999999999
E07000197,Stafford,2018,223.04345033177819,360.79529537123312,583.83874570301259,64.88
E07000198,Staffordshire Moorlands,2018,164.14616835693801,327.86110799999989,492.00727635693733,47.375999999999998
E07000199,Tamworth,2018,120.5361491653881,173.7891577,294.32530686538809,34.767000000000003
E07000200,Babergh,2018,182.3504759273969,210.9981077999999,393.34858372739728,43.978999999999999
E07000202,Ipswich,2018,213.18366712226961,261.9929203998048,475.17658752207421,65.004999999999995
E07000203,Mid Suffolk,2018,208.59567765195629,245.82786108485291,454.42353873680901,47.994
E07000207,Elmbridge,2018,276.41370238682191,263.58353069362249,539.99723308044327,61.991999999999997
E07000208,Epsom and Ewell,2018,128.75727172719121,95.303429000000008,224.06070072719129,34.234999999999999
E07000209,Guildford,2018,249.67532084767021,344.33857218935611,594.01389303702717,62.765999999999998
E07000210,Mole Valley,2018,171.30152245897199,249.25099719999989,420.55251965897241,40.914999999999999
E07000211,Reigate and Banstead,2018,253.33768616511711,357.2057691003418,610.54345526545978,65.557000000000002
E07000212,Runnymede,2018,152.81609136764621,258.28444139999988,411.100532767647,38.322000000000003
E07000213,Spelthorne,2018,167.11341338931339,201.8920600968751,369.00547348618829,45.566000000000003
E07000214,Surrey Heath,2018,157.24931288654551,232.75892069999989,390.00823358654549,39.006
E07000215,Tandridge,2018,169.54752088288669,136.04193900000001,305.58945988288627,39.767000000000003
E07000216,Waverley,2018,247.98382302000141,186.04166189990241,434.02548491990308,58.121000000000002
E07000217,Woking,2018,180.35827111005921,403.29627360000012,583.65454471005921,45.558
E07000218,North Warwickshire,2018,112.91736721718731,422.0061682000001,534.92353541718717,30.66
E07000219,Nuneaton and Bedworth,2018,201.05434510874761,222.12744190000001,423.18178700874711,60.576000000000001
E07000220,Rugby,2018,178.60261389626109,463.63212205945212,642.23473595571375,50.197000000000003
E07000221,Stratford-on-Avon,2018,274.3719681841597,380.92797832881882,655.29994651297852,65.143000000000001
E07000222,Warwick,2018,248.3098272015452,388.02504250073241,636.33486970227762,69.239000000000004
E07000223,Adur,2018,103.406374643757,123.93760690000001,227.34398154375691,30.37
E07000224,Arun,2018,279.92300992599809,218.221672796875,498.14468272287172,80.194000000000003
E07000225,Chichester,2018,264.86415872696602,318.24694530079353,583.11110402776046,64.444999999999993
E07000226,Crawley,2018,156.17560660478529,491.85248190078107,648.0280885055663,48.100999999999999
E07000227,Horsham,2018,276.39937348915112,259.60447030014649,536.00384378929812,68.028999999999996
E07000228,Mid Sussex,2018,260.69806839433772,248.89097869843761,509.58904709277641,69.033000000000001
E07000229,Worthing,2018,179.6745169749608,183.37878670000001,363.05330367496163,54.411000000000001
E07000234,Bromsgrove,2018,167.8590206827389,160.55596440000011,328.41498508273912,44.866999999999997
E07000235,Malvern Hills,2018,153.80531244859151,149.35640823315069,303.16172068174279,38.61
E07000236,Redditch,2018,128.49516793118349,224.61299929667959,353.10816722786308,38.991999999999997
E07000237,Worcester,2018,158.73144227041141,256.12714160000007,414.85858387041083,49.037999999999997
E07000238,Wychavon,2018,239.20303128114389,422.87582000019529,662.07885128133967,61.673000000000002
E07000239,Wyre Forest,2018,169.79362535885471,216.30480075369869,386.09842611255311,48.503999999999998
E07000240,St Albans,2018,246.15115776152101,231.99302853671239,478.14418629823331,64.935000000000002
E07000241,Welwyn Hatfield,2018,182.55933986931549,495.19518479691158,677.75452466622653,50.865000000000002
E07000242,East Hertfordshire,2018,280.33156663915747,273.36595400039079,553.69752063955013,68.144999999999996
E07000243,Stevenage,2018,126.1065128000246,240.55087230000001,366.65738510002438,39.28
E07000244,East Suffolk,2018,471.30598577318551,634.24181330009787,1105.547799073285,126.77500000000001
E07000245,West Suffolk,2018,319.28237297459748,586.71458680000001,905.99695977459908,84.695999999999998
E08000001,Bolton,2018,422.22509319121502,524.92796310058532,947.15305629180068,131.26499999999999
E08000002,Bury,2018,288.92282093775879,342.9491327194113,631.87195365717082,88.585999999999999
E08000003,Manchester,2018,783.58690257490093,1842.100145700095,2625.6870482750078,240.999
E08000004,Oldham,2018,314.50191542460988,438.81033699999989,753.31225242461119,101.643
E08000005,Rochdale,2018,313.41035247380267,488.09612050000021,801.50647297380226,98.97
E08000006,Salford,2018,417.36761558896649,594.95085480195348,1012.3184703909189,126.056
E08000007,Stockport,2018,459.92432857838457,534.74350800043919,994.66783657882399,137.67099999999999
E08000008,Tameside,2018,331.20744339812211,416.85974250195301,748.06718590007574,107.867
E08000009,Trafford,2018,366.58393518948031,1005.911088599902,1372.495023789385,106.819
E08000010,Wigan,2018,473.91136364023129,642.04755223021107,1115.9589158704421,151.78299999999999
E08000011,Knowsley,2018,211.95887944555241,486.78688929941399,698.74576874496688,69.162999999999997
E08000012,Liverpool,2018,686.19956463445919,1214.4031472007809,1900.602711835247,229.96
E08000013,St. Helens,2018,259.35954112665388,466.75566020000019,726.11520132665453,86.025000000000006
E08000014,Sefton,2018,419.55409302566198,411.80325059687499,831.35734362253754,133.16
E08000015,Wirral,2018,490.2206235097434,513.68105519999995,1003.9016787097451,155.953
E08000017,Doncaster,2018,442.41343168406428,817.04349963561674,1259.4569313196801,144.00700000000001
E08000018,Rotherham,2018,369.28165555489318,643.61918150078134,1012.9008370556739,123.42
E08000021,Newcastle upon Tyne,2018,395.9349230030129,797.96852068476539,1193.9034436877801,137.07499999999999
E08000022,North Tyneside,2018,289.78714690873471,471.18358210019562,760.97072900893045,104.465
E08000023,South Tyneside,2018,201.4163960667521,209.59002150078109,411.00641756753339,75.14
E08000024,Sunderland,2018,379.59051408023907,843.75183799999957,1223.3423520802401,135.78700000000001
E08000025,Birmingham,2018,1551.967171107229,2638.400613874087,4190.3677849813148,465.58800000000002
E08000026,Coventry,2018,479.57040727776132,817.50540469941313,1297.075811977176,148.05000000000001
E08000027,Dudley,2018,476.99399399724808,564.18909000000053,1041.1830839972449,146.27500000000001
E08000028,Sandwell,2018,448.16897835208857,861.71152539921854,1309.88050375131,141.58600000000001
E08000029,Solihull,2018,352.6956801856287,662.51601310000012,1015.2116932856291,97.650999999999996
E08000030,Walsall,2018,413.2313365083989,542.44448767037272,955.67582417877247,123.43300000000001
E08000031,Wolverhampton,2018,385.33848111315581,564.83931489999952,950.17779601315624,116.30800000000001
E08000032,Bradford,2018,732.30238347640295,1036.1923140633519,1768.49469753975,228.31200000000001
E08000033,Calderdale,2018,328.10269030132349,486.4869275999996,814.58961790132435,101.434
E08000034,Kirklees,2018,612.90484326507112,862.01378832254466,1474.9186315876141,196.06700000000001
E08000035,Leeds,2018,1192.568176455889,2133.181967899317,3325.7501443551951,372.25900000000001
E08000036,Wakefield,2018,497.10649694997699,1159.2027499096,1656.3092468595789,166.137
E08000037,Gateshead,2018,278.6555103263907,550.59524974575334,829.25076007214568,99.155000000000001
E08000038,Barnsley,2018,349.05265227014883,570.88280810000003,919.93546037014801,116.54
E08000039,Sheffield,2018,757.27806795885306,1423.9320149990219,2181.2100829578781,256.26100000000002
E09000001,City of London,2018,28.218144324383609,2093.7057221999989,2121.9238665243829,13.236000000000001
E09000002,Barking and Dagenham,2018,254.60821479862969,372.89537999921868,627.50359479784822,80.004000000000005
E09000003,Barnet,2018,610.38225463615333,504.37707221112129,1114.759326847279,162.22999999999999
E09000004,Bexley,2018,366.13313680714811,415.50911190000022,781.6422487071477,104.836
E09000005,Brent,2018,418.52980907576688,772.61898640019558,1191.1487954759641,131.19900000000001
E09000006,Bromley,2018,535.79365305266595,411.03659089999979,946.8302439526617,150.49600000000001
E09000007,Camden,2018,342.43410341755828,1361.900881700001,1704.334985117554,127.961
E09000008,Croydon,2018,563.76157801427814,648.86157759999958,1212.623155614277,167.184
E09000009,Ealing,2018,468.95622448572681,885.16461399841296,1354.1208384841391,146.08500000000001
E09000010,Enfield,2018,477.1133215173524,542.77151041076593,1019.88483192812,133.23599999999999
E09000011,Greenwich,2018,369.61613649258243,463.40140180000009,833.01753829258223,123.864
E09000012,Hackney,2018,340.66626182082359,577.37682650156216,918.04308832238644,124.902
E09000013,Hammersmith and Fulham,2018,284.20566130575429,694.6086334863013,978.81429479205576,99.182000000000002
E09000014,Haringey,2018,353.48248432549781,417.07206393091832,770.55454825641618,116.611
E09000015,Harrow,2018,342.88306450684138,218.4383420999996,561.32140660684036,97.191000000000003
E09000016,Havering,2018,391.11120034627788,394.28051007103738,785.39171041731674,110.807
E09000017,Hillingdon,2018,419.42631162032228,1122.1805357999999,1541.6068474203221,119.539
E09000018,Hounslow,2018,379.45514791924671,931.9597815999997,1311.414929519246,110.70099999999999
E09000019,Islington,2018,309.07919596347188,789.76421559999972,1098.84341156347,120.46599999999999
E09000020,Kensington and Chelsea,2018,363.32516177205378,895.44885709995174,1258.774018872004,104.581
E09000021,Kingston upon Thames,2018,255.47930395176891,347.06320649980478,602.54251045157491,73.048000000000002
E09000022,Lambeth,2018,430.47305753467691,634.63499312639931,1065.1080506610749,156.75299999999999
E09000023,Lewisham,2018,404.27798824459887,291.87887849999998,696.15686674460017,137.81399999999999
E09000024,Merton,2018,306.82595951439117,495.08222176027402,801.90818127466514,91.247
E09000025,Newham,2018,376.69013277756602,1015.1476666999999,1391.8377994775651,124.925
E09000026,Redbridge,2018,389.26749708872768,262.03712993518519,651.3046270239156,110.51300000000001
E09000027,Richmond upon Thames,2018,331.71200018831661,310.65740957408661,642.36940976240237,92.471000000000004
E09000028,Southwark,2018,443.76066668611799,1179.46019170155,1623.2208583876679,153.684
E09000029,Sutton,2018,313.37348937368728,359.10478740038758,672.47827677407577,89.42
E09000030,Tower Hamlets,2018,417.34007999902542,2332.0414216300551,2749.381501629086,141.62200000000001
E09000031,Waltham Forest,2018,341.20016775830629,334.66901529848587,675.86918305679319,110.17700000000001
E09000032,Wandsworth,2018,493.96969767751222,488.3182505015626,982.28794817907408,160.91900000000001
E09000033,Westminster,2018,487.6149346880685,3169.0913719065779,3656.7063065946372,159.874
S12000005,Clackmannanshire,2018,83.904652296164059,215.93275554821909,299.83740784438351,26.466000000000001
S12000006,Dumfries and Galloway,2018,316.00000798889658,535.58006300033571,851.58007098923497,88.227000000000004
S12000008,East Ayrshire,2018,185.18211957911029,240.42077669959721,425.60289627870651,61.758000000000003
S12000010,East Lothian,2018,184.15139430520551,298.92713519960932,483.07852950481498,53.847000000000001
S12000011,East Renfrewshire,2018,150.0494440037379,76.226878900000017,226.27632290373779,41.783000000000001
S12000013,Na h-Eileanan Siar,2018,86.595969799999722,66.770960793749992,153.36693059374969,19.873000000000001
S12000014,Falkirk,2018,263.64275525896761,419.5043979849425,683.14715324390954,82.575999999999993
S12000017,Highland,2018,638.29173260009543,926.47660850022044,1564.7683411003161,153.804
S12000018,Inverclyde,2018,129.49841419558649,173.64685248917939,303.1452666847656,42.488
S12000019,Midlothian,2018,136.8875444409193,211.29595190009769,348.18349634101747,43.515999999999998
S12000020,Moray,2018,181.3438706999992,300.66330169999998,482.00717239999932,51.439
S12000021,North Ayrshire,2018,236.25191684386209,431.71163789689962,667.96355474076245,75.518000000000001
S12000023,Orkney Islands,2018,79.884213899999807,58.241581299999957,138.12579519999969,16.463999999999999
S12000026,Scottish Borders,2018,243.09836994149089,299.07182320001209,542.17019314150446,69.691999999999993
S12000027,Shetland Islands,2018,95.22454399999998,91.816325087945188,187.040869087945,18.797999999999998
S12000028,South Ayrshire,2018,195.22571859429939,278.39478739999981,473.62050599429972,61.76
S12000029,South Lanarkshire,2018,559.26218776341841,575.40947358821768,1134.6716613516351,165.33699999999999
S12000030,Stirling,2018,174.943405007525,290.56232339921871,465.50572840674403,48.039000000000001
S12000033,Aberdeen City,2018,379.05873160031962,742.74159260624981,1121.800324206572,131.34100000000001
S12000034,Aberdeenshire,2018,546.0668373992736,675.25374999990299,1221.320587399169,136.81299999999999
S12000035,Argyll and Bute,2018,266.1130314075142,243.46286529814469,509.57589670566028,63.82
S12000036,City of Edinburgh,2018,826.30517542665598,1466.982773001293,2293.287948427942,279.25
S12000038,Renfrewshire,2018,278.7350614305418,481.81812129775398,760.55318272829572,94.504000000000005
S12000039,West Dunbartonshire,2018,135.93016323223071,191.8389683852055,327.76913161743607,48.646000000000001
S12000040,West Lothian,2018,275.46374088907379,523.68976080876689,799.1535016978404,86.355999999999995
S12000041,Angus,2018,232.83119580014659,295.81167479990228,528.64287060004835,65.311000000000007
S12000042,Dundee City,2018,274.01284630019637,359.72420679921902,633.73705309941488,85.356999999999999
S12000045,East Dunbartonshire,2018,171.09844000767191,163.86221539863291,334.96065540630428,50.273000000000003
S12000047,Fife,2018,599.28073769140565,914.15705392174084,1513.437791613138,193.41200000000001
S12000048,Perth and Kinross,2018,336.37549100034079,394.41686549990231,730.7923565002435,87.406000000000006
S12000049,Glasgow City,2018,937.42766392750332,1852.147002772432,2789.5746666999371,339.84899999999999
S12000050,North Lanarkshire,2018,521.06597287920863,801.33955459987794,1322.4055274790881,166.37299999999999
W06000001,Isle of Anglesey / Ynys Môn,2018,146.1732554317017,149.36510989960939,295.53836533131062,38.134999999999998
W06000002,Gwynedd / Gwynedd,2018,246.05468918124271,295.46226311487311,541.51695229611835,68.013999999999996
W06000003,Conwy / Conwy,2018,195.14627377225031,198.71271468866379,393.85898846091402,61.86
W06000004,Denbighshire / Sir Ddinbych,2018,164.09975822197509,204.22988019999991,368.32963842197518,47.712000000000003
W06000005,Flintshire / Sir y Fflint,2018,242.60218741531219,814.01084329999981,1056.6130307153121,72.471999999999994
W06000006,Wrexham / Wrecsam,2018,209.74424405765171,658.55919823799979,868.30344229565276,63.594999999999999
W06000008,Ceredigion / Ceredigion,2018,153.31973703855189,187.18418360000001,340.50392063855202,38.648000000000003
W06000009,Pembrokeshire / Sir Benfro,2018,225.9343554322308,711.86568789842556,937.80004333065676,68.497
W06000010,Carmarthenshire / Sir Gaerfyrddin,2018,306.59126001113498,559.8160371003903,866.40729711152835,93.858999999999995
W06000011,Swansea / Abertawe,2018,351.13426270958968,555.43020688630133,906.56446959588948,118.601
W06000012,Neath Port Talbot / Castell-nedd Port Talbot,2018,206.2783233701378,1070.9160194238359,1277.194342793973,69.093999999999994
W06000013,Bridgend / Pen-y-bont ar Ogwr,2018,204.41751226164391,396.72929870000007,601.14681096164384,68.073999999999998
W06000014,Vale of Glamorgan / Bro Morgannwg,2018,200.38181864547991,373.10902639921881,573.49084504469852,61.883000000000003
W06000015,Cardiff / Caerdydd,2018,501.54831174322072,1052.243013399413,1553.791325142636,164.37299999999999
W06000016,Rhondda Cynon Taf / Rhondda Cynon Taf,2018,333.64160657195788,413.29985960039062,746.94146617234833,114.57
W06000018,Caerphilly / Caerffili,2018,250.60964340468709,382.19675599999999,632.80639940468632,82.884
W06000019,Blaenau Gwent / Blaenau Gwent,2018,96.97049319753468,152.10886429999999,249.0793574975348,34.058
W06000020,Torfaen / Torfaen,2018,128.09804054605661,267.81750929999993,395.91554984605722,43.774000000000001
W06000021,Monmouthshire / Sir Fynwy,2018,160.02069013287661,243.42041765671229,403.44110778958901,46.006999999999998
W06000022,Newport / Casnewydd,2018,221.3576028276741,668.72282949999976,890.08043232767477,72.161000000000001
W06000023,Powys / Powys,2018,255.15046625386921,332.14280139843788,587.29326765230701,72.215999999999994
W06000024,Merthyr Tydfil / Merthyr Tudful,2018,82.266765008268152,125.6384213000001,207.9051863082679,28.251000000000001
E06000001,Hartlepool,2019,130.08052735671311,312.24696429342458,442.32749165013792,46.051000000000002
E06000002,Middlesbrough,2019,185.90307406821961,263.70770927098329,449.6107833392029,66.382000000000005
E06000003,Redcar and Cleveland,2019,193.54263994911781,602.35419511561645,795.8968350647342,68.090999999999994
E06000004,Stockton-on-Tees,2019,269.40805348027237,1000.25654337589,1269.6645968561629,92.432000000000002
E06000005,Darlington,2019,161.59373595964641,274.82929752547938,436.42303348512593,54.465000000000003
E06000006,Halton,2019,182.53497164659859,476.28988290378419,658.82485455038307,60.25
E06000007,Warrington,2019,308.9587385994023,588.48121439498982,897.43995299439041,98.001000000000005
E06000008,Blackburn with Darwen,2019,201.73328840137049,384.97945830625002,586.71274670762011,64.98
E06000009,Blackpool,2019,227.83687549980269,292.53032859687499,520.36720409667839,72.823999999999998
E06000010,"Kingston upon Hull, City of",2019,363.50926234051133,726.35676988575312,1089.866032226262,128.792
E06000011,East Riding of Yorkshire,2019,564.42395361457238,1033.1206482583559,1597.544601872929,169.744
E06000012,North East Lincolnshire,2019,235.90086816422789,578.23693795041083,814.13780611463869,76.929000000000002
E06000013,North Lincolnshire,2019,254.50092607429539,949.45735184547937,1203.9582779197749,80.453999999999994
E06000014,York,2019,303.69947109414818,432.07111184876698,735.77058294291555,97.343000000000004
E06000015,Derby,2019,365.56786029287991,639.82208132147957,1005.3899416143601,117.476
E06000016,Leicester,2019,441.17726024794752,871.82062250328761,1312.997882751238,145.83699999999999
E06000017,Rutland,2019,73.208075355616373,270.72904122328771,343.9371165789039,19.170999999999999
E06000018,Nottingham,2019,434.85009229251801,768.15372925589111,1203.003821548403,142.285
E06000019,"Herefordshire, County of",2019,357.20083237342311,594.42001040630169,951.62084277972588,94.459000000000003
E06000020,Telford and Wrekin,2019,254.79696029148829,600.859907718356,855.65686800984395,82.004999999999995
E06000021,Stoke-on-Trent,2019,357.0755746871227,577.8502072334652,934.92578192058863,121.60599999999999
E06000022,Bath and North East Somerset,2019,312.94601838986858,330.24826314888361,643.19428153875219,92.465000000000003
E06000023,"Bristol, City of",2019,665.18998776209628,1112.747964136712,1777.9379518988021,217.429
E06000024,North Somerset,2019,348.99181759424948,394.40841667902612,743.40023427327492,104.163
E06000025,South Gloucestershire,2019,440.60952943347542,726.40904941616452,1167.0185788496401,128.297
E06000026,Plymouth,2019,381.25323550558102,499.28875737930042,880.54199288488041,127.92700000000001
E06000027,Torbay,2019,228.97460162739691,211.82817829150699,440.80277991890267,71.442999999999998
E06000030,Swindon,2019,342.82559911369913,678.61036427616489,1021.435963389863,104.19799999999999
E06000031,Peterborough,2019,288.87674057890843,605.07700002986292,893.95374060877168,91.551000000000002
E06000032,Luton,2019,273.05499140739568,405.62501613945187,678.68000754684761,84.269000000000005
E06000033,Southend-on-Sea,2019,290.60491476976728,282.76459002191791,573.36950479168684,86.992999999999995
E06000034,Thurrock,2019,271.3324111359675,702.04308379060626,973.37549492657388,73.040999999999997
E06000035,Medway,2019,405.42598091232611,409.3746368989531,814.80061781127779,122.09
E06000036,Bracknell Forest,2019,199.9902388684915,306.17749681260278,506.16773568109471,53.665999999999997
E06000037,West Berkshire,2019,316.87027976641662,542.92410844821904,859.79438821463668,74.879000000000005
E06000038,Reading,2019,254.75835450821981,480.5770214435617,735.33537595178234,76.700999999999993
E06000039,Slough,2019,196.36842042730109,1142.2625161665751,1338.630936593876,58.72
E06000040,Windsor and Maidenhead,2019,282.760081751396,404.90717690657539,687.66725865797218,69.912000000000006
E06000041,Wokingham,2019,282.37117035683019,357.1984170693151,639.56958742614472,74.03
E06000042,Milton Keynes,2019,401.01491499203041,935.81424761745541,1336.829162609486,121.268
E06000043,Brighton and Hove,2019,421.54629735127389,471.09990231748162,892.64619966875318,141.10499999999999
E06000044,Portsmouth,2019,297.47902840629968,585.38976906281846,882.86879746911984,96.995999999999995
E06000045,Southampton,2019,380.59602727104198,506.68856229726032,887.28458956830423,116.256
E06000046,Isle of Wight,2019,261.52320121252473,273.88239749960923,535.40559871213452,78.647999999999996
E06000047,County Durham,2019,743.24865302141075,1106.003273439062,1849.2519264604639,258.61500000000001
E06000049,Cheshire East,2019,677.88365397086432,1003.958324431693,1681.841978402563,190.16300000000001
E06000050,Cheshire West and Chester,2019,558.07968321302997,1539.9357593841089,2098.0154425971432,167.73500000000001
E06000051,Shropshire,2019,572.29960229783728,833.4005918273848,1405.7001941252231,158.40799999999999
E06000052,Cornwall,2019,1261.6999989895569,1304.875086380827,2566.5750853703912,307.50599999999997
E06000053,Isles of Scilly,2019,7.8851451999999957,9.1268307999999969,17.011976000000011,1.639
E06000054,Wiltshire,2019,962.4672103981859,1209.356301556164,2171.823511954351,243.566
E06000055,Bedford,2019,283.07693529917771,429.91671409945297,712.99364939863142,81.218999999999994
E06000056,Central Bedfordshire,2019,470.14777257822209,608.5282608421918,1078.6760334204121,129.68799999999999
E06000057,Northumberland,2019,540.25350769442036,937.73635857440183,1477.989866268814,169.78
E06000058,"Bournemouth, Christchurch and Poole",2019,642.46341807198053,833.38994920739731,1475.8533672793831,199.33799999999999
E06000059,Dorset,2019,711.56435475583453,877.98559379713629,1589.549948552966,200.52199999999999
E06000060,Buckinghamshire,2019,989.73912925645595,1013.7885746456089,2003.5277039020621,243.535
E06000061,North Northamptonshire,2019,547.70730159561447,1021.832911852603,1569.5402134482131,161.73699999999999
E06000062,West Northamptonshire,2019,683.04931090176785,1072.03340718959,1755.0827180913541,187.77199999999999
E06000063,Cumberland,2019,470.2221411279956,756.05212739804733,1226.2742685260421,144.24600000000001
E06000064,Westmorland and Furness,2019,445.29829611896099,937.33326390037496,1382.631560019337,127.07599999999999
E06000065,North Yorkshire,2019,1126.00246711873,1938.9735855350889,3064.9760526538162,323.03500000000003
E06000066,Somerset,2019,1035.722994524582,1392.353367894983,2428.076362419577,284.774
E07000008,Cambridge,2019,176.89706744849411,570.61705625561649,747.51412370410958,60.316000000000003
E07000009,East Cambridgeshire,2019,160.5843062499317,240.96178893068489,401.54609518061631,41.228000000000002
E07000010,Fenland,2019,181.9503910405754,327.3567092913114,509.30710033188672,48.808999999999997
E07000011,Huntingdonshire,2019,302.70479821540272,518.4041901605807,821.10898837598381,84.066000000000003
E07000012,South Cambridgeshire,2019,292.00831022465678,510.48123109643842,802.4895413210952,73.164000000000001
E07000032,Amber Valley,2019,208.74440494000149,352.02024300849308,560.76464794849471,61.688000000000002
E07000033,Bolsover,2019,119.9601206150687,252.8732051583562,372.8333257734252,38.238999999999997
E07000034,Chesterfield,2019,152.49097935260261,244.77096065506871,397.2619400076714,52.951000000000001
E07000035,Derbyshire Dales,2019,140.3979090612722,265.14248524076231,405.54039430203471,38.734000000000002
E07000036,Erewash,2019,176.1410812582082,223.95692207945211,400.09800333766009,55.173999999999999
E07000037,High Peak,2019,152.14558469798371,597.48953740000002,749.63512209798296,45.436
E07000038,North East Derbyshire,2019,157.1283513661248,263.30789141518522,420.43624278130937,48.69
E07000039,South Derbyshire,2019,169.73872050677059,346.98259664931498,516.72131715608555,48.048000000000002
E07000040,East Devon,2019,267.22751248338528,238.60661899643549,505.83413147982259,77.430999999999997
E07000041,Exeter,2019,174.29774834986119,379.80042159921891,554.09816994908044,59.744
E07000042,Mid Devon,2019,155.09678309598829,186.7736245542059,341.87040765019458,40.32
E07000043,North Devon,2019,182.366149279452,263.16589854778789,445.53204782723952,52.015000000000001
E07000044,South Hams,2019,202.83480482043129,229.8906080401573,432.72541286058919,51.924999999999997
E07000045,Teignbridge,2019,244.07941888084051,224.65652446653999,468.73594334738158,68.781999999999996
E07000046,Torridge,2019,135.4586922000002,128.2465273497057,263.70521954970559,36.414999999999999
E07000047,West Devon,2019,113.1753408558905,139.2684624,252.44380325589009,29.21
E07000061,Eastbourne,2019,159.00486254465699,180.68475501726039,339.68961756191652,52.749000000000002
E07000062,Hastings,2019,146.4096679529502,141.3607215317401,287.77038948468987,46.984999999999999
E07000063,Lewes,2019,176.79223779068391,145.271648529863,322.06388632054689,49.140999999999998
E07000064,Rother,2019,190.39322314908981,163.3191471302103,353.71237027930039,49.84
E07000065,Wealden,2019,316.38968403414788,213.51823607628091,529.90792011042913,76.137
E07000066,Basildon,2019,303.73214026066148,538.63005770547966,842.36219796614034,83.869
E07000067,Braintree,2019,271.05409538935419,264.56644917917811,535.62054456853184,70.236000000000004
E07000068,Brentwood,2019,143.6533145452058,137.42122205890411,281.07453660411022,36.268999999999998
E07000069,Castle Point,2019,154.86875605666319,84.515545799999941,239.3843018566634,39.807000000000002
E07000070,Chelmsford,2019,314.98228994614038,393.58419276520561,708.56648271134782,81.938999999999993
E07000071,Colchester,2019,310.06260899088261,358.00179380841701,668.06440279929882,87.873000000000005
E07000072,Epping Forest,2019,251.1870649437071,204.27350083268789,455.46056577639501,61.192999999999998
E07000073,Harlow,2019,129.18059995890391,230.37604873671231,359.55664869561599,41.008000000000003
E07000074,Maldon,2019,133.267026630137,131.26953920931501,264.53656583945218,30.844999999999999
E07000075,Rochford,2019,146.79115545652999,119.2088919999939,266.00004745652387,38.043999999999997
E07000076,Tendring,2019,263.7429229599519,227.13853643452049,490.88145939447122,75.266999999999996
E07000077,Uttlesford,2019,180.38341350067449,219.80087478356171,400.18428828423612,41.406999999999996
E07000078,Cheltenham,2019,193.24747288931599,309.16596486712331,502.41343775643878,60.631
E07000079,Cotswold,2019,222.55086340383491,204.09950763248619,426.6503710363217,50.698
E07000080,Forest of Dean,2019,168.55847735095961,246.93855427013699,415.4970316210962,41.734999999999999
E07000081,Gloucester,2019,196.78716444301239,343.24443087671227,540.03159531972449,60.915999999999997
E07000082,Stroud,2019,220.69409095247531,316.59095073260278,537.285041685078,58.585999999999999
E07000083,Tewkesbury,2019,159.13101412712351,307.1118434,466.24285752712359,45.26
E07000084,Basingstoke and Deane,2019,307.95758483716321,501.7900283471235,809.74761318428557,83.471999999999994
E07000085,East Hampshire,2019,237.5876419161649,201.9585029610958,439.5461448772603,59.046999999999997
E07000086,Eastleigh,2019,203.134350804109,317.87639474822532,521.01074555233447,61.451000000000001
E07000087,Fareham,2019,183.26470500931489,235.47321812520539,418.73792313452032,53.42
E07000088,Gosport,2019,129.647514334021,138.692513860274,268.34002819429452,39.722999999999999
E07000089,Hart,2019,169.7260737791774,256.50594174931518,426.23201552849258,43.384999999999998
E07000090,Havant,2019,199.52430875945259,193.10677613050871,392.63108488996062,59.287999999999997
E07000091,New Forest,2019,324.9383774632754,420.52287477056171,745.46125223383649,88.962999999999994
E07000092,Rushmoor,2019,140.06872332602799,226.1062118013698,366.17493512739821,42.923000000000002
E07000093,Test Valley,2019,236.2155162753447,315.74749401542113,551.96301029076665,61.363999999999997
E07000094,Winchester,2019,226.82824807397151,357.3180546172606,584.14630269123199,58.914000000000001
E07000095,Broxbourne,2019,160.83235218657509,206.0003715068494,366.83272369342501,43.9
E07000096,Dacorum,2019,254.34856685058961,394.03560607518523,648.38417292577515,69.858999999999995
E07000098,Hertsmere,2019,183.64083254904051,260.23513781506699,443.87597036410619,47.317999999999998
E07000099,North Hertfordshire,2019,225.78622154433469,279.80115185863008,505.587373402965,62.006
E07000102,Three Rivers,2019,165.2498625441099,168.32238253369869,333.57224507780847,40.322000000000003
E07000103,Watford,2019,145.04638681223079,305.96794032383559,451.01432713606681,43.427
E07000105,Ashford,2019,221.61652010849309,266.1838453003906,487.80036540888329,59.369
E07000106,Canterbury,2019,240.15549469028849,316.82595292465749,556.98144761494518,72.347999999999999
E07000107,Dartford,2019,165.09990301912919,242.59698396356171,407.69688698269027,50.665999999999997
E07000108,Dover,2019,181.38262462776851,201.62628642000001,383.00891104776792,56.982999999999997
E07000109,Gravesham,2019,155.4635518471913,287.71766830000013,443.18122014719148,45.848999999999997
E07000110,Maidstone,2019,281.75945995384478,357.45990696739761,639.21936692124177,77.840999999999994
E07000111,Sevenoaks,2019,236.63920054486289,193.82502161506849,430.46422215993141,55.104999999999997
E07000112,Folkestone and Hythe,2019,186.5576487916037,223.9129590996094,410.47060789121252,55.820999999999998
E07000113,Swale,2019,231.06207956040271,403.00471697616427,634.06679653656545,66.031000000000006
E07000114,Thanet,2019,227.2619496056777,255.4674297958905,482.72937940156788,72.210999999999999
E07000115,Tonbridge and Malling,2019,218.79320790189371,303.98296739999989,522.77617530189366,58.563000000000002
E07000116,Tunbridge Wells,2019,218.85954344520579,286.56908226904108,505.42862571424729,54.89
E07000117,Burnley,2019,130.29858980009709,210.62580170000001,340.9243915000967,43.728999999999999
E07000118,Chorley,2019,179.80733316493041,197.86120769999999,377.66854086493049,54.122999999999998
E07000119,Fylde,2019,145.46672357474409,215.31387609999999,360.78059967474451,42.052999999999997
E07000120,Hyndburn,2019,114.010345603288,171.32814959999999,285.33849520328789,39.043999999999997
E07000121,Lancaster,2019,219.47491293315031,311.55324730000012,531.02816023315108,68.352999999999994
E07000122,Pendle,2019,130.20868979808191,210.9986197542465,341.20730955232767,42.825000000000003
E07000123,Preston,2019,209.36496178630119,346.31182249997562,555.6767842862763,67.013000000000005
E07000124,Ribble Valley,2019,111.114621045479,320.607123,431.72174404547928,29.591999999999999
E07000125,Rossendale,2019,113.2745260712324,182.13929809999999,295.41382417123248,34.048999999999999
E07000126,South Ribble,2019,170.5600211969861,280.38947830000012,450.94949949698588,52.865000000000002
E07000127,West Lancashire,2019,184.5057070794027,374.49760872547938,559.00331580488182,52.594000000000001
E07000128,Wyre,2019,184.34623055698049,306.9816793,491.32790985698068,55.127000000000002
E07000129,Blaby,2019,154.30920932779389,237.0037894189042,391.31299874669799,45.307000000000002
E07000130,Charnwood,2019,260.37985446739759,430.03602087424639,690.41587534164216,80.649000000000001
E07000131,Harborough,2019,165.12433780548011,190.2223311805478,355.34666898602808,43.820999999999998
E07000132,Hinckley and Bosworth,2019,184.60765242438259,244.95735751788951,429.56500994227241,53.838999999999999
E07000133,Melton,2019,92.269909227671533,176.0812905522501,268.35119977992179,25.111000000000001
E07000134,North West Leicestershire,2019,173.07007487484259,407.73892274904108,580.80899762388435,48.610999999999997
E07000135,Oadby and Wigston,2019,80.205824636985909,97.65500515369861,177.86082979068451,24.808
E07000136,Boston,2019,114.4444934797751,198.182700521096,312.62719400087121,32.472000000000001
E07000137,East Lindsey,2019,278.3423510667335,396.46477902911988,674.8071300958527,74.497
E07000138,Lincoln,2019,135.59173466974659,259.70785639217149,395.29959106191751,47.338999999999999
E07000139,North Kesteven,2019,200.66204166614531,270.13485159890399,470.79689326505019,55.527000000000001
E07000140,South Holland,2019,169.70712492465699,338.97754208986299,508.68466701452081,44.625999999999998
E07000141,South Kesteven,2019,251.17157847681,363.55640243835632,614.72798091516631,68.891999999999996
E07000142,West Lindsey,2019,165.55274351195749,224.63870018493151,390.19144369688871,46.719000000000001
E07000143,Breckland,2019,265.47360388516091,321.56036342594888,587.03396731110786,66.849000000000004
E07000144,Broadland,2019,231.20571533890271,240.0324852282192,471.23820056712248,62.344999999999999
E07000145,Great Yarmouth,2019,173.53639108876561,182.96305559999999,356.4994466887656,49.595999999999997
E07000146,King's Lynn and West Norfolk,2019,330.83789618351148,533.73802449589073,864.57592067940175,79.281999999999996
E07000147,North Norfolk,2019,242.19031308983909,264.71050093945217,506.90081402929172,61.218000000000004
E07000148,Norwich,2019,199.88330051232799,355.28542951784641,555.16873003017349,72.927000000000007
E07000149,South Norfolk,2019,271.0206309325776,280.40566626328763,551.42629719586455,67.040999999999997
E07000170,Ashfield,2019,186.14589805150669,331.65032405041092,517.79622210191724,58.805999999999997
E07000171,Bassetlaw,2019,193.49357920172091,350.99737978630139,544.49095898802204,56.44
E07000172,Broxtowe,2019,169.0465970983565,154.2720139024658,323.31861100082182,52.869
E07000173,Gedling,2019,189.2001838126032,150.11254084849321,339.3127246610963,55.268000000000001
E07000174,Mansfield,2019,158.73719158420619,234.94310992383561,393.68030150804191,52.363999999999997
E07000175,Newark and Sherwood,2019,206.2373161194036,317.93476106876722,524.17207718817099,58.862000000000002
E07000176,Rushcliffe,2019,192.1103869610964,218.06809566301371,410.1784826241099,53.645000000000003
E07000177,Cherwell,2019,271.33728843041132,475.14948536849317,746.48677379890466,72.608000000000004
E07000178,Oxford,2019,202.86291543643929,595.84776971917847,798.71068515561819,64.239000000000004
E07000179,South Oxfordshire,2019,285.88614082794771,473.49570967863031,759.38185050657694,69.349000000000004
E07000180,Vale of White Horse,2019,242.91529020082291,476.16145668090343,719.0767468817271,64.682000000000002
E07000181,West Oxfordshire,2019,220.51379525584059,306.52883224684922,527.04262750269027,55.411000000000001
E07000192,Cannock Chase,2019,156.09651602233859,183.15694551506849,339.25346153740622,46.871000000000002
E07000193,East Staffordshire,2019,192.19064638373769,462.84131811021558,655.03196449395318,56.578000000000003
E07000194,Lichfield,2019,178.8484749622522,258.18135292027392,437.02982788252632,49.402999999999999
E07000195,Newcastle-under-Lyme,2019,187.24013342799441,274.47568967232871,461.71582310032312,58.713999999999999
E07000196,South Staffordshire,2019,180.13557959967619,288.70062697217139,468.83620657184758,49.945
E07000197,Stafford,2019,223.79135336921769,345.15704161890397,568.94839498812246,65.596000000000004
E07000198,Staffordshire Moorlands,2019,164.41876893469561,304.69290178438348,469.11167071907892,47.497
E07000199,Tamworth,2019,118.99923108219269,165.26782758027389,284.26705866246681,35.313000000000002
E07000200,Babergh,2019,180.91088290273879,205.24960606767129,386.16048897040997,44.5
E07000202,Ipswich,2019,210.6496222591791,247.69432102849339,458.34394328767172,65.334999999999994
E07000203,Mid Suffolk,2019,208.02113940739741,263.55104576657538,471.57218517397212,48.615000000000002
E07000207,Elmbridge,2019,278.46759253805862,250.55611146317099,529.02370400122925,62.393000000000001
E07000208,Epsom and Ewell,2019,129.09562272547919,91.350360510958893,220.44598323643791,34.356999999999999
E07000209,Guildford,2019,249.80428566000009,336.25717923557579,586.06146489557625,63.063000000000002
E07000210,Mole Valley,2019,172.87937285199459,249.2337031095891,422.11307596158412,41.100999999999999
E07000211,Reigate and Banstead,2019,254.99544956258151,351.19222359075269,606.18767315333264,65.992999999999995
E07000212,Runnymede,2019,153.6561084270985,250.92173450136991,404.57784292846799,38.548000000000002
E07000213,Spelthorne,2019,167.2621452633839,203.01026099753429,370.27240626091827,45.933
E07000214,Surrey Heath,2019,158.34320550141871,209.16157272356159,367.50477822498038,39.53
E07000215,Tandridge,2019,170.75140566233731,133.54262053342461,304.29402619576138,39.984000000000002
E07000216,Waverley,2019,247.70244779780779,179.21631481634051,426.91876261414939,58.957000000000001
E07000217,Woking,2019,180.05522996246651,418.24476510465757,598.29999506712386,45.774000000000001
E07000218,North Warwickshire,2019,111.6029508010954,418.08882248219169,529.69177328328703,30.821000000000002
E07000219,Nuneaton and Bedworth,2019,198.56577144354361,213.36742427671251,411.93319572025558,61.064999999999998
E07000220,Rugby,2019,178.17917543233011,463.28768388794498,641.46685932027526,51.154000000000003
E07000221,Stratford-on-Avon,2019,275.51859650657548,379.94964882136998,655.46824532794608,66.39
E07000222,Warwick,2019,246.77099085945159,368.62068120319822,615.3916720626496,70.186999999999998
E07000223,Adur,2019,102.994743264031,120.4276615287672,223.42240479279769,30.465
E07000224,Arun,2019,278.39695210246578,209.58752935589041,487.98448145835749,80.722999999999999
E07000225,Chichester,2019,263.53360369561801,312.13481480928658,575.66841850490334,64.977000000000004
E07000226,Crawley,2019,158.80659115068389,490.98394709863021,649.79053824931418,48.77
E07000227,Horsham,2019,278.34848749685449,254.3847831169752,532.73327061382986,69.043999999999997
E07000228,Mid Sussex,2019,266.02926545991579,246.6121055704111,512.64137103032476,70.093999999999994
E07000229,Worthing,2019,180.33329460435931,171.83392609999979,352.16722070435981,54.731999999999999
E07000234,Bromsgrove,2019,168.12012766684921,155.63702829945211,323.75715596630118,45.234999999999999
E07000235,Malvern Hills,2019,154.34532436246559,146.22357904794521,300.56890341040992,39.128999999999998
E07000236,Redditch,2019,128.50825738876611,209.3043339128767,337.81259130164261,39.369
E07000237,Worcester,2019,156.13749379178111,245.6092004328768,401.7466942246574,49.225000000000001
E07000238,Wychavon,2019,239.61744802415899,407.70200880266088,647.3194568268201,62.6
E07000239,Wyre Forest,2019,169.07758737479509,212.31745616657531,381.39504354137063,48.661999999999999
E07000240,St Albans,2019,247.77614426923969,221.72510853041101,469.50125279965101,65.363
E07000241,Welwyn Hatfield,2019,182.55267591808229,505.83315980021138,688.38583571829429,51.137
E07000242,East Hertfordshire,2019,280.90988507643863,279.16274013992131,560.07262521636096,69.009
E07000243,Stevenage,2019,125.4631638180817,235.61525771780811,361.07842153588962,39.521999999999998
E07000244,East Suffolk,2019,465.17382723696193,602.40114021160446,1067.5749674485669,127.51
E07000245,West Suffolk,2019,317.67158172876748,568.61929743671226,886.29087916548019,85.587999999999994
E08000001,Bolton,2019,418.28361777899352,513.70259160078172,931.98620937977068,131.76900000000001
E08000002,Bury,2019,286.65204216538137,335.40784076763072,622.05988293301129,88.825000000000003
E08000003,Manchester,2019,787.05121945773351,1771.682633500101,2558.7338529578251,244.05600000000001
E08000004,Oldham,2019,313.52614034981599,425.9789610000002,739.50510134981653,102.089
E08000005,Rochdale,2019,311.35461278503141,477.16968609999998,788.52429888503161,99.569000000000003
E08000006,Salford,2019,423.54416039396051,572.78018460234364,996.32434499630665,129.94399999999999
E08000007,Stockport,2019,459.1427691747989,537.55390780004859,996.69667697484658,138.69999999999999
E08000008,Tameside,2019,328.8196157211346,405.77840729999991,734.59802302113519,108.31100000000001
E08000009,Trafford,2019,365.45527836874271,985.76135929990232,1351.2166376686459,107.145
E08000010,Wigan,2019,472.88933661944782,626.94680293060105,1099.836139550051,153.495
E08000011,Knowsley,2019,211.79039049892771,457.8872350367123,669.67762553564046,70.338999999999999
E08000012,Liverpool,2019,676.37976301643096,1167.3289655753431,1843.7087285917751,231.798
E08000013,St. Helens,2019,258.63538874720052,462.30870818219188,720.94409692939382,87.105999999999995
E08000014,Sefton,2019,415.40589009489258,404.26503213671322,819.67092223160728,133.964
E08000015,Wirral,2019,486.63492390463631,497.35614969917799,983.99107360381663,156.559
E08000017,Doncaster,2019,441.77543548182172,809.9190587471229,1251.6944942289449,145.00700000000001
E08000018,Rotherham,2019,369.76993020228929,626.95945068273966,996.72938088502781,124.009
E08000021,Newcastle upon Tyne,2019,394.70065568844092,758.77686720018403,1153.477522888626,137.88399999999999
E08000022,North Tyneside,2019,289.69025922904018,467.9875946996471,757.67785392868711,105.07899999999999
E08000023,South Tyneside,2019,199.85805010675051,203.35437187064429,403.21242197739451,75.236999999999995
E08000024,Sunderland,2019,377.47188695768551,795.37939669315097,1172.851283650836,136.25700000000001
E08000025,Birmingham,2019,1534.8579482672251,2566.5276705256301,4101.3856187928332,468.39100000000002
E08000026,Coventry,2019,470.2562739169864,800.9630133128768,1271.219287229861,149.547
E08000027,Dudley,2019,474.56278860485821,546.40073578931504,1020.963524394174,146.95599999999999
E08000028,Sandwell,2019,442.15615569864309,832.99243015949264,1275.148585858137,141.994
E08000029,Solihull,2019,351.46183168543138,637.02840008493126,988.49023177036088,98.397000000000006
E08000030,Walsall,2019,409.64947640876511,523.20855299914001,932.85802940790518,123.896
E08000031,Wolverhampton,2019,383.10206837590152,551.49725073698642,934.59931911288845,116.999
E08000032,Bradford,2019,726.82790022910683,1030.841362518742,1757.669262747844,229.38
E08000033,Calderdale,2019,328.079534206174,465.31014769068491,793.38968189685818,101.81
E08000034,Kirklees,2019,614.92386803878992,820.29862560391416,1435.2224936427051,197.19300000000001
E08000035,Leeds,2019,1186.1767889830139,2073.0117205422889,3259.188509525306,374.65499999999997
E08000036,Wakefield,2019,497.60887868368349,1146.8250304794519,1644.4339091631341,167.72900000000001
E08000037,Gateshead,2019,276.82090879346072,534.25406161506851,811.07497040852809,99.450999999999993
E08000038,Barnsley,2019,349.74196690376579,568.78793717342467,918.52990407719005,117.48699999999999
E08000039,Sheffield,2019,759.76619789260474,1376.8745029088859,2136.6407008014921,257.91399999999999
E09000001,City of London,2019,27.61262491561645,2029.383092399999,2056.9957173156158,13.356999999999999
E09000002,Barking and Dagenham,2019,251.918608398353,349.35278675565701,601.27139515401041,80.760000000000005
E09000003,Barnet,2019,612.69559938397276,491.26304151174782,1103.958640895723,164.04300000000001
E09000004,Bexley,2019,361.60233379013528,417.85597070301361,779.45830449315008,104.949
E09000005,Brent,2019,416.75521319235042,764.27211645790601,1181.027329650261,133.25299999999999
E09000006,Bromley,2019,533.80026956438405,399.48405514821962,933.28432471260044,151.06200000000001
E09000007,Camden,2019,337.89589233925312,1308.2033198082181,1646.0992121474681,128.084
E09000008,Croydon,2019,567.40883588661836,669.5562557607808,1236.965091647399,168.95099999999999
E09000009,Ealing,2019,465.81084889987261,892.8030611353422,1358.613910035215,147.989
E09000010,Enfield,2019,473.05555607986997,526.97455309397219,1000.030109173846,133.86099999999999
E09000011,Greenwich,2019,369.48232591870681,452.66236079452068,822.14468671322811,125.837
E09000012,Hackney,2019,339.01382395065872,576.25229356923353,915.26611751989378,125.626
E09000013,Hammersmith and Fulham,2019,281.38991947507031,672.6204329589043,954.01035243397621,100.307
E09000014,Haringey,2019,348.40735526739888,435.24299400438338,783.65034927177987,117.139
E09000015,Harrow,2019,343.81167903800491,207.62973271808201,551.44141175608752,97.885999999999996
E09000016,Havering,2019,389.35234636219218,377.88850446958872,767.24085083177908,111.244
E09000017,Hillingdon,2019,421.0857876621148,1144.772503832055,1565.8582914941701,120.797
E09000018,Hounslow,2019,378.13599762026848,886.94847793726012,1265.0844755575311,111.815
E09000019,Islington,2019,306.59658075282402,744.58009568739703,1051.1766764402259,121.06100000000001
E09000020,Kensington and Chelsea,2019,353.59503610137142,925.83285248899188,1279.427888590362,104.53700000000001
E09000021,Kingston upon Thames,2019,257.22184654172048,329.52309691596912,586.74494345768971,73.456999999999994
E09000022,Lambeth,2019,426.59476358503161,606.47901402557704,1033.073777610605,157.911
E09000023,Lewisham,2019,401.09358392012132,286.27532390274013,687.3689078228565,138.70099999999999
E09000024,Merton,2019,306.12011242547902,500.0528411268495,806.17295355232659,91.703000000000003
E09000025,Newham,2019,374.48251851819191,996.63476445479455,1371.1172829729869,127.223
E09000026,Redbridge,2019,385.10367321174022,253.06682379545919,638.17049700719997,111.169
E09000027,Richmond upon Thames,2019,333.16100889478793,302.68632193819599,635.84733083298556,92.769000000000005
E09000028,Southwark,2019,440.99966207018099,1030.347737200537,1471.34739927072,154.958
E09000029,Sutton,2019,314.72379540256378,347.11053872256701,661.83433412513182,89.966999999999999
E09000030,Tower Hamlets,2019,422.92048243327281,2257.216768834794,2680.1372512680719,147.02199999999999
E09000031,Waltham Forest,2019,336.03531798547789,320.11622472602733,656.15154271150436,111.73399999999999
E09000032,Wandsworth,2019,491.40531857243008,496.28643437177988,987.69175294421086,162.74600000000001
E09000033,Westminster,2019,480.14952103661352,3060.9729347736588,3541.1224558102581,160.517
S12000005,Clackmannanshire,2019,83.088444829040583,215.4064354390411,298.49488026808177,26.576000000000001
S12000006,Dumfries and Galloway,2019,308.04628409041351,513.56500280405453,821.61128689447207,87.86
S12000008,East Ayrshire,2019,183.64870431833771,233.6579775385012,417.30668185683811,61.793999999999997
S12000010,East Lothian,2019,186.3196021915069,282.48516108919841,468.80476328070529,54.841000000000001
S12000011,East Renfrewshire,2019,149.37798037086151,74.373343751232866,223.75132412209479,42.066000000000003
S12000013,Na h-Eileanan Siar,2019,85.708753100000052,68.077320199999988,153.7860733,19.779
S12000014,Falkirk,2019,262.74062905121832,404.619210950411,667.35984000162966,82.674000000000007
S12000017,Highland,2019,636.96391930000163,842.68819926969218,1479.6521185696979,154.47300000000001
S12000018,Inverclyde,2019,125.9924874436915,168.18666209867081,294.17914954236238,42.261000000000003
S12000019,Midlothian,2019,138.50203754557731,202.23315730941269,340.73519485498969,43.996000000000002
S12000020,Moray,2019,178.90527580000079,296.41183340000009,475.3171092000004,51.722999999999999
S12000021,North Ayrshire,2019,233.8752810033379,437.57890540687379,671.45418641021104,75.716999999999999
S12000023,Orkney Islands,2019,80.391520799999725,60.122672099999988,140.5141929000001,16.440000000000001
S12000026,Scottish Borders,2019,238.90582578121729,288.00402309780839,526.90984887902539,69.406000000000006
S12000027,Shetland Islands,2019,95.393791399999998,87.225038200000029,182.6188295999998,18.684999999999999
S12000028,South Ayrshire,2019,192.76289024154491,268.15795545671239,460.92084569825732,61.781999999999996
S12000029,South Lanarkshire,2019,556.70502540468328,558.89031042427234,1115.595335828956,166.13
S12000030,Stirling,2019,172.07245276959,274.05637907017888,446.12883183976879,48.033999999999999
S12000033,Aberdeen City,2019,372.45360249992478,700.38829175835599,1072.84189425828,132.012
S12000034,Aberdeenshire,2019,535.4916524996305,659.45587421252378,1194.9475267121591,137.13900000000001
S12000035,Argyll and Bute,2019,261.96334707113579,243.5985674981446,505.56191456927968,63.82
S12000036,City of Edinburgh,2019,826.92035429298937,1445.8725126603749,2272.7928669533612,281.66800000000001
S12000038,Renfrewshire,2019,277.08700754159509,471.29951897868682,748.3865265202819,95.11
S12000039,West Dunbartonshire,2019,134.69009639688861,206.5868440956165,341.27694049250562,48.552
S12000040,West Lothian,2019,276.18837308391619,501.96785123095913,778.15622431487668,87.058000000000007
S12000041,Angus,2019,227.58875462595941,289.39066902784748,516.97942365380675,65.474999999999994
S12000042,Dundee City,2019,264.61794083474518,348.18646179890402,612.80440263364983,85.286000000000001
S12000045,East Dunbartonshire,2019,170.08701599945249,156.5619876816464,326.64900368109949,50.597999999999999
S12000047,Fife,2019,596.65555343770882,879.80836856995973,1476.463922007664,194.31
S12000048,Perth and Kinross,2019,331.55273160004958,379.17498230949212,710.72771390954119,87.820999999999998
S12000049,Glasgow City,2019,923.82828673261088,1780.8221916233319,2704.650478355949,340.95299999999997
S12000050,North Lanarkshire,2019,516.966629979858,785.43903060136938,1302.405660581225,167.04900000000001
W06000001,Isle of Anglesey / Ynys Môn,2019,145.2431313241097,147.78344039882819,293.02657172293777,38.277000000000001
W06000002,Gwynedd / Gwynedd,2019,244.11350343206169,287.8936741390994,532.00717757116047,68.347999999999999
W06000003,Conwy / Conwy,2019,193.92222082991381,199.1797729345721,393.10199376448509,62.109000000000002
W06000004,Denbighshire / Sir Ddinbych,2019,162.5200733625326,194.98933018767411,357.50940355020691,47.930999999999997
W06000005,Flintshire / Sir y Fflint,2019,240.6935874611948,830.15333001671229,1070.8469174779059,72.950999999999993
W06000006,Wrexham / Wrecsam,2019,207.22136324082291,669.06018159260248,876.28154483342587,63.691000000000003
W06000008,Ceredigion / Ceredigion,2019,151.74723346841481,183.9025136561645,335.64974712457928,38.773000000000003
W06000009,Pembrokeshire / Sir Benfro,2019,224.6671742306857,887.78959244732948,1112.456766678014,68.938000000000002
W06000010,Carmarthenshire / Sir Gaerfyrddin,2019,306.62406567397238,540.92879146121231,847.55285713518481,94.436000000000007
W06000011,Swansea / Abertawe,2019,350.35922107890531,538.12327062630141,888.48249170520592,119.22199999999999
W06000012,Neath Port Talbot / Castell-nedd Port Talbot,2019,205.8754316536992,997.66593563561639,1203.5413672893151,69.304000000000002
W06000013,Bridgend / Pen-y-bont ar Ogwr,2019,204.5301334912329,376.66327195698642,581.19340544821819,68.584999999999994
W06000014,Vale of Glamorgan / Bro Morgannwg,2019,201.79123780684941,363.01457254853392,564.80581035538353,62.924999999999997
W06000015,Cardiff / Caerdydd,2019,500.06614652673329,1018.278297206966,1518.344443733698,166.14400000000001
W06000016,Rhondda Cynon Taf / Rhondda Cynon Taf,2019,332.22381964766618,403.47925602383549,735.70307567150257,115.081
W06000018,Caerphilly / Caerffili,2019,249.94495269469499,376.48976456137001,626.43471725606571,83.328999999999994
W06000019,Blaenau Gwent / Blaenau Gwent,2019,96.29744052712303,148.5242314213699,244.82167194849299,34.152999999999999
W06000020,Torfaen / Torfaen,2019,128.9789092800294,267.55992521342461,396.53883449345392,44.151000000000003
W06000021,Monmouthshire / Sir Fynwy,2019,160.6744986854797,236.8547904391782,397.52928912465728,46.478999999999999
W06000022,Newport / Casnewydd,2019,221.72524462630221,642.82511729863029,864.55036192493276,72.754999999999995
W06000023,Powys / Powys,2019,253.5314095578097,318.7745918364385,572.30600139424791,72.478999999999999
W06000024,Merthyr Tydfil / Merthyr Tudful,2019,82.081346258953374,120.7172779556164,202.79862421457,28.306000000000001
E06000001,Hartlepool,2020,136.28026256846431,290.19736779908197,426.47763036754662,46.304000000000002
E06000002,Middlesbrough,2020,194.64005488249879,227.03711333144511,421.67716821394509,66.796999999999997
E06000003,Redcar and Cleveland,2020,204.12522678207969,555.3029570040984,759.42818378617767,68.509
E06000004,Stockton-on-Tees,2020,286.97526199495462,909.25052012118056,1196.225782116135,93.048000000000002
E06000005,Darlington,2020,173.37596699423119,244.01541424999999,417.39138124423118,55.012
E06000006,Halton,2020,192.27267617494351,425.41333721390021,617.68601338884412,60.448
E06000007,Warrington,2020,328.11917993972207,527.45489702295072,855.57407696267535,98.587000000000003
E06000008,Blackburn with Darwen,2020,212.76233565029511,336.02514927725008,548.78748492754312,65.546999999999997
E06000009,Blackpool,2020,238.2531414968054,234.1411360108751,472.39427750768112,73.016999999999996
E06000010,"Kingston upon Hull, City of",2020,377.20659613179708,653.1012276057379,1030.307823737535,129.036
E06000011,East Riding of Yorkshire,2020,601.2995003722898,923.24333963937704,1524.542840011665,171.203
E06000012,North East Lincolnshire,2020,247.14634496859011,546.98381824754097,794.13016321613122,77.435000000000002
E06000013,North Lincolnshire,2020,267.2437436021155,866.45771860546438,1133.701462207581,80.834000000000003
E06000014,York,2020,321.8762432659974,364.58986604569418,686.46610931169369,97.742000000000004
E06000015,Derby,2020,383.40823565481838,540.41069157495679,923.81892722977489,117.976
E06000016,Leicester,2020,465.86109059464781,762.77279263629953,1228.633883230948,146.30699999999999
E06000017,Rutland,2020,78.913441368092933,244.55679570000001,323.47023706809279,19.3
E06000018,Nottingham,2020,453.73752140454849,651.12717458251336,1104.8646959870621,142.74199999999999
E06000019,"Herefordshire, County of",2020,375.67749031883028,546.53975046530036,922.21724078413183,95.144000000000005
E06000020,Telford and Wrekin,2020,270.33683967178081,523.03296855245901,793.3698082242405,83.13
E06000021,Stoke-on-Trent,2020,371.12754779320119,494.21062207431697,865.33816986751606,122.038
E06000022,Bath and North East Somerset,2020,335.34611904117043,281.36056832306792,616.70668736423909,93.061999999999998
E06000023,"Bristol, City of",2020,707.2277825304825,964.00705825819693,1671.2348407886809,219.369
E06000024,North Somerset,2020,373.18739160880079,351.28864639970521,724.47603800850845,104.958
E06000025,South Gloucestershire,2020,469.39249814853429,648.69407467755207,1118.0865728260869,129.75399999999999
E06000026,Plymouth,2020,396.25501870615341,443.27287263372199,839.52789133987505,128.102
E06000027,Torbay,2020,240.6695171035833,176.21285018222949,416.88236728581342,71.662000000000006
E06000030,Swindon,2020,359.97048376586588,583.77988690193456,943.75037066779998,104.7
E06000031,Peterborough,2020,305.96878896012998,553.25312798142079,859.22191694155185,92.876000000000005
E06000032,Luton,2020,287.68952182819999,349.00275034344247,636.69227217164337,84.628
E06000033,Southend-on-Sea,2020,310.37776385123658,244.0718329318743,554.44959678311159,87.218999999999994
E06000034,Thurrock,2020,288.48196115142639,601.0257403448087,889.50770149623406,73.543000000000006
E06000035,Medway,2020,430.08004196012041,364.59572928392851,794.67577124405261,123.09
E06000036,Bracknell Forest,2020,212.95487423386899,269.59321158934438,482.5480858232138,54.387
E06000037,West Berkshire,2020,334.04495058955843,493.73878940545347,827.78373999501116,75.218999999999994
E06000038,Reading,2020,268.35029600729939,414.99676616065562,683.3470621679561,77.052000000000007
E06000039,Slough,2020,205.68082804442159,1189.8774329721309,1395.5582610165529,59.137999999999998
E06000040,Windsor and Maidenhead,2020,299.27291618251462,345.87992237459002,645.15283855710356,70.263999999999996
E06000041,Wokingham,2020,305.29129702989542,318.07200460000001,623.36330162989486,75.245999999999995
E06000042,Milton Keynes,2020,431.64536621949208,826.55642900265411,1258.2017952221461,123.075
E06000043,Brighton and Hove,2020,443.4373380774594,385.54397345678711,828.98131153424538,141.31800000000001
E06000044,Portsmouth,2020,309.57093336313949,465.49695554106148,775.0678889042033,97.206000000000003
E06000045,Southampton,2020,400.29411422682091,423.48532433715849,823.77943856397758,116.795
E06000046,Isle of Wight,2020,273.18847382871968,231.88588859960939,505.07436242832978,78.960999999999999
E06000047,County Durham,2020,783.64327937833218,991.76410610508958,1775.4073854834289,260.24099999999999
E06000049,Cheshire East,2020,725.35645505107038,899.35811194729001,1624.7145669983661,192.55799999999999
E06000050,Cheshire West and Chester,2020,597.20352389279651,1389.2344500989409,1986.437973991731,169.226
E06000051,Shropshire,2020,607.26970623269744,730.3136459465419,1337.583352179237,159.84200000000001
E06000052,Cornwall,2020,1316.8122654748131,1140.8600351845939,2457.6723006594339,310.83
E06000053,Isles of Scilly,2020,8.104010599999997,8.3286259999999981,16.432636599999999,1.641
E06000054,Wiltshire,2020,1016.306792935451,1101.123920040518,2117.4307129759718,245.648
E06000055,Bedford,2020,304.78143566200299,394.20336234863402,698.98479801063911,82.341999999999999
E06000056,Central Bedfordshire,2020,503.67862078290489,503.63360217398917,1007.312222956895,132.01300000000001
E06000057,Northumberland,2020,567.57736544393504,849.30019604420215,1416.877561488139,171.19499999999999
E06000058,"Bournemouth, Christchurch and Poole",2020,677.4199387452561,689.02795326939849,1366.4478920146589,200.005
E06000059,Dorset,2020,747.1938922877041,780.9534560976208,1528.147348385334,201.49199999999999
E06000060,Buckinghamshire,2020,1054.7744355624659,892.83444126623135,1947.608876828707,245.88
E06000061,North Northamptonshire,2020,583.91517735642367,921.16278682322422,1505.0779641796521,163.37200000000001
E06000062,West Northamptonshire,2020,729.73935650660962,954.01809481659041,1683.7574513231959,189.44800000000001
E06000063,Cumberland,2020,497.36765692010692,685.61394544281791,1182.9816023629239,145.21100000000001
E06000064,Westmorland and Furness,2020,468.90262425659591,799.93628624426549,1268.8389105008609,127.629
E06000065,North Yorkshire,2020,1194.3888537280211,1786.9638452783861,2981.352699006412,325.88900000000001
E06000066,Somerset,2020,1096.409592091386,1251.7423825789369,2348.1519746703389,287.21699999999998
E07000008,Cambridge,2020,188.96583020655689,492.41743273415301,681.38326294070964,60.646000000000001
E07000009,East Cambridgeshire,2020,171.91279468244809,218.45077025218581,390.3635649346337,41.701000000000001
E07000010,Fenland,2020,192.462123013275,308.28286577267761,500.74498878595313,49.18
E07000011,Huntingdonshire,2020,324.91072327381272,467.4117899448504,792.3225132186642,85.087999999999994
E07000012,South Cambridgeshire,2020,315.89598408523119,479.98274153642637,795.87872562165762,74.155000000000001
E07000032,Amber Valley,2020,221.81953816966791,303.41147768122948,525.23101585089717,62.052999999999997
E07000033,Bolsover,2020,126.67365842761311,233.06382950491809,359.73748793253083,38.682000000000002
E07000034,Chesterfield,2020,160.2203616969243,209.91639430400551,370.13675600092978,53.176000000000002
E07000035,Derbyshire Dales,2020,149.06685443930689,239.02723024245199,388.09408468176002,39.137
E07000036,Erewash,2020,186.54890043083699,195.23736723715851,381.78626766799562,55.39
E07000037,High Peak,2020,161.10110983554199,543.39448138099999,704.49559121654124,45.780999999999999
E07000038,North East Derbyshire,2020,167.3990043711182,221.68255266104629,389.08155703216499,49.180999999999997
E07000039,South Derbyshire,2020,182.24381430363471,317.84377847049183,500.08759277412679,49.237000000000002
E07000040,East Devon,2020,285.16369171623347,209.01558000817019,494.17927172440289,78.328999999999994
E07000041,Exeter,2020,183.9799964102871,327.34893859921868,511.3289350095057,60.11
E07000042,Mid Devon,2020,164.06895511579131,179.46144510078119,343.53040021657279,40.628
E07000043,North Devon,2020,193.90027057413539,230.3861619036692,424.28643247780468,52.631999999999998
E07000044,South Hams,2020,214.30111211828589,209.9195381080248,424.22065022631,52.468000000000004
E07000045,Teignbridge,2020,257.46658294990817,192.82082668157631,450.28740963148613,69.260000000000005
E07000046,Torridge,2020,142.5253907878847,118.3140830021283,260.83947379001262,36.598999999999997
E07000047,West Devon,2020,119.2928212969999,130.01326180000001,249.30608309700011,29.46
E07000061,Eastbourne,2020,167.2416707555968,158.65969491775951,325.90136567335679,52.887
E07000062,Hastings,2020,153.5107946205199,121.6192361622951,275.13003078281503,47.061
E07000063,Lewes,2020,188.00956373285831,135.38111055245901,323.39067428531717,49.514000000000003
E07000064,Rother,2020,202.74289697475879,144.61415740253909,347.35705437729843,50.067
E07000065,Wealden,2020,336.74530672807128,191.0290849954728,527.77439172354366,76.914000000000001
E07000066,Basildon,2020,321.45282177778802,478.0785173084808,799.53133908626785,84.037999999999997
E07000067,Braintree,2020,290.27515770251489,235.03247394426231,525.3076316467766,71.11
E07000068,Brentwood,2020,154.57225726186891,119.4003947762295,273.97265203809832,36.439
E07000069,Castle Point,2020,164.1182097662942,72.395447318852476,236.51365708514641,39.911999999999999
E07000070,Chelmsford,2020,338.24166590555348,345.52018554426252,683.76185144981548,82.643000000000001
E07000071,Colchester,2020,330.65301332386821,317.94634165516419,648.59935497903223,88.450999999999993
E07000072,Epping Forest,2020,265.47767078963119,180.9661135514836,446.44378434111508,61.412999999999997
E07000073,Harlow,2020,135.87382680546409,213.05394936803279,348.92777617349691,41.661999999999999
E07000074,Maldon,2020,143.77829926799981,119.0873128745902,262.86561214258978,31.213000000000001
E07000075,Rochford,2020,155.54907635306171,109.91945245219669,265.46852880525842,38.375999999999998
E07000076,Tendring,2020,281.2755440555535,202.33068038189069,483.60622443744438,75.956000000000003
E07000077,Uttlesford,2020,194.30803317840011,187.84280540628421,382.15083858468398,41.756999999999998
E07000078,Cheltenham,2020,203.34651705827571,268.86744016010908,472.21395721838508,60.726999999999997
E07000079,Cotswold,2020,232.99629501815329,178.55155682583899,411.54785184399208,51.142000000000003
E07000080,Forest of Dean,2020,176.8904227450488,213.5726775195246,390.46310026457371,42.021000000000001
E07000081,Gloucester,2020,206.61329490007611,310.89832150319671,517.51161640327291,61.487000000000002
E07000082,Stroud,2020,234.92710766168389,275.44417006448089,510.37127772616458,59.234999999999999
E07000083,Tewkesbury,2020,169.8616904018904,282.36894694972688,452.23063735161782,45.731000000000002
E07000084,Basingstoke and Deane,2020,329.70299400479212,451.94669901256822,781.64969301735982,84.594999999999999
E07000085,East Hampshire,2020,252.68612536509019,179.8417449822405,432.52787034733092,59.561999999999998
E07000086,Eastleigh,2020,217.59139470245759,271.16476327486339,488.75615797732058,62.246000000000002
E07000087,Fareham,2020,193.28590817275449,208.7617733491802,402.04768152193492,53.466999999999999
E07000088,Gosport,2020,136.6216645359047,118.9783995103825,255.60006404628771,39.862000000000002
E07000089,Hart,2020,182.00178845556431,253.48225869918031,435.48404715474521,43.98
E07000090,Havant,2020,210.29266219307431,165.00443511978071,375.2970973128555,59.595999999999997
E07000091,New Forest,2020,342.815326181334,384.03833652008689,726.85366270142072,89.287000000000006
E07000092,Rushmoor,2020,148.73783694832289,205.49954319999989,354.2373801483231,43.116999999999997
E07000093,Test Valley,2020,251.038629750696,285.4943786943021,536.5330084449987,62.155999999999999
E07000094,Winchester,2020,244.41995308696619,311.4185789961748,555.8385320831386,59.814999999999998
E07000095,Broxbourne,2020,168.57406444444291,201.08671206338809,369.66077650783058,43.999000000000002
E07000096,Dacorum,2020,271.74605068263071,380.50808908278691,652.25413976541665,70.453000000000003
E07000098,Hertsmere,2020,195.1085528673604,231.0297267112021,426.13827957856358,47.759
E07000099,North Hertfordshire,2020,241.65226071619671,238.2739928076503,479.92625352384613,62.430999999999997
E07000102,Three Rivers,2020,173.1713708627984,150.58023580245899,323.75160666525733,40.305999999999997
E07000103,Watford,2020,153.40803634094939,265.4139028153005,418.82193915625021,43.722000000000001
E07000105,Ashford,2020,237.47698753083949,238.65278051377871,476.12976804461721,60.238999999999997
E07000106,Canterbury,2020,254.81176648222581,272.30038407267779,527.11215055490277,72.692999999999998
E07000107,Dartford,2020,176.51029780520301,211.44440630163939,387.95470410684158,51.304000000000002
E07000108,Dover,2020,192.8342702293975,184.66415682677589,377.49842705617408,57.558
E07000109,Gravesham,2020,166.36542325259421,269.49702300000013,435.86244625259349,46.222000000000001
E07000110,Maidstone,2020,303.32032370306621,316.72227660109269,620.04260030415958,79.295000000000002
E07000111,Sevenoaks,2020,253.2363810571259,170.8128358989072,424.04921695603372,55.334000000000003
E07000112,Folkestone and Hythe,2020,197.71625935061829,207.03093519960939,404.74719455022762,56.210999999999999
E07000113,Swale,2020,245.39315533642571,370.03805548442631,615.43121082085202,66.855999999999995
E07000114,Thanet,2020,240.50567552138421,227.41837770956289,467.92405323094749,72.712999999999994
E07000115,Tonbridge and Malling,2020,232.84351893947769,272.46407326092901,505.30759220040591,58.936999999999998
E07000116,Tunbridge Wells,2020,234.34585795878201,252.7989961125684,487.14485407134958,55.533000000000001
E07000117,Burnley,2020,136.88707894780259,186.05527900000001,322.9423579478028,43.975999999999999
E07000118,Chorley,2020,192.64413621900599,177.73657853099991,370.38071475000652,54.515000000000001
E07000119,Fylde,2020,157.19217255740449,184.16738360000011,341.35955615740448,42.478000000000002
E07000120,Hyndburn,2020,120.5924670507536,158.5300992,279.12256625075378,39.186999999999998
E07000121,Lancaster,2020,231.7783133537985,266.61447720000001,498.39279055379922,68.603999999999999
E07000122,Pendle,2020,136.67631935836059,179.59058390000001,316.26690325836063,43.142000000000003
E07000123,Preston,2020,223.60964046064109,326.75893346910681,550.36857392974707,67.771000000000001
E07000124,Ribble Valley,2020,119.9133409532736,306.77182770000002,426.68516865327382,30.088000000000001
E07000125,Rossendale,2020,119.35671420743191,177.61509229999999,296.97180650743212,34.128
E07000126,South Ribble,2020,181.24777645279289,250.21745382449731,431.46523027728949,53.223999999999997
E07000127,West Lancashire,2020,194.46506458786899,359.08750169863401,553.55256628650261,53.113
E07000128,Wyre,2020,195.72680521254549,277.16789779999999,472.89470301254568,55.664999999999999
E07000129,Blaby,2020,165.2049494075618,211.88531207786869,377.09026148543131,45.636000000000003
E07000130,Charnwood,2020,279.6569400050218,375.93429656157389,655.59123656659494,81.328000000000003
E07000131,Harborough,2020,179.93978593842431,168.8442522,348.78403813842419,44.930999999999997
E07000132,Hinckley and Bosworth,2020,197.73795515938809,218.286907388831,416.02486254821991,54.177
E07000133,Melton,2020,98.488292909497659,162.4343594001954,260.92265230969292,25.356000000000002
E07000134,North West Leicestershire,2020,186.7403795488199,374.74665018228399,561.48702973110414,49.273000000000003
E07000135,Oadby and Wigston,2020,86.365139212602671,81.547786749999958,167.9129259626026,24.960999999999999
E07000136,Boston,2020,120.7057011418738,182.2264007,302.93210184187433,32.81
E07000137,East Lindsey,2020,293.9449697158139,339.43133134808772,633.3763010638985,74.933000000000007
E07000138,Lincoln,2020,140.97947370337761,223.76108261970199,364.74055632307909,47.485999999999997
E07000139,North Kesteven,2020,213.77105389733799,256.89153163087423,470.66258552821159,56.07
E07000140,South Holland,2020,181.28704616674381,323.02848492550282,504.31553109224723,45.206000000000003
E07000141,South Kesteven,2020,268.49495351915039,307.26035410683062,575.75530762598225,69.391999999999996
E07000142,West Lindsey,2020,174.59838573133899,208.0970958603825,382.69548159172149,47.189
E07000143,Breckland,2020,281.26020898603218,294.38840423680182,575.6486132228348,67.361000000000004
E07000144,Broadland,2020,246.3445926004799,212.52651035792911,458.87110295840881,62.948999999999998
E07000145,Great Yarmouth,2020,182.8833939422891,152.54134581639349,335.42473975868143,50.125
E07000146,King's Lynn and West Norfolk,2020,349.52269539527953,391.89904405230618,741.42173944758724,79.679000000000002
E07000147,North Norfolk,2020,254.7566480231676,242.70386847896179,497.46051650212888,61.561
E07000148,Norwich,2020,210.76770756196251,275.90918186569138,486.6768894276546,72.968999999999994
E07000149,South Norfolk,2020,291.59703552966602,261.58012909338782,553.17716462305452,67.786000000000001
E07000170,Ashfield,2020,196.11434769946959,294.85808186748642,490.97242956695561,59.05
E07000171,Bassetlaw,2020,205.17157986619901,323.50402873579242,528.67560860199205,57.125
E07000172,Broxtowe,2020,179.6744851461859,135.00221835218571,314.67670349837158,53.122999999999998
E07000173,Gedling,2020,200.96874712828549,133.85045099344259,334.81919812172799,55.637
E07000174,Mansfield,2020,168.43073386672029,208.2959675956285,376.72670146234839,52.805
E07000175,Newark and Sherwood,2020,219.1526261819206,288.83557735382522,507.98820353574598,59.694000000000003
E07000176,Rushcliffe,2020,206.83661606503011,190.16252196174861,396.99913802677912,54.395000000000003
E07000177,Cherwell,2020,290.26533122830762,408.96623827786863,699.23156950617772,73.826999999999998
E07000178,Oxford,2020,213.05835033970499,502.71226561379262,715.77061595349755,64.525000000000006
E07000179,South Oxfordshire,2020,304.9887505906226,446.84946873114751,751.83821932177023,70.180000000000007
E07000180,Vale of White Horse,2020,259.54648373508257,423.8500552047218,683.39653893980494,65.715000000000003
E07000181,West Oxfordshire,2020,234.17454940961801,276.13247524639888,510.30702465601621,56.39
E07000192,Cannock Chase,2020,165.76618074104451,156.15392097432789,321.92010171537271,47.476999999999997
E07000193,East Staffordshire,2020,203.09283908683821,405.21313093204509,608.30597001888316,57.177
E07000194,Lichfield,2020,189.62822523540629,234.1454862868853,423.77371152229171,49.795999999999999
E07000195,Newcastle-under-Lyme,2020,194.69715128967749,234.52128074373761,429.21843203341558,58.918999999999997
E07000196,South Staffordshire,2020,191.26753597901569,261.85042504328692,453.11796102230238,50.262
E07000197,Stafford,2020,238.2771827127973,307.54711455977588,545.82429727257352,66.168000000000006
E07000198,Staffordshire Moorlands,2020,172.0062705277212,272.51404008606568,444.52031061378602,47.707999999999998
E07000199,Tamworth,2020,126.49806405214009,142.7743462622951,269.27241031443498,35.786000000000001
E07000200,Babergh,2020,193.29439528936521,170.5033153,363.79771058936478,44.959000000000003
E07000202,Ipswich,2020,222.83578181535461,207.32074644262309,430.15652825797798,65.466999999999999
E07000203,Mid Suffolk,2020,223.36730428229049,257.42647764480881,480.79378192709822,49.39
E07000207,Elmbridge,2020,296.18827212911111,213.27463159999991,509.46290372911102,62.752000000000002
E07000208,Epsom and Ewell,2020,137.22002188263821,75.949984700000016,213.17000658263831,34.484999999999999
E07000209,Guildford,2020,266.40924005094348,294.20998727619121,560.61922732713401,63.308999999999997
E07000210,Mole Valley,2020,184.16383335953051,216.85669259945359,401.02052595898488,41.308999999999997
E07000211,Reigate and Banstead,2020,272.45738738296501,298.09429734269162,570.55168472565742,66.781000000000006
E07000212,Runnymede,2020,163.18599368004891,216.67754805846991,379.86354173851942,38.892000000000003
E07000213,Spelthorne,2020,177.1701614140363,176.92702250000011,354.09718391403601,46.393999999999998
E07000214,Surrey Heath,2020,168.26003143052299,179.590563,347.85059443052302,39.825000000000003
E07000215,Tandridge,2020,182.61328370687991,127.0502079904372,309.66349169731672,40.098999999999997
E07000216,Waverley,2020,263.59638698482598,155.16101574170571,418.75740272653098,59.487000000000002
E07000217,Woking,2020,192.0723409907107,367.90524761229511,559.97758860300542,46.008000000000003
E07000218,North Warwickshire,2020,118.8757858563397,384.96642120000013,503.84220705633987,31.140999999999998
E07000219,Nuneaton and Bedworth,2020,210.91009406475061,183.00663000655729,393.91672407130739,61.722999999999999
E07000220,Rugby,2020,189.88322558092639,431.87582851284162,621.75905409376742,51.88
E07000221,Stratford-on-Avon,2020,297.27252548365141,322.87466632049171,620.14719180414272,67.712000000000003
E07000222,Warwick,2020,264.05334168215211,320.73822566546471,584.79156734761568,70.891999999999996
E07000223,Adur,2020,110.2633638079344,107.0778401060109,217.34120391394549,30.581
E07000224,Arun,2020,295.06040969023502,182.57927369509821,477.63968338533351,81.281000000000006
E07000225,Chichester,2020,279.3960223024111,282.45387990351361,561.8499022059251,65.463999999999999
E07000226,Crawley,2020,167.00647329195749,417.94070051311479,584.94717380507223,49.289000000000001
E07000227,Horsham,2020,298.25050149374903,224.918440000537,523.1689414942856,69.736000000000004
E07000228,Mid Sussex,2020,284.1245172575172,220.04408680491809,504.16860406243569,71.216999999999999
E07000229,Worthing,2020,192.01086505456581,145.16974596967211,337.18061102423752,54.951000000000001
E07000234,Bromsgrove,2020,179.20155367123951,134.41733017213099,313.61888384337072,45.445
E07000235,Malvern Hills,2020,165.00556432449821,128.01459885245899,293.02016317695723,39.664999999999999
E07000236,Redditch,2020,134.25072528821801,172.3079412554645,306.55866654368282,39.564
E07000237,Worcester,2020,163.9362262512019,211.1984605000001,375.13468675120208,49.442
E07000238,Wychavon,2020,255.24081036529179,367.29275604270907,622.533566408002,63.308999999999997
E07000239,Wyre Forest,2020,178.1586360773166,177.55806721666681,355.71670329398341,48.901000000000003
E07000240,St Albans,2020,266.47195928160261,194.46480576065579,460.93676504225652,65.731999999999999
E07000241,Welwyn Hatfield,2020,195.3424242755824,473.59559894850338,668.93802322408555,51.545999999999999
E07000242,East Hertfordshire,2020,301.63144902249411,241.33448961147539,542.96593863396811,69.775999999999996
E07000243,Stevenage,2020,131.80716760835611,219.45099325218581,351.25816086054192,39.549999999999997
E07000244,East Suffolk,2020,494.37739222847199,568.52113356877464,1062.898525797244,128.255
E07000245,West Suffolk,2020,337.97581721430419,522.01732745683046,859.99314467113425,86.379000000000005
E08000001,Bolton,2020,439.09506550219442,454.69035580078099,893.78542130297558,132.27699999999999
E08000002,Bury,2020,301.64354726112037,290.7855660204919,592.42911328161381,88.984999999999999
E08000003,Manchester,2020,826.27961964183055,1487.476915049097,2313.7565346909209,246.88200000000001
E08000004,Oldham,2020,328.21886008292518,377.39177912399998,705.61063920692516,102.575
E08000005,Rochdale,2020,327.22764010103589,432.23475089999982,759.46239100103503,100.08
E08000006,Salford,2020,453.15591841728849,512.57015930234354,965.72607771963249,133.38300000000001
E08000007,Stockport,2020,484.46909451816822,468.3714494668024,952.8405439849713,139.23699999999999
E08000008,Tameside,2020,345.14491598314129,361.33449499999989,706.47941098314163,108.709
E08000009,Trafford,2020,388.52250925400358,882.5439481934427,1271.0664574474449,107.95699999999999
E08000010,Wigan,2020,501.67791198223648,578.54830717560117,1080.2262191578391,155.00399999999999
E08000011,Knowsley,2020,220.9719470274832,377.83933091311468,598.81127794059807,71.012
E08000012,Liverpool,2020,710.4469784009799,1001.898154253826,1712.3451326548061,233.53
E08000013,St. Helens,2020,273.26592469110028,413.12164600663402,686.3875706977343,87.649000000000001
E08000014,Sefton,2020,438.13000156888529,351.70302596174889,789.83302753063401,134.74299999999999
E08000015,Wirral,2020,510.02210260064282,437.97217074881979,947.99427334946131,157.27000000000001
E08000017,Doncaster,2020,466.45506944273512,727.00206073196728,1193.4571301747051,145.839
E08000018,Rotherham,2020,388.24630049904869,558.00520419890711,946.25150469795403,124.70399999999999
E08000021,Newcastle upon Tyne,2020,415.29992730908492,627.05812290096446,1042.358050210051,138.917
E08000022,North Tyneside,2020,306.33982742241682,421.25886453462152,727.59869195703675,105.651
E08000023,South Tyneside,2020,208.62611909309749,175.11073859586321,383.7368576889607,75.456999999999994
E08000024,Sunderland,2020,394.67034394261748,667.82063270765059,1062.4909766502681,137.059
E08000025,Birmingham,2020,1609.297162554667,2175.8314629972629,3785.128625551939,470.31900000000002
E08000026,Coventry,2020,487.89339275531682,686.41242330327907,1174.305816058597,150.12200000000001
E08000027,Dudley,2020,495.81869202405039,467.84554765846991,963.66423968252195,147.375
E08000028,Sandwell,2020,463.7781184019376,710.74362253809306,1174.52174094003,142.53200000000001
E08000029,Solihull,2020,371.18903721831532,502.32369789918062,873.51273511749491,98.808999999999997
E08000030,Walsall,2020,429.54368536704078,441.18047241143631,870.72415777847505,124.26300000000001
E08000031,Wolverhampton,2020,403.12193481124348,490.54348357312568,893.66541838437001,117.98699999999999
E08000032,Bradford,2020,763.05513304859392,879.85430140230551,1642.909434450906,229.947
E08000033,Calderdale,2020,347.31402783120899,404.97380601147557,752.28783384268365,102.128
E08000034,Kirklees,2020,646.32228456936457,712.48586311455779,1358.808147683925,198.024
E08000035,Leeds,2020,1249.6019403946309,1729.635875002557,2979.2378153971881,376.31299999999999
E08000036,Wakefield,2020,527.48072844648527,1066.265772256311,1593.7465007027929,168.93199999999999
E08000037,Gateshead,2020,289.40179572294022,460.95164022431698,750.35343594725509,99.712999999999994
E08000038,Barnsley,2020,369.80503667360512,520.60942089508205,890.41445756868552,118.083
E08000039,Sheffield,2020,798.13519712267555,1171.8164017700501,1969.951598892729,258.34300000000002
E09000001,City of London,2020,27.533075481967209,1586.3977030614751,1613.9307785434421,13.481999999999999
E09000002,Barking and Dagenham,2020,264.02429741742861,291.51013682371581,555.53443424114403,81.619
E09000003,Barnet,2020,643.17533852490965,425.90411332096039,1069.0794518458699,165.17500000000001
E09000004,Bexley,2020,381.05897926540229,348.18735545737741,729.24633472277628,105.44
E09000005,Brent,2020,435.04553920866869,677.35332283333332,1112.398862042003,134.37200000000001
E09000006,Bromley,2020,565.6675060555026,344.33859839207668,910.00610444758263,151.34800000000001
E09000007,Camden,2020,349.16760944782322,1049.547021340984,1398.7146307888031,128.41399999999999
E09000008,Croydon,2020,601.83506628237524,566.67339888493359,1168.5084651673051,170.43
E09000009,Ealing,2020,489.03063245684172,828.2774545595629,1317.3080870164019,149.988
E09000010,Enfield,2020,494.08057517896782,485.47197965027351,979.55255482924451,134.369
E09000011,Greenwich,2020,387.407795395508,389.76908233142098,777.17687772692796,126.605
E09000012,Hackney,2020,355.98322422492458,490.5113843136611,846.49460853859136,126.96899999999999
E09000013,Hammersmith and Fulham,2020,291.44419114481121,565.38046141147515,856.82465255628711,101.129
E09000014,Haringey,2020,366.06104042018791,383.45161441393452,749.51265483412158,118.444
E09000015,Harrow,2020,359.18818530087191,177.29589038852461,536.48407568939581,98.543999999999997
E09000016,Havering,2020,410.20344538432971,341.84190087103838,752.04534625536439,111.708
E09000017,Hillingdon,2020,442.64820861857112,979.81493236920835,1422.4631409877791,121.617
E09000018,Hounslow,2020,397.61671140845118,808.65509821803312,1206.2718096264839,112.566
E09000019,Islington,2020,320.12040257123613,609.04845085163947,929.16885342287446,121.432
E09000020,Kensington and Chelsea,2020,349.09326674333693,796.44541643519676,1145.538683178537,104.46899999999999
E09000021,Kingston upon Thames,2020,270.74099801093013,280.27960751100682,551.02060552193745,73.634
E09000022,Lambeth,2020,449.86493799804572,508.53245850146442,958.39739649951059,158.702
E09000023,Lewisham,2020,421.08112760005122,246.67914531939911,667.76027291944877,138.989
E09000024,Merton,2020,323.2749676510436,432.41446728633889,755.68943493738368,92.566999999999993
E09000025,Newham,2020,396.08712009995702,871.77309113524575,1267.860211235203,129.34700000000001
E09000026,Redbridge,2020,408.63305175989882,217.9011991494535,626.534250909354,111.69
E09000027,Richmond upon Thames,2020,349.88034742128332,260.10406749391251,609.984414915196,92.902000000000001
E09000028,Southwark,2020,459.71429367836612,750.76864545437263,1210.4829391327371,155.16300000000001
E09000029,Sutton,2020,331.41328350989022,321.62025826885252,653.03354177874166,90.373000000000005
E09000030,Tower Hamlets,2020,446.35627143407538,2017.044194540437,2463.4004659745101,149.93299999999999
E09000031,Waltham Forest,2020,351.70357513284381,281.0030241234972,632.70659925634095,112.38
E09000032,Wandsworth,2020,517.00708249748686,419.84824043442569,936.8553229319117,163.43199999999999
E09000033,Westminster,2020,476.29586542131818,2343.4179630442209,2819.7138284655321,160.27600000000001
S12000005,Clackmannanshire,2020,86.865366502459509,209.40439329672131,296.26975979918092,26.704000000000001
S12000006,Dumfries and Galloway,2020,321.77145988226772,483.83725694625292,805.60871682851905,87.838999999999999
S12000008,East Ayrshire,2020,191.04661968249999,203.93032490956281,394.97694459206349,62.052999999999997
S12000010,East Lothian,2020,198.1493119360477,258.40484180206829,456.55415373811587,55.493000000000002
S12000011,East Renfrewshire,2020,158.231194616355,65.504315700000021,223.73551031635489,42.417000000000002
S12000013,Na h-Eileanan Siar,2020,87.756700400000071,60.317495899999997,148.0741962999999,19.800999999999998
S12000014,Falkirk,2020,272.36285542801522,355.33252817622957,627.69538360424519,82.79
S12000017,Highland,2020,651.94880215200646,746.2358409998044,1398.184643151809,154.91499999999999
S12000018,Inverclyde,2020,129.04462247076529,154.356198942623,283.40082141338843,42.332000000000001
S12000019,Midlothian,2020,146.79434624493391,187.66191434262291,334.45626058755607,44.633000000000003
S12000020,Moray,2020,187.99697602200001,273.5326599,461.52963592199939,51.878
S12000021,North Ayrshire,2020,242.60240654722881,358.94224347459021,601.54465002181939,75.753
S12000023,Orkney Islands,2020,82.891183100000006,54.524269599999997,137.41545269999969,16.486000000000001
S12000026,Scottish Borders,2020,251.14043681703799,262.46908250000001,513.60951931703778,69.581000000000003
S12000027,Shetland Islands,2020,96.951998599999683,79.50887800000001,176.46087659999949,18.620999999999999
S12000028,South Ayrshire,2020,201.0478820706675,229.73822919754099,430.78611126820789,61.981999999999999
S12000029,South Lanarkshire,2020,583.17214383685541,493.06358845983613,1076.2357322966909,167.00700000000001
S12000030,Stirling,2020,179.8291875541091,247.39074339921891,427.21993095332789,48.15
S12000033,Aberdeen City,2020,386.26843113597772,576.874641,963.14307213597874,132.21
S12000034,Aberdeenshire,2020,563.98569357079953,609.47872559999985,1173.464419170796,137.53200000000001
S12000035,Argyll and Bute,2020,270.94263194845752,209.71885334935601,480.66148529781401,63.552999999999997
S12000036,City of Edinburgh,2020,862.20547660101943,1171.247509807612,2033.4529864086251,282.774
S12000038,Renfrewshire,2020,289.71126739673542,394.59786334660367,684.30913074333989,95.709000000000003
S12000039,West Dunbartonshire,2020,140.63849299522749,181.53618820000011,322.17468119522829,48.841999999999999
S12000040,West Lothian,2020,290.49396009038372,446.85778194016422,737.35174203054567,87.808999999999997
S12000041,Angus,2020,235.90282927752961,251.3815768,487.28440607752867,65.503
S12000042,Dundee City,2020,273.34799627377129,290.98600549999998,564.33400177377246,85.287999999999997
S12000045,East Dunbartonshire,2020,180.83122631733849,139.3494585902408,320.18068490757918,50.796999999999997
S12000047,Fife,2020,623.9248322338309,770.11635183290207,1394.0411840667309,195.11500000000001
S12000048,Perth and Kinross,2020,343.32060116800119,329.72987146612041,673.05047263411961,88.138999999999996
S12000049,Glasgow City,2020,956.48291871465472,1499.518184464519,2456.001103179171,342.36399999999998
S12000050,North Lanarkshire,2020,539.34737315811321,714.56250356939893,1253.90987672751,167.65899999999999
W06000001,Isle of Anglesey / Ynys Môn,2020,149.3566947726454,131.83736796100001,281.19406273364552,38.460999999999999
W06000002,Gwynedd / Gwynedd,2020,247.40188671274359,242.90334096365439,490.30522767639809,68.316999999999993
W06000003,Conwy / Conwy,2020,201.16263120478209,164.85344900000001,366.01608020478278,62.326000000000001
W06000004,Denbighshire / Sir Ddinbych,2020,170.56490500008761,171.2222925519726,341.7871975520606,48.32
W06000005,Flintshire / Sir y Fflint,2020,254.85496553014889,747.65957818989091,1002.51454372004,73.518000000000001
W06000006,Wrexham / Wrecsam,2020,217.75970215130349,574.94788693770477,792.70758908900859,63.865000000000002
W06000008,Ceredigion / Ceredigion,2020,158.7997792033367,167.29204452459001,326.09182372792759,38.957999999999998
W06000009,Pembrokeshire / Sir Benfro,2020,235.3788455044002,829.67428582614218,1065.0531313305439,69.361999999999995
W06000010,Carmarthenshire / Sir Gaerfyrddin,2020,323.40951115639359,470.11325077807368,793.52276193446778,95.033000000000001
W06000011,Swansea / Abertawe,2020,370.36831119653482,462.78196221502748,833.15027341156065,119.752
W06000012,Neath Port Talbot / Castell-nedd Port Talbot,2020,215.57744576350339,876.53093032759557,1092.1083760910981,69.44
W06000013,Bridgend / Pen-y-bont ar Ogwr,2020,216.67109602315799,318.72099442622942,535.39209044938718,68.879000000000005
W06000014,Vale of Glamorgan / Bro Morgannwg,2020,216.36123458503161,313.03477573633887,529.3960103213708,63.59
W06000015,Cardiff / Caerdydd,2020,530.55662314422534,863.32159469734177,1393.878217841572,167.12299999999999
W06000016,Rhondda Cynon Taf / Rhondda Cynon Taf,2020,348.01072374282342,351.09319413417489,699.10391787699666,115.476
W06000018,Caerphilly / Caerffili,2020,261.80780595914791,328.61676927377039,590.42457523291932,83.641000000000005
W06000019,Blaenau Gwent / Blaenau Gwent,2020,99.986057807923572,134.75567879754101,234.74173660546461,34.357999999999997
W06000020,Torfaen / Torfaen,2020,136.60817721115711,240.79944334972689,377.40762056088448,44.487000000000002
W06000021,Monmouthshire / Sir Fynwy,2020,171.6814807143638,217.95542050792349,389.63690122228758,46.929000000000002
W06000022,Newport / Casnewydd,2020,234.83751104422771,511.5072249581969,746.3447360024245,73.22
W06000023,Powys / Powys,2020,266.35548283812449,284.31353932776523,550.66902216588915,72.915000000000006
W06000024,Merthyr Tydfil / Merthyr Tudful,2020,84.792357063114821,103.65370595245901,188.44606301557349,28.423999999999999
E06000001,Hartlepool,2021,129.52685671260261,292.13019045890422,421.65704717150658,46.679000000000002
E06000002,Middlesbrough,2021,186.65365253351851,236.11364753191771,422.76730006543659,67.573999999999998
E06000003,Redcar and Cleveland,2021,192.59488063203929,564.25100316287671,756.84588379491584,69.054000000000002
E06000004,Stockton-on-Tees,2021,272.2095543393508,884.03876252705481,1156.2483168664039,93.531000000000006
E06000005,Darlington,2021,162.68900434298601,253.6001728954794,416.28917723846581,55.558999999999997
E06000006,Halton,2021,181.3893982694247,456.68742435049649,638.07682261992045,60.652000000000001
E06000007,Warrington,2021,312.61015818138668,530.4423526589452,843.05251084032943,99.647000000000006
E06000008,Blackburn with Darwen,2021,199.6676658211787,351.86325384944172,551.5309196706196,65.974000000000004
E06000009,Blackpool,2021,220.6934226548087,254.9408703668748,475.63429302168481,73.302000000000007
E06000010,"Kingston upon Hull, City of",2021,357.7677157981949,691.3187256546579,1049.086441452853,130.07900000000001
E06000011,East Riding of Yorkshire,2021,569.58838621133339,956.28022179552033,1525.868608006853,173.62899999999999
E06000012,North East Lincolnshire,2021,232.82406719856721,573.14405018095886,805.96811737952532,78.046000000000006
E06000013,North Lincolnshire,2021,252.03630099696599,904.87253391068475,1156.908834907651,81.41
E06000014,York,2021,305.22538296974079,393.76372359509583,698.98910656483929,98.072999999999993
E06000015,Derby,2021,360.02229443945458,565.19012641742643,925.21242085687845,118.565
E06000016,Leicester,2021,439.92778670629139,814.69419612420461,1254.6219828305011,146.928
E06000017,Rutland,2021,73.891380523136931,265.94772460917909,339.83910513231581,19.404
E06000018,Nottingham,2021,433.07199550760959,712.64684126123302,1145.718836768845,143.62100000000001
E06000019,"Herefordshire, County of",2021,357.29521247588588,546.93858200232933,904.23379447821299,96.07
E06000020,Telford and Wrekin,2021,258.82997218962993,545.87002156547965,804.69999375510804,84.704999999999998
E06000021,Stoke-on-Trent,2021,350.90455812281249,539.5328893209595,890.43744744377057,122.706
E06000022,Bath and North East Somerset,2021,314.22783342742781,301.68167408425393,615.90950751168032,93.516999999999996
E06000023,"Bristol, City of",2021,657.31956021802773,995.78343520903456,1653.1029954270721,220.96799999999999
E06000024,North Somerset,2021,346.64459142641198,368.51442506116302,715.15901648757529,105.98699999999999
E06000025,South Gloucestershire,2021,441.00144749172438,668.89990400402701,1109.901351495751,131.63900000000001
E06000026,Plymouth,2021,368.91001354356212,475.44111202499869,844.351125568562,128.61000000000001
E06000027,Torbay,2021,223.64331633813569,190.01483444652061,413.6581507846555,72.025999999999996
E06000030,Swindon,2021,339.54021908304207,577.02998072380808,916.57019980684913,105.30200000000001
E06000031,Peterborough,2021,289.8624293019472,577.32084414458905,867.18327344653562,93.884
E06000032,Luton,2021,271.03762480454719,360.52265276917802,631.56027757372578,85.477999999999994
E06000033,Southend-on-Sea,2021,285.76964094098457,257.2789763588496,543.04861729983531,87.561000000000007
E06000034,Thurrock,2021,268.03137858045278,658.16003277383572,926.19141135428765,73.921000000000006
E06000035,Medway,2021,405.47484130085178,391.50082442374719,796.97566572460062,124.444
E06000036,Bracknell Forest,2021,204.1743381568844,267.69846250536978,471.87280066225401,55.015999999999998
E06000037,West Berkshire,2021,316.99117614524692,515.52129390010919,832.51247004535685,75.978999999999999
E06000038,Reading,2021,253.24780005089119,428.54940611835622,681.79720616924726,77.682000000000002
E06000039,Slough,2021,197.33981696975141,1324.0639465786289,1521.4037635483819,59.564
E06000040,Windsor and Maidenhead,2021,281.56919523139788,365.35320950944782,646.92240474084474,70.513000000000005
E06000041,Wokingham,2021,290.98891800261799,324.14456740547968,615.13348540809727,76.325000000000003
E06000042,Milton Keynes,2021,414.2432610615852,858.10152397608556,1272.3447850376699,125.64400000000001
E06000043,Brighton and Hove,2021,412.64267775044527,424.66051112709619,837.30318887754106,142.11600000000001
E06000044,Portsmouth,2021,288.8506370176508,483.93640996164407,772.78704697929459,97.406000000000006
E06000045,Southampton,2021,377.7130161161657,450.55910492547957,828.27212104164391,117.10299999999999
E06000046,Isle of Wight,2021,256.90038481074481,247.96226507152701,504.86264988227282,79.447999999999993
E06000047,County Durham,2021,738.98786381315188,1069.2298596481439,1808.217723461303,262.37099999999998
E06000049,Cheshire East,2021,694.28397806034081,913.6334009178554,1607.9173789781969,195.38399999999999
E06000050,Cheshire West and Chester,2021,562.87126661205457,1385.9614097745341,1948.8326763865921,170.744
E06000051,Shropshire,2021,574.28928880020908,759.89344333942358,1334.1827321396349,161.37899999999999
E06000052,Cornwall,2021,1241.7791683027251,1195.5577328730631,2437.3369011757891,314.03800000000001
E06000053,Isles of Scilly,2021,7.6107055999999984,9.6803483900000007,17.291053990000002,1.651
E06000054,Wiltshire,2021,961.86660752878049,1170.112820573411,2131.979428102195,247.51400000000001
E06000055,Bedford,2021,287.33576599758982,414.41168951567141,701.74745551326077,83.314999999999998
E06000056,Central Bedfordshire,2021,481.30146910053429,525.99371007123284,1007.295179171767,134.97
E06000057,Northumberland,2021,542.95099490293796,898.77444483772649,1441.725439740665,172.71
E06000058,"Bournemouth, Christchurch and Poole",2021,635.54211953185472,715.79268559712318,1351.334805128989,200.852
E06000059,Dorset,2021,702.63676459619217,826.00519582676122,1528.6419604229559,203.33
E06000060,Buckinghamshire,2021,1006.160383116293,928.66826663451991,1934.8286497508179,248.56800000000001
E06000061,North Northamptonshire,2021,551.67516719862897,960.57372726052006,1512.248894459151,165.09399999999999
E06000062,West Northamptonshire,2021,689.28007571548426,1006.3806831963969,1695.6607589118839,191.62100000000001
E06000063,Cumberland,2021,462.75919706472399,715.30505491058136,1178.0642519753051,146.38999999999999
E06000064,Westmorland and Furness,2021,445.10413800409623,837.1968277987977,1282.3009658028921,128.89599999999999
E06000065,North Yorkshire,2021,1145.0139175921231,1897.716351162803,3042.7302687549209,329.65
E06000066,Somerset,2021,1025.903744790578,1294.5456601826361,2320.4494049732261,290.24200000000002
E07000008,Cambridge,2021,179.63920978265651,534.48187951212276,714.12108929478063,61.241
E07000009,East Cambridgeshire,2021,163.33890903569949,218.642289869,381.98119890469877,42.481000000000002
E07000010,Fenland,2021,180.5191977183284,326.34335492054788,506.86255263887659,49.585000000000001
E07000011,Huntingdonshire,2021,304.90911678538282,477.40822591171741,782.31734269709898,86.221999999999994
E07000012,South Cambridgeshire,2021,299.61565145953392,488.51124825972619,788.12689971926022,75.542000000000002
E07000032,Amber Valley,2021,206.62844793365039,333.14988409636999,539.7783320300191,62.499000000000002
E07000033,Bolsover,2021,119.4069676522474,237.24515400876709,356.65212166101469,39.209000000000003
E07000034,Chesterfield,2021,151.55314589931459,223.59806685908219,375.15121275839692,53.67
E07000035,Derbyshire Dales,2021,142.31704624851969,255.2413596031752,397.55840585169392,39.5
E07000036,Erewash,2021,173.38720524201889,207.05773448082209,380.44493972284022,55.610999999999997
E07000037,High Peak,2021,152.3456203022732,581.83926210556172,734.18488240783404,46.220999999999997
E07000038,North East Derbyshire,2021,158.37743041783659,244.6345805640893,403.01201098192581,49.789000000000001
E07000039,South Derbyshire,2021,172.36013776641099,342.04696470904111,514.40710247545235,50.279000000000003
E07000040,East Devon,2021,267.57254818552423,224.2212173624354,491.79376554796039,79.403999999999996
E07000041,Exeter,2021,173.4224289119833,339.06502740332832,512.48745631531176,60.576999999999998
E07000042,Mid Devon,2021,152.66209264591919,189.3396744507811,342.00176709670052,40.921999999999997
E07000043,North Devon,2021,181.92885296253451,244.81486149265109,426.74371445518477,53.433
E07000044,South Hams,2021,203.73587047261731,231.95587800239011,435.69174847500688,53.122
E07000045,Teignbridge,2021,239.37708254383759,203.49359349823939,442.87067604207721,69.789000000000001
E07000046,Torridge,2021,133.73806990532881,125.0211321979661,258.75920210329508,36.869999999999997
E07000047,West Devon,2021,112.0578633042057,122.74171449000001,234.79957779420539,29.722000000000001
E07000061,Eastbourne,2021,155.5008781559232,166.74047999863021,322.24135815455378,53.018999999999998
E07000062,Hastings,2021,140.1288514357594,126.3576947468494,266.48654618260821,47.262
E07000063,Lewes,2021,175.2115713842602,138.7423775628767,313.95394894713712,49.985999999999997
E07000064,Rother,2021,188.56381626852161,155.13587663253901,343.69969290106059,50.427
E07000065,Wealden,2021,317.74869430165211,205.111303316007,522.85999761765743,77.781999999999996
E07000066,Basildon,2021,299.20633186866098,377.82516278074007,677.03149464940088,84.441000000000003
E07000067,Braintree,2021,271.53392402568562,236.37209992932861,507.90602395501531,72.296999999999997
E07000068,Brentwood,2021,145.46062208188951,127.1493160269863,272.60993810887572,36.909999999999997
E07000069,Castle Point,2021,151.12427710001441,78.6159125460822,229.74018964609661,40.145000000000003
E07000070,Chelmsford,2021,315.95136376145052,360.84891991454782,676.80028367599857,83.638000000000005
E07000071,Colchester,2021,309.78710099083679,333.01713137467038,642.80423236550678,89.340999999999994
E07000072,Epping Forest,2021,249.96315674338709,193.22948230336331,443.19263904675012,61.707999999999998
E07000073,Harlow,2021,128.4663348023287,237.28510049438361,365.75143529671209,42.137
E07000074,Maldon,2021,134.82759259141051,124.0849826938356,258.91257528524602,31.66
E07000075,Rochford,2021,146.6891523737886,113.4494035171096,260.13855589089809,38.979999999999997
E07000076,Tendring,2021,263.59583448347257,213.62459991172611,477.22043439519859,76.954999999999998
E07000077,Uttlesford,2021,183.98096787154569,190.89787972775341,374.87884759929858,42.119
E07000078,Cheltenham,2021,191.6317018200314,279.48608505452057,471.11778687455131,60.984000000000002
E07000079,Cotswold,2021,222.91961260472891,195.20739086178091,418.12700346650962,51.545999999999999
E07000080,Forest of Dean,2021,167.014332307589,218.7467172431507,385.76104955073993,42.643000000000001
E07000081,Gloucester,2021,195.3454750488616,315.63660733230142,510.98208238116308,62.064999999999998
E07000082,Stroud,2021,223.23346572726871,269.66743236300022,492.90089809026699,60.088999999999999
E07000083,Tewkesbury,2021,161.54304918044329,273.04325524219178,434.58630442263518,46.527999999999999
E07000084,Basingstoke and Deane,2021,312.23348568187981,453.27527349753427,765.50875917941164,85.316000000000003
E07000085,East Hampshire,2021,239.00398169370041,187.72268758232869,426.72666927603018,60.158999999999999
E07000086,Eastleigh,2021,205.74348111301509,274.24576385561659,479.98924496863111,62.902000000000001
E07000087,Fareham,2021,179.1383004950552,216.05468206634251,395.19298256139768,53.476999999999997
E07000088,Gosport,2021,126.8282933306389,122.68435848071231,249.51265181135079,39.965000000000003
E07000089,Hart,2021,173.38961691549451,276.53234898849308,449.92196590398709,44.567
E07000090,Havant,2021,197.93939603861659,170.94734221890411,368.88673825752079,59.863
E07000091,New Forest,2021,322.29167871131892,398.91108793398632,721.20276664530377,89.369
E07000092,Rushmoor,2021,140.6511198784244,208.74189544479461,349.39301532321889,43.584000000000003
E07000093,Test Valley,2021,239.65056578539659,296.90303440869502,536.55360019409147,63.006
E07000094,Winchester,2021,235.9736478365748,323.62268118565771,559.59632902223041,60.939
E07000095,Broxbourne,2021,158.2779911696631,211.1447659322055,369.42275710186908,44.283000000000001
E07000096,Dacorum,2021,255.40531610955011,428.88668207438371,684.29199818393545,71.287999999999997
E07000098,Hertsmere,2021,184.68597483060279,238.74475112145191,423.4307259520549,48.122
E07000099,North Hertfordshire,2021,228.13050996957611,248.9267917036988,477.0573016732738,62.93
E07000102,Three Rivers,2021,162.8797443050133,177.15588863424659,340.03563293925993,40.497999999999998
E07000103,Watford,2021,145.83000799491819,273.83083833684941,419.660846331767,44.268000000000001
E07000105,Ashford,2021,226.12526275713779,255.8130378414865,481.93830059862353,61.143000000000001
E07000106,Canterbury,2021,239.72752890149511,292.11168694972622,531.83921585122107,73.388999999999996
E07000107,Dartford,2021,167.23915470088241,228.28921150958911,395.52836621047192,51.932000000000002
E07000108,Dover,2021,179.30205443779579,191.1703132743836,370.47236771217922,58.076000000000001
E07000109,Gravesham,2021,155.4270020990036,259.50876509,414.93576718900317,46.603000000000002
E07000110,Maidstone,2021,288.83247378973778,344.99446312862989,633.82693691836835,80.662999999999997
E07000111,Sevenoaks,2021,238.2093344094807,181.29979508942461,419.50912949890471,55.576000000000001
E07000112,Folkestone and Hythe,2021,184.11299357285051,204.79198708686951,388.90498065972099,56.722999999999999
E07000113,Swale,2021,229.84324517402649,429.75325645315058,659.59650162717662,67.665999999999997
E07000114,Thanet,2021,223.47354802660081,238.7103999846575,462.18394801125788,73.356999999999999
E07000115,Tonbridge and Malling,2021,219.27329763272789,271.24570964780821,490.51900728053653,59.518999999999998
E07000116,Tunbridge Wells,2021,220.64015279245129,258.52541437452038,479.16556716697198,55.966999999999999
E07000117,Burnley,2021,128.2013331402739,203.179649159863,331.38098230013759,44.387
E07000118,Chorley,2021,181.33191817545139,187.9353879741507,369.2673061496024,54.807000000000002
E07000119,Fylde,2021,146.28319430630131,193.80542117342469,340.08861547972572,42.941000000000003
E07000120,Hyndburn,2021,112.6440358794521,169.76264754999991,282.40668342945219,39.53
E07000121,Lancaster,2021,218.31753798561621,291.41227927000011,509.72981725561618,68.944000000000003
E07000122,Pendle,2021,129.47942021735579,183.58343518999999,313.06285540735593,43.454999999999998
E07000123,Preston,2021,213.3538568857947,328.3954861520304,541.74934303782538,68.884
E07000124,Ribble Valley,2021,113.9934127645891,321.82946202000011,435.82287478458909,30.614999999999998
E07000125,Rossendale,2021,110.9205260228765,188.37467333999999,299.29519936287659,34.304000000000002
E07000126,South Ribble,2021,169.14079529872481,262.35429847099988,431.49509376972418,53.792999999999999
E07000127,West Lancashire,2021,185.25151159780751,360.73583642698622,545.98734802479339,53.676000000000002
E07000128,Wyre,2021,183.5679858810129,291.74777602095901,475.31576190197183,56.43
E07000129,Blaby,2021,153.94693030439379,225.7766053144442,379.72353561883727,46.045999999999999
E07000130,Charnwood,2021,262.29648011247741,406.23276086667107,668.52924097914934,81.893000000000001
E07000131,Harborough,2021,171.66488170761679,184.21427427492051,355.87915598253721,45.953000000000003
E07000132,Hinckley and Bosworth,2021,185.32793811135861,234.1608055921636,419.48874370352269,54.631
E07000133,Melton,2021,92.934705023479012,164.45115454197619,257.38585956545478,25.744
E07000134,North West Leicestershire,2021,176.41422289265009,402.84670702465769,579.26092991730673,50.137999999999998
E07000135,Oadby and Wigston,2021,80.663252925644144,84.117205452999968,164.7804583786444,25.19
E07000136,Boston,2021,113.953810031096,193.80678696356159,307.76059699465782,33.24
E07000137,East Lindsey,2021,277.53557176682642,381.34619292421911,658.88176469104519,75.774000000000001
E07000138,Lincoln,2021,132.49328628438431,228.06903047988379,360.56231676426847,47.618000000000002
E07000139,North Kesteven,2021,200.78088503020831,266.51345976123281,467.29434479144157,56.722999999999999
E07000140,South Holland,2021,171.63341739854789,329.24356560876708,500.87698300731478,45.866
E07000141,South Kesteven,2021,249.97412915949391,335.16684315452079,585.14097231401411,69.905000000000001
E07000142,West Lindsey,2021,167.6246529186306,207.10207224246579,374.72672516109702,47.862000000000002
E07000143,Breckland,2021,266.43398806068569,290.06485180578431,556.49883986646955,68.106999999999999
E07000144,Broadland,2021,232.03612397491739,216.9890005513563,449.02512452627337,63.646999999999998
E07000145,Great Yarmouth,2021,171.00399772404151,168.95567944082191,339.95967716486439,50.512999999999998
E07000146,King's Lynn and West Norfolk,2021,330.48481573584939,427.48468380497269,757.96949954082356,80.203999999999994
E07000147,North Norfolk,2021,243.40652143219361,260.07982529753428,503.48634672972707,62.006999999999998
E07000148,Norwich,2021,198.0879299535228,292.46687588643852,490.55480583996018,73.430000000000007
E07000149,South Norfolk,2021,274.37042688247942,285.06601914904093,559.43644603151927,68.716999999999999
E07000170,Ashfield,2021,183.91767311726079,319.31827221958912,503.23594533685048,59.405999999999999
E07000171,Bassetlaw,2021,194.08354176636601,345.71931597589031,539.80285774225729,57.923999999999999
E07000172,Broxtowe,2021,168.27001782350791,143.5601427279453,311.83016055145288,53.491999999999997
E07000173,Gedling,2021,186.70055096532749,144.12221813442471,330.82276909975161,55.951000000000001
E07000174,Mansfield,2021,158.5100709086457,219.88214942301369,378.39222033165993,53.165999999999997
E07000175,Newark and Sherwood,2021,208.37866044629209,303.7326483763016,512.11130882259283,60.395000000000003
E07000176,Rushcliffe,2021,197.21713353694599,211.44791480315081,408.66504834009709,55.198999999999998
E07000177,Cherwell,2021,276.61913170145363,428.34390925917802,704.96304096063022,75.016000000000005
E07000178,Oxford,2021,201.80320324227441,542.76377723817768,744.56698048045291,64.947999999999993
E07000179,South Oxfordshire,2021,290.02055141019349,471.4762351600001,761.49678657019376,70.997
E07000180,Vale of White Horse,2021,248.94833966565881,433.39543473406832,682.3437743997265,66.736999999999995
E07000181,West Oxfordshire,2021,225.80505592256159,289.66044306182181,515.46549898438263,57.463000000000001
E07000192,Cannock Chase,2021,154.7306784414379,161.64820172313711,316.3788801645747,48.100999999999999
E07000193,East Staffordshire,2021,192.03729261889089,450.02518114862659,642.0624737675181,57.935000000000002
E07000194,Lichfield,2021,180.30540436030901,252.43607136095889,432.74147572126799,50.645000000000003
E07000195,Newcastle-under-Lyme,2021,185.54149839009051,252.21965734856161,437.76115573865161,59.164000000000001
E07000196,South Staffordshire,2021,181.11641191985021,280.05953715321971,461.17594907307011,50.817999999999998
E07000197,Stafford,2021,225.51909642899551,310.04014384276729,535.55924027176195,66.828999999999994
E07000198,Staffordshire Moorlands,2021,163.18776683649369,295.06261261273983,458.25037944923338,47.941000000000003
E07000199,Tamworth,2021,118.7603559401369,156.14548967136989,274.90584561150678,36.292999999999999
E07000200,Babergh,2021,182.27355120874091,171.35881582123289,353.63236702997398,45.731000000000002
E07000202,Ipswich,2021,205.95606113980901,217.49919218267101,423.45525332248212,65.659000000000006
E07000203,Mid Suffolk,2021,212.49961724857491,264.88546866575342,477.38508591432861,50.579000000000001
E07000207,Elmbridge,2021,281.09834810545158,219.17244504109581,500.27079314654702,63.298999999999999
E07000208,Epsom and Ewell,2021,129.56140281142569,82.246019319000013,211.80742213042569,34.65
E07000209,Guildford,2021,250.9258471687879,310.19171957749347,561.11756674628134,63.923000000000002
E07000210,Mole Valley,2021,173.37384985680811,224.434180951,397.80803080780879,41.561999999999998
E07000211,Reigate and Banstead,2021,257.96399597910988,293.07351939652659,551.03751537563721,67.516999999999996
E07000212,Runnymede,2021,155.38163381038621,223.31829722315061,378.69993103353698,39.209000000000003
E07000213,Spelthorne,2021,166.55768575365821,188.01260245000009,354.57028820365832,46.768000000000001
E07000214,Surrey Heath,2021,160.27469121403581,180.7336070549315,341.00829826896762,40.283000000000001
E07000215,Tandridge,2021,172.0952562470132,134.02493503890409,306.12019128591749,40.386000000000003
E07000216,Waverley,2021,252.42458929874101,166.77789411425849,419.2024834129989,60.218000000000004
E07000217,Woking,2021,181.43959913142669,356.69079110780831,538.1303902392342,46.503
E07000218,North Warwickshire,2021,111.209054629493,401.13770661465747,512.34676124415046,31.513000000000002
E07000219,Nuneaton and Bedworth,2021,198.39979841346911,204.07997679054799,402.47977520401753,62.398000000000003
E07000220,Rugby,2021,180.05987852565841,454.23717812150682,634.29705664716494,52.44
E07000221,Stratford-on-Avon,2021,284.0314605619709,341.99288690301358,626.02434746498375,69.058999999999997
E07000222,Warwick,2021,250.21589525071121,341.10987019147183,591.3257654421833,71.86
E07000223,Adur,2021,101.941706649835,116.35081467000001,218.29252131983489,30.683
E07000224,Arun,2021,276.19786365154852,199.1730635310409,475.37092718258998,81.86
E07000225,Chichester,2021,264.57832168813673,314.96551672461692,579.54383841275376,66.075000000000003
E07000226,Crawley,2021,157.1318016937002,427.43047000287669,584.56227169657734,49.622999999999998
E07000227,Horsham,2021,281.94040332782339,238.72496614040011,520.66536946822157,70.332999999999998
E07000228,Mid Sussex,2021,270.0913767294366,230.21173924410971,500.30311597354768,72.316000000000003
E07000229,Worthing,2021,176.95234155726061,147.80978171136991,324.7621232686306,55.143999999999998
E07000234,Bromsgrove,2021,169.1672503200906,146.1900937376713,315.35734405776111,45.652999999999999
E07000235,Malvern Hills,2021,155.8909885599189,137.94157851767119,293.83256707759028,40.140999999999998
E07000236,Redditch,2021,125.9166754713154,178.84976458712319,304.76644005843917,39.746000000000002
E07000237,Worcester,2021,154.49228503021919,219.58539801205481,374.07768304227392,49.853000000000002
E07000238,Wychavon,2021,242.60319402660431,383.31918078117832,625.92237480778238,64.122
E07000239,Wyre Forest,2021,165.40759065032771,190.17783683249311,355.58542748282088,49.34
E07000240,St Albans,2021,250.14886784060889,205.65715591328771,455.80602375389651,66.097999999999999
E07000241,Welwyn Hatfield,2021,183.53600603191779,494.88920634853241,678.42521238045038,51.802999999999997
E07000242,East Hertfordshire,2021,283.73179303259923,243.71252679945229,527.4443198320505,70.501000000000005
E07000243,Stevenage,2021,124.02197156657709,223.69182699547949,347.71379856205698,39.798000000000002
E07000244,East Suffolk,2021,460.27704831717148,598.85124622630155,1059.1282945434691,129.18700000000001
E07000245,West Suffolk,2021,317.04393348555891,559.88489177780787,876.92882526336996,87.307000000000002
E08000001,Bolton,2021,416.02038153916919,481.48979524078112,897.51017677995162,133.16499999999999
E08000002,Bury,2021,284.08755352389022,311.27087137000012,595.3584248938904,89.361000000000004
E08000003,Manchester,2021,805.20645736409881,1578.3109689503181,2383.517426314414,250.26599999999999
E08000004,Oldham,2021,309.97162992740238,399.48886008783552,709.46049001523841,102.91800000000001
E08000005,Rochdale,2021,309.39268748108219,453.50815538000012,762.90084286108231,100.83199999999999
E08000006,Salford,2021,446.10742111692332,550.18898980890424,996.29641092582574,136.078
E08000007,Stockport,2021,459.44698309745382,478.7812694713914,938.22825256884425,139.84399999999999
E08000008,Tameside,2021,324.72739625422332,380.47460987999989,705.20200613422605,109.328
E08000009,Trafford,2021,371.55719097931711,893.17519629000014,1264.732387269315,108.974
E08000010,Wigan,2021,473.48134375352322,610.28094455587507,1083.762288309402,156.46600000000001
E08000011,Knowsley,2021,209.56237812984659,397.08967523671248,606.65205336655799,71.646000000000001
E08000012,Liverpool,2021,674.90239602673034,1033.015237759314,1707.9176337860461,235.90700000000001
E08000013,St. Helens,2021,256.67667846968021,448.18795558658911,704.86463405626989,88.01
E08000014,Sefton,2021,411.58347909619692,358.64419373541142,770.22767283160806,135.63499999999999
E08000015,Wirral,2021,478.42698841444809,453.20576862979448,931.63275704424473,158.11099999999999
E08000017,Doncaster,2021,441.06425938920682,803.41222268715092,1244.4764820763569,147.166
E08000018,Rotherham,2021,365.90382401279692,587.8136252964382,953.71744930923319,125.57899999999999
E08000021,Newcastle upon Tyne,2021,397.15293769845778,642.60870956010274,1039.761647258561,140.35499999999999
E08000022,North Tyneside,2021,287.08324994954359,430.07029148616789,717.15354143571301,106.188
E08000023,South Tyneside,2021,195.68382984144219,186.1944403102332,381.87827015167687,75.665999999999997
E08000024,Sunderland,2021,371.8429016815939,686.03742243013676,1057.88032411173,138.11699999999999
E08000025,Birmingham,2021,1525.981734457315,2307.3753781003379,3833.3571125576732,474.22399999999999
E08000026,Coventry,2021,461.30311412091271,716.63973468725987,1177.9428488081719,151.18100000000001
E08000027,Dudley,2021,463.66733831035799,507.76684003587638,971.43417834623403,147.84200000000001
E08000028,Sandwell,2021,435.18113907098581,758.76691786112292,1193.9480569321081,143.446
E08000029,Solihull,2021,348.83773779083072,533.08786451246556,881.9256023032965,99.411000000000001
E08000030,Walsall,2021,403.46637641620771,480.96783330996192,884.43420972616707,124.684
E08000031,Wolverhampton,2021,380.9587913182196,510.28902888527352,891.2478202034963,119.002
E08000032,Bradford,2021,723.92707359428334,935.63871413435709,1659.565787728646,231.59
E08000033,Calderdale,2021,326.77744410577583,446.99500021219222,773.77244431796919,102.765
E08000034,Kirklees,2021,615.2089682820814,760.72596334682885,1375.934931628907,199.44499999999999
E08000035,Leeds,2021,1190.3059818221179,1816.9228847823999,3007.2288666045251,379.37700000000001
E08000036,Wakefield,2021,496.8846726420195,1093.6478502174641,1590.532522859487,170.863
E08000037,Gateshead,2021,272.38312903275698,492.38049085836991,764.76361989112684,100.048
E08000038,Barnsley,2021,347.76055350830438,535.72184086627396,883.48239437457664,118.84
E08000039,Sheffield,2021,755.61962451974762,1198.552513807475,1954.1721383272311,260.017
E09000001,City of London,2021,26.987928253999961,1570.468879512739,1597.4568077667391,13.419
E09000002,Barking and Dagenham,2021,248.48283023096101,302.41592062397302,550.89875085493247,82.908000000000001
E09000003,Barnet,2021,610.56572036951593,454.68211236837323,1065.2478327378881,167.298
E09000004,Bexley,2021,355.99706247367851,386.94187717178107,742.93893964545953,106.491
E09000005,Brent,2021,415.4816434410036,721.06896418987037,1136.55060763088,136.84200000000001
E09000006,Bromley,2021,525.65736235630834,359.60282011750689,885.26018247381796,151.81200000000001
E09000007,Camden,2021,332.29650725434283,1126.2998831636201,1458.5963904179659,128.809
E09000008,Croydon,2021,566.07309990979479,585.28879608379521,1151.36189599359,172.50800000000001
E09000009,Ealing,2021,464.67644694293978,869.49507591734277,1334.1715228602829,152.62299999999999
E09000010,Enfield,2021,460.69709498369508,507.88449265794537,968.58158764163898,135.00399999999999
E09000011,Greenwich,2021,365.27622780083288,423.01845640463029,788.29468420546391,127.717
E09000012,Hackney,2021,332.76965301269661,516.73190118287653,849.50155419557802,128.226
E09000013,Hammersmith and Fulham,2021,278.5044067944097,593.15137731657546,871.65578411098659,102.205
E09000014,Haringey,2021,342.85917230466032,408.70689147095868,751.56606377562014,119.83
E09000015,Harrow,2021,342.63936481784702,189.59636109794519,532.23572591579421,99.334000000000003
E09000016,Havering,2021,382.16178020646629,357.90272570797259,740.06450591444002,112.666
E09000017,Hillingdon,2021,417.79534354678242,1079.401840256164,1497.1971838029469,122.54300000000001
E09000018,Hounslow,2021,377.18815663978728,820.90784890684927,1198.0960055466339,113.929
E09000019,Islington,2021,301.71866622445521,654.49786333904126,956.21652956349487,121.79900000000001
E09000020,Kensington and Chelsea,2021,340.84921290623492,809.86705169392394,1150.716264600163,104.92
E09000021,Kingston upon Thames,2021,254.8790828969324,282.93804202288698,537.81712491981932,73.989000000000004
E09000022,Lambeth,2021,419.42013083078962,560.70592755886503,980.12605838965487,159.30500000000001
E09000023,Lewisham,2021,393.8163895763999,267.31320336164413,661.12959293804613,139.55500000000001
E09000024,Merton,2021,302.29277826974248,426.04241129476742,728.33518956450848,93.277000000000001
E09000025,Newham,2021,377.20640933713207,915.46836848547912,1292.674777822612,132.249
E09000026,Redbridge,2021,384.76557417603141,234.60841025739731,619.37398443342852,111.97799999999999
E09000027,Richmond upon Thames,2021,325.13072879080562,281.54861876813771,606.67934755894328,93.082999999999998
E09000028,Southwark,2021,432.04355798415793,823.58665690343867,1255.6302148875891,156.07900000000001
E09000029,Sutton,2021,310.61572876998667,330.82114390800018,641.436872677986,90.626999999999995
E09000030,Tower Hamlets,2021,429.91937707400399,2037.6321373310959,2467.5515144050992,153.22399999999999
E09000031,Waltham Forest,2021,329.74892752610901,300.77289034424678,630.5218178703567,113.67100000000001
E09000032,Wandsworth,2021,488.5994009691982,454.87250661061699,943.47190757981446,166.14400000000001
E09000033,Westminster,2021,469.70350452349379,2494.302245789509,2964.005750313006,161.47399999999999
S12000005,Clackmannanshire,2021,81.443982277232621,204.64828279698631,286.09226507421897,26.858000000000001
S12000006,Dumfries and Galloway,2021,299.01746363888981,493.1193844166541,792.13684805554499,87.852999999999994
S12000008,East Ayrshire,2021,181.51272991127391,222.4519828109589,403.96471272223312,62.511000000000003
S12000010,East Lothian,2021,188.2961144896021,274.43988388426698,462.73599837386939,56.329000000000001
S12000011,East Renfrewshire,2021,148.7507456659587,69.723453553013741,218.47419921897239,42.84
S12000013,Na h-Eileanan Siar,2021,83.935940969534087,65.607420599999983,149.54336156953411,19.875
S12000014,Falkirk,2021,253.44028150014981,373.58698699465748,627.02726849480882,83.024000000000001
S12000017,Highland,2021,625.49976637597763,902.14180678980529,1527.6415731657839,156.05199999999999
S12000018,Inverclyde,2021,120.7276464971897,161.86322219095899,282.59086868814887,42.542999999999999
S12000019,Midlothian,2021,139.66658602442649,195.28894043136981,334.95552645579647,45.442999999999998
S12000020,Moray,2021,176.9486113669042,289.0365984199999,465.98520978690368,52.276000000000003
S12000021,North Ayrshire,2021,227.14770720659001,354.7580818837809,581.90578909037254,76.141000000000005
S12000023,Orkney Islands,2021,80.673501999999715,57.595085009999977,138.26858700999941,16.510000000000002
S12000026,Scottish Borders,2021,233.54782370881799,275.88812034000011,509.43594404881611,69.727999999999994
S12000027,Shetland Islands,2021,95.276364000000015,82.369457340000039,177.64582133999991,18.591000000000001
S12000028,South Ayrshire,2021,188.6298537730126,249.8123680864384,438.44222185945051,62.290999999999997
S12000029,South Lanarkshire,2021,545.89433935506656,527.1985140682192,1073.092853423288,168.83699999999999
S12000030,Stirling,2021,168.9635159376291,287.64386699068501,456.60738292831451,48.390999999999998
S12000033,Aberdeen City,2021,368.09211603857841,596.33728952000001,964.42940555857899,133.328
S12000034,Aberdeenshire,2021,528.24571735489428,646.90328894931451,1175.149006304212,138.20500000000001
S12000035,Argyll and Bute,2021,254.43107389868379,231.96633124647781,486.39740514516012,63.579000000000001
S12000036,City of Edinburgh,2021,816.11748563346544,1234.8794078278629,2050.9968934613312,285.43599999999998
S12000038,Renfrewshire,2021,269.73997666247789,404.84307601440389,674.58305267688161,96.314999999999998
S12000039,West Dunbartonshire,2021,130.66579812094571,197.87104286979451,328.53684099074059,49.08
S12000040,West Lothian,2021,275.80616850273748,444.64702195246582,720.45319045520478,88.936999999999998
S12000041,Angus,2021,220.70875452276599,283.67989304999998,504.38864757276639,65.725999999999999
S12000042,Dundee City,2021,257.65852815857352,313.65167922999979,571.31020738857512,85.68
S12000045,East Dunbartonshire,2021,169.73867961782321,144.70975231528681,314.4484319331101,51.106999999999999
S12000047,Fife,2021,590.88869779359379,812.53661587298677,1403.425313666585,196.47499999999999
S12000048,Perth and Kinross,2021,323.90109585845101,355.57241532739772,679.47351118584959,88.611000000000004
S12000049,Glasgow City,2021,899.0826954335231,1566.559686458053,2465.6423818915632,345.35300000000001
S12000050,North Lanarkshire,2021,504.99271581308773,738.63402151397281,1243.626737327058,168.63499999999999
W06000001,Isle of Anglesey / Ynys Môn,2021,141.72585254648141,140.74676675849321,282.47261930497422,38.71
W06000002,Gwynedd / Gwynedd,2021,238.18303606608239,265.25963228119542,503.44266834727699,68.697000000000003
W06000003,Conwy / Conwy,2021,189.35383737720599,182.00075849328761,371.3545958704953,62.715000000000003
W06000004,Denbighshire / Sir Ddinbych,2021,160.34636218356241,185.9979707385753,346.34433292213657,48.619
W06000005,Flintshire / Sir y Fflint,2021,238.1626712613016,764.87673972753419,1003.039410988835,74.061999999999998
W06000006,Wrexham / Wrecsam,2021,204.5391883966266,581.67909757287657,786.21828596950365,64.247
W06000008,Ceredigion / Ceredigion,2021,151.26389134660209,180.69739289000009,331.96128423660173,39.307000000000002
W06000009,Pembrokeshire / Sir Benfro,2021,222.9817579703421,729.04978479419083,952.03154276453233,69.97
W06000010,Carmarthenshire / Sir Gaerfyrddin,2021,305.77068650391328,524.57145611450005,830.34214261841532,95.745999999999995
W06000011,Swansea / Abertawe,2021,346.81631206272237,483.10974703410938,829.92605909683596,120.251
W06000012,Neath Port Talbot / Castell-nedd Port Talbot,2021,201.38787814497289,1100.3711931708219,1301.7590713157949,69.671999999999997
W06000013,Bridgend / Pen-y-bont ar Ogwr,2021,203.1633950351787,306.30690613657521,509.4703011717541,69.269000000000005
W06000014,Vale of Glamorgan / Bro Morgannwg,2021,204.88768046794939,345.35723021602752,550.24491068397685,64.262
W06000015,Cardiff / Caerdydd,2021,499.68951729788461,917.29418026792564,1416.98369756581,168.32300000000001
W06000016,Rhondda Cynon Taf / Rhondda Cynon Taf,2021,325.96592472673012,374.55964562790399,700.52557035463531,116.006
W06000018,Caerphilly / Caerffili,2021,245.16716661784929,347.22487492794528,592.39204154579534,84.066000000000003
W06000019,Blaenau Gwent / Blaenau Gwent,2021,93.37177725243896,146.16172535301371,239.5335026054527,34.432000000000002
W06000020,Torfaen / Torfaen,2021,127.3257398362983,251.40848875112329,378.73422858742191,44.837000000000003
W06000021,Monmouthshire / Sir Fynwy,2021,162.220855124808,214.73185875671231,376.95271388152031,47.335999999999999
W06000022,Newport / Casnewydd,2021,219.79161330672551,596.27428645741099,816.06589976413636,73.802999999999997
W06000023,Powys / Powys,2021,253.443307020823,309.71238701849319,563.15569403931761,73.430999999999997
W06000024,Merthyr Tydfil / Merthyr Tudful,2021,79.282851967328668,103.48538451095889,182.76823647828769,28.486000000000001
E06000001,Hartlepool,2022,119.0637908522738,280.758658714452,399.82244956672548,47.091000000000001
E06000002,Middlesbrough,2022,174.29811286820521,232.8965906002876,407.19470346849278,68.131
E06000003,Redcar and Cleveland,2022,174.68104239578099,565.07305704565761,739.75409944143905,69.373000000000005
E06000004,Stockton-on-Tees,2022,249.43962231956419,772.24628742197262,1021.685909741536,94.117999999999995
E06000005,Darlington,2022,148.88813915404231,258.98290649128768,407.87104564533013,56.006999999999998
E06000006,Halton,2022,162.78419775242449,445.0533605861541,607.83755833857924,60.844000000000001
E06000007,Warrington,2022,285.22937272921888,533.81211459795884,819.04148732717658,100.637
E06000008,Blackburn with Darwen,2022,185.23770575279471,340.85975743272951,526.0974631855247,66.42
E06000009,Blackpool,2022,202.72513390076639,258.6632357194091,461.38836962017592,73.349999999999994
E06000010,"Kingston upon Hull, City of",2022,327.55554375748358,694.49229201717799,1022.04783577466,130.071
E06000011,East Riding of Yorkshire,2022,509.00219872342211,960.35181932756166,1469.3540180509819,175.26499999999999
E06000012,North East Lincolnshire,2022,209.8030921177984,549.22132444730153,759.02441656510143,78.247
E06000013,North Lincolnshire,2022,224.379658613103,838.29796604516434,1062.677624658269,81.587999999999994
E06000014,York,2022,275.77884055224928,407.77166152661653,683.55050207886575,98.158000000000001
E06000015,Derby,2022,335.96506902788383,584.11868563121936,920.08375465910308,119.438
E06000016,Leicester,2022,414.37677968335748,809.17238842323252,1223.5491681065939,147.55600000000001
E06000017,Rutland,2022,67.637494304260215,256.71569733382188,324.35319163808248,19.527999999999999
E06000018,Nottingham,2022,403.68978576192279,728.96258076286301,1132.652366524786,144.11199999999999
E06000019,"Herefordshire, County of",2022,322.1560750032732,545.24163100147916,867.39770600475015,96.840999999999994
E06000020,Telford and Wrekin,2022,236.34177682417899,544.94390219252045,781.28567901669783,86.073999999999998
E06000021,Stoke-on-Trent,2022,321.51221260928992,535.76060964509622,857.27282225438319,123.172
E06000022,Bath and North East Somerset,2022,288.71983718711488,299.89601277265081,588.61584995976636,94.093000000000004
E06000023,"Bristol, City of",2022,609.86168462191222,1007.859599259679,1617.7212838816019,222.39699999999999
E06000024,North Somerset,2022,318.3502601605901,366.37745304216321,684.72771320275285,107.20699999999999
E06000025,South Gloucestershire,2022,404.29058032513439,671.060716479137,1075.351296804271,133.56800000000001
E06000026,Plymouth,2022,338.37002934408241,467.42634793684817,805.79637728092689,128.905
E06000027,Torbay,2022,206.33764735404151,189.8713129219999,396.20896027604152,72.225999999999999
E06000030,Swindon,2022,311.57554136028659,555.76101275189058,867.33655411217637,106.715
E06000031,Peterborough,2022,268.61806888361531,579.24641271943801,847.86448160305372,94.584000000000003
E06000032,Luton,2022,256.67625345373921,359.29259809286322,615.96885154660174,85.885999999999996
E06000033,Southend-on-Sea,2022,260.21328928247988,256.99953299947953,517.21282228195821,87.9
E06000034,Thurrock,2022,245.8430303896285,646.4679472712055,892.31097766083235,74.283000000000001
E06000035,Medway,2022,373.57406826152533,383.59124140789811,757.16530966942639,125.49299999999999
E06000036,Bracknell Forest,2022,186.54659281697269,266.44533471162998,452.99192752860228,55.762
E06000037,West Berkshire,2022,291.16335399875322,520.69304385834221,811.85639785709475,76.790000000000006
E06000038,Reading,2022,237.35693724394369,425.53329369187679,662.89023093582011,78.563999999999993
E06000039,Slough,2022,186.87411999365489,1462.570183013383,1649.4443030070379,60.137
E06000040,Windsor and Maidenhead,2022,260.61518694616302,364.77511167395909,625.39029862012342,71.122
E06000041,Wokingham,2022,267.41372936460448,319.32432719232889,586.73805655693366,77.381
E06000042,Milton Keynes,2022,389.04805926881141,863.55429832836978,1252.602357597181,128.578
E06000043,Brighton and Hove,2022,383.61676599169073,450.0247943967255,833.64156038841861,143.197
E06000044,Portsmouth,2022,266.85331333825218,483.93210026191781,750.78541360017118,97.623000000000005
E06000045,Southampton,2022,354.26212823423663,450.92318856124638,805.18531679548141,117.48099999999999
E06000046,Isle of Wight,2022,233.0605488929121,249.4404739412943,482.5010228342062,79.787000000000006
E06000047,County Durham,2022,677.39932005458854,1063.889078618746,1741.288398673337,263.774
E06000049,Cheshire East,2022,630.50333548741742,893.05519978410246,1523.55853527152,197.82300000000001
E06000050,Cheshire West and Chester,2022,513.64267635337444,1317.56641605852,1831.20909241189,172.46199999999999
E06000051,Shropshire,2022,516.03461027735113,748.41917304576782,1264.4537833231191,162.774
E06000052,Cornwall,2022,1122.9838758319511,1175.3028666782409,2298.2867425101999,316.62799999999999
E06000053,Isles of Scilly,2022,6.7194572000000043,8.8910808118493119,15.61053801184932,1.671
E06000054,Wiltshire,2022,883.14222928142874,1201.2555570443819,2084.3977863258142,249.56700000000001
E06000055,Bedford,2022,267.23463409287939,412.12988003186302,679.36451412474105,84.263999999999996
E06000056,Central Bedfordshire,2022,442.43540089524009,531.62887560319211,974.0642764984334,137.66
E06000057,Northumberland,2022,494.29003512838341,902.56284740930141,1396.8528825376859,174.19399999999999
E06000058,"Bournemouth, Christchurch and Poole",2022,584.75761576769503,717.19111910099957,1301.948734868701,201.51300000000001
E06000059,Dorset,2022,643.68235384976799,821.38069324207549,1465.06304709184,205.309
E06000060,Buckinghamshire,2022,927.85683596167337,929.43104210706781,1857.2878780687349,251.58199999999999
E06000061,North Northamptonshire,2022,507.76606923539231,936.19993369775352,1443.9660029331401,167.17599999999999
E06000062,West Northamptonshire,2022,639.58908309207595,999.67544251939501,1639.264525611479,193.96700000000001
E06000063,Cumberland,2022,419.28878601388351,716.05919236144416,1135.3479783753251,147.203
E06000064,Westmorland and Furness,2022,401.12424826987552,857.31651707882156,1258.4407653486951,129.62799999999999
E06000065,North Yorkshire,2022,1036.8013383192781,1855.41758859077,2892.2189269100409,332.19499999999999
E06000066,Somerset,2022,946.25466336701516,1271.842419155239,2218.0970825222539,293.16300000000001
E07000008,Cambridge,2022,170.29259518802681,555.18592999357554,725.47852518160289,62.058999999999997
E07000009,East Cambridgeshire,2022,151.29747155027351,229.83618864158899,381.13366019186208,43.357999999999997
E07000010,Fenland,2022,164.7992087493156,306.94894910843851,471.7481578577536,49.939
E07000011,Huntingdonshire,2022,279.62256922520572,462.57063331222253,742.19320253743001,87.576999999999998
E07000012,South Cambridgeshire,2022,278.95622016141391,481.99644140142459,760.95266156283901,77.054000000000002
E07000032,Amber Valley,2022,187.8441723001836,317.98576478573972,505.82993708592312,63.280999999999999
E07000033,Bolsover,2022,108.6815957328627,227.54979757435621,336.23139330721853,39.741999999999997
E07000034,Chesterfield,2022,138.39699064034309,216.51847074690409,354.91546138724669,54.006999999999998
E07000035,Derbyshire Dales,2022,128.37680293394331,237.2354599741096,365.61226290805251,39.722999999999999
E07000036,Erewash,2022,156.48799094286741,207.23677382431509,363.72476476718219,55.819000000000003
E07000037,High Peak,2022,136.20822202287661,560.811747510685,697.01996953356138,46.6
E07000038,North East Derbyshire,2022,142.7858349858777,242.82463875171939,385.61047373759709,50.448999999999998
E07000039,South Derbyshire,2022,158.84084244689089,328.69571394767132,487.53655639456213,51.29
E07000040,East Devon,2022,245.9430449435784,221.73215374420269,467.67519868778169,80.47
E07000041,Exeter,2022,161.58508797535171,337.0839844469312,498.66907242228308,61.183999999999997
E07000042,Mid Devon,2022,140.49614314433009,186.67049639122621,327.16663953555599,41.234000000000002
E07000043,North Devon,2022,165.4267962178501,239.10713914900691,404.53393536685797,53.869
E07000044,South Hams,2022,184.7108588673145,225.31357139793809,410.02443026525168,53.801000000000002
E07000045,Teignbridge,2022,220.30233527976549,199.92244257391081,420.22477785367539,70.515000000000001
E07000046,Torridge,2022,121.318087377041,120.901590338418,242.2196777154596,37.185000000000002
E07000047,West Devon,2022,102.2031066720821,117.6141415333835,219.8172482054654,30.07
E07000061,Eastbourne,2022,143.85038980110181,159.61269377513699,303.46308357623838,53.155000000000001
E07000062,Hastings,2022,129.75125074121181,121.7376472766576,251.48889801786939,47.295000000000002
E07000063,Lewes,2022,161.9403319262872,133.5213580673973,295.4616899936841,50.463999999999999
E07000064,Rother,2022,171.65691701830289,156.98106153571629,328.63797855401941,50.753
E07000065,Wealden,2022,289.54873975038112,198.7957052125825,488.34444496296288,78.503
E07000066,Basildon,2022,270.2121792286228,374.44027668069901,644.65245590932057,84.694999999999993
E07000067,Braintree,2022,248.68512663588999,233.474011530014,482.15913816590398,73.415000000000006
E07000068,Brentwood,2022,132.5795853171233,124.47671700184929,257.05630231897288,37.299999999999997
E07000069,Castle Point,2022,134.98139814083561,79.199824038999992,214.181222179836,40.207000000000001
E07000070,Chelmsford,2022,289.86082044900002,354.59394246194489,644.45476291094474,84.635999999999996
E07000071,Colchester,2022,283.20771236405551,342.92779311871129,626.13550548276953,90.111999999999995
E07000072,Epping Forest,2022,228.3215935504025,190.42719729778781,418.74879084819082,61.807000000000002
E07000073,Harlow,2022,118.61728501572659,242.34302498408221,360.96030999980883,42.594000000000001
E07000074,Maldon,2022,121.7696574013971,115.68085709824661,237.45051449964359,32.076000000000001
E07000075,Rochford,2022,130.59267031302119,103.6901040215616,234.28277433458319,39.441000000000003
E07000076,Tendring,2022,238.5040292227855,213.25086128368491,451.75489050646991,77.867000000000004
E07000077,Uttlesford,2022,169.40555035368149,199.41932352454799,368.82487387822943,42.69
E07000078,Cheltenham,2022,176.0450875216186,279.98247277169872,456.02756029331721,61.19
E07000079,Cotswold,2022,205.59402223139929,197.1012311247807,402.69525335618039,51.969000000000001
E07000080,Forest of Dean,2022,151.71310338371211,213.2109185340959,364.92402191780781,43.223999999999997
E07000081,Gloucester,2022,178.7498353376568,311.70100539169857,490.45084072935578,62.423999999999999
E07000082,Stroud,2022,203.46084506774659,256.89753757602739,460.35838264377389,60.704000000000001
E07000083,Tewkesbury,2022,147.42666567827919,276.85170012863023,424.27836580690888,47.63
E07000084,Basingstoke and Deane,2022,288.11788637563149,438.87162580189027,726.98951217752153,86.256
E07000085,East Hampshire,2022,219.62753640164379,184.915600348986,404.54313675063122,60.651000000000003
E07000086,Eastleigh,2022,188.12796650835611,272.37307066804101,460.50103717639678,63.582999999999998
E07000087,Fareham,2022,160.76070616885011,219.4946080691918,380.25531423804148,53.606000000000002
E07000088,Gosport,2022,114.7496561878302,119.5536269634658,234.303283151296,39.982999999999997
E07000089,Hart,2022,158.94063651095971,272.71487166975339,431.65550818071318,45.264000000000003
E07000090,Havant,2022,177.84807095656089,169.63219372123291,347.48026467779408,60.366999999999997
E07000091,New Forest,2022,292.66905277734418,391.00961781567088,683.67867059301352,89.61
E07000092,Rushmoor,2022,129.28130245983641,204.67839942875349,333.9597018885899,44.029000000000003
E07000093,Test Valley,2022,220.08823505510961,295.29722777616428,515.38546283127471,63.34
E07000094,Winchester,2022,218.33531504795991,331.14589962204121,549.48121467000021,62.122
E07000095,Broxbourne,2022,145.43097726990419,199.25667610987671,344.68765337978112,44.817
E07000096,Dacorum,2022,236.0126497412065,469.29708448102753,705.30973422223303,72.024000000000001
E07000098,Hertsmere,2022,171.8130223869322,245.67463781764391,417.48766020457577,48.307000000000002
E07000099,North Hertfordshire,2022,209.82832252350809,240.77459367565771,450.60291619916501,63.377000000000002
E07000102,Three Rivers,2022,150.6770364531512,198.73544907699991,349.41248553015129,40.69
E07000103,Watford,2022,137.9611754267533,276.18561920330131,414.14679463005473,44.948
E07000105,Ashford,2022,206.6418435599588,260.45680501513039,467.09864857508921,62.002000000000002
E07000106,Canterbury,2022,219.48053118471981,292.79913174949348,512.27966293421252,74.081000000000003
E07000107,Dartford,2022,154.83163499271731,240.98579936857541,395.81743436129261,52.673000000000002
E07000108,Dover,2022,162.76662185445139,203.93224155223271,366.69886340668518,58.773000000000003
E07000109,Gravesham,2022,142.68322725507161,242.5201681586164,385.20339541368799,47.014000000000003
E07000110,Maidstone,2022,266.03696657269751,338.97116832957551,605.00813490227245,81.984999999999999
E07000111,Sevenoaks,2022,217.01639140274031,177.91374827680821,394.93013967954892,55.841000000000001
E07000112,Folkestone and Hythe,2022,166.58313878772529,206.92603268996561,373.50917147769132,57.107999999999997
E07000113,Swale,2022,208.85816469853151,452.82824616802731,661.68641086655816,68.608000000000004
E07000114,Thanet,2022,202.6627689587491,229.4003149648631,432.063083923612,74.069999999999993
E07000115,Tonbridge and Malling,2022,200.4729884559728,249.14851227909591,449.62150073506922,59.970999999999997
E07000116,Tunbridge Wells,2022,203.26798782162959,253.17242352573959,456.44041134737,56.738
E07000117,Burnley,2022,117.62941472787649,195.7080367586575,313.33745148653412,44.703000000000003
E07000118,Chorley,2022,163.33232834362931,182.87165541657529,346.20398376020478,55.15
E07000119,Fylde,2022,133.24577173914989,194.64607016067129,327.89184189982132,43.448999999999998
E07000120,Hyndburn,2022,103.1275611100411,169.11327042367131,272.24083153371248,39.679000000000002
E07000121,Lancaster,2022,197.83255709886339,293.23810443647938,491.07066153534339,69.013999999999996
E07000122,Pendle,2022,119.0636587838908,181.35340556387669,300.41706434776768,43.587000000000003
E07000123,Preston,2022,199.53329570593289,335.76752042967121,535.30081613560446,70.213999999999999
E07000124,Ribble Valley,2022,103.05192598957559,312.10840057215057,415.16032656172632,31.163
E07000125,Rossendale,2022,101.5640888923563,191.61877573930141,293.18286463165742,34.427
E07000126,South Ribble,2022,153.5206602172054,258.05854662354778,411.57920684075339,54.496000000000002
E07000127,West Lancashire,2022,168.25658542308241,362.60631000882199,530.86289543190435,54.17
E07000128,Wyre,2022,166.4283230748905,288.56295190078077,454.99127497567127,57.09
E07000129,Blaby,2022,138.8945918914001,224.95899548779451,363.85358737919461,46.442999999999998
E07000130,Charnwood,2022,237.98033368910239,404.90049575606861,642.88082944517168,82.441999999999993
E07000131,Harborough,2022,157.0526340163282,177.59837082301371,334.65100483934242,46.896999999999998
E07000132,Hinckley and Bosworth,2022,168.39985635083551,233.98913104320459,402.38898739404038,55.170999999999999
E07000133,Melton,2022,84.332144325917724,163.93972129957891,248.27186562549659,26.274000000000001
E07000134,North West Leicestershire,2022,160.89480270073349,404.79182980987667,565.68663251061025,50.991999999999997
E07000135,Oadby and Wigston,2022,73.718615149328841,84.180021953561663,157.8986371028906,25.452000000000002
E07000136,Boston,2022,104.6609173078902,184.2816733525616,288.9425906604522,33.533999999999999
E07000137,East Lindsey,2022,250.4872209024372,381.44689630187662,631.93411720431504,76.27
E07000138,Lincoln,2022,122.1527505584384,219.6149075954728,341.76765815391161,47.688000000000002
E07000139,North Kesteven,2022,182.5939245387795,253.14169133865761,435.73561587743632,57.521000000000001
E07000140,South Holland,2022,156.90382420668479,310.52969032704112,467.433514533726,46.566000000000003
E07000141,South Kesteven,2022,227.88386864191699,344.85713793879432,572.74100658071211,70.576999999999998
E07000142,West Lindsey,2022,151.23740334754959,190.81642387328779,342.05382722083772,48.506
E07000143,Breckland,2022,244.79502774423281,280.71376746632899,525.50879521056197,69.111000000000004
E07000144,Broadland,2022,209.70297558597269,212.80454333502729,422.50751892100021,64.682000000000002
E07000145,Great Yarmouth,2022,153.94106710861729,171.24348682875339,325.18455393737031,50.835000000000001
E07000146,King's Lynn and West Norfolk,2022,299.55409347572908,442.19599214491802,741.750085620645,80.644999999999996
E07000147,North Norfolk,2022,215.97075731727469,258.35048135116438,474.32123866843881,62.069000000000003
E07000148,Norwich,2022,181.76903173457629,292.6947747493698,474.46380648394751,73.572000000000003
E07000149,South Norfolk,2022,249.1385986145761,263.48647300034253,512.62507161492033,69.838999999999999
E07000170,Ashfield,2022,167.1539417200126,314.2994411690409,481.4533828890535,59.783000000000001
E07000171,Bassetlaw,2022,176.88153301113309,343.46901224963028,520.35054526076215,58.871000000000002
E07000172,Broxtowe,2022,151.94008254452109,145.15917870371231,297.09926124823278,53.82
E07000173,Gedling,2022,169.0910079150274,143.99487664112331,313.08588455615109,56.752000000000002
E07000174,Mansfield,2022,143.87063487338281,217.22078469416431,361.09141956754712,53.576999999999998
E07000175,Newark and Sherwood,2022,188.17882819807269,304.22330109145207,492.40212928952559,61.106000000000002
E07000176,Rushcliffe,2022,181.2067167631233,205.27952683852061,386.48624360164342,56.621000000000002
E07000177,Cherwell,2022,256.05318344121889,440.90438930395891,696.95757274517757,76.207999999999998
E07000178,Oxford,2022,189.7317318646308,547.25702593778078,736.98875780241156,65.45
E07000179,South Oxfordshire,2022,267.46089245208151,452.03460125302729,719.49549370510999,72.262
E07000180,Vale of White Horse,2022,228.4929391386724,454.08928665601383,682.58222579468691,68.263999999999996
E07000181,West Oxfordshire,2022,207.92058615037001,291.60353188409601,499.52411803446529,58.417000000000002
E07000192,Cannock Chase,2022,139.04531665898571,152.35939246160271,291.40470912058868,48.518000000000001
E07000193,East Staffordshire,2022,177.63087475117771,444.85197650324289,622.48285125442123,58.960999999999999
E07000194,Lichfield,2022,163.4271044127201,238.7064857039999,402.13359011672088,51.606000000000002
E07000195,Newcastle-under-Lyme,2022,168.45994266126749,250.4005064838083,418.86044914507607,59.484000000000002
E07000196,South Staffordshire,2022,161.954031531863,279.20708653095932,441.16111806282322,51.341000000000001
E07000197,Stafford,2022,202.15710783898399,287.60636658689072,489.76347442587439,67.322999999999993
E07000198,Staffordshire Moorlands,2022,144.3155647610692,277.76234026416438,422.07790502523369,48.072000000000003
E07000199,Tamworth,2022,108.048263186726,153.3653091749315,261.4135723616576,36.646999999999998
E07000200,Babergh,2022,165.74638282131329,168.1460223271645,333.89240514847819,46.381
E07000202,Ipswich,2022,188.31245353156251,218.20583704484929,406.5182905764114,65.789000000000001
E07000203,Mid Suffolk,2022,195.30487989823331,248.43898147882189,443.74386137705591,51.923999999999999
E07000207,Elmbridge,2022,260.01705503918538,218.53822932167131,478.55528436085558,63.561999999999998
E07000208,Epsom and Ewell,2022,118.77333184746639,81.357781392164398,200.13111323963099,35.052
E07000209,Guildford,2022,233.54124606378809,306.31657875879472,539.8578248225831,64.754000000000005
E07000210,Mole Valley,2022,158.8660032729652,211.61537392730131,370.48137720026659,41.701000000000001
E07000211,Reigate and Banstead,2022,237.41099524067289,315.21961977611551,552.63061501678851,68.391999999999996
E07000212,Runnymede,2022,142.8826183824321,225.3791280676848,368.26174645011679,39.707999999999998
E07000213,Spelthorne,2022,153.47251732291599,188.76160547271229,342.23412279562859,46.936999999999998
E07000214,Surrey Heath,2022,146.04404216371239,174.904420613274,320.94846277698599,40.555
E07000215,Tandridge,2022,156.4695505025484,122.6598977772328,279.129448279781,40.698
E07000216,Waverley,2022,234.35540233608111,162.9736844121644,397.32908674824489,60.999000000000002
E07000217,Woking,2022,166.83685687697289,355.93449619382187,522.77135307079482,46.533000000000001
E07000218,North Warwickshire,2022,101.22608633549331,439.36398262128762,540.59006895678101,31.692
E07000219,Nuneaton and Bedworth,2022,182.10873674057609,202.71795989734241,384.8266966379183,63.405999999999999
E07000220,Rugby,2022,167.69413644101391,465.81853888930141,633.51267533031466,53.673999999999999
E07000221,Stratford-on-Avon,2022,261.62203961021959,345.16743120642468,606.78947081664319,70.649000000000001
E07000222,Warwick,2022,234.15735246150771,350.22122793760872,584.37858039911816,72.695999999999998
E07000223,Adur,2022,92.670768989356276,119.4177186480137,212.08848763737001,30.741
E07000224,Arun,2022,252.42101397175611,198.0052928180823,450.42630678983772,82.840999999999994
E07000225,Chichester,2022,244.3725149128083,313.60503180960308,557.97754672241206,67.081999999999994
E07000226,Crawley,2022,144.87361912556739,431.64540442228758,576.51902354785466,49.805999999999997
E07000227,Horsham,2022,258.8549484759431,236.0742030932353,494.92915156917928,71.043000000000006
E07000228,Mid Sussex,2022,249.8764632639718,230.05650608736971,479.93296935134202,73.802000000000007
E07000229,Worthing,2022,161.5818188990537,143.3506399330274,304.93245883208129,55.316000000000003
E07000234,Bromsgrove,2022,153.7659974515168,147.87740857273971,301.64340602425699,45.901000000000003
E07000235,Malvern Hills,2022,141.5324764008073,140.0927291743013,281.6252055751084,40.578000000000003
E07000236,Redditch,2022,113.8071745138224,175.05334184605471,288.86051635987758,39.840000000000003
E07000237,Worcester,2022,140.69081922869819,218.8757807999589,359.56660002865732,50.018999999999998
E07000238,Wychavon,2022,219.24160026472529,355.34182017258922,574.58342043731409,64.932000000000002
E07000239,Wyre Forest,2022,150.0014790740556,190.1042352270274,340.10571430108308,49.634999999999998
E07000240,St Albans,2022,230.93153499986349,207.89433432461641,438.82586932447998,66.622
E07000241,Welwyn Hatfield,2022,169.68364299415069,496.1877484841628,665.87139147831351,52.433999999999997
E07000242,East Hertfordshire,2022,261.82739488826007,241.0677338713152,502.89512875957541,71.644999999999996
E07000243,Stevenage,2022,113.0239002875479,220.17976193554799,333.20366222309582,39.886000000000003
E07000244,East Suffolk,2022,414.72226184023077,589.35314476919189,1004.075406609426,129.91999999999999
E07000245,West Suffolk,2022,291.21413914401512,540.00046214920587,831.21460129321861,88.295000000000002
E08000001,Bolton,2022,380.26230374771188,477.28994437860331,857.55224812631559,133.584
E08000002,Bury,2022,259.07774979872369,301.62448048487681,560.70223028360124,89.534999999999997
E08000003,Manchester,2022,758.82459587930032,1616.6310135968499,2375.4556094761551,251.44
E08000004,Oldham,2022,284.53134481848508,381.18819819895913,665.71954301744438,103.248
E08000005,Rochdale,2022,283.06883913011058,435.03330251049312,718.10214164060494,101.27500000000001
E08000006,Salford,2022,417.33168305168891,557.49770706468485,974.8293901163762,137.48500000000001
E08000007,Stockport,2022,417.97063179971389,473.76545560639181,891.73608740610325,140.309
E08000008,Tameside,2022,296.51777023132632,371.14336002921948,667.66113026054666,109.88800000000001
E08000009,Trafford,2022,339.34211577107249,887.70578172316482,1227.047897494235,109.571
E08000010,Wigan,2022,431.86664499281022,601.04659691105337,1032.9132419038619,157.79900000000001
E08000011,Knowsley,2022,192.57244561235461,377.44099863034239,570.01344424269769,72.197999999999993
E08000012,Liverpool,2022,626.19665794999389,1070.4573934744801,1696.6540514244821,237.12799999999999
E08000013,St. Helens,2022,233.67020962078229,441.14875760480828,674.8189672255902,88.17
E08000014,Sefton,2022,375.21701497448839,330.04184280808221,705.25885778257089,136.166
E08000015,Wirral,2022,436.24086723975648,443.26445865289043,879.50532589264719,158.91
E08000017,Doncaster,2022,398.44850970709518,803.71900249828775,1202.1675122053821,148.221
E08000018,Rotherham,2022,331.29751558947788,575.26350588489015,906.56102147436764,126.239
E08000021,Newcastle upon Tyne,2022,374.26118267145853,661.38101881822558,1035.642201489688,141.345
E08000022,North Tyneside,2022,264.18319870459209,429.30869722345591,693.49189592804885,106.75700000000001
E08000023,South Tyneside,2022,178.0203584009333,180.98188036561641,359.00223876655042,75.81
E08000024,Sunderland,2022,344.16215287941151,697.71917679898604,1041.881329678399,139.113
E08000025,Birmingham,2022,1424.705315639734,2292.4629225804379,3717.1682382201921,476.459
E08000026,Coventry,2022,431.97174333086241,692.74480150652016,1124.7165448373819,151.81899999999999
E08000027,Dudley,2022,422.0345056861504,489.38426143656147,911.41876712271301,148.19900000000001
E08000028,Sandwell,2022,402.8053734006379,733.98287438764305,1136.7882477882849,143.821
E08000029,Solihull,2022,319.16032549335182,560.67072505904093,879.83105055239355,99.968000000000004
E08000030,Walsall,2022,368.19428329514989,475.17944437962979,843.37372767478064,124.96599999999999
E08000031,Wolverhampton,2022,351.25552126837351,513.29108492424632,864.54660619261836,119.09
E08000032,Bradford,2022,667.87869326972771,889.61265329049399,1557.4913465602331,232.06399999999999
E08000033,Calderdale,2022,298.259277036627,430.85996521449312,729.11924225111909,102.852
E08000034,Kirklees,2022,558.72788631056108,725.73899818918471,1284.4668844997509,199.649
E08000035,Leeds,2022,1091.170697040362,1798.975207559153,2890.1459045995111,381.363
E08000036,Wakefield,2022,451.78828460113448,1074.9345674059859,1526.7228520071189,171.858
E08000037,Gateshead,2022,250.64313851361419,493.57390648109629,744.21704499471002,100.241
E08000038,Barnsley,2022,312.27997005255139,527.40006226028754,839.68003231283842,119.256
E08000039,Sheffield,2022,698.07246752481092,1219.50868378367,1917.5811513084909,260.92700000000002
E09000001,City of London,2022,25.610268804082189,1620.287097718973,1645.8973665230551,13.387
E09000002,Barking and Dagenham,2022,234.50414279095779,317.06785938536967,551.57200217632874,83.510999999999996
E09000003,Barnet,2022,579.82595034432563,455.14217177536023,1034.9681221196849,169.67699999999999
E09000004,Bexley,2022,326.67411265268419,395.97457290804113,722.64868556072781,107.036
E09000005,Brent,2022,398.45207144912911,736.89061941494572,1135.3426908640761,137.88800000000001
E09000006,Bromley,2022,483.85139230215168,342.80577452372597,826.65716682587868,152.411
E09000007,Camden,2022,313.17719015005798,1168.81780077233,1481.994990922391,129.322
E09000008,Croydon,2022,530.2964159925906,581.96327665419153,1112.2596926467829,174.166
E09000009,Ealing,2022,443.33633280575361,899.18668468337012,1342.523017489123,154.886
E09000010,Enfield,2022,433.70677457720308,500.87448593695888,934.58126051416377,135.09700000000001
E09000011,Greenwich,2022,344.33784792428918,430.18447284665729,774.52232077094607,128.97200000000001
E09000012,Hackney,2022,316.82444323886511,516.23083313604138,833.05527637490718,128.49199999999999
E09000013,Hammersmith and Fulham,2022,263.30140792846788,612.95581330431469,876.25722123278206,102.928
E09000014,Haringey,2022,328.21187161162902,415.34829499987637,743.56016661150477,120.928
E09000015,Harrow,2022,319.07656234790448,194.0016613954383,513.07822374334364,99.914000000000001
E09000016,Havering,2022,350.90160825729151,357.35441947356151,708.25602773085473,113.48099999999999
E09000017,Hillingdon,2022,391.75129851761722,1180.8034441042471,1572.5547426218641,123.708
E09000018,Hounslow,2022,356.47643573387609,857.33576873150685,1213.812204465383,115.24
E09000019,Islington,2022,282.24069696300171,682.94428672832873,965.18498369133044,122.2
E09000020,Kensington and Chelsea,2022,322.25450991119237,884.30326156352658,1206.5577714747201,104.91
E09000021,Kingston upon Thames,2022,236.13360295413861,285.61754775143498,521.75115070557285,74.763000000000005
E09000022,Lambeth,2022,396.22156202000048,563.64758810386422,959.86915012386658,159.697
E09000023,Lewisham,2022,372.76384762739582,265.19898411253439,637.96283173993356,140.72
E09000024,Merton,2022,283.72636161172761,425.1446438336302,708.87100544535895,93.631
E09000025,Newham,2022,362.21318200177308,946.90019824634226,1309.113380248117,134.46700000000001
E09000026,Redbridge,2022,358.59704783727489,230.5362783360824,589.1333261733572,112.089
E09000027,Richmond upon Thames,2022,298.43853206386598,282.08540752599981,580.52393958986863,93.262
E09000028,Southwark,2022,408.61440866995571,844.58866346846582,1253.2030721384201,157.38999999999999
E09000029,Sutton,2022,286.94912031758793,334.48261213949343,621.43173245708192,91.186999999999998
E09000030,Tower Hamlets,2022,411.16177587246511,2007.679092325438,2418.840868197899,154.827
E09000031,Waltham Forest,2022,310.79804184740908,290.63886853786317,601.43691038527118,114.461
E09000032,Wandsworth,2022,460.8190365874828,466.82166824283581,927.64070483031571,168.416
E09000033,Westminster,2022,450.94233929093622,2724.639700451869,3175.5820397428042,162.114
S12000005,Clackmannanshire,2022,73.122281265027425,196.87731056343841,269.99959182846573,26.911999999999999
S12000006,Dumfries and Galloway,2022,268.81874730453598,458.85677167905118,727.67551898358499,87.661000000000001
S12000008,East Ayrshire,2022,162.35035496469749,223.59069977626021,385.94105474095733,62.87
S12000010,East Lothian,2022,171.14038212083619,273.72492117431511,444.86530329515159,57.26
S12000011,East Renfrewshire,2022,135.8851147077533,68.577914861986315,204.46302956973949,43.267000000000003
S12000013,Na h-Eileanan Siar,2022,78.217418945438283,63.047244916520533,141.26466386195881,19.966999999999999
S12000014,Falkirk,2022,227.4211484720413,361.91829891260272,589.33944738464311,83.197000000000003
S12000017,Highland,2022,575.48845179490877,828.78370029794894,1404.2721520928601,157.23099999999999
S12000018,Inverclyde,2022,107.8004367931032,160.58593997710949,268.38637677021279,42.439
S12000019,Midlothian,2022,126.2652713215909,208.1773831745069,334.44265449609719,46.343000000000004
S12000020,Moray,2022,160.75135632636849,288.51469878238362,449.26605510875152,52.606999999999999
S12000021,North Ayrshire,2022,205.25239377782091,362.73210108726011,567.98449486508139,76.369
S12000023,Orkney Islands,2022,76.06096373397267,56.691606402794527,132.7525701367671,16.638000000000002
S12000026,Scottish Borders,2022,211.05215121580201,280.05093641763011,491.10308763343272,69.69
S12000027,Shetland Islands,2022,89.096865838410821,81.270000113753454,170.3668659521644,18.687999999999999
S12000028,South Ayrshire,2022,168.46589773765581,252.04958218380821,420.51547992146391,62.438000000000002
S12000029,South Lanarkshire,2022,493.50862071181251,517.36605970253436,1010.8746804143429,169.822
S12000030,Stirling,2022,156.60232894301291,291.14007385058909,447.74240279360203,48.646000000000001
S12000033,Aberdeen City,2022,335.12932073481511,603.9213773414931,939.050698076309,134.065
S12000034,Aberdeenshire,2022,479.15913235880021,633.28330600964443,1112.442438368445,139.20400000000001
S12000035,Argyll and Bute,2022,232.52739716869851,233.83847054154651,466.36586771024378,63.529000000000003
S12000036,City of Edinburgh,2022,747.21758926852294,1276.2070726728771,2023.4246619414009,287.57400000000001
S12000038,Renfrewshire,2022,246.25300834280799,417.53306543749341,663.78607378030074,97.025000000000006
S12000039,West Dunbartonshire,2022,117.4113708498224,198.4764744061782,315.88784525600039,49.097999999999999
S12000040,West Lothian,2022,249.32426177456159,444.2330913352738,693.55735310983539,90.143000000000001
S12000041,Angus,2022,201.25779608728001,274.70522339093139,475.9630194782124,65.834999999999994
S12000042,Dundee City,2022,238.81743070982179,296.73546032089018,535.55289103071084,86.105000000000004
S12000045,East Dunbartonshire,2022,152.7862008630816,142.61094192473891,295.39714278782083,51.268000000000001
S12000047,Fife,2022,529.69729521138356,812.90747418336957,1342.604769394751,197.369
S12000048,Perth and Kinross,2022,299.90820747215031,361.83346461086302,661.74167208301537,89.486999999999995
S12000049,Glasgow City,2022,824.14170938427048,1581.3148647589969,2405.456574143268,345.73399999999998
S12000050,North Lanarkshire,2022,452.84320148120582,732.19218009479425,1185.035381576,169.518
W06000001,Isle of Anglesey / Ynys Môn,2022,125.9584469032871,140.94245321004109,266.90090011332762,38.881999999999998
W06000002,Gwynedd / Gwynedd,2022,212.55661989772659,261.81944827860258,474.37606817633008,68.662000000000006
W06000003,Conwy / Conwy,2022,169.2767581003848,181.07582109593139,350.3525791963163,62.816000000000003
W06000004,Denbighshire / Sir Ddinbych,2022,143.80599602626069,185.2563842549315,329.06238028119259,48.917999999999999
W06000005,Flintshire / Sir y Fflint,2022,213.33175050319031,741.06215766458888,954.39390816777927,74.328000000000003
W06000006,Wrexham / Wrecsam,2022,184.48028042250439,581.62877885761657,766.10905928012073,64.463999999999999
W06000008,Ceredigion / Ceredigion,2022,137.43588768109609,180.11540968865759,317.55129736975289,39.549999999999997
W06000009,Pembrokeshire / Sir Benfro,2022,199.9493008376179,595.81673804762909,795.76603888524835,70.611000000000004
W06000010,Carmarthenshire / Sir Gaerfyrddin,2022,276.64445085143723,516.60867458470568,793.25312543614257,96.396000000000001
W06000011,Swansea / Abertawe,2022,317.95471634226112,482.62771504039699,800.58243138265811,120.901
W06000012,Neath Port Talbot / Castell-nedd Port Talbot,2022,181.6434053597543,951.08794467536995,1132.731350035124,70.028000000000006
W06000013,Bridgend / Pen-y-bont ar Ogwr,2022,182.26822489034041,308.04447469783548,490.31269958817597,69.718000000000004
W06000014,Vale of Glamorgan / Bro Morgannwg,2022,187.03939863573959,379.55953704075353,566.59893567649215,64.995000000000005
W06000015,Cardiff / Caerdydd,2022,468.80623039333028,932.6821399805558,1401.4883703738831,170.63499999999999
W06000016,Rhondda Cynon Taf / Rhondda Cynon Taf,2022,297.4079429436577,365.09730285554821,662.50524579920773,116.72799999999999
W06000018,Caerphilly / Caerffili,2022,220.84622030469811,343.98024168408222,564.82646198878001,84.542000000000002
W06000019,Blaenau Gwent / Blaenau Gwent,2022,84.884446532109081,141.84185067330131,226.72629720541019,34.651000000000003
W06000020,Torfaen / Torfaen,2022,114.27675447350229,247.718223636685,361.99497811018722,45.127000000000002
W06000021,Monmouthshire / Sir Fynwy,2022,146.27595525483511,211.65983345572599,357.93578871056138,47.811
W06000022,Newport / Casnewydd,2022,201.86039075545179,628.39734260909586,830.25773336454756,74.468999999999994
W06000023,Powys / Powys,2022,226.10391416600001,301.98171699483572,528.08563116083644,73.825000000000003
W06000024,Merthyr Tydfil / Merthyr Tudful,2022,72.592459623041037,106.21301175187671,178.80547137491769,28.597000000000001
E06000001,Hartlepool,2023,120.59236141428789,274.1017935570685,394.69415497135623,47.506
E06000002,Middlesbrough,2023,177.95391600849459,226.16870412945201,404.1226201379468,68.326999999999998
E06000003,Redcar and Cleveland,2023,179.60933112175391,564.36642890400003,743.97576002575374,69.813000000000002
E06000004,Stockton-on-Tees,2023,254.01673707005159,746.05629100269857,1000.073028072751,94.495000000000005
E06000005,Darlington,2023,149.98496292805299,250.47392310387681,400.45888603192952,56.167000000000002
E06000006,Halton,2023,169.9414256796554,435.26892948923631,605.21035516889208,61.05
E06000007,Warrington,2023,295.81953450788887,518.1222394047943,813.94177391268272,101.16800000000001
E06000008,Blackburn with Darwen,2023,193.26922190372721,323.81958572270207,517.08880762642821,66.897999999999996
E06000009,Blackpool,2023,207.6077585860545,261.49392271988859,469.10168130594383,73.349000000000004
E06000010,"Kingston upon Hull, City of",2023,336.75619498821078,662.45500168345177,999.21119667166363,130.547
E06000011,East Riding of Yorkshire,2023,526.34164122460083,943.90157935845275,1470.2432205830539,177.29300000000001
E06000012,North East Lincolnshire,2023,213.79843567589359,499.46115817147938,713.25959384737348,78.661000000000001
E06000013,North Lincolnshire,2023,233.09148924393421,853.2990621691232,1086.390551413059,82.108000000000004
E06000014,York,2023,279.61434876567318,402.43063740839722,682.04498617407046,98.491
E06000015,Derby,2023,343.65743782210399,583.19412700558894,926.85156482769196,119.947
E06000016,Leicester,2023,420.28375590055299,776.76416173201335,1197.047917632568,147.65199999999999
E06000017,Rutland,2023,69.13558371995866,239.15690060991781,308.29248432987652,19.535
E06000018,Nottingham,2023,412.85956952253531,687.06185641275374,1099.921425935288,144.494
E06000019,"Herefordshire, County of",2023,328.64154059570888,514.80052504917842,843.44206564488911,97.251000000000005
E06000020,Telford and Wrekin,2023,249.0715275250796,527.28924667384899,776.36077419892979,87.046000000000006
E06000021,Stoke-on-Trent,2023,336.03153721390498,508.43383501123282,844.46537222513859,123.264
E06000022,Bath and North East Somerset,2023,297.78122942659172,297.74551343537672,595.52674286196464,94.1
E06000023,"Bristol, City of",2023,630.59536938499411,989.58232977836417,1620.1776991633651,222.60499999999999
E06000024,North Somerset,2023,333.97310519575439,363.98772671520487,697.9608319109617,107.477
E06000025,South Gloucestershire,2023,422.38237722463907,670.07372920417845,1092.4561064288159,134.88499999999999
E06000026,Plymouth,2023,354.74484671719392,450.86129121226003,805.6061379294548,128.74700000000001
E06000027,Torbay,2023,211.19632941287631,191.52187435443841,402.71820376731512,72.221999999999994
E06000030,Swindon,2023,321.41026954795802,566.9942699940824,888.40453954204258,107.151
E06000031,Peterborough,2023,274.48214658369761,562.68554782876697,837.16769441246538,95.397999999999996
E06000032,Luton,2023,261.47788315580812,355.84395430113688,617.32183745694579,86.28
E06000033,Southend-on-Sea,2023,263.87603005853612,246.99265411965749,510.86868417819238,87.984999999999999
E06000034,Thurrock,2023,248.935973523066,629.93736875401373,878.87334227707913,74.343000000000004
E06000035,Medway,2023,383.37533586549222,373.30508187675338,756.68041774224548,126.425
E06000036,Bracknell Forest,2023,192.07143462389081,266.82144272906862,458.89287735295898,56.134999999999998
E06000037,West Berkshire,2023,292.56290724837089,511.5125117377122,804.07541898608451,76.674000000000007
E06000038,Reading,2023,243.01160867094711,414.51172386819178,657.52333253913866,79.427999999999997
E06000039,Slough,2023,191.80382750524441,1622.2506094124799,1814.0544369177239,60.45
E06000040,Windsor and Maidenhead,2023,266.12220746258788,358.4527505848767,624.57495804746475,71.412000000000006
E06000041,Wokingham,2023,272.5326389986563,283.83405403734253,556.36669303599865,77.475999999999999
E06000042,Milton Keynes,2023,398.95630927363209,858.21126899179455,1257.167578265427,130.303
E06000043,Brighton and Hove,2023,392.15915500962211,433.65008712640957,825.80924213603123,143.904
E06000044,Portsmouth,2023,272.93002540007387,474.40298411868503,747.33300951875833,97.602000000000004
E06000045,Southampton,2023,358.20634094376948,462.26295567449318,820.46929661826175,117.43899999999999
E06000046,Isle of Wight,2023,236.7063863019209,242.93607783742459,479.64246413934472,79.727000000000004
E06000047,County Durham,2023,692.2935059483741,1041.2960295740561,1733.589535522427,264.50799999999998
E06000049,Cheshire East,2023,654.42089306978278,920.03640185156166,1574.45729492134,199.41900000000001
E06000050,Cheshire West and Chester,2023,531.06535956868527,1198.743654257918,1729.8090138266009,173.35900000000001
E06000051,Shropshire,2023,533.43052577422225,725.40664913906801,1258.8371749132939,163.35599999999999
E06000052,Cornwall,2023,1168.7221952968621,1165.3808407754359,2334.1030360722989,317.62200000000001
E06000053,Isles of Scilly,2023,7.122278199999994,8.8149077100000035,15.93718590999999,1.6619999999999999
E06000054,Wiltshire,2023,889.13643951346819,1230.87009131637,2120.0065308298331,250.07599999999999
E06000055,Bedford,2023,270.26766779661591,402.64922158219201,672.91688937880838,84.769000000000005
E06000056,Central Bedfordshire,2023,454.31405676424009,533.01598457293176,987.33004133717134,139.363
E06000057,Northumberland,2023,506.18025057932749,893.3976372219862,1399.57788780132,175.06800000000001
E06000058,"Bournemouth, Christchurch and Poole",2023,591.48018175392917,687.23110373124632,1278.7112854851739,201.53100000000001
E06000059,Dorset,2023,655.24877795564396,666.10648901732736,1321.355266972972,206.02699999999999
E06000060,Buckinghamshire,2023,941.50412813315427,911.32941838636964,1852.8335465195171,252.208
E06000061,North Northamptonshire,2023,518.69434100124352,940.27556868935562,1458.969909690602,168.499
E06000062,West Northamptonshire,2023,646.187176465324,980.34641278850745,1626.533589253833,195.09100000000001
E06000063,Cumberland,2023,437.04441231094319,683.99656042366303,1121.0409727346091,147.95599999999999
E06000064,Westmorland and Furness,2023,415.57046837320598,830.02416649435656,1245.5946348675659,130.19
E06000065,North Yorkshire,2023,1057.1108227490779,1812.3972051664491,2869.5080279155559,334.41300000000001
E06000066,Somerset,2023,965.73514474552439,1259.960594032834,2225.6957387783609,294.26400000000001
E07000008,Cambridge,2023,171.018806981138,558.0327985216162,729.05160550275446,62.301000000000002
E07000009,East Cambridgeshire,2023,152.07495500915121,223.77818412435619,375.85313913350751,43.926000000000002
E07000010,Fenland,2023,166.23306113010949,289.01989222161637,455.25295335172638,50.499000000000002
E07000011,Huntingdonshire,2023,283.01799360842517,445.21230907303112,728.23030268145692,88.745999999999995
E07000012,South Cambridgeshire,2023,280.68848022638531,479.00453360768489,759.69301383406923,78.114000000000004
E07000032,Amber Valley,2023,194.6353548017878,300.8703548940685,495.50570969585522,63.753
E07000033,Bolsover,2023,113.214633216617,216.44955300453421,329.6641862211514,40.052
E07000034,Chesterfield,2023,143.2469166148214,203.8139310653014,347.06084768012352,54.234999999999999
E07000035,Derbyshire Dales,2023,130.50402221115061,220.82651298524661,351.33053519639668,39.828000000000003
E07000036,Erewash,2023,160.3350655181973,196.46453433804101,356.79959985623861,55.668999999999997
E07000037,High Peak,2023,140.95797618835681,545.82055339764383,686.77852958600079,46.77
E07000038,North East Derbyshire,2023,148.51040514648071,244.00530743125361,392.51571257773418,50.902999999999999
E07000039,South Derbyshire,2023,165.023112525382,319.2586967377672,484.28180926314798,52.192
E07000040,East Devon,2023,251.64220084093509,220.84066725999401,472.4828681009289,80.766000000000005
E07000041,Exeter,2023,165.53346783291539,332.6831195670411,498.21658739995638,61.432000000000002
E07000042,Mid Devon,2023,145.5110008161374,185.7267482460685,331.23774906220649,41.537999999999997
E07000043,North Devon,2023,171.35442613113719,228.3330061214109,399.68743225254798,53.99
E07000044,South Hams,2023,191.33800893724529,220.9011308868904,412.23913982413461,54.24
E07000045,Teignbridge,2023,225.4475760036153,198.92460550212999,424.3721815057454,70.697000000000003
E07000046,Torridge,2023,126.618171097589,120.7199045234282,247.33807562101819,37.6
E07000047,West Devon,2023,106.5623937022189,105.0464541858082,211.60884788802699,30.256
E07000061,Eastbourne,2023,145.55654983241621,162.2867178410138,307.84326767343049,53.305999999999997
E07000062,Hastings,2023,131.9111868528214,119.4228997993561,251.3340866521776,47.305
E07000063,Lewes,2023,163.4334166883292,136.75062393089041,300.18404061921967,50.753999999999998
E07000064,Rother,2023,173.18430218748099,152.4796262993739,325.6639284868541,50.904000000000003
E07000065,Wealden,2023,295.50229754042232,200.4779694515276,495.98026699195162,79.227000000000004
E07000066,Basildon,2023,274.6159744005837,358.90810516484942,633.52407956543414,84.76
E07000067,Braintree,2023,253.19894419794491,234.5491719047123,487.74811610265732,74.548000000000002
E07000068,Brentwood,2023,135.92775587067089,120.4380227709589,256.36577864163002,37.482999999999997
E07000069,Castle Point,2023,137.74974480213649,76.601779016219197,214.35152381835621,40.210999999999999
E07000070,Chelmsford,2023,295.25709142402951,341.5221258207946,636.77921724482349,85.004000000000005
E07000071,Colchester,2023,287.53091050768359,347.14515555241002,634.67606606009463,90.55
E07000072,Epping Forest,2023,232.3216922608006,184.43609333788379,416.75778559868348,62.167000000000002
E07000073,Harlow,2023,122.6366709373419,245.47026018484931,368.10693112219082,43.109000000000002
E07000074,Maldon,2023,123.1674363796166,116.2407522099041,239.40818858952059,32.42
E07000075,Rochford,2023,134.13092132793901,98.782663272164399,232.91358460010389,39.593000000000004
E07000076,Tendring,2023,245.1447040188888,209.11108425228781,454.25578827117658,78.543999999999997
E07000077,Uttlesford,2023,172.05298154436699,202.07180504730141,374.12478659166783,43.338000000000001
E07000078,Cheltenham,2023,179.12997629011971,276.03910656452058,455.16908285464052,61.088000000000001
E07000079,Cotswold,2023,208.0590794359743,204.470420147315,412.52949958328901,51.972000000000001
E07000080,Forest of Dean,2023,154.0509144356574,208.4145294290411,362.46544386469822,43.514000000000003
E07000081,Gloucester,2023,182.90687496576561,294.53894609978079,477.4458210655464,62.57
E07000082,Stroud,2023,207.737000600774,255.1264410245206,462.86344162529531,60.987000000000002
E07000083,Tewkesbury,2023,153.24664968467599,260.26443666109589,413.51108634577162,48.457000000000001
E07000084,Basingstoke and Deane,2023,294.81592075926147,406.13113025279472,700.94705101205693,86.394999999999996
E07000085,East Hampshire,2023,224.63014670694389,177.38013003275341,402.01027673969799,60.692
E07000086,Eastleigh,2023,194.71140103671311,261.82059694841098,456.53199798512429,63.82
E07000087,Fareham,2023,166.56430722865801,220.49613020483559,387.06043743349352,53.652000000000001
E07000088,Gosport,2023,117.1273125139811,116.3031616063973,233.43047412037839,39.911999999999999
E07000089,Hart,2023,163.09681885204111,270.31638957154792,433.41320842358903,45.374000000000002
E07000090,Havant,2023,184.82550345760319,162.86361337484931,347.68911683245182,60.5
E07000091,New Forest,2023,296.93312124631541,376.91438601595843,673.84750726227469,89.388999999999996
E07000092,Rushmoor,2023,133.15117506728791,210.0902912308905,343.24146629817818,44.424999999999997
E07000093,Test Valley,2023,221.72498948935609,293.57833444835609,515.30332393771187,63.298999999999999
E07000094,Winchester,2023,223.2584785147543,332.34826892026018,555.60674743501522,62.743000000000002
E07000095,Broxbourne,2023,148.18653652664341,200.0557631336986,348.24229966034233,45.183
E07000096,Dacorum,2023,241.15490110002801,478.98594136269861,720.14084246272694,72.308999999999997
E07000098,Hertsmere,2023,174.69748390153401,245.3246721450823,420.02215604661637,48.411999999999999
E07000099,North Hertfordshire,2023,210.54967180761491,225.23228116208219,435.78195296969682,63.542999999999999
E07000102,Three Rivers,2023,152.77833197595899,218.88080852639729,371.65914050235602,40.878
E07000103,Watford,2023,139.98449621564549,258.37165362693139,398.35614984257649,45.548999999999999
E07000105,Ashford,2023,211.90555334249291,251.82528104545881,463.73083438795078,62.506999999999998
E07000106,Canterbury,2023,223.46947980573219,277.85356056402748,501.32304036975859,74.698999999999998
E07000107,Dartford,2023,159.83821347180009,237.54804344310961,397.38625691491029,53.47
E07000108,Dover,2023,167.43268795552129,181.80196550269869,349.23465345821921,59.015000000000001
E07000109,Gravesham,2023,145.97082919694799,226.16739682119169,372.13822601813979,47.222000000000001
E07000110,Maidstone,2023,272.81344779156018,320.51368674309572,593.32713453465442,82.822000000000003
E07000111,Sevenoaks,2023,219.25443106189039,171.05803818323309,390.31246924512249,55.747
E07000112,Folkestone and Hythe,2023,171.67065389024609,207.01537687484219,378.68603076508879,57.564
E07000113,Swale,2023,213.56928205536971,390.40621683493151,603.97549889030131,69.072999999999993
E07000114,Thanet,2023,207.4419455028071,219.24363960973969,426.6855851125469,74.676000000000002
E07000115,Tonbridge and Malling,2023,204.73049905126001,262.24547634150679,466.97597539276671,60.204999999999998
E07000116,Tunbridge Wells,2023,207.35142224706891,252.5019699233836,459.85339217045328,57.206000000000003
E07000117,Burnley,2023,122.82191532928741,190.53576462160271,313.35767995089049,44.863
E07000118,Chorley,2023,170.20103720320529,171.06637044726031,341.26740765046588,55.258000000000003
E07000119,Fylde,2023,137.28357565793181,191.82877926219169,329.11235492012429,43.716000000000001
E07000120,Hyndburn,2023,107.29213020286269,169.11068562369871,276.40281582656092,39.738
E07000121,Lancaster,2023,204.9016053854252,284.05353735316419,488.95514273859033,69.105000000000004
E07000122,Pendle,2023,124.47091120867211,172.76556802143841,297.23647923011049,43.795999999999999
E07000123,Preston,2023,209.62299265275541,322.50060446401369,532.12359711676845,71.498999999999995
E07000124,Ribble Valley,2023,106.9493496346435,300.77313716968501,407.72248680432858,31.478999999999999
E07000125,Rossendale,2023,105.9678320339863,167.5033781027671,273.47121013675388,34.530999999999999
E07000126,South Ribble,2023,161.19942514990581,254.90828822126031,416.10771337116643,54.83
E07000127,West Lancashire,2023,174.7374066102189,323.84883141279448,498.58623802301361,54.481999999999999
E07000128,Wyre,2023,173.11960198490439,280.19686460410952,453.31646658901388,57.594000000000001
E07000129,Blaby,2023,142.11211454283861,235.79245760397271,377.90457214681049,46.578000000000003
E07000130,Charnwood,2023,244.03946368679979,386.74099762019182,630.78046130699272,82.92
E07000131,Harborough,2023,161.555933341849,178.21755861594519,339.77349195779379,47.356000000000002
E07000132,Hinckley and Bosworth,2023,174.54968124947939,234.1104310360686,408.66011228554709,55.505000000000003
E07000133,Melton,2023,87.330160934945255,143.90953834242819,231.23969927737329,26.631
E07000134,North West Leicestershire,2023,165.6066674495558,392.74687463027402,558.35354207982937,51.338000000000001
E07000135,Oadby and Wigston,2023,75.030740612342285,85.334463807397256,160.36520441973971,25.672999999999998
E07000136,Boston,2023,105.1358273889322,180.6954845554931,285.83131194442558,33.762
E07000137,East Lindsey,2023,253.91978680546501,398.37797112626038,652.2977579317253,76.847999999999999
E07000138,Lincoln,2023,123.75598837709541,213.34488226636989,337.10087064346533,47.581000000000003
E07000139,North Kesteven,2023,186.8845609945491,251.4568114856439,438.34137248019221,57.963999999999999
E07000140,South Holland,2023,158.43557494422009,292.7588475740136,451.19442251823409,47.093000000000004
E07000141,South Kesteven,2023,231.31984962413631,319.99750926121908,551.31735888535627,71.015000000000001
E07000142,West Lindsey,2023,155.5219486304656,189.15973846858901,344.68168709905473,48.970999999999997
E07000143,Breckland,2023,246.0056037049861,279.63776902424661,525.64337272923331,69.912000000000006
E07000144,Broadland,2023,213.48165079609669,210.28892714389039,423.7705779399875,65.319000000000003
E07000145,Great Yarmouth,2023,157.49399842545259,168.52827322735621,326.02227165280908,50.972999999999999
E07000146,King's Lynn and West Norfolk,2023,297.77720054877182,393.86006900634248,691.63726955511527,80.736000000000004
E07000147,North Norfolk,2023,215.51406100298649,251.82456190106871,467.33862290405438,62.171999999999997
E07000148,Norwich,2023,186.7096978703417,290.21849726337001,476.92819513371148,73.838999999999999
E07000149,South Norfolk,2023,251.5495260667133,262.75407957672593,514.30360564343925,70.590999999999994
E07000170,Ashfield,2023,172.73849203810931,296.47309289026032,469.21158492836889,59.997999999999998
E07000171,Bassetlaw,2023,182.82740399421581,334.8939265312876,517.7213305255035,59.57
E07000172,Broxtowe,2023,156.44470469117789,145.83022765576709,302.27493234694577,53.972999999999999
E07000173,Gedling,2023,174.88762744819221,137.12890085605491,312.01652830424689,57.067999999999998
E07000174,Mansfield,2023,148.92479941216359,201.6643197724932,350.5891191846564,53.741
E07000175,Newark and Sherwood,2023,193.38263807404539,301.45942319936978,494.84206127341571,61.570999999999998
E07000176,Rushcliffe,2023,188.0719647064231,212.45838950527391,400.53035421169739,57.331000000000003
E07000177,Cherwell,2023,262.448572115974,442.26915008446582,704.71772220043965,76.623000000000005
E07000178,Oxford,2023,192.60223347680741,536.39863094299983,729.00086441980909,65.346000000000004
E07000179,South Oxfordshire,2023,272.2625813016183,455.91623721473991,728.17881851635718,72.747
E07000180,Vale of White Horse,2023,236.4020990211103,467.84945976349309,704.2515587846035,68.944000000000003
E07000181,West Oxfordshire,2023,211.79558084958941,284.64091406486313,496.43649491445228,58.598999999999997
E07000192,Cannock Chase,2023,144.92084972575279,148.51789728621921,293.43874701197188,48.491999999999997
E07000193,East Staffordshire,2023,181.95837912671161,437.22110081676732,619.17947994347821,59.420999999999999
E07000194,Lichfield,2023,170.23952914574619,246.04728896728781,416.28681811303301,52.027000000000001
E07000195,Newcastle-under-Lyme,2023,175.404718542008,240.13243931619189,415.53715785819941,59.575000000000003
E07000196,South Staffordshire,2023,169.00353171494561,279.08296513482179,448.08649684976689,51.466999999999999
E07000197,Stafford,2023,210.42069286176769,283.12670594575337,493.54739880752072,67.516999999999996
E07000198,Staffordshire Moorlands,2023,151.6716332586162,269.24895343908219,420.92058669769841,48.125
E07000199,Tamworth,2023,110.44603146763041,141.28082591076711,251.726857378397,36.823
E07000200,Babergh,2023,168.30468631052011,165.44801140131511,333.75269771183531,46.965000000000003
E07000202,Ipswich,2023,189.22180839239701,212.3835279318219,401.60533632421931,65.713999999999999
E07000203,Mid Suffolk,2023,200.30371617075269,249.53541768042459,449.83913385117728,52.981999999999999
E07000207,Elmbridge,2023,260.31262343697358,214.3813141773698,474.69393761434333,63.728999999999999
E07000208,Epsom and Ewell,2023,119.6094304941237,79.291331660589023,198.9007621547126,35.043999999999997
E07000209,Guildford,2023,236.36825701197969,295.26841000428772,531.6366670162671,65.117000000000004
E07000210,Mole Valley,2023,158.3562189184444,209.1834714928082,367.5396904112522,41.698999999999998
E07000211,Reigate and Banstead,2023,241.41774246161441,312.02309203225269,553.44083449386721,68.462999999999994
E07000212,Runnymede,2023,144.80506080907591,220.12468748686291,364.92974829593902,39.920999999999999
E07000213,Spelthorne,2023,156.57437560899771,184.60806930282189,341.1824449118202,47.069000000000003
E07000214,Surrey Heath,2023,148.960791199699,175.45007991067121,324.41087111037018,40.44
E07000215,Tandridge,2023,159.22985060026031,119.2569843322192,278.48683493247972,40.863
E07000216,Waverley,2023,238.00737433910959,158.05576971209589,396.06314405120509,61.350999999999999
E07000217,Woking,2023,166.6956125615481,340.54573614923282,507.24134871078019,46.582000000000001
E07000218,North Warwickshire,2023,103.1331725648908,425.57341829667138,528.70659086156218,31.65
E07000219,Nuneaton and Bedworth,2023,187.5252220868598,200.16738555523281,387.69260764209338,64.048000000000002
E07000220,Rugby,2023,171.9970278534245,440.19633619398638,612.1933640474108,54.207000000000001
E07000221,Stratford-on-Avon,2023,265.28416946046411,341.87514817121911,607.15931763168317,71.260999999999996
E07000222,Warwick,2023,235.70669289750569,338.2836181832115,573.99031108071756,73.236000000000004
E07000223,Adur,2023,93.792463865328827,116.8232205551096,210.61568442043841,30.965
E07000224,Arun,2023,258.52677840017691,196.31191528136989,454.83869368154723,83.537000000000006
E07000225,Chichester,2023,248.6565720856297,291.24757240949339,539.90414449512366,67.459999999999994
E07000226,Crawley,2023,147.9228380917537,419.95463891704111,567.87747700879515,50.031999999999996
E07000227,Horsham,2023,260.15848063862921,233.00061289264639,493.15909353127603,71.263000000000005
E07000228,Mid Sussex,2023,256.0009278903978,232.17864950747941,488.17957739787681,74.451999999999998
E07000229,Worthing,2023,163.15264924597261,134.21086948983569,297.36351873580821,55.463999999999999
E07000234,Bromsgrove,2023,158.78628863125709,145.08117838387679,303.86746701513403,45.823999999999998
E07000235,Malvern Hills,2023,144.8699364159593,135.08097861284941,279.95091502880831,41.05
E07000236,Redditch,2023,117.00628106530129,162.6971769655753,279.7034580308765,39.776000000000003
E07000237,Worcester,2023,144.05317738487611,208.48572200509599,352.53889938997168,50.137999999999998
E07000238,Wychavon,2023,223.29468993727409,342.71913308250657,566.01382301978231,65.180999999999997
E07000239,Wyre Forest,2023,154.77199753641059,184.89227043108221,339.66426796749357,49.804000000000002
E07000240,St Albans,2023,233.51568767258971,198.78973662516421,432.30542429775318,66.62
E07000241,Welwyn Hatfield,2023,172.15675026428701,480.98214475540942,653.13889501969595,52.475000000000001
E07000242,East Hertfordshire,2023,264.29084043887678,253.3645256922054,517.65536613108236,72.563000000000002
E07000243,Stevenage,2023,115.34424840034259,229.2217987084247,344.56604710876701,40.055
E07000244,East Suffolk,2023,416.45117845479649,579.12402387849329,995.57520233329069,130.56200000000001
E07000245,West Suffolk,2023,291.67587256072721,520.59730630732861,812.27317886805622,88.715999999999994
E08000001,Bolton,2023,393.5913173534114,468.06364979617848,861.65496714958783,134.029
E08000002,Bury,2023,269.34986665750841,306.15865507975337,575.50852173726184,89.42
E08000003,Manchester,2023,787.03740766256567,1607.1342144395339,2394.1716221020961,253.91499999999999
E08000004,Oldham,2023,295.44243227130693,362.2481793198628,657.69061159116893,103.188
E08000005,Rochdale,2023,294.43237858257731,411.632114881767,706.06449346434374,101.589
E08000006,Salford,2023,437.47507014022187,551.5279893958359,989.00305953605641,139.429
E08000007,Stockport,2023,432.90030419097178,447.8825082418299,880.78281243280128,140.47800000000001
E08000008,Tameside,2023,309.06988883769827,354.84101210608219,663.91090094378069,110.143
E08000009,Trafford,2023,352.48138496697243,883.15512687428782,1235.6365118412591,109.77200000000001
E08000010,Wigan,2023,449.05197125028462,572.31135919528788,1021.363330445573,158.51900000000001
E08000011,Knowsley,2023,200.32009033884751,365.53436642764382,565.85445676649169,73.057000000000002
E08000012,Liverpool,2023,645.49525693263195,1028.868852745466,1674.3641096780991,238.44300000000001
E08000013,St. Helens,2023,241.28004297850339,426.57504545026018,667.85508842876357,88.366
E08000014,Sefton,2023,386.92691185687812,351.8200272306853,738.74693908756785,136.68700000000001
E08000015,Wirral,2023,451.31428651359721,427.03444921915059,878.3487357327466,159.12899999999999
E08000017,Doncaster,2023,412.39313300343821,748.42962488900014,1160.8227578924379,149.42400000000001
E08000018,Rotherham,2023,346.06340732509278,559.57137034789037,905.63477767298264,127.20099999999999
E08000021,Newcastle upon Tyne,2023,380.38914154194401,635.74480263058933,1016.133944172532,142.02600000000001
E08000022,North Tyneside,2023,269.21613583609212,428.14495916098639,697.36109499707914,106.917
E08000023,South Tyneside,2023,181.31770981346421,170.4010790453425,351.71878885880648,75.840999999999994
E08000024,Sunderland,2023,349.94513229235719,695.84110758489021,1045.786239877247,139.71100000000001
E08000025,Birmingham,2023,1471.315760798044,2250.0311802189321,3721.346941016976,478.072
E08000026,Coventry,2023,438.16977135149409,679.6790006023424,1117.8487719538359,152.13499999999999
E08000027,Dudley,2023,436.67559157347648,467.88581076105498,904.56140233453141,148.30099999999999
E08000028,Sandwell,2023,416.71999012046172,680.73075518364374,1097.4507453041069,144.16499999999999
E08000029,Solihull,2023,327.44959914170289,566.25931395826035,893.70891309996387,99.766000000000005
E08000030,Walsall,2023,381.30284248460998,465.86562177791762,847.16846426252755,125.01900000000001
E08000031,Wolverhampton,2023,360.34413873595952,515.16718091567145,875.51131965163063,119.06100000000001
E08000032,Bradford,2023,689.40348741089781,842.44226139191755,1531.8457488028221,232.71899999999999
E08000033,Calderdale,2023,307.85766771457071,398.47318292436978,706.33085063894089,103.04
E08000034,Kirklees,2023,579.1833006846515,695.91021808074663,1275.093518765399,200.51599999999999
E08000035,Leeds,2023,1122.032217513457,1738.51779743815,2860.550014951617,384.17399999999998
E08000036,Wakefield,2023,467.48677328141298,1040.6157008104381,1508.1024740918519,172.96799999999999
E08000037,Gateshead,2023,253.6901449314939,469.41088575145147,723.1010306829462,100.377
E08000038,Barnsley,2023,325.06908158246671,535.62628610328727,860.69536768575483,119.996
E08000039,Sheffield,2023,719.57613010220234,1203.9430701215331,1923.5192002237379,262.57400000000001
E09000001,City of London,2023,25.536359648397259,1573.6742502151781,1599.210609863575,13.337999999999999
E09000002,Barking and Dagenham,2023,242.57481564513779,322.52472415258899,565.09953979772763,84.831999999999994
E09000003,Barnet,2023,585.36257920824255,456.17890021855129,1041.541479426794,170.49199999999999
E09000004,Bexley,2023,335.69297579100203,398.29572060330128,733.98869639430382,107.218
E09000005,Brent,2023,402.22877479373989,717.590313023411,1119.819087817152,138.38
E09000006,Bromley,2023,491.89744208625388,357.96789874394523,849.86534083019887,152.55699999999999
E09000007,Camden,2023,317.53170397123012,1151.175779955247,1468.7074839264801,130
E09000008,Croydon,2023,539.15055894650197,564.96196238328764,1104.1125213297869,175.255
E09000009,Ealing,2023,452.86542460378848,908.81893206961718,1361.6843566734051,156.16900000000001
E09000010,Enfield,2023,436.58028389992262,479.26664645306829,915.84693035299017,135.81
E09000011,Greenwich,2023,351.91063525316912,429.96598933978089,781.87662459295018,130.03200000000001
E09000012,Hackney,2023,327.91818621340951,523.51857372505526,851.43675993846512,129.35599999999999
E09000013,Hammersmith and Fulham,2023,266.73212393311252,611.05964847043867,877.79177240355205,103.678
E09000014,Haringey,2023,332.15533760460892,405.63937435330121,737.79471195791166,121.946
E09000015,Harrow,2023,322.58791410083637,191.31308791991779,513.90100202075268,100.101
E09000016,Havering,2023,360.47871536219247,351.8955719243973,712.37428728658813,113.93899999999999
E09000017,Hillingdon,2023,398.80385285929179,1328.0741676025341,1726.8780204618249,123.687
E09000018,Hounslow,2023,363.43971226015202,844.59861854115138,1208.038330801304,115.905
E09000019,Islington,2023,286.70625827912318,674.7801075998774,961.48636587900273,122.666
E09000020,Kensington and Chelsea,2023,321.43555695119329,900.45189630771222,1221.887453258908,105.182
E09000021,Kingston upon Thames,2023,238.2744036670536,283.86954660770868,522.14395027476439,75.132000000000005
E09000022,Lambeth,2023,403.36706852882469,555.32735519701578,958.69442372584251,160.36000000000001
E09000023,Lewisham,2023,382.2420530818228,268.08374493723278,650.32579801905342,142.13399999999999
E09000024,Merton,2023,288.21628505820331,434.41066337876731,722.6269484369717,93.664000000000001
E09000025,Newham,2023,373.07634163099101,966.54033786893126,1339.616679499921,136.876
E09000026,Redbridge,2023,369.29038532058581,225.62209122779461,594.91247654837809,112.261
E09000027,Richmond upon Thames,2023,299.76440572121908,280.66549348752068,580.42989920873936,93.061999999999998
E09000028,Southwark,2023,414.85036698348841,816.06029715701447,1230.9106641405031,158.77699999999999
E09000029,Sutton,2023,287.14415817391642,328.67966451663,615.82382269054597,91.275000000000006
E09000030,Tower Hamlets,2023,422.49123639562259,1914.6654629232189,2337.1566993188371,156.78299999999999
E09000031,Waltham Forest,2023,317.3379186715855,289.47407797942452,606.81199665101292,115.10899999999999
E09000032,Wandsworth,2023,472.66154400120769,477.2070569365078,949.86860093771327,170.8
E09000033,Westminster,2023,452.65409499771238,2749.7612508222451,3202.415345819968,162.34800000000001
S12000005,Clackmannanshire,2023,74.460374188575543,187.46927707819179,261.92965126676722,26.829000000000001
S12000006,Dumfries and Galloway,2023,270.10349154580848,442.65077162262338,712.7542631684305,87.527000000000001
S12000008,East Ayrshire,2023,164.9568769832735,222.65739760030141,387.6142745835752,63.042000000000002
S12000010,East Lothian,2023,175.6761798968551,271.58335760630138,447.25953750315682,58.161000000000001
S12000011,East Renfrewshire,2023,138.27385475178079,69.222366769643855,207.49622152142459,43.366
S12000013,Na h-Eileanan Siar,2023,77.067286652712326,63.222247499999987,140.28953415271241,20.027000000000001
S12000014,Falkirk,2023,229.83828135699781,343.89942527291782,573.73770662991615,83.078000000000003
S12000017,Highland,2023,581.06182487132708,830.43145392951021,1411.493278800838,158.13800000000001
S12000018,Inverclyde,2023,109.7418330494968,157.60887560946571,267.35070865896262,42.473999999999997
S12000019,Midlothian,2023,131.29757445608411,200.80209905408219,332.09967351016672,47.110999999999997
S12000020,Moray,2023,164.69757045588921,293.11186153599999,457.80943199188943,52.902000000000001
S12000021,North Ayrshire,2023,206.56226027279391,363.6144865226164,570.17674679541074,76.644000000000005
S12000023,Orkney Islands,2023,75.389916994671069,57.629259190000013,133.01917618467101,16.63
S12000026,Scottish Borders,2023,212.6750340390424,270.73055300545201,483.40558704449433,69.573999999999998
S12000027,Shetland Islands,2023,88.585339679999805,82.253010920000008,170.8383505999995,18.664000000000001
S12000028,South Ayrshire,2023,170.28165128089151,256.58972293269852,426.87137421358972,62.468000000000004
S12000029,South Lanarkshire,2023,500.08456517877289,504.83124504990451,1004.915810228675,170.417
S12000030,Stirling,2023,157.21093540864439,260.75503972789039,417.96597513653518,48.680999999999997
S12000033,Aberdeen City,2023,336.87712413329717,573.37474096730114,910.25186510060053,135.06200000000001
S12000034,Aberdeenshire,2023,479.4825115598511,597.62268377405485,1077.105195333909,139.37899999999999
S12000035,Argyll and Bute,2023,231.25257427499989,224.43826974600009,455.69084402099912,63.921999999999997
S12000036,City of Edinburgh,2023,757.36368691072425,1286.64518928755,2044.0088761982779,288.125
S12000038,Renfrewshire,2023,248.6739487175079,417.52241908245219,666.19636779996051,97.3
S12000039,West Dunbartonshire,2023,118.9097698813152,200.6574867072739,319.56725658858949,49.277999999999999
S12000040,West Lothian,2023,254.97754974758979,432.80405736124629,687.78160710883651,90.814999999999998
S12000041,Angus,2023,200.91915747470611,272.95208612136992,473.87124359607611,65.917000000000002
S12000042,Dundee City,2023,235.70085543543999,327.5052339990001,563.2060894344396,86.534999999999997
S12000045,East Dunbartonshire,2023,154.8359236390273,137.26059420984839,292.09651784887592,51.113
S12000047,Fife,2023,537.99808701960296,804.42461875821982,1342.422705777821,197.696
S12000048,Perth and Kinross,2023,299.11864006660028,355.06385880175378,654.18249886835315,89.915000000000006
S12000049,Glasgow City,2023,830.83348102893024,1536.870069947,2367.7035509759312,346.84399999999999
S12000050,North Lanarkshire,2023,460.36547918348828,716.09821757646557,1176.463696759954,170.095
W06000001,Isle of Anglesey / Ynys Môn,2023,131.48707938206829,128.67271821543841,260.15979759750729,39.043999999999997
W06000002,Gwynedd / Gwynedd,2023,217.69124682923319,260.74402393539702,478.43527076463181,68.805999999999997
W06000003,Conwy / Conwy,2023,174.59279997091801,177.03128368552061,351.62408365643728,62.875999999999998
W06000004,Denbighshire / Sir Ddinbych,2023,149.7978309146161,180.9086530384794,330.70648395309672,49.012
W06000005,Flintshire / Sir y Fflint,2023,221.2548022932441,675.21222846320552,896.46703075644882,74.509
W06000006,Wrexham / Wrecsam,2023,189.4239913643091,558.16777075924654,747.5917621235559,64.644000000000005
W06000008,Ceredigion / Ceredigion,2023,140.52280487930091,176.35608023646569,316.87888511576671,39.552999999999997
W06000009,Pembrokeshire / Sir Benfro,2023,209.73398075872561,529.15413499408214,738.88811575280704,70.653999999999996
W06000010,Carmarthenshire / Sir Gaerfyrddin,2023,288.5364320382738,511.84868839471972,800.38512043299261,96.33
W06000011,Swansea / Abertawe,2023,328.56297826459081,474.00040063416429,802.56337889875522,120.822
W06000012,Neath Port Talbot / Castell-nedd Port Talbot,2023,188.1330837002476,973.73433674265766,1161.867420442903,69.91
W06000013,Bridgend / Pen-y-bont ar Ogwr,2023,190.13510540639561,317.4219737827122,507.55707918910849,69.533000000000001
W06000014,Vale of Glamorgan / Bro Morgannwg,2023,194.26453893672499,368.93459299390418,563.19913193062882,65.063000000000002
W06000015,Cardiff / Caerdydd,2023,481.48664499553121,903.14718446863776,1384.633829464166,170.99700000000001
W06000016,Rhondda Cynon Taf / Rhondda Cynon Taf,2023,305.7115663632045,341.7124416212738,647.42400798447932,116.41800000000001
W06000018,Caerphilly / Caerffili,2023,227.12717371797129,324.1794996114383,551.30667332940959,84.55
W06000019,Blaenau Gwent / Blaenau Gwent,2023,87.313984568287566,131.68028259664379,218.99426716493119,34.54
W06000020,Torfaen / Torfaen,2023,119.13717333808189,245.242433069589,364.37960640767079,45.131
W06000021,Monmouthshire / Sir Fynwy,2023,150.93178037586239,208.39933409124669,359.33111446710961,47.831000000000003
W06000022,Newport / Casnewydd,2023,207.95924368517731,703.55774611221909,911.51698979739683,74.92
W06000023,Powys / Powys,2023,232.39655920563109,301.19067120899979,533.58723041463077,73.97
W06000024,Merthyr Tydfil / Merthyr Tudful,2023,75.306897981849147,102.7996500370274,178.10654801887679,28.608000000000001
E06000001,Hartlepool,2024,123.00705352625759,273.79930680153558,396.80636032779307,47.796999999999997
E06000002,Middlesbrough,2024,179.2041781306111,223.47551753164481,402.67969566225469,68.334999999999994
E06000003,Redcar and Cleveland,2024,180.83869985163969,563.72681512374879,744.56551497538896,69.983999999999995
E06000004,Stockton-on-Tees,2024,258.71148540388378,735.79968302602185,994.51116842990825,94.736999999999995
E06000005,Darlington,2024,153.4464406935798,242.76495517455211,396.21139586813098,56.308999999999997
E06000006,Halton,2024,169.7041317362978,437.476501964249,607.18063370054517,60.969000000000001
E06000007,Warrington,2024,295.53331857945437,508.59346072046532,804.12677929991673,101.13800000000001
E06000008,Blackburn with Darwen,2024,191.37870289723179,314.38685529027322,505.76555818750501,67.328999999999994
E06000009,Blackpool,2024,203.76623837467011,254.071622702323,457.83786107699251,73.085999999999999
E06000010,"Kingston upon Hull, City of",2024,337.42236042379869,662.95315358754021,1000.375514011339,130.98599999999999
E06000011,East Riding of Yorkshire,2024,534.69997315345142,939.15395114198327,1473.8539242954271,178.375
E06000012,North East Lincolnshire,2024,215.96425876183039,470.83773188185239,686.80199064368071,78.923000000000002
E06000013,North Lincolnshire,2024,235.4283936262643,824.56775449717532,1059.996148123435,82.299000000000007
E06000014,York,2024,286.28121873832532,456.74707702147327,743.0282957597974,98.427999999999997
E06000015,Derby,2024,348.82387623159838,591.09845602747521,939.92233225907171,120.827
E06000016,Leicester,2024,427.78772447280221,766.47181696143718,1194.259541434225,148.38900000000001
E06000017,Rutland,2024,71.075052270918007,221.33308707567761,292.40813934659582,19.684000000000001
E06000018,Nottingham,2024,415.79201124983842,673.04557245438787,1088.8375837042281,145.34100000000001
E06000019,"Herefordshire, County of",2024,335.11687690407319,509.7125492887323,844.82942619279822,97.93
E06000020,Telford and Wrekin,2024,251.25736634748699,496.65242835768282,747.90979470516811,88.415999999999997
E06000021,Stoke-on-Trent,2024,331.83685535665421,490.56939979008172,822.40625514674093,123.84
E06000022,Bath and North East Somerset,2024,299.24972274878718,300.40307771428212,599.65280046306884,94.19
E06000023,"Bristol, City of",2024,634.32069688585602,993.6815924801798,1628.00228936603,223.67099999999999
E06000024,North Somerset,2024,331.14486092160911,362.21931213010163,693.36417305171074,108.361
E06000025,South Gloucestershire,2024,423.21776169719351,676.31835909754659,1099.5361207947431,136.41800000000001
E06000026,Plymouth,2024,343.02362939931021,429.80702471484187,772.83065411415623,128.68600000000001
E06000027,Torbay,2024,207.23150448628141,189.5766961069782,396.80820059325862,72.316999999999993
E06000030,Swindon,2024,323.05725800776258,559.66201222914185,882.71927023690728,107.56399999999999
E06000031,Peterborough,2024,279.64379974789222,574.92724613384723,854.57104588174138,96.676000000000002
E06000032,Luton,2024,268.09472099322818,340.80229018517542,608.89701117840355,86.301000000000002
E06000033,Southend-on-Sea,2024,266.34223197960728,243.03244770796721,509.37467968757687,87.947000000000003
E06000034,Thurrock,2024,252.37948442648991,601.66248531764484,854.04196974413048,74.36
E06000035,Medway,2024,386.05483048678468,373.27059447568757,759.32542496247345,126.58
E06000036,Bracknell Forest,2024,195.5773348035307,261.40241911950818,456.9797539230417,56.634
E06000037,West Berkshire,2024,298.65227016689352,513.06547767313657,811.71774784002923,76.787999999999997
E06000038,Reading,2024,247.6484507060818,417.21073868093981,664.85918938702093,79.540999999999997
E06000039,Slough,2024,198.55987171561421,1786.3394645123251,1984.8993362279441,60.531999999999996
E06000040,Windsor and Maidenhead,2024,269.79047482037839,347.10179805115871,616.89227287153778,71.58
E06000041,Wokingham,2024,277.89632708868169,276.31965579097249,554.21598287965321,78.028000000000006
E06000042,Milton Keynes,2024,412.58191190559148,840.29639241984125,1252.8783043254421,132.23699999999999
E06000043,Brighton and Hove,2024,391.30083980931761,420.72403067776003,812.02487048707508,143.99
E06000044,Portsmouth,2024,269.89449344876698,466.1902586439889,736.08475209275741,97.176000000000002
E06000045,Southampton,2024,358.937037694129,473.12160757226241,832.05864526639368,117.084
E06000046,Isle of Wight,2024,234.1005399244271,237.2929842661768,471.39352419060231,79.316000000000003
E06000047,County Durham,2024,699.42702027537064,1041.4298172343831,1740.8568375097509,264.54700000000003
E06000049,Cheshire East,2024,661.89074265840065,935.22463639017678,1597.1153790485751,200.58500000000001
E06000050,Cheshire West and Chester,2024,535.46266715258059,1189.533043161962,1724.9957103145341,173.69399999999999
E06000051,Shropshire,2024,539.70607687353186,730.6394643818079,1270.345541255338,163.90299999999999
E06000052,Cornwall,2024,1168.913928522684,1163.4066853935669,2332.320613916253,319.30399999999997
E06000053,Isles of Scilly,2024,7.333501799999997,8.7754678500000125,16.108969649999999,1.6830000000000001
E06000054,Wiltshire,2024,902.373963183044,1313.6740170678061,2216.0479802508748,249.709
E06000055,Bedford,2024,276.95099943982291,398.15136683267201,675.10236627249526,85.231999999999999
E06000056,Central Bedfordshire,2024,468.41193930988601,544.83017231361225,1013.242111623498,140.56100000000001
E06000057,Northumberland,2024,512.56886922290221,948.97421792852424,1461.543087151417,175.41900000000001
E06000058,"Bournemouth, Christchurch and Poole",2024,589.32648901964296,677.3959401163163,1266.7224291359621,201.125
E06000059,Dorset,2024,658.54658899996741,669.87665426330045,1328.4232432632491,206.214
E06000060,Buckinghamshire,2024,968.27434423265231,959.48236349713829,1927.7567077297799,253.52199999999999
E06000061,North Northamptonshire,2024,530.80048397856308,990.75636857965014,1521.5568525582171,170.62700000000001
E06000062,West Northamptonshire,2024,666.16259258100968,991.84411439285202,1658.0067069738659,197.09100000000001
E06000063,Cumberland,2024,427.47468297480009,671.91957228095907,1099.3942552557439,148.22300000000001
E06000064,Westmorland and Furness,2024,412.47178204836518,850.31118389490734,1262.78296594327,130.39400000000001
E06000065,North Yorkshire,2024,1091.3818479441941,1862.109127621618,2953.4909755658241,335.46600000000001
E06000066,Somerset,2024,974.58888909608208,1261.4868401338019,2236.075729229874,295.42899999999997
E07000008,Cambridge,2024,176.31605531446999,566.88049281577526,743.19654813024817,62.613
E07000009,East Cambridgeshire,2024,157.97013987508291,212.49364384305471,370.46378371813933,44.469000000000001
E07000010,Fenland,2024,169.6754906731507,286.05137893283597,455.72686960598759,50.956000000000003
E07000011,Huntingdonshire,2024,292.5251939045894,456.74185061347379,749.26704451806393,89.435000000000002
E07000012,South Cambridgeshire,2024,295.19920046001488,465.89596363650168,761.09516409651303,79.525999999999996
E07000032,Amber Valley,2024,196.9528683373382,286.89835826337202,483.85122660070908,64.554000000000002
E07000033,Bolsover,2024,114.02944307689209,216.611913390235,330.64135646712629,40.411000000000001
E07000034,Chesterfield,2024,142.35526763351291,200.14519447230879,342.50046210582201,54.472999999999999
E07000035,Derbyshire Dales,2024,132.80864959465461,224.40183739954639,357.21048699420021,40.014000000000003
E07000036,Erewash,2024,159.7995084386356,189.380589972694,349.18009841132891,55.866999999999997
E07000037,High Peak,2024,140.52060757474479,555.64010455637708,696.16071213112104,46.823
E07000038,North East Derbyshire,2024,151.38022062494531,232.78932052930841,384.16954115425273,51.439
E07000039,South Derbyshire,2024,170.01821926076741,319.70333287374848,489.72155213451589,53.076000000000001
E07000040,East Devon,2024,252.52100075570311,220.52468817971581,473.04568893541881,81.599999999999994
E07000041,Exeter,2024,166.40316437399559,335.88035013571022,502.28351450970621,61.847000000000001
E07000042,Mid Devon,2024,146.59740679019339,180.2784303607244,326.87583715091819,41.786000000000001
E07000043,North Devon,2024,172.28004121745431,210.45678522602739,382.73682644348168,54.267000000000003
E07000044,South Hams,2024,192.2384352321329,217.2184824260718,409.45691765820408,54.741
E07000045,Teignbridge,2024,224.44920530056939,199.83779732704659,424.28700262761521,71.024000000000001
E07000046,Torridge,2024,127.94923156078021,117.0505189539986,244.9997505147785,38.015000000000001
E07000047,West Devon,2024,106.1900837186558,103.4029959391312,209.59307965778689,30.49
E07000061,Eastbourne,2024,144.65810154769909,160.1197893246009,304.77789087229968,53.137999999999998
E07000062,Hastings,2024,132.1240307790199,117.5572306469641,249.68126142598339,47.728000000000002
E07000063,Lewes,2024,164.95443258843,130.85530069103339,295.80973327946327,50.832000000000001
E07000064,Rother,2024,174.89271908223921,142.48467993090219,317.3773990131412,50.820999999999998
E07000065,Wealden,2024,301.97251970774062,194.52677420774029,496.49929391548062,79.921000000000006
E07000066,Basildon,2024,277.5255552845332,342.21850250336632,619.74405778789901,84.736999999999995
E07000067,Braintree,2024,261.1401204223468,236.32555347721851,497.46567389956692,75.424000000000007
E07000068,Brentwood,2024,138.19800316761231,120.1930588956502,258.3910620632621,37.430999999999997
E07000069,Castle Point,2024,137.78491087467199,76.685557110103844,214.47046798477601,40.152999999999999
E07000070,Chelmsford,2024,302.30858711268638,341.46150050379771,643.77008761648358,85.506
E07000071,Colchester,2024,292.49209128775811,341.62920136888539,634.12129265664282,90.899000000000001
E07000072,Epping Forest,2024,236.0771412146149,185.55090936721319,421.62805058182721,62.470999999999997
E07000073,Harlow,2024,123.34680606309,243.0465583237646,366.39336438685513,42.982999999999997
E07000074,Maldon,2024,126.7032939020697,125.53901010305459,252.24230400512391,32.741
E07000075,Rochford,2024,134.93199269597591,99.61333944614195,234.54533214211801,40.011000000000003
E07000076,Tendring,2024,247.71612863928411,204.48266344955181,452.19879208883589,79.323999999999998
E07000077,Uttlesford,2024,180.33674123970661,203.7654982673937,384.10223950709968,44.320999999999998
E07000078,Cheltenham,2024,180.1036307428773,271.07523816031153,451.17886890318812,61.283000000000001
E07000079,Cotswold,2024,215.41074356446049,204.13058437213681,419.54132793659568,52.09
E07000080,Forest of Dean,2024,157.05883957874349,212.87354586121319,369.93238543995602,43.753
E07000081,Gloucester,2024,183.55341223065599,286.11028514641521,469.66369737707021,62.969000000000001
E07000082,Stroud,2024,212.81705355264819,253.48088529729509,466.29793884994262,61.545000000000002
E07000083,Tewkesbury,2024,157.51900311298959,241.94802346315839,399.46702657614861,49.475999999999999
E07000084,Basingstoke and Deane,2024,298.24430109793849,400.54725542269961,698.79155652063935,86.894000000000005
E07000085,East Hampshire,2024,227.79681052656949,171.24256259114759,399.03937311771659,60.98
E07000086,Eastleigh,2024,194.5953572168705,260.59312170432793,455.18847892119959,64.228999999999999
E07000087,Fareham,2024,165.74639254263229,225.25165981314771,390.9980523557789,53.805999999999997
E07000088,Gosport,2024,115.8492370318595,113.518616002754,229.36785303461409,39.787999999999997
E07000089,Hart,2024,164.57654632799449,281.91606046119131,446.49260678918648,45.466000000000001
E07000090,Havant,2024,183.90146452982029,158.47275954262369,342.37422407244372,60.354999999999997
E07000091,New Forest,2024,294.71813649233923,359.53269337951798,654.25082987185476,89.082999999999998
E07000092,Rushmoor,2024,133.77907817309111,224.99033491562301,358.76941308871312,44.487000000000002
E07000093,Test Valley,2024,224.9452170586606,288.44244436867751,513.38766142733812,63.31
E07000094,Winchester,2024,228.06276938987671,332.18594535887968,560.24871474875511,63.606000000000002
E07000095,Broxbourne,2024,149.7800378200026,202.07107501596181,351.85111283596501,45.34
E07000096,Dacorum,2024,246.9817464839511,486.60435834259567,733.5861048265491,72.703999999999994
E07000098,Hertsmere,2024,176.755616924083,243.00978125853561,419.76539818261813,48.500999999999998
E07000099,North Hertfordshire,2024,216.55666561172691,215.80747073833371,432.36413635006022,63.994
E07000102,Three Rivers,2024,155.38456922887681,173.07466534214231,328.45923457101918,40.973999999999997
E07000103,Watford,2024,145.18651539270701,245.13199757779239,390.31851297050042,46.076000000000001
E07000105,Ashford,2024,215.80576093863709,249.02970058715829,464.83546152579402,62.954999999999998
E07000106,Canterbury,2024,228.96403891912561,270.73542329144271,499.69946221056739,75.486000000000004
E07000107,Dartford,2024,163.0416521025129,241.494623502742,404.53627560525467,54.054000000000002
E07000108,Dover,2024,169.42067586485669,203.52975534557379,372.95043121043051,59.540999999999997
E07000109,Gravesham,2024,148.53911306850529,225.20427689219659,373.74338996070293,47.420999999999999
E07000110,Maidstone,2024,278.05911367355731,322.68572875991811,600.74484243347524,83.03
E07000111,Sevenoaks,2024,224.16053037219871,168.1711975667707,392.33172793896858,55.83
E07000112,Folkestone and Hythe,2024,169.06133300124321,199.6283233989565,368.68965640019951,57.718000000000004
E07000113,Swale,2024,217.68504033553441,383.29973837656797,600.98477871210162,69.311000000000007
E07000114,Thanet,2024,210.2177140789839,211.21449548086349,421.43220955984788,75.2
E07000115,Tonbridge and Malling,2024,208.41697161402519,267.52852796525161,475.94549957927472,60.99
E07000116,Tunbridge Wells,2024,212.38871499041699,238.44853165177619,450.83724664219301,57.607999999999997
E07000117,Burnley,2024,121.1725831015423,189.26575686746989,310.43833996901338,44.92
E07000118,Chorley,2024,168.2935112115544,169.22878504106021,337.52229625261549,55.387
E07000119,Fylde,2024,136.76036879186299,211.27103243868319,348.03140123054612,43.795999999999999
E07000120,Hyndburn,2024,104.855223747907,165.45317169576131,270.3083954436687,39.774000000000001
E07000121,Lancaster,2024,201.6314694229844,275.42505877123489,477.05652819421948,69.149000000000001
E07000122,Pendle,2024,122.8302083969341,166.85295761928961,289.68316601622388,43.744
E07000123,Preston,2024,210.47599724723199,336.02863644285242,546.50463369008537,72.180999999999997
E07000124,Ribble Valley,2024,106.87953679422741,306.09939993217461,412.97893672640322,31.66
E07000125,Rossendale,2024,105.1082410674649,182.20979573059029,287.31803679805512,34.563000000000002
E07000126,South Ribble,2024,158.8248914291041,269.79086321677602,428.61575464588049,55.116
E07000127,West Lancashire,2024,173.4594981026143,312.45528004113118,485.91477814374628,54.862000000000002
E07000128,Wyre,2024,170.6456272539765,276.13532379214769,446.78095104612419,57.988999999999997
E07000129,Blaby,2024,143.57213738016961,241.92536998826779,385.49750736843669,46.789000000000001
E07000130,Charnwood,2024,248.55581688741469,389.19539336992881,637.75121025734529,83.468000000000004
E07000131,Harborough,2024,166.60953073600641,176.37475138544261,342.98428212144808,47.993000000000002
E07000132,Hinckley and Bosworth,2024,177.90986063328251,229.1277227023937,407.03758333567652,56.031999999999996
E07000133,Melton,2024,90.167673941765116,137.5500200658619,227.71769400762719,27.158000000000001
E07000134,North West Leicestershire,2024,170.30681282314481,392.96173631741499,563.26854914056082,52.085999999999999
E07000135,Oadby and Wigston,2024,76.834791181202363,83.452183067994469,160.28697424919699,25.824000000000002
E07000136,Boston,2024,108.2261169595738,178.14884506561759,286.37496202519122,34.139000000000003
E07000137,East Lindsey,2024,261.18405962161472,400.77027260356249,661.95433222517704,77.311999999999998
E07000138,Lincoln,2024,124.6521021400744,212.13781150220191,336.78991364227579,47.722000000000001
E07000139,North Kesteven,2024,191.36321751847271,253.9726733352951,445.33589085376758,58.57
E07000140,South Holland,2024,163.31183665051509,291.00213165873743,454.31396830925399,47.771999999999998
E07000141,South Kesteven,2024,237.64483776142171,300.51195592580859,538.15679368722988,71.783000000000001
E07000142,West Lindsey,2024,160.46267031405341,193.9367534494973,354.39942376355032,49.436999999999998
E07000143,Breckland,2024,253.21758142619109,285.32345613527878,538.54103756147219,70.656999999999996
E07000144,Broadland,2024,215.55644790736309,197.23817041619131,412.79461832355662,65.944000000000003
E07000145,Great Yarmouth,2024,157.6857319290072,164.88913422748661,322.57486615649321,51.116
E07000146,King's Lynn and West Norfolk,2024,304.76067571044263,409.82833750354081,714.58901321398537,81.132000000000005
E07000147,North Norfolk,2024,220.02455409823239,244.631535824568,464.65608992280039,62.143999999999998
E07000148,Norwich,2024,186.55943138181141,284.47103852951909,471.03046991133169,73.837000000000003
E07000149,South Norfolk,2024,257.55308980286839,268.44894463957928,526.00203444245017,71.350999999999999
E07000170,Ashfield,2024,173.08498137100071,295.75615433636079,468.84113570736179,60.423000000000002
E07000171,Bassetlaw,2024,186.92302434620709,348.0288363535185,534.95186069972851,60.311999999999998
E07000172,Broxtowe,2024,157.20148158907699,145.380902571306,302.5823841603833,54.411999999999999
E07000173,Gedling,2024,176.26544850466561,138.33002543481419,314.59547393947952,57.582000000000001
E07000174,Mansfield,2024,148.4847862733119,203.28931294048121,351.77409921379251,54.031999999999996
E07000175,Newark and Sherwood,2024,198.71579484678301,303.82216585386328,502.53796070064521,62.180999999999997
E07000176,Rushcliffe,2024,192.18972179007619,229.5944853635082,421.78420715358561,58.298999999999999
E07000177,Cherwell,2024,270.43411341608328,448.30334072063368,718.73745413671622,77.247
E07000178,Oxford,2024,197.28211696284711,547.05554180304409,744.33765876588961,65.311999999999998
E07000179,South Oxfordshire,2024,281.53596101750168,430.20644544686343,711.74240646436533,73.396000000000001
E07000180,Vale of White Horse,2024,244.78321326494219,475.32173357213111,720.10494683707304,69.918000000000006
E07000181,West Oxfordshire,2024,218.3726644894322,277.64997581405481,496.02264030348653,58.706000000000003
E07000192,Cannock Chase,2024,143.966886410678,142.3707633780493,286.33764978872819,48.625999999999998
E07000193,East Staffordshire,2024,184.39991950892079,425.56003039524597,609.95994990416716,59.942999999999998
E07000194,Lichfield,2024,172.36177089829619,239.378852340219,411.74062323851518,52.585999999999999
E07000195,Newcastle-under-Lyme,2024,174.10971847855311,243.14140213246429,417.25112061101731,59.944000000000003
E07000196,South Staffordshire,2024,168.727780001984,281.66584999521848,450.39362999720089,51.59
E07000197,Stafford,2024,211.3423774312738,277.73080987907088,489.07318731034479,68.137
E07000198,Staffordshire Moorlands,2024,150.88935471607641,253.96799587483579,404.85735059091212,48.280999999999999
E07000199,Tamworth,2024,111.2613351690985,146.9129480593497,258.17428322844751,36.972999999999999
E07000200,Babergh,2024,174.73608804409719,162.1832356744753,336.91932371857331,47.468000000000004
E07000202,Ipswich,2024,190.85407332502649,211.00821477325681,401.86228809828413,65.861000000000004
E07000203,Mid Suffolk,2024,207.16046581232121,255.8995468619726,463.06001267429411,53.994999999999997
E07000207,Elmbridge,2024,264.4932530212219,223.3883769356832,487.88162995690601,64.037999999999997
E07000208,Epsom and Ewell,2024,120.3698280338526,79.351697704229565,199.72152573808219,34.960999999999999
E07000209,Guildford,2024,241.86752918854589,299.53396852450811,541.40149771305255,65.245999999999995
E07000210,Mole Valley,2024,161.91718602129069,203.6734358546226,365.59062187591331,41.898000000000003
E07000211,Reigate and Banstead,2024,244.50568198600499,290.07581932060128,534.58150130660476,68.501999999999995
E07000212,Runnymede,2024,148.54997919148229,224.14636355005479,372.69634274153759,40.125
E07000213,Spelthorne,2024,159.09990206356659,191.6087073518309,350.70860941539712,47.33
E07000214,Surrey Heath,2024,151.312675736529,180.24716024310379,331.55983597963319,40.526000000000003
E07000215,Tandridge,2024,161.5096023132925,120.0161662941038,281.5257686073964,40.813000000000002
E07000216,Waverley,2024,245.23291749327851,162.60607241017689,407.83898990345568,61.856000000000002
E07000217,Woking,2024,169.4079091010866,324.88047185772177,494.28838095880951,46.65
E07000218,North Warwickshire,2024,103.96848879828811,415.47774437979228,519.44623317808134,32.067
E07000219,Nuneaton and Bedworth,2024,190.72561533964921,199.63115425480859,390.35676959445908,65.025000000000006
E07000220,Rugby,2024,177.93035774884629,437.49114893075432,615.42150667960129,54.987000000000002
E07000221,Stratford-on-Avon,2024,275.79832750712472,340.91860414600569,616.71693165313093,72.400000000000006
E07000222,Warwick,2024,243.26498856458809,341.66761803499497,584.93260659958378,74.02
E07000223,Adur,2024,93.866470205289872,114.67946618651359,208.54593639180399,31.085999999999999
E07000224,Arun,2024,260.10812924694648,191.47771733636071,451.58584658330591,84.481999999999999
E07000225,Chichester,2024,253.0561947419294,290.48549396805993,543.54168870999138,67.578999999999994
E07000226,Crawley,2024,147.76402455994071,425.41153925864472,573.17556381858583,49.911999999999999
E07000227,Horsham,2024,264.60141961661418,228.64591466483051,493.24733428144458,71.275000000000006
E07000228,Mid Sussex,2024,260.95912527432762,247.42410079843171,508.38322607275802,75.119
E07000229,Worthing,2024,162.16608478179759,130.26894069781969,292.43502547961788,55.503
E07000234,Bromsgrove,2024,159.8317598461708,145.76925644839349,305.6010162945646,46.104999999999997
E07000235,Malvern Hills,2024,148.4173890350813,134.0594940484317,282.47688308351292,41.408000000000001
E07000236,Redditch,2024,116.381469555355,155.98856358142061,272.37003313677582,39.826000000000001
E07000237,Worcester,2024,144.40257308660321,196.21702821586331,340.61960130246638,50.345999999999997
E07000238,Wychavon,2024,228.41527061004169,335.61506966390181,564.03034027394528,65.697000000000003
E07000239,Wyre Forest,2024,155.17034097652541,182.3311202397598,337.50146121628558,50.113
E07000240,St Albans,2024,239.10331789919991,199.78048961986869,438.88380751906919,66.947999999999993
E07000241,Welwyn Hatfield,2024,173.4213283834606,447.5165925170167,620.93792090047725,52.527999999999999
E07000242,East Hertfordshire,2024,272.51468254016692,240.51201223048091,513.02669477064887,73.180999999999997
E07000243,Stevenage,2024,116.5909782589478,223.90499193112569,340.49597019007308,40.283999999999999
E07000244,East Suffolk,2024,420.88760981128053,598.8301593551372,1019.717769166418,130.99600000000001
E07000245,West Suffolk,2024,298.64084956536311,519.80118407630607,818.44203364167186,89.201999999999998
E08000001,Bolton,2024,391.94306628684302,470.9251340727925,862.8682003596299,134.91300000000001
E08000002,Bury,2024,265.47755234914001,300.74039350601112,566.21794585515045,89.661000000000001
E08000003,Manchester,2024,798.83303353681288,1597.438127395334,2396.27116093215,255.749
E08000004,Oldham,2024,292.04729107559439,360.94401463137069,652.99130570697002,103.518
E08000005,Rochdale,2024,291.28320206344762,400.24879435783561,691.53199642128334,102.11
E08000006,Salford,2024,444.75811872432888,544.42525676955222,989.18337549387718,142.41800000000001
E08000007,Stockport,2024,429.90856532250439,437.55085754284158,867.45942286534466,140.75899999999999
E08000008,Tameside,2024,304.55833752791062,341.8927798127354,646.4511173406446,110.533
E08000009,Trafford,2024,351.84156298107922,878.30650058847732,1230.148063569555,110.005
E08000010,Wigan,2024,443.33572595888478,566.74566985126773,1010.081395810147,159.20099999999999
E08000011,Knowsley,2024,200.2716681428835,364.77561733293442,565.04728547581783,73.19
E08000012,Liverpool,2024,650.45459502524977,996.84630929318962,1647.3009043184479,239.14099999999999
E08000013,St. Helens,2024,239.38634891571411,389.02138327577592,628.4077321914923,88.438000000000002
E08000014,Sefton,2024,384.48949519592622,356.08339312918059,740.57288832510824,136.51599999999999
E08000015,Wirral,2024,451.00105320406908,411.64827315344741,862.649326357517,159.01900000000001
E08000017,Doncaster,2024,416.1966845221317,725.76628407674889,1141.962968598873,149.72999999999999
E08000018,Rotherham,2024,348.12381552746359,554.43443404260813,902.55824957007076,127.631
E08000021,Newcastle upon Tyne,2024,386.96079028387231,619.21092331549244,1006.171713599369,142.25700000000001
E08000022,North Tyneside,2024,270.02406407489929,440.71494518510951,710.73900926001306,106.93899999999999
E08000023,South Tyneside,2024,182.08507409564109,167.26427923745899,349.34935333309949,75.763000000000005
E08000024,Sunderland,2024,351.99058583486323,650.32471133028434,1002.315297165145,139.691
E08000025,Birmingham,2024,1501.492051549191,2241.9306707665178,3743.4227223156909,482.58199999999999
E08000026,Coventry,2024,446.25671155318878,687.26555273496172,1133.522264288149,152.999
E08000027,Dudley,2024,435.90424452622648,447.62304908241339,883.52729360864396,148.95699999999999
E08000028,Sandwell,2024,418.55548174176289,676.94665026554651,1095.502132007314,144.49199999999999
E08000029,Solihull,2024,328.53138687879851,573.99511269192408,902.52649957072595,100.18600000000001
E08000030,Walsall,2024,380.76332779517003,451.62587924618617,832.3892070413583,125.35599999999999
E08000031,Wolverhampton,2024,362.16314186840373,507.38959797843142,869.5527398468389,119.33799999999999
E08000032,Bradford,2024,692.52908569800059,822.99093187552432,1515.5200175735069,232.97800000000001
E08000033,Calderdale,2024,309.094415000477,394.92890508392333,704.02332008439919,102.992
E08000034,Kirklees,2024,579.84068133752191,675.27262094039406,1255.1133022779029,200.667
E08000035,Leeds,2024,1130.79628828004,1732.6834521514011,2863.4797404314149,385.834
E08000036,Wakefield,2024,468.42286130336839,1026.23918667662,1494.6620479799899,173.113
E08000037,Gateshead,2024,254.66181437158119,470.62354173949723,725.28535611107702,100.303
E08000038,Barnsley,2024,326.87955300011652,536.9176982480235,863.79725124813842,120.099
E08000039,Sheffield,2024,726.27230492129252,1172.4203067522969,1898.692611673592,262.92899999999997
E09000001,City of London,2024,26.67366205018115,1526.01734414164,1552.6910061918211,13.298
E09000002,Barking and Dagenham,2024,248.63165564531499,328.90429994853099,577.53595559384587,85.48
E09000003,Barnet,2024,595.722190620579,470.09368082755827,1065.8158714481351,173.20400000000001
E09000004,Bexley,2024,338.62590861695901,400.33500185709352,738.96091047405457,106.988
E09000005,Brent,2024,409.70554340640808,739.96817594561401,1149.67371935202,139.839
E09000006,Bromley,2024,494.70633764484683,371.10529731587491,865.81163496072929,152.59800000000001
E09000007,Camden,2024,320.2128298171591,1133.4376610757679,1453.650490892928,130.44900000000001
E09000008,Croydon,2024,547.11713503816588,560.42157538331162,1107.5387104214749,175.886
E09000009,Ealing,2024,465.11306372899031,909.32609411541011,1374.4391578443999,157.095
E09000010,Enfield,2024,442.27056589964502,461.44553960749141,903.7161055071399,136.14699999999999
E09000011,Greenwich,2024,355.63249653541891,430.44246671491902,786.07496325033594,131.34100000000001
E09000012,Hackney,2024,330.86760218203852,509.74051059907129,840.60811278111146,130.07599999999999
E09000013,Hammersmith and Fulham,2024,269.8391739659462,608.10389653096877,877.9430704969152,104.607
E09000014,Haringey,2024,338.91918653233301,397.38169265904889,736.30087919137497,122.377
E09000015,Harrow,2024,329.2584680396215,196.4583769846339,525.71684502425421,100.92700000000001
E09000016,Havering,2024,364.74770585093341,353.20079727911951,717.94850313005384,114.235
E09000017,Hillingdon,2024,409.85580735318098,1496.6704369211029,1906.5262442742701,124.297
E09000018,Hounslow,2024,375.1534508490771,815.78655125545379,1190.940002104529,117.047
E09000019,Islington,2024,290.67815586420801,668.6913498786995,959.36950574290859,123.009
E09000020,Kensington and Chelsea,2024,327.46486729780941,849.28266458210862,1176.74753187993,105.377
E09000021,Kingston upon Thames,2024,241.53086167873519,274.58024893635121,516.1111106150878,74.873999999999995
E09000022,Lambeth,2024,408.04867913110962,557.37120302939366,965.41988216050038,161.28800000000001
E09000023,Lewisham,2024,386.48441952039911,255.1694758204375,641.65389534083135,142.46
E09000024,Merton,2024,291.89629441329799,422.08214244752429,713.9784368608224,93.528000000000006
E09000025,Newham,2024,384.16985148118329,940.01838347380851,1324.188234954991,138.23400000000001
E09000026,Redbridge,2024,375.69629330296448,223.73764731366691,599.43394061662991,112.60899999999999
E09000027,Richmond upon Thames,2024,302.43253461409017,286.47688508124043,588.9094196953298,92.960999999999999
E09000028,Southwark,2024,423.22227735461388,805.55675825645471,1228.7790356110711,159.77799999999999
E09000029,Sutton,2024,292.10127229057258,317.10841556263949,609.2096878532127,91.191000000000003
E09000030,Tower Hamlets,2024,434.04284557167352,1922.1558062420529,2356.198651813726,158.595
E09000031,Waltham Forest,2024,322.53610934898728,286.70689905073777,609.24300839972602,116.15300000000001
E09000032,Wandsworth,2024,481.24389404332982,473.89297776518038,955.13687180850945,171.465
E09000033,Westminster,2024,460.10423025942549,2724.339967819521,3184.444198078957,162.20699999999999
S12000005,Clackmannanshire,2024,73.898282881703196,175.3019425891037,249.2002254708076,26.702999999999999
S12000006,Dumfries and Galloway,2024,273.67549683763139,438.45612514642937,712.13162198406246,87.122
S12000008,East Ayrshire,2024,166.2617747552251,218.44150190395629,384.7032766591812,62.981000000000002
S12000010,East Lothian,2024,178.23401970543179,264.71930919306033,442.95332889849197,58.66
S12000011,East Renfrewshire,2024,139.418642857869,70.220320534535588,209.63896339240441,43.341000000000001
S12000013,Na h-Eileanan Siar,2024,80.558119417185878,62.387306510999977,142.9454259281859,19.827000000000002
S12000014,Falkirk,2024,228.19669122392219,284.75151507563368,512.94820629955666,82.671999999999997
S12000017,Highland,2024,607.3829638089544,848.48126769315854,1455.8642315021129,158.23599999999999
S12000018,Inverclyde,2024,107.3590913451725,154.5316060386503,261.89069738382301,41.92
S12000019,Midlothian,2024,134.2473515998999,203.1258346602159,337.37318626011648,47.573
S12000020,Moray,2024,167.75556237097061,291.7235649543278,459.47912732529812,52.956000000000003
S12000021,North Ayrshire,2024,207.3663493901295,361.86838941083568,569.2347388009656,76.427999999999997
S12000023,Orkney Islands,2024,79.440242723702085,56.446569750289598,135.8868124739918,16.611999999999998
S12000026,Scottish Borders,2024,215.2072745954647,269.51751056843699,484.72478516390231,69.132000000000005
S12000027,Shetland Islands,2024,90.778884547644651,85.737390949999991,176.51627549764481,18.54
S12000028,South Ayrshire,2024,171.48527804263969,251.9592092597928,423.44448730243118,62.238
S12000029,South Lanarkshire,2024,504.58316677987187,494.08942864205511,998.67259542193119,170.25399999999999
S12000030,Stirling,2024,160.56674347398931,257.39763462109272,417.96437809508228,48.75
S12000033,Aberdeen City,2024,343.05565732820628,568.92613236743682,911.98178969564106,135.56700000000001
S12000034,Aberdeenshire,2024,497.14935689782499,614.16663469760522,1111.315991595425,139.47300000000001
S12000035,Argyll and Bute,2024,238.54135361987051,219.4129997875466,457.95435340741699,63.518999999999998
S12000036,City of Edinburgh,2024,764.33501297208318,1224.1570291898661,1988.4920421619331,289.81299999999999
S12000038,Renfrewshire,2024,249.10768675891049,413.3075727684971,662.41525952741006,97.251000000000005
S12000039,West Dunbartonshire,2024,119.0248772278959,186.87910675906539,305.90398398695982,49.052
S12000040,West Lothian,2024,257.09104488810323,425.45477204877369,682.54581693687464,91.37
S12000041,Angus,2024,206.39158041365931,260.35960466085783,466.75118507451799,65.694999999999993
S12000042,Dundee City,2024,241.68819005761941,332.48341648542078,574.17160654304018,86.188999999999993
S12000045,East Dunbartonshire,2024,152.63228159728939,136.05166573071071,288.68394732800073,50.844000000000001
S12000047,Fife,2024,534.59872454743311,813.63673725294575,1348.2354618003801,197.392
S12000048,Perth and Kinross,2024,310.78509291440548,358.7904597259236,669.57555264032862,89.962000000000003
S12000049,Glasgow City,2024,832.52941389404998,1500.0907873253159,2332.620201219363,345.83600000000001
S12000050,North Lanarkshire,2024,459.06785168306442,696.36406261861282,1155.431914301676,169.542
W06000001,Isle of Anglesey / Ynys Môn,2024,132.43314835744019,128.79921917128959,261.2323675287297,38.927999999999997
W06000002,Gwynedd / Gwynedd,2024,220.06889155253509,265.05385860458262,485.12275015711867,68.584000000000003
W06000003,Conwy / Conwy,2024,175.54965764397639,175.44541647772121,350.99507412169783,62.597000000000001
W06000004,Denbighshire / Sir Ddinbych,2024,150.74301746955041,178.5367495465957,329.27976701614602,48.960999999999999
W06000005,Flintshire / Sir y Fflint,2024,222.7430697311593,657.65881670974295,880.40188644089767,74.326999999999998
W06000006,Wrexham / Wrecsam,2024,189.91242480310521,541.73164786783616,731.64407267094111,64.518000000000001
W06000008,Ceredigion / Ceredigion,2024,144.55081849506541,172.9996256681203,317.55044416318538,39.494999999999997
W06000009,Pembrokeshire / Sir Benfro,2024,213.7132355439154,536.83463702254448,750.54787256646046,70.629000000000005
W06000010,Carmarthenshire / Sir Gaerfyrddin,2024,291.94636948445577,527.98767712807637,819.93404661253055,96.305999999999997
W06000011,Swansea / Abertawe,2024,327.69959095493903,474.02595627020798,801.72554722515179,121.04900000000001
W06000012,Neath Port Talbot / Castell-nedd Port Talbot,2024,186.9821085625872,878.89633707069424,1065.8784456332801,69.760999999999996
W06000013,Bridgend / Pen-y-bont ar Ogwr,2024,188.9566110500634,310.53352048138822,499.49013153145171,69.491
W06000014,Vale of Glamorgan / Bro Morgannwg,2024,195.56198337350699,333.87691697628412,529.43890034979245,65.198999999999998
W06000015,Cardiff / Caerdydd,2024,489.94534835583511,894.81854064516176,1384.7638890009839,172.07499999999999
W06000016,Rhondda Cynon Taf / Rhondda Cynon Taf,2024,305.35668169200773,336.62830150806542,641.98498320006979,116.566
W06000018,Caerphilly / Caerffili,2024,228.44503703766691,314.76970085192357,543.21473788958713,84.558999999999997
W06000019,Blaenau Gwent / Blaenau Gwent,2024,87.984490222295321,128.83255479991789,216.81704502221399,34.51
W06000020,Torfaen / Torfaen,2024,120.09114899541041,242.35246073980329,362.44360973521299,45.213000000000001
W06000021,Monmouthshire / Sir Fynwy,2024,154.72400591232599,203.92617765055201,358.6501835628784,48.031999999999996
W06000022,Newport / Casnewydd,2024,211.65178128970069,778.89186670370486,990.54364799340283,75.412999999999997
W06000023,Powys / Powys,2024,239.90247483507079,299.82593227876492,539.72840711383401,74.004999999999995
W06000024,Merthyr Tydfil / Merthyr Tudful,2024,74.906264656245838,104.4151802038689,179.32144486011501,28.670999999999999
