ladCode,ladName,year,domesticGwh,nonDomesticGwh,allMetersGwh,metersThousands
E06000001,Hartlepool,2015,519.64987880649869,291.38584112462547,811.03571993112337,41.045999999999999
E06000002,Middlesbrough,2015,755.9766982022212,312.22250998897528,1068.199208191196,58.768000000000001
E06000003,Redcar and Cleveland,2015,760.67606969180667,423.68935715657511,1184.365426848382,59.256999999999998
E06000004,Stockton-on-Tees,2015,1066.7896295269829,816.90543814959381,1883.69506767658,80.707999999999998
E06000005,Darlington,2015,624.52996142433017,571.51819524350208,1196.048156667832,46.021000000000001
E06000006,Halton,2015,610.19648658823508,565.50408941800197,1175.700576006237,53.822000000000003
E06000007,Warrington,2015,1103.2050588571731,1093.4142309787039,2196.619289835879,87.617999999999995
E06000008,Blackburn with Darwen,2015,790.38586862936893,425.02103191930792,1215.406900548677,57.798000000000002
E06000009,Blackpool,2015,773.01872477319864,331.11593219455398,1104.134656967751,62.061999999999998
E06000010,"Kingston upon Hull, City of",2015,1285.756946144561,1012.16447731061,2297.92142345517,111.628
E06000011,East Riding of Yorkshire,2015,1809.2294956857479,1214.160091420579,3023.3895871063241,128.529
E06000012,North East Lincolnshire,2015,852.81904889724126,1235.919930328135,2088.7389792253762,68.766000000000005
E06000013,North Lincolnshire,2015,886.74577314244618,486.16888155789309,1372.914654700339,66.421000000000006
E06000014,York,2015,1084.926065446577,672.51058941322071,1757.4366548597991,79.331000000000003
E06000015,Derby,2015,1289.51454971729,704.7992953271314,1994.3138450444201,102.643
E06000016,Leicester,2015,1603.1574421183921,1238.2128848802049,2841.3703269985949,118.35299999999999
E06000017,Rutland,2015,203.28502904353039,75.819183891931232,279.10421293546187,13.371
E06000018,Nottingham,2015,1420.623658343836,845.47782427605569,2266.1014826198898,115.405
E06000019,"Herefordshire, County of",2015,593.89754124473006,502.83157094757053,1096.729112192301,50.756
E06000020,Telford and Wrekin,2015,827.52706105553875,544.55626239359583,1372.083323449134,68.634
E06000021,Stoke-on-Trent,2015,1345.3157514466329,2078.9725930676468,3424.2883445142802,108.482
E06000022,Bath and North East Somerset,2015,878.8289412953618,326.69562521211049,1205.5245665074731,66.555999999999997
E06000023,"Bristol, City of",2015,1943.3341395172979,819.93090808410182,2763.2650476013969,169.803
E06000024,North Somerset,2015,984.66247197074847,608.17696455602618,1592.8394365267729,81.537000000000006
E06000025,South Gloucestershire,2015,1145.157550301574,618.80901230089023,1763.966562602463,96.924999999999997
E06000026,Plymouth,2015,1027.0377742728281,416.31830035138842,1443.3560746242149,107
E06000027,Torbay,2015,630.66691125246723,183.19926437338049,813.86617562584797,55.430999999999997
E06000030,Swindon,2015,1014.585353832724,546.18516425330279,1560.770518086028,84.251999999999995
E06000031,Peterborough,2015,907.5843715363593,396.80420941434738,1304.388580950708,74.206000000000003
E06000032,Luton,2015,988.816680396788,362.25942820579428,1351.0761086025809,70.311000000000007
E06000033,Southend-on-Sea,2015,1018.725499159574,207.23699944423711,1225.9624986038129,72.323999999999998
E06000034,Thurrock,2015,697.34977553941826,465.25885427306378,1162.6086298124831,56.917999999999999
E06000035,Medway,2015,1253.0568197131549,329.24529865118768,1582.302118364343,105.045
E06000036,Bracknell Forest,2015,589.06882747947611,214.43989953074379,803.50872701021967,42.893000000000001
E06000037,West Berkshire,2015,642.45854966604156,460.82803195337311,1103.2865816194151,45.854999999999997
E06000038,Reading,2015,748.96018153318835,410.54838196923799,1159.508563502427,57.628
E06000039,Slough,2015,576.43385711815438,380.84551345732672,957.27937057548104,45.067
E06000040,Windsor and Maidenhead,2015,893.84161209465731,309.76074852822148,1203.60236062288,55.302
E06000041,Wokingham,2015,925.02186031531926,219.16401903357831,1144.185879348898,58.932000000000002
E06000042,Milton Keynes,2015,1244.774848205959,660.67095142092865,1905.445799626887,98.319000000000003
E06000043,Brighton and Hove,2015,1292.008777066668,444.05143924905008,1736.060216315723,109.52200000000001
E06000044,Portsmouth,2015,828.62362940109642,412.73546555461019,1241.3590949557049,78.861999999999995
E06000045,Southampton,2015,879.56452037235249,535.51021515724256,1415.074735529595,80.281000000000006
E06000046,Isle of Wight,2015,639.41550641704373,464.62698941225472,1104.042495829299,56.912999999999997
E06000047,County Durham,2015,3020.994931475549,1249.106928462742,4270.1018599382796,221.14500000000001
E06000049,Cheshire East,2015,2140.2932749247088,1570.776473154287,3711.0697480789991,147.27000000000001
E06000050,Cheshire West and Chester,2015,1712.6232531733481,881.81048921040383,2594.4337423837542,134.54900000000001
E06000051,Shropshire,2015,1113.068719615047,720.16945832039085,1833.2381779354339,89.475999999999999
E06000052,Cornwall,2015,1415.1580653813851,1046.203838036037,2461.3619034174212,133.78700000000001
E06000053,Isles of Scilly,2015,0,0,0,0
E06000054,Wiltshire,2015,1787.4107531538571,1166.2840116310099,2953.6947647848669,142.541
E06000055,Bedford,2015,790.60418204006783,305.06772520856867,1095.6719072486369,59.375999999999998
E06000056,Central Bedfordshire,2015,1355.977575984391,433.29255641905502,1789.2701324034449,99.936999999999998
E06000057,Northumberland,2015,1653.7326627001751,1044.732306158792,2698.4649688589661,118.94199999999999
E06000058,"Bournemouth, Christchurch and Poole",2015,1916.4868814005399,644.82792772575942,2561.3148091262979,157.381
E06000059,Dorset,2015,1627.2179481326109,475.15368805172352,2102.3716361843358,131.667
E06000060,Buckinghamshire,2015,2971.974934923463,849.97852984117196,3821.9534647646469,181.523
E06000061,North Northamptonshire,2015,1684.420123295148,1469.0780153257299,3153.4981386208792,132.101
E06000062,West Northamptonshire,2015,1843.228728277282,849.64568655007133,2692.874414827354,141.77799999999999
E06000063,Cumberland,2015,1451.742657972128,2063.1625239157152,3514.9051818878461,108.68
E06000064,Westmorland and Furness,2015,1080.458140933089,1480.9444123880039,2561.4025533210952,82.715000000000003
E06000065,North Yorkshire,2015,2923.533376201342,2767.753782696856,5691.2871588981889,203.43600000000001
E06000066,Somerset,2015,1926.2246888204261,1045.2696701570089,2971.4943589774361,171.13
E07000008,Cambridge,2015,606.84805273451013,543.67379699170863,1150.521849726219,45.668999999999997
E07000009,East Cambridgeshire,2015,336.79661572859192,67.393549268236697,404.19016499682868,25.146000000000001
E07000010,Fenland,2015,440.3880182915949,662.02211637606979,1102.410134667665,33.783000000000001
E07000011,Huntingdonshire,2015,813.19407104682898,252.57315866652621,1065.7672297133549,62.301000000000002
E07000012,South Cambridgeshire,2015,639.57400884172057,500.02173523625157,1139.5957440779709,45.362000000000002
E07000032,Amber Valley,2015,727.42136762176619,323.81350602166998,1051.234873643436,52.164999999999999
E07000033,Bolsover,2015,438.26086117592712,222.72558584289351,660.98644701882006,32.713000000000001
E07000034,Chesterfield,2015,595.55964459101438,252.8436253892915,848.40326998030594,47.167999999999999
E07000035,Derbyshire Dales,2015,401.99234293217108,327.35200872373662,729.34435165590799,26.050999999999998
E07000036,Erewash,2015,639.05315366481864,155.13788014209359,794.19103380691183,49.158999999999999
E07000037,High Peak,2015,558.23927572358014,643.44275797083571,1201.6820336944161,37.948999999999998
E07000038,North East Derbyshire,2015,608.53378101229384,172.4926541061036,781.02643511839722,42.401000000000003
E07000039,South Derbyshire,2015,491.66006497506282,424.46211726712988,916.12218224219362,36.750999999999998
E07000040,East Devon,2015,564.88641658878498,110.4693714376217,675.35578802640566,47.55
E07000041,Exeter,2015,481.71096821143891,786.66897559316612,1268.379943804606,46.948
E07000042,Mid Devon,2015,215.04116145232251,202.50918428853919,417.55034574086181,19.997
E07000043,North Devon,2015,347.70869979541891,138.20466427937669,485.91336407479542,30.483000000000001
E07000044,South Hams,2015,293.55772968541828,191.1615546292052,484.71928431462362,24.998999999999999
E07000045,Teignbridge,2015,507.77443133295583,319.1053834737358,826.87981480669225,45.24
E07000046,Torridge,2015,168.49413065273009,33.076911454036392,201.57104210676661,15.904999999999999
E07000047,West Devon,2015,163.99010520132131,87.647354334508776,251.63745953582981,13.372
E07000061,Eastbourne,2015,468.71101003339783,199.67525970694419,668.38626974034207,40.954999999999998
E07000062,Hastings,2015,430.57622238477029,93.32666145518975,523.90288383996051,36.813000000000002
E07000063,Lewes,2015,466.41218090315999,100.8912035979684,567.30338450112799,36.487000000000002
E07000064,Rother,2015,460.51378779980843,269.20430085829372,729.71808865810169,32.999000000000002
E07000065,Wealden,2015,712.90463582226835,119.5523904874515,832.45702630972039,49.77
E07000066,Basildon,2015,876.63693578542438,317.48013282415297,1194.1170686095779,69.772000000000006
E07000067,Braintree,2015,625.78891751171102,210.89971637933741,836.68863389104854,47.277000000000001
E07000068,Brentwood,2015,492.4758281225084,118.3438004733534,610.8196285958619,30.123000000000001
E07000069,Castle Point,2015,515.87661628514024,68.377028478933823,584.25364476407378,34.920999999999999
E07000070,Chelmsford,2015,823.60498125047366,240.9366036159025,1064.5415848663749,59.356999999999999
E07000071,Colchester,2015,811.08381871418567,257.4375398239676,1068.521358538153,62.564
E07000072,Epping Forest,2015,749.9372049193164,339.83258793854537,1089.769792857863,47.877000000000002
E07000073,Harlow,2015,402.51235682692442,541.6746582778926,944.18701510481696,34.542000000000002
E07000074,Maldon,2015,223.83585259888699,42.216720612149977,266.05257321103699,16.507000000000001
E07000075,Rochford,2015,481.2566638355238,59.919924121713301,541.17658795723719,31.928000000000001
E07000076,Tendring,2015,706.77397090660361,249.75643571885951,956.53040662546459,55.271000000000001
E07000077,Uttlesford,2015,374.99786131393228,131.75517106087139,506.75303237480398,24.052
E07000078,Cheltenham,2015,600.80438893261862,272.75381265628499,873.55820158890333,49.206000000000003
E07000079,Cotswold,2015,359.48896768580602,140.3523554234113,499.84132310921689,25.065000000000001
E07000080,Forest of Dean,2015,266.56609943515269,205.81753185261871,472.38363128777149,21.535
E07000081,Gloucester,2015,570.15779450404921,310.66487292611879,880.82266743016817,50.713000000000001
E07000082,Stroud,2015,562.20958836584703,265.76505136269219,827.97463972853916,41.948999999999998
E07000083,Tewkesbury,2015,392.56521438787928,205.68573433879749,598.25094872667694,32.57
E07000084,Basingstoke and Deane,2015,779.4144360079772,434.70426522437378,1214.1187012323501,60.718000000000004
E07000085,East Hampshire,2015,617.64755748389553,125.9020405383564,743.5495980222513,41.476999999999997
E07000086,Eastleigh,2015,611.03520026502099,164.90820636078851,775.94340662580964,49.869
E07000087,Fareham,2015,568.91250557994033,149.08296767597241,717.9954732559122,45.594999999999999
E07000088,Gosport,2015,341.91199336380708,95.498702739733517,437.41069610354037,31.654
E07000089,Hart,2015,560.96928121260385,136.84369375017599,697.81297496278103,34.213999999999999
E07000090,Havant,2015,601.48418163956774,102.04914237270739,703.5333240122751,50.046999999999997
E07000091,New Forest,2015,905.78379930442975,269.55271509091563,1175.3365143953461,69.478999999999999
E07000092,Rushmoor,2015,457.58285047087833,226.42238582769301,684.00523629857059,35.087000000000003
E07000093,Test Valley,2015,467.55103534653011,237.60786177465101,705.15889712118121,37.284999999999997
E07000094,Winchester,2015,554.55578897013595,215.58907873096521,770.14486770110159,39.561
E07000095,Broxbourne,2015,480.15098309513672,139.54250656782071,619.69348966295718,35.523000000000003
E07000096,Dacorum,2015,837.13908459211336,212.986879388738,1050.125963980852,56.84
E07000098,Hertsmere,2015,639.4378383049177,249.63855813151471,889.07639643643142,39.6
E07000099,North Hertfordshire,2015,672.8078751677333,289.912263649029,962.72013881676185,47.466999999999999
E07000102,Three Rivers,2015,583.50692671421041,127.966544936904,711.47347165111444,34.47
E07000103,Watford,2015,481.6606227358721,168.6353607143644,650.29598345023692,33.962000000000003
E07000105,Ashford,2015,501.34253684796209,205.9225535642866,707.26509041224767,40.360999999999997
E07000106,Canterbury,2015,757.70323020191222,331.99289210679171,1089.6961223087039,58.091999999999999
E07000107,Dartford,2015,496.89079841501189,150.8471724984542,647.73797091346557,39.015999999999998
E07000108,Dover,2015,534.50996468975313,338.17166730621119,872.68163199596404,44.914000000000001
E07000109,Gravesham,2015,490.96323146410111,352.48749647519293,843.4507279392941,38.728000000000002
E07000110,Maidstone,2015,761.02330229086556,222.968540038415,983.99184232928189,58.296999999999997
E07000111,Sevenoaks,2015,656.62929253878394,119.9682551889594,776.59754772774204,40.518999999999998
E07000112,Folkestone and Hythe,2015,500.41857678967108,130.2385968108477,630.65717360051849,41.177999999999997
E07000113,Swale,2015,640.99713305953446,609.19405191919316,1250.191184978728,53.649000000000001
E07000114,Thanet,2015,692.90742118955461,318.55085225690328,1011.458273446457,59.348999999999997
E07000115,Tonbridge and Malling,2015,639.4941928779499,219.50966686911551,859.00385974706512,46.625
E07000116,Tunbridge Wells,2015,573.76894889058985,149.93858846773949,723.70753735832909,37.636000000000003
E07000117,Burnley,2015,504.08795403295272,208.26428340057259,712.35223743352458,39.036999999999999
E07000118,Chorley,2015,613.54216464539081,303.4567940085746,916.99895865396445,45.978999999999999
E07000119,Fylde,2015,470.24718771351201,167.85038225633051,638.09756996984208,32.469000000000001
E07000120,Hyndburn,2015,457.46697244435637,188.78381963087759,646.25079207523424,35.072000000000003
E07000121,Lancaster,2015,696.4490145752942,408.21215865459999,1104.661173229895,54.110999999999997
E07000122,Pendle,2015,520.62832423517784,233.10506088122199,753.73338511639997,38.039000000000001
E07000123,Preston,2015,703.10740019344189,381.38289609301057,1084.490296286453,54.661000000000001
E07000124,Ribble Valley,2015,324.07931913223348,223.31361776018829,547.39293689242174,21.053000000000001
E07000125,Rossendale,2015,440.14031591518358,267.91365199022931,708.05396790541249,30.09
E07000126,South Ribble,2015,602.27248117953945,299.03915928866621,901.31164046820584,46.384
E07000127,West Lancashire,2015,589.26943309615422,437.2124983040211,1026.4819314001761,42.273000000000003
E07000128,Wyre,2015,608.30387092719684,408.35327122631111,1016.6571421535079,44.962000000000003
E07000129,Blaby,2015,554.48169759153052,157.18525010069649,711.66694769222818,39.392000000000003
E07000130,Charnwood,2015,939.27993680890427,642.45432220515477,1581.734259014059,68.569000000000003
E07000131,Harborough,2015,484.02326756002827,172.0697664043856,656.09303396441396,31.584
E07000132,Hinckley and Bosworth,2015,601.56474083815635,254.6203921410802,856.18513297923585,44.478999999999999
E07000133,Melton,2015,249.3248286824147,212.92439168365649,462.24922036607109,17.986999999999998
E07000134,North West Leicestershire,2015,517.74415038542645,590.94998424107769,1108.694134626503,36.465000000000003
E07000135,Oadby and Wigston,2015,331.97873448186522,95.534311006772811,427.51304548863777,22.498999999999999
E07000136,Boston,2015,275.06252598522468,79.630693976558405,354.69321996178309,21.712
E07000137,East Lindsey,2015,507.88060538460849,193.57870735059009,701.45931273519852,39.308999999999997
E07000138,Lincoln,2015,478.48015115407981,316.38254866210178,794.86269981618091,40.820999999999998
E07000139,North Kesteven,2015,487.662337504216,172.4413612906051,660.10369879482107,36.960999999999999
E07000140,South Holland,2015,368.69918472433062,231.33056420877409,600.02974893310466,28.21
E07000141,South Kesteven,2015,615.98982815806175,371.65346229302662,987.64329045108923,47.88
E07000142,West Lindsey,2015,422.32821683798329,143.07091367470491,565.39913051268809,31.082000000000001
E07000143,Breckland,2015,399.17849001581942,177.56964482221269,576.74813483803212,32.65
E07000144,Broadland,2015,573.99144833660114,114.9432270036572,688.93467534025831,42.59
E07000145,Great Yarmouth,2015,362.34922446746521,133.92699598401751,496.27622045148257,32.496000000000002
E07000146,King's Lynn and West Norfolk,2015,456.38443831986717,1167.894747411088,1624.2791857309551,36.220999999999997
E07000147,North Norfolk,2015,339.27537430256319,206.7993748041778,546.07474910674159,26.439
E07000148,Norwich,2015,646.91039678482139,502.36254573661307,1149.2729425214329,58.305
E07000149,South Norfolk,2015,398.41971417914561,250.40938772692749,648.82910190607299,31.085999999999999
E07000170,Ashfield,2015,703.58745077750916,291.66465522102379,995.25210599853358,52.540999999999997
E07000171,Bassetlaw,2015,546.89604818934777,265.54129545771639,812.43734364706461,41.2
E07000172,Broxtowe,2015,656.13392687231658,501.13413564797457,1157.2680625202911,47.582999999999998
E07000173,Gedling,2015,702.18028070063565,266.63501279139359,968.81529349202867,48.588999999999999
E07000174,Mansfield,2015,642.48806146357072,151.22905260197041,793.71711406554107,46.386000000000003
E07000175,Newark and Sherwood,2015,613.27371817384835,736.81492097682849,1350.088639150676,44.252000000000002
E07000176,Rushcliffe,2015,692.2398356564172,556.0143506255755,1248.254186281994,44.308999999999997
E07000177,Cherwell,2015,596.79373482224219,643.16442166496506,1239.958156487208,45.683999999999997
E07000178,Oxford,2015,692.78296022918812,794.09756116755193,1486.8805213967401,50.97
E07000179,South Oxfordshire,2015,692.0762502072987,277.65542444606768,969.73167465336621,46.088000000000001
E07000180,Vale of White Horse,2015,623.98163773313468,260.23118860204528,884.21282633518103,43.954999999999998
E07000181,West Oxfordshire,2015,492.18136327976731,187.8125275575982,679.9938908373656,34.081000000000003
E07000192,Cannock Chase,2015,533.53186974131552,189.96994071993561,723.50181046125169,39.664000000000001
E07000193,East Staffordshire,2015,558.779244155622,572.09762217051912,1130.876866326141,42.557000000000002
E07000194,Lichfield,2015,575.47873441269473,198.8200199261598,774.29875433885513,39.085999999999999
E07000195,Newcastle-under-Lyme,2015,703.47385079051969,506.08733184215242,1209.561182632671,50.884999999999998
E07000196,South Staffordshire,2015,589.25453819165375,301.03029889120631,890.28483708285978,40.758000000000003
E07000197,Stafford,2015,672.3459953109824,325.6954467069271,998.04144201790791,48.35
E07000198,Staffordshire Moorlands,2015,526.76751698944111,463.58121473980037,990.34873172924142,35.832999999999998
E07000199,Tamworth,2015,369.16057027309103,154.45636918706589,523.61693946015669,30.038
E07000200,Babergh,2015,324.81887726024638,129.88408565871529,454.70296291896187,24.707000000000001
E07000202,Ipswich,2015,609.29371855441809,208.86141802779881,818.15513658221562,51.582999999999998
E07000203,Mid Suffolk,2015,229.64685501259851,242.33435507106711,471.98121008366542,19.222999999999999
E07000207,Elmbridge,2015,952.5808569174028,297.3340382478608,1249.9148951652619,52.69
E07000208,Epsom and Ewell,2015,483.05148699508447,104.2819367229671,587.33342371805134,29.11
E07000209,Guildford,2015,806.58112398890091,342.54749599968488,1149.1286199885881,51.042999999999999
E07000210,Mole Valley,2015,574.06846144676592,267.35029147384262,841.41875292060911,33.14
E07000211,Reigate and Banstead,2015,894.50990807171638,212.95485053288311,1107.464758604598,55.1
E07000212,Runnymede,2015,462.82780714064631,264.99078530116532,727.81859244181157,30.166
E07000213,Spelthorne,2015,528.68492021699922,124.89417387411849,653.57909409111846,37.465000000000003
E07000214,Surrey Heath,2015,572.51053694214886,199.60942755088081,772.11996449303012,33.491
E07000215,Tandridge,2015,550.26566431225092,115.045134313966,665.31079862621732,31.631
E07000216,Waverley,2015,791.84519590822572,211.35468612504761,1003.199882033272,46.006999999999998
E07000217,Woking,2015,554.75175936061737,171.82565483773311,726.57741419834929,35.43
E07000218,North Warwickshire,2015,322.27562493660201,376.84470290554009,699.12032784214148,23.7
E07000219,Nuneaton and Bedworth,2015,656.20599027596722,233.37684224295211,889.58283251891919,51.789000000000001
E07000220,Rugby,2015,547.25842817786952,337.57893818851591,884.83736636638503,40.180999999999997
E07000221,Stratford-on-Avon,2015,513.78193659448925,199.1142493631661,712.89618595765455,37.293999999999997
E07000222,Warwick,2015,720.65289921495389,299.72944764261553,1020.382346857568,52.201000000000001
E07000223,Adur,2015,295.51484511526297,68.214619199291747,363.72946431455432,25.550999999999998
E07000224,Arun,2015,812.39802661427052,250.02644819116989,1062.42447480544,62.973999999999997
E07000225,Chichester,2015,511.63596242121457,403.7088449247384,915.34480734595229,38.197000000000003
E07000226,Crawley,2015,490.39736015609822,268.10698051590492,758.50434067200342,41.198
E07000227,Horsham,2015,627.18618069454953,279.77274711957921,906.9589278141284,45.04
E07000228,Mid Sussex,2015,744.21377137252807,231.6463785708342,975.86014994336267,52.253999999999998
E07000229,Worthing,2015,519.60724056750485,194.57812595765941,714.185366525164,42.316000000000003
E07000234,Bromsgrove,2015,561.91267336342787,122.3880423912647,684.30071575469128,36.890999999999998
E07000235,Malvern Hills,2015,280.47423393152422,89.555278581144293,370.02951251266842,21.646000000000001
E07000236,Redditch,2015,415.24693218464182,160.8515921869585,576.09852437160021,34.75
E07000237,Worcester,2015,466.30508600521398,216.80075511636861,683.10584112158188,40.700000000000003
E07000238,Wychavon,2015,511.1666373681017,494.6832942202671,1005.849931588369,40.100999999999999
E07000239,Wyre Forest,2015,490.13842974671701,150.77567066523929,640.9141004119565,39.435000000000002
E07000240,St Albans,2015,908.25385226362732,257.96482177028167,1166.218674033908,55.396000000000001
E07000241,Welwyn Hatfield,2015,610.3707528387207,276.0120578949132,886.38281073363396,43.003
E07000242,East Hertfordshire,2015,726.38037441180813,316.08970670655339,1042.470081118362,48.543999999999997
E07000243,Stevenage,2015,409.14593511854002,343.7421493117705,752.88808443031053,33.648000000000003
E07000244,East Suffolk,2015,1092.5003972894331,359.37239501142199,1451.872792300856,86.652000000000001
E07000245,West Suffolk,2015,631.69192389569537,1989.5910883147051,2621.2830122103992,51.709000000000003
E08000001,Bolton,2015,1517.5356767861269,506.15533833923479,2023.691015125363,115.158
E08000002,Bury,2015,1088.108761941374,390.34480996813221,1478.4535719095061,78.688000000000002
E08000003,Manchester,2015,2090.3676981022122,1620.4744828585481,3710.8421809607748,180.58
E08000004,Oldham,2015,1199.8621820028859,369.07771256066798,1568.939894563553,90.46
E08000005,Rochdale,2015,1129.937153088116,470.84121347132498,1600.7783665594391,87.766000000000005
E08000006,Salford,2015,1145.2146037098221,561.86204509329434,1707.0766488031179,94.605999999999995
E08000007,Stockport,2015,1738.531910726831,603.64372568461317,2342.1756364114408,118.569
E08000008,Tameside,2015,1194.539405455525,465.00965399200959,1659.5490594475341,96.277000000000001
E08000009,Trafford,2015,1375.097573569423,1525.419566145197,2900.5171397146219,91.834999999999994
E08000010,Wigan,2015,1610.9439932221489,803.56544643570828,2414.509439657862,135.33699999999999
E08000011,Knowsley,2015,698.98638968409728,572.52087396462866,1271.507263648725,62.767000000000003
E08000012,Liverpool,2015,2217.0966218881922,1580.4652846770441,3797.5619065652272,193.45
E08000013,St. Helens,2015,939.51640175753619,1134.7163168757411,2074.23271863328,78.757999999999996
E08000014,Sefton,2015,1556.617853935913,1215.7352903519979,2772.3531442879121,117.595
E08000015,Wirral,2015,1779.912358259681,817.26457549692464,2597.176933756607,138.876
E08000017,Doncaster,2015,1650.886613169243,1053.0771239174881,2703.963737086734,126.89700000000001
E08000018,Rotherham,2015,1457.996863963901,1128.9472153312611,2586.9440792951609,111.572
E08000021,Newcastle upon Tyne,2015,1512.170622873417,1183.6022807955869,2695.7729036690071,110.71299999999999
E08000022,North Tyneside,2015,1233.157431986345,630.0271812995627,1863.1846132859071,91.528999999999996
E08000023,South Tyneside,2015,855.72217404028163,232.63155371491999,1088.3537277552,68.149000000000001
E08000024,Sunderland,2015,1630.03448919883,809.63701812866941,2439.6715073275018,120.343
E08000025,Birmingham,2015,5322.2219805746236,3228.3327027099049,8550.5546832845121,385.54500000000002
E08000026,Coventry,2015,1580.8668431238509,991.51429746689007,2572.38114059074,127.774
E08000027,Dudley,2015,1701.581583198664,601.92806590189514,2303.5096491005602,130.36500000000001
E08000028,Sandwell,2015,1544.6086184009409,1172.418191705978,2717.0268101069241,122.851
E08000029,Solihull,2015,1232.9955693054289,787.8932807723362,2020.8888500777659,83.221999999999994
E08000030,Walsall,2015,1411.293411142794,666.39032572304143,2077.6837368658371,106.02
E08000031,Wolverhampton,2015,1313.1865112159819,695.3275348215501,2008.514046037531,97.804000000000002
E08000032,Bradford,2015,2985.524805340995,1905.3044277692679,4890.8292331102739,197.047
E08000033,Calderdale,2015,1265.624574060952,607.07363736262755,1872.698211423578,87.213999999999999
E08000034,Kirklees,2015,2520.4166494435308,1531.2849842188371,4051.7016336623751,173.261
E08000035,Leeds,2015,4185.8857622633677,2103.0319027812452,6288.9176650446361,305.44299999999998
E08000036,Wakefield,2015,1837.0047955859141,1370.437408782579,3207.4422043684881,141.87799999999999
E08000037,Gateshead,2015,1166.095089798667,724.82049664804026,1890.91558644671,87.325000000000003
E08000038,Barnsley,2015,1336.516704894548,1109.0215076236941,2445.5382125182382,103.017
E08000039,Sheffield,2015,3009.0159694970821,1873.786205502925,4882.8021749999998,220.74299999999999
E09000001,City of London,2015,30.303892268055311,854.30663356329342,884.61052583134892,3.2469999999999999
E09000002,Barking and Dagenham,2015,734.76549555972736,244.00353098706,978.76902654678702,65.114000000000004
E09000003,Barnet,2015,2174.3738618632501,557.2831800039047,2731.6570418671481,127.58
E09000004,Bexley,2015,1229.285958910084,705.54366473685286,1934.8296236469371,89.156000000000006
E09000005,Brent,2015,1535.8242757916,567.03275635825764,2102.8570321498578,102.04600000000001
E09000006,Bromley,2015,2039.222175913789,405.61477681905183,2444.8369527328441,130.077
E09000007,Camden,2015,957.24084699902801,1402.4995168675621,2359.7403638665942,79.382999999999996
E09000008,Croydon,2015,2034.2358404699751,429.07619201150732,2463.3120324814772,138.19800000000001
E09000009,Ealing,2015,1659.805453485948,746.95462213831036,2406.7600756242591,117.846
E09000010,Enfield,2015,1548.1701339345609,529.0172614811944,2077.187395415755,107.69199999999999
E09000011,Greenwich,2015,1123.0723368538549,443.87376666150442,1566.9461035153629,92.132000000000005
E09000012,Hackney,2015,968.44052309605172,336.59700530528261,1305.0375284013339,90.516000000000005
E09000013,Hammersmith and Fulham,2015,874.89051044397081,588.04299830858758,1462.933508752559,74.353999999999999
E09000014,Haringey,2015,1264.558282106387,313.10667044594419,1577.6649525523289,95.789000000000001
E09000015,Harrow,2015,1418.670841028847,342.19159492091131,1760.8624359497569,82.930999999999997
E09000016,Havering,2015,1338.0504725190051,234.56799619013461,1572.6184687091361,96.421999999999997
E09000017,Hillingdon,2015,1428.2464930012929,738.48829474040997,2166.7347877417019,98.406999999999996
E09000018,Hounslow,2015,1153.9840528955231,615.44699524965199,1769.431048145176,83.698999999999998
E09000019,Islington,2015,901.94546445257356,628.86450445189416,1530.809968904465,87.146000000000001
E09000020,Kensington and Chelsea,2015,872.27126041702763,890.43456273154811,1762.7058231485751,69.903000000000006
E09000021,Kingston upon Thames,2015,886.83811565699671,241.99206198648591,1128.8301776434821,60.195999999999998
E09000022,Lambeth,2015,1372.791358936254,858.96309716902329,2231.754456105281,118.68
E09000023,Lewisham,2015,1318.7321025278241,374.71636012780698,1693.4484626556321,108.72199999999999
E09000024,Merton,2015,1060.561222615685,316.74803398239618,1377.3092565980839,76.510000000000005
E09000025,Newham,2015,1084.2527695164749,982.55018267677303,2066.8029521932481,92.394000000000005
E09000026,Redbridge,2015,1430.256422512919,239.1649253510773,1669.421347863994,93.700999999999993
E09000027,Richmond upon Thames,2015,1179.7317173650461,314.33174830476997,1494.0634656698171,78.204999999999998
E09000028,Southwark,2015,1029.8925298640461,990.89535670135012,2020.7878865653961,100.544
E09000029,Sutton,2015,1038.4149613651359,242.3440278858219,1280.758989250957,71.87
E09000030,Tower Hamlets,2015,704.71878051840781,750.43927926700974,1455.1580597854179,76.760000000000005
E09000031,Waltham Forest,2015,1197.441055590785,285.60812440432022,1483.049179995103,92.308999999999997
E09000032,Wandsworth,2015,1506.307578330164,620.03064014866357,2126.3382184788261,119.91500000000001
E09000033,Westminster,2015,968.48591160228284,2496.781681994064,3465.267593596348,89.088999999999999
S12000005,Clackmannanshire,2015,297.8088720402198,744.7518041344407,1042.560676174661,22.434000000000001
S12000006,Dumfries and Galloway,2015,592.87049967327277,530.56032808451175,1123.4308277577841,43.593000000000004
S12000008,East Ayrshire,2015,732.09515334853086,301.47714218440888,1033.57229553294,53.207000000000001
S12000010,East Lothian,2015,525.72364525881483,201.78960579449969,727.51325105331387,38.536999999999999
S12000011,East Renfrewshire,2015,636.10722757876465,103.95394335384201,740.06117093260605,34.945
S12000013,Na h-Eileanan Siar,2015,0,0,0,0
S12000014,Falkirk,2015,895.67026099742384,709.26494789121432,1604.935208888638,65.096999999999994
S12000017,Highland,2015,586.68553184507607,647.9130058052549,1234.5985376503311,40.741999999999997
S12000018,Inverclyde,2015,465.47754798199333,180.71808967361679,646.19563765560952,33.158000000000001
S12000019,Midlothian,2015,479.97892115238221,159.10490670633669,639.08382785871891,35.347999999999999
S12000020,Moray,2015,438.1890647010535,1409.2753275218799,1847.4643922229329,29.870999999999999
S12000021,North Ayrshire,2015,748.27713894517365,1441.536808790938,2189.813947736111,58.28
S12000023,Orkney Islands,2015,0,0,0,0
S12000026,Scottish Borders,2015,501.96354458466737,251.55299542402341,753.51654000869019,36.234000000000002
S12000027,Shetland Islands,2015,0,0,0,0
S12000028,South Ayrshire,2015,657.73816481778874,646.17120486262957,1303.9093696804191,45.94
S12000029,South Lanarkshire,2015,1815.5114928796031,631.91784269228413,2447.4293355718842,122.625
S12000030,Stirling,2015,486.87185274276749,732.85181460683202,1219.7236673495991,31.866
S12000033,Aberdeen City,2015,1352.561925160986,1016.288397990785,2368.8503231517748,97.018000000000001
S12000034,Aberdeenshire,2015,1048.347460167269,336.26521697603738,1384.6126771433089,64.138999999999996
S12000035,Argyll and Bute,2015,313.84625273867567,136.21637720131849,450.06262993999428,20.393000000000001
S12000036,City of Edinburgh,2015,2679.038528977349,1894.7819312780141,4573.8204602553678,211.89
S12000038,Renfrewshire,2015,1012.02303160289,533.55374283527703,1545.576774438166,77.016000000000005
S12000039,West Dunbartonshire,2015,483.13850057972621,260.38808334116561,743.52658392089199,40.658999999999999
S12000040,West Lothian,2015,1018.22819272996,664.47739207158179,1682.705584801543,72.346000000000004
S12000041,Angus,2015,555.26362450802924,366.56861817215412,921.83224268018273,38.673999999999999
S12000042,Dundee City,2015,735.13166741328928,674.31565108235759,1409.4473184956471,58.32
S12000045,East Dunbartonshire,2015,753.73893246214095,143.5863522093091,897.32528467144925,43.44
S12000047,Fife,2015,2217.6865717957312,1622.7742084623969,3840.460780258129,159.286
S12000048,Perth and Kinross,2015,676.43278365983258,328.58441148453949,1005.01719514437,45.213999999999999
S12000049,Glasgow City,2015,2812.8166463740481,2378.0471932459982,5190.8638396200449,249.11199999999999
S12000050,North Lanarkshire,2015,1940.48552125315,1054.3267810127991,2994.812302265947,140.11699999999999
W06000001,Isle of Anglesey / Ynys Môn,2015,180.63795092776539,131.78483959092259,312.42279051868798,15.819000000000001
W06000002,Gwynedd / Gwynedd,2015,339.62062488975658,175.2593996679195,514.88002455767571,29.738
W06000003,Conwy / Conwy,2015,551.21189767240708,148.87238147025749,700.08427914266326,45.377000000000002
W06000004,Denbighshire / Sir Ddinbych,2015,396.22414953274853,159.05979321225129,555.28394274499965,33.006999999999998
W06000005,Flintshire / Sir y Fflint,2015,653.09047687494376,849.64446015810279,1502.734937033046,53.755000000000003
W06000006,Wrexham / Wrecsam,2015,590.71401676591506,1152.6681928782471,1743.382209644162,50.34
W06000008,Ceredigion / Ceredigion,2015,103.6364628021857,75.826895025617162,179.46335782780281,8.657
W06000009,Pembrokeshire / Sir Benfro,2015,387.03943277025968,134.8044330956896,521.84386586594883,33.984999999999999
W06000010,Carmarthenshire / Sir Gaerfyrddin,2015,635.73007997580964,354.24341895437152,989.97349893018259,50.69
W06000011,Swansea / Abertawe,2015,1255.1220534685549,620.57590711450598,1875.6979605830611,99.793999999999997
W06000012,Neath Port Talbot / Castell-nedd Port Talbot,2015,743.43282105896083,395.19103056152608,1138.623851620486,59.844000000000001
W06000013,Bridgend / Pen-y-bont ar Ogwr,2015,756.60693195064198,514.28530855642259,1270.892240507065,60.325000000000003
W06000014,Vale of Glamorgan / Bro Morgannwg,2015,626.73975383424704,264.62247948729248,891.36223332154043,49.938000000000002
W06000015,Cardiff / Caerdydd,2015,1627.030211042048,1242.9759590669321,2870.0061701089799,136.29499999999999
W06000016,Rhondda Cynon Taf / Rhondda Cynon Taf,2015,1348.407700227486,486.59733169076043,1835.005031918249,103.833
W06000018,Caerphilly / Caerffili,2015,992.08613265491238,350.83429768620238,1342.9204303411141,75.983999999999995
W06000019,Blaenau Gwent / Blaenau Gwent,2015,427.17535500430682,129.56873729897711,556.74409230328376,31.135000000000002
W06000020,Torfaen / Torfaen,2015,471.05934449645213,335.50392291020069,806.56326740665224,39.491999999999997
W06000021,Monmouthshire / Sir Fynwy,2015,383.29490901387442,253.2139762680151,636.50888528188989,30.312000000000001
W06000022,Newport / Casnewydd,2015,712.64816759698567,896.12229178102598,1608.7704593780099,60.222000000000001
W06000023,Powys / Powys,2015,332.49569931775562,171.2087383984707,503.70443771622598,27.602
W06000024,Merthyr Tydfil / Merthyr Tudful,2015,356.99868055157981,123.25195461718219,480.25063516876219,26.048999999999999
E06000001,Hartlepool,2016,521.99391051978114,279.62564273848989,801.61955325827,41.241
E06000002,Middlesbrough,2016,757.26242158004891,320.12806169499339,1077.3904832750429,59.128
E06000003,Redcar and Cleveland,2016,763.06609232955304,428.95571276433958,1192.021805093892,59.743000000000002
E06000004,Stockton-on-Tees,2016,1080.235327398615,679.17169992949096,1759.40702732811,81.566999999999993
E06000005,Darlington,2016,631.76214045499285,563.03447504384997,1194.796615498843,46.273000000000003
E06000006,Halton,2016,622.57326452412894,588.78316684891672,1211.356431373046,54.302
E06000007,Warrington,2016,1116.5086664227931,1126.3542198793759,2242.862886302174,87.679000000000002
E06000008,Blackburn with Darwen,2016,786.3943947456371,413.21590881266411,1199.6103035583019,57.636000000000003
E06000009,Blackpool,2016,774.03316627237575,311.49122443040972,1085.524390702785,61.784999999999997
E06000010,"Kingston upon Hull, City of",2016,1277.883302255955,965.65606055027672,2243.5393628062279,111.83499999999999
E06000011,East Riding of Yorkshire,2016,1804.2453984236411,1253.1204198610051,3057.3658182846402,129.495
E06000012,North East Lincolnshire,2016,843.52492913000503,867.92975237789233,1711.4546815078979,68.346999999999994
E06000013,North Lincolnshire,2016,885.81224355025211,477.00718136154211,1362.819424911793,66.305000000000007
E06000014,York,2016,1082.4614664596111,665.51690132102954,1747.978367780644,79.25
E06000015,Derby,2016,1299.428154130776,681.41052390835171,1980.8386780391261,102.736
E06000016,Leicester,2016,1610.7673137826141,1258.1927106474609,2868.9600244300718,117.67
E06000017,Rutland,2016,207.31033241431601,74.33489588597152,281.64522830028739,13.644
E06000018,Nottingham,2016,1426.5293321620959,925.2292310871959,2351.7585632492919,115.35
E06000019,"Herefordshire, County of",2016,608.61539991462803,526.74439849432542,1135.359798408954,50.94
E06000020,Telford and Wrekin,2016,842.97836060055715,525.862131009618,1368.8404916101749,69.966999999999999
E06000021,Stoke-on-Trent,2016,1348.677901185767,2065.3550091307939,3414.0329103165609,108.33499999999999
E06000022,Bath and North East Somerset,2016,890.46617838297107,319.90483270774428,1210.371011090715,67.503
E06000023,"Bristol, City of",2016,1944.4009568474251,738.96481373105689,2683.3657705784899,169.80199999999999
E06000024,North Somerset,2016,997.92053462152728,615.4586983911579,1613.379233012686,81.981999999999999
E06000025,South Gloucestershire,2016,1163.123990714811,629.37011701640847,1792.494107731216,98.888000000000005
E06000026,Plymouth,2016,1032.511810458024,528.45353864070535,1560.9653490987309,107.729
E06000027,Torbay,2016,631.1439994260345,176.17461355867309,807.31861298470642,55.713999999999999
E06000030,Swindon,2016,1020.206613664816,551.99942059185764,1572.206034256674,85.63
E06000031,Peterborough,2016,917.95203352107956,379.08555079368239,1297.0375843147599,75.021000000000001
E06000032,Luton,2016,980.46483472606894,386.35107791418483,1366.815912640252,70.337000000000003
E06000033,Southend-on-Sea,2016,1009.719457889299,192.31226050482479,1202.0317183941229,72.355999999999995
E06000034,Thurrock,2016,703.94688749251929,471.59812787680062,1175.54501536932,57.826000000000001
E06000035,Medway,2016,1246.9050333578859,307.94026886957602,1554.84530222746,105.175
E06000036,Bracknell Forest,2016,591.68167442891729,222.79169632071259,814.47337074962968,43.375
E06000037,West Berkshire,2016,644.61967851506267,429.87317916772389,1074.4928576827881,46.231999999999999
E06000038,Reading,2016,753.5844725303283,395.05204447568917,1148.636517006018,58
E06000039,Slough,2016,585.71369097047045,389.33699289336892,975.05068386383982,45.536000000000001
E06000040,Windsor and Maidenhead,2016,902.934139691067,313.31442954277082,1216.248569233836,55.628999999999998
E06000041,Wokingham,2016,943.35979658912345,215.96554497318971,1159.3253415623119,60.701000000000001
E06000042,Milton Keynes,2016,1260.638243868809,626.1815982076256,1886.819842076437,100.10299999999999
E06000043,Brighton and Hove,2016,1291.4418911934031,434.03400134305792,1725.4758925364561,109.26
E06000044,Portsmouth,2016,825.70585014690607,420.18731757096992,1245.893167717875,78.765000000000001
E06000045,Southampton,2016,877.78464923739818,515.65017662654679,1393.4348258639441,80.44
E06000046,Isle of Wight,2016,635.12021057786933,475.39877200939918,1110.5189825872681,57.186
E06000047,County Durham,2016,3038.361353118059,1225.689436184404,4264.0507893024642,222.762
E06000049,Cheshire East,2016,2170.9710857567729,1646.8641426530919,3817.835228409866,149.32499999999999
E06000050,Cheshire West and Chester,2016,1753.2785427904701,881.55156253858252,2634.830105329057,136.553
E06000051,Shropshire,2016,1140.9237688027531,720.38052310337389,1861.3042919061261,91.222999999999999
E06000052,Cornwall,2016,1426.1695266876991,1018.921690565012,2445.0912172527119,136.179
E06000053,Isles of Scilly,2016,0,0,0,0
E06000054,Wiltshire,2016,1819.1216520515329,1007.582888191137,2826.7045402426688,146.66800000000001
E06000055,Bedford,2016,816.67555815865217,310.22116884639013,1126.8967270050409,61.171999999999997
E06000056,Central Bedfordshire,2016,1376.024449518595,419.18067476001431,1795.2051242786081,102.254
E06000057,Northumberland,2016,1670.9470515184439,993.90323358229455,2664.850285100737,120.313
E06000058,"Bournemouth, Christchurch and Poole",2016,1926.762767373755,648.36345739827084,2575.1262247720229,157.77099999999999
E06000059,Dorset,2016,1639.3881335172271,478.87483892732678,2118.2629724445551,133.143
E06000060,Buckinghamshire,2016,2983.6078992259158,867.60877910961676,3851.2166783355392,184.053
E06000061,North Northamptonshire,2016,1735.591310503466,1426.8759261317989,3162.4672366352688,134.79900000000001
E06000062,West Northamptonshire,2016,1894.238732249064,780.74111704449138,2674.979849293562,144.452
E06000063,Cumberland,2016,1469.0608881593771,1244.717784161325,2713.7786723207032,109.499
E06000064,Westmorland and Furness,2016,1079.370114997354,1515.909631311642,2595.2797463089942,83.097999999999999
E06000065,North Yorkshire,2016,2921.14921165943,2973.379107269152,5894.5283189285919,205.81100000000001
E06000066,Somerset,2016,1966.935164527174,1106.732245515801,3073.6674100429741,174.19200000000001
E07000008,Cambridge,2016,614.81633408506218,533.40511030800781,1148.221444393067,46.709000000000003
E07000009,East Cambridgeshire,2016,337.92801654283591,73.771852217504446,411.69986876034062,25.295999999999999
E07000010,Fenland,2016,443.15611008448212,650.23400296351167,1093.390113047994,34.151000000000003
E07000011,Huntingdonshire,2016,816.34935114177154,247.88312643056631,1064.232477572338,62.514000000000003
E07000012,South Cambridgeshire,2016,645.91420798261106,478.89179552358399,1124.8060035061951,46.122999999999998
E07000032,Amber Valley,2016,732.74231397117182,353.02455108804349,1085.766865059215,52.753
E07000033,Bolsover,2016,435.76191102645618,212.16215599280201,647.92406701925847,32.908999999999999
E07000034,Chesterfield,2016,585.52034313710089,249.42364314276281,834.9439862798647,46.86
E07000035,Derbyshire Dales,2016,402.64795017964201,312.49453107144097,715.14248125108293,26.279
E07000036,Erewash,2016,640.79083511657257,160.76887356902989,801.55970868560314,49.045000000000002
E07000037,High Peak,2016,557.39797874880776,755.04331558353704,1312.441294332345,38.033000000000001
E07000038,North East Derbyshire,2016,601.0216702843245,164.41468951104829,765.43635979537282,42.533000000000001
E07000039,South Derbyshire,2016,506.72776910372409,375.46895458691017,882.19672369063426,38.049999999999997
E07000040,East Devon,2016,575.47964900593081,109.1698651793748,684.64951418530416,48.387
E07000041,Exeter,2016,490.6187402909685,829.49889302487793,1320.117633315846,47.32
E07000042,Mid Devon,2016,220.7261929739401,209.42404858078029,430.15024155472048,20.416
E07000043,North Devon,2016,353.84617076991123,138.60616471702721,492.45233548693858,31.082999999999998
E07000044,South Hams,2016,296.79870872392962,189.12773204143869,485.92644076536823,25.454000000000001
E07000045,Teignbridge,2016,518.37811093422567,314.76710921498011,833.14522014920567,46.253
E07000046,Torridge,2016,172.12999464042181,32.699595557510023,204.82959019793191,16.181999999999999
E07000047,West Devon,2016,164.72762350695831,104.6057763208875,269.33339982784571,13.535
E07000061,Eastbourne,2016,468.5471166550833,190.1571423024921,658.70425895757535,41.03
E07000062,Hastings,2016,431.44056149791089,89.348347916875838,520.78890941478619,36.999000000000002
E07000063,Lewes,2016,467.69079827562558,101.56069563592921,569.2514939115548,36.706000000000003
E07000064,Rother,2016,458.75615362516322,341.72694839851277,800.483102023676,33.134999999999998
E07000065,Wealden,2016,714.6485228055185,116.22981389109179,830.87833669661165,50.356999999999999
E07000066,Basildon,2016,871.66122433079613,324.30576783694062,1195.9669921677371,69.838999999999999
E07000067,Braintree,2016,624.93037671379261,182.21743305796889,807.14780977176099,47.634999999999998
E07000068,Brentwood,2016,487.59869868957122,116.2489619815837,603.84766067115527,30.138999999999999
E07000069,Castle Point,2016,508.82837390560633,67.293836619782894,576.12221052538882,34.914000000000001
E07000070,Chelmsford,2016,828.80204965622545,256.52433334855527,1085.3263830047811,60.503999999999998
E07000071,Colchester,2016,811.43784559553501,252.79065457053159,1064.2285001660659,63.627000000000002
E07000072,Epping Forest,2016,748.25837011974102,335.4190058290244,1083.677375948766,47.868000000000002
E07000073,Harlow,2016,402.68169527626168,325.04964480690961,727.73134008317118,34.630000000000003
E07000074,Maldon,2016,223.8696691631518,40.896028483075398,264.76569764622741,16.655000000000001
E07000075,Rochford,2016,474.6700934151188,58.835863138472007,533.50595655359086,31.919
E07000076,Tendring,2016,701.39095737747493,248.1298679212544,949.52082529872962,55.670999999999999
E07000077,Uttlesford,2016,380.15065867600993,119.7981898358189,499.94884851182883,24.96
E07000078,Cheltenham,2016,607.01708714718882,266.80641144721659,873.82349859440683,49.595999999999997
E07000079,Cotswold,2016,371.88502350673519,140.0870557539715,511.97207926070661,26.440999999999999
E07000080,Forest of Dean,2016,269.09493717547002,198.82687599987381,467.92181317534403,21.850999999999999
E07000081,Gloucester,2016,574.88694103119633,409.6125594552089,984.49950048640505,50.987000000000002
E07000082,Stroud,2016,564.3721216831641,264.11706305904329,828.48918474220739,42.451000000000001
E07000083,Tewkesbury,2016,406.67760743904972,189.18184268534131,595.85945012439129,33.853000000000002
E07000084,Basingstoke and Deane,2016,776.5646231516223,415.64912454394943,1192.2137476955711,61.347999999999999
E07000085,East Hampshire,2016,615.97938341958707,122.2879644564571,738.26734787604414,42.277999999999999
E07000086,Eastleigh,2016,618.92771958857156,146.6334872196004,765.56120680817276,50.79
E07000087,Fareham,2016,567.07119198113901,146.65678924011181,713.72798122125005,45.942999999999998
E07000088,Gosport,2016,337.84748481880501,94.180234509302807,432.02771932810748,31.919
E07000089,Hart,2016,567.28334339317928,134.30212900665461,701.58547239983329,35.131
E07000090,Havant,2016,602.4122331047954,97.740858681514055,700.15309178630969,50.701000000000001
E07000091,New Forest,2016,906.61960920665206,234.4294121755778,1141.0490213822311,69.498000000000005
E07000092,Rushmoor,2016,456.31315619621063,200.56918067820041,656.88233687440993,35.399000000000001
E07000093,Test Valley,2016,479.44392892827631,259.87039130826918,739.31432023654554,38.899000000000001
E07000094,Winchester,2016,558.47469390804417,213.3412719775578,771.81596588560262,40.21
E07000095,Broxbourne,2016,479.82896880844618,132.04914548198869,611.87811429043518,35.526000000000003
E07000096,Dacorum,2016,838.91411238524836,240.75611307458499,1079.670225459834,57.255000000000003
E07000098,Hertsmere,2016,636.65243680835442,275.06821470124919,911.72065150960304,39.74
E07000099,North Hertfordshire,2016,673.95242857300298,293.75914086690682,967.71156943990866,47.741
E07000102,Three Rivers,2016,583.7477108180326,129.63114885042481,713.37885966845704,34.505000000000003
E07000103,Watford,2016,481.12363479314729,160.21213271466439,641.33576750781219,33.996000000000002
E07000105,Ashford,2016,505.73925776147229,209.81542552543149,715.55468328690415,41.027999999999999
E07000106,Canterbury,2016,756.8514584496761,325.418499660213,1082.2699581098871,58.271999999999998
E07000107,Dartford,2016,508.53182821594908,153.28177959226861,661.81360780821819,40.746000000000002
E07000108,Dover,2016,534.74505092498066,332.00437323908659,866.74942416406657,45.537999999999997
E07000109,Gravesham,2016,487.96040366900348,317.41236106529618,805.37276473430006,38.764000000000003
E07000110,Maidstone,2016,769.63868711245448,225.24097200339779,994.87965911585161,59.533999999999999
E07000111,Sevenoaks,2016,653.34017285208927,116.89087022875999,770.23104308085021,40.75
E07000112,Folkestone and Hythe,2016,500.66642357525069,128.22965258258839,628.89607615783927,41.567
E07000113,Swale,2016,644.43930785478005,671.05531570225617,1315.494623557036,54.378999999999998
E07000114,Thanet,2016,688.64787227190175,353.51751097458941,1042.1653832464899,59.334000000000003
E07000115,Tonbridge and Malling,2016,648.17209334234599,219.3094123128823,867.48150565522758,47.517000000000003
E07000116,Tunbridge Wells,2016,574.19261503416237,138.8299564942393,713.02257152840218,37.902999999999999
E07000117,Burnley,2016,497.60395483331831,191.21817812635871,688.82213295967631,39.006999999999998
E07000118,Chorley,2016,619.13290482330524,321.36786654574468,940.5007713690494,46.710999999999999
E07000119,Fylde,2016,478.77023485944278,170.8820444221586,649.65227928160164,33.146000000000001
E07000120,Hyndburn,2016,451.71187887115582,155.57367223750859,607.28555110866353,34.985999999999997
E07000121,Lancaster,2016,697.47964640010696,405.17405527399347,1102.6537016740999,54.636000000000003
E07000122,Pendle,2016,517.15609158552854,226.37853118056529,743.53462276609423,38
E07000123,Preston,2016,709.50865450692174,374.13674232537159,1083.645396832294,55.110999999999997
E07000124,Ribble Valley,2016,327.0903906017183,226.88946525105271,553.97985585277127,21.597000000000001
E07000125,Rossendale,2016,436.99723357051113,238.7034877869531,675.70072135746409,30.113
E07000126,South Ribble,2016,602.56389316605873,309.29020104579621,911.85409421185568,46.476999999999997
E07000127,West Lancashire,2016,591.6003629313833,407.55183251580348,999.15219544718559,42.542000000000002
E07000128,Wyre,2016,608.2126409641312,432.86393178894991,1041.0765727530811,45.404000000000003
E07000129,Blaby,2016,564.82259108084634,150.8670776391827,715.68966872002909,40.076999999999998
E07000130,Charnwood,2016,951.10837980598569,641.4816232568071,1592.5900030627929,69.533000000000001
E07000131,Harborough,2016,495.75095861502041,164.9489964615706,660.69995507659064,32.381
E07000132,Hinckley and Bosworth,2016,606.56922114654083,249.20430706904199,855.77352821558293,44.975000000000001
E07000133,Melton,2016,250.42285845684751,187.7724965747733,438.19535503162058,17.994
E07000134,North West Leicestershire,2016,530.84364927049273,609.29263968865951,1140.136288959151,37.576999999999998
E07000135,Oadby and Wigston,2016,331.18191860815381,93.687889514023354,424.86980812217678,22.422999999999998
E07000136,Boston,2016,280.6011437759966,75.753799617236055,356.35494339323282,22.087
E07000137,East Lindsey,2016,509.16702710668579,192.039589955325,701.20661706201008,39.506999999999998
E07000138,Lincoln,2016,482.2838873172289,313.49134426697839,795.77523158420729,40.770000000000003
E07000139,North Kesteven,2016,496.54290348460643,180.18797073050291,676.73087421510911,37.734999999999999
E07000140,South Holland,2016,375.95796745094208,231.63108529454919,607.5890527454917,28.536000000000001
E07000141,South Kesteven,2016,628.17950015850454,370.06408547330921,998.24358563181499,48.421999999999997
E07000142,West Lindsey,2016,424.82904975044772,140.57865549055259,565.40770524100049,31.268000000000001
E07000143,Breckland,2016,404.31758160972367,177.81113369640281,582.12871530612608,33.372
E07000144,Broadland,2016,578.57650560107675,309.29878247779908,887.87528807887531,43.594999999999999
E07000145,Great Yarmouth,2016,360.54064229361228,126.1767173988855,486.71735969249789,32.594999999999999
E07000146,King's Lynn and West Norfolk,2016,452.97558353875621,260.21502030488301,713.19060384363922,36.313000000000002
E07000147,North Norfolk,2016,337.51394786328962,205.91563950036931,543.42958736365938,26.635999999999999
E07000148,Norwich,2016,641.19561553444396,434.20559403112628,1075.4012095655689,58.179000000000002
E07000149,South Norfolk,2016,410.31276756714169,230.57488160435281,640.88764917149444,32.673000000000002
E07000170,Ashfield,2016,700.92230943337438,289.66144067551397,990.58375010888869,52.884
E07000171,Bassetlaw,2016,546.6867753551038,288.28226708099328,834.96904243609697,41.475999999999999
E07000172,Broxtowe,2016,658.4634954840227,484.55967284300368,1143.023168327026,47.618000000000002
E07000173,Gedling,2016,701.98343930832152,256.97451099995379,958.95795030827435,48.491999999999997
E07000174,Mansfield,2016,639.93110222685277,145.3878624631167,785.3189646899699,46.619
E07000175,Newark and Sherwood,2016,618.20674472032363,726.83616944770313,1345.042914168027,44.904000000000003
E07000176,Rushcliffe,2016,702.34695489211288,316.4480882126025,1018.795043104716,44.847000000000001
E07000177,Cherwell,2016,613.87321042519102,628.9562413277423,1242.8294517529339,47.542000000000002
E07000178,Oxford,2016,689.20393046032893,758.84148122964484,1448.0454116899759,50.905999999999999
E07000179,South Oxfordshire,2016,696.90037384611878,253.2974182149938,950.19779206111195,47.32
E07000180,Vale of White Horse,2016,642.62160355589583,260.1628647946892,902.78446835058469,46.171999999999997
E07000181,West Oxfordshire,2016,495.84552367276649,190.68121410969701,686.52673778246378,34.884
E07000192,Cannock Chase,2016,539.5957015810327,186.05115159216029,725.64685317319277,40.186
E07000193,East Staffordshire,2016,572.08305167003994,549.27834677860255,1121.3613984486431,43.347999999999999
E07000194,Lichfield,2016,581.73488479035666,206.71341861606521,788.4483034064217,39.353000000000002
E07000195,Newcastle-under-Lyme,2016,703.24053952569989,487.47937497623968,1190.719914501939,50.744
E07000196,South Staffordshire,2016,594.4969905854208,325.81030317845409,920.30729376387467,40.786000000000001
E07000197,Stafford,2016,687.36931942165404,327.62466216878198,1014.9939815904351,49.47
E07000198,Staffordshire Moorlands,2016,525.86403997863226,436.34891173754153,962.21295171617408,35.829000000000001
E07000199,Tamworth,2016,373.96586344957478,130.72496523800859,504.69082868758318,30.131
E07000200,Babergh,2016,325.63400004050118,122.284247119399,447.91824715989998,24.995999999999999
E07000202,Ipswich,2016,602.53170861586011,194.0455353198671,796.57724393572755,51.539000000000001
E07000203,Mid Suffolk,2016,231.1513603960382,242.81893663971331,473.97029703575168,19.553999999999998
E07000207,Elmbridge,2016,955.97124869299671,289.28370587248992,1245.254954565487,52.598999999999997
E07000208,Epsom and Ewell,2016,482.4180211120493,97.930639753124737,580.34866086517377,29.260999999999999
E07000209,Guildford,2016,809.15466170058255,337.38224551538008,1146.5369072159631,51.197000000000003
E07000210,Mole Valley,2016,573.36276565551577,245.32212092364529,818.6848865791618,33.109000000000002
E07000211,Reigate and Banstead,2016,892.23489540655567,213.22400161996461,1105.458897026519,55.438000000000002
E07000212,Runnymede,2016,463.86487521259153,260.71068466355592,724.57555987614683,30.266999999999999
E07000213,Spelthorne,2016,533.04296140454244,122.2549586706259,655.29792007516778,37.753999999999998
E07000214,Surrey Heath,2016,570.48332734939152,184.0277570794631,754.51108442885482,33.502000000000002
E07000215,Tandridge,2016,547.87430152008199,111.2265164241704,659.10081794425344,31.798999999999999
E07000216,Waverley,2016,794.50915220523416,199.09430592598429,993.60345813121626,46.289000000000001
E07000217,Woking,2016,563.44095618664039,161.73148582677129,725.17244201341123,35.747
E07000218,North Warwickshire,2016,328.40541556416849,384.52178918506479,712.92720474923328,24.009
E07000219,Nuneaton and Bedworth,2016,663.71458003952876,213.8117662830376,877.52634632256672,52.121000000000002
E07000220,Rugby,2016,556.47020158103055,324.20418905546251,880.67439063649454,40.695
E07000221,Stratford-on-Avon,2016,533.71897522985091,192.1268674486526,725.84584267850346,38.543999999999997
E07000222,Warwick,2016,740.06978112659624,274.09930522539202,1014.1690863519869,53.241999999999997
E07000223,Adur,2016,293.6268352638578,65.242549682422961,358.86938494628049,25.594999999999999
E07000224,Arun,2016,823.59166738649265,248.65435588264111,1072.246023269134,64.201999999999998
E07000225,Chichester,2016,514.21322571498308,400.62167027757221,914.83489599255472,39.030999999999999
E07000226,Crawley,2016,493.34083213004101,263.40381508236908,756.74464721240929,41.622
E07000227,Horsham,2016,644.61458150145438,286.48685862960309,931.1014401310581,46.798999999999999
E07000228,Mid Sussex,2016,752.24347276918866,225.53827246643891,977.78174523562825,53.244
E07000229,Worthing,2016,523.4614525593804,189.91051558516219,713.37196814454239,42.780999999999999
E07000234,Bromsgrove,2016,573.66475874638422,124.57792638607761,698.24268513246238,37.392000000000003
E07000235,Malvern Hills,2016,287.95152070840311,75.164426178155367,363.11594688655862,21.920999999999999
E07000236,Redditch,2016,420.1669090909117,162.27015558828961,582.4370646792014,34.628
E07000237,Worcester,2016,477.98722787795452,212.91017124195329,690.89739911990796,40.869
E07000238,Wychavon,2016,526.47887266903558,491.8399237992133,1018.31879646825,41.234000000000002
E07000239,Wyre Forest,2016,497.99114044952688,159.88419986533469,657.87534031486132,39.292999999999999
E07000240,St Albans,2016,907.65294597146897,243.35578214496721,1151.008728116434,55.46
E07000241,Welwyn Hatfield,2016,609.74334460842135,257.42144976272942,867.16479437115083,43.091999999999999
E07000242,East Hertfordshire,2016,730.25336265086173,264.30637314982312,994.55973580068473,49.317999999999998
E07000243,Stevenage,2016,406.04133132206368,337.0927952283912,743.13412655045477,33.58
E07000244,East Suffolk,2016,1092.967286045922,341.95768781931753,1434.9249738652411,87.572999999999993
E07000245,West Suffolk,2016,634.84715291839348,1680.39989076541,2315.247043683803,52.002000000000002
E08000001,Bolton,2016,1517.06948403104,531.47745054211305,2048.546934573149,114.964
E08000002,Bury,2016,1082.793643317362,394.63835218600548,1477.431995503367,78.551000000000002
E08000003,Manchester,2016,2104.0959243443481,1515.385938635917,3619.4818629802689,180.65100000000001
E08000004,Oldham,2016,1191.869371606243,432.84243386403767,1624.7118054702801,90.177000000000007
E08000005,Rochdale,2016,1123.8428470328849,443.73963597381891,1567.5824830067029,87.935000000000002
E08000006,Salford,2016,1157.9441212567131,625.28307162545434,1783.2271928821719,95.234999999999999
E08000007,Stockport,2016,1740.3162896758811,598.08567668669934,2338.4019663625809,118.68300000000001
E08000008,Tameside,2016,1192.9395526602129,510.39587404532409,1703.335426705539,96.33
E08000009,Trafford,2016,1375.5401276459049,1598.5279335653461,2974.0680612112492,91.524000000000001
E08000010,Wigan,2016,1621.2791313074661,753.39459889876014,2374.6737302062261,135.864
E08000011,Knowsley,2016,708.51048488505114,542.4523690395838,1250.9628539246351,63.247999999999998
E08000012,Liverpool,2016,2242.7987518342329,1522.226816275476,3765.0255681096992,194.05199999999999
E08000013,St. Helens,2016,947.86325178122468,1154.361597522091,2102.2248493033171,78.998000000000005
E08000014,Sefton,2016,1563.216584199437,1197.994988175981,2761.2115723754182,117.077
E08000015,Wirral,2016,1792.5810132801121,932.21363678806244,2724.794650068176,138.215
E08000017,Doncaster,2016,1651.80784596026,1052.7876482682141,2704.5954942284739,127.509
E08000018,Rotherham,2016,1442.6342604035281,1070.361483039419,2512.9957434429489,111.571
E08000021,Newcastle upon Tyne,2016,1527.3461705228999,1178.2712819912369,2705.617452514141,111.31399999999999
E08000022,North Tyneside,2016,1239.9933036940661,593.52881892320022,1833.52212261727,92.054000000000002
E08000023,South Tyneside,2016,863.25765337462474,213.0293812731141,1076.287034647738,68.715000000000003
E08000024,Sunderland,2016,1631.504803072223,805.32662092302337,2436.8314239952479,120.669
E08000025,Birmingham,2016,5365.5363719930629,3224.2418333483938,8589.7782053414285,384.56099999999998
E08000026,Coventry,2016,1599.232055068587,927.37529175879206,2526.6073468273771,128.38499999999999
E08000027,Dudley,2016,1711.7761951794089,607.55626302676603,2319.332458206175,130.01300000000001
E08000028,Sandwell,2016,1553.5196823434071,988.71996016572984,2542.239642509142,122.479
E08000029,Solihull,2016,1241.324279491635,766.28085088098919,2007.6051303726231,83.465000000000003
E08000030,Walsall,2016,1424.48796563003,648.62193199164119,2073.1098976216731,106.26600000000001
E08000031,Wolverhampton,2016,1327.175728729359,657.59914697991155,1984.774875709272,97.784999999999997
E08000032,Bradford,2016,2952.6000095158429,1810.123092369598,4762.7231018854536,197.024
E08000033,Calderdale,2016,1253.556177376724,593.24679811806868,1846.8029754947911,87.091999999999999
E08000034,Kirklees,2016,2499.556651770868,1456.9267392138131,3956.483390984683,173.065
E08000035,Leeds,2016,4154.4368212912423,2323.927682935363,6478.3645042265962,305.197
E08000036,Wakefield,2016,1849.743933302608,1275.7256408775991,3125.4695741802061,143.828
E08000037,Gateshead,2016,1161.193307941355,809.43210845930355,1970.6254164006609,87.031000000000006
E08000038,Barnsley,2016,1325.814260456669,1118.3631738117899,2444.1774342684639,103.458
E08000039,Sheffield,2016,2962.2175489714332,1808.088152750101,4770.3057017215242,220.00399999999999
E09000001,City of London,2016,30.158260752278242,774.74250386922188,804.90076462150034,3.234
E09000002,Barking and Dagenham,2016,739.67841065905816,219.78683200183451,959.46524266089352,65.320999999999998
E09000003,Barnet,2016,2168.1816239089512,521.7249616112108,2689.906585520142,128.16999999999999
E09000004,Bexley,2016,1223.5720779224471,695.68066413993358,1919.252742062381,89.334000000000003
E09000005,Brent,2016,1525.7933545248709,537.65351060518435,2063.4468651300558,101.839
E09000006,Bromley,2016,2021.2174825853911,392.86330774884658,2414.080790334237,129.83199999999999
E09000007,Camden,2016,950.43128668472616,1483.4001680486299,2433.8314547333589,79.134
E09000008,Croydon,2016,2021.4030708166979,445.73058531005029,2467.1336561267449,138.01900000000001
E09000009,Ealing,2016,1655.363736381988,687.72900190289477,2343.0927382848831,117.723
E09000010,Enfield,2016,1541.640431767242,504.03930913754402,2045.6797409047881,107.71599999999999
E09000011,Greenwich,2016,1119.1279333174091,473.2934899443128,1592.421423261726,91.951999999999998
E09000012,Hackney,2016,969.92680062924728,333.88269181244863,1303.809492441696,90.539000000000001
E09000013,Hammersmith and Fulham,2016,875.62220390089055,550.94393297144495,1426.5661368723361,74.206000000000003
E09000014,Haringey,2016,1257.084432039846,348.24135643752311,1605.3257884773709,95.477999999999994
E09000015,Harrow,2016,1412.418611171455,248.65179448670969,1661.070405658166,83.069000000000003
E09000016,Havering,2016,1331.9305005562489,229.34140698179121,1561.271907538041,96.450999999999993
E09000017,Hillingdon,2016,1432.1060882474669,680.60058937397866,2112.7066776214479,98.576999999999998
E09000018,Hounslow,2016,1161.5748443561729,603.86973592140453,1765.444580277579,84.055999999999997
E09000019,Islington,2016,897.80819165786568,677.47694472250851,1575.2851363803759,86.760999999999996
E09000020,Kensington and Chelsea,2016,869.61708704076364,868.52138825411498,1738.1384752948791,69.506
E09000021,Kingston upon Thames,2016,884.93281765376355,231.9232915064122,1116.8561091601771,60.08
E09000022,Lambeth,2016,1372.2035525850829,822.83588939449282,2195.0394419795762,118.607
E09000023,Lewisham,2016,1316.013737545625,349.68526280619068,1665.699000351814,108.539
E09000024,Merton,2016,1058.1703660857411,301.38252888409602,1359.5528949698371,76.343999999999994
E09000025,Newham,2016,1080.5740274786281,934.09765664858821,2014.6716841272121,91.819000000000003
E09000026,Redbridge,2016,1430.1402382802,230.24234978516489,1660.382588065366,93.671000000000006
E09000027,Richmond upon Thames,2016,1185.257463533427,311.05830232104557,1496.315765854471,78.186000000000007
E09000028,Southwark,2016,1029.386413470073,990.18058349566411,2019.566996965737,100.43300000000001
E09000029,Sutton,2016,1032.5312704308651,230.95266038901721,1263.4839308198809,71.587000000000003
E09000030,Tower Hamlets,2016,701.27296155508509,758.87173426878803,1460.144695823873,76.498999999999995
E09000031,Waltham Forest,2016,1193.4341142960629,278.60759613267351,1472.041710428738,92.103999999999999
E09000032,Wandsworth,2016,1504.7987334496131,704.76649099929091,2209.565224448902,119.577
E09000033,Westminster,2016,960.75381325281774,2503.8331656643882,3464.5869789172089,88.698999999999998
S12000005,Clackmannanshire,2016,296.64321278424882,796.28970314484354,1092.932915929093,22.571000000000002
S12000006,Dumfries and Galloway,2016,596.68456842879687,588.94890768757523,1185.633476116373,43.664999999999999
S12000008,East Ayrshire,2016,731.89416172744166,300.13071139182409,1032.024873119266,53.29
S12000010,East Lothian,2016,539.26795403959477,199.6854873795408,738.95344141913529,39.634
S12000011,East Renfrewshire,2016,637.98769425650153,107.55227779163729,745.53997204813709,35.325000000000003
S12000013,Na h-Eileanan Siar,2016,12.3262636273538,2.819382968169196,15.145646595523001,1.659
S12000014,Falkirk,2016,898.47165737443549,735.05286272956516,1633.524520104002,65.677000000000007
S12000017,Highland,2016,593.89683425136741,547.39624788979427,1141.293082141161,42.395000000000003
S12000018,Inverclyde,2016,465.5343255066453,163.07114182212851,628.60546732877413,33.600999999999999
S12000019,Midlothian,2016,490.59765077346532,172.38722269297449,662.98487346643981,36.597999999999999
S12000020,Moray,2016,440.38895937934268,1405.173000608994,1845.5619599883371,30.440999999999999
S12000021,North Ayrshire,2016,744.76497934579675,1495.311801896315,2240.0767812421132,58.133000000000003
S12000023,Orkney Islands,2016,0,0,0,0
S12000026,Scottish Borders,2016,505.75003162691081,287.50028857577161,793.25032020268191,36.540999999999997
S12000027,Shetland Islands,2016,0,0,0,0
S12000028,South Ayrshire,2016,657.10185577968127,616.43335029984883,1273.535206079531,46.277999999999999
S12000029,South Lanarkshire,2016,1831.374730778992,580.04598977623721,2411.4207205552261,124.629
S12000030,Stirling,2016,488.65073446302239,763.84659974908209,1252.4973342121041,32.216000000000001
S12000033,Aberdeen City,2016,1342.945122124522,974.13125131659172,2317.0763734411171,98.85
S12000034,Aberdeenshire,2016,1050.5283727167871,352.64021278842682,1403.168585505214,65.852000000000004
S12000035,Argyll and Bute,2016,311.75921753672981,137.17829433744259,448.93751187417251,20.356999999999999
S12000036,City of Edinburgh,2016,2712.664490996046,1821.392701397519,4534.0571923935777,215.41800000000001
S12000038,Renfrewshire,2016,1017.681880668034,543.30304097714202,1560.9849216451739,78.161000000000001
S12000039,West Dunbartonshire,2016,481.96716237737502,229.39827463612349,711.36543701349842,40.654000000000003
S12000040,West Lothian,2016,1028.751437186992,686.38747649354002,1715.1389136805319,73.397000000000006
S12000041,Angus,2016,559.90933909452428,327.88533991746499,887.79467901198859,39.401000000000003
S12000042,Dundee City,2016,739.33370442848116,666.153886915822,1405.4875913443061,59.033000000000001
S12000045,East Dunbartonshire,2016,752.38110078139027,143.93409535843779,896.31519613982732,43.695
S12000047,Fife,2016,2231.2708798890558,1595.435488052733,3826.7063679417852,160.958
S12000048,Perth and Kinross,2016,681.02737286269758,319.33858527084737,1000.365958133544,45.938000000000002
S12000049,Glasgow City,2016,2833.3528335906049,2180.4897508182839,5013.8425844088842,251.624
S12000050,North Lanarkshire,2016,1950.577790882141,873.110110829571,2823.6879017117089,141.29900000000001
W06000001,Isle of Anglesey / Ynys Môn,2016,179.25002294847451,128.84399112129771,308.09401406977219,15.738
W06000002,Gwynedd / Gwynedd,2016,340.51156297267732,173.8653818478752,514.37694482055213,29.881
W06000003,Conwy / Conwy,2016,551.26982586756424,147.3632393148817,698.63306518244553,45.496000000000002
W06000004,Denbighshire / Sir Ddinbych,2016,396.06958149354028,190.4968280752818,586.566409568822,33.015000000000001
W06000005,Flintshire / Sir y Fflint,2016,658.08494621858495,847.65315803537112,1505.738104253956,54.273000000000003
W06000006,Wrexham / Wrecsam,2016,593.59038974188866,1003.636160636227,1597.226550378115,50.378999999999998
W06000008,Ceredigion / Ceredigion,2016,104.7128357041335,74.100125934438239,178.81296163857181,8.7119999999999997
W06000009,Pembrokeshire / Sir Benfro,2016,387.76656388910521,140.14940192536179,527.91596581446697,34.353999999999999
W06000010,Carmarthenshire / Sir Gaerfyrddin,2016,638.0417305786101,338.94486117159062,976.98659175020077,51.344999999999999
W06000011,Swansea / Abertawe,2016,1246.7974925483591,616.62714044768279,1863.4246329960449,100.1
W06000012,Neath Port Talbot / Castell-nedd Port Talbot,2016,738.80790468298392,365.70841381181322,1104.516318494796,60.167000000000002
W06000013,Bridgend / Pen-y-bont ar Ogwr,2016,759.229283979721,505.42769459117818,1264.6569785709,60.877000000000002
W06000014,Vale of Glamorgan / Bro Morgannwg,2016,643.27987169345056,225.1970946829162,868.47696637636739,51.207999999999998
W06000015,Cardiff / Caerdydd,2016,1636.9322363825329,1268.461460372482,2905.3936967550162,136.09200000000001
W06000016,Rhondda Cynon Taf / Rhondda Cynon Taf,2016,1337.4607600700581,531.36840046343809,1868.8291605334971,104.35299999999999
W06000018,Caerphilly / Caerffili,2016,978.80460767480099,289.56260174065272,1268.367209415454,76.016000000000005
W06000019,Blaenau Gwent / Blaenau Gwent,2016,417.24265321722538,179.58764524010039,596.83029845732551,31.154
W06000020,Torfaen / Torfaen,2016,467.3562315193243,324.48429979609699,791.84053131542134,39.737000000000002
W06000021,Monmouthshire / Sir Fynwy,2016,386.39670025764462,277.14997108293898,663.54667134058309,30.599
W06000022,Newport / Casnewydd,2016,732.48396631250318,887.03962643737441,1619.523592749877,62.081000000000003
W06000023,Powys / Powys,2016,337.9355529350467,173.9976992271655,511.93325216221189,28.13
W06000024,Merthyr Tydfil / Merthyr Tudful,2016,350.67802127942781,221.81571649607801,572.49373777550579,26.097000000000001
E06000001,Hartlepool,2017,544.95300266594359,279.24569860102508,824.19870126696901,41.972999999999999
E06000002,Middlesbrough,2017,778.84501808509958,316.35876241379901,1095.203780498897,60.085000000000001
E06000003,Redcar and Cleveland,2017,792.40516664458153,442.8589599598011,1235.264126604382,60.587000000000003
E06000004,Stockton-on-Tees,2017,1117.1003501483719,874.31757746433448,1991.417927612707,83.042000000000002
E06000005,Darlington,2017,650.38778239367866,572.51781365442832,1222.9055960481071,47.094999999999999
E06000006,Halton,2017,644.68625011233974,593.76416868921933,1238.450418801559,55.161000000000001
E06000007,Warrington,2017,1155.153369751662,1097.769257209495,2252.9226269611572,88.679000000000002
E06000008,Blackburn with Darwen,2017,820.92875946387846,553.00490352761665,1373.9336629914969,58.384999999999998
E06000009,Blackpool,2017,802.72625689589404,338.19856666823262,1140.924823564128,62.716999999999999
E06000010,"Kingston upon Hull, City of",2017,1342.597294254354,1009.5459310533111,2352.143225307665,113.616
E06000011,East Riding of Yorkshire,2017,1888.8929601700529,1549.9922260976859,3438.8851862677411,131.827
E06000012,North East Lincolnshire,2017,882.47511898356686,929.43691131607795,1811.912030299645,69.2
E06000013,North Lincolnshire,2017,913.74970004237059,534.63364702142269,1448.383347063794,67.302999999999997
E06000014,York,2017,1116.8101907790431,611.3746217747788,1728.184812553824,80.108000000000004
E06000015,Derby,2017,1335.195657864778,706.32553832412407,2041.521196188902,103.9
E06000016,Leicester,2017,1664.3605570816801,1332.8683208783341,2997.2288779600131,119.619
E06000017,Rutland,2017,213.6236004678928,64.088256835594962,277.71185730348788,13.909000000000001
E06000018,Nottingham,2017,1466.3175736179639,872.35643943640275,2338.6740130543681,116.792
E06000019,"Herefordshire, County of",2017,632.19937077824682,518.29896442445522,1150.4983352027009,51.92
E06000020,Telford and Wrekin,2017,880.62984616097322,556.88885465974784,1437.5187008207199,71.808999999999997
E06000021,Stoke-on-Trent,2017,1401.8757183794271,920.740811781866,2322.6165301612932,109.956
E06000022,Bath and North East Somerset,2017,923.7661069276802,344.86895712950422,1268.6350640571841,69.063000000000002
E06000023,"Bristol, City of",2017,2008.4977309893941,895.85786529762981,2904.355596287015,171.886
E06000024,North Somerset,2017,1032.5695178619719,639.59270953213229,1672.1622273941041,83.396000000000001
E06000025,South Gloucestershire,2017,1214.2234967354341,620.27911954038154,1834.502616275814,101.554
E06000026,Plymouth,2017,1087.034774752261,487.05545819638343,1574.0902329486421,109.74299999999999
E06000027,Torbay,2017,657.53846679534547,314.28127488591792,971.81974168126328,56.472000000000001
E06000030,Swindon,2017,1059.1270544691099,568.38408853436226,1627.511143003471,87.16
E06000031,Peterborough,2017,951.06776072932348,418.89830830402428,1369.9660690333469,76.22
E06000032,Luton,2017,1012.265615896856,384.2505005218934,1396.516116418748,71.216999999999999
E06000033,Southend-on-Sea,2017,1051.822777943607,205.3904795327802,1257.2132574763889,73.233999999999995
E06000034,Thurrock,2017,727.39813547420522,501.01087504347538,1228.409010517679,58.634
E06000035,Medway,2017,1285.5946058622631,517.20832145188467,1802.802927314146,106.407
E06000036,Bracknell Forest,2017,600.92886735764239,240.1957281150537,841.1245954726952,44.021999999999998
E06000037,West Berkshire,2017,650.53574130899756,415.99221399524907,1066.527955304246,46.737000000000002
E06000038,Reading,2017,761.8320055781702,399.50139162140988,1161.3333971995801,58.79
E06000039,Slough,2017,597.69373766239164,425.45854209527272,1023.152279757663,46.073
E06000040,Windsor and Maidenhead,2017,918.80395148447258,321.90636878690952,1240.7103202713811,56.125999999999998
E06000041,Wokingham,2017,961.37623335181877,215.07932173260241,1176.4555550844209,62.470999999999997
E06000042,Milton Keynes,2017,1294.770990947482,699.59185095389785,1994.3628419013801,102.627
E06000043,Brighton and Hove,2017,1321.9208637386089,458.95990099725998,1780.8807647358731,110.20099999999999
E06000044,Portsmouth,2017,852.18391283055223,431.4534692944107,1283.637382124964,79.393000000000001
E06000045,Southampton,2017,897.91742680737605,501.31625459368269,1399.23368140106,81.177000000000007
E06000046,Isle of Wight,2017,653.6373976493627,454.44242457910411,1108.079822228467,57.741
E06000047,County Durham,2017,3129.8840959288591,1224.479898933105,4354.363994861963,226.41200000000001
E06000049,Cheshire East,2017,2247.22559945285,1814.813138480052,4062.0387379328999,152.851
E06000050,Cheshire West and Chester,2017,1828.855052484382,882.20929833130344,2711.0643508156868,139.6
E06000051,Shropshire,2017,1189.2054858887309,738.20543506148647,1927.4109209502151,93.58
E06000052,Cornwall,2017,1489.072230470854,1116.2254315502939,2605.2976620211512,139.62
E06000053,Isles of Scilly,2017,0,0,0,0
E06000054,Wiltshire,2017,1873.743743972228,1123.038042384022,2996.7817863562559,149.84800000000001
E06000055,Bedford,2017,844.69366616520642,330.56938714450308,1175.2630533097099,62.631
E06000056,Central Bedfordshire,2017,1430.0671836794579,445.52850346788932,1875.595687147352,104.953
E06000057,Northumberland,2017,1741.380055123301,1011.823940727537,2753.2039958508358,123.083
E06000058,"Bournemouth, Christchurch and Poole",2017,1962.765811042548,658.24047789605731,2621.006288938604,159.636
E06000059,Dorset,2017,1670.430828486009,462.98371052363518,2133.4145390096442,135.33000000000001
E06000060,Buckinghamshire,2017,3049.5367884013181,847.90964426638573,3897.4464326676998,187.499
E06000061,North Northamptonshire,2017,1812.7719600166679,1457.0502211740591,3269.8221811907292,137.64599999999999
E06000062,West Northamptonshire,2017,1963.044888733559,737.65434197049274,2700.6992307040518,147.614
E06000063,Cumberland,2017,1519.1243635150861,1342.5483427881479,2861.6727063032381,111.364
E06000064,Westmorland and Furness,2017,1123.1514938489461,1541.734264185015,2664.88575803396,84.320999999999998
E06000065,North Yorkshire,2017,3028.2345693995121,2898.016289117154,5926.2508585166779,209.85599999999999
E06000066,Somerset,2017,2034.2927239839371,1058.8242457804581,3093.1169697643932,177.78399999999999
E07000008,Cambridge,2017,628.54244628025128,577.50868733151981,1206.051133611772,47.298000000000002
E07000009,East Cambridgeshire,2017,351.19027032663843,77.124443281307308,428.31471360794569,25.808
E07000010,Fenland,2017,461.07515589259231,627.83514848035668,1088.910304372949,34.624000000000002
E07000011,Huntingdonshire,2017,847.17161807151263,257.21960486135612,1104.391222932868,63.655999999999999
E07000012,South Cambridgeshire,2017,671.76083774642063,439.05536807173598,1110.816205818157,47.28
E07000032,Amber Valley,2017,755.42314029111026,406.80601977433588,1162.229160065446,53.779000000000003
E07000033,Bolsover,2017,450.48028080985807,219.21604593647061,669.69632674632885,33.613999999999997
E07000034,Chesterfield,2017,605.38245630417111,291.52106355942249,896.90351986359406,47.526000000000003
E07000035,Derbyshire Dales,2017,412.71164640339532,399.37335403609251,812.08500043948743,26.683
E07000036,Erewash,2017,653.97479189106105,204.65189441153831,858.62668630260066,49.62
E07000037,High Peak,2017,576.88115134500742,732.19441836110354,1309.0755697061111,38.771999999999998
E07000038,North East Derbyshire,2017,622.03684349948662,184.33214101338331,806.36898451287027,43.317999999999998
E07000039,South Derbyshire,2017,528.28307349718693,425.07826626078378,953.36133975797031,39.441000000000003
E07000040,East Devon,2017,594.27609060207999,141.1261898215445,735.40228042362503,49.128999999999998
E07000041,Exeter,2017,506.97504974234749,363.99840929030938,870.97345903265807,47.857999999999997
E07000042,Mid Devon,2017,229.29478060464561,227.12560716707861,456.42038777172411,20.908000000000001
E07000043,North Devon,2017,368.76544779203681,140.46534665644629,509.23079444848241,31.782
E07000044,South Hams,2017,311.35078334790597,208.38623517190399,519.73701851980991,26.013999999999999
E07000045,Teignbridge,2017,537.30437544997699,334.31865282027229,871.62302827024951,47.1
E07000046,Torridge,2017,178.25243088112941,32.147598908445282,210.4000297895746,16.433
E07000047,West Devon,2017,171.5540077933756,184.86677621758369,356.42078401095932,13.773999999999999
E07000061,Eastbourne,2017,479.53328670614229,190.3476240474254,669.8809107535684,41.412999999999997
E07000062,Hastings,2017,446.72644128372423,87.638387344209534,534.36482862793355,37.6
E07000063,Lewes,2017,477.20126108999818,102.5590390144331,579.76030010443117,37.125
E07000064,Rother,2017,475.29722787295441,369.71751666472062,845.01474453767457,33.682000000000002
E07000065,Wealden,2017,732.59827579017724,116.9756568495232,849.57393263969993,51.198999999999998
E07000066,Basildon,2017,904.33540867546844,326.15811438832571,1230.4935230637941,70.864999999999995
E07000067,Braintree,2017,646.61575383072602,174.08022482301911,820.69597865374419,48.363999999999997
E07000068,Brentwood,2017,501.07491258296818,117.04551707211429,618.12042965508317,30.518000000000001
E07000069,Castle Point,2017,527.27070220336873,66.853918732901931,594.12462093627096,35.235999999999997
E07000070,Chelmsford,2017,862.98173321030083,245.1989596106074,1108.180692820908,61.628999999999998
E07000071,Colchester,2017,847.9138950813159,272.99750799088048,1120.911403072196,65.102000000000004
E07000072,Epping Forest,2017,769.23170967373608,362.98088047280322,1132.2125901465381,48.463000000000001
E07000073,Harlow,2017,414.72336145776819,195.95639916341159,610.67976062118032,34.973999999999997
E07000074,Maldon,2017,234.28739179128519,41.880142397469669,276.1675341887551,16.995999999999999
E07000075,Rochford,2017,494.79703425853148,60.926642389039088,555.7236766475703,32.545999999999999
E07000076,Tendring,2017,742.78186305330939,231.02105991498419,973.80292296829532,56.546999999999997
E07000077,Uttlesford,2017,398.11904360322723,113.4605993015581,511.5796429047856,25.928000000000001
E07000078,Cheltenham,2017,629.72035650227951,277.65700433639,907.3773608386698,50.222999999999999
E07000079,Cotswold,2017,387.756495782873,142.39565306010081,530.1521488429737,27.332999999999998
E07000080,Forest of Dean,2017,280.87745004791071,373.82020084435572,654.69765089226644,22.265999999999998
E07000081,Gloucester,2017,594.34924624553958,363.94362129797258,958.29286754351278,51.674999999999997
E07000082,Stroud,2017,584.06572033018756,246.13111880332789,830.19683913351457,43.265000000000001
E07000083,Tewkesbury,2017,426.49336993883747,174.55763225824819,601.05100219708595,34.94
E07000084,Basingstoke and Deane,2017,791.26941759656631,307.11265051361931,1098.3820681101849,62.728000000000002
E07000085,East Hampshire,2017,629.95691209967913,123.72491877364401,753.68183087332329,43.331000000000003
E07000086,Eastleigh,2017,633.57879341222429,164.24023685154279,797.81903026376835,51.972000000000001
E07000087,Fareham,2017,579.33221273742049,143.45085052358809,722.78306326100835,46.462000000000003
E07000088,Gosport,2017,345.58381096963763,98.805305924785856,444.3891168944233,32.241999999999997
E07000089,Hart,2017,569.91216731654947,138.9821297826951,708.89429709924389,35.677999999999997
E07000090,Havant,2017,622.23652399608454,102.9691426220524,725.20566661813768,51.36
E07000091,New Forest,2017,923.10209010772053,231.3584918630153,1154.4605819707349,70.302999999999997
E07000092,Rushmoor,2017,457.68100032261509,194.2169233017909,651.89792362440608,35.929000000000002
E07000093,Test Valley,2017,490.26336358506489,206.26420815071751,696.52757173578243,40.026000000000003
E07000094,Winchester,2017,570.46182052609197,210.2765918942041,780.73841242029494,41.23
E07000095,Broxbourne,2017,495.49601779135952,126.2592369232833,621.755254714643,36.021999999999998
E07000096,Dacorum,2017,859.40914569203005,214.75156843608119,1074.1607141281111,58.036000000000001
E07000098,Hertsmere,2017,654.91856322497586,248.8478427296443,903.76640595462004,40.265999999999998
E07000099,North Hertfordshire,2017,691.10166316083098,241.44709738070921,932.54876054154033,48.192999999999998
E07000102,Three Rivers,2017,600.59702344716482,135.68810033288489,736.28512378005007,34.939
E07000103,Watford,2017,492.34213253014542,178.9122772594678,671.25440978961308,34.378999999999998
E07000105,Ashford,2017,519.39927436155529,220.5945838134499,739.99385817500536,41.789000000000001
E07000106,Canterbury,2017,773.36488385928703,327.98261147380413,1101.347495333091,59.002000000000002
E07000107,Dartford,2017,529.41907965677217,185.31409461848199,714.73317427525399,42.174999999999997
E07000108,Dover,2017,554.58441062021836,293.59967158012552,848.18408220034405,46.322000000000003
E07000109,Gravesham,2017,505.22817210781147,322.07923111904648,827.30740322685858,39.347999999999999
E07000110,Maidstone,2017,792.05438867524424,274.5129739256941,1066.567362600937,60.938000000000002
E07000111,Sevenoaks,2017,667.92696575234402,120.8429761082848,788.76994186062802,41.362000000000002
E07000112,Folkestone and Hythe,2017,519.94737372807822,121.8471350427167,641.79450877079432,42.369
E07000113,Swale,2017,668.59420177799495,457.50901024454811,1126.1032120225441,55.351999999999997
E07000114,Thanet,2017,720.72976722722501,631.44515140857288,1352.1749186357979,59.957000000000001
E07000115,Tonbridge and Malling,2017,662.47792771722891,212.53856406080541,875.01649177803483,48.436999999999998
E07000116,Tunbridge Wells,2017,583.744305345562,138.0974168084837,721.8417221540451,38.408999999999999
E07000117,Burnley,2017,521.89986571750001,200.747865826458,722.64773154395755,39.661000000000001
E07000118,Chorley,2017,645.16316755783964,321.78672785734341,966.94989541518328,47.613999999999997
E07000119,Fylde,2017,494.70196316488671,173.07418826159849,667.77615142648517,33.761000000000003
E07000120,Hyndburn,2017,471.68128866355778,174.6870124964928,646.36830116005149,35.433999999999997
E07000121,Lancaster,2017,725.18138864723494,397.70766444495172,1122.8890530921869,55.51
E07000122,Pendle,2017,540.50513510398787,223.6357695980771,764.1409047020652,38.466999999999999
E07000123,Preston,2017,742.6777409408171,388.00635642784118,1130.684097368659,56.255000000000003
E07000124,Ribble Valley,2017,340.40146137336791,242.59587730431471,582.99733867768202,22.143999999999998
E07000125,Rossendale,2017,454.2497389804339,255.0573404570209,709.30707943745517,30.49
E07000126,South Ribble,2017,628.20085843367372,338.94730669974012,967.14816513341395,47.168999999999997
E07000127,West Lancashire,2017,611.86071405004827,608.63921743171613,1220.499931481763,43.156999999999996
E07000128,Wyre,2017,630.02724803056731,471.22955012835843,1101.256798158925,45.987000000000002
E07000129,Blaby,2017,586.57299452165034,158.74779010317039,745.32078462482195,41.061
E07000130,Charnwood,2017,985.52026840890551,642.19555801688819,1627.7158264257921,71.444000000000003
E07000131,Harborough,2017,512.36433689971739,167.70725224491011,680.07158914462741,33.313000000000002
E07000132,Hinckley and Bosworth,2017,629.07892513416596,255.11137104898069,884.19029618314607,45.726999999999997
E07000133,Melton,2017,260.04964507877861,170.59983532808479,430.64948040686312,18.443000000000001
E07000134,North West Leicestershire,2017,554.3798828267669,678.24041090675132,1232.620293733519,38.896000000000001
E07000135,Oadby and Wigston,2017,341.16083213529032,89.542357576500237,430.70318971179103,22.74
E07000136,Boston,2017,294.77621140534279,82.655630439184094,377.43184184452713,22.684999999999999
E07000137,East Lindsey,2017,535.00172986772509,206.6095110886767,741.61124095640093,40.445999999999998
E07000138,Lincoln,2017,496.6702180520777,322.9192255240439,819.58944357612233,41.24
E07000139,North Kesteven,2017,511.00873443593122,178.84588080445189,689.85461524038328,38.527999999999999
E07000140,South Holland,2017,390.57076977648859,224.69272940165769,615.26349917814639,29.172999999999998
E07000141,South Kesteven,2017,649.10785329777718,371.18539051548152,1020.293243813259,49.326000000000001
E07000142,West Lindsey,2017,439.40251420863808,176.21030136752549,615.61281557616348,31.893000000000001
E07000143,Breckland,2017,420.78116125560649,182.98325113845411,603.76441239406051,33.965000000000003
E07000144,Broadland,2017,605.20647059729674,155.1800406246972,760.3865112219944,44.465000000000003
E07000145,Great Yarmouth,2017,385.81238530649682,140.99081108624031,526.80319639273739,33.057000000000002
E07000146,King's Lynn and West Norfolk,2017,472.02408048713733,329.89166411774897,801.91574460488687,36.780999999999999
E07000147,North Norfolk,2017,355.29680987071271,209.58789308020019,564.88470295091292,27.202999999999999
E07000148,Norwich,2017,665.35335610299239,483.72146274164709,1149.074818844641,58.738999999999997
E07000149,South Norfolk,2017,431.10079306930322,233.08626403323291,664.18705710253619,33.875999999999998
E07000170,Ashfield,2017,723.24512103315999,274.92408787183712,998.16920890499773,53.805
E07000171,Bassetlaw,2017,569.34978320022276,310.07316398723827,879.42294718746018,42.424999999999997
E07000172,Broxtowe,2017,672.00080919333811,501.02583420533688,1173.0266433986751,48.142000000000003
E07000173,Gedling,2017,719.46592204051944,350.67863146488929,1070.144553505409,49.115000000000002
E07000174,Mansfield,2017,663.32455737673786,183.96126788653871,847.28582526327671,47.576000000000001
E07000175,Newark and Sherwood,2017,635.99085628069838,733.98263612471749,1369.973492405416,45.765999999999998
E07000176,Rushcliffe,2017,723.24087210970197,553.33739966169719,1276.5782717713989,45.869
E07000177,Cherwell,2017,629.08910859787318,656.3627459729388,1285.451854570812,49.095999999999997
E07000178,Oxford,2017,696.68163369245883,801.95962455202039,1498.64125824448,51.402000000000001
E07000179,South Oxfordshire,2017,716.04585999621565,242.8069319781053,958.85279197432078,48.953000000000003
E07000180,Vale of White Horse,2017,656.88612908901473,267.58362228874091,924.46975137775564,47.534999999999997
E07000181,West Oxfordshire,2017,506.24001813378709,187.65055319290201,693.89057132668881,35.539000000000001
E07000192,Cannock Chase,2017,557.85327272727261,191.25031681251519,749.103589539788,41.037999999999997
E07000193,East Staffordshire,2017,593.72313455076971,532.61715385346292,1126.3402884042321,44.465000000000003
E07000194,Lichfield,2017,602.51224728766465,197.4283232807997,799.9405705684635,40.414999999999999
E07000195,Newcastle-under-Lyme,2017,723.25438537549962,516.78903291634788,1240.043418291848,51.427999999999997
E07000196,South Staffordshire,2017,612.32142795103346,525.99510303340583,1138.3165309844401,41.387999999999998
E07000197,Stafford,2017,711.0278801037723,335.90285235124088,1046.9307324550141,50.622999999999998
E07000198,Staffordshire Moorlands,2017,538.63477234498612,440.27377438562502,978.90854673061119,36.223999999999997
E07000199,Tamworth,2017,387.39500090781752,141.2008812925784,528.5958822003962,30.672000000000001
E07000200,Babergh,2017,335.50250418489611,204.71810226377991,540.22060644867577,25.331
E07000202,Ipswich,2017,626.89832443256262,200.92562614990621,827.8239505824688,51.982999999999997
E07000203,Mid Suffolk,2017,242.8901000245306,249.67505200317859,492.56515202770919,20.225999999999999
E07000207,Elmbridge,2017,973.59618995261712,286.82729011420241,1260.4234800668221,53.286999999999999
E07000208,Epsom and Ewell,2017,491.1968909769169,97.833842416100097,589.03073339301739,29.553999999999998
E07000209,Guildford,2017,820.89963819911861,331.18486296932639,1152.084501168448,51.71
E07000210,Mole Valley,2017,583.29635676983025,244.17890715574441,827.47526392557336,33.598999999999997
E07000211,Reigate and Banstead,2017,912.27582434861438,219.72903762154709,1132.004861970162,56.155999999999999
E07000212,Runnymede,2017,472.34137601208448,245.62258456607779,717.96396057816253,30.7
E07000213,Spelthorne,2017,541.97679838810745,164.19606341350459,706.17286180161193,38.057000000000002
E07000214,Surrey Heath,2017,576.7303565076096,178.79476649942001,755.52512300702995,34.008000000000003
E07000215,Tandridge,2017,560.33023210322165,117.71982245181729,678.05005455503942,32.365000000000002
E07000216,Waverley,2017,804.39215025136275,201.80110782176709,1006.193258073129,46.831000000000003
E07000217,Woking,2017,570.56854388699344,159.85125739382019,730.41980128081457,36.11
E07000218,North Warwickshire,2017,339.87811956521728,405.18538339675291,745.06350296197013,24.437999999999999
E07000219,Nuneaton and Bedworth,2017,692.19030434782587,218.7099482942937,910.9002526421184,53.106000000000002
E07000220,Rugby,2017,578.41333300395388,345.65382009950832,924.06715310346328,41.658999999999999
E07000221,Stratford-on-Avon,2017,553.10952636156037,208.45703295558229,761.56655931714226,39.826999999999998
E07000222,Warwick,2017,762.92977142799282,282.58992823651738,1045.51969966451,54.369
E07000223,Adur,2017,302.29375530042358,70.631747938656659,372.92550323908017,25.852
E07000224,Arun,2017,843.18775890988775,320.05261757880447,1163.2403764886931,65.188999999999993
E07000225,Chichester,2017,529.31294000088837,464.7976733526894,994.1106133535784,39.76
E07000226,Crawley,2017,502.7409357202522,275.32564195997588,778.06657768022797,42.180999999999997
E07000227,Horsham,2017,660.52536946553789,288.31301820538368,948.83838767092107,47.871000000000002
E07000228,Mid Sussex,2017,765.9760180162865,240.6038984927618,1006.57991650905,54.097000000000001
E07000229,Worthing,2017,540.56234479381419,189.64075794998419,730.20310274379926,43.469000000000001
E07000234,Bromsgrove,2017,592.47772932344265,128.53691436301361,721.01464368645577,38.143000000000001
E07000235,Malvern Hills,2017,295.9885394831087,76.560400546194217,372.54894002930342,22.337
E07000236,Redditch,2017,436.89060177866332,167.98507103659711,604.87567281526026,35.348999999999997
E07000237,Worcester,2017,492.03286052405889,220.46721667803709,712.50007720209601,41.427
E07000238,Wychavon,2017,550.25345670265301,525.25752314649026,1075.510979849144,42.618000000000002
E07000239,Wyre Forest,2017,512.37676438044161,186.36982257013341,698.74658695057497,39.863
E07000240,St Albans,2017,926.54607368093684,230.5212083742303,1157.0672820551661,55.944000000000003
E07000241,Welwyn Hatfield,2017,627.50148713361375,279.04026780410942,906.54175493772232,43.715000000000003
E07000242,East Hertfordshire,2017,754.48683098429728,309.42200685860502,1063.908837842903,50.33
E07000243,Stevenage,2017,416.27704529904929,317.62716634415432,733.90421164320355,33.869
E07000244,East Suffolk,2017,1153.0597128132879,364.29203618331047,1517.351748996598,89.076999999999998
E07000245,West Suffolk,2017,658.31689636634758,1494.644780101301,2152.961676467648,52.906999999999996
E08000001,Bolton,2017,1579.144860905993,578.98458939997681,2158.1294503059662,116.541
E08000002,Bury,2017,1122.667587785445,377.82312633743578,1500.4907141228771,79.555999999999997
E08000003,Manchester,2017,2202.789087993026,1544.4065168821589,3747.1956048751949,183.38300000000001
E08000004,Oldham,2017,1239.670078299592,411.94449925192362,1651.614577551517,91.472999999999999
E08000005,Rochdale,2017,1173.7271624795401,461.48237206717789,1635.209534546716,89.447000000000003
E08000006,Salford,2017,1208.739701424686,611.08081108539432,1819.8205125100781,96.831000000000003
E08000007,Stockport,2017,1801.0790013946739,678.6360026945963,2479.715004089273,120.27200000000001
E08000008,Tameside,2017,1241.6816738314069,518.98852858364342,1760.670202415047,97.718999999999994
E08000009,Trafford,2017,1422.405312119012,1614.9721329151239,3037.3774450341371,92.521000000000001
E08000010,Wigan,2017,1695.881811868614,806.96101183355904,2502.8428237021772,138.08000000000001
E08000011,Knowsley,2017,740.04764829270141,517.79930605655488,1257.8469543492561,64.448999999999998
E08000012,Liverpool,2017,2338.769396901982,1720.5294504315209,4059.298847333504,197.113
E08000013,St. Helens,2017,986.03816336828288,1298.547357894442,2284.5855212627262,80.236999999999995
E08000014,Sefton,2017,1617.1951793310959,1147.993215175107,2765.1883945062032,118.622
E08000015,Wirral,2017,1869.221167608172,917.19072176867326,2786.4118893768409,140.25200000000001
E08000017,Doncaster,2017,1707.672977960756,1127.083746007276,2834.7567239680288,129.93799999999999
E08000018,Rotherham,2017,1490.1937052084791,1129.799054550698,2619.9927597591768,113.151
E08000021,Newcastle upon Tyne,2017,1581.139067693844,1136.745357120886,2717.884424814732,113.327
E08000022,North Tyneside,2017,1293.6624723729101,604.43757849744475,1898.100050870351,93.927000000000007
E08000023,South Tyneside,2017,896.11696873509322,215.6760693841355,1111.79303811923,69.72
E08000024,Sunderland,2017,1684.5388073481299,844.25951945186546,2528.798326799998,122.503
E08000025,Birmingham,2017,5550.9843079754983,3173.9812261729362,8724.965534148414,388.90600000000001
E08000026,Coventry,2017,1658.718365345263,935.87410251912286,2594.592467864386,130.095
E08000027,Dudley,2017,1781.2937207011059,664.57509150943645,2445.8688122105382,131.761
E08000028,Sandwell,2017,1625.695234471639,1069.655804361445,2695.3510388330851,124.809
E08000029,Solihull,2017,1281.406761857693,772.24552132922247,2053.6522831869179,84.869
E08000030,Walsall,2017,1477.5989318103409,692.76982417531883,2170.3687559856621,107.857
E08000031,Wolverhampton,2017,1378.3041744472459,675.5447276083969,2053.8489020556422,99.275000000000006
E08000032,Bradford,2017,3068.814557660834,1898.212379867548,4967.0269375283824,200.18899999999999
E08000033,Calderdale,2017,1300.8078542951121,606.55760942468135,1907.3654637197881,88.042000000000002
E08000034,Kirklees,2017,2593.7889710923582,1331.042817550516,3924.831788642869,175.304
E08000035,Leeds,2017,4334.1081432454403,2334.8261580285812,6668.9343012740219,310.74799999999999
E08000036,Wakefield,2017,1933.508491768433,1459.664914972175,3393.1734067406069,147.19200000000001
E08000037,Gateshead,2017,1198.3397064498431,741.18665979912316,1939.526366248964,88.123000000000005
E08000038,Barnsley,2017,1381.561592451706,1071.1991013026211,2452.760693754331,105.376
E08000039,Sheffield,2017,3057.1526237732851,1882.425835775648,4939.5784595489422,222.642
E09000001,City of London,2017,28.882331920025941,828.856235186606,857.73856710663176,3.1589999999999998
E09000002,Barking and Dagenham,2017,771.23295208371837,220.01351831709641,991.24647040081572,66.227000000000004
E09000003,Barnet,2017,2215.6328267982099,542.09434397839971,2757.7271707766072,129.364
E09000004,Bexley,2017,1253.0419231472749,735.15739258126644,1988.1993157285399,90.21
E09000005,Brent,2017,1550.9897296667129,522.63811468348877,2073.6278443502019,102.578
E09000006,Bromley,2017,2066.226623261447,387.44705781348949,2453.6736810749389,131.21
E09000007,Camden,2017,969.22549398493027,1431.95703754142,2401.18253152635,79.466999999999999
E09000008,Croydon,2017,2070.0757013825191,453.62199040569101,2523.6976917882121,139.92500000000001
E09000009,Ealing,2017,1695.4549918183341,729.31048501950386,2424.7654768378388,118.664
E09000010,Enfield,2017,1592.2243511751401,523.85659169885218,2116.0809428739899,108.705
E09000011,Greenwich,2017,1153.3991478372441,461.10642136173573,1614.505569198978,92.775000000000006
E09000012,Hackney,2017,991.9779277783399,379.31132078003583,1371.289248558377,91.171999999999997
E09000013,Hammersmith and Fulham,2017,898.84002995794776,614.74273526825516,1513.582765226203,74.664000000000001
E09000014,Haringey,2017,1285.833739362404,346.95643227302452,1632.790171635424,96.206000000000003
E09000015,Harrow,2017,1443.294969224637,247.44781527496929,1690.74278449961,83.962000000000003
E09000016,Havering,2017,1373.749289337464,234.39041042657061,1608.139699764037,97.427000000000007
E09000017,Hillingdon,2017,1466.8956836296679,763.80233265709012,2230.6980162867608,99.498000000000005
E09000018,Hounslow,2017,1190.393117559619,579.22163504241223,1769.61475260203,84.820999999999998
E09000019,Islington,2017,918.40073844474193,673.33682238742279,1591.7375608321649,87.19
E09000020,Kensington and Chelsea,2017,885.48332660899689,867.59901612057661,1753.082342729572,69.674999999999997
E09000021,Kingston upon Thames,2017,904.84933115977299,238.40351692747481,1143.2528480872479,60.707000000000001
E09000022,Lambeth,2017,1406.370903065347,768.08692024200366,2174.4578233073539,119.491
E09000023,Lewisham,2017,1348.4228211006659,343.45697632783032,1691.879797428498,109.526
E09000024,Merton,2017,1086.4266144935509,302.02007985148549,1388.4466943450341,77.073999999999998
E09000025,Newham,2017,1107.10967345069,989.92360588814427,2097.0332793388361,92.552000000000007
E09000026,Redbridge,2017,1468.121216203723,240.5568156338928,1708.6780318376179,94.662000000000006
E09000027,Richmond upon Thames,2017,1207.2800193738831,307.43618574566688,1514.716205119553,78.545000000000002
E09000028,Southwark,2017,1053.5908952324751,1022.724870639023,2076.315765871499,100.88800000000001
E09000029,Sutton,2017,1055.132951357017,262.3506987368516,1317.4836500938679,72.311000000000007
E09000030,Tower Hamlets,2017,712.95555293978759,812.14229352918767,1525.0978464689749,76.971000000000004
E09000031,Waltham Forest,2017,1218.48806078035,284.90085124116928,1503.388912021519,92.97
E09000032,Wandsworth,2017,1548.024144786659,628.52090528583892,2176.5450500724992,120.437
E09000033,Westminster,2017,977.26022215877867,2646.9672245340948,3624.2274466928761,88.796999999999997
S12000005,Clackmannanshire,2017,308.32874707651041,826.02841841856321,1134.357165495074,22.975999999999999
S12000006,Dumfries and Galloway,2017,621.15213826912338,588.16866651685712,1209.32080478598,44.496000000000002
S12000008,East Ayrshire,2017,753.65577160255191,313.38587323084681,1067.041644833399,54.127000000000002
S12000010,East Lothian,2017,560.07673493062669,212.6833698087087,772.76010473933718,40.734999999999999
S12000011,East Renfrewshire,2017,653.35856920770448,109.42234206100331,762.78091126870777,35.790999999999997
S12000013,Na h-Eileanan Siar,2017,17.805608118427731,4.8752103540272191,22.680818472454948,1.68
S12000014,Falkirk,2017,934.20222476349181,752.80862697119335,1687.010851734686,67.069999999999993
S12000017,Highland,2017,603.85667771755016,601.7930037176219,1205.6496814351731,43.658000000000001
S12000018,Inverclyde,2017,481.28589593852888,188.5396543896463,669.8255503281747,34.119999999999997
S12000019,Midlothian,2017,503.68008507742968,181.8094314448511,685.48951652228106,37.539000000000001
S12000020,Moray,2017,448.55972021342302,1312.6430390984669,1761.2027593118889,31.033999999999999
S12000021,North Ayrshire,2017,772.12353345131407,1099.226553292486,1871.3500867437999,59.113999999999997
S12000023,Orkney Islands,2017,0,0,0,0
S12000026,Scottish Borders,2017,520.87036961629053,290.98144346609081,811.85181308238054,37.293999999999997
S12000027,Shetland Islands,2017,0,0,0,0
S12000028,South Ayrshire,2017,677.90608769834489,605.01634540366854,1282.922433102013,47.018999999999998
S12000029,South Lanarkshire,2017,1882.372312249086,608.86425439992058,2491.2365666490091,127.30500000000001
S12000030,Stirling,2017,506.30437465383051,718.51827280126759,1224.822647455097,32.807000000000002
S12000033,Aberdeen City,2017,1360.1657218736459,1007.927166384505,2368.0928882581529,100.395
S12000034,Aberdeenshire,2017,1067.852809740057,351.58172426865571,1419.4345340087129,67.031000000000006
S12000035,Argyll and Bute,2017,322.71096074988839,141.7979266045632,464.50888735445159,20.556000000000001
S12000036,City of Edinburgh,2017,2812.8101186463759,1900.772251516591,4713.582370162977,219.50800000000001
S12000038,Renfrewshire,2017,1052.957025312478,547.03247168363703,1599.989496996116,79.855000000000004
S12000039,West Dunbartonshire,2017,497.39346178066933,219.50773115131341,716.90119293198188,41.335999999999999
S12000040,West Lothian,2017,1069.236987315951,798.96183344329768,1868.1988207592501,75.210999999999999
S12000041,Angus,2017,581.93868711467235,336.7871938969264,918.72588101159772,40.548999999999999
S12000042,Dundee City,2017,767.79928524445381,677.70424156867159,1445.503526813126,60.140999999999998
S12000045,East Dunbartonshire,2017,779.43240802117748,153.03395829847381,932.46636631965146,44.384
S12000047,Fife,2017,2311.9782789973669,1637.571579867008,3949.5498588643791,163.779
S12000048,Perth and Kinross,2017,703.85237586647725,339.36615021869972,1043.218526085177,47.018000000000001
S12000049,Glasgow City,2017,2923.4546613774669,2228.3297309209479,5151.7843922984157,256.05599999999998
S12000050,North Lanarkshire,2017,2012.5949308818961,902.62610928166418,2915.2210401635598,144.083
W06000001,Isle of Anglesey / Ynys Môn,2017,189.51743212728789,129.74916422451031,319.26659635179828,16.096
W06000002,Gwynedd / Gwynedd,2017,360.18022830750681,174.48003414384809,534.66026245135492,30.382999999999999
W06000003,Conwy / Conwy,2017,574.29184502601902,148.8517910587731,723.14363608479152,46.027000000000001
W06000004,Denbighshire / Sir Ddinbych,2017,413.08326252136959,190.43742724779179,603.52068976916132,33.415999999999997
W06000005,Flintshire / Sir y Fflint,2017,689.09072133592542,843.31393662384244,1532.4046579597691,55.456000000000003
W06000006,Wrexham / Wrecsam,2017,616.83604502409366,1531.654555315185,2148.4906003392771,50.976999999999997
W06000008,Ceredigion / Ceredigion,2017,109.98699599610021,72.887640489241079,182.87463648534131,8.8019999999999996
W06000009,Pembrokeshire / Sir Benfro,2017,408.63065729417042,164.17494466203439,572.8056019562049,34.978000000000002
W06000010,Carmarthenshire / Sir Gaerfyrddin,2017,667.81807903600327,395.80896485919487,1063.627043895199,52.067
W06000011,Swansea / Abertawe,2017,1302.117812453411,1003.518582985871,2305.6363954392809,101.117
W06000012,Neath Port Talbot / Castell-nedd Port Talbot,2017,771.93406451420503,348.06824280856739,1120.002307322773,60.850999999999999
W06000013,Bridgend / Pen-y-bont ar Ogwr,2017,794.84922456467973,505.81650612962841,1300.6657306943071,61.8
W06000014,Vale of Glamorgan / Bro Morgannwg,2017,669.97368236629302,224.3491599647314,894.3228423310253,52.311
W06000015,Cardiff / Caerdydd,2017,1702.926291335531,1199.4607250879781,2902.38701642351,138.131
W06000016,Rhondda Cynon Taf / Rhondda Cynon Taf,2017,1394.700553693956,531.36069243683551,1926.061246130789,105.562
W06000018,Caerphilly / Caerffili,2017,1021.374912011012,297.40711550924789,1318.7820275202621,76.718000000000004
W06000019,Blaenau Gwent / Blaenau Gwent,2017,435.54612611024908,205.06559426535799,640.61172037560698,31.489000000000001
W06000020,Torfaen / Torfaen,2017,490.49739597772128,337.54420161124199,828.04159758896276,40.414999999999999
W06000021,Monmouthshire / Sir Fynwy,2017,401.71035686363427,309.2928787147589,711.00323557839351,31.103000000000002
W06000022,Newport / Casnewydd,2017,762.90397033555973,729.30844913991461,1492.2124194754731,63.383000000000003
W06000023,Powys / Powys,2017,353.58475131069389,178.53467169646879,532.11942300716316,28.652999999999999
W06000024,Merthyr Tydfil / Merthyr Tudful,2017,364.78571713661182,201.48925379214819,566.27497092876001,26.33
E06000001,Hartlepool,2018,528.59710274261658,262.01516511972841,790.61226786234454,42.24
E06000002,Middlesbrough,2018,768.60530048021735,333.8587990850902,1102.464099565306,60.752000000000002
E06000003,Redcar and Cleveland,2018,767.40908377076516,719.90136202649808,1487.310445797264,61.11
E06000004,Stockton-on-Tees,2018,1091.451349159249,867.7539864283674,1959.205335587616,83.92
E06000005,Darlington,2018,640.03891691395086,509.55095834304262,1149.5898752569931,47.643000000000001
E06000006,Halton,2018,644.18396175317457,548.7983448893192,1192.9823066424949,55.808
E06000007,Warrington,2018,1149.2457953409621,1045.7216266163159,2194.967421957278,89.555999999999997
E06000008,Blackburn with Darwen,2018,824.35780450913899,485.33766108786278,1309.695465597001,59.246000000000002
E06000009,Blackpool,2018,795.87627916982956,382.42433166532788,1178.3006108351569,63.223999999999997
E06000010,"Kingston upon Hull, City of",2018,1316.0170990204001,971.17502928814815,2287.1921283085499,114.309
E06000011,East Riding of Yorkshire,2018,1861.018978311168,1461.3986333025141,3322.4176116136832,133.595
E06000012,North East Lincolnshire,2018,868.03168219150814,1077.277518285186,1945.3092004766929,69.844999999999999
E06000013,North Lincolnshire,2018,905.67983198239961,507.46965604984177,1413.1494880322421,67.701999999999998
E06000014,York,2018,1106.1869879873279,594.37611252487739,1700.5631005122091,80.481999999999999
E06000015,Derby,2018,1346.3335797756299,899.72363640372828,2246.0572161793589,105.253
E06000016,Leicester,2018,1665.5208213255819,1371.412472102212,3036.9332934277968,120.423
E06000017,Rutland,2018,213.8954989810093,80.809326256052501,294.70482523706181,14.161
E06000018,Nottingham,2018,1472.851641780677,914.34081286625769,2387.1924546469309,117.58
E06000019,"Herefordshire, County of",2018,640.90684750531386,582.59502016977888,1223.5018676750919,53.174999999999997
E06000020,Telford and Wrekin,2018,902.72925503660213,549.14068939725735,1451.869944433859,73.893000000000001
E06000021,Stoke-on-Trent,2018,1412.646898221323,1067.878144308987,2480.5250425303111,110.654
E06000022,Bath and North East Somerset,2018,939.70551171948864,350.94702880024369,1290.6525405197319,70.454999999999998
E06000023,"Bristol, City of",2018,2020.7717345099379,845.94534441309736,2866.7170789230358,173.02799999999999
E06000024,North Somerset,2018,1035.1253159513001,690.44320248603492,1725.5685184373349,84.366
E06000025,South Gloucestershire,2018,1228.0799378834861,641.40838127855352,1869.4883191620399,103.654
E06000026,Plymouth,2018,1066.140718486276,486.68672933371982,1552.827447819998,110.429
E06000027,Torbay,2018,653.24173240064283,300.75780193405348,953.99953433469727,56.735999999999997
E06000030,Swindon,2018,1068.581180939796,557.65565409369526,1626.236835033488,88.593999999999994
E06000031,Peterborough,2018,950.46538351150684,414.34425867408419,1364.809642185591,78.075999999999993
E06000032,Luton,2018,1005.234685339736,372.14997211908718,1377.3846574588231,71.804000000000002
E06000033,Southend-on-Sea,2018,1038.556908670284,230.50118848894701,1269.0580971592301,73.501999999999995
E06000034,Thurrock,2018,728.22964560975288,716.14929564062527,1444.3789412503791,59.140999999999998
E06000035,Medway,2018,1299.5522367382339,434.29393988946828,1733.8461766277039,107.61
E06000036,Bracknell Forest,2018,616.91893927207809,274.40691589916378,891.32585517124176,45.392000000000003
E06000037,West Berkshire,2018,653.53238040719566,421.02636553729951,1074.558745944496,47.027000000000001
E06000038,Reading,2018,763.4135979945911,394.01160434435371,1157.425202338944,59.445999999999998
E06000039,Slough,2018,600.57613026569265,384.7375615593001,985.31369182499259,46.277999999999999
E06000040,Windsor and Maidenhead,2018,919.4599127499888,322.518419455144,1241.9783322051339,56.457999999999998
E06000041,Wokingham,2018,978.33719761722375,215.9911297351486,1194.328327352375,64.385999999999996
E06000042,Milton Keynes,2018,1299.8971899462899,719.96145526185762,2019.8586452081449,104.962
E06000043,Brighton and Hove,2018,1318.8597589771659,458.11691179917989,1776.9766707763481,110.52200000000001
E06000044,Portsmouth,2018,845.98766405483764,418.05992443227308,1264.04758848711,79.552999999999997
E06000045,Southampton,2018,895.08501160563617,508.60182106825488,1403.686832673892,81.325999999999993
E06000046,Isle of Wight,2018,647.36539373164021,438.41261238387648,1085.778006115517,58.115000000000002
E06000047,County Durham,2018,3093.9552910206371,1236.2669754562969,4330.2222664769488,228.773
E06000049,Cheshire East,2018,2269.5834008955562,1756.506329456603,4026.0897303521569,157.053
E06000050,Cheshire West and Chester,2018,1829.7384224926629,907.74964405461094,2737.488066547276,141.761
E06000051,Shropshire,2018,1204.658195508101,854.09354937706439,2058.7517448851622,95.378
E06000052,Cornwall,2018,1477.207513743605,1007.1940631190801,2484.4015768626841,142.084
E06000053,Isles of Scilly,2018,0,0,0,0
E06000054,Wiltshire,2018,1911.5579199036561,1214.32979954757,3125.8877194512252,153.46700000000001
E06000055,Bedford,2018,838.70163900112038,355.15582661357053,1193.85746561469,64
E06000056,Central Bedfordshire,2018,1436.7477270015429,471.54927546712298,1908.2970024686681,108.527
E06000057,Northumberland,2018,1720.9683746863509,1003.509516514491,2724.4778912008419,124.935
E06000058,"Bournemouth, Christchurch and Poole",2018,1960.0365972587099,659.26403250997851,2619.3006297686979,160.24700000000001
E06000059,Dorset,2018,1675.9184190165729,488.18721378453142,2164.1056328011032,136.589
E06000060,Buckinghamshire,2018,3055.6743145638002,847.59512191113095,3903.2694364749359,190.45
E06000061,North Northamptonshire,2018,1802.7445872431369,1241.9162640907491,3044.6608513338879,139.99299999999999
E06000062,West Northamptonshire,2018,1967.9525893359039,841.81478648628354,2809.7673758221899,150.203
E06000063,Cumberland,2018,1525.983677186008,1374.7293061151861,2900.7129833011932,112.556
E06000064,Westmorland and Furness,2018,1116.8922826468249,1583.403378035382,2700.2956606822049,85.04
E06000065,North Yorkshire,2018,3019.6638430967282,3030.7265185554602,6050.3903616521893,213.93600000000001
E06000066,Somerset,2018,2061.0948758613431,1116.1702404933039,3177.2651163546439,180.8
E07000008,Cambridge,2018,620.58211445283678,578.00988031316956,1198.591994766005,47.74
E07000009,East Cambridgeshire,2018,353.9025434203387,76.971781427998408,430.87432484833732,26.817
E07000010,Fenland,2018,451.51934788693779,663.34645128972113,1114.865799176659,34.920999999999999
E07000011,Huntingdonshire,2018,841.96440395006221,245.91064965858041,1087.875053608642,65.400999999999996
E07000012,South Cambridgeshire,2018,673.76201495942894,471.55247675785489,1145.3144917172831,48.783000000000001
E07000032,Amber Valley,2018,761.49635429398268,438.41702274182268,1199.9133770358051,54.814
E07000033,Bolsover,2018,454.63654321486501,255.56089048525871,710.19743370012316,34.316000000000003
E07000034,Chesterfield,2018,607.55978229889695,361.60944613538959,969.16922843428688,47.944000000000003
E07000035,Derbyshire Dales,2018,416.13187289086648,324.87824779060207,741.01012068146906,27.074999999999999
E07000036,Erewash,2018,651.19013020787213,226.17127716121101,877.36140736908294,49.905999999999999
E07000037,High Peak,2018,573.35521108793375,990.93501851838494,1564.290229606318,39.215000000000003
E07000038,North East Derbyshire,2018,625.52058690416141,162.9823850144918,788.50297191865275,44.116
E07000039,South Derbyshire,2018,543.38894270216099,365.510396524192,908.89933922635316,41.345999999999997
E07000040,East Devon,2018,601.83007834115961,152.69292105379569,754.52299939495515,50.052999999999997
E07000041,Exeter,2018,511.51704097498219,417.87615015425882,929.39319112924147,48.25
E07000042,Mid Devon,2018,235.35730201084789,215.88040214437359,451.23770415522148,21.553000000000001
E07000043,North Devon,2018,374.15569328016539,145.70789994805071,519.86359322821602,32.593000000000004
E07000044,South Hams,2018,311.93874874477137,204.26618279911409,516.20493154388566,26.497
E07000045,Teignbridge,2018,540.34809919526776,205.87054727261901,746.21864646788686,47.677999999999997
E07000046,Torridge,2018,178.77817466326769,35.925599218638119,214.70377388190579,16.622
E07000047,West Devon,2018,172.85160254238829,108.4038255713961,281.25542811378438,14.079000000000001
E07000061,Eastbourne,2018,475.64286260925712,202.32308415818909,677.96594676744633,41.570999999999998
E07000062,Hastings,2018,439.99766118864471,93.16249711874768,533.16015830739241,37.756
E07000063,Lewes,2018,478.5692182268707,101.4496942413432,580.01891246821401,37.411000000000001
E07000064,Rother,2018,475.53232770236701,359.20447157684481,834.7367992792116,34.270000000000003
E07000065,Wealden,2018,734.94734180835815,123.41778201745581,858.3651238258152,52.036000000000001
E07000066,Basildon,2018,898.68078059361744,333.51430611587938,1232.195086709497,71.173000000000002
E07000067,Braintree,2018,647.65878328389795,175.85840170970539,823.51718499360368,49.41
E07000068,Brentwood,2018,500.2825597530807,113.5900841966225,613.87264394970384,30.741
E07000069,Castle Point,2018,520.91265009988888,64.999348571400532,585.91199867128876,35.4
E07000070,Chelmsford,2018,862.7169360489595,259.20251069790288,1121.9194467468631,62.597999999999999
E07000071,Colchester,2018,851.1459132791224,271.97789648425311,1123.123809763377,66.382000000000005
E07000072,Epping Forest,2018,766.80226280231341,460.9230615286445,1227.7253243309581,48.847999999999999
E07000073,Harlow,2018,414.90921432552341,318.13100148264527,733.04021580816914,35.534999999999997
E07000074,Maldon,2018,234.98112932328871,41.110053258563362,276.09118258185208,17.41
E07000075,Rochford,2018,489.58667354261422,62.545197999451958,552.13187154206605,32.899000000000001
E07000076,Tendring,2018,738.34595157175795,252.58704825224521,990.93299982400401,57.825000000000003
E07000077,Uttlesford,2018,401.66530771913563,129.9404479346471,531.60575565378235,26.631
E07000078,Cheltenham,2018,630.13351178527512,288.25005277702792,918.38356456230406,50.694000000000003
E07000079,Cotswold,2018,393.7010270195621,143.35166735367449,537.05269437323636,28.071999999999999
E07000080,Forest of Dean,2018,283.02273371370131,356.51229594658219,639.5350296602835,22.634
E07000081,Gloucester,2018,598.93011703954232,403.81588580563249,1002.746002845175,52.362000000000002
E07000082,Stroud,2018,599.79565055640819,289.40053039583512,889.1961809522428,44.582000000000001
E07000083,Tewkesbury,2018,435.63518450498913,268.48529008690332,704.1204745918925,36.125
E07000084,Basingstoke and Deane,2018,799.98767109555547,426.01961349643199,1226.007284591989,63.914999999999999
E07000085,East Hampshire,2018,639.12974128550286,128.91688724159911,768.04662852710192,44.405999999999999
E07000086,Eastleigh,2018,643.57807512760382,166.7073741927324,810.28544932033753,53.451999999999998
E07000087,Fareham,2018,573.27438852816726,262.84227732257409,836.11666585074056,46.792999999999999
E07000088,Gosport,2018,338.9231008814873,92.749114665626877,431.67221554711398,32.473999999999997
E07000089,Hart,2018,575.67123957049478,138.58841414584319,714.25965371633856,36.247999999999998
E07000090,Havant,2018,614.69810773750623,104.484242287632,719.18235002513916,51.585999999999999
E07000091,New Forest,2018,922.96737414298821,241.53527554255911,1164.502649685546,70.652000000000001
E07000092,Rushmoor,2018,460.30605915614098,208.11371306282669,668.41977221896752,36.273000000000003
E07000093,Test Valley,2018,497.39766653149098,327.26589977851972,824.66356631001111,41.036999999999999
E07000094,Winchester,2018,573.94977761373104,245.80151168595631,819.75128929968832,41.875
E07000095,Broxbourne,2018,494.44320896878202,132.87119496919021,627.31440393797232,36.226999999999997
E07000096,Dacorum,2018,855.37600328672636,220.31622820631799,1075.6922314930439,58.713000000000001
E07000098,Hertsmere,2018,651.86865914427722,256.37513153598098,908.24379068025814,40.564999999999998
E07000099,North Hertfordshire,2018,679.86741008813749,228.19677777194829,908.0641878600843,48.381
E07000102,Three Rivers,2018,594.80782835250454,154.91490706447061,749.72273541697518,35.073999999999998
E07000103,Watford,2018,489.3481440868631,169.1903830319302,658.53852711879233,34.546999999999997
E07000105,Ashford,2018,522.69645379334077,245.16391193514369,767.860365728484,42.542999999999999
E07000106,Canterbury,2018,782.14263500137361,327.43348036818048,1109.5761153695539,59.731000000000002
E07000107,Dartford,2018,539.57706722856324,190.7671937606103,730.34426098917334,43.527999999999999
E07000108,Dover,2018,551.63945734122001,262.62988170933511,814.26933905055591,46.667999999999999
E07000109,Gravesham,2018,508.35801476272007,314.29331600222702,822.65133076494681,39.673999999999999
E07000110,Maidstone,2018,809.7990824245511,238.78659557058299,1048.5856779951339,62.627000000000002
E07000111,Sevenoaks,2018,673.42570334103266,129.5508648873838,802.97656822841645,41.703000000000003
E07000112,Folkestone and Hythe,2018,513.5265694559638,121.9692530761269,635.49582253209087,42.707000000000001
E07000113,Swale,2018,677.60562420580561,429.58077729122101,1107.1864014970261,56.531999999999996
E07000114,Thanet,2018,716.2813535332549,593.64581860598946,1309.927172139244,60.533000000000001
E07000115,Tonbridge and Malling,2018,668.24209311273705,233.25833989971349,901.50043301244966,48.957999999999998
E07000116,Tunbridge Wells,2018,588.81218853420194,137.6264197659786,726.43860830018002,38.841000000000001
E07000117,Burnley,2018,522.61553341241665,201.2901433824706,723.9056767948872,40.26
E07000118,Chorley,2018,642.43360141257972,338.5942431383574,981.02784455093831,48.429000000000002
E07000119,Fylde,2018,496.84603969669541,203.5275727246582,700.37361242135307,34.505000000000003
E07000120,Hyndburn,2018,467.51979567129638,236.67174584826739,704.19154151956411,35.557000000000002
E07000121,Lancaster,2018,717.79256814829387,420.68897277078031,1138.481540919074,55.819000000000003
E07000122,Pendle,2018,540.08678295996197,203.75329610852879,743.84007906849047,38.774999999999999
E07000123,Preston,2018,745.92137663188851,389.42371744522143,1135.3450940771099,57.252000000000002
E07000124,Ribble Valley,2018,345.55090031597769,240.03582494128821,585.58672525726593,23.053000000000001
E07000125,Rossendale,2018,448.08588979182753,261.72920210435638,709.81509189618453,30.617999999999999
E07000126,South Ribble,2018,626.91806109734046,300.61598423853508,927.53404533587479,48.173000000000002
E07000127,West Lancashire,2018,612.79606740988663,724.69671739638443,1337.49278480627,43.914000000000001
E07000128,Wyre,2018,633.01568085690121,462.88230654577262,1095.8979874026729,47.033999999999999
E07000129,Blaby,2018,582.91102939159896,161.1519925305214,744.06302192212058,41.701000000000001
E07000130,Charnwood,2018,992.34944344276312,618.71179473602706,1611.0612381787901,72.992000000000004
E07000131,Harborough,2018,517.88433056603265,175.079778039834,692.96410860586639,34.65
E07000132,Hinckley and Bosworth,2018,619.7836390650474,242.89193920651289,862.67557827156008,46.057000000000002
E07000133,Melton,2018,260.19850890458503,180.03058850989419,440.22909741447938,18.763000000000002
E07000134,North West Leicestershire,2018,563.13672247568161,750.69298073307152,1313.8297032087539,40.277000000000001
E07000135,Oadby and Wigston,2018,341.14337939632338,94.838247262644273,435.98162665896791,23.004000000000001
E07000136,Boston,2018,290.33181994399098,82.717665137421136,373.04948508141217,23.044
E07000137,East Lindsey,2018,529.05591622828592,193.49251420922951,722.54843043751578,41.164999999999999
E07000138,Lincoln,2018,494.37254656266362,340.16925403620019,834.54180059886437,41.561
E07000139,North Kesteven,2018,511.9224852817336,194.5503464288908,706.4728317106244,39.427
E07000140,South Holland,2018,391.88095513718571,234.64549110032871,626.52644623751405,29.991
E07000141,South Kesteven,2018,644.95920166603753,365.23415263568592,1010.193354301724,50.034999999999997
E07000142,West Lindsey,2018,445.00143902590469,183.644190238623,628.64562926452834,32.762999999999998
E07000143,Breckland,2018,414.86554601124521,194.51566522294681,609.38121123419171,34.703000000000003
E07000144,Broadland,2018,596.68789215574282,221.75248758897521,818.44037974471769,45.348999999999997
E07000145,Great Yarmouth,2018,373.88973573874529,134.8994669113091,508.78920265005462,33.393999999999998
E07000146,King's Lynn and West Norfolk,2018,460.97194796437071,349.34004035274501,810.31198831711606,37.247
E07000147,North Norfolk,2018,347.00361598680968,204.7930458449004,551.79666183171014,27.861999999999998
E07000148,Norwich,2018,651.79790427342141,488.67691449169519,1140.474818765116,59.058999999999997
E07000149,South Norfolk,2018,434.67169006956692,235.6594553984207,670.33114546798765,35.305
E07000170,Ashfield,2018,720.01256832252227,277.50124667459841,997.51381499712124,54.098999999999997
E07000171,Bassetlaw,2018,577.93586969794876,292.01872557044157,869.95459526839056,43.39
E07000172,Broxtowe,2018,667.37417666358135,492.9019806106441,1160.276157274227,48.445999999999998
E07000173,Gedling,2018,717.01873297822817,373.09583898256318,1090.1145719607921,49.555
E07000174,Mansfield,2018,663.75694646229567,188.6529895639508,852.40993602624678,48.093000000000004
E07000175,Newark and Sherwood,2018,639.82751680561819,766.82772452382369,1406.6552413294421,46.561999999999998
E07000176,Rushcliffe,2018,722.87372267253511,597.30265621333922,1320.1763788858741,46.655000000000001
E07000177,Cherwell,2018,643.94156449750369,615.36931524927991,1259.3108797467851,51.244
E07000178,Oxford,2018,691.92215377081357,770.12870275917885,1462.050856529992,51.581000000000003
E07000179,South Oxfordshire,2018,725.5340247834514,233.86364388922519,959.39766867267667,50.442999999999998
E07000180,Vale of White Horse,2018,670.92160139372504,249.16383401019431,920.08543540392009,49.457999999999998
E07000181,West Oxfordshire,2018,517.59253776652577,165.6531509547938,683.24568872132022,37.182000000000002
E07000192,Cannock Chase,2018,562.6844496047504,197.68435733321101,760.36880693796081,41.924999999999997
E07000193,East Staffordshire,2018,603.22557793533281,540.53073641959224,1143.7563143549251,45.426000000000002
E07000194,Lichfield,2018,610.40137311865885,200.1563459759048,810.55771909456212,41.372
E07000195,Newcastle-under-Lyme,2018,726.08280928853799,483.08154356457408,1209.164352853111,51.718000000000004
E07000196,South Staffordshire,2018,613.71642456662482,396.54329522628228,1010.259719792907,41.895000000000003
E07000197,Stafford,2018,715.40901824194941,334.8043613089261,1050.213379550876,51.493000000000002
E07000198,Staffordshire Moorlands,2018,538.40124976192214,446.25671547993841,984.65796524185976,36.331000000000003
E07000199,Tamworth,2018,388.30774202034178,157.16116827731881,545.46891029766005,31.222999999999999
E07000200,Babergh,2018,337.83602492579081,206.0293394454913,543.86536437128211,25.84
E07000202,Ipswich,2018,620.19033281587099,195.50794912230009,815.69828193817114,52.256999999999998
E07000203,Mid Suffolk,2018,247.43428670283919,257.99229841549243,505.42658511833139,21.209
E07000207,Elmbridge,2018,975.53642862487413,294.40924159573512,1269.9456702206121,53.555999999999997
E07000208,Epsom and Ewell,2018,491.96523221557942,98.125524189082739,590.09075640466153,29.675999999999998
E07000209,Guildford,2018,827.61155868929336,335.64832978889319,1163.259888478186,51.981000000000002
E07000210,Mole Valley,2018,587.17845380078722,273.19860661585687,860.37706041664433,33.798999999999999
E07000211,Reigate and Banstead,2018,920.93560493490361,233.86290521169161,1154.7985101465949,56.844000000000001
E07000212,Runnymede,2018,475.45501519469838,270.26140350501379,745.71641869971199,31.016999999999999
E07000213,Spelthorne,2018,540.25657438173971,171.70882744634079,711.96540182808076,38.188000000000002
E07000214,Surrey Heath,2018,580.12578135386104,185.2486569564729,765.37443831033306,34.378999999999998
E07000215,Tandridge,2018,564.19578884028351,120.85220381498939,685.0479926552739,32.521000000000001
E07000216,Waverley,2018,818.5194431562968,207.28677969766321,1025.8062228539579,47.713000000000001
E07000217,Woking,2018,572.55788955305991,153.91027868510591,726.46816823816607,36.170999999999999
E07000218,North Warwickshire,2018,338.14788586518858,422.16965758364961,760.31754344883836,24.803999999999998
E07000219,Nuneaton and Bedworth,2018,688.62256126481986,226.07475514810949,914.69731641292958,53.975000000000001
E07000220,Rugby,2018,593.02327470356238,506.4811507315568,1099.504425435118,43.512999999999998
E07000221,Stratford-on-Avon,2018,562.01865984695189,215.38971233443121,777.4083721813829,41.185000000000002
E07000222,Warwick,2018,768.20422322534023,282.10320519792259,1050.3074284232609,55.682000000000002
E07000223,Adur,2018,296.81982600065061,67.424706161359637,364.24453216201022,25.88
E07000224,Arun,2018,838.18297596017976,245.65756566226449,1083.840541622443,66.028000000000006
E07000225,Chichester,2018,531.31282873384328,480.98250633226519,1012.295335066109,40.436999999999998
E07000226,Crawley,2018,511.6331433582331,288.36556903426663,799.99871239250035,42.517000000000003
E07000227,Horsham,2018,684.07396118318866,298.91840107523223,982.99236225842014,49.826999999999998
E07000228,Mid Sussex,2018,780.46378572832839,229.77610643953449,1010.239892167863,55.359000000000002
E07000229,Worthing,2018,535.23646428091251,202.80305258708921,738.03951686800042,43.84
E07000234,Bromsgrove,2018,591.25557444462481,126.98447361380011,718.24004805842458,38.491999999999997
E07000235,Malvern Hills,2018,300.31579541679918,73.903069570410111,374.21886498720909,22.824000000000002
E07000236,Redditch,2018,437.75763604200671,179.07367711111809,616.83131315312426,35.837000000000003
E07000237,Worcester,2018,492.44802340398809,212.5080794260995,704.95610283008739,41.665999999999997
E07000238,Wychavon,2018,556.81646271928616,580.56961446437458,1137.386077183661,44.018000000000001
E07000239,Wyre Forest,2018,509.84680038363939,158.15934850792661,668.00614889156623,39.991999999999997
E07000240,St Albans,2018,925.725983207127,275.12655494917971,1200.8525381563061,56.612000000000002
E07000241,Welwyn Hatfield,2018,626.04750011775616,285.38350559050951,911.43100570826596,43.91
E07000242,East Hertfordshire,2018,760.30626079942385,338.06597743021649,1098.372238229641,51.584000000000003
E07000243,Stevenage,2018,410.84561859924338,396.61391166763389,807.45953026687732,34.087000000000003
E07000244,East Suffolk,2018,1123.222916565921,400.95209902388763,1524.175015589806,90.102000000000004
E07000245,West Suffolk,2018,655.39850238367183,1488.3986442088819,2143.797146592553,53.966000000000001
E08000001,Bolton,2018,1568.8216047044129,573.38957746704807,2142.211182171462,117.276
E08000002,Bury,2018,1109.069681336779,391.22204665548372,1500.291727992264,79.825000000000003
E08000003,Manchester,2018,2188.5375712341479,1554.217848730065,3742.755419964215,184.54400000000001
E08000004,Oldham,2018,1224.7795286806081,593.05213115897027,1817.831659839577,92.099000000000004
E08000005,Rochdale,2018,1165.8071992007981,477.72769530909369,1643.5348945098899,90.313999999999993
E08000006,Salford,2018,1198.968732200816,752.17797681621767,1951.146709017032,97.552000000000007
E08000007,Stockport,2018,1779.2738392444039,686.92322313994316,2466.1970623843499,121.107
E08000008,Tameside,2018,1224.423540526642,521.88194233733805,1746.3054828639799,98.305000000000007
E08000009,Trafford,2018,1399.7992162623909,1606.0769417891061,3005.8761580514929,92.801000000000002
E08000010,Wigan,2018,1692.527270944054,793.14495367029167,2485.6722246143422,140.48699999999999
E08000011,Knowsley,2018,745.69576151214528,551.60580855776334,1297.301570069907,65.632999999999996
E08000012,Liverpool,2018,2341.5791025284379,1655.6185257183261,3997.1976282467558,198.23400000000001
E08000013,St. Helens,2018,984.09279440858779,1276.512737119557,2260.6055315281428,81.313999999999993
E08000014,Sefton,2018,1607.712935880794,1172.849361654612,2780.562297535404,119.41
E08000015,Wirral,2018,1856.060335504726,958.73493399292784,2814.7952694976552,140.83000000000001
E08000017,Doncaster,2018,1723.123777987764,1231.135969964703,2954.259747952467,131.35499999999999
E08000018,Rotherham,2018,1487.174034323046,1135.1515087693269,2622.3255430923741,113.825
E08000021,Newcastle upon Tyne,2018,1562.9516220284879,1163.7558171908211,2726.7074392193131,114.252
E08000022,North Tyneside,2018,1263.920460485522,594.18530510233495,1858.105765587859,94.724000000000004
E08000023,South Tyneside,2018,872.34686210216807,234.2738914041135,1106.6207535062811,70.055000000000007
E08000024,Sunderland,2018,1641.932300416697,829.11036138737484,2471.0426618040742,123.134
E08000025,Birmingham,2018,5571.7900379478888,3138.766226358247,8710.5562643061148,390.36399999999998
E08000026,Coventry,2018,1660.868577795844,918.06139379625051,2578.929971592092,131.035
E08000027,Dudley,2018,1767.5496335986461,634.53812754681678,2402.0877611454639,132.18700000000001
E08000028,Sandwell,2018,1623.35916516419,1004.1938333956469,2627.5529985598382,125.27
E08000029,Solihull,2018,1280.4834339266661,763.77395011851559,2044.2573840451789,85.796000000000006
E08000030,Walsall,2018,1476.0711966021879,689.21348955706992,2165.2846861592589,108.265
E08000031,Wolverhampton,2018,1378.073006907229,676.03147500140801,2054.1044819086378,99.819000000000003
E08000032,Bradford,2018,3044.8524303747572,1874.003677118119,4918.8561074928812,201.37
E08000033,Calderdale,2018,1284.154705198584,584.63106131517145,1868.785766513759,88.417000000000002
E08000034,Kirklees,2018,2575.7768821059708,1319.752395700646,3895.52927780661,176.76400000000001
E08000035,Leeds,2018,4321.9903888615527,2358.8407767273679,6680.831165588932,314.00200000000001
E08000036,Wakefield,2018,1934.0589206930131,1632.2058187217019,3566.2647394147102,149.64500000000001
E08000037,Gateshead,2018,1176.027769111058,740.65011865259555,1916.677887763653,88.302000000000007
E08000038,Barnsley,2018,1384.671867765566,1096.5433713483631,2481.2152391139289,106.596
E08000039,Sheffield,2018,3058.142686542873,1805.369599425537,4863.5122859683961,223.529
E09000001,City of London,2018,28.33101293967929,837.93926645906549,866.27027939874483,3.093
E09000002,Barking and Dagenham,2018,770.27786611711792,206.06302245115299,976.34088856827123,66.171999999999997
E09000003,Barnet,2018,2210.3334935566759,582.44357967436986,2792.777073231041,129.91200000000001
E09000004,Bexley,2018,1246.354571800269,438.02054073931788,1684.375112539587,90.186999999999998
E09000005,Brent,2018,1549.1460513824261,608.40589380341396,2157.5519451858399,102.74299999999999
E09000006,Bromley,2018,2067.0721529460611,380.13503577042019,2447.2071887164798,131.512
E09000007,Camden,2018,965.07312204299399,1488.8825037730419,2453.9556258160351,79.367999999999995
E09000008,Croydon,2018,2082.1225048075999,484.95880297104583,2567.0813077786402,140.88900000000001
E09000009,Ealing,2018,1696.0585557468501,746.5614149896295,2442.6199707364808,119.54300000000001
E09000010,Enfield,2018,1586.338919597554,528.35906314605188,2114.6979827436062,108.94799999999999
E09000011,Greenwich,2018,1155.1621511361091,533.29174855808969,1688.4538996941981,93.128
E09000012,Hackney,2018,993.3278778623536,387.92940614598189,1381.257284008336,91.341999999999999
E09000013,Hammersmith and Fulham,2018,895.14405421835227,627.20835109275856,1522.3524053111109,74.682000000000002
E09000014,Haringey,2018,1280.8390877484219,368.84100199792857,1649.6800897463499,96.052000000000007
E09000015,Harrow,2018,1442.267144193238,249.58902165689679,1691.8561658501369,84.385999999999996
E09000016,Havering,2018,1373.213743238068,256.35874116673023,1629.5724844047979,97.784999999999997
E09000017,Hillingdon,2018,1465.9064374088671,700.38893203896566,2166.2953694478319,99.867000000000004
E09000018,Hounslow,2018,1191.1940862947649,583.48864998315628,1774.6827362779241,84.879000000000005
E09000019,Islington,2018,914.43861423928001,670.37731411896812,1584.815928358247,87.11
E09000020,Kensington and Chelsea,2018,886.77620338738234,907.70570037872324,1794.481903766103,69.509
E09000021,Kingston upon Thames,2018,906.72300001627741,243.05165891993741,1149.7746589362159,60.872
E09000022,Lambeth,2018,1408.22187420158,737.36153292137124,2145.583407122961,119.773
E09000023,Lewisham,2018,1347.958525184923,363.41300654616481,1711.371531731091,109.58799999999999
E09000024,Merton,2018,1084.1198008091219,300.4502992715079,1384.570100080628,77.314999999999998
E09000025,Newham,2018,1107.973245860127,964.49719579118653,2072.470441651315,92.691000000000003
E09000026,Redbridge,2018,1469.111801871177,253.93858433561431,1723.0503862067919,95.078000000000003
E09000027,Richmond upon Thames,2018,1207.809340202846,304.23545830334439,1512.044798506189,78.665999999999997
E09000028,Southwark,2018,1052.976350961784,969.61685252748816,2022.593203489271,100.91200000000001
E09000029,Sutton,2018,1055.850214290389,271.30586522340741,1327.156079513795,72.587000000000003
E09000030,Tower Hamlets,2018,713.99367856063418,868.58769881353794,1582.5813773741729,77.015000000000001
E09000031,Waltham Forest,2018,1218.414043346138,313.13748949464508,1531.5515328407871,93.206000000000003
E09000032,Wandsworth,2018,1546.8000711330769,641.62508972626097,2188.4251608593381,120.71299999999999
E09000033,Westminster,2018,977.55171319636202,2614.4326441679882,3591.9843573643539,88.674999999999997
S12000005,Clackmannanshire,2018,302.05000991080311,852.3962876627977,1154.446297573601,23.094000000000001
S12000006,Dumfries and Galloway,2018,617.6491292197843,538.30214490363971,1155.951274123423,44.875
S12000008,East Ayrshire,2018,748.16827336659401,306.82881665570721,1054.9970900222991,54.42
S12000010,East Lothian,2018,560.0981923107438,207.98901218191361,768.08720449265672,41.783000000000001
S12000011,East Renfrewshire,2018,653.07796219495378,117.68323419874319,770.76119639369688,36.307000000000002
S12000013,Na h-Eileanan Siar,2018,18.494812559369251,5.1151811491978112,23.60999370856706,1.6870000000000001
S12000014,Falkirk,2018,928.11963679801067,769.80867276716208,1697.928309565174,67.617999999999995
S12000017,Highland,2018,616.77592981269254,442.72006482333461,1059.495994636027,44.45
S12000018,Inverclyde,2018,481.22537011505449,160.10476081269891,641.33013092775298,34.390999999999998
S12000019,Midlothian,2018,504.54924001166171,173.9805544732688,678.52979448493045,38.341000000000001
S12000020,Moray,2018,450.0180784737492,1399.277955686789,1849.296034160539,31.446000000000002
S12000021,North Ayrshire,2018,765.6821451933564,1137.365429534032,1903.0475747273881,59.472000000000001
S12000023,Orkney Islands,2018,0,0,0,0
S12000026,Scottish Borders,2018,520.37381008319483,268.60894650784093,788.98275659103558,37.86
S12000027,Shetland Islands,2018,0,0,0,0
S12000028,South Ayrshire,2018,673.61414004032792,477.7885022840826,1151.40264232441,47.411000000000001
S12000029,South Lanarkshire,2018,1879.167634885426,601.54247106938419,2480.7101059548058,129.08000000000001
S12000030,Stirling,2018,501.43839611449363,786.32421117749448,1287.7626072919891,33.024999999999999
S12000033,Aberdeen City,2018,1346.108771936508,980.40109724416845,2326.5098691806752,101.32299999999999
S12000034,Aberdeenshire,2018,1066.487596053935,357.77870322839021,1424.266299282328,67.95
S12000035,Argyll and Bute,2018,321.65984305248918,142.45744482293659,464.11728787542569,20.768000000000001
S12000036,City of Edinburgh,2018,2782.6658293810469,1876.8238493921251,4659.4896787731741,222.27199999999999
S12000038,Renfrewshire,2018,1051.023485792256,529.87401308815868,1580.897498880413,80.921999999999997
S12000039,West Dunbartonshire,2018,493.51605277428939,205.47555678284749,698.99160955713705,41.496000000000002
S12000040,West Lothian,2018,1062.480630408432,691.7257219098002,1754.2063523182301,76.093999999999994
S12000041,Angus,2018,578.66300664542598,338.0205507982202,916.6835574436451,41.35
S12000042,Dundee City,2018,762.19444783606468,662.63716957193355,1424.831617407998,60.893000000000001
S12000045,East Dunbartonshire,2018,773.77029051396016,146.9163252134467,920.68661572740632,44.692
S12000047,Fife,2018,2271.8901912117808,1616.698168069641,3888.5883592814289,165.09899999999999
S12000048,Perth and Kinross,2018,710.47368712870298,323.83449958675288,1034.308186715456,48.091999999999999
S12000049,Glasgow City,2018,2922.788750225584,2223.4732901466282,5146.2620403722231,259.21600000000001
S12000050,North Lanarkshire,2018,1995.4417639867049,944.53113332439557,2939.9728973111,145.33600000000001
W06000001,Isle of Anglesey / Ynys Môn,2018,188.44974787789721,123.71041954681731,312.16016742471447,16.248999999999999
W06000002,Gwynedd / Gwynedd,2018,360.86579078853902,183.93964394469069,544.80543473322984,30.686
W06000003,Conwy / Conwy,2018,570.37797098960652,150.83009228566661,721.20806327527191,46.366999999999997
W06000004,Denbighshire / Sir Ddinbych,2018,410.88041645061998,168.5808142764219,579.46123072704199,33.664999999999999
W06000005,Flintshire / Sir y Fflint,2018,691.3516487843126,891.5481710341096,1582.8998198184231,56.298999999999999
W06000006,Wrexham / Wrecsam,2018,613.85127909296864,1459.4393659847119,2073.2906450776809,51.228000000000002
W06000008,Ceredigion / Ceredigion,2018,110.7153783564471,74.42042068623438,185.1357990426815,8.9740000000000002
W06000009,Pembrokeshire / Sir Benfro,2018,406.17653943873478,139.86207561205191,546.03861505078669,35.393000000000001
W06000010,Carmarthenshire / Sir Gaerfyrddin,2018,661.32542347666333,357.57666203595858,1018.902085512622,52.487000000000002
W06000011,Swansea / Abertawe,2018,1284.1285330082169,700.9888038560365,1985.117336864253,101.583
W06000012,Neath Port Talbot / Castell-nedd Port Talbot,2018,759.85765911268504,357.22724522390541,1117.0849043365911,61.206000000000003
W06000013,Bridgend / Pen-y-bont ar Ogwr,2018,787.98919195525139,499.4474670901003,1287.436659045351,62.338000000000001
W06000014,Vale of Glamorgan / Bro Morgannwg,2018,671.65021982453618,260.80668988473872,932.45690970927501,53.249000000000002
W06000015,Cardiff / Caerdydd,2018,1703.230051746925,1178.4865941096939,2881.716645856618,139.435
W06000016,Rhondda Cynon Taf / Rhondda Cynon Taf,2018,1386.0828979435739,584.54403470234945,1970.626932645923,106.096
W06000018,Caerphilly / Caerffili,2018,1009.332561909565,293.09588185088728,1302.428443760452,77.078999999999994
W06000019,Blaenau Gwent / Blaenau Gwent,2018,429.42364308199251,245.5440708279387,674.96771390993092,31.54
W06000020,Torfaen / Torfaen,2018,487.93641366493961,337.48067779348281,825.41709145842196,40.930999999999997
W06000021,Monmouthshire / Sir Fynwy,2018,401.17187004364678,280.03630844439698,681.20817848804381,31.614999999999998
W06000022,Newport / Casnewydd,2018,756.31427512749462,1014.384300741731,1770.6985758692249,63.959000000000003
W06000023,Powys / Powys,2018,351.04064974896062,163.403983731502,514.44463348046213,28.812999999999999
W06000024,Merthyr Tydfil / Merthyr Tudful,2018,361.8338735374349,225.86299744281999,587.6968709802552,26.398
E06000001,Hartlepool,2019,535.0132505662549,299.0492720514751,834.06252261772863,42.289000000000001
E06000002,Middlesbrough,2019,780.18003478776075,306.73466917636199,1086.914703964123,61.107999999999997
E06000003,Redcar and Cleveland,2019,779.93705220329764,821.80975160007529,1601.7468038033719,61.366999999999997
E06000004,Stockton-on-Tees,2019,1113.126334322438,897.20159669031307,2010.327931012753,84.760999999999996
E06000005,Darlington,2019,650.98632640950007,510.86640329796342,1161.8527297074641,48.000999999999998
E06000006,Halton,2019,651.88813526818785,496.60312850349328,1148.491263771682,55.731000000000002
E06000007,Warrington,2019,1161.3957121439771,1096.8444080006161,2258.2401201445941,89.438999999999993
E06000008,Blackburn with Darwen,2019,837.95477093099578,464.29195008619331,1302.246721017189,59.191000000000003
E06000009,Blackpool,2019,811.39207300314251,407.02216083798407,1218.414233841127,63.246000000000002
E06000010,"Kingston upon Hull, City of",2019,1343.1495476747659,958.70779583905914,2301.857343513831,114.819
E06000011,East Riding of Yorkshire,2019,1894.4223535915701,1585.3174537736461,3479.7398073652171,135.20500000000001
E06000012,North East Lincolnshire,2019,879.38808829153561,986.41507057275669,1865.803158864293,70.051000000000002
E06000013,North Lincolnshire,2019,917.58430773120097,489.63734396069492,1407.221651691895,68.138000000000005
E06000014,York,2019,1109.6622381105949,559.66753993455757,1669.329778045151,80.769000000000005
E06000015,Derby,2019,1356.4619568500791,656.45214565000526,2012.914102500087,104.914
E06000016,Leicester,2019,1683.7309591811711,1336.0513557525171,3019.7823149336882,120.339
E06000017,Rutland,2019,214.27287760923269,73.44556111618347,287.71843872541598,14.202999999999999
E06000018,Nottingham,2019,1494.720442559789,917.69922771412632,2412.4196702739182,117.834
E06000019,"Herefordshire, County of",2019,643.20529940960171,569.98986592935,1213.1951653389519,53.420999999999999
E06000020,Telford and Wrekin,2019,906.44965990617175,541.80811513275967,1448.25777503893,74.146000000000001
E06000021,Stoke-on-Trent,2019,1437.889004940693,937.72613739971382,2375.615142340404,110.94499999999999
E06000022,Bath and North East Somerset,2019,956.71800858378731,342.91157034079907,1299.629578924586,70.647000000000006
E06000023,"Bristol, City of",2019,2080.226913769925,833.92848828906278,2914.1554020589801,173.55
E06000024,North Somerset,2019,1062.718830861658,633.88332109898022,1696.6021519606411,84.620999999999995
E06000025,South Gloucestershire,2019,1271.00975520201,532.54261016385806,1803.5523653658679,105.086
E06000026,Plymouth,2019,1098.8284909619581,503.68182855576708,1602.510319517726,110.78
E06000027,Torbay,2019,674.65659417420704,324.41069951497548,999.06729368918207,56.895000000000003
E06000030,Swindon,2019,1097.2762857630701,554.08963968774128,1651.3659254508109,88.709000000000003
E06000031,Peterborough,2019,965.33272917950433,398.94670951882239,1364.2794386983251,78.424999999999997
E06000032,Luton,2019,1023.423367530155,359.30910492487499,1382.7324724550299,71.774000000000001
E06000033,Southend-on-Sea,2019,1041.6029900872991,207.98062188756401,1249.583611974864,73.578000000000003
E06000034,Thurrock,2019,739.30882299155905,601.30188844170425,1340.6107114332631,59.576000000000001
E06000035,Medway,2019,1307.2463726086521,440.63263972890638,1747.8790123375591,108.09699999999999
E06000036,Bracknell Forest,2019,625.2264485953765,271.28687131412039,896.5133199094962,46.100999999999999
E06000037,West Berkshire,2019,663.72213981120319,405.54366626033152,1069.2658060715339,47.402999999999999
E06000038,Reading,2019,777.01957100881452,368.97212621248963,1145.991697221305,59.396999999999998
E06000039,Slough,2019,614.87816002822979,335.17981401010951,950.05797403833867,46.472000000000001
E06000040,Windsor and Maidenhead,2019,926.37412496472302,280.8995217073691,1207.2736466720901,56.421999999999997
E06000041,Wokingham,2019,994.62871730648681,212.05275206766851,1206.681469374156,64.891999999999996
E06000042,Milton Keynes,2019,1324.888185525326,712.36387682331201,2037.252062348638,105.31699999999999
E06000043,Brighton and Hove,2019,1327.028292165071,402.58858823011963,1729.616880395193,110.676
E06000044,Portsmouth,2019,858.58541252720045,423.53820964714993,1282.1236221743491,79.623999999999995
E06000045,Southampton,2019,904.96727622973651,529.67252458943483,1434.639800819172,81.453999999999994
E06000046,Isle of Wight,2019,656.73626444662307,416.77435493610449,1073.510619382728,58.402999999999999
E06000047,County Durham,2019,3144.4532354478911,1169.6909800328649,4314.1442154807582,230.286
E06000049,Cheshire East,2019,2290.652402185854,1617.033077022099,3907.6854792079421,157.43199999999999
E06000050,Cheshire West and Chester,2019,1845.502721651631,841.20611107585512,2686.7088327274851,142.065
E06000051,Shropshire,2019,1209.3439823905201,776.57790508028154,1985.921887470799,95.873000000000005
E06000052,Cornwall,2019,1541.342499575461,976.68905022494221,2518.0315498003988,143.93100000000001
E06000053,Isles of Scilly,2019,0,0,0,0
E06000054,Wiltshire,2019,1945.991607744681,1217.5956986977819,3163.5873064424632,154.96600000000001
E06000055,Bedford,2019,846.85028025966278,319.82771892208541,1166.6779991817491,64.522999999999996
E06000056,Central Bedfordshire,2019,1445.873165615121,480.26356486350249,1926.136730478622,108.898
E06000057,Northumberland,2019,1762.786744252453,963.28722319235737,2726.0739674448082,126.123
E06000058,"Bournemouth, Christchurch and Poole",2019,1978.6230729733841,624.12459662405547,2602.747669597446,160.935
E06000059,Dorset,2019,1697.33367911609,443.5481928106438,2140.881871926736,137.71199999999999
E06000060,Buckinghamshire,2019,3107.870400223343,862.0915736260722,3969.961973849413,191.548
E06000061,North Northamptonshire,2019,1802.369476248756,1332.57795187802,3134.947428126773,140.53
E06000062,West Northamptonshire,2019,1963.066319435203,840.75763190364842,2803.8239513388521,150.59200000000001
E06000063,Cumberland,2019,1544.955847718637,1420.8042599349239,2965.7601076535611,113.125
E06000064,Westmorland and Furness,2019,1123.399542466072,1396.1929046320461,2519.592447098114,85.314999999999998
E06000065,North Yorkshire,2019,3050.3586880206731,2973.2349627646181,6023.5936507852839,215.61
E06000066,Somerset,2019,2103.7340579334959,1042.349307753846,3146.083365687341,182.05199999999999
E07000008,Cambridge,2019,624.4079739561746,545.905833244154,1170.313807200326,47.981000000000002
E07000009,East Cambridgeshire,2019,349.94550099009899,86.744512793045459,436.69001378314442,26.404
E07000010,Fenland,2019,456.91709727533151,615.12180863851847,1072.0389059138511,35.19
E07000011,Huntingdonshire,2019,850.13266239721463,212.45027166923609,1062.5829340664509,65.516000000000005
E07000012,South Cambridgeshire,2019,674.97157250880957,480.01475979941972,1154.9863323082279,48.868000000000002
E07000032,Amber Valley,2019,766.17184965882836,472.24183718346302,1238.413686842292,54.692999999999998
E07000033,Bolsover,2019,467.43358743501511,203.69427079534921,671.1278582303645,34.93
E07000034,Chesterfield,2019,614.55910551566706,354.32351163844442,968.88261715411181,48.052
E07000035,Derbyshire Dales,2019,419.40899633887818,337.27732088720802,756.68631722608677,27.105
E07000036,Erewash,2019,660.41734470146196,228.43912276576549,888.85646746722637,50.061
E07000037,High Peak,2019,583.08011246433102,922.14684190459798,1505.226954368929,39.329000000000001
E07000038,North East Derbyshire,2019,633.65579846729224,158.00716083210949,791.66295929940247,44.158999999999999
E07000039,South Derbyshire,2019,546.32693380009675,336.16916614676489,882.4960999468617,41.735999999999997
E07000040,East Devon,2019,605.99553934883852,107.87340242857471,713.86894177741431,50.02
E07000041,Exeter,2019,519.73558639316116,388.31929701956989,908.05488341273076,48.432000000000002
E07000042,Mid Devon,2019,239.0693067676477,201.96792316847481,441.0372299361224,21.751000000000001
E07000043,North Devon,2019,384.70760926875982,143.23535664011729,527.94296590887745,32.985999999999997
E07000044,South Hams,2019,323.4723206536529,179.26969846149879,502.742019115152,26.923999999999999
E07000045,Teignbridge,2019,554.33340275943419,135.1976384677634,689.53104122719787,48.095999999999997
E07000046,Torridge,2019,182.71849213899711,31.95877635076106,214.67726848975821,16.731000000000002
E07000047,West Devon,2019,177.0374727836697,166.32456897832591,343.36204176199539,14.125
E07000061,Eastbourne,2019,477.08841645755729,173.00589312725489,650.09430958481278,41.643999999999998
E07000062,Hastings,2019,444.79522692888798,86.002167677082383,530.79739460597045,37.887
E07000063,Lewes,2019,481.67686183807763,100.7987874206955,582.47564925877282,37.716000000000001
E07000064,Rother,2019,477.35438812596237,277.80097048220188,755.15535860816419,34.271999999999998
E07000065,Wealden,2019,741.27505601154201,115.0224330634352,856.29748907497719,52.62
E07000066,Basildon,2019,907.03958727423162,286.77187107810198,1193.811458352335,71.269000000000005
E07000067,Braintree,2019,646.20616690879172,166.33190213212859,812.53806904092062,49.625
E07000068,Brentwood,2019,502.89657309980578,120.30435208651249,623.20092518631827,30.803000000000001
E07000069,Castle Point,2019,521.57282111887878,61.965869181850103,583.53869030072917,35.512
E07000070,Chelmsford,2019,865.81446297090883,276.45466308857459,1142.2691260594829,63.216000000000001
E07000071,Colchester,2019,847.39359107037399,257.05108373187988,1104.444674802254,66.522000000000006
E07000072,Epping Forest,2019,774.8302049556512,458.21396835344098,1233.04417330909,48.941000000000003
E07000073,Harlow,2019,422.76519999999948,305.96583619398808,728.73103619398762,36.037999999999997
E07000074,Maldon,2019,237.5432849304751,68.679280288101097,306.22256521857622,17.870999999999999
E07000075,Rochford,2019,491.84547814358268,63.750488453328877,555.59596659691124,33.122
E07000076,Tendring,2019,734.6471260087626,242.71597739468029,977.36310340344312,58.152999999999999
E07000077,Uttlesford,2019,403.2509937850391,131.67196648603269,534.92296027107227,26.902999999999999
E07000078,Cheltenham,2019,644.44010939036855,267.83366410719867,912.27377349756716,50.844000000000001
E07000079,Cotswold,2019,402.21156602427692,146.840133422647,549.05169944692386,28.143999999999998
E07000080,Forest of Dean,2019,290.09356811302581,343.71328517199441,633.80685328502011,22.797999999999998
E07000081,Gloucester,2019,621.70434925264726,543.73894457398171,1165.44329382663,52.975999999999999
E07000082,Stroud,2019,609.79000840834817,277.2162383566091,887.00624676495727,44.591000000000001
E07000083,Tewkesbury,2019,443.00380446927733,264.3503423883875,707.35414685766489,36.159999999999997
E07000084,Basingstoke and Deane,2019,815.7750327860407,409.84741282177669,1225.622445607818,64.894000000000005
E07000085,East Hampshire,2019,644.72568645178626,114.37984987427321,759.10553632605979,44.743000000000002
E07000086,Eastleigh,2019,648.13745084027846,157.68632963297409,805.8237804732529,54.203000000000003
E07000087,Fareham,2019,579.1494512118079,203.27213776225909,782.4215889740675,46.896999999999998
E07000088,Gosport,2019,343.31743192947761,85.649296037505692,428.96672796698329,32.555
E07000089,Hart,2019,587.33579185310509,128.13249801562679,715.4682898687322,36.857999999999997
E07000090,Havant,2019,621.42047698334397,91.522450003317161,712.9429269866605,51.875999999999998
E07000091,New Forest,2019,927.08253720241976,225.2315323234659,1152.3140695258851,70.938999999999993
E07000092,Rushmoor,2019,467.40110936120539,216.61003604049321,684.01114540169851,36.6
E07000093,Test Valley,2019,501.62205582761698,292.74905446029737,794.37111028791492,41.634
E07000094,Winchester,2019,580.48539473081848,201.20377225314829,781.68916698396811,42.286999999999999
E07000095,Broxbourne,2019,498.38931331187348,133.79604769355851,632.18536100543224,36.225000000000001
E07000096,Dacorum,2019,865.76456196033428,234.07011832354459,1099.8346802838789,58.96
E07000098,Hertsmere,2019,659.38936086546414,244.5864690160931,903.97582988155671,40.840000000000003
E07000099,North Hertfordshire,2019,687.75754291964654,282.55787721945688,970.31542013910314,48.64
E07000102,Three Rivers,2019,599.45408900871269,137.73685084979201,737.19093985850498,35.369999999999997
E07000103,Watford,2019,496.59133636559181,156.8099376683295,653.40127403392034,34.646999999999998
E07000105,Ashford,2019,524.3916743576076,223.3287652404683,747.72043959807547,42.935000000000002
E07000106,Canterbury,2019,780.70790990884393,283.57429654410242,1064.282206452946,59.686
E07000107,Dartford,2019,540.16916495323164,173.6452249744402,713.8143899276705,43.235999999999997
E07000108,Dover,2019,556.57821264156223,252.62636938089949,809.20458202246118,46.941000000000003
E07000109,Gravesham,2019,513.70962238532036,355.39588549152393,869.10550787684429,39.834000000000003
E07000110,Maidstone,2019,812.94822957233885,240.47827497724489,1053.4265045495861,62.783999999999999
E07000111,Sevenoaks,2019,679.78666983656512,119.8350361904791,799.62170602704327,41.999000000000002
E07000112,Folkestone and Hythe,2019,519.41721855050298,125.90128657330401,645.31850512380686,42.924999999999997
E07000113,Swale,2019,675.38798504650845,542.67455630274048,1218.0625413492501,56.372999999999998
E07000114,Thanet,2019,716.39392671114001,567.19848764133462,1283.5924143524751,60.576000000000001
E07000115,Tonbridge and Malling,2019,670.15048675485684,236.14585475573099,906.29634151058792,49.203000000000003
E07000116,Tunbridge Wells,2019,594.1213666477795,132.03105457624741,726.15242122402731,39.204999999999998
E07000117,Burnley,2019,534.00221353248412,354.53390559122289,888.53611912370729,40.290999999999997
E07000118,Chorley,2019,650.99502622941395,302.54893618591848,953.54396241533323,48.598999999999997
E07000119,Fylde,2019,506.07980468731068,178.11132121101849,684.19112589832889,34.726999999999997
E07000120,Hyndburn,2019,479.61317905552181,304.66898552237882,784.28216457790018,35.737000000000002
E07000121,Lancaster,2019,728.53647383338216,450.62978999968391,1179.1662638330661,56.036000000000001
E07000122,Pendle,2019,554.057044679304,227.00979895289191,781.06684363219699,38.97
E07000123,Preston,2019,759.01745125788489,373.50126720532597,1132.5187184632109,57.390999999999998
E07000124,Ribble Valley,2019,348.28167463155552,242.12116677526049,590.4028414068157,22.956
E07000125,Rossendale,2019,458.82433343415681,258.51777280155932,717.34210623571607,30.704000000000001
E07000126,South Ribble,2019,629.26014807570232,291.58552605178909,920.84567412749141,47.905000000000001
E07000127,West Lancashire,2019,624.21126772483649,793.41322283407976,1417.624490558916,44.3
E07000128,Wyre,2019,644.85759213670144,403.73626872417373,1048.593860860874,47.173000000000002
E07000129,Blaby,2019,582.98362264940477,145.6511047880667,728.63472743747241,41.744
E07000130,Charnwood,2019,990.69517131382793,572.05585850088244,1562.7510298147081,72.882999999999996
E07000131,Harborough,2019,519.88246355468084,159.97714379651859,679.85960735120011,34.729999999999997
E07000132,Hinckley and Bosworth,2019,626.56789671568208,248.01766082747761,874.58555754316046,46.265000000000001
E07000133,Melton,2019,259.83794179018099,174.24767841213509,434.08562020231631,18.806000000000001
E07000134,North West Leicestershire,2019,562.06264076347054,687.29045182247444,1249.353092585945,40.042000000000002
E07000135,Oadby and Wigston,2019,341.73607345221433,95.580840873198511,437.31691432541299,23.015999999999998
E07000136,Boston,2019,292.82195169904372,65.648541833542367,358.47049353258569,23.231999999999999
E07000137,East Lindsey,2019,526.79866887574394,197.4163473807954,724.21501625654071,41.244999999999997
E07000138,Lincoln,2019,496.38479231897622,336.69501713755761,833.07980945653287,41.68
E07000139,North Kesteven,2019,512.25660816182119,162.00172999801191,674.25833815983299,39.619999999999997
E07000140,South Holland,2019,390.05891067263849,208.12627662997519,598.18518730261405,30.065000000000001
E07000141,South Kesteven,2019,649.24577203147931,306.78567331916059,956.03144535064052,50.344999999999999
E07000142,West Lindsey,2019,445.39841718063383,183.61136034276669,629.00977752340032,32.869
E07000143,Breckland,2019,416.74902156787061,189.25776394134141,606.00678550921168,34.872999999999998
E07000144,Broadland,2019,598.17626988391794,232.335799126832,830.5120690107492,45.496000000000002
E07000145,Great Yarmouth,2019,377.67301284675409,124.234271802408,501.90728464916242,33.752000000000002
E07000146,King's Lynn and West Norfolk,2019,460.3609595197658,296.41230170477007,756.77326122453621,37.17
E07000147,North Norfolk,2019,344.91170598572972,189.4679155728968,534.37962155862613,27.727
E07000148,Norwich,2019,656.5867759932878,359.59811675679413,1016.184892750082,59.088000000000001
E07000149,South Norfolk,2019,433.67291260732412,263.87403715339292,697.54694976071687,35.347000000000001
E07000170,Ashfield,2019,731.41370243431425,279.4200893741658,1010.833791808479,54.283999999999999
E07000171,Bassetlaw,2019,586.73312032639876,338.28924080057692,925.02236112697631,43.773000000000003
E07000172,Broxtowe,2019,674.09795942565847,512.32764543501696,1186.4256048606751,48.384
E07000173,Gedling,2019,726.26034552261763,388.99049684015358,1115.2508423627719,49.819000000000003
E07000174,Mansfield,2019,678.97697671698006,176.00509814397441,854.98207486095362,48.603000000000002
E07000175,Newark and Sherwood,2019,650.39126163346998,831.17483253660839,1481.566094170078,47.152000000000001
E07000176,Rushcliffe,2019,732.88918344526928,530.58368049721935,1263.4728639424891,47.045000000000002
E07000177,Cherwell,2019,649.03801201339957,591.17247657529435,1240.210488588694,51.222999999999999
E07000178,Oxford,2019,708.98611459354004,773.10988575522185,1482.096000348761,51.960999999999999
E07000179,South Oxfordshire,2019,738.94170024847483,220.98501739429591,959.92671764277134,50.985999999999997
E07000180,Vale of White Horse,2019,676.05069888182516,259.99180732100092,936.04250620282528,49.606999999999999
E07000181,West Oxfordshire,2019,523.19084235812591,165.80682896837391,688.99767132650004,37.137999999999998
E07000192,Cannock Chase,2019,571.81551976285425,166.48527465914719,738.30079442200145,42.268999999999998
E07000193,East Staffordshire,2019,607.45575170403663,562.30692518524472,1169.762676889281,45.734999999999999
E07000194,Lichfield,2019,613.57263228319084,167.81447728166421,781.38710956485374,41.356999999999999
E07000195,Newcastle-under-Lyme,2019,733.84352272726721,414.64778080129429,1148.491303528562,51.787999999999997
E07000196,South Staffordshire,2019,614.66243444415022,438.11517898975683,1052.7776134339069,41.881
E07000197,Stafford,2019,720.63310480772236,271.84431865538443,992.47742346310611,51.731000000000002
E07000198,Staffordshire Moorlands,2019,543.97174307720002,478.87672579236278,1022.848468869563,36.460999999999999
E07000199,Tamworth,2019,396.67136758603033,104.34839116392961,501.01975874995958,31.643999999999998
E07000200,Babergh,2019,337.51596594834001,198.07366644039499,535.58963238873503,25.992999999999999
E07000202,Ipswich,2019,620.29506615344849,185.4217487027332,805.71681485618171,52.313000000000002
E07000203,Mid Suffolk,2019,243.68164653465061,292.80033978586482,536.48198632051538,20.992999999999999
E07000207,Elmbridge,2019,979.27492398125071,281.32836287449851,1260.60328685575,53.798999999999999
E07000208,Epsom and Ewell,2019,496.66241560891513,88.372988125708503,585.03540373462386,29.79
E07000209,Guildford,2019,832.4655569460964,299.9374317105748,1132.4029886566709,52.158999999999999
E07000210,Mole Valley,2019,588.36358249073919,223.38993748378141,811.75351997452128,33.808
E07000211,Reigate and Banstead,2019,933.04897985250284,210.84672067804209,1143.895700530544,57.113999999999997
E07000212,Runnymede,2019,479.63140530495468,239.95299991407421,719.58440521902855,31.071999999999999
E07000213,Spelthorne,2019,546.63444499430079,142.88379894161781,689.5182439359188,38.302999999999997
E07000214,Surrey Heath,2019,585.71797558459798,164.6472881697706,750.36526375436904,34.594999999999999
E07000215,Tandridge,2019,566.92736157964566,113.7397109548142,680.66707253446123,32.576999999999998
E07000216,Waverley,2019,822.54128628412013,194.09482502487191,1016.636111308993,47.848999999999997
E07000217,Woking,2019,576.32257044553353,148.5740361222297,724.89660656776152,36.39
E07000218,North Warwickshire,2019,344.64291727557901,370.88850756630069,715.53142484187947,24.917000000000002
E07000219,Nuneaton and Bedworth,2019,699.44645355730927,220.86489961255509,920.31135316986501,54.325000000000003
E07000220,Rugby,2019,594.50285474308475,471.93521564095653,1066.438070384042,43.469000000000001
E07000221,Stratford-on-Avon,2019,565.77290977546625,191.77531219692341,757.54822197238957,41.781999999999996
E07000222,Warwick,2019,769.96263958462214,266.63137370728589,1036.5940132919091,55.805999999999997
E07000223,Adur,2019,299.2590752680639,65.862681025722537,365.12175629378612,25.962
E07000224,Arun,2019,843.39114770023002,226.8359900600731,1070.2271377603031,66.364999999999995
E07000225,Chichester,2019,537.60269533678945,478.98232594757928,1016.585021284369,40.783000000000001
E07000226,Crawley,2019,516.22617130265098,259.814943750613,776.0411150532633,42.677
E07000227,Horsham,2019,680.30940190966851,240.17374673787441,920.48314864754343,49.753999999999998
E07000228,Mid Sussex,2019,783.18269712173185,224.35734666048239,1007.540043782214,55.685000000000002
E07000229,Worthing,2019,535.36233296144292,181.0294248311821,716.39175779262473,43.838999999999999
E07000234,Bromsgrove,2019,598.4192399520922,118.0261952019349,716.44543515402654,38.707000000000001
E07000235,Malvern Hills,2019,302.43446877554351,75.989447756472728,378.42391653201639,23.184999999999999
E07000236,Redditch,2019,441.19460373169431,217.8880337174935,659.08263744918816,35.965000000000003
E07000237,Worcester,2019,494.21812511310958,187.27158851816461,681.48971363127418,41.764000000000003
E07000238,Wychavon,2019,565.64299398155538,543.39625285956697,1109.039246841123,44.168999999999997
E07000239,Wyre Forest,2019,514.90488792376152,176.7152333635558,691.62012128731737,40.109000000000002
E07000240,St Albans,2019,934.06497350470147,232.21007168951309,1166.275045194215,56.719000000000001
E07000241,Welwyn Hatfield,2019,631.41417936885216,275.77781355316688,907.19199292201927,44.109000000000002
E07000242,East Hertfordshire,2019,762.26615816388016,287.02328618255899,1049.289444346439,51.865000000000002
E07000243,Stevenage,2019,415.66203028864822,412.90762089886971,828.56965118751759,34.24
E07000244,East Suffolk,2019,1120.254240245295,352.63237924590481,1472.8866194911991,90.518000000000001
E07000245,West Suffolk,2019,654.94189247099848,1439.2932089378271,2094.2351014088249,54.036999999999999
E08000001,Bolton,2019,1601.605005814999,544.22732416258873,2145.832329977588,117.526
E08000002,Bury,2019,1127.713638210671,390.1700544481472,1517.883692658819,79.951999999999998
E08000003,Manchester,2019,2250.778976008371,1610.1044211450319,3860.8833971534082,185.001
E08000004,Oldham,2019,1255.979176652068,418.30613146546852,1674.285308117536,92.222999999999999
E08000005,Rochdale,2019,1191.7375609701689,439.6739403014596,1631.411501271629,90.775999999999996
E08000006,Salford,2019,1228.638224808833,684.01548784366105,1912.653712652495,98.087999999999994
E08000007,Stockport,2019,1813.013950435645,633.18208775566814,2446.1960381913118,121.379
E08000008,Tameside,2019,1253.960103896603,481.2665363526807,1735.2266402492819,98.597999999999999
E08000009,Trafford,2019,1420.46233627738,1885.084097059874,3305.5464333372552,92.885000000000005
E08000010,Wigan,2019,1718.032122412887,726.32426480442564,2444.3563872173122,141.03299999999999
E08000011,Knowsley,2019,762.62522181751706,503.03183160256191,1265.657053420078,66.283000000000001
E08000012,Liverpool,2019,2385.8369044996348,1652.408779883669,4038.2456843833161,198.87899999999999
E08000013,St. Helens,2019,999.7680304929637,1222.009475107842,2221.7775056008049,81.715000000000003
E08000014,Sefton,2019,1629.9813760106269,1278.5885624414259,2908.5699384520522,119.886
E08000015,Wirral,2019,1885.486448312935,883.83645802972319,2769.3229063426588,141.339
E08000017,Doncaster,2019,1741.7378458561309,1199.885543130019,2941.6233889861478,131.85900000000001
E08000018,Rotherham,2019,1514.170016438514,1189.302784512985,2703.4728009515011,114.373
E08000021,Newcastle upon Tyne,2019,1603.6626015447109,1079.827048411441,2683.4896499561519,114.91800000000001
E08000022,North Tyneside,2019,1290.6024878423771,601.91821705965731,1892.5207049020371,95.206000000000003
E08000023,South Tyneside,2019,881.10205129459121,207.16023842486271,1088.262289719454,70.073999999999998
E08000024,Sunderland,2019,1666.138972595563,799.33023504336643,2465.4692076389279,123.456
E08000025,Birmingham,2019,5672.9780004887416,3038.072567963186,8711.0505684519248,391.15300000000002
E08000026,Coventry,2019,1684.5213930132461,897.18467300300517,2581.7060660162492,131.547
E08000027,Dudley,2019,1793.2074629061731,600.80356165223009,2394.0110245584028,132.87700000000001
E08000028,Sandwell,2019,1656.178391806892,911.21086279639928,2567.3892546032912,125.611
E08000029,Solihull,2019,1292.09449241313,667.82889404081675,1959.9233864539451,85.817999999999998
E08000030,Walsall,2019,1498.816237524592,591.63406916929716,2090.450306693886,108.617
E08000031,Wolverhampton,2019,1408.9312486629799,609.28123776799794,2018.212486430981,100.90900000000001
E08000032,Bradford,2019,3111.553963602666,1735.5178763773799,4847.0718399800453,202.07
E08000033,Calderdale,2019,1310.4821482528739,536.09113655839747,1846.5732848112691,88.713999999999999
E08000034,Kirklees,2019,2628.2498569384611,1285.9266475165771,3914.176504455043,177.27600000000001
E08000035,Leeds,2019,4386.2403315437596,2229.2915882000411,6615.5319197437793,315.065
E08000036,Wakefield,2019,1954.246880196182,1533.0193117352039,3487.2661919313859,150.434
E08000037,Gateshead,2019,1202.363159248265,686.89277528975606,1889.2559345380209,88.742000000000004
E08000038,Barnsley,2019,1405.9337816187949,1021.085950878072,2427.0197324968699,107.146
E08000039,Sheffield,2019,3116.5940192589701,1760.5788667653719,4877.1728860243365,224.08199999999999
E09000001,City of London,2019,30.407730400378458,747.67725984679544,778.08499024717435,3.077
E09000002,Barking and Dagenham,2019,788.02023755168705,212.81843393480321,1000.8386714864899,66.141000000000005
E09000003,Barnet,2019,2237.5151346622638,533.74473746797435,2771.2598721302461,130.10300000000001
E09000004,Bexley,2019,1255.3722413457519,625.47461788319697,1880.8468592289501,90.287000000000006
E09000005,Brent,2019,1578.4606399198051,600.69551680350355,2179.1561567233111,102.85899999999999
E09000006,Bromley,2019,2086.9171727016242,364.96593083853168,2451.883103540164,131.697
E09000007,Camden,2019,971.7474714985284,1439.289277373802,2411.0367488723291,79.146000000000001
E09000008,Croydon,2019,2117.8988507936092,460.23033179207329,2578.1291825856838,141.9
E09000009,Ealing,2019,1720.9479661706059,680.62531496414783,2401.5732811347571,119.85599999999999
E09000010,Enfield,2019,1606.8663455581579,563.25515926244066,2170.1215048205981,109.223
E09000011,Greenwich,2019,1170.8379240916149,500.42054245638121,1671.258466547999,93.125
E09000012,Hackney,2019,1008.26192119307,366.42785900042622,1374.6897801934949,91.463999999999999
E09000013,Hammersmith and Fulham,2019,903.67944265131223,563.94477257275548,1467.62421522407,74.715000000000003
E09000014,Haringey,2019,1294.0432238954279,344.15257868666089,1638.1958025820879,95.998999999999995
E09000015,Harrow,2019,1466.2107101059389,234.97546213087409,1701.186172236813,84.45
E09000016,Havering,2019,1386.535809189126,240.11973898483129,1626.655548173956,98.094999999999999
E09000017,Hillingdon,2019,1495.3522783132321,666.35041513346835,2161.7026934467031,100.13800000000001
E09000018,Hounslow,2019,1214.7520275419211,558.02409600712258,1772.776123549042,85.185000000000002
E09000019,Islington,2019,926.00635163983736,649.31540348085389,1575.3217551206901,86.93
E09000020,Kensington and Chelsea,2019,888.46546337452344,839.17628329864783,1727.6417466731709,69.370999999999995
E09000021,Kingston upon Thames,2019,913.36757043943032,236.8759788580015,1150.2435492974321,60.996000000000002
E09000022,Lambeth,2019,1430.2533507993689,818.37256934010281,2248.6259201394728,120.143
E09000023,Lewisham,2019,1371.0184436949201,375.77812364312388,1746.796567338044,109.667
E09000024,Merton,2019,1105.325960156877,277.21100897830479,1382.536969135183,77.533000000000001
E09000025,Newham,2019,1128.919412648326,997.26710837675182,2126.1865210250762,92.786000000000001
E09000026,Redbridge,2019,1489.6582805523019,249.33873963187779,1738.99702018418,95.195999999999998
E09000027,Richmond upon Thames,2019,1215.234573681048,276.77555737069292,1492.0101310517421,78.718999999999994
E09000028,Southwark,2019,1070.1086206113309,969.54578436299028,2039.65440497432,100.875
E09000029,Sutton,2019,1064.1559258935961,257.73639863417452,1321.8923245277699,72.629000000000005
E09000030,Tower Hamlets,2019,723.59922645334768,825.0243276160362,1548.6235540693849,76.98
E09000031,Waltham Forest,2019,1236.1345159631819,295.4297717157105,1531.5642876788929,93.406000000000006
E09000032,Wandsworth,2019,1563.7527979939059,649.2660088429717,2213.018806836883,120.798
E09000033,Westminster,2019,986.6202741793835,2396.179172379479,3382.7994465588722,88.451999999999998
S12000005,Clackmannanshire,2019,306.44070494334369,835.26999822324433,1141.710703166588,23.312000000000001
S12000006,Dumfries and Galloway,2019,618.64519473688097,545.71161730641461,1164.356812043296,45.133000000000003
S12000008,East Ayrshire,2019,753.80936424404433,269.13552701649849,1022.944891260542,54.655000000000001
S12000010,East Lothian,2019,578.8067676009897,234.7317685234153,813.53853612440548,42.654000000000003
S12000011,East Renfrewshire,2019,663.17279182488016,108.629852053824,771.80264387870477,36.558
S12000013,Na h-Eileanan Siar,2019,18.39316650148664,4.4756047188935684,22.8687712203802,1.6879999999999999
S12000014,Falkirk,2019,938.05339181295562,597.70501034462109,1535.758402157576,68.028000000000006
S12000017,Highland,2019,637.92717145688562,491.3336101471603,1129.260781604045,45.284999999999997
S12000018,Inverclyde,2019,483.02682926068729,157.96273730774891,640.98956656843541,34.58
S12000019,Midlothian,2019,520.78910856125503,161.86305847952499,682.65216704077909,38.819000000000003
S12000020,Moray,2019,458.16978644621679,1319.7490699170751,1777.918856363292,31.754999999999999
S12000021,North Ayrshire,2019,775.67001173481174,1239.1499600482921,2014.8199717831039,59.773000000000003
S12000023,Orkney Islands,2019,0,0,0,0
S12000026,Scottish Borders,2019,527.75445627446652,258.82597256739228,786.58042884185897,38.155999999999999
S12000027,Shetland Islands,2019,0,0,0,0
S12000028,South Ayrshire,2019,685.53667876647353,579.3718838736296,1264.9085626401029,47.595999999999997
S12000029,South Lanarkshire,2019,1915.9719561248351,561.88982771157771,2477.8617838364121,130.33699999999999
S12000030,Stirling,2019,505.10461742242768,747.09302399460478,1252.1976414170319,33.191000000000003
S12000033,Aberdeen City,2019,1362.834325377743,990.7398862383161,2353.574211616055,102.05200000000001
S12000034,Aberdeenshire,2019,1074.7461985983871,350.92061691547229,1425.6668155138591,68.686000000000007
S12000035,Argyll and Bute,2019,324.70245018081761,138.92318819125441,463.6256383720721,20.914999999999999
S12000036,City of Edinburgh,2019,2857.1642835284251,1795.375974930432,4652.5402584588746,223.988
S12000038,Renfrewshire,2019,1062.8944048552339,520.16380206450174,1583.058206919733,81.552000000000007
S12000039,West Dunbartonshire,2019,495.96961971729928,240.28899585132899,736.25861556862856,41.767000000000003
S12000040,West Lothian,2019,1089.934310848239,1081.7732019497921,2171.7075127980279,76.966999999999999
S12000041,Angus,2019,585.76620045014624,337.38041419145429,923.14661464159985,41.575000000000003
S12000042,Dundee City,2019,779.77318868325335,575.02263597993624,1354.7958246631879,61.518999999999998
S12000045,East Dunbartonshire,2019,776.55446328150367,140.54594685583589,917.1004101373411,45.018000000000001
S12000047,Fife,2019,2308.149372833378,1480.9689714653539,3789.1183442987322,166.00399999999999
S12000048,Perth and Kinross,2019,724.66308347267125,295.73949555275408,1020.402579025424,48.951999999999998
S12000049,Glasgow City,2019,2971.40490990938,2213.205447548366,5184.610357457751,261.05399999999997
S12000050,North Lanarkshire,2019,2027.412314094212,831.08700952227525,2858.4993236164851,146.42500000000001
W06000001,Isle of Anglesey / Ynys Môn,2019,189.44256307925789,121.9096939126383,311.35225699189613,16.344000000000001
W06000002,Gwynedd / Gwynedd,2019,363.66571896449261,165.27391862543951,528.93963758993209,30.931999999999999
W06000003,Conwy / Conwy,2019,573.26264577979896,135.01760116545319,708.28024694525118,46.46
W06000004,Denbighshire / Sir Ddinbych,2019,417.36921143151392,153.49903799102509,570.86824942253907,33.936999999999998
W06000005,Flintshire / Sir y Fflint,2019,705.02348151656997,868.06590318859787,1573.089384705168,57.017000000000003
W06000006,Wrexham / Wrecsam,2019,622.75894324959825,1302.447337789954,1925.206281039553,51.39
W06000008,Ceredigion / Ceredigion,2019,111.21777596838901,69.455445584813177,180.6732215532021,9.0410000000000004
W06000009,Pembrokeshire / Sir Benfro,2019,415.97832607192993,131.60224343040929,547.58056950233924,35.776000000000003
W06000010,Carmarthenshire / Sir Gaerfyrddin,2019,677.73101423568937,287.33892535552337,965.06993959121178,53.006999999999998
W06000011,Swansea / Abertawe,2019,1312.192266344962,775.68861886205434,2087.8808852070129,101.93899999999999
W06000012,Neath Port Talbot / Castell-nedd Port Talbot,2019,777.71988087694285,384.73254082347017,1162.4524217004141,61.463000000000001
W06000013,Bridgend / Pen-y-bont ar Ogwr,2019,805.35077491543132,460.90143176250018,1266.2522066779311,62.744
W06000014,Vale of Glamorgan / Bro Morgannwg,2019,685.72350553430772,256.70525216265912,942.42875769696707,53.851999999999997
W06000015,Cardiff / Caerdydd,2019,1733.777146105564,1145.6370939098449,2879.4142400154092,140.084
W06000016,Rhondda Cynon Taf / Rhondda Cynon Taf,2019,1422.2152308433731,548.61967602518405,1970.8349068685579,106.504
W06000018,Caerphilly / Caerffili,2019,1034.5624029166061,284.53921476559759,1319.101617682205,77.444000000000003
W06000019,Blaenau Gwent / Blaenau Gwent,2019,440.99745202746612,304.44238126261502,745.43983329008142,31.675000000000001
W06000020,Torfaen / Torfaen,2019,502.5951032089564,330.46316763354861,833.05827084250427,41.121000000000002
W06000021,Monmouthshire / Sir Fynwy,2019,408.87786210402811,263.09079823293172,671.96866033695926,31.815000000000001
W06000022,Newport / Casnewydd,2019,776.36378619374045,883.29255835295578,1659.6563445466959,64.281999999999996
W06000023,Powys / Powys,2019,356.01940903737932,151.68902181894609,507.70843085632549,28.966999999999999
W06000024,Merthyr Tydfil / Merthyr Tudful,2019,372.6179869763306,214.53522214297061,587.15320911930178,26.51
E06000001,Hartlepool,2020,549.31855333791077,473.50140297911832,1022.819956317029,42.503999999999998
E06000002,Middlesbrough,2020,805.74873230707658,389.22230333131421,1194.971035638391,61.534999999999997
E06000003,Redcar and Cleveland,2020,809.31499622594629,930.06203936412169,1739.377035590069,61.865000000000002
E06000004,Stockton-on-Tees,2020,1141.9757768926299,906.46683044149268,2048.4426073341251,85.194000000000003
E06000005,Darlington,2020,673.23511545831843,531.95474550961478,1205.189860967932,48.506999999999998
E06000006,Halton,2020,660.08377362581803,600.12636641537449,1260.210140041193,55.817999999999998
E06000007,Warrington,2020,1179.969409940041,1146.3168656645071,2326.2862756045452,89.856999999999999
E06000008,Blackburn with Darwen,2020,859.60306015627111,499.38869088068191,1358.991751036953,59.392000000000003
E06000009,Blackpool,2020,826.60150386397152,376.49262398702632,1203.094127850999,63.466000000000001
E06000010,"Kingston upon Hull, City of",2020,1396.618756491768,1008.405082228593,2405.023838720364,115.125
E06000011,East Riding of Yorkshire,2020,1971.799795412003,1486.520289167684,3458.3200845796869,136.80799999999999
E06000012,North East Lincolnshire,2020,908.20516269428981,1051.8220976597199,1960.02726035401,70.311999999999998
E06000013,North Lincolnshire,2020,941.4019675223999,524.76791941914769,1466.1698869415491,68.423000000000002
E06000014,York,2020,1136.9329503401341,540.58427121583111,1677.5172215559669,81.040999999999997
E06000015,Derby,2020,1385.900613047309,783.06743207646355,2168.9680451237709,105.366
E06000016,Leicester,2020,1738.284122003176,1336.516289404814,3074.8004114079909,120.66200000000001
E06000017,Rutland,2020,222.94655864544589,96.287191163060427,319.23374980850639,14.333
E06000018,Nottingham,2020,1534.8182325839091,1035.972713681093,2570.790946265005,118.071
E06000019,"Herefordshire, County of",2020,655.22874334732421,513.24130951724624,1168.4700528645701,54.054000000000002
E06000020,Telford and Wrekin,2020,923.37684294264068,582.39556747733025,1505.772410419971,75.418000000000006
E06000021,Stoke-on-Trent,2020,1452.995042478015,874.0522665138061,2327.0473089918228,111.239
E06000022,Bath and North East Somerset,2020,967.19109771719525,319.51257975728799,1286.7036774744849,71.158000000000001
E06000023,"Bristol, City of",2020,2095.9303398964671,938.455299476042,3034.38563937251,174.23699999999999
E06000024,North Somerset,2020,1073.113934797256,665.15359504814182,1738.2675298453969,85.483000000000004
E06000025,South Gloucestershire,2020,1281.272991628796,530.91799044457321,1812.190982073372,106.48
E06000026,Plymouth,2020,1121.5281111216841,499.86547998598979,1621.3935911076719,111.09099999999999
E06000027,Torbay,2020,684.00378879428661,352.2643187457881,1036.2681075400751,57.173000000000002
E06000030,Swindon,2020,1112.2249474143221,605.5496069271926,1717.7745543415151,89.277000000000001
E06000031,Peterborough,2020,995.46698072271147,407.0061467554446,1402.4731274781559,79.257000000000005
E06000032,Luton,2020,1047.2083949178359,374.43403116649432,1421.6424260843301,71.983999999999995
E06000033,Southend-on-Sea,2020,1075.4880876582599,200.18409033787901,1275.672177996139,73.593999999999994
E06000034,Thurrock,2020,755.61455406715186,826.91390021503662,1582.5284542821889,59.899000000000001
E06000035,Medway,2020,1340.4894973094911,431.56596060536032,1772.0554579148541,108.846
E06000036,Bracknell Forest,2020,632.33936674898712,300.53971184304743,932.87907859203472,46.604999999999997
E06000037,West Berkshire,2020,674.72405306916289,420.90481397400907,1095.6288670431741,47.723999999999997
E06000038,Reading,2020,790.08426124307357,357.08225197617008,1147.166513219245,59.555999999999997
E06000039,Slough,2020,616.71789336522909,347.96478131586463,964.68267468109332,46.485999999999997
E06000040,Windsor and Maidenhead,2020,936.31246809520258,290.85293481270872,1227.1654029079109,56.713999999999999
E06000041,Wokingham,2020,1014.819070270651,206.08923002144451,1220.9083002920961,65.866
E06000042,Milton Keynes,2020,1371.9900208282011,776.52736693439624,2148.5173877625971,106.881
E06000043,Brighton and Hove,2020,1351.526977301266,391.6921973838767,1743.219174685147,110.801
E06000044,Portsmouth,2020,878.50904452373095,596.11544332107678,1474.624487844806,79.709000000000003
E06000045,Southampton,2020,926.93558681623324,503.20415549458812,1430.1397423108219,81.55
E06000046,Isle of Wight,2020,674.72358865282331,439.25124108195911,1113.974829734781,58.639000000000003
E06000047,County Durham,2020,3232.5870911290449,1149.0374011648821,4381.6244922939368,231.93899999999999
E06000049,Cheshire East,2020,2343.595237098998,1800.037010608537,4143.632247707531,159.86199999999999
E06000050,Cheshire West and Chester,2020,1888.5576150474051,935.7458737856382,2824.3034888330471,143.32300000000001
E06000051,Shropshire,2020,1226.989771146061,882.80631383966147,2109.7960849857218,97.055999999999997
E06000052,Cornwall,2020,1559.111881811549,1018.375429310885,2577.4873111224329,145.834
E06000053,Isles of Scilly,2020,0,0,0,0
E06000054,Wiltshire,2020,1975.030763095423,1179.491313482255,3154.5220765776812,157.05600000000001
E06000055,Bedford,2020,879.01284786009774,333.37618522263932,1212.389033082738,65.245000000000005
E06000056,Central Bedfordshire,2020,1498.1790845263879,512.01007813959131,2010.189162665981,111.33499999999999
E06000057,Northumberland,2020,1802.659432754233,963.54447009264163,2766.2039028468748,127.47799999999999
E06000058,"Bournemouth, Christchurch and Poole",2020,2016.62005906168,602.03134865605159,2618.6514077177239,161.51
E06000059,Dorset,2020,1724.6784168245699,626.48365665895483,2351.1620734835251,138.90899999999999
E06000060,Buckinghamshire,2020,3156.3330085109642,884.84873122208319,4041.1817397330501,193.38399999999999
E06000061,North Northamptonshire,2020,1888.5859857437431,960.42465926414252,2849.010645007882,142.00299999999999
E06000062,West Northamptonshire,2020,2046.2115589408791,895.16938074124482,2941.3809396821239,152.297
E06000063,Cumberland,2020,1579.3611307028821,1474.614455173255,3053.97558587614,113.931
E06000064,Westmorland and Furness,2020,1146.9184537705171,1343.9644782461851,2490.8829320167001,85.807000000000002
E06000065,North Yorkshire,2020,3138.1307926508321,3116.6604572550932,6254.7912499059084,218.73599999999999
E06000066,Somerset,2020,2136.022802461689,1085.6030736795969,3221.6258761412819,184.18700000000001
E07000008,Cambridge,2020,640.40035992241189,553.12582418027125,1193.5261841026841,48.258000000000003
E07000009,East Cambridgeshire,2020,362.63064579896479,95.439735241572563,458.07038104053731,26.971
E07000010,Fenland,2020,471.53740098473668,620.97622203231333,1092.5136230170499,35.509
E07000011,Huntingdonshire,2020,878.30212398647632,234.8734746521738,1113.1755986386511,66.290999999999997
E07000012,South Cambridgeshire,2020,697.18583802342675,456.46347085365329,1153.6493088770801,49.795000000000002
E07000032,Amber Valley,2020,779.41564627378273,493.82561360432328,1273.241259878107,55.145000000000003
E07000033,Bolsover,2020,479.18462529625941,295.09239077431897,774.27701607057804,35.43
E07000034,Chesterfield,2020,626.69464596994237,408.16747601157721,1034.8621219815191,48.332000000000001
E07000035,Derbyshire Dales,2020,425.66088012269648,324.84631873829221,750.50719886098886,27.298999999999999
E07000036,Erewash,2020,673.74809950859105,308.1579492365193,981.90604874511098,50.289000000000001
E07000037,High Peak,2020,595.38801958210377,1065.238027492687,1660.62604707479,39.726999999999997
E07000038,North East Derbyshire,2020,646.58312952073459,147.80910770926869,794.39223723000373,44.715000000000003
E07000039,South Derbyshire,2020,563.83956567156304,378.49519294435748,942.33475861591944,42.875
E07000040,East Devon,2020,617.3462189960826,107.5039104435204,724.85012943960317,50.414999999999999
E07000041,Exeter,2020,526.31010558311243,453.16564587199252,979.4757514551053,48.713000000000001
E07000042,Mid Devon,2020,240.3566643841549,189.64806193182179,430.00472631597711,21.888999999999999
E07000043,North Devon,2020,392.7786805872729,163.95910146490559,556.73778205217877,33.554000000000002
E07000044,South Hams,2020,329.46941942615172,208.16657931697361,537.63599874312513,27.431000000000001
E07000045,Teignbridge,2020,563.81336604800833,150.94170683288661,714.75507288089432,48.561999999999998
E07000046,Torridge,2020,184.560464922319,31.696914471110041,216.25737939342909,16.832999999999998
E07000047,West Devon,2020,181.40429421843649,149.1758204812858,330.58011469972217,14.305
E07000061,Eastbourne,2020,482.11316871394752,194.2578682619552,676.37103697590305,41.73
E07000062,Hastings,2020,456.29142882063468,97.500803629757115,553.79223245039202,38.042000000000002
E07000063,Lewes,2020,486.90553293639141,93.475491495941327,580.38102443233277,37.924999999999997
E07000064,Rother,2020,485.65014413898678,306.30577898782508,791.95592312681299,34.488
E07000065,Wealden,2020,751.83023803474737,120.0095464859032,871.83978452065139,53.326000000000001
E07000066,Basildon,2020,926.66375836670045,382.17678642310801,1308.8405447898069,71.373999999999995
E07000067,Braintree,2020,669.24236545050212,187.84689458811681,857.08926003861859,50.536000000000001
E07000068,Brentwood,2020,513.04146961121626,107.17799475144371,620.21946436266001,30.838000000000001
E07000069,Castle Point,2020,537.49279806973925,105.988284456906,643.48108252664485,35.683
E07000070,Chelmsford,2020,897.42929955731677,224.2282956597042,1121.6575952170199,63.863
E07000071,Colchester,2020,876.97389864302863,259.72993446569291,1136.7038331087219,67.064999999999998
E07000072,Epping Forest,2020,789.90196358666844,487.57291542375538,1277.474879010424,49.021999999999998
E07000073,Harlow,2020,435.16253903096282,288.07833593429478,723.24087496525749,36.494
E07000074,Maldon,2020,247.59337551748459,137.363775173265,384.95715069074947,18.106000000000002
E07000075,Rochford,2020,507.43471220676702,62.439255487020972,569.8739676937879,33.593000000000004
E07000076,Tendring,2020,772.40329883051061,225.1136262345569,997.51692506506754,58.927999999999997
E07000077,Uttlesford,2020,413.83433646435623,124.41182678890161,538.24616325325758,27.108000000000001
E07000078,Cheltenham,2020,654.02655754985051,271.56548665141293,925.59204420126321,51.094999999999999
E07000079,Cotswold,2020,405.45333103138569,136.16323908024339,541.61657011162924,28.413
E07000080,Forest of Dean,2020,295.81849666184291,306.08313608089043,601.90163274273323,23.402999999999999
E07000081,Gloucester,2020,626.67450309858498,465.29400209215129,1091.9685051907379,53.271000000000001
E07000082,Stroud,2020,616.33211023301556,346.74494261649721,963.07705284951214,45.228999999999999
E07000083,Tewkesbury,2020,452.98445144942491,282.2089927525227,735.1934442019475,36.820999999999998
E07000084,Basingstoke and Deane,2020,827.77555009842922,398.29440581810229,1226.0699559165321,65.581999999999994
E07000085,East Hampshire,2020,655.9176527611171,111.9494239730969,767.86707673421449,45.234000000000002
E07000086,Eastleigh,2020,663.91165765903293,226.46991072152511,890.38156838055909,54.747
E07000087,Fareham,2020,588.14228063440657,175.52026054552951,763.66254117993708,46.966000000000001
E07000088,Gosport,2020,348.26902996469818,91.530931495667573,439.79996146036581,32.593000000000004
E07000089,Hart,2020,594.40779868216987,132.47001503091431,726.87781371308483,37.195999999999998
E07000090,Havant,2020,635.50381732391986,97.31195843556911,732.81577575948961,52.213999999999999
E07000091,New Forest,2020,943.93296988564157,234.29348147758321,1178.226451363224,71.122
E07000092,Rushmoor,2020,474.04601586445682,235.97988322015561,710.02589908461232,36.862000000000002
E07000093,Test Valley,2020,515.72907640899814,285.97678641213679,801.70586282113447,42.438000000000002
E07000094,Winchester,2020,598.04075109730331,205.58771694807231,803.62846804537764,42.917000000000002
E07000095,Broxbourne,2020,509.68051610529432,128.3129718043071,637.99348790960073,36.436999999999998
E07000096,Dacorum,2020,882.94372908964704,290.09482258406081,1173.0385516737081,59.326000000000001
E07000098,Hertsmere,2020,672.26482546619332,258.42692890307882,930.69175436927276,41.128
E07000099,North Hertfordshire,2020,705.63339026707592,295.41076771144151,1001.044157978518,48.968000000000004
E07000102,Three Rivers,2020,608.56228450120818,134.22331906201259,742.78560356321975,35.393000000000001
E07000103,Watford,2020,508.82817743569001,155.17013281705869,663.99831025274887,34.996000000000002
E07000105,Ashford,2020,536.46089410198397,212.1798683479289,748.64076244991304,43.500999999999998
E07000106,Canterbury,2020,795.0409707455575,303.06778111707058,1098.108751862628,59.991999999999997
E07000107,Dartford,2020,552.67757209857803,221.2849191384793,773.96249123705752,43.692
E07000108,Dover,2020,572.03818197064982,253.88036061391409,825.91854258456556,47.484000000000002
E07000109,Gravesham,2020,524.37096136491164,286.36888160714102,810.73984297205277,40.042999999999999
E07000110,Maidstone,2020,831.2468793379536,308.30910053459291,1139.555979872546,64.034999999999997
E07000111,Sevenoaks,2020,685.91046670240564,121.68446701475931,807.59493371716485,42.177999999999997
E07000112,Folkestone and Hythe,2020,533.59447481041514,138.98722359080551,672.58169840122071,43.292999999999999
E07000113,Swale,2020,694.45128254575036,670.50099645269347,1364.9522789984439,57.006999999999998
E07000114,Thanet,2020,738.40930390901451,633.32481066699427,1371.734114576009,60.889000000000003
E07000115,Tonbridge and Malling,2020,679.28422129550825,241.86488818286321,921.14910947837268,49.540999999999997
E07000116,Tunbridge Wells,2020,602.32279698556931,146.10025604581389,748.42305303138403,39.5
E07000117,Burnley,2020,546.33483790511298,303.18869809674862,849.52353600186279,40.456000000000003
E07000118,Chorley,2020,666.92800073896467,276.47084703979232,943.39884777875761,48.975999999999999
E07000119,Fylde,2020,519.43922493694106,199.180121339506,718.61934627644746,35.231000000000002
E07000120,Hyndburn,2020,490.19097513159369,326.87441235390878,817.06538748550213,35.872999999999998
E07000121,Lancaster,2020,747.1663657369694,439.91629215879652,1187.0826578957649,56.249000000000002
E07000122,Pendle,2020,564.23376009199342,205.88615592576471,770.11991601775765,39.094999999999999
E07000123,Preston,2020,782.6774669772982,579.22555898536496,1361.9030259626629,58.088000000000001
E07000124,Ribble Valley,2020,357.13483467242418,246.48033313877619,603.61516781119985,23.436
E07000125,Rossendale,2020,467.10588601796201,252.27253627078829,719.37842228875036,30.751000000000001
E07000126,South Ribble,2020,648.52556956370813,311.03942229581543,959.56499185952373,48.31
E07000127,West Lancashire,2020,637.59257180685574,787.72178104300963,1425.3143528498661,44.811999999999998
E07000128,Wyre,2020,658.73823100343725,477.20626365002738,1135.944494653465,47.662999999999997
E07000129,Blaby,2020,602.87374209467157,157.8286348119191,760.70237690659144,42.15
E07000130,Charnwood,2020,1023.636099351082,621.43006216299477,1645.066161514078,73.507000000000005
E07000131,Harborough,2020,541.45879269243517,133.78227036948749,675.241063061923,35.576999999999998
E07000132,Hinckley and Bosworth,2020,642.6994811826936,307.3086689255602,950.00815010825511,46.531999999999996
E07000133,Melton,2020,270.88437288787901,168.68040019151351,439.56477307939218,19.11
E07000134,North West Leicestershire,2020,580.54887770021514,725.49124845584322,1306.040126156058,40.933999999999997
E07000135,Oadby and Wigston,2020,351.73506017263981,92.176061622253954,443.9111217948938,23.172999999999998
E07000136,Boston,2020,306.40348862728302,70.416955171531583,376.82044379881461,23.603000000000002
E07000137,East Lindsey,2020,545.41808060703829,177.60721929244531,723.0252998994838,41.756
E07000138,Lincoln,2020,508.11935107926649,297.99485794041169,806.11420901967836,41.787999999999997
E07000139,North Kesteven,2020,526.84895142758774,184.73129790420739,711.58024933179547,40.072000000000003
E07000140,South Holland,2020,410.29620094131468,210.40786646655391,620.70406740786848,30.75
E07000141,South Kesteven,2020,671.24963644386276,264.83274491085763,936.08238135472163,50.802
E07000142,West Lindsey,2020,460.67117898491728,180.88271441549369,641.55389340041165,33.371000000000002
E07000143,Breckland,2020,430.53682655280619,182.04982836649631,612.58665491930265,35.284999999999997
E07000144,Broadland,2020,621.73856945446414,300.59786085750437,922.33643031196914,46.081000000000003
E07000145,Great Yarmouth,2020,394.69610484930701,113.4996620244421,508.19576687374939,34.026000000000003
E07000146,King's Lynn and West Norfolk,2020,477.0844957311341,287.52626006083023,764.61075579196529,37.357999999999997
E07000147,North Norfolk,2020,356.44589408783418,189.0410420701624,545.48693615799664,28.01
E07000148,Norwich,2020,680.03239053088794,377.28144521301601,1057.313835743905,59.15
E07000149,South Norfolk,2020,453.42192988893788,270.00582746870379,723.42775735764144,36.027999999999999
E07000170,Ashfield,2020,749.33004694335796,319.80919813887971,1069.139245082237,54.664000000000001
E07000171,Bassetlaw,2020,604.07229806447458,362.61498676409059,966.68728482856534,44.332999999999998
E07000172,Broxtowe,2020,691.02048344080595,479.41251394864241,1170.4329973894501,48.738
E07000173,Gedling,2020,746.38989411445903,406.17753607072768,1152.5674301851859,50.136000000000003
E07000174,Mansfield,2020,694.78194761432439,209.2095737237843,903.99152133810833,48.926000000000002
E07000175,Newark and Sherwood,2020,669.54643233114643,818.41247087476847,1487.958903205915,47.927
E07000176,Rushcliffe,2020,753.0783792680088,595.32521236454204,1348.4035916325511,47.68
E07000177,Cherwell,2020,667.01378294556253,696.30465655839828,1363.318439503963,52.204999999999998
E07000178,Oxford,2020,725.15624586774572,780.57610443768488,1505.7323503054299,52.152000000000001
E07000179,South Oxfordshire,2020,756.13305217140851,235.97787453268819,992.1109267040963,51.9
E07000180,Vale of White Horse,2020,691.19629837279081,289.23110728883228,980.42740566162252,50.505000000000003
E07000181,West Oxfordshire,2020,536.79016211631222,164.81343483994851,701.60359695626153,38.073999999999998
E07000192,Cannock Chase,2020,579.02724205355617,158.97793842877269,738.00518048232868,42.816000000000003
E07000193,East Staffordshire,2020,624.05337042800113,586.4899314969831,1210.543301924984,46.48
E07000194,Lichfield,2020,623.21876368251662,189.11469771601341,812.33346139852915,42.046999999999997
E07000195,Newcastle-under-Lyme,2020,736.68122384698268,467.07353301929999,1203.7547568662819,51.94
E07000196,South Staffordshire,2020,624.2260283515551,401.68527921175161,1025.911307563307,42.262
E07000197,Stafford,2020,727.64462407242002,240.18148013809059,967.82610421051004,52.363
E07000198,Staffordshire Moorlands,2020,546.76678915123591,395.43117584037702,942.19796499161328,36.597999999999999
E07000199,Tamworth,2020,404.44762666955859,88.698082364588046,493.14570903414699,32.134
E07000200,Babergh,2020,347.86517720167501,200.06042099024401,547.92559819191922,26.375
E07000202,Ipswich,2020,642.23464042679848,189.5165555137188,831.7511959405183,52.533000000000001
E07000203,Mid Suffolk,2020,255.38727529329651,200.55378920870839,455.94106450200479,21.675000000000001
E07000207,Elmbridge,2020,987.1953287020068,281.12820055165201,1268.3235292536631,54.067999999999998
E07000208,Epsom and Ewell,2020,502.45953704638077,86.495779171591607,588.95531621797227,29.876999999999999
E07000209,Guildford,2020,841.95418997259594,292.24853877306469,1134.2027287456599,52.625999999999998
E07000210,Mole Valley,2020,591.91228660602519,249.30434175419879,841.21662836022404,33.899000000000001
E07000211,Reigate and Banstead,2020,941.86812985621157,211.70982361341359,1153.5779534696251,57.537999999999997
E07000212,Runnymede,2020,488.24510660338382,237.91327730257001,726.158383905954,31.489000000000001
E07000213,Spelthorne,2020,549.54740618878338,146.26494102385081,695.8123472126357,38.347000000000001
E07000214,Surrey Heath,2020,591.27272470310243,153.8537993382044,745.12652404130677,34.789000000000001
E07000215,Tandridge,2020,569.72507813587561,112.7154165603023,682.44049469617823,32.646999999999998
E07000216,Waverley,2020,836.94946982124031,200.14983242507401,1037.0993022463149,48.518000000000001
E07000217,Woking,2020,578.04985396409552,146.01090083206051,724.06075479615606,36.386000000000003
E07000218,North Warwickshire,2020,353.7231560500764,402.3443014161258,756.06745746620243,25.367999999999999
E07000219,Nuneaton and Bedworth,2020,716.06975743429382,215.11766711807149,931.18742455236475,54.959000000000003
E07000220,Rugby,2020,612.30660285589875,447.67312034010729,1059.979723196006,44.185000000000002
E07000221,Stratford-on-Avon,2020,584.51952506749308,185.86516847457011,770.38469354206393,42.744999999999997
E07000222,Warwick,2020,792.16521734659329,273.21534268410898,1065.3805600307039,56.691000000000003
E07000223,Adur,2020,306.73676747187739,68.662009187039786,375.39877665891731,26.030999999999999
E07000224,Arun,2020,860.11459508924565,227.4404771762851,1087.55507226553,66.783000000000001
E07000225,Chichester,2020,551.53567470440044,489.40338079459673,1040.939055498998,41.256999999999998
E07000226,Crawley,2020,519.23693490061089,234.16470293619579,753.40163783680657,42.927
E07000227,Horsham,2020,685.53727726199531,275.45317281436797,960.99045007636403,50.189
E07000228,Mid Sussex,2020,794.14904205965172,212.52833752003059,1006.677379579683,56.552999999999997
E07000229,Worthing,2020,547.61011748198575,177.91904367690219,725.52916115888831,43.966000000000001
E07000234,Bromsgrove,2020,607.75860607513653,115.68332189089629,723.44192796603272,38.895000000000003
E07000235,Malvern Hills,2020,310.05998947028132,73.693160017248829,383.75314948752981,23.69
E07000236,Redditch,2020,446.84488684356012,194.87852261131869,641.72340945487929,36.090000000000003
E07000237,Worcester,2020,504.15527245467871,202.41815269074041,706.57342514541847,42.164000000000001
E07000238,Wychavon,2020,575.82958706418492,577.21922549420231,1153.048812558387,44.847000000000001
E07000239,Wyre Forest,2020,523.98785569172378,145.97977674965989,669.96763244138413,40.479999999999997
E07000240,St Albans,2020,954.06587346747096,282.70366702478537,1236.7695404922561,57.015000000000001
E07000241,Welwyn Hatfield,2020,644.53599827826508,291.78011505595418,936.3161133342204,44.311999999999998
E07000242,East Hertfordshire,2020,782.45713114905061,333.12972488891683,1115.586856037967,52.41
E07000243,Stevenage,2020,422.21660075636879,400.58640415285299,822.8030049092223,34.243000000000002
E07000244,East Suffolk,2020,1167.7717193816891,402.94828161404803,1570.7200009957389,91.173000000000002
E07000245,West Suffolk,2020,671.67003969617747,1509.765830975545,2181.435870671723,54.704000000000001
E08000001,Bolton,2020,1637.0684149522269,541.62769536006124,2178.696110312289,117.913
E08000002,Bury,2020,1145.9880538853611,382.16979247225458,1528.1578463576141,80.034000000000006
E08000003,Manchester,2020,2301.0668038184199,1660.805058050981,3961.8718618694038,185.232
E08000004,Oldham,2020,1280.2523966421729,486.31837613343941,1766.570772775611,92.66
E08000005,Rochdale,2020,1213.1417961566101,447.93475411763978,1661.0765502742511,91.114999999999995
E08000006,Salford,2020,1254.002196122236,716.63003252934357,1970.632228651579,98.518000000000001
E08000007,Stockport,2020,1840.1315642305999,627.51296993640585,2467.6445341670051,121.577
E08000008,Tameside,2020,1271.7210659937271,535.12030290805126,1806.8413689017791,98.858999999999995
E08000009,Trafford,2020,1443.5023751641199,1362.4870687616581,2805.9894439257769,92.93
E08000010,Wigan,2020,1756.8204139198101,867.97065796804736,2624.7910718878561,142.203
E08000011,Knowsley,2020,778.38854936722623,475.05215313392853,1253.440702501154,66.721999999999994
E08000012,Liverpool,2020,2433.769909385655,1667.0565247850429,4100.826434170699,199.10599999999999
E08000013,St. Helens,2020,1014.963625141758,1373.7989124233261,2388.7625375650832,81.997
E08000014,Sefton,2020,1655.385166642051,1236.2992626620489,2891.6844293040972,120.261
E08000015,Wirral,2020,1911.426558976365,934.67864113883707,2846.1052001152029,141.73099999999999
E08000017,Doncaster,2020,1782.8196957311641,1173.5090249231109,2956.328720654275,132.697
E08000018,Rotherham,2020,1545.2752186922619,1291.0563869730549,2836.3316056653161,115.005
E08000021,Newcastle upon Tyne,2020,1653.2324988091759,1107.328170195063,2760.56066900424,115.881
E08000022,North Tyneside,2020,1328.4114600141329,658.24252724253222,1986.6539872566659,95.697000000000003
E08000023,South Tyneside,2020,902.48051280851109,201.63949335704129,1104.1200061655529,70.174999999999997
E08000024,Sunderland,2020,1711.673257693772,764.77920500861171,2476.4524627023861,123.973
E08000025,Birmingham,2020,5769.7016727494611,3116.265295552128,8885.9669683016073,391.72
E08000026,Coventry,2020,1723.863394358691,887.83083613562746,2611.6942304943182,131.92099999999999
E08000027,Dudley,2020,1817.86085633368,565.88994583280407,2383.7508021664812,133.11099999999999
E08000028,Sandwell,2020,1683.707829364173,1006.443661609177,2690.1514909733501,126.03100000000001
E08000029,Solihull,2020,1316.076229924299,688.356092903275,2004.4323228275759,86.268000000000001
E08000030,Walsall,2020,1520.396809823244,567.52127489474015,2087.918084717985,108.952
E08000031,Wolverhampton,2020,1435.7897593853479,682.9302702481649,2118.7200296335118,101.413
E08000032,Bradford,2020,3182.6569312315219,1713.855643406572,4896.5125746380909,202.69499999999999
E08000033,Calderdale,2020,1340.312106957088,478.98791307466468,1819.300020031751,88.855000000000004
E08000034,Kirklees,2020,2689.0056855590501,1208.7968372968901,3897.8025228559341,177.947
E08000035,Leeds,2020,4512.8792572410739,2303.795224364746,6816.6744816058044,316.75200000000001
E08000036,Wakefield,2020,2014.566326470881,1553.3022275213871,3567.8685539922658,151.99799999999999
E08000037,Gateshead,2020,1226.7093684443989,678.39296063262577,1905.1023290770261,88.962000000000003
E08000038,Barnsley,2020,1434.441723965097,1095.1445045994551,2529.5862285645549,107.679
E08000039,Sheffield,2020,3178.787992853031,1632.6333747332731,4811.421367586302,224.315
E09000001,City of London,2020,28.184672043191391,731.02967602593696,759.21434806912816,3.0289999999999999
E09000002,Barking and Dagenham,2020,801.06157096074799,216.6594323319278,1017.721003292676,65.864000000000004
E09000003,Barnet,2020,2263.2133702986762,633.9538369467233,2897.1672072453971,130.17099999999999
E09000004,Bexley,2020,1275.752834739231,638.08445218326483,1913.8372869224991,90.328000000000003
E09000005,Brent,2020,1588.5168290283759,651.41821663037456,2239.935045658749,102.887
E09000006,Bromley,2020,2114.095182342106,368.95506212024952,2483.050244462353,131.89599999999999
E09000007,Camden,2020,973.31109148748305,1474.235726841009,2447.5468183284911,78.995000000000005
E09000008,Croydon,2020,2143.2448704438939,494.21316306910933,2637.4580335129949,142.62100000000001
E09000009,Ealing,2020,1731.006284713251,630.07785990724392,2361.084144620494,119.871
E09000010,Enfield,2020,1649.1152314609451,556.23773528009508,2205.3529667410389,109.318
E09000011,Greenwich,2020,1187.7790613949051,524.27762182185722,1712.056683216764,93.036000000000001
E09000012,Hackney,2020,1016.02138410088,374.8487599418745,1390.870144042754,91.376000000000005
E09000013,Hammersmith and Fulham,2020,907.89316197046708,575.42120896908682,1483.3143709395549,74.769000000000005
E09000014,Haringey,2020,1313.5207664482191,384.47182888814609,1697.992595336367,95.855000000000004
E09000015,Harrow,2020,1483.393466301452,250.19914714426261,1733.5926134457111,84.638999999999996
E09000016,Havering,2020,1413.895533355864,249.08761614514569,1662.9831495010069,98.242999999999995
E09000017,Hillingdon,2020,1505.9484018270659,686.56596235950417,2192.5143641865702,100.301
E09000018,Hounslow,2020,1219.6635712102479,550.75051781366585,1770.4140890239189,85.316000000000003
E09000019,Islington,2020,929.28828557110455,627.18722078104133,1556.475506352147,86.721999999999994
E09000020,Kensington and Chelsea,2020,878.23904967683234,823.36432747411914,1701.603377150954,69.063000000000002
E09000021,Kingston upon Thames,2020,922.32226609012423,244.87459488463259,1167.1968609747571,61.088999999999999
E09000022,Lambeth,2020,1443.8930234583961,837.22852796621089,2281.1215514246101,120.06699999999999
E09000023,Lewisham,2020,1387.023759497733,350.71933032370907,1737.743089821442,109.636
E09000024,Merton,2020,1115.712393655406,276.33253598489131,1392.044929640296,77.671000000000006
E09000025,Newham,2020,1137.8471957135439,985.03312841982699,2122.880324133374,92.759
E09000026,Redbridge,2020,1513.905540710588,244.89309019306529,1758.7986309036539,95.385999999999996
E09000027,Richmond upon Thames,2020,1229.897739582862,279.75569798848721,1509.653437571347,78.704999999999998
E09000028,Southwark,2020,1077.216232939121,954.04009998475942,2031.2563329238801,100.732
E09000029,Sutton,2020,1076.38021439148,302.45193557199838,1378.8321499634769,72.778999999999996
E09000030,Tower Hamlets,2020,723.68191450573056,810.999268086592,1534.681182592323,76.783000000000001
E09000031,Waltham Forest,2020,1249.3886386716611,274.66556211231961,1524.054200783984,93.543000000000006
E09000032,Wandsworth,2020,1578.12290093663,677.6592274688511,2255.7821284054789,120.786
E09000033,Westminster,2020,978.19730277803762,2214.0208073536019,3192.2181101316401,87.945999999999998
S12000005,Clackmannanshire,2020,311.74057312428693,822.95985509573461,1134.7004282200221,23.486999999999998
S12000006,Dumfries and Galloway,2020,638.85528345288662,562.00085507424433,1200.8561385271321,45.561
S12000008,East Ayrshire,2020,773.54695839590613,306.31096529599301,1079.857923691899,54.951000000000001
S12000010,East Lothian,2020,594.69082768073667,247.16618433043311,841.85701201116967,43.465000000000003
S12000011,East Renfrewshire,2020,675.77365473852876,115.3758875871635,791.14954232569232,37.036999999999999
S12000013,Na h-Eileanan Siar,2020,20.1502190842874,4.592569114599887,24.74278819888729,1.7150000000000001
S12000014,Falkirk,2020,951.79078788789468,637.35069911783671,1589.141487005732,68.42
S12000017,Highland,2020,642.24826523203262,523.48034165710953,1165.7286068891431,46.042000000000002
S12000018,Inverclyde,2020,489.84789583866149,305.98802981564842,795.83592565431013,35.000999999999998
S12000019,Midlothian,2020,535.78452705932955,157.34534289422621,693.12986995355539,39.606999999999999
S12000020,Moray,2020,459.05867360130662,1174.548566869219,1633.607240470526,31.998999999999999
S12000021,North Ayrshire,2020,793.20719793957994,1062.2820568533721,1855.4892547929519,60.100999999999999
S12000023,Orkney Islands,2020,0,0,0,0
S12000026,Scottish Borders,2020,541.35101385983864,261.92501669174771,803.27603055158613,38.515999999999998
S12000027,Shetland Islands,2020,0,0,0,0
S12000028,South Ayrshire,2020,699.58224609521676,582.12863359292294,1281.7108796881389,47.887
S12000029,South Lanarkshire,2020,1960.4461327166371,589.68664825131748,2550.1327809679501,132.077
S12000030,Stirling,2020,514.02960741649497,755.15366302526502,1269.18327044176,33.497999999999998
S12000033,Aberdeen City,2020,1385.807857002726,960.11683272674134,2345.9246897294688,102.81399999999999
S12000034,Aberdeenshire,2020,1094.615353734413,384.95683700184298,1479.5721907362561,69.522000000000006
S12000035,Argyll and Bute,2020,328.84123739842522,136.2668329931536,465.10807039157879,21.001000000000001
S12000036,City of Edinburgh,2020,2907.233235657357,1766.9387395333249,4674.171975190694,225.98699999999999
S12000038,Renfrewshire,2020,1085.3321655751879,527.33430437225081,1612.6664699474411,82.376999999999995
S12000039,West Dunbartonshire,2020,508.10425250547479,255.29727416738919,763.40152667286441,42.158000000000001
S12000040,West Lothian,2020,1112.88028662034,689.17202245104454,1802.0523090713859,77.792000000000002
S12000041,Angus,2020,598.64772861127972,355.26385511312122,953.91158372440282,42.182000000000002
S12000042,Dundee City,2020,798.53329751053332,904.20391331324674,1702.7372108237821,62.311
S12000045,East Dunbartonshire,2020,789.78087491209146,148.78444582313179,938.56532073522362,45.423999999999999
S12000047,Fife,2020,2350.7443595431432,1730.990062303938,4081.734421847088,167.059
S12000048,Perth and Kinross,2020,733.67830446136929,304.78626637331882,1038.4645708346909,49.753
S12000049,Glasgow City,2020,3036.4643263907878,2225.1028928453979,5261.5672192362017,262.697
S12000050,North Lanarkshire,2020,2058.0438892015518,958.44400105637953,3016.4878902579371,147.54300000000001
W06000001,Isle of Anglesey / Ynys Môn,2020,193.08626112879529,118.0067704440586,311.09303157285399,16.544
W06000002,Gwynedd / Gwynedd,2020,367.7362593407239,174.83573177016589,542.57199111089017,31.088999999999999
W06000003,Conwy / Conwy,2020,583.3386485838206,125.11256103233541,708.45120961615521,46.811
W06000004,Denbighshire / Sir Ddinbych,2020,425.09920242066119,155.13140688123289,580.23060930189376,34.326000000000001
W06000005,Flintshire / Sir y Fflint,2020,714.4931137838405,888.83965124383622,1603.332765027679,57.706000000000003
W06000006,Wrexham / Wrecsam,2020,627.59160616823726,1482.731267271419,2110.3228734396571,51.62
W06000008,Ceredigion / Ceredigion,2020,112.5462213797047,71.848062305545866,184.39428368525051,9.0809999999999995
W06000009,Pembrokeshire / Sir Benfro,2020,423.27674417264171,132.33263293856049,555.60937711120198,36.148000000000003
W06000010,Carmarthenshire / Sir Gaerfyrddin,2020,691.47892323209783,346.28512525374828,1037.7640484858471,53.478999999999999
W06000011,Swansea / Abertawe,2020,1335.585331260992,809.78821607702309,2145.3735473380161,102.285
W06000012,Neath Port Talbot / Castell-nedd Port Talbot,2020,788.37749744126086,385.67430440470338,1174.0518018459641,61.622
W06000013,Bridgend / Pen-y-bont ar Ogwr,2020,814.75406191394279,582.51697391342123,1397.2710358273639,62.939
W06000014,Vale of Glamorgan / Bro Morgannwg,2020,696.47893444570502,269.57950609850468,966.0584405442097,54.427999999999997
W06000015,Cardiff / Caerdydd,2020,1762.0476915328391,1120.197588847662,2882.2452803805008,140.82
W06000016,Rhondda Cynon Taf / Rhondda Cynon Taf,2020,1436.472861164304,574.05576774508711,2010.5286289093899,106.69499999999999
W06000018,Caerphilly / Caerffili,2020,1043.8972350096319,294.8432483760443,1338.7404833856749,77.757000000000005
W06000019,Blaenau Gwent / Blaenau Gwent,2020,446.00814195152788,317.13664425249641,763.14478620402417,31.838000000000001
W06000020,Torfaen / Torfaen,2020,512.88807413208633,358.15735640059222,871.04543053267832,41.439
W06000021,Monmouthshire / Sir Fynwy,2020,416.24566270805889,262.02256260897741,678.26822531703613,32.113
W06000022,Newport / Casnewydd,2020,790.01416652193029,984.15652021949177,1774.170686741423,64.600999999999999
W06000023,Powys / Powys,2020,356.53092610990637,152.63408911413021,509.16501522403752,29.215
W06000024,Merthyr Tydfil / Merthyr Tudful,2020,374.50371693333398,194.4689316909373,568.97264862427141,26.527000000000001
E06000001,Hartlepool,2021,525.94431083248514,508.11618923394991,1034.0605000664359,42.954000000000001
E06000002,Middlesbrough,2021,770.85804671134542,302.52949556168818,1073.3875422730321,62.084000000000003
E06000003,Redcar and Cleveland,2021,763.65752563731257,995.94133133926448,1759.5988569765771,62.220999999999997
E06000004,Stockton-on-Tees,2021,1080.502109741599,1014.147508448759,2094.649618190359,85.603999999999999
E06000005,Darlington,2021,638.08461852578785,467.46441349975242,1105.549032025539,48.99
E06000006,Halton,2021,619.17132233707628,575.51134076824746,1194.682663105322,56.036999999999999
E06000007,Warrington,2021,1112.6438027152581,1282.516994487235,2395.1607972024922,90.521000000000001
E06000008,Blackburn with Darwen,2021,824.80412226187138,479.47596067058009,1304.2800829324519,59.869
E06000009,Blackpool,2021,777.11962862830114,423.81082785229438,1200.930456480595,63.805
E06000010,"Kingston upon Hull, City of",2021,1315.7155250391261,944.11345522750889,2259.8289802666391,115.554
E06000011,East Riding of Yorkshire,2021,1844.558953257728,1364.9246608801991,3209.4836141379251,138.791
E06000012,North East Lincolnshire,2021,858.24850993358939,982.34241756739198,1840.5909275009819,70.849999999999994
E06000013,North Lincolnshire,2021,890.92696575731611,521.56046820227937,1412.487433959597,68.917000000000002
E06000014,York,2021,1067.864933883754,643.91768938012228,1711.782623263877,81.277000000000001
E06000015,Derby,2021,1323.1131558484281,696.08619290375475,2019.1993487521841,105.828
E06000016,Leicester,2021,1685.570437556803,1279.451063783579,2965.021501340384,120.96
E06000017,Rutland,2021,211.7592661861494,92.764229449061233,304.52349563521079,14.407
E06000018,Nottingham,2021,1475.998082415925,968.72678735490558,2444.724869770831,118.407
E06000019,"Herefordshire, County of",2021,624.57893143341312,469.66229423333061,1094.2412256667419,54.588999999999999
E06000020,Telford and Wrekin,2021,888.40650595415059,520.03584193915844,1408.4423478933099,76.822000000000003
E06000021,Stoke-on-Trent,2021,1406.092958801841,897.74552134764326,2303.8384801494831,111.65
E06000022,Bath and North East Somerset,2021,905.27264835080075,323.0356970350972,1228.3083453858981,71.524000000000001
E06000023,"Bristol, City of",2021,1955.4427759635939,908.88566609520308,2864.328442058797,174.54499999999999
E06000024,North Somerset,2021,995.70924768650207,659.4060567122018,1655.115304398704,86.436000000000007
E06000025,South Gloucestershire,2021,1200.306231455022,564.97731283742951,1765.2835442924479,108.071
E06000026,Plymouth,2021,1028.2947774718709,519.77143520575476,1548.066212677624,111.572
E06000027,Torbay,2021,623.92203054063111,280.97155527130428,904.89358581193608,57.412999999999997
E06000030,Swindon,2021,1052.475915102194,420.73298064043951,1473.208895742632,89.927999999999997
E06000031,Peterborough,2021,939.8104346584737,423.9196335356412,1363.7300681941149,80
E06000032,Luton,2021,1006.4539278661269,365.44705399601122,1371.90098186214,72.212999999999994
E06000033,Southend-on-Sea,2021,1012.8476157942511,199.0488525967244,1211.896468390976,73.888999999999996
E06000034,Thurrock,2021,723.18087752768906,734.06835912429551,1457.2492366519859,60.213999999999999
E06000035,Medway,2021,1281.927854499939,413.67616829075092,1695.604022790691,109.575
E06000036,Bracknell Forest,2021,609.74943118767737,294.33278493229011,904.08221611996748,47.246000000000002
E06000037,West Berkshire,2021,646.8915743428164,370.9408595495949,1017.832433892411,48.286000000000001
E06000038,Reading,2021,763.50873875372633,373.03219637312378,1136.540935126849,59.877000000000002
E06000039,Slough,2021,599.51101625862168,270.19903170718288,869.71004796580371,46.472000000000001
E06000040,Windsor and Maidenhead,2021,894.63305408143617,294.84937022466988,1189.482424306108,56.831000000000003
E06000041,Wokingham,2021,978.11086442509418,207.13993475430021,1185.2507991793959,66.744
E06000042,Milton Keynes,2021,1329.302914826513,696.1033585318645,2025.4062733583769,109.164
E06000043,Brighton and Hove,2021,1278.228356619202,411.21017066708862,1689.4385272862901,110.907
E06000044,Portsmouth,2021,833.3365395222736,555.34166494496526,1388.6782044672379,79.896000000000001
E06000045,Southampton,2021,884.83108354076194,511.17265747173047,1396.003741012493,81.56
E06000046,Isle of Wight,2021,635.80198080695868,452.80765970450409,1088.6096405114611,58.854999999999997
E06000047,County Durham,2021,3070.14851820374,1163.0031886854381,4233.1517068891753,233.59800000000001
E06000049,Cheshire East,2021,2229.6726397605321,1699.67897177487,3929.3516115353968,162.203
E06000050,Cheshire West and Chester,2021,1769.1093509043319,850.83916277019978,2619.9485136745261,144.821
E06000051,Shropshire,2021,1167.4756845838069,818.99300572817845,1986.4686903119859,98.534000000000006
E06000052,Cornwall,2021,1444.9324109652559,986.41379636751208,2431.346207332766,147.52000000000001
E06000053,Isles of Scilly,2021,0,0,0,0
E06000054,Wiltshire,2021,1870.0192439853529,1177.9707169287269,3047.9899609140848,158.94300000000001
E06000055,Bedford,2021,836.14795332942481,395.60675617865832,1231.754709508084,66.034999999999997
E06000056,Central Bedfordshire,2021,1435.5462430622979,505.77574091458769,1941.321983976884,113.779
E06000057,Northumberland,2021,1730.389290845716,970.832027275315,2701.2213181210318,128.85900000000001
E06000058,"Bournemouth, Christchurch and Poole",2021,1900.799637191009,595.47755793384101,2496.277195124856,162.072
E06000059,Dorset,2021,1627.1511162050861,649.68018887253697,2276.8313050776251,140.38800000000001
E06000060,Buckinghamshire,2021,3038.5979433475609,878.21805559126756,3916.815998938835,195.26400000000001
E06000061,North Northamptonshire,2021,1795.319510180974,985.06522713668699,2780.38473731766,143.83500000000001
E06000062,West Northamptonshire,2021,1965.0559695303521,917.43061610863504,2882.486585638992,154.392
E06000063,Cumberland,2021,1488.030636429261,1264.9830523085509,2753.0136887378139,114.816
E06000064,Westmorland and Furness,2021,1096.006555973898,1400.5789880494381,2496.5855440233322,86.578999999999994
E06000065,North Yorkshire,2021,2975.812982620173,3299.027793617222,6274.840776237379,221.70400000000001
E06000066,Somerset,2021,1997.5623212675359,1129.05125917033,3126.6135804378619,186.57300000000001
E07000008,Cambridge,2021,604.94040151333877,556.0121464828685,1160.952547996209,48.295999999999999
E07000009,East Cambridgeshire,2021,344.56832706340509,96.939295546746848,441.50762261015223,27.5
E07000010,Fenland,2021,438.23854591277609,670.46241620045589,1108.700962113232,35.741
E07000011,Huntingdonshire,2021,826.62572481063091,266.45581637767299,1093.0815411883041,67.367999999999995
E07000012,South Cambridgeshire,2021,666.85785722654657,493.02838686430118,1159.886244090847,50.976999999999997
E07000032,Amber Valley,2021,737.31262223495651,569.11145623369362,1306.4240784686499,55.737000000000002
E07000033,Bolsover,2021,455.53236536115918,280.24350949450411,735.77587485566335,35.945999999999998
E07000034,Chesterfield,2021,591.62968196694328,360.56725871498202,952.19694068192496,48.698
E07000035,Derbyshire Dales,2021,408.37971578928409,329.65844792077718,738.03816371006189,27.545999999999999
E07000036,Erewash,2021,632.59734872236959,289.36655046978098,921.96389919215108,50.427
E07000037,High Peak,2021,567.46646331768773,1161.6977374903331,1729.16420080802,40.112000000000002
E07000038,North East Derbyshire,2021,612.09948563879391,158.6422531748787,770.74173881367392,45.433999999999997
E07000039,South Derbyshire,2021,542.19783038335311,388.25406181887729,930.45189220222971,43.939
E07000040,East Devon,2021,569.29918365669755,147.3485831131546,716.64776676985184,50.744
E07000041,Exeter,2021,489.06641354942491,356.87474870336479,845.9411622527906,49.064999999999998
E07000042,Mid Devon,2021,224.1303792031236,184.73062434181699,408.86100354494039,22.044
E07000043,North Devon,2021,366.27100836152948,148.49350524538809,514.7645136069176,33.970999999999997
E07000044,South Hams,2021,307.92389901143372,217.6620505496162,525.58594956105003,28.013000000000002
E07000045,Teignbridge,2021,519.33480554772109,164.9093349525086,684.24414050023029,49.158999999999999
E07000046,Torridge,2021,170.69410202848121,32.066265530016487,202.76036755849779,16.957000000000001
E07000047,West Devon,2021,169.61677255955939,180.9415848847633,350.55835744432278,14.582000000000001
E07000061,Eastbourne,2021,457.26453485865352,205.3059883496816,662.570523208336,41.796999999999997
E07000062,Hastings,2021,433.58154475700718,99.480420453495668,533.06196521050344,38.207000000000001
E07000063,Lewes,2021,464.08864195709322,97.911543507772151,562.00018546486547,38.357999999999997
E07000064,Rother,2021,463.20818382450233,488.02864363391097,951.23682745841336,34.795000000000002
E07000065,Wealden,2021,723.30309566406015,116.78030423743201,840.08339990149125,53.954999999999998
E07000066,Basildon,2021,880.96967037640241,376.13438830461632,1257.10405868102,71.694000000000003
E07000067,Braintree,2021,640.6727374093349,190.2118437020975,830.88458111143257,51.475999999999999
E07000068,Brentwood,2021,490.23053638690538,102.61541265361831,592.84594904052437,31.039000000000001
E07000069,Castle Point,2021,504.87322236651443,106.52718861594509,611.40041098245956,35.805
E07000070,Chelmsford,2021,849.0388446580323,224.61127884629289,1073.650123504324,64.691000000000003
E07000071,Colchester,2021,832.41739357463985,267.69544779363662,1100.1128413682779,67.718999999999994
E07000072,Epping Forest,2021,750.6615831372261,356.15404976152843,1106.815632898755,49.085999999999999
E07000073,Harlow,2021,415.61260506112211,327.49699241355069,743.10959747467336,36.869
E07000074,Maldon,2021,234.76984811082761,108.1783763098137,342.94822442064151,18.483000000000001
E07000075,Rochford,2021,479.36034954741137,60.299267453130717,539.65961700054208,34.006
E07000076,Tendring,2021,732.14657047548269,214.2568415620357,946.4034120375178,59.792999999999999
E07000077,Uttlesford,2021,395.4261086415496,119.317079902581,514.74318854413104,27.395
E07000078,Cheltenham,2021,608.47282822633122,258.63424006062633,867.10706828695811,51.106999999999999
E07000079,Cotswold,2021,385.9805637736531,141.73521333525011,527.71577710890313,28.684999999999999
E07000080,Forest of Dean,2021,278.77471386692639,362.78141442521371,641.5561282921401,23.878
E07000081,Gloucester,2021,590.77400672943043,455.28547263572813,1046.059479365158,53.604999999999997
E07000082,Stroud,2021,576.79108359633767,350.75218942894941,927.54327302528691,45.920999999999999
E07000083,Tewkesbury,2021,429.96976169571673,301.86179298645408,731.8315546821708,37.939
E07000084,Basingstoke and Deane,2021,794.28939228659965,377.35432561660463,1171.6437179032041,65.992999999999995
E07000085,East Hampshire,2021,630.26293456164785,107.9897887903321,738.25272335198053,45.792000000000002
E07000086,Eastleigh,2021,632.15821991013365,198.85845265752599,831.01667256765984,55.421999999999997
E07000087,Fareham,2021,552.94785681702547,188.24113311050439,741.18898992752997,47.027999999999999
E07000088,Gosport,2021,326.06557775748593,90.624226932074009,416.68980468955942,32.612000000000002
E07000089,Hart,2021,577.85237695768376,115.4621123091722,693.31448926685516,37.911999999999999
E07000090,Havant,2021,601.52184195153188,88.965808348990876,690.4876503005222,52.719000000000001
E07000091,New Forest,2021,890.91400026442204,232.9129508456524,1123.826951110075,71.227999999999994
E07000092,Rushmoor,2021,458.25145130500232,239.12903807314149,697.38048937814381,37.22
E07000093,Test Valley,2021,491.73310828905937,290.34631484990001,782.07942313895853,42.87
E07000094,Winchester,2021,578.70947285342231,199.28965647870791,777.99912933213011,44.006999999999998
E07000095,Broxbourne,2021,485.73037260826169,92.401382800788966,578.13175540905081,36.731999999999999
E07000096,Dacorum,2021,839.22988618710497,264.54357502462051,1103.773461211726,59.606000000000002
E07000098,Hertsmere,2021,646.16998948683749,253.78809303741579,899.95808252425547,41.253
E07000099,North Hertfordshire,2021,666.22955229213039,290.08962031788349,956.31917261001377,49.142000000000003
E07000102,Three Rivers,2021,580.24975733381279,142.4354649973202,722.68522233113106,35.411999999999999
E07000103,Watford,2021,486.24352064585759,147.59084655624201,633.83436720209909,35.101999999999997
E07000105,Ashford,2021,519.76188066910095,215.89784330002971,735.65972396913128,44.045999999999999
E07000106,Canterbury,2021,763.94794155789918,292.23233246526638,1056.1802740231651,60.646000000000001
E07000107,Dartford,2021,536.78538107753161,242.4279246931867,779.21330577071694,44.359000000000002
E07000108,Dover,2021,545.20579514630049,232.16558018142501,777.37137532772522,48.015000000000001
E07000109,Gravesham,2021,505.30594861423782,225.04951856484749,730.35546717908483,40.317999999999998
E07000110,Maidstone,2021,808.06522050188596,232.25199087735379,1040.31721137924,65.173000000000002
E07000111,Sevenoaks,2021,661.15367494188092,121.0098657105614,782.16354065244207,42.31
E07000112,Folkestone and Hythe,2021,507.73408838399058,135.78654431564021,643.52063269963048,43.692999999999998
E07000113,Swale,2021,665.61495959991305,649.07408912716505,1314.6890487270789,57.869
E07000114,Thanet,2021,703.80331928618534,573.08495786592732,1276.8882771521121,61.215000000000003
E07000115,Tonbridge and Malling,2021,652.90114112592471,256.54128118224992,909.44242230817383,49.902000000000001
E07000116,Tunbridge Wells,2021,582.45686617928675,145.02822378947539,727.48508996876092,39.963000000000001
E07000117,Burnley,2021,519.84013492706333,272.86748094265232,792.70761586971548,40.765999999999998
E07000118,Chorley,2021,625.0160805761011,311.65298673477901,936.6690673108817,49.191000000000003
E07000119,Fylde,2021,488.25714397181088,160.90874275190319,649.16588672371324,35.857999999999997
E07000120,Hyndburn,2021,467.63165389429639,386.47738804862411,854.10904194291993,36.179000000000002
E07000121,Lancaster,2021,705.86268374875749,450.93797180165387,1156.800655550411,56.448999999999998
E07000122,Pendle,2021,540.21325893535277,221.4003610840528,761.61362001940563,39.299999999999997
E07000123,Preston,2021,751.65149541424523,452.19497665145809,1203.8464720657021,59.13
E07000124,Ribble Valley,2021,338.08339369670313,219.33126824817759,557.41466194488078,23.952000000000002
E07000125,Rossendale,2021,443.28946599204318,265.78836917010881,709.07783516215181,30.946000000000002
E07000126,South Ribble,2021,605.32433326455009,326.44232422019547,931.76665748474477,48.915999999999997
E07000127,West Lancashire,2021,603.06295781387337,774.61539607534485,1377.6783538892189,45.323999999999998
E07000128,Wyre,2021,619.49334777480556,483.0505078395442,1102.543855614349,48.457000000000001
E07000129,Blaby,2021,569.11573985437053,157.8648905936162,726.98063044798675,42.537999999999997
E07000130,Charnwood,2021,968.05150685654871,608.86186368765073,1576.9133705442,74.093000000000004
E07000131,Harborough,2021,519.0342831104108,127.9880184161062,647.0223015265168,36.530999999999999
E07000132,Hinckley and Bosworth,2021,607.76833056365024,295.52961892493357,903.29794948858421,46.957000000000001
E07000133,Melton,2021,258.67732104227321,207.6319312572368,466.30925229950992,19.565999999999999
E07000134,North West Leicestershire,2021,553.50314700465333,690.28925065633109,1243.7923976609841,41.805999999999997
E07000135,Oadby and Wigston,2021,336.18351076685741,100.3025293338265,436.48604010068408,23.440999999999999
E07000136,Boston,2021,294.23643298811038,71.963659200354158,366.20009218846468,23.963999999999999
E07000137,East Lindsey,2021,516.42422289670787,177.04514214999011,693.46936504669804,42.244999999999997
E07000138,Lincoln,2021,479.14037305706341,322.99655277061203,802.13692582767544,41.805
E07000139,North Kesteven,2021,497.27750416948498,162.35790907551589,659.63541324500125,40.582000000000001
E07000140,South Holland,2021,391.20669136545968,202.90114464653271,594.10783601199262,31.382000000000001
E07000141,South Kesteven,2021,634.66748098720757,272.10397400173628,906.77145498894356,51.332999999999998
E07000142,West Lindsey,2021,439.43669046185357,164.64477446780961,604.08146492966364,34.052
E07000143,Breckland,2021,405.7804811343467,177.23144582584291,583.01192696018927,35.823
E07000144,Broadland,2021,582.66104519780595,218.13755206528811,800.79859726309439,46.975999999999999
E07000145,Great Yarmouth,2021,370.11006790993378,158.24808477537661,528.35815268531019,34.316000000000003
E07000146,King's Lynn and West Norfolk,2021,448.00328120051182,262.41988046258592,710.42316166309718,37.56
E07000147,North Norfolk,2021,334.2447116729744,200.0209671522679,534.26567882524239,28.213000000000001
E07000148,Norwich,2021,638.76291981642714,467.44439352238942,1106.2073133388169,59.191000000000003
E07000149,South Norfolk,2021,432.53921523338693,230.9126998120658,663.45191504545255,36.999000000000002
E07000170,Ashfield,2021,707.54562313806866,284.07557325624691,991.62119639431455,55.015999999999998
E07000171,Bassetlaw,2021,569.26159267232754,387.06803310995878,956.32962578228614,45.113
E07000172,Broxtowe,2021,650.04628625068881,494.54288270539718,1144.5891689560849,49.082000000000001
E07000173,Gedling,2021,704.0394793565132,435.27736360996312,1139.316842966475,50.808
E07000174,Mansfield,2021,654.70542534105243,236.44289477397891,891.14832011503074,49.26
E07000175,Newark and Sherwood,2021,635.08892754745682,773.42037775428912,1408.5093053017461,48.573999999999998
E07000176,Rushcliffe,2021,716.99213936322019,588.98440527894809,1305.976544642167,48.817999999999998
E07000177,Cherwell,2021,644.02143679908716,666.36879269333667,1310.3902294924251,53.154000000000003
E07000178,Oxford,2021,698.6730359843632,807.52455335169259,1506.1975893360559,52.438000000000002
E07000179,South Oxfordshire,2021,730.0135132592676,235.37086662448189,965.38437988374915,52.753999999999998
E07000180,Vale of White Horse,2021,665.83176016623736,274.91767028980189,940.74943045603993,51.631999999999998
E07000181,West Oxfordshire,2021,515.38867757280013,164.9397975830158,680.32847515581636,39.075000000000003
E07000192,Cannock Chase,2021,554.11903945080235,143.02964138565471,697.14868083645729,43.265000000000001
E07000193,East Staffordshire,2021,602.41475669370129,517.2431007716491,1119.6578574653499,47.518000000000001
E07000194,Lichfield,2021,599.08139166957801,289.16251829497207,888.24390996455043,42.896999999999998
E07000195,Newcastle-under-Lyme,2021,703.94408265940729,498.60660957750258,1202.5506922369109,52.125
E07000196,South Staffordshire,2021,597.30188017545072,412.44152326708848,1009.743403442539,42.857999999999997
E07000197,Stafford,2021,697.8574986663001,239.16360363571059,937.02110230201083,52.99
E07000198,Staffordshire Moorlands,2021,522.76941885406643,456.05850034193543,978.82791919600197,36.814
E07000199,Tamworth,2021,387.9597015321649,87.214518595424295,475.17422012758931,32.554000000000002
E07000200,Babergh,2021,331.05686415319542,193.93661861764519,524.9934827708405,26.901
E07000202,Ipswich,2021,608.75363054978459,174.83166180250731,783.58529235229196,52.844000000000001
E07000203,Mid Suffolk,2021,247.83157993333131,186.70604187851811,434.53762181184919,22.641999999999999
E07000207,Elmbridge,2021,957.33465235149595,292.52440452832712,1249.859056879822,54.13
E07000208,Epsom and Ewell,2021,481.51534651693697,98.760759258878892,580.27610577581572,30.05
E07000209,Guildford,2021,817.71816745990111,278.01042633667271,1095.7285937965751,53.16
E07000210,Mole Valley,2021,570.40949522148617,259.60647738273599,830.01597260422272,34.008000000000003
E07000211,Reigate and Banstead,2021,905.87253063962248,216.2755254087723,1122.148056048396,58.054000000000002
E07000212,Runnymede,2021,469.62944223200441,234.68307401810691,704.31251625011168,31.905000000000001
E07000213,Spelthorne,2021,527.42919324793559,137.5952953753611,665.02448862329652,38.466999999999999
E07000214,Surrey Heath,2021,569.1924393520917,157.27160236261309,726.46404171470454,34.991
E07000215,Tandridge,2021,549.52488988185416,110.49260994700779,660.01749982886338,32.722999999999999
E07000216,Waverley,2021,807.70640903091714,198.87780501427179,1006.584214045188,49.034999999999997
E07000217,Woking,2021,556.70795986048904,139.554573629506,696.26253348999592,36.32
E07000218,North Warwickshire,2021,336.22314001199709,392.76482756743252,728.98796757942955,25.654
E07000219,Nuneaton and Bedworth,2021,689.44629859530517,212.0625001118797,901.50879870718495,56.05
E07000220,Rugby,2021,588.79014000647135,473.22554498317697,1062.015684989648,44.926000000000002
E07000221,Stratford-on-Avon,2021,568.00478488917122,189.14229673979381,757.14708162896522,44.246000000000002
E07000222,Warwick,2021,760.00667806582203,270.69564694235618,1030.702325008177,57.607999999999997
E07000223,Adur,2021,286.08156591934568,66.915306788208454,352.99687270755402,26.099
E07000224,Arun,2021,814.87694439463985,217.27136316217261,1032.1483075568131,67.603999999999999
E07000225,Chichester,2021,528.94519256290971,390.61204842567622,919.55724098858525,42.042000000000002
E07000226,Crawley,2021,500.73812274774792,221.016159799083,721.75428254683106,43.107999999999997
E07000227,Horsham,2021,654.68732349508707,267.00568757388407,921.6930110689716,50.56
E07000228,Mid Sussex,2021,769.80487249559178,221.79803921592449,991.60291171151516,57.741999999999997
E07000229,Worthing,2021,510.05835409651593,172.0321829192346,682.0905370157501,44.03
E07000234,Bromsgrove,2021,576.03241598221405,116.6226175739414,692.65503355615499,39.021999999999998
E07000235,Malvern Hills,2021,296.53673327031521,74.725101803238431,371.26183507355393,23.981999999999999
E07000236,Redditch,2021,423.89456792551022,203.98240032210549,627.87696824761645,36.140999999999998
E07000237,Worcester,2021,479.46757414919142,213.25205853613971,692.71963268533125,42.328000000000003
E07000238,Wychavon,2021,546.02938694991576,683.54888067214222,1229.578267622057,45.692
E07000239,Wyre Forest,2021,496.4177055084416,145.46557106498611,641.88327657342768,40.915999999999997
E07000240,St Albans,2021,907.78413817603644,296.4984268164265,1204.2825649924609,57.279000000000003
E07000241,Welwyn Hatfield,2021,618.17155238341786,295.61526190840249,913.78681429182132,44.459000000000003
E07000242,East Hertfordshire,2021,749.00640055884026,319.88883134272538,1068.895231901565,53.182000000000002
E07000243,Stevenage,2021,402.22586101538423,354.1161773890579,756.34203840444184,34.380000000000003
E07000244,East Suffolk,2021,1095.5516196208409,445.86245271566918,1541.4140723365131,91.888999999999996
E07000245,West Suffolk,2021,642.39243894824733,1568.2941514059021,2210.6865903541488,55.488999999999997
E08000001,Bolton,2021,1568.568632332679,530.89674512430361,2099.4653774569811,118.545
E08000002,Bury,2021,1092.1067785437299,416.77471284712522,1508.8814913908529,80.233000000000004
E08000003,Manchester,2021,2225.168898427994,1595.2409995589039,3820.40989798689,185.62
E08000004,Oldham,2021,1229.1150112156561,597.46238236945555,1826.5773935851121,93.01
E08000005,Rochdale,2021,1165.9004178011201,442.21246872041718,1608.1128865215369,91.614999999999995
E08000006,Salford,2021,1202.7366031275651,746.79300117695936,1949.5296043045259,98.956000000000003
E08000007,Stockport,2021,1737.509470122234,577.98299849468367,2315.4924686169211,121.922
E08000008,Tameside,2021,1209.9091757733049,534.8996842875124,1744.808860060816,99.305999999999997
E08000009,Trafford,2021,1367.5417481084719,1776.1042135188959,3143.645961627366,93.269000000000005
E08000010,Wigan,2021,1659.9564512316911,801.43832108038794,2461.394772312075,143.572
E08000011,Knowsley,2021,732.62482791860862,678.46877304807003,1411.0936009666791,67.186000000000007
E08000012,Liverpool,2021,2301.0786286172588,1670.090397326268,3971.1690259435309,199.797
E08000013,St. Helens,2021,949.93954534255431,1218.4619926188111,2168.4015379613652,82.192999999999998
E08000014,Sefton,2021,1547.319926331525,1249.9625919170589,2797.2825182485799,120.99
E08000015,Wirral,2021,1787.9424636068029,893.98667091856748,2681.92913452537,142.346
E08000017,Doncaster,2021,1686.5158193195159,1251.573918642493,2938.0897379620069,134.142
E08000018,Rotherham,2021,1453.738800407601,1090.1580171723249,2543.8968175799268,115.883
E08000021,Newcastle upon Tyne,2021,1595.7702990975461,1119.7935561046561,2715.5638552022028,116.964
E08000022,North Tyneside,2021,1259.298180443707,633.44508551402191,1892.743265957731,96.156000000000006
E08000023,South Tyneside,2021,859.47963442987168,201.4624033942743,1060.9420378241471,70.361000000000004
E08000024,Sunderland,2021,1626.2085787805549,780.9562291331431,2407.164807913698,124.944
E08000025,Birmingham,2021,5598.7920514225798,3083.4190399462741,8682.2110913688648,392.25599999999997
E08000026,Coventry,2021,1666.72148162034,911.50653912040286,2578.2280207407421,132.4
E08000027,Dudley,2021,1722.957181753545,585.61365010464715,2308.5708318581919,133.547
E08000028,Sandwell,2021,1631.4915085214211,969.28974759874689,2600.7812561201672,126.464
E08000029,Solihull,2021,1257.7067399003811,637.27333337459925,1894.9800732749791,86.688999999999993
E08000030,Walsall,2021,1467.5343712294371,561.94170112524284,2029.476072354684,109.264
E08000031,Wolverhampton,2021,1382.856330394864,720.57792210261334,2103.4342524974718,101.58199999999999
E08000032,Bradford,2021,3039.385178625339,1881.226100390182,4920.6112790155184,203.584
E08000033,Calderdale,2021,1262.115385965697,421.67995189418281,1683.7953378598811,89.19
E08000034,Kirklees,2021,2543.2595773737789,1320.1350200799191,3863.3945974537069,178.672
E08000035,Leeds,2021,4251.5551381950563,2146.686700917589,6398.2418391126348,318.53399999999999
E08000036,Wakefield,2021,1886.518152798732,1572.5118539840371,3459.0300067827679,153.69399999999999
E08000037,Gateshead,2021,1167.75470484018,648.02342006986476,1815.778124910041,89.305999999999997
E08000038,Barnsley,2021,1350.49073875772,1143.1959430954739,2493.6866818531989,108.428
E08000039,Sheffield,2021,3009.970439126459,1498.9012929326011,4508.8717320590558,224.625
E09000001,City of London,2021,27.615478581246339,725.17277689543334,752.78825547667964,2.992
E09000002,Barking and Dagenham,2021,772.43736573987303,228.5571543504189,1000.994520090292,65.853999999999999
E09000003,Barnet,2021,2175.8048872075219,540.99410682936843,2716.7989940369011,130.55500000000001
E09000004,Bexley,2021,1217.9610399076089,677.34350129128063,1895.304541198889,90.468999999999994
E09000005,Brent,2021,1538.527499332303,630.30399884016572,2168.831498172467,102.751
E09000006,Bromley,2021,2021.5922784453021,361.78724329637191,2383.3795217416719,132.18799999999999
E09000007,Camden,2021,942.5354299703323,1459.9374325848639,2402.4728625551938,78.661000000000001
E09000008,Croydon,2021,2071.8009624020051,524.05811536032638,2595.8590777623308,143.27000000000001
E09000009,Ealing,2021,1667.231473806758,669.59176303197785,2336.8232368387348,119.873
E09000010,Enfield,2021,1577.8494193280239,509.40810959853633,2087.2575289265578,109.563
E09000011,Greenwich,2021,1144.308385939345,544.2929213432825,1688.6013072826311,93.132999999999996
E09000012,Hackney,2021,979.29052180866847,370.51023411053319,1349.8007559191999,91.292000000000002
E09000013,Hammersmith and Fulham,2021,874.51345262531584,568.18107387235034,1442.6945264976671,74.656999999999996
E09000014,Haringey,2021,1258.355569936562,377.74907089669068,1636.1046408332529,95.882000000000005
E09000015,Harrow,2021,1431.657651924703,261.90543480521848,1693.563086729924,84.745000000000005
E09000016,Havering,2021,1344.240433966434,245.52491006902241,1589.765344035455,98.414000000000001
E09000017,Hillingdon,2021,1450.872344865232,687.06873124716856,2137.9410761124018,100.43600000000001
E09000018,Hounslow,2021,1176.1115438777999,526.71967610306467,1702.831219980864,85.316999999999993
E09000019,Islington,2021,894.84340761991552,618.37338477106834,1513.2167923909831,86.683999999999997
E09000020,Kensington and Chelsea,2021,861.22331249152819,891.25053921766698,1752.4738517091951,68.856999999999999
E09000021,Kingston upon Thames,2021,883.35306347697917,235.49036716228559,1118.8434306392639,61.14
E09000022,Lambeth,2021,1387.499954076841,857.1478670511417,2244.6478211279809,119.99
E09000023,Lewisham,2021,1335.076672102969,347.82355353717458,1682.9002256401391,109.809
E09000024,Merton,2021,1074.104097089963,307.14338874516659,1381.2474858351279,77.653000000000006
E09000025,Newham,2021,1102.9787596571621,961.63302978864533,2064.6117894458089,92.808999999999997
E09000026,Redbridge,2021,1454.114160936806,250.06022401771051,1704.1743849545121,95.375
E09000027,Richmond upon Thames,2021,1176.9906685256581,281.74085788439862,1458.731526410053,78.683000000000007
E09000028,Southwark,2021,1045.1465884134809,946.43766856379432,1991.584256977276,100.59
E09000029,Sutton,2021,1033.9194539003149,280.17349838715808,1314.092952287474,72.822999999999993
E09000030,Tower Hamlets,2021,706.1392462260402,839.87060112621623,1546.0098473522539,76.795000000000002
E09000031,Waltham Forest,2021,1193.9529928055711,296.36693896357451,1490.3199317691481,93.77
E09000032,Wandsworth,2021,1517.2517781023171,679.60356043081185,2196.8553385331361,120.896
E09000033,Westminster,2021,946.69841397562334,2424.1937276084309,3370.8921415840618,87.474999999999994
S12000005,Clackmannanshire,2021,300.89723625060691,652.47353958670453,953.37077583731116,23.649000000000001
S12000006,Dumfries and Galloway,2021,609.09405989542256,622.19534189448791,1231.28940178991,45.923000000000002
S12000008,East Ayrshire,2021,736.48019300579142,298.09556142041879,1034.575754426211,55.369
S12000010,East Lothian,2021,577.83716165211388,281.03593504250699,858.87309669462059,44.447000000000003
S12000011,East Renfrewshire,2021,641.65754802205277,114.4604481709013,756.11799619295311,37.579000000000001
S12000013,Na h-Eileanan Siar,2021,20.450839079304821,5.9375708400748151,26.38840991937964,1.7
S12000014,Falkirk,2021,906.37207950155641,761.99736212207563,1668.3694416236331,68.899000000000001
S12000017,Highland,2021,631.28681728807328,549.94432283489118,1181.2311401229631,46.662999999999997
S12000018,Inverclyde,2021,469.00101029222628,218.9647654684662,687.96577576069342,35.287999999999997
S12000019,Midlothian,2021,517.82611944272264,195.6487652482177,713.47488469094105,40.387999999999998
S12000020,Moray,2021,452.10323459228732,1260.544850708885,1712.6480853011719,32.353999999999999
S12000021,North Ayrshire,2021,752.07210935710862,1232.482210931832,1984.554320288941,60.567
S12000023,Orkney Islands,2021,0,0,0,0
S12000026,Scottish Borders,2021,516.47797584574846,258.69880668235561,775.1767825281031,38.776000000000003
S12000027,Shetland Islands,2021,0,0,0,0
S12000028,South Ayrshire,2021,660.78174168727537,623.5753528893465,1284.3570945766221,48.325000000000003
S12000029,South Lanarkshire,2021,1873.6466780631599,557.17862164657151,2430.8252997097288,133.93600000000001
S12000030,Stirling,2021,493.6441969299957,688.29201571348835,1181.9362126434839,33.817999999999998
S12000033,Aberdeen City,2021,1371.1011868105959,888.86213465689036,2259.9633214674909,103.527
S12000034,Aberdeenshire,2021,1090.932340894143,399.95533507213128,1490.887675966273,70.347999999999999
S12000035,Argyll and Bute,2021,312.78563919932481,130.44607833707141,443.23171753639662,21.061
S12000036,City of Edinburgh,2021,2798.21452837891,1784.396451480648,4582.610979859558,228.14500000000001
S12000038,Renfrewshire,2021,1029.3010905669071,544.1806421047495,1573.481732671657,83.236000000000004
S12000039,West Dunbartonshire,2021,478.79053906929511,233.55344394439359,712.34398301368844,42.3
S12000040,West Lothian,2021,1070.835225083697,730.78383104788782,1801.6190561315809,79.036000000000001
S12000041,Angus,2021,583.91554833579698,338.57528268935522,922.49083102515135,42.564999999999998
S12000042,Dundee City,2021,781.15328312437168,561.02797502734347,1342.1812581517149,63.067
S12000045,East Dunbartonshire,2021,751.85786136659181,149.13087533492029,900.98873670151102,45.643000000000001
S12000047,Fife,2021,2259.8736513847198,1441.7184357522931,3701.5920871370122,168.173
S12000048,Perth and Kinross,2021,715.36529065652496,301.56171388890408,1016.92700454543,50.438000000000002
S12000049,Glasgow City,2021,2891.669494862811,2265.8408055629152,5157.5103004257253,264.714
S12000050,North Lanarkshire,2021,1964.3588810633021,930.5468064115488,2894.905687474853,148.73400000000001
W06000001,Isle of Anglesey / Ynys Môn,2021,179.7552892698871,134.4819564487218,314.23724571860902,16.664000000000001
W06000002,Gwynedd / Gwynedd,2021,347.97397730883932,182.05118662897749,530.02516393781639,31.213999999999999
W06000003,Conwy / Conwy,2021,542.07893649744256,136.17928514764799,678.25822164508986,47.094000000000001
W06000004,Denbighshire / Sir Ddinbych,2021,396.27696128309441,173.31436577061501,569.59132705370973,34.606000000000002
W06000005,Flintshire / Sir y Fflint,2021,661.51945130736692,822.61211395159512,1484.1315652589631,58.201000000000001
W06000006,Wrexham / Wrecsam,2021,585.67479151636326,1523.84584582195,2109.520637338313,51.871000000000002
W06000008,Ceredigion / Ceredigion,2021,106.6781057185231,75.501945368234132,182.1800510867572,9.1319999999999997
W06000009,Pembrokeshire / Sir Benfro,2021,402.5444348344634,157.54865459432759,560.09308942879136,36.433999999999997
W06000010,Carmarthenshire / Sir Gaerfyrddin,2021,652.21593471014103,318.67793871300489,970.89387342314546,53.726999999999997
W06000011,Swansea / Abertawe,2021,1263.798125490066,713.49768803555583,1977.2958135256231,102.62
W06000012,Neath Port Talbot / Castell-nedd Port Talbot,2021,745.9086500136001,413.82622667822869,1159.7348766918301,61.726999999999997
W06000013,Bridgend / Pen-y-bont ar Ogwr,2021,771.8880644728988,491.51333213607182,1263.4013966089699,63.222999999999999
W06000014,Vale of Glamorgan / Bro Morgannwg,2021,657.21166658764241,272.84715295510131,930.05881954274457,54.87
W06000015,Cardiff / Caerdydd,2021,1689.2771981646499,1123.093098745195,2812.3702969098449,141.71700000000001
W06000016,Rhondda Cynon Taf / Rhondda Cynon Taf,2021,1373.7684503341129,545.9292210368543,1919.6976713709651,107.08799999999999
W06000018,Caerphilly / Caerffili,2021,998.21943785223129,295.78729534862271,1294.006733200853,77.965999999999994
W06000019,Blaenau Gwent / Blaenau Gwent,2021,426.43972233067637,338.16151140596628,764.60123373664271,31.914000000000001
W06000020,Torfaen / Torfaen,2021,485.48522982698938,300.98348473543632,786.46871456242559,41.677999999999997
W06000021,Monmouthshire / Sir Fynwy,2021,396.37541216461159,253.8748197556142,650.25023192022581,32.435000000000002
W06000022,Newport / Casnewydd,2021,750.88339069466679,832.6999207264098,1583.583311421077,65.034999999999997
W06000023,Powys / Powys,2021,339.93670638698887,164.40590182118851,504.34260820817792,29.402000000000001
W06000024,Merthyr Tydfil / Merthyr Tudful,2021,360.00459443308853,197.79149397639009,557.79608840947844,26.556000000000001
E06000001,Hartlepool,2022,455.1800144776289,339.37216721314962,794.55218169077853,43.48
E06000002,Middlesbrough,2022,670.37497933390011,304.85936527139512,975.23434460529575,62.386000000000003
E06000003,Redcar and Cleveland,2022,655.52753855250785,913.87016649984957,1569.397705052357,62.756
E06000004,Stockton-on-Tees,2022,940.81382654300467,835.01037771131735,1775.8242042543229,86.183000000000007
E06000005,Darlington,2022,550.56890674963722,432.38381498447723,982.95272173411456,49.343000000000004
E06000006,Halton,2022,534.96061897076072,521.24486227838781,1056.2054812491469,56.247
E06000007,Warrington,2022,967.67781862438403,1204.2934601541431,2171.971278778527,91.040999999999997
E06000008,Blackburn with Darwen,2022,713.76888360388352,425.43667232676393,1139.2055559306471,60.268999999999998
E06000009,Blackpool,2022,653.31626425948298,421.04018956511112,1074.356453824593,63.758000000000003
E06000010,"Kingston upon Hull, City of",2022,1133.0633662312421,934.80645256505159,2067.8698187962909,115.91200000000001
E06000011,East Riding of Yorkshire,2022,1593.0915731319881,1190.262254078541,2783.3538272105288,140.816
E06000012,North East Lincolnshire,2022,732.17844969795124,952.33760088092458,1684.516050578877,71.305000000000007
E06000013,North Lincolnshire,2022,759.92821983032911,492.04538700375338,1251.973606834084,69.251000000000005
E06000014,York,2022,917.49761428203522,593.67691602446087,1511.174530306497,81.328000000000003
E06000015,Derby,2022,1159.3563171191711,733.66328720913191,1893.019604328304,106.215
E06000016,Leicester,2022,1497.6006234825479,1242.0371897592929,2739.6378132418349,121.01900000000001
E06000017,Rutland,2022,184.49753718776901,87.659453964591265,272.15699115236032,14.439
E06000018,Nottingham,2022,1278.821206710968,913.3601091798198,2192.1813158907871,118.536
E06000019,"Herefordshire, County of",2022,540.36089947867902,491.31030848967009,1031.67120796835,55.225000000000001
E06000020,Telford and Wrekin,2022,776.49433741573228,560.57504871912113,1337.0693861348541,78.301000000000002
E06000021,Stoke-on-Trent,2022,1187.1931253261989,863.83115857359519,2051.0242838997929,111.89700000000001
E06000022,Bath and North East Somerset,2022,800.97368585339427,294.58224958328731,1095.5559354366819,71.844999999999999
E06000023,"Bristol, City of",2022,1715.2845946871021,876.76332265993324,2592.0479173470339,174.63
E06000024,North Somerset,2022,878.94009778256248,620.31303419860785,1499.2531319811701,87.12
E06000025,South Gloucestershire,2022,1065.7478593799581,554.38133818970982,1620.1291975696679,109.616
E06000026,Plymouth,2022,884.12152671382205,481.95506237292642,1366.0765890867481,111.67700000000001
E06000027,Torbay,2022,543.16604403275278,249.26708962369841,792.43313365645167,57.594999999999999
E06000030,Swindon,2022,928.58855772809341,338.91929305495961,1267.507850783051,90.724000000000004
E06000031,Peterborough,2022,834.42110847512902,500.32771874093402,1334.7488272160631,80.816000000000003
E06000032,Luton,2022,894.91491996686239,348.30750434487351,1243.2224243117359,72.367999999999995
E06000033,Southend-on-Sea,2022,869.1254359442396,191.0325553236957,1060.1579912679381,73.989000000000004
E06000034,Thurrock,2022,633.13261093934079,689.85732832651308,1322.989939265854,60.415999999999997
E06000035,Medway,2022,1120.403613357927,525.99363582338822,1646.3972491813161,110.324
E06000036,Bracknell Forest,2022,542.14666242829514,244.07466981405611,786.22133224235051,47.69
E06000037,West Berkshire,2022,574.59527422557835,370.906134373584,945.50140859916257,48.511000000000003
E06000038,Reading,2022,677.37961822835234,367.51225791574558,1044.891876144098,59.917999999999999
E06000039,Slough,2022,544.86339272974647,266.6089880673448,811.47238079709041,46.591999999999999
E06000040,Windsor and Maidenhead,2022,801.7717371386176,248.932066702486,1050.703803841104,57.02
E06000041,Wokingham,2022,872.22249176559535,184.8603710358874,1057.082862801482,67.507000000000005
E06000042,Milton Keynes,2022,1197.4620837201101,678.15765717484157,1875.6197408949511,111.08799999999999
E06000043,Brighton and Hove,2022,1122.806173051094,432.76199676782443,1555.5681698189201,110.97199999999999
E06000044,Portsmouth,2022,734.21278629806261,508.13058003049861,1242.34336632856,79.917000000000002
E06000045,Southampton,2022,787.33062063819079,507.87763228795308,1295.2082529261461,81.507000000000005
E06000046,Isle of Wight,2022,551.70315321656119,428.10848638795233,979.81163960451408,58.863999999999997
E06000047,County Durham,2022,2636.0944220855272,1100.971292270194,3737.0657143557228,234.56800000000001
E06000049,Cheshire East,2022,1939.578092218545,1537.2267309547649,3476.804823173316,164.10300000000001
E06000050,Cheshire West and Chester,2022,1542.4878039345181,808.52930576524466,2351.0171096997628,146.27600000000001
E06000051,Shropshire,2022,1002.417999862461,800.68031058790132,1803.098310450363,99.435000000000002
E06000052,Cornwall,2022,1261.598582897604,880.09740528445673,2141.6959881820599,148.767
E06000053,Isles of Scilly,2022,0,0,0,0
E06000054,Wiltshire,2022,1657.74668845931,1155.6614801102751,2813.4081685695851,160.30000000000001
E06000055,Bedford,2022,747.03710494227437,359.50619686935079,1106.5433018116239,66.721000000000004
E06000056,Central Bedfordshire,2022,1279.3955540694119,516.06510092336259,1795.460654992771,115.991
E06000057,Northumberland,2022,1489.499154496518,931.34035971617129,2420.8395142126869,130.27000000000001
E06000058,"Bournemouth, Christchurch and Poole",2022,1677.2242760515719,539.51838732826457,2216.7426633798291,162.22300000000001
E06000059,Dorset,2022,1448.194129012001,629.43005291979387,2077.6241819317929,141.63
E06000060,Buckinghamshire,2022,2697.2083794227169,816.81390219308264,3514.0222816158089,196.69
E06000061,North Northamptonshire,2022,1585.5704222880729,1042.62732206997,2628.1977443580481,145.79900000000001
E06000062,West Northamptonshire,2022,1739.318261628684,893.47289221768028,2632.7911538463691,155.928
E06000063,Cumberland,2022,1267.497080773984,1239.323308439737,2506.8203892137199,115.545
E06000064,Westmorland and Furness,2022,943.42839688716947,1272.881591721841,2216.3099886090099,87.298000000000002
E06000065,North Yorkshire,2022,2578.805878123469,3088.9528411921988,5667.7587193156623,223.959
E06000066,Somerset,2022,1779.522773123615,1222.177026080102,3001.6997992037209,188.321
E07000008,Cambridge,2022,540.84848079865526,517.21516733810142,1058.063648136756,48.335000000000001
E07000009,East Cambridgeshire,2022,306.35255575539622,214.02966122845331,520.38221698384939,28.077000000000002
E07000010,Fenland,2022,387.06793015914349,649.87896997982068,1036.9469001389641,36.170999999999999
E07000011,Huntingdonshire,2022,740.52096033221915,232.95076432646741,973.4717246586863,68.974999999999994
E07000012,South Cambridgeshire,2022,597.00599536367611,427.65129299391077,1024.657288357585,52.033999999999999
E07000032,Amber Valley,2022,637.2433881473836,533.96752346549272,1171.2109116128761,56.537999999999997
E07000033,Bolsover,2022,393.24743050234258,277.7901502324537,671.03758073479651,36.386000000000003
E07000034,Chesterfield,2022,510.25159071153081,375.11202582521821,885.36361653674942,48.948999999999998
E07000035,Derbyshire Dales,2022,352.4065086499906,327.50197865799879,679.90848730798916,27.687999999999999
E07000036,Erewash,2022,542.72222891317267,270.84703630408632,813.56926521725836,50.43
E07000037,High Peak,2022,481.94186657484698,1236.1277617008891,1718.069628275736,40.365000000000002
E07000038,North East Derbyshire,2022,531.4990277760661,178.5263565332684,710.02538430933521,45.985999999999997
E07000039,South Derbyshire,2022,480.55950591411562,355.1725135743356,835.73201948845133,45.030999999999999
E07000040,East Devon,2022,499.04090569635662,129.7658365679932,628.80674226434996,51.045000000000002
E07000041,Exeter,2022,434.56104349849431,377.48405466996923,812.0450981684636,49.284999999999997
E07000042,Mid Devon,2022,197.59250588384779,188.39731610967559,385.98982199352349,22.198
E07000043,North Devon,2022,317.62367266390942,120.3945139647831,438.01818662869238,34.167999999999999
E07000044,South Hams,2022,269.00616885959192,214.1199941321749,483.12616299176688,28.498000000000001
E07000045,Teignbridge,2022,454.76714729201188,144.37760473700919,599.14475202902088,49.561999999999998
E07000046,Torridge,2022,150.51655879705871,27.194291026062,177.71084982312081,17.195
E07000047,West Devon,2022,148.60319695372939,177.12476966683991,325.72796662056948,14.877000000000001
E07000061,Eastbourne,2022,400.35343694514393,194.87572520595259,595.22916215109672,41.835999999999999
E07000062,Hastings,2022,372.97861179961239,89.468139442921014,462.44675124253331,38.246000000000002
E07000063,Lewes,2022,406.55895060560567,89.47534328169192,496.03429388729762,38.716000000000001
E07000064,Rother,2022,403.1472736115731,312.74780715649632,715.89508076806999,35.054000000000002
E07000065,Wealden,2022,638.15457421086398,103.2261750081546,741.38074921901784,54.716000000000001
E07000066,Basildon,2022,770.17168923445513,354.96855361107782,1125.1402428455319,71.850999999999999
E07000067,Braintree,2022,568.90068091894727,224.91001442445821,793.81069534340497,52.564
E07000068,Brentwood,2022,430.28454293973562,134.77479833484139,565.05934127457715,31.084
E07000069,Castle Point,2022,432.50995651659667,100.7940867741537,533.30404329075066,35.85
E07000070,Chelmsford,2022,747.62331711073386,259.77067730626311,1007.393994416997,65.152000000000001
E07000071,Colchester,2022,728.79381604565083,262.70139733320309,991.49521337885574,68.436999999999998
E07000072,Epping Forest,2022,666.77081562167757,326.6594260948242,993.43024171650245,49.381
E07000073,Harlow,2022,368.9707398450505,315.30009243784832,684.27083228289905,37.283000000000001
E07000074,Maldon,2022,207.0601822191357,106.84092788323881,313.90111010237462,18.785
E07000075,Rochford,2022,413.75519777254272,57.499731344104369,471.25492911664691,34.319000000000003
E07000076,Tendring,2022,631.60667008594362,192.52458949872451,824.13125958466844,60.661000000000001
E07000077,Uttlesford,2022,353.0118349246693,108.73687626152319,461.74871118619268,27.928999999999998
E07000078,Cheltenham,2022,532.45285024891996,244.14908654001761,776.60193678893654,51.213999999999999
E07000079,Cotswold,2022,341.47090420698112,125.2999226975213,466.77082690450231,28.795000000000002
E07000080,Forest of Dean,2022,244.13664603380951,313.23294254213778,557.3695885759472,24.283999999999999
E07000081,Gloucester,2022,517.22444651334933,352.77691962311388,870.00136613646305,53.743000000000002
E07000082,Stroud,2022,503.93947969091329,332.88961574050478,836.82909543141852,46.334000000000003
E07000083,Tewkesbury,2022,384.04176111220062,294.0723117737669,678.1140728859674,38.887
E07000084,Basingstoke and Deane,2022,705.63108482405653,254.83046227961461,960.46154710367045,66.474999999999994
E07000085,East Hampshire,2022,556.23169197575578,100.5586691304954,656.79036110625088,46.042999999999999
E07000086,Eastleigh,2022,562.34837794251109,190.24749338421009,752.59587132672027,55.896999999999998
E07000087,Fareham,2022,487.68845570648818,138.0363884549092,625.72484416139798,47.140999999999998
E07000088,Gosport,2022,285.62734780001881,86.444810586771951,372.07215838679082,32.610999999999997
E07000089,Hart,2022,507.38248010588683,113.27605615956941,620.65853626545629,38.061
E07000090,Havant,2022,528.99371384687095,85.408916442218867,614.40263028909033,53.070999999999998
E07000091,New Forest,2022,783.77361442434108,205.81015871428681,989.58377313862684,71.275999999999996
E07000092,Rushmoor,2022,404.70349579786767,205.11487220611079,609.81836800397866,37.534999999999997
E07000093,Test Valley,2022,435.78415692249848,251.0396704356217,686.82382735812064,43.031999999999996
E07000094,Winchester,2022,518.65234550533137,196.808931088658,715.46127659398951,44.942
E07000095,Broxbourne,2022,434.12028727193473,92.471090935255248,526.59137820718956,37.103000000000002
E07000096,Dacorum,2022,741.1274103167957,238.58839430926909,979.71580462606573,59.786999999999999
E07000098,Hertsmere,2022,578.51314985704107,254.03737958327861,832.55052944031934,41.371000000000002
E07000099,North Hertfordshire,2022,588.42289799655839,300.49631975903492,888.91921775559592,49.433
E07000102,Three Rivers,2022,519.24101493227238,122.9229431383214,642.16395807059246,35.594999999999999
E07000103,Watford,2022,432.6375087108197,132.50415237223061,565.14166108305039,35.177
E07000105,Ashford,2022,460.27162271823812,207.19868625583771,667.47030897407603,44.64
E07000106,Canterbury,2022,660.36744709684945,216.0806460399867,876.44809313683618,61.207999999999998
E07000107,Dartford,2022,475.63265449783279,250.3633080252618,725.99596252309368,45.058
E07000108,Dover,2022,470.2655347951748,232.98072363850051,703.24625843367528,48.344000000000001
E07000109,Gravesham,2022,441.55357070793377,192.68859717216199,634.24216788009562,40.463999999999999
E07000110,Maidstone,2022,711.20016804752788,193.04970664323531,904.24987469076223,65.867999999999995
E07000111,Sevenoaks,2022,580.78387216126703,104.22315439542911,685.00702655669681,42.350999999999999
E07000112,Folkestone and Hythe,2022,441.2915473148023,125.24998968405291,566.54153699885558,44.084000000000003
E07000113,Swale,2022,576.03466151881128,480.3581006335383,1056.3927621523501,58.527999999999999
E07000114,Thanet,2022,598.9386273029944,605.96619866398703,1204.9048259669819,61.805999999999997
E07000115,Tonbridge and Malling,2022,573.67935149918003,232.05563260983971,805.73498410902027,50.302
E07000116,Tunbridge Wells,2022,513.51153839247468,132.1454853338291,645.65702372630267,40.429000000000002
E07000117,Burnley,2022,440.38215290503842,276.82528444760089,717.20743735263932,40.878
E07000118,Chorley,2022,539.42049019259196,290.00334692633282,829.42383711892387,49.465000000000003
E07000119,Fylde,2022,421.44567688756212,168.09744159853511,589.54311848609723,36.238999999999997
E07000120,Hyndburn,2022,397.34132155420127,319.60612261197679,716.94744416617812,36.317999999999998
E07000121,Lancaster,2022,593.58449090045258,434.82304070423208,1028.4075316046849,56.555999999999997
E07000122,Pendle,2022,461.95831711239123,204.28943348625299,666.2477505986443,39.338999999999999
E07000123,Preston,2022,662.5967350695604,399.20279248149387,1061.799527551055,60.372
E07000124,Ribble Valley,2022,293.21713785047831,179.75479504795271,472.97193289843108,24.434000000000001
E07000125,Rossendale,2022,373.46794525728802,232.5821725395619,606.05011779685003,31.024000000000001
E07000126,South Ribble,2022,523.51251450259053,307.28149488857161,830.79400939116272,49.502000000000002
E07000127,West Lancashire,2022,521.89139932695571,700.57076420508497,1222.4621635320409,45.738
E07000128,Wyre,2022,532.33851323601652,437.05136393314342,969.38987716916017,49.265999999999998
E07000129,Blaby,2022,497.293945509227,166.39248063678099,663.68642614600753,42.872
E07000130,Charnwood,2022,845.65841450346784,552.51244263562671,1398.1708571390971,74.721000000000004
E07000131,Harborough,2022,456.72806147276651,167.45128987396089,624.17935134672746,37.292999999999999
E07000132,Hinckley and Bosworth,2022,524.75747419908112,274.55914554858998,799.31661974767042,47.396000000000001
E07000133,Melton,2022,225.33893667352601,184.1287907593485,409.46772743287471,20.036000000000001
E07000134,North West Leicestershire,2022,482.90451888115842,670.36634253235536,1153.2708614135131,42.508000000000003
E07000135,Oadby and Wigston,2022,301.21064175891053,91.219222693097407,392.42986445200768,23.905999999999999
E07000136,Boston,2022,258.11629738779999,106.1500755003931,364.26637288819268,24.209
E07000137,East Lindsey,2022,448.78462370850713,171.05253789628921,619.83716160479662,42.697000000000003
E07000138,Lincoln,2022,411.56792335798241,319.02714369344278,730.59506705142542,41.795000000000002
E07000139,North Kesteven,2022,433.07471632053858,180.3682329537254,613.44294927426438,41.314999999999998
E07000140,South Holland,2022,345.74833685472697,212.1351339950842,557.88347084981172,31.992000000000001
E07000141,South Kesteven,2022,554.84661149182296,258.56283745375657,813.40944894558004,52.006999999999998
E07000142,West Lindsey,2022,381.69300839338212,169.39891556344679,551.09192395682862,34.622
E07000143,Breckland,2022,358.91817362959557,167.6162350845419,526.53440871413738,36.478000000000002
E07000144,Broadland,2022,510.88352738648308,162.91608569508759,673.79961308157181,47.933999999999997
E07000145,Great Yarmouth,2022,318.34819346093792,145.8763470844915,464.22454054542987,34.537999999999997
E07000146,King's Lynn and West Norfolk,2022,388.87560457222418,246.7579602139925,635.63356478621643,37.710999999999999
E07000147,North Norfolk,2022,289.81047033129062,194.4274975563919,484.23796788768169,28.271999999999998
E07000148,Norwich,2022,550.99218027626739,426.82893251472188,977.8211127909891,59.164999999999999
E07000149,South Norfolk,2022,380.39653709351148,298.38978778269262,678.78632487620428,37.713000000000001
E07000170,Ashfield,2022,604.72932003030678,304.05943551523978,908.78875554554645,55.375999999999998
E07000171,Bassetlaw,2022,496.34197538523028,403.34752638707948,899.68950177231045,46.014000000000003
E07000172,Broxtowe,2022,563.23563645880688,489.22054328189961,1052.4561797407091,49.326000000000001
E07000173,Gedling,2022,607.0016161896533,374.64081421927261,981.64243040892518,51.292999999999999
E07000174,Mansfield,2022,565.21667508726694,263.26189774045099,828.4785728277177,49.625999999999998
E07000175,Newark and Sherwood,2022,548.23622365137294,750.58837604650455,1298.824599697879,49.045000000000002
E07000176,Rushcliffe,2022,629.08876937226819,539.64234897672804,1168.7311183489969,49.923999999999999
E07000177,Cherwell,2022,580.44700854942198,583.46881850721479,1163.915827056637,54.021999999999998
E07000178,Oxford,2022,625.25006468234722,753.25848192742353,1378.5085466097701,52.695
E07000179,South Oxfordshire,2022,657.68207639022239,237.1716292286327,894.85370561885486,53.851999999999997
E07000180,Vale of White Horse,2022,596.9038299179673,268.78281698306449,865.68664690103287,52.804000000000002
E07000181,West Oxfordshire,2022,458.75123692075402,161.9528767380522,620.70411365880636,39.76
E07000192,Cannock Chase,2022,467.43375287073923,120.9620751282619,588.39582799900074,43.348999999999997
E07000193,East Staffordshire,2022,529.37544592827919,570.64584648056154,1100.021292408841,48.261000000000003
E07000194,Lichfield,2022,518.08836102751036,221.8489536447851,739.93731467229441,43.499000000000002
E07000195,Newcastle-under-Lyme,2022,590.69984908457036,497.48559337427162,1088.185442458841,52.344000000000001
E07000196,South Staffordshire,2022,512.11078220278011,343.00835926531261,855.11914146809193,43.228999999999999
E07000197,Stafford,2022,593.54521082802125,246.37474682972439,839.91995765774516,53.448999999999998
E07000198,Staffordshire Moorlands,2022,435.88466757464249,442.41696469079932,878.30163226544187,36.965000000000003
E07000199,Tamworth,2022,335.15352870951699,77.752461049098173,412.90598975861559,32.875999999999998
E07000200,Babergh,2022,291.13678119889011,186.98004648613721,478.11682768502692,27.404
E07000202,Ipswich,2022,524.61482598670989,169.92688970611599,694.54171569282607,52.898000000000003
E07000203,Mid Suffolk,2022,223.0935957050942,251.15223503332149,474.24583073841592,23.626000000000001
E07000207,Elmbridge,2022,856.70371148699599,250.91692610357671,1107.620637590572,54.21
E07000208,Epsom and Ewell,2022,423.13871059414481,98.422363567099353,521.56107416124394,30.167999999999999
E07000209,Guildford,2022,724.83876017790158,266.02998841326371,990.86874859116529,53.664999999999999
E07000210,Mole Valley,2022,500.97517780877018,240.45929359367719,741.43447140244575,34.000999999999998
E07000211,Reigate and Banstead,2022,797.50837622613778,195.14683351041609,992.65520973655498,58.220999999999997
E07000212,Runnymede,2022,415.78920040335822,215.3405243743241,631.12972477768267,31.88
E07000213,Spelthorne,2022,465.02922430899503,143.55049317519149,608.57971748418663,38.432000000000002
E07000214,Surrey Heath,2022,501.37707315704358,144.55754100720409,645.93461416424725,35.039000000000001
E07000215,Tandridge,2022,483.30898429008238,97.531707840601428,580.8406921306846,32.837000000000003
E07000216,Waverley,2022,717.04473758010431,173.6774557524646,890.72219333256783,49.356999999999999
E07000217,Woking,2022,492.87793234538623,117.14156030639271,610.01949265177882,36.273000000000003
E07000218,North Warwickshire,2022,287.11448822824508,368.58752070364602,655.70200893189144,25.795999999999999
E07000219,Nuneaton and Bedworth,2022,599.75829481120252,204.17307357557499,803.93136838677628,57.116999999999997
E07000220,Rugby,2022,516.01824276722971,462.64021423104879,978.65845699827764,45.652999999999999
E07000221,Stratford-on-Avon,2022,501.76163366182868,177.34558212152109,679.1072157833496,45.22
E07000222,Warwick,2022,668.70116363307011,267.17175509604158,935.87291872911032,58.445999999999998
E07000223,Adur,2022,251.35270342219911,62.624175061047943,313.97687848324699,26.201000000000001
E07000224,Arun,2022,721.61184002652976,195.53780716926221,917.14964719579211,68.56
E07000225,Chichester,2022,472.34814364269602,383.01283611291348,855.36097975560995,42.658999999999999
E07000226,Crawley,2022,446.51782879029071,210.73162641263721,657.24945520292783,43.201999999999998
E07000227,Horsham,2022,583.16145802846404,256.42573269296747,839.58719072143174,51.16
E07000228,Mid Sussex,2022,686.09929587179147,192.69734113680619,878.79663700859805,58.715000000000003
E07000229,Worthing,2022,446.06485554586612,174.85067471855459,620.91553026442079,44.281999999999996
E07000234,Bromsgrove,2022,495.3209007171705,103.74272775662411,599.06362847379421,39.103999999999999
E07000235,Malvern Hills,2022,260.52611086415669,68.542063169346605,329.06817403350311,24.501000000000001
E07000236,Redditch,2022,365.71707838530972,322.37998946753783,688.0970678528472,36.223999999999997
E07000237,Worcester,2022,412.95117587656659,182.31192388751691,595.26309976408368,42.362000000000002
E07000238,Wychavon,2022,480.86932562557058,614.40291357881108,1095.2722392043829,46.427999999999997
E07000239,Wyre Forest,2022,423.74291859657097,133.54741228485031,557.29033088142182,41.167000000000002
E07000240,St Albans,2022,802.85325006850167,268.89857132884771,1071.7518213973481,57.33
E07000241,Welwyn Hatfield,2022,546.1749401304902,263.24244011057078,809.41738024106132,44.552999999999997
E07000242,East Hertfordshire,2022,669.89900327080898,261.28920794156261,931.18821121237147,53.98
E07000243,Stevenage,2022,354.19967102184268,363.25374972110649,717.45342074294911,34.450000000000003
E07000244,East Suffolk,2022,948.48855642442663,464.86670954750849,1413.355265971936,92.887
E07000245,West Suffolk,2022,567.15530565351662,1612.029985950913,2179.1852916044281,56.151000000000003
E08000001,Bolton,2022,1354.7113834180579,503.14584906412938,1857.8572324821889,118.857
E08000002,Bury,2022,941.03443820099812,341.28277868417888,1282.317216885177,80.331999999999994
E08000003,Manchester,2022,1931.434211386535,1490.20830189251,3421.642513279045,185.69
E08000004,Oldham,2022,1059.50960564465,511.51738936087088,1571.026995005521,93.153000000000006
E08000005,Rochdale,2022,1005.032761931612,447.88154640112162,1452.914308332731,91.87
E08000006,Salford,2022,1041.6391199597781,603.14620877134894,1644.7853287311279,99.241
E08000007,Stockport,2022,1480.5025021055301,665.76043603802736,2146.262938143559,122.185
E08000008,Tameside,2022,1032.5884665898609,491.94156590453281,1524.5300324943939,99.649000000000001
E08000009,Trafford,2022,1181.4511838300621,1648.122452777782,2829.5736366078372,93.406000000000006
E08000010,Wigan,2022,1431.156281207921,755.18723867967526,2186.3435198875941,144.589
E08000011,Knowsley,2022,637.54651555752775,556.51444532862558,1194.0609608861539,68.004000000000005
E08000012,Liverpool,2022,1977.5756678596399,1533.432649210773,3511.008317070412,199.84399999999999
E08000013,St. Helens,2022,815.20469168285047,1074.457847977995,1889.6625396608461,82.274000000000001
E08000014,Sefton,2022,1324.438907516389,1233.1014439148651,2557.5403514312538,121.477
E08000015,Wirral,2022,1523.3437965686589,868.76683833281879,2392.1106349014799,142.761
E08000017,Doncaster,2022,1453.302368209753,1061.1121949581579,2514.4145631679112,135.32400000000001
E08000018,Rotherham,2022,1250.8443429041811,1083.8272409406179,2334.6715838447981,116.61
E08000021,Newcastle upon Tyne,2022,1388.464999824208,1062.206294962089,2450.671294786302,117.617
E08000022,North Tyneside,2022,1074.796219372359,574.50482522609559,1649.301044598458,96.480999999999995
E08000023,South Tyneside,2022,731.38924887494591,198.4200982003502,929.80934707529593,70.572000000000003
E08000024,Sunderland,2022,1405.031890991168,782.49646505933504,2187.528356050504,126.32299999999999
E08000025,Birmingham,2022,4877.1254936821406,3056.9188165320961,7934.0443102142553,392.54199999999997
E08000026,Coventry,2022,1452.7931933585271,853.5271539222058,2306.3203472807331,132.846
E08000027,Dudley,2022,1478.5385843870799,556.83407717325815,2035.3726615603341,133.94300000000001
E08000028,Sandwell,2022,1414.8657504383259,939.74596111890639,2354.6117115572338,126.664
E08000029,Solihull,2022,1092.4291137482239,675.3239892522347,1767.75310300046,87.043000000000006
E08000030,Walsall,2022,1259.8309262894261,510.54444789145839,1770.375374180883,109.684
E08000031,Wolverhampton,2022,1189.4282333685189,670.3462821655188,1859.7745155340369,101.64700000000001
E08000032,Bradford,2022,2610.4950401338851,1667.946189153834,4278.4412292877314,204.15299999999999
E08000033,Calderdale,2022,1062.704365145664,380.17309660240687,1442.8774617480699,89.198999999999998
E08000034,Kirklees,2022,2171.3995210113439,1197.8238812059719,3369.2234022173152,179.27600000000001
E08000035,Leeds,2022,3669.519735761738,2067.312290038778,5736.8320258005224,319.71100000000001
E08000036,Wakefield,2022,1623.833436144645,1587.8887157567531,3211.7221519013942,154.684
E08000037,Gateshead,2022,1006.7377890314669,620.0159667597045,1626.753755791173,89.491
E08000038,Barnsley,2022,1149.7463555118011,1107.6862049752781,2257.4325604870792,109.005
E08000039,Sheffield,2022,2597.8001874976212,1523.788661579885,4121.588849077506,224.893
E09000001,City of London,2022,26.549740838225599,696.75699827982055,723.30673911804615,2.9319999999999999
E09000002,Barking and Dagenham,2022,685.17973614519337,227.7140831010955,912.89381924628833,65.846000000000004
E09000003,Barnet,2022,1950.2893193995569,509.19874605790608,2459.4880654574622,130.72499999999999
E09000004,Bexley,2022,1060.2692499173891,690.63437660927673,1750.903626526667,90.49
E09000005,Brent,2022,1383.8672814805111,560.97799391979049,1944.8452754003019,102.726
E09000006,Bromley,2022,1765.4628363323709,329.4768902904018,2094.9397266227738,132.14500000000001
E09000007,Camden,2022,856.65127954001025,1381.0467458435389,2237.698025383555,78.323999999999998
E09000008,Croydon,2022,1827.130885881156,506.82580736802561,2333.9566932491771,143.49799999999999
E09000009,Ealing,2022,1492.0493715552509,679.41515243340211,2171.464523988649,119.905
E09000010,Enfield,2022,1404.752389795728,526.03991546859618,1930.7923052643259,109.233
E09000011,Greenwich,2022,1001.74535605075,487.14179220869778,1488.8871482594459,93.070999999999998
E09000012,Hackney,2022,870.94968803711402,360.53189179154759,1231.481579828662,91.338999999999999
E09000013,Hammersmith and Fulham,2022,783.43829370043295,556.05460456727644,1339.4928982677111,74.519000000000005
E09000014,Haringey,2022,1121.2552659082271,385.6487806879108,1506.904046596138,95.878
E09000015,Harrow,2022,1284.1662807547159,225.5028216282725,1509.6691023829901,84.71
E09000016,Havering,2022,1175.9618295752,209.11965069447751,1385.081480269678,98.58
E09000017,Hillingdon,2022,1297.6714943001771,640.65039332328536,1938.321887623465,100.504
E09000018,Hounslow,2022,1057.61449727952,521.42764080659958,1579.042138086118,85.364999999999995
E09000019,Islington,2022,793.40172018961596,640.40305554573513,1433.8047757353499,86.454999999999998
E09000020,Kensington and Chelsea,2022,802.91673468632052,848.9353071567532,1651.8520418430719,68.647999999999996
E09000021,Kingston upon Thames,2022,780.19838913870774,224.69401446860871,1004.892403607317,61.174999999999997
E09000022,Lambeth,2022,1207.8228228713899,795.07622186023991,2002.8990447316339,119.752
E09000023,Lewisham,2022,1167.033546096731,364.0080360001138,1531.0415820968431,109.836
E09000024,Merton,2022,951.62446929788246,284.84876331706249,1236.473232614944,77.593999999999994
E09000025,Newham,2022,982.20120454315486,1118.8527109813999,2101.0539155245579,92.852000000000004
E09000026,Redbridge,2022,1296.4458790547581,235.1480881008338,1531.5939671555909,95.406999999999996
E09000027,Richmond upon Thames,2022,1045.2579221236131,270.16768811129492,1315.4256102349079,78.614000000000004
E09000028,Southwark,2022,920.82677037987617,925.94138670176301,1846.768157081638,100.497
E09000029,Sutton,2022,906.84581432756363,271.77032668938381,1178.6161410169479,72.790999999999997
E09000030,Tower Hamlets,2022,631.33587271094154,831.49115683400998,1462.8270295449499,76.745999999999995
E09000031,Waltham Forest,2022,1048.166103626291,297.73267113434622,1345.898774760637,93.774000000000001
E09000032,Wandsworth,2022,1339.2776467234801,644.00128430416726,1983.2789310276471,120.934
E09000033,Westminster,2022,880.93483505950906,2358.4671315494529,3239.4019666089689,87.24
S12000005,Clackmannanshire,2022,260.08870949235791,679.52294351254272,939.61165300490075,23.684000000000001
S12000006,Dumfries and Galloway,2022,524.78304453874694,560.85565190669206,1085.6386964454391,46.06
S12000008,East Ayrshire,2022,632.00589196260535,268.08533696961649,900.09122893222036,55.634999999999998
S12000010,East Lothian,2022,511.99808708239681,244.93225904219889,756.93034612459564,45.485999999999997
S12000011,East Renfrewshire,2022,560.42290021672022,103.5836251742025,664.00652539092266,37.956000000000003
S12000013,Na h-Eileanan Siar,2022,18.503508243838269,6.3374218974732202,24.840930141311489,1.704
S12000014,Falkirk,2022,794.81359415119027,809.16960984411764,1603.9832039953089,69.128
S12000017,Highland,2022,551.60639796343526,622.95156814593759,1174.557966109373,47.051000000000002
S12000018,Inverclyde,2022,403.72017987231322,195.7136539620563,599.43383383436981,35.295000000000002
S12000019,Midlothian,2022,458.88308684013577,173.53946201970069,632.42254885983607,41.198
S12000020,Moray,2022,390.60857255364027,1306.595202201748,1697.2037747553879,32.639000000000003
S12000021,North Ayrshire,2022,646.65741945388891,1230.295010194176,1876.9524296480649,60.783999999999999
S12000023,Orkney Islands,2022,0,0,0,0
S12000026,Scottish Borders,2022,445.74569524331861,250.21925177505159,695.96494701837003,38.792000000000002
S12000027,Shetland Islands,2022,0,0,0,0
S12000028,South Ayrshire,2022,565.91958218362458,603.35684372621347,1169.2764259098369,48.567
S12000029,South Lanarkshire,2022,1639.669660449561,523.17329995267801,2162.8429604022349,135.28200000000001
S12000030,Stirling,2022,435.55449592983041,635.38965248528712,1070.944148415118,34.063000000000002
S12000033,Aberdeen City,2022,1193.2465429107631,915.60261168453508,2108.8491545952938,104.157
S12000034,Aberdeenshire,2022,947.33685335900668,370.43374608426609,1317.770599443272,70.820999999999998
S12000035,Argyll and Bute,2022,270.24186392793081,108.60373539983991,378.84559932777012,21.155000000000001
S12000036,City of Edinburgh,2022,2449.2978780162011,1690.239896904317,4139.5377749205236,230.09899999999999
S12000038,Renfrewshire,2022,906.05674407055756,664.01215284079024,1570.0688969113471,84.091999999999999
S12000039,West Dunbartonshire,2022,414.27238181488212,239.01898337137811,653.29136518626024,42.357999999999997
S12000040,West Lothian,2022,942.08589571387085,812.24466646760186,1754.3305621814729,80.100999999999999
S12000041,Angus,2022,504.70321570294658,320.74243582369161,825.44565152663836,42.820999999999998
S12000042,Dundee City,2022,680.55521351167192,520.49975930864264,1201.0549728203159,63.619
S12000045,East Dunbartonshire,2022,653.84432677773475,133.28857046178479,787.1328972395188,45.747
S12000047,Fife,2022,1955.2138838190849,1610.869288612924,3566.0831724320078,168.98
S12000048,Perth and Kinross,2022,632.8355634342098,303.6865827938488,936.5221462280598,50.993000000000002
S12000049,Glasgow City,2022,2527.8261145881502,2173.178163171297,4701.0042777594354,266.45499999999998
S12000050,North Lanarkshire,2022,1714.6181319160701,867.92650639139367,2582.544638307465,149.67699999999999
W06000001,Isle of Anglesey / Ynys Môn,2022,152.22123181850711,124.4186097038438,276.63984152235099,16.736999999999998
W06000002,Gwynedd / Gwynedd,2022,298.98899652653603,183.80886241802429,482.79785894456109,31.218
W06000003,Conwy / Conwy,2022,459.73299608771129,125.7433583701288,585.47635445783976,47.15
W06000004,Denbighshire / Sir Ddinbych,2022,339.89590434623312,162.24208164989511,502.13798599612818,34.862000000000002
W06000005,Flintshire / Sir y Fflint,2022,572.87535986205239,681.2685643251632,1254.143924187216,58.463999999999999
W06000006,Wrexham / Wrecsam,2022,507.98975568612872,1411.7314602032859,1919.721215889414,52.039000000000001
W06000008,Ceredigion / Ceredigion,2022,91.620249720835062,70.320530578599573,161.94078029943469,9.14
W06000009,Pembrokeshire / Sir Benfro,2022,346.77140662916742,155.97661779805219,502.74802442722017,36.630000000000003
W06000010,Carmarthenshire / Sir Gaerfyrddin,2022,558.0630377401086,355.25870861958708,913.32174635969773,53.844999999999999
W06000011,Swansea / Abertawe,2022,1079.098241941866,661.55845011561132,1740.6566920574769,102.899
W06000012,Neath Port Talbot / Castell-nedd Port Talbot,2022,635.79107117857075,386.95210004961001,1022.74317122818,61.887999999999998
W06000013,Bridgend / Pen-y-bont ar Ogwr,2022,658.2077114660425,593.45588316987835,1251.6635946359211,63.441000000000003
W06000014,Vale of Glamorgan / Bro Morgannwg,2022,568.57908961427427,260.12639356348052,828.70548317775513,55.265000000000001
W06000015,Cardiff / Caerdydd,2022,1473.947483519848,1006.359652045443,2480.307135565291,142.114
W06000016,Rhondda Cynon Taf / Rhondda Cynon Taf,2022,1168.8533040858681,528.34398353654547,1697.197287622417,107.408
W06000018,Caerphilly / Caerffili,2022,849.95331569208145,267.93915877123652,1117.892474463318,78.216999999999999
W06000019,Blaenau Gwent / Blaenau Gwent,2022,361.56913281558349,314.68210657100701,676.25123938659033,32.048000000000002
W06000020,Torfaen / Torfaen,2022,418.25476740154198,306.752659916021,725.00742731756259,41.802
W06000021,Monmouthshire / Sir Fynwy,2022,344.81799905077952,264.16497067174839,608.98296972252763,32.621000000000002
W06000022,Newport / Casnewydd,2022,662.79004226342283,710.35246147697546,1373.1425037403981,65.662999999999997
W06000023,Powys / Powys,2022,295.6624803757623,159.33710827046559,454.99958864622761,29.448
W06000024,Merthyr Tydfil / Merthyr Tudful,2022,306.53986030938319,196.07189103383979,502.61175134322252,26.565000000000001
E06000001,Hartlepool,2023,466.69866503722068,286.70992538097812,753.40859041819499,43.88
E06000002,Middlesbrough,2023,681.00082613690074,278.96617979164358,959.96700592854813,62.631
E06000003,Redcar and Cleveland,2023,670.34377623963223,722.44135774618371,1392.7851339858371,63.003
E06000004,Stockton-on-Tees,2023,958.77076782301071,814.63396666533413,1773.404734488344,86.715000000000003
E06000005,Darlington,2023,560.28701644810496,409.78905807930198,970.07607452740638,49.661000000000001
E06000006,Halton,2023,552.20469812269448,469.10637193390681,1021.311070056599,56.398000000000003
E06000007,Warrington,2023,993.7078911876082,1035.6146751320521,2029.322566319674,91.224000000000004
E06000008,Blackburn with Darwen,2023,741.85321193946447,400.03767764262687,1141.890889582096,60.581000000000003
E06000009,Blackpool,2023,678.05325575241034,371.34156723846201,1049.394822990874,63.741
E06000010,"Kingston upon Hull, City of",2023,1154.6225822724671,751.08810349905434,1905.710685771518,116.11
E06000011,East Riding of Yorkshire,2023,1640.483761900387,1010.269449300557,2650.7532112009958,142.142
E06000012,North East Lincolnshire,2023,748.03454135881384,715.13668552112256,1463.1712268799411,71.561000000000007
E06000013,North Lincolnshire,2023,775.40544478152469,467.4676694870148,1242.873114268536,69.513999999999996
E06000014,York,2023,944.96789920971469,518.49191782002811,1463.459817029737,81.450999999999993
E06000015,Derby,2023,1178.1009730238691,645.40716559630641,1823.5081386201809,106.47799999999999
E06000016,Leicester,2023,1502.514157747303,1136.697868595935,2639.2120263432348,121.179
E06000017,Rutland,2023,188.14853732489399,128.80569859127971,316.95423591617327,14.573
E06000018,Nottingham,2023,1297.298766517476,913.10121286696619,2210.3999793844309,118.65300000000001
E06000019,"Herefordshire, County of",2023,556.31862088966034,490.6192040118442,1046.937824901501,55.579000000000001
E06000020,Telford and Wrekin,2023,813.65087716595872,510.51428599531113,1324.1651631612681,79.093999999999994
E06000021,Stoke-on-Trent,2023,1240.0842955408229,857.2746523466061,2097.3589478874251,111.98399999999999
E06000022,Bath and North East Somerset,2023,814.68689874656161,260.49739139863112,1075.184290145198,72.016000000000005
E06000023,"Bristol, City of",2023,1738.345872359673,793.16615198932266,2531.5120243490001,174.62700000000001
E06000024,North Somerset,2023,902.08397559280979,993.52764147440962,1895.611617067226,87.662999999999997
E06000025,South Gloucestershire,2023,1098.608507202548,512.78078375206621,1611.389290954608,110.976
E06000026,Plymouth,2023,915.84945217229199,470.88039040340482,1386.7298425757119,111.771
E06000027,Torbay,2023,555.79492727051593,218.92542790696351,774.72035517748077,57.639000000000003
E06000030,Swindon,2023,947.94294832503135,330.18552025581369,1278.12846858084,91.221000000000004
E06000031,Peterborough,2023,854.63080021374003,397.79602140365802,1252.4268216174,81.429000000000002
E06000032,Luton,2023,911.12025111678645,434.82287734113362,1345.9431284579191,72.509
E06000033,Southend-on-Sea,2023,876.88353885916877,182.00656408756441,1058.8901029467299,73.947000000000003
E06000034,Thurrock,2023,640.86363107775594,598.44695537682867,1239.310586454586,60.499000000000002
E06000035,Medway,2023,1143.529353542913,390.80791795314212,1534.3372714960569,110.559
E06000036,Bracknell Forest,2023,549.67807471735489,210.29895092052939,759.97702563788846,48
E06000037,West Berkshire,2023,579.98685671991473,366.50393160071292,946.49078832062696,48.692
E06000038,Reading,2023,680.833324517709,341.39604115054118,1022.229365668248,59.887
E06000039,Slough,2023,550.88109094848494,264.96735950647849,815.84845045496525,46.64
E06000040,Windsor and Maidenhead,2023,809.36933639076824,239.88132997660591,1049.2506663673739,57.353999999999999
E06000041,Wokingham,2023,881.9482853703156,180.0075241732047,1061.9558095435191,68.064999999999998
E06000042,Milton Keynes,2023,1214.944300626745,648.74791865761608,1863.692219284349,112.069
E06000043,Brighton and Hove,2023,1156.778612231054,425.41086854911453,1582.1894807801721,110.879
E06000044,Portsmouth,2023,749.78516837183031,454.87168260212587,1204.656850973955,79.881
E06000045,Southampton,2023,796.59935964583087,488.75360437626728,1285.3529640220991,81.424000000000007
E06000046,Isle of Wight,2023,565.88079893348277,407.75656123280078,973.63736016628422,58.921999999999997
E06000047,County Durham,2023,2725.061208717847,1043.8537272330941,3768.9149359511111,235.62200000000001
E06000049,Cheshire East,2023,2012.3651063390751,1585.2163715896329,3597.581477928718,165.577
E06000050,Cheshire West and Chester,2023,1596.2421075746829,853.52446912731921,2449.766576701998,147.08799999999999
E06000051,Shropshire,2023,1046.5996667382501,762.29614170837533,1808.895808446618,100.033
E06000052,Cornwall,2023,1301.083357292011,798.83061123208734,2099.9139685240898,149.417
E06000053,Isles of Scilly,2023,,,,
E06000054,Wiltshire,2023,1682.632375151901,1024.864566539246,2707.496941691144,161.20400000000001
E06000055,Bedford,2023,760.99870379378967,332.49956461394402,1093.4982684077299,67.128
E06000056,Central Bedfordshire,2023,1308.482990660611,496.61939295514048,1805.102383615754,117.11799999999999
E06000057,Northumberland,2023,1544.9360857815441,908.7208561144306,2453.6569418959598,131.173
E06000058,"Bournemouth, Christchurch and Poole",2023,1699.9780642041339,530.76495485743033,2230.7430190615542,162.19399999999999
E06000059,Dorset,2023,1483.8874529614029,603.07493108646077,2086.9623840478471,142.54599999999999
E06000060,Buckinghamshire,2023,2742.2608138356768,822.300620215457,3564.5614340511461,197.411
E06000061,North Northamptonshire,2023,1599.4352656718011,968.39364027053307,2567.828905942346,147.39699999999999
E06000062,West Northamptonshire,2023,1748.7783376306611,853.75306452625057,2602.5314021569179,157.072
E06000063,Cumberland,2023,1323.147146750915,1147.4608624193979,2470.608009170337,116.086
E06000064,Westmorland and Furness,2023,986.99561754381796,1218.03333165445,2205.028949198263,87.536000000000001
E06000065,North Yorkshire,2023,2665.8231147497841,3061.638058578355,5727.4611733278698,225.51400000000001
E06000066,Somerset,2023,1806.2465820721,1038.0921118720739,2844.3386939441848,189.386
E07000008,Cambridge,2023,548.68139513199981,506.19294428785997,1054.874339419858,48.305999999999997
E07000009,East Cambridgeshire,2023,315.16355205430108,228.81557905485059,543.9791311091509,28.515999999999998
E07000010,Fenland,2023,394.86333988060971,560.58631430555704,955.44965418615993,36.457000000000001
E07000011,Huntingdonshire,2023,758.78758066016781,225.8624098526785,984.6499905128469,69.738
E07000012,South Cambridgeshire,2023,613.47653886656587,408.18510406917193,1021.661642935736,52.610999999999997
E07000032,Amber Valley,2023,661.20292686832397,320.72400167020032,981.92692853852304,57.201999999999998
E07000033,Bolsover,2023,405.91168495048697,270.92853346892878,676.84021841941501,36.661000000000001
E07000034,Chesterfield,2023,525.67911280950591,285.89249140654732,811.57160421605067,49.024000000000001
E07000035,Derbyshire Dales,2023,363.66005366512621,287.73872800539539,651.39878167052234,27.76
E07000036,Erewash,2023,551.98360503862568,201.14850966226521,753.13211470089163,50.441000000000003
E07000037,High Peak,2023,500.54927840069172,1123.8854413509221,1624.4347197516199,40.573999999999998
E07000038,North East Derbyshire,2023,552.38530746897959,153.7683035946408,706.15361106361888,46.53
E07000039,South Derbyshire,2023,492.90956376796368,344.19911596342132,837.10867973138409,45.805
E07000040,East Devon,2023,510.40774561771082,135.05862592382931,645.46637154154234,51.256
E07000041,Exeter,2023,439.02189505594521,342.86646004913467,781.88835510507863,49.503999999999998
E07000042,Mid Devon,2023,202.83864552314881,187.8254353402414,390.66408086339072,22.478999999999999
E07000043,North Devon,2023,324.06104222835359,117.10642554416199,441.16746777251581,34.33
E07000044,South Hams,2023,279.55503266770279,156.18249795482191,435.73753062252439,28.88
E07000045,Teignbridge,2023,463.76199464638307,137.35387023875111,601.11586488513444,49.887
E07000046,Torridge,2023,155.23621866892111,26.415342245462629,181.65156091438359,17.356999999999999
E07000047,West Devon,2023,152.6437677150289,167.58247737090889,320.22624508593759,15.028
E07000061,Eastbourne,2023,412.88293099659512,179.11241305178589,591.99534404838005,41.848999999999997
E07000062,Hastings,2023,387.5478096002048,95.727565650734931,483.27537525094073,38.340000000000003
E07000063,Lewes,2023,422.10934479096778,82.091276071101561,504.20062086206832,38.819000000000003
E07000064,Rother,2023,416.56423066182288,252.18897719130749,668.75320785313124,35.14
E07000065,Wealden,2023,661.58659291384913,106.6853767039004,768.27196961774746,55.372999999999998
E07000066,Basildon,2023,782.81882952542469,319.68387942545837,1102.502708950874,71.935000000000002
E07000067,Braintree,2023,579.02907124422006,168.90711041054811,747.93618165476732,53.140999999999998
E07000068,Brentwood,2023,435.351557688399,124.0584782357796,559.41003592417667,31.077000000000002
E07000069,Castle Point,2023,438.95788015433737,92.770869692534774,531.72874984687166,35.921999999999997
E07000070,Chelmsford,2023,763.13187705706548,204.26933849858591,967.40121555565088,65.605000000000004
E07000071,Colchester,2023,742.59191189780358,245.50991939089701,988.10183128870051,68.763999999999996
E07000072,Epping Forest,2023,673.42523121435124,437.48616393707721,1110.9113951514321,49.667999999999999
E07000073,Harlow,2023,372.73489026741902,286.60526901076719,659.34015927818746,37.283999999999999
E07000074,Maldon,2023,211.50168687212391,67.117384978688762,278.61907185081412,19.138000000000002
E07000075,Rochford,2023,421.01394749762318,57.670064599960106,478.68401209758417,34.615000000000002
E07000076,Tendring,2023,647.30804346302523,171.09608094282891,818.40412440585203,61.237000000000002
E07000077,Uttlesford,2023,363.06152449635272,101.2338141241197,464.2953386204735,28.425000000000001
E07000078,Cheltenham,2023,541.9058298748356,220.78627206967721,762.69210194451114,51.293999999999997
E07000079,Cotswold,2023,346.69681235617691,115.9499225157824,462.64673487195932,28.812000000000001
E07000080,Forest of Dean,2023,251.7008021527686,294.24952156349082,545.95032371625666,24.428999999999998
E07000081,Gloucester,2023,525.669309696205,382.73100181747043,908.40031151367259,53.890999999999998
E07000082,Stroud,2023,518.81548163490697,326.99107015080051,845.80655178571124,46.744
E07000083,Tewkesbury,2023,395.10811867806677,274.72294451194142,669.83106319000808,39.621000000000002
E07000084,Basingstoke and Deane,2023,715.95697820176395,202.52388320666739,918.48086140843156,66.88
E07000085,East Hampshire,2023,567.14833655070561,97.922558733104495,665.07089528380925,46.268000000000001
E07000086,Eastleigh,2023,573.00984707709176,159.26912879293781,732.27897587002883,56.323999999999998
E07000087,Fareham,2023,501.54779315616543,133.25214692561579,634.79994008178141,47.387999999999998
E07000088,Gosport,2023,293.11675812436198,80.375676692709163,373.49243481707151,32.606999999999999
E07000089,Hart,2023,510.36343629627447,107.01076388094,617.37420017721331,38.125
E07000090,Havant,2023,540.55538361648632,78.740639047828907,619.29602266431652,53.179000000000002
E07000091,New Forest,2023,798.37625099417812,200.82363292678551,999.19988392096332,71.343000000000004
E07000092,Rushmoor,2023,410.19625257486882,169.34741418725409,579.54366676212283,37.933999999999997
E07000093,Test Valley,2023,442.87081081485837,192.0975119773795,634.96832279223815,43.161999999999999
E07000094,Winchester,2023,529.41983941786111,190.95304572727039,720.37288514513102,45.652000000000001
E07000095,Broxbourne,2023,441.68492100562401,85.197790627475882,526.88271163309969,37.286000000000001
E07000096,Dacorum,2023,754.37670437498764,220.0450790001583,974.4217833751469,59.872999999999998
E07000098,Hertsmere,2023,584.43383643748098,230.74938914521439,815.18322558269551,41.347000000000001
E07000099,North Hertfordshire,2023,598.29617171788482,263.90644437903393,862.20261609691806,49.66
E07000102,Three Rivers,2023,524.176350957718,110.7884304135132,634.96478137123199,35.639000000000003
E07000103,Watford,2023,438.63842322334528,126.133804034916,564.77222725826221,35.26
E07000105,Ashford,2023,474.72889764300299,183.40088119431019,658.12977883731378,44.93
E07000106,Canterbury,2023,682.12312776375495,227.22903519492459,909.35216295868167,61.947000000000003
E07000107,Dartford,2023,484.67257631459898,218.54045110015599,703.21302741475529,45.508000000000003
E07000108,Dover,2023,489.06701666933787,217.43717519084021,706.50419186017803,48.795999999999999
E07000109,Gravesham,2023,451.07424166485981,206.0339023441669,657.10814400902564,40.542000000000002
E07000110,Maidstone,2023,726.3714748830198,211.26606129464079,937.63753617766065,66.138999999999996
E07000111,Sevenoaks,2023,591.89034560104642,102.38681823344329,694.27716383448728,42.415999999999997
E07000112,Folkestone and Hythe,2023,458.10611114499932,131.55030147741871,589.65641262241854,44.271000000000001
E07000113,Swale,2023,589.37717648702619,564.35902953871221,1153.7362060257369,58.915999999999997
E07000114,Thanet,2023,623.94241981729567,585.89011305909753,1209.8325328763931,62.225999999999999
E07000115,Tonbridge and Malling,2023,590.71136750508686,207.94784857644609,798.65921608153053,50.845999999999997
E07000116,Tunbridge Wells,2023,526.37506448250599,128.05640293642969,654.43146741893554,40.587000000000003
E07000117,Burnley,2023,460.74560777763099,232.523684336223,693.26929211385504,41.082000000000001
E07000118,Chorley,2023,557.25817741469507,274.07199554992212,831.33017296461549,49.634999999999998
E07000119,Fylde,2023,436.58558802565892,166.83042124697309,603.41600927263141,36.412999999999997
E07000120,Hyndburn,2023,412.03379237555208,288.25834416368889,700.29213653923966,36.372999999999998
E07000121,Lancaster,2023,620.3456600406837,390.8130802570995,1011.158740297785,56.661000000000001
E07000122,Pendle,2023,479.05470824243559,187.20251678219611,666.2572250246327,39.279000000000003
E07000123,Preston,2023,686.14025009352838,441.27028497912443,1127.4105350726511,60.991999999999997
E07000124,Ribble Valley,2023,305.78474580390258,221.30172971439441,527.08647551829722,24.626999999999999
E07000125,Rossendale,2023,387.88287702977601,239.2516723456894,627.13454937546499,31.024000000000001
E07000126,South Ribble,2023,543.03867183812679,284.95677464817231,827.99544648630024,49.908000000000001
E07000127,West Lancashire,2023,541.20150575209004,624.27243850485377,1165.4739442569451,46.186
E07000128,Wyre,2023,554.70360068890739,347.25390901370241,901.95750970261065,49.779000000000003
E07000129,Blaby,2023,500.33827258002702,161.38485253444571,661.7231251144691,43.073
E07000130,Charnwood,2023,856.68091522434349,537.74090183188764,1394.4218170562319,75.204999999999998
E07000131,Harborough,2023,465.29259931013689,161.43508432955159,626.72768363968737,37.776000000000003
E07000132,Hinckley and Bosworth,2023,535.56966226854593,240.13616478034791,775.70582704889478,47.773000000000003
E07000133,Melton,2023,231.03157542553521,165.17682789463231,396.20840332016712,20.317
E07000134,North West Leicestershire,2023,497.83604948494951,532.00277931171684,1029.838828796667,43.107999999999997
E07000135,Oadby and Wigston,2023,303.49634865555112,81.048288188308234,384.54463684385831,23.972999999999999
E07000136,Boston,2023,259.9302617164891,95.756182524140854,355.68644424063098,24.420999999999999
E07000137,East Lindsey,2023,454.75937067607038,176.94130492913311,631.7006756052026,43.015999999999998
E07000138,Lincoln,2023,413.8978733216174,331.62755369944978,745.52542702106746,41.765000000000001
E07000139,North Kesteven,2023,444.2487901967566,157.16496499319169,601.41375518994937,41.76
E07000140,South Holland,2023,349.71446570709628,205.88450908223751,555.59897478933374,32.427
E07000141,South Kesteven,2023,568.48831718547376,261.3981804061475,829.88649759162126,52.506
E07000142,West Lindsey,2023,388.27403900757611,156.3244931820974,544.59853218967419,34.912999999999997
E07000143,Breckland,2023,369.99525842031278,211.6979911805762,581.69324960089114,36.857999999999997
E07000144,Broadland,2023,529.95874924202769,100.05287069083511,630.01161993286178,48.555999999999997
E07000145,Great Yarmouth,2023,328.33344422100993,138.4383787140537,466.77182293506348,34.636000000000003
E07000146,King's Lynn and West Norfolk,2023,402.32991099609029,310.71722284864092,713.04713384473109,37.921999999999997
E07000147,North Norfolk,2023,300.72028161695391,185.09360131998369,485.81388293693738,28.335000000000001
E07000148,Norwich,2023,565.1568048909362,392.502659406399,957.65946429733435,59.131999999999998
E07000149,South Norfolk,2023,395.20167077732953,261.25107482197939,656.45274559930829,38.348999999999997
E07000170,Ashfield,2023,628.25930064091392,267.7291456660559,895.98844630696703,55.673999999999999
E07000171,Bassetlaw,2023,511.326274037112,344.06589372581698,855.3921677629329,46.658000000000001
E07000172,Broxtowe,2023,575.60485012307743,426.03519921828251,1001.640049341358,49.481000000000002
E07000173,Gedling,2023,626.39038739603518,303.90365412994532,930.29404152598033,51.655999999999999
E07000174,Mansfield,2023,581.43577954236093,165.0166643489604,746.4524438913229,49.771000000000001
E07000175,Newark and Sherwood,2023,561.0316028474183,793.74167272280147,1354.7732755702191,49.377000000000002
E07000176,Rushcliffe,2023,642.97821696340623,517.24225768729707,1160.2204746506991,50.594000000000001
E07000177,Cherwell,2023,589.78372887711976,371.70457667973329,961.48830555685231,54.533000000000001
E07000178,Oxford,2023,629.95891333070108,706.97590842364127,1336.9348217543429,52.625
E07000179,South Oxfordshire,2023,664.58339187298861,237.02853645444961,901.611928327442,54.445
E07000180,Vale of White Horse,2023,610.26541095551329,243.2165506838769,853.48196163939031,53.607999999999997
E07000181,West Oxfordshire,2023,466.8163262422446,150.35375455423309,617.17008079648019,40.116
E07000192,Cannock Chase,2023,487.96235825239842,113.902725513918,601.86508376631673,43.436999999999998
E07000193,East Staffordshire,2023,541.56267003907703,533.82356982155818,1075.386239860632,48.610999999999997
E07000194,Lichfield,2023,538.59026386420544,194.5700781361148,733.16034200032004,43.942999999999998
E07000195,Newcastle-under-Lyme,2023,624.21154431986565,416.04995581375482,1040.261500133621,52.573
E07000196,South Staffordshire,2023,529.88326019994884,338.58905612202608,868.47231632197531,43.314999999999998
E07000197,Stafford,2023,624.61438169442374,236.36044700010109,860.97482869452665,53.851999999999997
E07000198,Staffordshire Moorlands,2023,463.27652318434542,454.66868513455921,917.94520831890634,37.125999999999998
E07000199,Tamworth,2023,342.18077132620749,75.632045915539692,417.81281724174761,33.045000000000002
E07000200,Babergh,2023,297.96604588861959,132.9484273920873,430.91447328070632,27.69
E07000202,Ipswich,2023,535.75547172625568,174.47265272013061,710.22812444638407,52.941000000000003
E07000203,Mid Suffolk,2023,230.82004548425809,251.67857976170171,482.49862524596023,24.151
E07000207,Elmbridge,2023,861.92608357299844,245.92757408466181,1107.853657657658,54.362000000000002
E07000208,Epsom and Ewell,2023,428.49770074246231,91.920288328290795,520.4179890707519,30.187999999999999
E07000209,Guildford,2023,730.82224057043152,296.9615770705667,1027.783817641,53.860999999999997
E07000210,Mole Valley,2023,505.15027998326758,167.91072630969171,673.06100629295736,33.976999999999997
E07000211,Reigate and Banstead,2023,813.09352823085737,201.6561823483803,1014.749710579237,58.195999999999998
E07000212,Runnymede,2023,417.29746595665489,206.0775336345709,623.37499959122579,32.003
E07000213,Spelthorne,2023,469.85107325186488,135.90928409679049,605.76035734865502,38.427999999999997
E07000214,Surrey Heath,2023,505.02574442058619,148.92686958299939,653.95261400358675,35.119999999999997
E07000215,Tandridge,2023,492.42387381258828,95.142854333101226,587.5667281456889,32.847999999999999
E07000216,Waverley,2023,727.38560521224258,169.9363914451576,897.3219966573995,49.58
E07000217,Woking,2023,495.54720170571528,130.06110281230499,625.60830451802019,36.213000000000001
E07000218,North Warwickshire,2023,296.89638021018777,318.60900113406478,615.50538134425346,25.934000000000001
E07000219,Nuneaton and Bedworth,2023,614.84636597672443,201.2704464450841,816.11681242181169,57.720999999999997
E07000220,Rugby,2023,530.05675213031122,426.79289865205328,956.84965078236803,46.279000000000003
E07000221,Stratford-on-Avon,2023,514.05746476504044,151.22991199700209,665.28737676204275,45.87
E07000222,Warwick,2023,681.37534594250917,245.32803993393489,926.70338587644528,58.948
E07000223,Adur,2023,259.3284683286783,56.367908098123358,315.69637642680232,26.222000000000001
E07000224,Arun,2023,742.06346714999199,217.6654943416402,959.72896149162716,69.271000000000001
E07000225,Chichester,2023,483.70872169721179,351.59469789237562,835.30341958958911,43.067999999999998
E07000226,Crawley,2023,454.77511522468438,215.31103020673129,670.08614543141607,43.271999999999998
E07000227,Horsham,2023,595.80350797725521,202.82762662374159,798.63113460099578,51.3
E07000228,Mid Sussex,2023,706.2226439819533,204.3813832891216,910.60402727107464,59.158000000000001
E07000229,Worthing,2023,462.19137229950189,182.4011010842529,644.59247338375428,44.33
E07000234,Bromsgrove,2023,507.69072824164482,102.651554887589,610.3422831292346,39.273000000000003
E07000235,Malvern Hills,2023,268.01390241961349,65.253390982740726,333.26729340235448,24.792999999999999
E07000236,Redditch,2023,375.07168750804391,240.93175486626589,616.00344237431023,36.241999999999997
E07000237,Worcester,2023,420.01618243961877,188.8204249569597,608.83660739657819,42.447000000000003
E07000238,Wychavon,2023,491.77762311723512,559.54144071772771,1051.3190638349579,46.545999999999999
E07000239,Wyre Forest,2023,435.44009036838349,130.1126773285271,565.55276769691,41.485999999999997
E07000240,St Albans,2023,816.56927672463098,233.5007340182884,1050.070010742917,57.39
E07000241,Welwyn Hatfield,2023,554.72137342846611,236.8463330981626,791.56770652662692,44.665999999999997
E07000242,East Hertfordshire,2023,678.78542373999926,236.38217063053389,915.1675943705327,54.500999999999998
E07000243,Stevenage,2023,359.73820422852327,325.34891227917598,685.08711650769794,34.524999999999999
E07000244,East Suffolk,2023,970.03745645606091,418.82090730643063,1388.858363762489,93.165999999999997
E07000245,West Suffolk,2023,580.53061176692847,1558.1973892592091,2138.728001026137,56.451000000000001
E08000001,Bolton,2023,1399.903419313802,524.53076889799286,1924.4341882117981,119.351
E08000002,Bury,2023,967.72772826834375,320.2481128293951,1287.9758410977399,80.456000000000003
E08000003,Manchester,2023,1971.228862588581,1496.5457510395011,3467.774613628103,185.624
E08000004,Oldham,2023,1100.2691317095621,487.71282810922821,1587.9819598188001,93.337999999999994
E08000005,Rochdale,2023,1038.227409175729,394.90732340483203,1433.134732580558,92.224999999999994
E08000006,Salford,2023,1069.965800041231,575.86943998559354,1645.8352400268309,99.513000000000005
E08000007,Stockport,2023,1523.958573467216,671.29923464256524,2195.2578081097859,122.258
E08000008,Tameside,2023,1071.80824126776,407.48414016569831,1479.2923814334549,99.933000000000007
E08000009,Trafford,2023,1213.6910377011129,1528.2663921805081,2741.9574298816242,93.522999999999996
E08000010,Wigan,2023,1477.0795189307321,675.6922836617598,2152.771802592511,145.28100000000001
E08000011,Knowsley,2023,657.53979782504757,623.98216394337658,1281.5219617684161,68.388999999999996
E08000012,Liverpool,2023,2034.506924516958,1489.5323418351491,3524.0392663520929,199.81
E08000013,St. Helens,2023,840.99444674413917,1086.2820721196749,1927.2765188638241,82.551000000000002
E08000014,Sefton,2023,1374.466729676715,1057.6758563056339,2432.142585982358,121.953
E08000015,Wirral,2023,1576.2560350977551,829.05759302216893,2405.313628119919,142.77500000000001
E08000017,Doncaster,2023,1482.266215440382,822.3058205164258,2304.5720359568159,135.816
E08000018,Rotherham,2023,1288.899769379359,944.36991922978962,2233.2696886091571,117.241
E08000021,Newcastle upon Tyne,2023,1434.249347682786,1008.801866279989,2443.0512139627281,118.057
E08000022,North Tyneside,2023,1112.2584977288259,581.13102595091686,1693.389523679783,96.872
E08000023,South Tyneside,2023,757.63769932352682,198.19865024580261,955.83634956932542,70.665999999999997
E08000024,Sunderland,2023,1446.8654090988839,666.87839354809569,2113.7438026469531,127.01900000000001
E08000025,Birmingham,2023,4969.190154542579,2977.927453365261,7947.1176079076531,392.61
E08000026,Coventry,2023,1478.686613599868,794.3748041606616,2273.0614177605221,132.94499999999999
E08000027,Dudley,2023,1525.1027609060091,513.10552299234041,2038.208283898359,134.30699999999999
E08000028,Sandwell,2023,1453.0299705997891,838.53469917810094,2291.5646697778752,126.81699999999999
E08000029,Solihull,2023,1118.7118085393381,651.85045254740521,1770.562261086742,87.146000000000001
E08000030,Walsall,2023,1299.5198908503789,511.02157505973139,1810.5414659101159,109.916
E08000031,Wolverhampton,2023,1228.60126317861,644.45144336909698,1873.0527065477031,101.703
E08000032,Bradford,2023,2701.3238029369072,1684.7955146963959,4386.1193176333363,204.61799999999999
E08000033,Calderdale,2023,1107.9150802792069,363.08934605415448,1471.004426333363,89.075000000000003
E08000034,Kirklees,2023,2259.7478009001361,1061.4111611547989,3321.158962054933,179.834
E08000035,Leeds,2023,3810.6759204117061,1964.467185437283,5775.1431058488606,320.50700000000001
E08000036,Wakefield,2023,1678.131696058354,1442.673404617301,3120.8051006756191,155.30199999999999
E08000037,Gateshead,2023,1041.436214701163,582.1725851810379,1623.6087998822361,89.704999999999998
E08000038,Barnsley,2023,1184.2596588759311,965.17284401878408,2149.432502894711,109.28700000000001
E08000039,Sheffield,2023,2667.283657285232,1464.0425501193811,4131.3262074045961,224.85599999999999
E09000001,City of London,2023,25.638671027134791,679.43945249243984,705.07812351957432,2.8639999999999999
E09000002,Barking and Dagenham,2023,696.77039463519054,236.16271822070459,932.93311285589789,65.86
E09000003,Barnet,2023,1968.413532159818,501.67570458008578,2470.0892367398951,130.72900000000001
E09000004,Bexley,2023,1081.257773815903,677.97512510454987,1759.2328989204459,90.465999999999994
E09000005,Brent,2023,1390.7217804586201,569.65952232976815,1960.381302788403,102.679
E09000006,Bromley,2023,1795.6936214550069,307.03578198181378,2102.729403436826,132.27699999999999
E09000007,Camden,2023,854.90056849684333,1335.675331276407,2190.575899773251,78.171999999999997
E09000008,Croydon,2023,1846.987195334794,448.97587829410389,2295.9630736289,143.751
E09000009,Ealing,2023,1499.098843985598,636.29884926332295,2135.39769324894,120.053
E09000010,Enfield,2023,1416.5220525168729,484.32269443159811,1900.8447469484711,109.27800000000001
E09000011,Greenwich,2023,1017.892889913471,513.80852907866233,1531.701418992136,92.989000000000004
E09000012,Hackney,2023,872.70169107365939,369.34100059059602,1242.0426916642571,91.340999999999994
E09000013,Hammersmith and Fulham,2023,783.45249087145692,534.35625048770555,1317.80874135915,74.379000000000005
E09000014,Haringey,2023,1123.443811209359,351.74108518240229,1475.1848963917701,95.805000000000007
E09000015,Harrow,2023,1290.973962269316,222.14225038262899,1513.11621265194,84.688000000000002
E09000016,Havering,2023,1189.8001265962389,202.5757233259169,1392.375849922146,98.694000000000003
E09000017,Hillingdon,2023,1309.0906682897969,640.67498137881682,1949.7656496686141,100.529
E09000018,Hounslow,2023,1061.642704088523,517.32546206373104,1578.968166152255,85.295000000000002
E09000019,Islington,2023,794.81965514137778,594.01332845317836,1388.8329835945619,86.382000000000005
E09000020,Kensington and Chelsea,2023,802.89175884445717,790.34868932946665,1593.240448173922,68.450999999999993
E09000021,Kingston upon Thames,2023,790.10501897049005,222.43081852093511,1012.535837491429,61.186999999999998
E09000022,Lambeth,2023,1218.897392161108,796.93380901875287,2015.8312011798639,119.622
E09000023,Lewisham,2023,1181.427213097003,356.69136980911782,1538.1185829061189,109.851
E09000024,Merton,2023,964.18003601047303,289.11065262871813,1253.2906886392041,77.789000000000001
E09000025,Newham,2023,990.76303129416658,1035.8447337454761,2026.607765039643,92.903000000000006
E09000026,Redbridge,2023,1310.6461406804781,224.25126692818171,1534.897407608654,95.444999999999993
E09000027,Richmond upon Thames,2023,1047.036568455916,273.98377800265507,1321.0203464585741,78.55
E09000028,Southwark,2023,925.99347370868713,857.03085428146244,1783.0243279901449,100.375
E09000029,Sutton,2023,920.56810745212101,262.16707617761369,1182.735183629735,72.774000000000001
E09000030,Tower Hamlets,2023,637.33419157776723,839.70778137885793,1477.0419729566099,76.655000000000001
E09000031,Waltham Forest,2023,1055.69014689255,284.68042471554742,1340.3705716080999,93.77
E09000032,Wandsworth,2023,1350.2658133478501,654.41239046720989,2004.6782038150709,120.80500000000001
E09000033,Westminster,2023,876.54293582990624,2170.5798367609341,3047.1227725908479,86.900999999999996
S12000005,Clackmannanshire,2023,265.79137900915219,715.35631486710679,981.14769387625779,23.69
S12000006,Dumfries and Galloway,2023,531.90018014738018,570.83734045061772,1102.7375205980011,46.128999999999998
S12000008,East Ayrshire,2023,642.71142023619461,272.21696461619331,914.92838485238781,55.845999999999997
S12000010,East Lothian,2023,523.95692434132957,223.89019184537909,747.84711618671133,46.226999999999997
S12000011,East Renfrewshire,2023,574.1514888847953,98.91531024041123,673.06679912520553,38.189
S12000013,Na h-Eileanan Siar,2023,18.20971993582414,6.7630085907894193,24.972728526613569,1.6839999999999999
S12000014,Falkirk,2023,810.13496490212992,516.41810802974544,1326.5530729318759,69.537000000000006
S12000017,Highland,2023,565.48017671727177,524.67106907838854,1090.151245795666,47.206000000000003
S12000018,Inverclyde,2023,413.20867170161642,168.8571421304475,582.0658138320639,35.279000000000003
S12000019,Midlothian,2023,469.25282410242011,183.26178322257249,652.51460732499288,41.643000000000001
S12000020,Moray,2023,401.97284024993189,1253.233040159344,1655.2058804092751,32.832999999999998
S12000021,North Ayrshire,2023,665.80268109078861,969.01652862907667,1634.8192097198639,60.987000000000002
S12000023,Orkney Islands,2023,,,,
S12000026,Scottish Borders,2023,450.34699491056563,261.8820552504115,712.22905016097934,38.837000000000003
S12000027,Shetland Islands,2023,,,,
S12000028,South Ayrshire,2023,582.10192688648328,591.11966099517963,1173.2215878816651,48.8
S12000029,South Lanarkshire,2023,1674.486685240325,505.52037670680153,2180.0070619471121,136.24600000000001
S12000030,Stirling,2023,443.2689081747701,684.92767760621393,1128.1965857809839,34.232999999999997
S12000033,Aberdeen City,2023,1202.2336020252139,894.67133891358139,2096.9049409387981,104.667
S12000034,Aberdeenshire,2023,961.11490053175032,364.65875001535443,1325.773650547105,71.394000000000005
S12000035,Argyll and Bute,2023,274.88276205666972,109.7669174211524,384.64967947782242,21.190999999999999
S12000036,City of Edinburgh,2023,2492.394796024983,1628.548299512918,4120.9430955379021,231.47
S12000038,Renfrewshire,2023,926.86110069743518,537.51686075728799,1464.3779614547279,84.5
S12000039,West Dunbartonshire,2023,420.69023347737789,222.40478174034499,643.09501521772165,42.27
S12000040,West Lothian,2023,963.90733086587704,792.2528291002119,1756.160159966093,80.933000000000007
S12000041,Angus,2023,518.58986187292771,327.0372719321544,845.62713380507978,43.054000000000002
S12000042,Dundee City,2023,696.94185515984918,495.41078523673542,1192.3526403965859,63.914999999999999
S12000045,East Dunbartonshire,2023,667.72132551128459,114.8971141394827,782.6184396507665,45.844000000000001
S12000047,Fife,2023,2002.362998356622,1415.8677688289299,3418.230767185561,169.81700000000001
S12000048,Perth and Kinross,2023,646.82995781841919,301.07255532301929,947.90251314144109,51.360999999999997
S12000049,Glasgow City,2023,2559.040474238735,1943.684815115131,4502.7252893538434,267.762
S12000050,North Lanarkshire,2023,1744.62238321882,897.47455718511799,2642.0969404039288,150.50299999999999
W06000001,Isle of Anglesey / Ynys Môn,2023,160.0827363622694,100.69147905657741,260.77421541884547,16.763999999999999
W06000002,Gwynedd / Gwynedd,2023,311.63802354519731,196.0239897907864,507.6620133359832,31.297000000000001
W06000003,Conwy / Conwy,2023,483.0742332975891,127.4682227815946,610.5424560791821,47.158000000000001
W06000004,Denbighshire / Sir Ddinbych,2023,355.38996902362447,160.10646432965569,515.49643335328096,34.94
W06000005,Flintshire / Sir y Fflint,2023,595.02376259286279,604.86965478551383,1199.893417378375,58.667000000000002
W06000006,Wrexham / Wrecsam,2023,525.97156046529381,1492.6290037055221,2018.600564170815,52.255000000000003
W06000008,Ceredigion / Ceredigion,2023,94.281095774891867,61.039684604650589,155.3207803795423,9.1270000000000007
W06000009,Pembrokeshire / Sir Benfro,2023,362.0432559186882,156.23903351416621,518.28228943285535,36.679000000000002
W06000010,Carmarthenshire / Sir Gaerfyrddin,2023,580.56828612103618,508.1631381373108,1088.7314242583479,54.042999999999999
W06000011,Swansea / Abertawe,2023,1127.682029328728,670.66618161653105,1798.3482109452591,103.17700000000001
W06000012,Neath Port Talbot / Castell-nedd Port Talbot,2023,660.09167616215711,361.77683809061,1021.868514252767,61.95
W06000013,Bridgend / Pen-y-bont ar Ogwr,2023,684.00564857201789,599.90361591747592,1283.909264489497,63.548999999999999
W06000014,Vale of Glamorgan / Bro Morgannwg,2023,586.1292267359396,261.70953293337732,847.8387596693176,55.457000000000001
W06000015,Cardiff / Caerdydd,2023,1508.352174208499,1015.950453435693,2524.302627644196,142.548
W06000016,Rhondda Cynon Taf / Rhondda Cynon Taf,2023,1205.139560229946,479.05807539537489,1684.197635625319,107.706
W06000018,Caerphilly / Caerffili,2023,877.40477700305519,256.43706778621652,1133.8418447892759,78.472999999999999
W06000019,Blaenau Gwent / Blaenau Gwent,2023,374.3763630366534,260.772767661074,635.14913069772865,32.055999999999997
W06000020,Torfaen / Torfaen,2023,428.8285085412067,292.39469816922377,721.22320671043087,41.878999999999998
W06000021,Monmouthshire / Sir Fynwy,2023,352.34109014605991,269.05654595237348,621.3976360984293,32.917000000000002
W06000022,Newport / Casnewydd,2023,675.5110062396152,616.9875311326042,1292.49853737222,66.182000000000002
W06000023,Powys / Powys,2023,304.10273974685549,156.285956693553,460.38869644040869,29.507000000000001
W06000024,Merthyr Tydfil / Merthyr Tudful,2023,319.922436837992,178.80766737427771,498.73010421227008,26.622
E06000001,Hartlepool,2024,478.3558417791557,300.15732687676899,778.51316865592412,44.289000000000001
E06000002,Middlesbrough,2024,691.59343363077244,275.77396588167937,967.36739951245136,63.000999999999998
E06000003,Redcar and Cleveland,2024,676.19558063606416,699.99224225285104,1376.187822888915,63.268999999999998
E06000004,Stockton-on-Tees,2024,975.65124171419438,771.97964362257119,1747.6308853367659,87.15
E06000005,Darlington,2024,572.11321969532707,413.78102188588758,985.89424158121369,50.036000000000001
E06000006,Halton,2024,552.47209620077979,497.53930067440251,1050.0113968751821,56.738
E06000007,Warrington,2024,983.41584148252741,1079.369820470409,2062.7856619529362,91.366
E06000008,Blackburn with Darwen,2024,734.05100791628763,342.73542625110088,1076.786434167389,60.972000000000001
E06000009,Blackpool,2024,668.33393355738917,330.37059101087777,998.70452456826649,63.784999999999997
E06000010,"Kingston upon Hull, City of",2024,1154.6712934934251,764.31015193655151,1918.9814454299751,116.45
E06000011,East Riding of Yorkshire,2024,1651.7605031430089,1004.35340491123,2656.1139080542389,143.55199999999999
E06000012,North East Lincolnshire,2024,746.68279031368797,755.43949515198608,1502.122285465676,71.95
E06000013,North Lincolnshire,2024,771.1961099926682,453.89564011052181,1225.09175010319,69.674999999999997
E06000014,York,2024,945.51198505684226,476.84111298073032,1422.353098037574,81.543000000000006
E06000015,Derby,2024,1173.826372852528,638.36671006848894,1812.193082921018,106.72799999999999
E06000016,Leicester,2024,1506.3535491976399,1124.151563089865,2630.5051122875029,121.286
E06000017,Rutland,2024,189.28170098741771,130.57895020230399,319.86065118972152,14.646000000000001
E06000018,Nottingham,2024,1296.732146011326,864.97150811091672,2161.7036541222478,118.813
E06000019,"Herefordshire, County of",2024,556.54571766068227,442.52605836518148,999.07177602586455,55.92
E06000020,Telford and Wrekin,2024,810.51021699548778,557.25817654300431,1367.768393538493,80.114000000000004
E06000021,Stoke-on-Trent,2024,1207.430207247334,751.40052549335087,1958.8307327406831,112.16500000000001
E06000022,Bath and North East Somerset,2024,813.33107246978386,282.17524148291312,1095.506313952696,72.052000000000007
E06000023,"Bristol, City of",2024,1725.875943712201,767.25686722955538,2493.1328109417541,174.529
E06000024,North Somerset,2024,890.00521667531575,559.75567170575835,1449.7608883810749,88.072000000000003
E06000025,South Gloucestershire,2024,1096.597724277575,528.18510678915584,1624.7828310667289,111.786
E06000026,Plymouth,2024,889.10747633887399,460.7203714919807,1349.827847830853,111.71899999999999
E06000027,Torbay,2024,545.24326743813492,220.3370249051319,765.58029234326636,57.640999999999998
E06000030,Swindon,2024,950.36828704019456,326.72577303758032,1277.0940600777731,91.486999999999995
E06000031,Peterborough,2024,856.76467415886611,427.9786054109785,1284.7432795698439,82.013999999999996
E06000032,Luton,2024,905.91718268585646,302.84644548487512,1208.763628170731,72.515000000000001
E06000033,Southend-on-Sea,2024,884.51298672000894,172.4548698757925,1056.967856595802,73.97
E06000034,Thurrock,2024,645.74665477346127,541.62731538202218,1187.373970155483,60.658000000000001
E06000035,Medway,2024,1145.241701236024,422.69464880946128,1567.9363500454861,110.648
E06000036,Bracknell Forest,2024,556.20252398271271,197.4409870463038,753.64351102901628,48.232999999999997
E06000037,West Berkshire,2024,588.91030435088919,384.09729373918788,973.00759809007661,48.945999999999998
E06000038,Reading,2024,686.97737698560354,333.3093511903017,1020.286728175903,59.851999999999997
E06000039,Slough,2024,546.98628916056055,271.66944600892799,818.65573516948871,46.637999999999998
E06000040,Windsor and Maidenhead,2024,810.24605113469192,239.30454762806019,1049.5505987627521,57.351999999999997
E06000041,Wokingham,2024,892.74196152432546,174.41901373461599,1067.1609752589411,68.289000000000001
E06000042,Milton Keynes,2024,1235.82040335293,577.07085331124927,1812.891256664175,112.941
E06000043,Brighton and Hove,2024,1136.974370645954,382.27397073995701,1519.248341385912,110.797
E06000044,Portsmouth,2024,747.35440038498939,439.45548124067989,1186.8098816256711,79.841999999999999
E06000045,Southampton,2024,792.54722850188296,422.22289598661979,1214.770124488505,81.290000000000006
E06000046,Isle of Wight,2024,558.97793739438293,404.95637828731179,963.93431568169581,58.902999999999999
E06000047,County Durham,2024,2745.0796455490231,1028.626809459739,3773.706455008763,236.80600000000001
E06000049,Cheshire East,2024,2001.3905919398301,1380.8856671192491,3382.2762590590792,166.97200000000001
E06000050,Cheshire West and Chester,2024,1601.492938512768,805.18614352223847,2406.6790820350061,147.71299999999999
E06000051,Shropshire,2024,1041.1647904293091,792.61643166542854,1833.781222094739,100.577
E06000052,Cornwall,2024,1279.102282120911,771.83744025295732,2050.9397223738702,150.12
E06000053,Isles of Scilly,2024,0,0,0,0
E06000054,Wiltshire,2024,1687.1139139579129,970.69662943551384,2657.8105433934279,161.739
E06000055,Bedford,2024,768.00426683566354,298.75603603434303,1066.7603028700071,67.578999999999994
E06000056,Central Bedfordshire,2024,1324.165015873521,454.72304061945403,1778.8880564929759,118.241
E06000057,Northumberland,2024,1540.669638513496,835.83208019468452,2376.5017187081812,132.256
E06000058,"Bournemouth, Christchurch and Poole",2024,1688.779048663944,508.35433102633118,2197.1333796902768,162.12200000000001
E06000059,Dorset,2024,1471.415954977909,558.59073880558628,2030.006693783492,143.23599999999999
E06000060,Buckinghamshire,2024,2750.9247542616149,802.90115322208544,3553.8259074837019,198.01400000000001
E06000061,North Northamptonshire,2024,1628.6399887606899,1084.851826062999,2713.4918148236889,148.88399999999999
E06000062,West Northamptonshire,2024,1783.6204506724489,830.60328865597478,2614.223739328419,158.636
E06000063,Cumberland,2024,1301.817865008215,1172.8123301341409,2474.6301951423538,116.544
E06000064,Westmorland and Furness,2024,967.96285472240686,1240.7933911244111,2208.7562458468169,87.747
E06000065,North Yorkshire,2024,2665.818112435446,3156.97900051033,5822.797112945771,227.107
E06000066,Somerset,2024,1808.4132911711019,939.87930005418843,2748.2925912252922,190.36699999999999
E07000008,Cambridge,2024,548.15722574735605,506.38160165063948,1054.5388273979961,48.252000000000002
E07000009,East Cambridgeshire,2024,313.25319013449638,222.30965720934429,535.56284734384087,28.791
E07000010,Fenland,2024,395.12836421160819,590.3933853937566,985.52174960536502,36.831000000000003
E07000011,Huntingdonshire,2024,762.90010577775911,253.42290033531609,1016.323006113074,70.209999999999994
E07000012,South Cambridgeshire,2024,614.29583945812283,384.27681184437341,998.57265130249596,53.12
E07000032,Amber Valley,2024,652.2636462306823,336.63823926099059,988.9018854916726,57.548000000000002
E07000033,Bolsover,2024,400.51565481951621,290.81984984708907,691.33550466660563,36.869
E07000034,Chesterfield,2024,519.99058442552644,279.07505595321737,799.06564037874375,49.222999999999999
E07000035,Derbyshire Dales,2024,358.25044905870999,283.57676504360637,641.82721410231568,27.802
E07000036,Erewash,2024,549.37832794162637,205.92812942357389,755.30645736519989,50.465000000000003
E07000037,High Peak,2024,496.59825484786808,1125.9292018936369,1622.5274567415049,40.723999999999997
E07000038,North East Derbyshire,2024,544.08949567445541,154.43295307143629,698.5224487458911,46.823999999999998
E07000039,South Derbyshire,2024,497.3402411554415,328.79506775224291,826.13530890768413,46.505000000000003
E07000040,East Devon,2024,506.89380334694698,145.2482848408801,652.14208818782811,51.392000000000003
E07000041,Exeter,2024,443.01103970142123,328.08158573321907,771.09262543463922,49.634
E07000042,Mid Devon,2024,203.2094593562509,197.9108345570632,401.12029391331407,22.661000000000001
E07000043,North Devon,2024,320.56088790371382,105.03328928476429,425.59417718847789,34.478999999999999
E07000044,South Hams,2024,277.64198543097842,175.72958120874009,453.37156663971871,29.184000000000001
E07000045,Teignbridge,2024,462.91874536287912,133.71993204427409,596.63867740715318,50.210999999999999
E07000046,Torridge,2024,152.8978302874927,24.14101106074904,177.0388413482417,17.48
E07000047,West Devon,2024,151.6091501193728,163.0167589965763,314.6259091159493,15.21
E07000061,Eastbourne,2024,407.60263166959129,172.1889754374042,579.79160710699568,41.851999999999997
E07000062,Hastings,2024,381.28797770885939,93.632540674729711,474.92051838358879,38.347000000000001
E07000063,Lewes,2024,414.39177113498408,70.768785900667098,485.16055703565149,38.78
E07000064,Rother,2024,410.99750017917307,294.9416281489415,705.93912832811475,35.15
E07000065,Wealden,2024,659.18264007737912,98.656097390943287,757.83873746832251,56.003999999999998
E07000066,Basildon,2024,784.21139421826331,323.88439537157973,1108.095789589843,71.959000000000003
E07000067,Braintree,2024,580.09539655536253,198.9645347279054,779.05993128326861,53.514000000000003
E07000068,Brentwood,2024,433.84727922439839,119.9774435515029,553.82472277590068,31.053999999999998
E07000069,Castle Point,2024,442.4285342947681,87.75807922119138,530.18661351595961,36.048999999999999
E07000070,Chelmsford,2024,765.35098859783875,205.9480603484395,971.29904894627737,65.799000000000007
E07000071,Colchester,2024,745.38700234275461,232.41329174828559,977.80029409104179,69.105000000000004
E07000072,Epping Forest,2024,675.38840297539491,396.78837892506101,1072.176781900456,49.725000000000001
E07000073,Harlow,2024,371.70181580115468,263.06398579087568,634.76580159203002,37.253999999999998
E07000074,Maldon,2024,213.8883736268682,68.256742345065476,282.14511597193382,19.341000000000001
E07000075,Rochford,2024,425.49251198422502,50.473796213199371,475.96630819742433,34.875999999999998
E07000076,Tendring,2024,650.53663973358141,171.40335442976931,821.93999416335237,61.948
E07000077,Uttlesford,2024,366.547814554463,100.57501097804639,467.12282553250952,28.747
E07000078,Cheltenham,2024,549.40157253666348,205.57496969346721,754.97654223013126,51.27
E07000079,Cotswold,2024,348.89302876350371,119.3607498562025,468.25377861970571,28.783999999999999
E07000080,Forest of Dean,2024,253.03357765634621,287.90108622032898,540.93466387667536,24.6
E07000081,Gloucester,2024,531.07214514087138,365.99523234967398,897.0673774905448,53.966999999999999
E07000082,Stroud,2024,524.48331907492138,329.10239056149072,853.58570963641228,47.075000000000003
E07000083,Tewkesbury,2024,400.82527379860841,308.76008222921217,709.58535602782013,40.082999999999998
E07000084,Basingstoke and Deane,2024,725.35497924963454,194.75868213564709,920.11366138528172,67.403000000000006
E07000085,East Hampshire,2024,572.29299574243828,97.071892341407391,669.36488808384502,46.637999999999998
E07000086,Eastleigh,2024,574.02962106160089,155.95656136543889,729.98618242704106,56.728999999999999
E07000087,Fareham,2024,496.64279700990869,127.52696431616199,624.16976132607067,47.585000000000001
E07000088,Gosport,2024,288.02779058662679,77.270558060995967,365.29834864762267,32.530999999999999
E07000089,Hart,2024,521.53308152063926,104.54298318392981,626.07606470456938,38.326000000000001
E07000090,Havant,2024,537.63020870822811,73.841825944887304,611.47203465311566,53.215000000000003
E07000091,New Forest,2024,791.73914153340536,178.22535279615551,969.96449432956149,71.319000000000003
E07000092,Rushmoor,2024,416.82325746313018,158.6395106117088,575.46276807483889,38.075000000000003
E07000093,Test Valley,2024,443.269744440691,187.56104826830509,630.83079270899589,43.218000000000004
E07000094,Winchester,2024,534.85446899828116,208.59902458282551,743.4534935811065,46.37
E07000095,Broxbourne,2024,441.13047540969899,81.539648044200419,522.67012345389935,37.423999999999999
E07000096,Dacorum,2024,754.93226029175923,233.55013313759869,988.48239342935824,60.012999999999998
E07000098,Hertsmere,2024,580.90502270031948,222.7313431997031,803.63636590002181,41.42
E07000099,North Hertfordshire,2024,602.04648375153465,243.90505934487689,845.95154309641146,49.845999999999997
E07000102,Three Rivers,2024,522.52755190940229,105.100948577461,627.62850048686278,35.72
E07000103,Watford,2024,435.1070972827269,126.42248516541819,561.52958244814477,35.207000000000001
E07000105,Ashford,2024,474.05195873987412,183.09511256331589,657.1470713031897,45.079000000000001
E07000106,Canterbury,2024,688.01414191589436,198.09705363374451,886.11119554964057,62.420999999999999
E07000107,Dartford,2024,487.44329504511887,215.63513349262681,703.07842853774559,45.9
E07000108,Dover,2024,489.25185061768269,203.74710227742469,692.99895289510732,49.189
E07000109,Gravesham,2024,453.76889350635508,201.29536177101369,655.06425527736826,40.655000000000001
E07000110,Maidstone,2024,726.5686553726631,204.16449853271479,930.73315390537653,66.537999999999997
E07000111,Sevenoaks,2024,591.58658244236562,97.054763948439984,688.64134639080476,42.378999999999998
E07000112,Folkestone and Hythe,2024,453.81499378876771,114.5298015106751,568.34479529944292,44.564
E07000113,Swale,2024,599.26328574273646,505.43918571490372,1104.7024714576401,59.420999999999999
E07000114,Thanet,2024,621.01295753115323,527.87827489715448,1148.8912324283081,62.591999999999999
E07000115,Tonbridge and Malling,2024,594.69239471502783,214.77395947531821,809.46635419034533,51.350999999999999
E07000116,Tunbridge Wells,2024,526.6357162285916,126.275626378301,652.91134260689182,40.622999999999998
E07000117,Burnley,2024,452.23700999273598,238.1405296646694,690.3775396574058,41.206000000000003
E07000118,Chorley,2024,549.19979695008294,263.98383193305398,813.18362888313743,49.85
E07000119,Fylde,2024,430.14326197008091,175.70977789189041,605.85303986197175,36.619999999999997
E07000120,Hyndburn,2024,404.0720088138894,284.06481339936772,688.13682221325746,36.466999999999999
E07000121,Lancaster,2024,603.79777245542812,322.40842029372033,926.20619274914895,56.73
E07000122,Pendle,2024,469.6263395781329,178.50247267267019,648.12881225080332,39.295000000000002
E07000123,Preston,2024,678.06092161307015,443.85008833173339,1121.9110099448019,61.597000000000001
E07000124,Ribble Valley,2024,301.21266549065558,208.49155494568481,509.70422043634039,24.838000000000001
E07000125,Rossendale,2024,380.5751468299502,227.7775680868846,608.35271491683511,31.056000000000001
E07000126,South Ribble,2024,533.7019096107216,310.78629792532968,844.48820753605105,50.277999999999999
E07000127,West Lancashire,2024,533.20992403863124,518.4410819620125,1051.6510060006431,46.476999999999997
E07000128,Wyre,2024,545.49998357086281,335.45412037801538,880.95410394887858,50.192999999999998
E07000129,Blaby,2024,505.74290209960861,177.23162662531311,682.97452872492181,43.213999999999999
E07000130,Charnwood,2024,864.46491927283171,515.29938494795113,1379.7643042207831,75.635999999999996
E07000131,Harborough,2024,474.28429516149879,142.14695548490101,616.43125064639969,38.329000000000001
E07000132,Hinckley and Bosworth,2024,537.65845142289686,245.5146312509483,783.17308267384533,48.067999999999998
E07000133,Melton,2024,235.26226604742041,154.986268851776,390.24853489919627,20.792999999999999
E07000134,North West Leicestershire,2024,501.60232155955259,567.10595584204054,1068.708277401593,43.661999999999999
E07000135,Oadby and Wigston,2024,304.38586969859813,87.15399747613003,391.53986717472822,23.995000000000001
E07000136,Boston,2024,262.23702490643382,96.046844996163188,358.2838699025969,24.661000000000001
E07000137,East Lindsey,2024,458.26032965166547,165.90204200421019,624.1623716558754,43.411999999999999
E07000138,Lincoln,2024,415.37545394952917,329.4534272793349,744.82888122886425,41.728000000000002
E07000139,North Kesteven,2024,446.45002645583901,170.11767521133149,616.56770166717081,42.180999999999997
E07000140,South Holland,2024,353.36556148361149,201.1238021999695,554.48936368358113,32.899000000000001
E07000141,South Kesteven,2024,572.47084379054843,258.44761439494209,830.91845818548984,52.942
E07000142,West Lindsey,2024,390.15609106512431,123.9415747125495,514.09766577767368,35.338999999999999
E07000143,Breckland,2024,366.73668645725053,209.39853283706449,576.13521929431579,37.244
E07000144,Broadland,2024,522.70407274436707,277.88332592221201,800.58739866657868,49.075000000000003
E07000145,Great Yarmouth,2024,323.80277349663322,136.66218001919279,460.4649535158261,34.764000000000003
E07000146,King's Lynn and West Norfolk,2024,397.7728599861648,218.07659718632021,615.84945717248445,38.054000000000002
E07000147,North Norfolk,2024,298.31151469451339,171.38374165291219,469.69525634742541,28.367000000000001
E07000148,Norwich,2024,560.01820910401955,391.77343901121378,951.79164811523412,59.055999999999997
E07000149,South Norfolk,2024,392.34848589076739,228.24344025362581,620.59192614439314,38.877000000000002
E07000170,Ashfield,2024,619.98830153958318,275.52087931879782,895.50918085838055,56.006999999999998
E07000171,Bassetlaw,2024,511.15168737405207,352.1206562423605,863.27234361641285,47.061
E07000172,Broxtowe,2024,572.71780865261076,396.54496851836058,969.26277717097207,49.661000000000001
E07000173,Gedling,2024,622.07743952725627,338.86802350767181,960.94546303492757,52.023000000000003
E07000174,Mansfield,2024,577.67452674975596,163.65063924916251,741.32516599891892,49.954000000000001
E07000175,Newark and Sherwood,2024,563.91904865643232,828.69769294627974,1392.616741602712,49.804000000000002
E07000176,Rushcliffe,2024,648.37174445181699,396.36011035603121,1044.731854807849,51.277999999999999
E07000177,Cherwell,2024,601.69289707552321,352.75884667366029,954.45174374918577,55.055999999999997
E07000178,Oxford,2024,639.45525550802938,654.5750600268882,1294.0303155349161,52.566000000000003
E07000179,South Oxfordshire,2024,677.01827029127583,231.8749201960309,908.8931904873067,54.921999999999997
E07000180,Vale of White Horse,2024,620.40037913859021,236.39508125129271,856.79546038988201,54.225000000000001
E07000181,West Oxfordshire,2024,472.63872145017189,171.04260952916351,643.68133097933503,40.399000000000001
E07000192,Cannock Chase,2024,480.87410458597009,112.30368481608259,593.17778940205278,43.456000000000003
E07000193,East Staffordshire,2024,541.01003897605005,548.9851945970629,1089.995233573113,48.981999999999999
E07000194,Lichfield,2024,535.17158872320636,202.82907389010879,738.0006626133154,44.302
E07000195,Newcastle-under-Lyme,2024,607.1223479436303,437.3136635843523,1044.4360115279819,52.734999999999999
E07000196,South Staffordshire,2024,525.45971974213569,366.74710603116131,892.20682577329683,43.369
E07000197,Stafford,2024,617.7789703656,215.3206109777984,833.09958134339888,54.418999999999997
E07000198,Staffordshire Moorlands,2024,447.93352147641639,444.81288495315312,892.74640642957002,37.243000000000002
E07000199,Tamworth,2024,341.38873329888571,76.066018773370047,417.45475207225559,33.131
E07000200,Babergh,2024,298.40205313141001,119.25735051226511,417.65940364367498,27.908000000000001
E07000202,Ipswich,2024,534.45365831630261,157.57021135953121,692.02386967583368,53.030999999999999
E07000203,Mid Suffolk,2024,231.0570739829256,226.5372004508628,457.59427443378848,24.594000000000001
E07000207,Elmbridge,2024,861.68590148079977,240.417878743209,1102.103780224008,54.389000000000003
E07000208,Epsom and Ewell,2024,426.22236121755981,84.325748558787382,510.54810977634702,30.143999999999998
E07000209,Guildford,2024,737.84458337144213,295.67571665300881,1033.520300024453,54.014000000000003
E07000210,Mole Valley,2024,505.09806734184963,189.56668735163311,694.66475469348279,33.948
E07000211,Reigate and Banstead,2024,809.11665398378966,175.64975222947109,984.76640621326078,58.191000000000003
E07000212,Runnymede,2024,421.21969589007131,209.72065725893549,630.94035314900691,32.189
E07000213,Spelthorne,2024,467.49552705691849,133.19010952071,600.68563657762877,38.412999999999997
E07000214,Surrey Heath,2024,510.07778685885899,127.3690821013418,637.44686896020028,35.121000000000002
E07000215,Tandridge,2024,489.38721918367008,89.779913133674299,579.16713231734434,32.822000000000003
E07000216,Waverley,2024,731.22714352413652,166.93457932488121,898.16172284901825,49.579000000000001
E07000217,Woking,2024,496.06325440327572,119.1870606005279,615.25031500380385,36.168999999999997
E07000218,North Warwickshire,2024,297.28495950356478,330.69201284879313,627.97697235235762,26.114000000000001
E07000219,Nuneaton and Bedworth,2024,615.5839805747878,186.8170070210067,802.40098759579519,58.402000000000001
E07000220,Rugby,2024,534.40426488060552,425.08417317387909,959.48843805448485,46.673999999999999
E07000221,Stratford-on-Avon,2024,517.51675848170817,151.75424074720911,669.27099922891693,46.438000000000002
E07000222,Warwick,2024,687.57942469038198,285.98339239261293,973.56281708299491,59.423999999999999
E07000223,Adur,2024,254.7822752196339,54.600734518105313,309.38300973773948,26.28
E07000224,Arun,2024,740.15520858795344,213.53823675102569,953.69344533898015,69.808000000000007
E07000225,Chichester,2024,481.99331163637612,365.61066735120738,847.60397898758299,43.273000000000003
E07000226,Crawley,2024,451.18735726662987,214.71699032877561,665.90434759540551,43.228999999999999
E07000227,Horsham,2024,592.81251893320984,195.73255174786121,788.54507068107171,51.406999999999996
E07000228,Mid Sussex,2024,706.32771075007008,194.1973123292224,900.52502307929353,59.646999999999998
E07000229,Worthing,2024,453.24150905150162,151.9481988443174,605.18970789581908,44.378
E07000234,Bromsgrove,2024,507.73127127175928,97.171684523851937,604.90295579561109,39.396000000000001
E07000235,Malvern Hills,2024,267.43350961074572,65.467849091455392,332.90135870220109,25.027000000000001
E07000236,Redditch,2024,373.21241450625263,264.90168598596398,638.11410049221661,36.305999999999997
E07000237,Worcester,2024,421.68345145198498,175.05894794101181,596.74239939299696,42.421999999999997
E07000238,Wychavon,2024,494.30314659994337,601.44950666567161,1095.752653265615,46.784999999999997
E07000239,Wyre Forest,2024,437.08421021523748,125.8243473712544,562.90855758649195,41.758000000000003
E07000240,St Albans,2024,817.84896090183611,250.04885875534569,1067.8978196571829,57.347999999999999
E07000241,Welwyn Hatfield,2024,553.83468549740837,220.09534334941159,773.93002884682039,44.692999999999998
E07000242,East Hertfordshire,2024,683.41345434382117,259.63086426747992,943.04431861130161,54.905999999999999
E07000243,Stevenage,2024,359.87549467184681,321.82045549521342,681.69595016706,34.628999999999998
E07000244,East Suffolk,2024,962.5714948528522,467.69115377887078,1430.2626486317249,93.335999999999999
E07000245,West Suffolk,2024,577.25024385338236,1696.985389907705,2274.2356337610868,56.72
E08000001,Bolton,2024,1376.9991979559841,526.36905187318121,1903.3682498291689,119.79600000000001
E08000002,Bury,2024,952.36866625298592,300.43590867640148,1252.8045749293869,80.64
E08000003,Manchester,2024,1962.456980054171,1438.6121106835881,3401.069090737753,185.76900000000001
E08000004,Oldham,2024,1081.5661481031859,450.82325675482417,1532.3894048580109,93.787000000000006
E08000005,Rochdale,2024,1024.993027382134,395.49948683432598,1420.492514216457,92.438000000000002
E08000006,Salford,2024,1059.5867730564239,629.4094815863923,1688.9962546428169,99.787000000000006
E08000007,Stockport,2024,1512.8920679147291,647.70962064596313,2160.6016885606919,122.34399999999999
E08000008,Tameside,2024,1056.9899354560471,407.49522165505232,1464.485157111096,99.893000000000001
E08000009,Trafford,2024,1199.383630628045,1270.236406722692,2469.6200373507359,93.474000000000004
E08000010,Wigan,2024,1461.289886988468,690.65966192584256,2151.9495489143128,145.96299999999999
E08000011,Knowsley,2024,657.95045540444369,630.67370075429653,1288.624156158739,68.835999999999999
E08000012,Liverpool,2024,2033.319427117141,1517.03458402674,3550.3540111438861,199.92500000000001
E08000013,St. Helens,2024,834.19077471333776,1039.4557415716581,1873.6465162849961,82.777000000000001
E08000014,Sefton,2024,1358.651812514172,1144.2606354918801,2502.9124480060491,122.358
E08000015,Wirral,2024,1576.280179380645,762.69775795960402,2338.9779373402462,142.911
E08000017,Doncaster,2024,1474.528152657758,743.81683489997954,2218.3449875577389,136.23400000000001
E08000018,Rotherham,2024,1278.9294054208631,838.04104076100282,2116.9704461818628,117.77200000000001
E08000021,Newcastle upon Tyne,2024,1437.2879170612571,994.90143018689253,2432.189347248147,118.616
E08000022,North Tyneside,2024,1104.528709898862,523.95716076853171,1628.4858706673931,97.241
E08000023,South Tyneside,2024,755.41557102829461,181.40714634405481,936.82271737235033,70.802999999999997
E08000024,Sunderland,2024,1456.120945422105,628.89491846094063,2085.0158638830471,127.62
E08000025,Birmingham,2024,4928.6978146517222,2894.137310830984,7822.8351254827057,392.34
E08000026,Coventry,2024,1467.6800462807571,798.40251725145106,2266.082563532208,133.21299999999999
E08000027,Dudley,2024,1510.078412662351,496.68055308562879,2006.7589657479789,134.45099999999999
E08000028,Sandwell,2024,1438.5725632508279,769.29260680706409,2207.8651700578889,126.879
E08000029,Solihull,2024,1113.892730141629,649.38843359223415,1763.281163733858,87.286000000000001
E08000030,Walsall,2024,1282.750816417614,482.19629388345658,1764.947110301069,110.02
E08000031,Wolverhampton,2024,1210.4878822460789,611.85594448670213,1822.3438267327799,101.78
E08000032,Bradford,2024,2655.6279023318179,1436.3312471807201,4091.9591495125342,205.09899999999999
E08000033,Calderdale,2024,1083.0022637600489,396.77171688335312,1479.7739806433999,88.927999999999997
E08000034,Kirklees,2024,2217.7676018534462,999.50771784971232,3217.2753197031579,180.316
E08000035,Leeds,2024,3756.757871151834,1819.397440545896,5576.1553116977193,321.39699999999999
E08000036,Wakefield,2024,1664.4410440571769,1426.5736287128011,3091.0146727699839,155.93
E08000037,Gateshead,2024,1038.160201396192,538.02931144021727,1576.189512836411,89.906999999999996
E08000038,Barnsley,2024,1172.668498118426,931.88849917248228,2104.5569972909111,109.804
E08000039,Sheffield,2024,2633.0231504502399,1430.8973835454269,4063.9205339956611,224.923
E09000001,City of London,2024,24.413532145680382,648.52585899113478,672.93939113681495,2.782
E09000002,Barking and Dagenham,2024,696.04840787936155,245.46484947965951,941.51325735902094,65.921999999999997
E09000003,Barnet,2024,1948.9703900483189,479.05547228176579,2428.0258623300861,130.68600000000001
E09000004,Bexley,2024,1076.5236075992941,657.30939203309651,1733.8329996323901,90.453000000000003
E09000005,Brent,2024,1368.928998015826,600.63779893578101,1969.566796951608,102.47199999999999
E09000006,Bromley,2024,1789.3195582462511,317.72731518417987,2107.04687343043,132.23500000000001
E09000007,Camden,2024,849.19568205603628,1275.000705196531,2124.1963872525671,77.858000000000004
E09000008,Croydon,2024,1830.1528373590199,411.18424664829581,2241.3370840073148,143.74199999999999
E09000009,Ealing,2024,1481.729195522754,596.90502272702747,2078.634218249781,119.82299999999999
E09000010,Enfield,2024,1406.3723988742629,538.79121717395503,1945.163616048221,109.294
E09000011,Greenwich,2024,1010.196436891072,489.44853389310731,1499.644970784178,92.825000000000003
E09000012,Hackney,2024,867.38596903316034,346.25261566918192,1213.638584702343,91.25
E09000013,Hammersmith and Fulham,2024,776.87767144685358,550.76026420361109,1327.637935650464,74.191999999999993
E09000014,Haringey,2024,1114.0492326352171,330.43192604567412,1444.4811586808919,95.597999999999999
E09000015,Harrow,2024,1272.901996225736,204.8504233223687,1477.752419548106,84.602999999999994
E09000016,Havering,2024,1191.4682752415929,209.89117459212619,1401.359449833717,98.731999999999999
E09000017,Hillingdon,2024,1302.192965906137,617.42819563880289,1919.6211615449431,100.38
E09000018,Hounslow,2024,1051.3416395694869,498.17769945402063,1549.519339023509,85.257000000000005
E09000019,Islington,2024,791.70352701702257,557.46552367014829,1349.169050687171,86.26
E09000020,Kensington and Chelsea,2024,795.70600564987569,783.58429444560818,1579.290300095483,68.216999999999999
E09000021,Kingston upon Thames,2024,779.9725935131205,217.8561624135601,997.82875592667904,61.088999999999999
E09000022,Lambeth,2024,1206.042118282892,767.45780220614279,1973.499920489038,119.32599999999999
E09000023,Lewisham,2024,1171.6157945268039,358.59837381836218,1530.214168345168,109.753
E09000024,Merton,2024,946.58741372353552,263.82852881234783,1210.415942535883,77.647000000000006
E09000025,Newham,2024,985.71020105255059,1041.985346670147,2027.6955477226959,92.938999999999993
E09000026,Redbridge,2024,1300.7620042910621,203.9853674005698,1504.747371691629,95.47
E09000027,Richmond upon Thames,2024,1043.6792704793561,256.3652054681848,1300.044475947544,78.433000000000007
E09000028,Southwark,2024,917.17018906112639,823.58524785704446,1740.7554369181689,100.07299999999999
E09000029,Sutton,2024,909.59449936233966,267.75432964347021,1177.348829005809,72.680999999999997
E09000030,Tower Hamlets,2024,634.55082247140467,856.86741762392865,1491.4182400953321,76.450999999999993
E09000031,Waltham Forest,2024,1051.359022760392,305.02929997676063,1356.38832273715,93.814999999999998
E09000032,Wandsworth,2024,1331.4526033393529,632.23611689525876,1963.6887202346129,120.566
E09000033,Westminster,2024,868.94385045958143,2185.350256817891,3054.294107277477,86.192999999999998
S12000005,Clackmannanshire,2024,267.00520335236661,374.78933922042978,641.79454257279588,23.738
S12000006,Dumfries and Galloway,2024,532.35434914628559,523.81168183494106,1056.1660309812271,46.195999999999998
S12000008,East Ayrshire,2024,646.52036267323115,228.26711323491929,874.78747590815021,56.055
S12000010,East Lothian,2024,527.50205648885321,224.57863220698371,752.08068869583747,47.030999999999999
S12000011,East Renfrewshire,2024,574.52248099472229,95.66942809008853,670.19190908481073,38.29
S12000013,Na h-Eileanan Siar,2024,16.763604085552281,6.2893191339528451,23.052923219505129,1.712
S12000014,Falkirk,2024,811.5241846756312,395.37324465823588,1206.8974293338681,70.018000000000001
S12000017,Highland,2024,555.91171080936942,447.4952766908396,1003.4069875002079,47.281999999999996
S12000018,Inverclyde,2024,411.57432618233759,169.786426559072,581.36075274140944,35.332999999999998
S12000019,Midlothian,2024,473.08497960001631,163.5269712200589,636.61195082007487,42.131
S12000020,Moray,2024,391.63622944805257,1232.2368722698311,1623.8731017178841,32.966999999999999
S12000021,North Ayrshire,2024,669.39794652971227,968.5292881947305,1637.927234724443,61.29
S12000023,Orkney Islands,2024,0,0,0,0
S12000026,Scottish Borders,2024,451.37121544738119,248.88116785605649,700.25238330343745,38.814
S12000027,Shetland Islands,2024,0,0,0,0
S12000028,South Ayrshire,2024,577.6468046252927,604.17170812390532,1181.8185127491979,48.991
S12000029,South Lanarkshire,2024,1685.058438887482,478.43384777616302,2163.492286663648,137.30699999999999
S12000030,Stirling,2024,446.06408708797051,615.85524731268515,1061.9193344006551,34.521000000000001
S12000033,Aberdeen City,2024,1196.070132789979,844.69809648502007,2040.768229274998,104.937
S12000034,Aberdeenshire,2024,948.49777001632242,322.07600770523072,1270.5737777215529,71.564999999999998
S12000035,Argyll and Bute,2024,273.7654045564359,106.6915032184635,380.45690777489932,21.251999999999999
S12000036,City of Edinburgh,2024,2486.4241786418361,1574.0317594144369,4060.4559380562691,232.73
S12000038,Renfrewshire,2024,928.52085284203895,527.7499026375292,1456.27075547957,84.866
S12000039,West Dunbartonshire,2024,417.47934663996108,208.38618938000201,625.86553601996343,42.207999999999998
S12000040,West Lothian,2024,972.3937497580107,794.28974469549144,1766.683494453501,81.753
S12000041,Angus,2024,506.05743254359538,294.25726722166331,800.31469976525807,43.161999999999999
S12000042,Dundee City,2024,685.52461259163658,477.01240768653662,1162.537020278173,64.111000000000004
S12000045,East Dunbartonshire,2024,664.59398590450462,107.5305922804274,772.1245781849309,45.930999999999997
S12000047,Fife,2024,1984.4784642612931,1569.525961623096,3554.0044258843918,170.297
S12000048,Perth and Kinross,2024,641.43999157518329,289.16275214576348,930.60274372094511,51.58
S12000049,Glasgow City,2024,2563.475478298697,1894.8257461345861,4458.3012244332931,268.54599999999999
S12000050,North Lanarkshire,2024,1750.479010492217,819.83006538106315,2570.3090758732819,151.083
W06000001,Isle of Anglesey / Ynys Môn,2024,157.02797316547009,101.3894165072272,258.41738967269731,16.783999999999999
W06000002,Gwynedd / Gwynedd,2024,306.13974787501348,165.22086441958231,471.36061229459523,31.372
W06000003,Conwy / Conwy,2024,473.76524669348339,119.8703749940379,593.63562168752117,47.22
W06000004,Denbighshire / Sir Ddinbych,2024,352.63311816501027,157.7571255941838,510.39024375919439,34.988999999999997
W06000005,Flintshire / Sir y Fflint,2024,595.87770221847336,532.23390477817998,1128.1116069966531,58.86
W06000006,Wrexham / Wrecsam,2024,526.28270324470986,1323.954474463927,1850.2371777086371,52.44
W06000008,Ceredigion / Ceredigion,2024,92.052632777276997,55.794874155659251,147.84750693293631,9.1159999999999997
W06000009,Pembrokeshire / Sir Benfro,2024,353.80824783819833,152.76655587890201,506.5748037171,36.743000000000002
W06000010,Carmarthenshire / Sir Gaerfyrddin,2024,558.71523186449951,487.829536652066,1046.5447685165659,54.133000000000003
W06000011,Swansea / Abertawe,2024,1096.16678512213,719.23971945809592,1815.4065045802249,103.351
W06000012,Neath Port Talbot / Castell-nedd Port Talbot,2024,636.73721376758056,326.73545688492192,963.4726706525023,61.997
W06000013,Bridgend / Pen-y-bont ar Ogwr,2024,664.97275830174067,563.67689094593788,1228.649649247679,63.527999999999999
W06000014,Vale of Glamorgan / Bro Morgannwg,2024,576.75308056239089,248.11194336858341,824.86502393097328,55.478999999999999
W06000015,Cardiff / Caerdydd,2024,1488.635578739166,1007.763508885677,2496.3990876248431,142.60900000000001
W06000016,Rhondda Cynon Taf / Rhondda Cynon Taf,2024,1183.1089428130681,444.39987002913068,1627.508812842198,107.98
W06000018,Caerphilly / Caerffili,2024,858.09835378635944,263.2772015329291,1121.3755553192891,78.602000000000004
W06000019,Blaenau Gwent / Blaenau Gwent,2024,367.37973102032959,234.45592107952899,601.83565209985875,32.046999999999997
W06000020,Torfaen / Torfaen,2024,424.25937904957942,285.7066872923366,709.96606634191642,42.009
W06000021,Monmouthshire / Sir Fynwy,2024,352.66194373347548,265.15058451429968,617.81252824777494,33.040999999999997
W06000022,Newport / Casnewydd,2024,671.42727273017454,589.35936536290035,1260.786638093075,66.489999999999995
W06000023,Powys / Powys,2024,301.22055272647299,144.5777087350917,445.79826146156472,29.504999999999999
W06000024,Merthyr Tydfil / Merthyr Tudful,2024,311.92897567566462,171.4945468059843,483.42352248164872,26.631
